STATE,ST_CASE,VEH_NO,VE_FORMS,NUMOCCS,DAY,MONTH,HOUR,MINUTE,HARM_EV,MAN_COLL,UNITTYPE,HIT_RUN,REG_STAT,OWNER,MAKE,MODEL,MAK_MOD,BODY_TYP,MOD_YEAR,VIN,VIN_1,VIN_2,VIN_3,VIN_4,VIN_5,VIN_6,VIN_7,VIN_8,VIN_9,VIN_10,VIN_11,VIN_12,TOW_VEH,VINTYPE,VINMAKE,VINA_MOD,VIN_BT,VINMODYR,VIN_LNGT,VIN_WGT,WGTCD_TR,WHLBS_LG,WHLBS_SH,SER_TR,FUELCODE,MCYCL_DS,CARBUR,CYLINDER,DISPLACE,MCYCL_CY,MCYCL_WT,TIRE_SZE,TON_RAT,TRK_WT,TRKWTVAR,VIN_REST,WHLDRWHL,J_KNIFE,MCARR_I1,MCARR_I2,MCARR_ID,GVWR,V_CONFIG,CARGO_BT,HAZ_INV,HAZ_PLAC,HAZ_ID,HAZ_CNO,HAZ_REL,BUS_USE,SPEC_USE,EMER_USE,TRAV_SP,UNDERIDE,ROLLOVER,ROLINLOC,IMPACT1,DEFORMED,TOWED,M_HARM,VEH_SC1,VEH_SC2,FIRE_EXP,DR_PRES,L_STATE,DR_ZIP,L_STATUS,L_TYPE,CDL_STAT,L_ENDORS,L_COMPL,L_RESTRI,DR_HGT,DR_WGT,PREV_ACC,PREV_SUS,PREV_DWI,PREV_SPD,PREV_OTH,FIRST_MO,FIRST_YR,LAST_MO,LAST_YR,SPEEDREL,DR_SF1,DR_SF2,DR_SF3,DR_SF4,VTRAFWAY,VNUM_LAN,VSPD_LIM,VALIGN,VPROFILE,VPAVETYP,VSURCOND,VTRAFCON,VTCONT_F,P_CRASH1,P_CRASH2,P_CRASH3,PCRASH4,PCRASH5,ACC_TYPE,DEATHS,DR_DRINK
1,10108,2,3,2,9,2,20,59,12,1,1,0,92,0,20,2,20002,4,2000,2G1WH55K9Y91,2,G,1,W,H,5,5,K,9,Y,9,1,0,P,CHEV,IPL,4D,0,17,3466,,0,1110,,G,,F,6,231,,,16R225,,,,,,0,0,000000000,00000000000,0,0,0,1,0,0,0,0,0,0,0,55,0,0,0,6,6,2,12,0,0,0,1,1,35959,0,0,0,0,0,0,63,200,0,0,0,0,0,0,0,0,0,0,0,0,0,0,1,2,55,2,6,2,1,0,0,14,53,1,1,1,25,0,0
1,10108,3,3,3,9,2,20,59,12,1,1,0,1,1,19,20,19020,6,2004,1GYDE63A9401,1,G,Y,D,E,6,3,A,9,4,0,1,0,P,CADI,SRX,UT,4,17,4320,,0,1164,,G,,F,8,280,,,17R235,,,,,,0,0,000000000,00000000000,0,0,0,1,0,0,0,0,0,0,0,55,0,0,0,12,2,1,12,0,0,0,1,1,35960,6,1,0,0,3,0,64,108,0,0,0,0,0,0,0,0,0,0,0,0,0,0,1,2,55,3,5,2,1,0,0,14,62,1,1,1,98,0,0
1,10109,1,2,1,18,2,7,2,12,6,1,0,1,2,49,32,49032,4,2004,1NXBR38E64Z3,1,N,X,B,R,3,8,E,6,4,Z,3,0,P,TOYT,UCS,4D,4,17,2502,,0,1024,,G,,F,4,109,,,15R185,,,,,,0,0,000000000,00000000000,0,0,0,1,0,0,0,0,0,0,0,999,0,0,0,9,6,2,12,0,0,0,1,1,36608,0,0,0,0,0,0,68,150,0,0,0,0,0,0,0,0,0,0,39,0,0,0,1,2,45,2,6,2,2,3,3,14,17,1,1,1,89,1,1
1,10109,2,2,1,18,2,7,2,12,6,1,0,1,3,86,881,86881,63,2007,1M2AL02C07M0,1,M,2,A,L,0,2,C,0,7,M,0,0,T,MACK,CT7,CC,7,17,,8,0,0,700,D,,,6,728,,,,,00000,00,,64,0,57,1413667,571413667,3,2,7,1,0,0,0,0,0,0,0,45,7,0,0,12,6,2,12,0,0,0,1,12,36609,6,1,0,0,3,1,70,999,0,2,0,0,0,12,2010,12,2010,0,0,0,0,0,1,2,45,1,1,2,2,3,3,1,66,1,1,1,88,0,0
1,10110,1,3,1,21,2,6,49,12,6,1,0,1,3,14,6,14006,4,2001,2MEFM75W61X6,2,M,E,F,M,7,5,W,6,1,X,6,0,P,MERC,MGL,4D,1,17,3948,,0,1147,,G,,F,8,281,,,16R225,,,,,,0,0,000000000,00000000000,0,0,0,1,0,0,0,0,0,0,0,55,0,0,0,3,6,2,12,0,0,0,1,47,38477,6,1,0,0,3,0,73,245,0,0,0,0,0,0,0,0,0,1,28,58,0,0,1,2,55,2,3,2,2,0,0,14,6,6,4,2,64,1,0
1,10110,2,3,1,21,2,6,49,12,6,1,0,1,1,12,481,12481,31,2004,1FTRW12WX4KA,1,F,T,R,W,1,2,W,X,4,K,A,0,T,FORD,F1S,CW,4,17,,2,1450,1260,COF,G,,,8,281,,,,B,5270,00,U,42,0,0,000000000,00000000000,0,0,0,1,0,0,0,0,0,0,0,50,0,0,0,12,6,2,12,0,0,0,1,1,35771,6,1,0,0,3,0,71,215,0,0,0,0,0,0,0,0,0,0,0,0,0,0,1,2,55,1,6,2,2,0,0,1,62,99,1,1,65,0,0
1,10110,3,3,1,21,2,6,49,12,6,1,0,1,1,41,37,41037,4,1999,1YVGF22D0X58,1,Y,V,G,F,2,2,D,0,X,5,8,0,P,MAZD,U6X,4D,99,17,2987,,0,1051,,G,,F,6,152,,,15R205,,,,,,0,0,000000000,00000000000,0,0,0,1,0,0,0,0,0,0,0,50,0,0,0,12,6,2,12,0,0,0,1,1,35771,6,1,0,0,3,0,58,115,0,0,0,0,0,0,0,0,0,0,26,0,0,0,1,2,55,1,6,2,2,0,0,1,52,1,1,1,98,0,0
1,10111,1,1,1,22,2,13,20,17,0,1,0,1,2,12,3,12003,1,2003,1FAFP45X03F3,1,F,A,F,P,4,5,X,0,3,F,3,0,P,FORD,MGT,CV,3,17,3254,,0,1013,,G,,F,8,281,,,17R245,,,,,,0,0,000000000,00000000000,0,0,0,1,0,0,0,0,0,0,0,70,0,1,5,12,6,2,1,0,0,0,1,1,35803,6,1,0,0,3,1,67,130,0,0,0,0,0,0,0,0,0,1,89,0,0,0,1,2,45,1,6,2,1,0,0,6,6,6,4,4,7,1,1
1,10112,1,1,2,26,2,16,40,30,0,1,0,1,3,2,404,2404,14,1999,1J4G258S5XC5,1,J,4,G,2,5,8,S,5,X,C,5,0,T,JEEP,LRO,4W,99,17,,1,0,1059,GCK,G,,,6,242,,,,,3632,00,E,42,0,0,000000000,00000000000,0,0,0,1,0,0,0,0,0,0,0,999,0,0,0,12,6,2,30,0,0,0,1,1,36105,6,1,0,0,3,0,74,200,0,1,0,0,0,3,2009,3,2009,9,0,0,0,0,1,2,35,1,6,2,1,0,0,1,13,1,1,4,1,1,1
1,10113,1,2,1,26,2,0,40,12,2,1,0,1,1,20,421,20421,15,2005,1GNEC13T25J1,1,G,N,E,C,1,3,T,2,5,J,1,0,P,CHEV,CTA,UT,5,17,4975,,0,1160,,G,,F,8,325,,,16R265,,,,,,0,0,000000000,00000000000,0,0,0,1,0,0,0,0,0,0,0,999,0,1,5,12,6,2,12,0,0,0,1,1,35034,6,1,0,0,3,0,70,225,0,2,0,2,0,9,2009,2,2010,0,28,0,0,0,1,2,55,1,1,2,1,0,0,1,10,1,1,2,50,1,0
1,10113,2,2,2,26,2,0,40,12,2,1,0,1,2,12,16,12016,4,1996,2FALP71W0TX1,2,F,A,L,P,7,1,W,0,T,X,1,0,P,FORD,CVP,4D,96,17,0,,0,1144,,G,,F,8,281,,,000000,,,,,,0,0,000000000,00000000000,0,0,0,1,0,0,0,0,0,0,0,55,0,0,0,12,6,2,12,0,0,0,1,1,36756,6,1,0,0,3,0,72,185,0,0,0,1,0,10,2011,10,2011,0,0,0,0,0,1,2,55,1,1,2,1,0,0,1,62,1,1,1,51,1,0
1,10114,1,1,2,27,2,23,45,53,0,1,0,1,2,35,39,35039,4,1991,JN1HJ01P5MT5,J,N,1,H,J,0,1,P,5,M,T,5,0,P,NISS,MAX,4D,91,17,2980,,0,1043,,G,,F,6,181,,,15R205,,,,,,0,0,000000000,00000000000,0,0,0,1,0,0,0,0,0,0,0,999,0,1,5,12,6,2,42,0,0,0,1,1,36587,1,1,0,0,2,0,74,240,0,1,0,0,0,12,2011,12,2011,0,58,0,0,0,1,2,55,1,5,2,2,0,0,1,13,6,1,4,6,1,0
1,10115,1,2,1,27,2,18,15,12,6,1,0,1,1,51,881,51881,66,2005,4V4NC9TJ35N3,4,V,4,N,C,9,T,J,3,5,N,3,1,T,VOLV,VNL,TR,5,17,,8,0,0,VVN,D,,,6,915,,,,,00000,00,,64,1,57,809626,57809626,3,6,1,1,0,0,0,0,0,0,0,45,0,0,0,12,6,2,12,0,0,0,1,1,35087,6,1,6,0,3,1,73,200,0,0,0,1,0,2,2009,2,2009,0,35,0,0,0,1,2,55,1,1,2,1,0,0,6,61,1,1,1,73,0,0
1,10115,2,2,2,27,2,18,15,12,6,1,0,13,2,12,15,12015,4,1991,2FAPP36X8MB1,2,F,A,P,P,3,6,X,8,M,B,1,0,P,FORD,TGL,4D,91,17,2587,,0,999,,G,,F,4,140,,,14R185,,,,,,0,0,000000000,00000000000,0,0,0,1,0,0,0,0,0,0,0,5,0,0,0,9,6,2,12,0,0,0,1,13,30125,6,1,0,0,3,0,64,125,98,0,0,0,1,4,2011,4,2011,0,0,0,0,0,1,2,55,1,1,2,1,0,0,11,15,1,1,1,72,1,0
1,10116,1,1,2,16,2,12,40,59,0,1,0,1,1,18,401,18401,14,2005,3G5DA03E55S5,3,G,5,D,A,0,3,E,5,5,S,5,0,P,BUIC,RZV,UT,5,17,4096,,0,1122,,G,,F,6,207,,,16R215,,,,,,0,0,000000000,00000000000,0,0,0,1,0,0,0,0,0,0,0,999,0,0,0,12,6,2,42,0,0,0,1,1,36606,6,1,0,0,3,1,63,180,1,0,0,0,1,3,2009,9,2009,0,0,0,0,0,3,3,55,1,1,2,2,0,0,1,13,1,1,4,1,1,0
1,10117,1,2,1,27,2,10,4,18,0,1,0,8,4,12,37,12037,4,2010,1FAHP3FN0AW2,1,F,A,H,P,3,F,N,0,A,W,2,0,P,FORD,FSE,4D,10,17,2623,,0,1029,,G,,F,4,122,,,15R195,,,,,,0,0,000000000,00000000000,0,0,0,1,0,0,0,0,0,0,0,999,0,0,0,12,6,2,8,0,0,0,1,17,60521,6,1,0,0,3,0,68,180,0,0,0,0,0,0,0,0,0,0,0,0,0,0,2,2,70,1,1,2,1,98,3,1,12,1,1,4,6,0,0
1,10117,2,2,1,27,2,10,4,18,0,1,0,1,4,98,998,98998,93,2007,000000000000,0,0,0,0,0,0,0,0,0,0,0,0,0,,,,,,,,,,,,,,,,,,,,,,,,,0,88,888888888,88888888888,8,98,96,1,0,0,0,0,0,0,0,998,0,0,0,6,2,3,55,0,0,0,1,1,36527,6,1,0,0,3,0,66,190,0,0,0,0,0,0,0,0,0,0,0,0,0,0,0,0,0,0,0,0,0,98,3,98,61,1,1,1,98,0,0
1,10119,1,2,1,24,2,17,40,12,6,1,0,1,1,37,32,37032,4,2000,JHMCG5679YC0,J,H,M,C,G,5,6,7,9,Y,C,0,0,P,HOND,USE,4D,0,17,3086,,0,1069,,G,,F,4,138,,,15R195,,,,,,0,0,000000000,00000000000,0,0,0,1,0,0,0,0,0,0,0,4,0,0,0,10,6,2,12,0,0,0,1,1,36360,6,1,0,0,3,0,68,160,0,0,0,0,0,0,0,0,0,0,38,0,0,0,1,2,45,1,1,2,1,0,0,11,15,1,1,1,82,1,0
1,10119,2,2,1,24,2,17,40,12,6,1,0,24,3,84,881,84881,66,2011,3HSDJSJR3BN3,3,H,S,D,J,S,J,R,3,B,N,3,1,T,INTL,PRO,TR,11,17,,8,0,0,PRO,D,,,6,793,,,,,00000,00,,64,1,57,132872,57132872,3,6,2,1,0,0,0,0,0,0,0,55,0,0,0,12,6,2,12,0,0,0,1,12,32433,6,1,6,0,3,1,73,999,0,0,0,0,0,0,0,0,0,0,0,0,0,0,1,2,45,1,1,2,1,0,0,1,72,1,1,1,83,0,0
1,10120,1,2,1,27,2,10,25,12,6,1,0,1,2,59,401,59401,14,2001,JTJGF10U6100,J,T,J,G,F,1,0,U,6,1,0,0,0,P,LEXS,RX3,UT,1,17,3715,,0,1031,,G,,F,6,183,,,16R225,,,,,,0,0,000000000,00000000000,0,0,0,1,0,0,0,0,0,0,0,10,0,0,0,11,6,2,12,0,0,0,1,1,35057,6,1,0,0,3,0,66,125,0,0,0,0,0,0,0,0,0,0,38,0,0,0,1,2,45,1,1,2,1,20,3,1,17,1,1,1,89,0,0
1,10120,2,2,3,27,2,10,25,12,6,1,0,1,1,12,37,12037,4,2010,1FAHP3FN3AW2,1,F,A,H,P,3,F,N,3,A,W,2,0,P,FORD,FSE,4D,10,17,2623,,0,1029,,G,,F,4,122,,,15R195,,,,,,0,0,000000000,00000000000,0,0,0,1,0,0,0,0,0,0,0,65,0,0,0,12,6,2,12,0,0,0,1,1,36067,6,1,0,0,3,0,64,115,0,0,0,1,0,9,2010,9,2010,0,0,0,0,0,2,4,65,1,1,2,1,0,0,1,66,1,1,1,88,1,0
1,10121,1,2,1,8,3,21,32,12,2,1,0,1,1,20,403,20403,14,2004,1GNDS13S9424,1,G,N,D,S,1,3,S,9,4,2,4,0,P,CHEV,TRL,UT,4,17,4425,,0,1130,,G,,F,6,256,,,16R245,,,,,,0,0,000000000,00000000000,0,0,0,1,0,0,0,0,0,0,0,47,0,0,0,12,6,2,12,0,0,0,1,1,35674,6,1,0,0,3,0,76,300,1,0,0,2,0,2,2010,7,2011,0,28,0,0,0,1,2,45,1,1,2,2,0,0,1,10,1,1,2,50,0,0
1,10121,2,2,1,8,3,21,32,12,2,1,0,1,1,59,31,59031,4,1992,JT8VK13T2N01,J,T,8,V,K,1,3,T,2,N,0,1,0,P,LEXS,ES3,4D,92,17,3406,,0,1031,,G,,F,6,180,,,15R205,,,,,,0,0,000000000,00000000000,0,0,0,1,0,0,0,0,0,0,0,45,0,0,0,12,6,2,12,0,0,0,1,1,35633,6,1,0,0,3,0,73,220,0,0,0,1,0,1,2012,1,2012,0,0,0,0,0,1,2,45,1,1,2,2,0,0,1,62,1,1,1,51,1,0
1,10122,1,2,3,9,3,22,0,1,0,1,0,1,2,41,441,41441,20,2005,JM3LW28A9505,J,M,3,L,W,2,8,A,9,5,0,5,0,P,MAZD,MWG,SV,5,17,3772,,0,1118,,G,,F,6,181,,,16R215,,,,,,0,0,000000000,00000000000,0,0,0,1,0,0,0,0,0,0,0,65,0,1,3,0,6,2,1,0,0,0,1,1,36360,6,2,0,0,3,0,74,165,0,0,0,0,0,0,0,0,0,0,58,0,0,0,2,4,50,1,6,2,1,0,0,1,12,7,4,4,7,1,0
1,10122,2,2,1,9,3,22,0,1,0,1,0,4,4,41,50,41050,4,2012,1YVHZ8BH7C5M,1,Y,V,H,Z,8,B,H,7,C,5,M,0,P,MAZD,M6I,4D,12,17,3272,,0,1098,,G,,F,4,152,,,16R205,,,,,,0,0,000000000,00000000000,0,0,0,1,0,0,0,0,0,0,0,50,0,0,0,12,6,2,12,0,0,0,1,12,32401,6,1,6,0,3,0,74,999,0,0,0,0,0,0,0,0,0,0,0,0,0,0,2,2,50,1,5,2,1,0,0,1,62,7,1,2,98,0,0
1,10123,1,1,1,13,3,19,3,53,0,1,0,1,1,20,471,20471,30,1998,1GCCS144XW82,1,G,C,C,S,1,4,4,X,W,8,2,0,T,CHEV,S14,PK,98,17,,1,1179,1083,S,G,,,4,133,,,,B,3003,00,,42,0,0,000000000,00000000000,0,0,0,1,0,0,0,0,0,0,0,70,0,1,5,12,6,2,30,0,0,0,1,1,35475,2,1,0,0,2,0,64,135,2,2,1,0,1,7,2010,7,2011,1,0,0,0,0,1,2,55,1,1,2,1,0,0,1,13,1,1,4,1,1,1
1,10124,1,1,1,14,3,0,3,30,0,1,0,1,1,20,481,20481,31,1983,1GCDC14H2DS1,1,G,C,D,C,1,4,H,2,D,S,1,0,T,CHEV,C10,PK,83,17,,1,1315,1175,C10,G,,,8,305,,,,B,3258,03,,42,0,0,000000000,00000000000,0,0,0,1,0,0,0,0,0,0,0,999,0,0,0,12,6,2,30,0,0,0,1,1,36079,6,1,0,0,3,1,71,260,0,0,0,0,0,0,0,0,0,9,0,0,0,0,1,2,35,1,1,2,2,0,0,1,12,1,1,4,6,1,0
1,10125,1,1,3,22,3,20,39,30,0,1,0,1,2,7,472,7472,30,2002,1B7GL32X02S5,1,B,7,G,L,3,2,X,0,2,S,5,0,T,DODG,DSX,PC,2,17,,1,0,1309,DAK,G,,,6,239,,,,B,3538,02,E,42,0,0,000000000,00000000000,0,0,0,1,0,0,0,0,0,0,0,999,0,0,0,11,6,2,30,0,0,0,1,1,35501,1,1,0,0,2,1,67,140,0,1,0,0,0,10,2011,10,2011,1,0,0,0,0,1,2,25,2,6,2,2,0,0,14,13,7,1,4,1,1,0
1,10126,1,2,3,24,3,9,3,12,2,1,0,1,2,37,32,37032,4,2011,1HGCP2F30BA0,1,H,G,C,P,2,F,3,0,B,A,0,0,P,HOND,ULX,4D,11,17,3279,,0,1102,,G,,F,4,146,,,16R215,,,,,,0,0,000000000,00000000000,0,0,0,1,0,0,0,0,0,0,0,25,0,0,0,12,6,2,12,0,0,0,1,1,35072,6,1,0,0,3,0,69,198,0,0,0,0,0,0,0,0,0,0,38,0,0,0,1,2,55,1,1,2,1,0,0,11,15,1,1,1,68,1,0
1,10126,2,2,1,24,3,9,3,12,2,1,0,1,2,7,482,7482,31,2012,1C6RD7LT0CS1,1,C,6,R,D,7,L,T,0,C,S,1,0,T,DODG,SL1,CW,12,17,,2,0,1400,RPC,G,,,8,348,,,,B,5478,00,K,44,0,0,000000000,00000000000,0,0,0,1,0,0,0,0,0,0,0,55,0,0,0,12,6,2,12,0,0,0,1,1,35072,6,1,0,0,3,0,72,175,0,0,0,0,0,0,0,0,0,0,0,0,0,0,1,2,55,1,1,2,1,0,0,1,62,9,1,1,69,0,0
1,10127,1,1,1,19,2,11,37,24,0,1,0,1,1,72,706,72706,80,2006,1HD1JFB176Y0,1,H,D,1,J,F,B,1,7,6,Y,0,0,M,HD,FSF,RS,6,17,,,,,,,1450,,2,,4,719,,,,,,,0,0,000000000,00000000000,0,0,0,1,0,0,0,0,0,0,0,999,0,0,0,11,6,2,24,0,0,0,1,1,35211,6,1,0,0,3,0,71,190,0,0,0,0,0,0,0,0,0,1,89,0,0,0,6,1,35,2,6,2,2,0,0,14,12,1,1,4,6,1,0
1,10128,1,1,1,1,3,0,1,34,0,1,0,12,1,72,706,72706,80,2007,1HD4CR2157K4,1,H,D,4,C,R,2,1,5,7,K,4,0,M,HD,XLL,RS,7,17,,,,,,,883,,2,,4,563,,,,,,,0,0,000000000,00000000000,0,0,0,1,0,0,0,0,0,0,0,60,0,0,0,12,6,2,32,0,0,0,1,12,33763,6,1,0,0,3,0,70,999,0,0,0,0,1,3,2010,3,2010,1,0,0,0,0,1,2,50,1,5,2,2,0,0,1,13,1,1,4,1,1,1
1,10129,1,1,1,2,3,20,0,1,0,1,0,1,2,21,401,21401,14,2000,1GHDT13W0Y23,1,G,H,D,T,1,3,W,0,Y,2,3,0,P,OLDS,BRA,UT,0,17,4068,,0,1070,,G,,F,6,262,,,15R235,,,,,,0,0,000000000,00000000000,0,0,0,1,0,0,0,0,0,0,0,106,0,1,3,0,6,2,1,0,0,0,1,1,36449,6,1,0,0,3,0,68,180,0,0,0,1,0,9,2009,9,2009,1,0,0,0,0,2,2,65,1,6,2,1,0,0,1,12,7,4,4,7,1,1
1,10130,1,2,4,2,3,13,45,53,0,1,0,92,0,41,35,41035,4,1998,JM1BC1415W02,J,M,1,B,C,1,4,1,5,W,0,2,0,P,MAZD,PDS,4D,98,17,2385,,0,1026,,G,,F,4,091,,,13R175,,,,,,0,0,000000000,00000000000,0,0,0,1,0,0,0,0,0,0,0,55,0,0,0,1,6,2,12,0,0,0,1,1,36801,6,1,0,0,3,0,67,135,0,0,0,0,0,0,0,0,0,0,0,0,0,0,1,2,55,1,1,2,1,0,0,1,13,1,1,4,1,1,1
1,10130,2,2,1,2,3,13,45,53,0,1,0,1,3,51,881,51881,66,2007,4V4NC9GH07N4,4,V,4,N,C,9,G,H,0,7,N,4,1,T,VOLV,VNL,TR,7,17,,8,0,0,VVN,D,,,6,732,,,,,00000,00,,64,1,57,159292,57159292,3,6,3,1,0,0,0,0,0,0,0,55,0,0,0,12,6,2,12,0,0,0,1,1,36345,6,1,6,0,3,0,70,210,0,0,0,0,0,0,0,0,0,0,0,0,0,0,1,2,55,1,1,2,1,0,0,1,62,1,1,1,98,0,0
1,10131,1,1,1,2,3,1,33,33,0,1,0,1,1,41,471,41471,30,1998,4F4YR12C7WTM,4,F,4,Y,R,1,2,C,7,W,T,M,0,T,MAZD,5RC,PK,98,17,,1,0,1116,B25,G,,,4,152,,,,,3146,00,E,42,0,0,000000000,00000000000,0,0,0,1,0,0,0,0,0,0,0,85,0,0,0,98,6,2,33,0,0,0,1,1,35803,6,1,0,0,3,0,67,150,0,0,0,1,0,8,2011,8,2011,1,58,0,0,0,1,2,45,1,1,2,2,0,0,1,6,6,2,4,7,1,1
1,10132,1,1,1,2,3,0,30,32,0,1,0,1,2,12,471,12471,30,2000,1FTYR14CXYTA,1,F,T,Y,R,1,4,C,X,Y,T,A,0,T,FORD,RNS,PC,0,17,,1,0,1257,RNG,G,,,4,153,,,,B,3271,01,U,42,0,0,000000000,00000000000,0,0,0,1,0,0,0,0,0,0,0,55,0,1,5,7,6,2,1,0,0,0,1,1,36426,6,1,0,0,3,1,65,255,0,1,0,2,1,2,2010,7,2011,1,89,0,0,0,1,2,45,2,5,2,1,0,0,14,12,1,1,4,6,1,0
1,10133,1,1,2,4,3,16,50,42,0,1,0,1,2,35,471,35471,30,1997,1N6SD11S8VC3,1,N,6,S,D,1,1,S,8,V,C,3,0,T,NISS,XES,PK,97,17,,1,0,1043,TRK,G,,,4,146,,,,B,2718,01,M,42,0,0,000000000,00000000000,0,0,0,1,0,0,0,0,0,0,0,60,0,0,0,12,6,2,42,0,0,0,1,1,36426,6,1,0,0,3,0,73,223,0,0,0,0,0,0,0,0,0,0,0,0,0,0,1,2,45,1,6,2,1,0,0,1,12,1,1,4,6,1,0
1,10134,1,2,1,4,3,2,25,12,6,1,0,1,2,41,50,41050,4,2003,1YVFP80C935M,1,Y,V,F,P,8,0,C,9,3,5,M,0,P,MAZD,M6I,4D,3,17,3042,,0,1053,,G,,F,4,138,,,16R205,,,,,,0,0,000000000,00000000000,0,0,0,1,0,0,0,0,0,0,0,94,0,0,0,10,6,2,12,0,0,0,1,1,35205,1,1,0,0,2,0,69,141,0,2,0,0,1,4,2010,10,2010,1,0,0,0,0,2,4,45,1,1,2,1,0,0,1,6,6,4,4,64,1,0
1,10134,2,2,1,4,3,2,25,12,6,1,0,17,4,82,881,82881,66,2012,1FUJGLBG6CSB,1,F,U,J,G,L,B,G,6,C,S,B,1,T,FRHT,125,TR,12,17,,8,0,0,CSC,D,,,6,915,,,,,00000,00,,64,1,57,2189553,572189553,3,6,1,1,0,0,0,0,0,0,0,40,0,0,0,12,6,2,12,0,0,0,1,28,38826,6,1,6,0,3,1,71,170,0,0,0,0,0,0,0,0,0,0,0,0,0,0,2,2,45,1,1,2,1,0,0,1,62,1,1,1,65,0,0
1,10135,1,1,2,5,3,21,20,53,0,1,0,1,2,49,40,49040,4,1997,4T1BG22K7VU0,4,T,1,B,G,2,2,K,7,V,U,0,0,P,TOYT,UEX,4D,97,17,2976,,0,1051,,G,,F,4,132,,,14R195,,,,,,0,0,000000000,00000000000,0,0,0,1,0,0,0,0,0,0,0,65,0,0,0,2,6,2,42,0,0,0,1,1,36351,2,1,2,0,2,0,72,130,0,0,0,0,0,0,0,0,0,0,0,0,0,0,1,2,45,3,6,2,1,0,0,14,13,6,2,4,6,1,1
1,10136,1,1,1,6,3,2,15,35,0,1,0,1,2,23,421,23421,15,1999,1GKEK13R0XR9,1,G,K,E,K,1,3,R,0,X,R,9,0,T,GMC,DEN,4W,99,17,,2,0,1175,DEN,G,,,8,350,,,,B,5564,00,E,44,0,0,000000000,00000000000,0,0,0,1,0,0,0,0,0,0,0,75,0,1,5,12,6,2,1,0,0,0,1,48,78022,6,1,0,0,3,0,60,140,0,0,0,0,0,0,0,0,0,0,0,0,0,0,1,2,45,1,3,2,1,0,0,1,12,1,1,4,6,1,1
1,10137,1,2,1,6,3,5,45,12,2,1,0,1,1,20,481,20481,31,1981,1GCDC14D7BF3,1,G,C,D,C,1,4,D,7,B,F,3,0,T,CHEV,C10,PK,81,17,,1,1315,1175,C10,G,,,6,250,,,,B,3348,02,,42,0,0,000000000,00000000000,0,0,0,1,0,0,0,0,0,0,0,65,0,0,0,12,6,2,12,0,0,0,1,1,35760,6,1,0,0,3,0,76,160,0,0,0,1,0,6,2009,6,2009,1,0,0,0,0,1,2,45,3,1,2,1,0,0,14,10,1,1,2,50,1,0
1,10137,2,2,1,6,3,5,45,12,2,1,0,1,3,12,881,12881,61,2000,1FDAF56FXYED,1,F,D,A,F,5,6,F,X,Y,E,D,0,T,FORD,F5D,CB,0,17,,5,2010,1410,DRW,D,,,8,444,,,,,6072,08,E,42,0,88,888888888,88888888888,2,1,97,1,0,0,0,0,0,0,0,45,0,0,0,12,6,2,12,0,0,0,1,1,35763,6,1,6,0,3,0,76,225,1,0,0,0,0,9,2009,9,2009,0,0,0,0,0,1,2,45,3,1,2,1,0,0,14,62,9,1,1,51,0,0
1,10138,1,1,1,7,3,10,10,38,0,1,0,1,2,20,36,20036,2,1999,2G1WW12M0X92,2,G,1,W,W,1,2,M,0,X,9,2,0,P,CHEV,MLS,CP,99,17,3306,,0,1075,,G,,F,6,191,,,15R205,,,,,,0,0,000000000,00000000000,0,0,0,1,0,0,0,0,0,0,0,55,0,1,5,12,6,2,1,0,0,0,1,1,36535,0,0,0,0,0,0,999,999,0,0,0,0,0,0,0,0,0,1,0,0,0,0,1,2,35,1,1,5,1,0,0,1,12,1,1,4,6,1,0
1,10139,1,2,1,7,3,17,0,12,6,1,0,1,1,7,34,7034,3,1987,1B3BA24K9HU0,1,B,3,B,A,2,4,K,9,H,U,0,0,P,DODG,CLE,2H,87,17,1911,,0,937,,G,,2,4,090,,,13R145,,,,,,0,0,000000000,00000000000,0,0,0,1,0,0,0,0,0,0,0,15,0,0,0,9,6,2,12,0,0,0,1,1,35750,6,1,0,0,3,1,73,165,0,0,0,0,0,0,0,0,0,0,38,0,0,0,1,2,40,1,1,2,1,20,3,1,17,1,1,1,89,1,0
1,10139,2,2,1,7,3,17,0,12,6,1,0,1,2,49,401,49401,14,2004,JTEGD20V5400,J,T,E,G,D,2,0,V,5,4,0,0,0,P,TOYT,RV4,UT,4,17,2897,,0,980,,G,,F,4,144,,,16R215,,,,,,0,0,000000000,00000000000,0,0,0,1,0,0,0,0,0,0,0,60,0,0,0,12,6,2,12,0,0,0,1,1,35750,6,1,0,0,3,0,67,200,0,1,1,2,0,12,2009,5,2010,0,0,0,0,0,2,2,60,1,1,2,1,0,0,1,66,1,1,1,88,0,0
1,10140,1,2,2,8,3,17,5,12,1,1,0,92,0,98,998,98998,92,2009,PYS07SU00048,P,Y,S,0,7,S,U,0,0,0,4,8,0,U,,,,9,13,,,,,,,,,,,,,,,,,,,0,0,000000000,00000000000,0,0,0,1,0,0,0,0,0,0,0,25,0,0,0,6,6,2,12,0,0,0,1,1,35761,6,1,0,0,1,0,67,185,0,0,0,0,1,6,2010,6,2010,0,45,0,0,0,2,2,65,1,1,2,2,0,0,1,53,1,1,1,25,1,0
1,10140,2,2,1,8,3,17,5,12,1,1,0,1,1,52,34,52034,4,2000,4A3AA46G1YE1,4,A,3,A,A,4,6,G,1,Y,E,1,0,P,MITS,GES,4D,0,17,3075,,0,1037,,G,,F,4,143,,,15R195,,,,,,0,0,000000000,00000000000,0,0,0,1,0,0,0,0,0,0,0,65,0,0,0,12,6,2,12,0,0,0,1,1,35971,6,1,0,0,3,0,68,120,0,0,0,0,0,0,0,0,0,0,0,0,0,0,2,2,65,1,1,2,2,0,0,1,51,1,1,1,24,0,0