STATE,ST_CASE,VEH_NO,VE_FORMS,NUMOCCS,DAY,MONTH,HOUR,MINUTE,HARM_EV,MAN_COLL,UNITTYPE,HIT_RUN,REG_STAT,OWNER,MAKE,MODEL,MAK_MOD,BODY_TYP,MOD_YEAR,VIN,VIN_1,VIN_2,VIN_3,VIN_4,VIN_5,VIN_6,VIN_7,VIN_8,VIN_9,VIN_10,VIN_11,VIN_12,TOW_VEH,VINTYPE,VINMAKE,VINA_MOD,VIN_BT,VINMODYR,VIN_LNGT,VIN_WGT,WGTCD_TR,WHLBS_LG,WHLBS_SH,SER_TR,FUELCODE,MCYCL_DS,CARBUR,CYLINDER,DISPLACE,MCYCL_CY,MCYCL_WT,TIRE_SZE,TON_RAT,TRK_WT,TRKWTVAR,VIN_REST,WHLDRWHL,J_KNIFE,MCARR_I1,MCARR_I2,MCARR_ID,GVWR,V_CONFIG,CARGO_BT,HAZ_INV,HAZ_PLAC,HAZ_ID,HAZ_CNO,HAZ_REL,BUS_USE,SPEC_USE,EMER_USE,TRAV_SP,UNDERIDE,ROLLOVER,ROLINLOC,IMPACT1,DEFORMED,TOWED,M_HARM,VEH_SC1,VEH_SC2,FIRE_EXP,DR_PRES,L_STATE,DR_ZIP,L_STATUS,L_TYPE,CDL_STAT,L_ENDORS,L_COMPL,L_RESTRI,DR_HGT,DR_WGT,PREV_ACC,PREV_SUS,PREV_DWI,PREV_SPD,PREV_OTH,FIRST_MO,FIRST_YR,LAST_MO,LAST_YR,SPEEDREL,DR_SF1,DR_SF2,DR_SF3,DR_SF4,VTRAFWAY,VNUM_LAN,VSPD_LIM,VALIGN,VPROFILE,VPAVETYP,VSURCOND,VTRAFCON,VTCONT_F,P_CRASH1,P_CRASH2,P_CRASH3,PCRASH4,PCRASH5,ACC_TYPE,DEATHS,DR_DRINK
1,10203,1,1,3,15,4,1,20,8,0,1,0,1,2,24,7,24007,4,2004,1G8AG52F14Z1,1,G,8,A,G,5,2,F,1,4,Z,1,0,P,STRN,SI1,4D,4,17,2755,,0,1032,,G,,F,4,134,,,14R185,,,,,,0,0,000000000,00000000000,0,0,0,1,0,0,0,0,0,0,0,40,0,0,0,12,2,3,8,0,0,0,1,1,36605,6,1,0,0,3,0,70,165,1,0,0,0,0,11,2011,11,2011,0,0,0,0,0,1,2,40,1,1,2,1,0,0,1,80,1,1,1,13,0,0
1,10204,1,3,1,14,4,23,0,12,1,1,0,92,0,76,706,76706,80,2005,JYARN13E55A0,J,Y,A,R,N,1,3,E,5,5,A,0,0,M,YAMA,YFR,RC,5,17,,,,,,,998,,4,,4,379,,,,,,,0,0,000000000,00000000000,0,0,0,1,0,0,0,0,0,0,0,130,0,0,0,12,6,2,12,0,0,0,1,1,36609,6,1,6,0,3,0,72,200,0,0,0,0,0,0,0,0,0,1,8,0,0,0,3,4,55,1,1,2,1,0,0,6,51,1,1,1,24,1,1
1,10204,2,3,1,14,4,23,0,12,1,1,0,92,0,37,706,37706,80,2004,JH2SC57084M0,J,H,2,S,C,5,7,0,8,4,M,0,0,M,HOND,CBS,RC,4,17,,,,,,,998,,4,,4,396,,,,,,,0,0,000000000,00000000000,0,0,0,1,0,0,0,0,0,0,0,120,0,0,0,12,2,3,12,0,0,0,1,1,36605,1,1,0,0,2,0,71,240,0,2,0,1,1,1,2011,1,2012,1,0,0,0,0,3,4,55,1,1,2,1,0,0,1,60,3,1,1,98,0,0
1,10204,3,3,1,14,4,23,0,12,1,1,0,1,2,12,401,12401,14,2001,1FMYU60E11UC,1,F,M,Y,U,6,0,E,1,1,U,C,0,P,FORD,EPR,UT,1,17,3769,,0,1018,,G,,F,6,245,,,15R235,,,,,,0,0,000000000,00000000000,0,0,0,1,0,0,0,0,0,0,0,55,0,0,0,6,6,2,12,0,0,0,1,1,36613,6,1,0,0,3,1,71,170,0,0,0,0,0,0,0,0,0,0,89,0,0,0,3,4,55,1,1,2,1,0,0,1,53,1,1,1,25,0,0
1,10205,1,1,1,26,1,15,0,9,0,1,0,1,2,55,401,55401,14,2001,KM8SC83D61U1,K,M,8,S,C,8,3,D,6,1,U,1,0,P,HYUN,SAN,UT,1,17,3549,,0,1031,,G,,F,6,162,,,16R225,,,,,,0,0,000000000,00000000000,0,0,0,1,0,0,0,0,0,0,0,999,0,0,0,12,6,2,9,0,0,0,1,1,35816,6,1,0,0,3,1,70,175,0,0,0,3,1,10,2009,12,2010,0,0,0,0,0,2,2,35,1,5,2,2,0,0,1,83,1,1,1,13,0,0
1,10206,1,1,1,2,3,21,49,8,0,1,1,99,9,99,999,99999,99,9999,999999999999,9,9,9,9,9,9,9,9,9,9,9,9,0,,,,,,,,,,,,,,,,,,,,,,,,,0,0,000000000,00000000000,0,0,0,1,0,0,0,0,0,0,0,40,0,0,0,12,4,1,8,0,0,0,1,99,99999,9,9,99,9,9,9,999,999,99,99,99,99,99,99,9999,99,9999,0,99,99,99,99,2,2,40,1,1,2,2,0,0,1,80,7,1,1,13,0,0
1,10207,1,1,1,29,3,13,50,42,0,1,0,1,2,7,482,7482,31,1994,1B7HC16Y9RS6,1,B,7,H,C,1,6,Y,9,R,S,6,0,T,DODG,150,PK,94,17,,2,1347,1187,RPC,G,,,8,318,,,,B,3817,01,B,42,0,0,000000000,00000000000,0,0,0,1,0,0,0,0,0,0,0,50,0,1,5,1,6,2,1,0,0,0,1,1,36351,6,1,6,0,3,1,66,200,0,3,0,0,1,5,2009,6,2011,0,89,58,0,0,1,2,45,2,6,2,1,0,0,14,13,6,4,4,7,1,0
1,10208,1,2,1,6,3,16,10,12,6,1,0,1,1,6,52,6052,6,2003,3C4FY48B93T5,3,C,4,F,Y,4,8,B,9,3,T,5,0,P,CHRY,PTC,SV,3,17,3049,,0,1030,,G,,F,4,148,,,15R195,,,,,,0,0,000000000,00000000000,0,0,0,1,0,0,0,0,0,0,0,10,0,0,0,10,6,2,12,0,0,0,1,1,35803,6,1,0,0,3,0,62,110,0,0,0,0,0,0,0,0,0,0,38,0,0,0,1,2,45,1,1,2,1,20,3,1,17,1,1,1,89,1,0
1,10208,2,2,1,6,3,16,10,12,6,1,0,1,1,49,40,49040,4,2005,4T1BF32K65U6,4,T,1,B,F,3,2,K,6,5,U,6,0,P,TOYT,XLL,4D,5,17,3108,,0,1071,,G,,F,6,183,,,15R205,,,,,,0,0,000000000,00000000000,0,0,0,1,0,0,0,0,0,0,0,65,0,0,0,12,6,2,12,0,0,0,1,1,35754,6,1,0,0,3,0,68,130,0,0,0,2,0,7,2010,1,2011,0,0,0,0,0,2,2,65,1,1,2,1,0,0,1,66,1,1,1,88,0,0
1,10209,1,2,1,9,4,16,17,12,8,1,0,92,0,53,705,53705,80,2007,JS1GN7DA1721,J,S,1,G,N,7,D,A,1,7,2,1,0,M,SUZI,G60,RC,7,17,,,,,,,599,,4,,4,354,,,,,,,0,0,000000000,00000000000,0,0,0,1,0,0,0,0,0,0,0,60,0,0,0,3,6,2,12,0,0,0,1,1,35020,6,1,0,0,3,0,69,200,0,0,0,0,0,0,0,0,0,1,99,99,99,99,1,2,40,1,1,2,1,0,0,1,17,99,1,1,99,1,0
1,10209,2,2,1,9,4,16,17,12,8,1,1,99,9,99,999,99999,99,9999,999999999999,9,9,9,9,9,9,9,9,9,9,9,9,0,,,,,,,,,,,,,,,,,,,,,,,,,0,0,000000000,00000000000,0,0,0,1,0,0,0,0,0,0,0,999,0,0,0,3,2,1,12,0,0,0,1,99,99999,9,9,99,9,9,9,999,999,99,99,99,99,99,99,9999,99,9999,9,99,99,99,99,1,2,40,1,1,2,1,20,3,1,68,99,1,1,99,0,0
1,10210,1,1,2,9,4,14,45,32,0,1,0,1,1,63,33,63033,5,2004,KNAFB1610451,K,N,A,F,B,1,6,1,0,4,5,1,0,P,KIA,SSX,4H,4,17,2686,,0,1008,,G,,F,4,109,,,14R185,,,,,,0,0,000000000,00000000000,0,0,0,1,0,0,0,0,0,0,0,75,0,1,5,11,6,2,1,0,0,0,1,1,35620,6,1,0,0,3,0,70,200,0,0,0,0,0,0,0,0,0,1,0,0,0,0,1,2,45,2,3,2,1,0,0,14,13,7,3,4,2,2,0
1,10211,1,1,3,12,4,13,7,34,0,1,0,1,2,21,1,21001,2,1985,1G3GK47Y7FP3,1,G,3,G,K,4,7,Y,7,F,P,3,0,P,OLDS,CSA,CP,85,17,3150,,0,1081,,G,,4,8,307,,,14R195,,,,,,0,0,000000000,00000000000,0,0,0,1,0,0,0,0,0,0,0,80,0,1,5,8,6,2,1,0,0,1,1,1,36502,6,1,0,0,3,0,73,170,0,0,0,0,0,0,0,0,0,1,0,0,0,0,2,2,65,2,1,2,1,0,0,14,12,7,3,4,2,2,1
1,10212,1,2,1,13,4,23,45,12,1,1,0,1,1,23,481,23481,31,2005,2GTEK13T5513,2,G,T,E,K,1,3,T,5,5,1,3,0,T,GMC,NK1,CW,5,17,,2,0,1435,SIE,G,,,8,325,,,,B,5299,00,E,44,0,0,000000000,00000000000,0,0,0,1,0,0,0,0,0,0,0,67,0,0,0,12,6,2,12,0,0,0,1,1,35672,6,1,0,0,3,0,69,235,1,0,0,0,0,2,2012,2,2012,0,38,0,0,0,2,2,65,1,1,2,1,0,0,1,52,1,1,1,28,0,0
1,10212,2,2,3,13,4,23,45,12,1,1,0,1,2,22,20,22020,2,1998,1G2WP1218WF2,1,G,2,W,P,1,2,1,8,W,F,2,0,P,PONT,GTP,CP,98,17,3396,,0,1105,,G,,Z,6,231,,,16R225,,,,,,0,0,000000000,00000000000,0,0,0,1,0,0,0,0,0,0,0,35,0,0,0,6,6,2,12,0,0,0,1,1,35650,6,2,0,0,3,0,73,165,0,0,0,0,0,0,0,0,0,0,0,0,0,0,2,2,65,1,1,2,1,0,0,2,53,10,1,1,31,1,0
1,10213,1,1,2,13,4,18,15,1,0,1,0,1,2,22,18,22018,4,2000,1G2NF52T4YC5,1,G,2,N,F,5,2,T,4,Y,C,5,0,P,PONT,SE1,4D,0,17,3116,,0,1070,,G,,F,4,146,,,15R215,,,,,,0,0,000000000,00000000000,0,0,0,1,0,0,0,0,0,0,0,80,0,1,5,0,6,2,1,0,0,0,1,1,36016,6,1,0,0,3,0,68,174,0,0,0,0,0,0,0,0,0,1,0,0,0,0,1,2,55,2,1,2,1,0,0,14,13,6,3,4,7,1,1
1,10214,1,2,3,14,4,10,44,57,0,1,0,1,1,12,401,12401,14,2001,1FMYU60E91UC,1,F,M,Y,U,6,0,E,9,1,U,C,0,P,FORD,EPR,UT,1,17,3769,,0,1018,,G,,F,6,245,,,15R235,,,,,,0,0,000000000,00000000000,0,0,0,1,0,0,0,0,0,0,0,75,0,1,3,12,6,2,1,0,0,0,1,1,36606,6,1,0,0,3,0,73,200,0,0,0,0,0,0,0,0,0,1,0,0,0,0,3,4,70,1,1,2,1,0,0,1,1,1,2,4,7,1,0
1,10214,2,2,1,14,4,10,44,57,0,1,0,1,1,22,9,22009,3,1999,2G2FV22G3X22,2,G,2,F,V,2,2,G,3,X,2,2,0,P,PONT,FTA,2H,99,17,3455,,0,1011,,G,,F,8,350,,,16R245,,,,,,0,0,000000000,00000000000,0,0,0,1,0,0,0,0,0,0,0,70,0,0,0,11,2,1,54,0,0,0,1,1,36507,6,1,6,0,3,0,70,370,0,0,0,0,0,0,0,0,0,0,0,0,0,0,3,2,70,1,1,2,1,0,0,1,62,1,1,1,98,0,0
1,10215,1,1,1,14,4,18,25,24,0,1,0,1,1,72,706,72706,80,2000,1HD1FRW1XYY6,1,H,D,1,F,R,W,1,X,Y,Y,6,0,M,HD,FCI,RS,0,17,,,,,,,1450,,2,,4,710,,,,,,,0,0,000000000,00000000000,0,0,0,1,0,0,0,0,0,0,0,55,0,0,0,4,2,3,24,0,0,0,1,1,35094,6,1,0,0,3,0,71,180,0,0,0,0,0,0,0,0,0,1,0,0,0,0,1,2,35,3,5,2,1,0,0,14,6,1,4,4,2,1,1
1,10216,1,2,1,15,4,13,55,12,2,1,0,1,1,24,7,24007,4,2006,1G8AJ55F96Z2,1,G,8,A,J,5,5,F,9,6,Z,2,0,P,STRN,SI2,4D,6,17,2802,,0,1035,,G,,F,4,134,,,15R195,,,,,,0,0,000000000,00000000000,0,0,0,1,0,0,0,0,0,0,0,55,0,0,0,12,6,2,12,0,0,0,1,1,39452,6,1,0,0,3,0,67,150,0,0,0,0,0,0,0,0,0,0,28,0,0,0,1,2,55,1,6,2,1,0,0,1,10,1,1,2,50,1,0
1,10216,2,2,2,15,4,13,55,12,2,1,0,40,1,37,441,37441,20,2011,5FNRL5H66BB0,5,F,N,R,L,5,H,6,6,B,B,0,0,P,HOND,UDY,SV,11,17,4483,,0,1181,,G,,F,6,214,,,17R235,,,,,,0,0,000000000,00000000000,0,0,0,1,0,0,0,0,0,0,0,55,0,0,0,12,6,2,12,0,0,0,1,40,73089,6,1,0,0,3,0,72,245,0,0,0,0,0,0,0,0,0,0,0,0,0,0,1,2,55,1,5,2,1,0,0,1,62,1,1,1,51,0,0
1,10217,1,3,4,17,4,17,38,12,1,1,0,1,2,12,3,12003,2,1999,1FAFP4048XF2,1,F,A,F,P,4,0,4,8,X,F,2,0,P,FORD,MUS,CP,99,17,3069,,0,1013,,G,,F,6,232,,,15R205,,,,,,0,0,000000000,00000000000,0,0,0,1,0,0,0,0,0,0,0,999,0,0,0,12,6,2,12,0,0,0,1,1,35504,1,1,0,0,2,0,71,155,0,1,0,2,0,6,2011,4,2012,1,0,0,0,0,1,2,45,1,1,2,2,0,0,1,50,2,1,1,20,0,0
1,10217,2,3,1,17,4,17,38,12,1,1,0,1,1,2,405,2405,14,2004,1J4GK58K74W1,1,J,4,G,K,5,8,K,7,4,W,1,0,T,JEEP,LMD,4W,4,17,,1,0,1043,LIB,G,,,6,226,,,,,3675,00,E,42,0,0,000000000,00000000000,0,0,0,1,0,0,0,0,0,0,0,0,0,0,0,6,6,2,12,0,0,0,1,1,35501,6,1,0,0,3,1,64,180,0,0,0,0,0,0,0,0,0,0,0,0,0,0,1,2,45,1,1,2,2,0,0,5,53,1,1,1,22,1,0
1,10217,3,3,2,17,4,17,38,12,1,1,0,1,1,2,404,2404,14,2007,1J8GS48K37C5,1,J,8,G,S,4,8,K,3,7,C,5,0,T,JEEP,LCF,4W,7,17,,1,0,1095,GCK,G,,,6,226,,,,,4205,00,7,42,0,0,000000000,00000000000,0,0,0,1,0,0,0,0,0,0,0,999,0,0,0,12,6,2,12,0,0,0,1,1,35504,6,1,0,0,3,1,69,160,0,0,0,0,0,0,0,0,0,0,89,0,0,0,1,2,45,1,1,2,2,0,0,1,62,1,1,1,98,0,0
1,10218,1,2,3,17,4,6,37,12,2,1,0,1,1,20,37,20037,4,2005,1G1ND52F65M1,1,G,1,N,D,5,2,F,6,5,M,1,0,P,CHEV,CLA,4D,5,17,3106,,0,1070,,G,,F,4,134,,,15R205,,,,,,0,0,000000000,00000000000,0,0,0,1,0,0,0,0,0,0,0,65,0,0,0,12,6,2,12,0,0,0,1,1,35480,6,1,0,0,3,0,67,209,0,0,0,0,0,0,0,0,0,1,33,0,0,0,1,2,45,3,1,2,1,0,0,6,54,1,1,1,62,1,0
1,10218,2,2,4,17,4,6,37,12,2,1,0,1,1,34,37,34037,4,2000,WBAGH8340YDP,W,B,A,G,H,8,3,4,0,Y,D,P,0,P,BMW,7IL,4D,0,17,4288,,0,1209,,G,,F,8,268,,,16R235,,,,,,0,0,000000000,00000000000,0,0,0,1,0,0,0,0,0,0,0,45,0,0,0,12,6,2,12,0,0,0,1,1,35405,6,1,0,0,3,0,62,165,0,0,0,0,0,0,0,0,0,0,0,0,0,0,1,2,45,2,1,2,1,0,0,14,62,1,1,1,62,0,0
1,10219,1,1,1,17,4,8,15,8,0,1,0,1,1,7,472,7472,30,1995,1B7GL23Y6SS2,1,B,7,G,L,2,3,Y,6,S,S,2,0,T,DODG,DAK,PC,95,17,,1,0,1309,DAK,G,,,8,318,,,,B,3453,00,M,42,0,0,000000000,00000000000,0,0,0,1,0,0,0,0,0,0,0,45,0,0,0,12,2,1,8,0,0,0,1,1,35645,6,1,0,0,3,1,71,200,1,0,0,0,1,8,2009,10,2011,0,0,0,0,0,1,2,55,1,1,2,2,0,0,1,80,1,1,1,13,0,0
1,10220,1,2,2,18,4,8,55,12,2,1,0,1,1,20,9,20009,2,1996,2G1FP22K3T21,2,G,1,F,P,2,2,K,3,T,2,1,0,P,CHEV,C/R,CP,96,17,3306,,0,1011,,G,,F,6,231,,,16R215,,,,,,0,0,000000000,00000000000,0,0,0,1,0,0,0,0,0,0,0,999,0,0,0,12,6,2,12,0,0,0,1,1,35020,6,1,0,0,3,0,67,137,0,0,0,2,0,6,2009,5,2011,0,0,0,0,0,1,2,40,2,1,2,1,0,0,14,10,1,1,2,50,1,0
1,10220,2,2,2,18,4,8,55,12,2,1,0,1,2,23,422,23422,15,2005,1GKEK63U95J2,1,G,K,E,K,6,3,U,9,5,J,2,0,T,GMC,NAL,4W,5,17,,2,0,1160,YUK,G,,,8,366,,,,B,5543,00,4,44,0,0,000000000,00000000000,0,0,0,1,0,0,0,0,0,0,0,35,0,0,0,12,6,2,12,0,0,0,1,1,35007,6,1,0,0,3,1,65,110,0,0,0,0,0,0,0,0,0,0,0,0,0,0,1,2,40,3,1,2,1,0,0,14,62,1,1,1,51,0,0
1,10221,1,2,1,18,4,21,25,12,6,1,0,1,1,12,15,12015,4,1994,1FAPP36X0RK1,1,F,A,P,P,3,6,X,0,R,K,1,0,P,FORD,TGL,4D,94,17,2569,,0,999,,G,,F,4,141,,,14R185,,,,,,0,0,000000000,00000000000,0,0,0,1,0,0,0,0,0,0,0,20,0,0,0,3,6,2,12,0,0,0,1,1,36272,6,1,0,0,3,1,65,150,0,0,0,0,0,0,0,0,0,0,89,38,0,0,1,2,45,1,1,2,1,20,3,1,17,1,1,1,87,1,0
1,10221,2,2,1,18,4,21,25,12,6,1,0,13,3,86,881,86881,66,2005,1M1AJ06YX5N0,1,M,1,A,J,0,6,Y,X,5,N,0,1,T,MACK,CHN,TR,5,17,,8,0,0,600,D,,,6,728,,,,,00000,00,,64,1,57,000177,57000177,3,6,3,1,0,0,0,0,0,0,0,50,0,0,0,12,6,2,12,0,0,0,1,1,35961,6,1,6,0,3,0,70,200,0,0,0,0,0,0,0,0,0,0,0,0,0,0,1,2,55,1,1,2,1,0,0,1,66,1,1,1,86,0,0
1,10222,1,1,1,19,4,21,25,42,0,1,0,1,2,37,32,37032,4,1996,1HGCD5637TA0,1,H,G,C,D,5,6,3,7,T,A,0,0,P,HOND,ULE,4D,96,17,2864,,0,1069,,G,,F,4,132,,,15R185,,,,,,0,0,000000000,00000000000,0,0,0,1,0,0,0,0,0,0,0,55,0,1,5,12,6,2,42,0,0,0,1,1,35633,6,1,0,0,3,0,71,220,0,0,0,1,1,2,2010,5,2010,0,0,0,0,0,1,2,45,1,1,2,1,0,0,1,12,1,1,4,6,1,1
1,10223,1,1,1,19,4,22,20,33,0,1,0,1,1,72,706,72706,80,2008,1HD1JJ5188Y0,1,H,D,1,J,J,5,1,8,8,Y,0,0,M,HD,FCW,RS,8,17,,,,,,,1584,,2,,4,690,,,,,,,0,0,000000000,00000000000,0,0,0,1,0,0,0,0,0,0,0,45,0,0,0,14,2,3,33,0,0,0,1,1,36582,6,1,0,0,3,0,72,125,1,0,0,0,0,6,2009,6,2009,0,0,0,0,0,5,2,40,3,5,2,1,0,0,14,71,3,1,4,1,1,1
1,10224,1,1,1,21,4,6,45,58,0,1,0,1,1,49,40,49040,2,2002,2T1CE22P02C0,2,T,1,C,E,2,2,P,0,2,C,0,0,P,TOYT,CRE,CP,2,17,3075,,0,1051,,G,,F,4,144,,,15R205,,,,,,0,0,000000000,00000000000,0,0,0,1,0,0,0,0,0,0,0,70,0,0,0,12,6,2,42,0,0,0,1,1,36040,1,1,0,0,2,0,67,191,0,0,0,0,0,0,0,0,0,1,0,0,0,0,1,2,45,2,1,2,1,0,0,14,12,1,1,4,6,1,1
1,10225,1,1,2,21,4,3,28,32,0,1,0,1,2,20,9,20009,2,1994,2G1FP22P9R21,2,G,1,F,P,2,2,P,9,R,2,1,0,P,CHEV,Z28,CP,94,17,3424,,0,1011,,G,,F,8,350,,,16R235,,,,,,0,0,000000000,00000000000,0,0,0,1,0,0,0,0,0,0,0,999,0,0,0,12,6,2,59,0,0,0,1,1,36541,2,1,0,0,2,0,64,110,0,0,0,0,0,0,0,0,0,0,89,0,0,0,1,2,30,3,1,2,1,0,0,14,13,1,1,4,1,1,1
1,10226,1,2,1,23,4,13,40,12,2,1,0,19,2,76,706,76706,80,2001,JYARN05E01A0,J,Y,A,R,N,0,5,E,0,1,A,0,0,M,YAMA,YFR,RC,1,17,,,,,,,998,,4,,4,385,,,,,,,0,0,000000000,00000000000,0,0,0,1,0,0,0,0,0,0,0,70,0,0,0,12,6,2,12,0,0,0,1,5,35023,1,1,0,0,2,0,72,245,0,1,0,0,0,6,2011,6,2011,0,28,0,0,0,1,2,40,2,6,2,1,0,0,14,10,1,1,2,50,1,0
1,10226,2,2,1,23,4,13,40,12,2,1,0,1,2,13,1,13001,4,2005,1LNHM82W85Y6,1,L,N,H,M,8,2,W,8,5,Y,6,0,P,LINC,SGL,4D,5,17,4359,,0,1177,,G,,F,8,281,,,17R225,,,,,,0,0,000000000,00000000000,0,0,0,1,0,0,0,0,0,0,0,40,0,0,0,12,6,2,12,0,0,0,1,1,35023,6,1,0,0,3,0,67,190,1,0,0,0,0,12,2010,12,2010,0,89,0,0,0,1,2,40,3,5,2,1,0,0,14,62,7,1,1,51,0,0
1,10227,1,2,1,23,4,15,25,12,1,1,0,1,1,20,481,20481,31,1994,2GCEK19K7R12,2,G,C,E,K,1,9,K,7,R,1,2,0,T,CHEV,GK1,PC,94,17,,2,1555,1415,GM4,G,,,8,350,,,,B,4032,00,,44,0,0,000000000,00000000000,0,0,0,1,0,0,0,0,0,0,0,999,0,0,0,12,6,2,12,0,0,0,1,1,36773,1,1,0,0,2,0,71,160,1,3,0,0,0,7,2009,4,2011,1,0,0,0,0,1,2,55,1,5,2,1,0,0,1,50,1,1,1,20,1,0
1,10227,2,2,18,23,4,15,25,12,1,1,0,1,3,82,981,82981,50,1998,4UZ6CFAA7WC9,4,U,Z,6,C,F,A,A,7,W,C,9,0,T,FRHT,FS6,BU,98,17,,7,0,0,CHA,D,,,6,359,,,,,00000,00,,42,0,88,888888888,88888888888,3,21,22,1,0,0,0,0,1,0,0,0,0,0,0,6,6,2,12,0,0,0,1,1,36701,6,1,6,1,3,0,68,175,0,0,0,0,0,0,0,0,0,0,0,0,0,0,1,2,55,1,5,2,1,0,0,5,53,1,1,1,21,0,0
1,10228,1,1,2,23,4,11,30,42,0,1,0,1,2,35,47,35047,4,1997,1N4BU31D9VC2,1,N,4,B,U,3,1,D,9,V,C,2,0,P,NISS,AGS,4D,97,17,2756,,0,1031,,G,,F,4,146,,,15R205,,,,,,0,0,000000000,00000000000,0,0,0,1,0,0,0,0,0,0,0,55,0,0,0,10,6,2,42,0,0,0,1,1,35578,6,1,0,0,3,0,64,110,0,0,0,0,0,0,0,0,0,0,58,0,0,0,1,2,55,3,1,2,1,0,0,14,13,6,2,4,7,1,0
1,10229,1,1,1,24,4,4,50,42,0,1,0,1,1,12,471,12471,30,2001,1FTYR10U11TA,1,F,T,Y,R,1,0,U,1,1,T,A,0,T,FORD,RNG,PK,1,17,,1,1175,1116,RNG,G,,,6,182,,,,B,3068,01,U,42,0,0,000000000,00000000000,0,0,0,1,0,0,0,0,0,0,0,55,0,1,5,12,6,2,1,0,0,0,1,1,35087,6,1,0,0,3,0,69,160,0,0,0,1,0,2,2012,2,2012,0,89,0,0,0,1,2,55,1,1,2,1,0,0,1,12,1,1,4,6,1,0
1,10230,1,1,1,25,4,5,30,42,0,1,0,1,1,12,481,12481,31,1992,1FTCF15N1NKB,1,F,T,C,F,1,5,N,1,N,K,B,0,T,FORD,F15,PK,92,17,,1,1330,1170,COF,G,,,8,302,,,,B,3843,04,A,42,0,0,000000000,00000000000,0,0,0,1,0,0,0,0,0,0,0,999,0,0,0,12,6,2,42,0,0,0,1,1,35040,6,1,0,0,3,0,69,200,0,0,0,0,0,0,0,0,0,0,0,0,0,0,1,2,45,3,5,2,1,0,0,14,13,1,1,4,1,1,0
1,10231,1,1,1,27,4,21,5,42,0,1,0,1,1,49,471,49471,30,1994,JT4VN13G8R51,J,T,4,V,N,1,3,G,8,R,5,1,0,T,TOYT,EL5,PC,94,17,,1,0,1219,HTP,G,,,6,180,,,,B,3815,00,A,44,0,0,000000000,00000000000,0,0,0,1,0,0,0,0,0,0,0,65,0,0,0,12,6,2,42,0,0,0,1,1,36454,6,1,0,0,3,0,74,156,0,0,0,1,0,3,2012,3,2012,1,0,0,0,0,1,2,45,3,6,2,1,0,0,14,12,7,3,4,2,1,1
1,10232,1,1,1,28,4,17,30,42,0,1,0,1,2,52,471,52471,30,1989,JA7FL24D9KP0,J,A,7,F,L,2,4,D,9,K,P,0,0,T,MITS,MMX,PK,89,17,,1,0,1051,MMX,G,,,4,122,,,,,00000,00,A,42,0,0,000000000,00000000000,0,0,0,1,0,0,0,0,0,0,0,45,0,0,0,12,6,2,42,0,0,0,1,1,35130,6,1,0,0,3,0,62,165,1,0,0,0,0,9,2009,9,2009,0,0,0,0,0,1,2,35,1,6,2,1,0,0,1,13,1,1,4,1,1,0
1,10233,1,1,1,29,4,19,30,42,0,1,0,1,1,2,404,2404,14,2001,1J4GX48S21C5,1,J,4,G,X,4,8,S,2,1,C,5,0,T,JEEP,LRO,4W,1,17,,1,0,1059,GCK,G,,,6,244,,,,,3675,01,E,42,0,0,000000000,00000000000,0,0,0,1,0,0,0,0,0,0,0,70,0,0,0,3,6,2,42,0,0,0,1,1,35460,2,1,0,0,2,0,72,212,0,1,1,0,0,6,2011,7,2011,0,0,0,0,0,1,2,55,1,3,2,1,0,0,1,51,6,4,4,7,1,1
1,10234,1,2,1,29,4,6,22,12,2,1,0,1,1,53,34,53034,4,2005,KL5JD56ZX5K0,K,L,5,J,D,5,6,Z,X,5,K,0,0,P,SUZI,FZS,4D,5,17,2700,,0,1024,,G,,F,4,122,,,15R195,,,,,,0,0,000000000,00000000000,0,0,0,1,0,0,0,0,0,0,0,80,0,0,0,12,6,2,12,0,0,0,1,1,35983,6,1,0,0,3,1,68,133,0,0,0,0,0,0,0,0,0,1,58,0,0,0,1,2,55,3,6,2,1,0,0,14,13,6,2,2,50,0,1
1,10234,2,2,1,29,4,6,22,12,2,1,0,1,1,22,2,22002,4,1997,1G2HX52KXVH2,1,G,2,H,X,5,2,K,X,V,H,2,0,P,PONT,BVS,4D,97,17,3350,,0,1108,,G,,F,6,231,,,15R215,,,,,,0,0,000000000,00000000000,0,0,0,1,0,0,0,0,0,0,0,55,0,0,0,12,6,2,12,0,0,0,1,1,35973,6,1,0,0,3,1,70,275,0,0,0,1,0,9,2009,9,2009,0,89,0,0,0,1,2,55,2,5,2,1,0,0,14,62,1,1,1,51,1,0
1,10235,1,1,1,21,4,1,42,30,0,1,0,1,2,35,47,35047,4,2005,1N4AL11D55C1,1,N,4,A,L,1,1,D,5,5,C,1,0,P,NISS,ASL,4D,5,17,2915,,0,1102,,G,,F,4,153,,,16R215,,,,,,0,0,000000000,00000000000,0,0,0,1,0,0,0,0,0,0,0,999,0,0,0,12,6,2,30,0,0,0,1,1,35748,6,1,0,0,3,0,71,160,1,0,0,1,2,5,2009,12,2010,0,0,0,0,0,1,2,40,1,6,2,1,0,0,1,13,1,1,4,1,1,1
1,10236,1,1,1,22,4,20,0,8,0,1,0,1,1,35,402,35402,14,2000,5N1ED28T6YC6,5,N,1,E,D,2,8,T,6,Y,C,6,0,P,NISS,XTR,UT,0,17,3546,,0,1043,,G,,F,6,201,,,15R235,,,,,,0,0,000000000,00000000000,0,0,0,1,0,0,0,0,0,0,0,999,0,0,0,12,4,3,8,0,0,0,1,1,36264,6,1,0,0,3,0,70,205,0,1,0,0,0,4,2011,4,2011,0,0,0,0,0,1,2,30,1,1,2,1,0,0,1,80,1,1,1,13,0,0