STATE,ST_CASE,VEH_NO,VE_FORMS,NUMOCCS,DAY,MONTH,HOUR,MINUTE,HARM_EV,MAN_COLL,UNITTYPE,HIT_RUN,REG_STAT,OWNER,MAKE,MODEL,MAK_MOD,BODY_TYP,MOD_YEAR,VIN,VIN_1,VIN_2,VIN_3,VIN_4,VIN_5,VIN_6,VIN_7,VIN_8,VIN_9,VIN_10,VIN_11,VIN_12,TOW_VEH,VINTYPE,VINMAKE,VINA_MOD,VIN_BT,VINMODYR,VIN_LNGT,VIN_WGT,WGTCD_TR,WHLBS_LG,WHLBS_SH,SER_TR,FUELCODE,MCYCL_DS,CARBUR,CYLINDER,DISPLACE,MCYCL_CY,MCYCL_WT,TIRE_SZE,TON_RAT,TRK_WT,TRKWTVAR,VIN_REST,WHLDRWHL,J_KNIFE,MCARR_I1,MCARR_I2,MCARR_ID,GVWR,V_CONFIG,CARGO_BT,HAZ_INV,HAZ_PLAC,HAZ_ID,HAZ_CNO,HAZ_REL,BUS_USE,SPEC_USE,EMER_USE,TRAV_SP,UNDERIDE,ROLLOVER,ROLINLOC,IMPACT1,DEFORMED,TOWED,M_HARM,VEH_SC1,VEH_SC2,FIRE_EXP,DR_PRES,L_STATE,DR_ZIP,L_STATUS,L_TYPE,CDL_STAT,L_ENDORS,L_COMPL,L_RESTRI,DR_HGT,DR_WGT,PREV_ACC,PREV_SUS,PREV_DWI,PREV_SPD,PREV_OTH,FIRST_MO,FIRST_YR,LAST_MO,LAST_YR,SPEEDREL,DR_SF1,DR_SF2,DR_SF3,DR_SF4,VTRAFWAY,VNUM_LAN,VSPD_LIM,VALIGN,VPROFILE,VPAVETYP,VSURCOND,VTRAFCON,VTCONT_F,P_CRASH1,P_CRASH2,P_CRASH3,PCRASH4,PCRASH5,ACC_TYPE,DEATHS,DR_DRINK
1,10237,1,1,1,30,4,2,20,1,0,1,0,92,0,53,34,53034,4,2006,KL5JD56ZX6K3,K,L,5,J,D,5,6,Z,X,6,K,3,0,P,SUZI,FZB,4D,6,17,2701,,0,1024,,G,,F,4,122,,,15R195,,,,,,0,0,000000000,00000000000,0,0,0,1,0,0,0,0,0,0,0,70,0,1,5,0,6,2,1,0,0,0,1,1,36611,6,1,0,0,3,0,60,152,2,3,0,0,1,8,2009,10,2011,1,58,0,0,0,1,2,35,3,6,2,1,0,0,14,6,7,3,4,2,1,0
1,10238,1,1,3,28,4,17,52,59,0,1,0,1,1,7,402,7402,14,1998,1B4HS28Y6WF2,1,B,4,H,S,2,8,Y,6,W,F,2,0,P,DODG,DUR,UT,98,17,4349,,0,1159,,G,,F,8,318,,,15R235,,,,,,0,0,000000000,00000000000,0,0,0,1,0,0,0,0,0,0,0,90,0,1,5,10,6,2,1,0,0,0,1,1,35020,6,1,0,0,3,0,72,135,0,0,0,1,1,5,2010,5,2011,1,0,0,0,0,2,2,70,1,1,2,1,0,0,15,6,1,3,4,2,1,1
1,10239,1,1,1,15,4,10,21,59,0,1,0,1,2,35,471,35471,30,1995,1N6SD11S8SC3,1,N,6,S,D,1,1,S,8,S,C,3,0,T,NISS,EXE,PK,95,17,,1,0,1043,TRK,G,,,4,146,,,,B,2728,01,A,42,0,0,000000000,00000000000,0,0,0,1,0,0,0,0,0,0,0,999,0,1,5,12,6,2,35,0,0,0,1,1,35094,6,1,0,0,3,0,62,110,2,0,0,0,0,5,2009,1,2011,0,58,0,0,0,1,2,35,1,1,2,1,0,0,1,13,1,1,4,1,1,0
1,10240,1,2,1,23,4,10,45,12,1,1,0,1,1,55,33,55033,4,2004,KMHWF35H44A9,K,M,H,W,F,3,5,H,4,4,A,9,0,P,HYUN,SGX,4D,4,17,3212,,0,1063,,G,,F,6,162,,,16R205,,,,,,0,0,000000000,00000000000,0,0,0,1,0,0,0,0,0,0,0,65,0,0,0,12,6,2,12,0,0,0,1,1,35750,6,1,0,0,3,1,70,195,1,1,1,0,1,1,2010,3,2011,1,0,0,0,0,2,2,60,1,1,2,1,0,0,1,51,3,1,1,24,1,0
1,10240,2,2,1,23,4,10,45,12,1,1,0,1,2,98,998,98998,92,2000,L06320H44709,L,0,6,3,2,0,H,4,4,7,0,9,1,U,,,,0,14,,,,,,,,,,,,,,,,,,,1,0,000000000,00000000000,0,0,0,1,0,0,0,0,0,0,0,30,0,0,0,6,4,1,12,0,0,0,1,1,35773,6,1,0,0,1,0,74,185,0,1,0,0,1,9,2009,11,2010,0,0,0,0,0,2,2,60,1,1,2,1,0,0,1,53,1,1,1,25,0,0
1,10241,1,1,1,27,4,22,26,1,0,1,0,1,1,35,471,35471,30,1991,1N6SD11S3MC4,1,N,6,S,D,1,1,S,3,M,C,4,0,T,NISS,SWB,PK,91,17,,1,0,1043,TRK,G,,,4,146,,,,B,2714,01,A,42,0,0,000000000,00000000000,0,0,0,1,0,0,0,0,0,0,0,55,0,1,5,0,6,2,42,0,0,0,1,1,36862,6,1,0,0,3,1,71,150,0,0,0,0,0,0,0,0,0,0,58,0,0,0,1,2,55,1,1,2,1,0,0,1,13,6,4,4,7,1,1
1,10242,1,1,1,2,5,12,15,35,0,1,0,1,1,19,22,19022,4,2006,1G6KD57Y06U2,1,G,6,K,D,5,7,Y,0,6,U,2,0,P,CADI,TDS,4D,6,17,4009,,0,1156,,G,,F,8,281,,,17R225,,,,,,0,0,000000000,00000000000,0,0,0,1,0,0,0,0,0,0,0,40,0,0,0,12,6,2,35,0,0,0,1,1,35243,6,1,0,0,3,0,72,165,0,0,0,0,0,0,0,0,0,0,0,0,0,0,2,2,30,1,1,2,1,0,0,1,13,1,1,4,1,1,0
1,10243,1,1,1,3,5,7,12,52,0,1,0,1,1,2,404,2404,14,2001,1J4GX48S11C5,1,J,4,G,X,4,8,S,1,1,C,5,0,T,JEEP,LRO,4W,1,17,,1,0,1059,GCK,G,,,6,244,,,,,3675,01,E,42,0,0,000000000,00000000000,0,0,0,1,0,0,0,0,0,0,0,80,0,1,5,9,6,2,52,0,0,0,1,1,36526,6,1,0,0,3,0,69,240,1,2,0,6,2,7,2009,8,2011,1,89,0,0,0,6,2,55,2,6,2,2,0,0,14,5,1,3,4,2,1,0
1,10244,1,1,3,5,5,20,7,8,0,1,0,1,2,49,32,49032,4,2011,JTDBU4EE2B91,J,T,D,B,U,4,E,E,2,B,9,1,0,P,TOYT,CBS,4D,11,17,2734,,0,1024,,G,,F,4,110,,,15R195,,,,,,0,0,000000000,00000000000,0,0,0,1,0,0,0,0,0,0,0,30,0,0,0,12,2,1,8,0,0,0,1,1,35473,6,1,0,0,3,1,71,210,0,0,0,0,0,0,0,0,0,0,0,0,0,0,1,2,35,1,1,2,1,0,0,1,80,1,1,1,13,0,0
1,10245,1,2,2,7,5,8,0,12,6,1,0,1,3,35,50,35050,4,2012,3N1CN7AP2CL8,3,N,1,C,N,7,A,P,2,C,L,8,0,P,NISS,VVS,4D,12,17,2350,,0,1024,,G,,F,4,098,,,15R185,,,,,,0,0,000000000,00000000000,0,0,0,1,0,0,0,0,0,0,0,999,0,0,0,3,6,2,12,0,0,0,1,11,20020,6,1,0,0,3,0,64,262,0,0,0,0,0,0,0,0,0,0,38,0,0,0,1,2,35,1,1,2,1,20,3,1,17,1,1,1,87,1,0
1,10245,2,2,1,7,5,8,0,12,6,1,0,1,1,7,880,7880,67,2004,3D7MU48CX4G1,3,D,7,M,U,4,8,C,X,4,G,1,0,T,DODG,SQ3,CW,4,17,,3,0,1600,RPC,D,,,6,359,,,,D,6751,00,E,44,0,88,888888888,88888888888,2,1,97,1,0,0,0,0,0,0,0,55,0,1,5,12,6,2,12,0,0,0,1,1,35040,6,1,6,0,3,1,76,240,2,0,0,0,0,7,2009,8,2010,0,0,0,0,0,2,2,55,1,5,2,1,0,0,1,66,1,1,1,86,0,0
1,10246,1,1,1,11,5,21,10,34,0,1,0,1,1,20,431,20431,16,1995,1GNEC16K1SJ3,1,G,N,E,C,1,6,K,1,S,J,3,0,P,CHEV,C15,UT,95,17,4691,,0,1315,,G,,F,8,350,,,15R235,,,,,,0,0,000000000,00000000000,0,0,0,1,0,0,0,0,0,0,0,50,0,0,0,1,6,2,42,0,0,0,1,1,36078,6,1,0,0,3,0,67,200,0,0,0,1,0,8,2009,8,2009,1,0,0,0,0,1,2,25,1,1,2,1,0,0,1,13,1,1,4,1,1,0
1,10247,1,1,1,12,5,23,34,8,0,1,0,1,2,20,443,20443,20,2005,1GNDV03E65D1,1,G,N,D,V,0,3,E,6,5,D,1,0,T,CHEV,VTR,ES,5,17,,1,0,1200,VTR,G,,,6,207,,,,,3838,00,,42,0,0,000000000,00000000000,0,0,0,1,0,0,0,0,0,0,0,45,0,0,0,12,4,1,8,0,0,0,1,1,35620,6,1,0,0,3,1,74,290,0,0,0,1,0,8,2009,8,2009,0,89,0,0,0,1,2,45,1,1,2,2,0,0,1,80,1,1,1,13,0,0
1,10248,1,1,1,12,5,3,0,30,0,1,0,1,2,49,471,49471,30,1995,JT4RN93P7S51,J,T,4,R,N,9,3,P,7,S,5,1,0,T,TOYT,XLX,PC,95,17,,1,0,1219,HTP,G,,,4,144,,,,B,2970,00,A,42,0,0,000000000,00000000000,0,0,0,1,0,0,0,0,0,0,0,45,0,1,5,3,6,2,30,0,0,0,1,1,35763,6,1,0,0,3,0,69,130,0,0,0,0,0,0,0,0,0,0,89,0,0,0,1,2,45,1,1,2,1,0,0,1,13,6,1,4,1,1,0
1,10249,1,1,1,1,5,20,35,1,0,1,0,1,1,12,401,12401,14,2001,1FMYU60E01UC,1,F,M,Y,U,6,0,E,0,1,U,C,0,P,FORD,EPR,UT,1,17,3769,,0,1018,,G,,F,6,245,,,15R235,,,,,,0,0,000000000,00000000000,0,0,0,1,0,0,0,0,0,0,0,70,0,1,5,0,6,2,21,0,0,0,1,1,35640,6,1,0,0,3,1,63,135,0,0,0,3,1,5,2009,12,2011,0,58,0,0,0,2,2,70,1,1,2,1,0,0,1,12,7,3,4,2,1,0
1,10250,1,1,1,1,5,15,28,35,0,1,0,1,1,20,481,20481,31,2006,3GCEC14V96G2,3,G,C,E,C,1,4,V,9,6,G,2,0,T,CHEV,SC1,PK,6,17,,2,1330,1190,SIL,G,,,8,293,,,,B,4211,00,,42,0,0,000000000,00000000000,0,0,0,1,0,0,0,0,0,0,0,60,0,1,5,1,6,2,1,0,0,0,1,1,36750,6,1,0,0,3,0,70,197,0,0,0,1,0,9,2010,9,2010,1,8,37,0,0,1,2,35,3,5,2,1,0,0,14,13,1,1,4,1,1,1
1,10251,1,2,2,3,5,12,20,12,2,1,0,1,2,49,32,49032,4,1994,JT2AE04BXR00,J,T,2,A,E,0,4,B,X,R,0,0,0,P,TOYT,COA,4D,94,17,2359,,0,970,,G,,F,4,097,,,14R175,,,,,,0,0,000000000,00000000000,0,0,0,1,0,0,0,0,0,0,0,30,0,0,0,12,6,2,12,0,0,0,1,1,35757,6,1,0,0,3,1,65,140,0,0,0,0,0,0,0,0,0,0,0,0,0,0,1,2,45,1,5,2,2,0,0,1,10,1,1,2,50,1,0
1,10251,2,2,1,3,5,12,20,12,2,1,0,1,1,12,481,12481,31,2005,1FTPX12595NB,1,F,T,P,X,1,2,5,9,5,N,B,0,T,FORD,F15,4C,5,17,,2,1450,1260,COF,G,,,8,330,,,,B,5065,04,U,42,0,0,000000000,00000000000,0,0,0,1,0,0,0,0,0,0,0,40,0,0,0,12,6,2,12,0,0,0,1,1,35749,6,1,0,0,3,0,71,190,0,0,0,0,0,0,0,0,0,0,0,0,0,0,1,2,45,1,6,2,2,0,0,1,62,7,1,1,51,0,0
1,10252,1,3,1,4,5,15,35,12,6,1,0,1,1,37,705,37705,80,2006,JH2RC444X6M0,J,H,2,R,C,4,4,4,X,6,M,0,0,M,HOND,V7A,RS,6,17,,,,,,,745,,2,,4,496,,,,,,,0,0,000000000,00000000000,0,0,0,1,0,0,0,0,0,0,0,70,0,0,0,12,6,2,12,0,0,0,1,1,35903,1,1,0,0,2,0,72,180,0,1,0,0,1,10,2011,2,2012,0,26,0,0,0,3,3,70,1,1,2,1,0,0,1,52,1,1,1,48,1,0
1,10252,2,3,1,4,5,15,35,12,6,1,0,1,1,54,38,54038,3,2002,JH4DC548X2C0,J,H,4,D,C,5,4,8,X,2,C,0,0,P,ACUR,RSX,2H,2,17,2769,,0,1012,,G,,F,4,122,,,16R205,,,,,,0,0,000000000,00000000000,0,0,0,1,0,0,0,0,0,0,0,70,0,0,0,8,4,1,12,0,0,0,1,1,35045,6,1,0,0,3,0,68,145,3,0,0,1,0,10,2009,10,2011,0,0,0,0,0,3,3,70,1,1,2,1,0,0,2,53,1,1,1,48,0,0
1,10252,3,3,1,4,5,15,35,12,6,1,0,92,0,34,34,34034,4,2011,WBAPH5C50BA4,W,B,A,P,H,5,C,5,0,B,A,4,0,P,BMW,3SV,4D,11,17,3428,,0,1087,,G,,F,6,183,,,16R205,,,,,,0,0,000000000,00000000000,0,0,0,1,0,0,0,0,0,0,0,65,0,0,0,12,2,1,12,0,0,0,1,1,35079,6,1,0,0,3,0,67,150,1,0,0,0,0,5,2012,5,2012,0,0,0,0,0,3,3,70,1,1,2,1,0,0,1,61,2,1,1,98,0,0
1,10253,1,1,1,5,5,13,30,42,0,1,0,1,2,7,482,7482,31,2003,1D7HA16N73J6,1,D,7,H,A,1,6,N,7,3,J,6,0,T,DODG,S15,PK,3,17,,2,1405,1205,RPC,G,,,8,287,,,,B,4378,03,E,42,0,0,000000000,00000000000,0,0,0,1,0,0,0,0,0,0,0,60,0,0,0,2,6,2,42,0,0,0,1,28,36268,6,1,0,0,3,0,66,150,0,0,0,0,0,0,0,0,0,1,58,0,0,0,1,2,40,1,6,2,1,0,0,1,13,6,4,4,7,1,1
1,10254,1,2,2,7,5,14,46,12,2,1,0,1,2,49,472,49472,30,1999,4TANM92N0XZ4,4,T,A,N,M,9,2,N,0,X,Z,4,1,T,TOYT,RRG,PK,99,17,,1,0,1033,TAC,G,,,4,164,,,,B,3035,00,U,42,1,0,000000000,00000000000,0,0,0,1,0,0,0,0,0,0,0,60,0,0,0,12,6,2,12,0,0,0,1,1,35555,6,1,0,0,3,0,71,205,1,0,0,1,0,8,2010,8,2011,1,0,0,0,0,1,2,45,2,6,2,2,0,0,14,10,1,1,2,50,1,0
1,10254,2,2,1,7,5,14,46,12,2,1,0,1,1,20,481,20481,31,2004,2GCEK13T0414,2,G,C,E,K,1,3,T,0,4,1,4,0,T,CHEV,SK1,CW,4,17,,2,0,1435,SIL,G,,,8,323,,,,B,5244,00,,44,0,0,000000000,00000000000,0,0,0,1,0,0,0,0,0,0,0,45,0,0,0,12,6,2,12,0,0,0,1,1,35475,6,2,0,0,3,0,70,210,0,0,0,0,0,0,0,0,0,0,0,0,0,0,1,2,45,3,5,2,2,0,0,14,62,1,1,1,51,0,0
1,10255,1,1,1,7,5,12,55,24,0,1,0,1,1,14,6,14006,4,2005,2MHFM75W55X6,2,M,H,F,M,7,5,W,5,5,X,6,0,P,MERC,MGL,4D,5,17,4094,,0,1147,,G,,F,8,281,,,16R225,,,,,,0,0,000000000,00000000000,0,0,0,1,0,0,0,0,0,0,0,999,0,0,0,12,6,2,42,0,0,0,1,1,35046,6,1,0,0,3,0,65,145,0,0,0,0,1,9,2011,9,2011,0,0,0,0,0,3,2,70,1,1,2,1,0,0,1,12,1,1,4,6,1,0
1,10257,1,1,1,7,5,6,50,34,0,1,0,1,2,55,36,55036,3,2005,KMHCG35C45U3,K,M,H,C,G,3,5,C,4,5,U,3,0,P,HYUN,AGS,2H,5,17,2280,,0,961,,G,,F,4,098,,,13R175,,,,,,0,0,000000000,00000000000,0,0,0,1,0,0,0,0,0,0,0,70,0,0,0,12,6,2,14,0,0,0,1,1,35010,6,1,0,0,3,1,67,155,2,0,0,0,0,8,2009,12,2010,1,58,0,0,0,1,2,55,2,1,2,1,0,0,14,12,6,1,4,6,1,0
1,10258,1,1,1,8,5,2,30,42,0,1,0,1,1,20,9,20009,2,2001,2G1FP22G9121,2,G,1,F,P,2,2,G,9,1,2,1,0,P,CHEV,Z28,CP,1,17,3439,,0,1011,,G,,F,8,350,,,16R235,,,,,,0,0,000000000,00000000000,0,0,0,1,0,0,0,0,0,0,0,90,0,1,5,12,6,2,42,0,0,0,1,1,36870,6,1,0,0,3,0,67,175,2,0,0,2,0,8,2009,2,2012,1,89,0,0,0,2,2,65,3,3,2,1,0,0,14,13,1,3,4,2,1,1
1,10259,1,1,1,16,5,13,30,42,0,1,0,1,3,82,881,82881,66,2000,1FUYSSZB3YLB,1,F,U,Y,S,S,Z,B,3,Y,L,B,1,T,FRHT,FC2,TR,0,17,,8,0,0,CON,D,,,6,774,,,,,00000,00,,64,1,57,1284810,571284810,3,6,10,1,0,0,0,0,0,0,0,35,0,1,5,10,6,2,1,0,0,0,1,1,35046,6,1,6,0,3,0,69,205,0,2,0,2,3,8,2009,4,2012,0,0,0,0,0,1,2,45,2,6,2,1,0,0,14,12,1,1,4,6,1,0
1,10260,1,1,2,17,5,18,40,8,0,1,0,1,2,52,472,52472,31,2008,1Z7HC28K78S5,1,Z,7,H,C,2,8,K,7,8,S,5,0,T,MITS,RLS,CW,8,17,,2,0,1313,RAI,G,,,6,226,,,,,4435,00,4,42,0,0,000000000,00000000000,0,0,0,1,0,0,0,0,0,0,0,999,0,0,0,12,4,3,8,0,0,0,1,1,36575,6,1,0,0,3,0,72,218,1,0,0,3,1,7,2009,2,2011,1,0,0,0,0,1,2,35,3,6,2,1,0,0,14,13,1,1,4,13,0,0
1,10261,1,2,1,17,5,12,19,12,6,1,0,1,1,49,442,49442,20,2002,4T3ZF13CX2U4,4,T,3,Z,F,1,3,C,X,2,U,4,0,P,TOYT,SIE,SV,2,17,3932,,0,1142,,G,,F,6,183,,,15R205,,,,,,0,0,000000000,00000000000,0,0,0,1,0,0,0,0,0,0,0,999,0,0,0,9,6,2,12,0,0,0,1,1,35968,6,1,0,0,3,0,61,120,0,0,0,0,0,0,0,0,0,0,0,0,0,0,1,2,45,1,1,2,1,0,0,11,55,1,1,1,82,1,0
1,10261,2,2,1,17,5,12,19,12,6,1,0,1,3,86,881,86881,66,1984,1M2R139Y8EM0,1,M,2,R,1,3,9,Y,8,E,M,0,1,T,MACK,RL6,TR,84,17,,8,0,1520,600,D,,,6,672,,,,,00000,00,,64,1,99,999999999,99999999999,3,6,10,1,0,0,0,0,0,0,0,40,0,1,5,12,6,2,12,0,0,0,1,1,35988,6,1,6,0,3,0,71,165,0,1,0,0,0,10,2010,10,2010,0,0,0,0,0,1,2,45,1,1,2,1,0,0,1,72,8,1,1,83,0,0
1,10262,1,1,4,18,5,22,20,35,0,1,0,1,2,20,481,20481,31,1999,1GCEK19T9XE1,1,G,C,E,K,1,9,T,9,X,E,1,0,T,CHEV,SK1,3C,99,17,,2,1575,1435,SIL,G,,,8,325,,,,B,4621,00,,44,0,0,000000000,00000000000,0,0,0,1,0,0,0,0,0,0,0,70,0,1,5,12,6,2,1,0,0,0,1,1,36262,6,1,0,0,3,1,63,125,0,0,0,0,1,8,2010,8,2010,0,58,0,0,0,1,2,55,1,1,2,1,0,0,1,13,6,3,4,2,1,1
1,10263,1,2,4,18,5,13,28,43,0,1,0,1,1,14,21,14021,4,2010,3MEHM0JA1AR6,3,M,E,H,M,0,J,A,1,A,R,6,0,P,MERC,MPR,4D,10,17,3117,,0,1074,,G,,F,4,152,,,17R225,,,,,,0,0,000000000,00000000000,0,0,0,1,0,0,0,0,0,0,0,50,0,0,0,12,6,2,12,0,0,0,1,1,35748,6,1,0,0,3,1,71,174,0,0,0,0,0,0,0,0,0,0,0,0,0,0,2,4,50,1,1,2,1,0,0,1,12,6,2,4,7,1,0
1,10263,2,2,1,18,5,13,28,43,0,1,0,1,1,49,472,49472,30,2006,3TMJU62N96M0,3,T,M,J,U,6,2,N,9,6,M,0,0,T,TOYT,DCP,CW,6,17,,1,0,1219,TAC,G,,,6,244,,,,B,3845,00,U,42,0,0,000000000,00000000000,0,0,0,1,0,0,0,0,0,0,0,50,0,0,0,12,6,2,12,0,0,0,1,1,36360,6,1,0,0,3,0,64,117,0,0,0,0,0,0,0,0,0,0,89,0,0,0,2,2,50,1,1,2,1,0,0,1,62,1,1,1,98,0,0
1,10264,1,1,4,19,5,13,42,8,0,1,1,1,2,20,431,20431,16,1997,1GNEC16R6VJ3,1,G,N,E,C,1,6,R,6,V,J,3,0,P,CHEV,C15,UT,97,17,4802,,0,1315,,G,,F,8,350,,,15R235,,,,,,0,0,000000000,00000000000,0,0,0,1,0,0,0,0,0,0,0,999,0,0,0,99,0,1,8,0,0,0,1,1,36110,0,0,0,0,0,0,74,175,0,0,0,0,0,0,0,0,0,0,99,99,99,99,1,2,25,1,1,2,1,0,0,13,80,1,1,1,92,0,0
1,10265,1,1,2,20,5,20,37,1,0,1,0,1,2,12,481,12481,31,2001,3FTNW21F11MA,3,F,T,N,W,2,1,F,1,1,M,A,0,T,FORD,F2S,CW,1,17,,2,1724,1562,SRW,D,,,8,444,,,,C,5932,07,E,44,0,0,000000000,00000000000,0,0,0,1,0,0,0,0,0,0,0,98,0,1,5,0,6,2,42,0,0,0,1,1,36869,6,2,0,0,3,0,64,110,0,0,0,0,0,0,0,0,0,1,58,0,0,0,1,2,45,3,1,2,1,0,0,14,13,6,4,4,7,2,0
1,10266,1,1,1,20,5,3,45,30,0,1,0,1,1,12,401,12401,14,2000,1FMDU62X6YUB,1,F,M,D,U,6,2,X,6,Y,U,B,0,P,FORD,EPR,UT,0,17,3865,,0,1116,,G,,F,6,245,,,15R235,,,,,,0,0,000000000,00000000000,0,0,0,1,0,0,0,0,0,0,0,60,0,1,5,11,6,2,1,0,0,0,1,1,36278,6,1,0,0,3,0,67,168,0,0,0,0,0,0,0,0,0,0,0,0,0,0,1,2,55,1,6,2,1,0,0,1,12,1,1,4,6,1,0
1,10267,1,3,1,20,5,16,20,12,8,1,0,1,1,72,706,72706,80,2003,1HD1DJV133Y6,1,H,D,1,D,J,V,1,3,3,Y,6,0,M,HD,FHC,RS,3,17,,,,,,,1450,,2,,4,758,,,,,,,0,0,000000000,00000000000,0,0,0,1,0,0,0,0,0,0,0,60,0,0,0,10,6,2,12,0,0,0,1,1,35903,6,1,6,0,3,0,73,189,0,0,0,3,0,1,2010,4,2010,1,89,28,0,0,1,2,45,2,1,2,1,0,0,14,10,1,1,2,64,1,0
1,10267,2,3,2,20,5,16,20,12,8,1,0,1,1,12,481,12481,31,1990,1FTEF14N2LNA,1,F,T,E,F,1,4,N,2,L,N,A,0,T,FORD,F15,PK,90,17,,2,1330,1170,COF,G,,,8,302,,,,B,3800,01,A,44,0,0,000000000,00000000000,0,0,0,1,0,0,0,0,0,0,0,40,0,0,0,10,2,1,12,0,0,0,1,1,35983,6,1,0,0,3,0,72,170,0,0,0,2,0,7,2010,3,2012,0,0,0,0,0,1,2,45,3,1,2,1,0,0,14,62,1,1,1,65,0,0
1,10267,3,3,2,20,5,16,20,12,8,1,0,1,2,35,471,35471,30,1996,1N6SD11S6TC3,1,N,6,S,D,1,1,S,6,T,C,3,0,T,NISS,XES,PK,96,17,,1,0,1043,TRK,G,,,4,146,,,,B,00000,00,M,42,0,0,000000000,00000000000,0,0,0,1,0,0,0,0,0,0,0,10,0,0,0,12,6,2,12,0,0,0,1,40,74426,6,1,0,0,3,0,74,240,0,0,0,0,0,0,0,0,0,0,0,0,0,0,1,2,45,3,1,2,1,0,0,14,62,2,1,1,98,0,0
1,10268,1,2,1,23,3,7,45,12,6,1,0,1,2,20,398,20398,4,2005,1G1ND52F05M1,1,G,1,N,D,5,2,F,0,5,M,1,0,P,CHEV,CLA,4D,5,17,3106,,0,1070,,G,,F,4,134,,,15R205,,,,,,0,0,000000000,00000000000,0,0,0,1,0,0,0,0,0,0,0,5,0,0,0,9,6,2,12,0,0,0,1,1,36089,0,0,0,0,0,0,70,110,0,0,0,0,0,0,0,0,0,0,38,0,0,0,1,2,35,1,6,2,2,20,3,11,15,1,1,1,82,1,0
1,10268,2,2,1,23,3,7,45,12,6,1,0,1,2,7,482,7482,31,1998,3B7KF22D6WG1,3,B,7,K,F,2,2,D,6,W,G,1,0,T,DODG,250,PC,98,17,,2,1547,1387,RPC,D,,,6,359,,,,C,5344,03,U,44,0,0,000000000,00000000000,0,0,0,1,0,0,0,0,0,0,0,30,0,0,0,12,6,2,12,0,0,0,1,1,36081,6,1,0,0,3,0,62,107,0,0,0,1,0,8,2011,8,2011,0,0,0,0,0,1,2,35,1,6,2,2,0,0,1,67,1,1,1,83,0,0
1,10269,1,2,1,12,4,11,45,12,6,1,0,1,1,20,2,20002,4,2008,2G1WB55K0812,2,G,1,W,B,5,5,K,0,8,1,2,0,P,CHEV,IPL,4D,8,17,3555,,0,1105,,F,,F,6,214,,,16R225,,,,,,0,0,000000000,00000000000,0,0,0,1,0,0,0,0,0,0,0,5,0,0,0,7,6,2,12,0,0,0,1,1,35456,6,1,0,0,3,0,70,250,0,0,0,0,0,0,0,0,0,0,39,0,0,0,1,2,35,1,1,2,1,20,3,1,17,1,1,1,89,1,0
1,10269,2,2,1,12,4,11,45,12,6,1,0,1,1,19,18,19018,4,2005,1G6DP5670501,1,G,6,D,P,5,6,7,0,5,0,1,0,P,CADI,HF6,4D,5,17,3509,,0,1134,,G,,F,6,220,,,17R225,,,,,,0,0,000000000,00000000000,0,0,0,1,0,0,0,0,0,0,0,55,0,0,0,12,6,2,12,0,0,0,1,1,35456,6,1,0,0,3,0,67,145,1,0,0,0,0,10,2009,10,2009,0,0,0,0,0,2,2,65,1,5,2,1,0,0,1,66,8,1,2,88,0,0
1,10270,1,1,1,13,4,22,40,1,0,1,0,1,1,49,472,49472,30,2004,5TENL42N74Z3,5,T,E,N,L,4,2,N,7,4,Z,3,0,T,TOYT,REG,PK,4,17,,1,0,1033,TAC,G,,,4,149,,,,B,2750,00,U,42,0,0,000000000,00000000000,0,0,0,1,0,0,0,0,0,0,0,999,0,1,5,0,6,2,1,0,0,0,1,1,35214,2,1,0,0,2,0,71,174,2,5,0,0,0,6,2009,2,2012,9,99,99,99,99,1,2,30,1,1,2,1,0,0,1,12,99,1,4,6,1,0
1,10271,1,1,2,16,4,22,30,42,0,1,0,1,1,49,32,49032,4,2007,2T1BR30E37C7,2,T,1,B,R,3,0,E,3,7,C,7,0,P,TOYT,UCS,4D,7,17,2530,,0,1024,,G,,F,4,109,,,15R185,,,,,,0,0,000000000,00000000000,0,0,0,1,0,0,0,0,0,0,0,70,0,0,0,12,6,2,42,0,0,1,1,1,35218,6,1,0,0,3,0,69,150,0,1,1,2,1,9,2009,3,2011,0,37,0,0,0,1,2,40,3,1,2,2,0,0,14,12,1,1,4,6,2,0
1,10272,1,4,1,8,5,6,55,12,1,1,0,1,3,87,881,87881,66,2004,1XP5DB9X14D8,1,X,P,5,D,B,9,X,1,4,D,8,1,T,PTRB,379,TR,4,17,,8,0,0,CON,D,,,6,893,,,,,00000,00,,64,1,57,1295501,571295501,3,6,4,1,0,0,0,0,0,0,0,55,0,0,0,12,6,2,12,0,0,0,1,1,35404,6,1,6,0,3,0,75,175,1,1,0,0,1,1,2010,5,2011,0,39,0,0,0,1,2,55,2,6,2,1,0,0,14,52,1,1,1,28,0,0
1,10272,2,4,1,8,5,6,55,12,1,1,0,1,3,84,881,84881,66,2000,2HSCAAHN4YC0,2,H,S,C,A,A,H,N,4,Y,C,0,1,T,INTL,91I,TR,0,17,,7,0,0,910,D,,,6,661,,,,,00000,00,,42,1,57,1323933,571323933,3,6,3,1,0,0,0,0,0,0,0,10,0,0,0,6,6,2,12,0,0,0,1,1,35456,6,1,6,0,3,0,71,250,1,0,0,0,0,5,2011,5,2011,0,0,0,0,0,1,2,55,2,6,2,1,0,0,2,53,1,1,1,29,1,0
1,10272,3,4,1,8,5,6,55,12,1,1,0,1,1,87,881,87881,66,2000,1XP5DB9X6YN5,1,X,P,5,D,B,9,X,6,Y,N,5,1,T,PTRB,379,TR,0,17,,8,0,0,CON,D,,,6,893,,,,,00000,00,,64,1,57,01501201,5701501201,3,6,4,1,0,0,0,0,0,0,0,55,0,0,0,12,6,2,12,0,0,0,1,1,36750,6,1,6,0,3,0,73,350,0,0,0,1,0,1,2010,1,2010,0,0,0,0,0,1,2,55,3,5,2,1,0,0,14,62,1,1,1,98,0,0