STATE,ST_CASE,VEH_NO,VE_FORMS,NUMOCCS,DAY,MONTH,HOUR,MINUTE,HARM_EV,MAN_COLL,UNITTYPE,HIT_RUN,REG_STAT,OWNER,MAKE,MODEL,MAK_MOD,BODY_TYP,MOD_YEAR,VIN,VIN_1,VIN_2,VIN_3,VIN_4,VIN_5,VIN_6,VIN_7,VIN_8,VIN_9,VIN_10,VIN_11,VIN_12,TOW_VEH,VINTYPE,VINMAKE,VINA_MOD,VIN_BT,VINMODYR,VIN_LNGT,VIN_WGT,WGTCD_TR,WHLBS_LG,WHLBS_SH,SER_TR,FUELCODE,MCYCL_DS,CARBUR,CYLINDER,DISPLACE,MCYCL_CY,MCYCL_WT,TIRE_SZE,TON_RAT,TRK_WT,TRKWTVAR,VIN_REST,WHLDRWHL,J_KNIFE,MCARR_I1,MCARR_I2,MCARR_ID,GVWR,V_CONFIG,CARGO_BT,HAZ_INV,HAZ_PLAC,HAZ_ID,HAZ_CNO,HAZ_REL,BUS_USE,SPEC_USE,EMER_USE,TRAV_SP,UNDERIDE,ROLLOVER,ROLINLOC,IMPACT1,DEFORMED,TOWED,M_HARM,VEH_SC1,VEH_SC2,FIRE_EXP,DR_PRES,L_STATE,DR_ZIP,L_STATUS,L_TYPE,CDL_STAT,L_ENDORS,L_COMPL,L_RESTRI,DR_HGT,DR_WGT,PREV_ACC,PREV_SUS,PREV_DWI,PREV_SPD,PREV_OTH,FIRST_MO,FIRST_YR,LAST_MO,LAST_YR,SPEEDREL,DR_SF1,DR_SF2,DR_SF3,DR_SF4,VTRAFWAY,VNUM_LAN,VSPD_LIM,VALIGN,VPROFILE,VPAVETYP,VSURCOND,VTRAFCON,VTCONT_F,P_CRASH1,P_CRASH2,P_CRASH3,PCRASH4,PCRASH5,ACC_TYPE,DEATHS,DR_DRINK
1,10436,1,2,1,27,6,17,45,12,2,1,0,1,3,20,481,20481,31,2011,1GCRCSE04BZ2,1,G,C,R,C,S,E,0,4,B,Z,2,0,T,CHEV,2SC,4C,11,17,,2,1575,1435,SIL,F,,,8,323,,,,B,4924,03,,42,0,0,000000000,00000000000,0,0,0,1,0,0,0,0,0,0,0,51,0,0,0,12,6,2,12,0,0,0,1,1,35120,6,1,0,0,3,0,69,180,3,0,0,3,0,11,2010,6,2012,0,28,0,0,0,1,2,55,1,1,2,1,0,0,1,10,1,1,2,50,0,0
1,10436,2,2,2,27,6,17,45,12,2,1,0,1,1,72,706,72706,80,2006,1HD1BWB116Y0,1,H,D,1,B,W,B,1,1,6,Y,0,0,M,HD,FSI,RS,6,17,,,,,,,1450,,2,,4,719,,,,,,,0,0,000000000,00000000000,0,0,0,1,0,0,0,0,0,0,0,999,0,0,0,12,6,2,12,0,0,0,1,1,35128,6,1,0,0,3,0,73,230,0,0,0,0,0,0,0,0,0,0,0,0,0,0,1,2,55,1,1,2,1,0,0,1,62,98,1,1,51,2,0
1,10437,1,1,1,28,6,2,0,42,0,1,0,1,2,20,403,20403,14,2007,1GNDS13SX722,1,G,N,D,S,1,3,S,X,7,2,2,0,P,CHEV,TRL,UT,7,17,4356,,0,1130,,G,,F,6,256,,,17R245,,,,,,0,0,000000000,00000000000,0,0,0,1,0,0,0,0,0,0,0,999,0,0,0,5,6,2,42,0,0,0,1,1,36703,6,1,0,0,3,0,71,295,2,0,0,1,1,7,2010,9,2011,0,0,0,0,0,1,2,55,3,5,2,1,0,0,14,13,1,1,4,1,1,1
1,10438,1,1,1,30,7,21,0,8,0,1,1,99,9,37,32,37032,4,9999,999999999999,9,9,9,9,9,9,9,9,9,9,9,9,0,,,,,,,,,,,,,,,,,,,,,,,,,0,0,000000000,00000000000,0,0,0,1,0,0,0,0,0,0,0,999,0,0,0,12,2,1,8,0,0,0,1,99,99999,9,9,99,9,9,9,999,999,99,99,99,99,99,99,9999,99,9999,9,99,99,99,99,2,2,50,1,1,2,1,0,0,1,80,98,1,1,13,0,0
1,10439,1,2,1,22,7,17,0,12,2,1,0,1,1,37,32,37032,2,2005,1HGCM72525A0,1,H,G,C,M,7,2,5,2,5,A,0,0,P,HOND,ULX,CP,5,17,3102,,0,1051,,G,,F,4,146,,,15R205,,,,,,0,0,000000000,00000000000,0,0,0,1,0,0,0,0,0,0,0,55,0,0,0,12,6,2,12,0,0,0,1,1,36575,6,1,0,0,3,0,73,175,1,0,0,0,2,8,2009,6,2011,0,0,0,0,0,1,2,55,1,5,2,2,0,0,1,10,1,1,2,50,1,0
1,10439,2,2,1,22,7,17,0,12,2,1,0,1,1,20,421,20421,15,2003,1GNEK13Z33R1,1,G,N,E,K,1,3,Z,3,3,R,1,0,P,CHEV,KTA,UT,3,17,5050,,0,1160,,F,,F,8,325,,,16R265,,,,,,0,0,000000000,00000000000,0,0,0,1,0,0,0,0,0,0,0,50,7,1,1,12,6,2,12,0,0,0,1,1,36738,6,1,0,0,3,0,69,285,0,0,0,1,0,7,2011,7,2011,0,0,0,0,0,1,2,55,1,6,2,2,0,0,1,62,1,1,1,51,1,0
1,10440,1,2,1,23,7,17,10,12,2,1,0,13,2,53,709,53709,80,1978,GS75X704664,G,S,7,5,X,7,0,4,6,6,4,,0,M,SUZI,,,78,11,,,,,,,,,,,,,,,,,,,0,0,000000000,00000000000,0,0,0,1,0,0,0,0,0,0,0,70,0,0,0,12,6,2,12,0,0,0,1,1,36344,6,1,0,0,3,1,66,213,0,0,0,0,0,0,0,0,0,1,0,0,0,0,1,2,55,1,6,2,1,0,0,6,54,1,1,1,50,1,0
1,10440,2,2,3,23,7,17,10,12,2,1,0,1,1,12,37,12037,4,2009,1FAHP36N59W2,1,F,A,H,P,3,6,N,5,9,W,2,0,P,FORD,FOS,4D,9,17,2623,,0,1029,,G,,F,4,122,,,17R215,,,,,,0,0,000000000,00000000000,0,0,0,1,0,0,0,0,0,0,0,55,0,0,0,12,6,2,12,0,0,0,1,1,36318,6,1,0,0,3,0,68,160,0,0,0,3,0,3,2010,3,2010,0,0,0,0,0,1,2,55,1,5,2,1,0,0,1,62,1,1,1,51,0,0
1,10441,1,1,1,24,7,3,20,8,0,1,0,1,1,13,12,13012,4,2001,1LNHM87A81Y7,1,L,N,H,M,8,7,A,8,1,Y,7,0,P,LINC,LLS,4D,1,17,3666,,0,1145,,G,,F,8,240,,,16R215,,,,,,0,0,000000000,00000000000,0,0,0,1,0,0,0,0,0,0,0,999,0,0,0,14,2,3,8,0,0,0,1,1,36695,6,1,0,0,3,1,61,115,0,0,0,0,0,0,0,0,0,0,0,0,0,0,1,2,40,1,1,2,1,0,0,1,80,1,1,1,13,0,0
1,10442,1,2,1,25,7,5,30,12,2,1,0,1,1,18,2,18002,4,1999,1G4HR52K8XH4,1,G,4,H,R,5,2,K,8,X,H,4,0,P,BUIC,LLF,4D,99,17,3468,,0,1108,,G,,F,6,231,,,15R205,,,,,,0,0,000000000,00000000000,0,0,0,1,0,0,0,0,0,0,0,55,0,0,0,12,6,2,12,0,0,0,1,1,36527,6,1,0,0,3,0,77,235,1,0,0,0,0,4,2010,4,2010,0,0,0,0,0,1,2,55,1,1,2,1,0,0,1,10,1,1,2,50,1,0
1,10442,2,2,1,25,7,5,30,12,2,1,0,1,1,20,481,20481,31,2009,1GCEK29089Z2,1,G,C,E,K,2,9,0,8,9,Z,2,0,T,CHEV,2SK,4C,9,17,,2,1575,1339,SIL,F,,,8,323,,,,B,5263,02,,44,0,0,000000000,00000000000,0,0,0,1,0,0,0,0,0,0,0,55,0,0,0,12,6,2,12,0,0,0,1,1,36578,6,1,0,0,3,0,70,200,0,0,0,0,0,0,0,0,0,0,0,0,0,0,1,2,55,1,1,2,1,0,0,1,62,1,1,1,51,0,0
1,10443,1,2,1,24,7,10,30,12,6,1,0,1,3,85,881,85881,66,2000,1XKWDR9X0YR8,1,X,K,W,D,R,9,X,0,Y,R,8,1,T,KW,W90,TR,0,17,,8,2850,1600,CON,D,,,6,774,,,,,00000,00,,64,1,57,461897,57461897,3,6,1,1,0,0,0,0,0,0,0,70,0,0,0,12,6,2,12,0,0,0,1,1,99999,6,1,6,0,3,0,70,175,0,0,0,0,0,0,0,0,0,0,0,0,0,0,2,2,70,1,1,1,1,0,0,15,11,1,1,2,46,0,0
1,10443,2,2,3,24,7,10,30,12,6,1,0,12,4,35,47,35047,4,2012,1N4AL2AP4CN4,1,N,4,A,L,2,A,P,4,C,N,4,0,P,NISS,ATS,4D,12,17,3180,,0,1093,,G,,F,4,153,,,16R215,,,,,,0,0,000000000,00000000000,0,0,0,1,0,0,0,0,0,0,0,65,0,0,0,7,6,2,12,0,0,0,1,37,28734,6,1,0,0,3,1,65,999,0,0,0,0,0,0,0,0,0,0,0,0,0,0,2,2,70,1,1,1,1,0,0,1,60,1,1,1,45,1,0
1,10444,1,1,1,27,7,13,5,14,0,1,0,22,4,84,881,84881,62,2011,1HTMMAAL9BH3,1,H,T,M,M,A,A,L,9,B,H,3,0,T,INTL,430,CC,11,17,,6,0,0,40S,D,,,6,466,,,,,00000,00,,42,0,57,2076599,572076599,2,1,1,1,0,0,0,0,0,0,0,50,0,0,0,12,6,2,14,0,0,0,1,22,70121,6,1,0,0,3,1,72,222,0,0,0,0,1,6,2011,6,2011,0,0,0,0,0,2,2,50,1,5,2,1,0,0,1,13,1,1,4,1,1,0
1,10445,1,1,1,28,7,2,0,1,0,1,0,1,1,12,3,12003,2,2003,1FAFP45X43F3,1,F,A,F,P,4,5,X,4,3,F,3,0,P,FORD,MGT,CV,3,17,3254,,0,1013,,G,,F,8,281,,,17R245,,,,,,0,0,000000000,00000000000,0,0,0,1,0,0,0,0,0,0,0,999,0,1,5,0,6,2,42,0,0,0,1,1,36605,6,1,0,0,3,0,74,240,0,1,0,3,0,5,2010,7,2011,1,0,0,0,0,1,2,45,1,1,2,1,0,0,1,12,1,4,4,7,1,1
1,10446,1,1,1,28,7,20,35,1,0,1,0,1,2,72,706,72706,80,2006,1HD1FCW126Y6,1,H,D,1,F,C,W,1,2,6,Y,6,0,M,HD,FLU,RS,6,17,,,,,,,1450,,2,,4,788,,,,,,,0,0,000000000,00000000000,0,0,0,1,0,0,0,0,0,0,0,60,0,0,0,0,6,2,1,0,0,0,1,1,36093,1,1,0,0,2,0,72,250,3,1,1,1,0,1,2010,5,2012,1,0,0,0,0,1,2,35,3,6,2,1,0,0,14,13,6,1,6,98,1,1
1,10447,1,2,1,30,7,12,5,12,6,1,0,0,0,37,739,37739,90,9999,000000000000,0,0,0,0,0,0,0,0,0,0,0,0,0,,,,,,,,,,,,,,,,,,,,,,,,,0,0,000000000,00000000000,0,0,0,1,0,0,0,0,0,0,0,5,0,0,0,12,6,2,12,0,0,0,1,1,36022,0,0,0,0,1,0,72,170,0,0,0,0,0,0,0,0,0,0,0,0,0,0,0,0,0,0,0,0,0,0,0,1,17,1,1,1,86,1,0
1,10447,2,2,1,30,7,12,5,12,6,1,0,1,3,85,881,85881,66,2012,1XKWD49X1CJ2,1,X,K,W,D,4,9,X,1,C,J,2,1,T,KW,W90,TR,12,17,,8,2850,1600,CON,D,,,6,915,,,,,00000,00,,64,1,57,533871,57533871,3,6,4,1,0,0,0,0,0,0,0,50,0,0,0,3,2,1,12,0,0,0,1,1,36092,6,1,6,0,3,0,68,203,1,0,0,0,3,2,2010,5,2012,0,0,0,0,0,1,2,55,3,1,2,1,0,0,14,71,6,1,1,87,0,0
1,10448,1,1,1,31,7,19,36,1,0,1,0,1,1,12,401,12401,14,1996,1FMDU32X0TUD,1,F,M,D,U,3,2,X,0,T,U,D,0,P,FORD,EPR,UT,96,17,3952,,0,1115,,G,,F,6,245,,,15R225,,,,,,0,0,000000000,00000000000,0,0,0,1,0,0,0,0,0,0,0,50,0,1,1,0,6,2,1,0,0,0,1,1,36280,6,1,0,0,3,0,67,135,0,0,0,0,0,0,0,0,0,0,58,0,0,0,1,2,40,3,6,2,1,0,0,14,13,6,4,6,98,1,0
1,10449,1,1,1,2,8,4,40,1,0,1,0,1,1,72,706,72706,80,2002,1HD1FMW152Y6,1,H,D,1,F,M,W,1,5,2,Y,6,0,M,HD,TPI,RS,2,17,,,,,,,1450,,2,,4,999,,,,,,,0,0,000000000,00000000000,0,0,0,1,0,0,0,0,0,0,0,55,0,0,0,0,6,2,1,0,0,0,1,1,35646,6,1,0,0,3,0,77,280,0,0,0,0,0,0,0,0,0,0,0,0,0,0,1,2,55,1,5,2,1,0,0,1,1,1,1,1,98,1,0
1,10450,1,1,1,3,8,14,45,42,0,1,0,12,1,20,481,20481,31,2006,1GCHC23216F1,1,G,C,H,C,2,3,2,1,6,F,1,0,T,CHEV,2CH,CW,6,17,,2,1670,1530,SIL,D,,,8,403,,,,C,5594,02,,42,0,0,000000000,00000000000,0,0,0,1,0,0,0,0,0,0,0,75,0,0,0,11,6,2,42,0,0,0,1,1,36426,6,1,6,0,3,1,71,240,0,0,0,1,0,8,2010,8,2010,1,0,0,0,0,1,2,40,2,5,2,2,0,0,14,6,7,3,4,7,1,1
1,10451,1,2,2,4,8,9,10,12,2,1,0,1,1,18,7,18007,4,1987,1G4AH51R5HT4,1,G,4,A,H,5,1,R,5,H,T,4,0,P,BUIC,CCU,4D,87,17,2696,,0,1049,,G,,F,4,151,,,14R185,,,,,,0,0,000000000,00000000000,0,0,0,1,0,0,0,0,0,0,0,65,0,0,0,12,6,2,12,0,0,0,1,1,35504,6,1,0,0,3,0,69,145,0,0,0,0,0,0,0,0,0,0,0,0,0,0,1,2,55,2,6,2,1,0,0,14,10,1,1,2,50,1,0
1,10451,2,2,2,4,8,9,10,12,2,1,0,1,1,23,481,23481,31,2005,1GTEC14X95Z2,1,G,T,E,C,1,4,X,9,5,Z,2,0,T,GMC,NC1,PK,5,17,,2,1330,1190,SIE,G,,,6,262,,,,B,4225,01,4,42,0,0,000000000,00000000000,0,0,0,1,0,0,0,0,0,0,0,50,0,0,0,12,6,2,12,0,0,0,1,1,35504,6,1,0,0,3,1,70,180,0,0,0,0,0,0,0,0,0,0,0,0,0,0,1,2,55,3,5,2,1,0,0,14,62,1,1,1,51,0,0
1,10452,1,1,2,8,8,11,20,42,0,1,0,1,2,12,401,12401,14,2002,1FMZU73E92UA,1,F,M,Z,U,7,3,E,9,2,U,A,0,P,FORD,EPR,UT,2,17,4378,,0,1137,,G,,F,6,245,,,16R235,,,,,,0,0,000000000,00000000000,0,0,0,1,0,0,0,0,0,0,0,999,0,1,5,11,6,2,42,0,0,0,1,1,36801,6,1,0,0,3,0,66,127,0,0,0,0,0,0,0,0,0,0,0,0,0,0,2,2,70,1,1,2,1,0,0,1,9,1,3,4,2,1,0
1,10453,1,2,2,10,8,10,17,12,6,1,0,12,1,2,404,2404,14,1995,1J4GZ58SXSC6,1,J,4,G,Z,5,8,S,X,S,C,6,0,T,JEEP,LRO,4W,95,17,,1,0,1059,GCK,G,,,6,242,,,,,3552,00,M,44,0,0,000000000,00000000000,0,0,0,1,0,0,0,0,0,0,0,20,0,0,0,9,6,2,12,0,0,0,1,12,32404,6,1,0,0,3,1,65,999,0,0,0,0,0,0,0,0,0,0,0,0,0,0,1,2,55,3,5,2,2,0,0,12,98,1,1,7,98,1,0
1,10453,2,2,1,10,8,10,17,12,6,1,0,12,3,87,881,87881,66,2000,1XP5DB9X9YN5,1,X,P,5,D,B,9,X,9,Y,N,5,1,T,PTRB,379,TR,0,17,,8,0,0,CON,D,,,6,893,,,,,00000,00,,64,1,57,1726156,571726156,3,6,10,1,0,0,0,0,0,0,0,50,0,0,0,12,4,1,12,0,0,0,1,12,32060,6,1,6,0,3,1,74,999,0,0,0,0,0,0,0,0,0,0,0,0,0,0,1,2,55,3,5,2,2,0,0,14,61,2,1,1,98,0,0
1,10454,1,1,1,21,7,23,1,8,0,1,1,99,9,99,999,99999,99,9999,999999999999,9,9,9,9,9,9,9,9,9,9,9,9,0,,,,,,,,,,,,,,,,,,,,,,,,,0,0,000000000,00000000000,0,0,0,1,0,0,0,0,0,0,0,999,0,0,0,12,2,1,8,0,0,0,1,99,99999,9,9,99,9,9,9,999,999,99,99,99,99,99,99,9999,99,9999,9,99,99,99,99,1,2,35,1,1,2,1,0,0,1,83,99,1,1,13,0,0
1,10455,1,2,1,21,7,17,30,12,2,1,0,1,1,20,461,20461,21,1989,1GBEG25H7K71,1,G,B,E,G,2,5,H,7,K,7,1,0,T,CHEV,SV2,CG,89,17,,2,1250,1100,S/V,G,,,8,305,,,,C,3941,16,,42,0,0,000000000,00000000000,0,0,0,1,0,0,0,0,0,0,0,55,0,0,0,12,6,2,12,0,0,0,1,1,36756,6,1,0,0,3,1,67,180,0,0,0,0,0,0,0,0,0,0,51,0,0,0,1,2,45,1,6,2,1,0,0,1,54,1,1,1,52,0,1
1,10455,2,2,6,21,7,17,30,12,2,1,0,1,1,12,23,12023,4,2010,3FAHP0KC8AR1,3,F,A,H,P,0,K,C,8,A,R,1,0,P,FORD,FPF,4D,10,17,3591,,0,1074,,G,,F,6,214,,,18R225,,,,,,0,0,000000000,00000000000,0,0,0,1,0,0,0,0,0,0,0,35,0,0,0,12,6,2,12,0,0,0,1,1,36756,6,1,0,0,3,1,65,190,0,0,0,0,0,0,0,0,0,0,0,0,0,0,1,2,45,1,5,2,1,0,0,1,54,6,1,1,52,2,0
1,10456,1,2,2,26,7,14,0,12,1,1,0,13,1,37,706,37706,80,2009,1HFSC47H59A8,1,H,F,S,C,4,7,H,5,9,A,8,0,M,HOND,GL8,RS,9,17,,,,,,,1832,,6,,4,895,,,,,,,0,0,000000000,00000000000,0,0,0,1,0,0,0,0,0,0,0,55,0,0,0,12,6,2,1,0,0,0,1,13,30052,6,1,6,0,3,0,73,290,98,0,0,1,0,4,2011,4,2011,0,26,0,0,0,3,2,55,1,1,2,1,40,3,1,52,1,1,1,28,2,0
1,10456,2,2,2,26,7,14,0,12,1,1,0,47,3,20,881,20881,61,2011,1GB4KZCL4BF1,1,G,B,4,K,Z,C,L,4,B,F,1,0,T,CHEV,SK3,CH,11,17,,3,0,1715,SIL,D,,,8,403,,,,D,7526,02,,44,0,88,888888888,88888888888,2,1,1,1,0,0,0,0,0,0,0,55,0,0,0,6,2,3,12,0,0,0,1,47,38053,6,1,0,0,3,1,70,270,0,0,0,0,0,0,0,0,0,0,0,0,0,0,3,2,55,1,1,2,1,40,3,2,53,1,1,1,29,0,0
1,10457,1,1,5,28,7,18,40,34,0,1,0,1,1,12,442,12442,20,1996,2FMDA5145TBB,2,F,M,D,A,5,1,4,5,T,B,B,0,T,FORD,WWG,ES,96,17,,1,0,1207,WIN,G,,,6,232,,,,B,3733,00,E,42,0,0,000000000,00000000000,0,0,0,1,0,0,0,0,0,0,0,65,0,1,5,12,6,2,1,0,0,0,1,1,36312,6,1,0,0,3,0,67,155,1,0,0,0,0,5,2012,5,2012,1,0,0,0,0,1,2,45,1,1,2,1,0,0,1,13,6,1,4,1,1,1
1,10458,1,1,2,4,8,4,35,33,0,1,0,1,1,20,36,20036,2,2000,2G1WW12E4Y92,2,G,1,W,W,1,2,E,4,Y,9,2,0,P,CHEV,MLS,CP,0,17,3340,,0,1075,,G,,F,6,207,,,16R225,,,,,,0,0,000000000,00000000000,0,0,0,1,0,0,0,0,0,0,0,998,0,0,0,12,6,2,30,0,0,0,1,1,35215,6,1,0,0,3,0,64,200,0,1,0,0,1,8,2009,6,2010,0,0,0,0,0,5,6,35,1,1,2,1,0,0,1,13,1,1,4,1,1,1
1,10459,1,2,1,3,8,22,20,12,2,1,0,1,2,20,441,20441,20,1991,1GNDM15Z4MB1,1,G,N,D,M,1,5,Z,4,M,B,1,0,P,CHEV,AST,SV,91,17,3362,,0,1110,,G,,F,6,262,,,15R205,,,,,,0,0,000000000,00000000000,0,0,0,1,0,0,0,0,0,0,0,55,0,0,0,12,6,2,12,0,0,0,1,1,36501,6,1,0,0,3,0,66,165,1,1,0,0,1,10,2010,6,2012,0,89,28,0,0,1,2,45,1,1,2,2,0,0,1,10,1,1,2,50,1,0
1,10459,2,2,1,3,8,22,20,12,2,1,0,1,2,12,401,12401,14,2002,1FMYU60E82UB,1,F,M,Y,U,6,0,E,8,2,U,B,0,P,FORD,EPR,UT,2,17,3860,,0,1018,,G,,F,6,245,,,16R235,,,,,,0,0,000000000,00000000000,0,0,0,1,0,0,0,0,0,0,0,45,0,1,5,12,6,2,12,0,0,0,1,1,36502,0,0,0,0,0,0,999,999,0,0,0,0,0,0,0,0,0,0,0,0,0,0,1,2,45,1,1,2,2,0,0,1,62,1,1,1,51,0,0
1,10460,1,2,2,3,8,9,55,12,6,1,0,1,1,18,7,18007,4,2005,2G4WS52J3511,2,G,4,W,S,5,2,J,3,5,1,1,0,P,BUIC,CCU,4D,5,17,3342,,0,1090,,G,,F,6,189,,,15R205,,,,,,0,0,000000000,00000000000,0,0,0,1,0,0,0,0,0,0,0,999,0,0,0,9,6,2,12,0,0,0,1,1,36323,6,1,0,0,3,0,71,185,0,2,0,2,0,6,2010,1,2012,0,39,0,0,0,1,2,45,1,1,2,1,20,3,1,17,1,1,1,89,1,1
1,10460,2,2,1,3,8,9,55,12,6,1,0,1,2,6,43,6043,4,2009,1C3LC46B29N5,1,C,3,L,C,4,6,B,2,9,N,5,0,P,CHRY,SLX,4D,9,17,3287,,0,1089,,G,,F,4,146,,,16R215,,,,,,0,0,000000000,00000000000,0,0,0,1,0,0,0,0,0,0,0,60,0,0,0,12,6,2,12,0,0,0,1,1,36330,6,1,0,0,3,0,69,135,0,2,0,0,1,12,2010,5,2011,0,0,0,0,0,1,2,55,1,6,2,1,0,0,1,66,1,1,1,88,0,0
1,10461,1,2,3,5,8,22,56,8,0,1,0,1,1,49,401,49401,14,2003,JTEZU17R8300,J,T,E,Z,U,1,7,R,8,3,0,0,0,P,TOYT,RUN,UT,3,17,4035,,0,1098,,G,,F,6,244,,,17R265,,,,,,0,0,000000000,00000000000,0,0,0,1,0,0,0,0,0,0,0,45,0,0,0,12,6,2,8,0,0,0,1,1,35806,6,1,0,0,3,0,71,275,0,0,0,1,0,8,2011,8,2011,0,0,0,0,0,2,2,50,1,5,2,1,0,0,1,80,1,1,1,13,0,0
1,10461,2,2,1,5,8,22,56,8,0,1,0,1,1,35,402,35402,14,2001,5N1ED28TX1C5,5,N,1,E,D,2,8,T,X,1,C,5,0,P,NISS,XTR,UT,1,17,3546,,0,1043,,G,,F,6,201,,,15R235,,,,,,0,0,000000000,00000000000,0,0,0,1,0,0,0,0,0,0,0,45,0,0,0,14,2,1,8,0,0,0,1,1,35406,6,1,0,0,3,0,66,250,3,0,0,0,0,2,2010,10,2010,0,0,0,0,0,2,2,50,1,1,2,1,0,0,1,80,1,1,1,98,0,0
1,10462,1,1,2,5,8,19,22,1,0,1,0,92,0,20,403,20403,14,2003,1GNDS13S6321,1,G,N,D,S,1,3,S,6,3,2,1,0,P,CHEV,TRL,UT,3,17,4417,,0,1130,,G,,F,6,256,,,16R245,,,,,,0,0,000000000,00000000000,0,0,0,1,0,0,0,0,0,0,0,80,0,1,5,0,6,2,1,0,0,0,1,1,36432,0,0,0,0,0,0,999,999,0,1,0,0,0,7,2010,7,2010,1,58,0,0,0,1,2,55,3,6,2,2,0,0,14,13,6,4,4,7,1,1
1,10463,1,1,1,5,8,0,1,32,0,1,0,1,2,7,482,7482,31,2004,1D7HA18N24S6,1,D,7,H,A,1,8,N,2,4,S,6,0,T,DODG,SQ1,CW,4,17,,2,1605,1405,RPC,G,,,8,287,,,,B,4820,01,E,42,0,0,000000000,00000000000,0,0,0,1,0,0,0,0,0,0,0,50,0,0,0,12,6,2,42,0,0,0,1,1,36535,0,0,0,0,0,0,999,999,0,0,0,0,0,0,0,0,0,0,0,0,0,0,1,2,55,1,1,2,1,0,0,1,12,1,1,4,6,1,1
1,10464,1,3,2,5,8,12,5,12,1,1,0,1,1,13,1,13001,4,2001,1LNHM82W91Y6,1,L,N,H,M,8,2,W,9,1,Y,6,0,P,LINC,SIG,4D,1,17,4070,,0,1177,,G,,F,8,281,,,16R225,,,,,,0,0,000000000,00000000000,0,0,0,1,0,0,0,0,0,0,0,50,0,0,0,12,6,2,12,0,0,0,1,1,36047,6,1,0,0,3,0,66,155,0,0,0,0,0,0,0,0,0,0,26,0,0,0,1,2,55,1,1,2,1,0,0,1,52,1,1,1,28,1,0
1,10464,2,3,1,5,8,12,5,12,1,1,0,1,1,20,481,20481,31,2002,2GCEK19T0214,2,G,C,E,K,1,9,T,0,2,1,4,0,T,CHEV,SK1,4C,2,17,,2,1575,1435,SIL,G,,,8,325,,,,B,4910,02,,44,0,0,000000000,00000000000,0,0,0,1,0,0,0,0,0,0,0,10,0,0,0,6,2,1,12,0,0,0,1,1,36043,6,1,0,0,3,0,72,250,0,0,0,0,0,0,0,0,0,0,0,0,0,0,1,2,55,1,1,2,1,0,0,2,53,1,1,1,31,0,1
1,10464,3,3,3,5,8,12,5,12,1,1,0,1,3,62,421,62421,15,2008,SALSF25448A1,S,A,L,S,F,2,5,4,4,8,A,1,0,T,LNDR,SPH,4W,8,17,,2,0,1080,RSP,G,,,8,268,,,,,5468,00,7,44,0,0,000000000,00000000000,0,0,0,1,0,0,0,0,0,0,0,50,0,0,0,12,6,2,12,0,0,0,1,1,36043,6,1,0,0,3,0,67,155,0,0,0,0,0,0,0,0,0,0,0,0,0,0,1,2,55,1,1,2,1,0,0,1,62,1,1,1,98,0,0
1,10465,1,1,1,7,8,2,0,52,0,1,0,13,0,55,37,55037,2,2001,KMHJG25F31U2,K,M,H,J,G,2,5,F,3,1,U,2,0,P,HYUN,TIB,CP,1,17,2633,,0,974,,G,,F,4,121,,,15R195,,,,,,0,0,000000000,00000000000,0,0,0,1,0,0,0,0,0,0,0,65,0,1,5,12,6,2,52,0,0,0,1,13,31909,6,1,0,0,3,0,66,130,98,0,0,0,0,0,0,0,0,0,99,99,99,99,2,2,65,3,5,2,2,0,0,14,13,1,1,4,1,1,1
1,10466,1,2,1,8,8,20,0,24,0,1,0,95,1,87,881,87881,66,2003,1XP5DB8X43D5,1,X,P,5,D,B,8,X,4,3,D,5,1,T,PTRB,379,TR,3,17,,8,0,0,CON,D,,,6,893,,,,,00000,00,,64,1,57,297996,57297996,3,6,3,1,0,0,0,0,0,0,0,70,0,0,0,12,6,2,2,0,0,1,1,95,0,9,9,99,9,9,9,999,999,99,99,99,99,99,99,9999,99,9999,0,0,0,0,0,3,3,70,1,6,2,1,0,0,1,13,1,1,4,1,1,0
1,10466,2,2,1,8,8,20,0,24,0,1,0,1,1,7,402,7402,14,2000,1B4HS28N4YF2,1,B,4,H,S,2,8,N,4,Y,F,2,0,P,DODG,DUR,UT,0,17,4462,,0,1159,,G,,F,8,287,,,15R235,,,,,,0,0,000000000,00000000000,0,0,0,1,0,0,0,0,0,0,0,70,0,0,0,9,4,1,12,0,0,0,1,1,35180,6,1,6,0,3,0,68,350,0,0,0,0,0,0,0,0,0,0,89,0,0,0,3,3,70,1,6,2,1,0,0,1,98,1,1,1,98,0,0
1,10467,1,2,1,9,8,23,35,12,1,1,0,47,1,37,31,37031,4,2005,2HGES16575H5,2,H,G,E,S,1,6,5,7,5,H,5,0,P,HOND,UCL,4D,5,17,2606,,0,1031,,G,,F,4,102,,,15R195,,,,,,0,0,000000000,00000000000,0,0,0,1,0,0,0,0,0,0,0,70,0,0,0,12,6,2,12,0,0,0,1,47,37128,6,1,0,0,3,0,70,155,0,0,0,0,0,0,0,0,0,0,0,0,0,0,2,2,70,1,1,2,1,0,0,1,51,1,1,1,24,0,0
1,10467,2,2,2,9,8,23,35,12,1,1,0,1,1,35,472,35472,30,2000,1N6DD26S8YC3,1,N,6,D,D,2,6,S,8,Y,C,3,0,T,NISS,FKX,PC,0,17,,1,0,1161,FRT,G,,,4,146,,,,B,3052,01,U,42,0,0,000000000,00000000000,0,0,0,1,0,0,0,0,0,0,0,60,0,1,3,6,6,2,12,0,0,0,1,1,35611,6,1,0,0,3,0,70,175,0,0,0,0,0,0,0,0,0,0,0,0,0,0,2,2,70,1,1,2,1,0,0,1,53,1,1,1,25,1,0
1,10468,1,2,1,9,8,12,38,12,6,1,0,1,1,18,401,18401,14,2004,3G5DA03E84S5,3,G,5,D,A,0,3,E,8,4,S,5,0,P,BUIC,RZV,UT,4,17,4024,,0,1122,,G,,F,6,207,,,16R215,,,,,,0,0,000000000,00000000000,0,0,0,1,0,0,0,0,0,0,0,10,0,0,0,9,6,2,12,0,0,0,1,1,36305,1,1,0,0,2,0,67,135,1,1,0,0,0,4,2011,9,2011,0,38,0,0,0,2,2,50,1,1,2,2,20,3,11,15,1,1,1,82,1,0