STATE,ST_CASE,VEH_NO,VE_FORMS,NUMOCCS,DAY,MONTH,HOUR,MINUTE,HARM_EV,MAN_COLL,UNITTYPE,HIT_RUN,REG_STAT,OWNER,MAKE,MODEL,MAK_MOD,BODY_TYP,MOD_YEAR,VIN,VIN_1,VIN_2,VIN_3,VIN_4,VIN_5,VIN_6,VIN_7,VIN_8,VIN_9,VIN_10,VIN_11,VIN_12,TOW_VEH,VINTYPE,VINMAKE,VINA_MOD,VIN_BT,VINMODYR,VIN_LNGT,VIN_WGT,WGTCD_TR,WHLBS_LG,WHLBS_SH,SER_TR,FUELCODE,MCYCL_DS,CARBUR,CYLINDER,DISPLACE,MCYCL_CY,MCYCL_WT,TIRE_SZE,TON_RAT,TRK_WT,TRKWTVAR,VIN_REST,WHLDRWHL,J_KNIFE,MCARR_I1,MCARR_I2,MCARR_ID,GVWR,V_CONFIG,CARGO_BT,HAZ_INV,HAZ_PLAC,HAZ_ID,HAZ_CNO,HAZ_REL,BUS_USE,SPEC_USE,EMER_USE,TRAV_SP,UNDERIDE,ROLLOVER,ROLINLOC,IMPACT1,DEFORMED,TOWED,M_HARM,VEH_SC1,VEH_SC2,FIRE_EXP,DR_PRES,L_STATE,DR_ZIP,L_STATUS,L_TYPE,CDL_STAT,L_ENDORS,L_COMPL,L_RESTRI,DR_HGT,DR_WGT,PREV_ACC,PREV_SUS,PREV_DWI,PREV_SPD,PREV_OTH,FIRST_MO,FIRST_YR,LAST_MO,LAST_YR,SPEEDREL,DR_SF1,DR_SF2,DR_SF3,DR_SF4,VTRAFWAY,VNUM_LAN,VSPD_LIM,VALIGN,VPROFILE,VPAVETYP,VSURCOND,VTRAFCON,VTCONT_F,P_CRASH1,P_CRASH2,P_CRASH3,PCRASH4,PCRASH5,ACC_TYPE,DEATHS,DR_DRINK
1,10468,2,2,2,9,8,12,38,12,6,1,0,12,1,7,482,7482,31,2008,1D7HA18218S5,1,D,7,H,A,1,8,2,1,8,S,5,0,T,DODG,SQ1,CW,8,17,,2,1605,1405,RPC,G,,,8,348,,,,B,4889,00,E,42,0,0,000000000,00000000000,0,0,0,1,0,0,0,0,0,0,0,55,0,0,0,12,6,2,12,0,0,0,1,12,32428,6,1,0,0,3,1,67,999,0,0,0,0,0,0,0,0,0,0,0,0,0,0,2,2,50,1,1,2,2,0,0,1,72,1,1,1,83,0,0
1,10469,1,1,4,11,8,22,15,1,0,1,0,1,1,7,24,7024,4,2009,2B3KA33V69H5,2,B,3,K,A,3,3,V,6,9,H,5,0,P,DODG,CHS,4D,9,17,3820,,0,1200,,G,,F,6,214,,,17R215,,,,,,0,0,000000000,00000000000,0,0,0,1,0,0,0,0,0,0,0,50,0,1,5,0,6,2,42,0,0,0,1,1,36480,6,1,0,0,3,0,71,190,0,0,0,0,0,0,0,0,0,1,0,0,0,0,1,2,35,3,1,5,1,0,0,14,13,6,2,4,2,1,1
1,10470,1,1,1,12,8,0,5,1,0,1,0,1,2,12,481,12481,31,1995,1FTEX15N1SKB,1,F,T,E,X,1,5,N,1,S,K,B,0,T,FORD,F15,PC,95,17,,2,1550,1390,COF,G,,,8,302,,,,B,00000,00,M,42,0,0,000000000,00000000000,0,0,0,1,0,0,0,0,0,0,0,60,0,1,5,0,6,2,1,0,0,0,1,1,35618,1,1,0,0,2,1,65,180,0,5,0,0,0,3,2010,5,2011,0,0,0,0,0,1,2,45,1,1,2,1,0,0,1,12,7,3,4,2,1,1
1,10471,1,1,1,12,8,11,50,42,0,1,0,28,3,84,881,84881,66,2009,2HSCUAPR59C0,2,H,S,C,U,A,P,R,5,9,C,0,1,T,INTL,PPR,TR,9,17,,8,0,0,PRO,D,,,6,915,,,,,00000,00,,64,1,57,0089586,570089586,3,6,3,1,0,0,0,0,0,0,0,70,0,0,0,12,6,2,42,0,0,1,1,28,39323,6,1,6,0,3,0,70,160,0,0,0,0,0,0,0,0,0,0,0,0,0,0,2,2,70,1,1,2,1,0,0,1,13,1,1,4,1,1,0
1,10472,1,2,1,12,8,3,59,12,6,1,0,1,1,22,20,22020,4,2006,2G2WP5524611,2,G,2,W,P,5,5,2,4,6,1,1,0,P,PONT,GRA,4D,6,17,3477,,0,1105,,G,,F,6,232,,,16R225,,,,,,0,0,000000000,00000000000,0,0,0,1,0,0,0,0,0,0,0,999,0,0,0,8,6,2,12,0,0,0,1,1,36108,6,1,0,0,3,0,64,170,0,0,0,0,0,0,0,0,0,0,38,0,0,0,2,2,55,1,1,2,1,0,0,1,17,1,1,1,89,0,0
1,10472,2,2,1,12,8,3,59,12,6,1,0,92,0,53,705,53705,80,2009,JS1GR7LA6921,J,S,1,G,R,7,L,A,6,9,2,1,0,M,SUZI,SX7,RC,9,17,,,,,,,750,,4,,4,437,,,,,,,0,0,000000000,00000000000,0,0,0,1,0,0,0,0,0,0,0,135,0,0,0,12,6,2,12,0,0,0,1,1,36116,2,1,2,0,2,0,76,210,0,8,0,1,2,3,2010,4,2012,1,0,0,0,0,2,2,55,1,1,2,1,0,0,1,71,3,1,1,88,1,0
1,10473,1,1,4,14,8,18,10,33,0,1,0,1,2,35,39,35039,4,1996,JN1CA21D8TT1,J,N,1,C,A,2,1,D,8,T,T,1,0,P,NISS,MGS,4D,96,17,2886,,0,1063,,G,,F,6,182,,,15R205,,,,,,0,0,000000000,00000000000,0,0,0,1,0,0,0,0,0,0,0,65,0,1,5,1,6,2,1,0,0,0,1,1,36081,0,0,0,0,0,0,69,155,0,0,0,0,0,0,0,0,0,1,0,0,0,0,1,2,45,2,5,2,1,0,0,14,6,6,4,4,7,1,1
1,10474,1,2,1,10,8,23,27,12,6,1,0,1,1,63,32,63032,4,2011,KNADH4A37B67,K,N,A,D,H,4,A,3,7,B,6,7,0,P,KIA,RBL,4D,11,17,2365,,0,0,,G,,F,4,098,,,000000,,,,,,0,0,000000000,00000000000,0,0,0,1,0,0,0,0,0,0,0,999,0,0,0,12,6,2,12,0,0,0,1,1,35462,6,1,0,0,3,1,75,300,1,0,0,3,0,3,2011,12,2011,0,0,0,0,0,2,2,55,1,1,2,1,0,0,1,55,3,1,1,86,1,0
1,10474,2,2,1,10,8,23,27,12,6,1,0,37,3,85,881,85881,66,2007,1XKDDB9X07J1,1,X,K,D,D,B,9,X,0,7,J,1,1,T,KW,T80,TR,7,17,,8,2600,1600,CON,D,,,6,893,,,,,00000,00,,64,1,57,190818,57190818,3,6,1,1,0,0,0,0,0,0,0,10,0,0,0,4,2,1,12,0,0,0,1,37,28645,6,1,6,0,3,0,68,999,0,0,0,0,0,0,0,0,0,0,38,0,0,0,6,2,70,1,1,2,1,20,3,1,17,1,1,1,87,0,0
1,10475,1,1,1,19,8,7,2,30,0,1,0,1,1,35,421,35421,15,2004,5N1AA08A84N7,5,N,1,A,A,0,8,A,8,4,N,7,0,P,NISS,ARM,UT,4,17,4831,,0,1063,,G,,F,8,342,,,16R255,,,,,,0,0,000000000,00000000000,0,0,0,1,0,0,0,0,0,0,0,999,0,0,0,12,6,2,30,0,0,0,1,1,36116,6,1,6,0,3,0,75,220,1,4,0,0,9,1,2011,8,2012,0,0,0,0,0,2,2,55,1,1,2,1,3,3,1,13,1,1,4,1,1,0
1,10476,1,2,1,12,8,10,44,12,2,1,0,1,1,14,6,14006,4,1997,2MELM75W7VX6,2,M,E,L,M,7,5,W,7,V,X,6,0,P,MERC,MGL,4D,97,17,3796,,0,1144,,G,,F,8,281,,,15R215,,,,,,0,0,000000000,00000000000,0,0,0,1,0,0,0,0,0,0,0,999,0,0,0,12,6,2,12,0,0,0,1,1,36116,6,1,0,0,3,0,68,210,0,1,0,0,0,9,2011,9,2011,0,0,0,0,0,1,2,25,1,1,2,1,20,3,11,15,1,1,1,82,0,0
1,10476,2,2,2,12,8,10,44,12,2,1,0,1,1,72,706,72706,80,1991,1HD1BJL47MY0,1,H,D,1,B,J,L,4,7,M,Y,0,0,M,HD,STC,RS,91,17,,,,,,,1340,,2,,4,710,,,,,,,0,0,000000000,00000000000,0,0,0,1,0,0,0,0,0,0,0,999,0,0,0,12,6,2,12,0,0,0,1,1,36105,6,1,0,0,3,0,72,150,0,0,0,0,0,0,0,0,0,0,89,0,0,0,1,2,35,1,1,2,1,0,0,1,67,1,1,1,83,1,0
1,10477,1,2,1,13,8,16,30,12,2,1,0,1,1,20,481,20481,31,2012,1GCPKSE79CF1,1,G,C,P,K,S,E,7,9,C,F,1,0,T,CHEV,2SK,CW,12,17,,2,0,1435,SIL,F,,,8,323,,,,B,5329,00,,44,0,0,000000000,00000000000,0,0,0,1,0,0,0,0,0,0,0,45,0,0,0,12,6,2,12,0,0,0,1,1,35574,6,1,0,0,3,0,72,275,1,0,0,2,0,8,2009,2,2011,0,0,0,0,0,1,2,40,3,5,2,1,0,0,14,54,7,1,2,52,0,0
1,10477,2,2,1,13,8,16,30,12,2,1,0,1,2,37,32,37032,4,1994,1HGCD5660RA0,1,H,G,C,D,5,6,6,0,R,A,0,0,P,HOND,AEX,4D,94,17,2908,,0,1069,,G,,F,4,132,,,15R195,,,,,,0,0,000000000,00000000000,0,0,0,1,0,0,0,0,0,0,0,50,0,0,0,12,6,2,12,0,0,0,1,1,35481,6,1,0,0,3,1,66,153,0,0,0,0,0,0,0,0,0,0,0,0,0,0,1,2,40,2,6,2,1,0,0,14,54,6,1,1,52,1,0
1,10478,1,2,2,16,8,11,0,12,2,1,0,1,2,20,481,20481,31,1986,1GCEK14H1GF3,1,G,C,E,K,1,4,H,1,G,F,3,0,T,CHEV,K10,PK,86,17,,2,1315,1175,K10,G,,,8,305,,,,B,3871,07,,44,0,0,000000000,00000000000,0,0,0,1,0,0,0,0,0,0,0,45,0,0,0,12,6,2,12,0,0,0,1,1,35960,6,1,0,0,3,1,63,170,0,0,0,2,0,10,2011,4,2012,0,28,0,0,0,1,2,45,3,5,2,1,0,0,14,10,1,1,1,50,1,1
1,10478,2,2,1,16,8,11,0,12,2,1,0,1,3,86,882,86882,63,2009,1M2AU02CX9M0,1,M,2,A,U,0,2,C,X,9,M,0,0,T,MACK,LEU,TB,9,17,,8,0,0,600,D,,,6,659,,,,,00000,00,,64,0,57,193891,57193891,3,2,7,1,0,0,0,0,0,0,0,35,0,0,0,12,6,2,12,0,0,0,1,1,36272,6,1,6,0,3,1,72,230,0,0,0,0,0,0,0,0,0,0,0,0,0,0,1,2,45,2,6,2,1,0,0,14,62,7,1,1,51,0,0
1,10479,1,1,1,17,8,0,35,32,0,1,0,1,2,7,422,7422,15,2005,1D4HD38K85F5,1,D,4,H,D,3,8,K,8,5,F,5,0,P,DODG,DUR,UT,5,17,4566,,0,1192,,G,,F,6,225,,,17R265,,,,,,0,0,000000000,00000000000,0,0,0,1,0,0,0,0,0,0,0,65,0,1,5,12,6,2,1,0,0,0,1,1,36544,1,1,0,0,2,0,62,108,0,3,0,0,0,10,2010,10,2010,1,0,0,0,0,1,2,45,1,6,2,1,0,0,1,12,1,1,4,6,1,1
1,10480,1,2,2,19,8,4,20,12,2,1,0,1,1,30,40,30040,4,2011,3VWLL7AJ6BM0,3,V,W,L,L,7,A,J,6,B,M,0,0,P,VOLK,JTD,4D,11,17,3210,,0,0,,D,,T,4,120,,,000000,,,,,,0,0,000000000,00000000000,0,0,0,1,0,0,0,0,0,0,0,999,0,0,0,12,6,2,12,0,0,0,1,48,77494,6,1,0,0,3,0,999,999,0,0,0,0,0,0,0,0,0,0,0,0,0,0,1,2,55,1,1,2,2,0,0,1,10,1,1,2,50,0,1
1,10480,2,2,1,19,8,4,20,12,2,1,0,1,2,72,706,72706,80,2009,1HD1GY4129K3,1,H,D,1,G,Y,4,1,2,9,K,3,0,M,HD,FTB,RS,9,17,,,,,,,1584,,2,,4,703,,,,,,,0,0,000000000,00000000000,0,0,0,1,0,0,0,0,0,0,0,999,0,0,0,12,6,2,12,0,0,0,1,1,35773,1,1,0,0,2,0,74,190,0,3,0,0,1,9,2010,7,2012,0,0,0,0,0,1,2,55,1,1,2,2,0,0,1,62,1,1,1,51,1,0
1,10481,1,1,1,20,8,6,25,8,0,1,0,1,2,22,441,22441,20,2001,1GMDX03E31D1,1,G,M,D,X,0,3,E,3,1,D,1,0,T,PONT,MON,ES,1,17,,1,0,1200,MON,G,,,6,207,,,,B,3942,00,K,42,0,0,000000000,00000000000,0,0,0,1,0,0,0,0,0,0,0,45,0,0,0,12,6,2,8,0,0,0,1,40,36867,1,1,0,0,2,1,72,210,0,4,0,0,2,4,2010,9,2010,0,0,0,0,0,2,2,55,1,1,2,1,0,0,1,80,1,1,1,13,0,0
1,10482,1,1,1,20,8,23,45,59,0,1,0,1,1,49,48,49048,5,2004,JTKKT6246400,J,T,K,K,T,6,2,4,6,4,0,0,0,P,TOYT,SXA,4H,4,17,2380,,0,933,,G,,F,4,092,,,15R185,,,,,,0,0,000000000,00000000000,0,0,0,1,0,0,0,0,0,0,0,65,0,1,5,2,6,2,42,0,0,0,1,1,35543,6,1,0,0,3,0,74,295,0,0,0,0,0,0,0,0,0,1,0,0,0,0,1,2,55,3,1,2,1,0,0,14,13,1,1,4,1,1,1
1,10483,1,2,1,19,5,13,27,12,6,1,1,1,2,37,32,37032,2,2001,1HGCG22581A0,1,H,G,C,G,2,2,5,8,1,A,0,0,P,HOND,UEX,CP,1,17,3283,,0,1051,,G,,F,6,183,,,16R205,,,,,,0,0,000000000,00000000000,0,0,0,1,0,0,0,0,0,0,0,84,0,0,0,12,6,2,12,0,0,0,1,1,35601,0,0,0,0,0,0,75,200,0,0,0,0,0,0,0,0,0,1,39,0,0,0,1,2,30,1,1,2,1,20,3,1,17,1,1,1,86,0,0
1,10483,2,2,1,19,5,13,27,12,6,1,0,1,1,18,20,18020,4,2003,2G4WF5212312,2,G,4,W,F,5,2,1,2,3,1,2,0,P,BUIC,R/G,4D,3,17,3543,,0,1090,,G,,Z,6,231,,,16R225,,,,,,0,0,000000000,00000000000,0,0,0,1,0,0,0,0,0,0,0,29,0,0,0,3,6,2,12,0,0,0,1,1,35601,6,1,0,0,3,0,60,141,1,0,0,0,0,8,2009,8,2009,0,0,0,0,0,1,2,30,1,1,2,1,20,3,1,66,1,1,1,87,1,0
1,10484,1,1,1,4,6,13,15,34,0,1,0,1,2,12,401,12401,14,2003,1FMDU67E73UB,1,F,M,D,U,6,7,E,7,3,U,B,0,P,FORD,EPR,UT,3,17,3761,,0,1259,,G,,F,6,245,,,16R235,,,,,,0,0,000000000,00000000000,0,0,0,1,0,0,0,0,0,0,0,999,0,1,1,2,6,2,1,0,0,0,1,1,35094,6,1,0,0,3,0,67,120,0,1,0,0,0,3,2010,3,2010,0,0,0,0,0,1,2,40,1,1,2,1,0,0,1,13,1,1,4,1,1,0
1,10485,1,2,1,11,6,5,10,12,6,1,0,28,3,51,881,51881,66,2011,4V4NC9EJ5BN2,4,V,4,N,C,9,E,J,5,B,N,2,1,T,VOLV,VNL,TR,11,17,,8,0,0,VVN,D,,,6,793,,,,,00000,00,,64,1,57,75827,5775827,3,6,1,1,0,0,0,0,0,0,0,999,0,0,0,98,2,1,12,0,0,0,1,28,39701,6,1,6,0,3,1,74,176,0,0,0,0,0,0,0,0,0,0,38,0,0,0,2,2,60,1,1,2,2,0,0,13,53,1,1,1,92,0,0
1,10485,2,2,1,11,6,5,10,12,6,1,0,1,1,12,16,12016,4,1999,2FAFP74W3XX2,2,F,A,F,P,7,4,W,3,X,X,2,0,P,FORD,CVL,4D,99,17,3917,,0,1147,,G,,F,8,281,,,16R225,,,,,,0,0,000000000,00000000000,0,0,0,1,0,0,0,0,0,0,0,999,0,0,0,12,6,2,12,0,0,0,1,1,35126,6,1,0,0,3,0,69,208,0,0,0,0,0,0,0,0,0,0,0,0,0,0,2,2,60,1,1,2,2,0,0,1,56,1,1,1,93,1,0
1,10486,1,2,1,5,8,11,10,12,2,1,0,1,2,49,32,49032,4,1998,2T1BR12EXWC0,2,T,1,B,R,1,2,E,X,W,C,0,0,P,TOYT,UVL,4D,98,17,2414,,0,970,,G,,F,4,109,,,14R175,,,,,,0,0,000000000,00000000000,0,0,0,1,0,0,0,0,0,0,0,45,0,0,0,12,6,2,12,0,0,0,1,1,35096,6,1,0,0,3,0,70,175,0,0,0,0,0,0,0,0,0,0,28,0,0,0,1,2,55,2,1,2,1,0,0,14,10,1,1,2,50,0,0
1,10486,2,2,3,5,8,11,10,12,2,1,0,1,1,63,33,63033,4,2004,KNAFB1215453,K,N,A,F,B,1,2,1,5,4,5,3,0,P,KIA,STL,4D,4,17,2661,,0,1008,,G,,F,4,109,,,14R185,,,,,,0,0,000000000,00000000000,0,0,0,1,0,0,0,0,0,0,0,45,0,0,0,12,6,2,12,0,0,0,1,1,36203,6,1,0,0,3,1,70,220,0,0,0,2,0,11,2009,4,2010,0,0,0,0,0,1,2,55,3,1,2,1,0,0,14,62,1,1,1,51,1,0
1,10487,1,2,1,28,8,16,5,12,6,1,0,47,3,84,881,84881,66,2011,3HSDJSJR8BN3,3,H,S,D,J,S,J,R,8,B,N,3,1,T,INTL,PRO,TR,11,17,,8,0,0,PRO,D,,,6,793,,,,,00000,00,,64,1,57,511412,57511412,3,6,1,1,0,0,0,0,0,0,0,3,0,0,0,8,2,1,12,0,0,0,1,13,30349,6,1,6,0,3,0,70,215,98,0,0,0,0,0,0,0,0,0,38,0,0,0,1,2,45,1,1,2,2,20,3,11,15,1,1,1,82,0,0
1,10487,2,2,1,28,8,16,5,12,6,1,0,1,1,73,709,73709,80,2012,JKAEXMJ18CDA,J,K,A,E,X,M,J,1,8,C,D,A,0,M,KAWK,E2J,RC,12,17,,,,,,,249,,2,,4,375,,,,,,,0,0,000000000,00000000000,0,0,0,1,0,0,0,0,0,0,0,45,0,0,0,12,6,2,12,0,0,0,1,1,36832,6,1,0,0,3,1,72,225,0,0,0,0,0,0,0,0,0,0,0,0,0,0,2,2,45,1,1,2,2,0,0,1,67,3,1,1,83,1,0
1,10488,1,1,4,29,8,3,5,1,0,1,0,1,2,20,481,20481,31,1998,2GCEC19R7W12,2,G,C,E,C,1,9,R,7,W,1,2,0,T,CHEV,GC1,PC,98,17,,2,1555,1415,GM4,G,,,8,350,,,,B,4145,03,,42,0,0,000000000,00000000000,0,0,0,1,0,0,0,0,0,0,0,999,0,1,5,0,6,2,1,0,0,0,1,1,35404,0,0,0,0,0,0,999,999,0,0,0,0,0,0,0,0,0,0,0,0,0,0,1,2,35,1,1,2,1,0,0,1,12,1,1,4,6,1,0
1,10489,1,1,1,2,9,5,0,42,0,1,0,1,1,18,2,18002,4,1997,1G4HP52K9VH4,1,G,4,H,P,5,2,K,9,V,H,4,0,P,BUIC,LCF,4D,97,17,3446,,0,1108,,G,,F,6,231,,,15R205,,,,,,0,0,000000000,00000000000,0,0,0,1,0,0,0,0,0,0,0,999,0,0,0,9,6,2,42,0,0,0,1,1,35404,6,1,0,0,3,0,74,160,0,0,0,0,0,0,0,0,0,0,0,0,0,0,1,2,45,1,1,2,1,0,0,1,12,1,1,4,6,1,1
1,10490,1,4,1,4,9,19,23,12,1,1,0,12,1,20,481,20481,31,2003,1GCEC19T83Z1,1,G,C,E,C,1,9,T,8,3,Z,1,0,T,CHEV,SC1,4C,3,17,,2,1575,1435,SIL,G,,,8,325,,,,B,4534,03,,42,0,0,000000000,00000000000,0,0,0,1,0,0,0,0,0,0,0,70,0,0,0,12,6,2,12,0,0,0,1,12,36303,6,1,0,0,3,1,71,999,0,0,0,1,0,4,2010,4,2010,0,0,0,0,0,2,2,65,1,1,2,1,0,0,1,51,1,1,1,24,0,0
1,10490,2,4,2,4,9,19,23,12,1,1,0,1,1,20,36,20036,2,2006,2G1WM16K4693,2,G,1,W,M,1,6,K,4,6,9,3,0,P,CHEV,M/T,CP,6,17,3461,,0,1105,,F,,F,6,214,,,16R225,,,,,,0,0,000000000,00000000000,0,0,0,1,0,0,0,0,0,0,0,15,0,0,0,6,6,2,12,0,0,1,1,1,36360,6,1,0,0,3,0,69,220,0,0,0,1,0,6,2010,6,2010,0,0,0,0,0,2,2,65,1,1,2,1,0,0,3,53,1,1,1,25,1,0
1,10490,3,4,1,4,9,19,23,12,1,1,0,1,2,23,401,23401,14,2001,1GKCS13W1121,1,G,K,C,S,1,3,W,1,1,2,1,0,T,GMC,JMY,4W,1,17,,1,0,1070,JMY,G,,,6,262,,,,B,3887,00,E,42,0,0,000000000,00000000000,0,0,0,1,0,0,0,0,0,0,0,20,0,0,0,6,2,1,12,0,0,0,1,1,36360,6,1,0,0,3,0,74,230,0,0,0,0,0,0,0,0,0,0,0,0,0,0,2,2,65,1,1,2,1,0,0,3,53,1,1,1,98,0,0
1,10490,4,4,2,4,9,19,23,12,1,1,0,1,2,12,422,12422,15,2006,1FMPU15596LA,1,F,M,P,U,1,5,5,9,6,L,A,0,P,FORD,EPT,UT,6,17,5353,,0,1190,,G,,F,8,329,,,17R265,,,,,,0,0,000000000,00000000000,0,0,0,1,0,0,0,0,0,0,0,0,0,0,0,7,2,1,12,0,0,0,1,1,36303,6,1,0,0,3,1,60,180,0,0,0,0,1,6,2011,6,2011,0,0,0,0,0,2,2,65,1,1,2,1,0,0,11,53,1,1,1,98,0,0
1,10491,1,2,0,6,9,22,41,8,0,1,0,1,6,20,471,20471,30,1997,1GCCS144XV81,1,G,C,C,S,1,4,4,X,V,8,1,0,T,CHEV,S14,PK,97,17,,1,1179,1083,S,G,,,4,133,,,,B,3062,00,,42,0,0,000000000,00000000000,0,0,0,1,0,0,0,0,0,0,0,999,0,0,0,6,6,2,12,0,0,0,0,0,99997,7,6,97,7,6,7,998,997,998,998,998,998,998,98,9998,98,9998,8,0,0,0,0,1,2,55,1,5,2,1,0,0,0,53,0,0,0,98,0,0
1,10491,2,2,1,6,9,22,41,8,0,1,0,1,3,20,481,20481,31,2011,1GCNCPEX3BZ3,1,G,C,N,C,P,E,X,3,B,Z,3,0,T,CHEV,SC1,PK,11,17,,2,1330,1190,SIL,G,,,6,262,,,,B,4443,01,,42,0,0,000000000,00000000000,0,0,0,1,0,0,0,0,0,0,0,999,0,0,0,12,6,2,8,0,0,0,1,1,35040,6,1,0,0,3,1,70,155,1,0,0,1,1,11,2009,7,2012,0,89,0,0,0,1,2,55,1,5,2,1,0,0,15,51,1,1,1,13,0,0
1,10492,1,2,1,20,8,14,15,12,6,1,0,12,1,45,421,45421,15,2004,WP1AA29P14LA,W,P,1,A,A,2,9,P,1,4,L,A,0,P,PORS,POR,UT,4,17,6493,,0,1124,,G,,F,6,195,,,18R255,,,,,,0,0,000000000,00000000000,0,0,0,1,0,0,0,0,0,0,0,45,0,0,0,12,6,2,12,0,0,0,1,12,32539,6,1,0,0,3,1,68,999,0,0,0,1,0,6,2011,6,2011,0,39,0,0,0,1,2,45,1,1,2,1,20,3,1,17,1,1,1,88,0,0
1,10492,2,2,1,20,8,14,15,12,6,1,0,1,1,7,24,7024,4,2010,2B3CA3CVXAH3,2,B,3,C,A,3,C,V,X,A,H,3,0,P,DODG,CHS,4D,10,17,3820,,0,1200,,G,,F,6,214,,,17R215,,,,,,0,0,000000000,00000000000,0,0,0,1,0,0,0,0,0,0,0,45,0,0,0,10,6,2,12,0,0,0,1,1,36313,6,1,0,0,3,0,65,160,0,0,0,0,0,0,0,0,0,0,0,0,0,0,1,2,45,1,1,2,1,0,0,1,66,1,1,1,89,1,0
1,10493,1,2,1,24,8,15,5,12,1,1,0,1,2,23,471,23471,30,1995,1GTCS1443S85,1,G,T,C,S,1,4,4,3,S,8,5,0,T,GMC,SON,PK,95,17,,1,1179,1083,SON,G,,,4,133,,,,B,00000,00,M,42,0,0,000000000,00000000000,0,0,0,1,0,0,0,0,0,0,0,80,0,0,0,12,6,2,12,0,0,0,1,1,35672,0,0,0,0,0,0,999,999,0,0,0,0,0,0,0,0,0,1,0,0,0,0,2,2,65,1,1,2,1,0,0,15,51,1,1,1,24,1,1
1,10493,2,2,1,24,8,15,5,12,1,1,0,1,3,86,881,86881,66,2004,1M1AA18YX4N1,1,M,1,A,A,1,8,Y,X,4,N,1,1,T,MACK,CH6,TR,4,17,,8,0,0,600,D,,,6,728,,,,,00000,00,,64,1,57,790279,57790279,3,6,10,1,0,0,0,0,0,0,0,45,0,0,0,6,0,1,12,0,0,0,1,28,38847,6,1,6,0,3,0,69,145,0,0,0,0,0,0,0,0,0,0,0,0,0,0,2,2,65,1,1,2,1,0,0,1,53,1,1,1,25,0,0
1,10494,1,1,1,24,8,17,50,8,0,1,1,1,1,12,481,12481,31,1999,1FTZF1727XNB,1,F,T,Z,F,1,7,2,7,X,N,B,0,T,FORD,F15,PK,99,17,,1,1385,1199,COF,G,,,6,256,,,,B,00000,00,U,42,0,0,000000000,00000000000,0,0,0,1,0,0,0,0,0,0,0,40,0,0,0,12,4,3,8,0,0,0,1,1,35148,6,1,0,0,3,0,67,150,0,0,0,0,0,0,0,0,0,0,0,0,0,0,1,2,25,3,1,2,1,0,0,14,13,1,1,4,1,0,1
1,10495,1,1,1,24,8,5,40,11,0,1,0,1,3,84,883,84883,66,1996,1HSGGAER9TH2,1,H,S,G,G,A,E,R,9,T,H,2,1,T,INTL,257,TR,96,17,,8,2520,1800,20S,D,,,6,855,,,,,00000,00,,64,1,57,564564,57564564,3,6,10,1,0,0,0,0,0,0,0,55,0,0,0,12,6,2,32,0,0,0,1,1,35592,6,1,6,0,3,1,64,204,0,0,0,0,1,6,2012,6,2012,0,0,0,0,0,1,2,55,1,6,2,1,0,0,1,87,1,1,1,13,1,0
1,10496,1,2,1,24,8,20,50,12,6,1,0,1,1,20,421,20421,15,2007,1GNFC13C47J3,1,G,N,F,C,1,3,C,4,7,J,3,0,P,CHEV,CTA,UT,7,17,5443,,0,1160,,G,,F,8,293,,,17R265,,,,,,0,0,000000000,00000000000,0,0,0,1,0,0,0,0,0,0,0,999,0,0,0,10,6,2,12,0,0,0,1,1,35572,6,1,0,0,3,0,61,100,0,0,0,0,0,0,0,0,0,0,38,0,0,0,1,2,45,1,1,2,1,20,3,1,17,1,1,1,89,1,1
1,10496,2,2,1,24,8,20,50,12,6,1,0,1,4,82,881,82881,66,2005,1FUJA6CK75LV,1,F,U,J,A,6,C,K,7,5,L,V,1,T,FRHT,COL,TR,5,17,,8,0,0,CON,D,,,6,858,,,,,00000,00,,64,1,57,1524306,571524306,3,6,1,1,0,0,0,0,0,0,0,999,0,0,0,12,6,2,12,0,0,0,1,1,35650,6,1,6,0,3,1,69,195,0,0,0,1,0,10,2010,10,2010,0,0,0,0,0,2,2,65,1,1,2,1,0,0,1,66,1,1,1,88,0,0
1,10497,1,1,2,25,8,2,50,42,0,1,0,1,2,12,401,12401,14,1997,1FMDU32X3VUC,1,F,M,D,U,3,2,X,3,V,U,C,0,P,FORD,EPR,UT,97,17,3939,,0,1115,,G,,F,6,245,,,15R225,,,,,,0,0,000000000,00000000000,0,0,0,1,0,0,0,0,0,0,0,70,0,0,0,12,6,2,42,0,0,0,1,1,35085,0,0,0,0,0,0,999,999,0,0,0,0,0,0,0,0,0,1,0,0,0,0,1,2,45,1,6,2,1,0,0,1,12,1,1,4,6,1,0
1,10498,1,1,1,25,8,7,45,32,0,1,0,1,1,35,47,35047,4,1999,1N4DL01D6XC1,1,N,4,D,L,0,1,D,6,X,C,1,0,P,NISS,AGS,4D,99,17,2762,,0,1031,,G,,F,4,146,,,15R195,,,,,,0,0,000000000,00000000000,0,0,0,1,0,0,0,0,0,0,0,55,0,1,5,12,6,2,35,0,0,0,1,1,35089,6,1,0,0,3,1,64,175,0,0,0,0,0,0,0,0,0,0,0,0,0,0,1,2,55,2,6,2,1,0,0,14,12,1,1,4,6,1,0
1,10499,1,1,1,25,8,1,50,38,0,1,0,1,2,7,482,7482,31,2003,1D7HU16N73J6,1,D,7,H,U,1,6,N,7,3,J,6,0,T,DODG,S15,PK,3,17,,2,1405,1205,RPC,G,,,8,287,,,,B,4697,02,E,44,0,0,000000000,00000000000,0,0,0,1,0,0,0,0,0,0,0,50,0,0,0,12,6,2,42,0,0,0,1,1,35650,1,1,1,0,2,0,69,208,2,4,0,0,0,11,2011,8,2012,0,0,0,0,0,1,2,45,1,1,2,1,0,0,1,12,1,1,4,6,1,1