STATE,ST_CASE,VEH_NO,VE_FORMS,NUMOCCS,DAY,MONTH,HOUR,MINUTE,HARM_EV,MAN_COLL,UNITTYPE,HIT_RUN,REG_STAT,OWNER,MAKE,MODEL,MAK_MOD,BODY_TYP,MOD_YEAR,VIN,VIN_1,VIN_2,VIN_3,VIN_4,VIN_5,VIN_6,VIN_7,VIN_8,VIN_9,VIN_10,VIN_11,VIN_12,TOW_VEH,VINTYPE,VINMAKE,VINA_MOD,VIN_BT,VINMODYR,VIN_LNGT,VIN_WGT,WGTCD_TR,WHLBS_LG,WHLBS_SH,SER_TR,FUELCODE,MCYCL_DS,CARBUR,CYLINDER,DISPLACE,MCYCL_CY,MCYCL_WT,TIRE_SZE,TON_RAT,TRK_WT,TRKWTVAR,VIN_REST,WHLDRWHL,J_KNIFE,MCARR_I1,MCARR_I2,MCARR_ID,GVWR,V_CONFIG,CARGO_BT,HAZ_INV,HAZ_PLAC,HAZ_ID,HAZ_CNO,HAZ_REL,BUS_USE,SPEC_USE,EMER_USE,TRAV_SP,UNDERIDE,ROLLOVER,ROLINLOC,IMPACT1,DEFORMED,TOWED,M_HARM,VEH_SC1,VEH_SC2,FIRE_EXP,DR_PRES,L_STATE,DR_ZIP,L_STATUS,L_TYPE,CDL_STAT,L_ENDORS,L_COMPL,L_RESTRI,DR_HGT,DR_WGT,PREV_ACC,PREV_SUS,PREV_DWI,PREV_SPD,PREV_OTH,FIRST_MO,FIRST_YR,LAST_MO,LAST_YR,SPEEDREL,DR_SF1,DR_SF2,DR_SF3,DR_SF4,VTRAFWAY,VNUM_LAN,VSPD_LIM,VALIGN,VPROFILE,VPAVETYP,VSURCOND,VTRAFCON,VTCONT_F,P_CRASH1,P_CRASH2,P_CRASH3,PCRASH4,PCRASH5,ACC_TYPE,DEATHS,DR_DRINK
1,10593,3,3,1,26,9,20,10,12,2,1,0,17,2,84,881,84881,66,2005,2HSCNAPR05C1,2,H,S,C,N,A,P,R,0,5,C,1,1,T,INTL,94I,TR,5,17,,8,0,0,940,D,,,6,915,,,,,00000,00,,64,1,57,141258,57141258,3,6,1,1,0,0,0,0,0,0,0,50,0,0,0,8,2,1,12,0,0,0,1,17,61238,6,1,6,0,3,1,72,168,0,0,0,0,0,0,0,0,0,0,0,0,0,0,1,2,50,1,6,2,1,0,0,1,60,1,1,1,98,0,0
1,10594,1,1,5,30,9,1,0,1,0,1,0,1,1,35,47,35047,4,2005,1N4BL11D95C3,1,N,4,B,L,1,1,D,9,5,C,3,0,P,NISS,ASR,4D,5,17,3101,,0,1102,,G,,F,6,214,,,17R215,,,,,,0,0,000000000,00000000000,0,0,0,1,0,0,0,0,0,0,0,70,0,1,5,0,6,2,1,0,0,0,1,1,35474,1,1,0,0,2,1,65,125,3,2,0,1,0,2,2010,8,2012,1,0,0,0,0,1,2,45,1,1,2,1,0,0,1,6,1,4,4,7,1,1
1,10595,1,2,1,1,10,21,0,12,1,1,0,1,2,18,2,18002,4,2004,1G4HP52K4441,1,G,4,H,P,5,2,K,4,4,4,1,0,P,BUIC,LCF,4D,4,17,3567,,0,1122,,G,,F,6,231,,,15R215,,,,,,0,0,000000000,00000000000,0,0,0,1,0,0,0,0,0,0,0,50,0,0,0,12,6,2,12,0,0,0,1,1,35959,6,1,0,0,3,0,64,175,0,0,0,2,0,9,2011,10,2011,0,0,0,0,0,1,2,55,1,1,2,2,0,0,1,51,1,1,1,24,0,0
1,10595,2,2,1,1,10,21,0,12,1,1,0,92,0,98,998,98998,92,1999,999999999999,9,9,9,9,9,9,9,9,9,9,9,9,1,,,,,,,,,,,,,,,,,,,,,,,,,1,0,000000000,00000000000,0,0,0,1,0,0,0,0,0,0,0,15,0,1,5,6,6,2,12,0,0,0,1,1,35983,6,1,0,0,1,0,62,140,0,0,0,0,0,0,0,0,0,0,0,0,0,0,1,2,55,1,1,2,2,0,0,1,53,1,1,1,25,1,0
1,10596,1,2,2,4,10,13,0,12,6,1,0,1,2,53,706,53706,80,2007,JS1GW71A4721,J,S,1,G,W,7,1,A,4,7,2,1,0,M,SUZI,GRZ,RC,7,17,,,,,,,1299,,4,,4,478,,,,,,,0,0,000000000,00000000000,0,0,0,1,0,0,0,0,0,0,0,60,0,0,0,12,6,2,12,0,0,0,1,1,36260,6,1,0,0,3,0,74,170,0,0,0,0,1,6,2011,6,2011,1,33,0,0,0,1,2,40,1,1,2,1,0,0,6,61,3,1,1,73,2,0
1,10596,2,2,1,4,10,13,0,12,6,1,0,92,0,98,998,98998,92,2005,999999999999,9,9,9,9,9,9,9,9,9,9,9,9,0,,,,,,,,,,,,,,,,,,,,,,,,,0,0,000000000,00000000000,0,0,0,1,0,0,0,0,0,0,0,5,0,0,0,10,6,2,12,0,0,0,1,1,36203,6,1,0,0,1,0,68,200,0,0,0,0,0,0,0,0,0,0,0,0,0,0,1,2,40,1,1,2,1,0,0,11,53,1,1,1,72,0,0
1,10597,1,1,1,5,10,0,1,33,0,1,0,1,1,24,2,24002,2,1993,1G8ZG157XPZ2,1,G,8,Z,G,1,5,7,X,P,Z,2,0,P,STRN,SC2,CP,93,17,0,,0,992,,G,,F,4,116,,,15R195,,,,,,0,0,000000000,00000000000,0,0,0,1,0,0,0,0,0,0,0,999,0,1,5,14,6,2,1,0,0,0,1,1,36360,6,1,0,0,3,0,65,190,0,0,0,1,0,11,2010,11,2010,0,58,0,0,0,1,2,45,2,1,2,1,0,0,14,12,1,2,4,7,1,1
1,10598,1,1,1,5,10,11,53,1,0,1,0,1,2,20,401,20401,14,2002,1GNDS13S9221,1,G,N,D,S,1,3,S,9,2,2,1,0,P,CHEV,TRL,UT,2,17,4442,,0,1130,,G,,F,6,256,,,16R245,,,,,,0,0,000000000,00000000000,0,0,0,1,0,0,0,0,0,0,0,75,0,1,3,0,6,2,1,0,0,0,1,1,36301,6,1,0,0,3,0,71,185,0,0,0,0,0,0,0,0,0,0,89,0,0,0,2,2,65,1,5,2,1,0,0,15,9,6,4,4,7,1,0
1,10599,1,1,1,6,10,23,45,42,0,1,0,1,1,12,17,12017,4,2005,1FAFP53U55A3,1,F,A,F,P,5,3,U,5,5,A,3,0,P,FORD,TSE,4D,5,17,3306,,0,1085,,G,,F,6,182,,,16R215,,,,,,0,0,000000000,00000000000,0,0,0,1,0,0,0,0,0,0,0,65,0,0,0,9,6,2,42,0,0,0,1,1,36744,6,1,0,0,3,0,67,170,0,2,0,0,1,10,2009,3,2011,1,0,0,0,0,1,2,55,1,1,2,1,0,0,1,13,3,1,4,1,1,0
1,10600,1,1,1,7,10,9,5,32,0,1,0,13,3,20,421,20421,15,2002,1GNDT13W52K2,1,G,N,D,T,1,3,W,5,2,K,2,0,P,CHEV,BZR,UT,2,17,4114,,0,1070,,G,,F,6,262,,,000000,,,,,,0,0,000000000,00000000000,0,0,0,1,0,0,0,0,0,0,0,60,0,1,5,1,6,2,1,0,0,0,1,13,30281,6,2,0,0,3,0,69,299,98,0,0,0,0,0,0,0,0,0,0,0,0,0,1,2,55,1,1,2,1,0,0,1,13,1,1,4,1,1,0
1,10601,1,1,5,7,10,1,27,14,0,1,0,1,2,41,37,41037,4,1998,1YVGF22D8W57,1,Y,V,G,F,2,2,D,8,W,5,7,0,P,MAZD,U6X,4D,98,17,2994,,0,1051,,G,,F,6,152,,,15R205,,,,,,0,0,000000000,00000000000,0,0,0,1,0,0,0,0,0,0,0,81,0,0,0,5,6,2,14,0,0,0,1,1,36016,6,1,0,0,3,0,62,125,0,0,0,0,0,0,0,0,0,1,58,0,0,0,1,2,45,3,1,2,1,0,0,14,13,6,4,4,7,1,0
1,10602,1,1,2,7,10,5,0,42,0,1,0,1,2,37,32,37032,4,2001,JHMCG564X1C0,J,H,M,C,G,5,6,4,X,1,C,0,0,P,HOND,ULX,4D,1,17,3031,,0,1069,,G,,F,4,138,,,15R195,,,,,,0,0,000000000,00000000000,0,0,0,1,0,0,0,0,0,0,0,70,0,0,0,2,6,2,42,0,0,0,1,1,36116,2,1,0,0,2,0,69,200,0,4,0,0,0,8,2010,6,2011,1,0,0,0,0,1,2,55,3,1,2,1,0,0,14,13,1,1,4,1,1,1
1,10603,1,1,2,8,10,2,47,41,0,1,0,1,2,35,47,35047,4,2004,1N4AL11D84C1,1,N,4,A,L,1,1,D,8,4,C,1,0,P,NISS,ABS,4D,4,17,2913,,0,1102,,G,,F,4,153,,,16R205,,,,,,0,0,000000000,00000000000,0,0,0,1,0,0,0,0,0,0,0,999,0,1,1,12,6,2,30,0,0,0,1,1,36109,1,1,1,0,2,0,67,155,1,3,1,0,0,3,2012,6,2012,0,0,0,0,0,2,2,45,1,1,2,1,0,0,1,12,1,1,4,6,1,1
1,10604,1,1,1,8,10,19,30,18,0,1,1,1,1,20,481,20481,31,1984,1GCDC14H6EF3,1,G,C,D,C,1,4,H,6,E,F,3,0,T,CHEV,C10,PK,84,17,,1,1315,1175,C10,G,,,8,305,,,,B,3314,08,,42,0,0,000000000,00000000000,0,0,0,1,0,0,0,0,0,0,0,45,0,0,0,12,4,3,8,0,0,0,1,1,35630,6,1,0,0,3,0,70,160,2,2,1,0,0,6,2010,8,2010,0,0,0,0,0,1,2,45,1,6,2,1,0,0,1,13,1,1,4,1,0,1
1,10605,1,1,1,10,10,2,15,32,0,1,0,1,2,24,7,24007,4,2006,1G8AJ55F46Z1,1,G,8,A,J,5,5,F,4,6,Z,1,0,P,STRN,SI2,4D,6,17,2802,,0,1035,,G,,F,4,134,,,15R195,,,,,,0,0,000000000,00000000000,0,0,0,1,0,0,0,0,0,0,0,60,0,1,5,12,6,2,1,0,0,0,1,1,35750,6,1,0,0,3,0,72,200,0,1,0,2,1,12,2009,9,2011,1,58,0,0,0,1,2,45,1,6,2,1,0,0,1,12,7,1,4,1,1,0
1,10606,1,1,1,11,10,11,15,34,0,1,0,1,1,53,706,53706,80,2005,JS1VY52A9521,J,S,1,V,Y,5,2,A,9,5,2,1,0,M,SUZI,C90,RS,5,17,,,,,,,1462,,2,,4,665,,,,,,,0,0,000000000,00000000000,0,0,0,1,0,0,0,0,0,0,0,65,0,0,0,12,6,2,34,0,0,0,1,1,35016,6,1,6,0,3,0,70,160,0,0,0,0,0,0,0,0,0,0,89,0,0,0,2,2,65,1,1,2,1,0,0,1,13,1,1,4,1,1,0
1,10607,1,1,2,12,10,22,33,42,0,1,0,1,2,12,13,12013,4,1997,1FALP13P9VW3,1,F,A,L,P,1,3,P,9,V,W,3,0,P,FORD,EST,4D,97,17,2503,,0,984,,G,,F,4,122,,,14R185,,,,,,0,0,000000000,00000000000,0,0,0,1,0,0,0,0,0,0,0,55,0,0,0,12,6,2,42,0,0,1,1,1,35761,6,1,0,0,3,0,67,160,0,0,0,1,0,2,2010,2,2010,1,0,0,0,0,1,2,25,1,1,2,1,0,0,1,14,1,1,4,14,1,0
1,10608,1,1,1,13,10,10,20,32,0,1,0,1,2,53,705,53705,80,2011,JS1GR7MA5B21,J,S,1,G,R,7,M,A,5,B,2,1,0,M,SUZI,SX7,RC,11,17,,,,,,,750,,4,,4,437,,,,,,,0,0,000000000,00000000000,0,0,0,1,0,0,0,0,0,0,0,100,0,0,0,12,6,2,32,0,0,0,1,1,36360,6,1,0,0,3,1,76,245,1,1,0,2,3,11,2009,2,2012,1,0,0,0,0,1,2,45,2,1,2,1,0,0,14,12,1,1,4,6,1,0
1,10609,1,2,2,14,10,16,15,12,6,1,0,92,0,37,733,37733,90,1997,478TE210XVA0,4,7,8,T,E,2,1,0,X,V,A,0,0,M,HOND,TX5,AT,97,17,,,,,,,249,,1,,4,465,,,,,,,0,0,000000000,00000000000,0,0,0,1,0,0,0,0,0,0,0,999,0,0,0,11,6,2,12,0,0,0,1,99,99999,9,9,99,9,9,9,999,999,99,99,99,99,99,99,9999,99,9999,0,38,0,0,0,1,2,55,2,5,2,1,0,0,11,15,1,1,1,82,1,0
1,10609,2,2,1,14,10,16,15,12,6,1,0,1,2,49,472,49472,30,1998,4TAWN72N9WZ0,4,T,A,W,N,7,2,N,9,W,Z,0,0,T,TOYT,XTR,PK,98,17,,1,0,1219,TAC,G,,,6,206,,,,B,3411,00,U,44,0,0,000000000,00000000000,0,0,0,1,0,0,0,0,0,0,0,55,0,0,0,12,2,3,12,0,0,0,1,1,35552,6,1,0,0,3,0,72,220,0,0,0,1,0,8,2010,8,2010,0,0,0,0,0,1,2,55,3,6,2,1,0,0,14,67,8,1,1,83,0,0
1,10610,1,1,1,14,10,21,30,9,0,1,1,1,2,24,1,24001,4,1999,1G8ZK5277XZ1,1,G,8,Z,K,5,2,7,7,X,Z,1,0,P,STRN,SL2,4D,99,17,2418,,0,1024,,G,,F,4,116,,,15R185,,,,,,0,0,000000000,00000000000,0,0,0,1,0,0,0,0,0,0,0,999,0,0,0,12,2,1,9,0,0,0,1,1,36580,6,1,0,0,3,0,74,165,0,0,0,0,0,0,0,0,0,0,0,0,0,0,1,2,45,1,1,2,1,0,0,1,83,1,1,1,13,0,0
1,10611,1,1,1,14,10,2,40,35,0,1,0,1,2,58,33,58033,4,2002,JNKCP11A42T5,J,N,K,C,P,1,1,A,4,2,T,5,0,P,INFI,G20,4D,2,17,2825,,0,1024,,G,,F,4,122,,,15R195,,,,,,0,0,000000000,00000000000,0,0,0,1,0,0,0,0,0,0,0,70,0,1,5,12,6,2,1,0,0,0,1,1,36756,2,7,0,0,2,2,66,140,0,1,0,0,2,2,2010,8,2010,1,58,73,0,0,1,2,45,3,5,2,1,0,0,14,13,6,4,4,7,1,1
1,10612,1,1,1,15,10,0,15,34,0,1,0,1,1,53,706,53706,80,2003,JS1GW71A6321,J,S,1,G,W,7,1,A,6,3,2,1,0,M,SUZI,GXR,RC,3,17,,,,,,,1298,,4,,4,478,,,,,,,0,0,000000000,00000000000,0,0,0,1,0,0,0,0,0,0,0,35,0,0,0,12,6,2,34,0,0,0,1,1,35405,6,1,0,0,3,1,74,235,0,0,0,0,1,8,2011,8,2011,1,0,0,0,0,1,2,45,3,6,2,2,0,0,14,6,1,1,4,1,1,1
1,10613,1,1,1,16,10,16,6,1,0,1,0,12,2,58,37,58037,4,2006,JNKCV51E86M5,J,N,K,C,V,5,1,E,8,6,M,5,0,P,INFI,G35,4D,6,17,3449,,0,1122,,G,,F,6,214,,,17R215,,,,,,0,0,000000000,00000000000,0,0,0,1,0,0,0,0,0,0,0,130,0,1,5,0,6,2,1,0,0,0,1,1,35226,1,1,1,0,2,2,68,150,0,0,0,0,0,0,0,0,0,0,37,89,74,0,2,2,65,3,5,8,1,0,0,14,13,1,1,4,1,1,1
1,10614,1,2,3,16,10,13,6,1,0,1,0,1,1,23,481,23481,31,2009,1GTEK39J09Z1,1,G,T,E,K,3,9,J,0,9,Z,1,0,T,GMC,2NK,4C,9,17,,2,1575,1339,SIE,G,,,8,323,,,,B,5263,02,4,44,0,0,000000000,00000000000,0,0,0,1,0,0,0,0,0,0,0,999,0,0,0,12,2,3,12,0,0,0,1,1,35115,6,1,6,0,3,0,74,289,2,0,0,0,1,12,2009,8,2010,0,38,0,0,0,2,2,55,1,1,2,1,3,3,11,15,1,1,1,98,0,0
1,10614,2,2,1,16,10,13,6,1,0,1,0,1,1,72,706,72706,80,2012,1HD1KBM14CB6,1,H,D,1,K,B,M,1,4,C,B,6,0,M,HD,FHX,RS,12,17,,,,,,,1690,,2,,4,785,,,,,,,0,0,000000000,00000000000,0,0,0,1,0,0,0,0,0,0,0,55,0,0,0,0,4,3,12,0,0,0,1,28,38821,6,1,6,0,3,0,71,232,0,0,0,0,0,0,0,0,0,0,0,0,0,0,2,2,55,1,1,2,1,3,3,1,62,3,2,1,98,1,0
1,10615,1,2,1,16,10,9,25,12,6,1,0,13,1,18,7,18007,4,2001,2G4WS52J7112,2,G,4,W,S,5,2,J,7,1,1,2,0,P,BUIC,CCU,4D,1,17,3368,,0,1090,,G,,F,6,191,,,15R205,,,,,,0,0,000000000,00000000000,0,0,0,1,0,0,0,0,0,0,0,65,0,1,3,7,6,2,42,0,0,0,1,13,30752,6,1,0,0,3,1,65,240,98,0,0,0,0,0,0,0,0,1,0,0,0,0,2,2,55,1,1,1,1,28,3,15,11,1,1,2,46,1,0
1,10615,2,2,1,16,10,9,25,12,6,1,0,47,3,49,482,49482,31,2008,5TBBV581X8S5,5,T,B,B,V,5,8,1,X,8,S,5,0,T,TOYT,DBL,CW,8,17,,2,0,1457,TUN,G,,,8,348,,,,B,5540,00,7,44,0,0,000000000,00000000000,0,0,0,1,0,0,0,0,0,0,0,65,0,0,0,12,6,2,12,0,0,0,1,47,37642,6,1,0,0,3,0,72,185,0,0,0,0,0,0,0,0,0,1,0,0,0,0,2,2,55,1,1,1,1,28,3,1,60,6,1,1,45,0,0
1,10616,1,2,2,17,10,11,32,12,6,1,0,1,1,6,441,6441,20,2004,2C4GP54L14R5,2,C,4,G,P,5,4,L,1,4,R,5,0,T,CHRY,TOU,ES,4,17,,1,0,1193,TWC,G,,,6,230,,,,,4071,00,,42,0,0,000000000,00000000000,0,0,0,1,0,0,0,0,0,0,0,10,0,0,0,10,6,2,12,0,0,0,1,1,36875,6,1,0,0,3,0,66,183,0,0,0,0,0,0,0,0,0,0,89,38,0,0,2,2,55,1,1,2,1,0,0,1,17,1,1,1,89,1,0
1,10616,2,2,2,17,10,11,32,12,6,1,0,1,2,20,481,20481,31,2000,1GCCS1957Y82,1,G,C,C,S,1,9,5,7,Y,8,2,0,T,CHEV,S14,PC,0,17,,1,0,1229,S,F,,,4,133,,,,B,3185,03,,42,0,0,000000000,00000000000,0,0,0,1,0,0,0,0,0,0,0,55,0,0,0,12,6,2,12,0,0,0,1,1,36877,6,1,0,0,3,1,67,130,1,0,0,0,0,12,2010,12,2010,0,0,0,0,0,2,2,55,1,5,2,1,0,0,1,71,1,1,1,88,0,0
1,10617,1,2,1,17,10,20,44,12,1,1,0,1,1,12,17,12017,4,1997,1FALP52U7VA2,1,F,A,L,P,5,2,U,7,V,A,2,0,P,FORD,TAG,4D,97,17,3329,,0,1085,,G,,F,6,182,,,15R205,,,,,,0,0,000000000,00000000000,0,0,0,1,0,0,0,0,0,0,0,999,0,0,0,12,6,2,19,0,0,0,1,1,36350,6,1,0,0,3,0,65,150,0,0,0,0,0,0,0,0,0,0,0,0,0,0,2,2,45,1,1,2,1,3,3,1,51,1,1,1,24,1,0
1,10617,2,2,1,17,10,20,44,12,1,1,0,1,1,22,20,22020,4,2001,1G2WP52K41F1,1,G,2,W,P,5,2,K,4,1,F,1,0,P,PONT,GPG,4D,1,17,3496,,0,1105,,G,,F,6,231,,,16R225,,,,,,0,0,000000000,00000000000,0,0,0,1,0,0,0,0,0,0,0,10,0,0,0,6,6,2,12,0,0,0,1,1,36350,6,1,0,0,3,0,65,115,0,0,0,0,0,0,0,0,0,0,89,0,0,0,2,2,45,1,1,2,1,3,3,1,53,1,1,1,25,0,0
1,10618,1,1,1,18,10,6,20,18,0,1,0,1,1,12,37,12037,4,2009,1FAHP37N19W1,1,F,A,H,P,3,7,N,1,9,W,1,0,P,FORD,FCL,4D,9,17,2623,,0,1029,,G,,F,4,122,,,16R205,,,,,,0,0,000000000,00000000000,0,0,0,1,0,0,0,0,0,0,0,55,0,0,0,12,6,2,18,0,0,0,1,1,35215,6,1,0,0,3,0,72,230,0,0,0,0,2,8,2011,1,2012,0,0,0,0,0,6,1,70,1,5,2,1,0,0,1,90,1,1,1,12,1,0
1,10619,1,3,2,18,10,5,45,12,6,1,0,28,1,49,40,49040,4,2005,4T1BE32K95U5,4,T,1,B,E,3,2,K,9,5,U,5,0,P,TOYT,XLL,4D,5,17,3108,,0,1071,,G,,F,4,144,,,15R205,,,,,,0,0,000000000,00000000000,0,0,0,1,0,0,0,0,0,0,0,50,0,0,0,11,6,2,12,0,0,0,1,28,39773,6,1,0,0,3,0,72,175,0,0,0,0,0,0,0,0,0,0,38,0,0,0,2,2,70,1,1,2,2,0,0,16,10,1,1,1,47,2,0
1,10619,2,3,2,18,10,5,45,12,6,1,0,39,1,12,37,12037,4,2009,1FAHP32N39W2,1,F,A,H,P,3,2,N,3,9,W,2,0,P,FORD,FSE,CP,9,17,2588,,0,1029,,G,,F,4,122,,,16R205,,,,,,0,0,000000000,00000000000,0,0,0,1,0,0,0,0,0,0,0,75,0,0,0,12,6,2,12,0,0,0,1,39,45377,6,1,0,0,3,0,70,165,0,0,0,1,0,5,2011,5,2011,0,0,0,0,0,2,2,70,1,1,2,2,0,0,1,61,1,1,1,45,0,0
1,10619,3,3,2,18,10,5,45,12,6,1,0,29,1,24,398,24398,4,2005,1G8JD54R55Y5,1,G,8,J,D,5,4,R,5,5,Y,5,0,P,STRN,L32,4D,5,17,3237,,0,1065,,G,,F,6,183,,,16R215,,,,,,0,0,000000000,00000000000,0,0,0,1,0,0,0,0,0,0,0,75,0,0,0,12,6,2,12,0,0,0,1,29,63021,6,1,0,0,3,0,66,175,0,0,0,0,0,0,0,0,0,0,0,0,0,0,2,2,70,1,1,2,2,0,0,1,61,1,1,1,98,0,0
1,10620,1,1,1,19,10,2,30,11,0,1,0,1,1,76,709,76709,80,2009,JYAVP24E69A0,J,Y,A,V,P,2,4,E,6,9,A,0,0,M,YAMA,X13,RS,9,17,,,,,,,1304,,2,,4,624,,,,,,,0,0,000000000,00000000000,0,0,0,1,0,0,0,0,0,0,0,40,0,0,0,12,6,2,11,0,0,0,1,1,36091,6,1,6,0,3,1,67,220,0,0,0,1,0,9,2011,9,2011,0,0,0,0,0,1,2,40,1,1,2,1,0,0,1,87,1,1,1,13,1,0
1,10621,1,1,2,20,10,19,54,53,0,1,0,1,2,20,20,20020,4,1995,2G1WL52M8S93,2,G,1,W,L,5,2,M,8,S,9,3,0,P,CHEV,LUM,4D,95,17,3330,,0,1075,,G,,F,6,191,,,15R205,,,,,,0,0,000000000,00000000000,0,0,0,1,0,0,0,0,0,0,0,90,0,0,0,9,6,2,42,0,0,0,1,1,35971,6,1,0,0,3,0,68,155,0,0,0,1,0,7,2010,7,2010,1,0,0,0,0,1,2,45,2,6,2,1,0,0,14,6,1,3,4,2,2,1
1,10622,1,2,1,20,10,10,15,12,6,1,0,5,1,37,706,37706,80,1999,1HFSC2236XA1,1,H,F,S,C,2,2,3,6,X,A,1,0,M,HOND,1/2,RS,99,17,,,,,,,1520,,6,,4,816,,,,,,,0,0,000000000,00000000000,0,0,0,1,0,0,0,0,0,0,0,55,0,0,0,12,6,2,12,0,0,0,1,5,72542,6,1,6,0,3,0,71,185,0,0,0,0,1,8,2011,8,2011,0,33,0,0,0,1,2,55,1,1,2,1,0,0,6,61,1,1,1,73,1,0
1,10622,2,2,1,20,10,10,15,12,6,1,0,92,0,12,998,12998,92,1994,BD67444,B,D,6,7,4,4,4,,,,,,0,P,FORD,,,94,7,,,,,,,,,,,,,,,,,,,0,0,000000000,00000000000,0,0,0,1,0,0,0,0,0,0,0,10,0,0,0,10,0,1,12,0,0,0,1,1,35481,6,1,0,0,1,0,74,210,0,0,0,1,1,1,2010,3,2011,0,0,0,0,0,1,2,55,1,1,2,1,0,0,11,53,1,1,1,72,0,0
1,10623,1,1,2,20,10,22,40,8,0,1,0,1,1,20,481,20481,31,2011,1GCRCSE0XBZ4,1,G,C,R,C,S,E,0,X,B,Z,4,0,T,CHEV,2SC,4C,11,17,,2,1575,1435,SIL,F,,,8,323,,,,B,4924,03,,42,0,0,000000000,00000000000,0,0,0,1,0,0,0,0,0,0,0,60,0,0,0,12,6,2,8,0,0,0,1,1,35068,6,1,0,0,3,0,70,150,0,0,0,0,0,0,0,0,0,0,0,0,0,0,2,2,60,1,5,2,1,0,0,1,80,1,1,1,13,0,0
1,10624,1,1,1,20,10,22,30,42,0,1,0,1,2,20,481,20481,31,1988,1GCGR23K9JJ1,1,G,C,G,R,2,3,K,9,J,J,1,0,T,CHEV,R20,CW,88,17,,2,0,1645,R20,G,,,8,350,,,,C,4787,04,,42,0,0,000000000,00000000000,0,0,0,1,0,0,0,0,0,0,0,75,0,0,0,12,6,2,42,0,0,0,1,1,35117,6,1,0,0,3,0,70,225,0,0,0,0,0,0,0,0,0,1,0,0,0,0,1,2,55,2,6,2,1,0,0,14,12,1,1,4,6,1,1
1,10625,1,4,1,20,10,5,40,8,0,1,0,1,1,20,36,20036,2,2004,2G1WZ1518491,2,G,1,W,Z,1,5,1,8,4,9,1,0,P,CHEV,MSP,CP,4,17,3395,,0,1105,,G,,Z,6,231,,,17R235,,,,,,0,0,000000000,00000000000,0,0,0,1,0,0,0,0,0,0,0,55,0,0,0,12,6,2,8,0,0,0,1,1,35125,6,1,0,0,3,0,61,128,0,0,0,0,0,0,0,0,0,0,0,0,0,0,1,2,55,1,1,2,1,0,0,1,80,1,1,1,13,0,0
1,10625,2,4,2,20,10,5,40,8,0,1,0,1,1,49,472,49472,30,2002,5TEWM72N02Z0,5,T,E,W,M,7,2,N,0,2,Z,0,0,T,TOYT,XTR,PC,2,17,,1,0,1219,TAC,G,,,4,164,,,,B,3470,00,U,44,0,0,000000000,00000000000,0,0,0,1,0,0,0,0,0,0,0,50,0,0,0,14,0,1,8,0,0,0,1,1,35131,6,1,0,0,3,0,71,195,0,0,0,0,0,0,0,0,0,0,0,0,0,0,1,2,55,1,1,2,1,0,0,1,80,1,1,1,98,0,0
1,10625,3,4,1,20,10,5,40,8,0,1,0,1,2,20,481,20481,31,2000,1GCEK14V2YZ2,1,G,C,E,K,1,4,V,2,Y,Z,2,0,T,CHEV,SK1,PK,0,17,,2,1330,1190,SIL,G,,,8,293,,,,B,4248,02,,44,0,0,000000000,00000000000,0,0,0,1,0,0,0,0,0,0,0,50,0,0,0,14,0,1,8,0,0,0,1,1,35131,6,1,0,0,3,1,72,198,0,0,0,0,0,0,0,0,0,0,0,0,0,0,1,2,55,1,1,2,1,0,0,1,80,1,1,1,98,0,0
1,10625,4,4,1,20,10,5,40,8,0,1,0,1,1,20,481,20481,31,1996,2GCEC19R9T11,2,G,C,E,C,1,9,R,9,T,1,1,0,T,CHEV,GC1,PC,96,17,,2,1555,1415,GM4,G,,,8,350,,,,B,4068,02,,42,0,0,000000000,00000000000,0,0,0,1,0,0,0,0,0,0,0,50,0,0,0,14,0,1,8,0,0,0,1,1,35120,6,1,0,0,3,0,70,190,1,0,0,0,0,3,2012,3,2012,0,0,0,0,0,1,2,55,1,1,2,1,0,0,1,80,1,1,1,98,0,0
1,10626,1,1,1,21,10,21,7,8,0,1,1,99,9,12,999,12999,99,9999,999999999999,9,9,9,9,9,9,9,9,9,9,9,9,0,,,,,,,,,,,,,,,,,,,,,,,,,0,0,000000000,00000000000,0,0,0,1,0,0,0,0,0,0,0,999,0,0,0,99,9,1,8,0,0,0,1,99,99999,9,9,99,9,9,9,999,999,99,99,99,99,99,99,9999,99,9999,9,99,99,99,99,1,2,35,1,1,2,1,0,0,1,80,99,1,1,13,0,0
1,10627,1,1,3,22,10,19,30,42,0,1,0,1,2,12,3,12003,2,1998,1FAFP4049WF1,1,F,A,F,P,4,0,4,9,W,F,1,0,P,FORD,MUS,CP,98,17,3065,,0,1013,,G,,F,6,232,,,15R205,,,,,,0,0,000000000,00000000000,0,0,0,1,0,0,0,0,0,0,0,70,0,0,0,8,6,2,42,0,0,0,1,1,35131,6,1,0,0,3,0,70,171,0,0,0,0,0,0,0,0,0,1,99,99,99,99,1,2,35,3,1,2,1,0,0,14,6,1,3,4,7,1,0
1,10628,1,2,2,23,10,15,15,12,6,1,0,12,1,63,34,63034,4,2007,KNAGE1244751,K,N,A,G,E,1,2,4,4,7,5,1,0,P,KIA,OLE,4D,7,17,3287,,0,1071,,G,,F,6,164,,,16R205,,,,,,0,0,000000000,00000000000,0,0,0,1,0,0,0,0,0,0,0,45,0,0,0,12,6,2,12,0,0,0,1,12,32413,6,1,0,0,3,1,65,999,0,0,0,0,0,0,0,0,0,0,39,0,0,0,2,2,55,1,1,2,1,3,3,1,17,1,1,1,83,0,0
1,10628,2,2,1,23,10,15,15,12,6,1,0,1,2,37,705,37705,80,2003,JH2PF01173K1,J,H,2,P,F,0,1,1,7,3,K,1,0,M,HOND,FSD,MS,3,17,,,,,,,582,,2,,4,485,,,,,,,0,0,000000000,00000000000,0,0,0,1,0,0,0,0,0,0,0,15,0,0,0,11,6,2,12,0,0,0,1,1,36301,6,1,0,0,3,0,66,200,1,0,0,0,0,2,2010,2,2010,0,0,0,0,0,1,2,40,1,1,2,1,3,3,11,66,1,1,1,82,1,0