STATE,ST_CASE,VEH_NO,VE_FORMS,NUMOCCS,DAY,MONTH,HOUR,MINUTE,HARM_EV,MAN_COLL,UNITTYPE,HIT_RUN,REG_STAT,OWNER,MAKE,MODEL,MAK_MOD,BODY_TYP,MOD_YEAR,VIN,VIN_1,VIN_2,VIN_3,VIN_4,VIN_5,VIN_6,VIN_7,VIN_8,VIN_9,VIN_10,VIN_11,VIN_12,TOW_VEH,VINTYPE,VINMAKE,VINA_MOD,VIN_BT,VINMODYR,VIN_LNGT,VIN_WGT,WGTCD_TR,WHLBS_LG,WHLBS_SH,SER_TR,FUELCODE,MCYCL_DS,CARBUR,CYLINDER,DISPLACE,MCYCL_CY,MCYCL_WT,TIRE_SZE,TON_RAT,TRK_WT,TRKWTVAR,VIN_REST,WHLDRWHL,J_KNIFE,MCARR_I1,MCARR_I2,MCARR_ID,GVWR,V_CONFIG,CARGO_BT,HAZ_INV,HAZ_PLAC,HAZ_ID,HAZ_CNO,HAZ_REL,BUS_USE,SPEC_USE,EMER_USE,TRAV_SP,UNDERIDE,ROLLOVER,ROLINLOC,IMPACT1,DEFORMED,TOWED,M_HARM,VEH_SC1,VEH_SC2,FIRE_EXP,DR_PRES,L_STATE,DR_ZIP,L_STATUS,L_TYPE,CDL_STAT,L_ENDORS,L_COMPL,L_RESTRI,DR_HGT,DR_WGT,PREV_ACC,PREV_SUS,PREV_DWI,PREV_SPD,PREV_OTH,FIRST_MO,FIRST_YR,LAST_MO,LAST_YR,SPEEDREL,DR_SF1,DR_SF2,DR_SF3,DR_SF4,VTRAFWAY,VNUM_LAN,VSPD_LIM,VALIGN,VPROFILE,VPAVETYP,VSURCOND,VTRAFCON,VTCONT_F,P_CRASH1,P_CRASH2,P_CRASH3,PCRASH4,PCRASH5,ACC_TYPE,DEATHS,DR_DRINK
1,10629,1,1,1,24,10,5,30,1,0,1,0,1,3,7,482,7482,31,1996,1B7HC16Y2TS5,1,B,7,H,C,1,6,Y,2,T,S,5,0,T,DODG,150,PK,96,17,,2,1347,1187,RPC,G,,,8,318,,,,B,3868,01,M,42,0,0,000000000,00000000000,0,0,0,1,0,0,0,0,0,0,0,65,0,1,5,0,6,2,42,0,0,0,1,1,35473,6,1,0,0,3,0,72,200,0,2,0,0,0,8,2011,8,2011,0,58,0,0,0,2,2,65,2,1,2,1,0,0,14,13,7,3,4,2,1,0
1,10630,1,2,1,25,10,10,24,12,6,1,0,1,2,21,17,21017,4,1993,1G3AG54N9P63,1,G,3,A,G,5,4,N,9,P,6,3,0,P,OLDS,CIS,4D,93,17,2776,,0,1049,,G,,F,6,204,,,14R185,,,,,,0,0,000000000,00000000000,0,0,0,1,0,0,0,0,0,0,0,55,0,0,0,12,6,2,12,0,0,0,1,1,35976,6,1,0,0,3,0,63,155,1,0,0,2,0,7,2010,8,2012,0,39,0,0,0,2,2,55,1,1,2,1,3,3,1,17,1,1,1,88,1,0
1,10630,2,2,4,25,10,10,24,12,6,1,0,1,3,20,2,20002,4,2006,2G1WB58K2692,2,G,1,W,B,5,8,K,2,6,9,2,0,P,CHEV,IPL,4D,6,17,3477,,0,1105,,F,,F,6,214,,,16R225,,,,,,0,0,000000000,00000000000,0,0,0,1,0,0,0,0,0,0,0,5,0,0,0,9,6,2,12,0,0,0,1,1,35956,6,7,0,0,3,1,66,175,0,0,0,0,0,0,0,0,0,0,0,0,0,0,1,2,0,1,1,2,1,3,3,1,66,1,1,1,89,0,0
1,10631,1,2,1,26,10,7,30,12,1,1,0,0,0,98,998,98998,93,1994,476TS700BRS0,4,7,6,T,S,7,0,0,B,R,S,0,0,U,,,,94,17,,,,,,,,,,,,,,,,,,,0,57,324832,57324832,3,2,96,1,0,0,0,0,0,0,0,0,0,0,0,6,2,3,12,0,0,0,1,1,36582,6,1,6,0,3,0,71,190,0,0,0,0,0,0,0,0,0,0,54,0,0,0,3,2,70,1,5,1,1,0,0,5,53,1,1,1,21,0,0
1,10631,2,2,2,26,10,7,30,12,1,1,0,1,2,12,481,12481,31,1995,1FTDF15Y4SNA,1,F,T,D,F,1,5,Y,4,S,N,A,0,T,FORD,F15,PK,95,17,,1,1330,1170,COF,G,,,6,300,,,,B,00000,00,M,42,0,0,000000000,00000000000,0,0,0,1,0,0,0,0,0,0,0,999,0,0,0,12,6,2,12,0,0,0,1,1,36522,6,1,6,0,3,1,65,140,0,0,0,0,0,0,0,0,0,0,0,0,0,0,3,2,70,1,1,1,1,0,0,1,50,8,1,1,20,2,0
1,10632,1,1,1,27,10,22,40,42,0,1,0,1,1,20,481,20481,31,1990,1GCCS1440L08,1,G,C,C,S,1,4,4,0,L,0,8,0,T,CHEV,,,90,17,,,,,,,,,,,,,,,,,,,0,0,000000000,00000000000,0,0,0,1,0,0,0,0,0,0,0,70,0,0,0,12,6,2,42,0,0,1,1,1,35125,2,1,2,0,2,0,73,185,0,0,0,0,0,0,0,0,0,1,0,0,0,0,1,2,45,1,1,2,1,0,0,1,13,1,1,4,1,1,1
1,10633,1,1,1,28,10,0,55,1,0,1,0,1,1,20,481,20481,31,2004,1GCEK14T34Z2,1,G,C,E,K,1,4,T,3,4,Z,2,0,T,CHEV,SK1,PK,4,17,,2,1330,1190,SIL,G,,,8,325,,,,B,4436,00,,44,0,0,000000000,00000000000,0,0,0,1,0,0,0,0,0,0,0,999,0,2,5,0,6,2,1,0,0,0,1,1,36703,6,1,0,0,3,0,66,200,0,1,0,0,2,1,2012,4,2012,0,58,0,0,0,1,2,55,1,1,2,1,0,0,1,12,7,2,4,2,1,1
1,10634,1,2,1,29,10,18,26,12,2,1,0,1,1,7,25,7025,5,2012,1C3CDWBA1CD5,1,C,3,C,D,W,B,A,1,C,D,5,0,P,DODG,CLS,4D,12,17,2940,,0,1037,,G,,F,4,122,,,18R215,,,,,,0,0,000000000,00000000000,0,0,0,1,0,0,0,0,0,0,0,999,0,0,0,12,6,2,12,0,0,0,1,1,36104,6,1,0,0,3,0,72,235,1,0,0,0,0,4,2012,4,2012,0,0,0,0,0,1,2,40,1,1,2,1,0,0,1,10,1,1,2,50,1,0
1,10634,2,2,3,29,10,18,26,12,2,1,0,31,1,12,481,12481,31,2010,1FTFW1EV1AKB,1,F,T,F,W,1,E,V,1,A,K,B,0,T,FORD,F1S,CW,10,17,,2,1570,1450,COF,F,,,8,329,,,,B,5345,00,7,44,0,0,000000000,00000000000,0,0,0,1,0,0,0,0,0,0,0,999,0,0,0,12,6,2,12,0,0,0,1,48,68133,6,1,0,0,3,0,75,200,0,0,0,0,0,0,0,0,0,0,0,0,0,0,1,2,40,1,1,2,1,0,0,1,62,1,1,1,51,0,0
1,10635,1,1,1,4,11,1,58,57,0,1,0,1,2,6,441,6441,20,2001,2C4GP54L81R2,2,C,4,G,P,5,4,L,8,1,R,2,0,T,CHRY,LXI,ES,1,17,,1,0,1193,TWC,G,,,6,230,,,,,4183,00,,42,0,0,000000000,00000000000,0,0,0,1,0,0,0,0,0,0,0,999,0,1,3,12,6,2,57,0,0,0,1,1,36108,6,1,0,0,3,1,66,195,0,0,0,0,0,0,0,0,0,0,0,0,0,0,3,2,70,1,1,2,1,0,0,1,12,1,1,4,6,1,0
1,10636,1,2,2,23,9,16,30,12,6,1,0,1,2,49,32,49032,4,2009,1NXBU40E09Z1,1,N,X,B,U,4,0,E,0,9,Z,1,0,P,TOYT,CBL,4D,9,17,2723,,0,1024,,G,,F,4,110,,,15R195,,,,,,0,0,000000000,00000000000,0,0,0,1,0,0,0,0,0,0,0,20,0,0,0,3,4,3,12,0,0,0,1,1,36445,6,2,0,0,3,0,66,122,0,0,0,0,0,0,0,0,0,0,38,0,0,0,1,2,35,1,5,2,1,0,0,11,15,1,1,1,68,0,0
1,10636,2,2,2,23,9,16,30,12,6,1,0,1,1,76,706,76706,80,2001,JYAVP04E61A0,J,Y,A,V,P,0,4,E,6,1,A,0,0,M,YAMA,ZTF,RS,1,17,,,,,,,1294,,4,,4,807,,,,,,,0,0,000000000,00000000000,0,0,0,1,0,0,0,0,0,0,0,999,0,0,0,12,6,2,12,0,0,0,1,1,36426,6,1,6,0,3,0,71,210,0,0,0,0,1,2,2011,2,2011,0,0,0,0,0,1,2,35,1,6,2,1,0,0,1,62,98,1,1,69,1,0
1,10637,1,2,2,26,10,20,34,12,2,1,0,1,2,12,401,12401,14,1997,1FMDU34E6VUB,1,F,M,D,U,3,4,E,6,V,U,B,0,P,FORD,EPR,UT,97,17,4166,,0,1115,,G,,F,6,245,,,15R225,,,,,,0,0,000000000,00000000000,0,0,0,1,0,0,0,0,0,0,0,999,0,0,0,12,6,2,12,0,0,0,1,1,35674,6,2,0,0,3,0,64,140,0,0,0,0,0,0,0,0,0,0,38,0,0,0,1,2,35,1,1,2,1,0,0,11,15,1,1,1,68,0,0
1,10637,2,2,3,26,10,20,34,12,2,1,0,1,2,35,47,35047,4,1998,1N4DL01D9WC1,1,N,4,D,L,0,1,D,9,W,C,1,0,P,NISS,AGS,4D,98,17,2766,,0,1031,,G,,F,4,146,,,15R195,,,,,,0,0,000000000,00000000000,0,0,0,1,0,0,0,0,0,0,0,999,0,0,0,12,6,2,12,0,0,0,1,1,35661,6,1,0,0,3,1,64,170,0,1,0,0,1,3,2012,4,2012,0,0,0,0,0,1,2,35,1,1,2,1,0,0,1,62,99,1,1,69,3,0
1,10638,1,1,2,31,10,20,48,9,0,1,0,1,4,41,50,41050,4,2012,1YVHZ8DH0C5M,1,Y,V,H,Z,8,D,H,0,C,5,M,0,P,MAZD,M6I,4D,12,17,3329,,0,1098,,G,,F,4,152,,,16R205,,,,,,0,0,000000000,00000000000,0,0,0,1,0,0,0,0,0,0,0,35,0,0,0,12,4,1,9,0,0,0,1,1,35211,1,1,1,0,2,0,72,165,1,4,0,1,2,1,2010,7,2012,0,0,0,0,0,2,2,35,1,1,2,1,0,0,1,83,2,1,1,13,0,0
1,10639,1,1,4,31,10,0,35,42,0,1,0,1,2,41,50,41050,4,2007,1YVHP80C975M,1,Y,V,H,P,8,0,C,9,7,5,M,0,P,MAZD,M6I,4D,7,17,3091,,0,1053,,G,,F,4,138,,,16R205,,,,,,0,0,000000000,00000000000,0,0,0,1,0,0,0,0,0,0,0,999,0,0,0,2,4,8,42,0,0,0,1,1,35215,6,1,0,0,3,0,72,155,1,0,0,0,0,7,2011,7,2011,0,58,0,0,0,1,2,40,1,1,2,1,0,0,17,8,99,1,4,1,1,0
1,10640,1,1,1,27,10,7,51,14,0,1,0,1,1,6,52,6052,6,2004,3C4FY48B64T3,3,C,4,F,Y,4,8,B,6,4,T,3,0,P,CHRY,PTC,SV,4,17,3026,,0,1030,,G,,F,4,148,,,15R195,,,,,,0,0,000000000,00000000000,0,0,0,1,0,0,0,0,0,0,0,999,0,0,0,12,6,2,14,0,0,0,1,1,35014,6,1,0,0,3,0,74,320,0,3,0,0,0,1,2010,1,2010,0,0,0,0,0,3,3,60,1,3,2,1,0,0,1,13,1,1,4,1,1,0
1,10641,1,1,3,18,10,23,50,25,0,1,0,1,2,35,47,35047,4,1997,1N4BU31D2VC1,1,N,4,B,U,3,1,D,2,V,C,1,0,P,NISS,AGS,4D,97,17,2756,,0,1031,,G,,F,4,146,,,15R205,,,,,,0,0,000000000,00000000000,0,0,0,1,0,0,0,0,0,0,0,999,0,1,3,12,6,2,25,0,0,0,1,1,36117,0,0,0,0,0,0,69,162,0,0,0,0,0,0,0,0,0,0,0,0,0,0,3,3,65,1,1,2,1,0,0,1,9,1,9,4,7,1,1
1,10642,1,2,1,18,10,11,55,12,1,1,0,92,0,37,734,37734,90,2006,1HFTE2405645,1,H,F,T,E,2,4,0,5,6,4,5,0,M,HOND,T3M,AT,6,17,,,,,,,329,,1,,4,498,,,,,,,0,0,000000000,00000000000,0,0,0,1,0,0,0,0,0,0,0,25,0,1,1,12,4,1,1,0,0,0,1,13,30138,6,1,0,0,1,0,67,240,98,0,0,0,0,0,0,0,0,0,26,0,0,0,1,2,45,1,1,2,1,0,0,1,52,1,1,1,28,1,0
1,10642,2,2,1,18,10,11,55,12,1,1,0,92,0,37,734,37734,90,9999,999999999999,9,9,9,9,9,9,9,9,9,9,9,9,0,,,,,,,,,,,,,,,,,,,,,,,,,0,0,000000000,00000000000,0,0,0,1,0,0,0,0,0,0,0,10,0,1,1,6,4,1,12,0,0,0,1,13,30138,6,1,0,0,1,0,69,155,98,0,0,0,0,0,0,0,0,0,0,0,0,0,1,2,45,1,1,2,1,0,0,2,53,1,1,1,29,0,0
1,10643,1,2,2,28,10,0,1,12,2,1,0,1,1,12,17,12017,4,1997,1FALP52U2VA2,1,F,A,L,P,5,2,U,2,V,A,2,0,P,FORD,TAG,4D,97,17,3329,,0,1085,,G,,F,6,182,,,15R205,,,,,,0,0,000000000,00000000000,0,0,0,1,0,0,0,0,0,0,0,75,0,1,5,12,6,2,12,0,0,0,1,1,35654,6,1,0,0,3,0,73,150,1,2,1,0,0,1,2011,2,2012,1,16,0,0,0,1,2,45,3,6,2,1,0,0,6,10,1,1,1,50,0,0
1,10643,2,2,2,28,10,0,1,12,2,1,0,1,1,24,1,24001,4,1997,1G8ZK5277VZ1,1,G,8,Z,K,5,2,7,7,V,Z,1,0,P,STRN,SL2,4D,97,17,2362,,0,1024,,G,,F,4,116,,,15R185,,,,,,0,0,000000000,00000000000,0,0,0,1,0,0,0,0,0,0,0,45,0,0,0,12,6,2,12,0,0,0,1,1,35150,6,1,0,0,3,0,73,270,0,1,0,0,0,2,2012,2,2012,0,0,0,0,0,1,2,45,2,5,2,1,0,0,14,62,1,1,1,51,1,0
1,10644,1,2,4,30,10,16,45,12,6,1,0,1,2,9,442,9442,20,1998,1P4GP45G4WB6,1,P,4,G,P,4,5,G,4,W,B,6,0,P,PLYM,VOF,SV,98,17,3587,,0,1133,,F,,F,6,201,,,14R205,,,,,,0,0,000000000,00000000000,0,0,0,1,0,0,0,0,0,0,0,55,0,1,5,3,6,2,12,0,0,0,1,1,36037,2,1,0,0,2,0,67,125,0,1,0,1,0,12,2010,2,2012,0,38,0,0,0,1,2,55,1,1,2,1,0,0,11,10,1,1,1,68,1,0
1,10644,2,2,2,30,10,16,45,12,6,1,0,1,3,84,881,84881,62,2006,1HTMMAAM06H1,1,H,T,M,M,A,A,M,0,6,H,1,0,T,INTL,430,CC,6,17,,6,0,0,40S,D,,,6,466,,,,,00000,00,,42,0,57,148773,57148773,2,2,97,1,0,0,0,0,0,0,0,55,7,1,5,12,6,2,12,0,0,0,1,1,36904,6,1,6,0,3,1,72,220,0,0,0,0,0,0,0,0,0,0,89,0,0,0,1,2,55,1,1,2,1,0,0,1,62,99,1,1,69,0,0
1,10645,1,1,1,31,10,22,15,33,0,1,0,1,1,18,2,18002,4,2001,1G4HR54K51U2,1,G,4,H,R,5,4,K,5,1,U,2,0,P,BUIC,LLF,4D,1,17,3591,,0,1122,,G,,F,6,231,,,15R215,,,,,,0,0,000000000,00000000000,0,0,0,1,0,0,0,0,0,0,0,35,0,1,5,14,6,2,1,0,0,0,1,1,35951,6,1,0,0,3,0,74,280,0,0,0,0,0,0,0,0,0,1,0,0,0,0,1,2,55,2,6,2,1,0,0,14,12,1,1,4,6,1,1
1,10646,1,1,1,31,10,15,0,1,0,1,0,22,3,84,881,84881,66,2011,3HSDJSJR3BN3,3,H,S,D,J,S,J,R,3,B,N,3,1,T,INTL,PRO,TR,11,17,,8,0,0,PRO,D,,,6,793,,,,,00000,00,,64,1,57,297255,57297255,3,6,1,1,0,0,0,0,0,0,0,60,0,1,3,0,6,2,1,0,0,0,1,22,71234,6,1,6,0,3,0,72,270,0,0,0,0,1,3,2011,3,2011,0,58,0,0,0,2,2,70,1,1,2,1,0,0,1,12,7,1,4,6,1,0
1,10647,1,2,2,31,10,5,3,12,1,1,0,1,2,12,13,12013,4,2001,3FAFP13P81R1,3,F,A,F,P,1,3,P,8,1,R,1,0,P,FORD,ESC,4D,1,17,2454,,0,984,,G,,F,4,122,,,14R185,,,,,,0,0,000000000,00000000000,0,0,0,1,0,0,0,0,0,0,0,65,0,0,0,12,6,2,12,0,0,0,1,1,35674,6,1,0,0,3,0,63,115,0,0,0,2,0,4,2010,9,2012,0,0,0,0,0,2,2,65,1,1,2,1,0,0,1,51,1,1,1,24,1,0
1,10647,2,2,1,31,10,5,3,12,1,1,0,1,3,87,881,87881,66,2010,1XPHD49X5AD7,1,X,P,H,D,4,9,X,5,A,D,7,1,T,PTRB,386,TR,10,17,,8,0,0,CON,D,,,6,915,,,,,00000,00,,64,1,57,579346,57579346,3,6,10,1,0,0,0,0,0,0,0,45,0,0,0,6,2,1,12,0,0,0,1,1,35593,6,1,6,0,3,1,72,280,0,0,0,0,2,12,2011,10,2012,0,0,0,0,0,2,2,65,1,1,2,1,0,0,3,53,1,1,1,25,0,0
1,10648,1,3,2,26,10,14,30,12,1,1,0,1,2,21,2,21002,4,1989,1G3HN54C8K18,1,G,3,H,N,5,4,C,8,K,1,8,0,P,OLDS,DRF,4D,89,17,3105,,0,1108,,G,,F,6,231,,,14R205,,,,,,0,0,000000000,00000000000,0,0,0,1,0,0,0,0,0,0,0,0,0,0,0,6,6,2,12,0,0,0,1,1,35630,6,1,0,0,3,0,62,97,0,0,0,0,0,0,0,0,0,0,0,0,0,0,2,2,65,1,3,2,1,0,0,5,53,1,1,1,21,2,0
1,10648,2,3,1,26,10,14,30,12,1,1,0,28,1,2,404,2404,14,2011,1J4RS4GG8BC5,1,J,4,R,S,4,G,G,8,B,C,5,0,T,JEEP,LRO,4W,11,17,,2,0,1148,GCK,F,,,6,220,,,,,4470,00,W,42,0,0,000000000,00000000000,0,0,0,1,0,0,0,0,0,0,0,65,0,1,5,12,6,2,12,0,0,0,1,28,38834,6,1,0,0,3,0,68,170,0,0,0,0,0,0,0,0,0,0,0,0,0,0,2,2,65,1,3,2,1,0,0,1,50,98,1,1,20,0,0
1,10648,3,3,1,26,10,14,30,12,1,1,0,1,1,20,482,20482,31,2007,3GNEC12097G2,3,G,N,E,C,1,2,0,9,7,G,2,0,T,CHEV,CAV,CW,7,17,,2,0,1300,AVL,F,,,8,323,,,,B,5539,00,,42,0,0,000000000,00000000000,0,0,0,1,0,0,0,0,0,0,0,65,0,0,0,4,2,1,54,0,0,0,1,1,36067,6,1,0,0,3,0,69,205,0,0,0,1,0,5,2010,5,2010,0,0,0,0,0,2,2,65,1,3,2,1,0,0,1,98,1,1,1,98,0,0
1,10649,1,1,1,6,11,12,54,42,0,1,0,1,1,12,471,12471,30,1995,1FTCR10A7SUB,1,F,T,C,R,1,0,A,7,S,U,B,0,T,FORD,RNG,PK,95,17,,1,1140,1080,RNG,G,,,4,140,,,,B,00000,00,M,42,0,0,000000000,00000000000,0,0,0,1,0,0,0,0,0,0,0,50,0,0,0,12,6,2,42,0,0,0,1,1,35803,6,1,0,0,3,1,61,130,0,0,0,0,0,0,0,0,0,0,0,0,0,0,1,2,45,1,1,2,1,0,0,1,13,1,1,4,1,1,0
1,10650,1,1,2,15,11,14,5,1,0,1,0,1,1,21,23,21023,4,2000,1G3WH52HXYF1,1,G,3,W,H,5,2,H,X,Y,F,1,0,P,OLDS,IGX,4D,0,17,3455,,0,1090,,G,,F,6,211,,,16R225,,,,,,0,0,000000000,00000000000,0,0,0,1,0,0,0,0,0,0,0,55,0,1,5,0,6,2,1,0,0,0,1,1,35660,6,1,0,0,3,0,62,150,1,0,0,0,0,10,2010,10,2010,0,89,0,0,0,1,2,55,1,1,2,1,0,0,1,13,1,1,4,1,1,0
1,10651,1,2,1,1,11,16,0,12,6,1,0,1,1,20,481,20481,31,1995,2GCEC19K9S12,2,G,C,E,C,1,9,K,9,S,1,2,0,T,CHEV,GC1,PC,95,17,,2,1555,1415,GM4,G,,,8,350,,,,B,4071,02,,42,0,0,000000000,00000000000,0,0,0,1,0,0,0,0,0,0,0,15,0,0,0,2,6,2,12,0,0,0,1,1,36091,6,1,0,0,3,0,68,165,0,0,0,0,0,0,0,0,0,0,38,0,0,0,1,2,45,1,1,2,1,20,3,1,17,1,1,1,87,1,0
1,10651,2,2,3,1,11,16,0,12,6,1,0,1,2,35,47,35047,4,2001,1N4DL01D21C2,1,N,4,D,L,0,1,D,2,1,C,2,0,P,NISS,AXE,4D,1,17,2754,,0,1031,,G,,F,4,146,,,15R195,,,,,,0,0,000000000,00000000000,0,0,0,1,0,0,0,0,0,0,0,55,0,0,0,12,6,2,12,0,0,0,1,48,35010,0,0,0,0,0,0,999,999,0,0,0,0,0,0,0,0,0,0,0,0,0,0,1,2,55,1,6,2,1,4,3,1,66,1,1,1,86,0,0
1,10652,1,1,3,3,11,1,5,42,0,1,0,1,2,12,401,12401,14,2000,1FMZU73XXYZB,1,F,M,Z,U,7,3,X,X,Y,Z,B,0,P,FORD,EPR,UT,0,17,4106,,0,1116,,G,,F,6,245,,,15R235,,,,,,0,0,000000000,00000000000,0,0,0,1,0,0,0,0,0,0,0,60,0,0,0,12,6,2,42,0,0,0,1,1,35803,6,7,0,0,3,1,68,220,0,0,0,0,0,0,0,0,0,0,0,0,0,0,1,2,35,1,5,2,1,0,0,1,13,1,1,4,1,1,1
1,10653,1,1,1,3,11,16,0,59,0,1,0,1,1,7,472,7472,30,1994,1B7FL26G1RW1,1,B,7,F,L,2,6,G,1,R,W,1,0,T,DODG,DAK,PK,94,17,,1,1239,1119,DAK,G,,,4,153,,,,B,2908,01,B,42,0,0,000000000,00000000000,0,0,0,1,0,0,0,0,0,0,0,999,0,1,5,12,6,2,1,0,0,0,1,1,36544,6,1,0,0,3,0,71,140,0,0,0,0,0,0,0,0,0,1,0,0,0,0,1,2,30,2,1,2,1,0,0,14,12,1,1,4,6,1,1
1,10654,1,2,1,3,11,12,22,12,1,1,0,1,1,73,706,73706,80,2005,JKBVNAN195A0,J,K,B,V,N,A,N,1,9,5,A,0,1,M,KAWK,V5N,RS,5,17,,,,,,,1500,,2,,4,659,,,,,,,1,0,000000000,00000000000,0,0,0,1,0,0,0,0,0,0,0,65,0,0,0,12,4,1,54,0,0,0,1,1,35044,6,1,0,0,3,0,69,260,2,0,0,0,0,7,2011,1,2012,0,26,0,0,0,3,3,70,1,6,2,1,0,0,1,52,2,1,1,28,0,0
1,10654,2,2,1,3,11,12,22,12,1,1,0,1,1,72,706,72706,80,1988,1HD1DJL1XJY5,1,H,D,1,D,J,L,1,X,J,Y,5,0,M,HD,FHC,RS,88,17,,,,,,,1340,,2,,4,727,,,,,,,0,0,000000000,00000000000,0,0,0,1,0,0,0,0,0,0,0,5,0,0,0,6,6,2,12,0,0,0,1,1,35136,6,1,0,0,3,0,66,178,0,0,0,0,0,0,0,0,0,0,89,0,0,0,3,3,70,1,6,2,1,0,0,2,53,1,1,1,29,1,0
1,10655,1,1,1,3,11,23,47,40,0,1,0,1,1,2,404,2404,14,2001,1J4GX58S01C5,1,J,4,G,X,5,8,S,0,1,C,5,0,T,JEEP,LMT,4W,1,17,,1,0,1059,GCK,G,,,6,244,,,,,3776,01,E,42,0,0,000000000,00000000000,0,0,0,1,0,0,0,0,0,0,0,45,0,1,5,12,6,2,1,0,0,0,1,1,36863,6,1,6,0,3,0,72,168,0,0,0,1,1,11,2009,4,2012,0,0,0,0,0,1,2,45,3,1,2,1,0,0,14,13,1,1,4,1,1,0
1,10656,1,1,1,5,11,19,10,8,0,1,0,1,1,20,481,20481,31,2007,1GCHC23D97F1,1,G,C,H,C,2,3,D,9,7,F,1,0,T,CHEV,2CH,CW,7,17,,2,1670,1530,SIL,D,,,8,403,,,,C,5594,02,,42,0,0,000000000,00000000000,0,0,0,1,0,0,0,0,0,0,0,55,0,0,0,12,2,1,8,0,0,0,1,1,36320,6,1,0,0,3,1,70,193,0,0,0,0,0,0,0,0,0,0,0,0,0,0,2,2,65,1,1,2,2,0,0,1,81,1,1,1,13,0,0
1,10657,1,2,1,7,11,23,7,12,6,1,0,12,3,51,881,51881,63,2005,4V4NC9TH95N3,4,V,4,N,C,9,T,H,9,5,N,3,5,T,VOLV,VNL,TR,5,17,,8,0,0,VVN,D,,,6,915,,,,,00000,00,,64,1,57,666938,57666938,3,99,12,1,0,0,0,0,0,0,0,56,0,0,0,12,6,2,12,0,0,0,1,12,33125,6,1,6,0,3,0,74,999,0,0,0,0,2,8,2011,12,2011,0,39,0,0,0,2,3,50,1,1,2,1,3,3,1,17,1,1,1,83,0,1
1,10657,2,2,1,7,11,23,7,12,6,1,0,1,2,63,441,63441,20,2006,KNDMB2333660,K,N,D,M,B,2,3,3,3,6,6,0,0,P,KIA,SED,SV,6,17,0,,0,1145,,G,,F,6,231,,,15R215,,,,,,0,0,000000000,00000000000,0,0,0,1,0,0,0,0,0,0,0,17,0,0,0,9,6,2,12,0,0,0,1,17,36330,6,1,0,0,3,1,71,200,0,0,0,0,0,0,0,0,0,0,0,0,0,0,1,2,50,1,1,2,1,3,3,11,66,1,1,1,82,1,0
1,10658,1,1,2,8,11,9,55,34,0,1,0,1,2,35,43,35043,4,1997,1N4AB41D6VC7,1,N,4,A,B,4,1,D,6,V,C,7,0,P,NISS,XGU,4D,97,17,2237,,0,998,,G,,F,4,097,,,13R155,,,,,,0,0,000000000,00000000000,0,0,0,1,0,0,0,0,0,0,0,65,0,0,0,12,6,2,42,0,0,0,1,1,36274,6,7,0,0,3,1,71,200,0,0,0,0,0,0,0,0,0,1,58,0,0,0,1,2,45,2,1,2,1,0,0,14,6,7,1,4,1,1,0
1,10659,1,1,1,9,11,5,15,42,0,1,0,13,1,7,482,7482,31,1996,3B7HF13Z2TG1,3,B,7,H,F,1,3,Z,2,T,G,1,0,T,DODG,150,PC,96,17,,2,1547,1387,RPC,G,,,8,360,,,,B,4725,01,M,44,0,0,000000000,00000000000,0,0,0,1,0,0,0,0,0,0,0,45,0,0,0,12,6,2,42,0,0,0,1,13,30730,6,1,0,0,3,0,77,300,98,0,0,0,1,7,2010,7,2010,0,0,0,0,0,1,2,45,1,1,2,1,0,0,1,12,1,1,4,6,1,0
1,10660,1,1,4,9,11,9,0,1,0,1,0,1,1,19,421,19421,15,2004,1GYEK63N74R1,1,G,Y,E,K,6,3,N,7,4,R,1,0,P,CADI,ESC,UT,4,17,5571,,0,1160,,G,,F,8,364,,,17R265,,,,,,0,0,000000000,00000000000,0,0,0,1,0,0,0,0,0,0,0,80,0,1,5,0,6,2,1,0,0,0,1,1,36617,6,1,0,0,3,0,56,130,0,0,0,0,0,0,0,0,0,0,0,0,0,0,3,5,50,1,1,2,1,0,0,1,8,7,2,4,3,1,0
1,10661,1,2,1,10,11,21,10,12,6,1,0,1,1,7,482,7482,31,2001,3B7HC13Z31G7,3,B,7,H,C,1,3,Z,3,1,G,7,0,T,DODG,Q15,4C,1,17,,2,1547,1387,RPC,G,,,8,360,,,,B,4688,01,U,42,0,0,000000000,00000000000,0,0,0,1,0,0,0,0,0,0,0,35,0,0,0,3,6,2,12,0,0,0,1,1,35810,6,1,0,0,3,0,69,176,0,0,0,0,0,0,0,0,0,0,38,0,0,0,1,2,55,1,1,2,1,3,3,11,15,1,1,1,68,0,1
1,10661,2,2,1,10,11,21,10,12,6,1,0,1,1,72,706,72706,80,2011,1HD1KGM15BB6,1,H,D,1,K,G,M,1,5,B,B,6,0,M,HD,LRU,RS,11,17,,,,,,,1690,,2,,4,850,,,,,,,0,0,000000000,00000000000,0,0,0,1,0,0,0,0,0,0,0,60,0,0,0,12,6,2,12,0,0,0,1,1,35749,6,1,0,0,3,0,73,230,0,0,0,0,0,0,0,0,0,0,0,0,0,0,1,2,55,1,1,2,1,3,3,1,62,1,1,1,69,1,0
1,10662,1,2,1,10,11,8,0,12,2,1,0,1,1,20,471,20471,30,2001,1GCCS1452181,1,G,C,C,S,1,4,5,2,1,8,1,0,T,CHEV,S14,PK,1,17,,1,1179,1083,S,F,,,4,133,,,,B,00000,00,,42,0,0,000000000,00000000000,0,0,0,1,0,0,0,0,0,0,0,55,0,0,0,12,6,2,12,0,0,0,1,1,35058,1,1,1,0,2,0,74,280,3,2,0,4,0,3,2011,6,2012,0,28,0,0,0,1,2,55,2,1,2,1,0,0,14,10,1,1,2,50,1,0