STATE,ST_CASE,VEH_NO,VE_FORMS,NUMOCCS,DAY,MONTH,HOUR,MINUTE,HARM_EV,MAN_COLL,UNITTYPE,HIT_RUN,REG_STAT,OWNER,MAKE,MODEL,MAK_MOD,BODY_TYP,MOD_YEAR,VIN,VIN_1,VIN_2,VIN_3,VIN_4,VIN_5,VIN_6,VIN_7,VIN_8,VIN_9,VIN_10,VIN_11,VIN_12,TOW_VEH,VINTYPE,VINMAKE,VINA_MOD,VIN_BT,VINMODYR,VIN_LNGT,VIN_WGT,WGTCD_TR,WHLBS_LG,WHLBS_SH,SER_TR,FUELCODE,MCYCL_DS,CARBUR,CYLINDER,DISPLACE,MCYCL_CY,MCYCL_WT,TIRE_SZE,TON_RAT,TRK_WT,TRKWTVAR,VIN_REST,WHLDRWHL,J_KNIFE,MCARR_I1,MCARR_I2,MCARR_ID,GVWR,V_CONFIG,CARGO_BT,HAZ_INV,HAZ_PLAC,HAZ_ID,HAZ_CNO,HAZ_REL,BUS_USE,SPEC_USE,EMER_USE,TRAV_SP,UNDERIDE,ROLLOVER,ROLINLOC,IMPACT1,DEFORMED,TOWED,M_HARM,VEH_SC1,VEH_SC2,FIRE_EXP,DR_PRES,L_STATE,DR_ZIP,L_STATUS,L_TYPE,CDL_STAT,L_ENDORS,L_COMPL,L_RESTRI,DR_HGT,DR_WGT,PREV_ACC,PREV_SUS,PREV_DWI,PREV_SPD,PREV_OTH,FIRST_MO,FIRST_YR,LAST_MO,LAST_YR,SPEEDREL,DR_SF1,DR_SF2,DR_SF3,DR_SF4,VTRAFWAY,VNUM_LAN,VSPD_LIM,VALIGN,VPROFILE,VPAVETYP,VSURCOND,VTRAFCON,VTCONT_F,P_CRASH1,P_CRASH2,P_CRASH3,PCRASH4,PCRASH5,ACC_TYPE,DEATHS,DR_DRINK
1,10757,5,5,1,29,12,0,5,25,0,1,0,12,1,72,706,72706,80,2011,1HD1GV419BC3,1,H,D,1,G,V,4,1,9,B,C,3,0,M,HD,XDC,RS,11,17,,,,,,,1584,,2,,4,645,,,,,,,0,0,000000000,00000000000,0,0,0,1,0,0,0,0,0,0,0,50,0,0,0,6,6,2,12,0,0,0,1,12,36527,6,1,0,0,3,0,69,999,0,0,0,3,0,1,2010,3,2012,0,0,0,0,0,3,2,55,2,6,2,2,0,0,15,11,7,1,2,98,1,0
1,10758,1,1,1,29,12,10,20,42,0,1,0,1,1,49,403,49403,14,2002,JTEGD21A3200,J,T,E,G,D,2,1,A,3,2,0,0,0,P,TOYT,HIG,UT,2,17,3485,,0,1069,,G,,F,4,144,,,16R225,,,,,,0,0,000000000,00000000000,0,0,0,1,0,0,0,0,0,0,0,65,0,0,0,12,6,2,42,0,0,0,1,1,35586,6,1,0,0,3,0,69,165,1,2,0,4,1,7,2010,5,2012,0,0,0,0,0,1,2,45,3,5,2,2,0,0,1,13,1,1,4,1,1,0
1,10759,1,1,1,29,12,21,30,34,0,1,0,1,1,20,4,20004,1,2005,1G1YY34U8551,1,G,1,Y,Y,3,4,U,8,5,5,1,0,P,CHEV,CVT,CV,5,17,3199,,0,1057,,G,,F,8,366,,,18R245,,,,,,0,0,000000000,00000000000,0,0,0,1,0,0,0,0,0,0,0,100,0,0,0,14,6,2,42,0,0,0,1,1,35049,6,1,6,0,3,1,71,197,0,0,0,0,0,0,0,0,0,1,0,0,0,0,1,2,55,2,6,2,1,0,0,14,12,1,1,4,6,1,1
1,10760,1,2,1,7,12,8,20,12,6,1,0,1,1,20,481,20481,31,1987,1GCDR14H5HF3,1,G,C,D,R,1,4,H,5,H,F,3,0,T,CHEV,R10,PK,87,17,,1,1315,1175,R10,G,,,8,305,,,,B,3301,06,,42,0,0,000000000,00000000000,0,0,0,1,0,0,0,0,0,0,0,999,0,0,0,9,6,2,12,0,0,0,1,1,36108,6,1,0,0,3,0,64,160,1,0,0,0,0,1,2012,1,2012,0,38,0,0,0,0,0,0,0,0,0,0,0,0,98,17,1,1,1,89,0,0
1,10760,2,2,1,7,12,8,20,12,6,1,0,1,1,23,421,23421,15,1999,1GKEC13R4XR5,1,G,K,E,C,1,3,R,4,X,R,5,0,T,GMC,YUK,4W,99,17,,2,0,1175,YUK,G,,,8,350,,,,B,4865,00,E,42,0,0,000000000,00000000000,0,0,0,1,0,0,0,0,0,0,0,999,0,0,0,12,6,2,12,0,0,0,1,1,36105,6,1,0,0,3,1,65,190,1,0,0,0,0,1,2012,1,2012,0,0,0,0,0,1,2,55,1,1,2,1,0,0,1,71,1,1,1,88,1,0
1,10761,1,1,1,21,12,14,25,42,0,1,0,1,1,12,471,12471,30,1986,1FTCR11T0GUC,1,F,T,C,R,1,1,T,0,G,U,C,0,T,FORD,RNG,PK,86,17,,1,1140,1080,RNG,G,,,6,177,,,,B,00000,00,A,44,0,0,000000000,00000000000,0,0,0,1,0,0,0,0,0,0,0,999,0,0,0,12,6,2,42,0,0,0,1,1,35904,6,1,6,0,3,0,68,150,0,0,0,0,0,0,0,0,0,0,0,0,0,0,1,2,45,3,1,2,1,0,0,14,13,1,1,4,1,1,0
1,10762,1,1,1,19,12,0,52,33,0,1,0,1,1,72,706,72706,80,2003,1HD4CAM153K4,1,H,D,4,C,A,M,1,5,3,K,4,0,M,HD,X88,RS,3,17,,,,,,,883,,2,,4,486,,,,,,,0,0,000000000,00000000000,0,0,0,1,0,0,0,0,0,0,0,999,0,0,0,12,4,1,30,0,0,0,1,1,35601,6,1,0,0,3,1,70,153,1,0,0,2,0,3,2012,8,2012,0,99,99,99,99,2,2,45,2,1,2,1,21,3,10,12,1,1,4,6,1,1
1,10763,1,2,1,25,12,18,53,12,6,1,0,1,1,20,482,20482,31,2003,3GNEC13T23G1,3,G,N,E,C,1,3,T,2,3,G,1,0,T,CHEV,CAV,CW,3,17,,2,0,1300,AVL,G,,,8,325,,,,B,5400,00,,42,0,0,000000000,00000000000,0,0,0,1,0,0,0,0,0,0,0,58,0,1,5,2,6,2,12,0,0,0,1,1,36456,6,1,0,0,3,0,71,157,0,2,0,1,1,11,2011,10,2012,0,39,0,0,0,1,2,35,1,1,2,2,20,3,1,17,1,1,1,87,0,1
1,10763,2,2,2,25,12,18,53,12,6,1,0,13,2,37,32,37032,4,2003,1HGCM56343A0,1,H,G,C,M,5,6,3,4,3,A,0,0,P,HOND,ULX,4D,3,17,3053,,0,1079,,G,,F,4,146,,,15R205,,,,,,0,0,000000000,00000000000,0,0,0,1,0,0,0,0,0,0,0,60,0,0,0,12,6,2,2,0,0,1,1,13,30075,6,1,0,0,3,0,73,240,98,0,0,0,0,0,0,0,0,0,0,0,0,0,1,4,65,1,6,2,2,0,0,1,66,1,1,1,86,1,0
1,10764,1,2,1,29,12,22,35,12,2,1,0,1,2,21,21,21021,4,2001,1G3NL52T61C2,1,G,3,N,L,5,2,T,6,1,C,2,0,P,OLDS,A/G,4D,1,17,3022,,0,1070,,G,,F,4,146,,,15R215,,,,,,0,0,000000000,00000000000,0,0,0,1,0,0,0,0,0,0,0,55,0,0,0,12,6,2,12,0,0,0,1,1,35613,6,1,0,0,3,0,62,120,1,0,0,0,0,10,2012,10,2012,0,28,0,0,0,2,3,55,1,1,2,1,0,0,1,10,1,1,2,50,0,0
1,10764,2,2,1,29,12,22,35,12,2,1,0,1,2,37,31,37031,4,1998,2HGEJ6676WH5,2,H,G,E,J,6,6,7,6,W,H,5,0,P,HOND,UCL,4D,98,17,2426,,0,1032,,G,,F,4,097,,,14R185,,,,,,0,0,000000000,00000000000,0,0,0,1,0,0,0,0,0,0,0,50,0,0,0,12,6,2,12,0,0,0,1,1,35749,6,1,0,0,3,0,64,140,0,0,0,0,0,0,0,0,0,0,0,0,0,0,1,2,55,1,1,2,1,0,0,1,62,1,1,1,51,1,0
1,10765,1,2,3,29,12,18,39,12,2,1,0,1,2,59,34,59034,4,2002,JT8BD69S3201,J,T,8,B,D,6,9,S,3,2,0,1,0,P,LEXS,GS3,4D,2,17,3649,,0,1102,,G,,F,6,183,,,16R215,,,,,,0,0,000000000,00000000000,0,0,0,1,0,0,0,0,0,0,0,130,0,1,5,12,6,2,12,0,0,0,1,1,35476,6,1,0,0,3,0,68,180,1,5,2,0,2,12,2009,7,2012,1,37,0,0,0,1,2,55,1,1,2,1,0,0,6,10,1,1,2,50,2,0
1,10765,2,2,4,29,12,18,39,12,2,1,0,1,2,12,16,12016,4,1995,2FALP74WXSX1,2,F,A,L,P,7,4,W,X,S,X,1,0,P,FORD,CVL,4D,95,17,3779,,0,1144,,G,,F,8,281,,,15R215,,,,,,0,0,000000000,00000000000,0,0,0,1,0,0,0,0,0,0,0,50,0,0,0,12,6,2,12,0,0,0,1,1,35447,6,1,0,0,3,0,73,193,0,0,0,2,0,11,2011,1,2012,0,0,0,0,0,1,2,55,1,1,2,1,0,0,1,62,1,1,1,51,0,0
1,10766,1,2,1,23,8,17,45,12,2,1,0,1,2,59,32,59032,4,1996,JT8BH22F6T00,J,T,8,B,H,2,2,F,6,T,0,0,0,P,LEXS,LS4,4D,96,17,3650,,0,1122,,G,,F,8,242,,,16R225,,,,,,0,0,000000000,00000000000,0,0,0,1,0,0,0,0,0,0,0,55,0,0,0,12,6,2,12,0,0,0,1,1,35171,6,1,0,0,3,0,68,160,2,0,0,0,0,12,2010,2,2012,0,28,0,0,0,1,2,55,1,1,2,1,0,0,1,10,1,1,2,50,1,0
1,10766,2,2,3,23,8,17,45,12,2,1,0,1,1,37,31,37031,3,2002,SHHEP33542U3,S,H,H,E,P,3,3,5,4,2,U,3,0,P,HOND,CVS,2H,2,17,2744,,0,1012,,G,,F,4,122,,,15R195,,,,,,0,0,000000000,00000000000,0,0,0,1,0,0,0,0,0,0,0,50,0,0,0,12,6,2,12,0,0,0,1,1,35045,6,1,0,0,3,1,67,183,0,0,0,0,0,0,0,0,0,0,0,0,0,0,1,2,55,1,1,2,1,0,0,1,62,6,1,1,51,0,0
1,10767,1,1,2,19,12,20,50,34,0,1,0,1,1,20,37,20037,4,1998,1G1ND52T8WY1,1,G,1,N,D,5,2,T,8,W,Y,1,0,P,CHEV,MAL,4D,98,17,3100,,0,1070,,G,,F,4,146,,,15R215,,,,,,0,0,000000000,00000000000,0,0,0,1,0,0,0,0,0,0,0,40,0,0,0,12,6,2,34,0,0,0,1,1,35116,6,1,0,0,3,0,67,128,0,0,0,0,0,0,0,0,0,0,0,0,0,0,1,2,45,4,6,2,1,0,0,14,13,1,1,4,1,1,0
1,10768,1,2,1,4,8,22,51,12,6,1,0,1,1,73,709,73709,80,2009,JKAEXMJ149DA,J,K,A,E,X,M,J,1,4,9,D,A,0,M,KAWK,E2J,RC,9,17,,,,,,,249,,2,,4,374,,,,,,,0,0,000000000,00000000000,0,0,0,1,0,0,0,0,0,0,0,35,0,0,0,12,6,2,12,0,0,0,1,1,36608,6,1,0,0,3,0,66,150,0,0,0,0,1,9,2009,9,2009,0,0,0,0,0,5,4,35,1,1,2,1,0,0,1,66,7,1,2,86,1,0
1,10768,2,2,1,4,8,22,51,12,6,1,0,1,2,49,40,49040,4,1994,4T1GK13E5RU0,4,T,1,G,K,1,3,E,5,R,U,0,0,P,TOYT,XLE,4D,94,17,3131,,0,1031,,G,,F,6,183,,,15R205,,,,,,0,0,000000000,00000000000,0,0,0,1,0,0,0,0,0,0,0,999,0,0,0,1,4,3,12,0,0,0,1,1,36606,6,7,0,0,3,2,64,302,0,0,0,0,0,0,0,0,0,0,39,73,0,0,1,2,25,1,1,1,1,20,3,1,17,1,1,1,87,0,0
1,10769,1,2,1,17,12,17,20,12,6,1,0,1,1,20,36,20036,2,2002,2G1WX15KX292,2,G,1,W,X,1,5,K,X,2,9,2,0,P,CHEV,MSS,CP,2,17,3395,,0,1105,,G,,F,6,231,,,16R225,,,,,,0,0,000000000,00000000000,0,0,0,1,0,0,0,0,0,0,0,75,0,0,0,12,6,2,12,0,0,0,1,1,36756,6,1,5,0,3,0,72,185,0,1,1,0,0,6,2010,7,2010,0,0,0,0,0,1,2,35,1,1,2,1,0,0,1,55,1,1,1,86,1,1
1,10769,2,2,1,17,12,17,20,12,6,1,0,1,3,87,881,87881,66,1997,1XPFDR0XXVN4,1,X,P,F,D,R,0,X,X,V,N,4,1,T,PTRB,378,TR,97,17,,8,0,0,CON,D,,,6,774,,,,,00000,00,,64,1,57,1478729,571478729,3,6,10,1,0,0,0,0,0,0,0,10,0,0,0,4,4,3,12,0,0,0,1,1,36756,6,1,6,0,3,1,72,190,1,1,0,0,0,2,2010,4,2010,0,0,0,0,0,1,2,35,1,1,2,1,0,0,98,55,1,1,1,87,0,0
1,10770,1,1,2,18,9,13,55,24,0,1,0,1,1,30,47,30047,3,2002,3VWCP21C72M4,3,V,W,C,P,2,1,C,7,2,M,4,0,P,VOLK,NGI,2H,2,17,2875,,0,989,,D,,T,4,116,,,16R205,,,,,,0,0,000000000,00000000000,0,0,0,1,0,0,0,0,0,0,0,999,0,1,5,12,6,2,1,0,0,0,1,1,35503,6,1,6,0,3,0,70,300,0,1,0,0,0,4,2012,4,2012,0,0,0,0,0,3,4,60,1,1,2,1,0,0,1,78,7,9,4,3,1,0
1,10771,1,1,1,5,2,4,30,3,0,1,0,1,1,12,481,12481,31,2004,1FTRW12W04KB,1,F,T,R,W,1,2,W,0,4,K,B,0,T,FORD,F1S,CW,4,17,,2,1450,1260,COF,G,,,8,281,,,,B,5270,00,U,42,0,0,000000000,00000000000,0,0,0,1,0,0,0,0,0,0,0,999,0,0,0,0,6,2,3,0,0,0,1,1,35120,6,1,0,0,3,0,67,210,0,0,0,0,0,0,0,0,0,9,99,99,99,99,1,2,40,4,6,2,1,0,0,14,98,99,9,4,0,1,0
1,10772,1,1,1,26,4,0,20,42,0,1,0,1,1,12,401,12401,14,2006,1FTRX12WX6NA,1,F,T,R,X,1,2,W,X,6,N,A,0,T,FORD,F15,4C,6,17,,2,0,1450,COF,G,,,8,281,,,,B,5065,04,E,42,0,0,000000000,00000000000,0,0,0,1,0,0,0,0,0,0,0,999,0,0,0,12,6,2,2,0,0,1,1,1,35216,6,1,0,0,3,1,73,195,0,0,0,1,0,4,2012,4,2012,0,89,0,0,0,3,3,60,8,8,2,1,0,0,1,13,1,1,4,1,1,0
1,10773,1,3,2,17,2,13,15,12,1,1,0,1,1,7,482,7482,31,2005,3D7KS28C95G8,3,D,7,K,S,2,8,C,9,5,G,8,1,T,DODG,SQ2,CW,5,17,,2,1605,1405,RPC,D,,,6,359,,,,C,5886,12,E,44,1,0,000000000,00000000000,0,0,0,1,0,0,0,0,0,0,0,25,0,0,0,12,4,1,12,0,0,0,1,1,35803,6,1,0,0,3,0,68,162,0,0,0,0,0,0,0,0,0,0,0,0,0,0,3,3,60,1,1,2,1,0,0,1,52,4,1,1,28,0,0
1,10773,2,3,3,17,2,13,15,12,1,1,0,39,1,49,442,49442,20,2011,5TDDK3DC7BS0,5,T,D,D,K,3,D,C,7,B,S,0,0,P,TOYT,SIE,SV,11,17,4750,,0,1193,,G,,F,6,214,,,18R235,,,,,,0,0,000000000,00000000000,0,0,0,1,0,0,0,0,0,0,0,999,0,0,0,6,6,2,12,0,0,0,1,39,43021,6,1,0,0,3,0,66,180,0,0,0,0,0,0,0,0,0,0,0,0,0,0,3,3,60,1,1,2,1,0,0,2,53,1,1,1,29,1,0
1,10773,3,3,1,17,2,13,15,12,1,1,0,1,1,49,40,49040,4,2004,4T1BE32K84U8,4,T,1,B,E,3,2,K,8,4,U,8,0,P,TOYT,UXS,4D,4,17,3086,,0,1071,,G,,F,4,144,,,15R205,,,,,,0,0,000000000,00000000000,0,0,0,1,0,0,0,0,0,0,0,999,0,0,0,6,4,1,12,0,0,0,1,1,35116,6,1,0,0,3,0,69,235,1,0,0,0,0,8,2010,8,2010,0,0,0,0,0,3,3,60,1,1,2,1,0,0,2,53,1,1,1,98,0,0
1,10774,1,2,4,13,9,6,30,12,6,1,0,1,1,21,20,21020,4,1993,1G3WH54T3PD3,1,G,3,W,H,5,4,T,3,P,D,3,0,P,OLDS,SUS,4D,93,17,3004,,0,1075,,G,,F,6,191,,,15R205,,,,,,0,0,000000000,00000000000,0,0,0,1,0,0,0,0,0,0,0,50,0,0,0,12,6,2,12,0,0,0,1,1,35020,0,0,0,0,0,0,64,264,0,0,0,0,0,0,0,0,0,0,39,0,0,0,2,2,50,4,1,2,1,3,3,14,17,1,1,1,86,0,0
1,10774,2,2,2,13,9,6,30,12,6,1,0,1,1,49,40,49040,4,1994,JT2SK12E5R02,J,T,2,S,K,1,2,E,5,R,0,2,0,P,TOYT,CLE,4D,94,17,3086,,0,1031,,G,,F,4,132,,,14R195,,,,,,0,0,000000000,00000000000,0,0,0,1,0,0,0,0,0,0,0,25,0,0,0,3,6,2,12,0,0,0,1,1,35226,6,1,0,0,3,0,65,150,1,0,0,0,0,10,2009,10,2009,0,0,0,0,0,1,2,35,1,1,2,1,3,3,1,55,1,1,1,87,1,0
1,10775,1,2,1,25,7,17,42,12,6,1,0,1,2,14,6,14006,4,2003,2MEFM74W43X7,2,M,E,F,M,7,4,W,4,3,X,7,0,P,MERC,GMG,4D,3,17,3958,,0,1147,,G,,F,8,281,,,16R225,,,,,,0,0,000000000,00000000000,0,0,0,1,0,0,0,0,0,0,0,30,0,0,0,10,6,2,12,0,0,0,1,1,35068,6,1,0,0,3,0,63,158,0,0,0,0,0,0,0,0,0,0,38,0,0,0,2,4,55,1,1,2,1,3,3,11,15,99,9,1,68,1,0
1,10775,2,2,1,25,7,17,42,12,6,1,0,1,1,35,39,35039,4,2000,JN1CA31D0YT7,J,N,1,C,A,3,1,D,0,Y,T,7,0,P,NISS,MGS,4D,0,17,3071,,0,1083,,G,,F,6,182,,,15R205,,,,,,0,0,000000000,00000000000,0,0,0,1,0,0,0,0,0,0,0,55,0,0,0,12,6,2,12,0,0,0,1,1,35124,6,1,0,0,3,1,72,165,0,1,0,2,1,5,2010,9,2010,0,0,0,0,0,2,2,55,1,1,2,1,3,3,1,66,1,1,1,69,0,0
1,10776,1,1,1,5,11,19,45,8,0,1,0,1,1,12,401,12401,14,2005,1FMPU17505LA,1,F,M,P,U,1,7,5,0,5,L,A,0,P,FORD,EPT,UT,5,17,5352,,0,1191,,G,,F,8,330,,,17R265,,,,,,0,0,000000000,00000000000,0,0,0,1,0,0,0,0,0,0,0,25,0,0,0,12,4,1,8,0,0,0,1,1,35221,6,1,0,0,3,0,66,180,0,0,0,1,0,2,2012,2,2012,0,0,0,0,0,1,2,30,1,1,2,2,0,0,1,83,4,1,1,13,0,0
1,10777,1,3,1,22,12,7,10,12,6,1,0,1,2,30,47,30047,3,2007,3VWRW31C17M5,3,V,W,R,W,3,1,C,1,7,M,5,0,P,VOLK,BW1,2H,7,17,2917,,0,989,,G,,F,5,151,,,16R205,,,,,,0,0,000000000,00000000000,0,0,0,1,0,0,0,0,0,0,0,999,0,0,0,1,6,2,12,0,0,0,1,1,35214,6,1,0,0,3,1,68,200,1,1,0,0,0,6,2010,7,2010,0,58,0,0,0,2,4,50,1,6,2,1,0,0,1,13,6,4,6,66,1,0
1,10777,2,3,1,22,12,7,10,12,6,1,0,5,3,82,881,82881,66,2010,1FUJGLDR3ALA,1,F,U,J,G,L,D,R,3,A,L,A,1,T,FRHT,125,TR,10,17,,8,0,0,CSC,D,,,6,903,,,,,00000,00,,64,1,57,0080806,570080806,3,6,2,1,0,0,0,0,0,0,0,50,0,0,0,12,4,3,12,0,0,0,1,13,30349,6,1,6,0,3,0,68,150,98,1,0,0,2,8,2011,9,2011,0,0,0,0,0,2,2,50,1,5,2,1,0,0,1,62,7,1,1,98,0,0
1,10777,3,3,3,22,12,7,10,12,6,1,0,47,3,23,421,23421,15,2012,1GKS2CE05CR1,1,G,K,S,2,C,E,0,5,C,R,1,0,T,GMC,YLT,4W,12,17,,2,0,1160,YUK,F,,,8,323,,,,B,5567,00,S,44,0,0,000000000,00000000000,0,0,0,1,0,0,0,0,0,0,0,50,0,0,0,9,6,2,12,0,0,0,1,47,38017,6,1,0,0,3,1,67,220,0,0,0,0,0,0,0,0,0,0,0,0,0,0,2,2,50,1,5,2,1,0,0,1,62,1,1,1,66,0,0
1,10778,1,1,1,25,1,10,45,1,0,1,0,1,1,38,402,38402,14,2002,4S2CK57W7243,4,S,2,C,K,5,7,W,7,2,4,3,0,P,ISU,ROD,UT,2,17,3759,,0,969,,G,,F,6,195,,,16R245,,,,,,0,0,000000000,00000000000,0,0,0,1,0,0,0,0,0,0,0,999,0,9,1,0,6,2,1,0,0,0,1,1,35209,6,1,0,0,3,1,66,180,0,0,0,0,0,0,0,0,0,0,0,0,0,0,1,2,25,1,1,2,1,0,0,1,8,99,9,9,98,1,0
1,10779,1,3,4,25,8,13,53,12,2,1,0,1,2,7,27,7027,6,2009,3D4GG47B59T5,3,D,4,G,G,4,7,B,5,9,T,5,0,P,DODG,JOU,UT,9,17,3796,,0,1138,,G,,F,4,146,,,16R225,,,,,,0,0,000000000,00000000000,0,0,0,1,0,0,0,0,0,0,0,999,0,0,0,12,6,2,12,0,0,0,1,1,35810,0,0,0,0,0,0,65,135,0,1,0,0,1,1,2012,2,2012,0,8,0,0,0,5,4,40,1,1,2,1,0,0,15,54,1,1,1,50,1,0
1,10779,2,3,1,25,8,13,53,12,2,1,0,1,1,49,43,49043,4,1999,4T1BF18B0XU3,4,T,1,B,F,1,8,B,0,X,U,3,0,P,TOYT,UVS,4D,99,17,3340,,0,1071,,G,,F,6,183,,,15R205,,,,,,0,0,000000000,00000000000,0,0,0,1,0,0,0,0,0,0,0,999,0,0,0,12,6,2,12,0,0,0,1,1,35810,6,1,0,0,3,0,61,115,0,0,0,0,0,0,0,0,0,0,0,0,0,0,5,4,45,1,1,2,1,0,0,1,62,1,1,1,51,0,0
1,10779,3,3,1,25,8,13,53,12,2,1,0,1,1,12,402,12402,14,2002,1FMYU03142KC,1,F,M,Y,U,0,3,1,4,2,K,C,0,P,FORD,SPE,UT,2,17,3277,,0,1031,,G,,F,6,181,,,15R225,,,,,,0,0,000000000,00000000000,0,0,0,1,0,0,0,0,0,0,0,999,0,0,0,12,6,2,12,0,0,0,1,1,35806,6,1,0,0,3,1,67,140,0,0,0,0,0,0,0,0,0,0,0,0,0,0,5,4,45,1,1,2,1,0,0,1,62,1,1,1,98,0,0
1,10780,1,3,1,5,4,23,20,12,2,1,0,1,2,7,482,7482,31,2006,1D7HA16N66J1,1,D,7,H,A,1,6,N,6,6,J,1,0,T,DODG,S15,PK,6,17,,2,1405,1205,RPC,G,,,8,287,,,,B,4520,01,E,42,0,0,000000000,00000000000,0,0,0,1,0,0,0,0,0,0,0,999,0,0,0,12,6,2,12,0,0,0,1,1,35235,6,1,6,0,3,0,72,250,1,1,0,0,0,6,2009,6,2010,0,51,0,0,0,3,4,50,4,1,1,1,0,0,14,54,1,1,1,52,1,1
1,10780,2,3,2,5,4,23,20,12,2,1,0,1,3,98,809,98809,62,2002,2FZAAHBW22AH,2,F,Z,A,A,H,B,W,2,2,A,H,5,T,STRG,M65,CC,2,17,,6,0,0,STE,D,,,6,359,,,,,00000,00,,42,1,57,1916650,571916650,2,1,12,1,0,0,0,0,0,0,0,60,0,0,0,12,6,2,12,0,0,0,1,1,35004,6,1,6,0,3,0,69,232,1,0,0,3,0,11,2009,2,2012,0,0,0,0,0,3,4,50,4,1,1,1,0,0,14,54,3,1,1,52,0,0
1,10780,3,3,1,5,4,23,20,12,2,1,0,1,1,37,32,37032,4,2004,1HGCM56684A1,1,H,G,C,M,5,6,6,8,4,A,1,0,P,HOND,UEX,4D,4,17,3109,,0,1079,,G,,F,4,146,,,000000,,,,,,0,0,000000000,00000000000,0,0,0,1,0,0,0,0,0,0,0,50,0,0,0,9,2,1,54,0,0,0,1,1,35023,6,1,0,0,3,0,66,105,0,0,0,0,0,0,0,0,0,0,0,0,0,0,3,4,50,4,1,1,1,0,0,14,54,1,1,1,98,0,0
1,10781,1,1,1,31,5,19,55,42,0,1,0,1,1,76,706,76706,80,2003,JYARN10E23A0,J,Y,A,R,N,1,0,E,2,3,A,0,0,M,YAMA,YFR,RC,3,17,,,,,,,998,,4,,4,382,,,,,,,0,0,000000000,00000000000,0,0,0,1,0,0,0,0,0,0,0,999,0,0,0,99,6,9,42,0,0,0,1,1,35215,6,1,0,0,3,1,68,232,0,0,0,0,0,0,0,0,0,0,89,0,0,0,2,2,50,2,1,2,1,0,0,14,12,1,1,4,6,1,0
1,10782,1,6,3,30,5,15,37,12,7,1,0,1,1,7,482,7482,31,1998,1B7HF13Z0WJ1,1,B,7,H,F,1,3,Z,0,W,J,1,0,T,DODG,Q15,4C,98,17,,2,1547,1387,RPC,G,,,8,360,,,,B,4973,02,U,44,0,0,000000000,00000000000,0,0,0,1,0,0,0,0,0,0,0,999,0,0,0,8,6,2,12,0,0,0,1,1,35210,6,1,0,0,3,0,67,145,0,0,0,0,1,11,2011,11,2011,0,27,0,0,0,3,3,60,3,1,1,1,0,0,15,10,1,1,2,47,1,1
1,10782,2,6,1,30,5,15,37,12,7,1,0,17,4,84,881,84881,63,2007,1HTMMAAN87H5,1,H,T,M,M,A,A,N,8,7,H,5,0,T,INTL,430,CC,7,17,,7,0,0,40S,D,,,6,466,,,,,00000,00,,42,0,57,327574,57327574,3,1,1,1,0,0,0,0,0,0,0,60,0,0,0,2,6,2,12,0,0,0,1,1,35213,6,1,6,0,3,0,72,180,1,0,0,0,0,7,2009,7,2009,0,89,0,0,0,3,3,60,3,1,1,1,0,0,14,61,4,1,1,45,0,0
1,10782,3,6,2,30,5,15,37,12,7,1,0,1,3,7,880,7880,67,2006,3D7MX48C26G1,3,D,7,M,X,4,8,C,2,6,G,1,1,T,DODG,SQ3,CW,6,17,,3,0,1600,RPC,D,,,6,359,,,,D,7287,01,E,44,1,88,888888888,88888888888,2,4,96,1,0,0,0,0,0,0,0,999,0,0,0,9,2,1,54,0,0,0,1,1,35226,6,1,0,0,3,0,76,330,0,0,0,0,0,0,0,0,0,0,0,0,0,0,3,3,60,3,1,1,1,0,0,14,98,1,1,1,98,0,0
1,10782,4,6,1,30,5,15,37,12,7,1,0,1,1,2,404,2404,14,2007,1J8GS48K17C5,1,J,8,G,S,4,8,K,1,7,C,5,0,T,JEEP,LCF,4W,7,17,,1,0,1095,GCK,G,,,6,226,,,,,4205,00,7,42,0,0,000000000,00000000000,0,0,0,1,0,0,0,0,0,0,0,999,0,0,0,12,2,1,54,0,0,0,1,1,35173,6,1,0,0,3,0,70,175,0,0,0,0,1,1,2012,1,2012,0,0,0,0,0,3,3,60,3,1,1,1,0,0,14,98,1,1,1,98,0,0
1,10782,5,6,1,30,5,15,37,12,7,1,0,1,3,20,461,20461,21,2008,1GCHG3967811,1,G,C,H,G,3,9,6,7,8,1,1,0,T,CHEV,E35,EC,8,17,,2,0,1550,EXP,D,,,8,403,,,,D,5642,00,,42,0,0,000000000,00000000000,0,0,0,1,0,0,0,0,0,0,0,999,0,0,0,12,6,2,12,0,0,0,1,1,35207,6,1,0,0,3,0,75,245,0,0,0,0,0,0,0,0,0,0,0,0,0,0,3,3,60,3,1,1,1,0,0,14,62,1,1,1,98,1,0
1,10782,6,6,1,30,5,15,37,12,7,1,0,1,1,19,3,19003,4,1990,1G6CD5332L43,1,G,6,C,D,5,3,3,2,L,4,3,0,P,CADI,DFW,4D,90,17,3382,,0,1138,,G,,F,8,275,,,15R205,,,,,,0,0,000000000,00000000000,0,0,0,1,0,0,0,0,0,0,0,50,0,0,0,12,2,1,54,0,0,0,1,1,35235,6,1,6,0,3,0,75,265,0,0,0,0,0,0,0,0,0,0,89,0,0,0,3,3,60,3,1,1,1,0,0,14,98,1,1,1,98,0,0