STATE,ST_CASE,VEH_NO,VE_FORMS,NUMOCCS,DAY,MONTH,HOUR,MINUTE,HARM_EV,MAN_COLL,UNITTYPE,HIT_RUN,REG_STAT,OWNER,MAKE,MODEL,MAK_MOD,BODY_TYP,MOD_YEAR,VIN,VIN_1,VIN_2,VIN_3,VIN_4,VIN_5,VIN_6,VIN_7,VIN_8,VIN_9,VIN_10,VIN_11,VIN_12,TOW_VEH,VINTYPE,VINMAKE,VINA_MOD,VIN_BT,VINMODYR,VIN_LNGT,VIN_WGT,WGTCD_TR,WHLBS_LG,WHLBS_SH,SER_TR,FUELCODE,MCYCL_DS,CARBUR,CYLINDER,DISPLACE,MCYCL_CY,MCYCL_WT,TIRE_SZE,TON_RAT,TRK_WT,TRKWTVAR,VIN_REST,WHLDRWHL,J_KNIFE,MCARR_I1,MCARR_I2,MCARR_ID,GVWR,V_CONFIG,CARGO_BT,HAZ_INV,HAZ_PLAC,HAZ_ID,HAZ_CNO,HAZ_REL,BUS_USE,SPEC_USE,EMER_USE,TRAV_SP,UNDERIDE,ROLLOVER,ROLINLOC,IMPACT1,DEFORMED,TOWED,M_HARM,VEH_SC1,VEH_SC2,FIRE_EXP,DR_PRES,L_STATE,DR_ZIP,L_STATUS,L_TYPE,CDL_STAT,L_ENDORS,L_COMPL,L_RESTRI,DR_HGT,DR_WGT,PREV_ACC,PREV_SUS,PREV_DWI,PREV_SPD,PREV_OTH,FIRST_MO,FIRST_YR,LAST_MO,LAST_YR,SPEEDREL,DR_SF1,DR_SF2,DR_SF3,DR_SF4,VTRAFWAY,VNUM_LAN,VSPD_LIM,VALIGN,VPROFILE,VPAVETYP,VSURCOND,VTRAFCON,VTCONT_F,P_CRASH1,P_CRASH2,P_CRASH3,PCRASH4,PCRASH5,ACC_TYPE,DEATHS,DR_DRINK
4,40044,2,2,1,3,1,15,27,12,1,1,0,4,1,35,43,35043,4,1998,1N4AB41DXWC7,1,N,4,A,B,4,1,D,X,W,C,7,0,P,NISS,EXE,4D,98,17,2353,,0,998,,G,,F,4,097,,,13R155,,,,,,0,0,000000000,00000000000,0,0,0,1,0,0,0,0,0,0,0,998,0,0,0,6,6,2,30,0,0,0,1,4,85621,6,1,0,0,3,0,62,128,0,0,0,0,0,0,0,0,0,0,0,0,0,0,2,2,35,3,6,2,1,0,0,14,53,1,1,1,25,1,0
4,40045,1,1,1,5,1,17,50,24,0,1,0,19,1,76,705,76705,80,2003,JYAVM01E13A0,J,Y,A,V,M,0,1,E,1,3,A,0,0,M,YAMA,V6A,RS,3,17,,,,,,,649,,2,,4,505,,,,,,,0,0,000000000,00000000000,0,0,0,1,0,0,0,0,0,0,0,50,0,0,0,99,6,2,24,0,0,0,1,19,52302,6,1,0,0,3,0,70,150,1,0,0,0,0,9,2010,9,2010,1,0,0,0,0,3,1,35,2,5,2,1,0,0,14,12,1,1,4,6,1,1
4,40047,1,2,1,12,1,6,25,12,6,1,0,4,2,20,403,20403,14,2003,1GNDT13S7322,1,G,N,D,T,1,3,S,7,3,2,2,0,P,CHEV,TRL,UT,3,17,4600,,0,1130,,G,,F,6,256,,,16R245,,,,,,0,0,000000000,00000000000,0,0,0,1,0,0,0,0,0,0,0,32,0,0,0,12,6,2,12,0,0,0,1,4,85023,6,1,0,0,3,0,71,242,0,0,0,0,1,10,2009,10,2009,0,39,0,0,0,4,2,35,1,1,2,1,2,3,1,17,1,1,1,86,0,0
4,40047,2,2,1,12,1,6,25,12,6,1,0,4,1,76,706,76706,80,2003,JYARN10E83A0,J,Y,A,R,N,1,0,E,8,3,A,0,0,M,YAMA,YFR,RC,3,17,,,,,,,998,,4,,4,382,,,,,,,0,0,000000000,00000000000,0,0,0,1,0,0,0,0,0,0,0,26,0,0,0,82,6,2,12,0,0,0,1,4,85225,6,1,0,0,3,0,70,230,0,0,0,0,0,0,0,0,0,0,0,0,0,0,2,3,40,1,1,2,1,2,3,1,66,1,1,1,87,1,0
4,40048,1,1,1,13,1,15,1,9,0,1,1,4,1,20,421,20421,15,1998,1GNCS13W0W21,1,G,N,C,S,1,3,W,0,W,2,1,0,P,CHEV,BZR,UT,98,17,3685,,0,1070,,G,,F,6,262,,,15R235,,,,,,0,0,000000000,00000000000,0,0,0,1,0,0,0,0,0,0,0,30,0,0,0,12,4,1,9,0,0,0,1,4,85023,6,1,0,0,3,0,71,165,0,0,0,0,0,0,0,0,0,1,91,0,0,0,2,2,40,1,1,2,1,2,3,1,83,1,1,1,13,0,1
4,40049,1,2,1,14,1,2,25,8,0,1,1,99,9,99,999,99999,99,9999,999999999999,9,9,9,9,9,9,9,9,9,9,9,9,0,,,,,,,,,,,,,,,,,,,,,,,,,0,0,000000000,00000000000,0,0,0,1,0,0,0,0,0,0,0,999,0,0,0,12,9,1,8,0,0,0,1,99,99999,9,9,99,0,9,9,999,999,99,99,99,99,99,99,9999,99,9999,9,99,99,99,99,5,5,40,1,1,2,1,0,0,1,80,99,9,9,13,0,0
4,40049,2,2,1,14,1,2,25,8,0,1,0,18,3,84,881,84881,66,1999,2HSFPAEN1XC0,2,H,S,F,P,A,E,N,1,X,C,0,0,T,INTL,910,TR,99,17,,7,1850,1400,910,D,,,6,855,,,,,00000,00,,42,0,57,121058,57121058,3,5,96,1,0,0,0,0,0,0,0,30,0,0,0,14,0,1,8,0,0,0,1,4,85345,6,1,6,0,3,3,73,160,0,0,0,0,0,0,0,0,0,0,0,0,0,0,5,5,40,1,1,2,1,0,0,1,80,6,1,3,98,0,0
4,40050,1,1,1,14,1,18,0,8,0,1,0,4,1,35,47,35047,2,2012,1N4AL2EP4CC1,1,N,4,A,L,2,E,P,4,C,C,1,0,P,NISS,A5S,CP,12,17,3081,,0,1053,,G,,F,4,153,,,17R215,,,,,,0,0,000000000,00000000000,0,0,0,1,0,0,0,0,0,0,0,998,0,0,0,12,6,2,8,0,0,0,1,4,85301,6,1,0,0,3,0,68,150,0,7,0,2,4,12,2009,10,2011,0,99,99,99,99,5,5,40,1,1,2,1,0,0,1,80,1,1,1,13,0,0
4,40051,1,2,2,15,1,1,4,33,0,1,0,4,1,7,24,7024,4,2008,2B3KA43R08H1,2,B,3,K,A,4,3,R,0,8,H,1,0,P,DODG,CHA,4D,8,17,3727,,0,1200,,G,,F,6,165,,,17R215,,,,,,0,0,000000000,00000000000,0,0,0,1,0,0,0,0,0,0,0,998,0,0,0,14,6,2,12,0,0,0,1,4,85714,6,1,0,0,3,3,71,280,0,0,0,0,0,0,0,0,0,1,51,0,0,0,2,2,98,1,1,2,1,2,3,1,6,1,9,4,2,1,1
4,40051,2,2,1,15,1,1,4,33,0,1,0,4,1,35,47,35047,4,2007,1N4AL21EX7N4,1,N,4,A,L,2,1,E,X,7,N,4,0,P,NISS,ATS,4D,7,17,3042,,0,1093,,G,,F,4,153,,,16R215,,,,,,0,0,000000000,00000000000,0,0,0,1,0,0,0,0,0,0,0,998,0,0,0,12,6,2,12,0,0,0,1,4,85706,6,1,0,0,3,3,65,150,0,2,1,1,0,4,2009,11,2009,0,0,0,0,0,2,2,98,2,1,2,1,0,0,14,54,1,1,1,98,0,1
4,40052,1,2,1,20,1,15,55,12,6,1,0,4,1,72,706,72706,80,2006,1HD1KBW356Y6,1,H,D,1,K,B,W,3,5,6,Y,6,0,M,HD,FH2,RS,6,17,,,,,,,1450,,2,,4,0000,,,,,,,0,0,000000000,00000000000,0,0,0,1,0,0,0,0,0,0,0,41,0,0,0,12,6,2,12,0,0,0,1,4,85143,1,1,0,0,2,0,67,142,0,5,2,0,0,10,2010,10,2011,0,27,0,0,0,2,2,35,1,1,2,1,3,3,15,17,1,1,1,69,1,1
4,40052,2,2,1,20,1,15,55,12,6,1,0,4,1,12,481,12481,31,2003,2FTRX17263CA,2,F,T,R,X,1,7,2,6,3,C,A,0,T,FORD,F15,4C,3,17,,2,1571,1385,COF,G,,,6,256,,,,B,4060,00,U,42,0,0,000000000,00000000000,0,0,0,1,0,0,0,0,0,0,0,12,0,0,0,4,2,1,12,0,0,0,1,4,85203,6,1,0,0,3,0,69,195,0,0,0,1,0,8,2010,8,2010,0,0,0,0,0,2,2,45,1,1,2,1,3,3,11,66,1,1,1,68,0,0
4,40053,1,1,1,20,1,15,48,9,0,1,0,4,1,35,47,35047,4,1998,1N4DL01D9WC1,1,N,4,D,L,0,1,D,9,W,C,1,0,P,NISS,AGS,4D,98,17,2766,,0,1031,,G,,F,4,146,,,15R195,,,,,,0,0,000000000,00000000000,0,0,0,1,0,0,0,0,0,0,0,43,0,0,0,12,4,3,9,0,0,0,1,4,85041,6,1,0,0,3,0,61,170,0,0,0,0,0,0,0,0,0,0,0,0,0,0,5,5,40,1,1,2,1,0,0,1,83,1,1,1,13,0,0
4,40054,1,1,2,22,1,99,99,99,0,1,9,99,9,99,999,99999,99,9999,999999999999,9,9,9,9,9,9,9,9,9,9,9,9,0,,,,,,,,,,,,,,,,,,,,,,,,,0,0,000000000,00000000000,0,0,0,1,0,0,0,0,0,0,0,999,0,0,0,99,9,9,99,0,0,0,1,99,99999,9,9,99,0,9,9,999,999,99,99,99,99,99,99,9999,99,9999,9,99,99,99,99,9,9,99,9,9,9,99,0,0,99,99,99,9,9,99,1,0
4,40055,1,2,1,22,1,18,51,12,6,1,1,4,2,34,401,34401,14,2001,WBAFA53561LM,W,B,A,F,A,5,3,5,6,1,L,M,0,P,BMW,BX5,UT,1,17,4519,,0,1110,,G,,F,6,182,,,18R235,,,,,,0,0,000000000,00000000000,0,0,0,1,0,0,0,0,0,0,0,998,0,0,0,12,6,2,12,0,0,0,1,4,85623,1,1,0,0,2,0,72,180,0,2,0,1,0,10,2011,10,2011,0,38,0,0,0,2,3,98,1,1,2,1,3,3,11,15,99,1,1,68,0,0
4,40055,2,2,1,22,1,18,51,12,6,1,0,4,1,72,706,72706,80,1999,1HD1BJL43XY0,1,H,D,1,B,J,L,4,3,X,Y,0,0,M,HD,STC,RS,99,17,,,,,,,1340,,2,,4,704,,,,,,,0,0,000000000,00000000000,0,0,0,1,0,0,0,0,0,0,0,998,0,0,0,62,6,2,12,0,0,0,1,4,85716,6,1,0,0,3,0,69,230,0,0,0,0,0,0,0,0,0,0,0,0,0,0,2,3,98,1,1,2,1,3,3,1,62,99,1,1,69,1,1
4,40056,1,1,1,23,1,1,47,30,0,1,0,4,1,55,33,55033,4,2004,KMHWF35H64A9,K,M,H,W,F,3,5,H,6,4,A,9,0,P,HYUN,SGX,4D,4,17,3212,,0,1063,,G,,F,6,162,,,16R205,,,,,,0,0,000000000,00000000000,0,0,0,1,0,0,0,0,0,0,0,106,0,0,0,9,6,2,30,0,0,0,1,4,85712,1,1,0,0,2,0,68,130,0,2,0,0,1,2,2009,10,2010,1,0,0,0,0,2,3,40,4,1,2,1,0,0,14,13,1,9,4,1,1,1
4,40057,1,2,1,24,1,12,44,12,2,1,0,4,3,85,881,85881,66,2001,1XKDA08X51J8,1,X,K,D,A,0,8,X,5,1,J,8,1,T,KW,T80,TR,1,17,,8,2600,1600,CON,D,,,6,661,,,,,00000,00,,42,3,57,139548,57139548,3,6,2,1,0,0,0,0,0,0,0,60,0,1,5,12,6,2,12,0,0,0,1,4,85710,6,1,6,0,3,3,76,290,0,0,0,0,1,7,2010,7,2010,0,28,0,0,0,1,2,55,1,6,2,1,0,0,1,10,1,1,2,50,0,0
4,40057,2,2,1,24,1,12,44,12,2,1,0,4,1,72,706,72706,80,2005,1HD1CGP175K4,1,H,D,1,C,G,P,1,7,5,K,4,0,M,HD,20C,RS,5,17,,,,,,,1199,,2,,4,554,,,,,,,0,0,000000000,00000000000,0,0,0,1,0,0,0,0,0,0,0,55,0,0,0,12,6,2,12,0,0,0,1,4,85501,6,1,0,0,3,3,70,165,0,2,0,0,0,10,2010,11,2010,0,0,0,0,0,1,2,55,1,5,2,1,0,0,1,62,4,2,1,51,1,0
4,40058,1,1,2,26,1,18,35,8,0,1,0,4,2,12,17,12017,4,1995,1FALP52U0SG2,1,F,A,L,P,5,2,U,0,S,G,2,0,P,FORD,TGS,4D,95,17,3118,,0,1060,,G,,F,6,182,,,15R205,,,,,,0,0,000000000,00000000000,0,0,0,1,0,0,0,0,0,0,0,30,0,0,0,12,6,2,8,0,0,0,1,4,85013,6,1,0,0,3,0,65,149,0,0,0,0,0,0,0,0,0,0,0,0,0,0,5,4,35,1,1,2,1,0,0,1,80,1,1,1,13,0,0
4,40059,1,1,1,26,1,19,53,8,0,1,0,4,1,12,471,12471,30,2004,1FTYR44U94PA,1,F,T,Y,R,4,4,U,9,4,P,A,0,T,FORD,RNS,4C,4,17,,1,0,1257,RNG,G,,,6,182,,,,B,3945,00,U,42,0,0,000000000,00000000000,0,0,0,1,0,0,0,0,0,0,0,998,0,0,0,12,4,1,8,0,0,0,1,4,85737,6,1,0,0,3,3,72,210,0,0,0,0,0,0,0,0,0,0,0,0,0,0,2,3,50,1,1,2,1,2,3,1,80,1,1,1,13,0,0
4,40060,1,1,1,28,1,10,31,33,0,1,0,4,1,6,43,6043,4,2002,1C3EL46R72N2,1,C,3,E,L,4,6,R,7,2,N,2,0,P,CHRY,SLX,4D,2,17,3118,,0,1080,,G,,F,6,167,,,15R205,,,,,,0,0,000000000,00000000000,0,0,0,1,0,0,0,0,0,0,0,62,0,0,0,14,6,2,42,0,0,0,1,4,85043,0,0,0,0,0,0,999,999,0,0,0,1,0,2,2011,2,2011,1,0,0,0,0,2,3,45,1,1,2,1,0,0,1,6,1,4,4,7,1,0
4,40061,1,1,2,28,1,20,1,8,0,1,0,48,2,18,2,18002,4,2003,1G4HP52K63U2,1,G,4,H,P,5,2,K,6,3,U,2,0,P,BUIC,LCF,4D,3,17,3567,,0,1122,,G,,F,6,231,,,15R215,,,,,,0,0,000000000,00000000000,0,0,0,1,0,0,0,0,0,0,0,998,0,0,0,12,6,2,8,0,0,0,1,48,78639,6,1,0,0,3,0,999,999,0,0,0,1,0,1,2012,1,2012,0,0,0,0,0,5,4,45,1,1,2,1,0,0,1,80,4,1,1,13,0,0
4,40062,1,2,3,29,1,18,36,12,6,1,0,4,2,35,473,35473,31,2005,1N6AA07A05N5,1,N,6,A,A,0,7,A,0,5,N,5,0,T,NISS,TXS,CW,5,17,,2,0,1398,TTN,G,,,8,342,,,,C,4875,03,E,42,0,0,000000000,00000000000,0,0,0,1,0,0,0,0,0,0,0,10,0,0,0,7,6,9,12,0,0,0,1,4,85306,6,1,0,0,3,0,67,257,0,0,0,0,0,0,0,0,0,0,38,0,0,0,1,2,25,1,1,2,1,20,3,11,19,1,1,1,82,0,0
4,40062,2,2,2,29,1,18,36,12,6,1,0,92,0,72,706,72706,80,1999,1HD1FCW14XY6,1,H,D,1,F,C,W,1,4,X,Y,6,0,M,HD,FLU,RS,99,17,,,,,,,1450,,2,,4,788,,,,,,,0,0,000000000,00000000000,0,0,0,1,0,0,0,0,0,0,0,51,0,0,0,12,6,2,12,0,0,0,1,4,85306,6,1,6,0,3,0,72,220,0,3,0,1,1,6,2009,12,2010,0,0,0,0,0,2,3,45,1,1,2,1,0,0,1,68,3,2,3,83,1,0
4,40063,1,1,1,30,1,18,48,8,0,1,0,4,1,20,471,20471,30,2001,1GCCS19W1182,1,G,C,C,S,1,9,W,1,1,8,2,0,T,CHEV,S14,PC,1,17,,1,0,1229,S,G,,,6,262,,,,B,00000,00,,42,0,0,000000000,00000000000,0,0,0,1,0,0,0,0,0,0,0,39,0,0,0,12,2,1,8,0,0,0,1,4,85204,6,1,0,0,3,0,68,130,0,0,0,0,0,0,0,0,0,0,0,0,0,0,5,5,45,1,1,2,1,0,0,1,80,1,1,1,13,0,0
4,40064,1,1,2,31,1,23,27,8,0,1,0,6,3,82,881,82881,66,2006,1FUJA6CK96PV,1,F,U,J,A,6,C,K,9,6,P,V,1,T,FRHT,COL,TR,6,17,,8,0,0,CON,D,,,6,855,,,,,00000,00,,64,1,57,1619226,571619226,3,6,1,1,0,0,0,0,0,0,0,65,0,0,0,12,2,1,8,0,0,0,1,6,93630,6,1,6,0,3,0,71,180,0,0,0,0,1,7,2009,7,2009,0,0,0,0,0,2,2,75,1,1,2,1,0,0,1,80,9,1,2,13,0,0
4,40065,1,1,1,2,2,12,56,1,0,1,0,6,2,12,37,12037,4,2004,1FAFP34Z24W1,1,F,A,F,P,3,4,Z,2,4,W,1,0,P,FORD,FSP,4D,4,17,2604,,0,1030,,G,,F,4,140,,,15R195,,,,,,0,0,000000000,00000000000,0,0,0,1,0,0,0,0,0,0,0,45,0,1,9,0,6,2,1,0,0,0,1,6,92399,6,1,0,0,3,3,65,180,0,0,0,0,1,9,2009,9,2009,1,0,0,0,0,1,2,98,1,5,5,1,0,0,1,9,6,4,4,7,1,0
4,40066,1,1,1,2,2,16,4,43,0,1,0,4,1,12,481,12481,31,1991,1FTEF15N1MKA,1,F,T,E,F,1,5,N,1,M,K,A,0,T,FORD,F15,PK,91,17,,2,1330,1170,COF,G,,,8,302,,,,B,3535,01,A,42,0,0,000000000,00000000000,0,0,0,1,0,0,0,0,0,0,0,50,0,1,5,12,6,2,1,0,0,0,1,4,86337,6,1,0,0,3,0,73,160,0,0,0,0,0,0,0,0,0,1,0,0,0,0,1,2,35,3,1,2,1,0,0,14,13,1,1,4,1,1,1
4,40067,1,1,2,2,2,19,51,8,0,1,0,4,2,37,402,37402,14,2011,JHLRE4H7XBC0,J,H,L,R,E,4,H,7,X,B,C,0,0,P,HOND,CRV,UT,11,17,3554,,0,1031,,G,,F,4,146,,,17R225,,,,,,0,0,000000000,00000000000,0,0,0,1,0,0,0,0,0,0,0,45,0,0,0,12,6,2,8,0,0,0,1,4,85718,6,1,0,0,3,3,69,122,0,0,0,0,0,0,0,0,0,0,0,0,0,0,2,3,45,1,1,2,1,0,0,1,80,2,1,1,13,0,0
4,40068,1,3,1,3,2,1,56,12,6,1,0,4,2,63,32,63032,4,2003,KNADC1254362,K,N,A,D,C,1,2,5,4,3,6,2,0,P,KIA,RIO,4D,3,17,2403,,0,949,,G,,F,4,097,,,14R175,,,,,,0,0,000000000,00000000000,0,0,0,1,0,0,0,0,0,0,0,998,0,0,0,63,6,2,12,0,0,0,1,4,85042,6,1,0,0,3,3,68,200,0,0,0,0,0,0,0,0,0,1,27,0,0,0,3,6,65,1,1,1,1,0,0,15,10,1,1,2,47,1,1
4,40068,2,3,1,3,2,1,56,12,6,1,0,4,1,19,14,19014,4,1998,1G6KY5492WU9,1,G,6,K,Y,5,4,9,2,W,U,9,0,P,CADI,STS,4D,98,17,3922,,0,1122,,G,,F,8,279,,,16R235,,,,,,0,0,000000000,00000000000,0,0,0,1,0,0,0,0,0,0,0,998,0,0,0,12,6,2,12,0,0,0,1,4,85035,6,1,0,0,3,0,71,155,0,1,0,0,0,11,2009,11,2009,0,0,0,0,0,3,6,65,1,1,1,1,0,0,1,50,1,1,1,98,0,0
4,40068,3,3,1,3,2,1,56,12,6,1,0,4,3,85,881,85881,66,2012,1XKDDP9X4CJ3,1,X,K,D,D,P,9,X,4,C,J,3,1,T,KW,T80,TR,12,17,,8,2600,1600,CON,D,,,6,787,,,,,00000,00,,64,1,57,139548,57139548,3,6,2,2,2,1803,8,1,0,0,0,998,0,0,0,12,4,1,12,0,0,0,1,4,85029,6,1,6,1,3,0,74,230,0,3,0,0,1,7,2009,12,2009,0,0,0,0,0,3,6,65,1,1,1,1,0,0,1,61,1,1,1,45,0,0
4,40069,1,1,1,3,2,14,24,1,0,1,0,8,1,2,404,2404,14,2001,1J4GW58N41C5,1,J,4,G,W,5,8,N,4,1,C,5,0,T,JEEP,LMT,4W,1,17,,1,0,1059,GCK,G,,,8,287,,,,,3959,01,E,44,0,0,000000000,00000000000,0,0,0,1,0,0,0,0,0,0,0,998,0,1,3,0,6,2,1,0,0,0,1,8,80908,6,1,0,0,3,3,64,195,1,0,0,0,0,11,2009,11,2009,0,0,0,0,0,3,2,75,3,6,2,1,0,0,14,9,6,3,4,7,1,0
4,40070,1,1,1,3,2,18,41,8,0,1,1,99,9,52,37,52037,9,9999,999999999999,9,9,9,9,9,9,9,9,9,9,9,9,0,,,,,,,,,,,,,,,,,,,,,,,,,0,0,000000000,00000000000,0,0,0,1,0,0,0,0,0,0,0,20,0,0,0,12,2,1,8,0,0,0,1,99,99999,9,9,99,0,9,9,999,999,99,99,99,99,99,99,9999,99,9999,0,38,0,0,0,5,4,30,1,1,2,1,40,3,6,50,6,1,2,13,0,0
4,40071,1,1,1,4,2,16,27,1,0,1,0,4,1,72,706,72706,80,1986,1HD1DGL15GY5,1,H,D,1,D,G,L,1,5,G,Y,5,0,M,HD,FSH,RS,86,17,,,,,,,1340,,2,,4,900,,,,,,,0,0,000000000,00000000000,0,0,0,1,0,0,0,0,0,0,0,19,0,0,0,0,6,2,5,0,0,0,1,4,85016,6,1,0,0,3,0,70,190,0,0,0,0,0,0,0,0,0,0,0,0,0,0,5,4,40,2,1,2,1,0,0,14,13,6,1,6,98,1,1
4,40072,1,1,4,4,2,22,5,33,0,1,0,4,2,20,421,20421,15,2001,1GNEC13T51R1,1,G,N,E,C,1,3,T,5,1,R,1,0,P,CHEV,CTA,UT,1,17,4828,,0,1160,,G,,F,8,325,,,16R245,,,,,,0,0,000000000,00000000000,0,0,0,1,0,0,0,0,0,0,0,59,0,1,5,14,6,2,46,0,0,0,1,4,85033,0,0,0,0,0,0,68,195,0,0,0,0,1,10,2009,10,2009,1,37,0,0,0,2,2,45,1,1,1,1,2,3,1,6,1,4,4,2,2,1
4,40073,1,4,1,8,2,18,8,12,1,1,0,4,1,73,706,73706,80,2005,JKBVNCA165B5,J,K,B,V,N,C,A,1,6,5,B,5,0,M,KAWK,VN8,RS,5,17,,,,,,,805,,2,,4,500,,,,,,,0,0,000000000,00000000000,0,0,0,1,0,0,0,0,0,0,0,73,0,0,0,12,6,2,1,0,0,0,1,4,85308,6,1,0,0,3,3,70,210,0,0,0,0,0,0,0,0,0,1,27,0,0,0,3,4,55,2,6,2,1,0,0,15,10,7,1,2,24,1,0
4,40073,2,4,4,8,2,18,8,12,1,1,0,4,1,35,51,35051,6,2008,JN8AS58T78W0,J,N,8,A,S,5,8,T,7,8,W,0,0,P,NISS,ROG,UT,8,17,3267,,0,1059,,G,,F,4,153,,,16R215,,,,,,0,0,000000000,00000000000,0,0,0,1,0,0,0,0,0,0,0,60,0,0,0,6,2,1,12,0,0,0,1,9,6105,6,1,0,0,3,0,66,999,98,0,0,0,0,0,0,0,0,0,0,0,0,0,3,4,55,2,6,2,1,0,0,14,60,1,1,1,25,0,0
4,40073,3,4,1,8,2,18,8,12,1,1,0,4,1,49,402,49402,14,1999,JT3HP10V0X71,J,T,3,H,P,1,0,V,0,X,7,1,0,P,TOYT,RV4,UT,99,17,2762,,0,949,,G,,F,4,122,,,16R215,,,,,,0,0,000000000,00000000000,0,0,0,1,0,0,0,0,0,0,0,60,0,0,0,14,2,1,12,0,0,0,1,4,85029,6,1,0,0,3,0,67,137,0,0,0,0,0,0,0,0,0,0,0,0,0,0,3,4,55,2,1,2,1,0,0,14,90,3,2,1,98,0,0
4,40073,4,4,4,8,2,18,8,12,1,1,0,4,1,12,481,12481,31,2000,1FTRX17W6YKA,1,F,T,R,X,1,7,W,6,Y,K,A,0,T,FORD,F15,4C,0,17,,2,1571,1385,COF,G,,,8,281,,,,B,4204,05,U,42,0,0,000000000,00000000000,0,0,0,1,0,0,0,0,0,0,0,60,0,0,0,14,2,3,12,0,0,0,1,4,85029,6,1,0,0,3,3,65,120,0,0,0,0,0,0,0,0,0,0,0,0,0,0,3,4,55,2,6,2,1,0,0,14,90,3,2,1,98,0,0
4,40074,1,1,1,10,2,1,16,18,0,1,0,4,1,12,3,12003,2,2007,1ZVHT82H6753,1,Z,V,H,T,8,2,H,6,7,5,3,0,P,FORD,MGT,CP,7,17,3356,,0,1071,,G,,F,8,281,,,17R235,,,,,,0,0,000000000,00000000000,0,0,0,1,0,0,0,0,0,0,0,71,0,1,5,99,6,2,1,0,0,0,1,4,85355,6,1,0,0,3,0,69,165,0,0,0,1,1,4,2011,7,2011,1,0,0,0,0,1,2,45,1,1,2,1,0,0,1,9,7,3,4,2,1,1
4,40075,1,2,1,10,2,17,27,12,2,1,0,4,1,72,706,72706,80,2006,1HD1FCW196Y6,1,H,D,1,F,C,W,1,9,6,Y,6,0,M,HD,FLU,RS,6,17,,,,,,,1450,,2,,4,788,,,,,,,0,0,000000000,00000000000,0,0,0,1,0,0,0,0,0,0,0,40,0,0,0,12,6,2,12,0,0,0,1,4,85730,6,1,0,0,3,3,68,185,0,0,0,0,0,0,0,0,0,0,28,0,0,0,1,2,50,2,1,2,1,0,0,14,10,3,2,2,50,1,0
4,40075,2,2,2,10,2,17,27,12,2,1,0,4,1,20,481,20481,31,1993,2GCEC19Z0P11,2,G,C,E,C,1,9,Z,0,P,1,1,0,T,CHEV,GC1,PC,93,17,,2,1555,1415,GM4,G,,,6,262,,,,B,3998,02,,42,0,0,000000000,00000000000,0,0,0,1,0,0,0,0,0,0,0,30,0,0,0,12,6,2,12,0,0,0,1,4,85757,6,1,0,0,3,3,72,190,0,0,0,1,0,10,2010,10,2010,0,0,0,0,0,1,2,50,3,1,2,1,0,0,14,62,1,1,1,51,0,0
4,40076,1,1,1,11,2,99,99,24,0,1,0,4,2,20,481,20481,31,2006,1GCHC23U26F2,1,G,C,H,C,2,3,U,2,6,F,2,0,T,CHEV,2CH,CW,6,17,,2,1670,1530,SIL,G,,,8,366,,,,C,5594,02,,42,0,0,000000000,00000000000,0,0,0,1,0,0,0,0,0,0,0,75,0,1,5,81,6,2,1,0,0,0,1,4,85653,6,1,0,0,3,0,73,180,0,0,0,0,0,0,0,0,0,1,58,0,0,0,1,2,55,1,1,2,1,0,0,1,13,1,1,4,1,1,1
4,40077,1,1,1,12,2,17,11,9,0,1,0,4,2,35,39,35039,4,2005,1N4BA41E45C8,1,N,4,B,A,4,1,E,4,5,C,8,0,P,NISS,MEL,4D,5,17,3321,,0,1112,,G,,F,6,214,,,17R225,,,,,,0,0,000000000,00000000000,0,0,0,1,0,0,0,0,0,0,0,7,0,0,0,12,2,1,9,0,0,0,1,4,85364,6,1,0,0,3,0,62,165,0,0,0,0,0,0,0,0,0,0,48,0,0,0,5,4,45,1,1,2,1,3,3,11,83,1,1,1,13,0,0
4,40078,1,2,1,15,2,13,27,12,7,1,0,4,1,49,401,49401,14,1999,JT3HN86R3X02,J,T,3,H,N,8,6,R,3,X,0,2,0,P,TOYT,RUN,UT,99,17,3930,,0,1053,,G,,F,6,206,,,15R225,,,,,,0,0,000000000,00000000000,0,0,0,1,0,0,0,0,0,0,0,65,0,1,1,99,6,2,1,0,0,0,1,4,85225,6,1,0,0,3,0,70,175,0,0,0,0,0,0,0,0,0,0,28,0,0,0,3,3,65,1,1,2,1,0,0,6,9,1,9,2,46,1,0
4,40078,2,2,1,15,2,13,27,12,7,1,0,4,1,20,2,20002,4,2011,2G1WB5EK3B11,2,G,1,W,B,5,E,K,3,B,1,1,0,P,CHEV,IMT,4D,11,17,3555,,0,1105,,F,,F,6,214,,,17R225,,,,,,0,0,000000000,00000000000,0,0,0,1,0,0,0,0,0,0,0,68,0,0,0,63,6,2,12,0,0,0,1,4,85225,6,1,0,0,3,3,64,110,0,0,0,1,0,3,2009,3,2009,0,0,0,0,0,3,3,65,1,1,2,1,0,0,1,60,1,1,1,45,0,0
4,40079,1,1,2,18,2,17,56,34,0,1,0,4,2,20,421,20421,15,2002,1GNEK13Z82J2,1,G,N,E,K,1,3,Z,8,2,J,2,0,P,CHEV,KTA,UT,2,17,5050,,0,1160,,F,,F,8,325,,,16R265,,,,,,0,0,000000000,00000000000,0,0,0,1,0,0,0,0,0,0,0,35,0,1,5,14,6,2,1,0,0,0,1,4,85383,6,1,0,0,3,0,62,105,0,0,0,1,0,12,2011,12,2011,1,0,0,0,0,1,2,99,2,6,5,1,0,0,14,5,1,9,4,7,1,0