STATE,ST_CASE,VEH_NO,VE_FORMS,NUMOCCS,DAY,MONTH,HOUR,MINUTE,HARM_EV,MAN_COLL,UNITTYPE,HIT_RUN,REG_STAT,OWNER,MAKE,MODEL,MAK_MOD,BODY_TYP,MOD_YEAR,VIN,VIN_1,VIN_2,VIN_3,VIN_4,VIN_5,VIN_6,VIN_7,VIN_8,VIN_9,VIN_10,VIN_11,VIN_12,TOW_VEH,VINTYPE,VINMAKE,VINA_MOD,VIN_BT,VINMODYR,VIN_LNGT,VIN_WGT,WGTCD_TR,WHLBS_LG,WHLBS_SH,SER_TR,FUELCODE,MCYCL_DS,CARBUR,CYLINDER,DISPLACE,MCYCL_CY,MCYCL_WT,TIRE_SZE,TON_RAT,TRK_WT,TRKWTVAR,VIN_REST,WHLDRWHL,J_KNIFE,MCARR_I1,MCARR_I2,MCARR_ID,GVWR,V_CONFIG,CARGO_BT,HAZ_INV,HAZ_PLAC,HAZ_ID,HAZ_CNO,HAZ_REL,BUS_USE,SPEC_USE,EMER_USE,TRAV_SP,UNDERIDE,ROLLOVER,ROLINLOC,IMPACT1,DEFORMED,TOWED,M_HARM,VEH_SC1,VEH_SC2,FIRE_EXP,DR_PRES,L_STATE,DR_ZIP,L_STATUS,L_TYPE,CDL_STAT,L_ENDORS,L_COMPL,L_RESTRI,DR_HGT,DR_WGT,PREV_ACC,PREV_SUS,PREV_DWI,PREV_SPD,PREV_OTH,FIRST_MO,FIRST_YR,LAST_MO,LAST_YR,SPEEDREL,DR_SF1,DR_SF2,DR_SF3,DR_SF4,VTRAFWAY,VNUM_LAN,VSPD_LIM,VALIGN,VPROFILE,VPAVETYP,VSURCOND,VTRAFCON,VTCONT_F,P_CRASH1,P_CRASH2,P_CRASH3,PCRASH4,PCRASH5,ACC_TYPE,DEATHS,DR_DRINK
4,40145,2,3,1,29,3,11,42,12,2,1,0,4,1,49,32,49032,4,2005,1NXBR32E15Z4,1,N,X,B,R,3,2,E,1,5,Z,4,0,P,TOYT,UCS,4D,5,17,2530,,0,1024,,G,,F,4,109,,,15R185,,,,,,0,0,000000000,00000000000,0,0,0,1,0,0,0,0,0,0,0,45,0,0,0,12,6,2,12,0,0,0,1,4,86442,6,1,0,0,3,3,57,130,0,0,0,0,0,0,0,0,0,0,0,0,0,0,5,4,45,1,1,2,1,0,0,1,62,1,1,1,51,0,0
4,40145,3,3,1,29,3,11,42,12,2,1,0,4,1,12,481,12481,31,1997,1FTDX1766VKD,1,F,T,D,X,1,7,6,6,V,K,D,0,T,FORD,F15,3C,97,17,,1,1570,1390,COF,G,,,8,281,,,,B,4045,03,E,42,0,0,000000000,00000000000,0,0,0,1,0,0,0,0,0,0,0,40,0,0,0,12,6,2,12,0,0,0,1,4,86429,6,1,0,0,3,0,74,190,0,0,0,0,0,0,0,0,0,0,0,0,0,0,5,4,45,1,1,2,1,0,0,1,60,1,1,1,98,0,0
4,40146,1,1,1,29,3,14,42,24,0,1,0,4,1,72,706,72706,80,2007,1HD1BW5147Y0,1,H,D,1,B,W,5,1,4,7,Y,0,0,M,HD,STC,RS,7,17,,,,,,,1584,,2,,4,725,,,,,,,0,0,000000000,00000000000,0,0,0,1,0,0,0,0,0,0,0,65,0,0,0,61,6,2,24,0,0,0,1,4,85209,6,1,0,0,3,3,70,225,0,0,0,0,0,0,0,0,0,0,0,0,0,0,3,2,65,2,5,2,1,0,0,14,12,1,1,4,6,1,0
4,40147,1,3,1,30,3,9,5,12,6,1,0,32,1,7,482,7482,31,2004,1D7HU18D84S6,1,D,7,H,U,1,8,D,8,4,S,6,0,T,DODG,SQ1,CW,4,17,,2,1605,1405,RPC,G,,,8,345,,,,B,5043,02,E,44,0,0,000000000,00000000000,0,0,0,1,0,0,0,0,0,0,0,998,0,0,0,12,6,2,12,0,0,0,1,32,89048,6,1,0,0,3,0,71,189,0,0,0,0,0,0,0,0,0,0,99,99,99,99,2,3,45,1,1,2,1,2,3,1,17,1,1,1,88,0,0
4,40147,2,3,1,30,3,9,5,12,6,1,0,4,1,18,7,18007,4,2001,2G4WS52J9111,2,G,4,W,S,5,2,J,9,1,1,1,0,P,BUIC,CCU,4D,1,17,3368,,0,1090,,G,,F,6,191,,,15R205,,,,,,0,0,000000000,00000000000,0,0,0,1,0,0,0,0,0,0,0,998,0,0,0,61,6,2,12,0,0,0,1,4,85351,6,1,0,0,3,0,67,155,0,0,0,0,0,0,0,0,0,0,0,0,0,0,2,2,30,1,1,2,1,2,3,1,66,1,1,1,89,1,0
4,40147,3,3,1,30,3,9,5,12,6,1,0,4,1,20,16,20016,4,2002,1G1JH52T4271,1,G,1,J,H,5,2,T,4,2,7,1,0,P,CHEV,CZ2,4D,2,17,0,,0,1041,,G,,F,4,146,,,16R205,,,,,,0,0,000000000,00000000000,0,0,0,1,0,0,0,0,0,0,0,0,0,0,0,9,4,1,12,0,0,0,1,4,85374,6,1,0,0,3,0,62,135,0,0,0,1,0,5,2009,5,2009,0,0,0,0,0,2,3,45,1,1,2,1,2,3,5,62,1,1,1,98,0,0
4,40148,1,2,1,31,3,1,15,12,1,1,0,4,3,51,881,51881,66,2011,4V4N19EG8BN2,4,V,4,N,1,9,E,G,8,B,N,2,1,T,VOLV,VNL,TR,11,17,,7,0,0,VVN,D,,,6,793,,,,,00000,00,,42,1,99,999999999,99999999999,3,6,1,1,0,0,0,0,0,0,0,10,0,0,0,6,9,1,12,0,0,0,1,4,85711,6,1,6,0,3,0,69,200,0,0,0,0,1,3,2011,3,2011,0,0,0,0,0,5,4,45,2,1,2,1,0,0,11,53,1,1,1,26,0,0
4,40148,2,2,1,31,3,1,15,12,1,1,0,4,1,72,706,72706,80,1996,1HD1FBR12TY6,1,H,D,1,F,B,R,1,2,T,Y,6,0,M,HD,LRI,RS,96,17,,,,,,,1340,,2,,4,692,,,,,,,0,0,000000000,00000000000,0,0,0,1,0,0,0,0,0,0,0,45,0,0,0,12,6,2,12,0,0,0,1,4,85719,6,1,0,0,3,0,72,190,0,2,1,0,0,5,2009,7,2010,0,28,0,0,0,5,4,45,2,1,2,1,0,0,14,51,1,1,2,24,1,1
4,40149,1,1,2,31,3,10,24,31,0,1,0,4,1,72,706,72706,80,2000,1HD1FFW19YY6,1,H,D,1,F,F,W,1,9,Y,Y,6,0,M,HD,TCI,RS,0,17,,,,,,,1450,,2,,4,776,,,,,,,0,0,000000000,00000000000,0,0,0,1,0,0,0,0,0,0,0,65,0,0,0,12,6,2,31,0,0,0,1,4,85284,6,1,0,0,2,3,70,185,0,0,0,1,0,1,2010,1,2010,1,0,0,0,0,1,2,55,3,5,2,1,0,0,14,6,3,2,4,2,1,0
4,40150,1,1,1,31,3,12,53,58,0,1,0,25,1,2,404,2404,14,2000,1J4FF48S4YL1,1,J,4,F,F,4,8,S,4,Y,L,1,0,T,JEEP,SPT,4W,0,17,,1,0,1014,CHK,G,,,6,244,,,,,3247,00,E,44,0,0,000000000,00000000000,0,0,0,1,0,0,0,0,0,0,0,75,0,1,6,14,6,2,1,0,0,0,1,25,2649,6,1,0,0,3,0,66,160,0,0,0,0,0,0,0,0,0,0,99,99,99,99,3,2,75,3,1,2,99,0,0,14,9,1,9,4,2,1,0
4,40153,1,1,1,7,3,8,40,8,0,1,0,4,3,12,870,12870,55,2007,1FDWE35S17DA,1,F,D,W,E,3,5,S,1,7,D,A,0,T,FORD,3DC,YY,7,17,,3,1760,1380,CTV,G,,,10,415,,,,D,4802,02,K,42,0,88,888888888,88888888888,2,21,22,1,0,0,0,0,7,0,0,20,0,0,0,12,2,1,8,32,0,0,1,4,85706,6,1,0,0,3,3,66,150,0,0,0,0,0,0,0,0,0,0,0,0,0,0,2,2,40,1,1,2,1,2,3,1,80,1,1,1,13,0,0
4,40154,1,1,1,20,3,12,7,8,0,1,0,4,2,49,40,49040,4,2006,4T1BE32K46U7,4,T,1,B,E,3,2,K,4,6,U,7,0,P,TOYT,UXS,4D,6,17,3108,,0,1071,,G,,F,4,144,,,15R205,,,,,,0,0,000000000,00000000000,0,0,0,1,0,0,0,0,0,0,0,5,0,0,0,12,2,1,8,0,0,0,1,4,85704,6,1,0,0,3,0,70,160,0,0,0,1,0,12,2011,12,2011,0,38,0,0,0,1,2,35,1,1,8,1,0,0,10,81,1,1,1,13,0,0
4,40155,1,2,3,22,3,18,36,12,6,1,0,4,2,12,401,12401,14,2003,1FMZU75K93UC,1,F,M,Z,U,7,5,K,9,3,U,C,0,P,FORD,EPR,UT,3,17,4094,,0,1137,,F,,F,6,245,,,17R245,,,,,,0,0,000000000,00000000000,0,0,0,1,0,0,0,0,0,0,0,45,0,0,0,12,6,2,12,0,0,0,1,4,85143,6,1,0,0,3,0,71,165,0,0,0,0,0,0,0,0,0,0,39,0,0,0,2,3,45,1,1,2,1,3,3,1,17,1,1,1,83,0,0
4,40155,2,2,1,22,3,18,36,12,6,1,0,4,1,55,37,55037,2,2008,KMHHM66D68U2,K,M,H,H,M,6,6,D,6,8,U,2,0,P,HYUN,TGS,CP,8,17,2898,,0,996,,G,,F,4,121,,,16R205,,,,,,0,0,000000000,00000000000,0,0,0,1,0,0,0,0,0,0,0,10,0,0,0,9,6,2,12,0,0,0,1,4,85296,6,1,0,0,3,3,70,200,0,0,0,0,0,0,0,0,0,0,0,0,0,0,1,2,45,1,1,2,1,3,3,11,66,1,1,1,82,1,0
4,40156,1,1,1,24,3,20,0,33,0,1,0,4,2,24,1,24001,4,1999,1G8ZJ5275XZ3,1,G,8,Z,J,5,2,7,5,X,Z,3,0,P,STRN,SL2,4D,99,17,0,,0,1024,,G,,F,4,116,,,15R185,,,,,,0,0,000000000,00000000000,0,0,0,1,0,0,0,0,0,0,0,998,0,1,5,14,6,2,1,0,0,0,1,4,85710,1,1,0,0,2,0,72,165,0,1,1,0,0,5,2009,8,2009,0,99,99,99,99,2,2,40,1,1,2,1,0,0,1,9,99,9,4,2,1,0
4,40157,1,1,2,23,3,18,52,8,0,1,0,35,2,49,32,49032,4,2003,1NXBR32E33Z1,1,N,X,B,R,3,2,E,3,3,Z,1,0,P,TOYT,UCS,4D,3,17,2502,,0,1024,,G,,F,4,109,,,15R185,,,,,,0,0,000000000,00000000000,0,0,0,1,0,0,0,0,0,0,0,30,0,0,0,9,2,1,8,0,0,0,1,4,85251,6,1,0,0,3,0,61,104,0,0,0,0,0,0,0,0,0,0,0,0,0,0,2,2,40,1,1,2,1,3,3,1,80,7,9,3,13,0,0
4,40158,1,1,4,25,3,0,10,25,0,1,0,4,2,3,421,3421,15,2003,5GRGN23U43H1,5,G,R,G,N,2,3,U,4,3,H,1,0,T,HUMM,HH2,4W,3,17,,2,0,1228,HUM,G,,,8,364,,,,C,6400,00,U,44,0,0,000000000,00000000000,0,0,0,1,0,0,0,0,0,0,0,998,0,0,0,1,6,2,25,0,0,0,1,17,85306,1,1,0,0,2,0,70,145,0,0,0,0,0,0,0,0,0,1,91,0,0,0,3,5,65,1,1,2,1,0,0,1,50,6,4,4,7,1,0
4,40159,1,1,1,23,2,99,99,43,0,1,0,4,1,72,706,72706,80,2007,1HD1FR4117Y6,1,H,D,1,F,R,4,1,1,7,Y,6,0,M,HD,FCI,RS,7,17,,,,,,,1584,,2,,4,732,,,,,,,0,0,000000000,00000000000,0,0,0,1,0,0,0,0,0,0,0,998,0,0,0,12,6,2,3,0,0,0,1,4,85212,6,1,0,0,3,0,69,175,0,0,0,0,1,10,2011,10,2011,0,0,0,0,0,1,2,45,3,1,2,99,0,0,99,12,1,1,4,6,1,1
4,40160,1,2,1,7,3,7,25,12,7,1,0,4,2,49,471,49471,30,1989,JT4RN01PXK40,J,T,4,R,N,0,1,P,X,K,4,0,5,T,TOYT,SWD,PK,89,17,,1,0,1030,HTP,G,,,4,144,,,,B,00000,00,A,44,3,0,000000000,00000000000,0,0,0,1,0,0,0,0,0,0,0,50,0,0,0,62,4,3,12,0,0,0,1,48,77489,6,1,0,0,3,0,999,999,0,0,0,0,0,0,0,0,0,0,80,28,0,0,2,2,75,1,1,2,1,0,0,1,1,1,1,2,49,0,0
4,40160,2,2,5,7,3,7,25,12,7,1,0,4,1,12,481,12481,31,2003,1FTSW31P43EB,1,F,T,S,W,3,1,P,4,3,E,B,0,T,FORD,F3S,CW,3,17,,2,1724,1562,SRW,D,,,8,366,,,,D,6267,00,E,44,0,0,000000000,00000000000,0,0,0,1,0,0,0,0,0,0,0,998,0,1,5,83,6,2,1,0,0,0,1,4,85610,6,1,6,0,3,0,69,200,0,0,0,0,0,0,0,0,0,0,0,0,0,0,2,2,75,1,1,2,1,0,0,6,61,1,1,1,49,1,0
4,40161,1,3,1,13,3,15,44,12,99,1,0,4,1,12,481,12481,31,2005,1FTRF12255NB,1,F,T,R,F,1,2,2,5,5,N,B,0,T,FORD,F15,PK,5,17,,2,1450,1260,COF,G,,,6,256,,,,B,4615,02,U,42,0,0,000000000,00000000000,0,0,0,1,0,0,0,0,0,0,0,998,0,0,0,99,6,2,12,0,0,0,1,4,85706,6,1,0,0,3,0,76,265,0,0,0,0,0,0,0,0,0,0,0,0,0,0,2,2,65,1,1,2,1,0,0,1,9,1,9,7,98,1,0
4,40161,2,3,1,13,3,15,44,12,99,1,0,4,1,20,421,20421,15,2004,1GNEK13ZX4J2,1,G,N,E,K,1,3,Z,X,4,J,2,0,P,CHEV,KTA,UT,4,17,5050,,0,1160,,F,,F,8,325,,,16R265,,,,,,0,0,000000000,00000000000,0,0,0,1,0,0,0,0,0,0,0,998,0,0,0,63,4,1,12,0,0,0,1,4,85641,6,1,0,0,3,0,72,200,0,0,0,0,0,0,0,0,0,0,0,0,0,0,2,2,65,1,1,2,1,0,0,1,64,1,1,1,98,0,0
4,40161,3,3,1,13,3,15,44,12,99,1,0,4,1,37,31,37031,2,2009,2HGFG11689H5,2,H,G,F,G,1,1,6,8,9,H,5,0,P,HOND,UCL,CP,9,17,2659,,0,1043,,G,,F,4,110,,,16R205,,,,,,0,0,000000000,00000000000,0,0,0,1,0,0,0,0,0,0,0,998,0,0,0,12,6,2,12,0,0,0,1,4,85747,6,1,0,0,3,0,76,195,0,0,0,0,0,0,0,0,0,0,0,0,0,0,2,2,65,1,1,2,1,0,0,1,62,1,1,1,98,1,0
4,40162,1,1,1,14,3,99,99,35,0,1,0,4,1,35,39,35039,4,1997,JN1CA21D5VT8,J,N,1,C,A,2,1,D,5,V,T,8,0,P,NISS,MGS,4D,97,17,2886,,0,1063,,G,,F,6,182,,,15R205,,,,,,0,0,000000000,00000000000,0,0,0,1,0,0,0,0,0,0,0,998,0,1,5,12,6,2,1,0,0,0,1,6,95817,1,1,0,0,2,0,66,125,0,0,0,0,0,0,0,0,0,1,0,0,0,0,2,2,75,1,1,2,1,0,0,1,9,1,9,4,2,1,0
4,40163,1,2,2,18,3,16,46,12,6,1,0,4,2,12,33,12033,3,1993,KNJPT05HXP61,K,N,J,P,T,0,5,H,X,P,6,1,0,P,FORD,FEL,2H,93,17,1797,,0,902,,G,,F,4,079,,,12R145,,,,,,0,0,000000000,00000000000,0,0,0,1,0,0,0,0,0,0,0,998,0,0,0,9,6,2,12,0,0,0,1,4,85023,6,1,0,0,3,0,66,185,0,0,0,0,0,0,0,0,0,0,39,0,0,0,1,2,25,1,1,2,1,20,3,1,17,1,1,1,89,1,0
4,40163,2,2,1,18,3,16,46,12,6,1,0,4,2,20,401,20401,14,1995,1GNDT13W6S22,1,G,N,D,T,1,3,W,6,S,2,2,0,P,CHEV,BZR,UT,95,17,4071,,0,1070,,G,,F,6,262,,,15R205,,,,,,0,0,000000000,00000000000,0,0,0,1,0,0,0,0,0,0,0,998,0,0,0,12,6,2,12,0,0,0,1,4,85031,0,0,0,0,0,0,69,208,0,6,0,0,0,2,2010,2,2010,0,0,0,0,0,1,2,98,1,1,2,1,0,0,1,66,1,1,1,88,0,0
4,40164,1,2,4,23,3,0,17,8,0,1,0,4,3,12,401,12401,14,1996,1FMEU15H3TLA,1,F,M,E,U,1,5,H,3,T,L,A,0,P,FORD,BRO,UT,96,17,4587,,0,1050,,G,,F,8,351,,,15R235,,,,,,0,0,000000000,00000000000,0,0,0,1,0,0,0,0,0,0,0,998,0,0,0,12,6,2,8,0,0,0,1,4,85018,6,1,0,0,3,0,64,165,0,0,0,0,0,0,0,0,0,0,0,0,0,0,2,2,65,1,1,2,1,0,0,1,80,6,1,3,13,0,0
4,40164,2,2,3,23,3,0,17,8,0,1,0,4,1,23,421,23421,15,2003,1GKEC13T53R3,1,G,K,E,C,1,3,T,5,3,R,3,1,T,GMC,YUK,4W,3,17,,2,0,1160,YUK,G,,,8,325,,,,B,4875,00,4,42,1,0,000000000,00000000000,0,0,0,1,0,0,0,0,0,0,0,998,0,0,0,14,0,1,8,0,0,0,1,4,85017,6,1,0,0,3,0,72,280,0,0,0,0,0,0,0,0,0,0,0,0,0,0,2,2,65,1,1,2,1,0,0,1,80,1,1,1,98,0,0
4,40165,1,4,1,30,3,15,2,1,0,1,0,56,1,53,706,53706,80,2006,JS1VS55A1621,J,S,1,V,S,5,5,A,1,6,2,1,0,M,SUZI,C50,RS,6,17,,,,,,,805,,2,,4,542,,,,,,,0,0,000000000,00000000000,0,0,0,1,0,0,0,0,0,0,0,55,0,0,0,0,6,2,1,0,0,0,1,56,82637,6,1,6,0,3,3,64,170,1,0,0,0,0,12,2009,12,2009,1,28,0,0,0,1,2,55,2,6,2,1,40,3,14,10,1,1,2,98,0,0
4,40165,2,4,2,30,3,15,2,1,0,1,0,4,1,20,4,20004,2,2001,1G1YY22GX151,1,G,1,Y,Y,2,2,G,X,1,5,1,0,P,CHEV,CVT,CP,1,17,3246,,0,1045,,G,,F,8,350,,,17R245,,,,,,0,0,000000000,00000000000,0,0,0,1,0,0,0,0,0,0,0,55,0,0,0,12,6,2,12,0,0,0,1,4,85137,6,1,0,0,3,0,70,180,0,0,0,1,0,7,2009,7,2009,0,0,0,0,0,1,2,55,1,5,2,1,0,0,1,62,1,1,1,98,0,0
4,40165,3,4,2,30,3,15,2,1,0,1,0,38,1,72,706,72706,80,2009,1HD1BW5149Y0,1,H,D,1,B,W,5,1,4,9,Y,0,0,M,HD,STC,RS,9,17,,,,,,,1584,,2,,4,765,,,,,,,0,0,000000000,00000000000,0,0,0,1,0,0,0,0,0,0,0,55,0,0,0,12,6,2,12,0,0,0,1,38,58401,6,1,0,0,3,0,71,200,0,0,0,0,0,0,0,0,0,0,28,0,0,0,1,2,55,2,6,2,1,40,3,14,10,1,1,2,98,1,0
4,40165,4,4,1,30,3,15,2,1,0,1,0,95,1,72,706,72706,80,2007,1HD1BW51X7Y0,1,H,D,1,B,W,5,1,X,7,Y,0,0,M,HD,STC,RS,7,17,,,,,,,1584,,2,,4,725,,,,,,,0,0,000000000,00000000000,0,0,0,1,0,0,0,0,0,0,0,55,0,0,0,12,6,2,12,0,0,0,1,95,0,9,9,99,0,9,9,69,180,99,99,99,99,99,99,9999,99,9999,0,0,0,0,0,1,2,55,2,6,2,1,40,3,14,62,1,1,1,98,1,0
4,40166,1,1,1,25,3,99,99,1,0,1,0,4,1,12,481,12481,31,2005,1FTPX14505FA,1,F,T,P,X,1,4,5,0,5,F,A,0,T,FORD,F15,4C,5,17,,2,1450,1260,COF,G,,,8,330,,,,B,5363,05,U,44,0,0,000000000,00000000000,0,0,0,1,0,0,0,0,0,0,0,85,0,1,5,0,6,2,1,0,0,0,1,4,86413,6,1,0,0,3,0,70,175,0,0,0,1,0,2,2012,2,2012,1,89,58,0,0,1,2,35,1,5,2,1,0,0,1,6,7,4,9,2,1,1
4,40167,1,2,3,27,3,15,14,12,2,1,0,32,4,20,37,20037,4,2012,1G1ZC5E09CF2,1,G,1,Z,C,5,E,0,9,C,F,2,0,P,CHEV,ML1,4D,12,17,3436,,0,1123,,G,,F,4,146,,,17R215,,,,,,0,0,000000000,00000000000,0,0,0,1,0,0,0,0,0,0,0,85,0,0,0,12,6,2,12,0,0,0,1,97,0,9,9,99,0,9,9,999,999,99,99,99,99,99,99,9999,99,9999,1,51,0,0,0,1,2,45,3,1,2,1,0,0,14,54,4,2,1,50,1,0
4,40167,2,2,2,27,3,15,14,12,2,1,0,32,4,49,32,49032,4,2012,2T1BU4EE2CC8,2,T,1,B,U,4,E,E,2,C,C,8,0,P,TOYT,CBS,4D,12,17,2734,,0,1024,,G,,F,4,110,,,15R195,,,,,,0,0,000000000,00000000000,0,0,0,1,0,0,0,0,0,0,0,56,0,0,0,12,6,2,12,0,0,0,1,34,7070,6,1,0,0,3,0,73,999,0,0,0,0,0,0,0,0,0,1,0,0,0,0,1,2,45,2,1,2,1,0,0,14,54,7,1,1,51,0,0
4,40168,1,1,1,10,3,20,9,33,0,1,0,4,1,7,39,7039,3,1991,JB3XD64B6MY0,J,B,3,X,D,6,4,B,6,M,Y,0,0,P,DODG,SRT,2H,91,17,2586,,0,972,,G,,F,6,181,,,16R225,,,,,,0,0,000000000,00000000000,0,0,0,1,0,0,0,0,0,0,0,998,0,1,5,14,6,2,8,0,0,0,1,4,85302,6,1,0,0,3,0,69,298,0,0,0,0,0,0,0,0,0,0,85,0,0,0,5,5,40,1,1,2,1,0,0,1,51,9,3,4,2,0,0
4,40169,1,2,1,12,3,14,12,12,1,1,0,4,1,51,43,51043,6,1998,YV1LZ5644W24,Y,V,1,L,Z,5,6,4,4,W,2,4,0,P,VOLV,VXC,SW,98,17,3719,,0,1049,,G,,T,5,149,,,15R205,,,,,,0,0,000000000,00000000000,0,0,0,1,0,0,0,0,0,0,0,10,0,0,0,6,4,1,12,0,0,0,1,4,85718,6,1,0,0,3,0,64,115,0,0,0,0,0,0,0,0,0,0,0,0,0,0,1,2,35,2,5,2,1,0,0,10,16,1,1,1,70,0,0
4,40169,2,2,1,12,3,14,12,12,1,1,0,4,2,37,32,37032,4,1995,1HGCD5626SA0,1,H,G,C,D,5,6,2,6,S,A,0,0,P,HOND,UDX,4D,95,17,2699,,0,1069,,G,,F,4,132,,,14R185,,,,,,0,0,000000000,00000000000,0,0,0,1,0,0,0,0,0,0,0,20,0,0,0,12,6,2,12,0,0,0,1,4,85712,6,1,0,0,3,3,67,165,0,0,0,1,0,6,2010,6,2010,1,0,0,0,0,1,2,35,2,5,2,1,0,0,14,52,9,1,3,71,1,0
4,40170,1,1,2,13,3,1,34,38,0,1,0,4,2,14,17,14017,4,2004,1MEFM50U14A6,1,M,E,F,M,5,0,U,1,4,A,6,0,P,MERC,SGS,4D,4,17,3369,,0,1085,,G,,F,6,182,,,16R215,,,,,,0,0,000000000,00000000000,0,0,0,1,0,0,0,0,0,0,0,999,0,1,6,99,6,2,1,0,0,0,1,4,86515,0,0,0,0,0,0,65,150,0,0,0,0,0,0,0,0,0,9,99,99,99,99,2,2,55,1,1,2,99,0,0,99,9,99,9,4,7,1,1
4,40171,1,1,1,13,3,16,33,35,0,1,0,99,9,99,999,99999,99,9999,999999999999,9,9,9,9,9,9,9,9,9,9,9,9,0,,,,,,,,,,,,,,,,,,,,,,,,,0,0,000000000,00000000000,0,0,0,1,0,0,0,0,0,0,0,999,0,1,9,12,9,9,1,0,0,0,1,4,86034,6,1,0,0,3,0,64,150,0,1,0,0,0,12,2011,12,2011,1,99,99,99,99,9,9,99,9,9,5,99,99,9,99,6,99,9,4,99,1,0
4,40172,1,1,2,14,3,19,6,9,0,1,0,4,1,52,37,52037,3,2003,4A3AC84H43E1,4,A,3,A,C,8,4,H,4,3,E,1,0,P,MITS,ECG,2H,3,17,3120,,0,1008,,G,,F,6,183,,,17R215,,,,,,0,0,000000000,00000000000,0,0,0,1,0,0,0,0,0,0,0,50,0,0,0,12,6,2,9,0,0,0,1,4,85019,6,1,0,0,3,0,70,140,1,2,0,2,2,6,2010,11,2011,1,0,0,0,0,5,5,40,1,1,2,1,0,0,1,83,1,1,1,13,0,0
4,40173,1,1,1,15,3,2,33,8,0,1,0,99,9,99,999,99999,99,9999,999999999999,9,9,9,9,9,9,9,9,9,9,9,9,0,,,,,,,,,,,,,,,,,,,,,,,,,0,0,000000000,00000000000,0,0,0,1,0,0,0,0,0,0,0,999,0,0,0,12,9,9,8,0,0,0,1,4,85650,6,1,0,0,3,0,75,290,0,0,0,2,0,9,2009,9,2009,1,91,0,0,0,9,9,99,9,9,2,99,0,0,99,80,99,9,9,13,0,1
4,40174,1,1,1,17,3,4,19,8,0,1,0,4,1,37,402,37402,14,2010,JHLRE3H58AC0,J,H,L,R,E,3,H,5,8,A,C,0,0,P,HOND,CRV,UT,10,17,3415,,0,1031,,G,,F,4,146,,,17R225,,,,,,0,0,000000000,00000000000,0,0,0,1,0,0,0,0,0,0,0,35,0,0,0,12,6,2,8,0,0,0,1,4,85041,6,1,0,0,3,0,63,156,0,0,0,0,0,0,0,0,0,0,0,0,0,0,2,2,40,1,1,2,1,0,0,1,80,1,1,1,13,0,0
4,40175,1,1,8,18,3,2,58,43,0,1,1,4,1,30,40,30040,4,2004,3VWSK69M74M0,3,V,W,S,K,6,9,M,7,4,M,0,0,P,VOLK,JGS,4D,4,17,2833,,0,989,,G,,F,4,121,,,15R195,,,,,,0,0,000000000,00000000000,0,0,0,1,0,0,0,0,0,0,0,998,0,1,5,14,6,2,1,0,0,0,1,4,85035,6,1,0,0,3,0,66,120,0,0,0,1,0,7,2010,7,2010,1,0,0,0,0,6,1,55,2,5,2,2,0,0,14,6,3,1,4,6,1,1
4,40176,1,2,1,18,3,19,19,12,99,1,0,99,9,35,39,35039,4,1997,999999999999,9,9,9,9,9,9,9,9,9,9,9,9,0,,,,,,,,,,,,,,,,,,,,,,,,,0,0,000000000,00000000000,0,0,0,1,0,0,0,0,0,0,0,999,0,0,0,99,9,9,12,0,0,0,1,4,85256,1,1,0,0,2,0,68,160,0,1,0,0,0,7,2011,7,2011,9,99,99,99,99,9,9,99,9,9,9,99,99,9,99,99,99,9,9,99,0,1
4,40176,2,2,4,18,3,19,19,12,99,1,0,99,9,7,20,7020,4,9999,999999999999,9,9,9,9,9,9,9,9,9,9,9,9,0,,,,,,,,,,,,,,,,,,,,,,,,,0,0,000000000,00000000000,0,0,0,1,0,0,0,0,0,0,0,999,0,0,0,99,9,9,12,0,0,0,1,99,99999,9,9,99,0,9,9,999,999,99,99,99,99,99,99,9999,99,9999,9,99,99,99,99,9,9,99,9,9,9,99,99,9,99,99,99,9,9,99,2,0
4,40177,1,2,3,21,3,20,34,12,6,1,0,4,2,37,421,37421,15,2005,5FNYF18505B0,5,F,N,Y,F,1,8,5,0,5,B,0,0,P,HOND,PIL,UT,5,17,4431,,0,1063,,G,,F,6,212,,,16R235,,,,,,0,0,000000000,00000000000,0,0,0,1,0,0,0,0,0,0,0,17,0,0,0,4,2,1,12,0,0,0,1,4,85028,6,1,0,0,3,1,71,185,0,0,0,0,0,0,0,0,0,0,38,0,0,0,5,6,40,1,1,2,1,2,3,11,15,1,1,1,68,0,0
4,40177,2,2,1,21,3,20,34,12,6,1,0,4,1,53,705,53705,80,2005,JS1GN7CAX521,J,S,1,G,N,7,C,A,X,5,2,1,0,M,SUZI,GSK,RC,5,17,,,,,,,599,,4,,4,355,,,,,,,0,0,000000000,00000000000,0,0,0,1,0,0,0,0,0,0,0,26,0,0,0,12,6,2,12,0,0,0,1,4,85308,6,1,0,0,2,3,74,165,0,0,0,0,1,1,2011,1,2011,0,0,0,0,0,5,6,40,1,1,2,1,2,3,1,62,3,2,1,69,1,0
4,40179,1,1,1,22,3,19,34,8,0,1,0,4,1,49,44,49044,2,2000,2T1CF28P8YC3,2,T,1,C,F,2,8,P,8,Y,C,3,0,P,TOYT,CEE,CP,0,17,3230,,0,1051,,G,,F,6,183,,,15R205,,,,,,0,0,000000000,00000000000,0,0,0,1,0,0,0,0,0,0,0,999,0,0,0,12,2,1,8,0,0,0,1,4,85023,6,1,0,0,3,3,62,132,0,0,0,0,0,0,0,0,0,0,0,0,0,0,5,5,40,1,1,2,1,0,0,1,80,1,1,3,13,0,0