STATE,ST_CASE,VEH_NO,VE_FORMS,NUMOCCS,DAY,MONTH,HOUR,MINUTE,HARM_EV,MAN_COLL,UNITTYPE,HIT_RUN,REG_STAT,OWNER,MAKE,MODEL,MAK_MOD,BODY_TYP,MOD_YEAR,VIN,VIN_1,VIN_2,VIN_3,VIN_4,VIN_5,VIN_6,VIN_7,VIN_8,VIN_9,VIN_10,VIN_11,VIN_12,TOW_VEH,VINTYPE,VINMAKE,VINA_MOD,VIN_BT,VINMODYR,VIN_LNGT,VIN_WGT,WGTCD_TR,WHLBS_LG,WHLBS_SH,SER_TR,FUELCODE,MCYCL_DS,CARBUR,CYLINDER,DISPLACE,MCYCL_CY,MCYCL_WT,TIRE_SZE,TON_RAT,TRK_WT,TRKWTVAR,VIN_REST,WHLDRWHL,J_KNIFE,MCARR_I1,MCARR_I2,MCARR_ID,GVWR,V_CONFIG,CARGO_BT,HAZ_INV,HAZ_PLAC,HAZ_ID,HAZ_CNO,HAZ_REL,BUS_USE,SPEC_USE,EMER_USE,TRAV_SP,UNDERIDE,ROLLOVER,ROLINLOC,IMPACT1,DEFORMED,TOWED,M_HARM,VEH_SC1,VEH_SC2,FIRE_EXP,DR_PRES,L_STATE,DR_ZIP,L_STATUS,L_TYPE,CDL_STAT,L_ENDORS,L_COMPL,L_RESTRI,DR_HGT,DR_WGT,PREV_ACC,PREV_SUS,PREV_DWI,PREV_SPD,PREV_OTH,FIRST_MO,FIRST_YR,LAST_MO,LAST_YR,SPEEDREL,DR_SF1,DR_SF2,DR_SF3,DR_SF4,VTRAFWAY,VNUM_LAN,VSPD_LIM,VALIGN,VPROFILE,VPAVETYP,VSURCOND,VTRAFCON,VTCONT_F,P_CRASH1,P_CRASH2,P_CRASH3,PCRASH4,PCRASH5,ACC_TYPE,DEATHS,DR_DRINK
4,40249,1,1,2,22,4,20,54,8,0,1,0,4,2,49,482,49482,31,2011,5TFHY5F11BX1,5,T,F,H,Y,5,F,1,1,B,X,1,0,T,TOYT,CRX,CW,11,17,,2,0,1457,TUN,G,,,8,348,,,,B,5645,00,7,44,0,0,000000000,00000000000,0,0,0,1,0,0,0,0,0,0,0,998,0,0,0,12,9,3,8,0,0,0,1,4,85542,6,1,0,0,3,1,68,165,0,0,0,0,0,0,0,0,0,0,0,0,0,0,1,2,55,1,1,2,1,0,0,1,80,6,1,1,13,0,0
4,40250,1,2,2,22,4,12,42,12,6,1,0,4,1,12,401,12401,14,2006,1FMPU16596LA,1,F,M,P,U,1,6,5,9,6,L,A,0,P,FORD,EPT,UT,6,17,5606,,0,1190,,G,,F,8,329,,,17R265,,,,,,0,0,000000000,00000000000,0,0,0,1,0,0,0,0,0,0,0,17,0,0,0,81,4,1,12,0,0,0,1,4,85033,6,1,0,0,3,0,65,190,0,0,0,0,0,0,0,0,0,0,38,0,0,0,5,5,40,1,1,2,1,3,3,11,15,10,1,1,68,0,0
4,40250,2,2,1,22,4,12,42,12,6,1,0,4,2,37,705,37705,80,2011,JH2PC4049BK4,J,H,2,P,C,4,0,4,9,B,K,4,0,M,HOND,B60,RC,11,17,,,,,,,599,,4,,4,410,,,,,,,0,0,000000000,00000000000,0,0,0,1,0,0,0,0,0,0,0,30,0,0,0,12,6,2,12,0,0,0,1,4,85033,0,0,0,0,0,0,68,156,0,0,0,1,2,8,2009,12,2009,0,0,0,0,0,5,5,40,1,1,2,1,3,3,1,62,1,1,1,69,1,0
4,40251,1,2,1,24,4,20,30,12,2,1,0,92,0,7,482,7482,31,1997,3B7HF13Z7VG8,3,B,7,H,F,1,3,Z,7,V,G,8,0,T,DODG,150,PC,97,17,,2,1547,1387,RPC,G,,,8,360,,,,B,4764,01,M,44,0,0,000000000,00000000000,0,0,0,1,0,0,0,0,0,0,0,998,0,0,0,12,6,2,8,0,0,0,1,4,86503,6,1,0,0,3,0,66,165,0,0,0,0,0,0,0,0,0,1,91,0,0,0,1,2,98,8,8,5,98,0,0,1,54,1,1,1,52,0,1
4,40251,2,2,0,24,4,20,30,12,2,1,0,4,6,12,481,12481,31,2009,1FTRF12W49KA,1,F,T,R,F,1,2,W,4,9,K,A,0,T,FORD,F15,PK,9,17,,2,1450,1260,COF,G,,,8,281,,,,B,4743,01,L,42,0,0,000000000,00000000000,0,0,0,1,0,0,0,0,0,0,0,0,0,0,0,12,6,2,12,0,0,0,0,0,99997,7,6,97,7,6,7,998,997,998,998,998,998,998,98,9998,98,9998,8,20,0,0,0,1,2,98,8,8,5,98,0,0,0,54,0,0,0,52,0,0
4,40252,1,1,1,24,4,21,58,15,0,1,0,6,1,12,16,12016,4,2001,2FAFP71W01X1,2,F,A,F,P,7,1,W,0,1,X,1,0,P,FORD,CVP,4D,1,17,3996,,0,1147,,G,,F,8,281,,,16R225,,,,,,0,0,000000000,00000000000,0,0,0,1,0,0,0,0,0,0,0,60,0,0,0,12,6,2,15,0,0,0,1,6,91342,6,1,0,0,3,3,71,160,0,0,0,0,0,0,0,0,0,0,0,0,0,0,8,8,55,1,1,2,1,0,0,1,80,1,1,1,13,0,0
4,40253,1,1,2,25,4,20,24,32,0,1,0,4,2,2,404,2404,14,1991,1J4FJ58S0ML5,1,J,4,F,J,5,8,S,0,M,L,5,0,T,JEEP,LAR,4W,91,17,,1,0,1014,CHK,G,,,6,242,,,,,2979,01,A,44,0,0,000000000,00000000000,0,0,0,1,0,0,0,0,0,0,0,998,0,1,9,12,6,2,1,0,0,0,1,99,99999,9,9,99,0,9,9,999,999,99,99,99,99,99,99,9999,99,9999,0,99,99,99,99,5,4,55,2,9,2,1,0,0,14,13,1,1,4,1,2,0
4,40254,1,1,1,26,4,9,44,43,0,1,0,4,2,55,401,55401,14,2003,KM8SB12B53U5,K,M,8,S,B,1,2,B,5,3,U,5,0,P,HYUN,SAN,UT,3,17,3494,,0,1031,,G,,F,4,143,,,16R225,,,,,,0,0,000000000,00000000000,0,0,0,1,0,0,0,0,0,0,0,999,0,0,0,12,6,2,43,0,0,0,1,4,85250,6,1,0,0,3,0,73,185,0,0,0,0,0,0,0,0,0,0,0,0,0,0,5,5,40,1,1,2,2,0,0,1,12,1,1,4,6,1,0
4,40256,1,2,3,30,4,7,53,12,2,1,0,4,2,12,16,12016,4,2001,2FAFP71W21X1,2,F,A,F,P,7,1,W,2,1,X,1,0,P,FORD,CVP,4D,1,17,3996,,0,1147,,G,,F,8,281,,,16R225,,,,,,0,0,000000000,00000000000,0,0,0,1,0,0,0,0,0,0,0,21,0,0,0,12,6,2,12,0,0,0,1,4,85051,0,0,0,0,0,0,60,168,0,0,0,0,0,0,0,0,0,0,28,0,0,0,1,2,25,1,1,2,1,0,0,1,10,99,1,2,50,1,1
4,40256,2,2,1,30,4,7,53,12,2,1,0,4,1,20,481,20481,31,2002,1GCHK24U52Z1,1,G,C,H,K,2,4,U,5,2,Z,1,0,T,CHEV,2KH,PK,2,17,,2,0,1330,SIL,G,,,8,364,,,,C,5484,00,,44,0,0,000000000,00000000000,0,0,0,1,0,0,0,0,0,0,0,13,0,0,0,12,6,2,12,0,0,0,1,4,85323,6,1,0,0,3,0,69,200,0,0,0,0,0,0,0,0,0,0,0,0,0,0,1,2,25,1,1,2,1,0,0,1,62,99,1,1,51,0,0
4,40257,1,1,2,30,4,20,32,8,0,1,0,4,2,52,37,52037,3,2003,4A3AC34G23E0,4,A,3,A,C,3,4,G,2,3,E,0,0,P,MITS,ERS,2H,3,17,2822,,0,1008,,G,,F,4,146,,,15R195,,,,,,0,0,000000000,00000000000,0,0,0,1,0,0,0,0,0,0,0,60,0,0,0,12,4,3,8,0,0,0,1,4,85301,6,1,0,0,3,0,64,153,0,0,0,1,0,3,2011,3,2011,1,91,0,0,0,5,5,35,1,1,2,1,0,0,1,80,3,2,1,13,0,0
4,40258,1,4,2,12,4,17,8,12,1,1,0,20,1,7,43,7043,4,2000,1B3EJ46X8YN1,1,B,3,E,J,4,6,X,8,Y,N,1,0,P,DODG,SSE,4D,0,17,2937,,0,1080,,G,,F,4,148,,,14R195,,,,,,0,0,000000000,00000000000,0,0,0,1,0,0,0,0,0,0,0,65,0,0,0,12,6,2,12,0,0,0,1,4,85132,6,1,0,0,3,3,68,160,0,0,0,0,0,0,0,0,0,1,89,0,0,0,3,6,65,1,1,2,1,0,0,1,50,3,2,1,20,1,0
4,40258,2,4,2,12,4,17,8,12,1,1,0,4,1,58,37,58037,4,2008,JNKBV61E38M2,J,N,K,B,V,6,1,E,3,8,M,2,0,P,INFI,G35,4D,8,17,3497,,0,1122,,G,,F,6,214,,,17R225,,,,,,0,0,000000000,00000000000,0,0,0,1,0,0,0,0,0,0,0,0,0,0,0,6,6,2,12,0,0,0,1,4,85226,6,1,0,0,3,3,73,215,1,0,0,1,1,9,2010,2,2012,0,0,0,0,0,3,6,65,1,1,2,1,0,0,5,53,1,1,1,21,0,0
4,40258,3,4,4,12,4,17,8,12,1,1,0,4,4,7,442,7442,20,2012,2C4RDGCG3CR2,2,C,4,R,D,G,C,G,3,C,R,2,0,P,DODG,CAR,SV,12,17,4483,,0,1212,,F,,F,6,220,,,16R235,,,,,,0,0,000000000,00000000000,0,0,0,1,0,0,0,0,0,0,0,0,0,0,0,6,4,1,12,0,0,0,1,53,98027,6,1,0,0,3,0,59,150,0,0,0,0,0,0,0,0,0,0,0,0,0,0,3,6,65,1,1,2,1,0,0,5,50,1,1,1,98,0,0
4,40258,4,4,3,12,4,17,8,12,1,1,0,4,1,49,32,49032,4,2008,2T1BR32E58C8,2,T,1,B,R,3,2,E,5,8,C,8,0,P,TOYT,UCS,4D,8,17,2530,,0,1024,,G,,F,4,110,,,15R185,,,,,,0,0,000000000,00000000000,0,0,0,1,0,0,0,0,0,0,0,50,0,0,0,6,2,1,12,0,0,0,1,4,85395,6,1,0,0,3,0,61,115,0,0,0,0,0,0,0,0,0,0,0,0,0,0,3,6,65,1,1,2,1,0,0,1,50,1,1,1,98,0,0
4,40259,1,1,11,2,5,0,59,33,0,1,0,4,1,7,402,7402,14,2001,1B4HS28N21F6,1,B,4,H,S,2,8,N,2,1,F,6,0,P,DODG,DUR,UT,1,17,4512,,0,1159,,G,,F,8,287,,,15R235,,,,,,0,0,000000000,00000000000,0,0,0,1,0,0,0,0,0,0,0,100,0,1,5,14,6,2,1,0,0,0,1,4,85131,6,1,0,0,3,2,62,140,0,0,0,2,0,2,2010,5,2011,1,37,91,74,0,1,2,25,2,1,2,1,0,0,14,12,1,1,4,6,4,0
4,40260,1,1,1,2,5,19,37,33,0,1,0,4,2,22,18,22018,2,1998,1G2NW12T1WC7,1,G,2,N,W,1,2,T,1,W,C,7,0,P,PONT,GAG,CP,98,17,2945,,0,1034,,G,,F,4,146,,,16R205,,,,,,0,0,000000000,00000000000,0,0,0,1,0,0,0,0,0,0,0,998,0,1,3,14,6,2,1,0,0,0,1,4,86301,6,1,0,0,3,0,64,170,0,0,0,0,0,0,0,0,0,0,89,0,0,0,2,2,50,3,1,2,1,0,0,14,9,1,9,4,5,1,0
4,40261,1,2,1,3,5,22,49,12,6,1,0,30,1,42,42,42042,4,2000,WDBHA24G4YA8,W,D,B,H,A,2,4,G,4,Y,A,8,0,P,MERZ,C23,4D,0,17,3095,,0,1059,,G,,Z,4,140,,,15R205,,,,,,0,0,000000000,00000000000,0,0,0,1,0,0,0,0,0,0,0,15,0,0,0,81,4,1,12,0,0,0,1,30,59620,6,1,0,0,3,3,71,214,98,0,0,0,0,0,0,0,0,0,48,0,0,0,5,4,40,1,1,2,1,0,0,11,15,1,1,1,68,0,0
4,40261,2,2,1,3,5,22,49,12,6,1,0,4,2,34,706,34706,80,1993,WB105360XP03,W,B,1,0,5,3,6,0,X,P,0,3,0,M,BMW,K11,RS,93,17,,,,,,,1100,,4,,4,551,,,,,,,0,0,000000000,00000000000,0,0,0,1,0,0,0,0,0,0,0,40,0,0,0,12,6,2,12,0,0,0,1,4,85210,6,1,0,0,3,0,70,150,0,0,0,0,0,0,0,0,0,0,0,0,0,0,5,4,40,1,1,2,1,0,0,1,62,1,1,1,69,1,0
4,40262,1,1,1,6,5,11,45,1,0,1,0,4,1,12,481,12481,31,2007,1FTRF12217NA,1,F,T,R,F,1,2,2,1,7,N,A,0,T,FORD,F15,PK,7,17,,2,1450,1260,COF,G,,,6,256,,,,B,4615,01,E,42,0,0,000000000,00000000000,0,0,0,1,0,0,0,0,0,0,0,45,0,1,9,0,6,2,1,0,0,0,1,4,85735,6,1,0,0,3,0,76,220,0,0,0,0,0,0,0,0,0,1,0,0,0,0,1,2,25,8,1,8,11,0,0,1,6,99,9,4,1,1,1
4,40263,1,1,4,7,5,12,56,1,0,1,0,48,1,2,404,2404,14,1997,1J4FT28S4VL5,1,J,4,F,T,2,8,S,4,V,L,5,0,T,JEEP,CSE,4W,97,17,,1,0,1014,CHK,G,,,6,242,,,,,2913,00,E,42,0,0,000000000,00000000000,0,0,0,1,0,0,0,0,0,0,0,75,0,1,1,0,6,2,1,0,0,0,1,48,77657,6,1,0,0,3,3,72,160,0,0,0,1,0,2,2012,2,2012,1,0,0,0,0,2,2,75,2,4,2,1,0,0,14,9,6,4,3,98,1,0
4,40264,1,1,1,9,5,8,7,8,0,1,0,4,1,6,441,6441,20,2005,2C8GP64L95R5,2,C,8,G,P,6,4,L,9,5,R,5,0,T,CHRY,LMT,ES,5,17,,1,0,1193,TWC,G,,,6,230,,,,,4344,00,,42,0,0,000000000,00000000000,0,0,0,1,0,0,0,0,0,0,0,45,0,0,0,12,2,1,8,0,0,0,1,4,85243,6,1,0,0,3,0,73,220,0,0,0,1,0,8,2009,8,2009,0,0,0,0,0,2,2,45,1,1,2,1,0,0,1,80,1,1,1,13,0,0
4,40265,1,2,1,9,5,12,43,12,6,1,0,4,1,37,706,37706,80,2006,1HFSC47H96A5,1,H,F,S,C,4,7,H,9,6,A,5,0,M,HOND,GL8,RS,6,17,,,,,,,1832,,6,,4,822,,,,,,,0,0,000000000,00000000000,0,0,0,1,0,0,0,0,0,0,0,35,0,0,0,12,6,2,12,0,0,0,1,4,86336,6,1,0,0,3,3,69,180,0,0,0,0,0,0,0,0,0,0,27,0,0,0,5,4,35,1,1,2,1,0,0,15,11,1,1,1,79,1,0
4,40265,2,2,1,9,5,12,43,12,6,1,0,4,1,49,403,49403,14,2007,JTEEP21A1701,J,T,E,E,P,2,1,A,1,7,0,1,0,P,TOYT,HIG,UT,7,17,3935,,0,1069,,G,,F,6,201,,,16R225,,,,,,0,0,000000000,00000000000,0,0,0,1,0,0,0,0,0,0,0,25,0,0,0,10,6,2,12,0,0,0,1,4,86336,6,1,0,0,3,3,69,162,0,0,0,0,0,0,0,0,0,0,89,0,0,0,5,4,35,1,1,2,1,0,0,10,66,1,1,1,78,0,0
4,40266,1,2,2,9,5,23,7,1,0,1,0,6,1,18,2,18002,4,2002,1G4HR54K32U1,1,G,4,H,R,5,4,K,3,2,U,1,0,P,BUIC,LLF,4D,2,17,3591,,0,1122,,G,,F,6,231,,,15R215,,,,,,0,0,000000000,00000000000,0,0,0,1,0,0,0,0,0,0,0,998,0,1,1,0,6,2,12,0,0,0,1,10,19802,6,1,0,0,3,0,74,170,0,0,0,0,0,0,0,0,0,1,0,0,0,0,1,2,55,1,1,2,1,0,0,1,9,1,4,2,98,2,0
4,40266,2,2,2,9,5,23,7,1,0,1,0,29,3,51,881,51881,66,2006,4V4NC9GH06N3,4,V,4,N,C,9,G,H,0,6,N,3,1,T,VOLV,VNL,TR,6,17,,8,0,0,VVN,D,,,6,732,,,,,00000,00,,64,1,57,070289,57070289,3,6,1,1,0,0,0,0,0,0,0,998,0,0,0,12,6,2,12,0,0,0,1,26,48122,6,1,6,0,3,3,64,115,0,0,0,0,0,0,0,0,0,0,0,0,0,0,1,2,55,1,1,2,1,0,0,1,62,3,2,1,98,0,0
4,40267,1,2,1,10,5,16,50,12,6,1,0,4,2,49,40,49040,4,2010,4T1BK3EK9AU1,4,T,1,B,K,3,E,K,9,A,U,1,0,P,TOYT,LXS,4D,10,17,3461,,0,1093,,G,,F,6,214,,,16R215,,,,,,0,0,000000000,00000000000,0,0,0,1,0,0,0,0,0,0,0,10,0,0,0,8,4,3,12,0,0,0,1,4,86336,6,1,0,0,3,0,67,130,0,0,0,2,0,1,2010,2,2011,0,38,0,0,0,5,4,35,1,1,2,1,0,0,11,15,1,1,1,82,0,0
4,40267,2,2,1,10,5,16,50,12,6,1,0,4,2,37,705,37705,80,1998,JH2RD0610WM5,J,H,2,R,D,0,6,1,0,W,M,5,0,M,HOND,R6L,EN,98,17,,,,,,,644,,1,,4,324,,,,,,,0,0,000000000,00000000000,0,0,0,1,0,0,0,0,0,0,0,35,0,0,0,12,6,2,12,0,0,0,1,4,86336,6,1,0,0,3,0,71,178,0,0,0,0,0,0,0,0,0,0,0,0,0,0,5,4,35,1,1,2,1,0,0,1,72,1,1,1,83,1,0
4,40268,1,1,2,12,5,20,56,1,0,1,0,48,2,34,34,34034,2,2003,WBSBL93433JR,W,B,S,B,L,9,3,4,3,3,J,R,0,P,BMW,M3S,CP,3,17,3415,,0,1075,,G,,F,6,198,,,18R225,,,,,,0,0,000000000,00000000000,0,0,0,1,0,0,0,0,0,0,0,998,0,1,5,0,6,2,1,0,0,0,1,48,78222,4,1,0,0,2,0,71,188,0,0,0,0,0,0,0,0,0,1,27,0,0,0,3,5,65,1,1,2,1,0,0,15,6,7,3,4,2,1,0
4,40269,1,1,1,12,5,22,0,31,0,1,0,41,3,51,42,51042,4,1997,YV1LS5543V13,Y,V,1,L,S,5,5,4,3,V,1,3,0,P,VOLV,850,4D,97,17,3131,,0,1049,,G,,F,5,149,,,15R195,,,,,,0,0,000000000,00000000000,0,0,0,1,0,0,0,0,0,0,0,70,0,1,6,12,6,2,1,0,0,0,1,4,86325,0,0,0,0,0,0,67,200,0,0,0,0,0,0,0,0,0,1,99,99,99,99,1,2,35,3,5,2,1,0,0,14,13,1,1,4,1,1,0
4,40270,1,1,1,13,5,20,18,33,0,1,0,4,2,37,705,37705,80,2008,JH2PC404X8M1,J,H,2,P,C,4,0,4,X,8,M,1,0,M,HOND,B60,RC,8,17,,,,,,,599,,4,,4,410,,,,,,,0,0,000000000,00000000000,0,0,0,1,0,0,0,0,0,0,0,47,0,0,0,14,4,3,1,0,0,0,1,12,32534,6,1,0,0,3,0,70,999,0,2,0,1,0,6,2011,2,2012,0,52,0,0,0,3,8,45,2,5,2,1,0,0,14,12,1,1,4,6,1,0
4,40271,1,1,3,13,5,22,54,24,0,1,0,6,1,12,471,12471,30,2003,1FTYR10U03PA,1,F,T,Y,R,1,0,U,0,3,P,A,0,T,FORD,RNG,PK,3,17,,1,1175,1116,RNG,G,,,6,182,,,,B,3085,03,U,42,0,0,000000000,00000000000,0,0,0,1,0,0,0,0,0,0,0,75,0,1,1,63,6,2,1,0,0,0,1,6,92201,6,1,8,0,3,3,66,160,0,0,0,0,0,0,0,0,0,0,80,0,0,0,2,2,75,1,6,2,1,0,0,1,1,6,9,4,7,1,0
4,40272,1,1,1,14,5,5,59,1,0,1,0,4,1,12,402,12402,14,2005,1FMYU92Z05KB,1,F,M,Y,U,9,2,Z,0,5,K,B,0,P,FORD,SPE,UT,5,17,3340,,0,1031,,G,,F,4,140,,,15R225,,,,,,0,0,000000000,00000000000,0,0,0,1,0,0,0,0,0,0,0,85,0,1,1,0,6,2,1,0,0,0,1,4,85704,6,1,0,0,3,0,65,135,0,0,0,0,0,0,0,0,0,1,58,0,0,0,2,2,75,1,1,2,1,0,0,1,9,7,9,6,98,1,0
4,40273,1,2,1,16,5,5,37,12,7,1,0,4,1,37,471,37471,30,2008,2HJYK16518H5,2,H,J,Y,K,1,6,5,1,8,H,5,0,T,HOND,RTL,CW,8,17,,2,0,1220,RID,G,,,6,213,,,,,4537,00,S,44,0,0,000000000,00000000000,0,0,0,1,0,0,0,0,0,0,0,65,0,0,0,63,4,3,12,0,0,0,1,4,85218,6,1,0,0,3,0,70,180,0,0,0,0,0,0,0,0,0,9,99,99,99,99,3,5,65,1,1,2,1,0,0,15,10,1,1,2,47,0,0
4,40273,2,2,1,16,5,5,37,12,7,1,0,4,1,49,472,49472,30,2004,5TESN92N74Z3,5,T,E,S,N,9,2,N,7,4,Z,3,0,T,TOYT,XPR,PC,4,17,,1,0,1219,TAC,G,,,6,206,,,,B,3355,00,U,42,0,0,000000000,00000000000,0,0,0,1,0,0,0,0,0,0,0,65,0,1,3,81,6,2,1,0,0,0,1,4,85224,6,1,0,0,3,0,71,150,0,0,0,0,0,0,0,0,0,0,0,0,0,0,3,5,65,1,1,2,1,0,0,1,61,1,1,1,45,1,1
4,40274,1,2,1,18,5,15,36,12,6,1,0,4,1,7,482,7482,31,2002,1D7HA18Z02J2,1,D,7,H,A,1,8,Z,0,2,J,2,0,T,DODG,Q15,CW,2,17,,2,1605,1405,RPC,G,,,8,360,,,,B,4747,01,E,42,0,0,000000000,00000000000,0,0,0,1,0,0,0,0,0,0,0,10,0,0,0,3,4,1,12,0,0,0,1,4,85203,6,1,0,0,3,0,70,127,0,0,0,0,0,0,0,0,0,0,48,0,0,0,5,6,45,1,6,2,1,0,0,11,15,1,1,1,68,0,0
4,40274,2,2,1,18,5,15,36,12,6,1,0,4,2,73,705,73705,80,1989,JKAEXVA19KA0,J,K,A,E,X,V,A,1,9,K,A,0,0,M,KAWK,EX5,RC,89,17,,,,,,,500,,2,,4,372,,,,,,,0,0,000000000,00000000000,0,0,0,1,0,0,0,0,0,0,0,45,0,0,0,12,6,2,2,0,0,1,1,4,85207,6,1,0,0,3,0,72,300,0,1,0,0,0,10,2009,10,2009,0,0,0,0,0,5,6,45,1,5,2,1,0,0,1,62,1,1,1,69,1,0
4,40275,1,1,1,19,5,19,44,8,0,1,0,4,1,20,471,20471,30,2002,1GCCS19W5281,1,G,C,C,S,1,9,W,5,2,8,1,0,T,CHEV,S14,3C,2,17,,1,0,1229,S,G,,,6,262,,,,B,3198,00,,42,0,0,000000000,00000000000,0,0,0,1,0,0,0,0,0,0,0,60,0,0,0,12,2,1,8,0,0,0,1,4,85210,6,1,0,0,3,3,70,190,0,0,0,0,0,0,0,0,0,0,0,0,0,0,3,6,65,1,1,2,1,0,0,1,80,1,1,1,13,0,0
4,40276,1,1,1,20,5,12,48,1,0,1,0,4,1,41,441,41441,20,1997,JM3LV5227V08,J,M,3,L,V,5,2,2,7,V,0,8,0,P,MAZD,MWG,SV,97,17,3730,,0,1104,,G,,F,6,180,,,15R195,,,,,,0,0,000000000,00000000000,0,0,0,1,0,0,0,0,0,0,0,45,0,1,5,0,6,2,1,0,0,0,1,4,85730,1,1,0,0,2,0,61,162,1,2,1,0,0,4,2011,2,2012,1,0,0,0,0,1,2,45,1,6,2,1,0,0,1,9,6,9,4,2,1,1
4,40277,1,1,3,21,5,12,5,2,0,1,0,46,9,98,850,98850,65,2006,4VZAT1P936C0,4,V,Z,A,T,1,P,9,3,6,C,0,5,U,,,,6,17,,,,,,,,,,,,,,,,,,,1,0,000000000,00000000000,0,0,0,1,0,0,0,0,0,0,0,998,0,0,0,0,6,2,2,0,0,1,1,99,99999,9,9,99,9,9,9,999,999,99,99,99,99,99,99,9999,99,9999,0,80,0,0,0,1,2,65,1,1,2,1,0,0,1,98,99,1,4,0,3,0
4,40278,1,1,1,23,5,13,41,31,0,1,0,6,1,42,44,42044,2,1997,WDBFA67F3VF1,W,D,B,F,A,6,7,F,3,V,F,1,0,P,MERZ,SL5,RD,97,17,4045,,0,990,,G,,F,8,303,,,16R225,,,,,,0,0,000000000,00000000000,0,0,0,1,0,0,0,0,0,0,0,75,0,1,5,9,6,2,42,0,0,0,1,6,92008,6,1,0,0,3,3,70,300,1,0,0,0,0,5,2010,5,2010,1,0,0,0,0,2,2,75,1,1,2,1,0,0,1,6,7,3,4,2,1,0
4,40279,1,1,1,23,5,20,23,8,0,1,0,4,1,37,31,37031,2,2003,1HGEM22943L0,1,H,G,E,M,2,2,9,4,3,L,0,0,P,HOND,UAX,CP,3,17,2553,,0,1031,,G,,F,4,102,,,14R185,,,,,,0,0,000000000,00000000000,0,0,0,1,0,0,0,0,0,0,0,38,0,0,0,12,6,2,8,0,0,0,1,4,85004,6,1,0,0,3,3,65,165,0,0,0,0,0,0,0,0,0,0,0,0,0,0,5,5,40,1,1,2,1,0,0,1,80,8,2,2,13,0,0
4,40280,1,1,4,23,5,21,21,1,0,1,0,4,1,49,472,49472,30,2004,5TEGN92N04Z3,5,T,E,G,N,9,2,N,0,4,Z,3,0,T,TOYT,DCP,CW,4,17,,1,0,1219,TAC,G,,,6,206,,,,B,3475,00,U,42,0,0,000000000,00000000000,0,0,0,1,0,0,0,0,0,0,0,998,0,1,9,0,6,2,1,0,0,0,1,4,85614,6,1,0,0,3,0,65,155,0,0,0,1,0,4,2010,4,2010,1,91,0,0,0,1,2,25,2,6,5,11,0,0,14,12,1,1,4,6,2,1
4,40281,1,1,1,24,5,7,50,35,0,1,0,4,1,72,706,72706,80,2007,1HD1CT3167K4,1,H,D,1,C,T,3,1,6,7,K,4,0,M,HD,20C,RS,7,17,,,,,,,1199,,2,,4,562,,,,,,,0,0,000000000,00000000000,0,0,0,1,0,0,0,0,0,0,0,65,0,0,0,12,6,2,35,0,0,0,1,4,86413,6,1,0,0,2,3,69,160,0,0,0,0,0,0,0,0,0,0,0,0,0,0,2,2,65,2,5,2,1,0,0,14,12,1,1,4,6,1,0
4,40282,1,1,2,25,5,11,8,1,0,1,0,4,1,2,403,2403,14,1995,1J4FY19P2SP3,1,J,4,F,Y,1,9,P,2,S,P,3,0,T,JEEP,WSR,2W,95,17,,1,0,934,W/Y,G,,,4,150,,,,,2861,00,A,44,0,0,000000000,00000000000,0,0,0,1,0,0,0,0,0,0,0,998,0,1,5,0,6,2,1,0,0,0,1,4,85553,6,1,0,0,3,0,69,205,0,0,0,0,0,0,0,0,0,1,0,0,0,0,1,3,55,1,6,2,1,0,0,1,9,7,3,4,2,1,0
4,40283,1,3,2,28,5,12,40,31,0,1,0,35,1,20,37,20037,4,2012,1G1ZC5E02CF3,1,G,1,Z,C,5,E,0,2,C,F,3,0,P,CHEV,ML1,4D,12,17,3436,,0,1123,,G,,F,4,146,,,17R215,,,,,,0,0,000000000,00000000000,0,0,0,1,0,0,0,0,0,0,0,998,0,0,0,12,6,2,12,0,0,1,1,35,87301,6,1,0,0,3,0,64,130,98,0,0,0,0,0,0,0,0,0,28,0,0,0,1,2,65,3,1,2,1,40,3,14,13,1,1,4,1,0,1
4,40283,2,3,2,28,5,12,40,31,0,1,0,4,1,6,52,6052,6,2007,3A4FY58B37T5,3,A,4,F,Y,5,8,B,3,7,T,5,0,P,CHRY,PTC,SV,7,17,3040,,0,1030,,G,,F,4,148,,,15R195,,,,,,0,0,000000000,00000000000,0,0,0,1,0,0,0,0,0,0,0,65,0,0,0,12,6,2,12,0,0,0,1,4,85928,6,1,0,0,3,3,71,200,0,0,0,0,0,0,0,0,0,0,0,0,0,0,1,2,65,2,1,2,1,40,3,14,62,1,1,1,98,1,0
4,40283,3,3,4,28,5,12,40,31,0,1,0,35,1,20,421,20421,15,2005,1GNEC13T15R2,1,G,N,E,C,1,3,T,1,5,R,2,0,P,CHEV,CTA,UT,5,17,4975,,0,1160,,G,,F,8,325,,,16R265,,,,,,0,0,000000000,00000000000,0,0,0,1,0,0,0,0,0,0,0,65,0,1,2,81,6,2,1,0,0,0,1,35,87114,6,1,0,0,3,0,65,165,98,0,0,1,0,11,2009,11,2009,0,0,0,0,0,1,2,65,2,1,2,1,40,3,14,54,6,1,3,98,0,0
4,40284,1,1,1,28,5,20,37,1,0,1,0,4,1,49,472,49472,30,2006,5TETU62N56Z2,5,T,E,T,U,6,2,N,5,6,Z,2,0,T,TOYT,ACP,PC,6,17,,1,0,1219,TAC,G,,,6,244,,,,B,3745,00,U,42,0,0,000000000,00000000000,0,0,0,1,0,0,0,0,0,0,0,998,0,1,4,0,6,2,1,0,0,0,1,4,86004,6,1,0,0,3,0,65,121,0,0,0,0,0,0,0,0,0,1,0,0,0,0,2,2,75,2,3,2,1,0,0,14,6,6,4,4,2,1,1