STATE,ST_CASE,VEH_NO,VE_FORMS,NUMOCCS,DAY,MONTH,HOUR,MINUTE,HARM_EV,MAN_COLL,UNITTYPE,HIT_RUN,REG_STAT,OWNER,MAKE,MODEL,MAK_MOD,BODY_TYP,MOD_YEAR,VIN,VIN_1,VIN_2,VIN_3,VIN_4,VIN_5,VIN_6,VIN_7,VIN_8,VIN_9,VIN_10,VIN_11,VIN_12,TOW_VEH,VINTYPE,VINMAKE,VINA_MOD,VIN_BT,VINMODYR,VIN_LNGT,VIN_WGT,WGTCD_TR,WHLBS_LG,WHLBS_SH,SER_TR,FUELCODE,MCYCL_DS,CARBUR,CYLINDER,DISPLACE,MCYCL_CY,MCYCL_WT,TIRE_SZE,TON_RAT,TRK_WT,TRKWTVAR,VIN_REST,WHLDRWHL,J_KNIFE,MCARR_I1,MCARR_I2,MCARR_ID,GVWR,V_CONFIG,CARGO_BT,HAZ_INV,HAZ_PLAC,HAZ_ID,HAZ_CNO,HAZ_REL,BUS_USE,SPEC_USE,EMER_USE,TRAV_SP,UNDERIDE,ROLLOVER,ROLINLOC,IMPACT1,DEFORMED,TOWED,M_HARM,VEH_SC1,VEH_SC2,FIRE_EXP,DR_PRES,L_STATE,DR_ZIP,L_STATUS,L_TYPE,CDL_STAT,L_ENDORS,L_COMPL,L_RESTRI,DR_HGT,DR_WGT,PREV_ACC,PREV_SUS,PREV_DWI,PREV_SPD,PREV_OTH,FIRST_MO,FIRST_YR,LAST_MO,LAST_YR,SPEEDREL,DR_SF1,DR_SF2,DR_SF3,DR_SF4,VTRAFWAY,VNUM_LAN,VSPD_LIM,VALIGN,VPROFILE,VPAVETYP,VSURCOND,VTRAFCON,VTCONT_F,P_CRASH1,P_CRASH2,P_CRASH3,PCRASH4,PCRASH5,ACC_TYPE,DEATHS,DR_DRINK
4,40383,1,1,1,28,7,9,53,42,0,1,0,28,1,72,706,72706,82,2010,1HD1MBM14AB8,1,H,D,1,M,B,M,1,4,A,B,8,0,M,HD,F3X,RS,10,17,,,,,,,1690,,2,,4,1110,,,,,,,0,0,000000000,00000000000,0,0,0,1,0,0,0,0,0,0,0,65,0,0,0,12,6,2,42,0,0,0,1,28,38922,6,1,0,0,3,0,74,215,0,0,0,0,0,0,0,0,0,9,0,0,0,0,3,2,55,2,6,2,1,0,0,14,13,1,1,4,1,1,0
4,40384,1,2,2,29,7,0,44,12,6,1,0,4,4,12,870,12870,61,2003,1FDWE35F33HB,1,F,D,W,E,3,5,F,3,3,H,B,0,T,FORD,3DC,YY,3,17,,3,1760,1380,CTV,D,,,8,444,,,,,00000,00,E,42,0,88,888888888,88888888888,2,1,1,1,0,0,0,0,0,6,0,998,0,0,0,9,2,1,12,0,0,0,1,4,85365,6,1,0,0,3,0,73,242,0,0,0,0,0,0,0,0,0,0,38,0,0,0,1,3,65,1,1,2,1,0,0,12,98,1,1,6,98,0,0
4,40384,2,2,1,29,7,0,44,12,6,1,0,4,1,72,706,72706,80,2003,1HD1GDV193K3,1,H,D,1,G,D,V,1,9,3,K,3,0,M,HD,FDL,RS,3,17,,,,,,,1450,,2,,4,612,,,,,,,0,0,000000000,00000000000,0,0,0,1,0,0,0,0,0,0,0,998,0,0,0,12,6,2,12,0,0,0,1,4,85364,6,1,6,0,2,0,71,300,0,2,0,0,0,8,2011,9,2011,0,0,0,0,0,1,3,65,1,1,2,1,0,0,1,64,3,2,1,98,1,0
4,40385,1,1,1,30,7,0,35,14,0,1,0,20,1,12,461,12461,21,1997,1FDEE14L9VHA,1,F,D,E,E,1,4,L,9,V,H,A,0,T,FORD,15V,CG,97,17,,2,0,1380,VAN,G,,,8,330,,,,B,00000,00,E,42,0,0,000000000,00000000000,0,0,0,1,0,0,0,0,0,0,0,40,0,0,0,12,6,2,14,0,0,0,1,4,85365,6,1,0,0,3,3,70,223,0,0,0,0,0,0,0,0,0,0,89,0,0,0,1,2,35,1,1,2,1,0,0,1,11,1,1,4,11,1,0
4,40386,1,1,3,30,7,17,47,42,0,1,0,4,1,20,481,20481,31,2000,2GCEC19V8Y13,2,G,C,E,C,1,9,V,8,Y,1,3,0,T,CHEV,SC1,3C,0,17,,2,1575,1435,SIL,G,,,8,293,,,,B,4134,03,,42,0,0,000000000,00000000000,0,0,0,1,0,0,0,0,0,0,0,998,0,0,0,3,6,2,42,0,0,0,1,4,85381,6,1,0,0,3,0,63,150,0,0,0,0,0,0,0,0,0,0,0,0,0,0,6,1,65,2,1,2,1,0,0,14,9,99,4,4,7,1,1
4,40387,1,2,1,17,7,9,29,12,2,1,0,4,1,20,22,20022,2,2006,1G1AM18B8676,1,G,1,A,M,1,8,B,8,6,7,6,0,P,CHEV,BSS,CP,6,17,2815,,0,1033,,G,,F,4,146,,,17R205,,,,,,0,0,000000000,00000000000,0,0,0,1,0,0,0,0,0,0,0,999,3,0,0,12,6,2,12,0,0,0,1,4,85206,6,1,0,0,3,0,60,100,0,0,0,0,0,0,0,0,0,0,99,99,99,99,2,2,75,1,1,2,1,0,0,1,54,1,1,1,50,1,0
4,40387,2,2,1,17,7,9,29,12,2,1,0,4,3,86,881,86881,63,2004,1M2AG11C44M0,1,M,2,A,G,1,1,C,4,4,M,0,0,T,MACK,CV7,CC,4,17,,8,0,0,700,D,,,6,728,,,,,00000,00,,64,0,57,1682029,571682029,3,2,96,1,0,0,0,0,0,0,0,60,0,0,0,12,6,2,12,0,0,0,1,4,85213,6,1,6,0,3,0,70,215,1,2,0,0,1,8,2009,12,2011,0,0,0,0,0,2,2,75,1,1,2,1,0,0,1,64,1,1,1,51,0,0
4,40388,1,4,1,5,6,17,41,12,1,1,0,4,2,23,461,23461,21,1994,1GDEG25K7RF5,1,G,D,E,G,2,5,K,7,R,F,5,0,T,GMC,RV2,CG,94,17,,2,1250,1100,R/V,G,,,8,350,,,,C,00000,00,B,42,0,0,000000000,00000000000,0,0,0,1,0,0,0,0,0,0,0,62,0,0,0,12,6,2,12,0,0,0,1,4,85033,0,0,0,0,0,0,68,150,0,0,0,0,0,0,0,0,0,1,35,91,0,0,5,5,45,1,1,2,1,0,0,6,51,1,1,3,24,0,1
4,40388,2,4,1,5,6,17,41,12,1,1,0,4,2,35,47,35047,4,2005,1N4AL11D05N4,1,N,4,A,L,1,1,D,0,5,N,4,0,P,NISS,ASL,4D,5,17,2915,,0,1102,,G,,F,4,153,,,16R215,,,,,,0,0,000000000,00000000000,0,0,0,1,0,0,0,0,0,0,0,40,0,0,0,6,4,1,12,0,0,0,1,4,85033,6,1,0,0,3,0,69,155,0,0,0,0,0,0,0,0,0,0,0,0,0,0,5,5,45,1,1,2,1,0,0,1,53,1,1,1,25,0,0
4,40388,3,4,1,5,6,17,41,12,1,1,0,4,1,24,5,24005,4,2001,1G8JU54F71Y5,1,G,8,J,U,5,4,F,7,1,Y,5,0,P,STRN,L20,4D,1,17,3009,,0,1065,,G,,F,4,134,,,15R195,,,,,,0,0,000000000,00000000000,0,0,0,1,0,0,0,0,0,0,0,44,0,0,0,12,6,2,12,0,0,0,1,4,85033,6,1,0,0,3,0,66,140,1,0,0,1,3,11,2009,4,2012,0,0,0,0,0,5,5,45,1,1,2,1,0,0,1,62,1,1,1,98,1,0
4,40388,4,4,2,5,6,17,41,12,1,1,0,4,1,20,482,20482,31,2003,3GNEC13T63G1,3,G,N,E,C,1,3,T,6,3,G,1,0,T,CHEV,CAV,CW,3,17,,2,0,1300,AVL,G,,,8,325,,,,B,5400,00,,42,0,0,000000000,00000000000,0,0,0,1,0,0,0,0,0,0,0,41,0,1,1,63,6,2,1,0,0,0,1,4,85338,6,1,6,0,3,3,63,155,0,0,0,0,0,0,0,0,0,0,0,0,0,0,5,5,45,1,1,2,1,0,0,1,60,1,1,1,98,0,0
4,40389,1,1,2,3,6,1,1,1,0,1,0,4,2,20,39,20039,4,2009,KL1TD56EX9B6,K,L,1,T,D,5,6,E,X,9,B,6,0,P,CHEV,LTS,4D,9,17,2569,,0,976,,G,,F,4,098,,,14R185,,,,,,0,0,000000000,00000000000,0,0,0,1,0,0,0,0,0,0,0,77,0,1,5,0,6,2,1,0,0,0,1,4,85231,6,1,0,0,3,0,66,125,0,0,0,0,0,0,0,0,0,1,35,0,0,0,1,2,35,1,1,5,1,0,0,6,6,99,9,4,7,1,0
4,40390,1,1,4,3,6,21,13,8,0,1,0,4,2,12,481,12481,31,1994,1FTEF14Y7RLA,1,F,T,E,F,1,4,Y,7,R,L,A,0,T,FORD,F15,PK,94,17,,2,1330,1170,COF,G,,,6,300,,,,B,3886,01,M,44,0,0,000000000,00000000000,0,0,0,1,0,0,0,0,0,0,0,998,0,0,0,12,9,9,8,0,0,0,1,4,85941,6,1,0,0,3,0,70,165,0,0,0,0,0,0,0,0,0,0,0,0,0,0,9,9,99,9,9,9,99,0,0,1,80,1,1,1,13,0,0
4,40391,1,1,1,4,6,20,36,8,0,1,1,99,9,99,999,99999,99,9999,999999999999,9,9,9,9,9,9,9,9,9,9,9,9,0,,,,,,,,,,,,,,,,,,,,,,,,,0,0,000000000,00000000000,0,0,0,1,0,0,0,0,0,0,0,45,0,0,0,12,9,1,8,0,0,0,1,99,99999,9,9,99,0,9,9,999,999,99,99,99,99,99,99,9999,99,9999,9,99,99,99,99,2,2,40,1,1,2,1,0,0,1,80,1,1,1,13,0,0
4,40392,1,2,2,5,6,99,99,12,99,1,9,99,9,99,999,99999,99,9999,999999999999,9,9,9,9,9,9,9,9,9,9,9,9,0,,,,,,,,,,,,,,,,,,,,,,,,,0,0,000000000,00000000000,0,0,0,1,0,0,0,0,0,0,0,999,0,0,0,99,9,9,12,0,0,0,1,99,99999,9,9,99,0,9,9,999,999,99,99,99,99,99,99,9999,99,9999,9,99,99,99,99,9,9,99,9,9,2,99,0,0,99,99,99,9,9,99,1,0
4,40392,2,2,1,5,6,99,99,12,99,1,9,99,9,99,999,99999,99,9999,999999999999,9,9,9,9,9,9,9,9,9,9,9,9,0,,,,,,,,,,,,,,,,,,,,,,,,,0,0,000000000,00000000000,0,0,0,1,0,0,0,0,0,0,0,999,0,0,0,99,9,9,12,0,0,0,1,99,99999,9,9,99,0,9,9,999,999,99,99,99,99,99,99,9999,99,9999,9,99,99,99,99,9,9,99,9,9,9,99,0,0,99,99,99,9,9,99,0,0
4,40393,1,1,1,7,6,3,22,5,0,1,0,12,1,72,706,72706,80,2012,1HD1KBM15CB6,1,H,D,1,K,B,M,1,5,C,B,6,0,M,HD,FHX,RS,12,17,,,,,,,1690,,2,,4,785,,,,,,,0,0,000000000,00000000000,0,0,0,1,0,0,0,0,0,0,0,999,0,0,0,0,6,2,5,0,0,0,1,12,32763,6,1,0,0,3,0,70,225,0,2,0,0,0,6,2011,7,2011,9,99,99,99,99,2,2,75,1,1,2,1,0,0,1,12,1,1,4,0,1,0
4,40394,1,1,1,16,6,99,99,8,0,1,9,99,9,99,999,99999,99,9999,999999999999,9,9,9,9,9,9,9,9,9,9,9,9,0,,,,,,,,,,,,,,,,,,,,,,,,,0,0,000000000,00000000000,0,0,0,1,0,0,0,0,0,0,0,999,0,0,0,99,9,9,8,0,0,0,1,99,99999,9,9,99,0,9,9,999,999,99,99,99,99,99,99,9999,99,9999,9,99,99,99,99,9,9,99,9,9,2,99,99,9,99,82,99,9,9,13,0,0
4,40395,1,1,1,16,6,0,18,8,0,1,0,4,1,2,403,2403,14,2006,1J4FA64S96P7,1,J,4,F,A,6,4,S,9,6,P,7,0,T,JEEP,RLG,2W,6,17,,1,0,1034,W/T,G,,,6,244,,,,,3801,00,E,44,0,0,000000000,00000000000,0,0,0,1,0,0,0,0,0,0,0,32,0,0,0,12,2,1,8,0,0,0,1,4,85382,6,1,0,0,3,0,71,200,0,0,0,0,0,0,0,0,0,0,0,0,0,0,5,5,35,1,1,2,1,0,0,1,80,7,1,1,13,0,0
4,40396,1,1,2,16,6,1,25,33,0,1,0,99,9,76,709,76709,80,2007,999999999999,9,9,9,9,9,9,9,9,9,9,9,9,0,,,,,,,,,,,,,,,,,,,,,,,,,0,0,000000000,00000000000,0,0,0,1,0,0,0,0,0,0,0,999,0,0,0,14,9,9,5,0,0,0,1,4,85027,6,1,0,0,2,0,71,192,0,0,0,2,0,4,2011,5,2011,1,89,0,0,0,1,2,99,9,1,2,99,0,0,99,12,1,1,4,6,1,1
4,40397,1,3,1,16,6,13,49,12,1,1,0,4,1,6,43,6043,4,2005,1C3EL66R05N5,1,C,3,E,L,6,6,R,0,5,N,5,0,P,CHRY,SLT,4D,5,17,3164,,0,1080,,G,,F,6,165,,,17R215,,,,,,0,0,000000000,00000000000,0,0,0,1,0,0,0,0,0,0,0,53,0,0,0,12,6,2,12,0,0,0,1,4,85032,6,1,0,0,3,0,71,120,0,0,0,1,0,6,2011,6,2011,0,28,0,0,0,5,5,45,1,1,2,1,0,0,1,50,1,1,3,20,0,0
4,40397,2,3,3,16,6,13,49,12,1,1,0,4,1,35,43,35043,4,2002,3N1AB51D32L7,3,N,1,A,B,5,1,D,3,2,L,7,0,P,NISS,SSR,4D,2,17,2652,,0,998,,G,,F,4,153,,,16R195,,,,,,0,0,000000000,00000000000,0,0,0,1,0,0,0,0,0,0,0,0,0,0,0,6,6,2,12,0,0,0,1,4,85043,6,1,0,0,3,0,62,164,0,0,0,0,0,0,0,0,0,0,0,0,0,0,5,5,45,1,1,2,1,0,0,11,53,1,1,1,22,1,0
4,40397,3,3,2,16,6,13,49,12,1,1,0,35,1,12,17,12017,4,2002,1FAFP53U82A2,1,F,A,F,P,5,3,U,8,2,A,2,0,P,FORD,TSE,4D,2,17,3355,,0,1085,,G,,F,6,182,,,16R215,,,,,,0,0,000000000,00000000000,0,0,0,1,0,0,0,0,0,0,0,31,0,0,0,12,6,2,12,0,0,0,1,35,88030,6,1,0,0,3,3,60,107,98,0,0,1,0,12,2011,12,2011,0,0,0,0,0,5,5,45,1,1,2,1,0,0,1,62,4,1,1,98,0,0
4,40398,1,2,2,17,6,8,37,12,99,1,0,4,2,20,22,20022,4,2006,1G1AL55F6678,1,G,1,A,L,5,5,F,6,6,7,8,0,P,CHEV,BLT,4D,6,17,3216,,0,1033,,G,,F,4,134,,,15R195,,,,,,0,0,000000000,00000000000,0,0,0,1,0,0,0,0,0,0,0,999,0,1,9,99,6,2,2,0,0,1,1,4,85247,1,1,0,0,2,0,64,220,0,3,1,0,0,5,2011,1,2012,0,39,0,0,0,1,2,45,1,1,2,1,20,3,1,17,1,1,1,91,2,1
4,40398,2,2,7,17,6,8,37,12,99,1,0,4,2,37,421,37421,15,2011,5FNYF4H58BB0,5,F,N,Y,F,4,H,5,8,B,B,0,0,P,HOND,PIL,UT,11,17,4544,,0,1092,,G,,F,6,213,,,17R245,,,,,,0,0,000000000,00000000000,0,0,0,1,0,0,0,0,0,0,0,65,0,0,0,99,6,2,12,0,0,0,1,4,85383,6,1,0,0,3,3,67,145,0,0,0,0,0,0,0,0,0,0,0,0,0,0,1,2,65,1,1,2,1,0,0,1,66,99,1,9,91,0,0
4,40399,1,1,1,17,6,2,50,1,0,1,0,99,9,99,999,99999,99,9999,999999999999,9,9,9,9,9,9,9,9,9,9,9,9,0,,,,,,,,,,,,,,,,,,,,,,,,,0,0,000000000,00000000000,0,0,0,1,0,0,0,0,0,0,0,999,0,1,9,0,9,9,1,0,0,0,1,4,86510,0,0,0,0,0,0,62,130,0,0,0,0,0,0,0,0,0,9,99,99,99,99,9,9,99,9,9,9,99,0,0,99,99,99,9,9,99,1,0
4,40400,1,2,2,17,6,5,57,12,2,1,0,4,1,20,2,20002,4,2010,2G1WA5EK2A12,2,G,1,W,A,5,E,K,2,A,1,2,0,P,CHEV,IPL,4D,10,17,3555,,0,1105,,F,,F,6,214,,,16R225,,,,,,0,0,000000000,00000000000,0,0,0,1,0,0,0,0,0,0,0,53,0,0,0,12,6,2,12,0,0,0,1,4,85033,6,1,0,0,3,0,69,160,0,0,0,0,0,0,0,0,0,0,28,91,0,0,5,5,40,1,1,2,1,0,0,1,10,1,1,2,50,0,1
4,40400,2,2,4,17,6,5,57,12,2,1,0,4,2,52,46,52046,4,2004,JA3AJ26E74U0,J,A,3,A,J,2,6,E,7,4,U,0,0,P,MITS,LES,4D,4,17,2656,,0,1024,,G,,F,4,122,,,14R185,,,,,,0,0,000000000,00000000000,0,0,0,1,0,0,0,0,0,0,0,30,0,0,0,12,6,2,12,0,0,0,1,4,85029,6,1,0,0,3,0,67,150,0,0,0,0,1,1,2011,1,2011,0,0,0,0,0,5,5,40,1,1,2,1,0,0,1,62,99,1,1,51,1,1
4,40401,1,1,1,24,6,17,38,1,0,1,0,4,1,76,705,76705,80,2001,JYA5AHE051A0,J,Y,A,5,A,H,E,0,5,1,A,0,0,M,YAMA,YZF,RC,1,17,,,,,,,599,,4,,4,416,,,,,,,0,0,000000000,00000000000,0,0,0,1,0,0,0,0,0,0,0,50,0,0,0,0,6,2,32,0,0,0,1,4,85041,6,1,0,0,3,0,73,281,0,0,0,0,0,0,0,0,0,1,52,0,0,0,1,2,25,1,1,2,1,20,3,1,6,1,2,3,98,1,0
4,40402,1,1,1,25,6,19,44,1,0,1,0,4,2,42,42,42042,4,2002,WDBRF64J32E0,W,D,B,R,F,6,4,J,3,2,E,0,0,P,MERZ,C32,4D,2,17,3350,,0,1068,,F,,F,6,195,,,16R205,,,,,,0,0,000000000,00000000000,0,0,0,1,0,0,0,0,0,0,0,998,0,1,9,0,6,2,1,0,0,0,1,48,77063,6,1,6,0,3,3,71,999,0,0,0,0,0,0,0,0,0,9,0,0,0,0,8,8,98,8,8,8,98,0,0,99,99,99,9,9,98,1,0
4,40403,1,2,1,25,6,6,47,12,6,1,0,4,1,20,481,20481,31,2008,3GCEK13Y58G2,3,G,C,E,K,1,3,Y,5,8,G,2,0,T,CHEV,SK1,CW,8,17,,2,0,1435,SIL,G,,,8,366,,,,B,5326,00,,44,0,0,000000000,00000000000,0,0,0,1,0,0,0,0,0,0,0,75,0,0,0,12,6,2,12,0,0,0,1,4,85028,6,1,0,0,3,0,71,180,0,1,0,3,0,8,2009,2,2011,1,91,39,0,0,5,5,40,1,1,2,1,0,0,1,72,1,1,1,83,0,0
4,40403,2,2,1,25,6,6,47,12,6,1,0,4,1,41,51,41051,5,2007,JM1BK34L6716,J,M,1,B,K,3,4,L,6,7,1,6,0,P,MAZD,MS3,4H,7,17,3153,,0,1039,,G,,T,4,138,,,18R215,,,,,,0,0,000000000,00000000000,0,0,0,1,0,0,0,0,0,0,0,7,0,0,0,9,6,2,12,0,0,0,1,4,85013,6,1,0,0,3,3,72,210,0,0,0,0,0,0,0,0,0,0,0,0,0,0,5,5,40,1,1,2,1,0,0,11,15,1,1,1,82,1,0
4,40404,1,1,2,26,6,20,12,8,0,1,0,99,9,62,401,62401,14,2002,999999999999,9,9,9,9,9,9,9,9,9,9,9,9,0,,,,,,,,,,,,,,,,,,,,,,,,,0,0,000000000,00000000000,0,0,0,1,0,0,0,0,0,0,0,999,0,0,0,12,9,9,8,0,0,0,1,99,99999,9,9,99,0,9,9,999,999,99,99,99,99,99,99,9999,99,9999,9,99,99,99,99,9,9,99,1,1,2,99,2,3,99,80,99,9,9,13,0,0
4,40405,1,2,1,28,6,10,4,12,6,1,0,4,1,18,2,18002,4,2004,1G4HP52K64U1,1,G,4,H,P,5,2,K,6,4,U,1,0,P,BUIC,LCF,4D,4,17,3567,,0,1122,,G,,F,6,231,,,15R215,,,,,,0,0,000000000,00000000000,0,0,0,1,0,0,0,0,0,0,0,998,0,0,0,9,6,2,12,0,0,0,1,4,85373,6,1,0,0,3,3,63,147,0,0,0,0,0,0,0,0,0,0,39,0,0,0,1,2,25,1,1,2,1,3,3,1,17,1,1,1,89,1,0
4,40405,2,2,1,28,6,10,4,12,6,1,0,4,3,42,403,42403,14,2012,WDCGG5GB1CF7,W,D,C,G,G,5,G,B,1,C,F,7,0,P,MERZ,GK3,UT,12,17,3979,,0,1085,,G,,F,6,213,,,17R245,,,,,,0,0,000000000,00000000000,0,0,0,1,0,0,0,0,0,0,0,998,0,0,0,12,6,2,12,0,0,0,1,4,85374,6,1,0,0,3,0,66,147,0,0,0,0,0,0,0,0,0,0,89,0,0,0,2,3,45,1,1,2,1,3,3,1,66,1,1,1,88,0,0
4,40406,1,1,1,28,6,18,42,1,0,1,0,4,1,49,442,49442,20,2007,5TDZK23C87S0,5,T,D,Z,K,2,3,C,8,7,S,0,0,P,TOYT,SIE,SV,7,17,4177,,0,1193,,G,,F,6,214,,,16R215,,,,,,0,0,000000000,00000000000,0,0,0,1,0,0,0,0,0,0,0,57,0,1,1,0,6,2,1,32,0,0,1,4,85901,6,1,0,0,3,0,67,160,0,0,0,1,0,3,2012,3,2012,1,58,0,0,0,1,2,45,1,5,2,1,0,0,1,9,9,1,6,98,1,0
4,40407,1,1,2,29,6,12,44,9,0,1,1,4,2,7,472,7472,31,2006,1D5HE48N86S5,1,D,5,H,E,4,8,N,8,6,S,5,0,T,DODG,DQS,CW,6,17,,2,0,1309,DAK,G,,,8,287,,,,B,4259,00,K,42,0,0,000000000,00000000000,0,0,0,1,0,0,0,0,0,0,0,40,0,0,0,12,2,1,9,0,0,0,1,4,85225,6,1,0,0,3,0,73,200,0,0,0,0,0,0,0,0,0,0,91,0,0,0,5,6,40,1,1,2,1,0,0,1,83,1,1,1,13,0,0
4,40408,1,4,1,5,6,20,59,12,9,1,0,4,2,49,50,49050,3,2006,JTKDE1773600,J,T,K,D,E,1,7,7,3,6,0,0,0,P,TOYT,SXC,2H,6,17,2905,,0,1063,,G,,F,4,144,,,17R215,,,,,,0,0,000000000,00000000000,0,0,0,1,0,0,0,0,0,0,0,60,0,0,0,3,6,2,12,0,0,0,1,4,85345,6,1,0,0,3,0,68,145,0,1,0,2,1,7,2011,3,2012,1,0,0,0,0,5,5,40,1,1,2,1,0,0,1,6,99,4,2,32,1,0
4,40408,2,4,1,5,6,20,59,12,9,1,0,4,1,49,472,49472,30,2007,5TEJU62N17Z3,5,T,E,J,U,6,2,N,1,7,Z,3,0,T,TOYT,DCP,CW,7,17,,1,0,1278,TAC,G,,,6,244,,,,B,3845,00,E,42,0,0,000000000,00000000000,0,0,0,1,0,0,0,0,0,0,0,0,0,1,9,6,6,2,12,0,0,0,1,4,85015,6,1,0,0,3,0,70,170,0,0,0,0,0,0,0,0,0,0,0,0,0,0,5,5,40,1,1,2,1,0,0,5,61,1,1,1,32,0,0
4,40408,3,4,2,5,6,20,59,12,9,1,0,4,1,20,431,20431,16,2003,3GNGC26U83G1,3,G,N,G,C,2,6,U,8,3,G,1,0,P,CHEV,C25,UT,3,17,5447,,0,1300,,G,,F,8,364,,,16R245,,,,,,0,0,000000000,00000000000,0,0,0,1,0,0,0,0,0,0,0,40,0,0,0,10,6,2,12,0,0,0,1,4,85301,6,1,0,0,3,0,58,163,0,0,0,0,0,0,0,0,0,0,0,0,0,0,5,5,40,1,1,2,1,0,0,1,62,1,1,1,98,0,0
4,40408,4,4,1,5,6,20,59,12,9,1,0,4,1,58,33,58033,4,2001,JNKCP11A81T4,J,N,K,C,P,1,1,A,8,1,T,4,0,P,INFI,G20,4D,1,17,2826,,0,1024,,G,,F,4,122,,,15R195,,,,,,0,0,000000000,00000000000,0,0,0,1,0,0,0,0,0,0,0,40,0,0,0,12,6,2,12,0,0,0,1,4,85015,6,1,0,0,3,0,62,163,0,1,0,0,1,10,2010,1,2011,0,0,0,0,0,5,5,40,1,1,2,1,0,0,1,54,1,1,1,98,0,0
4,40409,1,2,2,29,7,11,1,12,2,1,0,4,1,51,881,51881,66,1999,4VG7DARH2XN7,4,V,G,7,D,A,R,H,2,X,N,7,1,T,VOLV,VVN,TR,99,17,,8,0,0,VVN,D,,,6,677,,,,,00000,00,,64,1,57,697444,57697444,3,6,1,1,0,0,0,0,0,0,0,998,7,1,5,12,6,2,12,0,0,1,1,4,85339,6,1,6,1,3,0,65,165,0,0,0,0,1,5,2012,5,2012,0,99,99,99,99,2,2,75,1,1,2,1,0,0,1,9,1,1,7,50,0,0
4,40409,2,2,7,29,7,11,1,12,2,1,0,4,1,6,441,6441,20,2005,1C4GP45R65B2,1,C,4,G,P,4,5,R,6,5,B,2,0,P,CHRY,TWC,SV,5,17,3819,,0,1133,,G,,F,6,201,,,15R215,,,,,,0,0,000000000,00000000000,0,0,0,1,0,0,0,0,0,0,0,998,0,0,0,12,6,2,12,0,0,1,1,4,85344,6,1,0,0,3,3,66,160,0,0,0,0,0,0,0,0,0,0,0,0,0,0,2,2,75,1,1,2,1,0,0,1,64,1,1,1,51,7,0
4,40410,1,1,1,12,7,21,28,35,0,1,0,4,1,76,705,76705,80,2006,JYARJ06E36A0,J,Y,A,R,J,0,6,E,3,6,A,0,0,M,YAMA,R6L,RC,6,17,,,,,,,599,,4,,4,357,,,,,,,0,0,000000000,00000000000,0,0,0,1,0,0,0,0,0,0,0,78,0,0,0,12,6,2,35,35,0,0,1,4,85207,6,1,0,0,3,0,65,125,0,2,0,1,0,9,2009,3,2012,1,39,0,0,0,1,2,35,1,1,2,1,20,3,1,14,3,2,4,14,1,0
4,40411,1,2,1,5,7,19,16,12,6,1,0,4,2,51,41,51041,4,1997,YV1KS9600V11,Y,V,1,K,S,9,6,0,0,V,1,1,0,P,VOLV,960,4D,97,17,3541,,0,1091,,G,,F,6,178,,,16R205,,,,,,0,0,000000000,00000000000,0,0,0,1,0,0,0,0,0,0,0,47,0,0,0,12,6,2,12,0,0,0,1,4,85029,0,0,0,0,0,0,68,170,0,1,0,0,0,1,2011,1,2011,0,39,91,0,0,1,2,30,1,1,2,1,2,3,1,17,1,1,1,86,0,1
4,40411,2,2,4,5,7,19,16,12,6,1,0,4,1,53,402,53402,14,2001,JS3TD62V7141,J,S,3,T,D,6,2,V,7,1,4,1,0,P,SUZI,GVT,UT,1,17,3197,,0,976,,G,,F,6,152,,,16R235,,,,,,0,0,000000000,00000000000,0,0,0,1,0,0,0,0,0,0,0,33,0,1,1,82,6,2,12,0,0,0,1,4,85301,6,1,0,0,3,0,66,165,0,0,0,0,0,0,0,0,0,0,0,0,0,0,5,5,40,1,1,2,1,2,2,1,66,1,1,1,87,1,0
4,40412,1,1,3,10,7,1,35,1,0,1,0,20,2,12,422,12422,15,2004,1FMPU16L34LA,1,F,M,P,U,1,6,L,3,4,L,A,0,P,FORD,EPT,UT,4,17,5394,,0,1191,,G,,F,8,330,,,17R265,,,,,,0,0,000000000,00000000000,0,0,0,1,0,0,0,0,0,0,0,75,0,1,1,0,6,2,1,0,0,0,1,20,67052,6,1,0,0,3,0,63,160,0,0,0,1,0,9,2011,9,2011,1,0,0,0,0,2,2,75,1,3,2,1,0,0,15,9,7,3,3,98,1,0
4,40413,1,1,4,19,7,13,42,1,0,1,0,4,1,12,401,12401,14,1998,1FMZU32P8WZA,1,F,M,Z,U,3,2,P,8,W,Z,A,0,P,FORD,EPR,UT,98,17,3911,,0,1115,,G,,F,8,302,,,15R225,,,,,,0,0,000000000,00000000000,0,0,0,1,0,0,0,0,0,0,0,998,0,1,3,0,6,2,1,0,0,0,1,4,85301,6,1,0,0,3,0,63,180,0,0,0,0,0,0,0,0,0,0,80,0,0,0,2,2,65,1,1,2,1,0,0,1,1,1,4,4,7,1,0
4,40414,1,1,3,29,7,13,32,58,0,1,0,4,1,49,53,49053,5,2010,4T3ZA3BB7AU0,4,T,3,Z,A,3,B,B,7,A,U,0,0,P,TOYT,VEN,UT,10,17,3760,,0,1093,,G,,F,4,164,,,19R245,,,,,,0,0,000000000,00000000000,0,0,0,1,0,0,0,0,0,0,0,73,0,1,3,12,6,2,1,0,0,0,1,4,86406,6,1,0,0,3,0,64,130,0,0,0,0,0,0,0,0,0,1,87,0,0,0,2,2,75,2,6,2,6,0,0,14,5,1,9,4,7,1,0