STATE,ST_CASE,VEH_NO,VE_FORMS,NUMOCCS,DAY,MONTH,HOUR,MINUTE,HARM_EV,MAN_COLL,UNITTYPE,HIT_RUN,REG_STAT,OWNER,MAKE,MODEL,MAK_MOD,BODY_TYP,MOD_YEAR,VIN,VIN_1,VIN_2,VIN_3,VIN_4,VIN_5,VIN_6,VIN_7,VIN_8,VIN_9,VIN_10,VIN_11,VIN_12,TOW_VEH,VINTYPE,VINMAKE,VINA_MOD,VIN_BT,VINMODYR,VIN_LNGT,VIN_WGT,WGTCD_TR,WHLBS_LG,WHLBS_SH,SER_TR,FUELCODE,MCYCL_DS,CARBUR,CYLINDER,DISPLACE,MCYCL_CY,MCYCL_WT,TIRE_SZE,TON_RAT,TRK_WT,TRKWTVAR,VIN_REST,WHLDRWHL,J_KNIFE,MCARR_I1,MCARR_I2,MCARR_ID,GVWR,V_CONFIG,CARGO_BT,HAZ_INV,HAZ_PLAC,HAZ_ID,HAZ_CNO,HAZ_REL,BUS_USE,SPEC_USE,EMER_USE,TRAV_SP,UNDERIDE,ROLLOVER,ROLINLOC,IMPACT1,DEFORMED,TOWED,M_HARM,VEH_SC1,VEH_SC2,FIRE_EXP,DR_PRES,L_STATE,DR_ZIP,L_STATUS,L_TYPE,CDL_STAT,L_ENDORS,L_COMPL,L_RESTRI,DR_HGT,DR_WGT,PREV_ACC,PREV_SUS,PREV_DWI,PREV_SPD,PREV_OTH,FIRST_MO,FIRST_YR,LAST_MO,LAST_YR,SPEEDREL,DR_SF1,DR_SF2,DR_SF3,DR_SF4,VTRAFWAY,VNUM_LAN,VSPD_LIM,VALIGN,VPROFILE,VPAVETYP,VSURCOND,VTRAFCON,VTCONT_F,P_CRASH1,P_CRASH2,P_CRASH3,PCRASH4,PCRASH5,ACC_TYPE,DEATHS,DR_DRINK
4,40415,1,1,1,29,7,22,7,35,0,1,0,4,1,12,481,12481,31,2006,1FTRF122X6NB,1,F,T,R,F,1,2,2,X,6,N,B,0,T,FORD,F15,PK,6,17,,2,1450,1260,COF,G,,,6,256,,,,B,4615,02,E,42,0,0,000000000,00000000000,0,0,0,1,0,0,0,0,0,0,0,55,0,1,5,99,6,2,1,0,0,0,1,4,85321,6,1,0,0,3,3,72,210,0,7,0,0,1,11,2009,1,2011,0,99,99,99,99,1,2,55,3,6,2,2,0,0,14,9,99,9,4,7,1,0
4,40416,1,2,2,30,7,10,28,24,0,1,0,6,1,18,20,18020,4,1999,2G4WB52K4X14,2,G,4,W,B,5,2,K,4,X,1,4,0,P,BUIC,RLL,4D,99,17,3439,,0,1090,,G,,F,6,231,,,15R215,,,,,,0,0,000000000,00000000000,0,0,0,1,0,0,0,0,0,0,0,999,0,0,0,81,6,2,12,0,0,0,1,6,91767,6,1,0,0,3,3,65,130,0,0,0,0,0,0,0,0,0,1,87,0,0,0,2,2,75,1,1,2,6,0,0,1,6,99,4,4,7,1,0
4,40416,2,2,1,30,7,10,28,24,0,1,0,32,3,93,981,93981,51,2006,2M93JMDA06W0,2,M,9,3,J,M,D,A,0,6,W,0,0,T,MCIN,,,6,17,,,,,,,,,,,,,,,,,,,0,57,659439,57659439,3,21,22,1,0,0,0,0,5,0,0,70,0,0,0,12,2,1,12,0,0,0,1,32,89032,6,1,6,1,3,3,999,999,0,0,0,0,0,0,0,0,0,0,0,0,0,0,2,2,75,1,1,2,2,0,0,1,60,9,1,2,98,0,0
4,40417,1,2,1,3,7,23,33,12,1,1,0,4,1,53,705,53705,80,2005,JS1GR7AJ0521,J,S,1,G,R,7,A,J,0,5,2,1,0,M,SUZI,,,5,17,,,,,,,,,,,,,,,,,,,0,0,000000000,00000000000,0,0,0,1,0,0,0,0,0,0,0,60,0,0,0,12,6,2,12,0,0,0,1,4,85388,6,1,0,0,3,0,71,190,1,1,0,0,2,4,2010,2,2011,1,0,0,0,0,2,3,45,1,1,2,1,3,3,1,50,1,1,1,20,1,1
4,40417,2,2,1,3,7,23,33,12,1,1,0,4,4,84,881,84881,66,2008,2HSCUAPR98C6,2,H,S,C,U,A,P,R,9,8,C,6,1,T,INTL,PPR,TR,8,17,,8,0,0,PRO,D,,,6,915,,,,,00000,00,,64,1,57,138208,57138208,3,6,1,1,0,0,0,0,0,0,0,0,0,0,0,6,2,1,12,0,0,0,1,4,85295,6,1,6,0,3,0,67,300,0,0,0,0,0,0,0,0,0,0,0,0,0,0,2,3,45,1,1,2,1,3,3,5,53,1,1,1,21,0,0
4,40418,1,1,2,13,7,9,23,1,0,1,0,4,2,2,403,2403,14,2000,1J4FA59S3YP7,1,J,4,F,A,5,9,S,3,Y,P,7,0,T,JEEP,SAW,2W,0,17,,1,0,934,W/T,G,,,6,244,,,,,3234,00,U,44,0,0,000000000,00000000000,0,0,0,1,0,0,0,0,0,0,0,998,0,1,1,0,6,2,1,0,0,0,1,4,86040,6,1,0,0,3,0,67,150,0,0,0,0,0,0,0,0,0,0,0,0,0,0,1,2,50,3,6,2,1,0,0,14,13,6,4,6,98,1,0
4,40419,1,1,1,29,6,99,99,1,0,1,0,99,9,99,999,99999,99,9999,999999999999,9,9,9,9,9,9,9,9,9,9,9,9,0,,,,,,,,,,,,,,,,,,,,,,,,,0,0,000000000,00000000000,0,0,0,1,0,0,0,0,0,0,0,999,0,9,9,0,9,9,1,0,0,0,1,4,86505,6,1,0,0,3,0,69,159,0,0,0,0,0,0,0,0,0,9,99,99,99,99,9,9,99,9,9,9,99,0,0,99,99,99,9,4,99,1,0
4,40420,1,1,1,29,6,21,50,8,0,1,9,99,9,99,884,99884,66,9999,999999999999,9,9,9,9,9,9,9,9,9,9,9,9,4,,,,,,,,,,,,,,,,,,,,,,,,,1,99,999999999,99999999999,3,99,99,1,0,0,0,0,0,0,0,999,0,0,0,12,9,9,8,0,0,0,1,99,99999,9,9,99,9,9,9,999,999,99,99,99,99,99,99,9999,99,9999,9,99,99,99,99,2,2,99,9,9,2,99,0,0,99,82,99,9,9,13,0,0
4,40421,1,2,2,2,7,1,24,12,6,1,0,4,1,37,31,37031,3,1992,2HGEH2341NH5,2,H,G,E,H,2,3,4,1,N,H,5,0,P,HOND,UCC,2H,92,17,2094,,0,1013,,G,,F,4,091,,,13R165,,,,,,0,0,000000000,00000000000,0,0,0,1,0,0,0,0,0,0,0,17,0,0,0,61,6,2,12,0,0,0,1,4,85367,6,1,0,0,3,0,66,130,0,0,0,0,0,0,0,0,0,0,39,0,0,0,1,2,50,1,1,2,1,4,3,1,17,3,2,1,89,1,0
4,40421,2,2,1,2,7,1,24,12,6,1,0,4,1,12,471,12471,30,1995,1FTCR10A2SUA,1,F,T,C,R,1,0,A,2,S,U,A,0,T,FORD,RNG,PK,95,17,,1,1140,1080,RNG,G,,,4,140,,,,B,00000,00,M,42,0,0,000000000,00000000000,0,0,0,1,0,0,0,0,0,0,0,45,0,0,0,12,6,2,12,0,0,0,1,4,85009,6,1,0,0,3,0,68,150,0,0,0,1,0,11,2009,11,2009,0,0,0,0,0,1,2,50,1,1,2,1,0,0,1,66,3,2,1,88,0,0
4,40422,1,1,8,15,7,0,36,1,0,1,0,4,1,2,403,2403,14,2010,1J4BA3H12AL1,1,J,4,B,A,3,H,1,2,A,L,1,0,T,JEEP,WSS,4W,10,17,,1,0,1160,WUL,G,,,6,230,,,,,4075,00,E,44,0,0,000000000,00000000000,0,0,0,1,0,0,0,0,0,0,0,40,0,1,9,0,6,2,1,0,0,0,1,4,85251,6,1,0,0,3,3,75,195,0,0,0,0,0,0,0,0,0,1,91,0,0,0,1,2,25,3,6,5,1,0,0,14,13,1,1,4,1,2,1
4,40423,1,2,2,15,7,3,14,12,6,1,0,4,2,12,16,12016,4,2001,2FAFP71W61X2,2,F,A,F,P,7,1,W,6,1,X,2,0,P,FORD,CVP,4D,1,17,3996,,0,1147,,G,,F,8,281,,,16R225,,,,,,0,0,000000000,00000000000,0,0,0,1,0,0,0,0,0,0,0,59,0,0,0,3,6,2,12,0,0,1,1,4,85322,0,0,0,0,0,0,69,200,0,0,0,0,1,6,2012,6,2012,0,91,39,0,0,5,4,45,1,1,2,1,2,3,1,17,1,1,1,87,0,1
4,40423,2,2,1,15,7,3,14,12,6,1,0,4,2,12,481,12481,31,2002,1FTRW07362KD,1,F,T,R,W,0,7,3,6,2,K,D,0,T,FORD,F1H,CW,2,17,,2,0,1385,COF,G,,,8,330,,,,B,00000,00,E,42,0,0,000000000,00000000000,0,0,0,1,0,0,0,0,0,0,0,49,0,0,0,12,6,2,12,0,0,0,1,4,85041,6,1,0,0,3,0,63,204,0,0,0,0,0,0,0,0,0,0,0,0,0,0,5,4,45,1,1,2,1,2,3,1,66,1,1,1,86,1,1
4,40424,1,1,1,26,7,4,21,33,0,1,0,4,5,18,10,18010,2,1986,1G4GM47Y0GP2,1,G,4,G,M,4,7,Y,0,G,P,2,0,P,BUIC,RLM,CP,86,17,3132,,0,1081,,G,,4,8,307,,,14R195,,,,,,0,0,000000000,00000000000,0,0,0,1,0,0,0,0,0,0,0,70,0,1,6,14,6,2,25,0,0,1,1,4,85041,0,0,0,0,0,0,67,135,0,0,0,0,0,0,0,0,0,1,0,0,0,0,1,2,30,2,1,2,1,40,3,14,12,1,1,4,6,1,1
4,40425,1,1,2,1,8,16,4,35,0,1,0,4,1,49,40,49040,4,1993,JT2SK12EXP00,J,T,2,S,K,1,2,E,X,P,0,0,0,P,TOYT,CLE,4D,93,17,3053,,0,1031,,G,,F,4,132,,,14R195,,,,,,0,0,000000000,00000000000,0,0,0,1,0,0,0,0,0,0,0,998,0,1,1,82,6,2,1,0,0,0,1,4,85541,1,1,0,0,2,0,70,175,0,4,0,1,4,12,2009,7,2012,1,0,0,0,0,3,2,55,2,6,2,1,0,0,14,6,1,3,4,2,1,1
4,40426,1,1,5,3,8,6,15,1,0,1,0,6,1,49,40,49040,4,1994,JT2SK12E9R02,J,T,2,S,K,1,2,E,9,R,0,2,0,P,TOYT,CLE,4D,94,17,3086,,0,1031,,G,,F,4,132,,,14R195,,,,,,0,0,000000000,00000000000,0,0,0,1,0,0,0,0,0,0,0,80,0,1,5,0,6,2,1,0,0,0,1,6,90731,6,1,0,0,3,0,62,130,0,0,0,0,0,0,0,0,0,1,58,0,0,0,2,2,75,1,1,2,1,0,0,1,9,7,3,4,2,1,0
4,40427,1,7,1,4,8,21,47,8,0,1,0,4,1,54,37,54037,2,2001,19UYA42641A0,1,9,U,Y,A,4,2,6,4,1,A,0,0,P,ACUR,32S,CP,1,17,3510,,0,1069,,G,,F,6,197,,,17R215,,,,,,0,0,000000000,00000000000,0,0,0,1,0,0,0,0,0,0,0,65,0,0,0,12,4,1,8,0,0,0,1,4,85718,6,1,0,0,3,0,71,218,0,0,0,0,0,0,0,0,0,0,0,0,0,0,3,5,65,1,1,2,1,0,0,1,80,1,1,1,13,0,0
4,40427,2,7,1,4,8,21,47,8,0,1,1,99,9,12,401,12401,14,9999,999999999999,9,9,9,9,9,9,9,9,9,9,9,9,0,,,,,,,,,,,,,,,,,,,,,,,,,0,0,000000000,00000000000,0,0,0,1,0,0,0,0,0,0,0,65,0,0,0,14,4,1,8,0,0,0,1,99,99999,9,9,99,0,9,9,999,999,99,99,99,99,99,99,9999,99,9999,0,99,99,99,99,3,5,65,1,1,2,1,0,0,1,80,1,1,1,98,0,0
4,40427,3,7,1,4,8,21,47,8,0,1,0,4,1,20,39,20039,4,2007,KL1TD56677B1,K,L,1,T,D,5,6,6,7,7,B,1,0,P,CHEV,ABS,4D,7,17,2531,,0,976,,G,,F,4,098,,,14R185,,,,,,0,0,000000000,00000000000,0,0,0,1,0,0,0,0,0,0,0,65,0,0,0,14,0,1,8,0,0,0,1,4,85730,1,1,0,0,2,3,69,130,0,4,0,0,0,4,2010,7,2012,0,0,0,0,0,3,5,65,1,1,2,1,0,0,1,80,1,1,1,98,0,0
4,40427,4,7,3,4,8,21,47,8,0,1,0,4,2,41,51,41051,4,2010,JM1BL1SG0A13,J,M,1,B,L,1,S,G,0,A,1,3,0,P,MAZD,M3I,4D,10,17,2868,,0,1039,,G,,F,4,122,,,16R205,,,,,,0,0,000000000,00000000000,0,0,0,1,0,0,0,0,0,0,0,65,0,0,0,14,0,1,8,0,0,0,1,4,85641,6,1,0,0,3,0,67,140,0,0,0,0,0,0,0,0,0,0,0,0,0,0,3,5,65,1,1,2,1,0,0,1,80,1,1,1,98,0,0
4,40427,5,7,99,4,8,21,47,8,0,1,0,4,2,20,23,20023,6,2006,3GNDA13D36S6,3,G,N,D,A,1,3,D,3,6,S,6,0,P,CHEV,HHR,SV,6,17,3155,,0,1035,,G,,F,4,134,,,16R215,,,,,,0,0,000000000,00000000000,0,0,0,1,0,0,0,0,0,0,0,65,0,0,0,14,0,1,8,0,0,0,1,4,85747,6,1,0,0,3,3,68,180,0,0,0,0,0,0,0,0,0,0,99,99,99,99,3,5,65,1,1,2,1,0,0,1,80,1,1,1,98,0,0
4,40427,6,7,2,4,8,21,47,8,0,1,0,4,1,7,482,7482,31,2007,1D7HU18247J6,1,D,7,H,U,1,8,2,4,7,J,6,0,T,DODG,SQ1,CW,7,17,,2,1605,1405,RPC,G,,,8,348,,,,B,5197,02,E,44,0,0,000000000,00000000000,0,0,0,1,0,0,0,0,0,0,0,65,0,0,0,14,0,1,8,0,0,0,1,4,85747,6,1,0,0,3,0,76,175,0,0,0,0,0,0,0,0,0,0,0,0,0,0,3,5,65,1,1,2,1,0,0,1,80,1,1,1,98,0,0
4,40427,7,7,3,4,8,21,47,8,0,1,0,4,4,49,43,49043,4,2012,999999999999,9,9,9,9,9,9,9,9,9,9,9,9,0,,,,,,,,,,,,,,,,,,,,,,,,,0,0,000000000,00000000000,0,0,0,1,0,0,0,0,0,0,0,65,0,0,0,14,0,1,8,0,0,0,1,42,19518,6,1,0,0,3,3,75,999,0,0,0,0,0,0,0,0,0,0,0,0,0,0,3,5,65,1,1,2,1,0,0,1,80,1,1,1,98,0,0
4,40428,1,1,1,6,8,15,30,32,0,1,0,49,1,23,421,23421,15,1995,1GKEK13K8SJ7,1,G,K,E,K,1,3,K,8,S,J,7,0,T,GMC,YUK,4W,95,17,,2,0,1175,YUK,G,,,8,350,,,,B,00000,00,M,44,0,0,000000000,00000000000,0,0,0,1,0,0,0,0,0,0,0,55,0,1,5,14,6,2,1,0,0,0,1,49,84741,6,1,0,0,3,0,63,153,98,0,0,0,0,0,0,0,0,0,58,0,0,0,1,2,55,1,1,2,1,0,0,1,9,7,3,4,7,1,0
4,40429,1,1,2,7,8,4,1,24,0,1,0,4,3,20,481,20481,31,2003,1GCHC24U53E3,1,G,C,H,C,2,4,U,5,3,E,3,0,T,CHEV,2CH,PK,3,17,,2,0,1330,SIL,G,,,8,364,,,,C,5216,00,,42,0,0,000000000,00000000000,0,0,0,1,0,0,0,0,0,0,0,70,0,1,5,99,6,2,1,0,0,0,1,4,85746,1,1,0,0,2,0,70,155,0,2,0,0,0,9,2009,12,2009,1,0,0,0,0,3,2,75,1,1,2,1,0,0,1,9,7,3,4,2,1,0
4,40430,1,1,1,8,8,10,46,35,0,1,0,4,1,7,482,7482,31,2005,1D7HA18N25J5,1,D,7,H,A,1,8,N,2,5,J,5,0,T,DODG,SQ1,CW,5,17,,2,1605,1405,RPC,G,,,8,287,,,,B,4620,03,E,42,0,0,000000000,00000000000,0,0,0,1,0,0,0,0,0,0,0,998,0,1,6,14,6,2,1,0,0,0,1,4,85220,6,1,0,0,3,0,70,185,0,0,0,0,0,0,0,0,0,9,99,99,99,99,1,3,35,1,9,2,99,0,0,99,99,99,9,9,99,1,0
4,40431,1,1,4,8,8,17,55,1,0,1,0,92,0,20,482,20482,31,2002,3GNEK13T52G1,3,G,N,E,K,1,3,T,5,2,G,1,0,T,CHEV,KAV,CW,2,17,,2,0,1300,AVL,G,,,8,325,,,,B,5652,00,,44,0,0,000000000,00000000000,0,0,0,1,0,0,0,0,0,0,0,75,0,1,1,0,6,2,1,0,0,0,1,4,85035,1,1,0,0,2,0,71,140,0,7,0,0,0,5,2012,6,2012,0,58,0,0,0,2,2,75,3,6,2,1,0,0,14,9,6,4,6,98,1,0
4,40432,1,2,1,9,8,4,8,25,0,1,0,4,1,20,16,20016,2,2000,3G1JF12T9YS1,3,G,1,J,F,1,2,T,9,Y,S,1,0,P,CHEV,CZ2,CP,0,17,2617,,0,1041,,G,,F,4,146,,,16R205,,,,,,0,0,000000000,00000000000,0,0,0,1,0,0,0,0,0,0,0,78,0,0,0,14,6,2,12,0,0,0,1,4,85282,6,1,0,0,3,0,72,130,0,0,0,0,0,0,0,0,0,1,58,0,0,0,6,2,65,2,6,2,1,0,0,14,12,1,1,4,6,0,0
4,40432,2,2,1,9,8,4,8,25,0,1,0,4,3,23,481,23481,31,2008,2GTEC6383813,2,G,T,E,C,6,3,8,3,8,1,3,0,T,GMC,DLN,CW,8,17,,2,1670,1530,SIE,G,,,8,378,,,,C,5742,02,W,42,0,0,000000000,00000000000,0,0,0,1,0,0,0,0,0,0,0,65,0,1,1,83,6,2,1,0,0,0,1,4,85225,6,1,0,0,3,3,72,240,0,0,0,1,0,12,2011,12,2011,0,0,0,0,0,6,2,65,2,6,2,1,0,0,14,61,1,1,1,98,1,0
4,40433,1,1,1,9,8,21,34,8,0,1,0,4,1,20,16,20016,2,1999,1G1JC1246X71,1,G,1,J,C,1,2,4,6,X,7,1,0,P,CHEV,C/S,CP,99,17,2617,,0,1041,,G,,F,4,133,,,14R195,,,,,,0,0,000000000,00000000000,0,0,0,1,0,0,0,0,0,0,0,35,0,0,0,12,2,1,8,0,0,0,1,4,85202,6,1,0,0,3,0,65,160,0,0,0,0,0,0,0,0,0,0,0,0,0,0,5,4,40,1,1,2,1,3,3,1,80,99,1,1,13,0,0
4,40434,1,1,1,11,8,2,30,25,0,1,0,4,1,53,705,53705,80,2007,JS1GN7DA4721,J,S,1,G,N,7,D,A,4,7,2,1,0,M,SUZI,G60,RC,7,17,,,,,,,599,,4,,4,354,,,,,,,0,0,000000000,00000000000,0,0,0,1,0,0,0,0,0,0,0,130,0,0,0,99,6,2,25,0,0,0,1,4,85282,6,1,0,0,3,0,72,160,1,1,0,1,0,7,2011,10,2011,1,99,99,99,99,3,4,65,2,1,2,1,0,0,14,12,1,1,4,6,1,1
4,40436,1,2,1,15,8,21,38,12,7,1,0,4,2,20,421,20421,15,1995,1GNEK13K1SJ4,1,G,N,E,K,1,3,K,1,S,J,4,0,P,CHEV,KTA,UT,95,17,5124,,0,1175,,G,,F,8,350,,,15R235,,,,,,0,0,000000000,00000000000,0,0,0,1,0,0,0,0,0,0,0,75,0,1,3,82,6,2,1,0,0,0,1,4,86314,1,1,0,0,2,0,71,140,0,4,1,3,0,12,2009,7,2012,0,28,0,0,0,2,2,75,1,6,2,1,0,0,15,11,1,1,2,46,1,0
4,40436,2,2,1,15,8,21,38,12,7,1,1,99,9,99,999,99999,99,9999,999999999999,9,9,9,9,9,9,9,9,9,9,9,9,0,,,,,,,,,,,,,,,,,,,,,,,,,0,0,000000000,00000000000,0,0,0,1,0,0,0,0,0,0,0,998,0,0,0,62,2,1,12,0,0,0,1,99,99999,9,9,99,0,9,9,999,999,99,99,99,99,99,99,9999,99,9999,9,0,0,0,0,2,2,75,1,6,2,1,0,0,99,60,99,9,9,45,0,0
4,40437,1,1,2,17,8,5,4,1,0,1,0,4,1,12,481,12481,31,1999,1FTSX30F9XED,1,F,T,S,X,3,0,F,9,X,E,D,0,T,FORD,F3S,4C,99,17,,2,1580,1418,SRW,D,,,8,444,,,,D,5200,01,E,42,0,0,000000000,00000000000,0,0,0,1,0,0,0,0,0,0,0,72,0,1,5,0,6,2,1,0,0,0,1,4,85705,6,1,6,0,3,3,70,170,0,0,0,0,0,0,0,0,0,0,80,0,0,0,2,2,75,1,1,2,1,0,0,1,1,1,9,4,2,1,0
4,40438,1,3,4,17,8,14,52,12,8,1,0,8,1,12,481,12481,31,1997,1FTHX26F5VEA,1,F,T,H,X,2,6,F,5,V,E,A,1,T,FORD,F25,PC,97,17,,2,1550,1390,COF,D,,,8,444,,,,C,5236,00,A,44,1,0,000000000,00000000000,0,0,0,1,0,0,0,0,0,0,0,65,0,0,0,12,6,2,12,0,0,0,1,8,81321,0,0,0,0,0,0,70,215,0,3,0,0,0,5,2010,11,2010,0,28,0,0,0,1,2,65,1,6,2,1,0,0,1,10,1,1,2,64,3,0
4,40438,2,3,1,17,8,14,52,12,8,1,0,4,3,51,881,51881,66,2009,4V4MC9EH29N2,4,V,4,M,C,9,E,H,2,9,N,2,1,T,VOLV,VNM,TR,9,17,,8,0,0,VVN,D,,,6,793,,,,,00000,00,,64,3,57,034909,57034909,3,6,2,1,0,0,0,0,0,0,0,60,0,0,0,10,6,2,12,0,0,0,1,4,85349,6,1,6,0,3,0,67,190,0,0,0,0,0,0,0,0,0,0,0,0,0,0,1,2,65,1,5,2,1,0,0,1,62,7,1,3,65,0,0
4,40438,3,3,2,17,8,14,52,12,8,1,0,41,4,49,32,49032,4,2012,2T1BU4EE4CC7,2,T,1,B,U,4,E,E,4,C,C,7,0,P,TOYT,CBS,4D,12,17,2734,,0,1024,,G,,F,4,110,,,15R195,,,,,,0,0,000000000,00000000000,0,0,0,1,0,0,0,0,0,0,0,65,0,0,0,9,6,2,12,0,0,0,1,95,0,9,9,99,0,9,9,999,999,99,99,99,99,99,99,9999,99,9999,0,0,0,0,0,1,2,65,1,5,2,1,0,0,1,60,7,1,3,98,0,0
4,40439,1,1,3,18,8,1,53,1,0,1,0,4,2,49,472,49472,30,1995,4TAVN73F6SZ0,4,T,A,V,N,7,3,F,6,S,Z,0,0,T,TOYT,XTR,PC,95,17,,1,0,1219,TAC,G,,,6,206,,,,B,00000,00,M,44,0,0,000000000,00000000000,0,0,0,1,0,0,0,0,0,0,0,85,0,1,1,0,6,2,1,0,0,0,1,4,86040,6,1,0,0,3,0,65,130,0,0,0,0,0,0,0,0,0,1,35,0,0,0,1,2,45,2,1,2,1,0,0,6,9,99,9,6,98,1,1
4,40440,1,1,1,18,8,16,19,1,0,1,0,4,2,20,401,20401,14,2002,1GNCS13W92K2,1,G,N,C,S,1,3,W,9,2,K,2,0,P,CHEV,BZR,UT,2,17,3718,,0,1070,,G,,F,6,262,,,000000,,,,,,0,0,000000000,00000000000,0,0,0,1,0,0,0,0,0,0,0,1,0,1,3,0,6,2,1,0,0,0,1,4,85388,6,1,0,0,3,0,69,200,0,0,0,0,0,0,0,0,0,1,0,0,0,0,3,5,65,1,1,2,1,0,0,2,9,8,4,4,7,1,0
4,40441,1,2,2,19,8,19,37,12,6,1,0,4,2,35,48,35048,2,2006,JN1AZ36A56M4,J,N,1,A,Z,3,6,A,5,6,M,4,0,P,NISS,3ZR,RD,6,17,3580,,0,1043,,G,,F,6,214,,,18R225,,,,,,0,0,000000000,00000000000,0,0,0,1,0,0,0,0,0,0,0,72,0,0,0,12,6,2,12,0,0,0,1,4,85213,6,1,0,0,3,0,75,300,0,5,0,3,3,9,2009,6,2012,1,0,0,0,0,5,4,45,1,1,2,1,0,0,1,72,1,1,1,83,0,0
4,40441,2,2,1,19,8,19,37,12,6,1,0,4,1,49,51,49051,4,2008,JTDBT9231812,J,T,D,B,T,9,2,3,1,8,1,2,0,P,TOYT,YAR,4D,8,17,2293,,0,969,,G,,F,4,091,,,14R175,,,,,,0,0,000000000,00000000000,0,0,0,1,0,0,0,0,0,0,0,17,0,0,0,61,6,2,12,32,0,0,1,4,85213,6,1,0,0,3,3,68,150,0,0,0,0,0,0,0,0,0,0,0,0,0,0,5,4,45,1,1,2,1,0,0,11,15,1,1,1,82,1,0
4,40442,1,2,1,21,8,12,34,12,2,1,0,4,1,22,20,22020,4,2002,1G2WR52122F1,1,G,2,W,R,5,2,1,2,2,F,1,0,P,PONT,GTP,4D,2,17,3559,,0,1105,,G,,Z,6,231,,,16R225,,,,,,0,0,000000000,00000000000,0,0,0,1,0,0,0,0,0,0,0,45,0,0,0,12,6,2,12,0,0,0,1,4,85297,6,1,0,0,3,0,70,200,0,0,0,0,0,0,0,0,0,0,28,0,0,0,5,6,45,1,1,2,1,0,0,1,10,1,1,2,50,1,1
4,40442,2,2,2,21,8,12,34,12,2,1,0,4,2,12,481,12481,31,1997,1FTEF17W1VLA,1,F,T,E,F,1,7,W,1,V,L,A,0,T,FORD,F15,PK,97,17,,2,1390,1200,COF,G,,,8,281,,,,B,3850,01,E,42,0,0,000000000,00000000000,0,0,0,1,0,0,0,0,0,0,0,45,0,0,0,12,6,2,12,0,0,0,1,4,85248,6,1,0,0,3,0,73,410,0,0,0,0,0,0,0,0,0,0,0,0,0,0,5,6,45,1,1,2,1,0,0,1,62,1,1,1,51,1,0
4,40443,1,1,1,21,8,23,50,8,0,1,1,99,9,99,999,99999,99,9999,999999999999,9,9,9,9,9,9,9,9,9,9,9,9,0,,,,,,,,,,,,,,,,,,,,,,,,,0,0,000000000,00000000000,0,0,0,1,0,0,0,0,0,0,0,65,0,0,0,12,2,1,8,0,0,0,1,99,99999,9,9,99,0,9,9,999,999,99,99,99,99,99,99,9999,99,9999,1,99,99,99,99,3,4,65,1,1,2,2,0,0,1,80,6,1,3,13,0,0
4,40444,1,2,1,26,8,11,0,1,0,1,0,4,1,71,706,71706,80,2003,ZDM1UB5T03B0,Z,D,M,1,U,B,5,T,0,3,B,0,0,M,DUCA,,,3,17,,,,,,,,,,,,,,,,,,,0,0,000000000,00000000000,0,0,0,1,0,0,0,0,0,0,0,998,0,0,0,0,6,2,12,0,0,0,1,4,85305,6,1,0,0,3,0,70,155,0,0,0,0,0,0,0,0,0,0,89,28,52,0,1,2,45,2,6,2,1,40,3,14,98,1,1,1,98,0,0
4,40444,2,2,2,26,8,11,0,1,0,1,0,4,1,72,706,72706,80,1993,1HD1BKL11PY0,1,H,D,1,B,K,L,1,1,P,Y,0,0,M,HD,XTC,RS,93,17,,,,,,,1340,,2,,4,710,,,,,,,0,0,000000000,00000000000,0,0,0,1,0,0,0,0,0,0,0,998,0,0,0,14,6,2,12,0,0,0,1,4,86406,6,1,0,0,3,0,74,250,0,0,0,0,0,0,0,0,0,0,0,0,0,0,1,2,45,3,5,2,1,40,3,14,62,1,1,1,98,1,0
4,40445,1,2,2,26,8,21,2,12,6,1,0,4,1,37,31,37031,4,2001,2HGES267X1H5,2,H,G,E,S,2,6,7,X,1,H,5,0,P,HOND,UAX,4D,1,17,2615,,0,1031,,G,,F,4,102,,,15R185,,,,,,0,0,000000000,00000000000,0,0,0,1,0,0,0,0,0,0,0,998,0,0,0,9,6,2,12,0,0,0,1,4,85308,6,1,0,0,3,3,61,130,0,0,0,0,0,0,0,0,0,9,89,0,0,0,1,2,50,1,1,2,1,20,3,1,17,1,1,1,89,2,0
4,40445,2,2,6,26,8,21,2,12,6,1,0,4,1,20,481,20481,31,2002,1GCHK23112F1,1,G,C,H,K,2,3,1,1,2,F,1,1,T,CHEV,2KH,CW,2,17,,2,1670,1530,SIL,D,,,8,403,,,,C,5753,00,,44,1,0,000000000,00000000000,0,0,0,1,0,0,0,0,0,0,0,55,0,1,3,12,6,2,12,0,0,0,1,4,85023,6,1,0,0,3,0,68,155,0,0,0,1,0,11,2009,11,2009,0,0,0,0,0,2,2,55,1,1,2,1,0,0,1,66,1,1,1,88,0,0
4,40446,1,2,1,27,8,13,11,12,6,1,0,4,1,55,401,55401,14,2004,KM8SC13D94U8,K,M,8,S,C,1,3,D,9,4,U,8,0,P,HYUN,SAN,UT,4,17,3720,,0,1031,,G,,F,6,162,,,16R225,,,,,,0,0,000000000,00000000000,0,0,0,1,0,0,0,0,0,0,0,10,0,0,0,12,4,3,12,0,0,0,1,4,86401,6,1,0,0,3,3,59,100,0,0,0,0,0,0,0,0,0,0,38,0,0,0,2,2,35,1,1,2,1,3,3,11,15,1,1,1,68,0,0
4,40446,2,2,1,27,8,13,11,12,6,1,0,4,1,98,709,98709,80,2005,AZ272597,A,Z,2,7,2,5,9,7,,,,,0,U,,,,5,8,,,,,,,,,,,,,,,,,,,0,0,000000000,00000000000,0,0,0,1,0,0,0,0,0,0,0,35,0,0,0,62,6,2,12,35,0,0,1,4,86401,6,1,0,0,3,0,72,260,0,0,0,0,0,0,0,0,0,0,0,0,0,0,2,2,35,1,1,2,1,3,3,1,62,3,2,1,69,1,0