STATE,ST_CASE,VEH_NO,VE_FORMS,NUMOCCS,DAY,MONTH,HOUR,MINUTE,HARM_EV,MAN_COLL,UNITTYPE,HIT_RUN,REG_STAT,OWNER,MAKE,MODEL,MAK_MOD,BODY_TYP,MOD_YEAR,VIN,VIN_1,VIN_2,VIN_3,VIN_4,VIN_5,VIN_6,VIN_7,VIN_8,VIN_9,VIN_10,VIN_11,VIN_12,TOW_VEH,VINTYPE,VINMAKE,VINA_MOD,VIN_BT,VINMODYR,VIN_LNGT,VIN_WGT,WGTCD_TR,WHLBS_LG,WHLBS_SH,SER_TR,FUELCODE,MCYCL_DS,CARBUR,CYLINDER,DISPLACE,MCYCL_CY,MCYCL_WT,TIRE_SZE,TON_RAT,TRK_WT,TRKWTVAR,VIN_REST,WHLDRWHL,J_KNIFE,MCARR_I1,MCARR_I2,MCARR_ID,GVWR,V_CONFIG,CARGO_BT,HAZ_INV,HAZ_PLAC,HAZ_ID,HAZ_CNO,HAZ_REL,BUS_USE,SPEC_USE,EMER_USE,TRAV_SP,UNDERIDE,ROLLOVER,ROLINLOC,IMPACT1,DEFORMED,TOWED,M_HARM,VEH_SC1,VEH_SC2,FIRE_EXP,DR_PRES,L_STATE,DR_ZIP,L_STATUS,L_TYPE,CDL_STAT,L_ENDORS,L_COMPL,L_RESTRI,DR_HGT,DR_WGT,PREV_ACC,PREV_SUS,PREV_DWI,PREV_SPD,PREV_OTH,FIRST_MO,FIRST_YR,LAST_MO,LAST_YR,SPEEDREL,DR_SF1,DR_SF2,DR_SF3,DR_SF4,VTRAFWAY,VNUM_LAN,VSPD_LIM,VALIGN,VPROFILE,VPAVETYP,VSURCOND,VTRAFCON,VTCONT_F,P_CRASH1,P_CRASH2,P_CRASH3,PCRASH4,PCRASH5,ACC_TYPE,DEATHS,DR_DRINK
4,40477,2,2,2,3,8,5,23,12,6,1,0,4,2,20,881,20881,61,1995,1GBJC34K5SE1,1,G,B,J,C,3,4,K,5,S,E,1,0,T,CHEV,GC3,CB,95,17,,3,1595,1315,GM4,G,,,8,350,,,,D,4397,00,,42,0,88,888888888,88888888888,2,1,3,1,0,0,0,0,0,0,0,15,0,0,0,9,6,9,12,0,0,0,1,4,85714,6,1,0,0,3,0,70,190,0,0,0,0,2,8,2011,12,2011,0,0,0,0,0,5,2,35,1,1,2,1,0,0,11,66,1,1,1,82,0,0
4,40478,1,2,1,3,8,9,11,12,2,1,0,4,2,21,17,21017,4,1991,2G3AL54N3M23,2,G,3,A,L,5,4,N,3,M,2,3,0,P,OLDS,CCI,4D,91,17,2662,,0,1049,,G,,F,6,204,,,14R185,,,,,,0,0,000000000,00000000000,0,0,0,1,0,0,0,0,0,0,0,30,0,0,0,12,6,2,12,0,0,0,1,4,85027,6,1,0,0,3,0,67,160,1,0,0,0,0,7,2012,7,2012,0,28,0,0,0,5,5,45,1,1,2,1,0,0,99,10,1,1,2,50,1,0
4,40478,2,2,1,3,8,9,11,12,2,1,0,4,3,84,881,84881,62,2005,1HTMMAAL05H1,1,H,T,M,M,A,A,L,0,5,H,1,0,T,INTL,430,CC,5,17,,6,0,0,40S,D,,,6,466,,,,,00000,00,,42,0,88,888888888,88888888888,2,1,3,1,0,0,0,0,0,0,0,50,0,0,0,12,6,2,12,0,0,0,1,4,85029,6,1,0,0,3,0,69,150,0,0,0,0,0,0,0,0,0,0,0,0,0,0,5,5,45,1,1,2,1,0,0,1,62,1,1,1,51,0,0
4,40479,1,1,2,4,8,9,41,5,0,1,0,4,1,35,47,35047,4,1995,1N4BU31D5SC1,1,N,4,B,U,3,1,D,5,S,C,1,0,P,NISS,AGS,4D,95,17,2800,,0,1031,,G,,F,4,146,,,15R205,,,,,,0,0,000000000,00000000000,0,0,0,1,0,0,0,0,0,0,0,25,0,0,0,0,0,1,5,0,0,0,1,4,85225,6,1,0,0,3,0,68,120,0,0,0,0,0,0,0,0,0,0,0,0,0,0,1,2,25,1,1,2,1,0,0,1,98,1,1,1,0,1,0
4,40480,1,1,4,4,8,10,1,1,0,1,0,4,2,49,32,49032,4,2008,1NXBR32E08Z0,1,N,X,B,R,3,2,E,0,8,Z,0,0,P,TOYT,UCS,4D,8,17,2530,,0,1024,,G,,F,4,110,,,15R185,,,,,,0,0,000000000,00000000000,0,0,0,1,0,0,0,0,0,0,0,998,0,1,5,0,6,2,1,0,0,0,1,4,85542,0,0,0,0,0,0,63,130,0,1,1,0,0,1,2012,2,2012,0,99,99,99,99,1,2,98,1,1,2,1,0,0,1,9,99,9,4,2,1,1
4,40481,1,1,1,7,8,17,0,1,0,1,0,4,2,35,43,35043,4,1999,3N1AB41D4XL0,3,N,1,A,B,4,1,D,4,X,L,0,0,P,NISS,SXG,4D,99,17,2308,,0,998,,G,,F,4,097,,,13R155,,,,,,0,0,000000000,00000000000,0,0,0,1,0,0,0,0,0,0,0,80,0,1,5,0,6,2,1,0,0,0,1,4,86031,0,0,0,0,0,0,68,158,0,1,0,0,1,5,2010,5,2010,1,0,0,0,0,1,2,65,1,1,2,1,0,0,1,6,6,4,4,7,1,1
4,40482,1,1,1,7,8,22,52,33,0,1,0,4,2,63,401,63401,14,2008,KNDJF7243874,K,N,D,J,F,7,2,4,3,8,7,4,0,P,KIA,SPO,UT,8,17,3230,,0,1035,,G,,F,4,122,,,16R215,,,,,,0,0,000000000,00000000000,0,0,0,1,0,0,0,0,0,0,0,45,0,0,0,12,6,2,43,0,0,0,1,4,85256,6,1,0,0,3,0,71,215,0,0,0,0,0,0,0,0,0,0,0,0,0,0,2,8,45,1,1,2,1,0,0,1,12,1,1,4,6,1,1
4,40483,1,1,1,9,8,1,39,33,0,1,0,4,1,37,32,37032,4,1997,JHMCD5630VC0,J,H,M,C,D,5,6,3,0,V,C,0,0,P,HOND,ULE,4D,97,17,2864,,0,1069,,G,,F,4,132,,,15R185,,,,,,0,0,000000000,00000000000,0,0,0,1,0,0,0,0,0,0,0,999,0,0,0,14,6,2,46,0,0,0,1,4,85742,6,1,0,0,3,0,70,185,0,0,0,0,0,0,0,0,0,9,0,0,0,0,2,3,45,1,1,2,1,3,3,99,13,1,1,4,1,1,1
4,40484,1,1,1,10,8,13,31,8,0,1,0,4,1,37,441,37441,20,2000,2HKRL1870YH6,2,H,K,R,L,1,8,7,0,Y,H,6,0,P,HOND,UDY,SV,0,17,4303,,0,1181,,G,,F,6,212,,,16R215,,,,,,0,0,000000000,00000000000,0,0,0,1,0,0,0,0,0,0,0,30,0,0,0,12,2,1,8,0,0,0,1,4,85032,6,1,0,0,3,3,69,240,0,0,0,0,0,0,0,0,0,9,99,99,99,99,5,5,40,1,1,2,1,2,3,1,80,1,1,1,13,0,0
4,40485,1,1,2,11,8,3,30,5,0,1,0,4,1,2,403,2403,14,2004,1J4FA69S44P7,1,J,4,F,A,6,9,S,4,4,P,7,0,T,JEEP,WRB,2W,4,17,,1,0,934,W/T,G,,,6,244,,,,,3620,00,E,44,0,0,000000000,00000000000,0,0,0,1,0,0,0,0,0,0,0,998,0,0,0,0,2,1,5,0,0,0,1,4,86303,6,1,0,0,3,0,65,130,0,0,0,0,0,0,0,0,0,9,99,99,99,99,1,2,98,8,8,8,98,0,0,99,98,99,1,1,0,1,1
4,40486,1,1,3,12,8,3,27,30,0,1,0,4,2,52,40,52040,4,1998,6MMAP37P0WT0,6,M,M,A,P,3,7,P,0,W,T,0,0,P,MITS,DES,4D,98,17,3417,,0,1071,,G,,F,6,213,,,15R205,,,,,,0,0,000000000,00000000000,0,0,0,1,0,0,0,0,0,0,0,65,0,0,0,12,6,2,19,0,0,0,1,4,85705,6,1,0,0,3,0,62,205,0,2,0,1,1,12,2009,1,2011,1,0,0,0,0,5,4,35,1,1,2,1,0,0,1,9,1,1,4,6,1,1
4,40487,1,1,1,13,8,22,32,8,0,1,0,6,2,20,39,20039,4,2009,KL1TD56E99B3,K,L,1,T,D,5,6,E,9,9,B,3,0,P,CHEV,LTS,4D,9,17,2569,,0,976,,G,,F,4,098,,,14R185,,,,,,0,0,000000000,00000000000,0,0,0,1,0,0,0,0,0,0,0,29,0,0,0,12,6,2,8,0,0,0,1,6,95624,6,1,0,0,3,0,62,115,0,0,0,0,0,0,0,0,0,0,0,0,0,0,5,4,35,1,1,2,1,0,0,1,80,4,2,1,13,0,0
4,40488,1,2,1,15,8,10,8,12,6,1,0,4,2,20,403,20403,14,2003,1GNDT13S2321,1,G,N,D,T,1,3,S,2,3,2,1,0,P,CHEV,TRL,UT,3,17,4600,,0,1130,,G,,F,6,256,,,16R245,,,,,,0,0,000000000,00000000000,0,0,0,1,0,0,0,0,0,0,0,31,0,1,1,12,6,2,1,0,0,0,1,4,85024,6,1,0,0,3,0,70,130,0,0,0,0,0,0,0,0,0,0,39,0,0,0,5,4,40,1,1,2,1,3,3,1,17,1,1,1,86,1,0
4,40488,2,2,1,15,8,10,8,12,6,1,0,4,3,14,6,14006,4,2007,2MEFM74V87X6,2,M,E,F,M,7,4,V,8,7,X,6,0,P,MERC,GMG,4D,7,17,4135,,0,1147,,F,,F,8,281,,,16R225,,,,,,0,0,000000000,00000000000,0,0,0,1,0,0,0,0,0,0,0,32,0,0,0,82,6,2,12,0,0,0,1,4,85202,6,1,0,0,3,0,66,168,0,0,0,0,1,1,2011,1,2011,0,0,0,0,0,2,3,45,1,1,2,1,3,3,1,66,1,1,1,87,0,0
4,40489,1,1,3,15,8,18,25,42,0,1,0,4,1,12,422,12422,15,2001,1FMPU16L01LB,1,F,M,P,U,1,6,L,0,1,L,B,0,P,FORD,EPT,UT,1,17,5250,,0,1191,,G,,F,8,330,,,16R255,,,,,,0,0,000000000,00000000000,0,0,0,1,0,0,0,0,0,0,0,998,0,1,1,12,6,2,1,0,0,0,1,4,85014,1,1,0,0,2,0,63,140,1,2,0,1,0,5,2012,6,2012,1,89,0,0,0,5,2,40,1,1,2,1,0,0,1,9,1,9,4,2,1,1
4,40490,1,1,1,20,8,1,52,8,0,1,0,4,3,12,16,12016,4,2007,2FAFP71W37X1,2,F,A,F,P,7,1,W,3,7,X,1,0,P,FORD,CVP,4D,7,17,4129,,0,1146,,G,,F,8,281,,,17R235,,,,,,0,0,000000000,00000000000,0,0,0,1,0,0,0,0,0,5,1,63,0,0,0,12,6,2,8,0,0,0,1,4,99999,6,1,0,0,3,0,73,245,0,0,0,0,0,0,0,0,0,9,16,0,0,0,2,3,35,1,1,2,1,0,0,1,80,1,1,1,13,0,0
4,40491,1,1,1,21,8,9,35,42,0,1,0,4,1,72,706,72706,80,2005,1HD1BMY135Y1,1,H,D,1,B,M,Y,1,3,5,Y,1,0,M,HD,FLF,RS,5,17,,,,,,,1450,,2,,4,671,,,,,,,0,0,000000000,00000000000,0,0,0,1,0,0,0,0,0,0,0,37,0,0,0,12,6,2,42,0,0,1,1,4,85021,6,1,0,0,3,3,74,225,0,0,0,0,0,0,0,0,0,0,99,99,99,99,1,4,40,1,1,2,1,0,0,1,13,99,9,4,5,1,0
4,40492,1,1,1,22,8,17,59,1,0,1,0,4,2,49,43,49043,4,1995,4T1GB10E6SU0,4,T,1,G,B,1,0,E,6,S,U,0,0,P,TOYT,UAL,4D,95,17,3265,,0,1071,,G,,F,6,183,,,15R205,,,,,,0,0,000000000,00000000000,0,0,0,1,0,0,0,0,0,0,0,998,0,1,9,0,6,2,1,0,0,0,1,4,85337,6,1,0,0,3,0,72,190,0,0,0,1,1,12,2009,10,2011,0,99,99,99,99,1,2,65,1,1,2,1,0,0,1,9,99,3,4,2,1,0
4,40493,1,1,1,25,8,22,38,25,0,1,0,32,1,73,705,73705,80,1992,JKAENVA18NA0,J,K,A,E,N,V,A,1,8,N,A,0,0,M,KAWK,EN5,RS,92,17,,,,,,,500,,2,,4,397,,,,,,,0,0,000000000,00000000000,0,0,0,1,0,0,0,0,0,0,0,65,0,0,0,99,4,3,30,0,0,0,1,32,89101,6,1,0,0,3,3,78,210,0,0,0,0,0,0,0,0,0,1,0,0,0,0,2,4,45,3,1,2,1,0,0,14,13,1,1,4,1,1,1
4,40494,1,3,1,26,8,15,34,12,6,1,0,4,1,49,40,49040,4,1995,4T1GK12E8SU0,4,T,1,G,K,1,2,E,8,S,U,0,0,P,TOYT,CLE,4D,95,17,3241,,0,1031,,G,,F,6,183,,,15R205,,,,,,0,0,000000000,00000000000,0,0,0,1,0,0,0,0,0,0,0,998,0,0,0,82,6,2,12,0,0,0,1,4,85020,6,1,0,0,3,0,63,96,0,0,0,1,0,9,2009,9,2009,0,91,51,0,0,3,5,65,1,1,2,1,0,0,1,54,6,1,3,66,0,0
4,40494,2,3,1,26,8,15,34,12,6,1,0,4,2,72,706,72706,80,1994,1HD1FDL16RY5,1,H,D,1,F,D,L,1,6,R,Y,5,0,M,HD,FHR,RS,94,17,,,,,,,1340,,2,,4,999,,,,,,,0,0,000000000,00000000000,0,0,0,1,0,0,0,0,0,0,0,998,0,0,0,12,6,2,12,0,0,0,1,4,85210,6,1,0,0,3,0,72,145,0,1,0,1,1,5,2011,2,2012,0,0,0,0,0,3,5,65,1,1,2,1,0,0,1,54,7,1,3,66,1,0
4,40494,3,3,1,26,8,15,34,12,6,1,0,16,1,76,706,76706,80,2007,JYAVP11E07A0,J,Y,A,V,P,1,1,E,0,7,A,0,0,M,YAMA,XVS,RS,7,17,,,,,,,1063,,2,,4,571,,,,,,,0,0,000000000,00000000000,0,0,0,1,0,0,0,0,0,0,0,998,0,0,0,0,6,2,1,0,0,0,1,16,83639,6,1,0,0,3,0,73,155,0,0,0,0,2,2,2010,4,2010,0,0,0,0,0,3,5,65,1,1,2,1,0,0,1,54,98,1,3,98,0,0
4,40495,1,3,4,26,8,23,52,12,6,1,0,4,2,7,482,7482,31,2003,1D7HA18D93S3,1,D,7,H,A,1,8,D,9,3,S,3,0,T,DODG,SQ1,CW,3,17,,2,1605,1405,RPC,G,,,8,345,,,,B,4665,03,E,42,0,0,000000000,00000000000,0,0,0,1,0,0,0,0,0,0,0,71,0,0,0,12,6,2,12,0,0,0,1,4,85323,6,1,0,0,3,0,69,158,0,2,0,1,1,2,2011,1,2012,1,39,91,0,0,2,3,40,1,1,2,1,2,3,1,17,1,1,1,88,0,1
4,40495,2,3,1,26,8,23,52,12,6,1,0,4,1,12,3,12003,1,2004,1FAFP45X24F1,1,F,A,F,P,4,5,X,2,4,F,1,0,P,FORD,MGT,CV,4,17,3254,,0,1013,,G,,F,8,281,,,17R245,,,,,,0,0,000000000,00000000000,0,0,0,1,0,0,0,0,0,0,0,37,0,0,0,61,6,2,12,0,0,0,1,4,85345,6,1,0,0,3,0,68,152,0,0,0,0,0,0,0,0,0,0,0,0,0,0,2,2,40,1,1,2,1,2,3,1,66,1,1,1,89,1,0
4,40495,3,3,1,26,8,23,52,12,6,1,0,4,1,7,21,7021,6,2005,2D4FV48VX5H1,2,D,4,F,V,4,8,V,X,5,H,1,0,P,DODG,MGN,UT,5,17,3811,,0,1200,,G,,F,6,214,,,17R215,,,,,,0,0,000000000,00000000000,0,0,0,1,0,0,0,0,0,0,0,40,0,0,0,12,2,1,54,0,0,0,1,4,85019,6,1,0,0,3,0,71,240,0,0,0,0,0,0,0,0,0,0,0,0,0,0,2,2,40,1,1,2,1,2,3,17,62,99,9,3,98,0,0
4,40496,1,2,1,27,8,17,26,12,2,1,0,4,1,49,46,49046,5,2009,JTDKB20U9935,J,T,D,K,B,2,0,U,9,9,3,5,0,P,TOYT,PRI,4H,9,17,2932,,0,1063,,B,,F,4,091,,,15R185,,,,,,0,0,000000000,00000000000,0,0,0,1,0,0,0,0,0,0,0,40,0,0,0,12,6,2,12,36,0,0,1,4,85749,6,1,0,0,3,0,72,170,0,0,0,0,0,0,0,0,0,0,99,99,99,99,1,2,40,1,1,2,1,3,3,1,17,1,1,1,69,1,0
4,40496,2,2,1,27,8,17,26,12,2,1,0,4,1,49,47,49047,6,2006,2T1KR32E16C5,2,T,1,K,R,3,2,E,1,6,C,5,0,P,TOYT,CTR,4H,6,17,2679,,0,1024,,G,,F,4,109,,,16R205,,,,,,0,0,000000000,00000000000,0,0,0,1,0,0,0,0,0,0,0,10,0,0,0,12,6,2,12,0,0,0,1,4,85748,6,1,0,0,3,3,66,120,0,0,0,0,0,0,0,0,0,0,99,99,99,99,1,2,40,1,1,2,1,3,3,11,66,1,1,3,68,0,0
4,40497,1,1,1,27,8,0,26,33,0,1,0,35,1,53,705,53705,80,2009,JS1GN7EA2921,J,S,1,G,N,7,E,A,2,9,2,1,0,M,SUZI,G60,RC,9,17,,,,,,,599,,4,,4,354,,,,,,,0,0,000000000,00000000000,0,0,0,1,0,0,0,0,0,0,0,83,0,0,0,12,6,2,1,0,0,0,1,35,87401,6,1,0,0,3,0,70,175,98,2,0,1,0,8,2012,8,2012,1,37,0,0,0,5,4,45,2,1,2,1,0,0,14,13,1,1,4,5,1,1
4,40498,1,1,1,29,8,13,1,33,0,1,0,4,5,37,705,37705,80,2007,JH2PC400X7M0,J,H,2,P,C,4,0,0,X,7,M,0,0,M,HOND,B60,RC,7,17,,,,,,,599,,4,,4,345,,,,,,,0,0,000000000,00000000000,0,0,0,1,0,0,0,0,0,0,0,45,0,0,0,14,6,2,30,0,0,0,1,4,85730,1,1,0,0,2,0,67,170,0,6,0,0,1,8,2011,3,2012,1,0,0,0,0,2,3,45,3,1,2,1,0,0,14,51,4,1,4,5,1,0
4,40499,1,2,1,30,8,21,41,12,6,1,0,4,1,20,473,20473,30,2009,1GCDT19E3981,1,G,C,D,T,1,9,E,3,9,8,1,0,T,CHEV,RDO,4C,9,17,,1,0,1260,CAL,G,,,5,226,,,,B,3878,00,,44,0,0,000000000,00000000000,0,0,0,1,0,0,0,0,0,0,0,998,0,0,0,81,6,2,12,0,0,0,1,51,22125,6,1,0,0,3,0,72,180,0,0,0,1,0,8,2010,8,2010,0,39,0,0,0,2,2,98,1,1,2,1,20,3,1,17,1,1,1,87,1,1
4,40499,2,2,1,30,8,21,41,12,6,1,0,4,3,12,16,12016,4,2008,2FAHP71V68X1,2,F,A,H,P,7,1,V,6,8,X,1,0,P,FORD,CVP,4D,8,17,0,,0,1146,,F,,F,8,281,,,17R235,,,,,,0,0,000000000,00000000000,0,0,0,1,0,0,0,0,0,5,0,998,0,0,0,12,6,2,12,0,0,0,1,4,85123,6,1,0,0,3,0,71,205,0,0,0,1,1,12,2010,4,2012,1,16,0,0,0,2,2,65,1,1,2,1,0,0,1,66,1,1,1,86,0,0
4,40500,1,2,1,16,8,13,14,12,2,1,0,4,1,55,35,55035,4,2005,KMHDN46D45U0,K,M,H,D,N,4,6,D,4,5,U,0,0,P,HYUN,EST,4D,5,17,2635,,0,1027,,G,,F,4,121,,,15R195,,,,,,0,0,000000000,00000000000,0,0,0,1,0,0,0,0,0,0,0,10,0,0,0,12,6,2,12,0,0,0,1,4,85122,6,1,0,0,3,0,69,245,0,0,0,0,0,0,0,0,0,0,38,0,0,0,5,4,35,1,1,2,1,3,3,11,15,1,1,2,68,0,0
4,40500,2,2,3,16,8,13,14,12,2,1,0,4,2,41,50,41050,5,2005,1YVHP84D155M,1,Y,V,H,P,8,4,D,1,5,5,M,0,P,MAZD,M6S,4H,5,17,3395,,0,1053,,G,,F,6,181,,,17R215,,,,,,0,0,000000000,00000000000,0,0,0,1,0,0,0,0,0,0,0,35,0,0,0,12,6,2,12,0,0,0,1,4,85122,6,1,0,0,3,0,67,160,0,0,0,0,0,0,0,0,0,0,89,0,0,0,5,4,35,1,1,2,1,3,3,1,62,1,1,1,69,1,0
4,40501,1,1,1,20,8,23,30,8,0,1,0,4,3,82,881,82881,66,2011,1FUBGADV9BSA,1,F,U,B,G,A,D,V,9,B,S,A,1,T,FRHT,113,TR,11,17,,7,0,0,CSC,D,,,6,781,,,,,00000,00,,42,1,57,1274353,571274353,3,6,1,1,0,0,0,0,0,0,0,60,0,0,0,12,2,1,8,0,0,0,1,4,85748,6,1,6,0,3,3,70,193,0,1,0,1,1,2,2012,6,2012,0,0,0,0,0,2,2,65,1,1,2,1,0,0,1,80,99,1,3,13,0,0
4,40502,1,1,1,23,8,99,99,99,0,1,0,99,9,99,999,99999,99,9999,999999999999,9,9,9,9,9,9,9,9,9,9,9,9,0,,,,,,,,,,,,,,,,,,,,,,,,,0,0,000000000,00000000000,0,0,0,1,0,0,0,0,0,0,0,999,0,0,0,99,9,9,99,0,0,0,1,4,85365,1,1,0,0,2,0,66,180,0,0,0,0,0,0,0,0,0,9,99,99,99,99,9,9,99,9,9,9,99,99,9,99,99,99,9,9,99,1,0
4,40503,1,1,2,1,9,10,40,42,0,1,0,4,4,49,32,49032,4,2012,5YFBU4EE1CP0,5,Y,F,B,U,4,E,E,1,C,P,0,0,P,TOYT,CBS,4D,12,17,2734,,0,1024,,G,,F,4,110,,,15R195,,,,,,0,0,000000000,00000000000,0,0,0,1,0,0,0,0,0,0,0,998,0,0,0,12,6,2,2,0,0,1,1,4,85297,6,1,0,0,3,3,70,175,0,3,0,1,2,2,2010,1,2012,1,0,0,0,0,2,2,75,1,1,2,1,0,0,1,9,99,4,4,7,2,0
4,40504,1,1,1,1,9,13,20,1,0,1,0,4,1,37,706,37706,80,2003,1HFSC47023A2,1,H,F,S,C,4,7,0,2,3,A,2,0,M,HOND,GL8,RS,3,17,,,,,,,1832,,6,,4,816,,,,,,,0,0,000000000,00000000000,0,0,0,1,0,0,0,0,0,0,0,60,0,0,0,0,6,2,1,0,0,0,1,4,85032,6,1,0,0,3,0,73,260,0,0,0,0,0,0,0,0,0,1,89,85,0,0,3,4,75,1,1,2,1,0,0,1,50,3,2,1,98,1,0
4,40505,1,1,1,1,9,13,20,42,0,1,0,4,2,12,36,12036,3,1997,KNJLT05H0V62,K,N,J,L,T,0,5,H,0,V,6,2,0,P,FORD,ASP,2H,97,17,2056,,0,907,,G,,F,4,081,,,13R165,,,,,,0,0,000000000,00000000000,0,0,0,1,0,0,0,0,0,0,0,75,0,0,0,9,6,2,42,0,0,0,1,4,85621,6,1,0,0,3,0,68,170,1,0,0,1,0,5,2010,6,2010,0,80,0,0,0,2,2,75,1,1,2,1,0,0,1,1,99,3,4,2,1,0
4,40506,1,1,1,1,9,17,2,43,0,1,0,4,1,53,706,53706,80,2007,JS1GT77A1721,J,S,1,G,T,7,7,A,1,7,2,1,0,M,SUZI,XR1,RC,7,17,,,,,,,999,,4,,4,379,,,,,,,0,0,000000000,00000000000,0,0,0,1,0,0,0,0,0,0,0,998,0,0,0,12,6,2,19,0,0,0,1,4,85308,6,1,6,0,3,0,76,315,0,2,0,1,0,12,2009,4,2012,9,99,99,99,99,1,2,25,1,1,2,1,0,0,1,14,1,1,4,14,1,0
4,40507,1,2,1,6,9,11,4,12,6,1,0,4,1,3,402,3402,14,2007,5GTDN13E2781,5,G,T,D,N,1,3,E,2,7,8,1,0,T,HUMM,HH3,4W,7,17,,1,0,1119,HUM,G,,,5,226,,,,,4700,00,4,44,0,0,000000000,00000000000,0,0,0,1,0,0,0,0,0,0,0,12,0,0,0,3,6,2,12,0,0,0,1,4,85373,6,1,0,0,3,0,69,130,0,0,0,1,0,10,2009,10,2009,0,38,0,0,0,2,3,40,1,1,2,1,3,3,11,15,1,1,1,68,0,0
4,40507,2,2,3,6,9,11,4,12,6,1,0,4,2,55,35,55035,6,1999,KMHJW25F4XU1,K,M,H,J,W,2,5,F,4,X,U,1,0,P,HYUN,ELL,SW,99,17,2648,,0,1004,,G,,F,4,121,,,14R175,,,,,,0,0,000000000,00000000000,0,0,0,1,0,0,0,0,0,0,0,35,0,0,0,12,6,2,12,0,0,0,1,4,85033,6,1,0,0,3,0,62,105,0,0,0,0,0,0,0,0,0,0,0,0,0,0,2,2,40,1,1,2,1,3,3,1,62,1,1,1,69,1,0
4,40508,1,1,1,7,9,2,36,1,0,1,0,4,1,20,481,20481,31,2000,2GCEC19TXY13,2,G,C,E,C,1,9,T,X,Y,1,3,0,T,CHEV,SC1,3C,0,17,,2,1575,1435,SIL,G,,,8,325,,,,B,4134,03,,42,0,0,000000000,00000000000,0,0,0,1,0,0,0,0,0,0,0,998,0,1,3,0,6,2,1,0,0,0,1,4,85373,6,1,0,0,3,0,72,180,0,0,0,0,0,0,0,0,0,1,58,0,0,0,2,2,75,1,1,1,1,0,0,1,6,6,4,4,7,1,1
4,40509,1,1,1,9,9,9,16,1,0,1,0,4,1,6,51,6051,4,2008,2C3KA63H48H2,2,C,3,K,A,6,3,H,4,8,H,2,0,P,CHRY,30C,4D,8,17,4096,,0,1200,,G,,F,8,348,,,18R225,,,,,,0,0,000000000,00000000000,0,0,0,1,0,0,0,0,0,0,0,50,0,1,5,0,6,2,1,0,0,0,1,4,85224,6,1,0,0,3,0,66,140,0,0,0,0,0,0,0,0,0,1,0,0,0,0,5,6,40,1,1,2,1,0,0,1,13,1,1,4,1,1,0
4,40510,1,3,2,11,9,14,40,12,9,1,0,4,1,49,40,49040,4,2004,4T1BE32K74U8,4,T,1,B,E,3,2,K,7,4,U,8,0,P,TOYT,UXS,4D,4,17,3086,,0,1071,,G,,F,4,144,,,15R205,,,,,,0,0,000000000,00000000000,0,0,0,1,0,0,0,0,0,0,0,65,0,0,0,81,6,2,12,0,0,0,1,4,85756,6,1,0,0,3,3,69,200,0,0,0,1,0,7,2010,7,2010,1,89,0,0,0,2,2,75,1,1,2,2,0,0,1,5,1,3,4,48,2,0
4,40510,2,3,1,11,9,14,40,12,9,1,0,4,1,12,881,12881,61,2007,1FDAF56P67EA,1,F,D,A,F,5,6,P,6,7,E,A,0,T,FORD,F5D,CB,7,17,,5,2000,1410,DRW,D,,,8,366,,,,D,6465,04,U,42,0,57,633318,57633318,2,1,96,1,0,0,0,0,0,0,0,15,0,0,0,6,6,2,12,0,0,0,1,4,85741,6,1,0,0,3,0,74,205,0,0,0,0,0,0,0,0,0,0,0,0,0,0,2,2,75,1,1,2,2,0,0,1,60,1,1,5,48,0,0
4,40510,3,3,1,11,9,14,40,12,9,1,0,4,1,20,481,20481,31,1993,1GCDC14Z9PZ2,1,G,C,D,C,1,4,Z,9,P,Z,2,0,T,CHEV,GC1,PK,93,17,,1,1315,1175,GM4,G,,,6,262,,,,B,3718,02,,42,0,0,000000000,00000000000,0,0,0,1,0,0,0,0,0,0,0,5,0,0,0,6,4,1,12,0,0,0,1,4,85602,6,1,0,0,3,0,66,157,0,0,0,0,0,0,0,0,0,0,0,0,0,0,2,2,75,1,1,2,2,0,0,1,53,1,1,1,98,0,0
4,40511,1,2,2,9,9,8,24,12,6,1,0,4,1,20,16,20016,4,1996,1G1JC5240T72,1,G,1,J,C,5,2,4,0,T,7,2,0,P,CHEV,CAV,4D,96,17,2676,,0,1041,,G,,F,4,133,,,14R195,,,,,,0,0,000000000,00000000000,0,0,0,1,0,0,0,0,0,0,0,47,0,0,0,4,6,2,12,0,0,0,1,4,85648,6,1,0,0,3,0,65,130,0,1,0,1,0,3,2012,4,2012,0,58,0,0,0,1,2,45,1,3,2,1,0,0,1,9,1,4,4,64,1,1
4,40511,2,2,2,9,9,8,24,12,6,1,0,4,2,12,471,12471,30,1994,1FTCR14A9RPB,1,F,T,C,R,1,4,A,9,R,P,B,0,T,FORD,RNS,PC,94,17,,1,0,1250,RNG,G,,,4,140,,,,B,3208,00,A,42,0,0,000000000,00000000000,0,0,0,1,0,0,0,0,0,0,0,28,0,0,0,12,6,2,12,0,0,0,1,4,85648,6,1,0,0,3,0,66,215,0,3,0,1,1,10,2009,3,2010,0,0,0,0,0,1,2,45,1,3,2,1,0,0,1,62,7,1,4,65,0,0
4,40512,1,1,1,14,9,15,57,17,0,1,0,4,2,12,16,12016,4,1998,2FAFP74W4WX1,2,F,A,F,P,7,4,W,4,W,X,1,0,P,FORD,CVL,4D,98,17,3927,,0,1144,,G,,F,8,281,,,15R225,,,,,,0,0,000000000,00000000000,0,0,0,1,0,0,0,0,0,0,0,75,0,0,0,61,6,2,17,0,0,0,1,4,86326,6,1,0,0,3,0,74,175,0,0,0,0,0,0,0,0,0,1,0,0,0,0,3,2,75,1,1,2,1,0,0,1,6,7,3,4,2,1,0
4,40513,1,2,2,15,9,9,30,18,0,1,0,4,1,72,706,72706,80,2002,1HD1FDV152Y6,1,H,D,1,F,D,V,1,5,2,Y,6,0,M,HD,FHR,RS,2,17,,,,,,,1450,,2,,4,723,,,,,,,0,0,000000000,00000000000,0,0,0,1,0,0,0,0,0,0,0,999,0,0,0,12,4,3,1,0,0,0,1,4,86314,6,1,0,0,3,3,66,200,0,0,0,0,0,0,0,0,0,0,81,0,0,0,1,2,55,2,5,2,1,0,0,14,90,99,1,1,12,1,0