STATE,ST_CASE,VEH_NO,VE_FORMS,NUMOCCS,DAY,MONTH,HOUR,MINUTE,HARM_EV,MAN_COLL,UNITTYPE,HIT_RUN,REG_STAT,OWNER,MAKE,MODEL,MAK_MOD,BODY_TYP,MOD_YEAR,VIN,VIN_1,VIN_2,VIN_3,VIN_4,VIN_5,VIN_6,VIN_7,VIN_8,VIN_9,VIN_10,VIN_11,VIN_12,TOW_VEH,VINTYPE,VINMAKE,VINA_MOD,VIN_BT,VINMODYR,VIN_LNGT,VIN_WGT,WGTCD_TR,WHLBS_LG,WHLBS_SH,SER_TR,FUELCODE,MCYCL_DS,CARBUR,CYLINDER,DISPLACE,MCYCL_CY,MCYCL_WT,TIRE_SZE,TON_RAT,TRK_WT,TRKWTVAR,VIN_REST,WHLDRWHL,J_KNIFE,MCARR_I1,MCARR_I2,MCARR_ID,GVWR,V_CONFIG,CARGO_BT,HAZ_INV,HAZ_PLAC,HAZ_ID,HAZ_CNO,HAZ_REL,BUS_USE,SPEC_USE,EMER_USE,TRAV_SP,UNDERIDE,ROLLOVER,ROLINLOC,IMPACT1,DEFORMED,TOWED,M_HARM,VEH_SC1,VEH_SC2,FIRE_EXP,DR_PRES,L_STATE,DR_ZIP,L_STATUS,L_TYPE,CDL_STAT,L_ENDORS,L_COMPL,L_RESTRI,DR_HGT,DR_WGT,PREV_ACC,PREV_SUS,PREV_DWI,PREV_SPD,PREV_OTH,FIRST_MO,FIRST_YR,LAST_MO,LAST_YR,SPEEDREL,DR_SF1,DR_SF2,DR_SF3,DR_SF4,VTRAFWAY,VNUM_LAN,VSPD_LIM,VALIGN,VPROFILE,VPAVETYP,VSURCOND,VTRAFCON,VTCONT_F,P_CRASH1,P_CRASH2,P_CRASH3,PCRASH4,PCRASH5,ACC_TYPE,DEATHS,DR_DRINK
4,40623,1,2,3,15,10,7,19,1,0,1,0,4,2,18,7,18007,4,2001,2G4WS52J0111,2,G,4,W,S,5,2,J,0,1,1,1,0,P,BUIC,CCU,4D,1,17,3368,,0,1090,,G,,F,6,191,,,15R205,,,,,,0,0,000000000,00000000000,0,0,0,1,0,0,0,0,0,0,0,5,0,0,0,62,6,2,12,0,0,0,1,4,85033,6,1,0,0,3,0,66,220,0,0,0,1,0,11,2010,11,2010,0,38,0,0,0,1,2,25,1,1,2,1,20,3,11,15,1,1,1,98,0,0
4,40623,2,2,1,15,10,7,19,1,0,1,0,4,1,72,706,72706,80,2006,1HD1FFW156Y6,1,H,D,1,F,F,W,1,5,6,Y,6,0,M,HD,TCI,RS,6,17,,,,,,,1450,,2,,4,776,,,,,,,0,0,000000000,00000000000,0,0,0,1,0,0,0,0,0,0,0,33,0,0,0,0,6,2,12,0,0,0,1,4,85335,6,1,0,0,3,3,74,210,0,0,0,0,0,0,0,0,0,0,0,0,0,0,5,4,45,1,1,2,1,0,0,1,67,3,2,1,98,1,0
4,40624,1,1,1,16,10,99,99,3,0,1,0,99,9,99,999,99999,99,9999,999999999999,9,9,9,9,9,9,9,9,9,9,9,9,0,,,,,,,,,,,,,,,,,,,,,,,,,0,0,000000000,00000000000,0,0,0,1,0,0,0,0,0,0,0,999,0,0,0,0,9,9,3,0,0,0,1,99,99999,9,9,99,0,9,9,999,999,99,99,99,99,99,99,9999,99,9999,9,99,99,99,99,9,9,99,1,1,2,99,99,9,99,99,99,9,9,0,1,0
4,40625,1,1,1,20,10,4,7,33,0,1,0,4,1,49,40,49040,4,1992,JT2SK12E8N00,J,T,2,S,K,1,2,E,8,N,0,0,0,P,TOYT,CLE,4D,92,17,3053,,0,1031,,G,,F,4,132,,,000000,,,,,,0,0,000000000,00000000000,0,0,0,1,0,0,0,0,0,0,0,5,0,0,0,12,6,2,2,0,0,1,1,4,85225,6,1,0,0,3,3,73,245,0,0,0,0,0,0,0,0,0,0,99,99,99,99,1,2,25,1,1,2,1,0,0,99,14,1,1,4,14,1,0
4,40626,1,2,1,24,10,17,57,12,2,1,0,99,9,99,999,99999,99,9999,999999999999,9,9,9,9,9,9,9,9,9,9,9,9,0,,,,,,,,,,,,,,,,,,,,,,,,,0,0,000000000,00000000000,0,0,0,1,0,0,0,0,0,0,0,999,0,0,0,12,9,9,12,0,0,0,1,99,99999,9,9,99,0,9,9,999,999,99,99,99,99,99,99,9999,99,9999,9,99,99,99,99,9,9,99,1,1,2,99,99,9,11,15,99,9,9,68,0,0
4,40626,2,2,1,24,10,17,57,12,2,1,0,99,9,72,709,72709,80,9999,999999999999,9,9,9,9,9,9,9,9,9,9,9,9,0,,,,,,,,,,,,,,,,,,,,,,,,,0,0,000000000,00000000000,0,0,0,1,0,0,0,0,0,0,0,999,0,0,0,12,9,9,12,0,0,0,1,4,85345,6,1,0,0,3,0,66,250,1,0,0,0,0,7,2010,7,2010,9,99,99,99,99,9,9,99,1,1,2,99,99,9,1,62,99,9,9,69,1,0
4,40627,1,1,1,25,10,12,31,99,99,1,0,99,9,99,999,99999,99,9999,999999999999,9,9,9,9,9,9,9,9,9,9,9,9,0,,,,,,,,,,,,,,,,,,,,,,,,,0,0,000000000,00000000000,0,0,0,1,0,0,0,0,0,0,0,999,0,0,0,99,9,9,99,0,0,0,1,4,85018,6,1,0,0,3,3,70,200,0,0,0,0,0,0,0,0,0,9,99,99,99,99,9,9,99,9,9,9,99,99,9,99,99,99,9,9,99,1,0
4,40628,1,1,2,25,10,18,11,8,0,1,0,4,1,7,442,7442,20,1996,2B4GP44R7TR8,2,B,4,G,P,4,4,R,7,T,R,8,0,T,DODG,GCS,ES,96,17,,1,0,1193,CAR,G,,,6,201,,,,,3663,03,E,42,0,0,000000000,00000000000,0,0,0,1,0,0,0,0,0,0,0,26,0,0,0,12,2,1,8,0,0,0,1,4,85009,6,1,0,0,3,1,62,180,0,1,0,0,0,7,2011,7,2011,0,0,0,0,0,5,5,40,1,1,2,1,0,0,1,80,99,1,1,13,0,0
4,40629,1,2,1,25,10,20,27,12,2,1,0,4,1,20,401,20401,14,2000,1GNCS18W1YK2,1,G,N,C,S,1,8,W,1,Y,K,2,0,P,CHEV,BZR,UT,0,17,3518,,0,1005,,G,,F,6,262,,,15R205,,,,,,0,0,000000000,00000000000,0,0,0,1,0,0,0,0,0,0,0,12,0,0,0,12,6,2,12,0,0,0,1,4,85323,6,1,0,0,3,0,74,210,0,1,0,2,0,1,2010,1,2011,0,38,48,0,0,1,2,45,1,1,2,1,0,0,11,15,1,1,1,68,0,0
4,40629,2,2,2,25,10,20,27,12,2,1,0,4,1,98,709,98709,80,2003,AZ259841,A,Z,2,5,9,8,4,1,,,,,0,U,,,,3,8,,,,,,,,,,,,,,,,,,,0,0,000000000,00000000000,0,0,0,1,0,0,0,0,0,0,0,42,0,0,0,12,6,2,12,0,0,0,1,4,85037,6,1,6,0,3,3,72,170,0,0,0,0,0,0,0,0,0,0,0,0,0,0,1,2,45,1,1,2,1,0,0,1,62,99,1,1,69,2,1
4,40630,1,1,2,26,10,0,56,17,0,1,0,4,4,41,54,41054,6,2011,JM3TB2CA6B03,J,M,3,T,B,2,C,A,6,B,0,3,0,P,MAZD,CX9,UT,11,17,4330,,0,1132,,G,,F,6,226,,,18R245,,,,,,0,0,000000000,00000000000,0,0,0,1,0,0,0,0,0,0,0,111,0,1,3,12,6,2,1,0,0,0,1,17,62236,6,1,0,0,3,0,67,175,0,0,0,0,0,0,0,0,0,1,0,0,0,0,2,2,45,4,1,2,1,0,0,14,12,99,9,4,10,1,1
4,40631,1,2,1,29,10,23,24,12,6,1,0,4,1,37,402,37402,14,2012,5J6RM3H71CL0,5,J,6,R,M,3,H,7,1,C,L,0,0,P,HOND,CRV,UT,12,17,3408,,0,1031,,G,,F,4,146,,,17R225,,,,,,0,0,000000000,00000000000,0,0,0,1,0,0,0,0,0,0,0,93,0,1,1,12,6,2,2,0,0,1,1,4,85307,6,1,0,0,3,3,66,120,0,0,0,0,0,0,0,0,0,1,0,0,0,0,5,4,45,1,1,2,1,2,3,1,17,1,1,1,69,1,1
4,40631,2,2,1,29,10,23,24,12,6,1,0,4,1,38,401,38401,14,2000,JACDJ58X7Y7J,J,A,C,D,J,5,8,X,7,Y,7,J,0,P,ISU,TRO,UT,0,17,4455,,0,1087,,G,,F,6,213,,,16R245,,,,,,0,0,000000000,00000000000,0,0,0,1,0,0,0,0,0,0,0,14,0,0,0,82,6,2,12,0,0,0,1,4,85037,6,1,0,0,3,0,68,220,0,0,0,0,0,0,0,0,0,0,0,0,0,0,5,4,45,1,1,2,1,2,3,11,63,1,1,1,68,0,0
4,40632,1,2,1,30,10,16,22,12,2,1,0,4,1,76,705,76705,80,2012,JYARJ16E4CA0,J,Y,A,R,J,1,6,E,4,C,A,0,0,M,YAMA,R6L,RC,12,17,,,,,,,599,,4,,4,417,,,,,,,0,0,000000000,00000000000,0,0,0,1,0,0,0,0,0,0,0,999,0,0,0,12,6,2,12,0,0,1,1,4,85225,6,1,0,0,3,0,69,165,0,0,0,0,0,0,0,0,0,1,0,0,0,0,2,2,45,1,1,2,1,0,0,1,62,1,1,1,69,1,0
4,40632,2,2,1,30,10,16,22,12,2,1,0,4,1,38,402,38402,14,1997,4S2CK58V2V43,4,S,2,C,K,5,8,V,2,V,4,3,0,P,ISU,ROD,UT,97,17,0,,0,1087,,G,,F,6,195,,,16R225,,,,,,0,0,000000000,00000000000,0,0,0,1,0,0,0,0,0,0,0,45,0,0,0,12,6,2,12,0,0,0,1,4,85224,6,1,0,0,3,3,63,180,0,0,0,0,0,0,0,0,0,0,0,0,0,0,2,3,45,1,1,2,1,0,0,11,15,1,1,1,68,0,0
4,40633,1,3,1,31,10,8,57,12,6,1,0,4,1,42,31,42031,4,1995,WDBHA22E5SF1,W,D,B,H,A,2,2,E,5,S,F,1,0,P,MERZ,C22,4D,95,17,3055,,0,1059,,G,,F,4,134,,,15R195,,,,,,0,0,000000000,00000000000,0,0,0,1,0,0,0,0,0,0,0,10,0,0,0,82,6,2,12,0,0,0,1,4,85258,6,1,0,0,3,0,63,145,0,0,0,0,0,0,0,0,0,0,38,0,0,0,2,3,40,1,1,2,1,2,3,11,15,1,1,1,68,0,0
4,40633,2,3,1,31,10,8,57,12,6,1,0,4,2,42,31,42031,4,1997,WDBHA23E7VF5,W,D,B,H,A,2,3,E,7,V,F,5,0,P,MERZ,C23,4D,97,17,3095,,0,1059,,G,,F,4,140,,,15R195,,,,,,0,0,000000000,00000000000,0,0,0,1,0,0,0,0,0,0,0,35,0,0,0,12,6,2,12,32,0,0,1,32,89451,6,1,0,0,3,0,68,162,0,0,0,0,0,0,0,0,0,0,0,0,0,0,2,3,40,1,1,2,1,2,3,1,62,1,1,1,69,1,0
4,40633,3,3,1,31,10,8,57,12,6,1,0,4,2,22,9,22009,3,2001,2G2FS22K2121,2,G,2,F,S,2,2,K,2,1,2,1,0,P,PONT,FBD,2H,1,17,3327,,0,1011,,G,,F,6,231,,,16R215,,,,,,0,0,000000000,00000000000,0,0,0,1,0,0,0,0,0,0,0,0,0,0,0,62,6,2,12,0,0,0,1,4,85260,6,1,0,0,3,0,69,180,1,0,0,1,0,3,2012,3,2012,0,0,0,0,0,1,3,30,1,1,2,1,2,3,5,66,1,1,1,98,0,0
4,40634,1,2,2,31,10,14,40,9,0,1,0,4,1,41,51,41051,4,2010,JM1BL1S58A11,J,M,1,B,L,1,S,5,8,A,1,1,0,P,MAZD,M3S,4D,10,17,2963,,0,1039,,G,,F,4,152,,,17R205,,,,,,0,0,000000000,00000000000,0,0,0,1,0,0,0,0,0,0,0,35,0,0,0,12,2,1,9,0,0,0,1,4,85374,6,1,0,0,3,1,69,165,0,0,0,0,0,0,0,0,0,0,0,0,0,0,2,4,35,1,1,2,1,0,0,1,83,1,1,1,13,0,0
4,40634,2,2,1,31,10,14,40,9,0,1,0,4,1,12,37,12037,4,2011,1FAHP3FN6BW1,1,F,A,H,P,3,F,N,6,B,W,1,0,P,FORD,FSE,4D,11,17,2623,,0,1029,,G,,F,4,122,,,15R195,,,,,,0,0,000000000,00000000000,0,0,0,1,0,0,0,0,0,0,0,35,0,0,0,12,2,1,9,32,0,0,1,4,85017,6,1,0,0,3,0,67,204,0,0,0,0,0,0,0,0,0,0,0,0,0,0,2,4,35,1,1,2,1,0,0,1,83,1,1,1,98,0,0
4,40635,1,1,3,12,10,21,47,8,0,1,0,4,1,35,47,35047,4,1998,1N4DL01D6WC2,1,N,4,D,L,0,1,D,6,W,C,2,0,P,NISS,AGS,4D,98,17,2766,,0,1031,,G,,F,4,146,,,15R195,,,,,,0,0,000000000,00000000000,0,0,0,1,0,0,0,0,0,0,0,40,0,0,0,12,2,8,8,0,0,0,1,4,85205,6,1,0,0,3,3,61,165,0,0,0,0,0,0,0,0,0,0,0,0,0,0,5,6,45,1,1,2,1,0,0,1,80,1,1,1,13,0,0
4,40636,1,2,2,1,11,11,18,12,2,1,0,4,2,53,404,53404,14,2006,JS3TD9416641,J,S,3,T,D,9,4,1,6,6,4,1,0,P,SUZI,GVT,UT,6,17,3582,,0,1039,,G,,F,6,164,,,16R225,,,,,,0,0,000000000,00000000000,0,0,0,1,0,0,0,0,0,0,0,10,0,0,0,12,6,2,12,0,0,0,1,4,86305,6,1,0,0,3,0,63,135,0,0,0,0,0,0,0,0,0,0,28,0,0,0,5,4,35,1,1,2,1,0,0,1,10,1,1,2,50,0,0
4,40636,2,2,1,1,11,11,18,12,2,1,0,4,1,73,705,73705,80,2009,JKAKLEE129DA,J,K,A,K,L,E,E,1,2,9,D,A,0,M,KAWK,KLE,EN,9,17,,,,,,,651,,1,,4,432,,,,,,,0,0,000000000,00000000000,0,0,0,1,0,0,0,0,0,0,0,998,0,0,0,12,6,2,12,0,0,0,1,4,86303,6,1,0,0,3,3,72,170,0,0,0,0,0,0,0,0,0,0,0,0,0,0,5,4,35,1,1,2,1,0,0,1,62,1,1,1,51,1,0
4,40637,1,1,1,2,11,19,12,8,0,1,0,4,1,49,40,49040,4,2007,JTNBB46K3730,J,T,N,B,B,4,6,K,3,7,3,0,0,P,TOYT,CHY,4D,7,17,3680,,0,1093,,B,,F,4,146,,,16R215,,,,,,0,0,000000000,00000000000,0,0,0,1,0,0,0,0,0,0,0,40,0,0,0,12,2,1,8,0,0,0,1,4,85233,6,1,0,0,3,3,59,120,0,0,0,0,1,4,2011,4,2011,0,0,0,0,0,2,3,45,1,1,2,1,0,0,1,80,1,1,1,13,0,0
4,40638,1,1,3,4,11,16,43,1,0,1,0,4,1,14,6,14006,4,2001,2MEFM74W61X6,2,M,E,F,M,7,4,W,6,1,X,6,0,P,MERC,GMG,4D,1,17,3927,,0,1147,,G,,F,8,281,,,16R225,,,,,,0,0,000000000,00000000000,0,0,0,1,0,0,0,0,0,0,0,75,0,1,3,0,6,2,1,32,0,0,1,4,85222,6,1,0,0,3,1,65,190,0,0,0,0,0,0,0,0,0,0,80,58,0,0,2,3,75,1,1,2,1,0,0,1,1,6,4,4,7,1,0
4,40639,1,2,1,5,11,18,7,12,6,1,0,4,2,12,471,12471,30,1998,1FTYR10C6WPA,1,F,T,Y,R,1,0,C,6,W,P,A,0,T,FORD,RNG,PK,98,17,,1,1175,1116,RNG,G,,,4,153,,,,B,3030,01,E,42,0,0,000000000,00000000000,0,0,0,1,0,0,0,0,0,0,0,20,0,0,0,83,4,1,12,0,0,0,1,4,86409,6,1,0,0,3,0,63,135,0,0,0,0,0,0,0,0,0,0,38,0,0,0,5,2,35,1,1,2,1,0,0,11,15,1,1,1,68,0,0
4,40639,2,2,1,5,11,18,7,12,6,1,0,4,1,76,706,76706,80,2000,JYAVP11Y2YA0,J,Y,A,V,P,1,1,Y,2,Y,A,0,0,M,YAMA,XVS,RS,0,17,,,,,,,1063,,2,,4,999,,,,,,,0,0,000000000,00000000000,0,0,0,1,0,0,0,0,0,0,0,35,0,0,0,12,6,2,12,0,0,0,1,4,86409,6,1,0,0,3,3,68,175,0,0,0,0,0,0,0,0,0,0,0,0,0,0,5,2,35,1,1,2,1,0,0,1,62,3,2,1,69,1,0
4,40640,1,1,2,6,11,7,5,1,0,1,0,6,2,12,471,12471,30,2004,1FTYR10U24PB,1,F,T,Y,R,1,0,U,2,4,P,B,0,T,FORD,RNG,PK,4,17,,1,1175,1116,RNG,G,,,6,182,,,,B,3085,00,U,42,0,0,000000000,00000000000,0,0,0,1,0,0,0,0,0,0,0,75,0,1,3,0,6,2,1,0,0,0,1,6,95076,6,1,0,0,3,0,66,170,0,0,0,0,0,0,0,0,0,0,80,0,0,0,2,2,75,1,6,2,1,0,0,1,1,1,4,4,7,1,0
4,40641,1,2,1,6,11,21,30,12,6,1,0,4,2,41,51,41051,4,2010,JM1BL1SG0A12,J,M,1,B,L,1,S,G,0,A,1,2,0,P,MAZD,M3I,4D,10,17,2868,,0,1039,,G,,F,4,122,,,16R205,,,,,,0,0,000000000,00000000000,0,0,0,1,0,0,0,0,0,0,0,40,0,0,0,62,6,2,12,0,0,0,1,4,85350,6,1,0,0,3,0,62,125,0,0,0,0,0,0,0,0,0,0,39,0,0,0,1,2,50,1,1,2,1,20,3,1,17,1,1,1,89,1,0
4,40641,2,2,1,6,11,21,30,12,6,1,0,4,1,49,32,49032,4,1996,1NXBA02E8TZ4,1,N,X,B,A,0,2,E,8,T,Z,4,0,P,TOYT,COA,4D,96,17,2315,,0,970,,G,,F,4,097,,,14R175,,,,,,0,0,000000000,00000000000,0,0,0,1,0,0,0,0,0,0,0,50,0,0,0,12,6,2,12,0,0,0,1,4,85364,6,1,0,0,3,0,70,205,0,0,0,0,0,0,0,0,0,0,89,0,0,0,1,2,50,1,1,2,1,0,0,1,66,1,1,1,88,0,0
4,40642,1,1,1,9,11,17,38,8,0,1,1,99,9,99,999,99999,99,9999,999999999999,9,9,9,9,9,9,9,9,9,9,9,9,0,,,,,,,,,,,,,,,,,,,,,,,,,0,0,000000000,00000000000,0,0,0,1,0,0,0,0,0,0,0,998,0,0,0,99,9,1,8,0,0,0,1,99,99999,9,9,99,9,9,9,999,999,99,99,99,99,99,99,9999,99,9999,9,99,99,99,99,1,2,98,1,6,2,1,0,0,99,80,99,9,9,13,0,0
4,40643,1,1,1,11,11,3,20,8,0,1,1,99,9,99,999,99999,99,9999,999999999999,9,9,9,9,9,9,9,9,9,9,9,9,0,,,,,,,,,,,,,,,,,,,,,,,,,0,0,000000000,00000000000,0,0,0,1,0,0,0,0,0,0,0,999,0,0,0,12,9,1,8,0,0,0,1,99,99999,9,9,99,0,9,9,999,999,99,99,99,99,99,99,9999,99,9999,9,99,99,99,99,5,4,99,1,1,2,1,0,0,1,80,99,9,9,13,0,0
4,40644,1,2,2,11,11,19,25,12,6,1,0,4,1,49,40,49040,4,1999,JT2BG28K5X03,J,T,2,B,G,2,8,K,5,X,0,3,0,P,TOYT,XLL,4D,99,17,3120,,0,1051,,G,,F,4,132,,,14R195,,,,,,0,0,000000000,00000000000,0,0,0,1,0,0,0,0,0,0,0,998,0,0,0,9,6,2,12,0,0,0,1,4,85326,6,1,0,0,3,3,66,169,0,0,0,0,0,0,0,0,0,0,39,0,0,0,1,2,50,1,1,2,1,20,3,1,17,1,1,1,89,1,0
4,40644,2,2,1,11,11,19,25,12,6,1,1,2,5,20,421,20421,15,2006,1GNEK13T36J1,1,G,N,E,K,1,3,T,3,6,J,1,0,P,CHEV,KTA,UT,6,17,5210,,0,1160,,G,,F,8,323,,,16R265,,,,,,0,0,000000000,00000000000,0,0,0,1,0,0,0,0,0,0,0,998,0,0,0,12,6,2,12,0,0,0,1,99,99999,9,9,99,0,9,9,999,999,99,99,99,99,99,99,9999,99,9999,9,99,99,99,99,2,2,50,1,1,2,1,0,0,1,66,99,9,3,88,0,0
4,40645,1,1,1,12,11,7,47,8,0,1,0,4,2,35,47,35047,4,1998,1N4DL01D7WC1,1,N,4,D,L,0,1,D,7,W,C,1,0,P,NISS,AGS,4D,98,17,2766,,0,1031,,G,,F,4,146,,,15R195,,,,,,0,0,000000000,00000000000,0,0,0,1,0,0,0,0,0,0,0,21,0,0,0,12,2,1,8,0,0,0,1,4,85306,6,1,0,0,3,0,68,135,0,0,0,0,0,0,0,0,0,0,39,0,0,0,2,3,40,1,1,2,1,2,3,1,80,1,1,1,13,0,0
4,40646,1,1,1,12,11,99,99,38,0,1,0,4,3,20,481,20481,31,2000,2GCEC19T7Y11,2,G,C,E,C,1,9,T,7,Y,1,1,0,T,CHEV,SC1,3C,0,17,,2,1575,1435,SIL,G,,,8,325,,,,B,4134,03,,42,0,0,000000000,00000000000,0,0,0,1,0,0,0,0,0,0,0,998,0,1,6,99,6,2,1,0,0,0,1,4,85607,6,1,0,0,3,0,69,120,0,0,0,1,0,1,2010,1,2010,1,58,0,0,0,1,2,65,2,1,2,1,0,0,14,6,7,3,4,2,1,1
4,40647,1,1,1,12,11,19,46,8,0,1,0,4,3,82,881,82881,63,1995,1FV68HBA0SL6,1,F,V,6,8,H,B,A,0,S,L,6,1,T,FRHT,F16,CC,95,17,,7,0,0,MCV,D,,,4,518,,,,,00000,00,,42,1,57,0352439,570352439,3,4,1,1,0,0,0,0,0,0,0,45,0,0,0,12,2,1,8,0,0,0,1,4,85231,6,1,6,0,3,3,69,140,0,2,0,0,0,11,2010,12,2010,0,89,0,0,0,5,2,45,2,6,2,1,0,0,14,80,1,1,1,13,0,0
4,40648,1,1,1,12,11,20,37,33,0,1,0,4,2,37,32,37032,4,2003,JHMCM56673C0,J,H,M,C,M,5,6,6,7,3,C,0,0,P,HOND,UEX,4D,3,17,3109,,0,1079,,G,,F,4,146,,,16R205,,,,,,0,0,000000000,00000000000,0,0,0,1,0,0,0,0,0,0,0,998,0,1,3,12,6,2,1,0,0,0,1,4,85302,0,0,0,0,0,0,68,170,99,99,99,99,99,99,9999,99,9999,1,0,0,0,0,2,3,40,1,1,2,1,0,0,1,6,1,4,4,7,1,0
4,40649,1,2,0,13,11,23,25,12,1,1,0,6,6,20,870,20870,61,2005,1GBJG31U9512,1,G,B,J,G,3,1,U,9,5,1,2,0,T,CHEV,CT3,YY,5,17,,3,1770,1390,ETV,G,,,8,366,,,,D,4881,00,,42,0,88,888888888,88888888888,2,1,1,1,0,0,0,0,0,0,0,0,0,0,0,6,6,2,12,0,0,0,0,0,99997,7,6,97,7,6,7,998,997,998,998,998,998,998,98,9998,98,9998,8,20,0,0,0,3,5,65,2,1,2,1,0,0,0,53,0,0,0,32,0,0
4,40649,2,2,1,13,11,23,25,12,1,1,0,4,1,20,421,20421,15,2000,1GNEK13R4YR2,1,G,N,E,K,1,3,R,4,Y,R,2,0,P,CHEV,KTA,UT,0,17,5333,,0,1175,,G,,F,8,350,,,16R265,,,,,,0,0,000000000,00000000000,0,0,0,1,0,0,0,0,0,0,0,998,3,0,0,12,6,2,12,0,0,0,1,4,85045,6,1,0,0,3,0,73,200,0,0,0,0,0,0,0,0,0,9,84,0,0,0,3,5,65,2,1,2,1,0,0,14,50,3,3,1,32,1,0
4,40650,1,1,1,14,11,10,49,18,0,1,0,4,2,63,33,63033,4,2006,KNAFE122X652,K,N,A,F,E,1,2,2,X,6,5,2,0,P,KIA,SLE,4D,6,17,2701,,0,1028,,G,,F,4,122,,,15R195,,,,,,0,0,000000000,00000000000,0,0,0,1,0,0,0,0,0,0,0,999,0,0,0,12,6,2,45,0,0,0,1,4,86505,0,0,0,0,0,0,67,157,0,3,0,0,0,11,2009,11,2009,1,41,0,0,0,2,2,55,1,5,2,1,0,0,1,12,1,1,4,6,1,0
4,40651,1,1,1,15,11,4,47,8,0,1,0,4,2,52,882,52882,62,1997,JW6DDK1E9VM0,J,W,6,D,D,K,1,E,9,V,M,0,0,T,MIFU,617,TB,97,17,,6,0,0,FK6,D,,,6,460,,,,,00000,00,,42,0,57,01551772,5701551772,2,1,1,1,0,0,0,0,0,0,0,60,0,0,0,12,2,1,8,0,0,0,1,4,85021,6,1,0,0,3,0,74,260,0,0,0,0,0,0,0,0,0,0,0,0,0,0,3,5,65,1,1,2,1,0,0,1,80,1,1,1,13,0,0
4,40652,1,2,1,16,11,17,40,12,6,1,0,4,2,49,401,49401,14,1993,JT3VN39W7P01,J,T,3,V,N,3,9,W,7,P,0,1,0,P,TOYT,RUN,UT,93,17,4085,,0,1033,,G,,F,6,180,,,000000,,,,,,0,0,000000000,00000000000,0,0,0,1,0,0,0,0,0,0,0,998,0,0,0,62,6,2,12,0,0,0,1,4,85234,6,1,0,0,3,0,65,120,0,0,0,0,0,0,0,0,0,0,38,0,0,0,2,1,25,1,1,2,1,20,3,11,15,1,1,1,82,0,0
4,40652,2,2,1,16,11,17,40,12,6,1,0,13,2,71,706,71706,80,2009,ZDM1XBGV59B0,Z,D,M,1,X,B,G,V,5,9,B,0,0,M,DUCA,,,9,17,,,,,,,,,,,,,,,,,,,0,0,000000000,00000000000,0,0,0,1,0,0,0,0,0,0,0,998,0,0,0,12,6,2,12,0,0,0,1,4,85234,6,1,0,0,3,0,70,130,0,0,0,2,0,1,2012,4,2012,9,89,0,0,0,1,2,25,1,1,2,1,0,0,1,67,3,2,1,83,1,0
4,40653,1,1,1,17,11,17,57,8,0,1,0,29,1,20,443,20443,20,2004,1GNDX03E04D2,1,G,N,D,X,0,3,E,0,4,D,2,0,T,CHEV,VTR,ES,4,17,,1,0,1200,VTR,G,,,6,207,,,,,3838,00,,42,0,0,000000000,00000000000,0,0,0,1,0,0,0,0,0,0,0,34,0,0,0,12,6,2,8,0,0,0,1,4,86305,6,1,0,0,3,3,75,240,0,0,0,0,0,0,0,0,0,0,89,0,0,0,5,4,35,1,1,2,1,0,0,1,80,1,1,1,13,0,0
4,40654,1,3,2,17,11,18,41,12,1,1,0,4,1,35,43,35043,4,2004,3N1CB51D34L8,3,N,1,C,B,5,1,D,3,4,L,8,0,P,NISS,S18,4D,4,17,2387,,0,998,,G,,F,4,108,,,15R195,,,,,,0,0,000000000,00000000000,0,0,0,1,0,0,0,0,0,0,0,60,0,0,0,12,6,2,12,0,0,0,1,4,85705,6,1,0,0,3,0,72,164,0,0,0,0,0,0,0,0,0,1,0,0,0,0,2,3,65,1,3,2,1,50,3,1,50,4,1,1,20,1,0
4,40654,2,3,2,17,11,18,41,12,1,1,0,4,1,49,40,49040,4,2007,JTNBE46K1730,J,T,N,B,E,4,6,K,1,7,3,0,0,P,TOYT,CMB,4D,7,17,3108,,0,1093,,G,,F,4,146,,,15R205,,,,,,0,0,000000000,00000000000,0,0,0,1,0,0,0,0,0,0,0,0,0,0,0,6,6,2,12,0,0,0,1,4,85614,6,1,6,0,3,3,69,185,0,2,0,0,0,4,2011,5,2011,0,0,0,0,0,2,3,65,1,3,2,1,50,3,5,53,1,1,1,21,0,0
4,40654,3,3,2,17,11,18,41,12,1,1,0,4,1,2,404,2404,14,2006,1J4GS48K06C1,1,J,4,G,S,4,8,K,0,6,C,1,0,T,JEEP,LCF,4W,6,17,,1,0,1095,GCK,G,,,6,226,,,,,4181,00,E,42,0,0,000000000,00000000000,0,0,0,1,0,0,0,0,0,0,0,0,0,0,0,6,4,1,12,32,0,0,1,4,85614,6,1,0,0,3,0,68,160,0,0,0,0,0,0,0,0,0,0,0,0,0,0,2,3,65,1,3,2,1,50,3,5,50,1,1,1,98,0,0
4,40655,1,2,1,18,11,9,20,12,2,1,0,4,1,37,32,37032,4,2012,1HGCP2F85CA0,1,H,G,C,P,2,F,8,5,C,A,0,0,P,HOND,AXL,4D,12,17,3421,,0,1102,,G,,F,4,146,,,17R225,,,,,,0,0,000000000,00000000000,0,0,0,1,0,0,0,0,0,0,0,998,0,0,0,12,6,2,12,0,0,0,1,4,85259,6,1,0,0,3,3,73,195,0,0,0,1,0,1,2011,1,2011,0,28,0,0,0,1,2,65,1,1,2,1,0,0,1,10,1,1,2,50,1,0