STATE,ST_CASE,VEH_NO,VE_FORMS,NUMOCCS,DAY,MONTH,HOUR,MINUTE,HARM_EV,MAN_COLL,UNITTYPE,HIT_RUN,REG_STAT,OWNER,MAKE,MODEL,MAK_MOD,BODY_TYP,MOD_YEAR,VIN,VIN_1,VIN_2,VIN_3,VIN_4,VIN_5,VIN_6,VIN_7,VIN_8,VIN_9,VIN_10,VIN_11,VIN_12,TOW_VEH,VINTYPE,VINMAKE,VINA_MOD,VIN_BT,VINMODYR,VIN_LNGT,VIN_WGT,WGTCD_TR,WHLBS_LG,WHLBS_SH,SER_TR,FUELCODE,MCYCL_DS,CARBUR,CYLINDER,DISPLACE,MCYCL_CY,MCYCL_WT,TIRE_SZE,TON_RAT,TRK_WT,TRKWTVAR,VIN_REST,WHLDRWHL,J_KNIFE,MCARR_I1,MCARR_I2,MCARR_ID,GVWR,V_CONFIG,CARGO_BT,HAZ_INV,HAZ_PLAC,HAZ_ID,HAZ_CNO,HAZ_REL,BUS_USE,SPEC_USE,EMER_USE,TRAV_SP,UNDERIDE,ROLLOVER,ROLINLOC,IMPACT1,DEFORMED,TOWED,M_HARM,VEH_SC1,VEH_SC2,FIRE_EXP,DR_PRES,L_STATE,DR_ZIP,L_STATUS,L_TYPE,CDL_STAT,L_ENDORS,L_COMPL,L_RESTRI,DR_HGT,DR_WGT,PREV_ACC,PREV_SUS,PREV_DWI,PREV_SPD,PREV_OTH,FIRST_MO,FIRST_YR,LAST_MO,LAST_YR,SPEEDREL,DR_SF1,DR_SF2,DR_SF3,DR_SF4,VTRAFWAY,VNUM_LAN,VSPD_LIM,VALIGN,VPROFILE,VPAVETYP,VSURCOND,VTRAFCON,VTCONT_F,P_CRASH1,P_CRASH2,P_CRASH3,PCRASH4,PCRASH5,ACC_TYPE,DEATHS,DR_DRINK
4,40752,1,1,2,2,9,99,99,5,0,1,0,99,9,99,499,99499,39,9999,999999999999,9,9,9,9,9,9,9,9,9,9,9,9,0,,,,,,,,,,,,,,,,,,,,,,,,,0,0,000000000,00000000000,0,0,0,1,0,0,0,0,0,0,0,999,0,0,0,0,0,9,5,0,0,0,1,99,99999,9,9,99,0,9,9,999,999,99,99,99,99,99,99,9999,99,9999,9,99,99,99,99,9,9,99,9,9,9,99,99,9,99,99,99,9,9,0,1,0
4,40753,1,1,2,7,2,99,99,5,0,1,9,99,9,99,999,99999,99,9999,999999999999,9,9,9,9,9,9,9,9,9,9,9,9,0,,,,,,,,,,,,,,,,,,,,,,,,,0,0,000000000,00000000000,0,0,0,1,0,0,0,0,0,0,0,999,0,0,0,0,0,9,5,0,0,0,1,99,99999,9,9,99,0,9,9,999,999,99,99,99,99,99,99,9999,99,9999,9,99,99,99,99,9,9,99,9,9,5,99,0,0,99,98,99,9,9,0,1,0
4,40754,1,1,1,8,12,99,99,8,0,1,1,99,9,99,999,99999,99,9999,999999999999,9,9,9,9,9,9,9,9,9,9,9,9,0,,,,,,,,,,,,,,,,,,,,,,,,,0,0,000000000,00000000000,0,0,0,1,0,0,0,0,0,0,0,999,0,0,0,12,9,1,8,0,0,0,1,99,99999,9,9,99,0,9,9,999,999,99,99,99,99,99,99,9999,99,9999,9,99,99,99,99,9,9,99,9,9,2,99,99,9,99,82,99,9,9,13,0,0
5,50001,1,1,1,1,1,0,30,42,0,1,0,5,2,35,47,35047,4,2004,1N4AL11D54C1,1,N,4,A,L,1,1,D,5,4,C,1,0,P,NISS,ABS,4D,4,17,2913,,0,1102,,G,,F,4,153,,,16R205,,,,,,0,0,000000000,00000000000,0,0,0,1,0,0,0,0,0,0,0,998,0,1,6,11,6,2,42,0,0,0,1,5,72110,6,2,0,0,3,3,69,220,0,0,0,0,0,0,0,0,0,0,6,0,0,0,1,2,55,2,2,2,1,0,0,14,12,1,1,4,6,1,0
5,50002,1,1,1,2,1,16,35,8,0,1,0,5,1,20,2,20002,4,2003,2G1WH52K2392,2,G,1,W,H,5,2,K,2,3,9,2,0,P,CHEV,IPL,4D,3,17,3466,,0,1105,,G,,F,6,231,,,16R225,,,,,,0,0,000000000,00000000000,0,0,0,1,0,0,0,0,0,0,0,998,0,0,0,12,4,1,8,0,0,0,1,5,71956,6,1,0,0,3,3,64,120,0,0,0,0,0,0,0,0,0,0,0,0,0,0,1,2,55,3,2,2,1,0,0,14,80,1,1,1,13,0,0
5,50003,1,1,2,3,1,0,17,31,0,1,0,5,2,7,472,7472,30,1999,1B7FL22P6XS2,1,B,7,F,L,2,2,P,6,X,S,2,0,T,DODG,DAK,PC,99,17,,1,0,1309,DAK,G,,,4,153,,,,,3484,00,U,42,0,0,000000000,00000000000,0,0,0,1,0,0,0,0,0,0,0,998,0,0,0,2,6,2,30,0,0,0,1,5,72027,6,1,0,0,3,0,62,167,0,0,0,0,0,0,0,0,0,1,6,0,0,0,1,2,55,2,1,2,1,40,3,14,12,99,4,4,7,1,1
5,50004,1,2,1,3,1,15,45,12,8,1,0,5,3,85,881,85881,66,2009,1XKWD49X59J2,1,X,K,W,D,4,9,X,5,9,J,2,1,T,KW,W90,TR,9,17,,8,2850,1600,CON,D,,,6,915,,,,,00000,00,,64,1,99,999999999,99999999999,3,6,3,1,0,0,0,0,0,0,0,998,0,0,0,63,4,1,12,0,0,0,1,5,71603,6,1,6,9,3,0,67,170,0,0,0,0,1,12,2010,12,2010,0,51,0,0,0,1,2,55,2,1,2,1,0,0,2,10,2,1,1,66,0,0
5,50004,2,2,1,3,1,15,45,12,8,1,0,5,1,37,403,37403,14,2008,5J6YH18708L0,5,J,6,Y,H,1,8,7,0,8,L,0,0,P,HOND,ELE,UT,8,17,3523,,0,1014,,G,,F,4,146,,,16R215,,,,,,0,0,000000000,00000000000,0,0,0,1,0,0,0,0,0,0,0,998,0,0,0,61,6,2,12,0,0,0,1,5,72084,6,1,0,0,3,3,68,195,0,0,0,0,0,0,0,0,0,0,41,0,0,0,1,2,55,3,1,2,1,0,0,14,54,99,1,1,66,1,0
5,50005,1,2,1,4,1,11,45,12,6,1,0,5,1,20,37,20037,4,2008,1G1ZJ57768F2,1,G,1,Z,J,5,7,7,6,8,F,2,0,P,CHEV,ML2,4D,8,17,3436,,0,1123,,G,,F,6,220,,,17R225,,,,,,0,0,000000000,00000000000,0,0,0,1,0,0,0,0,0,0,0,998,0,0,0,9,6,2,12,0,0,0,1,5,71866,6,1,0,0,3,0,64,150,0,0,0,0,0,0,0,0,0,0,48,38,0,0,1,2,55,1,1,2,1,0,0,12,53,1,1,6,98,1,0
5,50005,2,2,1,4,1,11,45,12,6,1,0,48,3,84,881,84881,64,2008,1HTMMAAL28H5,1,H,T,M,M,A,A,L,2,8,H,5,0,T,INTL,430,CC,8,17,,6,0,0,40S,D,,,6,466,,,,,00000,00,,42,0,77,777777777,77777777777,2,1,3,1,0,0,0,0,0,0,0,998,0,0,0,12,4,1,12,0,0,0,1,48,75561,6,1,0,0,3,0,999,999,0,0,0,0,0,0,0,0,0,0,0,0,0,0,1,2,55,1,1,2,1,0,0,1,64,6,1,2,98,0,0
5,50006,1,1,1,5,1,14,38,42,0,1,0,40,1,7,42,7042,2,1996,4B3AU42Y4TE2,4,B,3,A,U,4,2,Y,4,T,E,2,0,P,DODG,A/E,CP,96,17,2789,,0,1037,,G,,F,4,122,,,14R195,,,,,,0,0,000000000,00000000000,0,0,0,1,0,0,0,0,0,0,0,998,0,0,0,82,6,2,42,0,0,0,1,40,74354,6,1,0,0,3,0,74,220,0,0,0,0,0,0,0,0,0,0,99,99,99,99,1,2,55,1,6,2,1,40,3,1,13,99,1,4,1,1,0
5,50007,1,1,1,5,1,18,5,24,0,1,0,5,1,23,481,23481,31,2011,3GTP2VE3XBG2,3,G,T,P,2,V,E,3,X,B,G,2,0,T,GMC,1NK,CW,11,17,,2,0,1435,SIE,F,,,8,323,,,,B,5346,00,S,44,0,0,000000000,00000000000,0,0,0,1,0,0,0,0,0,0,0,998,0,0,0,14,6,2,24,0,0,0,1,5,72390,6,1,0,0,3,0,72,140,0,0,0,0,0,0,0,0,0,0,99,99,99,99,1,2,55,1,1,2,1,0,0,11,13,99,1,4,4,1,0
5,50008,1,1,3,6,1,7,0,21,0,1,0,5,2,20,421,20421,15,2008,1GNFC13C98R1,1,G,N,F,C,1,3,C,9,8,R,1,0,P,CHEV,CTA,UT,8,17,5265,,0,1160,,G,,F,8,293,,,17R265,,,,,,0,0,000000000,00000000000,0,0,0,1,0,0,0,0,0,0,0,998,0,0,0,12,6,2,21,0,0,0,1,5,72901,6,7,0,0,2,0,999,999,0,0,0,0,0,0,0,0,0,0,99,99,99,99,1,2,55,1,1,2,1,0,0,1,12,99,1,4,6,1,0
5,50009,1,2,2,7,1,18,53,12,6,1,0,5,1,34,34,34034,4,2004,WBAEV33484KR,W,B,A,E,V,3,3,4,8,4,K,R,0,P,BMW,325,4D,4,17,3219,,0,1073,,G,,F,6,152,,,16R205,,,,,,0,0,000000000,00000000000,0,0,0,1,0,0,0,0,0,0,0,998,0,0,0,12,6,2,12,0,0,0,1,5,72712,6,1,0,0,3,0,71,165,0,0,0,0,0,0,0,0,0,0,39,0,0,0,1,2,45,1,1,2,1,20,3,1,17,1,1,1,84,0,0
5,50009,2,2,2,7,1,18,53,12,6,1,0,5,1,21,20,21020,4,1993,1G3AG54N1P63,1,G,3,A,G,5,4,N,1,P,6,3,0,P,OLDS,CIS,4D,93,17,2776,,0,1049,,G,,F,6,204,,,14R185,,,,,,0,0,000000000,00000000000,0,0,0,1,0,0,0,0,0,0,0,998,0,1,5,82,6,2,12,0,0,0,1,5,72550,6,1,6,0,3,0,68,205,0,0,0,0,0,0,0,0,0,0,99,99,99,99,1,2,45,1,1,2,1,0,0,1,68,1,1,1,84,1,0
5,50010,1,2,1,8,1,18,30,12,6,1,0,20,3,82,881,82881,66,2000,1FUPCDYB2YDF,1,F,U,P,C,D,Y,B,2,Y,D,F,1,T,FRHT,FLD,TR,0,17,,8,0,0,CON,D,,,6,855,,,,,00000,00,,64,1,57,2173654,572173654,3,6,1,1,0,0,0,0,0,0,0,998,7,0,0,4,4,3,12,0,0,0,1,29,64053,6,1,6,1,3,0,69,250,1,0,0,0,0,11,2010,11,2010,0,38,0,0,0,1,3,55,1,1,2,2,0,0,12,10,1,1,2,98,0,0
5,50010,2,2,1,8,1,18,30,12,6,1,0,5,1,7,43,7043,4,2004,1B3EL36R14N2,1,B,3,E,L,3,6,R,1,4,N,2,0,P,DODG,SSE,4D,4,17,3088,,0,1080,,G,,F,6,167,,,15R205,,,,,,0,0,000000000,00000000000,0,0,0,1,0,0,0,0,0,0,0,998,3,0,0,12,6,2,12,0,0,0,1,5,72513,6,1,0,0,3,3,66,115,0,0,0,0,0,0,0,0,0,0,99,99,99,99,1,3,55,1,1,2,2,0,0,1,62,8,9,2,98,1,0
5,50011,1,3,1,11,1,7,21,12,1,1,0,5,1,12,401,12401,14,2000,1FMZU73X4YUB,1,F,M,Z,U,7,3,X,4,Y,U,B,0,P,FORD,EPR,UT,0,17,4106,,0,1116,,G,,F,6,245,,,15R235,,,,,,0,0,000000000,00000000000,0,0,0,1,0,0,0,0,0,0,0,998,0,0,0,12,6,2,12,0,0,0,1,5,72644,6,1,0,0,3,0,69,139,0,0,0,0,0,0,0,0,0,0,6,0,0,0,1,2,45,1,1,2,2,0,0,1,50,1,1,1,20,0,0
5,50011,2,3,1,11,1,7,21,12,1,1,0,5,1,7,43,7043,4,2004,1B3EL36R74N3,1,B,3,E,L,3,6,R,7,4,N,3,0,P,DODG,SSE,4D,4,17,3088,,0,1080,,G,,F,6,167,,,15R205,,,,,,0,0,000000000,00000000000,0,0,0,1,0,0,0,0,0,0,0,0,0,0,0,6,6,2,12,0,0,0,1,5,72601,6,1,0,0,3,3,66,130,0,0,0,0,0,0,0,0,0,0,0,0,0,0,1,2,45,1,1,2,2,0,0,5,53,1,1,1,21,1,0
5,50011,3,3,5,11,1,7,21,12,1,1,0,5,2,20,431,20431,16,1994,1GNFK16K1RJ3,1,G,N,F,K,1,6,K,1,R,J,3,0,P,CHEV,K15,UT,94,17,0,,0,1315,,G,,F,8,350,,,000000,,,,,,0,0,000000000,00000000000,0,0,0,1,0,0,0,0,0,0,0,998,0,0,0,12,6,2,12,0,0,0,1,5,72644,6,1,0,0,3,0,74,230,0,0,0,0,0,0,0,0,0,0,0,0,0,0,1,2,45,1,1,2,2,0,0,1,62,1,1,1,98,0,0
5,50012,1,1,1,11,1,19,5,1,0,1,0,17,3,82,881,82881,66,2006,1FUJA6CK06DX,1,F,U,J,A,6,C,K,0,6,D,X,1,T,FRHT,COL,TR,6,17,,8,0,0,CON,D,,,6,855,,,,,00000,00,,64,1,57,077890,57077890,3,6,2,2,2,1276,3,2,0,0,0,998,0,1,5,0,6,2,1,0,0,0,1,48,77515,6,1,6,1,3,0,999,999,0,0,0,0,1,3,2010,3,2010,9,99,99,99,99,2,2,70,1,1,2,1,0,0,1,12,99,4,4,6,1,0
5,50013,1,1,1,11,1,21,11,42,0,1,0,5,1,22,18,22018,4,2004,1G2NF52E44C1,1,G,2,N,F,5,2,E,4,4,C,1,0,P,PONT,SE1,4D,4,17,3066,,0,1070,,G,,F,6,207,,,15R215,,,,,,0,0,000000000,00000000000,0,0,0,1,0,0,0,0,0,0,0,998,0,0,0,3,6,2,42,0,0,0,1,5,72204,1,1,0,0,2,3,72,200,0,1,0,0,0,1,2012,1,2012,1,36,37,38,39,1,2,30,1,2,2,8,20,3,1,6,99,4,4,7,1,0
5,50014,1,1,1,12,1,15,5,42,0,1,0,5,2,51,42,51042,4,1994,YV1LS5710R21,Y,V,1,L,S,5,7,1,0,R,2,1,0,P,VOLV,850,4D,94,17,3287,,0,1049,,G,,T,5,142,,,15R205,,,,,,0,0,000000000,00000000000,0,0,0,1,0,0,0,0,0,0,0,998,0,0,0,7,6,2,42,0,0,0,1,5,72425,6,1,0,0,3,3,68,250,0,0,0,0,0,0,0,0,0,0,6,0,0,0,1,2,55,2,1,2,1,0,0,14,12,99,4,4,7,1,0
5,50015,1,1,1,12,1,16,56,31,0,1,0,5,1,21,17,21017,4,1996,1G3AJ55M5T63,1,G,3,A,J,5,5,M,5,T,6,3,0,P,OLDS,CRL,4D,96,17,2924,,0,1049,,G,,F,6,191,,,14R185,,,,,,0,0,000000000,00000000000,0,0,0,1,0,0,0,0,0,0,0,998,0,0,0,12,6,2,31,0,0,0,1,5,72576,6,1,0,0,3,3,63,145,0,0,0,0,0,0,0,0,0,0,39,0,0,0,1,2,20,1,1,2,1,20,3,1,14,1,1,4,14,1,0
5,50016,1,2,1,16,1,21,50,12,2,1,0,5,1,20,39,20039,4,2005,KL1TD52645B2,K,L,1,T,D,5,2,6,4,5,B,2,0,P,CHEV,ABS,4D,5,17,2365,,0,976,,G,,F,4,098,,,14R185,,,,,,0,0,000000000,00000000000,0,0,0,1,0,0,0,0,0,0,0,998,0,0,0,12,6,2,12,0,0,0,1,5,72543,6,1,0,0,3,0,66,139,0,0,0,0,0,0,0,0,0,0,28,6,0,0,1,2,55,2,2,2,2,0,0,14,10,1,1,2,50,1,0
5,50016,2,2,3,16,1,21,50,12,2,1,0,5,2,7,482,7482,31,2011,3D7UT2HL6BG6,3,D,7,U,T,2,H,L,6,B,G,6,0,T,DODG,ME2,CW,11,17,,2,0,1600,RPC,D,,,6,408,,,,C,6619,00,K,44,0,0,000000000,00000000000,0,0,0,1,0,0,0,0,0,0,0,998,0,0,0,12,6,2,12,0,0,0,1,5,72173,6,1,0,0,3,0,64,125,0,0,0,0,0,0,0,0,0,0,0,0,0,0,1,2,55,3,2,2,2,0,0,14,62,1,1,1,51,0,0
5,50017,1,1,1,20,1,17,29,42,0,1,0,5,1,7,482,7482,31,1999,1B7HC13Z6XJ5,1,B,7,H,C,1,3,Z,6,X,J,5,0,T,DODG,Q15,4C,99,17,,2,1547,1387,RPC,G,,,8,360,,,,B,4604,02,U,42,0,0,000000000,00000000000,0,0,0,1,0,0,0,0,0,0,0,998,0,0,0,12,6,2,42,0,0,0,1,5,72946,2,1,0,0,2,3,72,215,0,1,1,1,0,9,2009,3,2010,0,6,0,0,0,1,2,55,2,3,2,1,0,0,14,12,99,4,4,7,1,1
5,50018,1,2,1,23,1,14,40,12,6,1,0,92,0,99,999,99999,99,9999,999999999999,9,9,9,9,9,9,9,9,9,9,9,9,0,,,,,,,,,,,,,,,,,,,,,,,,,0,0,000000000,00000000000,0,0,0,1,0,0,0,0,0,0,0,998,0,0,0,12,6,2,12,0,0,0,1,5,72205,6,1,0,0,3,0,67,147,0,3,0,0,0,12,2009,4,2011,0,36,38,39,0,2,2,40,1,1,2,1,3,3,1,17,99,2,1,69,1,0
5,50018,2,2,2,23,1,14,40,12,6,1,0,5,1,35,47,35047,4,2012,1N4AL2AP1CN4,1,N,4,A,L,2,A,P,1,C,N,4,0,P,NISS,ATS,4D,12,17,3180,,0,1093,,G,,F,4,153,,,16R215,,,,,,0,0,000000000,00000000000,0,0,0,1,0,0,0,0,0,0,0,998,0,0,0,3,4,3,12,0,0,0,1,5,72204,6,1,0,0,3,3,66,175,0,0,0,0,0,0,0,0,0,0,0,0,0,0,1,2,40,1,1,2,1,3,3,11,63,10,1,1,68,0,0
5,50019,1,1,1,24,1,14,30,35,0,1,0,5,1,12,401,12401,14,1999,1FMZU32E1XZB,1,F,M,Z,U,3,2,E,1,X,Z,B,0,P,FORD,EPR,UT,99,17,3891,,0,1116,,G,,F,6,245,,,15R225,,,,,,0,0,000000000,00000000000,0,0,0,1,0,0,0,0,0,0,0,998,0,0,0,12,6,2,35,0,0,0,1,5,72041,6,1,0,0,3,3,70,155,0,0,0,0,0,0,0,0,0,0,99,99,99,99,1,2,55,2,1,2,1,0,0,14,12,1,1,4,6,1,0
5,50020,1,5,2,24,1,15,5,12,7,1,0,5,1,13,1,13001,4,1999,1LNHM83W9XY6,1,L,N,H,M,8,3,W,9,X,Y,6,0,P,LINC,CAR,4D,99,17,4095,,0,1177,,G,,F,8,281,,,16R225,,,,,,0,0,000000000,00000000000,0,0,0,1,0,0,0,0,0,0,0,998,0,0,0,11,6,2,46,0,0,0,1,5,72209,1,1,0,0,2,3,73,220,0,0,0,1,0,11,2009,11,2009,1,36,0,0,0,3,2,45,1,2,2,1,0,0,17,51,7,1,2,47,2,1
5,50020,2,5,1,24,1,15,5,12,7,1,0,5,1,21,1,21001,2,1984,1G3AR47A1ER3,1,G,3,A,R,4,7,A,1,E,R,3,0,P,OLDS,CSU,CP,84,17,3204,,0,1081,,G,,2,6,231,,,14R195,,,,,,0,0,000000000,00000000000,0,0,0,1,0,0,0,0,0,0,0,998,0,0,0,3,6,2,12,0,0,0,1,5,72103,6,1,0,0,3,0,71,136,0,0,0,0,0,0,0,0,0,1,36,0,0,0,3,2,45,1,2,2,1,0,0,1,61,1,1,1,45,0,0
5,50020,3,5,1,24,1,15,5,12,7,1,0,5,1,20,482,20482,31,2004,3GNEK12T44G1,3,G,N,E,K,1,2,T,4,4,G,1,0,T,CHEV,KAV,CW,4,17,,2,0,1300,AVL,G,,,8,325,,,,B,5678,00,,44,0,0,000000000,00000000000,0,0,0,1,0,0,0,0,0,0,0,998,0,0,0,63,6,2,12,0,0,0,1,5,72209,6,1,0,0,3,0,71,180,0,0,0,1,0,10,2009,10,2009,0,0,0,0,0,3,2,45,1,2,2,1,0,0,1,62,1,1,1,98,0,0
5,50020,4,5,1,24,1,15,5,12,7,1,0,5,3,84,981,84981,50,2012,4DRBUAAN6CB5,4,D,R,B,U,A,A,N,6,C,B,5,0,T,INTL,,,12,17,,,,,,,,,,,,,,,,,,,0,77,777777777,77777777777,3,21,22,1,0,0,0,0,1,0,0,998,0,0,0,14,6,2,12,0,0,0,1,5,72120,6,1,6,0,3,0,72,197,0,0,0,0,0,0,0,0,0,0,0,0,0,0,3,2,45,1,2,2,1,0,0,1,61,99,1,1,98,0,0
5,50020,5,5,3,24,1,15,5,12,7,1,0,5,3,20,37,20037,4,2010,1G1ZA5E03AF2,1,G,1,Z,A,5,E,0,3,A,F,2,0,P,CHEV,M/L,4D,10,17,3415,,0,1123,,F,,F,4,146,,,17R215,,,,,,0,0,000000000,00000000000,0,0,0,1,0,0,0,0,0,0,0,0,0,0,0,12,6,2,12,0,0,0,1,5,72209,0,0,0,0,0,0,64,162,0,0,0,0,0,0,0,0,0,0,0,0,0,0,3,2,45,1,2,2,1,0,0,5,62,1,1,1,98,0,0
5,50021,1,1,2,26,1,1,33,42,0,1,0,12,1,49,482,49482,31,2006,5TBET34126S5,5,T,B,E,T,3,4,1,2,6,S,5,0,T,TOYT,DBS,CW,6,17,,2,0,1283,TUN,G,,,8,285,,,,B,4765,00,U,42,0,0,000000000,00000000000,0,0,0,1,0,0,0,0,0,0,0,998,0,0,0,3,6,2,42,0,0,0,1,5,72821,6,1,0,0,3,0,71,185,0,0,0,0,0,0,0,0,0,0,99,99,99,99,2,2,70,1,1,1,2,0,0,1,12,99,1,4,6,1,1
5,50022,1,2,1,26,1,16,42,12,6,1,0,5,1,34,34,34034,2,1989,WBAAA1301K42,W,B,A,A,A,1,3,0,1,K,4,2,0,P,BMW,3/3,2D,89,17,2865,,0,1012,,G,,F,6,152,,,14R195,,,,,,0,0,000000000,00000000000,0,0,0,1,0,0,0,0,0,0,0,998,0,0,0,81,6,2,12,0,0,0,1,6,72116,1,1,0,0,2,0,68,135,0,0,0,0,0,0,0,0,0,0,28,0,0,0,5,4,45,2,2,2,2,0,0,14,10,6,4,2,64,1,0
5,50022,2,2,2,26,1,16,42,12,6,1,0,5,1,37,421,37421,15,2011,5FNYF3H54BB0,5,F,N,Y,F,3,H,5,4,B,B,0,0,P,HOND,PIL,UT,11,17,4359,,0,1092,,G,,F,6,213,,,17R245,,,,,,0,0,000000000,00000000000,0,0,0,1,0,0,0,0,0,0,0,998,0,0,0,12,6,2,12,0,0,0,1,5,72120,6,1,0,0,3,0,67,120,0,0,0,0,0,0,0,0,0,0,0,0,0,0,5,4,45,1,2,2,2,0,0,1,62,1,1,1,65,0,0
5,50023,1,1,1,27,1,10,50,42,0,1,0,5,1,21,20,21020,4,1993,1G3WH54T2PD3,1,G,3,W,H,5,4,T,2,P,D,3,0,P,OLDS,SUS,4D,93,17,3004,,0,1075,,G,,F,6,191,,,15R205,,,,,,0,0,000000000,00000000000,0,0,0,1,0,0,0,0,0,0,0,57,0,0,0,83,6,2,42,0,0,1,1,5,72662,6,1,0,0,3,3,63,140,0,0,1,0,0,1,2012,1,2012,1,6,0,0,0,1,2,55,1,1,2,1,0,0,1,13,99,9,4,1,1,1
5,50024,1,1,1,27,1,17,7,33,0,1,0,5,2,72,706,72706,80,2009,1HD1KB4109Y6,1,H,D,1,K,B,4,1,0,9,Y,6,0,M,HD,FHX,RS,9,17,,,,,,,1584,,2,,4,810,,,,,,,0,0,000000000,00000000000,0,0,0,1,0,0,0,0,0,0,0,998,0,0,0,14,4,3,39,0,0,0,1,5,71953,6,1,0,0,2,3,68,160,0,0,0,0,0,0,0,0,0,1,0,0,0,0,1,4,35,3,6,2,1,0,0,14,6,1,1,4,1,1,1
5,50025,1,2,1,27,1,20,36,12,7,1,0,5,1,12,481,12481,31,2003,1FTRW08L33KA,1,F,T,R,W,0,8,L,3,3,K,A,0,T,FORD,F1S,CW,3,17,,2,0,1388,COF,G,,,8,330,,,,B,5005,00,U,44,0,0,000000000,00000000000,0,0,0,1,0,0,0,0,0,0,0,998,0,1,5,11,6,2,1,0,0,0,1,5,72150,6,1,0,0,3,0,64,145,0,0,1,0,0,4,2009,4,2009,0,34,6,0,0,1,2,35,3,2,7,1,0,0,6,98,1,1,1,48,1,1
5,50025,2,2,5,27,1,20,36,12,7,1,0,5,1,35,473,35473,31,2004,1N6AA07B34N5,1,N,6,A,A,0,7,B,3,4,N,5,0,T,NISS,TXS,CW,4,17,,2,0,1398,TTN,G,,,8,342,,,,C,4889,03,E,44,0,0,000000000,00000000000,0,0,0,1,0,0,0,0,0,0,0,998,0,0,0,5,4,1,12,0,0,0,1,5,72057,6,1,6,0,3,3,71,220,0,0,0,0,0,0,0,0,0,0,0,0,0,0,1,2,35,3,2,7,1,0,0,14,61,1,1,1,48,0,0
5,50026,1,2,0,28,1,6,37,12,8,1,0,5,6,12,481,12481,31,1997,1FTJF35G1VEB,1,F,T,J,F,3,5,G,1,V,E,B,0,T,FORD,F35,PK,97,17,,2,0,1330,COF,G,,,8,460,,,,D,4495,04,A,42,0,0,000000000,00000000000,0,0,0,1,0,0,0,0,0,0,0,998,0,0,0,9,6,2,12,33,0,0,0,0,99997,7,6,97,7,6,7,998,997,998,998,998,998,998,98,9998,98,9998,8,0,0,0,0,1,2,45,1,1,2,1,0,0,0,98,0,0,0,98,0,0
5,50026,2,2,1,28,1,6,37,12,8,1,0,5,2,35,471,35471,30,1990,1N6HD16Y3LC3,1,N,6,H,D,1,6,Y,3,L,C,3,0,T,NISS,U4K,PC,90,17,,1,0,1161,D21,G,,,6,181,,,,B,3740,01,A,44,0,0,000000000,00000000000,0,0,0,1,0,0,0,0,0,0,0,998,0,1,1,62,6,2,12,0,0,0,1,5,72031,6,1,0,0,3,0,69,175,0,0,0,0,0,0,0,0,0,0,0,0,0,0,1,2,45,1,1,2,1,0,0,1,62,99,1,1,98,0,0
5,50027,1,1,1,28,1,18,10,42,0,1,0,5,1,23,481,23481,31,2007,3GTEK13M17G5,3,G,T,E,K,1,3,M,1,7,G,5,0,T,GMC,NK1,CW,7,17,,2,0,1435,SIE,G,,,8,323,,,,B,5371,00,4,44,0,0,000000000,00000000000,0,0,0,1,0,0,0,0,0,0,0,998,0,0,0,12,6,2,42,0,0,0,1,5,72032,6,1,0,0,3,0,72,210,0,0,0,0,0,0,0,0,0,0,6,0,0,0,1,2,45,3,2,2,1,0,0,14,13,99,1,4,1,1,0
5,50028,1,1,1,28,1,18,51,8,0,1,0,5,1,49,401,49401,14,2000,JT3GN86R6Y01,J,T,3,G,N,8,6,R,6,Y,0,1,0,P,TOYT,RUN,UT,0,17,3600,,0,1053,,G,,F,6,206,,,15R225,,,,,,0,0,000000000,00000000000,0,0,0,1,0,0,0,0,0,0,0,998,0,0,0,12,6,2,8,0,0,0,1,5,71603,6,1,0,0,3,0,71,160,0,0,0,0,0,0,0,0,0,0,0,0,0,0,1,2,55,1,1,2,1,0,0,1,80,1,1,1,13,0,1
5,50029,1,1,4,29,1,14,48,25,0,1,0,5,2,21,401,21401,14,2003,1GHDT13S6321,1,G,H,D,T,1,3,S,6,3,2,1,0,P,OLDS,BRA,UT,3,17,4628,,0,1130,,G,,F,6,256,,,17R255,,,,,,0,0,000000000,00000000000,0,0,0,1,0,0,0,0,0,0,0,998,0,1,6,11,6,2,42,0,0,0,1,5,71909,6,1,0,0,3,3,71,215,0,0,0,0,0,0,0,0,0,0,6,0,0,0,3,2,65,1,1,2,1,0,0,1,10,1,1,4,6,2,0
5,50030,1,1,1,29,1,21,41,8,0,1,1,99,9,99,999,99999,99,9999,999999999999,9,9,9,9,9,9,9,9,9,9,9,9,0,,,,,,,,,,,,,,,,,,,,,,,,,0,99,999999999,99999999999,9,99,99,1,0,0,0,0,99,99,9,999,0,0,0,12,9,1,8,99,99,0,1,99,99999,9,9,99,9,9,9,999,999,99,99,99,99,99,99,9999,99,9999,9,99,99,99,99,5,2,30,1,1,2,1,0,0,1,80,99,1,1,13,0,0
5,50031,1,2,1,31,1,18,6,12,6,1,0,5,1,22,401,22401,14,2004,3G7DA03EX4S5,3,G,7,D,A,0,3,E,X,4,S,5,0,P,PONT,AZT,UT,4,17,3779,,0,1083,,G,,F,6,207,,,16R215,,,,,,0,0,000000000,00000000000,0,0,0,1,0,0,0,0,0,0,0,998,0,0,0,12,6,2,12,0,0,0,1,5,72758,6,1,0,0,3,3,60,110,0,0,0,0,0,0,0,0,0,0,0,0,0,0,2,2,65,1,1,2,1,0,0,1,62,99,1,1,65,0,0