STATE,ST_CASE,VEH_NO,VE_FORMS,NUMOCCS,DAY,MONTH,HOUR,MINUTE,HARM_EV,MAN_COLL,UNITTYPE,HIT_RUN,REG_STAT,OWNER,MAKE,MODEL,MAK_MOD,BODY_TYP,MOD_YEAR,VIN,VIN_1,VIN_2,VIN_3,VIN_4,VIN_5,VIN_6,VIN_7,VIN_8,VIN_9,VIN_10,VIN_11,VIN_12,TOW_VEH,VINTYPE,VINMAKE,VINA_MOD,VIN_BT,VINMODYR,VIN_LNGT,VIN_WGT,WGTCD_TR,WHLBS_LG,WHLBS_SH,SER_TR,FUELCODE,MCYCL_DS,CARBUR,CYLINDER,DISPLACE,MCYCL_CY,MCYCL_WT,TIRE_SZE,TON_RAT,TRK_WT,TRKWTVAR,VIN_REST,WHLDRWHL,J_KNIFE,MCARR_I1,MCARR_I2,MCARR_ID,GVWR,V_CONFIG,CARGO_BT,HAZ_INV,HAZ_PLAC,HAZ_ID,HAZ_CNO,HAZ_REL,BUS_USE,SPEC_USE,EMER_USE,TRAV_SP,UNDERIDE,ROLLOVER,ROLINLOC,IMPACT1,DEFORMED,TOWED,M_HARM,VEH_SC1,VEH_SC2,FIRE_EXP,DR_PRES,L_STATE,DR_ZIP,L_STATUS,L_TYPE,CDL_STAT,L_ENDORS,L_COMPL,L_RESTRI,DR_HGT,DR_WGT,PREV_ACC,PREV_SUS,PREV_DWI,PREV_SPD,PREV_OTH,FIRST_MO,FIRST_YR,LAST_MO,LAST_YR,SPEEDREL,DR_SF1,DR_SF2,DR_SF3,DR_SF4,VTRAFWAY,VNUM_LAN,VSPD_LIM,VALIGN,VPROFILE,VPAVETYP,VSURCOND,VTRAFCON,VTCONT_F,P_CRASH1,P_CRASH2,P_CRASH3,PCRASH4,PCRASH5,ACC_TYPE,DEATHS,DR_DRINK
5,50031,2,2,1,31,1,18,6,12,6,1,0,5,1,59,31,59031,4,2005,JTHBA30G0550,J,T,H,B,A,3,0,G,0,5,5,0,0,P,LEXS,E33,4D,5,17,3472,,0,1071,,G,,F,6,201,,,17R215,,,,,,0,0,000000000,00000000000,0,0,0,1,0,0,0,0,0,0,0,998,0,0,0,82,6,2,12,0,0,0,1,5,72730,6,1,0,0,3,3,62,120,0,0,0,2,0,9,2009,9,2011,9,28,6,0,0,2,2,65,1,1,2,1,0,0,1,12,99,4,6,64,1,0
5,50032,1,2,1,17,1,17,54,12,6,1,0,5,2,22,403,22403,14,2006,2CKDL73F7660,2,C,K,D,L,7,3,F,7,6,6,0,0,P,PONT,TOR,UT,6,17,3776,,0,1125,,G,,F,6,207,,,16R235,,,,,,0,0,000000000,00000000000,0,0,0,1,0,0,0,0,0,0,0,998,0,0,0,11,4,3,12,0,0,0,1,5,72117,6,1,0,0,3,0,70,137,1,1,0,0,0,8,2010,11,2011,1,39,0,0,0,1,2,45,1,1,2,1,20,3,11,15,1,1,2,82,0,1
5,50032,2,2,1,17,1,17,54,12,6,1,0,5,1,37,706,37706,80,2005,1HFSC55095A1,1,H,F,S,C,5,5,0,9,5,A,1,0,M,HOND,13V,RS,5,17,,,,,,,1312,,2,,4,641,,,,,,,0,0,000000000,00000000000,0,0,0,1,0,0,0,0,0,0,0,20,0,0,0,12,6,2,12,0,0,0,1,5,72117,6,1,0,0,3,0,67,169,0,0,0,0,1,5,2010,5,2010,0,0,0,0,0,1,2,45,1,1,2,1,0,0,1,67,9,2,1,83,1,1
5,50033,1,1,1,4,2,4,50,1,0,1,0,5,2,12,37,12037,4,2000,1FAFP3431YW4,1,F,A,F,P,3,4,3,1,Y,W,4,0,P,FORD,FSS,4D,0,17,2564,,0,1030,,G,,F,4,121,,,15R195,,,,,,0,0,000000000,00000000000,0,0,0,1,0,0,0,0,0,0,0,998,0,1,1,0,6,2,1,0,0,0,1,5,71658,6,2,0,0,3,2,67,180,0,0,0,0,1,10,2011,10,2011,0,58,73,6,0,1,2,55,1,1,2,2,0,0,1,13,6,9,6,98,1,1
5,50034,1,1,1,5,2,10,45,52,0,1,0,5,1,18,7,18007,4,1999,2G4WS52MXX16,2,G,4,W,S,5,2,M,X,X,1,6,0,P,BUIC,CCU,4D,99,17,3353,,0,1090,,G,,F,6,191,,,15R205,,,,,,0,0,000000000,00000000000,0,0,0,1,0,0,0,0,0,0,0,998,0,1,5,12,6,8,1,0,0,0,1,5,72469,6,1,0,0,2,3,67,170,0,0,0,0,0,0,0,0,0,0,0,0,0,0,1,2,55,1,1,2,1,40,3,1,12,1,1,4,6,1,0
5,50035,1,2,2,5,2,15,43,12,2,1,0,5,1,20,9,20009,2,1992,1G1FP23T8NL1,1,G,1,F,P,2,3,T,8,N,L,1,0,P,CHEV,CAR,CP,92,17,3103,,0,1010,,G,,F,6,191,,,15R215,,,,,,0,0,000000000,00000000000,0,0,0,1,0,0,0,0,0,0,0,998,0,0,0,12,6,2,12,0,0,0,1,5,72853,6,1,0,0,2,0,69,160,0,0,0,0,0,0,0,0,0,0,6,28,0,0,1,2,45,1,1,2,1,0,0,1,10,1,1,2,50,2,0
5,50035,2,2,6,5,2,15,43,12,2,1,0,5,2,21,20,21020,2,1994,1G3WH15MXRD4,1,G,3,W,H,1,5,M,X,R,D,4,0,P,OLDS,SUS,CP,94,17,3137,,0,1075,,G,,F,6,191,,,15R205,,,,,,0,0,000000000,00000000000,0,0,0,1,0,0,0,0,0,0,0,998,0,0,0,12,6,2,12,0,0,0,1,5,72857,6,1,0,0,3,3,63,203,0,0,0,0,0,0,0,0,0,0,0,0,0,0,1,2,45,1,1,2,1,0,0,1,62,1,1,1,51,3,0
5,50036,1,2,1,6,2,12,58,12,2,1,0,5,3,20,421,20421,15,2003,1GNEK13ZX3R2,1,G,N,E,K,1,3,Z,X,3,R,2,0,P,CHEV,KTA,UT,3,17,5050,,0,1160,,F,,F,8,325,,,16R265,,,,,,0,0,000000000,00000000000,0,0,0,1,0,0,0,0,0,0,0,998,0,0,0,12,6,2,12,0,0,0,1,5,72019,6,2,0,0,3,0,69,145,1,0,0,0,0,1,2010,1,2010,0,28,0,0,0,1,2,45,1,3,2,1,0,0,17,50,6,1,2,50,0,0
5,50036,2,2,1,6,2,12,58,12,2,1,0,5,1,12,23,12023,4,2006,3FAFP07Z36R1,3,F,A,F,P,0,7,Z,3,6,R,1,0,P,FORD,F/E,4D,6,17,3101,,0,1074,,G,,F,4,140,,,16R205,,,,,,0,0,000000000,00000000000,0,0,0,1,0,0,0,0,0,0,0,998,0,0,0,12,6,2,12,0,0,0,1,5,72002,6,1,6,0,3,3,63,201,0,0,0,0,0,0,0,0,0,0,0,0,0,0,1,2,45,1,3,2,1,0,0,1,62,1,1,1,51,1,0
5,50037,1,1,1,9,2,5,49,1,0,1,0,5,3,82,881,82881,66,2009,1FUJA6CK59LA,1,F,U,J,A,6,C,K,5,9,L,A,1,T,FRHT,COL,TR,9,17,,8,0,0,CON,D,,,6,855,,,,,00000,00,,64,1,57,1814413,571814413,3,6,3,1,0,0,0,0,0,0,0,998,0,2,1,0,6,2,1,0,0,0,1,5,72364,6,1,6,1,3,0,72,210,0,0,0,0,0,0,0,0,0,0,6,0,0,0,1,2,45,3,1,2,1,3,3,14,8,99,1,1,98,1,0
5,50038,1,2,1,10,2,10,40,12,6,1,0,5,1,49,482,49482,31,2001,5TBRN34161S2,5,T,B,R,N,3,4,1,6,1,S,2,0,T,TOYT,TT5,4C,1,17,,1,0,1283,TUN,G,,,6,206,,,,B,4088,00,U,42,0,0,000000000,00000000000,0,0,0,1,0,0,0,0,0,0,0,998,0,0,0,12,6,2,12,0,0,0,1,5,72205,6,1,0,0,3,0,66,200,0,0,0,0,0,0,0,0,0,0,0,0,0,0,2,5,30,1,4,2,2,0,0,1,67,1,1,1,83,0,0
5,50038,2,2,1,10,2,10,40,12,6,1,0,5,1,12,35,12035,4,1997,1FALP6534VK1,1,F,A,L,P,6,5,3,4,V,K,1,0,P,FORD,CSG,4D,97,17,0,,0,1065,,G,,F,4,121,,,14R185,,,,,,0,0,000000000,00000000000,0,0,0,1,0,0,0,0,0,0,0,998,0,0,0,9,6,2,12,0,0,0,1,5,72227,6,1,0,0,3,0,63,136,0,0,0,0,0,0,0,0,0,0,38,0,0,0,1,3,30,1,1,2,2,20,3,11,15,1,1,1,82,1,0
5,50039,1,1,2,12,2,13,45,1,0,1,0,5,1,23,431,23431,16,2001,1GKEK63U41J1,1,G,K,E,K,6,3,U,4,1,J,1,0,T,GMC,DEN,4W,1,17,,2,0,0,DEN,G,,,8,364,,,,B,5421,00,K,44,0,0,000000000,00000000000,0,0,0,1,0,0,0,0,0,0,0,998,0,1,5,0,6,2,1,0,0,0,1,5,71731,6,1,0,0,3,0,68,220,0,0,0,0,0,0,0,0,0,0,6,0,0,0,1,4,55,3,2,2,1,0,0,14,13,99,4,4,6,2,0
5,50040,1,1,1,13,2,13,7,42,0,1,0,5,2,55,401,55401,14,2003,KM8SC13DX3U3,K,M,8,S,C,1,3,D,X,3,U,3,0,P,HYUN,SAN,UT,3,17,3549,,0,1031,,G,,F,6,162,,,16R225,,,,,,0,0,000000000,00000000000,0,0,0,1,0,0,0,0,0,0,0,998,0,0,0,12,6,2,42,0,0,0,1,5,72416,6,1,0,0,3,0,67,170,0,0,0,0,0,0,0,0,0,0,6,0,0,0,1,4,55,1,1,2,2,0,0,1,13,1,1,4,1,1,0
5,50041,1,2,1,13,2,13,20,12,6,1,0,5,3,86,884,86884,66,2010,1M1AN09Y6AM0,1,M,1,A,N,0,9,Y,6,A,M,0,1,T,MACK,CHU,TR,10,17,,8,0,0,600,D,,,6,783,,,,,00000,00,,64,1,57,00003327,5700003327,3,6,8,1,0,0,0,0,0,0,0,998,0,0,0,12,6,2,12,0,0,0,1,5,72858,6,1,6,0,3,0,69,180,0,0,0,0,0,0,0,0,0,0,0,0,0,0,1,2,40,1,1,2,2,0,0,1,62,6,1,2,66,0,0
5,50041,2,2,2,13,2,13,20,12,6,1,0,5,2,12,13,12013,4,1997,1FALP13P9VW3,1,F,A,L,P,1,3,P,9,V,W,3,0,P,FORD,EST,4D,97,17,2503,,0,984,,G,,F,4,122,,,14R185,,,,,,0,0,000000000,00000000000,0,0,0,1,0,0,0,0,0,0,0,998,0,0,0,3,6,2,12,0,0,0,1,5,72031,6,1,0,0,3,3,64,108,0,0,0,0,0,0,0,0,0,0,6,87,28,0,1,2,40,1,1,2,2,0,0,1,5,1,4,6,66,2,0
5,50042,1,2,1,14,2,7,28,12,6,1,0,5,2,52,37,52037,3,2002,4A3AC54H22E0,4,A,3,A,C,5,4,H,2,2,E,0,0,P,MITS,ECG,2H,2,17,3120,,0,1008,,G,,F,6,181,,,17R215,,,,,,0,0,000000000,00000000000,0,0,0,1,0,0,0,0,0,0,0,998,0,0,0,12,6,2,12,0,0,0,1,5,71953,6,1,0,0,3,0,65,135,0,0,0,0,0,0,0,0,0,0,0,0,0,0,1,2,55,1,1,2,2,0,0,1,62,99,1,1,66,0,0
5,50042,2,2,2,14,2,7,28,12,6,1,0,5,3,37,32,37032,2,2004,1HGCM72634A0,1,H,G,C,M,7,2,6,3,4,A,0,0,P,HOND,UEX,CP,4,17,3060,,0,1051,,G,,F,4,146,,,15R205,,,,,,0,0,000000000,00000000000,0,0,0,1,0,0,0,0,0,0,0,998,0,0,0,3,6,2,12,0,0,1,1,5,71961,6,1,0,0,3,0,71,180,0,0,0,0,1,9,2011,9,2011,0,6,23,34,0,1,2,55,1,1,2,2,0,0,6,10,7,4,2,66,2,0
5,50043,1,2,1,14,2,16,18,12,1,1,0,5,1,12,481,12481,31,1997,1FTHX26F6VEC,1,F,T,H,X,2,6,F,6,V,E,C,0,T,FORD,F25,PC,97,17,,2,1550,1390,COF,D,,,8,444,,,,C,5236,00,A,44,0,0,000000000,00000000000,0,0,0,1,0,0,0,0,0,0,0,998,0,0,0,12,6,2,12,0,0,0,1,5,72753,6,1,0,0,3,0,70,175,0,0,0,0,0,0,0,0,0,0,26,0,0,0,1,2,45,1,2,2,1,0,0,1,50,9,2,1,20,0,0
5,50043,2,2,4,14,2,16,18,12,1,1,0,5,1,7,472,7472,31,2006,1D7HW28K96S5,1,D,7,H,W,2,8,K,9,6,S,5,0,T,DODG,QST,CW,6,17,,2,0,1309,DAK,G,,,6,225,,,,B,4411,00,E,44,0,0,000000000,00000000000,0,0,0,1,0,0,0,0,0,0,0,0,0,0,0,6,6,2,12,0,0,0,1,5,72744,6,1,6,0,3,0,73,185,0,0,0,0,0,0,0,0,0,0,0,0,0,0,1,2,45,1,2,2,1,0,0,4,50,1,1,1,21,1,0
5,50044,1,2,3,15,2,21,33,12,2,1,1,12,1,18,2,18002,6,1995,1G4AG85M0S64,1,G,4,A,G,8,5,M,0,S,6,4,0,P,BUIC,CSP,SW,95,17,3130,,0,1049,,G,,F,6,191,,,14R185,,,,,,0,0,000000000,00000000000,0,0,0,1,0,0,0,0,0,0,0,998,0,0,0,12,6,2,12,0,0,0,1,12,32254,6,1,0,0,3,0,64,999,0,0,0,0,0,0,0,0,0,0,0,0,0,0,3,4,70,1,1,2,2,0,0,1,54,1,1,1,52,1,0
5,50044,2,2,1,15,2,21,33,12,2,1,0,5,1,22,20,22020,4,2002,1G2WK52J32F2,1,G,2,W,K,5,2,J,3,2,F,2,0,P,PONT,GFS,4D,2,17,3384,,0,1105,,G,,F,6,191,,,15R205,,,,,,0,0,000000000,00000000000,0,0,0,1,0,0,0,0,0,0,0,998,0,0,0,12,6,2,12,0,0,0,1,5,72079,6,1,0,0,3,3,62,165,1,0,0,0,2,11,2010,8,2011,0,50,0,0,0,3,4,70,1,1,2,2,0,0,1,54,1,1,1,52,1,0
5,50045,1,1,1,16,2,18,32,8,0,1,0,5,1,20,401,20401,14,2002,1GNDT13S0223,1,G,N,D,T,1,3,S,0,2,2,3,0,P,CHEV,TRL,UT,2,17,4628,,0,1130,,G,,F,6,256,,,16R245,,,,,,0,0,000000000,00000000000,0,0,0,1,0,0,0,0,0,0,0,998,0,0,0,12,4,8,8,0,0,0,1,5,72022,6,1,0,0,3,3,71,185,0,0,0,3,1,2,2010,6,2010,0,0,0,0,0,6,1,60,1,1,1,1,0,0,1,80,6,1,1,13,0,0
5,50046,1,2,4,17,2,6,20,12,6,1,0,12,2,37,441,37441,20,1996,JHMRA184XTC0,J,H,M,R,A,1,8,4,X,T,C,0,0,P,HOND,ODY,SV,96,17,3349,,0,1114,,G,,F,4,132,,,15R205,,,,,,0,0,000000000,00000000000,0,0,0,1,0,0,0,0,0,0,0,998,0,0,0,11,6,2,12,0,0,0,1,48,75228,6,1,0,0,3,0,63,140,0,0,0,1,0,1,2011,1,2011,0,28,0,0,0,1,2,55,3,1,2,1,0,0,14,10,1,1,2,64,1,0
5,50046,2,2,1,17,2,6,20,12,6,1,0,5,3,82,884,82884,66,2009,1FUJF6CV99DA,1,F,U,J,F,6,C,V,9,9,D,A,1,T,FRHT,CLC,TR,9,17,,8,0,0,CON,D,,,6,782,,,,,00000,00,,64,1,57,6159505,576159505,3,6,8,1,0,0,0,0,0,0,0,998,0,0,0,7,6,2,12,0,0,0,1,48,75501,6,1,6,0,3,0,74,235,0,0,0,0,0,0,0,0,0,0,0,0,0,0,1,2,55,2,1,2,1,0,0,14,62,3,1,1,65,0,0
5,50047,1,1,1,17,2,6,56,35,0,1,0,5,1,49,40,49040,2,2000,2T1CF22PXYC3,2,T,1,C,F,2,2,P,X,Y,C,3,0,P,TOYT,CEE,CP,0,17,3230,,0,1051,,G,,F,6,183,,,15R205,,,,,,0,0,000000000,00000000000,0,0,0,1,0,0,0,0,0,0,0,998,0,1,6,11,6,2,3,0,0,0,1,5,72556,6,1,0,0,3,0,72,170,0,0,0,0,0,0,0,0,0,0,6,0,0,0,1,2,55,1,1,2,1,0,0,1,12,1,1,4,6,1,0
5,50048,1,1,3,18,2,14,0,42,0,1,0,5,1,7,482,7482,31,2002,1D7HA16N22J2,1,D,7,H,A,1,6,N,2,2,J,2,0,T,DODG,150,PK,2,17,,2,1405,1205,RPC,G,,,8,287,,,,B,4366,01,E,42,0,0,000000000,00000000000,0,0,0,1,0,0,0,0,0,0,0,998,0,1,6,3,6,2,1,0,0,0,1,22,71241,6,2,0,0,3,0,70,195,0,0,0,0,0,0,0,0,0,1,0,0,0,0,1,2,55,3,2,2,2,0,0,14,6,99,3,4,2,1,0
5,50049,1,2,1,18,2,17,50,12,1,1,0,5,1,12,481,12481,31,2007,1FTRF12217KD,1,F,T,R,F,1,2,2,1,7,K,D,0,T,FORD,F15,PK,7,17,,2,1450,1260,COF,G,,,6,256,,,,B,4615,01,E,42,0,0,000000000,00000000000,0,0,0,1,0,0,0,0,0,0,0,998,0,0,0,12,6,2,12,0,0,0,1,5,72081,6,1,0,0,3,3,76,268,0,0,0,0,0,0,0,0,0,0,6,0,0,0,2,2,70,1,1,1,1,0,0,1,51,1,1,1,24,1,0
5,50049,2,2,1,18,2,17,50,12,1,1,0,5,1,85,881,85881,66,2005,1XKWD49X85R0,1,X,K,W,D,4,9,X,8,5,R,0,1,T,KW,W90,TR,5,17,,8,2850,1600,CON,D,,,6,915,,,,,00000,00,,64,1,57,0003259,570003259,3,6,4,1,0,0,0,0,0,0,0,998,0,0,0,6,4,8,12,0,0,0,1,5,72143,6,1,6,0,3,0,66,165,0,0,0,0,1,11,2011,11,2011,0,0,0,0,0,2,2,70,1,1,1,1,0,0,1,53,1,1,1,25,0,0
5,50050,1,1,3,18,2,20,31,32,0,1,0,5,2,12,402,12402,14,2001,1FMYU01101KE,1,F,M,Y,U,0,1,1,0,1,K,E,0,P,FORD,SPE,UT,1,17,3027,,0,1031,,G,,F,6,181,,,15R225,,,,,,0,0,000000000,00000000000,0,0,0,1,0,0,0,0,0,0,0,998,0,1,6,12,6,2,1,0,0,0,1,5,72113,1,1,0,0,2,3,72,150,0,8,1,0,0,3,2010,9,2011,0,6,8,0,0,1,2,55,1,1,2,1,0,0,6,12,1,1,4,6,1,1
5,50051,1,3,1,18,2,23,24,8,0,1,0,5,3,20,422,20422,15,2004,3GNFK16Z74G1,3,G,N,F,K,1,6,Z,7,4,G,1,0,P,CHEV,K15,UT,4,17,5219,,0,1300,,F,,F,8,325,,,16R265,,,,,,0,0,000000000,00000000000,0,0,0,1,0,0,0,0,0,0,0,998,0,0,0,12,6,4,8,0,0,0,1,5,72223,6,1,0,0,3,3,72,180,0,0,0,0,0,0,0,0,0,0,0,0,0,0,2,3,60,1,1,1,1,0,0,1,80,1,1,1,13,0,0
5,50051,2,3,1,18,2,23,24,8,0,1,0,5,1,22,18,22018,4,2001,999999999999,9,9,9,9,9,9,9,9,9,9,9,9,0,,,,,,,,,,,,,,,,,,,,,,,,,0,0,000000000,00000000000,0,0,0,1,0,0,0,0,0,0,0,998,0,0,0,12,0,1,8,0,0,0,1,5,72114,6,1,0,0,3,0,62,170,0,6,0,0,3,1,2011,9,2011,0,0,0,0,0,2,3,60,1,1,1,1,0,0,1,80,1,1,1,98,0,0
5,50051,3,3,2,18,2,23,24,8,0,1,0,5,2,20,473,20473,30,2006,1GCCS1385682,1,G,C,C,S,1,3,8,5,6,8,2,0,T,CHEV,RDO,CW,6,17,,1,0,1260,CAL,G,,,4,171,,,,,3684,00,,42,0,0,000000000,00000000000,0,0,0,1,0,0,0,0,0,0,0,998,0,0,0,12,4,1,8,0,0,0,1,5,71730,6,1,0,0,3,3,73,185,0,0,0,0,0,0,0,0,0,0,0,0,0,0,2,3,60,1,1,1,1,0,0,1,80,1,1,1,98,0,0
5,50052,1,1,1,20,2,9,20,1,0,1,0,5,2,98,804,98804,66,1996,2WKPDCCJ2TK9,2,W,K,P,D,C,C,J,2,T,K,9,1,T,WSTR,490,TR,96,17,,8,0,0,CNV,D,,,6,893,,,,,00000,00,,64,1,57,1567707,571567707,3,6,3,1,0,0,0,0,0,0,0,998,0,1,2,0,6,2,1,0,0,0,1,5,71835,6,1,6,1,3,3,74,245,0,0,0,0,0,0,0,0,0,0,6,0,0,0,1,2,55,3,2,2,1,0,0,14,13,1,1,4,1,1,0
5,50053,1,2,1,20,2,17,40,12,6,1,0,5,1,72,706,72706,80,2001,1HD4CAM121K1,1,H,D,4,C,A,M,1,2,1,K,1,0,M,HD,X88,RS,1,17,,,,,,,883,,2,,4,489,,,,,,,0,0,000000000,00000000000,0,0,0,1,0,0,0,0,0,0,0,998,0,0,0,12,6,2,12,0,0,0,1,5,72764,6,1,0,0,3,0,73,220,0,0,0,0,0,0,0,0,0,0,0,0,0,0,1,5,55,1,1,2,1,0,0,1,66,1,2,1,86,1,0
5,50053,2,2,1,20,2,17,40,12,6,1,0,5,1,12,471,12471,30,2000,1FTYR10X4YPB,1,F,T,Y,R,1,0,X,4,Y,P,B,0,T,FORD,RNG,PK,0,17,,1,1175,1116,RNG,G,,,6,245,,,,B,3068,02,U,42,0,0,000000000,00000000000,0,0,0,1,0,0,0,0,0,0,0,998,0,0,0,3,4,3,12,0,0,0,1,5,72756,6,1,0,0,3,0,72,190,0,0,0,0,0,0,0,0,0,0,38,0,0,0,1,2,55,1,1,2,1,20,3,1,17,1,1,1,87,0,0
5,50054,1,2,1,21,2,13,35,12,6,1,0,5,2,12,22,12022,6,2005,1FMZK01125GA,1,F,M,Z,K,0,1,1,2,5,G,A,0,P,FORD,FSL,UT,5,17,3959,,0,1129,,G,,F,6,183,,,17R215,,,,,,0,0,000000000,00000000000,0,0,0,1,0,0,0,0,0,0,0,998,0,0,0,9,6,2,12,0,0,0,1,30,59860,6,1,0,0,3,3,65,160,98,0,0,0,0,0,0,0,0,0,39,0,0,0,1,3,35,1,2,2,1,3,3,1,17,1,1,1,89,1,0
5,50054,2,2,1,21,2,13,35,12,6,1,0,5,2,82,881,82881,66,1996,1FUYDSEB7TP7,1,F,U,Y,D,S,E,B,7,T,P,7,1,T,FRHT,FLD,TR,96,17,,8,0,0,CON,D,,,6,774,,,,,00000,00,,64,1,57,00518460,5700518460,3,6,8,1,0,0,0,0,0,0,0,998,0,0,0,12,6,2,12,0,0,0,1,5,71959,6,1,6,0,3,0,71,130,1,0,0,1,0,3,2010,4,2011,0,0,0,0,0,1,3,35,1,2,2,1,3,3,1,66,1,1,1,88,0,0
5,50055,1,2,1,21,2,18,40,12,8,1,0,5,2,2,404,2404,14,1996,1J4FT78S5TL1,1,J,4,F,T,7,8,S,5,T,L,1,0,T,JEEP,CTY,4W,96,17,,1,0,1014,CHK,G,,,6,242,,,,,2848,00,M,42,0,0,000000000,00000000000,0,0,0,1,0,0,0,0,0,0,0,998,0,0,0,62,6,2,12,0,0,0,1,5,71740,1,1,0,0,2,3,71,180,0,0,0,0,0,0,0,0,0,0,6,28,0,0,1,2,55,1,1,2,1,0,0,1,10,1,1,2,65,1,1
5,50055,2,2,1,21,2,18,40,12,8,1,0,40,3,85,881,85881,66,2007,1XKDD49X17R1,1,X,K,D,D,4,9,X,1,7,R,1,1,T,KW,T80,TR,7,17,,8,2600,1600,CON,D,,,6,915,,,,,00000,00,,64,3,57,260850,57260850,3,6,2,2,2,1267,3,1,0,0,0,998,0,0,0,10,6,2,12,0,0,0,1,22,71038,6,1,6,1,3,0,71,240,0,0,0,1,0,8,2010,8,2010,0,0,0,0,0,1,2,55,1,1,2,1,0,0,1,62,7,1,1,64,0,0
5,50056,1,1,1,22,2,18,29,8,0,1,0,5,1,7,482,7482,31,2002,1D7HA16N22J2,1,D,7,H,A,1,6,N,2,2,J,2,0,T,DODG,150,PK,2,17,,2,1405,1205,RPC,G,,,8,287,,,,B,4366,01,E,42,0,0,000000000,00000000000,0,0,0,1,0,0,0,0,0,0,0,998,0,0,0,12,4,1,8,0,0,0,1,5,71913,1,1,0,0,2,3,74,250,0,5,1,0,0,7,2011,8,2011,0,6,0,0,0,1,2,30,1,1,2,1,0,0,1,80,1,1,1,13,0,1
5,50057,1,1,2,22,2,21,15,8,0,1,0,5,3,82,884,82884,66,2004,1FUJA6CK14LN,1,F,U,J,A,6,C,K,1,4,L,N,1,T,FRHT,COL,TR,4,17,,8,0,0,CON,D,,,6,858,,,,,00000,00,,64,1,57,740036,57740036,3,6,1,1,0,0,0,0,0,0,0,998,0,0,0,11,6,8,8,0,0,0,1,48,75154,6,1,6,1,3,3,68,180,0,0,0,0,0,0,0,0,0,0,0,0,0,0,3,3,65,1,2,2,1,0,0,1,80,2,1,1,13,0,0
5,50058,1,1,1,25,2,2,56,35,0,1,0,5,2,20,421,20421,15,2001,1GNEC13T41R1,1,G,N,E,C,1,3,T,4,1,R,1,0,P,CHEV,CTA,UT,1,17,4828,,0,1160,,G,,F,8,325,,,16R245,,,,,,0,0,000000000,00000000000,0,0,0,1,0,0,0,0,0,0,0,998,0,1,5,83,6,2,1,0,0,0,1,5,72034,1,1,0,0,2,0,67,140,1,0,0,2,1,1,2011,9,2011,1,6,0,0,0,2,2,70,3,1,1,1,0,0,14,13,1,1,4,1,1,1
5,50059,1,1,3,25,2,4,41,31,0,1,0,5,2,52,37,52037,3,2000,4A3AC84L7YE0,4,A,3,A,C,8,4,L,7,Y,E,0,0,P,MITS,ECG,2H,0,17,3120,,0,1008,,G,,F,6,181,,,17R215,,,,,,0,0,000000000,00000000000,0,0,0,1,0,0,0,0,0,0,0,998,0,0,0,98,6,2,35,0,0,0,1,5,72422,6,1,0,0,3,0,72,135,0,0,0,2,3,1,2011,10,2011,1,6,0,0,0,1,2,55,2,2,2,1,0,0,10,6,1,1,4,6,1,1
5,50060,1,2,1,25,2,6,58,12,2,1,0,5,2,12,402,12402,14,2008,1FMCU03148KA,1,F,M,C,U,0,3,1,4,8,K,A,1,P,FORD,SPE,UT,8,17,3313,,0,1031,,G,,F,6,183,,,16R235,,,,,,1,0,000000000,00000000000,0,0,0,1,0,0,0,0,0,0,0,998,0,1,5,12,6,2,12,0,0,0,1,5,71854,6,1,0,0,3,0,66,238,0,0,0,0,0,0,0,0,0,0,28,0,0,0,1,2,55,2,1,2,1,0,0,14,10,99,1,2,51,1,1
5,50060,2,2,1,25,2,6,58,12,2,1,0,18,3,82,881,82881,66,2010,1FUJBBDRXADA,1,F,U,J,B,B,D,R,X,A,D,A,1,T,FRHT,ST2,TR,10,17,,8,0,0,CON,D,,,6,903,,,,,00000,00,,64,3,57,264184,57264184,3,6,1,1,0,0,0,0,0,0,0,998,0,0,0,12,6,2,12,0,0,0,1,13,30554,6,1,6,1,3,3,67,180,98,0,0,0,1,12,2011,12,2011,0,0,0,0,0,1,2,55,3,1,2,1,0,0,14,62,1,1,1,50,0,0
5,50061,1,1,1,26,2,0,25,9,0,1,0,5,2,12,473,12473,30,2004,1FMZU62K64UC,1,F,M,Z,U,6,2,K,6,4,U,C,0,P,FORD,EPR,UT,4,17,4304,,0,1137,,F,,F,6,245,,,16R235,,,,,,0,0,000000000,00000000000,0,0,0,1,0,0,0,0,0,0,0,998,0,0,0,12,4,1,9,0,0,0,1,5,72206,6,1,0,0,3,0,72,150,0,0,0,0,1,6,2011,6,2011,0,0,0,0,0,1,2,40,1,3,2,1,0,0,1,80,99,1,1,13,0,1
5,50062,1,2,1,28,2,13,50,12,2,1,0,5,1,20,481,20481,31,2005,2GCEK13T3513,2,G,C,E,K,1,3,T,3,5,1,3,0,T,CHEV,SK1,CW,5,17,,2,0,1435,SIL,G,,,8,323,,,,B,5299,00,,44,0,0,000000000,00000000000,0,0,0,1,0,0,0,0,0,0,0,998,0,1,1,12,6,2,12,0,0,0,1,5,72012,6,1,0,0,3,0,71,151,0,0,0,0,0,0,0,0,0,0,0,0,0,0,1,2,55,3,1,2,1,0,0,14,62,1,1,1,51,0,0
5,50062,2,2,1,28,2,13,50,12,2,1,0,5,1,30,47,30047,1,2006,3VWRG31Y66M3,3,V,W,R,G,3,1,Y,6,6,M,3,0,P,VOLK,CP1,CV,6,17,3078,,0,989,,G,,F,5,151,,,16R205,,,,,,0,0,000000000,00000000000,0,0,0,1,0,0,0,0,0,0,0,998,0,0,0,12,6,2,12,0,0,0,1,5,72176,6,1,0,0,3,3,65,135,0,0,0,0,0,0,0,0,0,0,28,0,0,0,1,2,55,2,1,2,1,0,0,14,10,1,1,2,50,1,0