STATE,ST_CASE,VEH_NO,VE_FORMS,NUMOCCS,DAY,MONTH,HOUR,MINUTE,HARM_EV,MAN_COLL,UNITTYPE,HIT_RUN,REG_STAT,OWNER,MAKE,MODEL,MAK_MOD,BODY_TYP,MOD_YEAR,VIN,VIN_1,VIN_2,VIN_3,VIN_4,VIN_5,VIN_6,VIN_7,VIN_8,VIN_9,VIN_10,VIN_11,VIN_12,TOW_VEH,VINTYPE,VINMAKE,VINA_MOD,VIN_BT,VINMODYR,VIN_LNGT,VIN_WGT,WGTCD_TR,WHLBS_LG,WHLBS_SH,SER_TR,FUELCODE,MCYCL_DS,CARBUR,CYLINDER,DISPLACE,MCYCL_CY,MCYCL_WT,TIRE_SZE,TON_RAT,TRK_WT,TRKWTVAR,VIN_REST,WHLDRWHL,J_KNIFE,MCARR_I1,MCARR_I2,MCARR_ID,GVWR,V_CONFIG,CARGO_BT,HAZ_INV,HAZ_PLAC,HAZ_ID,HAZ_CNO,HAZ_REL,BUS_USE,SPEC_USE,EMER_USE,TRAV_SP,UNDERIDE,ROLLOVER,ROLINLOC,IMPACT1,DEFORMED,TOWED,M_HARM,VEH_SC1,VEH_SC2,FIRE_EXP,DR_PRES,L_STATE,DR_ZIP,L_STATUS,L_TYPE,CDL_STAT,L_ENDORS,L_COMPL,L_RESTRI,DR_HGT,DR_WGT,PREV_ACC,PREV_SUS,PREV_DWI,PREV_SPD,PREV_OTH,FIRST_MO,FIRST_YR,LAST_MO,LAST_YR,SPEEDREL,DR_SF1,DR_SF2,DR_SF3,DR_SF4,VTRAFWAY,VNUM_LAN,VSPD_LIM,VALIGN,VPROFILE,VPAVETYP,VSURCOND,VTRAFCON,VTCONT_F,P_CRASH1,P_CRASH2,P_CRASH3,PCRASH4,PCRASH5,ACC_TYPE,DEATHS,DR_DRINK
5,50063,1,2,2,29,2,9,20,12,98,1,0,5,1,37,706,37706,80,1986,1HFSC1424GA2,1,H,F,S,C,1,4,2,4,G,A,2,0,M,HOND,G2A,RS,86,17,,,,,,,1200,,4,,4,728,,,,,,,0,0,000000000,00000000000,0,0,0,1,0,0,0,0,0,0,0,998,0,0,0,12,6,2,12,0,0,0,1,5,72086,6,1,0,0,3,0,71,230,0,0,0,0,0,0,0,0,0,0,0,0,0,0,1,2,55,1,2,2,1,0,0,1,66,1,1,1,69,1,0
5,50063,2,2,1,29,2,9,20,12,98,1,0,5,3,98,998,98998,93,2002,CAT0938GC6WS,C,A,T,0,9,3,8,G,C,6,W,S,0,U,,,,2,17,,,,,,,,,,,,,,,,,,,0,77,777777777,77777777777,2,98,97,1,0,0,0,0,0,0,0,998,0,0,0,14,8,8,12,0,0,0,1,5,72904,6,1,0,0,3,0,72,170,0,0,0,1,1,3,2010,5,2010,0,38,48,0,0,1,2,55,1,2,2,1,0,0,11,15,1,1,2,68,0,0
5,50064,1,1,1,21,1,4,25,24,0,1,0,5,2,12,481,12481,31,1997,1FTDF1820VNC,1,F,T,D,F,1,8,2,0,V,N,C,0,T,FORD,F15,PK,97,17,,1,1390,1200,COF,G,,,6,256,,,,B,4235,02,E,44,0,0,000000000,00000000000,0,0,0,1,0,0,0,0,0,0,0,998,0,1,5,11,6,2,24,0,0,0,1,5,72176,6,1,0,0,3,0,70,132,0,0,0,0,0,0,0,0,0,9,6,0,0,0,1,2,45,2,1,2,1,0,0,14,12,1,1,4,6,1,1
5,50065,1,2,1,1,3,17,7,12,6,1,0,5,1,73,703,73703,80,2009,JKAEXMJ159DA,J,K,A,E,X,M,J,1,5,9,D,A,0,M,KAWK,E2J,RC,9,17,,,,,,,249,,2,,4,374,,,,,,,0,0,000000000,00000000000,0,0,0,1,0,0,0,0,0,0,0,998,0,0,0,81,6,2,12,0,0,1,1,5,72450,6,1,0,0,3,0,67,160,0,0,0,0,0,0,0,0,0,0,38,39,0,0,1,4,45,1,1,2,1,1,3,1,17,99,1,1,87,1,0
5,50065,2,2,1,1,3,17,7,12,6,1,0,5,3,23,8,23008,6,2008,1GKER23788J2,1,G,K,E,R,2,3,7,8,8,J,2,0,T,GMC,S1F,4W,8,17,,2,0,1189,ACA,G,,,6,220,,,,B,4722,00,W,42,0,0,000000000,00000000000,0,0,0,1,0,0,0,0,0,0,0,998,0,0,0,12,6,2,12,0,0,1,1,5,72422,6,1,0,0,3,0,65,130,0,0,0,0,0,0,0,0,0,0,0,0,0,0,1,4,45,1,1,2,1,1,3,1,66,1,1,1,86,0,0
5,50066,1,1,1,1,3,22,15,32,0,1,0,5,1,20,22,20022,2,2010,1G1AD1F58A71,1,G,1,A,D,1,F,5,8,A,7,1,0,P,CHEV,BLT,CP,10,17,2991,,0,1033,,G,,F,4,134,,,15R195,,,,,,0,0,000000000,00000000000,0,0,0,1,0,0,0,0,0,0,0,998,0,0,0,12,6,2,32,0,0,0,1,5,71639,6,1,0,0,3,3,71,190,0,0,0,0,0,0,0,0,0,0,36,0,0,0,1,2,55,2,1,2,1,28,3,14,12,99,9,4,7,1,0
5,50067,1,1,1,1,3,22,45,1,0,1,0,5,1,37,32,37032,4,1999,JHMCG5643XC0,J,H,M,C,G,5,6,4,3,X,C,0,0,P,HOND,ULX,4D,99,17,3053,,0,1069,,G,,F,4,138,,,15R195,,,,,,0,0,000000000,00000000000,0,0,0,1,0,0,0,0,0,0,0,998,0,1,5,0,6,2,1,0,0,0,1,5,72543,6,1,0,0,3,0,67,110,0,0,0,0,0,0,0,0,0,0,99,99,99,99,1,2,55,2,1,2,1,0,0,14,12,99,9,4,6,1,1
5,50068,1,1,1,2,3,2,38,35,0,1,0,5,1,37,706,37706,80,2009,1HFSC52T89A6,1,H,F,S,C,5,2,T,8,9,A,6,0,M,HOND,13T,RS,9,17,,,,,,,1312,,2,,4,748,,,,,,,0,0,000000000,00000000000,0,0,0,1,0,0,0,0,0,0,0,998,0,0,0,9,6,2,1,0,0,0,1,5,72653,6,1,0,0,3,3,70,140,0,0,0,0,0,0,0,0,0,1,0,0,0,0,1,2,55,3,1,2,1,0,0,14,6,8,4,4,2,1,1
5,50069,1,1,3,3,3,0,30,1,0,1,0,5,1,20,421,20421,15,1996,1GNDT13W1T21,1,G,N,D,T,1,3,W,1,T,2,1,0,P,CHEV,BZR,UT,96,17,4023,,0,1070,,G,,F,6,262,,,15R235,,,,,,0,0,000000000,00000000000,0,0,0,1,0,0,0,0,0,0,0,998,0,1,5,0,6,2,1,0,0,0,1,5,72364,1,1,0,0,2,0,66,125,0,0,0,0,3,3,2010,1,2011,1,79,36,39,0,1,2,35,1,1,4,1,20,3,1,5,99,9,4,7,1,1
5,50070,1,1,1,3,3,1,43,59,0,1,0,5,2,12,422,12422,15,1999,1FMRU17L3XLB,1,F,M,R,U,1,7,L,3,X,L,B,0,P,FORD,EPT,UT,99,17,4808,,0,1191,,G,,F,8,330,,,16R255,,,,,,0,0,000000000,00000000000,0,0,0,1,0,0,0,0,0,0,0,998,0,1,1,12,6,2,1,0,0,1,1,5,72501,1,1,0,0,2,0,70,125,0,4,1,0,0,1,2012,2,2012,0,6,0,0,0,1,4,40,3,2,2,1,0,0,14,13,99,1,4,1,1,1
5,50071,1,1,3,4,3,17,15,42,0,1,0,5,2,12,17,12017,4,2000,1FAFP53U9YA1,1,F,A,F,P,5,3,U,9,Y,A,1,0,P,FORD,TSE,4D,0,17,3333,,0,1085,,G,,F,6,182,,,16R215,,,,,,0,0,000000000,00000000000,0,0,0,1,0,0,0,0,0,0,0,998,0,1,6,82,6,2,1,0,0,0,1,40,72921,2,1,0,0,2,0,72,215,0,1,0,0,0,10,2009,10,2009,0,91,6,0,0,1,2,55,3,1,2,1,0,0,14,13,99,4,4,1,1,1
5,50072,1,1,1,5,3,16,18,1,0,1,0,5,2,37,705,37705,80,1985,JH2RC1909FM1,J,H,2,R,C,1,9,0,9,F,M,1,0,M,HOND,V70,RS,85,17,,,,,,,700,,2,,4,465,,,,,,,0,0,000000000,00000000000,0,0,0,1,0,0,0,0,0,0,0,998,0,0,0,0,8,8,1,0,0,0,1,5,72067,6,1,8,0,3,0,70,195,0,0,0,0,0,0,0,0,0,0,99,99,99,99,1,2,35,2,6,2,1,0,0,14,9,1,9,1,98,1,0
5,50073,1,1,1,5,3,20,2,8,0,1,0,5,1,12,461,12461,21,1997,1FDEE14L0VHB,1,F,D,E,E,1,4,L,0,V,H,B,0,T,FORD,15V,CG,97,17,,2,0,1380,VAN,G,,,8,330,,,,B,00000,00,E,42,0,0,000000000,00000000000,0,0,0,1,0,0,0,0,0,0,0,998,0,0,0,11,4,1,8,0,0,0,1,5,72653,6,1,0,0,3,0,71,200,0,0,0,0,0,0,0,0,0,0,0,0,0,0,1,2,55,1,1,2,1,0,0,1,80,1,1,1,13,0,0
5,50074,1,1,2,5,3,23,40,3,0,1,0,5,1,7,482,7482,31,2008,1D7HA18N58S5,1,D,7,H,A,1,8,N,5,8,S,5,0,T,DODG,SQ1,CW,8,17,,2,1605,1405,RPC,G,,,8,287,,,,B,4889,00,E,42,0,0,000000000,00000000000,0,0,0,1,0,0,0,0,0,0,0,998,0,0,0,0,6,2,3,0,0,0,1,5,72543,6,1,0,0,3,0,68,161,0,2,0,1,0,12,2009,1,2011,9,99,99,99,99,2,2,70,4,1,1,1,0,0,14,98,99,1,4,0,1,0
5,50075,1,1,5,6,3,1,0,35,0,1,0,5,1,20,2,20002,4,2005,2G1WF52E6592,2,G,1,W,F,5,2,E,6,5,9,2,0,P,CHEV,IMP,4D,5,17,3389,,0,1105,,G,,F,6,207,,,16R225,,,,,,0,0,000000000,00000000000,0,0,0,1,0,0,0,0,0,0,0,998,0,1,3,12,6,2,1,0,0,0,1,5,72401,6,1,0,0,3,0,60,140,0,1,0,0,1,9,2010,3,2011,0,58,0,0,0,2,2,65,1,1,2,1,0,0,1,98,6,4,4,10,3,1
5,50076,1,2,2,7,3,6,45,12,6,1,0,5,2,58,37,58037,2,2005,JNKCV54E45M4,J,N,K,C,V,5,4,E,4,5,M,4,0,P,INFI,G35,CP,5,17,3360,,0,1122,,G,,F,6,214,,,17R225,,,,,,0,0,000000000,00000000000,0,0,0,1,0,0,0,0,0,0,0,998,0,0,0,12,6,2,12,0,0,0,1,5,72834,6,1,0,0,3,3,67,118,0,2,0,0,0,3,2010,3,2010,0,28,0,0,0,1,2,55,1,1,2,1,0,0,1,10,99,1,2,64,1,0
5,50076,2,2,1,7,3,6,45,12,6,1,0,5,3,86,881,86881,66,2009,1M1AN09Y99N0,1,M,1,A,N,0,9,Y,9,9,N,0,1,T,MACK,CHU,TR,9,17,,8,0,0,600,D,,,6,783,,,,,00000,00,,64,1,57,003327,57003327,3,6,8,1,0,0,0,0,0,0,0,998,0,0,0,11,4,3,12,0,0,0,1,5,72110,6,1,6,0,3,3,65,148,0,0,0,0,0,0,0,0,0,0,0,0,0,0,1,2,55,1,1,2,1,0,0,1,62,7,1,4,65,0,0
5,50077,1,1,2,8,3,11,45,30,0,1,0,5,2,63,33,63033,4,2008,KNAFE1215855,K,N,A,F,E,1,2,1,5,8,5,5,0,P,KIA,SXC,4D,8,17,2919,,0,1028,,G,,F,4,122,,,15R195,,,,,,0,0,000000000,00000000000,0,0,0,1,0,0,0,0,0,0,0,998,0,0,0,13,6,2,30,0,0,0,1,5,72076,6,1,0,0,3,3,62,105,0,0,0,0,0,0,0,0,0,1,0,0,0,0,1,2,35,3,1,2,2,0,0,14,6,99,3,4,2,1,0
5,50078,1,2,1,9,3,8,22,12,1,1,0,5,3,84,881,84881,63,1990,1HTSAZRP5LH2,1,H,T,S,A,Z,R,P,5,L,H,2,1,T,INTL,460,CC,90,17,,7,2540,1280,40S,D,,,8,444,,,,,00000,00,,42,1,88,888888888,88888888888,3,98,98,1,0,0,0,0,0,0,0,998,0,0,0,12,8,8,12,0,0,0,1,5,72315,1,1,0,0,2,0,69,140,0,0,0,0,0,0,0,0,0,0,26,0,0,0,1,2,40,1,1,2,1,0,0,1,50,1,1,1,20,0,0
5,50078,2,2,1,9,3,8,22,12,1,1,0,5,1,23,441,23441,20,1993,1GDDM15Z7PB5,1,G,D,D,M,1,5,Z,7,P,B,5,0,T,GMC,SAF,CG,93,17,,1,0,1110,SAF,G,,,6,262,,,,B,00000,00,A,42,0,0,000000000,00000000000,0,0,0,1,0,0,0,0,0,0,0,0,0,0,0,6,6,2,8,0,0,0,1,5,72370,6,1,0,0,3,2,64,240,0,0,0,1,0,9,2011,9,2011,0,74,0,0,0,1,2,40,1,1,2,1,0,0,5,50,1,1,1,21,0,0
5,50079,1,3,1,9,3,17,50,12,1,1,0,48,3,12,481,12481,31,2007,1FTPW14V47KC,1,F,T,P,W,1,4,V,4,7,K,C,0,T,FORD,F1S,CW,7,17,,2,0,1390,COF,F,,,8,329,,,,B,5476,01,E,44,0,0,000000000,00000000000,0,0,0,1,0,0,0,0,0,0,0,998,0,0,0,12,6,2,12,0,0,0,1,5,72034,6,1,0,0,3,3,75,320,0,0,0,0,0,0,0,0,0,0,6,0,0,0,3,2,70,1,1,1,1,40,3,1,52,1,1,1,28,0,1
5,50079,2,3,1,9,3,17,50,12,1,1,0,5,1,37,31,37031,4,2008,2HGFA555X8H7,2,H,G,F,A,5,5,5,X,8,H,7,0,P,HOND,UCS,4D,8,17,2945,,0,1063,,G,,F,4,122,,,17R245,,,,,,0,0,000000000,00000000000,0,0,0,1,0,0,0,0,0,0,0,998,0,0,0,6,6,2,12,0,0,0,1,5,72032,6,1,0,0,3,0,68,130,0,0,0,1,1,8,2010,8,2010,0,0,0,0,0,3,2,70,1,1,1,1,40,3,2,53,1,1,1,29,0,0
5,50079,3,3,4,9,3,17,50,12,1,1,0,5,2,37,32,37032,4,2001,1HGCG564X1A0,1,H,G,C,G,5,6,4,X,1,A,0,0,P,HOND,ULX,4D,1,17,3031,,0,1069,,G,,F,4,138,,,15R195,,,,,,0,0,000000000,00000000000,0,0,0,1,0,0,0,0,0,0,0,998,0,0,0,6,6,2,12,0,0,0,1,5,72034,6,1,0,0,3,0,61,110,1,4,0,0,4,12,2009,2,2012,0,0,0,0,0,3,2,70,1,1,1,1,40,3,2,53,1,1,1,98,1,0
5,50080,1,1,1,10,3,8,28,23,0,1,0,5,1,49,32,49032,4,1998,2T1BR12E0WC0,2,T,1,B,R,1,2,E,0,W,C,0,0,P,TOYT,UVL,4D,98,17,2414,,0,970,,G,,F,4,109,,,14R175,,,,,,0,0,000000000,00000000000,0,0,0,1,0,0,0,0,0,0,0,998,0,0,0,12,6,2,23,0,0,0,1,5,71929,6,1,0,0,3,0,69,140,0,3,0,0,3,12,2009,7,2011,0,6,0,0,0,1,2,55,4,2,2,1,0,0,14,13,99,9,4,1,1,1
5,50081,1,1,2,10,3,11,55,1,0,1,0,5,2,49,471,49471,30,1994,4TARN81A9RZ2,4,T,A,R,N,8,1,A,9,R,Z,2,0,T,TOYT,USS,PK,94,17,,1,0,1030,UHT,G,,,4,144,,,,B,2690,00,A,42,0,0,000000000,00000000000,0,0,0,1,0,0,0,0,0,0,0,998,0,2,1,0,6,2,1,0,0,0,1,5,72946,6,1,0,0,3,0,73,190,0,2,0,0,1,11,2010,2,2012,9,58,6,21,0,1,2,55,1,1,2,1,0,0,1,8,7,3,6,98,1,1
5,50082,1,1,1,11,3,1,34,53,0,1,0,5,1,7,24,7024,4,2012,2C3CDXCT2CH1,2,C,3,C,D,X,C,T,2,C,H,1,0,P,DODG,CHR,4D,12,17,3961,,0,1200,,G,,F,8,348,,,18R235,,,,,,0,0,000000000,00000000000,0,0,0,1,0,0,0,0,0,0,0,998,0,0,0,10,6,2,42,0,0,1,1,5,72019,6,1,0,0,3,0,67,200,0,0,0,0,0,0,0,0,0,0,6,0,0,0,1,2,55,1,1,2,2,0,0,1,12,99,9,4,6,1,1
5,50083,1,2,4,11,3,15,54,12,6,1,0,5,1,23,431,23431,16,1997,1GKEK13R9VJ7,1,G,K,E,K,1,3,R,9,V,J,7,0,T,GMC,YUK,4W,97,17,,2,0,1175,YUK,G,,,8,350,,,,B,5225,00,E,44,0,0,000000000,00000000000,0,0,0,1,0,0,0,0,0,0,0,998,0,0,0,12,6,2,12,0,0,0,1,5,71953,6,1,6,0,3,0,70,150,0,0,0,2,0,8,2010,6,2011,0,0,0,0,0,1,2,55,2,1,2,2,0,0,14,62,99,1,1,65,1,0
5,50083,2,2,2,11,3,15,54,12,6,1,0,5,1,35,47,35047,4,1998,1N4DL01D2WC1,1,N,4,D,L,0,1,D,2,W,C,1,0,P,NISS,AGS,4D,98,17,2766,,0,1031,,G,,F,4,146,,,15R195,,,,,,0,0,000000000,00000000000,0,0,0,1,0,0,0,0,0,0,0,998,0,0,0,81,6,2,12,0,0,0,1,5,71953,6,1,0,0,3,3,67,165,0,0,0,0,0,0,0,0,0,0,6,79,0,0,1,2,55,3,1,2,2,0,0,14,10,99,4,2,64,1,0
5,50084,1,2,1,11,3,20,12,12,2,1,0,5,2,37,32,37032,4,2005,1HGCM665X5A0,1,H,G,C,M,6,6,5,X,5,A,0,0,P,HOND,UEX,4D,5,17,3384,,0,1079,,G,,F,6,183,,,16R205,,,,,,0,0,000000000,00000000000,0,0,0,1,0,0,0,0,0,0,0,998,0,0,0,12,6,2,12,0,0,0,1,5,71858,6,1,0,0,3,0,74,205,0,0,0,1,2,11,2010,4,2011,0,35,6,0,0,1,2,55,1,4,2,2,0,0,6,54,99,1,1,52,1,1
5,50084,2,2,6,11,3,20,12,12,2,1,0,5,2,20,443,20443,20,2003,1GNDX03E93D2,1,G,N,D,X,0,3,E,9,3,D,2,0,T,CHEV,VTR,ES,3,17,,1,0,1200,VTR,G,,,6,207,,,,,3699,01,,42,0,0,000000000,00000000000,0,0,0,1,0,0,0,0,0,0,0,998,0,0,0,12,6,2,12,0,0,0,1,5,71740,6,1,0,0,3,3,68,177,1,0,0,1,1,8,2009,2,2011,0,21,0,0,0,1,2,55,1,4,2,2,0,0,1,54,99,1,1,52,0,0
5,50086,1,2,1,12,3,17,0,12,6,1,0,5,2,18,2,18002,4,2004,1G4HP52K94U1,1,G,4,H,P,5,2,K,9,4,U,1,0,P,BUIC,LCF,4D,4,17,3567,,0,1122,,G,,F,6,231,,,15R215,,,,,,0,0,000000000,00000000000,0,0,0,1,0,0,0,0,0,0,0,998,0,1,1,11,6,2,12,0,0,0,1,5,72058,6,1,0,0,3,0,68,220,0,0,0,1,0,2,2012,2,2012,0,6,38,0,0,1,2,98,1,1,2,1,20,3,11,15,1,1,1,68,0,0
5,50086,2,2,1,12,3,17,0,12,6,1,0,5,2,53,706,53706,80,1997,JS1VS52A0V21,J,S,1,V,S,5,2,A,0,V,2,1,0,M,SUZI,VS8,RS,97,17,,,,,,,805,,2,,4,443,,,,,,,0,0,000000000,00000000000,0,0,0,1,0,0,0,0,0,0,0,998,0,0,0,12,6,2,12,0,0,0,1,5,72032,1,1,0,0,2,0,73,220,0,2,0,0,0,8,2010,2,2012,0,0,0,0,0,1,2,55,1,1,2,1,0,0,1,67,99,1,1,69,1,0
5,50087,1,2,1,11,3,20,45,12,6,1,0,5,3,84,881,84881,63,2006,1HSHWAHN16J3,1,H,S,H,W,A,H,N,1,6,J,3,1,T,INTL,860,TR,6,17,,7,0,0,80S,D,,,6,661,,,,,00000,00,,42,1,77,777777777,77777777777,3,4,1,1,0,0,0,0,0,0,0,998,0,0,0,12,4,1,12,0,0,0,1,5,72401,6,1,6,0,3,3,71,205,0,0,0,0,0,0,0,0,0,0,99,99,99,99,1,4,35,1,1,2,2,0,0,1,62,4,1,1,69,0,0
5,50087,2,2,1,11,3,20,45,12,6,1,0,92,0,63,401,63401,14,2001,KNDJB7235157,K,N,D,J,B,7,2,3,5,1,5,7,0,P,KIA,SPO,UT,1,17,3186,,0,1043,,G,,F,4,122,,,15R205,,,,,,0,0,000000000,00000000000,0,0,0,1,0,0,0,0,0,0,0,998,0,0,0,3,6,2,12,0,0,0,1,5,72206,0,0,0,0,0,0,999,999,99,99,99,99,99,99,9999,99,9999,0,38,0,0,0,1,4,35,1,1,2,2,0,0,11,15,1,1,1,68,1,1
5,50088,2,1,2,15,3,13,7,14,0,1,0,40,3,84,881,84881,62,2010,4KAMUAAMXAA2,4,K,A,M,U,A,A,M,X,A,A,2,0,T,INTL,,BU,10,17,,6,,,,D,,,6,466,,,,,,,,42,0,77,777777777,77777777777,2,1,1,1,0,0,0,0,0,0,0,998,0,0,0,1,6,2,8,0,0,0,1,40,74055,6,1,0,0,3,3,71,160,0,0,0,0,0,0,0,0,0,0,6,0,0,0,2,2,65,1,1,2,1,0,0,1,11,99,1,4,1,0,0
5,50089,1,1,1,16,3,19,15,1,0,1,0,5,3,86,881,86881,66,2004,1M1AA18Y74N1,1,M,1,A,A,1,8,Y,7,4,N,1,1,T,MACK,CH6,TR,4,17,,8,0,0,600,D,,,6,728,,,,,00000,00,,64,1,57,003327,57003327,3,6,3,1,0,0,0,0,0,0,0,998,0,1,5,0,6,2,1,0,0,0,1,5,71833,6,1,6,0,3,0,74,200,0,0,0,0,0,0,0,0,0,0,6,0,0,0,1,2,55,2,1,2,1,0,0,14,13,6,9,4,2,1,0
5,50090,1,1,2,19,3,11,33,32,0,1,0,5,2,52,47,52047,6,2003,JA4LX41GX3U0,J,A,4,L,X,4,1,G,X,3,U,0,0,P,MITS,OUT,UT,3,17,3240,,0,1033,,G,,F,4,146,,,16R225,,,,,,0,0,000000000,00000000000,0,0,0,1,0,0,0,0,0,0,0,998,0,0,0,12,6,2,32,0,0,0,1,5,72801,6,1,0,0,3,3,60,167,0,0,0,0,0,0,0,0,0,0,6,21,0,0,1,2,45,1,1,2,1,0,0,1,13,1,1,4,1,1,0
5,50091,1,1,1,20,3,10,20,1,0,1,0,5,2,20,471,20471,30,2000,1GCCT19W7Y81,1,G,C,C,T,1,9,W,7,Y,8,1,0,T,CHEV,S14,PC,0,17,,1,0,1229,S,G,,,6,262,,,,B,3660,01,,44,0,0,000000000,00000000000,0,0,0,1,0,0,0,0,0,0,0,998,0,1,5,0,6,2,1,0,0,0,1,5,72658,6,1,0,0,3,3,64,135,0,0,0,0,0,0,0,0,0,0,6,58,0,0,1,2,45,3,6,2,1,40,3,14,13,6,4,4,1,1,0
5,50092,1,2,1,30,3,11,45,12,2,1,0,5,1,84,881,84881,63,1988,2HSFEXZR9JC0,2,H,S,F,E,X,Z,R,9,J,C,0,0,T,INTL,F93,TR,88,17,,8,0,0,930,D,,,6,893,,,,,00000,00,,64,0,57,821106,57821106,3,2,4,1,0,0,0,0,0,0,0,998,0,0,0,12,6,2,12,0,0,0,1,5,72616,6,1,6,1,3,0,73,150,0,0,0,0,0,0,0,0,0,0,0,0,0,0,1,2,45,1,1,2,1,0,0,1,62,9,2,2,51,0,0
5,50092,2,2,1,30,3,11,45,12,2,1,0,5,2,12,37,12037,4,2000,1FAFP3434YW4,1,F,A,F,P,3,4,3,4,Y,W,4,0,P,FORD,FSS,4D,0,17,2564,,0,1030,,G,,F,4,121,,,15R195,,,,,,0,0,000000000,00000000000,0,0,0,1,0,0,0,0,0,0,0,998,0,0,0,12,6,2,12,0,0,0,1,5,72601,2,1,0,0,2,3,70,180,0,2,0,0,0,5,2010,5,2010,0,28,0,0,0,1,2,45,1,1,2,1,0,0,1,10,1,1,2,50,1,1
5,50093,1,2,1,20,3,16,50,12,2,1,0,5,2,12,13,12013,2,1993,1FAPP11JXPW1,1,F,A,P,P,1,1,J,X,P,W,1,0,P,FORD,EST,2H,93,17,2312,,0,984,,G,,F,4,113,,,13R175,,,,,,0,0,000000000,00000000000,0,0,0,1,0,0,0,0,0,0,0,998,0,0,0,12,6,2,12,0,0,0,1,5,72206,6,1,0,0,3,0,63,148,0,0,0,1,0,2,2011,2,2011,1,28,0,0,0,1,2,30,2,1,2,2,0,0,14,6,99,9,2,50,1,0
5,50093,2,2,4,20,3,16,50,12,2,1,0,5,1,49,442,49442,20,2008,5TDZK23C28S1,5,T,D,Z,K,2,3,C,2,8,S,1,0,P,TOYT,SIE,SV,8,17,4177,,0,1193,,G,,F,6,214,,,16R215,,,,,,0,0,000000000,00000000000,0,0,0,1,0,0,0,0,0,0,0,998,0,0,0,12,6,2,12,0,0,0,1,5,72206,6,1,0,0,3,3,66,150,1,0,0,1,1,8,2010,4,2011,0,0,0,0,0,1,2,30,1,1,2,2,0,0,1,62,1,1,1,51,0,0
5,50094,1,2,2,23,3,16,8,12,2,1,0,5,2,12,3,12003,2,2001,1FAFP44411F1,1,F,A,F,P,4,4,4,1,1,F,1,0,P,FORD,MUS,CV,1,17,3207,,0,1013,,G,,F,6,232,,,16R225,,,,,,0,0,000000000,00000000000,0,0,0,1,0,0,0,0,0,0,0,998,0,0,0,12,6,2,12,0,0,0,1,5,71753,6,2,0,0,3,3,62,135,0,0,0,0,0,0,0,0,0,0,28,0,0,0,1,2,55,1,2,2,1,0,0,1,10,1,1,4,50,1,0
5,50094,2,2,2,23,3,16,8,12,2,1,0,47,1,7,482,7482,31,2011,3D73Y3CL9BG5,3,D,7,3,Y,3,C,L,9,B,G,5,0,T,DODG,350,CW,11,17,,3,1690,1490,RPC,D,,,6,408,,,,D,6948,07,K,44,0,0,000000000,00000000000,0,0,0,1,0,0,0,0,0,0,0,998,0,0,0,12,6,2,12,0,0,0,1,47,38571,6,1,0,0,3,0,72,160,0,0,0,0,0,0,0,0,0,0,0,0,0,0,1,2,55,1,2,2,1,0,0,1,62,7,1,4,51,0,0
5,50095,1,2,1,24,3,7,10,12,2,1,0,5,1,2,404,2404,14,2001,1J4GW48S61C5,1,J,4,G,W,4,8,S,6,1,C,5,0,T,JEEP,LRO,4W,1,17,,1,0,1059,GCK,G,,,6,244,,,,,3864,01,E,44,0,0,000000000,00000000000,0,0,0,1,0,0,0,0,0,0,0,998,0,0,0,12,6,2,12,0,0,0,1,5,71860,6,1,0,0,3,0,74,190,0,3,0,1,1,7,2009,2,2012,0,28,0,0,0,1,2,55,2,2,2,1,0,0,14,10,1,1,2,50,1,1
5,50095,2,2,1,24,3,7,10,12,2,1,0,48,3,82,881,82881,66,2002,1FUJA6CG92LJ,1,F,U,J,A,6,C,G,9,2,L,J,1,T,FRHT,COL,TR,2,17,,8,0,0,CON,D,,,6,774,,,,,00000,00,,64,1,57,732280,57732280,3,6,1,1,0,0,0,0,0,0,0,998,0,0,0,12,6,2,12,0,0,0,1,48,77063,6,1,6,3,3,0,999,999,0,0,0,1,2,4,2011,4,2011,0,0,0,0,0,1,2,55,3,2,2,1,0,0,14,62,1,1,1,51,0,0
5,50096,1,1,1,24,3,16,51,58,0,1,0,5,1,72,706,72706,80,2003,1HD1CGP103K4,1,H,D,1,C,G,P,1,0,3,K,4,0,M,HD,20C,RS,3,17,,,,,,,1200,,2,,4,491,,,,,,,0,0,000000000,00000000000,0,0,0,1,0,0,0,0,0,0,0,998,0,0,0,9,6,2,26,0,0,0,1,5,72501,6,1,6,0,3,3,65,140,0,0,0,0,0,0,0,0,0,9,6,58,0,0,1,4,40,3,1,2,1,0,0,14,13,7,9,4,1,1,1
5,50097,1,1,1,25,3,1,25,8,0,1,0,28,3,51,881,51881,66,2006,4V4NC9GHX6N4,4,V,4,N,C,9,G,H,X,6,N,4,1,T,VOLV,VNL,TR,6,17,,8,0,0,VVN,D,,,6,732,,,,,00000,00,,64,1,57,87844,5787844,3,6,2,1,0,0,0,0,0,0,0,998,0,0,0,12,6,2,8,0,0,0,1,48,75423,6,1,6,3,3,0,999,999,0,0,0,0,0,0,0,0,0,0,0,0,0,0,1,2,55,1,1,2,1,0,0,1,80,1,1,1,13,0,0
5,50098,1,1,1,25,3,20,5,8,0,1,0,5,1,12,481,12481,31,1996,1FTEF14N0TLB,1,F,T,E,F,1,4,N,0,T,L,B,1,T,FORD,F15,PK,96,17,,2,1330,1170,COF,G,,,8,302,,,,B,4065,00,M,44,1,0,000000000,00000000000,0,0,0,1,0,0,0,0,0,0,0,998,0,0,0,12,4,1,8,0,0,0,1,5,71913,6,1,0,0,3,0,75,200,0,0,0,0,0,0,0,0,0,0,0,0,0,0,2,3,60,1,1,2,1,0,0,1,80,99,1,1,13,0,0