STATE,ST_CASE,VEH_NO,VE_FORMS,NUMOCCS,DAY,MONTH,HOUR,MINUTE,HARM_EV,MAN_COLL,UNITTYPE,HIT_RUN,REG_STAT,OWNER,MAKE,MODEL,MAK_MOD,BODY_TYP,MOD_YEAR,VIN,VIN_1,VIN_2,VIN_3,VIN_4,VIN_5,VIN_6,VIN_7,VIN_8,VIN_9,VIN_10,VIN_11,VIN_12,TOW_VEH,VINTYPE,VINMAKE,VINA_MOD,VIN_BT,VINMODYR,VIN_LNGT,VIN_WGT,WGTCD_TR,WHLBS_LG,WHLBS_SH,SER_TR,FUELCODE,MCYCL_DS,CARBUR,CYLINDER,DISPLACE,MCYCL_CY,MCYCL_WT,TIRE_SZE,TON_RAT,TRK_WT,TRKWTVAR,VIN_REST,WHLDRWHL,J_KNIFE,MCARR_I1,MCARR_I2,MCARR_ID,GVWR,V_CONFIG,CARGO_BT,HAZ_INV,HAZ_PLAC,HAZ_ID,HAZ_CNO,HAZ_REL,BUS_USE,SPEC_USE,EMER_USE,TRAV_SP,UNDERIDE,ROLLOVER,ROLINLOC,IMPACT1,DEFORMED,TOWED,M_HARM,VEH_SC1,VEH_SC2,FIRE_EXP,DR_PRES,L_STATE,DR_ZIP,L_STATUS,L_TYPE,CDL_STAT,L_ENDORS,L_COMPL,L_RESTRI,DR_HGT,DR_WGT,PREV_ACC,PREV_SUS,PREV_DWI,PREV_SPD,PREV_OTH,FIRST_MO,FIRST_YR,LAST_MO,LAST_YR,SPEEDREL,DR_SF1,DR_SF2,DR_SF3,DR_SF4,VTRAFWAY,VNUM_LAN,VSPD_LIM,VALIGN,VPROFILE,VPAVETYP,VSURCOND,VTRAFCON,VTCONT_F,P_CRASH1,P_CRASH2,P_CRASH3,PCRASH4,PCRASH5,ACC_TYPE,DEATHS,DR_DRINK
5,50133,1,1,1,22,4,17,47,5,0,1,0,5,1,72,706,72706,80,2007,1HD1GP4177K3,1,H,D,1,G,P,4,1,7,7,K,3,0,M,HD,FWG,RS,7,17,,,,,,,1584,,2,,4,650,,,,,,,0,0,000000000,00000000000,0,0,0,1,0,0,0,0,0,0,0,998,0,0,0,0,6,2,5,0,0,0,1,5,72730,6,1,0,0,3,0,76,190,0,0,0,0,1,11,2011,11,2011,0,6,0,0,0,3,4,70,1,2,2,1,0,0,1,98,99,1,1,0,1,1
5,50134,1,1,1,23,4,0,50,25,0,1,0,5,1,19,14,19014,4,1989,1G6KS5157KU8,1,G,6,K,S,5,1,5,7,K,U,8,0,P,CADI,SEV,4D,89,17,3367,,0,1080,,G,,F,8,276,,,15R205,,,,,,0,0,000000000,00000000000,0,0,0,1,0,0,0,0,0,0,0,998,0,0,0,12,6,2,30,0,0,0,1,5,72211,1,1,0,0,2,0,68,160,0,0,0,0,0,0,0,0,0,0,99,99,99,99,3,3,40,1,2,2,1,3,3,1,12,1,1,4,6,1,1
5,50135,1,2,1,23,4,15,32,12,1,1,0,5,1,20,481,20481,31,1987,1GCDR14HXHS1,1,G,C,D,R,1,4,H,X,H,S,1,0,T,CHEV,R10,PK,87,17,,1,1315,1175,R10,G,,,8,305,,,,B,3301,06,,42,0,0,000000000,00000000000,0,0,0,1,0,0,0,0,0,0,0,998,0,0,0,12,6,2,12,0,0,0,1,5,72024,6,1,0,0,3,0,66,130,0,0,0,0,0,0,0,0,0,0,6,0,0,0,2,2,70,1,1,2,1,0,0,1,50,1,1,1,20,1,0
5,50135,2,2,1,23,4,15,32,12,1,1,0,5,1,51,884,51884,66,2004,4V4NC9GH04N3,4,V,4,N,C,9,G,H,0,4,N,3,1,T,VOLV,VNL,TR,4,17,,8,0,0,VVN,D,,,6,732,,,,,00000,00,,64,1,57,2048005,572048005,3,6,1,1,0,0,0,0,0,0,0,0,0,0,0,6,6,2,12,0,0,0,1,47,38587,6,1,6,0,3,0,70,200,0,0,0,0,0,0,0,0,0,0,0,0,0,0,2,2,70,1,1,2,1,0,0,5,53,1,1,1,21,0,0
5,50136,1,4,1,23,4,17,6,12,1,1,0,5,1,20,421,20421,15,2004,1GNEC13V74J1,1,G,N,E,C,1,3,V,7,4,J,1,0,P,CHEV,CTA,UT,4,17,4828,,0,1160,,G,,F,8,293,,,16R265,,,,,,0,0,000000000,00000000000,0,0,0,1,0,0,0,0,0,0,0,998,0,1,3,12,6,2,12,0,0,0,1,5,72176,6,1,0,0,3,0,68,360,0,0,0,0,0,0,0,0,0,0,6,38,0,0,2,2,70,1,1,2,1,0,0,1,52,6,1,1,28,0,0
5,50136,2,4,1,23,4,17,6,12,1,1,0,34,1,72,706,72706,80,2011,1HD1KBM14BB6,1,H,D,1,K,B,M,1,4,B,B,6,0,M,HD,FHX,RS,11,17,,,,,,,1690,,2,,4,785,,,,,,,0,0,000000000,00000000000,0,0,0,1,0,0,0,0,0,0,0,998,0,0,0,6,6,2,12,0,0,0,1,34,7960,6,1,6,0,3,0,72,999,0,0,0,0,0,0,0,0,0,0,0,0,0,0,2,2,70,1,1,2,1,0,0,2,53,99,1,1,29,1,0
5,50136,3,4,1,23,4,17,6,12,1,1,0,34,1,72,706,72706,80,2012,1HD1PR819CB9,1,H,D,1,P,R,8,1,9,C,B,9,0,M,HD,SE7,RS,12,17,,,,,,,1800,,2,,4,889,,,,,,,0,0,000000000,00000000000,0,0,0,1,0,0,0,0,0,0,0,998,0,0,0,6,6,2,12,0,0,0,1,34,7980,6,1,0,0,3,0,71,999,0,0,0,0,0,0,0,0,0,0,0,0,0,0,2,2,70,1,1,2,1,0,0,2,53,99,1,1,98,0,0
5,50136,4,4,1,23,4,17,6,12,1,1,0,34,1,72,706,72706,80,2000,1HD1FRW12YY6,1,H,D,1,F,R,W,1,2,Y,Y,6,0,M,HD,FCI,RS,0,17,,,,,,,1450,,2,,4,710,,,,,,,0,0,000000000,00000000000,0,0,0,1,0,0,0,0,0,0,0,998,0,0,0,6,6,2,12,0,0,0,1,34,7980,6,1,6,0,3,0,68,999,0,0,0,0,0,0,0,0,0,0,0,0,0,0,2,2,70,1,1,2,1,0,0,2,53,99,1,1,98,0,0
5,50137,1,2,1,25,4,16,7,12,2,1,0,5,2,84,881,84881,66,2000,2HSCHAMR7YC0,2,H,S,C,H,A,M,R,7,Y,C,0,1,T,INTL,99I,TR,0,17,,8,0,0,990,D,,,6,774,,,,,00000,00,,64,1,57,2189190,572189190,3,6,8,1,0,0,0,0,0,0,0,998,0,0,0,12,6,2,12,0,0,0,1,5,72633,6,1,6,0,3,0,71,160,0,0,0,0,0,0,0,0,0,0,0,0,0,0,1,2,55,3,1,2,1,0,0,14,62,3,1,1,51,0,0
5,50137,2,2,1,25,4,16,7,12,2,1,0,5,1,98,709,98709,80,2003,999999999999,9,9,9,9,9,9,9,9,9,9,9,9,0,,,,,,,,,,,,,,,,,,,,,,,,,0,0,000000000,00000000000,0,0,0,1,0,0,0,0,0,0,0,998,0,0,0,12,6,2,12,0,0,0,1,5,72756,6,1,0,0,3,3,71,215,0,3,2,0,0,11,2010,2,2011,0,99,99,99,99,1,2,55,3,1,2,1,0,0,14,10,99,1,2,50,1,1
5,50138,1,1,1,27,4,9,40,1,0,1,0,5,1,7,472,7472,30,1993,1B7FL23X5PS1,1,B,7,F,L,2,3,X,5,P,S,1,0,T,DODG,DAK,PC,93,17,,1,0,1309,DAK,G,,,6,239,,,,B,3182,01,A,42,0,0,000000000,00000000000,0,0,0,1,0,0,0,0,0,0,0,998,0,2,6,0,6,2,1,0,0,0,1,5,72413,6,1,0,0,3,0,70,125,0,0,0,0,0,0,0,0,0,0,58,0,0,0,1,2,98,1,1,4,1,0,0,1,9,99,2,4,7,1,0
5,50139,1,2,1,27,4,21,16,12,2,1,0,5,2,24,1,24001,4,1996,1G8ZJ5278TZ2,1,G,8,Z,J,5,2,7,8,T,Z,2,0,P,STRN,SL2,4D,96,17,2320,,0,1024,,G,,F,4,116,,,15R185,,,,,,0,0,000000000,00000000000,0,0,0,1,0,0,0,0,0,0,0,998,0,0,0,12,6,2,12,0,0,0,1,40,74728,6,1,0,0,3,0,65,133,0,0,0,0,0,0,0,0,0,0,28,0,0,0,1,2,55,1,1,2,1,0,0,1,10,1,1,2,50,1,0
5,50139,2,2,2,27,4,21,16,12,2,1,0,5,2,7,880,7880,67,2005,3D7MS48C55G8,3,D,7,M,S,4,8,C,5,5,G,8,1,T,DODG,SQ3,CW,5,17,,3,0,1600,RPC,D,,,6,359,,,,D,6586,00,E,44,1,77,777777777,77777777777,2,98,97,1,0,0,0,0,0,0,0,998,0,0,0,12,6,2,12,0,0,0,1,5,71833,6,1,0,0,3,3,64,120,0,0,0,0,0,0,0,0,0,0,0,0,0,0,1,2,55,1,1,2,1,0,0,1,62,1,1,1,51,0,0
5,50140,1,1,4,28,4,4,10,1,0,1,0,5,3,98,998,98998,93,1995,660460,6,6,0,4,6,0,,,,,,,0,U,,,,95,6,,,,,,,,,,,,,,,,,,,0,77,777777777,77777777777,2,98,97,1,0,0,0,0,0,0,0,998,0,1,5,0,6,2,1,0,0,0,1,5,72432,6,1,0,0,3,2,72,235,0,0,0,1,1,2,2011,4,2011,0,91,74,0,0,1,2,45,1,1,4,1,0,0,1,13,1,1,6,98,1,1
5,50141,1,4,2,28,4,10,51,12,6,1,0,5,2,49,40,49040,4,1994,4T1SK12E8RU4,4,T,1,S,K,1,2,E,8,R,U,4,0,P,TOYT,CLE,4D,94,17,3086,,0,1031,,G,,F,4,132,,,14R195,,,,,,0,0,000000000,00000000000,0,0,0,1,0,0,0,0,0,0,0,998,0,0,0,12,6,2,12,0,0,0,1,5,72833,1,1,0,0,2,0,64,130,0,2,0,0,0,10,2010,10,2010,0,6,28,0,0,1,2,40,1,1,2,1,0,0,1,10,1,1,2,64,0,0
5,50141,2,4,2,28,4,10,51,12,6,1,0,5,2,72,706,72706,80,2004,1HD1BWB134Y0,1,H,D,1,B,W,B,1,3,4,Y,0,0,M,HD,FSI,RS,4,17,,,,,,,1450,,2,,4,696,,,,,,,0,0,000000000,00000000000,0,0,0,1,0,0,0,0,0,0,0,998,0,0,0,62,6,2,12,0,0,0,1,5,71903,6,1,0,0,3,3,74,206,0,0,0,0,0,0,0,0,0,0,0,0,0,0,1,2,40,1,1,2,1,0,0,1,62,1,1,1,65,0,0
5,50141,3,4,1,28,4,10,51,12,6,1,0,12,1,72,706,72706,80,2011,1HD1KGM18BB6,1,H,D,1,K,G,M,1,8,B,B,6,0,M,HD,LRU,RS,11,17,,,,,,,1690,,2,,4,850,,,,,,,0,0,000000000,00000000000,0,0,0,1,0,0,0,0,0,0,0,998,0,0,0,0,6,2,1,0,0,0,1,12,32534,6,1,0,0,3,3,68,999,0,0,0,0,0,0,0,0,0,0,0,0,0,0,1,2,40,1,1,2,1,0,0,1,62,7,1,4,98,0,0
5,50141,4,4,1,28,4,10,51,12,6,1,0,5,1,72,706,72706,80,2003,1HD1GDV183K3,1,H,D,1,G,D,V,1,8,3,K,3,0,M,HD,FDL,RS,3,17,,,,,,,1450,,2,,4,612,,,,,,,0,0,000000000,00000000000,0,0,0,1,0,0,0,0,0,0,0,998,0,0,0,62,6,2,12,0,0,0,1,12,32534,6,1,0,0,3,3,65,999,0,0,0,0,0,0,0,0,0,0,0,0,0,0,1,2,40,1,1,2,1,0,0,1,62,1,1,1,98,1,0
5,50142,1,1,1,28,4,12,56,38,0,1,0,5,1,37,31,37031,4,2009,2HGFA55519H7,2,H,G,F,A,5,5,5,1,9,H,7,0,P,HOND,UCS,4D,9,17,2959,,0,0,,G,,F,4,122,,,000000,,,,,,0,0,000000000,00000000000,0,0,0,1,0,0,0,0,0,0,0,998,0,0,0,12,6,2,38,0,0,0,1,5,71923,6,1,0,0,3,3,73,160,0,0,0,0,0,0,0,0,0,1,6,0,0,0,1,2,40,2,1,2,1,0,0,14,12,1,1,4,6,1,1
5,50143,1,2,1,28,4,20,50,12,8,1,0,5,1,23,481,23481,31,1990,2GTEC19K5L15,2,G,T,E,C,1,9,K,5,L,1,5,1,T,GMC,SC1,PC,90,17,,2,1555,1415,SIE,G,,,8,350,,,,B,4042,06,A,42,1,0,000000000,00000000000,0,0,0,1,0,0,0,0,0,0,0,998,0,0,0,11,6,2,12,99,99,0,1,5,72933,6,1,6,0,3,3,72,175,0,0,0,0,1,5,2011,5,2011,0,99,99,99,99,1,2,55,2,2,2,1,0,0,14,10,1,1,2,64,1,1
5,50143,2,2,1,28,4,20,50,12,8,1,0,5,1,49,32,49032,4,2011,2T1BU4EE6BC7,2,T,1,B,U,4,E,E,6,B,C,7,0,P,TOYT,CBS,4D,11,17,2734,,0,1024,,G,,F,4,110,,,15R195,,,,,,0,0,000000000,00000000000,0,0,0,1,0,0,0,0,0,0,0,0,0,0,0,11,6,2,12,0,0,0,1,5,72703,6,1,0,0,3,3,72,135,0,0,0,0,0,0,0,0,0,0,0,0,0,0,1,2,55,3,2,2,1,40,3,5,62,2,1,1,65,0,0
5,50144,1,1,1,29,4,7,35,1,0,1,0,5,3,87,884,87884,66,2006,1XP5DB9X66N8,1,X,P,5,D,B,9,X,6,6,N,8,1,T,PTRB,379,TR,6,17,,8,0,0,CON,D,,,6,893,,,,,00000,00,,64,1,57,1266226,571266226,3,6,2,1,0,0,0,0,0,0,0,998,0,1,5,0,6,2,1,0,0,0,1,5,72012,6,1,6,3,3,0,73,205,0,0,0,0,1,3,2011,3,2011,0,6,0,0,0,1,2,65,1,1,2,1,40,3,1,13,1,1,4,1,1,0
5,50145,1,1,1,29,4,12,20,34,0,1,0,5,1,53,706,53706,80,2003,JS1VS54A4321,J,S,1,V,S,5,4,A,4,3,2,1,0,M,SUZI,VL8,RS,3,17,,,,,,,805,,2,,4,531,,,,,,,0,0,000000000,00000000000,0,0,0,1,0,0,0,0,0,0,0,998,0,0,0,12,2,3,34,0,0,0,1,5,72001,6,1,0,0,3,0,68,150,0,0,0,0,3,10,2010,2,2012,9,99,99,99,99,1,2,55,2,1,2,1,0,0,14,12,99,1,4,6,1,0
5,50146,1,1,1,30,4,9,30,30,0,1,0,5,1,52,35,52035,4,2001,JA3AY26CX1U0,J,A,3,A,Y,2,6,C,X,1,U,0,0,P,MITS,MES,4D,1,17,2437,,0,984,,G,,F,4,112,,,14R175,,,,,,0,0,000000000,00000000000,0,0,0,1,0,0,0,0,0,0,0,998,0,0,0,3,6,2,30,0,0,0,1,5,72650,6,1,6,0,3,0,64,158,0,0,0,0,0,0,0,0,0,1,28,6,0,0,1,2,55,3,2,2,2,40,3,14,6,1,4,4,7,1,0
5,50147,1,2,2,30,4,13,15,12,6,1,0,5,3,52,37,52037,2,2004,4A3AC84HX4E0,4,A,3,A,C,8,4,H,X,4,E,0,0,P,MITS,ECG,2H,4,17,3142,,0,1008,,G,,F,6,183,,,17R215,,,,,,0,0,000000000,00000000000,0,0,0,1,0,0,0,0,0,0,0,998,0,0,0,82,6,2,12,0,0,0,1,5,71960,6,1,0,0,3,0,67,124,0,0,0,0,0,0,0,0,0,0,38,0,0,0,1,2,45,1,1,2,2,20,3,11,15,1,1,1,68,1,0
5,50147,2,2,1,30,4,13,15,12,6,1,0,5,3,20,481,20481,31,2002,1GBJC34UX2F1,1,G,B,J,C,3,4,U,X,2,F,1,1,T,CHEV,SC3,CB,2,17,,3,1615,1370,SIL,G,,,8,364,,,,D,5481,01,,42,1,0,000000000,00000000000,0,0,0,1,0,0,0,0,0,0,0,998,0,0,0,12,4,8,12,0,0,0,1,5,71852,6,1,6,0,3,0,71,190,0,0,0,0,0,0,0,0,0,0,0,0,0,0,1,2,45,1,1,1,2,20,3,1,66,1,1,1,69,0,0
5,50148,1,2,2,30,4,18,12,12,1,1,0,5,1,12,23,12023,4,2012,3FAHP0HA1CR1,3,F,A,H,P,0,H,A,1,C,R,1,0,P,FORD,F/E,4D,12,17,3285,,0,1074,,G,,F,4,152,,,17R225,,,,,,0,0,000000000,00000000000,0,0,0,1,0,0,0,0,0,0,0,998,0,0,0,12,6,2,12,0,0,0,1,5,71940,6,1,0,0,3,0,66,120,0,0,0,1,0,9,2011,9,2011,1,0,0,0,0,1,2,55,2,1,2,2,0,0,14,62,1,1,1,98,0,0
5,50148,2,2,1,30,4,18,12,12,1,1,0,5,2,22,19,22019,2,2007,1G2AL15F3772,1,G,2,A,L,1,5,F,3,7,7,2,0,P,PONT,G/5,CP,7,17,2991,,0,1035,,G,,F,4,134,,,15R195,,,,,,0,0,000000000,00000000000,0,0,0,1,0,0,0,0,0,0,0,998,0,0,0,6,6,2,12,0,0,0,1,5,71833,6,1,0,0,3,0,73,181,0,0,0,0,0,0,0,0,0,1,6,28,0,0,1,2,55,3,1,2,2,0,0,14,6,1,3,2,98,1,0
5,50149,1,2,1,2,5,10,38,12,2,1,0,5,1,21,401,21401,14,2001,1GHDT13W2122,1,G,H,D,T,1,3,W,2,1,2,2,0,P,OLDS,BRA,UT,1,17,4068,,0,1070,,G,,F,6,262,,,15R235,,,,,,0,0,000000000,00000000000,0,0,0,1,0,0,0,0,0,0,0,998,0,1,1,12,6,2,1,0,0,0,1,5,72529,6,1,0,0,3,0,70,140,0,0,0,0,0,0,0,0,0,0,28,0,0,0,1,5,55,1,2,2,1,0,0,98,9,99,2,2,50,1,0
5,50149,2,2,1,2,5,10,38,12,2,1,0,48,3,20,481,20481,31,2009,1GCHK49K89E1,1,G,C,H,K,4,9,K,8,9,E,1,0,T,CHEV,2KH,4C,9,17,,2,1575,1435,SIL,G,,,8,366,,,,C,5840,01,,44,0,0,000000000,00000000000,0,0,0,1,0,0,0,0,0,0,0,998,0,0,0,12,6,2,12,0,0,0,1,48,75494,6,1,6,0,3,0,73,280,1,0,0,0,0,6,2010,6,2010,0,0,0,0,0,1,5,55,1,2,2,1,0,0,1,62,7,1,1,51,0,0
5,50150,1,1,1,4,5,2,30,8,0,1,0,5,1,12,16,12016,4,1996,2FALP7460TX1,2,F,A,L,P,7,4,6,0,T,X,1,0,P,FORD,CVL,4D,96,17,3791,,0,1144,,G,,F,8,281,,,15R215,,,,,,0,0,000000000,00000000000,0,0,0,1,0,0,0,0,0,0,0,998,0,0,0,12,6,2,8,0,0,0,1,5,71602,6,1,0,0,3,0,71,165,0,0,0,0,0,0,0,0,0,0,0,0,0,0,1,4,45,1,1,1,1,0,0,1,80,1,1,1,13,0,0
5,50151,1,1,2,4,5,8,6,33,0,1,0,5,1,22,18,22018,2,1999,1G2NW12E3XM8,1,G,2,N,W,1,2,E,3,X,M,8,0,P,PONT,GAG,CP,99,17,3091,,0,1071,,G,,F,6,207,,,16R205,,,,,,0,0,000000000,00000000000,0,0,0,1,0,0,0,0,0,0,0,998,0,1,5,14,6,2,1,0,0,0,1,5,72542,6,1,0,0,3,0,60,140,0,0,0,0,0,0,0,0,0,9,58,0,0,0,1,5,55,1,1,2,1,0,0,1,12,99,2,5,6,1,0
5,50152,1,1,1,4,5,20,58,42,0,1,0,5,1,76,734,76734,90,2008,JY4AM14Y48C0,J,Y,4,A,M,1,4,Y,4,8,C,0,0,M,YAMA,AM0,AT,8,17,,,,,,,686,,1,,4,396,,,,,,,0,0,000000000,00000000000,0,0,0,1,0,0,0,0,0,0,0,998,0,1,5,12,6,2,42,0,0,0,1,5,72534,2,1,0,0,2,3,70,175,0,4,0,0,0,1,2011,9,2011,0,6,0,0,0,1,2,45,1,1,2,1,0,0,1,12,99,1,4,6,1,0
5,50153,1,1,2,5,5,3,9,42,0,1,0,5,2,12,471,12471,30,1991,1FTCR14X5MPA,1,F,T,C,R,1,4,X,5,M,P,A,0,T,FORD,RNS,PC,91,17,,1,0,1250,RNG,G,,,6,245,,,,B,2985,01,A,42,0,0,000000000,00000000000,0,0,0,1,0,0,0,0,0,0,0,998,0,0,0,12,6,2,42,0,0,0,1,5,72736,6,1,0,0,3,0,70,427,0,0,0,0,0,0,0,0,0,0,99,99,99,99,1,2,30,2,1,5,11,0,0,14,12,99,1,4,6,1,0
5,50154,1,1,1,5,5,2,16,8,0,1,1,5,1,19,14,19014,4,1996,1G6KY5292TU8,1,G,6,K,Y,5,2,9,2,T,U,8,0,P,CADI,STS,4D,96,17,3892,,0,1110,,G,,F,8,279,,,16R225,,,,,,0,0,000000000,00000000000,0,0,0,1,0,0,0,0,0,0,0,998,0,0,0,98,4,1,8,99,99,0,1,5,72204,6,1,0,0,3,0,70,160,0,0,0,0,0,0,0,0,0,0,99,99,99,99,3,3,60,1,1,1,1,0,0,1,80,99,2,1,13,0,0
5,50155,1,2,1,5,5,7,5,12,2,1,0,5,1,37,32,37032,4,2001,JHMCG56651C0,J,H,M,C,G,5,6,6,5,1,C,0,0,P,HOND,UEX,4D,1,17,3075,,0,1069,,G,,F,4,138,,,15R195,,,,,,0,0,000000000,00000000000,0,0,0,1,0,0,0,0,0,0,0,998,0,0,0,12,6,2,12,0,0,0,1,5,72209,6,1,0,0,3,3,63,260,0,0,0,0,0,0,0,0,0,0,28,0,0,0,1,2,55,1,1,2,1,0,0,1,10,1,1,2,50,1,0
5,50155,2,2,3,5,5,7,5,12,2,1,0,5,1,12,481,12481,31,1993,1FTEX15H3PKB,1,F,T,E,X,1,5,H,3,P,K,B,0,T,FORD,F15,PC,93,17,,2,1550,1390,COF,G,,,8,351,,,,B,4164,02,A,42,0,0,000000000,00000000000,0,0,0,1,0,0,0,0,0,0,0,998,0,0,0,12,6,2,12,0,0,0,1,5,72015,6,1,0,0,3,3,69,160,0,0,0,0,0,0,0,0,0,0,0,0,0,0,1,2,55,1,1,2,1,0,0,1,62,3,2,1,51,0,0
5,50156,1,1,2,5,5,13,16,8,0,1,0,5,1,14,17,14017,4,1998,1MEFM50U4WG6,1,M,E,F,M,5,0,U,4,W,G,6,0,P,MERC,SGL,4D,98,17,3299,,0,1085,,G,,F,6,182,,,15R205,,,,,,0,0,000000000,00000000000,0,0,0,1,0,0,0,0,0,0,0,998,0,0,0,1,4,8,8,0,0,0,1,5,72846,6,1,0,0,3,0,65,150,0,0,0,0,0,0,0,0,0,0,0,0,0,0,1,2,35,1,1,2,1,0,0,1,80,1,1,1,13,0,0
5,50157,1,2,3,5,5,23,40,12,6,1,0,5,1,20,482,20482,31,2007,3GNFK12367G2,3,G,N,F,K,1,2,3,6,7,G,2,0,T,CHEV,KAV,CW,7,17,,2,0,1300,AVL,F,,,8,323,,,,B,5664,00,,44,0,0,000000000,00000000000,0,0,0,1,0,0,0,0,0,0,0,998,0,1,1,1,6,2,12,0,0,0,1,5,72834,6,1,0,0,3,3,71,150,0,0,0,0,0,0,0,0,0,0,28,0,0,0,1,2,55,2,1,2,1,0,0,14,10,3,2,2,66,0,1
5,50157,2,2,2,5,5,23,40,12,6,1,0,5,2,20,23,20023,6,2006,3GNDA13D36S5,3,G,N,D,A,1,3,D,3,6,S,5,0,P,CHEV,HHR,SV,6,17,3155,,0,1035,,G,,F,4,134,,,16R215,,,,,,0,0,000000000,00000000000,0,0,0,1,0,0,0,0,0,0,0,998,0,1,5,1,6,2,1,0,0,0,1,5,71901,6,1,0,0,3,0,74,165,0,0,0,0,0,0,0,0,0,0,0,0,0,0,1,2,55,3,1,2,1,0,0,14,62,6,1,1,66,1,0
5,50158,1,1,2,6,5,2,30,8,0,1,0,5,1,12,23,12023,4,2010,3FAHP0JGXAR3,3,F,A,H,P,0,J,G,X,A,R,3,0,P,FORD,F/L,4D,10,17,3591,,0,1074,,F,,F,6,183,,,17R225,,,,,,0,0,000000000,00000000000,0,0,0,1,0,0,0,0,0,0,0,998,0,0,0,12,4,8,8,0,0,0,1,5,72501,6,1,0,0,3,0,71,161,0,0,0,0,0,0,0,0,0,0,0,0,0,0,1,2,55,1,1,2,1,0,0,1,80,2,1,1,13,0,0
5,50159,1,2,1,6,5,19,54,12,2,1,0,5,1,37,706,37706,80,1987,1HFSC1807HA2,1,H,F,S,C,1,8,0,7,H,A,2,0,M,HOND,VT1,RS,87,17,,,,,,,1100,,2,,4,540,,,,,,,0,0,000000000,00000000000,0,0,0,1,0,0,0,0,0,0,0,998,0,0,0,12,6,2,12,0,0,0,1,5,72904,6,1,0,0,3,3,68,172,0,0,0,0,0,0,0,0,0,0,0,0,0,0,1,4,98,1,1,2,1,0,0,1,66,1,1,1,69,1,0
5,50159,2,2,1,6,5,19,54,12,2,1,1,5,1,12,443,12443,20,2004,2FMZA57674BB,2,F,M,Z,A,5,7,6,7,4,B,B,0,P,FORD,FRE,SV,4,17,4275,,0,1208,,G,,F,6,238,,,16R235,,,,,,0,0,000000000,00000000000,0,0,0,1,0,0,0,0,0,0,0,998,0,0,0,12,6,2,12,0,0,0,1,5,72901,0,0,0,0,0,0,999,999,0,0,0,0,0,0,0,0,0,0,38,0,0,0,1,4,98,1,1,2,1,0,0,11,15,1,1,2,68,0,0
5,50160,1,2,1,12,5,10,47,12,6,1,0,5,1,21,20,21020,4,1997,1G3WH52M4VF3,1,G,3,W,H,5,2,M,4,V,F,3,0,P,OLDS,SUL,4D,97,17,3388,,0,1075,,G,,F,6,191,,,16R215,,,,,,0,0,000000000,00000000000,0,0,0,1,0,0,0,0,0,0,0,998,0,0,0,82,6,2,12,0,0,0,1,5,71913,6,1,0,0,3,0,59,108,0,0,0,0,0,0,0,0,0,0,99,99,99,99,1,2,55,1,2,2,2,0,0,99,10,1,4,2,66,1,0
5,50160,2,2,2,12,5,10,47,12,6,1,0,5,1,20,481,20481,31,2007,2GCEK13CX715,2,G,C,E,K,1,3,C,X,7,1,5,0,T,CHEV,1KW,CW,7,17,,2,0,1435,SIL,G,,,8,293,,,,B,5371,00,,44,0,0,000000000,00000000000,0,0,0,1,0,0,0,0,0,0,0,998,0,0,0,12,6,2,12,0,0,0,1,5,71923,6,1,0,0,3,3,70,185,0,0,0,0,0,0,0,0,0,0,0,0,0,0,1,2,55,1,2,2,2,0,0,1,62,1,1,1,66,0,0
5,50161,1,1,1,12,5,11,57,58,0,1,0,5,2,73,705,73705,80,2006,JKBZXJC186A0,J,K,B,Z,X,J,C,1,8,6,A,0,0,M,KAWK,X63,RC,6,17,,,,,,,636,,4,,4,362,,,,,,,0,0,000000000,00000000000,0,0,0,1,0,0,0,0,0,0,0,998,0,0,0,98,6,2,5,0,0,0,1,5,72949,6,1,0,0,3,0,69,200,0,0,0,0,0,0,0,0,0,0,6,0,0,0,1,2,55,3,2,2,1,0,0,14,13,4,2,4,98,1,0
5,50162,1,1,1,12,5,22,56,35,0,1,0,5,1,20,403,20403,14,2004,1GNDT13S6422,1,G,N,D,T,1,3,S,6,4,2,2,0,P,CHEV,TRL,UT,4,17,4612,,0,1130,,G,,F,6,256,,,16R245,,,,,,0,0,000000000,00000000000,0,0,0,1,0,0,0,0,0,0,0,998,0,0,0,12,6,2,35,0,0,0,1,5,72476,6,1,0,0,3,3,67,190,0,2,0,1,0,6,2010,12,2011,0,99,99,99,99,1,2,40,3,2,2,1,0,0,14,13,1,1,4,1,1,0
5,50163,1,3,2,14,5,17,40,12,2,1,0,5,1,23,481,23481,31,1997,2GTEC19R0V15,2,G,T,E,C,1,9,R,0,V,1,5,1,T,GMC,SC1,PC,97,17,,2,1555,1415,SIE,G,,,8,350,,,,B,00000,00,E,42,1,0,000000000,00000000000,0,0,0,1,0,0,0,0,0,0,0,998,0,0,0,12,6,2,12,0,0,0,1,5,72364,6,1,6,0,3,0,68,180,0,0,0,0,0,0,0,0,0,0,48,0,0,0,1,4,55,1,1,2,1,0,0,11,15,1,1,2,68,0,0
5,50163,2,3,2,14,5,17,40,12,2,1,0,5,1,76,706,76706,80,2001,JYAVP02E11A0,J,Y,A,V,P,0,2,E,1,1,A,0,0,M,YAMA,XAL,RS,1,17,,,,,,,1602,,2,,4,677,,,,,,,0,0,000000000,00000000000,0,0,0,1,0,0,0,0,0,0,0,998,0,0,0,12,6,2,12,0,0,0,1,5,72396,6,1,0,0,3,0,71,240,0,0,0,0,0,0,0,0,0,0,0,0,0,0,1,4,55,1,1,2,1,0,0,1,66,1,1,1,69,2,0