STATE,ST_CASE,VEH_NO,VE_FORMS,NUMOCCS,DAY,MONTH,HOUR,MINUTE,HARM_EV,MAN_COLL,UNITTYPE,HIT_RUN,REG_STAT,OWNER,MAKE,MODEL,MAK_MOD,BODY_TYP,MOD_YEAR,VIN,VIN_1,VIN_2,VIN_3,VIN_4,VIN_5,VIN_6,VIN_7,VIN_8,VIN_9,VIN_10,VIN_11,VIN_12,TOW_VEH,VINTYPE,VINMAKE,VINA_MOD,VIN_BT,VINMODYR,VIN_LNGT,VIN_WGT,WGTCD_TR,WHLBS_LG,WHLBS_SH,SER_TR,FUELCODE,MCYCL_DS,CARBUR,CYLINDER,DISPLACE,MCYCL_CY,MCYCL_WT,TIRE_SZE,TON_RAT,TRK_WT,TRKWTVAR,VIN_REST,WHLDRWHL,J_KNIFE,MCARR_I1,MCARR_I2,MCARR_ID,GVWR,V_CONFIG,CARGO_BT,HAZ_INV,HAZ_PLAC,HAZ_ID,HAZ_CNO,HAZ_REL,BUS_USE,SPEC_USE,EMER_USE,TRAV_SP,UNDERIDE,ROLLOVER,ROLINLOC,IMPACT1,DEFORMED,TOWED,M_HARM,VEH_SC1,VEH_SC2,FIRE_EXP,DR_PRES,L_STATE,DR_ZIP,L_STATUS,L_TYPE,CDL_STAT,L_ENDORS,L_COMPL,L_RESTRI,DR_HGT,DR_WGT,PREV_ACC,PREV_SUS,PREV_DWI,PREV_SPD,PREV_OTH,FIRST_MO,FIRST_YR,LAST_MO,LAST_YR,SPEEDREL,DR_SF1,DR_SF2,DR_SF3,DR_SF4,VTRAFWAY,VNUM_LAN,VSPD_LIM,VALIGN,VPROFILE,VPAVETYP,VSURCOND,VTRAFCON,VTCONT_F,P_CRASH1,P_CRASH2,P_CRASH3,PCRASH4,PCRASH5,ACC_TYPE,DEATHS,DR_DRINK
5,50163,3,3,1,14,5,17,40,12,2,1,0,5,1,37,706,37706,80,2001,1HFSC43091A1,1,H,F,S,C,4,3,0,9,1,A,1,0,M,HOND,VT2,RS,1,17,,,,,,,1099,,2,,4,573,,,,,,,0,0,000000000,00000000000,0,0,0,1,0,0,0,0,0,0,0,998,0,0,0,1,4,8,12,0,0,0,1,5,72396,6,1,0,0,3,0,70,290,0,0,0,0,0,0,0,0,0,0,0,0,0,0,1,4,55,1,1,2,1,0,0,1,66,6,1,2,98,0,0
5,50164,1,1,2,15,5,19,50,34,0,1,0,5,1,20,22,20022,4,2006,1G1AL55F4678,1,G,1,A,L,5,5,F,4,6,7,8,0,P,CHEV,BLT,4D,6,17,3216,,0,1033,,G,,F,4,134,,,15R195,,,,,,0,0,000000000,00000000000,0,0,0,1,0,0,0,0,0,0,0,998,0,0,0,12,6,2,34,0,0,0,1,5,72206,6,1,0,0,3,0,62,185,1,2,0,0,1,3,2011,11,2011,0,99,99,99,99,1,4,40,1,1,2,1,0,0,1,11,6,1,4,1,1,0
5,50165,1,3,2,16,5,11,35,12,6,1,0,5,1,12,13,12013,4,1999,1FAFP13P7XW1,1,F,A,F,P,1,3,P,7,X,W,1,0,P,FORD,ESE,4D,99,17,2468,,0,984,,G,,F,4,122,,,14R185,,,,,,0,0,000000000,00000000000,0,0,0,1,0,0,0,0,0,0,0,998,0,0,0,3,6,2,12,0,0,0,1,5,71854,6,1,0,0,3,3,65,150,0,0,0,0,0,0,0,0,0,0,0,0,0,0,1,2,30,1,1,2,1,0,0,1,66,1,1,2,87,1,0
5,50165,2,3,1,16,5,11,35,12,6,1,0,48,1,20,401,20401,14,2002,1GNDS13S5221,1,G,N,D,S,1,3,S,5,2,2,1,0,P,CHEV,TRL,UT,2,17,4442,,0,1130,,G,,F,6,256,,,16R245,,,,,,0,0,000000000,00000000000,0,0,0,1,0,0,0,0,0,0,0,998,0,0,0,12,6,2,12,0,0,0,1,48,75501,6,1,0,0,3,3,68,120,0,0,0,0,0,0,0,0,0,0,0,0,0,0,1,2,30,1,1,2,1,0,0,1,17,1,1,1,86,0,0
5,50165,3,3,1,16,5,11,35,12,6,1,0,5,1,12,481,12481,31,1997,1FTDX1764VKA,1,F,T,D,X,1,7,6,4,V,K,A,0,T,FORD,F15,3C,97,17,,1,1570,1390,COF,G,,,8,281,,,,B,4045,03,E,42,0,0,000000000,00000000000,0,0,0,1,0,0,0,0,0,0,0,998,0,0,0,12,4,8,12,0,0,0,1,5,71854,6,1,0,0,3,0,69,171,0,0,0,0,0,0,0,0,0,0,0,0,0,0,1,2,30,1,1,2,1,0,0,1,54,2,1,1,98,0,0
5,50166,1,2,2,16,5,12,10,12,2,1,0,22,2,13,12,13012,4,2004,1LNHM86S64Y6,1,L,N,H,M,8,6,S,6,4,Y,6,0,P,LINC,LLS,4D,4,17,3720,,0,1145,,G,,F,6,182,,,16R225,,,,,,0,0,000000000,00000000000,0,0,0,1,0,0,0,0,0,0,0,998,0,0,0,12,6,2,12,0,0,0,1,22,70118,6,1,0,0,3,0,71,200,0,0,0,0,0,0,0,0,0,0,6,0,0,0,1,3,55,1,1,2,1,0,0,1,10,1,1,2,50,1,0
5,50166,2,2,1,16,5,12,10,12,2,1,0,5,2,84,884,84884,66,1999,2HSFMAER7XC0,2,H,S,F,M,A,E,R,7,X,C,0,1,T,INTL,920,TR,99,17,,8,2340,1600,920,D,,,6,855,,,,,00000,00,,64,3,57,2193295,572193295,3,6,1,1,0,0,0,0,0,0,0,998,0,0,0,12,6,2,12,0,0,0,1,5,72335,6,1,6,0,3,0,70,260,0,0,0,2,1,5,2011,5,2012,0,0,0,0,0,1,3,55,1,1,2,1,0,0,1,62,1,1,1,51,0,0
5,50167,1,2,1,16,5,12,17,33,0,1,0,5,2,6,43,6043,4,2002,1C3EL46R62N1,1,C,3,E,L,4,6,R,6,2,N,1,0,P,CHRY,SLX,4D,2,17,3118,,0,1080,,G,,F,6,167,,,15R205,,,,,,0,0,000000000,00000000000,0,0,0,1,0,0,0,0,0,0,0,998,0,0,0,14,6,2,12,0,0,0,1,5,71647,1,1,0,0,2,3,72,195,0,0,0,0,0,0,0,0,0,1,6,37,0,0,1,5,45,2,1,2,1,0,0,14,6,1,3,4,1,1,0
5,50167,2,2,1,16,5,12,17,33,0,1,0,5,2,23,402,23402,14,2011,2CTFLUE56B63,2,C,T,F,L,U,E,5,6,B,6,3,0,T,GMC,TET,4W,11,17,,1,0,1125,TER,G,,,6,183,,,,,3867,00,S,42,0,0,000000000,00000000000,0,0,0,1,0,0,0,0,0,0,0,998,0,0,0,12,6,2,12,0,0,0,1,5,71656,6,1,0,0,3,3,70,185,0,0,0,1,0,8,2011,8,2011,0,0,0,0,0,1,5,45,1,1,2,1,0,0,1,62,3,1,1,98,0,0
5,50168,1,1,1,16,5,13,45,1,0,1,0,5,1,20,481,20481,31,1998,2GCEC19R9W11,2,G,C,E,C,1,9,R,9,W,1,1,0,T,CHEV,GC1,PC,98,17,,2,1555,1415,GM4,G,,,8,350,,,,B,4145,03,,42,0,0,000000000,00000000000,0,0,0,1,0,0,0,0,0,0,0,998,0,1,3,0,6,2,1,0,0,0,1,5,72118,6,1,0,0,3,0,72,250,0,0,0,0,0,0,0,0,0,0,6,58,0,0,2,2,70,2,1,1,1,0,0,2,9,9,4,4,6,1,0
5,50169,1,3,1,16,5,17,20,12,6,1,0,5,1,7,403,7403,14,2011,1D4PT2GKXBW5,1,D,4,P,T,2,G,K,X,B,W,5,0,P,DODG,NIT,UT,11,17,3932,,0,1088,,G,,F,6,225,,,16R225,,,,,,0,0,000000000,00000000000,0,0,0,1,0,0,0,0,0,0,0,998,0,0,0,12,6,2,12,0,0,0,1,5,72364,6,1,0,0,3,3,67,255,0,0,0,1,0,5,2012,5,2012,1,39,0,0,0,1,4,45,1,1,2,1,3,3,1,17,1,1,2,88,0,0
5,50169,2,3,2,16,5,17,20,12,6,1,0,5,1,12,471,12471,30,2006,1FTYR14U06PA,1,F,T,Y,R,1,4,U,0,6,P,A,0,T,FORD,RNS,PC,6,17,,1,0,1260,RNG,G,,,6,183,,,,B,3179,00,U,42,0,0,000000000,00000000000,0,0,0,1,0,0,0,0,0,0,0,998,0,0,0,11,6,2,12,0,0,0,1,5,72301,6,1,0,0,3,0,66,165,0,0,0,0,0,0,0,0,0,0,0,0,0,0,1,4,45,1,1,2,1,3,3,1,66,1,1,1,89,1,0
5,50169,3,3,1,16,5,17,20,12,6,1,0,5,1,20,431,20431,16,2001,1GNEC16T01J2,1,G,N,E,C,1,6,T,0,1,J,2,0,P,CHEV,C15,UT,1,17,4914,,0,1300,,G,,F,8,325,,,16R245,,,,,,0,0,000000000,00000000000,0,0,0,1,0,0,0,0,0,0,0,0,0,0,0,12,4,8,12,0,0,0,1,5,72376,6,1,0,0,3,0,70,210,0,0,0,0,0,0,0,0,0,0,0,0,0,0,1,4,45,1,1,2,1,3,3,5,54,1,1,1,98,0,0
5,50170,1,2,1,17,5,16,2,12,8,1,0,5,1,48,34,48034,6,1994,4S3BJ6332R69,4,S,3,B,J,6,3,3,2,R,6,9,0,P,SUBA,ULA,SW,94,17,3130,,0,1016,,G,,F,4,135,,,14R185,,,,,,0,0,000000000,00000000000,0,0,0,1,0,0,0,0,0,0,0,998,0,0,0,11,6,2,42,0,0,0,1,5,72521,6,1,6,0,3,0,79,185,0,0,0,0,1,9,2011,9,2011,0,6,37,0,0,1,2,45,2,1,2,1,0,0,14,10,1,1,2,64,1,1
5,50170,2,2,1,17,5,16,2,12,8,1,0,5,1,22,2,22002,4,1998,1G2HZ52K1WH2,1,G,2,H,Z,5,2,K,1,W,H,2,0,P,PONT,BSE,4D,98,17,3570,,0,1108,,G,,F,6,231,,,16R225,,,,,,0,0,000000000,00000000000,0,0,0,1,0,0,0,0,0,0,0,998,0,0,0,9,6,8,12,0,0,0,1,5,72521,6,1,0,0,3,0,63,120,0,0,0,0,0,0,0,0,0,0,0,0,0,0,1,2,45,3,1,2,1,0,0,14,62,1,1,1,65,0,0
5,50171,1,1,1,17,5,19,41,1,0,1,0,5,1,12,481,12481,31,1999,2FTRX08L1XCA,2,F,T,R,X,0,8,L,1,X,C,A,0,T,FORD,F15,4C,99,17,,2,0,1388,COF,G,,,8,330,,,,B,4638,00,U,44,0,0,000000000,00000000000,0,0,0,1,0,0,0,0,0,0,0,998,0,1,5,0,6,2,1,0,0,0,1,5,72416,6,1,6,0,3,0,68,145,0,0,0,0,0,0,0,0,0,0,6,58,0,0,2,2,65,1,6,1,1,0,0,1,8,7,4,4,6,1,1
5,50172,1,1,2,18,5,2,20,52,0,1,0,5,2,20,2,20002,4,1987,1G1BU51H8HX1,1,G,1,B,U,5,1,H,8,H,X,1,0,P,CHEV,CCB,4D,87,17,3576,,0,1160,,G,,4,8,305,,,15R205,,,,,,0,0,000000000,00000000000,0,0,0,1,0,0,0,0,0,0,0,998,0,1,5,12,6,2,1,0,0,0,1,5,72209,6,1,6,0,3,0,68,225,0,0,0,0,0,0,0,0,0,0,6,0,0,0,3,3,60,2,2,1,1,0,0,14,12,1,1,4,6,1,1
5,50173,1,1,1,18,5,12,0,18,0,1,0,5,2,12,17,12017,4,2004,1FAFP55S94A1,1,F,A,F,P,5,5,S,9,4,A,1,0,P,FORD,TSS,4D,4,17,3306,,0,1085,,G,,F,6,182,,,16R215,,,,,,0,0,000000000,00000000000,0,0,0,1,0,0,0,0,0,0,0,998,0,1,5,11,6,2,1,0,0,0,1,5,72209,6,1,0,0,3,0,62,165,0,0,0,0,0,0,0,0,0,0,6,0,0,0,2,3,55,1,1,1,1,0,0,17,8,1,2,4,1,1,0
5,50174,1,1,6,18,5,17,30,8,0,1,0,5,1,20,404,20404,14,2005,2CNDL63F9561,2,C,N,D,L,6,3,F,9,5,6,1,0,P,CHEV,EQU,UT,5,17,3660,,0,1125,,G,,F,6,208,,,16R235,,,,,,0,0,000000000,00000000000,0,0,0,1,0,0,0,0,0,0,0,998,0,0,0,12,6,2,8,0,0,0,1,5,72401,1,1,0,0,2,0,66,191,0,0,0,0,0,0,0,0,0,0,0,0,0,0,3,2,70,3,1,2,1,0,0,14,81,7,1,1,13,0,0
5,50175,1,2,1,18,5,17,31,12,6,1,0,5,2,84,884,84884,78,1971,999999999999,9,9,9,9,9,9,9,9,9,9,9,9,0,,,,,,,,,,,,,,,,,,,,,,,,,0,88,888888888,88888888888,9,19,98,1,0,0,0,0,0,0,0,998,0,0,0,7,6,8,12,0,0,0,1,5,72006,1,1,0,0,2,3,67,180,0,0,0,0,0,0,0,0,0,0,6,0,0,0,1,2,55,1,1,2,1,0,0,11,15,1,1,2,72,0,0
5,50175,2,2,2,18,5,17,31,12,6,1,0,5,1,73,706,73706,80,2005,JKBVNMA135A0,J,K,B,V,N,M,A,1,3,5,A,0,0,M,KAWK,VNM,RS,5,17,,,,,,,2053,,2,,4,750,,,,,,,0,0,000000000,00000000000,0,0,0,1,0,0,0,0,0,0,0,998,0,0,0,12,6,2,12,0,0,0,1,5,72335,6,1,6,0,3,3,73,220,0,0,0,0,1,10,2011,10,2011,0,0,0,0,0,1,2,55,1,1,2,1,0,0,6,10,3,2,2,73,1,0
5,50176,1,1,1,18,5,17,33,35,0,1,0,5,2,20,20,20020,4,1999,2G1WN52K6X91,2,G,1,W,N,5,2,K,6,X,9,1,0,P,CHEV,L/Z,4D,99,17,3372,,0,1075,,G,,F,6,231,,,16R225,,,,,,0,0,000000000,00000000000,0,0,0,1,0,0,0,0,0,0,0,998,0,1,6,12,6,2,1,0,0,0,1,5,72834,0,0,0,0,0,0,71,265,0,0,0,0,0,0,0,0,0,1,6,0,0,0,1,3,55,2,1,2,1,0,0,14,6,99,3,4,2,1,1
5,50177,1,1,1,18,5,22,15,1,0,1,0,5,2,53,706,53706,80,2004,JS1GW71A3421,J,S,1,G,W,7,1,A,3,4,2,1,0,M,SUZI,GXR,RC,4,17,,,,,,,1298,,4,,4,478,,,,,,,0,0,000000000,00000000000,0,0,0,1,0,0,0,0,0,0,0,998,0,0,0,0,6,2,1,0,0,0,1,5,72064,1,1,0,0,2,0,76,210,0,0,0,0,0,0,0,0,0,0,6,37,0,0,1,2,55,2,1,2,1,0,0,14,12,1,1,4,6,1,1
5,50178,1,1,1,19,5,10,41,42,0,1,0,20,1,77,706,77706,80,2009,5VPSD36D6930,5,V,P,S,D,3,6,D,6,9,3,0,0,M,VCTY,VST,RS,9,17,,,,,,,1731,,2,,4,849,,,,,,,0,0,000000000,00000000000,0,0,0,1,0,0,0,0,0,0,0,998,0,0,0,12,6,2,42,0,0,0,1,20,66061,6,1,6,0,3,3,75,270,0,0,0,3,0,1,2010,3,2012,1,6,0,0,0,1,2,55,2,2,2,1,40,3,14,12,1,1,4,6,1,0
5,50179,1,1,1,19,5,11,27,1,0,1,0,5,1,12,441,12441,20,1987,1FDDA14U3HZB,1,F,D,D,A,1,4,U,3,H,Z,B,0,T,FORD,ARO,CG,87,17,,1,0,1190,ARO,G,,,6,182,,,,,2864,01,A,42,0,0,000000000,00000000000,0,0,0,1,0,0,0,0,0,0,0,998,0,1,2,0,6,2,1,0,0,0,1,5,72543,6,1,0,0,3,3,72,185,0,0,0,0,0,0,0,0,0,0,0,0,0,0,2,2,70,1,1,2,1,0,0,1,1,1,4,4,7,1,1
5,50180,1,1,2,19,5,21,25,1,0,1,0,92,0,76,734,76734,90,2008,5Y4AJ32Y98A0,5,Y,4,A,J,3,2,Y,9,8,A,0,0,M,YAMA,R45,AT,8,17,,,,,,,421,,1,,4,1031,,,,,,,0,0,000000000,00000000000,0,0,0,1,0,0,0,0,0,0,0,998,0,2,6,0,4,3,1,0,0,0,1,5,71635,6,1,0,0,3,0,70,195,0,0,0,0,0,0,0,0,0,0,6,0,0,0,1,2,98,1,1,4,8,0,0,1,13,99,1,4,1,1,1
5,50181,1,1,1,19,5,99,99,42,0,1,0,5,2,12,481,12481,31,1998,1FTZX17W2WKC,1,F,T,Z,X,1,7,W,2,W,K,C,0,T,FORD,F15,3C,98,17,,1,1570,1390,COF,G,,,8,281,,,,B,4067,02,E,42,0,0,000000000,00000000000,0,0,0,1,0,0,0,0,0,0,0,998,0,1,6,12,6,2,1,0,0,0,1,5,71603,6,1,6,0,3,0,72,220,0,0,0,0,0,0,0,0,0,9,99,99,99,99,1,2,35,3,1,4,1,0,0,14,12,99,1,4,6,1,1
5,50182,1,1,1,20,5,1,39,42,0,1,0,5,1,20,20,20020,4,1998,2G1WL52M3W11,2,G,1,W,L,5,2,M,3,W,1,1,0,P,CHEV,L/S,4D,98,17,3330,,0,1075,,G,,F,6,191,,,15R205,,,,,,0,0,000000000,00000000000,0,0,0,1,0,0,0,0,0,0,0,998,0,0,0,9,6,2,42,0,0,0,1,5,71753,3,1,0,0,2,0,68,190,0,2,0,2,1,5,2010,9,2011,1,6,0,0,0,1,2,55,3,2,2,1,0,0,14,13,1,3,4,2,1,1
5,50183,1,2,2,20,5,13,42,12,2,1,0,5,1,54,31,54031,3,1999,JH4DC2390XS0,J,H,4,D,C,2,3,9,0,X,S,0,0,P,ACUR,GSR,2H,99,17,2672,,0,1012,,G,,F,4,110,,,15R195,,,,,,0,0,000000000,00000000000,0,0,0,1,0,0,0,0,0,0,0,998,0,0,0,12,6,2,12,0,0,0,1,5,72173,6,1,0,0,3,0,67,148,0,0,0,0,0,0,0,0,0,0,34,28,0,0,1,3,55,1,2,2,1,0,0,6,10,6,1,2,50,1,1
5,50183,2,2,1,20,5,13,42,12,2,1,0,29,1,37,31,37031,4,2006,1HGFA16896L0,1,H,G,F,A,1,6,8,9,6,L,0,0,P,HOND,UAX,4D,6,17,2804,,0,1063,,G,,F,4,110,,,16R205,,,,,,0,0,000000000,00000000000,0,0,0,1,0,0,0,0,0,0,0,998,0,0,0,12,6,2,12,0,0,0,1,29,65804,6,1,0,0,3,3,70,135,0,0,0,0,0,0,0,0,0,0,0,0,0,0,1,3,55,1,2,2,1,0,0,1,62,7,1,2,51,0,0
5,50184,1,1,1,21,5,0,16,42,0,1,0,5,1,12,473,12473,30,2002,1FMZU62K12UD,1,F,M,Z,U,6,2,K,1,2,U,D,0,P,FORD,EPR,UT,2,17,4094,,0,1137,,F,,F,6,245,,,16R235,,,,,,0,0,000000000,00000000000,0,0,0,1,0,0,0,0,0,0,0,998,0,0,0,12,6,2,42,0,0,0,1,5,72824,6,1,0,0,3,0,72,216,0,0,0,0,1,6,2011,6,2011,0,6,0,0,0,1,2,55,3,1,2,1,0,0,14,13,1,1,4,1,1,0
5,50185,1,4,1,23,5,14,23,12,2,1,0,22,2,6,51,6051,4,2007,2C3KA63HX7H8,2,C,3,K,A,6,3,H,X,7,H,8,0,P,CHRY,30C,4D,7,17,3998,,0,1200,,G,,F,8,348,,,18R225,,,,,,0,0,000000000,00000000000,0,0,0,1,0,0,0,0,0,0,0,998,0,0,0,12,6,2,12,0,0,0,1,22,70601,0,0,0,0,0,0,72,160,0,0,0,0,0,0,0,0,0,0,99,99,99,99,1,4,35,1,1,2,1,23,3,1,10,1,1,2,50,0,1
5,50185,2,4,2,23,5,14,23,12,2,1,0,5,1,18,2,18002,2,2002,1G4HP54K7241,1,G,4,H,P,5,4,K,7,2,4,1,0,P,BUIC,LCF,4D,2,17,3567,,0,1122,,G,,F,6,231,,,15R215,,,,,,0,0,000000000,00000000000,0,0,0,1,0,0,0,0,0,0,0,998,0,0,0,12,6,2,12,0,0,0,1,5,72223,6,1,0,0,3,3,75,225,0,0,0,0,0,0,0,0,0,0,0,0,0,0,1,4,35,1,1,2,1,23,3,1,62,1,1,1,51,0,0
5,50185,3,4,2,23,5,14,23,12,2,1,0,5,3,37,402,37402,14,2005,JHLRD78565C0,J,H,L,R,D,7,8,5,6,5,C,0,0,P,HOND,CRV,UT,5,17,3428,,0,1033,,G,,F,4,146,,,15R205,,,,,,0,0,000000000,00000000000,0,0,0,1,0,0,0,0,0,0,0,998,0,0,0,5,6,2,12,0,0,0,1,5,72001,1,1,0,0,2,0,999,999,0,0,0,0,0,0,0,0,0,0,0,0,0,0,1,4,35,1,1,2,1,23,3,1,10,6,1,2,98,1,0
5,50185,4,4,1,23,5,14,23,12,2,1,0,5,1,23,481,23481,31,2009,3GTEC33J09G2,3,G,T,E,C,3,3,J,0,9,G,2,0,T,GMC,2NC,CW,9,17,,2,0,1435,SIE,G,,,8,323,,,,B,5227,00,4,42,0,0,000000000,00000000000,0,0,0,1,0,0,0,0,0,0,0,998,0,0,0,98,6,2,12,0,0,0,1,5,72120,6,1,0,0,3,0,71,220,0,0,0,0,0,0,0,0,0,0,0,0,0,0,1,4,35,1,1,2,1,23,3,1,10,6,1,2,98,0,0
5,50186,1,1,1,24,5,6,7,5,0,1,0,5,1,76,705,76705,80,2012,JYARJ16EXCA0,J,Y,A,R,J,1,6,E,X,C,A,0,0,M,YAMA,R6L,RC,12,17,,,,,,,599,,4,,4,417,,,,,,,0,0,000000000,00000000000,0,0,0,1,0,0,0,0,0,0,0,998,0,0,0,0,6,2,5,0,0,0,1,5,71943,6,1,0,0,3,3,63,120,0,0,0,3,0,8,2010,12,2011,1,6,0,0,0,1,2,55,3,2,2,1,0,0,14,13,1,1,4,0,1,0
5,50187,1,1,1,24,5,14,35,35,0,1,0,5,1,76,705,76705,80,2011,JYAVM01E5BA1,J,Y,A,V,M,0,1,E,5,B,A,1,0,M,YAMA,VS6,RS,11,17,,,,,,,649,,2,,4,474,,,,,,,0,0,000000000,00000000000,0,0,0,1,0,0,0,0,0,0,0,998,0,0,0,12,6,2,35,0,0,0,1,5,71913,6,1,0,0,3,0,70,185,0,0,0,0,0,0,0,0,0,1,0,0,0,0,1,2,55,3,1,2,1,0,0,14,6,1,1,4,1,1,1
5,50188,1,1,3,25,5,1,10,8,0,1,0,5,2,12,37,12037,4,2010,1FAHP3EN7AW1,1,F,A,H,P,3,E,N,7,A,W,1,0,P,FORD,FKS,4D,10,17,2623,,0,1029,,G,,F,4,122,,,15R195,,,,,,0,0,000000000,00000000000,0,0,0,1,0,0,0,0,0,0,0,998,0,0,0,12,6,2,8,0,0,0,1,5,72955,6,1,0,0,3,3,67,160,1,0,0,0,0,12,2011,12,2011,0,0,0,0,0,1,2,55,1,6,2,1,0,0,1,80,1,1,1,13,0,0
5,50189,1,2,2,25,5,20,59,12,2,1,0,40,2,7,472,7472,30,2002,1B7HL48NX2S5,1,B,7,H,L,4,8,N,X,2,S,5,0,T,DODG,DQS,CW,2,17,,2,0,1309,DAK,G,,,8,287,,,,B,4117,01,E,42,0,0,000000000,00000000000,0,0,0,1,0,0,0,0,0,0,0,998,0,0,0,12,6,2,12,0,0,0,1,40,74330,6,1,0,0,3,0,61,130,0,0,0,0,0,0,0,0,0,0,38,0,0,0,1,3,35,1,2,2,1,0,0,11,15,99,1,2,68,1,0
5,50189,2,2,1,25,5,20,59,12,2,1,0,5,2,20,37,20037,4,1998,1G1NE52M8W61,1,G,1,N,E,5,2,M,8,W,6,1,0,P,CHEV,M/L,4D,98,17,3100,,0,1070,,G,,F,6,191,,,15R215,,,,,,0,0,000000000,00000000000,0,0,0,1,0,0,0,0,0,0,0,998,0,0,0,12,6,2,12,0,0,0,1,5,72830,6,2,0,0,3,0,70,240,0,0,0,0,0,0,0,0,0,0,0,0,0,0,1,3,35,1,2,2,1,0,0,1,62,99,1,1,69,0,0
5,50190,1,3,1,26,5,16,5,12,1,1,0,40,1,72,706,72706,80,2006,1HD1KBW186Y7,1,H,D,1,K,B,W,1,8,6,Y,7,0,M,HD,FHI,RS,6,17,,,,,,,1450,,2,,4,745,,,,,,,0,0,000000000,00000000000,0,0,0,1,0,0,0,0,0,0,0,998,0,0,0,12,4,3,12,0,0,0,1,40,74055,6,1,0,0,3,0,72,165,0,0,0,0,0,0,0,0,0,0,6,0,0,0,1,2,55,1,2,2,1,0,0,1,51,3,2,1,24,1,0
5,50190,2,3,1,26,5,16,5,12,1,1,0,40,1,72,706,72706,80,2009,1HD1FMM159Y6,1,H,D,1,F,M,M,1,5,9,Y,6,0,M,HD,TPI,RS,9,17,,,,,,,1690,,2,,4,831,,,,,,,0,0,000000000,00000000000,0,0,0,1,0,0,0,0,0,0,0,998,0,0,0,6,4,3,12,0,0,0,1,40,74366,6,1,0,0,3,0,71,270,0,0,0,0,0,0,0,0,0,0,0,0,0,0,1,2,55,1,2,2,1,0,0,11,15,1,1,1,26,0,0
5,50190,3,3,1,26,5,16,5,12,1,1,0,5,1,20,481,20481,31,2009,1GCEK29089Z2,1,G,C,E,K,2,9,0,8,9,Z,2,0,T,CHEV,2SK,4C,9,17,,2,1575,1339,SIL,F,,,8,323,,,,B,5263,02,,44,0,0,000000000,00000000000,0,0,0,1,0,0,0,0,0,0,0,998,0,0,0,12,4,1,12,0,0,0,1,5,72616,6,1,0,0,3,3,76,165,0,0,0,0,0,0,0,0,0,0,0,0,0,0,1,2,55,1,2,2,1,0,0,1,62,2,1,1,98,0,0
5,50191,1,1,1,26,5,19,47,5,0,1,0,5,1,53,734,53734,90,2007,5SAAL42A1771,5,S,A,A,L,4,2,A,1,7,7,1,0,M,SUZI,LTX,AT,7,17,,,,,,,454,,1,,4,606,,,,,,,0,0,000000000,00000000000,0,0,0,1,0,0,0,0,0,0,0,998,0,0,0,0,0,1,5,0,0,0,1,5,72058,6,1,0,0,3,3,73,225,0,0,0,1,0,8,2010,8,2010,1,0,0,0,0,9,2,40,1,1,2,1,0,0,99,98,99,9,9,0,1,0
5,50192,1,1,3,27,5,13,5,34,0,1,0,5,2,49,402,49402,14,1999,JT3GP10V9X70,J,T,3,G,P,1,0,V,9,X,7,0,0,P,TOYT,RV4,UT,99,17,2585,,0,949,,G,,F,4,122,,,16R215,,,,,,0,0,000000000,00000000000,0,0,0,1,0,0,0,0,0,0,0,998,0,1,5,12,6,2,1,0,0,0,1,5,71744,6,1,0,0,3,0,65,153,0,0,0,0,0,0,0,0,0,0,6,0,0,0,1,2,55,3,1,2,1,40,3,14,13,1,1,4,1,1,0
5,50193,1,1,1,27,5,20,37,52,0,1,0,5,1,72,706,72706,80,2007,1HD4CP2157K4,1,H,D,4,C,P,2,1,5,7,K,4,0,M,HD,L8C,RS,7,17,,,,,,,883,,2,,4,565,,,,,,,0,0,000000000,00000000000,0,0,0,1,0,0,0,0,0,0,0,998,0,0,0,12,4,3,52,0,0,0,1,5,72722,3,1,0,0,2,0,66,150,0,0,0,0,0,0,0,0,0,0,6,0,0,0,1,2,55,3,1,2,1,0,0,14,13,99,1,4,1,1,1
5,50194,1,1,2,27,5,23,17,5,0,1,0,5,1,37,705,37705,80,2003,JH2RC44673M7,J,H,2,R,C,4,4,6,7,3,M,7,0,M,HOND,VCC,RS,3,17,,,,,,,745,,2,,4,505,,,,,,,0,0,000000000,00000000000,0,0,0,1,0,0,0,0,0,0,0,998,0,0,0,0,6,2,5,0,0,0,1,5,72712,6,1,0,0,3,0,69,265,0,5,1,0,0,5,2010,9,2010,9,99,99,99,99,1,2,55,2,1,2,1,0,0,14,98,3,1,2,0,1,1
5,50195,1,1,1,28,5,14,48,10,0,1,0,5,2,12,401,12401,14,1998,1FMZU24E9WUB,1,F,M,Z,U,2,4,E,9,W,U,B,0,P,FORD,EPR,UT,98,17,3919,,0,1017,,G,,F,6,245,,,15R225,,,,,,0,0,000000000,00000000000,0,0,0,1,0,0,0,0,0,0,0,998,0,0,0,12,6,2,10,0,0,0,1,5,72823,1,1,0,0,2,3,59,105,0,0,1,0,0,1,2012,1,2012,0,38,0,0,0,1,2,98,1,5,2,1,65,3,1,17,99,1,1,15,1,1
5,50196,1,1,3,28,5,17,58,1,0,1,0,92,0,98,739,98739,90,2007,RFB07ATV37K6,R,F,B,0,7,A,T,V,3,7,K,6,0,U,,,,7,17,,,,,,,,,,,,,,,,,,,0,0,000000000,00000000000,0,0,0,1,0,0,0,0,0,0,0,998,0,1,5,0,6,4,1,0,0,0,1,5,72104,0,0,0,0,0,0,999,999,0,0,0,0,0,0,0,0,0,1,0,0,0,0,1,2,25,1,1,4,1,0,0,1,13,99,1,4,1,1,0