STATE,ST_CASE,VEH_NO,VE_FORMS,NUMOCCS,DAY,MONTH,HOUR,MINUTE,HARM_EV,MAN_COLL,UNITTYPE,HIT_RUN,REG_STAT,OWNER,MAKE,MODEL,MAK_MOD,BODY_TYP,MOD_YEAR,VIN,VIN_1,VIN_2,VIN_3,VIN_4,VIN_5,VIN_6,VIN_7,VIN_8,VIN_9,VIN_10,VIN_11,VIN_12,TOW_VEH,VINTYPE,VINMAKE,VINA_MOD,VIN_BT,VINMODYR,VIN_LNGT,VIN_WGT,WGTCD_TR,WHLBS_LG,WHLBS_SH,SER_TR,FUELCODE,MCYCL_DS,CARBUR,CYLINDER,DISPLACE,MCYCL_CY,MCYCL_WT,TIRE_SZE,TON_RAT,TRK_WT,TRKWTVAR,VIN_REST,WHLDRWHL,J_KNIFE,MCARR_I1,MCARR_I2,MCARR_ID,GVWR,V_CONFIG,CARGO_BT,HAZ_INV,HAZ_PLAC,HAZ_ID,HAZ_CNO,HAZ_REL,BUS_USE,SPEC_USE,EMER_USE,TRAV_SP,UNDERIDE,ROLLOVER,ROLINLOC,IMPACT1,DEFORMED,TOWED,M_HARM,VEH_SC1,VEH_SC2,FIRE_EXP,DR_PRES,L_STATE,DR_ZIP,L_STATUS,L_TYPE,CDL_STAT,L_ENDORS,L_COMPL,L_RESTRI,DR_HGT,DR_WGT,PREV_ACC,PREV_SUS,PREV_DWI,PREV_SPD,PREV_OTH,FIRST_MO,FIRST_YR,LAST_MO,LAST_YR,SPEEDREL,DR_SF1,DR_SF2,DR_SF3,DR_SF4,VTRAFWAY,VNUM_LAN,VSPD_LIM,VALIGN,VPROFILE,VPAVETYP,VSURCOND,VTRAFCON,VTCONT_F,P_CRASH1,P_CRASH2,P_CRASH3,PCRASH4,PCRASH5,ACC_TYPE,DEATHS,DR_DRINK
5,50268,1,1,1,15,7,15,20,1,0,1,0,5,1,73,709,73709,80,2011,JKAZXCJ18BA0,J,K,A,Z,X,C,J,1,8,B,A,0,0,M,KAWK,Z1J,RC,11,17,,,,,,,998,,4,,4,437,,,,,,,0,0,000000000,00000000000,0,0,0,1,0,0,0,0,0,0,0,998,0,0,0,0,6,2,1,0,0,0,1,5,72712,6,1,0,0,3,3,69,150,0,0,0,1,0,9,2010,9,2010,1,6,0,0,0,1,2,55,2,1,2,1,40,3,14,6,3,2,2,98,1,1
5,50269,1,1,1,16,7,20,13,42,0,1,0,5,2,37,32,37032,4,1994,JHMCD5557RC1,J,H,M,C,D,5,5,5,7,R,C,1,0,P,HOND,AEX,4D,94,17,2908,,0,1069,,G,,F,4,132,,,15R195,,,,,,0,0,000000000,00000000000,0,0,0,1,0,0,0,0,0,0,0,998,0,1,5,9,6,2,42,0,0,0,1,5,71655,9,9,99,9,9,9,999,999,99,99,99,99,99,99,9999,99,9999,0,6,0,0,0,1,2,55,1,1,2,1,0,0,1,13,1,1,4,1,1,1
5,50270,1,1,2,18,7,18,15,1,0,1,0,5,2,12,422,12422,15,1999,1FMPU18L4XLA,1,F,M,P,U,1,8,L,4,X,L,A,0,P,FORD,EPT,UT,99,17,5177,,0,1191,,G,,F,8,330,,,17R265,,,,,,0,0,000000000,00000000000,0,0,0,1,0,0,0,0,0,0,0,998,0,2,5,0,6,2,1,0,0,0,1,5,71901,6,1,0,0,3,0,68,136,0,0,0,0,0,0,0,0,0,0,6,58,0,0,1,2,65,1,2,2,1,0,0,1,12,1,1,4,6,1,1
5,50271,1,1,1,20,7,8,55,42,0,1,0,5,1,12,442,12442,20,2000,2FMZA5140YBA,2,F,M,Z,A,5,1,4,0,Y,B,A,0,T,FORD,WLX,ES,0,17,,1,0,1207,WIN,G,,,6,232,,,,B,3910,00,E,42,0,0,000000000,00000000000,0,0,0,1,0,0,0,0,0,0,0,998,0,0,0,12,6,2,42,0,0,0,1,5,72113,6,1,0,0,3,0,72,175,0,0,0,0,0,0,0,0,0,0,99,99,99,99,1,2,45,1,1,2,1,0,0,1,13,1,1,4,1,1,0
5,50272,1,1,1,20,7,10,40,35,0,1,0,5,2,20,481,20481,31,2004,1GCEK19T54E1,1,G,C,E,K,1,9,T,5,4,E,1,0,T,CHEV,SK1,4C,4,17,,2,1575,1435,SIL,G,,,8,325,,,,B,4925,00,,44,0,0,000000000,00000000000,0,0,0,1,0,0,0,0,0,0,0,998,0,1,5,12,6,2,1,0,0,0,1,5,72131,6,1,0,0,3,0,64,128,0,0,0,0,0,0,0,0,0,0,6,58,0,0,1,2,55,3,2,2,1,0,0,14,13,3,3,4,2,1,0
5,50273,1,1,1,21,7,10,50,1,0,1,0,5,1,72,706,72706,80,1994,1HD4CFM10RY2,1,H,D,4,C,F,M,1,0,R,Y,2,0,M,HD,X8D,RS,94,17,,,,,,,883,,2,,4,484,,,,,,,0,0,000000000,00000000000,0,0,0,1,0,0,0,0,0,0,0,998,0,0,0,0,6,2,1,0,0,0,1,5,72758,6,1,0,0,3,0,69,170,0,0,0,0,0,0,0,0,0,0,84,0,0,0,1,2,50,1,2,2,1,0,0,1,13,3,2,4,2,1,0
5,50274,1,2,3,21,7,16,47,12,6,1,0,5,2,20,421,20421,15,2000,1GNDT13W6Y23,1,G,N,D,T,1,3,W,6,Y,2,3,0,P,CHEV,BZR,UT,0,17,4049,,0,1070,,G,,F,6,262,,,15R205,,,,,,0,0,000000000,00000000000,0,0,0,1,0,0,0,0,0,0,0,998,0,0,0,12,6,2,12,0,0,0,1,5,71845,6,1,0,0,3,0,74,170,0,8,0,0,0,10,2010,5,2012,0,6,28,0,0,1,4,45,1,1,2,1,0,0,1,10,1,1,1,65,0,0
5,50274,2,2,2,21,7,16,47,12,6,1,0,5,1,12,17,12017,4,2000,1FAFP53U8YA1,1,F,A,F,P,5,3,U,8,Y,A,1,0,P,FORD,TSE,4D,0,17,3333,,0,1085,,G,,F,6,182,,,16R215,,,,,,0,0,000000000,00000000000,0,0,0,1,0,0,0,0,0,0,0,998,0,0,0,11,6,2,12,0,0,0,1,5,71854,6,1,0,0,3,0,64,230,0,0,0,0,0,0,0,0,0,0,0,0,0,0,1,4,45,1,1,2,1,0,0,1,62,1,1,1,64,1,0
5,50275,1,1,1,21,7,18,46,59,0,1,0,5,2,20,403,20403,14,2008,1GNDT13S5822,1,G,N,D,T,1,3,S,5,8,2,2,0,P,CHEV,TRL,UT,8,17,4523,,0,1130,,G,,F,6,256,,,17R245,,,,,,0,0,000000000,00000000000,0,0,0,1,0,0,0,0,0,0,0,998,0,1,5,12,6,2,1,0,0,0,1,5,72206,6,1,0,0,3,0,71,260,0,0,0,0,0,0,0,0,0,1,6,37,0,0,1,2,45,1,1,2,1,20,3,1,6,99,7,4,6,1,1
5,50276,1,1,1,22,7,19,25,7,0,1,0,5,1,20,481,20481,31,1999,2GCEK19T4X11,2,G,C,E,K,1,9,T,4,X,1,1,0,T,CHEV,SK1,3C,99,17,,2,1575,1435,SIL,G,,,8,325,,,,B,4621,00,,44,0,0,000000000,00000000000,0,0,0,1,0,0,0,0,0,0,0,998,0,1,6,0,6,2,1,0,0,0,1,5,72442,6,1,0,0,3,3,73,190,0,0,0,0,0,0,0,0,0,9,6,58,0,0,1,2,55,1,1,2,1,0,0,1,12,7,3,4,0,1,0
5,50277,1,2,1,24,7,13,40,16,0,1,1,99,9,99,999,99999,99,9999,999999999999,9,9,9,9,9,9,9,9,9,9,9,9,9,,,,,,,,,,,,,,,,,,,,,,,,,0,99,999999999,99999999999,9,99,99,1,0,0,0,0,99,99,9,999,0,0,0,0,4,1,54,99,99,0,1,99,99999,9,9,99,9,9,9,999,999,99,99,99,99,99,99,9999,99,9999,9,99,99,99,99,1,2,55,3,2,2,1,0,0,99,99,99,9,1,0,0,0
5,50277,2,2,1,24,7,13,40,16,0,1,0,5,1,7,482,7482,31,2009,1D3HB16K49J5,1,D,3,H,B,1,6,K,4,9,J,5,0,T,DODG,150,PK,9,17,,2,1400,1200,RPC,G,,,6,225,,,,B,4225,00,K,42,0,0,000000000,00000000000,0,0,0,1,0,0,0,0,0,0,0,998,0,0,0,18,4,3,54,0,0,0,1,5,72112,6,1,6,0,3,0,67,140,0,0,0,0,0,0,0,0,0,0,0,0,0,0,1,2,55,3,2,2,1,0,0,14,51,99,1,1,98,1,0
5,50278,1,1,1,24,7,13,44,35,0,1,0,5,1,20,16,20016,2,1997,1G1JC1246VM1,1,G,1,J,C,1,2,4,6,V,M,1,0,P,CHEV,C/S,CP,97,17,2584,,0,1041,,G,,F,4,133,,,14R195,,,,,,0,0,000000000,00000000000,0,0,0,1,0,0,0,0,0,0,0,998,0,1,5,98,6,2,1,0,0,0,1,5,72013,6,1,0,0,3,0,68,175,0,0,0,0,0,0,0,0,0,9,6,0,0,0,1,2,55,1,1,2,1,0,0,1,8,3,7,4,1,1,0
5,50279,1,1,1,25,7,99,99,1,0,1,0,5,1,19,14,19014,4,2003,1G6KS54Y23U1,1,G,6,K,S,5,4,Y,2,3,U,1,0,P,CADI,SLS,4D,3,17,3969,,0,1122,,G,,F,8,279,,,16R225,,,,,,0,0,000000000,00000000000,0,0,0,1,0,0,0,0,0,0,0,998,0,1,6,0,6,2,1,0,0,0,1,5,71602,6,1,0,0,3,0,66,225,0,0,0,0,0,0,0,0,0,1,0,0,0,0,1,2,40,1,1,2,1,0,0,1,6,7,2,4,2,1,0
5,50280,1,2,1,25,7,14,33,12,2,1,0,5,1,37,402,37402,14,1997,JHLRD1850VC0,J,H,L,R,D,1,8,5,0,V,C,0,0,P,HOND,CRV,UT,97,17,3063,,0,1032,,G,,F,4,120,,,15R205,,,,,,0,0,000000000,00000000000,0,0,0,1,0,0,0,0,0,0,0,998,0,0,0,12,6,2,12,0,0,0,1,5,72542,6,1,0,0,3,3,65,118,0,0,0,0,0,0,0,0,0,0,28,0,0,0,1,4,55,2,2,2,1,0,0,14,10,1,1,2,51,1,0
5,50280,2,2,2,25,7,14,33,12,2,1,0,5,2,12,17,12017,4,2003,1FAHP55U13G1,1,F,A,H,P,5,5,U,1,3,G,1,0,P,FORD,TSS,4D,3,17,3329,,0,1085,,G,,F,6,182,,,16R215,,,,,,0,0,000000000,00000000000,0,0,0,1,0,0,0,0,0,0,0,998,0,0,0,12,6,2,12,0,0,0,1,5,72542,6,1,0,0,3,0,71,180,0,0,0,0,0,0,0,0,0,0,0,0,0,0,1,4,55,3,2,2,1,0,0,14,62,1,1,1,50,0,0
5,50281,1,1,1,25,7,18,26,1,0,1,0,5,1,12,471,12471,30,1995,1FTCR10A4SUC,1,F,T,C,R,1,0,A,4,S,U,C,0,T,FORD,RNG,PK,95,17,,1,1140,1080,RNG,G,,,4,140,,,,B,00000,00,M,42,0,0,000000000,00000000000,0,0,0,1,0,0,0,0,0,0,0,998,0,2,1,0,6,2,1,0,0,0,1,5,72837,6,1,0,0,3,0,71,153,0,0,0,0,0,0,0,0,0,0,6,58,0,0,1,2,45,3,1,2,1,0,0,14,13,98,2,6,98,1,1
5,50282,1,2,1,25,7,21,6,12,2,1,0,5,2,20,23,20023,6,2007,3GNDA13D17S5,3,G,N,D,A,1,3,D,1,7,S,5,0,P,CHEV,HHR,UT,7,17,3155,,0,1035,,G,,F,4,134,,,16R215,,,,,,0,0,000000000,00000000000,0,0,0,1,0,0,0,0,0,0,0,998,0,0,0,12,6,2,12,0,0,1,1,5,72180,1,1,0,0,2,3,63,130,2,0,0,0,0,10,2011,4,2012,0,6,0,0,0,1,2,55,1,1,2,1,0,0,1,10,1,1,2,50,1,0
5,50282,2,2,3,25,7,21,6,12,2,1,0,5,2,20,2,20002,4,2008,2G1WT55N5812,2,G,1,W,T,5,5,N,5,8,1,2,0,P,CHEV,IMT,4D,8,17,3555,,0,1105,,G,,F,6,214,,,16R225,,,,,,0,0,000000000,00000000000,0,0,0,1,0,0,0,0,0,0,0,998,0,0,0,12,6,2,12,0,0,1,1,5,72118,6,1,0,0,3,0,77,220,0,0,0,0,0,0,0,0,0,0,0,0,0,0,1,2,55,1,1,2,1,0,0,1,62,1,1,1,51,3,1
5,50283,1,1,1,27,7,11,47,42,0,1,0,5,2,20,481,20481,31,1994,1GCEC14K5RE1,1,G,C,E,C,1,4,K,5,R,E,1,0,T,CHEV,GC1,PK,94,17,,2,1315,1175,GM4,G,,,8,350,,,,B,3675,02,,42,0,0,000000000,00000000000,0,0,0,1,0,0,0,0,0,0,0,998,0,0,0,1,6,2,2,0,0,1,1,5,72023,1,1,0,0,2,0,70,140,0,0,0,0,2,8,2010,3,2012,0,6,0,0,0,1,2,35,3,2,2,1,40,3,14,13,1,1,4,1,1,0
5,50284,1,1,1,27,7,23,30,38,0,1,0,5,2,20,481,20481,31,1989,1GCDC14KXKZ2,1,G,C,D,C,1,4,K,X,K,Z,2,0,T,CHEV,GC1,PK,89,17,,1,1315,1175,GM4,G,,,8,350,,,,B,4114,08,,42,0,0,000000000,00000000000,0,0,0,1,0,0,0,0,0,0,0,998,0,1,5,1,6,2,1,0,0,0,1,5,71601,6,1,0,0,3,0,74,265,0,0,0,1,0,6,2010,6,2010,0,58,0,0,0,1,4,55,1,1,2,1,0,0,1,11,1,1,4,1,1,1
5,50285,1,2,1,28,7,19,36,12,6,1,0,5,1,76,706,76706,80,2009,JYARN17E39A0,J,Y,A,R,N,1,7,E,3,9,A,0,0,M,YAMA,F1Z,RC,9,17,,,,,,,998,,4,,4,485,,,,,,,0,0,000000000,00000000000,0,0,0,1,0,0,0,0,0,0,0,998,0,0,0,12,6,2,12,0,0,0,1,5,72150,6,1,0,0,3,0,67,192,0,0,0,0,0,0,0,0,0,1,99,99,99,99,1,2,35,1,2,2,1,20,3,1,66,1,2,1,74,1,0
5,50285,2,2,2,28,7,19,36,12,6,1,0,5,1,3,402,3402,14,2008,5GTEN13E2881,5,G,T,E,N,1,3,E,2,8,8,1,0,T,HUMM,HH3,4W,8,17,,2,0,1119,HUM,G,,,5,226,,,,B,4700,00,7,44,0,0,000000000,00000000000,0,0,0,1,0,0,0,0,0,0,0,998,0,0,0,9,4,1,12,0,0,0,1,5,72032,6,1,6,0,3,0,72,120,0,0,0,0,0,0,0,0,0,0,99,99,99,99,1,3,35,1,2,2,1,20,3,11,15,1,1,2,74,0,0
5,50286,1,1,1,29,7,0,30,1,0,1,0,5,2,12,471,12471,30,2000,1FTYR10C6YPC,1,F,T,Y,R,1,0,C,6,Y,P,C,0,T,FORD,RNG,PK,0,17,,1,1175,1116,RNG,G,,,4,153,,,,B,3068,02,U,42,0,0,000000000,00000000000,0,0,0,1,0,0,0,0,0,0,0,998,0,2,6,0,6,2,1,0,0,0,1,5,72633,6,1,0,0,3,0,60,140,0,0,0,0,0,0,0,0,0,0,6,58,0,0,1,2,55,1,1,2,1,40,3,1,12,6,4,4,7,1,1
5,50288,1,1,1,31,7,20,52,39,0,1,0,5,1,12,481,12481,31,2007,3FAHP06Z47R1,3,F,A,H,P,0,6,Z,4,7,R,1,0,P,FORD,F/S,4D,7,17,3101,,0,1074,,G,,F,4,140,,,16R205,,,,,,0,0,000000000,00000000000,0,0,0,1,0,0,0,0,0,0,0,998,0,1,6,12,6,2,1,0,0,0,1,5,72855,6,1,0,0,3,0,73,185,0,0,0,0,0,0,0,0,0,0,99,99,99,99,1,2,35,2,1,2,1,0,0,14,12,1,1,4,6,1,0
5,50289,1,1,2,20,6,15,59,42,0,1,0,92,0,76,733,76733,90,2003,JY4AG02323C0,J,Y,4,A,G,0,2,3,2,3,C,0,0,M,YAMA,YFS,AT,3,17,,,,,,,195,,1,,2,324,,,,,,,0,0,000000000,00000000000,0,0,0,1,0,0,0,0,0,0,0,998,0,0,0,12,4,3,42,0,0,0,1,5,72616,6,1,0,0,3,0,69,140,0,0,0,1,0,5,2011,5,2011,9,99,99,99,99,1,2,35,2,1,5,11,0,0,99,13,99,1,4,1,1,0
5,50290,1,1,3,1,8,17,19,34,0,1,0,5,2,35,471,35471,30,1988,1N6ND11Y1JC3,1,N,6,N,D,1,1,Y,1,J,C,3,0,T,NISS,U4S,PK,88,17,,1,0,1043,D21,G,,,4,146,,,,,3189,01,A,44,0,0,000000000,00000000000,0,0,0,1,0,0,0,0,0,0,0,998,0,1,5,98,6,2,1,0,0,0,1,5,72949,1,1,0,0,2,0,66,135,0,0,0,0,0,0,0,0,0,9,6,0,0,0,1,2,55,3,3,2,1,0,0,14,13,6,2,4,1,1,1
5,50291,1,1,3,2,8,15,5,42,0,1,0,5,2,20,403,20403,14,2004,1GNES16S4461,1,G,N,E,S,1,6,S,4,4,6,1,0,P,CHEV,TRL,UT,4,17,4773,,0,1290,,G,,F,6,256,,,17R245,,,,,,0,0,000000000,00000000000,0,0,0,1,0,0,0,0,0,0,0,998,0,1,5,12,6,2,1,0,0,0,1,5,71801,6,1,0,0,2,3,69,200,0,0,0,1,2,8,2010,7,2011,9,6,0,0,0,1,2,55,1,2,2,1,0,0,1,9,99,2,4,6,1,0
5,50292,1,1,1,2,8,16,58,42,0,1,0,5,1,49,32,49032,4,2002,1NXBR12E22Z5,1,N,X,B,R,1,2,E,2,2,Z,5,0,P,TOYT,UCS,4D,2,17,2405,,0,970,,G,,F,4,109,,,14R175,,,,,,0,0,000000000,00000000000,0,0,0,1,0,0,0,0,0,0,0,998,0,0,0,12,6,2,42,0,0,0,1,5,72207,6,1,0,0,3,0,72,175,0,0,0,0,1,2,2012,2,2012,9,99,99,99,99,1,2,45,1,1,2,1,0,0,1,12,99,1,4,6,1,0
5,50293,1,1,1,3,8,15,42,24,0,1,0,5,1,98,809,98809,66,2007,2FWJA3DE87AX,2,F,W,J,A,3,D,E,8,7,A,X,1,T,STRG,AT9,TR,7,17,,8,0,0,STE,D,,,6,763,,,,,00000,00,,64,1,57,714781,57714781,3,6,3,1,0,0,0,0,0,0,0,998,0,1,5,1,6,2,1,0,0,0,1,5,72734,6,1,6,0,3,3,71,200,0,0,0,0,0,0,0,0,0,0,6,0,0,0,2,2,70,1,2,2,1,0,0,1,13,99,1,4,1,1,0
5,50294,1,1,1,3,8,17,47,42,0,1,0,5,1,23,481,23481,31,2006,1GTHK29U06E2,1,G,T,H,K,2,9,U,0,6,E,2,0,T,GMC,2KH,4C,6,17,,2,1575,1435,SIE,G,,,8,366,,,,C,5659,02,E,44,0,0,000000000,00000000000,0,0,0,1,0,0,0,0,0,0,0,998,0,0,0,12,6,2,42,0,0,0,1,5,72774,6,1,0,0,3,0,71,250,0,0,0,0,0,0,0,0,0,9,99,99,99,99,1,2,55,3,1,2,1,0,0,14,12,1,1,4,6,1,1
5,50295,1,1,1,4,8,19,22,42,0,1,0,5,1,21,17,21017,4,1993,1G3AG55N1P63,1,G,3,A,G,5,5,N,1,P,6,3,0,P,OLDS,CIS,4D,93,17,2776,,0,1049,,G,,F,6,204,,,14R185,,,,,,0,0,000000000,00000000000,0,0,0,1,0,0,0,0,0,0,0,998,0,0,0,12,6,2,42,0,0,0,1,5,72209,6,1,0,0,3,3,67,145,0,0,0,0,0,0,0,0,0,0,99,99,99,99,1,3,55,1,2,2,1,0,0,1,11,1,1,4,1,1,0
5,50296,1,1,3,5,8,22,5,42,0,1,0,5,2,20,481,20481,31,1994,2GCEK19KXR11,2,G,C,E,K,1,9,K,X,R,1,1,0,T,CHEV,GK1,PC,94,17,,2,1555,1415,GM4,G,,,8,350,,,,B,4032,00,,44,0,0,000000000,00000000000,0,0,0,1,0,0,0,0,0,0,0,998,0,0,0,12,6,2,42,0,0,0,1,5,72476,6,1,0,0,3,0,69,175,0,0,0,0,0,0,0,0,0,0,6,0,0,0,1,5,60,1,1,2,1,0,0,1,12,1,1,4,6,2,0
5,50297,1,1,7,6,8,17,37,1,0,1,0,5,1,20,431,20431,16,2001,3GNFK16T01G2,3,G,N,F,K,1,6,T,0,1,G,2,0,P,CHEV,K15,UT,1,17,5123,,0,1300,,G,,F,8,325,,,16R245,,,,,,0,0,000000000,00000000000,0,0,0,1,0,0,0,0,0,0,0,998,0,2,1,0,6,2,1,0,0,0,1,5,72012,6,1,0,0,3,0,72,200,0,0,0,0,0,0,0,0,0,9,6,0,0,0,2,2,65,1,1,1,1,0,0,1,8,6,7,6,98,1,0
5,50298,1,1,2,6,8,18,40,32,0,1,0,5,1,19,14,19014,4,1993,1G6KS52B1PU8,1,G,6,K,S,5,2,B,1,P,U,8,0,P,CADI,SEV,4D,93,17,3596,,0,1110,,G,,F,8,300,,,16R225,,,,,,0,0,000000000,00000000000,0,0,0,1,0,0,0,0,0,0,0,998,0,0,0,12,6,2,32,0,0,0,1,5,72013,6,1,0,0,3,0,71,150,0,0,0,0,0,0,0,0,0,9,6,0,0,0,1,2,55,1,1,2,1,0,0,1,8,6,7,4,6,1,1
5,50299,1,2,3,7,8,16,50,12,2,1,0,5,2,37,31,37031,2,1997,1HGEJ8148VL0,1,H,G,E,J,8,1,4,8,V,L,0,0,P,HOND,UAX,CP,97,17,2460,,0,1032,,G,,F,4,097,,,14R185,,,,,,0,0,000000000,00000000000,0,0,0,1,0,0,0,0,0,0,0,998,0,0,0,12,6,2,12,0,0,0,1,5,71665,6,2,0,0,3,2,69,193,0,0,0,0,0,0,0,0,0,0,33,73,0,0,1,2,55,1,3,2,1,0,0,6,10,6,1,2,50,1,0
5,50299,2,2,1,7,8,16,50,12,2,1,0,5,2,9,1,9001,2,1964,1442570577,1,4,4,2,5,7,0,5,7,7,,,0,P,PLYM,,,64,10,,,,,,,,,,,,,,,,,,,0,0,000000000,00000000000,0,0,0,1,0,0,0,0,0,0,0,998,0,0,0,12,6,2,12,0,0,0,1,5,72128,6,1,0,0,3,0,70,225,0,0,0,0,0,0,0,0,0,0,0,0,0,0,1,2,55,1,3,2,1,0,0,1,62,7,1,1,51,0,0
5,50300,6,1,3,8,8,2,24,14,0,1,0,5,2,14,37,14037,4,1998,1MEFM6531WK6,1,M,E,F,M,6,5,3,1,W,K,6,0,P,MERC,MSS,4D,98,17,2808,,0,1065,,G,,F,4,121,,,14R185,,,,,,0,0,000000000,00000000000,0,0,0,1,0,0,0,0,0,0,0,998,0,0,0,4,6,2,14,0,0,0,1,5,72712,9,9,99,0,9,9,999,999,99,99,99,99,99,99,9999,99,9999,9,6,0,0,0,1,2,25,1,2,2,1,0,0,1,12,99,7,4,7,1,0
5,50301,1,2,1,8,8,19,20,12,2,1,0,5,3,84,881,84881,66,2011,3HSDJSJRXBN3,3,H,S,D,J,S,J,R,X,B,N,3,0,T,INTL,PRO,TR,11,17,,8,0,0,PRO,D,,,6,793,,,,,00000,00,,64,0,77,777777777,77777777777,3,5,96,1,0,0,0,0,0,0,0,998,0,0,0,12,6,2,12,0,0,0,1,5,71752,6,1,6,0,3,0,64,145,0,0,0,0,0,0,0,0,0,0,0,0,0,0,1,2,55,2,1,2,2,0,0,14,62,99,1,1,51,0,0
5,50301,2,2,1,8,8,19,20,12,2,1,0,5,2,12,6,12006,4,1986,2FABP43F8GX1,2,F,A,B,P,4,3,F,8,G,X,1,0,P,FORD,LCV,4D,86,17,3708,,0,1143,,G,,F,8,302,,,14R205,,,,,,0,0,000000000,00000000000,0,0,0,1,0,0,0,0,0,0,0,998,0,0,0,12,6,2,2,0,0,1,1,5,71603,1,1,0,0,2,0,68,165,0,0,0,0,0,0,0,0,0,1,28,0,0,0,1,2,55,3,1,2,2,0,0,14,10,99,1,2,50,1,0
5,50302,1,2,1,9,8,13,50,12,6,1,0,5,1,20,401,20401,14,2002,1GNDS13S3225,1,G,N,D,S,1,3,S,3,2,2,5,0,P,CHEV,TRL,UT,2,17,4442,,0,1130,,G,,F,6,256,,,16R245,,,,,,0,0,000000000,00000000000,0,0,0,1,0,0,0,0,0,0,0,998,0,0,0,12,6,2,12,0,0,0,1,5,72956,6,2,0,0,3,2,74,230,0,0,0,0,0,0,0,0,0,0,73,0,0,0,1,2,45,1,1,2,1,0,0,1,66,1,1,1,88,0,0
5,50302,2,2,1,9,8,13,50,12,6,1,0,5,1,20,19,20019,4,1994,1G1LD55M9RY1,1,G,1,L,D,5,5,M,9,R,Y,1,0,P,CHEV,CSA,4D,94,17,2665,,0,1034,,G,,F,6,191,,,14R185,,,,,,0,0,000000000,00000000000,0,0,0,1,0,0,0,0,0,0,0,998,0,0,0,9,6,2,12,0,0,0,1,5,72921,6,1,0,0,3,3,72,165,0,0,0,0,0,0,0,0,0,0,38,0,0,0,1,2,45,1,1,2,1,20,3,1,17,1,1,2,89,1,0
5,50303,1,2,1,9,8,17,40,12,1,1,0,5,2,55,33,55033,4,2002,KMHWF35H92A5,K,M,H,W,F,3,5,H,9,2,A,5,0,P,HYUN,SGX,4D,2,17,3223,,0,1063,,G,,F,6,162,,,16R205,,,,,,0,0,000000000,00000000000,0,0,0,1,0,0,0,0,0,0,0,998,0,0,0,12,6,2,12,0,0,0,1,5,72714,6,1,0,0,3,3,66,140,0,0,0,0,0,0,0,0,0,0,6,0,0,0,1,4,60,2,1,2,1,0,0,14,50,4,1,1,20,0,0
5,50303,2,2,1,9,8,17,40,12,1,1,0,5,2,12,37,12037,4,2012,1FAHP3F28CL2,1,F,A,H,P,3,F,2,8,C,L,2,0,P,FORD,FSE,4D,12,17,2918,,0,1042,,G,,F,4,122,,,16R205,,,,,,0,0,000000000,00000000000,0,0,0,1,0,0,0,0,0,0,0,0,0,0,0,6,6,2,12,0,0,0,1,5,72653,6,1,0,0,3,3,67,145,0,0,0,0,0,0,0,0,0,0,0,0,0,0,1,4,60,2,1,2,1,0,0,5,53,1,1,1,22,1,0
5,50305,1,1,1,11,8,17,7,33,0,1,0,5,1,18,2,18002,4,1998,1G4HP52KXWH4,1,G,4,H,P,5,2,K,X,W,H,4,0,P,BUIC,LCF,4D,98,17,3348,,0,1108,,G,,F,6,231,,,15R205,,,,,,0,0,000000000,00000000000,0,0,0,1,0,0,0,0,0,0,0,998,0,1,5,12,6,2,1,0,0,0,1,5,72653,6,1,0,0,3,0,70,210,0,0,0,0,0,0,0,0,0,0,6,0,0,0,1,2,55,3,1,2,1,0,0,14,13,99,1,4,1,1,1
5,50306,1,1,1,11,8,21,24,8,0,1,0,5,1,20,481,20481,31,1993,1GCEK14K1PZ1,1,G,C,E,K,1,4,K,1,P,Z,1,0,T,CHEV,GK1,PK,93,17,,2,1315,1175,GM4,G,,,8,350,,,,B,4111,02,,44,0,0,000000000,00000000000,0,0,0,1,0,0,0,0,0,0,0,998,0,0,0,12,2,8,8,0,0,0,1,5,72762,6,1,0,0,3,0,67,240,0,0,0,0,0,0,0,0,0,0,0,0,0,0,1,4,50,1,2,2,1,0,0,1,80,8,2,1,13,0,0
5,50307,1,1,1,12,8,1,45,30,0,1,0,5,1,20,2,20002,4,2002,2G1WH55K9291,2,G,1,W,H,5,5,K,9,2,9,1,0,P,CHEV,IPL,4D,2,17,3466,,0,1105,,G,,F,6,231,,,16R225,,,,,,0,0,000000000,00000000000,0,0,0,1,0,0,0,0,0,0,0,998,0,1,5,14,6,2,30,0,0,0,1,5,72331,1,1,0,0,2,0,68,150,0,0,0,0,3,5,2011,5,2011,0,6,0,0,0,1,2,55,1,1,2,1,0,0,1,12,6,1,4,6,1,1
5,50308,1,1,2,12,8,4,47,11,0,1,0,5,1,14,17,14017,4,2003,1MEHM50U03G6,1,M,E,H,M,5,0,U,0,3,G,6,0,P,MERC,SGS,4D,3,17,3369,,0,1085,,G,,F,6,182,,,16R215,,,,,,0,0,000000000,00000000000,0,0,0,1,0,0,0,0,0,0,0,998,0,1,5,1,6,2,11,0,0,0,1,5,72021,6,1,0,0,3,0,60,187,0,0,0,0,0,0,0,0,0,0,83,0,0,0,1,2,55,1,1,2,1,0,0,1,87,6,1,1,13,1,0
5,50309,1,1,1,12,8,4,58,21,0,1,0,5,1,20,444,20444,20,2006,1GNDV33L76D1,1,G,N,D,V,3,3,L,7,6,D,1,0,P,CHEV,UPL,SV,6,17,4470,,0,1211,,G,,F,6,214,,,000000,,,,,,0,0,000000000,00000000000,0,0,0,1,0,0,0,0,0,0,0,998,0,1,5,12,6,2,21,0,0,0,1,5,72712,6,1,0,0,3,3,72,206,0,0,0,0,0,0,0,0,0,0,99,99,99,99,2,4,70,3,1,2,1,0,0,14,11,1,1,4,1,1,0