STATE,ST_CASE,VEH_NO,VE_FORMS,NUMOCCS,DAY,MONTH,HOUR,MINUTE,HARM_EV,MAN_COLL,UNITTYPE,HIT_RUN,REG_STAT,OWNER,MAKE,MODEL,MAK_MOD,BODY_TYP,MOD_YEAR,VIN,VIN_1,VIN_2,VIN_3,VIN_4,VIN_5,VIN_6,VIN_7,VIN_8,VIN_9,VIN_10,VIN_11,VIN_12,TOW_VEH,VINTYPE,VINMAKE,VINA_MOD,VIN_BT,VINMODYR,VIN_LNGT,VIN_WGT,WGTCD_TR,WHLBS_LG,WHLBS_SH,SER_TR,FUELCODE,MCYCL_DS,CARBUR,CYLINDER,DISPLACE,MCYCL_CY,MCYCL_WT,TIRE_SZE,TON_RAT,TRK_WT,TRKWTVAR,VIN_REST,WHLDRWHL,J_KNIFE,MCARR_I1,MCARR_I2,MCARR_ID,GVWR,V_CONFIG,CARGO_BT,HAZ_INV,HAZ_PLAC,HAZ_ID,HAZ_CNO,HAZ_REL,BUS_USE,SPEC_USE,EMER_USE,TRAV_SP,UNDERIDE,ROLLOVER,ROLINLOC,IMPACT1,DEFORMED,TOWED,M_HARM,VEH_SC1,VEH_SC2,FIRE_EXP,DR_PRES,L_STATE,DR_ZIP,L_STATUS,L_TYPE,CDL_STAT,L_ENDORS,L_COMPL,L_RESTRI,DR_HGT,DR_WGT,PREV_ACC,PREV_SUS,PREV_DWI,PREV_SPD,PREV_OTH,FIRST_MO,FIRST_YR,LAST_MO,LAST_YR,SPEEDREL,DR_SF1,DR_SF2,DR_SF3,DR_SF4,VTRAFWAY,VNUM_LAN,VSPD_LIM,VALIGN,VPROFILE,VPAVETYP,VSURCOND,VTRAFCON,VTCONT_F,P_CRASH1,P_CRASH2,P_CRASH3,PCRASH4,PCRASH5,ACC_TYPE,DEATHS,DR_DRINK
5,50310,1,1,1,12,8,5,15,9,0,1,0,5,3,86,881,86881,66,2003,1M1AA18Y63W1,1,M,1,A,A,1,8,Y,6,3,W,1,1,T,MACK,CH6,TR,3,17,,8,0,0,600,D,,,6,728,,,,,00000,00,,64,1,57,63430,5763430,3,6,1,1,0,0,0,0,0,0,0,998,0,0,0,1,4,1,9,0,0,0,1,47,38053,6,1,6,3,3,0,72,255,2,0,0,0,0,6,2011,1,2012,0,0,0,0,0,3,4,65,1,1,2,1,0,0,1,83,1,1,1,13,0,0
5,50311,1,3,1,13,8,7,22,12,1,1,0,5,3,85,881,85881,66,1996,1XKWDB9X0TR7,1,X,K,W,D,B,9,X,0,T,R,7,1,T,KW,W90,TR,96,17,,8,0,0,CON,D,,,6,893,,,,,00000,00,,64,1,77,777777777,77777777777,3,6,8,1,0,0,0,0,0,0,0,998,0,0,0,12,6,2,12,0,0,0,1,5,72390,6,1,6,1,3,0,67,237,0,0,0,0,0,0,0,0,0,0,0,0,0,0,1,2,55,1,1,2,1,0,0,1,62,3,2,1,98,0,0
5,50311,2,3,1,13,8,7,22,12,1,1,0,5,2,19,14,19014,4,1995,1G6KS52Y0SU8,1,G,6,K,S,5,2,Y,0,S,U,8,0,P,CADI,SLS,4D,95,17,3735,,0,1110,,G,,F,8,279,,,16R225,,,,,,0,0,000000000,00000000000,0,0,0,1,0,0,0,0,0,0,0,998,0,0,0,6,4,8,12,0,0,0,1,5,72833,6,1,0,0,3,3,68,169,0,0,0,0,1,6,2011,6,2011,0,24,0,0,0,1,2,55,1,1,2,1,0,0,1,53,1,1,1,25,0,0
5,50311,3,3,4,13,8,7,22,12,1,1,0,5,1,12,481,12481,31,2000,1FTZX1721YNA,1,F,T,Z,X,1,7,2,1,Y,N,A,0,T,FORD,F15,4C,0,17,,1,1571,1385,COF,G,,,6,256,,,,B,4204,05,U,42,0,0,000000000,00000000000,0,0,0,1,0,0,0,0,0,0,0,998,0,0,0,12,6,2,12,0,0,0,1,5,72802,3,1,0,0,2,0,62,138,0,0,0,0,0,0,0,0,0,0,6,28,0,0,1,2,55,1,1,2,1,0,0,1,51,6,1,2,24,1,0
5,50312,1,1,1,15,8,14,44,31,0,1,0,5,1,14,6,14006,4,1989,2MEBM75F0KX6,2,M,E,B,M,7,5,F,0,K,X,6,0,P,MERC,MGL,4D,89,17,3774,,0,1143,,G,,F,8,302,,,15R215,,,,,,0,0,000000000,00000000000,0,0,0,1,0,0,0,0,0,0,0,998,0,1,5,11,6,2,1,0,0,0,1,5,72863,6,1,0,0,3,3,63,170,0,0,0,0,0,0,0,0,0,0,99,99,99,99,1,2,45,1,1,2,1,0,0,1,12,1,1,4,6,1,0
5,50313,1,2,3,15,8,17,25,12,99,1,1,5,1,7,482,7482,31,1998,1B7HC16X4WS7,1,B,7,H,C,1,6,X,4,W,S,7,0,T,DODG,150,PK,98,17,,2,1347,1187,RPC,G,,,6,239,,,,B,4064,01,U,42,0,0,000000000,00000000000,0,0,0,1,0,0,0,0,0,0,0,998,0,0,0,12,4,1,12,0,0,0,1,5,72157,6,1,0,0,3,0,68,170,0,0,0,0,1,1,2012,1,2012,1,6,0,0,0,1,2,45,1,1,2,1,0,0,1,99,99,1,3,99,0,1
5,50313,2,2,1,15,8,17,25,12,99,1,0,5,2,73,739,73739,90,2000,999999999999,9,9,9,9,9,9,9,9,9,9,9,9,0,,,,,,,,,,,,,,,,,,,,,,,,,0,0,000000000,00000000000,0,0,0,1,0,0,0,0,0,0,0,998,0,0,0,98,6,2,12,0,0,0,1,5,72058,0,0,0,0,0,0,999,999,0,0,0,0,0,0,0,0,0,9,99,99,99,99,1,2,45,1,1,2,1,0,0,99,99,99,9,3,99,1,0
5,50314,1,1,2,16,8,13,47,1,0,1,0,5,2,12,473,12473,30,2001,1FMZU83P31ZA,1,F,M,Z,U,8,3,P,3,1,Z,A,0,P,FORD,EPR,UT,1,17,4250,,0,1116,,G,,F,8,302,,,15R235,,,,,,0,0,000000000,00000000000,0,0,0,1,0,0,0,0,0,0,0,998,0,1,6,0,6,2,1,0,0,0,1,5,72004,6,1,0,0,3,0,65,200,0,0,0,0,0,0,0,0,0,0,80,0,0,0,1,2,55,3,1,2,1,0,0,14,1,1,4,4,7,1,0
5,50315,1,1,2,16,8,17,54,25,0,1,0,5,1,21,20,21020,4,1998,1G3NG52M6W63,1,G,3,N,G,5,2,M,6,W,6,3,0,P,OLDS,GLS,4D,98,17,3102,,0,1070,,G,,F,6,191,,,15R215,,,,,,0,0,000000000,00000000000,0,0,0,1,0,0,0,0,0,0,0,998,0,1,5,12,6,2,25,0,0,0,1,5,72117,6,1,0,0,3,0,65,145,0,0,0,2,0,4,2010,6,2010,0,6,0,0,0,3,4,60,1,1,1,1,0,0,1,13,7,3,4,2,1,0
5,50316,1,1,1,16,8,22,30,59,0,1,0,5,2,20,37,20037,4,2010,1G1ZB5EB7AF2,1,G,1,Z,B,5,E,B,7,A,F,2,0,P,CHEV,M/L,4D,10,17,3415,,0,1123,,G,,F,4,146,,,17R215,,,,,,0,0,000000000,00000000000,0,0,0,1,0,0,0,0,0,0,0,998,0,1,5,12,6,2,1,0,0,0,1,5,71857,1,1,0,0,2,0,71,125,0,0,3,0,1,1,2011,4,2012,9,39,0,0,0,1,2,55,1,1,2,1,20,3,1,13,99,1,4,1,1,1
5,50317,1,3,1,17,8,14,54,12,8,1,0,22,4,49,40,49040,4,2011,4T1BF3EK2BU6,4,T,1,B,F,3,E,K,2,B,U,6,0,P,TOYT,CBA,4D,11,17,3263,,0,1093,,G,,F,4,152,,,16R215,,,,,,0,0,000000000,00000000000,0,0,0,1,0,0,0,0,0,0,0,998,0,0,0,11,6,2,12,0,0,0,1,22,71107,6,1,0,0,3,0,64,200,0,0,0,0,0,0,0,0,0,0,0,0,0,0,1,2,55,1,1,2,1,0,0,1,62,99,1,1,98,1,0
5,50317,2,3,2,17,8,14,54,12,8,1,0,5,1,23,421,23421,15,2004,2GTEK13T1413,2,G,T,E,K,1,3,T,1,4,1,3,0,T,GMC,NK1,CW,4,17,,2,0,1435,SIE,G,,,8,325,,,,B,5244,00,E,44,0,0,000000000,00000000000,0,0,0,1,0,0,0,0,0,0,0,998,0,0,0,11,6,2,12,0,0,1,1,5,71665,6,1,6,0,3,3,75,208,0,0,0,0,0,0,0,0,0,9,6,0,0,0,1,2,55,1,1,2,1,0,0,1,10,99,1,2,64,0,0
5,50317,3,3,2,17,8,14,54,12,8,1,0,5,3,12,441,12441,20,1995,1FMCA11U2SZC,1,F,M,C,A,1,1,U,2,S,Z,C,0,P,FORD,ARO,SV,95,17,3646,,0,1190,,G,,F,6,182,,,14R215,,,,,,0,0,000000000,00000000000,0,0,0,1,0,0,0,0,0,0,0,998,0,0,0,7,4,1,12,0,0,0,1,5,71603,6,1,0,0,3,3,71,290,0,0,0,0,0,0,0,0,0,9,0,0,0,0,1,2,55,1,1,2,1,0,0,1,62,99,1,1,65,0,0
5,50318,1,2,2,18,8,19,37,1,0,1,0,29,1,72,706,72706,80,2004,1HD1GKV184K3,1,H,D,1,G,K,V,1,8,4,K,3,0,M,HD,XDP,RS,4,17,,,,,,,1450,,2,,4,999,,,,,,,0,0,000000000,00000000000,0,0,0,1,0,0,0,0,0,0,0,998,0,0,0,0,6,8,1,0,0,0,1,29,65721,6,1,6,0,3,0,68,185,0,0,0,0,0,0,0,0,0,1,6,0,0,0,1,2,55,2,5,2,1,0,0,14,6,98,2,1,98,1,0
5,50318,2,2,4,18,8,19,37,1,0,1,0,5,1,49,52,49052,5,2008,JTKKU104X8J0,J,T,K,K,U,1,0,4,X,8,J,0,0,P,TOYT,SXD,4H,8,17,2625,,0,969,,G,,F,4,110,,,16R195,,,,,,0,0,000000000,00000000000,0,0,0,1,0,0,0,0,0,0,0,998,0,0,0,11,4,1,12,0,0,0,1,5,72616,6,1,0,0,3,0,61,123,0,0,0,0,0,0,0,0,0,0,0,0,0,0,1,2,55,3,5,2,1,0,0,14,62,99,1,1,98,0,0
5,50319,1,1,2,18,8,20,49,35,0,1,1,5,2,20,471,20471,30,1996,1GCCS19X9T82,1,G,C,C,S,1,9,X,9,T,8,2,0,T,CHEV,S14,PC,96,17,,1,0,1229,S,G,,,6,262,,,,B,3081,00,,42,0,0,000000000,00000000000,0,0,0,1,0,0,0,0,0,0,0,998,0,0,0,1,6,2,35,0,0,0,1,5,71956,1,1,0,0,2,0,69,160,0,0,1,0,2,3,2011,7,2012,9,6,0,0,0,1,4,40,3,1,2,1,0,0,14,13,99,1,4,1,1,1
5,50320,1,2,2,19,8,14,56,12,1,1,0,5,1,20,481,20481,31,2005,2GCEK13T7513,2,G,C,E,K,1,3,T,7,5,1,3,0,T,CHEV,SK1,CW,5,17,,2,0,1435,SIL,G,,,8,323,,,,B,5299,00,,44,0,0,000000000,00000000000,0,0,0,1,0,0,0,0,0,0,0,998,0,0,0,6,4,1,12,0,0,0,1,5,72830,6,1,0,0,3,3,75,220,0,0,0,0,0,0,0,0,0,0,0,0,0,0,1,2,55,1,2,2,2,0,0,10,16,1,1,1,26,0,0
5,50320,2,2,1,19,8,14,56,12,1,1,0,5,1,72,706,72706,80,2002,1HD1BTY392Y0,1,H,D,1,B,T,Y,3,9,2,Y,0,0,M,HD,XTB,RS,2,17,,,,,,,1450,,2,,4,630,,,,,,,0,0,000000000,00000000000,0,0,0,1,0,0,0,0,0,0,0,998,0,0,0,12,6,2,12,0,0,0,1,5,72830,6,1,0,0,3,0,73,190,0,0,0,0,0,0,0,0,0,0,6,0,0,0,1,2,55,1,2,2,2,0,0,1,51,1,1,1,24,1,0
5,50321,1,2,1,20,8,6,15,12,2,1,0,5,1,2,404,2404,14,1999,1J4FF68S2XL6,1,J,4,F,F,6,8,S,2,X,L,6,0,T,JEEP,SPC,4W,99,17,,1,0,1014,CHK,G,,,6,242,,,,,3255,00,E,44,0,0,000000000,00000000000,0,0,0,1,0,0,0,0,0,0,0,998,0,0,0,12,6,2,12,0,0,0,1,5,72824,6,1,0,0,3,0,63,160,1,0,0,0,2,11,2010,1,2011,0,0,0,0,0,1,2,55,1,1,2,1,0,0,1,62,99,1,1,51,1,0
5,50321,2,2,2,20,8,6,15,12,2,1,0,5,2,2,403,2403,14,2007,1J4GA39117L1,1,J,4,G,A,3,9,1,1,7,L,1,0,T,JEEP,WXR,4W,7,17,,1,0,1160,WRA,G,,,6,230,,,,,4075,00,4,44,0,0,000000000,00000000000,0,0,0,1,0,0,0,0,0,0,0,998,0,0,0,12,6,2,12,0,0,0,1,5,72032,6,1,0,0,3,0,68,150,0,0,0,1,0,7,2012,7,2012,9,28,0,0,0,1,2,55,1,1,2,1,0,0,1,10,99,1,2,50,0,0
5,50322,1,1,1,24,8,1,37,32,0,1,0,5,1,37,441,37441,20,1998,JHMRA3873WC0,J,H,M,R,A,3,8,7,3,W,C,0,0,P,HOND,ODY,SV,98,17,3382,,0,1114,,G,,F,4,137,,,15R205,,,,,,0,0,000000000,00000000000,0,0,0,1,0,0,0,0,0,0,0,998,0,1,5,12,6,2,1,0,0,0,1,5,72145,1,1,0,0,2,0,72,180,0,1,1,0,0,5,2012,5,2012,9,6,0,0,0,1,2,55,3,2,2,1,0,0,14,8,99,1,4,1,1,1
5,50323,1,1,1,24,8,21,43,8,0,1,1,99,9,99,999,99999,99,9999,999999999999,9,9,9,9,9,9,9,9,9,9,9,9,0,,,,,,,,,,,,,,,,,,,,,,,,,0,0,000000000,00000000000,0,0,0,1,0,0,0,0,0,0,0,998,0,0,0,99,4,1,8,0,0,0,1,99,99999,9,9,99,0,9,9,999,999,99,99,99,99,99,99,9999,99,9999,0,99,99,99,99,1,2,55,1,1,2,1,0,0,99,80,99,9,1,13,0,0
5,50324,1,1,5,26,8,3,40,30,0,1,0,5,1,12,3,12003,2,2005,1ZVFT84N8552,1,Z,V,F,T,8,4,N,8,5,5,2,0,P,FORD,MUS,CV,5,17,3476,,0,1071,,G,,F,6,244,,,16R215,,,,,,0,0,000000000,00000000000,0,0,0,1,0,0,0,0,0,0,0,998,0,0,0,12,6,2,30,0,0,0,1,5,72204,6,1,0,0,3,0,70,275,0,0,0,0,0,0,0,0,0,1,6,0,0,0,1,2,45,2,2,2,1,0,0,14,12,1,1,4,6,1,1
5,50325,1,1,1,25,8,13,20,32,0,1,0,5,1,12,481,12481,31,1993,1FTEX15N8PKB,1,F,T,E,X,1,5,N,8,P,K,B,0,T,FORD,F15,PC,93,17,,2,1550,1390,COF,G,,,8,302,,,,B,4164,02,A,42,0,0,000000000,00000000000,0,0,0,1,0,0,0,0,0,0,0,998,0,1,5,12,6,2,1,0,0,0,1,5,72927,6,1,0,0,3,0,70,190,0,0,0,0,0,0,0,0,0,9,6,0,0,0,1,3,55,1,1,2,1,0,0,1,13,1,1,4,1,1,0
5,50326,1,1,1,25,8,17,21,42,0,1,0,5,1,35,481,35481,31,2012,1N6BA0ED6CN3,1,N,6,B,A,0,E,D,6,C,N,3,0,T,NISS,SLP,CW,12,17,,2,0,0,TTN,F,,,8,342,,,,B,5049,00,4,42,0,0,000000000,00000000000,0,0,0,1,0,0,0,0,0,0,0,998,0,0,0,12,6,2,2,0,0,1,1,5,71801,6,1,6,0,3,3,67,165,0,0,0,0,0,0,0,0,0,9,99,99,99,99,1,2,55,2,1,2,1,0,0,14,13,1,1,4,1,1,0
5,50327,1,2,1,25,8,17,51,35,0,1,0,92,0,76,734,76734,90,2001,5Y4AH06Y21A0,5,Y,4,A,H,0,6,Y,2,1,A,0,0,M,YAMA,Y4W,AT,1,17,,,,,,,386,,1,,4,511,,,,,,,0,0,000000000,00000000000,0,0,0,1,0,0,0,0,0,0,0,998,0,0,0,5,4,1,12,0,0,0,1,5,72396,0,0,0,0,0,0,70,120,0,0,0,0,0,0,0,0,0,0,0,0,0,0,1,2,30,1,1,2,1,0,0,10,16,1,1,1,98,0,0
5,50327,2,2,1,25,8,17,51,35,0,1,0,92,0,37,733,37733,90,2002,478TE2104240,4,7,8,T,E,2,1,0,4,2,4,0,0,M,HOND,TX5,AT,2,17,,,,,,,229,,1,,4,397,,,,,,,0,0,000000000,00000000000,0,0,0,1,0,0,0,0,0,0,0,998,0,0,0,98,4,4,12,0,0,0,1,5,72396,0,0,0,0,0,0,999,999,0,0,0,0,0,0,0,0,0,9,26,0,0,0,1,2,30,1,1,2,1,0,0,1,53,7,7,4,1,1,0
5,50328,1,2,2,26,8,13,49,12,2,1,0,5,2,49,44,49044,2,2006,4T1CE38P96U6,4,T,1,C,E,3,8,P,9,6,U,6,0,P,TOYT,CEE,CP,6,17,3175,,0,1051,,G,,F,4,144,,,16R215,,,,,,0,0,000000000,00000000000,0,0,0,1,0,0,0,0,0,0,0,998,0,0,0,12,6,2,12,0,0,0,1,5,72764,6,1,0,0,3,0,72,180,0,0,0,0,0,0,0,0,0,0,28,0,0,0,1,2,55,1,1,2,2,0,0,1,10,1,1,2,50,0,0
5,50328,2,2,3,26,8,13,49,12,2,1,0,45,2,2,405,2405,14,2002,1J4GL58K92W3,1,J,4,G,L,5,8,K,9,2,W,3,0,T,JEEP,LMD,4W,2,17,,1,0,1043,LIB,G,,,6,226,,,,,3975,00,E,44,0,0,000000000,00000000000,0,0,0,1,0,0,0,0,0,0,0,998,0,0,0,12,6,2,12,0,0,0,1,5,72727,0,0,0,0,0,0,66,160,0,0,0,0,0,0,0,0,0,0,0,0,0,0,1,2,55,1,1,2,2,0,0,1,62,1,1,1,51,1,0
5,50329,1,5,1,26,8,19,15,12,7,1,0,47,1,53,705,53705,80,2005,VTTGM51A0521,V,T,T,G,M,5,1,A,0,5,2,1,0,M,SUZI,GSF,RS,5,17,,,,,,,487,,2,,4,396,,,,,,,0,0,000000000,00000000000,0,0,0,1,0,0,0,0,0,0,0,998,0,0,0,98,6,2,12,0,0,0,1,47,38141,6,1,0,0,3,3,71,167,0,1,0,1,0,10,2009,11,2010,0,35,0,0,0,3,6,55,1,1,2,1,40,3,6,53,1,1,2,48,1,0
5,50329,2,5,1,26,8,19,15,12,7,1,0,5,3,63,34,63034,4,2013,5XXGM4A72DG1,5,X,X,G,M,4,A,7,2,D,G,1,0,P,KIA,OLX,4D,13,17,3206,,0,1100,,G,,F,4,144,,,16R205,,,,,,0,0,000000000,00000000000,0,0,0,1,0,0,0,0,0,0,0,998,0,0,0,11,6,2,12,0,0,0,1,5,72301,6,1,0,0,3,0,59,152,0,0,0,0,0,0,0,0,0,0,58,0,0,0,3,3,55,1,1,2,1,40,3,15,10,7,1,2,48,0,0
5,50329,3,5,2,26,8,19,15,12,7,1,0,47,1,37,32,37032,4,2006,1HGCM568X6A0,1,H,G,C,M,5,6,8,X,6,A,0,0,P,HOND,UEX,4D,6,17,3239,,0,1079,,G,,F,4,146,,,16R205,,,,,,0,0,000000000,00000000000,0,0,0,1,0,0,0,0,0,0,0,998,0,0,0,98,4,8,12,0,0,0,1,47,38107,6,1,6,0,3,0,66,140,0,0,0,0,0,0,0,0,0,0,0,0,0,0,3,3,55,1,1,2,1,0,0,1,98,99,1,2,98,0,0
5,50329,4,5,2,26,8,19,15,12,7,1,0,29,3,7,482,7482,31,2012,1C6RD7GP0CS1,1,C,6,R,D,7,G,P,0,C,S,1,0,T,DODG,SL1,CW,12,17,,2,0,1400,RPC,G,,,8,287,,,,B,5294,00,K,44,0,0,000000000,00000000000,0,0,0,1,0,0,0,0,0,0,0,998,0,0,0,98,6,8,12,0,0,0,1,29,63103,6,1,0,0,3,0,66,145,0,0,0,0,0,0,0,0,0,0,0,0,0,0,3,3,55,1,1,2,1,0,0,1,98,99,1,2,98,0,0
5,50329,5,5,1,26,8,19,15,12,7,1,0,47,1,12,481,12481,31,2003,1FTRW07L93KD,1,F,T,R,W,0,7,L,9,3,K,D,0,T,FORD,F1S,CW,3,17,,2,0,1385,COF,G,,,8,330,,,,B,4655,00,U,42,0,0,000000000,00000000000,0,0,0,1,0,0,0,0,0,0,0,998,0,0,0,98,4,8,12,0,0,0,1,47,38127,6,1,0,0,3,0,74,266,0,0,0,0,0,0,0,0,0,0,0,0,0,0,3,3,55,1,1,2,1,0,0,1,98,99,1,3,98,0,0
5,50330,1,2,1,27,8,1,56,12,2,1,0,5,3,86,881,86881,66,2012,1M1AW09Y8CM0,1,M,1,A,W,0,9,Y,8,C,M,0,1,T,MACK,CXU,TR,12,17,,8,0,0,600,D,,,6,783,,,,,00000,00,,64,1,57,978310,57978310,3,6,1,1,0,0,0,0,0,0,0,998,0,0,0,12,6,2,12,0,0,1,1,5,72569,6,1,6,0,3,0,71,215,0,0,0,0,0,0,0,0,0,0,0,0,0,0,1,2,55,1,1,1,1,0,0,1,62,3,2,2,51,0,0
5,50330,2,2,1,27,8,1,56,12,2,1,0,5,1,55,35,55035,4,2000,KMHJF35F4YU8,K,M,H,J,F,3,5,F,4,Y,U,8,0,P,HYUN,EGS,4D,0,17,2626,,0,1004,,G,,F,4,121,,,14R195,,,,,,0,0,000000000,00000000000,0,0,0,1,0,0,0,0,0,0,0,998,0,0,0,12,6,2,12,0,0,0,1,5,72455,3,1,0,0,2,0,73,215,0,0,0,0,0,0,0,0,0,0,28,0,0,0,1,2,55,1,1,1,1,0,0,1,10,1,1,2,50,1,0
5,50331,1,1,1,27,8,4,53,42,0,1,0,5,1,20,481,20481,31,2004,1GCEK14T34Z2,1,G,C,E,K,1,4,T,3,4,Z,2,0,T,CHEV,SK1,PK,4,17,,2,1330,1190,SIL,G,,,8,325,,,,B,4436,00,,44,0,0,000000000,00000000000,0,0,0,1,0,0,0,0,0,0,0,998,0,0,0,81,6,2,42,0,0,0,1,5,72653,1,1,0,0,2,0,69,145,0,1,1,1,1,1,2011,4,2012,0,58,0,0,0,1,2,45,3,2,2,1,0,0,14,12,6,4,4,2,1,1
5,50332,1,2,2,27,8,16,19,12,2,1,0,5,2,12,401,12401,14,1998,1FMYU22E8WUD,1,F,M,Y,U,2,2,E,8,W,U,D,0,P,FORD,EPR,UT,98,17,3692,,0,1017,,G,,F,6,245,,,15R225,,,,,,0,0,000000000,00000000000,0,0,0,1,0,0,0,0,0,0,0,998,0,1,5,12,6,2,12,0,0,0,1,5,72701,6,1,0,0,3,0,69,155,0,0,0,0,0,0,0,0,0,0,6,0,0,0,1,4,40,1,1,2,1,0,0,1,10,1,1,2,50,1,0
5,50332,2,2,1,27,8,16,19,12,2,1,0,5,1,7,20,7020,4,2002,1B3ES26C62D6,1,B,3,E,S,2,6,C,6,2,D,6,0,P,DODG,NEO,4D,2,17,2604,,0,1050,,G,,F,4,122,,,14R185,,,,,,0,0,000000000,00000000000,0,0,0,1,0,0,0,0,0,0,0,998,0,0,0,12,6,2,12,0,0,0,1,5,72744,6,1,0,0,3,3,64,205,0,0,0,0,0,0,0,0,0,0,0,0,0,0,1,4,40,1,1,2,1,0,0,1,62,3,2,1,51,0,0
5,50333,1,2,1,27,8,16,30,12,6,1,0,5,1,23,481,23481,31,2008,1GTEC19X88Z1,1,G,T,E,C,1,9,X,8,8,Z,1,0,T,GMC,SC1,4C,8,17,,2,1575,1339,SIE,G,,,6,262,,,,B,4870,03,4,42,0,0,000000000,00000000000,0,0,0,1,0,0,0,0,0,0,0,998,0,0,0,12,6,2,12,0,0,0,1,5,72401,6,1,0,0,3,0,73,155,0,0,0,0,0,0,0,0,0,0,0,0,0,0,1,2,55,1,1,2,2,0,0,1,60,1,1,1,69,0,0
5,50333,2,2,1,27,8,16,30,12,6,1,0,5,1,37,32,37032,4,2004,1HGCM564X4A0,1,H,G,C,M,5,6,4,X,4,A,0,0,P,HOND,ULX,4D,4,17,3113,,0,1079,,G,,F,4,146,,,15R205,,,,,,0,0,000000000,00000000000,0,0,0,1,0,0,0,0,0,0,0,998,0,0,0,83,6,2,12,0,0,0,1,5,72354,6,1,0,0,3,3,70,173,0,0,0,0,0,0,0,0,0,0,38,0,0,0,1,2,55,1,1,2,2,0,0,11,15,1,1,2,68,1,0
5,50334,1,1,1,27,8,21,38,42,0,1,0,5,1,12,402,12402,14,2004,1FMYU931X4KA,1,F,M,Y,U,9,3,1,X,4,K,A,0,P,FORD,SPE,UT,4,17,3346,,0,1031,,G,,F,6,181,,,16R235,,,,,,0,0,000000000,00000000000,0,0,0,1,0,0,0,0,0,0,0,998,0,1,6,12,6,2,2,0,0,1,1,5,71949,6,1,0,0,3,3,71,190,0,0,0,0,4,12,2010,3,2012,0,99,99,99,99,1,2,55,3,1,2,1,0,0,14,13,99,1,4,1,1,0
5,50335,1,1,1,28,8,13,49,1,0,1,0,5,1,12,471,12471,30,1991,1FTCR10A2MUC,1,F,T,C,R,1,0,A,2,M,U,C,0,T,FORD,RNG,PK,91,17,,1,1140,1080,RNG,G,,,4,140,,,,B,2674,01,A,42,0,0,000000000,00000000000,0,0,0,1,0,0,0,0,0,0,0,998,0,2,1,0,6,2,1,0,0,0,1,5,72833,6,1,0,0,3,0,62,175,0,0,0,0,0,0,0,0,0,9,6,58,0,0,1,2,55,1,1,2,1,0,0,1,98,7,2,6,98,1,0
5,50336,1,4,1,28,8,17,32,12,6,1,0,5,1,55,41,55041,4,2009,KMHGC46E69U0,K,M,H,G,C,4,6,E,6,9,U,0,0,P,HYUN,GN3,4D,9,17,3748,,0,0,,G,,F,6,230,,,000000,,,,,,0,0,000000000,00000000000,0,0,0,1,0,0,0,0,0,0,0,998,0,0,0,4,6,2,12,0,0,0,1,5,72110,6,1,0,0,3,3,72,260,0,0,0,0,0,0,0,0,0,0,38,0,0,0,1,3,45,1,1,2,1,97,8,1,17,99,1,1,87,1,0
5,50336,2,4,1,28,8,17,32,12,6,1,0,48,1,12,481,12481,31,2003,1FTRX17213NB,1,F,T,R,X,1,7,2,1,3,N,B,0,T,FORD,F15,4C,3,17,,2,1571,1385,COF,G,,,6,256,,,,B,4060,00,U,42,0,0,000000000,00000000000,0,0,0,1,0,0,0,0,0,0,0,998,0,0,0,12,6,2,12,0,0,0,1,48,75860,0,0,0,0,0,0,999,999,0,0,0,0,0,0,0,0,0,9,0,0,0,0,1,3,45,1,1,2,1,97,8,1,17,99,1,1,86,0,0
5,50336,3,4,1,28,8,17,32,12,6,1,0,5,1,20,422,20422,15,2007,1GNFC16077J1,1,G,N,F,C,1,6,0,7,7,J,1,0,P,CHEV,C15,UT,7,17,5613,,0,1300,,F,,F,8,323,,,17R265,,,,,,0,0,000000000,00000000000,0,0,0,1,0,0,0,0,0,0,0,0,0,0,0,12,4,1,12,0,0,0,1,5,71923,6,1,0,0,3,0,68,170,0,0,0,0,0,0,0,0,0,0,0,0,0,0,1,2,45,1,1,2,1,20,3,5,62,99,1,1,98,0,0
5,50336,4,4,1,28,8,17,32,12,6,1,0,5,2,20,37,20037,4,2002,1G1NE52J72M5,1,G,1,N,E,5,2,J,7,2,M,5,0,P,CHEV,M/L,4D,2,17,3053,,0,1070,,G,,F,6,191,,,15R215,,,,,,0,0,000000000,00000000000,0,0,0,1,0,0,0,0,0,0,0,0,0,0,0,13,4,1,54,0,0,0,1,5,72110,6,2,0,0,3,2,64,150,0,0,0,0,0,0,0,0,0,0,73,0,0,0,1,2,45,1,1,2,1,20,3,5,98,99,1,1,98,0,0
5,50337,1,4,1,29,8,15,59,12,11,1,0,5,1,35,401,35401,14,1999,JN8AR05S9XW2,J,N,8,A,R,0,5,S,9,X,W,2,0,P,NISS,PFI,UT,99,17,3566,,0,1063,,G,,F,6,201,,,15R235,,,,,,0,0,000000000,00000000000,0,0,0,1,0,0,0,0,0,0,0,998,0,1,5,98,6,2,12,0,0,0,1,5,71923,6,1,0,0,3,0,66,190,0,0,0,0,0,0,0,0,0,0,99,99,99,99,1,2,55,3,9,2,1,0,0,14,62,6,1,2,98,0,0
5,50337,2,4,1,29,8,15,59,12,11,1,0,5,1,37,32,37032,4,1991,1HGCB7653MA1,1,H,G,C,B,7,6,5,3,M,A,1,0,P,HOND,ALE,4D,91,17,2504,,0,1071,,G,,F,4,132,,,14R185,,,,,,0,0,000000000,00000000000,0,0,0,1,0,0,0,0,0,0,0,998,0,0,0,13,6,2,12,0,0,0,1,5,71763,6,1,0,0,3,0,68,135,0,0,0,0,0,0,0,0,0,0,0,0,0,0,1,2,55,3,9,2,1,0,0,14,62,1,1,1,98,1,0