STATE,ST_CASE,VEH_NO,VE_FORMS,NUMOCCS,DAY,MONTH,HOUR,MINUTE,HARM_EV,MAN_COLL,UNITTYPE,HIT_RUN,REG_STAT,OWNER,MAKE,MODEL,MAK_MOD,BODY_TYP,MOD_YEAR,VIN,VIN_1,VIN_2,VIN_3,VIN_4,VIN_5,VIN_6,VIN_7,VIN_8,VIN_9,VIN_10,VIN_11,VIN_12,TOW_VEH,VINTYPE,VINMAKE,VINA_MOD,VIN_BT,VINMODYR,VIN_LNGT,VIN_WGT,WGTCD_TR,WHLBS_LG,WHLBS_SH,SER_TR,FUELCODE,MCYCL_DS,CARBUR,CYLINDER,DISPLACE,MCYCL_CY,MCYCL_WT,TIRE_SZE,TON_RAT,TRK_WT,TRKWTVAR,VIN_REST,WHLDRWHL,J_KNIFE,MCARR_I1,MCARR_I2,MCARR_ID,GVWR,V_CONFIG,CARGO_BT,HAZ_INV,HAZ_PLAC,HAZ_ID,HAZ_CNO,HAZ_REL,BUS_USE,SPEC_USE,EMER_USE,TRAV_SP,UNDERIDE,ROLLOVER,ROLINLOC,IMPACT1,DEFORMED,TOWED,M_HARM,VEH_SC1,VEH_SC2,FIRE_EXP,DR_PRES,L_STATE,DR_ZIP,L_STATUS,L_TYPE,CDL_STAT,L_ENDORS,L_COMPL,L_RESTRI,DR_HGT,DR_WGT,PREV_ACC,PREV_SUS,PREV_DWI,PREV_SPD,PREV_OTH,FIRST_MO,FIRST_YR,LAST_MO,LAST_YR,SPEEDREL,DR_SF1,DR_SF2,DR_SF3,DR_SF4,VTRAFWAY,VNUM_LAN,VSPD_LIM,VALIGN,VPROFILE,VPAVETYP,VSURCOND,VTRAFCON,VTCONT_F,P_CRASH1,P_CRASH2,P_CRASH3,PCRASH4,PCRASH5,ACC_TYPE,DEATHS,DR_DRINK
5,50372,1,1,1,4,10,8,28,15,0,1,0,92,0,12,401,12401,14,2001,1FMZU62E41ZA,1,F,M,Z,U,6,2,E,4,1,Z,A,0,P,FORD,EPR,UT,1,17,3845,,0,1116,,G,,F,6,245,,,15R235,,,,,,0,0,000000000,00000000000,0,0,0,1,0,0,0,0,0,0,0,998,0,0,0,12,4,1,15,0,0,0,1,5,72143,6,1,0,0,3,3,62,246,0,0,0,0,0,0,0,0,0,0,0,0,0,0,1,2,35,1,1,2,1,0,0,1,83,1,1,1,13,0,0
5,50373,1,3,1,5,10,12,51,12,2,1,0,5,3,7,881,7881,61,2011,3D6WZ4EL5BG5,3,D,6,W,Z,4,E,L,5,B,G,5,0,T,DODG,S35,CB,11,17,,3,1675,1435,RPC,D,,,6,408,,,,D,6253,00,K,44,0,77,777777777,77777777777,2,1,96,1,0,0,0,0,0,0,0,998,0,0,0,12,6,2,12,0,0,0,1,5,72764,6,1,6,0,3,0,72,240,0,0,0,0,0,0,0,0,0,0,6,0,0,0,1,2,55,1,2,2,2,0,0,1,10,1,1,2,50,0,0
5,50373,2,3,2,5,10,12,51,12,2,1,0,5,1,12,481,12481,31,1993,1FTHX25M1PKA,1,F,T,H,X,2,5,M,1,P,K,A,0,T,FORD,F25,PC,93,17,,2,0,1550,COF,D,,,8,444,,,,C,00000,00,A,42,0,0,000000000,00000000000,0,0,0,1,0,0,0,0,0,0,0,998,0,0,0,12,6,2,12,0,0,1,1,5,72764,6,1,0,0,3,3,71,180,0,0,0,0,0,0,0,0,0,0,0,0,0,0,1,2,55,1,2,2,2,0,0,1,62,1,1,1,51,1,0
5,50373,3,3,2,5,10,12,51,12,2,1,0,5,1,12,17,12017,4,1998,1FAFP52S3WG1,1,F,A,F,P,5,2,S,3,W,G,1,0,P,FORD,TLS,4D,98,17,3359,,0,1085,,G,,F,6,182,,,15R205,,,,,,0,0,000000000,00000000000,0,0,0,1,0,0,0,0,0,0,0,998,0,0,0,98,6,2,12,0,0,0,1,5,72032,6,1,0,0,3,3,75,178,0,0,0,0,0,0,0,0,0,0,0,0,0,0,1,2,55,1,2,2,2,0,0,1,51,3,1,1,98,0,0
5,50374,1,1,1,5,10,13,0,7,0,1,0,5,1,37,705,37705,80,2008,JH2RC53578M1,J,H,2,R,C,5,3,5,7,8,M,1,0,M,HOND,VC7,RS,8,17,,,,,,,745,,2,,4,503,,,,,,,0,0,000000000,00000000000,0,0,0,1,0,0,0,0,0,0,0,998,0,0,0,0,6,2,7,0,0,0,1,5,72015,6,1,0,0,3,0,72,219,1,0,0,1,0,4,2011,6,2011,9,6,0,0,0,1,2,50,1,2,2,1,0,0,1,8,8,2,2,0,1,0
5,50375,1,1,1,5,10,23,55,8,0,1,1,5,2,23,401,23401,14,2002,1GKDT13S7222,1,G,K,D,T,1,3,S,7,2,2,2,0,T,GMC,ENV,4W,2,17,,1,0,1130,ENV,G,,,6,256,,,,B,4628,00,K,44,0,0,000000000,00000000000,0,0,0,1,0,0,0,0,0,0,0,998,0,0,0,12,4,1,8,99,99,0,1,5,71603,1,1,0,0,2,0,67,180,0,0,0,0,0,0,0,0,0,9,28,0,0,0,1,2,30,1,1,2,1,0,0,1,80,99,1,2,13,0,0
5,50376,1,1,1,6,10,13,50,35,0,1,0,5,1,20,481,20481,31,1993,1GCDC14Z3PZ1,1,G,C,D,C,1,4,Z,3,P,Z,1,0,T,CHEV,GC1,PK,93,17,,1,1315,1175,GM4,G,,,6,262,,,,B,3718,02,,42,0,0,000000000,00000000000,0,0,0,1,0,0,0,0,0,0,0,998,0,1,5,12,6,2,1,0,0,0,1,5,72466,6,1,6,0,3,3,71,214,0,0,0,0,0,0,0,0,0,0,6,0,0,0,1,2,55,1,2,2,1,0,0,1,13,1,1,4,1,1,0
5,50377,1,1,1,6,10,19,28,59,0,1,0,5,1,20,421,20421,15,2004,1GNEK13ZX4R2,1,G,N,E,K,1,3,Z,X,4,R,2,0,P,CHEV,KTA,UT,4,17,5050,,0,1160,,F,,F,8,325,,,16R265,,,,,,0,0,000000000,00000000000,0,0,0,1,0,0,0,0,0,0,0,998,0,0,0,12,6,2,2,0,0,1,1,5,72210,6,1,0,0,3,0,73,210,0,0,0,0,0,0,0,0,0,0,99,99,99,99,3,2,70,3,2,2,2,0,0,14,13,99,1,4,1,1,0
5,50378,1,1,1,7,10,5,10,33,0,1,0,31,2,72,706,72706,80,2004,1HD1FCW154Y6,1,H,D,1,F,C,W,1,5,4,Y,6,0,M,HD,FLU,RS,4,17,,,,,,,1450,,2,,4,788,,,,,,,0,0,000000000,00000000000,0,0,0,1,0,0,0,0,0,0,0,998,0,0,0,12,6,2,33,0,0,0,1,39,44118,6,1,0,0,3,3,72,220,0,0,0,1,0,8,2011,8,2011,1,6,0,0,0,1,2,25,1,1,2,1,20,3,1,13,1,1,4,1,1,1
5,50379,1,1,1,8,10,0,15,52,0,1,0,5,1,20,481,20481,31,2010,3GCRCREA6AG1,3,G,C,R,C,R,E,A,6,A,G,1,0,T,CHEV,4SC,CW,10,17,,2,0,1435,SIL,F,,,8,293,,,,B,5110,00,,42,0,0,000000000,00000000000,0,0,0,1,0,0,0,0,0,0,0,998,0,1,5,12,6,2,1,0,0,0,1,5,72830,6,1,0,0,3,0,73,160,0,0,0,0,0,0,0,0,0,0,6,0,0,0,1,2,55,1,1,2,2,0,0,1,12,1,1,4,6,1,0
5,50380,1,1,2,8,10,0,30,32,0,1,0,5,2,20,9,20009,2,1997,2G1FP22K8V21,2,G,1,F,P,2,2,K,8,V,2,1,0,P,CHEV,C/R,CP,97,17,3294,,0,1011,,G,,F,6,231,,,16R215,,,,,,0,0,000000000,00000000000,0,0,0,1,0,0,0,0,0,0,0,998,0,0,0,6,6,2,32,0,0,0,1,5,71857,6,1,0,0,3,0,72,203,0,0,0,2,0,6,2010,5,2011,0,6,0,0,0,1,2,55,3,1,2,1,0,0,14,12,99,4,4,7,2,1
5,50381,1,2,1,8,10,18,50,12,6,1,0,5,1,12,17,12017,4,1996,1FALP52U5TG2,1,F,A,L,P,5,2,U,5,T,G,2,0,P,FORD,TAG,4D,96,17,3347,,0,1085,,G,,F,6,182,,,15R205,,,,,,0,0,000000000,00000000000,0,0,0,1,0,0,0,0,0,0,0,998,0,0,0,9,6,2,12,0,0,0,1,5,72653,6,1,0,0,3,0,63,109,0,0,0,0,0,0,0,0,0,0,38,0,0,0,3,2,60,1,2,1,1,20,3,1,17,1,1,2,89,0,0
5,50381,2,2,1,8,10,18,50,12,6,1,0,5,2,76,706,76706,80,2006,JYAVP17EX6A0,J,Y,A,V,P,1,7,E,X,6,A,0,0,M,YAMA,X17,RS,6,17,,,,,,,1670,,2,,4,679,,,,,,,0,0,000000000,00000000000,0,0,0,1,0,0,0,0,0,0,0,998,0,0,0,12,6,2,12,0,0,0,1,5,72536,6,1,0,0,3,0,71,170,0,0,0,1,0,2,2010,2,2010,0,0,0,0,0,3,2,60,1,2,1,1,0,0,1,17,1,1,1,88,1,0
5,50382,1,3,1,9,10,15,58,12,1,1,0,5,3,98,804,98804,66,2001,2WKPDD3J91K9,2,W,K,P,D,D,3,J,9,1,K,9,1,T,WSTR,490,TR,1,17,,8,0,0,CNV,D,,,6,893,,,,,00000,00,,64,1,77,777777777,77777777777,3,6,10,1,0,0,0,0,0,0,0,998,0,0,0,6,4,1,12,0,0,0,1,5,72853,6,1,6,0,3,0,71,160,0,0,0,0,1,12,2010,12,2010,0,0,0,0,0,1,2,55,1,1,2,1,0,0,2,53,99,1,1,29,0,0
5,50382,2,3,1,9,10,15,58,12,1,1,0,5,2,20,422,20422,15,2008,3GNFK16308G1,3,G,N,F,K,1,6,3,0,8,G,1,0,P,CHEV,K15,UT,8,17,5743,,0,1300,,F,,F,8,323,,,17R265,,,,,,0,0,000000000,00000000000,0,0,0,1,0,0,0,0,0,0,0,998,0,1,2,12,6,2,12,0,0,0,1,5,72223,6,1,0,0,3,0,70,140,0,0,0,0,0,0,0,0,0,0,0,0,0,0,1,2,55,1,1,2,1,0,0,1,62,99,1,1,98,0,0
5,50382,3,3,1,9,10,15,58,12,1,1,0,5,1,98,804,98804,66,1997,2WKPDCJJ4VK9,2,W,K,P,D,C,J,J,4,V,K,9,1,T,WSTR,490,TR,97,17,,8,0,0,CNV,D,,,6,855,,,,,00000,00,,64,1,77,777777777,77777777777,3,6,10,1,0,0,0,0,0,0,0,998,0,1,5,12,6,2,12,0,0,0,1,5,72958,6,1,6,0,3,0,70,210,0,0,0,0,0,0,0,0,0,9,6,26,35,0,1,2,55,1,1,2,1,0,0,6,52,99,1,1,28,1,0
5,50383,1,2,1,10,10,15,50,12,6,1,0,5,1,12,422,12422,15,2005,1FMFU185X5LA,1,F,M,F,U,1,8,5,X,5,L,A,0,P,FORD,EPT,UT,5,17,5607,,0,1191,,G,,F,8,330,,,17R265,,,,,,0,0,000000000,00000000000,0,0,0,1,0,0,0,0,0,0,0,998,0,0,0,11,6,2,12,0,0,0,1,5,72176,6,1,6,0,2,3,72,195,0,0,0,1,0,4,2010,4,2010,0,0,0,0,0,1,2,55,1,8,2,1,0,0,11,15,1,1,2,82,0,0
5,50383,2,2,1,10,10,15,50,12,6,1,0,5,1,76,709,76709,80,2011,JYAVP27E8BA0,J,Y,A,V,P,2,7,E,8,B,A,0,0,M,YAMA,9CU,RS,11,17,,,,,,,1854,,2,,4,692,,,,,,,0,0,000000000,00000000000,0,0,0,1,0,0,0,0,0,0,0,998,0,0,0,9,6,2,12,0,0,0,1,5,72007,6,1,6,0,3,3,75,220,0,0,0,0,0,0,0,0,0,0,0,0,0,0,1,2,55,1,8,2,1,0,0,1,62,99,1,1,83,1,0
5,50384,1,2,2,12,10,13,11,12,1,1,0,92,0,49,472,49472,30,1996,4TAWN72N2TZ1,4,T,A,W,N,7,2,N,2,T,Z,1,1,T,TOYT,XTR,PC,96,17,,1,0,1219,TAC,G,,,6,206,,,,B,3405,00,M,44,1,0,000000000,00000000000,0,0,0,1,0,0,0,0,0,0,0,998,0,0,0,6,4,1,12,0,0,0,1,5,71730,1,1,0,0,2,0,68,200,0,0,0,0,0,0,0,0,0,0,21,0,0,0,1,2,35,1,2,2,1,0,0,11,15,1,1,1,26,0,0
5,50384,2,2,2,12,10,13,11,12,1,1,0,5,1,21,2,21002,4,1985,1G3BN69Y7F90,1,G,3,B,N,6,9,Y,7,F,9,0,0,P,OLDS,ROY,4D,85,17,3354,,0,1160,,G,,4,8,307,,,15R205,,,,,,0,0,000000000,00000000000,0,0,0,1,0,0,0,0,0,0,0,998,0,0,0,12,4,3,12,0,0,0,1,5,71730,6,1,0,0,3,0,65,155,0,0,0,0,0,0,0,0,0,0,0,0,0,0,1,2,35,1,2,2,1,0,0,1,51,1,1,1,24,1,0
5,50385,1,2,5,13,10,19,40,12,6,1,0,5,2,55,401,55401,14,2004,KM8SB12B74U8,K,M,8,S,B,1,2,B,7,4,U,8,0,P,HYUN,SAN,UT,4,17,3494,,0,1031,,G,,F,4,143,,,16R225,,,,,,0,0,000000000,00000000000,0,0,0,1,0,0,0,0,0,0,0,998,0,0,0,3,6,2,12,0,0,0,1,5,72401,6,1,0,0,3,0,67,150,0,0,0,0,0,0,0,0,0,0,38,0,0,0,1,2,55,1,3,2,1,0,0,11,15,1,1,2,68,1,0
5,50385,2,2,1,13,10,19,40,12,6,1,0,5,1,12,481,12481,31,2001,3FTNW21F11MA,3,F,T,N,W,2,1,F,1,1,M,A,0,T,FORD,F2S,CW,1,17,,2,1724,1562,SRW,D,,,8,444,,,,C,5932,07,E,44,0,0,000000000,00000000000,0,0,0,1,0,0,0,0,0,0,0,998,0,0,0,12,6,2,12,0,0,0,1,5,72401,6,1,0,0,3,3,71,175,0,0,0,0,0,0,0,0,0,0,0,0,0,0,1,2,55,1,3,2,1,0,0,1,62,3,2,1,69,0,0
5,50386,1,1,1,13,10,21,24,35,0,1,0,5,1,72,706,72706,80,2001,1HD1CAP171K1,1,H,D,1,C,A,P,1,7,1,K,1,0,M,HD,L12,RS,1,17,,,,,,,1200,,2,,4,491,,,,,,,0,0,000000000,00000000000,0,0,0,1,0,0,0,0,0,0,0,998,0,0,0,3,6,2,35,0,0,0,1,5,72837,1,1,0,0,2,0,68,180,0,2,0,0,0,11,2011,7,2012,9,6,0,0,0,1,2,55,1,2,2,1,0,0,1,9,99,2,4,6,1,1
5,50387,1,1,1,14,10,0,52,19,0,1,0,5,2,49,40,49040,4,1989,JT2VV21E5K00,J,T,2,V,V,2,1,E,5,K,0,0,0,P,TOYT,CMD,4D,89,17,2965,,0,1024,,G,,F,6,153,,,15R195,,,,,,0,0,000000000,00000000000,0,0,0,1,0,0,0,0,0,0,0,998,0,0,0,12,6,2,19,0,0,0,1,5,72801,0,0,0,0,0,0,65,140,0,0,0,0,0,0,0,0,0,1,0,0,0,0,1,2,30,2,1,2,2,0,0,14,12,1,1,4,6,1,1
5,50388,1,1,1,14,10,20,43,53,0,1,0,5,1,72,706,72706,80,2008,1HD1GY4438K3,1,H,D,1,G,Y,4,4,3,8,K,3,0,M,HD,FTB,RS,8,17,,,,,,,1584,,2,,4,703,,,,,,,0,0,000000000,00000000000,0,0,0,1,0,0,0,0,0,0,0,998,0,0,0,98,6,2,53,0,0,0,1,5,72903,6,1,0,0,3,0,70,180,0,0,0,0,0,0,0,0,0,0,99,99,99,99,1,2,30,3,1,2,1,0,0,14,13,3,2,4,2,1,1
5,50389,1,2,1,16,10,6,20,12,1,1,0,47,1,82,881,82881,66,1992,1FUYDSYB7NH5,1,F,U,Y,D,S,Y,B,7,N,H,5,1,T,FRHT,FLD,TR,92,17,,8,0,0,CON,D,,,6,893,,,,,00000,00,,64,1,57,1072289,571072289,3,6,3,1,0,0,0,0,0,0,0,998,0,0,0,6,4,1,12,0,0,0,1,47,38127,6,1,6,1,3,0,78,350,0,0,0,0,0,0,0,0,0,0,0,0,0,0,2,2,65,1,1,2,1,0,0,1,53,99,1,1,25,0,0
5,50389,2,2,1,16,10,6,20,12,1,1,0,5,1,35,47,35047,4,2012,1N4AL2AP0CN4,1,N,4,A,L,2,A,P,0,C,N,4,0,P,NISS,ATS,4D,12,17,3180,,0,1093,,G,,F,4,153,,,16R215,,,,,,0,0,000000000,00000000000,0,0,0,1,0,0,0,0,0,0,0,998,0,0,0,12,6,2,12,0,0,0,1,5,72472,6,1,0,0,3,3,62,130,0,0,0,0,0,0,0,0,0,9,6,0,0,0,2,2,65,1,1,2,1,0,0,1,51,99,1,1,24,1,0
5,50390,1,1,2,16,10,14,0,34,0,1,0,5,2,6,54,6054,6,2005,2C4GM68445R2,2,C,4,G,M,6,8,4,4,5,R,2,0,P,CHRY,PIF,UT,5,17,4361,,0,1160,,G,,F,6,214,,,17R235,,,,,,0,0,000000000,00000000000,0,0,0,1,0,0,0,0,0,0,0,998,0,1,5,3,6,2,1,0,0,0,1,5,72046,0,0,0,0,0,0,69,145,0,0,0,0,0,0,0,0,0,9,6,0,0,0,1,2,55,1,1,2,1,0,0,1,8,99,4,4,6,1,0
5,50391,1,2,1,17,10,6,50,12,2,1,0,5,1,7,25,7025,5,2012,1C3CDWDA4CD5,1,C,3,C,D,W,D,A,4,C,D,5,0,P,DODG,CXT,4D,12,17,3012,,0,1037,,G,,F,4,122,,,18R215,,,,,,0,0,000000000,00000000000,0,0,0,1,0,0,0,0,0,0,0,998,0,0,0,12,6,2,12,0,0,0,1,5,71630,6,1,0,0,3,0,60,115,0,0,0,0,1,7,2012,7,2012,9,28,0,0,0,1,2,55,1,1,2,1,0,0,98,10,99,1,2,50,1,0
5,50391,2,2,1,17,10,6,50,12,2,1,0,5,1,35,471,35471,30,1997,1N6SD11S6VC4,1,N,6,S,D,1,1,S,6,V,C,4,0,T,NISS,XES,PK,97,17,,1,0,1043,TRK,G,,,4,146,,,,B,2718,01,M,42,0,0,000000000,00000000000,0,0,0,1,0,0,0,0,0,0,0,998,0,0,0,12,6,2,12,0,0,0,1,5,71630,6,1,0,0,3,0,70,250,0,0,0,0,0,0,0,0,0,9,99,99,99,99,1,2,55,1,1,2,1,0,0,1,62,99,1,1,51,1,0
5,50392,1,1,1,17,10,16,36,1,0,1,0,40,3,98,809,98809,66,2007,2FWBA2CVX7AZ,2,F,W,B,A,2,C,V,X,7,A,Z,1,T,STRG,A90,TR,7,17,,7,0,0,STE,D,,,6,782,,,,,00000,00,,42,1,77,777777777,77777777777,3,6,1,1,0,0,0,0,0,0,0,998,0,2,5,0,6,2,1,0,0,0,1,5,72211,6,1,6,1,3,0,70,150,0,0,0,0,1,5,2011,5,2011,9,6,0,0,0,6,1,98,3,2,1,2,0,0,14,13,99,1,4,1,1,0
5,50393,1,2,1,17,10,16,48,12,2,1,0,5,2,12,17,12017,4,2000,1FAFP5528YA1,1,F,A,F,P,5,5,2,8,Y,A,1,0,P,FORD,TSS,4D,0,17,3333,,0,1085,,F,,F,6,182,,,16R215,,,,,,0,0,000000000,00000000000,0,0,0,1,0,0,0,0,0,0,0,998,0,0,0,12,6,2,12,0,0,0,1,5,72521,1,1,0,0,2,0,65,140,0,2,0,0,0,9,2012,9,2012,9,6,28,0,0,1,3,55,2,2,2,2,0,0,14,10,99,1,2,50,1,0
5,50393,2,2,1,17,10,16,48,12,2,1,0,5,1,7,403,7403,14,2011,1D4PT4GK9BW6,1,D,4,P,T,4,G,K,9,B,W,6,0,P,DODG,NIT,UT,11,17,3932,,0,1088,,G,,F,6,225,,,20R245,,,,,,0,0,000000000,00000000000,0,0,0,1,0,0,0,0,0,0,0,998,0,1,5,12,6,2,1,0,0,0,1,5,72501,6,1,0,0,3,0,63,132,0,0,0,0,0,0,0,0,0,9,0,0,0,0,1,3,55,3,2,2,2,0,0,14,62,7,1,1,51,0,0
5,50394,1,1,1,17,10,22,50,38,0,1,0,5,2,24,11,24011,5,2008,W08AT6716851,W,0,8,A,T,6,7,1,6,8,5,1,0,P,STRN,ASR,4H,8,17,2921,,0,1029,,G,,F,4,110,,,16R205,,,,,,0,0,000000000,00000000000,0,0,0,1,0,0,0,0,0,0,0,998,0,0,0,3,6,2,42,0,0,0,1,5,72032,6,1,0,0,3,0,62,130,0,1,0,0,0,1,2012,1,2012,1,0,0,0,0,1,2,55,3,1,8,1,0,0,14,6,99,1,4,6,1,0
5,50395,1,2,5,19,10,19,2,12,6,1,0,5,2,7,20,7020,4,2004,1B3ES56C54D6,1,B,3,E,S,5,6,C,5,4,D,6,0,P,DODG,NXT,4D,4,17,2634,,0,1040,,G,,F,4,122,,,15R185,,,,,,0,0,000000000,00000000000,0,0,0,1,0,0,0,0,0,0,0,998,0,0,0,12,6,2,12,0,0,0,1,5,71832,6,2,0,0,3,2,61,90,0,0,0,1,0,10,2012,10,2012,9,6,39,73,0,1,2,55,1,1,2,1,20,3,1,17,1,1,1,88,0,0
5,50395,2,2,1,19,10,19,2,12,6,1,0,5,1,20,481,20481,31,1992,1GCDC14Z7NZ1,1,G,C,D,C,1,4,Z,7,N,Z,1,0,T,CHEV,GC1,PK,92,17,,1,1315,1175,GM4,G,,,6,262,,,,B,3718,04,,42,0,0,000000000,00000000000,0,0,0,1,0,0,0,0,0,0,0,998,0,1,5,9,6,2,1,0,0,0,1,5,71842,6,1,0,0,3,3,72,160,0,0,0,0,0,0,0,0,0,9,0,0,0,0,1,2,55,1,1,2,1,0,0,1,66,99,1,1,89,1,0
5,50396,1,1,2,20,10,1,18,42,0,1,0,5,1,98,739,98739,90,2012,4XAJT87A2CB4,4,X,A,J,T,8,7,A,2,C,B,4,0,M,POLS,RZX,AT,12,17,,,,,,,875,,2,,4,1190,,,,,,,0,0,000000000,00000000000,0,0,0,1,0,0,0,0,0,0,0,998,0,1,5,12,6,2,42,0,0,0,1,48,77373,6,1,6,0,3,0,75,170,0,0,0,0,0,0,0,0,0,1,6,0,0,0,1,2,35,3,2,4,11,0,0,14,6,99,1,4,1,2,1
5,50397,1,1,1,20,10,2,21,59,0,1,0,5,2,12,401,12401,14,2000,1FMYU60X1YUA,1,F,M,Y,U,6,0,X,1,Y,U,A,0,P,FORD,EPR,UT,0,17,3670,,0,1017,,G,,F,6,245,,,15R235,,,,,,0,0,000000000,00000000000,0,0,0,1,0,0,0,0,0,0,0,998,0,1,1,98,6,2,1,0,0,0,1,5,72764,1,1,0,0,2,0,68,173,0,0,0,0,0,0,0,0,0,9,6,0,0,0,2,2,65,1,5,2,1,97,8,1,8,99,4,4,6,1,1
5,50398,1,2,2,20,10,11,36,12,2,1,0,5,1,7,482,7482,31,2008,1D7HA18228J1,1,D,7,H,A,1,8,2,2,8,J,1,1,T,DODG,SQ1,CW,8,17,,2,1605,1405,RPC,G,,,8,348,,,,B,4889,00,E,42,1,0,000000000,00000000000,1,0,0,1,0,0,0,0,0,0,0,998,0,0,0,12,6,2,12,0,0,0,1,5,72112,6,1,0,0,3,3,68,208,0,0,0,0,0,0,0,0,0,9,0,0,0,0,1,5,60,1,2,2,1,0,0,1,62,99,1,1,51,2,0
5,50398,2,2,4,20,10,11,36,12,2,1,0,5,1,20,422,20422,15,2005,1GNFK16Z85J1,1,G,N,F,K,1,6,Z,8,5,J,1,0,P,CHEV,K15,UT,5,17,5474,,0,1300,,F,,F,8,325,,,16R265,,,,,,0,0,000000000,00000000000,0,0,0,1,0,0,0,0,0,0,0,998,0,0,0,12,6,2,12,0,0,0,1,5,72209,6,1,6,0,3,0,72,285,0,0,0,0,0,0,0,0,0,9,6,28,0,0,1,5,60,1,2,2,1,0,0,1,10,99,1,2,50,2,0
5,50399,1,2,1,20,10,19,30,12,8,1,0,40,3,82,881,82881,66,2010,1FUJGLDR4ALA,1,F,U,J,G,L,D,R,4,A,L,A,1,T,FRHT,125,TR,10,17,,8,0,0,CSC,D,,,6,903,,,,,00000,00,,64,1,57,0080806,570080806,3,6,1,1,0,0,0,0,0,0,0,998,0,0,0,7,6,2,12,0,0,0,1,22,70802,6,1,6,1,3,9,73,195,0,0,0,0,0,0,0,0,0,9,0,0,0,0,1,2,55,2,1,2,1,0,0,14,62,99,1,1,64,0,0
5,50399,2,2,2,20,10,19,30,12,8,1,0,5,2,20,2,20002,4,2007,1G1ZT58N17F2,1,G,1,Z,T,5,8,N,1,7,F,2,0,P,CHEV,MLT,4D,7,17,3155,,0,1063,,G,,F,6,214,,,16R215,,,,,,0,0,000000000,00000000000,0,0,0,1,0,0,0,0,0,0,0,998,1,0,0,3,6,2,12,0,0,0,1,5,71635,1,1,0,0,2,3,71,166,0,0,1,0,0,11,2010,11,2010,9,6,58,0,0,1,2,55,3,1,2,1,0,0,14,8,6,4,2,65,2,1
5,50400,1,3,1,21,10,19,0,33,0,1,0,5,3,49,46,49046,5,2012,JTDKDTB33C15,J,T,D,K,D,T,B,3,3,C,1,5,0,P,TOYT,PRC,4H,12,17,2500,,0,1004,,B,,F,4,091,,,000000,,,,,,0,0,000000000,00000000000,0,0,0,1,0,0,0,0,0,0,0,998,0,0,0,98,6,2,12,0,0,0,1,5,72120,6,1,0,0,3,0,70,175,0,0,0,0,0,0,0,0,0,0,99,99,99,99,1,4,45,1,1,2,1,0,0,1,11,1,1,4,1,0,1
5,50400,2,3,1,21,10,19,0,33,0,1,0,5,2,7,482,7482,31,2009,3D7KS28L19G5,3,D,7,K,S,2,8,L,1,9,G,5,0,T,DODG,SQ2,CW,9,17,,2,1605,1405,RPC,D,,,6,408,,,,C,5984,00,E,44,0,0,000000000,00000000000,0,0,0,1,0,0,0,0,0,0,0,0,0,0,0,11,6,2,12,0,0,0,1,5,72118,6,1,6,0,3,0,70,170,0,0,0,0,0,0,0,0,0,0,99,99,99,99,1,4,45,1,1,2,1,0,0,1,60,1,1,1,98,0,0
5,50400,3,3,1,21,10,19,0,33,0,1,0,5,1,41,50,41050,4,2005,1YVHP80C155M,1,Y,V,H,P,8,0,C,1,5,5,M,0,P,MAZD,M6I,4D,5,17,3102,,0,1053,,G,,F,4,138,,,16R205,,,,,,0,0,000000000,00000000000,0,0,0,1,0,0,0,0,0,0,0,998,0,0,0,12,6,2,12,0,0,0,1,5,72223,6,1,0,0,3,3,60,145,0,0,0,0,0,0,0,0,0,0,0,0,0,0,1,4,45,1,1,2,1,0,0,1,62,99,1,1,98,1,0
5,50401,1,2,1,21,10,20,26,12,1,1,0,40,3,86,881,86881,66,2012,1M1AW02Y2CM0,1,M,1,A,W,0,2,Y,2,C,M,0,1,T,MACK,CXU,TR,12,17,,8,0,0,600,D,,,6,659,,,,,00000,00,,64,1,77,777777777,77777777777,3,6,2,1,0,0,0,0,0,0,0,0,0,0,0,6,6,2,12,0,0,0,1,40,74361,6,1,6,0,3,3,69,190,0,0,0,2,0,8,2010,5,2012,0,0,0,0,0,1,4,45,1,2,2,1,3,3,5,53,1,1,1,21,0,0
5,50401,2,2,1,21,10,20,26,12,1,1,0,5,1,49,482,49482,31,2008,5TFEV58138X0,5,T,F,E,V,5,8,1,3,8,X,0,0,T,TOYT,CRX,CW,8,17,,2,0,1457,TUN,G,,,8,348,,,,B,5415,00,7,42,0,0,000000000,00000000000,0,0,0,1,0,0,0,0,0,0,0,998,0,0,0,12,6,2,12,0,0,0,1,5,72764,6,1,0,0,3,0,66,190,0,0,0,0,0,0,0,0,0,0,6,0,0,0,1,4,45,1,2,2,1,3,3,1,50,1,1,1,20,1,1
5,50402,1,2,1,21,10,22,48,25,0,1,0,5,1,49,32,49032,4,2001,1NXBR12E81Z4,1,N,X,B,R,1,2,E,8,1,Z,4,0,P,TOYT,UCS,4D,1,17,2410,,0,970,,G,,F,4,109,,,14R175,,,,,,0,0,000000000,00000000000,0,0,0,1,0,0,0,0,0,0,0,998,0,0,0,12,6,2,12,0,0,0,1,5,72211,6,1,0,0,3,3,69,165,1,0,0,0,0,9,2010,9,2010,0,6,0,0,0,3,4,65,3,2,1,1,0,0,14,12,1,4,4,7,1,0