STATE,ST_CASE,VEH_NO,VE_FORMS,NUMOCCS,DAY,MONTH,HOUR,MINUTE,HARM_EV,MAN_COLL,UNITTYPE,HIT_RUN,REG_STAT,OWNER,MAKE,MODEL,MAK_MOD,BODY_TYP,MOD_YEAR,VIN,VIN_1,VIN_2,VIN_3,VIN_4,VIN_5,VIN_6,VIN_7,VIN_8,VIN_9,VIN_10,VIN_11,VIN_12,TOW_VEH,VINTYPE,VINMAKE,VINA_MOD,VIN_BT,VINMODYR,VIN_LNGT,VIN_WGT,WGTCD_TR,WHLBS_LG,WHLBS_SH,SER_TR,FUELCODE,MCYCL_DS,CARBUR,CYLINDER,DISPLACE,MCYCL_CY,MCYCL_WT,TIRE_SZE,TON_RAT,TRK_WT,TRKWTVAR,VIN_REST,WHLDRWHL,J_KNIFE,MCARR_I1,MCARR_I2,MCARR_ID,GVWR,V_CONFIG,CARGO_BT,HAZ_INV,HAZ_PLAC,HAZ_ID,HAZ_CNO,HAZ_REL,BUS_USE,SPEC_USE,EMER_USE,TRAV_SP,UNDERIDE,ROLLOVER,ROLINLOC,IMPACT1,DEFORMED,TOWED,M_HARM,VEH_SC1,VEH_SC2,FIRE_EXP,DR_PRES,L_STATE,DR_ZIP,L_STATUS,L_TYPE,CDL_STAT,L_ENDORS,L_COMPL,L_RESTRI,DR_HGT,DR_WGT,PREV_ACC,PREV_SUS,PREV_DWI,PREV_SPD,PREV_OTH,FIRST_MO,FIRST_YR,LAST_MO,LAST_YR,SPEEDREL,DR_SF1,DR_SF2,DR_SF3,DR_SF4,VTRAFWAY,VNUM_LAN,VSPD_LIM,VALIGN,VPROFILE,VPAVETYP,VSURCOND,VTRAFCON,VTCONT_F,P_CRASH1,P_CRASH2,P_CRASH3,PCRASH4,PCRASH5,ACC_TYPE,DEATHS,DR_DRINK
5,50430,2,2,2,11,11,9,33,12,8,1,0,5,1,7,482,7482,31,2012,1C6RD7LT7CS1,1,C,6,R,D,7,L,T,7,C,S,1,0,T,DODG,SL1,CW,12,17,,2,0,1400,RPC,G,,,8,348,,,,B,5478,00,K,44,0,0,000000000,00000000000,0,0,0,1,0,0,0,0,0,0,0,998,0,0,0,11,6,2,12,0,0,0,1,5,72756,6,1,0,0,3,0,72,215,0,0,0,0,0,0,0,0,0,0,0,0,0,0,1,2,45,3,2,2,1,0,0,14,62,1,1,1,65,0,1
5,50431,1,2,1,13,11,5,32,12,2,1,0,5,1,12,16,12016,4,2000,2FAFP74W4YX1,2,F,A,F,P,7,4,W,4,Y,X,1,0,P,FORD,CVL,4D,0,17,3968,,0,1147,,G,,F,8,281,,,16R225,,,,,,0,0,000000000,00000000000,0,0,0,1,0,0,0,0,0,0,0,998,0,0,0,12,6,2,12,0,0,1,1,5,72450,1,1,0,0,2,0,68,182,0,0,0,0,0,0,0,0,0,0,99,99,99,99,1,4,45,1,1,2,1,0,0,1,10,1,1,2,50,1,0
5,50431,2,2,1,13,11,5,32,12,2,1,0,40,3,51,881,51881,66,2012,4V4NC9EH3CN5,4,V,4,N,C,9,E,H,3,C,N,5,1,T,VOLV,VNL,TR,12,17,,8,0,0,VVN,D,,,6,793,,,,,00000,00,,64,1,57,303024,57303024,3,6,1,1,0,0,0,0,0,0,0,998,0,0,0,12,6,2,12,0,0,0,1,1,35228,6,1,4,0,3,0,67,143,0,0,0,0,0,0,0,0,0,0,0,0,0,0,1,4,45,1,1,2,1,0,0,1,62,3,2,1,51,0,0
5,50432,1,1,1,13,11,8,55,35,0,1,0,5,2,52,401,52401,14,2003,JA4LS31R43J0,J,A,4,L,S,3,1,R,4,3,J,0,0,P,MITS,MNS,UT,3,17,4240,,0,1073,,G,,F,6,213,,,16R255,,,,,,0,0,000000000,00000000000,0,0,0,1,0,0,0,0,0,0,0,998,0,1,5,12,6,2,1,0,0,0,1,5,72413,6,1,6,0,3,3,64,220,0,0,0,0,1,2,2011,2,2011,0,6,0,0,0,1,4,60,1,1,2,1,0,0,1,12,1,1,4,6,1,0
5,50433,1,2,1,13,11,18,40,12,2,1,0,5,1,49,40,49040,4,2002,4T1BE32K62U5,4,T,1,B,E,3,2,K,6,2,U,5,0,P,TOYT,LXS,4D,2,17,3086,,0,1071,,G,,F,4,144,,,15R205,,,,,,0,0,000000000,00000000000,0,0,0,1,0,0,0,0,0,0,0,998,0,0,0,12,6,2,12,0,0,0,1,5,72432,6,1,0,0,3,0,76,205,0,0,0,0,0,0,0,0,0,0,6,28,0,0,2,4,65,1,1,1,1,0,0,1,10,1,1,6,50,1,0
5,50433,2,2,1,13,11,18,40,12,2,1,0,5,1,23,481,23481,31,2010,3GTRKVE32AG1,3,G,T,R,K,V,E,3,2,A,G,1,0,T,GMC,1NK,CW,10,17,,2,0,1435,SIE,F,,,8,323,,,,B,5346,00,S,44,0,0,000000000,00000000000,0,0,0,1,0,0,0,0,0,0,0,0,0,0,0,12,6,2,12,0,0,0,1,5,72404,6,1,0,0,3,3,67,200,0,0,0,0,0,0,0,0,0,0,0,0,0,0,2,4,65,1,1,1,1,0,0,1,64,1,1,1,51,0,0
5,50434,1,3,1,15,11,19,11,12,2,1,0,5,2,20,401,20401,14,2002,1GNDS13S9224,1,G,N,D,S,1,3,S,9,2,2,4,0,P,CHEV,TRL,UT,2,17,4442,,0,1130,,G,,F,6,256,,,16R245,,,,,,0,0,000000000,00000000000,0,0,0,1,0,0,0,0,0,0,0,998,0,0,0,12,6,2,12,0,0,0,1,5,71929,1,1,0,0,2,3,70,175,0,0,0,0,0,0,0,0,0,9,28,0,0,0,1,2,55,3,2,2,1,0,0,14,10,99,1,2,50,1,0
5,50434,2,3,5,15,11,19,11,12,2,1,0,5,1,20,481,20481,31,2000,2GCEC19T4Y13,2,G,C,E,C,1,9,T,4,Y,1,3,0,T,CHEV,SC1,3C,0,17,,2,1575,1435,SIL,G,,,8,325,,,,B,4134,03,,42,0,0,000000000,00000000000,0,0,0,1,0,0,0,0,0,0,0,998,0,0,0,12,6,2,12,0,0,0,1,5,71929,6,1,0,0,3,0,69,160,0,0,0,0,1,11,2011,11,2011,0,0,0,0,0,1,2,55,2,2,2,1,0,0,14,62,99,1,1,51,4,0
5,50434,3,3,1,15,11,19,11,12,2,1,0,51,3,20,37,20037,4,2012,1G1ZD5E03CF2,1,G,1,Z,D,5,E,0,3,C,F,2,0,P,CHEV,ML2,4D,12,17,3436,,0,1123,,G,,F,4,146,,,17R215,,,,,,0,0,000000000,00000000000,0,0,0,1,0,0,0,0,0,0,0,998,0,0,0,12,6,2,12,0,0,0,1,5,71929,6,1,0,0,3,0,63,185,0,0,0,0,0,0,0,0,0,0,0,0,0,0,1,2,55,2,2,2,1,0,0,14,50,1,1,1,98,0,0
5,50435,1,1,1,16,11,9,15,34,0,1,0,5,1,20,481,20481,31,1997,2GCEK19R1V12,2,G,C,E,K,1,9,R,1,V,1,2,0,T,CHEV,GK1,PC,97,17,,2,1555,1415,GM4,G,,,8,350,,,,B,4544,00,,44,0,0,000000000,00000000000,0,0,0,1,0,0,0,0,0,0,0,998,0,1,6,98,6,2,1,0,0,0,1,5,72442,6,1,0,0,3,0,73,240,0,0,0,0,0,0,0,0,0,9,99,99,99,99,1,2,40,1,1,5,5,0,0,1,13,99,7,4,1,1,1
5,50436,1,2,3,16,11,20,57,12,7,1,0,5,2,49,472,49472,30,2008,5TENX22N68Z5,5,T,E,N,X,2,2,N,6,8,Z,5,0,T,TOYT,REG,PK,8,17,,1,0,1094,TAC,G,,,4,164,,,,B,3200,00,U,42,0,0,000000000,00000000000,0,0,0,1,0,0,0,0,0,0,0,998,0,0,0,3,6,2,12,0,0,0,1,5,71854,6,1,0,0,3,0,73,203,0,0,0,1,0,7,2012,7,2012,0,6,0,0,0,2,4,70,1,1,2,1,0,0,1,10,1,1,2,44,0,1
5,50436,2,2,4,16,11,20,57,12,7,1,0,47,1,20,431,20431,16,2002,1GNEC16Z82J1,1,G,N,E,C,1,6,Z,8,2,J,1,0,P,CHEV,C15,UT,2,17,4914,,0,1300,,F,,F,8,325,,,16R265,,,,,,0,0,000000000,00000000000,0,0,0,1,0,0,0,0,0,0,0,998,0,0,0,11,6,2,12,0,0,0,1,47,37064,6,1,0,0,3,0,70,190,0,0,0,0,0,0,0,0,0,0,0,0,0,0,2,4,70,1,1,2,1,0,0,1,60,1,1,1,45,1,0
5,50437,1,1,2,17,11,0,26,42,0,1,0,5,2,37,32,37032,4,1992,JHMCB7541NC0,J,H,M,C,B,7,5,4,1,N,C,0,0,P,HOND,ADL,4D,92,17,2769,,0,1071,,G,,F,4,132,,,14R185,,,,,,0,0,000000000,00000000000,0,0,0,1,0,0,0,0,0,0,0,998,0,0,0,12,6,2,42,0,0,0,1,5,72209,0,0,0,0,0,0,999,999,0,0,0,0,0,0,0,0,0,1,6,0,0,0,3,3,65,1,2,1,1,0,0,1,13,99,2,4,1,1,0
5,50438,1,1,2,18,11,17,50,8,0,1,0,5,1,20,444,20444,20,2005,1GBDV13L75D2,1,G,B,D,V,1,3,L,7,5,D,2,0,T,CHEV,I/C,CG,5,17,,1,0,1211,UPL,G,,,6,214,,,,,4470,00,,42,0,0,000000000,00000000000,0,0,0,1,0,0,0,0,0,0,0,998,0,0,0,12,4,8,8,0,0,0,1,5,72823,6,1,0,0,3,3,68,210,0,0,0,0,0,0,0,0,0,0,0,0,0,0,1,2,35,1,1,2,1,0,0,1,80,1,1,1,13,0,0
5,50439,1,1,1,20,11,11,34,1,0,1,0,5,1,12,481,12481,31,2001,2FTRX18L21CB,2,F,T,R,X,1,8,L,2,1,C,B,0,T,FORD,F15,4C,1,17,,2,1574,1388,COF,G,,,8,330,,,,B,4611,04,U,44,0,0,000000000,00000000000,0,0,0,1,0,0,0,0,0,0,0,998,0,1,5,0,6,2,1,0,0,0,1,5,72432,6,1,0,0,3,0,72,200,0,0,0,0,0,0,0,0,0,0,6,0,0,0,1,2,55,1,1,2,1,0,0,1,10,6,4,4,7,1,0
5,50440,1,2,1,20,11,14,54,12,6,1,0,5,1,12,481,12481,31,2011,1FTFW1EF1BFD,1,F,T,F,W,1,E,F,1,B,F,D,0,T,FORD,F1S,CW,11,17,,2,1570,1450,COF,F,,,8,305,,,,B,5577,01,7,44,0,0,000000000,00000000000,0,0,0,1,0,0,0,0,0,0,0,998,0,0,0,12,6,2,12,0,0,0,1,5,72143,6,1,0,0,3,0,71,230,0,0,0,3,0,2,2011,9,2011,0,0,0,0,0,1,4,40,1,1,2,1,20,3,1,17,1,1,1,83,0,0
5,50440,2,2,3,20,11,14,54,12,6,1,0,5,1,20,2,20002,4,2003,2G1WH55K8393,2,G,1,W,H,5,5,K,8,3,9,3,0,P,CHEV,IPL,4D,3,17,3466,,0,1105,,G,,F,6,231,,,16R225,,,,,,0,0,000000000,00000000000,0,0,0,1,0,0,0,0,0,0,0,998,0,0,0,9,6,2,12,0,0,0,1,5,72136,6,1,0,0,3,0,67,130,0,0,0,0,0,0,0,0,0,0,38,0,0,0,2,4,40,1,1,2,1,0,0,11,15,1,1,1,82,2,0
5,50441,1,1,2,20,11,15,2,35,0,1,0,5,2,49,32,49032,4,2005,1NXBR32E25Z5,1,N,X,B,R,3,2,E,2,5,Z,5,0,P,TOYT,UCS,4D,5,17,2530,,0,1024,,G,,F,4,109,,,15R185,,,,,,0,0,000000000,00000000000,0,0,0,1,0,0,0,0,0,0,0,998,0,0,0,12,6,2,35,0,0,0,1,5,71960,6,1,0,0,3,3,62,155,0,0,0,0,0,0,0,0,0,0,58,0,0,0,1,2,55,1,1,2,1,0,0,1,13,6,2,4,2,1,0
5,50442,1,1,1,20,11,16,35,24,0,1,0,5,1,53,705,53705,80,2007,JS1GN7DA3721,J,S,1,G,N,7,D,A,3,7,2,1,0,M,SUZI,G60,RC,7,17,,,,,,,599,,4,,4,354,,,,,,,0,0,000000000,00000000000,0,0,0,1,0,0,0,0,0,0,0,998,0,0,0,98,6,2,24,0,0,0,1,5,72032,6,1,0,0,3,0,68,175,0,0,0,0,0,0,0,0,0,0,6,0,0,0,1,2,30,2,1,2,1,0,0,14,12,99,1,4,6,1,0
5,50443,1,2,1,20,11,17,56,12,2,1,0,5,1,7,472,7472,31,1998,1B7FL26X1WS5,1,B,7,F,L,2,6,X,1,W,S,5,0,T,DODG,DAK,PK,98,17,,1,1239,1119,DAK,G,,,6,239,,,,B,3230,01,U,42,0,0,000000000,00000000000,0,0,0,1,0,0,0,0,0,0,0,998,0,0,0,12,6,2,12,0,0,0,1,5,72450,6,1,0,0,3,0,71,270,0,0,0,0,0,0,0,0,0,0,0,0,0,0,1,2,40,3,2,2,1,40,3,14,62,7,1,1,51,0,0
5,50443,2,2,1,20,11,17,56,12,2,1,0,5,2,12,402,12402,14,2004,1FMCU92144DA,1,F,M,C,U,9,2,1,4,4,D,A,0,P,FORD,SPE,UT,4,17,3346,,0,1031,,G,,F,6,181,,,15R225,,,,,,0,0,000000000,00000000000,0,0,0,1,0,0,0,0,0,0,0,998,0,0,0,12,6,2,12,0,0,0,1,5,72450,6,1,0,0,3,0,66,152,1,0,0,0,0,3,2012,3,2012,0,28,0,0,0,1,2,40,2,2,2,1,0,0,14,10,1,1,2,50,1,0
5,50444,1,1,5,21,11,0,45,31,0,1,0,5,2,55,39,55039,4,2007,KMHFC46F37A1,K,M,H,F,C,4,6,F,3,7,A,1,0,P,HYUN,AZL,4D,7,17,3629,,0,1094,,G,,F,6,230,,,16R225,,,,,,0,0,000000000,00000000000,0,0,0,1,0,0,0,0,0,0,0,998,0,0,0,3,6,2,42,0,0,0,1,5,72015,6,2,0,0,3,2,73,165,0,0,0,0,0,0,0,0,0,1,6,73,0,0,1,2,45,1,2,2,1,0,0,1,6,1,1,4,6,1,0
5,50445,1,2,1,21,11,23,40,12,6,1,0,5,2,49,471,49471,31,1987,JT4RN50R0H02,J,T,4,R,N,5,0,R,0,H,0,2,0,T,TOYT,RN5,PK,87,17,,1,0,1029,HTP,G,,,4,144,,,,B,2657,01,A,42,0,0,000000000,00000000000,0,0,0,1,0,0,0,0,0,0,0,998,0,0,0,9,6,2,12,0,0,0,1,5,71665,1,1,0,0,2,0,70,130,1,0,0,0,2,9,2010,1,2011,0,38,0,0,0,1,3,55,1,1,2,1,0,0,12,60,1,1,2,98,1,1
5,50445,2,2,1,21,11,23,40,12,6,1,0,5,3,86,881,86881,66,2010,1M1AN09Y3AN0,1,M,1,A,N,0,9,Y,3,A,N,0,1,T,MACK,CHU,TR,10,17,,8,0,0,600,D,,,6,783,,,,,00000,00,,64,1,57,003327,57003327,3,6,2,1,0,0,0,0,0,0,0,998,0,0,0,12,6,2,12,0,0,0,1,5,71602,6,1,6,0,3,0,70,200,0,0,0,0,0,0,0,0,0,0,0,0,0,0,1,3,55,1,1,2,1,0,0,1,51,8,1,2,98,0,0
5,50446,1,1,2,22,11,0,50,42,0,1,0,5,1,20,481,20481,31,1998,1GCEK19R8WR1,1,G,C,E,K,1,9,R,8,W,R,1,0,T,CHEV,GK1,PC,98,17,,2,1555,1415,GM4,G,,,8,350,,,,B,00000,00,,44,0,0,000000000,00000000000,0,0,0,1,0,0,0,0,0,0,0,998,0,0,0,3,6,2,42,0,0,0,1,5,72823,6,1,0,0,3,0,69,210,0,0,0,0,0,0,0,0,0,0,51,6,0,0,1,2,55,3,2,2,1,40,3,14,11,3,2,4,2,2,1
5,50447,1,1,1,22,11,17,54,8,0,1,0,5,1,12,401,12401,14,1998,1FMZU32E6WZB,1,F,M,Z,U,3,2,E,6,W,Z,B,0,P,FORD,EPR,UT,98,17,3911,,0,1115,,G,,F,6,245,,,15R225,,,,,,0,0,000000000,00000000000,0,0,0,1,0,0,0,0,0,0,0,998,0,0,0,12,4,1,8,0,0,0,1,5,72764,1,1,0,0,2,3,70,179,0,1,0,0,0,11,2012,11,2012,0,0,0,0,0,1,5,40,1,1,2,2,0,0,1,81,4,1,1,13,0,0
5,50448,1,2,1,22,11,19,40,12,2,1,0,5,1,12,471,12471,30,1993,1FTCR10A4PUC,1,F,T,C,R,1,0,A,4,P,U,C,0,T,FORD,RNG,PK,93,17,,1,1139,1079,RNG,G,,,4,140,,,,B,2918,01,A,42,0,0,000000000,00000000000,0,0,0,1,0,0,0,0,0,0,0,998,0,0,0,12,6,2,12,0,0,0,1,5,72654,6,1,6,0,3,0,71,200,0,0,0,0,0,0,0,0,0,9,28,0,0,0,1,2,55,1,2,2,1,0,0,1,10,1,1,2,50,1,1
5,50448,2,2,1,22,11,19,40,12,2,1,0,5,2,20,482,20482,31,2004,3GNEK12T34G2,3,G,N,E,K,1,2,T,3,4,G,2,0,T,CHEV,KAV,CW,4,17,,2,0,1300,AVL,G,,,8,325,,,,B,5678,00,,44,0,0,000000000,00000000000,0,0,0,1,0,0,0,0,0,0,0,998,0,0,0,12,6,2,12,0,0,0,1,5,72645,6,2,0,0,3,3,62,107,0,0,0,0,0,0,0,0,0,0,0,0,0,0,1,2,55,1,2,2,1,0,0,1,62,1,1,1,51,0,0
5,50449,1,2,1,23,11,1,50,12,6,1,0,5,1,23,431,23431,16,2002,1GKFK16T12J2,1,G,K,F,K,1,6,T,1,2,J,2,0,T,GMC,KX1,4W,2,17,,2,0,1300,YUK,G,,,8,325,,,,B,5224,00,K,44,0,0,000000000,00000000000,0,0,0,1,0,0,0,0,0,0,0,998,0,0,0,12,6,2,12,0,0,0,1,5,71602,6,1,0,0,3,0,73,270,0,0,0,0,0,0,0,0,0,9,28,0,0,0,1,5,40,1,1,2,2,0,0,1,54,1,1,1,64,0,1
5,50449,2,2,3,23,11,1,50,12,6,1,0,5,2,22,20,22020,4,2004,2G2WP5222411,2,G,2,W,P,5,2,2,2,4,1,1,0,P,PONT,GPG,4D,4,17,3477,,0,1105,,G,,F,6,231,,,16R225,,,,,,0,0,000000000,00000000000,0,0,0,1,0,0,0,0,0,0,0,998,0,0,0,3,6,2,12,0,0,0,1,5,71603,1,1,0,0,2,3,72,165,0,0,0,0,0,0,0,0,0,0,0,0,0,0,1,5,40,1,1,2,2,0,0,1,54,6,1,1,65,1,1
5,50450,1,2,1,23,11,18,15,12,6,1,0,5,1,20,471,20471,30,1998,1GCCS19X3W81,1,G,C,C,S,1,9,X,3,W,8,1,0,T,CHEV,S14,PC,98,17,,1,0,1229,S,G,,,6,262,,,,B,3222,00,,42,0,0,000000000,00000000000,0,0,0,1,0,0,0,0,0,0,0,998,0,0,0,1,6,2,12,0,0,0,1,5,71801,6,1,0,0,3,3,72,165,0,0,0,0,0,0,0,0,0,0,48,0,0,0,1,2,55,1,1,2,1,20,3,10,16,1,1,2,80,1,0
5,50450,2,2,5,23,11,18,15,12,6,1,0,5,1,20,481,20481,31,2004,1GCEK19T44Z2,1,G,C,E,K,1,9,T,4,4,Z,2,0,T,CHEV,SK1,4C,4,17,,2,1575,1435,SIL,G,,,8,325,,,,B,4925,00,,44,0,0,000000000,00000000000,0,0,0,1,0,0,0,0,0,0,0,998,0,0,0,11,6,2,12,0,0,0,1,5,71857,6,1,0,0,3,0,74,170,0,0,0,0,0,0,0,0,0,0,0,0,0,0,1,2,55,1,1,2,1,0,0,1,67,3,1,1,81,0,0
5,50451,1,1,2,23,11,15,40,59,0,1,0,5,1,72,706,72706,80,2008,1HD1FC4168Y6,1,H,D,1,F,C,4,1,6,8,Y,6,0,M,HD,FLU,RS,8,17,,,,,,,1584,,2,,4,851,,,,,,,0,0,000000000,00000000000,0,0,0,1,0,0,0,0,0,0,0,998,0,0,0,12,6,2,42,0,0,0,1,5,72802,6,1,0,0,3,3,67,201,0,0,0,0,0,0,0,0,0,9,6,0,0,0,1,2,55,3,2,2,1,0,0,14,13,99,1,4,1,1,0
5,50452,1,1,2,23,11,16,30,8,0,1,0,5,1,20,32,20032,4,1999,1Y1SK5281XZ4,1,Y,1,S,K,5,2,8,1,X,Z,4,0,P,CHEV,P/L,4D,99,17,2403,,0,971,,G,,F,4,110,,,14R175,,,,,,0,0,000000000,00000000000,0,0,0,1,0,0,0,0,0,0,0,998,0,0,0,5,6,2,8,0,0,0,1,5,72653,6,1,0,0,3,0,66,102,0,0,0,0,0,0,0,0,0,9,6,58,0,0,1,2,55,3,1,2,1,40,3,14,81,99,1,4,13,0,1
5,50453,1,2,1,24,11,2,29,12,2,1,0,5,2,18,7,18007,4,1996,1G4AG55M5T64,1,G,4,A,G,5,5,M,5,T,6,4,0,P,BUIC,CSL,4D,96,17,2951,,0,1049,,G,,F,6,191,,,14R185,,,,,,0,0,000000000,00000000000,0,0,0,1,0,0,0,0,0,0,0,998,0,0,0,12,6,2,12,0,0,0,1,5,72927,6,1,0,0,3,3,67,180,0,0,0,0,1,5,2011,5,2011,9,6,28,0,0,1,2,45,1,1,2,1,0,0,1,10,99,1,2,50,1,1
5,50453,2,2,1,24,11,2,29,12,2,1,0,5,1,22,18,22018,4,2001,1G2NF52T61M5,1,G,2,N,F,5,2,T,6,1,M,5,0,P,PONT,SE1,4D,1,17,3116,,0,1070,,G,,F,4,146,,,15R215,,,,,,0,0,000000000,00000000000,0,0,0,1,0,0,0,0,0,0,0,998,0,0,0,12,6,2,12,0,0,0,1,5,72944,6,1,0,0,3,0,71,150,0,0,0,0,0,0,0,0,0,9,0,0,0,0,1,2,45,1,1,2,1,0,0,1,62,99,1,1,51,0,0
5,50454,1,1,1,26,11,10,13,32,0,1,0,5,2,22,2,22002,4,1997,1G2HX52KXVH2,1,G,2,H,X,5,2,K,X,V,H,2,0,P,PONT,BVS,4D,97,17,3350,,0,1108,,G,,F,6,231,,,15R215,,,,,,0,0,000000000,00000000000,0,0,0,1,0,0,0,0,0,0,0,998,0,0,0,12,6,2,32,0,0,0,1,5,72450,6,1,0,0,3,0,71,166,1,0,0,1,0,1,2012,2,2012,9,99,99,99,99,1,2,55,1,1,2,1,0,0,1,12,99,1,4,6,1,0
5,50455,1,3,2,26,11,17,5,12,8,1,0,5,2,49,40,49040,4,2009,4T1BK46K99U5,4,T,1,B,K,4,6,K,9,9,U,5,0,P,TOYT,LXS,4D,9,17,3461,,0,1090,,G,,F,6,214,,,16R215,,,,,,0,0,000000000,00000000000,0,0,0,1,0,0,0,0,0,0,0,55,0,0,0,11,6,2,12,0,0,1,1,5,72930,6,1,0,0,3,0,76,200,0,0,0,0,0,0,0,0,0,9,28,0,0,0,1,2,55,3,1,2,2,0,0,14,10,1,1,2,64,1,0
5,50455,2,3,1,26,11,17,5,12,8,1,0,5,2,87,881,87881,66,2002,1XP5DB9X52N5,1,X,P,5,D,B,9,X,5,2,N,5,1,T,PTRB,379,TR,2,17,,8,0,0,CON,D,,,6,893,,,,,00000,00,,64,3,57,02049399,5702049399,3,6,2,1,0,0,0,0,0,0,0,55,0,1,5,11,6,2,1,0,0,0,1,5,72834,6,1,6,1,3,0,68,210,0,0,0,0,0,0,0,0,0,0,0,0,0,0,1,2,55,2,1,2,2,0,0,14,62,8,1,1,65,0,0
5,50455,3,3,3,26,11,17,5,12,8,1,0,5,2,20,481,20481,31,2000,1GCEC19V5YZ2,1,G,C,E,C,1,9,V,5,Y,Z,2,0,T,CHEV,SC1,3C,0,17,,2,1575,1435,SIL,G,,,8,293,,,,B,4134,03,,42,0,0,000000000,00000000000,0,0,0,1,0,0,0,0,0,0,0,998,0,0,0,18,4,1,54,0,0,0,1,5,72951,6,1,0,0,3,3,64,128,0,0,0,1,2,2,2010,3,2011,0,0,0,0,0,1,2,55,2,1,2,2,0,0,98,98,4,1,1,98,0,0
5,50456,1,2,1,27,11,9,31,12,6,1,0,5,1,53,706,53706,80,2008,JS1GX72A3821,J,S,1,G,X,7,2,A,3,8,2,1,0,M,SUZI,GXR,RC,8,17,,,,,,,1340,,4,,4,485,,,,,,,0,0,000000000,00000000000,0,0,0,1,0,0,0,0,0,0,0,998,0,0,0,12,6,2,12,0,0,0,1,5,72209,6,1,0,0,3,0,74,195,0,0,0,0,0,0,0,0,0,9,99,99,99,99,1,4,40,1,2,2,1,0,0,1,67,98,1,1,83,1,0
5,50456,2,2,1,27,11,9,31,12,6,1,0,5,1,20,421,20421,15,2002,1GNEK13Z02R2,1,G,N,E,K,1,3,Z,0,2,R,2,0,P,CHEV,KTA,UT,2,17,5050,,0,1160,,F,,F,8,325,,,16R265,,,,,,0,0,000000000,00000000000,0,0,0,1,0,0,0,0,0,0,0,998,0,0,0,7,4,1,12,0,0,0,1,5,72205,6,1,6,0,3,3,71,198,0,0,0,0,0,0,0,0,0,0,38,0,0,0,1,4,40,1,2,2,1,20,3,11,15,1,1,1,82,0,0
5,50457,1,1,1,27,11,19,35,8,0,1,1,5,2,23,421,23421,15,2001,1GKEK13T81R2,1,G,K,E,K,1,3,T,8,1,R,2,0,T,GMC,YUK,4W,1,17,,2,0,1160,YUK,G,,,8,325,,,,B,5113,00,K,44,0,0,000000000,00000000000,0,0,0,1,0,0,0,0,0,0,0,998,0,0,0,1,4,1,8,0,0,0,1,5,72015,6,1,0,0,3,0,61,110,0,0,0,0,0,0,0,0,0,9,0,0,0,0,6,1,98,2,1,2,1,0,0,14,80,98,1,1,13,0,0
5,50458,1,2,0,28,11,7,20,12,1,1,0,5,6,12,870,12870,62,2005,1FDWE35LX5HB,1,F,D,W,E,3,5,L,X,5,H,B,0,T,FORD,3DC,YY,5,17,,3,1760,1380,CTV,G,,,8,330,,,,,00000,00,E,42,0,77,777777777,77777777777,2,1,7,1,0,0,0,0,0,0,0,0,0,0,0,6,4,1,12,0,0,0,0,0,99997,7,6,97,7,6,7,998,997,998,998,998,998,998,98,9998,98,9998,8,0,0,0,0,1,2,55,1,1,2,1,0,0,0,98,0,0,0,32,0,0
5,50458,2,2,2,28,11,7,20,12,1,1,0,5,2,9,442,9442,20,1991,2P4GP55R6MR2,2,P,4,G,P,5,5,R,6,M,R,2,0,P,PLYM,VOF,SV,91,17,3768,,0,1123,,G,,F,6,201,,,15R205,,,,,,0,0,000000000,00000000000,0,0,0,1,0,0,0,0,0,0,0,998,0,0,0,12,6,2,12,0,0,0,1,5,72774,6,1,0,0,3,0,59,170,0,0,0,0,0,0,0,0,0,9,6,0,0,0,1,2,55,1,1,2,1,40,3,1,50,6,1,1,32,1,0
5,50459,1,2,1,30,11,6,6,12,8,1,0,5,1,48,34,48034,6,1990,4S4BJ63C5L69,4,S,4,B,J,6,3,C,5,L,6,9,0,P,SUBA,L44,SW,90,17,2960,,0,1016,,G,,F,4,135,,,14R185,,,,,,0,0,000000000,00000000000,0,0,0,1,0,0,0,0,0,0,0,998,0,0,0,11,6,2,12,0,0,0,1,5,72067,6,1,0,0,3,3,70,137,0,0,0,0,0,0,0,0,0,9,28,0,0,0,1,2,55,2,2,2,1,0,0,14,10,99,1,2,64,1,0
5,50459,2,2,3,30,11,6,6,12,8,1,0,5,2,23,421,23421,15,2007,2GTEK13C1716,2,G,T,E,K,1,3,C,1,7,1,6,0,T,GMC,NK1,CW,7,17,,2,0,1435,SIE,G,,,8,293,,,,B,5371,00,4,44,0,0,000000000,00000000000,0,0,0,1,0,0,0,0,0,0,0,998,0,0,0,11,6,2,12,0,0,0,1,5,72523,6,1,6,0,3,3,70,235,0,0,0,0,0,0,0,0,0,0,0,0,0,0,1,2,55,3,2,2,1,0,0,14,62,99,1,1,65,0,0
5,50460,1,1,2,20,4,18,33,42,0,1,0,5,2,20,9,20009,2,1996,2G1FP22P4T21,2,G,1,F,P,2,2,P,4,T,2,1,0,P,CHEV,Z28,CP,96,17,3466,,0,1011,,G,,F,8,350,,,16R235,,,,,,0,0,000000000,00000000000,0,0,0,1,0,0,0,0,0,0,0,998,0,0,0,6,6,2,42,0,0,0,1,5,72065,6,1,0,0,3,0,68,230,0,0,0,0,0,0,0,0,0,1,87,0,0,0,1,2,45,1,1,2,2,0,0,1,12,99,4,4,6,1,1
5,50461,1,1,3,13,8,13,50,34,0,1,0,92,0,98,739,98739,90,1999,4XABG50A3X22,4,X,A,B,G,5,0,A,3,X,2,2,0,M,POLS,S50,AT,99,17,,,,,,,499,,1,,4,999,,,,,,,0,0,000000000,00000000000,0,0,0,1,0,0,0,0,0,0,0,998,0,1,6,14,6,2,1,0,0,0,1,5,72156,6,1,0,0,3,0,70,160,0,0,0,2,0,12,2010,3,2011,1,0,0,0,0,1,2,45,1,1,2,1,0,0,1,13,99,1,4,1,1,0