STATE,ST_CASE,VEH_NO,VE_FORMS,NUMOCCS,DAY,MONTH,HOUR,MINUTE,HARM_EV,MAN_COLL,UNITTYPE,HIT_RUN,REG_STAT,OWNER,MAKE,MODEL,MAK_MOD,BODY_TYP,MOD_YEAR,VIN,VIN_1,VIN_2,VIN_3,VIN_4,VIN_5,VIN_6,VIN_7,VIN_8,VIN_9,VIN_10,VIN_11,VIN_12,TOW_VEH,VINTYPE,VINMAKE,VINA_MOD,VIN_BT,VINMODYR,VIN_LNGT,VIN_WGT,WGTCD_TR,WHLBS_LG,WHLBS_SH,SER_TR,FUELCODE,MCYCL_DS,CARBUR,CYLINDER,DISPLACE,MCYCL_CY,MCYCL_WT,TIRE_SZE,TON_RAT,TRK_WT,TRKWTVAR,VIN_REST,WHLDRWHL,J_KNIFE,MCARR_I1,MCARR_I2,MCARR_ID,GVWR,V_CONFIG,CARGO_BT,HAZ_INV,HAZ_PLAC,HAZ_ID,HAZ_CNO,HAZ_REL,BUS_USE,SPEC_USE,EMER_USE,TRAV_SP,UNDERIDE,ROLLOVER,ROLINLOC,IMPACT1,DEFORMED,TOWED,M_HARM,VEH_SC1,VEH_SC2,FIRE_EXP,DR_PRES,L_STATE,DR_ZIP,L_STATUS,L_TYPE,CDL_STAT,L_ENDORS,L_COMPL,L_RESTRI,DR_HGT,DR_WGT,PREV_ACC,PREV_SUS,PREV_DWI,PREV_SPD,PREV_OTH,FIRST_MO,FIRST_YR,LAST_MO,LAST_YR,SPEEDREL,DR_SF1,DR_SF2,DR_SF3,DR_SF4,VTRAFWAY,VNUM_LAN,VSPD_LIM,VALIGN,VPROFILE,VPAVETYP,VSURCOND,VTRAFCON,VTCONT_F,P_CRASH1,P_CRASH2,P_CRASH3,PCRASH4,PCRASH5,ACC_TYPE,DEATHS,DR_DRINK
5,50498,1,2,1,29,12,13,57,12,2,1,0,5,2,20,471,20471,30,1994,1GCCS19Z1R82,1,G,C,C,S,1,9,Z,1,R,8,2,0,T,CHEV,S14,PC,94,17,,1,1229,1083,S,G,,,6,262,,,,B,3157,00,,42,0,0,000000000,00000000000,0,0,0,1,0,0,0,0,0,0,0,998,0,0,0,12,6,2,12,0,0,0,1,5,72076,6,1,0,0,3,0,65,118,0,0,0,0,0,0,0,0,0,0,28,0,0,0,1,2,55,2,2,2,1,0,0,14,10,99,1,2,51,1,1
5,50498,2,2,1,29,12,13,57,12,2,1,0,5,3,20,481,20481,31,2005,1GCHC23U05F8,1,G,C,H,C,2,3,U,0,5,F,8,0,T,CHEV,2CH,CW,5,17,,2,1670,1530,SIL,G,,,8,366,,,,C,5615,00,,42,0,0,000000000,00000000000,0,0,0,1,0,0,0,0,0,0,0,998,0,0,0,12,6,2,12,0,0,0,1,5,72076,6,1,0,0,3,0,74,170,0,0,0,0,0,0,0,0,0,0,0,0,0,0,1,2,55,3,2,2,1,0,0,14,62,9,1,1,50,0,0
5,50499,1,1,2,30,12,18,13,32,0,1,0,5,1,37,32,37032,4,1998,1HGCG1650WA0,1,H,G,C,G,1,6,5,0,W,A,0,0,P,HOND,UEX,4D,98,17,3184,,0,1069,,G,,F,6,183,,,15R205,,,,,,0,0,000000000,00000000000,0,0,0,1,0,0,0,0,0,0,0,998,0,0,0,12,6,2,32,0,0,0,1,5,72764,6,1,0,0,3,0,65,195,0,0,0,0,0,0,0,0,0,9,6,0,0,0,1,2,45,1,1,2,1,0,0,1,13,99,1,4,1,1,0
5,50500,1,1,1,30,12,22,45,10,0,1,0,5,1,18,7,18007,4,1990,1G4AH54R2L64,1,G,4,A,H,5,4,R,2,L,6,4,0,P,BUIC,CCU,4D,90,17,2726,,0,1048,,G,,F,4,151,,,14R185,,,,,,0,0,000000000,00000000000,0,0,0,1,0,0,0,0,0,0,0,998,0,0,0,7,6,2,10,0,0,0,1,5,71857,6,1,0,0,3,0,67,180,0,0,0,0,1,7,2011,7,2011,0,38,0,0,0,1,2,55,1,3,2,1,65,3,1,17,99,1,1,98,1,0
5,50501,1,1,1,26,9,15,50,33,0,1,0,5,1,72,706,72706,80,2001,1HD1FCW181Y6,1,H,D,1,F,C,W,1,8,1,Y,6,0,M,HD,FLU,RS,1,17,,,,,,,1450,,2,,4,788,,,,,,,0,0,000000000,00000000000,0,0,0,1,0,0,0,0,0,0,0,998,0,0,0,98,4,3,5,0,0,0,1,12,33708,6,1,0,0,3,0,72,999,0,0,0,0,0,0,0,0,0,1,0,0,0,0,3,2,35,2,1,2,1,0,0,14,13,99,1,4,1,1,0
5,50502,1,1,1,10,4,23,37,8,0,1,0,5,3,84,881,84881,62,2002,1HTMMAAM72H5,1,H,T,M,M,A,A,M,7,2,H,5,0,T,INTL,430,CC,2,17,,6,0,0,40S,D,,,6,466,,,,,00000,00,,42,0,77,777777777,77777777777,2,1,1,1,0,0,0,0,0,0,0,998,0,0,0,1,4,1,8,0,0,0,1,5,72103,6,1,0,0,3,0,65,125,0,0,0,1,0,9,2011,9,2011,0,0,0,0,0,1,5,40,1,1,2,1,0,0,1,81,3,1,1,13,0,0
5,50503,1,1,2,29,4,1,0,42,0,1,0,5,2,12,481,12481,31,1973,35535119378,3,5,5,3,5,1,1,9,3,7,8,,0,T,FORD,,,73,11,,,,,,,,,,,,,,,,,,,0,0,000000000,00000000000,0,0,0,1,0,0,0,0,0,0,0,998,0,1,5,12,6,2,1,0,0,0,1,5,71933,6,1,0,0,3,0,72,168,1,0,0,0,1,1,2012,3,2012,0,99,99,99,99,1,2,45,1,1,2,1,0,0,1,8,6,1,4,6,1,1
5,50504,1,2,1,23,5,13,5,12,2,1,0,5,1,20,37,20037,4,2006,1G1ZT51886F1,1,G,1,Z,T,5,1,8,8,6,F,1,0,P,CHEV,MLT,4D,6,17,3316,,0,1063,,G,,F,6,214,,,16R215,,,,,,0,0,000000000,00000000000,0,0,0,1,0,0,0,0,0,0,0,998,0,0,0,12,6,2,12,0,0,0,1,5,72015,6,1,0,0,3,0,67,137,0,0,0,0,0,0,0,0,0,9,6,0,0,0,1,2,45,1,1,2,1,0,0,1,10,1,1,2,50,0,0
5,50504,2,2,3,23,5,13,5,12,2,1,0,5,2,20,37,20037,4,2000,2C1MR5226Y67,2,C,1,M,R,5,2,2,6,Y,6,7,0,P,CHEV,MEL,4D,0,17,1984,,0,931,,G,,F,4,079,,,13R155,,,,,,0,0,000000000,00000000000,0,0,0,1,0,0,0,0,0,0,0,998,0,0,0,12,6,2,12,0,0,0,1,5,72065,6,1,0,0,3,0,63,160,0,0,0,0,0,0,0,0,0,9,0,0,0,0,1,2,45,1,1,2,1,0,0,1,62,99,1,1,51,1,0
5,50505,1,1,5,10,11,16,10,1,0,1,0,5,1,12,481,12481,31,1967,F10ALA58467,F,1,0,A,L,A,5,8,4,6,7,,0,T,FORD,F10,PK,67,11,,1,1590,1150,COF,G,,,6,240,,,,,,,,42,0,0,000000000,00000000000,0,0,0,1,0,0,0,0,0,0,0,998,0,1,5,0,6,2,1,0,0,1,1,5,72857,6,1,0,0,3,0,71,185,0,0,0,0,0,0,0,0,0,9,6,0,0,0,1,2,55,1,1,2,1,0,0,1,12,6,1,4,6,1,1
5,50507,1,1,2,19,1,19,0,30,0,1,0,5,1,12,471,12471,30,2003,1FTYR44U43PB,1,F,T,Y,R,4,4,U,4,3,P,B,0,T,FORD,RNS,4C,3,17,,1,0,1257,RNG,G,,,6,182,,,,B,3547,00,U,42,0,0,000000000,00000000000,0,0,0,1,0,0,0,0,0,0,0,998,0,0,0,1,6,2,30,0,0,0,1,5,72042,6,1,0,0,3,3,68,190,0,0,0,0,0,0,0,0,0,0,6,0,0,0,1,2,55,1,1,2,1,0,0,1,13,1,1,4,1,1,0
5,50508,1,3,2,20,5,4,20,12,6,1,0,5,2,22,18,22018,4,2001,1G2NF52T91M6,1,G,2,N,F,5,2,T,9,1,M,6,0,P,PONT,SE1,4D,1,17,3116,,0,1070,,G,,F,4,146,,,15R215,,,,,,0,0,000000000,00000000000,0,0,0,1,0,0,0,0,0,0,0,998,0,0,0,7,6,2,12,0,0,0,1,5,72121,6,1,0,0,3,3,60,105,0,0,0,0,0,0,0,0,0,0,28,58,0,0,1,2,55,1,1,2,1,0,0,1,10,7,3,2,64,1,0
5,50508,2,3,1,20,5,4,20,12,6,1,0,5,2,76,705,76705,80,2006,JYAVM01E56A0,J,Y,A,V,M,0,1,E,5,6,A,0,0,M,YAMA,V6A,RS,6,17,,,,,,,649,,2,,4,474,,,,,,,0,0,000000000,00000000000,0,0,0,1,0,0,0,0,0,0,0,998,0,0,0,12,6,2,12,0,0,0,1,5,72143,6,1,0,0,3,0,72,190,0,0,0,0,0,0,0,0,0,0,0,0,0,0,1,2,55,1,1,2,1,0,0,1,62,1,1,1,65,0,0
5,50508,3,3,2,20,5,4,20,12,6,1,0,5,2,37,705,37705,80,2006,JH2PC37016M3,J,H,2,P,C,3,7,0,1,6,M,3,0,M,HOND,B60,RC,6,17,,,,,,,599,,4,,4,361,,,,,,,0,0,000000000,00000000000,0,0,0,1,0,0,0,0,0,0,0,998,0,0,0,12,6,2,12,0,0,0,1,5,72060,1,1,0,0,2,0,71,180,0,1,0,0,2,8,2011,8,2011,0,0,0,0,0,1,2,55,1,1,2,1,0,0,1,62,1,1,1,98,0,0
5,50509,1,1,1,1,6,16,20,8,0,1,1,5,2,7,41,7041,4,2003,2B3HD46R93H5,2,B,3,H,D,4,6,R,9,3,H,5,0,P,DODG,ISE,4D,3,17,3340,,0,1130,,G,,F,6,167,,,16R225,,,,,,0,0,000000000,00000000000,0,0,0,1,0,0,0,0,0,0,0,998,0,0,0,12,6,2,8,0,0,0,1,5,72209,1,1,0,0,2,3,67,160,0,1,1,0,2,4,2012,4,2012,9,91,0,0,0,1,4,35,1,3,2,1,0,0,1,82,99,1,4,13,0,1
5,50510,1,2,1,27,9,13,57,1,0,1,1,99,9,99,884,99884,78,9999,999999999999,9,9,9,9,9,9,9,9,9,9,9,9,0,,,,,,,,,,,,,,,,,,,,,,,,,0,99,999999999,99999999999,9,99,99,1,0,0,0,0,0,0,0,998,0,0,0,99,9,1,12,99,99,0,1,99,99999,9,9,99,9,9,9,999,999,99,99,99,99,99,99,9999,99,9999,9,99,99,99,99,1,2,55,1,8,2,2,40,3,99,99,99,9,9,98,0,0
5,50510,2,2,1,27,9,13,57,1,0,1,0,48,1,72,706,72706,80,2009,1HD1FC4159Y6,1,H,D,1,F,C,4,1,5,9,Y,6,0,M,HD,FLU,RS,9,17,,,,,,,1584,,2,,4,889,,,,,,,0,0,000000000,00000000000,0,0,0,1,0,0,0,0,0,0,0,998,0,0,0,0,4,3,12,0,0,0,1,48,75056,6,1,6,0,3,0,74,300,0,0,0,0,0,0,0,0,0,0,99,99,99,99,1,2,55,1,8,2,2,0,0,2,18,1,9,1,98,1,0
8,80001,1,1,1,1,1,2,25,8,0,1,0,8,3,98,902,98902,52,1998,1N9TA16A4WL0,1,N,9,T,A,1,6,A,4,W,L,0,0,T,NEOP,,,98,17,,,,,,,,,,,,,,,,,,,0,57,103448,57103448,3,21,22,1,0,0,0,0,6,0,0,35,0,0,0,12,2,3,8,0,0,0,1,8,81621,6,1,6,1,3,0,72,170,0,0,0,0,1,6,2011,6,2011,0,0,0,0,0,2,2,35,1,5,2,1,0,0,1,80,1,1,1,13,0,0
8,80002,1,2,1,4,1,7,36,12,6,1,0,8,2,2,404,2404,14,1998,1J4FJ78S1WL1,1,J,4,F,J,7,8,S,1,W,L,1,0,T,JEEP,LIM,4W,98,17,,1,0,1014,CHK,G,,,6,242,,,,,3249,00,E,44,0,0,000000000,00000000000,0,0,0,1,0,0,0,0,0,0,0,50,0,1,5,12,6,2,12,0,0,0,1,8,80128,6,2,0,0,3,3,66,130,0,0,0,0,0,0,0,0,0,0,6,39,0,0,1,2,55,1,1,5,1,20,3,1,17,1,1,1,88,0,0
8,80002,2,2,1,4,1,7,36,12,6,1,0,8,2,21,21,21021,4,2001,1G3NL52E11C2,1,G,3,N,L,5,2,E,1,1,C,2,0,P,OLDS,A/G,4D,1,17,3022,,0,1070,,G,,F,6,207,,,15R215,,,,,,0,0,000000000,00000000000,0,0,0,1,0,0,0,0,0,0,0,50,0,0,0,9,6,2,12,0,0,0,1,8,80751,6,2,0,0,3,0,72,165,0,0,0,0,0,0,0,0,0,0,0,0,0,0,1,2,50,1,1,2,1,0,0,1,66,1,1,1,89,1,0
8,80003,1,1,1,4,1,20,45,1,0,1,0,8,1,2,403,2403,14,1997,1J4FY19S2VP5,1,J,4,F,Y,1,9,S,2,V,P,5,0,T,JEEP,SPW,2W,97,17,,1,0,934,W/T,G,,,6,242,,,,,3156,00,E,44,0,0,000000000,00000000000,0,0,0,1,0,0,0,0,0,0,0,40,0,2,5,0,6,2,1,0,0,0,1,8,80134,6,1,0,0,3,0,75,230,0,0,0,0,0,0,0,0,0,0,58,0,0,0,1,2,35,3,6,2,1,0,0,14,13,6,4,4,7,1,1
8,80005,1,1,1,6,1,15,20,10,0,1,0,8,1,20,19,20019,4,1991,1G1LT53T5ME2,1,G,1,L,T,5,3,T,5,M,E,2,0,P,CHEV,COL,4D,91,17,2569,,0,1034,,G,,F,6,191,,,14R185,,,,,,0,0,000000000,00000000000,0,0,0,1,0,0,0,0,0,0,0,998,0,1,6,63,6,2,10,0,0,0,1,8,80758,6,1,0,0,3,0,73,180,0,0,0,0,0,0,0,0,0,0,38,0,0,0,1,2,98,1,1,4,1,65,3,1,91,1,1,1,15,1,0
8,80006,1,1,1,7,1,1,37,46,0,1,0,8,2,48,34,48034,6,2001,4S3BH6869176,4,S,3,B,H,6,8,6,9,1,7,6,0,P,SUBA,UBK,SW,1,17,3510,,0,1043,,G,,F,4,153,,,16R225,,,,,,0,0,000000000,00000000000,0,0,0,1,0,0,0,0,0,0,0,60,0,0,0,12,6,2,46,0,0,1,1,8,80013,6,1,0,0,3,0,73,210,1,0,0,0,2,7,2009,12,2009,1,6,0,0,0,2,3,35,1,1,2,1,2,3,1,13,1,1,4,1,1,1
8,80007,1,1,2,9,1,21,40,14,0,1,0,8,5,20,9,20009,2,1995,2G1FP22SXS22,2,G,1,F,P,2,2,S,X,S,2,2,0,P,CHEV,CAM,CP,95,17,3251,,0,1011,,G,,F,6,207,,,16R215,,,,,,0,0,000000000,00000000000,0,0,0,1,0,0,0,0,0,0,0,120,0,0,0,3,6,2,14,0,0,0,1,8,81052,0,0,0,0,0,0,999,999,0,0,0,0,0,0,0,0,0,1,36,37,91,0,1,2,30,1,1,2,1,0,0,1,6,9,1,4,11,1,0
8,80008,1,1,1,10,1,3,11,1,0,1,0,8,2,23,401,23401,14,1998,1GKDT13W0W25,1,G,K,D,T,1,3,W,0,W,2,5,0,T,GMC,JMY,4W,98,17,,1,0,1070,JMY,G,,,6,262,,,,B,3999,00,E,44,0,0,000000000,00000000000,0,0,0,1,0,0,0,0,0,0,0,45,0,2,5,0,6,2,1,0,0,0,1,8,80538,2,2,0,0,2,0,64,110,0,3,1,0,0,5,2010,1,2011,0,58,0,0,0,1,2,45,1,1,2,1,0,0,1,13,8,3,4,7,1,1
8,80009,1,1,1,7,1,2,29,33,0,1,0,8,1,20,481,20481,31,1998,1GCEC19R9WR1,1,G,C,E,C,1,9,R,9,W,R,1,0,T,CHEV,GC1,PC,98,17,,2,1555,1415,GM4,G,,,8,350,,,,B,4145,03,,42,0,0,000000000,00000000000,0,0,0,1,0,0,0,0,0,0,0,60,0,0,0,14,6,2,42,0,0,0,1,8,80229,2,1,0,0,2,0,68,145,0,9,2,1,0,3,2010,6,2011,1,8,0,0,0,1,2,30,1,1,2,1,0,0,1,13,99,1,4,1,1,1
8,80010,1,1,1,9,1,12,37,8,0,1,0,8,2,12,17,12017,4,2004,1FAFP55U44G1,1,F,A,F,P,5,5,U,4,4,G,1,0,P,FORD,TSS,4D,4,17,3306,,0,1085,,G,,F,6,182,,,16R215,,,,,,0,0,000000000,00000000000,0,0,0,1,0,0,0,0,0,0,0,998,0,0,0,12,2,1,8,0,0,0,1,8,80906,6,1,0,0,3,3,66,125,0,0,0,0,0,0,0,0,0,0,6,38,0,0,1,4,25,1,1,2,1,2,3,11,80,1,1,1,13,0,0
8,80011,1,2,3,11,1,12,19,59,0,1,0,8,2,20,473,20473,30,2007,1GCDT13E2782,1,G,C,D,T,1,3,E,2,7,8,2,0,T,CHEV,RDO,CW,7,17,,1,0,1260,CAL,G,,,5,226,,,,,3962,01,,44,0,0,000000000,00000000000,0,0,0,1,0,0,0,0,0,0,0,55,0,0,0,2,6,2,12,0,0,0,1,8,80501,6,1,0,0,3,0,65,150,0,0,0,0,1,2,2009,2,2009,1,6,87,0,0,2,2,55,1,1,1,3,2,3,1,5,9,4,4,7,1,0
8,80011,2,2,1,11,1,12,19,59,0,1,0,8,3,42,421,42421,15,2010,4JGBF2FE9AA5,4,J,G,B,F,2,F,E,9,A,A,5,0,P,MERZ,MG3,UT,10,17,5423,,0,1211,,D,,T,6,183,,,20R275,,,,,,0,0,000000000,00000000000,0,0,0,1,0,0,0,0,0,0,0,25,0,0,0,12,6,2,12,0,0,0,1,8,80003,6,1,0,0,3,1,65,145,0,0,0,0,0,0,0,0,0,0,0,0,0,0,2,2,55,1,1,1,3,2,3,1,54,1,1,1,98,0,0
8,80012,1,2,1,13,1,17,39,8,0,1,0,8,1,24,5,24005,4,2002,1G8JS54FX2Y5,1,G,8,J,S,5,4,F,X,2,Y,5,0,P,STRN,L10,4D,2,17,2989,,0,1065,,G,,F,4,134,,,15R195,,,,,,0,0,000000000,00000000000,0,0,0,1,0,0,0,0,0,0,0,998,0,0,0,12,0,1,8,0,0,0,1,8,80234,6,1,0,0,3,1,71,135,0,0,0,0,0,0,0,0,0,0,0,0,0,0,2,2,35,1,1,2,1,2,3,1,80,1,1,1,13,0,0
8,80012,2,2,1,13,1,17,39,8,0,1,0,8,1,12,35,12035,4,1998,1FALP6530WK1,1,F,A,L,P,6,5,3,0,W,K,1,0,P,FORD,LSG,4D,98,17,2769,,0,1065,,G,,F,4,121,,,14R185,,,,,,0,0,000000000,00000000000,0,0,0,1,0,0,0,0,0,0,0,998,0,0,0,14,0,1,18,0,0,0,1,8,80010,6,1,0,0,3,1,71,180,0,2,1,0,0,3,2009,6,2009,0,0,0,0,0,2,2,35,1,1,2,1,2,3,1,90,1,1,1,98,0,0
8,80013,1,2,2,14,1,3,25,12,6,1,0,8,2,45,421,45421,15,2004,WP1AB29P54LA,W,P,1,A,B,2,9,P,5,4,L,A,0,P,PORS,POR,UT,4,17,6493,,0,1124,,G,,F,8,275,,,18R255,,,,,,0,0,000000000,00000000000,0,0,0,1,0,0,0,0,0,0,0,78,0,0,0,12,6,2,12,0,0,0,1,8,80260,2,8,0,0,2,0,68,140,0,0,0,0,0,0,0,0,0,1,36,39,0,0,2,3,45,1,1,2,1,2,3,1,17,1,1,1,83,0,1
8,80013,2,2,1,14,1,3,25,12,6,1,0,8,2,49,32,49032,4,1993,2T1AE09E0PC0,2,T,1,A,E,0,9,E,0,P,C,0,0,P,TOYT,LED,4D,93,17,2370,,0,957,,G,,F,4,108,,,14R185,,,,,,0,0,000000000,00000000000,0,0,0,1,0,0,0,0,0,0,0,22,0,0,0,9,6,2,12,0,0,0,1,8,80003,6,1,0,0,3,0,64,120,0,0,0,1,3,10,2009,7,2011,0,0,0,0,0,1,2,30,1,1,2,1,2,3,11,66,1,1,1,82,1,0
8,80014,1,2,1,15,1,6,40,12,2,1,0,8,2,21,3,21003,4,1997,1G3HC52K4V48,1,G,3,H,C,5,2,K,4,V,4,8,0,P,OLDS,REG,4D,97,17,3813,,0,1108,,G,,F,6,231,,,15R205,,,,,,0,0,000000000,00000000000,0,0,0,1,0,0,0,0,0,0,0,65,0,0,0,12,6,2,12,0,0,0,1,8,80807,6,2,0,0,3,0,62,110,0,0,0,1,0,8,2011,8,2011,0,6,28,0,0,1,2,65,1,6,2,1,0,0,1,10,1,1,2,50,0,0
8,80014,2,2,2,15,1,6,40,12,2,1,0,8,2,20,461,20461,21,2000,1GBFG15R5Y11,1,G,B,F,G,1,5,R,5,Y,1,1,0,P,CHEV,E/X,SV,0,17,0,,0,1350,,G,,F,8,350,,,000000,,,,,,0,0,000000000,00000000000,0,0,0,1,0,0,0,0,0,0,0,65,0,1,5,12,6,2,1,0,0,0,1,46,57570,6,1,0,0,3,0,71,190,0,1,1,0,2,10,2009,10,2009,0,0,0,0,0,1,2,65,1,5,2,1,0,0,1,62,1,1,1,51,1,0
8,80015,1,1,2,18,1,0,30,35,0,1,0,8,1,24,1,24001,4,1996,1G8ZJ5270TZ2,1,G,8,Z,J,5,2,7,0,T,Z,2,0,P,STRN,SL2,4D,96,17,2320,,0,1024,,G,,F,4,116,,,15R185,,,,,,0,0,000000000,00000000000,0,0,0,1,0,0,0,0,0,0,0,50,0,1,6,81,6,2,1,0,0,0,1,8,80807,6,1,0,0,3,0,67,125,0,2,0,1,0,6,2009,12,2011,1,0,0,0,0,1,2,55,3,1,5,1,40,3,14,6,8,4,4,2,1,1
8,80016,1,2,1,18,1,7,45,12,8,1,0,8,1,12,481,12481,31,2000,1FTNX21F9YED,1,F,T,N,X,2,1,F,9,Y,E,D,0,T,FORD,F2S,4C,0,17,,2,1580,1418,SRW,D,,,8,444,,,,C,5635,07,E,44,0,0,000000000,00000000000,0,0,0,1,0,0,0,0,0,0,0,65,0,0,0,61,6,2,12,0,0,0,1,8,80537,6,1,0,0,3,2,67,180,0,0,0,1,0,9,2011,9,2011,1,6,28,74,0,1,2,65,2,5,2,1,0,0,14,10,1,1,2,64,0,0
8,80016,2,2,2,18,1,7,45,12,8,1,0,8,2,49,40,49040,4,2009,4T1BE46K29U9,4,T,1,B,E,4,6,K,2,9,U,9,0,P,TOYT,CBA,4D,9,17,3263,,0,1090,,G,,F,4,144,,,16R215,,,,,,0,0,000000000,00000000000,0,0,0,1,0,0,0,0,0,0,0,65,0,0,0,61,6,2,12,0,0,0,1,8,80514,6,2,0,0,3,3,65,125,0,0,0,0,0,0,0,0,0,0,0,0,0,0,1,2,65,3,6,2,1,0,0,14,62,7,1,1,65,1,0
8,80017,1,2,1,21,1,16,31,1,0,1,0,8,1,20,471,20471,30,1992,1GCCT14Z5N82,1,G,C,C,T,1,4,Z,5,N,8,2,0,T,CHEV,S14,PK,92,17,,1,1179,1083,S,G,,,6,262,,,,B,3221,01,,44,0,0,000000000,00000000000,0,0,0,1,0,0,0,0,0,0,0,5,0,0,0,9,6,2,12,0,0,0,1,8,81003,4,1,0,0,2,0,65,165,0,1,0,0,0,11,2009,11,2009,0,6,48,0,0,1,2,30,1,1,2,1,0,0,12,98,1,1,1,98,0,0
8,80017,2,2,1,21,1,16,31,1,0,1,0,8,2,73,706,73706,80,2004,JKAZXCC134A0,J,K,A,Z,X,C,C,1,3,4,A,0,0,M,KAWK,Z1R,RC,4,17,,,,,,,998,,4,,4,459,,,,,,,0,0,000000000,00000000000,0,0,0,1,0,0,0,0,0,0,0,30,0,0,0,0,6,2,12,0,0,0,1,8,81001,2,1,0,0,2,3,68,180,0,1,0,0,0,6,2010,6,2010,0,0,0,0,0,1,2,30,1,1,2,1,0,0,1,98,4,1,1,98,1,1
8,80018,1,4,1,28,1,11,25,12,6,1,0,8,2,55,33,55033,4,2007,5NPET46C67H2,5,N,P,E,T,4,6,C,6,7,H,2,0,P,HYUN,SGL,4D,7,17,3253,,0,1074,,G,,F,4,144,,,16R215,,,,,,0,0,000000000,00000000000,0,0,0,1,0,0,0,0,0,0,0,30,0,0,0,62,6,2,12,0,0,0,1,8,80237,6,1,0,0,3,1,66,135,0,0,0,0,0,0,0,0,0,0,38,52,0,0,2,2,35,1,1,2,1,2,3,1,17,99,1,1,89,1,0
8,80018,2,4,1,28,1,11,25,12,6,1,0,8,3,98,882,98882,63,1998,4P1CT024XWA0,4,P,1,C,T,0,2,4,X,W,A,0,0,U,,,,98,17,,,,,,,,,,,,,,,,,,,0,88,888888888,88888888888,3,1,97,1,0,0,0,0,0,7,1,40,0,0,0,12,6,2,12,0,0,0,1,8,80237,6,1,0,0,3,0,70,195,0,0,0,0,0,0,0,0,0,0,0,0,0,0,2,3,45,1,1,2,1,2,3,1,66,99,1,1,88,0,0
8,80018,3,4,1,28,1,11,25,12,6,1,0,8,2,2,405,2405,14,2005,1J4GL48K55W6,1,J,4,G,L,4,8,K,5,5,W,6,0,T,JEEP,SPR,4W,5,17,,1,0,1043,LIB,G,,,6,226,,,,,3731,00,E,44,0,0,000000000,00000000000,0,0,0,1,0,0,0,0,0,0,0,0,0,0,0,12,6,2,12,0,0,0,1,8,80111,6,1,0,0,3,3,67,150,0,0,0,0,0,0,0,0,0,0,0,0,0,0,2,3,45,1,1,2,1,2,3,5,62,1,1,1,98,0,0
8,80018,4,4,1,28,1,11,25,12,6,1,0,8,1,59,35,59035,4,2001,JTHBD1829100,J,T,H,B,D,1,8,2,9,1,0,0,0,P,LEXS,IS3,4D,1,17,3270,,0,1051,,G,,F,6,183,,,16R205,,,,,,0,0,000000000,00000000000,0,0,0,1,0,0,0,0,0,0,0,0,0,0,0,12,6,2,12,0,0,0,1,8,80231,6,1,0,0,3,0,69,160,0,0,0,0,0,0,0,0,0,0,0,0,0,0,2,3,45,1,1,2,1,2,3,5,50,1,1,1,98,0,0
8,80019,1,1,1,26,1,19,55,8,0,1,0,8,1,21,21,21021,4,1998,1G3NL52M5WM3,1,G,3,N,L,5,2,M,5,W,M,3,0,P,OLDS,ASL,4D,98,17,2917,,0,1034,,G,,F,6,191,,,15R195,,,,,,0,0,000000000,00000000000,0,0,0,1,0,0,0,0,0,0,0,998,0,0,0,12,2,3,8,0,0,0,1,8,81003,6,1,0,0,3,0,63,165,0,0,0,0,0,0,0,0,0,0,0,0,0,0,2,2,45,1,5,2,1,0,0,1,80,7,1,2,13,0,0
8,80020,1,2,2,31,1,14,50,12,6,1,0,8,1,18,7,18007,4,1993,1G4AG55N0P64,1,G,4,A,G,5,5,N,0,P,6,4,0,P,BUIC,CSP,4D,93,17,2870,,0,1047,,G,,F,6,204,,,14R185,,,,,,0,0,000000000,00000000000,0,0,0,1,0,0,0,0,0,0,0,45,0,0,0,12,6,2,12,0,0,0,1,8,80654,6,1,0,0,3,1,64,150,0,0,0,1,0,6,2010,6,2010,0,38,0,0,0,1,2,55,1,1,5,1,0,0,1,17,3,2,1,88,1,0
8,80020,2,2,1,31,1,14,50,12,6,1,0,8,1,20,481,20481,31,1991,1GCDK14K1MZ1,1,G,C,D,K,1,4,K,1,M,Z,1,0,T,CHEV,GK1,PK,91,17,,1,1315,1175,GM4,G,,,8,350,,,,B,00000,00,,44,0,0,000000000,00000000000,0,0,0,1,0,0,0,0,0,0,0,45,0,0,0,11,6,2,12,0,0,0,1,8,80654,6,1,0,0,3,0,74,225,0,0,0,0,0,0,0,0,0,0,0,0,0,0,1,2,55,1,1,5,1,0,0,1,66,3,2,1,89,0,0
8,80021,1,4,1,31,1,16,0,12,8,1,0,8,2,35,39,35039,4,1996,JN1CA21D0TT7,J,N,1,C,A,2,1,D,0,T,T,7,0,P,NISS,MGS,4D,96,17,2886,,0,1063,,G,,F,6,182,,,15R205,,,,,,0,0,000000000,00000000000,0,0,0,1,0,0,0,0,0,0,0,55,3,0,0,62,6,2,12,0,0,0,1,8,80514,6,1,0,0,3,3,63,160,0,0,0,0,0,0,0,0,0,0,28,0,0,0,1,2,55,1,1,2,1,0,0,1,10,1,1,2,64,1,0
8,80021,2,4,1,31,1,16,0,12,8,1,0,18,3,98,809,98809,66,2007,2FWBAVDC57AX,2,F,W,B,A,V,D,C,5,7,A,X,2,T,STRG,L80,TR,7,17,,7,0,0,STE,D,,,6,439,,,,,00000,00,,42,1,57,241829,57241829,3,7,1,1,0,0,0,0,0,0,0,55,0,0,0,61,6,2,12,0,0,0,1,8,80013,6,1,6,1,3,0,69,150,0,0,0,0,0,0,0,0,0,0,0,0,0,0,1,2,55,1,1,2,1,0,0,1,62,7,1,1,65,0,0