STATE,ST_CASE,VEH_NO,VE_FORMS,NUMOCCS,DAY,MONTH,HOUR,MINUTE,HARM_EV,MAN_COLL,UNITTYPE,HIT_RUN,REG_STAT,OWNER,MAKE,MODEL,MAK_MOD,BODY_TYP,MOD_YEAR,VIN,VIN_1,VIN_2,VIN_3,VIN_4,VIN_5,VIN_6,VIN_7,VIN_8,VIN_9,VIN_10,VIN_11,VIN_12,TOW_VEH,VINTYPE,VINMAKE,VINA_MOD,VIN_BT,VINMODYR,VIN_LNGT,VIN_WGT,WGTCD_TR,WHLBS_LG,WHLBS_SH,SER_TR,FUELCODE,MCYCL_DS,CARBUR,CYLINDER,DISPLACE,MCYCL_CY,MCYCL_WT,TIRE_SZE,TON_RAT,TRK_WT,TRKWTVAR,VIN_REST,WHLDRWHL,J_KNIFE,MCARR_I1,MCARR_I2,MCARR_ID,GVWR,V_CONFIG,CARGO_BT,HAZ_INV,HAZ_PLAC,HAZ_ID,HAZ_CNO,HAZ_REL,BUS_USE,SPEC_USE,EMER_USE,TRAV_SP,UNDERIDE,ROLLOVER,ROLINLOC,IMPACT1,DEFORMED,TOWED,M_HARM,VEH_SC1,VEH_SC2,FIRE_EXP,DR_PRES,L_STATE,DR_ZIP,L_STATUS,L_TYPE,CDL_STAT,L_ENDORS,L_COMPL,L_RESTRI,DR_HGT,DR_WGT,PREV_ACC,PREV_SUS,PREV_DWI,PREV_SPD,PREV_OTH,FIRST_MO,FIRST_YR,LAST_MO,LAST_YR,SPEEDREL,DR_SF1,DR_SF2,DR_SF3,DR_SF4,VTRAFWAY,VNUM_LAN,VSPD_LIM,VALIGN,VPROFILE,VPAVETYP,VSURCOND,VTRAFCON,VTCONT_F,P_CRASH1,P_CRASH2,P_CRASH3,PCRASH4,PCRASH5,ACC_TYPE,DEATHS,DR_DRINK
8,80052,2,2,1,5,3,14,2,1,0,1,0,8,2,2,404,2404,14,1992,1J4FJ58S6NL1,1,J,4,F,J,5,8,S,6,N,L,1,0,T,JEEP,LAR,4W,92,17,,1,0,1014,CHK,G,,,6,242,,,,,00000,00,A,44,0,0,000000000,00000000000,0,0,0,1,0,0,0,0,0,0,0,10,0,0,0,5,6,2,12,0,0,0,1,8,80634,6,2,0,0,3,0,68,135,0,0,0,0,0,0,0,0,0,0,0,0,0,0,1,4,30,1,5,2,1,0,0,11,15,99,1,1,98,0,0
8,80054,1,1,1,7,3,18,0,1,0,1,0,8,1,12,421,12421,15,1986,1FMCU14T9GUB,1,F,M,C,U,1,4,T,9,G,U,B,0,P,FORD,BII,UT,86,17,0,,0,940,,G,,F,6,177,,,000000,,,,,,0,0,000000000,00000000000,0,0,0,1,0,0,0,0,0,0,0,65,0,2,5,0,6,2,1,0,0,0,1,8,81503,6,1,0,0,3,0,67,170,0,2,1,0,0,10,2009,11,2010,1,6,0,0,0,1,2,55,3,6,2,1,0,0,14,13,1,4,4,2,1,1
8,80055,1,1,1,12,3,15,0,42,0,1,0,8,2,37,402,37402,14,1997,JHLRD1842VC0,J,H,L,R,D,1,8,4,2,V,C,0,0,P,HOND,CRV,UT,97,17,3074,,0,1032,,G,,F,4,120,,,15R205,,,,,,0,0,000000000,00000000000,0,0,0,1,0,0,0,0,0,0,0,45,0,1,5,81,6,2,17,0,0,0,1,8,80809,6,1,0,0,3,1,66,150,0,0,0,0,0,0,0,0,0,0,0,0,0,0,3,2,45,3,6,2,1,0,0,14,13,1,1,4,1,1,0
8,80056,1,1,5,11,3,0,45,1,0,1,0,8,2,24,5,24005,4,2003,1G8JU54F63Y5,1,G,8,J,U,5,4,F,6,3,Y,5,0,P,STRN,L20,4D,3,17,3033,,0,1065,,G,,F,4,134,,,15R195,,,,,,0,0,000000000,00000000000,0,0,0,1,0,0,0,0,0,0,0,90,0,2,5,0,6,2,1,0,0,0,1,8,81131,6,1,0,0,3,0,69,150,0,0,0,0,0,0,0,0,0,1,91,0,0,0,1,2,30,2,6,2,1,0,0,14,6,7,3,4,7,1,1
8,80057,1,2,1,16,3,12,32,1,0,1,0,8,1,12,481,12481,31,2001,1FTRX18L31NB,1,F,T,R,X,1,8,L,3,1,N,B,0,T,FORD,F15,4C,1,17,,2,1574,1388,COF,G,,,8,330,,,,B,4611,04,U,44,0,0,000000000,00000000000,0,0,0,1,0,0,0,0,0,0,0,15,0,0,0,3,4,3,12,0,0,0,1,8,80701,6,1,0,0,3,0,70,215,0,0,0,0,0,0,0,0,0,0,38,91,0,0,1,2,55,1,1,2,1,0,0,11,15,1,1,1,98,0,0
8,80057,2,2,1,16,3,12,32,1,0,1,0,8,1,72,706,72706,80,2005,1HD1JDB105Y0,1,H,D,1,J,D,B,1,0,5,Y,0,0,M,HD,FTN,RS,5,17,,,,,,,1450,,2,,4,676,,,,,,,0,0,000000000,00000000000,0,0,0,1,0,0,0,0,0,0,0,55,0,0,0,0,6,2,12,0,0,0,1,8,80654,6,1,6,0,3,0,72,190,0,0,0,0,0,0,0,0,0,0,0,0,0,0,1,2,55,1,1,2,1,0,0,1,62,3,2,1,98,1,0
8,80058,1,1,1,17,3,17,31,1,0,1,0,8,2,72,706,72706,80,2007,1HD1FR4147Y6,1,H,D,1,F,R,4,1,4,7,Y,6,0,M,HD,FCI,RS,7,17,,,,,,,1584,,2,,4,732,,,,,,,0,0,000000000,00000000000,0,0,0,1,0,0,0,0,0,0,0,65,0,0,0,0,6,2,1,0,0,0,1,8,80543,6,1,0,0,3,0,67,185,0,0,0,0,0,0,0,0,0,0,6,0,0,0,1,4,65,1,6,1,1,0,0,1,13,6,1,4,1,1,0
8,80059,1,1,3,17,3,18,47,8,0,1,0,47,1,48,34,48034,6,1999,4S3BG6852X76,4,S,3,B,G,6,8,5,2,X,7,6,0,P,SUBA,UVT,SW,99,17,3175,,0,1035,,G,,F,4,150,,,15R205,,,,,,0,0,000000000,00000000000,0,0,0,1,0,0,0,0,0,0,0,43,0,0,0,12,4,3,8,0,0,0,1,47,37934,6,1,0,0,3,0,68,135,0,0,0,1,0,6,2009,6,2009,0,38,91,0,0,2,2,45,1,6,2,1,21,3,1,80,9,1,1,13,0,1
8,80060,1,1,3,18,3,2,40,31,0,1,0,8,1,20,2,20002,4,2006,2G1WD58C2693,2,G,1,W,D,5,8,C,2,6,9,3,0,P,CHEV,ISS,4D,6,17,3607,,0,1105,,G,,F,8,323,,,18R235,,,,,,0,0,000000000,00000000000,0,0,0,1,0,0,0,0,0,0,0,100,0,0,0,12,6,2,35,0,0,1,1,8,81650,6,1,0,0,3,0,68,150,0,2,1,1,1,7,2010,10,2011,1,36,91,0,0,2,2,75,2,1,2,1,0,0,14,12,7,1,4,6,1,1
8,80061,1,2,2,15,3,12,48,12,2,1,0,8,2,7,20,7020,4,2003,1B3ES56CX3D2,1,B,3,E,S,5,6,C,X,3,D,2,0,P,DODG,NXT,4D,3,17,2639,,0,1040,,G,,F,4,122,,,15R185,,,,,,0,0,000000000,00000000000,0,0,0,1,0,0,0,0,0,0,0,50,0,0,0,12,6,2,12,0,0,0,1,8,80004,0,0,0,0,0,0,74,205,0,4,1,0,0,5,2009,9,2010,1,6,8,0,0,1,4,40,1,1,2,1,0,0,98,10,1,1,2,50,1,0
8,80061,2,2,2,15,3,12,48,12,2,1,0,8,2,7,403,7403,14,2007,1D8GU28K37W5,1,D,8,G,U,2,8,K,3,7,W,5,0,P,DODG,NIT,UT,7,17,4105,,0,1088,,G,,F,6,225,,,16R225,,,,,,0,0,000000000,00000000000,0,0,0,1,0,0,0,0,0,0,0,40,0,0,0,12,6,2,12,0,0,0,1,8,80232,6,1,0,0,3,0,66,210,0,0,0,0,0,0,0,0,0,0,0,0,0,0,1,4,40,1,1,2,1,0,0,1,62,1,1,1,51,0,0
8,80062,1,1,2,16,3,7,32,9,0,1,0,8,1,7,482,7482,31,2002,3D7HU18N32G1,3,D,7,H,U,1,8,N,3,2,G,1,0,T,DODG,Q15,CW,2,17,,2,1605,1405,RPC,G,,,8,287,,,,B,5000,02,E,44,0,0,000000000,00000000000,0,0,0,1,0,0,0,0,0,0,0,30,0,0,0,12,4,1,9,0,0,0,1,8,80013,6,1,0,0,3,1,72,195,0,0,0,0,1,1,2010,1,2010,0,6,39,0,0,2,3,40,1,5,2,1,20,3,1,80,1,1,1,13,0,0
8,80063,1,1,1,17,3,23,0,8,0,1,0,8,1,12,35,12035,4,1999,1FAFP6634XK1,1,F,A,F,P,6,6,3,4,X,K,1,0,P,FORD,CSE,4D,99,17,2774,,0,1065,,G,,F,4,121,,,14R185,,,,,,0,0,000000000,00000000000,0,0,0,1,0,0,0,0,0,0,0,41,0,0,0,12,4,3,8,0,0,0,1,8,81416,6,1,0,0,3,0,68,195,0,0,0,0,0,0,0,0,0,0,0,0,0,0,2,3,45,1,5,2,1,0,0,1,80,6,1,1,13,0,0
8,80064,1,1,2,21,3,2,35,25,0,1,0,8,1,20,421,20421,15,1995,1GNEK13K0SJ4,1,G,N,E,K,1,3,K,0,S,J,4,0,P,CHEV,KTA,UT,95,17,5124,,0,1175,,G,,F,8,350,,,15R235,,,,,,0,0,000000000,00000000000,0,0,0,1,0,0,0,0,0,0,0,95,0,0,0,11,6,2,25,0,0,0,1,8,80015,6,2,0,0,3,0,76,170,0,2,0,0,0,8,2009,8,2009,1,8,36,0,0,3,4,65,1,1,2,1,0,0,15,51,8,4,4,7,1,1
8,80065,1,1,1,18,3,14,47,9,0,1,0,8,1,12,481,12481,31,2002,1FTRX07242KA,1,F,T,R,X,0,7,2,4,2,K,A,0,T,FORD,F15,4C,2,17,,2,0,1385,COF,G,,,6,256,,,,B,4224,04,U,42,0,0,000000000,00000000000,0,0,0,1,0,0,0,0,0,0,0,25,0,0,0,12,2,1,9,0,0,0,1,8,80701,3,1,0,0,2,0,68,150,0,0,0,1,0,7,2010,7,2010,0,0,0,0,0,1,2,30,1,1,2,1,28,3,1,80,1,1,1,13,0,0
8,80066,1,1,2,24,3,23,45,42,0,1,0,8,3,7,472,7472,30,2001,1B7GG2AX61S1,1,B,7,G,G,2,A,X,6,1,S,1,0,T,DODG,QAD,CW,1,17,,1,0,1309,DAK,G,,,6,239,,,,B,4296,00,U,44,0,0,000000000,00000000000,0,0,0,1,0,0,0,0,0,0,0,70,0,0,0,12,6,2,42,0,0,0,1,8,81146,6,1,0,0,3,0,67,280,0,2,0,1,0,7,2011,10,2011,0,6,0,0,0,1,2,65,3,1,2,1,0,0,14,12,1,1,4,6,1,0
8,80067,1,1,1,24,3,3,0,42,0,1,0,8,2,48,401,48401,14,2005,JF1SG69655G7,J,F,1,S,G,6,9,6,5,5,G,7,0,P,SUBA,FOR,UT,5,17,3225,,0,994,,G,,F,4,152,,,16R215,,,,,,0,0,000000000,00000000000,0,0,0,1,0,0,0,0,0,0,0,25,0,1,6,12,6,2,42,0,0,0,1,8,80439,6,1,0,0,3,0,70,140,0,0,0,0,0,0,0,0,0,0,0,0,0,0,1,2,25,2,5,2,1,0,0,14,12,7,1,4,6,1,0
8,80068,1,2,1,24,3,18,55,12,6,1,0,8,1,7,482,7482,31,2005,3D7KS28C85G7,3,D,7,K,S,2,8,C,8,5,G,7,0,T,DODG,SQ2,CW,5,17,,2,1605,1405,RPC,D,,,6,359,,,,C,5886,12,E,44,0,0,000000000,00000000000,0,0,0,1,0,0,0,0,0,0,0,55,0,1,6,12,6,2,12,0,0,0,1,8,80734,6,1,6,0,3,0,71,250,0,0,0,1,0,6,2009,6,2009,0,39,91,0,0,1,2,55,1,1,5,1,21,3,1,17,3,2,1,86,0,1
8,80068,2,2,2,24,3,18,55,12,6,1,0,8,2,12,3,12003,2,1998,1FAFP42X2WF2,1,F,A,F,P,4,2,X,2,W,F,2,0,P,FORD,MGT,CP,98,17,3278,,0,1013,,G,,F,8,281,,,16R225,,,,,,0,0,000000000,00000000000,0,0,0,1,0,0,0,0,0,0,0,55,0,0,0,3,6,2,12,0,0,0,1,8,80734,0,0,0,0,0,0,999,999,0,0,0,0,0,0,0,0,0,0,0,0,0,0,1,2,55,1,1,5,1,0,0,1,66,3,2,1,87,2,1
8,80069,1,1,5,26,3,10,34,1,0,1,0,8,1,20,403,20403,14,2004,1GNET16S9461,1,G,N,E,T,1,6,S,9,4,6,1,0,P,CHEV,TRL,UT,4,17,4954,,0,1290,,G,,F,6,256,,,17R245,,,,,,0,0,000000000,00000000000,0,0,0,1,0,0,0,0,0,0,0,72,0,2,3,0,6,2,1,0,0,0,1,8,80022,6,1,0,0,3,0,63,200,0,0,0,0,0,0,0,0,0,1,58,85,0,0,2,2,65,1,5,2,1,0,0,1,61,6,4,4,7,2,0
8,80070,1,2,1,27,3,17,20,12,2,1,0,12,1,72,706,72706,80,1994,1HD1BML18RY0,1,H,D,1,B,M,L,1,8,R,Y,0,0,M,HD,FLF,RS,94,17,,,,,,,1340,,2,,4,650,,,,,,,0,0,000000000,00000000000,0,0,0,1,0,0,0,0,0,0,0,35,0,0,0,12,6,2,12,0,0,0,1,8,80631,0,0,0,0,0,0,999,999,0,0,0,0,0,0,0,0,0,0,28,0,0,0,1,2,55,2,6,2,1,40,3,14,10,1,1,2,50,1,1
8,80070,2,2,1,27,3,17,20,12,2,1,0,8,1,37,441,37441,20,2004,5FNRL18524B0,5,F,N,R,L,1,8,5,2,4,B,0,0,P,HOND,UDY,SV,4,17,4310,,0,1181,,G,,F,6,212,,,16R225,,,,,,0,0,000000000,00000000000,0,0,0,1,0,0,0,0,0,0,0,25,0,0,0,12,6,2,12,0,0,0,1,8,80615,6,1,0,0,3,3,60,160,0,0,0,0,0,0,0,0,0,0,0,0,0,0,1,2,55,3,5,2,1,40,3,14,62,7,1,1,51,0,0
8,80071,1,1,1,31,3,12,10,8,0,1,0,8,1,49,471,49471,30,1988,JT4VN67NXJ00,J,T,4,V,N,6,7,N,X,J,0,0,0,T,TOYT,V67,PC,88,17,,1,0,1126,SXD,G,,,6,180,,,,B,3378,01,A,44,0,0,000000000,00000000000,0,0,0,1,0,0,0,0,0,0,0,45,0,0,0,12,4,3,8,0,0,0,1,8,80537,6,1,0,0,3,0,73,190,0,0,0,0,0,0,0,0,0,0,6,0,0,0,1,2,45,1,1,2,1,0,0,1,13,1,1,4,1,0,0
8,80072,1,2,1,31,3,14,0,1,0,1,0,8,1,72,706,72706,80,2003,1HD1GJV183K3,1,H,D,1,G,J,V,1,8,3,K,3,0,M,HD,FXX,RS,3,17,,,,,,,1450,,2,,4,620,,,,,,,0,0,000000000,00000000000,0,0,0,1,0,0,0,0,0,0,0,60,0,0,0,0,6,2,54,0,0,0,1,8,81416,6,1,0,0,3,0,71,200,0,0,0,0,0,0,0,0,0,1,8,0,0,0,1,2,40,1,1,4,1,0,0,1,51,8,2,2,98,1,0
8,80072,2,2,1,31,3,14,0,1,0,1,0,92,0,98,998,98998,92,2003,000000000000,0,0,0,0,0,0,0,0,0,0,0,0,0,,,,,,,,,,,,,,,,,,,,,,,,,0,0,000000000,00000000000,0,0,0,1,0,0,0,0,0,0,0,10,0,0,0,7,2,1,54,0,0,0,1,8,81527,6,1,0,0,1,0,69,250,0,0,0,0,0,0,0,0,0,0,0,0,0,0,1,2,40,1,1,4,1,0,0,11,53,1,1,2,98,0,0
8,80073,1,2,1,31,3,16,55,12,2,1,0,27,1,13,421,13421,15,2002,5LMFU28R22LJ,5,L,M,F,U,2,8,R,2,2,L,J,0,P,LINC,NAV,UT,2,17,5746,,0,1190,,G,,F,8,330,,,17R255,,,,,,0,0,000000000,00000000000,0,0,0,1,0,0,0,0,0,0,0,40,0,0,0,12,6,2,12,0,0,0,1,27,56378,6,1,0,0,3,0,78,250,0,2,0,2,2,5,2009,9,2011,0,6,28,0,0,1,2,35,2,5,2,1,0,0,14,10,1,1,2,50,0,0
8,80073,2,2,1,31,3,16,55,12,2,1,0,56,1,72,706,72706,80,2011,1HD1BW514BB0,1,H,D,1,B,W,5,1,4,B,B,0,0,M,HD,STC,RS,11,17,,,,,,,1584,,2,,4,730,,,,,,,0,0,000000000,00000000000,0,0,0,1,0,0,0,0,0,0,0,35,0,0,0,12,6,2,12,0,0,0,1,56,82007,6,1,0,0,3,1,70,200,0,0,0,0,0,0,0,0,0,0,0,0,0,0,1,2,35,3,6,2,1,0,0,14,62,1,1,1,51,1,0
8,80074,1,2,2,31,3,17,35,1,0,1,0,8,1,12,401,12401,14,2010,1FMEU7EE6AUA,1,F,M,E,U,7,E,E,6,A,U,A,6,P,FORD,EPR,UT,10,17,4628,,0,1137,,G,,F,6,244,,,17R245,,,,,,1,0,000000000,00000000000,0,0,0,1,0,0,0,0,0,0,0,10,0,2,1,0,0,1,54,0,0,0,1,8,81301,6,1,0,0,3,1,62,130,0,0,0,0,0,0,0,0,0,0,22,0,0,0,1,2,40,1,6,2,1,28,3,1,98,1,1,1,98,1,0
8,80074,2,2,1,31,3,17,35,1,0,1,0,2,1,20,481,20481,31,1969,CE3392848786,C,E,3,3,9,2,8,4,8,7,8,6,1,T,CHEV,C30,CB,69,12,,2,1570,1330,C30,G,,,8,,,,,,,,,42,1,0,000000000,00000000000,0,0,0,1,0,0,0,0,0,0,0,20,0,0,0,14,0,1,54,0,0,0,1,8,81301,6,1,6,0,3,0,74,168,0,0,0,0,0,0,0,0,0,0,0,0,0,0,1,2,40,1,5,2,1,28,3,1,90,3,2,1,98,0,0
8,80075,1,1,2,31,3,21,0,1,0,1,0,8,1,72,706,72706,80,1993,1HD1BKL11PY0,1,H,D,1,B,K,L,1,1,P,Y,0,0,M,HD,XTC,RS,93,17,,,,,,,1340,,2,,4,710,,,,,,,0,0,000000000,00000000000,0,0,0,1,0,0,0,0,0,0,0,55,0,0,0,0,6,2,42,0,0,0,1,8,80537,6,1,0,0,3,0,69,220,0,0,0,0,0,0,0,0,0,1,8,0,0,0,1,2,45,1,1,2,1,0,0,2,6,3,2,1,98,2,1
8,80076,1,1,2,30,3,20,20,24,0,1,0,8,1,12,471,12471,30,1993,1FTCR14XXPPB,1,F,T,C,R,1,4,X,X,P,P,B,0,T,FORD,RNS,PC,93,17,,1,0,1250,RNG,G,,,6,245,,,,B,3208,01,A,42,0,0,000000000,00000000000,0,0,0,1,0,0,0,0,0,0,0,50,0,0,0,12,6,2,24,0,0,0,1,8,80033,3,8,0,0,2,0,71,160,0,0,0,0,1,8,2011,8,2011,1,8,91,0,0,1,2,35,2,1,2,1,40,3,14,12,3,2,4,7,1,1
8,80077,1,3,3,30,3,16,30,12,7,1,1,8,2,2,404,2404,14,1998,1J4GZ78Y2WC1,1,J,4,G,Z,7,8,Y,2,W,C,1,0,T,JEEP,LMT,4W,98,17,,1,0,1059,GCK,G,,,8,318,,,,,3708,01,E,44,0,0,000000000,00000000000,0,0,0,1,0,0,0,0,0,0,0,60,0,0,0,63,2,1,12,0,0,0,1,8,80603,0,0,0,0,0,0,999,999,0,0,0,0,0,0,0,0,0,0,6,28,38,0,1,3,60,1,1,2,1,0,0,15,10,1,1,2,47,0,0
8,80077,2,3,1,30,3,16,30,12,7,1,0,8,1,72,706,72706,80,2009,1HD1PV8149Y9,1,H,D,1,P,V,8,1,4,9,Y,9,0,M,HD,S3I,RS,9,17,,,,,,,1802,,2,,4,846,,,,,,,0,0,000000000,00000000000,0,0,0,1,0,0,0,0,0,0,0,60,0,0,0,81,6,2,12,0,0,0,1,8,80241,6,1,6,0,3,0,72,260,0,0,0,0,0,0,0,0,0,0,0,0,0,0,1,3,60,1,1,2,1,0,0,6,61,1,1,1,45,1,0
8,80077,3,3,4,30,3,16,30,12,7,1,0,8,2,49,403,49403,14,2004,JTEEP21A0400,J,T,E,E,P,2,1,A,0,4,0,0,0,P,TOYT,HIG,UT,4,17,3927,,0,1069,,G,,F,6,202,,,16R225,,,,,,0,0,000000000,00000000000,0,0,0,1,0,0,0,0,0,0,0,45,0,0,0,12,2,3,12,0,0,0,1,8,80234,6,1,0,0,3,0,62,150,0,0,0,0,1,9,2009,9,2009,0,0,0,0,0,1,3,60,1,1,2,1,0,0,1,62,1,1,1,98,0,0
8,80078,1,2,1,26,3,11,5,12,6,1,0,8,1,55,35,55035,4,2010,KMHDU4AD3AU9,K,M,H,D,U,4,A,D,3,A,U,9,0,P,HYUN,BGS,4D,10,17,2723,,0,1043,,G,,F,4,121,,,15R195,,,,,,0,0,000000000,00000000000,0,0,0,1,0,0,0,0,0,0,0,20,0,1,5,3,6,2,12,0,0,0,1,8,80927,6,1,0,0,3,0,67,156,0,0,0,0,0,0,0,0,0,0,38,0,0,0,1,2,45,1,6,2,1,20,3,4,17,1,1,1,87,1,0
8,80078,2,2,2,26,3,11,5,12,6,1,0,8,1,20,481,20481,31,2006,1GCHK23D06F1,1,G,C,H,K,2,3,D,0,6,F,1,0,T,CHEV,2KH,CW,6,17,,2,1670,1530,SIL,D,,,8,403,,,,C,5883,02,,44,0,0,000000000,00000000000,0,0,0,1,0,0,0,0,0,0,0,45,0,0,0,12,6,2,12,0,0,0,1,8,80908,6,1,0,0,3,1,68,180,0,0,0,0,0,0,0,0,0,0,0,0,0,0,1,2,45,1,6,2,1,0,0,1,66,7,1,1,86,0,0
8,80079,1,2,1,24,3,17,15,12,1,1,0,8,1,12,15,12015,4,1990,2FAPP36X1LB2,2,F,A,P,P,3,6,X,1,L,B,2,0,P,FORD,TGL,4D,90,17,2587,,0,999,,G,,F,4,140,,,14R185,,,,,,0,0,000000000,00000000000,0,0,0,1,0,0,0,0,0,0,0,25,0,0,0,12,6,2,12,0,0,0,1,8,80012,6,1,0,0,3,1,62,160,0,0,0,0,0,0,0,0,0,0,6,26,0,0,1,4,35,1,1,2,1,0,0,1,52,2,1,1,28,1,0
8,80079,2,2,1,24,3,17,15,12,1,1,0,8,3,19,421,19421,15,2000,1GYEK63R0YR1,1,G,Y,E,K,6,3,R,0,Y,R,1,0,P,CADI,ESC,UT,0,17,5573,,0,1175,,G,,F,8,350,,,16R265,,,,,,0,0,000000000,00000000000,0,0,0,1,0,0,0,0,0,0,0,5,0,0,0,6,2,1,12,0,0,0,1,8,80530,6,1,0,0,3,1,84,145,0,0,0,0,0,0,0,0,0,0,0,0,0,0,1,4,35,1,1,2,1,0,0,2,53,1,1,1,29,0,0
8,80080,1,1,2,19,3,22,33,15,0,1,1,8,1,37,31,37031,4,1997,JHMEJ6579VS0,J,H,M,E,J,6,5,7,9,V,S,0,0,P,HOND,UCL,4D,97,17,2375,,0,1032,,G,,F,4,097,,,14R185,,,,,,0,0,000000000,00000000000,0,0,0,1,0,0,0,0,0,0,0,30,0,0,0,11,2,3,15,0,0,0,1,8,81001,6,1,0,0,3,3,60,150,0,1,0,0,0,9,2009,9,2009,0,0,0,0,0,1,2,35,1,1,2,1,0,0,1,80,3,2,1,13,0,0
8,80081,1,1,2,28,2,14,10,35,0,1,0,8,1,18,7,18007,4,2002,2G4WS52J6211,2,G,4,W,S,5,2,J,6,2,1,1,0,P,BUIC,CCU,4D,2,17,3368,,0,1090,,G,,F,6,191,,,15R205,,,,,,0,0,000000000,00000000000,0,0,0,1,0,0,0,0,0,0,0,30,0,0,0,12,6,2,35,0,0,0,1,8,80110,6,1,0,0,3,3,70,235,0,0,0,0,1,3,2011,3,2011,0,81,0,0,0,1,2,40,3,6,2,1,0,0,14,90,7,1,4,4,1,0
8,80082,1,2,1,25,2,2,0,12,1,1,0,8,1,12,423,12423,16,2000,1FMNU41S6YEE,1,F,M,N,U,4,1,S,6,Y,E,E,0,P,FORD,EXC,UT,0,17,7156,,0,1371,,G,,F,10,415,,,16R265,,,,,,0,0,000000000,00000000000,0,0,0,1,0,0,0,0,0,0,0,75,0,0,0,12,6,2,8,0,0,0,1,8,80132,1,1,0,0,2,0,70,170,0,4,0,0,0,11,2009,12,2011,1,91,0,0,0,3,3,65,1,1,1,1,0,0,1,50,99,1,1,32,0,1
8,80082,2,2,1,25,2,2,0,12,1,1,0,8,6,12,422,12422,15,2004,1FMPU16L94LA,1,F,M,P,U,1,6,L,9,4,L,A,0,P,FORD,EPT,UT,4,17,5394,,0,1191,,G,,F,8,330,,,17R265,,,,,,0,0,000000000,00000000000,0,0,0,1,0,0,0,0,0,0,0,0,0,0,0,6,6,2,12,0,0,0,0,0,99997,7,6,97,7,6,7,998,997,998,998,998,998,998,98,9998,98,9998,8,20,0,0,0,3,3,65,1,1,1,1,0,0,0,53,0,0,0,32,0,0
8,80083,1,2,1,1,4,14,5,12,6,1,0,48,1,7,482,7482,31,2001,1B7HC13Y51J2,1,B,7,H,C,1,3,Y,5,1,J,2,1,T,DODG,Q15,4C,1,17,,2,1547,1387,RPC,G,,,8,318,,,,B,4688,01,U,42,1,0,000000000,00000000000,0,0,0,1,0,0,0,0,0,0,0,55,0,0,0,12,6,2,12,0,0,0,1,8,81503,6,1,0,0,3,1,72,230,0,0,0,0,0,0,0,0,0,0,6,33,0,0,1,2,65,3,6,2,1,0,0,6,51,3,1,2,73,0,0
8,80083,2,2,1,1,4,14,5,12,6,1,0,8,1,49,471,49471,30,1992,JT4RN01P0N00,J,T,4,R,N,0,1,P,0,N,0,0,0,T,TOYT,SWD,PK,92,17,,1,0,1030,HTP,G,,,4,144,,,,B,00000,00,A,44,0,0,000000000,00000000000,0,0,0,1,0,0,0,0,0,0,0,15,0,1,5,9,6,2,1,0,0,0,1,8,81040,6,1,0,0,3,0,76,230,0,0,0,0,0,0,0,0,0,0,0,0,0,0,1,2,65,3,6,2,1,0,0,11,53,1,1,2,72,1,0
8,80084,1,1,1,1,4,15,52,1,0,1,0,8,1,72,706,72706,80,2008,1HD1BW51X8Y0,1,H,D,1,B,W,5,1,X,8,Y,0,0,M,HD,STC,RS,8,17,,,,,,,1584,,2,,4,750,,,,,,,0,0,000000000,00000000000,0,0,0,1,0,0,0,0,0,0,0,50,0,0,0,0,6,2,1,0,0,0,1,8,80701,3,1,3,0,2,3,72,235,0,0,0,0,1,1,2011,1,2011,0,52,0,0,0,1,2,65,2,6,2,1,0,0,14,9,6,4,4,7,1,0
8,80085,1,1,2,1,4,17,15,38,0,1,0,8,1,24,1,24001,4,1996,1G8ZG5282TZ2,1,G,8,Z,G,5,2,8,2,T,Z,2,0,P,STRN,SL1,4D,96,17,2247,,0,1024,,G,,F,4,116,,,14R175,,,,,,0,0,000000000,00000000000,0,0,0,1,0,0,0,0,0,0,0,60,0,1,6,7,6,2,1,0,0,0,1,8,80504,6,1,0,0,3,0,63,115,0,0,0,1,0,10,2011,10,2011,0,6,51,58,0,1,2,65,1,1,2,1,0,0,1,10,9,3,4,7,1,0
8,80086,1,1,3,3,4,16,0,35,0,1,0,8,2,48,38,48038,2,2001,JF1GM67561G4,J,F,1,G,M,6,7,5,6,1,G,4,0,P,SUBA,IR4,CP,1,17,2820,,0,992,,G,,F,4,150,,,16R205,,,,,,0,0,000000000,00000000000,0,0,0,1,0,0,0,0,0,0,0,55,0,0,0,82,6,2,35,0,0,0,1,8,80503,6,2,0,0,3,1,71,180,0,0,0,0,0,0,0,0,0,1,36,52,58,0,1,2,40,2,6,2,2,0,0,14,6,6,4,4,7,1,0
8,80087,1,2,1,1,4,14,55,12,2,1,0,8,1,35,471,35471,30,1986,JN6ND01Y4GW1,J,N,6,N,D,0,1,Y,4,G,W,1,0,T,NISS,7S4,PK,86,17,,1,1108,1014,720,G,,,4,146,,,,B,2963,01,A,44,0,0,000000000,00000000000,0,0,0,1,0,0,0,0,0,0,0,65,0,0,0,12,6,2,12,0,0,1,1,8,80621,6,1,0,0,3,0,73,195,0,0,0,0,0,0,0,0,0,0,35,0,0,0,1,2,65,1,6,2,1,0,0,6,51,6,1,2,58,1,0
8,80087,2,2,1,1,4,14,55,12,2,1,0,56,3,85,881,85881,66,1999,1XKWDB9X0XR8,1,X,K,W,D,B,9,X,0,X,R,8,1,T,KW,W90,TR,99,17,,8,2850,1600,CON,D,,,6,893,,,,,00000,00,,64,3,57,1470617,571470617,3,6,1,1,0,0,0,0,0,0,0,58,0,0,0,12,6,2,12,0,0,1,1,8,80538,6,1,6,1,3,1,68,165,0,0,0,0,0,0,0,0,0,0,0,0,0,0,1,2,65,1,5,2,1,0,0,1,62,1,1,1,59,0,0