STATE,ST_CASE,VEH_NO,VE_FORMS,NUMOCCS,DAY,MONTH,HOUR,MINUTE,HARM_EV,MAN_COLL,UNITTYPE,HIT_RUN,REG_STAT,OWNER,MAKE,MODEL,MAK_MOD,BODY_TYP,MOD_YEAR,VIN,VIN_1,VIN_2,VIN_3,VIN_4,VIN_5,VIN_6,VIN_7,VIN_8,VIN_9,VIN_10,VIN_11,VIN_12,TOW_VEH,VINTYPE,VINMAKE,VINA_MOD,VIN_BT,VINMODYR,VIN_LNGT,VIN_WGT,WGTCD_TR,WHLBS_LG,WHLBS_SH,SER_TR,FUELCODE,MCYCL_DS,CARBUR,CYLINDER,DISPLACE,MCYCL_CY,MCYCL_WT,TIRE_SZE,TON_RAT,TRK_WT,TRKWTVAR,VIN_REST,WHLDRWHL,J_KNIFE,MCARR_I1,MCARR_I2,MCARR_ID,GVWR,V_CONFIG,CARGO_BT,HAZ_INV,HAZ_PLAC,HAZ_ID,HAZ_CNO,HAZ_REL,BUS_USE,SPEC_USE,EMER_USE,TRAV_SP,UNDERIDE,ROLLOVER,ROLINLOC,IMPACT1,DEFORMED,TOWED,M_HARM,VEH_SC1,VEH_SC2,FIRE_EXP,DR_PRES,L_STATE,DR_ZIP,L_STATUS,L_TYPE,CDL_STAT,L_ENDORS,L_COMPL,L_RESTRI,DR_HGT,DR_WGT,PREV_ACC,PREV_SUS,PREV_DWI,PREV_SPD,PREV_OTH,FIRST_MO,FIRST_YR,LAST_MO,LAST_YR,SPEEDREL,DR_SF1,DR_SF2,DR_SF3,DR_SF4,VTRAFWAY,VNUM_LAN,VSPD_LIM,VALIGN,VPROFILE,VPAVETYP,VSURCOND,VTRAFCON,VTCONT_F,P_CRASH1,P_CRASH2,P_CRASH3,PCRASH4,PCRASH5,ACC_TYPE,DEATHS,DR_DRINK
8,80088,1,2,3,7,4,0,10,12,6,1,0,1,2,24,1,24001,4,2000,1G8ZJ5277YZ2,1,G,8,Z,J,5,2,7,7,Y,Z,2,0,P,STRN,SL2,4D,0,17,2425,,0,1024,,G,,F,4,116,,,15R185,,,,,,0,0,000000000,00000000000,0,0,0,1,0,0,0,0,0,0,0,15,0,0,0,3,6,2,12,0,0,0,1,26,48374,6,1,0,0,3,1,68,139,0,0,0,0,0,0,0,0,0,0,6,38,53,0,2,2,45,1,1,2,1,2,3,11,15,1,1,1,68,1,0
8,80088,2,2,1,7,4,0,10,12,6,1,0,37,3,98,809,98809,66,2006,2FWJA3CK86AX,2,F,W,J,A,3,C,K,8,6,A,X,2,T,STRG,AT9,TR,6,17,,8,0,0,STE,D,,,6,858,,,,,00000,00,,64,1,57,090849,57090849,3,7,1,1,0,0,0,0,0,0,0,45,0,0,0,12,6,2,12,0,0,0,1,8,81503,6,1,6,1,3,1,72,248,0,0,0,1,1,12,2011,2,2012,0,0,0,0,0,2,2,45,1,1,2,1,2,3,1,62,3,2,1,69,0,0
8,80089,1,1,2,8,4,1,40,1,0,1,0,8,1,20,22,20022,4,2009,1G1AT58HX972,1,G,1,A,T,5,8,H,X,9,7,2,0,P,CHEV,BLT,4D,9,17,3216,,0,1033,,G,,F,4,134,,,15R195,,,,,,0,0,000000000,00000000000,0,0,0,1,0,0,0,0,0,0,0,50,0,2,4,0,6,2,1,0,0,0,1,8,80906,6,1,0,0,3,1,69,150,0,0,0,0,0,0,0,0,0,0,58,0,0,0,6,1,50,1,6,2,1,0,0,16,8,8,3,4,7,1,1
8,80090,1,1,1,8,4,2,0,1,0,1,0,49,1,12,17,12017,4,1997,1FALP52U6VG2,1,F,A,L,P,5,2,U,6,V,G,2,0,P,FORD,TAG,4D,97,17,3329,,0,1085,,G,,F,6,182,,,15R205,,,,,,0,0,000000000,00000000000,0,0,0,1,0,0,0,0,0,0,0,65,0,2,5,0,6,2,1,0,0,0,1,49,84511,9,9,99,0,9,9,70,170,99,99,99,99,99,99,9999,99,9999,1,58,0,0,0,1,2,55,1,1,2,1,0,0,1,12,7,4,4,7,1,1
8,80091,1,1,1,8,4,6,59,1,0,1,0,8,2,12,401,12401,14,2000,1FMZU74E3YZB,1,F,M,Z,U,7,4,E,3,Y,Z,B,0,P,FORD,EPR,UT,0,17,4170,,0,1116,,G,,F,6,245,,,16R255,,,,,,0,0,000000000,00000000000,0,0,0,1,0,0,0,0,0,0,0,60,0,2,1,0,6,2,1,0,0,0,1,96,81301,0,0,0,0,0,0,999,999,99,99,99,99,99,99,9999,99,9999,0,58,0,0,0,1,2,65,3,1,2,1,0,0,1,13,6,4,6,98,1,1
8,80092,1,1,1,8,4,11,54,33,0,1,0,8,2,37,421,37421,15,2004,2HKYF18494H5,2,H,K,Y,F,1,8,4,9,4,H,5,0,P,HOND,PIL,UT,4,17,4400,,0,1063,,G,,F,6,212,,,16R235,,,,,,0,0,000000000,00000000000,0,0,0,1,0,0,0,0,0,0,0,65,0,0,0,14,6,2,8,0,0,0,1,8,80227,6,1,0,0,3,2,69,170,0,2,1,0,0,12,2009,2,2010,1,74,0,0,0,1,2,30,1,1,2,1,0,0,1,13,1,1,4,1,0,0
8,80093,1,2,1,15,4,1,15,12,2,1,0,8,1,12,32,12032,5,2011,3FADP4EJ4BM1,3,F,A,D,P,4,E,J,4,B,M,1,0,P,FORD,FEE,4H,11,17,2537,,0,980,,G,,F,4,098,,,15R185,,,,,,0,0,000000000,00000000000,0,0,0,1,0,0,0,0,0,0,0,60,0,0,0,12,6,2,12,0,0,0,1,40,73450,6,1,0,0,3,0,60,130,0,0,0,0,0,0,0,0,0,0,36,51,0,0,2,2,75,1,1,2,1,0,0,1,54,1,1,2,52,1,1
8,80093,2,2,1,15,4,1,15,12,2,1,0,29,3,84,881,84881,66,2012,3HSDHSJR5CN4,3,H,S,D,H,S,J,R,5,C,N,4,1,T,INTL,PRO,TR,12,17,,8,0,0,PRO,D,,,6,793,,,,,00000,00,,64,1,57,00003706,5700003706,3,6,1,1,0,0,0,0,0,0,0,60,0,0,0,12,6,2,12,0,0,0,1,8,81504,6,1,6,1,3,0,73,200,0,0,0,0,0,0,0,0,0,0,0,0,0,0,2,2,75,1,1,2,1,0,0,1,54,7,1,2,52,0,0
8,80094,1,2,1,10,4,16,31,12,6,1,0,8,1,14,443,14443,20,1997,4M2DV1111VDJ,4,M,2,D,V,1,1,1,1,V,D,J,0,P,MERC,VLR,SV,97,17,4003,,0,1122,,G,,F,6,182,,,15R205,,,,,,0,0,000000000,00000000000,0,0,0,1,0,0,0,0,0,0,0,25,0,0,0,82,6,2,12,0,0,0,1,8,80620,6,1,0,0,3,1,60,150,0,0,0,0,0,0,0,0,0,0,38,0,0,0,1,2,40,1,1,1,1,20,3,4,17,1,1,1,87,1,1
8,80094,2,2,1,10,4,16,31,12,6,1,0,8,1,12,481,12481,31,2011,1FTFX1ET2BKD,1,F,T,F,X,1,E,T,2,B,K,D,0,T,FORD,F15,4C,11,17,,2,0,1450,COF,G,,,6,214,,,,B,5333,04,7,44,0,0,000000000,00000000000,0,0,0,1,0,0,0,0,0,0,0,63,0,1,5,12,6,2,12,0,0,0,1,8,80550,6,1,0,0,3,0,73,195,0,0,0,1,0,9,2011,9,2011,0,0,0,0,0,2,2,55,1,6,1,1,0,0,1,66,1,1,1,86,0,0
8,80095,1,1,1,16,4,4,50,1,0,1,0,8,1,22,9,22009,2,1995,2G2FV22PXS22,2,G,2,F,V,2,2,P,X,S,2,2,0,P,PONT,FTA,2H,95,17,3373,,0,1011,,G,,F,8,350,,,16R245,,,,,,0,0,000000000,00000000000,0,0,0,1,0,0,0,0,0,0,0,55,0,2,6,0,6,2,1,0,0,0,1,8,80543,6,2,0,0,3,0,72,170,0,0,0,0,1,1,2012,1,2012,1,0,0,0,0,1,2,45,1,5,2,1,0,0,1,13,6,4,4,7,1,1
8,80096,1,2,2,17,4,3,40,12,8,1,0,18,3,85,881,85881,66,2012,1XKAD49XXCJ3,1,X,K,A,D,4,9,X,X,C,J,3,1,T,KW,T60,TR,12,17,,8,2600,1600,CON,D,,,6,915,,,,,00000,00,,64,1,57,00054283,5700054283,3,6,1,1,0,0,0,0,0,0,0,65,0,0,0,61,6,2,12,0,0,0,1,6,92021,6,1,6,1,3,0,74,260,0,0,0,0,0,0,0,0,0,0,6,0,0,0,1,2,65,1,1,1,1,0,0,1,10,1,1,2,64,1,0
8,80096,2,2,1,17,4,3,40,12,8,1,0,48,3,85,881,85881,66,2007,1XKAD49X67J1,1,X,K,A,D,4,9,X,6,7,J,1,1,T,KW,T60,TR,7,17,,8,2600,1600,CON,D,,,6,915,,,,,00000,00,,64,1,57,00079466,5700079466,3,6,1,1,0,0,0,0,0,0,0,65,0,0,0,61,6,2,12,0,0,0,1,8,80915,6,1,6,1,3,1,66,175,0,0,0,0,1,3,2010,3,2010,0,0,0,0,0,1,2,65,1,1,1,1,0,0,1,62,7,1,1,65,0,0
8,80097,1,1,1,20,4,0,0,42,0,1,0,8,2,7,482,7482,31,1999,1B7HF13Z3XJ5,1,B,7,H,F,1,3,Z,3,X,J,5,0,T,DODG,Q15,4C,99,17,,2,1547,1387,RPC,G,,,8,360,,,,B,4956,01,U,44,0,0,000000000,00000000000,0,0,0,1,0,0,0,0,0,0,0,80,0,1,5,12,6,2,42,0,0,1,1,8,80543,6,2,0,0,3,1,65,111,0,0,0,1,2,9,2009,6,2011,1,0,0,0,0,1,2,45,1,6,5,2,0,0,1,12,3,2,4,7,1,1
8,80098,1,1,4,22,4,1,37,42,0,1,0,8,2,13,421,13421,15,2001,5LMFU28R21LJ,5,L,M,F,U,2,8,R,2,1,L,J,0,P,LINC,NAV,UT,1,17,5720,,0,1190,,G,,F,8,330,,,17R255,,,,,,0,0,000000000,00000000000,0,0,0,1,0,0,0,0,0,0,0,81,0,0,0,9,6,2,42,0,0,0,1,8,80120,0,0,0,0,0,0,69,130,0,2,0,0,0,4,2009,5,2010,1,36,0,0,0,1,2,25,1,6,2,1,0,0,1,6,1,3,4,7,3,1
8,80099,1,2,2,22,4,3,15,8,0,1,1,48,3,20,481,20481,31,2004,1GBHC24UX4E1,1,G,B,H,C,2,4,U,X,4,E,1,0,T,CHEV,2CH,PK,4,17,,2,0,1330,SIL,G,,,8,364,,,,C,5153,00,,42,0,0,000000000,00000000000,0,0,0,1,0,0,0,0,0,0,0,999,0,0,0,12,4,1,8,0,0,0,1,48,75060,0,0,0,0,0,0,999,999,0,0,0,0,0,0,0,0,0,9,6,0,0,0,3,5,55,1,1,2,1,0,0,1,80,3,2,1,13,0,1
8,80099,2,2,4,22,4,3,15,8,0,1,0,8,1,37,31,37031,4,2001,1HGES16521L0,1,H,G,E,S,1,6,5,2,1,L,0,0,P,HOND,UCL,4D,1,17,2515,,0,1031,,G,,F,4,102,,,14R185,,,,,,0,0,000000000,00000000000,0,0,0,1,0,0,0,0,0,0,0,55,0,0,0,12,2,3,18,0,0,0,1,8,80004,6,1,0,0,3,0,63,130,0,0,0,0,0,0,0,0,0,0,0,0,0,0,3,5,55,1,1,2,1,0,0,1,90,99,1,1,98,0,0
8,80100,1,1,2,22,4,20,14,9,0,1,0,8,1,2,403,2403,14,2004,1J4FA39S44P7,1,J,4,F,A,3,9,S,4,4,P,7,0,T,JEEP,WXR,2W,4,17,,1,0,934,WRA,G,,,6,244,,,,,3299,00,E,44,0,0,000000000,00000000000,0,0,0,1,0,0,0,0,0,0,0,65,0,0,0,12,4,3,9,0,0,0,1,8,80831,6,1,0,0,3,0,64,110,0,0,1,0,0,8,2010,8,2010,0,36,91,0,0,1,2,65,2,6,2,1,0,0,14,83,1,1,1,13,0,1
8,80101,1,1,1,22,4,20,17,8,0,1,0,8,2,12,17,12017,4,2003,1FAFP53U63A1,1,F,A,F,P,5,3,U,6,3,A,1,0,P,FORD,TSE,4D,3,17,3336,,0,1085,,G,,F,6,182,,,16R215,,,,,,0,0,000000000,00000000000,0,0,0,1,0,0,0,0,0,0,0,40,0,0,0,12,2,1,8,0,0,0,1,8,80011,6,1,0,0,3,0,65,175,0,0,0,0,1,7,2011,7,2011,0,0,0,0,0,2,3,40,1,5,2,1,0,0,1,80,1,1,1,13,0,0
8,80102,1,1,1,19,4,18,5,33,0,1,0,8,1,22,20,22020,4,2004,2G2WS5223412,2,G,2,W,S,5,2,2,3,4,1,2,0,P,PONT,GP2,4D,4,17,3484,,0,1105,,G,,F,6,231,,,16R225,,,,,,0,0,000000000,00000000000,0,0,0,1,0,0,0,0,0,0,0,96,0,1,6,14,6,2,42,0,0,1,1,8,80903,2,1,0,0,2,3,65,215,0,0,0,0,0,0,0,0,0,1,8,36,0,0,2,2,45,3,5,2,2,0,0,6,13,6,1,4,1,1,1
8,80103,1,1,3,23,4,14,51,31,0,1,0,92,0,35,39,35039,4,2004,1N4BA41E34C9,1,N,4,B,A,4,1,E,3,4,C,9,0,P,NISS,MEL,4D,4,17,3310,,0,1112,,G,,F,6,214,,,17R225,,,,,,0,0,000000000,00000000000,0,0,0,1,0,0,0,0,0,0,0,88,0,1,3,9,6,2,1,0,0,0,1,8,80233,4,2,0,0,2,3,65,130,0,1,0,0,2,1,2010,3,2012,1,36,37,0,0,2,2,75,2,1,2,1,0,0,14,12,1,3,4,7,2,0
8,80104,1,1,1,16,4,18,45,59,0,1,0,8,3,23,881,23881,61,1997,1GDJ7H1J1VJ5,1,G,D,J,7,H,1,J,1,V,J,5,0,T,GMC,7H4,CB,97,17,,6,2590,1450,CSR,D,,,6,403,,,,,00000,00,,42,0,57,598171,57598171,2,1,3,1,0,0,0,0,0,0,0,45,0,1,5,3,6,2,1,0,0,0,1,8,81039,0,0,3,0,2,0,70,175,0,0,0,0,1,10,2010,10,2010,0,58,0,0,0,1,2,45,1,1,2,1,0,0,1,13,8,1,4,1,1,0
8,80105,1,1,1,24,4,17,0,15,0,1,0,8,1,12,481,12481,31,1993,2FDKF38G7PCA,2,F,D,K,F,3,8,G,7,P,C,A,1,T,FORD,F35,CB,93,17,,3,1610,1330,COF,G,,,8,460,,,,D,00000,00,A,44,1,0,000000000,00000000000,0,0,0,1,0,0,0,0,0,0,0,55,0,0,0,12,2,3,15,0,0,0,1,8,80720,6,1,0,0,3,1,71,200,0,0,0,0,0,0,0,0,0,0,0,0,0,0,1,2,55,1,6,5,1,0,0,1,83,3,2,1,13,0,0
8,80106,1,2,1,24,4,23,45,12,1,1,0,8,2,72,706,72706,80,2001,1HD1GDV101Y3,1,H,D,1,G,D,V,1,0,1,Y,3,0,M,HD,FDL,RS,1,17,,,,,,,1450,,2,,4,614,,,,,,,0,0,000000000,00000000000,0,0,0,1,0,0,0,0,0,0,0,998,0,0,0,12,6,2,12,0,0,0,1,8,80239,2,1,0,0,2,0,67,185,0,3,0,0,0,2,2010,3,2012,1,6,8,0,0,3,4,55,1,1,2,1,0,0,3,51,3,2,1,24,1,1
8,80106,2,2,1,24,4,23,45,12,1,1,0,8,1,37,31,37031,4,2001,JHMES16541S0,J,H,M,E,S,1,6,5,4,1,S,0,0,P,HOND,UCL,4D,1,17,2515,,0,1031,,G,,F,4,102,,,14R185,,,,,,0,0,000000000,00000000000,0,0,0,1,0,0,0,0,0,0,0,55,0,0,0,6,2,1,12,0,0,0,1,8,80229,6,1,0,0,3,0,63,108,0,0,0,0,1,9,2010,9,2010,0,0,0,0,0,3,4,55,1,1,2,1,0,0,1,53,1,1,1,25,0,0
8,80107,1,1,1,22,4,14,50,24,0,1,0,8,1,72,706,72706,80,1991,1HD4CAM3XMY1,1,H,D,4,C,A,M,3,X,M,Y,1,0,M,HD,XL8,RS,91,17,,,,,,,883,,2,,4,463,,,,,,,0,0,000000000,00000000000,0,0,0,1,0,0,0,0,0,0,0,55,0,0,0,82,4,3,24,0,0,0,1,8,81601,6,1,0,0,3,1,74,180,0,0,0,0,0,0,0,0,0,1,0,0,0,0,1,2,50,3,5,2,1,0,0,14,13,6,1,4,1,1,0
8,80108,1,1,1,23,4,8,26,1,0,1,0,8,1,76,706,76706,80,2008,JYAVP25E28A0,J,Y,A,V,P,2,5,E,2,8,A,0,0,M,YAMA,VCT,RS,8,17,,,,,,,1304,,2,,4,668,,,,,,,0,0,000000000,00000000000,0,0,0,1,0,0,0,0,0,0,0,30,0,0,0,0,6,2,1,0,0,0,1,8,80023,6,1,0,0,3,0,66,300,0,0,0,0,1,9,2009,9,2009,0,6,0,0,0,1,4,35,1,1,2,1,0,0,2,50,3,2,1,98,1,1
8,80109,1,1,1,25,4,7,30,24,0,1,0,8,1,20,401,20401,14,1998,1GNDT13W1W21,1,G,N,D,T,1,3,W,1,W,2,1,0,P,CHEV,BZR,UT,98,17,4046,,0,1070,,G,,F,6,262,,,15R235,,,,,,0,0,000000000,00000000000,0,0,0,1,0,0,0,0,0,0,0,75,0,1,1,12,6,2,1,0,0,0,1,8,80017,6,2,0,0,3,0,72,200,0,0,0,0,0,0,0,0,0,0,58,0,0,0,3,2,75,1,1,2,1,0,0,1,10,9,4,4,7,1,0
8,80110,1,1,1,24,4,13,1,31,0,1,0,8,1,49,482,49482,31,2005,5TBDT44155S4,5,T,B,D,T,4,4,1,5,5,S,4,0,T,TOYT,DBS,CW,5,17,,2,0,1283,TUN,G,,,8,285,,,,B,4765,02,U,44,0,0,000000000,00000000000,0,0,0,1,0,0,0,0,0,0,0,70,0,1,5,12,6,2,1,0,0,0,1,8,81301,6,1,0,0,3,0,72,160,0,0,0,0,0,0,0,0,0,1,58,0,0,0,1,3,60,3,6,2,1,28,3,14,13,6,1,4,1,1,0
8,80111,1,2,2,28,4,14,10,12,2,1,0,8,1,12,471,12471,30,1999,1FTZR15V3XPB,1,F,T,Z,R,1,5,V,3,X,P,B,0,T,FORD,RNS,PC,99,17,,1,0,1259,RNG,F,,,6,182,,,,B,00000,00,U,44,0,0,000000000,00000000000,0,0,0,1,0,0,0,0,0,0,0,75,0,0,0,12,6,2,12,0,0,0,1,8,80125,6,1,0,0,3,1,72,233,0,0,0,0,0,0,0,0,0,1,8,28,0,0,1,2,50,2,1,2,1,0,0,1,10,1,1,2,50,2,0
8,80111,2,2,1,28,4,14,10,12,2,1,0,8,1,7,482,7482,31,1999,1B7KF2369XJ5,1,B,7,K,F,2,3,6,9,X,J,5,0,T,DODG,Q25,4C,99,17,,2,1547,1387,RPC,D,,,6,359,,,,C,5695,00,U,44,0,0,000000000,00000000000,0,0,0,1,0,0,0,0,0,0,0,50,0,0,0,12,6,2,12,0,0,0,1,8,81301,6,1,0,0,3,0,64,220,0,0,0,0,0,0,0,0,0,0,0,0,0,0,1,2,50,3,1,2,1,0,0,14,62,3,2,1,51,0,0
8,80112,1,3,3,28,4,20,56,12,6,1,0,8,2,7,482,7482,31,2004,1D7HU18D94J2,1,D,7,H,U,1,8,D,9,4,J,2,0,T,DODG,SQ1,CW,4,17,,2,1605,1405,RPC,G,,,8,345,,,,B,5043,02,E,44,0,0,000000000,00000000000,0,0,0,1,0,0,0,0,0,0,0,70,0,0,0,12,6,2,12,0,0,0,1,8,81005,6,1,0,0,3,0,68,206,0,0,0,0,0,0,0,0,0,1,36,39,91,0,5,4,45,1,1,2,1,2,3,1,63,1,1,1,69,0,1
8,80112,2,3,3,28,4,20,56,12,6,1,0,8,1,20,22,20022,2,2006,1G1AK15F1677,1,G,1,A,K,1,5,F,1,6,7,7,0,P,CHEV,BLS,CP,6,17,2991,,0,1033,,G,,F,4,134,,,15R195,,,,,,0,0,000000000,00000000000,0,0,0,1,0,0,0,0,0,0,0,10,0,0,0,3,6,2,12,0,0,0,1,8,81101,6,2,0,0,3,0,65,130,0,0,0,0,0,0,0,0,0,0,0,0,0,0,5,4,45,1,1,2,1,2,3,11,15,1,1,1,68,3,0
8,80112,3,3,5,28,4,20,56,12,6,1,0,8,2,49,401,49401,14,2004,JTEBU14R5400,J,T,E,B,U,1,4,R,5,4,0,0,0,P,TOYT,RUN,UT,4,17,4330,,0,1098,,G,,F,6,244,,,16R265,,,,,,0,0,000000000,00000000000,0,0,0,1,0,0,0,0,0,0,0,5,0,0,0,9,2,1,54,0,0,0,1,35,87109,6,1,0,0,3,0,74,170,98,0,0,0,0,0,0,0,0,0,0,0,0,0,5,4,45,1,1,2,1,2,3,2,90,1,1,1,98,0,0
8,80113,1,1,1,29,4,22,54,8,0,1,0,8,1,52,401,52401,14,1993,JA4MR31H6PJ0,J,A,4,M,R,3,1,H,6,P,J,0,0,P,MITS,MON,UT,93,17,4130,,0,1073,,G,,F,6,181,,,15R235,,,,,,0,0,000000000,00000000000,0,0,0,1,0,0,0,0,0,0,0,55,0,0,0,12,2,3,8,0,0,0,1,8,80305,6,1,0,0,3,0,69,190,0,0,0,0,0,0,0,0,0,0,0,0,0,0,3,2,55,1,6,2,1,0,0,1,80,3,2,1,13,0,0
8,80114,1,2,1,25,4,14,15,12,6,1,0,8,1,12,401,12401,14,1995,1FMDU34X8SZB,1,F,M,D,U,3,4,X,8,S,Z,B,0,P,FORD,EPR,UT,95,17,4053,,0,1115,,G,,F,6,245,,,15R225,,,,,,0,0,000000000,00000000000,0,0,0,1,0,0,0,0,0,0,0,998,0,0,0,3,6,2,12,0,0,0,1,8,80921,6,1,0,0,3,0,63,130,0,0,0,0,0,0,0,0,0,0,6,38,0,0,2,3,40,1,6,2,1,2,3,11,15,1,1,1,68,0,0
8,80114,2,2,1,25,4,14,15,12,6,1,0,8,1,37,706,37706,80,1983,JH2RC0702DM1,J,H,2,R,C,0,7,0,2,D,M,1,0,M,HOND,VF7,RS,83,17,,,,,,,750,,4,,4,483,,,,,,,0,0,000000000,00000000000,0,0,0,1,0,0,0,0,0,0,0,998,0,0,0,12,6,2,12,0,0,0,1,8,80920,6,1,0,0,3,3,73,195,0,0,0,0,0,0,0,0,0,0,0,0,0,0,2,3,40,1,5,2,1,2,3,1,62,3,2,1,69,1,0
8,80115,1,3,1,5,4,15,17,12,7,1,0,8,1,18,23,18023,4,2010,1G4HC5E13AU1,1,G,4,H,C,5,E,1,3,A,U,1,0,P,BUIC,UXL,4D,10,17,3806,,0,1156,,G,,F,6,238,,,17R235,,,,,,0,0,000000000,00000000000,0,0,0,1,0,0,0,0,0,0,0,35,0,0,0,63,6,2,12,0,0,0,1,8,80403,6,1,0,0,3,3,68,195,0,0,0,4,0,5,2009,6,2011,0,38,0,0,0,1,2,45,1,5,2,1,0,0,16,53,8,1,2,47,1,0
8,80115,2,3,1,5,4,15,17,12,7,1,0,8,1,35,472,35472,30,2001,1N6DD26S11C3,1,N,6,D,D,2,6,S,1,1,C,3,0,T,NISS,FKX,PC,1,17,,1,0,1161,FRT,G,,,4,146,,,,B,3089,01,U,42,0,0,000000000,00000000000,0,0,0,1,0,0,0,0,0,0,0,45,0,0,0,1,4,1,12,0,0,0,1,8,80215,6,1,0,0,3,0,72,176,0,0,0,0,1,1,2010,1,2010,0,0,0,0,0,1,2,45,1,5,1,1,0,0,1,61,1,1,1,45,0,0
8,80115,3,3,1,5,4,15,17,12,7,1,0,8,2,37,32,37032,4,1993,JHMCB7659PC0,J,H,M,C,B,7,6,5,9,P,C,0,0,P,HOND,ALX,4D,93,17,2504,,0,1071,,G,,F,4,132,,,14R185,,,,,,0,0,000000000,00000000000,0,0,0,1,0,0,0,0,0,0,0,45,0,0,0,12,6,2,12,0,0,0,1,8,80227,4,2,0,0,2,3,71,172,0,1,0,0,0,9,2011,9,2011,0,0,0,0,0,1,2,45,1,6,2,1,0,0,1,62,1,1,1,98,0,0
8,80116,1,2,1,12,4,15,28,12,6,1,0,8,2,2,404,2404,14,1995,1J4FN28S1SL6,1,J,4,F,N,2,8,S,1,S,L,6,0,T,JEEP,CSE,4W,95,17,,1,0,1014,CHK,G,,,6,242,,,,,3174,00,M,44,0,0,000000000,00000000000,0,0,0,1,0,0,0,0,0,0,0,10,0,0,0,12,6,2,12,0,0,0,1,8,81004,6,2,0,0,3,3,67,120,0,0,0,0,0,0,0,0,0,0,6,38,0,0,1,2,30,1,1,2,1,20,3,4,17,1,1,1,86,0,0
8,80116,2,2,1,12,4,15,28,12,6,1,0,92,0,98,709,98709,80,9999,000000000000,0,0,0,0,0,0,0,0,0,0,0,0,0,,,,,,,,,,,,,,,,,,,,,,,,,0,0,000000000,00000000000,0,0,0,1,0,0,0,0,0,0,0,30,0,0,0,82,6,2,12,0,0,0,1,8,81001,6,1,0,0,2,0,69,155,0,1,0,1,0,9,2009,3,2010,0,0,0,0,0,1,2,30,1,1,2,1,0,0,1,66,1,1,1,87,1,0
8,80117,1,1,1,5,4,5,15,31,0,1,0,36,2,12,401,12401,14,1995,1FMDU34X0SUA,1,F,M,D,U,3,4,X,0,S,U,A,0,P,FORD,EPR,UT,95,17,4053,,0,1115,,G,,F,6,245,,,15R225,,,,,,0,0,000000000,00000000000,0,0,0,1,0,0,0,0,0,0,0,40,0,1,5,1,6,2,1,0,0,0,1,36,81131,6,1,0,0,3,0,70,999,0,2,1,0,0,6,2011,9,2011,0,6,0,0,0,1,2,40,3,1,2,1,0,0,14,13,8,1,4,1,1,0
8,80118,1,1,1,22,4,18,20,1,0,1,0,8,2,72,709,72709,80,1973,3A45523H3,3,A,4,5,5,2,3,H,3,,,,0,M,HD,XLH,RS,73,9,,,,,,,1000,,2,,4,527,,,,,,,0,0,000000000,00000000000,0,0,0,1,0,0,0,0,0,0,0,30,0,0,0,0,4,1,1,0,0,0,1,8,81321,6,1,0,0,2,1,71,167,0,0,0,0,0,0,0,0,0,1,52,0,0,0,1,2,30,2,6,4,1,0,0,14,6,1,9,2,98,1,0
8,80119,1,4,2,28,4,10,12,12,6,1,0,8,1,12,422,12422,15,2007,1FMFU16577LA,1,F,M,F,U,1,6,5,7,7,L,A,0,P,FORD,EPT,UT,7,17,5803,,0,1190,,G,,F,8,329,,,17R265,,,,,,0,0,000000000,00000000000,0,0,0,1,0,0,0,0,0,0,0,45,0,0,0,12,6,2,12,0,0,0,1,8,80129,6,1,0,0,3,3,67,130,0,0,0,0,1,2,2010,2,2010,0,6,39,0,0,2,3,45,1,1,1,1,20,3,1,17,99,1,1,88,0,0
8,80119,2,4,1,28,4,10,12,12,6,1,0,8,1,35,43,35043,4,2003,3N1CB51D63L7,3,N,1,C,B,5,1,D,6,3,L,7,0,P,NISS,XGX,4D,3,17,2411,,0,998,,G,,F,4,108,,,15R195,,,,,,0,0,000000000,00000000000,0,0,0,1,0,0,0,0,0,0,0,35,0,0,0,63,6,2,8,0,0,0,1,8,80130,6,1,0,0,3,3,73,280,0,0,0,0,0,0,0,0,0,0,0,0,0,0,2,3,45,1,1,1,1,20,3,1,66,99,1,1,89,0,0
8,80119,3,4,4,28,4,10,12,12,6,1,0,8,1,48,402,48402,14,2008,4S4WX90D8844,4,S,4,W,X,9,0,D,8,8,4,4,0,P,SUBA,TRB,UT,8,17,4182,,0,1082,,G,,F,6,220,,,18R255,,,,,,0,0,000000000,00000000000,0,0,0,1,0,0,0,0,0,0,0,0,0,0,0,63,6,2,12,0,0,0,1,8,80129,6,1,0,0,3,3,70,190,0,0,0,0,0,0,0,0,0,0,0,0,0,0,2,3,45,1,1,1,1,20,3,5,62,1,1,1,98,0,0
8,80119,4,4,1,28,4,10,12,12,6,1,0,8,2,59,31,59031,4,1998,JT8BF28G5W50,J,T,8,B,F,2,8,G,5,W,5,0,0,P,LEXS,ES3,4D,98,17,3378,,0,1051,,G,,F,6,183,,,15R205,,,,,,0,0,000000000,00000000000,0,0,0,1,0,0,0,0,0,0,0,0,0,0,0,98,8,1,54,0,0,0,1,6,80126,6,1,0,0,3,0,68,115,0,0,0,0,0,0,0,0,0,0,0,0,0,0,2,3,45,1,1,1,1,20,3,5,90,1,1,1,98,0,0
8,80120,1,2,1,24,1,21,11,12,6,1,0,8,1,37,31,37031,2,2000,1HGEJ8246YL0,1,H,G,E,J,8,2,4,6,Y,L,0,0,P,HOND,UAX,CP,0,17,2560,,0,1032,,G,,F,4,097,,,14R185,,,,,,0,0,000000000,00000000000,0,0,0,1,0,0,0,0,0,0,0,65,0,0,0,62,6,2,12,0,0,0,1,96,80247,9,9,99,0,9,9,999,999,99,99,99,99,99,99,9999,99,9999,1,6,39,0,0,1,2,45,1,1,2,1,20,3,1,17,1,1,1,89,1,1