STATE,ST_CASE,VEH_NO,VE_FORMS,NUMOCCS,DAY,MONTH,HOUR,MINUTE,HARM_EV,MAN_COLL,UNITTYPE,HIT_RUN,REG_STAT,OWNER,MAKE,MODEL,MAK_MOD,BODY_TYP,MOD_YEAR,VIN,VIN_1,VIN_2,VIN_3,VIN_4,VIN_5,VIN_6,VIN_7,VIN_8,VIN_9,VIN_10,VIN_11,VIN_12,TOW_VEH,VINTYPE,VINMAKE,VINA_MOD,VIN_BT,VINMODYR,VIN_LNGT,VIN_WGT,WGTCD_TR,WHLBS_LG,WHLBS_SH,SER_TR,FUELCODE,MCYCL_DS,CARBUR,CYLINDER,DISPLACE,MCYCL_CY,MCYCL_WT,TIRE_SZE,TON_RAT,TRK_WT,TRKWTVAR,VIN_REST,WHLDRWHL,J_KNIFE,MCARR_I1,MCARR_I2,MCARR_ID,GVWR,V_CONFIG,CARGO_BT,HAZ_INV,HAZ_PLAC,HAZ_ID,HAZ_CNO,HAZ_REL,BUS_USE,SPEC_USE,EMER_USE,TRAV_SP,UNDERIDE,ROLLOVER,ROLINLOC,IMPACT1,DEFORMED,TOWED,M_HARM,VEH_SC1,VEH_SC2,FIRE_EXP,DR_PRES,L_STATE,DR_ZIP,L_STATUS,L_TYPE,CDL_STAT,L_ENDORS,L_COMPL,L_RESTRI,DR_HGT,DR_WGT,PREV_ACC,PREV_SUS,PREV_DWI,PREV_SPD,PREV_OTH,FIRST_MO,FIRST_YR,LAST_MO,LAST_YR,SPEEDREL,DR_SF1,DR_SF2,DR_SF3,DR_SF4,VTRAFWAY,VNUM_LAN,VSPD_LIM,VALIGN,VPROFILE,VPAVETYP,VSURCOND,VTRAFCON,VTCONT_F,P_CRASH1,P_CRASH2,P_CRASH3,PCRASH4,PCRASH5,ACC_TYPE,DEATHS,DR_DRINK
8,80120,2,2,1,24,1,21,11,12,6,1,0,8,2,49,472,49472,30,2005,5TELU42N35Z0,5,T,E,L,U,4,2,N,3,5,Z,0,0,T,TOYT,DCL,CW,5,17,,1,0,1219,TAC,G,,,6,244,,,,B,3810,00,U,44,0,0,000000000,00000000000,0,0,0,1,0,0,0,0,0,0,0,55,0,1,5,12,6,2,12,0,0,0,1,8,80530,6,1,0,0,3,0,68,160,0,0,0,0,3,2,2009,12,2011,0,0,0,0,0,1,2,55,1,1,2,1,0,0,1,66,1,1,1,88,0,0
8,80121,1,1,2,1,5,0,30,1,0,1,0,51,2,48,401,48401,14,2004,JF1SG69644H7,J,F,1,S,G,6,9,6,4,4,H,7,0,P,SUBA,FOR,UT,4,17,3210,,0,994,,G,,T,4,150,,,16R215,,,,,,0,0,000000000,00000000000,0,0,0,1,0,0,0,0,0,0,0,68,0,2,5,0,6,2,1,0,0,0,1,51,24141,2,1,0,0,2,0,73,180,0,0,0,0,1,6,2010,6,2010,1,36,0,0,0,1,2,35,3,6,2,1,0,0,14,6,3,4,4,7,1,1
8,80122,1,2,1,3,5,10,51,12,6,1,0,8,1,12,481,12481,31,2002,1FTNX21F02EA,1,F,T,N,X,2,1,F,0,2,E,A,0,T,FORD,F2S,4C,2,17,,2,1580,1418,SRW,D,,,8,444,,,,C,5949,05,U,44,0,0,000000000,00000000000,0,0,0,1,0,0,0,0,0,0,0,10,0,0,0,1,6,2,12,0,0,0,1,8,81001,6,1,0,0,3,3,66,170,0,0,0,0,0,0,0,0,0,0,38,0,0,0,2,2,40,1,1,2,1,0,0,11,15,99,1,1,68,1,0
8,80122,2,2,1,3,5,10,51,12,6,1,0,8,2,52,401,52401,14,2003,JA4MT31R33J0,J,A,4,M,T,3,1,R,3,3,J,0,0,P,MITS,MNS,UT,3,17,4240,,0,1073,,G,,F,6,213,,,16R255,,,,,,0,0,000000000,00000000000,0,0,0,1,0,0,0,0,0,0,0,50,0,0,0,12,6,2,12,0,0,0,1,8,81007,6,2,0,0,3,0,62,145,0,0,0,0,0,0,0,0,0,1,0,0,0,0,2,2,40,1,1,2,1,0,0,1,62,99,1,1,69,0,0
8,80123,1,1,1,5,5,18,10,1,0,1,0,8,1,72,706,72706,80,2006,1HD1PRE156Y9,1,H,D,1,P,R,E,1,5,6,Y,9,0,M,HD,FL5,RS,6,17,,,,,,,1690,,2,,4,0000,,,,,,,0,0,000000000,00000000000,0,0,0,1,0,0,0,0,0,0,0,50,0,0,0,0,6,2,1,0,0,0,1,8,81504,6,1,0,0,3,0,72,250,0,0,0,0,0,0,0,0,0,0,6,0,0,0,1,2,50,3,1,2,1,0,0,1,13,2,1,4,1,1,1
8,80124,1,1,1,6,5,9,6,20,0,1,0,8,2,6,43,6043,1,1997,3C3EL55H3VT5,3,C,3,E,L,5,5,H,3,V,T,5,0,P,CHRY,SJI,CV,97,17,3376,,0,1060,,G,,F,6,152,,,16R215,,,,,,0,0,000000000,00000000000,0,0,0,1,0,0,0,0,0,0,0,85,0,1,1,3,6,2,1,0,0,0,1,8,80030,0,0,0,0,0,0,999,999,0,0,0,0,0,0,0,0,0,1,8,36,0,0,6,2,55,1,6,2,1,0,0,15,6,7,4,4,2,1,0
8,80125,1,1,1,8,5,19,25,35,0,1,0,8,2,19,5,19005,2,1996,1G6EL12Y7TU6,1,G,6,E,L,1,2,Y,7,T,U,6,0,P,CADI,ELD,CP,96,17,3774,,0,1080,,G,,F,8,279,,,16R225,,,,,,0,0,000000000,00000000000,0,0,0,1,0,0,0,0,0,0,0,90,0,0,0,12,6,2,2,0,0,1,1,8,81301,2,2,0,0,2,0,70,200,0,6,3,0,0,5,2011,1,2012,1,36,37,0,0,1,2,65,3,6,2,1,0,0,14,13,6,1,4,6,1,1
8,80126,1,2,0,9,5,17,0,12,7,1,0,18,6,82,881,82881,66,2005,1FUBCYDC15HV,1,F,U,B,C,Y,D,C,1,5,H,V,1,T,FRHT,16M,TR,5,17,,8,0,0,FM2,D,,,6,439,,,,,00000,00,,42,1,57,01532737,5701532737,3,6,1,1,0,0,0,0,0,0,0,0,0,0,0,11,2,1,12,0,0,0,0,0,99997,7,6,97,7,6,7,998,997,998,998,998,998,998,98,9998,98,9998,8,20,0,0,0,2,2,75,1,1,1,1,0,0,0,98,0,0,0,48,0,0
8,80126,2,2,2,9,5,17,0,12,7,1,0,29,3,82,881,82881,66,2009,1FUJBBCK19DA,1,F,U,J,B,B,C,K,1,9,D,A,1,T,FRHT,ST2,TR,9,17,,8,0,0,CON,D,,,6,855,,,,,00000,00,,64,1,57,01189185,5701189185,3,6,1,1,0,0,0,0,0,0,0,65,0,0,0,1,2,1,8,0,0,0,1,29,63010,6,1,6,1,3,0,76,200,0,0,0,1,2,6,2009,12,2011,0,0,0,0,0,2,2,75,1,1,1,1,0,0,1,50,6,1,1,48,0,0
8,80127,1,1,1,8,5,18,30,1,0,1,0,49,1,23,421,23421,15,2000,3GKGK26U6YG2,3,G,K,G,K,2,6,U,6,Y,G,2,0,T,GMC,KX2,4W,0,17,,2,0,1300,YUK,G,,,8,364,,,,C,5760,00,K,44,0,0,000000000,00000000000,0,0,0,1,0,0,0,0,0,0,0,96,0,2,1,0,6,2,1,0,0,0,1,49,82901,1,1,5,0,2,0,73,240,98,1,0,4,1,9,2009,3,2012,1,36,0,0,0,1,2,55,3,1,2,1,0,0,14,13,6,4,6,98,1,1
8,80128,1,2,1,9,5,11,16,12,6,1,0,8,3,98,907,98907,52,2000,1VH5H3H21Y65,1,V,H,5,H,3,H,2,1,Y,6,5,0,T,ONTR,,,0,17,,,,,,,,,,,,,,,,,,,0,57,0157882,570157882,3,21,22,1,0,0,0,0,6,0,0,10,0,0,0,8,6,2,12,0,0,0,1,8,80206,6,1,6,1,3,0,61,160,0,0,0,0,0,0,0,0,0,0,6,38,0,0,1,2,25,1,1,2,1,20,3,11,15,1,1,1,82,0,0
8,80128,2,2,1,9,5,11,16,12,6,1,0,8,1,12,401,12401,14,1988,1FMEU15NXJLA,1,F,M,E,U,1,5,N,X,J,L,A,0,P,FORD,BRO,UT,88,17,0,,0,1050,,G,,F,8,302,,,000000,,,,,,0,0,000000000,00000000000,0,0,0,1,0,0,0,0,0,0,0,35,0,0,0,12,6,2,12,0,0,0,1,8,80305,6,1,0,0,3,3,62,115,1,0,0,0,0,1,2010,1,2010,0,0,0,0,0,2,2,35,1,1,2,1,0,0,1,67,1,1,1,83,1,0
8,80129,1,2,1,13,5,11,52,12,6,1,0,8,1,49,38,49038,2,1989,JT2EL31D6K03,J,T,2,E,L,3,1,D,6,K,0,3,0,P,TOYT,TER,CP,89,17,2000,,0,937,,G,,1,4,089,,,13R155,,,,,,0,0,000000000,00000000000,0,0,0,1,0,0,0,0,0,0,0,30,0,0,0,82,6,2,12,0,0,0,1,8,81212,6,1,0,0,3,0,74,220,0,0,0,0,0,0,0,0,0,0,39,53,0,0,1,2,30,1,1,2,1,20,3,1,17,1,1,1,87,1,0
8,80129,2,2,3,13,5,11,52,12,6,1,0,8,2,2,404,2404,14,2004,1J4GX48S44C3,1,J,4,G,X,4,8,S,4,4,C,3,0,T,JEEP,LCF,4W,4,17,,1,0,1059,GCK,G,,,6,244,,,,,3683,02,E,42,0,0,000000000,00000000000,0,0,0,1,0,0,0,0,0,0,0,35,0,0,0,12,6,2,12,0,0,0,1,8,81007,6,1,0,0,3,1,62,105,0,0,0,0,0,0,0,0,0,0,0,0,0,0,5,2,35,1,6,2,1,0,0,1,66,3,2,1,86,0,0
8,80130,1,2,2,13,5,18,41,12,7,1,0,8,1,49,40,49040,4,2002,JTDBE30K3200,J,T,D,B,E,3,0,K,3,2,0,0,0,P,TOYT,LXS,4D,2,17,3086,,0,1071,,G,,F,4,144,,,15R205,,,,,,0,0,000000000,00000000000,0,0,0,1,0,0,0,0,0,0,0,75,0,1,5,63,6,2,1,0,0,0,1,8,81641,6,2,0,0,3,0,76,215,1,0,0,1,1,6,2009,4,2012,0,6,0,0,0,2,2,75,1,1,2,1,0,0,1,10,9,1,2,45,1,1
8,80130,2,2,1,13,5,18,41,12,7,1,0,8,2,35,47,35047,4,1999,1N4DL01DXXC1,1,N,4,D,L,0,1,D,X,X,C,1,0,P,NISS,AGS,4D,99,17,2762,,0,1031,,G,,F,4,146,,,15R195,,,,,,0,0,000000000,00000000000,0,0,0,1,0,0,0,0,0,0,0,75,0,0,0,3,4,1,12,0,0,0,1,8,80521,6,2,0,0,3,0,71,148,0,0,0,0,0,0,0,0,0,0,0,0,0,0,2,2,75,1,1,2,1,0,0,1,61,2,1,1,44,0,0
8,80131,1,2,1,15,5,7,50,12,1,1,0,40,1,49,401,49401,14,2005,JTEBU14R0580,J,T,E,B,U,1,4,R,0,5,8,0,0,P,TOYT,RUN,UT,5,17,4070,,0,1098,,G,,F,6,244,,,17R265,,,,,,0,0,000000000,00000000000,0,0,0,1,0,0,0,0,0,0,0,60,0,0,0,12,6,2,12,0,0,0,1,40,80108,6,1,0,0,3,0,62,160,0,0,0,0,0,0,0,0,0,0,6,26,0,0,3,2,65,1,1,2,1,28,3,1,52,6,1,1,28,0,0
8,80131,2,2,1,15,5,7,50,12,1,1,0,8,1,35,472,35472,30,2001,1N6ED26Y21C3,1,N,6,E,D,2,6,Y,2,1,C,3,0,T,NISS,KXS,PC,1,17,,1,0,1161,FRT,G,,,6,201,,,,B,3781,01,U,44,0,0,000000000,00000000000,0,0,0,1,0,0,0,0,0,0,0,5,0,1,5,6,6,2,1,0,0,0,1,8,80112,6,1,0,0,3,3,69,195,0,0,0,0,0,0,0,0,0,0,0,0,0,0,3,2,65,1,1,2,1,28,3,2,53,1,1,1,29,1,0
8,80132,1,1,2,12,5,19,54,1,0,1,0,8,2,12,401,12401,14,1992,1FMDU34X2NUD,1,F,M,D,U,3,4,X,2,N,U,D,0,P,FORD,EPR,UT,92,17,3879,,0,1120,,G,,F,6,245,,,15R225,,,,,,0,0,000000000,00000000000,0,0,0,1,0,0,0,0,0,0,0,35,0,2,5,0,6,2,1,0,0,0,1,8,81301,0,0,0,0,0,0,999,999,0,0,0,0,0,0,0,0,0,1,6,52,0,0,1,2,25,3,6,4,1,0,0,2,13,9,9,4,1,1,0
8,80133,1,1,1,16,5,6,30,24,0,1,0,4,2,76,706,76706,80,2001,JYAVP11E01A0,J,Y,A,V,P,1,1,E,0,1,A,0,0,M,YAMA,XVS,RS,1,17,,,,,,,1063,,2,,4,571,,,,,,,0,0,000000000,00000000000,0,0,0,1,0,0,0,0,0,0,0,75,0,0,0,2,2,3,24,0,0,0,1,8,80906,1,1,1,0,2,0,77,240,0,0,0,0,0,0,0,0,0,0,0,0,0,0,2,2,75,1,1,2,1,28,3,1,13,1,1,4,1,1,0
8,80134,1,2,1,12,5,18,5,12,2,1,0,8,2,12,481,12481,31,1979,F36SREJ4010,F,3,6,S,R,E,J,4,0,1,0,,0,T,FORD,F35,PK,79,11,,2,1670,1170,COF,G,,,8,400,,,,BC,4775,01,,44,0,0,000000000,00000000000,0,0,0,1,0,0,0,0,0,0,0,60,0,0,0,12,6,2,12,0,0,0,1,12,81415,1,1,0,0,2,0,73,999,0,3,0,0,0,7,2009,11,2009,0,6,8,35,0,1,2,55,2,1,2,1,0,0,6,51,8,1,2,58,0,0
8,80134,2,2,1,12,5,18,5,12,2,1,0,8,2,19,3,19003,4,1999,1G6KD54Y2XU7,1,G,6,K,D,5,4,Y,2,X,U,7,0,P,CADI,DFW,4D,99,17,4012,,0,1138,,G,,F,8,279,,,16R225,,,,,,0,0,000000000,00000000000,0,0,0,1,0,0,0,0,0,0,0,55,0,0,0,12,6,2,12,0,0,0,1,8,81413,6,1,0,0,3,3,72,185,0,0,0,0,0,0,0,0,0,0,0,0,0,0,1,2,55,3,1,2,1,0,0,14,62,9,1,1,59,1,0
8,80135,1,1,1,18,5,18,35,35,0,1,0,8,1,55,37,55037,2,2004,KMHHN65F04U1,K,M,H,H,N,6,5,F,0,4,U,1,0,P,HYUN,TGT,CP,4,17,3015,,0,996,,G,,F,6,162,,,17R215,,,,,,0,0,000000000,00000000000,0,0,0,1,0,0,0,0,0,0,0,100,0,1,5,12,6,2,35,0,0,0,1,8,81252,6,1,0,0,3,3,70,155,0,0,0,1,1,9,2009,12,2009,1,36,58,0,0,1,2,60,2,6,2,1,40,3,14,11,6,4,4,7,1,1
8,80136,1,1,1,19,5,1,0,1,0,1,0,8,1,37,706,37706,80,1983,1HFSC0222DA3,1,H,F,S,C,0,2,2,2,D,A,3,0,M,HOND,G1A,RS,83,17,,,,,,,1100,,4,,4,708,,,,,,,0,0,000000000,00000000000,0,0,0,1,0,0,0,0,0,0,0,55,0,0,0,0,6,2,1,0,0,0,1,8,80011,6,1,6,0,3,0,74,250,0,0,0,0,0,0,0,0,0,0,6,0,0,0,1,2,55,3,6,2,1,0,0,1,13,8,2,4,1,1,1
8,80137,1,1,1,20,5,0,46,33,0,1,0,8,1,53,706,53706,80,2003,JS1VT54A7321,J,S,1,V,T,5,4,A,7,3,2,1,0,M,SUZI,SK3,RC,3,17,,,,,,,996,,2,,4,417,,,,,,,0,0,000000000,00000000000,0,0,0,1,0,0,0,0,0,0,0,998,0,0,0,12,6,2,39,0,0,0,1,29,80906,9,9,99,0,9,9,72,210,99,99,99,99,99,99,9999,99,9999,9,6,0,0,0,1,2,30,1,1,1,1,2,3,1,13,3,2,4,2,1,1
8,80138,1,2,1,21,5,13,35,12,6,1,0,8,1,2,431,2431,15,1989,1J4GS587XKP1,1,J,4,G,S,5,8,7,X,K,P,1,0,T,JEEP,GRW,4W,89,17,,1,0,1087,WAG,G,,,8,360,,,,,4457,01,A,44,0,0,000000000,00000000000,0,0,0,1,0,0,0,0,0,0,0,45,0,0,0,12,6,2,12,0,0,0,1,8,80831,6,1,0,0,3,0,73,185,0,0,0,0,0,0,0,0,0,0,39,0,0,0,2,2,55,1,1,2,1,1,3,1,17,3,2,1,83,0,0
8,80138,2,2,4,21,5,13,35,12,6,1,0,8,1,18,7,18007,4,2002,2G4WS52J5212,2,G,4,W,S,5,2,J,5,2,1,2,0,P,BUIC,CCU,4D,2,17,3368,,0,1090,,G,,F,6,191,,,15R205,,,,,,0,0,000000000,00000000000,0,0,0,1,0,0,0,0,0,0,0,20,0,0,0,9,6,2,12,0,0,0,1,8,80911,6,1,0,0,3,0,69,169,0,0,0,0,0,0,0,0,0,0,0,0,0,0,6,2,55,1,1,2,1,1,3,11,66,3,2,1,82,1,0
8,80139,1,2,1,18,5,10,0,12,2,1,0,8,1,12,16,12016,4,1996,2FALP71W6TX1,2,F,A,L,P,7,1,W,6,T,X,1,0,P,FORD,CVP,4D,96,17,0,,0,1144,,G,,F,8,281,,,000000,,,,,,0,0,000000000,00000000000,0,0,0,1,0,0,0,0,0,0,0,65,0,0,0,12,6,2,12,0,0,0,1,8,81303,6,1,0,0,3,0,63,115,1,0,0,0,1,10,2009,4,2011,0,6,0,0,0,1,2,60,1,6,2,1,0,0,1,10,1,1,2,50,1,0
8,80139,2,2,1,18,5,10,0,12,2,1,0,8,1,7,482,7482,31,1998,3B7KF26WXWM2,3,B,7,K,F,2,6,W,X,W,M,2,1,T,DODG,250,PK,98,17,,2,0,1347,RPC,G,,,10,488,,,,C,5142,00,U,44,1,0,000000000,00000000000,0,0,0,1,0,0,0,0,0,0,0,60,0,0,0,12,6,2,12,0,0,0,1,8,81303,6,1,0,0,3,0,73,167,0,0,0,0,0,0,0,0,0,0,0,0,0,0,1,2,60,1,5,2,1,0,0,1,62,1,1,1,51,0,0
8,80140,1,1,1,20,5,21,56,59,0,1,0,8,1,53,706,53706,80,2001,JS1GN7AA7121,J,S,1,G,N,7,A,A,7,1,2,1,0,M,SUZI,GF6,RS,1,17,,,,,,,600,,4,,4,458,,,,,,,0,0,000000000,00000000000,0,0,0,1,0,0,0,0,0,0,0,35,0,0,0,12,6,2,1,0,0,0,1,8,80634,6,1,0,0,2,0,68,200,0,1,0,1,0,11,2009,1,2010,0,6,0,0,0,4,3,35,3,6,2,1,40,3,1,13,1,1,4,1,1,1
8,80141,1,2,1,22,5,16,42,12,8,1,0,8,1,14,36,14036,4,1997,1MELM13P5VW6,1,M,E,L,M,1,3,P,5,V,W,6,0,P,MERC,TTR,4D,97,17,2503,,0,984,,G,,F,4,122,,,14R185,,,,,,0,0,000000000,00000000000,0,0,0,1,0,0,0,0,0,0,0,65,0,0,0,61,6,2,12,0,0,0,1,8,81321,6,1,0,0,3,0,65,150,0,0,0,0,0,0,0,0,0,0,28,91,0,0,1,3,65,2,6,2,1,0,0,14,10,1,1,2,64,0,1
8,80141,2,2,2,22,5,16,42,12,8,1,0,6,1,72,706,72706,80,2011,1HD1KGM37BB6,1,H,D,1,K,G,M,3,7,B,B,6,0,M,HD,LRU,RS,11,17,,,,,,,1690,,2,,4,850,,,,,,,0,0,000000000,00000000000,0,0,0,1,0,0,0,0,0,0,0,80,0,0,0,61,6,2,12,0,0,0,1,6,96148,6,1,0,0,3,0,70,210,0,0,0,0,0,0,0,0,0,1,0,0,0,0,1,3,65,3,5,2,1,0,0,14,62,1,1,1,65,2,0
8,80142,1,2,3,25,5,2,30,12,6,1,0,8,2,30,40,30040,4,1998,3VWRA81H3WM1,3,V,W,R,A,8,1,H,3,W,M,1,0,P,VOLK,UJG,4D,98,17,2504,,0,974,,G,,F,4,121,,,14R195,,,,,,0,0,000000000,00000000000,0,0,0,1,0,0,0,0,0,0,0,4,0,0,0,62,6,2,12,0,0,0,1,8,80127,6,2,0,0,3,0,67,135,0,0,0,1,0,4,2011,4,2011,0,48,52,0,0,2,2,40,1,1,2,1,28,3,12,98,1,1,2,98,1,0
8,80142,2,2,1,25,5,2,30,12,6,1,0,8,2,12,481,12481,31,2005,1FTWW31PX5ED,1,F,T,W,W,3,1,P,X,5,E,D,0,T,FORD,F3S,CW,5,17,,3,1724,1562,SRW,D,,,8,366,,,,D,6347,00,E,44,0,0,000000000,00000000000,0,0,0,1,0,0,0,0,0,0,0,57,0,1,1,12,6,2,12,0,0,0,1,8,80123,6,1,0,0,3,1,70,178,0,0,0,0,0,0,0,0,0,1,0,0,0,0,2,2,40,1,1,2,1,28,3,1,61,1,1,1,98,0,1
8,80143,1,2,1,26,5,22,35,12,2,1,0,8,2,55,35,55035,4,2003,KMHDN45D03U4,K,M,H,D,N,4,5,D,0,3,U,4,0,P,HYUN,EST,4D,3,17,2635,,0,1027,,G,,F,4,121,,,15R205,,,,,,0,0,000000000,00000000000,0,0,0,1,0,0,0,0,0,0,0,80,0,0,0,12,6,2,12,0,0,1,1,8,80651,6,7,0,0,3,0,72,160,0,1,0,0,0,6,2009,6,2009,1,33,0,0,0,1,2,55,1,1,2,1,0,0,6,51,6,1,2,58,1,1
8,80143,2,2,1,26,5,22,35,12,2,1,0,8,1,23,401,23401,14,1999,1GKDT13W2X25,1,G,K,D,T,1,3,W,2,X,2,5,0,T,GMC,JMY,4W,99,17,,1,0,1070,JMY,G,,,6,262,,,,B,4049,00,E,44,0,0,000000000,00000000000,0,0,0,1,0,0,0,0,0,0,0,55,0,0,0,12,6,2,12,0,0,1,1,8,80504,6,1,0,0,3,3,68,150,0,0,0,0,0,0,0,0,0,0,0,0,0,0,1,2,55,1,1,2,1,0,0,1,62,1,1,1,59,1,0
8,80144,1,2,1,28,5,0,6,12,7,1,1,8,1,35,401,35401,14,1995,JN8HD17Y1SW1,J,N,8,H,D,1,7,Y,1,S,W,1,0,P,NISS,PFI,UT,95,17,3961,,0,1043,,G,,F,6,181,,,15R235,,,,,,0,0,000000000,00000000000,0,0,0,1,0,0,0,0,0,0,0,40,0,0,0,1,4,1,8,0,0,0,1,8,80014,6,2,0,0,3,0,70,180,0,0,0,0,0,0,0,0,0,0,38,91,0,0,1,6,35,1,6,2,1,28,3,1,11,1,1,2,48,0,1
8,80144,2,2,0,28,5,0,6,12,7,1,0,8,6,12,16,12016,4,2009,2FAHP71V79X1,2,F,A,H,P,7,1,V,7,9,X,1,0,P,FORD,CVP,4D,9,17,0,,0,1147,,F,,F,8,281,,,17R235,,,,,,0,0,000000000,00000000000,0,0,0,1,0,0,0,0,0,5,8,0,0,0,0,63,4,3,12,0,0,0,0,0,99997,7,6,97,7,6,7,998,997,998,998,998,998,998,98,9998,98,9998,8,20,0,0,0,1,6,35,1,6,2,1,28,3,0,98,0,0,0,48,0,0
8,80145,1,1,5,27,5,1,50,1,0,1,0,8,5,52,47,52047,6,2003,JA4LZ41G33U1,J,A,4,L,Z,4,1,G,3,3,U,1,0,P,MITS,OUT,UT,3,17,3461,,0,1033,,G,,F,4,146,,,16R225,,,,,,0,0,000000000,00000000000,0,0,0,1,0,0,0,0,0,0,0,80,0,2,1,0,6,2,1,0,0,0,1,8,81001,0,0,0,0,0,0,999,999,0,1,0,0,0,9,2010,9,2010,1,36,37,0,0,1,2,35,3,5,2,1,40,3,14,6,7,3,3,98,2,1
8,80146,1,1,1,31,5,10,15,8,0,1,0,8,1,30,46,30046,6,2003,WVWVD63B83E1,W,V,W,V,D,6,3,B,8,3,E,1,0,P,VOLK,PGS,SW,3,17,3252,,0,1064,,G,,T,4,109,,,15R195,,,,,,0,0,000000000,00000000000,0,0,0,1,0,0,0,0,0,0,0,15,0,0,0,12,4,1,8,0,0,0,1,8,80233,6,1,0,0,3,0,63,135,0,2,0,1,0,8,2009,3,2011,0,6,38,0,0,1,2,25,1,5,2,1,20,3,10,80,1,1,1,13,0,0
8,80147,1,1,1,31,5,20,41,8,0,1,1,8,2,2,404,2404,14,2004,1J8GW68J24C1,1,J,8,G,W,6,8,J,2,4,C,1,0,T,JEEP,OVR,4W,4,17,,1,0,1059,GCK,G,,,8,287,,,,,4249,00,K,44,0,0,000000000,00000000000,0,0,0,1,0,0,0,0,0,0,0,65,0,0,0,12,4,1,8,0,0,0,1,8,80231,6,1,0,0,3,0,68,170,0,2,0,1,4,10,2009,4,2012,1,36,39,91,0,2,2,30,1,1,1,1,2,3,1,80,2,1,1,13,0,0
8,80148,1,1,2,25,5,21,26,33,0,1,0,8,1,20,471,20471,30,1991,1GCCS14R8M82,1,G,C,C,S,1,4,R,8,M,8,2,0,T,CHEV,S14,PK,91,17,,1,1179,1083,S,G,,,6,173,,,,B,2567,01,,42,0,0,000000000,00000000000,0,0,0,1,0,0,0,0,0,0,0,20,0,0,0,14,6,2,42,0,0,0,1,8,80907,6,1,0,0,3,3,68,174,1,0,0,0,0,9,2009,9,2009,0,6,0,0,0,4,1,25,1,5,2,1,0,0,1,13,1,1,4,1,1,0
8,80149,1,2,1,13,5,11,41,12,1,1,0,8,1,21,21,21021,4,2001,1G3NL52T21C2,1,G,3,N,L,5,2,T,2,1,C,2,0,P,OLDS,A/G,4D,1,17,3022,,0,1070,,G,,F,4,146,,,15R215,,,,,,0,0,000000000,00000000000,0,0,0,1,0,0,0,0,0,0,0,45,0,0,0,12,6,2,12,0,0,0,1,8,80526,6,1,0,0,3,3,65,144,0,0,0,0,0,0,0,0,0,0,6,0,0,0,5,4,45,1,1,2,1,2,3,1,50,1,1,1,20,1,0
8,80149,2,2,1,13,5,11,41,12,1,1,0,8,1,12,423,12423,16,2005,1FMSU43P25EC,1,F,M,S,U,4,3,P,2,5,E,C,0,P,FORD,EXC,UT,5,17,7190,,0,1371,,D,,T,8,366,,,16R265,,,,,,0,0,000000000,00000000000,0,0,0,1,0,0,0,0,0,0,0,0,0,0,0,6,4,1,12,0,0,0,1,8,80538,6,1,6,0,3,0,72,210,0,0,0,0,0,0,0,0,0,0,0,0,0,0,5,4,45,1,1,2,1,2,3,5,53,1,1,1,21,0,0
8,80150,1,2,2,13,5,9,55,24,0,1,0,17,3,82,881,82881,66,2009,1FUBA6CK59LA,1,F,U,B,A,6,C,K,5,9,L,A,2,T,FRHT,COL,TR,9,17,,8,0,0,CON,D,,,6,855,,,,,00000,00,,42,3,57,71821,5771821,3,7,1,1,0,0,0,0,0,0,0,60,0,0,0,12,6,2,2,0,0,1,1,31,68111,6,1,6,1,3,3,77,247,0,0,0,0,0,0,0,0,0,0,0,0,0,0,3,2,65,1,1,2,1,0,0,1,12,1,1,4,6,1,0
8,80150,2,2,2,13,5,9,55,24,0,1,0,8,1,37,402,37402,14,2010,5J6RE4H50AL0,5,J,6,R,E,4,H,5,0,A,L,0,0,P,HOND,CRV,UT,10,17,3532,,0,1031,,G,,F,4,146,,,17R225,,,,,,0,0,000000000,00000000000,0,0,0,1,0,0,0,0,0,0,0,25,0,0,0,13,6,2,12,0,0,0,1,8,81620,6,1,0,0,3,0,63,135,0,0,0,0,0,0,0,0,0,0,0,0,0,0,1,2,25,1,1,2,1,0,0,1,98,1,1,1,98,0,0
8,80151,1,1,1,30,5,6,20,38,0,1,0,8,2,24,2,24002,2,1997,1G8ZH1271VZ2,1,G,8,Z,H,1,2,7,1,V,Z,2,0,P,STRN,SC2,CP,97,17,2358,,0,1024,,G,,F,4,116,,,15R195,,,,,,0,0,000000000,00000000000,0,0,0,1,0,0,0,0,0,0,0,55,0,0,0,62,6,2,42,0,0,0,1,36,11763,6,1,0,0,3,0,73,999,0,0,0,0,0,0,0,0,0,0,0,0,0,0,1,2,55,1,1,2,1,0,0,1,12,1,1,4,6,1,0
8,80152,1,2,1,25,5,10,59,12,6,1,0,8,2,49,40,49040,4,1995,JT2SK12E8S02,J,T,2,S,K,1,2,E,8,S,0,2,0,P,TOYT,CLE,4D,95,17,3086,,0,1031,,G,,F,4,132,,,14R195,,,,,,0,0,000000000,00000000000,0,0,0,1,0,0,0,0,0,0,0,40,0,0,0,3,6,2,12,0,0,0,1,8,80129,6,2,0,0,3,0,69,120,1,0,0,0,0,2,2010,2,2010,0,6,34,38,52,1,2,40,1,6,2,1,0,0,6,50,3,4,6,66,1,0
8,80152,2,2,1,25,5,10,59,12,6,1,0,8,1,2,405,2405,14,2002,1J4GL58K72W1,1,J,4,G,L,5,8,K,7,2,W,1,0,T,JEEP,LMD,4W,2,17,,1,0,1043,LIB,G,,,6,226,,,,,3975,00,E,44,0,0,000000000,00000000000,0,0,0,1,0,0,0,0,0,0,0,40,0,0,0,12,6,2,12,0,0,0,1,8,80108,6,2,0,0,3,0,65,113,0,0,0,0,0,0,0,0,0,0,0,0,0,0,1,2,40,1,5,2,1,0,0,1,62,99,1,1,66,0,0