STATE,ST_CASE,VEH_NO,VE_FORMS,NUMOCCS,DAY,MONTH,HOUR,MINUTE,HARM_EV,MAN_COLL,UNITTYPE,HIT_RUN,REG_STAT,OWNER,MAKE,MODEL,MAK_MOD,BODY_TYP,MOD_YEAR,VIN,VIN_1,VIN_2,VIN_3,VIN_4,VIN_5,VIN_6,VIN_7,VIN_8,VIN_9,VIN_10,VIN_11,VIN_12,TOW_VEH,VINTYPE,VINMAKE,VINA_MOD,VIN_BT,VINMODYR,VIN_LNGT,VIN_WGT,WGTCD_TR,WHLBS_LG,WHLBS_SH,SER_TR,FUELCODE,MCYCL_DS,CARBUR,CYLINDER,DISPLACE,MCYCL_CY,MCYCL_WT,TIRE_SZE,TON_RAT,TRK_WT,TRKWTVAR,VIN_REST,WHLDRWHL,J_KNIFE,MCARR_I1,MCARR_I2,MCARR_ID,GVWR,V_CONFIG,CARGO_BT,HAZ_INV,HAZ_PLAC,HAZ_ID,HAZ_CNO,HAZ_REL,BUS_USE,SPEC_USE,EMER_USE,TRAV_SP,UNDERIDE,ROLLOVER,ROLINLOC,IMPACT1,DEFORMED,TOWED,M_HARM,VEH_SC1,VEH_SC2,FIRE_EXP,DR_PRES,L_STATE,DR_ZIP,L_STATUS,L_TYPE,CDL_STAT,L_ENDORS,L_COMPL,L_RESTRI,DR_HGT,DR_WGT,PREV_ACC,PREV_SUS,PREV_DWI,PREV_SPD,PREV_OTH,FIRST_MO,FIRST_YR,LAST_MO,LAST_YR,SPEEDREL,DR_SF1,DR_SF2,DR_SF3,DR_SF4,VTRAFWAY,VNUM_LAN,VSPD_LIM,VALIGN,VPROFILE,VPAVETYP,VSURCOND,VTRAFCON,VTCONT_F,P_CRASH1,P_CRASH2,P_CRASH3,PCRASH4,PCRASH5,ACC_TYPE,DEATHS,DR_DRINK
8,80227,1,2,3,28,7,23,8,12,6,1,0,8,2,42,48,42048,4,2001,WDBJF65J91B2,W,D,B,J,F,6,5,J,9,1,B,2,0,P,MERZ,E32,4D,1,17,3491,,0,1115,,G,,F,6,195,,,16R215,,,,,,0,0,000000000,00000000000,0,0,0,1,0,0,0,0,0,0,0,999,0,0,0,12,6,2,12,0,0,0,1,8,80239,2,1,0,0,2,0,70,163,0,1,0,0,0,10,2011,10,2011,1,36,37,0,0,4,2,30,1,1,2,1,0,0,1,66,6,1,2,88,0,0
8,80227,2,2,1,28,7,23,8,12,6,1,0,8,1,37,402,37402,14,2006,JHLRD78826C0,J,H,L,R,D,7,8,8,2,6,C,0,0,P,HOND,CRV,UT,6,17,3472,,0,1033,,G,,F,4,146,,,16R215,,,,,,0,0,000000000,00000000000,0,0,0,1,0,0,0,0,0,0,0,998,0,1,1,9,6,2,12,0,0,0,1,8,80220,6,1,0,0,3,0,59,122,0,0,0,0,0,0,0,0,0,0,0,0,0,0,1,2,25,1,1,2,1,20,3,1,17,1,1,1,89,1,0
8,80228,1,5,1,31,7,13,19,12,1,1,0,48,3,87,881,87881,66,2012,1XPXD49X3CD1,1,X,P,X,D,4,9,X,3,C,D,1,1,T,PTRB,389,TR,12,17,,8,0,0,CON,D,,,6,915,,,,,00000,00,,64,3,57,1114892,571114892,3,6,3,1,0,0,0,0,0,0,0,50,0,1,5,12,6,2,8,0,0,0,1,48,76502,6,1,6,1,3,0,999,999,0,0,0,0,0,0,0,0,0,1,6,0,0,0,1,2,40,1,1,2,1,40,3,1,50,7,1,1,20,1,0
8,80228,2,5,2,31,7,13,19,12,1,1,0,8,1,55,401,55401,14,2004,KM8SC73E44U6,K,M,8,S,C,7,3,E,4,4,U,6,0,P,HYUN,SAN,UT,4,17,3720,,0,1031,,G,,F,6,213,,,16R225,,,,,,0,0,000000000,00000000000,0,0,0,1,0,0,0,0,0,0,0,0,0,0,0,6,6,2,12,0,0,0,1,8,81252,6,1,0,0,3,3,62,130,0,0,0,0,0,0,0,0,0,0,0,0,0,0,1,2,40,1,1,2,1,40,3,5,53,1,1,1,21,0,0
8,80228,3,5,2,31,7,13,19,12,1,1,0,32,4,55,35,55035,4,2012,KMHDH4AE3CU3,K,M,H,D,H,4,A,E,3,C,U,3,0,P,HYUN,EGM,4D,12,17,2661,,0,1063,,G,,F,4,110,,,17R215,,,,,,0,0,000000000,00000000000,0,0,0,1,0,0,0,0,0,0,0,0,0,0,0,6,6,2,12,0,0,0,1,36,81252,6,1,0,0,3,3,69,999,0,0,0,0,1,11,2009,11,2009,0,0,0,0,0,1,2,40,1,1,2,1,40,3,5,53,1,1,1,98,0,0
8,80228,4,5,1,31,7,13,19,12,1,1,0,8,1,20,422,20422,15,2009,1GNFC26019R2,1,G,N,F,C,2,6,0,1,9,R,2,0,P,CHEV,C15,UT,9,17,5607,,0,1300,,F,,F,8,323,,,17R265,,,,,,0,0,000000000,00000000000,0,0,0,1,0,0,0,0,0,0,0,0,0,0,0,6,2,1,12,0,0,0,1,12,32958,6,1,0,0,3,3,72,999,0,0,0,0,0,0,0,0,0,0,0,0,0,0,1,2,40,1,1,2,1,40,3,5,53,1,1,1,98,0,0
8,80228,5,5,1,31,7,13,19,12,1,1,0,8,1,7,461,7461,21,2001,2B5WB35Z91K5,2,B,5,W,B,3,5,Z,9,1,K,5,0,P,DODG,RMW,SV,1,17,5423,,0,1272,,G,,F,8,360,,,000000,,,,,,0,0,000000000,00000000000,0,0,0,1,0,0,0,0,0,0,0,0,0,0,0,81,6,2,12,0,0,0,1,8,81252,6,1,0,0,3,0,66,110,0,0,0,0,0,0,0,0,0,0,0,0,0,0,1,2,40,1,1,2,1,40,3,5,53,1,1,1,98,0,0
8,80229,1,2,1,31,7,19,50,31,0,1,0,8,1,37,32,37032,4,1994,JHMCD5638RC1,J,H,M,C,D,5,6,3,8,R,C,1,0,P,HOND,ALX,4D,94,17,2809,,0,1069,,G,,F,4,132,,,14R185,,,,,,0,0,000000000,00000000000,0,0,0,1,0,0,0,0,0,0,0,65,0,0,0,12,6,2,52,0,0,0,1,8,80127,6,1,0,0,3,0,60,115,1,0,0,1,0,3,2010,9,2010,0,6,0,0,0,3,2,65,2,5,2,1,0,0,1,12,1,1,4,6,1,0
8,80229,2,2,1,31,7,19,50,31,0,1,0,8,2,35,472,35472,30,2007,1N6AD06UX7C4,1,N,6,A,D,0,6,U,X,7,C,4,0,T,NISS,KEO,PC,7,17,,1,0,1259,FRT,G,,,6,244,,,,,4015,00,K,42,0,0,000000000,00000000000,0,0,0,1,0,0,0,0,0,0,0,65,0,0,0,12,2,1,18,0,0,0,1,8,80124,6,2,0,0,3,0,71,130,0,0,0,0,0,0,0,0,0,0,0,0,0,0,3,2,65,3,6,2,1,0,0,14,90,1,1,1,98,0,0
8,80230,1,2,2,28,7,12,32,12,6,1,0,8,1,7,442,7442,20,1992,1B4GH54R4NX1,1,B,4,G,H,5,4,R,4,N,X,1,0,T,DODG,GCL,ES,92,17,,1,0,1190,CAR,G,,,6,201,,,,,3629,01,M,42,0,0,000000000,00000000000,0,0,0,1,0,0,0,0,0,0,0,15,0,0,0,9,6,2,12,0,0,0,1,8,81504,6,1,0,0,3,3,70,190,0,0,0,0,0,0,0,0,0,0,6,38,0,0,1,2,40,1,1,2,1,20,3,11,15,1,1,1,82,1,0
8,80230,2,2,2,28,7,12,32,12,6,1,0,31,1,7,422,7422,15,2005,1D8HB48N95F5,1,D,8,H,B,4,8,N,9,5,F,5,0,P,DODG,DUR,UT,5,17,4958,,0,1192,,G,,F,8,287,,,17R265,,,,,,0,0,000000000,00000000000,0,0,0,1,0,0,0,0,0,0,0,55,0,0,0,12,4,1,12,0,0,0,1,31,68822,6,1,0,0,3,0,68,168,0,0,0,0,0,0,0,0,0,0,0,0,0,0,1,2,55,1,1,2,1,0,0,1,67,3,2,1,83,0,0
8,80231,1,1,1,1,8,15,20,31,0,1,0,8,1,20,481,20481,31,2001,2GCEK19T9112,2,G,C,E,K,1,9,T,9,1,1,2,0,T,CHEV,SK1,4C,1,17,,2,1575,1435,SIL,G,,,8,325,,,,B,4776,00,,44,0,0,000000000,00000000000,0,0,0,1,0,0,0,0,0,0,0,74,0,0,0,98,6,2,35,0,0,0,1,8,81301,6,1,0,0,3,1,65,160,1,0,0,0,0,4,2011,4,2011,1,36,0,0,0,1,2,45,3,5,2,1,40,3,14,6,7,4,4,2,1,1
8,80232,1,2,1,1,8,22,20,12,1,1,0,48,3,51,881,51881,66,2005,4V4NC9TJ65N3,4,V,4,N,C,9,T,J,6,5,N,3,1,T,VOLV,VNL,TR,5,17,,8,0,0,VVN,D,,,6,915,,,,,00000,00,,64,1,57,1274548,571274548,3,6,1,1,0,0,0,0,0,0,0,75,0,0,0,12,6,2,7,0,0,0,1,53,99344,6,1,6,1,3,0,64,270,0,0,0,0,0,0,0,0,0,0,6,26,0,0,2,2,75,1,5,1,1,0,0,1,51,9,1,1,24,1,0
8,80232,2,2,1,1,8,22,20,12,1,1,0,40,3,82,881,82881,66,2000,1FUPCSZB7YPF,1,F,U,P,C,S,Z,B,7,Y,P,F,1,T,FRHT,FLD,TR,0,17,,8,0,0,CON,D,,,6,774,,,,,00000,00,,64,1,57,604546,57604546,3,6,7,1,0,0,0,0,0,0,0,45,0,0,0,6,6,2,12,0,0,0,1,8,80239,6,1,6,1,3,0,69,180,0,4,0,0,4,6,2010,1,2012,0,0,0,0,0,2,2,75,1,5,1,1,0,0,1,53,1,1,1,25,0,0
8,80233,1,2,2,2,8,18,5,12,7,1,0,35,1,72,706,72706,80,2007,1HD1FC4197Y7,1,H,D,1,F,C,4,1,9,7,Y,7,0,M,HD,FLU,RS,7,17,,,,,,,1584,,2,,4,808,,,,,,,0,0,000000000,00000000000,0,0,0,1,0,0,0,0,0,0,0,30,0,0,0,82,4,1,1,0,0,0,1,35,88260,6,1,6,0,3,0,67,165,98,0,0,0,0,0,0,0,0,0,6,35,0,0,1,2,65,1,1,2,1,0,0,6,98,3,2,1,73,1,0
8,80233,2,2,2,2,8,18,5,12,7,1,0,35,1,72,706,72706,80,2011,1HD1KBM14BB6,1,H,D,1,K,B,M,1,4,B,B,6,0,M,HD,FHX,RS,11,17,,,,,,,1690,,2,,4,785,,,,,,,0,0,000000000,00000000000,0,0,0,1,0,0,0,0,0,0,0,10,0,0,0,63,4,1,1,0,0,0,1,35,88260,6,1,0,0,3,0,73,230,98,0,0,1,0,6,2010,6,2010,0,0,0,0,0,1,2,65,1,1,2,1,0,0,11,15,1,1,1,72,0,0
8,80234,1,1,2,4,8,5,33,1,0,1,0,8,1,72,706,72706,80,2007,1HD1FC4187Y7,1,H,D,1,F,C,4,1,8,7,Y,7,1,M,HD,FLU,RS,7,17,,,,,,,1584,,2,,4,808,,,,,,,3,0,000000000,00000000000,0,0,0,1,0,0,0,0,0,0,0,50,0,0,0,0,2,3,1,0,0,0,1,8,80117,6,1,6,0,3,0,70,172,0,0,0,0,1,10,2009,10,2009,0,83,0,0,0,1,2,45,1,5,1,1,0,0,1,87,3,1,1,98,1,0
8,80235,1,2,2,6,8,16,27,12,2,1,0,35,1,22,18,22018,2,1999,1G2NE12E7XM7,1,G,2,N,E,1,2,E,7,X,M,7,0,P,PONT,GAS,CP,99,17,3052,,0,1071,,G,,F,6,207,,,15R215,,,,,,0,0,000000000,00000000000,0,0,0,1,0,0,0,0,0,0,0,60,0,0,0,12,6,2,12,0,0,0,1,35,87401,6,1,0,0,3,3,67,120,98,0,0,0,0,0,0,0,0,0,6,28,0,0,1,2,65,2,6,2,1,0,0,14,10,1,1,2,50,1,1
8,80235,2,2,1,6,8,16,27,12,2,1,0,35,1,49,472,49472,30,2001,5TEWN72N51Z7,5,T,E,W,N,7,2,N,5,1,Z,7,0,T,TOYT,XTR,PC,1,17,,1,0,1219,TAC,G,,,6,206,,,,B,3515,00,U,44,0,0,000000000,00000000000,0,0,0,1,0,0,0,0,0,0,0,70,0,0,0,12,6,2,12,0,0,0,1,35,87301,6,1,0,0,3,1,75,210,98,0,0,0,0,0,0,0,0,0,0,0,0,0,1,2,65,3,5,2,1,0,0,14,62,9,1,1,51,0,0
8,80236,1,1,2,6,8,18,30,1,0,1,0,8,1,6,43,6043,4,2008,1C3LC55R18N2,1,C,3,L,C,5,5,R,1,8,N,2,0,P,CHRY,STO,CV,8,17,3376,,0,1089,,G,,F,6,165,,,17R215,,,,,,0,0,000000000,00000000000,0,0,0,1,0,0,0,0,0,0,0,75,0,2,5,0,6,2,1,0,0,0,1,8,80005,6,1,0,0,3,0,68,160,0,0,0,0,0,0,0,0,0,0,6,58,0,0,2,2,75,1,1,1,1,0,0,1,12,9,3,4,2,2,0
8,80237,1,1,2,6,8,21,30,11,0,1,0,53,1,55,35,55035,4,2005,KMHDN56D65U1,K,M,H,D,N,5,6,D,6,5,U,1,0,P,HYUN,EST,4H,5,17,2635,,0,1027,,G,,F,4,121,,,15R195,,,,,,0,0,000000000,00000000000,0,0,0,1,0,0,0,0,0,0,0,65,0,0,0,12,6,2,11,0,0,0,1,53,98311,6,1,0,0,3,3,70,265,0,0,0,3,0,1,2010,1,2012,0,83,0,0,0,1,2,65,1,1,2,1,0,0,1,87,2,1,1,13,1,0
8,80238,1,1,1,10,8,0,3,1,0,1,0,8,1,2,404,2404,14,2000,1J4GW58N2YC4,1,J,4,G,W,5,8,N,2,Y,C,4,0,T,JEEP,LMT,4W,0,17,,1,0,1059,GCK,G,,,8,287,,,,,3917,01,E,44,0,0,000000000,00000000000,0,0,0,1,0,0,0,0,0,0,0,60,0,2,5,0,6,2,1,0,0,0,1,8,80022,4,1,0,0,2,0,68,210,0,2,0,1,2,7,2010,6,2012,1,36,58,0,0,1,2,35,1,1,2,1,0,0,1,13,8,3,4,2,1,1
8,80239,1,2,1,10,8,13,55,12,2,1,0,8,1,37,32,37032,4,1994,JHMCD553XRC0,J,H,M,C,D,5,5,3,X,R,C,0,0,P,HOND,ALX,4D,94,17,2809,,0,1069,,G,,F,4,132,,,14R185,,,,,,0,0,000000000,00000000000,0,0,0,1,0,0,0,0,0,0,0,45,0,0,0,12,6,2,12,0,0,0,1,8,80540,2,1,0,0,2,0,67,170,0,1,0,0,0,8,2012,8,2012,0,6,28,0,0,1,2,45,3,5,2,1,0,0,14,10,1,1,2,50,1,1
8,80239,2,2,1,10,8,13,55,12,2,1,0,8,2,2,403,2403,14,2012,1C4BJWFG5CL1,1,C,4,B,J,W,F,G,5,C,L,1,0,T,JEEP,WUR,4W,12,17,,1,0,1160,WUL,F,,,6,220,,,,,4315,00,4,44,0,0,000000000,00000000000,0,0,0,1,0,0,0,0,0,0,0,45,0,0,0,12,6,2,12,0,0,0,1,12,80517,6,1,0,0,3,3,65,999,0,0,0,0,1,5,2012,5,2012,0,0,0,0,0,1,2,45,2,6,2,1,0,0,14,62,1,1,1,51,0,0
8,80240,1,3,3,10,8,17,57,12,6,1,0,8,2,52,35,52035,4,2001,JA3AY26C21U0,J,A,3,A,Y,2,6,C,2,1,U,0,0,P,MITS,MES,4D,1,17,2437,,0,984,,G,,F,4,112,,,14R175,,,,,,0,0,000000000,00000000000,0,0,0,1,0,0,0,0,0,0,0,10,0,0,0,63,6,2,12,0,0,0,1,8,80219,1,1,0,0,2,3,64,145,1,3,0,0,1,8,2009,3,2010,0,6,48,0,0,1,2,45,1,1,2,1,0,0,12,98,1,1,1,98,1,1
8,80240,2,3,4,10,8,17,57,12,6,1,0,17,2,20,431,20431,16,2003,3GNFK16Z93G3,3,G,N,F,K,1,6,Z,9,3,G,3,0,P,CHEV,K15,UT,3,17,5123,,0,1300,,F,,F,8,325,,,16R265,,,,,,0,0,000000000,00000000000,0,0,0,1,0,0,0,0,0,0,0,45,0,0,0,12,6,2,12,0,0,0,1,17,61720,6,1,0,0,3,3,63,167,0,0,0,1,0,10,2010,10,2010,0,0,0,0,0,1,2,45,1,1,2,1,0,0,1,61,6,1,1,98,0,0
8,80240,3,3,2,10,8,17,57,12,6,1,0,8,1,7,24,7024,4,2006,2B3KA53H36H3,2,B,3,K,A,5,3,H,3,6,H,3,0,P,DODG,CHR,4D,6,17,3995,,0,1200,,G,,F,8,348,,,18R225,,,,,,0,0,000000000,00000000000,0,0,0,1,0,0,0,0,0,0,0,45,0,0,0,12,2,1,31,0,0,0,1,8,80013,6,1,0,0,3,0,65,155,0,0,0,0,1,7,2010,7,2010,0,0,0,0,0,1,2,45,1,1,2,1,0,0,1,62,9,1,4,98,0,0
8,80241,1,1,1,10,8,19,30,17,0,1,0,8,1,7,482,7482,31,1997,3B7MF33D0VM5,3,B,7,M,F,3,3,D,0,V,M,5,0,T,DODG,350,PC,97,17,,3,0,1547,RPC,D,,,6,359,,,,D,5744,00,M,44,0,0,000000000,00000000000,0,0,0,1,0,0,0,0,0,0,0,50,0,1,5,12,6,2,17,0,0,0,1,8,80425,6,1,0,0,3,0,68,205,0,0,0,0,0,0,0,0,0,1,36,58,0,0,1,2,30,3,6,2,1,0,0,14,13,6,1,4,6,1,1
8,80242,1,2,1,10,8,20,27,12,6,1,0,8,1,63,37,63037,6,2011,KNDJT2A25B72,K,N,D,J,T,2,A,2,5,B,7,2,0,P,KIA,SOU,UT,11,17,2800,,0,1004,,G,,F,4,122,,,16R205,,,,,,0,0,000000000,00000000000,0,0,0,1,0,0,0,0,0,0,0,45,0,0,0,82,6,2,12,0,0,0,1,8,81520,6,1,0,0,3,0,66,190,0,0,0,0,0,0,0,0,0,0,6,39,0,0,2,2,45,1,6,2,1,2,3,1,17,1,1,1,87,1,0
8,80242,2,2,1,10,8,20,27,12,6,1,0,8,1,12,481,12481,31,1990,2FTHF26H9LCA,2,F,T,H,F,2,6,H,9,L,C,A,0,T,FORD,F25,PK,90,17,,2,0,1330,COF,G,,,8,351,,,,C,4419,01,A,44,0,0,000000000,00000000000,0,0,0,1,0,0,0,0,0,0,0,45,0,0,0,12,6,2,12,0,0,0,1,8,81504,6,1,6,0,3,0,70,300,0,0,0,0,1,11,2010,11,2010,0,0,0,0,0,2,2,45,1,1,2,1,2,3,1,66,1,1,1,86,0,0
8,80243,1,2,2,11,8,15,22,12,6,1,0,8,1,30,46,30046,4,2000,WVWMD23BXYE1,W,V,W,M,D,2,3,B,X,Y,E,1,0,P,VOLK,PGS,4D,0,17,3065,,0,1066,,G,,F,6,169,,,15R195,,,,,,0,0,000000000,00000000000,0,0,0,1,0,0,0,0,0,0,0,55,0,0,0,62,6,2,12,0,0,0,1,8,81224,6,1,0,0,3,0,68,135,0,0,0,0,0,0,0,0,0,0,6,28,0,0,1,2,55,1,1,2,1,28,3,1,10,9,1,2,64,1,0
8,80243,2,2,1,11,8,15,22,12,6,1,0,8,1,7,462,7462,21,2008,WD0PF445X853,W,D,0,P,F,4,4,5,X,8,5,3,0,T,DODG,SP3,EC,8,17,,3,0,1700,SNR,D,,,6,183,,,,,5862,00,E,42,0,0,000000000,00000000000,0,0,0,1,0,0,0,0,0,0,0,55,0,0,0,12,6,2,12,0,0,0,1,8,81101,6,1,0,0,3,1,64,118,0,0,0,0,0,0,0,0,0,0,0,0,0,0,1,2,55,1,1,2,1,28,3,1,62,8,2,1,65,0,0
8,80244,1,1,1,11,8,21,13,8,0,1,0,8,1,35,401,35401,14,1995,JN8HD17Y9SW0,J,N,8,H,D,1,7,Y,9,S,W,0,0,P,NISS,PFI,UT,95,17,3961,,0,1043,,G,,F,6,181,,,15R235,,,,,,0,0,000000000,00000000000,0,0,0,1,0,0,0,0,0,0,0,998,0,0,0,12,2,1,8,0,0,0,1,8,80249,6,1,0,0,3,3,69,187,0,0,0,0,0,0,0,0,0,0,0,0,0,0,1,5,40,1,1,2,1,2,3,1,80,8,1,1,13,0,0
8,80245,1,1,1,12,8,15,52,35,0,1,0,6,1,72,706,72706,80,2010,1HD1PZ837AB9,1,H,D,1,P,Z,8,3,7,A,B,9,0,M,HD,HSE,RS,10,17,,,,,,,1803,,2,,4,848,,,,,,,0,0,000000000,00000000000,0,0,0,1,0,0,0,0,0,0,0,60,0,0,0,12,6,2,1,0,0,0,1,6,95124,6,1,0,0,3,3,70,190,0,0,0,0,0,0,0,0,0,1,36,53,0,0,1,2,40,2,6,4,1,0,0,14,12,9,2,4,7,1,0
8,80246,1,1,2,13,8,0,40,31,0,1,0,8,3,12,471,12471,30,2000,1FTZR15V1YPA,1,F,T,Z,R,1,5,V,1,Y,P,A,0,T,FORD,RNS,PC,0,17,,1,0,1259,RNG,F,,,6,182,,,,B,3599,01,U,44,0,0,000000000,00000000000,0,0,0,1,0,0,0,0,0,0,0,75,0,2,5,12,6,2,1,0,0,0,1,8,80004,4,1,0,0,2,0,69,150,0,5,0,1,1,8,2009,10,2010,0,6,58,0,0,2,2,75,2,6,1,1,0,0,1,12,7,1,4,6,2,0
8,80247,1,4,3,13,8,1,50,12,1,1,0,39,3,23,481,23481,31,2012,1GT12ZCG5CF1,1,G,T,1,2,Z,C,G,5,C,F,1,1,T,GMC,2KH,CW,12,17,,2,1677,1537,SIE,F,,,8,366,,,,C,6377,01,E,44,1,0,000000000,00000000000,0,0,0,1,0,0,0,0,0,0,0,70,0,0,0,12,6,2,12,0,0,0,1,12,33880,6,1,0,0,3,0,71,999,0,1,0,0,0,1,2012,1,2012,0,6,0,0,0,2,2,75,1,1,1,1,0,0,1,50,1,1,1,20,0,0
8,80247,2,4,4,13,8,1,50,12,1,1,0,6,2,12,3,12003,1,2007,1ZVFT84N9752,1,Z,V,F,T,8,4,N,9,7,5,2,0,P,FORD,MUS,CV,7,17,3352,,0,1071,,G,,F,6,244,,,16R215,,,,,,0,0,000000000,00000000000,0,0,0,1,0,0,0,0,0,0,0,0,0,0,0,6,6,2,12,0,0,0,1,6,90220,6,1,0,0,3,3,74,260,0,0,0,0,0,0,0,0,0,0,0,0,0,0,2,2,75,1,1,1,1,0,0,5,53,1,1,1,21,2,0
8,80247,3,4,3,13,8,1,50,12,1,1,0,48,2,20,421,20421,15,2001,1GNEC13T61R2,1,G,N,E,C,1,3,T,6,1,R,2,0,P,CHEV,CTA,UT,1,17,4828,,0,1160,,G,,F,8,325,,,16R245,,,,,,0,0,000000000,00000000000,0,0,0,1,0,0,0,0,0,0,0,0,0,0,0,6,6,2,12,0,0,0,1,48,75482,6,2,0,0,3,3,999,999,0,0,0,0,0,0,0,0,0,0,0,0,0,0,2,2,75,1,1,1,1,0,0,5,53,1,1,1,98,0,0
8,80247,4,4,1,13,8,1,50,12,1,1,0,17,3,82,881,82881,66,2010,1FUJGLDR5ASA,1,F,U,J,G,L,D,R,5,A,S,A,1,T,FRHT,125,TR,10,17,,8,0,0,CSC,D,,,6,903,,,,,00000,00,,64,1,57,276010,57276010,3,6,1,1,0,0,0,0,0,0,0,0,0,0,0,6,4,1,12,0,0,0,1,45,29615,6,1,6,1,3,0,70,240,0,0,0,1,0,2,2010,2,2010,0,0,0,0,0,2,2,75,1,1,1,1,0,0,5,53,1,1,1,98,0,0
8,80248,1,1,1,13,8,7,55,58,0,1,0,8,1,12,481,12481,31,2002,1FTSW31SX2EB,1,F,T,S,W,3,1,S,X,2,E,B,0,T,FORD,F3S,CW,2,17,,2,1724,1562,SRW,G,,,10,415,,,,D,6228,04,E,44,0,0,000000000,00000000000,0,0,0,1,0,0,0,0,0,0,0,65,0,1,5,14,6,2,1,0,0,0,1,8,80525,6,1,6,0,3,0,73,200,0,0,0,1,0,6,2011,6,2011,0,6,0,0,0,1,2,65,1,1,2,1,0,0,1,13,1,1,4,1,1,1
8,80249,1,1,1,5,8,0,0,33,0,1,0,8,1,98,706,98706,80,2007,5L5JD1776710,5,L,5,J,D,1,7,7,6,7,1,0,0,U,,,,7,17,,,,,,,,,,,,,,,,,,,0,0,000000000,00000000000,0,0,0,1,0,0,0,0,0,0,0,998,0,0,0,14,6,2,42,0,0,0,1,8,80112,6,1,0,0,3,0,76,210,1,0,0,0,0,5,2012,5,2012,9,6,0,0,0,1,4,40,3,1,2,1,0,0,14,13,1,1,4,1,1,1
8,80250,1,2,1,13,8,17,22,12,2,1,0,8,1,73,706,73706,80,2007,JKAZXCD197A0,J,K,A,Z,X,C,D,1,9,7,A,0,0,M,KAWK,Z1D,RC,7,17,,,,,,,998,,4,,4,386,,,,,,,0,0,000000000,00000000000,0,0,0,1,0,0,0,0,0,0,0,100,0,0,0,12,6,2,12,0,0,0,1,8,80906,1,1,0,0,2,1,69,180,0,1,0,0,0,10,2011,10,2011,1,8,36,0,0,1,2,40,2,3,2,1,0,0,1,10,1,1,2,50,1,0
8,80250,2,2,1,13,8,17,22,12,2,1,0,8,1,20,37,20037,4,1999,1G1ND52J0X61,1,G,1,N,D,5,2,J,0,X,6,1,0,P,CHEV,MAL,4D,99,17,3051,,0,1070,,G,,F,6,191,,,15R215,,,,,,0,0,000000000,00000000000,0,0,0,1,0,0,0,0,0,0,0,40,0,0,0,12,6,2,12,0,0,0,1,8,80911,6,1,0,0,3,0,71,190,0,0,0,0,0,0,0,0,0,0,0,0,0,0,1,2,40,1,3,2,1,0,0,1,62,1,1,1,51,0,0
8,80251,1,1,2,15,8,14,15,39,0,1,0,8,2,49,46,49046,4,2007,JTDKB20U4775,J,T,D,K,B,2,0,U,4,7,7,5,0,P,TOYT,PRI,4H,7,17,2932,,0,1063,,B,,F,4,091,,,15R185,,,,,,0,0,000000000,00000000000,0,0,0,1,0,0,0,0,0,0,0,70,0,1,4,12,6,2,39,36,0,0,1,8,80247,6,1,0,0,3,3,73,195,0,2,0,1,0,9,2009,7,2011,0,6,0,0,0,3,3,75,1,1,2,1,0,0,1,13,1,1,4,1,2,0
8,80252,1,2,1,16,8,12,15,12,2,1,0,19,1,20,24,20024,6,2011,1GNKVJED3BJ1,1,G,N,K,V,J,E,D,3,B,J,1,0,P,CHEV,TRV,UT,11,17,5066,,0,1189,,G,,F,6,220,,,18R255,,,,,,0,0,000000000,00000000000,0,0,0,1,0,0,0,0,0,0,0,50,0,0,0,12,6,2,12,0,0,0,1,19,52317,6,1,0,0,3,3,70,160,0,0,0,0,0,0,0,0,0,0,6,28,91,0,1,2,50,2,1,2,1,0,0,1,10,1,1,2,50,0,0
8,80252,2,2,1,16,8,12,15,12,2,1,0,8,1,48,43,48043,10,1985,JF2AT53B4FE5,J,F,2,A,T,5,3,B,4,F,E,5,0,T,SUBA,BGL,PK,85,17,,1,0,963,BRT,G,,,4,108,,,,,2245,01,A,44,0,0,000000000,00000000000,0,0,0,1,0,0,0,0,0,0,0,45,0,0,0,12,6,2,12,0,0,0,1,8,81223,6,1,0,0,3,0,68,125,0,0,0,0,0,0,0,0,0,0,0,0,0,0,1,2,50,3,1,2,1,0,0,14,62,3,2,1,51,1,0
8,80253,1,1,1,20,8,4,0,31,0,1,0,8,2,20,481,20481,31,2006,1GCHK23276F1,1,G,C,H,K,2,3,2,7,6,F,1,0,T,CHEV,2KH,CW,6,17,,2,1670,1530,SIL,D,,,8,403,,,,C,5883,02,,44,0,0,000000000,00000000000,0,0,0,1,0,0,0,0,0,0,0,90,0,2,5,12,6,2,1,0,0,0,1,48,79930,6,1,0,0,3,0,999,999,0,0,0,0,0,0,0,0,0,1,6,0,0,0,1,2,65,3,1,2,1,0,0,1,13,6,1,4,1,1,0
8,80254,1,1,2,20,8,15,35,1,0,1,0,8,2,35,401,35401,14,1999,JN8AR07Y9XW3,J,N,8,A,R,0,7,Y,9,X,W,3,0,P,NISS,PFI,UT,99,17,0,,0,1063,,G,,F,6,201,,,16R245,,,,,,0,0,000000000,00000000000,0,0,0,1,0,0,0,0,0,0,0,45,0,2,1,0,6,2,1,0,0,0,1,8,81623,0,0,0,0,0,0,70,170,0,4,0,0,0,12,2009,4,2012,1,6,58,0,0,1,2,35,2,6,7,1,0,0,14,13,8,4,6,98,1,1
8,80255,1,1,1,21,8,21,52,9,0,1,0,8,2,12,401,12401,14,1999,1FMZU34E1XZB,1,F,M,Z,U,3,4,E,1,X,Z,B,0,P,FORD,EPR,UT,99,17,4128,,0,1116,,G,,F,6,245,,,15R225,,,,,,0,0,000000000,00000000000,0,0,0,1,0,0,0,0,0,0,0,50,0,0,0,12,4,3,9,0,0,0,1,8,80005,6,1,0,0,3,0,65,140,0,0,0,0,0,0,0,0,0,0,0,0,0,0,2,3,45,1,5,2,1,0,0,1,83,8,1,1,13,0,0