STATE,ST_CASE,VEH_NO,VE_FORMS,NUMOCCS,DAY,MONTH,HOUR,MINUTE,HARM_EV,MAN_COLL,UNITTYPE,HIT_RUN,REG_STAT,OWNER,MAKE,MODEL,MAK_MOD,BODY_TYP,MOD_YEAR,VIN,VIN_1,VIN_2,VIN_3,VIN_4,VIN_5,VIN_6,VIN_7,VIN_8,VIN_9,VIN_10,VIN_11,VIN_12,TOW_VEH,VINTYPE,VINMAKE,VINA_MOD,VIN_BT,VINMODYR,VIN_LNGT,VIN_WGT,WGTCD_TR,WHLBS_LG,WHLBS_SH,SER_TR,FUELCODE,MCYCL_DS,CARBUR,CYLINDER,DISPLACE,MCYCL_CY,MCYCL_WT,TIRE_SZE,TON_RAT,TRK_WT,TRKWTVAR,VIN_REST,WHLDRWHL,J_KNIFE,MCARR_I1,MCARR_I2,MCARR_ID,GVWR,V_CONFIG,CARGO_BT,HAZ_INV,HAZ_PLAC,HAZ_ID,HAZ_CNO,HAZ_REL,BUS_USE,SPEC_USE,EMER_USE,TRAV_SP,UNDERIDE,ROLLOVER,ROLINLOC,IMPACT1,DEFORMED,TOWED,M_HARM,VEH_SC1,VEH_SC2,FIRE_EXP,DR_PRES,L_STATE,DR_ZIP,L_STATUS,L_TYPE,CDL_STAT,L_ENDORS,L_COMPL,L_RESTRI,DR_HGT,DR_WGT,PREV_ACC,PREV_SUS,PREV_DWI,PREV_SPD,PREV_OTH,FIRST_MO,FIRST_YR,LAST_MO,LAST_YR,SPEEDREL,DR_SF1,DR_SF2,DR_SF3,DR_SF4,VTRAFWAY,VNUM_LAN,VSPD_LIM,VALIGN,VPROFILE,VPAVETYP,VSURCOND,VTRAFCON,VTCONT_F,P_CRASH1,P_CRASH2,P_CRASH3,PCRASH4,PCRASH5,ACC_TYPE,DEATHS,DR_DRINK
8,80289,1,3,1,12,9,6,3,12,7,1,0,8,1,20,403,20403,14,2003,1GNDT13SX323,1,G,N,D,T,1,3,S,X,3,2,3,0,P,CHEV,TRL,UT,3,17,4600,,0,1130,,G,,F,6,256,,,16R245,,,,,,0,0,000000000,00000000000,0,0,0,1,0,0,0,0,0,0,0,65,0,0,0,81,6,2,12,0,0,0,1,8,80620,6,2,0,0,3,0,71,300,0,0,0,0,1,7,2011,7,2011,0,6,0,0,0,2,2,65,1,1,1,1,0,0,1,11,6,1,2,44,0,0
8,80289,2,3,1,12,9,6,3,12,7,1,0,8,1,22,16,22016,2,2005,3G2JB12F15S1,3,G,2,J,B,1,2,F,1,5,S,1,0,P,PONT,SFR,CP,5,17,2771,,0,1041,,G,,F,4,134,,,15R195,,,,,,0,0,000000000,00000000000,0,0,0,1,0,0,0,0,0,0,0,60,0,0,0,61,2,1,12,0,0,0,1,8,80550,6,1,0,0,3,3,71,165,0,0,0,0,0,0,0,0,0,0,0,0,0,0,2,2,65,1,1,1,1,0,0,1,60,1,1,1,45,0,0
8,80289,3,3,1,12,9,6,3,12,7,1,0,8,1,37,31,37031,2,2001,1HGEM21761L0,1,H,G,E,M,2,1,7,6,1,L,0,0,P,HOND,UCH,CP,1,17,2434,,0,1031,,G,,F,4,102,,,14R185,,,,,,0,0,000000000,00000000000,0,0,0,1,0,0,0,0,0,0,0,65,0,0,0,12,6,2,12,0,0,0,1,8,80631,6,1,0,0,3,0,67,170,0,0,0,1,0,12,2010,12,2010,0,0,0,0,0,2,2,65,1,1,1,1,0,0,1,62,1,1,1,98,1,1
8,80290,1,1,3,15,9,11,15,1,0,1,0,4,1,53,34,53034,4,2006,KL5JD56Z66K4,K,L,5,J,D,5,6,Z,6,6,K,4,0,P,SUZI,FZB,4D,6,17,2701,,0,1024,,G,,F,4,122,,,15R195,,,,,,0,0,000000000,00000000000,0,0,0,1,0,0,0,0,0,0,0,55,0,2,5,0,6,2,1,0,0,0,1,4,86545,6,1,0,0,3,0,69,152,0,0,0,0,0,0,0,0,0,1,36,58,0,0,1,2,40,3,6,2,1,40,3,1,11,6,3,4,2,1,1
8,80291,1,1,1,16,9,9,32,33,0,1,0,8,1,76,705,76705,80,2008,JYARJ06EX8A0,J,Y,A,R,J,0,6,E,X,8,A,0,0,M,YAMA,F6S,RC,8,17,,,,,,,600,,4,,4,357,,,,,,,0,0,000000000,00000000000,0,0,0,1,0,0,0,0,0,0,0,998,0,0,0,14,6,2,42,0,0,0,1,8,80914,6,1,0,0,3,0,69,181,0,0,0,1,1,1,2012,7,2012,1,8,36,0,0,2,2,30,1,1,2,1,0,0,1,8,1,7,4,2,1,0
8,80292,1,1,1,16,9,16,36,1,0,1,0,8,1,72,706,72706,80,1983,1HD1BEK17DY0,1,H,D,1,B,E,K,1,7,D,Y,0,0,M,HD,FXW,RS,83,17,,,,,,,1340,,2,,4,585,,,,,,,0,0,000000000,00000000000,0,0,0,1,0,0,0,0,0,0,0,45,0,0,0,0,6,2,1,0,0,0,1,8,80634,6,1,6,0,3,3,70,195,0,0,0,0,0,0,0,0,0,0,6,0,0,0,1,2,45,3,6,2,1,0,0,1,13,6,1,4,1,1,1
8,80293,1,1,1,8,9,15,7,1,0,1,0,8,1,34,706,34706,80,2006,WB10591A56ZM,W,B,1,0,5,9,1,A,5,6,Z,M,0,M,BMW,K00,RC,6,17,,,,,,,1157,,4,,4,499,,,,,,,0,0,000000000,00000000000,0,0,0,1,0,0,0,0,0,0,0,60,0,0,0,0,6,2,1,0,0,0,1,8,80132,6,1,0,0,3,1,68,175,0,0,0,0,0,0,0,0,0,1,6,0,0,0,1,2,35,3,5,2,1,0,0,1,13,1,1,4,1,1,0
8,80294,1,1,1,11,9,19,43,1,0,1,0,8,2,35,39,35039,4,2006,1N4BA41E26C8,1,N,4,B,A,4,1,E,2,6,C,8,0,P,NISS,MEL,4D,6,17,3359,,0,1112,,G,,F,6,214,,,000000,,,,,,0,0,000000000,00000000000,0,0,0,1,0,0,0,0,0,0,0,55,0,2,6,0,6,2,1,0,0,0,1,8,80102,6,1,0,0,3,0,63,138,0,0,0,0,1,10,2011,10,2011,0,6,0,0,0,1,2,55,1,1,2,1,28,3,1,12,7,4,4,7,1,1
8,80295,1,1,1,11,9,18,50,42,0,1,0,8,1,20,403,20403,14,2005,1GNDS13S9521,1,G,N,D,S,1,3,S,9,5,2,1,0,P,CHEV,TRL,UT,5,17,4425,,0,1130,,G,,F,6,256,,,16R245,,,,,,0,0,000000000,00000000000,0,0,0,1,0,0,0,0,0,0,0,45,0,0,0,12,6,2,42,0,0,0,1,8,80504,6,1,0,0,3,3,72,230,0,0,0,0,0,0,0,0,0,0,6,0,0,0,1,2,45,1,6,2,2,28,3,1,12,7,1,4,6,1,0
8,80296,1,1,1,16,9,17,53,23,0,1,0,8,1,20,37,20037,4,2004,1G1ZT64854F2,1,G,1,Z,T,6,4,8,5,4,F,2,0,P,CHEV,XLS,4D,4,17,3458,,0,1123,,G,,F,6,214,,,16R215,,,,,,0,0,000000000,00000000000,0,0,0,1,0,0,0,0,0,0,0,45,0,0,0,61,6,2,23,0,0,0,1,8,80012,6,1,0,0,3,0,60,160,1,0,0,0,0,4,2012,4,2012,0,6,0,0,0,2,3,40,1,1,2,1,0,0,1,9,1,3,4,2,1,0
8,80297,1,3,1,12,9,23,19,8,0,1,0,8,2,12,422,12422,15,1999,1FMPU18L0XLB,1,F,M,P,U,1,8,L,0,X,L,B,0,P,FORD,EPT,UT,99,17,5177,,0,1191,,G,,F,8,330,,,17R265,,,,,,0,0,000000000,00000000000,0,0,0,1,0,0,0,0,0,0,0,998,0,0,0,12,6,2,8,0,0,0,1,8,80526,6,1,0,0,3,1,67,148,0,0,0,1,0,2,2012,2,2012,0,6,0,0,0,2,2,55,1,6,2,1,0,0,1,80,1,1,1,13,0,1
8,80297,2,3,1,12,9,23,19,8,0,1,0,8,2,37,31,37031,4,1991,JHMED354XMS0,J,H,M,E,D,3,5,4,X,M,S,0,0,P,HOND,CID,4D,91,17,1973,,0,984,,G,,F,4,091,,,13R175,,,,,,0,0,000000000,00000000000,0,0,0,1,0,0,0,0,0,0,0,998,0,0,0,14,2,3,18,0,0,0,1,8,80525,4,1,0,0,2,2,68,120,0,1,0,1,0,12,2011,2,2012,0,74,0,0,0,2,2,55,1,6,2,1,0,0,1,90,9,1,1,98,0,0
8,80297,3,3,1,12,9,23,19,8,0,1,1,99,9,99,999,99999,99,9999,999999999999,9,9,9,9,9,9,9,9,9,9,9,9,0,,,,,,,,,,,,,,,,,,,,,,,,,0,0,000000000,00000000000,0,0,0,1,0,0,0,0,0,0,0,998,0,0,0,14,9,1,18,0,0,0,1,99,99999,9,9,99,0,9,9,999,999,99,99,99,99,99,99,9999,99,9999,9,0,0,0,0,2,2,55,1,6,2,1,0,0,1,90,1,1,1,98,0,0
8,80298,1,1,2,21,9,22,15,38,0,1,0,8,1,34,34,34034,4,2003,WBAEW53483PG,W,B,A,E,W,5,3,4,8,3,P,G,0,P,BMW,33X,4D,3,17,3483,,0,1073,,G,,F,6,182,,,17R205,,,,,,0,0,000000000,00000000000,0,0,0,1,0,0,0,0,0,0,0,50,0,1,6,12,6,2,42,0,0,0,1,8,80452,6,1,0,0,3,1,68,130,1,0,0,3,0,8,2010,4,2012,1,36,0,0,0,1,2,35,3,6,2,1,28,3,1,6,6,4,4,2,1,1
8,80299,1,1,1,22,9,12,10,31,0,1,0,8,3,87,881,87881,66,1994,1XPFDB8X0RN3,1,X,P,F,D,B,8,X,0,R,N,3,1,T,PTRB,378,TR,94,17,,8,0,0,CON,D,,,6,893,,,,,00000,00,,64,3,57,991147,57991147,3,6,3,1,0,0,0,0,0,0,0,65,0,2,5,12,6,2,1,0,0,0,1,8,81101,6,1,6,1,3,1,74,280,0,0,0,0,0,0,0,0,0,0,6,58,0,0,1,2,65,1,6,2,1,0,0,1,13,6,1,4,1,1,0
8,80300,1,2,3,22,9,19,10,12,2,1,0,8,2,20,37,20037,4,1998,1G1NE52M9W61,1,G,1,N,E,5,2,M,9,W,6,1,0,P,CHEV,M/L,4D,98,17,3100,,0,1070,,G,,F,6,191,,,15R215,,,,,,0,0,000000000,00000000000,0,0,0,1,0,0,0,0,0,0,0,998,0,0,0,12,6,2,12,0,0,0,1,8,80010,1,1,0,0,2,3,62,140,0,5,0,1,0,8,2010,8,2012,0,6,38,0,0,2,3,35,1,1,2,1,2,3,11,15,3,2,1,68,0,0
8,80300,2,2,2,22,9,19,10,12,2,1,0,8,1,98,706,98706,80,2004,1T9C1L2634F7,1,T,9,C,1,L,2,6,3,4,F,7,0,U,,,,4,17,,,,,,,,,,,,,,,,,,,0,0,000000000,00000000000,0,0,0,1,0,0,0,0,0,0,0,998,0,0,0,12,6,2,12,0,0,0,1,8,80102,6,1,6,0,3,0,72,205,0,0,0,1,1,6,2010,2,2012,0,0,0,0,0,2,2,40,1,1,2,1,2,3,1,62,1,1,1,69,1,1
8,80301,1,1,1,23,9,0,5,1,0,1,0,8,1,22,22,22022,4,2006,1G2ZH5580641,1,G,2,Z,H,5,5,8,0,6,4,1,0,P,PONT,GGT,4D,6,17,3426,,0,1123,,G,,F,6,214,,,17R225,,,,,,0,0,000000000,00000000000,0,0,0,1,0,0,0,0,0,0,0,80,0,2,3,0,6,2,1,0,0,0,1,24,21157,6,1,0,0,3,0,68,150,0,0,0,0,0,0,0,0,0,0,6,58,0,0,2,2,75,2,1,2,1,0,0,1,12,7,3,4,6,1,1
8,80302,1,1,3,23,9,0,59,8,0,1,1,8,2,49,32,49032,4,1991,1NXAE94A9MZ1,1,N,X,A,E,9,4,A,9,M,Z,1,0,P,TOYT,CDF,4D,91,17,2394,,0,957,,G,,F,4,097,,,13R155,,,,,,0,0,000000000,00000000000,0,0,0,1,0,0,0,0,0,0,0,999,0,0,0,12,4,1,8,0,0,0,1,8,80216,0,0,0,0,0,0,71,240,0,0,0,0,0,0,0,0,0,1,8,36,0,0,4,4,30,1,1,1,1,2,3,1,80,1,1,1,13,0,0
8,80303,1,1,3,23,9,16,45,1,0,1,0,8,1,20,461,20461,21,1984,1GBEG25H4E71,1,G,B,E,G,2,5,H,4,E,7,1,0,T,CHEV,SV2,CG,84,17,,2,1250,1100,S/V,G,,,8,305,,,,C,00000,00,,42,0,0,000000000,00000000000,0,0,0,1,0,0,0,0,0,0,0,65,0,2,3,0,6,2,1,0,0,0,1,8,80751,6,1,0,0,3,3,67,230,0,0,0,0,0,0,0,0,0,0,58,80,0,0,2,2,75,1,1,1,1,28,3,1,1,8,4,4,7,1,0
8,80304,1,2,5,14,9,19,14,12,1,1,0,8,2,20,16,20016,4,2004,1G1JC52F9472,1,G,1,J,C,5,2,F,9,4,7,2,0,P,CHEV,CAV,4D,4,17,2676,,0,1041,,G,,F,4,134,,,14R195,,,,,,0,0,000000000,00000000000,0,0,0,1,0,0,0,0,0,0,0,75,0,0,0,12,6,2,12,0,0,0,1,8,81144,6,1,0,0,3,0,67,155,0,0,0,0,0,0,0,0,0,1,6,8,26,0,1,2,65,1,1,2,1,0,0,1,52,7,1,1,28,0,0
8,80304,2,2,2,14,9,19,14,12,1,1,0,8,2,20,421,20421,15,1996,1GNEK13R6TJ3,1,G,N,E,K,1,3,R,6,T,J,3,0,P,CHEV,KTA,UT,96,17,5144,,0,1175,,G,,F,8,350,,,16R245,,,,,,0,0,000000000,00000000000,0,0,0,1,0,0,0,0,0,0,0,5,0,0,0,6,6,2,12,0,0,0,1,8,80104,6,1,0,0,3,0,64,120,0,0,0,0,0,0,0,0,0,0,0,0,0,0,1,2,65,1,1,2,1,0,0,2,53,1,1,1,30,1,0
8,80305,1,1,1,25,9,13,40,11,0,1,0,8,1,34,706,34706,80,2005,WB10388055ZM,W,B,1,0,3,8,8,0,5,5,Z,M,0,M,BMW,R00,RS,5,17,,,,,,,1170,,2,,4,505,,,,,,,0,0,000000000,00000000000,0,0,0,1,0,0,0,0,0,0,0,50,0,0,0,12,6,2,11,0,0,0,1,8,80126,6,1,0,0,3,0,71,170,0,0,0,0,0,0,0,0,0,0,83,0,0,0,1,2,55,1,6,2,2,0,0,1,87,1,1,1,13,1,0
8,80306,1,1,1,10,9,22,31,8,0,1,0,8,1,2,405,2405,14,2005,1J4GL58K55W5,1,J,4,G,L,5,8,K,5,5,W,5,0,T,JEEP,LMD,4W,5,17,,1,0,1043,LIB,G,,,6,226,,,,,3893,00,E,44,0,0,000000000,00000000000,0,0,0,1,0,0,0,0,0,0,0,60,0,0,0,12,4,1,8,0,0,0,1,8,80031,6,1,0,0,3,3,61,180,0,0,0,1,0,8,2010,8,2010,0,0,0,0,0,2,2,60,1,1,1,1,2,3,1,80,7,1,1,13,0,0
8,80307,1,2,1,26,9,9,45,12,2,1,0,8,1,49,40,49040,4,1995,JT2SK12E4S02,J,T,2,S,K,1,2,E,4,S,0,2,0,P,TOYT,CLE,4D,95,17,3086,,0,1031,,G,,F,4,132,,,14R195,,,,,,0,0,000000000,00000000000,0,0,0,1,0,0,0,0,0,0,0,60,0,0,0,12,6,2,12,0,0,0,1,8,80236,6,1,3,0,3,0,64,148,0,0,0,0,2,11,2009,12,2009,0,6,0,0,0,5,4,60,1,1,2,1,0,0,1,13,6,4,2,50,1,0
8,80307,2,2,1,26,9,9,45,12,2,1,0,8,2,20,481,20481,31,1999,1GCEC14WXXE2,1,G,C,E,C,1,4,W,X,X,E,2,0,T,CHEV,SC1,PK,99,17,,2,1330,1190,SIL,G,,,6,262,,,,B,3923,01,,42,0,0,000000000,00000000000,0,0,0,1,0,0,0,0,0,0,0,60,0,1,5,12,6,2,12,0,0,0,1,8,80241,6,2,0,0,3,0,76,190,0,0,0,1,1,1,2011,8,2011,0,0,0,0,0,5,4,60,1,1,2,1,0,0,1,62,1,1,1,51,0,0
8,80308,1,2,1,27,9,10,10,12,6,1,0,8,1,12,481,12481,31,1991,1FTEX14N8MKA,1,F,T,E,X,1,4,N,8,M,K,A,0,T,FORD,F15,PC,91,17,,2,1550,1390,COF,G,,,8,302,,,,B,4108,02,A,44,0,0,000000000,00000000000,0,0,0,1,0,0,0,0,0,0,0,10,0,0,0,12,6,2,12,0,0,0,1,8,80620,6,1,0,0,3,1,71,280,1,0,0,1,1,5,2011,7,2011,0,38,0,0,0,1,2,45,1,1,2,1,20,3,4,17,1,1,1,86,1,1
8,80308,2,2,1,27,9,10,10,12,6,1,0,8,3,87,881,87881,66,2007,1XP5DB9X27D6,1,X,P,5,D,B,9,X,2,7,D,6,1,T,PTRB,379,TR,7,17,,8,0,0,CON,D,,,6,893,,,,,00000,00,,64,1,57,1844315,571844315,3,6,4,1,0,0,0,0,0,0,0,55,0,0,0,1,6,2,12,0,0,0,1,8,80631,6,1,6,1,3,0,70,220,0,0,0,0,0,0,0,0,0,0,0,0,0,0,1,2,55,1,1,2,1,0,0,1,66,3,2,1,87,0,0
8,80309,1,1,2,27,9,19,27,43,0,1,0,13,2,20,421,20421,15,1997,1GNEC13RXVJ3,1,G,N,E,C,1,3,R,X,V,J,3,0,P,CHEV,CTA,UT,97,17,4816,,0,1175,,G,,F,8,350,,,15R235,,,,,,0,0,000000000,00000000000,0,0,0,1,0,0,0,0,0,0,0,45,0,1,6,61,6,2,1,0,0,0,1,13,80817,1,1,0,0,2,0,68,185,98,1,0,0,0,6,2010,6,2010,1,36,0,0,0,1,2,25,1,6,5,1,0,0,1,12,7,3,4,7,1,1
8,80310,1,1,1,30,9,2,4,33,0,1,0,8,2,73,706,73706,80,2004,JKAZXCC104A0,J,K,A,Z,X,C,C,1,0,4,A,0,0,M,KAWK,Z1R,RC,4,17,,,,,,,998,,4,,4,459,,,,,,,0,0,000000000,00000000000,0,0,0,1,0,0,0,0,0,0,0,60,0,0,0,61,6,2,42,0,0,0,1,8,80223,6,1,0,0,2,3,73,226,0,0,0,4,0,1,2011,5,2012,1,36,0,0,0,2,2,45,3,6,2,1,0,0,14,12,1,1,4,6,1,1
8,80311,1,2,1,20,9,20,30,12,1,1,0,8,1,72,706,72706,80,2010,1HD1PZ819AB9,1,H,D,1,P,Z,8,1,9,A,B,9,0,M,HD,HSE,RS,10,17,,,,,,,1803,,2,,4,848,,,,,,,0,0,000000000,00000000000,0,0,0,1,0,0,0,0,0,0,0,50,0,0,0,12,6,2,12,0,0,0,1,8,80126,6,1,0,0,3,3,71,185,0,0,0,0,2,12,2011,12,2011,1,6,8,26,0,2,3,45,1,1,1,1,0,0,1,52,1,1,1,24,1,0
8,80311,2,2,1,20,9,20,30,12,1,1,0,8,2,37,32,37032,4,2005,1HGCM66545A0,1,H,G,C,M,6,6,5,4,5,A,0,0,P,HOND,UEX,4D,5,17,3384,,0,1079,,G,,F,6,183,,,16R205,,,,,,0,0,000000000,00000000000,0,0,0,1,0,0,0,0,0,0,0,20,0,0,0,6,4,1,12,0,0,0,1,8,80112,6,2,0,0,3,0,66,120,0,0,0,0,0,0,0,0,0,0,0,0,0,0,2,3,45,1,1,1,1,0,0,10,16,1,1,1,27,0,0
8,80312,1,1,1,1,9,19,17,1,0,1,0,8,1,53,706,53706,80,2005,JS1VS55A8521,J,S,1,V,S,5,5,A,8,5,2,1,0,M,SUZI,C50,RS,5,17,,,,,,,805,,2,,4,542,,,,,,,0,0,000000000,00000000000,0,0,0,1,0,0,0,0,0,0,0,50,0,0,0,0,2,3,1,0,0,0,1,8,80504,6,1,0,0,3,0,69,185,0,0,0,0,0,0,0,0,0,0,83,0,0,0,1,2,55,1,1,2,1,0,0,1,87,3,2,1,98,1,0
8,80313,1,2,2,7,9,19,50,12,2,1,0,8,1,72,706,72706,80,1992,1HD1BJL47NY0,1,H,D,1,B,J,L,4,7,N,Y,0,0,M,HD,STC,RS,92,17,,,,,,,1340,,2,,4,710,,,,,,,0,0,000000000,00000000000,0,0,0,1,0,0,0,0,0,0,0,20,0,0,0,12,6,2,12,0,0,0,1,8,80634,6,1,0,0,2,0,72,240,0,0,0,0,2,10,2009,1,2010,0,6,0,0,0,1,2,35,1,1,2,1,0,0,1,62,3,2,1,69,1,1
8,80313,2,2,1,7,9,19,50,12,2,1,0,8,2,12,442,12442,20,1998,2FMZA5142WBC,2,F,M,Z,A,5,1,4,2,W,B,C,0,T,FORD,WWG,ES,98,17,,1,0,1207,WIN,G,,,6,232,,,,B,3762,02,F,42,0,0,000000000,00000000000,0,0,0,1,0,0,0,0,0,0,0,50,0,0,0,12,6,2,12,0,0,0,1,8,80620,6,2,0,0,3,0,75,215,0,0,0,0,0,0,0,0,0,0,0,0,0,0,1,2,35,1,1,2,1,0,0,11,15,1,1,1,68,0,0
8,80314,1,1,1,9,9,16,47,24,0,1,0,8,1,72,706,72706,80,2004,1HD1FVW1X4Y6,1,H,D,1,F,V,W,1,X,4,Y,6,0,M,HD,IUA,RS,4,17,,,,,,,1450,,2,,4,758,,,,,,,0,0,000000000,00000000000,0,0,0,1,0,0,0,0,0,0,0,998,0,0,0,12,8,8,1,0,0,0,1,8,80648,6,1,0,0,3,0,74,215,0,0,0,0,0,0,0,0,0,9,6,0,0,0,6,1,35,1,6,2,1,20,3,1,14,1,1,4,14,1,0
8,80315,1,2,1,19,9,19,20,12,2,1,0,8,1,20,471,20471,30,1991,1GCCT14Z2M22,1,G,C,C,T,1,4,Z,2,M,2,2,0,T,CHEV,S14,PK,91,17,,1,1179,1083,S,G,,,6,262,,,,B,3137,01,,44,0,0,000000000,00000000000,0,0,0,1,0,0,0,0,0,0,0,65,0,0,0,12,6,2,2,0,0,1,1,8,80465,6,1,0,0,3,0,70,180,0,0,0,0,0,0,0,0,0,1,23,36,51,0,2,2,45,1,6,2,1,0,0,1,54,1,1,1,52,1,1
8,80315,2,2,2,19,9,19,20,12,2,1,0,8,1,49,482,49482,31,2006,5TBDT44186S5,5,T,B,D,T,4,4,1,8,6,S,5,0,T,TOYT,DBS,CW,6,17,,2,0,1283,TUN,G,,,8,285,,,,B,4965,00,U,44,0,0,000000000,00000000000,0,0,0,1,0,0,0,0,0,0,0,45,0,0,0,12,6,2,12,0,0,1,1,8,80403,6,1,0,0,3,1,71,185,0,0,0,0,2,8,2010,9,2012,0,0,0,0,0,2,2,45,1,5,2,1,0,0,1,54,7,1,1,52,0,0
8,80316,1,1,1,26,8,0,0,8,0,1,1,99,9,99,999,99999,99,9999,999999999999,9,9,9,9,9,9,9,9,9,9,9,9,0,,,,,,,,,,,,,,,,,,,,,,,,,0,0,000000000,00000000000,0,0,0,1,0,0,0,0,0,0,0,45,0,0,0,12,9,9,8,0,0,0,1,99,99999,9,9,99,0,9,9,999,999,99,99,99,99,99,99,9999,99,9999,0,8,36,0,0,1,3,45,1,1,2,1,0,0,1,80,1,1,1,13,0,0
8,80317,1,2,1,2,10,10,55,12,2,1,0,8,2,20,441,20441,20,2003,1GNEL19X33B1,1,G,N,E,L,1,9,X,3,3,B,1,0,T,CHEV,AST,ES,3,17,,2,0,1112,AST,G,,,6,262,,,,B,4593,00,,44,0,0,000000000,00000000000,0,0,0,1,0,0,0,0,0,0,0,40,0,0,0,12,6,2,12,0,0,0,1,8,80528,0,0,0,0,0,0,70,200,0,2,0,0,0,5,2011,5,2011,0,6,0,0,0,1,2,40,1,5,2,1,0,0,1,10,1,1,2,50,1,1
8,80317,2,2,1,2,10,10,55,12,2,1,0,8,3,85,881,85881,66,1995,2XKWD69X0SM6,2,X,K,W,D,6,9,X,0,S,M,6,1,T,KW,W90,TR,95,17,,8,0,1600,CON,D,,,6,855,,,,,00000,00,,64,1,57,1104161,571104161,3,6,4,1,0,0,0,0,0,0,0,40,0,0,0,12,6,2,12,0,0,0,1,8,80538,6,1,6,1,3,1,71,180,0,0,0,0,0,0,0,0,0,0,0,0,0,0,1,2,40,1,6,2,1,0,0,1,62,3,2,1,51,0,0
8,80318,1,1,1,2,10,11,1,8,0,1,0,8,1,48,34,48034,6,1990,JF2BJ63C4LG9,J,F,2,B,J,6,3,C,4,L,G,9,0,P,SUBA,LH4,SW,90,17,2960,,0,1016,,G,,F,4,135,,,14R185,,,,,,0,0,000000000,00000000000,0,0,0,1,0,0,0,0,0,0,0,60,0,0,0,12,4,3,8,0,0,0,1,8,80916,4,1,0,0,2,2,63,115,0,1,0,0,0,8,2012,8,2012,0,74,0,0,0,3,2,65,1,1,2,1,0,0,1,80,3,2,1,13,0,0
8,80319,1,1,2,3,10,11,0,1,0,1,0,8,2,49,482,49482,31,2006,5TBDT44106S5,5,T,B,D,T,4,4,1,0,6,S,5,0,T,TOYT,DBS,CW,6,17,,2,0,1283,TUN,G,,,8,285,,,,B,4965,00,U,44,0,0,000000000,00000000000,0,0,0,1,0,0,0,0,0,0,0,47,0,2,6,0,6,2,1,0,0,0,1,8,81301,6,1,0,0,3,0,62,145,0,0,0,0,0,0,0,0,0,0,58,0,0,0,1,2,45,1,1,2,1,0,0,1,9,6,3,4,7,2,0
8,80320,1,1,1,3,10,13,40,18,0,1,0,8,1,76,706,76706,80,2007,JYARP15E37A0,J,Y,A,R,P,1,5,E,3,7,A,0,0,M,YAMA,F13,RC,7,17,,,,,,,1298,,4,,4,582,,,,,,,0,0,000000000,00000000000,0,0,0,1,0,0,0,0,0,0,0,45,0,0,0,12,6,2,18,0,0,0,1,8,80020,6,1,0,0,3,1,68,220,0,0,0,1,0,9,2010,9,2010,1,6,0,0,0,1,2,35,2,5,2,1,0,0,14,12,7,1,4,6,1,0
8,80321,1,1,2,4,10,20,10,1,0,1,0,8,2,12,16,12016,4,1998,2FAFP74W1WX1,2,F,A,F,P,7,4,W,1,W,X,1,0,P,FORD,CVL,4D,98,17,3927,,0,1144,,G,,F,8,281,,,15R225,,,,,,0,0,000000000,00000000000,0,0,0,1,0,0,0,0,0,0,0,65,0,2,5,0,6,2,1,0,0,0,1,8,80601,2,8,0,0,2,0,70,160,0,2,0,0,2,11,2010,8,2012,0,6,58,0,0,1,2,65,3,6,2,1,40,3,14,13,6,4,4,7,1,1
8,80322,1,3,1,8,10,7,55,12,8,1,0,8,2,12,442,12442,20,2001,2FMZA52461BA,2,F,M,Z,A,5,2,4,6,1,B,A,0,T,FORD,WSE,ES,1,17,,1,0,1207,WIN,G,,,6,232,,,,B,4250,00,E,42,0,0,000000000,00000000000,0,0,0,1,0,0,0,0,0,0,0,65,0,0,0,82,6,2,12,0,0,0,1,8,80634,6,1,0,0,3,3,74,240,0,0,0,0,0,0,0,0,0,0,6,28,0,0,1,2,65,1,1,2,1,0,0,1,10,7,1,2,66,1,0
8,80322,2,3,1,8,10,7,55,12,8,1,0,8,3,12,481,12481,31,2011,1FTFW1EF9BKD,1,F,T,F,W,1,E,F,9,B,K,D,0,T,FORD,F1S,CW,11,17,,2,1570,1450,COF,F,,,8,305,,,,B,5577,01,7,44,0,0,000000000,00000000000,0,0,0,1,0,0,0,0,0,0,0,65,0,0,0,83,6,2,12,0,0,0,1,8,80634,6,1,0,0,3,1,69,210,0,0,0,0,1,11,2011,11,2011,0,0,0,0,0,1,2,65,1,1,2,1,0,0,1,60,6,1,2,66,0,0
8,80322,3,3,1,8,10,7,55,12,8,1,0,8,3,20,481,20481,31,2006,3GCEC14X66G2,3,G,C,E,C,1,4,X,6,6,G,2,0,T,CHEV,SC1,PK,6,17,,2,1330,1190,SIL,G,,,6,262,,,,B,4211,00,,42,0,0,000000000,00000000000,0,0,0,1,0,0,0,0,0,0,0,65,0,0,0,12,6,2,12,0,0,0,1,8,80631,6,1,0,0,3,3,64,145,0,0,0,0,0,0,0,0,0,0,0,0,0,0,1,2,65,1,1,2,1,0,0,1,60,2,1,1,98,0,0
8,80323,1,3,1,8,10,12,39,12,7,1,0,8,1,48,34,48034,6,1994,4S3BJ633XR69,4,S,3,B,J,6,3,3,X,R,6,9,0,P,SUBA,ULA,SW,94,17,3130,,0,1016,,G,,F,4,135,,,14R185,,,,,,0,0,000000000,00000000000,0,0,0,1,0,0,0,0,0,0,0,45,0,0,0,8,6,2,12,0,0,0,1,8,80234,4,1,0,0,2,0,71,165,1,1,0,0,2,2,2010,6,2012,0,6,27,0,0,3,4,55,1,1,2,1,0,0,15,52,8,1,2,47,1,0