STATE,ST_CASE,VEH_NO,VE_FORMS,NUMOCCS,DAY,MONTH,HOUR,MINUTE,HARM_EV,MAN_COLL,UNITTYPE,HIT_RUN,REG_STAT,OWNER,MAKE,MODEL,MAK_MOD,BODY_TYP,MOD_YEAR,VIN,VIN_1,VIN_2,VIN_3,VIN_4,VIN_5,VIN_6,VIN_7,VIN_8,VIN_9,VIN_10,VIN_11,VIN_12,TOW_VEH,VINTYPE,VINMAKE,VINA_MOD,VIN_BT,VINMODYR,VIN_LNGT,VIN_WGT,WGTCD_TR,WHLBS_LG,WHLBS_SH,SER_TR,FUELCODE,MCYCL_DS,CARBUR,CYLINDER,DISPLACE,MCYCL_CY,MCYCL_WT,TIRE_SZE,TON_RAT,TRK_WT,TRKWTVAR,VIN_REST,WHLDRWHL,J_KNIFE,MCARR_I1,MCARR_I2,MCARR_ID,GVWR,V_CONFIG,CARGO_BT,HAZ_INV,HAZ_PLAC,HAZ_ID,HAZ_CNO,HAZ_REL,BUS_USE,SPEC_USE,EMER_USE,TRAV_SP,UNDERIDE,ROLLOVER,ROLINLOC,IMPACT1,DEFORMED,TOWED,M_HARM,VEH_SC1,VEH_SC2,FIRE_EXP,DR_PRES,L_STATE,DR_ZIP,L_STATUS,L_TYPE,CDL_STAT,L_ENDORS,L_COMPL,L_RESTRI,DR_HGT,DR_WGT,PREV_ACC,PREV_SUS,PREV_DWI,PREV_SPD,PREV_OTH,FIRST_MO,FIRST_YR,LAST_MO,LAST_YR,SPEEDREL,DR_SF1,DR_SF2,DR_SF3,DR_SF4,VTRAFWAY,VNUM_LAN,VSPD_LIM,VALIGN,VPROFILE,VPAVETYP,VSURCOND,VTRAFCON,VTCONT_F,P_CRASH1,P_CRASH2,P_CRASH3,PCRASH4,PCRASH5,ACC_TYPE,DEATHS,DR_DRINK
8,80425,1,1,1,23,12,21,4,1,0,1,0,8,1,12,422,12422,15,2000,1FMPU16L1YLB,1,F,M,P,U,1,6,L,1,Y,L,B,0,P,FORD,EPT,UT,0,17,5275,,0,1191,,G,,F,8,330,,,16R255,,,,,,0,0,000000000,00000000000,0,0,0,1,0,0,0,0,0,0,0,90,0,2,5,0,6,2,1,0,0,0,1,8,81007,6,1,0,0,3,0,74,220,0,0,0,0,0,0,0,0,0,1,36,0,0,0,1,2,45,2,1,2,1,0,0,14,12,7,3,4,2,1,1
8,80426,1,2,1,20,12,19,20,12,1,1,0,8,1,24,1,24001,4,1997,1G8ZG5284VZ2,1,G,8,Z,G,5,2,8,4,V,Z,2,0,P,STRN,SL1,4D,97,17,2264,,0,1024,,G,,F,4,116,,,14R175,,,,,,0,0,000000000,00000000000,0,0,0,1,0,0,0,0,0,0,0,65,0,0,0,6,6,2,12,0,0,0,1,8,80723,6,1,0,0,3,0,66,170,0,0,0,0,0,0,0,0,0,0,6,58,0,0,1,2,65,3,1,2,1,0,0,14,12,6,3,6,32,1,1
8,80426,2,2,1,20,12,19,20,12,1,1,0,8,1,20,403,20403,14,2007,1GNDT13SX722,1,G,N,D,T,1,3,S,X,7,2,2,0,P,CHEV,TRL,UT,7,17,4523,,0,1130,,G,,F,6,256,,,17R245,,,,,,0,0,000000000,00000000000,0,0,0,1,0,0,0,0,0,0,0,60,0,0,0,12,6,2,12,0,0,0,1,8,80733,6,1,0,0,3,3,65,200,0,0,0,0,0,0,0,0,0,0,0,0,0,0,1,2,65,2,1,2,1,0,0,14,62,8,1,1,32,0,0
8,80427,1,1,1,23,12,22,59,8,0,1,0,8,1,49,472,49472,30,1998,4TANL42N7WZ0,4,T,A,N,L,4,2,N,7,W,Z,0,0,T,TOYT,REG,PK,98,17,,1,0,1033,TAC,G,,,4,149,,,,B,2566,00,U,42,0,0,000000000,00000000000,0,0,0,1,0,0,0,0,0,0,0,35,0,0,0,1,2,1,8,0,0,0,1,8,80015,6,1,0,0,3,0,66,135,0,0,0,0,0,0,0,0,0,0,0,0,0,0,5,4,35,1,1,2,1,2,3,1,80,1,1,1,13,0,0
8,80428,1,1,1,31,12,22,4,8,0,1,1,99,9,99,999,99999,99,9999,999999999999,9,9,9,9,9,9,9,9,9,9,9,9,0,,,,,,,,,,,,,,,,,,,,,,,,,0,0,000000000,00000000000,0,0,0,1,0,0,0,0,0,0,0,35,0,0,0,12,9,1,8,0,0,0,1,99,99999,9,9,99,0,9,9,999,999,99,99,99,99,99,99,9999,99,9999,0,0,0,0,0,5,2,35,1,6,2,1,0,0,1,80,1,1,1,13,0,0
8,80429,1,1,1,2,12,19,26,1,0,1,0,8,1,20,401,20401,14,2002,1GNDT13S3223,1,G,N,D,T,1,3,S,3,2,2,3,0,P,CHEV,TRL,UT,2,17,4628,,0,1130,,G,,F,6,256,,,16R245,,,,,,0,0,000000000,00000000000,0,0,0,1,0,0,0,0,0,0,0,998,0,2,5,0,6,2,1,0,0,0,1,8,80917,1,1,0,0,2,0,66,180,0,2,0,0,0,6,2011,11,2011,1,36,0,0,0,2,3,55,2,1,1,1,28,3,14,13,3,2,4,2,1,1
8,80430,1,1,1,5,12,19,58,9,0,1,0,8,1,49,481,49481,31,1993,JT4VD20C1P00,J,T,4,V,D,2,0,C,1,P,0,0,0,T,TOYT,T15,PK,93,17,,1,0,1218,T10,G,,,6,180,,,,,3400,00,A,44,0,0,000000000,00000000000,0,0,0,1,0,0,0,0,0,0,0,35,0,0,0,12,6,2,9,0,0,0,1,8,81410,6,1,6,0,3,1,65,155,0,0,0,0,1,5,2011,5,2011,0,0,0,0,0,5,4,35,2,1,2,1,0,0,14,83,1,1,1,13,0,0
8,80431,1,1,1,24,11,15,45,14,0,1,0,8,1,37,706,37706,80,2003,JH2SC50043M1,J,H,2,S,C,5,0,0,4,3,M,1,0,M,HOND,CR9,RC,3,17,,,,,,,954,,4,,4,370,,,,,,,0,0,000000000,00000000000,0,0,0,1,0,0,0,0,0,0,0,90,0,0,0,12,6,2,14,0,0,0,1,8,80212,6,1,0,0,2,0,71,215,0,0,0,0,1,10,2010,10,2010,1,36,0,0,0,1,2,25,1,1,2,1,28,3,1,50,1,1,4,11,1,0
8,80432,1,2,1,9,6,11,50,12,6,1,0,8,1,7,20,7020,4,2003,1B3ES26C43D1,1,B,3,E,S,2,6,C,4,3,D,1,0,P,DODG,SEN,4D,3,17,2587,,0,1040,,G,,F,4,122,,,14R175,,,,,,0,0,000000000,00000000000,0,0,0,1,0,0,0,0,0,0,0,30,0,0,0,2,6,2,12,0,0,0,1,8,80005,6,1,0,0,3,0,70,220,0,0,0,1,0,1,2010,1,2010,0,6,38,0,0,1,2,30,1,5,2,1,0,0,11,15,1,1,1,68,0,0
8,80432,2,2,1,9,6,11,50,12,6,1,0,8,1,76,706,76706,80,2009,JYAVP04E49A0,J,Y,A,V,P,0,4,E,4,9,A,0,0,M,YAMA,ZTF,RS,9,17,,,,,,,1294,,4,,4,807,,,,,,,0,0,000000000,00000000000,0,0,0,1,0,0,0,0,0,0,0,30,0,0,0,12,6,2,12,0,0,0,1,8,80123,6,1,0,0,3,0,72,220,0,0,0,0,1,7,2011,7,2011,0,52,0,0,0,1,2,30,1,6,2,1,0,0,1,62,3,2,1,69,1,0
8,80433,1,1,1,17,8,13,45,10,0,1,0,8,1,12,442,12442,20,2001,2FMZA52431BA,2,F,M,Z,A,5,2,4,3,1,B,A,0,T,FORD,WSE,ES,1,17,,1,0,1207,WIN,G,,,6,232,,,,B,4250,00,E,42,0,0,000000000,00000000000,0,0,0,1,0,0,0,0,0,0,0,15,0,0,0,12,6,2,10,0,0,0,1,8,81428,6,1,0,0,3,3,61,165,0,0,0,0,0,0,0,0,0,0,6,38,0,0,1,2,20,1,1,2,1,65,3,1,90,1,1,1,15,1,0
8,80434,1,1,0,20,11,9,31,8,0,1,0,8,6,20,481,20481,31,2004,2GCEK19T5412,2,G,C,E,K,1,9,T,5,4,1,2,0,T,CHEV,SK1,4C,4,17,,2,1575,1435,SIL,G,,,8,325,,,,B,4925,00,,44,0,0,000000000,00000000000,0,0,0,1,0,0,0,0,0,0,0,8,0,0,0,9,2,3,8,0,0,0,0,0,99997,7,6,97,7,6,7,998,997,998,998,998,998,998,98,9998,98,9998,8,0,0,0,0,1,2,25,1,6,2,1,0,0,0,4,0,0,0,15,0,0
8,80435,1,1,3,21,12,1,37,1,0,1,0,6,1,49,401,49401,14,2005,JTEZU14R7500,J,T,E,Z,U,1,4,R,7,5,0,0,0,P,TOYT,RUN,UT,5,17,4070,,0,1098,,G,,F,6,244,,,17R265,,,,,,0,0,000000000,00000000000,0,0,0,1,0,0,0,0,0,0,0,998,0,2,1,0,8,8,1,0,0,0,1,6,80905,6,1,0,0,3,0,69,209,0,0,0,1,0,11,2011,11,2011,9,6,0,0,0,1,2,20,2,6,4,3,0,0,1,12,7,9,6,98,1,1
8,80436,1,1,1,25,9,13,54,9,0,1,1,8,1,49,482,49482,31,2000,5TBBT4814YS0,5,T,B,B,T,4,8,1,4,Y,S,0,0,T,TOYT,TXL,4C,0,17,,2,0,1283,TUN,G,,,8,285,,,,B,4644,00,U,44,0,0,000000000,00000000000,0,0,0,1,0,0,0,0,0,0,0,998,0,0,0,12,0,1,9,0,0,0,1,8,81212,6,1,0,0,3,0,67,135,0,0,0,1,0,2,2011,2,2011,1,6,8,91,0,1,2,30,1,1,2,1,0,0,10,83,1,1,1,13,0,0
8,80437,1,2,3,21,11,18,12,12,2,1,0,34,3,12,473,12473,30,2008,1FMEU53828UA,1,F,M,E,U,5,3,8,2,8,U,A,0,P,FORD,EPR,UT,8,17,4793,,0,1305,,G,,F,8,281,,,18R235,,,,,,0,0,000000000,00000000000,0,0,0,1,0,0,0,0,0,0,0,60,0,0,0,12,6,2,12,0,0,0,1,50,5356,6,1,0,0,3,0,66,135,0,0,0,0,0,0,0,0,0,1,28,36,91,0,1,2,45,2,1,2,1,0,0,1,10,2,1,2,50,0,1
8,80437,2,2,3,21,11,18,12,12,2,1,0,39,1,35,43,35043,4,1995,1N4AB41DXSC7,1,N,4,A,B,4,1,D,X,S,C,7,0,P,NISS,XGU,4D,95,17,2324,,0,998,,G,,F,4,097,,,13R155,,,,,,0,0,000000000,00000000000,0,0,0,1,0,0,0,0,0,0,0,998,0,0,0,12,6,2,12,0,0,0,1,39,44820,6,1,0,0,3,0,73,195,0,2,0,0,1,2,2010,4,2012,0,0,0,0,0,1,2,45,3,1,2,1,0,0,14,62,99,1,1,51,2,0
9,90001,1,1,1,17,1,11,22,31,0,1,0,9,1,12,17,12017,6,2008,1FMDK05W18GA,1,F,M,D,K,0,5,W,1,8,G,A,0,P,FORD,TRX,UT,8,17,4112,,0,1129,,G,,F,6,214,,,17R215,,,,,,0,0,000000000,00000000000,0,0,0,1,0,0,0,0,0,0,0,999,0,0,0,12,6,2,30,0,0,0,1,9,6035,6,1,0,0,3,0,69,999,98,0,0,0,0,0,0,0,0,0,0,0,0,0,1,2,40,1,4,2,2,0,0,1,12,1,9,4,7,1,0
9,90002,1,1,1,15,1,22,22,42,0,1,0,9,2,42,31,42031,4,1997,WDBGA43G7VA3,W,D,B,G,A,4,3,G,7,V,A,3,0,P,MERZ,S42,4D,97,17,4495,,0,1236,,G,,F,8,256,,,16R235,,,,,,0,0,000000000,00000000000,0,0,0,1,0,0,0,0,0,0,0,998,0,0,0,3,6,2,42,0,0,0,1,9,6516,6,1,0,0,3,0,72,999,98,0,0,0,1,4,2010,4,2010,1,0,0,0,0,1,2,25,3,1,2,1,0,0,14,6,6,4,4,7,1,1
9,90003,1,1,1,13,1,22,23,39,0,1,0,9,2,18,20,18020,4,1996,2G4WF52K0T14,2,G,4,W,F,5,2,K,0,T,1,4,0,P,BUIC,RGS,4D,96,17,3442,,0,1075,,G,,F,6,231,,,16R225,,,,,,0,0,000000000,00000000000,0,0,0,1,0,0,0,0,0,0,0,998,0,0,0,12,6,2,42,0,0,0,1,9,6457,6,1,0,0,3,0,71,999,98,1,1,1,0,1,2010,7,2010,9,0,0,0,0,1,2,25,1,1,2,1,20,3,1,14,99,1,4,14,1,0
9,90004,1,1,3,5,1,20,20,8,0,1,0,9,1,2,404,2404,14,2000,1J4GW48SXYC2,1,J,4,G,W,4,8,S,X,Y,C,2,0,T,JEEP,LRO,4W,0,17,,1,0,1059,GCK,G,,,6,244,,,,,3847,01,E,44,0,0,000000000,00000000000,0,0,0,1,0,0,0,0,0,0,0,33,0,0,0,12,4,3,8,0,0,0,1,9,6118,6,1,0,0,3,0,56,999,98,0,0,0,0,0,0,0,0,0,0,0,0,0,1,4,25,1,1,2,1,2,3,1,80,1,1,1,13,0,0
9,90005,1,1,1,27,1,0,5,35,0,1,0,9,1,7,27,7027,6,2010,3D4PG5FVXAT1,3,D,4,P,G,5,F,V,X,A,T,1,0,P,DODG,JOU,UT,10,17,4229,,0,1138,,G,,F,6,214,,,17R225,,,,,,0,0,000000000,00000000000,0,0,0,1,0,0,0,0,0,0,0,998,0,0,0,12,6,2,35,0,0,0,1,9,6120,6,1,0,0,3,0,71,999,98,0,0,0,0,0,0,0,0,1,39,0,0,0,1,2,45,1,5,2,2,20,3,1,14,99,1,4,14,1,1
9,90006,1,1,2,15,1,19,47,5,0,1,0,34,1,20,403,20403,14,2004,1GNDT13S3421,1,G,N,D,T,1,3,S,3,4,2,1,0,P,CHEV,TRL,UT,4,17,4612,,0,1130,,G,,F,6,256,,,16R245,,,,,,0,0,000000000,00000000000,0,0,0,1,0,0,0,0,0,0,0,40,0,0,0,0,0,1,5,0,0,0,1,34,7093,6,1,0,0,3,0,66,999,1,0,0,0,4,4,2009,12,2011,0,0,0,0,0,3,2,55,1,1,2,1,0,0,1,98,1,1,1,0,1,0
9,90007,1,1,1,30,1,14,58,42,0,1,0,9,1,12,4,12004,2,1987,1FABP6037HH1,1,F,A,B,P,6,0,3,7,H,H,1,0,P,FORD,THU,2D,87,17,3133,,0,1042,,G,,F,6,232,,,16R225,,,,,,0,0,000000000,00000000000,0,0,0,1,0,0,0,0,0,0,0,999,0,0,0,99,6,2,42,0,0,0,1,9,6447,6,1,0,0,3,0,70,999,98,0,0,2,1,11,2009,10,2011,1,0,0,0,0,1,2,35,4,1,2,1,0,0,14,13,1,1,4,1,1,0
9,90008,1,2,1,13,2,21,6,12,2,1,0,9,1,24,3,24003,6,2000,1G8ZN8273YZ1,1,G,8,Z,N,8,2,7,3,Y,Z,1,0,P,STRN,SW2,SW,0,17,2479,,0,1024,,G,,F,4,116,,,15R185,,,,,,0,0,000000000,00000000000,0,0,0,1,0,0,0,0,0,0,0,998,0,0,0,12,6,2,12,0,0,0,1,9,6790,6,1,0,0,3,0,71,999,98,0,0,0,0,0,0,0,0,0,28,0,0,0,1,2,45,1,1,2,1,0,0,1,10,1,1,2,50,1,1
9,90008,2,2,1,13,2,21,6,12,2,1,0,9,1,12,471,12471,30,1996,1FTCR10A8TTA,1,F,T,C,R,1,0,A,8,T,T,A,0,T,FORD,RNG,PK,96,17,,1,1140,1080,RNG,G,,,4,140,,,,B,2961,00,B,42,0,0,000000000,00000000000,0,0,0,1,0,0,0,0,0,0,0,998,0,0,0,12,6,2,12,0,0,0,1,9,6098,6,1,0,0,3,0,71,999,98,0,0,0,0,0,0,0,0,0,0,0,0,0,1,2,45,1,1,2,1,0,0,1,62,1,1,1,51,0,0
9,90009,1,2,4,14,2,1,3,12,1,1,0,9,2,35,43,35043,4,2004,3N1AB51D14L7,3,N,1,A,B,5,1,D,1,4,L,7,0,P,NISS,SSR,4D,4,17,2635,,0,998,,G,,F,4,153,,,15R195,,,,,,0,0,000000000,00000000000,0,0,0,1,0,0,0,0,0,0,0,998,0,1,5,6,6,2,1,0,0,0,1,9,6088,6,1,6,0,3,0,74,999,98,0,0,0,1,5,2010,5,2010,9,0,0,0,0,1,2,45,1,1,2,1,0,0,1,53,1,1,1,25,2,0
9,90009,2,2,1,14,2,1,3,12,1,1,1,9,1,20,481,20481,31,1993,1GCGK24F1PE1,1,G,C,G,K,2,4,F,1,P,E,1,0,T,CHEV,GK2,PK,93,17,,2,1555,1315,GM4,D,,,8,397,,,,C,4382,02,,44,0,0,000000000,00000000000,0,0,0,1,0,0,0,0,0,0,0,998,0,0,0,12,4,1,12,0,0,0,1,9,6082,6,1,0,0,3,0,76,999,98,0,0,0,1,2,2012,2,2012,9,0,0,0,0,1,2,45,1,1,2,1,0,0,1,51,3,1,1,24,0,0
9,90010,1,2,1,19,2,4,47,12,2,1,0,9,1,35,47,35047,4,2009,1N4AL21E79N4,1,N,4,A,L,2,1,E,7,9,N,4,0,P,NISS,ATS,4D,9,17,3179,,0,1093,,G,,F,4,153,,,16R215,,,,,,0,0,000000000,00000000000,0,0,0,1,0,0,0,0,0,0,0,999,0,0,0,12,6,2,12,0,0,0,1,9,6320,6,1,0,0,3,0,70,999,98,0,0,1,0,12,2011,12,2011,0,0,0,0,0,3,2,65,1,1,2,2,0,0,1,54,1,1,1,51,1,0
9,90010,2,2,1,19,2,4,47,12,2,1,0,9,2,6,52,6052,6,2002,3C8FY68B62T3,3,C,8,F,Y,6,8,B,6,2,T,3,0,P,CHRY,PTC,SV,2,17,3119,,0,1033,,G,,F,4,148,,,16R205,,,,,,0,0,000000000,00000000000,0,0,0,1,0,0,0,0,0,0,0,999,0,0,0,12,6,2,12,0,0,0,1,9,6320,6,1,0,0,3,0,70,999,98,0,0,0,0,0,0,0,0,0,51,0,0,0,3,2,65,1,1,2,1,0,0,1,54,1,1,1,50,1,1
9,90011,1,1,1,24,2,21,2,30,0,1,0,9,1,14,17,14017,6,2002,1MEHM59S12A6,1,M,E,H,M,5,9,S,1,2,A,6,0,P,MERC,SLP,SW,2,17,3573,,0,1085,,G,,F,6,182,,,16R215,,,,,,0,0,000000000,00000000000,0,0,0,1,0,0,0,0,0,0,0,999,0,0,0,99,6,2,30,0,0,0,1,9,6385,6,1,0,0,3,3,73,999,98,0,0,0,0,0,0,0,0,9,0,0,0,0,1,2,25,3,1,2,2,0,0,14,13,1,1,4,1,1,0
9,90012,1,1,2,18,2,9,28,42,0,1,0,9,1,30,40,30040,4,2009,3VWAL71K19M0,3,V,W,A,L,7,1,K,1,9,M,0,0,P,VOLK,JTD,4D,9,17,3230,,0,1015,,D,,T,4,120,,,16R205,,,,,,0,0,000000000,00000000000,0,0,0,1,0,0,0,0,0,0,0,999,0,1,5,99,6,2,1,0,0,0,1,9,6002,6,1,0,0,3,3,71,999,98,1,1,0,0,4,2010,4,2010,9,0,0,0,0,1,2,35,4,1,2,1,0,0,14,13,1,1,4,1,2,1
9,90013,1,1,1,7,3,5,45,8,0,1,0,9,1,12,3,12003,3,1989,1FABP41A2KF2,1,F,A,B,P,4,1,A,2,K,F,2,0,P,FORD,MLX,2H,89,17,2819,,0,1005,,G,,F,4,140,,,000000,,,,,,0,0,000000000,00000000000,0,0,0,1,0,0,0,0,0,0,0,998,0,0,0,12,6,2,8,0,0,0,1,9,6106,6,1,0,0,3,0,64,999,98,0,0,0,0,0,0,0,0,0,0,0,0,0,1,4,45,1,1,2,1,1,3,1,80,99,1,1,13,0,0
9,90014,1,2,1,14,3,14,59,12,6,1,0,9,1,53,706,53706,80,2007,JS1VS55A9721,J,S,1,V,S,5,5,A,9,7,2,1,0,M,SUZI,VL8,RS,7,17,,,,,,,819,,2,,4,542,,,,,,,0,0,000000000,00000000000,0,0,0,1,0,0,0,0,0,0,0,998,0,0,0,12,6,2,12,0,0,0,1,9,6705,6,1,0,0,3,0,69,999,98,0,0,0,0,0,0,0,0,0,0,0,0,0,1,2,40,1,1,2,1,0,0,1,62,1,1,1,69,1,0
9,90014,2,2,1,14,3,14,59,12,6,1,0,9,1,49,40,49040,4,1999,4T1BG22K8XU5,4,T,1,B,G,2,2,K,8,X,U,5,0,P,TOYT,UEX,4D,99,17,2998,,0,1051,,G,,F,4,132,,,14R195,,,,,,0,0,000000000,00000000000,0,0,0,1,0,0,0,0,0,0,0,998,0,0,0,3,6,2,12,0,0,0,1,9,6278,6,1,0,0,3,0,73,999,98,0,0,0,0,0,0,0,0,0,38,91,0,0,1,2,40,1,1,2,1,0,0,11,15,1,1,1,68,0,0
9,90015,1,1,2,17,3,6,22,42,0,1,0,9,2,20,22,20022,4,2007,1G1AK55F1773,1,G,1,A,K,5,5,F,1,7,7,3,0,P,CHEV,BLS,4D,7,17,3216,,0,1033,,G,,F,4,134,,,15R195,,,,,,0,0,000000000,00000000000,0,0,0,1,0,0,0,0,0,0,0,998,0,0,0,12,6,2,2,0,0,1,1,9,6614,6,1,0,0,3,0,59,999,98,1,0,0,0,4,2010,4,2010,9,0,0,0,0,2,2,55,4,1,2,1,0,0,14,12,1,9,4,6,2,1
9,90016,1,3,3,18,3,21,11,8,0,1,0,9,2,49,442,49442,20,2006,5TDBA22C66S0,5,T,D,B,A,2,2,C,6,6,S,0,0,P,TOYT,SIE,SV,6,17,4365,,0,1193,,G,,F,6,201,,,15R205,,,,,,0,0,000000000,00000000000,0,0,0,1,0,0,0,0,0,0,0,60,0,0,0,12,4,1,8,0,0,0,1,9,6903,6,1,0,0,3,0,66,999,98,0,0,0,0,0,0,0,0,0,0,0,0,0,3,3,55,4,1,2,1,0,0,14,80,1,1,1,13,0,0
9,90016,2,3,1,18,3,21,11,8,0,1,1,99,9,99,999,99999,99,9999,999999999999,9,9,9,9,9,9,9,9,9,9,9,9,0,,,,,,,,,,,,,,,,,,,,,,,,,0,0,000000000,00000000000,0,0,0,1,0,0,0,0,0,0,0,999,0,0,0,99,9,1,8,0,0,0,1,99,99999,9,9,99,9,9,9,999,999,99,99,99,99,99,99,9999,99,9999,0,0,0,0,0,3,3,55,4,2,2,1,0,0,14,80,1,1,1,98,0,0
9,90016,3,3,1,18,3,21,11,8,0,1,1,99,9,99,999,99999,99,9999,999999999999,9,9,9,9,9,9,9,9,9,9,9,9,0,,,,,,,,,,,,,,,,,,,,,,,,,0,0,000000000,00000000000,0,0,0,1,0,0,0,0,0,0,0,999,0,0,0,99,9,1,8,0,0,0,1,99,99999,9,9,99,9,9,9,999,999,99,99,99,99,99,99,9999,99,9999,0,0,0,0,0,3,3,55,4,2,2,1,0,0,14,80,99,1,1,98,0,0
9,90017,1,2,1,17,2,13,47,12,6,1,0,9,1,22,32,22032,6,2007,5Y2SL658X7Z4,5,Y,2,S,L,6,5,8,X,7,Z,4,0,P,PONT,VIB,4H,7,17,2700,,0,1024,,G,,F,4,110,,,16R205,,,,,,0,0,000000000,00000000000,0,0,0,1,0,0,0,0,0,0,0,999,0,0,0,1,6,2,12,0,0,0,1,9,6088,6,1,0,0,3,0,67,999,98,0,0,0,0,0,0,0,0,9,38,0,0,0,1,2,45,1,1,2,1,0,0,11,15,1,1,1,68,0,0
9,90017,2,2,1,17,2,13,47,12,6,1,0,9,1,37,706,37706,80,2006,1HFSC47F16A5,1,H,F,S,C,4,7,F,1,6,A,5,0,M,HOND,GL8,RS,6,17,,,,,,,1832,,6,,4,822,,,,,,,0,0,000000000,00000000000,0,0,0,1,0,0,0,0,0,0,0,999,0,0,0,12,6,2,12,0,0,0,1,9,6095,6,1,6,0,3,0,72,999,98,0,0,0,0,0,0,0,0,9,0,0,0,0,1,2,45,1,1,2,1,0,0,1,62,7,1,1,69,1,0
9,90018,1,1,1,24,4,20,43,38,0,1,0,9,2,2,404,2404,14,2005,1J4HR48N35C5,1,J,4,H,R,4,8,N,3,5,C,5,0,T,JEEP,LCF,4W,5,17,,1,0,1095,GCK,G,,,8,287,,,,,4335,00,E,44,0,0,000000000,00000000000,0,0,0,1,0,0,0,0,0,0,0,998,0,0,0,11,6,2,38,0,0,0,1,9,6473,6,1,6,0,3,0,68,999,98,0,0,0,1,8,2010,8,2010,9,0,0,0,0,1,2,25,1,1,2,1,0,0,1,12,1,1,4,6,1,0
9,90019,1,3,1,25,4,17,23,12,1,1,0,9,2,48,34,48034,6,2000,4S3BH6256Y63,4,S,3,B,H,6,2,5,6,Y,6,3,0,P,SUBA,UBR,SW,0,17,3265,,0,1043,,G,,F,4,153,,,15R195,,,,,,0,0,000000000,00000000000,0,0,0,1,0,0,0,0,0,0,0,998,0,0,0,12,6,2,12,0,0,0,1,9,6516,6,1,0,0,3,0,68,999,98,0,0,0,0,0,0,0,0,0,26,28,0,0,1,2,30,1,1,2,1,0,0,1,50,8,1,1,20,0,0
9,90019,2,3,2,25,4,17,23,12,1,1,1,99,9,99,999,99999,99,9999,999999999999,9,9,9,9,9,9,9,9,9,9,9,9,0,,,,,,,,,,,,,,,,,,,,,,,,,0,0,000000000,00000000000,0,0,0,1,0,0,0,0,0,0,0,0,0,0,0,6,4,1,12,0,0,0,1,99,99999,9,9,99,9,9,9,999,999,99,99,99,99,99,99,9999,99,9999,0,0,0,0,0,1,2,30,1,1,2,1,0,0,5,53,1,1,1,21,0,0
9,90019,3,3,1,25,4,17,23,12,1,1,0,9,1,7,442,7442,20,1992,2B4GH253XNR6,2,B,4,G,H,2,5,3,X,N,R,6,0,P,DODG,CAR,SV,92,17,3172,,0,1120,,G,,F,6,181,,,14R195,,,,,,0,0,000000000,00000000000,0,0,0,1,0,0,0,0,0,0,0,998,0,0,0,12,6,2,12,0,0,0,1,9,6460,6,1,0,0,3,3,72,999,98,0,0,0,0,0,0,0,0,0,0,0,0,0,1,2,30,1,1,2,1,0,0,1,62,3,1,1,98,1,0
9,90020,1,1,1,1,2,17,59,8,0,1,0,9,2,24,7,24007,4,2004,1G8AL52F94Z1,1,G,8,A,L,5,2,F,9,4,Z,1,0,P,STRN,SI3,4D,4,17,2830,,0,1032,,G,,F,4,134,,,16R205,,,,,,0,0,000000000,00000000000,0,0,0,1,0,0,0,0,0,0,0,998,0,0,0,12,6,2,8,0,0,0,1,9,6706,6,1,0,0,3,0,64,999,98,0,0,0,0,0,0,0,0,0,0,0,0,0,1,4,25,1,5,2,1,0,0,1,80,1,1,1,13,0,0
9,90021,1,1,1,5,2,2,57,24,0,1,0,9,2,13,12,13012,4,2003,1LNHM87A23Y6,1,L,N,H,M,8,7,A,2,3,Y,6,0,P,LINC,LLS,4D,3,17,4156,,0,1145,,G,,F,8,240,,,16R225,,,,,,0,0,000000000,00000000000,0,0,0,1,0,0,0,0,0,0,0,998,0,0,0,10,6,2,42,0,0,0,1,9,6226,0,0,0,0,0,0,999,999,98,0,0,0,0,0,0,0,0,0,0,0,0,0,1,2,35,2,5,2,1,40,3,14,13,99,3,4,2,1,1
9,90022,1,2,2,20,2,23,2,12,2,1,0,9,2,51,45,51045,4,2001,YV1TS90D5112,Y,V,1,T,S,9,0,D,5,1,1,2,0,P,VOLV,S8E,4D,1,17,3715,,0,1099,,G,,T,6,170,,,16R225,,,,,,0,0,000000000,00000000000,0,0,0,1,0,0,0,0,0,0,0,998,0,0,0,12,6,2,12,0,0,1,1,9,6704,6,1,0,0,3,0,61,999,98,0,0,0,2,6,2009,7,2011,0,51,0,0,0,3,2,55,3,1,2,1,0,0,14,54,1,1,1,50,1,1
9,90022,2,2,1,20,2,23,2,12,2,1,0,9,3,49,402,49402,14,2009,JTMZF33V9950,J,T,M,Z,F,3,3,V,9,9,5,0,0,P,TOYT,RG4,UT,9,17,3300,,0,1047,,G,,F,4,153,,,16R215,,,,,,0,0,000000000,00000000000,0,0,0,1,0,0,0,0,0,0,0,998,0,0,0,12,6,2,12,0,0,0,1,9,6751,6,1,0,0,3,3,68,999,98,0,0,0,0,0,0,0,0,0,0,0,0,0,3,2,55,2,1,2,1,0,0,14,54,99,1,1,51,0,0
9,90023,1,1,1,12,2,18,10,42,0,1,0,9,2,2,404,2404,14,2006,1J4HR58N56C3,1,J,4,H,R,5,8,N,5,6,C,3,0,T,JEEP,LMT,4W,6,17,,1,0,1095,GCK,G,,,8,287,,,,,4571,00,E,44,0,0,000000000,00000000000,0,0,0,1,0,0,0,0,0,0,0,998,0,1,5,99,6,2,42,0,0,0,1,9,6063,6,1,0,0,3,0,65,999,98,0,0,0,0,0,0,0,0,1,0,0,0,0,1,2,25,3,9,2,1,0,0,14,6,1,3,4,7,1,0