STATE,ST_CASE,VEH_NO,VE_FORMS,NUMOCCS,DAY,MONTH,HOUR,MINUTE,HARM_EV,MAN_COLL,UNITTYPE,HIT_RUN,REG_STAT,OWNER,MAKE,MODEL,MAK_MOD,BODY_TYP,MOD_YEAR,VIN,VIN_1,VIN_2,VIN_3,VIN_4,VIN_5,VIN_6,VIN_7,VIN_8,VIN_9,VIN_10,VIN_11,VIN_12,TOW_VEH,VINTYPE,VINMAKE,VINA_MOD,VIN_BT,VINMODYR,VIN_LNGT,VIN_WGT,WGTCD_TR,WHLBS_LG,WHLBS_SH,SER_TR,FUELCODE,MCYCL_DS,CARBUR,CYLINDER,DISPLACE,MCYCL_CY,MCYCL_WT,TIRE_SZE,TON_RAT,TRK_WT,TRKWTVAR,VIN_REST,WHLDRWHL,J_KNIFE,MCARR_I1,MCARR_I2,MCARR_ID,GVWR,V_CONFIG,CARGO_BT,HAZ_INV,HAZ_PLAC,HAZ_ID,HAZ_CNO,HAZ_REL,BUS_USE,SPEC_USE,EMER_USE,TRAV_SP,UNDERIDE,ROLLOVER,ROLINLOC,IMPACT1,DEFORMED,TOWED,M_HARM,VEH_SC1,VEH_SC2,FIRE_EXP,DR_PRES,L_STATE,DR_ZIP,L_STATUS,L_TYPE,CDL_STAT,L_ENDORS,L_COMPL,L_RESTRI,DR_HGT,DR_WGT,PREV_ACC,PREV_SUS,PREV_DWI,PREV_SPD,PREV_OTH,FIRST_MO,FIRST_YR,LAST_MO,LAST_YR,SPEEDREL,DR_SF1,DR_SF2,DR_SF3,DR_SF4,VTRAFWAY,VNUM_LAN,VSPD_LIM,VALIGN,VPROFILE,VPAVETYP,VSURCOND,VTRAFCON,VTCONT_F,P_CRASH1,P_CRASH2,P_CRASH3,PCRASH4,PCRASH5,ACC_TYPE,DEATHS,DR_DRINK
9,90056,1,1,1,8,7,13,24,1,0,1,0,9,1,72,706,72706,80,2007,1HD1JB51X7Y0,1,H,D,1,J,B,5,1,X,7,Y,0,0,M,HD,XTD,RS,7,17,,,,,,,1584,,2,,4,663,,,,,,,0,0,000000000,00000000000,0,0,0,1,0,0,0,0,0,0,0,998,0,0,0,0,6,2,1,0,0,0,1,9,6812,6,1,0,0,3,0,67,999,98,0,0,0,0,0,0,0,0,0,0,0,0,0,1,2,35,1,1,2,1,0,0,1,10,9,2,2,98,1,0
9,90057,1,1,1,9,7,12,32,8,0,1,0,9,3,49,402,49402,14,2008,JTMBD33VX860,J,T,M,B,D,3,3,V,X,8,6,0,0,P,TOYT,RG4,UT,8,17,3444,,0,1047,,G,,F,4,144,,,16R215,,,,,,0,0,000000000,00000000000,0,0,0,1,0,0,0,0,0,0,0,998,0,0,0,12,6,2,8,0,0,0,1,9,6032,6,1,0,0,3,0,65,999,98,0,0,0,0,0,0,0,0,0,0,0,0,0,1,4,40,1,5,2,1,1,3,1,80,3,1,1,13,0,0
9,90058,1,3,1,15,7,3,40,12,1,1,0,42,2,53,706,53706,80,2006,JS1GW71A9621,J,S,1,G,W,7,1,A,9,6,2,1,0,M,SUZI,GXR,RC,6,17,,,,,,,1298,,4,,4,478,,,,,,,0,0,000000000,00000000000,0,0,0,1,0,0,0,0,0,0,0,998,0,0,0,6,6,2,12,0,0,0,1,34,8865,6,1,0,0,3,3,66,999,0,0,0,0,3,7,2010,11,2011,0,0,0,0,0,3,3,55,1,3,2,1,0,0,1,53,1,1,1,25,1,0
9,90058,2,3,1,15,7,3,40,12,1,1,0,9,1,12,17,12017,4,2003,1FAFP53223A1,1,F,A,F,P,5,3,2,2,3,A,1,0,P,FORD,TSE,4D,3,17,3336,,0,1085,,F,,F,6,182,,,16R215,,,,,,0,0,000000000,00000000000,0,0,0,1,0,0,0,0,0,0,0,999,0,0,0,12,6,2,12,0,0,0,1,9,6855,6,1,0,0,3,0,76,999,98,0,0,0,0,0,0,0,0,0,26,0,0,0,3,3,55,1,3,2,1,0,0,1,51,1,1,1,24,0,0
9,90058,3,3,3,15,7,3,40,12,1,1,0,37,1,51,47,51047,4,2001,YV1RS58DX120,Y,V,1,R,S,5,8,D,X,1,2,0,0,P,VOLV,S6T,4D,1,17,3389,,0,1069,,G,,T,5,149,,,16R205,,,,,,0,0,000000000,00000000000,0,0,0,1,0,0,0,0,0,0,0,998,0,0,0,12,4,1,12,0,0,0,1,37,28104,6,1,0,0,3,0,65,999,0,0,0,0,1,12,2011,12,2011,0,0,0,0,0,3,3,55,1,3,2,1,0,0,1,60,99,1,1,98,0,0
9,90059,1,2,1,17,7,15,12,12,6,1,0,9,1,73,705,73705,80,2008,JKAZX4P108A0,J,K,A,Z,X,4,P,1,0,8,A,0,0,M,KAWK,ZXP,RC,8,17,,,,,,,599,,4,,4,368,,,,,,,0,0,000000000,00000000000,0,0,0,1,0,0,0,0,0,0,0,998,0,0,0,12,6,2,12,0,0,0,1,9,6516,6,1,0,0,3,0,69,999,98,0,0,0,0,0,0,0,0,1,0,0,0,0,2,2,30,1,1,2,1,0,0,1,67,1,1,1,83,1,0
9,90059,2,2,3,17,7,15,12,12,6,1,0,9,1,12,32,12032,4,2011,3FADP4CJ7BM1,3,F,A,D,P,4,C,J,7,B,M,1,0,P,FORD,FLS,4D,11,17,2537,,0,980,,G,,F,4,098,,,16R195,,,,,,0,0,000000000,00000000000,0,0,0,1,0,0,0,0,0,0,0,998,0,0,0,10,6,2,12,0,0,0,1,9,6516,6,1,0,0,3,0,62,999,98,0,0,0,0,0,0,0,0,0,0,0,0,0,1,2,30,1,1,2,1,20,3,11,15,1,1,1,82,0,0
9,90060,1,2,1,8,7,19,12,12,6,1,0,9,1,37,402,37402,14,2000,JHLRD1864YC0,J,H,L,R,D,1,8,6,4,Y,C,0,0,P,HOND,CRV,UT,0,17,3245,,0,1032,,G,,F,4,120,,,15R205,,,,,,0,0,000000000,00000000000,0,0,0,1,0,0,0,0,0,0,0,998,0,0,0,1,6,2,12,0,0,0,1,9,6468,6,1,0,0,3,0,68,999,98,0,0,0,0,0,0,0,0,0,38,0,0,0,1,2,45,1,5,2,1,0,0,11,15,1,1,1,68,0,0
9,90060,2,2,1,8,7,19,12,12,6,1,0,9,1,73,705,73705,80,2003,JKBZXJB103A0,J,K,B,Z,X,J,B,1,0,3,A,0,0,M,KAWK,Z3B,RC,3,17,,,,,,,636,,4,,4,377,,,,,,,0,0,000000000,00000000000,0,0,0,1,0,0,0,0,0,0,0,998,0,0,0,12,6,2,12,0,0,0,1,9,6468,6,1,0,0,3,0,72,999,98,2,0,0,0,2,2011,2,2011,0,0,0,0,0,1,2,45,1,5,2,1,0,0,1,62,3,1,1,69,1,0
9,90061,1,2,1,22,7,11,14,12,6,1,0,9,1,12,481,12481,31,2004,1FTNX21L84EB,1,F,T,N,X,2,1,L,8,4,E,B,0,T,FORD,F2S,4C,4,17,,2,1580,1418,SRW,G,,,8,330,,,,C,5949,00,U,44,0,0,000000000,00000000000,0,0,0,1,0,0,0,0,0,0,0,998,0,0,0,9,6,2,12,0,0,0,1,9,6437,6,1,6,0,3,0,68,999,98,0,0,0,0,0,0,0,0,0,38,0,0,0,1,2,25,1,1,2,1,20,3,11,15,1,1,1,82,0,0
9,90061,2,2,2,22,7,11,14,12,6,1,0,9,1,72,706,72706,80,2006,1HD1GV1146K3,1,H,D,1,G,V,1,1,4,6,K,3,0,M,HD,DCI,RS,6,17,,,,,,,1450,,2,,4,641,,,,,,,0,0,000000000,00000000000,0,0,0,1,0,0,0,0,0,0,0,998,0,0,0,12,6,2,12,0,0,0,1,9,6498,6,1,6,0,3,3,72,999,98,0,0,0,0,0,0,0,0,0,0,0,0,0,1,2,40,1,1,2,1,0,0,1,67,3,1,1,83,1,0
9,90062,1,1,2,28,7,3,58,8,0,1,0,9,1,20,431,20431,16,1986,1G8GK26M5GF1,1,G,8,G,K,2,6,M,5,G,F,1,1,P,CHEV,K20,UT,86,17,4871,,0,1295,,G,,4,8,350,,,000000,,,,,,1,0,000000000,00000000000,1,0,0,1,0,0,0,0,0,0,0,998,0,0,0,12,0,3,8,0,0,0,1,9,6472,6,1,6,0,3,0,68,999,98,0,0,0,0,0,0,0,0,0,0,0,0,0,1,2,45,4,2,2,2,0,0,14,80,7,1,1,13,0,0
9,90063,1,1,1,28,7,16,51,42,0,1,0,9,1,13,1,13001,4,1993,1LNLM81W5PY7,1,L,N,L,M,8,1,W,5,P,Y,7,0,P,LINC,EXC,4D,93,17,4024,,0,1174,,G,,F,8,281,,,15R215,,,,,,0,0,000000000,00000000000,0,0,0,1,0,0,0,0,0,0,0,998,0,0,0,99,6,2,42,0,0,0,1,9,6484,6,1,0,0,3,0,69,999,98,0,0,0,0,0,0,0,0,9,0,0,0,0,3,2,55,2,5,2,2,0,0,14,12,99,9,4,6,1,1
9,90064,1,1,2,29,7,17,10,1,0,1,0,9,1,72,706,72706,80,2011,1HD1JP528BB0,1,H,D,1,J,P,5,2,8,B,B,0,0,M,HD,BLK,RS,11,17,,,,,,,1584,,2,,4,639,,,,,,,0,0,000000000,00000000000,0,0,0,1,0,0,0,0,0,0,0,998,0,0,0,0,6,2,1,0,0,0,1,9,6477,6,1,0,0,3,0,69,999,98,0,0,0,0,0,0,0,0,9,84,0,0,0,2,2,30,1,1,2,1,0,0,1,67,8,9,1,98,1,0
9,90065,1,1,3,30,7,0,8,1,0,1,0,9,2,12,401,12401,14,2002,1FMZU72E62UB,1,F,M,Z,U,7,2,E,6,2,U,B,0,P,FORD,EPR,UT,2,17,4334,,0,1137,,G,,F,6,245,,,16R235,,,,,,0,0,000000000,00000000000,0,0,0,1,0,0,0,0,0,0,0,998,0,1,5,0,6,2,1,0,0,0,1,9,6790,1,1,0,0,2,0,75,999,98,1,0,0,0,6,2011,6,2011,9,0,0,0,0,3,3,65,1,5,2,1,0,0,1,13,99,1,4,1,1,1
9,90066,1,1,1,28,7,9,44,21,0,1,0,9,1,49,472,49472,30,2003,5TEWN72N23Z3,5,T,E,W,N,7,2,N,2,3,Z,3,0,T,TOYT,XTR,PC,3,17,,1,0,1219,TAC,G,,,6,206,,,,B,3502,00,U,44,0,0,000000000,00000000000,0,0,0,1,0,0,0,0,0,0,0,998,0,0,0,12,6,2,21,0,0,0,1,9,6067,6,1,0,0,3,0,67,999,98,0,0,0,0,0,0,0,0,0,0,0,0,0,1,2,35,1,1,2,1,0,0,1,13,1,1,4,1,1,0
9,90067,1,1,3,1,1,2,12,1,0,1,0,9,2,12,401,12401,14,2004,1FMZU72KX4ZA,1,F,M,Z,U,7,2,K,X,4,Z,A,0,P,FORD,EPR,UT,4,17,4469,,0,1137,,F,,F,6,245,,,16R235,,,,,,0,0,000000000,00000000000,0,0,0,1,0,0,0,0,0,0,0,999,0,2,1,0,6,2,42,0,0,0,1,9,6374,6,1,0,0,3,0,69,999,98,0,0,0,0,0,0,0,0,1,58,0,0,0,1,2,25,1,1,2,1,0,0,1,3,7,3,1,98,1,1
9,90068,1,2,2,23,1,12,9,12,6,1,0,9,2,49,404,49404,14,2007,JTEBU11F0700,J,T,E,B,U,1,1,F,0,7,0,0,0,P,TOYT,FJC,UT,7,17,4290,,0,1063,,G,,F,6,244,,,17R265,,,,,,0,0,000000000,00000000000,0,0,0,1,0,0,0,0,0,0,0,998,0,0,0,2,6,2,12,0,0,0,1,9,6354,6,1,0,0,3,0,71,999,98,0,0,0,0,0,0,0,0,1,28,0,0,0,1,2,25,3,1,2,2,0,0,14,6,9,4,2,64,1,0
9,90068,2,2,1,23,1,12,9,12,6,1,0,9,2,84,981,84981,50,2007,4DRBUAAM06B3,4,D,R,B,U,A,A,M,0,6,B,3,0,T,INTL,RXT,,7,17,,,0,0,XTS,D,,,6,466,,,,,00000,00,,,0,77,777777777,77777777777,2,21,22,1,0,0,0,0,1,0,0,998,0,0,0,12,6,2,12,0,0,0,1,9,6354,6,1,6,1,3,3,65,999,98,0,0,0,0,0,0,0,0,0,0,0,0,0,1,2,25,2,1,2,2,0,0,14,62,99,1,1,65,0,0
9,90069,1,1,2,7,2,1,4,33,0,1,0,9,2,30,40,30040,4,2005,3VWSA69MX5M0,3,V,W,S,A,6,9,M,X,5,M,0,0,P,VOLK,JGS,4D,5,17,2833,,0,989,,G,,F,4,121,,,15R195,,,,,,0,0,000000000,00000000000,0,0,0,1,0,0,0,0,0,0,0,999,0,0,0,14,6,2,42,0,0,0,1,9,6052,6,1,0,0,3,0,67,999,98,0,0,0,0,0,0,0,0,1,0,0,0,0,1,2,25,4,2,2,1,0,0,14,13,1,3,4,2,1,1
9,90070,1,1,2,23,2,7,36,33,0,1,0,9,2,12,16,12016,4,2006,2FAFP73W06X1,2,F,A,F,P,7,3,W,0,6,X,1,0,P,FORD,CVI,4D,6,17,3942,,0,1147,,G,,F,8,281,,,16R225,,,,,,0,0,000000000,00000000000,0,0,0,1,0,0,0,0,0,0,0,998,0,0,0,14,6,2,30,0,0,0,1,9,6902,6,1,0,0,3,1,64,999,98,0,0,0,0,0,0,0,0,1,99,99,99,99,1,2,25,1,1,2,1,0,0,8,9,1,1,4,1,1,0
9,90071,1,2,1,15,2,15,19,12,2,1,0,9,1,19,3,19003,4,1994,1G6KD52B8RU2,1,G,6,K,D,5,2,B,8,R,U,2,0,P,CADI,DFW,4D,94,17,3666,,0,1138,,G,,F,8,300,,,15R215,,,,,,0,0,000000000,00000000000,0,0,0,1,0,0,0,0,0,0,0,998,0,0,0,12,6,2,12,0,0,0,1,9,6606,6,1,0,0,3,0,67,999,98,0,0,0,0,0,0,0,0,0,28,0,0,0,1,2,35,1,1,2,1,0,0,1,10,1,1,2,50,1,0
9,90071,2,2,2,15,2,15,19,12,2,1,0,36,3,12,37,12037,4,2011,1FAHP3HNXBW1,1,F,A,H,P,3,H,N,X,B,W,1,0,P,FORD,FCL,4D,11,17,2642,,0,1029,,G,,F,4,122,,,16R205,,,,,,0,0,000000000,00000000000,0,0,0,1,0,0,0,0,0,0,0,998,0,0,0,12,6,2,12,0,0,0,1,25,1033,6,1,0,0,3,3,72,999,0,0,0,0,0,0,0,0,0,0,0,0,0,0,1,2,35,1,1,2,1,0,0,1,62,1,1,1,51,0,0
9,90072,1,1,4,1,1,3,23,24,0,1,0,9,2,35,47,35047,4,2005,1N4BL11E75C2,1,N,4,B,L,1,1,E,7,5,C,2,0,P,NISS,ASR,4D,5,17,3101,,0,1102,,G,,F,6,214,,,17R215,,,,,,0,0,000000000,00000000000,0,0,0,1,0,0,0,0,0,0,0,999,0,1,5,99,6,2,1,0,0,0,1,9,6606,1,1,0,0,2,0,72,999,98,2,0,2,0,10,2009,4,2010,1,36,0,0,0,3,3,55,1,1,2,1,0,0,1,13,9,9,4,1,2,1
9,90073,1,1,3,28,3,20,5,8,0,1,0,25,1,2,405,2405,14,2011,1J4PN2GK3BW5,1,J,4,P,N,2,G,K,3,B,W,5,0,T,JEEP,SPR,4W,11,17,,1,0,1061,LIB,G,,,6,225,,,,,4269,00,R,44,0,0,000000000,00000000000,0,0,0,1,0,0,0,0,0,0,0,998,0,0,0,12,4,3,8,0,0,0,1,25,1104,6,1,0,0,3,0,71,999,0,0,0,0,0,0,0,0,0,0,0,0,0,0,1,4,35,2,1,2,1,0,0,14,80,99,1,1,13,0,0
9,90074,1,2,1,6,4,19,2,24,0,1,0,9,1,12,481,12481,31,2002,1FTRX17W42NA,1,F,T,R,X,1,7,W,4,2,N,A,0,T,FORD,F15,4C,2,17,,2,1571,1385,COF,G,,,8,281,,,,B,4224,06,U,42,0,0,000000000,00000000000,0,0,0,1,0,0,0,0,0,0,0,998,0,0,0,12,6,2,12,0,0,0,1,9,6470,6,1,0,0,3,0,73,999,98,0,0,0,0,0,0,0,0,0,0,0,0,0,3,2,55,1,6,2,1,0,0,1,62,99,1,1,98,1,0
9,90074,2,2,2,6,4,19,2,24,0,1,0,9,2,59,401,59401,14,1999,JT6HF10U6X00,J,T,6,H,F,1,0,U,6,X,0,0,0,P,LEXS,RX3,UT,99,17,3900,,0,1031,,G,,F,6,183,,,16R225,,,,,,0,0,000000000,00000000000,0,0,0,1,0,0,0,0,0,0,0,998,0,1,1,6,6,2,12,0,0,0,1,9,6840,6,1,0,0,3,3,62,999,98,0,0,0,0,0,0,0,0,9,28,0,0,0,3,2,55,1,5,2,1,0,0,1,9,99,4,4,7,0,0
9,90075,1,1,1,7,4,20,13,8,0,1,0,9,1,2,404,2404,14,2000,1J4GW58N5YC2,1,J,4,G,W,5,8,N,5,Y,C,2,0,T,JEEP,LMT,4W,0,17,,1,0,1059,GCK,G,,,8,287,,,,,3917,01,E,44,0,0,000000000,00000000000,0,0,0,1,0,0,0,0,0,0,0,998,0,0,0,12,4,1,8,0,0,0,1,9,6053,6,1,0,0,3,0,75,999,98,0,0,0,0,0,0,0,0,0,0,0,0,0,1,2,25,1,1,2,1,0,0,1,80,7,1,1,13,0,0
9,90076,1,2,1,16,4,14,26,12,6,1,0,9,1,18,7,18007,4,2003,2G4WS52J8311,2,G,4,W,S,5,2,J,8,3,1,1,0,P,BUIC,CCU,4D,3,17,3368,,0,1090,,G,,F,6,191,,,15R205,,,,,,0,0,000000000,00000000000,0,0,0,1,0,0,0,0,0,0,0,998,0,0,0,12,2,1,12,0,0,0,1,9,6519,6,1,0,0,3,3,72,999,98,0,0,0,0,0,0,0,0,0,31,38,0,0,1,2,25,1,1,2,1,0,0,11,15,1,1,1,82,0,0
9,90076,2,2,1,16,4,14,26,12,6,1,0,92,0,98,709,98709,88,2008,1FGTCKPM4810,1,F,G,T,C,K,P,M,4,8,1,0,0,U,,,,8,17,,,,,,,,,,,,,,,,,,,0,0,000000000,00000000000,0,0,0,1,0,0,0,0,0,0,0,998,0,0,0,81,6,2,12,0,0,0,1,9,6519,0,0,0,0,0,0,74,999,98,0,0,0,0,0,0,0,0,0,0,0,0,0,1,2,25,1,1,2,1,0,0,1,72,99,1,1,83,1,0
9,90077,1,2,1,26,4,16,36,12,2,1,0,9,2,37,31,37031,2,1998,1HGEJ6127WL0,1,H,G,E,J,6,1,2,7,W,L,0,0,P,HOND,UCD,CP,98,17,2208,,0,1032,,G,,F,4,097,,,14R185,,,,,,0,0,000000000,00000000000,0,0,0,1,0,0,0,0,0,0,0,998,0,0,0,12,6,2,12,0,0,0,1,9,6519,1,1,0,0,2,0,999,999,98,0,0,0,0,0,0,0,0,0,28,0,0,0,1,2,45,1,1,2,2,28,3,1,10,1,1,2,50,1,0
9,90077,2,2,1,26,4,16,36,12,2,1,0,9,1,54,39,54039,4,2012,JH4CU2F44CC0,J,H,4,C,U,2,F,4,4,C,C,0,0,P,ACUR,TSX,4D,12,17,3479,,0,1064,,G,,F,4,146,,,17R225,,,,,,0,0,000000000,00000000000,0,0,0,1,0,0,0,0,0,0,0,45,0,0,0,12,6,2,12,0,0,0,1,9,6515,6,1,0,0,3,0,63,999,98,0,0,0,0,0,0,0,0,0,0,0,0,0,1,2,45,1,1,2,2,0,0,1,62,6,1,1,51,0,0
9,90078,1,1,1,14,4,18,27,30,0,1,0,9,1,51,42,51042,4,1995,YV1LS5711S11,Y,V,1,L,S,5,7,1,1,S,1,1,0,P,VOLV,850,4D,95,17,3287,,0,1049,,G,,T,5,142,,,16R205,,,,,,0,0,000000000,00000000000,0,0,0,1,0,0,0,0,0,0,0,999,0,0,0,9,6,2,30,0,0,0,1,9,6026,6,1,0,0,3,0,74,999,98,0,0,0,0,0,0,0,0,9,0,0,0,0,1,2,35,1,2,2,1,0,0,1,9,3,1,4,1,1,1
9,90079,1,1,1,12,2,15,16,30,0,1,0,36,1,23,399,23399,10,2002,1GKDT13S8224,1,G,K,D,T,1,3,S,8,2,2,4,0,T,GMC,ENV,4W,2,17,,1,0,1130,ENV,G,,,6,256,,,,B,4628,00,K,44,0,0,000000000,00000000000,0,0,0,1,0,0,0,0,0,0,0,77,0,1,5,9,6,2,30,0,0,0,1,36,11757,6,1,0,0,3,0,999,999,0,0,0,0,0,0,0,0,0,1,0,0,0,0,3,3,65,1,1,2,1,0,0,1,6,7,3,4,2,1,0
9,90080,1,2,1,20,8,17,52,12,6,1,0,33,1,50,799,50799,80,2012,SMTE06BF9CJ5,S,M,T,E,0,6,B,F,9,C,J,5,0,M,TRUM,TXA,EN,12,17,,,,,,,799,,3,,4,473,,,,,,,0,0,000000000,00000000000,0,0,0,1,0,0,0,0,0,0,0,15,0,0,0,81,6,2,12,0,0,0,1,33,6339,6,1,0,0,3,0,74,230,0,0,0,0,0,0,0,0,0,0,0,0,0,0,1,2,45,1,1,2,1,3,3,1,17,1,1,1,87,1,0
9,90080,2,2,2,20,8,17,52,12,6,1,0,9,1,12,499,12499,30,2005,1FTPX14595FB,1,F,T,P,X,1,4,5,9,5,F,B,0,T,FORD,F15,4C,5,17,,2,1450,1260,COF,G,,,8,330,,,,B,5363,05,U,44,0,0,000000000,00000000000,0,0,0,1,0,0,0,0,0,0,0,40,0,0,0,12,6,2,12,0,0,0,1,9,6340,6,1,0,0,3,0,64,999,98,0,0,1,2,8,2011,8,2012,0,39,0,0,0,1,2,45,1,1,2,1,3,3,1,17,3,1,1,86,0,0
9,90081,1,2,1,27,5,4,5,8,0,1,0,9,1,20,2,20002,4,2000,2G1WF55EXY91,2,G,1,W,F,5,5,E,X,Y,9,1,0,P,CHEV,IMP,4D,0,17,3389,,0,1110,,G,,F,6,207,,,16R225,,,,,,0,0,000000000,00000000000,0,0,0,1,0,0,0,0,0,0,0,999,0,0,0,61,6,2,8,0,0,0,1,9,6606,6,1,0,0,3,1,73,999,98,0,0,0,0,0,0,0,0,0,0,0,0,0,3,3,99,1,9,2,1,0,0,1,80,1,1,1,13,0,0
9,90081,2,2,1,27,5,4,5,8,0,1,0,9,1,12,17,12017,4,2007,1FAFP56U67A1,1,F,A,F,P,5,6,U,6,7,A,1,0,P,FORD,TEL,4D,7,17,3314,,0,1085,,G,,F,6,183,,,16R215,,,,,,0,0,000000000,00000000000,0,0,0,1,0,0,0,0,0,0,0,998,0,0,0,14,6,2,8,0,0,0,1,9,6770,6,1,0,0,3,1,67,999,98,0,0,0,1,10,2009,10,2009,0,0,0,0,0,3,3,99,1,8,2,1,0,0,1,80,1,1,1,98,0,0
9,90082,1,1,1,26,5,1,54,33,0,1,0,9,2,35,39,35039,4,1995,JN1CA21D9ST6,J,N,1,C,A,2,1,D,9,S,T,6,0,P,NISS,MGS,4D,95,17,2886,,0,1063,,G,,F,6,182,,,15R215,,,,,,0,0,000000000,00000000000,0,0,0,1,0,0,0,0,0,0,0,999,0,0,0,1,6,2,21,0,0,0,1,9,6450,0,0,0,0,0,0,999,999,98,0,0,0,0,0,0,0,0,1,0,0,0,0,4,1,25,3,8,2,1,0,0,14,13,1,1,4,1,1,1
9,90083,1,1,1,19,3,11,16,53,0,1,0,9,1,35,47,35047,4,1998,1N4DL01D5WC1,1,N,4,D,L,0,1,D,5,W,C,1,0,P,NISS,AGS,4D,98,17,2766,,0,1031,,G,,F,4,146,,,15R195,,,,,,0,0,000000000,00000000000,0,0,0,1,0,0,0,0,0,0,0,25,0,0,0,12,4,3,8,0,0,0,1,9,6415,6,1,0,0,3,3,67,999,98,0,0,0,0,0,0,0,0,0,28,0,0,0,1,2,25,1,1,2,1,0,0,1,13,1,1,4,1,0,0
9,90084,1,3,2,28,4,16,15,12,8,1,0,9,1,48,38,48038,4,2008,JF1GE61608H5,J,F,1,G,E,6,1,6,0,8,H,5,0,P,SUBA,I25,4D,8,17,3064,,0,1031,,G,,F,4,150,,,16R205,,,,,,0,0,000000000,00000000000,0,0,0,1,0,0,0,0,0,0,0,998,0,0,0,61,6,2,12,0,0,0,1,9,6484,6,1,0,0,3,0,63,999,98,0,0,0,0,0,0,0,0,0,0,0,0,0,3,2,65,2,5,2,1,0,0,14,54,1,1,1,65,1,0
9,90084,2,3,1,28,4,16,15,12,8,1,0,25,1,37,32,37032,4,2006,1HGCM56336A0,1,H,G,C,M,5,6,3,3,6,A,0,0,P,HOND,ASE,4D,6,17,3197,,0,1079,,G,,F,4,146,,,15R205,,,,,,0,0,000000000,00000000000,0,0,0,1,0,0,0,0,0,0,0,998,0,0,0,12,6,2,12,0,0,0,1,25,1030,6,1,0,0,3,3,71,999,0,0,0,0,0,0,0,0,0,0,0,0,0,0,3,2,65,2,5,2,1,0,0,14,54,1,1,1,98,0,0
9,90084,3,3,1,28,4,16,15,12,8,1,0,9,2,35,51,35051,6,2011,JN8AS5MV7BW2,J,N,8,A,S,5,M,V,7,B,W,2,0,P,NISS,ROG,UT,11,17,3435,,0,1059,,G,,F,4,153,,,16R215,,,,,,0,0,000000000,00000000000,0,0,0,1,0,0,0,0,0,0,0,998,0,0,0,11,6,2,12,0,0,0,1,9,6226,6,1,0,0,3,0,66,999,98,0,0,0,1,1,2011,1,2011,0,51,0,0,0,3,2,65,3,6,2,1,0,0,14,54,1,1,1,64,0,0
9,90085,1,1,1,9,5,3,39,23,0,1,0,34,3,84,881,84881,66,2007,2HSCDAHN17C4,2,H,S,C,D,A,H,N,1,7,C,4,1,T,INTL,92I,TR,7,17,,7,0,0,920,D,,,6,661,,,,,00000,00,,42,1,57,1214884,571214884,3,6,1,1,0,0,0,0,0,0,0,999,0,0,0,1,6,2,58,0,0,1,1,34,7104,6,1,6,0,3,0,68,999,0,1,0,0,3,8,2009,9,2010,0,0,0,0,0,3,2,40,4,1,2,2,0,0,14,13,1,1,4,1,1,0
9,90086,1,2,2,13,5,3,58,12,6,1,0,9,2,12,481,12481,31,1995,1FTEX15Y4SKB,1,F,T,E,X,1,5,Y,4,S,K,B,0,T,FORD,F15,PC,95,17,,2,1550,1390,COF,G,,,6,300,,,,B,00000,00,M,42,0,0,000000000,00000000000,0,0,0,1,0,0,0,0,0,0,0,999,0,0,0,12,6,2,12,0,0,0,1,9,6441,6,1,0,0,3,0,72,999,98,2,0,0,2,2,2010,6,2011,0,0,0,0,0,1,2,45,2,5,2,1,0,0,14,62,9,1,1,65,0,0
9,90086,2,2,1,13,5,3,58,12,6,1,0,9,1,24,5,24005,4,2005,1G8AJ52F25Z1,1,G,8,A,J,5,2,F,2,5,Z,1,0,P,STRN,SI2,4D,5,17,2802,,0,1032,,G,,F,4,134,,,15R195,,,,,,0,0,000000000,00000000000,0,0,0,1,0,0,0,0,0,0,0,999,0,0,0,3,6,2,12,0,0,0,1,9,6413,6,1,0,0,3,0,74,999,98,0,0,0,0,0,0,0,0,9,28,0,0,0,1,2,45,2,5,2,1,0,0,14,10,6,4,2,64,1,1
9,90087,1,1,1,3,6,16,25,24,0,1,0,12,1,72,706,72706,80,2002,1HD1FRW152Y6,1,H,D,1,F,R,W,1,5,2,Y,6,0,M,HD,FCI,RS,2,17,,,,,,,1450,,2,,4,710,,,,,,,0,0,000000000,00000000000,0,0,0,1,0,0,0,0,0,0,0,998,0,0,0,1,6,2,42,0,0,0,1,9,6779,6,1,6,0,3,0,67,999,98,0,0,0,0,0,0,0,0,9,0,0,0,0,1,2,45,2,1,2,1,0,0,14,13,1,1,4,1,1,1
9,90088,1,1,1,7,6,23,37,43,0,1,0,9,2,72,706,72706,80,1986,1HD1BKL12GY0,1,H,D,1,B,K,L,1,2,G,Y,0,0,M,HD,XTC,RS,86,17,,,,,,,1340,,2,,4,618,,,,,,,0,0,000000000,00000000000,0,0,0,1,0,0,0,0,0,0,0,998,0,0,0,99,6,2,30,0,0,0,1,9,6779,6,1,0,0,3,3,67,999,98,0,0,0,0,0,0,0,0,9,0,0,0,0,1,2,25,3,5,2,1,0,0,14,13,1,1,4,1,1,1
9,90089,1,2,3,12,6,22,59,12,1,1,0,25,0,7,442,7442,20,2007,2D4GP44L67R3,2,D,4,G,P,4,4,L,6,7,R,3,0,T,DODG,GSX,ES,7,17,,1,0,1193,CAR,G,,,6,232,,,,,4252,00,E,42,0,0,000000000,00000000000,0,0,0,1,0,0,0,0,0,0,0,998,0,0,0,12,6,2,12,0,0,1,1,25,1542,6,1,0,0,3,0,999,999,99,99,99,99,99,99,9999,99,9999,0,0,0,0,0,3,3,55,1,1,2,2,0,0,1,50,1,1,1,20,0,0