STATE,ST_CASE,VEH_NO,VE_FORMS,NUMOCCS,DAY,MONTH,HOUR,MINUTE,HARM_EV,MAN_COLL,UNITTYPE,HIT_RUN,REG_STAT,OWNER,MAKE,MODEL,MAK_MOD,BODY_TYP,MOD_YEAR,VIN,VIN_1,VIN_2,VIN_3,VIN_4,VIN_5,VIN_6,VIN_7,VIN_8,VIN_9,VIN_10,VIN_11,VIN_12,TOW_VEH,VINTYPE,VINMAKE,VINA_MOD,VIN_BT,VINMODYR,VIN_LNGT,VIN_WGT,WGTCD_TR,WHLBS_LG,WHLBS_SH,SER_TR,FUELCODE,MCYCL_DS,CARBUR,CYLINDER,DISPLACE,MCYCL_CY,MCYCL_WT,TIRE_SZE,TON_RAT,TRK_WT,TRKWTVAR,VIN_REST,WHLDRWHL,J_KNIFE,MCARR_I1,MCARR_I2,MCARR_ID,GVWR,V_CONFIG,CARGO_BT,HAZ_INV,HAZ_PLAC,HAZ_ID,HAZ_CNO,HAZ_REL,BUS_USE,SPEC_USE,EMER_USE,TRAV_SP,UNDERIDE,ROLLOVER,ROLINLOC,IMPACT1,DEFORMED,TOWED,M_HARM,VEH_SC1,VEH_SC2,FIRE_EXP,DR_PRES,L_STATE,DR_ZIP,L_STATUS,L_TYPE,CDL_STAT,L_ENDORS,L_COMPL,L_RESTRI,DR_HGT,DR_WGT,PREV_ACC,PREV_SUS,PREV_DWI,PREV_SPD,PREV_OTH,FIRST_MO,FIRST_YR,LAST_MO,LAST_YR,SPEEDREL,DR_SF1,DR_SF2,DR_SF3,DR_SF4,VTRAFWAY,VNUM_LAN,VSPD_LIM,VALIGN,VPROFILE,VPAVETYP,VSURCOND,VTRAFCON,VTCONT_F,P_CRASH1,P_CRASH2,P_CRASH3,PCRASH4,PCRASH5,ACC_TYPE,DEATHS,DR_DRINK
9,90119,1,1,1,15,10,4,46,30,0,1,0,9,2,63,401,63401,14,2002,KNDJA7237251,K,N,D,J,A,7,2,3,7,2,5,1,0,P,KIA,SPO,UT,2,17,3352,,0,1043,,G,,F,4,122,,,15R205,,,,,,0,0,000000000,00000000000,0,0,0,1,0,0,0,0,0,0,0,999,0,1,5,98,6,2,1,0,0,1,1,9,6066,6,1,0,0,1,0,60,999,98,0,0,0,0,0,0,0,0,9,99,99,99,99,1,2,35,1,1,2,1,0,0,1,13,99,9,4,5,1,1
9,90120,1,1,2,9,10,18,39,8,0,1,0,9,1,37,31,37031,4,1997,2HGEJ6675VH5,2,H,G,E,J,6,6,7,5,V,H,5,0,P,HOND,UCL,4D,97,17,2426,,0,1032,,G,,F,4,097,,,14R185,,,,,,0,0,000000000,00000000000,0,0,0,1,0,0,0,0,0,0,0,999,0,0,0,12,4,3,8,0,0,0,1,9,6109,6,1,0,0,3,0,60,999,98,0,0,0,0,0,0,0,0,0,0,0,0,0,1,2,35,1,1,2,1,0,0,1,81,99,1,1,13,0,0
9,90121,1,2,2,21,10,23,5,12,2,1,0,9,1,35,47,35047,4,2005,1N4AL11D15C3,1,N,4,A,L,1,1,D,1,5,C,3,0,P,NISS,ASL,4D,5,17,2915,,0,1102,,G,,F,4,153,,,16R215,,,,,,0,0,000000000,00000000000,0,0,0,1,0,0,0,0,0,0,0,999,0,0,0,12,6,2,12,0,0,0,1,9,6114,6,1,0,0,3,0,68,999,98,0,0,0,0,0,0,0,0,0,0,0,0,0,3,3,50,1,1,2,1,0,0,1,54,1,1,1,51,0,0
9,90121,2,2,1,21,10,23,5,12,2,1,0,33,1,49,40,49040,4,2011,4T4BF3EK5BR1,4,T,4,B,F,3,E,K,5,B,R,1,0,P,TOYT,CBA,4D,11,17,3263,,0,1093,,G,,F,4,152,,,16R215,,,,,,0,0,000000000,00000000000,0,0,0,1,0,0,0,0,0,0,0,999,0,0,0,12,6,2,12,0,0,0,1,33,3885,6,1,6,0,3,0,68,999,1,0,0,2,1,12,2009,7,2012,9,51,0,0,0,3,3,50,1,1,2,1,0,0,1,54,99,1,2,50,1,1
9,90122,1,1,1,20,4,12,0,30,0,1,0,9,2,24,2,24002,2,1993,1G8ZE1592PZ1,1,G,8,Z,E,1,5,9,2,P,Z,1,0,P,STRN,SC1,CP,93,17,0,,0,992,,G,,F,4,116,,,14R175,,,,,,0,0,000000000,00000000000,0,0,0,1,0,0,0,0,0,0,0,999,0,0,0,12,6,2,30,0,0,0,1,9,6604,6,1,0,0,3,3,71,999,98,1,0,0,0,11,2010,11,2010,0,0,0,0,0,1,2,25,3,2,2,1,0,0,14,13,1,1,4,1,1,0
9,90123,1,3,1,31,7,14,30,59,0,1,0,9,1,22,32,22032,6,2004,5Y2SM62844Z4,5,Y,2,S,M,6,2,8,4,4,Z,4,0,P,PONT,VA4,4H,4,17,2980,,0,1024,,G,,F,4,110,,,16R205,,,,,,0,0,000000000,00000000000,0,0,0,1,0,0,0,0,0,0,0,999,0,0,0,12,6,2,12,0,0,0,1,9,6492,6,1,0,0,3,1,69,999,98,0,0,0,0,0,0,0,0,9,0,0,0,0,3,1,30,1,1,2,1,20,3,1,54,1,1,4,1,1,0
9,90123,2,3,2,31,7,14,30,59,0,1,0,9,2,7,20,7020,4,2001,1B3ES46C21D2,1,B,3,E,S,4,6,C,2,1,D,2,0,P,DODG,NSS,4D,1,17,2585,,0,1050,,G,,F,4,122,,,14R185,,,,,,0,0,000000000,00000000000,0,0,0,1,0,0,0,0,0,0,0,999,0,0,0,12,6,2,12,0,0,0,1,9,6405,6,1,0,0,3,1,67,999,98,0,0,0,0,0,0,0,0,0,0,0,0,0,3,1,30,1,1,2,1,20,3,1,54,9,2,4,98,0,0
9,90123,3,3,1,31,7,14,30,59,0,1,0,9,1,19,18,19018,6,2012,3GYFNDE38CS5,3,G,Y,F,N,D,E,3,8,C,S,5,0,P,CADI,SRX,UT,12,17,4442,,0,1105,,F,,F,6,220,,,18R235,,,,,,0,0,000000000,00000000000,0,0,0,1,0,0,0,0,0,0,0,0,0,0,0,12,2,1,12,0,0,0,1,9,6473,6,1,0,0,3,1,65,999,98,0,0,0,0,0,0,0,0,0,0,0,0,0,3,1,30,1,1,2,1,20,3,5,56,1,1,1,98,0,0
9,90124,1,1,2,13,10,1,17,42,0,1,0,9,2,55,37,55037,2,2003,KMHHN65F43U0,K,M,H,H,N,6,5,F,4,3,U,0,0,P,HYUN,TGT,CP,3,17,3015,,0,996,,G,,F,6,162,,,17R215,,,,,,0,0,000000000,00000000000,0,0,0,1,0,0,0,0,0,0,0,999,0,0,0,3,6,2,42,0,0,1,1,9,6516,6,1,0,0,3,3,69,999,98,0,0,2,2,12,2009,8,2011,9,0,0,0,0,1,2,25,4,3,2,1,0,0,14,13,1,9,4,2,1,1
9,90125,1,1,2,9,2,5,49,30,0,1,0,9,2,21,23,21023,4,1998,1G3WH52K4WF3,1,G,3,W,H,5,2,K,4,W,F,3,0,P,OLDS,ITG,4D,98,17,3455,,0,1090,,G,,F,6,231,,,16R225,,,,,,0,0,000000000,00000000000,0,0,0,1,0,0,0,0,0,0,0,70,0,0,0,12,6,2,30,0,0,0,1,9,6112,6,1,0,0,3,0,67,999,98,0,0,0,0,0,0,0,0,1,91,0,0,0,1,2,30,1,2,2,1,0,0,1,6,6,9,4,6,1,1
9,90126,1,3,1,26,2,2,11,12,2,1,0,9,1,54,37,54037,2,2003,19UYA42603A0,1,9,U,Y,A,4,2,6,0,3,A,0,0,P,ACUR,32S,CP,3,17,3510,,0,1069,,G,,F,6,197,,,17R215,,,,,,0,0,000000000,00000000000,0,0,0,1,0,0,0,0,0,0,0,998,0,0,0,12,6,2,12,0,0,0,1,9,6111,6,1,0,0,3,0,65,999,98,0,0,1,0,11,2010,11,2010,1,33,0,0,0,1,2,30,4,2,2,1,0,0,6,54,99,1,2,50,1,1
9,90126,2,3,2,26,2,2,11,12,2,1,0,9,1,12,17,12017,4,2000,1FAFP5227YG2,1,F,A,F,P,5,2,2,7,Y,G,2,0,P,FORD,TAX,4D,0,17,3331,,0,1085,,F,,F,6,182,,,16R215,,,,,,0,0,000000000,00000000000,0,0,0,1,0,0,0,0,0,0,0,998,0,0,0,12,6,2,12,0,0,0,1,9,6114,6,1,0,0,3,0,66,999,98,0,0,0,1,2,2011,2,2011,0,0,0,0,0,1,2,30,4,2,2,1,0,0,14,54,6,1,1,51,0,0
9,90126,3,3,5,26,2,2,11,12,2,1,0,9,1,34,34,34034,2,1996,WBABG2327TET,W,B,A,B,G,2,3,2,7,T,E,T,0,P,BMW,8SA,CP,96,17,3197,,0,1063,,G,,F,6,170,,,15R205,,,,,,0,0,000000000,00000000000,0,0,0,1,0,0,0,0,0,0,0,998,0,0,0,11,6,2,12,0,0,0,1,9,6053,6,1,0,0,3,0,65,999,98,0,0,0,1,11,2011,11,2011,0,0,0,0,0,1,2,30,4,2,2,1,0,0,14,60,1,1,1,98,0,0
9,90127,1,1,1,15,2,0,23,8,0,1,1,99,9,99,999,99999,99,9999,999999999999,9,9,9,9,9,9,9,9,9,9,9,9,0,,,,,,,,,,,,,,,,,,,,,,,,,0,0,000000000,00000000000,0,0,0,1,0,0,0,0,0,0,0,999,0,0,0,12,9,1,8,0,0,0,1,99,99999,9,9,99,9,9,9,999,999,99,99,99,99,99,99,9999,99,9999,9,0,0,0,0,1,2,30,1,2,2,99,0,0,1,80,99,1,1,13,0,0
9,90128,1,1,2,17,3,4,39,14,0,1,0,9,2,35,39,35039,4,1995,JN1CA21D7ST0,J,N,1,C,A,2,1,D,7,S,T,0,0,P,NISS,MGS,4D,95,17,2886,,0,1063,,G,,F,6,182,,,15R215,,,,,,0,0,000000000,00000000000,0,0,0,1,0,0,0,0,0,0,0,998,0,0,0,81,6,2,14,0,0,0,1,9,6120,0,0,0,0,0,0,999,999,98,0,0,0,0,0,0,0,0,1,0,0,0,0,1,2,25,1,1,2,1,0,0,1,6,6,9,4,11,1,1
9,90129,1,1,1,23,3,8,37,24,0,1,0,9,1,7,472,7472,30,1989,1B7GL26X7KS0,1,B,7,G,L,2,6,X,7,K,S,0,0,T,DODG,DAK,PK,89,17,,1,1239,1119,DAK,G,,,6,238,,,,B,2833,01,A,42,0,0,000000000,00000000000,0,0,0,1,0,0,0,0,0,0,0,998,0,0,0,11,6,2,24,0,0,0,1,9,6333,6,1,0,0,3,3,70,999,98,0,0,0,0,0,0,0,0,0,0,0,0,0,3,2,65,1,1,2,1,0,0,1,12,1,1,4,6,1,0
9,90130,1,2,1,28,3,7,55,12,2,1,0,9,2,2,404,2404,14,2004,1J4GW48S34C3,1,J,4,G,W,4,8,S,3,4,C,3,0,T,JEEP,LCF,4W,4,17,,1,0,1059,GCK,G,,,6,244,,,,,3888,02,E,44,0,0,000000000,00000000000,0,0,0,1,0,0,0,0,0,0,0,998,0,0,0,12,6,2,12,0,0,0,1,9,6093,6,1,6,0,3,0,70,999,98,0,0,0,0,0,0,0,0,0,0,0,0,0,1,2,40,3,1,2,1,0,0,14,62,1,1,1,51,1,0
9,90130,2,2,1,28,3,7,55,12,2,1,0,25,1,12,481,12481,31,1988,1FTHF26H9JKA,1,F,T,H,F,2,6,H,9,J,K,A,0,T,FORD,F25,PK,88,17,,2,0,1330,COF,G,,,8,351,,,,C,00000,00,A,44,0,0,000000000,00000000000,0,0,0,1,0,0,0,0,0,0,0,998,0,1,1,12,6,2,12,0,0,0,1,25,1077,6,1,0,0,3,0,74,999,0,1,0,0,1,12,2009,3,2010,0,28,91,0,0,1,2,40,2,1,2,1,0,0,14,10,1,1,2,50,0,0
9,90131,1,1,1,24,3,9,32,8,0,1,0,9,2,49,401,49401,14,1998,JT3HN86R7W01,J,T,3,H,N,8,6,R,7,W,0,1,0,P,TOYT,RUN,UT,98,17,3850,,0,1053,,G,,F,6,206,,,15R225,,,,,,0,0,000000000,00000000000,0,0,0,1,0,0,0,0,0,0,0,30,0,0,0,12,6,2,8,0,0,0,1,9,6840,6,2,0,0,3,0,66,999,98,0,0,0,0,0,0,0,0,0,6,91,0,0,1,2,35,1,2,2,1,0,0,1,13,1,1,4,13,0,0
9,90132,1,2,1,11,4,13,24,12,6,1,0,9,1,59,35,59035,1,2010,JTHFF2C29A25,J,T,H,F,F,2,C,2,9,A,2,5,0,P,LEXS,I25,CV,10,17,3840,,0,1075,,G,,F,6,152,,,17R245,,,,,,0,0,000000000,00000000000,0,0,0,1,0,0,0,0,0,0,0,998,0,0,0,2,6,2,12,0,0,0,1,9,6111,6,1,0,0,3,0,68,999,98,0,0,0,0,0,0,0,0,0,0,0,0,0,1,2,30,1,1,2,1,0,0,11,15,1,1,1,68,0,0
9,90132,2,2,1,11,4,13,24,12,6,1,0,9,0,73,706,73706,80,2002,JKAZXDP182A0,J,K,A,Z,X,D,P,1,8,2,A,0,0,M,KAWK,Z7P,RC,2,17,,,,,,,750,,4,,4,448,,,,,,,0,0,000000000,00000000000,0,0,0,1,0,0,0,0,0,0,0,64,0,0,0,12,6,2,12,0,0,0,1,9,6106,0,0,0,0,0,0,999,999,98,0,0,0,0,0,0,0,0,1,0,0,0,0,1,2,30,1,1,2,1,0,0,1,62,1,1,1,69,1,0
9,90133,1,1,1,5,2,18,13,8,0,1,0,9,1,34,34,34034,4,2011,WBAPL5C54BA9,W,B,A,P,L,5,C,5,4,B,A,9,0,P,BMW,35X,4D,11,17,3825,,0,1087,,G,,T,6,183,,,17R225,,,,,,0,0,000000000,00000000000,0,0,0,1,0,0,0,0,0,0,0,35,0,0,0,12,6,2,8,0,0,0,1,9,6903,6,1,0,0,3,0,72,999,98,0,0,0,0,0,0,0,0,0,0,0,0,0,1,4,35,1,6,2,1,0,0,1,80,2,1,1,13,0,0
9,90134,1,1,1,22,3,14,28,8,0,1,0,93,3,82,881,82881,66,2007,1FUJBBCK27LX,1,F,U,J,B,B,C,K,2,7,L,X,1,T,FRHT,ST2,TR,7,17,,8,0,0,CON,D,,,6,855,,,,,00000,00,,64,1,57,0172523,570172523,3,6,1,1,0,0,0,0,0,0,0,55,0,0,0,2,4,1,8,0,0,0,1,55,53546,6,1,6,0,3,3,69,170,1,0,0,1,3,11,2010,11,2011,0,28,91,0,0,3,2,55,1,1,2,1,0,0,1,13,1,1,4,13,0,0
9,90135,1,3,1,8,7,1,10,24,0,1,0,9,2,12,13,12013,6,1997,3FALP15P2VR1,3,F,A,L,P,1,5,P,2,V,R,1,0,P,FORD,LXE,SW,97,17,2571,,0,984,,G,,F,4,122,,,14R185,,,,,,0,0,000000000,00000000000,0,0,0,1,0,0,0,0,0,0,0,998,0,0,0,11,6,2,12,0,0,0,1,9,6371,6,1,0,0,3,3,50,999,98,0,0,0,0,0,0,0,0,9,0,0,0,0,6,1,25,2,1,2,1,0,0,14,12,99,9,4,6,0,1
9,90135,2,3,2,8,7,1,10,24,0,1,0,9,1,72,706,72706,80,2004,1HD1BHY184Y0,1,H,D,1,B,H,Y,1,8,4,Y,0,0,M,HD,FXT,RS,4,17,,,,,,,1450,,2,,4,629,,,,,,,0,0,000000000,00000000000,0,0,0,1,0,0,0,0,0,0,0,998,0,0,0,81,6,2,12,0,0,0,1,9,6413,6,1,6,0,3,0,68,999,98,0,0,0,1,4,2012,4,2012,0,0,0,0,0,3,2,55,1,1,2,1,0,0,1,74,99,1,1,98,1,0
9,90135,3,3,2,8,7,1,10,24,0,1,0,47,1,72,706,72706,80,1989,1HD4CEM16KY1,1,H,D,4,C,E,M,1,6,K,Y,1,0,M,HD,X8H,RS,89,17,,,,,,,883,,2,,4,463,,,,,,,0,0,000000000,00000000000,0,0,0,1,0,0,0,0,0,0,0,998,0,0,0,12,6,2,12,0,0,0,1,9,6498,6,1,0,0,3,3,70,999,98,0,0,0,0,0,0,0,0,0,0,0,0,0,3,2,55,1,1,2,1,0,0,1,74,99,1,1,98,0,0
9,90136,1,2,1,21,7,10,17,12,7,1,0,9,1,30,40,30040,4,2002,3VWVH69M72M1,3,V,W,V,H,6,9,M,7,2,M,1,0,P,VOLK,ULI,4D,2,17,3093,,0,989,,G,,F,6,170,,,17R225,,,,,,0,0,000000000,00000000000,0,0,0,1,0,0,0,0,0,0,0,70,0,0,0,5,6,2,12,0,0,0,1,9,6385,6,1,0,0,3,3,68,999,98,0,0,1,1,12,2011,6,2012,0,28,0,0,0,1,2,65,1,1,2,1,0,0,1,11,1,1,2,44,0,0
9,90136,2,2,2,21,7,10,17,12,7,1,0,25,1,2,404,2404,14,2005,1J4GR48K95C6,1,J,4,G,R,4,8,K,9,5,C,6,0,T,JEEP,LCF,4W,5,17,,1,0,1095,GCK,G,,,6,226,,,,,4335,00,E,44,0,0,000000000,00000000000,0,0,0,1,0,0,0,0,0,0,0,70,0,0,0,11,6,2,42,0,0,0,1,25,1089,6,1,0,0,3,0,69,999,1,0,0,0,0,3,2012,3,2012,0,0,0,0,0,3,2,65,1,1,2,1,0,0,1,61,1,1,1,45,1,0
9,90137,1,1,2,26,10,1,49,1,0,1,0,9,2,20,404,20404,14,2006,2CNDL23F7661,2,C,N,D,L,2,3,F,7,6,6,1,0,P,CHEV,EQU,UT,6,17,3660,,0,1125,,G,,F,6,207,,,16R235,,,,,,0,0,000000000,00000000000,0,0,0,1,0,0,0,0,0,0,0,999,0,9,3,0,6,2,1,0,0,0,1,9,6468,6,1,0,0,2,0,65,999,98,0,0,0,0,0,0,0,0,9,0,0,0,0,3,3,55,1,1,1,1,0,0,1,19,1,9,4,7,1,1
9,90138,1,2,1,13,7,0,46,12,6,1,0,9,3,12,16,12016,4,2008,2FAFP71V88X1,2,F,A,F,P,7,1,V,8,8,X,1,0,P,FORD,CVP,4D,8,17,0,,0,1146,,F,,F,8,281,,,17R235,,,,,,0,0,000000000,00000000000,0,0,0,1,0,0,0,0,0,5,1,57,0,0,0,12,6,2,12,0,0,0,1,9,6120,6,1,6,0,3,3,68,999,98,0,0,0,0,0,0,0,0,1,16,0,0,0,1,2,30,1,1,2,1,2,3,1,17,1,1,1,86,0,0
9,90138,2,2,1,13,7,0,46,12,6,1,0,9,2,20,16,20016,4,1996,1G1JF524XT72,1,G,1,J,F,5,2,4,X,T,7,2,0,P,CHEV,CAS,4D,96,17,2736,,0,1041,,G,,F,4,133,,,15R195,,,,,,0,0,000000000,00000000000,0,0,0,1,0,0,0,0,0,0,0,37,0,0,0,3,6,2,12,0,0,0,1,9,6120,3,1,0,0,2,0,67,999,98,0,0,0,1,7,2010,7,2010,0,0,0,0,0,1,3,30,1,1,2,1,2,3,1,66,1,1,1,87,1,1
9,90139,1,1,2,27,10,16,51,35,0,1,0,9,2,48,38,48038,4,1995,JF1GC6551SH5,J,F,1,G,C,6,5,5,1,S,H,5,0,P,SUBA,IX4,4D,95,17,2835,,0,992,,G,,F,4,135,,,15R195,,,,,,0,0,000000000,00000000000,0,0,0,1,0,0,0,0,0,0,0,999,0,0,0,14,6,2,3,0,0,0,1,99,99999,9,9,99,9,9,9,999,999,99,99,99,99,99,99,9999,99,9999,0,99,99,99,99,1,2,99,1,9,9,1,0,0,8,11,1,1,4,1,1,0
9,90140,1,1,1,31,5,1,28,53,0,1,0,9,2,72,706,72706,80,2011,1HD1LC315BC4,1,H,D,1,L,C,3,1,5,B,C,4,0,M,HD,X48,RS,11,17,,,,,,,1200,,2,,4,545,,,,,,,0,0,000000000,00000000000,0,0,0,1,0,0,0,0,99,99,0,998,0,0,0,12,6,2,43,0,0,0,1,9,6516,6,1,0,0,2,0,67,999,98,0,0,1,1,10,2010,12,2010,1,52,0,0,0,1,2,25,2,1,2,1,0,0,14,6,1,9,4,6,1,1
9,90141,1,1,2,30,6,23,18,9,0,1,0,9,1,7,24,7024,4,2007,2B3KA43R27H7,2,B,3,K,A,4,3,R,2,7,H,7,0,P,DODG,CTL,4D,7,17,3648,,0,1200,,G,,F,6,165,,,17R215,,,,,,0,0,000000000,00000000000,0,0,0,1,0,0,0,0,0,0,0,998,0,0,0,1,6,2,9,0,0,0,1,9,6082,6,1,0,0,3,0,66,999,98,0,0,0,0,0,0,0,0,0,28,91,0,0,1,2,30,1,1,2,1,0,0,1,13,1,1,4,13,0,1
9,90142,1,1,1,30,7,3,28,33,0,1,0,9,1,37,31,37031,4,2011,2HGFA1F61BH5,2,H,G,F,A,1,F,6,1,B,H,5,0,P,HOND,ULS,4D,11,17,2760,,0,1063,,G,,F,4,110,,,16R205,,,,,,0,0,000000000,00000000000,0,0,0,1,0,0,0,0,0,0,0,998,0,0,0,14,6,2,42,0,0,0,1,9,6084,6,1,0,0,3,0,70,999,98,0,0,0,0,0,0,0,0,9,0,0,0,0,1,2,45,2,1,2,1,0,0,14,12,99,1,4,6,1,1
9,90143,1,2,1,28,7,2,26,12,99,1,0,9,2,37,32,37032,4,1996,1HGCD5632TA2,1,H,G,C,D,5,6,3,2,T,A,2,0,P,HOND,ULE,4D,96,17,2864,,0,1069,,G,,F,4,132,,,15R185,,,,,,0,0,000000000,00000000000,0,0,0,1,0,0,0,0,0,0,0,998,0,0,0,12,6,2,12,0,0,0,1,9,6114,6,1,0,0,3,0,64,999,98,0,0,0,1,11,2010,11,2010,9,0,0,0,0,1,2,25,1,1,2,1,4,3,1,99,1,1,9,99,0,1
9,90143,2,2,2,28,7,2,26,12,99,1,0,9,3,13,16,13016,6,2013,2LMHJ5FK0DBL,2,L,M,H,J,5,F,K,0,D,B,L,0,P,LINC,MKT,UT,13,17,4637,,0,1179,,G,,F,6,226,,,19R235,,,,,,0,0,000000000,00000000000,0,0,0,1,0,0,0,0,0,0,0,998,0,0,0,99,6,2,12,0,0,0,1,9,6106,1,1,0,0,2,0,66,999,98,4,1,3,1,8,2009,8,2011,9,0,0,0,0,1,2,25,1,1,2,1,4,3,1,99,1,1,9,99,1,1
9,90144,1,1,2,10,8,2,32,33,0,1,0,9,1,12,37,12037,3,2001,3FAHP31341R1,3,F,A,H,P,3,1,3,4,1,R,1,0,P,FORD,FZX,3P,1,17,2550,,0,1030,,G,,F,4,121,,,15R195,,,,,,0,0,000000000,00000000000,0,0,0,1,0,0,0,0,0,0,0,998,0,1,1,12,6,2,39,0,0,0,1,9,6810,6,1,0,0,3,0,60,999,98,1,0,0,2,2,2012,3,2012,9,0,0,0,0,1,2,25,3,1,2,1,0,0,14,12,3,4,4,6,1,1
9,90145,2,1,2,26,8,5,22,14,0,1,0,9,1,54,35,54035,4,2012,19UUA8F56CA0,1,9,U,U,A,8,F,5,6,C,A,0,0,P,ACUR,ATL,4D,12,17,3741,,0,1093,,G,,F,6,214,,,17R245,,,,,,0,0,000000000,00000000000,0,0,0,1,0,0,0,0,0,0,0,998,4,0,0,12,6,2,14,0,0,0,1,9,6607,6,1,0,0,3,0,61,999,98,0,0,0,0,0,0,0,0,0,0,0,0,0,3,3,50,2,1,2,1,0,0,14,13,1,1,4,11,2,1
9,90146,1,2,1,28,8,23,33,12,1,1,0,9,1,22,2,22002,4,1994,1G2HZ52L4R42,1,G,2,H,Z,5,2,L,4,R,4,2,0,P,PONT,BSE,4D,94,17,3587,,0,1108,,G,,F,6,231,,,16R225,,,,,,0,0,000000000,00000000000,0,0,0,1,0,0,0,0,0,0,0,0,0,0,0,6,6,2,12,0,0,0,1,9,6516,6,1,0,0,3,0,69,999,98,1,0,0,0,1,2011,2,2011,0,0,0,0,0,3,3,65,1,1,2,1,0,0,5,53,1,1,1,23,1,0
9,90146,2,2,1,28,8,23,33,12,1,1,0,9,3,12,13,12013,6,2000,1FMDU72X9YZA,1,F,M,D,U,7,2,X,9,Y,Z,A,0,P,FORD,EPR,UT,0,17,4065,,0,1116,,G,,F,6,245,,,15R235,,,,,,0,0,000000000,00000000000,0,0,0,1,0,0,0,0,0,0,0,999,0,0,0,12,6,2,12,0,0,0,1,9,6418,6,1,0,0,3,0,70,999,98,1,0,0,2,4,2011,5,2011,0,26,0,0,0,3,3,65,1,1,2,1,0,0,1,50,1,1,1,20,0,0
9,90147,1,1,2,18,8,1,26,8,0,1,1,9,2,37,32,37032,2,1995,1HGCD7166SA0,1,H,G,C,D,7,1,6,6,S,A,0,0,P,HOND,AEX,CP,95,17,2853,,0,1069,,G,,F,4,132,,,15R195,,,,,,0,0,000000000,00000000000,0,0,0,1,0,0,0,0,0,0,0,999,0,0,0,12,4,3,8,0,0,0,1,98,6708,0,0,0,0,0,0,999,999,99,99,99,99,99,99,9999,99,9999,9,6,0,0,0,2,2,25,1,1,2,2,3,3,1,80,1,1,1,13,0,0
9,90148,1,1,3,23,7,10,42,1,0,1,0,47,1,12,481,12481,31,2000,2FTZF1824YCA,2,F,T,Z,F,1,8,2,4,Y,C,A,0,T,FORD,F15,PK,0,17,,1,1388,1202,COF,G,,,6,256,,,,B,4299,04,U,44,0,0,000000000,00000000000,0,0,0,1,0,0,0,0,0,0,0,999,0,2,1,0,6,2,30,0,0,0,1,9,6226,1,1,0,0,2,0,999,999,98,2,0,1,0,7,2010,9,2010,1,0,0,0,0,1,2,35,3,1,2,2,0,0,14,6,9,7,3,98,1,0
9,90149,1,2,1,30,11,10,18,12,6,1,0,9,2,20,16,20016,2,2005,1G1JC12F3571,1,G,1,J,C,1,2,F,3,5,7,1,0,P,CHEV,CAV,CP,5,17,2617,,0,1041,,G,,F,4,134,,,14R195,,,,,,0,0,000000000,00000000000,0,0,0,1,0,0,0,0,0,0,0,66,0,0,0,12,6,2,12,0,0,0,1,9,6410,1,1,0,0,2,0,64,999,98,1,0,0,0,11,2011,11,2011,1,36,0,0,0,1,2,30,1,6,2,1,20,3,1,17,1,1,1,86,0,0
9,90149,2,2,2,30,11,10,18,12,6,1,0,9,1,18,2,18002,4,2002,1G4HP54KX242,1,G,4,H,P,5,4,K,X,2,4,2,0,P,BUIC,LCF,4D,2,17,3567,,0,1122,,G,,F,6,231,,,15R215,,,,,,0,0,000000000,00000000000,0,0,0,1,0,0,0,0,0,0,0,31,0,0,0,82,6,2,12,0,0,0,1,9,6786,6,1,6,0,3,0,69,999,98,0,0,0,0,0,0,0,0,0,0,0,0,0,1,2,30,1,6,2,1,20,3,1,55,1,1,1,87,1,0
9,90150,1,2,4,1,9,2,29,12,2,1,0,9,1,55,35,55035,4,2010,KMHDU4AD3AU8,K,M,H,D,U,4,A,D,3,A,U,8,0,P,HYUN,BGS,4D,10,17,2723,,0,1043,,G,,F,4,121,,,15R195,,,,,,0,0,000000000,00000000000,0,0,0,1,0,0,0,0,0,0,0,999,0,0,0,12,6,2,12,0,0,0,1,9,6106,2,1,0,0,2,0,61,999,98,0,0,0,0,0,0,0,0,0,6,51,0,0,1,4,30,1,1,2,99,20,3,11,55,1,1,2,68,1,1
9,90150,2,2,3,1,9,2,29,12,2,1,0,9,2,7,442,7442,20,2003,1D4GP25323B1,1,D,4,G,P,2,5,3,2,3,B,1,0,P,DODG,CAR,SV,3,17,3758,,0,1133,,F,,F,6,201,,,16R215,,,,,,0,0,000000000,00000000000,0,0,0,1,0,0,0,0,0,0,0,999,0,0,0,12,6,2,12,0,0,0,1,9,6114,0,0,0,0,0,0,73,999,98,0,0,0,0,0,0,0,0,0,0,0,0,0,1,4,30,1,1,2,99,20,3,1,66,1,1,1,69,0,0
9,90151,1,1,2,19,9,22,47,24,0,1,0,9,1,53,705,53705,80,2009,JS1GP74A6921,J,S,1,G,P,7,4,A,6,9,2,1,0,M,SUZI,G65,RC,9,17,,,,,,,656,,4,,4,531,,,,,,,0,0,000000000,00000000000,0,0,0,1,0,0,0,0,0,0,0,998,0,0,0,10,6,2,24,0,0,0,1,9,6117,1,1,0,0,2,0,68,999,98,4,1,2,6,5,2010,8,2012,9,0,0,0,0,3,2,50,3,2,2,1,0,0,14,12,1,1,4,6,2,0
9,90152,1,1,1,15,9,18,45,30,0,1,0,9,1,76,705,76705,80,1994,JYA4LEE02RA0,J,Y,A,4,L,E,E,0,2,R,A,0,0,M,YAMA,YF7,RC,94,17,,,,,,,749,,4,,4,420,,,,,,,0,0,000000000,00000000000,0,0,0,1,0,0,0,0,0,0,0,998,0,0,0,99,6,2,30,0,0,0,1,9,6071,6,1,0,0,2,0,74,999,98,0,0,3,5,2,2010,9,2012,1,0,0,0,0,1,2,35,1,1,2,1,0,0,1,13,99,1,4,1,1,0