STATE,ST_CASE,VEH_NO,VE_FORMS,NUMOCCS,DAY,MONTH,HOUR,MINUTE,HARM_EV,MAN_COLL,UNITTYPE,HIT_RUN,REG_STAT,OWNER,MAKE,MODEL,MAK_MOD,BODY_TYP,MOD_YEAR,VIN,VIN_1,VIN_2,VIN_3,VIN_4,VIN_5,VIN_6,VIN_7,VIN_8,VIN_9,VIN_10,VIN_11,VIN_12,TOW_VEH,VINTYPE,VINMAKE,VINA_MOD,VIN_BT,VINMODYR,VIN_LNGT,VIN_WGT,WGTCD_TR,WHLBS_LG,WHLBS_SH,SER_TR,FUELCODE,MCYCL_DS,CARBUR,CYLINDER,DISPLACE,MCYCL_CY,MCYCL_WT,TIRE_SZE,TON_RAT,TRK_WT,TRKWTVAR,VIN_REST,WHLDRWHL,J_KNIFE,MCARR_I1,MCARR_I2,MCARR_ID,GVWR,V_CONFIG,CARGO_BT,HAZ_INV,HAZ_PLAC,HAZ_ID,HAZ_CNO,HAZ_REL,BUS_USE,SPEC_USE,EMER_USE,TRAV_SP,UNDERIDE,ROLLOVER,ROLINLOC,IMPACT1,DEFORMED,TOWED,M_HARM,VEH_SC1,VEH_SC2,FIRE_EXP,DR_PRES,L_STATE,DR_ZIP,L_STATUS,L_TYPE,CDL_STAT,L_ENDORS,L_COMPL,L_RESTRI,DR_HGT,DR_WGT,PREV_ACC,PREV_SUS,PREV_DWI,PREV_SPD,PREV_OTH,FIRST_MO,FIRST_YR,LAST_MO,LAST_YR,SPEEDREL,DR_SF1,DR_SF2,DR_SF3,DR_SF4,VTRAFWAY,VNUM_LAN,VSPD_LIM,VALIGN,VPROFILE,VPAVETYP,VSURCOND,VTRAFCON,VTCONT_F,P_CRASH1,P_CRASH2,P_CRASH3,PCRASH4,PCRASH5,ACC_TYPE,DEATHS,DR_DRINK
9,90182,6,6,1,20,11,16,12,12,1,1,0,25,3,84,881,84881,66,2010,3HSCUAPR5AN1,3,H,S,C,U,A,P,R,5,A,N,1,1,T,INTL,PPR,TR,10,17,,8,0,0,PRO,D,,,6,915,,,,,00000,00,,64,1,57,523313,57523313,3,6,1,1,0,0,0,0,0,0,0,998,0,0,0,12,6,2,12,0,0,0,1,25,1109,6,1,6,0,3,0,69,999,0,0,0,1,1,1,2011,5,2011,9,26,0,0,0,2,3,65,1,5,2,1,0,0,1,50,1,1,1,20,0,0
9,90183,1,1,1,10,11,6,51,24,0,1,0,9,1,12,3,12003,2,2001,1FAFP42X71F1,1,F,A,F,P,4,2,X,7,1,F,1,0,P,FORD,MGT,CP,1,17,3241,,0,1013,,G,,F,8,281,,,17R245,,,,,,0,0,000000000,00000000000,0,0,0,1,0,0,0,0,0,0,0,999,0,0,0,12,6,2,24,0,0,0,1,9,6360,6,1,0,0,3,0,69,999,98,0,0,0,0,0,0,0,0,9,99,99,99,99,1,2,45,2,3,2,1,0,0,14,13,1,1,4,1,1,1
9,90184,1,2,2,24,11,14,15,17,0,1,0,9,2,37,402,37402,14,1998,JHLRD2842WC0,J,H,L,R,D,2,8,4,2,W,C,0,0,P,HOND,CRV,UT,98,17,3036,,0,1032,,G,,F,4,120,,,15R205,,,,,,0,0,000000000,00000000000,0,0,0,1,0,0,0,0,0,0,0,999,0,0,0,12,6,2,12,0,0,0,1,9,6410,6,1,0,0,3,3,70,999,98,0,0,0,0,0,0,0,0,0,0,0,0,0,3,2,65,1,1,2,1,0,0,1,50,3,2,1,98,0,0
9,90184,2,2,1,24,11,14,15,17,0,1,0,9,2,52,34,52034,4,2001,4A3AA46G71E0,4,A,3,A,A,4,6,G,7,1,E,0,0,P,MITS,GES,4D,1,17,3075,,0,1037,,G,,F,4,143,,,15R195,,,,,,0,0,000000000,00000000000,0,0,0,1,0,0,0,0,0,0,0,999,0,0,0,9,6,2,17,0,0,0,1,9,6705,6,1,0,0,3,0,67,999,98,0,0,1,3,7,2010,11,2011,1,6,0,0,0,3,2,65,1,1,2,1,0,0,6,9,7,3,4,1,1,1
9,90185,1,3,1,27,11,10,8,12,8,1,0,9,1,49,32,49032,4,2010,2T1BU4EE5AC2,2,T,1,B,U,4,E,E,5,A,C,2,0,P,TOYT,CBL,4D,10,17,2723,,0,1024,,G,,F,4,110,,,15R195,,,,,,0,0,000000000,00000000000,0,0,0,1,0,0,0,0,0,0,0,47,0,0,0,11,6,2,12,0,0,0,1,9,6040,6,1,0,0,3,3,63,999,98,0,0,0,0,0,0,0,0,0,28,0,0,0,1,2,35,1,1,2,2,0,0,1,10,1,1,2,64,1,0
9,90185,2,3,1,27,11,10,8,12,8,1,0,9,1,14,17,14017,4,2003,1MEFM55S73G6,1,M,E,F,M,5,5,S,7,3,G,6,0,P,MERC,SLP,4D,3,17,3369,,0,1085,,G,,F,6,182,,,16R215,,,,,,0,0,000000000,00000000000,0,0,0,1,0,0,0,0,0,0,0,998,0,0,0,9,4,1,12,0,0,0,1,9,6033,6,1,0,0,3,3,72,999,98,0,0,0,0,0,0,0,0,0,0,0,0,0,1,2,35,1,1,2,2,0,0,1,62,7,1,1,65,0,0
9,90185,3,3,1,27,11,10,8,12,8,1,0,9,1,51,47,51047,4,2003,YV1RH59H7322,Y,V,1,R,H,5,9,H,7,3,2,2,0,P,VOLV,S6A,4D,3,17,3571,,0,1069,,G,,T,5,153,,,16R205,,,,,,0,0,000000000,00000000000,0,0,0,1,0,0,0,0,0,0,0,998,0,0,0,12,6,2,12,0,0,0,1,9,6033,6,1,0,0,3,3,62,999,98,0,0,0,0,0,0,0,0,0,0,0,0,0,1,2,35,1,1,2,2,0,0,1,62,1,1,1,98,0,0
9,90186,1,1,1,25,11,2,23,57,0,1,0,9,1,20,471,20471,30,1990,1GCDK14K1LZ1,1,G,C,D,K,1,4,K,1,L,Z,1,0,T,CHEV,GK1,PK,90,17,,1,1415,1175,GM4,G,,,8,350,,,,B,4117,05,,44,0,0,000000000,00000000000,0,0,0,1,0,0,0,0,0,0,0,999,0,0,0,12,6,2,2,0,0,1,1,9,6770,6,1,0,0,3,0,69,999,98,0,0,0,0,0,0,0,0,9,99,99,99,99,3,2,55,1,3,2,1,0,0,1,13,1,1,4,1,1,0
9,90187,1,1,1,27,11,17,7,42,0,1,0,9,1,12,481,12481,31,1997,1FTDF1827VNC,1,F,T,D,F,1,8,2,7,V,N,C,0,T,FORD,F15,PK,97,17,,1,1390,1200,COF,G,,,6,256,,,,B,4235,02,E,44,0,0,000000000,00000000000,0,0,0,1,0,0,0,0,0,0,0,20,0,0,0,1,6,2,42,0,0,0,1,9,6804,6,1,0,0,3,0,68,999,98,0,0,0,0,0,0,0,0,0,0,0,0,0,1,2,25,1,2,2,2,0,0,1,12,1,1,4,6,1,0
9,90188,1,1,2,25,11,22,2,24,0,1,0,9,2,20,16,20016,2,2002,1G1JC1241274,1,G,1,J,C,1,2,4,1,2,7,4,0,P,CHEV,CAV,CP,2,17,2617,,0,1041,,G,,F,4,133,,,14R195,,,,,,0,0,000000000,00000000000,0,0,0,1,0,0,0,0,0,0,0,76,0,0,0,12,6,2,42,0,0,0,1,9,6450,6,1,0,0,3,0,71,999,98,0,0,0,0,0,0,0,0,9,0,0,0,0,3,3,65,1,1,2,1,0,0,1,13,6,1,4,1,1,1
9,90189,1,2,2,21,11,16,33,12,98,1,0,9,1,20,16,20016,4,2003,1G1JC52F8373,1,G,1,J,C,5,2,F,8,3,7,3,0,P,CHEV,CAV,4D,3,17,2971,,0,1041,,G,,F,4,134,,,14R195,,,,,,0,0,000000000,00000000000,0,0,0,1,0,0,0,0,0,0,0,998,0,0,0,99,6,2,12,0,0,0,1,9,6795,6,1,0,0,3,0,65,999,98,0,0,0,0,0,0,0,0,0,0,0,0,0,9,9,99,9,9,2,1,1,3,99,99,99,9,9,99,1,0
9,90189,2,2,1,21,11,16,33,12,98,1,0,9,1,12,3,12003,1,1988,1FABP44E3JF1,1,F,A,B,P,4,4,E,3,J,F,1,0,P,FORD,MLX,CV,88,17,2953,,0,1004,,G,,F,8,302,,,14R195,,,,,,0,0,000000000,00000000000,0,0,0,1,0,0,0,0,0,0,0,998,0,0,0,99,9,2,12,0,0,0,1,9,6053,6,1,0,0,3,0,71,999,98,0,0,0,0,0,0,0,0,9,0,0,0,0,9,9,99,9,9,2,1,1,3,99,99,99,9,9,99,0,0
9,90190,1,1,4,22,10,23,28,8,0,1,1,9,2,20,16,20016,4,2000,3G1JC5243YS2,3,G,1,J,C,5,2,4,3,Y,S,2,0,P,CHEV,CAV,4D,0,17,2676,,0,1041,,G,,F,4,133,,,14R195,,,,,,0,0,000000000,00000000000,0,0,0,1,0,0,0,0,0,0,0,999,0,0,0,12,4,1,8,0,0,0,1,9,6705,1,1,0,0,2,0,67,999,98,0,0,0,0,0,0,0,0,1,36,91,0,0,2,4,45,1,1,2,1,3,3,1,80,3,1,3,13,0,1
9,90191,1,3,1,1,12,0,23,12,2,1,0,9,1,30,40,30040,4,2008,3VWRJ71K58M1,3,V,W,R,J,7,1,K,5,8,M,1,0,P,VOLK,JWE,4D,8,17,3219,,0,1015,,G,,T,4,121,,,17R225,,,,,,0,0,000000000,00000000000,0,0,0,1,0,0,0,0,0,0,0,999,0,0,0,12,6,2,12,0,0,0,1,9,6413,6,1,0,0,3,0,65,999,98,0,0,2,0,4,2011,1,2012,0,0,0,0,0,3,2,65,1,1,2,1,0,0,1,54,99,1,1,51,0,0
9,90191,2,3,1,1,12,0,23,12,2,1,0,9,1,51,47,51047,4,2001,YV1RS58D0120,Y,V,1,R,S,5,8,D,0,1,2,0,0,P,VOLV,S6T,4D,1,17,3389,,0,1069,,G,,T,5,149,,,16R205,,,,,,0,0,000000000,00000000000,0,0,0,1,0,0,0,0,0,0,0,999,0,0,0,12,6,2,12,0,0,0,1,9,6051,6,1,0,0,3,0,70,999,98,0,0,0,0,0,0,0,0,0,0,0,0,0,3,2,65,1,1,2,1,0,0,1,54,99,1,1,98,0,0
9,90191,3,3,1,1,12,0,23,12,2,1,0,42,1,49,32,49032,4,2009,2T1BU40E59C0,2,T,1,B,U,4,0,E,5,9,C,0,0,P,TOYT,CBL,4D,9,17,2723,,0,1024,,G,,F,4,110,,,15R195,,,,,,0,0,000000000,00000000000,0,0,0,1,0,0,0,0,0,0,0,999,0,0,0,12,6,2,12,0,0,0,1,9,6051,6,1,0,0,3,3,65,999,98,0,0,0,0,0,0,0,0,0,51,0,0,0,3,2,65,1,1,2,1,0,0,1,54,99,1,1,50,1,1
9,90192,1,1,1,5,12,15,4,8,0,1,0,25,3,98,908,98908,58,2001,YE2CC13BX120,Y,E,2,C,C,1,3,B,X,1,2,0,0,U,,,,1,17,,,,,,,,,,,,,,,,,,,0,57,698822,57698822,3,21,22,1,0,0,0,0,7,0,0,998,0,0,0,98,0,1,8,0,0,0,1,36,2184,6,1,6,0,3,0,70,999,0,0,0,0,0,0,0,0,0,0,38,0,0,0,1,4,25,1,1,2,1,2,3,11,80,3,1,1,13,0,0
9,90193,2,1,2,1,12,2,17,30,0,1,0,9,2,49,32,49032,4,2009,JTDBL40E2990,J,T,D,B,L,4,0,E,2,9,9,0,0,P,TOYT,CLB,4D,9,17,2723,,0,1024,,G,,F,4,110,,,15R195,,,,,,0,0,000000000,00000000000,0,0,0,1,0,0,0,0,0,0,0,89,0,0,0,6,6,2,14,0,0,0,1,9,6902,6,1,0,0,3,0,68,999,98,0,0,1,0,7,2012,7,2012,1,91,0,0,0,3,3,55,1,1,2,1,0,0,1,9,8,1,4,11,0,1
9,90194,1,2,2,9,12,7,35,12,2,1,0,9,1,12,481,12481,31,2000,1FTSX31FXYEC,1,F,T,S,X,3,1,F,X,Y,E,C,0,T,FORD,F3S,4C,0,17,,2,1580,1418,SRW,D,,,8,444,,,,D,5645,07,E,44,0,0,000000000,00000000000,0,0,0,1,0,0,0,0,0,0,0,998,0,0,0,12,6,2,12,0,0,0,1,9,6226,6,1,0,0,3,0,70,999,98,0,0,0,0,0,0,0,0,0,0,0,0,0,1,2,45,1,1,2,1,0,0,1,62,1,1,1,51,0,0
9,90194,2,2,1,9,12,7,35,12,2,1,0,9,1,54,35,54035,4,2008,JH4KB16668C0,J,H,4,K,B,1,6,6,6,8,C,0,0,P,ACUR,ARL,4D,8,17,4018,,0,1102,,G,,F,6,214,,,17R245,,,,,,0,0,000000000,00000000000,0,0,0,1,0,0,0,0,0,0,0,998,0,0,0,12,6,2,12,0,0,0,1,9,6084,6,1,0,0,3,3,70,999,98,0,0,0,1,7,2011,7,2011,0,28,0,0,0,1,2,45,1,1,2,1,0,0,1,10,1,1,2,50,1,0
9,90195,1,2,1,18,10,17,12,12,2,1,0,9,2,37,31,37031,4,2007,2HGFA165X7H3,2,H,G,F,A,1,6,5,X,7,H,3,0,P,HOND,UCL,4D,7,17,2751,,0,1063,,G,,F,4,110,,,16R205,,,,,,0,0,000000000,00000000000,0,0,0,1,0,0,0,0,0,0,0,998,0,0,0,12,6,2,12,0,0,0,1,9,6357,6,1,0,0,3,0,67,999,98,0,0,1,0,5,2011,5,2011,0,28,0,0,0,1,2,50,1,1,2,1,0,0,1,10,1,1,2,50,1,0
9,90195,2,2,1,18,10,17,12,12,2,1,0,9,1,12,481,12481,31,1995,1FTEX14N0SKB,1,F,T,E,X,1,4,N,0,S,K,B,0,T,FORD,F15,PC,95,17,,2,1550,1390,COF,G,,,8,302,,,,B,00000,00,M,44,0,0,000000000,00000000000,0,0,0,1,0,0,0,0,0,0,0,998,0,0,0,12,6,2,12,0,0,0,1,9,6264,6,1,0,0,3,0,73,999,98,0,0,0,1,6,2011,6,2011,0,0,0,0,0,1,2,50,1,1,2,1,0,0,1,62,9,1,1,51,0,0
9,90196,1,1,1,7,12,20,37,15,0,1,0,9,1,59,31,59031,4,1995,JT8GK13T8S01,J,T,8,G,K,1,3,T,8,S,0,1,0,P,LEXS,ES3,4D,95,17,3374,,0,1031,,G,,F,6,183,,,15R205,,,,,,0,0,000000000,00000000000,0,0,0,1,0,0,0,0,0,0,0,999,0,0,0,12,8,8,15,0,0,0,1,9,6605,6,1,0,0,3,3,69,999,98,0,0,0,0,0,0,0,0,9,0,0,0,0,2,1,25,1,1,2,2,0,0,1,80,2,1,1,13,0,0
9,90197,1,1,1,7,12,17,0,8,0,1,0,9,2,7,472,7472,31,1997,1B7GG23Y7VS1,1,B,7,G,G,2,3,Y,7,V,S,1,0,T,DODG,DAK,PC,97,17,,1,0,1309,DAK,G,,,8,318,,,,B,3937,00,E,44,0,0,000000000,00000000000,0,0,0,1,0,0,0,0,0,0,0,998,0,0,0,12,6,2,8,0,0,0,1,9,6604,6,1,0,0,3,0,70,999,98,0,0,1,1,6,2011,10,2011,9,0,0,0,0,2,2,25,1,2,2,99,0,0,1,61,98,4,4,10,0,0
9,90198,1,2,3,11,12,21,8,12,2,1,0,9,1,35,39,35039,4,2007,1N4BA41E77C8,1,N,4,B,A,4,1,E,7,7,C,8,0,P,NISS,MEL,4D,7,17,3474,,0,1112,,G,,F,6,,,,18R245,,,,,,0,0,000000000,00000000000,0,0,0,1,0,0,0,0,0,0,0,999,0,0,0,12,6,2,12,0,0,0,1,9,6405,6,1,0,0,3,0,64,999,98,0,0,0,0,0,0,0,0,0,0,0,0,0,3,2,65,1,1,2,1,0,0,1,54,1,9,1,51,3,0
9,90198,2,2,1,11,12,21,8,12,2,1,0,44,2,21,23,21023,4,2000,1G3WH52H8YF1,1,G,3,W,H,5,2,H,8,Y,F,1,0,P,OLDS,IGX,4D,0,17,3455,,0,1090,,G,,F,6,211,,,16R225,,,,,,0,0,000000000,00000000000,0,0,0,1,0,0,0,0,0,0,0,999,0,0,0,12,6,2,12,0,0,0,1,44,2886,6,1,0,0,3,0,71,225,0,0,0,0,0,0,0,0,0,9,50,0,0,0,3,2,65,1,1,2,1,0,0,1,54,1,1,2,50,0,0
9,90199,2,2,1,12,12,22,45,14,0,1,0,36,1,19,421,19421,15,2007,1GYFK668X7R3,1,G,Y,F,K,6,6,8,X,7,R,3,0,P,CADI,ESC,UT,7,17,5751,,0,1300,,G,,F,8,378,,,18R265,,,,,,0,0,000000000,00000000000,0,0,0,1,0,0,0,0,0,1,0,999,0,0,0,11,6,2,12,0,0,0,1,36,11411,6,1,0,0,3,0,72,999,0,0,0,0,2,2,2010,4,2012,0,0,0,0,0,6,1,0,1,1,2,1,0,0,1,61,1,1,1,98,0,0
9,90199,3,2,1,12,12,22,45,14,0,1,0,9,1,35,43,35043,4,2008,3N1AB61E38L6,3,N,1,A,B,6,1,E,3,8,L,6,0,P,NISS,SL2,4D,8,17,2804,,0,1057,,G,,F,4,122,,,15R205,,,,,,0,0,000000000,00000000000,0,0,0,1,0,0,0,0,0,0,0,998,6,0,0,12,6,2,14,0,0,0,1,9,6902,6,1,0,0,3,0,76,999,98,0,0,0,0,0,0,0,0,0,0,0,0,0,6,1,0,1,1,2,1,0,0,6,11,1,9,4,2,1,1
9,90200,1,1,2,16,12,3,32,24,0,1,0,9,2,7,482,7482,31,2003,1D7HU18Z23J5,1,D,7,H,U,1,8,Z,2,3,J,5,0,T,DODG,SQ1,CW,3,17,,2,1605,1405,RPC,G,,,8,360,,,,B,5005,02,E,44,0,0,000000000,00000000000,0,0,0,1,0,0,0,0,0,0,0,85,0,1,5,1,6,2,1,0,0,0,1,9,6067,6,1,0,0,3,0,71,999,98,1,1,1,0,3,2010,8,2010,1,0,0,0,0,3,4,65,1,1,2,1,0,0,1,13,8,9,4,1,2,1
9,90201,1,1,1,12,12,7,36,8,0,1,0,9,3,84,981,84981,50,2004,4DRBGAAN94A9,4,D,R,B,G,A,A,N,9,4,A,9,0,T,INTL,,BU,4,17,,7,,,,D,,,6,466,,,,,,,,42,0,57,612222,57612222,3,21,22,1,0,0,0,0,1,0,0,998,0,0,0,99,0,1,8,0,0,0,1,9,6053,6,1,6,1,3,0,67,999,98,0,0,0,0,0,0,0,0,0,0,0,0,0,1,2,25,1,1,2,1,2,3,11,80,1,1,1,13,0,0
9,90202,1,1,4,30,12,13,21,10,0,1,0,9,1,48,45,48045,6,2004,4S3BH8151476,4,S,3,B,H,8,1,5,1,4,7,6,0,P,SUBA,USE,SW,4,17,3655,,0,1043,,G,,F,6,183,,,16R225,,,,,,0,0,000000000,00000000000,0,0,0,1,0,0,0,0,0,0,0,998,0,0,0,2,6,2,10,0,0,0,1,9,6811,6,1,0,0,3,0,60,999,98,0,0,0,0,0,0,0,0,9,39,0,0,0,1,2,25,1,1,2,2,65,3,1,17,1,1,1,98,2,0
9,90203,1,1,2,15,12,12,42,33,0,1,0,9,2,37,31,37031,4,1992,1HGEG8655NL0,1,H,G,E,G,8,6,5,5,N,L,0,0,P,HOND,CLX,4D,92,17,2319,,0,1031,,G,,F,4,091,,,13R175,,,,,,0,0,000000000,00000000000,0,0,0,1,0,0,0,0,0,0,0,999,0,0,0,14,6,2,30,0,0,0,1,9,6120,6,1,0,0,3,0,74,999,98,0,0,0,0,0,0,0,0,1,36,0,0,0,1,2,25,1,1,2,1,0,0,1,6,6,9,4,7,1,0
9,90204,1,1,1,17,12,22,27,8,0,1,0,9,1,14,17,14017,4,1999,1MEFM53S9XG6,1,M,E,F,M,5,3,S,9,X,G,6,0,P,MERC,SLS,4D,99,17,3299,,0,1085,,G,,F,6,182,,,15R205,,,,,,0,0,000000000,00000000000,0,0,0,1,0,0,0,0,0,0,0,40,0,0,0,12,6,2,8,0,0,0,1,9,6075,6,1,0,0,3,0,69,999,98,0,0,0,0,0,0,0,0,0,0,0,0,0,1,2,45,1,1,2,2,0,0,1,80,1,1,1,13,0,0
9,90205,1,1,1,25,12,0,23,17,0,1,0,9,1,20,481,20481,31,2009,1GNER23D69S1,1,G,N,E,R,2,3,D,6,9,S,1,0,P,CHEV,TRV,UT,9,17,4790,,0,1189,,G,,F,6,220,,,18R255,,,,,,0,0,000000000,00000000000,0,0,0,1,0,0,0,0,0,0,0,999,0,9,2,1,6,2,1,0,0,0,1,9,6825,6,1,0,0,3,0,67,999,98,0,0,0,0,0,0,0,0,1,87,0,0,0,3,2,55,1,9,2,3,0,0,1,11,1,1,4,4,1,1
9,90206,1,2,1,22,12,23,26,12,2,1,0,9,1,12,21,12021,4,2006,1FAHP271X6G1,1,F,A,H,P,2,7,1,X,6,G,1,0,P,FORD,5AL,4D,6,17,3814,,0,1129,,G,,F,6,183,,,17R215,,,,,,0,0,000000000,00000000000,0,0,0,1,0,0,0,0,0,0,0,999,0,0,0,12,6,2,12,0,0,0,1,9,6479,6,1,0,0,3,3,65,999,98,0,0,0,0,0,0,0,0,9,0,0,0,0,3,3,55,1,1,2,1,0,0,1,54,99,1,1,51,1,0
9,90206,2,2,1,22,12,23,26,12,2,1,0,9,1,32,49,32049,2,2008,WAUDK78T18A0,W,A,U,D,K,7,8,T,1,8,A,0,0,P,AUDI,A5Q,CP,8,17,3704,,0,1083,,G,,F,6,195,,,18R245,,,,,,0,0,000000000,00000000000,0,0,0,1,0,0,0,0,0,0,0,999,0,0,0,12,6,2,12,0,0,0,1,9,6479,6,1,0,0,3,3,67,999,98,0,0,0,0,0,0,0,0,9,0,0,0,0,3,3,55,1,1,2,1,0,0,1,54,99,1,1,50,0,1
9,90207,1,2,1,22,7,12,51,12,6,1,0,25,2,37,32,37032,4,1993,1HGCB7554PA0,1,H,G,C,B,7,5,5,4,P,A,0,0,P,HOND,ALX,4D,93,17,2504,,0,1071,,G,,F,4,132,,,14R185,,,,,,0,0,000000000,00000000000,0,0,0,1,0,0,0,0,0,0,0,998,0,0,0,1,6,2,12,0,0,0,1,9,6093,6,1,0,0,3,0,71,999,98,0,0,0,0,0,0,0,0,0,38,42,91,0,1,2,45,1,1,2,1,0,0,11,15,1,1,1,68,0,0
9,90207,2,2,2,22,7,12,51,12,6,1,0,9,1,37,706,37706,80,2012,JH2SC68H4CK0,J,H,2,S,C,6,8,H,4,C,K,0,0,M,HOND,GL8,RS,12,17,,,,,,,1832,,6,,4,904,,,,,,,0,0,000000000,00000000000,0,0,0,1,0,0,0,0,0,0,0,998,0,0,0,12,6,2,12,0,0,0,1,9,6010,6,1,0,0,3,0,71,999,98,0,0,0,0,0,0,0,0,0,0,0,0,0,1,2,45,1,1,2,1,0,0,1,62,1,1,1,69,1,0
9,90208,1,2,3,26,12,2,10,12,2,1,0,23,1,55,35,55035,4,2004,KMHDN46D54U8,K,M,H,D,N,4,6,D,5,4,U,8,0,P,HYUN,EST,4D,4,17,2635,,0,1027,,G,,F,4,121,,,15R195,,,,,,0,0,000000000,00000000000,0,0,0,1,0,0,0,0,0,0,0,55,0,0,0,12,6,2,12,0,0,0,1,23,4252,6,1,0,0,3,0,70,230,0,0,0,0,1,6,2012,6,2012,9,0,0,0,0,3,2,55,1,1,2,1,0,0,1,54,6,1,1,52,1,0
9,90208,2,2,1,26,12,2,10,12,2,1,0,9,3,37,32,37032,4,2011,1HGCP2F81BA0,1,H,G,C,P,2,F,8,1,B,A,0,0,P,HOND,AXL,4D,11,17,3421,,0,1102,,G,,F,4,146,,,17R225,,,,,,0,0,000000000,00000000000,0,0,0,1,0,0,0,0,0,0,0,999,0,0,0,12,6,2,12,0,0,0,1,9,6268,6,1,0,0,3,0,68,999,98,0,0,0,0,0,0,0,0,9,51,0,0,0,3,2,55,1,1,2,1,0,0,1,54,6,1,1,52,1,1
9,90209,1,1,1,8,9,1,35,1,0,1,0,9,1,20,461,20461,21,2004,1GCGG25V0411,1,G,C,G,G,2,5,V,0,4,1,1,0,T,CHEV,E25,CG,4,17,,2,0,1350,EXP,G,,,8,293,,,,C,5002,00,,42,0,0,000000000,00000000000,0,0,0,1,0,0,0,0,0,0,0,998,0,2,5,0,6,2,1,0,0,0,1,9,6513,6,1,0,0,3,0,71,999,98,0,0,0,3,11,2011,7,2012,1,0,0,0,0,2,2,35,1,1,2,1,0,0,1,13,99,1,4,1,1,0
9,90210,1,1,1,20,12,23,0,8,0,1,0,53,3,87,881,87881,66,2012,1XPXDP9X1CD1,1,X,P,X,D,P,9,X,1,C,D,1,1,T,PTRB,389,TR,12,17,,8,0,0,CON,D,,,6,787,,,,,00000,00,,64,1,57,0468022,570468022,3,6,1,1,0,0,0,0,0,0,0,999,0,0,0,1,4,3,8,0,0,0,1,42,18062,6,1,6,1,3,3,76,999,0,0,0,1,0,4,2011,4,2011,0,0,0,0,0,3,3,65,1,1,2,2,0,0,1,80,3,1,1,13,0,0
9,90211,1,1,3,30,7,11,49,9,0,1,0,9,4,49,442,49442,20,2011,5TDKK3DC7BS0,5,T,D,K,K,3,D,C,7,B,S,0,0,P,TOYT,SIE,SV,11,17,4365,,0,1193,,G,,F,6,214,,,17R235,,,,,,0,0,000000000,00000000000,0,0,0,1,0,0,0,0,0,0,0,998,0,1,1,12,6,2,9,0,0,0,1,9,6460,6,1,0,0,3,0,62,999,98,0,0,0,0,0,0,0,0,9,0,0,0,0,1,2,25,1,1,2,1,0,0,1,83,99,1,9,13,0,0
9,90212,1,1,2,24,12,23,14,8,0,1,0,9,2,7,482,7482,31,2005,3D7KS28C05G8,3,D,7,K,S,2,8,C,0,5,G,8,0,T,DODG,SQ2,CW,5,17,,2,1605,1405,RPC,D,,,6,359,,,,C,5886,12,E,44,0,0,000000000,00000000000,0,0,0,1,0,0,0,0,0,0,0,999,0,0,0,12,4,3,8,0,0,0,1,9,6424,6,1,0,0,3,3,73,999,98,0,0,0,0,0,0,0,0,0,0,0,0,0,3,3,65,1,1,2,3,0,0,1,80,1,1,1,13,0,0
9,90213,1,1,3,12,8,17,54,42,0,1,0,9,2,48,38,48038,4,2002,JF1GD296X2G5,J,F,1,G,D,2,9,6,X,2,G,5,0,P,SUBA,IWX,4D,2,17,3085,,0,994,,G,,T,4,122,,,16R205,,,,,,0,0,000000000,00000000000,0,0,0,1,0,0,0,0,0,0,0,40,0,0,0,12,6,2,42,0,0,0,1,9,6073,6,1,0,0,3,3,71,999,98,0,0,0,1,8,2011,8,2011,1,0,0,0,0,9,1,99,4,1,5,11,0,0,14,12,1,1,4,6,1,1
9,90214,1,1,1,17,12,22,34,33,0,1,0,9,2,35,39,35039,4,1998,JN1CA21D6WT5,J,N,1,C,A,2,1,D,6,W,T,5,0,P,NISS,MGS,4D,98,17,3026,,0,1063,,G,,F,6,182,,,15R205,,,,,,0,0,000000000,00000000000,0,0,0,1,0,0,0,0,0,0,0,54,0,0,0,14,6,2,30,0,0,0,1,9,6095,6,1,0,0,3,0,60,999,98,0,0,0,0,0,0,0,0,1,36,0,0,0,1,2,30,1,2,2,2,0,0,1,6,7,3,4,2,1,1
9,90215,1,2,2,24,10,1,0,12,1,1,0,44,1,20,403,20403,14,2003,1GNDT13SX323,1,G,N,D,T,1,3,S,X,3,2,3,0,P,CHEV,TRL,UT,3,17,4600,,0,1130,,G,,F,6,256,,,16R245,,,,,,0,0,000000000,00000000000,0,0,0,1,0,0,0,0,0,0,0,999,0,0,0,6,6,2,12,0,0,0,1,44,2891,9,9,99,9,9,9,999,999,99,99,99,99,99,99,9999,99,9999,0,0,0,0,0,3,2,55,1,1,2,1,0,0,1,53,1,1,1,25,1,0
9,90215,2,2,1,24,10,1,0,12,1,1,0,34,3,86,881,86881,66,1999,1M1AA13Y4XW1,1,M,1,A,A,1,3,Y,4,X,W,1,1,T,MACK,CH6,TR,99,17,,8,0,0,600,D,,,6,728,,,,,00000,00,,64,1,99,999999999,99999999999,3,6,1,1,0,0,0,0,0,0,0,999,0,0,0,12,6,2,12,0,0,0,1,34,8820,6,1,6,1,3,0,67,999,0,0,0,0,1,8,2012,8,2012,9,26,0,0,0,3,2,55,1,1,2,1,0,0,1,51,1,1,1,24,0,0
9,90216,1,1,1,23,12,8,41,53,0,1,0,9,1,54,421,54421,15,2009,2HNYD28609H5,2,H,N,Y,D,2,8,6,0,9,H,5,0,P,ACUR,MDX,UT,9,17,4559,,0,1083,,G,,F,6,226,,,18R255,,,,,,0,0,000000000,00000000000,0,0,0,1,0,0,0,0,0,0,0,998,0,1,1,12,6,2,42,0,0,0,1,9,6897,6,1,0,0,3,0,74,999,98,0,0,0,0,0,0,0,0,9,0,0,0,0,1,2,25,1,1,2,1,0,0,1,13,1,1,4,1,1,0