STATE,ST_CASE,VEH_NO,VE_FORMS,NUMOCCS,DAY,MONTH,HOUR,MINUTE,HARM_EV,MAN_COLL,UNITTYPE,HIT_RUN,REG_STAT,OWNER,MAKE,MODEL,MAK_MOD,BODY_TYP,MOD_YEAR,VIN,VIN_1,VIN_2,VIN_3,VIN_4,VIN_5,VIN_6,VIN_7,VIN_8,VIN_9,VIN_10,VIN_11,VIN_12,TOW_VEH,VINTYPE,VINMAKE,VINA_MOD,VIN_BT,VINMODYR,VIN_LNGT,VIN_WGT,WGTCD_TR,WHLBS_LG,WHLBS_SH,SER_TR,FUELCODE,MCYCL_DS,CARBUR,CYLINDER,DISPLACE,MCYCL_CY,MCYCL_WT,TIRE_SZE,TON_RAT,TRK_WT,TRKWTVAR,VIN_REST,WHLDRWHL,J_KNIFE,MCARR_I1,MCARR_I2,MCARR_ID,GVWR,V_CONFIG,CARGO_BT,HAZ_INV,HAZ_PLAC,HAZ_ID,HAZ_CNO,HAZ_REL,BUS_USE,SPEC_USE,EMER_USE,TRAV_SP,UNDERIDE,ROLLOVER,ROLINLOC,IMPACT1,DEFORMED,TOWED,M_HARM,VEH_SC1,VEH_SC2,FIRE_EXP,DR_PRES,L_STATE,DR_ZIP,L_STATUS,L_TYPE,CDL_STAT,L_ENDORS,L_COMPL,L_RESTRI,DR_HGT,DR_WGT,PREV_ACC,PREV_SUS,PREV_DWI,PREV_SPD,PREV_OTH,FIRST_MO,FIRST_YR,LAST_MO,LAST_YR,SPEEDREL,DR_SF1,DR_SF2,DR_SF3,DR_SF4,VTRAFWAY,VNUM_LAN,VSPD_LIM,VALIGN,VPROFILE,VPAVETYP,VSURCOND,VTRAFCON,VTCONT_F,P_CRASH1,P_CRASH2,P_CRASH3,PCRASH4,PCRASH5,ACC_TYPE,DEATHS,DR_DRINK
9,90217,1,2,1,26,12,18,44,12,2,1,0,9,1,12,401,12401,14,1994,1FMDU34X3RUB,1,F,M,D,U,3,4,X,3,R,U,B,0,P,FORD,EPR,UT,94,17,4053,,0,1120,,G,,F,6,245,,,15R225,,,,,,0,0,000000000,00000000000,0,0,0,1,0,0,0,0,0,0,0,998,0,0,0,12,6,2,12,0,0,0,1,9,6851,6,1,0,0,3,0,73,999,98,0,0,0,2,1,2012,2,2012,0,28,48,0,0,0,0,0,0,0,0,0,0,0,10,16,1,1,2,80,1,1
9,90217,2,2,1,26,12,18,44,12,2,1,0,9,2,37,402,37402,14,2001,JHLRD18791S0,J,H,L,R,D,1,8,7,9,1,S,0,0,P,HOND,CRV,UT,1,17,3254,,0,1032,,G,,F,4,120,,,15R205,,,,,,0,0,000000000,00000000000,0,0,0,1,0,0,0,0,0,0,0,998,0,0,0,12,6,2,12,0,0,0,1,9,6897,6,1,0,0,3,0,71,999,98,0,0,0,0,0,0,0,0,0,0,0,0,0,1,2,35,1,1,2,3,0,0,1,72,2,1,1,81,0,0
9,90218,1,1,1,27,11,0,47,24,0,1,0,9,1,55,41,55041,4,2013,KMHHU6KJ5DU0,K,M,H,H,U,6,K,J,5,D,U,0,0,P,HYUN,GN3,CP,13,17,3483,,0,1100,,G,,F,6,230,,,18R225,,,,,,0,0,000000000,00000000000,0,0,0,1,0,0,0,0,0,0,0,999,0,0,0,12,6,2,24,0,0,0,1,9,6351,6,1,0,0,3,3,68,999,98,0,0,1,1,5,2012,11,2012,9,0,0,0,0,1,2,30,1,1,2,1,0,0,1,12,3,1,4,6,1,0
9,90219,1,2,2,29,12,14,14,12,6,1,0,9,3,85,881,85881,63,2004,2NKMHZ7X24M0,2,N,K,M,H,Z,7,X,2,4,M,0,0,T,KW,T30,CC,4,17,,7,2800,1450,CON,D,,,6,505,,,,,00000,00,,42,0,57,1222281,571222281,3,1,2,1,0,0,0,0,0,0,0,999,0,0,0,12,6,2,12,0,0,0,1,9,6010,6,1,6,0,3,0,69,999,98,0,0,0,0,0,0,0,0,0,0,0,0,0,1,2,35,1,2,2,3,0,0,1,62,99,2,1,65,0,0
9,90219,2,2,1,29,12,14,14,12,6,1,0,9,2,12,17,12017,4,1989,1FABP52UXKG2,1,F,A,B,P,5,2,U,X,K,G,2,0,P,FORD,TAG,4D,89,17,2927,,0,1060,,G,,F,6,182,,,14R205,,,,,,0,0,000000000,00000000000,0,0,0,1,0,0,0,0,0,0,0,999,0,0,0,9,6,2,12,0,0,0,1,9,6032,6,1,0,0,3,0,74,999,98,0,0,0,0,0,0,0,0,9,28,0,0,0,1,2,35,4,2,2,3,0,0,14,10,99,9,2,64,1,0
9,90220,1,1,4,21,12,8,19,8,0,1,0,9,2,24,1,24001,4,2000,1G8ZH5280YZ1,1,G,8,Z,H,5,2,8,0,Y,Z,1,0,P,STRN,SL1,4D,0,17,2332,,0,1024,,G,,F,4,116,,,14R185,,,,,,0,0,000000000,00000000000,0,0,0,1,0,0,0,0,0,0,0,15,0,0,0,12,4,3,8,0,0,0,1,9,6708,0,0,0,0,0,0,62,999,98,0,0,0,0,0,0,0,0,1,36,0,0,0,1,2,0,1,1,2,2,40,3,1,80,6,1,1,13,0,0
9,90221,1,1,1,17,11,21,42,8,0,1,0,9,1,22,2,22002,4,1995,1G2HX52K9S42,1,G,2,H,X,5,2,K,9,S,4,2,0,P,PONT,BVS,4D,95,17,3446,,0,1108,,G,,F,6,231,,,15R215,,,,,,0,0,000000000,00000000000,0,0,0,1,0,0,0,0,0,0,0,999,0,0,0,12,4,3,8,0,0,0,1,9,6518,6,1,0,0,3,0,71,999,98,0,0,0,0,0,0,0,0,9,0,0,0,0,1,4,40,1,1,2,1,0,0,1,80,8,2,2,13,0,0
9,90222,1,1,1,5,4,16,37,8,0,1,0,9,2,7,402,7402,14,2002,1B4HS38N82F1,1,B,4,H,S,3,8,N,8,2,F,1,0,P,DODG,DUR,UT,2,17,4473,,0,1160,,G,,F,8,287,,,15R235,,,,,,0,0,000000000,00000000000,0,0,0,1,0,0,0,0,0,0,0,30,0,0,0,12,2,3,8,0,0,0,1,9,6108,6,1,0,0,3,0,66,999,98,0,0,0,0,0,0,0,0,9,6,91,0,0,1,2,30,1,1,2,1,0,0,1,80,8,1,1,13,0,0
9,90223,1,2,3,2,12,19,0,12,2,1,0,9,1,12,13,12013,4,1993,1FAPP15J0PW3,1,F,A,P,P,1,5,J,0,P,W,3,0,P,FORD,LXE,SW,93,17,2411,,0,984,,G,,F,4,113,,,13R175,,,,,,0,0,000000000,00000000000,0,0,0,1,0,0,0,0,0,0,0,999,0,0,0,12,6,2,12,0,0,0,1,9,6704,1,1,0,0,2,0,71,999,98,2,0,0,0,7,2012,7,2012,9,28,0,0,0,1,2,25,2,2,2,2,0,0,14,10,1,1,2,51,1,0
9,90223,2,2,2,2,12,19,0,12,2,1,0,9,2,32,42,32042,4,2006,WAUDH74F86N0,W,A,U,D,H,7,4,F,8,6,N,0,0,P,AUDI,A63,4D,6,17,3898,,0,1119,,G,,F,6,191,,,17R245,,,,,,0,0,000000000,00000000000,0,0,0,1,0,0,0,0,0,0,0,999,0,0,0,12,6,2,12,0,0,0,1,9,6708,6,1,0,0,3,3,64,999,98,0,0,1,0,5,2012,5,2012,9,0,0,0,0,1,2,25,3,2,2,2,0,0,14,62,6,1,1,50,0,0
9,90224,1,1,2,28,12,23,8,8,0,1,0,9,1,37,402,37402,14,2007,JHLRE48777C0,J,H,L,R,E,4,8,7,7,7,C,0,0,P,HOND,CRV,UT,7,17,3534,,0,1031,,G,,F,4,146,,,17R225,,,,,,0,0,000000000,00000000000,0,0,0,1,0,0,0,0,0,0,0,28,0,0,0,12,4,3,8,0,0,0,1,9,6902,6,1,0,0,3,0,65,999,98,0,0,0,0,0,0,0,0,0,0,0,0,0,1,2,30,1,2,2,1,0,0,1,80,6,1,1,13,0,0
9,90225,1,1,2,22,12,15,38,24,0,1,0,9,2,6,43,6043,2,1995,4C3AU52NXSE1,4,C,3,A,U,5,2,N,X,S,E,1,0,P,CHRY,SLI,CP,95,17,3027,,0,1037,,G,,F,6,152,,,16R205,,,,,,0,0,000000000,00000000000,0,0,0,1,0,0,0,0,0,0,0,998,0,0,0,12,6,2,42,0,0,0,1,9,6413,6,1,0,0,3,0,72,999,98,0,0,0,0,0,0,0,0,9,0,0,0,0,6,1,99,1,5,2,1,0,0,15,12,99,1,4,6,2,0
9,90226,1,2,4,8,4,99,99,12,6,1,0,9,2,49,40,49040,4,2002,4T1BE32K82U6,4,T,1,B,E,3,2,K,8,2,U,6,0,P,TOYT,LXS,4D,2,17,3086,,0,1071,,G,,F,4,144,,,15R205,,,,,,0,0,000000000,00000000000,0,0,0,1,0,0,0,0,0,0,0,999,0,0,0,10,6,2,12,0,0,0,1,9,6513,6,1,0,0,3,0,72,999,98,0,0,0,1,9,2010,9,2010,0,0,0,0,0,1,2,35,1,1,2,1,0,0,1,53,1,1,1,48,0,0
9,90226,2,2,1,8,4,99,99,12,6,1,0,9,2,20,481,20481,31,2001,2GCEK19T0111,2,G,C,E,K,1,9,T,0,1,1,1,0,T,CHEV,SK1,4C,1,17,,2,1575,1435,SIL,G,,,8,325,,,,B,4776,00,,44,0,0,000000000,00000000000,0,0,0,1,0,0,0,0,0,0,0,70,0,1,1,1,6,2,1,0,0,0,1,9,6473,6,1,0,0,3,0,66,999,98,0,0,0,0,0,0,0,0,1,8,36,37,0,1,2,35,1,1,2,1,0,0,1,6,7,2,2,48,1,1
9,90227,1,2,3,17,11,14,46,12,2,1,0,9,3,13,1,13001,4,2003,1LNHM84W43Y6,1,L,N,H,M,8,4,W,4,3,Y,6,0,P,LINC,EXL,4D,3,17,4156,,0,1237,,G,,F,8,281,,,17R225,,,,,,0,0,000000000,00000000000,0,0,0,1,0,0,0,0,0,1,0,998,0,0,0,12,6,2,12,0,0,0,1,9,6810,6,1,6,1,3,0,68,999,98,0,0,0,0,0,0,0,0,9,28,0,0,0,1,2,30,1,5,2,1,0,0,11,15,1,1,2,84,0,0
9,90227,2,2,1,17,11,14,46,12,2,1,0,9,1,34,706,34706,80,1999,WB10407B5XZB,W,B,1,0,4,0,7,B,5,X,Z,B,0,M,BMW,R0R,RS,99,17,,,,,,,1100,,2,,4,482,,,,,,,0,0,000000000,00000000000,0,0,0,1,0,0,0,0,0,0,0,998,0,0,0,12,6,2,12,0,0,0,1,9,6010,6,1,6,0,3,0,70,999,98,0,0,0,0,0,0,0,0,0,0,0,0,0,1,2,35,2,6,2,1,20,3,10,67,99,1,1,84,1,0
9,90228,1,1,2,17,11,13,14,24,0,1,0,9,1,41,45,41045,1,1990,JM1NA3516L01,J,M,1,N,A,3,5,1,6,L,0,1,0,P,MAZD,MIA,CV,90,17,2093,,0,892,,G,,F,4,098,,,14R185,,,,,,0,0,000000000,00000000000,0,0,0,1,0,0,0,0,0,0,0,76,0,1,5,12,6,2,1,0,0,0,1,9,6811,6,1,0,0,3,0,66,999,98,0,0,0,0,0,0,0,0,0,52,0,0,0,3,2,65,1,5,2,1,0,0,1,13,2,2,4,2,1,0
9,90229,1,1,1,28,11,19,21,8,0,1,0,9,3,23,882,23882,61,2007,J8DC4B162770,J,8,D,C,4,B,1,6,2,7,7,0,0,T,GMC,W45,TB,7,17,,4,1760,1090,4/5,D,,,4,317,,,,,00000,00,,42,0,77,777777777,77777777777,2,1,1,1,0,0,0,0,0,0,0,999,0,0,0,12,4,3,8,0,0,0,1,53,6706,6,1,0,0,3,0,69,150,0,0,0,0,0,0,0,0,0,0,0,0,0,0,1,2,40,1,2,2,1,1,3,1,80,1,1,1,13,0,0
9,90230,1,1,1,12,4,0,52,53,0,1,0,9,2,12,402,12402,14,2011,1FMCU9DG3BKC,1,F,M,C,U,9,D,G,3,B,K,C,0,P,FORD,SPE,UT,11,17,3504,,0,1031,,F,,F,6,183,,,16R235,,,,,,0,0,000000000,00000000000,0,0,0,1,0,0,0,0,0,0,0,998,0,0,0,12,6,2,2,0,0,1,1,9,6790,6,1,0,0,3,0,72,999,98,0,0,0,0,0,0,0,0,9,0,0,0,0,1,2,25,1,1,2,1,0,0,1,12,1,1,4,6,1,1
9,90231,1,2,1,27,6,18,27,12,7,1,0,9,1,76,706,76706,80,2004,JYARN13E34A0,J,Y,A,R,N,1,3,E,3,4,A,0,0,M,YAMA,YFR,RC,4,17,,,,,,,998,,4,,4,999,,,,,,,0,0,000000000,00000000000,0,0,0,1,0,0,0,0,0,0,0,999,0,0,0,11,6,2,12,0,0,0,1,9,6098,6,1,0,0,3,3,74,999,98,0,0,0,0,0,0,0,0,1,0,0,0,0,1,2,45,1,1,2,1,0,0,1,6,9,1,1,77,1,0
9,90231,2,2,1,27,6,18,27,12,7,1,0,9,3,20,2,20002,4,2008,2G1WB58N5891,2,G,1,W,B,5,8,N,5,8,9,1,0,P,CHEV,IPL,4D,8,17,3555,,0,1105,,G,,F,6,214,,,16R225,,,,,,0,0,000000000,00000000000,0,0,0,1,0,0,0,0,0,1,0,999,0,0,0,5,4,3,12,0,0,0,1,9,6098,6,1,0,0,3,3,70,999,98,0,0,0,0,0,0,0,0,0,0,0,0,0,1,2,45,1,1,2,1,0,0,11,53,1,1,1,76,0,0
9,90232,1,2,2,6,5,16,38,12,2,1,0,9,2,12,37,12037,4,2003,1FAHP38Z53W3,1,F,A,H,P,3,8,Z,5,3,W,3,0,P,FORD,FZT,4D,3,17,2564,,0,1030,,G,,F,4,140,,,16R205,,,,,,0,0,000000000,00000000000,0,0,0,1,0,0,0,0,0,0,0,998,0,0,0,12,6,2,12,0,0,0,1,9,6850,0,0,0,0,0,0,62,999,98,0,0,0,0,0,0,0,0,1,28,36,91,0,1,2,35,4,5,2,1,40,3,14,6,99,9,2,50,0,0
9,90232,2,2,1,6,5,16,38,12,2,1,0,9,2,37,32,37032,4,1996,1HGCD5650TA0,1,H,G,C,D,5,6,5,0,T,A,0,0,P,HOND,UER,4D,96,17,2974,,0,1069,,G,,F,4,132,,,15R195,,,,,,0,0,000000000,00000000000,0,0,0,1,0,0,0,0,0,0,0,998,0,0,0,12,6,2,12,0,0,0,1,9,6851,6,1,0,0,3,0,66,999,98,0,0,0,0,0,0,0,0,0,0,0,0,0,1,2,35,4,6,2,1,0,0,14,62,99,1,1,51,1,0
9,90233,1,2,1,16,8,12,57,12,2,1,0,9,1,76,706,76706,80,2003,JYARN10E43A0,J,Y,A,R,N,1,0,E,4,3,A,0,0,M,YAMA,YFR,RC,3,17,,,,,,,998,,4,,4,382,,,,,,,0,0,000000000,00000000000,0,0,0,1,0,0,0,0,0,0,0,70,0,0,0,12,6,2,12,0,0,0,1,9,6704,6,1,0,0,2,0,72,999,98,0,0,2,1,3,2011,3,2012,1,36,33,91,0,1,2,25,1,1,2,1,0,0,6,54,1,1,1,69,1,0
9,90233,2,2,1,16,8,12,57,12,2,1,0,9,3,2,404,2404,14,1993,1J4GZ58S4PC1,1,J,4,G,Z,5,8,S,4,P,C,1,0,T,JEEP,LRO,4W,93,17,,1,0,1059,GCK,G,,,6,242,,,,,3574,00,B,44,0,0,000000000,00000000000,0,0,0,1,0,0,0,0,0,0,0,999,0,0,0,12,6,2,12,0,0,0,1,9,6708,6,1,0,0,3,0,66,999,98,0,0,0,0,0,0,0,0,0,0,0,0,0,1,2,25,1,1,2,1,0,0,11,54,1,1,1,68,0,0
9,90234,1,1,4,31,10,1,7,30,0,1,0,9,1,37,31,37031,3,1991,2HGED6342MH5,2,H,G,E,D,6,3,4,2,M,H,5,0,P,HOND,CIV,2H,91,17,1867,,0,984,,G,,F,4,091,,,13R165,,,,,,0,0,000000000,00000000000,0,0,0,1,0,0,0,0,0,0,0,998,0,0,0,12,6,2,30,0,0,0,1,9,6483,6,1,0,0,3,3,70,999,98,0,0,2,0,1,2011,9,2011,1,36,91,0,0,1,2,40,3,3,2,1,0,0,14,13,3,2,4,2,1,1
9,90235,1,1,1,22,10,19,39,8,0,1,0,9,1,49,422,49422,15,2005,5TDBT48A35S2,5,T,D,B,T,4,8,A,3,5,S,2,0,P,TOYT,SEQ,UT,5,17,3470,,0,1181,,G,,F,8,285,,,16R245,,,,,,0,0,000000000,00000000000,0,0,0,1,0,0,0,0,0,0,0,998,0,0,0,12,4,1,8,0,0,0,1,9,6902,6,1,0,0,3,0,66,999,98,0,0,0,0,0,0,0,0,0,0,0,0,0,4,2,25,1,1,2,1,0,0,1,80,99,1,1,13,0,0
9,90236,1,2,1,24,10,14,45,12,2,1,0,9,1,49,40,49040,4,2010,4T1BF3EK0AU0,4,T,1,B,F,3,E,K,0,A,U,0,0,P,TOYT,CBA,4D,10,17,3263,,0,1093,,G,,F,4,152,,,16R215,,,,,,0,0,000000000,00000000000,0,0,0,1,0,0,0,0,0,0,0,998,0,0,0,12,6,2,12,0,0,0,1,9,6776,6,1,0,0,3,0,63,999,98,0,0,0,0,0,0,0,0,0,28,0,0,0,1,2,35,1,1,2,1,0,0,1,10,1,1,6,50,0,0
9,90236,2,2,1,24,10,14,45,12,2,1,0,9,1,63,401,63401,14,2007,KNDJF7240773,K,N,D,J,F,7,2,4,0,7,7,3,0,P,KIA,SPO,UT,7,17,3230,,0,1035,,G,,F,4,122,,,16R215,,,,,,0,0,000000000,00000000000,0,0,0,1,0,0,0,0,0,0,0,998,0,0,0,12,6,2,12,0,0,0,1,9,6478,6,1,0,0,3,0,66,999,98,0,0,0,0,0,0,0,0,0,0,0,0,0,1,2,35,1,1,2,1,0,0,1,64,1,1,1,51,1,0
9,90237,1,1,1,4,9,20,22,8,0,1,0,9,1,51,46,51046,4,2000,YV1VS2555YF5,Y,V,1,V,S,2,5,5,5,Y,F,5,0,P,VOLV,S40,4D,0,17,3030,,0,1004,,G,,T,4,119,,,000000,,,,,,0,0,000000000,00000000000,0,0,0,1,0,0,0,0,0,0,0,998,0,0,0,12,6,2,8,0,0,0,1,9,6067,6,1,0,0,3,0,68,999,98,0,0,0,0,0,0,0,0,9,0,0,0,0,2,2,35,3,1,2,1,0,0,14,80,99,1,1,13,0,0
9,90238,1,1,1,23,2,15,40,42,0,1,0,9,1,14,401,14401,14,2001,4M2ZU86P41UJ,4,M,2,Z,U,8,6,P,4,1,U,J,0,P,MERC,MOU,UT,1,17,4250,,0,1116,,G,,F,8,302,,,15R235,,,,,,0,0,000000000,00000000000,0,0,0,1,0,0,0,0,0,0,0,998,0,0,0,12,6,2,42,0,0,0,1,9,6777,6,1,0,0,3,0,72,999,98,0,0,0,0,0,0,0,0,0,0,0,0,0,1,2,45,1,1,2,1,0,0,1,13,1,1,4,1,1,1
9,90239,1,2,1,2,7,15,25,12,6,1,0,9,1,72,706,72706,80,1994,1HD1BML33RY0,1,H,D,1,B,M,L,3,3,R,Y,0,0,M,HD,FLF,RS,94,17,,,,,,,1340,,2,,4,650,,,,,,,0,0,000000000,00000000000,0,0,0,1,0,0,0,0,0,0,0,998,0,0,0,12,6,2,12,0,0,0,1,9,6776,6,1,0,0,3,3,69,999,98,0,0,0,0,0,0,0,0,1,26,28,0,0,1,2,40,1,6,2,1,0,0,1,67,1,1,2,83,1,0
9,90239,2,2,1,2,7,15,25,12,6,1,0,9,2,37,31,37031,2,2004,1HGEM21584L0,1,H,G,E,M,2,1,5,8,4,L,0,0,P,HOND,UCL,CP,4,17,2449,,0,1031,,G,,F,4,102,,,000000,,,,,,0,0,000000000,00000000000,0,0,0,1,0,0,0,0,0,0,0,998,0,0,0,11,6,2,12,0,0,0,1,9,6776,6,1,0,0,3,0,63,999,98,0,0,0,0,0,0,0,0,0,0,0,0,0,1,2,25,1,5,2,1,20,3,11,62,1,1,1,82,0,0
9,90240,1,2,1,24,9,15,4,12,2,1,0,9,1,53,705,53705,80,2005,JS1GN7CA0521,J,S,1,G,N,7,C,A,0,5,2,1,0,M,SUZI,GSK,RC,5,17,,,,,,,599,,4,,4,355,,,,,,,0,0,000000000,00000000000,0,0,0,1,0,0,0,0,0,0,0,998,0,0,0,12,6,2,12,0,0,0,1,9,6776,6,1,0,0,2,0,68,999,98,0,0,0,0,0,0,0,0,1,0,0,0,0,1,2,25,1,1,2,1,0,0,1,6,1,1,1,69,1,0
9,90240,2,2,1,24,9,15,4,12,2,1,0,9,3,84,981,84981,50,2008,4DRBWAFN78A5,4,D,R,B,W,A,F,N,7,8,A,5,0,U,,,,8,17,,,,,,,,,,,,,,,,,,,0,99,999999999,99999999999,3,21,22,1,0,0,0,0,1,0,0,998,0,0,0,12,6,2,12,0,0,0,1,9,6776,6,1,6,1,3,3,65,999,98,0,0,0,0,0,0,0,0,0,38,0,0,0,1,2,25,1,1,2,1,0,0,11,15,1,1,1,68,0,0
9,90241,1,2,1,27,10,17,41,12,2,1,0,9,1,49,46,49046,5,2010,JTDKN3DU3A01,J,T,D,K,N,3,D,U,3,A,0,1,0,P,TOYT,PRI,4H,10,17,3042,,0,1063,,B,,F,4,110,,,15R195,,,,,,0,0,000000000,00000000000,0,0,0,1,0,0,0,0,0,0,0,998,0,0,0,12,6,2,12,36,0,0,1,9,6614,6,1,0,0,3,0,75,999,98,0,0,0,0,0,0,0,0,9,28,0,0,0,1,2,35,2,1,2,1,0,0,14,10,7,1,2,50,1,1
9,90241,2,2,1,27,10,17,41,12,2,1,0,9,1,49,472,49472,30,2005,5TEUU42N35Z0,5,T,E,U,U,4,2,N,3,5,Z,0,0,T,TOYT,ACC,PC,5,17,,1,0,1219,TAC,G,,,6,244,,,,B,3425,00,U,44,0,0,000000000,00000000000,0,0,0,1,0,0,0,0,0,0,0,998,0,0,0,12,6,2,12,0,0,0,1,9,6414,6,1,0,0,3,0,70,999,98,0,0,0,0,0,0,0,0,0,0,0,0,0,1,2,35,2,1,2,1,0,0,14,62,6,1,1,51,0,0
9,90242,1,2,1,18,12,13,39,12,11,1,0,9,3,85,881,85881,63,2001,1NKDXBEX81J8,1,N,K,D,X,B,E,X,8,1,J,8,0,T,KW,T80,CC,1,17,,8,2600,1600,CON,D,,,6,893,,,,,00000,00,,,0,57,640066,57640066,3,2,4,1,0,0,0,0,0,0,0,998,0,1,5,10,6,2,1,0,0,0,1,9,6754,6,1,6,0,1,0,76,999,98,0,0,0,0,0,0,0,0,9,39,0,0,0,1,4,40,2,6,2,1,1,3,14,17,7,9,2,86,1,0
9,90242,2,2,1,18,12,13,39,12,11,1,0,9,1,39,36,39036,4,2002,SAJEA51C22WC,S,A,J,E,A,5,1,C,2,2,W,C,0,P,JAGU,XT3,4D,2,17,3516,,0,1067,,G,,F,6,181,,,16R205,,,,,,0,0,000000000,00000000000,0,0,0,1,0,0,0,0,0,0,0,998,0,0,0,2,6,2,12,0,0,0,1,9,6457,6,1,0,0,3,0,65,999,98,0,0,0,0,0,0,0,0,0,0,0,0,0,1,2,30,1,2,2,1,1,3,1,66,6,1,2,87,0,0
9,90243,1,1,1,11,10,14,0,8,0,1,0,9,1,20,481,20481,40,2008,1GBJK34K68E2,1,G,B,J,K,3,4,K,6,8,E,2,0,T,CHEV,SK3,CB,8,17,,3,1615,1370,SIL,G,,,8,366,,,,D,5999,00,,44,0,88,888888888,88888888888,2,1,97,1,0,0,0,0,0,0,0,998,0,0,0,12,2,3,8,0,0,0,1,9,6825,6,1,0,0,3,1,72,999,98,0,0,0,1,8,2012,8,2012,0,0,0,0,0,1,2,25,1,1,2,1,0,0,1,80,3,1,1,13,0,0
9,90244,1,1,1,9,12,0,57,42,0,1,0,9,1,18,18,18018,4,1994,1G4NV55M7RC3,1,G,4,N,V,5,5,M,7,R,C,3,0,P,BUIC,SKC,4D,94,17,2791,,0,1034,,G,,F,6,191,,,14R185,,,,,,0,0,000000000,00000000000,0,0,0,1,0,0,0,0,0,0,0,998,0,0,0,11,6,2,42,0,0,0,1,9,6460,6,1,0,0,3,0,66,999,98,0,0,0,0,0,0,0,0,0,0,0,0,0,1,4,40,1,1,2,1,0,0,1,12,1,1,4,6,1,0
9,90245,1,1,1,7,12,17,45,8,0,1,1,99,9,99,999,99999,99,9999,999999999999,9,9,9,9,9,9,9,9,9,9,9,9,0,U,,,,9,17,,,,,,,,,,,,,,,,,,,0,0,000000000,00000000000,0,0,0,1,0,0,0,0,0,0,0,998,0,0,0,12,9,1,8,0,0,0,1,99,99999,9,9,99,9,9,9,999,999,99,99,99,99,99,99,9999,99,9999,9,0,0,0,0,1,2,35,1,4,2,2,0,0,99,99,99,9,9,13,0,0
9,90246,1,2,1,15,12,21,59,12,6,1,0,9,1,35,39,35039,4,1999,JN1CA21D6XT2,J,N,1,C,A,2,1,D,6,X,T,2,0,P,NISS,MGS,4D,99,17,2896,,0,1063,,G,,F,6,182,,,15R205,,,,,,0,0,000000000,00000000000,0,0,0,1,0,0,0,0,0,0,0,998,0,0,0,1,6,2,12,0,0,0,1,9,6460,6,1,0,0,3,0,66,999,98,0,0,0,0,0,0,0,0,0,38,91,0,0,1,2,30,1,1,2,1,20,3,1,17,1,1,1,87,0,0
9,90246,2,2,1,15,12,21,59,12,6,1,0,9,1,72,706,72706,80,2006,1HD1BWB156Y0,1,H,D,1,B,W,B,1,5,6,Y,0,0,M,HD,FSI,RS,6,17,,,,,,,1450,,2,,4,719,,,,,,,0,0,000000000,00000000000,0,0,0,1,0,0,0,0,0,0,0,998,0,0,0,12,6,2,12,0,0,0,1,9,6460,6,1,6,0,3,0,69,999,98,0,0,1,0,8,2010,8,2010,0,0,0,0,0,1,2,30,1,1,2,1,0,0,1,17,3,1,1,86,1,1
9,90247,1,1,1,16,9,20,15,35,0,1,0,0,0,49,32,49032,2,1981,JT2TE7202B01,J,T,2,T,E,7,2,0,2,B,0,1,0,P,TOYT,,,81,17,,,,,,G,,2,4,108,,,,,,,,,0,0,000000000,00000000000,0,0,0,1,0,0,0,0,0,0,0,80,0,1,5,14,6,2,1,35,0,0,1,9,6704,6,1,0,0,3,0,68,999,98,0,0,0,0,0,0,0,0,1,24,36,0,0,1,2,25,1,1,2,1,0,0,1,6,8,2,4,7,1,0
9,90248,1,2,1,30,7,14,37,12,6,1,0,92,0,76,706,76706,80,2004,JYARN07E24A0,J,Y,A,R,N,0,7,E,2,4,A,0,0,M,YAMA,FZS,RC,4,17,,,,,,,998,,4,,4,458,,,,,,,0,0,000000000,00000000000,0,0,0,1,0,0,0,0,0,0,0,998,0,0,0,12,6,2,12,0,0,0,1,9,6607,0,0,0,0,0,0,65,999,98,0,0,0,0,0,0,0,0,1,0,0,0,0,1,2,25,1,1,2,1,0,0,1,66,1,1,1,86,1,0
9,90248,2,2,1,30,7,14,37,12,6,1,0,9,1,32,44,32044,4,2004,WAUML44E14N0,W,A,U,M,L,4,4,E,1,4,N,0,0,P,AUDI,A8L,4D,4,17,4266,,0,1211,,G,,F,8,255,,,17R235,,,,,,0,0,000000000,00000000000,0,0,0,1,0,0,0,0,0,0,0,998,0,0,0,4,6,2,12,0,0,0,1,9,6606,6,1,0,0,3,0,72,999,98,0,0,0,1,10,2011,10,2011,0,38,91,0,0,1,2,25,1,1,2,2,20,3,1,17,1,1,1,87,0,0
10,100001,1,3,1,3,1,18,34,15,0,1,1,10,2,21,2,21002,4,1994,1G3HN52L5RH3,1,G,3,H,N,5,2,L,5,R,H,3,0,P,OLDS,88R,4D,94,17,3344,,0,1108,,G,,F,6,231,,,15R205,,,,,,0,0,000000000,00000000000,0,0,0,1,0,0,0,0,0,0,0,45,0,0,0,12,4,1,15,0,0,0,1,10,19707,2,1,0,0,2,0,67,150,0,3,2,0,1,4,2011,10,2011,0,86,0,0,0,3,3,45,1,1,1,1,0,0,1,83,1,1,1,13,0,0
10,100001,2,3,1,3,1,18,34,15,0,1,1,99,9,99,999,99999,99,9999,999999999999,9,9,9,9,9,9,9,9,9,9,9,9,0,,,,,,,,,,,,,,,,,,,,,,,,,0,0,000000000,00000000000,0,0,0,1,0,0,0,0,0,0,0,999,0,0,0,99,9,2,15,99,99,0,1,99,99999,9,9,99,9,9,9,999,999,99,99,99,99,99,99,9999,99,9999,0,99,99,99,99,3,3,45,1,1,1,1,0,0,99,99,99,9,9,98,0,0