STATE,ST_CASE,VEH_NO,VE_FORMS,NUMOCCS,DAY,MONTH,HOUR,MINUTE,HARM_EV,MAN_COLL,UNITTYPE,HIT_RUN,REG_STAT,OWNER,MAKE,MODEL,MAK_MOD,BODY_TYP,MOD_YEAR,VIN,VIN_1,VIN_2,VIN_3,VIN_4,VIN_5,VIN_6,VIN_7,VIN_8,VIN_9,VIN_10,VIN_11,VIN_12,TOW_VEH,VINTYPE,VINMAKE,VINA_MOD,VIN_BT,VINMODYR,VIN_LNGT,VIN_WGT,WGTCD_TR,WHLBS_LG,WHLBS_SH,SER_TR,FUELCODE,MCYCL_DS,CARBUR,CYLINDER,DISPLACE,MCYCL_CY,MCYCL_WT,TIRE_SZE,TON_RAT,TRK_WT,TRKWTVAR,VIN_REST,WHLDRWHL,J_KNIFE,MCARR_I1,MCARR_I2,MCARR_ID,GVWR,V_CONFIG,CARGO_BT,HAZ_INV,HAZ_PLAC,HAZ_ID,HAZ_CNO,HAZ_REL,BUS_USE,SPEC_USE,EMER_USE,TRAV_SP,UNDERIDE,ROLLOVER,ROLINLOC,IMPACT1,DEFORMED,TOWED,M_HARM,VEH_SC1,VEH_SC2,FIRE_EXP,DR_PRES,L_STATE,DR_ZIP,L_STATUS,L_TYPE,CDL_STAT,L_ENDORS,L_COMPL,L_RESTRI,DR_HGT,DR_WGT,PREV_ACC,PREV_SUS,PREV_DWI,PREV_SPD,PREV_OTH,FIRST_MO,FIRST_YR,LAST_MO,LAST_YR,SPEEDREL,DR_SF1,DR_SF2,DR_SF3,DR_SF4,VTRAFWAY,VNUM_LAN,VSPD_LIM,VALIGN,VPROFILE,VPAVETYP,VSURCOND,VTRAFCON,VTCONT_F,P_CRASH1,P_CRASH2,P_CRASH3,PCRASH4,PCRASH5,ACC_TYPE,DEATHS,DR_DRINK
10,100001,3,3,1,3,1,18,34,15,0,1,1,99,9,99,999,99999,99,9999,999999999999,9,9,9,9,9,9,9,9,9,9,9,9,0,,,,,,,,,,,,,,,,,,,,,,,,,0,0,000000000,00000000000,0,0,0,1,0,0,0,0,0,0,0,999,0,0,0,99,9,1,15,0,0,0,1,99,99999,9,9,99,9,9,9,999,999,99,99,99,99,99,99,9999,99,9999,0,86,0,0,0,3,3,45,1,1,1,1,0,0,99,99,99,9,9,98,0,0
10,100002,1,1,2,5,1,2,15,53,0,1,0,10,2,18,20,18020,4,1996,2G4WB52M3T14,2,G,4,W,B,5,2,M,3,T,1,4,0,P,BUIC,RGC,4D,96,17,3331,,0,1075,,G,,F,6,191,,,15R205,,,,,,0,0,000000000,00000000000,0,0,0,1,0,0,0,0,0,0,0,998,0,0,0,9,6,2,42,0,0,0,1,10,19962,6,1,0,0,3,0,73,199,0,1,1,0,0,2,2011,2,2011,1,6,87,0,0,2,4,55,1,1,2,4,0,0,1,11,1,2,4,2,1,1
10,100003,1,1,1,12,1,10,50,34,0,1,0,10,2,49,38,49038,2,1994,JT2EL43S9R03,J,T,2,E,L,4,3,S,9,R,0,3,0,P,TOYT,TTX,2D,94,17,2025,,0,937,,G,,F,4,089,,,13R155,,,,,,0,0,000000000,00000000000,0,0,0,1,0,0,0,0,0,0,0,35,0,0,0,14,6,2,42,0,0,0,1,10,19711,6,1,0,0,3,0,59,115,0,0,0,0,2,1,2011,1,2011,0,6,27,36,0,1,2,35,3,1,2,2,0,0,14,13,9,4,4,2,1,0
10,100004,1,1,3,14,1,0,4,25,0,1,0,10,1,48,34,48034,6,1995,4S3BK6350S73,4,S,3,B,K,6,3,5,0,S,7,3,0,P,SUBA,UOB,SW,95,17,2890,,0,1035,,G,,F,4,135,,,14R185,,,,,,0,0,000000000,00000000000,0,0,0,1,0,0,0,0,0,0,0,999,0,0,0,3,6,2,21,0,0,0,1,10,19808,6,1,0,0,3,0,65,260,0,0,0,1,0,4,2011,4,2011,1,99,99,99,99,3,5,55,1,1,2,1,0,0,1,13,6,2,4,2,1,0
10,100005,1,1,3,21,1,8,23,42,0,1,0,42,2,21,20,21020,4,1994,1G3WH55M5RD3,1,G,3,W,H,5,5,M,5,R,D,3,0,P,OLDS,SUS,4D,94,17,3137,,0,1075,,G,,F,6,191,,,15R205,,,,,,0,0,000000000,00000000000,0,0,0,1,0,0,0,0,0,0,0,999,0,0,0,83,6,2,42,0,0,0,1,42,19082,1,1,0,0,2,0,60,999,1,1,1,0,1,9,2009,12,2010,1,36,0,0,0,2,4,40,1,6,2,3,0,0,1,12,1,2,4,7,0,1
10,100006,1,1,1,2,2,21,58,8,0,1,0,10,1,49,442,49442,20,2008,5TDZK23C58S1,5,T,D,Z,K,2,3,C,5,8,S,1,0,P,TOYT,SIE,SV,8,17,4177,,0,1193,,G,,F,6,214,,,16R215,,,,,,0,0,000000000,00000000000,0,0,0,1,0,0,0,0,0,0,0,45,0,0,0,12,6,2,8,0,0,0,1,10,19702,6,1,0,0,3,0,62,190,0,0,0,0,0,0,0,0,0,0,0,0,0,0,3,2,45,1,2,2,1,0,0,1,80,1,1,1,13,0,0
10,100007,1,3,1,3,2,21,2,12,2,1,0,42,2,20,441,20441,20,1997,1GNEL19W0VB1,1,G,N,E,L,1,9,W,0,V,B,1,0,T,CHEV,AST,ES,97,17,,2,0,1110,AST,G,,,6,262,,,,B,00000,00,,44,0,0,000000000,00000000000,0,0,0,1,0,0,0,0,0,0,0,50,0,0,0,12,6,2,12,0,0,0,1,10,19958,6,1,6,0,3,3,67,140,0,0,0,0,0,0,0,0,0,1,0,0,0,0,2,3,45,1,1,2,1,0,0,1,10,1,1,2,50,1,1
10,100007,2,3,1,3,2,21,2,12,2,1,0,10,1,54,421,54421,15,2004,2HNYD18964H5,2,H,N,Y,D,1,8,9,6,4,H,5,0,P,ACUR,MDX,UT,4,17,4510,,0,1063,,G,,F,6,212,,,17R235,,,,,,0,0,000000000,00000000000,0,0,0,1,0,0,0,0,0,0,0,50,0,0,0,12,6,2,12,0,0,0,1,10,19971,6,1,0,0,3,3,63,117,0,0,0,1,0,9,2011,9,2011,0,0,0,0,0,2,3,45,1,1,2,1,0,0,1,62,1,1,2,51,0,0
10,100007,3,3,2,3,2,21,2,12,2,1,1,24,1,7,442,7442,20,2006,2D8GP44L26R6,2,D,8,G,P,4,4,L,2,6,R,6,0,T,DODG,GSX,ES,6,17,,1,0,1193,CAR,G,,,6,230,,,,,4252,00,K,42,0,0,000000000,00000000000,0,0,0,1,0,0,0,0,0,0,0,50,0,0,0,10,6,2,12,0,0,0,1,24,21113,6,1,0,0,3,0,76,255,0,0,0,0,0,0,0,0,0,0,0,0,0,0,2,3,45,1,1,2,1,0,0,1,62,1,1,2,98,0,0
10,100008,1,1,1,7,2,19,29,8,0,1,0,10,1,12,461,12461,21,2009,1FTNE14W79DA,1,F,T,N,E,1,4,W,7,9,D,A,0,T,FORD,15V,CG,9,17,,2,0,1380,VAN,G,,,8,281,,,,B,5264,00,E,42,0,0,000000000,00000000000,0,0,0,1,0,0,0,0,0,0,0,50,0,0,0,12,6,2,8,0,0,0,1,10,19713,6,1,0,0,3,0,67,132,0,0,0,0,0,0,0,0,0,0,86,0,0,0,2,4,50,1,1,2,1,1,3,1,83,1,1,1,13,0,0
10,100009,1,2,2,11,2,14,38,12,6,1,0,10,2,7,20,7020,4,2004,1B3ES56C84D6,1,B,3,E,S,5,6,C,8,4,D,6,0,P,DODG,NXT,4D,4,17,2634,,0,1040,,G,,F,4,122,,,15R185,,,,,,0,0,000000000,00000000000,0,0,0,1,0,0,0,0,0,0,0,55,0,0,0,12,6,2,12,0,0,0,1,10,19977,6,1,0,0,3,0,64,180,0,0,0,5,2,3,2009,7,2011,0,0,0,0,0,3,4,55,1,1,2,2,20,3,1,66,2,1,2,88,0,0
10,100009,2,2,1,11,2,14,38,12,6,1,0,10,1,49,46,49046,4,2010,JTDKN3DU0A00,J,T,D,K,N,3,D,U,0,A,0,0,0,P,TOYT,PRI,4H,10,17,3042,,0,1063,,B,,F,4,110,,,15R195,,,,,,0,0,000000000,00000000000,0,0,0,1,0,0,0,0,0,0,0,55,0,0,0,9,6,2,12,0,0,0,1,10,19730,6,1,0,0,3,3,71,151,0,0,0,1,0,9,2011,9,2011,0,0,0,0,0,3,4,55,1,1,2,2,20,3,1,17,1,1,2,89,1,0
10,100010,1,2,1,11,2,19,50,12,2,1,0,10,2,22,19,22019,2,2008,1G2AL18F5872,1,G,2,A,L,1,8,F,5,8,7,2,0,P,PONT,G/5,CP,8,17,2991,,0,1035,,G,,F,4,134,,,15R195,,,,,,0,0,000000000,00000000000,0,0,0,1,0,0,0,0,0,0,0,50,0,0,0,12,6,2,12,0,0,0,1,10,19958,6,1,0,0,3,0,72,155,0,0,0,0,1,1,2010,1,2010,0,6,36,0,0,1,2,50,1,1,2,2,0,0,15,10,1,2,2,50,0,1
10,100010,2,2,2,11,2,19,50,12,2,1,0,10,1,37,32,37032,5,1995,1HGCE1893SA0,1,H,G,C,E,1,8,9,3,S,A,0,0,P,HOND,AEX,SW,95,17,3096,,0,1069,,G,,F,4,132,,,15R195,,,,,,0,0,000000000,00000000000,0,0,0,1,0,0,0,0,0,0,0,50,0,0,0,12,6,2,12,0,0,0,1,10,19947,6,1,0,0,3,0,61,180,0,0,0,0,0,0,0,0,0,0,0,0,0,0,1,2,50,1,1,2,2,0,0,1,54,1,1,2,51,1,0
10,100011,1,1,2,14,2,19,17,42,0,1,0,10,1,20,481,20481,31,2004,1GCEK19T14E3,1,G,C,E,K,1,9,T,1,4,E,3,0,T,CHEV,SK1,4C,4,17,,2,1575,1435,SIL,G,,,8,325,,,,B,4925,00,,44,0,0,000000000,00000000000,0,0,0,1,0,0,0,0,0,0,0,999,0,1,6,12,6,2,35,0,0,0,1,10,19808,6,1,0,0,3,0,74,218,0,0,0,0,0,0,0,0,0,0,0,0,0,0,6,8,65,1,1,1,1,0,0,1,12,2,1,5,98,1,0
10,100012,1,2,1,20,2,1,0,12,1,1,0,10,1,22,16,22016,4,1994,1G2JB54H2R75,1,G,2,J,B,5,4,H,2,R,7,5,0,P,PONT,SLE,4D,94,17,2502,,0,1013,,G,,F,4,121,,,14R185,,,,,,0,0,000000000,00000000000,0,0,0,1,0,0,0,0,0,0,0,0,0,0,0,6,6,2,12,0,0,0,1,10,19952,6,1,0,0,3,3,67,107,0,0,0,0,0,0,0,0,0,0,54,0,0,0,3,4,55,1,1,2,1,0,0,5,98,1,9,2,21,1,0
10,100012,2,2,2,20,2,1,0,12,1,1,0,10,1,20,421,20421,15,2000,1GNEK13T4YJ1,1,G,N,E,K,1,3,T,4,Y,J,1,0,P,CHEV,KTA,UT,0,17,5333,,0,1160,,G,,F,8,325,,,16R265,,,,,,0,0,000000000,00000000000,0,0,0,1,0,0,0,0,0,0,0,55,0,1,5,12,6,2,34,0,0,0,1,10,19943,6,1,0,0,3,0,62,164,0,0,0,1,0,3,2010,3,2010,0,84,0,0,0,3,4,55,1,1,2,1,0,0,1,50,1,1,1,20,0,0
10,100013,1,1,1,25,2,5,32,33,0,1,0,10,1,54,35,54035,4,2003,19UUA56653A0,1,9,U,U,A,5,6,6,5,3,A,0,0,P,ACUR,32T,4D,3,17,3492,,0,1081,,G,,F,6,197,,,16R205,,,,,,0,0,000000000,00000000000,0,0,0,1,0,0,0,0,0,0,0,50,0,1,5,14,6,2,31,0,0,0,1,10,19720,6,1,0,0,3,0,68,165,0,0,0,0,0,0,0,0,0,1,8,0,0,0,2,6,50,1,1,2,1,0,0,1,11,1,2,5,2,1,1
10,100014,1,1,1,1,3,14,7,8,0,1,0,10,1,37,32,37032,4,2005,1HGCM56455A1,1,H,G,C,M,5,6,4,5,5,A,1,0,P,HOND,ULX,4D,5,17,3177,,0,1079,,G,,F,4,146,,,15R205,,,,,,0,0,000000000,00000000000,0,0,0,1,0,0,0,0,0,0,0,40,0,0,0,12,6,2,8,0,0,0,1,10,19810,6,1,0,0,3,3,71,186,0,0,0,0,0,0,0,0,0,0,80,0,0,0,2,4,40,1,1,2,1,0,0,1,80,1,1,2,13,0,0
10,100015,1,2,1,4,3,20,51,12,2,1,0,39,1,12,481,12481,31,2006,1FTSW21P16EA,1,F,T,S,W,2,1,P,1,6,E,A,0,T,FORD,F2S,CW,6,17,,2,1720,1560,SRW,D,,,8,366,,,,C,6395,01,E,44,0,0,000000000,00000000000,0,0,0,1,0,0,0,0,0,0,0,40,0,0,0,12,6,2,12,0,0,0,1,39,44060,6,1,0,0,3,0,74,180,0,0,0,1,1,8,2011,8,2011,0,0,0,0,0,1,2,50,2,2,2,1,0,0,14,62,1,1,1,51,0,0
10,100015,2,2,1,4,3,20,51,12,2,1,0,10,2,6,43,6043,4,2007,1C3LC56R77N5,1,C,3,L,C,5,6,R,7,7,N,5,0,P,CHRY,STO,4D,7,17,3290,,0,1089,,G,,F,6,167,,,17R215,,,,,,0,0,000000000,00000000000,0,0,0,1,0,0,0,0,0,0,0,50,0,0,0,12,6,2,12,0,0,0,1,10,19709,2,1,0,0,2,0,71,175,0,2,0,0,0,11,2010,1,2011,0,58,0,0,0,1,2,50,3,2,2,1,0,0,14,10,8,2,2,50,1,1
10,100016,1,2,1,7,3,19,25,54,11,1,0,10,1,7,421,7421,15,1987,1B7HD14T5HS3,1,B,7,H,D,1,4,T,5,H,S,3,0,T,DODG,D15,PK,87,17,,2,1310,1150,D15,G,,,8,318,,,,B,3389,01,A,42,0,0,000000000,00000000000,0,0,0,1,0,0,0,0,0,0,0,55,0,0,0,18,2,1,54,0,0,0,1,10,19952,6,1,0,0,3,0,71,180,0,0,0,0,0,0,0,0,0,0,0,0,0,0,3,4,55,1,1,2,1,0,0,1,90,1,1,1,98,0,0
10,100016,2,2,2,7,3,19,25,54,11,1,0,10,1,54,36,54036,4,2003,JH4KA96543C0,J,H,4,K,A,9,6,5,4,3,C,0,0,P,ACUR,35R,4D,3,17,3898,,0,1146,,G,,F,6,212,,,16R225,,,,,,0,0,000000000,00000000000,0,0,0,1,0,0,0,0,0,0,0,55,0,0,0,12,2,1,54,0,0,0,1,10,19950,6,1,0,0,3,3,68,151,0,0,0,0,0,0,0,0,0,0,0,0,0,0,3,4,55,1,1,2,1,0,0,1,92,1,1,1,98,1,0
10,100017,1,1,1,2,4,21,5,43,0,1,0,10,2,53,705,53705,80,2000,JS1GR7HA2Y21,J,S,1,G,R,7,H,A,2,Y,2,1,0,M,SUZI,SX7,RC,0,17,,,,,,,749,,4,,4,366,,,,,,,0,0,000000000,00000000000,0,0,0,1,0,0,0,0,0,0,0,999,0,0,0,12,6,2,19,0,0,0,1,10,19720,6,1,0,0,3,0,73,170,0,0,0,0,1,3,2012,3,2012,1,6,37,0,0,1,2,25,3,1,2,1,0,0,14,13,1,2,5,2,1,0
10,100018,1,1,1,3,4,17,24,8,0,1,0,24,2,22,20,22020,4,1999,1G2WJ52M2XF3,1,G,2,W,J,5,2,M,2,X,F,3,0,P,PONT,GFS,4D,99,17,3414,,0,1105,,G,,F,6,191,,,15R205,,,,,,0,0,000000000,00000000000,0,0,0,1,0,0,0,0,0,0,0,65,0,0,0,12,6,2,8,0,0,0,1,24,21901,6,1,0,0,3,0,66,112,0,0,0,2,0,12,2010,12,2010,0,86,0,0,0,3,2,65,1,1,1,1,0,0,17,52,8,1,5,8,0,0
10,100019,1,2,2,4,4,21,35,12,6,1,0,10,1,72,706,72706,80,2007,1HD1JD5187Y0,1,H,D,1,J,D,5,1,8,7,Y,0,0,M,HD,FLN,RS,7,17,,,,,,,1584,,2,,4,695,,,,,,,0,0,000000000,00000000000,0,0,0,1,0,0,0,0,0,0,0,42,0,0,0,12,6,2,12,0,0,0,1,10,19701,1,1,0,0,2,0,71,220,0,1,0,0,0,12,2011,12,2011,0,0,0,0,0,1,2,50,1,1,2,1,1,3,1,62,2,2,1,69,2,0
10,100019,2,2,3,4,4,21,35,12,6,1,0,10,1,37,32,37032,2,1999,1HGCG2253XA0,1,H,G,C,G,2,2,5,3,X,A,0,0,P,HOND,UEX,CP,99,17,3241,,0,1051,,G,,F,6,183,,,16R205,,,,,,0,0,000000000,00000000000,0,0,0,1,0,0,0,0,0,0,0,998,0,0,0,1,6,2,12,0,0,0,1,10,19703,6,1,0,0,3,0,65,147,0,0,0,0,1,5,2010,5,2010,0,39,0,0,0,1,2,50,1,1,2,1,1,3,11,15,1,1,1,68,0,0
10,100020,1,2,4,5,4,7,9,12,1,1,0,10,3,84,981,84981,50,2001,1HVBBABN81H3,1,H,V,B,B,A,B,N,8,1,H,3,0,T,INTL,380,BU,1,17,,7,2760,1520,30S,D,,,8,444,,,,,00000,00,,42,0,88,888888888,88888888888,3,21,22,1,0,0,0,0,1,0,0,0,0,0,0,6,2,1,12,0,0,0,1,10,19966,6,1,6,1,3,0,68,196,0,0,0,0,0,0,0,0,0,0,0,0,0,0,1,2,50,1,1,2,1,0,0,5,53,1,1,1,21,0,0
10,100020,2,2,1,5,4,7,9,12,1,1,0,10,1,20,16,20016,2,2000,1G1JC124XY72,1,G,1,J,C,1,2,4,X,Y,7,2,0,P,CHEV,CAV,CP,0,17,2617,,0,1041,,G,,F,4,133,,,14R195,,,,,,0,0,000000000,00000000000,0,0,0,1,0,0,0,0,0,0,0,51,1,0,0,12,6,2,12,0,0,0,1,10,19966,6,1,0,0,3,0,63,135,0,0,0,0,0,0,0,0,0,0,6,41,0,0,1,2,50,1,1,2,1,0,0,1,50,1,1,1,20,1,0
10,100021,1,2,1,7,4,9,53,12,6,1,0,10,1,18,7,18007,4,2002,2G4WS52J2212,2,G,4,W,S,5,2,J,2,2,1,2,0,P,BUIC,CCU,4D,2,17,3368,,0,1090,,G,,F,6,191,,,15R205,,,,,,0,0,000000000,00000000000,0,0,0,1,0,0,0,0,0,0,0,31,0,0,0,63,2,3,12,0,0,0,1,10,19808,6,1,0,0,3,0,65,130,0,0,0,0,0,0,0,0,0,0,38,0,0,0,3,3,45,1,1,2,1,20,3,10,15,1,1,1,78,0,0
10,100021,2,2,2,7,4,9,53,12,6,1,0,10,1,72,706,72706,80,2008,1HD1FC4108Y6,1,H,D,1,F,C,4,1,0,8,Y,6,0,M,HD,FLU,RS,8,17,,,,,,,1584,,2,,4,851,,,,,,,0,0,000000000,00000000000,0,0,0,1,0,0,0,0,0,0,0,37,0,0,0,12,6,2,5,0,0,0,1,10,19713,6,1,0,0,3,0,67,190,0,0,0,0,0,0,0,0,0,0,84,0,0,0,3,3,45,1,1,2,1,20,3,1,65,2,2,2,79,1,0
10,100022,1,2,2,11,4,20,5,12,6,1,0,24,1,51,40,51040,6,1994,YV1JW8834R31,Y,V,1,J,W,8,8,3,4,R,3,1,0,P,VOLV,940,SW,94,17,3274,,0,1091,,G,,F,4,141,,,15R185,,,,,,0,0,000000000,00000000000,0,0,0,1,0,0,0,0,0,0,0,50,0,0,0,9,6,2,12,0,0,0,1,24,21649,6,1,0,0,3,3,72,165,0,0,0,1,1,4,2011,3,2012,0,38,0,0,0,1,2,50,1,1,2,1,20,3,1,66,6,2,1,89,2,0
10,100022,2,2,2,11,4,20,5,12,6,1,0,24,2,7,880,7880,67,1999,1B7MF3362XJ5,1,B,7,M,F,3,3,6,2,X,J,5,0,T,DODG,Q35,4C,99,17,,3,0,1547,RPC,D,,,6,359,,,,D,6061,00,U,44,0,88,888888888,88888888888,2,1,97,1,0,0,0,0,0,0,0,50,0,0,0,12,6,2,12,0,0,0,1,24,21607,6,1,0,0,8,0,70,260,0,0,0,0,1,10,2011,10,2011,0,0,0,0,0,1,2,50,1,1,2,1,0,0,1,17,1,1,1,88,0,0
10,100023,1,2,1,12,4,18,18,12,6,1,0,10,1,20,422,20422,15,2009,1GNFK26389R2,1,G,N,F,K,2,6,3,8,9,R,2,0,P,CHEV,K15,UT,9,17,5743,,0,1300,,F,,F,8,323,,,17R265,,,,,,0,0,000000000,00000000000,0,0,0,1,0,0,0,0,0,0,0,55,0,0,0,12,6,2,12,0,0,0,1,10,19709,6,1,0,0,3,0,75,226,0,0,0,0,0,0,0,0,0,0,0,0,0,0,2,4,55,2,2,2,1,0,0,14,62,1,1,1,65,0,0
10,100023,2,2,4,12,4,18,18,12,6,1,0,10,2,7,402,7402,14,2000,1B4HS28N4YF2,1,B,4,H,S,2,8,N,4,Y,F,2,0,P,DODG,DUR,UT,0,17,4462,,0,1159,,G,,F,8,287,,,15R235,,,,,,0,0,000000000,00000000000,0,0,0,1,0,0,0,0,0,0,0,92,0,0,0,3,6,2,12,0,0,1,1,10,19709,6,1,0,0,3,3,66,130,0,0,0,0,0,0,0,0,0,1,6,0,0,0,2,4,55,3,6,2,1,0,0,14,10,2,2,2,64,1,0
10,100024,1,2,1,13,4,14,2,12,6,1,0,10,1,12,481,12481,31,2005,1FTPW14505FB,1,F,T,P,W,1,4,5,0,5,F,B,0,T,FORD,F1S,CW,5,17,,2,1450,1260,COF,G,,,8,330,,,,B,5577,00,U,44,0,0,000000000,00000000000,0,0,0,1,0,0,0,0,0,0,0,67,0,0,0,12,6,2,12,0,0,0,1,10,19702,6,1,0,0,3,0,67,160,0,0,0,1,0,7,2011,7,2011,0,0,0,0,0,3,4,45,1,1,2,1,97,8,1,62,2,2,1,69,0,0
10,100024,2,2,1,13,4,14,2,12,6,1,0,10,1,12,471,12471,30,1993,1FTCR10U2PPA,1,F,T,C,R,1,0,U,2,P,P,A,0,T,FORD,RNG,PK,93,17,,1,1139,1079,RNG,G,,,6,182,,,,B,2918,01,A,42,0,0,000000000,00000000000,0,0,0,1,0,0,0,0,0,0,0,999,0,1,5,3,6,2,1,0,0,0,1,10,19720,6,1,0,0,3,3,70,151,0,0,0,0,0,0,0,0,0,0,38,0,0,0,3,4,45,1,1,2,1,97,8,11,17,1,1,2,68,1,0
10,100025,1,1,1,5,4,17,47,15,0,1,0,10,1,37,32,37032,2,2003,1HGCM71613A0,1,H,G,C,M,7,1,6,1,3,A,0,0,P,HOND,UEX,CP,3,17,3047,,0,1051,,G,,F,4,146,,,16R205,,,,,,0,0,000000000,00000000000,0,0,0,1,0,0,0,0,0,0,0,999,0,0,0,12,0,1,15,0,0,0,1,10,19713,6,1,0,0,3,0,66,145,0,0,0,0,2,1,2011,1,2012,0,0,0,0,0,1,2,20,1,1,1,1,0,0,1,80,1,1,1,13,0,0
10,100026,1,2,1,17,4,8,34,12,6,1,0,10,1,37,706,37706,80,1985,1HFSC1717FA1,1,H,F,S,C,1,7,1,7,F,A,1,0,M,HOND,V1S,RS,85,17,,,,,,,1100,,4,,4,540,,,,,,,0,0,000000000,00000000000,0,0,0,1,0,0,0,0,0,0,0,45,0,0,0,12,6,2,1,0,0,0,1,10,19706,6,1,0,0,3,3,67,135,0,0,0,0,0,0,0,0,0,0,0,0,0,0,2,4,45,1,1,2,1,1,3,1,62,1,1,1,69,1,0
10,100026,2,2,1,17,4,8,34,12,6,1,0,10,1,34,35,34035,4,2003,5UXFA53533LV,5,U,X,F,A,5,3,5,3,3,L,V,0,P,BMW,BX5,UT,3,17,4533,,0,1110,,G,,F,6,182,,,17R235,,,,,,0,0,000000000,00000000000,0,0,0,1,0,0,0,0,0,0,0,20,0,0,0,3,6,2,12,0,0,0,1,10,19702,6,1,0,0,3,0,71,180,0,0,0,0,0,0,0,0,0,0,38,0,0,0,2,4,45,1,1,2,1,1,3,11,17,1,1,1,68,0,0
10,100027,1,1,1,13,4,21,21,42,0,1,0,10,1,12,402,12402,14,2008,1FMCU93Z68KB,1,F,M,C,U,9,3,Z,6,8,K,B,0,P,FORD,SPE,UT,8,17,3465,,0,1031,,G,,F,4,140,,,16R235,,,,,,0,0,000000000,00000000000,0,0,0,1,0,0,0,0,0,0,0,40,0,0,0,12,6,2,42,0,0,0,1,10,19709,6,1,0,0,3,3,62,116,0,0,0,0,0,0,0,0,0,0,0,0,0,0,1,2,40,1,1,2,1,20,3,1,14,1,1,4,14,1,0
10,100028,1,2,1,16,4,17,48,12,6,1,0,10,1,49,472,49472,30,2000,5TEWM72NXYZ6,5,T,E,W,M,7,2,N,X,Y,Z,6,0,T,TOYT,XTR,PC,0,17,,1,0,1219,TAC,G,,,4,164,,,,B,3360,00,U,44,0,0,000000000,00000000000,0,0,0,1,0,0,0,0,0,0,0,55,0,0,0,12,6,2,12,0,0,0,1,10,19933,6,1,0,0,3,0,73,185,0,0,0,0,1,9,2009,9,2009,0,0,0,0,0,1,2,50,1,1,2,1,0,0,1,60,2,1,1,69,0,0
10,100028,2,2,2,16,4,17,48,12,6,1,0,10,2,23,471,23471,30,2001,1GTCS14531K1,1,G,T,C,S,1,4,5,3,1,K,1,0,T,GMC,SON,PK,1,17,,1,0,1083,SON,F,,,4,133,,,,B,00000,00,U,42,0,0,000000000,00000000000,0,0,0,1,0,0,0,0,0,0,0,15,0,0,0,3,6,2,12,0,0,0,1,10,19956,6,1,0,0,3,0,72,163,0,0,0,0,0,0,0,0,0,0,38,0,0,0,1,2,50,1,1,2,1,0,0,11,15,1,1,2,68,1,0
10,100029,1,1,1,23,4,11,43,24,0,1,0,24,3,84,881,84881,66,2012,1HSDJSJR7CH0,1,H,S,D,J,S,J,R,7,C,H,0,1,T,INTL,PRO,TR,12,17,,8,0,0,PRO,D,,,6,793,,,,,00000,00,,64,1,24,164068700,24164068700,3,6,3,1,0,0,0,0,0,0,0,999,0,2,5,11,6,2,1,0,0,0,1,24,21206,6,1,6,3,3,0,72,240,0,2,0,0,2,9,2011,11,2011,1,0,0,0,0,6,1,25,3,2,2,2,0,0,14,12,99,2,5,7,1,0
10,100030,1,1,1,30,4,20,38,8,0,1,1,99,9,99,999,99999,99,9999,999999999999,9,9,9,9,9,9,9,9,9,9,9,9,0,,,,,,,,,,,,,,,,,,,,,,,,,0,0,000000000,00000000000,0,0,0,1,0,0,0,0,99,99,9,999,0,0,0,12,9,1,8,0,0,0,1,99,99999,9,9,99,9,9,9,999,999,99,99,99,99,99,99,9999,99,9999,9,0,0,0,0,3,4,35,1,9,2,1,0,0,1,80,99,9,9,13,0,0
10,100031,1,1,1,18,5,9,2,8,0,1,0,10,2,76,705,76705,80,2000,JYA5AHE07YA0,J,Y,A,5,A,H,E,0,7,Y,A,0,0,M,YAMA,YZF,RC,0,17,,,,,,,599,,4,,4,416,,,,,,,0,0,000000000,00000000000,0,0,0,1,0,0,0,0,0,0,0,69,0,0,0,12,6,2,1,0,0,0,1,10,19956,1,1,0,0,2,0,73,185,0,2,0,0,0,9,2011,9,2011,1,6,0,0,0,1,2,20,1,1,2,1,23,3,15,80,1,1,2,13,0,0
10,100032,1,1,1,19,5,17,1,1,0,1,0,10,1,72,706,72706,80,2007,1HD1KB41X7Y7,1,H,D,1,K,B,4,1,X,7,Y,7,0,M,HD,FHX,RS,7,17,,,,,,,1584,,2,,4,733,,,,,,,0,0,000000000,00000000000,0,0,0,1,0,0,0,0,0,0,0,999,0,0,0,0,6,2,1,0,0,0,1,10,19904,6,1,0,0,3,0,69,252,0,0,0,1,0,2,2011,2,2011,1,0,0,0,0,1,2,99,2,1,2,1,0,0,14,10,1,2,4,2,1,1
10,100033,1,1,1,21,5,5,5,53,0,1,0,10,2,19,3,19003,4,1994,1G6KD52B2RU2,1,G,6,K,D,5,2,B,2,R,U,2,0,P,CADI,DFW,4D,94,17,3666,,0,1138,,G,,F,8,300,,,15R215,,,,,,0,0,000000000,00000000000,0,0,0,1,0,0,0,0,0,0,0,60,0,1,6,2,6,2,1,0,0,0,1,10,19966,6,1,0,0,3,0,70,210,0,0,0,0,0,0,0,0,0,1,6,0,0,0,1,2,50,3,1,2,2,0,0,14,12,1,2,5,7,1,1
10,100034,1,2,1,31,5,4,20,8,0,1,0,10,3,98,809,98809,66,2002,2FWJA3AV52AJ,2,F,W,J,A,3,A,V,5,2,A,J,1,T,STRG,AT9,TR,2,17,,8,0,0,STE,D,,,6,893,,,,,00000,00,,64,1,42,282773000,42282773000,3,6,2,2,2,1993,88,1,0,0,0,40,0,0,0,12,4,1,8,0,0,0,1,10,19713,6,1,6,1,3,0,72,236,0,0,0,2,1,4,2011,3,2012,0,86,0,0,0,2,2,40,1,1,2,1,0,0,1,80,6,2,2,13,0,0