STATE,ST_CASE,VEH_NO,VE_FORMS,NUMOCCS,DAY,MONTH,HOUR,MINUTE,HARM_EV,MAN_COLL,UNITTYPE,HIT_RUN,REG_STAT,OWNER,MAKE,MODEL,MAK_MOD,BODY_TYP,MOD_YEAR,VIN,VIN_1,VIN_2,VIN_3,VIN_4,VIN_5,VIN_6,VIN_7,VIN_8,VIN_9,VIN_10,VIN_11,VIN_12,TOW_VEH,VINTYPE,VINMAKE,VINA_MOD,VIN_BT,VINMODYR,VIN_LNGT,VIN_WGT,WGTCD_TR,WHLBS_LG,WHLBS_SH,SER_TR,FUELCODE,MCYCL_DS,CARBUR,CYLINDER,DISPLACE,MCYCL_CY,MCYCL_WT,TIRE_SZE,TON_RAT,TRK_WT,TRKWTVAR,VIN_REST,WHLDRWHL,J_KNIFE,MCARR_I1,MCARR_I2,MCARR_ID,GVWR,V_CONFIG,CARGO_BT,HAZ_INV,HAZ_PLAC,HAZ_ID,HAZ_CNO,HAZ_REL,BUS_USE,SPEC_USE,EMER_USE,TRAV_SP,UNDERIDE,ROLLOVER,ROLINLOC,IMPACT1,DEFORMED,TOWED,M_HARM,VEH_SC1,VEH_SC2,FIRE_EXP,DR_PRES,L_STATE,DR_ZIP,L_STATUS,L_TYPE,CDL_STAT,L_ENDORS,L_COMPL,L_RESTRI,DR_HGT,DR_WGT,PREV_ACC,PREV_SUS,PREV_DWI,PREV_SPD,PREV_OTH,FIRST_MO,FIRST_YR,LAST_MO,LAST_YR,SPEEDREL,DR_SF1,DR_SF2,DR_SF3,DR_SF4,VTRAFWAY,VNUM_LAN,VSPD_LIM,VALIGN,VPROFILE,VPAVETYP,VSURCOND,VTRAFCON,VTCONT_F,P_CRASH1,P_CRASH2,P_CRASH3,PCRASH4,PCRASH5,ACC_TYPE,DEATHS,DR_DRINK
12,120097,1,1,4,21,1,23,54,42,0,1,0,22,1,12,3,12003,2,2004,1FAFP40434F1,1,F,A,F,P,4,0,4,3,4,F,1,0,P,FORD,MUS,CP,4,17,3114,,0,1013,,G,,F,6,232,,,16R225,,,,,,0,0,000000000,00000000000,0,0,0,1,0,0,0,0,0,0,0,70,0,0,0,12,6,2,42,0,0,0,1,22,70815,6,1,0,0,3,0,66,999,0,0,0,0,0,0,0,0,0,0,6,0,0,0,2,2,70,1,1,8,1,0,0,1,13,1,3,4,2,1,0
12,120099,1,2,1,21,1,13,30,1,0,1,0,12,1,53,706,53706,80,2005,JS1GW71A9521,J,S,1,G,W,7,1,A,9,5,2,1,0,M,SUZI,G13,RC,5,17,,,,,,,1298,,4,,4,478,,,,,,,0,0,000000000,00000000000,0,0,0,1,0,0,0,0,0,0,0,55,0,0,0,0,6,2,1,0,0,0,1,12,34744,6,1,0,0,2,0,74,999,0,0,0,2,1,4,2009,2,2011,0,0,0,0,0,2,3,55,1,1,8,1,0,0,15,61,1,1,4,6,1,0
12,120099,2,2,1,21,1,13,30,1,0,1,0,12,1,53,705,53705,80,2004,JS1GR7HA3321,J,S,1,G,R,7,H,A,3,3,2,1,0,M,SUZI,SX7,RC,3,17,,,,,,,749,,4,,4,365,,,,,,,0,0,000000000,00000000000,0,0,0,1,0,0,0,0,0,0,0,55,0,0,0,0,6,2,5,0,0,0,1,12,32837,6,1,0,0,3,3,67,999,0,0,0,0,0,0,0,0,0,0,0,0,0,0,2,3,55,1,1,8,1,0,0,1,61,1,1,1,98,0,0
12,120100,1,1,1,21,1,14,55,42,0,1,0,12,2,37,31,37031,4,2011,2HGFA5E54BH7,2,H,G,F,A,5,E,5,4,B,H,7,0,P,HOND,UCS,4D,11,17,2954,,0,1063,,G,,F,4,122,,,17R215,,,,,,0,0,000000000,00000000000,0,0,0,1,0,0,0,0,0,0,0,53,0,0,0,9,6,2,42,0,0,0,1,12,32828,6,1,0,0,3,0,74,999,0,0,0,0,2,5,2011,6,2011,1,0,0,0,0,2,2,35,2,1,8,1,28,3,14,51,6,3,4,2,1,0
12,120101,1,1,1,21,1,21,50,42,0,1,0,12,2,20,481,20481,31,1992,1GCDC14Z0NZ2,1,G,C,D,C,1,4,Z,0,N,Z,2,0,T,CHEV,GC1,PK,92,17,,1,1315,1175,GM4,G,,,6,262,,,,B,3718,04,,42,0,0,000000000,00000000000,0,0,0,1,0,0,0,0,0,0,0,60,0,0,0,81,6,2,42,0,0,0,1,12,32177,3,1,0,0,2,0,69,999,0,1,0,0,0,11,2011,11,2011,0,6,0,0,0,1,2,60,1,1,8,1,28,3,6,13,1,1,4,1,1,1
12,120102,1,1,4,21,1,2,50,42,0,1,0,12,2,20,2,20002,4,2005,2G1WF52E0591,2,G,1,W,F,5,2,E,0,5,9,1,0,P,CHEV,IMP,4D,5,17,3389,,0,1105,,G,,F,6,207,,,16R225,,,,,,0,0,000000000,00000000000,0,0,0,1,0,0,0,0,0,0,0,55,0,1,5,10,6,2,2,0,0,1,1,12,32205,6,1,0,0,3,0,67,999,0,0,0,2,1,10,2009,3,2011,0,6,0,0,0,1,2,55,1,1,8,1,0,0,1,13,1,3,4,7,2,1
12,120103,1,2,2,22,1,15,43,12,6,1,0,12,1,6,441,6441,20,2010,2A4RR4DE4AR1,2,A,4,R,R,4,D,E,4,A,R,1,0,P,CHRY,TWC,SV,10,17,4335,,0,1212,,F,,F,6,201,,,16R225,,,,,,0,0,000000000,00000000000,0,0,0,1,0,0,0,0,0,0,0,10,0,0,0,2,6,2,12,0,0,0,1,12,32926,6,1,0,0,3,3,70,999,0,0,0,0,0,0,0,0,0,0,38,0,0,0,1,2,35,1,1,8,1,20,3,1,17,1,1,1,87,1,0
12,120103,2,2,5,22,1,15,43,12,6,1,0,12,2,20,36,20036,2,2004,2G1WX15K2492,2,G,1,W,X,1,5,K,2,4,9,2,0,P,CHEV,MSS,CP,4,17,3395,,0,1105,,G,,F,6,231,,,16R225,,,,,,0,0,000000000,00000000000,0,0,0,1,0,0,0,0,0,0,0,50,0,0,0,12,6,2,12,0,0,0,1,12,32926,6,1,0,0,3,0,63,999,0,1,0,0,0,2,2011,2,2011,0,0,0,0,0,2,2,50,1,1,8,1,0,0,1,64,1,1,1,86,0,0
12,120104,1,1,1,22,1,19,55,8,0,1,0,12,2,20,402,20402,14,1999,2CNBE18C2X69,2,C,N,B,E,1,8,C,2,X,6,9,0,P,CHEV,TKR,UT,99,17,2596,,0,866,,G,,F,4,122,,,15R195,,,,,,0,0,000000000,00000000000,0,0,0,1,0,0,0,0,0,0,0,36,0,0,0,1,4,3,8,0,0,0,1,12,32055,6,1,0,0,3,0,66,999,0,0,0,0,0,0,0,0,0,0,0,0,0,0,1,2,45,1,1,8,1,0,0,1,80,1,1,1,13,0,0
12,120105,1,2,1,22,1,18,25,12,2,1,0,17,1,7,442,7442,20,2001,2B4GP44341R2,2,B,4,G,P,4,4,3,4,1,R,2,0,T,DODG,GSP,ES,1,17,,1,0,1193,CAR,F,,,6,201,,,,,3989,00,E,42,0,0,000000000,00000000000,0,0,0,1,0,0,0,0,0,0,0,50,0,0,0,12,6,2,12,0,0,0,1,12,33037,6,1,0,0,3,3,68,999,0,0,0,0,0,0,0,0,0,0,6,0,0,0,2,2,45,1,1,8,1,0,0,1,12,1,1,4,52,1,1
12,120105,2,2,1,22,1,18,25,12,2,1,0,12,1,49,48,49048,5,2006,JTKKT6242601,J,T,K,K,T,6,2,4,2,6,0,1,0,P,TOYT,SXA,4H,6,17,2340,,0,933,,G,,F,4,092,,,15R185,,,,,,0,0,000000000,00000000000,0,0,0,1,0,0,0,0,0,0,0,46,0,0,0,12,6,2,12,0,0,0,1,12,33173,6,1,0,0,3,0,64,999,0,0,0,0,1,7,2011,7,2011,0,0,0,0,0,2,2,45,1,1,8,1,0,0,1,62,1,1,1,52,1,0
12,120106,1,1,1,22,1,9,0,42,0,1,0,48,1,54,37,54037,2,2003,19UYA42463A0,1,9,U,Y,A,4,2,4,6,3,A,0,0,P,ACUR,32C,CP,3,17,3470,,0,1069,,G,,F,6,197,,,16R205,,,,,,0,0,000000000,00000000000,0,0,0,1,0,0,0,0,0,0,0,70,0,0,0,99,6,2,42,0,0,0,1,48,78746,6,1,0,0,3,0,999,999,0,0,0,0,0,0,0,0,0,0,6,0,0,0,1,2,45,1,6,8,2,21,3,1,14,1,1,4,14,1,0
12,120108,1,3,1,22,1,20,18,12,1,1,0,12,2,49,32,49032,4,2006,1NXBR32E56Z6,1,N,X,B,R,3,2,E,5,6,Z,6,0,P,TOYT,UCS,4D,6,17,2530,,0,1024,,G,,F,4,109,,,15R185,,,,,,0,0,000000000,00000000000,0,0,0,1,0,0,0,0,0,0,0,70,0,0,0,6,6,2,12,0,0,0,1,12,33967,6,1,0,0,3,3,62,999,0,0,0,0,0,0,0,0,0,0,6,0,0,0,2,2,70,1,5,8,1,0,0,1,12,1,4,4,66,1,1
12,120108,2,3,1,22,1,20,18,12,1,1,0,12,2,7,482,7482,31,2000,1B7KC2369YJ1,1,B,7,K,C,2,3,6,9,Y,J,1,0,T,DODG,Q25,4C,0,17,,2,1547,1387,RPC,D,,,6,359,,,,C,5143,01,U,42,0,0,000000000,00000000000,0,0,0,1,0,0,0,0,0,0,0,70,0,0,0,12,6,2,12,0,0,0,1,12,32466,6,1,0,0,3,0,66,999,0,0,0,1,0,8,2011,8,2011,0,0,0,0,0,2,2,70,1,6,8,1,0,0,1,62,1,1,1,66,0,0
12,120108,3,3,1,22,1,20,18,12,1,1,0,18,3,84,881,84881,66,2005,3HSCESBR65N1,3,H,S,C,E,S,B,R,6,5,N,1,1,T,INTL,92I,TR,5,17,,8,0,0,920,D,,,6,763,,,,,00000,00,,64,3,42,113459,42113459,3,6,3,1,0,0,0,0,0,0,0,70,0,0,0,12,6,2,12,0,0,0,1,1,35953,6,1,6,0,3,0,74,200,0,0,0,0,0,0,0,0,0,0,0,0,0,0,2,2,70,1,6,8,1,0,0,1,62,1,1,1,98,0,0
12,120109,1,1,1,22,1,10,59,14,0,1,0,44,1,14,17,14017,4,2000,1MEFM55S5YG6,1,M,E,F,M,5,5,S,5,Y,G,6,0,P,MERC,SLP,4D,0,17,3375,,0,1085,,G,,F,6,182,,,16R215,,,,,,0,0,000000000,00000000000,0,0,0,1,0,0,0,0,0,0,0,5,0,0,0,12,6,2,3,0,0,0,1,44,2832,6,1,0,0,3,0,72,999,0,0,0,0,0,0,0,0,0,0,0,0,0,0,1,2,25,1,1,8,1,0,0,1,13,1,1,4,1,1,0
12,120110,1,1,1,22,1,18,10,33,0,1,0,12,1,76,706,76706,80,2006,JYAVP18E06A0,J,Y,A,V,P,1,8,E,0,6,A,0,0,M,YAMA,XVT,RS,6,17,,,,,,,1294,,4,,4,787,,,,,,,0,0,000000000,00000000000,0,0,0,1,0,0,0,0,0,0,0,35,0,0,0,9,2,3,33,0,0,0,1,12,34601,6,1,0,0,3,3,73,999,0,0,0,0,0,0,0,0,0,0,0,0,0,0,2,2,35,2,1,8,1,21,3,14,12,1,1,4,6,1,1
12,120111,1,1,2,22,1,23,11,1,0,1,0,13,2,19,18,19018,4,2005,1G6DP5673501,1,G,6,D,P,5,6,7,3,5,0,1,0,P,CADI,HF6,4D,5,17,3509,,0,1134,,G,,F,6,220,,,17R225,,,,,,0,0,000000000,00000000000,0,0,0,1,0,0,0,0,0,0,0,85,0,1,5,0,6,2,30,0,0,0,1,13,39827,6,1,0,0,3,3,65,999,98,0,0,0,1,5,2011,5,2011,1,8,0,0,0,1,2,60,1,1,8,1,0,0,1,12,1,1,4,6,1,1
12,120112,1,2,1,23,1,6,17,12,6,1,0,12,2,98,703,98703,88,2008,LFGTCKPM4810,L,F,G,T,C,K,P,M,4,8,1,0,0,U,,,,8,17,,,,,,,,,,,,,,,,,,,0,0,000000000,00000000000,0,0,0,1,0,0,0,0,0,0,0,35,0,0,0,12,6,2,12,0,0,0,1,12,33136,1,1,0,0,2,0,71,999,0,8,0,0,0,1,2010,12,2011,0,39,0,0,0,1,2,35,1,1,8,1,3,3,1,17,1,1,1,88,1,0
12,120112,2,2,3,23,1,6,17,12,6,1,0,12,3,82,881,82881,62,2004,1FVABPAL24DM,1,F,V,A,B,P,A,L,2,4,D,M,0,T,FRHT,F60,CC,4,17,,6,0,0,MCV,D,,,6,439,,,,,00000,00,,42,0,77,777777777,77777777777,2,1,1,1,0,0,0,0,0,6,1,35,0,0,0,9,4,1,12,0,0,0,1,12,33136,6,1,0,0,3,0,76,999,0,0,0,0,0,0,0,0,0,0,0,0,0,0,1,2,35,1,1,8,1,3,3,1,66,1,1,1,89,0,0
12,120113,1,2,2,24,1,0,35,12,6,1,0,12,2,59,403,59403,14,2007,2T2GK31U87C0,2,T,2,G,K,3,1,U,8,7,C,0,0,P,LEXS,RX5,UT,7,17,3870,,0,1069,,G,,F,6,211,,,17R225,,,,,,0,0,000000000,00000000000,0,0,0,1,0,0,0,0,0,0,0,998,0,0,0,12,6,2,12,0,0,0,1,12,33062,6,1,0,0,3,0,70,999,0,0,0,0,0,0,0,0,0,0,0,0,0,0,3,3,45,1,1,8,1,3,3,1,17,1,1,1,83,0,1
12,120113,2,2,2,24,1,0,35,12,6,1,0,12,1,37,32,37032,4,2000,1HGCG1659YA0,1,H,G,C,G,1,6,5,9,Y,A,0,0,P,HOND,UEX,4D,0,17,3285,,0,1069,,G,,F,6,183,,,15R205,,,,,,0,0,000000000,00000000000,0,0,0,1,0,0,0,0,0,0,0,998,0,0,0,9,6,2,12,0,0,0,1,12,33055,3,1,0,0,2,0,61,999,0,0,0,0,0,0,0,0,0,0,0,0,0,0,6,2,45,1,1,8,1,3,3,11,15,1,1,1,82,1,1
12,120114,1,1,2,24,1,2,0,1,0,1,0,12,2,53,34,53034,4,2005,KL5JJ56Z25K1,K,L,5,J,J,5,6,Z,2,5,K,1,0,P,SUZI,FZX,4D,5,17,2700,,0,1024,,G,,F,4,122,,,15R195,,,,,,0,0,000000000,00000000000,0,0,0,1,0,0,0,0,0,0,0,55,0,1,5,0,6,2,1,0,0,0,1,12,32456,6,1,0,0,3,0,63,999,0,0,0,0,0,0,0,0,0,0,6,0,0,0,1,2,55,3,1,8,1,0,0,14,13,1,1,4,6,2,1
12,120116,1,2,1,24,1,18,49,12,6,1,0,12,2,35,472,35472,30,2004,1N6ED27T74C4,1,N,6,E,D,2,7,T,7,4,C,4,0,T,NISS,FCX,CW,4,17,,1,0,1161,FRT,G,,,6,201,,,,B,3699,00,E,42,0,0,000000000,00000000000,0,0,0,1,0,0,0,0,0,0,0,5,0,0,0,10,6,2,12,0,0,0,1,12,34655,6,1,0,0,3,0,59,999,0,0,0,1,0,12,2010,12,2010,0,38,0,0,0,1,2,30,1,1,8,1,20,3,11,15,1,1,1,82,0,0
12,120116,2,2,1,24,1,18,49,12,6,1,0,12,1,72,706,72706,80,2001,1HD1FDV181Y6,1,H,D,1,F,D,V,1,8,1,Y,6,0,M,HD,FHR,RS,1,17,,,,,,,1450,,2,,4,723,,,,,,,0,0,000000000,00000000000,0,0,0,1,0,0,0,0,0,0,0,45,0,0,0,12,6,2,12,0,0,0,1,12,34691,1,1,0,0,2,0,74,999,1,4,0,0,2,5,2009,12,2011,0,0,0,0,0,1,2,45,1,1,8,1,0,0,1,67,3,1,1,83,1,0
12,120117,1,2,1,24,1,10,15,12,6,1,0,12,2,52,401,52401,14,2000,JA4MT31H3YP0,J,A,4,M,T,3,1,H,3,Y,P,0,0,P,MITS,MNS,UT,0,17,4075,,0,1073,,G,,F,6,181,,,16R255,,,,,,0,0,000000000,00000000000,0,0,0,1,0,0,0,0,0,0,0,10,0,0,0,9,6,2,12,0,0,0,1,12,34235,6,1,0,0,3,0,72,999,0,0,0,0,0,0,0,0,0,0,38,0,0,0,1,2,35,1,1,8,1,20,3,11,15,1,1,1,82,0,0
12,120117,2,2,1,24,1,10,15,12,6,1,0,12,2,98,703,98703,80,2011,LXDTCKP09B20,L,X,D,T,C,K,P,0,9,B,2,0,0,U,,,,11,17,,,,,,,,,,,,,,,,,,,0,0,000000000,00000000000,0,0,0,1,0,0,0,0,0,0,0,35,0,0,0,12,6,2,12,0,0,0,1,12,34232,6,1,0,0,3,0,69,999,0,0,0,0,0,0,0,0,0,0,0,0,0,0,5,4,35,1,1,8,1,0,0,1,72,1,1,1,83,1,0
12,120118,1,2,1,25,1,12,53,12,6,1,0,26,1,6,52,6052,6,2005,3C4FY58BX5T5,3,C,4,F,Y,5,8,B,X,5,T,5,0,P,CHRY,PTC,SV,5,17,3033,,0,1030,,G,,F,4,148,,,15R195,,,,,,0,0,000000000,00000000000,0,0,0,1,0,0,0,0,0,0,0,5,0,0,0,3,6,2,12,0,0,0,1,26,49026,6,1,0,0,3,3,69,158,0,0,0,0,0,0,0,0,0,0,38,0,0,0,2,2,55,1,1,8,1,28,3,11,15,1,1,1,68,1,0
12,120118,2,2,2,25,1,12,53,12,6,1,0,12,1,55,37,55037,2,2005,KMHHN65F75U1,K,M,H,H,N,6,5,F,7,5,U,1,0,P,HYUN,TGT,CP,5,17,3015,,0,996,,G,,F,6,162,,,16R205,,,,,,0,0,000000000,00000000000,0,0,0,1,0,0,0,0,0,0,0,55,0,0,0,12,6,2,12,0,0,0,1,12,32209,6,1,0,0,3,3,66,999,0,0,0,0,0,0,0,0,0,0,0,0,0,0,2,2,55,1,1,8,1,0,0,1,62,7,1,2,69,0,0
12,120119,1,1,1,25,1,18,49,8,0,1,0,12,1,20,37,20037,4,2009,1G1ZK57B79F2,1,G,1,Z,K,5,7,B,7,9,F,2,0,P,CHEV,M/Z,4D,9,17,3649,,0,1123,,G,,F,4,146,,,17R215,,,,,,0,0,000000000,00000000000,0,0,0,1,0,0,0,0,0,0,0,50,0,0,0,12,4,3,8,0,0,0,1,12,32128,6,1,0,0,3,0,70,999,0,0,0,0,0,0,0,0,0,0,0,0,0,0,2,3,50,1,1,8,1,0,0,1,80,1,1,1,13,0,0
12,120120,1,2,1,25,1,22,35,1,0,1,0,92,0,53,705,53705,80,2007,999999999999,9,9,9,9,9,9,9,9,9,9,9,9,0,,,,,,,,,,,,,,,,,,,,,,,,,0,0,000000000,00000000000,0,0,0,1,0,0,0,0,0,0,0,85,0,0,0,0,6,2,12,0,0,0,1,12,33709,6,1,0,0,2,3,68,999,0,0,0,0,0,0,0,0,0,1,6,0,0,0,3,3,45,1,1,8,1,0,0,1,98,98,1,1,98,1,1
12,120120,2,2,2,25,1,22,35,1,0,1,0,12,2,12,35,12035,4,2000,3FAFP6632YM1,3,F,A,F,P,6,6,3,2,Y,M,1,0,P,FORD,CSE,4D,0,17,2769,,0,1065,,G,,F,4,121,,,14R185,,,,,,0,0,000000000,00000000000,0,0,0,1,0,0,0,0,0,0,0,45,0,0,0,6,6,2,12,0,0,0,1,12,33709,1,1,0,0,2,0,70,999,0,5,0,0,0,9,2010,8,2011,0,0,0,0,0,3,3,45,1,1,8,1,0,0,1,53,1,1,1,98,0,0
12,120121,1,2,2,25,1,17,30,18,0,1,0,12,2,20,471,20471,30,2000,1GCCS1950YK2,1,G,C,C,S,1,9,5,0,Y,K,2,0,T,CHEV,S14,PC,0,17,,1,0,1229,S,F,,,4,133,,,,B,3185,03,,42,0,0,000000000,00000000000,0,0,0,1,0,0,0,0,0,0,0,81,0,1,4,12,6,2,1,0,0,0,1,12,34652,6,7,0,0,3,0,64,999,0,0,0,0,0,0,0,0,0,0,0,0,0,0,6,2,70,1,1,8,1,28,3,1,12,1,3,4,6,1,0
12,120121,2,2,1,25,1,17,30,18,0,1,0,12,1,2,404,2404,14,2012,1C4RJEBG7CC2,1,C,4,R,J,E,B,G,7,C,C,2,0,T,JEEP,LMT,4W,12,17,,2,0,1148,GCK,F,,,6,220,,,,,4600,00,W,42,0,0,000000000,00000000000,0,0,0,1,0,0,0,0,0,0,0,70,0,0,0,12,2,1,54,0,0,0,1,12,33543,6,1,0,0,3,3,72,999,0,0,0,0,0,0,0,0,0,0,0,0,0,0,3,3,70,1,1,8,1,0,0,1,62,1,1,1,98,0,0
12,120122,1,1,1,26,1,18,25,8,0,1,1,12,2,37,32,37032,4,2001,1HGCF86611A0,1,H,G,C,F,8,6,6,1,1,A,0,0,P,HOND,UVP,4D,1,17,3009,,0,1069,,G,,F,4,138,,,14R195,,,,,,0,0,000000000,00000000000,0,0,0,1,0,0,0,0,0,0,0,40,0,0,0,2,2,1,8,0,0,0,1,12,32040,1,1,0,0,2,3,64,999,0,1,0,0,0,10,2010,10,2010,0,0,0,0,0,1,2,55,1,1,8,1,28,3,1,80,1,1,1,13,0,0
12,120123,1,2,1,26,1,9,47,12,6,1,0,12,1,12,16,12016,4,1989,2FABP74F1KX1,2,F,A,B,P,7,4,F,1,K,X,1,0,P,FORD,CVL,4D,89,17,3770,,0,1143,,G,,F,8,302,,,15R215,,,,,,0,0,000000000,00000000000,0,0,0,1,0,0,0,0,0,0,0,999,0,0,0,9,6,2,12,0,0,0,1,12,33626,6,1,0,0,3,0,68,999,0,0,0,0,0,0,0,0,0,0,38,0,0,0,2,2,45,1,1,8,1,0,0,1,17,1,1,1,89,1,0
12,120123,2,2,1,26,1,9,47,12,6,1,0,12,1,55,33,55033,4,2012,5NPEB4AC4CH4,5,N,P,E,B,4,A,C,4,C,H,4,0,P,HYUN,SGL,4D,12,17,3161,,0,1100,,G,,F,4,144,,,16R205,,,,,,0,0,000000000,00000000000,0,0,0,1,0,0,0,0,0,0,0,999,0,0,0,12,6,2,12,0,0,0,1,12,34655,6,1,0,0,3,3,62,999,0,0,0,1,0,3,2010,3,2010,0,0,0,0,0,2,2,45,1,1,8,1,0,0,1,66,1,1,1,88,0,0
12,120124,1,2,1,26,1,14,0,12,6,1,0,12,1,54,35,54035,4,2002,19UUA56622A0,1,9,U,U,A,5,6,6,2,2,A,0,0,P,ACUR,32T,4D,2,17,3492,,0,1081,,G,,F,6,197,,,16R205,,,,,,0,0,000000000,00000000000,0,0,0,1,0,0,0,0,0,0,0,30,0,0,0,9,6,2,12,0,0,0,1,12,33917,6,1,0,0,3,0,62,999,0,0,0,0,0,0,0,0,0,0,38,0,0,0,3,2,30,1,1,8,1,20,3,11,15,1,1,1,68,1,0
12,120124,2,2,1,26,1,14,0,12,6,1,0,12,1,49,402,49402,14,2004,JTEGD20V8400,J,T,E,G,D,2,0,V,8,4,0,0,0,P,TOYT,RV4,UT,4,17,2897,,0,980,,G,,F,4,144,,,16R215,,,,,,0,0,000000000,00000000000,0,0,0,1,0,0,0,0,0,0,0,50,0,0,0,12,6,2,12,0,0,0,1,12,33991,6,1,0,0,3,3,70,999,0,0,0,0,0,0,0,0,0,0,0,0,0,0,3,2,65,1,1,8,1,0,0,1,66,1,1,1,69,0,0
12,120125,1,1,1,26,1,4,10,14,0,1,0,12,1,20,421,20421,15,2003,1GNEK13Z43R1,1,G,N,E,K,1,3,Z,4,3,R,1,0,P,CHEV,KTA,UT,3,17,5050,,0,1160,,F,,F,8,325,,,16R265,,,,,,0,0,000000000,00000000000,0,0,0,1,0,0,0,0,0,0,0,70,0,0,0,1,4,3,8,0,0,0,1,12,32810,6,1,0,0,3,0,70,999,0,0,0,0,1,4,2009,4,2009,0,28,0,0,0,3,3,70,1,1,8,1,0,0,1,11,1,1,4,1,0,0
12,120126,1,1,1,26,1,19,3,8,0,1,0,12,2,35,47,35047,4,2011,1N4AL2AP3BC1,1,N,4,A,L,2,A,P,3,B,C,1,0,P,NISS,ATS,4D,11,17,3180,,0,1093,,G,,F,4,153,,,16R215,,,,,,0,0,000000000,00000000000,0,0,0,1,0,0,0,0,0,0,0,30,0,0,0,12,4,3,8,0,0,0,1,12,32130,6,1,0,0,3,0,68,999,0,0,0,2,0,6,2011,10,2011,0,0,0,0,0,1,2,30,1,6,8,1,0,0,1,80,1,1,1,13,0,0
12,120128,1,2,1,27,1,16,13,12,2,1,0,12,1,52,35,52035,4,1998,JA3AY26A2WU0,J,A,3,A,Y,2,6,A,2,W,U,0,0,P,MITS,MDE,4D,98,17,2227,,0,984,,G,,F,4,090,,,13R175,,,,,,0,0,000000000,00000000000,0,0,0,1,0,0,0,0,0,0,0,59,0,0,0,12,6,2,12,0,0,0,1,12,33012,6,1,0,0,3,0,69,999,0,0,0,0,0,0,0,0,0,0,50,0,0,0,2,2,70,1,1,8,1,0,0,1,10,1,1,6,52,1,0
12,120128,2,2,1,27,1,16,13,12,2,1,0,12,3,12,880,12880,67,2011,1FDRF3GT2BEA,1,F,D,R,F,3,G,T,2,B,E,A,0,T,FORD,F3D,CB,11,17,,3,1648,1408,DRW,D,,,8,409,,,,D,5967,00,Y,42,0,88,888888888,88888888888,2,1,97,1,0,0,0,0,0,0,0,64,0,0,0,12,6,2,12,0,0,0,1,12,33018,6,1,0,0,3,0,71,999,0,0,0,0,0,0,0,0,0,0,0,0,0,0,2,2,70,1,1,8,1,0,0,1,54,1,1,1,52,0,0
12,120129,1,2,1,27,1,5,18,12,1,1,0,12,1,18,2,18002,4,1997,1G4HR52K1VH5,1,G,4,H,R,5,2,K,1,V,H,5,0,P,BUIC,LLF,4D,97,17,3488,,0,1108,,G,,F,6,231,,,15R205,,,,,,0,0,000000000,00000000000,0,0,0,1,0,0,0,0,0,0,0,70,0,0,0,12,6,2,12,0,0,0,1,12,33909,6,1,6,0,3,0,75,999,0,0,0,0,0,0,0,0,0,0,6,0,0,0,3,3,70,1,1,8,1,0,0,1,51,1,1,1,24,0,0
12,120129,2,2,3,27,1,5,18,12,1,1,0,12,2,35,43,35043,4,2002,3N1CB51D02L6,3,N,1,C,B,5,1,D,0,2,L,6,0,P,NISS,XGX,4D,2,17,2441,,0,998,,G,,F,4,108,,,14R185,,,,,,0,0,000000000,00000000000,0,0,0,1,0,0,0,0,0,0,0,65,0,0,0,6,6,2,12,0,0,0,1,12,33954,6,1,0,0,3,3,68,999,1,1,0,0,0,12,2009,4,2011,0,0,0,0,0,3,3,70,1,1,8,1,0,0,1,53,1,1,1,25,1,0
12,120130,1,1,2,27,1,13,45,41,0,1,0,12,2,41,53,41053,5,2008,JM3ER2930801,J,M,3,E,R,2,9,3,0,8,0,1,0,P,MAZD,MCX,UT,8,17,3710,,0,1083,,G,,T,4,140,,,18R235,,,,,,0,0,000000000,00000000000,0,0,0,1,0,0,0,0,0,0,0,70,0,1,5,99,6,2,2,0,0,1,1,12,34112,6,1,0,0,3,0,64,999,0,0,0,0,0,0,0,0,0,0,6,0,0,0,1,2,60,1,1,8,1,0,0,1,13,6,1,4,6,1,0
12,120131,1,2,1,27,1,19,0,12,2,1,0,12,1,35,471,35471,30,1994,1N6SD11S7RC3,1,N,6,S,D,1,1,S,7,R,C,3,0,T,NISS,XES,PK,94,17,,1,0,1043,TRK,G,,,4,146,,,,B,2790,06,A,42,0,0,000000000,00000000000,0,0,0,1,0,0,0,0,0,0,0,45,0,0,0,12,6,2,12,0,0,0,1,12,34488,6,1,0,0,3,3,73,999,0,0,0,0,0,0,0,0,0,0,28,0,0,0,1,2,55,1,1,8,1,0,0,1,10,1,1,2,50,1,0
12,120131,2,2,2,27,1,19,0,12,2,1,0,12,2,20,471,20471,30,2003,1GCCS14XX381,1,G,C,C,S,1,4,X,X,3,8,1,0,T,CHEV,S14,PK,3,17,,1,0,1083,S,G,,,6,262,,,,B,3016,01,,42,0,0,000000000,00000000000,0,0,0,1,0,0,0,0,0,0,0,45,0,0,0,12,6,2,12,0,0,0,1,12,34488,6,1,0,0,3,3,71,999,0,0,0,0,0,0,0,0,0,0,0,0,0,0,1,2,55,3,1,8,1,0,0,14,62,1,1,1,51,0,0
12,120132,1,1,1,27,1,9,0,8,0,1,0,12,1,23,481,23481,31,2003,1GTGC13U43F1,1,G,T,G,C,1,3,U,4,3,F,1,0,T,GMC,1CH,CW,3,17,,2,0,1530,SIE,G,,,8,364,,,,B,5461,00,U,42,0,0,000000000,00000000000,0,0,0,1,0,0,0,0,0,0,0,30,0,0,0,61,2,1,8,0,0,0,1,12,33463,6,1,0,0,3,0,72,999,0,0,0,0,0,0,0,0,0,0,0,0,0,0,2,3,40,1,1,8,1,0,0,1,80,7,1,1,13,0,0