STATE,ST_CASE,VEH_NO,VE_FORMS,NUMOCCS,DAY,MONTH,HOUR,MINUTE,HARM_EV,MAN_COLL,UNITTYPE,HIT_RUN,REG_STAT,OWNER,MAKE,MODEL,MAK_MOD,BODY_TYP,MOD_YEAR,VIN,VIN_1,VIN_2,VIN_3,VIN_4,VIN_5,VIN_6,VIN_7,VIN_8,VIN_9,VIN_10,VIN_11,VIN_12,TOW_VEH,VINTYPE,VINMAKE,VINA_MOD,VIN_BT,VINMODYR,VIN_LNGT,VIN_WGT,WGTCD_TR,WHLBS_LG,WHLBS_SH,SER_TR,FUELCODE,MCYCL_DS,CARBUR,CYLINDER,DISPLACE,MCYCL_CY,MCYCL_WT,TIRE_SZE,TON_RAT,TRK_WT,TRKWTVAR,VIN_REST,WHLDRWHL,J_KNIFE,MCARR_I1,MCARR_I2,MCARR_ID,GVWR,V_CONFIG,CARGO_BT,HAZ_INV,HAZ_PLAC,HAZ_ID,HAZ_CNO,HAZ_REL,BUS_USE,SPEC_USE,EMER_USE,TRAV_SP,UNDERIDE,ROLLOVER,ROLINLOC,IMPACT1,DEFORMED,TOWED,M_HARM,VEH_SC1,VEH_SC2,FIRE_EXP,DR_PRES,L_STATE,DR_ZIP,L_STATUS,L_TYPE,CDL_STAT,L_ENDORS,L_COMPL,L_RESTRI,DR_HGT,DR_WGT,PREV_ACC,PREV_SUS,PREV_DWI,PREV_SPD,PREV_OTH,FIRST_MO,FIRST_YR,LAST_MO,LAST_YR,SPEEDREL,DR_SF1,DR_SF2,DR_SF3,DR_SF4,VTRAFWAY,VNUM_LAN,VSPD_LIM,VALIGN,VPROFILE,VPAVETYP,VSURCOND,VTRAFCON,VTCONT_F,P_CRASH1,P_CRASH2,P_CRASH3,PCRASH4,PCRASH5,ACC_TYPE,DEATHS,DR_DRINK
12,120199,2,2,2,17,2,19,10,12,6,1,0,12,3,85,881,85881,66,2002,1XKDDU9X32J8,1,X,K,D,D,U,9,X,3,2,J,8,1,T,KW,T80,TR,2,17,,8,2600,1600,CON,D,,,6,733,,,,,00000,00,,64,1,12,627947,12627947,3,6,3,1,0,0,0,0,0,0,0,50,0,0,0,12,6,2,12,0,0,0,1,13,31537,6,1,6,3,3,0,71,999,98,0,0,0,0,0,0,0,0,0,0,0,0,0,1,2,55,1,1,8,2,0,0,1,67,6,1,1,69,0,0
12,120200,1,1,1,17,2,23,20,8,0,1,0,12,2,7,482,7482,31,1999,1B7KC2364XJ5,1,B,7,K,C,2,3,6,4,X,J,5,0,T,DODG,Q25,4C,99,17,,2,1547,1387,RPC,D,,,6,359,,,,C,5161,01,U,42,0,0,000000000,00000000000,0,0,0,1,0,0,0,0,0,0,0,45,0,0,0,12,4,3,8,0,0,0,1,12,33064,1,1,0,0,2,0,73,999,0,2,0,0,0,9,2011,9,2011,0,6,0,0,0,3,3,45,1,1,8,1,0,0,1,80,1,1,1,13,0,0
12,120201,1,1,2,18,2,19,15,8,0,1,0,12,2,23,421,23421,15,2006,1GKFK66U96J1,1,G,K,F,K,6,6,U,9,6,J,1,0,T,GMC,DXL,4W,6,17,,2,0,1300,YUK,G,,,8,366,,,,B,5754,00,R,44,0,0,000000000,00000000000,0,0,0,1,0,0,0,0,0,0,0,55,0,0,0,12,4,3,8,0,0,0,1,12,32344,6,1,0,0,3,3,65,999,0,0,0,0,0,0,0,0,0,0,0,0,0,0,3,2,65,1,6,8,1,28,3,1,80,1,1,1,13,0,0
12,120202,1,1,1,18,2,2,38,24,0,1,0,12,2,76,706,76706,80,2000,JYARN05E8YA0,J,Y,A,R,N,0,5,E,8,Y,A,0,0,M,YAMA,YFR,RC,0,17,,,,,,,998,,4,,4,999,,,,,,,0,0,000000000,00000000000,0,0,0,1,0,0,0,0,0,0,0,90,0,0,0,81,6,2,24,0,0,0,1,12,34982,3,1,0,0,2,0,75,999,0,1,0,0,0,12,2011,12,2011,0,36,0,0,0,3,2,50,3,6,8,2,0,0,14,13,1,1,4,1,1,1
12,120203,1,1,2,18,2,3,7,9,0,1,0,12,2,37,31,37031,2,2010,2HGFG1B62AH5,2,H,G,F,G,1,B,6,2,A,H,5,0,P,HOND,UCL,CP,10,17,2721,,0,1043,,G,,F,4,110,,,16R205,,,,,,0,0,000000000,00000000000,0,0,0,1,0,0,0,0,0,0,0,60,0,0,0,12,6,2,9,0,0,0,1,12,33570,6,1,0,0,3,0,72,999,0,0,0,0,0,0,0,0,0,0,0,0,0,0,2,2,55,1,1,8,1,0,0,1,83,1,1,1,13,0,0
12,120204,1,2,1,22,2,6,14,12,6,1,0,12,2,12,16,12016,4,1999,2FAFP74W2XX1,2,F,A,F,P,7,4,W,2,X,X,1,0,P,FORD,CVL,4D,99,17,3917,,0,1147,,G,,F,8,281,,,16R225,,,,,,0,0,000000000,00000000000,0,0,0,1,0,0,0,0,0,0,0,999,0,0,0,12,4,1,12,0,0,0,1,12,32117,6,1,0,0,3,0,63,999,0,2,0,0,0,8,2010,10,2010,0,38,0,0,0,1,4,35,1,1,8,1,3,3,11,15,1,1,1,68,0,0
12,120204,2,2,1,22,2,6,14,12,6,1,0,12,1,98,709,98709,80,2010,L37MMGFV7AZ1,L,3,7,M,M,G,F,V,7,A,Z,1,0,U,,,,10,17,,,,,,,,,,,,,,,,,,,0,0,000000000,00000000000,0,0,0,1,0,0,0,0,0,0,0,998,0,0,0,9,6,2,12,0,0,0,1,12,32118,6,1,0,0,2,3,70,999,0,0,0,1,0,5,2011,5,2011,0,0,0,0,0,1,4,35,1,1,8,1,0,0,1,62,1,1,1,69,1,0
12,120205,1,2,3,25,2,14,45,12,6,1,0,12,2,37,32,37032,4,2004,1HGCM66514A0,1,H,G,C,M,6,6,5,1,4,A,0,0,P,HOND,UEX,4D,4,17,3384,,0,1079,,G,,F,6,183,,,000000,,,,,,0,0,000000000,00000000000,0,0,0,1,0,0,0,0,0,0,0,5,0,0,0,82,6,2,12,0,0,0,1,12,33618,6,1,0,0,3,0,69,999,0,0,0,0,0,0,0,0,0,0,38,0,0,0,2,2,45,1,1,8,1,0,0,12,98,1,1,1,98,0,0
12,120205,2,2,1,25,2,14,45,12,6,1,0,12,1,72,706,72706,80,2009,1HD1MAM109Y8,1,H,D,1,M,A,M,1,0,9,Y,8,0,M,HD,UTG,RS,9,17,,,,,,,1690,,2,,4,1174,,,,,,,0,0,000000000,00000000000,0,0,0,1,0,0,0,0,0,0,0,45,0,0,0,12,6,2,12,0,0,0,1,12,33612,6,1,0,0,3,0,65,999,0,0,0,0,0,0,0,0,0,0,0,0,0,0,2,2,45,1,1,8,1,0,0,1,62,1,1,1,98,1,1
12,120206,1,1,1,25,2,9,5,59,0,1,0,12,1,12,3,12003,2,2008,1ZVHT82H1851,1,Z,V,H,T,8,2,H,1,8,5,1,0,P,FORD,MGT,CP,8,17,3450,,0,1071,,G,,F,8,281,,,17R235,,,,,,0,0,000000000,00000000000,0,0,0,1,0,0,0,0,0,0,0,75,0,0,0,12,6,2,59,0,0,0,1,12,34117,6,1,0,0,3,0,72,999,0,0,0,1,0,5,2011,5,2011,1,0,0,0,0,2,3,70,1,1,8,2,0,0,1,13,1,1,4,1,1,1
12,120208,1,2,1,27,2,14,20,1,0,1,0,12,1,20,37,20037,4,2009,1G1ZG57B09F2,1,G,1,Z,G,5,7,B,0,9,F,2,0,P,CHEV,M/L,4D,9,17,3415,,0,1123,,G,,F,4,146,,,17R215,,,,,,0,0,000000000,00000000000,0,0,0,1,0,0,0,0,0,0,0,5,0,0,0,10,4,1,12,0,0,0,1,12,32177,6,1,0,0,3,3,64,999,0,0,0,0,0,0,0,0,0,0,39,0,0,0,1,2,20,1,1,8,1,20,3,11,15,1,1,1,98,0,0
12,120208,2,2,1,27,2,14,20,1,0,1,0,95,1,72,706,72706,80,2000,1HD1DDV19YY6,1,H,D,1,D,D,V,1,9,Y,Y,6,0,M,HD,FHT,RS,0,17,,,,,,,1450,,2,,4,758,,,,,,,0,0,000000000,00000000000,0,0,0,1,0,0,0,0,0,0,0,60,0,0,0,0,6,2,1,0,0,0,1,95,0,9,9,99,9,9,9,999,999,99,99,99,99,99,99,9999,99,9999,0,0,0,0,0,1,2,60,1,1,8,1,0,0,1,67,1,1,1,98,1,0
12,120209,1,1,1,8,1,2,13,34,0,1,0,12,1,24,401,24401,14,2002,5GZCZ23DX2S8,5,G,Z,C,Z,2,3,D,X,2,S,8,0,P,STRN,VUE,UT,2,17,3179,,0,1066,,G,,F,4,138,,,16R215,,,,,,0,0,000000000,00000000000,0,0,0,1,0,0,0,0,0,0,0,999,0,1,5,12,6,2,1,0,0,0,1,12,32233,6,1,0,0,3,3,73,999,0,0,0,1,0,11,2010,11,2010,1,58,0,0,0,1,2,45,2,1,8,1,0,0,14,13,6,9,4,6,1,1
12,120210,1,2,1,21,1,4,28,12,6,1,0,12,1,54,35,54035,4,2004,19UUA66274A0,1,9,U,U,A,6,6,2,7,4,A,0,0,P,ACUR,ATL,4D,4,17,3575,,0,1081,,G,,F,6,197,,,17R235,,,,,,0,0,000000000,00000000000,0,0,0,1,0,0,0,0,0,0,0,75,0,0,0,12,4,3,8,0,0,0,1,12,33324,6,1,0,0,3,3,66,999,0,0,0,0,0,0,0,0,0,1,36,6,0,0,2,3,45,1,1,8,1,0,0,1,50,1,1,1,48,0,1
12,120210,2,2,0,21,1,4,28,12,6,1,0,12,6,37,32,37032,4,1990,1HGCB7655LA0,1,H,G,C,B,7,6,5,5,L,A,0,0,P,HOND,ALE,4D,90,17,2504,,0,1071,,G,,F,4,132,,,14R185,,,,,,0,0,000000000,00000000000,0,0,0,1,0,0,0,0,0,0,0,0,0,0,0,10,6,2,12,0,0,0,0,0,99997,7,6,97,7,6,7,998,997,998,998,998,998,998,98,9998,98,9998,8,20,0,0,0,2,3,45,1,1,8,1,0,0,0,53,0,0,0,48,0,0
12,120211,1,1,3,22,1,12,50,33,0,1,0,12,2,49,32,49032,4,1997,1NXBA02E1VZ6,1,N,X,B,A,0,2,E,1,V,Z,6,0,P,TOYT,UCC,4D,97,17,2337,,0,970,,G,,F,4,097,,,14R175,,,,,,0,0,000000000,00000000000,0,0,0,1,0,0,0,0,0,0,0,50,0,1,3,12,6,2,1,0,0,0,1,12,33065,3,1,0,0,2,0,65,999,0,0,0,0,0,0,0,0,0,0,39,0,0,0,3,3,45,1,1,8,1,3,3,1,12,1,1,4,6,1,0
12,120212,1,1,2,23,1,18,28,8,0,1,0,12,1,7,481,7481,31,1985,1B7FD14TXFS5,1,B,7,F,D,1,4,T,X,F,S,5,0,T,DODG,D51,PK,85,17,,1,1310,1150,D51,G,,,8,318,,,,B,3351,05,A,42,0,0,000000000,00000000000,0,0,0,1,0,0,0,0,0,0,0,999,0,0,0,12,4,3,8,0,0,0,1,12,33865,6,1,0,0,3,0,67,999,0,0,0,0,0,0,0,0,0,0,0,0,0,0,1,2,35,1,1,8,1,0,0,1,80,1,1,1,13,0,0
12,120213,1,4,1,25,1,10,39,12,1,1,0,12,2,20,403,20403,14,2007,1GNDS13S1721,1,G,N,D,S,1,3,S,1,7,2,1,0,P,CHEV,TRL,UT,7,17,4356,,0,1130,,G,,F,6,256,,,17R245,,,,,,0,0,000000000,00000000000,0,0,0,1,0,0,0,0,0,0,0,45,0,1,1,12,6,2,1,0,0,0,1,12,32404,6,1,0,0,3,3,65,999,0,0,0,0,0,0,0,0,0,0,6,0,0,0,5,4,45,1,1,8,1,0,0,1,52,1,1,1,20,0,0
12,120213,2,4,3,25,1,10,39,12,1,1,0,12,2,53,34,53034,6,2008,KL5JD56Z88K8,K,L,5,J,D,5,6,Z,8,8,K,8,0,P,SUZI,FCP,4D,8,17,2756,,0,1024,,G,,F,4,122,,,15R195,,,,,,0,0,000000000,00000000000,0,0,0,1,0,0,0,0,0,0,0,0,0,0,0,6,6,2,12,0,0,0,1,12,32412,3,1,0,0,2,0,68,999,0,1,0,0,0,12,2009,12,2009,0,0,0,0,0,5,4,45,1,1,8,1,0,0,5,53,1,1,1,21,1,0
12,120213,3,4,1,25,1,10,39,12,1,1,0,12,1,53,33,53033,4,2002,JS2RA41S2251,J,S,2,R,A,4,1,S,2,2,5,1,0,P,SUZI,ASG,4D,2,17,2604,,0,976,,G,,F,4,122,,,14R185,,,,,,0,0,000000000,00000000000,0,0,0,1,0,0,0,0,0,0,0,0,0,0,0,6,6,2,12,0,0,0,1,12,32404,6,1,0,0,3,0,68,999,0,1,0,1,0,8,2009,9,2009,0,0,0,0,0,5,4,45,1,1,8,1,0,0,5,53,1,1,1,98,0,0
12,120213,4,4,1,25,1,10,39,12,1,1,0,12,2,35,51,35051,6,2011,JN8AS5MT8BW1,J,N,8,A,S,5,M,T,8,B,W,1,0,P,NISS,ROG,UT,11,17,3281,,0,1059,,G,,F,4,153,,,16R215,,,,,,0,0,000000000,00000000000,0,0,0,1,0,0,0,0,0,0,0,0,0,0,0,6,6,2,12,0,0,0,1,12,32413,6,1,0,0,3,0,71,999,0,0,0,0,0,0,0,0,0,0,0,0,0,0,5,4,45,1,1,8,1,0,0,5,53,1,1,1,98,0,0
12,120214,1,1,2,29,1,22,58,5,0,1,0,12,2,12,17,12017,6,1997,1FALP52UXVA3,1,F,A,L,P,5,2,U,X,V,A,3,0,P,FORD,TAG,4D,97,17,3329,,0,1085,,G,,F,6,182,,,15R205,,,,,,0,0,000000000,00000000000,0,0,0,1,0,0,0,0,0,0,0,999,0,0,0,0,6,2,5,0,0,0,1,12,33027,6,1,0,0,3,0,62,999,0,0,0,0,0,0,0,0,0,0,0,0,0,0,1,2,99,1,1,8,6,0,0,98,98,1,1,5,0,1,0
12,120215,1,2,2,29,1,0,27,12,6,1,0,12,1,20,421,20421,15,2001,1GNEK13T71R1,1,G,N,E,K,1,3,T,7,1,R,1,0,P,CHEV,KTA,UT,1,17,5050,,0,1160,,G,,F,8,325,,,16R245,,,,,,0,0,000000000,00000000000,0,0,0,1,0,0,0,0,0,0,0,999,0,0,0,3,6,2,12,0,0,0,1,12,32216,6,1,0,0,3,3,72,999,0,0,0,0,0,0,0,0,0,0,38,0,0,0,5,2,30,1,1,8,1,3,3,11,15,1,1,1,68,0,1
12,120215,2,2,2,29,1,0,27,12,6,1,0,12,1,77,706,77706,80,2006,5VPXB26D6630,5,V,P,X,B,2,6,D,6,6,3,0,0,M,VCTY,VX4,RS,6,17,,,,,,,1634,,2,,4,644,,,,,,,0,0,000000000,00000000000,0,0,0,1,0,0,0,0,0,0,0,999,0,0,0,12,6,2,12,0,0,0,1,12,32254,6,1,0,0,3,0,72,999,0,0,0,0,0,0,0,0,0,0,0,0,0,0,5,2,30,1,1,8,1,3,3,1,62,1,1,1,69,1,1
12,120216,1,2,1,4,1,18,32,12,6,1,0,12,2,72,706,72706,80,1974,9D23977H4,9,D,2,3,9,7,7,H,4,,,,0,M,HD,FXE,RS,74,9,,,,,,,1207,,2,,4,574,,,,,,,0,0,000000000,00000000000,0,0,0,1,0,0,0,0,0,0,0,999,0,0,0,3,6,2,12,0,0,0,1,12,33436,6,1,0,0,2,0,66,999,0,0,0,0,0,0,0,0,0,0,39,0,0,0,1,2,35,1,1,8,1,3,3,11,15,1,1,1,76,1,1
12,120216,2,2,2,4,1,18,32,12,6,1,0,12,1,22,20,22020,4,1997,1G2WP12K0VF2,1,G,2,W,P,1,2,K,0,V,F,2,0,P,PONT,GPG,CP,97,17,3396,,0,1105,,G,,F,6,231,,,16R225,,,,,,0,0,000000000,00000000000,0,0,0,1,0,0,0,0,0,0,0,45,0,0,0,12,6,2,12,0,0,0,1,12,33437,6,1,0,0,3,0,65,999,0,0,0,0,0,0,0,0,0,0,0,0,0,0,5,6,45,1,1,8,1,3,3,1,65,1,1,1,77,0,0
12,120217,1,2,1,9,1,16,0,12,2,1,0,12,3,49,51,49051,4,2012,JTDBT4K31CL0,J,T,D,B,T,4,K,3,1,C,L,0,0,P,TOYT,YAR,4D,12,17,2315,,0,1003,,G,,F,4,091,,,15R175,,,,,,0,0,000000000,00000000000,0,0,0,1,0,0,0,0,0,0,0,13,0,0,0,12,6,2,12,0,0,0,1,36,13219,6,1,0,0,3,0,71,999,1,0,0,0,0,4,2010,4,2010,0,51,0,0,0,8,8,98,1,1,8,1,0,0,11,98,1,1,1,82,1,0
12,120217,2,2,1,9,1,16,0,12,2,1,0,12,1,19,480,19480,31,2002,3GYEK63N02G3,3,G,Y,E,K,6,3,N,0,2,G,3,0,T,CADI,EXT,4C,2,17,,2,0,1300,ESC,G,,,8,364,,,,,5853,00,K,44,0,0,000000000,00000000000,0,0,0,1,0,0,0,0,0,0,0,49,0,0,0,12,6,2,12,0,0,0,1,12,33782,6,1,0,0,3,3,69,999,0,0,0,1,2,9,2009,6,2011,0,0,0,0,0,2,3,45,1,1,8,1,0,0,1,72,1,1,1,83,0,0
12,120218,1,2,1,11,1,15,32,12,6,1,0,12,1,13,1,13001,4,1996,1LNLM81W5TY6,1,L,N,L,M,8,1,W,5,T,Y,6,0,P,LINC,EXC,4D,96,17,4040,,0,1174,,G,,F,8,281,,,15R215,,,,,,0,0,000000000,00000000000,0,0,0,1,0,0,0,0,0,0,0,15,0,0,0,2,6,2,12,0,0,0,1,12,33702,6,1,0,0,3,3,66,999,0,0,0,0,0,0,0,0,0,0,38,0,0,0,5,6,45,1,1,8,1,28,3,11,15,1,1,1,68,1,0
12,120218,2,2,1,11,1,15,32,12,6,1,0,12,2,35,49,35049,6,2007,JN8AZ08T87W5,J,N,8,A,Z,0,8,T,8,7,W,5,0,P,NISS,MUR,UT,7,17,3723,,0,1112,,G,,F,6,213,,,000000,,,,,,0,0,000000000,00000000000,0,0,0,1,0,0,0,0,0,0,0,50,0,0,0,12,6,2,12,0,0,0,1,12,33712,1,1,0,0,2,0,75,999,0,1,0,0,0,5,2011,5,2011,0,6,0,0,0,5,6,45,1,1,8,1,0,0,1,62,1,1,1,69,0,1
12,120219,1,1,6,19,1,1,21,33,0,1,0,12,3,42,401,42401,14,2008,4JGBB86E48A3,4,J,G,B,B,8,6,E,4,8,A,3,0,P,MERZ,M35,UT,8,17,4725,,0,1148,,G,,F,6,213,,,19R255,,,,,,0,0,000000000,00000000000,0,0,0,1,0,0,0,0,0,0,0,60,0,0,0,12,6,2,8,0,0,0,1,97,0,9,9,99,9,9,9,999,999,99,99,99,99,99,99,9999,99,9999,1,36,0,0,0,4,3,35,1,1,8,1,0,0,1,12,1,1,4,6,0,1
12,120220,1,10,2,29,1,4,0,12,1,1,0,12,3,82,881,82881,66,2004,1FUJBBCG54PL,1,F,U,J,B,B,C,G,5,4,P,L,1,T,FRHT,ST2,TR,4,17,,8,0,0,CON,D,,,6,774,,,,,00000,00,,64,1,12,1416745,121416745,3,6,1,1,0,0,0,0,0,0,0,15,0,0,0,6,2,1,12,0,0,0,1,12,33012,6,1,6,0,3,0,69,999,0,0,0,0,1,8,2011,8,2011,0,0,0,0,0,3,3,70,1,1,8,1,40,3,2,53,1,1,1,98,0,0
12,120220,2,10,2,29,1,4,0,12,1,1,0,18,3,49,40,49040,4,2011,4T4BF3EK1BR1,4,T,4,B,F,3,E,K,1,B,R,1,0,P,TOYT,CBA,4D,11,17,3263,,0,1093,,G,,F,4,152,,,16R215,,,,,,0,0,000000000,00000000000,0,0,0,1,0,0,0,0,0,0,0,62,0,0,0,12,6,2,12,0,0,0,1,12,32606,6,1,0,0,3,0,72,999,0,0,0,0,1,5,2009,5,2009,0,0,0,0,0,3,3,70,1,1,8,1,40,3,1,52,1,1,1,98,0,0
12,120220,3,10,1,29,1,4,0,12,1,1,0,12,1,52,37,52037,2,2006,4A3AK24F36E0,4,A,3,A,K,2,4,F,3,6,E,0,0,P,MITS,EGS,2H,6,17,3274,,0,1014,,G,,F,4,145,,,17R225,,,,,,0,0,000000000,00000000000,0,0,0,1,0,0,0,0,0,0,0,10,0,0,0,6,6,2,12,0,0,0,1,12,34292,6,1,0,0,3,3,71,999,0,0,0,0,0,0,0,0,0,0,0,0,0,0,3,3,70,1,1,8,1,40,3,1,53,1,1,1,25,0,1
12,120220,4,10,4,29,1,4,0,12,1,1,0,12,2,37,32,37032,2,2008,1HGCS12838A0,1,H,G,C,S,1,2,8,3,8,A,0,0,P,HOND,AXL,CP,8,17,3443,,0,1079,,G,,F,4,146,,,17R225,,,,,,0,0,000000000,00000000000,0,0,0,1,0,0,0,0,0,0,0,55,0,0,0,12,6,2,12,0,0,0,1,12,33067,6,1,0,0,3,0,69,999,0,0,0,0,0,0,0,0,0,0,0,0,0,0,3,3,70,1,1,8,1,40,3,1,51,1,1,1,24,0,0
12,120220,5,10,1,29,1,4,0,12,1,1,0,31,3,82,881,82881,66,2006,1FUJBBCK56PU,1,F,U,J,B,B,C,K,5,6,P,U,1,T,FRHT,ST2,TR,6,17,,8,0,0,CON,D,,,6,855,,,,,00000,00,,64,1,31,2132765,312132765,3,6,1,1,0,0,0,0,0,0,0,31,0,0,0,12,6,2,12,0,0,0,1,20,66002,6,1,6,0,3,3,61,999,0,0,0,0,0,0,0,0,0,0,0,0,0,0,3,3,70,1,1,8,1,40,3,1,51,1,1,1,98,0,0
12,120220,6,10,2,29,1,4,0,12,1,1,0,12,1,49,40,49040,4,1993,4T1SK12E8PU2,4,T,1,S,K,1,2,E,8,P,U,2,0,P,TOYT,CLE,4D,93,17,3053,,0,1031,,G,,F,4,132,,,000000,,,,,,0,0,000000000,00000000000,0,0,0,1,0,0,0,0,0,0,0,70,0,0,0,6,6,2,12,0,0,0,1,12,32609,6,1,0,0,3,0,71,999,0,0,0,1,0,5,2010,5,2010,0,0,0,0,0,3,3,70,1,1,8,1,40,3,5,53,1,1,1,98,0,0
12,120220,7,10,2,29,1,4,0,12,1,1,0,12,2,49,47,49047,6,2005,2T1KR32E95C5,2,T,1,K,R,3,2,E,9,5,C,5,0,P,TOYT,CTR,4H,5,17,2679,,0,1024,,G,,F,4,109,,,16R205,,,,,,0,0,000000000,00000000000,0,0,0,1,0,0,0,0,0,0,0,51,0,0,0,12,6,2,12,0,0,0,1,51,23237,6,1,0,0,3,0,71,999,0,0,0,0,0,0,0,0,0,0,0,0,0,0,3,3,70,1,1,8,1,40,3,1,51,1,1,1,98,2,1
12,120220,8,10,4,29,1,4,0,12,1,1,0,12,2,58,37,58037,4,2007,JNKBV61E97M7,J,N,K,B,V,6,1,E,9,7,M,7,0,P,INFI,G35,4D,7,17,3380,,0,1122,,G,,F,6,214,,,17R225,,,,,,0,0,000000000,00000000000,0,0,0,1,0,0,0,0,0,0,0,52,0,0,0,12,6,2,12,0,0,0,1,12,32803,6,1,0,0,3,0,73,999,0,0,0,0,0,0,0,0,0,0,0,0,0,0,3,3,70,1,1,8,1,40,3,1,51,1,1,1,98,0,1
12,120220,9,10,6,29,1,4,0,12,1,1,0,13,4,7,442,7442,20,2012,2C4RDGCG5CR1,2,C,4,R,D,G,C,G,5,C,R,1,0,P,DODG,CAR,SV,12,17,4483,,0,1212,,F,,F,6,220,,,16R235,,,,,,0,0,000000000,00000000000,0,0,0,1,0,0,0,0,0,0,0,52,0,0,0,12,6,2,12,0,0,0,1,53,98198,6,1,6,0,3,0,69,999,0,1,0,0,0,3,2011,3,2011,0,0,0,0,0,3,3,70,1,1,8,1,40,3,1,51,1,1,1,98,5,0
12,120220,10,10,9,29,1,4,0,12,1,1,0,45,4,12,461,12461,21,2011,1FBSS3BL6BDB,1,F,B,S,S,3,B,L,6,B,D,B,0,T,FORD,WSD,ES,11,17,,2,0,1380,ECO,G,,,8,330,,,,D,6425,00,E,42,0,0,000000000,00000000000,0,0,0,1,0,0,0,0,0,0,0,49,0,0,0,12,6,2,12,0,0,0,1,53,98660,6,1,0,0,3,0,71,999,0,0,0,0,0,0,0,0,0,0,0,0,0,0,3,3,70,1,1,8,1,40,3,1,51,1,1,1,98,0,0
12,120221,1,1,1,30,1,17,5,8,0,1,0,12,1,49,472,49472,30,2000,4TAWM72N2YZ6,4,T,A,W,M,7,2,N,2,Y,Z,6,0,T,TOYT,XTR,PC,0,17,,1,0,1219,TAC,G,,,4,164,,,,B,3360,00,U,44,0,0,000000000,00000000000,0,0,0,1,0,0,0,0,0,0,0,45,0,0,0,12,4,3,8,0,0,0,1,12,34287,6,1,0,0,3,0,68,999,0,0,0,0,0,0,0,0,0,0,0,0,0,0,1,2,45,1,1,8,1,0,0,1,80,1,1,1,13,0,0
12,120222,1,2,3,14,2,20,49,12,6,1,0,12,3,41,53,41053,5,2010,JM3ER2W53A03,J,M,3,E,R,2,W,5,3,A,0,3,0,P,MAZD,MCX,UT,10,17,3496,,0,1083,,G,,F,4,152,,,17R215,,,,,,0,0,000000000,00000000000,0,0,0,1,0,0,0,0,0,0,0,20,0,0,0,3,6,2,12,0,0,0,1,12,33496,6,1,0,0,3,3,73,999,0,0,0,0,0,0,0,0,0,0,38,0,0,0,2,3,45,1,1,8,1,0,0,12,98,1,1,2,98,0,0
12,120222,2,2,1,14,2,20,49,12,6,1,0,12,1,73,709,73709,80,2007,JKAEXEA107A0,J,K,A,E,X,E,A,1,0,7,A,0,0,M,KAWK,EX6,RS,7,17,,,,,,,649,,2,,4,393,,,,,,,0,0,000000000,00000000000,0,0,0,1,0,0,0,0,0,0,0,45,0,0,0,12,6,2,12,0,0,0,1,12,33428,6,1,0,0,3,0,60,999,0,0,0,0,0,0,0,0,0,0,0,0,0,0,2,3,45,1,1,8,1,0,0,1,62,1,1,1,98,1,0
12,120223,1,2,2,15,2,15,7,12,6,1,0,12,1,6,43,6043,1,2002,1C3EL65R32N3,1,C,3,E,L,6,5,R,3,2,N,3,0,P,CHRY,SLT,CV,2,17,3402,,0,1060,,G,,F,6,167,,,16R205,,,,,,0,0,000000000,00000000000,0,0,0,1,0,0,0,0,0,0,0,999,0,0,0,3,6,2,12,0,0,0,1,12,33484,6,1,0,0,3,3,69,999,0,0,0,0,0,0,0,0,0,0,38,0,0,0,2,3,45,1,1,8,1,3,3,11,15,1,1,1,68,2,0
12,120223,2,2,1,15,2,15,7,12,6,1,0,12,2,37,32,37032,2,2002,1HGCG32552A0,1,H,G,C,G,3,2,5,5,2,A,0,0,P,HOND,UEX,CP,2,17,3082,,0,1051,,G,,F,4,138,,,15R195,,,,,,0,0,000000000,00000000000,0,0,0,1,0,0,0,0,0,0,0,999,0,0,0,12,6,2,12,0,0,0,1,12,33498,6,1,0,0,3,0,67,999,0,0,0,0,0,0,0,0,0,0,0,0,0,0,2,3,45,1,1,8,1,3,3,1,62,1,1,1,69,0,0
12,120225,1,1,2,18,2,19,10,1,0,1,0,12,3,12,401,12401,14,2001,1FMYU60E41UC,1,F,M,Y,U,6,0,E,4,1,U,C,0,P,FORD,EPR,UT,1,17,3769,,0,1018,,G,,F,6,245,,,15R235,,,,,,0,0,000000000,00000000000,0,0,0,1,0,0,0,0,0,0,0,70,0,2,3,0,6,2,1,0,0,0,1,12,34231,6,1,0,0,3,0,72,999,0,0,0,0,0,0,0,0,0,0,80,0,0,0,2,2,70,1,1,8,1,0,0,1,1,1,1,4,6,1,0
12,120226,1,1,1,18,2,16,25,1,0,1,0,12,2,20,471,20471,30,2001,1GCCS1957181,1,G,C,C,S,1,9,5,7,1,8,1,0,T,CHEV,S14,PC,1,17,,1,0,1229,S,F,,,4,133,,,,B,00000,00,,42,0,0,000000000,00000000000,0,0,0,1,0,0,0,0,0,0,0,55,0,2,5,0,6,2,1,0,0,0,1,12,32311,6,1,0,0,3,0,70,999,0,0,0,0,0,0,0,0,0,0,6,0,0,0,1,2,55,1,1,8,1,0,0,1,13,6,4,4,7,1,1
12,120227,1,1,1,19,2,22,20,8,0,1,0,47,4,20,25,20025,4,2012,1G1PF5SCXC71,1,G,1,P,F,5,S,C,X,C,7,1,0,P,CHEV,CZT,4D,12,17,3102,,0,1057,,G,,T,4,085,,,16R215,,,,,,0,0,000000000,00000000000,0,0,0,1,0,0,0,0,0,0,0,55,0,0,0,12,4,3,8,0,0,0,1,12,32541,6,1,0,0,3,3,69,999,0,1,0,1,0,9,2009,9,2010,0,0,0,0,0,3,2,55,3,1,8,1,0,0,14,80,1,1,1,13,0,0