STATE,ST_CASE,VEH_NO,VE_FORMS,NUMOCCS,DAY,MONTH,HOUR,MINUTE,HARM_EV,MAN_COLL,UNITTYPE,HIT_RUN,REG_STAT,OWNER,MAKE,MODEL,MAK_MOD,BODY_TYP,MOD_YEAR,VIN,VIN_1,VIN_2,VIN_3,VIN_4,VIN_5,VIN_6,VIN_7,VIN_8,VIN_9,VIN_10,VIN_11,VIN_12,TOW_VEH,VINTYPE,VINMAKE,VINA_MOD,VIN_BT,VINMODYR,VIN_LNGT,VIN_WGT,WGTCD_TR,WHLBS_LG,WHLBS_SH,SER_TR,FUELCODE,MCYCL_DS,CARBUR,CYLINDER,DISPLACE,MCYCL_CY,MCYCL_WT,TIRE_SZE,TON_RAT,TRK_WT,TRKWTVAR,VIN_REST,WHLDRWHL,J_KNIFE,MCARR_I1,MCARR_I2,MCARR_ID,GVWR,V_CONFIG,CARGO_BT,HAZ_INV,HAZ_PLAC,HAZ_ID,HAZ_CNO,HAZ_REL,BUS_USE,SPEC_USE,EMER_USE,TRAV_SP,UNDERIDE,ROLLOVER,ROLINLOC,IMPACT1,DEFORMED,TOWED,M_HARM,VEH_SC1,VEH_SC2,FIRE_EXP,DR_PRES,L_STATE,DR_ZIP,L_STATUS,L_TYPE,CDL_STAT,L_ENDORS,L_COMPL,L_RESTRI,DR_HGT,DR_WGT,PREV_ACC,PREV_SUS,PREV_DWI,PREV_SPD,PREV_OTH,FIRST_MO,FIRST_YR,LAST_MO,LAST_YR,SPEEDREL,DR_SF1,DR_SF2,DR_SF3,DR_SF4,VTRAFWAY,VNUM_LAN,VSPD_LIM,VALIGN,VPROFILE,VPAVETYP,VSURCOND,VTRAFCON,VTCONT_F,P_CRASH1,P_CRASH2,P_CRASH3,PCRASH4,PCRASH5,ACC_TYPE,DEATHS,DR_DRINK
12,120264,1,2,1,23,1,6,40,8,0,1,0,12,2,49,40,49040,4,1999,4T1BG28KXXU5,4,T,1,B,G,2,8,K,X,X,U,5,0,P,TOYT,UEX,4D,99,17,2998,,0,1051,,G,,F,4,132,,,14R195,,,,,,0,0,000000000,00000000000,0,0,0,1,0,0,0,0,0,0,0,40,0,0,0,10,4,3,8,0,0,0,1,12,32955,6,1,0,0,3,3,71,999,0,0,0,0,0,0,0,0,0,0,0,0,0,0,2,2,45,1,1,8,1,0,0,1,80,1,1,1,13,0,1
12,120264,2,2,1,23,1,6,40,8,0,1,0,12,1,12,471,12471,30,1997,1FTCR14A0VPA,1,F,T,C,R,1,4,A,0,V,P,A,0,T,FORD,RNS,PC,97,17,,1,0,1250,RNG,G,,,4,140,,,,B,3300,04,E,42,0,0,000000000,00000000000,0,0,0,1,0,0,0,0,0,0,0,40,0,0,0,12,2,3,8,0,0,0,1,12,32940,6,1,6,0,3,0,72,999,0,0,0,0,0,0,0,0,0,0,0,0,0,0,2,2,45,1,1,8,1,0,0,1,80,1,1,1,98,0,1
12,120265,1,1,3,24,1,18,41,8,0,1,0,12,1,12,16,12016,4,1997,2FALP71W1VX1,2,F,A,L,P,7,1,W,1,V,X,1,0,P,FORD,CVP,4D,97,17,0,,0,1144,,G,,F,8,281,,,000000,,,,,,0,0,000000000,00000000000,0,0,0,1,0,0,0,0,0,0,0,45,0,0,0,12,4,1,8,0,0,0,1,12,33030,6,1,0,0,3,0,70,999,0,0,0,0,0,0,0,0,0,0,0,0,0,0,1,4,40,1,1,8,1,0,0,1,80,1,1,1,13,0,0
12,120266,1,1,1,25,1,23,30,8,0,1,0,12,2,59,34,59034,4,2000,JT8BD68S9Y00,J,T,8,B,D,6,8,S,9,Y,0,0,0,P,LEXS,GS3,4D,0,17,3638,,0,1102,,G,,F,6,183,,,16R215,,,,,,0,0,000000000,00000000000,0,0,0,1,0,0,0,0,0,0,0,999,0,0,0,12,4,1,8,0,0,0,1,12,33328,1,1,0,0,2,0,61,999,2,2,0,1,0,8,2009,9,2011,0,0,0,0,0,1,2,25,1,1,8,2,0,0,1,80,6,1,2,13,0,0
12,120267,1,1,1,25,1,5,7,59,0,1,0,12,1,20,481,20481,31,1993,1GCDC14ZXPE1,1,G,C,D,C,1,4,Z,X,P,E,1,0,T,CHEV,GC1,PK,93,17,,1,1315,1175,GM4,G,,,6,262,,,,B,3718,02,,42,0,0,000000000,00000000000,0,0,0,1,0,0,0,0,0,0,0,45,0,0,0,12,6,2,59,0,0,0,1,12,33463,6,1,0,0,3,0,66,999,0,0,0,1,0,5,2009,5,2009,0,6,0,0,0,2,3,45,2,1,8,1,0,0,14,13,1,1,4,1,1,1
12,120268,1,1,1,25,1,20,51,8,0,1,0,12,2,19,3,19003,4,2002,1G6KD57Y62U1,1,G,6,K,D,5,7,Y,6,2,U,1,0,P,CADI,DFW,4D,2,17,3978,,0,1153,,G,,F,8,279,,,16R225,,,,,,0,0,000000000,00000000000,0,0,0,1,0,0,0,0,0,0,0,60,0,0,0,12,4,3,8,0,0,0,1,12,33702,6,1,0,0,3,0,75,999,0,0,0,1,0,4,2009,4,2009,0,0,0,0,0,2,5,55,1,1,8,1,0,0,1,80,1,1,1,13,0,0
12,120269,1,2,3,29,1,18,27,12,6,1,0,12,2,19,3,19003,4,2001,1G6KD54Y11U2,1,G,6,K,D,5,4,Y,1,1,U,2,0,P,CADI,DFW,4D,1,17,3978,,0,1138,,G,,F,8,279,,,16R225,,,,,,0,0,000000000,00000000000,0,0,0,1,0,0,0,0,0,0,0,35,0,1,5,12,6,2,12,0,0,0,1,12,33034,0,0,0,0,0,0,999,999,0,0,0,0,0,0,0,0,0,0,38,0,0,0,1,2,35,1,1,8,1,20,3,1,17,1,1,1,88,1,0
12,120269,2,2,3,29,1,18,27,12,6,1,0,12,2,20,421,20421,15,1998,1GNDT13W2W22,1,G,N,D,T,1,3,W,2,W,2,2,0,P,CHEV,BZR,UT,98,17,4046,,0,1070,,G,,F,6,262,,,15R235,,,,,,0,0,000000000,00000000000,0,0,0,1,0,0,0,0,0,0,0,45,0,1,5,10,6,2,12,0,0,0,1,12,33032,3,1,0,0,2,0,67,999,0,0,0,0,0,0,0,0,0,0,0,0,0,0,1,2,45,1,1,8,1,0,0,1,66,1,1,1,89,0,0
12,120270,1,1,1,3,2,23,33,8,0,1,0,36,1,20,421,20421,15,2003,1GNEK13ZX3R2,1,G,N,E,K,1,3,Z,X,3,R,2,0,P,CHEV,KTA,UT,3,17,5050,,0,1160,,F,,F,8,325,,,16R265,,,,,,0,0,000000000,00000000000,0,0,0,1,0,0,0,0,0,0,0,999,0,0,0,12,4,3,8,0,0,0,1,36,13205,6,1,0,0,3,3,65,999,0,0,0,0,1,10,2009,10,2009,0,0,0,0,0,1,2,30,1,1,8,1,0,0,1,80,1,1,1,13,0,1
12,120272,1,2,1,7,2,13,17,12,6,1,0,34,1,58,32,58032,4,1998,JNKBY31AXWM4,J,N,K,B,Y,3,1,A,X,W,M,4,0,P,INFI,Q4T,4D,98,17,3937,,0,1114,,G,,F,8,252,,,16R215,,,,,,0,0,000000000,00000000000,0,0,0,1,0,0,0,0,0,0,0,30,0,0,0,12,6,2,12,0,0,0,1,34,8723,6,1,0,0,3,0,65,999,0,0,0,0,0,0,0,0,0,0,39,0,0,0,2,2,40,1,1,8,1,3,3,1,17,1,1,1,69,0,0
12,120272,2,2,2,7,2,13,17,12,6,1,0,12,1,37,32,37032,4,2004,1HGCM56894A0,1,H,G,C,M,5,6,8,9,4,A,0,0,P,HOND,UEX,4D,4,17,3109,,0,1079,,G,,F,4,146,,,000000,,,,,,0,0,000000000,00000000000,0,0,0,1,0,0,0,0,0,0,0,10,0,0,0,3,6,2,12,0,0,0,1,12,33901,6,1,0,0,3,0,67,999,0,0,0,1,0,12,2009,12,2009,0,0,0,0,0,2,3,40,1,1,8,1,3,3,11,62,1,1,1,68,1,0
12,120273,1,1,2,10,2,3,57,1,0,1,0,12,1,49,482,49482,31,2000,5TBBT4811YS0,5,T,B,B,T,4,8,1,1,Y,S,0,0,T,TOYT,TXL,4C,0,17,,2,0,1283,TUN,G,,,8,285,,,,B,4644,00,U,44,0,0,000000000,00000000000,0,0,0,1,0,0,0,0,0,0,0,998,0,1,5,0,6,2,1,0,0,0,1,12,32724,6,1,0,0,3,0,67,999,0,0,0,0,0,0,0,0,0,0,6,0,0,0,1,2,45,3,1,8,1,0,0,14,13,1,1,4,1,1,0
12,120274,1,2,2,11,2,14,19,12,6,1,0,12,2,63,34,63034,4,2010,KNAGH4A45A53,K,N,A,G,H,4,A,4,5,A,5,3,0,P,KIA,OES,4D,10,17,3294,,0,1071,,G,,F,6,165,,,16R205,,,,,,0,0,000000000,00000000000,0,0,0,1,0,0,0,0,0,0,0,10,0,0,0,3,6,2,12,0,0,0,1,12,33756,6,1,0,0,3,3,64,999,0,0,0,1,0,7,2011,7,2011,0,38,0,0,0,2,2,40,1,1,8,1,3,3,11,15,1,1,1,68,1,0
12,120274,2,2,2,11,2,14,19,12,6,1,0,12,1,41,471,41471,30,1999,4F4YR16V8XTM,4,F,4,Y,R,1,6,V,8,X,T,M,0,T,MAZD,3CP,PC,99,17,,1,0,1257,B30,F,,,6,182,,,,,00000,00,U,42,0,0,000000000,00000000000,0,0,0,1,0,0,0,0,0,0,0,40,0,0,0,12,6,2,12,0,0,0,1,12,33710,6,1,0,0,3,0,72,999,0,0,0,3,0,5,2009,1,2011,0,0,0,0,0,2,2,40,1,1,8,1,3,3,1,62,1,1,1,69,0,0
12,120275,1,1,1,15,2,18,20,42,0,1,0,12,1,6,441,6441,20,1999,1C4GP54L7XB5,1,C,4,G,P,5,4,L,7,X,B,5,0,T,CHRY,LXL,ES,99,17,,1,0,1193,TWC,G,,,6,230,,,,,3953,00,,42,0,0,000000000,00000000000,0,0,0,1,0,0,0,0,0,0,0,998,0,0,0,12,6,2,42,0,0,0,1,12,33858,6,1,0,0,3,3,66,999,0,0,0,0,0,0,0,0,0,0,0,0,0,0,1,2,50,1,1,8,1,0,0,1,12,1,1,4,6,1,0
12,120276,1,4,1,16,2,21,22,8,0,1,0,12,1,63,441,63441,20,2004,KNDUP1310465,K,N,D,U,P,1,3,1,0,4,6,5,0,P,KIA,SED,SV,4,17,4802,,0,1145,,G,,F,6,213,,,15R215,,,,,,0,0,000000000,00000000000,0,0,0,1,0,0,0,0,0,0,0,65,0,0,0,12,4,3,8,0,0,0,1,12,33324,6,1,0,0,3,3,64,999,0,0,0,0,0,0,0,0,0,0,0,0,0,0,3,4,65,1,1,8,1,0,0,1,80,1,1,1,13,0,0
12,120276,2,4,1,16,2,21,22,8,0,1,0,12,1,55,35,55035,4,2007,KMHDU46D17U0,K,M,H,D,U,4,6,D,1,7,U,0,0,P,HYUN,GST,4D,7,17,2723,,0,1043,,G,,F,4,121,,,15R195,,,,,,0,0,000000000,00000000000,0,0,0,1,0,0,0,0,0,0,0,35,0,0,0,14,2,3,8,0,0,0,1,12,33324,6,1,0,0,3,3,64,999,0,0,0,0,0,0,0,0,0,0,0,0,0,0,3,4,65,1,1,8,1,0,0,1,80,1,1,1,98,0,0
12,120276,3,4,1,16,2,21,22,8,0,1,0,12,1,12,37,12037,4,2002,1FAFP33P62W1,1,F,A,F,P,3,3,P,6,2,W,1,0,P,FORD,FOX,4D,2,17,2604,,0,1030,,G,,F,4,122,,,14R185,,,,,,0,0,000000000,00000000000,0,0,0,1,0,0,0,0,0,0,0,30,0,0,0,14,2,1,8,0,0,0,1,12,33325,6,1,6,0,3,0,71,999,0,0,0,0,0,0,0,0,0,0,0,0,0,0,3,4,65,1,1,8,1,0,0,1,52,6,1,2,98,0,0
12,120276,4,4,1,16,2,21,22,8,0,1,0,12,2,37,32,37032,4,1997,1HGCD5609VA1,1,H,G,C,D,5,6,0,9,V,A,1,0,P,HOND,USE,4D,97,17,2864,,0,1069,,G,,F,4,132,,,15R185,,,,,,0,0,000000000,00000000000,0,0,0,1,0,0,0,0,0,0,0,30,0,0,0,14,2,1,8,0,0,0,1,12,33324,6,1,0,0,3,0,72,999,0,0,0,0,0,0,0,0,0,0,0,0,0,0,3,4,65,1,1,8,1,0,0,1,52,6,1,2,98,0,0
12,120277,1,1,1,26,2,19,0,8,0,1,0,12,2,35,43,35043,4,2005,3N1CB51D55L4,3,N,1,C,B,5,1,D,5,5,L,4,0,P,NISS,S18,4D,5,17,2387,,0,998,,G,,F,4,108,,,15R195,,,,,,0,0,000000000,00000000000,0,0,0,1,0,0,0,0,0,0,0,20,0,0,0,12,4,1,8,0,0,0,1,12,32526,6,1,0,0,3,0,69,999,0,0,0,0,0,0,0,0,0,0,0,0,0,0,1,2,45,1,1,8,1,0,0,1,80,1,1,1,13,0,0
12,120278,1,3,1,26,2,18,38,12,6,1,0,12,2,2,404,2404,14,1991,1J4FJ78S0ML5,1,J,4,F,J,7,8,S,0,M,L,5,0,T,JEEP,LIM,4W,91,17,,1,0,1014,CHK,G,,,6,242,,,,,2950,01,A,44,0,0,000000000,00000000000,0,0,0,1,0,0,0,0,0,0,0,999,0,0,0,3,6,2,12,0,0,0,1,12,33615,0,0,0,0,0,0,999,999,0,0,0,0,0,0,0,0,0,0,38,0,0,0,2,2,45,1,1,8,1,0,0,11,15,1,1,1,68,1,1
12,120278,2,3,1,26,2,18,38,12,6,1,0,12,1,41,54,41054,6,2011,JM3TB2BA7B03,J,M,3,T,B,2,B,A,7,B,0,3,0,P,MAZD,CX9,UT,11,17,4330,,0,1132,,G,,F,6,226,,,18R245,,,,,,0,0,000000000,00000000000,0,0,0,1,0,0,0,0,0,0,0,38,0,0,0,12,6,2,12,0,0,0,1,12,33625,6,1,0,0,3,0,65,999,0,0,0,0,0,0,0,0,0,0,0,0,0,0,2,2,45,1,1,8,1,0,0,1,62,3,1,1,69,0,0
12,120278,3,3,2,26,2,18,38,12,6,1,0,12,1,37,32,37032,4,1996,1HGCD5638TA1,1,H,G,C,D,5,6,3,8,T,A,1,0,P,HOND,ULE,4D,96,17,2864,,0,1069,,G,,F,4,132,,,15R185,,,,,,0,0,000000000,00000000000,0,0,0,1,0,0,0,0,0,0,0,0,0,0,0,7,6,2,12,0,0,0,1,34,7104,6,2,0,0,3,0,73,999,0,0,0,0,0,0,0,0,0,0,0,0,0,0,1,2,5,1,1,8,1,0,0,5,62,1,1,1,98,0,0
12,120279,1,3,1,29,2,16,20,12,1,1,0,26,1,72,706,72706,80,2007,1HD1FS41X7Y6,1,H,D,1,F,S,4,1,X,7,Y,6,0,M,HD,LTR,RS,7,17,,,,,,,1584,,2,,4,761,,,,,,,0,0,000000000,00000000000,0,0,0,1,0,0,0,0,0,0,0,55,0,0,0,12,6,2,12,0,0,0,1,26,48169,6,1,6,3,3,0,71,200,0,0,0,0,0,0,0,0,0,0,0,0,0,0,1,2,55,1,1,8,1,0,0,1,52,6,1,1,28,1,0
12,120279,2,3,1,29,2,16,20,12,1,1,0,26,1,72,706,72706,80,2001,1HD1DDV181Y6,1,H,D,1,D,D,V,1,8,1,Y,6,0,M,HD,FHT,RS,1,17,,,,,,,1450,,2,,4,758,,,,,,,0,0,000000000,00000000000,0,0,0,1,0,0,0,0,0,0,0,55,0,0,0,0,6,2,5,0,0,0,1,26,48111,6,1,0,0,3,0,72,250,0,0,0,0,0,0,0,0,0,0,0,0,0,0,1,2,55,1,1,8,1,0,0,1,52,98,1,1,98,0,0
12,120279,3,3,1,29,2,16,20,12,1,1,0,12,1,7,18,7018,4,1990,1B3XC56R8LD7,1,B,3,X,C,5,6,R,8,L,D,7,0,P,DODG,DLE,4D,90,17,3000,,0,1043,,G,,F,6,201,,,14R195,,,,,,0,0,000000000,00000000000,0,0,0,1,0,0,0,0,0,0,0,5,0,0,0,6,4,1,12,0,0,0,1,12,34488,6,1,0,0,3,0,68,999,0,0,0,0,0,0,0,0,0,0,0,0,0,0,1,2,55,1,1,8,1,0,0,2,53,1,1,1,29,0,0
12,120280,1,2,1,29,2,15,30,12,6,1,0,12,1,2,404,2404,14,1999,1J4FF68S8XL5,1,J,4,F,F,6,8,S,8,X,L,5,0,T,JEEP,SPC,4W,99,17,,1,0,1014,CHK,G,,,6,242,,,,,3255,00,E,44,0,0,000000000,00000000000,0,0,0,1,0,0,0,0,0,0,0,60,0,0,0,11,6,2,12,0,0,0,1,12,32141,6,1,0,0,3,0,69,999,0,0,0,0,0,0,0,0,0,0,28,0,0,0,1,2,60,1,1,8,1,0,0,1,10,1,1,2,64,1,0
12,120280,2,2,1,29,2,15,30,12,6,1,0,13,3,85,881,85881,66,2003,1XKADR9X13J8,1,X,K,A,D,R,9,X,1,3,J,8,1,T,KW,T60,TR,3,17,,8,2600,1600,CON,D,,,6,774,,,,,00000,00,,64,1,12,8359570,128359570,3,6,3,1,0,0,0,0,0,0,0,50,0,0,0,8,4,1,12,0,0,0,1,13,30549,6,1,6,0,3,0,71,238,98,0,0,0,0,0,0,0,0,0,0,0,0,0,1,2,60,1,1,8,1,0,0,1,62,1,1,1,65,0,0
12,120282,1,1,1,29,2,16,50,43,0,1,0,12,1,12,481,12481,31,1998,1FTZF18W1WNC,1,F,T,Z,F,1,8,W,1,W,N,C,0,T,FORD,F15,PK,98,17,,1,1390,1200,COF,G,,,8,281,,,,B,4260,01,E,44,0,0,000000000,00000000000,0,0,0,1,0,0,0,0,0,0,0,55,0,1,6,9,6,2,1,0,0,0,1,12,32437,6,1,0,0,3,0,71,999,0,0,0,0,0,0,0,0,0,0,6,0,0,0,1,2,55,1,1,8,1,0,0,1,12,6,1,4,6,1,0
12,120283,1,1,3,5,2,3,6,1,0,1,0,12,2,12,401,12401,14,2001,1FMPU16L01LA,1,F,M,P,U,1,6,L,0,1,L,A,0,P,FORD,EPT,UT,1,17,5250,,0,1191,,G,,F,8,330,,,16R255,,,,,,0,0,000000000,00000000000,0,0,0,1,0,0,0,0,0,0,0,60,0,1,3,0,6,2,1,0,0,0,1,12,33534,9,9,99,9,9,9,999,999,99,99,99,99,99,99,9999,99,9999,9,0,0,0,0,2,2,60,1,1,8,1,0,0,1,12,6,1,5,6,3,0
12,120284,1,3,1,8,2,16,18,12,6,1,0,12,1,7,24,7024,4,2006,2B3KA43G46H4,2,B,3,K,A,4,3,G,4,6,H,4,0,P,DODG,CTL,4D,6,17,3718,,0,1200,,G,,F,6,214,,,17R215,,,,,,0,0,000000000,00000000000,0,0,0,1,0,0,0,0,0,0,0,55,0,0,0,12,6,2,12,0,0,0,1,12,33578,6,1,0,0,3,0,67,999,0,0,0,0,0,0,0,0,0,1,39,0,0,0,3,2,45,1,1,8,1,3,3,1,17,1,1,1,69,0,0
12,120284,2,3,1,8,2,16,18,12,6,1,0,12,1,49,40,49040,4,1998,4T1BG22K9WU3,4,T,1,B,G,2,2,K,9,W,U,3,0,P,TOYT,CXL,4D,98,17,2998,,0,1051,,G,,F,4,132,,,14R195,,,,,,0,0,000000000,00000000000,0,0,0,1,0,0,0,0,0,0,0,10,0,0,0,9,6,2,12,0,0,0,1,12,33609,6,1,0,0,3,3,64,999,0,0,0,0,0,0,0,0,0,0,38,0,0,0,2,2,45,1,1,8,1,3,3,11,63,1,1,1,68,1,0
12,120284,3,3,3,8,2,16,18,12,6,1,0,12,2,12,17,12017,4,1998,1FAFP53S3WG2,1,F,A,F,P,5,3,S,3,W,G,2,0,P,FORD,TCS,4D,98,17,3294,,0,1085,,G,,F,6,182,,,15R205,,,,,,0,0,000000000,00000000000,0,0,0,1,0,0,0,0,0,0,0,5,0,0,0,9,6,2,12,0,0,0,1,12,33611,6,1,6,0,3,0,75,999,0,0,0,1,0,3,2009,3,2009,0,0,0,0,0,2,2,45,1,1,8,1,3,3,1,62,1,1,1,98,0,0
12,120285,1,1,1,23,2,99,99,33,0,1,0,12,1,76,706,76706,80,2012,JYARN23E2CA0,J,Y,A,R,N,2,3,E,2,C,A,0,0,M,YAMA,YFR,RC,12,17,,,,,,,998,,4,,4,454,,,,,,,0,0,000000000,00000000000,0,0,0,1,0,0,0,0,0,0,0,45,0,0,0,12,6,2,42,0,0,0,1,12,32218,6,1,0,0,3,0,69,999,0,0,0,2,0,4,2011,4,2011,0,6,0,0,0,5,4,45,3,1,8,1,0,0,14,13,1,1,4,1,1,1
12,120286,1,2,2,22,2,7,49,12,1,1,0,12,1,19,17,19017,4,1999,W06VR52R5XR0,W,0,6,V,R,5,2,R,5,X,R,0,0,P,CADI,CTR,4D,99,17,3770,,0,1074,,G,,F,6,181,,,16R225,,,,,,0,0,000000000,00000000000,0,0,0,1,0,0,0,0,0,0,0,30,0,0,0,12,6,2,12,0,0,0,1,12,33990,6,1,0,0,3,0,67,999,0,0,0,1,0,10,2009,10,2009,0,6,0,0,0,1,4,30,1,1,8,1,0,0,1,52,1,1,1,28,1,0
12,120286,2,2,1,22,2,7,49,12,1,1,0,13,1,13,14,13014,6,2011,2LMDJ6JK3BBJ,2,L,M,D,J,6,J,K,3,B,B,J,0,P,LINC,MKX,UT,11,17,4210,,0,1112,,G,,F,6,226,,,18R245,,,,,,0,0,000000000,00000000000,0,0,0,1,0,0,0,0,0,0,0,25,0,0,0,6,4,1,12,0,0,0,1,12,33991,6,1,0,0,3,3,62,999,0,0,0,0,0,0,0,0,0,0,0,0,0,0,1,4,30,1,1,8,1,0,0,2,53,1,1,1,29,0,0
12,120287,1,1,1,23,2,18,5,1,0,1,0,12,1,38,402,38402,14,2002,4S2CK57D9243,4,S,2,C,K,5,7,D,9,2,4,3,0,P,ISU,ROD,UT,2,17,3617,,0,969,,G,,F,4,133,,,16R245,,,,,,0,0,000000000,00000000000,0,0,0,1,0,0,0,0,0,0,0,52,0,1,5,0,6,2,1,0,0,0,1,12,32132,6,1,0,0,3,0,66,999,0,1,0,3,1,11,2009,4,2011,0,6,0,0,0,2,2,65,1,1,8,1,0,0,1,13,6,1,4,1,1,0
12,120288,1,2,4,26,2,18,59,8,0,1,0,26,2,18,23,18023,4,2008,1G4HD57238U1,1,G,4,H,D,5,7,2,3,8,U,1,0,P,BUIC,UXL,4D,8,17,3792,,0,1156,,G,,F,6,232,,,17R235,,,,,,0,0,000000000,00000000000,0,0,0,1,0,0,0,0,0,0,0,55,0,0,0,12,4,1,8,0,0,0,1,26,48917,6,1,0,0,3,3,64,999,0,0,0,0,0,0,0,0,0,0,0,0,0,0,3,2,55,1,1,8,2,0,0,1,80,1,1,1,13,0,0
12,120288,2,2,3,26,2,18,59,8,0,1,0,12,1,37,421,37421,15,2003,2HKYF18673H5,2,H,K,Y,F,1,8,6,7,3,H,5,0,P,HOND,PIL,UT,3,17,4439,,0,1063,,G,,F,6,212,,,16R235,,,,,,0,0,000000000,00000000000,0,0,0,1,0,0,0,0,0,0,0,55,0,0,0,12,2,1,8,0,0,0,1,12,32738,6,1,0,0,3,3,66,999,0,0,0,0,0,0,0,0,0,0,0,0,0,0,3,2,55,1,1,8,2,0,0,1,80,1,1,1,98,0,1
12,120289,1,2,2,26,2,4,9,12,2,1,0,12,1,49,472,49472,30,2011,3TMJU4GN0BM1,3,T,M,J,U,4,G,N,0,B,M,1,0,T,TOYT,DCP,CW,11,17,,1,0,1278,TAC,G,,,6,244,,,,B,3810,00,W,42,0,0,000000000,00000000000,0,0,0,1,0,0,0,0,0,0,0,70,0,0,0,12,6,2,12,0,0,0,1,12,34787,6,1,0,0,3,3,67,999,0,0,0,0,0,0,0,0,0,0,50,0,0,0,3,2,70,1,1,8,1,0,0,1,54,1,1,1,52,0,1
12,120289,2,2,1,26,2,4,9,12,2,1,0,12,1,34,34,34034,4,1995,4USCC832XSLA,4,U,S,C,C,8,3,2,X,S,L,A,0,P,BMW,31A,4D,95,17,3021,,0,1063,,G,,F,4,110,,,15R185,,,,,,0,0,000000000,00000000000,0,0,0,1,0,0,0,0,0,0,0,70,0,0,0,12,6,2,12,0,0,0,1,12,34473,6,1,0,0,3,0,64,999,0,0,0,0,0,0,0,0,0,0,0,0,0,0,3,2,70,1,1,8,1,0,0,1,54,4,1,1,52,1,0
12,120290,1,2,2,26,2,0,39,12,2,1,0,12,2,20,402,20402,14,2003,2CNBE1344369,2,C,N,B,E,1,3,4,4,3,6,9,0,P,CHEV,TKR,UT,3,17,2866,,0,976,,G,,F,6,152,,,15R195,,,,,,0,0,000000000,00000000000,0,0,0,1,0,0,0,0,0,0,0,45,0,0,0,12,6,2,12,0,0,0,1,12,32952,6,1,0,0,3,3,73,999,0,0,0,0,1,12,2009,12,2009,0,50,0,0,0,3,2,45,1,3,8,1,0,0,1,54,1,1,1,52,1,1
12,120290,2,2,1,26,2,0,39,12,2,1,0,12,1,20,471,20471,30,2003,1GCCS19X2381,1,G,C,C,S,1,9,X,2,3,8,1,0,T,CHEV,S14,3C,3,17,,1,0,1229,S,G,,,6,262,,,,B,3198,00,,42,0,0,000000000,00000000000,0,0,0,1,0,0,0,0,0,0,0,45,0,0,0,12,6,2,12,0,0,0,1,12,32955,6,1,6,0,3,0,72,999,0,0,0,0,0,0,0,0,0,0,0,0,0,0,3,2,45,1,3,8,1,0,0,1,54,1,1,1,52,0,0
12,120291,1,1,1,27,2,0,0,30,0,1,0,12,1,37,706,37706,80,2004,1HFSC46004A2,1,H,F,S,C,4,6,0,0,4,A,2,0,M,HOND,XT8,RS,4,17,,,,,,,1795,,2,,4,705,,,,,,,0,0,000000000,00000000000,0,0,0,1,0,0,0,0,0,0,0,40,0,0,0,12,6,2,30,0,0,0,1,12,32952,6,1,0,0,3,0,75,999,0,0,0,0,0,0,0,0,0,0,0,0,0,0,1,2,30,3,1,8,1,0,0,14,13,1,1,4,1,1,1
12,120292,1,3,1,1,3,21,55,12,1,1,0,12,2,20,4,20004,2,1995,1G1YY22P7S51,1,G,1,Y,Y,2,2,P,7,S,5,1,0,P,CHEV,CVT,CP,95,17,3203,,0,962,,G,,F,8,350,,,17R255,,,,,,0,0,000000000,00000000000,0,0,0,1,0,0,0,0,0,0,0,95,0,0,0,12,6,2,12,0,0,0,1,12,32011,6,1,0,0,3,0,71,999,0,1,0,1,0,3,2009,2,2011,0,8,0,0,0,3,2,65,1,6,8,1,0,0,6,51,1,1,1,24,1,1
12,120292,2,3,1,1,3,21,55,12,1,1,0,13,2,37,402,37402,14,2001,JHLRD28401S0,J,H,L,R,D,2,8,4,0,1,S,0,0,P,HOND,CRV,UT,1,17,3126,,0,1032,,G,,F,4,120,,,15R205,,,,,,0,0,000000000,00000000000,0,0,0,1,0,0,0,0,0,0,0,65,0,0,0,6,6,2,12,0,0,0,1,13,30034,6,1,0,0,3,0,64,999,98,0,0,0,0,0,0,0,0,0,0,0,0,0,3,2,65,1,6,8,1,0,0,1,53,1,1,1,25,0,0
12,120292,3,3,1,1,3,21,55,12,1,1,0,13,3,82,881,82881,66,2005,1FUJA6CK25LN,1,F,U,J,A,6,C,K,2,5,L,N,1,T,FRHT,COL,TR,5,17,,8,0,0,CON,D,,,6,858,,,,,00000,00,,64,1,13,2053310,132053310,3,6,1,1,0,0,0,0,0,0,0,68,0,0,0,2,6,2,12,0,0,0,1,13,31794,6,1,6,0,3,0,69,999,98,0,0,0,0,0,0,0,0,0,0,0,0,0,3,2,65,1,6,8,1,0,0,1,53,1,1,1,98,0,0
12,120293,1,1,1,1,3,6,0,8,0,1,0,12,1,20,421,20421,15,1997,1GNDT13W2VK1,1,G,N,D,T,1,3,W,2,V,K,1,0,P,CHEV,BZR,UT,97,17,4046,,0,1070,,G,,F,6,262,,,15R205,,,,,,0,0,000000000,00000000000,0,0,0,1,0,0,0,0,0,0,0,40,0,0,0,12,4,1,8,0,0,0,1,12,32505,1,1,0,0,2,0,69,999,0,2,0,0,3,3,2010,2,2012,0,0,0,0,0,2,3,40,1,1,8,1,3,3,1,80,1,1,1,13,0,0
12,120294,1,1,1,1,3,23,53,34,0,1,0,12,1,18,20,18020,2,1996,2G4WB12K8T14,2,G,4,W,B,1,2,K,8,T,1,4,0,P,BUIC,RCG,CP,96,17,3232,,0,1075,,G,,F,6,231,,,15R205,,,,,,0,0,000000000,00000000000,0,0,0,1,0,0,0,0,0,0,0,60,0,1,6,12,6,2,1,0,0,0,1,12,33598,6,1,0,0,3,3,69,999,0,0,0,1,0,2,2012,2,2012,0,6,0,0,0,1,2,60,1,1,8,1,0,0,1,13,1,1,4,1,1,0