STATE,ST_CASE,VEH_NO,VE_FORMS,NUMOCCS,DAY,MONTH,HOUR,MINUTE,HARM_EV,MAN_COLL,UNITTYPE,HIT_RUN,REG_STAT,OWNER,MAKE,MODEL,MAK_MOD,BODY_TYP,MOD_YEAR,VIN,VIN_1,VIN_2,VIN_3,VIN_4,VIN_5,VIN_6,VIN_7,VIN_8,VIN_9,VIN_10,VIN_11,VIN_12,TOW_VEH,VINTYPE,VINMAKE,VINA_MOD,VIN_BT,VINMODYR,VIN_LNGT,VIN_WGT,WGTCD_TR,WHLBS_LG,WHLBS_SH,SER_TR,FUELCODE,MCYCL_DS,CARBUR,CYLINDER,DISPLACE,MCYCL_CY,MCYCL_WT,TIRE_SZE,TON_RAT,TRK_WT,TRKWTVAR,VIN_REST,WHLDRWHL,J_KNIFE,MCARR_I1,MCARR_I2,MCARR_ID,GVWR,V_CONFIG,CARGO_BT,HAZ_INV,HAZ_PLAC,HAZ_ID,HAZ_CNO,HAZ_REL,BUS_USE,SPEC_USE,EMER_USE,TRAV_SP,UNDERIDE,ROLLOVER,ROLINLOC,IMPACT1,DEFORMED,TOWED,M_HARM,VEH_SC1,VEH_SC2,FIRE_EXP,DR_PRES,L_STATE,DR_ZIP,L_STATUS,L_TYPE,CDL_STAT,L_ENDORS,L_COMPL,L_RESTRI,DR_HGT,DR_WGT,PREV_ACC,PREV_SUS,PREV_DWI,PREV_SPD,PREV_OTH,FIRST_MO,FIRST_YR,LAST_MO,LAST_YR,SPEEDREL,DR_SF1,DR_SF2,DR_SF3,DR_SF4,VTRAFWAY,VNUM_LAN,VSPD_LIM,VALIGN,VPROFILE,VPAVETYP,VSURCOND,VTRAFCON,VTCONT_F,P_CRASH1,P_CRASH2,P_CRASH3,PCRASH4,PCRASH5,ACC_TYPE,DEATHS,DR_DRINK
12,120361,2,2,2,4,3,10,49,12,6,1,0,12,1,76,706,76706,80,2002,JYAVP02E12A0,J,Y,A,V,P,0,2,E,1,2,A,0,0,M,YAMA,X1A,RS,2,17,,,,,,,1602,,2,,4,677,,,,,,,0,0,000000000,00000000000,0,0,0,1,0,0,0,0,0,0,0,999,0,0,0,12,6,2,12,0,0,0,1,12,33314,6,1,0,0,3,0,71,999,0,0,0,0,0,0,0,0,0,0,0,0,0,0,5,2,98,1,1,8,1,3,3,1,66,1,1,1,86,1,0
12,120362,1,1,1,6,3,19,28,8,0,1,0,12,1,49,421,49421,15,1999,JT3HT05J8X00,J,T,3,H,T,0,5,J,8,X,0,0,0,P,TOYT,LCW,UT,99,17,4969,,0,1122,,G,,F,8,285,,,16R275,,,,,,0,0,000000000,00000000000,0,0,0,1,0,0,0,0,0,0,0,40,0,0,0,12,4,1,8,0,0,0,1,12,33614,6,1,0,0,3,0,73,999,0,0,0,0,0,0,0,0,0,0,0,0,0,0,3,2,50,1,1,8,1,3,3,1,80,1,1,1,13,0,0
12,120363,1,2,1,7,3,6,38,12,6,1,0,12,2,52,34,52034,4,2002,4A3AA46G72E0,4,A,3,A,A,4,6,G,7,2,E,0,0,P,MITS,UEL,4D,2,17,3075,,0,1037,,G,,F,4,143,,,15R195,,,,,,0,0,000000000,00000000000,0,0,0,1,0,0,0,0,0,0,0,10,0,0,0,2,6,2,12,0,0,0,1,12,32835,6,1,0,0,3,3,71,999,0,0,0,0,0,0,0,0,0,0,38,0,0,0,1,2,55,1,1,8,1,0,0,11,15,1,1,1,68,0,0
12,120363,2,2,1,7,3,6,38,12,6,1,0,12,1,37,705,37705,80,2004,JH2RC50304K0,J,H,2,R,C,5,0,3,0,4,K,0,0,M,HOND,VCA,RS,4,17,,,,,,,745,,2,,4,519,,,,,,,0,0,000000000,00000000000,0,0,0,1,0,0,0,0,0,0,0,55,0,0,0,12,6,2,12,0,0,0,1,12,32835,6,1,0,0,3,0,64,999,0,0,0,0,0,0,0,0,0,0,0,0,0,0,1,2,55,1,1,8,1,0,0,1,66,2,1,1,69,1,0
12,120364,1,1,1,7,3,10,13,10,0,1,0,12,3,87,881,87881,63,2005,2NPLLZ9X05M8,2,N,P,L,L,Z,9,X,0,5,M,8,1,T,PTRB,335,CC,5,17,,8,0,0,CON,D,,,6,505,,,,,00000,00,,64,1,12,804886,12804886,3,4,2,2,2,8888,9,2,0,0,0,999,0,0,0,3,6,2,2,0,0,1,1,12,33898,6,1,6,3,3,3,67,999,0,0,0,0,0,0,0,0,0,0,38,0,0,0,1,2,98,1,1,8,1,65,3,1,17,1,1,1,98,1,0
12,120365,1,1,2,8,3,1,28,30,0,1,0,12,1,12,481,12481,31,2004,1FTPX14544FA,1,F,T,P,X,1,4,5,4,4,F,A,0,T,FORD,F15,4C,4,17,,2,1450,1260,COF,G,,,8,330,,,,B,5480,00,U,44,0,0,000000000,00000000000,0,0,0,1,0,0,0,0,0,0,0,55,0,1,5,4,6,2,1,0,0,0,1,12,34428,6,1,0,0,3,3,78,999,0,0,0,0,0,0,0,0,0,0,6,58,0,0,1,2,55,3,1,8,1,0,0,14,13,6,4,4,7,1,1
12,120366,1,1,1,8,3,4,55,30,0,1,0,12,1,55,35,55035,4,2007,KMHDU46D17U2,K,M,H,D,U,4,6,D,1,7,U,2,0,P,HYUN,GST,4D,7,17,2723,,0,1043,,G,,F,4,121,,,15R195,,,,,,0,0,000000000,00000000000,0,0,0,1,0,0,0,0,0,0,0,45,0,0,0,3,6,2,30,0,0,0,1,12,33025,6,1,0,0,3,3,65,999,0,0,0,0,0,0,0,0,0,0,0,0,0,0,6,2,45,2,1,8,1,0,0,14,12,1,4,4,7,1,0
12,120367,1,2,1,8,3,13,5,12,6,1,0,12,1,12,442,12442,20,1996,2FMDA5141TBB,2,F,M,D,A,5,1,4,1,T,B,B,0,T,FORD,WWG,ES,96,17,,1,0,1207,WIN,G,,,6,232,,,,B,3733,00,E,42,0,0,000000000,00000000000,0,0,0,1,0,0,0,0,0,0,0,30,0,0,0,10,6,2,12,0,0,0,1,12,32223,6,1,0,0,3,0,68,999,0,0,0,0,0,0,0,0,0,0,39,0,0,0,1,2,35,1,3,8,1,20,3,10,16,1,1,1,78,1,0
12,120367,2,2,1,8,3,13,5,12,6,1,0,12,3,86,881,86881,63,2005,1M2AG11C15M0,1,M,2,A,G,1,1,C,1,5,M,0,0,T,MACK,CV7,CC,5,17,,8,0,0,700,D,,,6,728,,,,,00000,00,,64,0,12,60043,1260043,3,2,4,1,0,0,0,0,0,0,0,40,0,0,0,12,6,2,12,0,0,0,1,12,32068,6,1,6,0,3,0,70,999,0,0,0,0,0,0,0,0,0,0,0,0,0,0,1,2,40,1,1,8,1,0,0,1,65,1,1,1,79,0,0
12,120368,1,1,1,8,3,19,31,33,0,1,0,12,1,72,706,72706,80,2004,1HD1CGP134K4,1,H,D,1,C,G,P,1,3,4,K,4,0,M,HD,20C,RS,4,17,,,,,,,1200,,2,,4,554,,,,,,,0,0,000000000,00000000000,0,0,0,1,0,0,0,0,0,0,0,45,0,0,0,12,6,2,1,0,0,0,1,12,33604,6,1,0,0,3,0,68,999,0,1,0,1,0,10,2010,12,2011,0,0,0,0,0,2,2,45,1,1,8,1,0,0,1,12,3,1,4,6,1,0
12,120369,1,1,2,9,3,19,44,8,0,1,0,26,1,12,402,12402,14,2001,1FMCU04141KB,1,F,M,C,U,0,4,1,4,1,K,B,0,P,FORD,SPE,UT,1,17,3186,,0,1031,,G,,F,6,181,,,15R225,,,,,,0,0,000000000,00000000000,0,0,0,1,0,0,0,0,0,0,0,35,0,0,0,12,6,9,8,0,0,0,1,26,48060,6,1,0,0,3,3,71,175,0,0,0,0,0,0,0,0,0,0,0,0,0,0,5,2,35,1,1,8,1,0,0,1,80,1,1,1,13,0,1
12,120370,1,1,2,9,3,23,25,59,0,1,0,12,1,37,31,37031,2,1994,JHMEG2170RS0,J,H,M,E,G,2,1,7,0,R,S,0,0,P,HOND,CSV,CP,94,17,2428,,0,933,,G,,F,4,097,,,14R195,,,,,,0,0,000000000,00000000000,0,0,0,1,0,0,0,0,0,0,0,100,0,1,5,12,6,2,3,0,0,0,1,12,34714,6,1,0,0,3,0,68,999,0,0,0,0,0,0,0,0,0,1,6,0,0,0,3,3,55,1,1,8,1,0,0,1,13,6,3,4,2,1,1
12,120371,1,1,1,9,3,18,35,8,0,1,1,99,9,99,999,99999,99,9999,999999999999,9,9,9,9,9,9,9,9,9,9,9,9,0,,,,,,,,,,,,,,,,,,,,,,,,,0,0,000000000,00000000000,0,0,0,1,0,0,0,0,0,0,0,35,0,0,0,12,9,1,8,0,0,0,1,99,99999,9,9,99,9,9,9,999,999,99,99,99,99,99,99,9999,99,9999,0,0,0,0,0,3,2,55,1,1,8,1,0,0,1,80,1,1,1,13,0,0
12,120372,1,1,1,9,3,1,35,34,0,1,0,12,1,52,37,52037,2,2003,4A3AC74HX3E1,4,A,3,A,C,7,4,H,X,3,E,1,0,P,MITS,GTS,2H,3,17,3120,,0,1008,,G,,F,6,183,,,17R215,,,,,,0,0,000000000,00000000000,0,0,0,1,0,0,0,0,0,0,0,96,0,1,6,14,6,2,42,0,0,0,1,12,32439,6,1,0,0,3,3,61,999,0,0,0,2,0,10,2009,4,2011,1,6,0,0,0,1,2,45,3,1,8,1,0,0,14,13,6,3,4,7,1,1
12,120373,1,2,1,10,3,7,35,12,1,1,0,12,2,53,705,53705,80,2009,JS1GN7EA6921,J,S,1,G,N,7,E,A,6,9,2,1,0,M,SUZI,G60,RC,9,17,,,,,,,599,,4,,4,354,,,,,,,0,0,000000000,00000000000,0,0,0,1,0,0,0,0,0,0,0,55,0,0,0,12,6,2,12,0,0,0,1,12,33175,6,1,6,0,3,0,70,999,0,0,0,1,0,6,2010,6,2010,0,6,0,0,0,2,2,45,1,1,8,1,0,0,1,51,1,1,1,24,1,0
12,120373,2,2,1,10,3,7,35,12,1,1,0,12,1,2,404,2404,14,2000,1J4G248S6YC4,1,J,4,G,2,4,8,S,6,Y,C,4,0,T,JEEP,LRO,4W,0,17,,1,0,1059,GCK,G,,,6,244,,,,,3664,00,E,42,0,0,000000000,00000000000,0,0,0,1,0,0,0,0,0,0,0,40,0,0,0,6,6,2,12,0,0,0,1,12,33185,6,1,0,0,3,3,72,999,0,0,0,0,0,0,0,0,0,0,0,0,0,0,2,2,45,1,1,8,1,0,0,1,53,1,1,1,25,0,0
12,120374,1,1,1,10,3,20,48,8,0,1,0,12,1,49,32,49032,4,2006,1NXBR32E56Z6,1,N,X,B,R,3,2,E,5,6,Z,6,0,P,TOYT,UCS,4D,6,17,2530,,0,1024,,G,,F,4,109,,,15R185,,,,,,0,0,000000000,00000000000,0,0,0,1,0,0,0,0,0,0,0,45,0,0,0,11,4,1,8,0,0,0,1,12,32257,6,1,0,0,3,3,66,999,0,0,0,0,0,0,0,0,0,0,0,0,0,0,5,4,45,1,1,8,1,0,0,1,80,1,1,1,13,0,0
12,120375,1,1,1,10,3,22,45,1,0,1,0,12,1,20,401,20401,14,1997,1GNCS18W2VK1,1,G,N,C,S,1,8,W,2,V,K,1,0,P,CHEV,BZR,UT,97,17,3515,,0,1005,,G,,F,6,262,,,15R205,,,,,,0,0,000000000,00000000000,0,0,0,1,0,0,0,0,0,0,0,70,0,1,1,0,6,2,1,0,0,0,1,12,34251,3,1,0,0,2,3,76,999,0,0,0,0,0,0,0,0,0,0,6,58,0,0,1,2,60,3,1,8,1,0,0,14,98,6,4,2,98,1,1
12,120376,1,3,1,10,3,21,4,12,6,1,0,12,2,12,3,12003,2,1999,1FAFP4045XF1,1,F,A,F,P,4,0,4,5,X,F,1,0,P,FORD,MUS,CP,99,17,3069,,0,1013,,G,,F,6,232,,,15R205,,,,,,0,0,000000000,00000000000,0,0,0,1,0,0,0,0,0,0,0,10,0,0,0,1,6,2,12,0,0,0,1,12,32833,6,1,0,0,3,0,65,999,0,0,0,0,0,0,0,0,0,0,38,0,0,0,3,2,55,1,1,8,1,3,3,11,15,1,1,1,68,0,0
12,120376,2,3,2,10,3,21,4,12,6,1,0,12,1,72,706,72706,80,2002,1HD1DGV102Y6,1,H,D,1,D,G,V,1,0,2,Y,6,0,M,HD,FSH,RS,2,17,,,,,,,1450,,2,,4,758,,,,,,,0,0,000000000,00000000000,0,0,0,1,0,0,0,0,0,0,0,45,0,0,0,12,6,2,12,0,0,0,1,12,32817,6,1,6,0,3,0,69,999,0,0,0,0,0,0,0,0,0,0,0,0,0,0,2,2,45,1,1,8,1,3,3,1,62,1,1,1,69,1,1
12,120376,3,3,1,10,3,21,4,12,6,1,0,12,1,72,706,72706,80,2004,1HD1FRW174Y7,1,H,D,1,F,R,W,1,7,4,Y,7,0,M,HD,FCI,RS,4,17,,,,,,,1450,,2,,4,999,,,,,,,0,0,000000000,00000000000,0,0,0,1,0,0,0,0,0,0,0,45,0,0,0,0,6,2,1,0,0,0,1,12,32822,6,1,6,0,3,0,74,999,0,0,0,0,0,0,0,0,0,0,0,0,0,0,2,2,45,1,1,8,1,3,3,1,98,6,1,1,98,0,0
12,120377,1,1,3,10,3,4,5,42,0,1,0,12,1,37,32,37032,4,1997,1HGCD5654VA0,1,H,G,C,D,5,6,5,4,V,A,0,0,P,HOND,UEX,4D,97,17,2974,,0,1069,,G,,F,4,132,,,15R195,,,,,,0,0,000000000,00000000000,0,0,0,1,0,0,0,0,0,0,0,50,0,0,0,12,6,2,42,0,0,0,1,12,33884,6,1,6,0,3,0,73,999,0,0,0,0,0,0,0,0,0,0,6,0,0,0,1,2,35,3,1,8,1,40,3,14,13,2,1,4,1,1,1
12,120378,1,2,1,10,3,21,27,12,6,1,0,12,1,37,709,37709,80,2011,JH2SC5904BK3,J,H,2,S,C,5,9,0,4,B,K,3,0,M,HOND,CBS,RC,11,17,,,,,,,999,,4,,4,439,,,,,,,0,0,000000000,00000000000,0,0,0,1,0,0,0,0,0,0,0,70,0,0,0,12,6,2,12,0,0,0,1,12,33173,6,1,0,0,3,3,73,999,0,1,0,1,0,11,2010,8,2011,1,0,0,0,0,2,3,45,1,1,8,1,3,3,1,62,1,1,1,69,1,0
12,120378,2,2,2,10,3,21,27,12,6,1,0,12,2,20,39,20039,5,2007,KL1TD666X7B7,K,L,1,T,D,6,6,6,X,7,B,7,0,P,CHEV,ABS,5D,7,17,2343,,0,976,,G,,F,4,098,,,14R185,,,,,,0,0,000000000,00000000000,0,0,0,1,0,0,0,0,0,0,0,25,0,0,0,3,6,2,12,0,0,0,1,12,33174,6,1,0,0,3,0,68,999,0,1,0,0,0,10,2011,10,2011,0,38,0,0,0,2,3,45,1,1,8,1,3,3,11,15,1,1,1,68,1,0
12,120379,1,1,1,10,3,19,23,21,0,1,0,12,1,49,40,49040,6,1991,JT2VV22WXM01,J,T,2,V,V,2,2,W,X,M,0,1,0,P,TOYT,CLE,SW,91,17,3196,,0,1024,,G,,F,6,153,,,15R195,,,,,,0,0,000000000,00000000000,0,0,0,1,0,0,0,0,0,0,0,45,0,1,2,2,6,2,1,0,0,0,1,12,33328,6,1,0,0,3,0,71,999,0,0,0,0,0,0,0,0,0,1,0,0,0,0,6,1,45,3,6,8,1,0,0,14,13,1,1,4,1,1,1
12,120380,1,1,1,10,3,9,12,9,0,1,0,12,2,12,481,12481,31,1999,1FTZX1720XNA,1,F,T,Z,X,1,7,2,0,X,N,A,0,T,FORD,F15,4C,99,17,,1,1571,1385,COF,G,,,6,256,,,,B,00000,00,U,42,0,0,000000000,00000000000,0,0,0,1,0,0,0,0,0,0,0,35,0,0,0,12,6,2,9,0,0,0,1,13,31602,6,1,0,0,3,3,70,999,98,0,0,0,0,0,0,0,0,0,0,0,0,0,1,2,30,1,1,8,1,0,0,1,83,1,1,1,13,0,0
12,120381,1,1,2,11,3,5,45,30,0,1,0,12,1,32,43,32043,4,2012,WAUAFAFL8CN0,W,A,U,A,F,A,F,L,8,C,N,0,0,P,AUDI,4TP,4D,12,17,3505,,0,0,,G,,T,4,121,,,000000,,,,,,0,0,000000000,00000000000,0,0,0,1,0,0,0,0,0,0,0,55,0,0,0,9,6,2,2,0,0,1,1,12,32832,3,1,0,0,2,3,65,999,0,3,0,3,2,8,2009,2,2012,0,0,0,0,0,6,1,55,2,1,8,1,0,0,14,12,1,1,4,6,2,0
12,120382,1,1,1,11,3,0,40,1,0,1,0,12,1,72,706,72706,80,2004,1HD1BSY164Y0,1,H,D,1,B,S,Y,1,6,4,Y,0,0,M,HD,XTD,RS,4,17,,,,,,,1450,,2,,4,645,,,,,,,0,0,000000000,00000000000,0,0,0,1,0,0,0,0,0,0,0,69,0,0,0,0,6,2,1,0,0,0,1,12,34601,6,1,6,0,3,0,70,999,0,0,0,0,0,0,0,0,0,1,6,0,0,0,1,2,40,1,1,8,1,21,3,1,98,1,1,1,98,1,1
12,120383,1,2,1,11,3,21,40,12,6,1,0,12,1,34,37,34037,4,2008,WBAHL835X8DT,W,B,A,H,L,8,3,5,X,8,D,T,0,P,BMW,75I,4D,8,17,4486,,0,1177,,G,,F,8,293,,,18R245,,,,,,0,0,000000000,00000000000,0,0,0,1,0,0,0,0,0,0,0,15,0,0,0,2,6,2,12,0,0,0,1,12,34607,6,1,0,0,3,3,74,999,0,0,0,0,0,0,0,0,0,0,38,0,0,0,1,2,50,1,1,8,1,0,0,11,10,1,1,1,68,0,0
12,120383,2,2,1,11,3,21,40,12,6,1,0,42,1,73,706,73706,80,2007,JKAZXCD157A0,J,K,A,Z,X,C,D,1,5,7,A,0,0,M,KAWK,Z1D,RC,7,17,,,,,,,998,,4,,4,386,,,,,,,0,0,000000000,00000000000,0,0,0,1,0,0,0,0,0,0,0,50,0,0,0,12,6,2,12,0,0,0,1,42,18332,6,1,6,3,3,0,67,999,0,0,0,0,0,0,0,0,0,0,0,0,0,0,1,2,50,1,1,8,1,0,0,1,62,1,1,1,69,1,0
12,120384,1,2,1,11,3,7,47,12,1,1,0,12,4,98,898,98898,62,2008,5PVNJ8JV882S,5,P,V,N,J,8,J,V,8,8,2,S,0,T,HINO,268,CC,8,17,,6,0,0,HIN,D,,,6,469,,,,,00000,00,,42,0,12,1707063,121707063,2,1,1,1,0,0,0,0,0,0,0,57,0,1,1,12,6,2,30,0,0,0,1,12,33050,6,1,6,3,3,0,73,999,1,0,0,0,0,2,2011,2,2011,0,6,0,0,0,1,2,45,1,1,8,1,0,0,1,52,1,1,1,28,1,0
12,120384,2,2,1,11,3,7,47,12,1,1,0,12,1,49,472,49472,30,2006,5TENX22N96Z2,5,T,E,N,X,2,2,N,9,6,Z,2,0,T,TOYT,REG,PK,6,17,,1,0,1033,TAC,G,,,4,164,,,,B,3180,00,U,42,0,0,000000000,00000000000,0,0,0,1,0,0,0,0,0,0,0,39,0,0,0,6,6,2,12,0,0,0,1,12,33042,6,1,0,0,3,0,71,999,0,0,0,0,0,0,0,0,0,0,0,0,0,0,1,2,45,1,1,8,1,0,0,2,53,1,1,1,31,0,0
12,120385,1,1,1,11,3,17,57,32,0,1,0,12,1,72,706,72706,80,2011,1HD1GV41XBC3,1,H,D,1,G,V,4,1,X,B,C,3,0,M,HD,XDC,RS,11,17,,,,,,,1584,,2,,4,645,,,,,,,0,0,000000000,00000000000,0,0,0,1,0,0,0,0,0,0,0,70,0,0,0,99,6,2,1,0,0,0,1,12,32413,6,1,0,0,3,0,69,999,0,0,0,0,0,0,0,0,0,1,6,0,0,0,1,2,55,3,1,8,1,0,0,14,13,1,1,4,1,1,1
12,120386,1,2,2,12,3,14,48,12,6,1,0,12,1,24,3,24003,6,1999,1G8ZK8272XZ2,1,G,8,Z,K,8,2,7,2,X,Z,2,0,P,STRN,SW2,SW,99,17,2478,,0,1024,,G,,F,4,116,,,15R185,,,,,,0,0,000000000,00000000000,0,0,0,1,0,0,0,0,0,0,0,45,0,0,0,2,6,2,12,0,0,0,1,12,32068,6,1,0,0,3,0,73,999,0,0,0,0,0,0,0,0,0,0,6,0,0,0,1,2,45,1,1,8,1,0,0,1,10,6,1,2,64,1,0
12,120386,2,2,2,12,3,14,48,12,6,1,0,12,2,6,441,6441,20,2011,2A4RR8DG5BR7,2,A,4,R,R,8,D,G,5,B,R,7,0,P,CHRY,TWC,SV,11,17,4507,,0,1212,,F,,F,6,220,,,17R225,,,,,,0,0,000000000,00000000000,0,0,0,1,0,0,0,0,0,0,0,45,0,0,0,12,6,2,12,0,0,0,1,26,49428,6,1,0,0,3,3,68,220,0,0,0,0,0,0,0,0,0,0,0,0,0,0,1,2,45,1,1,8,1,0,0,1,62,1,1,1,65,0,0
12,120388,1,1,1,12,3,6,22,9,0,1,0,12,3,89,881,89881,66,1991,4V2WDBJF9MN6,4,V,2,W,D,B,J,F,9,M,N,6,1,T,WHGM,WIA,TR,91,17,,8,0,0,ARO,D,,,6,855,,,,,00000,00,,64,1,12,1478800,121478800,3,6,4,1,0,0,0,0,0,0,0,25,0,0,0,12,2,1,9,0,0,0,1,12,34605,6,1,6,0,3,3,64,999,0,0,0,0,0,0,0,0,0,0,0,0,0,0,2,3,55,1,1,8,1,3,3,1,83,1,1,1,13,0,0
12,120389,1,3,2,12,3,13,0,12,7,1,0,29,1,72,706,72706,80,1989,1HD1BLL19KY0,1,H,D,1,B,L,L,1,9,K,Y,0,0,M,HD,XST,RS,89,17,,,,,,,1340,,2,,4,625,,,,,,,0,0,000000000,00000000000,0,0,0,1,0,0,0,0,0,0,0,35,0,0,0,9,6,2,12,0,0,0,1,29,64850,6,1,0,0,3,0,72,180,0,0,0,0,0,0,0,0,0,0,6,0,0,0,1,2,55,1,1,8,1,0,0,1,52,1,1,1,44,1,0
12,120389,2,3,2,12,3,13,0,12,7,1,0,12,1,72,706,72706,80,2007,1HD1PR8147Y9,1,H,D,1,P,R,8,1,4,7,Y,9,0,M,HD,FL5,RS,7,17,,,,,,,1800,,2,,4,859,,,,,,,0,0,000000000,00000000000,0,0,0,1,0,0,0,0,0,0,0,15,0,0,0,10,4,1,12,0,0,0,1,12,32210,6,1,0,0,3,3,74,999,0,0,0,0,0,0,0,0,0,0,0,0,0,0,1,2,55,1,1,8,1,0,0,2,53,1,1,1,45,0,0
12,120389,3,3,2,12,3,13,0,12,7,1,0,27,2,23,481,23481,31,1993,1GDFK16K7PJ7,1,G,D,F,K,1,6,K,7,P,J,7,0,T,GMC,KSU,4W,93,17,,2,0,1315,K15,G,,,8,350,,,,B,00000,00,A,44,0,0,000000000,00000000000,0,0,0,1,0,0,0,0,0,0,0,0,0,0,0,6,4,1,12,0,0,0,1,27,55331,6,1,0,0,3,3,67,145,0,0,0,0,0,0,0,0,0,0,0,0,0,0,1,2,55,1,1,8,1,0,0,5,53,1,1,1,98,0,0
12,120390,1,3,1,13,3,8,52,12,2,1,0,12,1,32,42,32042,4,2006,WAUDL74F96N0,W,A,U,D,L,7,4,F,9,6,N,0,0,P,AUDI,A64,4D,6,17,4085,,0,1119,,G,,F,8,254,,,17R245,,,,,,0,0,000000000,00000000000,0,0,0,1,0,0,0,0,0,0,0,55,0,0,0,12,6,2,12,0,0,0,1,12,32771,6,1,0,0,3,0,67,999,1,1,0,1,1,5,2011,8,2011,0,28,0,0,0,1,2,55,1,1,8,1,0,0,1,10,1,1,2,50,0,0
12,120390,2,3,1,13,3,8,52,12,2,1,0,12,1,2,404,2404,14,1997,1J4GZ58S5VC5,1,J,4,G,Z,5,8,S,5,V,C,5,0,T,JEEP,LRT,4W,97,17,,1,0,1059,GCK,G,,,6,242,,,,,3700,02,E,44,0,0,000000000,00000000000,0,0,0,1,0,0,0,0,0,0,0,55,0,1,1,12,6,2,1,0,0,0,1,12,32703,6,1,0,0,3,0,70,999,0,0,0,0,0,0,0,0,0,0,0,0,0,0,1,2,55,1,1,8,1,0,0,1,62,1,1,1,51,0,0
12,120390,3,3,2,13,3,8,52,12,2,1,0,12,1,6,52,6052,6,2007,3A8FY48B47T5,3,A,8,F,Y,4,8,B,4,7,T,5,0,P,CHRY,PTC,SV,7,17,2985,,0,1030,,G,,F,4,148,,,15R195,,,,,,0,0,000000000,00000000000,0,0,0,1,0,0,0,0,0,0,0,55,0,0,0,10,6,2,12,0,0,0,1,12,32778,6,1,0,0,3,0,63,999,0,0,0,0,0,0,0,0,0,0,0,0,0,0,1,2,55,1,1,8,1,0,0,1,62,1,1,1,98,1,0
12,120391,1,1,3,13,3,15,29,1,0,1,0,12,1,12,401,12401,14,1997,1FMCU24X4VUA,1,F,M,C,U,2,4,X,4,V,U,A,0,P,FORD,EPR,UT,97,17,3931,,0,1017,,G,,F,6,245,,,15R225,,,,,,0,0,000000000,00000000000,0,0,0,1,0,0,0,0,0,0,0,55,0,1,5,0,6,2,1,0,0,0,1,12,32968,6,1,6,0,3,3,66,999,0,0,0,0,0,0,0,0,0,0,0,0,0,0,3,2,55,1,1,8,1,0,0,1,13,1,1,4,1,1,1
12,120392,1,2,5,14,3,16,17,14,0,1,0,12,1,14,6,14006,4,2004,2MEFM75W74X6,2,M,E,F,M,7,5,W,7,4,X,6,0,P,MERC,MGL,4D,4,17,4094,,0,1147,,G,,F,8,281,,,16R225,,,,,,0,0,000000000,00000000000,0,0,0,1,0,0,0,0,0,0,0,60,0,0,0,12,6,2,14,0,0,0,1,12,34224,6,1,0,0,3,0,63,999,0,0,0,0,0,0,0,0,0,0,6,0,0,0,4,4,45,1,1,8,1,3,3,1,13,1,1,4,1,1,0
12,120392,3,2,1,14,3,16,17,14,0,1,0,12,1,59,403,59403,14,2010,2T2ZK1BA5AC0,2,T,2,Z,K,1,B,A,5,A,C,0,0,P,LEXS,RX5,UT,10,17,4340,,0,1079,,G,,F,6,211,,,18R235,,,,,,0,0,000000000,00000000000,0,0,0,1,0,0,0,0,0,0,0,0,0,0,0,3,2,1,54,0,0,0,1,12,33983,6,1,0,0,3,0,65,999,0,0,0,0,0,0,0,0,0,0,0,0,0,0,6,1,45,1,1,8,1,3,3,5,98,1,1,1,98,0,0
12,120394,1,1,1,14,3,6,59,8,0,1,0,12,1,37,32,37032,4,2003,1HGCM563X3A0,1,H,G,C,M,5,6,3,X,3,A,0,0,P,HOND,ULX,4D,3,17,3053,,0,1079,,G,,F,4,146,,,15R205,,,,,,0,0,000000000,00000000000,0,0,0,1,0,0,0,0,0,0,0,45,0,0,0,12,4,3,8,0,0,0,1,12,33037,6,1,0,0,3,3,69,999,0,0,0,0,0,0,0,0,0,0,0,0,0,0,3,2,45,1,1,8,1,0,0,1,80,1,1,1,13,0,0
12,120395,1,1,3,15,3,8,19,33,0,1,0,12,1,54,35,54035,4,2012,19UUA8F73CA0,1,9,U,U,A,8,F,7,3,C,A,0,0,P,ACUR,ATL,4D,12,17,3770,,0,1093,,G,,F,6,214,,,17R245,,,,,,0,0,000000000,00000000000,0,0,0,1,0,0,0,0,0,0,0,35,0,1,6,11,6,2,1,0,0,0,1,12,32825,6,1,0,0,3,0,75,999,0,0,0,0,0,0,0,0,0,0,6,0,0,0,3,2,30,1,1,8,1,0,0,15,12,1,1,4,6,1,0
12,120397,1,2,1,16,3,18,50,12,7,1,0,12,1,73,706,73706,80,2006,JKBZXNA196A0,J,K,B,Z,X,N,A,1,9,6,A,0,0,M,KAWK,X4A,RC,6,17,,,,,,,1352,,4,,4,474,,,,,,,0,0,000000000,00000000000,0,0,0,1,0,0,0,0,0,0,0,50,0,0,0,3,4,3,12,0,0,0,1,12,32730,6,1,0,0,3,3,60,999,0,0,0,1,1,2,2010,7,2011,1,6,35,0,0,2,2,40,1,1,8,1,0,0,15,11,1,1,2,46,1,1
12,120397,2,2,1,16,3,18,50,12,7,1,0,12,2,53,705,53705,80,2005,JS1GN7CA0521,J,S,1,G,N,7,C,A,0,5,2,1,0,M,SUZI,GSK,RC,5,17,,,,,,,599,,4,,4,355,,,,,,,0,0,000000000,00000000000,0,0,0,1,0,0,0,0,0,0,0,40,0,0,0,9,2,1,12,0,0,0,1,37,28212,6,1,0,0,2,0,70,999,0,0,0,0,2,5,2009,9,2011,0,89,0,0,0,2,2,40,1,1,8,1,0,0,1,61,1,1,1,45,0,0