STATE,ST_CASE,VEH_NO,VE_FORMS,NUMOCCS,DAY,MONTH,HOUR,MINUTE,HARM_EV,MAN_COLL,UNITTYPE,HIT_RUN,REG_STAT,OWNER,MAKE,MODEL,MAK_MOD,BODY_TYP,MOD_YEAR,VIN,VIN_1,VIN_2,VIN_3,VIN_4,VIN_5,VIN_6,VIN_7,VIN_8,VIN_9,VIN_10,VIN_11,VIN_12,TOW_VEH,VINTYPE,VINMAKE,VINA_MOD,VIN_BT,VINMODYR,VIN_LNGT,VIN_WGT,WGTCD_TR,WHLBS_LG,WHLBS_SH,SER_TR,FUELCODE,MCYCL_DS,CARBUR,CYLINDER,DISPLACE,MCYCL_CY,MCYCL_WT,TIRE_SZE,TON_RAT,TRK_WT,TRKWTVAR,VIN_REST,WHLDRWHL,J_KNIFE,MCARR_I1,MCARR_I2,MCARR_ID,GVWR,V_CONFIG,CARGO_BT,HAZ_INV,HAZ_PLAC,HAZ_ID,HAZ_CNO,HAZ_REL,BUS_USE,SPEC_USE,EMER_USE,TRAV_SP,UNDERIDE,ROLLOVER,ROLINLOC,IMPACT1,DEFORMED,TOWED,M_HARM,VEH_SC1,VEH_SC2,FIRE_EXP,DR_PRES,L_STATE,DR_ZIP,L_STATUS,L_TYPE,CDL_STAT,L_ENDORS,L_COMPL,L_RESTRI,DR_HGT,DR_WGT,PREV_ACC,PREV_SUS,PREV_DWI,PREV_SPD,PREV_OTH,FIRST_MO,FIRST_YR,LAST_MO,LAST_YR,SPEEDREL,DR_SF1,DR_SF2,DR_SF3,DR_SF4,VTRAFWAY,VNUM_LAN,VSPD_LIM,VALIGN,VPROFILE,VPAVETYP,VSURCOND,VTRAFCON,VTCONT_F,P_CRASH1,P_CRASH2,P_CRASH3,PCRASH4,PCRASH5,ACC_TYPE,DEATHS,DR_DRINK
12,120398,1,2,1,16,3,10,55,1,0,1,0,12,1,98,709,98709,80,2005,1S9HC2804DL9,1,S,9,H,C,2,8,0,4,D,L,9,0,U,,,,5,17,,,,,,,,,,,,,,,,,,,0,0,000000000,00000000000,0,0,0,1,0,0,0,0,0,0,0,65,0,0,0,0,6,2,12,0,0,0,1,12,33314,6,1,0,0,3,0,76,999,0,1,0,0,0,10,2010,10,2010,0,0,0,0,0,3,5,65,1,1,8,1,0,0,1,8,98,2,4,98,1,0
12,120398,2,2,1,16,3,10,55,1,0,1,0,12,1,53,706,53706,80,2008,JS1VY53A2821,J,S,1,V,Y,5,3,A,2,8,2,1,0,M,SUZI,ZR8,RS,8,17,,,,,,,1783,,2,,4,703,,,,,,,0,0,000000000,00000000000,0,0,0,1,0,0,0,0,0,0,0,65,0,0,0,10,6,2,12,0,0,0,1,12,33021,6,1,0,0,3,0,74,999,0,0,0,0,0,0,0,0,0,0,0,0,0,0,3,5,65,1,1,8,1,0,0,1,61,6,1,4,98,0,0
12,120399,1,2,1,16,3,7,0,12,6,1,0,12,1,13,1,13001,4,2004,1LNHM81W64Y6,1,L,N,H,M,8,1,W,6,4,Y,6,0,P,LINC,EXS,4D,4,17,4359,,0,1177,,G,,F,8,281,,,000000,,,,,,0,0,000000000,00000000000,0,0,0,1,0,0,0,0,0,0,0,15,0,0,0,2,6,2,12,0,0,0,1,12,32174,6,1,0,0,3,3,75,999,0,0,0,0,0,0,0,0,0,0,38,48,0,0,3,2,55,1,1,8,1,3,3,11,15,1,1,1,68,0,0
12,120399,2,2,1,16,3,7,0,12,6,1,0,12,1,72,706,72706,80,1993,1HD1DFL12PY5,1,H,D,1,D,F,L,1,2,P,Y,5,0,M,HD,FHP,RS,93,17,,,,,,,1340,,2,,4,999,,,,,,,0,0,000000000,00000000000,0,0,0,1,0,0,0,0,0,0,0,28,0,0,0,12,6,2,12,0,0,0,1,12,32129,2,1,0,0,2,3,75,999,0,4,0,0,0,9,2010,4,2011,0,0,0,0,0,3,2,55,1,1,8,1,3,3,1,66,1,1,1,69,1,1
12,120401,1,2,1,16,3,21,20,11,0,1,0,12,1,39,32,39032,4,2003,SAJDA15B13MF,S,A,J,D,A,1,5,B,1,3,M,F,0,P,JAGU,JJR,4D,3,17,4050,,0,1130,,G,,Z,8,244,,,18R225,,,,,,0,0,000000000,00000000000,0,0,0,1,0,0,0,0,0,0,0,20,0,0,0,12,6,2,12,0,0,0,1,12,32952,6,1,0,0,3,3,66,999,0,0,0,0,0,0,0,0,0,0,28,0,0,0,1,2,35,2,1,8,1,0,0,14,87,6,1,1,13,0,0
12,120401,2,2,2,16,3,21,20,11,0,1,0,12,2,20,481,20481,31,1984,1GCGK24J9EJ1,1,G,C,G,K,2,4,J,9,E,J,1,0,T,CHEV,K20,PK,84,17,,2,0,1315,K20,D,,,8,379,,,,B,4270,06,,44,0,0,000000000,00000000000,0,0,0,1,0,0,0,0,0,0,0,35,0,1,2,12,6,2,1,0,0,0,1,12,32952,6,1,0,0,3,0,69,999,0,0,0,0,0,0,0,0,0,0,0,0,0,0,1,2,35,3,1,8,1,0,0,14,62,1,1,1,98,1,0
12,120402,1,1,1,16,3,0,40,1,0,1,0,12,1,35,401,35401,14,2002,JN8DR09X32W6,J,N,8,D,R,0,9,X,3,2,W,6,0,P,NISS,PFI,UT,2,17,3737,,0,1063,,G,,F,6,213,,,16R255,,,,,,0,0,000000000,00000000000,0,0,0,1,0,0,0,0,0,0,0,75,0,1,5,0,6,2,1,0,0,0,1,12,34102,6,1,0,0,3,0,65,999,0,0,0,0,0,0,0,0,0,0,6,0,0,0,3,3,70,1,1,8,1,0,0,1,13,1,1,4,1,1,0
12,120403,1,3,2,16,3,15,53,12,1,1,0,12,1,72,709,72709,80,2008,1HD1FS4458Y6,1,H,D,1,F,S,4,4,5,8,Y,6,0,M,HD,ATR,RS,8,17,,,,,,,1584,,2,,4,789,,,,,,,0,0,000000000,00000000000,0,0,0,1,0,0,0,0,0,0,0,35,0,0,0,12,6,2,12,0,0,0,1,12,34488,6,1,6,0,3,3,68,999,0,0,0,0,0,0,0,0,0,0,6,0,0,0,2,2,45,2,1,8,1,0,0,14,50,1,1,2,20,2,0
12,120403,2,3,1,16,3,15,53,12,1,1,0,12,1,22,18,22018,4,2002,1G2NF52F92C2,1,G,2,N,F,5,2,F,9,2,C,2,0,P,PONT,SE1,4D,2,17,3116,,0,1070,,G,,F,4,134,,,15R215,,,,,,0,0,000000000,00000000000,0,0,0,1,0,0,0,0,0,0,0,0,0,0,0,6,4,3,12,0,0,0,1,12,32132,6,1,0,0,3,0,69,999,0,0,0,0,0,0,0,0,0,0,0,0,0,0,2,2,45,2,1,8,1,0,0,14,53,1,1,1,21,0,0
12,120403,3,3,2,16,3,15,53,12,1,1,0,12,1,37,402,37402,14,2011,5J6RE3H3XBL0,5,J,6,R,E,3,H,3,X,B,L,0,0,P,HOND,CRV,UT,11,17,3386,,0,1031,,G,,F,4,146,,,17R225,,,,,,0,0,000000000,00000000000,0,0,0,1,0,0,0,0,0,0,0,45,0,0,0,12,6,2,12,0,0,0,1,12,32134,6,1,0,0,3,3,64,999,0,0,0,0,0,0,0,0,0,0,0,0,0,0,2,2,45,3,1,8,1,0,0,14,50,1,1,1,98,0,0
12,120404,1,1,1,17,3,0,3,8,0,1,0,12,2,7,20,7020,4,2004,1B3ES56C14D5,1,B,3,E,S,5,6,C,1,4,D,5,0,P,DODG,NXT,4D,4,17,2634,,0,1040,,G,,F,4,122,,,15R185,,,,,,0,0,000000000,00000000000,0,0,0,1,0,0,0,0,0,0,0,50,0,0,0,12,4,3,8,0,0,0,1,12,34461,6,1,0,0,3,0,63,999,0,0,0,0,0,0,0,0,0,0,0,0,0,0,5,2,50,1,1,8,1,0,0,1,80,1,1,1,13,0,0
12,120405,1,1,8,17,3,20,19,8,0,1,0,47,1,20,441,20441,20,1997,1GBDM19W6VB1,1,G,B,D,M,1,9,W,6,V,B,1,0,T,CHEV,AST,EC,97,17,,1,0,1110,AST,G,,,6,262,,,,B,00000,00,,42,0,0,000000000,00000000000,0,0,0,1,0,0,0,0,0,0,0,55,0,0,0,12,6,2,8,0,0,0,1,12,33860,3,1,0,0,2,0,62,999,0,0,0,0,0,0,0,0,0,0,0,0,0,0,1,2,60,1,1,8,1,0,0,1,80,1,1,1,13,0,0
12,120406,1,1,2,17,3,2,26,42,0,1,0,12,1,22,23,22023,2,2008,1G2MB35B38Y1,1,G,2,M,B,3,5,B,3,8,Y,1,0,P,PONT,SOL,RD,8,17,2860,,0,951,,G,,F,4,146,,,18R245,,,,,,0,0,000000000,00000000000,0,0,0,1,0,0,0,0,0,0,0,45,0,0,0,6,6,2,42,0,0,0,1,12,33614,6,1,0,0,3,3,76,999,0,0,0,0,0,0,0,0,0,0,58,0,0,0,3,2,45,1,1,8,2,0,0,1,12,1,4,4,6,1,1
12,120407,1,1,1,17,3,16,43,18,0,1,0,12,1,63,38,63038,4,2010,KNAFU4A20A51,K,N,A,F,U,4,A,2,0,A,5,1,0,P,KIA,FEX,4D,10,17,2707,,0,1043,,G,,F,4,122,,,15R195,,,,,,0,0,000000000,00000000000,0,0,0,1,0,0,0,0,0,0,0,60,0,1,5,12,6,2,18,0,0,0,1,12,32825,6,1,0,0,3,3,67,999,0,0,0,0,0,0,0,0,0,0,6,36,0,0,5,2,45,1,1,8,1,0,0,1,13,1,1,4,1,1,0
12,120408,1,1,1,17,3,23,50,8,0,1,0,37,2,35,47,35047,4,2005,1N4AL11D95C2,1,N,4,A,L,1,1,D,9,5,C,2,0,P,NISS,ASL,4D,5,17,2915,,0,1102,,G,,F,4,153,,,16R215,,,,,,0,0,000000000,00000000000,0,0,0,1,0,0,0,0,0,0,0,30,0,0,0,12,4,3,8,0,0,0,1,12,33526,6,1,0,0,3,0,64,999,0,0,0,0,0,0,0,0,0,0,0,0,0,0,1,2,30,1,5,8,1,0,0,1,80,1,1,1,13,0,1
12,120409,1,1,1,18,3,1,54,8,0,1,1,12,9,37,31,37031,4,1994,JHMEH9697RS0,J,H,M,E,H,9,6,9,7,R,S,0,0,P,HOND,CEX,4D,94,17,2459,,0,1032,,G,,F,4,097,,,14R175,,,,,,0,0,000000000,00000000000,0,0,0,1,0,0,0,0,0,0,0,65,0,0,0,12,4,1,8,0,0,0,1,99,99999,9,9,99,9,9,9,999,999,99,99,99,99,99,99,9999,99,9999,0,0,0,0,0,3,2,65,1,1,8,1,0,0,1,13,1,1,4,1,0,0
12,120410,1,2,1,18,3,3,30,12,2,1,0,12,2,51,46,51046,4,2010,YV1382MS2A24,Y,V,1,3,8,2,M,S,2,A,2,4,0,P,VOLV,S42,4D,10,17,3273,,0,1039,,G,,F,5,149,,,17R205,,,,,,0,0,000000000,00000000000,0,0,0,1,0,0,0,0,0,0,0,60,0,0,0,12,6,2,12,0,0,1,1,12,33182,6,1,0,0,3,0,68,999,0,0,0,0,0,0,0,0,0,0,51,0,0,0,3,3,60,1,3,8,1,0,0,1,54,1,1,2,50,1,1
12,120410,2,2,3,18,3,3,30,12,2,1,0,12,2,41,53,41053,5,2011,JM3ER2B5XB03,J,M,3,E,R,2,B,5,X,B,0,3,0,P,MAZD,MCX,UT,11,17,3496,,0,0,,G,,F,4,152,,,000000,,,,,,0,0,000000000,00000000000,0,0,0,1,0,0,0,0,0,0,0,60,0,1,1,12,6,2,12,0,0,1,1,12,33137,6,1,0,0,3,0,69,999,0,0,0,0,0,0,0,0,0,0,0,0,0,0,3,3,60,1,3,8,1,0,0,1,54,1,1,1,51,3,0
12,120411,1,2,1,12,3,15,52,12,7,1,0,12,1,7,472,7472,30,2001,1B7GG2AN91S1,1,B,7,G,G,2,A,N,9,1,S,1,0,T,DODG,QAD,CW,1,17,,1,0,1309,DAK,G,,,8,287,,,,B,4296,00,U,44,0,0,000000000,00000000000,0,0,0,1,0,0,0,0,0,0,0,70,0,1,1,1,6,2,1,0,0,0,1,12,33990,6,1,0,0,3,0,69,999,0,2,0,0,0,8,2011,8,2011,0,80,0,0,0,3,3,70,1,1,8,1,0,0,1,11,1,1,2,44,1,0
12,120411,2,2,1,12,3,15,52,12,7,1,0,37,3,84,881,84881,63,2005,1HSHXAHRX5J1,1,H,S,H,X,A,H,R,X,5,J,1,1,T,INTL,860,TR,5,17,,8,0,0,80S,D,,,6,661,,,,,00000,00,,64,1,37,1762766,371762766,3,4,97,1,0,0,0,0,0,0,0,63,0,0,0,8,4,1,12,0,0,0,1,12,34744,6,1,6,0,3,0,74,999,0,0,0,0,0,0,0,0,0,0,24,0,0,0,3,3,70,1,1,8,1,0,0,1,60,1,1,1,45,0,0
12,120412,1,2,1,19,3,13,43,12,1,1,0,12,1,82,881,82881,66,2001,1FUPUSZB41LG,1,F,U,P,U,S,Z,B,4,1,L,G,1,T,FRHT,FLD,TR,1,17,,8,0,0,CON,D,,,6,774,,,,,00000,00,,64,1,77,777777777,77777777777,3,6,28,1,0,0,0,0,0,0,0,60,0,0,0,12,4,3,12,0,0,0,1,12,32404,6,1,6,0,3,3,67,999,0,0,0,1,0,8,2011,8,2011,0,6,0,0,0,1,2,60,1,1,8,1,0,0,1,51,1,1,1,24,0,0
12,120412,2,2,3,19,3,13,43,12,1,1,0,39,3,2,1,2001,6,2011,1J4NT1FA2BD2,1,J,4,N,T,1,F,A,2,B,D,2,0,T,JEEP,CSP,4W,11,17,,1,0,1037,CMP,G,,,4,122,,,,,3082,00,W,42,0,0,000000000,00000000000,0,0,0,1,0,0,0,0,0,0,0,55,0,0,0,6,6,2,12,0,0,0,1,17,60062,6,1,0,0,3,0,64,125,0,0,0,0,0,0,0,0,0,0,0,0,0,0,1,2,60,1,1,8,1,0,0,1,53,1,1,1,25,1,0
12,120413,1,2,2,19,3,13,51,12,6,1,0,12,1,12,16,12016,4,2004,2FAFP74W64X1,2,F,A,F,P,7,4,W,6,4,X,1,0,P,FORD,CVL,4D,4,17,4057,,0,1147,,G,,F,8,281,,,16R225,,,,,,0,0,000000000,00000000000,0,0,0,1,0,0,0,0,0,0,0,10,0,0,0,9,6,2,12,0,0,0,1,12,33919,6,1,0,0,3,3,74,999,0,0,0,0,0,0,0,0,0,0,38,0,0,0,1,2,30,1,1,8,1,0,0,11,15,1,1,1,82,1,0
12,120413,2,2,1,19,3,13,51,12,6,1,0,12,1,12,481,12481,31,1987,1FTEF15Y9HNB,1,F,T,E,F,1,5,Y,9,H,N,B,0,T,FORD,F15,PK,87,17,,2,1330,1170,COF,G,,,6,300,,,,B,3447,01,A,42,0,0,000000000,00000000000,0,0,0,1,0,0,0,0,0,0,0,54,0,0,0,12,6,2,12,0,0,0,1,12,33903,6,1,0,0,3,3,69,999,0,2,0,0,0,11,2010,1,2012,1,0,0,0,0,2,2,45,1,1,8,1,0,0,1,67,1,1,1,83,0,0
12,120414,1,2,1,25,3,13,5,12,1,1,0,12,1,72,706,72706,80,2011,1HD1BW512BB0,1,H,D,1,B,W,5,1,2,B,B,0,0,M,HD,STC,RS,11,17,,,,,,,1584,,2,,4,730,,,,,,,0,0,000000000,00000000000,0,0,0,1,0,0,0,0,0,0,0,55,0,0,0,12,6,2,1,0,0,0,1,12,33597,6,1,6,0,3,3,73,999,0,0,0,0,0,0,0,0,0,0,6,0,0,0,1,2,55,1,1,8,1,0,0,1,51,6,1,1,24,1,0
12,120414,2,2,1,25,3,13,5,12,1,1,0,12,1,72,706,72706,80,2012,1HD1BWV1XCB0,1,H,D,1,B,W,V,1,X,C,B,0,0,M,HD,STC,RS,12,17,,,,,,,1690,,2,,4,730,,,,,,,0,0,000000000,00000000000,0,0,0,1,0,0,0,0,0,0,0,50,0,0,0,6,4,9,12,0,0,0,1,12,34788,6,1,0,0,3,0,68,999,0,0,0,0,0,0,0,0,0,0,0,0,0,0,1,2,55,1,1,8,1,0,0,1,53,7,1,1,25,0,0
12,120415,1,2,3,17,3,19,34,12,7,1,0,12,2,49,40,49040,4,2008,4T1BE46K18U7,4,T,1,B,E,4,6,K,1,8,U,7,0,P,TOYT,XSL,4D,8,17,3263,,0,1093,,G,,F,4,146,,,16R215,,,,,,0,0,000000000,00000000000,0,0,0,1,0,0,0,0,0,0,0,15,0,0,0,5,2,1,12,0,0,0,1,12,33431,6,1,0,0,3,3,66,999,0,0,0,0,0,0,0,0,0,0,38,0,0,0,2,3,45,1,1,8,1,0,0,11,15,1,1,1,68,0,0
12,120415,2,2,1,17,3,19,34,12,7,1,0,12,2,53,705,53705,80,2001,JS1GN7BA8121,J,S,1,G,N,7,B,A,8,1,2,1,0,M,SUZI,G60,RC,1,17,,,,,,,600,,4,,4,359,,,,,,,0,0,000000000,00000000000,0,0,0,1,0,0,0,0,0,0,0,45,0,0,0,3,4,3,1,0,0,0,1,12,32822,1,1,0,0,2,0,71,999,0,1,0,0,0,2,2011,2,2011,0,0,0,0,0,2,3,45,1,1,8,1,0,0,1,62,1,1,1,69,1,1
12,120416,1,3,2,10,3,2,18,12,1,1,0,12,2,30,40,30040,4,2011,3VWDX7AJ2BM0,3,V,W,D,X,7,A,J,2,B,M,0,0,P,VOLK,JSA,4D,11,17,3082,,0,0,,G,,F,5,151,,,000000,,,,,,0,0,000000000,00000000000,0,0,0,1,0,0,0,0,0,0,0,70,0,0,0,12,6,2,12,0,0,0,1,51,22203,1,1,2,0,2,0,68,165,0,0,0,1,1,11,2009,4,2010,0,6,36,0,0,3,2,70,1,1,8,1,0,0,1,51,1,1,1,24,2,1
12,120416,2,3,1,10,3,2,18,12,1,1,0,12,1,35,471,35471,30,1983,JN6ND06Y2DW0,J,N,6,N,D,0,6,Y,2,D,W,0,0,T,DATS,4WK,PK,83,17,,1,0,1108,720,G,,,4,146,,,,B,2987,01,,44,0,0,000000000,00000000000,0,0,0,1,0,0,0,0,0,0,0,55,0,1,5,6,6,2,12,0,0,0,1,12,32907,6,1,6,0,3,3,67,999,0,3,0,0,0,7,2009,4,2011,0,0,0,0,0,3,2,70,1,1,8,1,0,0,1,53,1,1,1,25,0,0
12,120416,3,3,2,10,3,2,18,12,1,1,0,34,3,51,881,51881,66,2007,4V4NC9TG27N4,4,V,4,N,C,9,T,G,2,7,N,4,1,T,VOLV,VNL,TR,7,17,,8,0,0,VVN,D,,,6,915,,,,,00000,00,,64,1,34,1873701,341873701,3,6,1,1,0,0,0,0,0,0,0,74,0,0,0,12,6,2,12,0,0,0,1,47,37013,6,1,6,0,3,0,68,210,0,1,0,1,1,9,2010,4,2011,0,0,0,0,0,3,2,70,1,1,8,1,0,0,1,50,1,1,1,98,0,0
12,120417,1,2,1,27,2,19,36,12,1,1,0,12,1,20,403,20403,14,2006,1GNDS13S6622,1,G,N,D,S,1,3,S,6,6,2,2,0,P,CHEV,TRL,UT,6,17,4417,,0,1130,,G,,F,6,256,,,16R235,,,,,,0,0,000000000,00000000000,0,0,0,1,0,0,0,0,0,0,0,45,0,0,0,12,4,3,12,0,0,0,1,12,33602,1,1,0,0,2,0,68,999,0,10,0,0,1,9,2009,2,2012,0,6,0,0,0,2,3,45,1,1,8,1,0,0,1,13,1,1,4,98,0,1
12,120417,2,2,1,27,2,19,36,12,1,1,0,99,9,98,709,98709,81,9999,5NFSD10MK172,5,N,F,S,D,1,0,M,K,1,7,2,0,U,,,,1,17,,,,,,,,,,,,,,,,,,,0,0,000000000,00000000000,0,0,0,1,0,0,0,0,0,0,0,999,0,0,0,6,9,2,12,0,0,0,1,12,33604,1,1,0,0,2,0,67,999,0,5,3,0,0,11,2009,2,2011,0,0,0,0,0,2,3,45,1,1,8,1,0,0,1,60,1,1,5,98,1,0
12,120418,1,1,1,11,3,20,48,8,0,1,0,12,1,12,21,12021,4,2005,1FAFP23145G1,1,F,A,F,P,2,3,1,4,5,G,1,0,P,FORD,5SE,4D,5,17,3643,,0,1129,,G,,F,6,183,,,17R215,,,,,,0,0,000000000,00000000000,0,0,0,1,0,0,0,0,0,0,0,43,0,0,0,12,4,1,8,0,0,0,1,12,33624,6,1,0,0,3,0,71,999,0,0,0,0,1,1,2011,1,2011,0,0,0,0,0,2,2,40,2,5,8,1,3,3,14,80,1,1,1,13,0,0
12,120419,1,1,1,14,1,6,51,8,0,1,0,12,1,7,472,7472,30,2000,1B7GL22X3YS6,1,B,7,G,L,2,2,X,3,Y,S,6,0,T,DODG,DAK,PC,0,17,,1,0,1309,DAK,G,,,6,239,,,,B,3494,00,U,42,0,0,000000000,00000000000,0,0,0,1,0,0,0,0,0,0,0,40,0,0,0,12,4,3,8,0,0,0,1,12,33406,6,1,0,0,3,3,71,999,0,0,0,0,0,0,0,0,0,0,0,0,0,0,2,3,40,1,1,8,1,0,0,1,80,1,1,1,13,0,0
12,120420,1,1,1,2,3,18,54,53,0,1,0,12,1,12,481,12481,31,2006,1FTRF02W16KD,1,F,T,R,F,0,2,W,1,6,K,D,0,T,FORD,F15,PK,6,17,,2,0,1260,COF,G,,,8,281,,,,B,4708,00,E,42,0,0,000000000,00000000000,0,0,0,1,0,0,0,0,0,0,0,50,0,1,6,12,6,2,1,0,0,0,1,12,33478,6,1,0,0,3,3,74,999,0,0,0,1,0,7,2009,7,2009,1,0,0,0,0,1,2,35,1,1,8,11,0,0,1,12,1,1,4,6,1,1
12,120421,1,2,2,4,1,13,57,12,6,1,0,12,2,49,45,49045,2,2003,JTDAT1239302,J,T,D,A,T,1,2,3,9,3,0,2,0,P,TOYT,ECH,2D,3,17,1994,,0,934,,G,,F,4,091,,,14R175,,,,,,0,0,000000000,00000000000,0,0,0,1,0,0,0,0,0,0,0,55,0,0,0,12,6,2,12,0,0,0,1,12,33617,6,1,0,0,3,3,64,999,0,0,0,0,0,0,0,0,0,0,39,0,0,0,1,2,55,1,1,8,1,3,3,1,17,1,1,1,88,1,0
12,120421,2,2,1,4,1,13,57,12,6,1,0,12,3,20,881,20881,61,2005,1GBE5C1265F5,1,G,B,E,5,C,1,2,6,5,F,5,0,T,CHEV,C5C,CB,5,17,,5,2240,1280,C55,D,,,8,403,,,,,00000,00,,42,0,88,888888888,88888888888,2,1,97,1,0,0,0,0,0,0,0,50,0,0,0,9,4,3,12,0,0,0,1,12,33525,6,1,0,0,3,0,74,999,0,1,0,0,0,8,2011,8,2011,0,0,0,0,0,1,2,55,1,1,8,1,3,3,1,66,1,1,1,89,0,0
12,120422,1,2,4,5,1,6,15,12,6,1,0,12,2,12,881,12881,61,2006,1FDWW37P36EA,1,F,D,W,W,3,7,P,3,6,E,A,0,T,FORD,F3D,CH,6,17,,3,0,1760,DRW,D,,,8,366,,,,D,6901,00,E,44,0,88,888888888,88888888888,2,1,97,1,0,0,0,0,0,0,0,10,0,0,0,9,6,2,12,0,0,0,1,12,33870,3,1,0,0,2,0,65,999,0,1,0,0,0,11,2009,11,2009,0,38,0,0,0,1,2,50,1,1,8,1,0,0,12,98,1,1,1,98,1,0
12,120422,2,2,1,5,1,6,15,12,6,1,0,12,3,86,882,86882,63,1996,1M2K189C4TM0,1,M,2,K,1,8,9,C,4,T,M,0,0,T,MACK,MR6,TB,96,17,,8,0,0,600,D,,,6,728,,,,,00000,00,,64,0,12,831216,12831216,3,2,4,1,0,0,0,0,0,0,0,50,0,0,0,12,6,2,12,0,0,0,1,12,33545,6,1,6,0,3,0,70,999,0,2,0,0,0,10,2009,8,2010,0,0,0,0,0,1,2,50,1,1,8,1,0,0,1,61,1,1,1,98,0,0
12,120423,1,1,1,6,1,19,0,8,0,1,0,12,2,37,421,37421,15,2006,5FNYF28516B0,5,F,N,Y,F,2,8,5,1,6,B,0,0,P,HOND,PIL,UT,6,17,4341,,0,1063,,G,,F,6,213,,,16R235,,,,,,0,0,000000000,00000000000,0,0,0,1,0,0,0,0,0,0,0,50,0,0,0,12,4,1,8,0,0,0,1,12,34420,6,1,0,0,3,0,64,999,0,0,0,0,1,6,2011,6,2011,0,0,0,0,0,1,2,55,1,1,8,1,0,0,1,80,1,1,1,13,0,0
12,120424,1,1,1,10,1,22,15,33,0,1,0,12,1,37,705,37705,80,2006,JH2RC44426M0,J,H,2,R,C,4,4,4,2,6,M,0,0,M,HOND,V7A,RS,6,17,,,,,,,745,,2,,4,496,,,,,,,0,0,000000000,00000000000,0,0,0,1,0,0,0,0,0,0,0,30,0,0,0,12,6,2,1,0,0,0,1,12,32147,6,1,0,0,3,0,67,999,0,0,0,0,0,0,0,0,0,0,6,0,0,0,2,2,45,1,1,8,1,0,0,1,12,1,1,4,6,1,1
12,120425,1,2,2,21,1,22,45,12,6,1,0,12,1,19,3,19003,4,2000,1G6KE57Y0YU2,1,G,6,K,E,5,7,Y,0,Y,U,2,0,P,CADI,DHS,4D,0,17,4052,,0,1138,,G,,F,8,279,,,16R225,,,,,,0,0,000000000,00000000000,0,0,0,1,0,0,0,0,0,0,0,15,0,0,0,10,6,2,12,0,0,0,1,12,32413,6,1,0,0,3,0,64,999,0,0,0,0,0,0,0,0,0,0,38,0,0,0,1,2,25,1,1,8,1,20,3,11,15,1,1,1,82,0,1
12,120425,2,2,1,21,1,22,45,12,6,1,0,12,2,72,706,72706,80,1991,1HD4CEM12MY1,1,H,D,4,C,E,M,1,2,M,Y,1,0,M,HD,X8H,RS,91,17,,,,,,,883,,2,,4,463,,,,,,,0,0,000000000,00000000000,0,0,0,1,0,0,0,0,0,0,0,55,0,0,0,12,6,2,12,0,0,0,1,12,32413,3,1,0,0,2,0,68,999,0,3,0,0,0,8,2009,10,2010,0,0,0,0,0,2,2,55,1,1,8,1,0,0,1,67,1,1,1,83,1,0
12,120426,1,1,1,21,4,23,48,8,0,1,1,99,9,99,999,99999,99,9999,999999999999,9,9,9,9,9,9,9,9,9,9,9,9,0,,,,,,,,,,,,,,,,,,,,,,,,,0,0,000000000,00000000000,0,0,0,1,0,0,0,0,0,0,0,40,0,0,0,12,2,1,8,0,0,0,1,99,99999,9,9,99,9,9,9,999,999,99,99,99,99,99,99,9999,99,9999,0,0,0,0,0,1,2,40,1,1,8,1,0,0,1,80,99,1,1,13,0,0
12,120427,1,1,1,29,1,22,45,9,0,1,0,12,1,54,35,54035,4,2003,19UUA56823A0,1,9,U,U,A,5,6,8,2,3,A,0,0,P,ACUR,3TS,4D,3,17,3558,,0,1081,,G,,F,6,197,,,17R215,,,,,,0,0,000000000,00000000000,0,0,0,1,0,0,0,0,0,0,0,45,0,0,0,12,4,1,9,0,0,0,1,12,32807,6,1,0,0,3,3,72,999,0,0,0,0,0,0,0,0,0,0,0,0,0,0,2,3,45,1,1,8,1,3,3,1,83,1,1,1,13,0,0
12,120428,1,2,1,1,2,0,10,12,7,1,1,99,9,99,999,99999,99,9999,999999999999,9,9,9,9,9,9,9,9,9,9,9,9,0,,,,,,,,,,,,,,,,,,,,,,,,,0,0,000000000,00000000000,0,0,0,1,0,0,0,0,0,0,0,50,0,0,0,81,9,1,12,0,0,0,1,99,99999,9,9,99,9,9,9,999,999,99,99,99,99,99,99,9999,99,9999,0,27,0,0,0,2,3,50,1,1,8,1,0,0,15,11,99,1,2,46,0,0
12,120428,2,2,3,1,2,0,10,12,7,1,0,12,1,49,50,49050,3,2006,JTKDE177X600,J,T,K,D,E,1,7,7,X,6,0,0,0,P,TOYT,SXC,2H,6,17,2905,,0,1063,,G,,F,4,144,,,17R215,,,,,,0,0,000000000,00000000000,0,0,0,1,0,0,0,0,0,0,0,50,0,0,0,61,6,2,3,0,0,0,1,12,33177,6,1,0,0,3,0,64,999,0,0,0,0,0,0,0,0,0,0,0,0,0,0,2,3,50,1,1,8,1,0,0,1,60,1,1,1,45,1,0
12,120429,1,2,2,10,2,18,2,12,6,1,0,12,1,2,403,2403,14,1995,1J4FY19P7SP2,1,J,4,F,Y,1,9,P,7,S,P,2,0,T,JEEP,WSR,2W,95,17,,1,0,934,W/Y,G,,,4,150,,,,,2861,00,A,44,0,0,000000000,00000000000,0,0,0,1,0,0,0,0,0,0,0,10,0,0,0,3,6,2,12,0,0,0,1,12,33470,1,1,0,0,2,0,70,999,0,1,0,0,0,9,2011,9,2011,0,38,48,0,0,2,3,40,1,1,8,2,0,0,11,15,1,1,1,68,2,1