STATE,ST_CASE,VEH_NO,VE_FORMS,NUMOCCS,DAY,MONTH,HOUR,MINUTE,HARM_EV,MAN_COLL,UNITTYPE,HIT_RUN,REG_STAT,OWNER,MAKE,MODEL,MAK_MOD,BODY_TYP,MOD_YEAR,VIN,VIN_1,VIN_2,VIN_3,VIN_4,VIN_5,VIN_6,VIN_7,VIN_8,VIN_9,VIN_10,VIN_11,VIN_12,TOW_VEH,VINTYPE,VINMAKE,VINA_MOD,VIN_BT,VINMODYR,VIN_LNGT,VIN_WGT,WGTCD_TR,WHLBS_LG,WHLBS_SH,SER_TR,FUELCODE,MCYCL_DS,CARBUR,CYLINDER,DISPLACE,MCYCL_CY,MCYCL_WT,TIRE_SZE,TON_RAT,TRK_WT,TRKWTVAR,VIN_REST,WHLDRWHL,J_KNIFE,MCARR_I1,MCARR_I2,MCARR_ID,GVWR,V_CONFIG,CARGO_BT,HAZ_INV,HAZ_PLAC,HAZ_ID,HAZ_CNO,HAZ_REL,BUS_USE,SPEC_USE,EMER_USE,TRAV_SP,UNDERIDE,ROLLOVER,ROLINLOC,IMPACT1,DEFORMED,TOWED,M_HARM,VEH_SC1,VEH_SC2,FIRE_EXP,DR_PRES,L_STATE,DR_ZIP,L_STATUS,L_TYPE,CDL_STAT,L_ENDORS,L_COMPL,L_RESTRI,DR_HGT,DR_WGT,PREV_ACC,PREV_SUS,PREV_DWI,PREV_SPD,PREV_OTH,FIRST_MO,FIRST_YR,LAST_MO,LAST_YR,SPEEDREL,DR_SF1,DR_SF2,DR_SF3,DR_SF4,VTRAFWAY,VNUM_LAN,VSPD_LIM,VALIGN,VPROFILE,VPAVETYP,VSURCOND,VTRAFCON,VTCONT_F,P_CRASH1,P_CRASH2,P_CRASH3,PCRASH4,PCRASH5,ACC_TYPE,DEATHS,DR_DRINK
12,120429,2,2,1,10,2,18,2,12,6,1,0,12,1,12,16,12016,4,2000,2FAFP71W4YX1,2,F,A,F,P,7,1,W,4,Y,X,1,0,P,FORD,CVP,4D,0,17,3946,,0,1147,,G,,F,8,281,,,16R225,,,,,,0,0,000000000,00000000000,0,0,0,1,0,0,0,0,0,0,0,40,0,0,0,12,6,2,12,0,0,0,1,12,33463,6,1,0,0,3,0,67,999,0,0,0,0,0,0,0,0,0,0,0,0,0,0,2,3,40,1,1,8,2,0,0,1,62,1,1,1,69,0,0
12,120430,1,2,1,18,2,14,37,24,0,1,0,12,2,35,43,35043,4,2001,3N1CB51D41L4,3,N,1,C,B,5,1,D,4,1,L,4,0,P,NISS,XGX,4D,1,17,2469,,0,998,,G,,F,4,108,,,14R185,,,,,,0,0,000000000,00000000000,0,0,0,1,0,0,0,0,0,0,0,65,0,1,5,98,6,2,12,0,0,0,1,12,32926,6,1,0,0,3,0,66,999,0,0,0,0,0,0,0,0,0,0,0,0,0,0,3,2,70,1,1,8,1,0,0,1,1,1,1,4,6,1,0
12,120430,2,2,2,18,2,14,37,24,0,1,0,12,1,7,442,7442,20,2008,1D8HN44H08B1,1,D,8,H,N,4,4,H,0,8,B,1,0,T,DODG,GCS,ES,8,17,,2,0,1212,CAR,F,,,6,201,,,,,4321,00,7,42,0,0,000000000,00000000000,0,0,0,1,0,0,0,0,0,0,0,65,0,0,0,12,6,2,12,0,0,0,1,12,32935,6,1,0,0,3,3,71,999,0,0,0,0,0,0,0,0,0,0,0,0,0,0,3,2,70,1,1,8,1,0,0,1,62,7,1,2,98,0,0
12,120431,1,1,2,25,2,18,25,14,0,1,0,12,2,20,9,20009,2,1990,1G1FP23E8LL1,1,G,1,F,P,2,3,E,8,L,L,1,0,P,CHEV,CAR,CP,90,17,3077,,0,1010,,G,,F,8,305,,,15R215,,,,,,0,0,000000000,00000000000,0,0,0,1,0,0,0,0,0,0,0,1,0,0,0,12,6,2,8,0,0,0,1,12,32065,6,1,0,0,3,0,69,999,0,0,0,0,0,0,0,0,0,1,6,0,0,0,1,2,10,1,1,8,1,0,0,1,50,1,1,5,98,0,0
12,120432,1,1,1,26,2,3,2,42,0,1,0,12,1,55,37,55037,2,2003,KMHHN65F33U0,K,M,H,H,N,6,5,F,3,3,U,0,0,P,HYUN,TGT,CP,3,17,3015,,0,996,,G,,F,6,162,,,17R215,,,,,,0,0,000000000,00000000000,0,0,0,1,0,0,0,0,0,0,0,30,0,0,0,12,6,2,42,0,0,0,1,12,34113,6,1,0,0,3,0,63,999,0,0,0,0,0,0,0,0,0,0,6,0,0,0,2,2,30,1,1,8,1,0,0,1,13,1,1,4,1,1,1
12,120433,1,1,3,27,2,19,34,8,0,1,0,12,1,7,43,7043,2,2003,4B3AG52HX3E1,4,B,3,A,G,5,2,H,X,3,E,1,0,P,DODG,SRS,CP,3,17,3115,,0,1037,,G,,F,6,181,,,17R215,,,,,,0,0,000000000,00000000000,0,0,0,1,0,0,0,0,0,0,0,35,0,0,0,12,4,3,8,0,0,0,1,12,32818,6,1,0,0,3,0,66,999,0,1,0,1,0,12,2009,7,2011,0,0,0,0,0,3,3,35,1,1,8,1,0,0,1,80,1,1,1,13,0,0
12,120434,1,2,1,2,3,14,12,12,6,1,0,12,3,12,17,12017,4,2011,1FAHP2HW4BG1,1,F,A,H,P,2,H,W,4,B,G,1,0,P,FORD,TSA,4D,11,17,4224,,0,0,,G,,F,6,214,,,18R235,,,,,,0,0,000000000,00000000000,0,0,0,1,0,0,0,0,0,0,0,46,0,0,0,12,6,2,12,0,0,0,1,12,33458,6,1,0,0,3,3,63,999,0,0,0,0,0,0,0,0,0,0,6,0,0,0,2,3,45,1,1,8,1,3,3,1,17,1,1,1,88,0,0
12,120434,2,2,1,2,3,14,12,12,6,1,0,12,1,55,33,55033,4,2012,5NPEC4AC1CH4,5,N,P,E,C,4,A,C,1,C,H,4,0,P,HYUN,SLI,4D,12,17,3199,,0,1100,,G,,F,4,144,,,17R215,,,,,,0,0,000000000,00000000000,0,0,0,1,0,0,0,0,0,0,0,25,0,0,0,62,6,2,12,0,0,0,1,12,33498,6,1,0,0,3,3,70,999,0,0,0,0,0,0,0,0,0,0,0,0,0,0,2,3,30,1,1,8,1,3,3,1,66,1,1,1,89,1,0
12,120435,1,1,1,10,3,21,8,9,0,1,0,12,1,41,51,41051,4,2008,JM1BK32F9811,J,M,1,B,K,3,2,F,9,8,1,1,0,P,MAZD,M3I,4D,8,17,2780,,0,1039,,G,,F,4,122,,,15R195,,,,,,0,0,000000000,00000000000,0,0,0,1,0,0,0,0,0,0,0,999,0,0,0,12,4,3,9,0,0,0,1,12,33919,6,1,0,0,3,0,65,999,0,0,0,0,0,0,0,0,0,0,0,0,0,0,2,3,45,1,1,8,1,3,3,1,83,6,1,1,13,0,0
12,120436,1,1,1,11,3,16,35,59,0,1,0,37,1,72,706,72706,80,2005,1HD1DJV105Y6,1,H,D,1,D,J,V,1,0,5,Y,6,0,M,HD,FHC,RS,5,17,,,,,,,1450,,2,,4,758,,,,,,,0,0,000000000,00000000000,0,0,0,1,0,0,0,0,0,0,0,57,0,0,0,1,6,2,1,0,0,1,1,37,28025,6,1,0,0,3,1,66,999,0,0,0,0,0,0,0,0,0,1,0,0,0,0,1,2,50,3,1,8,1,0,0,14,13,3,1,4,1,1,1
12,120437,1,1,2,11,3,16,59,33,0,1,0,12,1,72,706,72706,80,1993,1HD1DPL18PY5,1,H,D,1,D,P,L,1,8,P,Y,5,0,M,HD,UHB,RS,93,17,,,,,,,1340,,2,,4,765,,,,,,,0,0,000000000,00000000000,0,0,0,1,0,0,0,0,0,0,0,999,0,0,0,12,6,2,33,0,0,0,1,12,33967,6,1,6,0,3,0,74,999,0,0,0,0,0,0,0,0,0,1,0,0,0,0,6,1,98,8,4,8,1,0,0,10,16,1,1,4,6,1,1
12,120438,1,1,1,12,3,3,13,1,0,1,0,12,2,20,481,20481,31,2004,1GCEC19X04Z2,1,G,C,E,C,1,9,X,0,4,Z,2,0,T,CHEV,SC1,4C,4,17,,2,1575,1435,SIL,G,,,6,262,,,,B,4555,00,,42,0,0,000000000,00000000000,0,0,0,1,0,0,0,0,0,0,0,55,0,1,3,0,6,2,1,0,0,0,1,12,34239,0,0,0,0,0,0,999,999,0,0,0,0,0,0,0,0,0,0,6,0,0,0,2,2,55,3,1,8,1,0,0,14,12,1,4,4,7,1,1
12,120440,1,1,4,13,3,17,43,31,0,1,0,12,3,7,482,7482,31,2012,1C6RD6GP6CS1,1,C,6,R,D,6,G,P,6,C,S,1,0,T,DODG,SL1,CW,12,17,,2,0,1400,RPC,G,,,8,287,,,,B,5089,00,K,42,0,0,000000000,00000000000,0,0,0,1,0,0,0,0,0,0,0,60,0,0,0,6,6,2,30,0,0,0,1,13,31023,6,1,0,0,3,0,71,999,98,0,0,0,1,10,2009,10,2009,0,28,0,0,0,1,2,55,1,1,8,1,0,0,1,13,1,1,4,6,1,1
12,120442,1,4,2,17,3,22,6,12,1,1,0,12,2,2,404,2404,14,1998,1J4FT28S9WL1,1,J,4,F,T,2,8,S,9,W,L,1,0,T,JEEP,CSE,4W,98,17,,1,0,1014,CHK,G,,,6,242,,,,,2927,00,E,42,0,0,000000000,00000000000,0,0,0,1,0,0,0,0,0,0,0,998,0,0,0,12,6,2,12,0,0,0,1,12,32303,6,1,0,0,3,3,71,999,0,0,0,0,1,10,2010,10,2010,1,36,0,0,0,2,2,25,1,1,8,1,3,3,11,51,1,1,1,24,0,0
12,120442,2,4,4,17,3,22,6,12,1,1,0,12,1,2,404,2404,14,2004,1J4GX48S14C3,1,J,4,G,X,4,8,S,1,4,C,3,0,T,JEEP,LCF,4W,4,17,,1,0,1059,GCK,G,,,6,244,,,,,3683,02,E,42,0,0,000000000,00000000000,0,0,0,1,0,0,0,0,0,0,0,998,0,0,0,6,6,2,12,0,0,0,1,12,32303,6,1,6,0,3,3,74,999,0,0,0,1,0,7,2009,7,2009,0,0,0,0,0,2,2,25,1,1,8,1,3,3,11,53,1,1,1,25,3,0
12,120442,3,4,2,17,3,22,6,12,1,1,0,12,1,59,403,59403,14,2009,2T2HK31U09C1,2,T,2,H,K,3,1,U,0,9,C,1,0,P,LEXS,RX5,UT,9,17,4090,,0,1069,,G,,F,6,211,,,17R225,,,,,,0,0,000000000,00000000000,0,0,0,1,0,0,0,0,0,0,0,0,0,0,0,8,4,3,12,0,0,0,1,12,32311,6,1,0,0,3,3,64,999,0,0,0,0,0,0,0,0,0,0,0,0,0,0,2,2,25,1,1,8,1,3,3,5,60,1,1,1,98,0,0
12,120442,4,4,1,17,3,22,6,12,1,1,0,12,1,30,40,30040,4,2004,3VWSK69M04M0,3,V,W,S,K,6,9,M,0,4,M,0,0,P,VOLK,JGS,4D,4,17,2833,,0,989,,G,,F,4,121,,,15R195,,,,,,0,0,000000000,00000000000,0,0,0,1,0,0,0,0,0,0,0,0,0,0,0,12,2,1,12,0,0,0,1,12,32308,6,1,0,0,3,0,71,999,0,0,0,0,0,0,0,0,0,0,0,0,0,0,2,2,25,1,1,8,1,3,3,5,54,1,1,1,98,0,0
12,120443,1,1,1,21,3,1,50,1,0,1,0,12,2,38,402,38402,14,1999,4S2CK58W9X43,4,S,2,C,K,5,8,W,9,X,4,3,0,P,ISU,ROD,UT,99,17,3528,,0,1064,,G,,F,6,195,,,15R235,,,,,,0,0,000000000,00000000000,0,0,0,1,0,0,0,0,0,0,0,92,0,1,5,0,6,2,1,0,0,0,1,12,32065,6,1,0,0,3,3,67,999,0,0,0,0,0,0,0,0,0,0,6,0,0,0,1,2,55,3,1,8,1,0,0,14,12,1,4,4,7,1,1
12,120444,1,1,2,23,3,15,9,1,0,1,0,12,2,49,472,49472,30,1997,4TAWN72N7VZ2,4,T,A,W,N,7,2,N,7,V,Z,2,0,T,TOYT,XTR,PC,97,17,,1,0,1219,TAC,G,,,6,206,,,,B,3410,00,M,44,0,0,000000000,00000000000,0,0,0,1,0,0,0,0,0,0,0,70,0,1,3,0,6,2,1,0,0,0,1,12,32024,6,1,0,0,3,3,69,999,0,0,0,1,0,2,2012,2,2012,0,6,58,0,0,2,2,70,1,1,8,1,0,0,1,12,6,4,4,7,1,0
12,120445,1,1,1,24,3,17,25,1,0,1,0,12,1,72,706,72706,80,2001,1HD1FRW121Y6,1,H,D,1,F,R,W,1,2,1,Y,6,0,M,HD,FCI,RS,1,17,,,,,,,1450,,2,,4,710,,,,,,,0,0,000000000,00000000000,0,0,0,1,0,0,0,0,0,0,0,60,0,0,0,0,6,2,1,0,0,0,1,12,34114,6,1,6,0,3,3,70,999,0,0,0,0,0,0,0,0,0,0,6,0,0,0,1,2,60,1,1,8,1,50,3,1,13,3,1,4,1,1,0
12,120446,1,4,1,24,3,15,17,12,2,1,0,12,1,12,398,12398,2,1964,4F08C023552,4,F,0,8,C,0,2,3,5,5,2,,0,P,FORD,,,64,11,,,,,,,,,,,,,,,,,,,0,0,000000000,00000000000,0,0,0,1,0,0,0,0,0,0,0,88,0,0,0,12,6,2,2,0,0,1,1,12,32301,6,1,0,0,3,3,73,999,0,0,0,0,0,0,0,0,0,0,6,0,0,0,2,2,45,1,5,8,1,0,0,1,10,1,2,2,50,1,0
12,120446,2,4,3,24,3,15,17,12,2,1,0,12,2,19,18,19018,4,2003,1G6DM57N4301,1,G,6,D,M,5,7,N,4,3,0,1,0,P,CADI,C/T,4D,3,17,3509,,0,1134,,G,,F,6,194,,,16R225,,,,,,0,0,000000000,00000000000,0,0,0,1,0,0,0,0,0,0,0,25,0,0,0,12,6,2,2,0,0,1,1,12,32311,6,1,0,0,3,0,67,999,0,0,0,0,1,11,2010,11,2010,0,0,0,0,0,2,2,45,1,5,8,1,0,0,1,62,1,1,1,51,0,0
12,120446,3,4,1,24,3,15,17,12,2,1,0,12,2,52,34,52034,4,2001,4A3AA46G71E1,4,A,3,A,A,4,6,G,7,1,E,1,0,P,MITS,GES,4D,1,17,3075,,0,1037,,G,,F,4,143,,,15R195,,,,,,0,0,000000000,00000000000,0,0,0,1,0,0,0,0,0,0,0,0,0,0,0,12,6,2,12,0,0,0,1,12,32301,6,1,0,0,3,3,64,999,0,0,0,0,0,0,0,0,0,0,0,0,0,0,1,2,45,1,1,8,1,20,3,5,62,1,1,1,98,0,0
12,120446,4,4,1,24,3,15,17,12,2,1,0,12,1,35,47,35047,4,2007,1N4AL21E07C1,1,N,4,A,L,2,1,E,0,7,C,1,0,P,NISS,ATS,4D,7,17,3042,,0,1093,,G,,F,4,153,,,16R215,,,,,,0,0,000000000,00000000000,0,0,0,1,0,0,0,0,0,0,0,10,0,0,0,9,2,1,54,0,0,0,1,12,32301,6,1,0,0,3,0,70,999,0,0,0,0,0,0,0,0,0,0,0,0,0,0,1,2,35,1,1,8,1,0,0,1,98,1,1,1,98,0,0
12,120447,1,1,6,24,3,15,45,1,0,1,0,12,1,12,401,12401,14,2002,1FMRU17W92LA,1,F,M,R,U,1,7,W,9,2,L,A,0,P,FORD,EPT,UT,2,17,4965,,0,1191,,G,,F,8,281,,,17R275,,,,,,0,0,000000000,00000000000,0,0,0,1,0,0,0,0,0,0,0,70,0,1,6,0,6,2,1,0,0,0,1,12,32258,6,1,0,0,3,3,69,999,0,1,0,3,0,2,2010,10,2011,0,58,0,0,0,3,3,70,1,1,8,1,0,0,1,1,7,1,4,1,1,0
12,120448,1,1,2,25,3,2,0,43,0,1,0,99,9,12,401,12401,14,2003,1FMZU63K33UC,1,F,M,Z,U,6,3,K,3,3,U,C,0,P,FORD,EPR,UT,3,17,4094,,0,1137,,F,,F,6,245,,,16R235,,,,,,0,0,000000000,00000000000,0,0,0,1,0,0,0,0,0,0,0,45,0,1,6,13,6,2,43,0,0,0,1,12,32693,0,0,0,0,0,0,999,999,0,0,0,0,0,0,0,0,0,9,0,0,0,0,1,2,55,1,1,8,11,0,0,1,13,1,1,4,1,1,1
12,120449,1,2,1,25,3,19,0,12,6,1,0,12,3,98,908,98908,51,2005,YE2CC17B6520,Y,E,2,C,C,1,7,B,6,5,2,0,0,U,,,,5,17,,,,,,,,,,,,,,,,,,,0,12,550343,12550343,3,21,22,1,0,0,0,0,5,0,0,20,0,0,0,3,6,2,12,0,0,0,1,12,32824,6,1,6,3,3,0,73,999,0,2,0,0,1,5,2011,12,2011,0,6,0,0,0,2,3,45,1,1,8,1,0,0,11,15,1,1,1,68,0,0
12,120449,2,2,1,25,3,19,0,12,6,1,0,12,2,72,706,72706,80,2011,1HD1GX417BC3,1,H,D,1,G,X,4,1,7,B,C,3,0,M,HD,FFB,RS,11,17,,,,,,,1584,,2,,4,634,,,,,,,0,0,000000000,00000000000,0,0,0,1,0,0,0,0,0,0,0,45,0,0,0,12,6,2,12,0,0,0,1,12,32839,6,1,0,0,3,0,69,999,0,0,0,0,1,6,2010,6,2010,0,0,0,0,0,2,3,45,1,1,8,1,0,0,1,62,2,1,1,69,1,1
12,120450,1,1,1,26,3,12,40,32,0,1,0,12,1,49,46,49046,4,2005,JTDKB20U4530,J,T,D,K,B,2,0,U,4,5,3,0,0,P,TOYT,PRI,4H,5,17,2890,,0,1063,,B,,F,4,091,,,14R175,,,,,,0,0,000000000,00000000000,0,0,0,1,0,0,0,0,0,0,0,55,0,1,6,1,6,2,1,36,0,0,1,12,33873,6,1,0,0,3,3,66,999,0,0,0,0,0,0,0,0,0,0,0,0,0,0,1,2,55,3,1,8,1,28,3,14,12,1,1,4,6,1,0
12,120451,1,1,1,26,3,9,30,42,0,1,0,12,1,49,40,49040,4,1996,4T1BF12K2TU1,4,T,1,B,F,1,2,K,2,T,U,1,0,P,TOYT,LXS,4D,96,17,3241,,0,1031,,G,,F,6,183,,,15R205,,,,,,0,0,000000000,00000000000,0,0,0,1,0,0,0,0,0,0,0,35,0,1,6,12,6,2,1,0,0,0,1,12,34233,6,1,0,0,3,0,69,999,0,0,0,0,0,0,0,0,0,0,6,0,0,0,1,2,30,3,1,8,1,0,0,14,13,1,1,4,1,1,0
12,120452,1,1,2,27,3,14,17,1,0,1,0,12,2,23,401,23401,14,1992,1GKCS13Z0N25,1,G,K,C,S,1,3,Z,0,N,2,5,0,T,GMC,SJI,4W,92,17,,1,0,1070,S15,G,,,6,262,,,,B,3378,01,A,42,0,0,000000000,00000000000,0,0,0,1,0,0,0,0,0,0,0,70,0,2,1,0,6,2,1,0,0,0,1,12,33981,6,1,0,0,3,3,67,999,0,0,0,0,0,0,0,0,0,0,6,0,0,0,3,2,70,1,1,8,1,0,0,1,13,6,4,6,98,1,0
12,120453,1,2,2,29,3,23,40,12,6,1,0,28,1,7,880,7880,67,2007,3D7MX48AX7G8,3,D,7,M,X,4,8,A,X,7,G,8,0,T,DODG,SQ3,CW,7,17,,3,0,1600,RPC,D,,,6,408,,,,D,6775,06,E,44,0,88,888888888,88888888888,2,1,97,1,0,0,0,0,0,0,0,30,0,0,0,12,6,2,12,0,0,0,1,28,39207,6,1,0,0,3,0,71,170,0,0,0,0,0,0,0,0,0,0,39,0,0,0,1,2,20,1,1,8,1,20,3,1,17,1,1,1,86,0,1
12,120453,2,2,1,29,3,23,40,12,6,1,0,12,1,49,32,49032,4,2004,2T1BR32E34C2,2,T,1,B,R,3,2,E,3,4,C,2,0,P,TOYT,UCS,4D,4,17,2502,,0,1024,,G,,F,4,109,,,15R185,,,,,,0,0,000000000,00000000000,0,0,0,1,0,0,0,0,0,0,0,30,0,0,0,3,6,2,12,0,0,0,1,12,32063,6,1,0,0,3,3,63,999,0,1,0,0,0,10,2011,10,2011,0,0,0,0,0,1,2,30,1,1,8,1,0,0,1,66,1,1,1,87,1,0
12,120454,1,2,1,30,3,17,13,12,6,1,0,12,1,53,705,53705,80,2006,JS1GN79A0621,J,S,1,G,N,7,9,A,0,6,2,1,0,M,SUZI,GX6,RC,6,17,,,,,,,600,,4,,4,458,,,,,,,0,0,000000000,00000000000,0,0,0,1,0,0,0,0,0,0,0,30,0,0,0,12,6,2,12,0,0,0,1,12,32218,6,1,0,0,3,0,74,999,0,0,0,0,0,0,0,0,0,1,0,0,0,0,5,6,35,1,1,8,1,3,3,1,67,4,1,1,83,1,1
12,120454,2,2,2,30,3,17,13,12,6,1,0,12,2,35,401,35401,14,2005,5N1AR18UX5C7,5,N,1,A,R,1,8,U,X,5,C,7,0,P,NISS,PFI,UT,5,17,4242,,0,1122,,G,,F,6,244,,,16R265,,,,,,0,0,000000000,00000000000,0,0,0,1,0,0,0,0,0,0,0,5,0,0,0,10,6,2,12,0,0,0,1,12,32218,1,1,0,0,2,3,71,999,0,2,0,0,0,3,2009,3,2012,0,38,0,0,0,1,2,98,1,1,8,1,3,3,11,15,1,1,1,82,0,0
12,120455,1,1,1,30,3,7,39,46,0,1,0,12,1,37,441,37441,20,2007,5FNRL38647B4,5,F,N,R,L,3,8,6,4,7,B,4,0,P,HOND,UDY,SV,7,17,0,,0,1181,,G,,F,6,214,,,16R235,,,,,,0,0,000000000,00000000000,0,0,0,1,0,0,0,0,0,0,0,65,0,0,0,12,6,2,10,0,0,0,1,12,33936,6,1,0,0,3,3,61,999,0,0,0,0,0,0,0,0,0,0,39,0,0,0,2,2,65,1,1,8,1,65,3,1,90,1,1,1,12,1,0
12,120456,1,1,1,31,3,1,28,42,0,1,0,12,2,12,3,12003,1,1997,1FALP45X0VF1,1,F,A,L,P,4,5,X,0,V,F,1,0,P,FORD,MGT,CV,97,17,3422,,0,1013,,G,,F,8,281,,,16R225,,,,,,0,0,000000000,00000000000,0,0,0,1,0,0,0,0,0,0,0,80,0,0,0,3,6,2,42,0,0,0,1,12,33063,6,1,0,0,3,0,72,999,0,0,0,0,0,0,0,0,0,1,36,0,0,0,2,2,35,2,1,8,1,0,0,14,12,1,4,4,7,1,0
12,120457,1,1,1,2,4,20,5,42,0,1,0,12,1,7,462,7462,21,2006,WD8PD744X659,W,D,8,P,D,7,4,4,X,6,5,9,0,T,DODG,SNR,ES,6,17,,2,0,1580,SNR,D,,,5,165,,,,,5149,00,E,42,0,0,000000000,00000000000,0,0,0,1,0,0,0,0,0,0,0,45,0,0,0,12,6,2,42,0,0,0,1,12,32250,6,1,0,0,3,0,72,999,0,0,0,1,0,12,2009,12,2009,0,0,0,0,0,1,2,30,2,1,8,1,0,0,14,12,1,1,4,6,1,1
12,120458,1,2,1,3,4,18,49,12,9,1,0,12,1,72,706,72706,80,2012,1HD1MAM12CB8,1,H,D,1,M,A,M,1,2,C,B,8,0,M,HD,UTG,RS,12,17,,,,,,,1690,,2,,4,1157,,,,,,,0,0,000000000,00000000000,0,0,0,1,0,0,0,0,0,0,0,70,0,0,0,7,6,2,1,0,0,0,1,12,33585,6,1,0,0,3,0,73,999,0,1,0,0,1,7,2011,9,2011,0,6,0,0,0,3,2,70,1,1,8,1,0,0,1,52,7,1,1,32,1,0
12,120458,2,2,1,3,4,18,49,12,9,1,1,12,1,32,41,32041,1,1995,WAUAA88G5SA0,W,A,U,A,A,8,8,G,5,S,A,0,0,P,AUDI,CAB,CV,95,17,3325,,0,1006,,G,,F,6,169,,,15R195,,,,,,0,0,000000000,00000000000,0,0,0,1,0,0,0,0,0,0,0,70,0,0,0,6,2,1,12,0,0,0,1,12,33513,6,1,0,0,3,0,66,999,0,0,0,0,0,0,0,0,0,0,0,0,0,0,3,2,70,1,1,8,1,0,0,2,53,1,1,1,32,0,0
12,120459,1,2,1,3,4,23,35,12,2,1,0,12,2,12,401,12401,14,1999,1FMZU32X8XUB,1,F,M,Z,U,3,2,X,8,X,U,B,0,P,FORD,EPR,UT,99,17,3891,,0,1116,,G,,F,6,245,,,15R225,,,,,,0,0,000000000,00000000000,0,0,0,1,0,0,0,0,0,0,0,45,0,0,0,12,6,2,12,0,0,0,1,12,34205,6,1,0,0,3,0,72,999,0,0,0,0,0,0,0,0,0,0,6,51,0,0,3,2,50,3,1,8,1,0,0,14,54,1,1,1,52,0,0
12,120459,2,2,1,3,4,23,35,12,2,1,0,12,1,76,705,76705,80,2008,JYARJ16EX8A0,J,Y,A,R,J,1,6,E,X,8,A,0,0,M,YAMA,R6L,RC,8,17,,,,,,,599,,4,,4,366,,,,,,,0,0,000000000,00000000000,0,0,0,1,0,0,0,0,0,0,0,45,0,0,0,12,6,2,12,0,0,0,1,12,34221,6,1,0,0,3,0,73,999,0,0,0,0,0,0,0,0,0,0,0,0,0,0,3,2,50,3,1,8,1,0,0,14,54,1,1,1,52,1,0
12,120460,1,1,1,4,4,20,40,25,0,1,0,12,1,76,706,76706,80,2010,JYARN23E8AA0,J,Y,A,R,N,2,3,E,8,A,A,0,0,M,YAMA,YFR,RC,10,17,,,,,,,998,,4,,4,454,,,,,,,0,0,000000000,00000000000,0,0,0,1,0,0,0,0,0,0,0,50,0,0,0,81,6,2,25,0,0,0,1,12,34480,6,1,0,0,3,0,75,999,0,0,0,0,0,0,0,0,0,0,6,0,0,0,6,2,45,3,6,8,1,0,0,14,13,1,1,4,1,1,0
12,120461,1,2,1,5,4,6,18,12,2,1,0,12,1,12,422,12422,15,2000,1FMRU1564YLB,1,F,M,R,U,1,5,6,4,Y,L,B,0,P,FORD,EPT,UT,0,17,4886,,0,1191,,G,,F,8,281,,,16R255,,,,,,0,0,000000000,00000000000,0,0,0,1,0,0,0,0,0,0,0,55,0,0,0,12,6,2,12,0,0,1,1,12,33523,6,1,0,0,3,0,65,999,1,0,0,0,0,2,2012,2,2012,0,28,0,0,0,1,2,60,1,1,8,1,0,0,1,10,1,1,2,50,1,0
12,120461,2,2,1,5,4,6,18,12,2,1,0,12,1,85,881,85881,63,1993,1NKDLA0X1PJ5,1,N,K,D,L,A,0,X,1,P,J,5,0,T,KW,T80,CC,93,17,,8,2600,1600,CON,D,,,6,638,,,,,00000,00,,64,0,12,1658888,121658888,3,2,4,1,0,0,0,0,0,0,0,55,0,0,0,12,6,2,12,0,0,1,1,12,33614,6,1,6,0,3,3,66,999,0,0,0,0,0,0,0,0,0,0,0,0,0,0,1,2,60,1,1,8,1,0,0,1,62,1,1,1,51,0,0
12,120462,1,2,1,5,4,8,38,12,6,1,0,12,1,37,31,37031,4,2011,19XFA1F66BE0,1,9,X,F,A,1,F,6,6,B,E,0,0,P,HOND,ULS,4D,11,17,2760,,0,1063,,G,,F,4,110,,,16R205,,,,,,0,0,000000000,00000000000,0,0,0,1,0,0,0,0,0,0,0,35,0,0,0,2,4,1,12,0,0,0,1,12,34420,6,1,0,0,3,3,65,999,0,0,0,0,0,0,0,0,0,0,38,0,0,0,1,2,35,1,5,8,1,0,0,11,15,1,1,1,68,0,0
12,120462,2,2,1,5,4,8,38,12,6,1,0,12,2,76,705,76705,80,2008,JYARJ16E88A0,J,Y,A,R,J,1,6,E,8,8,A,0,0,M,YAMA,R6L,RC,8,17,,,,,,,599,,4,,4,366,,,,,,,0,0,000000000,00000000000,0,0,0,1,0,0,0,0,0,0,0,35,0,0,0,12,6,2,12,0,0,0,1,12,34420,6,1,0,0,3,0,68,999,0,1,0,1,2,4,2009,1,2010,0,0,0,0,0,1,2,35,1,6,8,1,0,0,1,62,1,1,1,69,1,0
12,120463,1,2,1,5,4,14,20,12,6,1,0,12,1,23,401,23401,14,2000,1GKCS18W6YK2,1,G,K,C,S,1,8,W,6,Y,K,2,0,T,GMC,JMY,2W,0,17,,1,0,1005,JMY,G,,,6,262,,,,B,3605,00,E,42,0,0,000000000,00000000000,0,0,0,1,0,0,0,0,0,0,0,10,0,1,5,10,6,2,12,0,0,0,1,12,32327,6,1,0,0,3,3,72,999,0,0,0,0,0,0,0,0,0,0,38,0,0,0,1,2,35,1,1,8,1,20,3,11,15,1,1,1,82,1,1
12,120463,2,2,1,5,4,14,20,12,6,1,0,12,1,12,481,12481,31,2000,1FTNW21F6YEB,1,F,T,N,W,2,1,F,6,Y,E,B,0,T,FORD,F2S,CW,0,17,,2,1724,1562,SRW,D,,,8,444,,,,C,5932,07,E,44,0,0,000000000,00000000000,0,0,0,1,0,0,0,0,0,0,0,55,0,0,0,12,6,2,12,0,0,0,1,12,32326,6,1,6,0,3,3,71,999,0,0,0,0,0,0,0,0,0,0,0,0,0,0,1,2,55,1,1,8,1,0,0,1,67,1,1,1,83,0,1