STATE,ST_CASE,VEH_NO,VE_FORMS,NUMOCCS,DAY,MONTH,HOUR,MINUTE,HARM_EV,MAN_COLL,UNITTYPE,HIT_RUN,REG_STAT,OWNER,MAKE,MODEL,MAK_MOD,BODY_TYP,MOD_YEAR,VIN,VIN_1,VIN_2,VIN_3,VIN_4,VIN_5,VIN_6,VIN_7,VIN_8,VIN_9,VIN_10,VIN_11,VIN_12,TOW_VEH,VINTYPE,VINMAKE,VINA_MOD,VIN_BT,VINMODYR,VIN_LNGT,VIN_WGT,WGTCD_TR,WHLBS_LG,WHLBS_SH,SER_TR,FUELCODE,MCYCL_DS,CARBUR,CYLINDER,DISPLACE,MCYCL_CY,MCYCL_WT,TIRE_SZE,TON_RAT,TRK_WT,TRKWTVAR,VIN_REST,WHLDRWHL,J_KNIFE,MCARR_I1,MCARR_I2,MCARR_ID,GVWR,V_CONFIG,CARGO_BT,HAZ_INV,HAZ_PLAC,HAZ_ID,HAZ_CNO,HAZ_REL,BUS_USE,SPEC_USE,EMER_USE,TRAV_SP,UNDERIDE,ROLLOVER,ROLINLOC,IMPACT1,DEFORMED,TOWED,M_HARM,VEH_SC1,VEH_SC2,FIRE_EXP,DR_PRES,L_STATE,DR_ZIP,L_STATUS,L_TYPE,CDL_STAT,L_ENDORS,L_COMPL,L_RESTRI,DR_HGT,DR_WGT,PREV_ACC,PREV_SUS,PREV_DWI,PREV_SPD,PREV_OTH,FIRST_MO,FIRST_YR,LAST_MO,LAST_YR,SPEEDREL,DR_SF1,DR_SF2,DR_SF3,DR_SF4,VTRAFWAY,VNUM_LAN,VSPD_LIM,VALIGN,VPROFILE,VPAVETYP,VSURCOND,VTRAFCON,VTCONT_F,P_CRASH1,P_CRASH2,P_CRASH3,PCRASH4,PCRASH5,ACC_TYPE,DEATHS,DR_DRINK
12,120561,2,2,1,9,3,12,15,12,6,1,0,12,1,2,404,2404,14,2006,1J4GS48K46C1,1,J,4,G,S,4,8,K,4,6,C,1,0,T,JEEP,LCF,4W,6,17,,1,0,1095,GCK,G,,,6,226,,,,,4181,00,E,42,0,0,000000000,00000000000,0,0,0,1,0,0,0,0,0,0,0,10,0,0,0,3,6,2,12,0,0,0,1,12,33414,6,1,0,0,3,3,71,999,0,0,0,0,0,0,0,0,0,0,0,0,0,0,3,2,45,1,1,8,1,3,3,11,15,1,1,1,68,0,0
12,120562,1,2,1,9,3,21,19,12,6,1,0,12,1,12,32,12032,5,2012,3FADP4EJ3CM1,3,F,A,D,P,4,E,J,3,C,M,1,0,P,FORD,FEE,4H,12,17,2537,,0,980,,G,,F,4,098,,,15R185,,,,,,0,0,000000000,00000000000,0,0,0,1,0,0,0,0,0,0,0,998,0,0,0,3,6,2,12,0,0,0,1,12,32713,6,1,0,0,3,0,65,999,0,0,0,0,0,0,0,0,0,0,38,0,0,0,3,8,98,1,1,8,1,3,3,11,15,1,1,1,68,0,0
12,120562,2,2,1,9,3,21,19,12,6,1,0,12,1,53,705,53705,80,1998,JS1GR7DA7W21,J,S,1,G,R,7,D,A,7,W,2,1,0,M,SUZI,SX7,RC,98,17,,,,,,,749,,4,,4,394,,,,,,,0,0,000000000,00000000000,0,0,0,1,0,0,0,0,0,0,0,998,0,0,0,12,6,2,12,0,0,0,1,12,32713,6,1,0,0,3,3,71,999,0,0,0,0,0,0,0,0,0,0,0,0,0,0,3,8,98,1,1,8,1,3,3,1,62,1,1,1,69,1,0
12,120563,1,1,1,18,3,16,30,9,0,1,1,12,2,23,461,23461,21,1997,1GTFG25W1V10,1,G,T,F,G,2,5,W,1,V,1,0,0,T,GMC,SA2,CG,97,17,,2,0,1350,SAV,G,,,6,262,,,,C,00000,00,E,42,0,0,000000000,00000000000,0,0,0,1,0,0,0,0,0,0,0,15,0,0,0,12,2,1,9,0,0,0,1,12,33309,0,0,0,0,0,0,999,999,99,99,99,99,99,99,9999,99,9999,0,6,0,0,0,1,2,15,1,1,8,2,0,0,1,83,1,1,1,13,0,0
12,120564,1,1,2,31,3,22,40,8,0,1,0,12,2,34,34,34034,2,2007,WBAWB73587PV,W,B,A,W,B,7,3,5,8,7,P,V,0,P,BMW,35I,CP,7,17,3571,,0,1087,,G,,T,6,183,,,17R225,,,,,,0,0,000000000,00000000000,0,0,0,1,0,0,0,0,0,0,0,40,0,0,0,12,4,1,8,0,0,0,1,12,33704,6,1,0,0,3,0,67,999,0,0,0,0,0,0,0,0,0,0,0,0,0,0,3,3,45,1,1,8,1,0,0,1,80,1,1,1,13,0,0
12,120565,1,2,2,7,4,12,40,12,2,1,0,12,1,2,404,2404,14,1998,1J4FT67S9WL1,1,J,4,F,T,6,7,S,9,W,L,1,0,T,JEEP,SPT,2W,98,17,,1,0,1014,CHK,G,,,6,242,,,,,3045,00,E,42,0,0,000000000,00000000000,0,0,0,1,0,0,0,0,0,0,0,50,0,0,0,12,6,2,12,0,0,0,1,12,34606,6,1,0,0,3,0,66,999,1,2,0,3,1,4,2010,5,2011,0,6,0,0,0,1,2,55,3,1,8,1,0,0,14,10,6,1,2,50,0,0
12,120565,2,2,2,7,4,12,40,12,2,1,0,12,1,20,22,20022,2,2007,1G1AL15F4773,1,G,1,A,L,1,5,F,4,7,7,3,0,P,CHEV,BLT,CP,7,17,2991,,0,1033,,G,,F,4,134,,,15R195,,,,,,0,0,000000000,00000000000,0,0,0,1,0,0,0,0,0,0,0,40,0,0,0,12,6,2,12,0,0,0,1,12,33811,6,1,0,0,3,3,62,999,0,0,0,0,0,0,0,0,0,0,0,0,0,0,1,2,55,2,1,8,1,0,0,14,62,7,1,1,51,1,0
12,120566,1,1,1,12,4,7,1,33,0,1,0,12,1,98,706,98706,80,2004,4MZSX14J2435,4,M,Z,S,X,1,4,J,2,4,3,5,0,U,,,,4,17,,,,,,,,,,,,,,,,,,,0,0,000000000,00000000000,0,0,0,1,0,0,0,0,0,0,0,40,0,0,0,12,6,2,42,0,0,0,1,12,32605,6,1,0,0,3,0,71,999,1,1,0,1,2,12,2010,12,2011,0,0,0,0,0,1,2,35,2,5,8,1,0,0,14,12,1,1,4,6,1,1
12,120567,1,1,1,14,4,21,17,8,0,1,1,99,9,99,999,99999,99,9999,999999999999,9,9,9,9,9,9,9,9,9,9,9,9,0,,,,,,,,,,,,,,,,,,,,,,,,,0,0,000000000,00000000000,0,0,0,1,0,0,0,0,0,0,0,50,0,0,0,12,9,1,8,0,0,0,1,99,99999,9,9,99,9,9,9,999,999,99,99,99,99,99,99,9999,99,9999,0,0,0,0,0,1,2,50,1,1,8,1,0,0,1,80,99,1,1,13,0,0
12,120568,1,1,4,15,4,2,0,30,0,1,1,12,9,20,482,20482,31,2004,3GNEC12TX4G2,3,G,N,E,C,1,2,T,X,4,G,2,0,T,CHEV,CAV,CW,4,17,,2,0,1300,AVL,G,,,8,325,,,,B,5437,00,,42,0,0,000000000,00000000000,0,0,0,1,0,0,0,0,0,0,0,35,0,0,0,3,6,2,30,0,0,0,1,99,99999,9,9,99,9,9,9,999,999,99,99,99,99,99,99,9999,99,9999,0,0,0,0,0,1,2,35,3,1,8,1,0,0,14,13,1,1,4,1,1,0
12,120569,1,1,1,19,4,13,46,1,0,1,0,12,1,72,706,72706,80,2007,1HD1FHM107Y6,1,H,D,1,F,H,M,1,0,7,Y,6,0,M,HD,HPI,RS,7,17,,,,,,,1690,,2,,4,723,,,,,,,0,0,000000000,00000000000,0,0,0,1,0,0,0,0,0,0,0,35,0,0,0,0,6,2,1,0,0,0,1,12,33009,6,1,0,0,3,0,67,999,0,0,0,0,0,0,0,0,0,0,0,0,0,0,1,2,35,3,1,8,1,0,0,14,13,1,1,4,1,1,0
12,120570,1,1,1,21,4,20,22,33,0,1,0,12,1,98,701,98701,88,2010,LHJTLB4D7ABL,L,H,J,T,L,B,4,D,7,A,B,L,0,U,,,,10,17,,,,,,,,,,,,,,,,,,,0,0,000000000,00000000000,0,0,0,1,0,0,0,0,0,0,0,35,0,0,0,12,6,2,1,0,0,0,1,12,32224,6,1,0,0,3,0,70,999,0,0,0,0,1,8,2011,8,2011,0,6,0,0,0,2,3,45,1,1,8,2,21,3,1,12,1,1,4,6,1,0
12,120571,1,1,1,20,4,15,25,31,0,1,0,12,1,34,34,34034,2,2004,WBSBL93414PN,W,B,S,B,L,9,3,4,1,4,P,N,0,P,BMW,M3S,CP,4,17,3415,,0,1075,,G,,F,6,198,,,18R225,,,,,,0,0,000000000,00000000000,0,0,0,1,0,0,0,0,0,0,0,100,0,1,5,99,6,2,1,0,0,0,1,12,32082,6,1,0,0,3,3,68,999,0,0,0,0,0,0,0,0,0,1,0,0,0,0,2,3,55,1,1,8,1,0,0,1,13,1,1,4,1,1,0
12,120572,1,3,1,20,4,6,45,12,2,1,0,12,1,63,402,63402,14,2011,5XYKT3A1XBG0,5,X,Y,K,T,3,A,1,X,B,G,0,0,P,KIA,SOR,UT,11,17,3763,,0,1063,,G,,F,4,144,,,17R235,,,,,,0,0,000000000,00000000000,0,0,0,1,0,0,0,0,0,0,0,60,0,0,0,12,6,2,12,0,0,0,1,12,32621,6,1,0,0,3,0,68,999,0,0,0,0,0,0,0,0,0,0,28,0,0,0,1,2,60,1,1,8,2,0,0,1,10,1,1,2,50,0,1
12,120572,2,3,1,20,4,6,45,12,2,1,0,12,2,51,45,51045,4,2002,YV1TS91D7212,Y,V,1,T,S,9,1,D,7,2,1,2,0,P,VOLV,S8T,4D,2,17,3655,,0,1099,,G,,T,6,178,,,16R225,,,,,,0,0,000000000,00000000000,0,0,0,1,0,0,0,0,0,0,0,55,0,0,0,12,6,2,12,0,0,0,1,12,32669,6,1,0,0,3,3,65,999,0,0,0,0,0,0,0,0,0,0,0,0,0,0,1,2,60,1,1,8,2,0,0,1,62,1,1,1,51,1,0
12,120572,3,3,1,20,4,6,45,12,2,1,0,12,1,14,6,14006,4,2006,2MEFM75V76X6,2,M,E,F,M,7,5,V,7,6,X,6,0,P,MERC,MGL,4D,6,17,4118,,0,1146,,F,,F,8,281,,,16R225,,,,,,0,0,000000000,00000000000,0,0,0,1,0,0,0,0,0,0,0,55,0,0,0,12,6,2,12,0,0,0,1,12,32618,6,1,0,0,3,0,70,999,0,0,0,0,0,0,0,0,0,0,0,0,0,0,1,2,60,1,1,8,2,0,0,1,62,1,1,1,98,0,0
12,120573,1,1,1,23,4,23,6,39,0,1,0,12,2,12,402,12402,14,2007,1FMYU03187KA,1,F,M,Y,U,0,3,1,8,7,K,A,0,P,FORD,SPE,UT,7,17,3156,,0,1031,,G,,F,6,183,,,16R235,,,,,,0,0,000000000,00000000000,0,0,0,1,0,0,0,0,0,0,0,90,0,0,0,12,6,2,39,0,0,0,1,12,32210,1,1,0,0,2,0,69,999,0,0,0,0,0,0,0,0,0,1,6,0,0,0,3,2,40,1,1,8,1,0,0,1,12,1,1,4,6,1,1
12,120574,1,1,1,24,4,12,40,59,0,1,0,12,1,20,481,20481,31,1997,2GCEC19RXV12,2,G,C,E,C,1,9,R,X,V,1,2,0,T,CHEV,GC1,PC,97,17,,2,1555,1415,GM4,G,,,8,350,,,,B,4160,00,,42,0,0,000000000,00000000000,0,0,0,1,0,0,0,0,0,0,0,75,0,0,0,12,6,2,42,0,0,0,1,12,32578,6,1,6,0,3,3,76,999,0,0,0,0,0,0,0,0,0,1,0,0,0,0,4,2,30,3,1,8,1,0,0,14,13,1,1,4,1,1,1
12,120575,1,2,1,19,2,23,40,12,1,1,0,12,3,12,461,12461,21,2011,1FTNE2EW2BDA,1,F,T,N,E,2,E,W,2,B,D,A,0,T,FORD,25V,CG,11,17,,2,0,1380,VAN,G,,,8,281,,,,C,5080,00,E,42,0,0,000000000,00000000000,0,0,0,1,0,0,0,0,0,0,0,999,0,0,0,12,6,2,12,0,0,0,1,12,33023,6,1,0,0,3,0,72,999,0,0,0,0,0,0,0,0,0,0,6,0,0,0,3,2,35,1,6,8,1,3,3,1,50,1,1,1,20,0,0
12,120575,2,2,2,19,2,23,40,12,1,1,0,12,2,98,709,98709,80,2008,LFFWBT1CX810,L,F,F,W,B,T,1,C,X,8,1,0,0,U,,,,8,17,,,,,,,,,,,,,,,,,,,0,0,000000000,00000000000,0,0,0,1,0,0,0,0,0,0,0,0,0,0,0,6,6,2,12,0,0,0,1,12,33186,6,1,0,0,2,0,69,999,0,0,0,0,0,0,0,0,0,0,0,0,0,0,3,2,35,1,6,8,1,3,3,5,53,1,1,1,21,1,0
12,120576,1,2,1,15,3,1,28,12,1,1,0,12,1,73,709,73709,80,2009,JKAZXCE169A0,J,K,A,Z,X,C,E,1,6,9,A,0,0,M,KAWK,Z0E,RC,9,17,,,,,,,998,,4,,4,459,,,,,,,0,0,000000000,00000000000,0,0,0,1,0,0,0,0,0,0,0,150,0,0,0,12,6,2,12,0,0,0,1,12,33909,6,1,0,0,2,3,73,999,0,2,0,1,2,8,2009,8,2011,0,0,0,0,0,3,3,45,1,1,8,1,0,0,1,51,1,1,1,24,1,1
12,120576,2,2,2,15,3,1,28,12,1,1,0,12,1,37,32,37032,4,2004,1HGCM56624A1,1,H,G,C,M,5,6,6,2,4,A,1,0,P,HOND,UEX,4D,4,17,3109,,0,1079,,G,,F,4,146,,,000000,,,,,,0,0,000000000,00000000000,0,0,0,1,0,0,0,0,0,0,0,5,0,0,0,6,6,2,12,0,0,0,1,12,33904,6,1,0,0,3,0,68,999,0,0,0,1,0,10,2010,10,2010,0,0,0,0,0,3,3,45,1,1,8,1,0,0,1,53,1,1,1,25,0,0
12,120577,1,2,1,29,3,10,13,12,6,1,0,12,1,12,17,12017,4,2007,1FAFP53U57A1,1,F,A,F,P,5,3,U,5,7,A,1,0,P,FORD,TSE,4D,7,17,3307,,0,1085,,G,,F,6,183,,,16R215,,,,,,0,0,000000000,00000000000,0,0,0,1,0,0,0,0,0,0,0,998,0,0,0,9,6,2,12,0,0,0,1,12,32963,2,1,0,0,2,0,64,999,0,1,0,0,2,8,2009,3,2012,0,38,0,0,0,1,2,98,1,1,8,1,20,3,1,17,1,1,1,89,1,0
12,120577,2,2,1,29,3,10,13,12,6,1,0,12,1,55,35,55035,4,2012,KMHDH4AE7CU1,K,M,H,D,H,4,A,E,7,C,U,1,0,P,HYUN,EGM,4D,12,17,2661,,0,1063,,G,,F,4,110,,,17R215,,,,,,0,0,000000000,00000000000,0,0,0,1,0,0,0,0,0,0,0,998,0,0,0,12,6,2,12,0,0,0,1,12,32963,6,1,0,0,3,3,64,999,0,0,0,0,0,0,0,0,0,0,0,0,0,0,1,3,98,1,1,8,1,0,0,1,66,1,1,1,88,0,0
12,120578,1,1,1,13,4,15,20,42,0,1,0,12,1,72,706,72706,80,2007,1HD1JD5157Y0,1,H,D,1,J,D,5,1,5,7,Y,0,0,M,HD,FLN,RS,7,17,,,,,,,1584,,2,,4,695,,,,,,,0,0,000000000,00000000000,0,0,0,1,0,0,0,0,0,0,0,10,0,0,0,12,4,3,42,0,0,0,1,12,34428,6,1,6,0,3,0,67,999,0,0,0,0,0,0,0,0,0,0,0,0,0,0,1,2,50,3,5,8,1,0,0,14,13,1,1,4,1,1,0
12,120579,1,2,1,13,4,13,29,12,2,1,0,12,2,52,37,52037,1,1997,4A3AX35G4VE0,4,A,3,A,X,3,5,G,4,V,E,0,0,P,MITS,SGS,CV,97,17,2888,,0,988,,G,,F,4,143,,,14R195,,,,,,0,0,000000000,00000000000,0,0,0,1,0,0,0,0,0,0,0,45,0,0,0,12,6,2,12,0,0,0,1,12,33314,6,1,0,0,3,0,70,999,0,4,0,1,0,6,2010,2,2012,0,6,0,0,0,1,2,35,3,1,8,2,0,0,14,10,9,4,2,50,0,0
12,120579,2,2,1,13,4,13,29,12,2,1,0,99,9,99,709,99709,88,9999,999999999999,9,9,9,9,9,9,9,9,9,9,9,9,0,,,,,,,,,,,,,,,,,,,,,,,,,0,0,000000000,00000000000,0,0,0,1,0,0,0,0,0,0,0,999,0,0,0,12,6,2,12,0,0,0,1,12,33314,0,0,0,0,0,0,999,999,0,0,0,0,0,0,0,0,0,0,0,0,0,0,1,2,35,3,1,8,2,0,0,14,62,1,1,1,51,1,0
12,120580,1,1,1,15,4,2,43,8,0,1,1,12,1,37,37,37037,5,2012,JHMZE2H75CS0,J,H,M,Z,E,2,H,7,5,C,S,0,0,P,HOND,IEX,4H,12,17,2762,,0,1004,,B,,F,4,079,,,15R185,,,,,,0,0,000000000,00000000000,0,0,0,1,0,0,0,0,0,0,0,50,0,0,0,12,4,3,8,36,0,0,1,12,32092,6,1,0,0,3,0,70,999,0,0,0,0,0,0,0,0,0,1,6,39,0,0,3,3,35,1,1,8,1,3,3,1,80,1,1,1,13,0,1
12,120581,1,1,3,17,4,21,10,43,0,1,0,12,2,2,404,2404,14,2001,1J4GX48S81C5,1,J,4,G,X,4,8,S,8,1,C,5,0,T,JEEP,LRO,4W,1,17,,1,0,1059,GCK,G,,,6,244,,,,,3675,01,E,42,0,0,000000000,00000000000,0,0,0,1,0,0,0,0,0,0,0,45,0,1,6,12,6,2,1,0,0,1,1,12,32322,6,1,0,0,3,0,66,999,0,0,0,0,0,0,0,0,0,0,6,0,0,0,1,2,45,3,1,8,1,0,0,14,12,1,1,4,6,1,1
12,120582,1,1,2,19,4,6,0,9,0,1,0,12,3,20,481,20481,31,2007,1GBHC24U97E1,1,G,B,H,C,2,4,U,9,7,E,1,0,T,CHEV,2CH,PK,7,17,,2,0,1330,SIL,G,,,8,366,,,,C,5142,00,,42,0,0,000000000,00000000000,0,0,0,1,0,0,0,0,0,0,0,55,0,0,0,12,6,2,9,0,0,0,1,12,32087,6,1,6,0,3,0,71,999,0,0,0,0,0,0,0,0,0,0,6,0,0,0,1,2,60,1,1,8,1,0,0,1,80,1,1,2,13,0,0
12,120583,1,1,1,20,4,1,20,9,0,1,1,12,2,37,32,37032,4,2007,3HGCM56477G7,3,H,G,C,M,5,6,4,7,7,G,7,0,P,HOND,ULX,4D,7,17,3197,,0,1079,,G,,F,4,146,,,15R205,,,,,,0,0,000000000,00000000000,0,0,0,1,0,0,0,0,0,0,0,40,0,0,0,12,4,1,9,0,0,0,1,12,32514,6,1,0,0,3,0,72,999,0,4,0,0,0,8,2011,12,2011,0,91,0,0,0,1,2,40,1,6,8,1,0,0,1,13,1,1,4,1,0,0
12,120584,1,2,2,20,4,6,53,12,6,1,0,12,1,49,32,49032,4,1997,2T1BA02E2VC2,2,T,1,B,A,0,2,E,2,V,C,2,0,P,TOYT,UCC,4D,97,17,2337,,0,970,,G,,F,4,097,,,14R175,,,,,,0,0,000000000,00000000000,0,0,0,1,0,0,0,0,0,0,0,10,0,0,0,9,4,3,12,0,0,0,1,12,33309,6,1,0,0,3,0,68,999,0,0,0,0,0,0,0,0,0,0,28,0,0,0,3,2,40,1,1,8,1,3,3,11,15,1,1,1,68,0,0
12,120584,2,2,1,20,4,6,53,12,6,1,0,12,1,98,706,98706,80,2009,4MZHL04D393B,4,M,Z,H,L,0,4,D,3,9,3,B,0,U,,,,9,17,,,,,,,,,,,,,,,,,,,0,0,000000000,00000000000,0,0,0,1,0,0,0,0,0,0,0,40,0,0,0,12,4,3,12,0,0,0,1,12,33321,6,1,0,0,3,0,72,999,0,0,0,0,0,0,0,0,0,0,38,0,0,0,3,2,40,1,1,8,1,3,3,1,62,1,1,1,69,1,0
12,120585,1,2,2,21,4,16,40,12,6,1,0,12,1,54,39,54039,6,2012,JH4CW2H53CC0,J,H,4,C,W,2,H,5,3,C,C,0,0,P,ACUR,TSX,SW,12,17,3585,,0,0,,G,,F,4,146,,,000000,,,,,,0,0,000000000,00000000000,0,0,0,1,0,0,0,0,0,0,0,5,0,0,0,3,6,2,12,0,0,0,1,12,32259,6,1,0,0,3,0,67,999,0,0,0,0,0,0,0,0,0,0,38,0,0,0,3,2,45,3,1,8,1,0,0,11,15,1,1,1,68,0,0
12,120585,2,2,1,21,4,16,40,12,6,1,0,12,1,73,705,73705,80,2005,JKAEXVD175A0,J,K,A,E,X,V,D,1,7,5,A,0,0,M,KAWK,E5D,RC,5,17,,,,,,,498,,2,,4,391,,,,,,,0,0,000000000,00000000000,0,0,0,1,0,0,0,0,0,0,0,45,0,0,0,12,6,2,2,0,0,1,1,12,32258,6,1,0,0,3,0,67,999,0,1,0,0,0,11,2009,11,2009,0,0,0,0,0,3,2,45,3,1,8,1,0,0,14,62,1,1,1,69,1,0
12,120586,1,2,1,22,4,20,24,12,6,1,0,12,2,49,32,49032,4,2006,1NXBR32E16Z6,1,N,X,B,R,3,2,E,1,6,Z,6,0,P,TOYT,UCS,4D,6,17,2530,,0,1024,,G,,F,4,109,,,15R185,,,,,,0,0,000000000,00000000000,0,0,0,1,0,0,0,0,0,0,0,15,0,0,0,10,6,2,12,0,0,0,1,12,34952,6,1,0,0,3,3,62,999,0,0,0,0,0,0,0,0,0,0,38,0,0,0,4,1,15,1,1,8,1,20,3,11,15,1,1,1,82,0,0
12,120586,2,2,1,22,4,20,24,12,6,1,0,12,1,37,705,37705,80,2007,JH2PC40087M0,J,H,2,P,C,4,0,0,8,7,M,0,0,M,HOND,B60,RC,7,17,,,,,,,599,,4,,4,345,,,,,,,0,0,000000000,00000000000,0,0,0,1,0,0,0,0,0,0,0,45,0,0,0,12,6,2,12,0,0,0,1,12,33409,6,1,0,0,3,3,66,999,0,0,0,0,0,0,0,0,0,0,0,0,0,0,2,3,45,1,1,8,1,0,0,1,67,1,1,1,83,1,0
12,120587,1,2,1,22,4,20,37,12,6,1,0,39,2,20,2,20002,4,2002,2G1WF52E2292,2,G,1,W,F,5,2,E,2,2,9,2,0,P,CHEV,IMP,4D,2,17,3389,,0,1105,,G,,F,6,207,,,16R225,,,,,,0,0,000000000,00000000000,0,0,0,1,0,0,0,0,0,0,0,15,0,0,0,12,6,2,12,0,0,0,1,39,44039,6,1,0,0,3,0,65,185,0,0,0,0,0,0,0,0,0,0,38,0,0,0,2,2,45,1,1,8,1,4,3,1,17,1,1,1,88,0,0
12,120587,2,2,2,22,4,20,37,12,6,1,0,12,2,12,401,12401,14,2002,1FMZU67E22UD,1,F,M,Z,U,6,7,E,2,2,U,D,0,P,FORD,EPR,UT,2,17,4120,,0,1259,,G,,F,6,245,,,16R235,,,,,,0,0,000000000,00000000000,0,0,0,1,0,0,0,0,0,0,0,51,0,1,5,7,6,2,12,0,0,0,1,12,34229,6,1,6,0,3,3,66,999,0,0,0,0,0,0,0,0,0,0,0,0,0,0,2,2,45,1,1,8,1,4,3,1,66,1,1,1,89,1,0
12,120588,1,1,1,22,4,21,15,8,0,1,0,12,2,51,46,51046,4,2004,YV1MS6820420,Y,V,1,M,S,6,8,2,0,4,2,0,0,P,VOLV,S45,4D,4,17,3263,,0,1039,,G,,T,5,154,,,15R195,,,,,,0,0,000000000,00000000000,0,0,0,1,0,0,0,0,0,0,0,35,0,0,0,12,4,1,8,0,0,0,1,12,33308,6,1,0,0,3,0,66,999,0,0,0,0,0,0,0,0,0,0,0,0,0,0,2,3,35,1,1,8,1,3,3,1,80,1,1,1,13,0,0
12,120589,1,1,2,24,4,17,20,8,0,1,0,12,1,54,38,54038,3,2005,JH4DC54825S0,J,H,4,D,C,5,4,8,2,5,S,0,0,P,ACUR,RSX,2H,5,17,2809,,0,1012,,G,,F,4,122,,,16R205,,,,,,0,0,000000000,00000000000,0,0,0,1,0,0,0,0,0,0,0,20,0,0,0,12,2,3,8,0,0,0,1,12,32244,6,1,0,0,3,0,66,999,0,0,0,0,0,0,0,0,0,0,0,0,0,0,1,2,35,1,1,8,1,0,0,1,80,1,1,1,13,0,0
12,120591,1,1,1,25,4,9,39,8,0,1,0,12,3,23,882,23882,61,2007,J8DC4B16X770,J,8,D,C,4,B,1,6,X,7,7,0,0,T,GMC,W45,TB,7,17,,4,1760,1090,4/5,D,,,4,317,,,,,00000,00,,42,0,88,888888888,88888888888,2,1,98,1,0,0,0,0,0,0,0,45,0,0,0,12,6,2,8,0,0,0,1,12,32178,6,1,0,0,3,3,70,999,0,0,0,0,0,0,0,0,0,0,6,0,0,0,5,4,45,3,1,8,1,0,0,14,12,1,1,4,6,0,0
12,120592,1,1,1,1,3,20,24,8,0,1,0,12,2,59,32,59032,4,2002,JTHBN30F7200,J,T,H,B,N,3,0,F,7,2,0,0,0,P,LEXS,L43,4D,2,17,3955,,0,1152,,G,,F,8,262,,,16R225,,,,,,0,0,000000000,00000000000,0,0,0,1,0,0,0,0,0,0,0,45,0,0,0,12,6,2,8,0,0,0,1,12,34484,6,1,0,0,3,3,70,999,0,0,0,1,0,7,2009,7,2009,0,0,0,0,0,2,2,45,1,1,8,1,97,8,1,80,1,1,1,13,0,0
12,120594,1,2,1,13,3,12,7,12,2,1,0,12,1,13,14,13014,6,2011,2LMDJ6JK8BBJ,2,L,M,D,J,6,J,K,8,B,B,J,0,P,LINC,MKX,UT,11,17,4210,,0,1112,,G,,F,6,226,,,18R245,,,,,,0,0,000000000,00000000000,0,0,0,1,0,0,0,0,0,0,0,45,0,0,0,12,6,2,12,0,0,0,1,12,33472,6,1,0,0,3,0,71,999,0,0,0,0,0,0,0,0,0,0,51,0,0,0,2,1,45,1,1,8,1,0,0,1,12,1,1,4,50,1,0
12,120594,2,2,1,13,3,12,7,12,2,1,0,36,1,35,47,35047,4,2010,1N4AL2AP8AN5,1,N,4,A,L,2,A,P,8,A,N,5,0,P,NISS,ATS,4D,10,17,3063,,0,1093,,G,,F,4,153,,,16R215,,,,,,0,0,000000000,00000000000,0,0,0,1,0,0,0,0,0,0,0,45,0,0,0,12,6,2,12,0,0,0,1,36,11050,6,1,0,0,3,0,70,999,0,0,0,0,0,0,0,0,0,0,0,0,0,0,2,1,45,1,1,8,1,0,0,1,62,1,1,1,51,1,0
12,120595,1,2,1,25,3,11,43,12,1,1,0,12,2,53,705,53705,80,2008,JS1GN7EA9821,J,S,1,G,N,7,E,A,9,8,2,1,0,M,SUZI,G60,RC,8,17,,,,,,,599,,4,,4,359,,,,,,,0,0,000000000,00000000000,0,0,0,1,0,0,0,0,0,0,0,40,0,0,0,12,6,2,12,0,0,0,1,12,33406,1,1,0,0,2,0,66,999,0,7,0,4,0,5,2010,11,2011,1,36,0,0,0,2,3,40,1,5,8,1,0,0,1,51,6,1,1,24,1,0
12,120595,2,2,1,25,3,11,43,12,1,1,0,12,1,12,23,12023,4,2012,3FAHP0JG7CR1,3,F,A,H,P,0,J,G,7,C,R,1,0,P,FORD,F/L,4D,12,17,3342,,0,1074,,F,,F,6,183,,,17R225,,,,,,0,0,000000000,00000000000,0,0,0,1,0,0,0,0,0,0,0,40,0,0,0,6,4,1,12,0,0,0,1,12,33406,6,1,0,0,3,0,71,999,0,0,0,0,0,0,0,0,0,0,0,0,0,0,2,3,40,1,1,8,1,0,0,1,53,1,1,1,25,0,0
12,120596,1,2,1,27,3,20,50,1,0,1,0,12,1,38,402,38402,14,1994,4S2CG58V6R43,4,S,2,C,G,5,8,V,6,R,4,3,0,P,ISU,ROD,UT,94,17,3545,,0,1087,,G,,F,6,195,,,15R225,,,,,,0,0,000000000,00000000000,0,0,0,1,0,0,0,0,0,0,0,10,0,0,0,5,6,2,12,0,0,0,1,12,33463,6,1,0,0,3,3,72,999,0,0,0,0,0,0,0,0,0,0,48,0,0,0,2,3,45,1,1,8,1,0,0,11,15,1,1,1,98,0,1
12,120596,2,2,1,27,3,20,50,1,0,1,0,12,2,37,705,37705,80,2003,JH2PC37063M0,J,H,2,P,C,3,7,0,6,3,M,0,0,M,HOND,B60,RC,3,17,,,,,,,599,,4,,4,370,,,,,,,0,0,000000000,00000000000,0,0,0,1,0,0,0,0,0,0,0,50,0,0,0,0,6,2,1,0,0,0,1,12,33463,6,1,0,0,3,0,72,999,0,1,0,0,2,5,2009,4,2010,0,0,0,0,0,2,3,45,1,1,8,1,0,0,1,62,4,1,1,98,1,0