STATE,ST_CASE,VEH_NO,VE_FORMS,NUMOCCS,DAY,MONTH,HOUR,MINUTE,HARM_EV,MAN_COLL,UNITTYPE,HIT_RUN,REG_STAT,OWNER,MAKE,MODEL,MAK_MOD,BODY_TYP,MOD_YEAR,VIN,VIN_1,VIN_2,VIN_3,VIN_4,VIN_5,VIN_6,VIN_7,VIN_8,VIN_9,VIN_10,VIN_11,VIN_12,TOW_VEH,VINTYPE,VINMAKE,VINA_MOD,VIN_BT,VINMODYR,VIN_LNGT,VIN_WGT,WGTCD_TR,WHLBS_LG,WHLBS_SH,SER_TR,FUELCODE,MCYCL_DS,CARBUR,CYLINDER,DISPLACE,MCYCL_CY,MCYCL_WT,TIRE_SZE,TON_RAT,TRK_WT,TRKWTVAR,VIN_REST,WHLDRWHL,J_KNIFE,MCARR_I1,MCARR_I2,MCARR_ID,GVWR,V_CONFIG,CARGO_BT,HAZ_INV,HAZ_PLAC,HAZ_ID,HAZ_CNO,HAZ_REL,BUS_USE,SPEC_USE,EMER_USE,TRAV_SP,UNDERIDE,ROLLOVER,ROLINLOC,IMPACT1,DEFORMED,TOWED,M_HARM,VEH_SC1,VEH_SC2,FIRE_EXP,DR_PRES,L_STATE,DR_ZIP,L_STATUS,L_TYPE,CDL_STAT,L_ENDORS,L_COMPL,L_RESTRI,DR_HGT,DR_WGT,PREV_ACC,PREV_SUS,PREV_DWI,PREV_SPD,PREV_OTH,FIRST_MO,FIRST_YR,LAST_MO,LAST_YR,SPEEDREL,DR_SF1,DR_SF2,DR_SF3,DR_SF4,VTRAFWAY,VNUM_LAN,VSPD_LIM,VALIGN,VPROFILE,VPAVETYP,VSURCOND,VTRAFCON,VTCONT_F,P_CRASH1,P_CRASH2,P_CRASH3,PCRASH4,PCRASH5,ACC_TYPE,DEATHS,DR_DRINK
12,120671,1,1,3,20,4,3,45,34,0,1,0,12,1,6,52,6052,6,2003,3C8FY58B73T5,3,C,8,F,Y,5,8,B,7,3,T,5,0,P,CHRY,PTC,SV,3,17,3066,,0,1030,,G,,F,4,148,,,16R205,,,,,,0,0,000000000,00000000000,0,0,0,1,0,0,0,0,0,0,0,55,0,1,5,12,6,2,1,0,0,0,1,12,32310,6,1,0,0,3,0,65,999,0,0,0,0,0,0,0,0,0,0,6,0,0,0,2,2,55,1,1,8,1,0,0,1,12,7,3,4,2,1,0
12,120672,1,2,1,20,4,1,21,12,2,1,0,12,3,82,881,82881,66,2007,1FUJA6CK37LZ,1,F,U,J,A,6,C,K,3,7,L,Z,1,T,FRHT,COL,TR,7,17,,8,0,0,CON,D,,,6,855,,,,,00000,00,,64,3,88,888888888,88888888888,3,6,2,1,0,0,0,0,0,0,0,55,0,0,0,12,6,2,12,0,0,1,1,12,34479,6,1,6,3,3,0,72,999,0,0,0,0,0,0,0,0,0,0,6,0,0,0,1,2,55,1,1,8,1,0,0,1,10,7,1,2,50,1,0
12,120672,2,2,1,20,4,1,21,12,2,1,0,12,3,86,881,86881,66,2008,1M1AW07Y28N0,1,M,1,A,W,0,7,Y,2,8,N,0,1,T,MACK,CXU,TR,8,17,,8,0,0,600,D,,,6,783,,,,,00000,00,,64,1,77,777777777,77777777777,3,6,98,1,0,0,0,0,0,0,0,55,0,1,5,12,6,2,1,0,0,0,1,12,32008,6,1,6,0,3,0,73,999,0,0,0,0,1,1,2011,1,2011,0,24,0,0,0,1,2,55,1,1,8,1,0,0,1,62,1,1,1,51,0,0
12,120673,1,1,2,23,4,20,55,1,0,1,0,12,1,12,17,12017,4,2004,1FAFP52U74A1,1,F,A,F,P,5,2,U,7,4,A,1,0,P,FORD,TAX,4D,4,17,3306,,0,1085,,G,,F,6,182,,,16R215,,,,,,0,0,000000000,00000000000,0,0,0,1,0,0,0,0,0,0,0,65,0,1,5,0,6,2,1,0,0,0,1,12,34601,6,1,0,0,3,3,71,999,0,0,0,0,0,0,0,0,0,1,58,6,0,0,1,2,35,2,1,8,1,0,0,14,12,1,4,4,7,1,1
12,120674,1,2,1,25,4,8,58,12,1,1,0,12,2,53,705,53705,80,2008,JS1GN7EA7821,J,S,1,G,N,7,E,A,7,8,2,1,0,M,SUZI,G60,RC,8,17,,,,,,,599,,4,,4,359,,,,,,,0,0,000000000,00000000000,0,0,0,1,0,0,0,0,0,0,0,100,0,0,0,12,6,2,12,0,0,0,1,12,33412,6,1,0,0,3,0,77,999,0,1,0,1,1,2,2010,12,2010,0,6,0,0,0,2,2,70,1,1,8,1,0,0,1,51,1,1,1,24,1,0
12,120674,2,2,1,25,4,8,58,12,1,1,0,18,3,82,881,82881,66,2007,1FUJA6CK27LY,1,F,U,J,A,6,C,K,2,7,L,Y,1,T,FRHT,COL,TR,7,17,,8,0,0,CON,D,,,6,855,,,,,00000,00,,64,1,77,777777777,77777777777,3,6,3,1,0,0,0,0,0,0,0,70,0,0,0,6,2,1,12,0,0,0,1,12,34691,6,1,6,3,3,3,74,999,0,0,0,1,0,12,2010,12,2010,0,0,0,0,0,2,2,70,1,1,8,1,0,0,1,53,1,1,1,25,0,0
12,120675,1,2,1,25,4,14,30,12,6,1,0,12,1,98,998,98998,97,9999,PQ0451469134,P,Q,0,4,5,1,4,6,9,1,3,4,0,U,,,,,12,,,,,,,,,,,,,,,,,,,0,0,000000000,00000000000,0,0,0,1,0,0,0,0,0,0,0,15,0,0,0,9,6,2,12,0,0,0,1,12,33908,2,1,0,0,2,3,70,999,0,0,0,0,1,5,2011,5,2011,0,6,38,0,0,2,2,98,1,1,8,1,20,3,1,17,1,1,1,89,1,0
12,120675,2,2,1,25,4,14,30,12,6,1,0,12,1,23,481,23481,31,2004,2GTEC19T6413,2,G,T,E,C,1,9,T,6,4,1,3,0,T,GMC,NC1,4C,4,17,,2,1575,1435,SIE,G,,,8,325,,,,B,4548,00,4,42,0,0,000000000,00000000000,0,0,0,1,0,0,0,0,0,0,0,50,0,0,0,12,6,2,12,0,0,0,1,12,34112,6,1,0,0,3,3,70,999,0,0,0,0,0,0,0,0,0,0,0,0,0,0,2,2,55,1,1,8,1,0,0,1,66,1,1,1,88,0,0
12,120676,1,2,1,27,4,12,20,1,0,1,0,12,1,6,43,6043,2,2006,1C3EL55RX6N1,1,C,3,E,L,5,5,R,X,6,N,1,0,P,CHRY,STO,CV,6,17,3178,,0,1060,,G,,F,6,165,,,16R205,,,,,,0,0,000000000,00000000000,0,0,0,1,0,0,0,0,0,0,0,15,0,0,0,4,4,1,12,0,0,0,1,12,33626,6,1,0,0,3,0,67,999,0,0,0,0,0,0,0,0,0,0,38,0,0,0,5,4,45,1,1,8,1,3,3,11,15,1,1,1,98,0,0
12,120676,2,2,1,27,4,12,20,1,0,1,0,12,1,72,706,72706,80,2010,1HD1KB414AB6,1,H,D,1,K,B,4,1,4,A,B,6,0,M,HD,FHX,RS,10,17,,,,,,,1584,,2,,4,810,,,,,,,0,0,000000000,00000000000,0,0,0,1,0,0,0,0,0,0,0,45,0,0,0,0,6,2,12,0,0,0,1,12,33778,6,1,0,0,3,0,73,999,0,0,0,0,0,0,0,0,0,0,0,0,0,0,5,4,45,1,1,8,1,0,0,1,62,98,1,1,98,1,0
12,120677,1,1,1,27,4,21,33,9,0,1,0,12,2,2,403,2403,14,2008,1J4FA24198L6,1,J,4,F,A,2,4,1,9,8,L,6,0,T,JEEP,WXR,2W,8,17,,1,0,954,WRA,G,,,6,230,,,,,3805,00,4,44,0,0,000000000,00000000000,0,0,0,1,0,0,0,0,0,0,0,50,0,0,0,12,4,3,9,0,0,0,1,12,32210,6,1,0,0,3,3,65,999,0,0,0,0,0,0,0,0,0,0,0,0,0,0,2,2,50,1,1,8,1,0,0,1,83,1,1,2,13,0,0
12,120678,1,1,2,29,4,2,6,8,0,1,0,12,1,49,32,49032,4,2009,1NXBU40E79Z0,1,N,X,B,U,4,0,E,7,9,Z,0,0,P,TOYT,CBL,4D,9,17,2723,,0,1024,,G,,F,4,110,,,15R195,,,,,,0,0,000000000,00000000000,0,0,0,1,0,0,0,0,0,0,0,45,0,0,0,12,6,2,8,0,0,0,1,12,32210,6,1,0,0,3,3,63,999,0,0,0,2,0,9,2009,10,2009,0,0,0,0,0,2,2,45,1,1,8,1,0,0,1,80,1,1,1,13,0,0
12,120679,1,1,2,1,5,7,35,9,0,1,0,12,1,20,431,20431,16,2001,3GNGC26U31G1,3,G,N,G,C,2,6,U,3,1,G,1,0,P,CHEV,C25,UT,1,17,5447,,0,1300,,G,,F,8,364,,,16R245,,,,,,0,0,000000000,00000000000,0,0,0,1,0,0,0,0,0,0,0,30,0,0,0,12,2,1,9,0,0,0,1,12,33461,6,1,6,0,3,0,69,999,0,0,0,0,0,0,0,0,0,0,0,0,0,0,1,2,35,1,1,8,1,0,0,1,83,1,1,1,13,0,0
12,120680,1,2,1,4,5,9,33,12,6,1,0,12,2,37,402,37402,14,2007,JHLRE38747C0,J,H,L,R,E,3,8,7,4,7,C,0,0,P,HOND,CRV,UT,7,17,3415,,0,1031,,G,,F,4,146,,,17R225,,,,,,0,0,000000000,00000000000,0,0,0,1,0,0,0,0,0,0,0,45,0,0,0,12,6,2,12,0,0,0,1,12,33309,1,1,0,0,2,3,66,999,0,1,0,0,0,6,2010,6,2010,0,38,0,0,0,2,3,45,1,1,8,1,0,0,11,15,1,1,1,68,0,0
12,120680,2,2,1,4,5,9,33,12,6,1,0,12,1,54,37,54037,2,2003,19UYA42663A0,1,9,U,Y,A,4,2,6,6,3,A,0,0,P,ACUR,32S,CP,3,17,3510,,0,1069,,G,,F,6,197,,,17R215,,,,,,0,0,000000000,00000000000,0,0,0,1,0,0,0,0,0,0,0,45,0,0,0,11,6,2,12,0,0,0,1,12,33309,6,1,0,0,3,3,73,999,0,0,0,0,0,0,0,0,0,0,0,0,0,0,2,3,45,1,1,8,1,0,0,1,62,1,1,1,69,1,0
12,120681,1,1,1,4,5,11,45,8,0,1,0,12,1,49,40,49040,4,1999,4T1BG22K9XU6,4,T,1,B,G,2,2,K,9,X,U,6,0,P,TOYT,UEX,4D,99,17,2998,,0,1051,,G,,F,4,132,,,14R195,,,,,,0,0,000000000,00000000000,0,0,0,1,0,0,0,0,0,0,0,5,0,0,0,12,2,3,8,0,0,0,1,12,33313,6,1,0,0,3,3,67,999,0,0,0,0,0,0,0,0,0,0,38,0,0,0,1,2,15,1,1,8,1,20,3,10,80,1,1,1,13,0,0
12,120682,1,2,1,5,5,21,44,8,0,1,1,12,2,18,7,18007,4,1993,1G4AG55N9P64,1,G,4,A,G,5,5,N,9,P,6,4,0,P,BUIC,CSP,4D,93,17,2870,,0,1047,,G,,F,6,204,,,14R185,,,,,,0,0,000000000,00000000000,0,0,0,1,0,0,0,0,0,0,0,45,0,0,0,12,4,3,8,0,0,0,1,12,33613,0,0,0,0,0,0,999,999,0,0,0,0,0,0,0,0,0,0,0,0,0,0,5,4,45,1,1,8,1,0,0,1,80,3,1,1,13,0,0
12,120682,2,2,1,5,5,21,44,8,0,1,1,99,9,99,999,99999,99,9999,999999999999,9,9,9,9,9,9,9,9,9,9,9,9,0,,,,,,,,,,,,,,,,,,,,,,,,,0,0,000000000,00000000000,0,0,0,1,0,0,0,0,0,0,0,999,0,0,0,98,9,1,8,0,0,0,1,99,99999,9,9,99,9,9,9,999,999,99,99,99,99,99,99,9999,99,9999,0,0,0,0,0,5,4,45,1,1,8,1,0,0,1,80,99,1,1,98,0,0
12,120683,1,2,2,5,5,15,45,12,2,1,0,12,1,72,706,72706,80,2003,1HD1BYB173Y1,1,H,D,1,B,Y,B,1,7,3,Y,1,0,M,HD,ILF,RS,3,17,,,,,,,1450,,2,,4,717,,,,,,,0,0,000000000,00000000000,0,0,0,1,0,0,0,0,0,0,0,40,0,0,0,12,4,3,12,0,0,0,1,12,34606,6,1,0,0,3,3,71,999,0,0,0,2,0,10,2009,5,2011,0,38,0,0,0,1,2,30,2,1,8,1,0,0,11,15,1,1,1,68,1,1
12,120683,2,2,2,5,5,15,45,12,2,1,0,12,1,64,33,64033,4,2001,KLAVA69271B2,K,L,A,V,A,6,9,2,7,1,B,2,0,P,DAEW,LCS,4D,1,17,0,,0,1051,,G,,F,4,134,,,15R205,,,,,,0,0,000000000,00000000000,0,0,0,1,0,0,0,0,0,0,0,30,0,0,0,12,4,3,12,0,0,0,1,12,34608,6,1,0,0,3,0,72,999,0,1,0,0,0,6,2009,6,2009,0,0,0,0,0,1,2,30,3,1,8,1,0,0,14,62,1,1,1,69,0,0
12,120684,1,1,1,5,5,19,8,53,0,1,0,12,1,52,40,52040,4,2002,6MMAP87P22T0,6,M,M,A,P,8,7,P,2,2,T,0,0,P,MITS,DVX,4D,2,17,0,,0,1071,,G,,F,6,213,,,16R215,,,,,,0,0,000000000,00000000000,0,0,0,1,0,0,0,0,0,0,0,65,0,1,1,12,6,2,1,0,0,0,1,12,32084,6,1,0,0,3,0,65,999,1,0,0,0,0,10,2011,10,2011,1,6,0,0,0,1,2,30,1,1,8,1,0,0,1,12,7,3,4,2,1,1
12,120685,1,2,1,6,5,11,0,12,2,1,0,12,2,35,42,35042,4,1992,JN1FU21P3NT4,J,N,1,F,U,2,1,P,3,N,T,4,0,P,NISS,STA,4D,92,17,2788,,0,1004,,G,,F,4,146,,,14R195,,,,,,0,0,000000000,00000000000,0,0,0,1,0,0,0,0,0,0,0,70,0,0,0,12,6,2,12,0,0,0,1,12,32052,3,7,0,0,2,0,74,999,0,0,0,0,0,0,0,0,0,0,6,0,0,0,1,2,60,2,1,8,1,0,0,14,10,7,1,2,50,1,1
12,120685,2,2,5,6,5,11,0,12,2,1,0,12,1,23,401,23401,14,1995,1GKDT13W5S25,1,G,K,D,T,1,3,W,5,S,2,5,0,T,GMC,JMY,4W,95,17,,1,0,1070,JMY,G,,,6,262,,,,B,00000,00,M,44,0,0,000000000,00000000000,0,0,0,1,0,0,0,0,0,0,0,60,0,0,0,12,6,2,12,0,0,0,1,12,32052,6,1,0,0,3,0,72,999,0,0,0,1,0,12,2009,12,2009,0,0,0,0,0,1,2,60,3,1,8,1,0,0,14,62,1,1,1,51,0,0
12,120686,1,1,1,7,5,12,23,8,0,1,0,12,1,12,16,12016,4,2003,2FAFP71W53X1,2,F,A,F,P,7,1,W,5,3,X,1,0,P,FORD,CVP,4D,3,17,3946,,0,1147,,G,,F,8,281,,,16R225,,,,,,0,0,000000000,00000000000,0,0,0,1,0,0,0,0,0,0,0,45,0,0,0,12,4,1,8,0,0,0,1,12,33304,6,1,0,0,3,3,70,999,0,0,0,1,0,5,2010,5,2010,0,0,0,0,0,3,6,55,1,6,8,1,0,0,1,80,8,1,1,13,0,0
12,120687,1,1,1,7,5,17,20,8,0,1,0,12,1,23,481,23481,31,1997,1GTEC14WXVZ5,1,G,T,E,C,1,4,W,X,V,Z,5,0,T,GMC,SC1,PK,97,17,,2,1315,1175,SIE,G,,,6,262,,,,B,00000,00,E,42,0,0,000000000,00000000000,0,0,0,1,0,0,0,0,0,0,0,999,0,0,0,1,6,2,8,0,0,0,1,12,32218,6,1,0,0,3,3,72,999,0,1,0,0,0,11,2009,11,2009,1,0,0,0,0,1,2,35,1,1,8,2,0,0,1,12,1,1,4,6,0,0
12,120688,1,2,1,8,5,21,10,12,6,1,0,12,1,12,442,12442,20,1998,2FMZA5149WBD,2,F,M,Z,A,5,1,4,9,W,B,D,0,T,FORD,WWG,ES,98,17,,1,0,1207,WIN,G,,,6,232,,,,B,3762,02,F,42,0,0,000000000,00000000000,0,0,0,1,0,0,0,0,0,0,0,20,0,0,0,1,6,2,12,0,0,0,1,12,32433,6,1,0,0,3,3,70,999,0,0,0,0,0,0,0,0,0,0,38,0,0,0,1,2,55,1,1,8,1,0,0,11,15,1,1,1,68,0,0
12,120688,2,2,1,8,5,21,10,12,6,1,0,12,1,73,705,73705,80,1996,JKAEXVD16TA0,J,K,A,E,X,V,D,1,6,T,A,0,0,M,KAWK,E5D,RC,96,17,,,,,,,500,,2,,4,380,,,,,,,0,0,000000000,00000000000,0,0,0,1,0,0,0,0,0,0,0,55,0,0,0,12,6,2,12,0,0,0,1,12,32433,6,1,0,0,3,0,68,999,0,0,0,1,0,6,2010,6,2010,0,0,0,0,0,1,2,55,1,1,8,1,0,0,1,62,1,1,1,69,1,0
12,120689,1,1,2,8,5,18,32,1,0,1,0,13,2,21,401,21401,14,2002,1GHDT13S0221,1,G,H,D,T,1,3,S,0,2,2,1,0,P,OLDS,BRA,UT,2,17,4628,,0,1130,,G,,F,6,256,,,17R255,,,,,,0,0,000000000,00000000000,0,0,0,1,0,0,0,0,0,0,0,70,0,2,5,0,6,2,1,0,0,0,1,13,31605,6,1,0,0,3,0,67,145,98,0,0,0,0,0,0,0,0,0,6,0,0,0,2,2,70,1,1,8,2,0,0,1,13,1,3,4,2,1,0
12,120690,1,1,1,9,5,5,25,9,0,1,0,12,1,20,2,20002,4,2005,2G1WF52E9593,2,G,1,W,F,5,2,E,9,5,9,3,0,P,CHEV,IMP,4D,5,17,3389,,0,1105,,G,,F,6,207,,,16R225,,,,,,0,0,000000000,00000000000,0,0,0,1,0,0,0,0,0,0,0,40,0,0,0,12,6,2,9,0,0,0,1,12,32254,6,1,0,0,3,0,66,999,0,0,0,0,1,12,2010,12,2010,1,0,0,0,0,1,2,30,1,1,8,1,0,0,1,83,1,1,1,13,0,0
12,120691,1,1,2,21,1,20,52,8,0,1,0,48,2,37,32,37032,4,2003,JHMCM56373C0,J,H,M,C,M,5,6,3,7,3,C,0,0,P,HOND,ULX,4D,3,17,3053,,0,1079,,G,,F,4,146,,,15R205,,,,,,0,0,000000000,00000000000,0,0,0,1,0,0,0,0,0,0,0,28,0,0,0,12,4,3,8,0,0,0,1,48,75409,6,1,0,0,3,0,999,999,1,0,0,0,0,5,2010,5,2010,0,0,0,0,0,2,2,25,1,1,8,1,0,0,1,80,1,1,1,13,0,0
12,120692,1,1,2,28,1,19,19,9,0,1,0,12,2,18,7,18007,4,2001,2G4WS52J5111,2,G,4,W,S,5,2,J,5,1,1,1,0,P,BUIC,CCU,4D,1,17,3368,,0,1090,,G,,F,6,191,,,15R205,,,,,,0,0,000000000,00000000000,0,0,0,1,0,0,0,0,0,0,0,35,0,0,0,12,6,2,9,0,0,0,1,12,33613,6,1,0,0,3,3,68,999,0,0,0,0,0,0,0,0,0,0,0,0,0,0,1,2,35,1,1,8,1,0,0,1,83,1,1,1,13,0,0
12,120693,1,2,1,2,2,10,25,12,6,1,0,12,1,20,20,20020,4,2000,2G1WL52JXY11,2,G,1,W,L,5,2,J,X,Y,1,1,0,P,CHEV,LUM,4D,0,17,3330,,0,1075,,G,,F,6,191,,,15R205,,,,,,0,0,000000000,00000000000,0,0,0,1,0,0,0,0,0,0,0,15,0,0,0,9,6,2,12,0,0,0,1,12,33175,6,1,0,0,3,0,65,999,0,0,0,0,0,0,0,0,0,0,39,0,0,0,2,2,30,1,1,8,1,20,3,1,17,1,1,1,89,1,0
12,120693,2,2,1,2,2,10,25,12,6,1,0,12,2,7,482,7482,31,2005,3D7KR28C75G7,3,D,7,K,R,2,8,C,7,5,G,7,0,T,DODG,SQ2,CW,5,17,,2,1605,1405,RPC,D,,,6,359,,,,C,5491,09,E,42,0,0,000000000,00000000000,0,0,0,1,0,0,0,0,0,0,0,30,0,0,0,12,6,2,12,0,0,0,1,12,33175,6,1,0,0,3,0,69,999,0,0,0,0,0,0,0,0,0,0,0,0,0,0,2,2,30,1,1,8,1,0,0,1,66,1,1,1,88,0,0
12,120694,1,1,1,6,2,5,19,30,0,1,0,12,1,39,36,39036,4,2002,SAJEB53C72WC,S,A,J,E,B,5,3,C,7,2,W,C,0,P,JAGU,XS3,4D,2,17,3516,,0,1067,,G,,F,6,181,,,16R205,,,,,,0,0,000000000,00000000000,0,0,0,1,0,0,0,0,0,0,0,65,0,0,0,12,6,2,30,0,0,0,1,12,33127,6,1,0,0,3,0,69,999,0,0,0,0,1,2,2010,2,2010,0,0,0,0,0,1,2,40,1,1,8,2,0,0,1,13,1,1,4,1,1,0
12,120695,1,1,5,14,2,0,0,1,0,1,0,12,2,23,401,23401,14,1996,1GKDT13W9T25,1,G,K,D,T,1,3,W,9,T,2,5,0,T,GMC,JMY,4W,96,17,,1,0,1070,JMY,G,,,6,262,,,,B,4007,00,M,44,0,0,000000000,00000000000,0,0,0,1,0,0,0,0,0,0,0,998,0,1,3,0,6,2,1,0,0,0,1,12,33853,0,0,0,0,0,0,999,999,99,99,99,99,99,99,9999,99,9999,0,6,0,0,0,2,2,65,1,1,8,1,0,0,1,10,1,1,4,98,1,1
12,120696,1,1,1,24,2,4,54,24,0,1,0,12,2,49,40,49040,4,2011,4T1BF3EKXBU2,4,T,1,B,F,3,E,K,X,B,U,2,0,P,TOYT,CBA,4D,11,17,3263,,0,1093,,G,,F,4,152,,,16R215,,,,,,0,0,000000000,00000000000,0,0,0,1,0,0,0,0,0,0,0,999,0,0,0,12,6,2,24,0,0,0,1,12,33186,6,1,0,0,3,0,74,999,0,0,0,1,0,3,2009,3,2009,0,39,0,0,0,3,2,40,1,1,8,1,20,3,1,14,1,1,4,14,1,0
12,120697,1,1,1,25,2,18,50,8,0,1,1,12,2,49,32,49032,4,1998,1NXBR18E3WZ0,1,N,X,B,R,1,8,E,3,W,Z,0,0,P,TOYT,UVL,4D,98,17,2414,,0,970,,G,,F,4,109,,,14R175,,,,,,0,0,000000000,00000000000,0,0,0,1,0,0,0,0,0,0,0,999,0,0,0,12,2,1,8,0,0,0,1,12,33126,1,1,0,0,2,0,69,999,0,1,0,0,2,12,2009,11,2010,1,6,36,0,0,5,4,35,1,1,8,1,0,0,6,80,1,1,1,13,0,0
12,120698,1,1,1,26,2,8,3,30,0,1,0,12,1,20,37,20037,4,1999,1G1ND52T0XY1,1,G,1,N,D,5,2,T,0,X,Y,1,0,P,CHEV,MAL,4D,99,17,3051,,0,1070,,G,,F,4,146,,,15R215,,,,,,0,0,000000000,00000000000,0,0,0,1,0,0,0,0,0,0,0,40,0,0,0,12,6,2,30,0,0,0,1,12,33444,6,1,0,0,3,3,65,999,0,0,0,0,0,0,0,0,0,0,0,0,0,0,1,2,40,1,1,8,1,0,0,1,13,1,1,4,1,1,0
12,120699,1,2,2,29,2,10,36,12,6,1,0,12,1,20,32,20032,4,1998,1Y1SK5282WZ4,1,Y,1,S,K,5,2,8,2,W,Z,4,0,P,CHEV,P/L,4D,98,17,0,,0,971,,G,,F,4,110,,,14R175,,,,,,0,0,000000000,00000000000,0,0,0,1,0,0,0,0,0,0,0,15,0,0,0,3,4,1,12,0,0,0,1,12,33147,6,1,0,0,3,0,62,999,0,0,0,1,1,3,2009,3,2010,0,38,0,0,0,3,3,45,1,1,8,1,3,3,11,15,1,1,1,68,1,0
12,120699,2,2,1,29,2,10,36,12,6,1,0,12,1,23,481,23481,31,1993,1GTEC14Z7PE5,1,G,T,E,C,1,4,Z,7,P,E,5,0,T,GMC,SC1,PK,93,17,,2,1315,1175,SIE,G,,,6,262,,,,B,00000,00,A,42,0,0,000000000,00000000000,0,0,0,1,0,0,0,0,0,0,0,40,0,0,0,12,2,1,12,0,0,0,1,12,33147,6,1,0,0,3,0,67,999,0,0,0,0,0,0,0,0,0,0,0,0,0,0,3,3,45,1,1,8,1,3,3,1,62,1,1,1,69,0,0
12,120700,1,2,1,3,3,6,59,8,0,1,0,12,1,23,401,23401,14,2005,1GKDS13S7521,1,G,K,D,S,1,3,S,7,5,2,1,0,T,GMC,ENV,4W,5,17,,1,0,1130,ENV,G,,,6,256,,,,B,4417,00,E,42,0,0,000000000,00000000000,0,0,0,1,0,0,0,0,0,0,0,30,0,0,0,12,6,2,8,0,0,0,1,12,33317,6,1,0,0,3,3,68,999,0,1,0,0,0,10,2011,10,2011,0,0,0,0,0,3,3,40,1,1,8,1,0,0,1,80,1,1,1,13,0,0
12,120700,2,2,1,3,3,6,59,8,0,1,1,99,9,99,999,99999,99,9999,999999999999,9,9,9,9,9,9,9,9,9,9,9,9,0,,,,,,,,,,,,,,,,,,,,,,,,,0,0,000000000,00000000000,0,0,0,1,0,0,0,0,0,0,0,999,0,0,0,12,4,1,8,0,0,0,1,99,99999,9,9,99,9,9,9,999,999,99,99,99,99,99,99,9999,99,9999,9,0,0,0,0,3,3,40,1,1,8,1,0,0,1,80,1,1,1,98,0,0
12,120701,1,1,1,3,3,19,7,8,0,1,0,12,1,12,481,12481,31,2006,1FTRF12206NB,1,F,T,R,F,1,2,2,0,6,N,B,0,T,FORD,F15,PK,6,17,,2,1450,1260,COF,G,,,6,256,,,,B,4615,02,E,42,0,0,000000000,00000000000,0,0,0,1,0,0,0,0,0,0,0,37,0,0,0,12,6,2,8,0,0,0,1,12,33065,6,1,6,0,3,0,70,999,0,0,0,0,0,0,0,0,0,0,0,0,0,0,3,3,45,1,1,8,1,0,0,1,80,2,1,1,13,0,0
12,120702,1,1,1,7,3,17,25,8,0,1,0,12,2,37,32,37032,4,1998,1HGCG5642WA0,1,H,G,C,G,5,6,4,2,W,A,0,0,P,HOND,ULX,4D,98,17,2952,,0,1069,,G,,F,4,138,,,15R195,,,,,,0,0,000000000,00000000000,0,0,0,1,0,0,0,0,0,0,0,40,0,0,0,12,6,2,8,0,0,0,1,12,33023,6,1,0,0,3,0,67,999,0,0,0,1,0,9,2011,9,2011,0,0,0,0,0,3,3,45,1,1,8,2,0,0,1,80,1,1,1,13,0,0
12,120703,1,1,3,19,3,10,21,8,0,1,0,95,1,49,40,49040,4,2009,4T1BE46K19U9,4,T,1,B,E,4,6,K,1,9,U,9,0,P,TOYT,CBA,4D,9,17,3263,,0,1090,,G,,F,4,144,,,16R215,,,,,,0,0,000000000,00000000000,0,0,0,1,0,0,0,0,0,0,0,10,0,0,0,12,0,1,8,0,0,0,1,95,0,9,9,99,9,9,9,999,999,99,99,99,99,99,99,9999,99,9999,0,38,0,0,0,1,2,25,1,1,8,1,20,3,10,80,1,1,1,13,0,0
12,120704,1,2,1,8,5,7,20,12,6,1,0,12,1,20,9,20009,2,1992,1G1FP23T7NL1,1,G,1,F,P,2,3,T,7,N,L,1,0,P,CHEV,CAR,CP,92,17,3103,,0,1010,,G,,F,6,191,,,15R215,,,,,,0,0,000000000,00000000000,0,0,0,1,0,0,0,0,0,0,0,40,0,0,0,9,6,2,12,0,0,0,1,12,33570,6,1,0,0,3,0,67,999,0,0,0,0,0,0,0,0,0,0,39,0,0,0,1,2,40,1,1,8,1,20,3,1,17,1,1,1,89,1,0
12,120704,2,2,1,8,5,7,20,12,6,1,0,12,2,20,23,20023,6,2009,3GNCA23B49S6,3,G,N,C,A,2,3,B,4,9,S,6,0,P,CHEV,HHR,UT,9,17,3208,,0,1035,,F,,F,4,134,,,16R215,,,,,,0,0,000000000,00000000000,0,0,0,1,0,0,0,0,0,0,0,40,0,0,0,12,6,2,12,0,0,0,1,12,33570,6,1,0,0,3,3,60,999,0,0,0,0,0,0,0,0,0,0,0,0,0,0,1,2,40,1,1,8,1,0,0,1,66,1,1,1,88,0,0
12,120705,1,1,4,8,4,2,47,1,0,1,0,37,1,37,32,37032,4,2002,1HGCG16522A0,1,H,G,C,G,1,6,5,2,2,A,0,0,P,HOND,UEX,4D,2,17,3329,,0,1069,,G,,F,6,183,,,15R205,,,,,,0,0,000000000,00000000000,0,0,0,1,0,0,0,0,0,0,0,80,0,2,3,0,6,2,1,0,0,0,1,37,28075,6,1,0,0,3,0,67,999,0,1,0,0,1,1,2011,3,2011,0,6,0,0,0,3,2,60,2,1,8,1,0,0,14,13,6,4,4,7,1,1
12,120706,1,1,3,8,4,0,0,39,0,1,0,12,2,18,18,18018,4,1996,1G4NJ52M5TC4,1,G,4,N,J,5,2,M,5,T,C,4,0,P,BUIC,SLG,4D,96,17,2948,,0,1034,,G,,F,6,191,,,14R195,,,,,,0,0,000000000,00000000000,0,0,0,1,0,0,0,0,0,0,0,60,0,0,0,12,6,2,39,0,0,0,1,12,32208,6,1,0,0,3,0,69,999,0,0,0,1,0,4,2011,4,2011,0,6,0,0,0,5,4,45,3,1,8,1,0,0,14,12,1,1,4,6,1,1