STATE,ST_CASE,VEH_NO,VE_FORMS,NUMOCCS,DAY,MONTH,HOUR,MINUTE,HARM_EV,MAN_COLL,UNITTYPE,HIT_RUN,REG_STAT,OWNER,MAKE,MODEL,MAK_MOD,BODY_TYP,MOD_YEAR,VIN,VIN_1,VIN_2,VIN_3,VIN_4,VIN_5,VIN_6,VIN_7,VIN_8,VIN_9,VIN_10,VIN_11,VIN_12,TOW_VEH,VINTYPE,VINMAKE,VINA_MOD,VIN_BT,VINMODYR,VIN_LNGT,VIN_WGT,WGTCD_TR,WHLBS_LG,WHLBS_SH,SER_TR,FUELCODE,MCYCL_DS,CARBUR,CYLINDER,DISPLACE,MCYCL_CY,MCYCL_WT,TIRE_SZE,TON_RAT,TRK_WT,TRKWTVAR,VIN_REST,WHLDRWHL,J_KNIFE,MCARR_I1,MCARR_I2,MCARR_ID,GVWR,V_CONFIG,CARGO_BT,HAZ_INV,HAZ_PLAC,HAZ_ID,HAZ_CNO,HAZ_REL,BUS_USE,SPEC_USE,EMER_USE,TRAV_SP,UNDERIDE,ROLLOVER,ROLINLOC,IMPACT1,DEFORMED,TOWED,M_HARM,VEH_SC1,VEH_SC2,FIRE_EXP,DR_PRES,L_STATE,DR_ZIP,L_STATUS,L_TYPE,CDL_STAT,L_ENDORS,L_COMPL,L_RESTRI,DR_HGT,DR_WGT,PREV_ACC,PREV_SUS,PREV_DWI,PREV_SPD,PREV_OTH,FIRST_MO,FIRST_YR,LAST_MO,LAST_YR,SPEEDREL,DR_SF1,DR_SF2,DR_SF3,DR_SF4,VTRAFWAY,VNUM_LAN,VSPD_LIM,VALIGN,VPROFILE,VPAVETYP,VSURCOND,VTRAFCON,VTCONT_F,P_CRASH1,P_CRASH2,P_CRASH3,PCRASH4,PCRASH5,ACC_TYPE,DEATHS,DR_DRINK
12,120805,1,4,2,10,1,17,22,12,2,1,0,12,2,63,31,63031,4,1996,KNAFA1254T52,K,N,A,F,A,1,2,5,4,T,5,2,0,P,KIA,RLG,4D,96,17,2476,,0,984,,G,,F,4,112,,,13R175,,,,,,0,0,000000000,00000000000,0,0,0,1,0,0,0,0,0,0,0,80,0,0,0,12,6,2,12,0,0,0,1,12,33714,1,1,0,0,2,0,68,999,0,4,0,0,0,1,2010,8,2010,1,37,6,0,0,1,4,35,1,1,8,1,0,0,99,10,1,1,2,50,1,0
12,120805,2,4,2,10,1,17,22,12,2,1,0,12,1,12,481,12481,31,2000,1FTNX21L8YEE,1,F,T,N,X,2,1,L,8,Y,E,E,0,T,FORD,F2S,4C,0,17,,2,1580,1418,SRW,G,,,8,330,,,,C,5635,07,E,44,0,0,000000000,00000000000,0,0,0,1,0,0,0,0,0,0,0,35,0,0,0,12,6,2,12,0,0,0,1,12,33709,6,1,6,0,3,0,69,999,0,0,0,2,2,7,2009,12,2011,0,0,0,0,0,1,4,35,1,1,8,1,0,0,1,62,1,1,1,51,0,0
12,120805,3,4,2,10,1,17,22,12,2,1,0,12,2,12,481,12481,31,1997,1FTDX1726VKD,1,F,T,D,X,1,7,2,6,V,K,D,0,T,FORD,F15,3C,97,17,,1,1570,1390,COF,G,,,6,256,,,,B,4045,03,E,42,0,0,000000000,00000000000,0,0,0,1,0,0,0,0,0,0,0,35,0,0,0,81,4,3,12,0,0,0,1,12,33781,6,1,0,0,3,0,71,999,1,0,0,0,1,9,2011,9,2011,0,0,0,0,0,1,4,35,1,1,8,1,0,0,1,62,1,1,1,98,0,0
12,120805,4,4,1,10,1,17,22,12,2,1,0,12,1,42,31,42031,4,1995,WDBHA22E3SF1,W,D,B,H,A,2,2,E,3,S,F,1,0,P,MERZ,C22,4D,95,17,3055,,0,1059,,G,,F,4,134,,,15R195,,,,,,0,0,000000000,00000000000,0,0,0,1,0,0,0,0,0,0,0,35,0,0,0,12,6,2,12,0,0,0,1,12,33707,6,1,0,0,3,3,75,999,0,0,0,0,0,0,0,0,0,0,0,0,0,0,1,4,35,1,1,8,1,0,0,1,62,1,1,1,98,0,0
12,120806,1,2,3,12,2,16,57,12,6,1,0,12,1,49,472,49472,30,2007,5TEUU42N77Z4,5,T,E,U,U,4,2,N,7,7,Z,4,0,T,TOYT,ACC,PC,7,17,,1,0,1278,TAC,G,,,6,244,,,,B,3955,00,U,44,0,0,000000000,00000000000,0,0,0,1,0,0,0,0,0,0,0,40,0,1,5,12,6,2,12,0,0,0,1,12,34292,6,1,0,0,3,0,71,999,0,0,0,0,0,0,0,0,0,0,6,39,0,0,1,2,30,1,1,8,1,20,3,1,17,1,1,1,86,1,1
12,120806,2,2,1,12,2,16,57,12,6,1,0,12,1,7,24,7024,4,2007,2B3KA43R17H6,2,B,3,K,A,4,3,R,1,7,H,6,0,P,DODG,CTL,4D,7,17,3648,,0,1200,,G,,F,6,165,,,17R215,,,,,,0,0,000000000,00000000000,0,0,0,1,0,0,0,0,0,0,0,45,0,0,0,3,6,2,12,0,0,0,1,12,34286,6,1,0,0,3,0,65,999,1,0,0,0,2,3,2011,12,2011,0,0,0,0,0,1,2,45,1,1,8,1,0,0,1,66,1,1,1,87,0,0
12,120807,1,1,1,3,3,18,55,5,0,1,0,12,1,37,705,37705,80,1982,JH2RC0716CM0,J,H,2,R,C,0,7,1,6,C,M,0,0,M,HOND,F7C,RS,82,17,,,,,,,750,,4,,4,474,,,,,,,0,0,000000000,00000000000,0,0,0,1,0,0,0,0,0,0,0,45,0,0,0,0,6,2,5,0,0,0,1,12,33844,6,1,6,0,3,3,67,999,0,0,0,0,0,0,0,0,0,0,0,0,0,0,1,2,45,2,5,8,1,40,3,14,98,3,3,4,0,1,0
12,120808,1,2,2,9,3,19,28,12,6,1,0,12,1,13,12,13012,4,2000,1LNHM86S3YY8,1,L,N,H,M,8,6,S,3,Y,Y,8,0,P,LINC,LLS,4D,0,17,3546,,0,1145,,G,,F,6,182,,,16R215,,,,,,0,0,000000000,00000000000,0,0,0,1,0,0,0,0,0,0,0,60,0,0,0,7,6,2,12,0,0,0,1,12,33024,1,1,0,0,2,0,62,999,0,1,0,0,0,9,2011,9,2011,0,38,0,0,0,1,2,30,1,1,8,1,20,3,1,17,1,1,1,89,2,0
12,120808,2,2,1,9,3,19,28,12,6,1,0,12,2,9,442,9442,20,1996,2P4GP44R9TR7,2,P,4,G,P,4,4,R,9,T,R,7,0,T,PLYM,GVS,ES,96,17,,1,0,1193,VOF,G,,,6,201,,,,,3663,00,E,42,0,0,000000000,00000000000,0,0,0,1,0,0,0,0,0,0,0,30,0,0,0,12,6,2,19,0,0,0,1,12,33024,6,1,0,0,3,0,62,999,0,0,0,0,0,0,0,0,0,0,0,0,0,0,1,2,30,1,1,8,1,0,0,1,66,1,1,1,88,0,0
12,120809,1,2,1,5,5,2,5,8,0,1,1,99,9,99,999,99999,99,9999,999999999999,9,9,9,9,9,9,9,9,9,9,9,9,0,,,,,,,,,,,,,,,,,,,,,,,,,0,0,000000000,00000000000,0,0,0,1,0,0,0,0,0,0,0,999,0,0,0,12,9,1,8,0,0,0,1,99,99999,9,9,99,9,9,9,999,999,99,99,99,99,99,99,9999,99,9999,0,0,0,0,0,3,2,45,1,1,8,1,0,0,1,82,1,1,1,13,0,0
12,120809,2,2,1,5,5,2,5,8,0,1,0,12,3,20,481,20481,31,2000,1GCEK19V9YE1,1,G,C,E,K,1,9,V,9,Y,E,1,0,T,CHEV,SK1,3C,0,17,,2,1575,1435,SIL,G,,,8,293,,,,B,4621,02,,44,0,0,000000000,00000000000,0,0,0,1,0,0,0,0,0,0,0,20,0,0,0,12,0,3,8,0,0,0,1,12,32607,6,1,0,0,3,0,67,999,0,0,0,0,0,0,0,0,0,0,0,0,0,0,3,2,45,1,1,8,1,0,0,1,80,1,1,1,98,0,0
12,120810,1,2,1,11,5,0,50,12,1,1,0,12,1,49,472,49472,30,2012,5TFMU4FN5CX0,5,T,F,M,U,4,F,N,5,C,X,0,0,T,TOYT,DBD,CW,12,17,,1,0,1409,TAC,G,,,6,244,,,,B,4190,00,W,44,0,0,000000000,00000000000,0,0,0,1,0,0,0,0,0,0,0,69,0,1,1,12,6,2,1,0,0,0,1,12,32003,6,1,0,0,3,0,71,999,0,0,0,0,0,0,0,0,0,1,39,0,0,0,3,2,45,1,1,8,1,3,3,1,51,1,1,1,24,0,1
12,120810,2,2,1,11,5,0,50,12,1,1,0,12,1,35,47,35047,4,1999,1N4DL01DXXC1,1,N,4,D,L,0,1,D,X,X,C,1,0,P,NISS,AGS,4D,99,17,2762,,0,1031,,G,,F,4,146,,,15R195,,,,,,0,0,000000000,00000000000,0,0,0,1,0,0,0,0,0,0,0,999,0,0,0,6,6,8,12,0,0,0,1,12,32138,6,1,0,0,3,3,71,999,0,0,0,0,0,0,0,0,0,0,0,0,0,0,3,2,45,1,1,8,1,3,3,1,53,1,1,1,25,1,0
12,120811,1,1,1,11,5,6,12,9,0,1,0,12,3,84,981,84981,50,2010,4DRBUSKN0AB1,4,D,R,B,U,S,K,N,0,A,B,1,0,T,INTL,,BU,10,17,,7,,,,D,,,8,390,,,,,,,,42,0,88,888888888,88888888888,3,21,22,1,0,0,0,0,1,0,0,15,0,0,0,12,2,4,9,0,0,0,1,12,32211,6,1,6,3,3,0,66,999,0,0,0,0,0,0,0,0,0,0,0,0,0,0,2,3,45,1,1,8,1,3,3,11,83,1,1,1,13,0,0
12,120812,1,1,5,14,5,8,0,1,0,1,0,12,3,12,481,12481,31,1999,1FDSX35F0XEB,1,F,D,S,X,3,5,F,0,X,E,B,1,T,FORD,F3S,4B,99,17,,2,0,1620,SRW,D,,,8,444,,,,D,00000,00,E,44,1,0,000000000,00000000000,0,0,0,1,0,0,0,0,0,0,0,70,0,1,1,0,6,2,1,0,0,0,1,12,34203,6,1,0,0,3,3,69,999,0,0,0,0,0,0,0,0,0,0,6,0,0,0,2,2,70,1,1,8,1,0,0,1,1,7,1,2,98,1,0
12,120813,1,1,1,17,2,23,41,25,0,1,0,12,1,76,706,76706,80,2008,JYAVP28E88A0,J,Y,A,V,P,2,8,E,8,8,A,0,0,M,YAMA,X17,RS,8,17,,,,,,,1670,,2,,4,694,,,,,,,0,0,000000000,00000000000,0,0,0,1,0,0,0,0,0,0,0,55,0,0,0,12,6,2,25,0,0,0,1,12,33578,6,1,0,0,3,0,72,999,0,0,0,0,0,0,0,0,0,0,35,0,0,0,3,2,45,1,1,8,1,0,0,1,12,1,1,4,6,1,1
12,120814,1,2,1,18,5,13,21,12,8,1,0,12,1,53,706,53706,80,2007,JS1VS55A8721,J,S,1,V,S,5,5,A,8,7,2,1,0,M,SUZI,VL8,RS,7,17,,,,,,,819,,2,,4,542,,,,,,,0,0,000000000,00000000000,0,0,0,1,0,0,0,0,0,0,0,40,0,0,0,11,4,3,12,0,0,0,1,12,33064,6,1,0,0,2,0,71,999,0,0,0,0,0,0,0,0,0,1,0,0,0,0,1,2,25,1,1,8,2,0,0,1,10,6,1,2,64,1,0
12,120814,2,2,2,18,5,13,21,12,8,1,0,12,1,12,481,12481,31,2001,1FTRW07W21KF,1,F,T,R,W,0,7,W,2,1,K,F,1,T,FORD,F1S,CW,1,17,,2,0,1385,COF,G,,,8,281,,,,B,4581,01,E,42,1,0,000000000,00000000000,0,0,0,1,0,0,0,0,0,0,0,27,0,0,0,11,4,1,12,0,0,0,1,12,33064,6,1,6,0,3,0,73,999,0,0,0,0,0,0,0,0,0,0,0,0,0,0,1,2,25,1,1,8,2,0,0,1,62,1,1,1,65,0,0
12,120815,1,1,1,19,5,15,10,42,0,1,0,12,2,12,17,12017,4,1999,1FAFP54N3XA1,1,F,A,F,P,5,4,N,3,X,A,1,0,P,FORD,SHO,4D,99,17,3329,,0,1085,,G,,F,8,207,,,16R225,,,,,,0,0,000000000,00000000000,0,0,0,1,0,0,0,0,0,0,0,75,0,0,0,9,6,2,42,0,0,0,1,12,34769,0,0,0,0,0,0,71,999,0,4,0,0,0,5,2010,2,2012,1,6,0,0,0,1,2,55,3,1,8,1,28,3,14,13,6,3,4,2,1,1
12,120816,1,2,1,20,5,10,20,12,1,1,0,12,1,73,709,73709,80,2011,JKBVNRJ18BA0,J,K,B,V,N,R,J,1,8,B,A,0,0,M,KAWK,V7J,RS,11,17,,,,,,,1700,,2,,4,836,,,,,,,0,0,000000000,00000000000,0,0,0,1,0,0,0,0,0,0,0,50,0,0,0,12,6,2,12,0,0,0,1,12,33809,6,1,0,0,3,0,73,999,0,0,0,0,0,0,0,0,0,0,6,0,0,0,3,2,70,1,1,8,1,0,0,1,52,3,1,1,28,1,0
12,120816,2,2,2,20,5,10,20,12,1,1,0,12,1,19,22,19022,4,2008,1G6KD57Y48U1,1,G,6,K,D,5,7,Y,4,8,U,1,0,P,CADI,TDS,4D,8,17,4009,,0,1156,,G,,F,8,281,,,17R235,,,,,,0,0,000000000,00000000000,0,0,0,1,0,0,0,0,0,0,0,30,0,0,0,6,4,1,12,0,0,0,1,12,33801,6,1,0,0,3,3,60,999,0,0,0,0,0,0,0,0,0,0,0,0,0,0,3,2,70,1,1,8,1,0,0,2,53,1,1,1,29,0,0
12,120817,1,1,4,20,5,13,45,1,0,1,0,12,2,49,422,49422,15,2003,5TDZT34A43S1,5,T,D,Z,T,3,4,A,4,3,S,1,0,P,TOYT,SEQ,UT,3,17,5070,,0,1181,,G,,F,8,285,,,16R245,,,,,,0,0,000000000,00000000000,0,0,0,1,0,0,0,0,0,0,0,70,0,2,3,0,6,2,1,0,0,0,1,12,32204,6,1,0,0,3,0,67,999,0,1,0,0,0,10,2009,10,2009,0,6,0,0,0,2,3,70,1,1,8,1,0,0,1,1,1,4,4,7,1,1
12,120818,1,1,1,21,5,20,53,9,0,1,0,12,1,49,442,49442,20,2006,5TDZA22C46S5,5,T,D,Z,A,2,2,C,4,6,S,5,0,P,TOYT,SIE,SV,6,17,4165,,0,1193,,G,,F,6,201,,,15R205,,,,,,0,0,000000000,00000000000,0,0,0,1,0,0,0,0,0,0,0,45,0,0,0,12,4,3,9,0,0,0,1,12,32179,6,1,0,0,3,3,70,999,0,0,0,0,0,0,0,0,0,0,0,0,0,0,1,2,45,1,1,8,1,0,0,1,83,1,1,1,13,0,1
12,120819,1,1,1,22,5,21,44,21,0,1,0,42,1,34,705,34705,80,2012,WB1061205CZZ,W,B,1,0,6,1,2,0,5,C,Z,Z,0,M,BMW,K1L,RS,12,17,,,,,,,1649,,6,,4,708,,,,,,,0,0,000000000,00000000000,0,0,0,1,0,0,0,0,0,0,0,70,0,0,0,2,6,2,21,0,0,0,1,42,18612,6,1,0,0,3,0,75,999,0,1,0,1,0,7,2011,11,2011,0,0,0,0,0,2,2,70,1,1,8,1,0,0,1,13,1,1,4,1,1,0
12,120820,1,1,2,24,5,99,99,3,0,1,0,12,1,35,39,35039,4,2008,1N4BA41E68C8,1,N,4,B,A,4,1,E,6,8,C,8,0,P,NISS,MEL,4D,8,17,3462,,0,1112,,G,,F,6,214,,,18R245,,,,,,0,0,000000000,00000000000,0,0,0,1,0,0,0,0,0,0,0,10,0,0,0,0,6,2,3,0,0,0,1,12,33325,6,1,0,0,3,3,67,999,0,0,0,0,0,0,0,0,0,0,6,39,0,0,1,2,35,1,1,8,1,0,0,12,98,1,1,4,0,2,1
12,120821,1,2,1,24,5,7,20,12,6,1,0,12,1,6,51,6051,4,2000,2C3HE66G3YH4,2,C,3,H,E,6,6,G,3,Y,H,4,0,P,CHRY,30M,4D,0,17,3499,,0,1130,,G,,F,6,215,,,17R225,,,,,,0,0,000000000,00000000000,0,0,0,1,0,0,0,0,0,0,0,10,0,0,0,9,6,2,12,0,0,0,1,12,33954,6,1,0,0,3,3,66,999,0,0,0,0,0,0,0,0,0,0,38,0,0,0,1,2,40,1,1,8,1,20,3,11,15,1,1,1,82,1,0
12,120821,2,2,1,24,5,7,20,12,6,1,0,12,1,37,31,37031,2,2004,1HGEM22534L0,1,H,G,E,M,2,2,5,3,4,L,0,0,P,HOND,UCL,CP,4,17,2449,,0,1031,,G,,F,4,102,,,000000,,,,,,0,0,000000000,00000000000,0,0,0,1,0,0,0,0,0,0,0,55,0,0,0,12,6,2,12,0,0,0,1,12,33983,6,1,0,0,3,3,68,999,0,0,0,0,0,0,0,0,0,0,0,0,0,0,2,2,55,1,1,8,1,0,0,1,67,1,1,1,83,0,0
12,120822,1,2,3,24,5,8,17,12,6,1,0,1,2,20,2,20002,4,2007,2G1WB58K8792,2,G,1,W,B,5,8,K,8,7,9,2,0,P,CHEV,IPL,4D,7,17,3674,,0,1105,,F,,F,6,214,,,16R225,,,,,,0,0,000000000,00000000000,0,0,0,1,0,0,0,0,0,0,0,10,0,0,0,9,6,2,12,0,0,0,1,1,36913,6,1,0,0,3,0,71,999,0,0,0,2,0,6,2009,6,2009,0,39,0,0,0,1,2,35,1,1,8,1,20,3,11,15,1,1,1,82,2,0
12,120822,2,2,1,24,5,8,17,12,6,1,0,12,3,84,884,84884,63,2010,1HTMKAANXAH1,1,H,T,M,K,A,A,N,X,A,H,1,0,T,INTL,440,CC,10,17,,7,0,0,40S,D,,,6,466,,,,,00000,00,,42,0,12,827174,12827174,3,1,98,1,0,0,0,0,0,0,0,60,0,0,0,12,6,2,12,0,0,0,1,12,33714,6,1,6,0,3,0,74,999,0,0,0,1,1,1,2010,3,2011,0,0,0,0,0,2,2,65,1,1,8,1,28,3,1,67,1,1,1,83,0,0
12,120823,1,2,1,25,5,7,10,12,6,1,0,12,1,49,44,49044,2,1999,2T1CG22P0XC1,2,T,1,C,G,2,2,P,0,X,C,1,0,P,TOYT,CRE,CP,99,17,3120,,0,1051,,G,,F,4,132,,,15R205,,,,,,0,0,000000000,00000000000,0,0,0,1,0,0,0,0,0,0,0,10,0,0,0,9,6,2,12,0,0,0,1,12,32205,6,1,0,0,3,0,63,999,0,0,0,0,0,0,0,0,0,0,39,0,0,0,1,2,30,1,1,8,1,3,3,1,17,1,1,1,89,1,0
12,120823,2,2,1,25,5,7,10,12,6,1,0,12,2,23,8,23008,6,2012,1GKKRPED8CJ2,1,G,K,K,R,P,E,D,8,C,J,2,0,T,GMC,SLF,4W,12,17,,2,0,1189,ACA,G,,,6,220,,,,B,4565,00,S,42,0,0,000000000,00000000000,0,0,0,1,0,0,0,0,0,0,0,53,0,0,0,12,6,2,12,0,0,0,1,12,32219,6,1,0,0,3,3,66,999,0,0,0,0,0,0,0,0,0,0,0,0,0,0,2,2,45,1,1,8,1,3,3,1,66,1,1,1,88,0,0
12,120824,1,1,2,26,5,21,12,8,0,1,0,12,1,9,398,9398,2,1941,000000000000,0,0,0,0,0,0,0,0,0,0,0,0,0,,,,,,,,,,,,,,,,,,,,,,,,,0,0,000000000,00000000000,0,0,0,1,0,0,0,0,0,0,0,40,0,0,0,12,4,3,8,0,0,0,1,12,32952,6,1,6,0,3,0,73,999,0,0,0,1,0,5,2012,5,2012,0,0,0,0,0,5,6,45,1,1,8,1,0,0,1,80,1,1,1,13,0,0
12,120825,1,1,1,26,5,5,30,8,0,1,0,12,2,37,32,37032,4,1992,1HGCB755XNA2,1,H,G,C,B,7,5,5,X,N,A,2,0,P,HOND,ALX,4D,92,17,2504,,0,1071,,G,,F,4,132,,,14R185,,,,,,0,0,000000000,00000000000,0,0,0,1,0,0,0,0,0,0,0,45,0,0,0,12,6,2,8,0,0,0,1,12,34453,6,1,0,0,3,0,69,999,0,0,0,1,0,10,2010,10,2010,0,0,0,0,0,1,2,45,1,5,8,1,0,0,1,80,1,1,1,13,0,0
12,120826,1,2,2,26,5,15,48,12,7,1,0,12,1,72,706,72706,80,2011,1HD1BX516BB0,1,H,D,1,B,X,5,1,6,B,B,0,0,M,HD,FLF,RS,11,17,,,,,,,1584,,2,,4,694,,,,,,,0,0,000000000,00000000000,0,0,0,1,0,0,0,0,0,0,0,40,0,0,0,1,4,3,12,0,0,0,1,12,33180,6,1,0,0,3,0,69,999,0,0,0,1,0,10,2010,10,2010,0,0,0,0,0,6,2,55,3,1,8,1,0,0,15,11,1,1,2,46,1,0
12,120826,2,2,5,26,5,15,48,12,7,1,0,12,1,37,31,37031,2,2005,1HGEM21305L0,1,H,G,E,M,2,1,3,0,5,L,0,0,P,HOND,CVP,CP,5,17,2456,,0,1031,,G,,F,4,102,,,14R185,,,,,,0,0,000000000,00000000000,0,0,0,1,0,0,0,0,0,0,0,40,0,0,0,7,2,1,12,0,0,0,1,12,33023,6,1,0,0,3,0,66,999,0,0,0,1,0,8,2009,8,2009,0,0,0,0,0,6,2,55,3,1,8,1,0,0,14,60,1,1,1,45,0,0
12,120827,1,1,1,26,5,19,59,30,0,1,0,12,1,59,34,59034,4,1995,JT8JS47E0S01,J,T,8,J,S,4,7,E,0,S,0,1,0,P,LEXS,GS3,4D,95,17,3660,,0,1094,,G,,F,6,183,,,16R215,,,,,,0,0,000000000,00000000000,0,0,0,1,0,0,0,0,0,0,0,60,0,1,5,12,6,2,1,0,0,0,1,12,32909,6,1,0,0,3,0,70,999,0,0,0,0,0,0,0,0,0,1,6,33,0,0,1,2,45,2,1,8,1,0,0,6,6,1,3,4,2,1,1
12,120828,1,2,1,26,5,10,39,12,6,1,0,12,1,20,37,20037,4,2001,1G1ND52J0161,1,G,1,N,D,5,2,J,0,1,6,1,0,P,CHEV,MAL,4D,1,17,3051,,0,1070,,G,,F,6,191,,,15R215,,,,,,0,0,000000000,00000000000,0,0,0,1,0,0,0,0,0,0,0,15,0,0,0,3,6,2,12,0,0,0,1,12,33319,6,1,0,0,3,3,64,999,0,0,0,0,0,0,0,0,0,0,38,0,0,0,2,2,45,1,1,8,1,3,3,11,15,1,1,1,68,1,0
12,120828,2,2,1,26,5,10,39,12,6,1,0,12,1,37,32,37032,2,2000,1HGCG3270YA0,1,H,G,C,G,3,2,7,0,Y,A,0,0,P,HOND,UEX,CP,0,17,3042,,0,1051,,G,,F,4,138,,,15R195,,,,,,0,0,000000000,00000000000,0,0,0,1,0,0,0,0,0,0,0,60,0,0,0,12,6,2,12,0,0,0,1,12,33321,6,1,0,0,3,0,72,999,0,1,0,0,0,3,2012,3,2012,0,0,0,0,0,2,2,45,1,1,8,1,3,3,1,62,1,1,1,69,0,0
12,120829,1,2,1,28,5,12,50,12,6,1,0,13,1,37,31,37031,4,2007,1HGFA16837L0,1,H,G,F,A,1,6,8,3,7,L,0,0,P,HOND,UAX,4D,7,17,2807,,0,1063,,G,,F,4,110,,,16R205,,,,,,0,0,000000000,00000000000,0,0,0,1,0,0,0,0,0,0,0,60,0,0,0,1,6,2,12,0,0,0,1,13,30605,6,1,0,0,3,0,66,150,98,0,0,0,0,0,0,0,0,1,87,0,0,0,1,2,60,2,1,8,2,0,0,14,5,1,4,2,64,0,0
12,120829,2,2,1,28,5,12,50,12,6,1,0,12,2,37,705,37705,80,2003,JH2RC44393M7,J,H,2,R,C,4,4,3,9,3,M,7,0,M,HOND,V7A,RS,3,17,,,,,,,745,,2,,4,505,,,,,,,0,0,000000000,00000000000,0,0,0,1,0,0,0,0,0,0,0,60,0,0,0,12,6,2,12,0,0,1,1,12,32304,6,1,0,0,3,0,72,999,0,0,0,0,0,0,0,0,0,0,0,0,0,0,1,2,60,3,1,8,2,0,0,14,62,1,1,1,65,1,0
12,120830,1,1,2,28,5,23,5,38,0,1,0,91,1,37,739,37739,90,2002,478TE2307242,4,7,8,T,E,2,3,0,7,2,4,2,0,M,HOND,TRE,AT,2,17,,,,,,,397,,1,,4,375,,,,,,,0,0,000000000,00000000000,0,0,0,1,0,0,0,0,0,0,0,35,0,1,6,12,4,3,1,0,0,0,1,12,33566,6,1,0,0,3,0,69,999,0,0,0,0,1,12,2010,12,2010,1,6,0,0,0,1,2,40,3,1,8,1,0,0,14,12,1,1,4,6,1,1
12,120831,1,2,2,30,5,4,25,12,1,1,0,4,3,23,881,23881,62,2005,1GDG5C1E45F9,1,G,D,G,5,C,1,E,4,5,F,9,1,T,GMC,C5C,CB,5,17,,6,2240,1280,C55,G,,,8,496,,,,,00000,00,,42,1,88,888888888,88888888888,2,4,97,1,0,0,0,0,0,0,0,65,0,0,0,12,6,2,12,0,0,0,1,12,32433,1,1,0,0,2,0,74,999,0,1,0,3,0,9,2009,1,2012,0,6,0,0,0,3,2,70,1,1,8,1,0,0,1,51,1,1,1,24,1,0
12,120831,2,2,1,30,5,4,25,12,1,1,0,12,1,12,481,12481,31,2002,1FTNW21F22EA,1,F,T,N,W,2,1,F,2,2,E,A,1,T,FORD,F2S,CW,2,17,,2,1724,1562,SRW,D,,,8,444,,,,C,6234,04,E,44,1,0,000000000,00000000000,0,0,0,1,0,0,0,0,0,0,0,65,0,0,0,6,2,1,12,0,0,0,1,12,32413,6,1,0,0,3,3,71,999,0,0,0,0,0,0,0,0,0,0,0,0,0,0,3,2,70,1,1,8,1,0,0,1,53,1,1,1,25,0,0
12,120832,1,3,1,31,5,18,32,12,6,1,0,12,2,7,422,7422,15,2004,1D4HD48K74F1,1,D,4,H,D,4,8,K,7,4,F,1,0,P,DODG,DUR,UT,4,17,4648,,0,1192,,G,,F,6,225,,,17R245,,,,,,0,0,000000000,00000000000,0,0,0,1,0,0,0,0,0,0,0,25,0,0,0,10,6,2,12,0,0,0,1,1,36736,6,7,0,0,3,3,61,999,0,0,0,0,0,0,0,0,0,0,38,0,0,0,1,2,35,1,6,8,2,20,3,11,15,1,1,1,76,0,0
12,120832,2,3,2,31,5,18,32,12,6,1,0,22,3,35,47,35047,4,2012,1N4AL2AP7CC2,1,N,4,A,L,2,A,P,7,C,C,2,0,P,NISS,ATS,4D,12,17,3180,,0,1093,,G,,F,4,153,,,16R215,,,,,,0,0,000000000,00000000000,0,0,0,1,0,0,0,0,0,0,0,55,0,0,0,12,6,2,12,0,0,0,1,25,1826,6,1,0,0,3,0,72,999,0,0,0,0,0,0,0,0,0,0,0,0,0,0,1,2,35,1,6,8,2,0,0,1,65,2,1,1,77,1,0
12,120832,3,3,3,31,5,18,32,12,6,1,0,12,1,54,35,54035,4,2002,19UUA56602A0,1,9,U,U,A,5,6,6,0,2,A,0,0,P,ACUR,32T,4D,2,17,3492,,0,1081,,G,,F,6,197,,,16R205,,,,,,0,0,000000000,00000000000,0,0,0,1,0,0,0,0,0,0,0,55,0,0,0,12,4,1,12,0,0,0,1,35,87031,6,1,0,0,3,3,72,999,98,0,0,0,0,0,0,0,0,0,0,0,0,0,1,2,35,1,6,8,2,0,0,1,51,2,1,2,98,0,0
12,120833,1,1,4,31,5,9,20,1,0,1,0,12,2,12,481,12481,31,2001,1FTRW07L31KB,1,F,T,R,W,0,7,L,3,1,K,B,0,T,FORD,F1S,CW,1,17,,2,0,1385,COF,G,,,8,330,,,,B,4581,01,E,42,0,0,000000000,00000000000,0,0,0,1,0,0,0,0,0,0,0,70,0,1,3,0,6,2,1,0,0,0,1,12,34114,6,1,0,0,3,3,67,999,0,0,0,0,0,0,0,0,0,0,0,0,0,0,3,3,70,2,1,8,1,0,0,14,1,1,3,4,7,1,0
12,120835,1,1,3,12,1,21,44,8,0,1,0,42,1,59,31,59031,4,2007,JTHBJ46G1721,J,T,H,B,J,4,6,G,1,7,2,1,0,P,LEXS,E35,4D,7,17,3600,,0,1093,,G,,F,6,211,,,17R215,,,,,,0,0,000000000,00000000000,0,0,0,1,0,0,0,0,0,0,0,999,0,0,0,12,4,3,8,0,0,0,1,42,19460,6,1,0,0,3,3,73,999,0,0,0,0,0,0,0,0,0,0,0,0,0,0,3,3,40,1,1,8,1,0,0,1,80,1,1,1,13,0,0
12,120836,1,1,1,15,1,6,34,8,0,1,0,12,1,12,481,12481,31,2004,1FTSW31P94EC,1,F,T,S,W,3,1,P,9,4,E,C,0,T,FORD,F3S,CW,4,17,,2,1724,1562,SRW,D,,,8,366,,,,D,6267,00,E,44,0,0,000000000,00000000000,0,0,0,1,0,0,0,0,0,0,0,998,0,0,0,12,4,1,8,0,0,0,1,12,33145,6,1,0,0,3,0,61,999,0,0,0,0,2,3,2011,8,2011,0,0,0,0,0,2,3,98,1,1,8,1,0,0,1,80,1,1,1,13,0,0