STATE,ST_CASE,VEH_NO,VE_FORMS,NUMOCCS,DAY,MONTH,HOUR,MINUTE,HARM_EV,MAN_COLL,UNITTYPE,HIT_RUN,REG_STAT,OWNER,MAKE,MODEL,MAK_MOD,BODY_TYP,MOD_YEAR,VIN,VIN_1,VIN_2,VIN_3,VIN_4,VIN_5,VIN_6,VIN_7,VIN_8,VIN_9,VIN_10,VIN_11,VIN_12,TOW_VEH,VINTYPE,VINMAKE,VINA_MOD,VIN_BT,VINMODYR,VIN_LNGT,VIN_WGT,WGTCD_TR,WHLBS_LG,WHLBS_SH,SER_TR,FUELCODE,MCYCL_DS,CARBUR,CYLINDER,DISPLACE,MCYCL_CY,MCYCL_WT,TIRE_SZE,TON_RAT,TRK_WT,TRKWTVAR,VIN_REST,WHLDRWHL,J_KNIFE,MCARR_I1,MCARR_I2,MCARR_ID,GVWR,V_CONFIG,CARGO_BT,HAZ_INV,HAZ_PLAC,HAZ_ID,HAZ_CNO,HAZ_REL,BUS_USE,SPEC_USE,EMER_USE,TRAV_SP,UNDERIDE,ROLLOVER,ROLINLOC,IMPACT1,DEFORMED,TOWED,M_HARM,VEH_SC1,VEH_SC2,FIRE_EXP,DR_PRES,L_STATE,DR_ZIP,L_STATUS,L_TYPE,CDL_STAT,L_ENDORS,L_COMPL,L_RESTRI,DR_HGT,DR_WGT,PREV_ACC,PREV_SUS,PREV_DWI,PREV_SPD,PREV_OTH,FIRST_MO,FIRST_YR,LAST_MO,LAST_YR,SPEEDREL,DR_SF1,DR_SF2,DR_SF3,DR_SF4,VTRAFWAY,VNUM_LAN,VSPD_LIM,VALIGN,VPROFILE,VPAVETYP,VSURCOND,VTRAFCON,VTCONT_F,P_CRASH1,P_CRASH2,P_CRASH3,PCRASH4,PCRASH5,ACC_TYPE,DEATHS,DR_DRINK
12,120872,2,2,1,21,5,9,15,12,6,1,0,12,2,7,472,7472,30,1994,1B7GG23Y6RS6,1,B,7,G,G,2,3,Y,6,R,S,6,0,T,DODG,DAK,PC,94,17,,1,0,1309,DAK,G,,,8,318,,,,B,3863,00,B,44,0,0,000000000,00000000000,0,0,0,1,0,0,0,0,0,0,0,20,0,0,0,12,4,3,12,0,0,0,1,12,32501,1,1,0,0,2,3,67,999,0,0,0,0,0,0,0,0,0,0,0,0,0,0,1,2,35,1,5,8,1,3,3,1,66,1,1,1,86,0,0
12,120873,1,3,1,24,5,15,21,12,1,1,0,12,3,20,461,20461,21,2005,1GCGG25V7511,1,G,C,G,G,2,5,V,7,5,1,1,0,T,CHEV,E25,CG,5,17,,2,0,1350,EXP,G,,,8,293,,,,C,5002,00,,42,0,0,000000000,00000000000,0,0,0,1,0,0,0,0,0,0,0,45,0,0,0,12,6,2,12,0,0,0,1,12,34203,6,1,0,0,3,3,74,999,0,0,0,0,1,12,2011,12,2011,0,6,0,0,0,2,3,45,1,1,8,1,3,3,1,51,1,1,1,24,0,0
12,120873,2,3,1,24,5,15,21,12,1,1,0,12,1,19,5,19005,2,1997,1G6EL12Y9VU6,1,G,6,E,L,1,2,Y,9,V,U,6,0,P,CADI,ELD,CP,97,17,3739,,0,1080,,G,,F,8,279,,,16R225,,,,,,0,0,000000000,00000000000,0,0,0,1,0,0,0,0,0,0,0,10,0,0,0,6,6,2,12,0,0,0,1,12,34238,6,1,0,0,3,0,61,999,0,0,0,0,0,0,0,0,0,0,0,0,0,0,2,3,45,1,1,8,1,3,3,1,53,1,1,1,25,1,0
12,120873,3,3,1,24,5,15,21,12,1,1,0,12,1,7,422,7422,15,2004,1D4HD48N04F2,1,D,4,H,D,4,8,N,0,4,F,2,0,P,DODG,DUR,UT,4,17,4648,,0,1192,,G,,F,8,287,,,17R245,,,,,,0,0,000000000,00000000000,0,0,0,1,0,0,0,0,0,0,0,40,0,0,0,8,4,8,12,0,0,0,1,12,34233,6,1,0,0,3,0,67,999,0,0,0,0,0,0,0,0,0,0,0,0,0,0,2,3,45,1,1,8,1,3,3,1,62,1,1,1,98,0,0
12,120874,1,2,2,4,5,13,10,12,2,1,0,12,2,55,37,55037,2,2008,KMHHN66F78U2,K,M,H,H,N,6,6,F,7,8,U,2,0,P,HYUN,GSL,CP,8,17,2969,,0,996,,G,,F,6,162,,,17R215,,,,,,0,0,000000000,00000000000,0,0,0,1,0,0,0,0,0,0,0,999,0,1,6,12,6,2,12,0,0,0,1,12,32833,6,1,0,0,3,0,72,999,0,0,0,0,0,0,0,0,0,0,6,51,0,0,1,2,40,1,1,8,1,3,3,1,17,1,1,1,81,0,0
12,120874,2,2,2,4,5,13,10,12,2,1,0,12,3,69,54,69054,3,2011,WMWSU3C58BT0,W,M,W,S,U,3,C,5,8,B,T,0,0,P,MNNI,COO,2H,11,17,2535,,0,971,,G,,F,4,098,,,15R175,,,,,,0,0,000000000,00000000000,0,0,0,1,0,0,0,0,0,0,0,5,0,0,0,12,6,2,12,0,0,0,1,12,33411,6,1,0,0,3,3,67,999,0,0,0,1,0,6,2011,6,2011,0,0,0,0,0,2,2,45,1,1,8,1,3,3,10,66,1,1,1,80,1,0
12,120875,1,2,3,28,1,17,48,12,6,1,0,12,1,52,35,52035,3,2001,JA3AY11AX1U0,J,A,3,A,Y,1,1,A,X,1,U,0,0,P,MITS,MDE,2D,1,17,2183,,0,951,,G,,F,4,090,,,14R175,,,,,,0,0,000000000,00000000000,0,0,0,1,0,0,0,0,0,0,0,999,0,0,0,3,6,2,12,0,0,0,1,12,33147,6,1,0,0,3,3,65,999,0,0,0,0,0,0,0,0,0,0,38,0,0,0,2,3,99,1,1,8,1,3,3,11,15,1,1,1,68,1,1
12,120875,2,2,1,28,1,17,48,12,6,1,0,12,2,53,705,53705,80,2001,JS1GN7BA6121,J,S,1,G,N,7,B,A,6,1,2,1,0,M,SUZI,G60,RC,1,17,,,,,,,600,,4,,4,359,,,,,,,0,0,000000000,00000000000,0,0,0,1,0,0,0,0,0,0,0,999,0,0,0,12,6,2,12,0,0,0,1,12,33169,3,1,0,0,2,0,70,999,0,0,0,0,1,8,2011,8,2011,0,0,0,0,0,2,3,99,1,1,8,1,3,3,1,63,1,1,1,69,0,1
12,120876,1,1,5,24,5,19,10,34,0,1,0,12,2,20,2,20002,4,2006,2G1WD58C1691,2,G,1,W,D,5,8,C,1,6,9,1,0,P,CHEV,ISS,4D,6,17,3607,,0,1105,,G,,F,8,323,,,18R235,,,,,,0,0,000000000,00000000000,0,0,0,1,0,0,0,0,0,0,0,45,0,1,6,12,6,2,1,0,0,0,1,12,32808,0,0,0,0,0,0,999,999,0,0,0,0,0,0,0,0,0,0,8,36,0,0,2,2,45,2,1,8,1,0,0,14,12,6,1,4,6,4,0
12,120877,1,1,2,6,6,15,43,1,0,1,0,12,1,12,481,12481,31,2003,1FTNW21P33EB,1,F,T,N,W,2,1,P,3,3,E,B,0,T,FORD,F2S,CW,3,17,,2,1724,1562,SRW,D,,,8,366,,,,C,5870,04,E,44,0,0,000000000,00000000000,0,0,0,1,0,0,0,0,0,0,0,55,0,1,6,0,6,2,1,0,0,0,1,12,32080,6,1,0,0,3,0,64,999,0,0,0,0,0,0,0,0,0,1,28,0,0,0,6,3,70,2,1,8,2,21,3,14,13,1,3,4,2,1,0
12,120878,1,3,1,7,6,12,43,12,2,1,0,12,2,20,37,20037,4,2002,1G1NE52J52M6,1,G,1,N,E,5,2,J,5,2,M,6,0,P,CHEV,M/L,4D,2,17,3053,,0,1070,,G,,F,6,191,,,15R215,,,,,,0,0,000000000,00000000000,0,0,0,1,0,0,0,0,0,0,0,45,3,0,0,12,6,2,12,0,0,0,1,12,32835,6,1,0,0,3,3,73,999,0,0,0,0,0,0,0,0,0,0,28,0,0,0,2,2,45,1,1,8,1,0,0,1,12,1,1,4,50,1,0
12,120878,2,3,1,7,6,12,43,12,2,1,0,12,3,82,881,82881,66,2005,1FUJA6CV35LN,1,F,U,J,A,6,C,V,3,5,L,N,1,T,FRHT,COL,TR,5,17,,8,0,0,CON,D,,,6,782,,,,,00000,00,,64,1,12,291145,12291145,3,6,1,1,0,0,0,0,0,0,0,45,0,0,0,12,6,2,12,0,0,0,1,12,34759,6,1,6,3,3,0,67,999,0,0,0,0,0,0,0,0,0,0,0,0,0,0,2,2,45,1,1,8,1,0,0,1,62,1,1,1,51,0,0
12,120878,3,3,1,7,6,12,43,12,2,1,0,12,2,20,482,20482,31,2005,3GNEC12Z65G2,3,G,N,E,C,1,2,Z,6,5,G,2,0,T,CHEV,CAV,CW,5,17,,2,0,1300,AVL,F,,,8,323,,,,B,5437,00,,42,0,0,000000000,00000000000,0,0,0,1,0,0,0,0,0,0,0,45,0,0,0,8,2,1,12,0,0,0,1,12,32708,6,1,0,0,3,0,64,999,0,0,0,0,0,0,0,0,0,0,0,0,0,0,2,2,45,1,1,8,1,0,0,1,60,1,1,1,98,0,0
12,120880,1,4,1,19,5,18,38,12,6,1,0,12,1,12,16,12016,4,1998,2FAFP71W3WX1,2,F,A,F,P,7,1,W,3,W,X,1,0,P,FORD,CVP,4D,98,17,0,,0,1144,,G,,F,8,281,,,16R225,,,,,,0,0,000000000,00000000000,0,0,0,1,0,0,0,0,0,0,0,10,0,0,0,12,6,2,12,0,0,0,1,12,33030,6,1,0,0,3,0,73,999,0,0,0,0,0,0,0,0,0,0,0,0,0,0,2,2,45,1,1,8,2,3,3,1,17,1,1,1,77,0,0
12,120880,2,4,2,19,5,18,38,12,6,1,0,51,1,18,2,18002,4,2003,1G4HP52KX3U1,1,G,4,H,P,5,2,K,X,3,U,1,0,P,BUIC,LCF,4D,3,17,3567,,0,1122,,G,,F,6,231,,,15R215,,,,,,0,0,000000000,00000000000,0,0,0,1,0,0,0,0,0,0,0,10,0,0,0,3,6,2,12,0,0,0,1,51,24019,6,1,0,0,3,0,68,185,0,0,0,0,0,0,0,0,0,0,0,0,0,0,2,2,45,1,1,8,2,3,3,11,66,1,1,1,76,1,0
12,120880,3,4,1,19,5,18,38,12,6,1,0,17,1,72,709,72709,80,2004,1HD1BWB104Y0,1,H,D,1,B,W,B,1,0,4,Y,0,0,M,HD,FSI,RS,4,17,,,,,,,1450,,2,,4,696,,,,,,,0,0,000000000,00000000000,0,0,0,1,0,0,0,0,0,0,0,0,0,0,0,3,4,1,12,0,0,0,1,17,61350,3,1,0,0,2,0,999,999,0,0,0,0,0,0,0,0,0,0,0,0,0,0,2,2,45,1,1,8,2,3,3,5,67,1,1,1,98,0,0
12,120880,4,4,1,19,5,18,38,12,6,1,0,12,1,12,481,12481,31,2011,1FTFW1CF8BFA,1,F,T,F,W,1,C,F,8,B,F,A,0,T,FORD,F1S,CW,11,17,,2,1570,1450,COF,F,,,8,305,,,,B,5128,03,7,42,0,0,000000000,00000000000,0,0,0,1,0,0,0,0,0,0,0,2,0,0,0,1,4,1,12,0,0,0,1,12,33034,6,1,0,0,3,0,64,999,0,0,0,0,1,1,2012,1,2012,0,0,0,0,0,2,2,45,1,1,8,2,3,3,10,67,1,1,1,98,0,0
12,120881,1,2,1,23,5,15,30,12,1,1,0,12,1,49,472,49472,30,2000,4TASM92N4YZ6,4,T,A,S,M,9,2,N,4,Y,Z,6,0,T,TOYT,XPR,PC,0,17,,1,0,1219,TAC,G,,,4,164,,,,B,3175,00,U,42,0,0,000000000,00000000000,0,0,0,1,0,0,0,0,0,0,0,45,0,0,0,12,6,2,12,0,0,0,1,12,32703,1,1,0,0,2,0,73,999,1,3,0,0,0,5,2010,9,2011,0,6,0,0,0,3,2,45,1,1,8,1,3,3,1,50,1,1,1,20,1,0
12,120881,2,2,1,23,5,15,30,12,1,1,0,12,1,20,481,20481,31,2011,3GCPCSE0XBG3,3,G,C,P,C,S,E,0,X,B,G,3,0,T,CHEV,2SC,CW,11,17,,2,0,1435,SIL,F,,,8,323,,,,B,5110,00,,42,0,0,000000000,00000000000,0,0,0,1,0,0,0,0,0,0,0,0,0,0,0,6,6,2,12,0,0,0,1,12,32778,6,1,6,0,3,0,72,999,0,0,0,0,0,0,0,0,0,0,0,0,0,0,3,2,45,1,5,8,1,3,3,5,53,1,1,1,22,0,0
12,120882,1,2,3,26,5,23,38,12,6,1,0,12,2,49,33,49033,1,1991,JT5ST87KXM00,J,T,5,S,T,8,7,K,X,M,0,0,0,P,TOYT,CGF,CV,91,17,0,,0,994,,G,,F,4,132,,,13R185,,,,,,0,0,000000000,00000000000,0,0,0,1,0,0,0,0,0,0,0,30,0,0,0,3,6,2,12,0,0,0,1,12,33619,6,7,0,0,2,3,65,999,0,0,0,0,0,0,0,0,0,0,38,0,0,0,2,4,45,1,1,8,1,3,3,11,10,1,1,1,68,1,0
12,120882,2,2,1,26,5,23,38,12,6,1,0,12,2,35,47,35047,4,1998,1N4DL01D1WC2,1,N,4,D,L,0,1,D,1,W,C,2,0,P,NISS,AGS,4D,98,17,2766,,0,1031,,G,,F,4,146,,,15R195,,,,,,0,0,000000000,00000000000,0,0,0,1,0,0,0,0,0,0,0,35,0,0,0,12,6,2,12,0,0,0,1,12,33511,1,1,0,0,2,0,71,999,0,1,0,2,0,9,2010,1,2012,0,0,0,0,0,2,4,45,1,1,8,1,3,3,1,62,1,1,1,69,0,0
12,120883,1,1,1,26,5,20,53,9,0,1,0,12,1,12,481,12481,31,1997,1FTJW36F3VEC,1,F,T,J,W,3,6,F,3,V,E,C,0,T,FORD,F35,CW,97,17,,2,0,1680,COF,D,,,8,444,,,,D,5660,01,A,44,0,0,000000000,00000000000,0,0,0,1,0,0,0,0,0,0,0,40,0,0,0,12,4,3,9,0,0,0,1,12,34241,6,1,0,0,3,3,70,999,0,0,0,0,0,0,0,0,0,0,6,0,0,0,1,2,40,1,1,8,1,0,0,1,80,1,1,1,13,0,0
12,120884,1,5,1,27,5,23,11,12,1,1,0,12,1,20,461,20461,21,2003,1GBHG39U8311,1,G,B,H,G,3,9,U,8,3,1,1,0,T,CHEV,E/6,ES,3,17,,2,0,1550,E/X,G,,,8,364,,,,D,00000,00,,42,0,0,000000000,00000000000,0,0,0,1,0,0,0,0,0,0,0,65,0,0,0,12,6,2,12,0,0,0,1,12,33319,6,1,0,0,3,0,68,999,0,1,0,0,0,1,2012,1,2012,0,6,0,0,0,3,2,65,1,1,8,2,0,0,1,51,1,1,1,24,0,0
12,120884,2,5,4,27,5,23,11,12,1,1,0,12,2,30,40,30040,4,2005,3VWSK69M45M0,3,V,W,S,K,6,9,M,4,5,M,0,0,P,VOLK,JGS,4D,5,17,2833,,0,989,,G,,F,4,121,,,15R195,,,,,,0,0,000000000,00000000000,0,0,0,1,0,0,0,0,0,0,0,55,0,0,0,6,6,2,12,0,0,0,1,12,33167,6,1,0,0,3,0,66,999,0,0,0,0,0,0,0,0,0,0,0,0,0,0,3,2,65,1,1,8,2,0,0,1,53,1,1,1,25,0,0
12,120884,3,5,1,27,5,23,11,12,1,1,0,13,2,12,481,12481,31,2009,1FTRX12W99KB,1,F,T,R,X,1,2,W,9,9,K,B,0,T,FORD,F15,4C,9,17,,2,1630,1330,COF,G,,,8,281,,,,B,4985,05,L,42,0,0,000000000,00000000000,0,0,0,1,0,0,0,0,0,0,0,65,0,0,0,12,6,2,12,0,0,0,1,12,33823,6,1,0,0,3,0,67,999,0,6,0,6,1,9,2009,4,2012,0,0,0,0,0,3,2,65,1,1,8,2,0,0,1,54,1,1,1,98,0,0
12,120884,4,5,1,27,5,23,11,12,1,1,0,12,1,37,709,37709,80,2007,1HFSC52677A4,1,H,F,S,C,5,2,6,7,7,A,4,0,M,HOND,13R,RS,7,17,,,,,,,1312,,2,,4,669,,,,,,,0,0,000000000,00000000000,0,0,0,1,0,0,0,0,0,0,0,65,0,0,0,12,6,2,1,0,0,0,1,12,33032,6,1,0,0,3,3,70,999,0,0,0,0,0,0,0,0,0,0,0,0,0,0,3,2,65,1,1,8,2,0,0,1,61,1,1,1,98,1,0
12,120884,5,5,1,27,5,23,11,12,1,1,0,12,1,34,34,34034,6,2000,WBAAR3342YJB,W,B,A,A,R,3,3,4,2,Y,J,B,0,P,BMW,23T,SW,0,17,3351,,0,1073,,G,,F,6,152,,,16R205,,,,,,0,0,000000000,00000000000,0,0,0,1,0,0,0,0,0,0,0,65,0,0,0,12,4,3,54,0,0,0,1,12,33431,6,1,0,0,3,0,71,999,0,0,0,0,0,0,0,0,0,0,0,0,0,0,3,2,65,1,1,8,2,0,0,1,90,1,1,1,98,0,0
12,120885,1,1,1,27,5,18,0,1,0,1,0,1,1,98,709,98709,80,2007,1B9KBVC387D2,1,B,9,K,B,V,C,3,8,7,D,2,0,U,,,,7,17,,,,,,,,,,,,,,,,,,,0,0,000000000,00000000000,0,0,0,1,0,0,0,0,0,0,0,20,0,0,0,0,6,2,1,0,0,0,1,1,36344,3,1,0,0,2,0,63,999,0,1,0,0,0,9,2010,9,2010,0,6,0,0,0,1,2,45,1,1,8,1,0,0,1,13,1,3,4,2,1,1
12,120886,1,1,1,27,5,15,20,42,0,1,0,12,1,59,31,59031,4,1997,JT8BF22G6V00,J,T,8,B,F,2,2,G,6,V,0,0,0,P,LEXS,ES3,4D,97,17,3296,,0,1051,,G,,F,6,183,,,15R205,,,,,,0,0,000000000,00000000000,0,0,0,1,0,0,0,0,0,0,0,70,0,0,0,81,6,2,42,0,0,0,1,12,34235,6,1,0,0,3,0,66,999,0,1,0,0,0,6,2011,6,2011,0,6,0,0,0,3,2,70,1,1,8,1,0,0,1,13,7,4,4,2,1,1
12,120887,1,1,1,27,5,21,13,34,0,1,0,12,1,23,421,23421,15,1995,1GKCS18W4S25,1,G,K,C,S,1,8,W,4,S,2,5,0,T,GMC,JMY,2W,95,17,,1,0,1005,JMY,G,,,6,262,,,,B,00000,00,M,42,0,0,000000000,00000000000,0,0,0,1,0,0,0,0,0,0,0,25,0,0,0,12,6,2,34,0,0,1,1,12,32131,6,1,0,0,3,3,64,999,0,0,0,0,0,0,0,0,0,0,0,0,0,0,1,2,25,3,1,8,2,0,0,14,13,1,1,4,1,1,1
12,120888,1,1,2,27,5,14,19,52,0,1,0,12,2,12,401,12401,14,1998,1FMPU18L3WLA,1,F,M,P,U,1,8,L,3,W,L,A,0,P,FORD,EPT,UT,98,17,5177,,0,1190,,G,,F,8,330,,,16R255,,,,,,0,0,000000000,00000000000,0,0,0,1,0,0,0,0,0,0,0,50,0,1,5,9,6,2,1,0,0,0,1,12,33584,6,1,0,0,3,3,69,999,0,1,0,0,0,6,2011,6,2011,0,80,0,0,0,3,4,70,1,1,8,1,0,0,1,1,1,1,4,1,1,0
12,120889,1,2,2,27,5,16,32,12,6,1,0,13,3,41,55,41055,5,2011,JM1DE1HY2B01,J,M,1,D,E,1,H,Y,2,B,0,1,0,P,MAZD,MA2,4H,11,17,2306,,0,980,,G,,F,4,092,,,15R185,,,,,,0,0,000000000,00000000000,0,0,0,1,0,0,0,0,0,0,0,45,0,0,0,12,6,2,12,0,0,0,1,48,78660,6,1,0,0,3,3,999,999,0,0,0,0,0,0,0,0,0,0,39,0,0,0,1,2,45,1,1,8,1,3,3,1,17,1,1,1,83,1,0
12,120889,2,2,1,27,5,16,32,12,6,1,0,23,1,51,46,51046,4,2006,YV1MS382X621,Y,V,1,M,S,3,8,2,X,6,2,1,0,P,VOLV,S42,4D,6,17,3225,,0,1039,,G,,F,5,149,,,16R205,,,,,,0,0,000000000,00000000000,0,0,0,1,0,0,0,0,0,0,0,10,0,0,0,9,6,2,12,0,0,0,1,23,3903,6,1,0,0,3,0,65,135,0,1,0,1,0,9,2009,10,2009,0,0,0,0,0,1,2,45,1,1,8,1,3,3,11,66,1,1,1,82,0,0
12,120890,1,1,1,31,5,23,52,23,0,1,0,12,1,53,706,53706,80,2008,JS1GT77A5821,J,S,1,G,T,7,7,A,5,8,2,1,0,M,SUZI,XR1,RC,8,17,,,,,,,999,,4,,4,379,,,,,,,0,0,000000000,00000000000,0,0,0,1,0,0,0,0,0,0,0,90,0,0,0,81,6,2,23,0,0,0,1,12,34771,6,1,0,0,3,0,71,999,0,0,0,1,0,8,2009,8,2009,1,0,0,0,0,3,3,45,3,6,8,1,28,3,14,13,1,1,4,1,1,0
12,120891,1,2,1,1,6,4,40,12,1,1,0,12,2,82,881,82881,66,2000,1FUYSSEB2YPB,1,F,U,Y,S,S,E,B,2,Y,P,B,1,T,FRHT,FC2,TR,0,17,,8,0,0,CON,D,,,6,774,,,,,00000,00,,64,1,12,1924079,121924079,3,6,1,1,0,0,0,0,0,0,0,10,0,0,0,6,6,2,12,0,0,0,1,12,33185,6,1,6,3,3,3,72,999,0,0,0,0,0,0,0,0,0,0,22,0,0,0,3,3,70,1,1,8,1,0,0,1,53,1,1,1,25,0,0
12,120891,2,2,2,1,6,4,40,12,1,1,0,12,1,49,442,49442,20,2011,5TDKK3DCXBS0,5,T,D,K,K,3,D,C,X,B,S,0,0,P,TOYT,SIE,SV,11,17,4365,,0,1193,,G,,F,6,214,,,17R235,,,,,,0,0,000000000,00000000000,0,0,0,1,0,0,0,0,0,0,0,70,0,0,0,12,6,2,12,0,0,0,1,12,32909,6,1,0,0,3,0,66,999,0,0,0,3,0,2,2010,7,2011,0,0,0,0,0,3,3,70,1,1,8,1,0,0,1,51,1,1,1,24,2,1
12,120892,1,1,1,1,6,23,24,42,0,1,0,12,2,20,9,20009,2,2001,2G1FP22G1121,2,G,1,F,P,2,2,G,1,1,2,1,0,P,CHEV,Z28,CP,1,17,3439,,0,1011,,G,,F,8,350,,,16R235,,,,,,0,0,000000000,00000000000,0,0,0,1,0,0,0,0,0,0,0,85,0,0,0,12,6,2,42,0,0,0,1,12,34491,6,1,0,0,3,0,64,999,1,0,0,0,0,12,2010,12,2010,0,58,6,0,0,4,2,55,3,6,8,2,0,0,14,13,7,4,4,2,1,0
12,120893,1,2,4,1,6,21,55,12,6,1,0,12,2,52,34,52034,4,2000,4A3AA46L6YE1,4,A,3,A,A,4,6,L,6,Y,E,1,0,P,MITS,EGT,4D,0,17,3252,,0,1037,,G,,F,6,181,,,16R205,,,,,,0,0,000000000,00000000000,0,0,0,1,0,0,0,0,0,0,0,45,0,0,0,9,6,2,12,0,0,0,1,12,32825,6,1,0,0,3,0,71,999,0,0,0,0,0,0,0,0,0,0,6,0,0,0,2,2,45,1,1,8,1,0,0,1,13,6,1,2,64,1,0
12,120893,2,2,3,1,6,21,55,12,6,1,0,12,2,6,442,6442,20,2001,1C4GJ25BX1B1,1,C,4,G,J,2,5,B,X,1,B,1,0,P,CHRY,VOV,SV,1,17,3815,,0,1133,,G,,F,4,148,,,15R215,,,,,,0,0,000000000,00000000000,0,0,0,1,0,0,0,0,0,0,0,45,0,0,0,12,6,2,12,0,0,0,1,12,32832,6,1,0,0,3,0,62,999,0,0,0,0,0,0,0,0,0,0,0,0,0,0,2,2,45,1,1,8,1,0,0,1,62,1,1,1,65,0,0
12,120894,1,1,2,1,6,21,45,35,0,1,0,12,2,49,33,49033,2,1990,JT2AT86F0L00,J,T,2,A,T,8,6,F,0,L,0,0,0,P,TOYT,CSF,CP,90,17,2500,,0,994,,G,,F,4,097,,,13R165,,,,,,0,0,000000000,00000000000,0,0,0,1,0,0,0,0,0,0,0,35,0,0,0,12,6,2,35,0,0,0,1,13,31904,1,1,0,0,2,0,64,999,98,3,1,0,1,5,2010,8,2011,0,6,0,0,0,1,2,35,2,1,8,1,0,0,14,12,1,1,4,6,1,1
12,120896,1,3,1,1,6,14,16,12,8,1,0,12,3,7,26,7026,4,2012,1C3CDZAB7CN2,1,C,3,C,D,Z,A,B,7,C,N,2,0,P,DODG,AVN,4D,12,17,3394,,0,1089,,G,,F,4,146,,,17R215,,,,,,0,0,000000000,00000000000,0,0,0,1,0,0,0,0,0,0,0,998,0,0,0,61,6,2,12,0,0,0,1,36,11961,6,1,0,0,3,0,64,999,0,0,0,0,0,0,0,0,0,0,28,0,0,0,1,2,60,1,1,8,2,0,0,1,10,1,1,2,64,1,1
12,120896,2,3,1,1,6,14,16,12,8,1,0,12,3,12,461,12461,21,2005,1FTNE24W45HB,1,F,T,N,E,2,4,W,4,5,H,B,0,T,FORD,25V,CG,5,17,,2,0,1380,VAN,G,,,8,281,,,,C,00000,00,E,42,0,0,000000000,00000000000,0,0,0,1,0,0,0,0,0,0,0,998,0,0,0,61,6,2,12,0,0,0,1,12,32878,6,1,0,0,3,0,64,999,0,0,0,0,0,0,0,0,0,0,0,0,0,0,1,2,60,1,1,8,2,0,0,1,62,1,1,1,65,0,0
12,120896,3,3,2,1,6,14,16,12,8,1,0,12,1,14,6,14006,4,1998,2MEFM74W8WX6,2,M,E,F,M,7,4,W,8,W,X,6,0,P,MERC,GMG,4D,98,17,3917,,0,1144,,G,,F,8,281,,,16R225,,,,,,0,0,000000000,00000000000,0,0,0,1,0,0,0,0,0,0,0,998,0,0,0,12,6,2,12,0,0,0,1,12,34668,6,1,0,0,3,0,65,999,0,0,0,0,0,0,0,0,0,0,0,0,0,0,1,2,60,1,1,8,2,0,0,1,54,1,1,1,98,0,0
12,120897,1,1,1,1,6,7,5,9,0,1,0,12,1,52,402,52402,14,2005,4A4MM21S15E0,4,A,4,M,M,2,1,S,1,5,E,0,0,P,MITS,END,UT,5,17,3869,,0,1083,,G,,F,6,231,,,17R235,,,,,,0,0,000000000,00000000000,0,0,0,1,0,0,0,0,0,0,0,50,0,0,0,12,4,3,9,0,0,0,1,12,32464,6,1,0,0,3,3,60,999,0,0,0,0,0,0,0,0,0,0,6,0,0,0,1,2,55,1,1,8,2,0,0,1,11,1,1,4,13,0,0
12,120898,1,2,1,2,6,3,15,12,1,1,0,36,3,85,881,85881,66,2009,1XKDD09X19J2,1,X,K,D,D,0,9,X,1,9,J,2,1,T,KW,T80,TR,9,17,,8,2600,1600,CON,D,,,6,659,,,,,00000,00,,64,1,36,33203,3633203,3,6,2,1,0,0,0,0,0,0,0,65,7,0,0,12,6,2,12,0,0,0,1,12,32796,6,1,6,3,3,0,69,999,0,0,0,0,0,0,0,0,0,0,28,0,0,0,3,2,70,1,1,8,1,0,0,1,11,1,1,4,20,0,0
12,120898,2,2,1,2,6,3,15,12,1,1,0,12,1,52,40,52040,4,2001,6MMAP57P41T0,6,M,M,A,P,5,7,P,4,1,T,0,0,P,MITS,DES,4D,1,17,3461,,0,1071,,G,,F,6,213,,,15R205,,,,,,0,0,000000000,00000000000,0,0,0,1,0,0,0,0,0,0,0,0,0,0,0,6,6,2,12,0,0,0,1,12,32780,6,1,0,0,3,0,71,999,0,0,0,0,0,0,0,0,0,0,0,0,0,0,3,2,70,1,1,8,1,0,0,5,60,1,1,5,21,1,1
12,120900,1,2,1,3,6,14,50,12,98,1,0,12,1,76,706,76706,80,2002,JYAVP11E32A0,J,Y,A,V,P,1,1,E,3,2,A,0,0,M,YAMA,XVA,RS,2,17,,,,,,,1063,,2,,4,600,,,,,,,0,0,000000000,00000000000,0,0,0,1,0,0,0,0,0,0,0,60,0,0,0,99,4,3,1,0,0,0,1,12,34134,6,1,6,0,3,0,77,999,0,0,0,0,0,0,0,0,0,0,0,0,0,0,1,2,60,1,1,8,1,0,0,6,51,1,1,1,44,0,1
12,120900,2,2,1,3,6,14,50,12,98,1,0,12,1,72,706,72706,80,2005,1HD1BJY1X5Y0,1,H,D,1,B,J,Y,1,X,5,Y,0,0,M,HD,STC,RS,5,17,,,,,,,1450,,2,,4,696,,,,,,,0,0,000000000,00000000000,0,0,0,1,0,0,0,0,0,0,0,60,0,0,0,99,6,2,1,0,0,0,1,12,34135,6,1,6,0,3,0,70,999,0,0,0,0,0,0,0,0,0,0,0,0,0,0,1,2,60,1,1,8,1,0,0,1,53,1,1,1,45,1,1
12,120901,1,1,2,3,6,4,41,8,0,1,0,12,2,18,401,18401,14,2002,3G5DB03E92S5,3,G,5,D,B,0,3,E,9,2,S,5,0,P,BUIC,RZV,UT,2,17,4250,,0,1122,,G,,F,6,204,,,16R215,,,,,,0,0,000000000,00000000000,0,0,0,1,0,0,0,0,0,0,0,45,0,0,0,12,2,1,8,0,0,0,1,12,32234,0,0,0,0,0,0,72,999,0,0,0,0,0,0,0,0,0,0,0,0,0,0,1,2,45,1,1,8,1,0,0,1,80,1,1,1,13,0,1