STATE,ST_CASE,VEH_NO,VE_FORMS,NUMOCCS,DAY,MONTH,HOUR,MINUTE,HARM_EV,MAN_COLL,UNITTYPE,HIT_RUN,REG_STAT,OWNER,MAKE,MODEL,MAK_MOD,BODY_TYP,MOD_YEAR,VIN,VIN_1,VIN_2,VIN_3,VIN_4,VIN_5,VIN_6,VIN_7,VIN_8,VIN_9,VIN_10,VIN_11,VIN_12,TOW_VEH,VINTYPE,VINMAKE,VINA_MOD,VIN_BT,VINMODYR,VIN_LNGT,VIN_WGT,WGTCD_TR,WHLBS_LG,WHLBS_SH,SER_TR,FUELCODE,MCYCL_DS,CARBUR,CYLINDER,DISPLACE,MCYCL_CY,MCYCL_WT,TIRE_SZE,TON_RAT,TRK_WT,TRKWTVAR,VIN_REST,WHLDRWHL,J_KNIFE,MCARR_I1,MCARR_I2,MCARR_ID,GVWR,V_CONFIG,CARGO_BT,HAZ_INV,HAZ_PLAC,HAZ_ID,HAZ_CNO,HAZ_REL,BUS_USE,SPEC_USE,EMER_USE,TRAV_SP,UNDERIDE,ROLLOVER,ROLINLOC,IMPACT1,DEFORMED,TOWED,M_HARM,VEH_SC1,VEH_SC2,FIRE_EXP,DR_PRES,L_STATE,DR_ZIP,L_STATUS,L_TYPE,CDL_STAT,L_ENDORS,L_COMPL,L_RESTRI,DR_HGT,DR_WGT,PREV_ACC,PREV_SUS,PREV_DWI,PREV_SPD,PREV_OTH,FIRST_MO,FIRST_YR,LAST_MO,LAST_YR,SPEEDREL,DR_SF1,DR_SF2,DR_SF3,DR_SF4,VTRAFWAY,VNUM_LAN,VSPD_LIM,VALIGN,VPROFILE,VPAVETYP,VSURCOND,VTRAFCON,VTCONT_F,P_CRASH1,P_CRASH2,P_CRASH3,PCRASH4,PCRASH5,ACC_TYPE,DEATHS,DR_DRINK
12,120937,1,1,4,7,6,14,15,1,0,1,0,12,2,49,472,49472,30,2001,5TEGM92N41Z8,5,T,E,G,M,9,2,N,4,1,Z,8,0,T,TOYT,DCP,CW,1,17,,1,0,1219,TAC,G,,,4,164,,,,B,3430,00,E,42,0,0,000000000,00000000000,0,0,0,1,0,0,0,0,0,0,0,60,0,1,2,0,6,2,1,0,0,0,1,12,33331,6,1,0,0,3,0,69,999,0,0,0,0,0,0,0,0,0,0,6,0,0,0,1,2,98,1,1,4,11,0,0,1,90,6,3,4,2,1,0
12,120938,1,1,1,7,6,22,40,1,0,1,0,12,1,55,36,55036,3,2004,KMHCG35C04U3,K,M,H,C,G,3,5,C,0,4,U,3,6,P,HYUN,AGL,2H,4,17,2339,,0,961,,G,,F,4,098,,,13R175,,,,,,2,0,000000000,00000000000,0,0,0,1,0,0,0,0,0,0,0,80,0,1,3,0,6,2,1,0,0,0,1,12,32948,6,1,0,0,3,0,67,999,0,0,0,0,0,0,0,0,0,0,6,0,0,0,3,2,70,1,1,8,2,0,0,15,12,1,4,4,7,1,0
12,120939,1,1,1,8,6,2,50,42,0,1,0,12,2,12,471,12471,30,2003,1FTYR14E33PA,1,F,T,Y,R,1,4,E,3,3,P,A,0,T,FORD,RNS,PC,3,17,,1,0,1257,RNG,G,,,6,245,,,,B,3085,00,U,42,0,0,000000000,00000000000,0,0,0,1,0,0,0,0,0,0,0,55,0,1,6,12,6,2,42,0,0,0,1,12,32145,6,1,0,0,3,0,68,999,0,0,0,0,1,1,2012,1,2012,0,0,0,0,0,1,2,60,2,1,8,1,0,0,14,12,1,1,4,6,1,1
12,120940,1,3,2,10,6,20,32,12,7,1,0,12,1,35,39,35039,4,2002,JN1DA31D72T4,J,N,1,D,A,3,1,D,7,2,T,4,0,P,NISS,MGS,4D,2,17,3103,,0,1083,,G,,F,6,214,,,16R215,,,,,,0,0,000000000,00000000000,0,0,0,1,0,0,0,0,0,0,0,65,0,1,1,81,6,2,12,0,0,0,1,12,34475,0,0,0,0,0,0,999,999,0,0,0,0,0,0,0,0,0,1,6,35,33,0,1,2,45,1,5,8,1,0,0,6,11,1,1,2,46,0,1
12,120940,2,3,1,10,6,20,32,12,7,1,0,13,2,59,403,59403,14,2010,2T2ZK1BA5AC0,2,T,2,Z,K,1,B,A,5,A,C,0,0,P,LEXS,RX5,UT,10,17,4340,,0,1079,,G,,F,6,211,,,18R235,,,,,,0,0,000000000,00000000000,0,0,0,1,0,0,0,0,0,0,0,45,0,0,0,61,4,1,12,0,0,0,1,12,32413,6,1,0,0,3,0,72,999,0,0,0,0,0,0,0,0,0,0,0,0,0,0,1,2,45,1,5,8,1,0,0,1,60,1,1,1,45,0,0
12,120940,3,3,1,10,6,20,32,12,7,1,0,12,2,41,45,41045,1,1991,JM1NA3516M12,J,M,1,N,A,3,5,1,6,M,1,2,0,P,MAZD,MIA,CV,91,17,2093,,0,892,,G,,F,4,098,,,14R185,,,,,,0,0,000000000,00000000000,0,0,0,1,0,0,0,0,0,0,0,45,0,0,0,12,6,2,12,0,0,0,1,12,32681,6,1,0,0,3,0,70,999,0,0,0,0,0,0,0,0,0,0,0,0,0,0,1,2,45,1,6,8,1,0,0,1,54,1,1,1,98,1,1
12,120941,1,2,3,13,6,16,40,12,6,1,0,12,2,12,3,12003,2,1995,1FALP4049SF2,1,F,A,L,P,4,0,4,9,S,F,2,0,P,FORD,MUS,CP,95,17,3077,,0,1013,,G,,F,6,232,,,15R205,,,,,,0,0,000000000,00000000000,0,0,0,1,0,0,0,0,0,0,0,10,0,0,0,2,6,2,12,0,0,0,1,12,32455,6,1,0,0,3,0,65,999,0,0,0,0,0,0,0,0,0,0,38,0,0,0,1,2,55,1,3,8,1,0,0,11,15,1,1,1,68,0,0
12,120941,2,2,2,13,6,16,40,12,6,1,0,12,1,37,705,37705,80,2004,1HFSC43014A4,1,H,F,S,C,4,3,0,1,4,A,4,0,M,HOND,VT2,RS,4,17,,,,,,,1099,,2,,4,573,,,,,,,0,0,000000000,00000000000,0,0,0,1,0,0,0,0,0,0,0,55,0,0,0,12,6,2,12,0,0,0,1,12,32455,6,1,0,0,3,3,67,999,0,0,0,0,0,0,0,0,0,0,0,0,0,0,1,2,55,1,3,8,1,0,0,1,62,1,1,1,69,1,0
12,120942,1,1,1,18,3,23,27,9,0,1,0,12,1,7,461,7461,21,2001,2B6HB11X81K5,2,B,6,H,B,1,1,X,8,1,K,5,0,T,DODG,15B,CG,1,17,,2,1272,1093,RMV,G,,,6,239,,,,B,4032,03,U,42,0,0,000000000,00000000000,0,0,0,1,0,0,0,0,0,0,0,50,0,0,0,12,4,3,9,0,0,0,1,12,33710,6,1,0,0,3,0,69,999,0,0,0,0,0,0,0,0,0,0,0,0,0,0,2,2,45,1,1,8,1,3,3,1,83,1,1,1,13,0,0
12,120943,1,1,2,26,4,20,34,8,0,1,1,12,2,12,471,12471,30,1996,1FTCR10U2TUA,1,F,T,C,R,1,0,U,2,T,U,A,0,T,FORD,RNG,PK,96,17,,1,1140,1080,RNG,G,,,6,182,,,,B,2961,00,B,42,0,0,000000000,00000000000,0,0,0,1,0,0,0,0,0,0,0,45,0,0,0,12,2,3,8,0,0,0,1,1,36572,6,1,0,0,3,0,69,175,0,0,0,0,0,0,0,0,0,0,6,0,0,0,1,2,45,1,1,8,1,0,0,6,13,1,1,4,1,0,1
12,120944,1,1,1,26,4,19,23,9,0,1,0,12,3,12,881,12881,62,2005,3FRWF65F45V2,3,F,R,W,F,6,5,F,4,5,V,2,0,T,FORD,F66,CC,5,17,,6,0,0,COF,D,,,6,359,,,,D,00000,00,,42,0,88,888888888,88888888888,2,1,97,1,0,0,0,0,0,0,0,10,0,0,0,2,2,1,9,0,0,0,1,12,32404,6,1,0,0,3,3,62,999,0,0,0,0,0,0,0,0,0,0,0,0,0,0,1,2,45,1,1,8,1,20,3,10,98,1,1,1,13,0,0
12,120945,1,1,1,4,5,0,3,8,0,1,0,12,1,49,40,49040,4,2006,4T1BE32K26U1,4,T,1,B,E,3,2,K,2,6,U,1,0,P,TOYT,UXS,4D,6,17,3108,,0,1071,,G,,F,4,144,,,15R205,,,,,,0,0,000000000,00000000000,0,0,0,1,0,0,0,0,0,0,0,45,0,0,0,12,6,2,8,0,0,0,1,12,32168,6,1,0,0,3,0,72,999,0,0,0,3,0,9,2009,7,2010,0,0,0,0,0,2,2,45,1,1,8,1,3,3,1,80,1,1,1,13,0,0
12,120946,1,1,1,16,5,22,25,8,0,1,0,12,1,30,32,30032,2,1967,117489795,1,1,7,4,8,9,7,9,5,,,,0,P,VOLK,TP1,2D,67,9,1698,,0,945,,G,,1,4,091,,,155.60,,,,,,0,0,000000000,00000000000,0,0,0,1,0,0,0,0,0,0,0,35,0,0,0,12,4,1,8,0,0,0,1,12,33764,6,1,0,0,3,0,77,999,0,0,0,1,1,6,2010,8,2010,0,0,0,0,0,1,4,35,1,1,8,2,3,3,1,80,1,1,1,13,0,1
12,120947,1,1,1,19,5,12,10,8,0,1,0,12,1,12,471,12471,30,2003,1FTYR44V53PB,1,F,T,Y,R,4,4,V,5,3,P,B,0,T,FORD,RNS,4C,3,17,,1,0,1257,RNG,F,,,6,182,,,,B,3547,00,U,42,0,0,000000000,00000000000,0,0,0,1,0,0,0,0,0,0,0,15,0,0,0,12,2,3,8,0,0,0,1,12,32118,6,1,0,0,3,0,71,999,1,1,0,0,1,8,2010,8,2010,0,0,0,0,0,5,4,35,1,1,8,1,20,3,11,15,1,1,1,13,0,0
12,120948,1,1,2,30,5,21,8,15,0,1,0,12,1,63,31,63031,4,2000,KNAFB1219Y58,K,N,A,F,B,1,2,1,9,Y,5,8,0,P,KIA,SPL,4D,0,17,2478,,0,1008,,G,,F,4,109,,,14R185,,,,,,0,0,000000000,00000000000,0,0,0,1,0,0,0,0,0,0,0,40,0,0,0,12,4,3,15,0,0,0,1,12,32404,6,1,0,0,3,0,70,999,0,0,0,0,0,0,0,0,0,0,0,0,0,0,1,2,35,1,1,8,1,0,0,1,83,1,1,1,13,0,0
12,120949,1,1,4,1,6,16,25,34,0,1,0,12,2,12,422,12422,15,2001,1FMEU17L81LA,1,F,M,E,U,1,7,L,8,1,L,A,0,P,FORD,EPT,UT,1,17,4886,,0,1191,,G,,F,8,330,,,17R275,,,,,,0,0,000000000,00000000000,0,0,0,1,0,0,0,0,0,0,0,87,0,0,0,4,6,2,42,0,0,0,1,12,32332,6,7,0,0,2,0,57,999,0,0,0,0,0,0,0,0,0,1,6,0,0,0,1,2,45,1,6,8,2,0,0,1,13,6,4,4,7,1,0
12,120950,1,1,1,7,6,6,10,8,0,1,0,12,1,59,35,59035,4,2009,JTHBK262X950,J,T,H,B,K,2,6,2,X,9,5,0,0,P,LEXS,I25,4D,9,17,3455,,0,1075,,G,,F,6,152,,,17R225,,,,,,0,0,000000000,00000000000,0,0,0,1,0,0,0,0,0,0,0,50,0,0,0,12,4,3,8,0,0,0,1,12,33319,6,1,0,0,3,3,62,999,0,0,0,0,0,0,0,0,0,0,0,0,0,0,2,2,45,1,1,8,1,3,3,1,80,7,1,1,13,0,0
12,120951,1,1,1,8,6,21,45,8,0,1,0,12,1,12,401,12401,14,2008,1FMEU33E28UA,1,F,M,E,U,3,3,E,2,8,U,A,0,P,FORD,EPR,UT,8,17,4516,,0,1305,,G,,F,6,244,,,18R235,,,,,,0,0,000000000,00000000000,0,0,0,1,0,0,0,0,0,0,0,40,0,0,0,12,4,1,8,0,0,0,1,12,33901,6,1,0,0,3,3,67,999,0,0,0,0,0,0,0,0,0,0,0,0,0,0,1,4,40,1,1,8,1,0,0,1,80,1,1,1,13,0,0
12,120952,1,1,1,11,6,5,35,34,0,1,0,12,2,35,47,35047,4,2009,1N4AL21E19N5,1,N,4,A,L,2,1,E,1,9,N,5,0,P,NISS,ATS,4D,9,17,3179,,0,1093,,G,,F,4,153,,,16R215,,,,,,0,0,000000000,00000000000,0,0,0,1,0,0,0,0,0,0,0,94,0,1,5,14,6,2,1,0,0,0,1,12,33065,6,1,0,0,3,0,70,999,0,0,0,0,0,0,0,0,0,0,6,0,0,0,3,3,65,1,1,8,1,0,0,1,13,1,1,4,1,1,1
12,120953,1,1,2,12,6,19,56,24,0,1,0,12,1,2,404,2404,14,1996,1J4FX58S4TC2,1,J,4,F,X,5,8,S,4,T,C,2,0,T,JEEP,LRO,4W,96,17,,1,0,1059,GCK,G,,,6,242,,,,,3510,00,E,42,0,0,000000000,00000000000,0,0,0,1,0,0,0,0,0,0,0,70,0,1,3,12,6,2,1,0,0,0,1,12,33534,6,1,0,0,3,0,73,999,0,1,0,0,0,8,2010,8,2010,1,36,0,0,0,6,2,40,2,6,8,1,0,0,14,6,4,1,4,6,1,1
12,120954,1,1,1,13,6,10,5,8,0,1,0,12,3,20,2,20002,4,2006,2G1WS5517693,2,G,1,W,S,5,5,1,7,6,9,3,0,P,CHEV,I/P,4D,6,17,3466,,0,1105,,G,,F,6,238,,,16R225,,,,,,0,0,000000000,00000000000,0,0,0,1,0,0,0,0,0,5,1,50,0,0,0,12,6,2,8,0,0,0,1,12,32202,6,1,0,0,3,0,70,999,0,0,0,0,0,0,0,0,0,0,16,0,0,0,1,2,35,2,1,8,1,0,0,14,80,7,1,1,13,0,0
12,120955,1,1,7,15,6,14,50,1,0,1,0,12,3,12,401,12401,14,1998,1FMZU32P1WZA,1,F,M,Z,U,3,2,P,1,W,Z,A,0,P,FORD,EPR,UT,98,17,3911,,0,1115,,G,,F,8,302,,,15R225,,,,,,0,0,000000000,00000000000,0,0,0,1,0,0,0,0,0,0,0,40,0,1,5,0,6,2,1,0,0,0,1,12,33619,6,1,0,0,3,0,68,999,0,0,0,0,0,0,0,0,0,0,0,0,0,0,1,2,35,1,1,8,1,0,0,1,13,6,1,4,1,1,0
12,120956,1,1,2,16,6,21,38,5,0,1,0,99,9,98,998,98998,97,1992,AG0013878675,A,G,0,0,1,3,8,7,8,6,7,5,0,U,,,,92,12,,,,,,,,,,,,,,,,,,,0,0,000000000,00000000000,0,0,0,1,0,0,0,0,0,0,0,12,0,0,0,0,0,1,5,0,0,0,1,12,34638,1,1,0,0,2,0,79,999,0,0,0,0,0,0,0,0,0,0,6,0,0,0,1,2,30,1,1,8,1,0,0,11,98,1,1,1,0,1,1
12,120957,1,1,1,17,6,5,0,42,0,1,0,12,1,72,706,72706,80,2007,1HD1GP4117K3,1,H,D,1,G,P,4,1,1,7,K,3,0,M,HD,FWG,RS,7,17,,,,,,,1584,,2,,4,650,,,,,,,0,0,000000000,00000000000,0,0,0,1,0,0,0,0,0,0,0,999,0,0,0,12,6,2,1,0,0,0,1,12,32277,6,1,0,0,3,0,71,999,0,0,0,0,0,0,0,0,0,0,0,0,0,0,2,1,30,3,1,8,1,0,0,14,12,1,1,4,6,1,1
12,120958,1,1,1,7,1,22,25,25,0,1,0,12,1,72,706,72706,80,2008,1HD1KB4108Y6,1,H,D,1,K,B,4,1,0,8,Y,6,0,M,HD,FHX,RS,8,17,,,,,,,1584,,2,,4,786,,,,,,,0,0,000000000,00000000000,0,0,0,1,0,0,0,0,0,0,0,10,0,0,0,62,6,2,25,0,0,0,1,12,32250,6,1,0,0,3,0,68,999,0,0,0,2,0,3,2009,6,2010,0,0,0,0,0,3,2,15,2,1,8,1,0,0,14,12,1,1,4,6,1,1
12,120959,1,2,3,11,1,14,49,12,7,1,0,12,2,20,481,20481,31,1999,1GCGC29R1XF0,1,G,C,G,C,2,9,R,1,X,F,0,0,T,CHEV,GC2,3C,99,17,,2,0,1555,GM4,G,,,8,350,,,,C,5084,00,,42,0,0,000000000,00000000000,0,0,0,1,0,0,0,0,0,0,0,15,0,0,0,10,6,2,5,0,0,0,1,12,32174,6,1,0,0,3,0,65,999,0,0,0,0,0,0,0,0,0,0,6,0,0,0,1,2,25,1,1,8,1,0,0,1,50,1,1,1,48,1,0
12,120959,2,2,1,11,1,14,49,12,7,1,0,12,1,7,482,7482,31,2006,1D7HA18NX6S5,1,D,7,H,A,1,8,N,X,6,S,5,0,T,DODG,SQ1,CW,6,17,,2,1405,1205,RPC,G,,,8,287,,,,B,4833,02,E,42,0,0,000000000,00000000000,0,0,0,1,0,0,0,0,0,0,0,0,0,0,0,9,4,1,12,0,0,0,1,12,32174,6,1,0,0,3,0,68,999,0,0,0,0,0,0,0,0,0,0,0,0,0,0,1,2,25,1,1,8,1,0,0,5,53,1,1,1,48,0,0
12,120960,1,1,2,12,2,3,44,31,0,1,0,12,2,69,38,69038,2,2006,ZHWGU12N16LA,Z,H,W,G,U,1,2,N,1,6,L,A,0,P,LAMO,GAL,CP,6,17,3153,,0,1008,,G,,F,10,303,,,19R235,,,,,,0,0,000000000,00000000000,0,0,0,1,0,0,0,0,0,0,0,100,0,0,0,12,6,2,2,0,0,1,1,12,32174,6,1,0,0,3,0,71,999,0,0,0,0,0,0,0,0,0,1,8,0,0,0,2,2,40,2,1,8,1,0,0,14,12,1,1,4,6,1,1
12,120961,1,1,1,13,5,0,0,8,0,1,0,12,2,12,3,12003,2,2006,1ZVFT80N1652,1,Z,V,F,T,8,0,N,1,6,5,2,0,P,FORD,MUS,CP,6,17,3351,,0,1071,,G,,F,6,244,,,16R215,,,,,,0,0,000000000,00000000000,0,0,0,1,0,0,0,0,0,0,0,35,0,0,0,12,4,1,8,0,0,0,1,12,33167,6,1,0,0,3,0,65,999,0,0,0,0,0,0,0,0,0,0,0,0,0,0,3,2,40,3,1,8,1,0,0,14,80,1,1,1,13,0,0
12,120962,1,2,1,18,5,13,3,12,6,1,0,12,2,20,2,20002,4,2010,2G1WA5EK0A11,2,G,1,W,A,5,E,K,0,A,1,1,0,P,CHEV,IPL,4D,10,17,3555,,0,1105,,F,,F,6,214,,,16R225,,,,,,0,0,000000000,00000000000,0,0,0,1,0,0,0,0,0,0,0,3,0,0,0,3,6,2,12,0,0,0,1,50,5478,6,1,0,0,3,3,67,999,0,0,0,0,0,0,0,0,0,0,38,0,0,0,3,3,45,1,1,8,1,0,0,11,15,1,1,1,68,1,0
12,120962,2,2,1,18,5,13,3,12,6,1,0,12,2,51,401,51401,14,2004,YV1CY59HX410,Y,V,1,C,Y,5,9,H,X,4,1,0,0,P,VOLV,XC9,UT,4,17,4354,,0,1125,,G,,T,5,153,,,17R235,,,,,,0,0,000000000,00000000000,0,0,0,1,0,0,0,0,0,0,0,45,0,0,0,12,6,2,12,0,0,0,1,12,33309,6,1,0,0,3,0,68,999,0,0,0,0,0,0,0,0,0,0,0,0,0,0,3,3,45,1,1,8,1,0,0,1,66,1,1,1,69,0,0
12,120963,1,1,1,26,5,16,10,44,0,1,0,99,9,53,739,53739,90,2012,999999999999,9,9,9,9,9,9,9,9,9,9,9,9,0,,,,,,,,,,,,,,,,,,,,,,,,,0,0,000000000,00000000000,0,0,0,1,0,0,0,0,0,0,0,20,0,1,1,0,4,3,1,0,0,0,1,12,34117,0,0,0,0,0,0,999,999,0,0,0,0,0,0,0,0,0,0,6,0,0,0,1,2,30,1,1,5,1,0,0,1,5,1,1,1,0,1,0
12,120964,1,1,15,3,6,7,40,1,0,1,0,12,1,7,461,7461,21,1997,2B5WB35Z1VK5,2,B,5,W,B,3,5,Z,1,V,K,5,0,P,DODG,RMW,SV,97,17,4817,,0,1272,,G,,F,8,360,,,000000,,,,,,0,88,888888888,88888888888,2,20,22,1,0,0,0,0,0,0,0,70,0,1,5,0,6,2,1,0,0,0,1,12,33403,6,1,0,0,3,0,71,999,0,0,0,0,0,0,0,0,0,0,58,0,0,0,3,3,70,1,1,8,1,0,0,1,13,7,1,4,1,3,0
12,120965,1,5,1,11,6,7,52,12,1,1,0,12,2,12,471,12471,30,2002,1FTYR44U52TA,1,F,T,Y,R,4,4,U,5,2,T,A,0,T,FORD,RNS,4C,2,17,,1,0,1257,RNG,G,,,6,182,,,,B,3394,04,E,42,0,0,000000000,00000000000,0,0,0,1,0,0,0,0,0,0,0,55,0,0,0,12,6,2,12,0,0,0,1,12,33875,6,1,0,0,3,3,67,999,0,0,0,0,0,0,0,0,0,0,6,0,0,0,2,3,55,1,1,8,1,3,3,1,50,1,1,1,20,0,0
12,120965,2,5,1,11,6,7,52,12,1,1,0,12,3,12,402,12402,14,2011,1FMCU9DG5BKA,1,F,M,C,U,9,D,G,5,B,K,A,0,P,FORD,SPE,UT,11,17,3504,,0,1031,,F,,F,6,183,,,16R235,,,,,,0,0,000000000,00000000000,0,0,0,1,0,0,0,0,0,0,0,0,0,0,0,6,6,2,12,0,0,0,1,12,33852,6,1,0,0,3,3,81,999,0,0,0,1,0,7,2010,7,2010,0,0,0,0,0,2,3,55,1,1,8,1,3,3,5,53,1,1,1,21,1,0
12,120965,3,5,1,11,6,7,52,12,1,1,0,12,1,35,39,35039,4,1993,JN1HJ01F1PT1,J,N,1,H,J,0,1,F,1,P,T,1,0,P,NISS,MGX,4D,93,17,3024,,0,1043,,G,,F,6,181,,,15R205,,,,,,0,0,000000000,00000000000,0,0,0,1,0,0,0,0,0,0,0,0,0,0,0,6,6,2,12,0,0,0,1,12,33870,6,1,0,0,3,0,64,999,0,0,0,0,0,0,0,0,0,0,0,0,0,0,2,3,55,1,1,8,1,3,3,5,53,1,1,1,98,0,0
12,120965,4,5,1,11,6,7,52,12,1,1,0,12,1,12,17,12017,4,2003,1FAHP56S73A1,1,F,A,H,P,5,6,S,7,3,A,1,0,P,FORD,TEL,4D,3,17,3316,,0,1085,,G,,F,6,182,,,16R215,,,,,,0,0,000000000,00000000000,0,0,0,1,0,0,0,0,0,0,0,0,0,0,0,3,6,2,12,0,0,0,1,12,33875,6,1,0,0,3,0,73,999,0,0,0,0,0,0,0,0,0,0,0,0,0,0,2,3,55,1,1,8,1,3,3,5,61,1,1,1,98,0,0
12,120965,5,5,1,11,6,7,52,12,1,1,0,12,2,41,51,41051,4,2006,JM1BK12F0614,J,M,1,B,K,1,2,F,0,6,1,4,0,P,MAZD,M3I,4D,6,17,2696,,0,1039,,G,,F,4,122,,,16R195,,,,,,0,0,000000000,00000000000,0,0,0,1,0,0,0,0,0,0,0,0,0,0,0,6,4,8,12,0,0,0,1,12,33876,6,1,0,0,3,0,65,999,0,0,0,0,0,0,0,0,0,0,0,0,0,0,2,3,55,1,1,8,1,3,3,5,53,1,1,1,98,0,0
12,120967,1,2,2,15,6,0,0,12,1,1,0,12,1,12,401,12401,14,2003,1FMRU15L23LA,1,F,M,R,U,1,5,L,2,3,L,A,0,P,FORD,EPT,UT,3,17,5416,,0,1191,,G,,F,8,330,,,17R265,,,,,,0,0,000000000,00000000000,0,0,0,1,0,0,0,0,0,0,0,70,0,0,0,12,6,2,42,0,0,0,1,12,32608,6,1,0,0,3,0,76,999,0,0,0,0,0,0,0,0,0,0,6,58,0,0,2,3,70,1,1,8,2,0,0,1,12,7,1,6,24,1,0
12,120967,2,2,4,15,6,0,0,12,1,1,0,21,2,7,25,7025,5,2007,1B3HB28B67D1,1,B,3,H,B,2,8,B,6,7,D,1,0,P,DODG,CLB,4D,7,17,3000,,0,1037,,G,,F,4,122,,,15R205,,,,,,0,0,000000000,00000000000,0,0,0,1,0,0,0,0,0,0,0,65,0,0,0,6,6,2,12,0,0,0,1,12,33060,6,1,0,0,3,0,65,999,0,0,0,0,0,0,0,0,0,0,0,0,0,0,2,3,70,1,1,8,2,0,0,1,61,1,1,1,25,0,0
12,120968,1,1,1,19,6,2,17,33,0,1,0,12,2,6,43,6043,1,2004,1C3EL65R34N1,1,C,3,E,L,6,5,R,3,4,N,1,0,P,CHRY,SLT,CV,4,17,3380,,0,1060,,G,,F,6,167,,,16R205,,,,,,0,0,000000000,00000000000,0,0,0,1,0,0,0,0,0,0,0,50,0,1,5,14,6,2,1,0,0,0,1,12,32205,2,1,0,0,2,0,73,999,0,1,0,0,0,11,2010,11,2010,0,6,0,0,0,4,3,30,1,1,8,1,0,0,1,13,1,1,4,1,1,1
12,120969,1,1,1,29,1,21,55,8,0,1,0,12,2,20,20,20020,4,1998,2G1WL52M9W92,2,G,1,W,L,5,2,M,9,W,9,2,0,P,CHEV,L/S,4D,98,17,3330,,0,1075,,G,,F,6,191,,,15R205,,,,,,0,0,000000000,00000000000,0,0,0,1,0,0,0,0,0,0,0,40,0,0,0,12,4,3,8,0,0,0,1,12,32773,6,1,0,0,3,0,66,999,0,2,0,0,0,10,2009,12,2009,0,0,0,0,0,5,2,45,1,1,8,1,0,0,1,80,3,1,1,13,0,0
12,120970,1,2,1,13,4,22,48,12,6,1,0,12,1,59,31,59031,4,2005,JTHBA30G6550,J,T,H,B,A,3,0,G,6,5,5,0,0,P,LEXS,E33,4D,5,17,3472,,0,1071,,G,,F,6,201,,,17R215,,,,,,0,0,000000000,00000000000,0,0,0,1,0,0,0,0,0,0,0,10,0,0,0,4,6,2,12,0,0,0,1,12,33496,6,1,0,0,3,0,72,999,0,0,0,0,0,0,0,0,0,0,38,0,0,0,2,2,45,1,1,8,1,0,0,12,98,1,1,1,98,0,1
12,120970,2,2,1,13,4,22,48,12,6,1,0,12,1,73,705,73705,80,2001,JKAZX9A191A0,J,K,A,Z,X,9,A,1,9,1,A,0,0,M,KAWK,ZXA,RC,1,17,,,,,,,1200,,4,,4,463,,,,,,,0,0,000000000,00000000000,0,0,0,1,0,0,0,0,0,0,0,60,0,0,0,12,6,2,12,0,0,0,1,12,33496,6,1,6,0,3,0,72,999,0,0,0,0,0,0,0,0,0,1,0,0,0,0,2,2,45,1,1,8,1,0,0,1,62,1,1,1,98,1,1
12,120971,1,1,2,14,4,17,7,9,0,1,0,12,2,37,31,37031,4,1995,JHMEG8645SS0,J,H,M,E,G,8,6,4,5,S,S,0,0,P,HOND,CDL,4D,95,17,2250,,0,1032,,G,,F,4,091,,,13R175,,,,,,0,0,000000000,00000000000,0,0,0,1,0,0,0,0,0,0,0,76,0,0,0,12,6,2,9,0,0,0,1,12,33709,6,1,0,0,3,0,70,999,1,0,0,0,2,9,2010,12,2010,1,6,0,0,0,4,3,40,1,1,8,1,0,0,6,51,7,1,4,1,0,0
12,120972,1,1,2,7,5,15,15,42,0,1,0,12,2,54,39,54039,4,2004,JH4CL96894C0,J,H,4,C,L,9,6,8,9,4,C,0,0,P,ACUR,TSX,4D,4,17,3318,,0,1051,,G,,F,4,146,,,17R215,,,,,,0,0,000000000,00000000000,0,0,0,1,0,0,0,0,0,0,0,45,0,0,0,12,6,2,42,0,0,0,1,12,33487,1,1,0,0,2,0,66,999,0,1,0,0,0,3,2010,3,2010,0,0,0,0,0,2,2,45,1,1,8,1,0,0,1,12,1,1,4,6,1,1
12,120973,1,1,3,10,6,22,50,42,0,1,0,12,1,49,33,49033,2,2001,JTDDY32T9100,J,T,D,D,Y,3,2,T,9,1,0,0,0,P,TOYT,GTF,2H,1,17,2500,,0,1023,,G,,F,4,110,,,15R205,,,,,,0,0,000000000,00000000000,0,0,0,1,0,0,0,0,0,0,0,40,0,0,0,81,4,3,42,0,0,0,1,12,34743,6,1,0,0,3,3,67,999,0,0,0,0,0,0,0,0,0,0,6,0,0,0,3,2,35,3,1,8,2,0,0,14,13,1,4,4,1,1,0
12,120974,1,1,1,20,6,2,40,42,0,1,0,12,3,12,16,12016,4,1999,2FAFP71W7XX2,2,F,A,F,P,7,1,W,7,X,X,2,0,P,FORD,CVP,4D,99,17,3917,,0,1147,,G,,F,8,281,,,16R225,,,,,,0,0,000000000,00000000000,0,0,0,1,0,0,0,0,0,0,0,45,0,1,5,12,6,2,1,0,0,0,1,12,32805,6,1,0,0,3,0,65,999,0,0,0,1,0,1,2012,1,2012,0,6,0,0,0,6,2,40,2,1,8,1,0,0,14,12,1,1,4,6,1,1
12,120977,1,1,2,3,5,14,26,42,0,1,0,12,1,35,43,35043,4,2007,3N1AB61E77L6,3,N,1,A,B,6,1,E,7,7,L,6,0,P,NISS,SL2,4D,7,17,2853,,0,1057,,G,,F,4,122,,,15R205,,,,,,0,0,000000000,00000000000,0,0,0,1,0,0,0,0,0,0,0,999,0,0,0,12,6,2,42,0,0,0,1,12,33175,6,1,0,0,3,0,60,999,1,0,0,0,0,9,2011,9,2011,0,0,0,0,0,1,2,98,1,1,8,1,0,0,1,13,1,1,4,1,1,0