STATE,ST_CASE,VEH_NO,VE_FORMS,NUMOCCS,DAY,MONTH,HOUR,MINUTE,HARM_EV,MAN_COLL,UNITTYPE,HIT_RUN,REG_STAT,OWNER,MAKE,MODEL,MAK_MOD,BODY_TYP,MOD_YEAR,VIN,VIN_1,VIN_2,VIN_3,VIN_4,VIN_5,VIN_6,VIN_7,VIN_8,VIN_9,VIN_10,VIN_11,VIN_12,TOW_VEH,VINTYPE,VINMAKE,VINA_MOD,VIN_BT,VINMODYR,VIN_LNGT,VIN_WGT,WGTCD_TR,WHLBS_LG,WHLBS_SH,SER_TR,FUELCODE,MCYCL_DS,CARBUR,CYLINDER,DISPLACE,MCYCL_CY,MCYCL_WT,TIRE_SZE,TON_RAT,TRK_WT,TRKWTVAR,VIN_REST,WHLDRWHL,J_KNIFE,MCARR_I1,MCARR_I2,MCARR_ID,GVWR,V_CONFIG,CARGO_BT,HAZ_INV,HAZ_PLAC,HAZ_ID,HAZ_CNO,HAZ_REL,BUS_USE,SPEC_USE,EMER_USE,TRAV_SP,UNDERIDE,ROLLOVER,ROLINLOC,IMPACT1,DEFORMED,TOWED,M_HARM,VEH_SC1,VEH_SC2,FIRE_EXP,DR_PRES,L_STATE,DR_ZIP,L_STATUS,L_TYPE,CDL_STAT,L_ENDORS,L_COMPL,L_RESTRI,DR_HGT,DR_WGT,PREV_ACC,PREV_SUS,PREV_DWI,PREV_SPD,PREV_OTH,FIRST_MO,FIRST_YR,LAST_MO,LAST_YR,SPEEDREL,DR_SF1,DR_SF2,DR_SF3,DR_SF4,VTRAFWAY,VNUM_LAN,VSPD_LIM,VALIGN,VPROFILE,VPAVETYP,VSURCOND,VTRAFCON,VTCONT_F,P_CRASH1,P_CRASH2,P_CRASH3,PCRASH4,PCRASH5,ACC_TYPE,DEATHS,DR_DRINK
12,120978,1,1,1,29,5,11,20,46,0,1,0,12,1,12,21,12021,4,2006,1FAFP23116G1,1,F,A,F,P,2,3,1,1,6,G,1,0,P,FORD,5SE,4D,6,17,3664,,0,1129,,G,,F,6,183,,,17R215,,,,,,0,0,000000000,00000000000,0,0,0,1,0,0,0,0,0,0,0,30,0,0,0,12,6,2,46,0,0,0,1,12,32967,6,1,0,0,3,3,67,999,0,0,0,0,0,0,0,0,0,0,6,0,0,0,2,2,35,1,1,8,1,3,3,1,13,1,1,4,1,1,0
12,120979,1,1,2,10,6,3,30,3,0,1,0,12,2,41,50,41050,4,2008,1YVHP80C385M,1,Y,V,H,P,8,0,C,3,8,5,M,0,P,MAZD,M6I,4D,8,17,3093,,0,1053,,G,,F,4,140,,,17R215,,,,,,0,0,000000000,00000000000,0,0,0,1,0,0,0,0,0,0,0,40,0,0,0,0,6,2,3,0,0,0,1,12,33415,0,0,0,0,0,0,999,999,0,0,0,0,0,0,0,0,0,0,0,0,0,0,2,2,40,1,1,8,1,0,0,1,13,1,1,4,0,1,1
12,120980,1,1,1,10,6,0,0,42,0,1,0,12,1,35,39,35039,4,2004,1N4BA41E04C9,1,N,4,B,A,4,1,E,0,4,C,9,0,P,NISS,MEL,4D,4,17,3310,,0,1112,,G,,F,6,214,,,17R225,,,,,,0,0,000000000,00000000000,0,0,0,1,0,0,0,0,0,0,0,71,0,1,5,98,6,2,1,0,0,0,1,12,32778,6,1,0,0,3,0,62,999,0,0,0,0,0,0,0,0,0,0,58,0,0,0,1,2,45,3,1,8,1,0,0,14,12,1,1,4,6,1,1
12,120981,1,2,1,13,6,5,50,12,6,1,0,12,1,13,1,13001,4,1999,1LNHM82W1XY6,1,L,N,H,M,8,2,W,1,X,Y,6,0,P,LINC,SIG,4D,99,17,4020,,0,1177,,G,,F,8,281,,,16R225,,,,,,0,0,000000000,00000000000,0,0,0,1,0,0,0,0,0,0,0,45,0,0,0,3,6,2,12,0,0,0,1,12,32826,6,1,0,0,3,0,69,999,0,0,0,0,0,0,0,0,0,0,39,0,0,0,2,2,45,1,1,8,2,3,3,1,17,1,1,1,87,1,0
12,120981,2,2,1,13,6,5,50,12,6,1,0,12,1,34,35,34035,4,2004,WBANA53574B8,W,B,A,N,A,5,3,5,7,4,B,8,0,P,BMW,525,4D,4,17,3428,,0,1114,,G,,F,6,152,,,16R225,,,,,,0,0,000000000,00000000000,0,0,0,1,0,0,0,0,0,0,0,45,0,0,0,12,6,2,12,0,0,0,1,12,32824,6,1,0,0,3,0,68,999,0,0,0,0,0,0,0,0,0,0,0,0,0,0,2,2,45,1,1,8,2,0,0,1,66,1,1,1,86,0,0
12,120982,1,1,1,13,6,14,10,42,0,1,0,12,1,18,2,18002,4,1997,1G4HP52K5VH4,1,G,4,H,P,5,2,K,5,V,H,4,0,P,BUIC,LCF,4D,97,17,3446,,0,1108,,G,,F,6,231,,,15R205,,,,,,0,0,000000000,00000000000,0,0,0,1,0,0,0,0,0,0,0,55,0,0,0,12,6,2,42,0,0,0,1,12,32064,6,1,0,0,3,0,66,999,0,0,0,0,0,0,0,0,0,0,0,0,0,0,1,2,55,3,6,8,1,0,0,14,13,1,1,4,1,1,0
12,120983,1,1,1,15,6,14,39,42,0,1,0,12,1,7,482,7482,31,2009,1D3HB16T49J5,1,D,3,H,B,1,6,T,4,9,J,5,0,T,DODG,150,PK,9,17,,2,1400,1200,RPC,G,,,8,348,,,,B,4225,00,K,42,0,0,000000000,00000000000,0,0,0,1,0,0,0,0,0,0,0,30,0,0,0,12,6,2,42,0,0,0,1,12,32139,6,1,0,0,3,0,70,999,0,0,0,0,0,0,0,0,0,0,6,0,0,0,1,2,35,3,1,8,1,0,0,14,13,1,1,4,1,1,0
12,120984,1,2,1,16,6,21,36,12,6,1,0,12,2,34,34,34034,4,1998,WBACC0328WEK,W,B,A,C,C,0,3,2,8,W,E,K,0,P,BMW,31A,4D,98,17,3042,,0,1063,,G,,F,4,116,,,15R185,,,,,,0,0,000000000,00000000000,0,0,0,1,0,0,0,0,0,0,0,15,0,0,0,1,6,2,12,0,0,0,1,12,34744,6,1,0,0,3,0,67,999,0,0,0,0,0,0,0,0,0,0,38,0,0,0,1,2,55,1,1,8,1,3,3,11,15,1,1,1,68,0,0
12,120984,2,2,1,16,6,21,36,12,6,1,0,12,1,37,709,37709,80,2009,JH2RC53069K2,J,H,2,R,C,5,3,0,6,9,K,2,0,M,HOND,V72,RS,9,17,,,,,,,745,,2,,4,536,,,,,,,0,0,000000000,00000000000,0,0,0,1,0,0,0,0,0,0,0,30,0,0,0,1,6,2,12,0,0,0,1,12,34744,6,1,0,0,3,3,71,999,0,0,0,1,0,9,2011,9,2011,0,0,0,0,0,1,2,55,1,1,8,1,3,3,1,62,4,1,1,69,1,0
12,120985,1,2,1,18,6,12,25,12,1,1,0,12,1,53,705,53705,80,2008,JS1GR7LA7821,J,S,1,G,R,7,L,A,7,8,2,1,0,M,SUZI,SX7,RC,8,17,,,,,,,749,,4,,4,363,,,,,,,0,0,000000000,00000000000,0,0,0,1,0,0,0,0,0,0,0,100,0,0,0,12,6,2,1,0,0,0,1,12,33868,6,1,0,0,3,0,71,999,1,0,0,0,1,7,2011,7,2011,1,6,0,0,0,3,3,70,1,1,8,1,0,0,1,51,1,1,1,24,1,0
12,120985,2,2,1,18,6,12,25,12,1,1,0,12,1,7,482,7482,31,2006,1D7HA18N46S5,1,D,7,H,A,1,8,N,4,6,S,5,0,T,DODG,SQ1,CW,6,17,,2,1405,1205,RPC,G,,,8,287,,,,B,4833,02,E,42,0,0,000000000,00000000000,0,0,0,1,0,0,0,0,0,0,0,70,0,0,0,6,4,1,12,0,0,0,1,12,33647,6,1,0,0,3,0,71,999,0,0,0,0,0,0,0,0,0,0,0,0,0,0,3,3,70,1,1,8,1,0,0,1,53,1,1,1,25,0,0
12,120986,1,1,1,20,6,3,12,42,0,1,0,19,1,82,881,82881,66,2007,1FUJAPCK37DY,1,F,U,J,A,P,C,K,3,7,D,Y,1,T,FRHT,FL3,TR,7,17,,8,0,0,CON,D,,,6,855,,,,,00000,00,,64,1,19,64337,1964337,3,6,1,1,0,0,0,0,0,0,0,70,0,0,0,12,6,2,42,0,0,0,1,19,51105,6,1,6,0,3,0,75,230,0,0,0,0,0,0,0,0,0,0,0,0,0,0,2,2,70,1,6,8,1,0,0,1,13,1,1,4,1,1,0
12,120987,1,2,1,21,6,15,21,12,1,1,0,1,1,76,705,76705,80,2001,JYAVM01E31A0,J,Y,A,V,M,0,1,E,3,1,A,0,0,M,YAMA,V6A,RS,1,17,,,,,,,649,,2,,4,495,,,,,,,0,0,000000000,00000000000,0,0,0,1,0,0,0,0,0,0,0,55,0,0,0,12,6,2,12,0,0,0,1,1,36441,6,1,0,0,3,0,37,999,1,0,0,0,0,7,2009,7,2009,0,6,0,0,0,1,2,55,1,5,8,1,0,0,1,51,1,1,1,24,1,0
12,120987,2,2,1,21,6,15,21,12,1,1,0,92,0,98,998,98998,92,2005,RW4250800509,R,W,4,2,5,0,8,0,0,5,0,9,0,U,,,,5,13,,,,,,,,,,,,,,,,,,,0,0,000000000,00000000000,0,0,0,1,0,0,0,0,0,0,0,18,0,0,0,6,4,1,12,0,0,0,1,1,36426,6,1,0,0,3,0,73,999,0,0,0,1,0,8,2011,8,2011,0,0,0,0,0,1,2,55,1,5,8,1,0,0,1,53,1,1,1,25,0,0
12,120988,1,1,1,21,6,22,15,59,0,1,0,12,1,20,481,20481,31,2003,2GCEC19V7312,2,G,C,E,C,1,9,V,7,3,1,2,0,T,CHEV,SC1,4C,3,17,,2,1575,1435,SIL,G,,,8,293,,,,B,4534,03,,42,0,0,000000000,00000000000,0,0,0,1,0,0,0,0,0,0,0,55,0,1,5,81,6,2,42,0,0,0,1,12,32348,6,1,0,0,3,0,70,999,0,0,0,0,0,0,0,0,0,0,0,0,0,0,1,2,55,3,1,8,2,28,3,14,13,1,4,4,1,1,1
12,120989,1,2,1,1,1,1,3,12,6,1,0,12,1,37,31,37031,2,2000,1HGEJ8245YL0,1,H,G,E,J,8,2,4,5,Y,L,0,0,P,HOND,UAX,CP,0,17,2560,,0,1032,,G,,F,4,097,,,14R185,,,,,,0,0,000000000,00000000000,0,0,0,1,0,0,0,0,0,0,0,998,0,0,0,9,6,2,12,0,0,0,1,12,33165,6,1,0,0,3,0,70,999,0,0,0,0,0,0,0,0,0,0,0,0,0,0,1,2,99,1,1,8,1,20,3,99,19,1,1,1,89,1,0
12,120989,2,2,1,1,1,1,3,12,6,1,0,12,2,35,472,35472,30,2004,1N6ED27T34C4,1,N,6,E,D,2,7,T,3,4,C,4,0,T,NISS,FCX,CW,4,17,,1,0,1161,FRT,G,,,6,201,,,,B,3699,00,E,42,0,0,000000000,00000000000,0,0,0,1,0,0,0,0,0,0,0,998,0,0,0,12,6,2,12,0,0,0,1,12,33165,1,1,0,0,2,0,68,999,0,1,0,0,1,9,2011,11,2011,0,0,0,0,0,1,2,99,1,1,8,1,0,0,1,68,1,1,1,88,0,1
12,120991,1,1,1,27,1,4,31,1,0,1,0,12,1,76,709,76709,80,2009,JYAVP24E79A0,J,Y,A,V,P,2,4,E,7,9,A,0,0,M,YAMA,X13,RS,9,17,,,,,,,1304,,2,,4,624,,,,,,,0,0,000000000,00000000000,0,0,0,1,0,0,0,0,0,0,0,40,0,0,0,0,6,2,1,0,0,0,1,42,15220,6,1,0,0,3,0,73,999,0,0,0,0,0,0,0,0,0,0,26,0,0,0,1,2,40,1,1,8,1,0,0,1,13,4,3,4,2,1,0
12,120992,1,1,1,7,2,4,4,33,0,1,0,55,2,72,706,72706,80,2003,1HD1GHV133K3,1,H,D,1,G,H,V,1,3,3,K,3,0,M,HD,FDX,RS,3,17,,,,,,,1450,,2,,4,612,,,,,,,0,0,000000000,00000000000,0,0,0,1,0,0,0,0,0,0,0,40,0,0,0,12,6,2,30,0,0,0,1,12,33063,6,1,0,0,3,0,72,999,0,0,0,0,0,0,0,0,0,0,0,0,0,0,2,3,45,1,1,8,1,0,0,15,13,1,1,4,1,1,0
12,120993,1,2,1,10,3,14,54,12,6,1,0,12,1,76,705,76705,80,2007,JYAVM01E67A1,J,Y,A,V,M,0,1,E,6,7,A,1,0,M,YAMA,VS6,RS,7,17,,,,,,,649,,2,,4,474,,,,,,,0,0,000000000,00000000000,0,0,0,1,0,0,0,0,0,0,0,40,0,0,0,3,6,2,12,0,0,0,1,12,34145,6,1,0,0,3,0,72,999,0,0,0,2,2,2,2011,12,2011,0,0,0,0,0,1,2,30,2,1,8,1,0,0,14,10,1,4,2,64,1,1
12,120993,2,2,1,10,3,14,54,12,6,1,0,12,3,12,401,12401,14,2004,1FMDU73W94UA,1,F,M,D,U,7,3,W,9,4,U,A,0,P,FORD,EPR,UT,4,17,4094,,0,1137,,G,,F,8,281,,,16R235,,,,,,0,0,000000000,00000000000,0,0,0,1,0,0,0,0,0,8,1,30,7,0,0,12,2,3,12,0,0,0,1,12,34145,6,1,0,0,3,0,74,999,0,0,0,0,0,0,0,0,0,0,0,0,0,0,1,2,30,2,1,8,1,0,0,14,62,9,1,1,65,0,0
12,120994,1,1,1,22,4,18,13,14,0,1,0,12,2,76,705,76705,80,2002,JYA5AHE022A0,J,Y,A,5,A,H,E,0,2,2,A,0,0,M,YAMA,YZF,RC,2,17,,,,,,,599,,4,,4,416,,,,,,,0,0,000000000,00000000000,0,0,0,1,0,0,0,0,0,0,0,45,0,0,0,12,6,2,14,0,0,0,1,12,33311,6,1,0,0,3,0,73,999,0,2,0,0,0,3,2011,10,2011,0,39,0,0,0,1,2,25,1,1,8,1,20,3,1,14,3,1,4,11,1,0
12,120995,1,2,3,22,4,20,5,12,6,1,0,12,1,20,22,20022,4,2005,1G1AK52F4575,1,G,1,A,K,5,2,F,4,5,7,5,0,P,CHEV,CBT,4D,5,17,3216,,0,1033,,G,,F,4,134,,,15R195,,,,,,0,0,000000000,00000000000,0,0,0,1,0,0,0,0,0,0,0,5,0,0,0,1,6,2,12,0,0,0,1,12,33316,6,1,0,0,3,3,67,999,1,0,0,0,1,7,2011,3,2012,0,38,0,0,0,2,2,30,1,1,8,1,3,3,11,15,1,1,1,68,0,0
12,120995,2,2,1,22,4,20,5,12,6,1,0,12,1,53,706,53706,80,2002,JS1GT74A6221,J,S,1,G,T,7,4,A,6,2,2,1,0,M,SUZI,XR1,RC,2,17,,,,,,,988,,4,,4,374,,,,,,,0,0,000000000,00000000000,0,0,0,1,0,0,0,0,0,0,0,999,0,0,0,12,6,2,12,0,0,0,1,12,33076,6,1,0,0,3,0,70,999,0,0,0,0,0,0,0,0,0,1,0,0,0,0,2,2,30,1,1,8,1,3,3,1,62,1,1,1,69,1,0
12,120996,1,2,1,6,6,21,10,12,11,1,0,12,1,35,39,35039,4,2002,JN1DA31A22T3,J,N,1,D,A,3,1,A,2,2,T,3,0,P,NISS,MGL,4D,2,17,3146,,0,1083,,G,,F,6,214,,,16R215,,,,,,0,0,000000000,00000000000,0,0,0,1,0,0,0,0,0,0,0,0,0,0,0,14,6,2,12,0,0,0,1,12,32114,6,1,0,0,3,3,60,999,0,0,0,0,1,3,2012,3,2012,0,38,0,0,0,1,2,45,1,1,8,1,20,3,5,15,1,1,1,98,0,0
12,120996,2,2,1,6,6,21,10,12,11,1,0,12,1,72,706,72706,80,1998,1HD1FFR41WY6,1,H,D,1,F,F,R,4,1,W,Y,6,0,M,HD,TCA,RS,98,17,,,,,,,1340,,2,,4,760,,,,,,,0,0,000000000,00000000000,0,0,0,1,0,0,0,0,0,0,0,45,0,0,0,18,6,2,12,0,0,0,1,12,32119,6,1,0,0,3,3,71,999,0,0,0,0,0,0,0,0,0,0,0,0,0,0,5,4,45,1,1,8,1,0,0,1,67,98,1,1,98,1,0
12,120997,1,2,1,11,2,12,6,12,1,1,0,12,1,41,402,41402,14,2003,4F2CZ96143KM,4,F,2,C,Z,9,6,1,4,3,K,M,0,P,MAZD,TRI,UT,3,17,3455,,0,1031,,G,,F,6,181,,,000000,,,,,,0,0,000000000,00000000000,0,0,0,1,0,0,0,0,0,0,0,999,0,1,5,12,6,2,12,0,0,0,1,12,32771,6,1,0,0,3,3,72,999,0,0,0,0,0,0,0,0,0,0,39,38,0,0,1,3,98,1,1,8,1,3,3,11,15,1,1,1,76,1,0
12,120997,2,2,1,11,2,12,6,12,1,1,0,12,2,6,441,6441,20,2005,2C4GP54L75R2,2,C,4,G,P,5,4,L,7,5,R,2,0,T,CHRY,TOU,ES,5,17,,1,0,1193,TWC,G,,,6,230,,,,,4256,00,,42,0,0,000000000,00000000000,0,0,0,1,0,0,0,0,0,0,0,999,0,0,0,6,2,1,12,0,0,0,1,12,32771,6,1,0,0,3,0,65,999,0,0,0,0,1,5,2010,5,2010,0,0,0,0,0,1,4,98,1,1,8,1,0,0,1,65,1,1,1,77,0,0
12,120998,1,2,4,25,5,2,42,1,0,1,0,12,1,59,35,59035,4,2012,JTHBF5C26C51,J,T,H,B,F,5,C,2,6,C,5,1,0,P,LEXS,I25,4D,12,17,3455,,0,1075,,G,,F,6,152,,,17R225,,,,,,0,0,000000000,00000000000,0,0,0,1,0,0,0,0,0,0,0,25,0,0,0,3,4,3,12,0,0,0,1,12,33066,6,1,0,0,3,0,72,999,0,0,0,0,0,0,0,0,0,0,38,0,0,0,2,3,45,1,1,8,1,3,3,11,15,1,1,1,98,0,1
12,120998,2,2,1,25,5,2,42,1,0,1,0,12,1,73,706,73706,80,2005,JKAZXCC115A0,J,K,A,Z,X,C,C,1,1,5,A,0,0,M,KAWK,Z1R,RC,5,17,,,,,,,998,,4,,4,375,,,,,,,0,0,000000000,00000000000,0,0,0,1,0,0,0,0,0,0,0,35,0,0,0,0,6,2,1,0,0,0,1,12,33445,6,1,0,0,3,0,66,999,0,0,0,0,0,0,0,0,0,0,0,0,0,0,2,3,45,1,1,8,1,3,3,1,62,1,1,1,98,1,0
12,120999,1,2,1,26,5,17,56,12,6,1,0,12,1,37,705,37705,80,1997,JH2PC2503VM6,J,H,2,P,C,2,5,0,3,V,M,6,0,M,HOND,RF3,RC,97,17,,,,,,,600,,4,,4,405,,,,,,,0,0,000000000,00000000000,0,0,0,1,0,0,0,0,0,0,0,40,0,0,0,12,6,2,12,0,0,0,1,12,33414,6,1,0,0,3,0,71,999,0,2,0,0,0,3,2011,7,2011,1,0,0,0,0,2,2,40,1,1,8,1,0,0,1,67,1,1,1,83,1,0
12,120999,2,2,1,26,5,17,56,12,6,1,0,12,2,12,481,12481,31,2008,1FTSW21R08ED,1,F,T,S,W,2,1,R,0,8,E,D,0,T,FORD,F2S,CW,8,17,,2,1720,1560,SRW,D,,,8,390,,,,C,6523,01,E,44,0,0,000000000,00000000000,0,0,0,1,0,0,0,0,0,0,0,25,0,0,0,11,6,2,12,0,0,0,1,12,33414,6,1,0,0,3,0,67,999,0,1,0,2,0,6,2010,12,2011,0,0,0,0,0,1,2,25,1,1,8,1,20,3,11,15,1,1,1,82,0,0
12,121000,1,2,1,31,5,13,20,12,1,1,0,12,1,19,20,19020,6,2005,1GYEE6373501,1,G,Y,E,E,6,3,7,3,5,0,1,0,P,CADI,SRX,UT,5,17,4164,,0,1164,,G,,F,6,220,,,17R235,,,,,,0,0,000000000,00000000000,0,0,0,1,0,0,0,0,0,0,0,55,0,0,0,12,6,2,12,0,0,0,1,12,32780,6,1,0,0,3,3,68,999,0,0,0,0,0,0,0,0,0,0,0,0,0,0,2,2,55,1,1,8,1,3,3,1,51,1,1,1,24,0,0
12,121000,2,2,4,31,5,13,20,12,1,1,0,12,1,12,23,12023,4,2009,3FAHP08139R1,3,F,A,H,P,0,8,1,3,9,R,1,0,P,FORD,F/L,4D,9,17,3325,,0,1074,,G,,F,6,183,,,17R225,,,,,,0,0,000000000,00000000000,0,0,0,1,0,0,0,0,0,0,0,25,0,0,0,6,6,2,12,0,0,0,1,12,32931,6,1,0,0,3,3,71,999,0,0,0,1,0,9,2011,9,2011,0,0,0,0,0,2,2,55,1,1,8,1,3,3,1,53,1,1,1,25,1,0
12,121001,1,2,1,9,6,6,44,12,1,1,0,12,1,20,421,20421,15,1997,1GNDT13W4V21,1,G,N,D,T,1,3,W,4,V,2,1,0,P,CHEV,BZR,UT,97,17,4046,,0,1070,,G,,F,6,262,,,15R205,,,,,,0,0,000000000,00000000000,0,0,0,1,0,0,0,0,0,0,0,999,0,0,0,12,6,2,12,0,0,0,1,12,32466,6,1,0,0,3,0,67,999,0,3,0,0,0,9,2009,12,2011,1,6,36,0,0,2,3,45,1,1,8,1,3,3,1,50,1,1,1,20,0,1
12,121001,2,2,2,9,6,6,44,12,1,1,0,12,1,54,35,54035,4,2003,19UUA56683A0,1,9,U,U,A,5,6,6,8,3,A,0,0,P,ACUR,32T,4D,3,17,3492,,0,1081,,G,,F,6,197,,,16R205,,,,,,0,0,000000000,00000000000,0,0,0,1,0,0,0,0,0,0,0,0,0,0,0,6,6,2,12,0,0,0,1,12,32548,6,1,0,0,3,0,64,999,0,0,0,0,0,0,0,0,0,0,0,0,0,0,2,3,45,1,1,8,1,3,3,5,53,1,1,1,22,2,0
12,121002,1,1,1,10,6,15,28,42,0,1,0,12,2,35,401,35401,14,2005,5N1AR18U05C7,5,N,1,A,R,1,8,U,0,5,C,7,0,P,NISS,PFI,UT,5,17,4242,,0,1122,,G,,F,6,244,,,16R265,,,,,,0,0,000000000,00000000000,0,0,0,1,0,0,0,0,0,0,0,999,0,0,0,98,6,2,42,0,0,0,1,12,32225,6,1,0,0,3,0,63,999,0,0,0,0,0,0,0,0,0,0,0,0,0,0,2,2,40,1,1,8,2,0,0,1,13,1,1,4,1,1,0
12,121003,1,1,1,11,6,15,55,31,0,1,0,12,2,55,401,55401,14,2003,KM8SC13DX3U3,K,M,8,S,C,1,3,D,X,3,U,3,0,P,HYUN,SAN,UT,3,17,3549,,0,1031,,G,,F,6,162,,,16R225,,,,,,0,0,000000000,00000000000,0,0,0,1,0,0,0,0,0,0,0,70,0,0,0,12,6,2,2,0,0,1,1,12,33436,6,1,0,0,3,0,66,999,0,0,0,0,0,0,0,0,0,0,6,0,0,0,6,1,70,1,1,8,1,0,0,1,13,1,1,4,1,1,0
12,121004,1,1,4,13,6,12,36,59,0,1,0,12,2,49,472,49472,30,2003,5TEVL52NX3Z2,5,T,E,V,L,5,2,N,X,3,Z,2,0,T,TOYT,XTR,PC,3,17,,1,0,1219,TAC,G,,,4,149,,,,B,2977,00,U,42,0,0,000000000,00000000000,0,0,0,1,0,0,0,0,0,0,0,30,0,0,0,12,6,2,59,0,0,0,1,12,34474,6,1,0,0,3,0,65,999,0,0,0,0,0,0,0,0,0,0,0,0,0,0,1,2,30,1,1,8,1,3,3,1,13,1,1,4,1,1,0
12,121005,1,1,3,15,6,0,50,52,0,1,0,12,2,20,481,20481,31,2000,1GCEC14W7YZ1,1,G,C,E,C,1,4,W,7,Y,Z,1,0,T,CHEV,SC1,PK,0,17,,2,1330,1190,SIL,G,,,6,262,,,,B,3923,02,,42,0,0,000000000,00000000000,0,0,0,1,0,0,0,0,0,0,0,70,0,0,0,12,6,2,30,0,0,0,1,12,32034,6,1,0,0,3,0,71,999,0,0,0,0,0,0,0,0,0,0,0,0,0,0,3,3,70,1,1,8,1,0,0,1,87,7,1,4,1,1,0
12,121006,1,1,1,20,6,3,10,8,0,1,0,12,1,20,461,20461,21,2001,1GCFG25M1111,1,G,C,F,G,2,5,M,1,1,1,1,0,T,CHEV,E25,CG,1,17,,2,0,1350,EXP,G,,,8,305,,,,C,4850,00,,42,0,0,000000000,00000000000,0,0,0,1,0,0,0,0,0,0,0,65,0,0,0,12,4,1,8,0,0,0,1,12,33441,6,1,0,0,3,0,72,999,0,3,0,0,2,11,2010,4,2012,0,0,0,0,0,3,4,65,1,1,8,2,0,0,1,80,1,1,1,13,0,0
12,121007,1,1,1,20,6,3,30,8,0,1,1,99,9,99,999,99999,99,9999,999999999999,9,9,9,9,9,9,9,9,9,9,9,9,0,,,,,,,,,,,,,,,,,,,,,,,,,0,0,000000000,00000000000,0,0,0,1,0,0,0,0,0,0,0,25,0,0,0,14,4,1,8,0,0,0,1,99,99999,9,9,99,9,9,9,999,999,99,99,99,99,99,99,9999,99,9999,0,0,0,0,0,1,2,25,1,1,8,1,0,0,1,80,99,1,1,13,0,0
12,121008,1,2,1,21,6,19,35,12,6,1,0,12,3,35,47,35047,4,2012,1N4AL2AP7CC1,1,N,4,A,L,2,A,P,7,C,C,1,0,P,NISS,ATS,4D,12,17,3180,,0,1093,,G,,F,4,153,,,16R215,,,,,,0,0,000000000,00000000000,0,0,0,1,0,0,0,0,0,0,0,30,0,0,0,3,6,2,12,0,0,0,1,12,33613,6,1,0,0,3,3,63,999,1,1,0,1,1,6,2009,12,2010,0,38,0,0,0,2,2,45,1,1,8,1,3,3,11,15,1,1,1,68,0,0
12,121008,2,2,1,21,6,19,35,12,6,1,0,12,2,53,706,53706,80,2005,JS1GW71A3521,J,S,1,G,W,7,1,A,3,5,2,1,0,M,SUZI,G13,RC,5,17,,,,,,,1298,,4,,4,478,,,,,,,0,0,000000000,00000000000,0,0,0,1,0,0,0,0,0,0,0,40,0,0,0,12,6,2,12,0,0,0,1,12,33617,6,1,6,0,3,0,72,999,0,0,0,0,0,0,0,0,0,0,0,0,0,0,2,2,45,1,1,8,1,3,3,1,62,1,1,1,69,1,0
12,121009,1,3,1,22,6,18,15,12,6,1,0,12,2,37,31,37031,4,2009,2HGFA16869H5,2,H,G,F,A,1,6,8,6,9,H,5,0,P,HOND,UAX,4D,9,17,2747,,0,1063,,G,,F,4,110,,,16R205,,,,,,0,0,000000000,00000000000,0,0,0,1,0,0,0,0,0,0,0,65,0,0,0,7,6,2,12,0,0,0,1,12,32405,6,1,0,0,3,0,66,999,0,0,0,1,0,8,2010,8,2010,0,6,0,0,0,2,2,65,2,6,8,1,0,0,14,12,1,3,4,64,1,0
12,121009,2,3,2,22,6,18,15,12,6,1,0,1,2,49,401,49401,14,2000,JT3GN86R6Y01,J,T,3,G,N,8,6,R,6,Y,0,1,0,P,TOYT,RUN,UT,0,17,3600,,0,1053,,G,,F,6,206,,,15R225,,,,,,0,0,000000000,00000000000,0,0,0,1,0,0,0,0,0,0,0,65,0,0,0,12,6,2,12,0,0,0,1,1,36310,6,1,0,0,3,0,70,165,0,1,0,0,0,3,2010,3,2010,0,0,0,0,0,2,2,65,3,6,8,1,0,0,14,62,1,1,1,65,0,0
12,121009,3,3,1,22,6,18,15,12,6,1,0,12,1,35,47,35047,4,2004,1N4BL11D94C1,1,N,4,B,L,1,1,D,9,4,C,1,0,P,NISS,ABE,4D,4,17,3071,,0,1102,,G,,F,6,214,,,17R215,,,,,,0,0,000000000,00000000000,0,0,0,1,0,0,0,0,0,0,0,65,0,0,0,12,6,2,12,0,0,0,1,12,32405,6,1,0,0,3,3,70,999,0,0,0,0,0,0,0,0,0,0,0,0,0,0,2,2,65,3,6,8,1,0,0,14,60,1,1,1,98,0,0
12,121010,1,3,1,23,6,12,26,12,1,1,0,12,3,86,881,86881,63,2006,1M2AG11C96M0,1,M,2,A,G,1,1,C,9,6,M,0,0,T,MACK,CV7,CC,6,17,,8,0,0,700,D,,,6,728,,,,,00000,00,,64,0,12,897578,12897578,3,1,7,1,0,0,0,0,0,0,0,55,0,0,0,12,6,2,12,0,0,0,1,12,32732,6,1,6,3,3,0,69,999,1,0,0,0,0,6,2012,6,2012,0,6,0,0,0,1,2,55,1,1,8,1,0,0,1,52,1,1,1,28,0,0
12,121010,2,3,2,23,6,12,26,12,1,1,0,12,1,63,35,63035,4,2005,KNALD1240550,K,N,A,L,D,1,2,4,0,5,5,0,0,P,KIA,AV6,4D,5,17,4021,,0,1102,,G,,F,6,213,,,16R225,,,,,,0,0,000000000,00000000000,0,0,0,1,0,0,0,0,0,0,0,40,0,0,0,6,6,2,12,0,0,0,1,12,32141,6,1,0,0,3,3,69,999,0,0,0,0,0,0,0,0,0,0,0,0,0,0,1,2,55,1,1,8,1,0,0,2,53,1,1,1,29,0,0