STATE,ST_CASE,VEH_NO,VE_FORMS,NUMOCCS,DAY,MONTH,HOUR,MINUTE,HARM_EV,MAN_COLL,UNITTYPE,HIT_RUN,REG_STAT,OWNER,MAKE,MODEL,MAK_MOD,BODY_TYP,MOD_YEAR,VIN,VIN_1,VIN_2,VIN_3,VIN_4,VIN_5,VIN_6,VIN_7,VIN_8,VIN_9,VIN_10,VIN_11,VIN_12,TOW_VEH,VINTYPE,VINMAKE,VINA_MOD,VIN_BT,VINMODYR,VIN_LNGT,VIN_WGT,WGTCD_TR,WHLBS_LG,WHLBS_SH,SER_TR,FUELCODE,MCYCL_DS,CARBUR,CYLINDER,DISPLACE,MCYCL_CY,MCYCL_WT,TIRE_SZE,TON_RAT,TRK_WT,TRKWTVAR,VIN_REST,WHLDRWHL,J_KNIFE,MCARR_I1,MCARR_I2,MCARR_ID,GVWR,V_CONFIG,CARGO_BT,HAZ_INV,HAZ_PLAC,HAZ_ID,HAZ_CNO,HAZ_REL,BUS_USE,SPEC_USE,EMER_USE,TRAV_SP,UNDERIDE,ROLLOVER,ROLINLOC,IMPACT1,DEFORMED,TOWED,M_HARM,VEH_SC1,VEH_SC2,FIRE_EXP,DR_PRES,L_STATE,DR_ZIP,L_STATUS,L_TYPE,CDL_STAT,L_ENDORS,L_COMPL,L_RESTRI,DR_HGT,DR_WGT,PREV_ACC,PREV_SUS,PREV_DWI,PREV_SPD,PREV_OTH,FIRST_MO,FIRST_YR,LAST_MO,LAST_YR,SPEEDREL,DR_SF1,DR_SF2,DR_SF3,DR_SF4,VTRAFWAY,VNUM_LAN,VSPD_LIM,VALIGN,VPROFILE,VPAVETYP,VSURCOND,VTRAFCON,VTCONT_F,P_CRASH1,P_CRASH2,P_CRASH3,PCRASH4,PCRASH5,ACC_TYPE,DEATHS,DR_DRINK
12,121103,2,3,2,23,4,7,40,12,6,1,0,12,1,49,51,49051,4,2007,JTDBT9236711,J,T,D,B,T,9,2,3,6,7,1,1,0,P,TOYT,YAR,4D,7,17,2288,,0,969,,G,,F,4,092,,,14R175,,,,,,0,0,000000000,00000000000,0,0,0,1,0,0,0,0,0,0,0,40,0,0,0,9,6,2,12,0,0,0,1,12,33033,6,1,0,0,3,0,61,999,0,0,0,0,1,1,2011,1,2011,0,0,0,0,0,3,3,40,1,1,8,1,3,3,1,62,1,1,1,69,1,0
12,121103,3,3,1,23,4,7,40,12,6,1,0,12,2,63,33,63033,5,2000,KNAFB161XY52,K,N,A,F,B,1,6,1,X,Y,5,2,0,P,KIA,SSX,4H,0,17,2478,,0,1008,,G,,F,4,109,,,14R185,,,,,,0,0,000000000,00000000000,0,0,0,1,0,0,0,0,0,0,0,40,0,0,0,12,6,2,12,0,0,0,1,12,33033,6,1,0,0,3,0,71,999,0,0,0,0,0,0,0,0,0,0,0,0,0,0,3,3,40,1,1,8,1,0,0,1,62,1,1,1,98,0,0
12,121104,1,1,1,29,5,2,35,26,0,1,0,12,1,76,705,76705,80,2001,JYARJ04E71A0,J,Y,A,R,J,0,4,E,7,1,A,0,0,M,YAMA,R6L,RC,1,17,,,,,,,599,,4,,4,365,,,,,,,0,0,000000000,00000000000,0,0,0,1,0,0,0,0,0,0,0,90,0,0,0,12,6,2,3,0,0,0,1,12,33956,6,1,0,0,3,3,67,999,0,2,0,0,2,7,2010,9,2011,1,6,0,0,0,3,2,25,1,5,8,1,0,0,1,6,1,1,4,6,1,1
12,121105,1,3,1,8,6,14,40,12,6,1,0,12,1,37,32,37032,4,1996,1HGCD5551TA1,1,H,G,C,D,5,5,5,1,T,A,1,0,P,HOND,UER,4D,96,17,2919,,0,1069,,G,,F,4,132,,,15R195,,,,,,0,0,000000000,00000000000,0,0,0,1,0,0,0,0,0,0,0,999,0,0,0,81,6,2,12,0,0,0,1,12,33068,6,1,0,0,3,0,74,999,0,0,0,0,0,0,0,0,0,1,58,0,0,0,3,3,45,2,5,8,1,0,0,14,6,3,3,2,98,1,0
12,121105,2,3,4,8,6,14,40,12,6,1,0,12,2,37,441,37441,20,2002,5FNRL18932B0,5,F,N,R,L,1,8,9,3,2,B,0,0,P,HOND,UDY,SV,2,17,4376,,0,1181,,G,,F,6,212,,,16R225,,,,,,0,0,000000000,00000000000,0,0,0,1,0,0,0,0,0,0,0,999,0,0,0,12,6,2,12,0,0,0,1,12,33027,6,1,0,0,3,0,64,999,0,0,0,0,0,0,0,0,0,0,0,0,0,0,3,3,45,2,5,8,1,0,0,14,62,1,1,1,98,0,0
12,121105,3,3,1,8,6,14,40,12,6,1,0,12,1,35,47,35047,4,2003,1N4AL11D03C2,1,N,4,A,L,1,1,D,0,3,C,2,0,P,NISS,ABS,4D,3,17,2913,,0,1102,,G,,F,4,153,,,16R205,,,,,,0,0,000000000,00000000000,0,0,0,1,0,0,0,0,0,0,0,999,0,0,0,12,6,2,12,0,0,0,1,12,33068,6,1,0,0,3,0,64,999,0,0,0,0,0,0,0,0,0,0,0,0,0,0,3,3,45,2,5,8,1,0,0,14,62,2,1,1,98,0,0
12,121106,1,2,1,16,6,16,45,12,6,1,0,12,1,63,34,63034,4,2011,KNAGM4A79B51,K,N,A,G,M,4,A,7,9,B,5,1,0,P,KIA,OLX,4D,11,17,3206,,0,1071,,G,,F,4,144,,,16R205,,,,,,0,0,000000000,00000000000,0,0,0,1,0,0,0,0,0,0,0,999,0,0,0,3,6,2,12,0,0,0,1,12,33898,6,1,0,0,3,3,68,999,0,0,0,0,0,0,0,0,0,0,38,0,0,0,2,2,65,1,1,8,1,0,0,11,15,1,1,1,68,1,0
12,121106,2,2,1,16,6,16,45,12,6,1,0,12,1,20,9,20009,2,2011,2G1FB1ED6B92,2,G,1,F,B,1,E,D,6,B,9,2,0,P,CHEV,CLT,CP,11,17,3750,,0,1123,,G,,F,6,220,,,18R245,,,,,,0,0,000000000,00000000000,0,0,0,1,0,0,0,0,0,0,0,999,0,0,0,12,6,2,12,0,0,0,1,12,33604,6,1,0,0,3,0,71,999,0,0,0,1,0,9,2010,9,2010,0,0,0,0,0,2,2,65,1,5,8,1,0,0,1,63,2,1,1,69,0,0
12,121107,1,2,1,18,6,6,5,12,2,1,0,12,1,12,3,12003,1,2000,1FAFP4444YF1,1,F,A,F,P,4,4,4,4,Y,F,1,0,P,FORD,MUS,CV,0,17,3208,,0,1013,,G,,F,6,232,,,15R205,,,,,,0,0,000000000,00000000000,0,0,0,1,0,0,0,0,0,0,0,10,0,0,0,12,6,2,12,0,0,0,1,12,34668,6,1,0,0,3,3,66,999,0,0,0,0,0,0,0,0,0,0,38,0,0,0,1,2,30,1,1,8,1,20,3,1,17,1,1,1,90,0,0
12,121107,2,2,1,18,6,6,5,12,2,1,0,12,1,73,706,73706,80,1996,JKBVNAD11TA0,J,K,B,V,N,A,D,1,1,T,A,0,0,M,KAWK,V5D,RS,96,17,,,,,,,1500,,2,,4,600,,,,,,,0,0,000000000,00000000000,0,0,0,1,0,0,0,0,0,0,0,45,0,0,0,12,6,2,12,0,0,0,1,12,34690,6,1,6,0,2,3,73,999,0,0,0,0,0,0,0,0,0,0,0,0,0,0,2,3,45,1,1,8,1,0,0,1,66,1,1,1,90,1,0
12,121108,1,2,3,21,6,21,32,12,1,1,0,12,2,12,401,12401,14,2002,1FMZU62E52UA,1,F,M,Z,U,6,2,E,5,2,U,A,0,P,FORD,EPR,UT,2,17,4094,,0,1137,,G,,F,6,245,,,16R235,,,,,,0,0,000000000,00000000000,0,0,0,1,0,0,0,0,0,0,0,60,0,1,3,6,6,2,1,0,0,0,1,12,32244,1,1,0,0,2,0,70,999,1,4,0,0,1,10,2010,5,2012,0,38,0,0,0,3,3,65,1,1,8,1,0,0,15,11,1,1,2,32,1,0
12,121108,2,2,2,21,6,21,32,12,1,1,0,12,2,63,34,63034,4,2006,KNAGE1249650,K,N,A,G,E,1,2,4,9,6,5,0,0,P,KIA,OLE,4D,6,17,3281,,0,1063,,G,,F,6,162,,,16R205,,,,,,0,0,000000000,00000000000,0,0,0,1,0,0,0,0,0,0,0,65,0,0,0,12,6,2,12,0,0,0,1,12,32257,0,0,0,0,0,0,68,999,0,0,0,0,0,0,0,0,0,0,0,0,0,0,3,3,65,1,1,8,1,0,0,1,60,7,1,1,32,0,0
12,121109,1,1,1,23,6,21,44,21,0,1,0,12,1,20,36,20036,2,2003,2G1WX12K8392,2,G,1,W,X,1,2,K,8,3,9,2,0,P,CHEV,MSS,CP,3,17,3395,,0,1105,,G,,F,6,231,,,16R225,,,,,,0,0,000000000,00000000000,0,0,0,1,0,0,0,0,0,0,0,45,0,0,0,12,6,2,21,0,0,0,1,12,33313,6,1,0,0,3,3,71,999,0,0,0,1,0,3,2011,3,2011,0,0,0,0,0,3,3,45,1,1,8,2,0,0,1,12,1,1,4,6,1,0
12,121110,1,3,3,24,6,18,41,12,6,1,0,12,2,37,31,37031,4,1994,JHMEG8555RS0,J,H,M,E,G,8,5,5,5,R,S,0,0,P,HOND,CLX,4D,94,17,2340,,0,1032,,G,,F,4,091,,,14R175,,,,,,0,0,000000000,00000000000,0,0,0,1,0,0,0,0,0,0,0,998,0,0,0,81,6,2,12,0,0,0,1,12,33880,6,1,0,0,3,3,64,999,0,0,0,0,0,0,0,0,0,0,87,0,0,0,1,2,30,3,1,8,6,0,0,14,5,98,4,2,64,1,0
12,121110,2,3,2,24,6,18,41,12,6,1,0,12,2,24,5,24005,4,2000,1G8JU52F7YY6,1,G,8,J,U,5,2,F,7,Y,Y,6,0,P,STRN,LS1,4D,0,17,2998,,0,1065,,G,,F,4,134,,,15R195,,,,,,0,0,000000000,00000000000,0,0,0,1,0,0,0,0,0,0,0,998,0,0,0,12,6,2,12,0,0,0,1,12,33884,6,1,0,0,3,0,64,999,0,0,0,0,0,0,0,0,0,0,0,0,0,0,1,2,30,2,1,8,2,0,0,14,62,1,1,1,65,0,0
12,121110,3,3,1,24,6,18,41,12,6,1,0,12,1,49,51,49051,3,2012,JTDJTUD39CD5,J,T,D,J,T,U,D,3,9,C,D,5,0,P,TOYT,YAR,2H,12,17,2295,,0,988,,G,,F,4,091,,,15R175,,,,,,0,0,000000000,00000000000,0,0,0,1,0,0,0,0,0,0,0,998,0,0,0,12,6,2,12,0,0,0,1,12,33823,6,1,0,0,3,3,59,999,0,0,0,0,0,0,0,0,0,0,0,0,0,0,1,2,30,1,1,8,2,0,0,1,51,1,1,1,98,0,0
12,121111,1,4,1,28,6,17,55,12,2,1,0,12,2,21,2,21002,4,1996,1G3HN52K9T48,1,G,3,H,N,5,2,K,9,T,4,8,0,P,OLDS,8LW,4D,96,17,3455,,0,1108,,G,,F,6,231,,,15R205,,,,,,0,0,000000000,00000000000,0,0,0,1,0,0,0,0,0,0,0,10,0,0,0,12,6,2,12,0,0,0,1,12,32219,6,1,0,0,3,3,71,999,0,0,0,0,0,0,0,0,0,0,38,0,0,0,2,2,45,1,1,8,1,0,0,11,15,1,1,1,82,0,0
12,121111,2,4,2,28,6,17,55,12,2,1,0,12,2,85,881,85881,66,2000,1XKWDR9X2YJ8,1,X,K,W,D,R,9,X,2,Y,J,8,1,T,KW,W90,TR,0,17,,8,2850,1600,CON,D,,,6,774,,,,,00000,00,,64,1,12,1938017,121938017,3,6,1,1,0,0,0,0,0,0,0,45,0,1,1,12,6,2,12,0,0,0,1,12,32218,6,1,6,3,3,0,64,999,0,0,0,1,1,8,2009,10,2009,0,0,0,0,0,2,2,45,1,1,8,1,0,0,1,67,6,1,1,83,0,0
12,121111,3,4,1,28,6,17,55,12,2,1,0,12,2,12,23,12023,4,2012,3FAHP0HAXCR3,3,F,A,H,P,0,H,A,X,C,R,3,0,P,FORD,F/E,4D,12,17,3285,,0,1074,,G,,F,4,152,,,17R225,,,,,,0,0,000000000,00000000000,0,0,0,1,0,0,0,0,0,0,0,45,0,0,0,9,6,2,12,0,0,0,1,12,32219,6,1,0,0,3,3,64,999,0,0,0,0,0,0,0,0,0,0,0,0,0,0,2,2,45,1,1,8,1,0,0,1,62,1,1,1,98,1,0
12,121111,4,4,1,28,6,17,55,12,2,1,0,12,2,49,40,49040,4,2009,4T1BE46KX9U3,4,T,1,B,E,4,6,K,X,9,U,3,0,P,TOYT,CBA,4D,9,17,3263,,0,1090,,G,,F,4,144,,,16R215,,,,,,0,0,000000000,00000000000,0,0,0,1,0,0,0,0,0,0,0,45,0,0,0,12,6,2,12,0,0,0,1,12,32219,6,1,0,0,3,0,65,999,0,2,0,0,0,12,2010,1,2011,0,0,0,0,0,2,2,45,1,1,8,1,0,0,1,62,1,1,1,98,0,0
12,121112,1,1,3,30,6,2,12,59,0,1,0,12,2,58,38,58038,4,2006,JNKAY01E26M1,J,N,K,A,Y,0,1,E,2,6,M,1,0,P,INFI,M3S,4D,6,17,3706,,0,1142,,G,,F,6,214,,,18R245,,,,,,0,0,000000000,00000000000,0,0,0,1,0,0,0,0,0,0,0,50,0,0,0,12,6,2,30,0,0,0,1,12,32257,6,1,0,0,3,0,73,999,0,0,0,0,0,0,0,0,0,1,36,0,0,0,4,2,15,3,1,8,1,28,3,14,13,1,1,4,1,1,1
12,121113,1,1,1,30,6,1,35,30,0,1,0,12,1,37,706,37706,80,2003,1HFSC490X3A1,1,H,F,S,C,4,9,0,X,3,A,1,0,M,HOND,XTR,RS,3,17,,,,,,,1795,,2,,4,720,,,,,,,0,0,000000000,00000000000,0,0,0,1,0,0,0,0,0,0,0,55,0,0,0,12,6,2,30,0,0,0,1,12,33009,6,1,6,0,3,0,73,999,0,0,0,0,0,0,0,0,0,0,6,0,0,0,3,3,55,3,1,8,1,0,0,14,13,1,1,4,1,1,0
12,121114,1,1,1,30,6,2,20,38,0,1,0,12,2,20,481,20481,31,1992,2GCEK19K5N12,2,G,C,E,K,1,9,K,5,N,1,2,0,T,CHEV,GK1,PC,92,17,,2,1555,1415,GM4,G,,,8,350,,,,B,4303,02,,44,0,0,000000000,00000000000,0,0,0,1,0,0,0,0,0,0,0,64,0,1,6,61,6,2,38,0,0,0,1,12,34756,6,1,0,0,3,0,72,999,0,0,0,1,0,7,2011,7,2011,1,6,0,0,0,1,2,30,1,6,8,1,0,0,1,12,1,4,4,7,1,1
12,121115,1,1,1,1,7,1,15,42,0,1,0,12,2,55,33,55033,4,2001,KMHWF25S51A3,K,M,H,W,F,2,5,S,5,1,A,3,0,P,HYUN,SOL,4D,1,17,3072,,0,1063,,G,,F,4,144,,,15R205,,,,,,0,0,000000000,00000000000,0,0,0,1,0,0,0,0,0,0,0,70,0,0,0,61,6,2,42,0,0,0,1,12,32566,6,1,0,0,3,0,72,999,0,0,0,0,0,0,0,0,0,0,6,0,0,0,3,2,70,1,1,8,1,0,0,1,13,1,3,4,2,1,0
12,121116,1,2,1,1,7,5,0,12,1,1,0,12,3,7,482,7482,31,2012,3C6UD5DL9CG1,3,C,6,U,D,5,D,L,9,C,G,1,0,T,DODG,SL2,CW,12,17,,2,0,1490,RPC,D,,,6,408,,,,C,6309,00,K,44,0,0,000000000,00000000000,0,0,0,1,0,0,0,0,0,0,0,45,0,0,0,12,4,3,12,0,0,0,1,12,34667,6,1,0,0,3,0,70,999,1,0,0,0,0,6,2012,6,2012,0,6,0,0,0,2,3,55,1,1,8,1,3,3,1,51,1,1,1,24,0,1
12,121116,2,2,1,1,7,5,0,12,1,1,0,36,2,12,13,12013,4,1998,1FAFP13P9WW3,1,F,A,F,P,1,3,P,9,W,W,3,0,P,FORD,ESS,4D,98,17,2468,,0,984,,G,,F,4,122,,,14R185,,,,,,0,0,000000000,00000000000,0,0,0,1,0,0,0,0,0,0,0,15,0,0,0,6,6,2,12,0,0,0,1,12,34667,0,0,0,0,0,0,65,999,0,0,0,0,0,0,0,0,0,0,0,0,0,0,2,3,55,1,1,8,1,3,3,1,53,1,1,1,25,1,0
12,121117,1,1,5,1,7,7,13,1,0,1,0,12,1,12,401,12401,14,2000,1FMZU63X7YUB,1,F,M,Z,U,6,3,X,7,Y,U,B,0,P,FORD,EPR,UT,0,17,3906,,0,1116,,G,,F,6,245,,,15R235,,,,,,0,0,000000000,00000000000,0,0,0,1,0,0,0,0,0,0,0,70,0,1,3,0,6,2,1,0,0,0,1,12,34982,6,1,0,0,3,0,68,999,0,0,0,0,0,0,0,0,0,0,6,0,0,0,3,3,70,1,1,8,1,0,0,1,1,1,1,4,6,1,0
12,121118,1,2,2,1,7,9,27,12,2,1,0,48,1,12,3,12003,2,2008,1ZVHT80N6851,1,Z,V,H,T,8,0,N,6,8,5,1,0,P,FORD,MUS,CP,8,17,3300,,0,1071,,G,,F,6,244,,,16R215,,,,,,0,0,000000000,00000000000,0,0,0,1,0,0,0,0,0,0,0,70,0,1,1,12,6,2,12,0,0,0,1,48,78218,6,1,0,0,3,0,999,999,0,0,0,0,0,0,0,0,0,0,6,28,0,0,2,2,40,2,1,8,1,0,0,14,12,1,1,4,50,2,1
12,121118,2,2,1,1,7,9,27,12,2,1,0,12,2,51,43,51043,6,2004,YV1SW59V7424,Y,V,1,S,W,5,9,V,7,4,2,4,0,P,VOLV,V7F,SW,4,17,3582,,0,1085,,G,,T,5,153,,,16R205,,,,,,0,0,000000000,00000000000,0,0,0,1,0,0,0,0,0,0,0,40,0,0,0,12,6,2,12,0,0,0,1,12,32817,6,1,0,0,3,0,63,999,0,0,0,0,0,0,0,0,0,0,0,0,0,0,2,2,40,3,1,8,1,0,0,14,62,1,1,1,51,0,0
12,121119,1,2,1,1,7,2,1,12,7,1,0,12,1,12,481,12481,31,2002,1FTRX17W72NA,1,F,T,R,X,1,7,W,7,2,N,A,0,T,FORD,F15,4C,2,17,,2,1571,1385,COF,G,,,8,281,,,,B,4224,06,U,42,0,0,000000000,00000000000,0,0,0,1,0,0,0,0,0,0,0,55,0,0,0,61,6,2,24,0,0,0,1,12,33127,6,1,0,0,3,0,67,999,0,0,0,0,0,0,0,0,0,1,6,0,0,0,6,2,55,2,5,8,1,0,0,14,10,1,1,2,45,1,0
12,121119,2,2,1,1,7,2,1,12,7,1,0,12,1,35,39,35039,4,2005,1N4BA41E95C8,1,N,4,B,A,4,1,E,9,5,C,8,0,P,NISS,MEL,4D,5,17,3321,,0,1112,,G,,F,6,214,,,17R225,,,,,,0,0,000000000,00000000000,0,0,0,1,0,0,0,0,0,0,0,55,0,0,0,81,4,1,12,0,0,0,1,12,33150,6,1,0,0,3,0,65,999,0,0,0,0,1,4,2011,4,2011,0,0,0,0,0,6,2,55,2,5,8,1,0,0,14,61,1,1,1,44,0,0
12,121121,1,1,1,4,7,22,2,42,0,1,0,12,1,20,404,20404,14,2012,2GNALBEK6C11,2,G,N,A,L,B,E,K,6,C,1,1,0,P,CHEV,EQU,UT,12,17,3786,,0,1125,,F,,F,4,146,,,17R225,,,,,,0,0,000000000,00000000000,0,0,0,1,0,0,0,0,0,0,0,89,0,1,5,12,6,2,42,0,0,0,1,12,34972,1,1,0,0,2,3,64,999,0,4,0,1,0,8,2009,5,2012,1,36,0,0,0,1,2,55,2,1,8,2,0,0,14,12,1,1,4,6,1,1
12,121122,1,1,1,5,7,4,20,33,0,1,0,12,1,53,709,53709,80,2008,KM4MP5786816,K,M,4,M,P,5,7,8,6,8,1,6,0,M,HYOS,GT6,RS,8,17,,,,,,,647,,2,,4,0000,,,,,,,0,0,000000000,00000000000,0,0,0,1,0,0,0,0,0,0,0,998,0,0,0,12,6,2,33,0,0,0,1,12,33147,1,1,0,0,2,0,68,999,0,5,0,1,0,9,2009,6,2012,0,0,0,0,0,2,2,98,1,1,8,8,0,0,1,13,1,1,4,1,1,0
12,121123,1,1,1,11,7,21,10,8,0,1,0,12,1,7,442,7442,20,2001,1B4GP24331B1,1,B,4,G,P,2,4,3,3,1,B,1,0,T,DODG,GCS,ES,1,17,,1,0,1193,CAR,F,,,6,201,,,,,3917,00,E,42,0,0,000000000,00000000000,0,0,0,1,0,0,0,0,0,0,0,55,0,0,0,12,6,2,8,0,0,0,1,12,32181,6,1,0,0,3,3,64,999,1,0,0,0,1,12,2010,12,2010,0,0,0,0,0,1,2,60,1,1,8,1,0,0,1,80,1,1,1,13,0,0
12,121124,1,1,1,29,4,3,18,8,0,1,0,12,1,59,404,59404,14,2010,JTJBM7FX9A50,J,T,J,B,M,7,F,X,9,A,5,0,0,P,LEXS,GX6,UT,10,17,5305,,0,1098,,G,,F,8,281,,,18R265,,,,,,0,0,000000000,00000000000,0,0,0,1,0,0,0,0,0,0,0,50,0,0,0,12,6,2,8,0,0,0,1,12,33162,6,1,6,0,3,0,66,999,0,0,0,0,0,0,0,0,0,0,0,0,0,0,2,3,45,1,1,8,1,0,0,1,80,1,1,1,13,0,0
12,121125,1,1,1,28,6,22,38,9,0,1,0,12,2,37,31,37031,4,1999,2HGEJ8548XH5,2,H,G,E,J,8,5,4,8,X,H,5,0,P,HOND,UAX,4D,99,17,2513,,0,1032,,G,,F,4,097,,,14R185,,,,,,0,0,000000000,00000000000,0,0,0,1,0,0,0,0,0,0,0,20,0,0,0,12,2,3,9,0,0,0,1,12,33460,6,1,0,0,3,3,61,999,0,0,0,0,0,0,0,0,0,0,0,0,0,0,6,1,35,2,1,8,1,3,3,14,83,1,1,1,13,0,0
12,121126,1,1,1,30,6,2,20,8,0,1,1,12,2,20,481,20481,31,2007,1GCEC19C97Z5,1,G,C,E,C,1,9,C,9,7,Z,5,0,T,CHEV,SC1,4C,7,17,,2,1575,1339,SIL,G,,,8,293,,,,B,4743,05,,42,0,0,000000000,00000000000,0,0,0,1,0,0,0,0,0,0,0,40,0,0,0,98,4,1,8,0,0,0,1,12,34476,6,1,0,0,3,0,60,999,0,0,0,0,1,11,2009,11,2009,0,0,0,0,0,5,2,45,1,1,8,1,0,0,1,13,1,1,4,13,0,0
12,121127,1,3,1,3,7,23,3,12,6,1,0,12,1,20,401,20401,14,1986,1G8CS18R3G81,1,G,8,C,S,1,8,R,3,G,8,1,0,P,CHEV,S10,UT,86,17,2798,,0,1005,,G,,F,6,173,,,000000,,,,,,0,0,000000000,00000000000,0,0,0,1,0,0,0,0,0,0,0,40,0,1,1,12,6,2,1,0,0,0,1,12,33311,6,1,0,0,3,0,69,999,1,1,0,0,0,3,2010,6,2010,1,6,0,0,0,1,2,30,1,1,8,1,0,0,1,73,1,1,1,93,1,1
12,121127,2,3,1,3,7,23,3,12,6,1,0,12,2,35,39,35039,4,2004,1N4BA41E94C8,1,N,4,B,A,4,1,E,9,4,C,8,0,P,NISS,MEL,4D,4,17,3310,,0,1112,,G,,F,6,214,,,17R225,,,,,,0,0,000000000,00000000000,0,0,0,1,0,0,0,0,0,0,0,5,0,0,0,83,6,2,12,0,0,0,1,12,33311,1,1,0,0,2,3,72,999,0,4,0,0,0,5,2011,4,2012,1,6,0,0,0,1,2,30,1,1,8,1,0,0,13,98,1,1,1,92,0,0
12,121127,3,3,1,3,7,23,3,12,6,1,0,12,1,49,402,49402,14,2008,JTMZD33V3851,J,T,M,Z,D,3,3,V,3,8,5,1,0,P,TOYT,RG4,UT,8,17,3300,,0,1047,,G,,F,4,144,,,16R215,,,,,,0,0,000000000,00000000000,0,0,0,1,0,0,0,0,0,0,0,30,0,0,0,12,4,1,12,0,0,0,1,12,33313,6,1,0,0,3,0,67,999,0,0,0,0,0,0,0,0,0,0,0,0,0,0,1,2,30,1,1,8,1,0,0,1,50,1,1,1,98,0,0
12,121128,1,1,2,5,7,2,9,24,0,1,0,12,1,37,32,37032,4,1996,1HGCD565XTA0,1,H,G,C,D,5,6,5,X,T,A,0,0,P,HOND,UER,4D,96,17,2974,,0,1069,,G,,F,4,132,,,15R195,,,,,,0,0,000000000,00000000000,0,0,0,1,0,0,0,0,0,0,0,70,0,0,0,12,6,2,21,0,0,0,1,12,33023,6,1,0,0,3,0,63,999,0,0,0,0,0,0,0,0,0,1,0,0,0,0,3,2,40,1,1,8,1,0,0,1,12,1,4,4,7,1,1
12,121129,1,1,2,5,7,3,9,1,0,1,0,12,1,7,472,7472,30,1990,1B7FL23X6LS6,1,B,7,F,L,2,3,X,6,L,S,6,0,T,DODG,DAK,PC,90,17,,1,0,1309,DAK,G,,,6,239,,,,B,3137,01,A,42,0,0,000000000,00000000000,0,0,0,1,0,0,0,0,0,0,0,75,0,2,5,0,6,2,1,0,0,0,1,12,32236,6,1,0,0,3,0,70,999,0,0,0,0,0,0,0,0,0,1,6,0,0,0,1,2,45,1,1,8,1,0,0,1,13,1,3,4,2,1,1
12,121130,1,1,1,6,7,8,20,9,0,1,0,12,3,12,481,12481,31,2010,1FTEW1C84AFD,1,F,T,E,W,1,C,8,4,A,F,D,0,T,FORD,F1S,CW,10,17,,2,1570,1450,COF,G,,,8,281,,,,B,5048,00,7,42,0,0,000000000,00000000000,0,0,0,1,0,0,0,0,0,0,0,5,0,0,0,12,0,8,9,0,0,0,1,12,32082,6,1,0,0,3,0,70,999,0,0,0,1,0,10,2010,10,2010,0,6,0,0,0,2,2,25,1,1,8,1,20,3,1,83,1,1,1,13,0,0
12,121131,1,2,2,6,7,18,35,12,2,1,0,12,2,49,442,49442,20,2005,5TDZA23C45S3,5,T,D,Z,A,2,3,C,4,5,S,3,0,P,TOYT,SIE,SV,5,17,4120,,0,1193,,G,,F,6,201,,,15R205,,,,,,0,0,000000000,00000000000,0,0,0,1,0,0,0,0,0,0,0,35,0,0,0,12,6,2,12,0,0,0,1,12,34787,6,1,0,0,3,0,66,999,0,0,0,0,0,0,0,0,0,0,51,0,0,0,5,2,35,2,1,8,1,0,0,14,54,1,1,1,52,0,0
12,121131,2,2,2,6,7,18,35,12,2,1,0,12,1,37,32,37032,4,2000,1HGCG1654YA0,1,H,G,C,G,1,6,5,4,Y,A,0,0,P,HOND,UEX,4D,0,17,3285,,0,1069,,G,,F,6,183,,,15R205,,,,,,0,0,000000000,00000000000,0,0,0,1,0,0,0,0,0,0,0,35,0,1,2,12,6,2,1,0,0,0,1,12,34786,6,1,0,0,3,3,76,999,1,0,0,0,2,11,2009,10,2011,0,0,0,0,0,5,2,35,3,1,8,1,0,0,14,54,1,1,1,52,1,0
12,121132,1,1,1,11,7,23,22,1,0,1,0,12,2,12,481,12481,31,1999,1FTZX1720XKA,1,F,T,Z,X,1,7,2,0,X,K,A,0,T,FORD,F15,4C,99,17,,1,1571,1385,COF,G,,,6,256,,,,B,00000,00,U,42,0,0,000000000,00000000000,0,0,0,1,0,0,0,0,0,0,0,55,0,1,6,0,6,2,1,0,0,0,1,12,33549,6,1,0,0,3,0,70,999,0,0,0,0,0,0,0,0,0,0,6,0,0,0,2,2,45,1,1,8,1,0,0,1,13,1,3,4,2,1,1
12,121133,1,2,1,12,7,16,54,12,6,1,0,12,2,98,709,98709,80,2009,LXKS161309S1,L,X,K,S,1,6,1,3,0,9,S,1,0,U,,,,9,17,,,,,,,,,,,,,,,,,,,0,0,000000000,00000000000,0,0,0,1,0,0,0,0,0,0,0,10,0,0,0,12,6,2,12,0,0,0,1,12,32606,6,1,0,0,2,0,66,999,0,0,0,1,0,9,2010,9,2010,0,48,0,0,0,1,2,25,1,1,8,2,20,3,10,11,1,1,2,84,1,0
12,121133,2,2,1,12,7,16,54,12,6,1,0,12,2,49,35,49035,4,1990,JT2MX83E4L00,J,T,2,M,X,8,3,E,4,L,0,0,0,P,TOYT,CRL,4D,90,17,3417,,0,1045,,G,,F,6,180,,,15R195,,,,,,0,0,000000000,00000000000,0,0,0,1,0,0,0,0,0,0,0,40,0,0,0,9,4,3,12,0,0,0,1,12,33319,6,1,0,0,3,3,63,999,1,1,0,0,0,2,2010,9,2011,0,0,0,0,0,1,2,25,1,1,8,2,0,0,1,62,7,1,1,84,0,0