STATE,ST_CASE,VEH_NO,VE_FORMS,NUMOCCS,DAY,MONTH,HOUR,MINUTE,HARM_EV,MAN_COLL,UNITTYPE,HIT_RUN,REG_STAT,OWNER,MAKE,MODEL,MAK_MOD,BODY_TYP,MOD_YEAR,VIN,VIN_1,VIN_2,VIN_3,VIN_4,VIN_5,VIN_6,VIN_7,VIN_8,VIN_9,VIN_10,VIN_11,VIN_12,TOW_VEH,VINTYPE,VINMAKE,VINA_MOD,VIN_BT,VINMODYR,VIN_LNGT,VIN_WGT,WGTCD_TR,WHLBS_LG,WHLBS_SH,SER_TR,FUELCODE,MCYCL_DS,CARBUR,CYLINDER,DISPLACE,MCYCL_CY,MCYCL_WT,TIRE_SZE,TON_RAT,TRK_WT,TRKWTVAR,VIN_REST,WHLDRWHL,J_KNIFE,MCARR_I1,MCARR_I2,MCARR_ID,GVWR,V_CONFIG,CARGO_BT,HAZ_INV,HAZ_PLAC,HAZ_ID,HAZ_CNO,HAZ_REL,BUS_USE,SPEC_USE,EMER_USE,TRAV_SP,UNDERIDE,ROLLOVER,ROLINLOC,IMPACT1,DEFORMED,TOWED,M_HARM,VEH_SC1,VEH_SC2,FIRE_EXP,DR_PRES,L_STATE,DR_ZIP,L_STATUS,L_TYPE,CDL_STAT,L_ENDORS,L_COMPL,L_RESTRI,DR_HGT,DR_WGT,PREV_ACC,PREV_SUS,PREV_DWI,PREV_SPD,PREV_OTH,FIRST_MO,FIRST_YR,LAST_MO,LAST_YR,SPEEDREL,DR_SF1,DR_SF2,DR_SF3,DR_SF4,VTRAFWAY,VNUM_LAN,VSPD_LIM,VALIGN,VPROFILE,VPAVETYP,VSURCOND,VTRAFCON,VTCONT_F,P_CRASH1,P_CRASH2,P_CRASH3,PCRASH4,PCRASH5,ACC_TYPE,DEATHS,DR_DRINK
12,121134,1,1,1,14,7,6,38,38,0,1,0,12,1,41,35,41035,4,2002,JM1BJ225X205,J,M,1,B,J,2,2,5,X,2,0,5,0,P,MAZD,PDS,4D,2,17,2493,,0,1028,,G,,F,4,122,,,15R195,,,,,,0,0,000000000,00000000000,0,0,0,1,0,0,0,0,0,0,0,60,0,0,0,12,6,2,42,0,0,0,1,12,32618,6,1,0,0,3,3,71,999,0,0,0,0,0,0,0,0,0,0,0,0,0,0,1,2,60,1,1,8,1,0,0,1,12,1,1,4,6,1,0
12,121135,1,4,3,23,6,11,30,12,1,1,0,12,1,55,33,55033,4,2012,5NPEB4AC6CH3,5,N,P,E,B,4,A,C,6,C,H,3,0,P,HYUN,SGL,4D,12,17,3161,,0,1100,,G,,F,4,144,,,16R205,,,,,,0,0,000000000,00000000000,0,0,0,1,0,0,0,0,0,0,0,25,0,0,0,12,6,8,12,0,0,0,1,12,32514,6,1,6,0,3,3,74,999,0,0,0,0,1,6,2012,6,2012,0,6,0,0,0,2,2,45,1,1,8,1,3,3,1,50,1,1,1,20,0,0
12,121135,2,4,2,23,6,11,30,12,1,1,0,12,2,49,40,49040,4,1997,4T1BG22K9VU7,4,T,1,B,G,2,2,K,9,V,U,7,0,P,TOYT,UEX,4D,97,17,2976,,0,1051,,G,,F,4,132,,,14R195,,,,,,0,0,000000000,00000000000,0,0,0,1,0,0,0,0,0,0,0,0,0,0,0,6,4,8,12,0,0,0,1,12,32534,6,1,0,0,3,0,65,999,0,0,0,0,0,0,0,0,0,0,0,0,0,0,2,2,45,1,1,8,1,3,3,5,53,1,1,1,21,1,0
12,121135,3,4,1,23,6,11,30,12,1,1,0,12,1,49,49,49049,6,2006,JTLKT3347640,J,T,L,K,T,3,3,4,7,6,4,0,0,P,TOYT,SXB,UT,6,17,2395,,0,984,,G,,F,4,092,,,15R185,,,,,,0,0,000000000,00000000000,0,0,0,1,0,0,0,0,0,0,0,0,0,0,0,6,4,8,12,0,0,0,1,12,32536,6,1,0,0,3,0,72,999,0,0,0,1,2,7,2009,12,2011,0,0,0,0,0,2,2,45,1,1,8,1,3,3,5,53,1,1,1,98,0,0
12,121135,4,4,1,23,6,11,30,12,1,1,0,12,2,23,481,23481,31,2001,2GTEC19T0111,2,G,T,E,C,1,9,T,0,1,1,1,0,T,GMC,NC1,PC,1,17,,2,1575,1435,SIE,G,,,8,325,,,,B,4413,00,U,42,0,0,000000000,00000000000,0,0,0,1,0,0,0,0,0,0,0,0,0,0,0,6,2,8,12,0,0,0,1,12,32526,6,1,0,0,3,3,71,999,0,0,0,0,0,0,0,0,0,0,0,0,0,0,2,2,45,1,1,8,1,3,3,5,53,1,1,1,98,0,0
12,121136,1,3,1,22,6,22,9,12,7,1,1,99,9,99,999,99999,99,9999,999999999999,9,9,9,9,9,9,9,9,9,9,9,9,0,,,,,,,,,,,,,,,,,,,,,,,,,0,0,000000000,00000000000,0,0,0,1,0,0,0,0,0,0,0,45,0,0,0,62,2,1,12,0,0,0,1,99,99999,9,9,99,9,9,9,999,999,99,99,99,99,99,99,9999,99,9999,9,0,0,0,0,6,1,25,1,5,8,2,0,0,15,10,1,1,2,47,0,0
12,121136,2,3,2,22,6,22,9,12,7,1,0,12,1,35,401,35401,14,1999,JN8AR07S5XW3,J,N,8,A,R,0,7,S,5,X,W,3,0,P,NISS,PFI,UT,99,17,0,,0,1063,,G,,F,6,201,,,16R245,,,,,,0,0,000000000,00000000000,0,0,0,1,0,0,0,0,0,0,0,55,0,0,0,4,6,2,12,0,0,0,1,12,33014,6,1,0,0,3,3,66,999,0,0,0,0,0,0,0,0,0,0,0,0,0,0,3,3,60,1,5,8,2,0,0,1,61,1,1,1,45,1,0
12,121136,3,3,1,22,6,22,9,12,7,1,0,12,3,12,881,12881,62,2007,3FRNF65F97V5,3,F,R,N,F,6,5,F,9,7,V,5,5,T,FORD,F66,CC,7,17,,6,2600,1460,COF,D,,,6,360,,,,D,00000,00,A,42,1,12,1354701,121354701,2,1,12,1,0,0,0,0,0,0,0,55,0,0,0,12,6,2,12,0,0,0,1,12,33147,6,1,6,0,3,3,70,999,0,0,0,0,0,0,0,0,0,0,0,0,0,0,3,3,60,1,5,8,2,0,0,1,54,1,1,1,98,0,0
12,121137,1,1,1,3,7,23,50,8,0,1,1,99,9,99,999,99999,99,9999,999999999999,9,9,9,9,9,9,9,9,9,9,9,9,0,,,,,,,,,,,,,,,,,,,,,,,,,0,0,000000000,00000000000,0,0,0,1,0,0,0,0,0,0,0,999,0,0,0,12,9,1,8,0,0,0,1,99,99999,9,9,99,9,9,9,999,999,99,99,99,99,99,99,9999,99,9999,9,0,0,0,0,5,4,40,1,1,8,1,0,0,1,80,99,1,1,13,0,0
12,121138,1,1,2,13,7,23,8,34,0,1,0,12,2,55,35,55035,4,2001,KMHDN45DX1U1,K,M,H,D,N,4,5,D,X,1,U,1,0,P,HYUN,EST,4D,1,17,2635,,0,1027,,G,,F,4,121,,,15R205,,,,,,0,0,000000000,00000000000,0,0,0,1,0,0,0,0,0,0,0,40,0,1,5,98,6,2,30,0,0,0,1,12,33570,3,1,0,0,2,0,65,999,0,0,0,0,0,0,0,0,0,0,0,0,0,0,1,2,40,3,5,8,2,0,0,14,13,1,4,4,2,1,1
12,121139,1,1,1,5,3,6,53,9,0,1,0,12,2,20,481,20481,31,1992,1GCEC14K6NE2,1,G,C,E,C,1,4,K,6,N,E,2,0,T,CHEV,GC1,PK,92,17,,2,1315,1175,GM4,G,,,8,350,,,,B,3718,04,,42,0,0,000000000,00000000000,0,0,0,1,0,0,0,0,0,0,0,49,0,0,0,12,4,3,9,0,0,0,1,12,32935,6,1,0,0,3,0,69,999,0,3,0,0,1,4,2009,1,2012,0,0,0,0,0,2,3,45,1,1,8,1,3,3,1,83,1,1,1,13,0,0
12,121140,1,2,1,10,3,19,12,12,2,1,0,12,2,12,461,12461,21,2006,1FTSS34L56HA,1,F,T,S,S,3,4,L,5,6,H,A,0,T,FORD,3SD,EC,6,17,,2,0,1380,VAN,G,,,8,330,,,,D,5584,00,E,42,0,0,000000000,00000000000,0,0,0,1,0,0,0,0,0,0,0,50,0,1,5,12,6,2,12,0,0,0,1,12,34715,6,1,0,0,3,0,64,999,0,0,0,0,0,0,0,0,0,0,0,0,0,0,2,3,50,1,5,8,2,0,0,1,12,1,1,4,50,1,0
12,121140,2,2,1,10,3,19,12,12,2,1,0,12,1,20,401,20401,14,2002,1GNDT13S6221,1,G,N,D,T,1,3,S,6,2,2,1,0,P,CHEV,TRL,UT,2,17,4628,,0,1130,,G,,F,6,256,,,16R245,,,,,,0,0,000000000,00000000000,0,0,0,1,0,0,0,0,0,0,0,50,0,0,0,12,6,2,12,0,0,0,1,12,34711,6,1,0,0,3,0,71,999,0,0,0,0,0,0,0,0,0,0,0,0,0,0,2,3,50,1,6,8,2,0,0,1,62,1,1,1,51,0,0
12,121141,1,3,2,4,4,8,54,12,2,1,0,12,1,35,39,35039,4,2002,JN1DA31A32T3,J,N,1,D,A,3,1,A,3,2,T,3,0,P,NISS,MGL,4D,2,17,3146,,0,1083,,G,,F,6,214,,,16R215,,,,,,0,0,000000000,00000000000,0,0,0,1,0,0,0,0,0,0,0,45,0,0,0,12,6,2,12,0,0,0,1,12,33167,6,1,0,0,3,3,64,999,0,0,0,0,0,0,0,0,0,0,38,0,0,0,5,4,35,1,1,8,1,0,0,11,10,1,1,1,82,1,0
12,121141,2,3,7,4,4,8,54,12,2,1,0,12,3,98,981,98981,52,1999,1N9040027XA1,1,N,9,0,4,0,0,2,7,X,A,1,0,U,,,,99,17,,,,,,,,,,,,,,,,,,,0,88,888888888,88888888888,3,21,22,1,0,0,0,0,6,0,0,35,0,0,0,12,2,3,42,0,0,0,1,12,33128,6,1,6,3,3,3,67,999,0,0,0,0,0,0,0,0,0,0,0,0,0,0,5,4,35,1,1,8,1,0,0,1,62,1,1,1,83,0,0
12,121141,3,3,2,4,4,8,54,12,2,1,0,12,1,2,404,2404,14,2001,1J4GX48S61C5,1,J,4,G,X,4,8,S,6,1,C,5,0,T,JEEP,LRO,4W,1,17,,1,0,1059,GCK,G,,,6,244,,,,,3675,01,E,42,0,0,000000000,00000000000,0,0,0,1,0,0,0,0,0,0,0,35,0,0,0,11,2,1,12,0,0,0,1,12,33014,6,1,0,0,3,0,69,999,0,0,0,0,0,0,0,0,0,0,0,0,0,0,5,4,35,1,1,8,1,0,0,1,61,1,1,1,98,0,0
12,121142,1,2,1,5,4,19,19,12,6,1,0,12,1,12,3,12003,1,2002,1FAFP44472F1,1,F,A,F,P,4,4,4,7,2,F,1,0,P,FORD,MUS,CV,2,17,3208,,0,1013,,G,,F,6,232,,,16R225,,,,,,0,0,000000000,00000000000,0,0,0,1,0,0,0,0,0,0,0,998,0,0,0,1,4,1,12,0,0,0,1,12,32935,6,1,0,0,3,0,69,999,0,0,0,0,0,0,0,0,0,0,38,0,0,0,1,3,98,1,1,8,1,3,3,11,15,1,1,1,68,0,0
12,121142,2,2,1,5,4,19,19,12,6,1,0,12,1,73,705,73705,80,2005,JKAEXVD1X5A0,J,K,A,E,X,V,D,1,X,5,A,0,0,M,KAWK,E5D,RC,5,17,,,,,,,498,,2,,4,391,,,,,,,0,0,000000000,00000000000,0,0,0,1,0,0,0,0,0,0,0,30,0,0,0,12,6,2,12,0,0,0,1,12,32905,6,1,0,0,3,0,72,999,0,0,0,0,0,0,0,0,0,0,0,0,0,0,1,3,35,1,1,8,1,3,3,1,67,1,1,2,69,1,0
12,121143,1,2,3,6,4,10,16,12,98,1,0,12,2,13,1,13001,4,1998,1LNFM82W2WY6,1,L,N,F,M,8,2,W,2,W,Y,6,0,P,LINC,SIG,4D,98,17,0,,0,1177,,G,,F,8,281,,,16R225,,,,,,0,0,000000000,00000000000,0,0,0,1,0,0,0,0,0,0,0,998,7,0,0,12,6,2,12,0,0,0,1,12,33193,0,0,0,0,0,0,999,999,0,0,0,0,0,0,0,0,0,0,38,0,0,0,1,2,98,1,1,8,1,97,8,11,15,1,1,1,68,0,0
12,121143,2,2,1,6,4,10,16,12,98,1,0,12,1,34,706,34706,80,2008,WB10591A48ZM,W,B,1,0,5,9,1,A,4,8,Z,M,0,M,BMW,K00,RC,8,17,,,,,,,1157,,4,,4,499,,,,,,,0,0,000000000,00000000000,0,0,0,1,0,0,0,0,0,0,0,998,0,0,0,12,6,2,12,0,0,0,1,12,33157,6,1,0,0,3,3,67,999,0,0,0,2,0,12,2010,12,2010,0,0,0,0,0,1,2,98,1,1,8,1,0,0,1,62,1,1,1,69,1,0
12,121144,1,2,1,25,4,14,25,12,2,1,0,12,2,41,35,41035,4,1990,JM1BG224XL01,J,M,1,B,G,2,2,4,X,L,0,1,0,P,MAZD,PSE,4D,90,17,2249,,0,984,,G,,F,4,112,,,13R175,,,,,,0,0,000000000,00000000000,0,0,0,1,0,0,0,0,0,0,0,999,0,0,0,12,6,2,12,0,0,0,1,12,33172,6,1,0,0,3,3,61,999,0,0,0,0,0,0,0,0,0,0,39,0,0,0,1,4,40,1,1,8,1,3,3,1,17,1,1,1,90,1,0
12,121144,2,2,1,25,4,14,25,12,2,1,0,12,1,49,32,49032,4,2004,2T1BR32E44C2,2,T,1,B,R,3,2,E,4,4,C,2,0,P,TOYT,UCS,4D,4,17,2502,,0,1024,,G,,F,4,109,,,15R185,,,,,,0,0,000000000,00000000000,0,0,0,1,0,0,0,0,0,0,0,999,0,0,0,12,6,2,12,0,0,0,1,12,33016,6,1,0,0,3,0,63,999,0,0,0,0,0,0,0,0,0,0,0,0,0,0,2,3,40,1,1,8,1,3,3,1,66,1,1,1,90,0,0
12,121145,1,1,1,14,5,21,57,24,0,1,0,12,2,76,709,76709,80,2006,JYARJ12E76A0,J,Y,A,R,J,1,2,E,7,6,A,0,0,M,YAMA,R6L,RC,6,17,,,,,,,599,,4,,4,357,,,,,,,0,0,000000000,00000000000,0,0,0,1,0,0,0,0,0,0,0,60,0,0,0,98,6,2,24,0,0,0,1,55,53098,6,1,0,0,3,3,70,185,0,0,0,1,2,3,2010,3,2011,0,0,0,0,0,1,2,45,1,1,8,1,0,0,1,13,1,1,4,1,1,0
12,121146,1,1,1,21,5,21,46,39,0,1,0,12,2,37,705,37705,80,1998,JH2PC2502WM7,J,H,2,P,C,2,5,0,2,W,M,7,0,M,HOND,RF3,RC,98,17,,,,,,,600,,4,,4,412,,,,,,,0,0,000000000,00000000000,0,0,0,1,0,0,0,0,0,0,0,25,0,0,0,12,6,2,39,0,0,0,1,12,33407,1,1,0,0,2,3,66,999,0,3,0,0,0,6,2009,5,2011,1,36,0,0,0,1,2,25,2,1,8,1,0,0,14,12,1,1,4,6,1,1
12,121147,1,3,1,9,6,19,2,12,2,1,0,12,2,12,481,12481,31,2004,1FTRF12W24NB,1,F,T,R,F,1,2,W,2,4,N,B,0,T,FORD,F15,PK,4,17,,2,1450,1260,COF,G,,,8,281,,,,B,4810,00,U,42,0,0,000000000,00000000000,0,0,0,1,0,0,0,0,0,0,0,60,0,0,0,12,6,2,12,0,0,0,1,12,34251,6,1,0,0,3,3,74,999,0,0,0,0,0,0,0,0,0,0,51,0,0,0,2,3,60,1,1,8,1,0,0,1,54,1,1,1,52,1,1
12,121147,2,3,4,9,6,19,2,12,2,1,0,12,1,12,401,12401,14,2006,1FMPU175X6LA,1,F,M,P,U,1,7,5,X,6,L,A,0,P,FORD,EPT,UT,6,17,5353,,0,1190,,G,,F,8,329,,,17R265,,,,,,0,0,000000000,00000000000,0,0,0,1,0,0,0,0,0,0,0,60,0,0,0,12,6,2,12,0,0,0,1,12,34251,6,1,0,0,3,3,72,999,0,0,0,0,0,0,0,0,0,0,0,0,0,0,2,3,60,1,1,8,1,0,0,1,54,1,1,1,52,2,0
12,121147,3,3,3,9,6,19,2,12,2,1,0,12,2,62,423,62423,15,2010,SALAK2D46AA5,S,A,L,A,K,2,D,4,6,A,A,5,0,T,LNDR,4HL,4W,10,17,,2,0,1134,LR4,G,,,8,302,,,,,00000,00,7,44,0,0,000000000,00000000000,0,0,0,1,0,0,0,0,0,0,0,60,0,0,0,6,4,8,54,0,0,0,1,12,34202,6,1,0,0,3,3,65,999,0,0,0,0,0,0,0,0,0,0,0,0,0,0,2,3,60,1,1,8,1,0,0,1,98,7,1,1,98,0,0
12,121148,1,2,4,30,6,12,7,12,6,1,0,12,2,20,461,20461,21,1998,1GBFG15R6W10,1,G,B,F,G,1,5,R,6,W,1,0,0,P,CHEV,S/V,SV,98,17,0,,0,1350,,G,,F,8,350,,,000000,,,,,,0,0,000000000,00000000000,0,0,0,1,0,0,0,0,0,0,0,10,0,0,0,3,6,2,12,0,0,0,1,12,33909,6,1,0,0,3,0,64,999,0,0,0,0,0,0,0,0,0,0,6,0,0,0,1,4,35,1,1,8,1,3,3,11,15,1,1,1,68,0,0
12,121148,2,2,1,30,6,12,7,12,6,1,0,12,1,72,706,72706,80,2004,1HD1FCW174Y6,1,H,D,1,F,C,W,1,7,4,Y,6,0,M,HD,FLU,RS,4,17,,,,,,,1450,,2,,4,788,,,,,,,0,0,000000000,00000000000,0,0,0,1,0,0,0,0,0,0,0,999,0,0,0,12,6,2,12,0,0,0,1,12,33903,6,1,0,0,3,0,69,999,0,0,0,0,0,0,0,0,0,0,0,0,0,0,1,4,35,1,1,8,1,3,3,1,66,7,1,1,69,1,0
12,121149,1,1,1,30,6,1,1,25,0,1,0,12,2,30,47,30047,3,2001,3VWDD21C11M4,3,V,W,D,D,2,1,C,1,1,M,4,0,P,VOLK,NGX,2H,1,17,2889,,0,989,,G,,T,4,109,,,16R205,,,,,,0,0,000000000,00000000000,0,0,0,1,0,0,0,0,0,0,0,100,0,1,5,12,6,2,25,0,0,0,1,12,33435,2,1,0,0,2,0,70,999,0,9,0,0,0,4,2010,6,2012,0,8,0,0,0,3,5,65,1,1,8,1,0,0,1,13,1,1,4,1,1,0
12,121150,1,1,1,1,7,3,40,34,0,1,0,12,2,49,32,49032,4,1995,JT2AE09B6S00,J,T,2,A,E,0,9,B,6,S,0,0,0,P,TOYT,LED,4D,95,17,2381,,0,970,,G,,F,4,108,,,14R185,,,,,,0,0,000000000,00000000000,0,0,0,1,0,0,0,0,0,0,0,60,0,1,5,12,6,2,2,0,0,1,1,12,32332,0,0,0,0,0,0,999,999,0,0,0,0,0,0,0,0,0,0,6,0,0,0,1,2,55,3,1,8,1,0,0,14,13,1,1,4,1,1,1
12,121151,1,1,1,1,7,18,45,42,0,1,0,12,1,20,16,20016,2,1994,1G1JC1445R72,1,G,1,J,C,1,4,4,5,R,7,2,0,P,CHEV,CRV,CP,94,17,2509,,0,1013,,G,,F,4,133,,,14R185,,,,,,0,0,000000000,00000000000,0,0,0,1,0,0,0,0,0,0,0,75,0,0,0,9,6,2,42,0,0,0,1,12,33862,6,1,0,0,3,0,62,999,0,0,0,0,0,0,0,0,0,0,36,0,0,0,1,2,55,1,1,8,1,0,0,1,13,1,1,4,1,1,0
12,121152,1,2,2,4,7,2,7,12,1,1,0,12,1,14,6,14006,4,2001,2MEFM74W91X6,2,M,E,F,M,7,4,W,9,1,X,6,0,P,MERC,GMG,4D,1,17,3927,,0,1147,,G,,F,8,281,,,16R225,,,,,,0,0,000000000,00000000000,0,0,0,1,0,0,0,0,0,0,0,35,0,0,0,12,6,2,12,0,0,0,1,12,33760,6,1,0,0,3,3,63,999,0,0,0,0,0,0,0,0,0,0,48,0,0,0,1,5,40,1,6,8,1,0,0,12,98,1,1,2,98,0,0
12,121152,2,2,1,4,7,2,7,12,1,1,0,12,1,76,706,76706,80,1999,JYARN02E7XA0,J,Y,A,R,N,0,2,E,7,X,A,0,0,M,YAMA,YFR,RC,99,17,,,,,,,998,,4,,4,390,,,,,,,0,0,000000000,00000000000,0,0,0,1,0,0,0,0,0,0,0,100,0,0,0,6,6,2,12,0,0,0,1,12,33771,6,1,0,0,2,0,72,999,1,2,0,0,2,7,2010,5,2012,1,0,0,0,0,1,5,40,1,6,8,1,0,0,1,62,1,1,1,98,1,1
12,121153,1,1,1,6,7,21,59,9,0,1,0,12,2,13,1,13001,4,1989,1LNBM81F1KY6,1,L,N,B,M,8,1,F,1,K,Y,6,0,P,LINC,TNC,4D,89,17,4044,,0,1173,,G,,F,8,302,,,15R215,,,,,,0,0,000000000,00000000000,0,0,0,1,0,0,0,0,0,0,0,40,0,0,0,1,6,2,9,0,0,0,1,12,33063,6,1,0,0,3,0,68,999,0,0,0,0,0,0,0,0,0,0,0,0,0,0,2,2,40,1,1,8,1,0,0,1,83,1,1,1,13,0,0
12,121154,1,5,1,14,3,12,33,12,6,1,0,12,1,37,39,37039,5,2007,JHMGD38647S0,J,H,M,G,D,3,8,6,4,7,S,0,0,P,HOND,FIS,4H,7,17,2551,,0,965,,G,,F,4,091,,,15R195,,,,,,0,0,000000000,00000000000,0,0,0,1,0,0,0,0,0,0,0,25,0,0,0,81,6,2,12,0,0,0,1,12,33193,6,1,0,0,3,3,62,999,0,0,0,0,0,0,0,0,0,0,6,0,0,0,2,2,40,1,1,8,1,3,3,11,15,1,1,1,68,1,0
12,121154,2,5,1,14,3,12,33,12,6,1,0,12,1,20,461,20461,21,2002,1GCFG25M8211,1,G,C,F,G,2,5,M,8,2,1,1,0,T,CHEV,E25,CG,2,17,,2,0,1350,EXP,G,,,8,305,,,,C,4711,00,,42,0,0,000000000,00000000000,0,0,0,1,0,0,0,0,0,0,0,40,0,1,5,12,6,2,1,0,0,0,1,12,33189,6,1,0,0,3,0,72,999,0,1,0,0,0,10,2010,10,2010,0,0,0,0,0,2,2,40,1,1,8,1,3,3,1,62,1,1,1,69,0,0
12,121154,3,5,1,14,3,12,33,12,6,1,0,12,2,49,32,49032,4,2012,2T1BU4EE1CC7,2,T,1,B,U,4,E,E,1,C,C,7,0,P,TOYT,CBS,4D,12,17,2734,,0,1024,,G,,F,4,110,,,15R195,,,,,,0,0,000000000,00000000000,0,0,0,1,0,0,0,0,0,0,0,0,0,0,0,12,4,1,12,0,0,0,1,12,33185,6,1,0,0,3,3,62,999,0,0,0,0,0,0,0,0,0,0,0,0,0,0,2,2,40,1,1,8,1,3,3,5,66,1,1,1,98,0,0
12,121154,4,5,1,14,3,12,33,12,6,1,0,12,3,23,880,23880,67,1999,4KDB4B1R3XJ0,4,K,D,B,4,B,1,R,3,X,J,0,0,T,GMC,W35,TB,99,17,,3,0,0,3/5,G,,,8,350,,,,,00000,00,,42,0,88,888888888,88888888888,2,1,97,1,0,0,0,0,0,0,0,0,0,0,0,12,6,2,12,0,0,0,1,12,33193,6,1,0,0,3,0,70,999,0,0,0,0,0,0,0,0,0,0,0,0,0,0,2,2,40,1,1,8,1,3,3,5,66,1,1,1,98,0,0
12,121154,5,5,1,14,3,12,33,12,6,1,0,12,1,6,441,6441,20,2004,2C4GP44R44R5,2,C,4,G,P,4,4,R,4,4,R,5,0,T,CHRY,TLX,ES,4,17,,1,0,1193,TWC,G,,,6,201,,,,,3962,00,,42,0,0,000000000,00000000000,0,0,0,1,0,0,0,0,0,0,0,0,0,0,0,12,4,1,12,0,0,0,1,12,33193,6,1,0,0,3,3,61,999,0,0,0,0,0,0,0,0,0,0,0,0,0,0,2,2,40,1,1,8,1,3,3,5,66,1,1,1,98,0,0
12,121155,1,2,1,17,3,23,22,1,0,1,0,17,2,72,706,72706,80,2008,1HD1BW5158Y0,1,H,D,1,B,W,5,1,5,8,Y,0,0,M,HD,STC,RS,8,17,,,,,,,1584,,2,,4,750,,,,,,,0,0,000000000,00000000000,0,0,0,1,0,0,0,0,0,0,0,60,0,0,0,0,6,2,12,0,0,0,1,12,33905,0,0,0,0,0,0,999,999,0,0,0,0,0,0,0,0,0,1,6,26,0,0,2,4,40,1,1,8,1,3,3,1,98,1,1,1,98,1,1
12,121155,2,2,3,17,3,23,22,1,0,1,0,12,1,20,2,20002,4,1992,1G1BN53E6NR1,1,G,1,B,N,5,3,E,6,N,R,1,0,P,CHEV,CLL,4D,92,17,3951,,0,1159,,G,,F,8,305,,,15R205,,,,,,0,0,000000000,00000000000,0,0,0,1,0,0,0,0,0,0,0,0,0,0,0,6,2,1,12,0,0,0,1,12,33916,6,1,0,0,3,3,76,999,0,0,0,0,3,2,2010,2,2012,0,0,0,0,0,2,4,40,1,1,8,1,3,3,5,53,1,1,1,98,0,0
12,121156,1,1,1,7,7,23,45,42,0,1,0,12,1,7,472,7472,31,2002,1B7HL48X82S5,1,B,7,H,L,4,8,X,8,2,S,5,0,T,DODG,DQS,CW,2,17,,2,0,1309,DAK,G,,,6,239,,,,B,4117,01,E,42,0,0,000000000,00000000000,0,0,0,1,0,0,0,0,0,0,0,55,0,0,0,12,6,2,42,0,0,0,1,12,32399,6,1,0,0,3,3,68,999,0,0,0,0,0,0,0,0,0,0,6,0,0,0,1,2,55,3,5,8,1,0,0,14,13,1,1,4,1,1,1
12,121157,1,2,2,7,7,20,51,12,6,1,0,12,2,42,48,42048,4,2011,WDDHF5GB3BA4,W,D,D,H,F,5,G,B,3,B,A,4,0,P,MERZ,ESD,4D,11,17,3825,,0,1131,,G,,F,6,213,,,17R235,,,,,,0,0,000000000,00000000000,0,0,0,1,0,0,0,0,0,0,0,30,0,0,0,3,6,2,12,0,0,0,1,12,33498,6,1,0,0,3,0,63,999,0,0,0,0,0,0,0,0,0,0,38,0,0,0,2,3,45,1,1,8,1,3,3,11,15,1,1,1,68,1,0
12,121157,2,2,1,7,7,20,51,12,6,1,0,12,2,41,471,41471,30,1999,4F4YR12C3XTM,4,F,4,Y,R,1,2,C,3,X,T,M,0,T,MAZD,5RC,PK,99,17,,1,0,1116,B25,G,,,4,152,,,,,00000,00,U,42,0,0,000000000,00000000000,0,0,0,1,0,0,0,0,0,0,0,999,0,0,0,12,6,2,12,0,0,0,1,12,33428,0,0,0,0,0,0,999,999,0,0,0,0,0,0,0,0,0,0,0,0,0,0,2,3,45,1,1,8,1,3,3,1,66,2,1,1,69,0,0
12,121158,1,2,1,8,7,9,5,12,6,1,0,12,1,20,9,20009,2,1997,2G1FP22K2V21,2,G,1,F,P,2,2,K,2,V,2,1,0,P,CHEV,C/R,CP,97,17,3294,,0,1011,,G,,F,6,231,,,16R215,,,,,,0,0,000000000,00000000000,0,0,0,1,0,0,0,0,0,0,0,15,0,0,0,10,6,2,12,0,0,0,1,12,32331,6,1,0,0,3,3,69,999,0,0,0,0,0,0,0,0,0,0,38,0,0,0,2,2,65,1,1,8,1,28,3,1,17,1,1,1,89,0,0
12,121158,2,2,1,8,7,9,5,12,6,1,0,12,1,72,706,72706,80,2002,1HD1BWB132Y0,1,H,D,1,B,W,B,1,3,2,Y,0,0,M,HD,FSI,RS,2,17,,,,,,,1450,,2,,4,696,,,,,,,0,0,000000000,00000000000,0,0,0,1,0,0,0,0,0,0,0,65,0,0,0,12,6,2,12,0,0,0,1,12,33556,6,1,0,0,3,3,64,999,0,0,0,0,0,0,0,0,0,0,0,0,0,0,2,2,65,1,1,8,1,28,3,1,71,1,1,1,88,1,0
12,121159,1,1,1,8,7,16,40,42,0,1,0,12,2,73,709,73709,80,2010,JKAEXMJ12ADA,J,K,A,E,X,M,J,1,2,A,D,A,0,M,KAWK,E2J,RC,10,17,,,,,,,249,,2,,4,374,,,,,,,0,0,000000000,00000000000,0,0,0,1,0,0,0,0,0,0,0,23,0,0,0,61,6,2,1,0,0,0,1,12,32084,6,1,0,0,3,0,69,999,0,0,0,0,0,0,0,0,0,0,6,0,0,0,2,2,25,2,1,8,1,0,0,14,12,1,1,4,6,1,0
12,121161,1,1,1,11,7,4,15,42,0,1,0,12,2,6,43,6043,1,2004,1C3EL45X84N3,1,C,3,E,L,4,5,X,8,4,N,3,0,P,CHRY,SLX,CV,4,17,3303,,0,1060,,G,,F,4,148,,,15R205,,,,,,0,0,000000000,00000000000,0,0,0,1,0,0,0,0,0,0,0,105,0,0,0,12,6,2,42,0,0,0,1,12,32462,6,1,0,0,3,0,67,999,2,0,0,0,2,9,2011,10,2011,1,6,0,0,0,1,2,55,2,1,8,1,0,0,14,12,1,1,4,6,1,1