STATE,ST_CASE,VEH_NO,VE_FORMS,NUMOCCS,DAY,MONTH,HOUR,MINUTE,HARM_EV,MAN_COLL,UNITTYPE,HIT_RUN,REG_STAT,OWNER,MAKE,MODEL,MAK_MOD,BODY_TYP,MOD_YEAR,VIN,VIN_1,VIN_2,VIN_3,VIN_4,VIN_5,VIN_6,VIN_7,VIN_8,VIN_9,VIN_10,VIN_11,VIN_12,TOW_VEH,VINTYPE,VINMAKE,VINA_MOD,VIN_BT,VINMODYR,VIN_LNGT,VIN_WGT,WGTCD_TR,WHLBS_LG,WHLBS_SH,SER_TR,FUELCODE,MCYCL_DS,CARBUR,CYLINDER,DISPLACE,MCYCL_CY,MCYCL_WT,TIRE_SZE,TON_RAT,TRK_WT,TRKWTVAR,VIN_REST,WHLDRWHL,J_KNIFE,MCARR_I1,MCARR_I2,MCARR_ID,GVWR,V_CONFIG,CARGO_BT,HAZ_INV,HAZ_PLAC,HAZ_ID,HAZ_CNO,HAZ_REL,BUS_USE,SPEC_USE,EMER_USE,TRAV_SP,UNDERIDE,ROLLOVER,ROLINLOC,IMPACT1,DEFORMED,TOWED,M_HARM,VEH_SC1,VEH_SC2,FIRE_EXP,DR_PRES,L_STATE,DR_ZIP,L_STATUS,L_TYPE,CDL_STAT,L_ENDORS,L_COMPL,L_RESTRI,DR_HGT,DR_WGT,PREV_ACC,PREV_SUS,PREV_DWI,PREV_SPD,PREV_OTH,FIRST_MO,FIRST_YR,LAST_MO,LAST_YR,SPEEDREL,DR_SF1,DR_SF2,DR_SF3,DR_SF4,VTRAFWAY,VNUM_LAN,VSPD_LIM,VALIGN,VPROFILE,VPAVETYP,VSURCOND,VTRAFCON,VTCONT_F,P_CRASH1,P_CRASH2,P_CRASH3,PCRASH4,PCRASH5,ACC_TYPE,DEATHS,DR_DRINK
12,121192,1,3,2,14,7,18,28,12,7,1,0,12,2,38,402,38402,14,1999,4S2CK58W5X43,4,S,2,C,K,5,8,W,5,X,4,3,0,P,ISU,ROD,UT,99,17,3528,,0,1064,,G,,F,6,195,,,15R235,,,,,,0,0,000000000,00000000000,0,0,0,1,0,0,0,0,0,0,0,65,0,1,1,62,6,2,12,0,0,0,1,12,33351,1,1,0,0,2,0,68,999,0,1,0,0,0,1,2010,1,2010,0,6,0,0,0,3,5,65,1,1,8,1,0,0,15,10,1,1,6,47,1,1
12,121192,2,3,1,14,7,18,28,12,7,1,0,12,1,12,3,12003,1,2002,1FAFP44412F2,1,F,A,F,P,4,4,4,1,2,F,2,0,P,FORD,MUS,CV,2,17,3208,,0,1013,,G,,F,6,232,,,16R225,,,,,,0,0,000000000,00000000000,0,0,0,1,0,0,0,0,0,0,0,55,0,0,0,82,6,2,12,0,0,0,1,12,33334,6,1,0,0,3,0,69,999,0,0,0,0,0,0,0,0,0,0,0,0,0,0,3,5,65,1,1,8,1,0,0,1,61,1,1,1,45,0,0
12,121192,3,3,1,14,7,18,28,12,7,1,0,12,1,51,43,51043,1,2004,YV1NC62D84J0,Y,V,1,N,C,6,2,D,8,4,J,0,0,P,VOLV,CHP,CV,4,17,3450,,0,1050,,G,,T,5,142,,,16R225,,,,,,0,0,000000000,00000000000,0,0,0,1,0,0,0,0,0,0,0,55,0,0,0,81,4,3,12,0,0,0,1,12,33462,6,1,0,0,3,3,68,999,0,0,0,0,0,0,0,0,0,0,0,0,0,0,3,5,65,1,1,8,1,0,0,1,61,4,1,1,98,0,0
12,121193,1,1,1,14,7,7,4,38,0,1,1,12,5,35,47,35047,4,2007,1N4AL21E67C2,1,N,4,A,L,2,1,E,6,7,C,2,0,P,NISS,ATS,4D,7,17,3042,,0,1093,,G,,F,4,153,,,16R215,,,,,,0,0,000000000,00000000000,0,0,0,1,0,0,0,0,0,0,0,35,0,0,0,12,6,2,42,0,0,0,1,12,32312,3,1,0,0,2,0,80,999,0,0,0,0,0,0,0,0,0,0,0,0,0,0,1,2,45,1,1,8,1,20,3,10,13,1,3,4,2,1,0
12,121194,1,2,2,19,7,1,22,12,6,1,0,12,1,72,706,72706,80,2009,1HD1BX5199Y0,1,H,D,1,B,X,5,1,9,9,Y,0,0,M,HD,FLF,RS,9,17,,,,,,,1584,,2,,4,714,,,,,,,0,0,000000000,00000000000,0,0,0,1,0,0,0,0,0,0,0,45,0,0,0,3,6,2,12,0,0,0,1,12,33563,6,1,0,0,3,0,69,999,0,0,0,0,0,0,0,0,0,0,39,0,0,0,1,2,45,1,1,8,1,3,3,1,17,1,1,1,87,2,1
12,121194,2,2,2,19,7,1,22,12,6,1,0,12,1,7,482,7482,31,2005,1D7HU18N35S3,1,D,7,H,U,1,8,N,3,5,S,3,0,T,DODG,SQ1,CW,5,17,,2,1605,1405,RPC,G,,,8,287,,,,B,4979,03,E,44,0,0,000000000,00000000000,0,0,0,1,0,0,0,0,0,0,0,45,0,1,6,12,6,2,1,0,0,0,1,12,33550,6,1,6,0,3,0,70,999,0,0,0,0,0,0,0,0,0,0,0,0,0,0,1,2,45,1,1,8,1,3,3,1,66,1,1,1,86,0,0
12,121195,1,2,1,21,7,18,3,12,7,1,1,12,1,72,706,72706,80,2012,1HD1GZM13CC3,1,H,D,1,G,Z,M,1,3,C,C,3,0,M,HD,FLD,RS,12,17,,,,,,,1690,,2,,4,696,,,,,,,0,0,000000000,00000000000,0,0,0,1,0,0,0,0,0,0,0,60,0,0,0,3,4,3,12,0,0,0,1,12,34711,6,1,0,0,3,0,70,999,0,0,0,0,0,0,0,0,0,0,0,0,0,0,1,2,40,1,1,8,1,0,0,1,98,1,1,1,98,0,0
12,121195,2,2,1,21,7,18,3,12,7,1,0,12,1,72,706,72706,80,2012,1HD1KBM15CB6,1,H,D,1,K,B,M,1,5,C,B,6,0,M,HD,FHX,RS,12,17,,,,,,,1690,,2,,4,785,,,,,,,0,0,000000000,00000000000,0,0,0,1,0,0,0,0,0,0,0,60,0,0,0,9,6,2,12,0,0,0,1,12,32836,6,1,0,0,3,3,71,999,0,0,0,0,0,0,0,0,0,0,0,0,0,0,1,2,40,1,1,8,1,0,0,1,98,1,1,1,98,1,1
12,121196,1,1,1,9,7,14,10,42,0,1,0,12,1,99,709,99709,81,2002,RFBSCAAS62B1,R,F,B,S,C,A,A,S,6,2,B,1,0,U,,,,2,17,,,,,,,,,,,,,,,,,,,0,0,000000000,00000000000,0,0,0,1,0,0,0,0,0,0,0,30,0,0,0,12,6,2,42,0,0,0,1,12,33950,6,1,0,0,2,3,70,999,0,0,0,0,0,0,0,0,0,0,99,99,99,99,4,2,35,1,1,8,1,0,0,1,13,1,1,4,1,1,0
12,121197,1,2,1,11,7,0,35,12,2,1,0,12,1,23,461,23461,21,1996,1GDGG35K8TF5,1,G,D,G,G,3,5,K,8,T,F,5,0,T,GMC,RV3,CG,96,17,,2,0,1250,R/V,G,,,8,350,,,,D,00000,00,A,42,0,0,000000000,00000000000,0,0,0,1,0,0,0,0,0,0,0,70,0,1,2,12,6,2,12,0,0,0,1,12,32009,6,1,0,0,3,0,72,999,0,0,0,0,1,7,2009,7,2009,0,28,0,0,0,5,2,60,1,1,8,1,4,3,1,10,1,1,2,50,1,1
12,121197,2,2,1,11,7,0,35,12,2,1,0,12,2,23,441,23441,20,1998,1GKDM19W2WB5,1,G,K,D,M,1,9,W,2,W,B,5,0,T,GMC,SXT,ES,98,17,,1,0,1112,SAF,G,,,6,262,,,,B,4185,00,E,42,0,0,000000000,00000000000,0,0,0,1,0,0,0,0,0,0,0,60,0,0,0,12,6,2,12,0,0,0,1,12,32219,1,1,0,0,2,0,67,999,0,9,0,0,0,10,2009,8,2011,0,0,0,0,0,5,2,60,1,1,8,1,4,3,1,62,7,1,1,51,1,0
12,121198,1,2,2,12,7,15,41,12,6,1,0,12,2,20,22,20022,2,2005,1G1AL12F3576,1,G,1,A,L,1,2,F,3,5,7,6,0,P,CHEV,BLS,CP,5,17,2991,,0,1033,,G,,F,4,134,,,15R195,,,,,,0,0,000000000,00000000000,0,0,0,1,0,0,0,0,0,0,0,5,0,0,0,3,4,3,12,0,0,0,1,12,32118,6,1,0,0,3,3,76,999,0,0,0,1,1,2,2011,3,2012,0,48,0,0,0,1,4,35,1,1,8,1,0,0,11,10,1,1,1,68,0,0
12,121198,2,2,1,12,7,15,41,12,6,1,0,12,1,76,706,76706,80,1994,JYA1TEE00RA0,J,Y,A,1,T,E,E,0,0,R,A,0,0,M,YAMA,V11,RS,94,17,,,,,,,1063,,2,,4,487,,,,,,,0,0,000000000,00000000000,0,0,0,1,0,0,0,0,0,0,0,35,0,0,0,12,6,2,12,0,0,0,1,12,32127,6,1,0,0,3,0,71,999,0,0,0,0,0,0,0,0,0,0,0,0,0,0,1,4,35,1,1,8,1,0,0,1,62,1,1,1,69,1,0
12,121199,1,1,1,15,7,3,2,8,0,1,0,12,1,49,50,49050,3,2005,JTKDE1777500,J,T,K,D,E,1,7,7,7,5,0,0,0,P,TOYT,SXC,2H,5,17,2905,,0,1063,,G,,F,4,144,,,17R215,,,,,,0,0,000000000,00000000000,0,0,0,1,0,0,0,0,0,0,0,47,0,0,0,12,2,3,8,0,0,0,1,12,33844,6,1,0,0,3,0,63,999,0,0,0,0,1,2,2011,2,2011,0,0,0,0,0,5,2,45,1,1,8,1,0,0,1,80,1,1,1,13,0,0
12,121200,1,1,1,15,7,18,59,42,0,1,0,12,2,53,706,53706,80,2011,JS1GT78A5B21,J,S,1,G,T,7,8,A,5,B,2,1,0,M,SUZI,XR1,RC,11,17,,,,,,,999,,4,,4,448,,,,,,,0,0,000000000,00000000000,0,0,0,1,0,0,0,0,0,0,0,112,0,0,0,12,6,2,42,0,0,0,1,12,33187,1,1,0,0,2,0,68,999,0,1,0,0,0,5,2012,5,2012,1,0,0,0,0,3,2,55,1,1,8,1,0,0,1,13,1,1,4,1,1,1
12,121201,1,2,1,16,7,23,48,24,0,1,0,12,1,49,40,49040,4,1998,4T1BG22K0WU3,4,T,1,B,G,2,2,K,0,W,U,3,0,P,TOYT,CXL,4D,98,17,2998,,0,1051,,G,,F,4,132,,,14R195,,,,,,0,0,000000000,00000000000,0,0,0,1,0,0,0,0,0,0,0,998,0,0,0,12,6,2,12,0,0,0,1,12,32712,6,1,0,0,3,0,65,999,0,6,0,0,0,8,2009,3,2012,0,0,0,0,0,1,2,45,3,6,8,1,0,0,14,13,1,1,4,1,1,1
12,121201,2,2,1,16,7,23,48,24,0,1,0,12,2,30,40,30040,4,2011,3VWDX7AJ9BM1,3,V,W,D,X,7,A,J,9,B,M,1,0,P,VOLK,JSA,4D,11,17,3082,,0,0,,G,,F,5,151,,,000000,,,,,,0,0,000000000,00000000000,0,0,0,1,0,0,0,0,0,0,0,50,0,0,0,7,6,2,12,0,0,0,1,12,32776,6,1,0,0,3,0,68,999,0,0,0,0,1,3,2012,3,2012,0,0,0,0,0,1,2,45,3,5,8,1,0,0,14,62,1,1,1,98,0,0
12,121202,1,2,1,17,7,11,50,12,1,1,0,91,3,98,998,98998,92,2012,000000000000,0,0,0,0,0,0,0,0,0,0,0,0,0,,,,,,,,,,,,,,,,,,,,,,,,,0,0,000000000,00000000000,0,0,0,1,0,0,0,0,0,0,0,16,0,1,1,6,6,2,1,0,0,0,1,12,32033,6,1,0,0,3,0,74,999,0,0,0,2,0,9,2009,11,2009,0,38,0,0,0,3,2,65,1,1,8,1,0,0,98,98,1,1,7,98,1,0
12,121202,2,2,1,17,7,11,50,12,1,1,0,12,1,59,31,59031,4,1997,JT8BF22G9V00,J,T,8,B,F,2,2,G,9,V,0,0,0,P,LEXS,ES3,4D,97,17,3296,,0,1051,,G,,F,6,183,,,15R205,,,,,,0,0,000000000,00000000000,0,0,0,1,0,0,0,0,0,0,0,65,0,0,0,12,6,2,12,0,0,0,1,12,32095,6,1,0,0,3,0,66,999,0,0,0,0,0,0,0,0,0,0,0,0,0,0,3,2,65,1,1,8,1,0,0,1,64,1,1,1,98,0,0
12,121203,1,2,2,17,7,18,28,12,6,1,0,12,1,2,404,2404,14,1995,1J4FT28S7SL5,1,J,4,F,T,2,8,S,7,S,L,5,0,T,JEEP,CSE,4W,95,17,,1,0,1014,CHK,G,,,6,242,,,,,2828,00,M,42,0,0,000000000,00000000000,0,0,0,1,0,0,0,0,0,0,0,15,0,0,0,3,6,2,12,0,0,0,1,12,33069,1,1,1,0,2,3,67,999,0,8,0,0,0,1,2010,7,2012,0,0,0,0,0,2,2,45,1,1,8,1,0,0,12,98,1,1,2,98,1,1
12,121203,2,2,1,17,7,18,28,12,6,1,0,12,1,58,38,58038,4,2007,JNKAY01EX7M3,J,N,K,A,Y,0,1,E,X,7,M,3,0,P,INFI,M3S,4D,7,17,3772,,0,1142,,G,,F,6,214,,,18R245,,,,,,0,0,000000000,00000000000,0,0,0,1,0,0,0,0,0,0,0,45,0,0,0,12,6,2,12,0,0,0,1,12,33029,6,1,0,0,3,3,71,999,0,1,0,0,0,12,2011,12,2011,0,0,0,0,0,2,2,45,1,1,8,1,0,0,1,62,1,1,1,98,0,0
12,121205,1,1,2,18,7,19,31,24,0,1,0,12,1,49,482,49482,31,2005,5TBET34115S4,5,T,B,E,T,3,4,1,1,5,S,4,0,T,TOYT,DBS,CW,5,17,,2,0,1283,TUN,G,,,8,285,,,,B,4765,00,U,42,0,0,000000000,00000000000,0,0,0,1,0,0,0,0,0,0,0,90,0,1,5,12,6,2,1,0,0,0,1,12,34744,6,1,0,0,3,0,76,999,0,0,0,1,0,9,2010,9,2010,1,6,0,0,0,3,2,70,1,3,8,2,0,0,1,5,1,4,4,2,1,0
12,121206,1,1,1,20,7,4,15,59,0,1,0,12,1,12,471,12471,30,1993,1FTCR11U7PPA,1,F,T,C,R,1,1,U,7,P,P,A,0,T,FORD,RNG,PK,93,17,,1,1139,1079,RNG,G,,,6,182,,,,B,3278,00,A,44,0,0,000000000,00000000000,0,0,0,1,0,0,0,0,0,0,0,55,0,1,6,3,6,2,1,0,0,0,1,12,32159,6,1,0,0,3,0,69,999,0,0,0,1,1,6,2010,8,2010,0,58,0,0,0,2,2,45,1,1,8,1,0,0,1,13,7,3,4,2,1,0
12,121207,1,1,2,21,7,2,15,1,0,1,0,12,1,12,481,12481,31,2006,1FTWW31P36EA,1,F,T,W,W,3,1,P,3,6,E,A,0,T,FORD,F3S,CW,6,17,,3,1720,1560,SRW,D,,,8,366,,,,D,6585,01,U,44,0,0,000000000,00000000000,0,0,0,1,0,0,0,0,0,0,0,70,0,1,6,0,6,2,1,0,0,0,1,12,32304,6,1,0,0,3,0,74,999,0,0,0,0,0,0,0,0,0,0,6,0,0,0,2,2,70,2,1,8,1,0,0,14,13,7,3,4,2,1,1
12,121208,1,1,2,21,7,16,37,1,0,1,0,1,2,52,401,52401,14,2001,JA4LS31H81P0,J,A,4,L,S,3,1,H,8,1,P,0,0,P,MITS,MNS,UT,1,17,3945,,0,1073,,G,,F,6,181,,,16R255,,,,,,0,0,000000000,00000000000,0,0,0,1,0,0,0,0,0,0,0,70,0,1,1,0,6,2,1,0,0,0,1,1,35578,6,1,0,0,3,0,71,999,0,0,0,0,0,0,0,0,0,0,6,0,0,0,3,2,70,1,5,8,1,28,3,1,98,6,3,6,98,1,0
12,121209,1,1,1,21,7,20,18,30,0,1,0,12,1,19,5,19005,2,1996,1G6EL12Y8TU6,1,G,6,E,L,1,2,Y,8,T,U,6,0,P,CADI,ELD,CP,96,17,3774,,0,1080,,G,,F,8,279,,,16R225,,,,,,0,0,000000000,00000000000,0,0,0,1,0,0,0,0,0,0,0,45,0,0,0,5,6,2,30,0,0,0,1,12,33905,6,1,6,0,3,0,72,999,0,0,0,0,0,0,0,0,0,0,0,0,0,0,1,2,45,3,1,8,2,0,0,14,12,1,4,4,7,1,0
12,121210,1,1,1,22,7,6,25,34,0,1,0,12,2,62,401,62401,14,2000,SALTY1247YA2,S,A,L,T,Y,1,2,4,7,Y,A,2,0,T,LNDR,DII,4W,0,17,,2,0,1000,DIS,G,,,8,241,,,,,4576,01,E,44,0,0,000000000,00000000000,0,0,0,1,0,0,0,0,0,0,0,45,0,1,5,98,6,2,42,0,0,0,1,12,32221,6,1,0,0,3,0,65,999,0,0,0,0,0,0,0,0,0,0,6,0,0,0,1,2,45,1,1,8,1,0,0,1,13,1,3,4,2,1,1
12,121211,1,2,1,14,5,9,53,12,2,1,0,12,1,49,32,49032,4,2002,2T1BR12E32C5,2,T,1,B,R,1,2,E,3,2,C,5,0,P,TOYT,UCS,4D,2,17,2405,,0,970,,G,,F,4,109,,,14R175,,,,,,0,0,000000000,00000000000,0,0,0,1,0,0,0,0,0,0,0,30,0,0,0,12,6,2,12,0,0,0,1,12,33126,6,1,0,0,3,0,67,999,0,0,0,0,0,0,0,0,0,0,28,36,0,0,5,4,30,1,1,8,1,0,0,1,10,1,1,2,50,1,0
12,121211,2,2,1,14,5,9,53,12,2,1,0,12,3,84,881,84881,63,2012,1HTWGAZR5CJ5,1,H,T,W,G,A,Z,R,5,C,J,5,1,T,INTL,740,CC,12,17,,8,0,0,70S,D,,,6,570,,,,,00000,00,,64,1,77,777777777,77777777777,3,4,3,1,0,0,0,0,0,0,0,30,0,0,0,12,6,2,12,0,0,0,1,12,33016,6,1,6,0,3,3,63,999,0,0,0,0,0,0,0,0,0,0,0,0,0,0,5,4,30,1,1,8,1,0,0,1,62,1,1,1,51,0,0
12,121212,1,5,1,1,6,14,35,12,1,1,0,12,2,54,35,54035,4,2003,19UUA56693A0,1,9,U,U,A,5,6,6,9,3,A,0,0,P,ACUR,32T,4D,3,17,3492,,0,1081,,G,,F,6,197,,,16R205,,,,,,0,0,000000000,00000000000,0,0,0,1,0,0,0,0,0,0,0,60,0,0,0,12,6,2,12,0,0,0,1,12,33435,6,1,0,0,3,0,72,999,0,0,0,0,0,0,0,0,0,0,0,0,0,0,2,3,40,1,1,8,1,3,3,1,50,1,1,1,20,1,0
12,121212,2,5,2,1,6,14,35,12,1,1,0,12,3,23,481,23481,31,2008,1GTEC14X28Z2,1,G,T,E,C,1,4,X,2,8,Z,2,0,T,GMC,SC1,PK,8,17,,2,1330,1190,SIE,G,,,6,262,,,,B,4453,01,4,42,0,0,000000000,00000000000,0,0,0,1,0,0,0,0,0,0,0,0,0,0,0,6,6,2,12,0,0,0,1,12,33493,6,1,0,0,3,0,74,999,0,3,0,1,0,8,2010,5,2012,0,0,0,0,0,2,3,40,1,1,8,1,3,3,5,53,1,1,1,21,0,0
12,121212,3,5,1,1,6,14,35,12,1,1,0,12,1,12,481,12481,31,2012,1FDBF2A66CEB,1,F,D,B,F,2,A,6,6,C,E,B,0,T,FORD,F2S,PK,12,17,,2,0,1370,SRW,F,,,8,378,,,,C,5855,00,Y,42,0,0,000000000,00000000000,0,0,0,1,0,0,0,0,0,0,0,0,0,0,0,11,4,3,12,0,0,0,1,12,33426,6,1,0,0,3,0,65,999,0,0,0,0,0,0,0,0,0,0,0,0,0,0,2,3,40,1,1,8,1,3,3,10,61,1,1,1,98,0,0
12,121212,4,5,1,1,6,14,35,12,1,1,0,12,1,7,482,7482,31,2011,3D7JB1ET7BG6,3,D,7,J,B,1,E,T,7,B,G,6,1,T,DODG,150,PK,11,17,,2,1400,1200,RPC,G,,,8,348,,,,B,4525,03,K,42,1,0,000000000,00000000000,0,0,0,1,0,0,0,0,0,0,0,25,0,0,0,61,2,3,12,0,0,0,1,12,33437,6,1,0,0,3,0,73,999,0,0,0,0,0,0,0,0,0,0,0,0,0,0,1,4,30,1,1,8,1,3,3,11,66,1,1,1,98,0,0
12,121212,5,5,2,1,6,14,35,12,1,1,0,12,2,37,32,37032,4,2009,1HGCP26319A1,1,H,G,C,P,2,6,3,1,9,A,1,0,P,HOND,ULX,4D,9,17,3230,,0,1102,,G,,F,4,146,,,16R215,,,,,,0,0,000000000,00000000000,0,0,0,1,0,0,0,0,0,0,0,25,0,0,0,7,4,3,12,0,0,0,1,12,33425,6,1,0,0,3,0,63,999,0,0,0,0,0,0,0,0,0,0,0,0,0,0,1,4,40,1,1,8,1,3,3,11,66,1,1,1,98,0,0
12,121213,1,2,1,3,6,8,17,12,6,1,0,12,2,2,404,2404,14,2005,1J4GS48K65C5,1,J,4,G,S,4,8,K,6,5,C,5,0,T,JEEP,LCF,4W,5,17,,1,0,1095,GCK,G,,,6,226,,,,,4147,00,E,42,0,0,000000000,00000000000,0,0,0,1,0,0,0,0,0,0,0,999,0,0,0,12,6,2,12,0,0,0,1,12,33162,6,1,0,0,3,3,60,999,0,0,0,0,0,0,0,0,0,0,0,0,0,0,1,2,30,1,1,8,1,3,3,1,66,1,1,1,88,0,1
12,121213,2,2,3,3,6,8,17,12,6,1,0,12,3,12,16,12016,4,2005,2FAFP71W95X1,2,F,A,F,P,7,1,W,9,5,X,1,0,P,FORD,CVP,4D,5,17,0,,0,1147,,G,,F,8,281,,,16R225,,,,,,0,0,000000000,00000000000,0,0,0,1,0,0,0,0,0,0,0,999,0,0,0,11,6,2,12,0,0,0,1,12,33162,6,1,0,0,3,3,70,999,2,0,0,0,2,11,2009,3,2012,0,0,0,0,0,1,2,30,1,1,8,1,3,3,1,17,1,1,1,89,1,0
12,121215,1,2,3,1,7,17,27,12,6,1,0,12,3,20,482,20482,31,2005,3GNEC12Z15G1,3,G,N,E,C,1,2,Z,1,5,G,1,0,T,CHEV,CAV,CW,5,17,,2,0,1300,AVL,F,,,8,323,,,,B,5437,00,,42,0,0,000000000,00000000000,0,0,0,1,0,0,0,0,0,0,0,35,0,0,0,1,6,2,12,0,0,0,1,12,34639,6,1,0,0,3,3,64,999,0,0,0,0,0,0,0,0,0,0,48,0,0,0,2,3,55,1,1,8,1,3,3,11,15,1,1,1,68,0,0
12,121215,2,2,1,1,7,17,27,12,6,1,0,12,1,73,709,73709,80,2008,JKAEXMJ168DA,J,K,A,E,X,M,J,1,6,8,D,A,0,M,KAWK,E2J,RC,8,17,,,,,,,249,,2,,4,333,,,,,,,0,0,000000000,00000000000,0,0,0,1,0,0,0,0,0,0,0,55,0,0,0,12,6,2,12,0,0,0,1,12,34608,6,1,0,0,2,0,68,999,0,0,0,3,1,7,2009,2,2011,0,0,0,0,0,2,3,55,1,1,8,1,3,3,1,62,1,1,1,69,1,0
12,121216,1,2,2,4,7,21,17,12,6,1,0,12,2,98,709,98709,88,2012,L9NTEACV8C10,L,9,N,T,E,A,C,V,8,C,1,0,0,U,,,,12,17,,,,,,,,,,,,,,,,,,,0,0,000000000,00000000000,0,0,0,1,0,0,0,0,0,0,0,0,0,0,0,4,6,2,12,0,0,0,1,12,33613,6,1,0,0,2,0,73,999,0,1,0,0,0,7,2010,7,2010,0,48,39,0,0,1,2,45,1,1,8,1,0,0,11,83,4,1,1,68,0,0
12,121216,2,2,1,4,7,21,17,12,6,1,0,12,1,72,706,72706,80,2000,1HD1FBW12YY6,1,H,D,1,F,B,W,1,2,Y,Y,6,0,M,HD,LRI,RS,0,17,,,,,,,1450,,2,,4,723,,,,,,,0,0,000000000,00000000000,0,0,0,1,0,0,0,0,0,0,0,45,0,0,0,12,6,2,12,0,0,0,1,12,33613,6,1,0,0,3,0,72,999,0,0,0,0,0,0,0,0,0,0,0,0,0,0,1,2,45,1,1,8,1,0,0,1,50,1,1,1,69,1,1
12,121217,1,1,2,9,7,19,54,30,0,1,0,12,3,37,32,37032,4,2011,1HGCP2F82BA1,1,H,G,C,P,2,F,8,2,B,A,1,0,P,HOND,AXL,4D,11,17,3421,,0,1102,,G,,F,4,146,,,17R225,,,,,,0,0,000000000,00000000000,0,0,0,1,0,0,0,0,0,0,0,80,0,1,5,82,6,2,30,0,0,0,1,12,33322,6,7,0,0,2,0,67,999,0,0,0,0,0,0,0,0,0,1,36,0,0,0,3,3,45,1,1,8,1,0,0,1,13,1,1,4,1,1,0
12,121218,1,1,2,17,7,5,1,9,0,1,1,12,9,39,34,39034,4,2002,SAJDA03N62FM,S,A,J,D,A,0,3,N,6,2,F,M,0,P,JAGU,STS,4D,2,17,3816,,0,1145,,G,,F,6,181,,,000000,,,,,,0,0,000000000,00000000000,0,0,0,1,0,0,0,0,0,0,0,25,0,0,0,12,4,3,9,0,0,0,1,99,99999,9,9,99,9,9,9,999,999,99,99,99,99,99,99,9999,99,9999,0,0,0,0,0,5,2,30,1,1,8,1,0,0,1,83,99,1,1,13,0,0
12,121219,1,1,1,12,7,4,46,19,0,1,0,12,4,34,35,34035,4,2012,WBAXG5C54CDX,W,B,A,X,G,5,C,5,4,C,D,X,0,P,BMW,52I,4D,12,17,3825,,0,1169,,G,,T,4,122,,,17R225,,,,,,0,0,000000000,00000000000,0,0,0,1,0,0,0,0,0,0,0,123,0,0,0,12,6,2,19,0,0,0,1,12,33936,2,1,0,0,2,0,73,999,0,4,0,0,0,5,2010,4,2011,1,6,0,0,0,1,2,35,1,5,8,1,20,3,1,12,1,4,4,7,1,1
12,121220,1,2,1,19,7,2,49,12,2,1,0,12,1,12,23,12023,4,2012,3FAHP0JA0CR2,3,F,A,H,P,0,J,A,0,C,R,2,0,P,FORD,F/L,4D,12,17,3342,,0,1074,,G,,F,4,152,,,17R225,,,,,,0,0,000000000,00000000000,0,0,0,1,0,0,0,0,0,0,0,74,0,0,0,12,6,2,25,0,0,0,1,12,33624,6,1,0,0,3,0,67,999,0,2,0,2,1,9,2009,1,2012,0,6,0,0,0,3,7,50,1,1,8,1,0,0,1,54,1,1,1,98,0,1
12,121220,2,2,3,19,7,2,49,12,2,1,0,12,2,12,3,12003,2,2000,1FAFP4048YF1,1,F,A,F,P,4,0,4,8,Y,F,1,0,P,FORD,MUS,CP,0,17,3066,,0,1013,,G,,F,6,232,,,15R205,,,,,,0,0,000000000,00000000000,0,0,0,1,0,0,0,0,0,0,0,50,0,0,0,12,6,2,12,0,0,0,1,12,33543,6,1,0,0,3,0,72,999,0,0,0,0,0,0,0,0,0,0,0,0,0,0,3,7,50,1,1,8,1,0,0,1,54,7,1,1,98,1,0
12,121221,1,1,4,20,7,22,20,8,0,1,0,12,1,19,431,19431,16,2003,1GYEK63N03R2,1,G,Y,E,K,6,3,N,0,3,R,2,0,P,CADI,ESC,UT,3,17,5560,,0,1160,,G,,F,8,364,,,17R265,,,,,,0,0,000000000,00000000000,0,0,0,1,0,0,0,0,0,0,0,40,0,0,0,12,4,1,8,0,0,0,1,12,33069,6,1,0,0,3,0,62,999,0,1,0,0,0,7,2009,7,2009,0,0,0,0,0,5,4,35,1,1,8,1,0,0,1,80,7,1,1,13,0,0
12,121222,1,1,1,21,7,2,10,8,0,1,1,99,9,99,999,99999,99,9999,999999999999,9,9,9,9,9,9,9,9,9,9,9,9,0,,,,,,,,,,,,,,,,,,,,,,,,,0,0,000000000,00000000000,0,0,0,1,0,0,0,0,0,0,0,999,0,0,0,98,9,1,8,0,0,0,1,99,99999,9,9,99,9,9,9,999,999,99,99,99,99,99,99,9999,99,9999,9,0,0,0,0,2,2,30,1,1,8,1,20,3,1,80,99,1,1,13,0,0
12,121223,1,1,1,21,7,23,13,8,0,1,0,12,1,7,482,7482,31,2003,3D7KA26C73G8,3,D,7,K,A,2,6,C,7,3,G,8,0,T,DODG,S25,PK,3,17,,2,0,1405,RPC,D,,,6,359,,,,C,5147,05,E,42,0,0,000000000,00000000000,0,0,0,1,0,0,0,0,0,0,0,65,0,0,0,12,6,2,8,0,0,0,1,12,34761,6,1,6,0,3,0,70,999,0,0,0,0,2,11,2010,2,2011,0,6,0,0,0,3,2,65,1,1,8,1,0,0,1,13,1,1,4,13,0,1
12,121224,1,2,1,22,7,21,24,8,0,1,0,12,1,12,37,12037,4,2004,1FAFP33P34W1,1,F,A,F,P,3,3,P,3,4,W,1,0,P,FORD,FOX,4D,4,17,2604,,0,1030,,G,,F,4,122,,,17R215,,,,,,0,0,000000000,00000000000,0,0,0,1,0,0,0,0,0,0,0,65,0,0,0,12,6,2,8,0,0,0,1,12,33405,6,1,0,0,3,3,67,999,0,0,0,0,0,0,0,0,0,0,6,0,0,0,3,5,65,1,1,8,1,0,0,1,80,1,1,1,13,0,1