STATE,ST_CASE,VEH_NO,VE_FORMS,NUMOCCS,DAY,MONTH,HOUR,MINUTE,HARM_EV,MAN_COLL,UNITTYPE,HIT_RUN,REG_STAT,OWNER,MAKE,MODEL,MAK_MOD,BODY_TYP,MOD_YEAR,VIN,VIN_1,VIN_2,VIN_3,VIN_4,VIN_5,VIN_6,VIN_7,VIN_8,VIN_9,VIN_10,VIN_11,VIN_12,TOW_VEH,VINTYPE,VINMAKE,VINA_MOD,VIN_BT,VINMODYR,VIN_LNGT,VIN_WGT,WGTCD_TR,WHLBS_LG,WHLBS_SH,SER_TR,FUELCODE,MCYCL_DS,CARBUR,CYLINDER,DISPLACE,MCYCL_CY,MCYCL_WT,TIRE_SZE,TON_RAT,TRK_WT,TRKWTVAR,VIN_REST,WHLDRWHL,J_KNIFE,MCARR_I1,MCARR_I2,MCARR_ID,GVWR,V_CONFIG,CARGO_BT,HAZ_INV,HAZ_PLAC,HAZ_ID,HAZ_CNO,HAZ_REL,BUS_USE,SPEC_USE,EMER_USE,TRAV_SP,UNDERIDE,ROLLOVER,ROLINLOC,IMPACT1,DEFORMED,TOWED,M_HARM,VEH_SC1,VEH_SC2,FIRE_EXP,DR_PRES,L_STATE,DR_ZIP,L_STATUS,L_TYPE,CDL_STAT,L_ENDORS,L_COMPL,L_RESTRI,DR_HGT,DR_WGT,PREV_ACC,PREV_SUS,PREV_DWI,PREV_SPD,PREV_OTH,FIRST_MO,FIRST_YR,LAST_MO,LAST_YR,SPEEDREL,DR_SF1,DR_SF2,DR_SF3,DR_SF4,VTRAFWAY,VNUM_LAN,VSPD_LIM,VALIGN,VPROFILE,VPAVETYP,VSURCOND,VTRAFCON,VTCONT_F,P_CRASH1,P_CRASH2,P_CRASH3,PCRASH4,PCRASH5,ACC_TYPE,DEATHS,DR_DRINK
12,121293,1,1,1,23,6,0,51,9,0,1,1,99,9,99,999,99999,99,9999,999999999999,9,9,9,9,9,9,9,9,9,9,9,9,0,,,,,,,,,,,,,,,,,,,,,,,,,0,0,000000000,00000000000,0,0,0,1,0,0,0,0,0,0,0,998,0,0,0,99,4,1,9,0,0,0,1,99,99999,9,9,99,9,9,9,999,999,99,99,99,99,99,99,9999,99,9999,0,0,0,0,0,2,2,35,2,1,8,1,99,9,99,83,99,1,1,13,0,0
12,121294,1,3,1,20,7,22,15,8,0,1,0,18,3,85,881,85881,66,2008,1XKDA48X48J2,1,X,K,D,A,4,8,X,4,8,J,2,2,T,KW,T80,TR,8,17,,8,2600,1600,CON,D,,,6,915,,,,,00000,00,,42,1,18,239039,18239039,3,7,1,1,0,0,0,0,0,0,0,65,0,0,0,12,6,2,8,0,0,0,1,12,33511,6,1,6,3,3,3,70,999,0,0,0,0,0,0,0,0,0,0,0,0,0,0,3,3,70,1,1,8,1,0,0,1,80,1,1,1,13,0,0
12,121294,2,3,3,20,7,22,15,8,0,1,0,12,2,12,37,12037,4,2012,1FAHP3F22CL2,1,F,A,H,P,3,F,2,2,C,L,2,0,P,FORD,FSE,4D,12,17,2918,,0,1042,,G,,F,4,122,,,16R205,,,,,,0,0,000000000,00000000000,0,0,0,1,0,0,0,0,0,0,0,70,0,0,0,81,0,1,8,0,0,0,1,12,33811,6,1,0,0,3,0,68,999,0,0,0,0,0,0,0,0,0,0,0,0,0,0,3,3,70,1,1,8,1,0,0,1,80,1,1,1,98,0,0
12,121294,3,3,2,20,7,22,15,8,0,1,0,12,1,12,37,12037,4,2010,1FAHP3HN6AW1,1,F,A,H,P,3,H,N,6,A,W,1,0,P,FORD,FCL,4D,10,17,2623,,0,1029,,G,,F,4,122,,,16R205,,,,,,0,0,000000000,00000000000,0,0,0,1,0,0,0,0,0,0,0,70,0,0,0,81,0,1,8,0,0,0,1,12,33813,6,1,0,0,3,3,70,999,0,0,0,0,0,0,0,0,0,0,0,0,0,0,3,3,70,1,1,8,1,0,0,1,80,1,1,1,98,0,0
12,121296,1,2,2,28,7,13,30,12,6,1,0,12,1,12,422,12422,15,1998,1FMPU18L5WLA,1,F,M,P,U,1,8,L,5,W,L,A,0,P,FORD,EPT,UT,98,17,5177,,0,1190,,G,,F,8,330,,,16R255,,,,,,0,0,000000000,00000000000,0,0,0,1,0,0,0,0,0,0,0,998,0,0,0,3,6,2,12,0,0,0,1,12,34654,6,1,0,0,3,3,66,999,0,0,0,0,0,0,0,0,0,0,38,0,0,0,1,2,60,1,1,8,1,20,3,1,17,1,1,1,87,0,0
12,121296,2,2,1,28,7,13,30,12,6,1,0,12,1,53,706,53706,80,1998,JS1VS52A0W21,J,S,1,V,S,5,2,A,0,W,2,1,0,M,SUZI,VS8,RS,98,17,,,,,,,805,,2,,4,443,,,,,,,0,0,000000000,00000000000,0,0,0,1,0,0,0,0,0,0,0,998,0,0,0,12,6,2,12,0,0,1,1,12,33565,6,1,0,0,3,0,70,999,0,0,0,0,0,0,0,0,0,0,0,0,0,0,1,2,60,1,1,8,1,0,0,1,66,1,1,1,86,1,0
12,121297,1,1,2,28,7,13,33,42,0,1,0,12,1,14,6,14006,4,2007,2MEFM74W97X6,2,M,E,F,M,7,4,W,9,7,X,6,0,P,MERC,GMG,4D,7,17,4135,,0,1147,,G,,F,8,281,,,16R225,,,,,,0,0,000000000,00000000000,0,0,0,1,0,0,0,0,0,0,0,45,0,0,0,81,6,2,42,0,0,0,1,12,33351,6,1,0,0,3,3,60,999,0,0,0,0,0,0,0,0,0,0,0,0,0,0,2,3,45,3,1,8,2,0,0,14,12,4,9,4,7,1,0
12,121298,1,1,1,29,7,8,35,42,0,1,0,12,2,51,43,51043,4,1999,YV1LS55A7X16,Y,V,1,L,S,5,5,A,7,X,1,6,0,P,VOLV,S70,4D,99,17,3146,,0,1049,,G,,F,5,149,,,15R195,,,,,,0,0,000000000,00000000000,0,0,0,1,0,0,0,0,0,0,0,35,0,0,0,12,6,2,42,0,0,0,1,12,33066,6,1,0,0,3,0,60,999,0,0,0,0,0,0,0,0,0,0,0,0,0,0,2,1,25,1,1,8,1,0,0,1,12,1,1,4,6,1,0
12,121299,1,1,1,31,7,2,24,42,0,1,0,12,2,55,33,55033,4,2004,KMHWF35H74A0,K,M,H,W,F,3,5,H,7,4,A,0,0,P,HYUN,SGX,4D,4,17,3212,,0,1063,,G,,F,6,162,,,16R205,,,,,,0,0,000000000,00000000000,0,0,0,1,0,0,0,0,0,0,0,70,0,0,0,61,6,2,42,0,0,0,1,12,32927,6,1,0,0,3,0,72,999,1,0,0,0,2,11,2010,12,2010,0,6,0,0,0,3,2,70,1,1,8,2,98,8,1,12,7,3,4,2,1,1
12,121300,1,2,1,3,8,15,55,12,2,1,0,12,1,30,40,30040,4,2000,3VWSA29M0YM0,3,V,W,S,A,2,9,M,0,Y,M,0,0,P,VOLK,JGS,4D,0,17,2861,,0,989,,G,,F,4,121,,,15R195,,,,,,0,0,000000000,00000000000,0,0,0,1,0,0,0,0,0,0,0,50,0,0,0,12,6,2,12,0,0,0,1,12,34488,6,1,0,0,3,0,67,999,0,0,0,1,0,8,2009,8,2009,0,38,0,0,0,5,4,55,1,1,8,2,0,0,1,10,1,1,2,50,1,0
12,121300,2,2,2,3,8,15,55,12,2,1,0,12,2,20,481,20481,31,1997,1GCGC24R1VZ1,1,G,C,G,C,2,4,R,1,V,Z,1,1,T,CHEV,GC2,PK,97,17,,2,0,1315,GM4,G,,,8,350,,,,C,4294,04,,42,1,0,000000000,00000000000,0,0,0,1,0,0,0,0,0,0,0,55,0,0,0,12,6,2,12,0,0,0,1,12,32179,6,1,0,0,3,0,68,999,0,0,0,0,0,0,0,0,0,0,0,0,0,0,5,4,55,1,1,8,2,0,0,1,62,1,1,1,51,0,0
12,121301,1,1,1,3,8,21,10,8,0,1,0,12,1,49,50,49050,3,2005,JTKDE1777500,J,T,K,D,E,1,7,7,7,5,0,0,0,P,TOYT,SXC,2H,5,17,2905,,0,1063,,G,,F,4,144,,,17R215,,,,,,0,0,000000000,00000000000,0,0,0,1,0,0,0,0,0,0,0,45,0,0,0,12,4,3,8,0,0,0,1,12,32817,6,1,0,0,3,3,69,999,0,0,0,0,0,0,0,0,0,0,0,0,0,0,2,3,45,1,1,8,2,0,0,1,80,1,1,1,13,0,0
12,121302,1,1,2,4,8,4,15,25,0,1,0,12,2,12,401,12401,14,2002,1FMZU62E62UC,1,F,M,Z,U,6,2,E,6,2,U,C,0,P,FORD,EPR,UT,2,17,4094,,0,1137,,G,,F,6,245,,,16R235,,,,,,0,0,000000000,00000000000,0,0,0,1,0,0,0,0,0,0,0,45,0,0,0,1,6,2,25,0,0,0,1,12,33166,6,1,0,0,3,3,70,999,0,0,0,0,0,0,0,0,0,0,0,0,0,0,3,4,45,1,5,8,1,0,0,1,13,1,1,4,1,1,1
12,121303,1,1,1,4,8,15,0,25,0,1,0,12,3,98,809,98809,63,2007,2FZHAZCG27AX,2,F,Z,H,A,Z,C,G,2,7,A,X,0,T,STRG,LT9,CC,7,17,,8,0,0,STE,D,,,6,774,,,,,00000,00,,64,0,12,595655,12595655,3,2,4,1,0,0,0,0,0,0,0,50,0,1,5,1,6,2,1,0,0,0,1,12,32218,6,1,6,3,3,0,68,999,0,0,0,0,0,0,0,0,0,0,6,0,0,0,3,4,70,1,1,8,1,0,0,1,13,1,1,4,1,1,0
12,121304,1,1,1,4,8,21,15,8,0,1,0,12,2,35,50,35050,4,2011,3N1BC1CP3BL4,3,N,1,B,C,1,C,P,3,B,L,4,0,P,NISS,VSL,4H,11,17,2693,,0,1024,,G,,F,4,110,,,15R185,,,,,,0,0,000000000,00000000000,0,0,0,1,0,0,0,0,0,0,0,40,0,0,0,12,4,1,8,0,0,0,1,12,32606,6,1,0,0,3,3,67,999,0,1,0,0,0,1,2010,1,2010,0,0,0,0,0,1,2,45,1,1,8,1,0,0,1,80,1,1,1,13,0,0
12,121305,1,2,1,5,8,8,54,12,6,1,0,12,1,7,20,7020,4,2004,1B3ES56C44D5,1,B,3,E,S,5,6,C,4,4,D,5,0,P,DODG,NXT,4D,4,17,2634,,0,1040,,G,,F,4,122,,,15R185,,,,,,0,0,000000000,00000000000,0,0,0,1,0,0,0,0,0,0,0,25,0,0,0,9,6,2,12,0,0,0,1,12,33857,6,1,0,0,3,0,65,999,0,0,0,0,0,0,0,0,0,0,38,0,0,0,1,2,55,1,1,8,1,20,3,11,15,1,1,1,82,1,0
12,121305,2,2,3,5,8,8,54,12,6,1,0,12,1,6,54,6054,6,2006,2A4GM48496R8,2,A,4,G,M,4,8,4,9,6,R,8,0,P,CHRY,PIF,UT,6,17,4251,,0,1160,,G,,F,6,214,,,17R235,,,,,,0,0,000000000,00000000000,0,0,0,1,0,0,0,0,0,0,0,60,0,0,0,12,6,2,12,0,0,0,1,12,33870,6,1,0,0,3,3,72,999,0,0,0,0,0,0,0,0,0,0,0,0,0,0,1,2,60,3,1,8,1,0,0,14,66,1,1,1,83,0,0
12,121306,1,3,1,5,8,17,35,12,8,1,0,12,1,20,37,20037,4,2008,1G1ZH57B68F2,1,G,1,Z,H,5,7,B,6,8,F,2,0,P,CHEV,ML1,4D,8,17,3436,,0,1123,,G,,F,4,146,,,17R225,,,,,,0,0,000000000,00000000000,0,0,0,1,0,0,0,0,0,0,0,60,0,0,0,9,6,2,12,0,0,0,1,12,34112,6,1,0,0,3,0,63,999,1,0,0,1,2,10,2009,4,2011,0,6,0,0,0,1,2,60,1,1,8,1,0,0,1,10,1,1,2,64,0,0
12,121306,2,3,2,5,8,17,35,12,8,1,0,12,1,59,401,59401,14,2000,JT6GF10UXY00,J,T,6,G,F,1,0,U,X,Y,0,0,0,P,LEXS,RX3,UT,0,17,3692,,0,1031,,G,,F,6,183,,,16R225,,,,,,0,0,000000000,00000000000,0,0,0,1,0,0,0,0,0,0,0,60,0,0,0,9,2,1,12,0,0,0,1,12,33913,6,1,0,0,3,0,65,999,0,0,0,0,0,0,0,0,0,0,0,0,0,0,1,2,60,1,1,8,1,0,0,1,62,1,1,1,65,0,0
12,121306,3,3,1,5,8,17,35,12,8,1,0,12,1,73,706,73706,80,2002,JKBVNAN102A0,J,K,B,V,N,A,N,1,0,2,A,0,0,M,KAWK,V5N,RS,2,17,,,,,,,1500,,2,,4,659,,,,,,,0,0,000000000,00000000000,0,0,0,1,0,0,0,0,0,0,0,60,0,0,0,12,6,2,12,0,0,0,1,12,34112,6,1,0,0,3,0,67,999,0,0,0,0,1,11,2009,11,2009,0,0,0,0,0,1,2,60,1,1,8,1,0,0,1,62,1,1,1,98,1,0
12,121307,1,1,4,5,8,7,55,57,0,1,0,12,2,22,16,22016,1,1998,4G2JB32T4WB2,4,G,2,J,B,3,2,T,4,W,B,2,0,P,PONT,SFS,CV,98,17,2870,,0,1041,,G,,F,4,146,,,15R195,,,,,,0,0,000000000,00000000000,0,0,0,1,0,0,0,0,0,0,0,70,0,0,0,12,6,2,57,0,0,0,1,12,34291,6,1,0,0,3,3,62,999,0,0,0,0,0,0,0,0,0,0,6,0,0,0,3,2,70,2,1,8,1,0,0,14,12,6,1,4,6,1,1
12,121308,1,1,1,6,8,12,35,8,0,1,0,12,2,12,481,12481,31,2003,1FTRX17W13NB,1,F,T,R,X,1,7,W,1,3,N,B,0,T,FORD,F15,4C,3,17,,2,1571,1385,COF,G,,,8,281,,,,B,4060,00,U,42,0,0,000000000,00000000000,0,0,0,1,0,0,0,0,0,0,0,10,0,0,0,12,0,1,8,0,0,0,1,12,33070,2,1,0,0,2,3,69,999,0,1,0,0,0,12,2009,12,2009,0,6,0,0,0,1,2,15,1,1,8,1,20,3,11,80,1,1,1,13,0,0
12,121309,1,1,1,7,8,21,38,8,0,1,0,12,2,35,402,35402,14,2008,5N1AN08U68C5,5,N,1,A,N,0,8,U,6,8,C,5,0,P,NISS,XTR,UT,8,17,4150,,0,1063,,G,,F,6,244,,,16R265,,,,,,0,0,000000000,00000000000,0,0,0,1,0,0,0,0,0,0,0,45,0,0,0,12,6,2,8,0,0,0,1,12,32824,6,1,0,0,3,3,62,999,0,0,0,0,0,0,0,0,0,0,38,0,0,0,2,3,45,1,1,8,2,0,0,1,80,1,1,1,13,0,0
12,121310,1,1,5,7,8,23,43,53,0,1,0,12,2,14,6,14006,4,1992,2MECM74W4NX6,2,M,E,C,M,7,4,W,4,N,X,6,0,P,MERC,GMG,4D,92,17,3768,,0,1144,,G,,F,8,281,,,15R215,,,,,,0,0,000000000,00000000000,0,0,0,1,0,0,0,0,0,0,0,55,0,0,0,12,6,2,42,0,0,0,1,12,32446,0,0,0,0,0,0,63,999,0,0,0,0,0,0,0,0,0,0,6,0,0,0,1,2,55,1,6,8,1,0,0,1,13,1,1,4,1,1,0
12,121311,1,1,1,7,8,21,30,15,0,1,0,12,2,42,42,42042,4,2009,WDDGF54X19R0,W,D,D,G,F,5,4,X,1,9,R,0,0,P,MERZ,C30,4D,9,17,3527,,0,1087,,G,,F,6,183,,,17R225,,,,,,0,0,000000000,00000000000,0,0,0,1,0,0,0,0,0,0,0,35,0,0,0,12,2,1,15,0,0,0,1,12,32246,6,1,0,0,3,0,66,999,0,0,0,0,0,0,0,0,0,0,0,0,0,0,5,4,45,1,1,8,2,0,0,1,83,1,1,1,13,0,0
12,121312,1,1,1,10,8,22,30,8,0,1,0,12,3,20,2,20002,4,2007,2G1WS55R3793,2,G,1,W,S,5,5,R,3,7,9,3,0,P,CHEV,I/P,4D,7,17,3729,,0,1105,,G,,F,6,238,,,16R225,,,,,,0,0,000000000,00000000000,0,0,0,1,0,0,0,0,0,0,0,45,0,0,0,12,4,3,8,0,0,0,1,12,32804,6,1,0,0,3,3,64,999,0,0,0,0,0,0,0,0,0,0,0,0,0,0,3,3,45,1,6,8,1,0,0,1,80,1,1,1,13,0,0
12,121313,1,2,1,12,8,2,19,12,1,1,1,12,1,18,2,18002,4,2001,1G4HP54K2141,1,G,4,H,P,5,4,K,2,1,4,1,0,P,BUIC,LCF,4D,1,17,3567,,0,1122,,G,,F,6,231,,,15R215,,,,,,0,0,000000000,00000000000,0,0,0,1,0,0,0,0,0,0,0,998,0,0,0,12,6,2,12,0,0,0,1,99,99999,9,9,99,9,9,9,999,999,99,99,99,99,99,99,9999,99,9999,0,6,36,0,0,3,4,45,1,1,8,1,0,0,1,51,1,1,1,24,0,1
12,121313,2,2,2,12,8,2,19,12,1,1,0,12,1,12,401,12401,14,1994,1FMCU22X9RUA,1,F,M,C,U,2,2,X,9,R,U,A,0,P,FORD,EPR,UT,94,17,3646,,0,1020,,G,,F,6,245,,,15R225,,,,,,0,0,000000000,00000000000,0,0,0,1,0,0,0,0,0,0,0,998,0,0,0,6,6,9,42,0,0,0,1,12,32209,6,1,0,0,3,0,72,999,0,0,0,0,0,0,0,0,0,0,0,0,0,0,3,4,45,1,1,8,1,0,0,1,53,1,1,1,25,1,1
12,121314,1,2,2,15,4,6,36,12,6,1,0,12,2,98,709,98709,88,2004,5KMMSG2Y2450,5,K,M,M,S,G,2,Y,2,4,5,0,0,U,,,,4,17,,,,,,,,,,,,,,,,,,,0,0,000000000,00000000000,0,0,0,1,0,0,0,0,0,0,0,15,0,0,0,9,6,2,2,0,0,1,1,17,60608,3,1,0,0,2,0,67,999,0,0,0,0,0,0,0,0,0,0,0,0,0,0,1,2,45,1,1,8,1,3,3,1,17,1,1,1,89,2,1
12,121314,2,2,1,15,4,6,36,12,6,1,0,12,1,2,404,2404,14,2000,1J4G248S1YC3,1,J,4,G,2,4,8,S,1,Y,C,3,0,T,JEEP,LRO,4W,0,17,,1,0,1059,GCK,G,,,6,244,,,,,3664,00,E,42,0,0,000000000,00000000000,0,0,0,1,0,0,0,0,0,0,0,45,0,0,0,12,6,2,2,0,0,1,1,12,33436,6,1,0,0,3,3,71,999,0,0,0,0,0,0,0,0,0,0,0,0,0,0,1,3,45,1,1,8,1,3,3,1,66,1,1,1,88,0,0
12,121315,1,2,1,20,6,21,13,12,1,1,0,12,2,73,709,73709,80,2007,JKBZXNA177A0,J,K,B,Z,X,N,A,1,7,7,A,0,0,M,KAWK,X4A,RC,7,17,,,,,,,1352,,4,,4,386,,,,,,,0,0,000000000,00000000000,0,0,0,1,0,0,0,0,0,0,0,60,0,0,0,12,6,2,12,0,0,0,1,12,32407,6,1,0,0,3,0,73,999,0,0,0,0,0,0,0,0,0,0,6,0,0,0,3,3,45,1,5,8,1,0,0,1,51,1,1,1,24,1,0
12,121315,2,2,1,20,6,21,13,12,1,1,0,12,1,76,706,76706,80,2006,JYARN15E86A0,J,Y,A,R,N,1,5,E,8,6,A,0,0,M,YAMA,YFR,RC,6,17,,,,,,,998,,4,,4,381,,,,,,,0,0,000000000,00000000000,0,0,0,1,0,0,0,0,0,0,0,47,0,0,0,6,6,2,12,0,0,0,1,12,32405,6,1,0,0,3,0,66,999,0,3,0,0,1,2,2010,9,2011,0,0,0,0,0,3,3,45,1,5,8,1,0,0,1,53,1,1,1,25,0,0
12,121316,1,1,1,27,6,6,39,9,0,1,0,12,3,12,481,12481,31,1999,1FTNF20S3XEE,1,F,T,N,F,2,0,S,3,X,E,E,0,T,FORD,F2S,PK,99,17,,2,0,1370,SRW,G,,,10,415,,,,C,4960,00,U,42,0,0,000000000,00000000000,0,0,0,1,0,0,0,0,0,0,0,10,0,0,0,4,0,3,9,0,0,0,1,12,32966,6,1,0,0,3,0,74,999,0,0,0,0,0,0,0,0,0,0,0,0,0,0,4,2,30,1,1,8,2,20,3,10,83,1,1,1,13,0,0
12,121318,1,2,2,14,7,19,4,12,6,1,0,12,2,59,35,59035,4,2012,JTHBF5C21C51,J,T,H,B,F,5,C,2,1,C,5,1,0,P,LEXS,I25,4D,12,17,3455,,0,1075,,G,,F,6,152,,,17R225,,,,,,0,0,000000000,00000000000,0,0,0,1,0,0,0,0,0,0,0,60,0,0,0,12,6,2,12,0,0,0,1,12,33143,6,1,0,0,3,0,71,999,0,0,0,0,1,5,2012,5,2012,1,0,0,0,0,2,2,35,1,1,8,1,0,0,1,67,1,1,1,83,0,0
12,121318,2,2,2,14,7,19,4,12,6,1,0,12,1,45,398,45398,2,2009,WP0AB29979S7,W,P,0,A,B,2,9,9,7,9,S,7,0,P,PORS,9CS,CP,9,17,3131,,0,925,,G,,F,6,232,,,19R235,,,,,,0,0,000000000,00000000000,0,0,0,1,0,0,0,0,0,0,0,10,0,0,0,7,6,2,12,0,0,0,1,12,32256,6,1,0,0,3,0,72,999,0,0,0,1,0,8,2011,8,2011,0,0,0,0,0,1,2,30,1,1,8,1,20,3,11,15,1,1,1,82,1,0
12,121320,1,1,2,28,7,21,5,8,0,1,0,48,2,49,32,49032,4,2007,1NXBR32E17Z8,1,N,X,B,R,3,2,E,1,7,Z,8,0,P,TOYT,UCS,4D,7,17,2530,,0,1024,,G,,F,4,109,,,15R185,,,,,,0,0,000000000,00000000000,0,0,0,1,0,0,0,0,0,0,0,45,0,0,0,12,6,2,8,0,0,0,1,48,75006,6,1,0,0,3,3,999,999,0,0,0,0,0,0,0,0,0,0,0,0,0,0,5,4,45,1,1,8,1,0,0,1,80,1,1,1,13,0,0
12,121321,1,1,1,28,7,22,42,9,0,1,0,12,1,7,421,7421,15,1987,NY54612,N,Y,5,4,6,1,2,,,,,,0,T,DODG,,,87,7,,,,,,,,,,,,,,,,,,,0,0,000000000,00000000000,0,0,0,1,0,0,0,0,0,0,0,35,0,0,0,12,4,1,9,0,0,0,1,12,33436,6,1,0,0,3,0,70,999,0,0,0,0,0,0,0,0,0,0,0,0,0,0,1,2,35,1,1,8,1,0,0,1,83,1,1,1,13,0,0
12,121322,1,1,1,4,8,22,58,1,0,1,0,55,1,72,706,72706,80,2003,1HD1FBW153Y7,1,H,D,1,F,B,W,1,5,3,Y,7,0,M,HD,LRI,RS,3,17,,,,,,,1450,,2,,4,723,,,,,,,0,0,000000000,00000000000,0,0,0,1,0,0,0,0,0,0,0,32,0,0,0,0,4,3,1,0,0,0,1,55,53959,6,1,0,0,3,3,72,999,2,1,0,0,2,5,2010,7,2010,0,0,0,0,0,3,3,40,1,1,8,1,0,0,1,98,98,2,1,98,1,1
12,121323,1,2,2,5,8,5,11,12,1,1,0,39,1,35,43,35043,4,2008,3N1AB61EX8L7,3,N,1,A,B,6,1,E,X,8,L,7,0,P,NISS,SL2,4D,8,17,2804,,0,1057,,G,,F,4,122,,,15R205,,,,,,0,0,000000000,00000000000,0,0,0,1,0,0,0,0,0,0,0,50,0,0,0,6,6,2,12,0,0,0,1,36,10030,0,0,0,0,0,0,72,999,0,0,0,0,0,0,0,0,0,0,28,0,0,0,3,5,65,1,1,8,1,0,0,15,10,1,1,2,25,1,1
12,121323,2,2,1,5,8,5,11,12,1,1,0,28,3,84,881,84881,66,2006,2HSCESBR26C2,2,H,S,C,E,S,B,R,2,6,C,2,1,T,INTL,92I,TR,6,17,,8,0,0,920,D,,,6,763,,,,,00000,00,,64,1,28,79127,2879127,3,6,1,1,0,0,0,0,0,0,0,65,0,0,0,12,6,2,12,0,0,0,1,13,31794,6,1,6,3,3,0,70,999,98,0,0,0,0,0,0,0,0,0,0,0,0,0,3,5,65,1,1,8,1,0,0,1,61,1,1,1,24,0,0
12,121324,1,2,1,5,8,7,18,12,6,1,1,12,2,58,38,58038,4,2006,JNKAY01E46M1,J,N,K,A,Y,0,1,E,4,6,M,1,0,P,INFI,M3S,4D,6,17,3706,,0,1142,,G,,F,6,214,,,18R245,,,,,,0,0,000000000,00000000000,0,0,0,1,0,0,0,0,0,0,0,81,0,0,0,8,6,2,9,0,0,0,1,12,33169,6,1,0,0,3,0,70,999,0,2,0,0,1,4,2011,4,2012,0,6,39,0,0,2,2,45,1,1,8,1,3,3,1,17,1,1,1,89,0,0
12,121324,2,2,2,5,8,7,18,12,6,1,0,12,1,49,32,49032,4,2006,2T1BR32EX6C6,2,T,1,B,R,3,2,E,X,6,C,6,0,P,TOYT,UCS,4D,6,17,2530,,0,1024,,G,,F,4,109,,,15R185,,,,,,0,0,000000000,00000000000,0,0,0,1,0,0,0,0,0,0,0,45,0,0,0,12,6,2,12,0,0,0,1,12,33027,6,1,6,0,3,3,73,999,0,0,0,0,0,0,0,0,0,0,0,0,0,0,2,2,45,1,1,8,1,3,3,1,66,1,1,1,88,0,0
12,121325,1,1,1,9,8,5,21,42,0,1,0,12,1,37,32,37032,4,2003,1HGCM566X3A0,1,H,G,C,M,5,6,6,X,3,A,0,0,P,HOND,UEX,4D,3,17,3109,,0,1079,,G,,F,4,146,,,16R205,,,,,,0,0,000000000,00000000000,0,0,0,1,0,0,0,0,0,0,0,60,0,0,0,12,6,2,42,0,0,0,1,12,32068,6,1,0,0,3,0,70,999,0,0,0,1,1,10,2009,12,2011,1,0,0,0,0,1,2,45,1,6,8,1,0,0,1,13,7,1,4,1,1,0
12,121326,1,2,1,12,8,14,7,12,6,1,0,12,1,49,51,49051,3,2010,JTDJT4K3XA52,J,T,D,J,T,4,K,3,X,A,5,2,0,P,TOYT,YAR,2H,10,17,2290,,0,969,,G,,F,4,091,,,14R175,,,,,,0,0,000000000,00000000000,0,0,0,1,0,0,0,0,0,0,0,10,0,0,0,9,6,2,12,0,0,0,1,12,33570,6,1,0,0,3,3,73,999,0,0,0,1,0,7,2010,7,2010,0,38,0,0,0,1,2,20,1,1,8,1,0,0,1,98,1,1,1,89,1,0
12,121326,2,2,1,12,8,14,7,12,6,1,0,12,2,20,482,20482,31,2004,3GNEC12TX4G2,3,G,N,E,C,1,2,T,X,4,G,2,0,T,CHEV,CAV,CW,4,17,,2,0,1300,AVL,G,,,8,325,,,,B,5437,00,,42,0,0,000000000,00000000000,0,0,0,1,0,0,0,0,0,0,0,55,0,0,0,12,6,2,12,0,0,0,1,12,33573,6,1,0,0,3,0,72,999,0,0,0,0,0,0,0,0,0,0,0,0,0,0,2,2,60,1,1,8,1,98,8,1,71,1,1,1,88,0,0
12,121327,1,1,2,8,4,1,17,8,0,1,0,12,4,7,422,7422,15,2011,1D4RD4GG7BC7,1,D,4,R,D,4,G,G,7,B,C,7,0,P,DODG,DUR,UT,11,17,4838,,0,1198,,F,,F,6,220,,,18R265,,,,,,0,0,000000000,00000000000,0,0,0,1,0,0,0,0,0,0,0,35,0,0,0,12,4,1,8,0,0,0,1,12,32304,6,1,0,0,3,0,74,999,0,6,0,0,0,9,2009,11,2011,0,0,0,0,0,1,2,35,1,1,8,1,0,0,1,80,99,1,1,13,0,0
12,121328,1,1,1,26,5,22,47,8,0,1,1,99,9,99,999,99999,99,9999,999999999999,9,9,9,9,9,9,9,9,9,9,9,9,0,,,,,,,,,,,,,,,,,,,,,,,,,0,0,000000000,00000000000,0,0,0,1,0,0,0,0,0,0,0,30,0,0,0,12,9,1,8,0,0,0,1,99,99999,9,9,99,9,9,9,999,999,99,99,99,99,99,99,9999,99,9999,0,0,0,0,0,1,2,30,1,1,8,1,0,0,1,80,1,1,1,13,0,0
12,121329,1,1,1,9,6,13,40,33,0,1,0,12,1,98,709,98709,88,2006,5KMMSG1X2650,5,K,M,M,S,G,1,X,2,6,5,0,0,U,,,,6,17,,,,,,,,,,,,,,,,,,,0,0,000000000,00000000000,0,0,0,1,0,0,0,0,0,0,0,35,0,0,0,12,4,3,31,0,0,0,1,12,33713,1,1,0,0,2,0,72,999,0,1,0,0,0,4,2012,4,2012,0,6,0,0,0,1,2,35,1,1,8,1,0,0,1,13,1,1,4,1,1,1
12,121330,1,1,1,16,6,3,7,53,0,1,0,12,3,58,37,58037,2,2011,JN1CV6EK2BM2,J,N,1,C,V,6,E,K,2,B,M,2,0,P,INFI,GBS,CP,11,17,3627,,0,1122,,G,,F,6,226,,,18R225,,,,,,0,0,000000000,00000000000,0,0,0,1,0,0,0,0,0,0,0,50,0,1,9,12,6,2,1,0,0,0,1,12,33647,6,1,0,0,3,0,70,999,0,0,0,0,0,0,0,0,0,1,0,0,0,0,1,2,25,3,1,8,1,0,0,14,13,1,1,4,1,1,1