STATE,ST_CASE,VEH_NO,VE_FORMS,NUMOCCS,DAY,MONTH,HOUR,MINUTE,HARM_EV,MAN_COLL,UNITTYPE,HIT_RUN,REG_STAT,OWNER,MAKE,MODEL,MAK_MOD,BODY_TYP,MOD_YEAR,VIN,VIN_1,VIN_2,VIN_3,VIN_4,VIN_5,VIN_6,VIN_7,VIN_8,VIN_9,VIN_10,VIN_11,VIN_12,TOW_VEH,VINTYPE,VINMAKE,VINA_MOD,VIN_BT,VINMODYR,VIN_LNGT,VIN_WGT,WGTCD_TR,WHLBS_LG,WHLBS_SH,SER_TR,FUELCODE,MCYCL_DS,CARBUR,CYLINDER,DISPLACE,MCYCL_CY,MCYCL_WT,TIRE_SZE,TON_RAT,TRK_WT,TRKWTVAR,VIN_REST,WHLDRWHL,J_KNIFE,MCARR_I1,MCARR_I2,MCARR_ID,GVWR,V_CONFIG,CARGO_BT,HAZ_INV,HAZ_PLAC,HAZ_ID,HAZ_CNO,HAZ_REL,BUS_USE,SPEC_USE,EMER_USE,TRAV_SP,UNDERIDE,ROLLOVER,ROLINLOC,IMPACT1,DEFORMED,TOWED,M_HARM,VEH_SC1,VEH_SC2,FIRE_EXP,DR_PRES,L_STATE,DR_ZIP,L_STATUS,L_TYPE,CDL_STAT,L_ENDORS,L_COMPL,L_RESTRI,DR_HGT,DR_WGT,PREV_ACC,PREV_SUS,PREV_DWI,PREV_SPD,PREV_OTH,FIRST_MO,FIRST_YR,LAST_MO,LAST_YR,SPEEDREL,DR_SF1,DR_SF2,DR_SF3,DR_SF4,VTRAFWAY,VNUM_LAN,VSPD_LIM,VALIGN,VPROFILE,VPAVETYP,VSURCOND,VTRAFCON,VTCONT_F,P_CRASH1,P_CRASH2,P_CRASH3,PCRASH4,PCRASH5,ACC_TYPE,DEATHS,DR_DRINK
12,121364,1,1,1,5,8,1,41,1,0,1,0,12,1,53,706,53706,80,2006,JS1GT76A4621,J,S,1,G,T,7,6,A,4,6,2,1,0,M,SUZI,XR1,RC,6,17,,,,,,,999,,4,,4,365,,,,,,,0,0,000000000,00000000000,0,0,0,1,0,0,0,0,0,0,0,50,0,0,0,0,6,2,1,0,0,0,1,12,33511,6,1,0,0,3,0,68,999,0,0,0,0,0,0,0,0,0,0,6,0,0,0,2,2,50,1,1,8,1,0,0,1,13,1,1,4,1,1,0
12,121365,1,1,2,5,8,3,6,1,0,1,0,12,2,35,47,35047,4,2005,1N4BL11D55C3,1,N,4,B,L,1,1,D,5,5,C,3,0,P,NISS,ASR,4D,5,17,3101,,0,1102,,G,,F,6,214,,,17R215,,,,,,0,0,000000000,00000000000,0,0,0,1,0,0,0,0,0,0,0,80,0,1,3,0,6,2,1,0,0,0,1,12,33563,6,7,0,0,3,0,57,999,0,0,0,0,0,0,0,0,0,1,6,58,0,0,3,3,70,1,1,8,1,0,0,15,12,1,1,4,6,1,1
12,121366,1,1,1,8,8,1,48,38,0,1,0,12,1,37,33,37033,2,1997,JHMBB6244VC0,J,H,M,B,B,6,2,4,4,V,C,0,0,P,HOND,PRE,CP,97,17,2916,,0,1017,,G,,F,4,132,,,16R205,,,,,,0,0,000000000,00000000000,0,0,0,1,0,0,0,0,0,0,0,998,0,0,0,12,6,2,38,0,0,0,1,12,32210,6,1,0,0,3,3,67,999,0,0,0,0,0,0,0,0,0,1,0,0,0,0,1,4,30,3,1,8,1,0,0,14,19,1,1,4,99,1,0
12,121367,1,2,2,11,8,10,5,39,0,1,0,12,1,59,31,59031,4,1998,JT8BF28GXW01,J,T,8,B,F,2,8,G,X,W,0,1,0,P,LEXS,ES3,4D,98,17,3378,,0,1051,,G,,F,6,183,,,15R205,,,,,,0,0,000000000,00000000000,0,0,0,1,0,0,0,0,0,0,0,30,0,0,0,12,6,2,12,0,0,0,1,12,33009,6,1,0,0,3,3,58,999,0,0,0,0,0,0,0,0,0,0,6,0,0,0,2,3,30,1,1,8,1,0,0,12,98,1,1,4,98,0,0
12,121367,2,2,2,11,8,10,5,39,0,1,0,12,1,49,402,49402,14,2011,2T3ZF4DV6BW0,2,T,3,Z,F,4,D,V,6,B,W,0,0,P,TOYT,RG4,UT,11,17,3300,,0,0,,G,,F,4,153,,,000000,,,,,,0,0,000000000,00000000000,0,0,0,1,0,0,0,0,0,0,0,35,0,1,1,9,6,2,8,0,0,0,1,12,33180,6,1,0,0,3,0,68,999,0,0,0,0,0,0,0,0,0,0,0,0,0,0,2,3,30,1,1,8,1,0,0,1,62,1,1,1,98,0,0
12,121368,1,2,1,13,8,13,40,12,6,1,0,12,1,14,401,14401,14,2002,4M2ZU86E42ZJ,4,M,2,Z,U,8,6,E,4,2,Z,J,0,P,MERC,MOU,UT,2,17,4410,,0,1138,,G,,F,6,245,,,16R245,,,,,,0,0,000000000,00000000000,0,0,0,1,0,0,0,0,0,0,0,10,0,0,0,9,6,2,12,0,0,0,1,13,30518,6,1,0,0,3,0,72,999,98,0,0,0,0,0,0,0,0,0,38,0,0,0,1,2,55,1,1,8,2,20,3,1,17,1,1,1,89,0,0
12,121368,2,2,3,13,8,13,40,12,6,1,0,12,1,20,471,20471,30,1991,1GCCS14Z7M81,1,G,C,C,S,1,4,Z,7,M,8,1,0,T,CHEV,S14,PK,91,17,,1,1179,1083,S,G,,,6,262,,,,B,2567,01,,42,0,0,000000000,00000000000,0,0,0,1,0,0,0,0,0,0,0,30,0,0,0,12,6,2,12,0,0,0,1,12,33756,6,8,0,0,3,0,73,999,0,0,0,0,0,0,0,0,0,0,0,0,0,0,2,2,55,1,1,8,2,0,0,1,66,1,1,1,88,1,0
12,121369,1,2,1,7,3,20,15,12,1,1,0,12,1,13,421,13421,15,2004,5LMFU28R44LJ,5,L,M,F,U,2,8,R,4,4,L,J,0,P,LINC,NAV,UT,4,17,5995,,0,1190,,G,,F,8,330,,,18R255,,,,,,0,0,000000000,00000000000,0,0,0,1,0,0,0,0,0,0,0,35,0,0,0,12,4,3,12,0,0,0,1,12,32119,6,1,0,0,3,0,68,999,0,0,0,0,0,0,0,0,0,0,6,0,0,0,2,2,40,1,1,8,1,3,3,1,52,1,1,1,28,0,0
12,121369,2,2,2,7,3,20,15,12,1,1,0,32,1,72,706,72706,80,2002,1HD1FRW122Y6,1,H,D,1,F,R,W,1,2,2,Y,6,0,M,HD,FCI,RS,2,17,,,,,,,1450,,2,,4,710,,,,,,,0,0,000000000,00000000000,0,0,0,1,0,0,0,0,0,0,0,0,0,0,0,6,4,3,12,0,0,0,1,32,89120,6,1,0,0,3,0,72,999,0,0,0,0,0,0,0,0,0,0,0,0,0,0,2,2,40,1,1,8,1,3,3,2,53,1,1,1,29,1,0
12,121370,1,1,1,14,8,16,52,8,0,1,0,12,3,12,481,12481,31,1996,1FTEF15Y0TLB,1,F,T,E,F,1,5,Y,0,T,L,B,0,T,FORD,F15,PK,96,17,,2,1330,1170,COF,G,,,6,300,,,,B,4065,00,M,42,0,0,000000000,00000000000,0,0,0,1,0,0,0,0,0,0,0,15,0,0,0,3,2,1,8,0,0,0,1,12,32789,6,1,0,0,3,0,70,999,0,0,0,0,0,0,0,0,0,0,0,0,0,0,1,2,25,2,1,8,1,0,0,14,80,1,1,1,13,0,0
12,121371,1,1,1,14,8,23,50,18,0,1,0,12,1,7,472,7472,30,1992,1B7FL23X4NS5,1,B,7,F,L,2,3,X,4,N,S,5,0,T,DODG,DAK,PC,92,17,,1,0,1309,DAK,G,,,6,239,,,,B,3187,01,A,42,0,0,000000000,00000000000,0,0,0,1,0,0,0,0,0,0,0,40,0,0,0,12,6,2,8,0,0,0,1,12,32548,6,1,0,0,3,0,69,999,0,0,0,0,0,0,0,0,0,0,6,0,0,0,5,6,40,2,1,8,1,50,3,14,10,1,1,2,12,0,0
12,121372,1,1,2,14,8,11,20,34,0,1,0,12,1,13,1,13001,4,1997,1LNLM83W5VY7,1,L,N,L,M,8,3,W,5,V,Y,7,0,P,LINC,CAR,4D,97,17,3977,,0,1174,,G,,F,8,281,,,16R225,,,,,,0,0,000000000,00000000000,0,0,0,1,0,0,0,0,0,0,0,45,0,0,0,12,6,2,42,0,0,0,1,12,33868,6,1,0,0,3,3,72,999,0,0,0,0,0,0,0,0,0,0,6,0,0,0,1,2,45,1,1,8,2,0,0,1,12,1,1,4,6,1,0
12,121373,1,1,1,15,8,21,10,39,0,1,0,12,1,53,706,53706,80,2006,JS1GW71A1621,J,S,1,G,W,7,1,A,1,6,2,1,0,M,SUZI,GXR,RC,6,17,,,,,,,1298,,4,,4,478,,,,,,,0,0,000000000,00000000000,0,0,0,1,0,0,0,0,0,0,0,70,0,0,0,11,6,2,39,0,0,0,1,12,33759,6,1,0,0,3,0,69,999,0,0,0,1,0,2,2012,2,2012,1,36,0,0,0,6,2,45,2,6,8,1,0,0,14,6,3,1,4,6,1,0
12,121374,1,1,2,16,8,9,9,38,0,1,0,18,1,7,442,7442,20,2002,2B4GP44322R6,2,B,4,G,P,4,4,3,2,2,R,6,0,T,DODG,GSP,ES,2,17,,1,0,1193,CAR,F,,,6,201,,,,,4002,00,E,42,0,0,000000000,00000000000,0,0,0,1,0,0,0,0,0,0,0,40,0,0,0,12,6,2,42,0,0,0,1,18,47909,6,1,0,0,3,3,71,999,0,0,0,0,0,0,0,0,0,0,6,0,0,0,1,2,45,2,1,8,1,0,0,14,12,1,1,4,6,1,0
12,121375,1,1,1,16,8,18,50,9,0,1,0,12,1,12,481,12481,31,2007,1FTRF12247KB,1,F,T,R,F,1,2,2,4,7,K,B,0,T,FORD,F15,PK,7,17,,2,1450,1260,COF,G,,,6,256,,,,B,4615,01,E,42,0,0,000000000,00000000000,0,0,0,1,0,0,0,0,0,0,0,15,0,0,0,12,8,1,9,0,0,0,1,12,32277,6,1,0,0,3,3,68,999,0,0,0,0,0,0,0,0,0,0,0,0,0,0,1,2,35,1,1,8,1,0,0,11,83,1,1,1,13,0,0
12,121376,1,1,2,17,8,3,30,59,0,1,0,12,1,2,404,2404,14,2001,1J4FF48SX1L5,1,J,4,F,F,4,8,S,X,1,L,5,0,T,JEEP,SPT,4W,1,17,,1,0,1014,CHK,G,,,6,244,,,,,3249,00,E,44,0,0,000000000,00000000000,0,0,0,1,0,0,0,0,0,0,0,60,0,0,0,12,6,2,42,0,0,0,1,12,32720,6,1,0,0,3,3,74,999,0,5,0,0,1,9,2010,10,2011,1,0,0,0,0,1,2,30,1,1,8,1,28,3,1,12,1,1,4,6,2,1
12,121377,1,2,1,17,8,6,35,12,1,1,0,12,1,12,481,12481,31,2010,1FTFW1EV8AFD,1,F,T,F,W,1,E,V,8,A,F,D,0,T,FORD,F1S,CW,10,17,,2,1570,1450,COF,F,,,8,329,,,,B,5345,00,7,44,0,0,000000000,00000000000,0,0,0,1,0,0,0,0,0,0,0,55,0,0,0,12,6,2,12,0,0,0,1,12,34420,6,1,0,0,3,3,71,999,0,0,0,0,0,0,0,0,0,0,6,0,0,0,2,2,55,1,1,8,1,0,0,1,51,6,1,2,24,0,0
12,121377,2,2,2,17,8,6,35,12,1,1,0,12,1,72,706,72706,80,2005,1HD1BRY125Y0,1,H,D,1,B,R,Y,1,2,5,Y,0,0,M,HD,LTS,RS,5,17,,,,,,,1450,,2,,4,731,,,,,,,0,0,000000000,00000000000,0,0,0,1,0,0,0,0,0,0,0,55,0,0,0,6,6,2,12,0,0,0,1,12,34491,6,1,0,0,3,3,66,999,0,0,0,0,0,0,0,0,0,0,0,0,0,0,2,2,55,1,1,8,1,0,0,1,53,1,1,1,25,1,0
12,121378,1,1,1,17,8,8,0,53,0,1,0,12,2,2,405,2405,14,2002,1J4GL48K92W2,1,J,4,G,L,4,8,K,9,2,W,2,0,T,JEEP,SPR,4W,2,17,,1,0,1043,LIB,G,,,6,226,,,,,3682,02,E,44,0,0,000000000,00000000000,0,0,0,1,0,0,0,0,0,0,0,45,0,0,0,12,6,2,30,0,0,0,1,12,32210,6,1,0,0,3,3,71,999,1,1,0,0,0,4,2011,8,2011,0,0,0,0,0,1,2,30,2,1,8,1,0,0,14,13,1,1,4,1,1,0
12,121379,1,3,1,17,8,15,40,12,6,1,0,12,1,41,43,41043,4,1992,JM1HD4617N01,J,M,1,H,D,4,6,1,7,N,0,1,0,P,MAZD,929,4D,92,17,3596,,0,1122,,G,,F,6,180,,,15R205,,,,,,0,0,000000000,00000000000,0,0,0,1,0,0,0,0,0,0,0,83,0,0,0,5,6,2,12,0,0,0,1,12,32539,6,1,0,0,3,0,63,999,0,0,0,1,0,4,2012,4,2012,1,28,0,0,0,1,3,55,3,6,8,1,0,0,14,10,1,4,2,64,1,1
12,121379,2,3,1,17,8,15,40,12,6,1,0,12,2,20,481,20481,31,2007,1GCHK23K97F5,1,G,C,H,K,2,3,K,9,7,F,5,0,T,CHEV,2KH,CW,7,17,,2,1670,1530,SIL,G,,,8,366,,,,C,5883,02,,44,0,0,000000000,00000000000,0,0,0,1,0,0,0,0,0,0,0,30,0,0,0,12,6,2,12,0,0,0,1,12,32536,6,1,0,0,3,0,78,999,0,0,0,0,0,0,0,0,0,0,0,0,0,0,1,3,55,3,6,8,1,0,0,14,62,1,1,1,65,0,0
12,121379,3,3,2,17,8,15,40,12,6,1,0,12,2,2,403,2403,14,2011,1J4HA3H16BL5,1,J,4,H,A,3,H,1,6,B,L,5,0,T,JEEP,WSS,4W,11,17,,1,0,1160,WUL,G,,,6,230,,,,,4075,00,R,44,0,0,000000000,00000000000,0,0,0,1,0,0,0,0,0,0,0,45,0,0,0,13,2,1,54,0,0,0,1,12,32536,6,1,0,0,3,3,73,999,0,0,0,0,0,0,0,0,0,0,0,0,0,0,1,3,55,3,6,8,1,0,0,14,98,1,1,1,98,0,0
12,121380,1,2,1,18,8,1,10,12,2,1,0,12,1,20,481,20481,31,2003,2GCEC19T9313,2,G,C,E,C,1,9,T,9,3,1,3,0,T,CHEV,SC1,4C,3,17,,2,1575,1435,SIL,G,,,8,325,,,,B,4534,03,,42,0,0,000000000,00000000000,0,0,0,1,0,0,0,0,0,0,0,45,0,0,0,12,6,2,12,0,0,0,1,12,32533,6,1,0,0,3,3,70,999,0,0,0,0,0,0,0,0,0,0,51,0,0,0,2,2,45,1,3,8,1,0,0,1,54,1,1,1,52,0,1
12,121380,2,2,2,18,8,1,10,12,2,1,0,12,1,20,16,20016,2,1999,1G1JC1246X71,1,G,1,J,C,1,2,4,6,X,7,1,0,P,CHEV,C/S,CP,99,17,2617,,0,1041,,G,,F,4,133,,,14R195,,,,,,0,0,000000000,00000000000,0,0,0,1,0,0,0,0,0,0,0,45,0,0,0,12,6,2,12,0,0,0,1,12,32514,6,1,0,0,3,3,74,999,0,0,0,0,0,0,0,0,0,0,0,0,0,0,2,2,45,1,3,8,1,0,0,1,54,1,1,1,52,1,0
12,121381,1,2,1,12,3,20,28,1,0,1,0,25,2,58,32,58032,4,1999,JNKBY31A4XM6,J,N,K,B,Y,3,1,A,4,X,M,6,0,P,INFI,Q4T,4D,99,17,3871,,0,1114,,G,,F,8,252,,,16R215,,,,,,0,0,000000000,00000000000,0,0,0,1,0,0,0,0,0,0,0,30,0,0,0,7,2,1,12,0,0,0,1,12,32118,6,1,0,0,3,0,69,999,0,0,0,0,0,0,0,0,0,0,38,0,0,0,2,2,45,1,1,8,1,0,0,10,16,1,1,1,98,0,0
12,121381,2,2,1,12,3,20,28,1,0,1,0,12,1,72,706,72706,80,2012,1HD1FFM16CB6,1,H,D,1,F,F,M,1,6,C,B,6,0,M,HD,HTF,RS,12,17,,,,,,,1690,,2,,4,827,,,,,,,0,0,000000000,00000000000,0,0,0,1,0,0,0,0,0,0,0,45,0,0,0,0,4,3,1,0,0,0,1,12,32708,6,1,0,0,3,0,74,999,0,0,0,0,0,0,0,0,0,0,0,0,0,0,2,3,45,1,1,8,1,0,0,1,65,3,1,1,98,1,0
12,121382,1,1,1,5,4,7,53,30,0,1,0,12,1,6,43,6043,4,2007,1C3LC46K07N6,1,C,3,L,C,4,6,K,0,7,N,6,0,P,CHRY,SEB,4D,7,17,3201,,0,1089,,G,,F,4,144,,,16R215,,,,,,0,0,000000000,00000000000,0,0,0,1,0,0,0,0,0,0,0,35,0,0,0,12,6,2,30,0,0,0,1,12,33881,6,1,0,0,3,0,71,999,0,0,0,0,0,0,0,0,0,0,0,0,0,0,4,3,35,2,1,8,2,0,0,14,13,1,1,4,1,1,0
12,121383,1,2,1,11,4,13,30,12,6,1,0,12,1,6,52,6052,6,2006,3A4FY48B36T2,3,A,4,F,Y,4,8,B,3,6,T,2,0,P,CHRY,PTC,SV,6,17,3018,,0,1030,,G,,F,4,148,,,17R205,,,,,,0,0,000000000,00000000000,0,0,0,1,0,0,0,0,0,0,0,998,0,1,1,12,6,2,1,0,0,0,1,12,33875,6,1,0,0,3,0,64,999,0,0,0,0,0,0,0,0,0,0,0,0,0,0,2,2,55,1,1,8,1,0,0,1,10,1,1,2,45,1,0
12,121383,2,2,1,11,4,13,30,12,6,1,0,12,1,12,17,12017,4,2001,1FAFP55U81A1,1,F,A,F,P,5,5,U,8,1,A,1,0,P,FORD,TSS,4D,1,17,3343,,0,1085,,G,,F,6,182,,,16R215,,,,,,0,0,000000000,00000000000,0,0,0,1,0,0,0,0,0,0,0,998,0,0,0,5,6,2,12,0,0,0,1,12,33880,6,1,0,0,3,0,72,999,0,1,0,0,0,12,2009,12,2009,0,0,0,0,0,2,2,55,1,1,8,1,0,0,1,61,1,1,1,44,0,0
12,121384,1,1,1,23,4,8,45,8,0,1,0,12,2,58,999,58999,49,2006,JNRAS08U86X1,J,N,R,A,S,0,8,U,8,6,X,1,0,P,INFI,IFX,UT,6,17,4045,,0,1122,,G,,F,6,213,,,18R265,,,,,,0,0,000000000,00000000000,0,0,0,1,0,0,0,0,0,0,0,5,0,0,0,12,4,3,8,0,0,0,1,12,32806,6,1,0,0,3,3,71,999,0,2,0,2,0,2,2010,4,2011,0,0,0,0,0,1,2,25,1,1,8,1,3,3,11,83,1,1,1,13,0,0
12,121385,1,1,1,29,4,1,29,8,0,1,1,99,9,99,999,99999,99,9999,999999999999,9,9,9,9,9,9,9,9,9,9,9,9,0,,,,,,,,,,,,,,,,,,,,,,,,,0,0,000000000,00000000000,0,0,0,1,0,0,0,0,0,0,0,999,0,0,0,98,9,1,8,0,0,0,1,99,99999,9,9,99,9,9,9,999,999,99,99,99,99,99,99,9999,99,9999,9,99,99,99,99,1,2,35,1,1,8,1,0,0,1,80,99,1,1,13,0,0
12,121386,1,2,1,1,5,12,22,12,6,1,0,12,1,37,32,37032,4,1986,1HGBA7435GA1,1,H,G,B,A,7,4,3,5,G,A,1,0,P,HOND,ALX,4D,86,17,2529,,0,1024,,G,,2,4,119,,,13R185,,,,,,0,0,000000000,00000000000,0,0,0,1,0,0,0,0,0,0,0,999,0,0,0,3,6,2,12,0,0,0,1,12,33135,6,1,0,0,3,3,63,999,0,0,0,0,0,0,0,0,0,0,38,0,0,0,3,2,40,1,1,8,1,3,3,11,15,1,1,1,68,0,0
12,121386,2,2,3,1,5,12,22,12,6,1,0,12,3,12,461,12461,21,2006,1FTNE24WX6HB,1,F,T,N,E,2,4,W,X,6,H,B,0,T,FORD,25V,CG,6,17,,2,0,1380,VAN,G,,,8,281,,,,C,5141,00,E,42,0,0,000000000,00000000000,0,0,0,1,0,0,0,0,0,0,0,35,0,0,0,12,4,1,12,0,0,0,1,12,33186,6,1,6,0,3,0,66,999,0,0,0,0,0,0,0,0,0,0,0,0,0,0,3,2,40,1,1,8,1,3,3,1,62,1,1,1,69,1,0
12,121388,1,2,1,29,5,10,6,12,6,1,0,12,2,63,33,63033,4,2009,KNAFE2217956,K,N,A,F,E,2,2,1,7,9,5,6,0,P,KIA,SXC,4D,9,17,2701,,0,1028,,G,,F,4,122,,,15R195,,,,,,0,0,000000000,00000000000,0,0,0,1,0,0,0,0,0,0,0,35,0,0,0,12,6,2,12,0,0,0,1,12,33712,6,1,0,0,3,0,66,999,0,2,0,1,0,4,2010,2,2012,0,38,0,0,0,2,3,35,1,1,8,1,3,3,11,15,1,1,1,68,0,0
12,121388,2,2,1,29,5,10,6,12,6,1,0,12,1,37,32,37032,4,1998,1HGCG5646WA1,1,H,G,C,G,5,6,4,6,W,A,1,0,P,HOND,ULX,4D,98,17,2952,,0,1069,,G,,F,4,138,,,15R195,,,,,,0,0,000000000,00000000000,0,0,0,1,0,0,0,0,0,0,0,40,0,0,0,9,6,2,30,0,0,0,1,12,33713,6,1,0,0,3,0,75,999,0,0,0,0,0,0,0,0,0,0,0,0,0,0,2,3,35,1,1,8,1,3,3,1,66,1,1,1,69,0,0
12,121389,1,1,1,3,6,2,10,42,0,1,0,12,1,14,37,14037,4,2000,1MEFM66L0YK6,1,M,E,F,M,6,6,L,0,Y,K,6,0,P,MERC,MLS,4D,0,17,2824,,0,1065,,G,,F,6,155,,,15R205,,,,,,0,0,000000000,00000000000,0,0,0,1,0,0,0,0,0,0,0,60,0,0,0,4,6,2,42,0,0,0,1,12,33825,6,1,0,0,3,3,75,999,0,0,0,0,0,0,0,0,0,0,0,0,0,0,1,2,25,1,1,8,1,0,0,1,12,1,1,4,6,1,1
12,121390,1,1,1,6,6,12,0,1,0,1,0,12,1,77,706,77706,80,2004,5VPGB16DX430,5,V,P,G,B,1,6,D,X,4,3,0,0,M,VCTY,GBD,RS,4,17,,,,,,,1507,,2,,4,620,,,,,,,0,0,000000000,00000000000,0,0,0,1,0,0,0,0,0,0,0,998,0,0,0,0,6,2,1,0,0,0,1,12,33841,6,1,0,0,3,0,71,999,0,0,0,0,0,0,0,0,0,0,0,0,0,0,1,2,45,3,1,8,1,40,3,14,13,1,1,4,1,1,0
12,121391,1,1,1,9,6,18,30,30,0,1,0,12,2,20,481,20481,31,1982,1GCDC14H9CS1,1,G,C,D,C,1,4,H,9,C,S,1,0,T,CHEV,C10,PK,82,17,,1,1315,1175,C10,G,,,8,305,,,,B,2348,02,,42,0,0,000000000,00000000000,0,0,0,1,0,0,0,0,0,0,0,40,0,0,0,12,6,2,30,0,0,0,1,12,33311,6,1,0,0,3,0,68,999,0,0,0,0,0,0,0,0,0,0,6,0,0,0,1,2,25,1,1,8,1,0,0,1,12,1,3,4,7,1,0
12,121392,1,2,1,2,7,12,41,12,6,1,0,12,2,49,32,49032,4,1997,1NXBA02E3VZ5,1,N,X,B,A,0,2,E,3,V,Z,5,0,P,TOYT,UCC,4D,97,17,2337,,0,970,,G,,F,4,097,,,14R175,,,,,,0,0,000000000,00000000000,0,0,0,1,0,0,0,0,0,0,0,15,0,0,0,9,6,2,12,0,0,0,1,12,33716,6,1,0,0,3,3,74,999,0,0,0,0,0,0,0,0,0,0,39,0,0,0,2,2,50,1,1,8,1,28,3,11,15,1,1,1,82,1,0
12,121392,2,2,1,2,7,12,41,12,6,1,0,12,1,7,402,7402,14,2002,1B4HR38N22F2,1,B,4,H,R,3,8,N,2,2,F,2,0,P,DODG,DUR,UT,2,17,4222,,0,1160,,G,,F,8,287,,,16R255,,,,,,0,0,000000000,00000000000,0,0,0,1,0,0,0,0,0,0,0,37,0,0,0,12,6,2,12,0,0,0,1,12,33702,6,1,0,0,3,0,68,999,0,0,0,0,0,0,0,0,0,0,0,0,0,0,2,2,50,1,1,8,1,0,0,1,67,8,1,1,83,0,0
12,121393,1,2,1,6,7,13,47,12,6,1,0,12,1,12,481,12481,31,1999,1FTZX1728XNB,1,F,T,Z,X,1,7,2,8,X,N,B,0,T,FORD,F15,4C,99,17,,1,1571,1385,COF,G,,,6,256,,,,B,00000,00,U,42,0,0,000000000,00000000000,0,0,0,1,0,0,0,0,0,0,0,45,0,0,0,12,6,2,12,0,0,0,1,12,32961,6,1,0,0,3,3,68,999,0,0,0,0,0,0,0,0,0,0,0,0,0,0,3,2,45,1,1,8,1,3,3,1,62,1,1,1,69,0,0
12,121393,2,2,2,6,7,13,47,12,6,1,0,12,1,20,2,20002,4,2009,2G1WB57K3912,2,G,1,W,B,5,7,K,3,9,1,2,0,P,CHEV,IPL,4D,9,17,3555,,0,1105,,F,,F,6,214,,,16R225,,,,,,0,0,000000000,00000000000,0,0,0,1,0,0,0,0,0,0,0,15,0,0,0,3,6,2,12,0,0,0,1,12,34981,6,1,0,0,3,0,67,999,0,0,0,0,1,6,2012,6,2012,0,0,0,0,0,3,2,45,1,1,8,1,3,3,11,15,1,1,1,68,2,0
12,121394,1,3,1,20,7,17,35,12,6,1,0,12,2,37,31,37031,3,2008,2HGFG12838H5,2,H,G,F,G,1,2,8,3,8,H,5,0,P,HOND,UAX,CP,8,17,2769,,0,1043,,G,,F,4,110,,,16R205,,,,,,0,0,000000000,00000000000,0,0,0,1,0,0,0,0,0,0,0,70,0,0,0,61,6,2,12,0,0,1,1,12,33781,6,1,0,0,3,3,64,999,0,0,0,0,0,0,0,0,0,0,58,0,0,0,2,2,70,1,1,8,1,0,0,1,9,1,1,4,64,1,0
12,121394,2,3,1,20,7,17,35,12,6,1,0,12,3,20,481,20481,31,2012,1GCRKPEA9CZ2,1,G,C,R,K,P,E,A,9,C,Z,2,0,T,CHEV,SK1,4C,12,17,,2,1575,1435,SIL,F,,,8,293,,,,B,5267,02,,44,0,0,000000000,00000000000,0,0,0,1,0,0,0,0,0,0,0,70,0,0,0,12,6,2,12,0,0,0,1,12,34442,6,1,0,0,3,0,71,999,0,0,0,1,0,6,2010,6,2010,0,0,0,0,0,2,2,70,1,1,8,1,0,0,1,62,1,1,1,65,0,0
12,121394,3,3,1,20,7,17,35,12,6,1,0,12,1,12,471,12471,30,2000,1FTYR14V6YPB,1,F,T,Y,R,1,4,V,6,Y,P,B,0,T,FORD,RNS,PC,0,17,,1,0,1257,RNG,F,,,6,182,,,,B,3271,01,U,42,0,0,000000000,00000000000,0,0,0,1,0,0,0,0,0,0,0,70,0,0,0,12,6,2,12,0,0,0,1,12,33773,6,1,0,0,3,0,65,999,0,0,0,0,0,0,0,0,0,0,0,0,0,0,2,2,70,1,1,8,1,0,0,1,62,1,1,1,98,0,0
12,121395,1,2,1,22,7,13,5,12,2,1,0,12,1,14,6,14006,4,2002,2MEFM75W72X6,2,M,E,F,M,7,5,W,7,2,X,6,0,P,MERC,MGL,4D,2,17,3970,,0,1147,,G,,F,8,281,,,16R225,,,,,,0,0,000000000,00000000000,0,0,0,1,0,0,0,0,0,0,0,5,0,0,0,12,6,2,12,0,0,0,1,12,34602,6,1,0,0,3,0,74,999,0,0,0,0,0,0,0,0,0,0,38,0,0,0,1,2,50,1,1,8,1,20,3,11,15,1,1,1,82,0,0
12,121395,2,2,1,22,7,13,5,12,2,1,0,12,1,98,706,98706,80,2002,SMT502FP02J1,S,M,T,5,0,2,F,P,0,2,J,1,0,M,TRUM,DA9,RC,2,17,,,,,,,955,,3,,4,999,,,,,,,0,0,000000000,00000000000,0,0,0,1,0,0,0,0,0,0,0,50,0,0,0,12,6,2,12,0,0,0,1,12,33618,6,1,0,0,3,0,68,999,0,0,0,0,0,0,0,0,0,0,0,0,0,0,1,2,50,1,1,8,1,0,0,1,67,1,1,1,83,1,0
12,121396,1,2,2,4,8,1,25,12,6,1,0,12,1,37,441,37441,20,2002,2HKRL18692H5,2,H,K,R,L,1,8,6,9,2,H,5,0,P,HOND,UDY,SV,2,17,4354,,0,1181,,G,,F,6,212,,,16R225,,,,,,0,0,000000000,00000000000,0,0,0,1,0,0,0,0,0,0,0,78,0,1,5,61,6,2,12,0,0,0,1,12,32227,6,1,0,0,3,0,76,999,0,0,0,0,0,0,0,0,0,1,0,0,0,0,1,2,50,2,1,8,1,0,0,14,6,1,3,2,64,1,0
12,121396,2,2,2,4,8,1,25,12,6,1,0,12,1,32,43,32043,4,2002,WAULC68E72A3,W,A,U,L,C,6,8,E,7,2,A,3,0,P,AUDI,41Q,4D,2,17,3311,,0,1043,,G,,T,4,109,,,15R205,,,,,,0,0,000000000,00000000000,0,0,0,1,0,0,0,0,0,0,0,50,0,0,0,12,6,2,12,0,0,0,1,12,32168,6,1,0,0,3,3,75,999,0,0,0,0,0,0,0,0,0,0,0,0,0,0,1,2,50,3,1,8,1,0,0,14,62,1,1,1,65,1,0