STATE,ST_CASE,VEH_NO,VE_FORMS,NUMOCCS,DAY,MONTH,HOUR,MINUTE,HARM_EV,MAN_COLL,UNITTYPE,HIT_RUN,REG_STAT,OWNER,MAKE,MODEL,MAK_MOD,BODY_TYP,MOD_YEAR,VIN,VIN_1,VIN_2,VIN_3,VIN_4,VIN_5,VIN_6,VIN_7,VIN_8,VIN_9,VIN_10,VIN_11,VIN_12,TOW_VEH,VINTYPE,VINMAKE,VINA_MOD,VIN_BT,VINMODYR,VIN_LNGT,VIN_WGT,WGTCD_TR,WHLBS_LG,WHLBS_SH,SER_TR,FUELCODE,MCYCL_DS,CARBUR,CYLINDER,DISPLACE,MCYCL_CY,MCYCL_WT,TIRE_SZE,TON_RAT,TRK_WT,TRKWTVAR,VIN_REST,WHLDRWHL,J_KNIFE,MCARR_I1,MCARR_I2,MCARR_ID,GVWR,V_CONFIG,CARGO_BT,HAZ_INV,HAZ_PLAC,HAZ_ID,HAZ_CNO,HAZ_REL,BUS_USE,SPEC_USE,EMER_USE,TRAV_SP,UNDERIDE,ROLLOVER,ROLINLOC,IMPACT1,DEFORMED,TOWED,M_HARM,VEH_SC1,VEH_SC2,FIRE_EXP,DR_PRES,L_STATE,DR_ZIP,L_STATUS,L_TYPE,CDL_STAT,L_ENDORS,L_COMPL,L_RESTRI,DR_HGT,DR_WGT,PREV_ACC,PREV_SUS,PREV_DWI,PREV_SPD,PREV_OTH,FIRST_MO,FIRST_YR,LAST_MO,LAST_YR,SPEEDREL,DR_SF1,DR_SF2,DR_SF3,DR_SF4,VTRAFWAY,VNUM_LAN,VSPD_LIM,VALIGN,VPROFILE,VPAVETYP,VSURCOND,VTRAFCON,VTCONT_F,P_CRASH1,P_CRASH2,P_CRASH3,PCRASH4,PCRASH5,ACC_TYPE,DEATHS,DR_DRINK
12,121459,2,2,1,18,7,0,12,8,0,1,0,12,1,52,34,52034,4,2003,4A3AA46G73E0,4,A,3,A,A,4,6,G,7,3,E,0,0,P,MITS,UEL,4D,3,17,3075,,0,1037,,G,,F,4,146,,,15R195,,,,,,0,0,000000000,00000000000,0,0,0,1,0,0,0,0,0,0,0,45,0,0,0,12,4,3,8,0,0,0,1,12,33446,6,1,0,0,3,3,73,999,0,0,0,0,0,0,0,0,0,0,0,0,0,0,2,3,45,1,1,8,1,0,0,1,80,1,1,1,13,0,0
12,121460,1,1,2,2,8,20,38,8,0,1,0,12,2,12,473,12473,30,2003,1FMZU67E93UB,1,F,M,Z,U,6,7,E,9,3,U,B,0,P,FORD,EPR,UT,3,17,3761,,0,1259,,G,,F,6,245,,,16R235,,,,,,0,0,000000000,00000000000,0,0,0,1,0,0,0,0,0,0,0,34,0,0,0,12,4,3,8,0,0,0,1,12,33870,6,1,0,0,3,0,62,999,0,2,0,0,0,1,2012,4,2012,0,0,0,0,0,1,2,35,2,3,8,2,0,0,14,80,1,1,1,13,0,0
12,121461,1,1,1,6,8,1,56,33,0,1,0,12,2,54,32,54032,2,1991,JH4KA8252MC0,J,H,4,K,A,8,2,5,2,M,C,0,0,P,ACUR,LEL,CP,91,17,3139,,0,1114,,G,,F,6,196,,,15R205,,,,,,0,0,000000000,00000000000,0,0,0,1,0,0,0,0,0,0,0,80,0,0,0,1,6,2,30,0,0,0,1,12,33605,0,0,0,0,0,0,72,999,0,1,0,0,0,11,2010,11,2010,1,8,0,0,0,2,2,35,1,1,8,1,0,0,1,12,1,3,4,7,1,0
12,121462,1,2,1,6,8,22,33,12,6,1,0,12,1,49,32,49032,4,2001,1NXBR12E61Z5,1,N,X,B,R,1,2,E,6,1,Z,5,0,P,TOYT,UCS,4D,1,17,2410,,0,970,,G,,F,4,109,,,14R175,,,,,,0,0,000000000,00000000000,0,0,0,1,0,0,0,0,0,0,0,10,0,0,0,12,4,3,12,0,0,0,1,12,33126,6,1,0,0,3,0,66,999,0,5,0,0,0,5,2012,7,2012,0,38,0,0,0,1,4,40,1,1,8,1,3,3,11,15,1,1,1,68,0,0
12,121462,2,2,1,6,8,22,33,12,6,1,0,99,9,73,705,73705,80,1985,JKAVN6A19FA0,J,K,A,V,N,6,A,1,9,F,A,0,0,M,KAWK,VN7,RS,85,17,,,,,,,700,,2,,4,483,,,,,,,0,0,000000000,00000000000,0,0,0,1,0,0,0,0,0,0,0,40,0,0,0,9,6,2,12,0,0,0,1,12,33126,6,1,0,0,3,0,74,999,0,0,0,0,2,2,2012,6,2012,0,0,0,0,0,1,4,40,1,1,8,1,3,3,1,62,1,1,1,69,1,0
12,121463,1,3,3,19,8,17,58,12,6,1,0,12,1,30,46,30046,4,2008,WVWEK73C78P1,W,V,W,E,K,7,3,C,7,8,P,1,0,P,VOLK,PLX,4D,8,17,3354,,0,1067,,G,,T,4,121,,,17R235,,,,,,0,0,000000000,00000000000,0,0,0,1,0,0,0,0,0,0,0,999,0,0,0,12,6,2,12,0,0,0,1,12,33125,6,1,0,0,3,0,60,999,0,0,0,0,0,0,0,0,0,0,38,0,0,0,2,2,30,1,1,8,1,0,0,10,16,1,1,1,78,0,0
12,121463,2,3,2,19,8,17,58,12,6,1,0,12,2,53,706,53706,80,2011,JS1GX72A1B21,J,S,1,G,X,7,2,A,1,B,2,1,0,M,SUZI,GXR,RC,11,17,,,,,,,1340,,4,,4,573,,,,,,,0,0,000000000,00000000000,0,0,0,1,0,0,0,0,0,0,0,999,0,0,0,9,4,3,12,0,0,0,1,12,33125,2,1,0,0,2,0,70,999,0,5,0,0,0,10,2009,11,2010,0,0,0,0,0,2,2,30,1,1,8,1,0,0,1,70,1,1,1,79,1,0
12,121463,3,3,3,19,8,17,58,12,6,1,0,12,1,22,401,22401,14,2003,3G7DA03E73S5,3,G,7,D,A,0,3,E,7,3,S,5,0,P,PONT,AZT,UT,3,17,3779,,0,1083,,G,,F,6,207,,,15R215,,,,,,0,0,000000000,00000000000,0,0,0,1,0,0,0,0,0,0,0,999,0,0,0,13,4,3,12,0,0,0,1,12,33135,6,1,0,0,3,3,66,999,0,0,0,0,0,0,0,0,0,0,0,0,0,0,2,2,30,1,1,8,1,0,0,1,98,1,1,1,98,0,0
12,121464,1,2,2,22,8,13,24,12,6,1,0,12,1,20,37,20037,4,2002,1G1ND52JX2M6,1,G,1,N,D,5,2,J,X,2,M,6,0,P,CHEV,MAL,4D,2,17,3053,,0,1070,,G,,F,6,191,,,15R215,,,,,,0,0,000000000,00000000000,0,0,0,1,0,0,0,0,0,0,0,998,0,0,0,4,6,2,12,0,0,0,1,12,33813,6,1,0,0,3,0,63,999,0,0,0,0,0,0,0,0,0,0,38,0,0,0,3,2,45,1,1,8,1,0,0,11,15,1,1,1,68,1,0
12,121464,2,2,1,22,8,13,24,12,6,1,0,12,2,49,403,49403,14,2012,5TDZA3EH3CS0,5,T,D,Z,A,3,E,H,3,C,S,0,0,P,TOYT,HIG,UT,12,17,3946,,0,1098,,G,,F,4,164,,,17R245,,,,,,0,0,000000000,00000000000,0,0,0,1,0,0,0,0,0,0,0,998,0,0,0,12,6,2,39,0,0,0,1,12,33813,6,1,0,0,3,0,72,999,1,2,0,3,0,9,2009,2,2012,0,0,0,0,0,3,2,45,1,1,8,1,0,0,1,62,1,1,1,69,0,1
12,121465,1,1,2,28,8,22,15,8,0,1,0,12,1,49,51,49051,4,2009,JTDBT9033913,J,T,D,B,T,9,0,3,3,9,1,3,0,P,TOYT,YAR,4D,9,17,2288,,0,1004,,G,,F,4,091,,,14R175,,,,,,0,0,000000000,00000000000,0,0,0,1,0,0,0,0,0,0,0,45,0,0,0,12,4,8,8,0,0,0,1,12,33032,6,1,0,0,3,0,66,999,0,0,0,0,0,0,0,0,0,0,0,0,0,0,3,2,45,1,1,8,1,3,3,1,80,1,1,1,13,0,0
12,121467,1,1,1,10,9,4,10,8,0,1,0,12,3,20,421,20421,15,2011,1GNLC2E05BR1,1,G,N,L,C,2,E,0,5,B,R,1,0,P,CHEV,CTA,UT,11,17,5342,,0,1160,,F,,F,8,323,,,17R265,,,,,,0,0,000000000,00000000000,0,0,0,1,0,0,0,0,0,0,0,35,0,0,0,12,6,2,8,0,0,0,1,12,32501,6,1,0,0,3,0,67,999,0,0,0,0,0,0,0,0,0,0,0,0,0,0,3,3,35,1,1,8,1,0,0,1,80,1,1,1,13,0,0
12,121468,1,2,1,14,3,17,6,12,1,1,0,12,2,37,705,37705,80,2003,JH2PC37023M0,J,H,2,P,C,3,7,0,2,3,M,0,0,M,HOND,B60,RC,3,17,,,,,,,599,,4,,4,370,,,,,,,0,0,000000000,00000000000,0,0,0,1,0,0,0,0,0,0,0,998,0,0,0,12,6,2,12,0,0,0,1,12,34759,0,0,0,0,0,0,999,999,0,0,0,0,0,0,0,0,0,1,6,33,36,0,3,3,70,1,1,8,1,0,0,1,51,1,1,1,24,1,1
12,121468,2,2,5,14,3,17,6,12,1,1,0,12,2,6,441,6441,20,2007,2A4GP54LX7R2,2,A,4,G,P,5,4,L,X,7,R,2,0,T,CHRY,TOU,ES,7,17,,1,0,1193,TWC,G,,,6,230,,,,B,4267,00,,42,0,0,000000000,00000000000,0,0,0,1,0,0,0,0,0,0,0,998,0,0,0,6,6,2,12,0,0,0,1,12,33880,6,1,0,0,3,0,63,999,0,0,0,0,0,0,0,0,0,0,0,0,0,0,3,3,70,1,1,8,1,0,0,1,53,1,1,1,25,0,0
12,121470,1,1,1,11,8,17,34,3,0,1,0,12,1,52,37,52037,3,2006,4A3AK24F96E0,4,A,3,A,K,2,4,F,9,6,E,0,0,P,MITS,EGS,2H,6,17,3274,,0,1014,,G,,F,4,145,,,17R225,,,,,,0,0,000000000,00000000000,0,0,0,1,0,0,0,0,0,0,0,30,0,1,5,0,6,2,3,0,0,0,1,12,33408,6,1,0,0,3,3,74,999,0,1,0,1,0,11,2009,9,2011,0,39,0,0,0,1,2,30,1,1,8,2,20,3,10,12,1,1,4,0,1,1
12,121471,1,2,2,11,6,23,1,18,0,1,0,12,1,72,706,72706,80,1999,1HD1GDV19XY3,1,H,D,1,G,D,V,1,9,X,Y,3,0,M,HD,FDL,RS,99,17,,,,,,,1450,,2,,4,614,,,,,,,0,0,000000000,00000000000,0,0,0,1,0,0,0,0,0,0,0,999,0,0,0,14,6,2,18,0,0,0,1,12,33141,6,1,0,0,3,0,73,999,0,0,0,0,0,0,0,0,0,0,58,0,0,0,1,2,30,1,1,8,1,0,0,1,90,1,1,1,15,1,0
12,121471,2,2,1,11,6,23,1,18,0,1,0,12,2,72,706,72706,80,2007,1HD1GX4157K3,1,H,D,1,G,X,4,1,5,7,K,3,0,M,HD,FXI,RS,7,17,,,,,,,1584,,2,,4,634,,,,,,,0,0,000000000,00000000000,0,0,0,1,0,0,0,0,0,0,0,999,0,0,0,0,4,1,1,0,0,0,1,12,33141,6,1,0,0,3,0,71,999,0,0,0,0,0,0,0,0,0,0,0,0,0,0,1,2,30,1,1,8,7,0,0,1,8,1,1,1,98,0,0
12,121472,1,1,1,12,6,21,21,8,0,1,0,12,2,12,402,12402,14,2002,1FMCU04192KA,1,F,M,C,U,0,4,1,9,2,K,A,0,P,FORD,SPE,UT,2,17,3511,,0,1031,,G,,F,6,181,,,15R225,,,,,,0,0,000000000,00000000000,0,0,0,1,0,0,0,0,0,0,0,30,0,0,0,12,4,3,8,0,0,0,1,12,33068,0,0,0,0,0,0,71,999,0,0,0,0,0,0,0,0,0,0,0,0,0,0,2,3,45,1,1,8,1,0,0,1,80,1,1,1,13,0,1
12,121473,1,2,1,27,6,23,1,12,6,1,0,12,1,35,34,35034,3,1986,JN1HZ14S1GX1,J,N,1,H,Z,1,4,S,1,G,X,1,0,P,NISS,30X,2H,86,17,2966,,0,913,,G,,F,6,181,,,15R215,,,,,,0,0,000000000,00000000000,0,0,0,1,0,0,0,0,0,0,0,999,0,0,0,12,6,2,12,0,0,0,1,12,32443,6,1,0,0,3,0,73,999,0,0,0,1,0,3,2011,3,2011,0,38,0,0,0,2,2,99,1,1,8,1,0,0,11,15,1,1,1,68,0,0
12,121473,2,2,1,27,6,23,1,12,6,1,0,12,1,73,704,73704,80,2007,JKAENVC117A2,J,K,A,E,N,V,C,1,1,7,A,2,0,M,KAWK,E5C,RS,7,17,,,,,,,498,,2,,4,439,,,,,,,0,0,000000000,00000000000,0,0,0,1,0,0,0,0,0,0,0,999,0,0,0,10,6,2,12,0,0,0,1,12,32431,6,1,0,0,3,3,67,999,1,0,0,0,0,5,2011,5,2011,0,0,0,0,0,2,2,99,1,1,8,1,0,0,1,62,1,1,1,69,1,0
12,121474,1,3,2,11,7,13,19,12,6,1,0,12,1,12,17,12017,4,2000,1FAFP55U2YA2,1,F,A,F,P,5,5,U,2,Y,A,2,0,P,FORD,TSS,4D,0,17,3333,,0,1085,,G,,F,6,182,,,16R215,,,,,,0,0,000000000,00000000000,0,0,0,1,0,0,0,0,0,0,0,15,0,0,0,5,6,2,12,0,0,0,1,12,32567,6,1,0,0,3,0,64,999,0,0,0,0,0,0,0,0,0,0,99,99,99,99,2,2,98,1,1,8,2,3,3,11,15,1,1,1,68,0,0
12,121474,2,3,1,11,7,13,19,12,6,1,0,12,1,73,706,73706,80,2004,JKAZXCC144A0,J,K,A,Z,X,C,C,1,4,4,A,0,0,M,KAWK,Z1R,RC,4,17,,,,,,,998,,4,,4,459,,,,,,,0,0,000000000,00000000000,0,0,0,1,0,0,0,0,0,0,0,60,0,0,0,11,6,2,12,0,0,0,1,12,32547,6,1,0,0,3,0,68,999,0,0,0,0,0,0,0,0,0,0,99,99,99,99,2,2,45,1,1,8,2,3,3,1,62,1,1,1,69,1,0
12,121474,3,3,1,11,7,13,19,12,6,1,0,12,1,37,706,37706,80,1993,JH2SC2800PM1,J,H,2,S,C,2,8,0,0,P,M,1,0,M,HOND,CR9,RC,93,17,,,,,,,900,,4,,4,407,,,,,,,0,0,000000000,00000000000,0,0,0,1,0,0,0,0,0,0,0,60,0,0,0,12,4,1,12,0,0,0,1,12,32536,6,1,0,0,3,0,68,999,0,0,0,0,0,0,0,0,0,0,0,0,0,0,2,2,45,1,1,8,2,3,3,1,62,1,1,1,98,0,0
12,121475,1,1,1,13,7,21,21,15,0,1,0,12,1,12,481,12481,31,2006,1FTSW21596ED,1,F,T,S,W,2,1,5,9,6,E,D,0,T,FORD,F2S,CW,6,17,,2,1720,1560,SRW,G,,,8,329,,,,C,6395,01,E,44,0,0,000000000,00000000000,0,0,0,1,0,0,0,0,0,0,0,45,0,0,0,12,4,3,15,0,0,0,1,12,32025,6,1,0,0,3,0,66,999,0,0,0,0,0,0,0,0,0,0,0,0,0,0,2,2,45,1,1,8,1,0,0,1,83,1,1,1,13,0,0
12,121476,1,3,1,6,8,16,42,12,6,1,0,12,2,13,1,13001,4,2000,1LNHM83W4YY8,1,L,N,H,M,8,3,W,4,Y,Y,8,0,P,LINC,CAR,4D,0,17,4121,,0,1177,,G,,F,8,281,,,16R225,,,,,,0,0,000000000,00000000000,0,0,0,1,0,0,0,0,0,0,0,60,0,0,0,63,6,2,12,0,0,0,1,12,33974,6,1,0,0,3,0,71,999,0,0,0,0,0,0,0,0,0,1,28,58,0,0,1,2,60,1,1,8,2,0,0,1,13,6,3,2,64,1,0
12,121476,2,3,2,6,8,16,42,12,6,1,0,12,1,49,46,49046,5,2010,JTDKN3DUXA12,J,T,D,K,N,3,D,U,X,A,1,2,0,P,TOYT,PRI,4H,10,17,3042,,0,1063,,B,,F,4,110,,,15R195,,,,,,0,0,000000000,00000000000,0,0,0,1,0,0,0,0,0,0,0,50,0,0,0,12,6,2,12,36,0,0,1,12,33761,6,1,0,0,3,3,67,999,0,0,0,0,0,0,0,0,0,0,0,0,0,0,1,2,60,1,1,8,2,0,0,1,62,9,1,2,65,0,0
12,121476,3,3,1,6,8,16,42,12,6,1,1,99,9,99,999,99999,99,9999,999999999999,9,9,9,9,9,9,9,9,9,9,9,9,0,U,,,,9,17,,,,,,,,,,,,,,,,,,,0,0,000000000,00000000000,0,0,0,1,0,0,0,0,0,0,0,999,0,0,0,99,9,1,12,0,0,0,1,99,99999,9,9,99,9,9,9,999,999,99,99,99,99,99,99,9999,99,9999,0,0,0,0,0,1,2,60,1,1,8,2,0,0,99,62,99,1,1,98,0,0
12,121477,1,1,1,14,8,19,0,30,0,1,0,12,3,20,461,20461,21,2011,1GCWGFCA0B11,1,G,C,W,G,F,C,A,0,B,1,1,0,T,CHEV,E25,CG,11,17,,2,0,1350,EXP,F,,,8,293,,,,C,5338,00,,42,0,0,000000000,00000000000,0,0,0,1,0,0,0,0,0,0,0,79,0,1,5,12,6,2,1,0,0,0,1,12,34465,3,1,0,0,2,0,66,999,0,0,0,1,0,11,2009,11,2009,1,6,0,0,0,3,3,30,1,1,8,1,0,0,1,12,1,1,4,6,1,0
12,121478,1,2,1,18,8,20,59,9,0,1,0,12,1,49,51,49051,4,2010,JTDBT4K33A13,J,T,D,B,T,4,K,3,3,A,1,3,0,P,TOYT,YAR,4D,10,17,2288,,0,1004,,G,,F,4,091,,,14R175,,,,,,0,0,000000000,00000000000,0,0,0,1,0,0,0,0,0,0,0,45,0,0,0,12,2,3,9,0,0,0,1,12,32712,6,1,0,0,3,0,65,999,0,0,0,1,2,7,2011,9,2011,0,0,0,0,0,2,2,45,1,1,8,1,0,0,1,83,1,1,1,13,0,0
12,121478,2,2,2,18,8,20,59,9,0,1,1,12,1,58,39,58039,6,2003,JNRAS08W63X2,J,N,R,A,S,0,8,W,6,3,X,2,0,P,INFI,IFX,UT,3,17,2084,,0,1122,,G,,F,6,213,,,18R265,,,,,,0,0,000000000,00000000000,0,0,0,1,0,0,0,0,0,0,0,45,0,0,0,12,4,1,9,0,0,0,1,12,32712,6,1,0,0,3,3,63,999,0,0,0,2,1,3,2010,9,2010,0,0,0,0,0,2,2,45,1,1,8,1,0,0,1,83,1,1,1,98,0,0
12,121479,1,1,1,22,8,7,0,8,0,1,1,1,2,20,481,20481,31,1997,2GCEC19R0V11,2,G,C,E,C,1,9,R,0,V,1,1,0,T,CHEV,GC1,PC,97,17,,2,1555,1415,GM4,G,,,8,350,,,,B,4160,00,,42,0,0,000000000,00000000000,0,0,0,1,0,0,0,0,0,0,0,55,0,0,0,12,4,1,8,0,0,0,1,1,36401,6,1,0,0,3,3,72,999,1,0,0,4,0,12,2009,5,2012,0,0,0,0,0,2,2,55,1,1,8,1,0,0,1,80,1,1,1,13,0,1
12,121480,1,2,3,25,8,14,5,12,1,1,0,12,2,12,37,12037,4,2006,1FAFP34N46W1,1,F,A,F,P,3,4,N,4,6,W,1,0,P,FORD,ZX4,4D,6,17,2676,,0,1029,,G,,F,4,122,,,15R195,,,,,,0,0,000000000,00000000000,0,0,0,1,0,0,0,0,0,0,0,45,0,0,0,6,6,2,12,0,0,0,1,12,32776,1,1,0,0,2,0,66,999,1,8,0,1,4,11,2009,8,2012,0,6,0,0,0,1,2,45,3,1,8,2,0,0,14,10,1,4,2,25,1,0
12,121480,2,2,2,25,8,14,5,12,1,1,0,12,1,12,461,12461,21,2001,1FTRE14W41HA,1,F,T,R,E,1,4,W,4,1,H,A,0,T,FORD,15V,CG,1,17,,2,0,1380,VAN,G,,,8,281,,,,B,4650,02,E,42,0,0,000000000,00000000000,0,0,0,1,0,0,0,0,0,0,0,45,0,0,0,12,6,2,12,0,0,0,1,12,32776,6,1,0,0,3,0,69,999,0,0,0,0,0,0,0,0,0,0,0,0,0,0,1,2,45,2,1,8,2,0,0,14,62,1,1,1,24,0,0
12,121481,1,2,1,26,8,6,40,12,2,1,0,12,3,35,47,35047,4,2006,1N4AL11D56C1,1,N,4,A,L,1,1,D,5,6,C,1,0,P,NISS,ASL,4D,6,17,2915,,0,1102,,G,,F,4,153,,,16R215,,,,,,0,0,000000000,00000000000,0,0,0,1,0,0,0,0,0,0,0,70,0,0,0,12,6,2,12,0,0,0,1,12,33196,6,1,0,0,3,0,67,999,1,0,0,0,0,2,2010,2,2010,0,51,0,0,0,3,3,70,1,1,8,2,0,0,1,54,1,1,1,52,1,1
12,121481,2,2,1,26,8,6,40,12,2,1,0,12,1,12,481,12481,31,2008,1FTPW12V38KB,1,F,T,P,W,1,2,V,3,8,K,B,0,T,FORD,F1S,CW,8,17,,2,1500,1390,COF,F,,,8,329,,,,B,5025,02,E,42,0,0,000000000,00000000000,0,0,0,1,0,0,0,0,0,0,0,70,0,0,0,12,6,2,12,0,0,0,1,12,33157,6,1,0,0,3,0,67,999,0,0,0,0,0,0,0,0,0,0,0,0,0,0,3,3,70,1,1,8,2,0,0,1,54,1,1,1,52,1,0
12,121482,1,2,2,27,8,15,34,12,6,1,0,12,3,86,882,86882,63,2007,1M2AC07C37M0,1,M,2,A,C,0,7,C,3,7,M,0,0,T,MACK,LE6,GG,7,17,,8,0,0,600,D,,,6,728,,,,,00000,00,,64,0,12,856351,12856351,3,1,7,1,0,0,0,0,0,0,0,10,0,0,0,8,4,3,12,0,0,0,1,12,34984,6,1,6,0,3,0,73,999,0,0,0,0,0,0,0,0,0,0,38,0,0,0,1,2,35,1,5,8,2,20,3,11,15,1,1,1,82,0,0
12,121482,2,2,1,27,8,15,34,12,6,1,0,12,1,53,704,53704,80,2005,JS1SK43A2521,J,S,1,S,K,4,3,A,2,5,2,1,0,M,SUZI,DRS,T,5,17,,,,,,,398,,1,,4,291,,,,,,,0,0,000000000,00000000000,0,0,0,1,0,0,0,0,0,0,0,35,0,0,0,12,6,2,12,0,0,0,1,12,34957,6,1,0,0,3,0,66,999,0,0,0,0,0,0,0,0,0,0,0,0,0,0,1,2,35,1,6,8,2,0,0,1,67,8,4,2,83,1,0
12,121483,1,1,1,27,8,23,20,8,0,1,0,12,2,37,32,37032,4,2002,1HGCG16572A0,1,H,G,C,G,1,6,5,7,2,A,0,0,P,HOND,UEX,4D,2,17,3329,,0,1069,,G,,F,6,183,,,15R205,,,,,,0,0,000000000,00000000000,0,0,0,1,0,0,0,0,0,0,0,65,0,0,0,14,6,2,8,0,0,0,1,12,32223,6,1,0,0,3,3,67,999,0,0,0,0,0,0,0,0,0,0,0,0,0,0,3,3,65,1,1,8,2,0,0,1,80,1,1,1,13,0,0
12,121484,1,2,1,28,8,17,15,33,0,1,0,12,1,72,706,72706,80,1998,1HD1BJL45WY0,1,H,D,1,B,J,L,4,5,W,Y,0,0,M,HD,STC,RS,98,17,,,,,,,1340,,2,,4,704,,,,,,,0,0,000000000,00000000000,0,0,0,1,0,0,0,0,0,0,0,60,0,0,0,12,6,2,12,0,0,0,1,12,33469,6,1,0,0,3,0,72,999,0,0,0,0,0,0,0,0,0,1,6,0,0,0,2,2,45,2,1,8,1,0,0,14,6,8,1,4,6,1,1
12,121484,2,2,1,28,8,17,15,33,0,1,0,12,1,19,421,19421,15,2004,1GYEK63N94R1,1,G,Y,E,K,6,3,N,9,4,R,1,0,P,CADI,ESC,UT,4,17,5571,,0,1160,,G,,F,8,364,,,17R265,,,,,,0,0,000000000,00000000000,0,0,0,1,0,0,0,0,0,0,0,30,0,0,0,61,4,3,12,0,0,0,1,12,33477,6,1,0,0,3,0,71,999,0,0,0,0,0,0,0,0,0,0,0,0,0,0,2,2,45,3,1,8,1,0,0,14,62,7,1,1,98,0,0
12,121485,1,1,1,28,8,23,6,9,0,1,0,51,1,2,404,2404,14,2011,1J4RR6GT7BC5,1,J,4,R,R,6,G,T,7,B,C,5,0,T,JEEP,OVR,4W,11,17,,2,0,1148,GCK,G,,,8,348,,,,,5210,00,W,44,0,0,000000000,00000000000,0,0,0,1,0,0,0,0,0,0,0,45,0,0,0,12,4,3,9,0,0,0,1,51,22304,6,1,0,0,3,3,72,185,0,0,0,2,0,11,2009,6,2010,0,0,0,0,0,3,2,40,1,5,8,1,0,0,15,10,1,1,2,13,0,0
12,121486,1,2,1,29,8,15,51,12,1,1,0,18,3,51,881,51881,63,2005,4V4M19GG55N3,4,V,4,M,1,9,G,G,5,5,N,3,1,T,VOLV,VNM,TR,5,17,,7,0,0,VVN,D,,,6,732,,,,,00000,00,,42,1,77,777777777,77777777777,3,4,1,1,0,0,0,0,0,0,0,0,0,0,0,6,0,3,12,0,0,0,1,12,33015,6,1,6,3,3,0,66,999,1,0,0,0,0,11,2011,11,2011,0,0,0,0,0,2,3,45,1,1,8,1,3,3,5,53,1,1,1,21,0,0
12,121486,2,2,1,29,8,15,51,12,1,1,0,12,1,54,32,54032,4,1993,JH4KA7675PC0,J,H,4,K,A,7,6,7,5,P,C,0,0,P,ACUR,LLS,4D,93,17,3170,,0,1146,,G,,F,6,196,,,15R205,,,,,,0,0,000000000,00000000000,0,0,0,1,0,0,0,0,0,0,0,35,0,0,0,12,6,2,12,0,0,0,1,12,33162,6,1,0,0,3,3,60,999,0,0,0,0,0,0,0,0,0,0,6,0,0,0,2,3,45,1,1,8,1,3,3,1,50,1,1,1,20,1,0
12,121487,1,1,1,30,8,3,35,1,0,1,0,12,1,55,36,55036,4,2010,KMHCN4AC0AU4,K,M,H,C,N,4,A,C,0,A,U,4,0,P,HYUN,ALS,4D,10,17,2365,,0,984,,G,,F,4,098,,,14R175,,,,,,0,0,000000000,00000000000,0,0,0,1,0,0,0,0,0,0,0,70,0,1,5,0,6,2,42,0,0,0,1,12,33862,6,1,0,0,3,0,64,999,1,1,0,0,0,6,2010,4,2012,1,36,0,0,0,1,2,10,2,1,8,1,98,3,14,12,7,4,4,7,1,1
12,121488,1,1,1,2,9,1,14,8,0,1,0,12,1,6,441,6441,20,1998,1C4GP64L3WB5,1,C,4,G,P,6,4,L,3,W,B,5,0,T,CHRY,LXI,ES,98,17,,1,0,1193,TWC,G,,,6,230,,,,,4090,00,,42,0,0,000000000,00000000000,0,0,0,1,0,0,0,0,0,0,0,35,0,0,0,12,2,1,8,0,0,0,1,12,33916,6,1,0,0,3,0,65,999,1,2,0,1,4,11,2009,4,2012,0,0,0,0,0,1,2,35,1,1,2,1,0,0,1,80,1,1,1,13,0,0
12,121489,1,1,1,3,9,99,99,24,0,1,0,12,1,13,14,13014,6,2007,2LMDU68C07BJ,2,L,M,D,U,6,8,C,0,7,B,J,0,P,LINC,MKX,UT,7,17,4220,,0,1112,,G,,F,6,214,,,18R245,,,,,,0,0,000000000,00000000000,0,0,0,1,0,0,0,0,0,0,0,60,0,1,5,81,6,2,1,0,0,0,1,12,32455,6,1,0,0,3,0,67,999,0,0,0,0,0,0,0,0,0,0,6,0,0,0,1,2,50,2,1,8,99,0,0,14,13,1,1,4,1,1,0
12,121491,1,1,1,3,9,10,23,8,0,1,1,99,9,99,999,99999,99,9999,999999999999,9,9,9,9,9,9,9,9,9,9,9,9,0,,,,,,,,,,,,,,,,,,,,,,,,,0,0,000000000,00000000000,0,0,0,1,0,0,0,0,0,0,0,999,0,0,0,99,9,1,8,0,0,0,1,99,99999,9,9,99,9,9,9,999,999,99,99,99,99,99,99,9999,99,9999,0,0,0,0,0,1,2,15,1,1,8,1,0,0,1,80,1,1,1,13,0,0
12,121492,1,1,1,3,9,20,15,33,0,1,0,12,2,76,706,76706,80,2002,JYAVP11E32A0,J,Y,A,V,P,1,1,E,3,2,A,0,0,M,YAMA,XVA,RS,2,17,,,,,,,1063,,2,,4,600,,,,,,,0,0,000000000,00000000000,0,0,0,1,0,0,0,0,0,0,0,45,0,0,0,12,6,2,42,0,0,0,1,12,34293,6,1,0,0,3,0,75,999,0,0,0,1,1,9,2010,7,2012,1,6,0,0,0,3,3,45,2,1,9,1,0,0,14,12,1,1,4,6,1,0
12,121493,1,1,1,4,9,3,55,24,0,1,0,12,2,12,473,12473,30,2003,1FMYU60E23UA,1,F,M,Y,U,6,0,E,2,3,U,A,0,P,FORD,EPR,UT,3,17,3828,,0,1018,,G,,F,6,245,,,16R235,,,,,,0,0,000000000,00000000000,0,0,0,1,0,0,0,0,0,0,0,70,0,1,1,1,6,2,1,0,0,0,1,12,34743,6,1,0,0,3,0,68,999,0,1,0,0,1,7,2011,1,2012,0,6,0,0,0,3,3,70,1,1,8,1,0,0,1,13,1,1,4,1,1,1