STATE,ST_CASE,VEH_NO,VE_FORMS,NUMOCCS,DAY,MONTH,HOUR,MINUTE,HARM_EV,MAN_COLL,UNITTYPE,HIT_RUN,REG_STAT,OWNER,MAKE,MODEL,MAK_MOD,BODY_TYP,MOD_YEAR,VIN,VIN_1,VIN_2,VIN_3,VIN_4,VIN_5,VIN_6,VIN_7,VIN_8,VIN_9,VIN_10,VIN_11,VIN_12,TOW_VEH,VINTYPE,VINMAKE,VINA_MOD,VIN_BT,VINMODYR,VIN_LNGT,VIN_WGT,WGTCD_TR,WHLBS_LG,WHLBS_SH,SER_TR,FUELCODE,MCYCL_DS,CARBUR,CYLINDER,DISPLACE,MCYCL_CY,MCYCL_WT,TIRE_SZE,TON_RAT,TRK_WT,TRKWTVAR,VIN_REST,WHLDRWHL,J_KNIFE,MCARR_I1,MCARR_I2,MCARR_ID,GVWR,V_CONFIG,CARGO_BT,HAZ_INV,HAZ_PLAC,HAZ_ID,HAZ_CNO,HAZ_REL,BUS_USE,SPEC_USE,EMER_USE,TRAV_SP,UNDERIDE,ROLLOVER,ROLINLOC,IMPACT1,DEFORMED,TOWED,M_HARM,VEH_SC1,VEH_SC2,FIRE_EXP,DR_PRES,L_STATE,DR_ZIP,L_STATUS,L_TYPE,CDL_STAT,L_ENDORS,L_COMPL,L_RESTRI,DR_HGT,DR_WGT,PREV_ACC,PREV_SUS,PREV_DWI,PREV_SPD,PREV_OTH,FIRST_MO,FIRST_YR,LAST_MO,LAST_YR,SPEEDREL,DR_SF1,DR_SF2,DR_SF3,DR_SF4,VTRAFWAY,VNUM_LAN,VSPD_LIM,VALIGN,VPROFILE,VPAVETYP,VSURCOND,VTRAFCON,VTCONT_F,P_CRASH1,P_CRASH2,P_CRASH3,PCRASH4,PCRASH5,ACC_TYPE,DEATHS,DR_DRINK
12,121531,2,2,2,3,8,10,45,12,6,1,0,12,1,63,34,63034,4,2004,KNAGD1285452,K,N,A,G,D,1,2,8,5,4,5,2,0,P,KIA,OLE,4D,4,17,3279,,0,1063,,G,,F,6,162,,,16R205,,,,,,0,0,000000000,00000000000,0,0,0,1,0,0,0,0,0,0,0,40,0,0,0,12,6,2,12,0,0,0,1,12,33185,6,1,0,0,3,0,65,999,0,0,0,0,0,0,0,0,0,0,0,0,0,0,2,2,40,1,1,8,1,3,3,1,62,1,1,1,69,1,0
12,121534,1,1,1,10,8,14,12,34,0,1,0,12,1,72,706,72706,80,2009,1HD1CX3199K4,1,H,D,1,C,X,3,1,9,9,K,4,0,M,HD,C1U,RS,9,17,,,,,,,1202,,2,,4,581,,,,,,,0,0,000000000,00000000000,0,0,0,1,0,0,0,0,0,0,0,25,0,0,0,12,2,3,38,0,0,0,1,12,32763,6,1,0,0,3,3,65,999,0,0,0,0,0,0,0,0,0,0,0,0,0,0,1,2,25,1,1,8,1,20,3,11,13,1,1,4,1,1,0
12,121535,1,1,2,12,8,23,41,42,0,1,0,12,1,98,739,98739,90,2012,000000000000,0,0,0,0,0,0,0,0,0,0,0,0,0,,,,,,,,,,,,,,,,,,,,,,,,,0,0,000000000,00000000000,0,0,0,1,0,0,0,0,0,0,0,998,0,0,0,99,2,3,42,0,0,0,1,12,32305,6,1,6,0,3,3,72,999,0,0,0,0,0,0,0,0,0,0,0,0,0,0,1,2,98,2,1,8,5,0,0,14,19,1,1,4,1,1,1
12,121536,1,3,1,1,9,14,55,12,2,1,0,45,1,13,1,13001,4,2001,1LNHM83W81Y6,1,L,N,H,M,8,3,W,8,1,Y,6,0,P,LINC,CAR,4D,1,17,4128,,0,1177,,G,,F,8,281,,,16R225,,,,,,0,0,000000000,00000000000,0,0,0,1,0,0,0,0,0,0,0,45,0,0,0,12,6,2,12,0,0,0,1,45,29464,6,1,0,0,3,3,73,180,0,0,0,0,0,0,0,0,0,0,28,0,0,0,1,2,45,1,1,8,1,0,0,1,10,1,1,2,50,1,0
12,121536,2,3,1,1,9,14,55,12,2,1,0,12,1,6,55,6055,1,2005,1C3AN65L15X0,1,C,3,A,N,6,5,L,1,5,X,0,0,P,CHRY,CRL,CV,5,17,3006,,0,945,,G,,F,6,195,,,18R225,,,,,,0,0,000000000,00000000000,0,0,0,1,0,0,0,0,0,0,0,45,0,0,0,12,4,3,12,0,0,0,1,12,32773,6,1,0,0,3,0,67,999,0,0,0,0,0,0,0,0,0,0,0,0,0,0,1,2,45,1,1,8,1,0,0,1,62,1,1,1,51,1,1
12,121536,3,3,1,1,9,14,55,12,2,1,0,12,1,63,33,63033,4,2008,KNAFE1214855,K,N,A,F,E,1,2,1,4,8,5,5,0,P,KIA,SXC,4D,8,17,2919,,0,1028,,G,,F,4,122,,,15R195,,,,,,0,0,000000000,00000000000,0,0,0,1,0,0,0,0,0,0,0,45,0,0,0,12,4,1,54,0,0,0,1,12,32738,6,1,0,0,3,3,63,999,0,0,0,0,1,6,2010,6,2010,0,0,0,0,0,1,2,45,1,1,8,1,0,0,1,98,7,1,1,98,0,0
12,121537,1,1,1,16,4,21,53,42,0,1,0,12,2,49,32,49032,4,2009,JTDBL40E7990,J,T,D,B,L,4,0,E,7,9,9,0,0,P,TOYT,CLB,4D,9,17,2723,,0,1024,,G,,F,4,110,,,15R195,,,,,,0,0,000000000,00000000000,0,0,0,1,0,0,0,0,0,0,0,998,0,1,5,98,6,2,42,0,0,0,1,12,32304,6,1,0,0,3,0,67,999,0,0,0,1,0,5,2011,5,2011,0,6,0,0,0,5,3,45,1,1,8,1,0,0,1,12,1,1,4,6,1,0
12,121538,1,1,1,7,9,1,15,24,0,1,0,12,1,37,706,37706,80,2003,JH2RC44313M7,J,H,2,R,C,4,4,3,1,3,M,7,0,M,HOND,V7A,RS,3,17,,,,,,,745,,2,,4,505,,,,,,,0,0,000000000,00000000000,0,0,0,1,0,0,0,0,0,0,0,998,0,0,0,98,9,2,24,0,0,0,1,12,34711,6,1,0,0,3,0,69,999,0,3,0,0,0,6,2011,11,2011,1,0,0,0,0,3,2,40,2,1,8,1,0,0,14,12,1,1,4,6,1,1
12,121539,1,1,4,8,9,21,33,24,0,1,0,12,2,19,18,19018,4,2004,1G6DM5771401,1,G,6,D,M,5,7,7,1,4,0,1,0,P,CADI,C/T,4D,4,17,3509,,0,1134,,G,,F,6,220,,,16R225,,,,,,0,0,000000000,00000000000,0,0,0,1,0,0,0,0,0,0,0,65,0,0,0,12,6,2,21,0,0,0,1,12,33598,6,1,0,0,3,3,66,999,0,0,0,0,0,0,0,0,0,0,6,0,0,0,3,4,50,1,1,8,1,0,0,1,51,6,1,4,6,2,1
12,121540,1,1,1,8,9,21,45,8,0,1,1,99,9,99,999,99999,99,9999,999999999999,9,9,9,9,9,9,9,9,9,9,9,9,0,,,,,,,,,,,,,,,,,,,,,,,,,0,0,000000000,00000000000,0,0,0,1,0,0,0,0,0,0,0,40,0,0,0,12,4,1,8,0,0,0,1,99,99999,9,9,99,9,9,9,999,999,99,99,99,99,99,99,9999,99,9999,0,0,0,0,0,1,2,40,1,1,8,1,0,0,1,80,99,1,1,13,0,0
12,121541,1,1,1,9,9,3,4,24,0,1,0,12,1,73,706,73706,80,2005,JKAZXCC145A0,J,K,A,Z,X,C,C,1,4,5,A,0,0,M,KAWK,Z1R,RC,5,17,,,,,,,998,,4,,4,375,,,,,,,0,0,000000000,00000000000,0,0,0,1,0,0,0,0,0,0,0,68,0,0,0,12,6,2,24,0,0,0,1,12,32824,1,1,0,0,2,3,67,999,0,6,0,2,1,7,2010,8,2012,1,0,0,0,0,1,2,45,1,1,2,1,0,0,1,13,1,1,4,1,1,1
12,121542,1,1,1,9,9,18,40,32,0,1,0,48,2,72,706,72706,80,2007,1HD1GX4167K3,1,H,D,1,G,X,4,1,6,7,K,3,0,M,HD,FXI,RS,7,17,,,,,,,1584,,2,,4,634,,,,,,,0,0,000000000,00000000000,0,0,0,1,0,0,0,0,0,0,0,60,0,0,0,14,6,2,1,0,0,0,1,12,32462,6,1,0,0,3,0,67,999,0,0,0,1,0,2,2011,2,2011,0,6,0,0,0,1,2,55,2,1,8,1,0,0,14,13,1,1,4,1,1,0
12,121543,1,2,1,10,9,13,57,12,6,1,0,12,1,13,421,13421,15,2000,5LMRU27A4YLJ,5,L,M,R,U,2,7,A,4,Y,L,J,0,P,LINC,NAV,UT,0,17,5393,,0,1190,,G,,F,8,330,,,17R275,,,,,,0,0,000000000,00000000000,0,0,0,1,0,0,0,0,0,0,0,999,0,0,0,9,6,2,12,0,0,0,1,12,32333,3,1,0,0,2,3,68,999,0,0,0,0,0,0,0,0,0,0,0,0,0,0,2,2,45,1,1,8,1,20,3,11,98,1,1,1,82,0,0
12,121543,2,2,1,10,9,13,57,12,6,1,0,1,1,37,709,37709,80,2012,MLHMC4107C52,M,L,H,M,C,4,1,0,7,C,5,2,0,M,HOND,C2R,RC,12,17,,,,,,,249,,1,,4,357,,,,,,,0,0,000000000,00000000000,0,0,0,1,0,0,0,0,0,0,0,999,0,0,0,12,6,2,12,0,0,0,1,1,36801,6,1,0,0,3,0,69,999,0,0,0,0,0,0,0,0,0,0,0,0,0,0,2,2,45,1,1,8,1,0,0,1,71,1,1,1,83,1,0
12,121544,1,2,1,11,9,6,15,12,1,1,0,12,3,82,881,82881,66,1996,1FUYDSEB1TH5,1,F,U,Y,D,S,E,B,1,T,H,5,1,T,FRHT,FLD,TR,96,17,,8,0,0,CON,D,,,6,774,,,,,00000,00,,64,1,12,204403,12204403,3,6,1,1,0,0,0,0,0,0,0,0,0,0,0,6,6,2,12,0,0,0,1,12,33055,6,1,6,3,3,0,69,999,0,0,0,0,0,0,0,0,0,0,0,0,0,0,3,2,70,1,1,8,1,0,0,5,53,1,1,1,21,0,0
12,121544,2,2,1,11,9,6,15,12,1,1,0,12,2,63,38,63038,4,2012,KNAFT4A21C55,K,N,A,F,T,4,A,2,1,C,5,5,0,P,KIA,FLX,4D,12,17,2729,,0,1043,,G,,F,4,122,,,15R195,,,,,,0,0,000000000,00000000000,0,0,0,1,0,0,0,0,0,0,0,70,0,0,0,12,6,2,12,0,0,0,1,12,32038,6,1,6,0,3,3,76,999,0,0,0,0,0,0,0,0,0,0,36,0,0,0,3,2,70,1,1,8,1,0,0,1,50,1,1,1,20,1,0
12,121545,1,2,1,13,9,6,5,12,6,1,0,51,1,72,706,72706,80,2004,1HD1BMY194Y0,1,H,D,1,B,M,Y,1,9,4,Y,0,0,M,HD,FLF,RS,4,17,,,,,,,1450,,2,,4,666,,,,,,,0,0,000000000,00000000000,0,0,0,1,0,0,0,0,0,0,0,30,0,0,0,12,6,2,12,0,0,0,1,51,22193,6,1,0,0,3,0,70,999,0,0,0,3,2,10,2009,9,2011,0,0,0,0,0,1,2,30,1,1,8,1,0,0,6,51,1,1,1,71,1,1
12,121545,2,2,1,13,9,6,5,12,6,1,0,55,3,87,881,87881,66,2007,1XPHDU9X47N7,1,X,P,H,D,U,9,X,4,7,N,7,1,T,PTRB,386,TR,7,17,,8,0,0,CON,D,,,6,763,,,,,00000,00,,64,1,55,166046,55166046,3,6,2,1,0,0,0,0,0,0,0,15,0,0,0,3,4,8,12,0,0,0,1,12,32809,6,1,6,0,2,0,72,999,0,0,0,0,0,0,0,0,0,0,0,0,0,0,1,2,30,1,1,8,1,0,0,10,53,1,1,2,70,0,0
12,121546,1,1,1,14,9,7,55,21,0,1,0,12,1,42,48,42048,4,2005,WDBUF70J15A6,W,D,B,U,F,7,0,J,1,5,A,6,0,P,MERZ,E50,4D,5,17,3812,,0,1123,,G,,F,8,303,,,17R245,,,,,,0,0,000000000,00000000000,0,0,0,1,0,0,0,0,0,0,0,60,0,0,0,12,6,2,2,0,0,1,1,13,30080,6,1,0,0,3,0,71,999,98,0,0,0,0,0,0,0,0,0,28,0,0,0,6,2,55,1,3,8,2,0,0,1,13,1,1,4,1,1,1
12,121548,1,1,1,16,9,1,50,35,0,1,0,12,2,22,2,22002,4,2004,1G2HX54K34U2,1,G,2,H,X,5,4,K,3,4,U,2,0,P,PONT,BVS,4D,4,17,3633,,0,1122,,G,,F,6,231,,,16R225,,,,,,0,0,000000000,00000000000,0,0,0,1,0,0,0,0,0,0,0,93,0,1,6,14,6,2,1,0,0,0,1,12,32344,1,1,0,0,2,0,67,999,0,2,0,0,0,5,2011,9,2012,1,36,37,0,0,1,2,55,1,6,8,1,0,0,1,10,7,3,4,2,1,1
12,121549,1,3,1,16,9,22,10,12,6,1,0,12,2,55,33,55033,4,2011,5NPEB4AC6BH2,5,N,P,E,B,4,A,C,6,B,H,2,0,P,HYUN,SGL,4D,11,17,3161,,0,1100,,G,,F,4,144,,,16R205,,,,,,0,0,000000000,00000000000,0,0,0,1,0,0,0,0,0,0,0,45,0,1,5,11,6,2,1,0,0,0,1,12,32825,6,1,0,0,3,3,71,999,0,0,0,1,0,4,2011,4,2011,0,39,0,0,0,3,3,45,1,1,8,1,3,3,1,17,1,1,1,69,1,0
12,121549,2,3,1,16,9,22,10,12,6,1,0,12,2,41,402,41402,14,2001,4F2CU081X1KM,4,F,2,C,U,0,8,1,X,1,K,M,0,P,MAZD,TRI,UT,1,17,3455,,0,1031,,G,,F,6,181,,,16R235,,,,,,0,0,000000000,00000000000,0,0,0,1,0,0,0,0,0,0,0,15,0,0,0,12,6,2,12,0,0,0,1,12,32824,6,1,0,0,3,0,71,999,0,0,0,0,0,0,0,0,0,0,0,0,0,0,3,3,45,1,1,8,1,3,3,11,15,1,1,1,68,0,0
12,121549,3,3,3,16,9,22,10,12,6,1,0,43,2,52,47,52047,6,2006,JA4LX31F26U0,J,A,4,L,X,3,1,F,2,6,U,0,0,P,MITS,OUT,UT,6,17,3241,,0,1033,,G,,F,4,145,,,16R225,,,,,,0,0,000000000,00000000000,0,0,0,1,0,0,0,0,0,0,0,0,0,0,0,12,4,8,54,0,0,0,1,43,976,6,1,0,0,3,0,60,999,0,0,0,0,0,0,0,0,0,0,0,0,0,0,3,3,45,1,1,8,1,3,3,5,98,1,1,1,98,0,0
12,121550,1,1,1,18,1,13,59,42,0,1,0,12,1,49,43,49043,4,2011,4T1BK3DB8BU4,4,T,1,B,K,3,D,B,8,B,U,4,0,P,TOYT,ABL,4D,11,17,3572,,0,1110,,G,,F,6,214,,,17R215,,,,,,0,0,000000000,00000000000,0,0,0,1,0,0,0,0,0,0,0,25,0,0,0,12,6,2,42,0,0,0,1,12,33436,6,1,0,0,3,3,71,999,0,0,0,0,0,0,0,0,0,0,0,0,0,0,2,4,25,1,1,8,1,0,0,1,87,6,1,4,6,1,0
12,121551,1,1,1,8,5,6,46,8,0,1,1,12,2,35,47,35047,4,2007,1N4BL21E67C1,1,N,4,B,L,2,1,E,6,7,C,1,0,P,NISS,ATL,4D,7,17,3294,,0,1093,,G,,F,6,214,,,16R215,,,,,,0,0,000000000,00000000000,0,0,0,1,0,0,0,0,0,0,0,998,0,0,0,12,4,1,8,0,0,0,1,12,33062,0,0,0,0,0,0,70,999,0,1,0,0,0,4,2010,4,2010,0,36,0,0,0,1,2,30,1,1,8,1,0,0,1,13,1,1,4,13,0,0
12,121552,1,2,2,21,7,2,22,12,1,1,0,12,1,52,401,52401,14,2003,JA4LS21H83J0,J,A,4,L,S,2,1,H,8,3,J,0,0,P,MITS,MNS,UT,3,17,3835,,0,1073,,G,,F,6,183,,,15R235,,,,,,0,0,000000000,00000000000,0,0,0,1,0,0,0,0,0,0,0,5,0,0,0,6,4,3,12,0,0,0,1,12,34232,6,1,0,0,3,0,60,999,1,0,0,0,2,11,2011,2,2012,0,0,0,0,0,1,6,40,1,1,8,1,3,3,1,53,1,1,1,25,0,0
12,121552,2,2,1,21,7,2,22,12,1,1,0,12,1,53,705,53705,80,2004,JS1GR7JA5421,J,S,1,G,R,7,J,A,5,4,2,1,0,M,SUZI,SRK,RC,4,17,,,,,,,749,,4,,4,465,,,,,,,0,0,000000000,00000000000,0,0,0,1,0,0,0,0,0,0,0,84,0,0,0,12,6,2,12,0,0,0,1,12,34232,6,1,0,0,3,0,70,999,0,0,0,1,1,7,2010,4,2012,1,36,0,0,0,1,6,40,1,1,8,1,3,3,1,51,1,1,1,24,1,1
12,121553,1,2,1,31,8,19,7,12,2,1,0,12,2,49,482,49482,31,2004,5TBDT481X4S4,5,T,B,D,T,4,8,1,X,4,S,4,0,T,TOYT,DBL,CW,4,17,,2,0,1283,TUN,G,,,8,285,,,,B,4974,00,U,44,0,0,000000000,00000000000,0,0,0,1,0,0,0,0,0,0,0,998,0,1,5,12,6,2,12,0,0,0,1,12,33850,6,1,0,0,3,0,73,999,0,3,0,0,0,4,2010,10,2010,0,6,0,0,0,2,2,55,1,1,8,1,0,0,1,54,1,1,1,52,0,1
12,121553,2,2,3,31,8,19,7,12,2,1,0,12,2,37,402,37402,14,2008,JHLRE38308C0,J,H,L,R,E,3,8,3,0,8,C,0,0,P,HOND,CRV,UT,8,17,3389,,0,1031,,G,,F,4,146,,,17R225,,,,,,0,0,000000000,00000000000,0,0,0,1,0,0,0,0,0,0,0,998,0,0,0,12,6,2,12,0,0,0,1,12,33860,6,1,0,0,3,0,64,999,0,0,0,0,0,0,0,0,0,0,0,0,0,0,2,2,55,1,1,8,1,0,0,1,54,6,1,1,52,1,0
12,121554,1,2,1,1,9,2,45,12,6,1,0,12,1,49,32,49032,4,2008,1NXBR32E08Z9,1,N,X,B,R,3,2,E,0,8,Z,9,0,P,TOYT,UCS,4D,8,17,2530,,0,1024,,G,,F,4,110,,,15R185,,,,,,0,0,000000000,00000000000,0,0,0,1,0,0,0,0,0,0,0,10,0,1,5,9,6,2,12,0,0,0,1,12,32766,6,1,0,0,3,0,69,999,0,0,0,0,0,0,0,0,0,0,38,0,0,0,1,2,25,1,1,8,1,20,3,11,15,1,1,1,82,1,0
12,121554,2,2,1,1,9,2,45,12,6,1,0,12,1,49,472,49472,30,2006,5TETX62N36Z2,5,T,E,T,X,6,2,N,3,6,Z,2,0,T,TOYT,ACP,PC,6,17,,1,0,1219,TAC,G,,,4,164,,,,B,3200,00,U,42,0,0,000000000,00000000000,0,0,0,1,0,0,0,0,0,0,0,55,0,0,0,12,6,2,12,0,0,0,1,12,32766,6,1,0,0,3,3,67,999,0,0,0,0,0,0,0,0,0,0,0,0,0,0,1,2,55,1,1,8,1,0,0,1,67,1,1,1,83,0,0
12,121555,1,1,1,5,9,13,56,38,0,1,0,12,1,14,6,14006,4,1998,2MEFM75W5WX6,2,M,E,F,M,7,5,W,5,W,X,6,0,P,MERC,MLL,4D,98,17,3922,,0,1144,,G,,F,8,281,,,16R225,,,,,,0,0,000000000,00000000000,0,0,0,1,0,0,0,0,0,0,0,998,0,0,0,99,2,3,38,0,0,0,1,12,33801,6,1,0,0,3,3,69,999,0,0,0,0,0,0,0,0,0,0,0,0,0,0,3,3,50,1,1,8,1,0,0,1,13,1,1,4,1,1,0
12,121556,1,1,1,6,9,20,40,8,0,1,0,12,2,35,47,35047,4,2000,1N4DL01D6YC1,1,N,4,D,L,0,1,D,6,Y,C,1,0,P,NISS,AGS,4D,0,17,2754,,0,1031,,G,,F,4,146,,,15R195,,,,,,0,0,000000000,00000000000,0,0,0,1,0,0,0,0,0,0,0,45,0,0,0,12,4,3,8,0,0,0,1,12,32708,6,1,0,0,3,0,70,999,0,0,0,0,0,0,0,0,0,0,0,0,0,0,2,2,45,1,1,8,1,0,0,1,80,1,1,1,13,0,0
12,121557,1,2,1,8,9,14,0,12,6,1,0,48,3,7,25,7025,5,2011,1B3CB3HA5BD2,1,B,3,C,B,3,H,A,5,B,D,2,0,P,DODG,CMS,4D,11,17,3012,,0,1037,,G,,F,4,122,,,17R215,,,,,,0,0,000000000,00000000000,0,0,0,1,0,0,0,0,0,0,0,70,0,0,0,9,6,8,24,0,0,0,1,1,36069,6,1,0,0,3,0,64,999,0,0,0,2,0,11,2009,8,2012,1,0,0,0,0,3,3,70,1,1,8,2,0,0,1,10,1,1,2,45,0,0
12,121557,2,2,1,8,9,14,0,12,6,1,0,34,3,87,881,87881,66,2006,1XP5DB9X16N6,1,X,P,5,D,B,9,X,1,6,N,6,1,T,PTRB,379,TR,6,17,,8,0,0,CON,D,,,6,893,,,,,00000,00,,64,1,34,190713,34190713,3,19,1,1,0,0,0,0,0,0,0,60,0,1,1,12,6,2,1,0,0,0,1,12,32327,6,1,6,3,3,3,71,999,0,0,0,0,0,0,0,0,0,0,0,0,0,0,3,3,70,1,1,8,2,0,0,1,60,1,1,1,44,1,0
12,121558,1,1,7,8,9,12,10,1,0,1,0,12,2,12,422,12422,15,2006,1FMPU17556LA,1,F,M,P,U,1,7,5,5,6,L,A,0,P,FORD,EPT,UT,6,17,5353,,0,1190,,G,,F,8,329,,,17R265,,,,,,0,0,000000000,00000000000,0,0,0,1,0,0,0,0,0,0,0,998,0,1,3,0,6,2,1,0,0,0,1,12,34208,6,1,0,0,3,3,76,999,0,0,0,0,0,0,0,0,0,0,0,0,0,0,3,3,70,1,1,8,1,0,0,1,1,1,4,4,7,1,0
12,121559,1,2,1,9,9,8,35,12,6,1,0,12,1,55,401,55401,14,2007,5NMSG13D87H1,5,N,M,S,G,1,3,D,8,7,H,1,0,P,HYUN,SAN,UT,7,17,3727,,0,1063,,G,,F,6,162,,,16R235,,,,,,0,0,000000000,00000000000,0,0,0,1,0,0,0,0,0,0,0,15,0,0,0,4,4,8,12,0,0,0,1,12,34655,6,1,0,0,3,3,72,999,0,0,0,0,0,0,0,0,0,0,38,0,0,0,3,3,45,1,1,8,2,3,3,1,17,1,1,1,87,0,0
12,121559,2,2,2,9,9,8,35,12,6,1,0,12,2,20,421,20421,15,1997,1GNEC13R5VJ3,1,G,N,E,C,1,3,R,5,V,J,3,0,P,CHEV,CTA,UT,97,17,4816,,0,1175,,G,,F,8,350,,,15R235,,,,,,0,0,000000000,00000000000,0,0,0,1,0,0,0,0,0,0,0,45,0,0,0,12,6,2,12,0,0,0,1,12,33823,6,1,0,0,3,3,65,999,0,0,0,0,0,0,0,0,0,0,0,0,0,0,3,3,50,1,1,8,2,3,3,1,66,1,1,1,86,1,0
12,121560,1,2,1,17,9,11,37,12,2,1,0,12,1,55,401,55401,14,2005,KM8SC73D15U9,K,M,8,S,C,7,3,D,1,5,U,9,0,P,HYUN,SAN,UT,5,17,3752,,0,1031,,G,,F,6,162,,,16R225,,,,,,0,0,000000000,00000000000,0,0,0,1,0,0,0,0,0,0,0,35,0,0,0,12,6,2,12,0,0,0,1,12,32952,6,1,0,0,3,0,70,999,0,0,0,0,0,0,0,0,0,0,51,0,0,0,1,2,35,1,1,8,1,0,0,1,54,1,1,2,50,0,0
12,121560,2,2,2,17,9,11,37,12,2,1,0,12,2,20,17,20017,4,1986,1G1AW19R8G62,1,G,1,A,W,1,9,R,8,G,6,2,0,P,CHEV,CEL,4D,86,17,2602,,0,1049,,G,,F,4,151,,,14R185,,,,,,0,0,000000000,00000000000,0,0,0,1,0,0,0,0,0,0,0,35,0,0,0,12,6,2,12,0,0,0,1,12,32953,6,1,0,0,3,0,62,999,0,0,0,0,0,0,0,0,0,0,0,0,0,0,1,2,35,1,1,8,1,0,0,1,54,1,1,1,51,1,0
12,121561,1,1,1,19,9,21,41,8,0,1,0,12,1,7,442,7442,20,2012,2C4RDGBG4CR2,2,C,4,R,D,G,B,G,4,C,R,2,0,P,DODG,CAR,SV,12,17,4321,,0,1212,,F,,F,6,220,,,16R235,,,,,,0,0,000000000,00000000000,0,0,0,1,0,0,0,0,0,0,0,55,0,0,0,12,6,2,8,0,0,0,1,12,32680,6,1,0,0,3,0,71,999,0,0,0,0,0,0,0,0,0,0,0,0,0,0,1,2,60,1,1,8,1,0,0,1,80,1,1,1,13,0,0
12,121562,1,1,1,11,1,17,35,19,0,1,0,12,1,76,709,76709,80,2007,JYAVP25E77A0,J,Y,A,V,P,2,5,E,7,7,A,0,0,M,YAMA,VCT,RS,7,17,,,,,,,1304,,2,,4,668,,,,,,,0,0,000000000,00000000000,0,0,0,1,0,0,0,0,0,0,0,45,0,0,0,12,6,2,19,0,0,0,1,12,33917,6,1,0,0,3,3,69,999,0,0,0,0,0,0,0,0,0,0,6,0,0,0,1,2,30,1,1,8,1,0,0,13,98,1,1,4,92,1,0
12,121563,1,1,3,4,8,3,59,8,0,1,0,12,1,35,473,35473,31,2005,1N6AA07B45N5,1,N,6,A,A,0,7,B,4,5,N,5,0,T,NISS,TXS,CW,5,17,,2,0,1398,TTN,G,,,8,342,,,,C,5116,02,E,44,0,0,000000000,00000000000,0,0,0,1,0,0,0,0,0,0,0,998,0,0,0,12,4,1,8,0,0,0,1,12,33126,6,1,0,0,3,0,72,999,1,3,0,1,0,6,2010,5,2012,0,0,0,0,0,1,4,98,1,1,8,1,0,0,1,80,6,1,1,13,0,1
12,121564,1,1,1,29,8,6,44,15,0,1,0,12,3,12,461,12461,21,2007,1FTNE24W87DB,1,F,T,N,E,2,4,W,8,7,D,B,0,T,FORD,25V,CG,7,17,,2,0,1380,VAN,G,,,8,281,,,,C,00000,00,E,42,0,0,000000000,00000000000,0,0,0,1,0,0,0,0,0,0,0,999,0,0,0,12,4,1,15,0,0,0,1,12,33153,6,1,0,0,3,3,71,999,0,0,0,0,0,0,0,0,0,0,0,0,0,0,1,4,30,1,1,8,1,0,0,1,83,1,1,1,13,0,0
12,121565,1,2,1,31,8,1,39,12,1,1,1,12,1,37,32,37032,2,2000,1HGCG2253YA0,1,H,G,C,G,2,2,5,3,Y,A,0,0,P,HOND,UEX,CP,0,17,3241,,0,1051,,G,,F,6,183,,,16R205,,,,,,0,0,000000000,00000000000,0,0,0,1,0,0,0,0,0,0,0,96,0,0,0,12,6,2,12,0,0,0,1,36,11727,6,1,0,0,3,0,70,999,0,10,0,1,1,11,2009,6,2012,1,6,36,0,0,5,4,40,8,8,8,1,0,0,1,51,1,1,1,24,0,0
12,121565,2,2,1,31,8,1,39,12,1,1,0,12,1,37,706,37706,80,2004,JH2SC57064M0,J,H,2,S,C,5,7,0,6,4,M,0,0,M,HOND,CBS,RC,4,17,,,,,,,998,,4,,4,396,,,,,,,0,0,000000000,00000000000,0,0,0,1,0,0,0,0,0,0,0,40,0,0,0,6,6,2,12,0,0,0,1,12,32955,6,1,6,0,3,0,69,999,0,0,0,0,0,0,0,0,0,0,0,0,0,0,5,4,40,8,8,8,1,0,0,1,53,1,1,1,25,1,0
12,121566,1,2,1,7,9,8,27,12,6,1,0,12,1,36,38,36038,9,2012,3C3CFFDR1CT2,3,C,3,C,F,F,D,R,1,C,T,2,0,P,FIAT,5PP,CV,12,17,2363,,0,906,,G,,F,4,085,,,15R185,,,,,,0,0,000000000,00000000000,0,0,0,1,0,0,0,0,0,0,0,45,0,0,0,3,6,2,12,0,0,0,1,12,34235,6,1,0,0,3,3,72,999,0,0,0,0,0,0,0,0,0,0,38,0,0,0,2,3,45,1,1,8,1,3,3,11,15,1,1,1,68,1,0
12,121566,2,2,1,7,9,8,27,12,6,1,0,12,1,30,52,30052,4,2012,WVWMP7ANXCE5,W,V,W,M,P,7,A,N,X,C,E,5,0,P,VOLK,CSR,4D,12,17,3330,,0,0,,G,,T,4,121,,,000000,,,,,,0,0,000000000,00000000000,0,0,0,1,0,0,0,0,0,0,0,45,0,0,0,12,6,2,12,0,0,0,1,12,34238,6,1,0,0,3,0,67,999,0,0,0,0,0,0,0,0,0,0,0,0,0,0,2,3,45,1,1,8,1,3,3,1,62,1,1,1,69,0,0
12,121567,1,2,1,8,9,1,39,12,1,1,0,12,1,49,40,49040,4,2007,JTNBE46K2730,J,T,N,B,E,4,6,K,2,7,3,0,0,P,TOYT,CMB,4D,7,17,3108,,0,1093,,G,,F,4,146,,,15R205,,,,,,0,0,000000000,00000000000,0,0,0,1,0,0,0,0,0,0,0,80,0,0,0,12,6,2,12,0,0,0,1,12,33803,6,1,0,0,3,3,60,999,0,0,0,0,0,0,0,0,0,0,6,0,0,0,3,3,70,1,1,8,1,0,0,1,51,1,1,1,24,0,1
12,121567,2,2,4,8,9,1,39,12,1,1,0,12,2,18,401,18401,14,2004,3G5DA03EX4S5,3,G,5,D,A,0,3,E,X,4,S,5,0,P,BUIC,RZV,UT,4,17,4024,,0,1122,,G,,F,6,207,,,16R215,,,,,,0,0,000000000,00000000000,0,0,0,1,0,0,0,0,0,0,0,70,0,1,5,6,6,2,1,0,0,0,1,12,33810,6,1,0,0,3,3,75,999,0,0,0,0,0,0,0,0,0,0,0,0,0,0,3,3,70,1,1,8,1,0,0,1,53,1,1,1,25,1,1