STATE,ST_CASE,VEH_NO,VE_FORMS,NUMOCCS,DAY,MONTH,HOUR,MINUTE,HARM_EV,MAN_COLL,UNITTYPE,HIT_RUN,REG_STAT,OWNER,MAKE,MODEL,MAK_MOD,BODY_TYP,MOD_YEAR,VIN,VIN_1,VIN_2,VIN_3,VIN_4,VIN_5,VIN_6,VIN_7,VIN_8,VIN_9,VIN_10,VIN_11,VIN_12,TOW_VEH,VINTYPE,VINMAKE,VINA_MOD,VIN_BT,VINMODYR,VIN_LNGT,VIN_WGT,WGTCD_TR,WHLBS_LG,WHLBS_SH,SER_TR,FUELCODE,MCYCL_DS,CARBUR,CYLINDER,DISPLACE,MCYCL_CY,MCYCL_WT,TIRE_SZE,TON_RAT,TRK_WT,TRKWTVAR,VIN_REST,WHLDRWHL,J_KNIFE,MCARR_I1,MCARR_I2,MCARR_ID,GVWR,V_CONFIG,CARGO_BT,HAZ_INV,HAZ_PLAC,HAZ_ID,HAZ_CNO,HAZ_REL,BUS_USE,SPEC_USE,EMER_USE,TRAV_SP,UNDERIDE,ROLLOVER,ROLINLOC,IMPACT1,DEFORMED,TOWED,M_HARM,VEH_SC1,VEH_SC2,FIRE_EXP,DR_PRES,L_STATE,DR_ZIP,L_STATUS,L_TYPE,CDL_STAT,L_ENDORS,L_COMPL,L_RESTRI,DR_HGT,DR_WGT,PREV_ACC,PREV_SUS,PREV_DWI,PREV_SPD,PREV_OTH,FIRST_MO,FIRST_YR,LAST_MO,LAST_YR,SPEEDREL,DR_SF1,DR_SF2,DR_SF3,DR_SF4,VTRAFWAY,VNUM_LAN,VSPD_LIM,VALIGN,VPROFILE,VPAVETYP,VSURCOND,VTRAFCON,VTCONT_F,P_CRASH1,P_CRASH2,P_CRASH3,PCRASH4,PCRASH5,ACC_TYPE,DEATHS,DR_DRINK
12,121568,1,1,1,10,9,12,28,8,0,1,0,12,2,2,405,2405,14,2003,1J4GL48K43W5,1,J,4,G,L,4,8,K,4,3,W,5,0,T,JEEP,LSF,4W,3,17,,1,0,1043,LIB,G,,,6,226,,,,,3655,02,E,44,0,0,000000000,00000000000,0,0,0,1,0,0,0,0,0,0,0,45,0,0,0,12,2,1,8,0,0,0,1,12,33701,6,1,0,0,3,3,69,999,0,0,0,0,0,0,0,0,0,0,0,0,0,0,3,2,45,1,1,8,1,0,0,1,80,4,1,1,13,0,0
12,121569,1,2,2,12,9,23,35,12,6,1,0,12,1,12,471,12471,30,2000,1FTYR10V3YPB,1,F,T,Y,R,1,0,V,3,Y,P,B,0,T,FORD,RNG,PK,0,17,,1,1175,1116,RNG,F,,,6,182,,,,B,3068,02,U,42,0,0,000000000,00000000000,0,0,0,1,0,0,0,0,0,0,0,998,0,0,0,12,6,2,12,0,0,0,1,12,33172,6,1,0,0,3,3,66,999,0,0,0,0,0,0,0,0,0,0,39,0,0,0,3,4,45,1,1,8,1,3,3,1,66,1,1,1,83,0,1
12,121569,2,2,1,12,9,23,35,12,6,1,0,12,1,54,31,54031,3,1993,JH4DA9461PS0,J,H,4,D,A,9,4,6,1,P,S,0,0,P,ACUR,IGS,2H,93,17,2535,,0,1004,,G,,F,4,112,,,15R195,,,,,,0,0,000000000,00000000000,0,0,0,1,0,0,0,0,0,0,0,998,0,0,0,9,6,2,12,0,0,0,1,12,33155,6,1,0,0,3,0,63,999,0,0,0,0,0,0,0,0,0,0,0,0,0,0,3,2,30,1,1,8,1,3,3,11,15,1,1,1,82,1,0
12,121570,1,2,1,12,9,9,28,12,6,1,0,12,1,37,31,37031,4,2009,19XFA16939E0,1,9,X,F,A,1,6,9,3,9,E,0,0,P,HOND,CVL,4D,9,17,2760,,0,1063,,G,,F,4,110,,,16R205,,,,,,0,0,000000000,00000000000,0,0,0,1,0,0,0,0,0,0,0,8,0,0,0,83,4,1,12,0,0,0,1,12,32901,6,1,0,0,3,0,67,999,0,0,0,0,0,0,0,0,0,0,38,0,0,0,1,2,30,1,1,8,2,20,3,1,17,1,1,1,87,0,0
12,121570,2,2,1,12,9,9,28,12,6,1,0,12,1,98,709,98709,80,2010,L5YTCKPA9A11,L,5,Y,T,C,K,P,A,9,A,1,1,0,U,,,,10,17,,,,,,,,,,,,,,,,,,,0,0,000000000,00000000000,0,0,0,1,0,0,0,0,0,0,0,30,0,0,0,12,6,2,12,0,0,0,1,12,32901,6,1,0,0,2,0,69,999,0,1,0,0,2,6,2011,6,2012,0,0,0,0,0,1,2,30,1,1,8,2,0,0,1,17,1,1,1,86,1,0
12,121571,1,2,1,14,9,10,15,14,0,1,0,12,2,42,47,42047,2,2004,WDBTJ65J54F0,W,D,B,T,J,6,5,J,5,4,F,0,0,P,MERZ,CK3,CP,4,17,3515,,0,1069,,G,,F,6,195,,,16R205,,,,,,0,0,000000000,00000000000,0,0,0,1,0,0,0,0,0,0,0,65,0,0,0,12,6,2,8,0,0,0,1,12,33306,1,1,0,0,2,0,67,999,1,2,0,0,0,5,2012,7,2012,0,6,0,0,0,3,5,65,1,1,8,1,0,0,1,12,1,1,4,6,0,0
12,121571,4,2,4,14,9,10,15,14,0,1,0,12,2,52,401,52401,14,2002,JA4MW51R02J0,J,A,4,M,W,5,1,R,0,2,J,0,0,P,MITS,MON,UT,2,17,4735,,0,1095,,G,,F,6,213,,,16R265,,,,,,0,0,000000000,00000000000,0,0,0,1,0,0,0,0,0,0,0,65,0,0,0,62,4,1,54,0,0,0,1,12,33405,6,1,0,0,3,3,65,999,0,0,0,0,0,0,0,0,0,0,0,0,0,0,3,5,65,1,1,8,1,0,0,1,98,1,1,1,98,0,0
12,121573,1,1,1,15,9,0,2,53,0,1,0,12,1,12,461,12461,21,2000,1FTSE34F6YHA,1,F,T,S,E,3,4,F,6,Y,H,A,0,T,FORD,3SD,CG,0,17,,2,0,1380,VAN,D,,,8,444,,,,D,5378,06,M,42,0,0,000000000,00000000000,0,0,0,1,0,0,0,0,0,0,0,59,0,1,5,12,6,2,1,0,0,0,1,12,34982,6,1,0,0,3,0,67,999,0,2,0,0,0,2,2011,7,2012,1,6,0,0,0,1,2,25,1,1,8,1,0,0,1,13,4,1,4,1,1,1
12,121574,1,1,1,15,9,2,50,33,0,1,0,12,2,6,54,6054,6,2006,2A4GM48416R8,2,A,4,G,M,4,8,4,1,6,R,8,0,P,CHRY,PIF,UT,6,17,4251,,0,1160,,G,,F,6,214,,,17R235,,,,,,0,0,000000000,00000000000,0,0,0,1,0,0,0,0,0,0,0,80,0,0,0,1,6,2,42,0,0,0,1,12,32837,6,1,0,0,3,3,69,999,0,0,0,0,0,0,0,0,0,0,6,0,0,0,3,2,45,1,1,8,1,0,0,1,13,1,1,4,1,1,1
12,121575,1,1,1,17,9,5,10,14,0,1,0,17,3,87,881,87881,66,2008,1XPXDB9X98D7,1,X,P,X,D,B,9,X,9,8,D,7,1,T,PTRB,389,TR,8,17,,8,0,0,CON,D,,,6,893,,,,,00000,00,,64,3,17,8073377,178073377,3,6,3,1,0,0,0,0,0,0,0,70,0,0,0,12,6,2,8,0,0,1,1,12,33844,6,1,6,3,3,0,74,999,0,1,0,0,0,1,2010,1,2010,0,28,0,0,0,3,2,70,1,6,8,1,0,0,1,13,1,1,4,1,0,1
12,121576,1,1,1,20,9,23,15,32,0,1,0,12,2,49,40,49040,4,2006,4T1BE32K46U1,4,T,1,B,E,3,2,K,4,6,U,1,0,P,TOYT,UXS,4D,6,17,3108,,0,1071,,G,,F,4,144,,,15R205,,,,,,0,0,000000000,00000000000,0,0,0,1,0,0,0,0,0,0,0,80,0,1,5,98,6,2,42,0,0,0,1,12,32578,6,1,0,0,3,0,71,999,0,1,0,1,0,6,2011,9,2011,0,6,0,0,0,1,2,55,2,1,8,1,0,0,14,13,1,1,4,1,1,0
12,121577,1,1,1,20,9,20,55,9,0,1,0,12,2,7,482,7482,31,2002,3D3HA18N72G1,3,D,3,H,A,1,8,N,7,2,G,1,0,T,DODG,Q15,CW,2,17,,2,1605,1405,RPC,G,,,8,287,,,,B,4747,01,K,42,0,0,000000000,00000000000,0,0,0,1,0,0,0,0,0,0,0,998,0,0,0,12,4,3,9,0,0,0,1,48,77531,6,1,0,0,3,0,999,999,0,0,0,0,0,0,0,0,0,0,0,0,0,0,1,2,45,1,1,8,1,0,0,1,83,1,1,1,13,0,0
12,121578,1,1,1,22,9,6,0,8,0,1,0,12,2,20,16,20016,4,2003,1G1JC52F8372,1,G,1,J,C,5,2,F,8,3,7,2,0,P,CHEV,CAV,4D,3,17,2971,,0,1041,,G,,F,4,134,,,14R195,,,,,,0,0,000000000,00000000000,0,0,0,1,0,0,0,0,0,0,0,35,0,0,0,12,4,3,8,0,0,0,1,12,32401,6,1,0,0,3,0,70,999,0,0,0,1,0,8,2010,8,2010,0,0,0,0,0,5,4,45,1,6,8,1,3,3,1,80,1,1,1,13,0,0
12,121579,1,1,1,20,3,23,59,30,0,1,1,12,1,37,705,37705,80,1997,JH2PC2508VM6,J,H,2,P,C,2,5,0,8,V,M,6,0,M,HOND,RF3,RC,97,17,,,,,,,600,,4,,4,405,,,,,,,0,0,000000000,00000000000,0,0,0,1,0,0,0,0,0,0,0,70,0,0,0,12,6,2,30,0,0,0,1,12,33440,6,1,0,0,3,0,71,999,0,0,0,0,1,8,2010,8,2010,0,6,0,0,0,5,4,40,3,1,8,1,0,0,14,13,1,1,4,1,1,0
12,121581,1,1,1,25,3,21,0,9,0,1,1,99,9,99,999,99999,99,9999,999999999999,9,9,9,9,9,9,9,9,9,9,9,9,0,,,,,,,,,,,,,,,,,,,,,,,,,0,0,000000000,00000000000,0,0,0,1,0,0,0,0,0,0,0,999,0,0,0,99,4,1,9,0,0,0,1,99,99999,9,9,99,9,9,9,999,999,99,99,99,99,99,99,9999,99,9999,9,0,0,0,0,1,2,40,1,1,8,1,0,0,1,83,99,1,1,13,0,0
12,121582,1,1,1,31,3,6,52,9,0,1,1,99,9,99,999,99999,99,9999,999999999999,9,9,9,9,9,9,9,9,9,9,9,9,0,,,,,,,,,,,,,,,,,,,,,,,,,0,0,000000000,00000000000,0,0,0,1,0,0,0,0,0,0,0,999,0,0,0,3,4,1,9,0,0,0,1,99,99999,9,9,99,9,9,9,999,999,99,99,99,99,99,99,9999,99,9999,9,0,0,0,0,1,2,35,1,1,8,1,0,0,1,83,1,1,1,13,0,0
12,121583,1,1,2,3,4,21,45,38,0,1,0,12,1,37,31,37031,2,1994,JHMEH6164RS0,J,H,M,E,H,6,1,6,4,R,S,0,0,P,HOND,DSI,CP,94,17,2351,,0,933,,G,,F,4,097,,,14R185,,,,,,0,0,000000000,00000000000,0,0,0,1,0,0,0,0,0,0,0,998,0,0,0,12,6,2,42,0,0,0,1,12,32303,6,1,0,0,3,0,74,999,0,0,0,0,0,0,0,0,0,1,6,0,0,0,1,2,45,2,1,8,2,0,0,14,6,1,1,4,1,1,0
12,121584,1,1,1,8,5,9,25,9,0,1,0,12,1,7,24,7024,4,2010,2B3CA3CV5AH2,2,B,3,C,A,3,C,V,5,A,H,2,0,P,DODG,CHS,4D,10,17,3820,,0,1200,,G,,F,6,214,,,17R215,,,,,,0,0,000000000,00000000000,0,0,0,1,0,0,0,0,0,0,0,45,0,0,0,12,4,1,9,0,0,0,1,12,33177,6,1,0,0,3,0,61,999,0,0,0,0,0,0,0,0,0,0,0,0,0,0,2,3,45,1,1,8,1,3,3,1,83,1,1,1,13,0,0
12,121585,1,2,2,12,5,0,30,12,6,1,0,12,2,12,481,12481,31,1998,1FTZF1767WNB,1,F,T,Z,F,1,7,6,7,W,N,B,0,T,FORD,F15,PK,98,17,,1,1390,1200,COF,G,,,8,281,,,,B,3800,02,E,42,0,0,000000000,00000000000,0,0,0,1,0,0,0,0,0,0,0,60,0,0,0,61,6,2,12,0,0,0,1,12,33458,0,0,0,0,0,0,999,999,0,0,0,0,0,0,0,0,0,0,6,39,37,0,2,2,40,1,1,8,1,3,3,1,17,1,1,1,89,1,0
12,121585,2,2,1,12,5,0,30,12,6,1,0,12,2,37,31,37031,2,1998,1HGEJ824XWL0,1,H,G,E,J,8,2,4,X,W,L,0,0,P,HOND,UAX,CP,98,17,2511,,0,1032,,G,,F,4,097,,,14R185,,,,,,0,0,000000000,00000000000,0,0,0,1,0,0,0,0,0,0,0,45,0,0,0,12,6,2,12,0,0,0,1,12,33458,6,1,0,0,3,0,65,999,0,0,0,0,0,0,0,0,0,0,0,0,0,0,2,2,45,1,1,8,1,3,3,1,66,1,1,1,88,0,0
12,121586,1,1,1,13,5,22,32,8,0,1,0,12,1,55,36,55036,4,2005,KMHCG45CX5U5,K,M,H,C,G,4,5,C,X,5,U,5,0,P,HYUN,AGL,4D,5,17,2280,,0,961,,G,,F,4,098,,,13R175,,,,,,0,0,000000000,00000000000,0,0,0,1,0,0,0,0,0,0,0,35,0,0,0,1,4,1,8,0,0,0,1,12,33323,6,1,0,0,3,3,68,999,0,0,0,1,0,6,2011,6,2011,0,6,0,0,0,1,2,30,1,1,8,1,0,0,1,13,1,1,4,13,0,0
12,121587,1,2,1,13,6,5,47,12,1,1,0,12,2,6,52,6052,6,2008,3A8FY48B68T1,3,A,8,F,Y,4,8,B,6,8,T,1,0,P,CHRY,PTC,SV,8,17,3076,,0,1030,,G,,F,4,148,,,15R195,,,,,,0,0,000000000,00000000000,0,0,0,1,0,0,0,0,0,0,0,20,0,0,0,12,6,2,12,0,0,0,1,12,33012,6,1,0,0,3,0,65,999,0,0,0,0,0,0,0,0,0,0,6,0,0,0,3,2,35,1,1,8,1,0,0,1,50,1,1,1,20,1,1
12,121587,2,2,1,13,6,5,47,12,1,1,0,12,3,98,981,98981,52,2006,1N90401766A1,1,N,9,0,4,0,1,7,6,6,A,1,0,U,,,,6,17,,,,,,,,,,,,,,,,,,,0,77,777777777,77777777777,3,21,22,1,0,0,0,0,6,0,0,0,0,0,0,6,4,1,12,0,0,0,1,12,33128,6,1,6,3,3,0,64,999,0,2,0,0,0,4,2012,4,2012,0,0,0,0,0,3,2,35,1,1,8,1,0,0,5,53,1,1,1,21,0,0
12,121588,1,3,1,9,6,15,13,12,6,1,0,12,1,12,471,12471,30,1993,1FTCR10A2PPA,1,F,T,C,R,1,0,A,2,P,P,A,0,T,FORD,RNG,PK,93,17,,1,1139,1079,RNG,G,,,4,140,,,,B,2918,01,A,42,0,0,000000000,00000000000,0,0,0,1,0,0,0,0,0,0,0,50,0,1,1,81,6,2,12,0,0,0,1,12,33569,6,1,0,0,3,0,67,999,0,0,0,0,0,0,0,0,0,0,39,0,0,0,2,2,40,1,1,8,1,3,3,1,17,1,1,1,87,1,0
12,121588,2,3,1,9,6,15,13,12,6,1,0,12,2,18,7,18007,4,2001,2G4WS52J6112,2,G,4,W,S,5,2,J,6,1,1,2,0,P,BUIC,CCU,4D,1,17,3368,,0,1090,,G,,F,6,191,,,15R205,,,,,,0,0,000000000,00000000000,0,0,0,1,0,0,0,0,0,0,0,45,0,0,0,12,6,2,12,0,0,0,1,12,33617,6,1,0,0,3,0,69,999,0,0,0,0,0,0,0,0,0,0,0,0,0,0,6,1,55,1,1,8,1,3,3,1,66,1,1,1,86,0,0
12,121588,3,3,2,9,6,15,13,12,6,1,0,12,1,49,49,49049,6,2006,JTLKT3248640,J,T,L,K,T,3,2,4,8,6,4,0,0,P,TOYT,SXB,UT,6,17,2395,,0,984,,G,,F,4,092,,,15R185,,,,,,0,0,000000000,00000000000,0,0,0,1,0,0,0,0,0,0,0,0,0,0,0,12,4,1,12,0,0,0,1,12,33619,6,1,0,0,3,0,65,999,0,0,0,1,0,12,2011,12,2011,0,0,0,0,0,2,2,40,1,1,8,1,3,3,5,66,1,1,1,98,0,0
12,121589,1,1,1,21,6,5,53,33,0,1,0,12,1,35,48,35048,2,2008,JN1BZ34D38M7,J,N,1,B,Z,3,4,D,3,8,M,7,0,P,NISS,3ZC,CP,8,17,3222,,0,1043,,G,,F,6,214,,,18R225,,,,,,0,0,000000000,00000000000,0,0,0,1,0,0,0,0,0,0,0,80,0,0,0,12,6,2,39,0,0,0,1,12,33614,6,1,0,0,3,0,65,999,0,0,0,0,0,0,0,0,0,1,0,0,0,0,1,4,35,1,1,8,1,0,0,1,13,1,1,4,1,1,0
12,121590,1,2,4,21,6,15,4,12,6,1,0,12,2,53,404,53404,14,2004,JS3TE62V0441,J,S,3,T,E,6,2,V,0,4,4,1,0,P,SUZI,GVT,UT,4,17,3073,,0,976,,G,,F,6,152,,,16R235,,,,,,0,0,000000000,00000000000,0,0,0,1,0,0,0,0,0,0,0,45,0,0,0,12,6,2,12,0,0,0,1,12,33313,6,1,0,0,3,0,63,999,0,1,0,1,0,6,2011,6,2012,0,0,0,0,0,2,2,45,1,1,8,1,3,3,1,17,1,1,1,69,0,0
12,121590,2,2,2,21,6,15,4,12,6,1,0,12,1,14,17,14017,4,2001,1MEFM53U61A6,1,M,E,F,M,5,3,U,6,1,A,6,0,P,MERC,SLS,4D,1,17,3353,,0,1085,,G,,F,6,182,,,16R215,,,,,,0,0,000000000,00000000000,0,0,0,1,0,0,0,0,0,0,0,10,0,0,0,3,6,2,12,0,0,0,1,12,33313,6,1,0,0,3,3,66,999,0,0,0,0,1,11,2011,11,2011,0,0,0,0,0,2,2,45,1,1,8,1,3,3,11,15,1,1,1,68,1,0
12,121592,1,1,3,27,8,4,30,20,0,1,0,12,1,48,401,48401,14,2003,JF1SG65673H7,J,F,1,S,G,6,5,6,7,3,H,7,0,P,SUBA,FOR,UT,3,17,3095,,0,994,,G,,F,4,150,,,16R215,,,,,,0,0,000000000,00000000000,0,0,0,1,0,0,0,0,0,0,0,45,0,0,0,12,6,2,42,0,0,0,1,12,33434,6,1,0,0,3,3,64,999,1,0,0,0,0,12,2010,12,2010,0,0,0,0,0,2,3,45,2,1,8,2,3,3,14,12,1,1,4,6,2,1
12,121593,1,2,1,31,8,17,12,12,1,1,0,12,1,98,703,98703,80,2008,L6UA4HA238A0,L,6,U,A,4,H,A,2,3,8,A,0,0,U,,,,8,17,,,,,,,,,,,,,,,,,,,0,0,000000000,00000000000,0,0,0,1,0,0,0,0,0,0,0,0,0,0,0,6,6,2,12,0,0,0,1,12,33460,6,1,0,0,2,0,67,999,0,0,0,0,0,0,0,0,0,0,0,0,0,0,2,2,45,1,1,8,1,0,0,5,53,1,1,1,21,1,0
12,121593,2,2,1,31,8,17,12,12,1,1,0,18,3,98,809,98809,66,2004,2FWBAVAK44AM,2,F,W,B,A,V,A,K,4,4,A,M,1,T,STRG,L80,TR,4,17,,7,0,0,STE,D,,,6,441,,,,,00000,00,,42,1,26,241829,26241829,3,6,1,1,0,0,0,0,0,0,0,5,0,0,0,12,0,3,12,0,0,0,1,12,33068,6,1,6,3,3,0,68,999,0,0,0,0,0,0,0,0,0,0,0,0,0,0,2,2,45,1,1,8,1,0,0,1,50,1,1,1,20,0,0
12,121594,1,1,1,3,9,17,11,1,0,1,0,12,1,37,706,37706,80,2003,1HFSC46053A1,1,H,F,S,C,4,6,0,5,3,A,1,0,M,HOND,XT8,RS,3,17,,,,,,,1795,,2,,4,705,,,,,,,0,0,000000000,00000000000,0,0,0,1,0,0,0,0,0,0,0,65,0,0,0,0,6,2,1,0,0,0,1,12,32110,6,1,0,0,3,0,71,999,0,0,0,0,0,0,0,0,0,0,6,0,0,0,2,2,65,3,1,8,1,0,0,14,13,1,1,4,1,1,1
12,121595,1,2,1,3,9,5,38,8,0,1,0,12,3,20,2,20002,4,2005,2G1WF55K2592,2,G,1,W,F,5,5,K,2,5,9,2,0,P,CHEV,IMP,4D,5,17,3389,,0,1105,,G,,F,6,231,,,16R225,,,,,,0,0,000000000,00000000000,0,0,0,1,0,0,0,0,0,0,0,85,0,0,0,12,6,2,8,0,0,0,1,12,32202,6,1,0,0,3,0,73,999,0,0,0,0,0,0,0,0,0,0,0,0,0,0,3,4,55,1,1,8,1,0,0,1,80,1,1,1,13,0,0
12,121595,2,2,3,3,9,5,38,8,0,1,0,12,3,13,15,13015,4,2011,2LMDJ6JK2BBJ,2,L,M,D,J,6,J,K,2,B,B,J,0,P,LINC,MKX,UT,11,17,4210,,0,1112,,G,,F,6,226,,,18R245,,,,,,0,0,000000000,00000000000,0,0,0,1,0,0,0,0,0,0,0,998,0,0,0,14,2,1,8,0,0,0,1,12,32207,6,1,0,0,3,3,67,999,0,0,0,0,0,0,0,0,0,0,0,0,0,0,3,4,55,1,1,8,1,0,0,1,80,1,1,1,98,0,0
12,121596,1,1,1,3,9,21,10,8,0,1,0,12,2,53,402,53402,14,2000,2S3TD52V3Y61,2,S,3,T,D,5,2,V,3,Y,6,1,0,P,SUZI,VIT,UT,0,17,2987,,0,976,,G,,F,4,122,,,16R215,,,,,,0,0,000000000,00000000000,0,0,0,1,0,0,0,0,0,0,0,35,0,0,0,12,4,8,8,0,0,0,1,12,33525,6,1,0,0,3,3,66,999,0,0,0,0,1,7,2012,7,2012,0,0,0,0,0,1,2,35,1,1,8,1,0,0,1,80,1,1,1,13,0,0
12,121597,1,2,1,4,9,7,32,12,2,1,0,12,1,24,2,24002,2,1995,1G8ZH1272SZ2,1,G,8,Z,H,1,2,7,2,S,Z,2,0,P,STRN,SC2,CP,95,17,2302,,0,992,,G,,F,4,116,,,15R195,,,,,,0,0,000000000,00000000000,0,0,0,1,0,0,0,0,0,0,0,45,0,0,0,12,6,2,12,0,0,0,1,12,33437,6,1,0,0,3,3,71,999,0,0,0,0,0,0,0,0,0,0,51,0,0,0,3,3,45,1,1,8,1,0,0,1,10,1,1,2,50,1,0
12,121597,2,2,2,4,9,7,32,12,2,1,0,12,1,20,471,20471,30,1999,1GCCT19WXX81,1,G,C,C,T,1,9,W,X,X,8,1,0,T,CHEV,S14,PC,99,17,,1,0,1229,S,G,,,6,262,,,,B,3716,00,,44,0,0,000000000,00000000000,0,0,0,1,0,0,0,0,0,0,0,45,0,0,0,12,6,2,12,0,0,0,1,12,33415,6,1,0,0,3,3,66,999,0,0,0,0,0,0,0,0,0,0,0,0,0,0,3,3,45,1,1,8,1,0,0,1,62,1,1,1,51,0,0
12,121599,1,1,1,9,9,5,43,42,0,1,0,12,2,12,17,12017,4,2003,1FAFP55S43A2,1,F,A,F,P,5,5,S,4,3,A,2,0,P,FORD,TSS,4D,3,17,3329,,0,1085,,G,,F,6,182,,,16R215,,,,,,0,0,000000000,00000000000,0,0,0,1,0,0,0,0,0,0,0,64,0,0,0,12,6,2,42,0,0,0,1,12,34453,6,1,6,0,3,3,69,999,0,0,0,2,0,1,2011,1,2011,0,36,6,0,0,1,2,20,1,1,8,2,0,0,1,13,1,1,4,1,1,1
12,121600,1,1,2,10,9,20,20,8,0,1,0,12,2,12,481,12481,31,2002,1FTRF172X2NB,1,F,T,R,F,1,7,2,X,2,N,B,0,T,FORD,F15,PK,2,17,,2,1385,1199,COF,G,,,6,256,,,,B,3990,03,U,42,0,0,000000000,00000000000,0,0,0,1,0,0,0,0,0,0,0,45,0,0,0,12,4,1,8,0,0,0,1,12,32082,6,1,0,0,3,0,70,999,0,0,0,1,0,3,2010,3,2010,0,0,0,0,0,2,2,45,1,1,8,1,3,3,1,80,1,1,1,13,0,1
12,121601,1,1,1,12,9,2,56,1,0,1,0,18,3,51,881,51881,66,2006,4V4NC9TG16N4,4,V,4,N,C,9,T,G,1,6,N,4,1,T,VOLV,VNL,TR,6,17,,8,0,0,VVN,D,,,6,915,,,,,00000,00,,64,1,17,2390,172390,3,6,1,1,0,0,0,0,0,0,0,30,0,1,5,0,6,2,1,0,0,0,1,12,32837,6,1,6,3,3,0,73,999,1,0,0,0,0,8,2012,8,2012,0,6,0,0,0,6,4,30,3,1,8,1,0,0,11,13,1,1,4,1,1,0
12,121602,1,3,1,12,9,7,5,12,6,1,0,12,3,84,981,84981,50,2008,4DRBWAAN48A6,4,D,R,B,W,A,A,N,4,8,A,6,0,T,INTL,,,8,17,,,,,,,,,,,,,,,,,,,0,88,888888888,88888888888,3,21,22,1,0,0,0,0,1,2,0,15,0,0,0,9,6,2,12,0,0,0,1,12,32807,6,1,6,3,3,3,71,999,0,0,0,0,0,0,0,0,0,0,38,0,0,0,1,2,45,1,1,8,1,20,3,11,15,1,1,1,68,0,0
12,121602,2,3,2,12,9,7,5,12,6,1,0,12,2,12,481,12481,31,1996,1FTHX25F2TEA,1,F,T,H,X,2,5,F,2,T,E,A,0,T,FORD,F25,PC,96,17,,2,1550,1390,COF,D,,,8,444,,,,C,5045,00,A,42,0,0,000000000,00000000000,0,0,0,1,0,0,0,0,0,0,0,45,0,0,0,12,6,2,12,0,0,0,1,12,32765,0,0,0,0,0,0,999,999,0,0,0,0,0,0,0,0,0,0,0,0,0,0,2,2,45,1,1,8,1,0,0,1,67,1,1,1,69,0,0
12,121602,3,3,1,12,9,7,5,12,6,1,0,12,1,72,706,72706,80,2006,1HD1FFW166Y6,1,H,D,1,F,F,W,1,6,6,Y,6,0,M,HD,TCI,RS,6,17,,,,,,,1450,,2,,4,776,,,,,,,0,0,000000000,00000000000,0,0,0,1,0,0,0,0,0,0,0,45,0,0,0,12,6,2,12,0,0,0,1,12,34771,6,1,6,0,3,3,74,999,0,0,0,0,0,0,0,0,0,0,0,0,0,0,2,2,45,1,1,8,1,0,0,1,67,1,1,1,98,1,0
12,121603,1,2,1,14,9,21,33,12,2,1,0,12,2,24,7,24007,4,2007,1G8AJ55F47Z1,1,G,8,A,J,5,5,F,4,7,Z,1,0,P,STRN,SI2,4D,7,17,2805,,0,1032,,G,,F,4,134,,,15R195,,,,,,0,0,000000000,00000000000,0,0,0,1,0,0,0,0,0,0,0,40,0,0,0,12,6,2,12,0,0,0,1,12,34953,6,1,0,0,3,0,63,999,0,0,0,0,0,0,0,0,0,0,0,0,0,0,2,3,40,1,1,8,1,3,3,99,19,1,1,1,91,0,0
12,121603,2,2,2,14,9,21,33,12,2,1,0,12,1,37,706,37706,80,2003,1HFSC43033A3,1,H,F,S,C,4,3,0,3,3,A,3,0,M,HOND,VT2,RS,3,17,,,,,,,1099,,2,,4,573,,,,,,,0,0,000000000,00000000000,0,0,0,1,0,0,0,0,0,0,0,35,0,0,0,12,6,2,12,0,0,0,1,12,34983,6,1,0,0,3,0,65,999,0,0,0,0,0,0,0,0,0,0,0,0,0,0,2,4,40,1,1,8,1,3,3,1,99,1,1,1,91,1,0
12,121604,1,1,3,16,9,11,30,1,0,1,0,12,2,12,401,12401,14,2001,1FMYU60E71UC,1,F,M,Y,U,6,0,E,7,1,U,C,0,P,FORD,EPR,UT,1,17,3769,,0,1018,,G,,F,6,245,,,15R235,,,,,,0,0,000000000,00000000000,0,0,0,1,0,0,0,0,0,0,0,70,0,1,1,0,6,2,2,0,0,1,1,12,33543,6,1,0,0,3,3,69,999,0,0,0,0,0,0,0,0,0,0,58,0,0,0,3,3,70,1,1,8,1,0,0,1,90,7,1,2,98,1,0
12,121605,1,2,1,18,9,4,25,12,6,1,0,91,1,98,998,98998,97,2010,5089398,5,0,8,9,3,9,8,,,,,,0,U,,,,10,7,,,,,,,,,,,,,,,,,,,0,0,000000000,00000000000,0,0,0,1,0,0,0,0,0,0,0,10,0,0,0,9,6,2,12,0,0,0,1,12,34613,6,1,0,0,3,3,69,999,0,0,0,0,0,0,0,0,0,0,36,0,0,0,3,2,60,1,1,8,2,0,0,11,15,1,1,2,72,1,0
12,121605,2,2,1,18,9,4,25,12,6,1,0,12,1,12,481,12481,31,1996,1FTEX15H7TKA,1,F,T,E,X,1,5,H,7,T,K,A,0,T,FORD,F15,PC,96,17,,2,1550,1390,COF,G,,,8,351,,,,B,4196,00,M,42,0,0,000000000,00000000000,0,0,0,1,0,0,0,0,0,0,0,60,0,0,0,12,6,2,12,0,0,0,1,12,34614,6,1,0,0,3,3,71,999,0,0,0,1,0,2,2010,2,2010,0,0,0,0,0,3,2,60,1,1,8,2,0,0,1,60,8,1,2,73,0,0