STATE,ST_CASE,VEH_NO,VE_FORMS,NUMOCCS,DAY,MONTH,HOUR,MINUTE,HARM_EV,MAN_COLL,UNITTYPE,HIT_RUN,REG_STAT,OWNER,MAKE,MODEL,MAK_MOD,BODY_TYP,MOD_YEAR,VIN,VIN_1,VIN_2,VIN_3,VIN_4,VIN_5,VIN_6,VIN_7,VIN_8,VIN_9,VIN_10,VIN_11,VIN_12,TOW_VEH,VINTYPE,VINMAKE,VINA_MOD,VIN_BT,VINMODYR,VIN_LNGT,VIN_WGT,WGTCD_TR,WHLBS_LG,WHLBS_SH,SER_TR,FUELCODE,MCYCL_DS,CARBUR,CYLINDER,DISPLACE,MCYCL_CY,MCYCL_WT,TIRE_SZE,TON_RAT,TRK_WT,TRKWTVAR,VIN_REST,WHLDRWHL,J_KNIFE,MCARR_I1,MCARR_I2,MCARR_ID,GVWR,V_CONFIG,CARGO_BT,HAZ_INV,HAZ_PLAC,HAZ_ID,HAZ_CNO,HAZ_REL,BUS_USE,SPEC_USE,EMER_USE,TRAV_SP,UNDERIDE,ROLLOVER,ROLINLOC,IMPACT1,DEFORMED,TOWED,M_HARM,VEH_SC1,VEH_SC2,FIRE_EXP,DR_PRES,L_STATE,DR_ZIP,L_STATUS,L_TYPE,CDL_STAT,L_ENDORS,L_COMPL,L_RESTRI,DR_HGT,DR_WGT,PREV_ACC,PREV_SUS,PREV_DWI,PREV_SPD,PREV_OTH,FIRST_MO,FIRST_YR,LAST_MO,LAST_YR,SPEEDREL,DR_SF1,DR_SF2,DR_SF3,DR_SF4,VTRAFWAY,VNUM_LAN,VSPD_LIM,VALIGN,VPROFILE,VPAVETYP,VSURCOND,VTRAFCON,VTCONT_F,P_CRASH1,P_CRASH2,P_CRASH3,PCRASH4,PCRASH5,ACC_TYPE,DEATHS,DR_DRINK
12,121637,1,1,1,22,9,0,51,8,0,1,0,12,2,20,20,20020,4,1994,2G1WN54T2R91,2,G,1,W,N,5,4,T,2,R,9,1,0,P,CHEV,EUR,4D,94,17,3269,,0,1075,,G,,F,6,191,,,15R205,,,,,,0,0,000000000,00000000000,0,0,0,1,0,0,0,0,0,0,0,45,0,0,0,12,6,2,8,0,0,0,1,12,32113,6,1,0,0,3,0,64,999,0,1,0,0,0,11,2009,11,2009,0,0,0,0,0,1,2,45,3,5,8,1,0,0,14,80,1,1,1,13,0,0
12,121638,1,3,2,22,9,11,35,12,1,1,0,12,2,37,706,37706,80,2003,1HFSC46023A1,1,H,F,S,C,4,6,0,2,3,A,1,0,M,HOND,XT8,RS,3,17,,,,,,,1795,,2,,4,705,,,,,,,0,0,000000000,00000000000,0,0,0,1,0,0,0,0,0,0,0,55,0,0,0,12,2,8,12,0,0,0,1,12,34711,6,1,0,0,3,3,77,999,0,0,0,0,0,0,0,0,0,0,26,0,0,0,1,2,55,1,1,8,1,0,0,1,51,1,1,1,24,1,0
12,121638,2,3,2,22,9,11,35,12,1,1,0,12,1,72,706,72706,80,2008,1HD1KB4158Y6,1,H,D,1,K,B,4,1,5,8,Y,6,0,M,HD,FHX,RS,8,17,,,,,,,1584,,2,,4,786,,,,,,,0,0,000000000,00000000000,0,0,0,1,0,0,0,0,0,0,0,55,0,0,0,6,2,8,12,0,0,0,1,12,32789,6,1,0,0,3,0,71,999,0,3,0,1,1,5,2010,4,2012,0,0,0,0,0,1,2,55,1,1,8,1,0,0,1,53,1,1,1,25,0,0
12,121638,3,3,2,22,9,11,35,12,1,1,0,12,1,72,706,72706,80,2008,1HD1FMM108Y6,1,H,D,1,F,M,M,1,0,8,Y,6,0,M,HD,TPI,RS,8,17,,,,,,,1690,,2,,4,828,,,,,,,0,0,000000000,00000000000,0,0,0,1,0,0,0,0,0,0,0,55,0,0,0,0,4,8,1,0,0,0,1,12,34761,6,1,0,0,3,0,74,999,0,0,0,0,0,0,0,0,0,0,0,0,0,0,1,2,55,1,1,8,1,0,0,1,61,1,1,1,98,0,0
12,121639,1,1,2,23,9,0,40,1,0,1,0,12,1,53,705,53705,80,2006,JS1GR7KA2621,J,S,1,G,R,7,K,A,2,6,2,1,0,M,SUZI,RK6,RC,6,17,,,,,,,750,,4,,4,359,,,,,,,0,0,000000000,00000000000,0,0,0,1,0,0,0,0,0,0,0,66,0,0,0,0,6,2,1,0,0,0,1,12,33713,6,1,0,0,3,0,68,999,0,0,0,0,1,6,2012,6,2012,0,6,0,0,0,3,3,65,2,3,8,1,0,0,14,12,1,1,4,6,2,0
12,121640,1,1,2,26,9,4,30,42,0,1,0,12,2,12,3,12003,2,2008,1ZVHT82H3851,1,Z,V,H,T,8,2,H,3,8,5,1,0,P,FORD,MGT,CP,8,17,3450,,0,1071,,G,,F,8,281,,,17R235,,,,,,0,0,000000000,00000000000,0,0,0,1,0,0,0,0,0,0,0,35,0,1,9,14,6,2,1,0,0,0,1,12,33023,6,1,0,0,3,0,74,999,0,0,0,0,0,0,0,0,0,1,58,0,0,0,1,2,25,1,1,8,1,0,0,11,13,12,4,4,2,1,0
12,121641,1,1,1,28,9,2,40,24,0,1,0,12,1,37,706,37706,80,2002,JH2SC50092M0,J,H,2,S,C,5,0,0,9,2,M,0,0,M,HOND,CR9,RC,2,17,,,,,,,954,,4,,4,999,,,,,,,0,0,000000000,00000000000,0,0,0,1,0,0,0,0,0,0,0,70,0,0,0,1,6,2,24,0,0,0,1,12,34288,6,1,0,0,3,3,76,999,1,0,0,0,1,11,2010,8,2012,0,36,6,0,0,3,2,70,1,1,8,1,0,0,1,13,1,1,4,1,1,1
12,121642,1,1,2,28,9,3,40,30,0,1,0,12,1,34,36,34036,2,2005,WBAEH73425B1,W,B,A,E,H,7,3,4,2,5,B,1,0,P,BMW,64C,CP,5,17,3781,,0,1094,,G,,F,8,268,,,18R245,,,,,,0,0,000000000,00000000000,0,0,0,1,0,0,0,0,0,0,0,40,0,0,0,9,6,2,21,0,0,0,1,12,33426,6,1,0,0,3,0,68,999,0,3,0,4,0,5,2010,2,2012,1,6,0,0,0,6,9,35,2,6,8,2,0,0,14,12,1,1,4,6,1,1
12,121643,1,3,1,29,9,21,13,12,1,1,0,12,1,2,404,2404,14,1994,1J4FX58S9RC1,1,J,4,F,X,5,8,S,9,R,C,1,0,T,JEEP,LRO,4W,94,17,,1,0,1059,GCK,G,,,6,242,,,,,3408,00,B,42,0,0,000000000,00000000000,0,0,0,1,0,0,0,0,0,0,0,50,0,0,0,12,6,2,12,0,0,0,1,12,34638,6,1,0,0,3,0,67,999,0,0,0,0,0,0,0,0,0,0,6,0,0,0,3,3,50,3,1,8,1,0,0,14,51,1,1,1,28,1,0
12,121643,2,3,1,29,9,21,13,12,1,1,0,12,1,55,41,55041,2,2010,KMHHU6KH0AU0,K,M,H,H,U,6,K,H,0,A,U,0,0,P,HYUN,GC3,CP,10,17,3389,,0,1110,,G,,F,6,230,,,18R225,,,,,,0,0,000000000,00000000000,0,0,0,1,0,0,0,0,0,0,0,15,0,0,0,6,6,2,12,0,0,0,1,12,34639,6,1,0,0,3,0,75,999,0,0,0,0,0,0,0,0,0,0,0,0,0,0,3,3,50,3,1,8,1,0,0,2,53,1,1,1,29,0,0
12,121643,3,3,1,29,9,21,13,12,1,1,0,12,1,32,43,32043,4,2008,WAUAF78E58A1,W,A,U,A,F,7,8,E,5,8,A,1,0,P,AUDI,NA4,4D,8,17,3406,,0,1043,,G,,T,4,121,,,16R225,,,,,,0,0,000000000,00000000000,0,0,0,1,0,0,0,0,0,0,0,10,0,0,0,6,6,2,12,0,0,0,1,12,34639,6,1,0,0,3,0,63,999,0,0,0,0,0,0,0,0,0,0,0,0,0,0,3,3,50,3,1,8,1,0,0,2,53,1,1,1,98,0,0
12,121644,1,1,2,1,10,17,32,32,0,1,0,47,2,7,20,7020,4,2002,1B3ES56CX2D6,1,B,3,E,S,5,6,C,X,2,D,6,0,P,DODG,ESN,4D,2,17,2662,,0,1050,,G,,F,4,122,,,15R185,,,,,,0,0,000000000,00000000000,0,0,0,1,0,0,0,0,0,0,0,55,0,0,0,14,6,2,32,0,0,0,1,12,32539,1,1,0,0,2,0,74,999,1,2,0,1,0,4,2010,6,2012,0,6,0,0,0,1,2,50,1,1,8,1,0,0,1,12,1,1,4,6,1,0
12,121645,1,1,1,3,9,2,30,30,0,1,0,12,2,35,47,35047,2,2008,1N4AL24E08C1,1,N,4,A,L,2,4,E,0,8,C,1,0,P,NISS,A5S,CP,8,17,3052,,0,1053,,G,,F,4,153,,,16R215,,,,,,0,0,000000000,00000000000,0,0,0,1,0,0,0,0,0,0,0,40,0,0,0,12,6,2,42,0,0,0,1,12,33331,6,1,0,0,3,3,68,999,0,0,0,0,0,0,0,0,0,0,0,0,0,0,3,3,45,1,1,8,1,28,3,1,13,1,1,4,1,1,0
12,121646,1,1,1,22,9,4,30,34,0,1,0,12,2,20,401,20401,14,2002,1GNDS13SX222,1,G,N,D,S,1,3,S,X,2,2,2,0,P,CHEV,TRL,UT,2,17,4442,,0,1130,,G,,F,6,256,,,16R245,,,,,,0,0,000000000,00000000000,0,0,0,1,0,0,0,0,0,0,0,75,0,1,6,12,6,2,1,0,0,0,1,12,32317,1,1,0,0,2,0,70,999,0,5,0,0,0,9,2011,8,2012,1,6,0,0,0,1,2,55,2,6,8,1,0,0,14,13,6,1,4,1,1,1
12,121647,1,1,2,23,9,16,40,24,0,1,0,12,1,23,481,23481,31,1998,1GTEC14W7WZ5,1,G,T,E,C,1,4,W,7,W,Z,5,0,T,GMC,SC1,PK,98,17,,2,1315,1175,SIE,G,,,6,262,,,,B,3869,02,U,42,0,0,000000000,00000000000,0,0,0,1,0,0,0,0,0,0,0,82,0,1,5,12,6,2,1,0,0,0,1,12,33312,6,1,0,0,3,3,68,999,1,5,0,0,0,1,2012,3,2012,1,0,0,0,0,3,5,65,1,1,8,2,40,3,1,13,1,1,4,1,1,0
12,121648,1,1,1,24,9,21,33,3,0,1,0,12,1,20,481,20481,31,1993,1GCEC14Z8PE1,1,G,C,E,C,1,4,Z,8,P,E,1,0,T,CHEV,GC1,PK,93,17,,2,1315,1175,GM4,G,,,6,262,,,,B,3718,02,,42,0,0,000000000,00000000000,0,0,0,1,0,0,0,0,0,0,0,5,0,0,0,0,6,2,3,0,0,0,1,12,33311,6,1,0,0,3,0,69,999,0,0,0,0,0,0,0,0,0,0,0,0,0,0,1,2,30,1,1,8,1,0,0,1,13,1,1,4,0,1,0
12,121649,1,3,1,25,9,18,4,12,2,1,0,12,2,12,401,12401,14,2005,1FMZU67K45UA,1,F,M,Z,U,6,7,K,4,5,U,A,0,P,FORD,EPR,UT,5,17,4095,,0,1259,,F,,F,6,245,,,16R235,,,,,,0,0,000000000,00000000000,0,0,0,1,0,0,0,0,0,0,0,55,0,0,0,12,6,2,12,0,0,0,1,12,34715,6,1,0,0,3,0,63,999,0,0,0,0,0,0,0,0,0,0,28,0,0,0,1,2,55,1,1,8,1,0,0,1,10,1,1,2,50,1,0
12,121649,2,3,2,25,9,18,4,12,2,1,0,12,3,98,809,98809,63,1999,2FZXFWEB0XA9,2,F,Z,X,F,W,E,B,0,X,A,9,0,T,STRG,LT2,CC,99,17,,8,2440,1600,STE,D,,,6,733,,,,,00000,00,,64,0,12,113873,12113873,3,2,4,1,0,0,0,0,0,0,0,55,0,0,0,12,6,2,12,0,0,0,1,12,32712,6,1,6,0,3,0,66,999,0,0,0,0,0,0,0,0,0,0,0,0,0,0,1,2,55,1,1,8,1,0,0,1,62,1,1,1,51,0,0
12,121649,3,3,6,25,9,18,4,12,2,1,0,12,2,12,461,12461,21,2005,1FBNE31L45HB,1,F,B,N,E,3,1,L,4,5,H,B,0,P,FORD,ECO,SV,5,17,6231,,0,1380,,G,,F,8,330,,,000000,,,,,,0,0,000000000,00000000000,0,0,0,1,0,0,0,0,0,0,0,55,0,0,0,12,6,2,12,0,0,0,1,12,34736,6,1,0,0,3,0,64,999,0,0,0,0,0,0,0,0,0,0,0,0,0,0,1,2,55,1,1,8,1,0,0,1,13,7,1,4,98,0,0
12,121650,1,1,1,27,9,20,35,8,0,1,0,12,1,2,404,2404,14,2005,1J4GS48K75C5,1,J,4,G,S,4,8,K,7,5,C,5,0,T,JEEP,LCF,4W,5,17,,1,0,1095,GCK,G,,,6,226,,,,,4147,00,E,42,0,0,000000000,00000000000,0,0,0,1,0,0,0,0,0,0,0,40,0,0,0,12,4,3,8,0,0,0,1,12,33143,6,1,0,0,3,3,74,999,0,0,0,0,0,0,0,0,0,0,0,0,0,0,5,4,40,1,1,8,1,0,0,1,80,6,1,1,13,0,0
12,121651,1,2,1,28,9,7,47,12,6,1,0,12,1,7,472,7472,30,1992,1B7GL23Y7NS5,1,B,7,G,L,2,3,Y,7,N,S,5,0,T,DODG,DAK,PC,92,17,,1,0,1309,DAK,G,,,8,318,,,,B,3187,01,A,42,0,0,000000000,00000000000,0,0,0,1,0,0,0,0,0,0,0,5,0,0,0,4,6,2,12,0,0,0,1,12,33542,6,1,0,0,3,3,66,999,0,0,0,0,0,0,0,0,0,0,38,0,0,0,1,2,45,1,1,8,1,0,0,11,15,1,1,1,68,0,0
12,121651,2,2,1,28,9,7,47,12,6,1,0,12,1,72,706,72706,80,2012,1HD1FBM13CB6,1,H,D,1,F,B,M,1,3,C,B,6,0,M,HD,FHR,RS,12,17,,,,,,,1690,,2,,4,775,,,,,,,0,0,000000000,00000000000,0,0,0,1,0,0,0,0,0,0,0,45,0,0,0,12,6,2,1,0,0,0,1,12,33597,6,1,0,0,3,3,74,999,0,1,0,0,1,8,2011,1,2012,0,0,0,0,0,1,2,45,1,5,8,1,0,0,1,62,1,1,1,69,1,0
12,121652,1,1,1,2,10,6,41,24,0,1,0,12,1,18,23,18023,4,2008,1G4HD57268U1,1,G,4,H,D,5,7,2,6,8,U,1,0,P,BUIC,UXL,4D,8,17,3792,,0,1156,,G,,F,6,232,,,17R235,,,,,,0,0,000000000,00000000000,0,0,0,1,0,0,0,0,0,0,0,70,0,0,0,12,6,2,24,0,0,0,1,12,32164,6,1,0,0,3,0,66,999,0,0,0,0,0,0,0,0,0,0,58,0,0,0,3,3,70,1,1,8,1,0,0,1,12,1,1,4,6,1,0
12,121653,1,1,1,3,10,22,30,8,0,1,0,12,1,37,421,37421,15,2011,5FNYF3H47BB0,5,F,N,Y,F,3,H,4,7,B,B,0,0,P,HOND,PIL,UT,11,17,4310,,0,1092,,G,,F,6,213,,,17R245,,,,,,0,0,000000000,00000000000,0,0,0,1,0,0,0,0,0,0,0,65,0,0,0,12,6,2,8,0,0,0,1,12,33445,6,1,0,0,3,0,68,999,0,0,0,0,0,0,0,0,0,0,0,0,0,0,3,2,65,3,1,8,1,0,0,14,80,6,1,2,13,0,0
12,121654,1,1,1,2,10,18,50,8,0,1,0,12,1,20,421,20421,15,2005,1GNEC13T75R1,1,G,N,E,C,1,3,T,7,5,R,1,0,P,CHEV,CTA,UT,5,17,4975,,0,1160,,G,,F,8,325,,,16R265,,,,,,0,0,000000000,00000000000,0,0,0,1,0,0,0,0,0,0,0,44,0,0,0,12,4,3,8,0,0,0,1,12,32507,6,1,0,0,3,3,71,999,0,0,0,0,0,0,0,0,0,0,0,0,0,0,3,2,45,1,1,8,1,3,3,1,80,1,1,1,13,0,0
12,121655,1,1,1,22,9,22,47,9,0,1,0,12,1,41,51,41051,4,2008,JM1BK32F8811,J,M,1,B,K,3,2,F,8,8,1,1,0,P,MAZD,M3I,4D,8,17,2780,,0,1039,,G,,F,4,122,,,15R195,,,,,,0,0,000000000,00000000000,0,0,0,1,0,0,0,0,0,0,0,55,0,0,0,12,6,2,9,0,0,0,1,12,33540,1,1,0,0,2,0,62,999,0,3,0,0,0,4,2012,6,2012,0,0,0,0,0,1,2,55,1,1,8,1,0,0,1,83,1,1,1,13,0,0
12,121656,1,2,1,26,9,16,51,12,2,1,0,12,1,35,473,35473,31,2005,1N6BA06A25N5,1,N,6,B,A,0,6,A,2,5,N,5,0,T,NISS,TXS,PC,5,17,,2,0,1398,TTN,F,,,8,342,,,,C,4828,02,E,42,0,0,000000000,00000000000,0,0,0,1,0,0,0,0,0,0,0,10,0,0,0,12,4,3,12,0,0,0,1,12,32327,6,1,0,0,3,0,72,999,0,0,0,0,0,0,0,0,0,0,28,0,0,0,1,2,45,1,6,8,1,0,0,11,15,1,1,2,82,0,0
12,121656,2,2,1,26,9,16,51,12,2,1,0,12,1,72,706,72706,80,2008,1HD1FC4178Y6,1,H,D,1,F,C,4,1,7,8,Y,6,0,M,HD,FLU,RS,8,17,,,,,,,1584,,2,,4,851,,,,,,,0,0,000000000,00000000000,0,0,0,1,0,0,0,0,0,0,0,5,0,0,0,12,6,2,12,0,0,0,1,12,32327,6,1,0,0,3,3,70,999,0,0,0,0,0,0,0,0,0,0,0,0,0,0,1,2,45,1,5,8,1,20,3,2,62,1,1,1,83,1,0
12,121657,1,4,1,28,9,21,4,12,1,1,0,12,1,6,441,6441,20,2001,2C8GP54L51R2,2,C,8,G,P,5,4,L,5,1,R,2,0,T,CHRY,LXI,ES,1,17,,1,0,1193,TWC,G,,,6,230,,,,,4183,00,,42,0,0,000000000,00000000000,0,0,0,1,0,0,0,0,0,0,0,65,0,0,0,12,6,2,12,0,0,0,1,12,32164,6,1,0,0,3,3,63,999,0,0,0,0,0,0,0,0,0,1,6,0,0,0,2,2,45,1,1,8,1,0,0,1,51,1,1,1,24,1,1
12,121657,2,4,3,28,9,21,4,12,1,1,0,12,1,20,421,20421,15,2005,1GNEK13T55J1,1,G,N,E,K,1,3,T,5,5,J,1,0,P,CHEV,KTA,UT,5,17,5192,,0,1160,,G,,F,8,325,,,16R265,,,,,,0,0,000000000,00000000000,0,0,0,1,0,0,0,0,0,0,0,45,0,0,0,6,4,3,12,0,0,0,1,12,32080,6,1,0,0,3,0,77,999,0,0,0,0,0,0,0,0,0,0,0,0,0,0,2,2,45,1,1,8,1,0,0,1,53,1,1,1,25,0,0
12,121657,3,4,2,28,9,21,4,12,1,1,0,12,1,7,442,7442,20,2002,1B4GP25B42B7,1,B,4,G,P,2,5,B,4,2,B,7,0,P,DODG,CAR,SV,2,17,3766,,0,1133,,G,,F,4,148,,,17R215,,,,,,0,0,000000000,00000000000,0,0,0,1,0,0,0,0,0,0,0,45,0,0,0,13,6,2,12,0,0,0,1,12,32164,6,1,6,0,3,3,67,999,0,0,0,0,0,0,0,0,0,0,0,0,0,0,2,2,45,1,1,8,1,0,0,1,62,1,1,1,98,0,0
12,121657,4,4,1,28,9,21,4,12,1,1,0,12,1,12,471,12471,30,2002,1FTYR10D82TA,1,F,T,Y,R,1,0,D,8,2,T,A,0,T,FORD,RNG,PK,2,17,,1,1175,1116,RNG,G,,,4,140,,,,B,3085,03,E,42,0,0,000000000,00000000000,0,0,0,1,0,0,0,0,0,0,0,45,0,0,0,12,4,3,12,0,0,0,1,12,32164,6,1,0,0,3,0,66,999,0,0,0,1,0,7,2012,7,2012,0,0,0,0,0,2,2,45,1,1,8,1,0,0,1,62,1,1,1,98,0,0
12,121658,1,2,1,29,9,13,58,12,2,1,0,12,1,12,401,12401,14,2004,1FMZU63K24UA,1,F,M,Z,U,6,3,K,2,4,U,A,0,P,FORD,EPR,UT,4,17,4094,,0,1137,,F,,F,6,245,,,16R235,,,,,,0,0,000000000,00000000000,0,0,0,1,0,0,0,0,0,0,0,55,0,0,0,12,6,2,12,0,0,0,1,12,33558,6,1,0,0,3,0,72,999,1,0,0,0,2,10,2011,3,2012,0,51,0,0,0,2,2,55,1,1,8,1,0,0,1,10,1,1,2,50,1,0
12,121658,2,2,1,29,9,13,58,12,2,1,0,12,1,20,481,20481,31,2011,1GCRCSE05BZ3,1,G,C,R,C,S,E,0,5,B,Z,3,0,T,CHEV,2SC,4C,11,17,,2,1575,1435,SIL,F,,,8,323,,,,B,4924,03,,42,0,0,000000000,00000000000,0,0,0,1,0,0,0,0,0,0,0,55,0,0,0,12,6,2,12,0,0,0,1,12,33761,6,1,0,0,3,0,73,999,0,0,0,0,0,0,0,0,0,0,0,0,0,0,2,2,55,1,1,8,1,0,0,1,62,1,1,1,51,0,0
12,121659,1,2,1,26,7,14,28,12,2,1,0,12,1,18,23,18023,4,2009,1G4HD57M29U1,1,G,4,H,D,5,7,M,2,9,U,1,0,P,BUIC,UXL,4D,9,17,4013,,0,1156,,F,,F,6,238,,,17R235,,,,,,0,0,000000000,00000000000,0,0,0,1,0,0,0,0,0,0,0,87,0,0,0,12,6,2,12,0,0,0,1,12,33637,6,1,0,0,3,0,71,999,0,0,0,0,0,0,0,0,0,1,6,39,0,0,1,4,40,1,1,8,1,3,3,1,17,1,1,1,69,0,0
12,121659,2,2,1,26,7,14,28,12,2,1,0,12,1,20,473,20473,30,2006,1GCCS1482682,1,G,C,C,S,1,4,8,2,6,8,2,0,T,CHEV,RDO,PK,6,17,,1,0,1113,CAL,G,,,4,171,,,,,3303,00,,42,0,0,000000000,00000000000,0,0,0,1,0,0,0,0,0,0,0,22,0,0,0,12,6,2,12,0,0,0,1,12,33604,6,1,0,0,3,3,71,999,0,0,0,0,0,0,0,0,0,0,0,0,0,0,1,4,40,1,1,8,1,3,3,11,66,1,1,1,68,1,0
12,121660,1,1,1,6,8,9,30,8,0,1,0,12,2,59,32,59032,4,2001,JTHBN30F7100,J,T,H,B,N,3,0,F,7,1,0,0,0,P,LEXS,L43,4D,1,17,3957,,0,1152,,G,,F,8,262,,,16R225,,,,,,0,0,000000000,00000000000,0,0,0,1,0,0,0,0,0,0,0,25,0,0,0,12,2,8,8,0,0,0,1,12,34241,6,1,0,0,3,0,65,999,0,0,0,0,0,0,0,0,0,0,0,0,0,0,3,2,25,1,1,8,1,0,0,1,80,1,1,4,6,0,0
12,121661,1,1,1,23,8,3,5,8,0,1,0,12,3,84,881,84881,63,2009,3HSCUAPRX9N1,3,H,S,C,U,A,P,R,X,9,N,1,1,T,INTL,PPR,TR,9,17,,8,0,0,PRO,D,,,6,915,,,,,00000,00,,64,1,12,257819,12257819,3,4,2,1,0,0,0,0,0,0,0,70,0,0,0,12,4,8,8,0,0,0,1,12,34668,6,1,6,3,3,3,71,999,0,0,0,0,0,0,0,0,0,0,0,0,0,0,3,3,70,1,1,8,2,0,0,1,13,1,1,4,13,0,0
12,121662,1,2,1,7,9,20,10,8,0,1,0,12,1,12,471,12471,30,1985,1FTCR10S0FUD,1,F,T,C,R,1,0,S,0,F,U,D,0,T,FORD,RNG,PK,85,17,,1,1140,1080,RNG,G,,,6,171,,,,B,2492,03,A,42,0,0,000000000,00000000000,0,0,0,1,0,0,0,0,0,0,0,25,0,0,0,12,2,1,8,0,0,0,1,12,32583,6,1,0,0,3,0,70,999,0,0,0,0,0,0,0,0,0,0,0,0,0,0,1,2,25,1,1,8,1,0,0,1,80,1,1,1,13,0,0
12,121662,2,2,2,7,9,20,10,8,0,1,0,12,2,23,481,23481,31,2002,1GTEC14W72Z1,1,G,T,E,C,1,4,W,7,2,Z,1,0,T,GMC,NC1,PK,2,17,,2,1330,1190,SIE,G,,,6,262,,,,B,4073,01,U,42,0,0,000000000,00000000000,0,0,0,1,0,0,0,0,0,0,0,25,0,0,0,14,0,8,8,0,0,0,1,12,32570,6,1,0,0,3,0,63,999,0,0,0,0,0,0,0,0,0,0,0,0,0,0,1,2,25,1,1,8,1,0,0,1,80,1,1,1,98,0,0
12,121663,1,1,1,7,9,11,39,14,0,1,0,12,1,49,402,49402,14,2001,JTEGH20V2100,J,T,E,G,H,2,0,V,2,1,0,0,0,P,TOYT,RV4,UT,1,17,2877,,0,980,,G,,F,4,122,,,16R215,,,,,,0,0,000000000,00000000000,0,0,0,1,0,0,0,0,0,0,0,20,0,0,0,12,4,8,14,0,0,0,1,12,32818,6,1,0,0,3,0,68,999,0,0,0,0,0,0,0,0,0,0,0,0,0,0,1,2,25,1,1,8,1,0,0,1,11,1,1,4,11,1,0
12,121664,1,1,1,11,9,7,0,8,0,1,0,12,2,53,404,53404,14,2003,JS3TE62VX341,J,S,3,T,E,6,2,V,X,3,4,1,0,P,SUZI,GVT,UT,3,17,2937,,0,976,,G,,F,6,152,,,16R235,,,,,,0,0,000000000,00000000000,0,0,0,1,0,0,0,0,0,0,0,50,0,0,0,12,2,8,8,0,0,0,1,12,32348,6,1,0,0,3,3,64,999,0,0,0,0,0,0,0,0,0,0,0,0,0,0,1,2,50,1,1,8,1,20,3,1,80,1,1,1,13,0,0
12,121665,1,2,3,14,9,16,0,12,6,1,0,12,1,55,35,55035,4,2005,KMHDN46D25U1,K,M,H,D,N,4,6,D,2,5,U,1,0,P,HYUN,EST,4D,5,17,2635,,0,1027,,G,,F,4,121,,,15R195,,,,,,0,0,000000000,00000000000,0,0,0,1,0,0,0,0,0,0,0,20,0,0,0,9,6,8,12,0,0,0,1,12,32259,6,1,0,0,3,0,66,999,0,0,0,0,0,0,0,0,0,0,38,0,0,0,1,2,45,1,1,8,1,20,3,11,15,1,1,1,82,1,0
12,121665,2,2,1,14,9,16,0,12,6,1,0,12,2,37,32,37032,4,2011,1HGCP2F82BA1,1,H,G,C,P,2,F,8,2,B,A,1,0,P,HOND,AXL,4D,11,17,3421,,0,1102,,G,,F,4,146,,,17R225,,,,,,0,0,000000000,00000000000,0,0,0,1,0,0,0,0,0,0,0,45,0,0,0,12,6,8,12,0,0,0,1,12,32259,6,1,0,0,3,0,64,999,0,0,0,1,0,6,2010,6,2010,0,0,0,0,0,2,2,45,1,1,8,1,0,0,1,67,1,1,1,83,0,0
12,121666,1,3,3,17,9,16,41,12,6,1,0,12,2,20,22,20022,4,2008,1G1AK58F9872,1,G,1,A,K,5,8,F,9,8,7,2,0,P,CHEV,BLS,4D,8,17,3216,,0,1033,,G,,F,4,134,,,15R195,,,,,,0,0,000000000,00000000000,0,0,0,1,0,0,0,0,0,0,0,998,0,0,0,3,6,2,12,0,0,0,1,12,33810,0,0,0,0,0,0,999,999,0,0,0,0,0,0,0,0,0,0,38,48,0,0,2,2,60,1,1,8,1,3,3,11,15,1,1,1,68,2,0
12,121666,2,3,2,17,9,16,41,12,6,1,0,12,2,7,442,7442,20,2005,2D4GP44L15R1,2,D,4,G,P,4,4,L,1,5,R,1,0,T,DODG,GSX,ES,5,17,,1,0,1193,CAR,G,,,6,230,,,,,4222,00,E,42,0,0,000000000,00000000000,0,0,0,1,0,0,0,0,0,0,0,998,0,0,0,12,6,2,12,0,0,0,1,12,33841,6,1,0,0,3,3,63,999,0,0,0,0,0,0,0,0,0,0,0,0,0,0,2,2,60,1,1,8,1,3,3,1,62,1,1,1,69,0,0
12,121666,3,3,1,17,9,16,41,12,6,1,0,12,2,49,32,49032,4,2010,1NXBU4EE9AZ2,1,N,X,B,U,4,E,E,9,A,Z,2,0,P,TOYT,CBL,4D,10,17,2723,,0,1024,,G,,F,4,110,,,15R195,,,,,,0,0,000000000,00000000000,0,0,0,1,0,0,0,0,0,0,0,998,0,0,0,99,2,3,12,0,0,0,1,12,33841,6,1,0,0,3,3,63,999,0,0,0,0,0,0,0,0,0,0,0,0,0,0,1,2,30,2,1,8,1,3,3,10,66,1,1,1,98,0,0
12,121667,1,3,1,20,9,2,27,12,2,1,0,12,1,49,32,49032,4,2006,JTDBR32E1600,J,T,D,B,R,3,2,E,1,6,0,0,0,P,TOYT,EEL,4D,6,17,2530,,0,1024,,G,,F,4,109,,,15R185,,,,,,0,0,000000000,00000000000,0,0,0,1,0,0,0,0,0,0,0,30,0,0,0,12,6,2,12,0,0,0,1,12,33034,6,1,0,0,3,3,62,999,0,0,0,0,0,0,0,0,0,0,51,0,0,0,5,4,45,1,1,8,1,0,0,1,54,1,1,1,52,1,0
12,121667,2,3,2,20,9,2,27,12,2,1,0,12,4,12,23,12023,4,2012,3FAHP0JG9CR2,3,F,A,H,P,0,J,G,9,C,R,2,0,P,FORD,F/L,4D,12,17,3342,,0,1074,,F,,F,6,183,,,17R225,,,,,,0,0,000000000,00000000000,0,0,0,1,0,0,0,0,0,0,0,40,0,0,0,12,4,1,12,0,0,0,1,12,33040,6,1,0,0,3,3,65,999,0,0,0,0,1,5,2010,5,2010,0,0,0,0,0,5,4,45,1,1,8,1,0,0,1,54,1,1,1,52,0,0