STATE,ST_CASE,VEH_NO,VE_FORMS,NUMOCCS,DAY,MONTH,HOUR,MINUTE,HARM_EV,MAN_COLL,UNITTYPE,HIT_RUN,REG_STAT,OWNER,MAKE,MODEL,MAK_MOD,BODY_TYP,MOD_YEAR,VIN,VIN_1,VIN_2,VIN_3,VIN_4,VIN_5,VIN_6,VIN_7,VIN_8,VIN_9,VIN_10,VIN_11,VIN_12,TOW_VEH,VINTYPE,VINMAKE,VINA_MOD,VIN_BT,VINMODYR,VIN_LNGT,VIN_WGT,WGTCD_TR,WHLBS_LG,WHLBS_SH,SER_TR,FUELCODE,MCYCL_DS,CARBUR,CYLINDER,DISPLACE,MCYCL_CY,MCYCL_WT,TIRE_SZE,TON_RAT,TRK_WT,TRKWTVAR,VIN_REST,WHLDRWHL,J_KNIFE,MCARR_I1,MCARR_I2,MCARR_ID,GVWR,V_CONFIG,CARGO_BT,HAZ_INV,HAZ_PLAC,HAZ_ID,HAZ_CNO,HAZ_REL,BUS_USE,SPEC_USE,EMER_USE,TRAV_SP,UNDERIDE,ROLLOVER,ROLINLOC,IMPACT1,DEFORMED,TOWED,M_HARM,VEH_SC1,VEH_SC2,FIRE_EXP,DR_PRES,L_STATE,DR_ZIP,L_STATUS,L_TYPE,CDL_STAT,L_ENDORS,L_COMPL,L_RESTRI,DR_HGT,DR_WGT,PREV_ACC,PREV_SUS,PREV_DWI,PREV_SPD,PREV_OTH,FIRST_MO,FIRST_YR,LAST_MO,LAST_YR,SPEEDREL,DR_SF1,DR_SF2,DR_SF3,DR_SF4,VTRAFWAY,VNUM_LAN,VSPD_LIM,VALIGN,VPROFILE,VPAVETYP,VSURCOND,VTRAFCON,VTCONT_F,P_CRASH1,P_CRASH2,P_CRASH3,PCRASH4,PCRASH5,ACC_TYPE,DEATHS,DR_DRINK
12,121667,3,3,1,20,9,2,27,12,2,1,0,28,4,12,402,12402,14,2013,1FMCU0H91DUA,1,F,M,C,U,0,H,9,1,D,U,A,0,P,FORD,SPE,UT,13,17,3502,,0,1031,,G,,T,4,122,,,18R235,,,,,,0,0,000000000,00000000000,0,0,0,1,0,0,0,0,0,0,0,40,0,0,0,12,6,2,12,0,0,0,1,42,19053,6,1,0,0,3,0,71,999,0,0,0,0,0,0,0,0,0,0,0,0,0,0,5,4,45,1,1,8,1,0,0,1,54,1,1,1,98,0,0
12,121668,1,1,1,22,9,8,13,9,0,1,1,99,9,99,999,99999,99,9999,999999999999,9,9,9,9,9,9,9,9,9,9,9,9,0,,,,,,,,,,,,,,,,,,,,,,,,,0,0,000000000,00000000000,0,0,0,1,0,0,0,0,0,0,0,55,0,0,0,99,9,1,9,0,0,0,1,99,99999,9,9,99,9,9,9,999,999,99,99,99,99,99,99,9999,99,9999,0,0,0,0,0,2,2,55,1,1,8,1,0,0,1,13,99,1,4,13,0,0
12,121669,1,1,1,22,9,12,26,42,0,1,0,12,1,20,421,20421,15,1996,1GNCS18W7TK2,1,G,N,C,S,1,8,W,7,T,K,2,0,P,CHEV,BZR,UT,96,17,3535,,0,1005,,G,,F,6,262,,,15R235,,,,,,0,0,000000000,00000000000,0,0,0,1,0,0,0,0,0,0,0,70,0,1,5,9,6,2,42,0,0,0,1,12,33637,6,1,0,0,3,0,61,999,0,0,0,0,0,0,0,0,0,0,6,0,0,0,3,2,70,1,1,8,1,0,0,1,1,1,3,4,2,1,0
12,121670,1,1,1,23,9,1,14,1,0,1,0,12,2,72,706,72706,80,2002,1HD1BJY102Y0,1,H,D,1,B,J,Y,1,0,2,Y,0,0,M,HD,STC,RS,2,17,,,,,,,1450,,2,,4,696,,,,,,,0,0,000000000,00000000000,0,0,0,1,0,0,0,0,0,0,0,66,0,0,0,0,6,2,3,0,0,0,1,12,32132,1,1,0,0,2,0,70,999,0,10,0,2,2,4,2010,9,2012,0,6,0,0,0,3,2,55,3,1,8,1,0,0,14,13,1,1,4,1,1,1
12,121671,1,2,1,25,9,22,13,12,1,1,0,12,1,22,20,22020,4,2000,1G2WP52K9YF2,1,G,2,W,P,5,2,K,9,Y,F,2,0,P,PONT,GPG,4D,0,17,3455,,0,1105,,G,,F,6,231,,,16R225,,,,,,0,0,000000000,00000000000,0,0,0,1,0,0,0,0,0,0,0,45,0,1,5,12,6,2,1,0,0,0,1,12,33624,6,1,0,0,3,3,71,999,0,0,0,0,0,0,0,0,0,0,6,0,0,0,3,2,45,1,1,8,1,3,3,1,51,1,1,1,24,1,0
12,121671,2,2,1,25,9,22,13,12,1,1,0,12,2,2,404,2404,14,1996,1J4FX58S4TC1,1,J,4,F,X,5,8,S,4,T,C,1,0,T,JEEP,LRO,4W,96,17,,1,0,1059,GCK,G,,,6,242,,,,,3510,00,E,42,0,0,000000000,00000000000,0,0,0,1,0,0,0,0,0,0,0,20,0,0,0,6,6,2,12,0,0,0,1,12,33603,6,1,0,0,3,0,66,999,0,0,0,0,0,0,0,0,0,0,0,0,0,0,3,2,45,1,1,8,1,3,3,3,53,1,1,1,25,0,0
12,121672,1,1,1,27,9,21,35,8,0,1,1,99,9,22,16,22016,2,2000,1G2JB1246Y74,1,G,2,J,B,1,2,4,6,Y,7,4,0,P,PONT,SFS,CP,0,17,2606,,0,1041,,G,,F,4,133,,,14R195,,,,,,0,0,000000000,00000000000,0,0,0,1,0,0,0,0,0,0,0,55,0,0,0,12,4,1,8,0,0,0,1,99,99999,9,9,99,9,9,9,999,999,99,99,99,99,99,99,9999,99,9999,0,0,0,0,0,1,2,55,1,3,8,1,0,0,99,80,99,1,1,13,0,0
12,121673,1,1,1,29,9,11,26,9,0,1,1,99,9,99,999,99999,99,9999,999999999999,9,9,9,9,9,9,9,9,9,9,9,9,0,,,,,,,,,,,,,,,,,,,,,,,,,0,0,000000000,00000000000,0,0,0,1,0,0,0,0,0,0,0,25,0,0,0,12,4,1,9,0,0,0,1,99,99999,9,9,99,9,9,9,999,999,99,99,99,99,99,99,9999,99,9999,0,39,0,0,0,1,2,25,1,1,8,1,0,0,1,83,99,1,1,13,0,0
12,121674,1,1,1,30,9,0,45,8,0,1,1,99,9,99,999,99999,99,9999,999999999999,9,9,9,9,9,9,9,9,9,9,9,9,0,,,,,,,,,,,,,,,,,,,,,,,,,0,0,000000000,00000000000,0,0,0,1,0,0,0,0,0,0,0,998,0,0,0,12,9,1,8,0,0,0,1,99,99999,9,9,99,9,9,9,999,999,99,99,99,99,99,99,9999,99,9999,0,0,0,0,0,2,2,45,8,8,8,1,0,0,99,83,99,1,1,13,0,0
12,121675,1,4,1,1,10,11,50,12,7,1,0,12,1,12,23,12023,4,2008,3FAHP07Z68R1,3,F,A,H,P,0,7,Z,6,8,R,1,0,P,FORD,F/E,4D,8,17,3181,,0,1074,,G,,F,4,140,,,16R205,,,,,,0,0,000000000,00000000000,0,0,0,1,0,0,0,0,0,0,0,45,0,0,0,9,6,2,12,0,0,0,1,12,34489,6,1,0,0,3,0,62,999,0,0,0,0,0,0,0,0,0,0,6,0,0,0,1,3,55,2,1,8,1,0,0,15,10,1,1,2,47,0,0
12,121675,2,4,3,1,10,11,50,12,7,1,0,12,2,7,442,7442,20,1999,2B4GP44G2XR2,2,B,4,G,P,4,4,G,2,X,R,2,0,T,DODG,GSS,ES,99,17,,1,0,1193,CAR,F,,,6,201,,,,,3856,00,E,42,0,0,000000000,00000000000,0,0,0,1,0,0,0,0,0,0,0,55,0,0,0,3,6,2,12,0,0,0,1,12,34488,6,1,0,0,3,0,74,999,0,0,0,0,0,0,0,0,0,0,0,0,0,0,1,3,55,2,1,8,1,0,0,14,61,1,1,1,45,1,0
12,121675,3,4,1,1,10,11,50,12,7,1,0,18,3,51,881,51881,66,2002,4V4NC9TH32N3,4,V,4,N,C,9,T,H,3,2,N,3,0,T,VOLV,VNL,TR,2,17,,8,0,0,VVN,D,,,6,915,,,,,00000,00,,64,0,4,85043,0485043,3,5,96,1,0,0,0,0,0,0,0,60,0,1,5,12,6,2,12,0,0,0,1,12,32164,6,1,6,0,3,3,73,999,0,0,0,0,0,0,0,0,0,0,0,0,0,0,1,3,55,3,1,8,1,0,0,14,62,1,1,1,98,0,0
12,121675,4,4,1,1,10,11,50,12,7,1,0,12,3,20,461,20461,21,2006,1GCFG15X7612,1,G,C,F,G,1,5,X,7,6,1,2,0,T,CHEV,E15,CG,6,17,,2,0,1350,EXP,G,,,6,262,,,,B,4894,00,,42,0,0,000000000,00000000000,0,0,0,1,0,0,0,0,0,0,0,55,0,0,0,12,6,2,12,0,0,0,1,12,32092,6,1,0,0,3,3,76,999,0,0,0,0,0,0,0,0,0,0,0,0,0,0,1,3,55,2,1,8,1,0,0,14,51,1,1,1,98,0,0
12,121676,1,1,1,2,10,18,43,30,0,1,0,12,2,12,21,12021,4,2007,1FAFP24137G1,1,F,A,F,P,2,4,1,3,7,G,1,0,P,FORD,5SL,4D,7,17,3649,,0,1129,,G,,F,6,183,,,17R215,,,,,,0,0,000000000,00000000000,0,0,0,1,0,0,0,0,0,0,0,65,0,1,5,12,6,2,1,0,0,1,1,12,32784,6,1,0,0,3,3,65,999,0,0,0,0,0,0,0,0,0,0,51,0,0,0,1,2,55,3,1,8,1,0,0,14,13,1,1,4,1,1,0
12,121677,1,2,1,2,10,16,56,12,1,1,0,12,1,12,441,12441,20,1992,1FMDA31X1NZB,1,F,M,D,A,3,1,X,1,N,Z,B,0,T,FORD,ARO,ES,92,17,,1,0,1190,ARO,G,,,6,245,,,,B,3580,03,M,42,0,0,000000000,00000000000,0,0,0,1,0,0,0,0,0,0,0,55,0,0,0,12,6,2,12,0,0,0,1,12,32680,6,1,0,0,3,0,72,999,0,0,0,0,0,0,0,0,0,0,6,0,0,0,1,2,60,1,1,8,1,0,0,1,52,1,1,1,28,0,0
12,121677,2,2,2,2,10,16,56,12,1,1,0,12,1,48,34,48034,6,1993,4S3BJ6332P99,4,S,3,B,J,6,3,3,2,P,9,9,0,P,SUBA,LGL,SW,93,17,2895,,0,1016,,G,,F,4,135,,,14R175,,,,,,0,0,000000000,00000000000,0,0,0,1,0,0,0,0,0,0,0,998,0,0,0,6,6,2,12,0,0,0,1,12,32680,6,1,0,0,3,3,62,999,0,0,0,0,0,0,0,0,0,0,0,0,0,0,1,2,60,1,1,8,1,0,0,2,53,1,1,1,29,1,1
12,121678,1,2,1,5,10,17,50,30,0,1,0,12,2,23,401,23401,14,2002,1GKES16S1261,1,G,K,E,S,1,6,S,1,2,6,1,0,T,GMC,EXL,4W,2,17,,2,0,1290,ENV,G,,,6,256,,,,B,4836,00,K,42,0,0,000000000,00000000000,0,0,0,1,0,0,0,0,0,0,0,35,0,1,1,12,6,2,1,0,0,0,1,12,32828,6,1,0,0,3,0,67,999,0,0,0,0,0,0,0,0,0,1,6,0,0,0,6,2,25,2,5,8,2,0,0,14,13,1,1,4,1,1,0
12,121678,2,2,1,5,10,17,50,30,0,1,0,12,1,22,2,22002,4,1995,1G2HX52KXS42,1,G,2,H,X,5,2,K,X,S,4,2,0,P,PONT,BVS,4D,95,17,3446,,0,1108,,G,,F,6,231,,,15R215,,,,,,0,0,000000000,00000000000,0,0,0,1,0,0,0,0,0,0,0,65,0,0,0,13,6,2,12,0,0,0,1,12,34743,6,1,0,0,3,3,63,999,0,0,0,0,0,0,0,0,0,0,0,0,0,0,2,2,65,1,1,8,2,0,0,1,98,1,1,1,98,0,0
12,121679,1,1,2,7,10,1,30,42,0,1,0,12,2,20,2,20002,4,2001,2G1WF52K2191,2,G,1,W,F,5,2,K,2,1,9,1,0,P,CHEV,IMP,4D,1,17,3389,,0,1105,,G,,F,6,231,,,16R225,,,,,,0,0,000000000,00000000000,0,0,0,1,0,0,0,0,0,0,0,55,0,0,0,3,6,2,42,0,0,0,1,12,32506,2,1,0,0,2,0,69,999,0,3,0,0,0,10,2011,7,2012,1,6,58,0,0,1,2,55,3,1,8,1,0,0,14,12,1,1,4,6,2,1
12,121680,1,1,1,8,10,12,10,1,0,1,0,12,1,63,402,63402,14,2006,KNDJD7339656,K,N,D,J,D,7,3,3,9,6,5,6,0,P,KIA,SOR,UT,6,17,4112,,0,1067,,G,,F,6,213,,,16R245,,,,,,0,0,000000000,00000000000,0,0,0,1,0,0,0,0,0,0,0,48,0,1,5,0,6,2,1,0,0,0,1,12,32323,6,1,0,0,3,0,62,999,0,0,0,0,0,0,0,0,0,0,6,0,0,0,1,2,60,1,1,8,1,0,0,1,13,6,3,4,2,1,0
12,121681,1,2,1,26,9,20,46,12,6,1,0,12,2,53,706,53706,80,2007,JS1GT77A3721,J,S,1,G,T,7,7,A,3,7,2,1,0,M,SUZI,XR1,RC,7,17,,,,,,,999,,4,,4,379,,,,,,,0,0,000000000,00000000000,0,0,0,1,0,0,0,0,0,0,0,60,0,0,0,12,6,2,12,0,0,0,1,12,33605,6,1,0,0,3,0,66,999,0,0,0,1,0,4,2010,4,2010,1,0,0,0,0,3,3,45,1,1,8,1,3,3,1,62,9,1,2,69,1,0
12,121681,2,2,2,26,9,20,46,12,6,1,0,12,2,37,402,37402,14,2000,JHLRD1862YC0,J,H,L,R,D,1,8,6,2,Y,C,0,0,P,HOND,CRV,UT,0,17,3245,,0,1032,,G,,F,4,120,,,15R205,,,,,,0,0,000000000,00000000000,0,0,0,1,0,0,0,0,0,0,0,10,0,0,0,3,6,2,12,0,0,0,1,12,33613,6,1,0,0,3,0,62,999,0,0,0,0,0,0,0,0,0,0,38,0,0,0,3,3,45,1,1,8,1,3,3,11,15,1,1,1,68,0,0
12,121682,1,3,4,22,7,17,40,12,6,1,0,12,2,30,47,30047,3,1998,3VWBB61C4WM0,3,V,W,B,B,6,1,C,4,W,M,0,0,P,VOLK,NBT,2H,98,17,2723,,0,989,,G,,F,4,121,,,16R205,,,,,,0,0,000000000,00000000000,0,0,0,1,0,0,0,0,0,0,0,55,0,0,0,3,6,2,12,0,0,0,1,12,33614,6,1,0,0,3,3,62,999,0,0,0,0,0,0,0,0,0,0,36,0,0,0,1,2,55,1,1,8,2,0,0,6,54,7,1,2,64,3,0
12,121682,2,3,1,22,7,17,40,12,6,1,0,12,1,12,13,12013,3,1995,1FASP11J5SW2,1,F,A,S,P,1,1,J,5,S,W,2,0,P,FORD,EST,2H,95,17,2355,,0,984,,G,,F,4,113,,,14R175,,,,,,0,0,000000000,00000000000,0,0,0,1,0,0,0,0,0,0,0,55,0,0,0,12,6,2,12,0,0,0,1,12,34669,6,1,6,0,3,0,72,999,0,0,0,0,0,0,0,0,0,0,0,0,0,0,1,2,55,1,1,8,2,0,0,1,54,1,1,1,65,1,0
12,121682,3,3,4,22,7,17,40,12,6,1,0,12,2,49,32,49032,4,2004,2T1BR32E94C2,2,T,1,B,R,3,2,E,9,4,C,2,0,P,TOYT,UCS,4D,4,17,2502,,0,1024,,G,,F,4,109,,,15R185,,,,,,0,0,000000000,00000000000,0,0,0,1,0,0,0,0,0,0,0,50,0,0,0,11,4,8,12,0,0,0,1,12,33614,6,1,0,0,3,0,62,999,0,0,0,0,0,0,0,0,0,0,0,0,0,0,1,2,55,1,1,8,2,0,0,1,61,1,1,1,98,0,0
12,121683,1,1,1,19,8,17,20,1,0,1,0,12,1,72,706,72706,80,2011,1HD1KBM15BB6,1,H,D,1,K,B,M,1,5,B,B,6,0,M,HD,FHX,RS,11,17,,,,,,,1690,,2,,4,785,,,,,,,0,0,000000000,00000000000,0,0,0,1,0,0,0,0,0,0,0,75,0,0,0,0,6,2,1,0,0,0,1,12,34990,3,1,0,0,2,3,67,999,0,0,0,0,0,0,0,0,0,0,0,0,0,0,3,3,70,3,1,8,1,0,0,14,13,1,1,4,1,1,1
12,121684,1,2,2,12,9,23,59,12,6,1,0,12,1,49,472,49472,30,2005,5TETX22N75Z1,5,T,E,T,X,2,2,N,7,5,Z,1,0,T,TOYT,ACC,PC,5,17,,1,0,1219,TAC,G,,,4,164,,,,B,3425,00,U,42,0,0,000000000,00000000000,0,0,0,1,0,0,0,0,0,0,0,10,0,0,0,1,6,2,12,0,0,0,1,12,33179,6,1,0,0,3,3,67,999,0,0,0,0,0,0,0,0,0,0,38,48,0,0,2,2,40,1,1,8,1,0,0,11,10,1,1,1,68,0,0
12,121684,2,2,1,12,9,23,59,12,6,1,0,12,1,53,705,53705,80,2002,JS1GR7HA0221,J,S,1,G,R,7,H,A,0,2,2,1,0,M,SUZI,SX7,RC,2,17,,,,,,,749,,4,,4,365,,,,,,,0,0,000000000,00000000000,0,0,0,1,0,0,0,0,0,0,0,40,0,0,0,12,6,2,12,0,0,0,1,12,33023,6,1,0,0,3,0,67,999,0,0,0,0,0,0,0,0,0,0,0,0,0,0,2,2,40,1,1,8,1,0,0,1,62,1,1,1,69,1,0
12,121685,1,1,1,27,9,20,26,53,0,1,0,12,1,72,706,72706,80,2012,1HD1HHH15CC8,1,H,D,1,H,H,H,1,5,C,C,8,0,M,HD,VNS,RS,12,17,,,,,,,1250,,2,,4,637,,,,,,,0,0,000000000,00000000000,0,0,0,1,0,0,0,0,0,0,0,65,0,0,0,3,6,2,53,0,0,0,1,12,34240,6,1,0,0,3,0,71,999,0,0,0,0,0,0,0,0,0,0,0,0,0,0,1,2,35,2,1,8,1,0,0,14,12,1,1,4,6,1,1
12,121686,1,1,1,1,10,18,57,59,0,1,0,12,3,52,498,52498,31,1998,JW6AAC1H1WL0,J,W,6,A,A,C,1,H,1,W,L,0,0,T,MIFU,639,TB,98,17,,3,1480,1083,FE6,D,,,4,238,,,,,00000,00,,42,0,0,000000000,00000000000,0,0,0,1,0,0,0,0,0,0,0,35,0,0,0,98,6,2,42,0,0,0,1,12,33186,6,1,0,0,3,0,71,999,0,19,0,0,0,8,2011,7,2012,0,79,0,0,0,4,3,35,1,1,8,1,0,0,1,9,99,1,4,6,1,0
12,121687,1,3,1,4,10,16,33,12,1,1,0,12,2,35,481,35481,31,2008,1N6AA07D78N3,1,N,6,A,A,0,7,D,7,8,N,3,0,T,NISS,TXS,CW,8,17,,2,0,1398,TTN,G,,,8,342,,,,B,4900,00,4,42,0,0,000000000,00000000000,0,0,0,1,0,0,0,0,0,0,0,60,0,0,0,12,6,2,12,0,0,0,1,12,33830,6,1,0,0,3,0,66,999,0,0,0,1,1,9,2010,1,2011,0,6,0,0,0,1,2,50,1,1,8,1,0,0,1,50,1,1,1,20,0,0
12,121687,2,3,2,4,10,16,33,12,1,1,0,12,2,24,1,24001,4,2001,1G8ZK52781Z3,1,G,8,Z,K,5,2,7,8,1,Z,3,0,P,STRN,SL2,4D,1,17,2426,,0,1024,,G,,F,4,116,,,15R185,,,,,,0,0,000000000,00000000000,0,0,0,1,0,0,0,0,0,0,0,0,0,0,0,6,6,2,12,0,0,0,1,12,34266,6,1,0,0,3,0,64,999,0,0,0,0,0,0,0,0,0,0,0,0,0,0,1,2,50,1,1,8,1,0,0,5,53,1,1,1,22,2,0
12,121687,3,3,3,4,10,16,33,12,1,1,0,12,1,52,39,52039,2,1997,JA3AM44H3VY0,J,A,3,A,M,4,4,H,3,V,Y,0,0,P,MITS,3GT,2H,97,17,3131,,0,972,,G,,F,6,181,,,16R255,,,,,,0,0,000000000,00000000000,0,0,0,1,0,0,0,0,0,0,0,50,0,0,0,12,6,2,12,0,0,0,1,12,34266,6,1,0,0,3,0,71,999,1,0,0,0,0,11,2011,11,2011,0,0,0,0,0,1,2,50,1,1,8,1,0,0,1,62,1,1,1,98,0,0
12,121688,1,2,1,6,10,3,3,12,6,1,0,12,1,35,47,35047,4,1999,1N4DL01D0XC1,1,N,4,D,L,0,1,D,0,X,C,1,0,P,NISS,AGS,4D,99,17,2762,,0,1031,,G,,F,4,146,,,15R195,,,,,,0,0,000000000,00000000000,0,0,0,1,0,0,0,0,0,0,0,65,0,0,0,12,6,2,12,0,0,0,1,12,33763,6,1,0,0,3,3,69,999,0,0,0,0,0,0,0,0,0,0,39,0,0,0,3,4,55,1,1,8,1,3,3,1,17,1,1,1,98,0,1
12,121688,2,2,1,6,10,3,3,12,6,1,0,12,1,35,402,35402,14,2005,5N1AN08U45C6,5,N,1,A,N,0,8,U,4,5,C,6,0,P,NISS,XTR,UT,5,17,5200,,0,1063,,G,,F,6,244,,,16R265,,,,,,0,0,000000000,00000000000,0,0,0,1,0,0,0,0,0,0,0,25,0,1,5,83,6,2,12,0,0,0,1,12,33763,6,1,0,0,3,3,73,999,1,0,0,0,1,12,2009,12,2009,0,0,0,0,0,3,4,55,1,1,8,1,3,3,12,98,1,1,1,98,1,1
12,121689,1,2,1,10,10,7,41,12,1,1,0,1,3,23,481,23481,31,2008,2GTEC13J2811,2,G,T,E,C,1,3,J,2,8,1,1,0,T,GMC,SC1,CW,8,17,,2,0,1435,SIE,G,,,8,323,,,,B,5148,00,4,42,0,0,000000000,00000000000,0,0,0,1,0,0,0,0,0,0,0,50,0,0,0,12,6,2,12,0,0,0,1,1,36426,6,1,0,0,3,0,70,220,0,0,0,0,0,0,0,0,0,0,6,0,0,0,5,4,35,1,1,8,1,0,0,1,50,1,1,1,20,0,0
12,121689,2,2,1,10,10,7,41,12,1,1,0,1,2,20,481,20481,31,2001,1GCEC14W81Z1,1,G,C,E,C,1,4,W,8,1,Z,1,0,T,CHEV,SC1,PK,1,17,,2,1330,1190,SIL,G,,,6,262,,,,B,4135,00,,42,0,0,000000000,00000000000,0,0,0,1,0,0,0,0,0,0,0,0,0,0,0,6,6,2,12,0,0,0,1,1,32535,1,1,0,0,2,0,64,260,0,2,0,0,0,4,2010,7,2012,0,0,0,0,0,5,4,35,1,1,8,1,0,0,5,53,1,1,1,21,1,0
12,121690,1,2,1,17,7,13,2,12,6,1,0,12,1,6,52,6052,1,2003,3C4FY48B53T5,3,C,4,F,Y,4,8,B,5,3,T,5,0,P,CHRY,PTC,SV,3,17,3049,,0,1030,,G,,F,4,148,,,15R195,,,,,,0,0,000000000,00000000000,0,0,0,1,0,0,0,0,0,0,0,5,0,0,0,9,6,2,12,0,0,0,1,12,32132,6,1,0,0,3,3,71,999,0,0,0,1,1,6,2010,6,2010,0,39,0,0,0,1,2,25,1,1,8,1,20,3,1,17,1,1,1,89,1,1
12,121690,2,2,1,17,7,13,2,12,6,1,0,12,1,2,404,2404,14,2001,1J4GX48S71C6,1,J,4,G,X,4,8,S,7,1,C,6,0,T,JEEP,LRO,4W,1,17,,1,0,1059,GCK,G,,,6,244,,,,,3675,01,E,42,0,0,000000000,00000000000,0,0,0,1,0,0,0,0,0,0,0,45,0,0,0,12,6,2,12,0,0,0,1,12,32169,6,1,0,0,3,3,70,999,0,0,0,0,0,0,0,0,0,0,0,0,0,0,3,2,45,1,1,8,1,0,0,1,66,1,1,1,88,0,0
12,121691,1,1,1,20,7,23,28,33,0,1,0,12,1,76,705,76705,80,2007,JYARJ12E57A0,J,Y,A,R,J,1,2,E,5,7,A,0,0,M,YAMA,R6L,RC,7,17,,,,,,,599,,4,,4,357,,,,,,,0,0,000000000,00000000000,0,0,0,1,0,0,0,0,0,0,0,45,0,0,0,12,6,2,33,0,0,0,1,12,34667,6,1,0,0,3,0,67,999,0,0,0,2,0,6,2010,6,2011,0,0,0,0,0,2,3,45,1,1,8,1,0,0,1,13,1,1,4,1,1,1
12,121692,1,1,1,28,7,22,52,8,0,1,0,12,1,7,26,7026,4,2008,1B3LC46K18N6,1,B,3,L,C,4,6,K,1,8,N,6,0,P,DODG,AVN,4D,8,17,3355,,0,1089,,G,,F,4,144,,,16R215,,,,,,0,0,000000000,00000000000,0,0,0,1,0,0,0,0,0,0,0,40,0,0,0,12,4,1,8,0,0,0,1,12,34668,6,1,0,0,3,3,66,999,0,0,0,0,0,0,0,0,0,0,0,0,0,0,2,3,45,1,1,8,1,0,0,1,80,1,1,1,13,0,0
12,121693,1,2,2,15,8,19,37,12,6,1,0,99,9,76,739,76739,90,9999,999999999999,9,9,9,9,9,9,9,9,9,9,9,9,0,,,,,,,,,,,,,,,,,,,,,,,,,0,0,000000000,00000000000,0,0,0,1,0,0,0,0,0,0,0,999,0,0,0,12,6,2,12,0,0,0,1,12,33142,0,0,0,0,0,0,67,999,0,0,0,0,0,0,0,0,0,0,6,0,0,0,2,2,99,8,1,8,1,20,3,1,17,1,1,1,88,2,0
12,121693,2,2,3,15,8,19,37,12,6,1,0,12,1,49,40,49040,4,2008,4T1BE46K48U2,4,T,1,B,E,4,6,K,4,8,U,2,0,P,TOYT,XSL,4D,8,17,3263,,0,1093,,G,,F,4,146,,,16R215,,,,,,0,0,000000000,00000000000,0,0,0,1,0,0,0,0,0,0,0,999,0,0,0,9,6,2,12,0,0,0,1,12,33142,6,1,0,0,3,0,60,999,0,0,0,0,0,0,0,0,0,0,0,0,0,0,2,2,35,1,1,8,1,20,3,1,66,1,1,1,89,0,0
12,121694,1,2,2,16,8,10,11,12,6,1,0,12,3,55,33,55033,4,2013,5NPEB4AC5DH5,5,N,P,E,B,4,A,C,5,D,H,5,0,P,HYUN,SGL,4D,13,17,3199,,0,0,,G,,F,4,144,,,000000,,,,,,0,0,000000000,00000000000,0,0,0,1,0,0,0,0,0,0,0,15,0,0,0,9,6,2,12,0,0,0,1,12,32459,6,1,0,0,3,3,72,999,0,0,0,1,1,10,2009,9,2010,0,6,38,0,0,3,2,25,1,1,8,1,20,3,11,15,1,1,1,68,0,0
12,121694,2,2,1,16,8,10,11,12,6,1,0,12,1,76,706,76706,80,2001,JYARN05E21A0,J,Y,A,R,N,0,5,E,2,1,A,0,0,M,YAMA,YFR,RC,1,17,,,,,,,998,,4,,4,385,,,,,,,0,0,000000000,00000000000,0,0,0,1,0,0,0,0,0,0,0,999,0,0,0,12,6,2,12,0,0,0,1,12,33301,1,1,0,0,2,0,74,999,0,3,0,0,0,10,2010,7,2011,0,0,0,0,0,3,3,45,1,1,8,1,0,0,1,67,1,1,1,69,1,0
12,121695,1,2,1,17,8,9,22,12,6,1,0,12,1,49,45,49045,4,2000,JTDBT1238Y00,J,T,D,B,T,1,2,3,8,Y,0,0,0,P,TOYT,ECH,4D,0,17,2030,,0,934,,G,,F,4,091,,,14R175,,,,,,0,0,000000000,00000000000,0,0,0,1,0,0,0,0,0,0,0,15,0,0,0,12,6,2,12,0,0,0,1,12,33914,6,1,0,0,3,3,61,999,0,0,0,0,0,0,0,0,0,0,38,0,0,0,1,2,50,1,1,8,1,20,3,11,15,1,1,1,68,0,0
12,121695,2,2,1,17,8,9,22,12,6,1,0,12,1,72,706,72706,80,1997,1HD1GGL10VY3,1,H,D,1,G,G,L,1,0,V,Y,3,0,M,HD,FDS,RS,97,17,,,,,,,1340,,2,,4,621,,,,,,,0,0,000000000,00000000000,0,0,0,1,0,0,0,0,0,0,0,40,0,0,0,3,6,2,12,0,0,0,1,12,33913,6,1,0,0,3,3,71,999,0,0,0,0,0,0,0,0,0,0,0,0,0,0,1,2,45,1,1,8,1,0,0,1,67,1,1,1,69,1,0
12,121696,1,1,1,17,8,19,26,24,0,1,0,12,1,13,1,13001,4,1998,1LNFM81W9WY7,1,L,N,F,M,8,1,W,9,W,Y,7,0,P,LINC,EXC,4D,98,17,3860,,0,1177,,G,,F,8,281,,,16R225,,,,,,0,0,000000000,00000000000,0,0,0,1,0,0,0,0,0,0,0,999,0,0,0,12,6,2,3,0,0,0,1,12,33162,6,1,0,0,3,0,68,999,0,0,0,0,0,0,0,0,0,0,0,0,0,0,2,2,35,2,1,8,2,28,3,14,13,1,1,4,1,1,0
12,121697,1,2,2,23,8,19,14,12,6,1,0,12,1,12,32,12032,4,2011,3FADP4CJ5BM2,3,F,A,D,P,4,C,J,5,B,M,2,0,P,FORD,FLS,4D,11,17,2537,,0,980,,G,,F,4,098,,,16R195,,,,,,0,0,000000000,00000000000,0,0,0,1,0,0,0,0,0,0,0,20,0,0,0,11,6,2,12,0,0,0,1,12,33525,6,1,0,0,3,3,72,999,0,0,0,0,0,0,0,0,0,0,38,0,0,0,2,2,55,1,1,8,1,20,3,11,15,1,1,1,68,1,0