STATE,ST_CASE,VEH_NO,VE_FORMS,NUMOCCS,DAY,MONTH,HOUR,MINUTE,HARM_EV,MAN_COLL,UNITTYPE,HIT_RUN,REG_STAT,OWNER,MAKE,MODEL,MAK_MOD,BODY_TYP,MOD_YEAR,VIN,VIN_1,VIN_2,VIN_3,VIN_4,VIN_5,VIN_6,VIN_7,VIN_8,VIN_9,VIN_10,VIN_11,VIN_12,TOW_VEH,VINTYPE,VINMAKE,VINA_MOD,VIN_BT,VINMODYR,VIN_LNGT,VIN_WGT,WGTCD_TR,WHLBS_LG,WHLBS_SH,SER_TR,FUELCODE,MCYCL_DS,CARBUR,CYLINDER,DISPLACE,MCYCL_CY,MCYCL_WT,TIRE_SZE,TON_RAT,TRK_WT,TRKWTVAR,VIN_REST,WHLDRWHL,J_KNIFE,MCARR_I1,MCARR_I2,MCARR_ID,GVWR,V_CONFIG,CARGO_BT,HAZ_INV,HAZ_PLAC,HAZ_ID,HAZ_CNO,HAZ_REL,BUS_USE,SPEC_USE,EMER_USE,TRAV_SP,UNDERIDE,ROLLOVER,ROLINLOC,IMPACT1,DEFORMED,TOWED,M_HARM,VEH_SC1,VEH_SC2,FIRE_EXP,DR_PRES,L_STATE,DR_ZIP,L_STATUS,L_TYPE,CDL_STAT,L_ENDORS,L_COMPL,L_RESTRI,DR_HGT,DR_WGT,PREV_ACC,PREV_SUS,PREV_DWI,PREV_SPD,PREV_OTH,FIRST_MO,FIRST_YR,LAST_MO,LAST_YR,SPEEDREL,DR_SF1,DR_SF2,DR_SF3,DR_SF4,VTRAFWAY,VNUM_LAN,VSPD_LIM,VALIGN,VPROFILE,VPAVETYP,VSURCOND,VTRAFCON,VTCONT_F,P_CRASH1,P_CRASH2,P_CRASH3,PCRASH4,PCRASH5,ACC_TYPE,DEATHS,DR_DRINK
12,121697,2,2,1,23,8,19,14,12,6,1,0,12,2,24,3,24003,6,2001,1G8ZN82751Z2,1,G,8,Z,N,8,2,7,5,1,Z,2,0,P,STRN,SW2,SW,1,17,2479,,0,1024,,G,,F,4,116,,,15R185,,,,,,0,0,000000000,00000000000,0,0,0,1,0,0,0,0,0,0,0,50,0,0,0,12,6,2,12,0,0,0,1,12,33525,6,1,0,0,3,0,64,999,0,0,0,0,0,0,0,0,0,0,0,0,0,0,3,2,55,1,1,8,1,0,0,1,67,1,1,1,69,0,0
12,121698,1,1,1,27,8,1,34,42,0,1,0,12,1,20,37,20037,4,2012,1G1ZC5E09CF1,1,G,1,Z,C,5,E,0,9,C,F,1,0,P,CHEV,ML1,4D,12,17,3436,,0,1123,,G,,F,4,146,,,17R215,,,,,,0,0,000000000,00000000000,0,0,0,1,0,0,0,0,0,0,0,60,0,0,0,12,6,2,42,0,0,0,1,12,33166,6,1,0,0,3,0,67,999,0,0,0,1,0,8,2010,8,2010,0,6,0,0,0,2,3,40,1,1,8,2,0,0,1,12,1,1,4,6,1,1
12,121699,1,1,1,14,9,0,25,1,0,1,0,12,1,72,706,72706,80,2008,1HD1FC4138Y6,1,H,D,1,F,C,4,1,3,8,Y,6,0,M,HD,FLU,RS,8,17,,,,,,,1584,,2,,4,851,,,,,,,0,0,000000000,00000000000,0,0,0,1,0,0,0,0,0,0,0,65,0,0,0,0,6,2,1,0,0,0,1,12,32164,6,1,6,0,3,0,72,999,0,0,0,0,0,0,0,0,0,1,6,0,0,0,2,2,55,1,1,8,1,0,0,1,12,7,3,4,7,1,1
12,121700,1,2,2,22,9,20,14,12,2,1,0,12,2,2,1,2001,6,2012,1C4NJCEA8CD6,1,C,4,N,J,C,E,A,8,C,D,6,0,T,JEEP,PLU,4W,12,17,,1,0,1037,CMP,G,,,4,122,,,,,3082,00,W,42,0,0,000000000,00000000000,0,0,0,1,0,0,0,0,0,0,0,25,0,0,0,12,6,2,12,0,0,0,1,12,33810,6,1,0,0,3,0,69,999,0,0,0,0,0,0,0,0,0,0,38,0,0,0,2,2,45,1,1,8,2,3,3,11,15,1,1,1,68,0,0
12,121700,2,2,2,22,9,20,14,12,2,1,0,12,1,49,442,49442,20,2006,5TDZA23C46S4,5,T,D,Z,A,2,3,C,4,6,S,4,0,P,TOYT,SIE,SV,6,17,4120,,0,1193,,G,,F,6,201,,,15R205,,,,,,0,0,000000000,00000000000,0,0,0,1,0,0,0,0,0,0,0,45,0,0,0,12,6,2,12,0,0,0,1,12,33810,6,1,0,0,3,3,70,999,0,0,0,0,0,0,0,0,0,0,0,0,0,0,2,2,45,1,1,8,1,3,3,1,62,1,1,1,69,1,0
12,121701,1,2,1,28,9,17,42,12,1,1,0,12,1,34,709,34709,80,2008,WB10313048ZU,W,B,1,0,3,1,3,0,4,8,Z,U,0,M,BMW,12G,EN,8,17,,,,,,,1170,,2,,4,439,,,,,,,0,0,000000000,00000000000,0,0,0,1,0,0,0,0,0,0,0,45,0,0,0,12,6,2,12,0,0,0,1,12,33180,6,1,0,0,3,0,70,999,0,0,0,1,1,1,2010,12,2010,0,6,0,0,0,3,2,35,1,1,8,1,0,0,6,51,1,1,1,24,1,1
12,121701,2,2,1,28,9,17,42,12,1,1,0,12,1,49,43,49043,4,1998,4T1BF18B8WU2,4,T,1,B,F,1,8,B,8,W,U,2,0,P,TOYT,UVS,4D,98,17,3340,,0,1071,,G,,F,6,183,,,15R205,,,,,,0,0,000000000,00000000000,0,0,0,1,0,0,0,0,0,0,0,35,0,0,0,6,2,3,12,0,0,0,1,12,33021,6,1,0,0,3,3,65,999,1,0,0,0,0,5,2011,5,2011,0,0,0,0,0,3,2,35,1,1,8,1,0,0,1,53,1,1,1,25,0,0
12,121702,1,1,1,28,9,22,46,32,0,1,0,12,1,49,482,49482,31,2004,5TBJN32164S4,5,T,B,J,N,3,2,1,6,4,S,4,0,T,TOYT,TUN,PK,4,17,,1,0,1283,TUN,G,,,6,206,,,,C,3925,00,U,42,0,0,000000000,00000000000,0,0,0,1,0,0,0,0,0,0,0,55,0,1,5,12,6,2,32,0,0,0,1,12,34461,6,1,0,0,3,0,70,999,1,0,0,0,1,2,2012,2,2012,0,0,0,0,0,1,2,55,1,5,8,1,0,0,1,12,1,1,4,6,1,0
12,121703,1,1,1,1,10,2,25,8,0,1,0,12,1,14,6,14006,4,1994,2MELM75W5RX6,2,M,E,L,M,7,5,W,5,R,X,6,0,P,MERC,MGL,4D,94,17,3796,,0,1144,,G,,F,8,281,,,15R215,,,,,,0,0,000000000,00000000000,0,0,0,1,0,0,0,0,0,0,0,55,0,0,0,12,4,3,8,0,0,0,1,12,33860,6,1,0,0,3,0,65,999,0,2,0,0,0,12,2010,2,2012,0,0,0,0,0,2,2,65,1,1,8,1,0,0,1,80,1,1,1,13,0,0
12,121704,1,1,1,1,10,23,4,8,0,1,0,12,2,12,422,12422,15,2001,1FMFU18L21LA,1,F,M,F,U,1,8,L,2,1,L,A,0,P,FORD,EPT,UT,1,17,5417,,0,1191,,G,,F,8,330,,,17R265,,,,,,0,0,000000000,00000000000,0,0,0,1,0,0,0,0,0,0,0,45,0,0,0,12,4,3,8,0,0,0,1,12,34219,6,1,0,0,3,0,73,999,0,0,0,0,0,0,0,0,0,0,0,0,0,0,2,2,45,1,1,8,2,3,3,1,80,1,1,1,13,0,0
12,121705,1,1,1,1,10,2,8,43,0,1,0,12,1,2,403,2403,14,2003,1J4FA39S63P3,1,J,4,F,A,3,9,S,6,3,P,3,0,T,JEEP,WXC,2W,3,17,,1,0,934,WRA,G,,,6,244,,,,,3320,00,E,44,0,0,000000000,00000000000,0,0,0,1,0,0,0,0,0,0,0,50,0,0,0,12,6,2,19,0,0,0,1,12,32080,6,1,0,0,3,3,70,999,0,0,0,3,0,2,2010,3,2012,0,6,0,0,0,1,2,25,1,1,8,1,0,0,1,12,1,1,4,6,1,1
12,121706,1,2,2,3,10,0,57,12,9,1,0,13,1,20,481,20481,31,2005,2GCEC13T4511,2,G,C,E,C,1,3,T,4,5,1,1,0,T,CHEV,SC1,CW,5,17,,2,0,1435,SIL,G,,,8,323,,,,B,4986,00,,42,0,0,000000000,00000000000,0,0,0,1,0,0,0,0,0,0,0,48,0,0,0,1,6,2,12,0,0,0,1,13,31551,6,1,0,0,3,0,69,156,98,0,0,0,1,2,2010,2,2010,0,6,0,0,0,2,2,55,1,1,8,1,3,3,1,50,6,2,1,48,1,0
12,121706,2,2,1,3,10,0,57,12,9,1,0,19,3,84,881,84881,66,2011,3HSCUAPR4BN3,3,H,S,C,U,A,P,R,4,B,N,3,1,T,INTL,PPR,TR,11,17,,8,0,0,PRO,D,,,6,915,,,,,00000,00,,64,1,19,134697,19134697,3,6,1,1,0,0,0,0,0,0,0,0,0,0,0,6,4,3,12,0,0,0,1,12,34654,6,1,6,3,3,3,70,999,0,0,0,0,0,0,0,0,0,0,0,0,0,0,2,2,55,1,1,8,1,3,3,5,53,1,1,1,48,0,0
12,121707,1,1,1,4,10,14,30,30,0,1,0,12,1,42,42,42042,4,2008,WDDGF54X38F0,W,D,D,G,F,5,4,X,3,8,F,0,0,P,MERZ,C30,4D,8,17,3527,,0,1087,,G,,F,6,183,,,17R225,,,,,,0,0,000000000,00000000000,0,0,0,1,0,0,0,0,0,0,0,54,0,0,0,8,6,2,42,0,0,0,1,12,32225,6,1,0,0,3,0,69,999,0,0,0,0,0,0,0,0,0,0,6,87,0,0,3,3,65,1,6,8,2,0,0,1,5,1,3,4,2,1,0
12,121708,1,2,2,7,10,2,38,12,2,1,0,12,2,41,37,41037,4,2000,1YVGF22D8Y51,1,Y,V,G,F,2,2,D,8,Y,5,1,0,P,MAZD,U6X,4D,0,17,3023,,0,1051,,G,,F,6,152,,,16R205,,,,,,0,0,000000000,00000000000,0,0,0,1,0,0,0,0,0,0,0,15,0,0,0,12,6,2,12,0,0,0,1,12,34222,0,0,0,0,0,0,999,999,0,0,0,0,0,0,0,0,0,0,38,0,0,0,1,2,40,1,1,8,1,3,3,11,15,1,1,1,68,0,0
12,121708,2,2,3,7,10,2,38,12,2,1,0,12,2,9,20,9020,4,1996,1P3ES47C3TD5,1,P,3,E,S,4,7,C,3,T,D,5,0,P,PLYM,NEH,4D,96,17,2443,,0,1040,,G,,F,4,122,,,14R185,,,,,,0,0,000000000,00000000000,0,0,0,1,0,0,0,0,0,0,0,40,0,0,0,12,6,2,12,0,0,0,1,12,33570,6,1,0,0,3,0,62,999,0,0,0,0,0,0,0,0,0,0,0,0,0,0,1,2,40,1,1,8,1,3,3,1,62,1,1,1,69,1,0
12,121709,1,2,2,10,10,12,45,12,6,1,0,12,1,12,4,12004,2,1989,1FAPP6243KH2,1,F,A,P,P,6,2,4,3,K,H,2,0,P,FORD,THL,2D,89,17,3554,,0,1130,,G,,F,6,232,,,15R205,,,,,,0,0,000000000,00000000000,0,0,0,1,0,0,0,0,0,0,0,998,0,0,0,3,6,2,12,0,0,0,1,12,33144,6,1,0,0,3,3,68,999,0,0,0,0,0,0,0,0,0,0,38,0,0,0,3,3,45,1,1,8,1,3,3,11,15,1,1,1,68,1,0
12,121709,2,2,1,10,10,12,45,12,6,1,0,12,2,55,36,55036,4,2011,KMHCN4AC7BU6,K,M,H,C,N,4,A,C,7,B,U,6,0,P,HYUN,ALS,4D,11,17,2365,,0,0,,G,,F,4,098,,,000000,,,,,,0,0,000000000,00000000000,0,0,0,1,0,0,0,0,0,0,0,45,0,0,0,12,6,2,12,0,0,0,1,12,33126,6,1,0,0,3,3,72,999,0,0,0,0,0,0,0,0,0,0,0,0,0,0,3,3,45,1,1,8,1,3,3,1,62,1,1,1,69,0,0
12,121710,1,2,1,10,10,11,40,12,7,1,0,12,1,53,706,53706,80,2001,JS1VS52A2121,J,S,1,V,S,5,2,A,2,1,2,1,0,M,SUZI,VS8,RS,1,17,,,,,,,805,,2,,4,443,,,,,,,0,0,000000000,00000000000,0,0,0,1,0,0,0,0,0,0,0,50,0,0,0,9,6,2,12,0,0,0,1,12,33837,6,1,0,0,3,0,71,999,0,0,0,0,0,0,0,0,0,0,28,0,0,0,6,2,65,2,5,8,1,0,0,14,10,1,1,2,45,1,0
12,121710,2,2,1,10,10,11,40,12,7,1,0,12,3,98,809,98809,66,2010,2FWJA3CK2AAA,2,F,W,J,A,3,C,K,2,A,A,A,1,T,STRG,A90,TR,10,17,,8,0,0,STE,D,,,6,855,,,,,00000,00,,64,1,12,43926,1243926,3,6,1,1,0,0,0,0,0,0,0,50,0,0,0,83,2,8,12,0,0,0,1,12,33803,6,1,6,0,3,0,75,999,0,0,0,0,0,0,0,0,0,0,0,0,0,0,6,2,65,2,5,8,1,0,0,14,61,1,1,1,44,0,0
12,121711,1,2,1,11,10,9,28,12,6,1,0,12,1,37,32,37032,4,2008,JHMCP26488C0,J,H,M,C,P,2,6,4,8,8,C,0,0,P,HOND,LXP,4D,8,17,3281,,0,1102,,G,,F,4,146,,,16R215,,,,,,0,0,000000000,00000000000,0,0,0,1,0,0,0,0,0,0,0,26,0,0,0,9,6,2,12,0,0,0,1,12,32608,6,1,0,0,3,3,60,999,0,0,0,0,0,0,0,0,0,0,38,0,0,0,2,1,25,1,1,8,1,20,3,11,15,1,1,1,82,1,0
12,121711,2,2,1,11,10,9,28,12,6,1,0,12,1,37,441,37441,20,2009,5FNRL38649B0,5,F,N,R,L,3,8,6,4,9,B,0,0,P,HOND,UDY,SV,9,17,4574,,0,1181,,G,,F,6,214,,,16R235,,,,,,0,0,000000000,00000000000,0,0,0,1,0,0,0,0,0,0,0,46,0,0,0,12,6,2,12,0,0,0,1,12,32607,6,1,0,0,3,3,67,999,0,0,0,0,0,0,0,0,0,0,0,0,0,0,2,1,45,1,1,8,1,0,0,1,67,1,1,1,83,0,0
12,121712,1,1,1,11,10,14,13,8,0,1,0,28,3,82,881,82881,66,2012,1FUJGLDR5CLB,1,F,U,J,G,L,D,R,5,C,L,B,1,T,FRHT,125,TR,12,17,,8,0,0,CSC,D,,,6,903,,,,,00000,00,,64,1,28,911405,28911405,3,6,1,1,0,0,0,0,0,0,0,65,0,0,0,12,2,8,8,0,0,0,1,28,38868,6,1,6,0,3,0,70,999,0,0,0,0,0,0,0,0,0,0,6,0,0,0,1,2,65,1,1,8,1,0,0,1,13,1,1,4,13,0,0
12,121713,1,2,1,12,10,2,23,12,2,1,0,12,2,2,404,2404,14,1997,1J4FX58SXVC7,1,J,4,F,X,5,8,S,X,V,C,7,0,T,JEEP,LRT,4W,97,17,,1,0,1059,GCK,G,,,6,242,,,,,3513,02,E,42,0,0,000000000,00000000000,0,0,0,1,0,0,0,0,0,0,0,70,0,0,0,12,6,2,12,0,0,0,1,12,34470,6,1,0,0,3,3,65,999,0,0,0,0,0,0,0,0,0,0,51,0,0,0,3,2,70,3,1,8,1,0,0,14,54,1,1,1,52,0,1
12,121713,2,2,10,12,10,2,23,12,2,1,0,12,1,37,441,37441,20,2005,5FNRL38425B4,5,F,N,R,L,3,8,4,2,5,B,4,0,P,HOND,UDY,SV,5,17,4475,,0,1181,,G,,F,6,212,,,16R225,,,,,,0,0,000000000,00000000000,0,0,0,1,0,0,0,0,0,0,0,70,0,0,0,12,6,2,12,0,0,0,1,12,32217,6,1,0,0,3,0,63,999,0,0,0,0,0,0,0,0,0,0,0,0,0,0,3,2,70,3,1,8,1,0,0,14,54,1,1,1,52,2,0
12,121714,1,2,1,12,10,4,52,12,6,1,0,12,2,53,705,53705,80,2004,JS1GN7CA8421,J,S,1,G,N,7,C,A,8,4,2,1,0,M,SUZI,GSK,RC,4,17,,,,,,,599,,4,,4,354,,,,,,,0,0,000000000,00000000000,0,0,0,1,0,0,0,0,0,0,0,55,0,0,0,12,6,2,12,0,0,0,1,13,31602,1,1,0,0,2,0,67,160,98,1,0,0,2,2,2010,10,2011,1,39,0,0,0,3,3,45,1,1,8,1,3,3,1,67,1,1,1,69,1,0
12,121714,2,2,1,12,10,4,52,12,6,1,0,12,1,23,472,23472,30,2008,1GTCS19E1881,1,G,T,C,S,1,9,E,1,8,8,1,0,T,GMC,CAN,4C,8,17,,1,0,1260,CAN,G,,,5,226,,,,B,3468,01,4,42,0,0,000000000,00000000000,0,0,0,1,0,0,0,0,0,0,0,16,0,0,0,9,6,2,12,0,0,0,1,12,32258,6,1,0,0,3,3,71,999,0,0,0,0,0,0,0,0,0,0,0,0,0,0,4,2,45,1,4,8,1,3,3,11,15,1,1,1,68,0,0
12,121715,1,1,1,13,10,2,28,8,0,1,0,12,2,49,43,49043,4,2001,4T1BF28B61U1,4,T,1,B,F,2,8,B,6,1,U,1,0,P,TOYT,UVS,4D,1,17,3428,,0,1071,,G,,F,6,183,,,15R205,,,,,,0,0,000000000,00000000000,0,0,0,1,0,0,0,0,0,0,0,72,0,0,0,12,6,2,8,0,0,0,1,12,32780,6,1,0,0,3,0,71,999,0,0,0,0,0,0,0,0,0,0,0,0,0,0,3,2,70,1,1,8,1,0,0,1,80,1,1,1,13,0,0
12,121716,1,1,1,30,7,22,11,11,0,1,0,12,1,20,2,20002,4,2008,2G1WB58K3813,2,G,1,W,B,5,8,K,3,8,1,3,0,P,CHEV,IPL,4D,8,17,3555,,0,1105,,F,,F,6,214,,,16R225,,,,,,0,0,000000000,00000000000,0,0,0,1,0,0,0,0,0,0,0,999,0,0,0,12,6,2,11,0,0,0,1,12,33054,6,1,0,0,3,0,72,999,0,1,0,0,0,3,2011,3,2011,1,6,83,0,0,2,3,30,1,1,8,1,28,3,1,87,1,1,1,13,0,0
12,121717,1,1,1,1,8,11,25,9,0,1,0,55,3,84,881,84881,63,2013,3HSDJSJR0DN6,3,H,S,D,J,S,J,R,0,D,N,6,1,T,INTL,PRO,TR,13,17,,8,0,0,PRO,D,,,6,793,,,,,00000,00,,64,1,55,74481,5574481,3,4,1,1,0,0,0,0,0,0,0,10,0,0,0,3,2,1,9,0,0,0,1,12,32714,6,1,6,0,3,0,69,999,0,0,0,0,0,0,0,0,0,0,0,0,0,0,2,3,45,1,1,8,1,3,3,10,83,1,1,1,13,0,0
12,121720,1,1,1,24,8,8,18,8,0,1,0,12,1,19,18,19018,4,2005,1G6DP5678502,1,G,6,D,P,5,6,7,8,5,0,2,0,P,CADI,HF6,4D,5,17,3509,,0,1134,,G,,F,6,220,,,17R225,,,,,,0,0,000000000,00000000000,0,0,0,1,0,0,0,0,0,0,0,40,0,0,0,12,6,2,8,0,0,0,1,12,33176,6,1,0,0,3,3,66,999,0,0,0,0,0,0,0,0,0,0,0,0,0,0,4,3,40,1,1,8,1,0,0,1,80,1,1,1,13,0,0
12,121721,1,1,1,26,8,18,3,38,0,1,0,12,1,7,482,7482,31,2002,1D3HA16N52J1,1,D,3,H,A,1,6,N,5,2,J,1,0,T,DODG,150,PK,2,17,,2,1405,1205,RPC,G,,,8,287,,,,B,4366,01,K,42,0,0,000000000,00000000000,0,0,0,1,0,0,0,0,0,0,0,80,0,0,0,3,6,2,42,0,0,0,1,12,34974,6,1,0,0,3,3,76,999,0,0,0,0,0,0,0,0,0,0,6,0,0,0,1,2,45,1,1,8,2,0,0,1,12,1,1,4,6,1,0
12,121723,1,2,1,27,9,6,56,12,1,1,0,12,3,12,461,12461,21,2005,1FTNE24L75HA,1,F,T,N,E,2,4,L,7,5,H,A,0,T,FORD,25V,CG,5,17,,2,0,1380,VAN,G,,,8,330,,,,C,00000,00,E,42,0,0,000000000,00000000000,0,0,0,1,0,0,0,0,0,0,0,45,0,0,0,12,6,2,12,0,0,0,1,12,33056,6,1,0,0,3,0,67,999,0,0,0,0,0,0,0,0,0,0,6,26,0,0,2,3,45,1,1,8,1,0,0,1,52,1,1,1,28,1,0
12,121723,2,2,1,27,9,6,56,12,1,1,0,17,3,84,881,84881,66,2009,1HSHXSJR19J1,1,H,S,H,X,S,J,R,1,9,J,1,1,T,INTL,860,TR,9,17,,8,0,0,80S,D,,,6,793,,,,,00000,00,,64,1,17,00302401,1700302401,3,6,2,1,0,0,0,0,0,0,0,25,0,0,0,6,2,1,12,0,0,0,1,12,33027,6,1,6,3,3,0,66,999,0,0,0,0,0,0,0,0,0,0,0,0,0,0,2,3,45,1,1,8,1,0,0,2,53,1,1,1,29,0,0
12,121724,1,1,3,1,10,9,30,9,0,1,1,12,2,22,20,22020,2,1998,1G2WP1216WF2,1,G,2,W,P,1,2,1,6,W,F,2,0,P,PONT,GTP,CP,98,17,3396,,0,1105,,G,,Z,6,231,,,16R225,,,,,,0,0,000000000,00000000000,0,0,0,1,0,0,0,0,0,0,0,30,0,0,0,12,2,1,9,0,0,0,1,39,43130,6,1,0,0,3,3,59,999,0,0,0,0,0,0,0,0,0,0,6,38,0,0,2,2,30,1,1,8,1,3,3,1,83,1,1,1,13,0,0
12,121725,1,3,2,2,10,8,0,12,6,1,0,12,1,49,50,49050,3,2007,JTKDE177X701,J,T,K,D,E,1,7,7,X,7,0,1,0,P,TOYT,SXC,2H,7,17,2905,,0,1063,,G,,F,4,146,,,17R215,,,,,,0,0,000000000,00000000000,0,0,0,1,0,0,0,0,0,0,0,50,0,0,0,9,6,2,12,0,0,0,1,12,33428,6,1,0,0,3,3,68,999,0,0,0,0,0,0,0,0,0,0,6,0,0,0,6,1,65,2,1,8,2,0,0,16,10,1,1,2,47,1,0
12,121725,2,3,1,2,10,8,0,12,6,1,0,12,3,20,481,20481,31,2012,1GCRCSE07CZ3,1,G,C,R,C,S,E,0,7,C,Z,3,0,T,CHEV,2SC,4C,12,17,,2,1575,1435,SIL,F,,,8,323,,,,B,4906,03,,42,0,0,000000000,00000000000,0,0,0,1,0,0,0,0,0,0,0,65,0,0,0,12,6,2,12,0,0,0,1,12,33060,6,1,0,0,3,0,70,999,0,0,0,0,0,0,0,0,0,0,0,0,0,0,3,3,65,1,1,8,2,0,0,1,61,1,1,1,45,0,0
12,121725,3,3,1,2,10,8,0,12,6,1,0,12,2,62,423,62423,15,2007,SALAE25407A4,S,A,L,A,E,2,5,4,0,7,A,4,0,T,LNDR,LRE,4W,7,17,,2,0,1136,LR3,G,,,8,268,,,,,5426,00,7,44,0,0,000000000,00000000000,0,0,0,1,0,0,0,0,0,0,0,65,0,0,0,7,6,2,12,0,0,0,1,12,33019,6,1,0,0,3,0,75,999,0,0,0,0,0,0,0,0,0,0,0,0,0,0,2,3,65,1,1,8,2,0,0,1,62,1,1,1,98,0,0
12,121726,1,4,1,7,10,23,30,12,1,1,0,12,1,53,706,53706,80,2008,JS1GX72A4821,J,S,1,G,X,7,2,A,4,8,2,1,0,M,SUZI,GXR,RC,8,17,,,,,,,1340,,4,,4,485,,,,,,,0,0,000000000,00000000000,0,0,0,1,0,0,0,0,0,0,0,45,0,0,0,12,6,2,12,0,0,0,1,12,33837,6,1,0,0,3,0,69,999,0,8,0,1,0,3,2010,8,2011,0,6,0,0,0,5,4,45,1,1,8,1,0,0,1,51,1,1,1,24,1,1
12,121726,2,4,1,7,10,23,30,12,1,1,0,12,2,52,882,52882,61,2006,JL6BBG1S46K0,J,L,6,B,B,G,1,S,4,6,K,0,0,T,MIFU,84D,TB,6,17,,4,0,0,FE8,D,,,4,299,,,,,00000,00,,42,0,77,777777777,77777777777,2,1,97,1,0,0,0,0,0,0,0,45,0,0,0,6,2,3,12,0,0,0,1,12,32827,6,1,0,0,3,3,70,999,0,0,0,0,1,3,2010,3,2010,0,0,0,0,0,5,4,45,1,1,8,1,0,0,1,53,1,1,1,25,0,0
12,121726,3,4,1,7,10,23,30,12,1,1,1,99,9,99,999,99999,99,9999,999999999999,9,9,9,9,9,9,9,9,9,9,9,9,0,,,,,,,,,,,,,,,,,,,,,,,,,0,0,000000000,00000000000,0,0,0,1,0,0,0,0,0,0,0,998,0,0,0,99,8,1,12,0,0,0,1,99,99999,9,9,99,9,9,9,999,999,99,99,99,99,99,99,9999,99,9999,0,0,0,0,0,5,4,45,1,1,8,1,0,0,1,62,1,1,1,98,0,0
12,121726,4,4,1,7,10,23,30,12,1,1,0,12,1,35,47,35047,4,2003,1N4AL11D13C1,1,N,4,A,L,1,1,D,1,3,C,1,0,P,NISS,ABS,4D,3,17,2913,,0,1102,,G,,F,4,153,,,16R205,,,,,,0,0,000000000,00000000000,0,0,0,1,0,0,0,0,0,0,0,45,0,0,0,99,0,1,12,0,0,0,1,12,32824,6,1,0,0,3,0,67,999,0,0,0,0,0,0,0,0,0,0,0,0,0,0,5,4,45,1,1,8,1,0,0,1,62,7,1,1,98,0,0
12,121727,1,2,1,12,10,7,35,12,2,1,0,12,2,41,471,41471,30,1992,JM2UF3145N03,J,M,2,U,F,3,1,4,5,N,0,3,0,T,MAZD,6CP,PK,92,17,,1,0,1175,B26,G,,,4,156,,,,,00000,00,A,42,0,0,000000000,00000000000,0,0,0,1,0,0,0,0,0,0,0,60,0,0,0,12,6,2,12,0,0,0,1,12,32404,6,1,0,0,3,0,65,999,0,0,0,0,0,0,0,0,0,0,6,0,0,0,1,2,45,1,1,8,1,0,0,1,10,1,1,2,50,1,0
12,121727,2,2,1,12,10,7,35,12,2,1,0,12,1,54,421,54421,15,2011,2HNYD2H26BH5,2,H,N,Y,D,2,H,2,6,B,H,5,0,P,ACUR,MDX,UT,11,17,4550,,0,1083,,G,,F,6,226,,,18R255,,,,,,0,0,000000000,00000000000,0,0,0,1,0,0,0,0,0,0,0,45,0,0,0,12,6,2,12,0,0,0,1,12,32409,6,1,0,0,3,0,64,999,0,0,0,0,0,0,0,0,0,0,0,0,0,0,1,2,45,1,1,8,1,0,0,1,62,1,1,1,51,0,0
12,121728,1,2,2,14,10,11,0,12,1,1,0,1,2,72,706,72706,80,2003,1HD1GEV123K3,1,H,D,1,G,E,V,1,2,3,K,3,0,M,HD,FWG,RS,3,17,,,,,,,1450,,2,,4,614,,,,,,,0,0,000000000,00000000000,0,0,0,1,0,0,0,0,0,0,0,45,0,0,0,12,6,2,12,0,0,0,1,1,36352,6,1,0,0,3,0,71,150,0,0,0,1,0,1,2011,1,2011,0,6,0,0,0,1,2,55,2,1,8,1,0,0,14,50,7,1,1,20,1,0
12,121728,2,2,1,14,10,11,0,12,1,1,0,1,2,20,421,20421,15,1997,1GNCS13W3VK1,1,G,N,C,S,1,3,W,3,V,K,1,0,P,CHEV,BZR,UT,97,17,3686,,0,1070,,G,,F,6,262,,,15R205,,,,,,0,0,000000000,00000000000,0,0,0,1,0,0,0,0,0,0,0,0,0,0,0,6,4,3,12,0,0,0,1,12,32455,6,1,0,0,3,0,61,999,0,0,0,0,0,0,0,0,0,0,0,0,0,0,1,2,55,2,1,8,1,0,0,5,53,1,1,1,22,0,0
12,121729,1,1,1,2,10,17,29,30,0,1,0,12,1,20,461,20461,21,2008,1GCGG25K2812,1,G,C,G,G,2,5,K,2,8,1,2,0,T,CHEV,E25,CG,8,17,,2,0,1350,EXP,G,,,8,366,,,,C,5338,00,,42,0,0,000000000,00000000000,0,0,0,1,0,0,0,0,0,0,0,998,0,0,0,9,6,2,30,0,0,0,1,12,33823,6,1,0,0,3,0,75,999,0,0,0,0,0,0,0,0,0,0,0,0,0,0,3,2,65,1,1,8,2,0,0,1,13,1,3,4,1,1,0
12,121730,1,2,1,5,10,22,17,12,2,1,0,12,1,7,41,7041,4,2003,2B3HD46R63H5,2,B,3,H,D,4,6,R,6,3,H,5,0,P,DODG,ISE,4D,3,17,3340,,0,1130,,G,,F,6,167,,,16R225,,,,,,0,0,000000000,00000000000,0,0,0,1,0,0,0,0,0,0,0,45,0,0,0,12,6,2,12,0,0,0,1,12,33455,6,1,0,0,3,3,73,999,0,0,0,0,0,0,0,0,0,0,50,0,0,0,2,2,45,1,1,8,2,0,0,1,54,1,1,1,52,1,1
12,121730,2,2,1,5,10,22,17,12,2,1,0,12,2,23,431,23431,16,1999,3GKEC16R5XG5,3,G,K,E,C,1,6,R,5,X,G,5,0,T,GMC,SUB,4W,99,17,,2,0,1315,C15,G,,,8,350,,,,B,4825,00,E,42,0,0,000000000,00000000000,0,0,0,1,0,0,0,0,0,0,0,45,0,0,0,12,6,2,12,0,0,0,1,12,33455,0,0,0,0,0,0,65,999,0,0,0,0,0,0,0,0,0,0,0,0,0,0,2,2,45,1,1,8,2,0,0,1,54,1,1,1,52,0,0