STATE,ST_CASE,VEH_NO,VE_FORMS,NUMOCCS,DAY,MONTH,HOUR,MINUTE,HARM_EV,MAN_COLL,UNITTYPE,HIT_RUN,REG_STAT,OWNER,MAKE,MODEL,MAK_MOD,BODY_TYP,MOD_YEAR,VIN,VIN_1,VIN_2,VIN_3,VIN_4,VIN_5,VIN_6,VIN_7,VIN_8,VIN_9,VIN_10,VIN_11,VIN_12,TOW_VEH,VINTYPE,VINMAKE,VINA_MOD,VIN_BT,VINMODYR,VIN_LNGT,VIN_WGT,WGTCD_TR,WHLBS_LG,WHLBS_SH,SER_TR,FUELCODE,MCYCL_DS,CARBUR,CYLINDER,DISPLACE,MCYCL_CY,MCYCL_WT,TIRE_SZE,TON_RAT,TRK_WT,TRKWTVAR,VIN_REST,WHLDRWHL,J_KNIFE,MCARR_I1,MCARR_I2,MCARR_ID,GVWR,V_CONFIG,CARGO_BT,HAZ_INV,HAZ_PLAC,HAZ_ID,HAZ_CNO,HAZ_REL,BUS_USE,SPEC_USE,EMER_USE,TRAV_SP,UNDERIDE,ROLLOVER,ROLINLOC,IMPACT1,DEFORMED,TOWED,M_HARM,VEH_SC1,VEH_SC2,FIRE_EXP,DR_PRES,L_STATE,DR_ZIP,L_STATUS,L_TYPE,CDL_STAT,L_ENDORS,L_COMPL,L_RESTRI,DR_HGT,DR_WGT,PREV_ACC,PREV_SUS,PREV_DWI,PREV_SPD,PREV_OTH,FIRST_MO,FIRST_YR,LAST_MO,LAST_YR,SPEEDREL,DR_SF1,DR_SF2,DR_SF3,DR_SF4,VTRAFWAY,VNUM_LAN,VSPD_LIM,VALIGN,VPROFILE,VPAVETYP,VSURCOND,VTRAFCON,VTCONT_F,P_CRASH1,P_CRASH2,P_CRASH3,PCRASH4,PCRASH5,ACC_TYPE,DEATHS,DR_DRINK
12,121731,1,2,1,5,10,21,23,12,6,1,0,12,1,49,32,49032,4,2006,2T1BR32E76C6,2,T,1,B,R,3,2,E,7,6,C,6,0,P,TOYT,UCS,4D,6,17,2530,,0,1024,,G,,F,4,109,,,15R185,,,,,,0,0,000000000,00000000000,0,0,0,1,0,0,0,0,0,0,0,35,0,0,0,12,6,2,12,0,0,0,1,12,32806,6,1,0,0,3,0,67,999,0,0,0,0,0,0,0,0,0,0,39,0,0,0,1,2,35,1,1,8,2,20,3,1,17,1,1,1,88,0,1
12,121731,2,2,2,5,10,21,23,12,6,1,0,12,1,20,37,20037,4,2005,1G1ZU54875F2,1,G,1,Z,U,5,4,8,7,5,F,2,0,P,CHEV,MLT,4D,5,17,3315,,0,1063,,G,,F,6,214,,,16R215,,,,,,0,0,000000000,00000000000,0,0,0,1,0,0,0,0,0,0,0,5,0,0,0,9,6,2,12,0,0,0,1,12,32806,6,1,0,0,3,0,61,999,0,0,0,0,0,0,0,0,0,0,0,0,0,0,1,2,30,1,1,8,2,0,0,1,66,1,1,1,89,1,0
12,121732,1,4,1,6,10,22,21,12,8,1,0,12,2,20,16,20016,4,1998,1G1JC5242W71,1,G,1,J,C,5,2,4,2,W,7,1,0,P,CHEV,CAV,4D,98,17,2630,,0,1041,,G,,F,4,133,,,14R195,,,,,,0,0,000000000,00000000000,0,0,0,1,0,0,0,0,0,0,0,30,0,0,0,61,6,2,12,0,0,0,1,12,32750,6,1,0,0,3,3,64,999,0,0,0,0,0,0,0,0,0,0,51,0,0,0,3,2,45,1,1,8,1,0,0,1,54,1,1,1,66,1,0
12,121732,2,4,1,6,10,22,21,12,8,1,0,12,1,35,47,35047,4,2005,1N4AL11D85N9,1,N,4,A,L,1,1,D,8,5,N,9,0,P,NISS,ASL,4D,5,17,2915,,0,1102,,G,,F,4,153,,,16R215,,,,,,0,0,000000000,00000000000,0,0,0,1,0,0,0,0,0,0,0,45,0,0,0,61,4,1,12,0,0,0,1,12,32773,6,1,0,0,3,3,67,999,0,0,0,0,0,0,0,0,0,0,0,0,0,0,3,2,45,1,1,8,1,0,0,1,54,1,1,1,66,0,0
12,121732,3,4,1,6,10,22,21,12,8,1,0,12,2,35,43,35043,4,2000,3N1CB51D5YL3,3,N,1,C,B,5,1,D,5,Y,L,3,0,P,NISS,SXG,4D,0,17,2401,,0,998,,G,,F,4,108,,,14R185,,,,,,0,0,000000000,00000000000,0,0,0,1,0,0,0,0,0,0,0,45,0,0,0,61,6,2,12,0,0,0,1,12,32746,6,1,0,0,3,0,73,999,0,0,0,0,0,0,0,0,0,0,0,0,0,0,3,2,45,1,1,8,1,0,0,1,54,1,1,1,98,0,0
12,121732,4,4,2,6,10,22,21,12,8,1,0,1,2,49,32,49032,4,2011,2T1BU4EE1BC5,2,T,1,B,U,4,E,E,1,B,C,5,0,P,TOYT,CBS,4D,11,17,2734,,0,1024,,G,,F,4,110,,,15R195,,,,,,0,0,000000000,00000000000,0,0,0,1,0,0,0,0,0,0,0,45,0,0,0,12,6,2,12,0,0,0,1,12,32773,6,1,0,0,3,3,64,999,0,0,0,0,0,0,0,0,0,0,0,0,0,0,3,2,45,1,1,8,1,0,0,1,54,1,1,1,98,0,0
12,121733,1,1,1,6,10,4,30,42,0,1,0,12,2,35,47,35047,4,2002,1N4AL11D82C1,1,N,4,A,L,1,1,D,8,2,C,1,0,P,NISS,ABS,4D,2,17,2873,,0,1102,,G,,F,4,153,,,16R205,,,,,,0,0,000000000,00000000000,0,0,0,1,0,0,0,0,0,0,0,70,0,0,0,8,6,2,42,0,0,0,1,12,33606,1,1,0,0,2,0,64,999,0,7,0,0,1,7,2011,9,2012,0,6,0,0,0,3,2,70,1,1,8,1,0,0,1,13,1,1,4,1,1,1
12,121734,1,1,1,7,10,1,15,42,0,1,0,12,1,49,40,49040,4,2009,4T1BE46K59U4,4,T,1,B,E,4,6,K,5,9,U,4,0,P,TOYT,CBA,4D,9,17,3263,,0,1090,,G,,F,4,144,,,16R215,,,,,,0,0,000000000,00000000000,0,0,0,1,0,0,0,0,0,0,0,69,0,1,9,11,6,2,42,0,0,0,1,12,34471,6,1,0,0,3,0,74,999,1,0,0,3,1,11,2010,1,2012,0,6,0,0,0,2,2,55,2,6,8,1,0,0,14,13,7,3,4,2,1,1
12,121735,1,1,1,7,10,3,20,1,0,1,0,12,1,76,706,76706,80,2002,JYARN10E72A0,J,Y,A,R,N,1,0,E,7,2,A,0,0,M,YAMA,YFR,RC,2,17,,,,,,,998,,4,,4,385,,,,,,,0,0,000000000,00000000000,0,0,0,1,0,0,0,0,0,0,0,80,0,0,0,0,6,2,1,0,0,0,1,12,33756,6,1,0,0,3,3,71,999,0,1,0,1,0,12,2011,4,2012,1,6,0,0,0,6,2,55,3,1,8,1,0,0,14,13,1,1,4,1,1,1
12,121736,1,1,1,8,10,0,44,8,0,1,0,12,2,12,17,12017,4,2002,1FAFP55S32G2,1,F,A,F,P,5,5,S,3,2,G,2,0,P,FORD,TSS,4D,2,17,3392,,0,1085,,G,,F,6,182,,,16R215,,,,,,0,0,000000000,00000000000,0,0,0,1,0,0,0,0,0,0,0,30,0,0,0,12,4,3,8,0,0,0,1,12,34983,6,1,0,0,3,3,68,999,0,0,0,1,0,3,2012,3,2012,0,0,0,0,0,2,2,40,1,1,8,1,0,0,1,80,1,1,1,13,0,0
12,121737,1,2,1,8,10,6,25,12,6,1,0,12,2,85,881,85881,66,1997,1XKADB9X3VJ7,1,X,K,A,D,B,9,X,3,V,J,7,1,T,KW,T60,TR,97,17,,8,0,0,CON,D,,,6,893,,,,,00000,00,,64,1,12,1203166,121203166,3,6,1,1,0,0,0,0,0,0,0,5,0,0,0,3,2,1,12,0,0,0,1,12,33016,6,1,6,3,3,0,70,999,0,0,0,0,0,0,0,0,0,0,38,0,0,0,2,2,60,1,1,8,1,0,0,12,15,1,1,1,98,0,1
12,121737,2,2,2,8,10,6,25,12,6,1,0,12,1,20,2,20002,4,2006,2G1WT58K2692,2,G,1,W,T,5,8,K,2,6,9,2,0,P,CHEV,IMT,4D,6,17,3477,,0,1105,,F,,F,6,214,,,16R225,,,,,,0,0,000000000,00000000000,0,0,0,1,0,0,0,0,0,0,0,999,0,0,0,12,6,2,12,0,0,0,1,12,33406,6,1,0,0,3,3,74,999,0,0,0,0,0,0,0,0,0,0,0,0,0,0,2,2,60,1,1,8,1,0,0,1,98,4,1,1,98,2,0
12,121739,1,1,5,12,10,2,25,42,0,1,0,12,2,35,39,35039,4,2005,1N4BA41E25C8,1,N,4,B,A,4,1,E,2,5,C,8,0,P,NISS,MEL,4D,5,17,3321,,0,1112,,G,,F,6,214,,,17R225,,,,,,0,0,000000000,00000000000,0,0,0,1,0,0,0,0,0,0,0,100,0,0,0,3,6,2,42,0,0,0,1,99,99999,9,9,99,9,9,9,999,999,99,99,99,99,99,99,9999,99,9999,1,0,0,0,0,1,2,55,3,6,8,1,0,0,14,12,6,4,4,7,4,0
12,121740,1,1,2,13,10,12,31,18,0,1,0,17,1,72,706,72706,80,2001,1HD1DDV161Y6,1,H,D,1,D,D,V,1,6,1,Y,6,0,M,HD,FHT,RS,1,17,,,,,,,1450,,2,,4,758,,,,,,,0,0,000000000,00000000000,0,0,0,1,0,0,0,0,0,0,0,70,0,0,0,12,6,2,1,0,0,0,1,17,62675,6,1,0,0,3,0,70,999,0,0,0,0,0,0,0,0,0,0,81,0,0,0,3,3,70,1,1,8,1,0,0,1,90,1,1,1,12,1,0
12,121741,1,1,1,14,10,10,0,8,0,1,0,12,1,23,481,23481,31,1986,1GTCC14N1GF7,1,G,T,C,C,1,4,N,1,G,F,7,0,T,GMC,C15,PK,86,17,,1,1315,1175,C15,G,,,6,262,,,,B,3282,06,A,42,0,0,000000000,00000000000,0,0,0,1,0,0,0,0,0,0,0,55,0,0,0,12,4,3,8,0,0,0,1,12,34431,6,1,6,0,3,0,72,999,0,0,0,0,0,0,0,0,0,0,28,0,0,0,1,2,60,1,1,8,1,0,0,1,13,1,1,4,1,0,0
12,121742,1,1,1,14,10,14,44,9,0,1,1,12,2,12,23,12023,4,2010,3FAHP0JGXAR2,3,F,A,H,P,0,J,G,X,A,R,2,0,P,FORD,F/L,4D,10,17,3591,,0,1074,,F,,F,6,183,,,17R225,,,,,,0,0,000000000,00000000000,0,0,0,1,0,0,0,0,0,0,0,61,0,0,0,12,6,2,9,0,0,0,1,12,32828,6,1,0,0,3,0,67,999,0,0,0,0,0,0,0,0,0,1,28,58,0,0,2,2,35,1,1,8,1,0,0,1,13,1,1,4,1,0,0
12,121743,1,1,1,17,10,6,0,9,0,1,0,12,1,20,482,20482,31,2007,3GNEC12J77G1,3,G,N,E,C,1,2,J,7,7,G,1,0,T,CHEV,CAV,CW,7,17,,2,0,1300,AVL,G,,,8,323,,,,B,5539,00,,42,0,0,000000000,00000000000,0,0,0,1,0,0,0,0,0,0,0,50,0,0,0,12,4,3,9,0,0,0,1,12,33323,6,1,0,0,3,0,71,999,0,0,0,0,0,0,0,0,0,0,0,0,0,0,3,3,45,1,1,8,1,0,0,1,83,1,1,1,13,0,0
12,121744,1,2,1,4,8,15,39,12,6,1,0,91,1,12,17,12017,4,2001,1FAFP52241A2,1,F,A,F,P,5,2,2,4,1,A,2,0,P,FORD,TAX,4D,1,17,3331,,0,1085,,F,,F,6,182,,,16R215,,,,,,0,0,000000000,00000000000,0,0,0,1,0,0,0,0,0,0,0,999,0,1,5,3,6,2,12,0,0,0,1,12,32303,6,1,0,0,3,3,72,999,0,0,0,0,0,0,0,0,0,0,0,0,0,0,1,2,45,1,1,8,1,0,0,1,13,6,1,6,64,1,0
12,121744,2,2,2,4,8,15,39,12,6,1,0,91,2,7,24,7024,4,2007,2B3KA43R37H7,2,B,3,K,A,4,3,R,3,7,H,7,0,P,DODG,CTL,4D,7,17,3648,,0,1200,,G,,F,6,165,,,17R215,,,,,,0,0,000000000,00000000000,0,0,0,1,0,0,0,0,0,0,0,999,0,0,0,12,6,2,12,0,0,0,1,12,32305,6,1,0,0,3,0,66,999,0,0,0,0,0,0,0,0,0,0,0,0,0,0,1,2,45,1,1,8,1,0,0,1,62,1,1,1,65,0,0
12,121745,1,1,1,29,9,17,18,33,0,1,0,12,1,72,706,72706,80,2007,1HD1BW5107Y0,1,H,D,1,B,W,5,1,0,7,Y,0,0,M,HD,STC,RS,7,17,,,,,,,1584,,2,,4,725,,,,,,,0,0,000000000,00000000000,0,0,0,1,0,0,0,0,0,0,0,55,0,0,0,12,6,2,1,0,0,0,1,12,32065,6,1,0,0,3,0,68,999,0,0,0,0,0,0,0,0,0,0,6,0,0,0,3,2,35,1,1,8,1,0,0,1,12,1,1,4,6,1,1
12,121746,1,1,1,4,10,9,30,8,0,1,0,12,1,41,52,41052,6,2008,JM1CR29L0803,J,M,1,C,R,2,9,L,0,8,0,3,0,P,MAZD,MA5,4H,8,17,3417,,0,1083,,G,,F,4,140,,,17R205,,,,,,0,0,000000000,00000000000,0,0,0,1,0,0,0,0,0,0,0,3,0,0,0,12,2,1,8,0,0,0,1,12,33177,6,1,0,0,3,0,60,999,0,0,0,0,0,0,0,0,0,0,39,0,0,0,2,3,35,1,1,8,1,3,3,1,80,1,1,1,13,0,0
12,121747,1,2,1,7,10,4,2,8,0,1,0,12,1,12,481,12481,31,2002,1FTRX17222NB,1,F,T,R,X,1,7,2,2,2,N,B,0,T,FORD,F15,4C,2,17,,2,1571,1385,COF,G,,,6,256,,,,B,4224,06,U,42,0,0,000000000,00000000000,0,0,0,1,0,0,0,0,0,0,0,45,0,0,0,12,4,1,8,0,0,0,1,12,32714,6,1,0,0,3,0,69,999,0,0,0,0,0,0,0,0,0,0,0,0,0,0,2,2,45,1,1,8,1,0,0,1,80,1,1,1,13,0,0
12,121747,2,2,1,7,10,4,2,8,0,1,0,12,2,24,2,24002,2,2000,1G8ZP1287YZ1,1,G,8,Z,P,1,2,8,7,Y,Z,1,0,P,STRN,SC1,3P,0,17,2396,,0,1024,,G,,F,4,116,,,14R185,,,,,,0,0,000000000,00000000000,0,0,0,1,0,0,0,0,0,0,0,35,0,0,0,98,0,1,8,0,0,0,1,12,32817,6,1,6,0,3,3,74,999,0,0,0,0,0,0,0,0,0,0,0,0,0,0,2,2,45,1,1,8,1,0,0,15,80,1,1,2,98,0,0
12,121748,1,1,2,11,10,18,58,34,0,1,0,12,2,35,47,35047,4,2002,1N4AL11E02C2,1,N,4,A,L,1,1,E,0,2,C,2,0,P,NISS,ABS,4D,2,17,2920,,0,1102,,G,,F,4,153,,,16R205,,,,,,0,0,000000000,00000000000,0,0,0,1,0,0,0,0,0,0,0,30,0,0,0,12,6,2,3,0,0,0,1,12,34758,0,0,0,0,0,0,999,999,0,0,0,0,0,0,0,0,0,0,0,0,0,0,1,2,25,1,1,8,1,0,0,1,14,1,1,4,14,2,0
12,121749,1,1,3,12,10,20,12,8,0,1,0,12,2,20,37,20037,4,2008,1G1ZG57B78F1,1,G,1,Z,G,5,7,B,7,8,F,1,0,P,CHEV,M/L,4D,8,17,3415,,0,1123,,G,,F,4,146,,,16R215,,,,,,0,0,000000000,00000000000,0,0,0,1,0,0,0,0,0,0,0,55,0,0,0,12,6,2,8,0,0,0,1,12,34655,6,1,0,0,3,3,67,999,0,0,0,1,0,12,2011,12,2011,0,0,0,0,0,1,2,55,1,1,8,1,0,0,1,80,1,1,1,13,0,0
12,121750,1,2,2,13,10,0,28,12,6,1,0,12,2,76,706,76706,80,2001,JYARN05E01A0,J,Y,A,R,N,0,5,E,0,1,A,0,0,M,YAMA,YFR,RC,1,17,,,,,,,998,,4,,4,385,,,,,,,0,0,000000000,00000000000,0,0,0,1,0,0,0,0,0,0,0,998,0,0,0,12,6,2,12,0,0,0,1,12,33619,1,1,0,0,2,0,70,999,1,5,0,0,2,11,2010,6,2012,1,6,0,0,0,4,3,98,1,1,8,1,0,0,1,17,1,1,1,98,1,0
12,121750,2,2,1,13,10,0,28,12,6,1,0,12,2,21,20,21020,4,1994,1G3AG55M9R64,1,G,3,A,G,5,5,M,9,R,6,4,0,P,OLDS,CIS,4D,94,17,2818,,0,1049,,G,,F,6,191,,,14R185,,,,,,0,0,000000000,00000000000,0,0,0,1,0,0,0,0,0,0,0,998,0,0,0,61,6,2,12,0,0,0,1,12,32119,6,1,0,0,3,0,68,999,0,0,0,0,0,0,0,0,0,0,48,0,0,0,1,2,98,1,1,8,1,20,3,12,98,1,1,1,98,0,0
12,121751,1,1,1,13,10,7,3,8,0,1,0,17,1,72,706,72706,80,2007,1HD1CT3147K4,1,H,D,1,C,T,3,1,4,7,K,4,0,M,HD,20C,RS,7,17,,,,,,,1199,,2,,4,562,,,,,,,0,0,000000000,00000000000,0,0,0,1,0,0,0,0,0,0,0,45,0,0,0,12,6,2,8,0,0,0,1,17,62002,1,1,5,0,2,0,72,240,0,1,0,1,1,2,2010,8,2010,0,0,0,0,0,5,3,45,1,1,8,1,3,3,1,80,1,1,1,13,0,0
12,121752,1,1,1,13,10,13,2,9,0,1,0,12,2,12,422,12422,15,2002,1FMPU18LX2LA,1,F,M,P,U,1,8,L,X,2,L,A,0,P,FORD,EPT,UT,2,17,5656,,0,1191,,G,,F,8,330,,,17R265,,,,,,0,0,000000000,00000000000,0,0,0,1,0,0,0,0,0,0,0,45,0,0,0,12,2,3,9,0,0,0,1,12,32828,6,1,0,0,3,3,74,999,0,0,0,0,0,0,0,0,0,0,48,0,0,0,2,3,50,1,1,8,1,99,9,10,12,1,1,4,6,0,0
12,121753,1,1,1,13,10,22,44,20,0,1,0,12,1,34,34,34034,4,1999,WBAAM3338XFP,W,B,A,A,M,3,3,3,8,X,F,P,0,P,BMW,23U,4D,99,17,3153,,0,1073,,G,,F,6,152,,,15R195,,,,,,0,0,000000000,00000000000,0,0,0,1,0,0,0,0,0,0,0,100,0,0,0,12,6,2,20,0,0,0,1,12,33578,6,1,0,0,3,3,72,999,0,0,0,0,0,0,0,0,0,1,0,0,0,0,3,2,50,2,1,8,1,40,3,14,13,1,1,4,1,1,1
12,121754,1,2,2,14,10,12,5,12,6,1,0,12,1,20,471,20471,30,1999,1GCCS14XXX82,1,G,C,C,S,1,4,X,X,X,8,2,0,T,CHEV,S14,PK,99,17,,1,1179,1083,S,G,,,6,262,,,,B,3015,01,,42,0,0,000000000,00000000000,0,0,0,1,0,0,0,0,0,0,0,55,0,0,0,12,6,2,12,0,0,0,1,12,33873,6,1,0,0,3,3,67,999,0,0,0,0,1,3,2011,3,2011,0,39,0,0,0,1,2,55,1,1,8,1,20,3,1,17,1,1,1,88,2,0
12,121754,2,2,1,14,10,12,5,12,6,1,0,12,1,20,481,20481,31,2003,1GCHK29183E2,1,G,C,H,K,2,9,1,8,3,E,2,0,T,CHEV,2KH,4C,3,17,,2,1575,1435,SIL,D,,,8,403,,,,C,5630,01,,44,0,0,000000000,00000000000,0,0,0,1,0,0,0,0,0,0,0,55,0,0,0,61,6,2,12,0,0,0,1,12,34205,6,1,0,0,3,0,69,999,0,0,0,0,0,0,0,0,0,0,0,0,0,0,1,2,55,1,1,8,1,0,0,1,66,1,1,1,89,0,0
12,121755,1,1,1,14,10,19,38,8,0,1,0,12,1,12,23,12023,4,2011,3FAHP0HA4BR1,3,F,A,H,P,0,H,A,4,B,R,1,0,P,FORD,F/E,4D,11,17,3285,,0,1074,,G,,F,4,152,,,17R225,,,,,,0,0,000000000,00000000000,0,0,0,1,0,0,0,0,0,0,0,35,0,0,0,12,2,1,8,0,0,0,1,12,32130,6,1,0,0,3,3,65,999,0,0,0,0,0,0,0,0,0,0,0,0,0,0,1,2,35,1,1,8,1,0,0,1,80,1,1,1,13,0,0
12,121756,1,1,2,15,10,21,45,1,0,1,0,12,1,20,421,20421,15,2002,1GNCS18W92K1,1,G,N,C,S,1,8,W,9,2,K,1,0,P,CHEV,BZR,UT,2,17,3603,,0,1005,,G,,F,6,262,,,000000,,,,,,0,0,000000000,00000000000,0,0,0,1,0,0,0,0,0,0,0,65,0,2,1,0,6,2,1,0,0,0,1,12,32605,3,1,0,0,2,0,67,999,0,1,0,0,2,2,2010,10,2010,0,6,0,0,0,2,2,65,1,1,8,1,0,0,1,12,7,1,6,98,1,1
12,121757,1,1,2,20,10,21,39,8,0,1,0,12,2,20,16,20016,2,2000,1G1JC1241Y73,1,G,1,J,C,1,2,4,1,Y,7,3,0,P,CHEV,CAV,CP,0,17,2617,,0,1041,,G,,F,4,133,,,14R195,,,,,,0,0,000000000,00000000000,0,0,0,1,0,0,0,0,0,0,0,30,0,0,0,12,2,3,8,0,0,0,1,12,32218,6,1,0,0,3,0,66,999,0,0,0,0,0,0,0,0,0,0,0,0,0,0,1,2,40,1,1,8,1,3,3,1,80,1,1,1,13,0,0
12,121758,1,1,2,24,5,23,7,8,0,1,0,12,1,35,43,35043,4,2004,3N1CB51D34L8,3,N,1,C,B,5,1,D,3,4,L,8,0,P,NISS,S18,4D,4,17,2387,,0,998,,G,,F,4,108,,,15R195,,,,,,0,0,000000000,00000000000,0,0,0,1,0,0,0,0,0,0,0,45,0,0,0,12,6,2,8,0,0,0,1,12,33484,6,1,0,0,3,0,62,999,0,0,0,0,0,0,0,0,0,0,0,0,0,0,2,3,45,1,1,8,1,4,3,1,80,1,1,1,13,0,0
12,121759,1,1,1,30,9,4,6,24,0,1,0,12,2,53,706,53706,80,2008,JS1GT77A2821,J,S,1,G,T,7,7,A,2,8,2,1,0,M,SUZI,XR1,RC,8,17,,,,,,,999,,4,,4,379,,,,,,,0,0,000000000,00000000000,0,0,0,1,0,0,0,0,0,0,0,68,0,0,0,12,6,2,24,0,0,0,1,12,34743,6,1,6,0,3,0,70,999,0,0,0,0,0,0,0,0,0,1,6,0,0,0,3,3,45,1,1,8,1,3,3,1,13,1,1,4,1,1,1
12,121760,1,1,2,3,10,0,45,1,0,1,0,12,2,12,481,12481,31,2002,1FTRW07662KE,1,F,T,R,W,0,7,6,6,2,K,E,0,T,FORD,F1S,CW,2,17,,2,0,1385,COF,G,,,8,281,,,,B,4655,02,E,42,0,0,000000000,00000000000,0,0,0,1,0,0,0,0,0,0,0,56,0,1,6,0,6,2,1,0,0,0,1,12,32060,0,0,0,0,0,0,999,999,0,0,0,0,0,0,0,0,0,0,6,0,0,0,1,2,55,3,1,8,1,0,0,14,12,6,1,4,6,1,1
12,121761,1,1,1,8,10,11,45,30,0,1,0,12,1,18,22,18022,4,2006,2G4WD5829612,2,G,4,W,D,5,8,2,9,6,1,2,0,P,BUIC,LAL,4D,6,17,3502,,0,1105,,G,,F,6,232,,,16R225,,,,,,0,0,000000000,00000000000,0,0,0,1,0,0,0,0,0,0,0,30,0,0,0,6,6,2,19,0,0,0,1,12,34655,6,1,0,0,3,3,76,999,0,0,0,0,0,0,0,0,0,1,31,0,0,0,1,1,20,1,1,8,1,0,0,13,12,1,1,4,92,0,0
12,121762,1,1,1,11,10,12,30,8,0,1,0,12,1,20,403,20403,14,2004,1GNES16S2462,1,G,N,E,S,1,6,S,2,4,6,2,0,P,CHEV,TRL,UT,4,17,4773,,0,1290,,G,,F,6,256,,,17R245,,,,,,0,0,000000000,00000000000,0,0,0,1,0,0,0,0,0,0,0,45,0,0,0,12,4,1,8,0,0,0,1,12,32825,6,1,0,0,3,0,71,999,0,1,0,0,1,2,2011,8,2011,0,0,0,0,0,5,4,45,1,1,8,1,0,0,1,80,1,1,1,13,0,0
12,121763,1,1,3,14,10,1,10,24,0,1,0,12,1,35,47,35047,4,2005,1N4AL11D05C2,1,N,4,A,L,1,1,D,0,5,C,2,0,P,NISS,ASL,4D,5,17,2915,,0,1102,,G,,F,4,153,,,16R215,,,,,,0,0,000000000,00000000000,0,0,0,1,0,0,0,0,0,0,0,65,0,0,0,12,6,2,24,0,0,0,1,12,32228,6,1,0,0,3,3,65,999,0,0,0,0,0,0,0,0,0,0,6,0,0,0,3,2,65,1,1,8,1,0,0,1,1,1,4,4,7,1,1
12,121764,1,1,2,14,10,15,31,9,0,1,0,12,1,42,48,42048,4,1999,WDBGA32GXXA4,W,D,B,G,A,3,2,G,X,X,A,4,0,P,MERZ,S3W,4D,99,17,4320,,0,1197,,G,,F,6,195,,,16R225,,,,,,0,0,000000000,00000000000,0,0,0,1,0,0,0,0,0,0,0,45,0,0,0,12,4,3,9,0,0,0,1,12,33770,6,1,0,0,3,0,73,999,0,0,0,0,0,0,0,0,0,0,0,0,0,0,2,3,50,1,1,8,1,0,0,1,83,1,1,1,13,0,0
12,121765,1,2,1,18,10,12,14,12,6,1,0,12,1,18,2,18002,4,2000,1G4HP54K2YU1,1,G,4,H,P,5,4,K,2,Y,U,1,0,P,BUIC,LCF,4D,0,17,3567,,0,1122,,G,,F,6,231,,,15R215,,,,,,0,0,000000000,00000000000,0,0,0,1,0,0,0,0,0,0,0,75,0,0,0,5,6,2,12,0,0,0,1,12,32456,6,1,0,0,3,3,70,999,0,0,0,0,0,0,0,0,0,1,87,0,0,0,3,2,70,1,6,8,6,0,0,1,5,1,3,2,48,1,0
12,121765,2,2,1,18,10,12,14,12,6,1,0,12,1,37,421,37421,15,2008,5FNYF28628B0,5,F,N,Y,F,2,8,6,2,8,B,0,0,P,HOND,PIL,UT,8,17,4356,,0,1063,,G,,F,6,213,,,16R235,,,,,,0,0,000000000,00000000000,0,0,0,1,0,0,0,0,0,0,0,70,0,0,0,12,4,1,12,0,0,0,1,12,32407,1,1,0,0,2,0,69,999,0,2,0,0,0,10,2012,10,2012,0,0,0,0,0,3,2,70,1,6,8,2,0,0,1,60,1,1,1,48,0,0
12,121766,1,1,1,18,10,6,25,1,0,1,0,12,1,37,705,37705,80,2003,JH2RC44523M7,J,H,2,R,C,4,4,5,2,3,M,7,0,M,HOND,T7B,RS,3,17,,,,,,,745,,2,,4,496,,,,,,,0,0,000000000,00000000000,0,0,0,1,0,0,0,0,0,0,0,45,0,0,0,0,6,2,1,0,0,0,1,12,33803,6,1,0,0,3,3,72,999,0,0,0,0,0,0,0,0,0,0,85,0,0,0,1,2,45,1,1,8,1,0,0,1,98,98,2,1,98,1,0
12,121767,1,1,3,20,10,21,7,8,0,1,0,12,1,19,3,19003,4,1989,1G6CB5153K43,1,G,6,C,B,5,1,5,3,K,4,3,0,P,CADI,FFL,4D,89,17,3364,,0,1138,,G,,F,8,276,,,15R205,,,,,,0,0,000000000,00000000000,0,0,0,1,0,0,0,0,0,0,0,55,0,0,0,12,4,1,8,0,0,0,1,12,33707,6,1,0,0,3,3,69,999,0,0,0,0,0,0,0,0,0,0,39,0,0,0,2,2,55,1,1,8,1,3,3,1,80,1,1,1,13,0,0
12,121768,1,2,4,20,10,21,5,12,6,1,0,12,1,7,43,7043,4,1998,1B3EJ56H2WN2,1,B,3,E,J,5,6,H,2,W,N,2,0,P,DODG,STS,4D,98,17,2917,,0,1080,,G,,F,6,152,,,15R195,,,,,,0,0,000000000,00000000000,0,0,0,1,0,0,0,0,0,0,0,5,0,0,0,81,6,2,12,0,0,0,1,12,32825,6,1,0,0,3,0,71,999,0,1,0,0,1,2,2010,4,2012,0,38,0,0,0,2,2,45,1,1,8,1,3,3,12,98,1,1,1,98,0,0
12,121768,2,2,1,20,10,21,5,12,6,1,0,12,1,76,705,76705,80,2000,JYARN05E2YA0,J,Y,A,R,N,0,5,E,2,Y,A,0,0,M,YAMA,YFR,RC,0,17,,,,,,,998,,4,,4,999,,,,,,,0,0,000000000,00000000000,0,0,0,1,0,0,0,0,0,0,0,45,0,0,0,12,6,2,12,0,0,0,1,12,32822,6,1,0,0,3,0,73,999,0,0,0,0,0,0,0,0,0,0,0,0,0,0,2,2,45,1,1,8,1,3,3,1,62,1,1,1,98,1,1
12,121769,1,2,1,20,10,20,3,12,6,1,0,12,1,37,705,37705,80,1997,JH2PC2500VM6,J,H,2,P,C,2,5,0,0,V,M,6,0,M,HOND,RF3,RC,97,17,,,,,,,600,,4,,4,405,,,,,,,0,0,000000000,00000000000,0,0,0,1,0,0,0,0,0,0,0,60,0,0,0,12,6,2,12,0,0,0,1,12,34714,6,1,0,0,3,0,73,999,0,0,0,1,1,9,2011,6,2012,0,0,0,0,0,1,2,60,1,1,8,1,0,0,1,61,1,1,1,73,1,1