STATE,ST_CASE,VEH_NO,VE_FORMS,NUMOCCS,DAY,MONTH,HOUR,MINUTE,HARM_EV,MAN_COLL,UNITTYPE,HIT_RUN,REG_STAT,OWNER,MAKE,MODEL,MAK_MOD,BODY_TYP,MOD_YEAR,VIN,VIN_1,VIN_2,VIN_3,VIN_4,VIN_5,VIN_6,VIN_7,VIN_8,VIN_9,VIN_10,VIN_11,VIN_12,TOW_VEH,VINTYPE,VINMAKE,VINA_MOD,VIN_BT,VINMODYR,VIN_LNGT,VIN_WGT,WGTCD_TR,WHLBS_LG,WHLBS_SH,SER_TR,FUELCODE,MCYCL_DS,CARBUR,CYLINDER,DISPLACE,MCYCL_CY,MCYCL_WT,TIRE_SZE,TON_RAT,TRK_WT,TRKWTVAR,VIN_REST,WHLDRWHL,J_KNIFE,MCARR_I1,MCARR_I2,MCARR_ID,GVWR,V_CONFIG,CARGO_BT,HAZ_INV,HAZ_PLAC,HAZ_ID,HAZ_CNO,HAZ_REL,BUS_USE,SPEC_USE,EMER_USE,TRAV_SP,UNDERIDE,ROLLOVER,ROLINLOC,IMPACT1,DEFORMED,TOWED,M_HARM,VEH_SC1,VEH_SC2,FIRE_EXP,DR_PRES,L_STATE,DR_ZIP,L_STATUS,L_TYPE,CDL_STAT,L_ENDORS,L_COMPL,L_RESTRI,DR_HGT,DR_WGT,PREV_ACC,PREV_SUS,PREV_DWI,PREV_SPD,PREV_OTH,FIRST_MO,FIRST_YR,LAST_MO,LAST_YR,SPEEDREL,DR_SF1,DR_SF2,DR_SF3,DR_SF4,VTRAFWAY,VNUM_LAN,VSPD_LIM,VALIGN,VPROFILE,VPAVETYP,VSURCOND,VTRAFCON,VTCONT_F,P_CRASH1,P_CRASH2,P_CRASH3,PCRASH4,PCRASH5,ACC_TYPE,DEATHS,DR_DRINK
12,121867,2,2,4,29,9,1,32,12,1,1,0,12,2,35,43,35043,4,2010,3N1AB6AP6AL6,3,N,1,A,B,6,A,P,6,A,L,6,0,P,NISS,SBL,4D,10,17,2862,,0,1057,,G,,F,4,122,,,15R205,,,,,,0,0,000000000,00000000000,0,0,0,1,0,0,0,0,0,0,0,40,0,0,0,6,6,2,12,0,0,0,1,99,99999,9,9,99,9,9,9,999,999,99,99,99,99,99,99,9999,99,9999,0,0,0,0,0,2,2,40,1,5,8,1,0,0,1,53,1,1,1,25,0,0
12,121868,1,2,2,30,10,14,0,12,2,1,0,12,3,12,461,12461,21,2005,1FTNE24L95HA,1,F,T,N,E,2,4,L,9,5,H,A,0,T,FORD,25V,CG,5,17,,2,0,1380,VAN,G,,,8,330,,,,C,00000,00,E,42,0,0,000000000,00000000000,0,0,0,1,0,0,0,0,0,0,0,55,0,1,1,12,6,2,1,0,0,0,1,12,34986,6,1,0,0,3,3,65,999,0,0,0,0,0,0,0,0,0,0,28,0,0,0,1,2,55,1,1,8,1,0,0,1,10,1,1,2,50,1,0
12,121868,2,2,1,30,10,14,0,12,2,1,0,12,1,84,883,84883,63,2005,1HTXRAPT65J0,1,H,T,X,R,A,P,T,6,5,J,0,0,T,INTL,59I,CC,5,17,,8,0,0,590,D,,,6,915,,,,,00000,00,,64,0,12,1298079,121298079,3,2,4,1,0,0,0,0,0,0,0,55,0,0,0,12,6,2,12,0,0,0,1,12,34953,6,1,6,0,3,0,69,999,0,0,0,0,0,0,0,0,0,0,0,0,0,0,1,2,55,1,1,8,1,0,0,1,62,1,1,1,51,0,0
12,121869,1,2,1,31,10,8,7,12,6,1,0,12,2,37,37,37037,5,2012,JHMZE2H37CS0,J,H,M,Z,E,2,H,3,7,C,S,0,0,P,HOND,INS,4H,12,17,2747,,0,1004,,B,,F,4,079,,,15R185,,,,,,0,0,000000000,00000000000,0,0,0,1,0,0,0,0,0,0,0,10,0,0,0,9,6,2,12,0,0,0,1,12,33547,6,1,0,0,3,3,61,999,0,0,0,0,0,0,0,0,0,0,38,0,0,0,1,2,60,1,1,8,1,4,3,11,15,1,1,1,68,1,1
12,121869,2,2,1,31,10,8,7,12,6,1,0,12,3,84,881,84881,63,1994,1HTSDAAN3RH5,1,H,T,S,D,A,A,N,3,R,H,5,0,T,INTL,490,CC,94,17,,7,2540,1280,40S,D,,,6,466,,,,,00000,00,,42,0,12,1653743,121653743,3,1,7,1,0,0,0,0,0,0,0,60,0,0,0,12,6,2,12,0,0,0,1,12,34208,6,1,6,0,3,0,71,999,0,0,0,0,1,11,2010,11,2010,0,0,0,0,0,1,2,60,1,1,8,1,4,3,1,66,8,1,1,69,0,0
12,121870,1,1,2,2,11,18,45,8,0,1,0,12,2,35,48,35048,2,2006,JN1AZ36A86M4,J,N,1,A,Z,3,6,A,8,6,M,4,0,P,NISS,3ZR,RD,6,17,3580,,0,1043,,G,,F,6,214,,,18R225,,,,,,0,0,000000000,00000000000,0,0,0,1,0,0,0,0,0,0,0,50,0,1,5,12,6,2,8,0,0,0,1,12,33014,6,1,0,0,3,3,65,999,1,0,0,0,0,10,2012,10,2012,1,6,0,0,0,2,2,35,2,1,8,1,0,0,14,13,1,1,4,1,0,0
12,121871,1,3,1,2,11,13,49,12,7,1,0,12,2,12,37,12037,4,2001,1FAFP34391W1,1,F,A,F,P,3,4,3,9,1,W,1,0,P,FORD,FSS,4D,1,17,2563,,0,1030,,G,,F,4,121,,,15R195,,,,,,0,0,000000000,00000000000,0,0,0,1,0,0,0,0,0,0,0,15,0,0,0,9,2,1,54,0,0,0,1,12,33647,6,1,0,0,3,0,63,999,0,0,0,0,0,0,0,0,0,0,38,0,0,0,3,3,60,1,1,8,1,0,0,15,11,1,1,2,98,0,0
12,121871,2,3,2,2,11,13,49,12,7,1,0,1,3,85,881,85881,66,2007,1XKADB9X87J1,1,X,K,A,D,B,9,X,8,7,J,1,1,T,KW,T60,TR,7,17,,8,2600,1600,CON,D,,,6,893,,,,,00000,00,,64,1,1,122275,01122275,3,6,1,1,0,0,0,0,0,0,0,60,0,0,0,61,6,2,12,0,0,0,1,12,32401,6,1,6,3,3,0,69,999,0,0,0,0,0,0,0,0,0,0,0,0,0,0,3,3,60,1,1,8,1,0,0,1,61,8,1,2,45,0,0
12,121871,3,3,1,2,11,13,49,12,7,1,0,12,3,84,881,84881,63,2007,2HSCNAPR67C3,2,H,S,C,N,A,P,R,6,7,C,3,0,T,INTL,94I,TR,7,17,,8,0,0,940,D,,,6,915,,,,,00000,00,,64,0,12,1106515,121106515,3,1,1,1,0,0,0,0,0,0,0,60,0,0,0,81,6,2,12,0,0,1,1,12,32626,6,1,6,0,3,0,67,999,0,0,0,0,0,0,0,0,0,0,0,0,0,0,3,3,60,1,1,8,1,0,0,1,61,1,1,1,44,1,0
12,121872,1,2,1,4,11,9,32,12,6,1,1,99,9,99,999,99999,99,9999,999999999999,9,9,9,9,9,9,9,9,9,9,9,9,0,,,,,,,,,,,,,,,,,,,,,,,,,0,0,000000000,00000000000,0,0,0,1,0,0,0,0,0,0,0,998,0,0,0,3,9,1,12,0,0,0,1,99,99999,9,9,99,9,9,9,999,999,99,99,99,99,99,99,9999,99,9999,0,0,0,0,0,5,4,45,1,6,8,1,3,3,11,15,1,1,1,68,0,0
12,121872,2,2,1,4,11,9,32,12,6,1,0,12,1,53,705,53705,80,2000,JS1GN78A8Y21,J,S,1,G,N,7,8,A,8,Y,2,1,0,M,SUZI,G60,RC,0,17,,,,,,,600,,4,,4,383,,,,,,,0,0,000000000,00000000000,0,0,0,1,0,0,0,0,0,0,0,45,0,0,0,12,6,2,12,0,0,0,1,12,33805,6,1,0,0,3,0,66,999,0,0,0,0,0,0,0,0,0,0,0,0,0,0,5,4,45,1,6,8,1,3,3,1,60,1,1,1,69,1,0
12,121873,1,1,2,4,11,20,0,8,0,1,0,12,2,42,421,42421,15,2008,4JGBF86E98A3,4,J,G,B,F,8,6,E,9,8,A,3,0,P,MERZ,GL5,UT,8,17,5434,,0,1211,,G,,F,8,336,,,21R295,,,,,,0,0,000000000,00000000000,0,0,0,1,0,0,0,0,0,0,0,45,0,0,0,12,4,3,8,0,0,0,1,12,32080,6,1,0,0,3,0,74,999,0,0,0,0,0,0,0,0,0,0,0,0,0,0,2,2,45,1,1,8,1,0,0,1,80,1,1,1,13,0,0
12,121874,1,2,1,6,11,13,27,12,1,1,0,12,1,7,482,7482,31,2003,1D7HA18N13S2,1,D,7,H,A,1,8,N,1,3,S,2,0,T,DODG,SQ1,CW,3,17,,2,1605,1405,RPC,G,,,8,287,,,,B,4665,03,E,42,0,0,000000000,00000000000,0,0,0,1,0,0,0,0,0,0,0,68,0,0,0,12,6,2,12,0,0,0,1,12,33311,6,1,0,0,3,3,63,999,0,0,0,0,0,0,0,0,0,0,0,0,0,0,3,2,70,1,1,8,1,0,0,1,50,1,1,1,20,1,0
12,121874,2,2,1,6,11,13,27,12,1,1,0,6,3,87,881,87881,66,2001,1XP7DB9X91D5,1,X,P,7,D,B,9,X,9,1,D,5,1,T,PTRB,387,TR,1,17,,8,0,0,CON,D,,,6,893,,,,,00000,00,,64,1,6,2205833,062205833,3,6,1,1,0,0,0,0,0,0,0,0,0,0,0,6,4,3,12,0,0,0,1,6,91204,6,1,6,3,3,0,69,185,0,0,0,0,1,6,2012,6,2012,0,0,0,0,0,3,2,70,1,1,8,1,0,0,5,53,1,1,1,21,0,0
12,121875,1,2,4,11,11,2,25,12,1,1,0,12,2,12,23,12023,4,2013,3FA6P0HR3DR1,3,F,A,6,P,0,H,R,3,D,R,1,0,P,FORD,F/E,4D,13,17,3427,,0,1074,,G,,T,4,098,,,17R225,,,,,,0,0,000000000,00000000000,0,0,0,1,0,0,0,0,0,0,0,65,0,0,0,12,6,2,12,0,0,0,1,12,33813,6,1,0,0,3,0,78,999,0,0,0,0,1,1,2010,1,2010,0,6,0,0,0,3,3,65,1,5,8,1,0,0,1,52,1,1,1,28,0,0
12,121875,2,2,1,11,11,2,25,12,1,1,0,12,2,59,34,59034,4,2006,JTHBN96S2650,J,T,H,B,N,9,6,S,2,6,5,0,0,P,LEXS,N43,4D,6,17,3748,,0,1122,,G,,F,8,262,,,17R225,,,,,,0,0,000000000,00000000000,0,0,0,1,0,0,0,0,0,0,0,1,0,0,0,6,6,2,12,0,0,0,1,12,33626,6,1,0,0,3,0,74,999,0,0,0,0,0,0,0,0,0,0,0,0,0,0,3,3,65,1,5,8,1,0,0,2,53,1,1,1,29,1,1
12,121876,1,1,3,11,11,13,13,30,0,1,0,12,1,6,41,6041,4,2002,2C3HD36MX2H2,2,C,3,H,D,3,6,M,X,2,H,2,0,P,CHRY,CIX,4D,2,17,3416,,0,1130,,G,,F,6,215,,,16R225,,,,,,0,0,000000000,00000000000,0,0,0,1,0,0,0,0,0,0,0,60,0,0,0,3,6,2,30,0,0,0,1,12,33063,6,1,0,0,3,0,68,999,0,0,0,0,1,12,2010,12,2010,0,6,85,0,0,2,2,65,1,1,8,1,0,0,1,13,6,4,4,2,1,0
12,121877,1,2,1,13,11,18,7,12,2,1,0,12,1,49,32,49032,4,2004,1NXBR32E34Z2,1,N,X,B,R,3,2,E,3,4,Z,2,0,P,TOYT,UCS,4D,4,17,2502,,0,1024,,G,,F,4,109,,,15R185,,,,,,0,0,000000000,00000000000,0,0,0,1,0,0,0,0,0,0,0,15,0,0,0,12,6,2,12,0,0,0,1,12,32218,6,1,0,0,3,3,62,999,0,0,0,0,0,0,0,0,0,0,38,0,0,0,2,2,55,1,1,8,1,20,3,11,15,1,1,1,68,0,0
12,121877,2,2,2,13,11,18,7,12,2,1,0,12,2,20,16,20016,4,2004,1G1JC52F1471,1,G,1,J,C,5,2,F,1,4,7,1,0,P,CHEV,CAV,4D,4,17,2676,,0,1041,,G,,F,4,134,,,14R195,,,,,,0,0,000000000,00000000000,0,0,0,1,0,0,0,0,0,0,0,57,0,0,0,12,6,2,12,0,0,0,1,12,32218,6,1,6,0,3,0,72,999,0,0,0,0,0,0,0,0,0,0,0,0,0,0,2,2,55,1,1,8,1,0,0,1,67,1,1,1,69,1,0
12,121878,1,2,3,6,10,22,50,12,6,1,0,12,2,12,401,12401,14,1999,1FMZU32P0XZC,1,F,M,Z,U,3,2,P,0,X,Z,C,0,P,FORD,EPR,UT,99,17,3891,,0,1116,,G,,F,8,302,,,15R225,,,,,,0,0,000000000,00000000000,0,0,0,1,0,0,0,0,0,0,0,5,0,0,0,2,6,2,12,0,0,0,1,29,64459,6,1,0,0,3,0,65,999,0,0,0,0,0,0,0,0,0,0,0,0,0,0,2,3,55,1,1,8,1,0,0,12,15,1,1,1,98,0,0
12,121878,2,2,1,6,10,22,50,12,6,1,0,12,1,53,705,53705,80,2005,JS1GN7CA5521,J,S,1,G,N,7,C,A,5,5,2,1,0,M,SUZI,GSK,RC,5,17,,,,,,,599,,4,,4,355,,,,,,,0,0,000000000,00000000000,0,0,0,1,0,0,0,0,0,0,0,70,0,0,0,12,6,2,12,0,0,0,1,12,34639,6,1,0,0,3,3,69,999,0,0,0,0,0,0,0,0,0,1,0,0,0,0,2,3,55,1,1,8,1,0,0,1,65,1,1,1,98,1,0
12,121879,1,1,1,6,10,23,40,8,0,1,0,12,2,49,32,49032,4,2011,JTDBU4EE7B91,J,T,D,B,U,4,E,E,7,B,9,1,0,P,TOYT,CBS,4D,11,17,2734,,0,1024,,G,,F,4,110,,,15R195,,,,,,0,0,000000000,00000000000,0,0,0,1,0,0,0,0,0,0,0,65,0,0,0,12,6,2,8,0,0,0,1,12,32765,6,1,0,0,3,3,58,999,0,0,0,0,0,0,0,0,0,0,0,0,0,0,3,2,65,1,1,8,1,0,0,1,80,1,1,1,13,0,0
12,121880,1,2,1,4,11,1,52,12,8,1,1,99,9,99,999,99999,99,9999,999999999999,9,9,9,9,9,9,9,9,9,9,9,9,0,,,,,,,,,,,,,,,,,,,,,,,,,0,0,000000000,00000000000,0,0,0,1,0,0,0,0,0,0,0,60,0,0,0,11,2,1,12,0,0,0,1,99,99999,9,9,99,9,9,9,999,999,99,99,99,99,99,99,9999,99,9999,0,0,0,0,0,1,2,60,1,1,8,1,0,0,1,10,99,1,2,64,0,0
12,121880,2,2,2,4,11,1,52,12,8,1,0,12,9,54,31,54031,3,1996,JH4DC4358TS0,J,H,4,D,C,4,3,5,8,T,S,0,0,P,ACUR,ILS,2H,96,17,2572,,0,1012,,G,,F,4,112,,,14R195,,,,,,0,0,000000000,00000000000,0,0,0,1,0,0,0,0,0,0,0,60,0,0,0,7,6,2,12,0,0,0,1,99,99999,9,9,99,9,9,9,999,999,99,99,99,99,99,99,9999,99,9999,0,0,0,0,0,1,2,60,1,1,8,1,0,0,1,62,1,1,1,65,1,0
12,121881,1,1,2,11,11,12,40,30,0,1,0,21,1,48,45,48045,6,2003,4S3BH6751376,4,S,3,B,H,6,7,5,1,3,7,6,0,P,SUBA,UWP,SW,3,17,3430,,0,1043,,G,,F,4,153,,,16R225,,,,,,0,0,000000000,00000000000,0,0,0,1,0,0,0,0,0,0,0,65,0,1,5,9,6,2,30,0,0,0,1,21,42122,6,1,0,0,3,0,67,187,0,0,0,0,0,0,0,0,0,0,0,0,0,0,2,2,65,1,1,8,1,0,0,1,13,1,1,4,1,2,0
12,121882,1,1,1,17,11,1,0,1,0,1,0,12,1,12,481,12481,31,1997,1FTEF2761VND,1,F,T,E,F,2,7,6,1,V,N,D,0,T,FORD,F25,PK,97,17,,2,0,1390,COF,G,,,8,281,,,,C,4310,00,E,42,0,0,000000000,00000000000,0,0,0,1,0,0,0,0,0,0,0,55,0,1,6,0,6,2,1,0,0,0,1,12,33406,6,1,0,0,3,0,70,999,0,0,0,0,0,0,0,0,0,0,28,0,0,0,1,2,55,1,1,8,1,0,0,1,12,6,1,4,6,1,1
12,121884,1,2,0,3,10,21,23,12,6,1,0,12,3,51,881,51881,66,2005,4V4NC9GH65N3,4,V,4,N,C,9,G,H,6,5,N,3,1,T,VOLV,VNL,TR,5,17,,8,0,0,VVN,D,,,6,732,,,,,00000,00,,64,1,13,196820,13196820,3,6,1,1,0,0,0,0,0,0,0,0,0,0,0,5,6,2,12,0,0,0,0,0,99997,7,6,97,7,6,7,998,997,998,998,998,998,998,98,9998,98,9998,8,20,0,0,0,1,2,98,1,1,8,2,0,0,0,53,0,0,0,90,0,0
12,121884,2,2,1,3,10,21,23,12,6,1,0,12,1,7,482,7482,31,1999,3B7HC13Y2XG1,3,B,7,H,C,1,3,Y,2,X,G,1,0,T,DODG,Q15,4C,99,17,,2,1547,1387,RPC,G,,,8,318,,,,B,4604,02,U,42,0,0,000000000,00000000000,0,0,0,1,0,0,0,0,0,0,0,999,0,0,0,12,6,2,12,0,0,0,1,12,33801,6,1,0,0,3,3,78,999,0,0,0,0,0,0,0,0,0,0,0,0,0,0,3,3,55,1,1,8,2,0,0,1,50,1,1,1,90,1,0
12,121885,1,2,2,20,10,2,18,12,1,1,0,12,1,59,31,59031,4,2003,JTHBF30G5360,J,T,H,B,F,3,0,G,5,3,6,0,0,P,LEXS,ES3,4D,3,17,3439,,0,1071,,G,,F,6,183,,,16R215,,,,,,0,0,000000000,00000000000,0,0,0,1,0,0,0,0,0,0,0,45,0,0,0,12,6,2,42,0,0,0,1,12,33196,6,1,0,0,3,0,71,999,1,1,0,0,0,2,2012,8,2012,0,6,0,0,0,2,3,45,1,1,8,1,0,0,1,51,1,1,1,24,1,0
12,121885,2,2,2,20,10,2,18,12,1,1,0,12,1,37,31,37031,2,2001,1HGEM22911L0,1,H,G,E,M,2,2,9,1,1,L,0,0,P,HOND,SIX,CP,1,17,2590,,0,1031,,G,,F,4,102,,,15R185,,,,,,0,0,000000000,00000000000,0,0,0,1,0,0,0,0,0,0,0,40,0,0,0,6,4,1,12,0,0,0,1,12,33035,6,1,0,0,3,3,74,999,0,0,0,0,0,0,0,0,0,0,0,0,0,0,2,3,45,1,1,8,1,0,0,1,53,1,1,1,25,0,0
12,121886,1,1,1,1,11,19,35,8,0,1,0,12,1,37,31,37031,4,2004,2HGES16664H5,2,H,G,E,S,1,6,6,6,4,H,5,0,P,HOND,UCL,4D,4,17,2515,,0,1031,,G,,F,4,102,,,15R195,,,,,,0,0,000000000,00000000000,0,0,0,1,0,0,0,0,0,0,0,998,0,0,0,12,4,3,8,0,0,0,1,12,33965,6,1,0,0,3,0,64,999,0,0,0,0,0,0,0,0,0,0,0,0,0,0,5,4,40,1,1,8,1,0,0,1,80,1,1,1,13,0,0
12,121887,1,2,1,4,11,13,40,12,2,1,0,12,2,2,405,2405,14,2007,1J4GL48KX7W5,1,J,4,G,L,4,8,K,X,7,W,5,0,T,JEEP,SPR,4W,7,17,,1,0,1043,LIB,G,,,6,226,,,,,3864,00,E,44,0,0,000000000,00000000000,0,0,0,1,0,0,0,0,0,0,0,10,0,0,0,12,6,2,12,0,0,0,1,12,32464,6,1,0,0,3,3,70,999,0,0,0,0,0,0,0,0,0,0,38,0,0,0,2,2,45,1,1,8,1,3,3,11,15,1,1,1,68,0,0
12,121887,2,2,3,4,11,13,40,12,2,1,0,12,1,35,47,35047,4,2004,1N4AL11D84C1,1,N,4,A,L,1,1,D,8,4,C,1,0,P,NISS,ABS,4D,4,17,2913,,0,1102,,G,,F,4,153,,,16R205,,,,,,0,0,000000000,00000000000,0,0,0,1,0,0,0,0,0,0,0,45,0,0,0,12,6,2,12,0,0,0,1,12,32311,6,1,0,0,3,3,62,999,0,0,0,0,0,0,0,0,0,0,0,0,0,0,2,2,45,1,1,8,1,3,3,1,62,1,1,1,69,1,0
12,121888,1,1,1,7,11,19,19,8,0,1,0,12,2,30,42,30042,5,2007,WVWGV71K17W0,W,V,W,G,V,7,1,K,1,7,W,0,0,P,VOLK,NTI,4H,7,17,3162,,0,1015,,G,,T,4,121,,,17R225,,,,,,0,0,000000000,00000000000,0,0,0,1,0,0,0,0,0,0,0,40,0,0,0,12,4,3,8,0,0,0,1,12,33324,6,1,0,0,3,0,70,999,0,0,0,0,0,0,0,0,0,0,0,0,0,0,3,3,45,1,1,8,1,0,0,1,80,8,1,1,13,0,0
12,121889,1,1,1,8,11,21,37,9,0,1,0,12,1,59,32,59032,4,2005,JTHBN36F6550,J,T,H,B,N,3,6,F,6,5,5,0,0,P,LEXS,L43,4D,5,17,3990,,0,1152,,G,,F,8,262,,,17R225,,,,,,0,0,000000000,00000000000,0,0,0,1,0,0,0,0,0,0,0,30,0,0,0,12,2,1,9,0,0,0,1,12,33455,6,1,0,0,3,3,65,999,0,0,0,0,0,0,0,0,0,0,0,0,0,0,1,2,30,1,1,8,1,0,0,1,83,1,1,1,13,0,0
12,121891,1,1,1,10,11,7,9,42,0,1,0,12,1,53,32,53032,6,2001,JS2GB41W1152,J,S,2,G,B,4,1,W,1,1,5,2,0,P,SUZI,ELX,SW,1,17,2403,,0,976,,G,,F,4,112,,,14R185,,,,,,0,0,000000000,00000000000,0,0,0,1,0,0,0,0,0,0,0,50,0,1,6,12,6,2,1,0,0,0,1,12,32038,6,1,0,0,3,0,66,999,0,1,0,0,0,8,2012,8,2012,0,0,0,0,0,2,2,50,1,1,8,1,0,0,1,13,1,1,4,1,1,0
12,121892,1,2,1,10,11,16,22,12,6,1,0,12,1,20,402,20402,14,2002,2CNBE13C7269,2,C,N,B,E,1,3,C,7,2,6,9,0,P,CHEV,TKR,UT,2,17,2906,,0,976,,G,,F,4,122,,,15R195,,,,,,0,0,000000000,00000000000,0,0,0,1,0,0,0,0,0,0,0,15,0,0,0,10,6,2,12,0,0,0,1,12,32708,6,1,0,0,3,0,69,999,0,0,0,0,0,0,0,0,0,0,0,0,0,0,2,3,45,1,1,8,1,20,3,11,15,1,1,1,68,0,0
12,121892,2,2,1,10,11,16,22,12,6,1,0,12,1,37,706,37706,80,2008,JH2SC59088M0,J,H,2,S,C,5,9,0,8,8,M,0,0,M,HOND,CBS,RC,8,17,,,,,,,998,,4,,4,439,,,,,,,0,0,000000000,00000000000,0,0,0,1,0,0,0,0,0,0,0,45,0,0,0,12,6,2,12,0,0,0,1,12,32828,6,1,0,0,3,0,72,999,0,5,0,0,1,9,2010,4,2012,1,0,0,0,0,2,3,45,1,1,8,1,0,0,1,67,6,1,1,69,1,0
12,121893,1,1,4,12,11,5,5,1,0,1,0,12,1,12,481,12481,31,2004,1FTNW21L54ED,1,F,T,N,W,2,1,L,5,4,E,D,0,T,FORD,F2S,CW,4,17,,2,1724,1562,SRW,G,,,8,330,,,,C,6234,00,E,44,0,0,000000000,00000000000,0,0,0,1,0,0,0,0,0,0,0,70,0,1,3,0,6,2,1,0,0,0,1,12,34952,6,1,0,0,3,0,76,999,0,0,0,0,0,0,0,0,0,0,6,0,0,0,3,3,70,1,6,8,1,0,0,1,12,6,1,4,6,1,0
12,121895,1,2,1,18,11,16,26,12,6,1,0,12,1,7,20,7020,4,2001,1B3ES46C71D2,1,B,3,E,S,4,6,C,7,1,D,2,0,P,DODG,NSS,4D,1,17,2585,,0,1050,,G,,F,4,122,,,14R185,,,,,,0,0,000000000,00000000000,0,0,0,1,0,0,0,0,0,0,0,25,0,0,0,12,6,2,12,0,0,0,1,12,34788,6,1,0,0,3,3,60,999,0,0,0,0,0,0,0,0,0,0,39,0,0,0,1,2,25,1,1,8,1,20,3,1,17,1,1,1,86,0,0
12,121895,2,2,3,18,11,16,26,12,6,1,0,12,1,12,481,12481,31,2002,1FTNX20L42ED,1,F,T,N,X,2,0,L,4,2,E,D,0,T,FORD,F2S,4C,2,17,,2,1580,1418,SRW,G,,,8,330,,,,C,5562,04,U,42,0,0,000000000,00000000000,0,0,0,1,0,0,0,0,0,0,0,45,0,1,5,3,6,2,1,0,0,0,1,12,32702,6,1,0,0,3,0,64,999,0,0,0,0,0,0,0,0,0,0,0,0,0,0,1,2,45,1,1,8,1,0,0,1,66,1,1,1,87,1,0
12,121896,1,2,1,19,11,4,25,12,1,1,0,12,1,7,20,7020,4,2000,1B3ES46CXYD8,1,B,3,E,S,4,6,C,X,Y,D,8,0,P,DODG,NSE,4D,0,17,2515,,0,1050,,G,,F,4,122,,,14R185,,,,,,0,0,000000000,00000000000,0,0,0,1,0,0,0,0,0,0,0,65,0,0,0,12,6,2,12,0,0,0,1,12,33060,6,1,0,0,3,0,71,999,0,0,0,0,0,0,0,0,0,1,39,0,0,0,2,3,45,1,1,8,1,3,3,1,51,1,1,1,24,1,0
12,121896,2,2,1,19,11,4,25,12,1,1,0,12,3,38,882,38882,62,2011,JALC4W16XB70,J,A,L,C,4,W,1,6,X,B,7,0,0,T,ISU,NPR,TB,11,17,,4,0,0,NPR,D,,,4,317,,,,,00000,00,,42,0,77,777777777,77777777777,2,1,1,1,0,0,0,0,0,0,0,25,0,1,5,6,6,2,12,0,0,0,1,12,33013,6,1,0,0,3,0,67,999,0,0,0,0,0,0,0,0,0,0,0,0,0,0,6,8,45,1,1,8,1,3,3,1,53,1,1,1,25,0,0
12,121897,1,1,1,28,10,11,15,24,0,1,0,48,2,76,705,76705,80,2009,JYARJ06E39A0,J,Y,A,R,J,0,6,E,3,9,A,0,0,M,YAMA,F6S,RC,9,17,,,,,,,600,,4,,4,410,,,,,,,0,0,000000000,00000000000,0,0,0,1,0,0,0,0,0,0,0,100,0,0,0,11,6,2,24,0,0,0,1,12,33184,6,1,0,0,2,0,65,999,0,0,0,0,0,0,0,0,0,0,6,0,0,0,3,4,70,1,1,2,1,0,0,1,12,1,1,4,6,1,0
12,121898,1,1,1,2,11,20,50,8,0,1,1,99,9,99,999,99999,99,9999,999999999999,9,9,9,9,9,9,9,9,9,9,9,9,0,,,,,,,,,,,,,,,,,,,,,,,,,0,0,000000000,00000000000,0,0,0,1,0,0,0,0,0,0,0,999,0,0,0,99,4,1,8,0,0,0,1,99,99999,9,9,99,9,9,9,999,999,99,99,99,99,99,99,9999,99,9999,9,0,0,0,0,5,4,35,1,1,8,1,0,0,1,80,99,1,1,13,0,0
12,121899,1,2,1,5,11,6,17,12,2,1,0,12,3,12,881,12881,61,2006,1FDAF56P06EA,1,F,D,A,F,5,6,P,0,6,E,A,0,T,FORD,F5D,CB,6,17,,5,2000,1410,DRW,D,,,8,366,,,,,00000,00,U,42,0,12,774244,12774244,2,1,96,1,0,0,0,0,0,0,0,15,0,0,0,12,6,2,12,0,0,0,1,12,33905,6,1,6,3,3,0,71,999,0,0,0,0,0,0,0,0,0,0,38,0,0,0,2,2,40,1,1,8,1,3,3,11,15,1,1,1,68,0,0
12,121899,2,2,1,5,11,6,17,12,2,1,0,12,1,37,706,37706,80,1999,1HFSC2208XA1,1,H,F,S,C,2,2,0,8,X,A,1,0,M,HOND,G5A,RS,99,17,,,,,,,1520,,6,,4,803,,,,,,,0,0,000000000,00000000000,0,0,0,1,0,0,0,0,0,0,0,40,0,0,0,12,6,2,12,0,0,0,1,12,33982,6,1,0,0,3,0,71,999,0,0,0,0,0,0,0,0,0,0,0,0,0,0,2,2,40,1,1,8,1,3,3,1,62,1,1,1,69,1,0
12,121900,1,3,2,15,11,21,11,12,2,1,0,12,2,19,18,19018,4,2005,1G6DP5675501,1,G,6,D,P,5,6,7,5,5,0,1,0,P,CADI,HF6,4D,5,17,3509,,0,1134,,G,,F,6,220,,,17R225,,,,,,0,0,000000000,00000000000,0,0,0,1,0,0,0,0,0,0,0,10,0,0,0,12,6,2,12,0,0,0,1,12,33917,6,1,0,0,3,0,67,999,0,0,0,1,0,4,2012,4,2012,0,38,0,0,0,5,4,50,1,1,8,1,0,0,11,15,1,1,1,68,0,0
12,121900,2,3,1,15,11,21,11,12,2,1,0,12,2,76,706,76706,80,2001,JYARN05E01A0,J,Y,A,R,N,0,5,E,0,1,A,0,0,M,YAMA,YFR,RC,1,17,,,,,,,998,,4,,4,385,,,,,,,0,0,000000000,00000000000,0,0,0,1,0,0,0,0,0,0,0,50,0,0,0,12,6,2,12,0,0,0,1,12,33917,1,1,0,0,2,0,72,999,0,1,0,0,0,7,2012,7,2012,0,0,0,0,0,5,4,50,1,1,8,1,0,0,1,62,1,1,1,69,1,0