STATE,ST_CASE,VEH_NO,VE_FORMS,NUMOCCS,DAY,MONTH,HOUR,MINUTE,HARM_EV,MAN_COLL,UNITTYPE,HIT_RUN,REG_STAT,OWNER,MAKE,MODEL,MAK_MOD,BODY_TYP,MOD_YEAR,VIN,VIN_1,VIN_2,VIN_3,VIN_4,VIN_5,VIN_6,VIN_7,VIN_8,VIN_9,VIN_10,VIN_11,VIN_12,TOW_VEH,VINTYPE,VINMAKE,VINA_MOD,VIN_BT,VINMODYR,VIN_LNGT,VIN_WGT,WGTCD_TR,WHLBS_LG,WHLBS_SH,SER_TR,FUELCODE,MCYCL_DS,CARBUR,CYLINDER,DISPLACE,MCYCL_CY,MCYCL_WT,TIRE_SZE,TON_RAT,TRK_WT,TRKWTVAR,VIN_REST,WHLDRWHL,J_KNIFE,MCARR_I1,MCARR_I2,MCARR_ID,GVWR,V_CONFIG,CARGO_BT,HAZ_INV,HAZ_PLAC,HAZ_ID,HAZ_CNO,HAZ_REL,BUS_USE,SPEC_USE,EMER_USE,TRAV_SP,UNDERIDE,ROLLOVER,ROLINLOC,IMPACT1,DEFORMED,TOWED,M_HARM,VEH_SC1,VEH_SC2,FIRE_EXP,DR_PRES,L_STATE,DR_ZIP,L_STATUS,L_TYPE,CDL_STAT,L_ENDORS,L_COMPL,L_RESTRI,DR_HGT,DR_WGT,PREV_ACC,PREV_SUS,PREV_DWI,PREV_SPD,PREV_OTH,FIRST_MO,FIRST_YR,LAST_MO,LAST_YR,SPEEDREL,DR_SF1,DR_SF2,DR_SF3,DR_SF4,VTRAFWAY,VNUM_LAN,VSPD_LIM,VALIGN,VPROFILE,VPAVETYP,VSURCOND,VTRAFCON,VTCONT_F,P_CRASH1,P_CRASH2,P_CRASH3,PCRASH4,PCRASH5,ACC_TYPE,DEATHS,DR_DRINK
12,121900,3,3,2,15,11,21,11,12,2,1,0,12,1,73,709,73709,80,2008,JKAZXCE198A0,J,K,A,Z,X,C,E,1,9,8,A,0,0,M,KAWK,Z0E,RC,8,17,,,,,,,998,,4,,4,394,,,,,,,0,0,000000000,00000000000,0,0,0,1,0,0,0,0,0,0,0,50,0,0,0,9,2,3,12,0,0,0,1,12,33917,6,1,0,0,3,0,71,999,0,5,0,0,0,12,2011,6,2012,0,0,0,0,0,5,4,50,1,1,8,1,0,0,1,62,4,1,1,98,0,0
12,121901,1,1,3,16,11,8,31,8,0,1,0,12,1,12,401,12401,14,1996,1FMDU35P2TUD,1,F,M,D,U,3,5,P,2,T,U,D,0,P,FORD,EPR,UT,96,17,4189,,0,1115,,G,,F,8,302,,,15R225,,,,,,0,0,000000000,00000000000,0,0,0,1,0,0,0,0,0,0,0,40,0,0,0,12,4,1,8,0,0,0,1,12,33578,6,1,0,0,3,0,65,999,0,0,0,0,0,0,0,0,0,0,0,0,0,0,2,2,45,1,1,8,2,0,0,1,80,9,1,1,13,0,0
12,121902,1,1,4,16,11,19,39,8,0,1,0,12,1,6,41,6041,4,2000,2C3HD36J0YH1,2,C,3,H,D,3,6,J,0,Y,H,1,0,P,CHRY,CIX,4D,0,17,3474,,0,1130,,G,,F,6,197,,,16R225,,,,,,0,0,000000000,00000000000,0,0,0,1,0,0,0,0,0,0,0,30,0,0,0,12,4,1,8,0,0,0,1,12,32571,6,1,0,0,3,0,64,999,0,1,0,2,0,9,2010,4,2011,0,0,0,0,0,2,3,40,1,1,8,1,0,0,1,80,1,1,1,13,0,0
12,121903,1,1,2,17,11,14,41,9,0,1,0,12,1,2,403,2403,14,2007,1J4GA591X7L1,1,J,4,G,A,5,9,1,X,7,L,1,0,T,JEEP,SAH,4W,7,17,,1,0,1160,WRA,G,,,6,230,,,,,4269,00,4,44,0,0,000000000,00000000000,0,0,0,1,0,0,0,0,0,0,0,35,0,0,0,12,2,8,9,0,0,0,1,12,33566,6,1,0,0,3,3,72,999,0,0,0,0,0,0,0,0,0,0,0,0,0,0,6,1,35,2,1,8,1,0,0,14,83,1,1,1,13,0,1
12,121904,1,1,1,17,11,23,39,1,0,1,0,12,1,72,706,72706,80,2011,1HD1KGM14BB6,1,H,D,1,K,G,M,1,4,B,B,6,0,M,HD,LRU,RS,11,17,,,,,,,1690,,2,,4,850,,,,,,,0,0,000000000,00000000000,0,0,0,1,0,0,0,0,0,0,0,65,0,0,0,0,4,3,1,0,0,0,1,12,32759,6,1,0,0,3,3,69,999,0,0,0,0,0,0,0,0,0,0,28,0,0,0,3,2,65,1,1,8,1,0,0,1,13,1,1,4,1,1,1
12,121905,1,2,1,20,11,18,58,12,2,1,0,12,1,12,23,12023,4,2011,3FAHP0HAXBR1,3,F,A,H,P,0,H,A,X,B,R,1,0,P,FORD,F/E,4D,11,17,3285,,0,1074,,G,,F,4,152,,,17R225,,,,,,0,0,000000000,00000000000,0,0,0,1,0,0,0,0,0,0,0,50,0,0,0,12,6,2,12,0,0,0,1,12,33547,6,1,0,0,3,0,65,999,0,0,0,0,0,0,0,0,0,0,35,0,0,0,1,2,55,1,1,8,1,0,0,6,54,1,1,2,50,1,0
12,121905,2,2,1,20,11,18,58,12,2,1,0,48,2,12,401,12401,14,1995,1FMDU34XXSUB,1,F,M,D,U,3,4,X,X,S,U,B,0,P,FORD,EPR,UT,95,17,4053,,0,1115,,G,,F,6,245,,,15R225,,,,,,0,0,000000000,00000000000,0,0,0,1,0,0,0,0,0,0,0,50,0,0,0,12,6,2,12,0,0,0,1,12,33567,0,0,0,0,0,0,999,999,0,0,0,0,0,0,0,0,0,0,0,0,0,0,1,2,55,1,1,8,1,0,0,1,62,1,1,1,51,0,0
12,121906,1,1,4,22,11,19,45,8,0,1,0,12,1,2,404,2404,14,2001,1J4GX48S01C7,1,J,4,G,X,4,8,S,0,1,C,7,0,T,JEEP,LRO,4W,1,17,,1,0,1059,GCK,G,,,6,244,,,,,3675,01,E,42,0,0,000000000,00000000000,0,0,0,1,0,0,0,0,0,0,0,55,0,0,0,12,6,2,8,0,0,0,1,12,34472,6,1,0,0,3,3,69,999,0,0,0,0,0,0,0,0,0,0,0,0,0,0,3,2,55,1,1,8,1,0,0,1,80,1,1,1,13,0,0
12,121907,1,2,1,23,11,5,25,12,1,1,0,12,1,37,32,37032,4,1992,1HGCB7670NA0,1,H,G,C,B,7,6,7,0,N,A,0,0,P,HOND,AEX,4D,92,17,2987,,0,1071,,G,,F,4,132,,,15R195,,,,,,0,0,000000000,00000000000,0,0,0,1,0,0,0,0,0,0,0,5,0,0,0,6,6,2,12,0,0,0,1,12,34953,6,1,0,0,3,3,68,999,0,0,0,0,0,0,0,0,0,0,6,0,0,0,2,3,70,1,1,8,1,0,0,1,53,1,1,1,25,1,0
12,121907,2,2,1,23,11,5,25,12,1,1,0,12,3,82,881,82881,66,2006,1FUBA6CK66LW,1,F,U,B,A,6,C,K,6,6,L,W,1,T,FRHT,COL,TR,6,17,,8,0,0,CON,D,,,6,855,,,,,00000,00,,42,1,12,476633,12476633,3,6,1,1,0,0,0,0,0,0,0,62,0,0,0,12,6,2,12,0,0,0,1,12,33407,6,1,6,3,3,0,72,999,0,3,0,0,0,6,2010,12,2011,0,0,0,0,0,2,3,70,1,1,8,1,0,0,1,51,1,1,1,24,0,0
12,121908,1,1,1,2,11,19,40,8,0,1,0,12,1,6,41,6041,4,1997,2C3HD56F5VH5,2,C,3,H,D,5,6,F,5,V,H,5,0,P,CHRY,L/L,4D,97,17,3460,,0,1130,,G,,F,6,215,,,16R225,,,,,,0,0,000000000,00000000000,0,0,0,1,0,0,0,0,0,0,0,45,0,0,0,12,4,3,8,0,0,0,1,12,33070,6,1,0,0,3,3,75,999,0,0,0,0,0,0,0,0,0,0,0,0,0,0,2,2,45,1,1,8,1,0,0,1,80,1,1,1,13,0,0
12,121909,1,1,1,11,11,1,45,1,0,1,0,12,1,12,401,12401,14,2000,1FMZU64E2YZA,1,F,M,Z,U,6,4,E,2,Y,Z,A,0,P,FORD,EPR,UT,0,17,3970,,0,1116,,G,,F,6,245,,,16R255,,,,,,0,0,000000000,00000000000,0,0,0,1,0,0,0,0,0,0,0,65,0,1,6,0,6,2,1,0,0,0,1,12,33414,6,1,0,0,3,3,68,999,0,4,0,1,0,4,2011,11,2011,0,6,0,0,0,2,4,65,1,1,8,1,0,0,1,13,1,1,4,1,1,1
12,121910,1,1,2,11,11,12,52,8,0,1,0,12,2,7,472,7472,30,2004,1D7HL38K04S5,1,D,7,H,L,3,8,K,0,4,S,5,0,T,DODG,QSP,CW,4,17,,2,0,1309,DAK,G,,,6,225,,,,B,4088,00,E,42,0,0,000000000,00000000000,0,0,0,1,0,0,0,0,0,0,0,10,0,0,0,12,0,3,8,0,0,0,1,12,33527,6,1,0,0,3,3,65,999,0,0,0,0,0,0,0,0,0,0,38,0,0,0,5,2,45,1,1,8,1,3,3,10,80,1,1,1,13,0,0
12,121911,1,1,1,14,11,15,40,9,0,1,1,99,9,99,999,99999,99,9999,999999999999,9,9,9,9,9,9,9,9,9,9,9,9,0,,,,,,,,,,,,,,,,,,,,,,,,,0,0,000000000,00000000000,0,0,0,1,0,0,0,0,0,0,0,999,0,0,0,99,9,1,9,0,0,0,1,99,99999,9,9,99,9,9,9,999,999,99,99,99,99,99,99,9999,99,9999,0,0,0,0,0,3,3,98,8,8,8,1,0,0,99,85,99,1,1,13,0,0
12,121912,1,1,1,16,11,17,10,42,0,1,0,12,2,7,26,7026,4,2010,1B3CC1FB8AN2,1,B,3,C,C,1,F,B,8,A,N,2,0,P,DODG,AEX,4D,10,17,3405,,0,1089,,G,,F,4,146,,,17R215,,,,,,0,0,000000000,00000000000,0,0,0,1,0,0,0,0,0,0,0,55,0,0,0,3,6,2,42,0,0,0,1,12,32648,6,1,0,0,3,0,62,999,0,0,0,0,0,0,0,0,0,0,6,0,0,0,1,2,55,1,1,8,1,0,0,1,12,3,1,4,6,1,1
12,121913,1,2,1,21,11,6,30,12,6,1,0,12,1,49,40,49040,4,2002,4T1BE32K82U5,4,T,1,B,E,3,2,K,8,2,U,5,0,P,TOYT,LXS,4D,2,17,3086,,0,1071,,G,,F,4,144,,,15R205,,,,,,0,0,000000000,00000000000,0,0,0,1,0,0,0,0,0,0,0,5,0,0,0,12,6,2,12,0,0,0,1,12,32220,6,1,0,0,3,0,65,999,0,0,0,0,0,0,0,0,0,0,38,0,0,0,6,2,40,1,1,8,1,0,0,11,10,1,1,1,68,0,0
12,121913,2,2,1,21,11,6,30,12,6,1,0,12,1,72,706,72706,80,2009,1HD1GY4169K3,1,H,D,1,G,Y,4,1,6,9,K,3,0,M,HD,FTB,RS,9,17,,,,,,,1584,,2,,4,703,,,,,,,0,0,000000000,00000000000,0,0,0,1,0,0,0,0,0,0,0,40,0,0,0,11,4,8,12,0,0,0,1,12,32244,6,1,0,0,3,0,73,999,0,0,0,0,0,0,0,0,0,0,0,0,0,0,2,2,40,1,1,8,1,0,0,1,62,1,1,1,69,1,0
12,121914,1,1,2,24,11,4,35,42,0,1,0,12,1,20,22,20022,4,2009,1G1AT58H9972,1,G,1,A,T,5,8,H,9,9,7,2,0,P,CHEV,BLT,4D,9,17,3216,,0,1033,,G,,F,4,134,,,15R195,,,,,,0,0,000000000,00000000000,0,0,0,1,0,0,0,0,0,0,0,35,0,0,0,12,6,2,42,0,0,0,1,12,34759,6,1,0,0,3,0,68,999,0,1,0,0,0,3,2012,3,2012,0,0,0,0,0,1,2,35,1,6,8,1,0,0,1,13,6,1,4,6,1,1
12,121915,1,2,1,25,11,9,52,12,6,1,0,12,1,20,2,20002,4,2005,2G1WF52E7591,2,G,1,W,F,5,2,E,7,5,9,1,0,P,CHEV,IMP,4D,5,17,3389,,0,1105,,G,,F,6,207,,,16R225,,,,,,0,0,000000000,00000000000,0,0,0,1,0,0,0,0,0,0,0,998,0,0,0,82,6,2,12,0,0,0,1,12,33305,6,1,0,0,3,0,74,999,0,0,0,0,1,10,2011,10,2011,0,0,0,0,0,3,2,45,1,1,8,1,99,9,99,17,99,1,1,87,1,0
12,121915,2,2,1,25,11,9,52,12,6,1,0,12,2,55,401,55401,14,2006,KM8SC13E46U0,K,M,8,S,C,1,3,E,4,6,U,0,0,P,HYUN,SAN,UT,6,17,3549,,0,1031,,G,,F,6,213,,,16R225,,,,,,0,0,000000000,00000000000,0,0,0,1,0,0,0,0,0,0,0,998,0,0,0,12,6,2,12,0,0,0,1,12,33073,6,1,0,0,3,0,66,999,0,0,0,0,0,0,0,0,0,0,0,0,0,0,3,2,45,1,1,8,1,3,3,1,17,1,1,1,86,0,0
12,121916,1,2,1,20,7,16,3,12,6,1,0,12,1,20,471,20471,30,1989,1GCCS14Z3K81,1,G,C,C,S,1,4,Z,3,K,8,1,0,T,CHEV,S14,PK,89,17,,1,1179,1083,S,G,,,6,262,,,,B,2612,01,,42,0,0,000000000,00000000000,0,0,0,1,0,0,0,0,0,0,0,10,0,0,0,9,6,2,12,0,0,0,1,12,33607,6,1,0,0,3,3,68,999,0,0,0,0,0,0,0,0,0,0,38,0,0,0,1,2,45,1,1,8,1,20,3,1,17,1,1,1,89,1,0
12,121916,2,2,1,20,7,16,3,12,6,1,0,12,1,42,401,42401,14,2005,4JGAB57E75A5,4,J,G,A,B,5,7,E,7,5,A,5,0,P,MERZ,M35,UT,5,17,4819,,0,1110,,G,,F,6,227,,,17R255,,,,,,0,0,000000000,00000000000,0,0,0,1,0,0,0,0,0,0,0,45,0,0,0,12,6,2,12,0,0,0,1,12,33569,6,1,0,0,3,0,64,999,0,0,0,0,0,0,0,0,0,0,0,0,0,0,2,3,45,3,1,8,1,0,0,14,66,1,1,1,88,0,0
12,121917,1,1,1,26,8,0,40,33,0,1,0,12,2,20,461,20461,21,1998,1GCFG25R4W10,1,G,C,F,G,2,5,R,4,W,1,0,0,T,CHEV,G20,CG,98,17,,2,0,1350,VAN,G,,,8,350,,,,C,4829,00,,42,0,0,000000000,00000000000,0,0,0,1,0,0,0,0,0,0,0,73,0,0,0,12,6,2,3,0,0,0,1,12,33175,6,1,0,0,3,0,70,999,0,0,0,0,0,0,0,0,0,0,6,0,0,0,3,2,55,1,1,2,1,0,0,1,12,1,1,4,6,1,1
12,121918,1,1,2,27,8,9,20,24,0,1,0,12,2,12,471,12471,30,2000,1FTYR14V4YTA,1,F,T,Y,R,1,4,V,4,Y,T,A,0,T,FORD,RNS,PC,0,17,,1,0,1257,RNG,F,,,6,182,,,,B,3271,01,U,42,0,0,000000000,00000000000,0,0,0,1,0,0,0,0,0,0,0,45,0,0,0,12,6,2,24,0,0,0,1,12,32169,6,1,0,0,3,0,67,999,1,1,0,0,1,6,2010,6,2010,1,0,0,0,0,3,4,65,1,1,8,2,0,0,1,6,1,1,4,6,1,0
12,121919,1,2,1,7,9,20,49,12,1,1,1,12,2,7,442,7442,20,2006,2D4GP44L96R7,2,D,4,G,P,4,4,L,9,6,R,7,0,T,DODG,GSX,ES,6,17,,1,0,1193,CAR,G,,,6,230,,,,,4252,00,E,42,0,0,000000000,00000000000,0,0,0,1,0,0,0,0,0,0,0,63,0,0,0,12,6,2,12,0,0,0,1,12,33617,0,0,0,0,0,0,72,999,0,3,0,0,0,2,2011,9,2012,1,6,0,0,0,2,2,45,1,1,8,1,0,0,1,51,1,1,1,24,0,1
12,121919,2,2,1,7,9,20,49,12,1,1,0,12,1,99,709,99709,88,2012,LHJTLBBNXCB1,L,H,J,T,L,B,B,N,X,C,B,1,0,U,,,,12,17,,,,,,,,,,,,,,,,,,,0,0,000000000,00000000000,0,0,0,1,0,0,0,0,0,0,0,15,0,0,0,6,6,2,12,0,0,0,1,12,33612,6,7,0,0,3,2,58,999,0,0,0,0,0,0,0,0,0,0,73,0,0,0,2,2,45,1,1,8,1,0,0,1,53,1,1,1,25,1,0
12,121920,1,1,1,8,9,17,14,33,0,1,0,12,2,72,706,72706,80,2002,1HD1GDV142Y3,1,H,D,1,G,D,V,1,4,2,Y,3,0,M,HD,FDL,RS,2,17,,,,,,,1450,,2,,4,612,,,,,,,0,0,000000000,00000000000,0,0,0,1,0,0,0,0,0,0,0,25,0,0,0,98,4,3,14,0,0,0,1,12,33605,6,1,0,0,3,0,70,999,0,0,0,0,1,7,2011,7,2011,0,6,0,0,0,1,2,30,1,1,8,1,0,0,1,12,1,1,4,6,1,1
12,121922,1,2,1,15,9,20,54,12,6,1,0,12,1,53,705,53705,80,2007,JS1GN7DA9721,J,S,1,G,N,7,D,A,9,7,2,1,0,M,SUZI,G60,RC,7,17,,,,,,,599,,4,,4,354,,,,,,,0,0,000000000,00000000000,0,0,0,1,0,0,0,0,0,0,0,998,0,0,0,62,6,2,12,0,0,0,1,12,33328,6,1,0,0,2,0,63,999,0,0,0,0,0,0,0,0,0,1,36,0,0,0,3,3,40,1,1,8,1,0,0,1,62,1,1,1,69,1,1
12,121922,2,2,1,15,9,20,54,12,6,1,0,12,1,63,38,63038,2,2010,KNAFU6A25A51,K,N,A,F,U,6,A,2,5,A,5,1,0,P,KIA,FEX,CP,10,17,2737,,0,1043,,G,,F,4,122,,,15R195,,,,,,0,0,000000000,00000000000,0,0,0,1,0,0,0,0,0,0,0,20,0,0,0,12,6,2,12,0,0,0,1,12,33316,6,1,0,0,3,0,65,999,0,0,0,0,0,0,0,0,0,0,0,0,0,0,3,3,40,1,1,8,1,0,0,11,15,1,1,1,68,0,0
12,121923,1,1,1,19,9,19,50,8,0,1,0,12,2,49,472,49472,30,2000,4TANL42N3YZ6,4,T,A,N,L,4,2,N,3,Y,Z,6,0,T,TOYT,REG,PK,0,17,,1,0,1033,TAC,G,,,4,149,,,,B,2580,00,U,42,0,0,000000000,00000000000,0,0,0,1,0,0,0,0,0,0,0,40,0,0,0,12,4,3,8,0,0,0,1,12,32311,6,1,0,0,3,3,72,999,0,0,0,0,0,0,0,0,0,0,0,0,0,0,3,2,45,1,1,8,1,0,0,1,80,1,1,1,13,0,0
12,121924,1,2,2,27,9,11,8,1,0,1,0,12,1,18,2,18002,4,2005,1G4HP52K95U1,1,G,4,H,P,5,2,K,9,5,U,1,0,P,BUIC,LCF,4D,5,17,3567,,0,1122,,G,,F,6,232,,,15R215,,,,,,0,0,000000000,00000000000,0,0,0,1,0,0,0,0,0,0,0,20,0,0,0,12,6,2,12,0,0,0,1,12,34428,6,1,0,0,3,0,71,999,0,0,0,0,0,0,0,0,0,0,38,6,0,0,1,2,45,1,1,8,1,3,3,11,15,1,1,1,98,0,0
12,121924,2,2,1,27,9,11,8,1,0,1,0,12,1,72,706,72706,80,1996,1HD4CEM13TY2,1,H,D,4,C,E,M,1,3,T,Y,2,0,M,HD,L8H,RS,96,17,,,,,,,883,,2,,4,485,,,,,,,0,0,000000000,00000000000,0,0,0,1,0,0,0,0,0,0,0,45,0,0,0,0,6,2,12,0,0,0,1,12,34448,1,1,0,0,2,0,76,999,0,2,0,0,0,12,2010,11,2011,0,0,0,0,0,1,2,45,1,1,8,1,3,3,1,98,98,1,1,98,1,0
12,121925,1,1,1,29,9,11,30,42,0,1,0,17,3,14,21,14021,4,2006,3MEHM07176R6,3,M,E,H,M,0,7,1,7,6,R,6,0,P,MERC,MLN,4D,6,17,3303,,0,1074,,G,,F,6,183,,,16R205,,,,,,0,0,000000000,00000000000,0,0,0,1,0,0,0,0,0,0,0,70,0,0,0,12,6,2,42,0,0,0,1,12,34235,6,1,0,0,3,0,71,999,0,0,0,0,0,0,0,0,0,0,0,0,0,0,2,3,70,1,1,8,1,0,0,1,13,99,1,4,1,1,0
12,121926,1,1,1,7,10,23,5,33,0,1,0,12,1,53,705,53705,80,2005,JS1GN7CA5521,J,S,1,G,N,7,C,A,5,5,2,1,0,M,SUZI,GSK,RC,5,17,,,,,,,599,,4,,4,355,,,,,,,0,0,000000000,00000000000,0,0,0,1,0,0,0,0,0,0,0,100,0,0,0,98,6,2,33,0,0,0,1,12,33583,1,1,0,0,2,0,69,999,1,5,0,3,1,6,2010,9,2012,1,6,0,0,0,3,2,45,2,6,8,1,0,0,14,6,1,1,4,6,1,1
12,121929,1,1,1,14,10,7,33,42,0,1,0,12,2,12,401,12401,14,2000,1FMZU63E7YZA,1,F,M,Z,U,6,3,E,7,Y,Z,A,0,P,FORD,EPR,UT,0,17,3906,,0,1116,,G,,F,6,245,,,15R235,,,,,,0,0,000000000,00000000000,0,0,0,1,0,0,0,0,0,0,0,55,0,1,6,12,6,2,1,0,0,0,1,12,34266,6,1,0,0,3,0,73,999,0,0,0,0,0,0,0,0,0,0,39,0,0,0,1,2,55,1,1,8,1,0,0,1,12,1,1,4,6,1,1
12,121930,1,2,1,23,10,19,12,12,6,1,0,12,1,37,31,37031,4,2000,2HGEJ6619YH5,2,H,G,E,J,6,6,1,9,Y,H,5,0,P,HOND,UCE,4D,0,17,2388,,0,1032,,G,,F,4,097,,,14R185,,,,,,0,0,000000000,00000000000,0,0,0,1,0,0,0,0,0,0,0,35,0,0,0,2,6,2,12,0,0,0,1,12,34743,6,1,0,0,3,0,69,999,0,0,0,0,0,0,0,0,0,0,38,0,0,0,2,2,40,1,1,8,1,3,3,11,15,1,1,1,68,0,0
12,121930,2,2,1,23,10,19,12,12,6,1,0,12,2,37,705,37705,80,1998,JH2RC4462WM0,J,H,2,R,C,4,4,6,2,W,M,0,0,M,HOND,V7D,RS,98,17,,,,,,,748,,2,,4,505,,,,,,,0,0,000000000,00000000000,0,0,0,1,0,0,0,0,0,0,0,45,0,0,0,12,6,2,2,0,0,1,1,12,34743,6,1,6,0,3,0,70,999,0,1,0,1,0,1,2010,12,2010,0,0,0,0,0,2,2,40,1,1,8,1,3,3,1,62,1,1,1,69,1,1
12,121931,1,1,1,27,10,4,37,32,0,1,0,12,1,37,704,37704,80,1997,JH2SC3309VM1,J,H,2,S,C,3,3,0,9,V,M,1,0,M,HOND,CR9,RC,97,17,,,,,,,919,,4,,4,407,,,,,,,0,0,000000000,00000000000,0,0,0,1,0,0,0,0,0,0,0,80,0,0,0,12,6,2,1,0,0,0,1,12,33330,6,1,0,0,3,0,67,999,0,2,0,0,0,4,2010,6,2010,1,36,0,0,0,2,3,40,1,1,8,1,0,0,1,12,1,1,4,6,1,1
12,121932,1,1,3,27,10,15,19,8,0,1,0,12,2,12,481,12481,31,2003,1FTRW08633KB,1,F,T,R,W,0,8,6,3,3,K,B,0,T,FORD,F1S,CW,3,17,,2,0,1388,COF,G,,,8,281,,,,B,5005,00,U,44,0,0,000000000,00000000000,0,0,0,1,0,0,0,0,0,0,0,5,0,0,0,14,0,1,8,0,0,0,1,12,33852,6,1,0,0,3,0,66,999,0,0,0,0,0,0,0,0,0,0,0,0,0,0,1,2,5,1,1,8,1,0,0,1,80,1,1,1,13,0,0
12,121933,1,2,1,27,10,16,50,12,2,1,0,12,1,72,706,72706,80,2008,1HD1FS4148Y6,1,H,D,1,F,S,4,1,4,8,Y,6,0,M,HD,LTR,RS,8,17,,,,,,,1584,,2,,4,789,,,,,,,0,0,000000000,00000000000,0,0,0,1,0,0,0,0,0,0,0,45,0,0,0,12,6,2,12,0,0,0,1,12,32333,6,1,0,0,3,0,72,999,0,0,0,0,0,0,0,0,0,0,6,0,0,0,1,2,45,2,6,8,1,0,0,14,10,98,1,2,50,1,1
12,121933,2,2,1,27,10,16,50,12,2,1,0,12,1,23,431,23431,16,1997,1GKEC16R0VJ7,1,G,K,E,C,1,6,R,0,V,J,7,0,T,GMC,SUB,4W,97,17,,2,0,1315,C15,G,,,8,350,,,,B,4802,00,E,42,0,0,000000000,00000000000,0,0,0,1,0,0,0,0,0,0,0,45,0,0,0,12,6,2,12,0,0,0,1,12,32333,6,1,0,0,3,3,71,999,0,0,0,0,0,0,0,0,0,0,0,0,0,0,1,2,45,3,5,8,1,0,0,14,62,1,1,1,51,0,0
12,121934,1,1,2,1,11,2,9,42,0,1,0,12,1,30,40,30040,4,1999,3VWSA29M0XM0,3,V,W,S,A,2,9,M,0,X,M,0,0,P,VOLK,JGS,4D,99,17,2775,,0,989,,G,,F,4,121,,,15R195,,,,,,0,0,000000000,00000000000,0,0,0,1,0,0,0,0,0,0,0,85,0,0,0,12,6,2,42,0,0,0,1,12,33572,6,1,0,0,3,0,70,999,0,0,0,0,0,0,0,0,0,1,0,0,0,0,1,2,55,1,1,8,1,0,0,1,12,1,1,4,6,1,1
12,121935,1,1,1,2,11,15,44,8,0,1,0,27,1,14,6,14006,4,1997,2MELM75W7VX6,2,M,E,L,M,7,5,W,7,V,X,6,0,P,MERC,MGL,4D,97,17,3796,,0,1144,,G,,F,8,281,,,15R215,,,,,,0,0,000000000,00000000000,0,0,0,1,0,0,0,0,0,0,0,40,0,0,0,12,4,3,8,0,0,0,1,27,55418,6,1,0,0,3,0,65,130,0,0,0,0,0,0,0,0,0,0,0,0,0,0,2,3,40,1,1,8,1,0,0,1,80,4,1,1,13,0,0
12,121936,1,2,1,3,11,20,17,12,1,1,0,12,1,37,706,37706,80,2002,JH2SC50002M0,J,H,2,S,C,5,0,0,0,2,M,0,0,M,HOND,CR9,RC,2,17,,,,,,,954,,4,,4,999,,,,,,,0,0,000000000,00000000000,0,0,0,1,0,0,0,0,0,0,0,60,0,0,0,12,6,2,1,0,0,0,1,12,32137,6,1,0,0,2,0,64,999,0,0,0,0,0,0,0,0,0,0,6,0,0,0,2,2,65,1,1,8,1,0,0,1,51,1,1,1,24,1,1
12,121936,2,2,1,3,11,20,17,12,1,1,0,12,2,12,401,12401,14,1997,1FMDU34E2VUB,1,F,M,D,U,3,4,E,2,V,U,B,0,P,FORD,EPR,UT,97,17,4166,,0,1115,,G,,F,6,245,,,15R225,,,,,,0,0,000000000,00000000000,0,0,0,1,0,0,0,0,0,0,0,25,0,0,0,6,6,2,12,0,0,0,1,97,0,0,0,0,0,0,0,999,999,99,99,99,99,99,99,9999,99,9999,0,0,0,0,0,2,2,65,1,1,8,1,0,0,1,53,1,1,1,25,0,0
12,121939,1,1,1,6,11,12,30,1,0,1,0,99,9,99,999,99999,99,9999,999999999999,9,9,9,9,9,9,9,9,9,9,9,9,0,,,,,,,,,,,,,,,,,,,,,,,,,0,0,000000000,00000000000,0,0,0,1,0,0,0,0,0,0,0,40,0,2,5,0,4,3,1,0,0,0,1,12,33974,6,1,0,0,3,0,64,999,0,0,0,0,0,0,0,0,0,0,6,0,0,0,1,2,45,1,1,8,1,0,0,1,13,1,1,4,1,1,0
12,121940,1,2,1,6,11,15,45,12,6,1,0,12,1,19,3,19003,4,2003,1G6KD54Y23U1,1,G,6,K,D,5,4,Y,2,3,U,1,0,P,CADI,DFW,4D,3,17,3978,,0,1153,,G,,F,8,279,,,16R225,,,,,,0,0,000000000,00000000000,0,0,0,1,0,0,0,0,0,0,0,8,0,0,0,62,6,2,12,0,0,0,1,12,33455,6,1,0,0,3,3,75,999,0,0,0,0,0,0,0,0,0,0,38,0,0,0,2,3,50,1,1,8,1,0,0,11,15,1,1,1,82,1,0
12,121940,2,2,3,6,11,15,45,12,6,1,0,12,2,12,471,12471,30,1994,1FTCR14A5RPC,1,F,T,C,R,1,4,A,5,R,P,C,0,T,FORD,RNS,PC,94,17,,1,0,1250,RNG,G,,,4,140,,,,B,3208,00,A,42,0,0,000000000,00000000000,0,0,0,1,0,0,0,0,0,0,0,45,0,0,0,12,6,2,12,0,0,0,1,12,33478,6,1,0,0,3,3,71,999,0,0,0,0,0,0,0,0,0,0,0,0,0,0,2,3,50,1,1,8,1,0,0,1,67,6,1,1,83,0,0
12,121941,1,2,1,9,11,16,30,12,1,1,0,12,3,20,461,20461,21,2006,1GCHG39U6611,1,G,C,H,G,3,9,U,6,6,1,1,0,T,CHEV,E35,EC,6,17,,2,0,1550,EXP,G,,,8,366,,,,D,5642,00,,42,0,0,000000000,00000000000,0,0,0,1,0,0,0,0,0,0,0,70,0,0,0,12,6,2,12,0,0,0,1,12,33602,6,1,0,0,3,3,71,999,0,0,0,0,0,0,0,0,0,0,6,0,0,0,3,4,70,1,1,8,1,0,0,1,52,1,1,1,28,0,0