STATE,ST_CASE,VEH_NO,VE_FORMS,NUMOCCS,DAY,MONTH,HOUR,MINUTE,HARM_EV,MAN_COLL,UNITTYPE,HIT_RUN,REG_STAT,OWNER,MAKE,MODEL,MAK_MOD,BODY_TYP,MOD_YEAR,VIN,VIN_1,VIN_2,VIN_3,VIN_4,VIN_5,VIN_6,VIN_7,VIN_8,VIN_9,VIN_10,VIN_11,VIN_12,TOW_VEH,VINTYPE,VINMAKE,VINA_MOD,VIN_BT,VINMODYR,VIN_LNGT,VIN_WGT,WGTCD_TR,WHLBS_LG,WHLBS_SH,SER_TR,FUELCODE,MCYCL_DS,CARBUR,CYLINDER,DISPLACE,MCYCL_CY,MCYCL_WT,TIRE_SZE,TON_RAT,TRK_WT,TRKWTVAR,VIN_REST,WHLDRWHL,J_KNIFE,MCARR_I1,MCARR_I2,MCARR_ID,GVWR,V_CONFIG,CARGO_BT,HAZ_INV,HAZ_PLAC,HAZ_ID,HAZ_CNO,HAZ_REL,BUS_USE,SPEC_USE,EMER_USE,TRAV_SP,UNDERIDE,ROLLOVER,ROLINLOC,IMPACT1,DEFORMED,TOWED,M_HARM,VEH_SC1,VEH_SC2,FIRE_EXP,DR_PRES,L_STATE,DR_ZIP,L_STATUS,L_TYPE,CDL_STAT,L_ENDORS,L_COMPL,L_RESTRI,DR_HGT,DR_WGT,PREV_ACC,PREV_SUS,PREV_DWI,PREV_SPD,PREV_OTH,FIRST_MO,FIRST_YR,LAST_MO,LAST_YR,SPEEDREL,DR_SF1,DR_SF2,DR_SF3,DR_SF4,VTRAFWAY,VNUM_LAN,VSPD_LIM,VALIGN,VPROFILE,VPAVETYP,VSURCOND,VTRAFCON,VTCONT_F,P_CRASH1,P_CRASH2,P_CRASH3,PCRASH4,PCRASH5,ACC_TYPE,DEATHS,DR_DRINK
12,121941,2,2,2,9,11,16,30,12,1,1,0,12,1,55,33,55033,4,2006,5NPEU46F46H0,5,N,P,E,U,4,6,F,4,6,H,0,0,P,HYUN,SGX,4D,6,17,3458,,0,1074,,G,,F,6,204,,,17R225,,,,,,0,0,000000000,00000000000,0,0,0,1,0,0,0,0,0,0,0,10,0,0,0,6,6,2,12,0,0,0,1,12,32024,6,1,0,0,3,3,67,999,0,0,0,0,0,0,0,0,0,0,0,0,0,0,3,4,70,1,1,8,1,0,0,2,53,1,1,1,29,1,0
12,121942,1,1,2,10,11,19,30,8,0,1,0,12,1,72,709,72709,80,1999,4EMRL2E27WN1,4,E,M,R,L,2,E,2,7,W,N,1,0,M,HD,,,99,17,,,,,,,,,,,,,,,,,,,0,0,000000000,00000000000,0,0,0,1,0,0,0,0,0,0,0,45,0,0,0,12,6,2,8,0,0,0,1,12,32208,6,1,0,0,3,0,72,999,0,0,0,0,0,0,0,0,0,0,0,0,0,0,5,6,45,1,1,8,1,0,0,1,80,1,1,1,13,0,0
12,121943,1,1,1,10,11,18,55,8,0,1,0,12,1,7,461,7461,21,2003,2D7JB21Y93K5,2,D,7,J,B,2,1,Y,9,3,K,5,0,T,DODG,25B,CG,3,17,,2,0,1272,RMV,G,,,8,318,,,,C,00000,00,E,42,0,0,000000000,00000000000,0,0,0,1,0,0,0,0,0,0,0,999,0,0,0,12,4,1,8,0,0,0,1,12,33317,6,1,0,0,3,3,72,999,0,3,0,0,0,1,2012,8,2012,0,0,0,0,0,3,3,45,1,1,8,1,0,0,1,80,1,1,1,13,0,0
12,121944,1,1,2,11,11,15,40,42,0,1,0,12,1,98,850,98850,73,2006,1RF105613610,1,R,F,1,0,5,6,1,3,6,1,0,1,U,,,,6,17,,,,,,,,,,,,,,,,,,,1,0,000000000,00000000000,0,0,0,1,0,0,0,0,0,0,0,70,0,0,0,12,6,2,42,0,0,0,1,8,80122,6,1,0,0,3,0,71,999,0,0,0,0,0,0,0,0,0,0,0,0,0,0,3,2,70,1,1,8,1,0,0,1,3,1,1,4,1,1,0
12,121945,1,2,2,11,11,16,21,12,6,1,0,12,1,20,404,20404,14,2012,2GNALPEK7C61,2,G,N,A,L,P,E,K,7,C,6,1,0,P,CHEV,EQU,UT,12,17,3779,,0,1125,,F,,F,4,146,,,17R225,,,,,,0,0,000000000,00000000000,0,0,0,1,0,0,0,0,0,0,0,999,0,0,0,3,6,2,12,0,0,0,1,12,33426,6,1,0,0,3,0,68,999,0,0,0,0,0,0,0,0,0,0,38,0,0,0,2,3,45,1,1,8,1,0,0,12,98,1,1,1,98,0,0
12,121945,2,2,1,11,11,16,21,12,6,1,0,12,2,76,705,76705,80,1998,JYA5AHE07WA0,J,Y,A,5,A,H,E,0,7,W,A,0,0,M,YAMA,YZF,RC,98,17,,,,,,,599,,4,,4,411,,,,,,,0,0,000000000,00000000000,0,0,0,1,0,0,0,0,0,0,0,999,0,0,0,12,6,2,12,0,0,0,1,12,33064,1,1,0,0,2,0,74,999,0,8,0,0,0,11,2009,7,2012,1,0,0,0,0,2,3,45,1,1,8,1,0,0,1,98,1,1,1,98,1,0
12,121946,1,1,1,14,11,13,5,38,0,1,0,12,1,20,421,20421,15,1999,1GNEK13RXXJ3,1,G,N,E,K,1,3,R,X,X,J,3,0,P,CHEV,KTA,UT,99,17,5268,,0,1175,,G,,F,8,350,,,16R245,,,,,,0,0,000000000,00000000000,0,0,0,1,0,0,0,0,0,0,0,50,0,0,0,12,6,8,42,0,0,0,1,12,33525,6,1,6,0,3,0,74,999,0,1,0,0,0,2,2010,2,2010,0,0,0,0,0,1,2,50,1,1,8,1,0,0,1,13,6,3,4,6,1,0
12,121947,1,2,1,14,11,6,8,12,1,1,0,12,1,12,481,12481,31,1993,1FTEF14N7PKA,1,F,T,E,F,1,4,N,7,P,K,A,0,T,FORD,F15,PK,93,17,,2,1330,1170,COF,G,,,8,302,,,,B,00000,00,A,44,0,0,000000000,00000000000,0,0,0,1,0,0,0,0,0,0,0,998,0,0,0,12,6,2,12,0,0,0,1,12,33881,6,1,0,0,3,3,69,999,0,0,0,1,0,7,2010,7,2010,0,38,0,0,0,2,3,50,1,1,8,1,0,0,1,50,1,1,1,20,1,0
12,121947,2,2,2,14,11,6,8,12,1,1,0,12,3,12,481,12481,31,2004,1FTNW21P44EB,1,F,T,N,W,2,1,P,4,4,E,B,0,T,FORD,F2S,CW,4,17,,2,1724,1562,SRW,D,,,8,366,,,,C,6234,00,E,44,0,0,000000000,00000000000,0,0,0,1,0,0,0,0,0,0,0,0,0,0,0,6,4,1,12,0,0,0,1,12,33844,6,1,0,0,3,3,75,999,0,0,0,1,1,8,2012,8,2012,0,0,0,0,0,2,3,50,1,1,8,1,0,0,1,53,1,1,1,21,0,0
12,121948,1,1,1,14,11,18,43,15,0,1,1,12,1,20,401,20401,14,2001,1GNCS18W71K1,1,G,N,C,S,1,8,W,7,1,K,1,0,P,CHEV,BZR,UT,1,17,3699,,0,1005,,G,,F,6,262,,,15R235,,,,,,0,0,000000000,00000000000,0,0,0,1,0,0,0,0,0,0,0,35,0,0,0,12,2,3,15,0,0,0,1,12,32210,6,1,0,0,3,0,71,999,1,0,0,1,0,8,2010,9,2012,0,0,0,0,0,1,4,35,1,1,8,1,3,3,1,83,1,1,1,13,0,0
12,121949,1,4,1,15,11,14,0,12,2,1,0,12,1,20,36,20036,2,2002,2G1WX15KX292,2,G,1,W,X,1,5,K,X,2,9,2,0,P,CHEV,MSS,CP,2,17,3395,,0,1105,,G,,F,6,231,,,16R225,,,,,,0,0,000000000,00000000000,0,0,0,1,0,0,0,0,0,0,0,55,0,1,1,12,6,2,12,0,0,0,1,12,34472,6,1,0,0,3,3,69,999,0,0,0,0,0,0,0,0,0,0,28,0,0,0,5,4,55,1,1,8,1,0,0,1,10,1,1,2,50,1,0
12,121949,2,4,1,15,11,14,0,12,2,1,0,12,1,37,31,37031,3,1998,1HGEJ622XWL0,1,H,G,E,J,6,2,2,X,W,L,0,0,P,HOND,UCD,CP,98,17,2274,,0,1032,,G,,F,4,097,,,14R185,,,,,,0,0,000000000,00000000000,0,0,0,1,0,0,0,0,0,0,0,55,0,0,0,12,6,2,12,0,0,0,1,12,34472,6,1,0,0,3,0,62,999,0,0,0,0,0,0,0,0,0,0,0,0,0,0,5,4,55,1,1,8,1,0,0,1,62,1,1,1,51,0,0
12,121949,3,4,1,15,11,14,0,12,2,1,0,12,1,6,441,6441,20,2011,2A4RR5DG5BR7,2,A,4,R,R,5,D,G,5,B,R,7,0,P,CHRY,TWC,SV,11,17,4507,,0,1212,,F,,F,6,220,,,16R235,,,,,,0,0,000000000,00000000000,0,0,0,1,0,0,0,0,0,0,0,35,0,0,0,12,4,3,12,0,0,0,1,12,34470,6,1,0,0,3,0,69,999,0,0,0,0,0,0,0,0,0,0,0,0,0,0,5,4,55,1,1,8,1,0,0,1,51,1,1,1,98,0,0
12,121949,4,4,1,15,11,14,0,12,2,1,0,12,1,49,40,49040,4,2007,JTNBE46K7730,J,T,N,B,E,4,6,K,7,7,3,0,0,P,TOYT,CMB,4D,7,17,3108,,0,1093,,G,,F,4,146,,,15R205,,,,,,0,0,000000000,00000000000,0,0,0,1,0,0,0,0,0,0,0,35,0,0,0,13,2,1,54,0,0,0,1,12,32778,6,1,0,0,3,3,66,999,0,0,0,0,0,0,0,0,0,0,0,0,0,0,5,4,55,1,1,8,1,0,0,1,98,1,1,1,98,0,0
12,121950,1,1,1,15,11,18,37,9,0,1,1,12,2,18,4,18004,4,1994,1G4BN52P9RR4,1,G,4,B,N,5,2,P,9,R,R,4,0,P,BUIC,RDM,4D,94,17,4191,,0,1159,,G,,F,8,350,,,15R235,,,,,,0,0,000000000,00000000000,0,0,0,1,0,0,0,0,0,0,0,40,0,0,0,98,4,9,9,0,0,0,1,12,33755,6,1,0,0,3,3,66,999,0,0,0,0,0,0,0,0,0,0,0,0,0,0,1,4,40,1,6,8,1,0,0,1,83,1,1,1,13,0,1
12,121951,1,2,1,15,11,3,0,12,1,1,0,12,2,53,706,53706,80,2007,JS1VY53A1721,J,S,1,V,Y,5,3,A,1,7,2,1,0,M,SUZI,ZR8,RS,7,17,,,,,,,1783,,2,,4,703,,,,,,,0,0,000000000,00000000000,0,0,0,1,0,0,0,0,0,0,0,55,0,0,0,6,6,2,12,0,0,0,1,12,34684,6,1,0,0,3,0,69,999,0,0,0,0,0,0,0,0,0,0,0,0,0,0,3,3,55,1,6,8,1,0,0,15,10,1,1,2,32,1,0
12,121951,2,2,1,15,11,3,0,12,1,1,0,12,2,7,41,7041,4,2004,2B3HD46R94H7,2,B,3,H,D,4,6,R,9,4,H,7,0,P,DODG,ISE,4D,4,17,3329,,0,1130,,G,,F,6,167,,,16R225,,,,,,0,0,000000000,00000000000,0,0,0,1,0,0,0,0,0,0,0,55,0,1,5,12,6,2,12,0,0,0,1,12,34691,6,1,0,0,3,3,72,999,0,0,0,0,0,0,0,0,0,0,0,0,0,0,3,3,55,1,6,8,1,0,0,15,61,1,1,2,32,0,1
12,121952,1,1,1,16,11,23,40,42,0,1,0,12,2,7,24,7024,4,2006,2B3KA53H06H3,2,B,3,K,A,5,3,H,0,6,H,3,0,P,DODG,CHR,4D,6,17,3995,,0,1200,,G,,F,8,348,,,18R225,,,,,,0,0,000000000,00000000000,0,0,0,1,0,0,0,0,0,0,0,63,0,0,0,12,6,2,2,0,0,1,1,12,32408,1,1,0,0,2,0,64,999,0,7,0,0,0,6,2011,10,2012,0,39,0,0,0,1,2,45,1,1,8,1,20,3,1,12,1,1,4,6,1,0
12,121953,1,1,1,16,11,18,36,9,0,1,0,12,1,49,32,49032,4,2012,2T1BU4EE2CC7,2,T,1,B,U,4,E,E,2,C,C,7,0,P,TOYT,CBS,4D,12,17,2734,,0,1024,,G,,F,4,110,,,15R195,,,,,,0,0,000000000,00000000000,0,0,0,1,0,0,0,0,0,0,0,35,0,0,0,13,6,2,9,0,0,0,1,12,33321,6,1,0,0,3,3,67,999,0,0,0,0,0,0,0,0,0,0,0,0,0,0,2,3,45,1,1,8,1,0,0,1,83,1,1,1,13,0,0
12,121954,1,1,1,16,11,22,43,9,0,1,0,12,1,63,402,63402,14,2006,KNDJD7334655,K,N,D,J,D,7,3,3,4,6,5,5,0,P,KIA,SOR,UT,6,17,4112,,0,1067,,G,,F,6,213,,,16R245,,,,,,0,0,000000000,00000000000,0,0,0,1,0,0,0,0,0,0,0,40,0,0,0,12,2,1,9,0,0,0,1,12,33140,6,1,0,0,3,3,69,999,0,0,0,0,0,0,0,0,0,0,0,0,0,0,2,3,40,1,1,8,1,0,0,1,83,1,1,1,13,0,0
12,121955,1,1,1,16,11,22,23,8,0,1,0,12,1,12,441,12441,20,1997,1FTDA14U8VZC,1,F,T,D,A,1,4,U,8,V,Z,C,0,T,FORD,ARO,CG,97,17,,1,0,1190,ARO,G,,,6,182,,,,B,3402,00,M,42,0,0,000000000,00000000000,0,0,0,1,0,0,0,0,0,0,0,45,0,0,0,12,6,2,8,0,0,0,1,12,33624,6,1,0,0,3,0,74,999,0,0,0,0,0,0,0,0,0,0,0,0,0,0,2,2,45,1,1,8,1,3,3,1,80,1,1,1,13,0,0
12,121956,1,1,1,17,11,2,35,33,0,1,0,12,1,20,481,20481,31,2009,3GCEK23M59G2,3,G,C,E,K,2,3,M,5,9,G,2,0,T,CHEV,2SK,CW,9,17,,2,0,1435,SIL,G,,,8,323,,,,B,5348,00,,44,0,0,000000000,00000000000,0,0,0,1,0,0,0,0,0,0,0,72,0,1,5,1,6,2,1,0,0,0,1,12,32034,6,1,0,0,3,0,72,999,0,0,0,0,0,0,0,0,0,0,6,0,0,0,1,2,35,1,1,8,1,0,0,1,12,1,1,4,1,1,1
12,121957,1,2,1,18,11,9,23,12,6,1,0,12,1,55,35,55035,4,2013,5NPDH4AE6DH2,5,N,P,D,H,4,A,E,6,D,H,2,0,P,HYUN,EGM,4D,13,17,2661,,0,1063,,G,,F,4,110,,,16R205,,,,,,0,0,000000000,00000000000,0,0,0,1,0,0,0,0,0,0,0,15,0,0,0,9,6,2,12,0,0,0,1,12,32822,6,1,0,0,3,3,64,999,0,0,0,0,0,0,0,0,0,0,38,0,0,0,1,2,25,1,1,8,1,20,3,11,15,1,1,1,82,0,0
12,121957,2,2,1,18,11,9,23,12,6,1,0,12,1,37,705,37705,80,2005,JH2PC37005M2,J,H,2,P,C,3,7,0,0,5,M,2,0,M,HOND,B60,RC,5,17,,,,,,,599,,4,,4,361,,,,,,,0,0,000000000,00000000000,0,0,0,1,0,0,0,0,0,0,0,45,0,0,0,12,6,2,12,0,0,0,1,8,81505,6,2,0,0,2,3,72,999,0,1,0,1,1,11,2010,6,2011,0,0,0,0,0,2,2,45,1,1,8,1,0,0,1,67,1,1,1,83,1,0
12,121958,1,1,1,18,11,17,39,1,0,1,0,12,1,72,706,72706,80,2004,1HD1FRW134Y7,1,H,D,1,F,R,W,1,3,4,Y,7,0,M,HD,FCI,RS,4,17,,,,,,,1450,,2,,4,999,,,,,,,0,0,000000000,00000000000,0,0,0,1,0,0,0,0,0,0,0,45,0,0,0,0,4,3,1,0,0,0,1,12,34746,6,1,0,0,3,0,73,999,0,0,0,1,0,9,2010,9,2010,0,34,0,0,0,1,2,45,1,1,8,1,0,0,1,12,1,1,4,6,1,1
12,121959,1,1,1,19,11,14,26,9,0,1,0,12,1,49,32,49032,4,2005,JTDBR32EX520,J,T,D,B,R,3,2,E,X,5,2,0,0,P,TOYT,EEL,4D,5,17,2530,,0,1024,,G,,F,4,109,,,15R185,,,,,,0,0,000000000,00000000000,0,0,0,1,0,0,0,0,0,0,0,50,0,0,0,12,6,2,9,0,0,0,1,12,33563,6,1,0,0,3,3,67,999,0,1,0,0,0,8,2011,8,2011,0,28,0,0,0,2,2,55,1,1,8,1,0,0,1,83,1,1,1,13,0,0
12,121960,1,3,1,19,11,11,18,12,6,1,0,12,1,51,47,51047,4,2001,YV1RS61N6120,Y,V,1,R,S,6,1,N,6,1,2,0,0,P,VOLV,S60,4D,1,17,3230,,0,1069,,G,,F,5,149,,,15R195,,,,,,0,0,000000000,00000000000,0,0,0,1,0,0,0,0,0,0,0,30,0,0,0,12,6,2,42,0,0,0,1,12,32507,6,1,0,0,3,0,65,999,0,0,0,0,0,0,0,0,0,0,39,0,0,0,2,2,30,1,1,8,1,3,3,1,17,1,1,1,88,1,0
12,121960,2,3,1,19,11,11,18,12,6,1,0,12,1,59,403,59403,14,2010,2T2ZK1BA0AC0,2,T,2,Z,K,1,B,A,0,A,C,0,0,P,LEXS,RX5,UT,10,17,4340,,0,1079,,G,,F,6,211,,,18R235,,,,,,0,0,000000000,00000000000,0,0,0,1,0,0,0,0,0,0,0,30,0,0,0,7,6,2,12,0,0,0,1,12,32514,6,1,0,0,3,3,64,999,0,0,0,0,0,0,0,0,0,0,0,0,0,0,1,2,30,1,1,8,1,3,3,1,66,1,1,1,89,0,0
12,121960,3,3,1,19,11,11,18,12,6,1,0,12,3,92,981,92981,52,2010,15GGE2711A10,1,5,G,G,E,2,7,1,1,A,1,0,0,T,GILL,,,10,17,,,,,,,,,,,,,,,,,,,0,88,888888888,88888888888,3,21,22,1,0,0,0,0,6,0,0,10,0,0,0,7,2,8,12,0,0,0,1,12,32503,6,1,6,3,3,0,67,999,0,0,0,0,0,0,0,0,0,0,0,0,0,0,1,2,30,1,1,8,1,3,3,11,62,1,1,1,98,0,0
12,121961,1,1,1,21,11,4,0,8,0,1,0,12,1,12,4,12004,2,1997,1FALP6247VH1,1,F,A,L,P,6,2,4,7,V,H,1,0,P,FORD,THL,2D,97,17,3561,,0,1130,,G,,F,6,232,,,15R205,,,,,,0,0,000000000,00000000000,0,0,0,1,0,0,0,0,0,0,0,55,0,0,0,12,4,8,8,0,0,0,1,12,33056,6,1,0,0,3,0,67,999,0,0,0,0,0,0,0,0,0,0,0,0,0,0,3,5,55,1,1,8,1,0,0,1,80,1,1,1,13,0,0
12,121962,1,1,1,21,11,12,10,24,0,1,0,12,1,37,709,37709,80,2006,1HFSC47F26A5,1,H,F,S,C,4,7,F,2,6,A,5,0,M,HOND,GL8,RS,6,17,,,,,,,1832,,6,,4,822,,,,,,,0,0,000000000,00000000000,0,0,0,1,0,0,0,0,0,0,0,59,0,0,0,12,6,2,24,0,0,0,1,12,34997,6,1,0,0,3,0,73,999,0,0,0,0,0,0,0,0,0,0,0,0,0,0,2,3,70,2,1,8,1,0,0,14,13,1,1,4,1,1,0
12,121964,1,1,1,21,11,0,40,42,0,1,0,12,1,72,706,72706,80,2012,1HD1LF329CC4,1,H,D,1,L,F,3,2,9,C,C,4,0,M,HD,XV1,RS,12,17,,,,,,,1200,,2,,4,545,,,,,,,0,0,000000000,00000000000,0,0,0,1,0,0,0,0,0,0,0,55,0,0,0,61,6,2,42,0,0,0,1,12,32327,6,1,0,0,2,3,71,999,0,0,0,0,0,0,0,0,0,0,6,0,0,0,1,2,55,1,1,8,1,0,0,1,13,1,1,4,1,1,1
12,121965,1,2,2,21,11,15,42,12,6,1,0,12,1,24,3,24003,6,1994,1G8ZK8571RZ3,1,G,8,Z,K,8,5,7,1,R,Z,3,0,P,STRN,SW2,SW,94,17,2382,,0,1024,,G,,F,4,116,,,15R195,,,,,,0,0,000000000,00000000000,0,0,0,1,0,0,0,0,0,0,0,25,0,0,0,9,6,2,2,0,0,1,1,12,33594,3,1,0,0,2,3,67,999,0,0,0,0,0,0,0,0,0,0,38,0,0,0,1,2,40,1,1,8,1,20,3,1,17,1,1,1,89,1,0
12,121965,2,2,1,21,11,15,42,12,6,1,0,12,1,49,50,49050,3,2011,JTKJF5C79B30,J,T,K,J,F,5,C,7,9,B,3,0,0,P,TOYT,SXC,2H,11,17,3060,,0,1063,,G,,F,4,152,,,18R225,,,,,,0,0,000000000,00000000000,0,0,0,1,0,0,0,0,0,0,0,55,0,0,0,12,6,2,12,0,0,0,1,12,33527,6,1,0,0,3,3,62,999,0,0,0,0,0,0,0,0,0,0,0,0,0,0,5,2,55,1,1,8,1,0,0,1,66,1,1,1,88,0,0
12,121966,1,1,1,21,11,23,39,1,0,1,0,12,2,12,401,12401,14,1996,1FMDU34X7TZB,1,F,M,D,U,3,4,X,7,T,Z,B,0,P,FORD,EPR,UT,96,17,4189,,0,1115,,G,,F,6,245,,,15R225,,,,,,0,0,000000000,00000000000,0,0,0,1,0,0,0,0,0,0,0,59,0,2,1,0,6,2,1,0,0,0,1,12,32068,6,1,0,0,3,0,64,999,0,1,0,0,0,5,2012,5,2012,0,6,0,0,0,1,2,55,1,1,8,1,0,0,1,13,6,1,6,98,1,1
12,121967,1,1,1,22,11,1,35,42,0,1,0,12,2,49,482,49482,31,2005,5TBRT38145S4,5,T,B,R,T,3,8,1,4,5,S,4,0,T,TOYT,TXL,4C,5,17,,2,0,1283,TUN,G,,,8,285,,,,C,4460,00,U,42,0,0,000000000,00000000000,0,0,0,1,0,0,0,0,0,0,0,35,0,0,0,12,6,2,42,0,0,0,1,12,32832,6,1,0,0,3,3,64,999,0,0,0,0,0,0,0,0,0,1,6,0,0,0,1,2,25,3,1,5,1,0,0,14,13,1,1,4,1,1,1
12,121968,1,1,3,22,11,3,19,1,0,1,0,12,3,12,481,12481,31,2007,1FTSW21PX7EA,1,F,T,S,W,2,1,P,X,7,E,A,0,T,FORD,F2S,CW,7,17,,2,1720,1560,SRW,D,,,8,366,,,,C,6538,01,E,44,0,0,000000000,00000000000,0,0,0,1,0,0,0,0,0,0,0,55,0,1,5,0,6,2,1,0,0,0,1,12,34785,6,1,0,0,3,0,69,999,0,0,0,2,0,2,2010,1,2011,0,28,0,0,0,1,2,55,3,1,8,1,0,0,14,13,6,4,4,2,1,1
12,121969,1,1,2,22,11,16,7,1,0,1,0,12,1,35,50,35050,5,2010,3N1BC1CP4AL4,3,N,1,B,C,1,C,P,4,A,L,4,0,P,NISS,VSL,4H,10,17,2693,,0,1024,,G,,F,4,110,,,15R185,,,,,,0,0,000000000,00000000000,0,0,0,1,0,0,0,0,0,0,0,70,0,1,5,0,6,2,1,0,0,0,1,12,34653,6,1,0,0,3,0,66,999,0,0,0,0,0,0,0,0,0,0,6,0,0,0,2,2,70,1,1,8,1,0,0,1,98,98,1,4,98,1,0
12,121970,1,1,1,22,11,16,14,2,0,1,0,12,1,30,40,30040,4,2012,3VWDP7AJ3CM3,3,V,W,D,P,7,A,J,3,C,M,3,0,P,VOLK,JSA,4D,12,17,3083,,0,0,,G,,F,5,151,,,000000,,,,,,0,0,000000000,00000000000,0,0,0,1,0,0,0,0,0,0,0,64,0,0,0,0,6,2,2,0,0,1,1,12,34996,6,1,0,0,3,0,69,999,0,0,0,2,0,2,2011,8,2011,1,0,0,0,0,3,2,40,1,6,8,1,40,3,1,98,1,1,1,0,1,1
12,121971,1,1,1,22,11,1,10,8,0,1,1,12,2,20,401,20401,14,2002,1GNDS13S8223,1,G,N,D,S,1,3,S,8,2,2,3,0,P,CHEV,TRL,UT,2,17,4442,,0,1130,,G,,F,6,256,,,16R245,,,,,,0,0,000000000,00000000000,0,0,0,1,0,0,0,0,0,0,0,40,0,0,0,12,4,3,8,0,0,0,1,12,34476,6,1,0,0,3,0,72,999,0,0,0,1,0,4,2011,4,2011,0,0,0,0,0,1,2,35,1,6,8,1,3,3,1,80,1,1,1,13,0,0
12,121972,1,1,1,22,11,10,50,24,0,1,0,12,1,2,403,2403,14,1993,1J4FY19S1PP2,1,J,4,F,Y,1,9,S,1,P,P,2,0,T,JEEP,W/S,2W,93,17,,1,0,934,W/Y,G,,,6,242,,,,,2935,00,A,44,0,0,000000000,00000000000,0,0,0,1,0,0,0,0,0,0,0,65,0,1,3,12,6,2,1,0,0,0,1,12,34714,6,1,6,0,3,3,69,999,0,1,0,0,0,9,2010,9,2010,0,58,0,0,0,3,2,70,1,1,8,1,0,0,1,12,1,1,4,6,1,0
12,121973,1,1,2,25,11,1,40,8,0,1,0,12,1,12,481,12481,31,2012,1FTFW1EF4CFB,1,F,T,F,W,1,E,F,4,C,F,B,0,T,FORD,F1S,CW,12,17,,2,1570,1450,COF,F,,,8,305,,,,B,5586,02,7,44,0,0,000000000,00000000000,0,0,0,1,0,0,0,0,0,0,0,998,0,0,0,12,4,1,8,0,0,0,1,12,33812,6,1,0,0,3,3,72,999,0,0,0,1,0,6,2010,6,2010,0,28,0,0,0,2,2,45,1,1,8,1,0,0,1,13,1,1,4,13,0,1
12,121974,1,1,1,26,11,0,37,33,0,1,0,12,1,76,705,76705,80,2007,JYARJ06E27A0,J,Y,A,R,J,0,6,E,2,7,A,0,0,M,YAMA,F6S,RC,7,17,,,,,,,600,,4,,4,357,,,,,,,0,0,000000000,00000000000,0,0,0,1,0,0,0,0,0,0,0,100,0,0,0,12,6,2,42,0,0,0,1,12,32174,6,1,0,0,3,0,69,999,0,0,0,0,0,0,0,0,0,1,36,0,0,0,1,2,35,2,1,8,1,0,0,14,12,1,1,4,6,1,0
12,121975,1,2,2,26,11,14,43,12,6,1,0,12,2,12,481,12481,31,1999,1FTRX17L0XNC,1,F,T,R,X,1,7,L,0,X,N,C,0,T,FORD,F15,4C,99,17,,2,1571,1385,COF,G,,,8,330,,,,B,00000,00,U,42,0,0,000000000,00000000000,0,0,0,1,0,0,0,0,0,0,0,10,0,0,0,12,4,3,12,0,0,0,1,12,32804,6,1,0,0,3,3,63,999,0,0,0,0,0,0,0,0,0,0,39,0,0,0,1,2,25,1,1,8,1,20,3,1,17,1,1,1,88,0,0
12,121975,2,2,1,26,11,14,43,12,6,1,0,12,2,76,706,76706,80,2006,JYAVP11E76A0,J,Y,A,V,P,1,1,E,7,6,A,0,0,M,YAMA,XVA,RS,6,17,,,,,,,1063,,2,,4,571,,,,,,,0,0,000000000,00000000000,0,0,0,1,0,0,0,0,0,0,0,40,0,0,0,9,6,2,12,0,0,0,1,12,34712,6,1,0,0,3,3,75,999,0,0,0,0,0,0,0,0,0,0,0,0,0,0,1,2,40,2,1,8,1,0,0,1,66,1,1,1,89,1,0
12,121976,1,3,1,26,11,18,10,12,6,1,0,12,1,58,37,58037,4,2006,JNKCV51E86M5,J,N,K,C,V,5,1,E,8,6,M,5,0,P,INFI,G35,4D,6,17,3449,,0,1122,,G,,F,6,214,,,17R215,,,,,,0,0,000000000,00000000000,0,0,0,1,0,0,0,0,0,0,0,10,0,0,0,3,6,2,12,0,0,0,1,12,32807,6,1,0,0,3,0,64,999,0,0,0,0,0,0,0,0,0,0,38,48,0,0,5,2,40,1,1,8,1,0,0,11,15,1,1,1,68,0,0
12,121976,2,3,1,26,11,18,10,12,6,1,0,12,1,73,709,73709,80,2006,JKAVN2B146A0,J,K,A,V,N,2,B,1,4,6,A,0,0,M,KAWK,V9C,RS,6,17,,,,,,,903,,2,,4,595,,,,,,,0,0,000000000,00000000000,0,0,0,1,0,0,0,0,0,0,0,40,0,0,0,12,6,2,12,0,0,0,1,12,34761,6,1,0,0,3,0,70,999,0,0,0,0,0,0,0,0,0,0,0,0,0,0,5,2,40,1,1,8,1,0,0,1,62,9,1,1,69,1,0
12,121976,3,3,1,26,11,18,10,12,6,1,0,12,1,55,38,55038,4,2004,KMHFU45EX4A3,K,M,H,F,U,4,5,E,X,4,A,3,0,P,HYUN,XG5,4D,4,17,3651,,0,1083,,G,,F,6,213,,,16R205,,,,,,0,0,000000000,00000000000,0,0,0,1,0,0,0,0,0,0,0,30,0,0,0,14,2,8,12,0,0,0,1,12,32804,6,1,0,0,3,3,68,999,0,0,0,0,0,0,0,0,0,0,0,0,0,0,5,2,40,1,1,8,1,0,0,1,60,1,1,1,98,0,0
12,121977,1,3,1,26,11,18,28,12,2,1,0,49,1,98,850,98850,73,1984,1MWC05013F14,1,M,W,C,0,5,0,1,3,F,1,4,0,U,,,,84,17,,,,,,,,,,,,,,,,,,,0,0,000000000,00000000000,0,0,0,1,0,0,0,0,0,0,0,60,0,1,1,12,6,2,12,0,0,0,1,12,33917,6,1,0,0,3,3,72,999,0,0,0,0,0,0,0,0,0,0,28,0,0,0,1,2,60,1,1,8,1,0,0,1,10,1,1,2,50,1,0