STATE,ST_CASE,VEH_NO,VE_FORMS,NUMOCCS,DAY,MONTH,HOUR,MINUTE,HARM_EV,MAN_COLL,UNITTYPE,HIT_RUN,REG_STAT,OWNER,MAKE,MODEL,MAK_MOD,BODY_TYP,MOD_YEAR,VIN,VIN_1,VIN_2,VIN_3,VIN_4,VIN_5,VIN_6,VIN_7,VIN_8,VIN_9,VIN_10,VIN_11,VIN_12,TOW_VEH,VINTYPE,VINMAKE,VINA_MOD,VIN_BT,VINMODYR,VIN_LNGT,VIN_WGT,WGTCD_TR,WHLBS_LG,WHLBS_SH,SER_TR,FUELCODE,MCYCL_DS,CARBUR,CYLINDER,DISPLACE,MCYCL_CY,MCYCL_WT,TIRE_SZE,TON_RAT,TRK_WT,TRKWTVAR,VIN_REST,WHLDRWHL,J_KNIFE,MCARR_I1,MCARR_I2,MCARR_ID,GVWR,V_CONFIG,CARGO_BT,HAZ_INV,HAZ_PLAC,HAZ_ID,HAZ_CNO,HAZ_REL,BUS_USE,SPEC_USE,EMER_USE,TRAV_SP,UNDERIDE,ROLLOVER,ROLINLOC,IMPACT1,DEFORMED,TOWED,M_HARM,VEH_SC1,VEH_SC2,FIRE_EXP,DR_PRES,L_STATE,DR_ZIP,L_STATUS,L_TYPE,CDL_STAT,L_ENDORS,L_COMPL,L_RESTRI,DR_HGT,DR_WGT,PREV_ACC,PREV_SUS,PREV_DWI,PREV_SPD,PREV_OTH,FIRST_MO,FIRST_YR,LAST_MO,LAST_YR,SPEEDREL,DR_SF1,DR_SF2,DR_SF3,DR_SF4,VTRAFWAY,VNUM_LAN,VSPD_LIM,VALIGN,VPROFILE,VPAVETYP,VSURCOND,VTRAFCON,VTCONT_F,P_CRASH1,P_CRASH2,P_CRASH3,PCRASH4,PCRASH5,ACC_TYPE,DEATHS,DR_DRINK
12,122037,2,2,1,2,12,2,38,12,1,1,0,12,3,87,881,87881,66,2006,1XP5DB9X06N6,1,X,P,5,D,B,9,X,0,6,N,6,1,T,PTRB,379,TR,6,17,,8,0,0,CON,D,,,6,893,,,,,00000,00,,64,1,12,326815,12326815,3,6,1,1,0,0,0,0,0,0,0,70,0,0,0,12,6,2,2,0,0,1,1,12,33837,6,1,6,0,3,0,75,999,0,0,0,0,1,5,2011,5,2011,0,0,0,0,0,3,3,70,1,1,8,1,0,0,1,50,1,1,1,32,0,0
12,122038,1,1,2,2,12,3,7,30,0,1,0,12,2,49,40,49040,4,1996,4T1BG12K9TU7,4,T,1,B,G,1,2,K,9,T,U,7,0,P,TOYT,DLX,4D,96,17,2932,,0,1031,,G,,F,4,132,,,14R195,,,,,,0,0,000000000,00000000000,0,0,0,1,0,0,0,0,0,0,0,30,0,0,0,6,6,2,30,0,0,0,1,12,34668,1,1,0,0,2,0,68,999,0,3,0,0,0,2,2010,7,2011,0,6,0,0,0,1,2,30,1,6,8,1,0,0,1,13,1,4,4,2,1,1
12,122039,1,1,1,4,12,18,8,49,0,1,0,12,1,12,442,12442,20,2002,2FMZA52482BB,2,F,M,Z,A,5,2,4,8,2,B,B,0,T,FORD,WSE,ES,2,17,,1,0,1207,WIN,G,,,6,232,,,,B,4216,00,E,42,0,0,000000000,00000000000,0,0,0,1,0,0,0,0,0,0,0,45,0,0,0,12,6,2,8,0,0,0,1,12,32628,6,1,6,0,3,3,67,999,0,0,0,0,0,0,0,0,0,0,0,0,0,0,1,2,55,3,1,8,1,0,0,14,87,1,1,1,13,0,0
12,122040,1,2,1,7,12,1,35,12,2,1,1,99,9,99,999,99999,99,9999,999999999999,9,9,9,9,9,9,9,9,9,9,9,9,0,,,,,,,,,,,,,,,,,,,,,,,,,0,0,000000000,00000000000,0,0,0,1,0,0,0,0,0,0,0,30,0,0,0,12,4,1,12,0,0,0,1,99,99999,9,9,99,9,9,9,999,999,99,99,99,99,99,99,9999,99,9999,0,0,0,0,0,5,4,45,1,1,8,1,0,0,11,15,99,1,1,68,0,0
12,122040,2,2,1,7,12,1,35,12,2,1,0,12,1,98,709,98709,88,2011,LJLTCBHN2B3E,L,J,L,T,C,B,H,N,2,B,3,E,0,U,,,,11,17,,,,,,,,,,,,,,,,,,,0,0,000000000,00000000000,0,0,0,1,0,0,0,0,0,0,0,35,0,0,0,12,6,2,12,0,0,0,1,12,32825,1,1,0,0,2,0,74,999,0,2,0,0,0,2,2012,9,2012,0,0,0,0,0,5,4,45,1,1,8,1,0,0,1,62,9,1,1,69,1,0
12,122041,1,1,1,10,12,18,30,8,0,1,0,12,1,2,404,2404,14,2000,1J4G248S8YC2,1,J,4,G,2,4,8,S,8,Y,C,2,0,T,JEEP,LRO,4W,0,17,,1,0,1059,GCK,G,,,6,244,,,,,3664,00,E,42,0,0,000000000,00000000000,0,0,0,1,0,0,0,0,0,0,0,40,0,0,0,12,0,1,8,0,0,0,1,12,33772,6,1,0,0,3,0,72,999,0,0,0,0,0,0,0,0,0,0,6,0,0,0,2,3,40,1,1,8,2,0,0,1,80,6,1,1,13,0,0
12,122042,1,1,1,2,7,21,7,8,0,1,0,12,2,59,31,59031,4,2002,JTHBF30GX200,J,T,H,B,F,3,0,G,X,2,0,0,0,P,LEXS,ES3,4D,2,17,3439,,0,1071,,G,,F,6,183,,,16R215,,,,,,0,0,000000000,00000000000,0,0,0,1,0,0,0,0,0,0,0,45,0,0,0,12,4,3,8,0,0,0,1,12,33167,1,1,0,0,2,0,75,999,1,2,0,0,0,2,2010,5,2012,0,0,0,0,0,2,2,45,1,1,8,1,0,0,1,80,1,1,1,13,0,0
12,122043,1,2,1,8,7,1,7,8,0,1,0,12,1,7,43,7043,4,2004,1B3EL46X54N2,1,B,3,E,L,4,6,X,5,4,N,2,0,P,DODG,SRX,4D,4,17,3094,,0,1080,,G,,F,4,146,,,16R205,,,,,,0,0,000000000,00000000000,0,0,0,1,0,0,0,0,0,0,0,35,0,0,0,12,4,1,8,0,0,0,1,12,33774,6,1,0,0,3,0,72,999,0,0,0,0,0,0,0,0,0,0,0,0,0,0,2,2,35,1,3,8,1,0,0,1,80,1,1,1,13,0,0
12,122043,2,2,1,8,7,1,7,8,0,1,1,12,1,37,31,37031,4,2001,1HGES16571L0,1,H,G,E,S,1,6,5,7,1,L,0,0,P,HOND,UCL,4D,1,17,2515,,0,1031,,G,,F,4,102,,,14R185,,,,,,0,0,000000000,00000000000,0,0,0,1,0,0,0,0,0,0,0,35,0,0,0,12,2,1,8,0,0,0,1,12,33772,6,1,0,0,3,0,58,999,0,0,0,1,1,8,2010,1,2012,0,0,0,0,0,2,2,35,1,3,8,1,0,0,1,80,1,1,1,98,0,1
12,122044,1,1,1,24,7,7,5,9,0,1,0,12,1,35,443,35443,20,2002,4N2ZN15T12D8,4,N,2,Z,N,1,5,T,1,2,D,8,0,P,NISS,QST,SV,2,17,3858,,0,1122,,G,,F,6,201,,,16R215,,,,,,0,0,000000000,00000000000,0,0,0,1,0,0,0,0,0,0,0,998,0,0,0,2,4,1,9,0,0,0,1,9,6604,6,1,0,0,3,0,75,999,98,0,0,0,0,0,0,0,0,0,39,0,0,0,5,4,98,1,8,8,1,3,3,10,83,1,1,1,13,0,0
12,122045,1,2,1,5,8,15,23,12,1,1,0,12,1,37,706,37706,80,2007,JH2SC57037M3,J,H,2,S,C,5,7,0,3,7,M,3,0,M,HOND,CBS,RC,7,17,,,,,,,998,,4,,4,388,,,,,,,0,0,000000000,00000000000,0,0,0,1,0,0,0,0,0,0,0,60,0,0,0,12,6,2,12,0,0,0,1,12,33147,6,1,0,0,3,0,67,999,0,1,0,3,0,9,2009,5,2012,1,26,33,0,0,1,2,30,1,1,8,1,0,0,1,51,6,1,1,98,1,1
12,122045,2,2,1,5,8,15,23,12,1,1,0,12,1,49,472,49472,30,1996,4TANL42N4TZ1,4,T,A,N,L,4,2,N,4,T,Z,1,0,T,TOYT,REG,PK,96,17,,1,0,1033,TAC,G,,,4,149,,,,B,2560,00,M,42,0,0,000000000,00000000000,0,0,0,1,0,0,0,0,0,0,0,10,0,0,0,6,4,3,12,0,0,0,1,12,33055,6,1,6,0,3,0,66,999,1,0,0,0,0,3,2012,3,2012,0,48,0,0,0,1,2,30,1,1,8,1,0,0,12,53,1,1,1,98,0,0
12,122046,1,2,1,25,8,14,27,12,6,1,0,12,1,20,37,20037,4,2005,1G1ZT52855F1,1,G,1,Z,T,5,2,8,5,5,F,1,0,P,CHEV,M/L,4D,5,17,3297,,0,1063,,G,,F,6,214,,,15R205,,,,,,0,0,000000000,00000000000,0,0,0,1,0,0,0,0,0,0,0,20,0,0,0,2,6,2,12,0,0,0,1,12,34788,6,1,0,0,3,3,62,999,0,0,0,0,0,0,0,0,0,0,38,0,0,0,3,3,45,1,1,8,2,0,0,11,15,1,1,1,68,0,0
12,122046,2,2,1,25,8,14,27,12,6,1,0,12,1,72,706,72706,80,1995,1HD4CAM18SY2,1,H,D,4,C,A,M,1,8,S,Y,2,0,M,HD,XL8,RS,95,17,,,,,,,883,,2,,4,999,,,,,,,0,0,000000000,00000000000,0,0,0,1,0,0,0,0,0,0,0,50,0,0,0,12,6,2,12,0,0,1,1,12,33585,6,1,0,0,3,3,71,999,0,0,0,0,0,0,0,0,0,0,0,0,0,0,3,3,45,1,1,8,2,0,0,1,62,1,1,1,69,1,0
12,122047,1,2,1,11,10,7,52,12,7,1,0,12,2,49,32,49032,4,2011,2T1BU4EE0BC6,2,T,1,B,U,4,E,E,0,B,C,6,0,P,TOYT,CBS,4D,11,17,2734,,0,1024,,G,,F,4,110,,,15R195,,,,,,0,0,000000000,00000000000,0,0,0,1,0,0,0,0,0,0,0,25,0,0,0,82,6,2,12,0,0,0,1,12,33950,6,1,0,0,3,0,63,999,0,1,0,0,0,7,2012,7,2012,0,38,0,0,0,1,2,98,1,1,8,1,3,3,11,15,1,1,1,76,0,1
12,122047,2,2,1,11,10,7,52,12,7,1,0,12,1,55,33,55033,4,2006,5NPEU46F86H1,5,N,P,E,U,4,6,F,8,6,H,1,0,P,HYUN,SGX,4D,6,17,3458,,0,1074,,G,,F,6,204,,,17R225,,,,,,0,0,000000000,00000000000,0,0,0,1,0,0,0,0,0,0,0,45,0,0,0,62,6,2,12,0,0,0,1,12,33909,6,1,0,0,3,0,61,999,0,0,0,0,0,0,0,0,0,0,0,0,0,0,2,2,45,1,1,8,1,0,0,1,65,1,1,1,77,1,0
12,122048,1,1,1,19,10,11,33,15,0,1,0,12,1,19,21,19021,4,2007,1G6DW6775701,1,G,6,D,W,6,7,7,5,7,0,1,0,P,CADI,CST,4D,7,17,3929,,0,1164,,G,,F,6,220,,,17R235,,,,,,0,0,000000000,00000000000,0,0,0,1,0,0,0,0,0,0,0,35,0,0,0,12,6,2,15,0,0,0,1,12,34946,6,1,0,0,3,3,71,999,0,0,0,0,0,0,0,0,0,0,0,0,0,0,5,4,40,1,1,8,1,3,3,1,83,1,1,1,13,0,0
12,122049,1,1,1,25,10,10,50,42,0,1,0,12,2,7,442,7442,20,2008,1D8HN54P58B1,1,D,8,H,N,5,4,P,5,8,B,1,0,T,DODG,GSX,ES,8,17,,2,0,1212,CAR,G,,,6,232,,,,,4483,00,7,42,0,0,000000000,00000000000,0,0,0,1,0,0,0,0,0,0,0,65,0,1,5,12,6,2,1,0,0,0,1,12,34448,6,1,0,0,3,0,76,999,0,1,0,1,0,10,2011,2,2012,0,6,0,0,0,1,2,55,2,1,2,1,28,3,14,12,3,1,4,6,1,0
12,122050,1,1,1,1,11,0,50,42,0,1,0,17,2,22,18,22018,2,1996,1G2NE12M1TM5,1,G,2,N,E,1,2,M,1,T,M,5,0,P,PONT,GAS,CP,96,17,2662,,0,1034,,G,,F,6,191,,,14R195,,,,,,0,0,000000000,00000000000,0,0,0,1,0,0,0,0,0,0,0,100,0,1,5,12,6,2,42,0,0,0,1,12,33770,4,7,0,0,2,0,66,999,0,1,0,0,0,1,2011,1,2011,0,58,0,0,0,2,2,70,1,6,8,1,0,0,1,13,6,4,4,2,1,1
12,122051,1,1,1,10,11,12,50,1,0,1,0,12,1,73,705,73705,80,2008,JKAKLEE1X8DA,J,K,A,K,L,E,E,1,X,8,D,A,0,M,KAWK,KLE,T,8,17,,,,,,,651,,1,,4,386,,,,,,,0,0,000000000,00000000000,0,0,0,1,0,0,0,0,0,0,0,20,0,0,0,0,4,3,1,0,0,0,1,12,32724,6,1,6,0,3,0,78,999,0,0,0,0,2,7,2012,8,2012,1,82,6,0,0,1,2,30,1,1,5,11,0,0,1,5,1,1,1,98,1,0
12,122052,1,1,1,21,11,19,5,8,0,1,0,12,1,12,3,12003,2,2006,1ZVFT80N9651,1,Z,V,F,T,8,0,N,9,6,5,1,0,P,FORD,MUS,CP,6,17,3351,,0,1071,,G,,F,6,244,,,16R215,,,,,,0,0,000000000,00000000000,0,0,0,1,0,0,0,0,0,0,0,40,0,0,0,12,4,3,8,0,0,0,1,12,33928,6,1,0,0,3,0,67,999,0,0,0,0,0,0,0,0,0,0,0,0,0,0,2,3,45,1,1,8,1,0,0,1,80,1,1,1,13,0,0
12,122053,1,1,1,31,10,16,18,42,0,1,0,12,2,72,706,72706,80,2007,1HD1GX4167K3,1,H,D,1,G,X,4,1,6,7,K,3,0,M,HD,FXI,RS,7,17,,,,,,,1584,,2,,4,634,,,,,,,0,0,000000000,00000000000,0,0,0,1,0,0,0,0,0,0,0,56,0,0,0,12,4,3,30,0,0,0,1,12,34473,6,1,6,0,3,3,70,999,0,0,0,1,0,10,2010,10,2010,1,6,0,0,0,1,2,30,1,1,8,1,0,0,1,12,1,1,4,6,1,1
12,122054,1,1,1,25,11,10,10,42,0,1,0,12,2,49,32,49032,4,2008,1NXBR32EX8Z0,1,N,X,B,R,3,2,E,X,8,Z,0,0,P,TOYT,UCS,4D,8,17,2530,,0,1024,,G,,F,4,110,,,15R185,,,,,,0,0,000000000,00000000000,0,0,0,1,0,0,0,0,0,0,0,55,0,1,6,12,6,2,2,0,0,1,1,12,33782,6,1,0,0,3,0,70,999,0,0,0,0,0,0,0,0,0,0,6,0,0,0,1,2,55,1,1,2,1,0,0,1,13,1,1,4,1,1,0
12,122055,1,2,2,30,11,17,55,12,6,1,0,12,1,12,17,12017,4,2006,1FAFP53U26A1,1,F,A,F,P,5,3,U,2,6,A,1,0,P,FORD,TSE,4D,6,17,3307,,0,1085,,G,,F,6,183,,,16R215,,,,,,0,0,000000000,00000000000,0,0,0,1,0,0,0,0,0,0,0,30,0,0,0,9,6,2,12,0,0,0,1,12,34609,6,1,0,0,3,3,63,999,0,0,0,0,0,0,0,0,0,0,39,0,0,0,1,2,30,1,1,8,1,20,3,1,66,1,1,1,89,1,0
12,122055,2,2,3,30,11,17,55,12,6,1,0,12,4,20,24,20024,6,2012,1GNKRLED2CJ2,1,G,N,K,R,L,E,D,2,C,J,2,0,P,CHEV,TRV,UT,12,17,4658,,0,1189,,G,,F,6,220,,,20R255,,,,,,0,0,000000000,00000000000,0,0,0,1,0,0,0,0,0,0,0,45,0,0,0,12,6,2,12,0,0,0,1,95,0,0,0,0,0,0,0,999,999,0,0,0,0,0,0,0,0,0,0,0,0,0,0,2,2,45,1,6,8,1,0,0,1,17,1,1,1,88,0,0
12,122056,1,1,1,30,11,16,3,1,0,1,0,99,5,76,709,76709,80,2010,JYARJ16E0AA0,J,Y,A,R,J,1,6,E,0,A,A,0,0,M,YAMA,R6L,RC,10,17,,,,,,,599,,4,,4,414,,,,,,,0,0,000000000,00000000000,0,0,0,1,0,0,0,0,0,0,0,999,0,0,0,0,6,2,1,0,0,0,1,98,0,0,0,0,0,0,0,999,999,0,0,0,0,0,0,0,0,0,0,6,0,0,0,3,3,50,1,1,8,1,0,0,1,98,1,1,1,98,1,0
12,122057,1,1,3,2,12,13,52,15,0,1,0,12,1,18,2,18002,4,2001,1G4HR54K81U2,1,G,4,H,R,5,4,K,8,1,U,2,0,P,BUIC,LLF,4D,1,17,3591,,0,1122,,G,,F,6,231,,,15R215,,,,,,0,0,000000000,00000000000,0,0,0,1,0,0,0,0,0,0,0,25,0,0,0,12,6,2,15,0,0,0,1,12,33770,6,1,0,0,3,3,62,999,0,0,0,0,0,0,0,0,0,0,0,0,0,0,1,2,30,1,1,8,1,0,0,1,80,1,1,1,13,0,0
12,122059,1,2,2,4,12,12,45,12,2,1,0,12,1,55,35,55035,5,2012,KMHDB8AE8CU1,K,M,H,D,B,8,A,E,8,C,U,1,0,P,HYUN,EGS,SW,12,17,2937,,0,1063,,G,,F,4,121,,,15R195,,,,,,0,0,000000000,00000000000,0,0,0,1,0,0,0,0,0,0,0,60,0,0,0,12,6,2,12,0,0,0,1,12,32621,6,1,0,0,3,0,65,999,0,0,0,1,0,5,2011,5,2011,0,6,28,0,0,1,2,55,1,1,8,1,0,0,1,10,1,1,2,50,0,0
12,122059,2,2,3,4,12,12,45,12,2,1,0,12,2,37,31,37031,4,1997,2HGEJ8545VH5,2,H,G,E,J,8,5,4,5,V,H,5,0,P,HOND,UAX,4D,97,17,2455,,0,1032,,G,,F,4,097,,,14R185,,,,,,0,0,000000000,00000000000,0,0,0,1,0,0,0,0,0,0,0,55,0,0,0,12,6,2,12,0,0,0,1,12,32693,6,1,0,0,3,3,70,999,0,0,0,0,0,0,0,0,0,0,0,0,0,0,1,2,55,1,1,8,1,0,0,1,62,1,1,1,51,1,0
12,122060,1,1,1,7,12,23,34,1,0,1,0,12,1,12,422,12422,15,2004,1FMPU17LX4LB,1,F,M,P,U,1,7,L,X,4,L,B,0,P,FORD,EPT,UT,4,17,5339,,0,1191,,G,,F,8,330,,,17R265,,,,,,0,0,000000000,00000000000,0,0,0,1,0,0,0,0,0,0,0,85,0,1,3,0,6,2,1,0,0,0,1,12,32094,6,1,0,0,3,0,70,999,0,0,0,0,0,0,0,0,0,0,6,0,0,0,3,2,70,1,6,8,1,0,0,1,13,6,4,4,6,1,1
12,122061,1,1,4,8,12,4,46,8,0,1,0,12,1,49,40,49040,4,2007,4T1BE46K27U5,4,T,1,B,E,4,6,K,2,7,U,5,0,P,TOYT,CMB,4D,7,17,3108,,0,1093,,G,,F,4,146,,,15R205,,,,,,0,0,000000000,00000000000,0,0,0,1,0,0,0,0,0,0,0,65,0,0,0,12,6,2,8,0,0,0,1,12,33952,6,1,0,0,3,0,66,999,0,0,0,0,0,0,0,0,0,0,0,0,0,0,3,4,65,1,1,8,1,0,0,1,80,1,1,1,13,0,0
12,122062,1,3,1,9,12,13,39,12,6,1,0,12,1,69,42,69042,4,1973,SRX14861,S,R,X,1,4,8,6,1,,,,,0,P,ROL,,,73,8,,,,,,,,,,,,,,,,,,,0,0,000000000,00000000000,0,0,0,1,0,0,0,0,0,0,0,55,0,0,0,61,6,2,12,0,0,0,1,12,33710,6,1,0,0,3,3,72,999,0,0,0,0,0,0,0,0,0,0,39,0,0,0,2,3,45,1,1,8,1,3,3,1,17,1,1,1,89,0,1
12,122062,2,3,1,9,12,13,39,12,6,1,0,12,1,49,32,49032,4,2007,2T1BR32E07C8,2,T,1,B,R,3,2,E,0,7,C,8,0,P,TOYT,UCS,4D,7,17,2530,,0,1024,,G,,F,4,109,,,15R185,,,,,,0,0,000000000,00000000000,0,0,0,1,0,0,0,0,0,0,0,40,0,0,0,12,6,2,12,0,0,0,1,12,33714,6,1,0,0,3,3,63,999,0,0,0,0,0,0,0,0,0,0,0,0,0,0,1,2,30,1,1,8,1,3,3,1,66,1,1,1,88,0,0
12,122062,3,3,2,9,12,13,39,12,6,1,0,23,1,14,6,14006,4,1996,2MELM74W9TX7,2,M,E,L,M,7,4,W,9,T,X,7,0,P,MERC,GMG,4D,96,17,3796,,0,1144,,G,,F,8,281,,,15R215,,,,,,0,0,000000000,00000000000,0,0,0,1,0,0,0,0,0,0,0,10,0,0,0,62,6,2,12,0,0,0,1,23,4864,3,1,0,0,2,0,68,150,0,0,0,0,0,0,0,0,0,0,0,0,0,0,1,2,30,1,1,8,1,3,3,10,62,1,1,1,98,1,0
12,122063,1,2,2,11,12,5,5,12,11,1,0,12,1,23,401,23401,14,2005,1GKDS13S5522,1,G,K,D,S,1,3,S,5,5,2,2,0,T,GMC,ENV,4W,5,17,,1,0,1130,ENV,G,,,6,256,,,,B,4417,00,E,42,0,0,000000000,00000000000,0,0,0,1,0,0,0,0,0,0,0,0,0,0,0,14,6,2,12,0,0,1,1,12,33408,6,1,0,0,3,0,72,999,0,0,0,0,0,0,0,0,0,0,0,0,0,0,3,2,70,1,1,8,2,0,0,7,53,1,1,1,98,2,1
12,122063,2,2,1,11,12,5,5,12,11,1,0,12,3,82,881,82881,63,2010,1FVACXDT9ADA,1,F,V,A,C,X,D,T,9,A,D,A,1,T,FRHT,16M,CC,10,17,,7,0,0,FM2,D,,,6,409,,,,,00000,00,,42,1,12,510302,12510302,3,4,1,1,0,0,0,0,0,0,0,70,0,0,0,12,6,2,12,0,0,0,1,12,33055,6,1,6,3,3,0,68,999,0,0,0,0,0,0,0,0,0,0,0,0,0,0,3,2,70,1,1,8,2,0,0,1,50,1,1,1,98,0,0
12,122064,1,2,1,11,12,17,54,12,6,1,0,92,0,37,701,37701,88,1986,JH2AF0605GS2,J,H,2,A,F,0,6,0,5,G,S,2,0,M,HOND,NQ5,MS,86,17,,,,,,,50,,1,,2,999,,,,,,,0,0,000000000,00000000000,0,0,0,1,0,0,0,0,0,0,0,25,0,0,0,12,6,2,12,0,0,0,1,12,34981,6,7,0,0,2,0,72,999,0,0,0,0,0,0,0,0,0,0,48,0,0,0,2,2,40,1,1,8,1,0,0,11,15,1,1,1,68,1,0
12,122064,2,2,3,11,12,17,54,12,6,1,0,12,2,35,50,35050,4,2008,3N1BC11EX8L3,3,N,1,B,C,1,1,E,X,8,L,3,0,P,NISS,VSL,4D,8,17,2627,,0,1024,,G,,F,4,110,,,15R185,,,,,,0,0,000000000,00000000000,0,0,0,1,0,0,0,0,0,0,0,40,0,0,0,11,6,2,12,0,0,0,1,12,34983,6,1,0,0,3,3,68,999,0,0,0,0,0,0,0,0,0,0,0,0,0,0,2,2,40,1,1,8,1,0,0,1,62,1,1,1,69,0,0
12,122065,1,3,1,13,12,19,49,12,2,1,0,12,2,20,461,20461,21,2006,1GCGG25UX611,1,G,C,G,G,2,5,U,X,6,1,1,0,T,CHEV,E25,CG,6,17,,2,0,1350,EXP,G,,,8,366,,,,C,5338,00,,42,0,0,000000000,00000000000,0,0,0,1,0,0,0,0,0,0,0,45,0,0,0,12,6,2,12,0,0,0,1,12,33917,6,1,0,0,3,0,67,999,0,1,0,0,0,7,2012,7,2012,0,28,0,0,0,1,2,45,1,1,8,1,0,0,1,10,1,1,2,50,0,1
12,122065,2,3,1,13,12,19,49,12,2,1,0,47,1,73,706,73706,80,1995,JKBVNCA11SA0,J,K,B,V,N,C,A,1,1,S,A,0,0,M,KAWK,VN8,RS,95,17,,,,,,,800,,2,,4,485,,,,,,,0,0,000000000,00000000000,0,0,0,1,0,0,0,0,0,0,0,45,0,0,0,12,6,2,12,0,0,0,1,47,37323,6,1,0,0,3,0,69,230,0,0,0,0,0,0,0,0,0,0,0,0,0,0,1,2,45,1,1,8,1,0,0,1,62,1,1,1,51,1,0
12,122065,3,3,1,13,12,19,49,12,2,1,0,47,2,20,16,20016,4,2003,1G1JH52F1371,1,G,1,J,H,5,2,F,1,3,7,1,0,P,CHEV,CLP,4D,3,17,2808,,0,1041,,G,,F,4,134,,,16R205,,,,,,0,0,000000000,00000000000,0,0,0,1,0,0,0,0,0,0,0,45,0,0,0,12,6,2,12,0,0,0,1,47,37323,6,1,0,0,3,0,66,210,0,0,0,0,0,0,0,0,0,0,0,0,0,0,1,2,45,1,1,8,1,0,0,1,60,1,1,1,98,0,0
12,122066,1,3,1,14,12,5,9,12,1,1,0,12,3,12,481,12481,31,2009,1FTNX205X9EB,1,F,T,N,X,2,0,5,X,9,E,B,0,T,FORD,F2S,4C,9,17,,2,1580,1420,SRW,G,,,8,329,,,,B,5887,01,U,42,0,0,000000000,00000000000,0,0,0,1,0,0,0,0,0,0,0,70,0,0,0,12,6,2,12,0,0,0,1,12,34997,6,1,0,0,3,0,73,999,0,0,0,0,0,0,0,0,0,0,6,0,0,0,3,2,70,1,1,8,2,23,3,1,50,1,1,1,32,0,0
12,122066,2,3,1,14,12,5,9,12,1,1,0,12,1,41,51,41051,4,2007,JM1BK12F7717,J,M,1,B,K,1,2,F,7,7,1,7,0,P,MAZD,M3I,4D,7,17,2780,,0,1039,,G,,F,4,122,,,15R195,,,,,,0,0,000000000,00000000000,0,0,0,1,0,0,0,0,0,0,0,0,0,0,0,6,6,2,12,0,0,0,1,12,34957,6,1,0,0,3,0,64,999,0,0,0,0,0,0,0,0,0,0,0,0,0,0,3,2,70,1,1,8,2,23,3,7,53,1,1,1,32,1,0
12,122066,3,3,1,14,12,5,9,12,1,1,0,6,2,12,481,12481,31,2004,1FTRF12W94NC,1,F,T,R,F,1,2,W,9,4,N,C,0,T,FORD,F15,PK,4,17,,2,1450,1260,COF,G,,,8,281,,,,B,4810,00,U,42,0,0,000000000,00000000000,0,0,0,1,0,0,0,0,0,0,0,0,0,0,0,6,6,2,12,0,0,0,1,12,33312,6,1,0,0,3,0,72,999,0,0,0,0,0,0,0,0,0,0,0,0,0,0,3,2,70,1,1,8,2,23,3,7,53,1,1,1,98,0,0
12,122067,1,1,2,15,12,21,47,42,0,1,0,12,2,76,739,76739,90,2008,5Y4AM16Y18A0,5,Y,4,A,M,1,6,Y,1,8,A,0,0,M,YAMA,R70,AT,8,17,,,,,,,686,,1,,4,1124,,,,,,,0,0,000000000,00000000000,0,0,0,1,0,0,0,0,0,0,0,25,0,1,5,12,6,2,1,0,0,0,1,12,32754,6,1,0,0,3,0,72,999,0,0,0,0,0,0,0,0,0,0,6,51,79,0,1,2,30,1,1,8,11,0,0,15,12,6,1,4,6,1,1
12,122069,1,1,1,3,8,21,25,9,0,1,1,99,9,99,999,99999,99,9999,999999999999,9,9,9,9,9,9,9,9,9,9,9,9,0,,,,,,,,,,,,,,,,,,,,,,,,,0,0,000000000,00000000000,0,0,0,1,0,0,0,0,0,0,0,999,0,0,0,12,4,1,9,0,0,0,1,99,99999,9,9,99,9,9,9,999,999,99,99,99,99,99,99,9999,99,9999,0,0,0,0,0,3,3,40,1,1,8,1,0,0,1,83,1,1,1,13,0,0
12,122070,1,2,1,9,8,20,2,12,8,1,0,12,1,98,703,98703,80,2012,LHJTLKBR6CB7,L,H,J,T,L,K,B,R,6,C,B,7,0,U,,,,12,17,,,,,,,,,,,,,,,,,,,0,0,000000000,00000000000,0,0,0,1,0,0,0,0,0,0,0,10,0,0,0,9,6,2,12,0,0,0,1,12,34953,6,1,0,0,3,0,65,999,0,0,0,0,0,0,0,0,0,0,28,0,0,0,1,2,40,1,1,8,1,20,3,1,10,1,1,2,64,1,0
12,122070,2,2,2,9,8,20,2,12,8,1,0,12,2,12,481,12481,31,2012,1FD7X2A66CEA,1,F,D,7,X,2,A,6,6,C,E,A,1,T,FORD,F2S,4C,12,17,,2,1580,1420,SRW,F,,,8,378,,,,C,6195,00,7,42,1,0,000000000,00000000000,0,0,0,1,0,0,0,0,0,0,0,40,0,0,0,9,4,3,12,0,0,0,1,12,34953,6,1,0,0,3,0,74,999,0,0,0,1,0,1,2012,1,2012,0,0,0,0,0,1,2,40,1,1,8,1,0,0,1,62,1,1,1,65,0,1
12,122071,1,3,2,5,10,22,35,12,1,1,0,12,1,35,43,35043,4,2012,3N1AB6AP2CL6,3,N,1,A,B,6,A,P,2,C,L,6,0,P,NISS,SBL,4D,12,17,2875,,0,1057,,G,,F,4,122,,,16R205,,,,,,0,0,000000000,00000000000,0,0,0,1,0,0,0,0,0,0,0,55,0,0,0,12,6,2,12,0,0,0,1,12,33157,6,1,0,0,3,3,65,999,0,0,0,0,0,0,0,0,0,0,6,0,0,0,2,2,40,1,1,8,1,0,0,1,51,1,1,1,24,1,1