STATE,ST_CASE,VEH_NO,VE_FORMS,NUMOCCS,DAY,MONTH,HOUR,MINUTE,HARM_EV,MAN_COLL,UNITTYPE,HIT_RUN,REG_STAT,OWNER,MAKE,MODEL,MAK_MOD,BODY_TYP,MOD_YEAR,VIN,VIN_1,VIN_2,VIN_3,VIN_4,VIN_5,VIN_6,VIN_7,VIN_8,VIN_9,VIN_10,VIN_11,VIN_12,TOW_VEH,VINTYPE,VINMAKE,VINA_MOD,VIN_BT,VINMODYR,VIN_LNGT,VIN_WGT,WGTCD_TR,WHLBS_LG,WHLBS_SH,SER_TR,FUELCODE,MCYCL_DS,CARBUR,CYLINDER,DISPLACE,MCYCL_CY,MCYCL_WT,TIRE_SZE,TON_RAT,TRK_WT,TRKWTVAR,VIN_REST,WHLDRWHL,J_KNIFE,MCARR_I1,MCARR_I2,MCARR_ID,GVWR,V_CONFIG,CARGO_BT,HAZ_INV,HAZ_PLAC,HAZ_ID,HAZ_CNO,HAZ_REL,BUS_USE,SPEC_USE,EMER_USE,TRAV_SP,UNDERIDE,ROLLOVER,ROLINLOC,IMPACT1,DEFORMED,TOWED,M_HARM,VEH_SC1,VEH_SC2,FIRE_EXP,DR_PRES,L_STATE,DR_ZIP,L_STATUS,L_TYPE,CDL_STAT,L_ENDORS,L_COMPL,L_RESTRI,DR_HGT,DR_WGT,PREV_ACC,PREV_SUS,PREV_DWI,PREV_SPD,PREV_OTH,FIRST_MO,FIRST_YR,LAST_MO,LAST_YR,SPEEDREL,DR_SF1,DR_SF2,DR_SF3,DR_SF4,VTRAFWAY,VNUM_LAN,VSPD_LIM,VALIGN,VPROFILE,VPAVETYP,VSURCOND,VTRAFCON,VTCONT_F,P_CRASH1,P_CRASH2,P_CRASH3,PCRASH4,PCRASH5,ACC_TYPE,DEATHS,DR_DRINK
12,122071,2,3,1,5,10,22,35,12,1,1,0,12,1,20,471,20471,30,1996,1GCCS19X6TK1,1,G,C,C,S,1,9,X,6,T,K,1,0,T,CHEV,S14,PC,96,17,,1,0,1229,S,G,,,6,262,,,,B,3081,00,,42,0,0,000000000,00000000000,0,0,0,1,0,0,0,0,0,0,0,35,0,0,0,6,6,2,12,0,0,0,1,12,33155,6,1,6,0,3,0,67,999,0,0,0,0,0,0,0,0,0,0,0,0,0,0,2,2,40,1,1,8,1,0,0,1,53,1,1,1,25,0,0
12,122071,3,3,2,5,10,22,35,12,1,1,0,12,1,35,47,35047,4,2006,1N4AL11D86N3,1,N,4,A,L,1,1,D,8,6,N,3,0,P,NISS,ASL,4D,6,17,2915,,0,1102,,G,,F,4,153,,,16R215,,,,,,0,0,000000000,00000000000,0,0,0,1,0,0,0,0,0,0,0,0,0,0,0,9,4,1,54,0,0,0,1,12,33182,6,1,0,0,3,3,66,999,0,0,0,0,0,0,0,0,0,0,0,0,0,0,1,2,30,8,1,8,1,20,3,5,98,1,1,1,98,0,1
12,122072,1,3,1,9,11,11,7,12,6,1,0,12,1,49,472,49472,30,2004,5TENM92N84Z3,5,T,E,N,M,9,2,N,8,4,Z,3,0,T,TOYT,RRG,PK,4,17,,1,0,1033,TAC,G,,,4,164,,,,B,3095,00,U,42,0,0,000000000,00000000000,0,0,0,1,0,0,0,0,0,0,0,40,0,1,5,12,6,2,1,0,0,0,1,12,33990,6,1,0,0,3,0,72,999,0,0,0,0,0,0,0,0,0,0,0,0,0,0,1,2,45,1,1,8,1,0,0,1,62,6,1,2,65,1,0
12,122072,2,3,1,9,11,11,7,12,6,1,0,12,3,12,37,12037,4,2013,1FADP3K27DL1,1,F,A,D,P,3,K,2,7,D,L,1,0,P,FORD,FSE,4H,13,17,2920,,0,1042,,G,,F,4,122,,,16R205,,,,,,0,0,000000000,00000000000,0,0,0,1,0,0,0,0,0,0,0,30,0,0,0,5,4,3,12,0,0,0,1,12,33991,6,1,0,0,3,0,73,999,0,0,0,0,0,0,0,0,0,0,0,0,0,0,1,2,35,1,1,8,1,0,0,1,10,1,1,2,64,0,0
12,122072,3,3,1,9,11,11,7,12,6,1,0,12,3,38,882,38882,61,2002,4KDB4B1R82J8,4,K,D,B,4,B,1,R,8,2,J,8,0,T,GMC,W35,TB,2,17,,3,0,0,3/5,G,,,8,350,,,,,00000,00,,42,0,88,888888888,88888888888,2,1,96,1,0,0,0,0,0,0,0,40,0,0,0,10,6,2,12,0,0,0,1,12,33970,6,1,0,0,3,3,61,999,0,0,0,1,0,2,2012,2,2012,0,0,0,0,0,1,2,45,1,1,8,1,0,0,1,62,1,1,1,98,0,0
12,122073,1,1,2,23,11,21,14,1,0,1,0,12,2,35,47,35047,4,2005,1N4AL11D55N4,1,N,4,A,L,1,1,D,5,5,N,4,0,P,NISS,ASL,4D,5,17,2915,,0,1102,,G,,F,4,153,,,16R215,,,,,,0,0,000000000,00000000000,0,0,0,1,0,0,0,0,0,0,0,998,0,1,6,0,6,2,1,0,0,0,1,12,32401,1,1,0,0,2,0,72,999,1,4,0,0,1,3,2010,9,2012,1,8,0,0,0,1,2,35,3,1,8,1,0,0,14,13,1,1,4,1,1,1
12,122074,1,1,1,28,11,19,30,8,0,1,1,12,4,7,442,7442,20,2011,2D4RN5DG1BR7,2,D,4,R,N,5,D,G,1,B,R,7,0,P,DODG,CAR,SV,11,17,4510,,0,1212,,F,,F,6,220,,,17R225,,,,,,0,0,000000000,00000000000,0,0,0,1,0,0,0,0,0,0,0,45,0,0,0,12,4,3,8,0,0,0,1,12,32765,6,1,0,0,3,3,75,999,0,0,0,0,0,0,0,0,0,0,0,0,0,0,2,2,45,1,1,8,1,0,0,1,80,1,1,1,13,0,0
12,122075,1,1,1,1,12,3,0,8,0,1,1,12,2,7,20,7020,4,2005,1B3ES56C05D1,1,B,3,E,S,5,6,C,0,5,D,1,0,P,DODG,NXT,4D,5,17,2634,,0,1040,,G,,F,4,122,,,15R185,,,,,,0,0,000000000,00000000000,0,0,0,1,0,0,0,0,0,0,0,45,0,0,0,12,4,3,8,0,0,0,1,12,33637,6,1,0,0,3,0,72,999,0,0,0,0,0,0,0,0,0,0,0,0,0,0,2,3,45,1,1,8,1,0,0,1,80,1,1,1,13,0,0
12,122076,1,2,1,3,12,14,20,12,1,1,0,13,3,23,461,23461,21,2005,1GDHG31U7519,1,G,D,H,G,3,1,U,7,5,1,9,0,T,GMC,SCT,YY,5,17,,2,1770,1390,STV,G,,,8,366,,,,D,00000,00,E,42,0,0,000000000,00000000000,0,0,0,1,0,0,0,0,0,0,0,65,0,0,0,12,6,2,12,0,0,0,1,13,31513,6,1,0,0,3,0,72,999,98,0,0,0,0,0,0,0,0,0,0,0,0,0,2,2,65,1,1,8,1,0,0,1,51,1,1,1,24,1,0
12,122076,2,2,2,3,12,14,20,12,1,1,0,12,1,7,881,7881,61,1999,3B6MC3659XM5,3,B,6,M,C,3,6,5,9,X,M,5,0,T,DODG,350,CB,99,17,,3,1627,1387,RPC,G,,,8,360,,,,D,5165,01,U,42,0,88,888888888,88888888888,2,1,98,1,0,0,0,0,0,0,0,45,0,1,1,6,6,2,12,0,0,0,1,12,32336,6,1,0,0,3,3,65,999,0,0,0,0,0,0,0,0,0,0,0,0,0,0,2,2,65,1,1,8,1,0,0,1,53,1,1,1,25,0,0
12,122077,1,1,1,3,12,21,4,42,0,1,0,12,1,49,40,49040,4,2000,4T1BF28K7YU0,4,T,1,B,F,2,8,K,7,Y,U,0,0,P,TOYT,XLL,4D,0,17,3175,,0,1051,,G,,F,6,183,,,15R205,,,,,,0,0,000000000,00000000000,0,0,0,1,0,0,0,0,0,0,0,65,0,0,0,12,6,2,42,0,0,0,1,12,33584,6,1,0,0,3,3,66,999,0,0,0,0,0,0,0,0,0,0,6,0,0,0,3,2,70,1,1,8,1,0,0,1,12,6,1,4,6,1,0
12,122078,1,2,2,8,12,1,10,12,1,1,0,12,2,22,22,22022,4,2006,1G2ZH5581642,1,G,2,Z,H,5,5,8,1,6,4,2,0,P,PONT,GGT,4D,6,17,3426,,0,1123,,G,,F,6,214,,,17R225,,,,,,0,0,000000000,00000000000,0,0,0,1,0,0,0,0,0,0,0,80,0,0,0,12,6,2,12,0,0,0,1,37,28748,0,0,0,0,0,0,999,999,0,0,0,0,0,0,0,0,0,0,6,0,0,0,3,3,70,1,1,8,1,0,0,1,50,1,1,1,20,2,0
12,122078,2,2,2,8,12,1,10,12,1,1,0,12,1,51,881,51881,63,2007,4V4NC9TJ57N4,4,V,4,N,C,9,T,J,5,7,N,4,1,T,VOLV,VNL,TR,7,17,,8,0,0,VVN,D,,,6,915,,,,,00000,00,,64,1,12,2331229,122331229,3,4,1,1,0,0,0,0,0,0,0,0,0,0,0,6,6,2,12,0,0,0,1,12,32824,6,1,6,0,3,3,67,999,0,0,0,0,0,0,0,0,0,0,0,0,0,0,3,3,70,1,1,8,1,0,0,5,53,1,1,1,21,0,0
12,122079,1,1,4,10,12,4,29,24,0,1,0,12,2,35,401,35401,14,2001,JN8DR07X31W5,J,N,8,D,R,0,7,X,3,1,W,5,0,P,NISS,PFI,UT,1,17,3737,,0,1063,,G,,F,6,213,,,16R245,,,,,,0,0,000000000,00000000000,0,0,0,1,0,0,0,0,0,0,0,65,0,1,3,6,6,2,1,0,0,0,1,12,32246,3,1,0,0,2,0,74,999,0,2,0,1,1,5,2010,7,2012,0,6,0,0,0,3,3,65,2,6,8,2,0,0,14,12,1,1,4,6,1,1
12,122080,1,3,1,12,12,5,30,12,6,1,0,12,5,34,35,34035,4,2008,WBANW53508CT,W,B,A,N,W,5,3,5,0,8,C,T,0,P,BMW,550,4D,8,17,3968,,0,1137,,G,,F,8,293,,,17R225,,,,,,0,0,000000000,00000000000,0,0,0,1,0,0,0,0,0,0,0,45,0,0,0,12,6,2,12,0,0,0,1,12,33759,1,1,0,0,2,0,72,999,0,1,0,0,0,9,2012,9,2012,0,6,0,0,0,2,3,45,1,1,8,2,3,3,1,17,1,1,1,86,0,1
12,122080,2,3,1,12,12,5,30,12,6,1,0,12,1,20,481,20481,31,2005,2GCEC19V7513,2,G,C,E,C,1,9,V,7,5,1,3,0,T,CHEV,SC1,4C,5,17,,2,1575,1435,SIL,G,,,8,293,,,,B,4555,00,,42,0,0,000000000,00000000000,0,0,0,1,0,0,0,0,0,0,0,25,0,0,0,81,6,2,12,0,0,0,1,12,34691,6,1,0,0,3,0,71,999,0,0,0,0,0,0,0,0,0,0,0,0,0,0,2,3,45,1,1,8,2,3,3,1,66,1,1,1,87,1,0
12,122080,3,3,1,12,12,5,30,12,6,1,0,12,1,12,481,12481,31,2005,1FTRX12W35FA,1,F,T,R,X,1,2,W,3,5,F,A,0,T,FORD,F15,4C,5,17,,2,1450,1260,COF,G,,,8,281,,,,B,5065,04,U,42,0,0,000000000,00000000000,0,0,0,1,0,0,0,0,0,0,0,998,0,0,0,12,4,1,12,0,0,1,1,12,34684,6,1,6,0,3,0,70,999,0,0,0,0,0,0,0,0,0,0,0,0,0,0,2,3,45,1,1,8,2,3,3,1,62,1,1,1,98,0,0
12,122081,1,1,3,13,12,2,46,30,0,1,0,12,2,20,8,20008,4,1972,1X69F2W21813,1,X,6,9,F,2,W,2,1,8,1,3,0,P,CHEV,NOV,4D,72,13,2949,,1110,1100,,G,,2,8,307,,,14E78,,,,,,0,0,000000000,00000000000,0,0,0,1,0,0,0,0,0,0,0,90,0,1,6,61,6,2,30,0,0,0,1,12,34207,6,1,0,0,3,0,72,999,0,0,0,0,1,7,2010,7,2010,1,36,0,0,0,5,4,40,1,1,8,2,0,0,1,6,1,3,4,2,1,1
12,122082,1,4,1,13,12,17,17,12,1,1,0,12,3,12,481,12481,31,2003,1FDNF20L53EC,1,F,D,N,F,2,0,L,5,3,E,C,0,T,FORD,F2S,PK,3,17,,2,0,1370,SRW,G,,,8,330,,,,C,5356,00,U,42,0,0,000000000,00000000000,0,0,0,1,0,0,0,0,0,0,0,65,0,0,0,12,6,2,12,0,0,0,1,12,32224,6,1,0,0,3,0,75,999,0,0,0,0,0,0,0,0,0,0,6,0,0,0,3,3,65,1,1,8,1,0,0,1,50,1,1,1,20,0,1
12,122082,2,4,1,13,12,17,17,12,1,1,0,22,1,49,401,49401,14,1997,JT3GN87R2V00,J,T,3,G,N,8,7,R,2,V,0,0,0,P,TOYT,RUN,UT,97,17,3610,,0,1053,,G,,F,6,206,,,16R265,,,,,,0,0,000000000,00000000000,0,0,0,1,0,0,0,0,0,0,0,0,0,1,1,6,6,2,12,0,0,0,1,22,70094,3,1,0,0,2,0,67,150,0,0,0,0,0,0,0,0,0,0,0,0,0,0,3,3,65,1,1,8,1,0,0,5,53,1,1,1,21,1,0
12,122082,3,4,1,13,12,17,17,12,1,1,0,12,1,39,34,39034,4,2001,SAJDA01C31FL,S,A,J,D,A,0,1,C,3,1,F,L,0,P,JAGU,STP,4D,1,17,3816,,0,1145,,G,,F,6,181,,,16R225,,,,,,0,0,000000000,00000000000,0,0,0,1,0,0,0,0,0,0,0,0,0,0,0,6,4,3,12,0,0,0,1,12,32207,6,1,0,0,3,0,74,999,0,0,0,0,0,0,0,0,0,0,0,0,0,0,3,3,65,1,1,8,1,0,0,5,53,1,1,1,98,0,0
12,122082,4,4,1,13,12,17,17,12,1,1,0,29,1,20,481,20481,31,2000,2GCEC19T8Y12,2,G,C,E,C,1,9,T,8,Y,1,2,0,T,CHEV,SC1,3C,0,17,,2,1575,1435,SIL,G,,,8,325,,,,B,4134,03,,42,0,0,000000000,00000000000,0,0,0,1,0,0,0,0,0,0,0,0,0,0,0,6,4,3,12,0,0,0,1,12,32224,6,1,0,0,3,3,74,999,0,0,0,0,0,0,0,0,0,0,0,0,0,0,3,3,65,1,1,8,1,0,0,5,50,1,1,1,98,0,0
12,122083,1,2,1,14,12,2,45,12,1,1,0,12,1,58,39,58039,6,2011,JN8AS1MU0BM1,J,N,8,A,S,1,M,U,0,B,M,1,0,P,INFI,IFX,UT,11,17,4094,,0,1136,,G,,F,6,214,,,18R265,,,,,,0,0,000000000,00000000000,0,0,0,1,0,0,0,0,0,0,0,140,0,0,0,12,6,2,12,0,0,0,1,12,32746,6,1,0,0,3,0,72,999,0,2,0,0,0,4,2012,6,2012,1,6,0,0,0,3,3,65,1,1,8,1,0,0,1,51,1,1,1,24,1,1
12,122083,2,2,1,14,12,2,45,12,1,1,0,12,3,84,881,84881,63,2004,1HTTXATN04J0,1,H,T,T,X,A,T,N,0,4,J,0,0,T,INTL,760,CC,4,17,,7,0,0,70S,D,,,6,629,,,,,00000,00,,42,0,12,566483,12566483,3,1,1,1,0,0,0,0,0,0,0,65,0,0,0,6,4,3,12,0,0,0,1,12,33801,6,1,6,0,3,0,76,999,0,0,0,0,0,0,0,0,0,0,0,0,0,0,3,3,65,1,1,8,1,0,0,1,53,1,1,1,25,0,0
12,122084,1,1,5,14,12,19,30,9,0,1,0,26,2,12,401,12401,14,2004,1FMDU73W14ZA,1,F,M,D,U,7,3,W,1,4,Z,A,0,P,FORD,EPR,UT,4,17,4094,,0,1137,,G,,F,8,281,,,16R235,,,,,,0,0,000000000,00000000000,0,0,0,1,0,0,0,0,0,0,0,25,0,0,0,12,2,1,9,0,0,0,1,12,32952,6,1,0,0,3,0,63,999,0,0,0,0,0,0,0,0,0,0,0,0,0,0,5,6,45,1,1,8,1,0,0,1,83,1,1,1,13,0,0
12,122085,1,2,1,17,3,10,24,12,6,1,0,12,1,76,705,76705,80,2001,JYARJ04E81A0,J,Y,A,R,J,0,4,E,8,1,A,0,0,M,YAMA,R6L,RC,1,17,,,,,,,599,,4,,4,365,,,,,,,0,0,000000000,00000000000,0,0,0,1,0,0,0,0,0,0,0,68,0,0,0,12,6,2,12,0,0,0,1,12,34446,6,1,0,0,3,0,68,999,0,0,0,0,0,0,0,0,0,0,6,0,0,0,1,2,30,1,3,8,1,0,0,1,10,1,1,2,74,1,0
12,122085,2,2,2,17,3,10,24,12,6,1,0,38,1,35,47,35047,4,1997,1N4BU31D1VC2,1,N,4,B,U,3,1,D,1,V,C,2,0,P,NISS,AGS,4D,97,17,2756,,0,1031,,G,,F,4,146,,,15R205,,,,,,0,0,000000000,00000000000,0,0,0,1,0,0,0,0,0,0,0,5,0,0,0,63,2,1,12,0,0,0,1,38,58545,6,1,0,0,3,3,70,165,0,0,0,0,0,0,0,0,0,0,0,0,0,0,1,2,30,1,3,8,1,0,0,10,62,1,1,1,74,0,0
12,122086,1,1,1,22,4,7,10,39,0,1,0,12,1,41,35,41035,4,2000,JM1BJ2226Y02,J,M,1,B,J,2,2,2,6,Y,0,2,0,P,MAZD,PDL,4D,0,17,2434,,0,1028,,G,,F,4,097,,,14R185,,,,,,0,0,000000000,00000000000,0,0,0,1,0,0,0,0,0,0,0,40,0,0,0,81,6,2,42,0,0,0,1,12,34601,6,1,0,0,3,0,65,999,0,0,0,0,0,0,0,0,0,0,0,0,0,0,2,2,40,1,6,8,2,0,0,1,13,1,1,4,1,1,0
12,122087,1,4,1,11,10,22,19,12,1,1,0,4,3,12,498,12498,45,2007,1FDXE45S87DB,1,F,D,X,E,4,5,S,8,7,D,B,0,T,FORD,4DC,YY,7,17,,4,1760,1580,CTV,G,,,10,415,,,,,00000,00,K,42,0,0,000000000,00000000000,0,0,0,1,0,0,0,0,0,0,0,15,0,0,0,6,2,1,12,0,0,0,1,12,33407,6,1,0,0,3,3,68,999,0,0,0,0,0,0,0,0,0,0,38,0,0,0,2,3,40,1,1,8,1,0,0,12,98,1,1,2,98,0,0
12,122087,2,4,1,11,10,22,19,12,1,1,0,12,1,53,706,53706,80,2004,JS1GT75A4421,J,S,1,G,T,7,5,A,4,4,2,1,0,M,SUZI,XR1,RC,4,17,,,,,,,988,,4,,4,370,,,,,,,0,0,000000000,00000000000,0,0,0,1,0,0,0,0,0,0,0,40,0,0,0,12,6,2,12,0,0,0,1,12,33410,6,1,0,0,2,0,72,999,0,2,0,0,0,9,2011,5,2012,0,0,0,0,0,2,3,40,1,1,8,1,0,0,1,62,1,1,1,98,1,0
12,122087,3,4,1,11,10,22,19,12,1,1,0,12,1,53,705,53705,80,2011,JS1GR7MA2B21,J,S,1,G,R,7,M,A,2,B,2,1,0,M,SUZI,SX7,RC,11,17,,,,,,,750,,4,,4,437,,,,,,,0,0,000000000,00000000000,0,0,0,1,0,0,0,0,0,0,0,50,0,0,0,12,6,2,12,0,0,0,1,12,33412,6,1,0,0,3,0,70,999,0,0,0,0,0,0,0,0,0,0,26,0,0,0,2,3,40,1,1,8,1,0,0,1,62,1,1,1,98,0,0
12,122087,4,4,1,11,10,22,19,12,1,1,0,12,2,14,6,14006,4,1999,2MEFM75W3XX6,2,M,E,F,M,7,5,W,3,X,X,6,0,P,MERC,MGL,4D,99,17,3922,,0,1147,,G,,F,8,281,,,16R225,,,,,,0,0,000000000,00000000000,0,0,0,1,0,0,0,0,0,0,0,40,0,0,0,12,6,2,12,0,0,0,1,12,33417,0,0,0,0,0,0,999,999,0,0,0,0,0,0,0,0,0,0,0,0,0,0,2,3,40,1,1,8,1,0,0,1,50,1,1,1,98,0,0
12,122089,1,2,1,19,11,3,48,12,1,1,0,12,1,59,35,59035,4,2004,JTHBD192X400,J,T,H,B,D,1,9,2,X,4,0,0,0,P,LEXS,IS3,4D,4,17,3255,,0,1051,,G,,F,6,183,,,17R215,,,,,,0,0,000000000,00000000000,0,0,0,1,0,0,0,0,0,0,0,60,0,0,0,12,6,2,12,0,0,0,1,12,33483,1,1,0,0,2,0,70,999,3,2,0,0,1,1,2011,8,2012,1,6,0,0,0,2,3,45,1,1,8,1,0,0,1,51,1,1,1,24,1,1
12,122089,2,2,1,19,11,3,48,12,1,1,0,12,3,84,881,84881,63,2007,1HSHXAHR97J3,1,H,S,H,X,A,H,R,9,7,J,3,1,T,INTL,860,TR,7,17,,8,0,0,80S,D,,,6,661,,,,,00000,00,,64,1,55,2334119,552334119,3,4,1,1,0,0,0,0,0,0,0,45,0,0,0,6,2,1,12,0,0,0,1,12,33024,6,1,6,0,3,0,69,999,0,0,0,0,0,0,0,0,0,0,0,0,0,0,2,3,45,1,1,8,1,0,0,1,53,1,1,1,25,0,0
12,122090,1,1,1,26,11,20,26,42,0,1,0,12,1,20,23,20023,6,2006,3GNDA13D26S6,3,G,N,D,A,1,3,D,2,6,S,6,0,P,CHEV,HHR,SV,6,17,3155,,0,1035,,G,,F,4,134,,,16R215,,,,,,0,0,000000000,00000000000,0,0,0,1,0,0,0,0,0,0,0,65,0,0,0,9,6,2,42,0,0,0,1,12,34205,6,1,0,0,3,3,74,999,1,0,0,0,1,4,2011,4,2011,1,6,0,0,0,2,2,65,1,1,8,1,0,0,1,13,1,3,4,2,1,1
12,122091,1,2,5,30,11,17,36,12,6,1,1,12,2,20,20,20020,4,1998,2G1WN52K8W91,2,G,1,W,N,5,2,K,8,W,9,1,0,P,CHEV,L/Z,4D,98,17,3420,,0,1075,,G,,F,6,231,,,16R225,,,,,,0,0,000000000,00000000000,0,0,0,1,0,0,0,0,0,0,0,15,0,0,0,5,4,1,12,0,0,0,1,12,34470,3,1,0,0,2,0,67,999,0,4,0,0,0,11,2010,8,2012,0,38,0,0,0,3,2,30,1,5,8,1,0,0,11,10,1,1,1,68,0,0
12,122091,2,2,1,30,11,17,36,12,6,1,0,12,1,37,706,37706,80,2011,JH2RC5003BK7,J,H,2,R,C,5,0,0,3,B,K,7,0,M,HOND,T7C,RS,11,17,,,,,,,745,,2,,4,553,,,,,,,0,0,000000000,00000000000,0,0,0,1,0,0,0,0,0,0,0,57,0,0,0,12,4,3,12,0,0,0,1,12,34471,6,1,0,0,3,3,68,999,0,0,0,0,0,0,0,0,0,1,0,0,0,0,3,2,40,1,6,8,1,0,0,1,62,1,1,1,69,1,0
12,122093,1,1,3,1,12,21,45,34,0,1,0,12,2,12,481,12481,31,1995,1FTEF15N6SNA,1,F,T,E,F,1,5,N,6,S,N,A,6,T,FORD,F15,PK,95,17,,2,1330,1170,COF,G,,,8,302,,,,B,00000,00,M,42,2,0,000000000,00000000000,0,0,0,1,0,0,0,0,0,0,0,77,0,1,5,12,6,2,1,0,0,0,1,12,32063,6,1,0,0,3,0,65,999,0,0,0,0,0,0,0,0,0,1,6,0,0,0,1,2,50,1,1,8,1,0,0,6,13,7,3,4,7,1,0
12,122094,1,2,1,2,12,6,20,12,6,1,0,12,2,20,22,20022,4,2008,1G1AL58F4872,1,G,1,A,L,5,8,F,4,8,7,2,0,P,CHEV,BLT,4D,8,17,3216,,0,1033,,G,,F,4,134,,,15R195,,,,,,0,0,000000000,00000000000,0,0,0,1,0,0,0,0,0,0,0,35,0,0,0,9,6,2,12,0,0,0,1,12,33147,6,1,0,0,3,3,66,999,0,0,0,0,0,0,0,0,0,0,39,0,0,0,1,2,35,1,1,8,2,20,3,1,17,1,1,1,89,1,1
12,122094,2,2,1,2,12,6,20,12,6,1,0,12,1,58,36,58036,4,2003,JNKDA31A43T1,J,N,K,D,A,3,1,A,4,3,T,1,0,P,INFI,I35,4D,3,17,3801,,0,1130,,G,,F,6,214,,,17R215,,,,,,0,0,000000000,00000000000,0,0,0,1,0,0,0,0,0,0,0,45,0,0,0,12,6,2,12,0,0,0,1,12,33055,1,1,0,0,2,0,63,999,0,3,0,1,2,5,2010,11,2012,0,0,0,0,0,2,3,45,1,1,8,2,0,0,1,66,1,1,1,88,0,0
12,122095,1,1,2,3,12,10,0,1,0,1,0,12,2,38,401,38401,14,2001,JACDS58X317J,J,A,C,D,S,5,8,X,3,1,7,J,0,P,ISU,TRO,UT,1,17,4238,,0,1087,,G,,F,6,213,,,16R245,,,,,,0,0,000000000,00000000000,0,0,0,1,0,0,0,0,0,0,0,70,0,1,1,0,6,2,1,0,0,0,1,12,32810,6,1,0,0,3,3,65,999,0,0,0,0,0,0,0,0,0,0,6,0,0,0,3,3,70,1,1,8,1,0,0,1,98,7,3,6,98,1,0
12,122096,1,4,1,5,12,14,15,12,1,1,0,12,1,72,706,72706,80,2008,1HD1KB4468Y6,1,H,D,1,K,B,4,4,6,8,Y,6,0,M,HD,FHA,RS,8,17,,,,,,,1584,,2,,4,786,,,,,,,0,0,000000000,00000000000,0,0,0,1,0,0,0,0,0,0,0,45,0,0,0,12,6,2,12,0,0,0,1,12,33624,6,1,0,0,3,0,69,999,0,0,0,0,0,0,0,0,0,1,26,0,0,0,1,2,40,1,1,8,1,0,0,1,51,1,1,1,24,1,0
12,122096,2,4,2,5,12,14,15,12,1,1,0,12,1,37,32,37032,4,2010,1HGCP2F73AA0,1,H,G,C,P,2,F,7,3,A,A,0,0,P,HOND,UEX,4D,10,17,3362,,0,1102,,G,,F,4,146,,,17R255,,,,,,0,0,000000000,00000000000,0,0,0,1,0,0,0,0,0,0,0,35,0,0,0,6,4,1,12,0,0,0,1,12,33559,6,1,0,0,3,3,64,999,0,0,0,0,0,0,0,0,0,0,0,0,0,0,1,2,40,1,1,8,1,0,0,1,53,1,1,1,25,0,0
12,122096,3,4,1,5,12,14,15,12,1,1,0,12,2,35,32,35032,2,1998,JN1AS44D3WW1,J,N,1,A,S,4,4,D,3,W,W,1,0,P,NISS,2LS,CP,98,17,0,,0,994,,G,,F,4,146,,,15R195,,,,,,0,0,000000000,00000000000,0,0,0,1,0,0,0,0,0,0,0,40,0,0,0,61,4,1,12,0,0,0,1,12,32796,6,1,0,0,3,3,72,999,0,0,0,0,0,0,0,0,0,0,0,0,0,0,1,2,40,1,1,8,1,0,0,1,62,1,1,1,98,0,0
12,122096,4,4,1,5,12,14,15,12,1,1,0,12,1,49,32,49032,4,1996,1NXBB02E3TZ3,1,N,X,B,B,0,2,E,3,T,Z,3,0,P,TOYT,CRD,4D,96,17,2381,,0,970,,G,,F,4,108,,,14R185,,,,,,0,0,000000000,00000000000,0,0,0,1,0,0,0,0,0,0,0,35,0,0,0,62,4,1,12,0,0,0,1,12,34638,6,1,0,0,3,0,61,999,0,0,0,0,0,0,0,0,0,0,0,0,0,0,1,2,40,1,1,8,1,0,0,1,62,1,1,1,98,0,0
12,122097,1,1,1,6,12,0,10,8,0,1,1,12,2,38,472,38472,30,1997,1GGCS1448V86,1,G,G,C,S,1,4,4,8,V,8,6,0,T,ISU,HOM,PK,97,17,,1,0,1083,HOM,G,,,4,133,,,,B,00000,00,M,42,0,0,000000000,00000000000,0,0,0,1,0,0,0,0,0,0,0,40,0,0,0,12,4,1,8,0,0,0,1,12,33511,1,1,0,0,2,0,72,999,1,8,0,1,1,9,2010,7,2011,0,0,0,0,0,2,2,45,1,1,8,1,0,0,1,83,1,1,1,13,0,0
12,122098,1,2,1,7,12,18,8,12,6,1,0,12,1,12,23,12023,4,2009,3FAHP06Z29R1,3,F,A,H,P,0,6,Z,2,9,R,1,0,P,FORD,F/S,4D,9,17,3181,,0,1074,,G,,F,4,140,,,16R205,,,,,,0,0,000000000,00000000000,0,0,0,1,0,0,0,0,0,0,0,10,0,0,0,3,6,2,12,0,0,0,1,12,32119,6,1,0,0,3,3,67,999,0,0,0,0,0,0,0,0,0,0,38,0,0,0,2,2,45,1,1,8,1,3,3,11,15,1,1,1,68,0,0
12,122098,2,2,2,7,12,18,8,12,6,1,0,12,1,72,706,72706,80,2006,1HD1CGP196K4,1,H,D,1,C,G,P,1,9,6,K,4,0,M,HD,20C,RS,6,17,,,,,,,1200,,2,,4,554,,,,,,,0,0,000000000,00000000000,0,0,0,1,0,0,0,0,0,0,0,50,0,0,0,12,6,2,12,0,0,0,1,12,32127,6,1,0,0,3,0,69,999,0,0,0,0,0,0,0,0,0,0,0,0,0,0,2,2,45,1,1,8,1,3,3,1,62,1,1,1,69,1,0
12,122099,1,2,1,7,12,17,25,12,6,1,0,12,2,98,709,98709,80,2011,LFFMKT3CXB10,L,F,F,M,K,T,3,C,X,B,1,0,0,U,,,,11,17,,,,,,,,,,,,,,,,,,,0,0,000000000,00000000000,0,0,0,1,0,0,0,0,0,0,0,30,0,0,0,12,6,2,12,0,0,0,1,39,43224,6,1,0,0,3,3,75,999,1,0,0,0,1,10,2010,11,2011,0,28,0,0,0,2,3,45,1,1,8,1,0,0,1,17,1,1,1,69,1,1