STATE,ST_CASE,VEH_NO,VE_FORMS,NUMOCCS,DAY,MONTH,HOUR,MINUTE,HARM_EV,MAN_COLL,UNITTYPE,HIT_RUN,REG_STAT,OWNER,MAKE,MODEL,MAK_MOD,BODY_TYP,MOD_YEAR,VIN,VIN_1,VIN_2,VIN_3,VIN_4,VIN_5,VIN_6,VIN_7,VIN_8,VIN_9,VIN_10,VIN_11,VIN_12,TOW_VEH,VINTYPE,VINMAKE,VINA_MOD,VIN_BT,VINMODYR,VIN_LNGT,VIN_WGT,WGTCD_TR,WHLBS_LG,WHLBS_SH,SER_TR,FUELCODE,MCYCL_DS,CARBUR,CYLINDER,DISPLACE,MCYCL_CY,MCYCL_WT,TIRE_SZE,TON_RAT,TRK_WT,TRKWTVAR,VIN_REST,WHLDRWHL,J_KNIFE,MCARR_I1,MCARR_I2,MCARR_ID,GVWR,V_CONFIG,CARGO_BT,HAZ_INV,HAZ_PLAC,HAZ_ID,HAZ_CNO,HAZ_REL,BUS_USE,SPEC_USE,EMER_USE,TRAV_SP,UNDERIDE,ROLLOVER,ROLINLOC,IMPACT1,DEFORMED,TOWED,M_HARM,VEH_SC1,VEH_SC2,FIRE_EXP,DR_PRES,L_STATE,DR_ZIP,L_STATUS,L_TYPE,CDL_STAT,L_ENDORS,L_COMPL,L_RESTRI,DR_HGT,DR_WGT,PREV_ACC,PREV_SUS,PREV_DWI,PREV_SPD,PREV_OTH,FIRST_MO,FIRST_YR,LAST_MO,LAST_YR,SPEEDREL,DR_SF1,DR_SF2,DR_SF3,DR_SF4,VTRAFWAY,VNUM_LAN,VSPD_LIM,VALIGN,VPROFILE,VPAVETYP,VSURCOND,VTRAFCON,VTCONT_F,P_CRASH1,P_CRASH2,P_CRASH3,PCRASH4,PCRASH5,ACC_TYPE,DEATHS,DR_DRINK
12,122135,2,2,2,27,9,7,29,12,2,1,0,40,1,20,22,20022,4,2008,1G1AL58F1872,1,G,1,A,L,5,8,F,1,8,7,2,0,P,CHEV,BLT,4D,8,17,3216,,0,1033,,G,,F,4,134,,,15R195,,,,,,0,0,000000000,00000000000,0,0,0,1,0,0,0,0,0,0,0,45,0,0,0,12,6,2,12,0,0,0,1,12,33411,6,1,0,0,3,0,68,999,0,0,0,0,0,0,0,0,0,0,0,0,0,0,2,3,45,1,1,8,1,0,0,1,62,7,1,1,51,1,0
12,122136,1,2,1,28,12,14,40,12,6,1,0,12,2,53,706,53706,80,2008,JS1GT77A9821,J,S,1,G,T,7,7,A,9,8,2,1,0,M,SUZI,XR1,RC,8,17,,,,,,,999,,4,,4,379,,,,,,,0,0,000000000,00000000000,0,0,0,1,0,0,0,0,0,0,0,998,0,0,0,4,6,2,12,0,0,0,1,12,32208,3,1,0,0,2,0,68,999,0,2,0,0,0,2,2011,8,2012,0,39,0,0,0,1,2,30,1,1,8,1,20,3,1,17,1,1,1,87,1,1
12,122136,2,2,2,28,12,14,40,12,6,1,0,12,1,20,401,20401,14,1999,1GNDT13W8X21,1,G,N,D,T,1,3,W,8,X,2,1,0,P,CHEV,BZR,UT,99,17,4023,,0,1070,,G,,F,6,262,,,15R205,,,,,,0,0,000000000,00000000000,0,0,0,1,0,0,0,0,0,0,0,998,0,0,0,12,4,1,12,0,0,0,1,12,32254,6,1,0,0,3,3,61,999,0,1,0,0,0,5,2011,5,2011,0,0,0,0,0,1,2,35,1,1,8,1,0,0,1,66,1,1,1,86,0,0
12,122137,1,2,1,4,11,22,19,12,1,1,0,40,2,7,482,7482,31,2012,1C6RD7KT2CS1,1,C,6,R,D,7,K,T,2,C,S,1,0,T,DODG,S1T,CW,12,17,,2,0,1400,RPC,G,,,8,348,,,,B,5257,00,K,44,0,0,000000000,00000000000,0,0,0,1,0,0,0,0,0,0,0,998,0,0,0,12,6,2,12,0,0,0,1,12,33830,6,1,0,0,3,0,63,999,0,0,0,0,0,0,0,0,0,0,6,0,0,0,2,3,60,1,1,8,1,3,3,1,51,1,1,1,24,0,1
12,122137,2,2,3,4,11,22,19,12,1,1,0,12,2,6,441,6441,20,2010,2A4RR7DX9AR4,2,A,4,R,R,7,D,X,9,A,R,4,0,P,CHRY,TWC,SV,10,17,4621,,0,1212,,G,,F,6,244,,,17R225,,,,,,0,0,000000000,00000000000,0,0,0,1,0,0,0,0,0,0,0,998,0,0,0,6,6,2,12,0,0,0,1,99,99999,9,9,99,9,9,9,999,999,99,99,99,99,99,99,9999,99,9999,0,0,0,0,0,2,3,60,1,1,8,1,3,3,1,53,1,1,1,25,1,0
12,122138,1,2,1,4,11,17,11,12,6,1,0,12,1,53,705,53705,80,2005,JS1GN7CA6521,J,S,1,G,N,7,C,A,6,5,2,1,0,M,SUZI,GSK,RC,5,17,,,,,,,599,,4,,4,355,,,,,,,0,0,000000000,00000000000,0,0,0,1,0,0,0,0,0,0,0,80,0,0,0,12,6,2,12,0,0,0,1,12,33170,6,1,0,0,3,0,70,999,0,0,0,0,0,0,0,0,0,0,39,0,0,0,1,2,30,1,1,8,1,20,3,1,17,1,1,1,86,1,0
12,122138,2,2,1,4,11,17,11,12,6,1,0,12,1,12,471,12471,30,2003,1FTZR14V73PA,1,F,T,Z,R,1,4,V,7,3,P,A,0,T,FORD,RNS,PC,3,17,,1,0,1257,RNG,F,,,6,182,,,,B,3085,00,U,42,0,0,000000000,00000000000,0,0,0,1,0,0,0,0,0,0,0,30,0,0,0,3,6,2,12,0,0,0,1,12,33157,6,1,0,0,3,3,66,999,0,0,0,0,1,2,2012,2,2012,0,0,0,0,0,1,2,30,1,1,8,1,0,0,1,66,1,1,1,87,1,0
12,122139,1,2,8,14,11,18,57,12,6,1,0,12,3,12,461,12461,21,2008,1FBNE31L18DA,1,F,B,N,E,3,1,L,1,8,D,A,0,P,FORD,ECO,SV,8,17,0,,0,1380,,G,,F,8,330,,,16R225,,,,,,0,0,000000000,00000000000,0,0,0,1,0,0,0,0,0,0,0,998,0,0,0,3,4,3,12,0,0,0,1,12,33147,6,1,0,0,3,3,63,999,0,0,0,0,0,0,0,0,0,0,38,0,0,0,2,3,40,1,1,8,1,0,0,11,10,1,1,1,68,0,0
12,122139,2,2,1,14,11,18,57,12,6,1,0,12,1,53,705,53705,80,2003,JS1GN7BA3321,J,S,1,G,N,7,B,A,3,3,2,1,0,M,SUZI,G60,RC,3,17,,,,,,,599,,4,,4,359,,,,,,,0,0,000000000,00000000000,0,0,0,1,0,0,0,0,0,0,0,998,0,0,0,12,6,2,12,0,0,0,1,12,33139,6,1,0,0,3,0,63,999,0,0,0,1,1,7,2010,10,2011,0,0,0,0,0,2,3,40,1,1,8,1,0,0,1,62,3,1,1,69,1,0
12,122140,1,1,1,17,11,17,57,33,0,1,0,12,2,73,706,73706,80,1999,JKAZG9B14XB5,J,K,A,Z,G,9,B,1,4,X,B,5,0,M,KAWK,ZGB,RS,99,17,,,,,,,1200,,4,,4,728,,,,,,,0,0,000000000,00000000000,0,0,0,1,0,0,0,0,0,0,0,35,0,0,0,14,6,8,39,0,0,0,1,12,33629,6,1,0,0,2,0,73,999,0,0,0,0,0,0,0,0,0,0,6,0,0,0,2,3,40,3,1,8,1,0,0,14,13,1,3,4,2,1,1
12,122141,1,1,1,25,11,3,8,33,0,1,0,12,1,52,37,52037,2,2008,4A3AK24FX8E0,4,A,3,A,K,2,4,F,X,8,E,0,0,P,MITS,EGS,2H,8,17,3274,,0,1014,,G,,F,4,145,,,17R225,,,,,,0,0,000000000,00000000000,0,0,0,1,0,0,0,0,0,0,0,30,0,0,0,12,6,2,3,0,0,0,1,12,33609,6,1,0,0,3,3,61,999,0,0,0,0,0,0,0,0,0,1,58,0,0,0,1,4,20,2,5,8,1,20,3,14,13,1,1,4,1,1,1
12,122142,1,1,1,30,11,2,3,31,0,1,0,12,2,37,31,37031,2,2007,2HGFG11617H5,2,H,G,F,G,1,1,6,1,7,H,5,6,P,HOND,UCL,CP,7,17,2657,,0,1043,,G,,F,4,110,,,16R205,,,,,,2,0,000000000,00000000000,0,0,0,1,0,0,0,0,0,0,0,998,0,0,0,9,6,2,31,0,0,0,1,12,33647,6,1,0,0,3,3,74,999,0,0,0,0,0,0,0,0,0,0,6,0,0,0,1,2,45,1,1,8,1,0,0,1,13,9,4,4,2,1,0
12,122143,1,1,2,15,12,21,5,5,0,1,0,12,2,98,739,98739,90,2010,4XATH50A9A28,4,X,A,T,H,5,0,A,9,A,2,8,0,M,POLS,R5H,AT,10,17,,,,,,,498,,1,,4,1214,,,,,,,0,0,000000000,00000000000,0,0,0,1,0,0,0,0,0,0,0,35,0,0,0,0,0,8,5,0,0,0,1,12,32063,6,1,0,0,3,0,63,999,0,0,0,0,0,0,0,0,0,1,0,0,0,0,1,2,35,3,1,8,1,0,0,14,98,1,1,1,0,1,0
12,122144,1,1,1,20,12,23,36,1,0,1,0,12,2,34,39,34039,1,1998,4USCH7336WLE,4,U,S,C,H,7,3,3,6,W,L,E,0,P,BMW,UZ9,CV,98,17,2723,,0,963,,G,,F,4,116,,,16R225,,,,,,0,0,000000000,00000000000,0,0,0,1,0,0,0,0,0,0,0,45,0,1,5,0,6,2,1,0,0,0,1,12,32824,6,1,0,0,3,0,64,999,0,0,0,0,0,0,0,0,0,1,0,0,0,0,2,4,45,2,1,8,2,3,3,14,13,1,1,4,1,1,1
12,122145,1,1,1,21,12,23,29,8,0,1,0,12,1,52,39,52039,2,1994,JA3AM64J4RY0,J,A,3,A,M,6,4,J,4,R,Y,0,0,P,MITS,30S,2H,94,17,3439,,0,972,,G,,F,6,181,,,16R255,,,,,,0,0,000000000,00000000000,0,0,0,1,0,0,0,0,0,0,0,55,0,0,0,12,4,3,8,0,0,0,1,12,32145,6,1,0,0,3,0,70,999,0,0,0,0,0,0,0,0,0,0,0,0,0,0,2,2,55,1,1,8,1,0,0,1,80,1,1,1,13,0,0
12,122147,1,1,1,22,12,21,28,43,0,1,0,12,1,35,34,35034,2,1994,JN1CZ24D9RX5,J,N,1,C,Z,2,4,D,9,R,X,5,0,P,NISS,30X,2H,94,17,3370,,0,965,,G,,T,6,181,,,16R225,,,,,,0,0,000000000,00000000000,0,0,0,1,0,0,0,0,0,0,0,45,0,0,0,12,6,2,8,0,0,0,1,12,32766,6,1,0,0,3,0,73,999,0,0,0,0,0,0,0,0,0,0,6,0,0,0,2,3,45,2,1,8,1,0,0,14,81,1,1,4,1,0,0
12,122148,1,2,1,23,12,13,47,12,6,1,0,12,2,12,471,12471,30,2001,1FTYR10U01TA,1,F,T,Y,R,1,0,U,0,1,T,A,0,T,FORD,RNG,PK,1,17,,1,1175,1116,RNG,G,,,6,182,,,,B,3068,01,U,42,0,0,000000000,00000000000,0,0,0,1,0,0,0,0,0,0,0,45,0,0,0,12,6,2,12,0,0,0,1,12,34609,6,1,0,0,3,0,67,999,1,0,0,1,1,8,2010,5,2012,0,39,0,0,0,1,2,45,1,1,8,1,3,3,1,17,1,1,1,83,0,0
12,122148,2,2,1,23,12,13,47,12,6,1,0,12,1,52,46,52046,4,2006,JA3AJ26E96U0,J,A,3,A,J,2,6,E,9,6,U,0,0,P,MITS,LES,4D,6,17,2745,,0,1024,,G,,F,4,122,,,15R195,,,,,,0,0,000000000,00000000000,0,0,0,1,0,0,0,0,0,0,0,30,0,0,0,9,6,2,12,0,0,0,1,12,34609,1,1,0,0,2,0,68,999,0,1,0,0,0,5,2012,5,2012,0,0,0,0,0,1,2,30,1,1,8,1,3,3,11,66,1,1,1,82,1,0
12,122149,1,1,3,24,12,0,51,24,0,1,0,22,1,12,3,12003,1,2003,1FAFP45X43F3,1,F,A,F,P,4,5,X,4,3,F,3,0,P,FORD,MGT,CV,3,17,3254,,0,1013,,G,,F,8,281,,,17R245,,,,,,0,0,000000000,00000000000,0,0,0,1,0,0,0,0,0,0,0,70,0,1,5,12,6,2,24,0,0,0,1,48,78537,6,1,0,0,3,0,999,999,0,0,0,0,0,0,0,0,0,1,0,0,0,0,2,2,45,2,3,8,1,0,0,14,6,1,1,4,6,2,1
12,122150,1,1,4,24,12,23,45,59,0,1,0,12,1,20,9,20009,2,2010,2G1FK1EJ5A91,2,G,1,F,K,1,E,J,5,A,9,1,0,P,CHEV,SSM,CP,10,17,3913,,0,1123,,G,,F,8,378,,,20R245,,,,,,0,0,000000000,00000000000,0,0,0,1,0,0,0,0,0,0,0,90,0,0,0,12,6,2,42,0,0,0,1,12,32096,6,1,0,0,3,3,67,999,0,0,0,0,0,0,0,0,0,0,6,0,0,0,1,2,35,2,1,8,1,0,0,14,12,1,1,4,6,2,1
12,122151,1,1,2,30,12,4,51,24,0,1,0,12,2,52,37,52037,2,2008,4A3AK24F38E0,4,A,3,A,K,2,4,F,3,8,E,0,0,P,MITS,EGS,2H,8,17,3274,,0,1014,,G,,F,4,145,,,17R225,,,,,,0,0,000000000,00000000000,0,0,0,1,0,0,0,0,0,0,0,55,0,0,0,3,6,2,24,0,0,0,1,12,33162,6,1,0,0,3,3,77,999,2,2,0,0,2,4,2010,11,2012,0,6,0,0,0,3,2,55,1,1,8,1,28,3,1,13,1,4,4,2,1,1
12,122152,1,1,2,30,12,4,1,1,0,1,0,47,2,12,401,12401,14,1997,1FMDU34XXVZA,1,F,M,D,U,3,4,X,X,V,Z,A,0,P,FORD,EPR,UT,97,17,4166,,0,1115,,G,,F,6,245,,,15R225,,,,,,0,0,000000000,00000000000,0,0,0,1,0,0,0,0,0,0,0,55,0,1,5,0,6,2,1,0,0,0,1,12,32459,3,1,0,0,2,0,72,999,0,0,0,0,0,0,0,0,0,0,58,0,0,0,2,2,55,2,1,8,1,0,0,14,13,6,3,4,2,1,0
12,122153,1,1,1,31,12,6,32,8,0,1,0,12,2,67,31,67031,6,2012,JTLZE4FE3CJ0,J,T,L,Z,E,4,F,E,3,C,J,0,0,P,TOYT,SXB,UT,12,17,3027,,0,1024,,G,,F,4,144,,,16R205,,,,,,0,0,000000000,00000000000,0,0,0,1,0,0,0,0,0,0,0,45,0,0,0,12,4,3,8,0,0,0,1,12,32207,6,1,0,0,3,0,64,999,0,0,0,0,0,0,0,0,0,0,0,0,0,0,2,2,45,1,5,8,1,0,0,1,80,7,1,1,13,0,0
12,122154,1,1,1,11,11,15,11,9,0,1,0,12,2,20,441,20441,20,1994,1GNDM15ZXRB1,1,G,N,D,M,1,5,Z,X,R,B,1,0,P,CHEV,AST,SV,94,17,3998,,0,1110,,G,,F,6,262,,,15R205,,,,,,0,0,000000000,00000000000,0,0,0,1,0,0,0,0,0,0,0,35,0,0,0,12,4,1,9,0,0,0,1,12,33460,6,1,0,0,3,0,62,999,0,0,0,0,0,0,0,0,0,0,0,0,0,0,2,2,35,1,1,8,1,0,0,1,83,1,1,1,13,0,0
12,122155,1,3,1,20,11,6,8,12,6,1,0,12,1,21,20,21020,4,1992,1G3AL54N5N63,1,G,3,A,L,5,4,N,5,N,6,3,0,P,OLDS,SCI,4D,92,17,2662,,0,1049,,G,,F,6,204,,,14R185,,,,,,0,0,000000000,00000000000,0,0,0,1,0,0,0,0,0,0,0,10,0,0,0,9,6,2,12,0,0,0,1,12,33935,0,0,0,0,0,0,999,999,0,0,0,0,0,0,0,0,0,0,38,0,0,0,1,2,10,1,1,8,1,0,0,11,15,1,1,1,68,1,0
12,122155,2,3,3,20,11,6,8,12,6,1,0,12,1,20,441,20441,20,1998,1GNDM19WXWB1,1,G,N,D,M,1,9,W,X,W,B,1,0,T,CHEV,AST,ES,98,17,,1,0,1112,AST,G,,,6,262,,,,B,4427,00,,42,0,0,000000000,00000000000,0,0,0,1,0,0,0,0,0,0,0,60,0,0,0,12,6,2,12,0,0,0,1,45,29527,0,0,0,0,0,0,999,999,0,0,0,0,0,0,0,0,0,0,0,0,0,0,1,2,60,1,1,8,1,0,0,1,66,1,1,1,69,0,0
12,122155,3,3,1,20,11,6,8,12,6,1,0,12,3,98,804,98804,66,2006,5KJBAECV46PV,5,K,J,B,A,E,C,V,4,6,P,V,1,T,WSTR,49F,TR,6,17,,8,0,0,CNV,D,,,6,782,,,,,00000,00,,42,1,12,2107273,122107273,3,6,1,1,0,0,0,0,0,0,0,60,0,0,0,12,4,1,12,0,0,0,1,12,33905,6,1,6,0,3,0,71,999,2,0,0,1,0,7,2010,11,2012,0,0,0,0,0,1,2,60,1,1,8,1,0,0,1,62,1,1,1,98,0,0
12,122156,1,2,1,4,12,9,30,5,0,1,0,12,1,63,402,63402,14,2012,KNDPB3A21C73,K,N,D,P,B,3,A,2,1,C,7,3,0,P,KIA,SPO,UT,12,17,3186,,0,0,,G,,F,4,144,,,000000,,,,,,0,0,000000000,00000000000,0,0,0,1,0,0,0,0,0,0,0,15,0,0,0,7,2,1,12,0,0,0,1,12,32765,6,1,0,0,3,0,76,999,0,0,0,0,0,0,0,0,0,0,38,0,0,0,3,3,50,1,1,8,1,20,3,11,62,3,1,1,98,0,0
12,122156,2,2,1,4,12,9,30,5,0,1,0,12,1,76,705,76705,80,2004,JYARJ06E04A0,J,Y,A,R,J,0,6,E,0,4,A,0,0,M,YAMA,R6L,RC,4,17,,,,,,,599,,4,,4,412,,,,,,,0,0,000000000,00000000000,0,0,0,1,0,0,0,0,0,0,0,40,0,0,0,0,6,2,5,0,0,0,1,12,32765,6,1,0,0,3,0,74,999,0,2,0,0,0,10,2011,12,2011,0,0,0,0,0,3,3,50,1,1,8,1,20,3,1,98,3,1,1,0,1,0
12,122157,1,1,1,15,12,9,20,8,0,1,0,12,1,35,481,35481,31,2007,1N6BA06A77N2,1,N,6,B,A,0,6,A,7,7,N,2,0,T,NISS,TXS,PC,7,17,,2,0,1398,TTN,F,,,8,342,,,,,4689,00,E,42,0,0,000000000,00000000000,0,0,0,1,0,0,0,0,0,0,0,15,0,0,0,12,4,8,8,0,0,0,1,12,32210,6,1,0,0,3,0,77,999,0,0,0,0,0,0,0,0,0,0,38,0,0,0,2,3,45,1,1,8,1,3,3,11,80,1,1,1,13,0,0
12,122158,1,1,1,21,12,18,35,8,0,1,0,12,1,12,3,12003,1,2013,1ZVBP8EM8D52,1,Z,V,B,P,8,E,M,8,D,5,2,0,P,FORD,MUS,CV,13,17,3533,,0,1071,,G,,F,6,226,,,17R225,,,,,,0,0,000000000,00000000000,0,0,0,1,0,0,0,0,0,0,0,70,0,0,0,12,4,3,8,0,0,0,1,12,33018,6,1,0,0,3,3,66,999,0,0,0,0,0,0,0,0,0,0,0,0,0,0,2,2,70,1,1,8,1,0,0,1,80,1,1,1,13,0,0
12,122159,1,2,2,25,12,20,24,12,6,1,0,12,1,21,17,21017,4,1995,1G3AJ55MXS63,1,G,3,A,J,5,5,M,X,S,6,3,0,P,OLDS,CRL,4D,95,17,2733,,0,1049,,G,,F,6,191,,,14R185,,,,,,0,0,000000000,00000000000,0,0,0,1,0,0,0,0,0,0,0,20,0,1,1,3,6,2,1,0,0,0,1,12,33322,6,1,0,0,3,3,69,999,0,0,0,0,0,0,0,0,0,0,0,0,0,0,2,3,45,1,1,8,1,4,3,11,11,1,1,1,68,0,0
12,122159,2,2,1,25,12,20,24,12,6,1,0,12,1,53,705,53705,80,2001,JS1GN79A5121,J,S,1,G,N,7,9,A,5,1,2,1,0,M,SUZI,GX6,RC,1,17,,,,,,,600,,4,,4,458,,,,,,,0,0,000000000,00000000000,0,0,0,1,0,0,0,0,0,0,0,50,0,0,0,12,6,2,12,0,0,0,1,12,33321,6,1,0,0,3,0,73,999,0,0,0,0,0,0,0,0,0,0,0,0,0,0,2,3,45,1,1,8,1,4,3,1,62,3,1,1,69,1,1
12,122160,1,2,1,27,12,15,19,12,6,1,0,12,1,42,36,42036,4,1985,WDBAB33C1FA2,W,D,B,A,B,3,3,C,1,F,A,2,0,P,MERZ,3DT,4D,85,17,3380,,0,1100,,D,,T,5,183,,,14R195,,,,,,0,0,000000000,00000000000,0,0,0,1,0,0,0,0,0,0,0,25,0,0,0,12,6,2,12,0,0,0,1,12,32808,6,1,0,0,3,0,69,999,0,3,0,0,2,8,2011,11,2012,0,38,0,0,0,5,4,45,1,1,8,1,0,0,11,10,1,1,1,82,0,0
12,122160,2,2,1,27,12,15,19,12,6,1,0,12,1,73,705,73705,80,1996,JKAZX4F12TA0,J,K,A,Z,X,4,F,1,2,T,A,0,0,M,KAWK,ZXF,RC,96,17,,,,,,,600,,4,,4,431,,,,,,,0,0,000000000,00000000000,0,0,0,1,0,0,0,0,0,0,0,45,0,0,0,9,6,2,12,0,0,0,1,12,32792,6,1,0,0,3,0,66,999,0,0,0,0,0,0,0,0,0,0,0,0,0,0,5,4,45,1,1,8,1,0,0,1,62,1,1,1,83,1,0
12,122161,1,2,3,28,12,16,50,12,6,1,0,12,2,12,401,12401,14,2003,1FMZU62K23UA,1,F,M,Z,U,6,2,K,2,3,U,A,0,P,FORD,EPR,UT,3,17,4094,,0,1137,,F,,F,6,245,,,16R235,,,,,,0,0,000000000,00000000000,0,0,0,1,0,0,0,0,0,0,0,10,0,1,5,3,6,2,1,0,0,0,1,12,32054,6,1,0,0,3,0,63,999,0,0,0,0,0,0,0,0,0,0,38,0,0,0,1,2,60,2,1,8,1,0,0,11,10,1,1,1,68,1,0
12,122161,2,2,1,28,12,16,50,12,6,1,0,12,3,86,881,86881,66,2003,1M1AA18Y33W1,1,M,1,A,A,1,8,Y,3,3,W,1,1,T,MACK,CH6,TR,3,17,,8,0,0,600,D,,,6,728,,,,,00000,00,,64,1,12,1230540,121230540,3,6,9,1,0,0,0,0,0,0,0,60,0,0,0,12,6,2,12,0,0,0,1,12,32621,6,1,6,3,3,3,69,999,0,0,0,0,0,0,0,0,0,0,0,0,0,0,1,2,60,2,1,8,1,0,0,14,62,2,1,1,69,0,0
12,122162,1,3,2,28,12,19,30,12,1,1,0,12,1,18,7,18007,4,2001,2G4WS52J0112,2,G,4,W,S,5,2,J,0,1,1,2,0,P,BUIC,CCU,4D,1,17,3368,,0,1090,,G,,F,6,191,,,15R205,,,,,,0,0,000000000,00000000000,0,0,0,1,0,0,0,0,0,0,0,45,0,0,0,12,6,2,12,0,0,0,1,12,33771,6,1,0,0,3,3,69,999,0,0,0,0,1,6,2010,6,2010,1,6,0,0,0,2,3,45,1,1,8,2,3,3,1,50,1,1,1,20,2,0
12,122162,2,3,1,28,12,19,30,12,1,1,0,12,1,7,482,7482,31,2002,1D7HA16K32J2,1,D,7,H,A,1,6,K,3,2,J,2,0,T,DODG,150,PK,2,17,,2,1405,1205,RPC,G,,,6,225,,,,B,4366,01,E,42,0,0,000000000,00000000000,0,0,0,1,0,0,0,0,0,0,0,0,0,0,0,6,4,1,12,0,0,0,1,12,34668,6,1,0,0,3,3,72,999,0,0,0,0,0,0,0,0,0,0,0,0,0,0,2,3,45,1,1,8,2,3,3,5,53,1,1,1,21,0,0
12,122162,3,3,2,28,12,19,30,12,1,1,0,12,1,12,481,12481,31,2000,1FTSF30L9YEE,1,F,T,S,F,3,0,L,9,Y,E,E,0,T,FORD,F3S,PK,0,17,,2,0,1370,SRW,G,,,8,330,,,,D,4966,07,E,42,0,0,000000000,00000000000,0,0,0,1,0,0,0,0,0,0,0,15,0,0,0,7,4,1,12,0,0,0,1,12,34684,6,1,0,0,3,0,68,999,0,0,0,2,0,10,2011,9,2012,0,0,0,0,0,1,2,45,1,1,8,2,3,3,11,15,1,1,1,98,0,0
12,122163,1,1,1,29,12,18,13,8,0,1,0,12,1,22,18,22018,4,2001,1G2NW52E01C1,1,G,2,N,W,5,2,E,0,1,C,1,0,P,PONT,GAG,4D,1,17,3168,,0,1070,,G,,F,6,207,,,16R225,,,,,,0,0,000000000,00000000000,0,0,0,1,0,0,0,0,0,0,0,30,0,0,0,12,4,1,8,0,0,0,1,12,32054,6,1,6,0,3,0,67,999,0,0,0,0,0,0,0,0,0,0,0,0,0,0,2,2,30,1,1,8,1,28,3,1,80,1,1,1,13,0,0
12,122164,1,1,1,29,12,1,22,42,0,1,0,12,1,59,35,59035,4,2002,JTHBD1922200,J,T,H,B,D,1,9,2,2,2,0,0,0,P,LEXS,IS3,4D,2,17,3255,,0,1051,,G,,F,6,183,,,17R215,,,,,,0,0,000000000,00000000000,0,0,0,1,0,0,0,0,0,0,0,70,0,0,0,11,6,2,42,0,0,0,1,12,32244,6,1,0,0,3,0,65,999,1,1,0,0,1,5,2012,9,2012,0,6,0,0,0,3,3,70,1,1,8,1,0,0,1,13,1,3,4,2,1,0
12,122165,1,1,2,30,12,9,5,8,0,1,0,12,2,12,13,12013,4,1998,1FAFP13P2WW2,1,F,A,F,P,1,3,P,2,W,W,2,0,P,FORD,ESS,4D,98,17,2468,,0,984,,G,,F,4,122,,,14R185,,,,,,0,0,000000000,00000000000,0,0,0,1,0,0,0,0,0,0,0,10,0,0,0,12,0,1,8,0,0,0,1,12,32805,6,1,0,0,3,0,69,999,0,0,0,0,0,0,0,0,0,0,6,0,0,0,1,2,25,3,1,8,1,0,0,14,80,1,1,1,13,0,0
12,122166,1,1,1,4,11,22,18,8,0,1,0,12,1,49,32,49032,4,1999,2T1BR12E8XC1,2,T,1,B,R,1,2,E,8,X,C,1,0,P,TOYT,UVL,4D,99,17,2414,,0,970,,G,,F,4,109,,,14R175,,,,,,0,0,000000000,00000000000,0,0,0,1,0,0,0,0,0,0,0,35,0,0,0,12,6,2,8,0,0,0,1,12,33711,6,1,0,0,3,0,66,999,0,0,0,0,1,11,2012,11,2012,0,6,0,0,0,2,3,35,1,1,8,1,3,3,1,80,1,1,1,13,0,0
12,122167,1,1,1,2,12,20,55,1,0,1,0,12,1,20,421,20421,15,2003,1GNEC13Z73R1,1,G,N,E,C,1,3,Z,7,3,R,1,0,P,CHEV,CTA,UT,3,17,4828,,0,1160,,F,,F,8,325,,,16R265,,,,,,0,0,000000000,00000000000,0,0,0,1,0,0,0,0,0,0,0,65,0,2,3,0,6,2,1,0,0,0,1,12,32953,6,1,0,0,3,0,71,999,0,0,0,0,0,0,0,0,0,0,6,0,0,0,2,2,70,1,1,8,1,0,0,1,12,1,1,4,6,1,0
12,122168,1,1,1,8,12,23,23,8,0,1,0,12,1,12,481,12481,31,1999,1FTWW32F7XEC,1,F,T,W,W,3,2,F,7,X,E,C,0,T,FORD,F3D,CW,99,17,,3,1720,1560,DRW,D,,,8,444,,,,D,5755,01,E,42,0,0,000000000,00000000000,0,0,0,1,0,0,0,0,0,0,0,45,0,0,0,12,0,1,8,0,0,0,1,12,33472,6,1,0,0,3,0,71,999,0,0,0,0,0,0,0,0,0,0,0,0,0,0,3,3,45,1,1,8,1,0,0,1,80,1,1,1,13,0,0
12,122169,1,2,1,16,12,18,13,12,1,1,0,12,2,12,481,12481,31,2007,1FTRF12277KC,1,F,T,R,F,1,2,2,7,7,K,C,0,T,FORD,F15,PK,7,17,,2,1450,1260,COF,G,,,6,256,,,,B,4615,01,E,42,0,0,000000000,00000000000,0,0,0,1,0,0,0,0,0,0,0,60,0,0,0,12,6,2,12,0,0,0,1,12,32073,6,1,0,0,3,3,74,999,0,0,0,0,0,0,0,0,0,0,6,0,0,0,3,4,65,1,5,8,1,0,0,1,11,1,1,4,20,0,0
12,122169,2,2,2,16,12,18,13,12,1,1,0,12,1,49,32,49032,4,2002,2T1BR12EX2C5,2,T,1,B,R,1,2,E,X,2,C,5,0,P,TOYT,UCS,4D,2,17,2405,,0,970,,G,,F,4,109,,,14R175,,,,,,0,0,000000000,00000000000,0,0,0,1,0,0,0,0,0,0,0,0,0,0,0,6,6,2,12,0,0,0,1,12,32244,6,1,0,0,3,0,66,999,0,0,0,0,0,0,0,0,0,0,0,0,0,0,3,4,65,1,5,8,1,0,0,5,53,1,1,4,21,1,0