STATE,ST_CASE,VEH_NO,VE_FORMS,NUMOCCS,DAY,MONTH,HOUR,MINUTE,HARM_EV,MAN_COLL,UNITTYPE,HIT_RUN,REG_STAT,OWNER,MAKE,MODEL,MAK_MOD,BODY_TYP,MOD_YEAR,VIN,VIN_1,VIN_2,VIN_3,VIN_4,VIN_5,VIN_6,VIN_7,VIN_8,VIN_9,VIN_10,VIN_11,VIN_12,TOW_VEH,VINTYPE,VINMAKE,VINA_MOD,VIN_BT,VINMODYR,VIN_LNGT,VIN_WGT,WGTCD_TR,WHLBS_LG,WHLBS_SH,SER_TR,FUELCODE,MCYCL_DS,CARBUR,CYLINDER,DISPLACE,MCYCL_CY,MCYCL_WT,TIRE_SZE,TON_RAT,TRK_WT,TRKWTVAR,VIN_REST,WHLDRWHL,J_KNIFE,MCARR_I1,MCARR_I2,MCARR_ID,GVWR,V_CONFIG,CARGO_BT,HAZ_INV,HAZ_PLAC,HAZ_ID,HAZ_CNO,HAZ_REL,BUS_USE,SPEC_USE,EMER_USE,TRAV_SP,UNDERIDE,ROLLOVER,ROLINLOC,IMPACT1,DEFORMED,TOWED,M_HARM,VEH_SC1,VEH_SC2,FIRE_EXP,DR_PRES,L_STATE,DR_ZIP,L_STATUS,L_TYPE,CDL_STAT,L_ENDORS,L_COMPL,L_RESTRI,DR_HGT,DR_WGT,PREV_ACC,PREV_SUS,PREV_DWI,PREV_SPD,PREV_OTH,FIRST_MO,FIRST_YR,LAST_MO,LAST_YR,SPEEDREL,DR_SF1,DR_SF2,DR_SF3,DR_SF4,VTRAFWAY,VNUM_LAN,VSPD_LIM,VALIGN,VPROFILE,VPAVETYP,VSURCOND,VTRAFCON,VTCONT_F,P_CRASH1,P_CRASH2,P_CRASH3,PCRASH4,PCRASH5,ACC_TYPE,DEATHS,DR_DRINK
12,122276,1,1,1,25,10,11,5,9,0,1,0,12,3,87,881,87881,63,2011,2NP3LN0X2BM1,2,N,P,3,L,N,0,X,2,B,M,1,1,T,PTRB,348,CC,11,17,,8,0,0,CON,D,,,6,506,,,,,00000,00,,64,1,17,831633,17831633,3,4,1,1,0,0,0,0,0,0,0,5,0,0,0,12,4,1,9,0,0,0,1,12,33596,6,1,6,3,3,3,75,999,0,0,0,0,0,0,0,0,0,0,0,0,0,0,5,2,35,1,1,8,1,3,3,10,83,1,1,1,13,0,0
12,122277,1,2,1,27,10,5,59,12,6,1,0,12,2,49,442,49442,20,2006,5TDZA23C36S5,5,T,D,Z,A,2,3,C,3,6,S,5,0,P,TOYT,SIE,SV,6,17,4120,,0,1193,,G,,F,6,201,,,15R205,,,,,,0,0,000000000,00000000000,0,0,0,1,0,0,0,0,0,0,0,999,0,1,1,3,6,2,1,0,0,0,1,12,33186,6,1,0,0,3,0,67,999,0,3,0,0,0,8,2011,5,2012,1,6,8,28,0,2,2,40,1,1,8,1,0,0,1,10,1,1,2,64,1,1
12,122277,2,2,1,27,10,5,59,12,6,1,0,12,3,12,16,12016,4,2008,2FAHP71V98X1,2,F,A,H,P,7,1,V,9,8,X,1,0,P,FORD,CVP,4D,8,17,0,,0,1146,,F,,F,8,281,,,17R235,,,,,,0,0,000000000,00000000000,0,0,0,1,0,0,0,0,0,5,0,40,0,0,0,12,6,2,12,41,0,0,1,12,33186,6,1,0,0,3,0,68,999,0,0,0,0,0,0,0,0,0,0,0,0,0,0,2,2,40,1,1,8,1,0,0,1,62,1,1,1,65,0,0
12,122278,1,1,2,29,10,15,23,14,0,1,0,12,1,6,441,6441,20,2007,2A4GP54LX7R3,2,A,4,G,P,5,4,L,X,7,R,3,0,T,CHRY,TOU,ES,7,17,,1,0,1193,TWC,G,,,6,230,,,,B,4267,00,,42,0,0,000000000,00000000000,0,0,0,1,0,0,0,0,0,0,0,25,0,0,0,6,6,2,31,0,0,0,1,12,34731,6,1,0,0,3,3,71,999,0,0,0,0,0,0,0,0,0,0,31,0,0,0,1,2,99,1,1,8,1,0,0,13,98,1,1,5,98,1,0
12,122279,1,1,1,30,10,17,9,8,0,1,1,99,9,99,999,99999,99,9999,999999999999,9,9,9,9,9,9,9,9,9,9,9,9,0,,,,,,,,,,,,,,,,,,,,,,,,,0,0,000000000,00000000000,0,0,0,1,0,0,0,0,0,0,0,45,0,0,0,12,4,1,8,0,0,0,1,99,99999,9,9,99,9,9,9,999,999,99,99,99,99,99,99,9999,99,9999,0,0,0,0,0,2,3,45,1,1,8,1,3,3,1,80,1,1,1,13,0,0
12,122280,1,2,2,1,11,17,12,12,6,1,0,12,1,12,401,12401,14,1994,1FMDU32X0RUB,1,F,M,D,U,3,2,X,0,R,U,B,0,P,FORD,EPR,UT,94,17,3863,,0,1120,,G,,F,6,245,,,15R225,,,,,,0,0,000000000,00000000000,0,0,0,1,0,0,0,0,0,0,0,998,0,0,0,11,6,2,12,0,0,0,1,12,34972,6,1,6,0,3,3,72,999,0,0,0,0,0,0,0,0,0,0,38,0,0,0,1,2,25,1,1,8,1,20,3,11,15,1,1,1,82,1,0
12,122280,2,2,1,1,11,17,12,12,6,1,0,12,1,12,481,12481,31,1996,2FTHF25F2TCA,2,F,T,H,F,2,5,F,2,T,C,A,0,T,FORD,F25,PK,96,17,,2,0,1330,COF,D,,,8,444,,,,C,4775,00,A,42,0,0,000000000,00000000000,0,0,0,1,0,0,0,0,0,0,0,998,0,0,0,12,6,2,12,0,0,0,1,12,34972,6,1,0,0,3,0,64,999,0,0,0,0,0,0,0,0,0,0,0,0,0,0,5,4,35,1,1,8,1,0,0,1,67,1,1,1,83,0,0
12,122281,1,1,1,3,11,22,12,8,0,1,0,12,1,49,40,49040,4,1991,4T1SV21E4MU3,4,T,1,S,V,2,1,E,4,M,U,3,0,P,TOYT,CMD,4D,91,17,2734,,0,1024,,G,,F,4,122,,,14R185,,,,,,0,0,000000000,00000000000,0,0,0,1,0,0,0,0,0,0,0,40,0,0,0,12,4,3,8,0,0,0,1,12,34950,6,1,0,0,3,0,62,999,0,0,0,1,0,1,2012,1,2012,0,0,0,0,0,2,2,40,1,1,8,1,0,0,1,80,1,1,1,13,0,0
12,122282,1,2,1,4,11,7,50,12,6,1,0,12,1,35,49,35049,6,2005,JN8AZ08T75W3,J,N,8,A,Z,0,8,T,7,5,W,3,0,P,NISS,MUR,UT,5,17,3697,,0,1112,,G,,F,6,213,,,18R235,,,,,,0,0,000000000,00000000000,0,0,0,1,0,0,0,0,0,0,0,998,0,0,0,12,6,2,12,0,0,0,1,12,33023,6,1,0,0,3,0,67,999,1,0,0,0,0,11,2012,11,2012,0,6,0,0,0,5,6,98,1,1,8,1,3,3,99,99,1,9,9,99,0,0
12,122282,2,2,1,4,11,7,50,12,6,1,0,12,1,35,47,35047,4,2003,1N4AL11E93C2,1,N,4,A,L,1,1,E,9,3,C,2,0,P,NISS,ABS,4D,3,17,2913,,0,1102,,G,,F,4,153,,,16R205,,,,,,0,0,000000000,00000000000,0,0,0,1,0,0,0,0,0,0,0,999,0,0,0,9,6,2,12,0,0,0,1,12,33179,6,1,0,0,3,3,61,999,0,0,0,0,0,0,0,0,0,0,0,0,0,0,5,6,98,1,1,8,1,3,3,1,99,1,9,9,99,1,0
12,122283,1,1,1,15,11,18,22,8,0,1,0,12,1,42,31,42031,4,1997,WDBJF55FXVA3,W,D,B,J,F,5,5,F,X,V,A,3,0,P,MERZ,E32,4D,97,17,3485,,0,1115,,G,,F,6,195,,,16R215,,,,,,0,0,000000000,00000000000,0,0,0,1,0,0,0,0,0,0,0,998,0,0,0,12,2,1,8,0,0,0,1,12,33150,6,1,0,0,3,3,66,999,0,0,0,0,0,0,0,0,0,0,0,0,0,0,1,4,98,8,8,8,1,97,8,1,80,1,1,1,13,0,0
12,122284,1,1,1,18,11,0,9,8,0,1,1,99,9,99,999,99999,99,9999,999999999999,9,9,9,9,9,9,9,9,9,9,9,9,0,,,,,,,,,,,,,,,,,,,,,,,,,0,0,000000000,00000000000,0,0,0,1,0,0,0,0,0,0,0,998,0,0,0,98,8,1,8,0,0,0,1,99,99999,9,9,99,9,9,9,999,999,99,99,99,99,99,99,9999,99,9999,0,0,0,0,0,1,2,98,1,1,8,1,0,0,1,80,99,1,1,13,0,0
12,122285,1,1,1,16,11,19,35,8,0,1,0,12,2,37,32,37032,4,2001,1HGCG564X1A0,1,H,G,C,G,5,6,4,X,1,A,0,0,P,HOND,ULX,4D,1,17,3031,,0,1069,,G,,F,4,138,,,15R195,,,,,,0,0,000000000,00000000000,0,0,0,1,0,0,0,0,0,0,0,999,0,0,0,12,4,3,8,0,0,0,1,12,33142,6,1,6,0,3,0,68,999,0,3,0,1,0,2,2010,4,2012,0,0,0,0,0,1,2,98,1,1,8,1,0,0,1,80,2,1,1,13,0,0
12,122286,1,1,1,23,12,6,25,59,0,1,0,12,2,34,37,34037,4,2003,WBAGL634X3DP,W,B,A,G,L,6,3,4,X,3,D,P,0,P,BMW,45I,4D,3,17,4376,,0,1177,,G,,F,8,268,,,18R245,,,,,,0,0,000000000,00000000000,0,0,0,1,0,0,0,0,0,0,0,60,0,0,0,12,6,2,42,0,0,0,1,12,33455,3,1,0,0,2,0,73,999,0,0,0,0,0,0,0,0,0,0,6,0,0,0,1,3,30,1,1,8,1,0,0,1,13,1,1,4,1,1,1
12,122287,1,1,1,16,10,6,24,8,0,1,0,12,2,12,401,12401,14,1999,1FMRU1762XLC,1,F,M,R,U,1,7,6,2,X,L,C,0,P,FORD,EPT,UT,99,17,4808,,0,1191,,G,,F,8,281,,,16R255,,,,,,0,0,000000000,00000000000,0,0,0,1,0,0,0,0,0,0,0,999,0,0,0,12,4,3,8,0,0,0,1,12,33610,6,1,0,0,3,0,70,999,0,0,0,0,0,0,0,0,0,0,0,0,0,0,3,3,45,1,1,8,1,0,0,1,80,3,1,1,13,0,0
12,122288,1,2,1,23,10,16,11,12,1,1,0,12,2,35,39,35039,4,2007,1N4BA41E57C8,1,N,4,B,A,4,1,E,5,7,C,8,0,P,NISS,MEL,4D,7,17,3474,,0,1112,,G,,F,6,,,,18R245,,,,,,0,0,000000000,00000000000,0,0,0,1,0,0,0,0,0,0,0,50,0,0,0,12,6,2,8,0,0,0,1,12,33150,0,0,0,0,0,0,68,999,0,0,0,0,0,0,0,0,0,1,8,0,0,0,2,3,30,1,1,8,1,3,3,1,52,1,1,1,28,0,1
12,122288,2,2,1,23,10,16,11,12,1,1,0,34,4,35,47,35047,4,2012,1N4AL2AP8CC2,1,N,4,A,L,2,A,P,8,C,C,2,0,P,NISS,ATS,4D,12,17,3180,,0,1093,,G,,F,4,153,,,16R215,,,,,,0,0,000000000,00000000000,0,0,0,1,0,0,0,0,0,0,0,10,0,0,0,6,6,2,12,0,0,0,1,12,33150,6,1,0,0,3,0,69,999,0,0,0,0,0,0,0,0,0,0,0,0,0,0,2,3,30,1,1,8,1,3,3,2,53,1,1,1,29,0,0
12,122289,1,2,1,19,12,15,47,12,1,1,0,12,1,7,481,7481,31,1988,1B7FD04Y0JS7,1,B,7,F,D,0,4,Y,0,J,S,7,0,T,DODG,D10,PK,88,17,,1,1310,1150,D10,G,,,8,318,,,,B,3428,01,A,42,0,0,000000000,00000000000,0,0,0,1,0,0,0,0,0,0,0,45,0,0,0,12,6,2,12,0,0,0,1,12,32209,6,1,0,0,3,0,75,999,0,0,0,0,0,0,0,0,0,0,6,0,0,0,3,3,55,1,1,8,1,0,0,1,51,1,1,1,24,1,0
12,122289,2,2,1,19,12,15,47,12,1,1,0,12,3,86,881,86881,66,2008,1M1AW02Y08N0,1,M,1,A,W,0,2,Y,0,8,N,0,1,T,MACK,CXU,TR,8,17,,8,0,0,600,D,,,6,659,,,,,00000,00,,64,1,12,29628,1229628,3,6,2,1,0,0,0,0,0,0,0,5,0,0,0,6,4,1,12,0,0,0,1,12,32068,6,1,6,3,3,0,75,999,0,0,0,0,0,0,0,0,0,0,0,0,0,0,3,3,55,1,1,8,1,0,0,1,53,1,1,1,25,0,0
12,122290,1,1,1,3,11,4,50,1,0,1,0,12,1,98,701,98701,88,2012,L9NTEACB5C10,L,9,N,T,E,A,C,B,5,C,1,0,0,U,,,,12,17,,,,,,,,,,,,,,,,,,,0,0,000000000,00000000000,0,0,0,1,0,0,0,0,0,0,0,999,0,0,0,0,6,2,1,0,0,0,1,12,33141,1,1,0,0,2,0,66,999,1,4,0,1,1,9,2010,10,2012,0,0,0,0,0,3,2,35,1,5,8,1,0,0,99,98,1,1,1,98,1,0
12,122291,1,1,1,2,12,3,29,8,0,1,0,12,3,14,6,14006,4,1996,2MELM74W5TX6,2,M,E,L,M,7,4,W,5,T,X,6,0,P,MERC,GMG,4D,96,17,3796,,0,1144,,G,,F,8,281,,,15R215,,,,,,0,0,000000000,00000000000,0,0,0,1,0,0,0,0,0,0,0,35,0,0,0,12,4,3,8,0,0,0,1,12,33764,6,1,0,0,3,3,75,999,0,0,0,0,0,0,0,0,0,0,38,0,0,0,4,3,35,1,1,8,1,3,3,1,80,1,1,1,13,0,0
12,122292,1,1,1,20,12,19,6,9,0,1,0,12,1,42,47,42047,2,2004,WDBTJ65J84F0,W,D,B,T,J,6,5,J,8,4,F,0,0,P,MERZ,CK3,CP,4,17,3515,,0,1069,,G,,F,6,195,,,16R205,,,,,,0,0,000000000,00000000000,0,0,0,1,0,0,0,0,0,0,0,35,0,0,0,12,4,3,9,0,0,0,1,12,33169,6,1,0,0,3,0,62,999,0,0,0,0,0,0,0,0,0,0,0,0,0,0,1,2,30,1,1,8,1,0,0,1,83,1,1,1,13,0,0
12,122293,1,1,1,28,12,22,44,8,0,1,0,12,1,20,481,20481,31,1997,2GBEC19R5V11,2,G,B,E,C,1,9,R,5,V,1,1,0,T,CHEV,GC1,PC,97,17,,2,1555,1415,GM4,G,,,8,350,,,,B,4160,00,,42,0,0,000000000,00000000000,0,0,0,1,0,0,0,0,0,0,0,40,0,0,0,12,4,3,8,0,0,0,1,12,33025,6,1,0,0,3,0,69,999,0,0,0,0,0,0,0,0,0,0,0,0,0,0,2,2,40,1,1,8,1,3,3,1,80,1,1,1,13,0,0
12,122294,1,2,1,4,11,19,18,8,0,1,0,47,2,14,3,14003,1,1991,6MPCT0366M86,6,M,P,C,T,0,3,6,6,M,8,6,0,P,MERC,XR2,CV,91,17,2446,,0,947,,G,,T,4,098,,,14R185,,,,,,0,0,000000000,00000000000,0,0,0,1,0,0,0,0,0,0,0,42,0,0,0,12,2,3,8,0,0,0,1,12,33708,6,1,0,0,3,0,74,999,0,0,0,0,0,0,0,0,0,0,0,0,0,0,2,3,45,1,1,8,1,0,0,1,80,6,1,1,13,0,0
12,122294,2,2,1,4,11,19,18,8,0,1,1,12,2,12,402,12402,14,2003,1FMCU03173KB,1,F,M,C,U,0,3,1,7,3,K,B,0,P,FORD,SPE,UT,3,17,3252,,0,1031,,G,,F,6,181,,,15R225,,,,,,0,0,000000000,00000000000,0,0,0,1,0,0,0,0,0,0,0,999,0,0,0,12,2,1,8,0,0,0,1,12,33708,6,1,0,0,3,3,73,999,0,0,0,0,1,5,2012,5,2012,0,0,0,0,0,2,3,98,1,1,8,1,0,0,1,80,99,1,1,98,0,0
12,122295,1,1,1,25,11,8,45,59,0,1,0,12,1,49,43,49043,4,2000,4T1BF28B7YU0,4,T,1,B,F,2,8,B,7,Y,U,0,0,P,TOYT,UVS,4D,0,17,3335,,0,1071,,G,,F,6,183,,,15R205,,,,,,0,0,000000000,00000000000,0,0,0,1,0,0,0,0,0,0,0,45,0,0,0,12,6,2,19,0,0,0,1,12,34609,6,1,0,0,3,3,66,999,0,0,0,0,0,0,0,0,0,0,6,0,0,0,5,4,45,1,6,8,1,0,0,1,12,1,1,4,6,1,0
12,122296,1,1,1,25,11,19,0,33,0,1,0,12,1,72,706,72706,80,2012,1HD1KBM12CB6,1,H,D,1,K,B,M,1,2,C,B,6,0,M,HD,FHX,RS,12,17,,,,,,,1690,,2,,4,785,,,,,,,0,0,000000000,00000000000,0,0,0,1,0,0,0,0,0,0,0,45,0,0,0,12,6,2,5,0,0,0,1,12,33441,6,1,0,0,3,0,70,999,0,0,0,0,0,0,0,0,0,0,0,0,0,0,2,3,45,1,1,8,1,0,0,1,12,1,1,4,6,1,0
12,122297,1,2,2,20,12,19,47,1,0,1,0,12,1,37,706,37706,80,2010,1HFSC47G9AA9,1,H,F,S,C,4,7,G,9,A,A,9,0,M,HOND,GL8,RS,10,17,,,,,,,1832,,6,,4,895,,,,,,,0,0,000000000,00000000000,0,0,0,1,0,0,0,0,0,0,0,40,0,0,0,0,6,2,1,0,0,0,1,12,33014,6,1,0,0,3,0,67,999,0,0,0,0,0,0,0,0,0,0,6,0,0,0,2,3,40,1,1,8,1,0,0,1,51,98,1,1,98,0,0
12,122297,2,2,2,20,12,19,47,1,0,1,0,12,1,37,706,37706,80,2007,1HFSC47F47A6,1,H,F,S,C,4,7,F,4,7,A,6,0,M,HOND,GL8,RS,7,17,,,,,,,1832,,6,,4,822,,,,,,,0,0,000000000,00000000000,0,0,0,1,0,0,0,0,0,0,0,40,0,0,0,0,6,2,42,0,0,0,1,12,33145,6,1,6,0,3,3,69,999,0,0,0,0,0,0,0,0,0,0,6,0,0,0,2,3,40,1,1,8,1,0,0,1,51,98,1,1,98,1,0
12,122298,1,2,3,27,12,22,41,12,99,1,0,12,1,59,403,59403,14,2009,2T2GK31U99C0,2,T,2,G,K,3,1,U,9,9,C,0,0,P,LEXS,RX5,UT,9,17,3870,,0,1069,,G,,F,6,211,,,17R225,,,,,,0,0,000000000,00000000000,0,0,0,1,0,0,0,0,0,0,0,998,0,0,0,6,4,3,12,0,0,0,1,12,33181,6,1,0,0,3,0,65,999,0,0,0,0,0,0,0,0,0,0,38,0,0,0,2,3,45,1,1,8,1,0,0,1,53,1,1,1,32,0,0
12,122298,2,2,1,27,12,22,41,12,99,1,0,37,1,76,705,76705,80,2006,JYARJ12E26A0,J,Y,A,R,J,1,2,E,2,6,A,0,0,M,YAMA,R6L,RC,6,17,,,,,,,599,,4,,4,357,,,,,,,0,0,000000000,00000000000,0,0,0,1,0,0,0,0,0,0,0,998,0,0,0,98,6,2,12,0,0,0,1,97,0,9,9,99,9,9,9,999,999,99,99,99,99,99,99,9999,99,9999,0,0,0,0,0,2,3,45,1,1,8,1,0,0,1,51,1,1,1,32,1,0
12,122300,1,2,3,31,5,16,0,12,6,1,0,12,1,14,17,14017,4,2002,1MEFM55S42A6,1,M,E,F,M,5,5,S,4,2,A,6,0,P,MERC,SLP,4D,2,17,3387,,0,1085,,G,,F,6,182,,,16R215,,,,,,0,0,000000000,00000000000,0,0,0,1,0,0,0,0,0,0,0,999,0,0,0,3,6,2,12,0,0,0,1,12,33179,6,1,0,0,3,0,69,999,0,1,0,0,0,3,2011,3,2011,0,38,0,0,0,2,3,35,1,1,8,1,0,0,11,15,1,1,1,68,1,0
12,122300,2,2,1,31,5,16,0,12,6,1,0,12,2,24,401,24401,14,2003,5GZCZ33D83S8,5,G,Z,C,Z,3,3,D,8,3,S,8,0,P,STRN,VUE,UT,3,17,3214,,0,1066,,G,,F,4,138,,,16R215,,,,,,0,0,000000000,00000000000,0,0,0,1,0,0,0,0,0,0,0,999,0,0,0,12,4,3,12,0,0,0,1,12,33168,6,1,0,0,3,0,67,999,0,0,0,0,0,0,0,0,0,0,0,0,0,0,2,3,35,1,1,8,1,0,0,1,66,1,1,1,69,0,0
12,122301,1,1,10,31,10,22,41,9,0,1,0,12,2,12,422,12422,15,2000,1FMRU1560YLB,1,F,M,R,U,1,5,6,0,Y,L,B,0,P,FORD,EPT,UT,0,17,4886,,0,1191,,G,,F,8,281,,,16R255,,,,,,0,0,000000000,00000000000,0,0,0,1,0,0,0,0,0,0,0,45,0,0,0,12,6,2,9,0,0,0,1,12,33760,6,1,0,0,3,0,64,999,0,0,0,0,0,0,0,0,0,0,0,0,0,0,2,3,45,1,1,8,1,3,3,1,83,7,1,1,13,0,0
12,122302,1,2,1,10,11,3,12,12,1,1,0,12,1,12,23,12023,4,2007,3FAHP08167R1,3,F,A,H,P,0,8,1,6,7,R,1,0,P,FORD,F/L,4D,7,17,3101,,0,1074,,G,,F,6,183,,,17R225,,,,,,0,0,000000000,00000000000,0,0,0,1,0,0,0,0,0,0,0,55,0,0,0,12,6,2,12,0,0,0,1,12,32124,6,1,0,0,3,0,63,999,0,0,0,0,0,0,0,0,0,1,6,28,0,0,2,2,45,1,1,8,1,3,8,1,52,1,1,1,24,0,1
12,122302,2,2,1,10,11,3,12,12,1,1,0,12,1,37,31,37031,4,2003,JHMES26773S0,J,H,M,E,S,2,6,7,7,3,S,0,0,P,HOND,UAX,4D,3,17,2601,,0,1031,,G,,F,4,102,,,15R185,,,,,,0,0,000000000,00000000000,0,0,0,1,0,0,0,0,0,0,0,0,0,0,0,6,6,2,12,0,0,0,1,12,32724,6,1,0,0,3,0,68,999,0,0,0,0,0,0,0,0,0,0,0,0,0,0,2,2,45,1,1,8,1,3,8,2,53,1,1,1,25,1,1
12,122303,1,2,1,2,8,12,30,12,6,1,0,12,1,12,402,12402,14,2005,1FMYU941X5KB,1,F,M,Y,U,9,4,1,X,5,K,B,0,P,FORD,SPE,UT,5,17,3464,,0,1031,,G,,F,6,183,,,16R235,,,,,,0,0,000000000,00000000000,0,0,0,1,0,0,0,0,0,0,0,40,0,0,0,11,6,2,12,0,0,0,1,12,32136,6,1,0,0,3,3,70,999,0,0,0,0,0,0,0,0,0,0,38,39,0,0,1,2,25,1,1,8,1,20,3,11,15,1,1,1,68,1,1
12,122303,2,2,1,2,8,12,30,12,6,1,0,12,3,7,26,7026,4,2012,1C3CDZCB8CN1,1,C,3,C,D,Z,C,B,8,C,N,1,0,P,DODG,AXT,4D,12,17,3394,,0,1089,,G,,F,4,146,,,17R215,,,,,,0,0,000000000,00000000000,0,0,0,1,0,0,0,0,0,0,0,40,0,0,0,12,6,2,12,0,0,0,1,42,19144,6,1,0,0,3,0,63,999,0,0,0,0,0,0,0,0,0,0,0,0,0,0,1,2,45,3,1,8,1,0,0,14,67,1,1,1,69,0,0
12,122304,1,1,1,22,10,14,17,8,0,1,0,12,2,20,37,20037,4,2006,1G1ZT51F26F1,1,G,1,Z,T,5,1,F,2,6,F,1,0,P,CHEV,MLT,4D,6,17,3316,,0,1063,,G,,F,4,134,,,16R215,,,,,,0,0,000000000,00000000000,0,0,0,1,0,0,0,0,0,0,0,998,0,0,0,12,6,2,8,0,0,0,1,12,33156,6,1,0,0,3,3,65,999,0,0,0,0,0,0,0,0,0,0,38,0,0,0,5,4,98,1,1,8,1,0,0,1,80,1,1,1,13,0,0
12,122305,1,2,1,3,11,19,20,12,6,1,1,99,9,99,999,99999,99,9999,999999999999,9,9,9,9,9,9,9,9,9,9,9,9,0,,,,,,,,,,,,,,,,,,,,,,,,,0,0,000000000,00000000000,0,0,0,1,0,0,0,0,0,0,0,999,0,0,0,12,4,1,12,0,0,0,1,99,99999,9,9,99,9,9,9,999,999,99,99,99,99,99,99,9999,99,9999,9,0,0,0,0,1,2,30,1,1,8,1,3,3,1,17,1,1,1,86,0,0
12,122305,2,2,1,3,11,19,20,12,6,1,0,12,3,76,703,76703,83,2004,JYACB07C04A0,J,Y,A,C,B,0,7,C,0,4,A,0,0,M,YAMA,Z85,MX,4,17,,,,,,,84,,1,,2,146,,,,,,,0,0,000000000,00000000000,0,0,0,1,0,0,0,0,0,0,0,30,0,0,0,3,6,2,12,0,0,0,1,12,33147,0,0,0,0,0,0,67,999,0,0,0,0,0,0,0,0,0,0,0,0,0,0,1,2,30,1,1,8,1,3,3,1,17,1,1,1,87,1,0
12,122306,1,1,1,4,12,17,55,8,0,1,0,12,0,49,40,49040,4,2002,4T1BE32K12U5,4,T,1,B,E,3,2,K,1,2,U,5,0,P,TOYT,LXS,4D,2,17,3086,,0,1071,,G,,F,4,144,,,15R205,,,,,,0,0,000000000,00000000000,0,0,0,1,0,0,0,0,0,0,0,45,0,0,0,12,4,3,8,0,0,0,1,12,34748,6,1,0,0,3,0,77,999,0,0,0,0,1,8,2011,8,2011,0,0,0,0,0,3,3,45,1,1,8,1,0,0,1,80,1,1,1,13,0,0
12,122307,1,1,1,12,12,17,41,10,0,1,0,12,1,35,51,35051,6,2010,JN8AS5MV7AW1,J,N,8,A,S,5,M,V,7,A,W,1,0,P,NISS,ROG,UT,10,17,3435,,0,1059,,G,,F,4,153,,,16R215,,,,,,0,0,000000000,00000000000,0,0,0,1,0,0,0,0,0,0,0,0,0,0,0,3,6,2,10,0,0,0,1,12,33066,6,1,0,0,3,3,65,999,0,0,0,0,0,0,0,0,0,0,39,0,0,0,2,3,35,1,3,8,1,65,3,5,98,1,1,1,98,1,0
12,122308,1,1,2,27,12,18,2,8,0,1,0,12,2,37,31,37031,4,2010,2HGFA1F81AH3,2,H,G,F,A,1,F,8,1,A,H,3,0,P,HOND,UAX,4D,10,17,2820,,0,1063,,G,,F,4,110,,,16R205,,,,,,0,0,000000000,00000000000,0,0,0,1,0,0,0,0,0,0,0,30,0,0,0,12,4,1,8,0,0,0,1,12,33154,6,1,0,0,3,3,70,999,0,0,0,0,0,0,0,0,0,0,0,0,0,0,3,3,35,1,1,8,1,3,3,1,80,1,1,1,13,0,0
12,122309,1,1,1,28,12,14,22,30,0,1,0,12,1,73,709,73709,80,2010,JKAEXMJ1XADA,J,K,A,E,X,M,J,1,X,A,D,A,0,M,KAWK,E2J,RC,10,17,,,,,,,249,,2,,4,374,,,,,,,0,0,000000000,00000000000,0,0,0,1,0,0,0,0,0,0,0,998,0,0,0,12,6,2,30,0,0,0,1,5,72801,6,1,0,0,3,0,73,210,0,0,0,0,0,0,0,0,0,0,0,0,0,0,1,2,98,1,1,8,1,0,0,1,13,1,1,4,1,1,0
12,122310,1,1,2,30,12,18,52,8,0,1,0,12,2,20,421,20421,15,2007,1GNFK13087R1,1,G,N,F,K,1,3,0,8,7,R,1,0,P,CHEV,KTA,UT,7,17,5706,,0,1160,,F,,F,8,323,,,17R265,,,,,,0,0,000000000,00000000000,0,0,0,1,0,0,0,0,0,0,0,40,0,0,0,12,4,1,8,0,0,0,1,12,33834,6,1,0,0,3,0,71,999,0,0,0,0,0,0,0,0,0,0,0,0,0,0,1,4,40,3,1,8,1,0,0,14,80,1,1,1,13,0,0
12,122311,1,3,1,29,9,6,19,12,1,1,0,12,1,41,37,41037,4,2000,1YVGF22C6Y51,1,Y,V,G,F,2,2,C,6,Y,5,1,0,P,MAZD,U6X,4D,0,17,2864,,0,1051,,G,,F,4,122,,,15R185,,,,,,0,0,000000000,00000000000,0,0,0,1,0,0,0,0,0,0,0,55,0,0,0,6,6,2,12,0,0,0,1,12,33175,6,1,0,0,3,3,67,999,0,0,0,0,0,0,0,0,0,0,0,0,0,0,3,5,55,1,6,8,1,0,0,15,11,1,1,2,32,1,0
12,122311,2,3,1,29,9,6,19,12,1,1,0,12,2,49,50,49050,3,2006,JTKDE1772600,J,T,K,D,E,1,7,7,2,6,0,0,0,P,TOYT,SXC,2H,6,17,2905,,0,1063,,G,,F,4,144,,,17R215,,,,,,0,0,000000000,00000000000,0,0,0,1,0,0,0,0,0,0,0,60,0,0,0,12,6,2,12,0,0,0,1,12,33168,6,1,0,0,3,0,80,999,0,4,0,0,0,2,2010,3,2011,0,0,0,0,0,3,5,55,1,6,8,1,0,0,1,60,1,1,1,32,0,0
12,122311,3,3,1,29,9,6,19,12,1,1,0,12,3,23,481,23481,31,2011,1GTN1TEX8BZ1,1,G,T,N,1,T,E,X,8,B,Z,1,0,T,GMC,SC1,PK,11,17,,2,1330,1190,SIE,G,,,6,262,,,,B,4443,01,S,42,0,0,000000000,00000000000,0,0,0,1,0,0,0,0,0,0,0,60,0,0,0,12,6,2,12,0,0,0,1,12,33182,6,1,0,0,3,0,75,999,0,0,0,0,0,0,0,0,0,0,0,0,0,0,3,5,55,1,6,8,1,0,0,1,61,1,1,1,98,0,0