STATE,ST_CASE,VEH_NO,VE_FORMS,NUMOCCS,DAY,MONTH,HOUR,MINUTE,HARM_EV,MAN_COLL,UNITTYPE,HIT_RUN,REG_STAT,OWNER,MAKE,MODEL,MAK_MOD,BODY_TYP,MOD_YEAR,VIN,VIN_1,VIN_2,VIN_3,VIN_4,VIN_5,VIN_6,VIN_7,VIN_8,VIN_9,VIN_10,VIN_11,VIN_12,TOW_VEH,VINTYPE,VINMAKE,VINA_MOD,VIN_BT,VINMODYR,VIN_LNGT,VIN_WGT,WGTCD_TR,WHLBS_LG,WHLBS_SH,SER_TR,FUELCODE,MCYCL_DS,CARBUR,CYLINDER,DISPLACE,MCYCL_CY,MCYCL_WT,TIRE_SZE,TON_RAT,TRK_WT,TRKWTVAR,VIN_REST,WHLDRWHL,J_KNIFE,MCARR_I1,MCARR_I2,MCARR_ID,GVWR,V_CONFIG,CARGO_BT,HAZ_INV,HAZ_PLAC,HAZ_ID,HAZ_CNO,HAZ_REL,BUS_USE,SPEC_USE,EMER_USE,TRAV_SP,UNDERIDE,ROLLOVER,ROLINLOC,IMPACT1,DEFORMED,TOWED,M_HARM,VEH_SC1,VEH_SC2,FIRE_EXP,DR_PRES,L_STATE,DR_ZIP,L_STATUS,L_TYPE,CDL_STAT,L_ENDORS,L_COMPL,L_RESTRI,DR_HGT,DR_WGT,PREV_ACC,PREV_SUS,PREV_DWI,PREV_SPD,PREV_OTH,FIRST_MO,FIRST_YR,LAST_MO,LAST_YR,SPEEDREL,DR_SF1,DR_SF2,DR_SF3,DR_SF4,VTRAFWAY,VNUM_LAN,VSPD_LIM,VALIGN,VPROFILE,VPAVETYP,VSURCOND,VTRAFCON,VTCONT_F,P_CRASH1,P_CRASH2,P_CRASH3,PCRASH4,PCRASH5,ACC_TYPE,DEATHS,DR_DRINK
12,122312,1,1,1,23,10,6,41,9,0,1,0,12,2,98,898,98898,63,2005,JNAPA80HX5AN,J,N,A,P,A,8,0,H,X,5,A,N,0,T,UD,UD6,TB,5,17,,6,0,0,UDS,D,,,6,469,,,,,00000,00,,42,0,77,777777777,77777777777,3,1,96,1,0,0,0,0,0,0,0,998,0,0,0,12,4,1,9,0,0,0,1,12,33090,6,1,6,0,3,0,65,999,0,0,0,0,0,0,0,0,0,0,26,0,0,0,1,2,40,1,1,8,1,0,0,1,83,4,1,1,13,0,0
12,122313,1,1,1,13,11,19,23,42,0,1,0,12,1,12,481,12481,31,2000,1FTZX1725YNB,1,F,T,Z,X,1,7,2,5,Y,N,B,0,T,FORD,F15,4C,0,17,,1,1571,1385,COF,G,,,6,256,,,,B,4204,05,U,42,0,0,000000000,00000000000,0,0,0,1,0,0,0,0,0,0,0,59,0,0,0,61,6,2,42,0,0,0,1,12,32763,6,1,0,0,3,0,73,999,0,0,0,0,1,5,2011,5,2011,0,6,0,0,0,3,3,65,2,1,8,1,0,0,14,12,1,1,4,6,1,0
12,122314,1,2,1,15,12,4,10,12,6,1,0,12,2,98,709,98709,80,2012,LFETCKPR4C15,L,F,E,T,C,K,P,R,4,C,1,5,0,U,,,,12,17,,,,,,,,,,,,,,,,,,,0,0,000000000,00000000000,0,0,0,1,0,0,0,0,0,0,0,998,0,0,0,12,6,2,12,0,0,0,1,12,33311,1,1,0,0,2,0,76,999,1,11,0,0,0,2,2010,6,2012,0,0,0,0,0,1,2,30,1,1,8,1,0,0,1,50,1,1,1,98,1,0
12,122314,2,2,0,15,12,4,10,12,6,1,0,12,3,12,481,12481,40,2007,1FDAF56P87EA,1,F,D,A,F,5,6,P,8,7,E,A,0,T,FORD,F5D,CB,7,17,,5,2000,1410,DRW,D,,,8,366,,,,D,6465,04,U,42,0,88,888888888,88888888888,2,2,97,1,0,0,0,0,0,0,0,0,0,0,0,10,4,1,12,0,0,0,0,0,99997,7,6,97,7,6,7,998,997,998,998,998,998,998,98,9998,98,9998,8,20,0,0,0,1,2,30,1,1,8,1,0,0,0,55,0,0,0,98,0,0
12,122316,1,1,2,21,12,9,58,53,0,1,0,12,2,6,52,6052,6,2008,2A8GM68X18R6,2,A,8,G,M,6,8,X,1,8,R,6,0,P,CHRY,PIF,UT,8,17,4458,,0,1163,,G,,F,6,244,,,17R235,,,,,,0,0,000000000,00000000000,0,0,0,1,0,0,0,0,0,0,0,65,0,0,0,12,6,2,42,0,0,0,1,12,32773,6,1,0,0,3,3,68,999,0,0,0,0,0,0,0,0,0,0,0,0,0,0,1,2,35,1,1,8,1,0,0,1,12,1,1,4,6,1,0
12,122317,1,2,2,20,10,1,58,12,2,1,0,12,2,49,50,49050,3,2007,JTKDE1776701,J,T,K,D,E,1,7,7,6,7,0,1,0,P,TOYT,SXC,2H,7,17,2905,,0,1063,,G,,F,4,146,,,17R215,,,,,,0,0,000000000,00000000000,0,0,0,1,0,0,0,0,0,0,0,90,0,0,0,12,6,2,12,0,0,0,1,12,33155,6,1,0,0,3,0,68,999,0,0,0,0,0,0,0,0,0,1,6,58,0,0,1,2,25,1,1,8,1,0,0,1,10,1,1,2,50,1,0
12,122317,2,2,4,20,10,1,58,12,2,1,0,12,1,12,422,12422,15,2000,1FMRU17L6YLA,1,F,M,R,U,1,7,L,6,Y,L,A,0,P,FORD,EPT,UT,0,17,4833,,0,1191,,G,,F,8,330,,,16R255,,,,,,0,0,000000000,00000000000,0,0,0,1,0,0,0,0,0,0,0,40,0,0,0,12,6,2,12,0,0,0,1,12,33018,6,1,0,0,3,0,64,999,0,0,0,0,0,0,0,0,0,0,0,0,0,0,1,2,25,1,1,8,1,0,0,1,62,1,1,1,51,2,0
12,122318,1,2,4,16,11,13,20,8,0,1,0,12,1,52,34,52034,4,2006,4A3AB36F86E0,4,A,3,A,B,3,6,F,8,6,E,0,0,P,MITS,ELM,4D,6,17,3351,,0,1083,,G,,F,4,145,,,16R215,,,,,,0,0,000000000,00000000000,0,0,0,1,0,0,0,0,0,0,0,35,0,0,0,12,4,1,8,0,0,0,1,12,33147,6,1,0,0,3,0,65,999,0,0,0,0,0,0,0,0,0,0,0,0,0,0,2,2,35,1,1,8,1,0,0,1,80,1,1,1,13,0,0
12,122318,2,2,2,16,11,13,20,8,0,1,0,12,2,58,39,58039,6,2005,JNRAS08U25X1,J,N,R,A,S,0,8,U,2,5,X,1,0,P,INFI,IFX,UT,5,17,3957,,0,1122,,G,,F,6,213,,,18R265,,,,,,0,0,000000000,00000000000,0,0,0,1,0,0,0,0,0,0,0,35,0,0,0,12,2,1,8,0,0,0,1,12,33155,6,7,0,0,3,3,66,999,0,0,0,0,0,0,0,0,0,0,0,0,0,0,2,2,35,1,1,8,1,0,0,1,80,1,1,1,98,0,0
12,122319,1,1,1,16,11,0,18,53,0,1,0,12,1,49,40,49040,4,2003,4T1BE32K63U1,4,T,1,B,E,3,2,K,6,3,U,1,0,P,TOYT,UXS,4D,3,17,2993,,0,1071,,G,,F,4,144,,,15R205,,,,,,0,0,000000000,00000000000,0,0,0,1,0,0,0,0,0,0,0,54,0,1,5,12,6,2,1,0,0,0,1,12,32114,6,1,0,0,3,0,69,999,0,1,0,0,0,2,2012,2,2012,0,51,0,0,0,1,2,55,1,1,8,1,0,0,1,13,1,1,4,1,1,0
12,122320,1,1,1,9,12,15,43,33,0,1,0,12,2,73,706,73706,80,2005,JKAZXCC185A0,J,K,A,Z,X,C,C,1,8,5,A,0,0,M,KAWK,Z1R,RC,5,17,,,,,,,998,,4,,4,375,,,,,,,0,0,000000000,00000000000,0,0,0,1,0,0,0,0,0,0,0,998,0,0,0,12,6,2,59,0,0,0,1,12,33759,6,1,0,0,3,0,69,999,0,0,0,0,0,0,0,0,0,0,6,0,0,0,1,2,35,3,1,8,1,20,3,14,13,1,1,4,1,1,1
12,122321,1,1,1,15,12,6,20,30,0,1,0,12,1,7,482,7482,31,1999,1B7HC13Z0XJ5,1,B,7,H,C,1,3,Z,0,X,J,5,0,T,DODG,Q15,4C,99,17,,2,1547,1387,RPC,G,,,8,360,,,,B,4604,02,U,42,0,0,000000000,00000000000,0,0,0,1,0,0,0,0,0,0,0,40,0,0,0,12,6,2,30,0,0,0,1,12,33063,6,1,0,0,3,0,70,999,0,1,0,0,0,4,2012,4,2012,0,0,0,0,0,3,3,45,2,6,8,2,0,0,14,13,1,1,4,1,1,1
12,122322,1,1,1,26,12,19,22,42,0,1,0,12,2,53,705,53705,80,2007,JS1GN7DA7721,J,S,1,G,N,7,D,A,7,7,2,1,0,M,SUZI,G60,RC,7,17,,,,,,,599,,4,,4,354,,,,,,,0,0,000000000,00000000000,0,0,0,1,0,0,0,0,0,0,0,999,0,0,0,3,6,2,42,0,0,0,1,12,33594,6,1,0,0,3,0,73,999,1,0,0,0,0,4,2010,4,2010,0,0,0,0,0,6,2,30,2,1,8,1,0,0,14,12,1,1,4,6,1,1
12,122323,1,1,1,24,11,6,3,25,0,1,0,12,2,49,50,49050,3,2006,JTKDE1777600,J,T,K,D,E,1,7,7,7,6,0,0,0,P,TOYT,SXC,2H,6,17,2905,,0,1063,,G,,F,4,144,,,17R215,,,,,,0,0,000000000,00000000000,0,0,0,1,0,0,0,0,0,0,0,60,0,1,5,12,6,2,3,0,0,0,1,12,33160,6,1,0,0,3,3,70,999,0,0,0,0,0,0,0,0,0,1,6,0,0,0,1,2,30,2,1,8,1,0,0,14,12,1,1,4,6,1,1
12,122324,1,3,2,2,12,17,40,12,6,1,0,12,1,20,32,20032,4,1988,1Y1SK6149JZ0,1,Y,1,S,K,6,1,4,9,J,Z,0,0,P,CHEV,TVX,4H,88,17,2167,,0,957,,G,,2,4,098,,,13R155,,,,,,0,0,000000000,00000000000,0,0,0,1,0,0,0,0,0,0,0,55,0,0,0,12,6,2,12,0,0,0,1,12,34785,6,1,0,0,3,0,65,999,0,0,0,0,0,0,0,0,0,0,39,0,0,0,2,2,45,1,1,8,1,3,3,1,17,1,1,1,88,0,0
12,122324,2,3,4,2,12,17,40,12,6,1,0,12,1,55,33,55033,4,2012,5NPEC4AC3CH3,5,N,P,E,C,4,A,C,3,C,H,3,0,P,HYUN,SLI,4D,12,17,3199,,0,1100,,G,,F,4,144,,,17R215,,,,,,0,0,000000000,00000000000,0,0,0,1,0,0,0,0,0,0,0,15,0,1,1,9,6,2,12,0,0,0,1,12,32162,6,1,0,0,3,3,70,999,0,0,0,0,0,0,0,0,0,0,0,0,0,0,2,2,35,1,1,8,1,3,3,1,66,1,1,1,89,1,0
12,122324,3,3,4,2,12,17,40,12,6,1,0,12,1,41,52,41052,6,2010,JM1CR2W35A03,J,M,1,C,R,2,W,3,5,A,0,3,0,P,MAZD,MA5,4H,10,17,3422,,0,1083,,G,,F,4,140,,,17R205,,,,,,0,0,000000000,00000000000,0,0,0,1,0,0,0,0,0,0,0,15,0,0,0,12,6,2,12,0,0,0,1,12,32162,6,1,0,0,3,3,71,999,0,0,0,0,0,0,0,0,0,0,0,0,0,0,2,2,35,1,1,8,1,3,3,1,60,1,1,1,98,0,0
12,122325,1,2,1,5,12,13,24,12,6,1,0,12,1,19,3,19003,4,1996,1G6KD52Y4TU2,1,G,6,K,D,5,2,Y,4,T,U,2,0,P,CADI,DFW,4D,96,17,3758,,0,1138,,G,,F,8,279,,,15R225,,,,,,0,0,000000000,00000000000,0,0,0,1,0,0,0,0,0,0,0,10,0,0,0,3,4,3,12,0,0,0,1,12,32569,6,1,0,0,3,0,68,999,0,0,0,0,0,0,0,0,0,0,38,48,0,0,3,2,45,1,1,8,1,3,3,11,10,1,1,1,68,0,0
12,122325,2,2,1,5,12,13,24,12,6,1,0,12,1,73,709,73709,80,2008,JKAZXCE108A0,J,K,A,Z,X,C,E,1,0,8,A,0,0,M,KAWK,Z0E,RC,8,17,,,,,,,998,,4,,4,394,,,,,,,0,0,000000000,00000000000,0,0,0,1,0,0,0,0,0,0,0,45,0,0,0,12,6,2,12,0,0,0,1,12,32563,6,1,0,0,3,0,75,999,0,0,0,1,0,10,2011,10,2011,0,0,0,0,0,3,2,45,1,1,8,1,3,3,1,62,1,1,1,69,1,0
12,122326,1,2,1,26,9,8,45,12,2,1,0,12,2,12,442,12442,20,2000,2FMZA5140YBA,2,F,M,Z,A,5,1,4,0,Y,B,A,0,T,FORD,WLX,ES,0,17,,1,0,1207,WIN,G,,,6,232,,,,B,3910,00,E,42,0,0,000000000,00000000000,0,0,0,1,0,0,0,0,0,0,0,10,0,0,0,12,4,3,12,0,0,0,1,97,0,9,9,99,9,9,9,999,999,99,99,99,99,99,99,9999,99,9999,0,38,0,0,0,1,2,25,1,1,8,1,0,0,11,15,1,1,1,68,0,0
12,122326,2,2,1,26,9,8,45,12,2,1,0,12,1,72,706,72706,80,2012,1HD1FFM1XCB6,1,H,D,1,F,F,M,1,X,C,B,6,0,M,HD,HTF,RS,12,17,,,,,,,1690,,2,,4,827,,,,,,,0,0,000000000,00000000000,0,0,0,1,0,0,0,0,0,0,0,25,0,0,0,12,4,3,12,0,0,0,1,12,32808,6,1,6,0,3,3,68,999,0,0,0,0,0,0,0,0,0,0,0,0,0,0,1,2,25,1,1,8,1,0,0,1,62,1,1,1,69,1,0
12,122327,1,1,3,18,11,18,51,42,0,1,0,12,2,49,32,49032,4,2010,1NXBU4EE4AZ3,1,N,X,B,U,4,E,E,4,A,Z,3,0,P,TOYT,CBL,4D,10,17,2723,,0,1024,,G,,F,4,110,,,15R195,,,,,,0,0,000000000,00000000000,0,0,0,1,0,0,0,0,0,0,0,40,0,0,0,12,6,2,42,0,0,0,1,12,33183,6,1,0,0,3,0,62,999,0,0,0,0,0,0,0,0,0,0,0,0,0,0,2,2,40,1,1,8,1,0,0,1,12,1,1,4,6,1,0
12,122328,1,2,5,20,11,15,15,12,6,1,0,12,2,6,441,6441,20,2007,2A4GP44R17R2,2,A,4,G,P,4,4,R,1,7,R,2,0,T,CHRY,TLX,ES,7,17,,1,0,1193,TWC,G,,,6,201,,,,B,4163,00,,42,0,0,000000000,00000000000,0,0,0,1,0,0,0,0,0,0,0,60,0,0,0,3,6,2,24,0,0,0,1,12,33015,6,1,0,0,3,0,72,999,0,0,0,0,0,0,0,0,0,0,80,0,0,0,3,5,65,1,1,8,1,0,0,1,1,1,3,2,98,1,0
12,122328,2,2,1,20,11,15,15,12,6,1,0,12,2,12,24,12024,6,2011,2FMDK3AK5BBA,2,F,M,D,K,3,A,K,5,B,B,A,0,P,FORD,EDG,UT,11,17,4291,,0,1112,,G,,F,6,226,,,22R265,,,,,,0,0,000000000,00000000000,0,0,0,1,0,0,0,0,0,0,0,60,0,0,0,12,6,2,12,0,0,0,1,12,33470,6,1,0,0,3,0,76,999,0,0,0,0,0,0,0,0,0,0,0,0,0,0,3,5,65,1,1,8,1,0,0,1,60,1,1,1,98,0,0
12,122329,1,1,1,26,11,18,36,31,0,1,0,12,2,76,734,76734,90,2002,JY4AJ03Y02C0,J,Y,4,A,J,0,3,Y,0,2,C,0,0,M,YAMA,YF4,AT,2,17,,,,,,,386,,1,,4,999,,,,,,,0,0,000000000,00000000000,0,0,0,1,0,0,0,0,0,0,0,50,0,0,0,12,6,2,39,0,0,0,1,12,33126,0,0,0,0,0,0,999,999,0,0,0,0,0,0,0,0,0,1,39,6,0,0,1,2,30,1,1,8,1,20,3,1,13,1,1,4,1,1,0
12,122330,1,2,1,27,11,18,5,12,6,1,0,12,1,30,42,30042,1,2001,3VWDC21V01M8,3,V,W,D,C,2,1,V,0,1,M,8,0,P,VOLK,UGX,CV,1,17,2781,,0,974,,G,,F,4,121,,,14R195,,,,,,0,0,000000000,00000000000,0,0,0,1,0,0,0,0,0,0,0,20,0,0,0,3,6,2,12,0,0,0,1,12,33157,6,1,0,0,3,0,70,999,0,0,0,0,0,0,0,0,0,0,38,0,0,0,1,2,35,1,1,8,1,0,0,11,15,1,1,1,68,0,0
12,122330,2,2,1,27,11,18,5,12,6,1,0,12,2,76,706,76706,80,2007,JYAVP11E57A1,J,Y,A,V,P,1,1,E,5,7,A,1,0,M,YAMA,XVS,RS,7,17,,,,,,,1063,,2,,4,571,,,,,,,0,0,000000000,00000000000,0,0,0,1,0,0,0,0,0,0,0,35,0,0,0,12,6,2,12,0,0,0,1,12,33012,6,1,0,0,2,3,67,999,1,0,0,0,0,5,2011,5,2011,0,0,0,0,0,1,2,35,1,1,8,1,0,0,1,62,1,1,1,69,1,0
12,122331,1,2,1,28,11,19,8,12,1,1,0,12,3,42,461,42461,21,2012,WD3PE8CB9C56,W,D,3,P,E,8,C,B,9,C,5,6,0,T,MERZ,SP2,EC,12,17,,2,0,0,SPR,D,,,6,183,,,,DE,5545,00,E,42,0,0,000000000,00000000000,0,0,0,1,0,0,0,0,0,0,0,0,0,0,0,6,4,3,12,0,0,0,1,12,33055,6,1,0,0,3,3,66,999,0,0,0,0,0,0,0,0,0,0,0,0,0,0,1,2,98,1,1,8,1,0,0,5,50,1,1,1,21,0,0
12,122331,2,2,1,28,11,19,8,12,1,1,0,0,0,99,709,99709,81,9999,999999999999,9,9,9,9,9,9,9,9,9,9,9,9,0,,,,,,,,,,,,,,,,,,,,,,,,,0,0,000000000,00000000000,0,0,0,1,0,0,0,0,0,0,0,998,0,0,0,12,2,3,12,0,0,0,1,12,33312,1,1,0,0,2,0,74,999,0,1,0,0,0,2,2010,2,2010,0,0,0,0,0,1,2,98,1,1,8,1,0,0,1,50,1,1,1,20,1,0
12,122332,1,1,1,29,11,18,11,8,0,1,0,12,3,98,981,98981,52,2006,1N90401746A1,1,N,9,0,4,0,1,7,4,6,A,1,0,U,,,,6,17,,,,,,,,,,,,,,,,,,,0,77,777777777,77777777777,3,21,22,1,0,0,0,0,6,0,0,15,0,0,0,12,2,3,8,0,0,0,1,12,33167,6,1,6,3,3,3,72,999,0,0,0,0,0,0,0,0,0,0,0,0,0,0,2,2,35,1,1,8,1,3,3,11,80,1,1,1,13,0,0
12,122333,1,2,1,8,12,10,14,8,0,1,0,12,2,12,17,12017,4,2002,1FAFP55292A2,1,F,A,F,P,5,5,2,9,2,A,2,0,P,FORD,TSS,4D,2,17,3392,,0,1085,,F,,F,6,182,,,16R215,,,,,,0,0,000000000,00000000000,0,0,0,1,0,0,0,0,0,0,0,45,0,0,0,12,6,2,8,0,0,0,1,12,33030,6,1,0,0,3,0,67,999,0,0,0,1,0,8,2012,8,2012,0,0,0,0,0,1,6,45,1,1,8,1,0,0,1,80,1,1,1,13,0,0
12,122333,2,2,2,8,12,10,14,8,0,1,0,12,6,37,32,37032,6,1991,1HGCB9855MA0,1,H,G,C,B,9,8,5,5,M,A,0,0,P,HOND,ALX,SW,91,17,3122,,0,1071,,G,,F,4,132,,,15R195,,,,,,0,0,000000000,00000000000,0,0,0,1,0,0,0,0,0,0,0,0,0,0,0,6,6,2,12,0,0,0,0,0,99997,7,6,97,7,6,7,998,997,998,998,998,998,998,98,9998,98,9998,8,0,0,0,0,1,6,45,1,1,8,1,0,0,0,53,0,0,0,98,0,0
12,122334,1,1,2,9,12,19,7,8,0,1,0,12,2,49,32,49032,4,2008,1NXBR32E18Z9,1,N,X,B,R,3,2,E,1,8,Z,9,0,P,TOYT,UCS,4D,8,17,2530,,0,1024,,G,,F,4,110,,,15R185,,,,,,0,0,000000000,00000000000,0,0,0,1,0,0,0,0,0,0,0,25,0,0,0,12,4,3,8,0,0,0,1,12,33563,6,1,0,0,3,3,69,999,0,0,0,0,0,0,0,0,0,0,0,0,0,0,1,2,30,1,1,8,1,0,0,1,80,1,1,1,13,0,0
12,122335,1,1,1,15,12,18,45,8,0,1,0,12,2,20,36,20036,2,2001,2G1WW15E9191,2,G,1,W,W,1,5,E,9,1,9,1,0,P,CHEV,MLS,CP,1,17,3340,,0,1075,,G,,F,6,207,,,16R225,,,,,,0,0,000000000,00000000000,0,0,0,1,0,0,0,0,0,0,0,20,0,0,0,12,4,3,8,0,0,0,1,12,33060,6,1,0,0,3,0,64,999,0,0,0,0,0,0,0,0,0,0,0,0,0,0,1,2,25,1,1,8,1,0,0,1,80,1,1,1,13,0,0
12,122336,1,2,2,16,12,19,52,33,0,1,0,12,1,72,706,72706,80,2007,1HD1BW5127Y0,1,H,D,1,B,W,5,1,2,7,Y,0,0,M,HD,STC,RS,7,17,,,,,,,1584,,2,,4,725,,,,,,,0,0,000000000,00000000000,0,0,0,1,0,0,0,0,0,0,0,35,0,0,0,12,2,3,54,0,0,0,1,42,15037,6,1,0,0,3,3,71,999,0,0,0,0,0,0,0,0,0,0,58,85,0,0,2,2,35,1,1,8,1,3,9,1,98,1,1,4,98,1,1
12,122336,2,2,1,16,12,19,52,33,0,1,0,12,1,18,24,18024,6,2011,5GAKRBED7BJ3,5,G,A,K,R,B,E,D,7,B,J,3,0,P,BUIC,ENC,UT,11,17,4780,,0,1189,,G,,F,6,220,,,19R255,,,,,,0,0,000000000,00000000000,0,0,0,1,0,0,0,0,0,0,0,35,0,0,0,12,2,3,54,0,0,0,1,12,33556,6,1,0,0,3,3,66,999,0,0,0,0,0,0,0,0,0,0,0,0,0,0,2,2,35,1,1,8,1,0,0,1,98,1,1,1,98,0,0
12,122337,1,2,1,17,12,8,20,12,6,1,0,12,2,12,481,12481,31,1995,1FTEX15N3SKA,1,F,T,E,X,1,5,N,3,S,K,A,0,T,FORD,F15,PC,95,17,,2,1550,1390,COF,G,,,8,302,,,,B,00000,00,M,42,0,0,000000000,00000000000,0,0,0,1,0,0,0,0,0,0,0,20,0,0,0,3,6,2,12,0,0,0,1,12,34266,6,1,0,0,3,3,68,999,1,0,0,0,0,12,2012,12,2012,0,38,39,0,0,1,2,20,1,1,8,1,20,3,1,17,1,1,1,87,0,0
12,122337,2,2,1,17,12,8,20,12,6,1,0,12,1,2,404,2404,14,1998,1J4GZ78SXWC2,1,J,4,G,Z,7,8,S,X,W,C,2,0,T,JEEP,LMT,4W,98,17,,1,0,1059,GCK,G,,,6,242,,,,,3708,01,E,44,0,0,000000000,00000000000,0,0,0,1,0,0,0,0,0,0,0,20,0,1,5,12,6,2,1,0,0,0,1,12,34266,6,1,0,0,3,3,63,999,0,0,0,0,0,0,0,0,0,0,0,0,0,0,1,2,20,1,1,8,1,20,3,1,66,1,1,1,86,1,0
12,122338,1,2,1,13,3,19,13,12,6,1,0,12,1,35,402,35402,14,2005,5N1AN08WX5C6,5,N,1,A,N,0,8,W,X,5,C,6,0,P,NISS,XTR,UT,5,17,5200,,0,1063,,G,,F,6,244,,,16R265,,,,,,0,0,000000000,00000000000,0,0,0,1,0,0,0,0,0,0,0,5,0,0,0,3,4,1,12,0,0,0,1,12,33178,6,1,0,0,3,3,67,999,0,0,0,0,0,0,0,0,0,0,38,0,0,0,5,2,35,1,1,8,1,0,0,11,10,1,1,1,68,0,0
12,122338,2,2,1,13,3,19,13,12,6,1,0,12,1,53,705,53705,80,2008,JS1GN7EA2821,J,S,1,G,N,7,E,A,2,8,2,1,0,M,SUZI,G60,RC,8,17,,,,,,,599,,4,,4,359,,,,,,,0,0,000000000,00000000000,0,0,0,1,0,0,0,0,0,0,0,35,0,0,0,12,6,2,12,0,0,0,1,12,33126,6,1,0,0,3,0,70,999,0,0,0,3,0,9,2009,8,2011,0,0,0,0,0,5,2,35,1,1,8,1,0,0,1,62,1,1,1,69,1,0
12,122339,1,1,1,30,11,1,31,8,0,1,0,13,1,58,39,58039,6,2007,JNRAS08U07X1,J,N,R,A,S,0,8,U,0,7,X,1,0,P,INFI,IFX,UT,7,17,4151,,0,1122,,G,,F,6,213,,,18R265,,,,,,0,0,000000000,00000000000,0,0,0,1,0,0,0,0,0,0,0,50,0,0,0,12,6,2,8,0,0,0,1,13,31210,6,1,0,0,3,0,76,999,98,5,0,3,0,1,2010,10,2011,1,6,0,0,0,3,2,50,1,1,8,1,0,0,1,80,1,1,1,13,0,0
12,122340,1,1,1,1,10,0,15,1,0,1,0,12,1,53,706,53706,80,2002,JS1VY51A2221,J,S,1,V,Y,5,1,A,2,2,2,1,0,M,SUZI,VL1,RS,2,17,,,,,,,1462,,2,,4,652,,,,,,,0,0,000000000,00000000000,0,0,0,1,0,0,0,0,0,0,0,80,0,0,0,0,6,2,1,0,0,0,1,12,32960,6,1,0,0,3,0,71,999,0,0,0,1,0,8,2012,8,2012,1,36,0,0,0,1,2,40,2,1,8,1,0,0,14,12,1,1,4,6,1,1
12,122341,1,2,1,25,8,1,25,12,1,1,0,12,1,72,706,72706,80,2006,1HD1JDB196Y0,1,H,D,1,J,D,B,1,9,6,Y,0,0,M,HD,FTN,RS,6,17,,,,,,,1450,,2,,4,693,,,,,,,0,0,000000000,00000000000,0,0,0,1,0,0,0,0,0,0,0,70,0,0,0,12,6,2,12,0,0,0,1,12,34205,6,1,0,0,3,3,71,999,0,0,0,0,0,0,0,0,0,0,0,0,0,0,3,2,45,1,3,8,1,0,0,1,50,1,1,1,20,1,1
12,122341,2,2,2,25,8,1,25,12,1,1,0,12,2,55,401,55401,14,2003,KM8SC73E93U5,K,M,8,S,C,7,3,E,9,3,U,5,0,P,HYUN,SAN,UT,3,17,3720,,0,1031,,G,,F,6,213,,,16R225,,,,,,0,0,000000000,00000000000,0,0,0,1,0,0,0,0,0,0,0,0,0,0,0,6,6,2,12,0,0,0,1,12,34207,0,0,0,0,0,0,999,999,0,0,0,0,0,0,0,0,0,0,54,0,0,0,3,2,45,1,3,8,1,0,0,7,53,1,1,1,21,0,0
12,122342,1,2,1,13,10,2,3,12,1,1,0,12,2,76,706,76706,80,2006,JYARN15E46A0,J,Y,A,R,N,1,5,E,4,6,A,0,0,M,YAMA,YFR,RC,6,17,,,,,,,998,,4,,4,381,,,,,,,0,0,000000000,00000000000,0,0,0,1,0,0,0,0,0,0,0,999,0,0,0,12,6,2,12,0,0,0,1,12,34472,2,1,0,0,2,3,73,999,0,5,0,0,0,10,2009,11,2011,0,0,0,0,0,2,2,45,1,3,8,1,0,0,1,51,1,1,1,24,1,0
12,122342,2,2,1,13,10,2,3,12,1,1,0,12,2,23,401,23401,14,2004,1GKDS13S4422,1,G,K,D,S,1,3,S,4,4,2,2,0,T,GMC,ENV,4W,4,17,,1,0,1130,ENV,G,,,6,256,,,,B,4432,00,E,42,0,0,000000000,00000000000,0,0,0,1,0,0,0,0,0,0,0,40,0,0,0,6,4,3,12,0,0,0,1,12,34788,6,1,0,0,3,3,68,999,0,0,0,1,0,3,2012,3,2012,0,0,0,0,0,2,2,45,1,3,8,1,0,0,1,53,1,1,1,25,0,0
12,122343,1,2,1,27,10,22,41,8,0,1,1,99,9,99,999,99999,99,9999,999999999999,9,9,9,9,9,9,9,9,9,9,9,9,0,,,,,,,,,,,,,,,,,,,,,,,,,0,0,000000000,00000000000,0,0,0,1,0,0,0,0,0,0,0,45,0,0,0,12,9,1,8,0,0,0,1,99,99999,9,9,99,9,9,9,999,999,99,99,99,99,99,99,9999,99,9999,0,0,0,0,0,2,3,45,1,1,8,1,3,3,1,80,99,1,1,13,0,0
12,122343,2,2,1,27,10,22,41,8,0,1,0,12,1,37,31,37031,4,2005,2HGES16565H6,2,H,G,E,S,1,6,5,6,5,H,6,0,P,HOND,UCL,4D,5,17,2606,,0,1031,,G,,F,4,102,,,15R195,,,,,,0,0,000000000,00000000000,0,0,0,1,0,0,0,0,0,0,0,45,0,0,0,12,2,3,8,0,0,0,1,12,33063,6,1,0,0,3,0,65,999,0,0,0,0,0,0,0,0,0,0,0,0,0,0,2,3,45,1,1,8,1,3,3,1,80,1,1,1,98,0,0