STATE,ST_CASE,VEH_NO,VE_FORMS,NUMOCCS,DAY,MONTH,HOUR,MINUTE,HARM_EV,MAN_COLL,UNITTYPE,HIT_RUN,REG_STAT,OWNER,MAKE,MODEL,MAK_MOD,BODY_TYP,MOD_YEAR,VIN,VIN_1,VIN_2,VIN_3,VIN_4,VIN_5,VIN_6,VIN_7,VIN_8,VIN_9,VIN_10,VIN_11,VIN_12,TOW_VEH,VINTYPE,VINMAKE,VINA_MOD,VIN_BT,VINMODYR,VIN_LNGT,VIN_WGT,WGTCD_TR,WHLBS_LG,WHLBS_SH,SER_TR,FUELCODE,MCYCL_DS,CARBUR,CYLINDER,DISPLACE,MCYCL_CY,MCYCL_WT,TIRE_SZE,TON_RAT,TRK_WT,TRKWTVAR,VIN_REST,WHLDRWHL,J_KNIFE,MCARR_I1,MCARR_I2,MCARR_ID,GVWR,V_CONFIG,CARGO_BT,HAZ_INV,HAZ_PLAC,HAZ_ID,HAZ_CNO,HAZ_REL,BUS_USE,SPEC_USE,EMER_USE,TRAV_SP,UNDERIDE,ROLLOVER,ROLINLOC,IMPACT1,DEFORMED,TOWED,M_HARM,VEH_SC1,VEH_SC2,FIRE_EXP,DR_PRES,L_STATE,DR_ZIP,L_STATUS,L_TYPE,CDL_STAT,L_ENDORS,L_COMPL,L_RESTRI,DR_HGT,DR_WGT,PREV_ACC,PREV_SUS,PREV_DWI,PREV_SPD,PREV_OTH,FIRST_MO,FIRST_YR,LAST_MO,LAST_YR,SPEEDREL,DR_SF1,DR_SF2,DR_SF3,DR_SF4,VTRAFWAY,VNUM_LAN,VSPD_LIM,VALIGN,VPROFILE,VPAVETYP,VSURCOND,VTRAFCON,VTCONT_F,P_CRASH1,P_CRASH2,P_CRASH3,PCRASH4,PCRASH5,ACC_TYPE,DEATHS,DR_DRINK
12,122344,1,1,2,31,10,19,25,42,0,1,0,12,1,35,472,35472,30,2002,1N6ED26Y22C3,1,N,6,E,D,2,6,Y,2,2,C,3,0,T,NISS,KXS,PC,2,17,,1,0,1161,FRT,G,,,6,201,,,,B,3763,01,E,44,0,0,000000000,00000000000,0,0,0,1,0,0,0,0,0,0,0,998,0,0,0,12,6,2,42,0,0,0,1,12,32310,6,1,6,0,3,0,67,999,0,0,0,0,0,0,0,0,0,0,0,0,0,0,1,2,45,1,4,8,1,0,0,1,12,7,1,4,6,2,1
12,122345,1,2,1,5,11,10,50,12,6,1,0,12,1,7,482,7482,31,2005,1D7HA16N15J5,1,D,7,H,A,1,6,N,1,5,J,5,0,T,DODG,S15,PK,5,17,,2,1405,1205,RPC,G,,,8,287,,,,B,4318,01,E,42,0,0,000000000,00000000000,0,0,0,1,0,0,0,0,0,0,0,10,0,0,0,4,6,2,12,0,0,0,1,12,32348,6,1,0,0,3,0,72,999,0,1,0,0,0,11,2009,11,2009,0,38,0,0,0,2,2,40,1,1,8,1,0,0,11,15,1,1,1,68,1,0
12,122345,2,2,1,5,11,10,50,12,6,1,0,12,3,98,804,98804,66,2001,2WKEDDXJ31K9,2,W,K,E,D,D,X,J,3,1,K,9,1,T,WSTR,49E,TR,1,17,,8,0,0,CNV,D,,,6,774,,,,,00000,00,,64,1,12,1684844,121684844,3,6,9,1,0,0,0,0,0,0,0,40,0,0,0,12,4,1,12,0,0,0,1,12,32348,6,1,6,0,3,0,75,999,0,0,0,0,0,0,0,0,0,0,0,0,0,0,2,2,40,1,1,8,1,0,0,1,60,4,1,1,69,0,0
12,122346,1,1,2,26,11,19,15,8,0,1,0,12,1,12,481,12481,31,1998,1FTZX176XWNA,1,F,T,Z,X,1,7,6,X,W,N,A,0,T,FORD,F15,3C,98,17,,1,1570,1390,COF,G,,,8,281,,,,B,4067,02,E,42,0,0,000000000,00000000000,0,0,0,1,0,0,0,0,0,0,0,30,0,0,0,12,2,1,8,0,0,0,1,12,33166,6,1,0,0,3,3,65,999,0,1,0,0,0,9,2010,9,2010,0,0,0,0,0,1,2,30,1,1,8,1,0,0,1,80,1,1,1,13,0,0
12,122347,1,1,1,30,12,7,38,9,0,1,0,12,1,51,40,51040,4,1994,YV1JS8838R11,Y,V,1,J,S,8,8,3,8,R,1,1,0,P,VOLV,940,4D,94,17,3186,,0,1091,,G,,F,4,141,,,15R185,,,,,,0,0,000000000,00000000000,0,0,0,1,0,0,0,0,0,0,0,35,0,0,0,12,4,3,9,0,0,0,1,12,33024,6,1,0,0,3,0,68,999,0,0,0,0,0,0,0,0,0,0,0,0,0,0,1,4,35,1,1,8,1,3,3,1,83,1,1,1,13,0,0
12,122348,1,1,1,7,9,23,46,8,0,1,0,12,2,59,35,59035,4,2006,JTHBK2621620,J,T,H,B,K,2,6,2,1,6,2,0,0,P,LEXS,I25,4D,6,17,3455,,0,1074,,G,,F,6,153,,,18R225,,,,,,0,0,000000000,00000000000,0,0,0,1,0,0,0,0,0,0,0,50,0,0,0,12,6,2,8,0,0,0,1,12,33760,6,1,0,0,3,0,62,999,0,0,0,0,0,0,0,0,0,0,0,0,0,0,2,3,45,1,1,8,1,3,3,1,80,1,1,1,13,0,0
12,122349,1,1,1,23,12,23,20,9,0,1,0,12,2,7,20,7020,4,2002,1B3ES26CX2D6,1,B,3,E,S,2,6,C,X,2,D,6,0,P,DODG,NEO,4D,2,17,2604,,0,1050,,G,,F,4,122,,,14R185,,,,,,0,0,000000000,00000000000,0,0,0,1,0,0,0,0,0,0,0,40,0,0,0,12,4,3,9,0,0,0,1,12,34275,6,1,0,0,3,3,60,999,0,0,0,0,0,0,0,0,0,0,0,0,0,0,2,2,40,1,1,8,1,0,0,1,83,6,1,1,13,0,0
12,122350,1,1,1,30,11,21,40,8,0,1,1,12,1,63,401,63401,14,1997,KNDJA7233V55,K,N,D,J,A,7,2,3,3,V,5,5,0,P,KIA,SPO,UT,97,17,3303,,0,1043,,G,,F,4,122,,,15R205,,,,,,0,0,000000000,00000000000,0,0,0,1,0,0,0,0,0,0,0,45,0,0,0,12,2,1,8,0,0,0,1,12,33016,6,1,6,0,3,0,64,999,0,0,0,0,0,0,0,0,0,0,6,0,0,0,5,4,45,1,1,8,2,0,0,1,80,6,1,1,13,0,0
12,122351,1,1,1,11,10,6,53,5,0,1,0,12,2,98,701,98701,88,2011,LHJTLBBN6BB0,L,H,J,T,L,B,B,N,6,B,B,0,0,U,,,,11,17,,,,,,,,,,,,,,,,,,,0,0,000000000,00000000000,0,0,0,1,0,0,0,0,0,0,0,30,0,0,0,0,4,3,5,0,0,0,1,42,29910,1,1,0,0,2,0,70,999,0,0,0,0,0,0,0,0,0,0,0,0,0,0,3,3,40,1,1,8,1,3,8,1,98,1,1,1,0,1,0
12,122352,1,1,5,24,10,14,22,1,0,1,0,12,2,20,22,20022,2,2008,1G1AL18F3871,1,G,1,A,L,1,8,F,3,8,7,1,0,P,CHEV,BLT,CP,8,17,2991,,0,1033,,G,,F,4,134,,,15R195,,,,,,0,0,000000000,00000000000,0,0,0,1,0,0,0,0,0,0,0,998,0,1,5,0,6,2,42,0,0,0,1,98,33013,0,0,0,0,0,0,999,999,0,0,0,0,0,0,0,0,0,0,6,0,0,0,1,2,98,1,1,8,1,0,0,1,13,1,1,4,1,1,0
12,122353,1,1,1,28,10,17,0,9,0,1,0,12,1,12,17,12017,4,2005,1FAFP53265A1,1,F,A,F,P,5,3,2,6,5,A,1,0,P,FORD,TSE,4D,5,17,3306,,0,1085,,F,,F,6,182,,,16R215,,,,,,0,0,000000000,00000000000,0,0,0,1,0,0,0,0,0,0,0,30,0,0,0,12,4,3,9,0,0,0,1,12,33167,6,1,0,0,3,0,66,999,0,0,0,0,0,0,0,0,0,0,0,0,0,0,1,2,30,1,1,8,1,0,0,1,83,7,1,1,13,0,0
12,122354,1,2,1,18,12,7,30,8,0,1,0,12,1,41,471,41471,30,2005,4F4YR46U25PM,4,F,4,Y,R,4,6,U,2,5,P,M,0,T,MAZD,3CP,4C,5,17,,1,0,1257,B30,G,,,6,182,,,,,3422,00,E,42,0,0,000000000,00000000000,0,0,0,1,0,0,0,0,0,0,0,998,0,0,0,12,6,2,8,0,0,0,1,12,33175,6,1,0,0,3,3,68,999,0,0,0,0,0,0,0,0,0,0,6,0,0,0,8,8,98,1,1,8,1,0,0,8,80,1,1,5,98,0,0
12,122354,2,2,1,18,12,7,30,8,0,1,0,12,3,84,981,84981,50,1996,1HVBDABN9TH3,1,H,V,B,D,A,B,N,9,T,H,3,0,T,INTL,360,BU,96,17,,7,2760,1520,30S,D,,,8,444,,,,,00000,00,,42,0,88,888888888,88888888888,3,21,22,1,0,0,0,0,1,0,0,30,0,0,0,9,4,1,12,0,0,0,1,12,33012,6,1,6,3,3,3,71,999,0,0,0,0,0,0,0,0,0,0,0,0,0,0,2,2,40,1,1,8,1,0,0,1,78,1,1,1,98,0,0
12,122355,1,2,3,15,12,18,17,8,0,1,0,1,2,7,482,7482,31,2000,1B7HC13Z6YJ1,1,B,7,H,C,1,3,Z,6,Y,J,1,0,T,DODG,Q15,4C,0,17,,2,1547,1387,RPC,G,,,8,360,,,,B,4648,01,U,42,0,0,000000000,00000000000,0,0,0,1,0,0,0,0,0,0,0,35,0,0,0,12,2,1,8,0,0,0,1,12,32505,6,1,0,0,3,3,70,999,0,0,0,0,0,0,0,0,0,0,0,0,0,0,2,2,35,1,1,8,1,0,0,1,80,1,1,1,13,0,0
12,122355,2,2,1,15,12,18,17,8,0,1,0,12,1,20,37,20037,4,2011,1G1ZE5EU5BF3,1,G,1,Z,E,5,E,U,5,B,F,3,0,P,CHEV,M/Z,4D,11,17,3649,,0,1123,,F,,F,4,146,,,18R225,,,,,,0,0,000000000,00000000000,0,0,0,1,0,0,0,0,0,0,0,35,0,0,0,12,4,1,8,0,0,0,1,12,32534,6,1,0,0,3,3,69,999,0,0,0,0,0,0,0,0,0,0,0,0,0,0,2,2,35,1,1,8,1,0,0,1,80,1,1,1,98,0,0
12,122356,1,1,1,22,11,15,15,33,0,1,0,12,1,12,37,12037,4,2005,1FAFP34N25W1,1,F,A,F,P,3,4,N,2,5,W,1,0,P,FORD,ZX4,4D,5,17,2677,,0,1030,,G,,F,4,122,,,15R195,,,,,,0,0,000000000,00000000000,0,0,0,1,0,0,0,0,0,0,0,998,0,0,0,12,6,2,42,0,0,0,1,12,34769,6,1,0,0,3,3,62,999,0,0,0,0,0,0,0,0,0,1,6,0,0,0,2,2,45,3,1,8,1,0,0,14,13,1,1,4,1,1,0
12,122357,1,1,1,16,11,23,38,9,0,1,0,12,1,2,1,2001,6,2007,1J8FT57W07D2,1,J,8,F,T,5,7,W,0,7,D,2,0,T,JEEP,PLD,4W,7,17,,1,0,1037,CMP,G,,,4,144,,,,,3099,00,L,42,0,0,000000000,00000000000,0,0,0,1,0,0,0,0,0,0,0,40,0,0,0,12,4,1,9,0,0,0,1,12,33612,6,1,0,0,3,0,71,999,0,0,0,0,0,0,0,0,0,0,0,0,0,0,2,3,45,1,1,8,1,3,3,1,80,1,1,1,13,0,0
12,122358,1,1,1,16,12,7,37,21,0,1,0,12,3,20,405,20405,14,2013,3GNAL2EK5DS5,3,G,N,A,L,2,E,K,5,D,S,5,0,P,CHEV,CPT,UT,13,17,3772,,0,1066,,F,,F,4,146,,,17R235,,,,,,0,0,000000000,00000000000,0,0,0,1,0,0,0,0,0,0,0,998,0,0,0,12,6,2,21,0,0,0,1,12,33169,1,1,0,0,2,0,69,999,0,0,0,0,0,0,0,0,0,1,0,0,0,0,1,2,50,1,1,8,2,0,0,1,12,1,1,4,6,1,0
12,122359,1,2,1,21,12,20,14,12,6,1,0,12,1,14,6,14006,4,2001,2MEFM75W71X6,2,M,E,F,M,7,5,W,7,1,X,6,0,P,MERC,MGL,4D,1,17,3948,,0,1147,,G,,F,8,281,,,16R225,,,,,,0,0,000000000,00000000000,0,0,0,1,0,0,0,0,0,0,0,998,0,0,0,1,6,2,12,0,0,0,1,12,34983,6,1,0,0,3,3,66,999,0,0,0,0,0,0,0,0,0,0,0,0,0,0,2,3,45,1,1,8,1,3,3,11,15,1,1,1,68,0,0
12,122359,2,2,1,21,12,20,14,12,6,1,0,6,1,73,709,73709,80,2007,JKAZX4P107A0,J,K,A,Z,X,4,P,1,0,7,A,0,0,M,KAWK,ZXP,RC,7,17,,,,,,,599,,4,,4,368,,,,,,,0,0,000000000,00000000000,0,0,0,1,0,0,0,0,0,0,0,998,0,0,0,12,6,2,12,0,0,0,1,6,92107,6,1,0,0,3,0,65,130,0,0,0,0,0,0,0,0,0,0,0,0,0,0,2,3,45,1,1,8,1,3,3,1,62,1,1,1,69,1,0
12,122360,1,1,1,10,12,4,30,40,0,1,0,12,4,35,43,35043,4,2011,3N1AB6AP1BL6,3,N,1,A,B,6,A,P,1,B,L,6,0,P,NISS,SBL,4D,11,17,2862,,0,1057,,G,,F,4,122,,,16R205,,,,,,0,0,000000000,00000000000,0,0,0,1,0,0,0,0,0,0,0,90,0,0,0,12,6,2,40,0,0,0,1,12,33165,1,1,0,0,2,0,68,999,0,3,0,0,0,12,2009,10,2012,0,6,0,0,0,2,2,30,1,1,8,1,0,0,1,13,1,1,4,1,1,1
12,122361,1,2,2,19,10,21,42,12,6,1,0,12,1,2,1,2001,6,2012,1C4NJCBA7CD5,1,C,4,N,J,C,B,A,7,C,D,5,0,T,JEEP,CSP,4W,12,17,,1,0,1037,CMP,G,,,4,122,,,,,3082,00,W,42,0,0,000000000,00000000000,0,0,0,1,0,0,0,0,0,0,0,5,0,0,0,9,6,2,12,0,0,0,1,12,33010,6,1,0,0,3,0,71,999,0,0,0,0,0,0,0,0,0,0,38,0,0,0,1,2,40,1,1,8,1,20,3,11,15,1,1,1,82,1,1
12,122361,2,2,1,19,10,21,42,12,6,1,0,12,3,12,16,12016,4,2001,2FAFP71W81X1,2,F,A,F,P,7,1,W,8,1,X,1,0,P,FORD,CVP,4D,1,17,3996,,0,1147,,G,,F,8,281,,,16R225,,,,,,0,0,000000000,00000000000,0,0,0,1,0,0,0,0,0,5,0,40,0,0,0,12,6,2,12,0,0,0,1,12,33013,0,0,0,0,0,0,999,999,0,0,0,0,0,0,0,0,0,0,0,0,0,0,2,2,40,1,1,8,1,0,0,1,67,1,1,1,83,0,0
12,122362,1,2,1,21,9,21,55,12,1,1,0,12,1,49,51,49051,4,2010,JTDKT4K30A52,J,T,D,K,T,4,K,3,0,A,5,2,0,P,TOYT,YAR,4H,10,17,0,,0,969,,G,,F,4,091,,,14R175,,,,,,0,0,000000000,00000000000,0,0,0,1,0,0,0,0,0,0,0,45,0,0,0,12,6,2,12,0,0,0,1,12,32068,6,1,0,0,3,3,59,999,0,0,0,0,0,0,0,0,0,0,6,0,0,0,2,3,45,1,6,8,1,3,3,1,50,1,1,1,20,0,0
12,122362,2,2,1,21,9,21,55,12,1,1,0,12,1,72,706,72706,80,1999,1HD1CGP1XXK1,1,H,D,1,C,G,P,1,X,X,K,1,0,M,HD,20C,RS,99,17,,,,,,,1200,,2,,4,491,,,,,,,0,0,000000000,00000000000,0,0,0,1,0,0,0,0,0,0,0,0,0,0,0,6,6,2,12,0,0,0,1,12,32091,6,1,0,0,3,0,66,999,0,0,0,0,0,0,0,0,0,0,0,0,0,0,2,3,45,1,6,8,1,3,3,5,53,1,1,1,21,1,0
12,122363,1,1,2,25,12,17,32,18,0,1,0,12,1,35,481,35481,31,2007,1N6BA06A37N2,1,N,6,B,A,0,6,A,3,7,N,2,0,T,NISS,TXS,PC,7,17,,2,0,1398,TTN,F,,,8,342,,,,,4689,00,E,42,0,0,000000000,00000000000,0,0,0,1,0,0,0,0,0,0,0,100,0,0,0,5,6,2,42,0,0,0,1,12,32080,6,1,0,0,3,0,72,999,0,0,0,0,0,0,0,0,0,1,36,0,0,0,2,4,40,3,1,8,1,0,0,14,13,1,1,4,1,2,0
12,122364,1,1,1,2,9,20,0,8,0,1,0,12,1,7,482,7482,31,2006,3D7KS29C76G2,3,D,7,K,S,2,9,C,7,6,G,2,0,T,DODG,ME2,CW,6,17,,2,0,1605,RPC,D,,,6,359,,,,C,7450,00,E,44,0,0,000000000,00000000000,0,0,0,1,0,0,0,0,0,0,0,20,0,0,0,12,4,3,8,0,0,0,1,12,33331,6,1,0,0,3,0,68,999,0,0,0,0,0,0,0,0,0,0,38,0,0,0,1,4,30,1,1,8,1,3,3,11,80,1,1,1,13,0,0
12,122365,1,1,1,26,11,19,41,9,0,1,0,12,1,49,482,49482,31,2001,5TBRN34161S1,5,T,B,R,N,3,4,1,6,1,S,1,0,T,TOYT,TT5,4C,1,17,,1,0,1283,TUN,G,,,6,206,,,,B,4088,00,U,42,0,0,000000000,00000000000,0,0,0,1,0,0,0,0,0,0,0,30,0,0,0,12,4,3,9,0,0,0,1,12,33312,6,1,0,0,3,0,70,999,0,0,0,0,0,0,0,0,0,0,0,0,0,0,3,3,25,1,1,8,1,0,0,1,83,1,1,1,13,0,0
12,122366,1,2,1,7,12,15,41,9,0,1,0,12,2,69,54,69054,3,2007,WMWMF33517TT,W,M,W,M,F,3,3,5,1,7,T,T,0,P,MNNI,COO,2H,7,17,2546,,0,971,,G,,F,4,098,,,15R175,,,,,,0,0,000000000,00000000000,0,0,0,1,0,0,0,0,0,0,0,998,0,0,0,12,6,2,9,0,0,0,1,12,33065,6,1,0,0,3,0,62,999,0,0,0,0,0,0,0,0,0,0,0,0,0,0,2,2,45,1,1,8,1,3,3,1,83,1,1,1,13,0,0
12,122366,2,2,1,7,12,15,41,9,0,1,0,12,1,24,1,24001,4,2001,1G8ZK52701Z2,1,G,8,Z,K,5,2,7,0,1,Z,2,0,P,STRN,SL2,4D,1,17,2426,,0,1024,,G,,F,4,116,,,15R185,,,,,,0,0,000000000,00000000000,0,0,0,1,0,0,0,0,0,0,0,998,0,0,0,12,6,2,12,0,0,0,1,12,33334,6,1,0,0,3,0,71,999,0,0,0,0,0,0,0,0,0,0,0,0,0,0,2,2,45,1,1,8,1,3,3,1,51,1,1,1,98,0,0
12,122367,1,6,1,28,11,16,4,12,6,1,0,12,1,12,402,12402,14,2012,1FMCU0E76CKB,1,F,M,C,U,0,E,7,6,C,K,B,0,P,FORD,SPE,UT,12,17,3332,,0,1031,,G,,F,4,153,,,16R235,,,,,,0,0,000000000,00000000000,0,0,0,1,0,0,0,0,0,0,0,998,0,0,0,82,6,2,12,0,0,0,1,12,33186,6,1,0,0,3,0,68,999,0,0,0,0,0,0,0,0,0,0,39,0,0,0,2,2,40,1,1,8,1,3,3,1,17,1,1,1,87,0,0
12,122367,2,6,1,28,11,16,4,12,6,1,0,12,1,47,31,47031,1,1993,YS3AK75E8P70,Y,S,3,A,K,7,5,E,8,P,7,0,0,P,SAA,90S,CV,93,17,2950,,0,991,,G,,F,4,129,,,15R185,,,,,,0,0,000000000,00000000000,0,0,0,1,0,0,0,0,0,0,0,998,0,0,0,12,6,2,12,0,0,0,1,12,33155,6,1,0,0,3,0,63,999,0,0,0,0,0,0,0,0,0,0,0,0,0,0,2,1,30,1,1,8,1,3,3,1,66,1,1,1,86,1,0
12,122367,3,6,3,28,11,16,4,12,6,1,0,12,1,52,47,52047,6,2010,JA4AS2AW5AZ0,J,A,4,A,S,2,A,W,5,A,Z,0,0,P,MITS,OUT,UT,10,17,3384,,0,1051,,G,,F,4,145,,,16R215,,,,,,0,0,000000000,00000000000,0,0,0,1,0,0,0,0,0,0,0,0,0,0,0,61,4,1,12,0,0,0,1,12,33165,6,1,0,0,3,0,63,999,0,0,0,0,0,0,0,0,0,0,0,0,0,0,2,2,40,1,1,8,1,3,3,5,62,1,1,1,98,0,0
12,122367,4,6,1,28,11,16,4,12,6,1,0,12,2,35,402,35402,14,2004,5N1ED28T24C6,5,N,1,E,D,2,8,T,2,4,C,6,0,P,NISS,XTR,UT,4,17,3638,,0,1043,,G,,F,6,201,,,16R265,,,,,,0,0,000000000,00000000000,0,0,0,1,0,0,0,0,0,0,0,0,0,0,0,81,4,1,12,0,0,0,1,12,33157,6,1,0,0,3,3,68,999,0,0,0,0,0,0,0,0,0,0,0,0,0,0,2,2,40,1,1,8,1,3,3,5,62,1,1,1,98,0,0
12,122367,5,6,1,28,11,16,4,12,6,1,0,12,2,30,40,30040,4,2012,3VWDX7AJ7CM3,3,V,W,D,X,7,A,J,7,C,M,3,0,P,VOLK,JSA,4D,12,17,3083,,0,0,,G,,F,5,151,,,000000,,,,,,0,0,000000000,00000000000,0,0,0,1,0,0,0,0,0,0,0,0,0,0,0,12,6,2,12,0,0,0,1,12,33146,6,1,0,0,3,3,68,999,0,0,0,0,0,0,0,0,0,0,0,0,0,0,2,2,40,1,1,8,1,3,3,5,62,1,1,1,98,0,0
12,122367,6,6,1,28,11,16,4,12,6,1,0,12,1,34,34,34034,4,2013,WBA3A9C5XDF4,W,B,A,3,A,9,C,5,X,D,F,4,0,P,BMW,35I,4D,13,17,3594,,0,1106,,G,,T,6,183,,,17R225,,,,,,0,0,000000000,00000000000,0,0,0,1,0,0,0,0,0,0,0,0,0,0,0,12,4,1,12,0,0,0,1,12,33156,6,1,0,0,3,0,60,999,0,0,0,0,0,0,0,0,0,0,0,0,0,0,2,2,40,1,1,8,1,3,3,5,62,1,1,1,98,0,0
12,122368,1,1,1,8,12,8,28,39,0,1,0,12,1,55,401,55401,14,2003,KM8SB12B2344,K,M,8,S,B,1,2,B,2,3,4,4,0,P,HYUN,SAN,UT,3,17,3494,,0,1031,,G,,F,4,143,,,16R225,,,,,,0,0,000000000,00000000000,0,0,0,1,0,0,0,0,0,0,0,999,0,0,0,12,4,3,39,0,0,0,1,12,33184,6,1,0,0,3,3,64,999,0,0,0,0,0,0,0,0,0,0,0,0,0,0,1,2,40,1,1,8,1,0,0,1,12,1,1,4,6,1,0
12,122369,1,1,1,23,8,99,99,8,0,1,1,99,9,99,999,99999,99,9999,999999999999,9,9,9,9,9,9,9,9,9,9,9,9,0,U,,,,9,17,,,,,,,,,,,,,,,,,,,0,0,000000000,00000000000,0,0,0,1,0,0,0,0,0,0,0,999,0,0,0,98,9,1,8,0,0,0,1,99,99999,9,9,99,9,9,9,999,999,99,99,99,99,99,99,9999,99,9999,0,0,0,0,0,1,2,99,1,1,8,1,99,9,99,80,99,9,9,13,0,0
13,130001,1,1,1,1,1,17,41,38,0,1,0,0,0,98,701,98701,88,2008,LUAHYB101810,L,U,A,H,Y,B,1,0,1,8,1,0,0,U,,,,8,17,,,,,,,,,,,,,,,,,,,0,0,000000000,00000000000,0,0,0,1,0,0,0,0,0,0,0,998,0,0,0,12,2,3,38,0,0,0,1,13,31211,0,0,0,0,1,0,71,198,98,1,0,0,0,4,2010,4,2010,1,29,0,0,0,1,2,25,1,1,2,1,0,0,1,13,99,1,4,1,1,0
13,130002,1,1,1,1,1,8,7,33,0,1,0,13,2,14,6,14006,4,2000,2MEFM75W3YX7,2,M,E,F,M,7,5,W,3,Y,X,7,0,P,MERC,MGL,4D,0,17,3973,,0,1147,,G,,F,8,281,,,16R225,,,,,,0,0,000000000,00000000000,0,0,0,1,0,0,0,0,0,0,0,998,0,0,0,14,6,2,42,0,0,0,1,13,30038,6,1,0,0,3,0,71,283,98,0,0,1,1,6,2009,2,2011,0,29,0,0,0,1,5,35,2,2,1,1,0,0,14,13,99,1,4,1,1,1
13,130003,1,1,1,1,1,16,55,59,0,1,0,92,0,76,706,76706,80,1980,3J3001267,3,J,3,0,0,1,2,6,7,,,,0,M,YAMA,XS8,RS,80,9,,,,,,,826,,3,,4,531,,,,,,,0,0,000000000,00000000000,0,0,0,1,0,0,0,0,0,0,0,998,0,0,0,12,6,2,1,0,0,0,1,13,31792,1,1,0,0,2,0,73,260,98,0,0,0,0,0,0,0,0,0,29,0,0,0,1,2,35,3,1,8,1,0,0,14,13,99,9,4,1,1,1
13,130004,1,2,1,3,1,16,40,12,1,1,0,13,1,7,482,7482,31,2008,1D7HA18288J2,1,D,7,H,A,1,8,2,8,8,J,2,0,T,DODG,SQ1,CW,8,17,,2,1605,1405,RPC,G,,,8,348,,,,B,4889,00,E,42,0,0,000000000,00000000000,0,0,0,1,0,0,0,0,0,0,0,998,0,0,0,12,6,2,12,32,0,0,1,13,31326,6,1,0,0,3,0,75,210,98,0,0,1,0,11,2010,11,2010,0,26,39,0,0,3,2,45,1,1,8,1,3,3,1,50,1,1,1,20,1,0
13,130004,2,2,3,3,1,16,40,12,1,1,0,13,1,22,20,22020,4,1999,1G2WP52K4XF2,1,G,2,W,P,5,2,K,4,X,F,2,0,P,PONT,GPG,4D,99,17,3428,,0,1105,,G,,F,6,231,,,16R225,,,,,,0,0,000000000,00000000000,0,0,0,1,0,0,0,0,0,0,0,0,0,0,0,6,6,2,12,0,0,0,1,13,31419,6,1,5,0,3,0,69,140,98,0,0,0,0,0,0,0,0,0,0,0,0,0,3,2,45,1,1,8,1,3,3,5,53,1,1,1,21,0,0
13,130005,1,2,1,3,1,10,30,12,6,1,0,93,4,82,881,82881,66,2007,1FUJA6CG47LW,1,F,U,J,A,6,C,G,4,7,L,W,1,T,FRHT,COL,TR,7,17,,8,0,0,CON,D,,,6,774,,,,,00000,00,,64,1,57,151614,57151614,3,6,1,1,0,0,0,0,0,0,0,998,0,0,0,12,6,2,12,0,0,0,1,13,31803,6,1,6,0,3,0,70,260,98,0,0,0,0,0,0,0,0,0,39,0,0,0,1,2,55,1,1,8,1,20,3,1,66,4,2,1,88,0,0
13,130005,2,2,2,3,1,10,30,12,6,1,0,13,1,12,17,12017,4,2006,1FAFP56U26A1,1,F,A,F,P,5,6,U,2,6,A,1,0,P,FORD,TEL,4D,6,17,3314,,0,1085,,G,,F,6,183,,,16R215,,,,,,0,0,000000000,00000000000,0,0,0,1,0,0,0,0,0,0,0,998,0,0,0,10,6,2,12,0,0,0,1,13,31063,6,1,0,0,3,3,66,160,98,0,0,0,0,0,0,0,0,0,0,0,0,0,1,2,55,1,1,8,1,20,3,1,17,1,1,1,89,1,0
13,130006,1,1,1,3,1,7,10,42,0,1,0,13,1,35,421,35421,15,2006,5N1AA08A36N7,5,N,1,A,A,0,8,A,3,6,N,7,0,P,NISS,ARM,UT,6,17,5069,,0,1232,,G,,F,8,342,,,17R285,,,,,,0,0,000000000,00000000000,0,0,0,1,0,0,0,0,0,0,0,998,0,0,0,12,6,2,42,0,0,1,1,13,31805,6,1,6,0,3,3,72,210,98,0,0,0,2,12,2009,6,2010,0,29,0,0,0,1,2,55,2,1,8,1,98,8,14,13,99,9,4,2,1,0
13,130007,1,1,1,3,1,6,22,18,0,1,0,92,0,12,422,12422,15,2005,1FMFU195X5LA,1,F,M,F,U,1,9,5,X,5,L,A,0,P,FORD,EPT,UT,5,17,5352,,0,1191,,G,,F,8,330,,,17R265,,,,,,0,0,000000000,00000000000,0,0,0,1,0,0,0,0,0,0,0,998,0,1,5,2,6,2,1,0,0,0,1,13,31705,1,1,0,0,2,0,62,135,98,3,0,0,2,2,2009,2,2010,0,58,29,0,0,1,2,55,1,1,8,1,0,0,1,12,8,4,5,7,1,0
13,130008,1,1,1,4,1,10,51,10,0,1,0,13,1,12,17,12017,4,2000,1FAFP55U1YA2,1,F,A,F,P,5,5,U,1,Y,A,2,0,P,FORD,TSS,4D,0,17,3333,,0,1085,,G,,F,6,182,,,16R215,,,,,,0,0,000000000,00000000000,0,0,0,1,0,0,0,0,0,0,0,998,0,0,0,9,6,2,10,0,0,0,1,13,30121,6,1,0,0,3,0,74,190,98,0,0,0,0,0,0,0,0,0,39,0,0,0,1,2,35,1,1,8,1,65,3,1,91,99,1,1,15,1,0
13,130009,1,1,1,4,1,7,42,11,0,1,0,13,1,12,481,12481,31,1994,1FTEF15H5RNA,1,F,T,E,F,1,5,H,5,R,N,A,0,T,FORD,F15,PK,94,17,,2,1330,1170,COF,G,,,8,351,,,,B,3886,01,M,42,0,0,000000000,00000000000,0,0,0,1,0,0,0,0,0,0,0,998,0,0,0,12,6,2,11,0,0,0,1,13,30253,6,1,0,0,3,3,66,188,98,0,0,1,0,8,2009,8,2009,0,83,0,0,0,1,2,45,1,5,8,1,98,8,1,87,1,1,1,13,1,0