STATE,ST_CASE,VEH_NO,VE_FORMS,NUMOCCS,DAY,MONTH,HOUR,MINUTE,HARM_EV,MAN_COLL,UNITTYPE,HIT_RUN,REG_STAT,OWNER,MAKE,MODEL,MAK_MOD,BODY_TYP,MOD_YEAR,VIN,VIN_1,VIN_2,VIN_3,VIN_4,VIN_5,VIN_6,VIN_7,VIN_8,VIN_9,VIN_10,VIN_11,VIN_12,TOW_VEH,VINTYPE,VINMAKE,VINA_MOD,VIN_BT,VINMODYR,VIN_LNGT,VIN_WGT,WGTCD_TR,WHLBS_LG,WHLBS_SH,SER_TR,FUELCODE,MCYCL_DS,CARBUR,CYLINDER,DISPLACE,MCYCL_CY,MCYCL_WT,TIRE_SZE,TON_RAT,TRK_WT,TRKWTVAR,VIN_REST,WHLDRWHL,J_KNIFE,MCARR_I1,MCARR_I2,MCARR_ID,GVWR,V_CONFIG,CARGO_BT,HAZ_INV,HAZ_PLAC,HAZ_ID,HAZ_CNO,HAZ_REL,BUS_USE,SPEC_USE,EMER_USE,TRAV_SP,UNDERIDE,ROLLOVER,ROLINLOC,IMPACT1,DEFORMED,TOWED,M_HARM,VEH_SC1,VEH_SC2,FIRE_EXP,DR_PRES,L_STATE,DR_ZIP,L_STATUS,L_TYPE,CDL_STAT,L_ENDORS,L_COMPL,L_RESTRI,DR_HGT,DR_WGT,PREV_ACC,PREV_SUS,PREV_DWI,PREV_SPD,PREV_OTH,FIRST_MO,FIRST_YR,LAST_MO,LAST_YR,SPEEDREL,DR_SF1,DR_SF2,DR_SF3,DR_SF4,VTRAFWAY,VNUM_LAN,VSPD_LIM,VALIGN,VPROFILE,VPAVETYP,VSURCOND,VTRAFCON,VTCONT_F,P_CRASH1,P_CRASH2,P_CRASH3,PCRASH4,PCRASH5,ACC_TYPE,DEATHS,DR_DRINK
13,130010,1,1,7,5,1,15,18,1,0,1,0,45,1,12,422,12422,15,2003,1FMEU17W83LA,1,F,M,E,U,1,7,W,8,3,L,A,0,P,FORD,EPT,UT,3,17,5416,,0,1191,,G,,F,8,281,,,17R265,,,,,,0,0,000000000,00000000000,0,0,0,1,0,0,0,0,0,0,0,998,0,2,1,0,6,2,1,0,0,0,1,37,28630,6,1,0,0,3,0,64,999,0,0,0,0,1,11,2010,11,2010,0,80,0,0,0,3,2,70,1,1,8,1,0,0,1,1,99,3,2,98,1,0
13,130011,1,3,1,5,1,12,35,12,1,1,0,13,1,12,471,12471,30,1999,1FTYR14V3XTA,1,F,T,Y,R,1,4,V,3,X,T,A,0,T,FORD,RNS,PC,99,17,,1,0,1257,RNG,F,,,6,182,,,,B,00000,00,U,42,0,0,000000000,00000000000,0,0,0,1,0,0,0,0,0,0,0,998,0,0,0,12,6,2,12,0,0,0,1,13,30230,6,1,0,0,3,0,58,141,98,0,0,0,0,0,0,0,0,0,26,0,0,0,1,3,45,1,5,8,1,40,3,1,52,6,1,1,28,0,0
13,130011,2,3,2,5,1,12,35,12,1,1,0,13,1,98,701,98701,88,2009,LF3PCN0B99B0,L,F,3,P,C,N,0,B,9,9,B,0,0,U,,,,9,17,,,,,,,,,,,,,,,,,,,0,0,000000000,00000000000,0,0,0,1,0,0,0,0,0,0,0,998,0,0,0,6,6,2,12,0,0,0,1,13,30240,6,1,0,0,2,0,71,170,98,2,0,0,0,1,2009,1,2009,0,0,0,0,0,1,3,45,1,5,8,1,40,3,2,53,1,1,1,29,1,0
13,130011,3,3,1,5,1,12,35,12,1,1,0,93,3,82,881,82881,66,2005,1FUJA6CK15LN,1,F,U,J,A,6,C,K,1,5,L,N,1,T,FRHT,COL,TR,5,17,,8,0,0,CON,D,,,6,858,,,,,00000,00,,64,1,57,175593,57175593,3,6,1,1,0,0,0,0,0,0,0,998,0,0,0,6,2,1,12,0,0,0,1,13,30228,6,1,6,0,3,0,74,185,98,0,0,0,0,0,0,0,0,0,0,0,0,0,1,3,45,1,5,8,1,40,3,2,53,1,1,1,98,0,0
13,130012,1,1,1,6,1,12,57,38,0,1,0,13,2,18,2,18002,4,2001,1G4HP54K6142,1,G,4,H,P,5,4,K,6,1,4,2,0,P,BUIC,LCF,4D,1,17,3567,,0,1122,,G,,F,6,231,,,15R215,,,,,,0,0,000000000,00000000000,0,0,0,1,0,0,0,0,0,0,0,998,0,0,0,12,6,2,42,0,0,0,1,13,31303,6,1,0,0,3,3,71,255,98,0,0,1,0,9,2010,9,2010,0,29,0,0,0,1,2,55,2,1,8,1,0,0,14,12,99,9,4,6,1,0
13,130013,1,2,1,6,1,0,34,12,1,1,1,12,3,12,881,12881,61,2011,1FT8W3B64BEA,1,F,T,8,W,3,B,6,4,B,E,A,0,T,FORD,F3S,CW,11,17,,3,1724,1562,SRW,F,,,8,378,,,,D,6593,00,7,44,0,88,888888888,88888888888,2,1,97,1,0,0,0,0,0,0,0,998,0,0,0,12,6,2,12,0,0,0,1,13,39828,1,1,1,0,2,0,74,240,98,1,0,1,0,12,2011,12,2011,0,26,91,0,0,1,2,45,1,1,8,1,98,8,1,51,99,1,1,24,0,1
13,130013,2,2,2,6,1,0,34,12,1,1,0,13,1,55,36,55036,4,2008,KMHCN46C38U1,K,M,H,C,N,4,6,C,3,8,U,1,0,P,HYUN,ALS,4D,8,17,2365,,0,984,,G,,F,4,098,,,14R185,,,,,,0,0,000000000,00000000000,0,0,0,1,0,0,0,0,0,0,0,998,0,1,5,6,6,2,12,0,0,0,1,13,31316,6,1,0,0,3,0,62,145,98,3,1,2,0,11,2009,11,2011,0,0,0,0,0,1,2,45,1,1,8,1,98,8,1,53,99,1,1,25,1,1
13,130014,1,1,1,7,1,5,6,59,0,1,0,13,1,37,706,37706,80,2009,JH2SC59JX9K0,J,H,2,S,C,5,9,J,X,9,K,0,0,M,HOND,CBS,RC,9,17,,,,,,,999,,4,,4,439,,,,,,,0,0,000000000,00000000000,0,0,0,1,0,0,0,0,0,0,0,998,0,0,0,3,6,2,59,0,0,0,1,13,30238,6,1,0,0,3,0,75,185,98,0,0,0,2,8,2010,3,2011,0,29,0,0,0,1,2,55,3,2,2,2,40,3,14,13,1,1,4,1,1,1
13,130015,1,3,3,7,1,22,10,12,8,1,0,13,2,49,38,49038,2,1997,JT2AC52L9V02,J,T,2,A,C,5,2,L,9,V,0,2,0,P,TOYT,TCE,2D,97,17,2010,,0,937,,G,,F,4,091,,,14R175,,,,,,0,0,000000000,00000000000,0,0,0,1,0,0,0,0,0,0,0,998,0,0,0,11,6,2,12,0,0,0,1,13,30017,6,2,0,0,3,3,64,120,98,0,0,0,0,0,0,0,0,0,28,0,0,0,1,2,45,3,1,2,2,0,0,14,10,1,1,2,64,2,1
13,130015,2,3,2,7,1,22,10,12,8,1,0,13,2,49,48,49048,5,2004,JTKKT6243400,J,T,K,K,T,6,2,4,3,4,0,0,0,P,TOYT,SXA,4H,4,17,2380,,0,933,,G,,F,4,092,,,15R185,,,,,,0,0,000000000,00000000000,0,0,0,1,0,0,0,0,0,0,0,998,0,0,0,7,4,3,12,0,0,0,1,13,30458,6,1,0,0,3,3,66,190,98,1,0,1,0,9,2009,5,2011,0,0,0,0,0,1,2,45,2,1,2,2,0,0,14,62,1,1,1,65,0,0
13,130015,3,3,2,7,1,22,10,12,8,1,0,13,1,49,482,49482,31,2005,5TBET34145S4,5,T,B,E,T,3,4,1,4,5,S,4,0,T,TOYT,DBS,CW,5,17,,2,0,1283,TUN,G,,,8,285,,,,B,4765,00,U,42,0,0,000000000,00000000000,0,0,0,1,0,0,0,0,0,0,0,998,0,0,0,12,6,2,12,0,0,0,1,13,30052,6,1,0,0,3,3,70,160,98,0,0,1,0,9,2011,9,2011,0,0,0,0,0,1,2,45,2,1,2,2,0,0,14,62,1,1,1,98,0,1
13,130016,1,3,2,7,1,18,48,12,6,1,0,13,2,14,6,14006,4,2005,2MHHM75W25X6,2,M,H,H,M,7,5,W,2,5,X,6,0,P,MERC,MGL,4D,5,17,4094,,0,1147,,G,,F,8,281,,,16R225,,,,,,0,0,000000000,00000000000,0,0,0,1,0,0,0,0,0,0,0,998,0,0,0,3,6,2,12,0,0,0,1,13,30141,6,1,0,0,3,0,62,130,98,0,0,0,0,0,0,0,0,0,38,0,0,0,3,2,55,1,1,8,2,3,3,11,15,1,1,2,68,1,0
13,130016,2,3,2,7,1,18,48,12,6,1,0,13,1,20,421,20421,15,2003,1GNEC13Z53J2,1,G,N,E,C,1,3,Z,5,3,J,2,0,P,CHEV,CTA,UT,3,17,4828,,0,1160,,F,,F,8,325,,,16R265,,,,,,0,0,000000000,00000000000,0,0,0,1,0,0,0,0,0,0,0,998,0,0,0,12,6,2,12,0,0,0,1,13,30127,6,1,0,0,3,0,69,189,98,0,0,0,0,0,0,0,0,0,0,0,0,0,3,2,55,1,5,8,2,3,3,1,17,99,1,1,69,0,0
13,130016,3,3,1,7,1,18,48,12,6,1,0,13,1,12,17,12017,4,2006,1FAFP53U26A1,1,F,A,F,P,5,3,U,2,6,A,1,0,P,FORD,TSE,4D,6,17,3307,,0,1085,,G,,F,6,183,,,16R215,,,,,,0,0,000000000,00000000000,0,0,0,1,0,0,0,0,0,0,0,0,0,0,0,11,6,2,12,0,0,0,1,13,30106,6,1,0,0,3,0,74,185,98,3,0,1,5,6,2009,3,2011,0,0,0,0,0,1,4,55,1,6,8,2,3,3,5,62,1,1,1,98,0,0
13,130017,1,2,1,7,1,12,15,12,6,1,0,13,1,49,40,49040,4,1983,JT2SV16E2D00,J,T,2,S,V,1,6,E,2,D,0,0,0,P,TOYT,CLE,4D,83,17,2326,,0,1024,,G,,F,4,122,,,13R165,,,,,,0,0,000000000,00000000000,0,0,0,1,0,0,0,0,0,0,0,998,0,0,0,10,6,2,12,0,0,0,1,13,30721,6,1,0,0,3,3,70,185,98,0,0,0,1,8,2010,8,2010,0,39,0,0,0,1,2,35,1,3,8,2,20,3,11,15,1,1,2,82,1,0
13,130017,2,2,2,7,1,12,15,12,6,1,0,13,2,7,472,7472,30,1999,1B7GL22X5XS3,1,B,7,G,L,2,2,X,5,X,S,3,0,T,DODG,DAK,PC,99,17,,1,0,1309,DAK,G,,,6,239,,,,,3484,00,U,42,0,0,000000000,00000000000,0,0,0,1,0,0,0,0,0,0,0,998,0,0,0,12,6,2,12,32,0,0,1,13,30755,6,1,0,0,3,0,72,500,98,0,0,0,0,0,0,0,0,0,0,0,0,0,1,2,55,1,5,8,2,0,0,1,66,99,1,1,83,0,0
13,130018,1,1,1,8,1,16,57,42,0,1,0,13,1,41,441,41441,20,1993,JM3LV522XP05,J,M,3,L,V,5,2,2,X,P,0,5,0,P,MAZD,MWG,SV,93,17,3685,,0,1104,,G,,F,6,180,,,14R205,,,,,,0,0,000000000,00000000000,0,0,0,1,0,0,0,0,0,0,0,998,0,1,5,1,6,2,1,0,0,0,1,13,30650,6,1,0,0,3,0,67,179,98,0,0,0,0,0,0,0,0,0,58,29,0,0,1,2,45,2,1,8,2,98,8,14,13,99,9,4,2,1,1
13,130019,1,1,1,9,1,17,16,8,0,1,0,13,3,12,481,12481,31,1999,1FTRF17W3XNA,1,F,T,R,F,1,7,W,3,X,N,A,0,T,FORD,F15,PK,99,17,,2,1385,1199,COF,G,,,8,281,,,,B,00000,00,U,42,0,0,000000000,00000000000,0,0,0,1,0,0,0,0,0,0,0,998,0,0,0,12,4,3,8,0,0,0,1,13,30662,6,1,0,0,3,0,68,140,98,0,0,0,0,0,0,0,0,0,86,0,0,0,1,3,55,1,5,8,1,0,0,1,80,1,1,1,13,0,0
13,130020,1,2,1,9,1,13,57,12,6,1,0,13,1,35,39,35039,4,1995,JN1CA21D2ST0,J,N,1,C,A,2,1,D,2,S,T,0,0,P,NISS,MGS,4D,95,17,2886,,0,1063,,G,,F,6,182,,,15R215,,,,,,0,0,000000000,00000000000,0,0,0,1,0,0,0,0,0,0,0,998,0,0,0,9,6,2,12,0,0,0,1,13,30043,6,1,0,0,3,0,62,160,98,0,0,0,0,0,0,0,0,0,38,0,0,0,1,2,99,1,1,2,1,0,0,11,15,1,1,3,82,1,0
13,130020,2,2,1,9,1,13,57,12,6,1,0,13,1,30,46,30046,4,2009,WVWNL73C69E5,W,V,W,N,L,7,3,C,6,9,E,5,0,P,VOLK,CCS,4D,9,17,3300,,0,0,,G,,T,4,121,,,000000,,,,,,0,0,000000000,00000000000,0,0,0,1,0,0,0,0,0,0,0,998,0,0,0,12,6,2,12,0,0,0,1,13,30046,6,1,5,0,3,0,71,200,98,2,0,4,1,1,2010,11,2010,0,0,0,0,0,1,4,45,1,1,2,1,0,0,1,17,1,1,1,83,0,0
13,130021,1,1,1,10,1,18,23,8,0,1,0,13,1,7,20,7020,4,2005,1B3ES56C75D1,1,B,3,E,S,5,6,C,7,5,D,1,0,P,DODG,NXT,4D,5,17,2634,,0,1040,,G,,F,4,122,,,15R185,,,,,,0,0,000000000,00000000000,0,0,0,1,0,0,0,0,0,0,0,998,0,0,0,12,4,1,8,0,0,0,1,13,30233,6,1,0,0,3,3,64,190,98,0,0,0,0,0,0,0,0,0,86,0,0,0,1,2,35,1,6,8,2,0,0,1,80,1,1,1,13,0,0
13,130022,1,1,1,11,1,23,10,1,0,1,0,13,2,12,401,12401,14,2001,1FMZU67E01UC,1,F,M,Z,U,6,7,E,0,1,U,C,0,P,FORD,EPR,UT,1,17,4117,,0,1259,,G,,F,6,245,,,15R235,,,,,,0,0,000000000,00000000000,0,0,0,1,0,0,0,0,0,0,0,998,0,2,1,0,6,2,1,0,0,0,1,13,30813,6,1,6,0,3,0,72,175,98,0,0,0,0,0,0,0,0,1,58,29,0,0,3,2,70,1,1,8,1,0,0,1,6,99,3,6,98,1,1
13,130023,1,1,1,12,1,17,0,34,0,1,0,13,1,35,472,35472,30,2008,1N6AD07U18C4,1,N,6,A,D,0,7,U,1,8,C,4,0,T,NISS,CEO,CW,8,17,,1,0,1259,FRT,G,,,6,244,,,,,4137,00,4,42,0,0,000000000,00000000000,0,0,0,1,0,0,0,0,0,0,0,998,0,1,2,11,6,2,1,32,0,0,1,13,31513,6,1,0,0,3,3,68,200,98,0,0,0,0,0,0,0,0,0,29,0,0,0,1,2,35,3,1,8,1,0,0,14,12,1,1,4,6,1,0
13,130024,1,1,1,12,1,10,4,34,0,1,0,13,2,30,40,30040,4,2001,3VWPD69M01M2,3,V,W,P,D,6,9,M,0,1,M,2,0,P,VOLK,JWE,4D,1,17,2877,,0,989,,G,,T,4,109,,,000000,,,,,,0,0,000000000,00000000000,0,0,0,1,0,0,0,0,0,0,0,998,0,1,5,8,6,2,30,0,0,0,1,13,31788,6,1,0,0,3,0,68,150,98,1,0,2,4,9,2009,8,2010,0,58,29,0,0,1,2,55,1,1,8,1,0,0,1,12,6,4,4,7,1,0
13,130025,1,2,2,13,1,18,40,12,6,1,0,13,2,14,17,14017,4,1999,1MEFM50U1XA6,1,M,E,F,M,5,0,U,1,X,A,6,0,P,MERC,SGS,4D,99,17,3299,,0,1085,,G,,F,6,182,,,15R205,,,,,,0,0,000000000,00000000000,0,0,0,1,0,0,0,0,0,0,0,998,0,0,0,3,6,2,12,0,0,0,1,13,31021,6,1,6,0,3,0,67,210,98,0,0,0,0,0,0,0,0,0,54,0,0,0,1,2,55,3,3,8,1,20,3,4,2,1,1,1,87,1,0
13,130025,2,2,2,13,1,18,40,12,6,1,0,13,2,2,404,2404,14,1998,1J4FX58S1WC1,1,J,4,F,X,5,8,S,1,W,C,1,0,T,JEEP,LRT,4W,98,17,,1,0,1059,GCK,G,,,6,242,,,,,3531,01,E,42,0,0,000000000,00000000000,0,0,0,1,0,0,0,0,0,0,0,998,0,0,0,12,6,2,12,0,0,0,1,13,31009,1,1,0,0,2,0,69,185,98,5,1,0,1,8,2009,6,2011,0,24,0,0,0,1,2,55,3,3,8,1,0,0,14,50,1,1,1,86,0,1
13,130026,1,2,1,13,1,1,22,12,6,1,1,13,5,7,402,7402,14,2000,1B4HR28Z2YF2,1,B,4,H,R,2,8,Z,2,Y,F,2,0,P,DODG,DUR,UT,0,17,4225,,0,1159,,G,,F,8,360,,,15R235,,,,,,0,0,000000000,00000000000,0,0,0,1,0,0,0,0,0,0,0,998,0,0,0,12,6,2,12,0,0,0,1,99,99999,9,9,99,0,9,9,999,999,99,99,99,99,99,99,9999,99,9999,0,39,0,0,0,1,2,30,1,2,2,1,20,3,99,19,1,1,2,86,0,0
13,130026,2,2,4,13,1,1,22,12,6,1,0,13,2,35,421,35421,15,2008,5N1BA08D48N6,5,N,1,B,A,0,8,D,4,8,N,6,0,P,NISS,ARM,UT,8,17,5373,,0,1232,,F,,F,8,342,,,18R265,,,,,,0,0,000000000,00000000000,0,0,0,1,0,0,0,0,0,0,0,998,0,1,5,3,6,2,12,0,0,0,1,13,30906,6,1,0,0,3,0,65,220,98,0,0,2,0,5,2009,10,2011,0,0,0,0,0,1,2,25,1,2,2,1,40,3,1,66,1,1,1,87,1,0
13,130027,1,1,3,15,1,0,50,35,0,1,0,13,2,37,32,37032,4,1993,1HGCB7652PA0,1,H,G,C,B,7,6,5,2,P,A,0,0,P,HOND,ALX,4D,93,17,2504,,0,1071,,G,,F,4,132,,,14R185,,,,,,0,0,000000000,00000000000,0,0,0,1,0,0,0,0,0,0,0,998,0,1,5,14,6,2,1,0,0,0,1,13,30434,6,1,0,0,3,0,66,185,98,0,0,0,0,0,0,0,0,0,29,0,0,0,1,2,55,3,1,8,1,0,0,14,13,99,3,4,2,1,1
13,130028,1,1,0,16,1,10,35,8,0,1,0,13,6,12,880,12880,67,2001,1FDAF56F41EC,1,F,D,A,F,5,6,F,4,1,E,C,1,T,FORD,F5D,CB,1,17,,5,2010,1410,DRW,D,,,8,444,,,,,6072,08,E,42,1,57,1767255,571767255,3,4,1,1,0,0,0,0,0,0,0,998,0,0,0,14,2,1,8,0,0,0,0,0,99997,7,6,97,7,6,7,998,997,998,998,998,998,998,98,9998,98,9998,8,0,0,0,0,1,2,35,1,5,8,1,0,0,0,98,0,0,0,98,0,0
13,130029,1,1,1,17,1,17,40,14,0,1,0,92,0,37,31,37031,4,2001,2HGES16561H5,2,H,G,E,S,1,6,5,6,1,H,5,0,P,HOND,UCL,4D,1,17,2515,,0,1031,,G,,F,4,102,,,14R185,,,,,,0,0,000000000,00000000000,0,0,0,1,0,0,0,0,0,0,0,998,0,0,0,12,6,2,14,0,0,0,1,13,30318,6,1,0,0,3,0,66,130,98,0,0,0,0,0,0,0,0,0,27,0,0,0,6,1,65,1,1,2,2,0,0,16,12,99,9,4,11,1,0
13,130030,1,1,1,18,1,10,51,42,0,1,0,13,2,49,40,49040,4,2000,4T1BF22K3YU9,4,T,1,B,F,2,2,K,3,Y,U,9,0,P,TOYT,XLL,4D,0,17,3175,,0,1051,,G,,F,6,183,,,15R205,,,,,,0,0,000000000,00000000000,0,0,0,1,0,0,0,0,0,0,0,998,0,1,5,3,6,2,42,0,0,0,1,13,31568,6,1,0,0,3,0,74,175,98,0,0,0,1,2,2011,2,2011,0,58,29,0,0,1,2,55,1,1,8,2,0,0,1,12,6,4,4,7,1,0
13,130031,1,1,1,18,1,10,38,42,0,1,0,13,1,12,3,12003,2,1999,1FAFP4041XF2,1,F,A,F,P,4,0,4,1,X,F,2,0,P,FORD,MUS,CP,99,17,3069,,0,1013,,G,,F,6,232,,,15R205,,,,,,0,0,000000000,00000000000,0,0,0,1,0,0,0,0,0,0,0,998,0,1,5,12,6,2,1,0,0,0,1,13,30179,6,1,6,0,3,3,69,340,98,0,0,0,2,5,2009,3,2011,0,29,0,0,0,3,3,65,1,5,8,1,0,0,1,13,99,9,4,1,1,0
13,130032,1,1,1,19,1,7,57,8,0,1,0,13,1,54,35,54035,4,1998,JH4UA3644WC0,J,H,4,U,A,3,6,4,4,W,C,0,0,P,ACUR,32T,4D,98,17,3349,,0,1118,,G,,F,6,196,,,15R205,,,,,,0,0,000000000,00000000000,0,0,0,1,0,0,0,0,0,0,0,998,0,0,0,12,4,1,8,0,0,0,1,13,31023,6,1,0,0,3,3,64,155,98,0,0,0,0,0,0,0,0,0,86,0,0,0,1,2,55,1,1,8,1,0,0,1,80,1,1,1,13,0,0
13,130033,1,1,1,20,1,10,45,35,0,1,0,13,1,12,481,12481,31,2000,1FTRF17W7YNA,1,F,T,R,F,1,7,W,7,Y,N,A,0,T,FORD,F15,PK,0,17,,2,1385,1199,COF,G,,,8,281,,,,B,3923,04,U,42,0,0,000000000,00000000000,0,0,0,1,0,0,0,0,0,0,0,998,0,0,0,12,6,2,35,0,0,0,1,13,30705,6,1,0,0,3,3,70,125,98,1,0,0,1,4,2010,6,2010,0,58,29,0,0,1,2,45,1,6,8,1,0,0,1,12,6,4,4,7,1,0
13,130034,1,1,2,21,1,22,9,1,0,1,0,13,1,20,482,20482,31,2006,3GNEC12ZX6G1,3,G,N,E,C,1,2,Z,X,6,G,1,0,T,CHEV,CAV,CW,6,17,,2,0,1300,AVL,F,,,8,323,,,,B,5413,00,,42,0,0,000000000,00000000000,0,0,0,1,0,0,0,0,0,0,0,998,0,2,1,0,6,2,1,0,0,0,1,48,78412,6,1,0,0,3,0,999,999,0,0,0,0,0,0,0,0,0,1,29,58,0,0,1,2,45,3,1,8,1,0,0,14,6,7,4,6,98,1,0
13,130035,1,3,1,1,1,14,49,12,6,1,0,13,1,49,32,49032,4,1993,1NXAE09E2PZ0,1,N,X,A,E,0,9,E,2,P,Z,0,0,P,TOYT,LED,4D,93,17,2370,,0,957,,G,,F,4,108,,,14R185,,,,,,0,0,000000000,00000000000,0,0,0,1,0,0,0,0,0,0,0,998,0,0,0,4,6,2,12,0,0,0,1,13,31331,6,1,0,0,3,0,78,210,98,0,0,0,0,0,0,0,0,0,38,0,0,0,1,2,35,1,1,8,1,98,8,11,15,99,1,2,68,1,0
13,130035,2,3,1,1,1,14,49,12,6,1,0,13,1,7,482,7482,31,1999,3B7HC13Y4XG2,3,B,7,H,C,1,3,Y,4,X,G,2,0,T,DODG,Q15,4C,99,17,,2,1547,1387,RPC,G,,,8,318,,,,B,4604,02,U,42,0,0,000000000,00000000000,0,0,0,1,0,0,0,0,0,0,0,998,0,0,0,12,6,2,12,0,0,0,1,13,31523,6,1,0,0,3,0,68,155,98,0,0,0,0,0,0,0,0,0,0,0,0,0,1,2,35,1,1,8,1,98,8,1,17,6,1,1,69,0,0
13,130035,3,3,4,1,1,14,49,12,6,1,0,13,1,12,3,12003,1,2005,1ZVFT84N2551,1,Z,V,F,T,8,4,N,2,5,5,1,0,P,FORD,MUS,CV,5,17,3476,,0,1071,,G,,F,6,244,,,16R215,,,,,,0,0,000000000,00000000000,0,0,0,1,0,0,0,0,0,0,0,0,0,0,0,12,6,2,12,0,0,0,1,13,31319,6,1,0,0,3,3,64,118,98,0,0,0,0,0,0,0,0,0,0,0,0,0,1,2,35,1,1,8,1,20,3,5,62,1,1,1,98,0,0
13,130036,1,2,1,6,1,21,40,12,6,1,0,13,1,76,709,76709,80,2009,JYARJ16E39A0,J,Y,A,R,J,1,6,E,3,9,A,0,0,M,YAMA,R6L,RC,9,17,,,,,,,599,,4,,4,414,,,,,,,0,0,000000000,00000000000,0,0,0,1,0,0,0,0,0,0,0,998,0,0,0,12,6,2,12,0,0,0,1,12,32566,6,1,0,0,3,0,70,999,0,0,0,1,0,8,2009,8,2009,1,39,0,0,0,1,6,35,1,1,2,1,3,3,1,62,3,2,1,69,1,1
13,130036,2,2,2,6,1,21,40,12,6,1,0,13,2,20,403,20403,14,2003,1GNES16S0361,1,G,N,E,S,1,6,S,0,3,6,1,0,P,CHEV,TRL,UT,3,17,4836,,0,1290,,G,,F,6,256,,,17R245,,,,,,0,0,000000000,00000000000,0,0,0,1,0,0,0,0,0,0,0,998,0,0,0,3,4,3,12,0,0,0,1,13,31906,6,1,0,0,3,0,77,245,98,0,0,0,0,0,0,0,0,0,0,0,0,0,1,6,35,1,1,2,1,3,3,11,15,1,1,2,68,0,0
13,130037,1,1,2,7,1,23,10,8,0,1,0,13,2,22,16,22016,2,2002,1G2JB1240273,1,G,2,J,B,1,2,4,0,2,7,3,0,P,PONT,SFS,CP,2,17,2606,,0,1041,,G,,F,4,133,,,14R195,,,,,,0,0,000000000,00000000000,0,0,0,1,0,0,0,0,0,0,0,998,0,0,0,12,2,1,8,0,0,0,1,13,30168,1,1,0,0,2,3,63,160,98,7,0,0,4,5,2009,11,2011,0,86,0,0,0,2,3,55,1,1,2,1,0,0,1,80,1,1,1,13,0,0
13,130038,1,1,1,12,1,9,7,59,0,1,0,13,1,20,481,20481,31,2000,1GCEC14T1YE2,1,G,C,E,C,1,4,T,1,Y,E,2,0,T,CHEV,SC1,PK,0,17,,2,1330,1190,SIL,G,,,8,325,,,,B,3923,02,,42,0,0,000000000,00000000000,0,0,0,1,0,0,0,0,0,0,0,998,0,0,0,12,6,2,43,0,0,0,1,13,31206,6,1,0,0,3,0,70,180,98,0,0,0,0,0,0,0,0,0,29,0,0,0,1,2,50,3,5,8,1,0,0,14,13,1,1,4,1,1,0
13,130039,1,1,1,13,1,13,47,42,0,1,0,13,1,12,401,12401,14,1997,1FMDU35P8VUB,1,F,M,D,U,3,5,P,8,V,U,B,0,P,FORD,EPR,UT,97,17,4166,,0,1115,,G,,F,8,302,,,15R225,,,,,,0,0,000000000,00000000000,0,0,0,1,0,0,0,0,0,0,0,998,0,0,0,12,6,2,42,32,0,0,1,13,30273,6,1,0,0,3,0,67,260,98,0,0,1,3,8,2010,1,2012,0,29,0,0,0,1,2,25,2,2,2,1,0,0,14,12,1,1,4,6,1,0
13,130040,1,1,1,20,1,17,56,42,0,1,0,13,1,2,403,2403,14,2007,1J4FA24107L1,1,J,4,F,A,2,4,1,0,7,L,1,0,T,JEEP,WXR,2W,7,17,,1,0,954,WRA,G,,,6,230,,,,,3760,00,4,44,0,0,000000000,00000000000,0,0,0,1,0,0,0,0,0,0,0,998,0,1,6,12,6,2,42,0,0,0,1,13,30643,6,1,0,0,3,0,69,180,98,0,0,0,0,0,0,0,0,0,29,0,0,0,1,2,55,2,1,8,2,98,8,14,12,99,9,4,6,1,1
13,130041,1,1,2,23,1,15,16,59,0,1,0,13,1,23,421,23421,15,2007,2GTEK13V3711,2,G,T,E,K,1,3,V,3,7,1,1,0,T,GMC,NK1,CW,7,17,,2,0,1435,SIE,G,,,8,293,,,,B,5284,00,4,44,0,0,000000000,00000000000,0,0,0,1,0,0,0,0,0,0,0,998,0,1,5,11,6,2,1,32,0,0,1,13,31537,6,1,6,0,3,0,72,170,98,0,0,0,1,12,2009,12,2009,0,58,29,0,0,3,2,55,1,1,8,1,0,0,1,12,99,1,4,6,1,0
13,130042,1,1,1,1,1,18,1,8,0,1,0,13,1,12,401,12401,14,2000,1FMYU60X1YUA,1,F,M,Y,U,6,0,X,1,Y,U,A,0,P,FORD,EPR,UT,0,17,3670,,0,1017,,G,,F,6,245,,,15R235,,,,,,0,0,000000000,00000000000,0,0,0,1,0,0,0,0,0,0,0,998,0,0,0,10,4,9,8,0,0,0,1,13,30034,6,1,0,0,3,3,67,155,98,0,0,0,0,0,0,0,0,0,86,0,0,0,5,4,45,1,1,2,1,0,0,1,80,1,1,1,13,0,0
13,130043,1,1,3,1,1,20,51,8,0,1,0,13,2,20,461,20461,21,1996,1GBFG15R7T10,1,G,B,F,G,1,5,R,7,T,1,0,0,T,CHEV,SV1,CG,96,17,,2,0,1350,S/V,G,,,8,350,,,,B,00000,00,,42,0,0,000000000,00000000000,0,0,0,1,0,0,0,0,0,0,0,998,0,0,0,12,2,3,8,0,0,0,1,13,30318,6,1,0,0,3,0,70,180,98,1,0,0,0,8,2009,8,2009,0,86,0,0,0,1,2,25,1,1,2,1,0,0,1,80,1,1,1,13,0,0