STATE,ST_CASE,VEH_NO,VE_FORMS,NUMOCCS,DAY,MONTH,HOUR,MINUTE,HARM_EV,MAN_COLL,UNITTYPE,HIT_RUN,REG_STAT,OWNER,MAKE,MODEL,MAK_MOD,BODY_TYP,MOD_YEAR,VIN,VIN_1,VIN_2,VIN_3,VIN_4,VIN_5,VIN_6,VIN_7,VIN_8,VIN_9,VIN_10,VIN_11,VIN_12,TOW_VEH,VINTYPE,VINMAKE,VINA_MOD,VIN_BT,VINMODYR,VIN_LNGT,VIN_WGT,WGTCD_TR,WHLBS_LG,WHLBS_SH,SER_TR,FUELCODE,MCYCL_DS,CARBUR,CYLINDER,DISPLACE,MCYCL_CY,MCYCL_WT,TIRE_SZE,TON_RAT,TRK_WT,TRKWTVAR,VIN_REST,WHLDRWHL,J_KNIFE,MCARR_I1,MCARR_I2,MCARR_ID,GVWR,V_CONFIG,CARGO_BT,HAZ_INV,HAZ_PLAC,HAZ_ID,HAZ_CNO,HAZ_REL,BUS_USE,SPEC_USE,EMER_USE,TRAV_SP,UNDERIDE,ROLLOVER,ROLINLOC,IMPACT1,DEFORMED,TOWED,M_HARM,VEH_SC1,VEH_SC2,FIRE_EXP,DR_PRES,L_STATE,DR_ZIP,L_STATUS,L_TYPE,CDL_STAT,L_ENDORS,L_COMPL,L_RESTRI,DR_HGT,DR_WGT,PREV_ACC,PREV_SUS,PREV_DWI,PREV_SPD,PREV_OTH,FIRST_MO,FIRST_YR,LAST_MO,LAST_YR,SPEEDREL,DR_SF1,DR_SF2,DR_SF3,DR_SF4,VTRAFWAY,VNUM_LAN,VSPD_LIM,VALIGN,VPROFILE,VPAVETYP,VSURCOND,VTRAFCON,VTCONT_F,P_CRASH1,P_CRASH2,P_CRASH3,PCRASH4,PCRASH5,ACC_TYPE,DEATHS,DR_DRINK
13,130108,2,2,2,10,2,17,11,12,2,1,0,13,2,20,481,20481,31,2003,2GCEK19T8312,2,G,C,E,K,1,9,T,8,3,1,2,0,T,CHEV,SK1,4C,3,17,,2,1575,1435,SIL,G,,,8,325,,,,B,4910,02,,44,0,0,000000000,00000000000,0,0,0,1,0,0,0,0,0,0,0,998,0,1,1,12,6,2,12,0,0,0,1,13,30512,6,1,0,0,3,3,71,145,98,0,0,0,0,0,0,0,0,0,0,0,0,0,1,2,55,1,6,8,1,0,0,1,62,99,1,1,51,0,0
13,130109,1,1,2,11,2,9,7,1,0,1,0,99,9,35,401,35401,14,2000,JN8AR07Y2YW3,J,N,8,A,R,0,7,Y,2,Y,W,3,0,P,NISS,PFI,UT,0,17,3977,,0,1063,,G,,F,6,201,,,16R255,,,,,,0,0,000000000,00000000000,0,0,0,1,0,0,0,0,0,0,0,998,0,2,1,0,6,2,1,0,0,0,1,13,30467,6,1,0,0,3,0,66,138,98,0,0,0,0,0,0,0,0,0,58,29,0,0,1,2,55,3,1,8,1,0,0,14,13,7,3,6,98,1,0
13,130110,1,1,1,14,2,4,36,8,0,1,0,47,3,82,881,82881,66,2004,1FUJA6CK14LN,1,F,U,J,A,6,C,K,1,4,L,N,1,T,FRHT,COL,TR,4,17,,8,0,0,CON,D,,,6,858,,,,,00000,00,,64,1,57,118850,57118850,3,6,97,1,0,0,0,0,0,0,0,998,0,0,0,12,2,9,8,0,0,0,1,47,38340,6,1,6,0,3,3,999,999,0,0,0,0,0,0,0,0,0,0,86,0,0,0,6,2,55,2,2,2,2,0,0,14,80,1,1,1,13,0,0
13,130111,1,1,1,14,2,23,14,43,0,1,0,13,1,20,481,20481,31,1989,1GCDK14K3KZ2,1,G,C,D,K,1,4,K,3,K,Z,2,0,T,CHEV,GK1,PK,89,17,,1,1315,1175,GM4,G,,,8,350,,,,B,4553,06,,44,0,0,000000000,00000000000,0,0,0,1,0,0,0,0,0,0,0,998,0,0,0,11,6,2,43,0,0,0,1,13,31036,6,1,6,0,3,0,73,215,98,0,0,1,0,6,2011,6,2011,0,29,0,0,0,1,2,45,1,3,2,2,0,0,1,13,9,3,4,2,1,1
13,130112,1,2,2,14,2,21,57,12,2,1,0,13,1,49,471,49471,30,1986,JT4RN50RXG01,J,T,4,R,N,5,0,R,X,G,0,1,0,T,TOYT,RN5,PK,86,17,,1,0,1029,HTP,G,,,4,144,,,,B,2657,01,A,42,0,0,000000000,00000000000,0,0,0,1,0,0,0,0,0,0,0,998,0,0,0,12,6,2,12,0,0,0,1,12,33109,6,1,0,0,3,3,70,999,0,0,0,1,0,10,2009,10,2009,0,28,38,0,0,5,4,45,1,1,2,2,0,0,11,15,1,1,2,84,1,0
13,130112,2,2,1,14,2,21,57,12,2,1,0,13,2,20,481,20481,31,2002,1GCHK23G92F1,1,G,C,H,K,2,3,G,9,2,F,1,0,T,CHEV,2KH,CW,2,17,,2,1670,1530,SIL,G,,,8,496,,,,C,5753,00,,44,0,0,000000000,00000000000,0,0,0,1,0,0,0,0,0,0,0,998,0,0,0,12,6,2,12,0,0,0,1,13,31309,6,1,0,0,3,0,66,206,98,0,0,0,0,0,0,0,0,0,0,0,0,0,5,4,45,1,1,2,2,0,0,1,62,3,2,1,84,0,0
13,130113,1,1,1,15,2,15,47,42,0,1,0,13,1,2,404,2404,14,1997,1J4FX58S8VC5,1,J,4,F,X,5,8,S,8,V,C,5,0,T,JEEP,LRT,4W,97,17,,1,0,1059,GCK,G,,,6,242,,,,,3513,02,E,42,0,0,000000000,00000000000,0,0,0,1,0,0,0,0,0,0,0,998,0,0,0,12,6,2,42,0,0,0,1,13,30178,1,1,0,0,2,0,66,180,98,1,0,0,0,11,2011,11,2011,0,29,0,0,0,1,2,45,1,1,8,1,0,0,1,12,99,9,4,6,1,0
13,130114,1,1,1,15,2,13,2,1,0,1,0,13,2,23,471,23471,30,2000,1GKDT13W5Y22,1,G,K,D,T,1,3,W,5,Y,2,2,0,T,GMC,J/E,4W,0,17,,1,0,1070,J/E,G,,,6,262,,,,B,4049,01,E,44,0,0,000000000,00000000000,0,0,0,1,0,0,0,0,0,0,0,998,0,2,1,0,6,2,1,0,0,0,1,13,31537,6,1,6,0,3,0,68,210,98,0,0,0,1,3,2011,3,2011,0,58,29,0,0,1,2,55,3,1,8,1,0,0,14,13,6,4,6,98,1,0
13,130115,1,5,4,15,2,9,30,12,1,1,1,92,0,23,421,23421,15,2007,1GKFC13047R2,1,G,K,F,C,1,3,0,4,7,R,2,0,T,GMC,YUK,4W,7,17,,2,0,1160,YUK,F,,,8,323,,,,B,5443,00,4,42,0,0,000000000,00000000000,0,0,0,1,0,0,0,0,0,0,0,998,0,1,1,12,6,2,12,0,0,0,1,99,99999,9,9,99,9,9,9,999,999,99,99,99,99,99,99,9999,99,9999,1,38,26,0,0,5,4,45,1,1,2,1,3,3,1,50,1,1,2,20,0,0
13,130115,2,5,1,15,2,9,30,12,1,1,0,13,1,49,472,49472,30,2008,5TETX22N98Z5,5,T,E,T,X,2,2,N,9,8,Z,5,0,T,TOYT,ACC,PC,8,17,,1,0,1272,TAC,G,,,4,164,,,,B,3490,00,U,42,0,0,000000000,00000000000,0,0,0,1,0,0,0,0,0,0,0,0,0,0,0,6,6,2,12,0,0,0,1,13,30084,6,1,0,0,3,3,63,136,98,0,0,1,0,1,2010,1,2010,0,0,0,0,0,5,4,45,1,1,2,1,3,3,5,53,1,1,1,21,1,0
13,130115,3,5,1,15,2,9,30,12,1,1,0,92,0,22,18,22018,4,2003,1G2NV52E63C2,1,G,2,N,V,5,2,E,6,3,C,2,0,P,PONT,GT1,4D,3,17,3116,,0,1070,,G,,F,6,207,,,16R225,,,,,,0,0,000000000,00000000000,0,0,0,1,0,0,0,0,0,0,0,0,0,0,0,6,6,2,12,0,0,0,1,13,30084,6,1,0,0,3,3,74,180,98,0,0,0,1,12,2011,12,2011,0,0,0,0,0,5,4,45,1,1,2,1,3,3,5,53,1,1,1,98,0,0
13,130115,4,5,1,15,2,9,30,12,1,1,0,13,3,59,403,59403,14,2004,JTJGA31U6400,J,T,J,G,A,3,1,U,6,4,0,0,0,P,LEXS,R33,UT,4,17,3860,,0,1069,,G,,F,6,202,,,17R225,,,,,,0,0,000000000,00000000000,0,0,0,1,0,0,0,0,0,0,0,0,0,0,0,12,6,2,12,0,0,0,1,13,30078,6,1,0,0,3,0,73,235,98,0,0,0,0,0,0,0,0,0,0,0,0,0,5,4,45,1,1,2,1,3,3,5,62,1,1,1,98,0,0
13,130115,5,5,1,15,2,9,30,12,1,1,0,13,3,84,881,84881,62,2007,1HTMMAAL37H3,1,H,T,M,M,A,A,L,3,7,H,3,0,T,INTL,430,CC,7,17,,6,0,0,40S,D,,,6,466,,,,,00000,00,,42,0,88,888888888,88888888888,2,1,1,1,0,0,0,0,0,0,0,0,0,0,0,9,2,1,12,0,0,0,1,13,30092,6,1,6,0,3,3,70,150,98,0,0,0,0,0,0,0,0,0,0,0,0,0,5,4,45,1,1,2,1,3,3,5,62,1,1,1,98,0,0
13,130116,1,1,1,16,2,13,26,32,0,1,0,13,2,12,473,12473,30,2001,1FMZU67E51UC,1,F,M,Z,U,6,7,E,5,1,U,C,0,P,FORD,EPR,UT,1,17,4117,,0,1259,,G,,F,6,245,,,15R235,,,,,,0,0,000000000,00000000000,0,0,0,1,0,0,0,0,0,0,0,998,0,1,5,14,6,2,1,0,0,0,1,13,30415,6,1,0,0,3,0,69,150,98,0,0,0,0,0,0,0,0,0,29,0,0,0,1,2,55,3,6,8,1,0,0,14,13,1,1,4,1,1,0
13,130117,1,1,1,16,2,16,45,42,0,1,0,45,2,7,24,7024,4,2010,2B3CA3CV4AH1,2,B,3,C,A,3,C,V,4,A,H,1,0,P,DODG,CHS,4D,10,17,3820,,0,1200,,G,,F,6,214,,,17R215,,,,,,0,0,000000000,00000000000,0,0,0,1,0,0,0,0,0,0,0,998,0,1,5,9,6,2,42,0,0,0,1,45,29169,1,1,5,0,2,0,73,140,0,0,0,0,0,0,0,0,0,0,29,0,0,0,1,2,35,2,1,8,2,0,0,14,12,7,3,4,7,1,0
13,130118,1,2,1,16,2,19,48,12,6,1,0,92,0,35,47,35047,4,1996,1N4BU31D6TC1,1,N,4,B,U,3,1,D,6,T,C,1,0,P,NISS,AGS,4D,96,17,2756,,0,1031,,G,,F,4,146,,,15R205,,,,,,0,0,000000000,00000000000,0,0,0,1,0,0,0,0,0,0,0,998,0,0,0,9,6,2,12,0,0,0,1,13,30078,6,1,6,0,3,0,66,165,98,1,0,0,3,12,2009,2,2011,0,38,0,0,0,1,2,55,1,1,8,1,20,3,11,15,1,1,2,82,1,0
13,130118,2,2,1,16,2,19,48,12,6,1,0,18,3,82,881,82881,66,2010,1FUJGLDR6ASA,1,F,U,J,G,L,D,R,6,A,S,A,1,T,FRHT,125,TR,10,17,,8,0,0,CSC,D,,,6,903,,,,,00000,00,,64,1,57,74432,5774432,3,6,1,1,0,0,0,0,0,0,0,998,0,0,0,12,6,2,12,0,0,0,1,13,30135,6,1,6,0,3,0,72,180,98,0,0,0,0,0,0,0,0,0,0,0,0,0,1,2,55,1,3,8,1,98,8,1,17,3,2,1,83,0,0
13,130119,1,1,1,17,2,2,30,11,0,1,0,0,0,73,734,73734,90,2005,JKASV6A165B5,J,K,A,S,V,6,A,1,6,5,B,5,0,M,KAWK,KSV,AT,5,17,,,,,,,700,,1,,4,516,,,,,,,0,0,000000000,00000000000,0,0,0,1,0,0,0,0,0,0,0,998,0,1,1,12,6,2,1,0,0,0,1,13,30268,6,1,0,0,1,0,77,218,98,2,0,2,0,4,2009,2,2010,0,58,83,0,0,1,2,45,1,1,8,1,0,0,1,88,1,1,1,13,1,0
13,130120,1,1,1,17,2,5,0,42,0,1,0,13,2,22,18,22018,2,1995,1G2NE15M9SM6,1,G,2,N,E,1,5,M,9,S,M,6,0,P,PONT,GAS,CP,95,17,2881,,0,1034,,G,,F,6,191,,,14R195,,,,,,0,0,000000000,00000000000,0,0,0,1,0,0,0,0,0,0,0,998,0,1,5,12,6,2,42,0,0,0,1,13,31313,1,1,0,0,2,0,65,145,98,1,0,0,0,1,2010,1,2010,0,29,0,0,0,1,2,45,2,1,8,1,0,0,14,12,7,3,4,7,1,0
13,130121,1,1,1,17,2,12,55,42,0,1,0,92,0,23,441,23441,20,1995,1GKDM19W0SB5,1,G,K,D,M,1,9,W,0,S,B,5,0,T,GMC,SXT,ES,95,17,,1,0,1110,SAF,G,,,6,262,,,,B,00000,00,M,42,0,0,000000000,00000000000,0,0,0,1,0,0,0,0,0,0,0,998,0,1,5,12,6,2,42,0,0,0,1,13,30814,2,1,0,0,2,0,73,245,98,1,0,0,0,3,2011,3,2011,0,58,29,0,0,1,2,55,3,5,8,1,98,8,14,13,6,4,4,7,1,1
13,130122,1,2,2,14,1,15,45,12,6,1,0,13,3,84,881,84881,62,2003,1HTMMAAM33H5,1,H,T,M,M,A,A,M,3,3,H,5,0,T,INTL,430,CC,3,17,,6,0,0,40S,D,,,6,466,,,,,00000,00,,42,0,57,1516011,571516011,2,1,1,1,0,0,0,0,0,0,0,998,0,0,0,12,6,2,12,0,0,0,1,13,30083,6,1,0,0,3,0,76,450,98,0,0,0,4,7,2010,10,2011,0,28,0,0,0,1,3,55,1,1,8,1,0,0,1,10,99,9,2,64,0,0
13,130122,2,2,1,14,1,15,45,12,6,1,0,13,1,12,471,12471,30,1994,1FTCR14X6RTA,1,F,T,C,R,1,4,X,6,R,T,A,0,T,FORD,RNS,PC,94,17,,1,0,1250,RNG,G,,,6,245,,,,B,3208,00,A,42,0,0,000000000,00000000000,0,0,0,1,0,0,0,0,0,0,0,998,0,0,0,10,6,2,12,0,0,0,1,13,31816,6,1,0,0,3,0,72,230,98,0,0,0,1,3,2011,3,2011,0,0,0,0,0,1,3,55,1,1,8,1,0,0,1,62,99,9,3,65,1,0
13,130123,1,2,1,5,2,14,9,12,6,1,0,13,2,12,473,12473,30,2001,1FMZU67E81UC,1,F,M,Z,U,6,7,E,8,1,U,C,0,P,FORD,EPR,UT,1,17,4117,,0,1259,,G,,F,6,245,,,15R235,,,,,,0,0,000000000,00000000000,0,0,0,1,0,0,0,0,0,0,0,998,0,1,1,9,6,2,12,32,0,0,1,13,30824,6,1,0,0,3,3,64,155,98,0,0,0,0,0,0,0,0,0,39,0,0,0,1,2,55,1,1,8,1,20,3,1,17,1,1,1,89,1,0
13,130123,2,2,2,5,2,14,9,12,6,1,0,13,1,7,43,7043,4,2004,1B3EL46X14N2,1,B,3,E,L,4,6,X,1,4,N,2,0,P,DODG,SRX,4D,4,17,3094,,0,1080,,G,,F,4,146,,,16R205,,,,,,0,0,000000000,00000000000,0,0,0,1,0,0,0,0,0,0,0,998,0,0,0,12,6,2,12,0,0,0,1,13,30817,6,1,0,0,3,0,67,172,98,0,0,0,0,0,0,0,0,0,0,0,0,0,1,2,55,1,6,8,1,0,0,1,66,1,1,1,88,0,0
13,130124,1,2,2,17,1,20,25,12,6,1,0,13,1,37,421,37421,15,2004,2HKYF18484H5,2,H,K,Y,F,1,8,4,8,4,H,5,0,P,HOND,PIL,UT,4,17,4400,,0,1063,,G,,F,6,212,,,16R235,,,,,,0,0,000000000,00000000000,0,0,0,1,0,0,0,0,0,0,0,998,0,0,0,9,6,2,12,0,0,0,1,13,30134,6,1,0,0,3,0,62,179,98,0,0,0,0,0,0,0,0,0,38,12,0,0,2,2,45,1,1,1,2,0,0,4,53,1,1,1,89,1,0
13,130124,2,2,1,17,1,20,25,12,6,1,0,13,1,53,34,53034,4,2008,KL5JD56Z78K9,K,L,5,J,D,5,6,Z,7,8,K,9,0,P,SUZI,FCP,4D,8,17,2756,,0,1024,,G,,F,4,122,,,15R195,,,,,,0,0,000000000,00000000000,0,0,0,1,0,0,0,0,0,0,0,998,0,0,0,12,6,2,12,0,0,0,1,13,30087,6,1,0,0,3,0,65,150,98,0,0,0,0,0,0,0,0,0,0,0,0,0,2,2,45,1,1,1,2,0,0,1,71,1,1,1,88,0,0
13,130125,1,1,1,6,2,3,16,24,0,1,0,13,2,12,3,12003,2,2006,1ZVHT82H8651,1,Z,V,H,T,8,2,H,8,6,5,1,0,P,FORD,MGT,CP,6,17,3483,,0,1071,,G,,F,8,281,,,17R235,,,,,,0,0,000000000,00000000000,0,0,0,1,0,0,0,0,0,0,0,998,0,0,0,11,6,2,24,0,0,0,1,13,31211,6,1,0,0,3,0,71,168,98,1,0,1,0,6,2009,3,2010,1,29,0,0,0,3,3,55,1,2,1,2,0,0,15,13,1,1,4,1,1,1
13,130126,1,1,1,18,2,20,23,1,0,1,1,13,1,72,706,72706,80,2003,1HD1BXB113Y0,1,H,D,1,B,X,B,1,1,3,Y,0,0,M,HD,ISF,RS,3,17,,,,,,,1450,,2,,4,666,,,,,,,0,0,000000000,00000000000,0,0,0,1,0,0,0,0,0,0,0,998,0,0,0,0,6,2,42,0,0,0,1,13,30530,6,1,6,0,3,1,71,200,98,0,0,0,0,0,0,0,0,0,0,0,0,0,1,2,55,2,6,2,2,0,0,14,12,1,1,4,6,1,1
13,130127,1,1,4,18,2,1,5,32,0,1,0,13,2,12,18,12018,3,1994,1ZVLT22B4R51,1,Z,V,L,T,2,2,B,4,R,5,1,0,P,FORD,PGT,2H,94,17,2921,,0,1028,,G,,F,6,152,,,16R225,,,,,,0,0,000000000,00000000000,0,0,0,1,0,0,0,0,0,0,0,998,0,1,6,2,6,2,1,0,0,0,1,13,30179,6,1,0,0,3,0,69,160,98,4,0,2,2,10,2009,7,2011,1,33,36,0,0,1,2,55,1,1,2,1,0,0,6,12,1,1,4,6,1,1
13,130128,1,1,3,18,2,2,28,33,0,1,0,13,2,19,3,19003,4,1996,1G6KD52Y8TU2,1,G,6,K,D,5,2,Y,8,T,U,2,0,P,CADI,DFW,4D,96,17,3758,,0,1138,,G,,F,8,279,,,15R225,,,,,,0,0,000000000,00000000000,0,0,0,1,0,0,0,0,0,0,0,998,0,0,0,99,6,2,39,0,0,0,1,13,30088,0,0,0,0,0,0,74,160,98,1,0,0,0,12,2011,12,2011,1,37,0,0,0,6,2,45,1,1,2,1,3,3,1,13,1,1,4,1,2,0
13,130129,1,2,2,18,2,23,38,12,6,1,0,13,2,22,8,22008,2,2005,6G2VX12U55L4,6,G,2,V,X,1,2,U,5,5,L,4,0,P,PONT,GTO,CP,5,17,3725,,0,1098,,G,,F,8,366,,,17R245,,,,,,0,0,000000000,00000000000,0,0,0,1,0,0,0,0,0,0,0,998,0,0,0,3,6,2,12,0,0,0,1,13,30344,6,1,0,0,3,3,67,150,98,0,0,1,0,1,2012,1,2012,0,91,0,0,0,1,4,35,1,1,2,2,0,0,1,10,1,1,2,66,1,1
13,130129,2,2,1,18,2,23,38,12,6,1,0,13,2,7,21,7021,6,2006,2D8GV77336H2,2,D,8,G,V,7,7,3,3,6,H,2,0,P,DODG,MGN,UT,6,17,4253,,0,1200,,G,,F,8,372,,,20R245,,,,,,0,0,000000000,00000000000,0,0,0,1,0,0,0,0,0,0,0,998,0,0,0,12,6,2,12,0,0,0,1,13,30312,6,1,0,0,3,0,71,178,98,0,0,0,0,0,0,0,0,0,0,0,0,0,1,4,35,1,1,2,2,0,0,1,62,1,1,1,66,0,0
13,130130,1,1,2,18,2,19,9,32,0,1,0,13,2,49,441,49441,20,1987,JT4YR28V1H50,J,T,4,Y,R,2,8,V,1,H,5,0,0,P,TOYT,VWG,SV,87,17,2710,,0,880,,G,,F,4,122,,,000000,,,,,,0,0,000000000,00000000000,0,0,0,1,0,0,0,0,0,0,0,998,0,1,6,12,6,2,32,0,0,0,1,13,30516,6,1,0,0,3,3,73,180,98,0,0,0,0,0,0,0,0,0,0,0,0,0,1,3,55,3,1,2,1,28,3,14,13,1,1,4,1,1,0
13,130131,1,1,1,19,2,2,55,8,0,1,1,92,0,22,20,22020,4,2004,2G2WP5226413,2,G,2,W,P,5,2,2,6,4,1,3,0,P,PONT,GPG,4D,4,17,3477,,0,1105,,G,,F,6,231,,,16R225,,,,,,0,0,000000000,00000000000,0,0,0,1,0,0,0,0,0,0,0,998,0,0,0,12,4,1,8,0,0,0,1,13,30354,6,1,0,0,3,0,67,138,98,0,0,0,0,0,0,0,0,0,91,0,0,0,2,4,55,1,3,2,2,0,0,1,80,1,1,1,13,0,0
13,130132,1,1,2,19,2,3,1,35,0,1,0,13,1,30,46,30046,4,2004,WVWPD63B64E2,W,V,W,P,D,6,3,B,6,4,E,2,0,P,VOLK,PWS,4D,4,17,3155,,0,1064,,G,,T,4,109,,,15R195,,,,,,0,0,000000000,00000000000,0,0,0,1,0,0,0,0,0,0,0,998,0,0,0,12,6,2,35,0,0,0,1,13,30252,6,1,0,0,3,3,68,165,98,1,0,1,0,11,2009,11,2009,1,0,0,0,0,1,2,45,2,2,2,2,0,0,14,6,1,1,4,6,1,1
13,130133,1,1,1,19,2,19,43,8,0,1,0,13,2,37,32,37032,2,1996,1HGCD7234TA0,1,H,G,C,D,7,2,3,4,T,A,0,0,P,HOND,ULX,CP,96,17,2820,,0,1069,,G,,F,4,132,,,15R185,,,,,,0,0,000000000,00000000000,0,0,0,1,0,0,0,0,0,0,0,998,0,0,0,12,4,1,8,0,0,0,1,13,30815,6,1,0,0,3,0,61,140,98,0,0,0,0,0,0,0,0,0,0,0,0,0,1,4,55,1,1,2,2,0,0,1,80,1,1,1,13,0,0
13,130134,1,3,1,20,2,1,44,8,0,1,1,99,9,99,999,99999,99,9999,999999999999,9,9,9,9,9,9,9,9,9,9,9,9,0,,,,,,,,,,,,,,,,,,,,,,,,,0,0,000000000,00000000000,0,0,0,1,0,0,0,0,99,99,9,999,0,0,0,12,9,1,8,0,0,0,1,99,99999,9,9,99,9,9,9,999,999,99,99,99,99,99,99,9999,99,9999,9,99,99,99,99,1,4,55,1,1,2,1,0,0,1,80,1,9,9,13,0,0
13,130134,2,3,1,20,2,1,44,8,0,1,0,45,3,87,881,87881,66,2007,1XP5DB9X57D6,1,X,P,5,D,B,9,X,5,7,D,6,1,T,PTRB,379,TR,7,17,,8,0,0,CON,D,,,6,893,,,,,00000,00,,64,1,57,0391855,570391855,3,6,1,1,0,0,0,0,0,0,0,998,0,0,0,12,2,1,8,0,0,0,1,45,29483,6,1,6,0,3,0,68,118,0,0,0,0,0,0,0,0,0,0,0,0,0,0,1,4,55,1,1,2,1,0,0,1,80,1,1,1,98,0,0
13,130134,3,3,1,20,2,1,44,8,0,1,0,13,2,7,482,7482,31,2005,1D7HA18N45J5,1,D,7,H,A,1,8,N,4,5,J,5,0,T,DODG,SQ1,CW,5,17,,2,1605,1405,RPC,G,,,8,287,,,,B,4620,03,E,42,0,0,000000000,00000000000,0,0,0,1,0,0,0,0,0,0,0,998,0,0,0,12,2,1,8,0,0,0,1,13,30344,6,1,0,0,3,0,72,245,98,1,0,1,0,5,2010,6,2010,0,0,0,0,0,1,4,55,1,1,2,1,0,0,1,80,1,1,1,98,0,0
13,130135,1,2,1,20,2,12,49,12,6,1,0,13,1,35,47,35047,4,1993,1N4BU31F8PC2,1,N,4,B,U,3,1,F,8,P,C,2,0,P,NISS,AGS,4D,93,17,2729,,0,1031,,G,,F,4,146,,,15R205,,,,,,0,0,000000000,00000000000,0,0,0,1,0,0,0,0,0,0,0,998,0,0,0,12,6,2,12,0,0,0,1,13,30504,6,1,0,0,3,0,65,150,98,0,0,0,2,10,2009,2,2011,0,39,0,0,0,1,4,45,1,1,2,2,3,3,1,17,1,1,1,88,0,1
13,130135,2,2,4,20,2,12,49,12,6,1,0,13,2,20,441,20441,20,1996,1GNDM19W1TB1,1,G,N,D,M,1,9,W,1,T,B,1,0,T,CHEV,AST,ES,96,17,,1,0,1110,AST,G,,,6,262,,,,B,3998,00,,42,0,0,000000000,00000000000,0,0,0,1,0,0,0,0,0,0,0,998,0,0,0,7,6,2,12,0,0,0,1,13,30501,4,1,0,0,2,0,64,210,98,0,0,0,0,0,0,0,0,0,0,0,0,0,1,4,45,1,1,2,1,3,3,1,66,1,1,1,89,1,0
13,130136,1,2,1,20,2,11,0,12,1,1,0,13,1,20,401,20401,14,1999,1GNCS18W7XK1,1,G,N,C,S,1,8,W,7,X,K,1,0,P,CHEV,BZR,UT,99,17,3536,,0,1005,,G,,F,6,262,,,15R205,,,,,,0,0,000000000,00000000000,0,0,0,1,0,0,0,0,0,0,0,998,0,1,6,12,6,2,42,32,0,0,1,13,31040,6,1,0,0,3,1,73,235,98,0,0,0,0,0,0,0,0,0,26,0,0,0,1,2,55,1,6,2,1,0,0,1,51,1,1,1,24,1,0
13,130136,2,2,4,20,2,11,0,12,1,1,0,13,2,35,39,35039,4,2007,1N4BA41E87C8,1,N,4,B,A,4,1,E,8,7,C,8,0,P,NISS,MEL,4D,7,17,3474,,0,1112,,G,,F,6,,,,18R245,,,,,,0,0,000000000,00000000000,0,0,0,1,0,0,0,0,0,0,0,998,0,0,0,6,6,2,42,0,0,0,1,13,31021,6,1,0,0,3,1,62,115,98,0,0,1,0,12,2011,12,2011,0,0,0,0,0,1,2,55,1,6,2,1,0,0,1,53,1,1,1,25,0,0
13,130137,1,2,2,21,2,0,40,12,6,1,0,13,2,59,35,59035,4,2007,JTHBE2620720,J,T,H,B,E,2,6,2,0,7,2,0,0,P,LEXS,I35,4D,7,17,3527,,0,1074,,G,,F,6,214,,,17R225,,,,,,0,0,000000000,00000000000,0,0,0,1,0,0,0,0,0,0,0,998,0,0,0,12,6,2,12,0,0,1,1,13,30507,1,1,0,0,2,0,70,207,98,1,0,0,0,8,2011,8,2011,1,26,0,0,0,1,2,30,1,1,2,1,0,0,6,60,1,1,2,71,2,0
13,130137,2,2,1,21,2,0,40,12,6,1,0,39,3,84,881,84881,63,2004,2HSCNAPR74C0,2,H,S,C,N,A,P,R,7,4,C,0,1,T,INTL,94I,TR,4,17,,8,0,0,940,D,,,6,915,,,,,00000,00,,64,1,57,071614,57071614,3,4,1,1,0,0,0,0,0,0,0,998,0,0,0,3,6,2,12,0,0,1,1,39,43535,6,1,6,0,3,3,70,280,0,1,0,3,5,3,2009,11,2011,0,47,0,0,0,1,2,30,1,1,2,1,0,0,10,16,1,1,1,70,0,0
13,130138,1,1,1,22,2,21,55,8,0,1,0,92,0,23,481,23481,31,2007,2GTEC13VX711,2,G,T,E,C,1,3,V,X,7,1,1,0,T,GMC,NC1,CW,7,17,,2,0,1435,SIE,G,,,8,293,,,,B,4987,00,4,42,0,0,000000000,00000000000,0,0,0,1,0,0,0,0,0,0,0,998,0,0,0,12,6,2,8,0,0,0,1,13,30034,6,1,0,0,3,3,69,210,98,0,0,0,1,6,2010,6,2010,0,0,0,0,0,1,4,35,1,1,2,1,0,0,1,80,1,1,1,13,0,0
13,130139,1,2,1,22,2,18,43,12,6,1,0,13,1,20,2,20002,4,2004,2G1WF52E6492,2,G,1,W,F,5,2,E,6,4,9,2,0,P,CHEV,IMP,4D,4,17,3389,,0,1105,,G,,F,6,207,,,16R225,,,,,,0,0,000000000,00000000000,0,0,0,1,0,0,0,0,0,0,0,998,0,0,0,9,6,2,12,0,0,0,1,13,30103,6,1,0,0,3,0,71,211,98,0,0,0,0,0,0,0,0,0,38,0,0,0,0,0,0,0,0,0,0,0,0,11,98,1,1,1,68,1,0
13,130139,2,2,1,22,2,18,43,12,6,1,0,1,3,84,881,84881,63,2001,2HSCHAMR01C0,2,H,S,C,H,A,M,R,0,1,C,0,1,T,INTL,99I,TR,1,17,,8,0,0,990,D,,,6,774,,,,,00000,00,,64,1,57,2170159,572170159,3,4,1,1,0,0,0,0,0,0,0,998,0,0,0,12,6,2,12,0,0,0,1,1,35586,6,1,6,0,3,0,71,200,0,0,0,0,1,2,2011,2,2011,0,0,0,0,0,1,4,45,1,1,2,1,28,3,1,72,1,1,1,69,0,0
13,130140,1,2,1,23,2,16,31,12,2,1,0,92,0,73,705,73705,80,1998,JKAZX4G1XWA0,J,K,A,Z,X,4,G,1,X,W,A,0,0,M,KAWK,ZXG,RC,98,17,,,,,,,600,,4,,4,431,,,,,,,0,0,000000000,00000000000,0,0,0,1,0,0,0,0,0,0,0,998,0,0,0,12,6,2,12,0,0,0,1,13,30815,6,1,0,0,3,0,72,155,98,0,0,0,0,0,0,0,0,1,36,0,0,0,1,2,55,1,6,2,1,0,0,1,62,1,1,1,74,1,1