STATE,ST_CASE,VEH_NO,VE_FORMS,NUMOCCS,DAY,MONTH,HOUR,MINUTE,HARM_EV,MAN_COLL,UNITTYPE,HIT_RUN,REG_STAT,OWNER,MAKE,MODEL,MAK_MOD,BODY_TYP,MOD_YEAR,VIN,VIN_1,VIN_2,VIN_3,VIN_4,VIN_5,VIN_6,VIN_7,VIN_8,VIN_9,VIN_10,VIN_11,VIN_12,TOW_VEH,VINTYPE,VINMAKE,VINA_MOD,VIN_BT,VINMODYR,VIN_LNGT,VIN_WGT,WGTCD_TR,WHLBS_LG,WHLBS_SH,SER_TR,FUELCODE,MCYCL_DS,CARBUR,CYLINDER,DISPLACE,MCYCL_CY,MCYCL_WT,TIRE_SZE,TON_RAT,TRK_WT,TRKWTVAR,VIN_REST,WHLDRWHL,J_KNIFE,MCARR_I1,MCARR_I2,MCARR_ID,GVWR,V_CONFIG,CARGO_BT,HAZ_INV,HAZ_PLAC,HAZ_ID,HAZ_CNO,HAZ_REL,BUS_USE,SPEC_USE,EMER_USE,TRAV_SP,UNDERIDE,ROLLOVER,ROLINLOC,IMPACT1,DEFORMED,TOWED,M_HARM,VEH_SC1,VEH_SC2,FIRE_EXP,DR_PRES,L_STATE,DR_ZIP,L_STATUS,L_TYPE,CDL_STAT,L_ENDORS,L_COMPL,L_RESTRI,DR_HGT,DR_WGT,PREV_ACC,PREV_SUS,PREV_DWI,PREV_SPD,PREV_OTH,FIRST_MO,FIRST_YR,LAST_MO,LAST_YR,SPEEDREL,DR_SF1,DR_SF2,DR_SF3,DR_SF4,VTRAFWAY,VNUM_LAN,VSPD_LIM,VALIGN,VPROFILE,VPAVETYP,VSURCOND,VTRAFCON,VTCONT_F,P_CRASH1,P_CRASH2,P_CRASH3,PCRASH4,PCRASH5,ACC_TYPE,DEATHS,DR_DRINK
13,130235,1,1,2,22,3,12,30,58,0,1,0,42,1,63,441,63441,20,2003,KNDUP1315364,K,N,D,U,P,1,3,1,5,3,6,4,0,P,KIA,SED,SV,3,17,4709,,0,1145,,G,,F,6,213,,,15R215,,,,,,0,0,000000000,00000000000,0,0,0,1,0,0,0,0,0,0,0,998,0,0,0,12,4,3,58,0,0,0,1,42,19122,6,1,0,0,3,0,69,999,0,0,0,0,0,0,0,0,0,0,0,0,0,0,3,3,70,1,1,2,1,0,0,1,8,98,4,4,2,1,0
13,130236,1,1,3,22,3,12,3,14,0,1,0,13,1,20,401,20401,14,2005,1GNDS13S1521,1,G,N,D,S,1,3,S,1,5,2,1,0,P,CHEV,TRL,UT,5,17,4425,,0,1130,,G,,F,6,256,,,16R245,,,,,,0,0,000000000,00000000000,0,0,0,1,0,0,0,0,0,0,0,998,0,0,0,1,6,2,14,0,0,0,1,13,31546,6,1,0,0,3,1,66,146,98,0,0,0,1,1,2011,1,2011,0,28,0,0,0,1,4,45,1,3,2,1,0,0,1,13,1,1,4,1,2,0
13,130237,1,1,2,22,3,22,5,9,0,1,0,13,3,35,473,35473,31,2006,1N6BA07A16N5,1,N,6,B,A,0,7,A,1,6,N,5,0,T,NISS,TXS,CW,6,17,,2,0,1398,TTN,F,,,8,342,,,,C,4713,00,E,42,0,0,000000000,00000000000,0,0,0,1,0,0,0,0,0,0,0,998,0,0,0,12,4,3,9,0,0,0,1,13,31545,6,1,0,0,3,1,72,200,98,0,0,0,0,0,0,0,0,0,0,0,0,0,3,2,40,1,1,2,1,3,3,1,83,1,1,1,13,0,0
13,130238,1,1,2,23,3,2,11,1,0,1,0,13,1,23,401,23401,14,2000,1GKCS13W6Y22,1,G,K,C,S,1,3,W,6,Y,2,2,0,T,GMC,JMY,4W,0,17,,1,0,1070,JMY,G,,,6,262,,,,B,3720,00,E,42,0,0,000000000,00000000000,0,0,0,1,0,0,0,0,0,0,0,998,0,2,6,0,6,2,1,0,0,0,1,13,31553,6,1,0,0,3,0,66,150,98,0,0,0,1,4,2010,4,2010,0,58,0,0,0,1,2,55,1,1,2,1,0,0,1,12,6,7,4,7,1,1
13,130239,1,1,1,23,3,1,0,34,0,1,0,0,0,37,739,37739,90,2011,000000000000,0,0,0,0,0,0,0,0,0,0,0,0,0,,,,,,,,,,,,,,,,,,,,,,,,,0,0,000000000,00000000000,0,0,0,1,0,0,0,0,0,0,0,998,0,1,5,12,6,2,34,0,0,0,1,13,31007,1,1,0,0,1,0,74,289,98,8,2,0,1,5,2009,1,2011,0,0,0,0,0,1,2,35,1,1,2,1,0,0,1,13,1,1,4,1,1,1
13,130240,1,2,1,23,3,10,6,12,6,1,0,13,1,12,471,12471,30,2001,1FTZR15E21PA,1,F,T,Z,R,1,5,E,2,1,P,A,0,T,FORD,RNS,PC,1,17,,1,0,1259,RNG,G,,,6,245,,,,B,3599,00,U,44,0,0,000000000,00000000000,0,0,0,1,0,0,0,0,0,0,0,998,0,0,0,1,6,2,12,0,0,0,1,13,30540,6,1,0,0,3,1,71,170,98,1,0,0,1,4,2009,9,2010,0,26,58,0,0,1,2,55,1,6,2,2,0,0,17,10,6,1,2,48,1,0
13,130240,2,2,1,23,3,10,6,12,6,1,0,13,1,12,481,12481,31,2004,1FTNW21P34EA,1,F,T,N,W,2,1,P,3,4,E,A,0,T,FORD,F2S,CW,4,17,,2,1724,1562,SRW,D,,,8,366,,,,C,6234,00,E,44,0,0,000000000,00000000000,0,0,0,1,0,0,0,0,0,0,0,998,0,0,0,12,6,2,12,0,0,0,1,13,30540,6,1,0,0,3,0,76,170,98,0,0,0,0,0,0,0,0,0,0,0,0,0,1,2,55,1,1,2,2,0,0,1,62,1,1,1,48,0,0
13,130241,1,1,1,24,3,19,35,57,0,1,0,13,2,72,706,72706,80,2001,1HD1JBB121Y0,1,H,D,1,J,B,B,1,2,1,Y,0,0,M,HD,XDI,RS,1,17,,,,,,,1450,,2,,4,645,,,,,,,0,0,000000000,00000000000,0,0,0,1,0,0,0,0,0,0,0,998,0,0,0,1,4,3,57,0,0,0,1,13,31002,6,1,6,0,3,3,67,160,98,0,0,1,0,6,2009,6,2009,1,0,0,0,0,3,4,55,1,2,1,1,0,0,1,12,1,1,4,6,1,1
13,130242,1,1,1,24,3,18,26,42,0,1,0,13,1,2,404,2404,14,1998,1J4GZ48Y7WC3,1,J,4,G,Z,4,8,Y,7,W,C,3,0,T,JEEP,LSE,4W,98,17,,1,0,1059,GCK,G,,,8,318,,,,,3708,01,E,44,0,0,000000000,00000000000,0,0,0,1,0,0,0,0,0,0,0,998,0,0,0,10,6,2,42,0,0,0,1,13,39823,1,1,0,0,2,0,72,160,98,0,0,0,0,0,0,0,0,0,0,0,0,0,1,2,55,3,1,2,1,0,0,14,13,1,1,4,1,1,1
13,130243,1,1,1,25,3,7,30,34,0,1,0,13,2,12,481,12481,31,2006,1FTPW14V56FB,1,F,T,P,W,1,4,V,5,6,F,B,0,T,FORD,F1S,CW,6,17,,2,1500,1390,COF,F,,,8,329,,,,B,5476,01,E,44,0,0,000000000,00000000000,0,0,0,1,0,0,0,0,0,0,0,998,0,0,0,14,6,2,2,0,0,1,1,13,39897,6,1,0,0,3,0,72,210,98,0,0,0,2,5,2011,3,2012,0,0,0,0,0,1,2,55,1,1,2,1,0,0,1,13,1,1,4,1,1,1
13,130244,1,3,1,25,3,5,0,12,1,1,0,13,1,37,403,37403,14,2011,5J6YH1H70BL0,5,J,6,Y,H,1,H,7,0,B,L,0,0,P,HOND,ELE,UT,11,17,3540,,0,1014,,G,,F,4,146,,,16R215,,,,,,0,0,000000000,00000000000,0,0,0,1,0,0,0,0,0,0,0,998,0,0,0,12,6,2,12,0,0,0,1,13,30157,6,1,0,0,3,0,66,165,98,0,0,0,1,9,2010,9,2010,0,36,0,0,0,3,3,65,1,1,2,1,0,0,1,51,1,1,1,24,0,1
13,130244,2,3,1,25,3,5,0,12,1,1,0,13,1,72,706,72706,80,2007,1HD1CT3147K4,1,H,D,1,C,T,3,1,4,7,K,4,0,M,HD,20C,RS,7,17,,,,,,,1199,,2,,4,562,,,,,,,0,0,000000000,00000000000,0,0,0,1,0,0,0,0,0,0,0,998,0,0,0,6,6,2,12,0,0,0,1,13,30110,6,1,0,0,3,0,69,200,98,0,0,0,1,12,2009,12,2009,0,0,0,0,0,3,3,65,1,1,2,1,0,0,1,53,1,1,1,25,1,0
13,130244,3,3,1,25,3,5,0,12,1,1,0,13,3,84,881,84881,63,2006,2HSCNSBRX6C2,2,H,S,C,N,S,B,R,X,6,C,2,1,T,INTL,94I,TR,6,17,,8,0,0,940,D,,,6,763,,,,,00000,00,,64,1,57,361547,57361547,3,4,1,1,0,0,0,0,0,0,0,998,0,0,0,14,2,1,12,0,0,0,1,13,30094,6,1,6,0,3,1,73,220,98,0,0,0,0,0,0,0,0,0,0,0,0,0,3,3,65,1,1,2,1,0,0,1,60,1,1,1,98,0,0
13,130245,1,2,1,25,3,1,30,12,2,1,0,13,1,12,471,12471,30,1986,1FTBR10A4GUD,1,F,T,B,R,1,0,A,4,G,U,D,0,T,FORD,RNG,PK,86,17,,1,1140,1080,RNG,G,,,4,140,,,,B,00000,00,A,42,0,0,000000000,00000000000,0,0,0,1,0,0,0,0,0,0,0,998,0,0,0,12,6,2,2,0,0,1,1,13,30039,6,1,0,0,3,0,69,170,98,1,0,0,1,3,2011,12,2011,0,35,0,0,0,1,2,45,1,1,2,1,0,0,6,10,1,1,2,50,1,1
13,130245,2,2,2,25,3,1,30,12,2,1,0,13,1,34,37,34037,4,2004,WBAGL635X4DP,W,B,A,G,L,6,3,5,X,4,D,P,0,P,BMW,45I,4D,4,17,4376,,0,1177,,G,,F,8,268,,,18R245,,,,,,0,0,000000000,00000000000,0,0,0,1,0,0,0,0,0,0,0,998,0,0,0,12,6,2,12,0,0,0,1,13,30058,6,1,0,0,3,3,64,210,98,0,0,0,1,5,2010,5,2010,0,0,0,0,0,1,2,45,1,1,2,1,0,0,1,62,1,1,1,51,0,0
13,130246,1,2,1,25,3,18,1,12,6,1,0,13,1,73,709,73709,89,2007,JKBZXNA147A0,J,K,B,Z,X,N,A,1,4,7,A,0,0,M,KAWK,X4A,RC,7,17,,,,,,,1352,,4,,4,386,,,,,,,0,0,000000000,00000000000,0,0,0,1,0,0,0,0,0,0,0,998,0,0,0,9,4,3,12,0,0,0,1,13,30344,6,1,6,0,3,0,69,205,98,0,0,0,0,0,0,0,0,0,38,0,0,0,1,4,35,1,1,2,1,0,0,98,98,1,1,1,48,0,0
13,130246,2,2,1,25,3,18,1,12,6,1,0,13,1,37,706,37706,80,2001,JH2SC44081M1,J,H,2,S,C,4,4,0,8,1,M,1,0,M,HOND,CR9,RC,1,17,,,,,,,929,,4,,4,379,,,,,,,0,0,000000000,00000000000,0,0,0,1,0,0,0,0,0,0,0,998,0,0,0,12,4,3,12,0,0,0,1,13,30039,6,1,0,0,3,0,72,220,98,0,0,0,1,1,2011,1,2011,0,36,0,0,0,1,4,35,1,1,2,1,0,0,1,59,2,2,1,48,1,1
13,130247,1,2,3,25,3,20,50,12,6,1,0,12,2,22,16,22016,2,1999,1G2JB1247X75,1,G,2,J,B,1,2,4,7,X,7,5,0,P,PONT,SFS,CP,99,17,2630,,0,1041,,G,,F,4,133,,,14R195,,,,,,0,0,000000000,00000000000,0,0,0,1,0,0,0,0,0,0,0,998,0,0,0,3,6,2,12,0,0,0,1,12,32565,6,1,0,0,3,0,63,999,0,0,0,0,0,0,0,0,0,0,38,0,0,0,2,4,65,1,1,2,1,3,3,11,15,1,1,1,68,1,0
13,130247,2,2,3,25,3,20,50,12,6,1,0,13,1,30,46,30046,4,1999,WVWMA63B2XE3,W,V,W,M,A,6,3,B,2,X,E,3,0,P,VOLK,PGS,4D,99,17,3036,,0,1066,,G,,T,4,109,,,15R195,,,,,,0,0,000000000,00000000000,0,0,0,1,0,0,0,0,0,0,0,998,0,0,0,12,6,2,12,0,0,0,1,13,30534,6,1,0,0,3,0,73,150,98,1,0,0,0,3,2011,3,2011,0,0,0,0,0,2,4,65,1,1,2,1,3,3,1,62,1,1,1,69,0,0
13,130248,1,2,1,25,3,22,59,8,0,1,1,13,2,37,32,37032,4,1993,JHMCB7682PC0,J,H,M,C,B,7,6,8,2,P,C,0,0,P,HOND,ASE,4D,93,17,3014,,0,1071,,G,,F,4,132,,,15R195,,,,,,0,0,000000000,00000000000,0,0,0,1,0,0,0,0,0,0,0,998,0,0,0,9,4,3,8,0,0,0,1,13,31304,6,1,0,0,3,0,64,145,98,2,0,1,0,9,2009,1,2012,0,0,0,0,0,1,2,45,1,1,2,1,28,3,1,80,1,1,1,13,0,0
13,130248,2,2,2,25,3,22,59,8,0,1,0,13,1,20,2,20002,4,2003,2G1WF52E2393,2,G,1,W,F,5,2,E,2,3,9,3,0,P,CHEV,IMP,4D,3,17,3389,,0,1105,,G,,F,6,207,,,16R225,,,,,,0,0,000000000,00000000000,0,0,0,1,0,0,0,0,0,0,0,998,0,0,0,14,2,1,8,0,0,0,1,13,31331,6,1,0,0,3,0,70,165,98,0,0,1,0,1,2011,1,2011,0,0,0,0,0,1,2,55,1,1,2,1,28,3,1,80,1,1,1,98,0,0
13,130249,1,2,1,26,3,9,51,12,6,1,0,13,3,13,1,13001,4,2007,1LNHM82V47Y6,1,L,N,H,M,8,2,V,4,7,Y,6,0,P,LINC,SGL,4D,7,17,4345,,0,1177,,F,,F,8,281,,,17R225,,,,,,0,0,000000000,00000000000,0,0,0,1,0,0,0,0,0,0,0,998,0,0,0,1,6,2,12,0,0,0,1,13,30106,6,1,0,0,3,3,62,124,98,0,0,0,0,0,0,0,0,0,38,0,0,0,1,2,35,1,1,2,1,0,0,11,15,1,1,1,68,0,0
13,130249,2,2,3,26,3,9,51,12,6,1,0,13,1,7,20,7020,4,2003,1B3ES26C33D1,1,B,3,E,S,2,6,C,3,3,D,1,0,P,DODG,SEN,4D,3,17,2587,,0,1040,,G,,F,4,122,,,14R175,,,,,,0,0,000000000,00000000000,0,0,0,1,0,0,0,0,0,0,0,998,0,0,0,12,6,2,12,0,0,0,1,13,30126,6,1,0,0,3,3,66,180,98,0,0,0,0,0,0,0,0,0,0,0,0,0,1,2,35,1,1,2,1,0,0,1,62,1,1,1,69,1,0
13,130250,1,1,1,26,3,6,25,53,0,1,0,13,2,20,401,20401,14,1998,1GNDT13W4W21,1,G,N,D,T,1,3,W,4,W,2,1,0,P,CHEV,BZR,UT,98,17,4046,,0,1070,,G,,F,6,262,,,15R235,,,,,,0,0,000000000,00000000000,0,0,0,1,0,0,0,0,0,0,0,998,0,1,6,1,6,2,30,0,0,0,1,13,30265,6,1,0,0,3,1,75,275,98,0,0,0,0,0,0,0,0,0,58,0,0,0,1,2,45,3,6,2,1,0,0,14,13,6,1,4,1,1,0
13,130251,1,1,2,26,3,13,39,24,0,1,0,36,1,12,17,12017,4,2002,1FAFP55UX2A1,1,F,A,F,P,5,5,U,X,2,A,1,0,P,FORD,TSS,4D,2,17,3392,,0,1085,,G,,F,6,182,,,16R215,,,,,,0,0,000000000,00000000000,0,0,0,1,0,0,0,0,0,0,0,998,0,1,6,7,6,2,1,0,0,0,1,36,13212,6,1,0,0,3,3,70,999,0,0,0,0,0,0,0,0,0,0,58,0,0,0,2,6,70,1,1,2,1,0,0,15,13,1,1,4,1,1,0
13,130252,1,2,2,27,3,18,30,12,6,1,0,13,1,37,32,37032,2,2009,1HGCS12879A0,1,H,G,C,S,1,2,8,7,9,A,0,0,P,HOND,AXL,CP,9,17,3307,,0,1079,,G,,F,4,146,,,17R225,,,,,,0,0,000000000,00000000000,0,0,0,1,0,0,0,0,0,0,0,998,0,0,0,9,6,2,12,0,0,0,1,13,30809,6,1,0,0,3,1,63,130,98,1,0,2,0,8,2009,3,2011,0,38,0,0,0,1,2,30,1,1,2,1,20,3,1,17,1,1,1,89,1,0
13,130252,2,2,1,27,3,18,30,12,6,1,0,13,2,20,2,20002,4,2002,2G1WH55K8293,2,G,1,W,H,5,5,K,8,2,9,3,0,P,CHEV,IPL,4D,2,17,3466,,0,1105,,G,,F,6,231,,,16R225,,,,,,0,0,000000000,00000000000,0,0,0,1,0,0,0,0,0,0,0,66,0,0,0,12,6,2,12,0,0,0,1,13,30456,6,1,0,0,3,0,72,210,98,3,0,2,1,11,2009,11,2011,0,0,0,0,0,1,2,55,1,1,2,1,28,3,1,66,1,1,1,88,0,0
13,130253,1,1,2,27,3,0,11,15,0,1,0,13,1,37,31,37031,2,1994,2HGEJ2126RH5,2,H,G,E,J,2,1,2,6,R,H,5,0,P,HOND,CID,CP,94,17,2168,,0,1032,,G,,F,4,091,,,13R175,,,,,,0,0,000000000,00000000000,0,0,0,1,0,0,0,0,0,0,0,998,0,0,0,12,6,2,15,0,0,0,1,13,30014,6,1,0,0,2,0,70,217,98,3,0,0,1,7,2009,1,2011,0,0,0,0,0,1,4,45,1,5,2,1,28,3,1,83,1,1,1,13,0,0
13,130254,1,2,3,27,3,6,28,12,9,1,0,13,3,20,881,20881,62,1998,1GBJ6H1J7WJ1,1,G,B,J,6,H,1,J,7,W,J,1,0,T,CHEV,6H4,CB,98,17,,6,2810,1330,CSR,D,,,6,403,,,,,00000,00,,42,0,57,2280517,572280517,2,1,1,1,0,0,0,0,0,0,0,998,0,0,0,6,4,3,12,0,0,0,1,13,30721,6,1,0,0,3,0,71,210,98,0,0,0,2,8,2009,2,2011,0,0,0,0,0,3,3,70,1,1,2,1,28,3,1,53,1,1,1,32,0,0
13,130254,2,2,1,27,3,6,28,12,9,1,0,13,1,37,31,37031,4,2005,2HGES16525H5,2,H,G,E,S,1,6,5,2,5,H,5,0,P,HOND,UCL,4D,5,17,2606,,0,1031,,G,,F,4,102,,,15R195,,,,,,0,0,000000000,00000000000,0,0,0,1,0,0,0,0,0,0,0,998,0,0,0,11,6,2,12,0,0,0,1,13,30741,6,1,0,0,3,0,60,170,98,0,0,1,0,7,2009,7,2009,0,26,0,0,0,3,3,70,1,1,2,1,28,3,99,51,1,1,1,32,1,0
13,130255,1,1,1,28,3,7,18,32,0,1,0,13,1,76,706,76706,80,2005,JYAVP17E85A0,J,Y,A,V,P,1,7,E,8,5,A,0,0,M,YAMA,X17,RS,5,17,,,,,,,1670,,2,,4,679,,,,,,,0,0,000000000,00000000000,0,0,0,1,0,0,0,0,0,0,0,998,0,0,0,12,6,2,32,0,0,0,1,13,30705,6,1,0,0,3,1,71,300,98,0,0,0,0,0,0,0,0,0,0,0,0,0,1,2,45,3,3,2,1,28,3,14,13,1,1,4,1,1,0
13,130256,1,1,1,29,3,12,15,35,0,1,0,13,2,35,43,35043,4,2006,3N1CB51D96L5,3,N,1,C,B,5,1,D,9,6,L,5,0,P,NISS,S18,4D,6,17,2509,,0,998,,G,,F,4,108,,,15R195,,,,,,0,0,000000000,00000000000,0,0,0,1,0,0,0,0,0,0,0,998,0,0,0,12,6,2,35,0,0,0,1,13,30458,6,1,6,0,3,0,69,165,98,1,0,0,3,5,2009,8,2011,0,28,0,0,0,1,2,35,1,6,2,1,28,3,1,9,1,2,4,7,1,0
13,130257,1,2,1,29,3,10,56,12,1,1,0,13,1,37,32,37032,2,2001,1HGCG32551A0,1,H,G,C,G,3,2,5,5,1,A,0,0,P,HOND,UEX,CP,1,17,3014,,0,1051,,G,,F,4,138,,,15R195,,,,,,0,0,000000000,00000000000,0,0,0,1,0,0,0,0,0,0,0,0,0,0,0,6,6,2,12,0,0,0,1,36,13212,6,1,0,0,3,3,70,999,0,0,0,0,0,0,0,0,0,0,58,0,0,0,3,3,70,1,1,2,1,0,0,5,53,1,1,1,21,1,0
13,130257,2,2,1,29,3,10,56,12,1,1,0,41,3,82,881,82881,66,2004,1FUJA6CKX4LM,1,F,U,J,A,6,C,K,X,4,L,M,1,T,FRHT,COL,TR,4,17,,8,0,0,CON,D,,,6,858,,,,,00000,00,,64,1,57,1021374,571021374,3,6,1,1,0,0,0,0,0,0,0,998,0,0,0,12,4,3,12,0,0,0,1,48,75702,6,1,6,0,3,0,999,999,0,0,0,0,1,8,2009,8,2009,0,0,0,0,0,3,3,70,1,1,2,1,0,0,1,50,1,1,1,20,0,0
13,130258,1,1,1,29,3,18,53,52,0,1,0,13,2,98,709,98709,89,1998,98CGRD501501,9,8,C,G,R,D,5,0,1,5,0,1,0,U,,,,98,17,,,,,,,,,,,,,,,,,,,0,0,000000000,00000000000,0,0,0,1,0,0,0,0,0,0,0,998,0,0,0,8,6,2,52,0,0,0,1,13,30019,6,1,0,0,3,0,69,190,98,0,0,0,2,9,2010,11,2011,0,0,0,0,0,1,2,35,4,1,2,8,0,0,14,13,99,1,4,1,1,1
13,130259,1,2,1,29,3,7,50,12,6,1,0,13,1,53,40,53040,4,2007,JS2YB4137751,J,S,2,Y,B,4,1,3,7,7,5,1,0,P,SUZI,SXA,4H,7,17,2800,,0,984,,G,,F,4,122,,,16R205,,,,,,0,0,000000000,00000000000,0,0,0,1,0,0,0,0,0,0,0,998,0,0,0,10,6,2,12,0,0,0,1,13,30547,6,1,0,0,3,0,62,125,98,0,0,0,0,0,0,0,0,0,38,0,0,0,1,2,50,1,1,2,1,20,3,11,15,1,1,1,82,1,0
13,130259,2,2,1,29,3,7,50,12,6,1,0,13,3,87,881,87881,62,2008,2NPNHM6X68M7,2,N,P,N,H,M,6,X,6,8,M,7,0,T,PTRB,330,CC,8,17,,6,0,0,CON,D,,,6,409,,,,,00000,00,,42,0,57,1127683,571127683,2,1,1,1,0,0,0,0,0,0,0,998,0,0,0,12,6,2,12,0,0,0,1,13,30096,6,1,6,0,3,1,70,205,98,0,0,0,0,0,0,0,0,0,0,0,0,0,2,4,65,1,6,2,1,0,0,1,67,1,1,1,83,0,0
13,130260,1,1,5,30,3,0,49,42,0,1,0,13,1,2,404,2404,14,1993,1J4FT78S0PL5,1,J,4,F,T,7,8,S,0,P,L,5,0,T,JEEP,CTY,4W,93,17,,1,0,1014,CHK,G,,,6,242,,,,,2985,01,A,42,0,0,000000000,00000000000,0,0,0,1,0,0,0,0,0,0,0,998,0,0,0,3,6,2,42,0,0,0,1,13,31014,6,1,6,0,3,0,65,120,98,0,0,0,0,0,0,0,0,0,58,0,0,0,1,2,45,3,6,2,1,0,0,14,12,7,1,4,6,1,1
13,130261,1,2,1,30,3,6,10,12,1,1,0,13,1,49,403,49403,14,2004,JTEGD21A9401,J,T,E,G,D,2,1,A,9,4,0,1,0,P,TOYT,HIG,UT,4,17,3520,,0,1069,,G,,F,4,144,,,16R225,,,,,,0,0,000000000,00000000000,0,0,0,1,0,0,0,0,0,0,0,998,0,0,0,12,6,2,12,0,0,0,1,13,31308,6,1,0,0,3,3,72,230,98,0,0,0,0,0,0,0,0,0,26,0,0,0,1,4,45,1,1,2,1,3,3,1,51,1,1,1,24,1,0
13,130261,2,2,1,30,3,6,10,12,1,1,0,13,1,51,881,51881,66,1999,4VG7DAJH6XN7,4,V,G,7,D,A,J,H,6,X,N,7,1,T,VOLV,VVN,TR,99,17,,8,0,0,VVN,D,,,6,855,,,,,00000,00,,64,1,57,1065804,571065804,3,6,10,1,0,0,0,0,0,0,0,998,0,0,0,6,2,3,12,0,0,0,1,13,30439,6,1,6,0,3,0,65,215,98,0,0,0,0,0,0,0,0,0,0,0,0,0,1,4,45,1,1,2,1,3,3,1,53,1,1,1,25,0,0
13,130262,1,1,1,31,3,14,9,8,0,1,0,13,1,49,33,49033,2,2001,JTDDR32T7100,J,T,D,D,R,3,2,T,7,1,0,0,0,P,TOYT,CGF,2H,1,17,2425,,0,1023,,G,,F,4,109,,,15R195,,,,,,0,0,000000000,00000000000,0,0,0,1,0,0,0,0,0,0,0,998,0,0,0,12,4,8,8,0,0,0,1,13,30034,6,1,0,0,3,3,62,190,98,0,0,0,0,0,0,0,0,0,0,0,0,0,1,4,45,1,1,2,1,3,3,1,80,1,1,1,13,0,0
13,130263,1,1,1,30,3,19,0,1,0,1,0,13,1,76,706,76706,80,2000,JYAVP11E4YA0,J,Y,A,V,P,1,1,E,4,Y,A,0,0,M,YAMA,XVS,RS,0,17,,,,,,,1063,,2,,4,999,,,,,,,0,0,000000000,00000000000,0,0,0,1,0,0,0,0,0,0,0,998,0,0,0,0,6,2,1,0,0,0,1,13,31009,6,1,6,0,3,1,70,170,98,0,0,0,0,0,0,0,0,1,0,0,0,0,1,2,55,2,1,2,1,0,0,14,10,1,1,4,6,1,1
13,130264,1,2,1,30,3,23,3,12,6,1,0,13,1,48,38,48038,4,2007,JF1GD61677H5,J,F,1,G,D,6,1,6,7,7,H,5,0,P,SUBA,I25,4D,7,17,3016,,0,994,,G,,F,4,150,,,16R205,,,,,,0,0,000000000,00000000000,0,0,0,1,0,0,0,0,0,0,0,998,0,0,0,3,6,2,12,0,0,0,1,13,30097,6,1,0,0,3,3,70,170,98,0,0,1,0,5,2011,5,2011,0,87,0,0,0,1,4,35,1,2,2,2,0,0,1,10,1,1,1,66,1,0
13,130264,2,2,2,30,3,23,3,12,6,1,0,13,1,49,43,49043,4,1997,4T1BF12B8VU1,4,T,1,B,F,1,2,B,8,V,U,1,0,P,TOYT,UVS,4D,97,17,3263,,0,1071,,G,,F,6,183,,,15R205,,,,,,0,0,000000000,00000000000,0,0,0,1,0,0,0,0,0,0,0,998,0,0,0,12,6,2,12,0,0,0,1,13,30341,6,1,0,0,3,3,66,123,98,0,0,0,0,0,0,0,0,0,0,0,0,0,1,4,35,1,2,2,2,0,0,1,62,1,1,1,66,0,0
13,130265,1,1,2,30,3,20,3,31,0,1,0,13,1,12,461,12461,21,2006,1FTRE14W96HA,1,F,T,R,E,1,4,W,9,6,H,A,0,T,FORD,15V,CG,6,17,,2,0,1380,VAN,G,,,8,281,,,,B,4773,00,E,42,0,0,000000000,00000000000,0,0,0,1,0,0,0,0,0,0,0,998,0,0,0,2,2,3,5,0,0,0,1,13,30663,6,1,0,0,3,0,65,130,98,0,0,0,0,0,0,0,0,0,59,0,0,0,1,2,55,1,1,2,2,0,0,98,98,98,1,4,98,1,0
13,130266,1,1,1,30,3,22,53,42,0,1,0,13,1,18,22,18022,4,2007,2G4WC5824711,2,G,4,W,C,5,8,2,4,7,1,1,0,P,BUIC,LCX,4D,7,17,3495,,0,1105,,G,,F,6,232,,,16R225,,,,,,0,0,000000000,00000000000,0,0,0,1,0,0,0,0,0,0,0,998,0,0,0,1,6,2,42,0,0,0,1,13,30223,6,2,0,0,3,1,67,145,98,0,0,0,0,0,0,0,0,0,0,0,0,0,1,2,45,2,6,2,2,28,3,14,12,1,1,4,6,1,0
13,130267,1,1,4,31,3,8,45,21,0,1,0,13,2,12,481,12481,31,1985,1FTEF14N7FNA,1,F,T,E,F,1,4,N,7,F,N,A,0,T,FORD,F15,PK,85,17,,2,1550,1170,COF,G,,,8,302,,,,B,3697,01,A,44,0,0,000000000,00000000000,0,0,0,1,0,0,0,0,0,0,0,998,0,1,1,12,6,2,1,0,0,0,1,13,31643,6,2,0,0,3,0,70,162,98,0,0,0,2,4,2009,11,2011,0,0,0,0,0,1,2,35,1,1,2,1,0,0,1,13,1,1,4,1,1,0
13,130268,1,2,1,31,3,6,0,12,1,1,0,45,1,59,31,59031,4,2007,JTHBJ46G8721,J,T,H,B,J,4,6,G,8,7,2,1,0,P,LEXS,E35,4D,7,17,3600,,0,1093,,G,,F,6,211,,,17R215,,,,,,0,0,000000000,00000000000,0,0,0,1,0,0,0,0,0,0,0,998,0,0,0,12,6,2,12,0,0,0,1,45,29223,6,1,0,0,3,0,67,155,0,0,0,1,0,12,2011,12,2011,0,27,0,0,0,2,6,65,1,1,2,1,0,0,15,51,1,1,1,24,0,1
13,130268,2,2,1,31,3,6,0,12,1,1,0,13,1,12,17,12017,4,2001,1FAFP53U51A1,1,F,A,F,P,5,3,U,5,1,A,1,0,P,FORD,TSE,4D,1,17,3354,,0,1085,,G,,F,6,182,,,16R215,,,,,,0,0,000000000,00000000000,0,0,0,1,0,0,0,0,0,0,0,998,0,1,6,6,6,2,12,0,0,0,1,13,31322,6,1,0,0,3,0,63,120,98,0,0,0,0,0,0,0,0,0,0,0,0,0,2,6,65,1,1,2,1,0,0,1,53,1,1,1,25,1,0