STATE,ST_CASE,VEH_NO,VE_FORMS,NUMOCCS,DAY,MONTH,HOUR,MINUTE,HARM_EV,MAN_COLL,UNITTYPE,HIT_RUN,REG_STAT,OWNER,MAKE,MODEL,MAK_MOD,BODY_TYP,MOD_YEAR,VIN,VIN_1,VIN_2,VIN_3,VIN_4,VIN_5,VIN_6,VIN_7,VIN_8,VIN_9,VIN_10,VIN_11,VIN_12,TOW_VEH,VINTYPE,VINMAKE,VINA_MOD,VIN_BT,VINMODYR,VIN_LNGT,VIN_WGT,WGTCD_TR,WHLBS_LG,WHLBS_SH,SER_TR,FUELCODE,MCYCL_DS,CARBUR,CYLINDER,DISPLACE,MCYCL_CY,MCYCL_WT,TIRE_SZE,TON_RAT,TRK_WT,TRKWTVAR,VIN_REST,WHLDRWHL,J_KNIFE,MCARR_I1,MCARR_I2,MCARR_ID,GVWR,V_CONFIG,CARGO_BT,HAZ_INV,HAZ_PLAC,HAZ_ID,HAZ_CNO,HAZ_REL,BUS_USE,SPEC_USE,EMER_USE,TRAV_SP,UNDERIDE,ROLLOVER,ROLINLOC,IMPACT1,DEFORMED,TOWED,M_HARM,VEH_SC1,VEH_SC2,FIRE_EXP,DR_PRES,L_STATE,DR_ZIP,L_STATUS,L_TYPE,CDL_STAT,L_ENDORS,L_COMPL,L_RESTRI,DR_HGT,DR_WGT,PREV_ACC,PREV_SUS,PREV_DWI,PREV_SPD,PREV_OTH,FIRST_MO,FIRST_YR,LAST_MO,LAST_YR,SPEEDREL,DR_SF1,DR_SF2,DR_SF3,DR_SF4,VTRAFWAY,VNUM_LAN,VSPD_LIM,VALIGN,VPROFILE,VPAVETYP,VSURCOND,VTRAFCON,VTCONT_F,P_CRASH1,P_CRASH2,P_CRASH3,PCRASH4,PCRASH5,ACC_TYPE,DEATHS,DR_DRINK
13,130269,1,1,3,31,3,18,49,53,0,1,0,12,2,35,43,35043,4,2005,3N1CB51D05L5,3,N,1,C,B,5,1,D,0,5,L,5,0,P,NISS,S18,4D,5,17,2387,,0,998,,G,,F,4,108,,,15R195,,,,,,0,0,000000000,00000000000,0,0,0,1,0,0,0,0,0,0,0,998,0,0,0,2,6,2,42,0,0,0,1,45,29406,6,1,0,0,3,0,71,175,0,0,0,0,0,0,0,0,0,0,0,0,0,0,1,2,55,3,1,2,1,0,0,14,12,1,1,4,6,1,1
13,130270,1,1,4,31,3,12,49,59,0,1,0,13,2,13,421,13421,15,1998,5LMFU28L1WLJ,5,L,M,F,U,2,8,L,1,W,L,J,0,P,LINC,NAV,UT,98,17,5557,,0,1190,,G,,F,8,330,,,16R245,,,,,,0,0,000000000,00000000000,0,0,0,1,0,0,0,0,0,0,0,998,0,0,0,9,6,2,42,0,0,0,1,12,30815,6,1,0,0,3,0,64,999,0,0,0,0,0,0,0,0,0,0,87,0,0,0,1,2,55,1,1,2,2,0,0,1,13,1,3,4,2,1,0
13,130271,1,1,1,1,4,21,45,8,0,1,0,13,1,20,481,20481,31,1998,1GCEC19R5WE1,1,G,C,E,C,1,9,R,5,W,E,1,0,T,CHEV,GC1,PC,98,17,,2,1555,1415,GM4,G,,,8,350,,,,B,4145,03,,42,0,0,000000000,00000000000,0,0,0,1,0,0,0,0,0,0,0,998,0,0,0,12,4,3,8,0,0,0,1,13,30319,0,0,0,0,0,0,67,150,98,0,0,0,0,0,0,0,0,0,86,0,0,0,5,9,45,1,2,2,1,0,0,1,80,1,1,1,13,0,0
13,130272,1,1,2,1,4,14,15,42,0,1,0,0,0,73,739,73739,90,2004,000000000000,0,0,0,0,0,0,0,0,0,0,0,0,0,,,,,,,,,,,,,,,,,,,,,,,,,0,0,000000000,00000000000,0,0,0,1,0,0,0,0,0,0,0,998,0,2,1,11,6,2,1,0,0,0,1,13,30124,6,1,0,0,1,0,64,155,98,0,0,1,0,5,2010,5,2010,0,29,0,0,0,1,2,25,1,3,8,1,0,0,1,8,1,2,4,7,1,0
13,130273,1,2,1,1,4,11,28,12,2,1,0,13,2,7,24,7024,4,2008,2B3KA43G68H2,2,B,3,K,A,4,3,G,6,8,H,2,0,P,DODG,CHA,4D,8,17,3727,,0,1200,,G,,F,6,214,,,17R215,,,,,,0,0,000000000,00000000000,0,0,0,1,0,0,0,0,0,0,0,998,0,1,1,12,6,2,12,0,0,0,1,13,30815,4,1,0,0,2,0,77,225,98,2,0,0,4,12,2009,12,2011,0,28,0,0,0,5,4,45,1,1,2,1,0,0,1,10,1,1,2,50,1,1
13,130273,2,2,3,1,4,11,28,12,2,1,0,92,0,12,17,12017,4,1997,1FALP52UXVA2,1,F,A,L,P,5,2,U,X,V,A,2,0,P,FORD,TAG,4D,97,17,3329,,0,1085,,G,,F,6,182,,,15R205,,,,,,0,0,000000000,00000000000,0,0,0,1,0,0,0,0,0,0,0,998,0,0,0,12,6,2,12,0,0,0,1,13,30815,6,1,0,0,3,0,71,176,98,0,0,1,1,6,2010,9,2010,0,0,0,0,0,5,4,45,1,1,2,1,0,0,1,62,1,1,1,51,1,0
13,130274,1,1,1,1,4,16,4,35,0,1,0,13,1,20,481,20481,31,1957,VC57A192945,V,C,5,7,A,1,9,2,9,4,5,,0,T,CHEV,,,57,11,,,,,,,,,,,,,,,,,,,0,0,000000000,00000000000,0,0,0,1,0,0,0,0,0,0,0,998,0,0,0,12,6,2,35,0,0,0,1,13,30528,6,1,0,0,3,0,72,235,98,0,0,0,0,0,0,0,0,0,36,29,0,0,1,2,25,2,6,8,1,0,0,3,9,6,3,4,2,1,0
13,130275,1,1,1,2,4,11,4,21,0,1,0,13,2,12,401,12401,14,2002,1FMZU63KX2UD,1,F,M,Z,U,6,3,K,X,2,U,D,0,P,FORD,EPR,UT,2,17,4163,,0,1137,,F,,F,6,245,,,16R235,,,,,,0,0,000000000,00000000000,0,0,0,1,0,0,0,0,0,0,0,998,0,0,0,12,6,2,21,0,0,0,1,13,30281,6,1,6,0,3,3,69,220,98,2,0,0,1,12,2011,2,2012,1,29,0,0,0,2,3,65,1,1,2,1,0,0,1,12,1,1,4,6,1,0
13,130276,1,2,1,2,4,11,49,12,1,1,0,93,3,82,881,82881,66,2001,1FUJAHCG61LG,1,F,U,J,A,H,C,G,6,1,L,G,1,T,FRHT,FLD,TR,1,17,,8,0,0,CON,D,,,6,774,,,,,00000,00,,64,1,57,092690,57092690,3,6,1,1,0,0,0,0,0,0,0,998,0,0,0,12,4,1,12,0,0,0,1,13,31206,6,1,6,0,3,3,65,180,98,0,0,0,0,0,0,0,0,0,26,0,0,0,3,2,70,1,1,8,1,0,0,1,51,99,9,1,24,0,0
13,130276,2,2,2,2,4,11,49,12,1,1,0,95,9,12,398,12398,2,1937,000000000000,0,0,0,0,0,0,0,0,0,0,0,0,0,,,,,,,,,,,,,,,,,,,,,,,,,0,0,000000000,00000000000,0,0,0,1,0,0,0,0,0,0,0,998,0,1,5,6,6,2,1,0,0,0,1,95,0,9,9,99,9,9,9,999,999,99,99,99,99,99,99,9999,99,9999,0,0,0,0,0,3,2,70,1,1,8,1,0,0,1,53,99,9,1,25,1,0
13,130277,1,1,1,3,4,8,29,1,0,1,0,13,1,7,472,7472,30,2004,1D7HL48NX4S5,1,D,7,H,L,4,8,N,X,4,S,5,0,T,DODG,DQS,CW,4,17,,2,0,1309,DAK,G,,,8,287,,,,B,4079,00,E,42,0,0,000000000,00000000000,0,0,0,1,0,0,0,0,0,0,0,998,0,2,5,0,6,2,1,32,0,0,1,13,31553,3,1,0,0,2,0,71,190,98,0,0,0,0,0,0,0,0,0,58,29,0,0,2,2,65,2,1,8,1,0,0,14,13,6,4,4,2,1,1
13,130278,1,1,1,3,4,14,34,17,0,1,0,13,2,18,2,18002,4,1994,1G4HP52L9RH4,1,G,4,H,P,5,2,L,9,R,H,4,0,P,BUIC,LCF,4D,94,17,3449,,0,1108,,G,,F,6,231,,,15R205,,,,,,0,0,000000000,00000000000,0,0,0,1,0,0,0,0,0,0,0,998,0,1,5,12,6,2,17,0,0,0,1,13,30752,6,1,0,0,3,3,70,170,98,0,0,0,0,0,0,0,0,0,29,0,0,0,1,3,55,3,6,8,1,0,0,14,13,1,1,4,1,1,0
13,130279,1,2,1,3,4,2,35,8,0,1,0,12,3,84,881,84881,63,2000,2HSCNAMR9YC0,2,H,S,C,N,A,M,R,9,Y,C,0,0,T,INTL,94I,TR,0,17,,8,0,0,940,D,,,6,774,,,,,00000,00,,64,0,57,1068010,571068010,3,1,98,1,0,0,0,0,0,0,0,998,0,0,0,12,4,1,8,0,0,0,1,12,33125,6,1,6,0,3,0,71,999,0,0,0,0,2,11,2009,10,2010,0,86,0,0,0,3,3,70,1,1,8,1,0,0,1,80,8,2,2,13,0,0
13,130279,2,2,0,3,4,2,35,8,0,1,0,12,6,7,43,7043,2,2005,4B3AG42G75E0,4,B,3,A,G,4,2,G,7,5,E,0,0,P,DODG,SRX,CP,5,17,2950,,0,1037,,G,,F,4,146,,,16R205,,,,,,0,0,000000000,00000000000,0,0,0,1,0,0,0,0,0,0,0,998,0,0,0,18,6,2,54,0,0,0,0,0,99997,7,6,97,7,6,7,998,997,998,998,998,998,998,98,9998,98,9998,8,0,0,0,0,3,2,70,1,1,8,1,0,0,0,99,0,0,0,98,0,0
13,130280,1,3,1,4,4,15,50,12,6,1,1,13,1,19,3,19003,4,1995,1G6KD52BXSU2,1,G,6,K,D,5,2,B,X,S,U,2,0,P,CADI,DFW,4D,95,17,3664,,0,1138,,G,,F,8,300,,,15R215,,,,,,0,0,000000000,00000000000,0,0,0,1,0,0,0,0,0,0,0,998,0,0,0,7,2,1,12,0,0,0,1,13,30251,6,1,0,0,3,3,70,178,98,0,0,0,0,0,0,0,0,0,38,0,0,0,1,2,55,1,1,8,1,0,0,13,53,1,1,3,92,0,0
13,130280,2,3,1,4,4,15,50,12,6,1,0,13,1,18,2,18002,4,2001,1G4HP54K41U1,1,G,4,H,P,5,4,K,4,1,U,1,0,P,BUIC,LCF,4D,1,17,3567,,0,1122,,G,,F,6,231,,,15R215,,,,,,0,0,000000000,00000000000,0,0,0,1,0,0,0,0,0,0,0,998,0,0,0,1,6,2,12,0,0,0,1,13,30222,6,1,0,0,3,3,73,175,98,0,0,0,0,0,0,0,0,0,0,0,0,0,1,2,55,1,1,8,1,0,0,1,71,6,1,2,93,1,0
13,130280,3,3,2,4,4,15,50,12,6,1,0,13,2,49,32,49032,4,2009,1NXBU40E89Z0,1,N,X,B,U,4,0,E,8,9,Z,0,0,P,TOYT,CBL,4D,9,17,2723,,0,1024,,G,,F,4,110,,,15R195,,,,,,0,0,000000000,00000000000,0,0,0,1,0,0,0,0,0,0,0,998,0,1,5,12,6,2,12,0,0,0,1,13,30251,6,1,0,0,3,0,63,180,98,0,0,0,0,0,0,0,0,0,0,0,0,0,1,2,55,1,1,8,1,0,0,1,62,1,1,1,98,0,0
13,130281,1,2,1,4,4,18,27,12,6,1,0,13,1,18,2,18002,4,1997,1G4HP52KXVH5,1,G,4,H,P,5,2,K,X,V,H,5,0,P,BUIC,LCF,4D,97,17,3446,,0,1108,,G,,F,6,231,,,15R205,,,,,,0,0,000000000,00000000000,0,0,0,1,0,0,0,0,0,0,0,998,0,0,0,9,6,2,12,0,0,0,1,13,30291,6,1,0,0,3,3,68,178,98,0,0,0,0,0,0,0,0,0,38,0,0,0,1,4,45,1,2,2,1,20,3,11,15,1,1,2,82,1,0
13,130281,2,2,5,4,4,18,27,12,6,1,0,13,2,6,441,6441,20,2004,2C4GP44R34R6,2,C,4,G,P,4,4,R,3,4,R,6,0,T,CHRY,TLX,ES,4,17,,1,0,1193,TWC,G,,,6,201,,,,,3962,00,,42,0,0,000000000,00000000000,0,0,0,1,0,0,0,0,0,0,0,998,0,0,0,12,6,2,12,0,0,0,1,13,30157,6,1,0,0,3,3,65,200,98,0,0,0,1,12,2010,12,2010,0,0,0,0,0,1,4,45,1,2,2,1,0,0,1,66,6,1,2,83,0,0
13,130282,1,2,1,4,4,14,56,12,7,1,0,13,2,20,9,20009,2,2012,2G1FA1E34C91,2,G,1,F,A,1,E,3,4,C,9,1,0,P,CHEV,CML,CP,12,17,3769,,0,1123,,F,,F,6,220,,,18R245,,,,,,0,0,000000000,00000000000,0,0,0,1,0,0,0,0,0,0,0,998,0,1,5,1,6,2,43,0,0,0,1,13,31803,6,1,0,0,3,0,66,130,98,0,0,0,0,0,0,0,0,1,39,35,0,0,1,2,35,1,1,8,1,20,3,6,50,1,1,1,48,1,0
13,130282,2,2,1,4,4,14,56,12,7,1,0,13,3,7,24,7024,4,2011,2B3CL1CT5BH6,2,B,3,C,L,1,C,T,5,B,H,6,0,P,DODG,CPO,4D,11,17,0,,0,1200,,G,,F,8,348,,,18R225,,,,,,0,0,000000000,00000000000,0,0,0,1,0,0,0,0,0,5,0,998,0,0,0,8,2,1,12,0,0,0,1,13,31803,6,1,6,0,3,3,72,300,98,0,0,0,0,0,0,0,0,0,16,0,0,0,1,2,35,1,1,8,1,20,3,1,53,7,1,1,48,0,0
13,130283,1,1,1,4,4,0,0,35,0,1,0,13,1,12,401,12401,14,1993,1FMDU32X4PUD,1,F,M,D,U,3,2,X,4,P,U,D,0,P,FORD,EPR,UT,93,17,3858,,0,1120,,G,,F,6,245,,,15R225,,,,,,0,0,000000000,00000000000,0,0,0,1,0,0,0,0,0,0,0,998,0,1,5,14,6,2,1,0,0,0,1,13,30107,6,1,0,0,3,0,68,170,98,1,0,0,2,7,2009,3,2010,0,58,29,0,0,1,2,55,3,6,8,1,0,0,14,13,6,4,4,7,1,0
13,130284,1,2,3,4,4,3,3,12,1,1,0,13,2,35,32,35032,2,1997,1N4AB42D4VC5,1,N,4,A,B,4,2,D,4,V,C,5,0,P,NISS,2SE,CP,97,17,2252,,0,998,,G,,F,4,097,,,13R175,,,,,,0,0,000000000,00000000000,0,0,0,1,0,0,0,0,0,0,0,998,0,0,0,12,6,2,12,0,0,0,1,13,30179,6,1,0,0,3,0,68,180,98,0,0,0,0,0,0,0,0,0,26,0,0,0,3,2,55,1,1,8,1,98,8,1,51,1,1,1,24,2,0
13,130284,2,2,1,4,4,3,3,12,1,1,0,17,3,82,881,82881,66,2005,1FUJA6CV25LN,1,F,U,J,A,6,C,V,2,5,L,N,1,T,FRHT,COL,TR,5,17,,8,0,0,CON,D,,,6,782,,,,,00000,00,,64,1,57,2176578,572176578,3,6,1,1,0,0,0,0,0,0,0,998,0,0,0,6,2,3,12,0,0,0,1,17,60056,6,1,6,0,3,0,73,225,0,0,0,0,0,0,0,0,0,0,0,0,0,0,3,2,55,1,1,8,1,98,8,1,53,1,1,1,25,0,0
13,130285,1,2,1,5,4,13,30,12,6,1,0,92,0,19,3,19003,2,1989,1G6CD115XK43,1,G,6,C,D,1,1,5,X,K,4,3,0,P,CADI,DFW,CP,89,17,3302,,0,1108,,G,,F,8,276,,,15R205,,,,,,0,0,000000000,00000000000,0,0,0,1,0,0,0,0,0,0,0,998,3,0,0,12,6,2,12,0,0,0,1,37,28387,1,1,0,0,2,0,999,999,0,0,0,0,0,0,0,0,0,0,28,0,0,0,5,4,35,2,4,8,1,0,0,14,10,1,1,2,64,1,1
13,130285,2,2,1,5,4,13,30,12,6,1,0,13,1,82,881,82881,66,2003,1FUJA6AV53LK,1,F,U,J,A,6,A,V,5,3,L,K,1,T,FRHT,COL,TR,3,17,,8,0,0,CON,D,,,6,893,,,,,00000,00,,64,1,57,2011984,572011984,3,6,1,1,0,0,0,0,0,0,0,998,0,0,0,7,4,3,12,0,0,0,1,13,31634,6,1,6,0,3,3,75,260,98,0,0,0,0,0,0,0,0,0,0,0,0,0,5,4,35,3,4,8,1,0,0,14,62,6,9,2,65,0,0
13,130286,1,1,1,5,4,4,33,32,0,1,0,13,2,37,32,37032,2,1998,1HGCG2253WA8,1,H,G,C,G,2,2,5,3,W,A,8,0,P,HOND,UEX,CP,98,17,2963,,0,1051,,G,,F,6,183,,,15R205,,,,,,0,0,000000000,00000000000,0,0,0,1,0,0,0,0,0,0,0,998,0,1,5,9,6,2,42,0,0,0,1,13,30052,6,1,0,0,3,3,73,150,98,0,0,0,0,0,0,0,0,0,58,29,0,0,1,2,55,3,1,8,1,98,8,14,13,7,3,4,2,1,1
13,130287,1,2,1,5,4,17,0,12,2,1,0,13,2,37,441,37441,20,1995,JHMRA1849SC0,J,H,M,R,A,1,8,4,9,S,C,0,0,P,HOND,ODY,SV,95,17,3357,,0,1114,,G,,F,4,132,,,15R205,,,,,,0,0,000000000,00000000000,0,0,0,1,0,0,0,0,0,0,0,998,0,0,0,12,6,2,12,32,0,0,1,13,30528,6,1,0,0,3,0,71,158,98,0,0,0,0,2,2011,2,2011,0,51,36,6,0,1,2,55,1,4,8,1,0,0,1,54,1,1,1,52,1,0
13,130287,2,2,1,5,4,17,0,12,2,1,0,13,1,49,472,49472,30,1997,4TAWN72N4VZ2,4,T,A,W,N,7,2,N,4,V,Z,2,0,T,TOYT,XTR,PC,97,17,,1,0,1219,TAC,G,,,6,206,,,,B,3410,00,M,44,0,0,000000000,00000000000,0,0,0,1,0,0,0,0,0,0,0,998,0,1,5,12,6,2,12,0,0,0,1,13,30528,6,1,0,0,3,0,73,194,98,0,0,0,0,0,0,0,0,0,0,0,0,0,1,2,55,1,4,8,1,0,0,1,54,7,2,1,52,1,0
13,130288,1,2,2,6,4,21,1,12,6,1,0,13,2,49,32,49032,4,2004,1NXBR32E74Z2,1,N,X,B,R,3,2,E,7,4,Z,2,0,P,TOYT,UCS,4D,4,17,2502,,0,1024,,G,,F,4,109,,,15R185,,,,,,0,0,000000000,00000000000,0,0,0,1,0,0,0,0,0,0,0,998,0,0,0,3,6,2,12,0,0,0,1,13,30004,6,1,0,0,3,0,62,170,98,0,0,0,1,11,2010,11,2010,0,38,0,0,0,2,2,45,1,1,2,1,3,3,11,15,1,1,2,68,1,0
13,130288,2,2,1,6,4,21,1,12,6,1,0,13,1,23,431,23431,16,2002,3GKFK16Z72G2,3,G,K,F,K,1,6,Z,7,2,G,2,0,T,GMC,KX1,4W,2,17,,2,0,1300,YUK,F,,,8,325,,,,B,5224,00,K,44,0,0,000000000,00000000000,0,0,0,1,0,0,0,0,0,0,0,998,0,0,0,12,6,2,12,0,0,0,1,13,30004,6,1,0,0,3,0,70,180,98,0,0,1,1,5,2010,5,2010,0,0,0,0,0,2,2,45,1,1,2,1,3,3,1,17,1,1,1,69,0,1
13,130289,1,4,1,6,4,15,23,12,1,1,0,13,4,84,881,84881,62,2012,3HAMMAAL4CL6,3,H,A,M,M,A,A,L,4,C,L,6,0,T,INTL,430,CC,12,17,,6,0,0,40S,D,,,6,466,,,,,00000,00,,42,0,57,620581,57620581,2,1,1,1,0,0,0,0,0,0,0,998,0,0,0,12,4,3,12,0,0,0,1,13,30058,6,1,6,0,3,0,72,185,98,0,0,0,0,0,0,0,0,0,26,0,0,0,3,2,70,1,1,2,1,0,0,1,52,1,1,1,28,0,0
13,130289,2,4,2,6,4,15,23,12,1,1,0,13,1,35,47,35047,4,2006,1N4AL11D96C1,1,N,4,A,L,1,1,D,9,6,C,1,0,P,NISS,ASL,4D,6,17,2915,,0,1102,,G,,F,4,153,,,16R215,,,,,,0,0,000000000,00000000000,0,0,0,1,0,0,0,0,0,0,0,998,0,0,0,6,6,2,12,0,0,1,1,13,30044,6,1,0,0,3,0,62,120,98,0,0,0,0,0,0,0,0,0,0,0,0,0,3,2,70,1,1,2,1,0,0,2,53,1,1,1,29,2,0
13,130289,3,4,3,6,4,15,23,12,1,1,0,13,1,7,482,7482,31,2010,1D7RB1GT3AS1,1,D,7,R,B,1,G,T,3,A,S,1,0,T,DODG,Q15,CW,10,17,,2,0,1400,RPC,G,,,8,348,,,,B,4863,00,7,42,0,0,000000000,00000000000,0,0,0,1,0,0,0,0,0,0,0,998,0,0,0,6,6,2,12,0,0,0,1,13,30079,6,1,0,0,3,3,75,290,98,0,0,0,0,0,0,0,0,0,0,0,0,0,3,2,70,1,1,2,1,0,0,2,53,1,1,1,98,0,0
13,130289,4,4,3,6,4,15,23,12,1,1,0,13,1,24,441,24441,20,2005,5GZDV23LX5D2,5,G,Z,D,V,2,3,L,X,5,D,2,0,P,STRN,RLY,SV,5,17,4290,,0,1211,,G,,F,6,214,,,17R225,,,,,,0,0,000000000,00000000000,0,0,0,1,0,0,0,0,0,0,0,998,0,0,0,6,2,1,12,0,0,0,1,13,30044,6,1,0,0,3,3,76,225,98,0,0,0,0,0,0,0,0,0,0,0,0,0,3,2,70,1,1,2,1,0,0,2,53,1,1,1,98,0,0
13,130290,1,1,4,6,4,7,40,42,0,1,0,37,2,2,404,2404,14,2002,1J4GW58N32C1,1,J,4,G,W,5,8,N,3,2,C,1,0,T,JEEP,LMT,4W,2,17,,1,0,1059,GCK,G,,,8,287,,,,,3980,01,E,44,0,0,000000000,00000000000,0,0,0,1,0,0,0,0,0,0,0,998,0,0,0,12,6,2,42,0,0,0,1,37,27344,6,1,0,0,3,3,70,999,0,0,0,0,0,0,0,0,0,0,29,0,0,0,2,3,70,1,1,8,2,0,0,1,12,1,1,4,6,1,0
13,130291,1,2,1,6,4,18,54,12,6,1,0,13,1,7,472,7472,30,2003,1D7HL42N53S1,1,D,7,H,L,4,2,N,5,3,S,1,0,T,DODG,DSL,PC,3,17,,2,0,1309,DAK,G,,,8,287,,,,B,3869,00,E,42,0,0,000000000,00000000000,0,0,0,1,0,0,0,0,0,0,0,998,0,0,0,9,6,2,12,0,0,0,1,13,30904,6,1,0,0,3,3,67,200,98,0,0,0,0,0,0,0,0,0,39,0,0,0,2,3,45,1,1,2,1,3,3,1,17,1,1,1,89,1,0
13,130291,2,2,2,6,4,18,54,12,6,1,0,13,1,20,403,20403,14,2004,1GNET16S6461,1,G,N,E,T,1,6,S,6,4,6,1,0,P,CHEV,TRL,UT,4,17,4954,,0,1290,,G,,F,6,256,,,17R245,,,,,,0,0,000000000,00000000000,0,0,0,1,0,0,0,0,0,0,0,998,0,0,0,12,6,2,12,0,0,0,1,13,30906,6,1,0,0,3,0,66,200,98,0,0,0,0,0,0,0,0,0,0,0,0,0,2,3,45,1,1,2,1,3,3,1,66,1,1,1,88,0,0
13,130292,1,1,1,6,4,10,19,1,0,1,0,13,1,12,401,12401,14,1999,1FMYU22E5XUC,1,F,M,Y,U,2,2,E,5,X,U,C,0,P,FORD,EPR,UT,99,17,3675,,0,1017,,G,,F,6,245,,,15R235,,,,,,0,0,000000000,00000000000,0,0,0,1,0,0,0,0,0,0,0,998,0,2,5,0,6,2,1,0,0,0,1,13,30815,6,1,0,0,3,0,68,230,98,0,0,0,1,2,2011,2,2011,0,58,29,0,0,3,2,55,1,1,8,1,98,8,1,13,7,3,4,2,1,0
13,130293,1,1,1,7,4,3,38,43,0,1,0,13,2,12,481,12481,31,1995,1FTDF15Y3SNB,1,F,T,D,F,1,5,Y,3,S,N,B,0,T,FORD,F15,PK,95,17,,1,1330,1170,COF,G,,,6,300,,,,B,00000,00,M,42,0,0,000000000,00000000000,0,0,0,1,0,0,0,0,0,0,0,998,0,0,0,12,6,2,30,0,0,0,1,13,31419,6,1,0,0,3,3,69,275,98,0,0,0,0,0,0,0,0,0,29,0,0,0,2,3,45,1,1,1,1,0,0,1,13,1,1,4,1,1,1
13,130294,1,2,1,7,4,0,40,12,6,1,0,13,1,37,32,37032,2,2002,1HGCG22512A0,1,H,G,C,G,2,2,5,1,2,A,0,0,P,HOND,UEX,CP,2,17,3283,,0,1051,,G,,F,6,183,,,16R205,,,,,,0,0,000000000,00000000000,0,0,0,1,0,0,0,0,0,0,0,998,0,0,0,3,6,2,12,0,0,0,1,13,30178,6,1,0,0,3,0,70,155,98,0,0,0,0,0,0,0,0,0,28,0,0,0,1,2,45,3,6,8,1,0,0,14,10,1,1,2,64,1,1
13,130294,2,2,1,7,4,0,40,12,6,1,0,13,1,2,404,2404,14,1996,1J4FX58S7TC3,1,J,4,F,X,5,8,S,7,T,C,3,0,T,JEEP,LRO,4W,96,17,,1,0,1059,GCK,G,,,6,242,,,,,3510,00,E,42,0,0,000000000,00000000000,0,0,0,1,0,0,0,0,0,0,0,998,0,0,0,12,6,2,12,0,0,0,1,13,30153,6,1,0,0,3,0,72,210,98,0,0,0,0,0,0,0,0,0,0,0,0,0,1,2,45,2,5,8,1,0,0,14,62,99,9,1,65,0,0
13,130295,1,1,1,7,4,20,44,42,0,1,0,13,1,49,472,49472,30,2007,3TMJU62N47M0,3,T,M,J,U,6,2,N,4,7,M,0,0,T,TOYT,DCP,CW,7,17,,1,0,1278,TAC,G,,,6,244,,,,B,3845,00,E,42,0,0,000000000,00000000000,0,0,0,1,0,0,0,0,0,0,0,998,0,0,0,12,6,2,42,32,0,0,1,13,30223,6,1,0,0,3,3,71,218,98,0,0,0,0,0,0,0,0,0,29,0,0,0,1,2,45,2,1,8,1,0,0,14,12,1,1,4,6,1,0
13,130296,1,1,2,8,4,1,4,1,0,1,0,13,2,20,401,20401,14,1998,1GNCS13WXW21,1,G,N,C,S,1,3,W,X,W,2,1,0,P,CHEV,BZR,UT,98,17,3685,,0,1070,,G,,F,6,262,,,15R235,,,,,,0,0,000000000,00000000000,0,0,0,1,0,0,0,0,0,0,0,998,0,2,5,0,6,2,42,0,0,0,1,13,31520,0,0,0,0,0,0,66,150,98,0,0,0,0,0,0,0,0,1,37,29,36,0,6,1,70,3,1,8,1,0,0,14,13,6,4,4,2,2,1
13,130297,1,2,1,8,4,11,20,12,6,1,0,13,1,20,32,20032,4,1997,1Y1SK5264VZ4,1,Y,1,S,K,5,2,6,4,V,Z,4,0,P,GEO,GEP,4D,97,17,2360,,0,971,,G,,F,4,097,,,14R175,,,,,,0,0,000000000,00000000000,0,0,0,1,0,0,0,0,0,0,0,998,0,0,0,3,6,2,12,32,0,0,1,13,30523,6,1,0,0,3,3,65,156,98,0,0,0,0,0,0,0,0,0,38,0,0,0,3,2,65,1,1,8,1,3,3,11,15,1,1,2,68,1,0
13,130297,2,2,1,8,4,11,20,12,6,1,0,13,1,12,443,12443,20,2006,2FMZA522X6BA,2,F,M,Z,A,5,2,2,X,6,B,A,0,P,FORD,FRE,SV,6,17,4275,,0,1208,,G,,F,6,256,,,16R235,,,,,,0,0,000000000,00000000000,0,0,0,1,0,0,0,0,0,0,0,998,0,0,0,12,6,2,12,0,0,0,1,13,30575,6,1,6,0,3,3,72,200,98,0,0,0,1,10,2010,10,2010,0,0,0,0,0,3,2,65,1,1,8,1,3,3,1,17,1,1,1,69,0,0
13,130298,1,2,2,8,4,10,48,12,6,1,0,0,0,98,709,98709,88,2010,000000000000,0,0,0,0,0,0,0,0,0,0,0,0,0,,,,,,,,,,,,,,,,,,,,,,,,,0,0,000000000,00000000000,0,0,0,1,0,0,0,0,0,0,0,998,0,0,0,3,6,2,12,0,0,0,1,13,31516,0,0,0,0,1,0,999,999,98,0,0,0,0,0,0,0,0,0,38,0,0,0,1,2,35,1,1,8,1,0,0,98,98,1,1,7,98,1,0
13,130298,2,2,3,8,4,10,48,12,6,1,0,13,1,20,403,20403,14,2004,1GNDS13S0422,1,G,N,D,S,1,3,S,0,4,2,2,0,P,CHEV,TRL,UT,4,17,4425,,0,1130,,G,,F,6,256,,,16R245,,,,,,0,0,000000000,00000000000,0,0,0,1,0,0,0,0,0,0,0,998,0,0,0,12,2,1,12,0,0,0,1,13,31516,6,1,0,0,3,0,61,270,98,0,0,0,0,0,0,0,0,0,0,0,0,0,1,2,35,1,1,8,1,0,0,1,98,1,1,1,98,0,0