STATE,ST_CASE,VEH_NO,VE_FORMS,NUMOCCS,DAY,MONTH,HOUR,MINUTE,HARM_EV,MAN_COLL,UNITTYPE,HIT_RUN,REG_STAT,OWNER,MAKE,MODEL,MAK_MOD,BODY_TYP,MOD_YEAR,VIN,VIN_1,VIN_2,VIN_3,VIN_4,VIN_5,VIN_6,VIN_7,VIN_8,VIN_9,VIN_10,VIN_11,VIN_12,TOW_VEH,VINTYPE,VINMAKE,VINA_MOD,VIN_BT,VINMODYR,VIN_LNGT,VIN_WGT,WGTCD_TR,WHLBS_LG,WHLBS_SH,SER_TR,FUELCODE,MCYCL_DS,CARBUR,CYLINDER,DISPLACE,MCYCL_CY,MCYCL_WT,TIRE_SZE,TON_RAT,TRK_WT,TRKWTVAR,VIN_REST,WHLDRWHL,J_KNIFE,MCARR_I1,MCARR_I2,MCARR_ID,GVWR,V_CONFIG,CARGO_BT,HAZ_INV,HAZ_PLAC,HAZ_ID,HAZ_CNO,HAZ_REL,BUS_USE,SPEC_USE,EMER_USE,TRAV_SP,UNDERIDE,ROLLOVER,ROLINLOC,IMPACT1,DEFORMED,TOWED,M_HARM,VEH_SC1,VEH_SC2,FIRE_EXP,DR_PRES,L_STATE,DR_ZIP,L_STATUS,L_TYPE,CDL_STAT,L_ENDORS,L_COMPL,L_RESTRI,DR_HGT,DR_WGT,PREV_ACC,PREV_SUS,PREV_DWI,PREV_SPD,PREV_OTH,FIRST_MO,FIRST_YR,LAST_MO,LAST_YR,SPEEDREL,DR_SF1,DR_SF2,DR_SF3,DR_SF4,VTRAFWAY,VNUM_LAN,VSPD_LIM,VALIGN,VPROFILE,VPAVETYP,VSURCOND,VTRAFCON,VTCONT_F,P_CRASH1,P_CRASH2,P_CRASH3,PCRASH4,PCRASH5,ACC_TYPE,DEATHS,DR_DRINK
13,130330,1,2,1,16,4,8,45,12,6,1,0,13,2,37,32,37032,4,2004,1HGCM665X4A0,1,H,G,C,M,6,6,5,X,4,A,0,0,P,HOND,UEX,4D,4,17,3384,,0,1079,,G,,F,6,183,,,000000,,,,,,0,0,000000000,00000000000,0,0,0,1,0,0,0,0,0,0,0,998,0,0,0,3,6,2,12,0,0,0,1,13,30125,6,1,6,0,3,0,71,185,98,0,0,0,0,0,0,0,0,0,28,0,0,0,1,2,45,2,6,2,2,0,0,14,10,1,1,2,66,1,0
13,130330,2,2,2,16,4,8,45,12,6,1,0,13,3,12,461,12461,21,1995,1FBJS31H9SHA,1,F,B,J,S,3,1,H,9,S,H,A,0,T,FORD,CS3,ES,95,17,,2,0,1380,CWS,G,,,8,351,,,,D,5863,00,M,42,0,0,000000000,00000000000,0,0,0,1,0,0,0,0,0,0,0,998,0,0,0,12,6,2,12,0,0,0,1,13,30153,6,1,0,0,3,0,72,215,98,0,0,0,1,6,2010,6,2010,0,0,0,0,0,1,2,45,1,5,2,2,0,0,1,62,7,1,1,66,0,0
13,130331,1,2,1,16,4,13,4,12,6,1,0,93,3,86,881,86881,66,2007,1M1AJ07Y17N0,1,M,1,A,J,0,7,Y,1,7,N,0,1,T,MACK,CHN,TR,7,17,,8,0,0,600,D,,,6,728,,,,,00000,00,,64,1,57,731076,57731076,3,6,1,1,0,0,0,0,0,0,0,998,0,0,0,9,6,2,12,0,0,0,1,13,30172,6,1,6,0,3,0,73,190,98,0,0,0,0,0,0,0,0,0,0,0,0,0,1,2,35,2,6,2,2,0,0,14,10,1,1,2,66,0,0
13,130331,2,2,1,16,4,13,4,12,6,1,0,13,2,14,443,14443,20,1997,4M2DV1116VDJ,4,M,2,D,V,1,1,1,6,V,D,J,0,P,MERC,VLR,SV,97,17,4003,,0,1122,,G,,F,6,182,,,15R205,,,,,,0,0,000000000,00000000000,0,0,0,1,0,0,0,0,0,0,0,998,0,0,0,12,6,2,12,32,0,0,1,13,30707,6,1,0,0,3,0,72,180,98,0,0,0,0,0,0,0,0,0,0,0,0,0,1,2,35,1,5,2,2,0,0,1,62,1,1,1,66,1,0
13,130332,1,1,2,17,4,12,25,42,0,1,0,13,1,20,403,20403,14,2007,1GNDS13SX722,1,G,N,D,S,1,3,S,X,7,2,2,0,P,CHEV,TRL,UT,7,17,4356,,0,1130,,G,,F,6,256,,,17R245,,,,,,0,0,000000000,00000000000,0,0,0,1,0,0,0,0,0,0,0,998,0,0,0,12,6,2,42,32,0,0,1,13,30467,6,1,0,0,3,0,73,190,98,0,0,0,0,0,0,0,0,0,58,0,0,0,1,2,55,1,6,2,1,28,3,1,12,1,1,4,6,2,0
13,130333,1,2,1,17,4,15,53,12,6,1,0,17,3,84,881,84881,66,2012,3HSDJSJR6CN6,3,H,S,D,J,S,J,R,6,C,N,6,1,T,INTL,PRO,TR,12,17,,8,0,0,PRO,D,,,6,793,,,,,00000,00,,64,1,57,746426,57746426,3,6,2,2,2,2319,3,1,0,0,0,998,0,0,0,10,4,3,12,0,0,0,1,12,32222,6,1,6,1,3,3,68,999,0,0,0,0,0,0,0,0,0,0,38,0,0,0,1,2,45,1,2,2,1,20,3,11,15,1,1,1,82,0,0
13,130333,2,2,1,17,4,15,53,12,6,1,0,45,1,20,401,20401,14,1999,1GNCS13W1X22,1,G,N,C,S,1,3,W,1,X,2,2,0,P,CHEV,BZR,UT,99,17,3692,,0,1070,,G,,F,6,262,,,15R205,,,,,,0,0,000000000,00000000000,0,0,0,1,0,0,0,0,0,0,0,998,0,0,0,12,6,2,12,0,0,0,1,45,29801,6,1,0,0,3,0,75,182,0,0,0,0,0,0,0,0,0,0,0,0,0,0,5,4,55,1,2,2,1,0,0,1,67,1,1,1,83,1,0
13,130334,1,1,1,20,4,13,27,32,0,1,0,92,0,98,998,98998,92,1973,000000000000,0,0,0,0,0,0,0,0,0,0,0,0,0,,,,,,,,,,,,,,,,,,,,,,,,,0,0,000000000,00000000000,0,0,0,1,0,0,0,0,0,0,0,998,0,0,0,14,6,2,5,0,0,0,1,13,30529,0,0,2,0,1,0,68,185,98,0,0,0,0,0,0,0,0,0,0,0,0,0,1,2,45,1,1,2,1,28,3,1,98,99,1,5,98,1,0
13,130335,1,1,1,21,4,1,36,8,0,1,1,99,9,99,999,99999,99,9999,999999999999,9,9,9,9,9,9,9,9,9,9,9,9,9,,,,,,,,,,,,,,,,,,,,,,,,,0,99,999999999,99999999999,9,99,99,1,0,0,0,0,99,99,9,999,9,0,0,12,9,9,8,99,99,0,1,99,99999,9,9,99,9,9,9,999,999,99,99,99,99,99,99,9999,99,9999,9,99,99,99,99,3,4,65,1,1,2,1,0,0,1,80,99,9,9,13,0,0
13,130336,1,2,2,21,4,22,48,12,7,1,0,13,1,23,421,23421,15,2003,1GKEC13Z53R2,1,G,K,E,C,1,3,Z,5,3,R,2,0,T,GMC,YUK,4W,3,17,,2,0,1160,YUK,F,,,8,325,,,,B,4875,00,4,42,0,0,000000000,00000000000,0,0,0,1,0,0,0,0,0,0,0,998,0,0,0,1,6,2,12,0,0,0,1,19,31314,6,1,0,0,3,0,68,205,0,0,0,1,1,1,2010,11,2011,1,80,0,0,0,3,4,65,1,1,1,2,0,0,1,1,1,1,2,48,0,0
13,130336,2,2,2,21,4,22,48,12,7,1,0,34,1,7,482,7482,31,2003,1D7HA18N43S2,1,D,7,H,A,1,8,N,4,3,S,2,0,T,DODG,SQ1,CW,3,17,,2,1605,1405,RPC,G,,,8,287,,,,B,4665,03,E,42,0,0,000000000,00000000000,0,0,0,1,0,0,0,0,0,0,0,998,0,0,0,11,6,2,42,0,0,0,1,34,8527,6,1,6,0,3,0,68,999,0,0,0,0,2,5,2011,6,2011,0,0,0,0,0,3,4,65,1,1,1,2,0,0,1,60,1,1,1,48,1,0
13,130337,1,2,1,21,4,17,22,12,7,1,0,13,1,20,471,20471,30,1989,1GCCS14Z1K81,1,G,C,C,S,1,4,Z,1,K,8,1,0,T,CHEV,S14,PK,89,17,,1,1179,1083,S,G,,,6,262,,,,B,2612,01,,42,0,0,000000000,00000000000,0,0,0,1,0,0,0,0,0,0,0,998,0,0,0,8,2,1,12,0,0,0,1,13,30032,6,1,0,0,3,0,67,150,98,0,0,0,0,0,0,0,0,0,38,0,0,0,1,2,40,1,2,2,1,3,3,10,16,1,1,1,78,0,0
13,130337,2,2,1,21,4,17,22,12,7,1,0,92,0,37,706,37706,80,2001,JH2SC44091M1,J,H,2,S,C,4,4,0,9,1,M,1,0,M,HOND,CR9,RC,1,17,,,,,,,929,,4,,4,379,,,,,,,0,0,000000000,00000000000,0,0,0,1,0,0,0,0,0,0,0,998,0,0,0,9,4,3,12,0,0,0,1,13,30032,6,1,0,0,3,0,67,190,98,0,0,0,0,0,0,0,0,0,0,0,0,0,1,4,40,1,2,2,1,3,3,1,60,1,1,1,79,1,0
13,130338,1,1,1,21,4,23,37,8,0,1,0,13,1,13,5,13005,4,1995,1LNLM97V9SY6,1,L,N,L,M,9,7,V,9,S,Y,6,0,P,LINC,CON,4D,95,17,3972,,0,1090,,G,,F,8,281,,,16R225,,,,,,0,0,000000000,00000000000,0,0,0,1,0,0,0,0,0,0,0,998,0,0,0,12,2,8,8,0,0,0,1,13,30084,6,1,0,0,3,3,75,220,98,0,0,0,0,0,0,0,0,0,0,0,0,0,5,4,35,1,1,2,1,0,0,1,80,1,1,1,13,0,0
13,130339,1,1,3,21,4,1,52,34,0,1,0,13,4,12,461,12461,21,2002,1FBSS31S32HB,1,F,B,S,S,3,1,S,3,2,H,B,0,T,FORD,WSD,ES,2,17,,2,0,1380,ECO,G,,,10,415,,,,D,6425,01,E,42,0,0,000000000,00000000000,0,0,0,1,0,0,0,0,0,0,0,998,0,1,6,12,6,2,42,0,0,0,1,13,30310,6,1,0,0,3,0,74,180,98,0,0,0,0,0,0,0,0,1,58,0,0,0,3,2,70,1,6,2,1,28,3,1,13,1,7,4,2,1,0
13,130340,1,1,1,22,4,2,29,53,0,1,0,13,1,12,3,12003,2,2000,1FAFP4044YF1,1,F,A,F,P,4,0,4,4,Y,F,1,0,P,FORD,MUS,CP,0,17,3066,,0,1013,,G,,F,6,232,,,15R205,,,,,,0,0,000000000,00000000000,0,0,0,1,0,0,0,0,0,0,0,998,0,0,0,12,6,2,42,0,0,0,1,13,30058,6,1,0,0,3,0,66,125,98,0,0,1,0,1,2010,1,2010,0,0,0,0,0,1,2,35,1,1,2,1,0,0,1,13,1,1,4,1,1,1
13,130341,1,2,2,22,4,8,17,12,1,1,0,13,1,35,47,35047,4,1998,1N4DL01D4WC1,1,N,4,D,L,0,1,D,4,W,C,1,0,P,NISS,AGS,4D,98,17,2766,,0,1031,,G,,F,4,146,,,15R195,,,,,,0,0,000000000,00000000000,0,0,0,1,0,0,0,0,0,0,0,998,0,0,0,6,6,2,12,32,0,0,1,13,30172,6,1,0,0,3,0,69,155,98,0,0,0,0,0,0,0,0,0,39,0,0,0,1,2,35,1,1,2,1,3,3,11,15,1,1,1,84,1,0
13,130341,2,2,1,22,4,8,17,12,1,1,0,13,1,20,473,20473,30,2007,1GCDS19E8781,1,G,C,D,S,1,9,E,8,7,8,1,0,T,CHEV,RDO,4C,7,17,,1,0,1260,CAL,G,,,5,226,,,,,3468,01,,42,0,0,000000000,00000000000,0,0,0,1,0,0,0,0,0,0,0,998,0,0,0,12,6,2,12,0,0,0,1,13,30103,6,1,0,0,3,0,75,240,98,0,0,0,0,0,0,0,0,0,0,0,0,0,2,4,65,1,1,2,1,3,3,1,65,1,1,1,84,0,0
13,130342,1,3,1,22,4,21,14,12,2,1,0,13,1,37,32,37032,4,1997,1HGCD5532VA2,1,H,G,C,D,5,5,3,2,V,A,2,0,P,HOND,ULE,4D,97,17,2798,,0,1069,,G,,F,4,132,,,15R185,,,,,,0,0,000000000,00000000000,0,0,0,1,0,0,0,0,0,0,0,998,0,0,0,12,6,2,12,0,0,0,1,13,30434,6,1,0,0,3,3,70,160,98,0,0,0,0,0,0,0,0,0,51,0,0,0,3,3,55,1,1,2,1,0,0,1,54,1,1,1,52,1,0
13,130342,2,3,1,22,4,21,14,12,2,1,0,13,1,54,37,54037,2,1998,19UYA2256WL0,1,9,U,Y,A,2,2,5,6,W,L,0,0,P,ACUR,30C,CP,98,17,3186,,0,1069,,G,,F,6,183,,,16R205,,,,,,0,0,000000000,00000000000,0,0,0,1,0,0,0,0,0,0,0,998,0,0,0,12,6,2,12,0,0,0,1,13,30906,6,1,0,0,3,0,66,180,98,0,0,0,0,0,0,0,0,0,84,0,0,0,3,3,65,1,1,2,1,0,0,1,54,6,1,1,52,0,0
13,130342,3,3,2,22,4,21,14,12,2,1,0,13,2,35,43,35043,4,2007,3N1AB61E77L6,3,N,1,A,B,6,1,E,7,7,L,6,0,P,NISS,SL2,4D,7,17,2853,,0,1057,,G,,F,4,122,,,15R205,,,,,,0,0,000000000,00000000000,0,0,0,1,0,0,0,0,0,0,0,998,0,0,0,12,6,2,12,0,0,0,1,13,30813,6,1,0,0,3,3,66,140,98,1,0,2,1,10,2009,12,2009,0,84,0,0,0,3,3,65,1,1,2,1,0,0,1,78,7,1,1,98,0,0
13,130343,1,2,1,24,4,5,22,12,6,1,0,13,2,35,39,35039,4,1997,JN1CA21D6VM5,J,N,1,C,A,2,1,D,6,V,M,5,0,P,NISS,MGS,4D,97,17,2886,,0,1063,,G,,F,6,182,,,15R205,,,,,,0,0,000000000,00000000000,0,0,0,1,0,0,0,0,0,0,0,998,0,0,0,11,6,2,12,0,0,0,1,13,30114,6,1,0,0,3,3,72,225,98,0,0,0,0,0,0,0,0,0,38,0,0,0,1,2,35,1,1,2,1,20,3,11,15,1,1,1,68,0,0
13,130343,2,2,1,24,4,5,22,12,6,1,0,13,1,53,706,53706,80,2005,JS1GW71A0521,J,S,1,G,W,7,1,A,0,5,2,1,0,M,SUZI,G13,RC,5,17,,,,,,,1298,,4,,4,478,,,,,,,0,0,000000000,00000000000,0,0,0,1,0,0,0,0,0,0,0,998,0,0,0,12,6,2,12,0,0,0,1,13,31788,6,1,0,0,3,2,72,280,98,0,0,1,1,3,2010,11,2010,0,74,0,0,0,1,2,55,1,1,2,1,0,0,1,65,1,1,1,69,1,0
13,130344,1,2,1,24,4,23,45,12,2,1,0,13,2,20,471,20471,30,2003,1GCCS14XX381,1,G,C,C,S,1,4,X,X,3,8,1,0,T,CHEV,S14,PK,3,17,,1,0,1083,S,G,,,6,262,,,,B,3016,01,,42,0,0,000000000,00000000000,0,0,0,1,0,0,0,0,0,0,0,998,0,0,0,12,6,2,12,0,0,0,1,13,30120,6,1,0,0,3,0,70,220,98,0,0,0,0,0,0,0,0,0,51,0,0,0,3,2,55,1,2,2,1,0,0,1,54,1,1,1,52,1,0
13,130344,2,2,1,24,4,23,45,12,2,1,0,13,1,34,34,34034,1,2009,WBAWL73539P1,W,B,A,W,L,7,3,5,3,9,P,1,0,P,BMW,35I,CV,9,17,4023,,0,1087,,G,,T,6,183,,,17R225,,,,,,0,0,000000000,00000000000,0,0,0,1,0,0,0,0,0,0,0,998,0,0,0,12,6,2,12,0,0,0,1,13,30101,6,1,0,0,3,3,69,140,98,0,0,1,0,4,2011,4,2011,0,0,0,0,0,3,2,55,1,2,2,1,0,0,1,54,1,1,1,52,0,0
13,130345,1,1,1,24,4,16,17,34,0,1,0,13,3,20,481,20481,31,2007,2GCEK13C5715,2,G,C,E,K,1,3,C,5,7,1,5,0,T,CHEV,1KW,CW,7,17,,2,0,1435,SIL,G,,,8,293,,,,B,5371,00,,44,0,0,000000000,00000000000,0,0,0,1,0,0,0,0,0,0,0,998,0,1,6,14,6,2,1,0,0,0,1,13,30277,6,1,0,0,3,3,64,135,98,3,0,0,2,11,2009,2,2012,1,0,0,0,0,1,2,50,3,1,2,1,0,0,14,6,1,4,4,7,1,0
13,130346,1,1,1,24,4,22,6,33,0,1,0,13,2,59,403,59403,14,2004,JTJGA31U7400,J,T,J,G,A,3,1,U,7,4,0,0,0,P,LEXS,R33,UT,4,17,3860,,0,1069,,G,,F,6,202,,,17R225,,,,,,0,0,000000000,00000000000,0,0,0,1,0,0,0,0,0,0,0,998,0,1,6,11,6,2,1,32,0,0,1,13,30350,6,1,0,0,3,0,76,195,98,0,0,0,0,0,0,0,0,0,0,0,0,0,1,2,35,2,1,2,1,0,0,14,12,1,1,4,6,1,0
13,130347,1,2,1,24,4,9,8,12,2,1,0,13,1,12,401,12401,14,1994,1FMCU22X8RUE,1,F,M,C,U,2,2,X,8,R,U,E,0,P,FORD,EPR,UT,94,17,3646,,0,1020,,G,,F,6,245,,,15R225,,,,,,0,0,000000000,00000000000,0,0,0,1,0,0,0,0,0,0,0,998,0,0,0,12,4,3,12,0,0,0,1,13,30633,6,1,0,0,3,3,72,193,98,0,0,0,0,0,0,0,0,0,38,0,0,0,1,2,45,1,1,2,1,28,3,11,15,1,1,1,74,0,0
13,130347,2,2,1,24,4,9,8,12,2,1,0,13,1,72,706,72706,80,2001,1HD1BMY131Y0,1,H,D,1,B,M,Y,1,3,1,Y,0,0,M,HD,FLF,RS,1,17,,,,,,,1450,,2,,4,666,,,,,,,0,0,000000000,00000000000,0,0,0,1,0,0,0,0,0,0,0,998,0,0,0,12,6,2,12,0,0,0,1,13,30558,6,1,0,0,3,1,69,210,98,0,0,0,0,0,0,0,0,0,0,0,0,0,1,2,45,1,1,2,1,28,3,1,63,1,1,1,74,1,0
13,130348,1,4,1,25,4,18,58,12,9,1,0,13,1,53,706,53706,80,2003,JS1VT54A6321,J,S,1,V,T,5,4,A,6,3,2,1,0,M,SUZI,SK3,RC,3,17,,,,,,,996,,2,,4,417,,,,,,,0,0,000000000,00000000000,0,0,0,1,0,0,0,0,0,0,0,998,0,0,0,6,4,1,12,0,0,0,1,13,30173,6,1,0,0,3,1,77,245,98,0,0,0,0,0,0,0,0,0,0,0,0,0,1,2,55,1,1,2,1,0,0,1,53,1,1,1,32,0,0
13,130348,2,4,1,25,4,18,58,12,9,1,0,1,2,76,709,76709,89,2006,JYARJ12E36A0,J,Y,A,R,J,1,2,E,3,6,A,0,0,M,YAMA,R6L,RC,6,17,,,,,,,599,,4,,4,357,,,,,,,0,0,000000000,00000000000,0,0,0,1,0,0,0,0,0,0,0,998,0,0,0,3,6,2,12,0,0,0,1,13,30161,6,1,0,0,2,0,69,224,98,0,0,0,0,0,0,0,0,1,0,0,0,0,1,2,55,1,1,2,1,0,0,1,51,2,1,1,32,1,0
13,130348,3,4,1,25,4,18,58,12,9,1,0,13,1,73,705,73705,80,1996,JKAZXDP18TA0,J,K,A,Z,X,D,P,1,8,T,A,0,0,M,KAWK,Z7P,RC,96,17,,,,,,,750,,4,,4,430,,,,,,,0,0,000000000,00000000000,0,0,0,1,0,0,0,0,0,0,0,998,0,0,0,6,0,1,12,0,0,0,1,13,30161,6,1,0,0,3,1,74,220,98,0,0,0,0,0,0,0,0,0,0,0,0,0,1,2,55,1,1,2,1,0,0,1,53,1,1,1,98,0,0
13,130348,4,4,2,25,4,18,58,12,9,1,0,13,2,7,41,7041,4,2000,2B3HD56J0YH4,2,B,3,H,D,5,6,J,0,Y,H,4,0,P,DODG,IES,4D,0,17,3403,,0,1130,,G,,F,6,197,,,16R225,,,,,,0,0,000000000,00000000000,0,0,0,1,0,0,0,0,0,0,0,998,0,0,0,6,2,1,12,0,0,0,1,13,30124,6,1,0,0,3,0,65,150,98,0,0,0,0,0,0,0,0,0,0,0,0,0,1,2,45,1,1,2,1,0,0,11,53,1,1,1,98,0,0
13,130349,1,1,3,25,4,11,4,8,0,1,0,13,6,12,37,12037,4,2005,1FAFP34N95W1,1,F,A,F,P,3,4,N,9,5,W,1,0,P,FORD,ZX4,4D,5,17,2677,,0,1030,,G,,F,4,122,,,15R195,,,,,,0,0,000000000,00000000000,0,0,0,1,0,0,0,0,0,0,0,998,0,0,0,12,2,3,8,32,0,0,0,0,99997,7,6,97,7,6,7,998,997,998,998,998,998,998,98,9998,98,9998,8,0,0,0,0,1,2,25,3,6,2,1,0,0,0,80,0,0,0,15,0,0
13,130350,1,1,1,25,4,23,40,34,0,1,0,13,2,49,40,49040,4,2012,4T1BF1FK5CU5,4,T,1,B,F,1,F,K,5,C,U,5,0,P,TOYT,CBA,4D,12,17,3190,,0,1093,,G,,F,4,152,,,16R205,,,,,,0,0,000000000,00000000000,0,0,0,1,0,0,0,0,0,0,0,998,0,1,6,14,6,2,1,0,0,0,1,13,30510,6,2,0,0,3,3,74,210,98,1,0,0,0,9,2009,9,2009,0,0,0,0,0,1,2,55,3,5,2,1,28,3,14,13,1,1,4,1,1,0
13,130351,1,1,1,25,4,20,45,8,0,1,0,13,2,12,17,12017,4,1998,1FAFP52S0WA1,1,F,A,F,P,5,2,S,0,W,A,1,0,P,FORD,TLS,4D,98,17,3359,,0,1085,,G,,F,6,182,,,15R205,,,,,,0,0,000000000,00000000000,0,0,0,1,0,0,0,0,0,0,0,998,0,0,0,14,2,1,8,0,0,0,1,13,31331,6,1,0,0,3,0,64,155,98,0,0,0,0,0,0,0,0,0,0,0,0,0,1,2,55,1,1,2,1,0,0,1,80,1,1,1,13,0,0
13,130352,1,1,1,26,4,14,41,32,0,1,0,92,0,20,444,20444,20,2006,1GNDV23L06D1,1,G,N,D,V,2,3,L,0,6,D,1,0,P,CHEV,UPL,SV,6,17,4470,,0,1211,,G,,F,6,214,,,000000,,,,,,0,0,000000000,00000000000,0,0,0,1,0,0,0,0,0,0,0,998,0,0,0,12,6,2,32,0,0,1,1,13,30417,6,1,0,0,3,3,67,165,98,0,0,0,0,0,0,0,0,0,36,0,0,0,2,4,70,1,1,1,1,0,0,1,13,1,1,4,1,1,0
13,130353,1,2,1,26,4,10,40,12,6,1,0,13,2,24,3,24003,6,1995,1G8ZK8272SZ1,1,G,8,Z,K,8,2,7,2,S,Z,1,0,P,STRN,SW2,SW,95,17,2382,,0,1024,,G,,F,4,116,,,15R195,,,,,,0,0,000000000,00000000000,0,0,0,1,0,0,0,0,0,0,0,998,0,0,0,9,6,2,12,32,0,0,1,13,31527,6,1,0,0,3,3,72,175,98,0,0,0,0,0,0,0,0,0,38,0,0,0,0,0,0,0,0,0,0,0,0,1,98,1,1,1,89,1,0
13,130353,2,2,2,26,4,10,40,12,6,1,0,12,1,30,46,30046,4,2010,3VWRL7AJ6AM1,3,V,W,R,L,7,A,J,6,A,M,1,0,P,VOLK,JTD,4D,10,17,3184,,0,1015,,D,,T,4,120,,,16R205,,,,,,0,0,000000000,00000000000,0,0,0,1,0,0,0,0,0,0,0,998,0,0,0,12,6,2,12,0,0,0,1,12,32259,6,1,0,0,3,0,71,999,0,0,0,0,0,0,0,0,0,0,0,0,0,0,2,4,65,1,1,2,1,0,0,1,71,1,1,1,88,0,0
13,130354,1,1,2,26,4,23,9,34,0,1,0,13,2,22,20,22020,4,1998,1G2WP521XWF2,1,G,2,W,P,5,2,1,X,W,F,2,0,P,PONT,GTP,4D,98,17,3414,,0,1105,,G,,Z,6,231,,,16R225,,,,,,0,0,000000000,00000000000,0,0,0,1,0,0,0,0,0,0,0,998,0,1,6,12,6,2,42,0,0,0,1,13,30175,1,1,0,0,2,0,69,210,98,3,0,0,2,6,2009,6,2010,1,36,0,0,0,1,2,55,2,1,2,1,0,0,14,12,1,1,4,6,1,1
13,130355,1,1,1,26,4,20,4,8,0,1,1,99,9,99,999,99999,99,9999,999999999999,9,9,9,9,9,9,9,9,9,9,9,9,9,,,,,,,,,,,,,,,,,,,,,,,,,0,99,999999999,99999999999,9,99,99,1,0,0,0,0,99,99,9,999,0,0,0,11,4,1,8,0,0,0,1,99,99999,9,9,99,9,9,9,999,999,99,99,99,99,99,99,9999,99,9999,0,99,99,99,99,1,4,45,1,1,2,1,0,0,1,80,99,1,1,13,0,0
13,130356,1,2,1,27,4,9,55,12,2,1,0,13,1,55,33,55033,4,2010,5NPET4AC8AH5,5,N,P,E,T,4,A,C,8,A,H,5,0,P,HYUN,SGL,4D,10,17,3292,,0,1074,,G,,F,4,144,,,16R215,,,,,,0,0,000000000,00000000000,0,0,0,1,0,0,0,0,0,0,0,998,0,0,0,12,6,2,12,0,0,0,1,13,30446,6,1,0,0,3,0,69,180,98,0,0,0,0,0,0,0,0,0,0,0,0,0,5,4,45,1,1,2,1,0,0,1,10,1,1,1,50,1,0
13,130356,2,2,2,27,4,9,55,12,2,1,0,13,1,12,471,12471,30,1999,1FTYR10V3XTA,1,F,T,Y,R,1,0,V,3,X,T,A,0,T,FORD,RNG,PK,99,17,,1,1175,1116,RNG,F,,,6,182,,,,B,00000,00,U,42,0,0,000000000,00000000000,0,0,0,1,0,0,0,0,0,0,0,998,0,0,0,12,6,2,12,0,0,0,1,13,30415,6,1,0,0,3,3,67,183,98,0,0,0,0,0,0,0,0,0,0,0,0,0,5,4,45,1,1,2,1,0,0,1,62,1,1,1,51,1,0
13,130357,1,1,1,27,4,18,2,8,0,1,0,13,1,30,40,30040,4,2004,3VWSE69M74M0,3,V,W,S,E,6,9,M,7,4,M,0,0,P,VOLK,JGS,4D,4,17,2964,,0,989,,G,,T,4,109,,,15R195,,,,,,0,0,000000000,00000000000,0,0,0,1,0,0,0,0,0,0,0,998,0,0,0,12,2,3,8,0,0,0,1,13,30106,6,1,0,0,3,0,65,122,98,0,0,1,0,2,2011,2,2011,0,0,0,0,0,3,2,45,1,1,2,1,0,0,1,80,1,1,1,13,0,0
13,130358,1,1,1,27,4,21,24,42,0,1,0,13,1,76,706,76706,80,2006,JYARN15E86A0,J,Y,A,R,N,1,5,E,8,6,A,0,0,M,YAMA,YFR,RC,6,17,,,,,,,998,,4,,4,381,,,,,,,0,0,000000000,00000000000,0,0,0,1,0,0,0,0,0,0,0,998,0,0,0,12,6,2,42,0,0,0,1,13,30311,6,1,0,0,3,0,69,260,98,0,0,0,0,0,0,0,0,1,36,0,0,0,5,4,45,3,1,2,1,0,0,14,6,1,1,4,1,1,0
13,130359,1,1,1,28,4,2,9,8,0,1,0,13,2,2,404,2404,14,2004,1J4GX48S74C1,1,J,4,G,X,4,8,S,7,4,C,1,0,T,JEEP,LCF,4W,4,17,,1,0,1059,GCK,G,,,6,244,,,,,3683,02,E,42,0,0,000000000,00000000000,0,0,0,1,0,0,0,0,0,0,0,998,0,0,0,12,6,2,8,0,0,0,1,13,30038,6,1,0,0,3,3,73,190,98,1,0,0,2,5,2009,12,2011,0,0,0,0,0,3,4,45,1,1,2,1,0,0,1,80,1,1,1,13,0,0
13,130360,1,1,2,28,4,0,9,31,0,1,0,13,1,72,706,72706,80,2001,1HD1CGP171K1,1,H,D,1,C,G,P,1,7,1,K,1,0,M,HD,20C,RS,1,17,,,,,,,1200,,2,,4,491,,,,,,,0,0,000000000,00000000000,0,0,0,1,0,0,0,0,0,0,0,998,0,0,0,12,6,2,34,0,0,0,1,13,30016,6,1,0,0,3,0,70,200,98,0,0,0,0,0,0,0,0,0,36,0,0,0,1,2,35,3,5,2,1,0,0,14,13,1,1,4,1,1,1
13,130361,1,2,4,29,4,0,24,12,6,1,0,13,2,20,401,20401,14,2002,1GNDS13S1222,1,G,N,D,S,1,3,S,1,2,2,2,0,P,CHEV,TRL,UT,2,17,4442,,0,1130,,G,,F,6,256,,,16R245,,,,,,0,0,000000000,00000000000,0,0,0,1,0,0,0,0,0,0,0,998,0,1,1,4,6,2,12,0,0,0,1,13,30093,6,1,0,0,3,0,68,225,98,0,0,0,0,0,0,0,0,0,27,0,0,0,3,2,45,1,1,2,1,0,0,15,10,1,1,2,66,1,0