STATE,ST_CASE,VEH_NO,VE_FORMS,NUMOCCS,DAY,MONTH,HOUR,MINUTE,HARM_EV,MAN_COLL,UNITTYPE,HIT_RUN,REG_STAT,OWNER,MAKE,MODEL,MAK_MOD,BODY_TYP,MOD_YEAR,VIN,VIN_1,VIN_2,VIN_3,VIN_4,VIN_5,VIN_6,VIN_7,VIN_8,VIN_9,VIN_10,VIN_11,VIN_12,TOW_VEH,VINTYPE,VINMAKE,VINA_MOD,VIN_BT,VINMODYR,VIN_LNGT,VIN_WGT,WGTCD_TR,WHLBS_LG,WHLBS_SH,SER_TR,FUELCODE,MCYCL_DS,CARBUR,CYLINDER,DISPLACE,MCYCL_CY,MCYCL_WT,TIRE_SZE,TON_RAT,TRK_WT,TRKWTVAR,VIN_REST,WHLDRWHL,J_KNIFE,MCARR_I1,MCARR_I2,MCARR_ID,GVWR,V_CONFIG,CARGO_BT,HAZ_INV,HAZ_PLAC,HAZ_ID,HAZ_CNO,HAZ_REL,BUS_USE,SPEC_USE,EMER_USE,TRAV_SP,UNDERIDE,ROLLOVER,ROLINLOC,IMPACT1,DEFORMED,TOWED,M_HARM,VEH_SC1,VEH_SC2,FIRE_EXP,DR_PRES,L_STATE,DR_ZIP,L_STATUS,L_TYPE,CDL_STAT,L_ENDORS,L_COMPL,L_RESTRI,DR_HGT,DR_WGT,PREV_ACC,PREV_SUS,PREV_DWI,PREV_SPD,PREV_OTH,FIRST_MO,FIRST_YR,LAST_MO,LAST_YR,SPEEDREL,DR_SF1,DR_SF2,DR_SF3,DR_SF4,VTRAFWAY,VNUM_LAN,VSPD_LIM,VALIGN,VPROFILE,VPAVETYP,VSURCOND,VTRAFCON,VTCONT_F,P_CRASH1,P_CRASH2,P_CRASH3,PCRASH4,PCRASH5,ACC_TYPE,DEATHS,DR_DRINK
13,130392,1,2,2,9,5,12,1,12,2,1,0,40,3,82,881,82881,66,2012,1FUJGLDR2CSB,1,F,U,J,G,L,D,R,2,C,S,B,1,T,FRHT,125,TR,12,17,,8,0,0,CSC,D,,,6,903,,,,,00000,00,,64,1,57,98137,5798137,3,6,1,1,0,0,0,0,0,0,0,998,0,0,0,12,6,2,12,0,0,0,1,12,32159,6,1,6,0,3,0,68,999,0,0,0,0,0,0,0,0,0,0,0,0,0,0,3,2,55,1,1,8,2,98,8,1,60,99,1,1,98,0,0
13,130392,2,2,2,9,5,12,1,12,2,1,0,13,1,20,401,20401,14,1996,1GNDT13W4T22,1,G,N,D,T,1,3,W,4,T,2,2,0,P,CHEV,BZR,UT,96,17,4023,,0,1070,,G,,F,6,262,,,15R235,,,,,,0,0,000000000,00000000000,0,0,0,1,0,0,0,0,0,0,0,998,0,0,0,12,6,2,12,0,0,0,1,13,30083,6,1,6,0,3,0,75,219,98,0,0,0,0,0,0,0,0,0,28,0,0,0,3,2,55,1,1,8,2,98,8,1,9,99,9,9,98,1,0
13,130393,1,2,1,10,5,13,20,12,6,1,0,13,1,22,22,22022,4,2008,1G2ZF57B6841,1,G,2,Z,F,5,7,B,6,8,4,1,0,P,PONT,6VB,4D,8,17,3305,,0,1123,,G,,F,4,146,,,16R215,,,,,,0,0,000000000,00000000000,0,0,0,1,0,0,0,0,0,0,0,998,0,0,0,1,6,2,12,0,0,0,1,13,30296,6,1,0,0,3,0,74,160,98,0,0,0,0,0,0,0,0,0,28,85,0,0,5,4,45,1,1,2,1,0,0,17,8,8,4,2,98,0,0
13,130393,2,2,2,10,5,13,20,12,6,1,0,13,1,12,21,12021,4,2006,1FAFP24166G1,1,F,A,F,P,2,4,1,6,6,G,1,0,P,FORD,5SL,4D,6,17,3664,,0,1129,,G,,F,6,183,,,17R215,,,,,,0,0,000000000,00000000000,0,0,0,1,0,0,0,0,0,0,0,998,0,1,5,12,6,2,12,0,0,0,1,13,30214,6,1,0,0,3,0,69,175,98,0,0,1,0,11,2010,11,2010,0,0,0,0,0,5,4,45,1,1,2,1,0,0,1,62,1,1,1,98,1,0
13,130395,1,2,1,10,5,7,7,12,2,1,0,13,2,20,481,20481,31,1995,1GCEK14K1SZ2,1,G,C,E,K,1,4,K,1,S,Z,2,0,T,CHEV,GK1,PK,95,17,,2,1315,1175,GM4,G,,,8,350,,,,B,4296,00,,44,0,0,000000000,00000000000,0,0,0,1,0,0,0,0,0,0,0,998,0,0,0,12,6,2,12,0,0,0,1,13,30471,1,1,0,0,2,0,71,170,98,0,0,0,0,0,0,0,0,0,51,0,0,0,1,2,55,2,3,8,1,0,0,14,54,1,1,1,52,0,0
13,130395,2,2,2,10,5,7,7,12,2,1,0,13,2,35,47,35047,4,2010,1N4AL2AP4AN4,1,N,4,A,L,2,A,P,4,A,N,4,0,P,NISS,ATS,4D,10,17,3063,,0,1093,,G,,F,4,153,,,16R215,,,,,,0,0,000000000,00000000000,0,0,0,1,0,0,0,0,0,0,0,998,0,0,0,12,6,2,12,0,0,0,1,13,30439,6,1,0,0,3,0,69,185,98,0,0,0,1,8,2011,8,2011,0,0,0,0,0,1,2,55,3,6,8,1,0,0,14,54,1,1,1,52,1,0
13,130396,1,1,6,11,5,12,5,10,0,1,0,13,2,6,52,6052,1,2006,3C3JY55E66T3,3,C,3,J,Y,5,5,E,6,6,T,3,0,P,CHRY,TEP,CV,6,17,3214,,0,1030,,G,,T,4,148,,,17R205,,,,,,0,0,000000000,00000000000,0,0,0,1,0,0,0,0,0,0,0,998,0,0,0,3,6,2,10,0,0,0,1,12,33142,1,1,0,0,2,0,68,999,0,4,0,0,0,2,2010,4,2012,0,39,0,0,0,1,2,30,1,1,8,1,65,3,1,91,1,1,1,15,2,0
13,130397,1,2,1,11,5,17,36,12,1,1,0,13,1,53,709,53709,80,2004,JKSVNBC124A0,J,K,S,V,N,B,C,1,2,4,A,0,0,M,SUZI,V16,RS,4,17,,,,,,,1552,,2,,4,637,,,,,,,0,0,000000000,00000000000,0,0,0,1,0,0,0,0,0,0,0,998,0,0,0,12,6,2,12,0,0,0,1,13,31513,6,1,0,0,3,0,70,200,98,0,0,0,0,0,0,0,0,0,26,0,0,0,1,4,55,1,5,8,1,0,0,1,50,3,2,1,20,1,0
13,130397,2,2,1,11,5,17,36,12,1,1,0,13,2,20,481,20481,31,2000,1GCGK23R0YF4,1,G,C,G,K,2,3,R,0,Y,F,4,0,T,CHEV,GK2,CW,0,17,,2,0,1545,GM4,G,,,8,350,,,,C,5744,00,,44,0,0,000000000,00000000000,0,0,0,1,0,0,0,0,0,0,0,0,0,0,0,6,4,1,12,0,0,0,1,13,31513,6,1,6,0,3,3,76,350,98,0,0,0,0,0,0,0,0,0,0,0,0,0,1,4,55,1,5,8,1,0,0,5,53,1,1,1,21,0,0
13,130398,1,3,1,12,5,9,30,12,2,1,0,13,1,9,442,9442,20,2000,2P4GP45G5YR5,2,P,4,G,P,4,5,G,5,Y,R,5,0,P,PLYM,VOF,SV,0,17,3772,,0,1133,,F,,F,6,201,,,15R215,,,,,,0,0,000000000,00000000000,0,0,0,1,0,0,0,0,0,0,0,998,0,0,0,12,6,2,12,0,0,0,1,13,30083,6,1,0,0,3,0,77,289,98,0,0,1,1,3,2010,3,2010,0,28,0,0,0,1,4,45,4,3,2,1,0,0,14,10,1,1,2,50,1,0
13,130398,2,3,1,12,5,9,30,12,2,1,0,13,1,7,472,7472,30,1999,1B7GL22X7XS2,1,B,7,G,L,2,2,X,7,X,S,2,0,T,DODG,DAK,PC,99,17,,1,0,1309,DAK,G,,,6,239,,,,,3484,00,U,42,0,0,000000000,00000000000,0,0,0,1,0,0,0,0,0,0,0,998,0,0,0,12,6,2,12,0,0,0,1,13,30033,6,1,0,0,3,0,70,180,98,0,0,0,0,0,0,0,0,0,0,0,0,0,1,4,45,4,3,2,1,0,0,14,62,1,1,1,51,0,0
13,130398,3,3,2,12,5,9,30,12,2,1,0,13,1,49,46,49046,4,2008,JTDKB20U7833,J,T,D,K,B,2,0,U,7,8,3,3,0,P,TOYT,PRI,4H,8,17,2932,,0,1063,,B,,F,4,091,,,15R185,,,,,,0,0,000000000,00000000000,0,0,0,1,0,0,0,0,0,0,0,998,0,0,0,7,6,2,12,32,36,0,1,13,30033,6,1,0,0,3,0,66,165,98,0,0,0,1,6,2010,6,2010,0,0,0,0,0,1,4,45,4,3,2,1,0,0,14,60,1,1,1,98,0,0
13,130399,1,2,1,12,5,22,29,8,0,1,0,13,1,12,481,12481,31,2000,1FTZF172XYKB,1,F,T,Z,F,1,7,2,X,Y,K,B,0,T,FORD,F15,PK,0,17,,1,1385,1199,COF,G,,,6,256,,,,B,3923,04,U,42,0,0,000000000,00000000000,0,0,0,1,0,0,0,0,0,0,0,998,0,0,0,10,2,1,8,0,0,0,1,13,30310,4,1,0,0,2,0,74,164,98,1,0,0,1,9,2010,11,2011,0,86,0,0,0,1,5,35,1,1,1,1,0,0,1,80,1,1,1,13,0,0
13,130399,2,2,1,12,5,22,29,8,0,1,0,13,1,14,401,14401,14,2007,4M2EU388X7UJ,4,M,2,E,U,3,8,8,X,7,U,J,0,P,MERC,MOU,UT,7,17,4655,,0,1137,,G,,F,8,281,,,18R235,,,,,,0,0,000000000,00000000000,0,0,0,1,0,0,0,0,0,0,0,998,0,0,0,10,2,1,8,0,0,0,1,13,30134,6,1,0,0,3,0,64,135,98,0,0,0,0,0,0,0,0,0,86,0,0,0,1,5,35,1,1,1,1,0,0,1,80,1,1,1,98,0,0
13,130400,1,1,1,13,5,21,59,8,0,1,0,13,2,49,32,49032,4,2000,2T1BR12E6YC3,2,T,1,B,R,1,2,E,6,Y,C,3,0,P,TOYT,UVL,4D,0,17,2403,,0,970,,G,,F,4,109,,,14R175,,,,,,0,0,000000000,00000000000,0,0,0,1,0,0,0,0,0,0,0,998,0,0,0,1,2,1,8,0,0,0,1,13,30045,6,1,0,0,3,3,66,125,98,0,0,0,1,3,2012,3,2012,0,86,0,0,0,1,4,45,4,2,2,2,0,0,14,80,3,2,1,13,0,0
13,130401,1,1,3,13,5,22,28,42,0,1,0,13,2,37,32,37032,4,1994,JHMCD5634RC0,J,H,M,C,D,5,6,3,4,R,C,0,0,P,HOND,ALX,4D,94,17,2809,,0,1069,,G,,F,4,132,,,14R185,,,,,,0,0,000000000,00000000000,0,0,0,1,0,0,0,0,0,0,0,998,0,0,0,12,6,2,42,0,0,0,1,13,31705,6,1,0,0,3,0,65,138,98,0,0,0,0,0,0,0,0,0,29,0,0,0,1,2,30,3,1,2,1,0,0,14,13,1,1,4,1,1,1
13,130402,1,1,1,13,5,23,29,43,0,1,0,92,0,37,31,37031,2,2003,1HGEM21563L0,1,H,G,E,M,2,1,5,6,3,L,0,0,P,HOND,UCL,CP,3,17,2465,,0,1031,,G,,F,4,102,,,14R185,,,,,,0,0,000000000,00000000000,0,0,0,1,0,0,0,0,0,0,0,998,0,1,5,12,6,2,1,0,0,0,1,13,30105,6,1,0,0,3,0,71,165,98,0,0,0,0,0,0,0,0,1,29,0,0,0,1,2,40,1,1,2,2,0,0,1,13,1,1,4,1,1,0
13,130403,1,1,4,13,5,17,10,1,0,1,0,0,0,37,739,37739,90,2007,000000000000,0,0,0,0,0,0,0,0,0,0,0,0,0,,,,,,,,,,,,,,,,,,,,,,,,,0,0,000000000,00000000000,0,0,0,1,0,0,0,0,0,0,0,998,0,2,1,0,2,1,1,0,0,0,1,13,31096,6,1,0,0,1,0,70,160,98,2,0,2,0,5,2010,2,2012,0,29,0,0,0,1,2,55,1,6,8,2,98,8,1,8,1,4,2,98,1,0
13,130404,1,1,1,15,5,0,31,8,0,1,0,13,3,12,16,12016,4,2011,2FABP7BV7BX1,2,F,A,B,P,7,B,V,7,B,X,1,0,P,FORD,CVP,4D,11,17,4550,,0,0,,F,,F,8,281,,,000000,,,,,,0,0,000000000,00000000000,0,0,0,1,0,0,0,0,0,5,1,998,0,0,0,12,6,2,8,0,0,0,1,13,30088,6,1,0,0,3,0,65,160,98,0,0,0,0,0,0,0,0,1,16,86,0,0,1,6,45,1,1,2,1,0,0,1,80,1,1,1,13,0,0
13,130405,1,1,2,15,5,0,46,53,0,1,0,13,1,2,404,2404,14,1999,1J4FT68S1XL5,1,J,4,F,T,6,8,S,1,X,L,5,0,T,JEEP,SPC,4W,99,17,,1,0,1014,CHK,G,,,6,242,,,,,3089,00,E,42,0,0,000000000,00000000000,0,0,0,1,0,0,0,0,0,0,0,998,0,1,5,12,6,2,1,32,0,0,1,13,31027,6,1,0,0,3,0,69,200,98,0,0,1,1,4,2010,11,2011,0,29,0,0,0,1,2,55,1,1,8,1,0,0,1,12,1,1,4,6,1,1
13,130406,1,1,1,16,5,16,30,1,0,1,0,99,9,72,706,72706,80,1992,1HD1GAL10NY3,1,H,D,1,G,A,L,1,0,N,Y,3,0,M,HD,FDD,RS,92,17,,,,,,,1340,,2,,4,598,,,,,,,0,0,000000000,00000000000,0,0,0,1,0,0,0,0,0,0,0,998,0,0,0,0,6,2,30,0,0,0,1,13,30033,6,1,0,0,2,0,69,185,98,0,0,0,0,0,0,0,0,0,29,35,0,0,1,2,35,3,1,2,1,0,0,6,12,3,2,4,2,1,1
13,130407,1,1,1,17,5,16,45,42,0,1,0,13,2,12,23,12023,4,2006,3FAHP08146R1,3,F,A,H,P,0,8,1,4,6,R,1,0,P,FORD,F/L,4D,6,17,3101,,0,1074,,G,,F,6,183,,,17R225,,,,,,0,0,000000000,00000000000,0,0,0,1,0,0,0,0,0,0,0,998,0,0,0,12,6,2,2,0,0,1,1,13,31567,6,2,0,0,3,0,68,120,98,0,0,0,0,0,0,0,0,1,29,0,0,0,1,2,55,2,1,8,1,0,0,14,12,1,1,4,6,1,1
13,130408,1,1,1,13,5,23,13,42,0,1,0,13,1,54,32,54032,4,1994,JH4KA7662RC0,J,H,4,K,A,7,6,6,2,R,C,0,0,P,ACUR,LEL,4D,94,17,3410,,0,1146,,G,,F,6,196,,,15R205,,,,,,0,0,000000000,00000000000,0,0,0,1,0,0,0,0,0,0,0,998,0,1,5,9,6,2,42,0,0,0,1,13,30308,6,1,0,0,3,0,71,135,98,0,0,0,0,0,0,0,0,0,87,29,0,0,1,2,45,1,1,2,2,0,0,1,13,1,1,4,1,1,0
13,130409,1,1,1,11,5,7,59,21,0,1,0,13,2,20,481,20481,31,1990,2GCEC14KXL12,2,G,C,E,C,1,4,K,X,L,1,2,0,T,CHEV,GC1,PK,90,17,,2,1415,1175,GM4,G,,,8,350,,,,B,3717,07,,42,0,0,000000000,00000000000,0,0,0,1,0,0,0,0,0,0,0,998,0,0,0,12,6,2,21,0,0,0,1,13,31093,6,1,0,0,3,0,72,210,98,0,0,0,1,2,2011,2,2011,0,0,0,0,0,3,3,65,1,1,1,1,0,0,1,12,99,1,4,6,1,0
13,130410,1,3,1,16,5,7,24,12,6,1,0,13,1,21,401,21401,14,2001,1GHDT13W7121,1,G,H,D,T,1,3,W,7,1,2,1,0,P,OLDS,BRA,UT,1,17,4068,,0,1070,,G,,F,6,262,,,15R235,,,,,,0,0,000000000,00000000000,0,0,0,1,0,0,0,0,0,0,0,998,0,0,0,11,4,3,12,32,0,0,1,13,30168,6,1,6,0,2,0,70,180,98,0,0,0,3,3,2010,7,2011,0,38,0,0,0,1,2,45,1,1,2,1,20,3,11,15,1,1,1,68,0,0
13,130410,2,3,1,16,5,7,24,12,6,1,0,13,1,72,709,72709,89,1979,6E59284H9,6,E,5,9,2,8,4,H,9,,,,0,M,HD,FXF,RS,79,9,,,,,,,1200,,2,,4,574,,,,,,,0,0,000000000,00000000000,0,0,0,1,0,0,0,0,0,0,0,998,0,0,0,12,6,2,12,0,0,0,1,13,30135,6,1,0,0,3,0,72,195,98,0,0,0,0,0,0,0,0,0,0,0,0,0,1,4,45,1,1,2,1,0,0,1,67,6,1,2,69,1,0
13,130410,3,3,1,16,5,7,24,12,6,1,1,99,9,99,999,99999,99,9999,999999999999,9,9,9,9,9,9,9,9,9,9,9,9,0,,,,,,,,,,,,,,,,,,,,,,,,,0,0,000000000,00000000000,0,0,0,1,0,0,0,0,0,0,0,999,0,0,0,12,9,1,12,99,99,0,1,99,99999,9,9,99,9,9,9,999,999,99,99,99,99,99,99,9999,99,9999,9,99,99,99,99,1,4,45,1,1,2,1,0,0,1,62,1,1,1,98,0,0
13,130411,1,1,1,17,5,21,8,35,0,1,0,13,1,41,471,41471,30,1999,4F4YR16V9XTM,4,F,4,Y,R,1,6,V,9,X,T,M,0,T,MAZD,3CP,PC,99,17,,1,0,1257,B30,F,,,6,182,,,,,00000,00,U,42,0,0,000000000,00000000000,0,0,0,1,0,0,0,0,0,0,0,998,0,1,6,3,6,2,1,0,0,0,1,13,31055,6,1,0,0,3,0,70,220,98,0,0,0,0,0,0,0,0,1,0,0,0,0,1,2,55,3,1,2,1,0,0,14,13,6,1,4,1,1,1
13,130412,1,1,1,17,5,21,51,32,0,1,0,13,1,20,471,20471,30,1994,1GCCS19Z5RK1,1,G,C,C,S,1,9,Z,5,R,K,1,0,T,CHEV,S14,PC,94,17,,1,1229,1083,S,G,,,6,262,,,,B,3157,00,,42,0,0,000000000,00000000000,0,0,0,1,0,0,0,0,0,0,0,998,0,0,0,12,6,2,32,0,0,0,1,13,30720,1,1,0,0,2,3,67,215,98,4,1,0,2,3,2012,4,2012,0,0,0,0,0,1,2,40,3,1,2,1,28,3,14,12,1,1,4,6,1,1
13,130413,1,1,4,18,5,23,35,32,0,1,0,13,2,37,32,37032,4,1992,1HGCB7652NA0,1,H,G,C,B,7,6,5,2,N,A,0,0,P,HOND,ALX,4D,92,17,2504,,0,1071,,G,,F,4,132,,,14R185,,,,,,0,0,000000000,00000000000,0,0,0,1,0,0,0,0,0,0,0,998,0,1,6,1,6,2,1,0,0,0,1,13,30648,1,1,0,0,2,0,74,290,98,1,0,0,0,3,2011,3,2011,0,0,0,0,0,1,2,55,3,1,2,1,28,3,14,9,1,4,4,7,1,1
13,130414,1,1,1,18,5,23,55,15,0,1,0,13,2,35,43,35043,4,2004,3N1CB51D14L4,3,N,1,C,B,5,1,D,1,4,L,4,0,P,NISS,S18,4D,4,17,2387,,0,998,,G,,F,4,108,,,15R195,,,,,,0,0,000000000,00000000000,0,0,0,1,0,0,0,0,0,0,0,998,0,0,0,1,6,2,15,0,0,0,1,13,31525,6,1,5,0,3,0,67,150,98,1,0,0,3,10,2010,3,2012,0,0,0,0,0,3,2,45,1,1,2,2,3,3,1,80,1,1,1,13,0,0
13,130415,1,2,1,18,5,7,16,12,6,1,0,13,2,37,32,37032,2,2010,1HGCS1B8XAA0,1,H,G,C,S,1,B,8,X,A,A,0,0,P,HOND,AXL,CP,10,17,3327,,0,1079,,G,,F,4,146,,,17R255,,,,,,0,0,000000000,00000000000,0,0,0,1,0,0,0,0,0,0,0,998,0,0,0,10,6,2,12,0,0,0,1,13,30813,6,1,0,0,3,3,66,160,98,0,0,0,0,0,0,0,0,0,38,0,0,0,0,0,0,0,0,0,0,0,0,11,98,1,1,1,68,1,0
13,130415,2,2,1,18,5,7,16,12,6,1,0,13,1,12,481,12481,31,2005,1FTPW125X5KE,1,F,T,P,W,1,2,5,X,5,K,E,0,T,FORD,F1S,CW,5,17,,2,1450,1260,COF,G,,,8,330,,,,B,5281,00,U,42,0,0,000000000,00000000000,0,0,0,1,0,0,0,0,0,0,0,998,0,0,0,12,6,2,12,0,0,0,1,13,30906,6,1,6,0,3,3,72,220,98,0,0,0,0,0,0,0,0,0,0,0,0,0,1,4,45,1,1,2,2,0,0,1,72,1,1,1,69,0,0
13,130416,1,1,2,19,5,3,29,42,0,1,0,13,1,20,2,20002,4,2008,2G1WU5834892,2,G,1,W,U,5,8,3,4,8,9,2,0,P,CHEV,ITZ,4D,8,17,3649,,0,1105,,F,,F,6,238,,,18R235,,,,,,0,0,000000000,00000000000,0,0,0,1,0,0,0,0,0,0,0,998,0,1,6,12,6,2,42,0,0,1,1,13,39842,6,1,0,0,3,0,72,250,98,3,0,1,1,5,2009,9,2010,1,0,0,0,0,1,2,30,1,1,2,1,0,0,1,13,1,1,4,1,2,0
13,130417,1,1,3,20,5,1,50,42,0,1,0,13,2,22,20,22020,4,1998,1G2WP5213WF2,1,G,2,W,P,5,2,1,3,W,F,2,0,P,PONT,GTP,4D,98,17,3414,,0,1105,,G,,Z,6,231,,,16R225,,,,,,0,0,000000000,00000000000,0,0,0,1,0,0,0,0,0,0,0,998,0,1,6,3,6,2,1,0,0,0,1,13,31076,6,1,0,0,3,0,67,185,98,0,0,0,0,0,0,0,0,0,58,0,0,0,1,2,55,3,4,2,1,28,3,14,12,1,4,4,7,1,1
13,130418,1,1,1,20,5,20,9,8,0,1,0,13,1,20,481,20481,31,1985,2GCDC14HXF11,2,G,C,D,C,1,4,H,X,F,1,1,0,T,CHEV,C10,PK,85,17,,1,1315,1175,C10,G,,,8,305,,,,B,3319,07,,42,0,0,000000000,00000000000,0,0,0,1,0,0,0,0,0,0,0,998,0,0,0,12,6,2,8,32,0,0,1,13,31709,6,1,0,0,3,3,73,205,98,0,0,0,0,0,0,0,0,0,0,0,0,0,1,2,55,1,6,2,1,0,0,1,80,1,1,1,13,0,1
13,130419,1,1,1,21,5,3,38,8,0,1,0,13,1,7,442,7442,20,2002,2B4GP44362R7,2,B,4,G,P,4,4,3,6,2,R,7,0,T,DODG,GSP,ES,2,17,,1,0,1193,CAR,F,,,6,201,,,,,4002,00,E,42,0,0,000000000,00000000000,0,0,0,1,0,0,0,0,0,0,0,998,0,0,0,12,4,3,8,32,0,0,1,13,31088,6,1,0,0,3,0,69,285,98,0,0,0,0,0,0,0,0,0,0,0,0,0,3,3,55,1,2,1,1,0,0,1,80,1,1,1,13,0,0
13,130420,1,2,1,21,5,15,48,12,8,1,0,13,2,41,51,41051,4,2008,JM1BK12F1818,J,M,1,B,K,1,2,F,1,8,1,8,0,P,MAZD,M3I,4D,8,17,2780,,0,1039,,G,,F,4,122,,,15R195,,,,,,0,0,000000000,00000000000,0,0,0,1,0,0,0,0,0,0,0,998,0,0,0,11,6,2,12,0,0,0,1,13,30040,6,1,0,0,3,0,64,140,98,0,0,0,0,0,0,0,0,0,28,0,0,0,1,2,40,2,3,2,1,0,0,14,10,1,1,2,64,0,0
13,130420,2,2,1,21,5,15,48,12,8,1,0,13,1,37,706,37706,80,2003,1HFSC43093A3,1,H,F,S,C,4,3,0,9,3,A,3,0,M,HOND,VT2,RS,3,17,,,,,,,1099,,2,,4,573,,,,,,,0,0,000000000,00000000000,0,0,0,1,0,0,0,0,0,0,0,998,0,0,0,11,6,2,12,0,0,0,1,13,30143,6,1,6,0,3,3,67,220,98,0,0,0,0,0,0,0,0,0,0,0,0,0,1,2,40,1,3,2,1,0,0,1,62,1,1,1,65,1,0
13,130422,1,2,3,22,5,8,26,12,6,1,0,13,2,34,37,34037,4,2004,WBAGL634X4DP,W,B,A,G,L,6,3,4,X,4,D,P,0,P,BMW,45I,4D,4,17,4376,,0,1177,,G,,F,8,268,,,18R245,,,,,,0,0,000000000,00000000000,0,0,0,1,0,0,0,0,0,0,0,998,0,0,0,8,6,2,12,0,0,0,1,13,30907,6,1,0,0,3,0,67,143,98,0,0,1,0,7,2011,7,2011,0,38,0,0,0,1,2,40,1,1,2,1,20,3,12,15,1,1,1,98,1,0
13,130422,2,2,2,22,5,8,26,12,6,1,0,13,1,20,481,20481,31,2011,3GCPKSE33BG1,3,G,C,P,K,S,E,3,3,B,G,1,0,T,CHEV,2SK,CW,11,17,,2,0,1435,SIL,F,,,8,323,,,,B,5346,00,,44,0,0,000000000,00000000000,0,0,0,1,0,0,0,0,0,0,0,998,0,0,0,12,6,2,12,0,0,0,1,13,30906,6,1,0,0,3,0,72,179,98,0,0,0,0,0,0,0,0,0,0,0,0,0,1,4,45,3,1,2,1,0,0,14,67,1,1,1,98,0,0
13,130423,1,2,1,23,5,11,30,12,1,1,0,13,1,20,481,20481,31,2005,1GCEC14X35Z2,1,G,C,E,C,1,4,X,3,5,Z,2,0,T,CHEV,SC1,PK,5,17,,2,1330,1190,SIL,G,,,6,262,,,,B,4225,00,,42,0,0,000000000,00000000000,0,0,0,1,0,0,0,0,0,0,0,998,0,0,0,12,6,2,12,0,0,0,1,13,30292,6,1,0,0,3,0,75,190,98,0,0,0,0,0,0,0,0,0,0,0,0,0,1,2,45,1,5,2,1,28,3,1,50,1,1,1,32,1,0
13,130423,2,2,0,23,5,11,30,12,1,1,0,13,6,84,881,84881,62,1999,1HTSCAAL4XH2,1,H,T,S,C,A,A,L,4,X,H,2,0,T,INTL,470,CC,99,17,,6,2540,1280,40S,D,,,6,466,,,,,00000,00,,42,0,57,870332,57870332,2,1,1,1,0,0,0,0,0,0,0,0,0,0,0,6,4,1,12,0,0,0,0,0,99997,7,6,97,7,6,7,998,997,998,998,998,998,998,98,9998,98,9998,8,20,0,0,0,1,2,45,1,5,2,1,28,3,0,53,0,0,0,32,0,0
13,130424,1,3,1,24,5,12,12,12,7,1,0,13,2,37,402,37402,14,1998,JHLRD1862WC1,J,H,L,R,D,1,8,6,2,W,C,1,0,P,HOND,CRV,UT,98,17,3155,,0,1032,,G,,F,4,120,,,15R205,,,,,,0,0,000000000,00000000000,0,0,0,1,0,0,0,0,0,0,0,998,0,1,2,9,6,2,12,0,0,0,1,13,30350,6,1,0,0,3,0,71,180,98,0,0,0,0,0,0,0,0,0,27,0,0,0,3,5,55,1,2,2,1,0,0,15,10,1,1,2,47,1,0
13,130424,2,3,2,24,5,12,12,12,7,1,0,12,3,12,24,12024,6,2010,2FMDK3GC4ABB,2,F,M,D,K,3,G,C,4,A,B,B,0,P,FORD,EDG,UT,10,17,4078,,0,1112,,G,,F,6,214,,,17R235,,,,,,0,0,000000000,00000000000,0,0,0,1,0,0,0,0,0,0,0,998,0,0,0,3,6,2,12,0,0,0,1,12,32663,6,1,0,0,3,3,72,999,0,0,0,0,0,0,0,0,0,0,0,0,0,0,3,5,55,1,1,2,1,0,0,1,61,1,1,1,45,0,0
13,130424,3,3,1,24,5,12,12,12,7,1,0,13,1,51,40,51040,4,1995,YV1JS8312S12,Y,V,1,J,S,8,3,1,2,S,1,2,0,P,VOLV,940,4D,95,17,3234,,0,1091,,G,,F,4,141,,,15R185,,,,,,0,0,000000000,00000000000,0,0,0,1,0,0,0,0,0,0,0,998,0,0,0,6,4,1,12,32,0,0,1,13,30084,6,1,0,0,3,0,66,210,98,0,0,0,0,0,0,0,0,0,0,0,0,0,3,5,55,1,1,2,2,0,0,1,60,1,1,1,98,0,0
13,130425,1,1,1,24,5,19,24,53,0,1,0,13,1,12,17,12017,4,2001,1FAFP55U51A2,1,F,A,F,P,5,5,U,5,1,A,2,0,P,FORD,TSS,4D,1,17,3343,,0,1085,,G,,F,6,182,,,16R215,,,,,,0,0,000000000,00000000000,0,0,0,1,0,0,0,0,0,0,0,998,0,0,0,12,6,2,42,0,0,0,1,13,30083,6,1,0,0,3,0,70,210,98,0,0,0,0,0,0,0,0,0,0,0,0,0,2,4,40,1,1,2,1,0,0,1,9,1,1,4,6,1,0
13,130426,1,1,1,24,5,23,17,1,0,1,0,13,1,53,706,53706,80,2007,JS1GW71A2721,J,S,1,G,W,7,1,A,2,7,2,1,0,M,SUZI,GRZ,RC,7,17,,,,,,,1299,,4,,4,478,,,,,,,0,0,000000000,00000000000,0,0,0,1,0,0,0,0,0,0,0,88,0,0,0,0,6,2,1,0,0,0,1,13,30047,6,1,0,0,3,0,70,214,98,0,0,0,0,0,0,0,0,1,37,0,0,0,6,1,25,2,1,2,1,0,0,14,99,1,1,3,98,1,0
13,130427,1,1,1,24,5,21,0,35,0,1,0,13,1,20,22,20022,4,2009,1G1AT58H1971,1,G,1,A,T,5,8,H,1,9,7,1,0,P,CHEV,BLT,4D,9,17,3216,,0,1033,,G,,F,4,134,,,15R195,,,,,,0,0,000000000,00000000000,0,0,0,1,0,0,0,0,0,0,0,998,0,0,0,11,6,2,35,0,0,0,1,13,30256,6,1,0,0,3,0,72,250,98,0,0,0,0,0,0,0,0,1,35,0,0,0,1,2,35,1,1,2,1,28,3,6,6,1,3,4,2,1,1