STATE,ST_CASE,VEH_NO,VE_FORMS,NUMOCCS,DAY,MONTH,HOUR,MINUTE,HARM_EV,MAN_COLL,UNITTYPE,HIT_RUN,REG_STAT,OWNER,MAKE,MODEL,MAK_MOD,BODY_TYP,MOD_YEAR,VIN,VIN_1,VIN_2,VIN_3,VIN_4,VIN_5,VIN_6,VIN_7,VIN_8,VIN_9,VIN_10,VIN_11,VIN_12,TOW_VEH,VINTYPE,VINMAKE,VINA_MOD,VIN_BT,VINMODYR,VIN_LNGT,VIN_WGT,WGTCD_TR,WHLBS_LG,WHLBS_SH,SER_TR,FUELCODE,MCYCL_DS,CARBUR,CYLINDER,DISPLACE,MCYCL_CY,MCYCL_WT,TIRE_SZE,TON_RAT,TRK_WT,TRKWTVAR,VIN_REST,WHLDRWHL,J_KNIFE,MCARR_I1,MCARR_I2,MCARR_ID,GVWR,V_CONFIG,CARGO_BT,HAZ_INV,HAZ_PLAC,HAZ_ID,HAZ_CNO,HAZ_REL,BUS_USE,SPEC_USE,EMER_USE,TRAV_SP,UNDERIDE,ROLLOVER,ROLINLOC,IMPACT1,DEFORMED,TOWED,M_HARM,VEH_SC1,VEH_SC2,FIRE_EXP,DR_PRES,L_STATE,DR_ZIP,L_STATUS,L_TYPE,CDL_STAT,L_ENDORS,L_COMPL,L_RESTRI,DR_HGT,DR_WGT,PREV_ACC,PREV_SUS,PREV_DWI,PREV_SPD,PREV_OTH,FIRST_MO,FIRST_YR,LAST_MO,LAST_YR,SPEEDREL,DR_SF1,DR_SF2,DR_SF3,DR_SF4,VTRAFWAY,VNUM_LAN,VSPD_LIM,VALIGN,VPROFILE,VPAVETYP,VSURCOND,VTRAFCON,VTCONT_F,P_CRASH1,P_CRASH2,P_CRASH3,PCRASH4,PCRASH5,ACC_TYPE,DEATHS,DR_DRINK
13,130462,2,2,1,7,6,15,46,12,2,1,0,13,3,38,882,38882,61,2003,4KLB4B1U73J8,4,K,L,B,4,B,1,U,7,3,J,8,0,T,ISU,NPR,TB,3,17,,3,0,0,NPR,G,,,8,366,,,,,00000,00,,42,0,88,888888888,88888888888,2,1,98,1,0,0,0,0,0,0,0,998,0,0,0,12,4,1,12,0,0,0,1,13,30168,6,1,0,0,3,0,68,160,98,0,0,0,0,0,0,0,0,0,0,0,0,0,1,2,45,3,2,2,1,98,8,14,62,1,1,1,51,0,0
13,130463,1,2,3,7,6,13,29,12,6,1,0,13,1,37,32,37032,4,2006,1HGCM66546A0,1,H,G,C,M,6,6,5,4,6,A,0,0,P,HOND,UEX,4D,6,17,3437,,0,1079,,G,,F,6,183,,,17R215,,,,,,0,0,000000000,00000000000,0,0,0,1,0,0,0,0,0,0,0,998,0,0,0,9,6,2,12,0,0,0,1,13,31793,6,1,0,0,3,3,61,150,98,0,0,0,0,0,0,0,0,0,38,0,0,0,1,2,55,1,1,2,1,20,3,11,15,1,1,2,82,1,0
13,130463,2,2,2,7,6,13,29,12,6,1,0,13,2,37,441,37441,20,2001,2HKRL18791H5,2,H,K,R,L,1,8,7,9,1,H,5,0,P,HOND,UDY,SV,1,17,4288,,0,1181,,G,,F,6,212,,,16R215,,,,,,0,0,000000000,00000000000,0,0,0,1,0,0,0,0,0,0,0,998,0,0,0,12,6,2,12,32,0,0,1,13,30523,6,1,0,0,3,3,73,165,98,0,0,0,0,0,0,0,0,0,0,0,0,0,2,2,65,1,1,2,1,0,0,1,66,1,1,1,83,0,0
13,130464,1,1,1,7,6,21,30,42,0,1,0,92,0,21,2,21002,4,1987,1G3HY5438H18,1,G,3,H,Y,5,4,3,8,H,1,8,0,P,OLDS,FRB,4D,87,17,3204,,0,1108,,G,,F,6,231,,,14R205,,,,,,0,0,000000000,00000000000,0,0,0,1,0,0,0,0,0,0,0,998,0,1,5,1,6,2,2,0,0,1,1,13,39841,0,0,0,0,0,0,66,155,98,0,0,0,0,0,0,0,0,0,29,0,0,0,1,2,55,1,1,2,1,0,0,1,13,1,1,4,1,1,0
13,130465,1,1,1,8,6,20,51,35,0,1,0,13,2,20,401,20401,14,1997,1GNCT18W1VK1,1,G,N,C,T,1,8,W,1,V,K,1,0,P,CHEV,BZR,UT,97,17,3880,,0,1005,,G,,F,6,262,,,15R205,,,,,,0,0,000000000,00000000000,0,0,0,1,0,0,0,0,0,0,0,998,0,1,5,14,6,2,1,0,0,0,1,13,30121,6,1,0,0,3,0,73,185,98,0,0,1,2,2,2011,11,2011,0,29,0,0,0,1,2,35,3,6,2,1,0,0,14,12,6,4,4,7,1,0
13,130466,1,1,1,8,6,21,30,8,0,1,0,13,4,20,2,20002,4,2005,2G1WF55E3593,2,G,1,W,F,5,5,E,3,5,9,3,0,P,CHEV,IMP,4D,5,17,3389,,0,1105,,G,,F,6,207,,,16R225,,,,,,0,0,000000000,00000000000,0,0,0,1,0,0,0,0,0,0,0,998,0,0,0,9,2,3,8,0,0,0,1,13,31634,6,1,0,0,3,0,70,167,98,1,0,0,0,6,2011,6,2011,0,86,0,0,0,1,2,25,1,1,2,1,0,0,1,80,1,1,1,13,0,0
13,130467,1,1,1,8,6,22,53,42,0,1,0,13,2,53,402,53402,14,2000,2S3TE52V0Y61,2,S,3,T,E,5,2,V,0,Y,6,1,0,P,SUZI,VIT,UT,0,17,2866,,0,976,,G,,F,4,122,,,16R215,,,,,,0,0,000000000,00000000000,0,0,0,1,0,0,0,0,0,0,0,998,0,1,5,11,6,2,1,32,0,0,1,13,31021,6,1,6,0,3,0,74,199,98,2,0,1,1,10,2010,2,2012,0,29,0,0,0,3,2,70,1,1,2,1,0,0,1,13,7,3,4,2,1,1
13,130468,1,1,1,8,6,6,15,35,0,1,0,13,1,49,32,49032,4,2001,2T1BR12E21C5,2,T,1,B,R,1,2,E,2,1,C,5,0,P,TOYT,UCS,4D,1,17,2410,,0,970,,G,,F,4,109,,,14R175,,,,,,0,0,000000000,00000000000,0,0,0,1,0,0,0,0,0,0,0,998,0,1,5,12,6,2,1,0,0,0,1,13,31405,6,1,0,0,3,0,69,150,98,2,0,0,0,6,2009,6,2009,0,58,29,0,0,3,3,70,1,1,2,1,0,0,1,12,7,3,4,2,1,0
13,130469,1,1,3,9,6,6,20,42,0,1,0,13,2,49,472,49472,30,1998,4TAPM62N0WZ1,4,T,A,P,M,6,2,N,0,W,Z,1,0,T,TOYT,REG,PK,98,17,,1,0,1033,TAC,G,,,4,164,,,,B,3201,00,U,44,0,0,000000000,00000000000,0,0,0,1,0,0,0,0,0,0,0,998,0,1,5,2,6,2,30,0,0,0,1,13,30115,6,1,0,0,3,0,67,190,98,0,0,0,0,0,0,0,0,0,29,0,0,0,1,2,55,1,1,2,1,98,8,1,13,1,1,4,1,1,0
13,130470,1,2,5,9,6,13,43,12,6,1,0,13,2,37,441,37441,20,2000,2HKRL1852YH5,2,H,K,R,L,1,8,5,2,Y,H,5,0,P,HOND,UDY,SV,0,17,4233,,0,1181,,G,,F,6,212,,,16R215,,,,,,0,0,000000000,00000000000,0,0,0,1,0,0,0,0,0,0,0,998,0,0,0,2,6,2,12,0,0,0,1,13,30263,0,0,0,0,0,0,999,999,98,0,0,0,0,0,0,0,0,0,39,0,0,0,1,2,45,1,1,2,1,20,3,1,17,1,1,2,87,2,0
13,130470,2,2,4,9,6,13,43,12,6,1,0,13,1,12,880,12880,67,2006,1FTWW32P26ED,1,F,T,W,W,3,2,P,2,6,E,D,0,T,FORD,F3D,CW,6,17,,3,1720,1560,DRW,D,,,8,366,,,,D,6512,02,E,42,0,88,888888888,88888888888,2,1,97,1,0,0,0,0,0,0,0,998,0,0,0,12,6,2,12,0,0,0,1,13,30044,6,1,6,0,3,0,68,182,98,0,0,0,1,7,2011,7,2011,0,0,0,0,0,1,2,55,1,1,2,1,0,0,1,66,1,1,1,86,0,0
13,130471,1,1,1,10,6,3,18,32,0,1,0,13,2,49,40,49040,4,1998,4T1BG22KXWU3,4,T,1,B,G,2,2,K,X,W,U,3,0,P,TOYT,CXL,4D,98,17,2998,,0,1051,,G,,F,4,132,,,14R195,,,,,,0,0,000000000,00000000000,0,0,0,1,0,0,0,0,0,0,0,998,0,1,5,12,6,2,1,0,0,0,1,13,30153,6,1,0,0,3,0,72,150,98,3,0,1,0,10,2011,2,2012,1,29,0,0,0,1,2,35,3,6,2,2,0,0,14,13,1,1,4,1,1,1
13,130472,1,1,1,10,6,22,15,42,0,1,0,13,2,20,481,20481,31,2008,1GCEC19C78Z2,1,G,C,E,C,1,9,C,7,8,Z,2,0,T,CHEV,SC1,4C,8,17,,2,1575,1339,SIL,G,,,8,293,,,,B,4870,03,,42,0,0,000000000,00000000000,0,0,0,1,0,0,0,0,0,0,0,998,0,0,0,8,6,2,42,0,0,0,1,13,30223,6,1,0,0,3,0,70,220,98,0,0,0,0,0,0,0,0,0,29,39,0,0,1,2,50,1,6,2,1,20,3,1,12,1,1,4,6,1,0
13,130473,1,1,1,11,6,16,19,1,0,1,0,13,3,7,880,7880,67,2011,3D73Y3HL3BG5,3,D,7,3,Y,3,H,L,3,B,G,5,0,T,DODG,ME3,CW,11,17,,3,0,1600,RPC,D,,,6,408,,,,D,7775,00,K,44,0,88,888888888,88888888888,2,1,97,1,0,0,0,0,0,0,0,998,0,2,5,0,6,2,1,0,0,0,1,13,31548,6,1,0,0,3,3,71,165,98,0,0,1,0,12,2011,12,2011,0,58,29,0,0,3,3,70,1,1,2,1,0,0,1,12,7,3,4,2,1,0
13,130474,1,2,1,11,6,19,22,12,2,1,0,13,2,49,40,49040,4,1995,4T1SK13E6SU8,4,T,1,S,K,1,3,E,6,S,U,8,0,P,TOYT,XLE,4D,95,17,3131,,0,1031,,G,,F,4,132,,,14R195,,,,,,0,0,000000000,00000000000,0,0,0,1,0,0,0,0,0,0,0,998,0,0,0,12,6,2,12,0,0,0,1,13,31072,6,1,0,0,3,0,72,220,98,0,0,0,0,0,0,0,0,0,28,0,0,0,1,2,55,2,5,2,2,0,0,14,10,1,1,2,50,1,0
13,130474,2,2,1,11,6,19,22,12,2,1,0,13,3,82,881,82881,66,1998,1FUYDSEB8WL9,1,F,U,Y,D,S,E,B,8,W,L,9,1,T,FRHT,FLD,TR,98,17,,8,0,0,CON,D,,,6,774,,,,,00000,00,,64,1,57,1141888,571141888,3,6,3,1,0,0,0,0,0,0,0,998,0,1,1,12,6,2,12,0,0,0,1,13,30439,6,1,6,0,3,0,73,205,98,0,0,1,1,7,2009,1,2010,0,0,0,0,0,1,2,55,3,6,2,2,0,0,14,62,7,1,1,51,0,0
13,130475,1,1,2,11,6,18,43,42,0,1,0,13,2,19,5,19005,2,1998,1G6EL12Y7WU6,1,G,6,E,L,1,2,Y,7,W,U,6,0,P,CADI,ELD,CP,98,17,3721,,0,1080,,G,,F,8,279,,,16R225,,,,,,0,0,000000000,00000000000,0,0,0,1,0,0,0,0,0,0,0,998,0,0,0,12,6,2,42,0,0,0,1,13,30062,6,1,0,0,3,0,71,275,98,0,0,0,0,0,0,0,0,1,29,0,0,0,1,2,55,3,1,2,2,0,0,14,13,1,1,4,1,1,1
13,130476,1,2,1,11,6,12,56,12,11,1,0,13,1,12,884,12884,63,1977,N70EVZ08508,N,7,0,E,V,Z,0,8,5,0,8,,0,T,FORD,N70,CC,77,11,,6,2500,1240,CON,G,,,,,,,,EI,6003,10,,42,0,57,1111790,571111790,3,1,4,1,0,0,0,0,0,0,0,998,0,0,0,7,2,3,12,0,0,0,1,13,30228,6,1,6,0,3,0,71,235,98,0,0,0,0,0,0,0,0,0,87,28,0,0,1,2,55,1,2,2,2,0,0,2,10,4,3,2,64,0,0
13,130476,2,2,1,11,6,12,56,12,11,1,0,13,1,34,35,34035,4,2011,WBAFR1C52BC7,W,B,A,F,R,1,C,5,2,B,C,7,0,P,BMW,52I,4D,11,17,3814,,0,1169,,G,,F,6,183,,,17R225,,,,,,0,0,000000000,00000000000,0,0,0,1,0,0,0,0,0,0,0,998,0,0,0,13,6,2,12,0,0,0,1,13,30252,6,1,0,0,3,0,66,130,98,0,0,0,0,0,0,0,0,0,0,0,0,0,1,2,55,1,2,2,2,0,0,1,62,1,1,1,65,1,0
13,130477,1,1,1,12,6,13,0,33,0,1,0,13,2,54,35,54035,4,1996,JH4UA2655TC0,J,H,4,U,A,2,6,5,5,T,C,0,0,P,ACUR,25T,4D,96,17,3184,,0,1118,,G,,F,5,150,,,15R205,,,,,,0,0,000000000,00000000000,0,0,0,1,0,0,0,0,0,0,0,998,0,0,0,14,4,3,18,0,0,0,1,13,30281,6,1,0,0,3,0,66,200,98,0,0,0,0,0,0,0,0,0,29,0,0,0,1,2,45,1,3,2,1,0,0,1,13,1,1,4,1,1,0
13,130478,1,1,1,12,6,12,55,30,0,1,0,13,1,34,34,34034,1,1994,WBABJ6321RJD,W,B,A,B,J,6,3,2,1,R,J,D,0,P,BMW,3CA,CV,94,17,3429,,0,1063,,G,,F,6,152,,,15R205,,,,,,0,0,000000000,00000000000,0,0,0,1,0,0,0,0,0,0,0,998,0,0,0,12,6,2,42,0,0,0,1,13,30223,6,1,0,0,3,0,70,185,98,0,0,0,0,0,0,0,0,0,29,0,0,0,1,2,55,3,1,2,1,40,3,14,13,1,1,4,1,1,0
13,130479,1,1,2,13,6,18,32,24,0,1,0,12,1,7,482,7482,31,2004,1D7HA16D54J2,1,D,7,H,A,1,6,D,5,4,J,2,0,T,DODG,S15,PK,4,17,,2,1405,1205,RPC,G,,,8,345,,,,B,4445,01,E,42,0,0,000000000,00000000000,0,0,0,1,0,0,0,0,0,0,0,998,0,1,5,12,6,2,24,0,0,0,1,12,32084,6,1,0,0,3,3,72,999,0,0,0,0,0,0,0,0,0,0,29,0,0,0,3,4,70,1,2,2,1,0,0,1,13,3,3,4,2,1,0
13,130480,1,2,1,13,6,17,13,12,6,1,0,13,2,2,403,2403,14,1991,2J4FY69S6MJ1,2,J,4,F,Y,6,9,S,6,M,J,1,0,T,JEEP,WYR,2W,91,17,,1,0,934,W/Y,G,,,6,242,,,,,2861,01,A,44,0,0,000000000,00000000000,0,0,0,1,0,0,0,0,0,0,0,998,0,1,5,8,6,2,12,0,0,0,1,13,30701,6,1,0,0,3,0,72,225,98,0,0,0,0,0,0,0,0,0,38,0,0,0,1,2,35,1,1,2,1,20,3,1,17,1,1,1,89,1,1
13,130480,2,2,1,13,6,17,13,12,6,1,0,13,1,20,481,20481,31,1986,1GCEK14H7GF3,1,G,C,E,K,1,4,H,7,G,F,3,0,T,CHEV,K10,PK,86,17,,2,1315,1175,K10,G,,,8,305,,,,B,3871,07,,44,0,0,000000000,00000000000,0,0,0,1,0,0,0,0,0,0,0,998,0,0,0,12,6,2,12,0,0,0,1,13,30711,6,1,0,0,3,0,71,185,98,0,0,0,1,10,2011,10,2011,0,0,0,0,0,1,2,55,1,1,2,1,0,0,1,66,1,1,1,88,0,0
13,130481,1,1,1,13,6,21,13,42,0,1,0,13,1,12,401,12401,14,1999,1FMZU32E7XUB,1,F,M,Z,U,3,2,E,7,X,U,B,0,P,FORD,EPR,UT,99,17,3891,,0,1116,,G,,F,6,245,,,15R225,,,,,,0,0,000000000,00000000000,0,0,0,1,0,0,0,0,0,0,0,998,0,0,0,12,6,2,42,0,0,0,1,13,30157,1,1,0,0,2,0,65,105,98,2,0,1,2,4,2011,2,2012,0,29,0,0,0,1,2,45,1,1,2,1,0,0,1,12,1,1,4,6,1,0
13,130482,1,3,1,13,6,14,53,12,6,1,0,13,2,20,471,20471,30,1999,1GCCS1944XK2,1,G,C,C,S,1,9,4,4,X,K,2,0,T,CHEV,S14,PC,99,17,,1,0,1229,S,G,,,4,133,,,,B,3216,00,,42,0,0,000000000,00000000000,0,0,0,1,0,0,0,0,0,0,0,998,0,0,0,8,6,2,12,0,0,0,1,13,39828,1,1,0,0,2,0,72,200,98,1,0,0,0,12,2011,12,2011,0,38,0,0,0,5,4,55,1,1,2,1,0,0,4,98,1,1,1,89,1,0
13,130482,2,3,1,13,6,14,53,12,6,1,0,13,1,20,481,20481,31,2006,1GCHK23266F1,1,G,C,H,K,2,3,2,6,6,F,1,0,T,CHEV,2KH,CW,6,17,,2,1670,1530,SIL,D,,,8,403,,,,C,5883,02,,44,0,0,000000000,00000000000,0,0,0,1,0,0,0,0,0,0,0,998,0,0,0,12,6,2,12,0,0,0,1,13,31792,6,1,6,0,3,0,70,210,98,0,0,0,2,10,2010,2,2011,0,0,0,0,0,5,4,55,1,1,2,1,0,0,1,73,4,2,1,88,0,0
13,130482,3,3,2,13,6,14,53,12,6,1,0,12,1,12,481,12481,31,2004,2FTRX17W94CA,2,F,T,R,X,1,7,W,9,4,C,A,0,T,FORD,HER,4C,4,17,,2,1570,1390,COF,G,,,8,281,,,,B,4290,00,U,42,0,0,000000000,00000000000,0,0,0,1,0,0,0,0,0,0,0,998,0,0,0,18,2,1,54,0,0,0,1,12,32312,6,1,0,0,3,0,69,999,0,0,0,0,0,0,0,0,0,0,0,0,0,0,5,4,55,1,1,2,1,0,0,1,98,1,1,1,98,0,0
13,130483,1,1,1,14,6,7,18,42,0,1,0,13,3,12,16,12016,4,2009,2FAHP71V89X1,2,F,A,H,P,7,1,V,8,9,X,1,0,P,FORD,CVP,4D,9,17,0,,0,1147,,F,,F,8,281,,,17R235,,,,,,0,0,000000000,00000000000,0,0,0,1,0,0,0,0,0,0,0,998,0,0,0,12,6,2,42,0,0,0,1,13,31709,6,1,0,0,3,0,73,245,98,0,0,0,0,0,0,0,0,0,29,0,0,0,1,2,35,1,1,2,1,98,8,1,12,1,1,4,6,1,0
13,130484,1,2,1,15,6,2,11,12,2,1,0,13,1,49,32,49032,4,2007,2T1BR32E97C7,2,T,1,B,R,3,2,E,9,7,C,7,0,P,TOYT,UCS,4D,7,17,2530,,0,1024,,G,,F,4,109,,,15R185,,,,,,0,0,000000000,00000000000,0,0,0,1,0,0,0,0,0,0,0,998,0,0,0,12,6,2,12,0,0,0,1,13,30458,6,1,0,0,3,3,67,160,98,1,0,1,1,6,2010,1,2011,0,51,39,0,0,3,3,65,1,1,2,1,0,0,1,54,1,1,1,52,0,1
13,130484,2,2,1,15,6,2,11,12,2,1,0,13,3,7,24,7024,4,2009,2B3KA43T29H6,2,B,3,K,A,4,3,T,2,9,H,6,0,P,DODG,CHA,4D,9,17,3820,,0,1200,,G,,F,8,348,,,17R215,,,,,,0,0,000000000,00000000000,0,0,0,1,0,0,0,0,0,0,0,998,0,0,0,12,6,2,12,0,0,0,1,13,31321,6,1,0,0,3,0,73,180,98,0,0,0,0,0,0,0,0,0,16,0,0,0,3,3,65,1,1,2,1,0,0,1,54,1,1,1,52,1,0
13,130485,1,2,2,15,6,16,11,12,6,1,0,13,1,35,47,35047,4,2002,1N4AL11D92C2,1,N,4,A,L,1,1,D,9,2,C,2,0,P,NISS,ABS,4D,2,17,2873,,0,1102,,G,,F,4,153,,,16R205,,,,,,0,0,000000000,00000000000,0,0,0,1,0,0,0,0,0,0,0,998,0,0,0,2,6,2,12,0,0,0,1,13,30331,6,1,0,0,3,0,62,110,98,0,0,1,0,6,2012,6,2012,0,38,0,0,0,1,4,35,1,1,1,1,3,3,11,15,1,1,1,68,0,0
13,130485,2,2,1,15,6,16,11,12,6,1,0,13,1,53,705,53705,80,2007,JS1GR7KA5721,J,S,1,G,R,7,K,A,5,7,2,1,0,M,SUZI,SX7,RC,7,17,,,,,,,749,,4,,4,359,,,,,,,0,0,000000000,00000000000,0,0,0,1,0,0,0,0,0,0,0,998,0,0,0,12,6,2,12,0,0,0,1,13,30344,6,1,0,0,3,0,69,170,98,1,0,1,0,9,2011,1,2012,0,0,0,0,0,1,4,35,1,1,1,1,3,3,1,17,1,1,1,69,1,0
13,130486,1,1,2,15,6,23,13,35,0,1,0,13,2,49,50,49050,3,2006,JTKDE1774601,J,T,K,D,E,1,7,7,4,6,0,1,0,P,TOYT,SXC,2H,6,17,2905,,0,1063,,G,,F,4,144,,,17R215,,,,,,0,0,000000000,00000000000,0,0,0,1,0,0,0,0,0,0,0,998,0,1,5,14,6,2,35,0,0,0,1,13,31820,6,2,5,0,3,0,74,160,98,0,0,0,1,6,2012,6,2012,0,29,0,0,0,1,2,45,2,2,2,1,0,0,14,12,6,4,4,7,1,1
13,130487,1,1,1,16,6,10,49,42,0,1,0,13,1,20,481,20481,31,2005,2GCEC19V6512,2,G,C,E,C,1,9,V,6,5,1,2,0,T,CHEV,SC1,4C,5,17,,2,1575,1435,SIL,G,,,8,293,,,,B,4555,00,,42,0,0,000000000,00000000000,0,0,0,1,0,0,0,0,0,0,0,998,0,0,0,12,6,2,42,0,0,0,1,13,30236,6,1,0,0,3,3,72,300,98,0,0,0,0,0,0,0,0,0,29,0,0,0,6,1,45,1,2,2,1,0,0,1,12,1,1,4,6,1,0
13,130488,1,2,1,16,6,15,17,12,6,1,0,13,1,35,47,35047,4,2003,1N4BL11D13C3,1,N,4,B,L,1,1,D,1,3,C,3,0,P,NISS,ABE,4D,3,17,3071,,0,1102,,G,,F,6,214,,,17R215,,,,,,0,0,000000000,00000000000,0,0,0,1,0,0,0,0,0,0,0,998,0,0,0,12,6,2,12,0,0,0,1,13,30093,6,1,0,0,3,3,62,145,98,0,0,0,0,0,0,0,0,0,39,0,0,0,1,4,45,1,1,2,1,3,3,1,17,1,1,1,83,0,0
13,130488,2,2,1,16,6,15,17,12,6,1,0,92,0,98,709,98709,88,2008,3CG3SAA47830,3,C,G,3,S,A,A,4,7,8,3,0,0,U,,,,8,17,,,,,,,,,,,,,,,,,,,0,0,000000000,00000000000,0,0,0,1,0,0,0,0,0,0,0,998,0,0,0,10,6,2,12,0,0,0,1,13,30071,6,1,0,0,1,0,71,201,98,0,0,0,0,0,0,0,0,0,0,0,0,0,1,4,45,1,1,2,1,3,3,11,15,1,1,1,82,1,0
13,130489,1,1,1,16,6,19,38,42,0,1,0,13,1,49,38,49038,4,1991,JT2EL43A6M01,J,T,2,E,L,4,3,A,6,M,0,1,0,P,TOYT,TDX,4D,91,17,2005,,0,937,,G,,F,4,089,,,13R155,,,,,,0,0,000000000,00000000000,0,0,0,1,0,0,0,0,0,0,0,998,0,0,0,3,6,2,42,0,0,0,1,13,30543,6,1,0,0,3,0,69,142,98,0,0,0,0,0,0,0,0,0,58,29,36,0,1,2,55,3,1,2,1,0,0,14,13,6,4,4,7,1,1
13,130490,1,1,1,16,6,4,0,42,0,1,0,13,2,12,481,12481,31,2003,1FTRX17W73NA,1,F,T,R,X,1,7,W,7,3,N,A,0,T,FORD,F15,4C,3,17,,2,1571,1385,COF,G,,,8,281,,,,B,4060,00,U,42,0,0,000000000,00000000000,0,0,0,1,0,0,0,0,0,0,0,998,0,0,0,9,6,2,42,0,0,0,1,13,30293,6,2,0,0,3,0,72,180,98,0,0,1,0,1,2011,1,2011,0,58,29,0,0,1,2,55,1,6,2,1,0,0,1,12,7,3,4,2,1,0
13,130491,1,2,2,16,6,0,12,12,6,1,0,13,2,52,401,52401,14,1998,JA4LS31P5WP0,J,A,4,L,S,3,1,P,5,W,P,0,0,P,MITS,MNS,UT,98,17,3755,,0,1073,,G,,F,6,181,,,15R225,,,,,,0,0,000000000,00000000000,0,0,0,1,0,0,0,0,0,0,0,998,0,0,0,12,6,2,12,0,0,0,1,13,30157,6,1,0,0,3,3,66,180,98,1,0,1,0,12,2011,12,2011,0,99,99,99,99,3,2,45,1,1,2,1,3,3,1,17,1,1,1,86,0,0
13,130491,2,2,2,16,6,0,12,12,6,1,0,13,2,35,43,35043,4,2006,3N1CB51DX6L6,3,N,1,C,B,5,1,D,X,6,L,6,0,P,NISS,S18,4D,6,17,2509,,0,998,,G,,F,4,108,,,15R195,,,,,,0,0,000000000,00000000000,0,0,0,1,0,0,0,0,0,0,0,998,0,0,0,3,6,2,12,0,0,0,1,13,30141,6,1,0,0,3,3,67,135,98,0,0,0,0,0,0,0,0,0,99,99,99,99,1,4,45,1,1,2,1,3,3,1,17,1,1,1,87,1,0
13,130492,1,1,1,16,6,16,36,34,0,1,0,13,1,23,481,23481,31,2003,1GTGC13UX3F1,1,G,T,G,C,1,3,U,X,3,F,1,0,T,GMC,1CH,CW,3,17,,2,0,1530,SIE,G,,,8,364,,,,B,5461,00,U,42,0,0,000000000,00000000000,0,0,0,1,0,0,0,0,0,0,0,998,0,1,5,14,6,2,1,0,0,0,1,13,31719,6,1,0,0,3,0,68,190,98,3,0,3,1,7,2009,7,2011,1,29,0,0,0,1,2,55,3,6,2,1,0,0,14,6,8,4,4,7,1,1
13,130493,1,1,2,17,6,1,50,8,0,1,0,13,2,49,40,49040,4,1997,JT2BG22K2V00,J,T,2,B,G,2,2,K,2,V,0,0,0,P,TOYT,XLL,4D,97,17,3086,,0,1051,,G,,F,4,132,,,14R195,,,,,,0,0,000000000,00000000000,0,0,0,1,0,0,0,0,0,0,0,998,0,0,0,12,4,3,8,0,0,0,1,13,30106,6,1,0,0,3,3,67,200,98,1,0,0,0,3,2011,3,2011,0,86,0,0,0,2,3,45,1,1,2,1,0,0,1,80,1,1,1,13,0,0
13,130494,1,3,1,17,6,1,52,12,2,1,0,13,1,20,461,20461,21,1990,2GCGG35K4L41,2,G,C,G,G,3,5,K,4,L,4,1,0,T,CHEV,G30,CG,90,17,,2,1460,1250,VAN,G,,,8,350,,,,D,00000,00,,42,0,0,000000000,00000000000,0,0,0,1,0,0,0,0,0,0,0,998,0,0,0,12,6,2,12,0,0,0,1,13,30082,6,1,6,0,3,0,77,240,98,2,0,1,0,6,2009,1,2011,0,51,24,0,0,3,4,55,1,1,2,1,0,0,1,54,1,1,1,52,0,0
13,130494,2,3,1,17,6,1,52,12,2,1,0,13,1,76,706,76706,80,2003,JYARN10EX3A0,J,Y,A,R,N,1,0,E,X,3,A,0,0,M,YAMA,YFR,RC,3,17,,,,,,,998,,4,,4,382,,,,,,,0,0,000000000,00000000000,0,0,0,1,0,0,0,0,0,0,0,998,0,0,0,12,6,2,12,0,0,0,1,13,30016,6,1,6,0,3,0,76,250,98,3,0,1,1,7,2009,11,2011,0,0,0,0,0,3,4,55,1,1,2,1,0,0,1,54,1,1,1,52,1,1
13,130494,3,3,1,17,6,1,52,12,2,1,0,13,1,53,706,53706,80,2003,JS1GT75A7321,J,S,1,G,T,7,5,A,7,3,2,1,0,M,SUZI,XR1,RC,3,17,,,,,,,988,,4,,4,370,,,,,,,0,0,000000000,00000000000,0,0,0,1,0,0,0,0,0,0,0,998,0,0,0,9,2,9,12,0,0,0,1,13,30349,6,1,6,0,3,0,71,230,98,0,0,0,1,3,2012,3,2012,0,0,0,0,0,3,4,55,1,1,2,1,0,0,1,54,1,1,1,98,0,0
13,130495,1,1,1,25,5,22,34,42,0,1,0,13,1,37,706,37706,80,2003,JH2SC50093M1,J,H,2,S,C,5,0,0,9,3,M,1,0,M,HOND,CR9,RC,3,17,,,,,,,954,,4,,4,370,,,,,,,0,0,000000000,00000000000,0,0,0,1,0,0,0,0,0,0,0,998,0,0,0,12,4,3,42,0,0,0,1,13,31024,6,1,0,0,3,0,71,165,98,0,0,1,0,10,2010,10,2010,0,29,0,0,0,1,2,55,2,2,2,1,40,3,14,12,1,1,4,6,1,0
13,130496,1,2,2,23,6,12,48,12,2,1,0,13,1,23,471,23471,30,2003,1GTCS19X4382,1,G,T,C,S,1,9,X,4,3,8,2,0,T,GMC,SON,3C,3,17,,1,0,1229,SON,G,,,6,262,,,,B,3198,00,U,42,0,0,000000000,00000000000,0,0,0,1,0,0,0,0,0,0,0,998,0,0,0,12,6,2,12,0,0,0,1,13,31024,6,1,0,0,3,0,64,172,98,0,0,0,0,0,0,0,0,0,38,0,0,0,1,2,55,1,3,2,1,40,3,11,15,1,1,1,84,0,0