STATE,ST_CASE,VEH_NO,VE_FORMS,NUMOCCS,DAY,MONTH,HOUR,MINUTE,HARM_EV,MAN_COLL,UNITTYPE,HIT_RUN,REG_STAT,OWNER,MAKE,MODEL,MAK_MOD,BODY_TYP,MOD_YEAR,VIN,VIN_1,VIN_2,VIN_3,VIN_4,VIN_5,VIN_6,VIN_7,VIN_8,VIN_9,VIN_10,VIN_11,VIN_12,TOW_VEH,VINTYPE,VINMAKE,VINA_MOD,VIN_BT,VINMODYR,VIN_LNGT,VIN_WGT,WGTCD_TR,WHLBS_LG,WHLBS_SH,SER_TR,FUELCODE,MCYCL_DS,CARBUR,CYLINDER,DISPLACE,MCYCL_CY,MCYCL_WT,TIRE_SZE,TON_RAT,TRK_WT,TRKWTVAR,VIN_REST,WHLDRWHL,J_KNIFE,MCARR_I1,MCARR_I2,MCARR_ID,GVWR,V_CONFIG,CARGO_BT,HAZ_INV,HAZ_PLAC,HAZ_ID,HAZ_CNO,HAZ_REL,BUS_USE,SPEC_USE,EMER_USE,TRAV_SP,UNDERIDE,ROLLOVER,ROLINLOC,IMPACT1,DEFORMED,TOWED,M_HARM,VEH_SC1,VEH_SC2,FIRE_EXP,DR_PRES,L_STATE,DR_ZIP,L_STATUS,L_TYPE,CDL_STAT,L_ENDORS,L_COMPL,L_RESTRI,DR_HGT,DR_WGT,PREV_ACC,PREV_SUS,PREV_DWI,PREV_SPD,PREV_OTH,FIRST_MO,FIRST_YR,LAST_MO,LAST_YR,SPEEDREL,DR_SF1,DR_SF2,DR_SF3,DR_SF4,VTRAFWAY,VNUM_LAN,VSPD_LIM,VALIGN,VPROFILE,VPAVETYP,VSURCOND,VTRAFCON,VTCONT_F,P_CRASH1,P_CRASH2,P_CRASH3,PCRASH4,PCRASH5,ACC_TYPE,DEATHS,DR_DRINK
13,130496,2,2,2,23,6,12,48,12,2,1,0,13,1,53,705,53705,80,1996,JS1NP41A9T21,J,S,1,N,P,4,1,A,9,T,2,1,0,M,SUZI,LS6,RS,96,17,,,,,,,652,,1,,4,352,,,,,,,0,0,000000000,00000000000,0,0,0,1,0,0,0,0,0,0,0,998,0,0,0,12,6,2,12,0,0,0,1,13,30642,6,1,0,0,3,3,71,200,98,0,0,1,0,6,2011,6,2011,0,0,0,0,0,1,2,55,1,3,2,1,40,3,1,62,1,1,1,84,1,0
13,130497,1,1,1,22,6,6,13,33,0,1,0,13,1,72,706,72706,80,2007,1HD4CR2107K4,1,H,D,4,C,R,2,1,0,7,K,4,0,M,HD,XLL,RS,7,17,,,,,,,883,,2,,4,563,,,,,,,0,0,000000000,00000000000,0,0,0,1,0,0,0,0,0,0,0,998,0,0,0,12,6,2,33,0,0,0,1,13,30096,6,1,0,0,3,0,70,190,98,0,0,0,0,0,0,0,0,0,53,29,0,0,6,2,45,3,2,2,1,0,0,14,13,99,9,4,2,1,1
13,130498,1,2,1,2,4,5,35,12,6,1,0,13,2,35,47,35047,4,2006,1N4AL11D16N4,1,N,4,A,L,1,1,D,1,6,N,4,0,P,NISS,ASL,4D,6,17,2915,,0,1102,,G,,F,4,153,,,16R215,,,,,,0,0,000000000,00000000000,0,0,0,1,0,0,0,0,0,0,0,998,0,0,0,3,6,2,12,0,0,0,1,13,30312,6,1,0,0,3,0,68,180,98,0,0,0,0,0,0,0,0,0,39,0,0,0,1,2,35,1,1,2,1,3,3,1,66,1,1,1,87,1,0
13,130498,2,2,1,2,4,5,35,12,6,1,0,13,2,7,422,7422,15,2008,1D8HD48K58F1,1,D,8,H,D,4,8,K,5,8,F,1,0,P,DODG,DUR,UT,8,17,4865,,0,1192,,G,,F,6,225,,,17R245,,,,,,0,0,000000000,00000000000,0,0,0,1,0,0,0,0,0,0,0,998,0,0,0,12,6,2,12,0,0,0,1,13,30331,6,1,0,0,3,0,71,280,98,0,0,0,0,0,0,0,0,0,39,0,0,0,1,2,35,1,1,2,1,3,3,1,66,1,1,1,86,0,0
13,130499,1,2,4,15,4,22,40,12,6,1,0,13,2,6,441,6441,20,2000,1C4GP44G9YB7,1,C,4,G,P,4,4,G,9,Y,B,7,0,T,CHRY,TLX,ES,0,17,,1,0,1193,TWC,F,,,6,201,,,,,3948,00,,42,0,0,000000000,00000000000,0,0,0,1,0,0,0,0,0,0,0,998,0,0,0,1,6,2,12,0,0,0,1,13,30223,6,1,0,0,3,0,66,159,98,0,0,0,0,0,0,0,0,0,39,0,0,0,3,3,45,1,1,2,1,3,3,12,98,1,1,1,98,1,0
13,130499,2,2,1,15,4,22,40,12,6,1,0,13,2,12,16,12016,4,2001,2FAFP71W61X1,2,F,A,F,P,7,1,W,6,1,X,1,0,P,FORD,CVP,4D,1,17,3996,,0,1147,,G,,F,8,281,,,16R225,,,,,,0,0,000000000,00000000000,0,0,0,1,0,0,0,0,0,0,0,998,0,0,0,12,6,2,12,0,0,0,1,13,30238,6,1,0,0,3,0,77,235,98,4,0,0,5,5,2009,9,2010,0,0,0,0,0,3,3,45,1,1,2,1,3,3,1,63,1,1,1,98,0,0
13,130500,1,2,5,4,6,14,5,12,6,1,0,13,2,37,441,37441,20,2012,5FNRL5H94CB0,5,F,N,R,L,5,H,9,4,C,B,0,0,P,HOND,ODY,SV,12,17,4541,,0,1181,,G,,F,6,214,,,18R235,,,,,,0,0,000000000,00000000000,0,0,0,1,0,0,0,0,0,0,0,998,0,0,0,12,4,3,12,0,0,0,1,13,30052,6,1,0,0,3,3,63,140,98,0,0,0,0,0,0,0,0,0,39,91,0,0,1,4,40,1,1,2,1,3,3,1,17,1,1,1,69,0,0
13,130500,2,2,1,4,6,14,5,12,6,1,0,13,1,7,20,7020,4,2005,1B3ES56C15D1,1,B,3,E,S,5,6,C,1,5,D,1,0,P,DODG,NXT,4D,5,17,2634,,0,1040,,G,,F,4,122,,,15R185,,,,,,0,0,000000000,00000000000,0,0,0,1,0,0,0,0,0,0,0,998,0,0,0,9,4,3,12,0,0,0,1,13,30045,6,1,0,0,3,3,70,180,98,0,0,0,0,0,0,0,0,0,0,0,0,0,1,4,40,1,1,2,1,3,3,11,63,1,1,1,68,1,0
13,130501,1,2,1,16,6,16,17,12,2,1,0,13,1,20,481,20481,31,2003,2GCEC19T7311,2,G,C,E,C,1,9,T,7,3,1,1,0,T,CHEV,SC1,4C,3,17,,2,1575,1435,SIL,G,,,8,325,,,,B,4534,03,,42,0,0,000000000,00000000000,0,0,0,1,0,0,0,0,0,0,0,998,0,0,0,12,6,2,12,0,0,0,1,13,30506,6,1,0,0,3,1,67,165,98,0,0,0,0,0,0,0,0,0,58,91,0,0,1,2,55,3,6,2,1,0,0,14,10,1,1,1,50,0,0
13,130501,2,2,2,16,6,16,17,12,2,1,0,13,1,49,43,49043,4,2008,4T1BK36B98U2,4,T,1,B,K,3,6,B,9,8,U,2,0,P,TOYT,UTS,4D,8,17,3490,,0,1110,,G,,F,6,214,,,16R215,,,,,,0,0,000000000,00000000000,0,0,0,1,0,0,0,0,0,0,0,998,0,0,0,12,6,2,12,0,0,0,1,13,30534,6,1,0,0,3,0,75,198,98,0,0,0,0,0,0,0,0,0,0,0,0,0,1,2,55,1,5,2,1,0,0,1,62,1,1,1,51,1,0
13,130502,1,1,3,17,6,2,48,5,0,1,0,13,1,12,401,12401,14,1997,1FMDU32X0VUD,1,F,M,D,U,3,2,X,0,V,U,D,0,P,FORD,EPR,UT,97,17,3939,,0,1115,,G,,F,6,245,,,15R225,,,,,,0,0,000000000,00000000000,0,0,0,1,0,0,0,0,0,0,0,998,0,0,0,0,0,1,5,0,0,0,1,13,30204,6,1,6,0,3,0,71,152,98,0,0,0,1,6,2010,6,2010,0,0,0,0,0,2,8,65,1,1,2,1,0,0,1,98,1,1,1,0,1,0
13,130503,1,2,3,17,6,2,25,12,6,1,0,13,1,7,43,7043,4,2001,1B3EJ46X71N6,1,B,3,E,J,4,6,X,7,1,N,6,0,P,DODG,SSE,4D,1,17,3151,,0,1080,,G,,F,4,148,,,15R205,,,,,,0,0,000000000,00000000000,0,0,0,1,0,0,0,0,0,0,0,998,0,0,0,3,6,2,12,0,0,0,1,13,30907,6,1,0,0,3,0,70,160,98,2,1,1,2,1,2010,5,2012,0,38,91,0,0,1,4,45,1,2,2,1,0,0,11,15,1,1,1,68,0,1
13,130503,2,2,1,17,6,2,25,12,6,1,0,45,1,53,705,53705,80,2004,JS1GN7CA0421,J,S,1,G,N,7,C,A,0,4,2,1,0,M,SUZI,GSK,RC,4,17,,,,,,,599,,4,,4,354,,,,,,,0,0,000000000,00000000000,0,0,0,1,0,0,0,0,0,0,0,998,0,0,0,12,6,2,12,0,0,0,1,13,30815,6,1,6,0,3,1,66,140,98,0,0,1,1,1,2011,4,2012,0,0,0,0,0,1,4,45,1,2,2,1,0,0,1,63,1,1,1,69,1,0
13,130504,1,1,2,17,6,10,15,1,0,1,0,13,1,20,401,20401,14,2002,1GNCS18W52K1,1,G,N,C,S,1,8,W,5,2,K,1,0,P,CHEV,BZR,UT,2,17,3603,,0,1005,,G,,F,6,262,,,000000,,,,,,0,0,000000000,00000000000,0,0,0,1,0,0,0,0,0,0,0,998,0,2,1,0,6,2,1,0,0,0,1,13,31419,6,1,0,0,3,0,71,165,98,2,1,0,0,1,2010,2,2010,0,36,0,0,0,3,2,70,1,1,2,1,0,0,6,98,1,1,2,98,1,1
13,130505,1,1,5,18,6,16,32,1,0,1,0,13,2,20,441,20441,20,1998,1GNDM19WXWB1,1,G,N,D,M,1,9,W,X,W,B,1,0,T,CHEV,AST,ES,98,17,,1,0,1112,AST,G,,,6,262,,,,B,4427,00,,42,0,0,000000000,00000000000,0,0,0,1,0,0,0,0,0,0,0,998,0,2,5,0,6,2,1,0,0,0,1,13,31642,0,0,0,0,0,0,999,999,98,0,0,0,0,0,0,0,0,0,91,0,0,0,1,2,55,1,1,2,1,0,0,1,12,7,1,4,6,1,0
13,130506,1,1,1,19,6,20,21,42,0,1,0,13,2,23,481,23481,31,1993,1GTEK14H4PZ5,1,G,T,E,K,1,4,H,4,P,Z,5,0,T,GMC,SK1,PK,93,17,,2,1315,1175,SIE,G,,,8,305,,,,B,00000,00,A,44,0,0,000000000,00000000000,0,0,0,1,0,0,0,0,0,0,0,998,0,0,0,83,6,2,42,0,0,0,1,13,31204,6,1,0,0,3,3,72,220,98,0,0,1,0,3,2011,3,2011,0,0,0,0,0,1,2,35,1,2,2,1,0,0,1,12,1,1,4,6,1,1
13,130507,1,2,1,19,6,23,30,12,6,1,0,13,1,12,17,12017,4,2003,1FAFP55U03G2,1,F,A,F,P,5,5,U,0,3,G,2,0,P,FORD,TSS,4D,3,17,3329,,0,1085,,G,,F,6,182,,,16R215,,,,,,0,0,000000000,00000000000,0,0,0,1,0,0,0,0,0,0,0,998,0,0,0,83,6,2,12,0,0,0,1,13,30296,6,1,0,0,3,3,73,258,98,2,0,2,0,2,2010,1,2011,0,99,99,99,99,2,4,55,1,2,2,1,0,0,11,15,1,1,1,68,0,0
13,130507,2,2,1,19,6,23,30,12,6,1,0,13,2,73,705,73705,80,2008,JKAZX4J1X8A0,J,K,A,Z,X,4,J,1,X,8,A,0,0,M,KAWK,ZXJ,RC,8,17,,,,,,,599,,4,,4,377,,,,,,,0,0,000000000,00000000000,0,0,0,1,0,0,0,0,0,0,0,998,0,0,0,12,6,2,12,0,0,0,1,13,30078,1,1,0,0,2,0,72,230,98,3,0,3,1,11,2011,4,2012,0,99,99,99,99,2,4,55,1,2,2,1,0,0,1,62,1,1,1,69,1,0
13,130508,1,1,1,19,6,16,0,8,0,1,0,13,1,12,402,12402,14,2001,1FMYU03141KB,1,F,M,Y,U,0,3,1,4,1,K,B,0,P,FORD,SPE,UT,1,17,3069,,0,1031,,G,,F,6,181,,,15R225,,,,,,0,0,000000000,00000000000,0,0,0,1,0,0,0,0,0,0,0,998,0,0,0,2,2,1,8,0,0,0,1,13,30813,6,1,0,0,3,3,72,285,98,0,0,0,2,10,2010,4,2012,0,0,0,0,0,1,2,55,1,2,2,1,28,3,1,80,1,1,1,13,0,0
13,130509,1,4,2,20,6,0,15,7,0,1,0,13,3,51,881,51881,66,1999,4VG7DAPF6XN7,4,V,G,7,D,A,P,F,6,X,N,7,1,T,VOLV,VVN,TR,99,17,,8,0,0,VVN,D,,,6,661,,,,,00000,00,,64,1,57,1540177,571540177,3,6,1,1,0,0,0,0,0,0,0,998,0,0,0,0,0,1,7,0,0,0,1,13,30467,6,1,6,0,3,0,75,170,98,0,0,0,0,0,0,0,0,0,80,0,0,0,3,3,70,1,5,2,1,0,0,1,1,1,1,1,0,0,0
13,130509,2,4,1,20,6,0,15,7,0,1,0,48,3,82,881,82881,66,2001,1FUJBBCG91LF,1,F,U,J,B,B,C,G,9,1,L,F,1,T,FRHT,ST2,TR,1,17,,8,0,0,CON,D,,,6,774,,,,,00000,00,,64,1,57,2191652,572191652,3,6,1,1,0,0,0,0,0,0,0,998,0,0,0,12,6,2,18,0,0,0,1,13,30548,6,1,6,0,3,0,75,280,98,3,0,3,1,7,2009,3,2012,0,0,0,0,0,3,3,70,1,5,2,1,0,0,1,90,1,1,1,98,0,0
13,130509,3,4,1,20,6,0,15,7,0,1,0,13,1,37,31,37031,2,1995,2HGEH2364SH5,2,H,G,E,H,2,3,6,4,S,H,5,0,P,HOND,CID,2H,95,17,2115,,0,1013,,G,,F,4,091,,,13R175,,,,,,0,0,000000000,00000000000,0,0,0,1,0,0,0,0,0,0,0,998,0,0,0,12,6,2,14,0,0,0,1,13,30735,6,1,0,0,3,0,70,145,98,0,0,0,0,0,0,0,0,0,87,58,0,0,3,3,70,1,5,2,1,0,0,1,90,6,1,2,98,1,1
13,130509,5,4,2,20,6,0,15,7,0,1,0,12,2,20,881,20881,61,2005,1GBE4E1205F5,1,G,B,E,4,E,1,2,0,5,F,5,0,T,CHEV,C4E,CH,5,17,,5,2290,1690,C45,D,,,8,403,,,,,00000,00,,42,0,88,888888888,88888888888,2,2,1,1,0,0,0,0,0,0,0,998,0,0,0,4,4,1,18,0,0,0,1,12,32686,6,1,0,0,3,0,70,999,0,0,0,1,0,8,2010,8,2010,0,0,0,0,0,3,3,70,1,5,2,1,0,0,1,90,6,1,2,98,0,0
13,130510,1,1,1,20,6,15,56,24,0,1,0,13,1,59,34,59034,4,2004,JT8BD69S8402,J,T,8,B,D,6,9,S,8,4,0,2,0,P,LEXS,GS3,4D,4,17,3649,,0,1102,,G,,F,6,183,,,16R225,,,,,,0,0,000000000,00000000000,0,0,0,1,0,0,0,0,0,0,0,998,0,0,0,12,6,2,42,0,0,0,1,13,30035,6,1,0,0,3,3,75,177,98,8,0,6,0,10,2009,6,2011,1,51,0,0,0,1,2,55,1,2,2,1,0,0,1,13,1,1,4,1,1,0
13,130511,1,1,1,20,6,8,16,8,0,1,0,13,2,23,471,23471,30,1988,1GTBS14E3J25,1,G,T,B,S,1,4,E,3,J,2,5,0,T,GMC,S10,PK,88,17,,1,1179,1083,S,G,,,4,151,,,,B,2568,03,A,42,0,0,000000000,00000000000,0,0,0,1,0,0,0,0,0,0,0,998,0,0,0,12,6,2,8,0,0,0,1,13,30629,1,1,0,0,2,0,73,180,98,0,0,0,0,0,0,0,0,0,0,0,0,0,1,2,55,3,1,2,1,28,3,14,80,1,1,1,13,0,0
13,130512,1,2,2,20,6,17,12,12,6,1,0,13,1,37,32,37032,2,2005,1HGCM72765A0,1,H,G,C,M,7,2,7,6,5,A,0,0,P,HOND,UEX,CP,5,17,3124,,0,1051,,G,,F,4,146,,,15R205,,,,,,0,0,000000000,00000000000,0,0,0,1,0,0,0,0,0,0,0,998,0,0,0,2,4,3,12,0,0,0,1,13,30013,6,1,0,0,3,0,75,200,98,1,0,2,0,4,2011,8,2011,0,38,48,0,0,1,3,45,1,1,2,1,3,3,12,98,1,1,1,98,0,0
13,130512,2,2,1,20,6,17,12,12,6,1,0,13,1,72,706,72706,80,2004,1HD1BJY154Y0,1,H,D,1,B,J,Y,1,5,4,Y,0,0,M,HD,STC,RS,4,17,,,,,,,1450,,2,,4,696,,,,,,,0,0,000000000,00000000000,0,0,0,1,0,0,0,0,0,0,0,998,0,0,0,12,6,2,12,0,0,0,1,13,30206,6,1,0,0,3,0,73,240,98,0,0,0,0,0,0,0,0,0,0,0,0,0,3,2,45,1,1,2,1,3,3,1,63,1,1,1,98,1,0
13,130513,1,2,1,21,6,1,10,34,0,1,0,13,2,12,13,12013,4,2002,3FAFP13P52R2,3,F,A,F,P,1,3,P,5,2,R,2,0,P,FORD,ESC,4D,2,17,2468,,0,984,,G,,F,4,122,,,14R185,,,,,,0,0,000000000,00000000000,0,0,0,1,0,0,0,0,0,0,0,998,0,0,0,12,4,1,12,0,0,0,1,13,30117,6,1,0,0,3,0,67,160,98,0,0,0,0,0,0,0,0,0,0,0,0,0,0,0,0,0,0,0,0,0,0,1,98,1,1,1,98,0,0
13,130513,4,2,4,21,6,1,10,34,0,1,0,13,2,37,31,37031,2,1995,1HGEJ1128SL0,1,H,G,E,J,1,1,2,8,S,L,0,0,P,HOND,CEX,CP,95,17,2371,,0,1032,,G,,F,4,097,,,14R185,,,,,,0,0,000000000,00000000000,0,0,0,1,0,0,0,0,0,0,0,998,0,0,0,98,6,2,34,0,0,0,1,13,30116,6,1,0,0,3,0,74,155,98,1,0,2,1,3,2011,3,2012,1,91,0,0,0,1,2,45,1,1,2,1,28,3,1,13,1,1,4,1,1,1
13,130514,1,1,1,21,6,16,50,24,0,1,0,13,2,12,401,12401,14,1997,1FMDU32E0VZB,1,F,M,D,U,3,2,E,0,V,Z,B,0,P,FORD,EPR,UT,97,17,3939,,0,1115,,G,,F,6,245,,,15R225,,,,,,0,0,000000000,00000000000,0,0,0,1,0,0,0,0,0,0,0,998,0,1,6,12,6,2,1,0,0,0,1,13,30337,6,1,0,0,3,0,66,190,98,0,0,1,0,4,2012,4,2012,0,80,0,0,0,3,6,55,1,1,2,1,0,0,1,1,1,1,4,1,1,0
13,130515,1,1,1,21,6,2,0,35,0,1,0,13,1,37,709,37709,89,2007,JH2PC40027M0,J,H,2,P,C,4,0,0,2,7,M,0,0,M,HOND,B60,RC,7,17,,,,,,,599,,4,,4,345,,,,,,,0,0,000000000,00000000000,0,0,0,1,0,0,0,0,0,0,0,998,0,0,0,12,6,2,1,0,0,0,1,13,30507,6,1,0,0,3,1,68,135,98,0,0,0,2,11,2010,5,2011,0,0,0,0,0,1,2,45,2,5,2,1,0,0,14,12,1,1,4,6,1,0
13,130516,1,2,2,21,6,10,54,12,6,1,0,12,1,20,402,20402,14,2002,2CNBJ13C0269,2,C,N,B,J,1,3,C,0,2,6,9,0,P,CHEV,TKR,UT,2,17,3027,,0,976,,G,,F,4,122,,,15R205,,,,,,0,0,000000000,00000000000,0,0,0,1,0,0,0,0,0,0,0,998,0,0,0,12,6,2,12,0,0,0,1,12,33056,6,1,0,0,3,1,70,999,0,0,0,0,0,0,0,0,0,0,0,0,0,0,1,2,55,1,1,2,1,28,3,1,65,1,1,1,69,0,0
13,130516,2,2,1,21,6,10,54,12,6,1,0,0,0,98,709,98709,81,9999,000000000000,0,0,0,0,0,0,0,0,0,0,0,0,0,,,,,,,,,,,,,,,,,,,,,,,,,0,0,000000000,00000000000,0,0,0,1,0,0,0,0,0,0,0,998,0,0,0,9,6,2,12,0,0,0,1,13,30434,0,0,0,0,0,0,999,999,98,0,0,0,0,0,0,0,0,0,38,0,0,0,1,2,35,1,1,2,1,20,3,11,15,1,1,1,68,1,0
13,130517,1,2,1,21,6,16,52,12,2,1,0,13,1,20,37,20037,4,2005,1G1ZT54835F2,1,G,1,Z,T,5,4,8,3,5,F,2,0,P,CHEV,M/L,4D,5,17,3297,,0,1063,,G,,F,6,214,,,15R205,,,,,,0,0,000000000,00000000000,0,0,0,1,0,0,0,0,0,0,0,998,0,0,0,12,6,2,12,0,0,0,1,13,30157,6,1,0,0,3,0,60,110,98,0,0,0,0,0,0,0,0,0,0,0,0,0,1,2,55,1,5,2,1,0,0,1,10,1,1,1,50,1,0
13,130517,2,2,7,21,6,16,52,12,2,1,0,13,1,23,422,23422,15,2007,1GKFC13007R2,1,G,K,F,C,1,3,0,0,7,R,2,0,T,GMC,YUK,4W,7,17,,2,0,1160,YUK,F,,,8,323,,,,B,5443,00,4,42,0,0,000000000,00000000000,0,0,0,1,0,0,0,0,0,0,0,998,0,0,0,12,6,2,12,0,0,0,1,13,30157,6,1,6,0,3,3,67,190,98,2,0,0,0,7,2010,1,2011,0,0,0,0,0,1,2,55,1,6,2,1,0,0,1,62,1,1,1,51,0,0
13,130518,1,2,1,22,6,5,54,12,2,1,0,13,1,20,481,20481,31,2003,2GCEC19T9312,2,G,C,E,C,1,9,T,9,3,1,2,0,T,CHEV,SC1,4C,3,17,,2,1575,1435,SIL,G,,,8,325,,,,B,4534,03,,42,0,0,000000000,00000000000,0,0,0,1,0,0,0,0,0,0,0,998,0,0,0,12,6,2,12,0,0,0,1,13,30620,6,1,6,0,3,0,72,280,98,0,0,0,0,0,0,0,0,0,48,0,0,0,1,2,45,1,1,2,1,0,0,11,15,1,1,1,74,0,0
13,130518,2,2,1,22,6,5,54,12,2,1,0,13,2,98,709,98709,88,2008,L4YTCAK548A0,L,4,Y,T,C,A,K,5,4,8,A,0,0,U,,,,8,17,,,,,,,,,,,,,,,,,,,0,0,000000000,00000000000,0,0,0,1,0,0,0,0,0,0,0,998,0,0,0,12,6,2,12,0,0,0,1,13,30329,6,1,0,0,3,0,66,150,98,0,0,0,2,10,2010,10,2010,0,0,0,0,0,1,2,45,1,1,2,1,0,0,1,63,1,1,1,74,1,0
13,130519,1,4,1,22,6,13,24,52,0,1,0,13,2,20,16,20016,4,2000,1G1JC5246Y74,1,G,1,J,C,5,2,4,6,Y,7,4,0,P,CHEV,CAV,4D,0,17,2676,,0,1041,,G,,F,4,133,,,14R195,,,,,,0,0,000000000,00000000000,0,0,0,1,0,0,0,0,0,0,0,998,0,0,0,12,6,2,52,0,0,0,1,13,30294,6,1,0,0,3,3,61,140,98,0,0,0,0,0,0,0,0,0,58,0,0,0,2,4,55,1,1,2,1,0,0,1,13,6,1,4,1,0,0
13,130519,2,4,1,22,6,13,24,52,0,1,0,13,1,72,706,72706,80,2007,1HD1BW5137Y0,1,H,D,1,B,W,5,1,3,7,Y,0,0,M,HD,STC,RS,7,17,,,,,,,1584,,2,,4,725,,,,,,,0,0,000000000,00000000000,0,0,0,1,0,0,0,0,0,0,0,998,0,0,0,12,6,2,12,0,0,0,1,13,30043,6,1,0,0,3,0,67,202,98,0,0,0,0,0,0,0,0,0,0,0,0,0,2,4,55,1,1,2,1,0,0,1,62,1,1,1,98,1,0
13,130519,3,4,3,22,6,13,24,52,0,1,0,13,1,49,32,49032,4,2007,1NXBR32EX7Z7,1,N,X,B,R,3,2,E,X,7,Z,7,0,P,TOYT,UCS,4D,7,17,2530,,0,1024,,G,,F,4,109,,,15R185,,,,,,0,0,000000000,00000000000,0,0,0,1,0,0,0,0,0,0,0,998,0,0,0,9,4,1,18,0,0,0,1,13,30084,6,1,0,0,3,0,65,120,98,0,0,0,0,0,0,0,0,0,0,0,0,0,2,4,55,1,1,2,1,0,0,1,90,1,1,1,98,0,0
13,130519,4,4,1,22,6,13,24,52,0,1,0,13,1,12,481,12481,31,2007,1FTRW12W07FA,1,F,T,R,W,1,2,W,0,7,F,A,0,T,FORD,F1S,CW,7,17,,2,0,1390,COF,G,,,8,281,,,,B,5176,01,E,42,0,0,000000000,00000000000,0,0,0,1,0,0,0,0,0,0,0,998,0,0,0,12,2,1,18,0,0,0,1,13,30045,6,1,0,0,3,0,69,185,98,0,0,0,0,0,0,0,0,0,0,0,0,0,2,4,55,1,1,2,1,0,0,1,90,1,1,1,98,0,0
13,130520,1,1,1,22,6,2,15,32,0,1,0,13,1,20,481,20481,31,2005,2GCEK19B5513,2,G,C,E,K,1,9,B,5,5,1,3,0,T,CHEV,SK1,4C,5,17,,2,1575,1435,SIL,G,,,8,325,,,,B,4661,00,,44,0,0,000000000,00000000000,0,0,0,1,0,0,0,0,0,0,0,998,0,1,6,5,6,2,1,0,0,0,1,13,31816,6,1,0,0,3,0,70,191,98,0,0,0,4,2,2010,4,2010,0,58,0,0,0,1,2,55,1,1,2,1,0,0,1,12,1,1,4,6,1,0
13,130521,1,1,2,22,6,16,21,1,0,1,0,13,1,49,482,49482,31,2003,5TBRT38153S3,5,T,B,R,T,3,8,1,5,3,S,3,0,T,TOYT,TXL,4C,3,17,,2,0,1283,TUN,G,,,8,285,,,,C,4644,00,U,42,0,0,000000000,00000000000,0,0,0,1,0,0,0,0,0,0,0,998,0,1,6,0,6,2,1,0,0,0,1,13,31061,6,1,0,0,3,0,70,165,98,0,0,0,0,0,0,0,0,0,83,58,0,0,1,2,55,1,1,2,1,0,0,17,87,7,1,4,6,1,0
13,130522,1,1,1,23,6,4,11,59,0,1,0,13,1,49,40,49040,4,2010,4T1BK3EK4AU1,4,T,1,B,K,3,E,K,4,A,U,1,0,P,TOYT,LXS,4D,10,17,3461,,0,1093,,G,,F,6,214,,,16R215,,,,,,0,0,000000000,00000000000,0,0,0,1,0,0,0,0,0,0,0,998,0,0,0,12,6,2,19,0,0,0,1,13,30339,6,1,0,0,3,3,73,209,98,0,0,0,0,0,0,0,0,1,0,0,0,0,1,4,45,1,2,2,1,3,3,1,13,1,1,4,1,1,0
13,130523,1,1,2,23,6,14,27,5,0,1,0,13,2,49,472,49472,30,1998,4TAWN74N7WZ1,4,T,A,W,N,7,4,N,7,W,Z,1,0,T,TOYT,XL5,PK,98,17,,1,0,1219,TAC,G,,,6,206,,,,B,3416,00,U,44,0,0,000000000,00000000000,0,0,0,1,0,0,0,0,0,0,0,998,0,0,0,0,0,1,5,0,0,0,1,13,31636,6,2,0,0,3,0,74,305,98,0,0,0,0,0,0,0,0,1,21,0,0,0,1,2,35,3,1,2,1,0,0,14,98,1,1,1,0,1,0
13,130524,1,1,2,24,6,2,3,35,0,1,0,13,1,19,3,19003,4,1992,1G6CD53B9N42,1,G,6,C,D,5,3,B,9,N,4,2,0,P,CADI,DFW,4D,92,17,3591,,0,1138,,G,,F,8,300,,,15R205,,,,,,0,0,000000000,00000000000,0,0,0,1,0,0,0,0,0,0,0,998,0,0,0,12,6,2,42,0,0,0,1,13,31037,6,1,0,0,3,0,71,165,98,0,0,0,0,0,0,0,0,0,39,0,0,0,2,2,55,1,3,2,1,20,3,1,13,1,1,4,15,1,1
13,130525,1,1,2,24,6,1,24,30,0,1,0,13,2,12,13,12013,4,1993,3FAPP13J0PR1,3,F,A,P,P,1,3,J,0,P,R,1,0,P,FORD,LXE,4D,93,17,2364,,0,984,,G,,F,4,113,,,13R175,,,,,,0,0,000000000,00000000000,0,0,0,1,0,0,0,0,0,0,0,998,0,0,0,12,6,2,30,0,0,0,1,13,30038,6,1,0,0,3,0,71,168,98,1,0,0,1,12,2011,6,2012,0,0,0,0,0,3,2,45,1,1,2,1,3,3,1,13,1,1,4,1,2,0
13,130526,1,1,1,24,6,17,58,42,0,1,0,13,1,20,403,20403,14,2007,1GNET13M8721,1,G,N,E,T,1,3,M,8,7,2,1,0,P,CHEV,TRL,UT,7,17,4523,,0,1130,,G,,F,8,323,,,17R245,,,,,,0,0,000000000,00000000000,0,0,0,1,0,0,0,0,0,0,0,998,0,0,0,12,6,2,42,0,0,0,1,13,30028,6,1,5,0,3,0,68,195,98,0,0,0,2,10,2010,5,2011,0,0,0,0,0,1,2,40,1,3,2,1,0,0,1,12,1,1,4,6,1,1