STATE,ST_CASE,VEH_NO,VE_FORMS,NUMOCCS,DAY,MONTH,HOUR,MINUTE,HARM_EV,MAN_COLL,UNITTYPE,HIT_RUN,REG_STAT,OWNER,MAKE,MODEL,MAK_MOD,BODY_TYP,MOD_YEAR,VIN,VIN_1,VIN_2,VIN_3,VIN_4,VIN_5,VIN_6,VIN_7,VIN_8,VIN_9,VIN_10,VIN_11,VIN_12,TOW_VEH,VINTYPE,VINMAKE,VINA_MOD,VIN_BT,VINMODYR,VIN_LNGT,VIN_WGT,WGTCD_TR,WHLBS_LG,WHLBS_SH,SER_TR,FUELCODE,MCYCL_DS,CARBUR,CYLINDER,DISPLACE,MCYCL_CY,MCYCL_WT,TIRE_SZE,TON_RAT,TRK_WT,TRKWTVAR,VIN_REST,WHLDRWHL,J_KNIFE,MCARR_I1,MCARR_I2,MCARR_ID,GVWR,V_CONFIG,CARGO_BT,HAZ_INV,HAZ_PLAC,HAZ_ID,HAZ_CNO,HAZ_REL,BUS_USE,SPEC_USE,EMER_USE,TRAV_SP,UNDERIDE,ROLLOVER,ROLINLOC,IMPACT1,DEFORMED,TOWED,M_HARM,VEH_SC1,VEH_SC2,FIRE_EXP,DR_PRES,L_STATE,DR_ZIP,L_STATUS,L_TYPE,CDL_STAT,L_ENDORS,L_COMPL,L_RESTRI,DR_HGT,DR_WGT,PREV_ACC,PREV_SUS,PREV_DWI,PREV_SPD,PREV_OTH,FIRST_MO,FIRST_YR,LAST_MO,LAST_YR,SPEEDREL,DR_SF1,DR_SF2,DR_SF3,DR_SF4,VTRAFWAY,VNUM_LAN,VSPD_LIM,VALIGN,VPROFILE,VPAVETYP,VSURCOND,VTRAFCON,VTCONT_F,P_CRASH1,P_CRASH2,P_CRASH3,PCRASH4,PCRASH5,ACC_TYPE,DEATHS,DR_DRINK
13,130591,3,3,1,16,7,16,55,12,2,1,0,13,1,23,481,23481,31,2003,1GTEC14V13E2,1,G,T,E,C,1,4,V,1,3,E,2,0,T,GMC,NC1,PK,3,17,,2,1330,1190,SIE,G,,,8,293,,,,B,4073,01,4,42,0,0,000000000,00000000000,0,0,0,1,0,0,0,0,0,0,0,998,0,0,0,12,6,2,12,0,0,0,1,13,31316,6,1,0,0,3,3,72,250,98,0,0,0,0,0,0,0,0,0,0,0,0,0,1,2,55,3,1,2,1,40,3,14,62,1,1,1,98,0,1
13,130592,1,1,1,25,7,8,59,9,0,1,1,99,9,99,999,99999,99,9999,999999999999,9,9,9,9,9,9,9,9,9,9,9,9,0,,,,,,,,,,,,,,,,,,,,,,,,,0,0,000000000,00000000000,0,0,0,1,0,0,0,0,0,0,0,998,0,0,0,99,9,1,9,0,0,0,1,99,99999,9,9,99,9,9,9,999,999,99,99,99,99,99,99,9999,99,9999,9,86,0,0,0,1,2,45,2,6,2,1,98,8,99,80,99,9,9,13,0,0
13,130593,1,1,2,8,4,21,30,8,0,1,0,13,1,18,2,18002,4,2003,1G4HP52KX341,1,G,4,H,P,5,2,K,X,3,4,1,0,P,BUIC,LCF,4D,3,17,3567,,0,1122,,G,,F,6,231,,,15R215,,,,,,0,0,000000000,00000000000,0,0,0,1,0,0,0,0,0,0,0,998,0,0,0,12,4,3,8,0,0,0,1,13,30312,6,1,0,0,3,3,67,150,98,0,0,1,1,3,2010,4,2010,0,86,0,0,0,1,4,45,1,1,2,1,0,0,1,80,1,1,1,13,0,0
13,130594,1,2,1,15,6,23,40,12,6,1,0,13,2,30,47,30047,3,2000,3VWCA21C0YM4,3,V,W,C,A,2,1,C,0,Y,M,4,0,P,VOLK,NGS,2H,0,17,2742,,0,989,,G,,F,4,121,,,16R205,,,,,,0,0,000000000,00000000000,0,0,0,1,0,0,0,0,0,0,0,998,0,0,0,12,6,2,12,0,0,0,1,13,30041,6,1,0,0,3,0,66,140,98,0,0,0,0,0,0,0,0,0,39,0,0,0,4,3,25,1,1,2,1,3,3,1,66,3,2,1,86,0,0
13,130594,2,2,3,15,6,23,40,12,6,1,0,13,1,35,49,35049,6,2006,JN8AZ08TX6W4,J,N,8,A,Z,0,8,T,X,6,W,4,0,P,NISS,MUR,UT,6,17,3723,,0,1112,,G,,F,6,213,,,18R235,,,,,,0,0,000000000,00000000000,0,0,0,1,0,0,0,0,0,0,0,998,0,1,1,3,6,2,12,0,0,0,1,13,30040,6,1,0,0,3,0,74,210,98,0,0,0,0,0,0,0,0,0,0,0,0,0,4,3,25,1,1,2,1,3,3,1,17,1,1,1,87,1,0
13,130595,1,2,1,12,1,6,38,12,6,1,0,13,3,84,981,84981,50,2006,4DRBUAAN06B2,4,D,R,B,U,A,A,N,0,6,B,2,0,T,INTL,,,6,17,,,,,,D,,,6,466,,,,,,,,,0,88,888888888,88888888888,2,21,22,1,0,0,0,0,1,0,0,998,0,0,0,7,6,2,12,0,0,0,1,13,30427,6,1,6,1,3,1,67,180,98,0,0,0,0,0,0,0,0,0,38,0,0,0,1,2,99,1,9,2,1,20,3,11,15,99,9,9,82,0,0
13,130595,2,2,1,12,1,6,38,12,6,1,0,13,2,35,47,35047,4,2001,1N4DL01D61C2,1,N,4,D,L,0,1,D,6,1,C,2,0,P,NISS,AXE,4D,1,17,2754,,0,1031,,G,,F,4,146,,,15R195,,,,,,0,0,000000000,00000000000,0,0,0,1,0,0,0,0,0,0,0,998,0,0,0,12,6,2,12,0,0,1,1,13,30427,6,1,0,0,3,3,66,130,98,0,0,0,0,0,0,0,0,1,0,0,0,0,1,2,55,1,9,2,1,0,0,1,17,99,9,9,83,1,0
13,130596,1,1,1,30,1,16,54,8,0,1,0,13,2,20,481,20481,31,1991,1GCDC14Z0MZ1,1,G,C,D,C,1,4,Z,0,M,Z,1,0,T,CHEV,GC1,PK,91,17,,1,1315,1175,GM4,G,,,6,262,,,,B,00000,00,,42,0,0,000000000,00000000000,0,0,0,1,0,0,0,0,0,0,0,998,0,0,0,12,2,1,8,0,0,0,1,13,31520,6,1,6,0,3,0,68,230,98,0,0,0,0,0,0,0,0,0,38,86,0,0,1,2,30,1,1,2,1,0,0,11,80,1,1,1,13,0,0
13,130597,1,1,1,15,2,18,58,8,0,1,0,13,2,37,31,37031,4,2001,1HGES26781L0,1,H,G,E,S,2,6,7,8,1,L,0,0,P,HOND,UAX,4D,1,17,2615,,0,1031,,G,,F,4,102,,,15R185,,,,,,0,0,000000000,00000000000,0,0,0,1,0,0,0,0,0,0,0,998,0,0,0,11,4,3,8,0,0,0,1,13,31606,6,1,0,0,3,0,67,138,98,0,0,0,0,0,0,0,0,0,86,0,0,0,1,4,45,1,1,2,1,0,0,1,80,1,1,1,13,0,0
13,130598,1,1,2,21,3,13,0,46,0,1,0,13,2,18,23,18023,4,2006,1G4HD57256U2,1,G,4,H,D,5,7,2,5,6,U,2,0,P,BUIC,UXL,4D,6,17,3969,,0,1156,,G,,F,6,232,,,17R235,,,,,,0,0,000000000,00000000000,0,0,0,1,0,0,0,0,0,0,0,998,0,0,0,12,6,2,46,32,0,0,1,13,30442,6,1,0,0,3,3,64,207,98,0,0,0,0,0,0,0,0,0,29,0,0,0,1,2,35,1,1,2,1,3,3,1,12,1,1,4,6,1,0
13,130599,1,1,3,15,7,22,5,8,0,1,0,13,1,20,481,20481,31,2003,2GCEK19TX313,2,G,C,E,K,1,9,T,X,3,1,3,0,T,CHEV,SK1,4C,3,17,,2,1575,1435,SIL,G,,,8,325,,,,B,4910,02,,44,0,0,000000000,00000000000,0,0,0,1,0,0,0,0,0,0,0,998,0,0,0,12,2,1,8,0,0,0,1,13,31060,6,1,0,0,3,0,62,175,98,0,0,0,0,0,0,0,0,0,86,0,0,0,2,2,50,1,1,2,1,3,3,1,80,1,1,1,13,0,0
13,130600,1,2,1,25,4,18,18,12,2,1,0,13,1,12,471,12471,30,1994,1FTCR10A0RTA,1,F,T,C,R,1,0,A,0,R,T,A,0,T,FORD,RNG,PK,94,17,,1,1140,1080,RNG,G,,,4,140,,,,B,2918,00,A,42,0,0,000000000,00000000000,0,0,0,1,0,0,0,0,0,0,0,998,0,0,0,12,6,2,12,0,0,0,1,13,31029,6,1,0,0,3,0,71,220,98,0,0,0,0,0,0,0,0,0,28,0,0,0,1,2,55,4,2,2,1,0,0,14,10,6,1,2,50,0,0
13,130600,2,2,3,25,4,18,18,12,2,1,0,13,1,7,41,7041,4,2004,2B3HD46V04H6,2,B,3,H,D,4,6,V,0,4,H,6,0,P,DODG,ISE,4D,4,17,3329,,0,1130,,G,,F,6,215,,,16R225,,,,,,0,0,000000000,00000000000,0,0,0,1,0,0,0,0,0,0,0,998,0,0,0,12,6,2,12,0,0,0,1,13,31029,6,1,6,0,3,0,77,150,98,0,0,0,1,10,2009,10,2009,0,0,0,0,0,1,2,55,4,2,2,1,0,0,14,62,6,1,1,51,1,0
13,130601,1,1,1,26,4,21,50,9,0,1,0,13,1,7,442,7442,20,1999,2B4GP2432XR4,2,B,4,G,P,2,4,3,2,X,R,4,0,T,DODG,GCV,ES,99,17,,1,0,1193,CAR,G,,,6,181,,,,,3686,00,E,42,0,0,000000000,00000000000,0,0,0,1,0,0,0,0,0,0,0,998,0,0,0,12,6,2,9,0,0,0,1,13,31305,6,1,6,0,3,0,67,175,98,0,0,0,0,0,0,0,0,0,26,0,0,0,1,2,55,1,1,2,1,28,3,1,83,1,1,1,13,0,0
13,130602,1,2,1,4,7,17,19,12,6,1,0,13,1,12,471,12471,30,1999,1FTYR14XXXTA,1,F,T,Y,R,1,4,X,X,X,T,A,0,T,FORD,RNS,PC,99,17,,1,0,1257,RNG,G,,,6,245,,,,B,00000,00,U,42,0,0,000000000,00000000000,0,0,0,1,0,0,0,0,0,0,0,998,0,0,0,12,4,3,12,0,0,0,1,13,30024,6,1,6,0,3,0,71,197,98,0,0,0,0,0,0,0,0,0,38,0,0,0,0,0,0,0,0,0,0,0,0,11,98,1,1,1,68,0,0
13,130602,2,2,4,4,7,17,19,12,6,1,0,13,2,34,401,34401,14,2003,5UXFA53593LV,5,U,X,F,A,5,3,5,9,3,L,V,0,P,BMW,BX5,UT,3,17,4533,,0,1110,,G,,F,6,182,,,17R235,,,,,,0,0,000000000,00000000000,0,0,0,1,0,0,0,0,0,0,0,998,0,1,1,3,6,2,1,0,0,0,1,13,30047,6,1,0,0,3,3,65,180,98,0,0,0,0,0,0,0,0,0,0,0,0,0,2,4,45,1,1,2,1,0,0,1,71,1,1,1,69,1,0
13,130603,1,2,3,14,7,23,20,12,2,1,0,13,2,37,32,37032,4,1999,1HGCG1658XA0,1,H,G,C,G,1,6,5,8,X,A,0,0,P,HOND,UEX,4D,99,17,3285,,0,1069,,G,,F,6,183,,,15R205,,,,,,0,0,000000000,00000000000,0,0,0,1,0,0,0,0,0,0,0,998,0,0,0,12,6,2,12,0,0,0,1,13,30060,6,1,0,0,3,0,71,200,98,0,0,0,0,0,0,0,0,0,0,0,0,0,1,2,45,1,2,2,2,0,0,1,10,1,1,2,50,1,0
13,130603,2,2,1,14,7,23,20,12,2,1,0,13,2,34,401,34401,14,2002,5UXFB33522LH,5,U,X,F,B,3,3,5,2,2,L,H,0,P,BMW,BX5,UT,2,17,4824,,0,1110,,G,,F,8,268,,,18R255,,,,,,0,0,000000000,00000000000,0,0,0,1,0,0,0,0,0,0,0,998,0,0,0,12,6,2,12,0,0,0,1,13,30064,0,0,0,0,0,0,999,999,98,0,0,0,0,0,0,0,0,0,99,99,99,99,1,2,45,1,2,2,2,0,0,1,62,1,1,1,51,0,0
13,130604,1,2,1,16,7,16,13,12,6,1,0,13,3,20,473,20473,30,2006,1GCCS1482681,1,G,C,C,S,1,4,8,2,6,8,1,0,T,CHEV,RDO,PK,6,17,,1,0,1113,CAL,G,,,4,171,,,,,3303,00,,42,0,0,000000000,00000000000,0,0,0,1,0,0,0,0,0,0,0,998,0,0,0,2,6,2,12,0,0,0,1,13,30507,6,1,0,0,3,3,64,325,98,0,0,1,1,5,2011,6,2012,0,87,0,0,0,1,2,55,1,2,2,2,0,0,1,10,1,1,2,66,1,0
13,130604,2,2,1,16,7,16,13,12,6,1,0,21,3,20,422,20422,15,2011,1GNSKKE39BR2,1,G,N,S,K,K,E,3,9,B,R,2,6,P,CHEV,K15,UT,11,17,6024,,0,1300,,F,,F,8,323,,,20R275,,,,,,1,0,000000000,00000000000,0,0,0,1,0,0,0,0,0,0,0,998,0,0,0,12,6,2,12,0,0,0,1,6,92373,6,1,0,0,3,0,69,175,0,0,0,0,0,0,0,0,0,0,0,0,0,0,1,2,55,1,2,2,2,0,0,1,62,1,1,1,66,0,0
13,130605,1,1,1,16,7,17,30,35,0,1,0,13,1,53,40,53040,4,2009,JS2YC412X962,J,S,2,Y,C,4,1,2,X,9,6,2,0,P,SUZI,SX4,4D,9,17,2668,,0,984,,G,,F,4,122,,,15R195,,,,,,0,0,000000000,00000000000,0,0,0,1,0,0,0,0,0,0,0,998,0,1,6,12,6,2,1,0,0,0,1,13,31827,6,1,0,0,3,0,63,170,98,0,0,0,0,0,0,0,0,0,58,0,0,0,1,2,55,3,6,2,1,0,0,14,13,6,1,4,6,1,0
13,130606,1,1,2,17,7,13,1,9,0,1,0,18,2,37,32,37032,4,1994,JHMCD5639RC0,J,H,M,C,D,5,6,3,9,R,C,0,0,P,HOND,ALX,4D,94,17,2809,,0,1069,,G,,F,4,132,,,14R185,,,,,,0,0,000000000,00000000000,0,0,0,1,0,0,0,0,0,0,0,998,0,0,0,2,4,3,9,0,0,0,1,13,30318,6,1,0,0,3,0,76,280,98,0,0,0,1,5,2010,5,2010,0,0,0,0,0,1,2,30,1,1,2,1,0,0,1,83,1,1,1,13,0,0
13,130607,1,2,1,17,7,2,18,8,0,1,0,36,1,24,11,24011,5,2008,W08AR6712851,W,0,8,A,R,6,7,1,2,8,5,1,0,P,STRN,ASE,4H,8,17,2921,,0,1029,,G,,F,4,110,,,16R205,,,,,,0,0,000000000,00000000000,0,0,0,1,0,0,0,0,0,0,0,998,0,1,1,11,6,2,39,0,0,0,1,36,30318,6,1,0,0,3,0,71,999,0,0,0,0,0,0,0,0,0,0,91,0,0,0,6,1,55,1,1,1,1,0,0,1,80,1,1,1,13,0,1
13,130607,2,2,0,17,7,2,18,8,0,1,0,13,6,2,404,2404,14,2008,1J8FT47W98D5,1,J,8,F,T,4,7,W,9,8,D,5,0,T,JEEP,CSP,4W,8,17,,1,0,1037,CMP,G,,,4,144,,,,,3153,00,L,42,0,0,000000000,00000000000,0,0,0,1,0,0,0,0,0,0,0,0,0,0,0,11,6,2,12,0,0,0,0,0,99997,7,6,97,7,6,7,998,997,998,998,998,998,998,98,9998,98,9998,8,0,0,0,0,6,1,55,1,1,1,1,0,0,0,53,0,0,0,98,0,0
13,130608,1,2,1,17,7,16,52,12,2,1,0,13,1,20,39,20039,4,2010,KL1TD6DE3AB1,K,L,1,T,D,6,D,E,3,A,B,1,0,P,CHEV,LTS,5D,10,17,2568,,0,976,,G,,F,4,098,,,14R185,,,,,,0,0,000000000,00000000000,0,0,0,1,0,0,0,0,0,0,0,998,0,0,0,12,6,2,12,0,0,0,1,13,30349,6,1,0,0,3,0,69,142,98,0,0,0,0,0,0,0,0,0,0,0,0,0,1,2,45,3,2,2,2,0,0,14,10,1,1,2,50,1,0
13,130608,2,2,1,17,7,16,52,12,2,1,0,13,2,6,51,6051,4,2006,2C3KA63H46H4,2,C,3,K,A,6,3,H,4,6,H,4,0,P,CHRY,30C,4D,6,17,3980,,0,1200,,G,,F,8,348,,,18R225,,,,,,0,0,000000000,00000000000,0,0,0,1,0,0,0,0,0,0,0,998,0,0,0,12,6,2,12,0,0,0,1,13,30349,6,1,0,0,3,3,65,155,98,0,0,0,0,0,0,0,0,0,0,0,0,0,1,2,45,2,2,2,2,0,0,14,62,1,1,1,51,0,0
13,130609,1,2,1,17,7,14,10,12,6,1,0,13,1,12,3,12003,2,2005,1ZVHT82H2551,1,Z,V,H,T,8,2,H,2,5,5,1,0,P,FORD,MGT,CP,5,17,3450,,0,1071,,G,,F,8,280,,,17R235,,,,,,0,0,000000000,00000000000,0,0,0,1,0,0,0,0,0,0,0,998,0,0,0,9,6,2,12,0,0,0,1,13,30565,6,1,0,0,3,0,67,230,98,0,0,0,0,0,0,0,0,1,36,39,0,0,3,2,55,3,5,2,1,3,3,14,17,1,1,1,69,1,0
13,130609,2,2,1,17,7,14,10,12,6,1,0,92,0,20,2,20002,4,2010,2G1WB5EN0A11,2,G,1,W,B,5,E,N,0,A,1,1,0,P,CHEV,IMT,4D,10,17,3555,,0,1105,,G,,F,6,214,,,16R225,,,,,,0,0,000000000,00000000000,0,0,0,1,0,0,0,0,0,0,0,998,0,0,0,12,6,2,12,0,0,0,1,13,30575,6,1,6,0,3,0,74,200,98,0,0,0,0,0,0,0,0,0,0,0,0,0,1,2,35,1,1,2,1,3,3,11,63,1,1,1,68,0,0
13,130610,1,2,1,17,7,7,28,12,8,1,0,13,2,37,31,37031,2,1995,1HGEJ1121SL0,1,H,G,E,J,1,1,2,1,S,L,0,0,P,HOND,CEX,CP,95,17,2371,,0,1032,,G,,F,4,097,,,14R185,,,,,,0,0,000000000,00000000000,0,0,0,1,0,0,0,0,0,0,0,998,0,0,0,11,6,2,12,0,0,0,1,13,30711,0,0,0,0,0,0,999,999,98,0,0,0,0,0,0,0,0,0,0,0,0,0,1,2,35,2,3,2,1,0,0,14,10,1,1,1,64,1,0
13,130610,2,2,1,17,7,7,28,12,8,1,0,13,1,7,881,7881,61,2002,3B6MF36C22M2,3,B,6,M,F,3,6,C,2,2,M,2,0,T,DODG,350,PK,2,17,,3,0,0,RPC,D,,,6,359,,,,D,00000,00,E,44,0,88,888888888,88888888888,2,1,96,1,0,0,0,0,0,0,0,998,0,0,0,11,6,2,12,0,0,0,1,13,30711,6,1,0,0,3,0,74,195,98,0,0,0,0,0,0,0,0,0,0,0,0,0,1,2,35,3,3,2,1,0,0,14,62,1,1,1,65,0,0
13,130611,1,2,2,18,7,16,0,12,6,1,0,12,1,30,46,30046,4,2005,WVWAE63B25P0,W,V,W,A,E,6,3,B,2,5,P,0,0,P,VOLK,PST,4D,5,17,3354,,0,1064,,D,,T,4,121,,,16R205,,,,,,0,0,000000000,00000000000,0,0,0,1,0,0,0,0,0,0,0,998,0,1,6,9,6,2,12,0,0,0,1,12,34973,6,1,0,0,3,1,71,999,1,0,0,1,3,8,2010,12,2010,0,39,0,0,0,1,2,55,1,1,2,1,20,3,1,17,1,1,1,89,1,0
13,130611,2,2,1,18,7,16,0,12,6,1,0,13,2,18,7,18007,4,2003,2G4WS52J5312,2,G,4,W,S,5,2,J,5,3,1,2,0,P,BUIC,CCU,4D,3,17,3368,,0,1090,,G,,F,6,191,,,15R205,,,,,,0,0,000000000,00000000000,0,0,0,1,0,0,0,0,0,0,0,998,0,0,0,12,6,2,12,0,0,0,1,13,31730,6,1,0,0,3,0,69,205,98,0,0,0,0,0,0,0,0,0,0,0,0,0,1,2,55,1,1,2,1,0,0,1,66,1,1,1,88,0,0
13,130612,1,2,1,19,7,10,58,12,1,1,0,13,3,37,31,37031,4,2007,1HGFA16587L0,1,H,G,F,A,1,6,5,8,7,L,0,0,P,HOND,UCL,4D,7,17,2751,,0,1063,,G,,F,4,110,,,16R205,,,,,,0,0,000000000,00000000000,0,0,0,1,0,0,0,0,0,0,0,998,0,0,0,12,6,2,12,0,0,0,1,13,30176,6,1,0,0,3,3,64,105,98,0,0,0,0,0,0,0,0,0,26,0,0,0,1,4,50,1,1,2,1,0,0,1,50,1,1,1,32,1,0
13,130612,2,2,1,19,7,10,58,12,1,1,0,94,3,23,881,23881,62,1994,1GDG6H1P9RJ5,1,G,D,G,6,H,1,P,9,R,J,5,0,T,GMC,C6H,CB,94,17,,6,2610,1320,TOP,G,,,8,366,,,,,00000,00,,42,0,88,888888888,88888888888,2,1,96,1,0,0,0,0,0,0,0,0,0,0,0,6,2,1,12,0,0,0,0,0,99997,7,6,97,7,6,7,998,997,998,998,998,998,998,98,9998,98,9998,8,20,0,0,0,1,4,50,1,1,2,1,0,0,0,53,0,0,0,32,0,0
13,130613,1,2,1,19,7,7,38,12,2,1,0,13,2,49,32,49032,4,2003,JTDBR32E8320,J,T,D,B,R,3,2,E,8,3,2,0,0,P,TOYT,EEL,4D,3,17,2502,,0,1024,,G,,F,4,109,,,16R205,,,,,,0,0,000000000,00000000000,0,0,0,1,0,0,0,0,0,0,0,998,0,1,6,12,6,2,12,0,0,0,1,13,30642,6,1,0,0,3,0,70,180,98,0,0,1,1,6,2011,6,2012,0,28,0,0,0,1,2,55,1,5,2,1,0,0,1,10,1,1,1,50,1,0
13,130613,2,2,1,19,7,7,38,12,2,1,0,13,2,82,881,82881,63,1986,1FUPYDYB5GH2,1,F,U,P,Y,D,Y,B,5,G,H,2,0,T,FRHT,FLC,TR,86,17,,8,0,0,CON,D,,,6,855,,,,,00000,00,,64,0,57,1631642,571631642,3,2,1,1,0,0,0,0,0,0,0,998,0,0,0,12,6,2,12,0,0,0,1,13,31064,6,1,6,0,3,0,71,203,98,3,0,2,1,10,2010,3,2012,0,0,0,0,0,1,2,55,1,6,2,1,0,0,1,62,9,1,1,51,0,0
13,130614,1,2,1,19,7,16,24,12,6,1,0,13,1,12,481,12481,31,2004,2FTRX17WX4CA,2,F,T,R,X,1,7,W,X,4,C,A,0,T,FORD,HER,4C,4,17,,2,1570,1390,COF,G,,,8,281,,,,B,4290,00,U,42,0,0,000000000,00000000000,0,0,0,1,0,0,0,0,0,0,0,998,0,0,0,1,4,3,12,0,0,0,1,13,30253,6,1,0,0,3,0,76,240,98,0,0,1,1,1,2010,5,2011,0,38,0,0,0,1,2,25,1,2,2,1,0,0,11,15,1,1,1,68,0,0
13,130614,2,2,1,19,7,16,24,12,6,1,0,13,1,53,705,53705,80,2003,JS1GR7HA1321,J,S,1,G,R,7,H,A,1,3,2,1,0,M,SUZI,SX7,RC,3,17,,,,,,,749,,4,,4,365,,,,,,,0,0,000000000,00000000000,0,0,0,1,0,0,0,0,0,0,0,998,0,0,0,12,6,2,12,0,0,0,1,13,30125,6,1,0,0,3,0,71,197,98,0,0,1,0,11,2011,11,2011,0,0,0,0,0,1,2,25,1,2,2,1,0,0,1,62,1,1,1,69,1,0
13,130615,1,2,1,20,7,9,49,12,2,1,0,13,1,19,20,19020,6,2006,1GYEE6379601,1,G,Y,E,E,6,3,7,9,6,0,1,0,P,CADI,SRX,UT,6,17,4164,,0,1164,,G,,F,6,220,,,17R235,,,,,,0,0,000000000,00000000000,0,0,0,1,0,0,0,0,0,0,0,998,0,0,0,12,6,2,2,0,0,1,1,13,30542,6,1,0,0,3,3,66,160,98,0,0,0,0,0,0,0,0,0,0,0,0,0,1,2,55,1,2,2,1,0,0,1,10,1,1,1,50,1,0
13,130615,2,2,1,20,7,9,49,12,2,1,0,13,3,98,898,98898,63,2007,2FZACGDJ37AX,2,F,Z,A,C,G,D,J,3,7,A,X,0,T,STRG,ACT,CC,7,17,,7,0,0,STE,D,,,6,439,,,,,00000,00,,42,0,57,1457995,571457995,3,1,1,1,0,0,0,0,0,0,0,998,0,0,0,12,6,2,12,0,0,0,1,13,30518,6,1,6,0,3,3,68,189,98,0,0,0,1,7,2012,7,2012,0,0,0,0,0,1,2,55,1,2,2,1,0,0,1,62,1,1,1,51,0,0
13,130616,1,1,1,20,7,12,22,19,0,1,0,13,1,20,2,20002,4,2003,2G1WH52K5391,2,G,1,W,H,5,2,K,5,3,9,1,0,P,CHEV,IPL,4D,3,17,3466,,0,1105,,G,,F,6,231,,,16R225,,,,,,0,0,000000000,00000000000,0,0,0,1,0,0,0,0,0,0,0,998,0,0,0,12,6,2,8,0,0,0,1,13,30294,0,0,0,0,0,0,66,130,98,0,0,0,0,0,0,0,0,0,0,0,0,0,1,2,25,4,2,2,1,0,0,14,13,1,1,4,98,0,0
13,130617,1,1,2,20,7,10,33,34,0,1,0,13,2,20,2,20002,4,2007,2G1WC58R5792,2,G,1,W,C,5,8,R,5,7,9,2,0,P,CHEV,IMT,4D,7,17,3637,,0,1105,,G,,F,6,238,,,17R225,,,,,,0,0,000000000,00000000000,0,0,0,1,0,0,0,0,0,0,0,998,0,1,6,14,6,2,1,0,0,0,1,13,31211,6,1,0,0,3,0,67,200,98,0,0,0,0,0,0,0,0,0,0,0,0,0,1,2,55,3,6,2,1,0,0,14,13,1,1,4,1,2,0
13,130618,1,3,1,21,7,16,13,12,6,1,0,94,3,12,16,12016,4,2011,2FABP7BV0BX1,2,F,A,B,P,7,B,V,0,B,X,1,0,P,FORD,CVP,4D,11,17,4550,,0,0,,F,,F,8,281,,,000000,,,,,,0,0,000000000,00000000000,0,0,0,1,0,0,0,0,0,0,0,998,0,0,0,12,6,2,12,41,0,1,1,13,30068,6,1,0,0,3,0,69,220,98,0,0,0,0,0,0,0,0,1,16,0,0,0,1,4,45,1,1,2,1,3,3,1,17,1,1,1,88,0,0
13,130618,2,3,1,21,7,16,13,12,6,1,0,13,1,34,37,34037,4,1996,WBAGJ8329TDL,W,B,A,G,J,8,3,2,9,T,D,L,0,P,BMW,7IL,4D,96,17,4288,,0,1209,,G,,F,8,268,,,16R235,,,,,,0,0,000000000,00000000000,0,0,0,1,0,0,0,0,0,0,0,998,0,0,0,9,6,2,12,0,0,0,1,13,30311,6,1,0,0,3,3,69,165,98,0,0,0,0,0,0,0,0,0,0,0,0,0,1,2,35,1,1,2,1,3,3,1,66,1,1,1,89,1,0
13,130618,3,3,3,21,7,16,13,12,6,1,0,13,2,20,2,20002,4,2008,2G1WB58K9891,2,G,1,W,B,5,8,K,9,8,9,1,0,P,CHEV,IPL,4D,8,17,3555,,0,1105,,F,,F,6,214,,,16R225,,,,,,0,0,000000000,00000000000,0,0,0,1,0,0,0,0,0,0,0,998,0,0,0,12,4,3,12,0,0,0,1,13,30354,6,1,0,0,3,0,61,150,98,0,0,1,1,8,2011,4,2012,0,0,0,0,0,1,4,45,1,1,2,2,3,3,1,63,1,1,1,98,0,0
13,130619,1,2,1,21,7,14,3,12,6,1,0,13,1,12,471,12471,30,2006,1FTYR10D16PA,1,F,T,Y,R,1,0,D,1,6,P,A,0,T,FORD,RNG,PK,6,17,,1,1180,1120,RNG,G,,,4,140,,,,B,3009,00,U,42,0,0,000000000,00000000000,0,0,0,1,0,0,0,0,0,0,0,998,0,1,2,2,6,2,12,0,0,0,1,13,30528,6,1,0,0,3,0,72,200,98,0,0,0,0,0,0,0,0,1,87,0,0,0,1,2,55,3,5,2,2,0,0,14,6,1,1,2,66,1,0
13,130619,2,2,5,21,7,14,3,12,6,1,0,13,1,6,441,6441,20,2001,2C4GP54L41R2,2,C,4,G,P,5,4,L,4,1,R,2,0,T,CHRY,LXI,ES,1,17,,1,0,1193,TWC,G,,,6,230,,,,,4183,00,,42,0,0,000000000,00000000000,0,0,0,1,0,0,0,0,0,0,0,998,0,0,0,12,6,2,12,0,0,0,1,13,30582,6,1,0,0,3,3,68,160,98,0,0,0,0,0,0,0,0,0,0,0,0,0,1,2,55,2,6,2,2,0,0,14,62,1,1,1,66,0,0
13,130620,1,1,1,21,7,6,50,23,0,1,0,13,1,21,20,21020,4,1996,1G3WH52M5TF3,1,G,3,W,H,5,2,M,5,T,F,3,0,P,OLDS,SUL,4D,96,17,3388,,0,1075,,G,,F,6,191,,,15R205,,,,,,0,0,000000000,00000000000,0,0,0,1,0,0,0,0,0,0,0,998,0,1,5,82,6,2,1,0,0,0,1,13,30144,6,1,0,0,3,1,62,125,98,0,0,0,0,0,0,0,0,0,58,0,0,0,2,4,65,1,1,2,1,0,0,1,12,7,1,4,1,1,0