STATE,ST_CASE,VEH_NO,VE_FORMS,NUMOCCS,DAY,MONTH,HOUR,MINUTE,HARM_EV,MAN_COLL,UNITTYPE,HIT_RUN,REG_STAT,OWNER,MAKE,MODEL,MAK_MOD,BODY_TYP,MOD_YEAR,VIN,VIN_1,VIN_2,VIN_3,VIN_4,VIN_5,VIN_6,VIN_7,VIN_8,VIN_9,VIN_10,VIN_11,VIN_12,TOW_VEH,VINTYPE,VINMAKE,VINA_MOD,VIN_BT,VINMODYR,VIN_LNGT,VIN_WGT,WGTCD_TR,WHLBS_LG,WHLBS_SH,SER_TR,FUELCODE,MCYCL_DS,CARBUR,CYLINDER,DISPLACE,MCYCL_CY,MCYCL_WT,TIRE_SZE,TON_RAT,TRK_WT,TRKWTVAR,VIN_REST,WHLDRWHL,J_KNIFE,MCARR_I1,MCARR_I2,MCARR_ID,GVWR,V_CONFIG,CARGO_BT,HAZ_INV,HAZ_PLAC,HAZ_ID,HAZ_CNO,HAZ_REL,BUS_USE,SPEC_USE,EMER_USE,TRAV_SP,UNDERIDE,ROLLOVER,ROLINLOC,IMPACT1,DEFORMED,TOWED,M_HARM,VEH_SC1,VEH_SC2,FIRE_EXP,DR_PRES,L_STATE,DR_ZIP,L_STATUS,L_TYPE,CDL_STAT,L_ENDORS,L_COMPL,L_RESTRI,DR_HGT,DR_WGT,PREV_ACC,PREV_SUS,PREV_DWI,PREV_SPD,PREV_OTH,FIRST_MO,FIRST_YR,LAST_MO,LAST_YR,SPEEDREL,DR_SF1,DR_SF2,DR_SF3,DR_SF4,VTRAFWAY,VNUM_LAN,VSPD_LIM,VALIGN,VPROFILE,VPAVETYP,VSURCOND,VTRAFCON,VTCONT_F,P_CRASH1,P_CRASH2,P_CRASH3,PCRASH4,PCRASH5,ACC_TYPE,DEATHS,DR_DRINK
13,130621,1,2,1,21,7,9,3,12,1,1,0,13,1,49,42,49042,1,1997,JT5FC52H5V00,J,T,5,F,C,5,2,H,5,V,0,0,0,P,TOYT,PAS,CV,97,17,2160,,0,937,,G,,F,4,091,,,14R185,,,,,,0,0,000000000,00000000000,0,0,0,1,0,0,0,0,0,0,0,998,0,0,0,12,4,1,12,0,0,0,1,13,30548,6,1,0,0,3,0,65,120,98,2,0,1,0,1,2012,2,2012,0,26,0,0,0,3,2,70,1,5,2,1,0,0,1,52,1,1,1,28,1,0
13,130621,2,2,3,21,7,9,3,12,1,1,0,99,9,20,16,20016,4,2003,1G1JC52F0372,1,G,1,J,C,5,2,F,0,3,7,2,0,P,CHEV,CAV,4D,3,17,2971,,0,1041,,G,,F,4,134,,,14R195,,,,,,0,0,000000000,00000000000,0,0,0,1,0,0,0,0,0,0,0,998,0,0,0,6,6,2,12,0,0,0,1,99,99999,9,9,99,9,9,9,999,999,99,99,99,99,99,99,9999,99,9999,0,0,0,0,0,3,2,70,1,6,2,1,0,0,2,53,1,1,1,29,0,0
13,130622,1,2,3,22,7,1,35,35,0,1,0,13,2,20,22,20022,2,2006,1G1AP11P8677,1,G,1,A,P,1,1,P,8,6,7,7,0,P,CHEV,SSC,CP,6,17,2991,,0,1033,,G,,Z,4,122,,,18R215,,,,,,0,0,000000000,00000000000,0,0,0,1,0,0,0,0,0,0,0,998,0,1,1,5,6,2,12,0,0,0,1,13,30711,6,1,0,0,3,1,74,155,98,3,0,2,0,10,2010,2,2011,1,36,0,0,0,1,2,35,3,6,1,1,28,3,14,13,1,1,4,1,1,1
13,130622,2,2,4,22,7,1,35,35,0,1,0,13,2,35,47,35047,2,2009,1N4AL24E09C1,1,N,4,A,L,2,4,E,0,9,C,1,0,P,NISS,A5S,CP,9,17,3076,,0,1053,,G,,F,4,153,,,16R215,,,,,,0,0,000000000,00000000000,0,0,0,1,0,0,0,0,0,0,0,998,0,0,0,5,6,2,12,0,0,0,1,13,30705,6,1,0,0,3,0,68,175,98,2,0,2,0,5,2010,1,2012,1,36,58,0,0,1,2,35,3,6,2,1,28,3,14,61,6,1,2,98,0,1
13,130623,1,2,1,22,7,1,32,12,6,1,0,47,3,51,881,51881,63,2006,4V4M19GF76N4,4,V,4,M,1,9,G,F,7,6,N,4,2,T,VOLV,VNM,TR,6,17,,7,0,0,VVN,D,,,6,732,,,,,00000,00,,42,1,57,092261,57092261,3,4,1,1,0,0,0,0,0,0,0,998,0,0,0,3,4,3,12,0,0,0,1,13,30294,6,1,6,1,3,0,71,198,98,0,0,0,0,0,0,0,0,0,0,0,0,0,1,4,45,1,1,2,1,3,3,1,66,1,1,1,87,0,0
13,130623,2,2,1,22,7,1,32,12,6,1,0,92,0,76,705,76705,80,2004,JYAVM01EX4A0,J,Y,A,V,M,0,1,E,X,4,A,0,0,M,YAMA,V6A,RS,4,17,,,,,,,649,,2,,4,505,,,,,,,0,0,000000000,00000000000,0,0,0,1,0,0,0,0,0,0,0,998,0,0,0,12,6,2,12,0,0,0,1,13,31322,1,1,0,0,2,0,72,230,98,5,2,0,0,12,2010,2,2012,0,39,0,0,0,1,4,45,1,1,2,1,3,3,1,17,1,1,1,86,1,1
13,130624,1,2,2,22,7,4,25,12,1,1,0,13,2,12,3,12003,2,2009,1ZVHT80N8951,1,Z,V,H,T,8,0,N,8,9,5,1,0,P,FORD,MUS,CP,9,17,3300,,0,1071,,G,,F,6,244,,,16R215,,,,,,0,0,000000000,00000000000,0,0,0,1,0,0,0,0,0,0,0,998,0,1,1,12,6,2,1,0,0,0,1,13,30317,6,1,0,0,3,0,76,136,98,0,0,0,0,0,0,0,0,0,26,0,0,0,3,3,65,1,1,2,1,0,0,1,50,1,1,1,20,0,0
13,130624,2,2,4,22,7,4,25,12,1,1,0,13,2,49,40,49040,4,2000,4T1BG22K0YU6,4,T,1,B,G,2,2,K,0,Y,U,6,0,P,TOYT,UEX,4D,0,17,2998,,0,1051,,G,,F,4,132,,,14R195,,,,,,0,0,000000000,00000000000,0,0,0,1,0,0,0,0,0,0,0,0,0,0,0,6,6,2,12,0,0,0,1,13,30016,6,1,0,0,3,0,63,100,98,0,0,0,0,0,0,0,0,0,0,0,0,0,3,3,65,1,1,2,1,0,0,4,53,1,1,1,21,1,0
13,130625,1,1,2,22,7,23,16,33,0,1,0,13,2,37,32,37032,4,1999,1HGCG5649XA0,1,H,G,C,G,5,6,4,9,X,A,0,0,P,HOND,ULX,4D,99,17,3053,,0,1069,,G,,F,4,138,,,15R195,,,,,,0,0,000000000,00000000000,0,0,0,1,0,0,0,0,0,0,0,998,0,0,0,1,6,2,42,0,0,0,1,13,30075,6,1,0,0,3,3,73,135,98,0,0,0,0,0,0,0,0,0,0,0,0,0,1,2,35,1,1,2,2,0,0,1,13,1,1,4,1,1,1
13,130626,1,1,1,23,7,2,42,8,0,1,0,13,1,59,35,59035,4,2009,JTHCK2628920,J,T,H,C,K,2,6,2,8,9,2,0,0,P,LEXS,A25,4D,9,17,3651,,0,1075,,G,,F,6,152,,,17R225,,,,,,0,0,000000000,00000000000,0,0,0,1,0,0,0,0,0,0,0,998,0,0,0,12,6,2,8,0,0,0,1,12,30344,6,1,0,0,3,0,59,999,0,1,0,2,0,6,2011,6,2012,0,0,0,0,0,1,4,55,1,1,2,1,0,0,1,80,1,1,1,13,0,0
13,130627,1,1,1,24,7,21,23,8,0,1,0,13,4,35,47,35047,4,2012,1N4AL2AP7CC1,1,N,4,A,L,2,A,P,7,C,C,1,0,P,NISS,ATS,4D,12,17,3180,,0,1093,,G,,F,4,153,,,16R215,,,,,,0,0,000000000,00000000000,0,0,0,1,0,0,0,0,0,0,0,998,0,0,0,12,4,3,8,0,0,0,1,13,30315,6,1,0,0,3,0,63,155,98,3,0,2,3,12,2009,5,2012,0,0,0,0,0,5,4,35,1,1,2,1,0,0,1,80,1,1,1,13,0,0
13,130628,1,1,2,25,7,10,50,35,0,1,0,12,1,37,709,37709,89,2008,1HFSC47F48A7,1,H,F,S,C,4,7,F,4,8,A,7,0,M,HOND,GL8,RS,8,17,,,,,,,1832,,6,,4,822,,,,,,,0,0,000000000,00000000000,0,0,0,1,0,0,0,0,0,0,0,998,0,0,0,12,6,2,1,0,0,0,1,12,34428,6,1,0,0,3,3,72,999,0,0,0,2,1,12,2009,5,2010,0,26,85,0,0,1,2,55,1,6,2,1,0,0,17,13,98,1,4,1,1,0
13,130629,1,1,1,26,7,11,58,9,0,1,0,13,1,6,51,6051,4,2006,2C3LA53G86H1,2,C,3,L,A,5,3,G,8,6,H,1,0,P,CHRY,3TR,4D,6,17,3651,,0,1200,,G,,F,6,214,,,17R215,,,,,,0,0,000000000,00000000000,0,0,0,1,0,0,0,0,0,0,0,998,0,0,0,12,4,3,9,0,0,0,1,13,31308,6,1,0,0,3,1,71,179,98,0,0,0,0,0,0,0,0,0,0,0,0,0,1,4,55,1,1,2,1,0,0,1,83,1,1,1,13,0,0
13,130630,1,2,2,26,7,18,1,12,6,1,0,13,2,20,421,20421,15,2002,1GNEC13Z12J2,1,G,N,E,C,1,3,Z,1,2,J,2,0,P,CHEV,CTA,UT,2,17,4828,,0,1160,,F,,F,8,325,,,16R265,,,,,,0,0,000000000,00000000000,0,0,0,1,0,0,0,0,0,0,0,998,0,0,0,12,4,3,12,0,0,0,1,13,30802,6,1,0,0,3,0,70,167,98,0,0,1,0,5,2011,5,2011,0,0,0,0,0,1,2,55,1,1,2,1,3,3,1,63,1,1,1,69,0,0
13,130630,2,2,1,26,7,18,1,12,6,1,0,13,1,73,706,73706,80,2001,JKBVNCA151B5,J,K,B,V,N,C,A,1,5,1,B,5,0,M,KAWK,VN8,RS,1,17,,,,,,,800,,2,,4,496,,,,,,,0,0,000000000,00000000000,0,0,0,1,0,0,0,0,0,0,0,998,0,0,0,3,6,2,12,0,0,0,1,13,30143,6,1,6,0,3,0,65,190,98,0,0,0,0,0,0,0,0,0,38,0,0,0,1,2,55,1,1,2,1,3,3,11,15,1,1,1,68,1,0
13,130631,1,1,1,26,7,14,29,42,0,1,0,13,1,12,471,12471,30,2003,1FTYR10U93TA,1,F,T,Y,R,1,0,U,9,3,T,A,0,T,FORD,RNG,PK,3,17,,1,1175,1116,RNG,G,,,6,182,,,,B,3085,03,U,42,0,0,000000000,00000000000,0,0,0,1,0,0,0,0,0,0,0,998,0,1,6,12,6,2,42,0,0,0,1,13,30650,6,1,0,0,3,3,71,200,98,0,0,0,0,0,0,0,0,0,0,0,0,0,1,2,45,3,1,2,1,28,3,14,13,1,1,4,1,1,0
13,130632,1,1,1,26,7,5,53,9,0,1,0,13,3,82,881,82881,66,2012,1FUJGPBG6CDB,1,F,U,J,G,P,B,G,6,C,D,B,1,T,FRHT,122,TR,12,17,,8,0,0,CON,D,,,6,915,,,,,00000,00,,64,1,57,334247,57334247,3,6,1,1,0,0,0,0,0,0,0,998,0,0,0,12,2,3,9,0,0,0,1,13,31730,6,1,6,0,3,0,70,220,98,0,0,0,1,12,2011,12,2011,0,26,0,0,0,2,4,55,1,3,2,1,0,0,1,83,1,1,1,13,0,0
13,130633,1,1,1,27,7,3,44,43,0,1,0,13,1,12,422,12422,15,2002,1FMRU15LX2LA,1,F,M,R,U,1,5,L,X,2,L,A,0,P,FORD,EPT,UT,2,17,4891,,0,1191,,G,,F,8,330,,,16R255,,,,,,0,0,000000000,00000000000,0,0,0,1,0,0,0,0,0,0,0,998,0,0,0,12,6,2,21,32,0,1,1,13,30513,6,1,0,0,3,0,65,125,98,0,0,0,1,7,2010,7,2010,1,0,0,0,0,2,4,65,1,1,2,1,0,0,1,12,1,1,4,6,1,0
13,130634,1,1,1,27,7,18,54,24,0,1,0,45,1,73,705,73705,80,2003,JKAZX9B143A0,J,K,A,Z,X,9,B,1,4,3,A,0,0,M,KAWK,Z1B,RC,3,17,,,,,,,1200,,4,,4,463,,,,,,,0,0,000000000,00000000000,0,0,0,1,0,0,0,0,0,0,0,998,0,0,0,12,6,2,24,0,0,0,1,45,29229,6,1,0,0,3,3,72,230,0,0,0,0,0,0,0,0,0,1,37,0,0,0,6,2,55,3,1,2,1,0,0,14,13,1,1,4,1,1,0
13,130635,1,1,1,27,7,23,10,33,0,1,0,13,1,53,705,53705,80,2006,JS1GN7DA4621,J,S,1,G,N,7,D,A,4,6,2,1,0,M,SUZI,K6R,RC,6,17,,,,,,,599,,4,,4,354,,,,,,,0,0,000000000,00000000000,0,0,0,1,0,0,0,0,0,0,0,998,0,0,0,1,6,2,30,0,0,0,1,13,30906,6,1,0,0,3,0,72,137,98,0,0,0,2,12,2010,8,2011,0,0,0,0,0,3,4,45,3,1,1,1,0,0,14,13,1,1,4,1,1,0
13,130636,1,3,2,28,7,18,0,12,6,1,0,13,2,20,37,20037,4,2004,1G1ND52F84M5,1,G,1,N,D,5,2,F,8,4,M,5,0,P,CHEV,CLA,4D,4,17,3106,,0,1070,,G,,F,4,134,,,15R215,,,,,,0,0,000000000,00000000000,0,0,0,1,0,0,0,0,0,0,0,998,0,0,0,3,6,2,12,0,0,0,1,13,30736,6,1,0,0,3,0,76,260,98,0,0,0,0,0,0,0,0,0,36,39,0,0,1,2,35,1,1,2,1,20,3,1,17,1,1,1,87,1,0
13,130636,2,3,3,28,7,18,0,12,6,1,0,13,1,7,442,7442,20,2007,1D4GP45R27B1,1,D,4,G,P,4,5,R,2,7,B,1,0,P,DODG,CAR,SV,7,17,3851,,0,1133,,G,,F,6,201,,,16R215,,,,,,0,0,000000000,00000000000,0,0,0,1,0,0,0,0,0,0,0,998,0,0,0,12,6,2,12,0,0,0,1,13,30728,6,1,0,0,3,0,63,115,98,0,0,0,0,0,0,0,0,0,0,0,0,0,1,4,55,1,1,2,1,28,3,1,66,1,1,1,86,0,0
13,130636,3,3,2,28,7,18,0,12,6,1,0,13,1,12,401,12401,14,2006,1FMEU64E06UA,1,F,M,E,U,6,4,E,0,6,U,A,0,P,FORD,EPR,UT,6,17,4301,,0,1137,,G,,F,6,244,,,17R245,,,,,,0,0,000000000,00000000000,0,0,0,1,0,0,0,0,0,0,0,0,0,0,0,12,2,1,18,0,0,0,1,13,30728,6,1,0,0,3,3,68,170,98,0,0,0,0,0,0,0,0,0,0,0,0,0,1,2,35,1,1,2,1,20,3,5,90,1,1,1,98,0,0
13,130637,1,2,1,28,7,0,8,12,6,1,0,13,2,18,2,18002,4,1993,1G4HP53L1PH4,1,G,4,H,P,5,3,L,1,P,H,4,0,P,BUIC,L90,4D,93,17,3338,,0,1108,,G,,F,6,231,,,15R205,,,,,,0,0,000000000,00000000000,0,0,0,1,0,0,0,0,0,0,0,998,0,0,0,12,6,2,12,0,0,0,1,13,31406,6,1,0,0,3,0,69,200,98,0,0,0,0,0,0,0,0,0,39,0,0,0,1,2,35,1,1,2,1,20,3,1,17,1,1,1,69,0,1
13,130637,2,2,3,28,7,0,8,12,6,1,0,13,2,22,22,22022,4,2007,1G2ZG58N0742,1,G,2,Z,G,5,8,N,0,7,4,2,0,P,PONT,6BS,4D,7,17,3305,,0,1123,,G,,F,6,214,,,17R225,,,,,,0,0,000000000,00000000000,0,0,0,1,0,0,0,0,0,0,0,998,0,0,0,11,6,2,12,0,0,0,1,13,31405,6,1,0,0,3,3,68,280,98,1,0,1,2,11,2011,3,2012,0,39,0,0,0,1,2,25,1,1,2,1,20,3,11,15,1,1,1,68,1,0
13,130638,1,1,2,28,7,19,50,35,0,1,0,13,1,7,28,7028,2,2008,2B3LJ74WX8H3,2,B,3,L,J,7,4,W,X,8,H,3,0,P,DODG,CS8,CP,8,17,4140,,0,1160,,G,,F,8,372,,,20R245,,,,,,0,0,000000000,00000000000,0,0,0,1,0,0,0,0,0,0,0,998,0,1,6,12,6,2,1,35,0,0,1,13,31826,6,1,0,0,3,0,72,156,98,0,0,0,0,0,0,0,0,1,0,0,0,0,1,2,45,1,1,2,1,0,0,1,13,1,1,4,1,2,1
13,130639,1,2,1,28,7,21,17,12,2,1,0,13,2,35,401,35401,14,1995,JN8HD17S9SW0,J,N,8,H,D,1,7,S,9,S,W,0,0,P,NISS,PFI,UT,95,17,3686,,0,1043,,G,,F,6,181,,,15R235,,,,,,0,0,000000000,00000000000,0,0,0,1,0,0,0,0,0,0,0,998,0,0,0,12,6,2,12,0,0,0,1,13,30143,6,1,0,0,3,0,60,150,98,0,0,0,0,0,0,0,0,0,0,0,0,0,1,2,50,1,1,2,1,28,3,1,10,1,1,1,50,0,0
13,130639,2,2,3,28,7,21,17,12,2,1,0,13,2,14,17,14017,4,1998,1MEFM50U6WG6,1,M,E,F,M,5,0,U,6,W,G,6,0,P,MERC,SGL,4D,98,17,3299,,0,1085,,G,,F,6,182,,,15R205,,,,,,0,0,000000000,00000000000,0,0,0,1,0,0,0,0,0,0,0,998,0,0,0,12,6,2,12,0,0,0,1,13,30175,6,1,0,0,3,0,74,215,98,0,0,0,0,0,0,0,0,0,0,0,0,0,1,2,50,1,1,2,1,28,3,1,62,1,1,1,51,1,0
13,130640,1,1,1,28,7,19,20,34,0,1,0,13,1,72,706,72706,80,2008,1HD1JJ5188Y0,1,H,D,1,J,J,5,1,8,8,Y,0,0,M,HD,FCW,RS,8,17,,,,,,,1584,,2,,4,690,,,,,,,0,0,000000000,00000000000,0,0,0,1,0,0,0,0,0,0,0,998,0,0,0,12,6,2,1,0,0,0,1,13,30721,6,1,0,0,3,3,74,235,98,0,0,0,1,7,2012,7,2012,1,0,0,0,0,1,2,55,3,1,2,1,0,0,14,6,1,1,4,1,1,1
13,130641,1,1,2,29,7,22,35,1,0,1,0,12,1,12,481,12481,31,2002,1FTRW08L22KC,1,F,T,R,W,0,8,L,2,2,K,C,0,T,FORD,F1S,CW,2,17,,2,0,1388,COF,G,,,8,330,,,,B,5005,02,E,44,0,0,000000000,00000000000,0,0,0,1,0,0,0,0,0,0,0,998,0,2,1,0,6,2,1,0,0,0,1,12,32324,6,1,0,0,3,0,67,999,0,0,0,0,0,0,0,0,0,1,58,0,0,0,1,2,55,3,1,2,1,0,0,14,13,6,1,6,98,1,1
13,130642,1,2,1,29,7,14,17,12,2,1,0,13,1,12,481,12481,31,2006,1FTSW21P76EB,1,F,T,S,W,2,1,P,7,6,E,B,0,T,FORD,F2S,CW,6,17,,2,1720,1560,SRW,D,,,8,366,,,,C,6395,01,E,44,0,0,000000000,00000000000,0,0,0,1,0,0,0,0,0,0,0,998,0,0,0,12,6,2,12,0,0,0,1,13,31068,6,1,0,0,3,0,75,200,98,0,0,0,0,0,0,0,0,1,0,0,0,0,1,2,55,1,6,2,1,28,3,1,10,1,1,2,50,0,0
13,130642,2,2,1,29,7,14,17,12,2,1,0,13,1,12,481,12481,31,1992,1FTEX15N0NKB,1,F,T,E,X,1,5,N,0,N,K,B,0,T,FORD,F15,PC,92,17,,2,1550,1390,COF,G,,,8,302,,,,B,3843,05,A,42,0,0,000000000,00000000000,0,0,0,1,0,0,0,0,0,0,0,998,0,0,0,12,6,2,12,0,0,0,1,13,31070,6,1,0,0,3,0,71,198,98,0,0,0,0,0,0,0,0,0,0,0,0,0,1,2,55,1,5,2,1,28,3,1,62,1,1,1,51,1,0
13,130643,1,1,1,30,7,9,37,32,0,1,0,13,2,2,404,2404,14,1993,1J4FT78S3PL6,1,J,4,F,T,7,8,S,3,P,L,6,0,T,JEEP,CTY,4W,93,17,,1,0,1014,CHK,G,,,6,242,,,,,2985,01,A,42,0,0,000000000,00000000000,0,0,0,1,0,0,0,0,0,0,0,998,0,0,0,12,6,2,42,0,0,0,1,13,30740,6,1,0,0,3,3,69,245,98,2,0,2,0,6,2010,8,2010,0,0,0,0,0,1,2,55,2,6,2,1,28,3,14,13,1,1,4,1,1,0
13,130644,1,1,1,30,7,13,40,34,0,1,0,13,1,12,471,12471,30,2001,1FTYR14U91TA,1,F,T,Y,R,1,4,U,9,1,T,A,0,T,FORD,RNS,PC,1,17,,1,0,1257,RNG,G,,,6,182,,,,B,3271,00,U,42,0,0,000000000,00000000000,0,0,0,1,0,0,0,0,0,0,0,998,0,1,6,4,6,2,1,0,0,0,1,13,31636,6,1,0,0,3,1,60,130,98,0,0,1,0,8,2009,8,2009,0,58,0,0,0,1,2,55,1,1,2,1,0,0,1,12,6,3,4,7,1,0
13,130645,1,2,1,31,7,17,42,12,2,1,0,13,2,34,34,34034,4,2006,WBAVB13576PT,W,B,A,V,B,1,3,5,7,6,P,T,0,P,BMW,325,4D,6,17,3285,,0,1087,,G,,F,6,182,,,16R205,,,,,,0,0,000000000,00000000000,0,0,0,1,0,0,0,0,0,0,0,998,0,0,0,12,6,2,12,0,0,0,1,13,30558,6,1,0,0,3,0,63,110,98,0,0,0,0,0,0,0,0,1,0,0,0,0,1,2,35,2,1,2,1,0,0,14,10,1,1,2,50,1,0
13,130645,2,2,1,31,7,17,42,12,2,1,0,13,2,20,421,20421,15,2005,1GNEC13T35J1,1,G,N,E,C,1,3,T,3,5,J,1,0,P,CHEV,CTA,UT,5,17,4975,,0,1160,,G,,F,8,325,,,16R265,,,,,,0,0,000000000,00000000000,0,0,0,1,0,0,0,0,0,0,0,998,0,0,0,12,6,2,12,0,0,0,1,13,30506,6,1,0,0,3,0,67,160,98,0,0,0,0,0,0,0,0,0,0,0,0,0,1,2,35,3,1,2,1,0,0,14,62,2,1,1,51,0,0
13,130646,1,3,2,12,1,17,58,12,11,1,0,13,1,7,482,7482,31,2004,1D7HA18K04J1,1,D,7,H,A,1,8,K,0,4,J,1,0,T,DODG,QS1,CW,4,17,,2,0,1405,RPC,G,,,6,225,,,,B,4820,01,E,42,0,0,000000000,00000000000,0,0,0,1,0,0,0,0,0,0,0,998,0,0,0,3,6,2,12,0,0,0,1,13,31021,6,1,0,0,3,0,71,230,98,0,0,0,0,0,0,0,0,0,38,0,0,0,1,2,35,1,1,2,1,0,0,11,15,1,1,1,98,0,0
13,130646,2,3,1,12,1,17,58,12,11,1,0,13,1,99,709,99709,83,2008,LHJLW96G58B0,L,H,J,L,W,9,6,G,5,8,B,0,0,U,,,,8,17,,,,,,,,,,,,,,,,,,,0,0,000000000,00000000000,0,0,0,1,0,0,0,0,0,0,0,998,0,0,0,3,6,2,12,0,0,0,1,13,31040,6,1,6,0,3,1,71,200,98,1,0,0,0,12,2011,12,2011,0,0,0,0,0,1,2,35,1,1,2,1,0,0,1,17,98,2,1,98,1,0
13,130646,3,3,4,12,1,17,58,12,11,1,0,13,1,12,13,12013,2,1993,1FAPP11J8PW3,1,F,A,P,P,1,1,J,8,P,W,3,0,P,FORD,EST,2H,93,17,2312,,0,984,,G,,F,4,113,,,13R175,,,,,,0,0,000000000,00000000000,0,0,0,1,0,0,0,0,0,0,0,998,0,0,0,12,6,2,12,0,0,0,1,13,31021,6,1,0,0,3,0,65,109,98,0,0,0,0,0,0,0,0,0,99,99,99,99,1,2,35,1,1,2,1,0,0,1,17,1,1,1,98,0,0
13,130647,1,1,1,26,7,13,22,33,0,1,0,92,0,20,431,20431,16,2002,1GNEC16Z92J3,1,G,N,E,C,1,6,Z,9,2,J,3,0,T,CHEV,C1S,4W,2,17,,2,0,1300,C15,F,,,8,325,,,,B,4914,00,,42,0,0,000000000,00000000000,0,0,0,1,0,0,0,0,0,0,0,998,0,1,1,14,6,2,1,0,0,0,1,13,31206,0,0,0,0,0,0,999,999,98,0,0,0,0,0,0,0,0,0,29,80,0,0,1,4,45,1,1,2,1,0,0,1,13,99,9,4,1,1,0
13,130648,1,1,2,2,8,20,24,24,0,1,0,13,1,72,706,72706,80,2012,1HD1KEM17CB6,1,H,D,1,K,E,M,1,7,C,B,6,0,M,HD,FTK,RS,12,17,,,,,,,1690,,2,,4,857,,,,,,,0,0,000000000,00000000000,0,0,0,1,0,0,0,0,0,0,0,998,0,0,0,2,4,3,24,0,0,0,1,13,30263,6,1,0,0,2,0,69,189,98,1,0,0,2,8,2010,7,2012,0,29,0,0,0,1,2,45,1,1,2,1,40,3,1,13,1,1,4,1,1,0
13,130649,1,1,1,2,8,17,19,24,0,1,0,13,3,84,881,84881,62,1997,1HTSCAAM5VH4,1,H,T,S,C,A,A,M,5,V,H,4,0,T,INTL,470,CC,97,17,,6,2540,1280,40S,D,,,6,466,,,,,00000,00,,42,0,57,1045487,571045487,2,2,3,1,0,0,0,0,0,0,0,998,0,1,1,3,6,2,1,0,0,1,1,13,30034,6,1,6,0,3,3,72,212,98,0,0,0,0,0,0,0,0,0,29,0,0,0,3,2,55,1,2,1,2,0,0,1,12,1,1,4,6,1,0
13,130650,1,2,1,2,8,12,15,12,6,1,0,13,2,84,881,84881,66,1999,2HSFMAMR4XC0,2,H,S,F,M,A,M,R,4,X,C,0,1,T,INTL,920,TR,99,17,,8,2340,1600,920,D,,,6,774,,,,,00000,00,,64,1,13,949890,13949890,3,6,4,1,0,0,0,0,0,0,0,998,0,0,0,12,6,2,12,0,0,0,1,13,31030,6,1,6,0,3,0,70,320,98,0,0,0,0,0,0,0,0,0,0,0,0,0,1,2,55,1,6,2,1,0,0,1,17,8,2,2,88,0,0
13,130650,2,2,1,2,8,12,15,12,6,1,0,13,1,20,481,20481,31,2002,2GCEC19V0213,2,G,C,E,C,1,9,V,0,2,1,3,0,T,CHEV,SC1,4C,2,17,,2,1575,1435,SIL,G,,,8,293,,,,B,4534,03,,42,0,0,000000000,00000000000,0,0,0,1,0,0,0,0,0,0,0,998,0,1,5,9,6,2,12,0,0,0,1,13,31790,6,1,6,0,3,3,70,165,98,0,0,0,0,0,0,0,0,0,38,0,0,0,1,2,55,1,1,2,1,20,3,1,17,1,1,1,89,1,0
13,130651,1,1,1,4,8,7,30,18,0,1,0,13,1,12,473,12473,30,2004,1FMZU67K24UA,1,F,M,Z,U,6,7,K,2,4,U,A,0,P,FORD,EPR,UT,4,17,4135,,0,1259,,F,,F,6,245,,,16R235,,,,,,0,0,000000000,00000000000,0,0,0,1,0,0,0,0,0,0,0,998,0,1,6,1,6,2,35,32,0,0,1,13,31744,6,1,6,0,3,0,66,256,98,0,0,0,0,0,0,0,0,0,29,0,0,0,1,2,55,1,1,2,1,0,0,1,13,99,1,4,1,1,0
13,130652,1,1,5,4,8,7,15,24,0,1,0,13,2,12,481,12481,31,2000,1FTRX07L2YKB,1,F,T,R,X,0,7,L,2,Y,K,B,0,T,FORD,F15,4C,0,17,,2,0,1385,COF,G,,,8,330,,,,B,4204,03,U,42,0,0,000000000,00000000000,0,0,0,1,0,0,0,0,0,0,0,998,0,1,1,11,6,2,1,0,0,0,1,13,30102,0,0,0,0,0,0,999,999,98,0,0,0,1,12,2010,12,2010,0,29,58,6,91,3,3,70,2,1,2,1,98,8,14,12,1,1,4,6,2,0
13,130653,1,1,1,5,8,0,34,59,0,1,0,13,1,7,482,7482,31,2004,1D7HA16D54J2,1,D,7,H,A,1,6,D,5,4,J,2,0,T,DODG,S15,PK,4,17,,2,1405,1205,RPC,G,,,8,345,,,,B,4445,01,E,42,0,0,000000000,00000000000,0,0,0,1,0,0,0,0,0,0,0,998,0,1,5,11,6,2,1,0,0,0,1,13,31548,6,1,0,0,3,0,72,200,98,4,0,1,1,11,2011,5,2012,0,29,58,0,0,1,2,45,3,1,2,2,0,0,14,13,7,3,4,2,1,1
13,130654,1,1,2,5,8,99,99,39,0,1,0,13,2,20,9,20009,2,2000,2G1FP22G5Y21,2,G,1,F,P,2,2,G,5,Y,2,1,0,P,CHEV,Z28,CP,0,17,3439,,0,1011,,G,,F,8,350,,,16R215,,,,,,0,0,000000000,00000000000,0,0,0,1,0,0,0,0,0,0,0,998,0,0,0,1,6,2,39,0,0,0,1,13,30809,6,1,0,0,3,0,71,160,98,0,0,0,0,0,0,0,0,1,29,0,0,0,1,2,35,4,1,2,1,0,0,14,13,1,1,4,1,1,1