STATE,ST_CASE,VEH_NO,VE_FORMS,NUMOCCS,DAY,MONTH,HOUR,MINUTE,HARM_EV,MAN_COLL,UNITTYPE,HIT_RUN,REG_STAT,OWNER,MAKE,MODEL,MAK_MOD,BODY_TYP,MOD_YEAR,VIN,VIN_1,VIN_2,VIN_3,VIN_4,VIN_5,VIN_6,VIN_7,VIN_8,VIN_9,VIN_10,VIN_11,VIN_12,TOW_VEH,VINTYPE,VINMAKE,VINA_MOD,VIN_BT,VINMODYR,VIN_LNGT,VIN_WGT,WGTCD_TR,WHLBS_LG,WHLBS_SH,SER_TR,FUELCODE,MCYCL_DS,CARBUR,CYLINDER,DISPLACE,MCYCL_CY,MCYCL_WT,TIRE_SZE,TON_RAT,TRK_WT,TRKWTVAR,VIN_REST,WHLDRWHL,J_KNIFE,MCARR_I1,MCARR_I2,MCARR_ID,GVWR,V_CONFIG,CARGO_BT,HAZ_INV,HAZ_PLAC,HAZ_ID,HAZ_CNO,HAZ_REL,BUS_USE,SPEC_USE,EMER_USE,TRAV_SP,UNDERIDE,ROLLOVER,ROLINLOC,IMPACT1,DEFORMED,TOWED,M_HARM,VEH_SC1,VEH_SC2,FIRE_EXP,DR_PRES,L_STATE,DR_ZIP,L_STATUS,L_TYPE,CDL_STAT,L_ENDORS,L_COMPL,L_RESTRI,DR_HGT,DR_WGT,PREV_ACC,PREV_SUS,PREV_DWI,PREV_SPD,PREV_OTH,FIRST_MO,FIRST_YR,LAST_MO,LAST_YR,SPEEDREL,DR_SF1,DR_SF2,DR_SF3,DR_SF4,VTRAFWAY,VNUM_LAN,VSPD_LIM,VALIGN,VPROFILE,VPAVETYP,VSURCOND,VTRAFCON,VTCONT_F,P_CRASH1,P_CRASH2,P_CRASH3,PCRASH4,PCRASH5,ACC_TYPE,DEATHS,DR_DRINK
13,130655,1,2,1,5,8,13,45,12,2,1,0,13,1,98,709,98709,88,2005,ZAPM093D0550,Z,A,P,M,0,9,3,D,0,5,5,0,0,U,,,,5,17,,,,,,,,,,,,,,,,,,,0,0,000000000,00000000000,0,0,0,1,0,0,0,0,0,0,0,998,0,0,0,12,6,2,12,0,0,0,1,13,30306,6,1,0,0,3,0,71,170,98,0,0,0,0,0,0,0,0,0,28,0,0,0,1,2,25,3,3,2,1,0,0,14,10,1,1,2,50,1,0
13,130655,2,2,1,5,8,13,45,12,2,1,0,13,1,48,34,48034,6,1998,4S3BG6854W66,4,S,3,B,G,6,8,5,4,W,6,6,0,P,SUBA,UK3,SW,98,17,3155,,0,1035,,G,,F,4,150,,,15R205,,,,,,0,0,000000000,00000000000,0,0,0,1,0,0,0,0,0,0,0,998,0,0,0,12,4,9,12,0,0,0,1,13,30306,6,2,0,0,3,0,70,145,98,0,0,0,0,0,0,0,0,0,0,0,0,0,1,2,25,2,3,2,1,0,0,14,62,1,1,1,51,0,0
13,130656,1,1,1,5,8,10,12,33,0,1,0,13,1,53,705,53705,80,2007,JS1GR7KA7721,J,S,1,G,R,7,K,A,7,7,2,1,0,M,SUZI,SX7,RC,7,17,,,,,,,749,,4,,4,359,,,,,,,0,0,000000000,00000000000,0,0,0,1,0,0,0,0,0,0,0,998,0,0,0,14,6,2,30,0,0,0,1,13,30224,6,1,0,0,3,3,72,225,98,0,0,0,0,0,0,0,0,1,29,0,0,0,1,2,30,3,5,1,1,0,0,14,13,1,1,4,1,1,0
13,130657,1,2,1,6,8,19,24,12,6,1,0,13,2,12,880,12880,67,2003,1FTWX33P93EC,1,F,T,W,X,3,3,P,9,3,E,C,0,T,FORD,F3D,4C,3,17,,3,0,1580,DRW,D,,,8,366,,,,D,6429,00,U,44,0,88,888888888,88888888888,2,1,97,1,0,0,0,0,0,0,0,998,0,0,0,8,6,2,12,0,0,0,1,13,30533,6,1,0,0,3,3,73,195,98,0,0,0,0,0,0,0,0,1,28,0,0,0,1,2,45,2,6,2,1,0,0,14,6,1,1,2,64,0,1
13,130657,2,2,3,6,8,19,24,12,6,1,0,13,1,37,32,37032,4,1993,1HGCB7674PA0,1,H,G,C,B,7,6,7,4,P,A,0,0,P,HOND,AEX,4D,93,17,2987,,0,1071,,G,,F,4,132,,,15R195,,,,,,0,0,000000000,00000000000,0,0,0,1,0,0,0,0,0,0,0,998,0,0,0,12,6,2,12,0,0,0,1,13,30506,6,1,0,0,3,0,63,125,98,0,0,0,1,3,2011,3,2011,0,0,0,0,0,1,2,45,3,5,2,1,0,0,14,62,1,1,1,65,1,0
13,130658,1,2,2,6,8,17,31,1,0,1,0,92,0,14,443,14443,20,1997,4M2DV111XVDJ,4,M,2,D,V,1,1,1,X,V,D,J,0,P,MERC,VLR,SV,97,17,4003,,0,1122,,G,,F,6,182,,,15R205,,,,,,0,0,000000000,00000000000,0,0,0,1,0,0,0,0,0,0,0,998,0,0,0,3,4,3,12,0,0,0,1,13,30906,6,1,0,0,3,0,67,200,98,0,0,0,0,0,0,0,0,0,38,0,0,0,1,3,40,1,1,2,1,3,3,11,15,1,1,1,98,0,0
13,130658,2,2,1,6,8,17,31,1,0,1,0,92,5,53,705,53705,80,2007,JS1GN7DA4721,J,S,1,G,N,7,D,A,4,7,2,1,0,M,SUZI,G60,RC,7,17,,,,,,,599,,4,,4,354,,,,,,,0,0,000000000,00000000000,0,0,0,1,0,0,0,0,0,0,0,998,0,0,0,0,4,3,12,0,0,0,1,13,30909,1,1,0,0,2,0,66,230,98,3,0,1,0,9,2009,1,2011,0,0,0,0,0,1,3,40,1,1,2,1,3,3,1,17,9,2,1,98,1,0
13,130659,1,1,2,7,8,8,45,42,0,1,0,13,1,6,52,6052,6,2001,3C8FY4BB31T3,3,C,8,F,Y,4,B,B,3,1,T,3,0,P,CHRY,PTC,SV,1,17,3109,,0,1030,,G,,F,4,148,,,15R195,,,,,,0,0,000000000,00000000000,0,0,0,1,0,0,0,0,0,0,0,998,0,0,0,10,6,2,42,0,0,0,1,13,31014,6,1,0,0,3,0,64,100,98,0,0,0,0,0,0,0,0,0,58,29,0,0,1,2,55,1,1,2,1,0,0,1,13,7,3,4,2,1,0
13,130660,1,1,1,7,8,5,7,8,0,1,0,13,1,87,881,87881,66,1996,1XP5DB8X9TD4,1,X,P,5,D,B,8,X,9,T,D,4,1,T,PTRB,379,TR,96,17,,8,0,0,CON,D,,,6,893,,,,,00000,00,,64,1,13,839274,13839274,3,6,10,1,0,0,0,0,0,0,0,998,0,9,3,12,6,2,8,0,0,0,1,13,30401,6,1,6,0,3,0,70,280,98,0,0,1,2,8,2009,4,2011,0,86,0,0,0,2,2,70,1,1,1,1,0,0,17,12,6,1,4,6,0,0
13,130661,1,1,2,7,8,21,35,38,0,1,0,13,2,37,31,37031,4,2008,1HGFA16848L0,1,H,G,F,A,1,6,8,4,8,L,0,0,P,HOND,UAX,4D,8,17,2806,,0,1063,,G,,F,4,110,,,16R205,,,,,,0,0,000000000,00000000000,0,0,0,1,0,0,0,0,0,0,0,998,0,0,0,12,6,2,42,0,0,0,1,13,30575,6,1,0,0,3,0,65,145,98,0,0,0,0,0,0,0,0,0,29,6,91,58,1,2,35,1,6,2,2,0,0,1,12,99,9,4,1,1,1
13,130662,1,2,1,7,8,18,26,12,2,1,0,13,1,20,2,20002,4,2002,2G1WF55E0291,2,G,1,W,F,5,5,E,0,2,9,1,0,P,CHEV,IMP,4D,2,17,3389,,0,1105,,G,,F,6,207,,,16R225,,,,,,0,0,000000000,00000000000,0,0,0,1,0,0,0,0,0,0,0,998,0,0,0,12,6,2,12,0,0,0,1,13,31021,6,1,0,0,3,3,66,300,98,0,0,0,0,0,0,0,0,1,87,28,0,0,1,2,55,1,1,2,2,0,0,1,10,6,4,2,50,1,0
13,130662,2,2,2,7,8,18,26,12,2,1,0,13,3,37,421,37421,15,2012,5FNYF3H93CB0,5,F,N,Y,F,3,H,9,3,C,B,0,0,P,HOND,PIL,UT,12,17,4365,,0,1092,,G,,F,6,213,,,18R235,,,,,,0,0,000000000,00000000000,0,0,0,1,0,0,0,0,0,0,0,998,0,0,0,12,6,2,12,0,0,0,1,13,31549,6,1,0,0,3,0,64,145,98,0,0,0,0,0,0,0,0,0,0,0,0,0,1,2,55,1,1,2,2,0,0,1,62,1,1,1,51,1,0
13,130663,1,1,1,8,8,21,50,1,0,1,0,13,2,72,706,72706,80,1994,1HD1BML19RY0,1,H,D,1,B,M,L,1,9,R,Y,0,0,M,HD,FLF,RS,94,17,,,,,,,1340,,2,,4,650,,,,,,,0,0,000000000,00000000000,0,0,0,1,0,0,0,0,0,0,0,998,0,0,0,0,6,2,34,0,0,0,1,13,30622,6,1,0,0,3,3,67,190,98,0,0,0,0,0,0,0,0,0,58,29,0,0,1,2,45,2,6,2,2,98,8,14,12,7,9,4,7,1,0
13,130664,1,2,3,9,8,17,24,12,6,1,0,13,2,22,16,22016,2,1995,1G2JB1242S75,1,G,2,J,B,1,2,4,2,S,7,5,0,P,PONT,SFS,CP,95,17,2679,,0,1041,,G,,F,4,133,,,14R195,,,,,,0,0,000000000,00000000000,0,0,0,1,0,0,0,0,0,0,0,998,0,0,0,3,6,2,12,0,0,0,1,13,30655,6,1,0,0,3,0,74,200,98,0,0,0,0,0,0,0,0,0,38,48,0,0,1,2,55,1,6,2,2,98,8,12,53,1,1,1,98,1,0
13,130664,2,2,1,9,8,17,24,12,6,1,0,13,2,20,431,20431,16,2002,1GNEC16Z72J2,1,G,N,E,C,1,6,Z,7,2,J,2,0,P,CHEV,C15,UT,2,17,4914,,0,1300,,F,,F,8,325,,,16R265,,,,,,0,0,000000000,00000000000,0,0,0,1,0,0,0,0,0,0,0,998,0,0,0,12,6,2,12,0,0,0,1,13,30656,6,1,0,0,3,3,70,150,98,0,0,0,0,0,0,0,0,0,0,0,0,0,1,2,55,1,5,2,2,98,8,1,78,1,1,1,98,0,0
13,130665,1,2,1,9,8,4,26,12,1,1,0,92,0,32,43,32043,4,1996,WAUEA88D0TA2,W,A,U,E,A,8,8,D,0,T,A,2,0,P,AUDI,A4Q,4D,96,17,3170,,0,1030,,G,,F,6,169,,,16R205,,,,,,0,0,000000000,00000000000,0,0,0,1,0,0,0,0,0,0,0,998,3,0,0,12,6,2,12,0,0,0,1,13,31537,6,1,0,0,3,0,68,180,98,0,0,0,0,0,0,0,0,1,26,0,0,0,1,2,30,1,1,2,1,20,3,1,50,1,1,1,20,1,1
13,130665,2,2,1,9,8,4,26,12,1,1,0,93,3,98,804,98804,66,1998,2WKPDC2G8WK9,2,W,K,P,D,C,2,G,8,W,K,9,1,T,WSTR,490,TR,98,17,,8,0,0,CNV,D,,,6,733,,,,,00000,00,,64,1,13,2191722,132191722,3,6,10,1,0,0,0,0,0,0,0,0,0,0,0,6,4,1,12,0,0,0,1,13,31537,6,1,6,0,3,0,60,185,98,0,0,0,2,8,2010,6,2011,0,0,0,0,0,1,2,30,1,1,2,1,20,3,5,53,1,1,1,21,0,0
13,130666,1,2,1,9,8,2,59,12,7,1,1,0,0,99,739,99739,90,9999,000000000000,0,0,0,0,0,0,0,0,0,0,0,0,0,,,,,,,,,,,,,,,,,,,,,,,,,0,0,000000000,00000000000,0,0,0,1,0,0,0,0,0,0,0,998,0,1,9,2,4,1,12,0,0,0,1,13,31047,6,1,0,0,1,0,68,235,98,0,0,0,0,0,0,0,0,1,28,0,0,0,1,2,55,1,2,2,1,0,0,1,6,1,1,2,44,0,0
13,130666,2,2,1,9,8,2,59,12,7,1,0,0,0,99,739,99739,90,9999,000000000000,0,0,0,0,0,0,0,0,0,0,0,0,0,,,,,,,,,,,,,,,,,,,,,,,,,0,0,000000000,00000000000,0,0,0,1,0,0,0,0,0,0,0,998,0,1,1,11,6,2,12,0,0,0,1,13,31047,1,1,0,0,1,0,66,140,98,3,0,2,2,11,2009,6,2012,0,0,0,0,0,1,2,55,1,2,2,1,0,0,1,61,1,1,1,45,1,0
13,130667,1,3,1,9,8,14,32,12,6,1,0,13,1,18,2,18002,4,2002,1G4HP54KX2U2,1,G,4,H,P,5,4,K,X,2,U,2,0,P,BUIC,LCF,4D,2,17,3567,,0,1122,,G,,F,6,231,,,15R215,,,,,,0,0,000000000,00000000000,0,0,0,1,0,0,0,0,0,0,0,998,0,0,0,9,6,2,12,0,0,0,1,13,30436,6,1,0,0,3,0,65,142,98,0,0,0,0,0,0,0,0,0,39,0,0,0,1,2,35,1,1,2,2,4,3,1,17,1,1,1,89,1,0
13,130667,2,3,3,9,8,14,32,12,6,1,0,13,2,20,481,20481,31,2007,2GCEK13M5715,2,G,C,E,K,1,3,M,5,7,1,5,0,T,CHEV,1KW,CW,7,17,,2,0,1435,SIL,G,,,8,323,,,,B,5371,00,,44,0,0,000000000,00000000000,0,0,0,1,0,0,0,0,0,0,0,998,0,0,0,12,6,2,12,0,0,0,1,13,30474,6,2,0,0,3,0,74,270,98,0,0,0,0,0,0,0,0,0,0,0,0,0,1,2,35,1,1,2,2,4,3,1,66,1,1,1,88,0,0
13,130667,3,3,2,9,8,14,32,12,6,1,0,13,1,12,481,12481,31,2003,1FTRW07L53KD,1,F,T,R,W,0,7,L,5,3,K,D,0,T,FORD,F1S,CW,3,17,,2,0,1385,COF,G,,,8,330,,,,B,4655,00,U,42,0,0,000000000,00000000000,0,0,0,1,0,0,0,0,0,0,0,998,0,0,0,12,4,1,12,0,0,0,1,13,30436,6,1,0,0,3,0,63,145,98,0,0,0,0,0,0,0,0,0,0,0,0,0,1,2,35,1,1,2,2,4,3,1,66,1,1,1,98,0,0
13,130668,1,1,1,9,8,6,31,8,0,1,0,13,1,12,481,12481,31,2004,1FTPX04554KD,1,F,T,P,X,0,4,5,5,4,K,D,0,T,FORD,F15,4C,4,17,,2,1450,1260,COF,G,,,8,330,,,,B,5490,00,U,44,0,0,000000000,00000000000,0,0,0,1,0,0,0,0,0,0,0,998,0,0,0,11,4,3,8,0,0,0,1,13,31906,6,1,0,0,3,0,69,215,98,0,0,0,0,0,0,0,0,0,86,0,0,0,3,2,45,1,1,2,1,0,0,1,80,1,1,1,13,0,0
13,130669,1,1,1,9,8,16,50,1,0,1,0,13,2,38,402,38402,14,2001,4S2CK58W4143,4,S,2,C,K,5,8,W,4,1,4,3,0,P,ISU,ROD,UT,1,17,3856,,0,1064,,G,,F,6,195,,,16R245,,,,,,0,0,000000000,00000000000,0,0,0,1,0,0,0,0,0,0,0,998,0,1,1,0,6,2,42,0,0,0,1,13,31909,6,1,0,0,3,3,61,159,98,0,0,0,0,0,0,0,0,0,58,29,0,0,2,2,30,1,2,1,1,0,0,1,12,1,3,6,98,1,0
13,130670,1,1,3,9,8,13,38,43,0,1,0,13,1,18,22,18022,4,2012,1G4GC5E33CF3,1,G,4,G,C,5,E,3,3,C,F,3,0,P,BUIC,LAC,4D,12,17,3835,,0,1117,,F,,F,6,220,,,17R245,,,,,,0,0,000000000,00000000000,0,0,0,1,0,0,0,0,0,0,0,998,0,1,5,12,6,2,30,0,0,0,1,13,30224,6,1,0,0,3,0,72,182,98,0,0,0,0,0,0,0,0,0,29,0,0,0,1,2,50,1,2,2,1,0,0,1,12,1,1,4,6,1,0
13,130671,1,1,1,10,8,19,37,43,0,1,0,0,0,76,734,76734,90,2001,JY4AM01351A0,J,Y,4,A,M,0,1,3,5,1,A,0,0,M,YAMA,Y6N,AT,1,17,,,,,,,660,,1,,4,398,,,,,,,0,0,000000000,00000000000,0,0,0,1,0,0,0,0,0,0,0,998,0,0,0,12,6,2,43,0,0,0,1,13,30008,6,1,0,0,1,0,67,150,98,2,0,2,0,9,2009,7,2010,0,6,29,0,0,1,2,25,2,1,2,1,0,0,14,12,1,1,4,6,1,0
13,130672,1,2,1,10,8,13,6,12,6,1,0,13,3,49,46,49046,4,2008,JTDKB20U3877,J,T,D,K,B,2,0,U,3,8,7,7,0,P,TOYT,PRI,4H,8,17,2932,,0,1063,,B,,F,4,091,,,15R185,,,,,,0,0,000000000,00000000000,0,0,0,1,0,0,0,0,0,0,0,998,0,0,0,12,6,2,12,36,0,0,1,13,30215,6,2,0,0,3,0,63,115,98,0,0,0,0,0,0,0,0,0,39,0,0,0,1,4,55,1,2,2,1,3,3,1,17,1,1,1,86,0,0
13,130672,2,2,2,10,8,13,6,12,6,1,0,13,1,37,32,37032,4,2004,3HGCM56304G7,3,H,G,C,M,5,6,3,0,4,G,7,0,P,HOND,ULX,4D,4,17,3113,,0,1079,,G,,F,4,146,,,15R205,,,,,,0,0,000000000,00000000000,0,0,0,1,0,0,0,0,0,0,0,998,0,0,0,3,6,2,12,0,0,0,1,13,30215,6,1,0,0,3,0,75,233,98,0,0,0,1,8,2011,8,2011,0,0,0,0,0,1,2,45,1,2,2,1,3,3,1,17,1,1,1,87,1,0
13,130673,1,2,2,11,8,19,17,12,7,1,0,13,2,20,421,20421,15,2002,1GNEC13V82J2,1,G,N,E,C,1,3,V,8,2,J,2,0,P,CHEV,CTA,UT,2,17,4828,,0,1160,,G,,F,8,293,,,16R265,,,,,,0,0,000000000,00000000000,0,0,0,1,0,0,0,0,0,0,0,998,0,1,1,5,6,2,1,0,0,0,1,13,30037,6,1,0,0,3,0,72,180,98,2,0,0,0,10,2010,3,2011,0,27,38,0,0,3,3,55,1,1,1,1,0,0,15,53,1,1,2,46,1,0
13,130673,2,2,1,11,8,19,17,12,7,1,0,13,2,2,403,2403,14,1997,1J4FY29P9VP4,1,J,4,F,Y,2,9,P,9,V,P,4,0,T,JEEP,SEW,2W,97,17,,1,0,934,W/T,G,,,4,150,,,,,3019,00,E,44,0,0,000000000,00000000000,0,0,0,1,0,0,0,0,0,0,0,998,0,0,0,11,4,3,12,0,0,0,1,13,30315,6,1,0,0,3,0,71,160,98,0,0,0,0,0,0,0,0,0,0,0,0,0,3,3,55,1,1,1,1,0,0,1,60,1,1,1,45,0,0
13,130674,1,1,1,11,8,9,0,42,0,1,0,13,1,12,422,12422,15,2000,1FMRU1561YLB,1,F,M,R,U,1,5,6,1,Y,L,B,0,P,FORD,EPT,UT,0,17,4886,,0,1191,,G,,F,8,281,,,16R255,,,,,,0,0,000000000,00000000000,0,0,0,1,0,0,0,0,0,0,0,998,0,0,0,12,6,2,42,0,0,0,1,13,30558,6,1,0,0,3,3,65,200,98,0,0,0,0,0,0,0,0,0,29,0,0,0,1,2,45,1,1,2,1,0,0,1,12,1,1,4,6,1,0
13,130675,1,1,5,11,8,9,15,42,0,1,0,17,1,35,443,35443,20,2005,5N1BV28UX5N1,5,N,1,B,V,2,8,U,X,5,N,1,0,P,NISS,QST,SV,5,17,3914,,0,1240,,G,,F,6,214,,,16R225,,,,,,0,0,000000000,00000000000,0,0,0,1,0,0,0,0,0,0,0,998,0,0,0,12,6,2,42,0,0,0,1,17,62034,6,1,0,0,3,0,66,155,0,0,0,0,0,0,0,0,0,0,29,0,0,0,3,2,70,1,1,1,1,0,0,1,13,1,1,4,1,2,0
13,130676,1,1,1,12,8,21,30,53,0,1,0,13,1,12,481,12481,31,1997,1FTDX1763VNC,1,F,T,D,X,1,7,6,3,V,N,C,0,T,FORD,F15,3C,97,17,,1,1570,1390,COF,G,,,8,281,,,,B,4045,03,E,42,0,0,000000000,00000000000,0,0,0,1,0,0,0,0,0,0,0,998,0,1,5,11,6,2,1,0,0,0,1,13,31320,1,1,0,0,2,2,73,150,98,2,1,0,1,3,2010,3,2010,0,74,58,29,0,1,2,55,1,1,2,1,0,0,1,12,7,9,4,2,1,1
13,130677,1,2,2,12,8,14,3,12,6,1,0,13,2,48,38,48038,4,1993,JF1GC2447PK5,J,F,1,G,C,2,4,4,7,P,K,5,0,P,SUBA,ILP,4D,93,17,2460,,0,991,,G,,F,4,111,,,15R175,,,,,,0,0,000000000,00000000000,0,0,0,1,0,0,0,0,0,0,0,998,0,0,0,3,6,2,12,0,0,0,1,13,30813,6,1,0,0,3,0,68,220,98,0,0,0,1,6,2011,6,2011,0,38,0,0,0,2,2,55,1,2,2,1,3,3,11,15,1,1,1,68,1,0
13,130677,2,2,1,12,8,14,3,12,6,1,0,13,1,2,405,2405,14,2005,1J4GK58K25W5,1,J,4,G,K,5,8,K,2,5,W,5,0,T,JEEP,LMD,4W,5,17,,1,0,1043,LIB,G,,,6,226,,,,,3695,00,E,42,0,0,000000000,00000000000,0,0,0,1,0,0,0,0,0,0,0,998,0,1,1,12,6,2,12,0,0,0,1,13,30828,6,1,0,0,3,0,68,130,98,0,0,0,0,0,0,0,0,0,0,0,0,0,2,2,55,1,2,2,1,3,3,1,17,1,1,1,69,0,0
13,130678,1,2,1,13,8,8,25,12,1,1,0,13,1,20,481,20481,31,1990,1GCDK14K6LE1,1,G,C,D,K,1,4,K,6,L,E,1,0,T,CHEV,GK1,PK,90,17,,1,1415,1175,GM4,G,,,8,350,,,,B,4117,05,,44,0,0,000000000,00000000000,0,0,0,1,0,0,0,0,0,0,0,998,0,0,0,12,6,2,12,0,0,0,1,13,30731,1,1,0,0,2,0,71,178,98,0,0,1,0,1,2012,1,2012,0,26,0,0,0,1,2,55,1,1,2,1,98,8,1,50,3,2,1,20,0,0
13,130678,2,2,3,13,8,8,25,12,1,1,0,13,1,7,481,7481,31,1987,1B7HD14T1HS3,1,B,7,H,D,1,4,T,1,H,S,3,0,T,DODG,D15,PK,87,17,,2,1310,1150,D15,G,,,8,318,,,,B,3389,01,A,42,0,0,000000000,00000000000,0,0,0,1,0,0,0,0,0,0,0,0,0,0,0,6,6,2,12,0,0,0,1,13,30731,6,1,0,0,3,3,68,180,98,0,0,0,0,0,0,0,0,0,0,0,0,0,1,2,55,1,1,2,1,98,8,5,53,1,1,1,21,1,0
13,130679,1,1,1,13,8,21,55,42,0,1,0,13,3,12,16,12016,4,2003,2FAFP71W83X1,2,F,A,F,P,7,1,W,8,3,X,1,0,P,FORD,CVP,4D,3,17,3946,,0,1147,,G,,F,8,281,,,16R225,,,,,,0,0,000000000,00000000000,0,0,0,1,0,0,0,0,0,1,0,998,0,0,0,3,6,2,42,0,0,0,1,13,30260,6,1,0,0,3,0,71,320,98,2,0,1,1,9,2011,6,2012,1,29,0,0,0,6,2,55,1,1,1,2,0,0,1,12,99,9,4,7,1,0
13,130680,1,1,1,13,8,23,15,1,0,1,0,13,2,2,404,2404,14,1996,1J4FT78S9TL1,1,J,4,F,T,7,8,S,9,T,L,1,0,T,JEEP,CTY,4W,96,17,,1,0,1014,CHK,G,,,6,242,,,,,2848,00,M,42,0,0,000000000,00000000000,0,0,0,1,0,0,0,0,0,0,0,998,0,2,5,0,6,2,1,0,0,0,1,13,30058,1,1,0,0,2,0,71,165,98,0,0,0,0,0,0,0,0,0,29,0,0,0,6,1,30,2,6,2,1,0,0,14,12,99,4,4,7,1,0
13,130681,1,1,4,13,8,1,0,42,0,1,0,13,2,20,481,20481,31,2012,1GC1KYE89CF1,1,G,C,1,K,Y,E,8,9,C,F,1,0,T,CHEV,2K3,CW,12,17,,2,1677,1537,SIL,D,,,8,403,,,,C,7208,02,,44,0,0,000000000,00000000000,0,0,0,1,0,0,0,0,0,0,0,998,0,0,0,3,4,1,42,0,0,0,1,13,30540,6,1,0,0,3,0,71,150,98,1,0,1,0,12,2009,5,2012,0,29,0,0,0,1,2,35,3,2,4,1,0,0,14,13,1,1,4,1,1,0
13,130682,1,1,1,13,8,10,12,42,0,1,0,13,1,12,3,12003,1,2004,1FAFP44644F1,1,F,A,F,P,4,4,6,4,4,F,1,0,P,FORD,MUS,CV,4,17,3254,,0,1013,,G,,F,6,238,,,16R225,,,,,,0,0,000000000,00000000000,0,0,0,1,0,0,0,0,0,0,0,998,0,0,0,10,6,2,42,0,0,0,1,13,31822,6,1,0,0,3,3,65,155,98,0,0,0,0,0,0,0,0,0,29,0,0,0,1,2,55,3,6,2,1,0,0,14,13,7,3,4,1,1,0
13,130683,1,1,1,13,8,22,26,8,0,1,0,13,1,20,481,20481,31,2005,1GCEC14V75Z2,1,G,C,E,C,1,4,V,7,5,Z,2,0,T,CHEV,SC1,PK,5,17,,2,1330,1190,SIL,G,,,8,293,,,,B,4225,00,,42,0,0,000000000,00000000000,0,0,0,1,0,0,0,0,0,0,0,998,0,0,0,12,2,3,8,0,0,0,1,13,31064,6,1,5,0,3,0,72,160,98,2,0,1,1,7,2012,7,2012,0,86,0,0,0,1,2,55,1,1,2,1,98,8,1,80,1,1,1,13,0,0
13,130684,1,1,1,14,8,1,2,42,0,1,0,13,1,12,481,12481,31,1997,1FTDX0866VKB,1,F,T,D,X,0,8,6,6,V,K,B,0,T,FORD,F15,3C,97,17,,1,0,1390,COF,G,,,8,281,,,,B,4635,00,E,44,0,0,000000000,00000000000,0,0,0,1,0,0,0,0,0,0,0,998,0,0,0,11,6,2,42,0,0,0,1,13,30064,6,1,0,0,3,0,72,190,98,2,0,0,3,3,2010,4,2012,0,29,0,0,0,1,3,55,1,5,2,1,0,0,1,12,1,1,4,6,1,0
13,130685,1,1,1,14,8,22,21,8,0,1,0,13,1,49,40,49040,4,1992,4T1SK12E3NU0,4,T,1,S,K,1,2,E,3,N,U,0,0,P,TOYT,CLE,4D,92,17,3053,,0,1031,,G,,F,4,132,,,000000,,,,,,0,0,000000000,00000000000,0,0,0,1,0,0,0,0,0,0,0,998,0,0,0,12,6,2,8,0,0,0,1,13,30236,6,1,0,0,3,3,67,230,98,0,0,0,0,0,0,0,0,0,86,0,0,0,3,2,45,1,1,2,1,0,0,1,80,1,1,1,13,0,0
13,130686,1,2,1,14,8,3,26,12,8,1,0,13,1,20,481,20481,31,1984,1GCEC14H6EF3,1,G,C,E,C,1,4,H,6,E,F,3,0,T,CHEV,C10,PK,84,17,,2,1315,1175,C10,G,,,8,305,,,,B,3314,08,,42,0,0,000000000,00000000000,0,0,0,1,0,0,0,0,0,0,0,998,0,0,0,11,6,2,12,0,0,0,1,13,39817,6,1,0,0,3,3,67,122,98,0,0,0,0,0,0,0,0,0,28,0,0,0,1,2,55,1,6,2,1,0,0,1,10,1,1,2,64,1,0
13,130686,2,2,1,14,8,3,26,12,8,1,0,93,3,84,881,84881,66,2005,3HSCESBR35N1,3,H,S,C,E,S,B,R,3,5,N,1,1,T,INTL,92I,TR,5,17,,8,0,0,920,D,,,6,763,,,,,00000,00,,64,1,13,1396947,131396947,3,6,1,1,0,0,0,0,0,0,0,998,0,0,0,8,2,1,12,0,0,0,1,13,31730,6,1,6,0,3,0,75,205,98,0,0,0,0,0,0,0,0,0,0,0,0,0,1,2,55,1,5,2,1,0,0,1,62,7,1,2,65,0,0
13,130687,1,2,1,14,8,6,36,12,6,1,0,13,1,7,482,7482,31,2000,1B7HC16Y1YS5,1,B,7,H,C,1,6,Y,1,Y,S,5,0,T,DODG,150,PK,0,17,,2,1347,1187,RPC,G,,,8,318,,,,B,3994,02,U,42,0,0,000000000,00000000000,0,0,0,1,0,0,0,0,0,0,0,998,3,1,1,12,6,2,12,0,0,0,1,13,30233,6,1,0,0,3,3,69,300,98,0,0,0,0,0,0,0,0,0,28,0,0,0,1,2,45,2,6,2,1,0,0,14,10,1,1,2,64,1,0
13,130687,2,2,1,14,8,6,36,12,6,1,0,5,3,87,881,87881,66,2011,1XPWDB9X2BD1,1,X,P,W,D,B,9,X,2,B,D,1,1,T,PTRB,388,TR,11,17,,8,0,0,CON,D,,,6,893,,,,,00000,00,,64,1,5,0006645,050006645,3,6,1,1,0,0,0,0,0,0,0,998,0,0,0,7,6,2,12,0,0,0,1,13,31803,6,1,6,0,3,0,67,245,98,0,0,0,0,0,0,0,0,0,0,0,0,0,1,2,45,3,5,2,1,0,0,14,62,1,1,1,65,0,0
13,130688,1,2,1,15,8,4,17,12,2,1,0,13,2,20,25,20025,4,2012,1G1PJ5SCXC71,1,G,1,P,J,5,S,C,X,C,7,1,0,P,CHEV,CEO,4D,12,17,3009,,0,1057,,G,,T,4,085,,,17R215,,,,,,0,0,000000000,00000000000,0,0,0,1,0,0,0,0,0,0,0,998,0,0,0,12,6,2,12,0,0,0,1,13,30274,6,1,6,0,3,0,75,230,98,0,0,0,1,6,2012,6,2012,0,0,0,0,0,3,3,55,2,1,2,1,0,0,14,54,99,9,3,52,1,1