STATE,ST_CASE,VEH_NO,VE_FORMS,NUMOCCS,DAY,MONTH,HOUR,MINUTE,HARM_EV,MAN_COLL,UNITTYPE,HIT_RUN,REG_STAT,OWNER,MAKE,MODEL,MAK_MOD,BODY_TYP,MOD_YEAR,VIN,VIN_1,VIN_2,VIN_3,VIN_4,VIN_5,VIN_6,VIN_7,VIN_8,VIN_9,VIN_10,VIN_11,VIN_12,TOW_VEH,VINTYPE,VINMAKE,VINA_MOD,VIN_BT,VINMODYR,VIN_LNGT,VIN_WGT,WGTCD_TR,WHLBS_LG,WHLBS_SH,SER_TR,FUELCODE,MCYCL_DS,CARBUR,CYLINDER,DISPLACE,MCYCL_CY,MCYCL_WT,TIRE_SZE,TON_RAT,TRK_WT,TRKWTVAR,VIN_REST,WHLDRWHL,J_KNIFE,MCARR_I1,MCARR_I2,MCARR_ID,GVWR,V_CONFIG,CARGO_BT,HAZ_INV,HAZ_PLAC,HAZ_ID,HAZ_CNO,HAZ_REL,BUS_USE,SPEC_USE,EMER_USE,TRAV_SP,UNDERIDE,ROLLOVER,ROLINLOC,IMPACT1,DEFORMED,TOWED,M_HARM,VEH_SC1,VEH_SC2,FIRE_EXP,DR_PRES,L_STATE,DR_ZIP,L_STATUS,L_TYPE,CDL_STAT,L_ENDORS,L_COMPL,L_RESTRI,DR_HGT,DR_WGT,PREV_ACC,PREV_SUS,PREV_DWI,PREV_SPD,PREV_OTH,FIRST_MO,FIRST_YR,LAST_MO,LAST_YR,SPEEDREL,DR_SF1,DR_SF2,DR_SF3,DR_SF4,VTRAFWAY,VNUM_LAN,VSPD_LIM,VALIGN,VPROFILE,VPAVETYP,VSURCOND,VTRAFCON,VTCONT_F,P_CRASH1,P_CRASH2,P_CRASH3,PCRASH4,PCRASH5,ACC_TYPE,DEATHS,DR_DRINK
13,130869,1,2,1,11,10,22,8,12,6,1,0,13,1,73,709,73709,80,2006,JKBZXNA1X6A0,J,K,B,Z,X,N,A,1,X,6,A,0,0,M,KAWK,X4A,RC,6,17,,,,,,,1352,,4,,4,474,,,,,,,0,0,000000000,00000000000,0,0,0,1,0,0,0,0,0,0,0,998,0,0,0,12,6,2,12,0,0,0,1,13,30236,6,1,0,0,3,0,72,280,98,0,0,0,0,0,0,0,0,1,28,0,0,0,1,4,35,1,3,2,1,0,0,1,62,1,1,2,69,1,0
13,130869,2,2,1,11,10,22,8,12,6,1,0,13,1,58,36,58036,4,2003,JNKDA31A43T1,J,N,K,D,A,3,1,A,4,3,T,1,0,P,INFI,I35,4D,3,17,3801,,0,1130,,G,,F,6,214,,,17R215,,,,,,0,0,000000000,00000000000,0,0,0,1,0,0,0,0,0,0,0,998,0,0,0,9,4,3,12,0,0,0,1,13,30291,6,1,0,0,3,3,74,195,98,1,0,2,0,10,2010,2,2011,0,0,0,0,0,1,4,35,1,3,2,1,0,0,11,15,1,1,1,68,0,0
13,130870,1,2,1,11,10,21,55,12,6,1,0,13,1,12,471,12471,30,2003,1FTYR14V33PA,1,F,T,Y,R,1,4,V,3,3,P,A,0,T,FORD,RNS,PC,3,17,,1,0,1257,RNG,F,,,6,182,,,,B,3085,00,U,42,0,0,000000000,00000000000,0,0,0,1,0,0,0,0,0,0,0,998,0,0,0,10,6,2,12,0,0,0,1,13,30906,6,1,0,0,3,3,71,185,98,0,0,0,0,0,0,0,0,0,38,0,0,0,1,2,25,1,1,2,1,20,3,11,15,1,1,1,82,1,0
13,130870,2,2,1,11,10,21,55,12,6,1,0,13,1,20,2,20002,4,2004,2G1WF52EX491,2,G,1,W,F,5,2,E,X,4,9,1,0,P,CHEV,IMP,4D,4,17,3389,,0,1105,,G,,F,6,207,,,16R225,,,,,,0,0,000000000,00000000000,0,0,0,1,0,0,0,0,0,0,0,998,0,0,0,12,6,2,12,0,0,0,1,13,30906,2,1,0,0,2,0,74,178,98,0,0,0,0,0,0,0,0,0,91,0,0,0,5,4,45,1,1,2,1,0,0,1,66,3,2,1,83,0,1
13,130871,1,1,4,12,10,19,54,8,0,1,0,13,1,7,442,7442,20,2007,2D4GP44L87R2,2,D,4,G,P,4,4,L,8,7,R,2,0,T,DODG,GSX,ES,7,17,,1,0,1193,CAR,G,,,6,232,,,,,4252,00,E,42,0,0,000000000,00000000000,0,0,0,1,0,0,0,0,0,0,0,998,0,0,0,12,4,1,8,0,0,0,1,13,30153,6,1,0,0,3,3,73,225,98,0,0,0,1,10,2011,10,2011,0,86,0,0,0,1,2,45,1,1,2,1,0,0,1,80,1,1,1,13,0,0
13,130872,1,1,1,12,10,6,51,42,0,1,0,13,2,20,473,20473,30,2005,1GCDT1366582,1,G,C,D,T,1,3,6,6,5,8,2,0,T,CHEV,RDO,CW,5,17,,1,0,1260,CAL,G,,,5,214,,,,,3802,00,,44,0,0,000000000,00000000000,0,0,0,1,0,0,0,0,0,0,0,998,0,0,0,9,6,2,42,0,0,0,1,13,30467,6,1,0,0,3,0,71,150,98,0,0,0,0,0,0,0,0,1,29,0,0,0,1,2,35,2,1,2,1,0,0,14,6,7,2,4,7,1,1
13,130873,1,1,1,13,10,16,50,9,0,1,0,13,2,12,481,12481,31,2000,1FTRX18L9YNA,1,F,T,R,X,1,8,L,9,Y,N,A,0,T,FORD,F15,4C,0,17,,2,1574,1388,COF,G,,,8,330,,,,B,4611,04,U,44,0,0,000000000,00000000000,0,0,0,1,0,0,0,0,0,0,0,998,0,0,0,11,2,1,9,32,0,0,1,13,31503,6,1,0,0,3,3,73,330,98,0,0,0,0,0,0,0,0,0,86,0,0,0,1,2,45,1,1,2,1,0,0,1,80,1,1,1,13,0,0
13,130874,1,1,2,14,10,1,40,42,0,1,0,13,1,12,13,12013,4,1997,1FALP13P3VW2,1,F,A,L,P,1,3,P,3,V,W,2,0,P,FORD,EST,4D,97,17,2503,,0,984,,G,,F,4,122,,,14R185,,,,,,0,0,000000000,00000000000,0,0,0,1,0,0,0,0,0,0,0,998,0,0,0,3,6,2,42,0,0,0,1,13,39817,6,1,0,0,3,0,65,118,98,0,0,0,3,3,2012,7,2012,0,58,29,0,0,1,2,55,1,6,2,1,0,0,1,12,7,3,4,7,1,1
13,130875,1,1,1,20,9,12,20,1,0,1,0,13,1,37,709,37709,89,2006,1HFSC47H56A5,1,H,F,S,C,4,7,H,5,6,A,5,0,M,HOND,GL8,RS,6,17,,,,,,,1832,,6,,4,822,,,,,,,0,0,000000000,00000000000,0,0,0,1,0,0,0,0,0,0,0,998,0,0,0,0,6,2,1,0,0,0,1,13,31822,6,1,0,0,3,0,70,190,98,2,0,3,0,5,2010,6,2012,0,28,0,0,0,1,2,45,3,5,2,1,0,0,14,13,1,1,4,1,1,0
13,130876,1,3,2,5,10,9,3,12,6,1,0,49,2,49,43,49043,4,1999,4T1BF18B9XU3,4,T,1,B,F,1,8,B,9,X,U,3,0,P,TOYT,UVS,4D,99,17,3340,,0,1071,,G,,F,6,183,,,15R205,,,,,,0,0,000000000,00000000000,0,0,0,1,0,0,0,0,0,0,0,998,0,0,0,3,6,2,12,0,0,0,1,99,99999,9,9,99,9,9,9,999,999,99,99,99,99,99,99,9999,99,9999,0,38,0,0,0,1,4,45,1,1,2,1,3,3,11,15,1,1,1,68,1,0
13,130876,2,3,1,5,10,9,3,12,6,1,0,13,3,82,881,82881,62,2006,1FVACWDC66HV,1,F,V,A,C,W,D,C,6,6,H,V,0,T,FRHT,16M,CC,6,17,,6,0,0,FM2,D,,,6,439,,,,,00000,00,,42,0,57,2288704,572288704,2,1,1,1,0,0,0,0,0,0,0,998,0,0,0,12,6,2,12,0,0,0,1,13,30046,6,1,0,0,3,0,67,160,98,0,0,0,0,0,0,0,0,0,0,0,0,0,1,4,45,1,1,2,1,3,3,1,62,9,1,1,69,0,0
13,130876,3,3,2,5,10,9,3,12,6,1,0,13,1,2,405,2405,14,2009,1J8GP28K19W5,1,J,8,G,P,2,8,K,1,9,W,5,0,T,JEEP,SPR,4W,9,17,,1,0,1061,LIB,G,,,6,225,,,,,3985,00,3,42,0,0,000000000,00000000000,0,0,0,1,0,0,0,0,0,0,0,998,0,0,0,12,6,2,12,0,0,0,1,13,30045,6,1,0,0,3,0,62,120,98,0,0,1,0,10,2010,10,2010,0,0,0,0,0,1,4,45,1,1,2,1,3,3,1,78,1,1,1,98,0,0
13,130877,1,2,1,9,10,19,28,12,6,1,0,13,1,49,40,49040,4,2012,4T1BF1FK1CU0,4,T,1,B,F,1,F,K,1,C,U,0,0,P,TOYT,CBA,4D,12,17,3190,,0,1093,,G,,F,4,152,,,16R205,,,,,,0,0,000000000,00000000000,0,0,0,1,0,0,0,0,0,0,0,998,0,0,0,5,4,3,12,0,0,0,1,13,30504,6,1,0,0,3,3,62,190,98,0,0,0,0,0,0,0,0,0,99,99,99,99,1,2,45,1,2,2,1,0,0,11,15,1,1,1,68,0,0
13,130877,2,2,1,9,10,19,28,12,6,1,0,13,1,76,705,76705,80,1988,JYA3ALE01JA0,J,Y,A,3,A,L,E,0,1,J,A,0,0,M,YAMA,XV7,RS,88,17,,,,,,,749,,2,,4,483,,,,,,,0,0,000000000,00000000000,0,0,0,1,0,0,0,0,0,0,0,998,0,0,0,12,6,2,12,0,0,0,1,13,30504,6,1,0,0,3,3,74,225,98,2,0,1,3,1,2010,8,2012,0,99,99,99,99,1,2,45,1,1,2,1,0,0,1,62,1,1,1,69,1,1
13,130878,1,2,1,13,10,15,10,12,2,1,0,13,1,72,706,72706,80,2006,1HD1KBW146Y7,1,H,D,1,K,B,W,1,4,6,Y,7,0,M,HD,FHI,RS,6,17,,,,,,,1450,,2,,4,745,,,,,,,0,0,000000000,00000000000,0,0,0,1,0,0,0,0,0,0,0,998,0,0,0,12,6,2,12,0,0,0,1,13,30016,6,1,0,0,3,0,71,175,98,0,0,0,0,0,0,0,0,0,0,0,0,0,1,2,55,1,1,2,1,28,3,1,10,1,1,2,50,1,1
13,130878,2,2,1,13,10,15,10,12,2,1,0,13,3,12,461,12461,21,2009,1FTSE34L69DA,1,F,T,S,E,3,4,L,6,9,D,A,0,T,FORD,3SD,CG,9,17,,2,0,1380,VAN,G,,,8,330,,,,B,5261,00,E,42,0,0,000000000,00000000000,0,0,0,1,0,0,0,0,0,0,0,998,0,0,0,12,6,2,12,0,0,0,1,13,30014,6,1,0,0,3,0,68,171,98,0,0,0,0,0,0,0,0,0,0,0,0,0,1,2,55,1,1,2,1,28,3,1,62,1,1,1,51,0,0
13,130879,1,1,1,14,10,3,23,1,0,1,0,22,1,76,705,76705,80,2003,JYARJ06E53A0,J,Y,A,R,J,0,6,E,5,3,A,0,0,M,YAMA,R6L,RC,3,17,,,,,,,599,,4,,4,357,,,,,,,0,0,000000000,00000000000,0,0,0,1,0,0,0,0,0,0,0,998,0,0,0,0,6,2,1,0,0,0,1,13,30010,1,1,0,0,2,0,71,160,98,3,0,0,4,6,2010,7,2012,0,0,0,0,0,3,4,55,1,2,2,1,0,0,1,9,1,1,1,98,1,0
13,130880,1,2,1,14,10,20,5,12,2,1,0,13,1,37,31,37031,2,2002,1HGEM22522L0,1,H,G,E,M,2,2,5,2,2,L,0,0,P,HOND,UCL,CP,2,17,2496,,0,1031,,G,,F,4,102,,,14R185,,,,,,0,0,000000000,00000000000,0,0,0,1,0,0,0,0,0,0,0,998,0,0,0,12,6,2,12,0,0,0,1,13,31320,6,1,0,0,3,1,62,170,98,0,0,0,0,0,0,0,0,0,0,0,0,0,1,2,55,2,1,2,1,0,0,14,10,1,1,2,50,1,0
13,130880,2,2,1,14,10,20,5,12,2,1,0,13,2,12,401,12401,14,1996,1FMDU32X7TZB,1,F,M,D,U,3,2,X,7,T,Z,B,0,P,FORD,EPR,UT,96,17,3952,,0,1115,,G,,F,6,245,,,15R225,,,,,,0,0,000000000,00000000000,0,0,0,1,0,0,0,0,0,0,0,998,0,0,0,12,6,2,12,0,0,0,1,13,31545,6,1,0,0,3,0,66,165,98,0,0,0,0,0,0,0,0,0,0,0,0,0,1,2,55,3,1,2,1,0,0,14,62,1,1,1,51,0,0
13,130881,1,1,1,14,10,0,42,8,0,1,0,94,3,12,16,12016,4,2007,2FAFP71W97X1,2,F,A,F,P,7,1,W,9,7,X,1,0,P,FORD,CVP,4D,7,17,4129,,0,1146,,G,,F,8,281,,,17R235,,,,,,0,0,000000000,00000000000,0,0,0,1,0,0,0,0,0,0,0,998,0,0,0,12,6,2,8,0,0,0,1,13,31904,6,1,0,0,3,0,72,175,98,0,0,0,0,0,0,0,0,1,16,0,0,0,1,3,35,2,1,2,1,0,0,14,80,1,1,1,13,0,0
13,130882,1,1,1,14,10,99,99,23,0,1,0,13,1,12,481,12481,31,2003,1FTNW21P03EC,1,F,T,N,W,2,1,P,0,3,E,C,0,T,FORD,F2S,CW,3,17,,2,1724,1562,SRW,D,,,8,366,,,,C,5870,04,E,44,0,0,000000000,00000000000,0,0,0,1,0,0,0,0,0,0,0,998,0,1,6,14,6,2,1,0,0,0,1,13,30295,6,1,0,0,3,0,70,160,98,2,0,2,0,11,2010,8,2012,0,0,0,0,0,1,2,45,1,1,2,1,0,0,1,12,1,1,4,6,1,1
13,130883,1,1,1,15,10,1,36,8,0,1,0,13,3,12,402,12402,14,2013,1FMCU0HX3DUA,1,F,M,C,U,0,H,X,3,D,U,A,0,P,FORD,SPE,UT,13,17,3502,,0,1031,,G,,T,4,098,,,18R235,,,,,,0,0,000000000,00000000000,0,0,0,1,0,0,0,0,0,0,0,998,0,0,0,12,4,3,8,0,0,0,1,13,30127,6,1,0,0,3,3,65,230,98,1,0,2,2,7,2010,10,2010,0,0,0,0,0,3,2,45,1,1,2,1,0,0,15,80,1,1,1,13,0,0
13,130884,1,4,1,15,10,23,20,12,6,1,0,12,3,82,881,82881,66,2012,1FUJGMBGXCDB,1,F,U,J,G,M,B,G,X,C,D,B,1,T,FRHT,COR,TR,12,17,,8,0,0,CON,D,,,6,915,,,,,00000,00,,64,3,57,1958150,571958150,3,6,1,1,0,0,0,0,0,0,0,998,0,1,1,12,6,2,12,0,0,0,1,12,32808,6,1,6,0,3,0,73,999,0,0,0,0,1,4,2012,4,2012,0,39,0,0,0,1,4,55,1,1,2,1,3,3,1,17,1,1,1,88,0,0
13,130884,2,4,2,15,10,23,20,12,6,1,0,48,2,49,44,49044,2,2003,2T1CF22P03C6,2,T,1,C,F,2,2,P,0,3,C,6,0,P,TOYT,CEE,CP,3,17,3164,,0,1051,,G,,F,6,183,,,15R205,,,,,,0,0,000000000,00000000000,0,0,0,1,0,0,0,0,0,0,0,998,0,0,0,9,6,2,12,0,0,0,1,6,94536,6,1,0,0,3,3,73,200,0,1,0,1,1,7,2011,9,2011,0,0,0,0,0,1,2,45,1,1,2,1,3,3,1,66,1,1,1,89,1,0
13,130884,3,4,2,15,10,23,20,12,6,1,0,13,1,35,47,35047,4,2006,1N4AL11D26N3,1,N,4,A,L,1,1,D,2,6,N,3,0,P,NISS,ASL,4D,6,17,2915,,0,1102,,G,,F,4,153,,,16R215,,,,,,0,0,000000000,00000000000,0,0,0,1,0,0,0,0,0,0,0,0,0,0,0,12,6,2,12,0,0,0,1,13,30349,6,1,0,0,3,0,65,255,98,0,0,1,0,7,2010,7,2010,0,0,0,0,0,1,4,55,1,1,2,1,3,3,5,78,1,1,1,98,0,0
13,130884,4,4,1,15,10,23,20,12,6,1,0,13,1,49,40,49040,4,2007,4T1BE46K17U0,4,T,1,B,E,4,6,K,1,7,U,0,0,P,TOYT,CMB,4D,7,17,3108,,0,1093,,G,,F,4,146,,,15R205,,,,,,0,0,000000000,00000000000,0,0,0,1,0,0,0,0,0,0,0,998,0,0,0,11,6,2,12,0,0,0,1,13,30331,6,1,0,0,3,0,73,180,98,0,0,0,2,7,2010,3,2011,0,0,0,0,0,1,4,55,1,1,2,1,3,3,1,78,1,1,1,98,0,0
13,130885,1,1,7,16,10,13,5,42,0,1,0,13,2,6,441,6441,20,1996,1C4GP54L9TB2,1,C,4,G,P,5,4,L,9,T,B,2,0,T,CHRY,TWC,ES,96,17,,1,0,1193,TWC,G,,,6,230,,,,,3838,00,,42,0,0,000000000,00000000000,0,0,0,1,0,0,0,0,0,0,0,998,0,1,6,12,6,2,42,0,0,0,1,13,30507,6,1,0,0,3,0,65,185,98,0,0,0,0,0,0,0,0,0,0,0,0,0,1,2,45,1,6,2,1,28,3,1,13,1,1,4,1,2,0
13,130886,1,1,1,17,10,21,32,8,0,1,0,13,2,35,47,35047,4,1997,1N4BU31D0VC1,1,N,4,B,U,3,1,D,0,V,C,1,0,P,NISS,AGS,4D,97,17,2756,,0,1031,,G,,F,4,146,,,15R205,,,,,,0,0,000000000,00000000000,0,0,0,1,0,0,0,0,0,0,0,998,0,0,0,12,6,2,8,0,0,0,1,13,30115,6,1,0,0,3,1,65,180,98,0,0,0,0,0,0,0,0,0,0,0,0,0,2,4,55,1,1,2,1,0,0,1,80,1,1,1,13,0,0
13,130887,1,2,1,18,10,8,6,12,6,1,0,13,1,35,50,35050,4,2010,3N1BC1AP4AL3,3,N,1,B,C,1,A,P,4,A,L,3,0,P,NISS,VSL,4D,10,17,2671,,0,1024,,G,,F,4,110,,,15R185,,,,,,0,0,000000000,00000000000,0,0,0,1,0,0,0,0,0,0,0,998,0,0,0,3,6,2,12,0,0,0,1,13,30252,6,1,0,0,3,0,66,160,98,0,0,1,0,6,2011,6,2011,0,87,0,0,0,1,2,25,3,2,2,2,0,0,14,10,1,1,2,66,1,0
13,130887,2,2,2,18,10,8,6,12,6,1,0,13,2,41,50,41050,4,2007,1YVHP80C175M,1,Y,V,H,P,8,0,C,1,7,5,M,0,P,MAZD,M6I,4D,7,17,3091,,0,1053,,G,,F,4,138,,,16R205,,,,,,0,0,000000000,00000000000,0,0,0,1,0,0,0,0,0,0,0,998,0,0,0,12,6,2,12,0,0,0,1,13,30058,6,1,0,0,3,0,71,225,98,0,0,0,0,0,0,0,0,0,0,0,0,0,1,2,25,2,2,2,2,0,0,14,62,1,1,1,66,0,0
13,130888,1,2,1,18,10,12,40,12,1,1,0,13,3,86,881,86881,63,2000,1M2AA13C9YW1,1,M,2,A,A,1,3,C,9,Y,W,1,0,T,MACK,CH6,CC,0,17,,8,0,0,600,D,,,6,728,,,,,00000,00,,64,0,57,2006088,572006088,3,2,4,1,0,0,0,0,0,0,0,998,0,0,0,6,4,1,12,0,0,0,1,13,31217,6,1,6,0,3,0,69,150,98,1,0,0,0,7,2010,7,2010,0,38,0,0,0,1,4,55,1,1,2,1,0,0,1,53,1,1,1,25,0,0
13,130888,2,2,1,18,10,12,40,12,1,1,0,13,2,12,4,12004,2,1994,1FALP62WXRH1,1,F,A,L,P,6,2,W,X,R,H,1,0,P,FORD,THL,2D,94,17,3570,,0,1130,,G,,F,8,281,,,15R205,,,,,,0,0,000000000,00000000000,0,0,0,1,0,0,0,0,0,0,0,998,0,0,0,12,6,2,12,0,0,0,1,13,31046,6,1,0,0,3,3,72,160,98,4,0,3,1,12,2009,8,2011,0,0,0,0,0,2,4,55,1,1,2,1,0,0,1,51,1,1,1,24,1,0
13,130889,1,1,1,19,10,12,43,24,0,1,0,13,2,2,402,2402,14,1974,J4F835TA4553,J,4,F,8,3,5,T,A,4,5,5,3,0,T,AMER,CJ5,UT,74,13,,1,0,840,JEE,G,,,6,258,,,,,2412,01,,44,0,0,000000000,00000000000,0,0,0,1,0,0,0,0,0,0,0,998,0,0,0,12,6,2,43,0,0,0,1,13,30540,6,1,0,0,3,0,72,250,98,0,0,0,0,0,0,0,0,0,0,0,0,0,1,3,45,1,6,2,1,0,0,1,10,1,1,4,6,1,0
13,130890,1,1,4,20,10,23,20,1,0,1,0,13,1,12,481,12481,31,2003,1FTRX07293KC,1,F,T,R,X,0,7,2,9,3,K,C,0,T,FORD,F15,4C,3,17,,2,0,1385,COF,G,,,6,256,,,,B,4236,04,U,42,0,0,000000000,00000000000,0,0,0,1,0,0,0,0,0,0,0,998,0,1,6,0,6,2,42,0,0,0,1,13,31030,6,1,0,0,3,0,70,180,98,4,0,2,2,12,2009,8,2012,0,0,0,0,0,5,4,45,1,5,2,1,28,3,1,12,1,4,4,7,1,1
13,130891,1,1,1,20,10,17,15,34,0,1,0,13,2,22,18,22018,4,2000,1G2NF52T0YM7,1,G,2,N,F,5,2,T,0,Y,M,7,0,P,PONT,SE1,4D,0,17,3116,,0,1070,,G,,F,4,146,,,15R215,,,,,,0,0,000000000,00000000000,0,0,0,1,0,0,0,0,0,0,0,998,0,1,6,9,6,2,40,0,0,0,1,13,30517,6,1,0,0,3,0,65,165,98,0,0,0,0,0,0,0,0,0,58,0,0,0,1,2,45,3,3,2,1,28,3,14,13,6,3,4,2,1,1
13,130892,1,1,4,20,10,1,21,5,0,1,0,0,0,98,739,98739,90,2010,000000000000,0,0,0,0,0,0,0,0,0,0,0,0,0,,,,,,,,,,,,,,,,,,,,,,,,,0,0,000000000,00000000000,0,0,0,1,0,0,0,0,0,0,0,998,0,0,0,0,0,1,5,0,0,0,1,13,31021,0,0,0,0,0,0,999,999,98,0,0,0,0,0,0,0,0,0,0,0,0,0,1,2,45,1,2,2,1,0,0,1,98,1,1,1,0,1,0
13,130893,1,1,1,20,10,0,14,53,0,1,0,13,1,12,401,12401,14,1996,1FMDU32X5TUB,1,F,M,D,U,3,2,X,5,T,U,B,0,P,FORD,EPR,UT,96,17,3952,,0,1115,,G,,F,6,245,,,15R225,,,,,,0,0,000000000,00000000000,0,0,0,1,0,0,0,0,0,0,0,998,0,1,6,12,6,2,1,0,0,0,1,13,30815,6,1,6,0,3,0,71,197,98,0,0,0,1,2,2011,2,2011,0,58,0,0,0,1,2,45,1,1,2,1,0,0,1,13,1,1,4,1,1,1
13,130894,1,1,1,21,10,16,21,1,0,1,0,1,2,12,401,12401,14,1999,1FMZU35P9XZB,1,F,M,Z,U,3,5,P,9,X,Z,B,0,P,FORD,EPR,UT,99,17,4347,,0,1116,,G,,F,8,302,,,15R225,,,,,,0,0,000000000,00000000000,0,0,0,1,0,0,0,0,0,0,0,998,0,2,2,0,6,2,1,0,0,0,1,1,36274,6,1,0,0,3,1,69,210,0,0,0,0,0,0,0,0,0,0,58,0,0,0,1,2,55,1,1,2,1,0,0,1,12,1,1,4,6,1,0
13,130895,1,1,1,22,10,1,34,42,0,1,0,5,3,82,881,82881,66,2012,1FUJGLDR1CSB,1,F,U,J,G,L,D,R,1,C,S,B,1,T,FRHT,125,TR,12,17,,8,0,0,CSC,D,,,6,903,,,,,00000,00,,64,1,57,345951,57345951,3,6,1,1,0,0,0,0,0,0,0,998,0,0,0,12,6,2,42,0,0,0,1,47,38068,6,1,6,1,3,0,73,250,0,0,0,0,0,0,0,0,0,0,0,0,0,0,2,4,70,1,1,2,1,0,0,1,13,1,1,4,1,1,0
13,130896,1,2,1,23,10,14,7,33,0,1,0,13,1,35,47,35047,4,1998,1N4DL01D7WC2,1,N,4,D,L,0,1,D,7,W,C,2,0,P,NISS,AGS,4D,98,17,2766,,0,1031,,G,,F,4,146,,,15R195,,,,,,0,0,000000000,00000000000,0,0,0,1,0,0,0,0,0,0,0,998,0,0,0,12,6,2,12,0,0,0,1,13,31404,6,1,6,0,3,3,63,145,98,0,0,0,1,5,2011,5,2011,0,0,0,0,0,2,4,45,3,2,2,1,0,0,14,10,1,1,4,98,0,0
13,130896,2,2,1,23,10,14,7,33,0,1,0,13,1,48,38,48038,4,1993,JF1GC2548PH5,J,F,1,G,C,2,5,4,8,P,H,5,0,P,SUBA,IS4,4D,93,17,2725,,0,991,,G,,F,4,111,,,14R175,,,,,,0,0,000000000,00000000000,0,0,0,1,0,0,0,0,0,0,0,998,0,0,0,9,6,2,12,0,0,0,1,13,31407,1,1,0,0,2,0,65,135,98,1,0,0,2,7,2012,8,2012,0,0,0,0,0,2,4,45,2,2,2,1,0,0,14,62,1,1,1,98,1,0
13,130897,1,1,1,23,10,6,10,25,0,1,0,13,1,18,7,18007,4,1998,2G4WS52M4W16,2,G,4,W,S,5,2,M,4,W,1,6,0,P,BUIC,CCU,4D,98,17,3255,,0,1090,,G,,F,6,191,,,15R205,,,,,,0,0,000000000,00000000000,0,0,0,1,0,0,0,0,0,0,0,998,0,0,0,11,6,2,25,0,0,0,1,13,30263,6,1,0,0,3,0,71,190,98,0,0,0,2,2,2010,2,2010,0,0,0,0,0,3,6,55,1,1,2,1,0,0,1,12,1,1,4,6,1,0
13,130898,1,1,1,23,10,14,28,34,0,1,0,13,2,20,2,20002,4,1996,1G1BL52P2TR1,1,G,1,B,L,5,2,P,2,T,R,1,0,P,CHEV,CIS,4D,96,17,4061,,0,1159,,G,,Z,8,350,,,15R215,,,,,,0,0,000000000,00000000000,0,0,0,1,0,0,0,0,0,0,0,998,0,0,0,12,6,2,34,0,0,0,1,13,31730,1,1,0,0,2,0,66,180,98,0,0,1,0,12,2011,12,2011,0,0,0,0,0,1,2,55,2,1,2,1,28,3,14,12,1,4,4,7,1,0
13,130899,1,1,1,24,10,20,0,42,0,1,0,13,1,37,39,37039,5,2010,JHMGE8H41AC0,J,H,M,G,E,8,H,4,1,A,C,0,0,P,HOND,FIS,4H,10,17,2520,,0,984,,G,,F,4,091,,,16R205,,,,,,0,0,000000000,00000000000,0,0,0,1,0,0,0,0,0,0,0,998,0,0,0,12,6,2,42,0,0,0,1,13,30263,6,1,0,0,3,0,64,122,98,0,0,0,0,0,0,0,0,0,39,0,0,0,1,2,45,1,5,2,1,20,3,1,13,1,1,4,1,1,1
13,130900,1,1,1,24,10,22,35,34,0,1,0,13,2,76,705,76705,80,2003,JYA5AHE053A0,J,Y,A,5,A,H,E,0,5,3,A,0,0,M,YAMA,YZF,RC,3,17,,,,,,,599,,4,,4,416,,,,,,,0,0,000000000,00000000000,0,0,0,1,0,0,0,0,0,0,0,998,0,0,0,12,6,2,42,0,0,0,1,13,31023,6,1,0,0,2,0,74,205,98,2,1,0,2,10,2010,10,2010,1,39,0,0,0,1,2,55,2,5,2,1,0,0,14,13,1,1,4,1,1,0
13,130901,1,1,1,24,10,7,0,8,0,1,0,13,2,49,40,49040,4,2005,4T1BE30K55U5,4,T,1,B,E,3,0,K,5,5,U,5,0,P,TOYT,XLL,4D,5,17,3108,,0,1071,,G,,F,4,144,,,15R205,,,,,,0,0,000000000,00000000000,0,0,0,1,0,0,0,0,0,0,0,998,0,0,0,12,6,2,8,0,0,0,1,13,30281,6,1,0,0,3,1,69,190,98,0,0,1,0,8,2010,8,2010,0,28,0,0,0,1,2,55,1,6,2,1,28,3,1,80,1,1,2,13,0,0
13,130902,1,1,1,25,10,11,16,31,0,1,0,13,1,59,31,59031,4,2005,JTHBA30G7550,J,T,H,B,A,3,0,G,7,5,5,0,0,P,LEXS,E33,4D,5,17,3472,,0,1071,,G,,F,6,201,,,17R215,,,,,,0,0,000000000,00000000000,0,0,0,1,0,0,0,0,0,0,0,998,0,0,0,12,4,3,31,0,0,0,1,13,30076,6,1,0,0,3,0,61,160,98,0,0,0,1,9,2012,9,2012,0,0,0,0,0,1,2,40,1,2,2,1,0,0,99,12,99,1,4,6,1,0
13,130903,1,1,2,25,10,15,0,30,0,1,0,48,1,41,35,41035,4,1995,JM1BA1410S01,J,M,1,B,A,1,4,1,0,S,0,1,0,P,MAZD,PDL,4D,95,17,2449,,0,1026,,G,,F,4,091,,,13R175,,,,,,0,0,000000000,00000000000,0,0,0,1,0,0,0,0,0,0,0,998,0,0,0,3,6,2,30,0,0,0,1,48,78240,6,1,0,0,3,1,999,999,0,0,0,0,0,0,0,0,0,0,0,0,0,0,1,2,55,2,1,2,1,0,0,14,12,1,4,4,7,1,1
13,130904,1,1,1,26,10,7,24,9,0,1,0,13,2,54,36,54036,4,2006,JH4KB16516C0,J,H,4,K,B,1,6,5,1,6,C,0,0,P,ACUR,ARL,4D,6,17,4012,,0,1102,,G,,F,6,212,,,17R245,,,,,,0,0,000000000,00000000000,0,0,0,1,0,0,0,0,0,0,0,998,0,0,0,12,4,3,9,0,0,0,1,13,30328,6,1,0,0,3,0,62,120,98,0,0,0,0,0,0,0,0,0,0,0,0,0,2,4,35,1,2,2,1,0,0,1,83,1,1,1,13,0,0