STATE,ST_CASE,VEH_NO,VE_FORMS,NUMOCCS,DAY,MONTH,HOUR,MINUTE,HARM_EV,MAN_COLL,UNITTYPE,HIT_RUN,REG_STAT,OWNER,MAKE,MODEL,MAK_MOD,BODY_TYP,MOD_YEAR,VIN,VIN_1,VIN_2,VIN_3,VIN_4,VIN_5,VIN_6,VIN_7,VIN_8,VIN_9,VIN_10,VIN_11,VIN_12,TOW_VEH,VINTYPE,VINMAKE,VINA_MOD,VIN_BT,VINMODYR,VIN_LNGT,VIN_WGT,WGTCD_TR,WHLBS_LG,WHLBS_SH,SER_TR,FUELCODE,MCYCL_DS,CARBUR,CYLINDER,DISPLACE,MCYCL_CY,MCYCL_WT,TIRE_SZE,TON_RAT,TRK_WT,TRKWTVAR,VIN_REST,WHLDRWHL,J_KNIFE,MCARR_I1,MCARR_I2,MCARR_ID,GVWR,V_CONFIG,CARGO_BT,HAZ_INV,HAZ_PLAC,HAZ_ID,HAZ_CNO,HAZ_REL,BUS_USE,SPEC_USE,EMER_USE,TRAV_SP,UNDERIDE,ROLLOVER,ROLINLOC,IMPACT1,DEFORMED,TOWED,M_HARM,VEH_SC1,VEH_SC2,FIRE_EXP,DR_PRES,L_STATE,DR_ZIP,L_STATUS,L_TYPE,CDL_STAT,L_ENDORS,L_COMPL,L_RESTRI,DR_HGT,DR_WGT,PREV_ACC,PREV_SUS,PREV_DWI,PREV_SPD,PREV_OTH,FIRST_MO,FIRST_YR,LAST_MO,LAST_YR,SPEEDREL,DR_SF1,DR_SF2,DR_SF3,DR_SF4,VTRAFWAY,VNUM_LAN,VSPD_LIM,VALIGN,VPROFILE,VPAVETYP,VSURCOND,VTRAFCON,VTCONT_F,P_CRASH1,P_CRASH2,P_CRASH3,PCRASH4,PCRASH5,ACC_TYPE,DEATHS,DR_DRINK
13,130905,1,1,1,26,10,19,40,8,0,1,1,13,2,49,32,49032,4,1999,1NXBR12E5XZ2,1,N,X,B,R,1,2,E,5,X,Z,2,0,P,TOYT,UVL,4D,99,17,2414,,0,970,,G,,F,4,109,,,14R175,,,,,,0,0,000000000,00000000000,0,0,0,1,0,0,0,0,0,0,0,998,0,0,0,11,2,1,8,0,0,0,1,13,39828,6,1,0,0,3,0,62,115,98,0,0,0,0,0,0,0,0,0,38,0,0,0,1,4,35,1,1,2,1,0,0,1,80,1,1,1,13,0,1
13,130906,1,1,2,26,10,22,27,8,0,1,0,13,1,37,32,37032,4,1995,JHMCD5568SC0,J,H,M,C,D,5,5,6,8,S,C,0,0,P,HOND,AEX,4D,95,17,2908,,0,1069,,G,,F,4,132,,,15R195,,,,,,0,0,000000000,00000000000,0,0,0,1,0,0,0,0,0,0,0,998,0,0,0,12,6,2,8,0,0,0,1,13,30044,6,1,0,0,3,3,63,130,98,0,0,1,1,2,2010,7,2010,0,0,0,0,0,1,4,45,1,2,2,1,0,0,1,80,1,1,1,13,0,0
13,130907,1,1,1,27,10,2,0,42,0,1,0,13,1,37,441,37441,20,2001,2HKRL186X1H5,2,H,K,R,L,1,8,6,X,1,H,5,0,P,HOND,UDY,SV,1,17,4288,,0,1181,,G,,F,6,212,,,16R215,,,,,,0,0,000000000,00000000000,0,0,0,1,0,0,0,0,0,0,0,998,0,0,0,12,6,2,42,0,0,0,1,13,30666,0,0,0,0,0,0,999,999,98,0,0,0,0,0,0,0,0,0,0,0,0,0,1,2,45,2,1,2,1,0,0,14,12,1,1,4,6,1,0
13,130908,1,1,1,27,10,19,48,8,0,1,0,13,1,12,481,12481,31,1998,1FTRX18L0WKA,1,F,T,R,X,1,8,L,0,W,K,A,0,T,FORD,F15,3C,98,17,,2,1570,1390,COF,G,,,8,330,,,,B,4480,01,E,44,0,0,000000000,00000000000,0,0,0,1,0,0,0,0,0,0,0,998,0,0,0,12,8,1,8,0,0,0,1,13,30116,6,2,0,0,3,0,77,245,98,0,0,0,0,0,0,0,0,0,0,0,0,0,1,2,25,1,2,2,1,28,3,1,80,1,1,1,13,0,0
13,130909,1,2,1,27,10,9,10,1,0,1,0,45,1,77,706,77706,80,2006,5VPTB16D5630,5,V,P,T,B,1,6,D,5,6,3,0,0,M,VCTY,TBD,RS,6,17,,,,,,,1507,,2,,4,720,,,,,,,0,0,000000000,00000000000,0,0,0,1,0,0,0,0,0,0,0,998,0,0,0,0,6,2,12,0,0,0,1,45,29803,6,1,0,0,3,3,72,245,0,0,0,0,0,0,0,0,0,1,0,0,0,0,1,2,35,2,6,2,1,0,0,14,6,1,1,2,98,1,0
13,130909,2,2,1,27,10,9,10,1,0,1,0,37,1,35,401,35401,14,1999,JN8AR07Y3XW3,J,N,8,A,R,0,7,Y,3,X,W,3,0,P,NISS,PFI,UT,99,17,0,,0,1063,,G,,F,6,201,,,16R245,,,,,,0,0,000000000,00000000000,0,0,0,1,0,0,0,0,0,0,0,998,0,0,0,12,6,2,12,0,0,0,1,37,28732,6,1,0,0,3,0,70,999,0,0,0,0,0,0,0,0,0,0,0,0,0,0,1,2,35,3,5,2,1,0,0,14,62,7,1,1,98,0,0
13,130910,1,1,1,27,10,3,22,35,0,1,0,13,1,37,33,37033,2,1998,JHMBB6149WC0,J,H,M,B,B,6,1,4,9,W,C,0,0,P,HOND,PRE,CP,98,17,2861,,0,1017,,G,,F,4,132,,,16R205,,,,,,0,0,000000000,00000000000,0,0,0,1,0,0,0,0,0,0,0,998,0,1,5,12,6,2,1,0,0,0,1,13,30134,6,1,0,0,3,0,64,135,98,0,0,0,0,0,0,0,0,0,0,0,0,0,1,2,45,2,6,2,1,0,0,14,13,1,1,4,1,1,1
13,130911,1,1,1,28,10,1,37,34,0,1,0,13,1,49,40,49040,4,2007,4T1BK46K27U5,4,T,1,B,K,4,6,K,2,7,U,5,0,P,TOYT,CJS,4D,7,17,3164,,0,1093,,G,,F,6,214,,,15R205,,,,,,0,0,000000000,00000000000,0,0,0,1,0,0,0,0,0,0,0,998,0,1,6,12,6,2,42,0,0,0,1,13,31503,6,1,0,0,3,0,71,160,98,2,0,2,0,1,2012,2,2012,0,58,0,0,0,1,2,55,3,1,2,1,0,0,14,12,1,3,4,7,1,1
13,130912,1,1,1,28,10,21,10,1,0,1,0,0,0,98,739,98739,90,2007,000000000000,0,0,0,0,0,0,0,0,0,0,0,0,0,,,,,,,,,,,,,,,,,,,,,,,,,0,0,000000000,00000000000,0,0,0,1,0,0,0,0,0,0,0,998,0,2,5,0,4,1,1,0,0,0,1,12,33511,6,1,0,0,3,0,71,999,0,0,0,0,0,0,0,0,0,0,0,0,0,0,1,2,55,3,1,2,1,0,0,14,12,1,3,4,7,1,0
13,130913,1,1,2,28,10,0,34,1,0,1,0,13,1,7,43,7043,4,2002,1B3EL36XX2N2,1,B,3,E,L,3,6,X,X,2,N,2,0,P,DODG,SSE,4D,2,17,3114,,0,1080,,G,,F,4,148,,,15R205,,,,,,0,0,000000000,00000000000,0,0,0,1,0,0,0,0,0,0,0,998,0,2,6,0,6,2,1,0,0,0,1,13,30117,6,1,0,0,3,0,71,165,98,0,0,0,0,0,0,0,0,0,0,0,0,0,1,2,55,3,1,2,1,0,0,14,13,1,1,4,98,1,1
13,130914,1,1,1,29,10,13,22,1,0,1,0,92,0,12,401,12401,14,2000,1FMYU60E1YUA,1,F,M,Y,U,6,0,E,1,Y,U,A,0,P,FORD,EPR,UT,0,17,3670,,0,1017,,G,,F,6,245,,,15R235,,,,,,0,0,000000000,00000000000,0,0,0,1,0,0,0,0,0,0,0,998,0,2,6,0,6,2,1,0,0,0,1,13,30817,6,1,0,0,3,3,72,180,98,0,0,0,0,0,0,0,0,0,58,0,0,0,1,2,45,3,1,2,1,28,3,14,13,1,3,4,2,1,1
13,130915,1,2,2,29,10,8,18,12,6,1,0,13,1,37,32,37032,4,1999,1HGCG5649XA0,1,H,G,C,G,5,6,4,9,X,A,0,0,P,HOND,ULX,4D,99,17,3053,,0,1069,,G,,F,4,138,,,15R195,,,,,,0,0,000000000,00000000000,0,0,0,1,0,0,0,0,0,0,0,998,0,0,0,4,6,2,12,0,0,0,1,13,30815,6,1,0,0,3,3,62,160,98,0,0,0,0,0,0,0,0,0,38,0,0,0,1,4,55,1,2,2,1,0,0,11,15,1,1,1,68,1,0
13,130915,2,2,1,29,10,8,18,12,6,1,0,13,1,20,481,20481,31,2001,2GCEC19T2111,2,G,C,E,C,1,9,T,2,1,1,1,0,T,CHEV,SC1,4C,1,17,,2,1575,1435,SIL,G,,,8,325,,,,B,4413,00,,42,0,0,000000000,00000000000,0,0,0,1,0,0,0,0,0,0,0,998,0,0,0,12,6,2,12,0,0,0,1,13,30815,6,1,0,0,3,0,75,305,98,0,0,0,1,1,2012,1,2012,0,0,0,0,0,1,4,55,1,2,2,1,0,0,1,62,1,1,1,69,0,0
13,130916,1,2,2,29,10,18,10,12,2,1,0,13,2,37,32,37032,4,1994,JHMCD5550RC0,J,H,M,C,D,5,5,5,0,R,C,0,0,P,HOND,AEX,4D,94,17,2908,,0,1069,,G,,F,4,132,,,15R195,,,,,,0,0,000000000,00000000000,0,0,0,1,0,0,0,0,0,0,0,998,0,0,0,12,6,2,12,0,0,0,1,13,30293,6,7,0,0,3,0,74,210,98,0,0,0,0,0,0,0,0,0,0,0,0,0,1,2,55,1,1,2,1,0,0,1,10,1,1,2,50,1,0
13,130916,2,2,1,29,10,18,10,12,2,1,0,13,1,12,481,12481,31,2010,1FTFW1EV4AKE,1,F,T,F,W,1,E,V,4,A,K,E,0,T,FORD,F1S,CW,10,17,,2,1570,1450,COF,F,,,8,329,,,,B,5345,00,7,44,0,0,000000000,00000000000,0,0,0,1,0,0,0,0,0,0,0,998,0,0,0,12,6,2,12,0,0,0,1,13,30240,6,1,6,0,3,0,72,225,98,0,0,0,0,0,0,0,0,0,0,0,0,0,1,2,55,1,1,2,1,0,0,1,62,1,1,1,51,0,0
13,130917,1,1,1,30,10,5,38,1,0,1,0,13,2,20,471,20471,30,1994,1GCCS19Z4R81,1,G,C,C,S,1,9,Z,4,R,8,1,0,T,CHEV,S14,PC,94,17,,1,1229,1083,S,G,,,6,262,,,,B,3157,00,,42,0,0,000000000,00000000000,0,0,0,1,0,0,0,0,0,0,0,85,0,2,1,0,6,2,1,0,0,0,1,13,30830,1,1,0,0,2,0,72,175,98,3,0,0,0,10,2012,10,2012,1,58,0,0,0,2,4,55,3,1,2,1,0,0,14,13,1,7,6,98,1,0
13,130918,1,2,2,31,10,17,50,12,6,1,0,13,1,20,32,20032,4,2002,1Y1SK52842Z4,1,Y,1,S,K,5,2,8,4,2,Z,4,0,P,CHEV,P/L,4D,2,17,2403,,0,970,,G,,F,4,110,,,14R175,,,,,,0,0,000000000,00000000000,0,0,0,1,0,0,0,0,0,0,0,998,0,0,0,3,6,2,12,0,0,0,1,13,30506,6,1,6,0,3,0,71,200,98,1,0,1,1,1,2010,5,2012,0,38,0,0,0,1,2,45,1,1,2,1,20,3,1,17,1,1,1,87,1,0
13,130918,2,2,1,31,10,17,50,12,6,1,0,13,2,54,36,54036,4,1997,JH4KA9649VC0,J,H,4,K,A,9,6,4,9,V,C,0,0,P,ACUR,35R,4D,97,17,3557,,0,1146,,G,,F,6,212,,,16R215,,,,,,0,0,000000000,00000000000,0,0,0,1,0,0,0,0,0,0,0,998,0,0,0,12,6,2,12,0,0,0,1,13,30511,6,2,0,0,3,3,63,95,98,0,0,0,0,0,0,0,0,0,0,0,0,0,2,4,55,1,1,2,1,0,0,1,66,1,1,1,86,0,0
13,130919,1,1,1,31,10,4,31,42,0,1,0,13,2,37,32,37032,4,2004,1HGCM563X4A1,1,H,G,C,M,5,6,3,X,4,A,1,0,P,HOND,ULX,4D,4,17,3113,,0,1079,,G,,F,4,146,,,15R205,,,,,,0,0,000000000,00000000000,0,0,0,1,0,0,0,0,0,0,0,998,0,1,6,12,6,2,42,0,0,0,1,13,30441,6,1,0,0,3,0,72,155,98,0,0,0,0,0,0,0,0,0,58,0,0,0,1,2,55,3,6,2,1,0,0,14,12,6,7,4,7,1,0
13,130920,1,1,2,31,10,22,34,42,0,1,0,13,1,12,402,12402,14,2008,1FMCU49H68KA,1,F,M,C,U,4,9,H,6,8,K,A,0,P,FORD,SPE,UT,8,17,3638,,0,1031,,B,,F,4,140,,,16R235,,,,,,0,0,000000000,00000000000,0,0,0,1,0,0,0,0,0,0,0,998,0,0,0,12,6,2,42,0,0,0,1,13,30188,6,1,0,0,3,0,64,210,98,2,1,1,0,5,2010,1,2011,0,0,0,0,0,1,2,25,3,2,2,1,0,0,14,13,1,1,4,1,1,0
13,130921,1,1,2,19,10,3,37,42,0,1,0,13,1,69,35,69035,2,2008,ZFFEW58A8801,Z,F,F,E,W,5,8,A,8,8,0,1,0,P,FERR,43C,CP,8,17,3197,,0,0,,G,,F,8,262,,,000000,,,,,,0,0,000000000,00000000000,0,0,0,1,0,0,0,0,0,0,0,101,0,0,0,7,6,2,42,0,0,1,1,13,30005,6,1,0,0,3,3,74,250,98,1,0,2,0,4,2012,6,2012,1,0,0,0,0,1,2,40,1,1,2,1,0,0,1,12,1,4,4,7,1,1
13,130922,1,2,4,27,10,16,49,12,6,1,0,13,2,22,19,22019,2,2007,1G2AL15F2772,1,G,2,A,L,1,5,F,2,7,7,2,0,P,PONT,G/5,CP,7,17,2991,,0,1035,,G,,F,4,134,,,15R195,,,,,,0,0,000000000,00000000000,0,0,0,1,0,0,0,0,0,0,0,998,0,0,0,12,6,2,12,0,0,0,1,13,30141,6,1,0,0,3,0,72,180,98,0,0,0,2,3,2011,8,2012,0,39,0,0,0,1,2,35,1,2,2,1,3,3,1,17,1,1,1,88,0,0
13,130922,2,2,2,27,10,16,49,12,6,1,0,13,1,20,431,20431,16,1996,1GNEC16R7TJ3,1,G,N,E,C,1,6,R,7,T,J,3,0,P,CHEV,C15,UT,96,17,4634,,0,1315,,G,,F,8,350,,,15R235,,,,,,0,0,000000000,00000000000,0,0,0,1,0,0,0,0,0,0,0,998,0,0,0,7,6,2,12,0,0,0,1,13,30318,6,1,0,0,3,0,67,250,98,0,0,0,0,0,0,0,0,0,0,0,0,0,1,2,45,1,2,2,1,3,3,1,66,1,1,1,89,1,0
13,130923,1,2,1,1,11,1,32,12,1,1,0,13,1,20,19,20019,2,1992,1G1LW13T7NY1,1,G,1,L,W,1,3,T,7,N,Y,1,0,P,CHEV,BGT,CP,92,17,2697,,0,1034,,G,,F,6,191,,,15R205,,,,,,0,0,000000000,00000000000,0,0,0,1,0,0,0,0,0,0,0,998,0,0,0,12,6,2,12,0,0,0,1,13,31405,6,1,6,0,3,3,74,330,98,0,0,1,1,2,2010,10,2011,0,26,0,0,0,2,2,70,1,1,2,1,0,0,16,51,1,1,7,24,1,0
13,130923,2,2,1,1,11,1,32,12,1,1,0,93,3,82,881,82881,66,2002,1FUJA6CG82LK,1,F,U,J,A,6,C,G,8,2,L,K,1,T,FRHT,COL,TR,2,17,,8,0,0,CON,D,,,6,774,,,,,00000,00,,64,1,57,237360,57237360,3,6,1,1,0,0,0,0,0,0,0,998,0,0,0,6,6,2,12,0,0,0,1,13,30417,6,1,6,0,3,0,69,180,98,1,0,1,0,11,2011,3,2012,0,0,0,0,0,2,2,70,1,1,2,1,0,0,1,64,1,1,1,25,0,0
13,130924,1,1,1,1,11,1,21,8,0,1,0,13,2,7,20,7020,4,2004,1B3ES56C14D5,1,B,3,E,S,5,6,C,1,4,D,5,0,P,DODG,NXT,4D,4,17,2634,,0,1040,,G,,F,4,122,,,15R185,,,,,,0,0,000000000,00000000000,0,0,0,1,0,0,0,0,0,0,0,998,0,0,0,14,4,1,8,0,0,0,1,13,31634,6,1,0,0,3,0,64,180,98,0,0,0,0,0,0,0,0,0,86,0,0,0,1,2,55,1,1,2,1,0,0,1,80,1,1,1,13,0,0
13,130925,1,1,5,1,11,7,52,1,0,1,0,13,2,49,52,49052,5,2008,JTKKU10438J0,J,T,K,K,U,1,0,4,3,8,J,0,0,P,TOYT,SXD,4H,8,17,2625,,0,969,,G,,F,4,110,,,16R195,,,,,,0,0,000000000,00000000000,0,0,0,1,0,0,0,0,0,0,0,998,0,9,3,0,6,2,1,0,0,0,1,13,30078,6,1,0,0,3,0,67,120,98,0,0,0,0,0,0,0,0,0,29,0,0,0,2,2,70,3,1,2,1,0,0,14,12,1,9,4,7,1,0
13,130926,1,3,1,1,11,15,37,12,2,1,0,13,1,2,404,2404,14,2004,1J4GX48SX4C3,1,J,4,G,X,4,8,S,X,4,C,3,0,T,JEEP,LCF,4W,4,17,,1,0,1059,GCK,G,,,6,244,,,,,3683,02,E,42,0,0,000000000,00000000000,0,0,0,1,0,0,0,0,0,0,0,998,0,0,0,12,6,2,12,0,0,0,1,13,31816,6,1,0,0,3,0,71,180,98,0,0,0,0,0,0,0,0,0,28,0,0,0,1,2,55,1,5,2,1,0,0,1,10,1,1,2,50,1,0
13,130926,2,3,1,1,11,15,37,12,2,1,0,4,3,23,881,23881,62,2005,1GDG5C1E65F9,1,G,D,G,5,C,1,E,6,5,F,9,0,T,GMC,C5C,CB,5,17,,6,2240,1280,C55,G,,,8,496,,,,,00000,00,,42,0,88,888888888,88888888888,2,1,1,1,0,0,0,0,0,0,0,998,0,0,0,12,6,2,12,0,0,0,1,13,31904,6,1,0,0,3,3,69,176,98,0,0,0,0,0,0,0,0,0,0,0,0,0,1,2,55,1,6,2,1,0,0,1,62,1,1,1,51,0,0
13,130926,3,3,1,1,11,15,37,12,2,1,0,13,2,20,401,20401,14,1998,1GNCS13W8W21,1,G,N,C,S,1,3,W,8,W,2,1,0,P,CHEV,BZR,UT,98,17,3685,,0,1070,,G,,F,6,262,,,15R235,,,,,,0,0,000000000,00000000000,0,0,0,1,0,0,0,0,0,0,0,998,0,0,0,1,2,1,42,0,0,0,1,13,31836,6,1,0,0,3,0,68,208,98,0,0,0,0,0,0,0,0,0,84,0,0,0,1,2,55,1,6,2,1,0,0,17,13,7,2,4,98,0,0
13,130927,1,1,2,1,11,15,36,34,0,1,0,13,2,35,471,35471,30,1995,1N6SD11SXSC4,1,N,6,S,D,1,1,S,X,S,C,4,0,T,NISS,EXE,PK,95,17,,1,0,1043,TRK,G,,,4,146,,,,B,2728,01,A,42,0,0,000000000,00000000000,0,0,0,1,0,0,0,0,0,0,0,998,0,1,5,14,6,2,1,0,0,0,1,13,31001,6,1,0,0,3,0,68,150,98,1,0,1,0,5,2011,7,2012,0,58,29,0,0,1,2,55,1,1,2,1,0,0,1,12,6,4,4,7,1,0
13,130928,1,2,1,1,11,6,23,12,2,1,0,13,1,12,401,12401,14,2001,1FMDU85P91ZA,1,F,M,D,U,8,5,P,9,1,Z,A,0,P,FORD,EPR,UT,1,17,4250,,0,1116,,G,,F,8,302,,,16R255,,,,,,0,0,000000000,00000000000,0,0,0,1,0,0,0,0,0,0,0,998,0,1,1,12,6,2,12,0,0,0,1,13,30543,6,1,0,0,3,3,76,195,98,3,0,1,1,2,2012,8,2012,0,36,28,0,0,1,2,55,3,3,2,1,0,0,14,10,1,1,2,50,0,1
13,130928,2,2,1,1,11,6,23,12,2,1,0,13,1,12,37,12037,4,2003,1FAFP33P33W3,1,F,A,F,P,3,3,P,3,3,W,3,0,P,FORD,FOX,4D,3,17,2564,,0,1030,,G,,F,4,122,,,14R185,,,,,,0,0,000000000,00000000000,0,0,0,1,0,0,0,0,0,0,0,998,0,0,0,12,6,2,12,0,0,0,1,13,30507,6,1,0,0,3,0,65,160,98,0,0,0,0,0,0,0,0,0,0,0,0,0,1,2,55,2,3,2,1,0,0,14,62,1,1,1,51,1,0
13,130929,1,1,1,1,11,12,1,35,0,1,0,13,1,23,431,23431,16,1999,1GKEC16R7XJ7,1,G,K,E,C,1,6,R,7,X,J,7,0,T,GMC,SUB,4W,99,17,,2,0,1315,C15,G,,,8,350,,,,B,4825,00,E,42,0,0,000000000,00000000000,0,0,0,1,0,0,0,0,0,0,0,998,0,1,4,12,6,2,42,0,0,0,1,13,31808,6,1,0,0,3,0,71,180,98,0,0,1,0,11,2011,11,2011,0,29,0,0,0,6,8,65,2,5,2,1,0,0,14,12,1,1,4,6,1,1
13,130930,1,1,1,1,11,11,25,38,0,1,0,13,2,18,3,18003,4,1998,1G4CW52K4W46,1,G,4,C,W,5,2,K,4,W,4,6,0,P,BUIC,PKA,4D,98,17,3645,,0,1138,,G,,F,6,231,,,16R225,,,,,,0,0,000000000,00000000000,0,0,0,1,0,0,0,0,0,0,0,998,0,0,0,12,6,2,42,0,0,0,1,13,30667,6,1,0,0,3,0,65,152,98,0,0,0,0,0,0,0,0,0,29,0,0,0,1,2,45,1,1,2,1,98,8,1,12,1,1,4,6,1,0
13,130931,1,2,1,1,11,10,53,12,6,1,0,13,1,54,35,54035,4,2008,19UUA66208A0,1,9,U,U,A,6,6,2,0,8,A,0,0,P,ACUR,ATL,4D,8,17,3623,,0,1079,,G,,F,6,195,,,17R235,,,,,,0,0,000000000,00000000000,0,0,0,1,0,0,0,0,0,0,0,998,0,0,0,12,4,3,12,0,0,0,1,13,30909,6,1,0,0,3,0,72,178,98,0,0,0,0,0,0,0,0,0,39,0,0,0,1,4,45,1,1,2,1,3,3,1,66,3,2,1,88,0,0
13,130931,2,2,1,1,11,10,53,12,6,1,0,13,1,49,32,49032,4,2010,JTDBU4EEXA91,J,T,D,B,U,4,E,E,X,A,9,1,0,P,TOYT,CBL,4D,10,17,2723,,0,1024,,G,,F,4,110,,,15R195,,,,,,0,0,000000000,00000000000,0,0,0,1,0,0,0,0,0,0,0,998,0,0,0,9,4,3,12,0,0,0,1,13,30904,6,1,0,0,3,3,59,160,98,0,0,0,1,11,2010,11,2010,0,0,0,0,0,1,3,35,1,1,2,1,3,3,1,17,1,1,1,89,1,0
13,130932,1,1,2,1,11,19,15,8,0,1,0,13,2,20,481,20481,31,1992,1GCDC14K7NZ1,1,G,C,D,C,1,4,K,7,N,Z,1,0,T,CHEV,GC1,PK,92,17,,1,1315,1175,GM4,G,,,8,350,,,,B,3718,04,,42,0,0,000000000,00000000000,0,0,0,1,0,0,0,0,0,0,0,998,0,0,0,12,4,1,8,0,0,0,1,13,30286,6,1,6,0,3,0,75,330,98,0,0,0,0,0,0,0,0,0,86,0,0,0,1,4,45,1,1,2,1,98,8,1,80,3,2,1,13,0,0
13,130933,1,4,1,2,11,15,25,12,6,1,0,13,1,49,472,49472,30,2006,5TEUU42N56Z2,5,T,E,U,U,4,2,N,5,6,Z,2,0,T,TOYT,ACC,PC,6,17,,1,0,1219,TAC,G,,,6,244,,,,B,3955,00,U,44,0,0,000000000,00000000000,0,0,0,1,0,0,0,0,0,0,0,998,0,0,0,12,6,2,8,0,0,0,1,13,30328,6,1,0,0,3,0,72,205,98,0,0,0,0,0,0,0,0,0,28,0,0,0,1,4,35,1,1,2,1,0,0,9,10,1,1,1,98,0,0
13,130933,2,4,2,2,11,15,25,12,6,1,0,13,2,42,48,42048,6,2001,WDBJH65J11B2,W,D,B,J,H,6,5,J,1,1,B,2,0,P,MERZ,E32,SW,1,17,3739,,0,1115,,G,,F,6,195,,,16R215,,,,,,0,0,000000000,00000000000,0,0,0,1,0,0,0,0,0,0,0,998,0,0,0,9,4,1,12,0,0,0,1,13,30324,6,1,0,0,3,0,70,170,98,0,0,0,0,0,0,0,0,0,0,0,0,0,1,4,35,1,1,2,1,0,0,1,62,1,1,1,98,0,0
13,130933,3,4,1,2,11,15,25,12,6,1,0,48,2,32,43,32043,4,2007,WAUDF78E07A2,W,A,U,D,F,7,8,E,0,7,A,2,0,P,AUDI,NAQ,4D,7,17,3527,,0,1043,,G,,T,4,121,,,000000,,,,,,0,0,000000000,00000000000,0,0,0,1,0,0,0,0,0,0,0,998,0,0,0,1,4,1,12,0,0,0,1,48,75205,6,1,0,0,3,3,999,999,0,0,0,0,0,0,0,0,0,0,0,0,0,0,1,4,35,1,1,2,1,0,0,1,17,1,1,1,98,0,0
13,130933,5,4,1,2,11,15,25,12,6,1,0,13,1,62,421,62421,15,2006,SALSF254X6A9,S,A,L,S,F,2,5,4,X,6,A,9,0,T,LNDR,SPH,4W,6,17,,2,0,1080,RSP,G,,,8,268,,,,,5468,00,S,44,0,0,000000000,00000000000,0,0,0,1,0,0,0,0,0,0,0,998,0,0,0,11,4,1,12,0,0,0,1,13,30327,6,1,0,0,3,0,61,115,98,0,0,0,0,0,0,0,0,0,0,0,0,0,1,4,35,1,1,2,1,0,0,1,17,1,1,1,98,0,0
13,130934,1,1,1,2,11,20,40,42,0,1,0,1,1,72,706,72706,80,2012,1HD1FCM12CB6,1,H,D,1,F,C,M,1,2,C,B,6,0,M,HD,FTU,RS,12,17,,,,,,,1690,,2,,4,852,,,,,,,0,0,000000000,00000000000,0,0,0,1,0,0,0,0,0,0,0,998,0,0,0,11,6,2,42,0,0,0,1,1,36856,6,1,0,0,3,0,72,250,0,0,0,0,0,0,0,0,0,0,29,0,0,0,1,2,35,2,1,2,1,0,0,14,12,1,1,4,6,1,1
13,130935,1,1,1,2,11,19,14,8,0,1,0,13,2,12,402,12402,14,2003,1FMYU03183KA,1,F,M,Y,U,0,3,1,8,3,K,A,0,P,FORD,SPE,UT,3,17,3252,,0,1031,,G,,F,6,181,,,15R225,,,,,,0,0,000000000,00000000000,0,0,0,1,0,0,0,0,0,0,0,998,0,0,0,12,2,1,8,0,0,0,1,13,31030,6,1,0,0,3,3,72,180,98,0,0,0,0,0,0,0,0,0,86,0,0,0,1,2,30,1,1,2,1,98,8,1,80,1,1,1,13,0,0
13,130936,1,1,1,4,11,1,15,33,0,1,0,13,1,55,39,55039,4,2009,KMHFC46F59A3,K,M,H,F,C,4,6,F,5,9,A,3,0,P,HYUN,AZL,4D,9,17,3629,,0,1094,,G,,F,6,230,,,17R235,,,,,,0,0,000000000,00000000000,0,0,0,1,0,0,0,0,0,0,0,998,0,0,0,12,6,2,39,0,0,0,1,13,30092,6,1,0,0,3,3,69,207,98,0,0,0,0,0,0,0,0,0,29,0,0,0,6,3,35,1,1,2,1,3,3,1,13,1,1,4,6,1,0
13,130937,1,1,1,4,11,17,17,1,0,1,0,13,2,72,706,72706,80,2000,1HD1BMY13YY0,1,H,D,1,B,M,Y,1,3,Y,Y,0,0,M,HD,FLF,RS,0,17,,,,,,,1450,,2,,4,666,,,,,,,0,0,000000000,00000000000,0,0,0,1,0,0,0,0,0,0,0,998,0,0,0,0,6,2,1,0,0,0,1,13,30523,1,1,0,0,2,0,70,170,98,0,0,0,0,0,0,0,0,0,29,0,0,0,1,2,40,3,3,2,1,98,8,14,13,1,1,4,1,1,0
13,130938,1,2,1,5,11,16,29,12,2,1,0,13,2,42,401,42401,14,2000,4JGAB72E3YA1,4,J,G,A,B,7,2,E,3,Y,A,1,0,P,MERZ,ML4,UT,0,17,4310,,0,1110,,G,,F,8,260,,,17R275,,,,,,0,0,000000000,00000000000,0,0,0,1,0,0,0,0,0,0,0,998,0,0,0,12,6,2,12,0,0,0,1,13,31650,6,1,0,0,3,0,59,127,98,2,0,2,1,5,2012,8,2012,0,28,0,0,0,1,2,55,2,1,2,1,0,0,14,10,1,1,2,50,0,0
13,130938,2,2,1,5,11,16,29,12,2,1,0,13,1,41,471,41471,30,1999,4F4YR12C9XTM,4,F,4,Y,R,1,2,C,9,X,T,M,0,T,MAZD,5RC,PK,99,17,,1,0,1116,B25,G,,,4,152,,,,,00000,00,U,42,0,0,000000000,00000000000,0,0,0,1,0,0,0,0,0,0,0,998,0,1,5,12,6,2,12,0,0,0,1,13,31533,6,1,0,0,3,0,67,150,98,1,0,0,0,5,2010,5,2010,0,0,0,0,0,1,2,55,3,1,2,1,0,0,14,62,1,1,1,51,1,0