STATE,ST_CASE,VEH_NO,VE_FORMS,NUMOCCS,DAY,MONTH,HOUR,MINUTE,HARM_EV,MAN_COLL,UNITTYPE,HIT_RUN,REG_STAT,OWNER,MAKE,MODEL,MAK_MOD,BODY_TYP,MOD_YEAR,VIN,VIN_1,VIN_2,VIN_3,VIN_4,VIN_5,VIN_6,VIN_7,VIN_8,VIN_9,VIN_10,VIN_11,VIN_12,TOW_VEH,VINTYPE,VINMAKE,VINA_MOD,VIN_BT,VINMODYR,VIN_LNGT,VIN_WGT,WGTCD_TR,WHLBS_LG,WHLBS_SH,SER_TR,FUELCODE,MCYCL_DS,CARBUR,CYLINDER,DISPLACE,MCYCL_CY,MCYCL_WT,TIRE_SZE,TON_RAT,TRK_WT,TRKWTVAR,VIN_REST,WHLDRWHL,J_KNIFE,MCARR_I1,MCARR_I2,MCARR_ID,GVWR,V_CONFIG,CARGO_BT,HAZ_INV,HAZ_PLAC,HAZ_ID,HAZ_CNO,HAZ_REL,BUS_USE,SPEC_USE,EMER_USE,TRAV_SP,UNDERIDE,ROLLOVER,ROLINLOC,IMPACT1,DEFORMED,TOWED,M_HARM,VEH_SC1,VEH_SC2,FIRE_EXP,DR_PRES,L_STATE,DR_ZIP,L_STATUS,L_TYPE,CDL_STAT,L_ENDORS,L_COMPL,L_RESTRI,DR_HGT,DR_WGT,PREV_ACC,PREV_SUS,PREV_DWI,PREV_SPD,PREV_OTH,FIRST_MO,FIRST_YR,LAST_MO,LAST_YR,SPEEDREL,DR_SF1,DR_SF2,DR_SF3,DR_SF4,VTRAFWAY,VNUM_LAN,VSPD_LIM,VALIGN,VPROFILE,VPAVETYP,VSURCOND,VTRAFCON,VTCONT_F,P_CRASH1,P_CRASH2,P_CRASH3,PCRASH4,PCRASH5,ACC_TYPE,DEATHS,DR_DRINK
13,130939,1,3,1,6,11,14,35,12,2,1,0,13,2,23,461,23461,21,2006,1GTFG15X4612,1,G,T,F,G,1,5,X,4,6,1,2,0,T,GMC,SA1,CG,6,17,,2,0,1350,SAV,G,,,6,262,,,,B,4894,00,E,42,0,0,000000000,00000000000,0,0,0,1,0,0,0,0,0,0,0,998,0,1,1,12,6,2,12,0,0,0,1,13,30311,6,1,0,0,3,0,66,185,98,2,0,2,1,3,2010,8,2010,0,29,0,0,0,2,2,55,1,1,2,1,0,0,1,10,1,9,6,52,0,1
13,130939,2,3,1,6,11,14,35,12,2,1,0,13,1,63,37,63037,6,2011,KNDJT2A28B72,K,N,D,J,T,2,A,2,8,B,7,2,0,P,KIA,SOU,UT,11,17,2800,,0,1004,,G,,F,4,122,,,16R205,,,,,,0,0,000000000,00000000000,0,0,0,1,0,0,0,0,0,0,0,998,0,0,0,12,6,2,12,0,0,0,1,13,30105,6,1,0,0,3,0,65,189,98,0,0,0,0,0,0,0,0,0,0,0,0,0,2,2,55,1,1,2,1,0,0,1,64,1,1,1,52,1,0
13,130939,3,3,2,6,11,14,35,12,2,1,0,13,1,12,401,12401,14,1996,1FMDU32X6TUC,1,F,M,D,U,3,2,X,6,T,U,C,0,P,FORD,EPR,UT,96,17,3952,,0,1115,,G,,F,6,245,,,15R225,,,,,,0,0,000000000,00000000000,0,0,0,1,0,0,0,0,0,0,0,998,0,0,0,12,6,2,12,0,0,0,1,13,30161,6,1,0,0,3,0,64,170,98,0,0,0,0,0,0,0,0,0,0,0,0,0,2,2,55,1,1,2,1,0,0,1,64,1,1,1,98,0,0
13,130940,1,2,3,6,11,8,1,12,6,1,0,13,2,2,404,2404,14,2000,1J4GW58N6YC3,1,J,4,G,W,5,8,N,6,Y,C,3,0,T,JEEP,LMT,4W,0,17,,1,0,1059,GCK,G,,,8,287,,,,,3917,01,E,44,0,0,000000000,00000000000,0,0,0,1,0,0,0,0,0,0,0,998,0,0,0,3,6,2,12,0,0,0,1,13,30296,0,0,0,0,0,0,61,110,98,2,0,2,11,12,2009,7,2012,0,28,0,0,0,1,2,45,2,2,2,2,0,0,14,10,6,3,2,64,1,0
13,130940,2,2,1,6,11,8,1,12,6,1,0,13,1,12,401,12401,14,2006,1FMEU64E96UB,1,F,M,E,U,6,4,E,9,6,U,B,0,P,FORD,EPR,UT,6,17,4301,,0,1137,,G,,F,6,244,,,17R245,,,,,,0,0,000000000,00000000000,0,0,0,1,0,0,0,0,0,0,0,998,0,0,0,12,6,2,12,0,0,0,1,13,30269,6,1,0,0,3,3,72,137,98,1,0,1,0,5,2011,5,2011,0,0,0,0,0,1,2,45,3,2,2,2,0,0,14,62,1,1,1,65,0,0
13,130941,1,2,1,6,11,9,59,24,0,1,0,13,1,35,47,35047,4,2008,1N4AL21E18N5,1,N,4,A,L,2,1,E,1,8,N,5,0,P,NISS,ATS,4D,8,17,3028,,0,1093,,G,,F,4,153,,,16R215,,,,,,0,0,000000000,00000000000,0,0,0,1,0,0,0,0,0,0,0,998,0,0,0,61,6,2,12,0,0,0,1,13,30171,6,1,5,0,3,0,70,160,98,6,1,2,2,5,2010,5,2012,0,29,0,0,0,5,4,55,2,1,2,2,0,0,14,12,1,1,4,6,0,0
13,130941,2,2,2,6,11,9,59,24,0,1,0,13,1,20,16,20016,2,1999,1G1JC1243X71,1,G,1,J,C,1,2,4,3,X,7,1,0,P,CHEV,C/S,CP,99,17,2617,,0,1041,,G,,F,4,133,,,14R195,,,,,,0,0,000000000,00000000000,0,0,0,1,0,0,0,0,0,0,0,998,0,0,0,12,6,2,12,0,0,0,1,13,30728,6,1,4,0,3,3,73,250,98,1,0,0,0,9,2012,9,2012,0,0,0,0,0,5,4,55,1,1,2,2,0,0,1,54,1,1,1,98,1,0
13,130942,1,2,1,7,11,19,30,12,11,1,0,13,3,20,481,20481,31,2005,2GCEC13T4513,2,G,C,E,C,1,3,T,4,5,1,3,0,T,CHEV,SC1,CW,5,17,,2,0,1435,SIL,G,,,8,323,,,,B,4986,00,,42,0,0,000000000,00000000000,0,0,0,1,0,0,0,0,0,0,0,998,0,1,1,7,6,2,1,0,0,1,1,13,30217,6,1,0,0,3,3,67,208,98,0,0,0,0,0,0,0,0,0,39,0,0,0,1,2,45,1,1,2,1,20,3,11,15,99,9,1,76,1,0
13,130942,2,2,1,7,11,19,30,12,11,1,0,13,2,86,881,86881,66,2000,1M1AA18Y2YW1,1,M,1,A,A,1,8,Y,2,Y,W,1,1,T,MACK,CH6,TR,0,17,,8,0,0,600,D,,,6,728,,,,,00000,00,,64,3,57,1181717,571181717,3,6,10,1,0,0,0,0,0,0,0,998,0,1,1,12,6,2,12,0,0,0,1,13,30116,6,1,6,0,3,3,67,180,98,0,0,0,0,0,0,0,0,0,0,0,0,0,2,2,65,1,1,2,1,0,0,1,65,8,2,2,77,0,0
13,130943,1,1,1,7,11,6,40,42,0,1,0,13,2,35,402,35402,14,2005,5N1AN08U45C6,5,N,1,A,N,0,8,U,4,5,C,6,0,P,NISS,XTR,UT,5,17,5200,,0,1063,,G,,F,6,244,,,16R265,,,,,,0,0,000000000,00000000000,0,0,0,1,0,0,0,0,0,0,0,998,0,0,0,2,6,2,42,0,0,0,1,13,30813,6,1,0,0,3,0,74,202,98,1,0,1,4,6,2010,1,2011,0,58,29,0,0,3,2,70,3,1,2,1,98,8,14,13,6,3,4,2,1,0
13,130944,1,1,1,8,11,12,0,32,0,1,0,13,2,20,401,20401,14,1996,1GNCS13W9T21,1,G,N,C,S,1,3,W,9,T,2,1,0,P,CHEV,BZR,UT,96,17,3691,,0,1070,,G,,F,6,262,,,15R235,,,,,,0,0,000000000,00000000000,0,0,0,1,0,0,0,0,0,0,0,998,0,1,1,14,6,2,1,0,0,0,1,13,30830,6,1,0,0,3,3,62,150,98,0,0,0,0,0,0,0,0,0,29,0,0,0,1,2,55,1,1,2,1,0,0,1,13,1,1,4,1,1,0
13,130945,1,2,1,8,11,16,4,12,6,1,0,13,2,30,47,30047,3,2001,3VWCD21C71M4,3,V,W,C,D,2,1,C,7,1,M,4,0,P,VOLK,NGS,2H,1,17,2873,,0,989,,G,,T,4,109,,,16R205,,,,,,0,0,000000000,00000000000,0,0,0,1,0,0,0,0,0,0,0,998,0,0,0,9,6,2,12,0,0,0,1,13,30747,6,1,0,0,3,3,60,140,98,0,0,0,0,0,0,0,0,0,38,47,0,0,1,2,45,1,1,2,1,40,3,11,15,1,1,1,82,1,0
13,130945,2,2,2,8,11,16,4,12,6,1,0,13,1,12,401,12401,14,1997,1FMDU34X4VUA,1,F,M,D,U,3,4,X,4,V,U,A,0,P,FORD,EPR,UT,97,17,4166,,0,1115,,G,,F,6,245,,,15R225,,,,,,0,0,000000000,00000000000,0,0,0,1,0,0,0,0,0,0,0,998,0,0,0,12,6,2,12,0,0,0,1,13,30747,6,1,0,0,3,0,77,260,98,0,0,0,1,10,2010,10,2010,0,0,0,0,0,5,4,45,1,1,2,1,98,8,1,17,99,9,1,83,0,0
13,130946,1,2,4,8,11,17,5,12,6,1,0,13,2,52,401,52401,14,2000,JA4LS31H7YP0,J,A,4,L,S,3,1,H,7,Y,P,0,0,P,MITS,MNS,UT,0,17,3835,,0,1073,,G,,F,6,181,,,16R255,,,,,,0,0,000000000,00000000000,0,0,0,1,0,0,0,0,0,0,0,998,0,1,5,9,6,2,12,0,0,0,1,13,31535,6,1,0,0,3,3,60,107,98,0,0,1,0,2,2010,2,2010,0,38,0,0,0,1,2,55,1,6,2,1,20,3,1,17,1,1,1,89,1,0
13,130946,2,2,2,8,11,17,5,12,6,1,0,13,1,20,481,20481,31,2007,1GCHK23D77F1,1,G,C,H,K,2,3,D,7,7,F,1,0,T,CHEV,2KH,CW,7,17,,2,1670,1530,SIL,D,,,8,403,,,,C,5883,02,,44,0,0,000000000,00000000000,0,0,0,1,0,0,0,0,0,0,0,998,0,0,0,12,6,2,12,0,0,0,1,13,31519,6,1,0,0,3,0,70,210,98,0,0,0,0,0,0,0,0,0,0,0,0,0,1,2,55,3,6,2,1,0,0,14,66,1,1,1,88,0,0
13,130947,1,2,2,8,11,6,52,12,6,1,0,13,1,20,2,20002,4,2000,2G1WH55K1Y93,2,G,1,W,H,5,5,K,1,Y,9,3,0,P,CHEV,IPL,4D,0,17,3466,,0,1110,,G,,F,6,231,,,16R225,,,,,,0,0,000000000,00000000000,0,0,0,1,0,0,0,0,0,0,0,998,0,0,0,1,6,2,12,0,0,0,1,13,31533,6,1,0,0,3,0,61,155,98,0,0,0,1,3,2012,3,2012,0,28,0,0,0,5,4,45,1,1,2,1,0,0,1,10,1,1,2,64,1,0
13,130947,2,2,1,8,11,6,52,12,6,1,0,12,1,12,880,12880,67,2003,1FTWW33F33EA,1,F,T,W,W,3,3,F,3,3,E,A,0,T,FORD,F3D,CW,3,17,,3,1720,1560,DRW,D,,,8,444,,,,D,6635,00,E,44,0,88,888888888,88888888888,2,1,97,1,0,0,0,0,0,0,0,998,0,0,0,12,4,3,12,0,0,0,1,12,32765,6,1,0,0,3,0,71,999,0,0,0,0,0,0,0,0,0,0,0,0,0,0,5,4,45,1,1,2,1,0,0,1,62,1,1,1,65,0,0
13,130948,1,1,1,8,11,11,54,1,0,1,0,13,3,84,881,84881,63,1999,1HTTGAHT2XJ0,1,H,T,T,G,A,H,T,2,X,J,0,0,T,INTL,F57,CC,99,17,,8,2120,1640,PYS,D,,,6,661,,,,,00000,00,,64,0,13,390964,13390964,3,2,5,1,0,0,0,0,0,0,0,998,0,1,1,0,6,2,1,0,0,0,1,13,30707,6,1,6,0,3,0,70,160,98,2,0,0,0,8,2011,6,2012,1,28,0,0,0,1,2,55,2,6,2,1,0,0,14,6,7,4,2,98,1,0
13,130949,1,1,2,8,11,17,0,42,0,1,0,13,1,49,472,49472,30,2013,5TFLU4EN9DX0,5,T,F,L,U,4,E,N,9,D,X,0,0,T,TOYT,DCL,CW,13,17,,1,0,1278,TAC,G,,,6,244,,,,B,4160,00,W,44,0,0,000000000,00000000000,0,0,0,1,0,0,0,0,0,0,0,998,0,1,4,11,6,2,42,0,0,0,1,13,31907,6,1,0,0,3,0,68,205,98,0,0,0,0,0,0,0,0,0,58,29,0,0,3,2,70,1,1,2,1,0,0,1,13,1,1,4,1,1,0
13,130950,1,1,1,8,11,23,15,8,0,1,0,13,1,20,16,20016,2,1999,1G1JC1247X72,1,G,1,J,C,1,2,4,7,X,7,2,0,P,CHEV,C/S,CP,99,17,2617,,0,1041,,G,,F,4,133,,,14R195,,,,,,0,0,000000000,00000000000,0,0,0,1,0,0,0,0,0,0,0,998,0,0,0,12,2,3,8,0,0,0,1,13,30606,6,1,0,0,3,3,69,140,98,0,0,0,0,0,0,0,0,0,86,84,0,0,3,2,65,2,1,2,1,0,0,17,80,7,2,2,13,0,0
13,130951,1,1,1,8,11,18,22,8,0,1,0,13,1,7,472,7472,30,2003,1D7HL48N43S1,1,D,7,H,L,4,8,N,4,3,S,1,0,T,DODG,DQS,CW,3,17,,2,0,1309,DAK,G,,,8,287,,,,B,4110,00,E,42,0,0,000000000,00000000000,0,0,0,1,0,0,0,0,0,0,0,998,0,0,0,12,4,3,8,0,0,0,1,13,30906,6,1,0,0,3,3,70,210,98,0,0,1,1,9,2010,11,2012,0,86,0,0,0,1,4,55,1,1,2,1,0,0,1,80,1,1,1,13,0,0
13,130952,1,1,1,9,11,21,48,8,0,1,1,13,1,37,31,37031,2,2000,1HGEJ8244YL1,1,H,G,E,J,8,2,4,4,Y,L,1,0,P,HOND,UAX,CP,0,17,2560,,0,1032,,G,,F,4,097,,,14R185,,,,,,0,0,000000000,00000000000,0,0,0,1,0,0,0,0,0,0,0,998,0,0,0,12,6,2,8,0,0,0,1,13,30117,0,0,0,0,0,0,68,185,98,0,0,0,0,0,0,0,0,1,86,0,0,0,5,4,35,1,2,2,1,0,0,1,13,1,1,4,1,0,1
13,130953,1,2,2,9,11,9,15,12,8,1,0,99,9,20,37,20037,9,2001,999999999999,9,9,9,9,9,9,9,9,9,9,9,9,0,,,,,,,,,,,,,,,,,,,,,,,,,0,0,000000000,00000000000,0,0,0,1,0,0,0,0,0,0,0,998,0,0,0,11,6,2,12,0,0,0,1,99,99999,9,9,99,0,9,9,999,999,99,99,99,99,99,99,9999,99,9999,0,28,0,0,0,1,2,45,1,1,2,1,40,3,1,10,3,2,2,64,1,0
13,130953,2,2,1,9,11,9,15,12,8,1,0,99,9,35,47,35047,9,2003,999999999999,9,9,9,9,9,9,9,9,9,9,9,9,0,,,,,,,,,,,,,,,,,,,,,,,,,0,0,000000000,00000000000,0,0,0,1,0,0,0,0,0,0,0,998,0,0,0,11,6,2,12,0,0,0,1,99,99999,9,9,99,0,9,9,999,999,99,99,99,99,99,99,9999,99,9999,0,0,0,0,0,1,2,45,1,2,2,1,40,3,1,62,3,2,1,65,0,0
13,130954,1,2,1,10,11,3,31,25,0,1,1,13,9,20,2,20002,4,2006,2G1WB58K7693,2,G,1,W,B,5,8,K,7,6,9,3,0,P,CHEV,IPL,4D,6,17,3477,,0,1105,,F,,F,6,214,,,16R225,,,,,,0,0,000000000,00000000000,0,0,0,1,0,0,0,0,0,0,0,998,0,0,0,12,6,2,8,0,0,0,1,99,99999,9,9,99,9,9,9,999,999,99,99,99,99,99,99,9999,99,9999,0,86,0,0,0,3,4,55,1,1,2,1,0,0,1,50,6,1,2,98,0,0
13,130954,2,2,5,10,11,3,31,25,0,1,0,13,6,19,3,19003,4,1998,1G6KD54Y5WU7,1,G,6,K,D,5,4,Y,5,W,U,7,0,P,CADI,DFW,4D,98,17,4012,,0,1138,,G,,F,8,279,,,16R225,,,,,,0,0,000000000,00000000000,0,0,0,1,0,0,0,0,0,0,0,998,0,0,0,6,6,2,12,0,0,0,0,0,99997,7,6,97,7,6,7,998,997,998,998,998,998,998,98,9998,98,9998,8,0,0,0,0,3,4,55,1,1,2,1,0,0,0,98,0,0,0,98,0,0
13,130955,1,1,1,10,11,4,14,34,0,1,0,13,2,20,471,20471,30,1999,1GCCS19X7XK1,1,G,C,C,S,1,9,X,7,X,K,1,0,T,CHEV,S14,PC,99,17,,1,0,1229,S,G,,,6,262,,,,B,3216,00,,42,0,0,000000000,00000000000,0,0,0,1,0,0,0,0,0,0,0,998,0,1,5,14,6,2,1,0,0,0,1,13,31566,6,1,0,0,3,0,72,145,98,0,0,0,0,0,0,0,0,0,58,29,0,0,1,2,55,3,1,2,1,98,8,14,12,6,4,4,7,1,1
13,130956,1,1,1,11,11,19,46,8,0,1,0,13,1,2,404,2404,14,1990,1J4FJ58L4LL2,1,J,4,F,J,5,8,L,4,L,L,2,0,T,JEEP,LAR,4W,90,17,,1,0,1014,CHK,G,,,6,242,,,,,2939,01,A,44,0,0,000000000,00000000000,0,0,0,1,0,0,0,0,0,0,0,998,0,0,0,12,4,1,8,0,0,0,1,13,30355,6,1,0,0,3,0,60,145,98,0,0,0,0,0,0,0,0,0,86,0,0,0,5,4,45,1,2,2,1,0,0,1,80,1,1,1,13,0,0
13,130957,1,1,1,11,11,13,15,8,0,1,0,13,2,12,23,12023,4,2010,3FAHP0JG6AR2,3,F,A,H,P,0,J,G,6,A,R,2,0,P,FORD,F/L,4D,10,17,3591,,0,1074,,F,,F,6,183,,,17R225,,,,,,0,0,000000000,00000000000,0,0,0,1,0,0,0,0,0,0,0,998,0,0,0,12,6,2,8,0,0,0,1,13,30165,1,1,5,0,2,0,72,185,98,1,0,1,5,3,2010,10,2012,0,83,86,0,0,1,2,40,1,1,2,1,98,8,1,80,1,1,1,13,0,0
13,130958,1,2,1,12,11,22,25,12,1,1,0,13,1,63,33,63033,4,2007,KNAFE1218754,K,N,A,F,E,1,2,1,8,7,5,4,0,P,KIA,SXC,4D,7,17,2701,,0,1028,,G,,F,4,122,,,15R195,,,,,,0,0,000000000,00000000000,0,0,0,1,0,0,0,0,0,0,0,998,0,0,0,12,6,2,12,0,0,0,1,13,30110,6,1,0,0,3,0,72,180,98,3,0,3,2,1,2010,7,2012,0,26,0,0,0,3,3,70,1,6,2,2,0,0,1,52,99,1,1,28,1,0
13,130958,2,2,1,12,11,22,25,12,1,1,0,99,9,84,881,84881,66,2013,3HSDJSJR6DN3,3,H,S,D,J,S,J,R,6,D,N,3,1,T,INTL,PRO,TR,13,17,,8,0,0,PRO,D,,,6,793,,,,,00000,00,,64,1,57,261902,57261902,3,6,1,1,0,0,0,0,0,0,0,998,3,0,0,6,6,2,12,0,0,0,1,99,99999,9,9,99,9,9,9,999,999,99,99,99,99,99,99,9999,99,9999,0,0,0,0,0,3,3,70,1,5,2,2,0,0,2,53,1,1,1,29,0,0
13,130959,1,1,2,12,11,3,41,35,0,1,0,13,2,2,404,2404,14,2000,1J4G248S2YC2,1,J,4,G,2,4,8,S,2,Y,C,2,0,T,JEEP,LRO,4W,0,17,,1,0,1059,GCK,G,,,6,244,,,,,3664,00,E,42,0,0,000000000,00000000000,0,0,0,1,0,0,0,0,0,0,0,998,0,1,1,14,6,2,1,0,0,0,1,13,31331,6,1,0,0,3,0,67,170,98,0,0,0,0,0,0,0,0,0,29,0,0,0,1,2,99,1,1,5,1,0,0,1,12,7,3,4,7,1,1
13,130960,1,2,1,12,11,19,14,8,0,1,1,13,1,12,881,12881,61,2003,1FDWF37P93ED,1,F,D,W,F,3,7,P,9,3,E,D,0,T,FORD,F3D,CB,3,17,,3,1650,1410,DRW,D,,,8,366,,,,D,00000,00,E,44,0,88,888888888,88888888888,2,1,98,1,0,0,0,0,0,0,0,998,0,0,0,12,4,1,8,0,0,0,1,13,30281,6,1,0,0,3,0,69,190,98,0,0,0,0,0,0,0,0,0,28,0,0,0,5,4,45,1,1,2,2,98,8,1,80,99,1,2,13,0,0
13,130960,2,2,0,12,11,19,14,8,0,1,0,13,6,12,16,12016,4,2005,2FAHP71W25X1,2,F,A,H,P,7,1,W,2,5,X,1,0,P,FORD,CVP,4D,5,17,0,,0,1147,,G,,F,8,281,,,16R225,,,,,,0,0,000000000,00000000000,0,0,0,1,0,0,0,0,0,0,0,0,0,0,0,9,2,1,12,0,0,0,0,0,99997,7,6,97,7,6,7,998,997,998,998,998,998,998,98,9998,98,9998,8,0,0,0,0,5,4,45,1,1,2,2,98,8,0,61,0,0,0,98,0,0
13,130961,1,2,1,12,11,15,29,12,6,1,0,13,2,53,706,53706,80,2006,JS1GW71A1621,J,S,1,G,W,7,1,A,1,6,2,1,0,M,SUZI,GXR,RC,6,17,,,,,,,1298,,4,,4,478,,,,,,,0,0,000000000,00000000000,0,0,0,1,0,0,0,0,0,0,0,998,0,0,0,12,6,2,12,0,0,0,1,13,31535,6,1,0,0,3,1,71,200,98,3,0,2,2,3,2011,8,2012,0,84,0,0,0,1,2,55,1,6,2,1,0,0,1,54,3,2,2,74,1,1
13,130961,2,2,1,12,11,15,29,12,6,1,0,13,3,85,881,85881,63,2006,2NKMLD9X16M1,2,N,K,M,L,D,9,X,1,6,M,1,0,T,KW,T30,CC,6,17,,8,2800,1450,CON,D,,,6,441,,,,,00000,00,,64,0,88,888888888,88888888888,3,2,97,1,0,0,0,0,0,0,0,998,0,0,0,8,6,2,12,0,0,0,1,13,31775,6,1,6,0,3,3,71,230,98,0,0,0,1,9,2012,9,2012,0,38,47,0,0,1,2,55,1,5,2,1,0,0,10,62,1,1,1,74,0,0
13,130962,1,2,3,13,11,0,58,12,1,1,0,13,2,49,32,49032,4,2007,2T1BR32EX7C7,2,T,1,B,R,3,2,E,X,7,C,7,0,P,TOYT,UCS,4D,7,17,2530,,0,1024,,G,,F,4,109,,,15R185,,,,,,0,0,000000000,00000000000,0,0,0,1,0,0,0,0,0,0,0,998,0,1,5,12,6,2,12,0,0,0,1,13,31525,6,1,0,0,3,0,60,125,98,5,0,3,3,1,2010,5,2011,1,37,36,26,0,1,3,45,1,1,2,1,3,3,6,50,1,1,1,20,3,1
13,130962,2,2,3,13,11,0,58,12,1,1,0,13,3,12,881,12881,61,2011,1FDRF3GTXBEB,1,F,D,R,F,3,G,T,X,B,E,B,0,T,FORD,F3D,CB,11,17,,3,1648,1408,DRW,D,,,8,409,,,,D,5967,00,Y,42,0,88,888888888,88888888888,2,1,97,1,0,0,0,0,0,6,0,0,0,0,0,6,6,2,12,0,0,0,1,13,31406,6,1,0,0,3,0,71,200,98,0,0,0,1,4,2010,4,2010,0,0,0,0,0,1,3,45,1,1,2,1,3,3,5,53,1,1,1,21,0,0
13,130963,1,3,1,13,11,6,32,12,6,1,0,22,1,20,9,20009,2,1995,2G1FP22K5S22,2,G,1,F,P,2,2,K,5,S,2,2,0,P,CHEV,CAM,CP,95,17,3251,,0,1011,,G,,F,6,231,,,16R215,,,,,,0,0,000000000,00000000000,0,0,0,1,0,0,0,0,0,0,0,998,0,0,0,12,4,3,12,0,0,0,1,22,70401,6,1,0,0,3,0,72,250,0,0,0,1,1,6,2010,8,2010,0,39,0,0,0,1,2,45,1,2,2,1,20,3,1,17,1,1,1,86,0,0
13,130963,2,3,1,13,11,6,32,12,6,1,0,13,1,7,482,7482,31,2005,1D7HA18N25S3,1,D,7,H,A,1,8,N,2,5,S,3,0,T,DODG,SQ1,CW,5,17,,2,1605,1405,RPC,G,,,8,287,,,,B,4620,03,E,42,0,0,000000000,00000000000,0,0,0,1,0,0,0,0,0,0,0,998,0,1,1,3,6,2,12,0,0,0,1,13,30248,6,1,0,0,3,0,62,200,98,0,0,0,0,0,0,0,0,0,0,0,0,0,1,2,45,1,2,2,1,0,0,1,17,1,1,1,87,1,0
13,130963,3,3,1,13,11,6,32,12,6,1,0,13,3,20,481,20481,31,2000,1GCGK24R5YR1,1,G,C,G,K,2,4,R,5,Y,R,1,0,T,CHEV,GK2,PK,0,17,,2,0,1315,GM4,G,,,8,350,,,,C,5165,00,,44,0,0,000000000,00000000000,0,0,0,1,0,0,0,0,0,0,0,998,0,0,0,12,6,2,12,0,0,0,1,13,30228,6,1,6,0,3,0,69,212,98,0,0,0,0,0,0,0,0,0,0,0,0,0,1,2,45,1,2,2,1,0,0,1,62,7,1,1,98,0,0
13,130964,1,1,1,13,11,22,50,34,0,1,0,13,2,37,31,37031,2,1998,1HGEJ8246WL0,1,H,G,E,J,8,2,4,6,W,L,0,0,P,HOND,UAX,CP,98,17,2511,,0,1032,,G,,F,4,097,,,14R185,,,,,,0,0,000000000,00000000000,0,0,0,1,0,0,0,0,0,0,0,998,0,1,5,14,6,2,1,0,0,0,1,13,30628,6,2,0,0,3,0,65,130,98,0,0,0,0,0,0,0,0,0,58,29,0,0,1,2,35,2,3,2,1,0,0,14,12,5,4,4,7,1,0
13,130965,1,1,3,13,11,6,41,42,0,1,0,13,1,14,6,14006,4,2005,2MEFM75W45X6,2,M,E,F,M,7,5,W,4,5,X,6,0,P,MERC,MGL,4D,5,17,4094,,0,1147,,G,,F,8,281,,,16R225,,,,,,0,0,000000000,00000000000,0,0,0,1,0,0,0,0,0,0,0,998,0,0,0,8,6,2,42,0,0,0,1,13,30906,6,1,0,0,3,0,69,200,98,0,0,1,0,8,2012,8,2012,0,58,29,0,0,1,2,55,2,1,2,2,40,3,14,13,7,3,4,2,1,1
13,130966,1,1,1,13,11,1,15,1,0,1,0,13,1,20,421,20421,15,2003,1GNEC13Z53R2,1,G,N,E,C,1,3,Z,5,3,R,2,0,P,CHEV,CTA,UT,3,17,4828,,0,1160,,F,,F,8,325,,,16R265,,,,,,0,0,000000000,00000000000,0,0,0,1,0,0,0,0,0,0,0,998,0,1,5,0,6,2,1,0,0,0,1,13,30413,6,1,6,0,3,0,74,330,98,0,0,0,1,10,2012,10,2012,0,58,29,0,0,1,2,55,1,2,2,2,8,8,1,13,7,3,4,2,1,0
13,130967,1,2,4,14,11,6,46,12,2,1,0,13,1,63,38,63038,4,2010,KNAFW4A36A53,K,N,A,F,W,4,A,3,6,A,5,3,0,P,KIA,FSX,4D,10,17,2853,,0,1043,,G,,F,4,144,,,17R215,,,,,,0,0,000000000,00000000000,0,0,0,1,0,0,0,0,0,0,0,998,0,0,0,12,6,2,12,0,0,0,1,13,30506,6,1,0,0,3,0,61,230,98,0,0,0,1,2,2012,2,2012,0,28,21,0,0,1,2,55,2,5,2,1,0,0,14,10,1,1,2,50,1,0
13,130967,2,2,1,14,11,6,46,12,2,1,0,13,1,12,481,12481,31,2009,1FTRX14859FA,1,F,T,R,X,1,4,8,5,9,F,A,0,T,FORD,F15,4C,9,17,,2,1630,1330,COF,G,,,8,281,,,,B,5317,05,L,44,0,0,000000000,00000000000,0,0,0,1,0,0,0,0,0,0,0,998,0,0,0,12,6,2,12,0,0,0,1,13,30028,6,1,0,0,3,0,67,180,98,0,0,0,0,0,0,0,0,0,0,0,0,0,1,2,55,3,6,2,1,0,0,14,62,7,1,1,51,0,0
13,130968,1,2,1,14,11,14,24,1,0,1,0,93,2,84,881,84881,66,1997,2HSFBAMRXVC0,2,H,S,F,B,A,M,R,X,V,C,0,1,T,INTL,930,TR,97,17,,8,2400,1600,90S,D,,,6,774,,,,,00000,00,,64,1,57,708964,57708964,3,6,10,1,0,0,0,0,0,0,0,998,0,1,1,0,6,2,1,0,0,0,1,13,30105,6,1,6,0,3,0,67,243,98,0,0,0,1,6,2012,6,2012,0,88,28,0,0,1,2,50,2,2,2,1,0,0,14,4,6,2,2,98,1,0