STATE,ST_CASE,VEH_NO,VE_FORMS,NUMOCCS,DAY,MONTH,HOUR,MINUTE,HARM_EV,MAN_COLL,UNITTYPE,HIT_RUN,REG_STAT,OWNER,MAKE,MODEL,MAK_MOD,BODY_TYP,MOD_YEAR,VIN,VIN_1,VIN_2,VIN_3,VIN_4,VIN_5,VIN_6,VIN_7,VIN_8,VIN_9,VIN_10,VIN_11,VIN_12,TOW_VEH,VINTYPE,VINMAKE,VINA_MOD,VIN_BT,VINMODYR,VIN_LNGT,VIN_WGT,WGTCD_TR,WHLBS_LG,WHLBS_SH,SER_TR,FUELCODE,MCYCL_DS,CARBUR,CYLINDER,DISPLACE,MCYCL_CY,MCYCL_WT,TIRE_SZE,TON_RAT,TRK_WT,TRKWTVAR,VIN_REST,WHLDRWHL,J_KNIFE,MCARR_I1,MCARR_I2,MCARR_ID,GVWR,V_CONFIG,CARGO_BT,HAZ_INV,HAZ_PLAC,HAZ_ID,HAZ_CNO,HAZ_REL,BUS_USE,SPEC_USE,EMER_USE,TRAV_SP,UNDERIDE,ROLLOVER,ROLINLOC,IMPACT1,DEFORMED,TOWED,M_HARM,VEH_SC1,VEH_SC2,FIRE_EXP,DR_PRES,L_STATE,DR_ZIP,L_STATUS,L_TYPE,CDL_STAT,L_ENDORS,L_COMPL,L_RESTRI,DR_HGT,DR_WGT,PREV_ACC,PREV_SUS,PREV_DWI,PREV_SPD,PREV_OTH,FIRST_MO,FIRST_YR,LAST_MO,LAST_YR,SPEEDREL,DR_SF1,DR_SF2,DR_SF3,DR_SF4,VTRAFWAY,VNUM_LAN,VSPD_LIM,VALIGN,VPROFILE,VPAVETYP,VSURCOND,VTRAFCON,VTCONT_F,P_CRASH1,P_CRASH2,P_CRASH3,PCRASH4,PCRASH5,ACC_TYPE,DEATHS,DR_DRINK
13,130968,2,2,1,14,11,14,24,1,0,1,0,13,2,20,22,20022,4,2006,1G1AK55F5677,1,G,1,A,K,5,5,F,5,6,7,7,0,P,CHEV,BLS,4D,6,17,3216,,0,1033,,G,,F,4,134,,,15R195,,,,,,0,0,000000000,00000000000,0,0,0,1,0,0,0,0,0,0,0,998,0,0,0,12,6,2,12,0,0,0,1,13,30145,6,1,0,0,3,0,65,116,98,0,0,0,1,3,2010,3,2010,0,0,0,0,0,1,2,50,3,2,2,1,0,0,14,62,3,2,1,98,0,0
13,130969,1,1,1,14,11,18,8,8,0,1,0,13,2,49,40,49040,4,1996,4T1BG12K0TU8,4,T,1,B,G,1,2,K,0,T,U,8,0,P,TOYT,DLX,4D,96,17,2932,,0,1031,,G,,F,4,132,,,14R195,,,,,,0,0,000000000,00000000000,0,0,0,1,0,0,0,0,0,0,0,998,0,0,0,1,4,1,8,0,0,0,1,13,30677,6,2,0,0,3,0,68,120,98,0,0,0,0,0,0,0,0,0,86,0,0,0,1,2,50,1,1,2,1,0,0,1,80,1,1,1,13,0,0
13,130970,1,1,1,15,11,18,32,8,0,1,0,13,2,41,37,41037,4,2001,1YVGF22C2152,1,Y,V,G,F,2,2,C,2,1,5,2,0,P,MAZD,U6X,4D,1,17,2864,,0,1051,,G,,F,4,122,,,15R205,,,,,,0,0,000000000,00000000000,0,0,0,1,0,0,0,0,0,0,0,998,0,0,0,12,4,3,8,0,0,0,1,13,30297,1,1,0,0,2,0,75,230,98,1,0,1,1,3,2011,7,2012,0,86,0,0,0,5,4,45,1,1,2,1,0,0,1,80,3,1,1,13,0,0
13,130971,1,2,1,15,11,6,41,12,6,1,0,13,1,37,31,37031,2,1995,1HGEJ1225SL0,1,H,G,E,J,1,2,2,5,S,L,0,0,P,HOND,CEX,CP,95,17,2371,,0,1032,,G,,F,4,097,,,14R185,,,,,,0,0,000000000,00000000000,0,0,0,1,0,0,0,0,0,0,0,998,0,0,0,12,6,2,12,0,0,0,1,13,30294,6,1,0,0,3,0,67,250,98,0,0,0,0,0,0,0,0,0,39,0,0,0,3,2,45,1,1,2,2,3,3,1,17,1,1,1,69,1,0
13,130971,2,2,2,15,11,6,41,12,6,1,0,13,1,12,37,12037,4,2005,1FAFP34N25W2,1,F,A,F,P,3,4,N,2,5,W,2,0,P,FORD,ZX4,4D,5,17,2677,,0,1030,,G,,F,4,122,,,15R195,,,,,,0,0,000000000,00000000000,0,0,0,1,0,0,0,0,0,0,0,998,0,0,0,11,6,2,12,0,0,0,1,13,30034,6,1,0,0,3,0,66,195,98,0,0,0,0,0,0,0,0,0,0,0,0,0,2,2,45,1,1,2,2,3,3,11,15,1,1,1,68,0,0
13,130972,1,1,1,15,11,0,0,8,0,1,0,92,0,55,401,55401,14,2002,KM8SC73D42U2,K,M,8,S,C,7,3,D,4,2,U,2,0,P,HYUN,SAN,UT,2,17,3752,,0,1031,,G,,F,6,162,,,16R225,,,,,,0,0,000000000,00000000000,0,0,0,1,0,0,0,0,0,0,0,998,0,0,0,1,6,2,8,0,0,0,1,13,30015,6,1,0,0,3,3,63,140,98,0,0,0,0,0,0,0,0,0,86,0,0,0,1,2,55,2,5,2,2,8,8,14,80,1,1,1,13,0,0
13,130973,1,2,1,16,11,7,32,53,0,1,0,13,1,12,481,12481,31,2007,1FTPW12V27KC,1,F,T,P,W,1,2,V,2,7,K,C,0,T,FORD,F1S,CW,7,17,,2,0,1390,COF,F,,,8,329,,,,B,5176,01,E,42,0,0,000000000,00000000000,0,0,0,1,0,0,0,0,0,0,0,998,0,0,0,12,6,2,12,0,0,0,1,13,30040,1,1,0,0,2,0,69,180,98,2,0,1,2,8,2010,10,2012,0,29,0,0,0,1,2,55,3,1,2,1,0,0,14,13,1,1,4,1,1,0
13,130973,2,2,1,16,11,7,32,53,0,1,0,99,9,86,881,86881,66,2006,1M1AK06Y76N0,1,M,1,A,K,0,6,Y,7,6,N,0,1,T,MACK,CXN,TR,6,17,,8,0,0,600,D,,,6,728,,,,,00000,00,,64,1,51,760829,51760829,3,6,98,1,0,0,0,0,0,0,0,998,0,0,0,12,6,2,12,0,0,0,1,13,30533,6,1,6,0,3,3,72,220,98,0,0,1,0,2,2012,2,2012,0,0,0,0,0,1,2,55,1,1,2,1,0,0,1,62,1,1,1,98,0,0
13,130974,1,1,1,16,11,19,40,8,0,1,0,13,1,20,461,20461,21,2004,1GCFG15X0411,1,G,C,F,G,1,5,X,0,4,1,1,0,T,CHEV,E15,CG,4,17,,2,0,1350,EXP,G,,,6,262,,,,B,4832,00,,42,0,0,000000000,00000000000,0,0,0,1,0,0,0,0,0,0,0,998,0,0,0,12,4,3,8,0,0,0,1,13,30009,6,1,0,0,3,0,71,180,98,0,0,0,0,0,0,0,0,0,86,0,0,0,1,2,55,1,1,2,1,0,0,1,80,1,1,1,13,0,1
13,130975,1,1,2,17,11,17,47,42,0,1,0,24,1,18,19,18019,4,2012,2G4GS5EK1C91,2,G,4,G,S,5,E,K,1,C,9,1,0,P,BUIC,RPR,4D,12,17,3600,,0,1078,,F,,F,4,146,,,18R235,,,,,,0,0,000000000,00000000000,0,0,0,1,0,0,0,0,0,0,0,998,0,1,5,11,6,2,1,0,0,0,1,24,20715,6,1,0,0,3,0,71,160,0,0,0,0,0,0,0,0,0,0,29,0,0,0,1,2,25,2,1,2,1,0,0,14,12,3,2,4,7,1,0
13,130976,1,1,2,17,11,2,37,42,0,1,0,13,1,41,47,41047,4,1996,JM1TA2215T12,J,M,1,T,A,2,2,1,5,T,1,2,0,P,MAZD,MIM,4D,96,17,3216,,0,1083,,G,,F,6,152,,,15R205,,,,,,0,0,000000000,00000000000,0,0,0,1,0,0,0,0,0,0,0,102,0,0,0,3,6,2,42,0,0,0,1,13,30043,6,1,0,0,3,0,68,160,98,0,0,1,0,11,2012,11,2012,1,29,0,0,0,1,2,45,2,2,2,1,0,0,6,13,1,1,4,1,1,1
13,130977,1,1,1,19,11,6,26,42,0,1,0,13,1,12,481,12481,31,1999,1FTZF1724XNA,1,F,T,Z,F,1,7,2,4,X,N,A,0,T,FORD,F15,PK,99,17,,1,1385,1199,COF,G,,,6,256,,,,B,00000,00,U,42,0,0,000000000,00000000000,0,0,0,1,0,0,0,0,0,0,0,998,0,0,0,12,6,2,42,0,0,0,1,13,30240,6,1,0,0,3,0,67,185,98,0,0,0,0,0,0,0,0,0,29,0,0,0,1,2,55,2,3,2,1,0,0,14,12,1,1,4,6,1,0
13,130979,1,1,2,5,9,18,28,8,0,1,0,92,0,20,881,20881,61,1994,1GBKC34N3RJ1,1,G,B,K,C,3,4,N,3,R,J,1,0,T,CHEV,3HD,CB,94,17,,4,1835,1355,GM4,G,,,8,454,,,,D,5281,00,,42,0,88,888888888,88888888888,2,1,98,1,0,0,0,0,0,0,0,998,0,0,0,11,2,9,8,0,0,0,1,13,30040,6,1,6,0,3,0,69,190,98,1,0,1,0,8,2010,8,2010,0,86,0,0,0,1,2,45,1,1,2,1,0,0,1,80,1,1,1,13,0,0
13,130980,1,1,1,4,11,1,59,8,0,1,0,13,2,2,404,2404,14,2006,1J4GS48K66C2,1,J,4,G,S,4,8,K,6,6,C,2,0,T,JEEP,LCF,4W,6,17,,1,0,1095,GCK,G,,,6,226,,,,,4181,00,E,42,0,0,000000000,00000000000,0,0,0,1,0,0,0,0,0,0,0,998,0,0,0,12,4,3,8,0,0,0,1,13,30907,6,1,0,0,3,0,67,145,98,0,0,0,0,0,0,0,0,0,86,0,0,0,5,5,45,1,1,2,1,0,0,1,80,1,1,1,13,0,0
13,130981,1,2,1,10,3,19,42,12,2,1,0,92,0,37,702,37702,80,2006,JH2HE07CX6K3,J,H,2,H,E,0,7,C,X,6,K,3,0,M,HOND,85R,MX,6,17,,,,,,,84,,1,,2,144,,,,,,,0,0,000000000,00000000000,0,0,0,1,0,0,0,0,0,0,0,998,0,0,0,12,6,2,12,0,0,0,1,13,31709,0,0,0,0,0,0,999,999,98,0,0,0,0,0,0,0,0,0,24,0,0,0,1,2,30,1,1,2,1,0,0,1,62,1,1,1,51,1,0
13,130981,2,2,2,10,3,19,42,12,2,1,0,13,2,49,40,49040,4,1996,JT2BG12K6T03,J,T,2,B,G,1,2,K,6,T,0,3,0,P,TOYT,DLX,4D,96,17,2932,,0,1031,,G,,F,4,132,,,14R195,,,,,,0,0,000000000,00000000000,0,0,0,1,0,0,0,0,0,0,0,998,0,0,0,12,6,2,12,0,0,0,1,13,31719,6,2,0,0,3,0,69,185,98,0,0,0,0,0,0,0,0,0,28,0,0,0,1,2,30,1,1,2,1,0,0,6,10,1,1,1,50,0,0
13,130982,1,3,1,11,10,19,19,12,1,1,0,13,2,59,32,59032,4,2000,JT8BH68X6Y00,J,T,8,B,H,6,8,X,6,Y,0,0,0,P,LEXS,GS4,4D,0,17,3693,,0,1102,,G,,F,8,242,,,16R225,,,,,,0,0,000000000,00000000000,0,0,0,1,0,0,0,0,0,0,0,998,0,0,0,12,6,2,12,0,0,0,1,13,30252,6,1,0,0,3,0,68,185,98,0,0,1,0,7,2012,7,2012,0,26,0,0,0,1,4,55,1,2,2,1,0,0,1,50,6,1,1,20,0,0
13,130982,2,3,1,11,10,19,19,12,1,1,0,13,1,49,32,49032,4,2010,2T1BU4EE2AC5,2,T,1,B,U,4,E,E,2,A,C,5,0,P,TOYT,CBL,4D,10,17,2723,,0,1024,,G,,F,4,110,,,15R195,,,,,,0,0,000000000,00000000000,0,0,0,1,0,0,0,0,0,0,0,0,0,0,0,6,4,3,12,0,0,0,1,13,30248,6,1,0,0,3,0,69,220,98,0,0,0,0,0,0,0,0,0,0,0,0,0,1,4,55,1,2,2,1,0,0,5,53,1,1,1,21,0,0
13,130982,3,3,1,11,10,19,19,12,1,1,0,13,1,12,471,12471,30,1989,1FTCR10A7KUA,1,F,T,C,R,1,0,A,7,K,U,A,0,T,FORD,RNG,PK,89,17,,1,1140,1080,RNG,G,,,4,140,,,,B,2674,01,A,42,0,0,000000000,00000000000,0,0,0,1,0,0,0,0,0,0,0,998,0,0,0,12,6,2,12,0,0,0,1,13,30281,6,1,0,0,3,3,70,180,98,0,0,0,0,0,0,0,0,0,0,0,0,0,1,4,55,1,2,2,1,0,0,1,62,1,1,1,98,1,0
13,130983,1,2,1,16,11,8,52,12,6,1,0,13,2,20,32,20032,4,1990,1Y1SK7467LZ1,1,Y,1,S,K,7,4,6,7,L,Z,1,0,P,GEO,GEP,4H,90,17,2376,,0,957,,G,,F,4,097,,,13R175,,,,,,0,0,000000000,00000000000,0,0,0,1,0,0,0,0,0,0,0,998,0,0,0,1,4,3,12,0,0,0,1,24,20705,6,1,0,0,3,0,65,148,0,0,0,0,0,0,0,0,0,0,38,0,0,0,2,2,45,1,1,2,1,0,0,11,15,1,1,1,68,1,0
13,130983,2,2,1,16,11,8,52,12,6,1,0,13,1,54,35,54035,4,2005,19UUA66215A0,1,9,U,U,A,6,6,2,1,5,A,0,0,P,ACUR,ATL,4D,5,17,3575,,0,1081,,G,,F,6,197,,,17R235,,,,,,0,0,000000000,00000000000,0,0,0,1,0,0,0,0,0,0,0,998,0,0,0,12,4,3,12,0,0,0,1,13,30019,6,1,0,0,3,3,71,175,98,0,0,0,0,0,0,0,0,0,0,0,0,0,2,2,45,1,1,2,1,0,0,1,63,1,1,1,69,0,0
13,130984,1,2,1,17,11,9,0,12,6,1,0,13,1,18,7,18007,4,2001,2G4WS52J8111,2,G,4,W,S,5,2,J,8,1,1,1,0,P,BUIC,CCU,4D,1,17,3368,,0,1090,,G,,F,6,191,,,15R205,,,,,,0,0,000000000,00000000000,0,0,0,1,0,0,0,0,0,0,0,998,0,0,0,3,6,2,12,0,0,0,1,13,30747,6,1,0,0,3,1,63,115,98,0,0,0,0,0,0,0,0,0,58,0,0,0,1,2,55,3,5,2,1,28,3,14,13,7,4,6,66,1,0
13,130984,2,2,1,17,11,9,0,12,6,1,0,13,1,20,422,20422,15,2006,3GNEC16Z46G1,3,G,N,E,C,1,6,Z,4,6,G,1,0,P,CHEV,C15,UT,6,17,5269,,0,1300,,F,,F,8,323,,,16R265,,,,,,0,0,000000000,00000000000,0,0,0,1,0,0,0,0,0,0,0,998,0,0,0,12,6,2,12,0,0,0,1,13,30747,6,1,0,0,3,3,65,120,98,0,0,0,0,0,0,0,0,0,0,0,0,0,1,2,55,2,6,2,1,28,3,14,62,1,1,1,66,0,0
13,130985,1,2,1,17,11,18,6,12,1,1,0,13,1,20,441,20441,20,2005,1GNDM19XX5B1,1,G,N,D,M,1,9,X,X,5,B,1,0,T,CHEV,AST,ES,5,17,,1,0,1112,AST,G,,,6,262,,,,B,4321,00,,42,0,0,000000000,00000000000,0,0,0,1,0,0,0,0,0,0,0,57,0,0,0,12,4,3,12,32,0,0,1,13,31029,6,1,0,0,3,3,68,175,98,0,0,0,0,0,0,0,0,0,39,0,0,0,2,2,55,1,1,2,1,3,3,1,50,1,1,1,20,0,0
13,130985,2,2,1,17,11,18,6,12,1,1,0,13,1,50,706,50706,80,2012,SMT900K1XCT5,S,M,T,9,0,0,K,1,X,C,T,5,0,M,TRUM,BON,RS,12,17,,,,,,,865,,2,,4,495,,,,,,,0,0,000000000,00000000000,0,0,0,1,0,0,0,0,0,0,0,0,0,0,0,6,6,2,12,0,0,0,1,13,31216,6,1,0,0,3,0,68,240,98,0,0,0,0,0,0,0,0,0,0,0,0,0,3,2,55,1,1,2,1,3,3,5,53,1,1,1,21,1,0
13,130986,1,1,1,18,11,10,54,1,0,1,0,13,2,23,421,23421,15,2002,1GKEC13V02J1,1,G,K,E,C,1,3,V,0,2,J,1,0,T,GMC,YUK,4W,2,17,,2,0,1160,YUK,G,,,8,293,,,,B,4875,00,K,42,0,0,000000000,00000000000,0,0,0,1,0,0,0,0,0,0,0,998,0,2,2,0,6,2,1,0,0,0,1,13,30058,6,1,0,0,3,0,71,130,98,0,0,0,0,0,0,0,0,0,85,0,0,0,3,3,55,1,1,2,1,0,0,1,13,6,7,4,2,1,0
13,130987,1,2,1,18,11,13,40,12,2,1,0,13,1,20,22,20022,4,2005,1G1AK52F0575,1,G,1,A,K,5,2,F,0,5,7,5,0,P,CHEV,CBT,4D,5,17,3216,,0,1033,,G,,F,4,134,,,15R195,,,,,,0,0,000000000,00000000000,0,0,0,1,0,0,0,0,0,0,0,998,0,0,0,12,6,2,12,0,0,0,1,13,30088,6,1,0,0,3,0,64,240,98,0,0,0,0,0,0,0,0,0,0,0,0,0,1,4,45,1,1,2,1,0,0,1,10,1,1,1,50,1,1
13,130987,2,2,4,18,11,13,40,12,2,1,0,13,1,59,31,59031,4,2009,JTHBJ46G7922,J,T,H,B,J,4,6,G,7,9,2,2,0,P,LEXS,E35,4D,9,17,3580,,0,1093,,G,,F,6,211,,,17R215,,,,,,0,0,000000000,00000000000,0,0,0,1,0,0,0,0,0,0,0,998,0,0,0,12,6,2,12,0,0,0,1,13,30038,6,1,0,0,3,0,66,135,98,0,0,0,1,3,2012,3,2012,0,0,0,0,0,1,4,45,1,1,2,1,0,0,1,62,1,1,1,51,0,0
13,130988,1,2,1,19,11,15,55,12,2,1,0,47,2,76,706,76706,80,1986,JYA1UX005GA0,J,Y,A,1,U,X,0,0,5,G,A,0,0,M,YAMA,FJ2,RC,86,17,,,,,,,1188,,4,,4,518,,,,,,,0,0,000000000,00000000000,0,0,0,1,0,0,0,0,0,0,0,998,0,0,0,12,6,2,12,0,0,0,1,13,30701,3,1,0,0,2,0,68,142,98,0,0,0,0,0,0,0,0,1,36,0,0,0,1,2,50,2,6,2,1,0,0,14,10,1,1,1,50,1,0
13,130988,2,2,1,19,11,15,55,12,2,1,0,13,1,49,40,49040,4,2003,4T1BE32K23U2,4,T,1,B,E,3,2,K,2,3,U,2,0,P,TOYT,UXS,4D,3,17,2993,,0,1071,,G,,F,4,144,,,15R205,,,,,,0,0,000000000,00000000000,0,0,0,1,0,0,0,0,0,0,0,998,0,0,0,12,6,2,12,0,0,0,1,13,30752,6,1,0,0,3,3,69,141,98,0,0,0,0,0,0,0,0,0,0,0,0,0,1,2,50,3,6,2,1,0,0,14,62,1,1,1,51,0,0
13,130989,1,1,1,19,11,14,22,1,0,1,0,93,3,85,881,85881,66,1998,1XKDDB9X5WJ7,1,X,K,D,D,B,9,X,5,W,J,7,1,T,KW,T80,TR,98,17,,8,2600,1600,CON,D,,,6,893,,,,,00000,00,,64,1,57,2260273,572260273,3,6,1,1,0,0,0,0,0,0,0,998,0,1,6,0,6,2,1,0,0,0,1,13,31543,6,1,6,0,3,1,73,190,98,1,0,0,1,4,2011,1,2012,1,0,0,0,0,1,2,55,2,1,2,1,0,0,14,12,1,1,4,6,1,0
13,130990,1,2,1,20,11,18,13,12,6,1,0,12,1,72,706,72706,80,2007,1HD1FC4177Y6,1,H,D,1,F,C,4,1,7,7,Y,6,0,M,HD,FLU,RS,7,17,,,,,,,1584,,2,,4,808,,,,,,,0,0,000000000,00000000000,0,0,0,1,0,0,0,0,0,0,0,998,0,0,0,12,6,2,12,0,0,0,1,12,32926,6,1,0,0,3,3,69,999,0,0,0,0,0,0,0,0,0,0,0,0,0,0,1,4,45,1,2,2,1,3,3,1,65,1,1,1,84,1,0
13,130990,2,2,1,20,11,18,13,12,6,1,0,13,1,7,472,7472,30,2001,1B7GL2AN81S1,1,B,7,G,L,2,A,N,8,1,S,1,0,T,DODG,QAD,CW,1,17,,1,0,1309,DAK,G,,,8,287,,,,B,4033,00,U,42,0,0,000000000,00000000000,0,0,0,1,0,0,0,0,0,0,0,998,0,0,0,3,6,2,12,0,0,0,1,13,30907,6,1,6,0,3,3,70,160,98,0,0,0,1,2,2010,2,2010,0,38,0,0,0,1,2,45,1,2,2,1,3,3,11,15,1,1,1,84,0,0
13,130991,1,2,1,20,11,15,3,12,6,1,0,13,2,12,481,12481,31,2005,1FTRX12W95NB,1,F,T,R,X,1,2,W,9,5,N,B,0,T,FORD,F15,4C,5,17,,2,1450,1260,COF,G,,,8,281,,,,B,5065,04,U,42,0,0,000000000,00000000000,0,0,0,1,0,0,0,0,0,0,0,998,0,0,0,10,4,3,12,0,0,0,1,13,30024,6,2,0,0,3,0,68,150,98,0,0,0,0,0,0,0,0,0,38,0,0,0,1,2,45,1,1,2,1,20,3,11,15,1,1,1,68,0,0
13,130991,2,2,1,20,11,15,3,12,6,1,0,13,1,54,38,54038,3,2005,JH4DC53055S0,J,H,4,D,C,5,3,0,5,5,S,0,0,P,ACUR,RST,2H,5,17,2840,,0,1012,,G,,F,4,122,,,17R215,,,,,,0,0,000000000,00000000000,0,0,0,1,0,0,0,0,0,0,0,998,0,0,0,12,6,2,12,0,0,0,1,13,30518,6,1,6,0,3,3,73,200,98,0,0,0,0,0,0,0,0,0,0,0,0,0,1,2,45,1,1,2,1,0,0,1,67,1,1,1,69,1,0
13,130992,1,1,1,20,11,12,34,42,0,1,0,37,1,37,39,37039,5,2007,JHMGD38677S0,J,H,M,G,D,3,8,6,7,7,S,0,0,P,HOND,FIS,4H,7,17,2551,,0,965,,G,,F,4,091,,,15R195,,,,,,0,0,000000000,00000000000,0,0,0,1,0,0,0,0,0,0,0,998,0,0,0,12,6,2,42,0,0,0,1,37,27801,6,1,0,0,3,0,64,999,0,0,0,0,0,0,0,0,0,0,0,0,0,0,3,3,70,1,1,2,1,0,0,1,12,1,1,4,6,1,0
13,130993,1,2,2,20,11,18,12,12,2,1,0,13,2,12,16,12016,4,2001,2FAFP71W61X1,2,F,A,F,P,7,1,W,6,1,X,1,0,P,FORD,CVP,4D,1,17,3996,,0,1147,,G,,F,8,281,,,16R225,,,,,,0,0,000000000,00000000000,0,0,0,1,0,0,0,0,0,0,0,998,0,0,0,12,6,2,12,0,0,0,1,13,31331,6,1,0,0,3,0,67,142,98,0,0,0,2,11,2011,1,2012,0,0,0,0,0,1,2,45,1,1,2,1,0,0,6,10,1,1,2,50,0,1
13,130993,2,2,2,20,11,18,12,12,2,1,0,13,2,20,2,20002,4,2003,2G1WH52K3392,2,G,1,W,H,5,2,K,3,3,9,2,0,P,CHEV,IPL,4D,3,17,3466,,0,1105,,G,,F,6,231,,,16R225,,,,,,0,0,000000000,00000000000,0,0,0,1,0,0,0,0,0,0,0,998,0,0,0,12,6,2,12,0,0,0,1,13,31304,6,1,0,0,3,3,67,250,98,0,0,0,1,4,2011,4,2011,0,0,0,0,0,1,2,45,1,1,2,1,0,0,1,62,1,1,1,51,1,0
13,130994,1,1,1,20,11,23,43,8,0,1,0,13,1,20,431,20431,16,1999,3GNEC16R3XG2,3,G,N,E,C,1,6,R,3,X,G,2,0,P,CHEV,C15,UT,99,17,4825,,0,1315,,G,,F,8,350,,,15R235,,,,,,0,0,000000000,00000000000,0,0,0,1,0,0,0,0,0,0,0,998,0,0,0,12,2,1,8,0,0,0,1,13,30815,6,1,0,0,3,0,66,142,98,0,0,1,0,5,2011,5,2011,0,0,0,0,0,5,4,45,1,1,2,1,0,0,1,80,1,1,1,13,0,0
13,130995,1,2,1,20,11,12,41,12,6,1,0,13,1,7,482,7482,31,2003,1D3HU18Z73J5,1,D,3,H,U,1,8,Z,7,3,J,5,0,T,DODG,SQ1,CW,3,17,,2,1605,1405,RPC,G,,,8,360,,,,B,5005,02,K,44,0,0,000000000,00000000000,0,0,0,1,0,0,0,0,0,0,0,998,0,0,0,11,6,2,12,0,0,0,1,13,30528,6,1,0,0,3,0,74,195,98,0,0,0,0,0,0,0,0,0,38,0,0,0,0,0,0,0,0,0,0,20,3,11,98,1,1,1,82,0,0
13,130995,2,2,1,20,11,12,41,12,6,1,0,13,1,12,37,12037,4,2010,1FAHP3FN3AW1,1,F,A,H,P,3,F,N,3,A,W,1,0,P,FORD,FSE,4D,10,17,2623,,0,1029,,G,,F,4,122,,,15R195,,,,,,0,0,000000000,00000000000,0,0,0,1,0,0,0,0,0,0,0,998,0,0,0,12,6,2,12,0,0,0,1,13,30525,6,1,0,0,3,3,62,125,98,0,0,0,0,0,0,0,0,0,0,0,0,0,1,2,55,1,3,2,1,28,3,1,72,1,1,1,83,1,0
13,130996,1,1,2,21,11,12,33,9,0,1,0,13,3,98,981,98981,51,2012,2PCH33491CC7,2,P,C,H,3,3,4,9,1,C,C,7,0,U,,,,,17,,,,,,,,,,,,,,,,,,,0,57,507417,57507417,3,21,22,1,0,0,0,0,5,0,0,998,0,0,0,12,2,1,9,0,0,0,1,13,30101,6,1,6,1,3,1,67,165,98,0,0,0,0,0,0,0,0,0,26,0,0,0,2,4,55,1,2,2,1,0,0,1,83,1,1,1,13,0,0
13,130997,1,2,1,21,11,6,6,12,1,1,0,13,2,20,481,20481,31,2000,1GCEC14TXYZ1,1,G,C,E,C,1,4,T,X,Y,Z,1,0,T,CHEV,SC1,PK,0,17,,2,1330,1190,SIL,G,,,8,325,,,,B,3923,02,,42,0,0,000000000,00000000000,0,0,0,1,0,0,0,0,0,0,0,998,0,0,0,12,6,2,12,0,0,0,1,13,31419,6,1,0,0,3,0,61,130,98,1,0,0,0,6,2010,6,2010,0,0,0,0,0,1,4,45,1,1,2,1,0,0,1,50,1,1,1,20,1,0
13,130997,2,2,1,21,11,6,6,12,1,1,0,94,3,92,981,92981,52,2009,15GGB3015911,1,5,G,G,B,3,0,1,5,9,1,1,0,T,GILL,,,9,17,,,,,,,,,,,,,,,,,,,0,88,888888888,88888888888,3,21,22,1,0,0,0,0,6,0,0,0,0,0,0,6,4,3,12,0,0,0,1,13,31419,6,1,6,1,3,1,70,248,98,0,0,0,1,3,2010,3,2010,0,0,0,0,0,1,4,45,1,1,2,1,0,0,5,53,1,1,1,21,0,0
13,130998,1,1,1,21,11,18,56,8,0,1,0,13,1,24,5,24005,4,2003,1G8JW54R73Y5,1,G,8,J,W,5,4,R,7,3,Y,5,0,P,STRN,L30,4D,3,17,3197,,0,1065,,G,,F,6,183,,,16R215,,,,,,0,0,000000000,00000000000,0,0,0,1,0,0,0,0,0,0,0,998,0,0,0,12,4,3,8,0,0,0,1,13,30039,6,1,0,0,3,3,64,148,98,0,0,0,0,0,0,0,0,0,0,0,0,0,3,2,45,1,1,2,1,0,0,1,83,1,1,1,13,0,0
13,130999,1,1,2,22,11,15,26,38,0,1,0,13,2,7,482,7482,31,1997,3B7HC13Z0VG7,3,B,7,H,C,1,3,Z,0,V,G,7,0,T,DODG,150,PC,97,17,,2,1547,1387,RPC,G,,,8,360,,,,B,4379,01,M,42,0,0,000000000,00000000000,0,0,0,1,0,0,0,0,0,0,0,998,0,1,6,12,6,2,1,0,0,0,1,13,30401,6,2,0,0,3,0,71,125,98,0,0,0,0,0,0,0,0,0,0,0,0,0,1,2,55,3,6,2,1,0,0,14,13,1,1,4,1,1,0
13,131000,1,1,1,22,11,3,20,42,0,1,0,13,1,35,34,35034,2,1985,JN1HZ16S6FX0,J,N,1,H,Z,1,6,S,6,F,X,0,0,P,NISS,3X2,2H,85,17,3034,,0,992,,G,,F,6,181,,,15R215,,,,,,0,0,000000000,00000000000,0,0,0,1,0,0,0,0,0,0,0,998,0,0,0,9,6,2,42,0,0,0,1,13,30506,6,1,0,0,3,0,72,195,98,3,0,2,4,5,2010,5,2012,1,0,0,0,0,1,2,55,3,2,2,1,0,0,14,13,1,1,4,1,1,1
13,131001,1,1,1,22,11,22,30,34,0,1,0,1,2,14,401,14401,14,2004,4M2ZU66KX4UJ,4,M,2,Z,U,6,6,K,X,4,U,J,6,P,MERC,MOU,UT,4,17,4226,,0,1138,,F,,F,6,245,,,16R235,,,,,,1,0,000000000,00000000000,0,0,0,1,0,0,0,0,0,0,0,998,0,0,0,12,6,2,34,0,0,0,1,1,36804,6,1,0,0,3,0,73,235,1,0,0,1,0,7,2010,9,2011,0,0,0,0,0,1,2,55,1,1,2,1,28,3,1,4,1,3,4,2,1,0
13,131002,1,1,2,22,11,20,40,8,0,1,0,13,2,23,421,23421,15,2005,2GTEK13T8513,2,G,T,E,K,1,3,T,8,5,1,3,0,T,GMC,NK1,CW,5,17,,2,0,1435,SIE,G,,,8,325,,,,B,5299,00,E,44,0,0,000000000,00000000000,0,0,0,1,0,0,0,0,0,0,0,998,0,0,0,12,6,2,8,0,0,0,1,13,31806,6,2,0,0,3,1,71,155,98,0,0,0,0,0,0,0,0,0,0,0,0,0,1,2,55,1,1,2,1,0,0,1,80,1,1,1,13,0,0