STATE,ST_CASE,VEH_NO,VE_FORMS,NUMOCCS,DAY,MONTH,HOUR,MINUTE,HARM_EV,MAN_COLL,UNITTYPE,HIT_RUN,REG_STAT,OWNER,MAKE,MODEL,MAK_MOD,BODY_TYP,MOD_YEAR,VIN,VIN_1,VIN_2,VIN_3,VIN_4,VIN_5,VIN_6,VIN_7,VIN_8,VIN_9,VIN_10,VIN_11,VIN_12,TOW_VEH,VINTYPE,VINMAKE,VINA_MOD,VIN_BT,VINMODYR,VIN_LNGT,VIN_WGT,WGTCD_TR,WHLBS_LG,WHLBS_SH,SER_TR,FUELCODE,MCYCL_DS,CARBUR,CYLINDER,DISPLACE,MCYCL_CY,MCYCL_WT,TIRE_SZE,TON_RAT,TRK_WT,TRKWTVAR,VIN_REST,WHLDRWHL,J_KNIFE,MCARR_I1,MCARR_I2,MCARR_ID,GVWR,V_CONFIG,CARGO_BT,HAZ_INV,HAZ_PLAC,HAZ_ID,HAZ_CNO,HAZ_REL,BUS_USE,SPEC_USE,EMER_USE,TRAV_SP,UNDERIDE,ROLLOVER,ROLINLOC,IMPACT1,DEFORMED,TOWED,M_HARM,VEH_SC1,VEH_SC2,FIRE_EXP,DR_PRES,L_STATE,DR_ZIP,L_STATUS,L_TYPE,CDL_STAT,L_ENDORS,L_COMPL,L_RESTRI,DR_HGT,DR_WGT,PREV_ACC,PREV_SUS,PREV_DWI,PREV_SPD,PREV_OTH,FIRST_MO,FIRST_YR,LAST_MO,LAST_YR,SPEEDREL,DR_SF1,DR_SF2,DR_SF3,DR_SF4,VTRAFWAY,VNUM_LAN,VSPD_LIM,VALIGN,VPROFILE,VPAVETYP,VSURCOND,VTRAFCON,VTCONT_F,P_CRASH1,P_CRASH2,P_CRASH3,PCRASH4,PCRASH5,ACC_TYPE,DEATHS,DR_DRINK
13,131072,1,1,1,13,12,4,15,57,0,1,0,45,3,51,881,51881,66,2001,4V4N19JFX1N3,4,V,4,N,1,9,J,F,X,1,N,3,1,T,VOLV,VNL,TR,1,17,,7,0,0,VVN,D,,,6,855,,,,,00000,00,,42,1,57,2339224,572339224,3,6,1,1,0,0,0,0,0,0,0,998,0,0,0,11,6,2,42,0,0,0,1,45,29512,6,1,6,0,3,0,74,320,0,0,0,0,0,0,0,0,0,0,29,0,0,0,3,2,70,1,6,2,1,0,0,1,12,1,1,4,6,1,0
13,131073,1,2,1,13,12,22,33,25,0,1,0,13,1,37,32,37032,4,2000,JHMCG5659YC0,J,H,M,C,G,5,6,5,9,Y,C,0,0,P,HOND,UEX,4D,0,17,3086,,0,1069,,G,,F,4,138,,,15R195,,,,,,0,0,000000000,00000000000,0,0,0,1,0,0,0,0,0,0,0,998,0,0,0,12,6,2,12,0,0,0,1,13,30087,6,1,0,0,3,0,69,175,98,0,0,0,0,0,0,0,0,0,29,0,0,0,3,3,45,2,1,2,1,0,0,14,12,1,1,4,6,0,0
13,131073,2,2,2,13,12,22,33,25,0,1,0,13,1,37,32,37032,4,2004,1HGCM56874A0,1,H,G,C,M,5,6,8,7,4,A,0,0,P,HOND,UEX,4D,4,17,3109,,0,1079,,G,,F,4,146,,,000000,,,,,,0,0,000000000,00000000000,0,0,0,1,0,0,0,0,0,0,0,998,0,0,0,12,6,2,12,0,0,0,1,13,30084,6,1,0,0,3,3,67,178,98,0,0,0,1,5,2011,5,2011,0,0,0,0,0,3,3,45,3,1,2,1,0,0,14,64,1,1,1,98,1,0
13,131074,1,1,1,13,12,7,11,8,0,1,0,13,1,37,402,37402,14,2007,JHLRE38347C0,J,H,L,R,E,3,8,3,4,7,C,0,0,P,HOND,CRV,UT,7,17,3389,,0,1031,,G,,F,4,146,,,17R225,,,,,,0,0,000000000,00000000000,0,0,0,1,0,0,0,0,0,0,0,998,0,0,0,12,2,3,8,0,0,0,1,13,30904,6,1,0,0,3,0,66,150,98,0,0,0,0,0,0,0,0,0,86,0,0,0,5,4,45,1,1,2,1,0,0,1,80,1,1,1,13,0,0
13,131075,1,4,1,13,12,19,3,12,1,1,0,13,1,13,1,13001,4,1994,1LNLM81W8RY6,1,L,N,L,M,8,1,W,8,R,Y,6,0,P,LINC,EXC,4D,94,17,4039,,0,1174,,G,,F,8,281,,,15R215,,,,,,0,0,000000000,00000000000,0,0,0,1,0,0,0,0,0,0,0,998,0,0,0,12,6,2,12,0,0,0,1,13,30035,6,1,0,0,3,3,63,108,98,0,0,0,0,0,0,0,0,0,26,0,0,0,1,2,45,1,1,2,1,0,0,1,50,1,1,1,20,1,0
13,131075,2,4,1,13,12,19,3,12,1,1,0,13,1,35,47,35047,4,1997,1N4BU31D4VC2,1,N,4,B,U,3,1,D,4,V,C,2,0,P,NISS,AGS,4D,97,17,2756,,0,1031,,G,,F,4,146,,,15R205,,,,,,0,0,000000000,00000000000,0,0,0,1,0,0,0,0,0,0,0,0,0,0,0,6,6,2,12,0,0,0,1,13,30012,6,1,0,0,3,0,73,215,98,0,0,0,0,0,0,0,0,0,0,0,0,0,1,2,45,1,1,2,1,0,0,5,53,1,1,1,22,0,0
13,131075,3,4,1,13,12,19,3,12,1,1,0,13,2,63,33,63033,4,2009,KNAFE2215956,K,N,A,F,E,2,2,1,5,9,5,6,0,P,KIA,SXC,4D,9,17,2701,,0,1028,,G,,F,4,122,,,15R195,,,,,,0,0,000000000,00000000000,0,0,0,1,0,0,0,0,0,0,0,998,0,0,0,11,6,2,12,0,0,0,1,13,30013,6,1,0,0,3,3,66,230,98,0,0,0,0,0,0,0,0,0,0,0,0,0,1,2,45,1,1,2,1,0,0,1,62,1,1,1,98,0,0
13,131075,4,4,2,13,12,19,3,12,1,1,0,47,1,59,32,59032,4,2005,JTHBN36F1550,J,T,H,B,N,3,6,F,1,5,5,0,0,P,LEXS,L43,4D,5,17,3990,,0,1152,,G,,F,8,262,,,17R225,,,,,,0,0,000000000,00000000000,0,0,0,1,0,0,0,0,0,0,0,998,0,0,0,12,6,2,12,0,0,0,1,47,37416,6,1,0,0,3,3,66,198,0,0,0,0,1,6,2011,6,2011,0,0,0,0,0,1,2,45,1,1,2,1,0,0,1,62,6,1,2,98,0,0
13,131076,1,1,1,13,12,2,29,53,0,1,0,13,2,34,35,34035,4,1998,WBADE5329WBV,W,B,A,D,E,5,3,2,9,W,B,V,0,P,BMW,54I,4D,98,17,3748,,0,1114,,G,,F,8,268,,,17R235,,,,,,0,0,000000000,00000000000,0,0,0,1,0,0,0,0,0,0,0,998,0,0,0,11,6,2,42,0,0,0,1,13,30223,6,1,0,0,3,0,62,110,98,0,0,0,0,0,0,0,0,1,58,29,6,0,1,2,45,2,1,2,1,98,8,14,6,6,4,4,7,1,1
13,131077,1,1,1,14,12,2,8,8,0,1,0,93,3,51,881,51881,66,2005,4V4NC9TG95N3,4,V,4,N,C,9,T,G,9,5,N,3,1,T,VOLV,VNL,TR,5,17,,8,0,0,VVN,D,,,6,915,,,,,00000,00,,64,1,57,448797,57448797,3,6,1,1,0,0,0,0,0,0,0,998,0,0,0,12,4,3,8,0,0,0,1,13,30291,6,1,6,0,3,0,69,210,98,0,0,0,0,0,0,0,0,0,86,0,0,0,6,1,70,1,1,2,1,0,0,1,80,1,1,1,13,0,0
13,131078,1,1,1,14,12,18,32,35,0,1,0,0,0,73,739,73739,90,2012,000000000000,0,0,0,0,0,0,0,0,0,0,0,0,0,,,,,,,,,,,,,,,,,,,,,,,,,0,0,000000000,00000000000,0,0,0,1,0,0,0,0,0,0,0,998,0,1,5,12,4,3,1,0,0,0,1,13,30436,0,0,0,0,1,0,75,170,98,0,0,0,0,0,0,0,0,0,29,36,0,0,1,2,45,2,1,5,1,0,0,14,13,7,1,4,1,1,1
13,131079,1,1,1,15,12,2,1,1,0,1,0,13,1,35,39,35039,4,2005,1N4BA41E25C8,1,N,4,B,A,4,1,E,2,5,C,8,0,P,NISS,MEL,4D,5,17,3321,,0,1112,,G,,F,6,214,,,17R225,,,,,,0,0,000000000,00000000000,0,0,0,1,0,0,0,0,0,0,0,998,0,1,5,0,6,2,42,0,0,0,1,13,30009,6,1,0,0,3,3,66,150,98,0,0,0,0,0,0,0,0,1,29,0,0,0,1,2,45,3,2,2,1,0,0,14,6,8,4,4,2,1,1
13,131080,1,1,1,15,12,2,50,59,0,1,0,13,1,45,31,45031,2,2007,WP0BB29977S7,W,P,0,B,B,2,9,9,7,7,S,7,0,P,PORS,TS9,CP,7,17,3510,,0,925,,G,,F,6,232,,,19R235,,,,,,0,0,000000000,00000000000,0,0,0,1,0,0,0,0,0,0,0,998,0,1,5,99,6,2,1,0,0,0,1,13,30214,6,1,0,0,3,0,69,160,98,0,0,0,0,0,0,0,0,0,29,0,0,0,5,4,45,3,2,2,1,0,0,14,13,6,4,4,2,1,1
13,131081,1,1,2,15,12,6,56,8,0,1,0,13,1,51,47,51047,4,2006,YV1RS5926625,Y,V,1,R,S,5,9,2,6,6,2,5,0,P,VOLV,S6F,4D,6,17,3393,,0,1069,,G,,T,5,154,,,16R215,,,,,,0,0,000000000,00000000000,0,0,0,1,0,0,0,0,0,0,0,998,0,0,0,12,4,1,8,0,0,0,1,13,30004,6,1,0,0,3,0,66,200,98,0,0,0,0,0,0,0,0,0,86,0,0,0,1,2,35,1,1,2,1,0,0,1,80,1,1,1,13,0,0
13,131082,1,1,1,15,12,4,59,8,0,1,0,13,1,7,472,7472,30,2007,1D7HE48K57S2,1,D,7,H,E,4,8,K,5,7,S,2,0,T,DODG,DQS,CW,7,17,,2,0,1313,DAK,G,,,6,225,,,,B,4291,00,E,42,0,0,000000000,00000000000,0,0,0,1,0,0,0,0,0,0,0,998,0,0,0,12,4,3,8,0,0,0,1,13,31093,6,1,0,0,3,3,66,190,98,0,0,0,0,0,0,0,0,0,86,0,0,0,5,4,40,1,2,2,1,0,0,1,80,1,1,1,13,0,0
13,131083,1,1,1,15,12,0,30,11,0,1,0,13,1,22,19,22019,2,2007,1G2AL15FX771,1,G,2,A,L,1,5,F,X,7,7,1,0,P,PONT,G/5,CP,7,17,2991,,0,1035,,G,,F,4,134,,,15R195,,,,,,0,0,000000000,00000000000,0,0,0,1,0,0,0,0,0,0,0,998,0,1,5,12,6,2,1,0,0,0,1,13,30336,6,1,6,0,3,0,71,200,98,0,0,0,0,0,0,0,0,0,58,83,0,0,1,2,35,2,1,2,1,98,8,14,87,1,1,1,13,1,1
13,131084,1,1,2,22,12,18,24,33,0,1,0,13,1,76,706,76706,80,2003,JYARN10E03A0,J,Y,A,R,N,1,0,E,0,3,A,0,0,M,YAMA,YFR,RC,3,17,,,,,,,998,,4,,4,382,,,,,,,0,0,000000000,00000000000,0,0,0,1,0,0,0,0,0,0,0,998,0,0,0,12,6,2,33,0,0,0,1,13,30519,6,1,0,0,2,0,71,180,98,0,0,0,0,0,0,0,0,0,39,0,0,0,1,2,35,1,1,2,1,0,0,1,14,3,2,4,14,1,1
13,131085,1,2,2,3,11,3,0,12,6,1,0,13,1,20,421,20421,15,2010,1GNUKBE06AR1,1,G,N,U,K,B,E,0,6,A,R,1,0,P,CHEV,KTA,UT,10,17,5524,,0,1160,,F,,F,8,323,,,18R265,,,,,,0,0,000000000,00000000000,0,0,0,1,0,0,0,0,0,0,0,998,0,0,0,12,6,2,12,0,0,0,1,13,31220,6,1,0,0,3,0,72,190,98,0,0,0,1,7,2012,7,2012,0,0,0,0,0,5,4,45,1,1,2,1,0,0,1,62,7,1,1,69,0,0
13,131085,2,2,4,3,11,3,0,12,6,1,0,13,1,35,32,35032,2,1995,1N4AB42D1SC5,1,N,4,A,B,4,2,D,1,S,C,5,0,P,NISS,2SE,CP,95,17,2381,,0,998,,G,,F,4,097,,,13R175,,,,,,0,0,000000000,00000000000,0,0,0,1,0,0,0,0,0,0,0,998,0,0,0,2,6,2,12,0,0,0,1,13,31204,0,0,0,0,0,0,999,999,98,0,0,0,0,0,0,0,0,0,38,0,0,0,5,4,45,1,1,2,1,0,0,11,15,99,1,2,68,1,0
13,131086,1,2,1,20,5,1,55,8,0,1,0,13,2,20,402,20402,14,2002,2CNBE6341269,2,C,N,B,E,6,3,4,1,2,6,9,0,P,CHEV,TKR,UT,2,17,2866,,0,976,,G,,F,6,152,,,15R215,,,,,,0,0,000000000,00000000000,0,0,0,1,0,0,0,0,0,0,0,998,0,0,0,12,8,1,8,0,0,0,1,13,30274,6,1,0,0,3,3,64,176,98,4,0,4,1,6,2010,3,2012,0,0,0,0,0,1,4,55,1,1,2,1,0,0,1,80,1,1,1,13,0,0
13,131086,2,2,1,20,5,1,55,8,0,1,0,13,1,34,34,34034,4,2006,WBAVB13516KR,W,B,A,V,B,1,3,5,1,6,K,R,0,P,BMW,325,4D,6,17,3285,,0,1087,,G,,F,6,182,,,16R205,,,,,,0,0,000000000,00000000000,0,0,0,1,0,0,0,0,0,0,0,998,0,0,0,12,8,1,8,0,0,0,1,13,30213,6,1,0,0,3,3,65,150,98,0,0,0,0,0,0,0,0,0,0,0,0,0,1,4,55,1,1,2,1,0,0,1,80,1,1,1,98,0,0
13,131087,1,1,1,27,10,18,2,1,0,1,0,0,0,98,998,98998,95,9999,000000000000,0,0,0,0,0,0,0,0,0,0,0,0,0,,,,,,,,,,,,,,,,,,,,,,,,,0,0,000000000,00000000000,0,0,0,1,0,0,0,0,0,0,0,998,0,1,5,0,8,8,1,0,0,0,1,13,31087,0,0,0,0,0,0,999,999,98,0,0,0,0,0,0,0,0,0,0,0,0,0,1,2,25,1,1,2,1,0,0,1,98,99,9,9,98,1,0
13,131088,1,1,1,15,12,8,8,42,0,1,0,13,2,7,482,7482,31,1999,3B7HC13Y9XG1,3,B,7,H,C,1,3,Y,9,X,G,1,0,T,DODG,Q15,4C,99,17,,2,1547,1387,RPC,G,,,8,318,,,,B,4604,02,U,42,0,0,000000000,00000000000,0,0,0,1,0,0,0,0,0,0,0,998,0,1,6,9,6,2,42,0,0,0,1,13,30038,6,1,0,0,3,0,63,150,98,1,0,0,2,7,2011,10,2012,0,58,0,0,0,1,2,45,1,1,2,1,0,0,1,10,7,3,4,6,1,1
13,131089,1,2,1,16,12,0,38,39,0,1,0,13,4,35,445,35445,21,2013,1N6BF0KM2DN1,1,N,6,B,F,0,K,M,2,D,N,1,0,T,NISS,V12,CG,13,17,,2,0,0,NNV,G,,,6,244,,,,,5640,00,S,42,0,0,000000000,00000000000,0,0,0,1,0,0,0,0,0,0,0,998,0,0,0,11,6,2,24,0,0,0,1,13,30519,6,1,0,0,3,0,72,189,98,2,0,0,1,11,2010,2,2012,0,0,0,0,0,3,5,55,1,1,2,1,0,0,1,10,99,1,4,6,1,1
13,131089,2,2,1,16,12,0,38,39,0,1,0,13,2,37,32,37032,4,1997,1HGCD5639VA0,1,H,G,C,D,5,6,3,9,V,A,0,0,P,HOND,ULE,4D,97,17,2864,,0,1069,,G,,F,4,132,,,15R185,,,,,,0,0,000000000,00000000000,0,0,0,1,0,0,0,0,0,0,0,998,0,0,0,9,6,2,12,0,0,0,1,13,30504,6,1,0,0,3,3,65,170,98,0,0,0,3,7,2010,3,2012,0,0,0,0,0,3,5,55,1,1,2,1,0,0,1,61,1,1,1,98,0,0
13,131090,1,1,1,16,12,17,44,8,0,1,0,13,2,49,401,49401,14,1998,JT3GN87RXW00,J,T,3,G,N,8,7,R,X,W,0,0,0,P,TOYT,RUN,UT,98,17,3610,,0,1053,,G,,F,6,206,,,16R265,,,,,,0,0,000000000,00000000000,0,0,0,1,0,0,0,0,0,0,0,998,0,0,0,12,4,3,8,0,0,0,1,13,30094,6,2,0,0,3,3,73,267,98,0,0,0,0,0,0,0,0,0,0,0,0,0,1,4,45,1,1,2,2,3,3,1,80,1,1,1,13,0,0
13,131091,1,2,1,17,12,16,14,12,7,1,0,13,2,30,47,30047,3,1999,3VWCC21C3XM4,3,V,W,C,C,2,1,C,3,X,M,4,0,P,VOLK,NGS,2H,99,17,2748,,0,989,,G,,F,4,121,,,16R205,,,,,,0,0,000000000,00000000000,0,0,0,1,0,0,0,0,0,0,0,998,0,1,6,11,6,2,12,0,0,0,1,13,30815,0,0,0,0,0,0,69,140,98,0,0,0,0,0,0,0,0,1,0,0,0,0,2,4,65,1,1,2,2,0,0,6,10,1,1,1,44,1,0
13,131091,2,2,2,17,12,16,14,12,7,1,0,13,3,38,882,38882,61,2006,4KLC4B1U96J8,4,K,L,C,4,B,1,U,9,6,J,8,0,T,ISU,NPR,TB,6,17,,4,1760,1090,NPR,G,,,8,366,,,,,00000,00,,42,0,88,888888888,88888888888,2,1,1,1,0,0,0,0,0,0,0,998,0,0,0,4,2,1,12,0,0,0,1,13,30907,6,1,6,0,3,0,65,190,98,3,0,2,1,3,2011,10,2012,0,0,0,0,0,2,4,65,1,1,2,2,0,0,1,61,1,1,1,45,0,0
13,131092,1,2,1,17,12,13,49,12,6,1,0,13,1,35,43,35043,4,2010,3N1AB6AP1AL6,3,N,1,A,B,6,A,P,1,A,L,6,0,P,NISS,SBL,4D,10,17,2862,,0,1057,,G,,F,4,122,,,15R205,,,,,,0,0,000000000,00000000000,0,0,0,1,0,0,0,0,0,0,0,998,0,0,0,9,6,2,12,0,0,0,1,13,30102,6,1,0,0,3,3,66,156,98,0,0,0,0,0,0,0,0,0,87,0,0,0,3,7,65,1,1,2,2,0,0,15,10,7,7,3,48,1,0
13,131092,2,2,2,17,12,13,49,12,6,1,0,12,3,7,482,7482,31,2003,3D3KU28663G7,3,D,3,K,U,2,8,6,6,3,G,7,5,T,DODG,SQ2,CW,3,17,,2,1605,1405,RPC,D,,,6,359,,,,C,5837,07,K,44,3,88,888888888,88888888888,2,2,12,1,0,0,0,0,0,0,0,998,0,0,0,12,6,2,12,0,0,0,1,12,31560,6,1,6,0,3,0,74,999,0,0,0,0,0,0,0,0,0,0,0,0,0,0,3,7,65,1,1,2,2,0,0,1,61,1,1,1,48,0,0
13,131093,1,1,1,17,12,19,8,8,0,1,0,13,1,35,402,35402,14,2004,5N1ED28T34C6,5,N,1,E,D,2,8,T,3,4,C,6,0,P,NISS,XTR,UT,4,17,3638,,0,1043,,G,,F,6,201,,,16R265,,,,,,0,0,000000000,00000000000,0,0,0,1,0,0,0,0,0,0,0,998,0,0,0,12,2,4,8,0,0,0,1,13,30907,6,1,0,0,3,0,73,220,98,0,0,2,0,11,2010,9,2012,0,0,0,0,0,1,6,45,1,1,2,1,0,0,1,80,1,1,1,13,0,0
13,131094,1,2,2,18,12,14,32,12,6,1,0,13,1,37,441,37441,20,2003,5FNRL18553B0,5,F,N,R,L,1,8,5,5,3,B,0,0,P,HOND,UDY,SV,3,17,4299,,0,1181,,G,,F,6,212,,,16R225,,,,,,0,0,000000000,00000000000,0,0,0,1,0,0,0,0,0,0,0,998,0,0,0,11,6,2,12,0,0,0,1,13,30045,6,1,0,0,3,3,69,220,98,1,0,0,2,10,2011,11,2012,0,38,0,0,0,1,2,55,1,2,2,1,20,3,1,17,1,1,1,89,1,0
13,131094,2,2,1,18,12,14,32,12,6,1,0,13,1,2,405,2405,14,2008,1J8GP28K38W1,1,J,8,G,P,2,8,K,3,8,W,1,0,T,JEEP,SPR,4W,8,17,,1,0,1061,LIB,G,,,6,226,,,,,3985,00,R,42,0,0,000000000,00000000000,0,0,0,1,0,0,0,0,0,0,0,998,0,1,9,12,6,2,12,0,0,0,1,13,30680,6,1,0,0,3,0,68,180,98,0,0,0,0,0,0,0,0,0,0,0,0,0,1,2,55,1,2,2,1,0,0,1,66,1,1,1,88,0,0
13,131095,1,1,1,18,12,20,31,8,0,1,0,13,1,20,481,20481,31,1989,1GCDC14K3KZ1,1,G,C,D,C,1,4,K,3,K,Z,1,0,T,CHEV,GC1,PK,89,17,,1,1315,1175,GM4,G,,,8,350,,,,B,4114,08,,42,0,0,000000000,00000000000,0,0,0,1,0,0,0,0,0,0,0,998,0,0,0,12,4,1,8,0,0,0,1,13,30907,6,1,0,0,3,0,74,200,98,0,0,0,1,6,2011,6,2011,0,0,0,0,0,1,6,45,1,1,2,1,0,0,1,80,1,1,1,13,0,0
13,131096,1,2,2,19,12,1,50,24,0,1,0,93,4,84,881,84881,63,2011,3HSCUAPR3BN2,3,H,S,C,U,A,P,R,3,B,N,2,1,T,INTL,PPR,TR,11,17,,8,0,0,PRO,D,,,6,915,,,,,00000,00,,64,1,99,999999999,99999999999,3,4,1,1,0,0,0,0,0,0,0,998,0,1,3,12,6,2,24,0,0,1,1,13,30161,6,1,6,0,3,1,70,210,98,0,0,0,0,0,0,0,0,0,99,99,99,99,2,6,70,1,1,2,1,0,0,1,10,1,1,4,6,2,0
13,131096,2,2,1,19,12,1,50,24,0,1,0,47,3,84,881,84881,63,2012,1HSDHSJR7CJ6,1,H,S,D,H,S,J,R,7,C,J,6,1,T,INTL,PRO,TR,12,17,,8,0,0,PRO,D,,,6,793,,,,,00000,00,,64,1,57,063419,57063419,3,4,1,1,0,0,0,0,0,0,0,998,0,0,0,12,6,2,54,0,0,0,1,13,30127,6,1,6,1,3,0,74,222,98,0,0,0,0,0,0,0,0,0,0,0,0,0,2,6,70,1,1,2,1,0,0,1,90,4,1,1,98,1,0
13,131097,1,1,2,20,12,20,30,8,0,1,0,16,1,20,482,20482,31,2003,3GNEK13T43G3,3,G,N,E,K,1,3,T,4,3,G,3,0,T,CHEV,KAV,CW,3,17,,2,0,1300,AVL,G,,,8,325,,,,B,5652,00,,44,0,0,000000000,00000000000,0,0,0,1,0,0,0,0,0,0,0,998,0,0,0,12,4,1,8,0,0,0,1,16,83434,6,1,0,0,3,0,69,250,0,0,0,0,0,0,0,0,0,0,0,0,0,0,2,6,45,1,1,2,2,3,3,1,80,1,1,1,13,0,0
13,131098,1,1,4,20,12,5,6,33,0,1,0,13,1,24,1,24001,4,1991,1G8ZJ5472MZ1,1,G,8,Z,J,5,4,7,2,M,Z,1,0,P,STRN,SL2,4D,91,17,2316,,0,1024,,G,,F,4,116,,,15R195,,,,,,0,0,000000000,00000000000,0,0,0,1,0,0,0,0,0,0,0,998,0,0,0,12,6,2,42,0,0,0,1,13,30308,1,1,0,0,2,0,64,142,98,0,0,0,0,0,0,0,0,1,0,0,0,0,1,2,45,2,2,2,1,0,0,14,12,1,4,4,7,1,1
13,131099,1,2,1,20,12,12,43,12,2,1,0,13,1,37,403,37403,14,2005,5J6YH28655L0,5,J,6,Y,H,2,8,6,5,5,L,0,0,P,HOND,ELE,UT,5,17,3587,,0,1014,,G,,F,4,146,,,16R215,,,,,,0,0,000000000,00000000000,0,0,0,1,0,0,0,0,0,0,0,998,0,0,0,12,6,2,12,0,0,0,1,13,30101,6,1,6,0,3,0,71,165,98,0,0,0,0,0,0,0,0,0,0,0,0,0,1,2,45,1,1,2,2,0,0,1,10,1,1,1,50,1,0
13,131099,2,2,1,20,12,12,43,12,2,1,0,13,3,20,481,20481,31,2011,3GCPCTE07BG2,3,G,C,P,C,T,E,0,7,B,G,2,0,T,CHEV,3SC,CW,11,17,,2,0,1435,SIL,F,,,8,323,,,,B,5110,00,,42,0,0,000000000,00000000000,0,0,0,1,0,0,0,0,0,0,0,998,0,0,0,12,6,2,12,0,0,0,1,13,30101,6,1,0,0,3,0,72,200,98,0,0,0,0,0,0,0,0,0,0,0,0,0,1,2,45,1,1,2,2,0,0,1,62,1,1,1,51,0,0
13,131100,1,2,1,21,12,19,37,12,2,1,0,13,2,49,472,49472,30,1996,4TANL42N6TZ1,4,T,A,N,L,4,2,N,6,T,Z,1,0,T,TOYT,REG,PK,96,17,,1,0,1033,TAC,G,,,4,149,,,,B,2560,00,M,42,0,0,000000000,00000000000,0,0,0,1,0,0,0,0,0,0,0,998,0,0,0,12,6,2,12,0,0,0,1,13,30519,6,1,0,0,3,0,70,180,98,0,0,0,2,1,2011,5,2011,0,0,0,0,0,1,2,45,1,1,2,1,0,0,1,10,1,1,1,50,1,0
13,131100,2,2,1,21,12,19,37,12,2,1,0,13,1,20,16,20016,4,1998,1G1JC5248W71,1,G,1,J,C,5,2,4,8,W,7,1,0,P,CHEV,CAV,4D,98,17,2630,,0,1041,,G,,F,4,133,,,14R195,,,,,,0,0,000000000,00000000000,0,0,0,1,0,0,0,0,0,0,0,998,0,0,0,12,6,2,12,32,0,0,1,13,30680,6,1,0,0,3,0,68,200,98,0,0,0,0,0,0,0,0,0,0,0,0,0,1,2,45,1,1,2,1,0,0,1,62,1,1,1,51,0,0
13,131101,1,2,2,21,12,13,25,12,7,1,0,13,1,12,422,12422,15,1998,1FMPU18L6WLB,1,F,M,P,U,1,8,L,6,W,L,B,0,P,FORD,EPT,UT,98,17,5177,,0,1190,,G,,F,8,330,,,16R255,,,,,,0,0,000000000,00000000000,0,0,0,1,0,0,0,0,0,0,0,998,0,0,0,9,6,2,59,0,0,1,1,13,30701,6,1,0,0,3,0,60,100,98,0,0,0,0,0,0,0,0,0,0,0,0,0,3,3,70,3,6,2,1,0,0,14,61,1,1,1,45,2,0
13,131101,2,2,1,21,12,13,25,12,7,1,1,99,9,99,999,99999,99,9999,999999999999,9,9,9,9,9,9,9,9,9,9,9,9,1,,,,,,,,,,,,,,,,,,,,,,,,,1,99,999999999,99999999999,9,99,99,1,0,0,0,0,99,99,9,999,0,0,0,81,9,9,12,0,0,0,1,99,99999,9,9,99,9,9,9,999,999,99,99,99,99,99,99,9999,99,9999,9,99,99,99,99,3,3,70,3,6,2,1,0,0,15,11,1,1,2,46,0,0
13,131102,1,1,1,21,12,18,14,8,0,1,0,13,1,18,3,18003,4,2001,1G4CW54K4141,1,G,4,C,W,5,4,K,4,1,4,1,0,P,BUIC,PKA,4D,1,17,3778,,0,1138,,G,,F,6,231,,,16R225,,,,,,0,0,000000000,00000000000,0,0,0,1,0,0,0,0,0,0,0,998,0,0,0,12,4,3,8,0,0,0,1,13,31404,6,1,0,0,3,3,71,176,98,2,0,0,0,12,2009,2,2010,0,0,0,0,0,1,4,40,1,1,1,1,0,0,1,80,1,1,1,13,0,0
13,131103,1,1,1,21,12,9,35,42,0,1,0,13,2,20,401,20401,14,2001,1GNCT18W11K1,1,G,N,C,T,1,8,W,1,1,K,1,0,P,CHEV,BZR,UT,1,17,3971,,0,1005,,G,,F,6,262,,,15R235,,,,,,0,0,000000000,00000000000,0,0,0,1,0,0,0,0,0,0,0,998,0,0,0,12,6,2,42,0,0,0,1,13,30747,6,1,0,0,3,0,74,200,98,1,0,0,4,4,2011,4,2012,0,0,0,0,0,1,4,35,1,5,2,1,28,3,1,12,1,1,4,6,1,0
13,131104,1,2,1,21,12,21,25,12,1,1,0,13,2,13,421,13421,15,1999,5LMPU28L2XLJ,5,L,M,P,U,2,8,L,2,X,L,J,0,P,LINC,NAV,UT,99,17,5557,,0,1190,,G,,F,8,330,,,16R245,,,,,,0,0,000000000,00000000000,0,0,0,1,0,0,0,0,0,0,0,998,0,0,0,12,6,2,12,0,0,0,1,13,30344,0,0,0,0,0,0,999,999,98,0,0,0,0,0,0,0,0,1,37,39,0,0,1,2,45,1,1,2,1,3,3,1,50,1,1,1,20,0,1
13,131104,2,2,1,21,12,21,25,12,1,1,0,37,4,35,50,35050,5,2012,3N1BC1CP3CK8,3,N,1,B,C,1,C,P,3,C,K,8,0,P,NISS,VSL,4H,12,17,2693,,0,1024,,G,,F,4,110,,,15R185,,,,,,0,0,000000000,00000000000,0,0,0,1,0,0,0,0,0,0,0,0,0,0,0,6,6,2,12,0,0,0,1,2,99507,6,1,6,0,3,0,68,190,0,0,0,0,2,8,2012,9,2012,0,0,0,0,0,1,2,45,1,1,2,1,3,3,5,53,1,1,1,21,1,0