STATE,ST_CASE,VEH_NO,VE_FORMS,NUMOCCS,DAY,MONTH,HOUR,MINUTE,HARM_EV,MAN_COLL,UNITTYPE,HIT_RUN,REG_STAT,OWNER,MAKE,MODEL,MAK_MOD,BODY_TYP,MOD_YEAR,VIN,VIN_1,VIN_2,VIN_3,VIN_4,VIN_5,VIN_6,VIN_7,VIN_8,VIN_9,VIN_10,VIN_11,VIN_12,TOW_VEH,VINTYPE,VINMAKE,VINA_MOD,VIN_BT,VINMODYR,VIN_LNGT,VIN_WGT,WGTCD_TR,WHLBS_LG,WHLBS_SH,SER_TR,FUELCODE,MCYCL_DS,CARBUR,CYLINDER,DISPLACE,MCYCL_CY,MCYCL_WT,TIRE_SZE,TON_RAT,TRK_WT,TRKWTVAR,VIN_REST,WHLDRWHL,J_KNIFE,MCARR_I1,MCARR_I2,MCARR_ID,GVWR,V_CONFIG,CARGO_BT,HAZ_INV,HAZ_PLAC,HAZ_ID,HAZ_CNO,HAZ_REL,BUS_USE,SPEC_USE,EMER_USE,TRAV_SP,UNDERIDE,ROLLOVER,ROLINLOC,IMPACT1,DEFORMED,TOWED,M_HARM,VEH_SC1,VEH_SC2,FIRE_EXP,DR_PRES,L_STATE,DR_ZIP,L_STATUS,L_TYPE,CDL_STAT,L_ENDORS,L_COMPL,L_RESTRI,DR_HGT,DR_WGT,PREV_ACC,PREV_SUS,PREV_DWI,PREV_SPD,PREV_OTH,FIRST_MO,FIRST_YR,LAST_MO,LAST_YR,SPEEDREL,DR_SF1,DR_SF2,DR_SF3,DR_SF4,VTRAFWAY,VNUM_LAN,VSPD_LIM,VALIGN,VPROFILE,VPAVETYP,VSURCOND,VTRAFCON,VTCONT_F,P_CRASH1,P_CRASH2,P_CRASH3,PCRASH4,PCRASH5,ACC_TYPE,DEATHS,DR_DRINK
15,150008,1,1,1,24,1,15,35,14,0,1,0,15,2,73,705,73705,80,2004,JKAEXVD134A0,J,K,A,E,X,V,D,1,3,4,A,0,0,M,KAWK,E5D,RC,4,17,,,,,,,500,,2,,4,388,,,,,,,0,0,000000000,00000000000,0,0,0,1,0,0,0,0,0,0,0,999,0,0,0,12,6,2,14,0,0,0,1,15,96761,6,1,0,0,2,0,68,145,0,1,1,3,1,9,2009,12,2010,1,36,0,0,0,2,2,40,1,5,2,1,0,0,6,11,9,3,5,11,1,0
15,150009,1,1,1,28,1,0,21,24,0,1,0,15,1,49,471,49471,30,1994,JT4VN93G3R50,J,T,4,V,N,9,3,G,3,R,5,0,0,T,TOYT,EL5,PC,94,17,,1,0,1219,HTP,G,,,6,180,,,,B,3120,00,A,42,0,0,000000000,00000000000,0,0,0,1,0,0,0,0,0,0,0,999,0,1,5,1,6,2,1,0,0,0,1,15,96768,6,1,0,0,3,0,68,140,1,0,0,0,2,10,2009,2,2011,1,0,0,0,0,1,2,30,1,6,2,1,0,0,1,6,4,4,4,2,1,1
15,150010,1,2,1,1,2,17,14,12,2,1,0,15,1,73,706,73706,80,2005,JKBVNKD1X5A0,J,K,B,V,N,K,D,1,X,5,A,0,0,M,KAWK,VNK,RS,5,17,,,,,,,1552,,2,,4,772,,,,,,,0,0,000000000,00000000000,0,0,0,1,0,0,0,0,0,0,0,999,0,0,0,12,6,2,12,0,0,0,1,15,96701,6,1,0,0,3,3,71,210,0,0,0,0,0,0,0,0,0,1,0,0,0,0,1,2,35,2,1,2,1,0,0,14,6,1,1,2,50,1,0
15,150010,2,2,2,1,2,17,14,12,2,1,0,15,2,12,401,12401,14,2003,1FMZU73K33ZA,1,F,M,Z,U,7,3,K,3,3,Z,A,0,P,FORD,EPR,UT,3,17,4094,,0,1137,,F,,F,6,245,,,16R235,,,,,,0,0,000000000,00000000000,0,0,0,1,0,0,0,0,0,0,0,999,0,0,0,12,4,3,12,0,0,0,1,48,96818,6,1,0,0,3,3,999,999,0,0,0,0,0,0,0,0,0,0,0,0,0,0,1,2,35,1,1,2,1,0,0,1,54,1,1,1,51,0,0
15,150011,1,2,1,5,2,19,30,12,7,1,0,15,1,7,472,7472,30,1997,1B7GL23X1VS2,1,B,7,G,L,2,3,X,1,V,S,2,0,T,DODG,DAK,PC,97,17,,1,0,1309,DAK,G,,,6,239,,,,B,3683,00,E,42,0,0,000000000,00000000000,0,0,0,1,0,0,0,0,0,0,0,999,0,0,0,81,6,2,25,0,0,0,1,15,96707,6,1,0,0,3,0,70,210,0,0,0,1,3,12,2010,11,2011,1,34,6,0,0,3,3,60,1,1,1,1,0,0,6,11,1,9,6,46,1,1
15,150011,2,2,2,5,2,19,30,12,7,1,0,15,1,12,3,12003,2,2006,1ZVHT82HX652,1,Z,V,H,T,8,2,H,X,6,5,2,0,P,FORD,MGT,CP,6,17,3483,,0,1071,,G,,F,8,281,,,17R235,,,,,,0,0,000000000,00000000000,0,0,0,1,0,0,0,0,0,0,0,999,0,0,0,8,6,2,25,0,0,0,1,6,96797,6,1,0,0,3,3,71,175,0,0,0,0,0,0,0,0,0,0,0,0,0,0,3,3,60,1,1,1,1,0,0,1,51,1,1,1,45,0,0
15,150012,1,1,1,8,2,23,40,8,0,1,0,15,3,92,981,92981,52,2003,15GGD2914310,1,5,G,G,D,2,9,1,4,3,1,0,0,U,,,,3,17,,,,,,,,,,,,,,,,,,,0,15,000001318,15000001318,3,21,22,1,0,0,0,0,6,0,0,999,0,0,0,14,0,1,8,0,0,0,1,15,96797,6,1,6,1,3,1,69,168,0,0,0,0,0,0,0,0,0,0,0,0,0,0,4,3,30,1,1,2,1,0,0,1,81,1,1,1,13,0,0
15,150013,1,2,1,9,2,9,30,18,0,1,0,15,3,12,881,12881,63,2000,3FDXF75H9YMA,3,F,D,X,F,7,5,H,9,Y,M,A,0,T,FORD,F7S,CC,0,17,,7,2600,1580,COF,D,,,6,439,,,,,00000,00,,42,0,15,000001565,15000001565,3,1,96,1,0,0,0,0,0,0,0,999,0,1,1,13,6,2,12,0,0,0,1,15,96749,6,1,6,1,3,0,67,230,0,0,0,0,1,6,2010,6,2010,0,0,0,0,0,1,2,35,1,6,2,1,0,0,1,62,1,1,1,15,0,0
15,150013,2,2,1,9,2,9,30,18,0,1,0,15,4,12,481,12481,31,2011,1FTFW1EF0BKD,1,F,T,F,W,1,E,F,0,B,K,D,0,T,FORD,F1S,CW,11,17,,2,1570,1450,COF,F,,,8,305,,,,B,5577,01,7,44,0,0,000000000,00000000000,0,0,0,1,0,0,0,0,0,0,0,999,0,0,0,13,6,2,12,0,0,0,1,15,96740,6,1,0,0,3,3,63,211,1,0,0,0,1,3,2011,12,2011,0,0,0,0,0,1,2,35,1,5,2,1,0,0,1,13,7,1,4,98,1,0
15,150014,1,1,2,12,2,2,20,30,0,1,0,15,1,48,401,48401,14,1998,JF1SF6351WH7,J,F,1,S,F,6,3,5,1,W,H,7,0,P,SUBA,FOR,UT,98,17,3040,,0,994,,G,,F,4,150,,,15R205,,,,,,0,0,000000000,00000000000,0,0,0,1,0,0,0,0,0,0,0,999,0,0,0,12,6,2,30,0,0,0,1,15,96750,6,1,0,0,3,3,63,200,1,0,0,1,0,5,2010,8,2010,1,0,0,0,0,1,2,30,2,5,2,1,0,0,14,12,1,1,4,6,1,1
15,150015,1,1,1,16,2,12,30,8,0,1,0,15,4,2,404,2404,14,2011,1J4RS4GG9BC5,1,J,4,R,S,4,G,G,9,B,C,5,0,T,JEEP,LRO,4W,11,17,,2,0,1148,GCK,F,,,6,220,,,,,4470,00,W,42,0,0,000000000,00000000000,0,0,0,1,0,0,0,0,0,0,0,999,0,0,0,12,2,1,8,0,0,0,1,48,78748,6,1,0,0,3,3,999,999,0,0,0,0,0,0,0,0,0,0,0,0,0,0,4,3,25,1,1,2,1,2,3,1,17,1,1,1,13,0,0
15,150016,1,1,2,17,2,12,15,24,0,1,0,15,4,72,706,72706,80,2011,1HD1CZ318BC4,1,H,D,1,C,Z,3,1,8,B,C,4,0,M,HD,XLN,RS,11,17,,,,,,,1200,,2,,4,545,,,,,,,0,0,000000000,00000000000,0,0,0,1,0,0,0,0,0,0,0,41,0,0,0,81,4,3,24,0,0,0,1,97,0,9,9,99,9,9,9,999,999,99,99,99,99,99,99,9999,99,9999,1,58,0,0,0,1,2,25,3,5,2,1,0,0,14,13,1,1,4,1,1,0
15,150017,1,1,4,19,2,20,17,5,0,1,1,15,1,35,472,35472,30,2006,1N6AD07U06C4,1,N,6,A,D,0,7,U,0,6,C,4,0,T,NISS,CEO,CW,6,17,,1,0,1259,FRT,G,,,6,244,,,,C,4245,02,K,42,0,0,000000000,00000000000,0,0,0,1,0,0,0,0,0,0,0,999,0,0,0,0,0,1,5,0,0,0,1,15,96744,6,1,0,0,3,3,71,200,0,0,0,0,0,0,0,0,0,9,0,0,0,0,1,2,99,9,9,9,99,0,0,1,98,1,1,1,0,1,0
15,150018,1,2,1,19,2,20,50,12,7,1,0,15,1,53,706,53706,80,1994,JS1VX51LXR21,J,S,1,V,X,5,1,L,X,R,2,1,0,M,SUZI,VS4,RS,94,17,,,,,,,1360,,2,,4,533,,,,,,,0,0,000000000,00000000000,0,0,0,1,0,0,0,0,0,0,0,999,0,0,0,61,6,2,12,0,0,0,1,15,96701,6,1,0,0,2,0,70,215,0,1,0,0,1,10,2009,11,2009,9,0,0,0,0,3,3,50,1,1,2,2,0,0,15,10,99,1,2,47,1,1
15,150018,2,2,1,19,2,20,50,12,7,1,0,15,1,13,401,13401,14,2003,5LMEU68H93ZJ,5,L,M,E,U,6,8,H,9,3,Z,J,0,P,LINC,AVI,UT,3,17,4834,,0,1137,,G,,F,8,281,,,17R245,,,,,,0,0,000000000,00000000000,0,0,0,1,0,0,0,0,0,0,0,999,0,0,0,81,4,1,12,0,0,0,1,15,96782,6,1,0,0,3,3,65,150,0,0,0,0,0,0,0,0,0,0,0,0,0,0,3,3,50,1,1,2,2,0,0,1,61,99,1,1,45,0,0
15,150019,1,1,7,23,2,17,10,1,0,1,0,15,4,7,442,7442,20,2011,2D4RN3DG1BR7,2,D,4,R,N,3,D,G,1,B,R,7,0,P,DODG,CAR,SV,11,17,4510,,0,1212,,F,,F,6,220,,,16R235,,,,,,0,0,000000000,00000000000,0,0,0,1,0,0,0,0,0,0,0,999,0,2,2,0,6,2,1,0,0,0,1,97,0,6,1,0,0,3,0,999,999,99,99,99,99,99,99,9999,99,9999,0,0,0,0,0,1,2,55,1,1,2,1,0,0,1,13,1,1,4,1,1,0
15,150020,1,1,3,24,2,18,57,8,0,1,0,15,1,63,441,63441,20,2008,KNDMB2337862,K,N,D,M,B,2,3,3,7,8,6,2,0,T,KIA,SEL,ES,8,17,,1,0,1189,SED,G,,,6,232,,,,B,4387,00,7,42,0,0,000000000,00000000000,0,0,0,1,0,0,0,0,0,0,0,999,0,0,0,12,4,3,8,0,0,0,1,15,96720,6,1,0,0,3,0,69,245,0,0,0,0,0,0,0,0,0,0,0,0,0,0,1,6,35,1,1,2,2,3,3,1,80,1,9,1,13,0,0
15,150021,1,1,1,26,2,16,10,39,0,1,0,15,1,37,706,37706,80,2002,JH2SC50062M0,J,H,2,S,C,5,0,0,6,2,M,0,0,M,HOND,CR9,RC,2,17,,,,,,,954,,4,,4,999,,,,,,,0,0,000000000,00000000000,0,0,0,1,0,0,0,0,0,0,0,999,0,0,0,12,6,2,39,0,0,0,1,15,96720,6,1,0,0,2,0,77,177,0,0,0,2,2,12,2009,1,2012,1,36,0,0,0,1,2,35,1,1,2,1,0,0,3,8,1,1,4,1,1,0
15,150022,1,2,1,28,2,17,32,12,6,1,0,15,1,30,42,30042,5,2001,9BWGT61J7140,9,B,W,G,T,6,1,J,7,1,4,0,0,P,VOLK,GLS,4H,1,17,2793,,0,989,,G,,F,4,121,,,15R195,,,,,,0,0,000000000,00000000000,0,0,0,1,0,0,0,0,0,0,0,99,0,0,0,3,6,2,12,0,0,0,1,24,96701,6,1,0,0,3,0,69,165,0,0,0,5,1,6,2009,9,2011,0,0,0,0,0,2,2,25,1,5,2,1,0,0,12,62,1,1,2,98,0,0
15,150022,2,2,1,28,2,17,32,12,6,1,0,15,1,76,706,76706,80,2001,JYARN05N21A0,J,Y,A,R,N,0,5,N,2,1,A,0,0,M,YAMA,R1C,RC,1,17,,,,,,,998,,4,,4,385,,,,,,,0,0,000000000,00000000000,0,0,0,1,0,0,0,0,0,0,0,999,0,0,0,12,6,2,12,0,0,0,1,15,96701,6,1,0,0,2,0,65,195,0,0,0,1,0,2,2012,2,2012,0,0,0,0,0,2,2,25,1,6,2,1,0,0,1,54,1,1,1,98,1,0
15,150023,1,3,1,2,3,0,31,12,6,1,0,15,2,72,706,72706,80,2011,1HD1KB416BB6,1,H,D,1,K,B,4,1,6,B,B,6,0,M,HD,FHX,RS,11,17,,,,,,,1584,,2,,4,785,,,,,,,0,0,000000000,00000000000,0,0,0,1,0,0,0,0,0,0,0,999,0,0,0,12,6,2,12,0,0,0,1,15,96795,6,1,0,0,3,1,73,280,0,0,0,0,0,0,0,0,0,0,39,0,0,0,1,5,35,1,1,2,1,2,3,1,17,1,1,1,88,1,1
15,150023,2,3,2,2,3,0,31,12,6,1,0,15,1,49,43,49043,4,1995,4T1GB11E9SU0,4,T,1,G,B,1,1,E,9,S,U,0,0,P,TOYT,UAS,4D,95,17,3265,,0,1071,,G,,F,6,183,,,15R205,,,,,,0,0,000000000,00000000000,0,0,0,1,0,0,0,0,0,0,0,999,0,0,0,7,6,2,12,0,0,0,1,15,96817,6,1,0,0,3,3,64,135,0,0,0,0,0,0,0,0,0,0,0,0,0,0,1,5,25,1,1,2,1,2,3,1,66,1,1,1,89,0,0
15,150023,3,3,2,2,3,0,31,12,6,1,0,15,3,49,442,49442,20,2004,5TDZA23C94S1,5,T,D,Z,A,2,3,C,9,4,S,1,0,P,TOYT,SIE,SV,4,17,4120,,0,1193,,G,,F,6,201,,,16R215,,,,,,0,0,000000000,00000000000,0,0,0,1,0,0,0,0,0,0,0,999,0,0,0,61,6,2,54,0,0,0,1,15,96816,6,1,0,0,3,3,999,999,0,0,0,0,0,0,0,0,0,0,0,0,0,0,1,5,25,1,1,2,1,2,3,1,17,1,1,1,98,0,0
15,150024,1,1,1,2,3,5,32,8,0,1,0,15,1,12,13,12013,4,1998,1FAFP13P1WW2,1,F,A,F,P,1,3,P,1,W,W,2,0,P,FORD,ESS,4D,98,17,2468,,0,984,,G,,F,4,122,,,14R185,,,,,,0,0,000000000,00000000000,0,0,0,1,0,0,0,0,0,0,0,15,0,0,0,12,0,1,8,0,0,0,1,15,96797,6,1,0,0,3,0,62,170,0,0,0,0,1,6,2011,6,2011,0,38,0,0,0,1,2,25,1,1,2,1,2,3,11,15,1,1,1,13,0,0
15,150025,1,1,1,3,3,12,43,59,0,1,0,15,1,73,709,73709,80,2011,JKAZX4R16BA0,J,K,A,Z,X,4,R,1,6,B,A,0,0,M,KAWK,ZXP,RC,11,17,,,,,,,599,,4,,4,421,,,,,,,0,0,000000000,00000000000,0,0,0,1,0,0,0,0,0,0,0,999,0,0,0,12,6,2,59,0,0,0,1,15,96755,6,1,0,0,2,0,72,210,0,1,0,3,1,5,2010,1,2012,1,36,0,0,0,1,2,35,3,1,2,1,0,0,6,6,1,1,4,98,1,0
15,150026,1,1,1,9,3,14,35,42,0,1,0,15,1,49,472,49472,30,2006,5TELU42N76Z2,5,T,E,L,U,4,2,N,7,6,Z,2,0,T,TOYT,DCL,CW,6,17,,1,0,1219,TAC,G,,,6,244,,,,B,4055,00,U,44,0,0,000000000,00000000000,0,0,0,1,0,0,0,0,0,0,0,999,0,0,0,9,6,2,42,0,0,0,1,15,96719,6,1,0,0,3,3,64,200,0,0,0,0,0,0,0,0,0,1,0,0,0,0,1,2,35,3,5,2,1,0,0,14,6,4,2,4,7,1,1
15,150027,1,2,2,18,3,2,58,12,2,1,0,15,2,20,34,20034,4,1995,2C1MR5295S67,2,C,1,M,R,5,2,9,5,S,6,7,0,P,GEO,GML,4D,95,17,1962,,0,931,,G,,F,4,079,,,13R155,,,,,,0,0,000000000,00000000000,0,0,0,1,0,0,0,0,0,0,0,999,0,0,0,12,6,2,12,0,0,0,1,15,96701,6,1,0,0,3,0,71,215,0,0,0,0,0,0,0,0,0,9,51,0,0,0,3,3,35,1,1,2,2,0,0,1,54,1,1,1,52,1,1
15,150027,2,2,2,18,3,2,58,12,2,1,0,15,1,49,401,49401,14,2002,JT3GN86R3202,J,T,3,G,N,8,6,R,3,2,0,2,0,P,TOYT,RUN,UT,2,17,3740,,0,1053,,G,,F,6,206,,,15R225,,,,,,0,0,000000000,00000000000,0,0,0,1,0,0,0,0,0,0,0,999,0,0,0,12,6,2,12,0,0,0,1,15,96707,6,1,0,0,3,3,65,155,0,0,0,2,1,7,2009,12,2011,0,0,0,0,0,3,3,35,1,1,2,2,0,0,1,54,1,1,1,52,0,0
15,150028,1,8,1,18,3,17,13,12,6,1,0,15,1,72,706,72706,80,1988,1HD4CEM11JY1,1,H,D,4,C,E,M,1,1,J,Y,1,0,M,HD,X8H,RS,88,17,,,,,,,883,,2,,4,465,,,,,,,0,0,000000000,00000000000,0,0,0,1,0,0,0,0,0,0,0,999,0,0,0,12,6,2,12,0,0,0,1,15,96793,6,1,0,0,2,0,67,150,0,0,0,0,0,0,0,0,0,9,0,0,0,0,1,2,45,2,6,2,1,0,0,14,10,4,1,2,64,1,1
15,150028,2,8,1,18,3,17,13,12,6,1,0,15,1,49,471,49471,30,1988,JT4RN67P8J50,J,T,4,R,N,6,7,P,8,J,5,0,0,T,TOYT,R6D,PC,88,17,,1,0,1126,X44,G,,,4,144,,,,B,3213,01,A,44,0,0,000000000,00000000000,0,0,0,1,0,0,0,0,0,0,0,999,0,0,0,7,6,2,12,0,0,0,1,15,96793,6,1,0,0,3,0,72,205,1,0,0,0,1,4,2010,9,2011,0,0,0,0,0,1,2,45,3,5,2,1,0,0,14,62,4,1,1,65,0,0
15,150028,3,8,1,18,3,17,13,12,6,1,0,15,2,49,472,49472,30,2007,5TEUU42N97Z3,5,T,E,U,U,4,2,N,9,7,Z,3,0,T,TOYT,ACC,PC,7,17,,1,0,1278,TAC,G,,,6,244,,,,B,3955,00,U,44,0,0,000000000,00000000000,0,0,0,1,0,0,0,0,0,0,0,999,0,0,0,12,6,2,12,0,0,0,1,15,96753,6,1,0,0,3,0,74,260,0,0,0,0,0,0,0,0,0,0,0,0,0,0,1,2,45,2,6,2,1,0,0,14,54,4,1,1,98,0,0
15,150028,4,8,1,18,3,17,13,12,6,1,0,15,1,72,706,72706,80,2010,1HD1KB417AB6,1,H,D,1,K,B,4,1,7,A,B,6,0,M,HD,FHX,RS,10,17,,,,,,,1584,,2,,4,810,,,,,,,0,0,000000000,00000000000,0,0,0,1,0,0,0,0,0,0,0,999,0,0,0,0,6,2,12,0,0,0,1,15,96761,6,1,0,0,3,0,67,200,1,0,0,0,0,11,2010,11,2010,0,0,0,0,0,1,2,45,2,6,2,1,0,0,14,62,2,1,1,98,0,0
15,150028,5,8,1,18,3,17,13,12,6,1,0,15,1,72,706,72706,80,1975,JR01482MC,J,R,0,1,4,8,2,M,C,,,,0,M,HD,,,75,9,,,,,,,,,,,,,,,,,,,0,0,000000000,00000000000,0,0,0,1,0,0,0,0,0,0,0,999,0,0,0,12,0,3,12,0,0,0,1,15,96732,6,1,0,0,3,0,69,183,1,0,0,0,0,3,2010,3,2010,0,0,0,0,0,1,2,45,2,6,2,1,0,0,14,62,2,1,1,98,0,1
15,150028,6,8,1,18,3,17,13,12,6,1,0,15,1,72,706,72706,80,1988,1HD1BJL38JY0,1,H,D,1,B,J,L,3,8,J,Y,0,0,M,HD,FST,RS,88,17,,,,,,,1340,,2,,4,650,,,,,,,0,0,000000000,00000000000,0,0,0,1,0,0,0,0,0,0,0,999,0,0,0,12,6,2,12,0,0,0,1,15,96753,6,1,0,0,3,1,68,155,0,0,0,0,0,0,0,0,0,0,0,0,0,0,1,2,45,2,6,2,1,0,0,14,62,1,1,1,98,0,0
15,150028,7,8,1,18,3,17,13,12,6,1,0,15,1,72,706,72706,80,1998,1HD1GDL13WY3,1,H,D,1,G,D,L,1,3,W,Y,3,0,M,HD,FDL,RS,98,17,,,,,,,1340,,2,,4,598,,,,,,,0,0,000000000,00000000000,0,0,0,1,0,0,0,0,0,0,0,999,0,0,0,12,6,2,12,0,0,0,1,15,96753,6,1,0,0,3,0,68,185,0,0,0,0,0,0,0,0,0,0,0,0,0,0,1,2,45,2,6,2,1,0,0,14,62,1,1,1,98,0,0
15,150028,8,8,1,18,3,17,13,12,6,1,0,15,1,76,706,76706,80,2004,JYAVP11E24A0,J,Y,A,V,P,1,1,E,2,4,A,0,0,M,YAMA,XVA,RS,4,17,,,,,,,1063,,2,,4,571,,,,,,,0,0,000000000,00000000000,0,0,0,1,0,0,0,0,0,0,0,999,0,0,0,12,6,2,12,0,0,0,1,15,96761,6,1,0,0,3,1,66,140,0,0,0,1,0,2,2011,2,2011,0,26,0,0,0,1,2,45,2,6,2,1,0,0,14,62,1,1,1,98,1,0
15,150029,1,2,6,25,3,6,36,12,6,1,0,15,2,7,20,7020,4,1998,3B3ES47C5WT2,3,B,3,E,S,4,7,C,5,W,T,2,0,P,DODG,NSL,4D,98,17,2537,,0,1040,,G,,F,4,122,,,14R185,,,,,,0,0,000000000,00000000000,0,0,0,1,0,0,0,0,0,0,0,77,0,1,1,3,6,2,12,0,0,0,1,15,96768,2,1,0,0,2,0,66,160,2,3,0,2,0,9,2010,9,2011,1,0,0,0,0,1,2,45,2,6,2,2,0,0,14,6,4,4,2,98,5,1
15,150029,2,2,3,25,3,6,36,12,6,1,0,15,2,53,33,53033,4,2003,JS2RC41H0352,J,S,2,R,C,4,1,H,0,3,5,2,0,P,SUZI,ASX,4H,3,17,2734,,0,976,,G,,F,4,122,,,15R195,,,,,,0,0,000000000,00000000000,0,0,0,1,0,0,0,0,0,0,0,999,0,0,0,12,6,2,12,0,0,0,1,15,96768,6,1,0,0,3,0,64,145,0,0,0,0,0,0,0,0,0,0,0,0,0,0,1,2,45,2,5,2,2,0,0,14,62,1,1,1,98,0,0
15,150030,1,1,1,28,3,22,20,43,0,1,1,15,2,37,32,37032,4,1994,1HGCD556XRA1,1,H,G,C,D,5,5,6,X,R,A,1,0,P,HOND,AEX,4D,94,17,2908,,0,1069,,G,,F,4,132,,,15R195,,,,,,0,0,000000000,00000000000,0,0,0,1,0,0,0,0,0,0,0,44,0,0,0,12,4,1,8,0,0,0,1,15,96792,6,1,0,0,3,0,67,210,0,0,0,0,0,0,0,0,0,1,0,0,0,0,1,2,35,1,1,2,1,0,0,1,6,1,9,4,2,0,1
15,150031,1,2,1,4,4,11,25,12,1,1,0,15,2,73,705,73705,80,2006,JKBZXJC126A0,J,K,B,Z,X,J,C,1,2,6,A,0,0,M,KAWK,X63,RC,6,17,,,,,,,636,,4,,4,362,,,,,,,0,0,000000000,00000000000,0,0,0,1,0,0,0,0,0,0,0,999,0,0,0,12,6,2,24,0,0,0,1,15,96727,6,1,0,0,3,0,66,200,0,0,0,2,1,6,2009,9,2011,1,0,0,0,0,1,2,50,1,1,2,1,0,0,6,6,1,1,1,24,1,1
15,150031,2,2,4,4,4,11,25,12,1,1,0,15,4,20,2,20002,4,2011,2G1WG5EK1B13,2,G,1,W,G,5,E,K,1,B,1,3,0,P,CHEV,IMT,4D,11,17,3555,,0,1105,,F,,F,6,214,,,16R225,,,,,,0,0,000000000,00000000000,0,0,0,1,0,0,0,0,0,0,0,999,0,0,0,6,4,3,12,0,0,0,1,6,91364,6,1,0,0,3,0,67,195,0,0,0,0,0,0,0,0,0,0,0,0,0,0,1,2,50,1,1,2,1,0,0,1,53,1,1,1,25,0,0
15,150032,1,2,1,6,4,1,27,12,1,1,0,15,2,20,471,20471,30,1995,1GCCS1944S81,1,G,C,C,S,1,9,4,4,S,8,1,0,T,CHEV,S14,PC,95,17,,1,0,1229,S,G,,,4,133,,,,B,3185,00,,42,0,0,000000000,00000000000,0,0,0,1,0,0,0,0,0,0,0,999,0,0,0,12,6,2,12,0,0,0,1,15,96771,6,1,0,0,3,0,71,221,1,0,0,1,0,6,2009,9,2010,1,0,0,0,0,1,2,25,1,5,2,1,0,0,1,53,1,1,1,24,1,1
15,150032,2,2,1,6,4,1,27,12,1,1,0,15,1,7,482,7482,31,2009,3D6WD68L39G5,3,D,6,W,D,6,8,L,3,9,G,5,0,T,DODG,L4T,CH,9,17,,4,1885,1645,RPC,D,,,6,408,,,,D,00000,00,E,44,0,0,000000000,00000000000,0,0,0,1,0,0,0,0,0,0,0,999,0,0,0,6,2,3,12,0,0,0,1,15,96785,6,1,6,0,3,3,72,260,0,0,0,0,0,0,0,0,0,0,0,0,0,0,1,2,25,1,5,2,1,0,0,1,51,1,1,1,25,0,0
15,150033,1,1,3,7,4,6,20,35,0,1,0,15,3,7,482,7482,31,2004,1D7GG46K04S7,1,D,7,G,G,4,6,K,0,4,S,7,0,T,DODG,DSL,PK,4,17,,1,0,1119,DAK,G,,,6,225,,,,B,3889,00,E,44,0,0,000000000,00000000000,0,0,0,1,0,0,0,0,0,0,0,999,0,2,5,12,6,2,35,0,0,0,1,15,96797,0,0,0,0,0,0,65,116,0,0,0,0,0,0,0,0,0,1,0,0,0,0,3,3,60,1,5,1,1,0,0,1,6,1,1,4,1,2,1
15,150034,1,2,2,8,4,11,34,12,6,1,0,15,2,12,481,12481,31,1990,1FTDF15N3LPA,1,F,T,D,F,1,5,N,3,L,P,A,0,T,FORD,F15,PK,90,17,,1,1330,1170,COF,G,,,8,302,,,,B,3535,01,A,42,0,0,000000000,00000000000,0,0,0,1,0,0,0,0,0,0,0,999,0,0,0,1,2,3,12,0,0,0,1,15,96761,6,1,0,0,3,1,63,160,0,0,0,0,0,0,0,0,0,0,38,0,0,0,2,2,40,1,1,2,1,0,0,10,16,1,1,1,70,0,0
15,150034,2,2,1,8,4,11,34,12,6,1,0,15,1,98,709,98709,81,2011,LJ5LT803XB10,L,J,5,L,T,8,0,3,X,B,1,0,0,U,,,,11,17,,,,,,,,,,,,,,,,,,,0,0,000000000,00000000000,0,0,0,1,0,0,0,0,0,0,0,999,0,0,0,12,6,2,12,0,0,0,1,15,96761,6,1,0,0,3,1,71,260,0,0,0,0,0,0,0,0,0,0,0,0,0,0,2,2,40,1,1,2,1,0,0,1,61,1,1,1,71,1,0
15,150035,1,1,1,11,4,7,29,9,0,1,1,15,1,49,472,49472,30,2005,5TEKU72N95Z0,5,T,E,K,U,7,2,N,9,5,Z,0,0,T,TOYT,PBD,CW,5,17,,1,0,1409,TAC,G,,,6,244,,,,B,3810,00,U,42,0,0,000000000,00000000000,0,0,0,1,0,0,0,0,0,0,0,999,0,0,0,12,4,3,9,0,0,0,1,15,96785,1,1,0,0,2,0,67,140,1,0,0,0,0,9,2010,9,2010,1,0,0,0,0,1,2,35,1,1,2,1,0,0,1,11,1,1,4,13,0,1
15,150036,1,1,1,11,4,22,20,25,0,1,0,15,1,76,703,76703,80,2006,JYA4BEE036A0,J,Y,A,4,B,E,E,0,3,6,A,0,0,M,YAMA,T25,EN,6,17,,,,,,,223,,1,,4,238,,,,,,,0,0,000000000,00000000000,0,0,0,1,0,0,0,0,0,0,0,999,0,0,0,12,6,2,25,0,0,0,1,15,96740,6,1,0,0,3,3,72,145,0,0,0,0,0,0,0,0,0,1,39,0,0,0,3,2,30,1,5,2,1,40,3,1,90,1,1,1,12,1,1
15,150037,1,2,3,20,4,18,59,12,6,1,0,15,2,2,404,2404,14,2004,1J4GW48S34C1,1,J,4,G,W,4,8,S,3,4,C,1,0,T,JEEP,LCF,4W,4,17,,1,0,1059,GCK,G,,,6,244,,,,,3888,02,E,44,0,0,000000000,00000000000,0,0,0,1,0,0,0,0,0,0,0,17,0,0,0,3,4,3,12,0,0,0,1,15,96768,6,1,0,0,3,0,71,260,0,0,0,0,1,10,2009,10,2009,0,38,0,0,0,1,2,20,1,6,2,1,0,0,11,15,1,1,1,68,0,0