STATE,ST_CASE,VEH_NO,VE_FORMS,NUMOCCS,DAY,MONTH,HOUR,MINUTE,HARM_EV,MAN_COLL,UNITTYPE,HIT_RUN,REG_STAT,OWNER,MAKE,MODEL,MAK_MOD,BODY_TYP,MOD_YEAR,VIN,VIN_1,VIN_2,VIN_3,VIN_4,VIN_5,VIN_6,VIN_7,VIN_8,VIN_9,VIN_10,VIN_11,VIN_12,TOW_VEH,VINTYPE,VINMAKE,VINA_MOD,VIN_BT,VINMODYR,VIN_LNGT,VIN_WGT,WGTCD_TR,WHLBS_LG,WHLBS_SH,SER_TR,FUELCODE,MCYCL_DS,CARBUR,CYLINDER,DISPLACE,MCYCL_CY,MCYCL_WT,TIRE_SZE,TON_RAT,TRK_WT,TRKWTVAR,VIN_REST,WHLDRWHL,J_KNIFE,MCARR_I1,MCARR_I2,MCARR_ID,GVWR,V_CONFIG,CARGO_BT,HAZ_INV,HAZ_PLAC,HAZ_ID,HAZ_CNO,HAZ_REL,BUS_USE,SPEC_USE,EMER_USE,TRAV_SP,UNDERIDE,ROLLOVER,ROLINLOC,IMPACT1,DEFORMED,TOWED,M_HARM,VEH_SC1,VEH_SC2,FIRE_EXP,DR_PRES,L_STATE,DR_ZIP,L_STATUS,L_TYPE,CDL_STAT,L_ENDORS,L_COMPL,L_RESTRI,DR_HGT,DR_WGT,PREV_ACC,PREV_SUS,PREV_DWI,PREV_SPD,PREV_OTH,FIRST_MO,FIRST_YR,LAST_MO,LAST_YR,SPEEDREL,DR_SF1,DR_SF2,DR_SF3,DR_SF4,VTRAFWAY,VNUM_LAN,VSPD_LIM,VALIGN,VPROFILE,VPAVETYP,VSURCOND,VTRAFCON,VTCONT_F,P_CRASH1,P_CRASH2,P_CRASH3,PCRASH4,PCRASH5,ACC_TYPE,DEATHS,DR_DRINK
15,150070,1,2,1,30,7,10,34,12,2,1,0,15,2,12,37,12037,4,2012,1FAHP3E25CL1,1,F,A,H,P,3,E,2,5,C,L,1,0,P,FORD,FKS,4D,12,17,2857,,0,1042,,G,,F,4,122,,,15R195,,,,,,0,0,000000000,00000000000,0,0,0,1,0,0,0,0,0,0,0,999,0,0,0,12,6,2,12,0,0,0,1,15,96738,6,1,0,0,3,0,72,190,0,0,0,1,0,7,2012,7,2012,0,0,0,0,0,1,2,45,1,1,2,1,0,0,1,10,1,9,2,50,1,0
15,150070,2,2,1,30,7,10,34,12,2,1,0,15,3,38,882,38882,61,2001,JALE5B143179,J,A,L,E,5,B,1,4,3,1,7,9,0,T,ISU,NQR,TB,1,17,,5,0,0,NQR,D,,,4,290,,,,,00000,00,,42,0,57,900358,57900358,2,1,1,1,0,0,0,0,0,0,0,999,0,0,0,12,4,3,12,0,0,0,1,15,96740,6,1,6,1,3,0,65,155,0,0,0,1,0,6,2010,6,2010,9,0,0,0,0,1,2,45,1,1,2,1,0,0,1,62,8,1,1,51,0,0
15,150071,1,2,1,1,8,20,10,12,1,1,0,15,1,37,32,37032,6,1995,1HGCE1891SA0,1,H,G,C,E,1,8,9,1,S,A,0,0,P,HOND,AEX,SW,95,17,3096,,0,1069,,G,,F,4,132,,,15R195,,,,,,0,0,000000000,00000000000,0,0,0,1,0,0,0,0,0,0,0,999,0,0,0,12,6,2,12,0,0,0,1,4,96750,6,1,0,0,3,0,72,226,0,0,0,0,0,0,0,0,0,1,8,0,0,0,1,4,35,1,5,2,2,4,3,1,51,1,1,1,24,1,1
15,150071,2,2,1,1,8,20,10,12,1,1,0,15,1,37,703,37703,80,2010,ZDCKF1016AF0,Z,D,C,K,F,1,0,1,6,A,F,0,0,U,,,,,17,,,,,,,,,,,,,,,,,,,0,0,000000000,00000000000,0,0,0,1,0,0,0,0,0,0,0,999,0,0,0,6,9,9,12,0,0,0,1,15,96740,6,1,0,0,3,3,64,150,0,0,0,0,1,12,2010,12,2010,0,0,0,0,0,1,4,35,1,5,2,2,4,3,1,53,1,1,1,25,0,0
15,150072,1,1,1,2,8,0,33,35,0,1,0,15,1,12,13,12013,4,1987,1FABP2598HW1,1,F,A,B,P,2,5,9,8,H,W,1,0,P,FORD,EGL,4H,87,17,2187,,0,942,,G,,2,4,113,,,13R165,,,,,,0,0,000000000,00000000000,0,0,0,1,0,0,0,0,0,0,0,999,0,1,5,12,6,2,35,0,0,0,1,12,96760,6,1,0,0,3,0,72,190,0,0,0,0,0,0,0,0,0,1,0,0,0,0,1,2,55,2,6,2,1,0,0,14,6,1,1,4,6,1,1
15,150073,1,1,1,2,8,19,27,8,0,1,0,15,1,35,443,35443,20,1996,4N2DN11WXTD8,4,N,2,D,N,1,1,W,X,T,D,8,0,P,NISS,QST,SV,96,17,3745,,0,1122,,G,,F,6,181,,,15R205,,,,,,0,0,000000000,00000000000,0,0,0,1,0,0,0,0,0,0,0,999,0,0,0,12,6,2,8,0,0,0,1,15,96782,6,1,0,0,3,3,71,178,0,0,0,0,0,0,0,0,0,0,0,0,0,0,2,3,35,1,1,2,1,0,0,1,80,1,1,1,13,0,0
15,150074,1,1,5,4,8,2,0,24,0,1,0,15,1,20,441,20441,20,1998,1GNDM19WXWB1,1,G,N,D,M,1,9,W,X,W,B,1,0,T,CHEV,AST,ES,98,17,,1,0,1112,AST,G,,,6,262,,,,B,4427,00,,42,0,0,000000000,00000000000,0,0,0,1,0,0,0,0,0,0,0,999,0,0,0,12,6,2,42,0,0,0,1,15,96746,6,1,0,0,3,0,66,175,0,0,0,0,0,0,0,0,0,1,8,0,0,0,1,3,35,3,6,2,1,0,0,14,6,1,7,4,2,2,1
15,150075,1,1,1,4,8,15,40,33,0,1,0,15,1,73,709,73709,80,2006,JKBZXJD146A0,J,K,B,Z,X,J,D,1,4,6,A,0,0,M,KAWK,X63,RC,6,17,,,,,,,636,,4,,4,362,,,,,,,0,0,000000000,00000000000,0,0,0,1,0,0,0,0,0,0,0,999,0,0,0,99,6,2,31,0,0,0,1,12,96819,6,1,0,0,3,0,68,232,0,0,0,0,0,0,0,0,0,1,8,0,0,0,3,2,25,3,1,2,1,0,0,14,6,1,1,4,1,1,0
15,150076,1,1,1,7,8,21,33,8,0,1,1,99,9,99,999,99999,99,9999,999999999999,9,9,9,9,9,9,9,9,9,9,9,9,0,U,,,,9,17,,,,,,,,,,,,,,,,,,,0,0,000000000,00000000000,0,0,0,1,0,0,0,0,0,0,0,999,0,0,0,12,9,1,8,99,99,0,1,99,99999,9,9,99,9,9,9,999,999,99,99,99,99,99,99,9999,99,9999,9,99,99,99,99,1,4,25,1,1,2,1,0,0,1,17,1,1,1,13,0,0
15,150077,1,1,1,8,8,6,44,8,0,1,0,15,3,85,881,85881,66,2000,1XKDDB9X7YR8,1,X,K,D,D,B,9,X,7,Y,R,8,0,T,KW,T80,TR,0,17,,8,2600,1600,CON,D,,,6,893,,,,,00000,00,,64,0,57,62985,5762985,3,5,96,1,0,0,0,0,0,0,0,999,0,0,0,5,0,1,8,0,0,0,1,15,96768,6,1,6,1,3,1,69,170,0,0,0,0,0,0,0,0,0,0,39,0,0,0,1,3,20,1,1,2,1,20,3,10,80,1,1,1,13,0,0
15,150078,1,1,2,11,8,0,45,14,0,1,0,15,1,37,31,37031,2,1991,2HGED7365MH5,2,H,G,E,D,7,3,6,5,M,H,5,0,P,HOND,CVS,2H,91,17,2291,,0,984,,G,,F,4,097,,,14R185,,,,,,0,0,000000000,00000000000,0,0,0,1,0,0,0,0,0,0,0,28,0,0,0,81,6,2,8,0,0,0,1,15,96826,6,1,0,0,3,0,65,125,0,0,0,2,0,1,2011,9,2011,1,8,0,0,0,1,2,25,3,1,2,1,0,0,14,13,1,1,4,1,0,1
15,150079,1,1,1,16,8,5,55,8,0,1,0,15,1,37,31,37031,4,2004,1HGES16464L0,1,H,G,E,S,1,6,4,6,4,L,0,0,P,HOND,UCD,4D,4,17,2449,,0,1031,,G,,F,4,102,,,14R185,,,,,,0,0,000000000,00000000000,0,0,0,1,0,0,0,0,0,0,0,30,0,0,0,12,4,1,8,0,0,0,1,15,96817,6,1,0,0,3,0,67,170,0,0,0,1,0,4,2011,4,2011,0,0,0,0,0,2,2,25,1,1,2,1,0,0,1,80,1,1,1,13,0,0
15,150080,1,1,1,17,8,99,99,8,0,1,1,99,9,99,999,99999,99,9999,999999999999,9,9,9,9,9,9,9,9,9,9,9,9,0,U,,,,9,17,,,,,,,,,,,,,,,,,,,0,0,000000000,00000000000,0,0,0,1,0,0,0,0,0,0,0,999,0,0,0,99,9,1,8,99,99,0,1,99,99999,9,9,99,9,9,9,999,999,99,99,99,99,99,99,9999,99,9999,9,99,99,99,99,1,2,30,1,1,2,1,0,0,1,13,1,1,4,13,0,0
15,150081,1,1,1,29,8,12,33,32,0,1,0,15,1,37,706,37706,80,1994,1HFSC2238RA6,1,H,F,S,C,2,2,3,8,R,A,6,0,M,HOND,G1E,RS,94,17,,,,,,,1500,,6,,4,815,,,,,,,0,0,000000000,00000000000,0,0,0,1,0,0,0,0,0,0,0,999,0,0,0,99,9,9,32,0,0,0,1,15,96707,6,1,0,0,3,3,65,190,0,0,0,0,0,0,0,0,0,0,0,0,0,0,1,2,40,1,6,2,1,0,0,1,13,1,1,4,1,1,0
15,150082,1,2,1,30,8,13,33,12,6,1,0,15,2,12,481,12481,31,2008,1FTSX31R08EA,1,F,T,S,X,3,1,R,0,8,E,A,0,T,FORD,F3S,4C,8,17,,2,1580,1420,SRW,D,,,8,390,,,,D,6379,02,U,44,0,0,000000000,00000000000,0,0,0,1,0,0,0,0,0,0,0,36,0,0,0,12,6,2,12,0,0,0,1,15,96761,0,0,0,0,0,0,75,240,0,0,0,0,0,0,0,0,0,9,0,0,0,0,1,2,45,1,5,2,1,0,0,1,10,1,1,2,64,0,0
15,150082,2,2,2,30,8,13,33,12,6,1,0,15,1,38,402,38402,14,1999,4S2CK58W5X43,4,S,2,C,K,5,8,W,5,X,4,3,0,P,ISU,ROD,UT,99,17,3528,,0,1064,,G,,F,6,195,,,15R235,,,,,,0,0,000000000,00000000000,0,0,0,1,0,0,0,0,0,0,0,999,0,0,0,11,6,2,12,0,0,0,1,15,96761,6,1,0,0,3,1,57,117,0,0,0,0,0,0,0,0,0,0,0,0,0,0,1,2,45,1,6,2,1,0,0,1,62,9,9,1,65,1,0
15,150083,1,1,2,3,9,13,15,42,0,1,0,15,2,72,706,72706,80,1981,1HD1BDK12BY0,1,H,D,1,B,D,K,1,2,B,Y,0,0,M,HD,FXB,RS,81,17,,,,,,,1340,,2,,4,750,,,,,,,0,0,000000000,00000000000,0,0,0,1,0,0,0,0,0,0,0,999,0,0,0,9,6,2,42,0,0,0,1,48,96719,6,1,0,0,3,0,999,999,0,0,0,1,1,5,2010,7,2012,0,0,0,0,0,1,2,35,1,5,2,1,0,0,1,12,1,4,4,7,1,0
15,150084,1,1,1,7,9,17,30,8,0,1,0,15,3,84,884,84884,66,1988,1HSJYX2R7JH6,1,H,S,J,Y,X,2,R,7,J,H,6,1,T,INTL,F83,TR,88,17,,8,1960,1480,830,D,,,6,893,,,,,00000,00,,64,1,57,546359,57546359,3,6,1,1,0,0,0,0,0,0,0,999,0,0,0,12,0,3,8,0,0,0,1,15,96743,6,1,6,1,3,0,68,170,0,0,0,2,1,2,2010,10,2011,0,0,0,0,0,1,2,45,1,1,2,1,0,0,1,80,1,1,1,13,0,0
15,150085,1,2,1,9,9,12,20,33,0,1,0,15,1,76,709,76709,80,2010,JYARN23E2AA0,J,Y,A,R,N,2,3,E,2,A,A,0,0,M,YAMA,YFR,RC,10,17,,,,,,,998,,4,,4,454,,,,,,,0,0,000000000,00000000000,0,0,0,1,0,0,0,0,0,0,0,999,0,0,0,12,6,2,42,0,0,0,1,15,96707,6,1,0,0,3,0,68,160,0,0,0,0,0,0,0,0,0,1,0,0,0,0,3,3,30,3,1,2,1,0,0,14,6,1,1,4,6,1,0
15,150085,2,2,1,9,9,12,20,33,0,1,0,15,1,12,481,12481,31,2001,1FTZX172X1NB,1,F,T,Z,X,1,7,2,X,1,N,B,0,T,FORD,F15,4C,1,17,,1,1571,1385,COF,G,,,6,256,,,,B,4204,05,U,42,0,0,000000000,00000000000,0,0,0,1,0,0,0,0,0,0,0,999,0,0,0,7,2,3,12,0,0,0,1,15,96706,6,1,0,0,3,0,74,320,0,0,0,0,0,0,0,0,0,0,0,0,0,0,3,3,30,3,1,2,1,0,0,14,64,1,1,1,98,0,0
15,150086,1,2,2,10,9,16,24,12,6,1,0,15,2,35,471,35471,30,1993,1N6SD11S6PC3,1,N,6,S,D,1,1,S,6,P,C,3,0,T,NISS,SWB,PK,93,17,,1,0,1043,TRK,G,,,4,146,,,,B,2750,01,A,42,0,0,000000000,00000000000,0,0,0,1,0,0,0,0,0,0,0,999,0,0,0,1,6,2,12,0,0,0,1,15,96727,2,1,0,0,2,0,69,250,0,1,1,1,0,7,2010,8,2012,1,8,33,0,0,1,2,55,1,1,2,2,0,0,6,51,1,1,2,46,0,1
15,150086,2,2,9,10,9,16,24,12,6,1,0,15,1,12,461,12461,21,2005,1FBSS31S45HA,1,F,B,S,S,3,1,S,4,5,H,A,0,T,FORD,WSD,ES,5,17,,2,0,1380,ECO,G,,,10,415,,,,D,6228,00,E,42,0,0,000000000,00000000000,0,0,0,1,0,0,0,0,0,0,0,999,0,1,5,11,6,2,12,0,0,0,1,15,96749,6,1,0,0,3,0,65,178,0,0,0,2,0,1,2011,5,2011,0,0,0,0,0,1,2,55,1,1,2,2,0,0,1,60,1,1,1,45,2,0
15,150087,1,2,1,13,9,9,35,12,6,1,0,15,1,49,32,49032,4,2007,1NXBR32EX7Z8,1,N,X,B,R,3,2,E,X,7,Z,8,0,P,TOYT,UCS,4D,7,17,2530,,0,1024,,G,,F,4,109,,,15R185,,,,,,0,0,000000000,00000000000,0,0,0,1,0,0,0,0,0,0,0,999,0,0,0,3,2,3,12,0,0,0,1,15,96822,6,1,0,0,3,3,66,115,0,0,0,0,0,0,0,0,0,9,39,0,0,0,1,3,25,1,1,2,1,2,3,1,17,1,1,1,87,1,0
15,150087,2,2,1,13,9,9,35,12,6,1,0,15,1,49,472,49472,30,2006,5TETU62N96Z2,5,T,E,T,U,6,2,N,9,6,Z,2,0,T,TOYT,ACP,PC,6,17,,1,0,1219,TAC,G,,,6,244,,,,B,3745,00,U,42,0,0,000000000,00000000000,0,0,0,1,0,0,0,0,0,0,0,999,0,0,0,12,2,1,12,0,0,0,1,15,96734,6,1,0,0,3,0,60,120,0,0,0,1,0,7,2012,7,2012,0,0,0,0,0,1,4,25,1,1,2,1,2,3,1,17,1,1,1,86,0,0
15,150088,1,1,1,16,9,20,16,8,0,1,1,15,1,52,34,52034,4,2003,4A3AA46G03E0,4,A,3,A,A,4,6,G,0,3,E,0,0,P,MITS,UEL,4D,3,17,3075,,0,1037,,G,,F,4,146,,,15R195,,,,,,0,0,000000000,00000000000,0,0,0,1,0,0,0,0,0,0,0,999,0,0,0,12,9,1,8,0,0,0,1,15,96779,6,1,0,0,3,0,64,140,0,0,0,0,0,0,0,0,0,0,0,0,0,0,4,1,20,1,5,2,1,0,0,1,80,1,1,1,13,0,0
15,150089,1,1,1,23,9,21,10,30,0,1,0,15,2,53,706,53706,80,2008,JS1GT77AX821,J,S,1,G,T,7,7,A,X,8,2,1,0,M,SUZI,XR1,RC,8,17,,,,,,,999,,4,,4,379,,,,,,,0,0,000000000,00000000000,0,0,0,1,0,0,0,0,0,0,0,999,0,0,0,99,6,2,30,0,0,0,1,15,96706,6,1,0,0,2,0,75,240,0,0,0,1,0,9,2011,9,2011,1,8,0,0,0,1,1,15,3,1,2,1,0,0,14,13,1,1,4,1,1,1
15,150090,1,1,1,30,9,4,20,43,0,1,0,15,1,20,22,20022,4,2005,1G1AL54F7575,1,G,1,A,L,5,4,F,7,5,7,5,0,P,CHEV,BLS,4D,5,17,3216,,0,1033,,G,,F,4,134,,,15R195,,,,,,0,0,000000000,00000000000,0,0,0,1,0,0,0,0,0,0,0,999,0,0,0,3,6,2,43,0,0,0,1,15,96796,6,1,0,0,3,0,69,218,0,0,0,0,0,0,0,0,0,1,99,99,99,99,3,2,35,1,1,2,2,0,0,1,12,1,1,4,6,1,1
15,150091,1,1,2,8,10,10,30,34,0,1,0,15,2,72,706,72706,80,2012,1HD1FFM10CB6,1,H,D,1,F,F,M,1,0,C,B,6,0,M,HD,HTF,RS,12,17,,,,,,,1690,,2,,4,827,,,,,,,0,0,000000000,00000000000,0,0,0,1,0,0,0,0,0,0,0,999,0,0,0,12,6,2,34,0,0,0,1,49,84037,6,1,0,0,3,0,73,185,0,0,0,2,3,2,2012,7,2012,0,58,0,0,0,1,2,35,3,6,2,1,0,0,14,62,7,1,4,3,1,0
15,150092,1,2,1,11,10,16,34,12,6,1,0,15,1,7,442,7442,20,2005,1D4GP24R85B3,1,D,4,G,P,2,4,R,8,5,B,3,0,T,DODG,GCS,ES,5,17,,1,0,1193,CAR,G,,,6,201,,,,,3867,00,E,42,0,0,000000000,00000000000,0,0,0,1,0,0,0,0,0,0,0,999,0,1,1,12,6,2,12,0,0,0,1,15,96771,6,1,0,0,3,0,64,145,0,0,0,1,0,8,2010,8,2010,0,38,0,0,0,1,2,55,1,1,2,1,0,0,1,52,8,9,2,98,0,0
15,150092,2,2,1,11,10,16,34,12,6,1,0,15,1,12,13,12013,6,1991,3FAPP15J6MR1,3,F,A,P,P,1,5,J,6,M,R,1,0,P,FORD,LXE,SW,91,17,2411,,0,984,,G,,F,4,113,,,13R175,,,,,,0,0,000000000,00000000000,0,0,0,1,0,0,0,0,0,0,0,999,0,1,1,7,6,2,12,0,0,0,1,15,96771,6,1,0,0,3,0,69,160,0,0,0,0,0,0,0,0,0,0,0,0,0,0,1,2,55,1,1,2,1,0,0,11,60,1,1,1,98,1,0
15,150093,1,2,1,19,10,10,28,12,2,1,0,15,1,12,471,12471,30,2001,1FTYR14U71TA,1,F,T,Y,R,1,4,U,7,1,T,A,0,T,FORD,RNS,PC,1,17,,1,0,1257,RNG,G,,,6,182,,,,B,3271,00,U,42,0,0,000000000,00000000000,0,0,0,1,0,0,0,0,0,0,0,999,0,0,0,12,6,2,12,0,0,0,1,15,96791,6,1,0,0,3,3,66,180,0,0,0,1,1,9,2010,9,2010,9,0,0,0,0,1,2,25,1,6,2,1,0,0,1,10,1,1,2,50,0,1
15,150093,2,2,2,19,10,10,28,12,2,1,0,15,2,49,471,49471,30,1995,JT4VN93D3S50,J,T,4,V,N,9,3,D,3,S,5,0,0,T,TOYT,ELX,PC,95,17,,1,0,1219,HTP,G,,,6,180,,,,B,3095,00,A,42,0,0,000000000,00000000000,0,0,0,1,0,0,0,0,0,0,0,999,0,0,0,12,6,2,12,0,0,0,1,15,96791,6,1,0,0,3,1,66,168,0,0,0,0,0,0,0,0,0,0,0,0,0,0,1,2,25,1,5,2,1,0,0,1,62,7,1,1,51,1,0
15,150094,1,1,1,20,10,13,33,35,0,1,0,15,1,52,37,52037,2,2000,4A3AC84L0YE1,4,A,3,A,C,8,4,L,0,Y,E,1,0,P,MITS,ECG,2H,0,17,3120,,0,1008,,G,,F,6,181,,,17R215,,,,,,0,0,000000000,00000000000,0,0,0,1,0,0,0,0,0,0,0,999,0,1,1,12,6,2,1,0,0,0,1,15,96750,6,1,0,0,3,0,66,160,0,0,0,0,0,0,0,0,0,1,58,0,0,0,1,2,45,2,1,2,2,0,0,14,11,1,9,4,1,1,1
15,150095,1,2,1,21,10,19,19,12,2,1,0,15,1,20,481,20481,31,1999,2GCEK19TXX12,2,G,C,E,K,1,9,T,X,X,1,2,0,T,CHEV,SK1,3C,99,17,,2,1575,1435,SIL,G,,,8,325,,,,B,4621,00,,44,0,0,000000000,00000000000,0,0,0,1,0,0,0,0,0,0,0,999,0,0,0,12,6,2,12,0,0,0,1,15,96720,6,1,0,0,3,3,70,185,0,0,0,0,0,0,0,0,0,0,0,0,0,0,1,2,55,1,5,2,1,0,0,1,10,7,1,2,50,1,0
15,150095,2,2,5,21,10,19,19,12,2,1,0,15,1,19,421,19421,15,2005,1GYEK63N85R2,1,G,Y,E,K,6,3,N,8,5,R,2,0,P,CADI,ESC,UT,5,17,5571,,0,1160,,G,,F,8,366,,,17R265,,,,,,0,0,000000000,00000000000,0,0,0,1,0,0,0,0,0,0,0,999,0,0,0,12,6,2,12,0,0,0,1,15,96721,6,1,0,0,3,3,67,210,0,0,0,2,0,12,2010,8,2011,9,0,0,0,0,1,2,55,1,6,2,1,0,0,1,62,7,1,1,51,1,0
15,150096,1,1,1,24,10,23,53,58,0,1,0,15,2,98,709,98709,81,2012,L8YTCPCS5CN6,L,8,Y,T,C,P,C,S,5,C,N,6,0,U,,,,,17,,,,,,,,,,,,,,,,,,,0,0,000000000,00000000000,0,0,0,1,0,0,0,0,0,0,0,999,0,0,0,99,2,3,58,0,0,0,1,15,96746,2,1,0,0,2,0,70,180,0,1,1,0,0,10,2011,11,2011,9,0,0,0,0,1,2,15,1,1,2,1,0,0,1,17,1,1,1,98,1,1
15,150097,1,3,1,25,10,15,30,12,6,1,0,15,1,30,47,30047,3,2004,3VWBR31C34M4,3,V,W,B,R,3,1,C,3,4,M,4,0,P,VOLK,NGT,2H,4,17,2840,,0,989,,D,,T,4,116,,,16R205,,,,,,0,0,000000000,00000000000,0,0,0,1,0,0,0,0,0,0,0,999,0,0,0,4,6,2,12,0,0,0,1,15,96791,2,1,0,0,2,0,72,180,0,1,1,0,0,1,2010,7,2012,1,0,0,0,0,1,2,45,3,6,2,1,0,0,14,6,1,4,2,64,1,0
15,150097,2,3,2,25,10,15,30,12,6,1,0,15,4,20,28,20028,5,2012,1G1JE6SH2C41,1,G,1,J,E,6,S,H,2,C,4,1,0,P,CHEV,SNZ,4H,12,17,2684,,0,994,,G,,F,4,110,,,17R205,,,,,,0,0,000000000,00000000000,0,0,0,1,0,0,0,0,0,0,0,999,0,0,0,12,6,2,12,0,0,0,1,97,0,9,9,99,9,9,9,999,999,99,99,99,99,99,99,9999,99,9999,0,0,0,0,0,1,2,45,2,5,2,1,0,0,14,62,1,1,1,65,0,0
15,150097,3,3,2,25,10,15,30,12,6,1,0,15,4,7,442,7442,20,2012,2C4RDGCG5CR2,2,C,4,R,D,G,C,G,5,C,R,2,0,P,DODG,CAR,SV,12,17,4483,,0,1212,,F,,F,6,220,,,16R235,,,,,,0,0,000000000,00000000000,0,0,0,1,0,0,0,0,0,0,0,999,0,0,0,12,6,2,54,0,0,0,1,97,0,6,1,99,9,3,9,999,999,99,99,99,99,99,99,9999,99,9999,0,0,0,0,0,1,2,45,2,5,2,1,0,0,14,62,4,1,1,98,0,0
15,150098,1,1,1,26,10,6,50,8,0,1,0,15,2,3,431,3431,16,2006,5GTDN1366681,5,G,T,D,N,1,3,6,6,6,8,1,0,T,HUMM,HH3,4W,6,17,,1,0,1119,HUM,G,,,5,214,,,,,4700,00,R,44,0,0,000000000,00000000000,0,0,0,1,0,0,0,0,0,0,0,999,0,0,0,12,2,3,8,0,0,0,1,15,96797,6,1,0,0,3,1,62,96,0,0,0,0,0,0,0,0,0,0,0,0,0,0,2,2,25,1,1,2,1,2,3,1,80,1,1,1,13,0,0
15,150099,1,4,1,28,10,0,19,12,1,1,0,15,3,23,481,23481,31,2007,1GTEC14C07Z5,1,G,T,E,C,1,4,C,0,7,Z,5,0,T,GMC,NC1,PK,7,17,,2,1330,1190,SIE,G,,,8,293,,,,B,4448,01,4,42,0,0,000000000,00000000000,0,0,0,1,0,0,0,0,0,0,0,999,0,0,0,12,6,2,12,0,0,0,1,15,96791,0,0,0,0,0,0,69,180,0,2,1,0,1,10,2010,9,2011,1,0,0,0,0,1,2,45,1,1,2,1,0,0,1,52,1,1,1,24,0,1
15,150099,2,4,1,28,10,0,19,12,1,1,0,15,1,2,405,2405,14,2002,1J4GK58K12W1,1,J,4,G,K,5,8,K,1,2,W,1,0,T,JEEP,LMD,4W,2,17,,1,0,1043,LIB,G,,,6,226,,,,,3758,00,E,42,0,0,000000000,00000000000,0,0,0,1,0,0,0,0,0,0,0,999,0,0,0,6,6,2,12,0,0,1,1,15,96712,6,1,0,0,3,3,66,190,0,0,0,0,0,0,0,0,0,0,0,0,0,0,1,2,45,1,1,2,1,0,0,2,53,1,1,1,25,1,0
15,150099,3,4,1,28,10,0,19,12,1,1,0,15,1,51,46,51046,4,2001,YV1VS29561F7,Y,V,1,V,S,2,9,5,6,1,F,7,0,P,VOLV,S4T,4D,1,17,3068,,0,1009,,G,,T,4,119,,,15R195,,,,,,0,0,000000000,00000000000,0,0,0,1,0,0,0,0,0,0,0,999,0,0,0,6,6,2,54,0,0,0,1,15,96718,6,1,0,0,3,1,69,125,0,0,0,0,0,0,0,0,0,0,0,0,0,0,1,2,45,1,1,2,1,0,0,2,53,1,1,1,98,0,0
15,150099,4,4,4,28,10,0,19,12,1,1,0,15,2,20,481,20481,31,1998,2GCEC19R1W12,2,G,C,E,C,1,9,R,1,W,1,2,0,T,CHEV,GC1,PC,98,17,,2,1555,1415,GM4,G,,,8,350,,,,B,4145,03,,42,0,0,000000000,00000000000,0,0,0,1,0,0,0,0,0,0,0,999,0,0,0,6,6,2,54,0,0,0,1,15,96791,6,1,0,0,3,3,68,180,0,0,0,1,0,10,2012,10,2012,0,0,0,0,0,1,2,45,1,1,2,1,0,0,2,53,1,1,1,98,0,0
15,150100,1,1,1,28,10,18,52,8,0,1,0,15,2,12,401,12401,14,1998,1FMZU34E6WZA,1,F,M,Z,U,3,4,E,6,W,Z,A,0,P,FORD,EPR,UT,98,17,4146,,0,1115,,G,,F,6,245,,,15R225,,,,,,0,0,000000000,00000000000,0,0,0,1,0,0,0,0,0,0,0,999,0,0,0,12,6,2,8,0,0,0,1,15,96732,2,7,0,0,2,0,68,160,0,1,1,0,0,6,2012,7,2012,9,0,0,0,0,1,1,20,1,1,2,1,0,0,1,13,1,1,4,13,0,1
15,150101,1,1,1,29,10,5,3,33,0,1,0,15,1,49,402,49402,14,2004,JTEGD20V9400,J,T,E,G,D,2,0,V,9,4,0,0,0,P,TOYT,RV4,UT,4,17,2897,,0,980,,G,,F,4,144,,,16R215,,,,,,0,0,000000000,00000000000,0,0,0,1,0,0,0,0,0,0,0,62,0,0,0,12,6,2,35,99,99,0,1,15,96817,6,1,0,0,3,3,61,113,0,0,0,0,0,0,0,0,0,1,0,0,0,0,1,1,20,1,6,2,2,0,0,1,14,1,1,4,14,1,0
15,150102,1,1,4,30,10,1,21,5,0,1,0,15,2,2,404,2404,14,2001,1J4GX48S41C6,1,J,4,G,X,4,8,S,4,1,C,6,0,T,JEEP,LRO,4W,1,17,,1,0,1059,GCK,G,,,6,244,,,,,3675,01,E,42,0,0,000000000,00000000000,0,0,0,1,0,0,0,0,0,0,0,999,0,0,0,0,0,1,5,0,0,0,1,15,96819,6,1,0,0,3,0,73,180,0,0,0,0,0,0,0,0,0,9,0,0,0,0,1,4,25,1,1,2,1,0,0,11,98,1,1,1,0,1,0
15,150103,1,1,1,30,10,18,35,8,0,1,0,15,1,34,34,34034,2,2003,WBABN33473PG,W,B,A,B,N,3,3,4,7,3,P,G,0,P,BMW,5CI,CP,3,17,3197,,0,1073,,G,,F,6,152,,,17R205,,,,,,0,0,000000000,00000000000,0,0,0,1,0,0,0,0,0,0,0,999,0,0,0,12,4,3,8,0,0,0,1,15,96725,6,1,0,0,3,0,68,155,0,0,0,1,0,2,2012,2,2012,0,0,0,0,0,1,2,45,1,5,2,2,0,0,1,80,1,1,1,13,0,0
15,150104,1,2,3,20,11,13,33,12,6,1,0,15,2,23,401,23401,14,2004,1GKES16SX461,1,G,K,E,S,1,6,S,X,4,6,1,0,T,GMC,EXL,4W,4,17,,2,0,1290,ENV,G,,,6,256,,,,B,4787,00,E,42,0,0,000000000,00000000000,0,0,0,1,0,0,0,0,0,0,0,80,0,0,0,12,6,2,12,0,0,0,1,15,96706,6,7,0,0,2,0,73,215,0,0,0,0,0,0,0,0,0,1,8,0,0,0,1,2,25,2,1,2,1,0,0,14,10,1,9,2,64,1,1