STATE,ST_CASE,VEH_NO,VE_FORMS,NUMOCCS,DAY,MONTH,HOUR,MINUTE,HARM_EV,MAN_COLL,UNITTYPE,HIT_RUN,REG_STAT,OWNER,MAKE,MODEL,MAK_MOD,BODY_TYP,MOD_YEAR,VIN,VIN_1,VIN_2,VIN_3,VIN_4,VIN_5,VIN_6,VIN_7,VIN_8,VIN_9,VIN_10,VIN_11,VIN_12,TOW_VEH,VINTYPE,VINMAKE,VINA_MOD,VIN_BT,VINMODYR,VIN_LNGT,VIN_WGT,WGTCD_TR,WHLBS_LG,WHLBS_SH,SER_TR,FUELCODE,MCYCL_DS,CARBUR,CYLINDER,DISPLACE,MCYCL_CY,MCYCL_WT,TIRE_SZE,TON_RAT,TRK_WT,TRKWTVAR,VIN_REST,WHLDRWHL,J_KNIFE,MCARR_I1,MCARR_I2,MCARR_ID,GVWR,V_CONFIG,CARGO_BT,HAZ_INV,HAZ_PLAC,HAZ_ID,HAZ_CNO,HAZ_REL,BUS_USE,SPEC_USE,EMER_USE,TRAV_SP,UNDERIDE,ROLLOVER,ROLINLOC,IMPACT1,DEFORMED,TOWED,M_HARM,VEH_SC1,VEH_SC2,FIRE_EXP,DR_PRES,L_STATE,DR_ZIP,L_STATUS,L_TYPE,CDL_STAT,L_ENDORS,L_COMPL,L_RESTRI,DR_HGT,DR_WGT,PREV_ACC,PREV_SUS,PREV_DWI,PREV_SPD,PREV_OTH,FIRST_MO,FIRST_YR,LAST_MO,LAST_YR,SPEEDREL,DR_SF1,DR_SF2,DR_SF3,DR_SF4,VTRAFWAY,VNUM_LAN,VSPD_LIM,VALIGN,VPROFILE,VPAVETYP,VSURCOND,VTRAFCON,VTCONT_F,P_CRASH1,P_CRASH2,P_CRASH3,PCRASH4,PCRASH5,ACC_TYPE,DEATHS,DR_DRINK
16,160058,1,1,2,3,7,18,26,1,0,1,0,16,1,20,2,20002,4,2009,2G1WT57K0911,2,G,1,W,T,5,7,K,0,9,1,1,0,P,CHEV,ILT,4D,9,17,3555,,0,1105,,F,,F,6,214,,,16R225,,,,,,0,0,000000000,00000000000,0,0,0,1,0,0,0,0,0,0,0,998,0,1,3,0,6,2,1,0,0,0,1,16,83201,6,1,0,0,3,0,70,130,0,0,0,0,0,0,0,0,0,0,0,0,0,0,3,4,75,1,1,2,1,0,0,1,12,9,1,4,6,1,0
16,160059,1,1,1,16,6,19,31,24,0,1,0,16,1,72,706,72706,80,2000,1HD1BMY16YY0,1,H,D,1,B,M,Y,1,6,Y,Y,0,0,M,HD,FLF,RS,0,17,,,,,,,1450,,2,,4,666,,,,,,,0,0,000000000,00000000000,0,0,0,1,0,0,0,0,0,0,0,55,0,0,0,3,6,2,1,0,0,0,1,16,83864,6,1,6,1,3,1,75,250,0,2,1,0,0,8,2010,1,2011,0,28,0,0,0,1,2,55,3,1,2,1,0,0,14,13,1,1,4,1,1,1
16,160060,1,2,1,2,6,7,56,12,6,1,0,16,1,7,442,7442,20,1999,1B4GP44LXXB8,1,B,4,G,P,4,4,L,X,X,B,8,0,T,DODG,GSS,ES,99,17,,1,0,1193,CAR,G,,,6,230,,,,,3856,00,E,42,0,0,000000000,00000000000,0,0,0,1,0,0,0,0,0,0,0,60,0,1,2,9,6,2,1,0,0,0,1,16,83334,6,1,0,0,3,1,71,150,0,0,0,0,1,1,2011,1,2011,0,0,0,0,0,1,2,60,1,1,2,1,20,3,1,17,1,1,1,89,1,0
16,160060,2,2,1,2,6,7,56,12,6,1,0,16,1,7,482,7482,31,2009,1D3HV13T69S7,1,D,3,H,V,1,3,T,6,9,S,7,0,T,DODG,150,CW,9,17,,2,0,1400,RPC,G,,,8,348,,,,B,5200,00,K,44,0,0,000000000,00000000000,0,0,0,1,0,0,0,0,0,0,0,998,0,0,0,12,6,2,12,0,0,0,1,16,83338,6,1,0,0,3,1,65,125,0,0,0,0,0,0,0,0,0,0,0,0,0,0,1,2,60,1,1,2,1,20,3,1,66,1,1,1,88,0,0
16,160061,1,2,1,16,5,8,24,12,2,1,0,16,1,12,16,12016,4,1996,2FALP73WXTX1,2,F,A,L,P,7,3,W,X,T,X,1,0,P,FORD,CVI,4D,96,17,3780,,0,1144,,G,,F,8,281,,,15R215,,,,,,0,0,000000000,00000000000,0,0,0,1,0,0,0,0,0,0,0,998,0,0,0,12,6,2,12,0,0,0,1,16,83634,6,1,0,0,3,3,68,175,0,0,0,0,0,0,0,0,0,0,39,0,0,0,2,6,65,1,1,2,1,1,3,1,17,1,1,1,50,1,0
16,160061,2,2,1,16,5,8,24,12,2,1,0,16,1,20,22,20022,4,2008,1G1AM58B0871,1,G,1,A,M,5,8,B,0,8,7,1,0,P,CHEV,BSP,4D,8,17,3216,,0,1033,,G,,F,4,146,,,17R205,,,,,,0,0,000000000,00000000000,0,0,0,1,0,0,0,0,0,0,0,998,0,0,0,12,6,2,12,0,0,0,1,16,83644,3,1,0,0,2,0,70,165,0,0,0,0,1,11,2009,11,2009,0,0,0,0,0,6,2,45,3,1,2,1,1,3,14,62,1,1,1,51,0,0
16,160062,1,2,5,20,5,19,16,12,6,1,0,16,1,22,22,22022,4,2005,1G2ZH5284541,1,G,2,Z,H,5,2,8,4,5,4,1,0,P,PONT,GGT,4D,5,17,3425,,0,1123,,G,,F,6,214,,,17R225,,,,,,0,0,000000000,00000000000,0,0,0,1,0,0,0,0,0,0,0,55,0,0,0,9,6,2,12,0,0,0,1,16,83211,6,1,6,0,3,0,64,185,0,0,0,0,0,0,0,0,0,0,0,0,0,0,1,2,55,1,1,2,1,20,3,1,17,1,1,1,89,1,0
16,160062,2,2,1,20,5,19,16,12,6,1,0,16,2,20,16,20016,2,2000,1G1JC1240Y74,1,G,1,J,C,1,2,4,0,Y,7,4,0,P,CHEV,CAV,CP,0,17,2617,,0,1041,,G,,F,4,133,,,14R195,,,,,,0,0,000000000,00000000000,0,0,0,1,0,0,0,0,0,0,0,55,0,0,0,12,6,2,12,0,0,0,1,16,83350,6,1,6,0,3,0,74,205,0,0,0,5,0,8,2010,3,2012,1,0,0,0,0,1,2,55,1,1,2,1,20,3,1,17,1,1,1,88,0,0
16,160063,1,3,2,24,5,16,5,12,2,1,0,16,2,12,481,12481,31,2002,1FTRW08LX2KB,1,F,T,R,W,0,8,L,X,2,K,B,0,T,FORD,F1S,CW,2,17,,2,0,1388,COF,G,,,8,330,,,,B,5005,02,E,44,0,0,000000000,00000000000,0,0,0,1,0,0,0,0,0,0,0,998,0,0,0,12,6,2,12,0,0,0,1,16,83617,6,1,0,0,3,0,70,180,0,0,0,0,0,0,0,0,0,0,38,0,0,0,2,4,55,1,2,2,1,0,0,11,17,1,1,3,99,0,0
16,160063,2,3,4,24,5,16,5,12,2,1,0,41,1,35,401,35401,14,1995,JN8HD17Y5SW0,J,N,8,H,D,1,7,Y,5,S,W,0,0,P,NISS,PFI,UT,95,17,3961,,0,1043,,G,,F,6,181,,,15R235,,,,,,0,0,000000000,00000000000,0,0,0,1,0,0,0,0,0,0,0,998,0,0,0,12,6,2,12,0,0,0,1,41,97732,6,1,0,9,3,0,69,240,0,0,0,0,0,0,0,0,0,0,0,0,0,0,2,4,55,1,2,2,1,0,0,1,62,1,1,1,99,1,0
16,160063,3,3,1,24,5,16,5,12,2,1,0,16,2,20,401,20401,14,1995,1GCCS1444S81,1,G,C,C,S,1,4,4,4,S,8,1,0,T,CHEV,S14,PK,95,17,,1,1179,1083,S,G,,,4,133,,,,B,2822,01,,42,0,0,000000000,00000000000,0,0,0,1,0,0,0,0,0,0,0,0,0,0,0,99,2,1,12,0,0,0,1,16,83617,6,1,0,0,3,1,68,153,0,0,0,0,0,0,0,0,0,0,0,0,0,0,1,4,35,1,2,2,1,20,3,5,78,1,9,1,98,0,0
16,160064,1,2,1,25,5,14,24,12,2,1,0,16,1,13,1,13001,4,2003,1LNHM82W83Y6,1,L,N,H,M,8,2,W,8,3,Y,6,0,P,LINC,SIG,4D,3,17,4156,,0,1177,,G,,F,8,281,,,17R225,,,,,,0,0,000000000,00000000000,0,0,0,1,0,0,0,0,0,0,0,80,0,0,0,12,6,2,12,0,0,0,1,16,83815,6,1,0,0,3,1,69,225,0,0,0,1,0,4,2011,4,2011,1,6,0,0,0,1,4,60,2,5,2,1,0,0,14,10,1,7,2,50,1,0
16,160064,2,2,1,25,5,14,24,12,2,1,0,16,1,49,32,49032,4,1999,1NXBR12E3XZ1,1,N,X,B,R,1,2,E,3,X,Z,1,0,P,TOYT,UVL,4D,99,17,2414,,0,970,,G,,F,4,109,,,14R175,,,,,,0,0,000000000,00000000000,0,0,0,1,0,0,0,0,0,0,0,65,0,1,1,12,6,2,12,0,0,0,1,16,83835,6,1,0,0,3,0,63,125,0,0,0,1,0,8,2009,8,2009,0,0,0,0,0,1,4,60,2,3,2,1,0,0,14,62,99,1,1,51,1,0
16,160065,1,2,1,28,5,17,45,12,6,1,0,16,1,12,13,12013,4,1998,1FAFP13P3WW2,1,F,A,F,P,1,3,P,3,W,W,2,0,P,FORD,ESS,4D,98,17,2468,,0,984,,G,,F,4,122,,,14R185,,,,,,0,0,000000000,00000000000,0,0,0,1,0,0,0,0,0,0,0,55,0,0,0,12,6,2,12,0,0,0,1,16,83607,6,1,0,0,3,1,62,193,0,0,0,0,0,0,0,0,0,0,0,0,0,0,1,3,55,1,1,2,1,20,3,1,66,1,1,1,88,0,0
16,160065,2,2,1,28,5,17,45,12,6,1,0,16,1,12,3,12003,2,2000,1FAFP4048YF3,1,F,A,F,P,4,0,4,8,Y,F,3,0,P,FORD,MUS,CP,0,17,3066,,0,1013,,G,,F,6,232,,,15R205,,,,,,0,0,000000000,00000000000,0,0,0,1,0,0,0,0,0,0,0,55,0,0,0,8,6,2,12,0,0,0,1,16,83651,6,1,0,0,3,0,66,138,0,0,0,0,0,0,0,0,0,0,0,0,0,0,1,3,55,1,1,2,1,20,3,1,17,1,1,1,89,1,0
16,160066,1,2,1,26,5,17,21,12,6,1,0,16,2,30,32,30032,2,9999,3VWCA21C1XM4,3,V,W,C,A,2,1,C,1,X,M,4,0,P,VOLK,NGS,2H,99,17,2742,,0,989,,G,,F,4,121,,,16R205,,,,,,0,0,000000000,00000000000,0,0,0,1,0,0,0,0,0,0,0,65,0,0,0,3,6,2,12,0,0,0,1,16,83406,6,1,0,0,3,0,62,130,0,0,0,0,0,0,0,0,0,0,0,0,0,0,3,6,65,1,1,2,2,20,3,1,17,1,1,1,87,0,0
16,160066,2,2,2,26,5,17,21,12,6,1,0,41,1,20,481,20481,31,1975,CKY245Z10483,C,K,Y,2,4,5,Z,1,0,4,8,3,0,T,CHEV,K20,PK,75,13,,2,1315,1295,K20,G,,,8,350,,,,C,4354,03,,44,0,0,000000000,00000000000,0,0,0,1,0,0,0,0,0,0,0,65,0,1,5,11,6,2,1,0,0,0,1,16,83404,6,1,0,0,3,0,71,165,0,0,0,0,0,0,0,0,0,0,0,0,0,0,3,6,65,1,1,2,2,20,3,1,66,1,1,1,86,1,0
16,160067,1,2,1,31,5,16,54,12,6,1,0,16,1,2,403,2403,14,1993,1J4FY19P2PP2,1,J,4,F,Y,1,9,P,2,P,P,2,0,T,JEEP,W/S,2W,93,17,,1,0,934,W/Y,G,,,4,150,,,,,2935,00,A,44,0,0,000000000,00000000000,0,0,0,1,0,0,0,0,0,0,0,13,0,0,0,9,6,2,12,0,0,0,1,16,83202,6,1,0,0,3,3,74,160,0,0,0,0,0,0,0,0,0,0,38,0,0,0,3,2,55,1,1,2,1,20,3,11,17,1,1,1,68,1,0
16,160067,2,2,1,31,5,16,54,12,6,1,0,16,1,7,482,7482,31,1999,1B7KF236XXJ5,1,B,7,K,F,2,3,6,X,X,J,5,0,T,DODG,Q25,4C,99,17,,2,1547,1387,RPC,D,,,6,359,,,,C,5695,00,U,44,0,0,000000000,00000000000,0,0,0,1,0,0,0,0,0,0,0,43,0,0,0,12,6,2,12,0,0,0,1,16,83201,6,1,6,1,3,1,71,215,0,0,0,0,0,0,0,0,0,0,0,0,0,0,3,2,55,1,1,2,1,20,3,1,17,1,1,1,69,0,0
16,160068,1,2,1,31,5,7,37,12,1,1,0,92,0,99,998,99998,92,2010,A0984ENV5N10,A,0,9,8,4,E,N,V,5,N,1,0,0,U,,,,10,14,,,,,,,,,,,,,,,,,,,0,0,000000000,00000000000,0,0,0,1,0,0,0,0,0,0,0,50,7,0,0,6,2,1,12,0,0,0,1,16,83355,6,1,6,1,3,0,72,240,0,0,0,1,0,5,2011,5,2011,0,0,0,0,0,1,2,50,1,1,2,1,0,0,13,50,1,1,1,92,0,0
16,160068,2,2,1,31,5,7,37,12,1,1,0,16,2,7,20,7020,4,2004,1B3ES56C24D6,1,B,3,E,S,5,6,C,2,4,D,6,0,P,DODG,NXT,4D,4,17,2634,,0,1040,,G,,F,4,122,,,15R185,,,,,,0,0,000000000,00000000000,0,0,0,1,0,0,0,0,0,0,0,0,1,0,0,12,6,2,12,0,0,0,1,99,83355,9,9,99,9,9,9,999,999,99,99,99,99,99,99,9999,99,9999,0,0,0,0,0,1,2,50,1,1,2,1,0,0,5,50,1,1,1,93,1,0
16,160069,1,2,1,7,6,21,0,12,6,1,0,16,1,55,36,55036,4,2002,KMHCF35G82U2,K,M,H,C,F,3,5,G,8,2,U,2,0,P,HYUN,ACL,2H,2,17,2225,,0,961,,G,,F,4,091,,,13R175,,,,,,0,0,000000000,00000000000,0,0,0,1,0,0,0,0,0,0,0,998,0,0,0,9,6,2,12,0,0,0,1,16,83651,6,1,0,0,3,0,67,158,0,1,0,0,0,4,2010,4,2010,0,0,0,0,0,1,2,50,1,1,2,1,0,0,1,17,1,1,1,89,1,1
16,160069,2,2,1,7,6,21,0,12,6,1,0,16,1,20,481,20481,31,2001,1GCHK23G91F2,1,G,C,H,K,2,3,G,9,1,F,2,0,T,CHEV,2KH,CW,1,17,,2,1670,1530,SIL,G,,,8,496,,,,C,5766,00,,44,0,0,000000000,00000000000,0,0,0,1,0,0,0,0,0,0,0,998,0,0,0,12,6,2,12,0,0,0,1,16,83676,6,1,0,0,3,0,72,200,0,0,0,2,0,10,2010,5,2011,1,0,0,0,0,1,2,50,1,1,2,1,0,0,1,66,1,1,1,88,0,0
16,160070,1,2,1,9,6,13,30,12,8,1,0,53,1,76,706,76706,80,2009,JYAVP25E19A0,J,Y,A,V,P,2,5,E,1,9,A,0,0,M,YAMA,VCT,RS,9,17,,,,,,,1304,,2,,4,668,,,,,,,0,0,000000000,00000000000,0,0,0,1,0,0,0,0,0,0,0,40,0,0,0,11,6,2,12,0,0,0,1,53,98513,6,1,0,0,3,0,72,230,0,0,0,0,0,0,0,0,0,0,51,28,0,0,1,2,40,3,2,2,1,0,0,14,10,1,1,2,65,0,0
16,160070,2,2,1,9,6,13,30,12,8,1,0,53,1,73,706,73706,80,2006,JKAZGCA116B5,J,K,A,Z,G,C,A,1,1,6,B,5,0,M,KAWK,ZG1,RS,6,17,,,,,,,997,,4,,4,600,,,,,,,0,0,000000000,00000000000,0,0,0,1,0,0,0,0,0,0,0,40,0,0,0,10,6,2,12,0,0,0,1,53,98367,6,1,0,0,3,0,74,195,0,0,0,0,0,0,0,0,0,0,0,0,0,0,1,2,40,3,2,2,1,0,0,14,62,1,1,1,64,1,0
16,160071,1,1,1,10,6,20,31,1,0,1,0,16,1,2,404,2404,14,2004,1J4GW48SX4C2,1,J,4,G,W,4,8,S,X,4,C,2,0,T,JEEP,LCF,4W,4,17,,1,0,1059,GCK,G,,,6,244,,,,,3888,02,E,44,0,0,000000000,00000000000,0,0,0,1,0,0,0,0,0,0,0,65,0,9,2,0,6,2,1,0,0,0,1,16,83213,6,1,0,0,3,0,62,175,0,0,0,0,0,0,0,0,0,0,0,0,0,0,1,2,65,2,2,2,1,0,0,14,9,1,1,4,6,1,0
16,160072,1,2,1,15,6,18,27,12,1,1,0,16,1,37,441,37441,20,2002,2HKRL18702H5,2,H,K,R,L,1,8,7,0,2,H,5,0,P,HOND,UDY,SV,2,17,4376,,0,1181,,G,,F,6,212,,,16R225,,,,,,0,0,000000000,00000000000,0,0,0,1,0,0,0,0,0,0,0,75,0,0,0,12,6,2,12,0,0,0,1,16,83221,3,1,0,0,2,1,64,140,0,0,0,2,0,4,2010,10,2010,1,0,0,0,0,3,4,75,1,1,2,1,0,0,1,51,1,1,1,24,1,0
16,160072,2,2,2,15,6,18,27,12,1,1,0,16,1,12,481,12481,31,2012,1FT7W2BTXCEB,1,F,T,7,W,2,B,T,X,C,E,B,0,T,FORD,F2S,CW,12,17,,2,1724,1562,SRW,D,,,8,409,,,,C,6731,00,7,44,0,0,000000000,00000000000,0,0,0,1,0,0,0,0,0,0,0,75,0,0,0,6,6,2,12,0,0,0,1,16,83336,6,1,6,0,3,0,71,230,0,0,0,0,0,0,0,0,0,0,0,0,0,0,3,4,75,1,1,2,1,0,0,1,53,1,1,1,25,0,0
16,160073,1,1,4,13,7,17,24,1,0,1,0,6,2,49,401,49401,14,1999,JT3GN86R6X01,J,T,3,G,N,8,6,R,6,X,0,1,0,P,TOYT,RUN,UT,99,17,3600,,0,1053,,G,,F,6,206,,,15R225,,,,,,0,0,000000000,00000000000,0,0,0,1,0,0,0,0,0,0,0,45,0,1,5,0,6,2,1,0,0,0,1,6,92543,6,1,6,0,3,0,63,135,0,0,0,0,0,0,0,0,0,0,0,0,0,0,1,2,45,1,1,2,1,0,0,1,11,8,7,4,5,1,0
16,160074,1,2,2,16,6,10,51,12,1,1,0,16,1,12,401,12401,14,1997,1FMDU34X3VZC,1,F,M,D,U,3,4,X,3,V,Z,C,0,P,FORD,EPR,UT,97,17,4166,,0,1115,,G,,F,6,245,,,15R225,,,,,,0,0,000000000,00000000000,0,0,0,1,0,0,0,0,0,0,0,998,0,0,0,12,6,2,12,0,0,0,1,16,83669,6,1,0,0,3,1,66,210,0,2,1,0,0,12,2009,12,2009,0,6,0,0,0,2,4,55,1,1,2,1,1,3,1,50,1,1,1,20,0,0
16,160074,2,2,4,16,6,10,51,12,1,1,0,16,1,7,442,7442,20,1998,1B4GP54G7WB7,1,B,4,G,P,5,4,G,7,W,B,7,0,T,DODG,GEL,ES,98,17,,1,0,1193,CAR,F,,,6,201,,,,,3935,00,E,42,0,0,000000000,00000000000,0,0,0,1,0,0,0,0,0,0,0,0,0,0,0,6,6,2,12,0,0,0,1,16,83669,6,1,0,0,3,0,68,115,0,0,0,0,0,0,0,0,0,1,0,0,0,0,2,4,55,1,1,2,1,1,3,5,53,1,1,1,21,1,0
16,160075,1,1,1,17,6,3,30,43,0,1,0,16,1,76,709,76709,80,2009,JYAVP27E49A0,J,Y,A,V,P,2,7,E,4,9,A,0,0,M,YAMA,9CU,RS,9,17,,,,,,,1854,,2,,4,692,,,,,,,0,0,000000000,00000000000,0,0,0,1,0,0,0,0,0,0,0,52,0,0,0,12,6,2,1,0,0,0,1,16,83646,6,1,0,0,3,1,70,160,0,0,0,0,0,0,0,0,0,1,28,0,0,0,1,2,25,4,1,2,1,20,3,14,10,1,1,2,15,1,1
16,160076,1,1,1,12,10,19,40,1,0,1,0,16,1,53,706,53706,80,2006,JS1GW71AX621,J,S,1,G,W,7,1,A,X,6,2,1,0,M,SUZI,GXR,RC,6,17,,,,,,,1298,,4,,4,478,,,,,,,0,0,000000000,00000000000,0,0,0,1,0,0,0,0,0,0,0,998,0,0,0,0,6,2,1,0,0,0,1,16,83634,6,1,6,1,3,0,71,195,0,0,0,0,0,0,0,0,0,0,0,0,0,0,1,2,45,4,1,2,1,0,0,14,13,1,1,4,1,1,0
16,160077,1,1,3,30,6,1,10,1,0,1,0,16,1,23,421,23421,15,1999,1GKEK13R8XJ7,1,G,K,E,K,1,3,R,8,X,J,7,0,T,GMC,YUK,4W,99,17,,2,0,1175,YUK,G,,,8,350,,,,B,5268,00,E,44,0,0,000000000,00000000000,0,0,0,1,0,0,0,0,0,0,0,998,0,1,1,0,6,2,1,0,0,0,1,16,83221,6,1,6,0,3,1,71,300,0,0,0,1,0,11,2010,11,2010,1,58,0,0,0,1,2,50,1,1,2,1,0,0,1,13,9,7,4,1,1,0
16,160078,1,1,4,28,6,15,20,35,0,1,0,49,1,7,482,7482,32,2012,1C6RD7LT2CS1,1,C,6,R,D,7,L,T,2,C,S,1,0,T,DODG,SL1,CW,12,17,,2,0,1400,RPC,G,,,8,348,,,,B,5478,00,K,44,0,0,000000000,00000000000,0,0,0,1,0,0,0,0,0,0,0,55,0,1,5,9,6,2,1,0,0,0,1,49,84038,6,1,0,9,9,9,74,245,98,0,0,0,0,0,0,0,0,0,0,0,0,0,1,2,55,1,2,2,1,0,0,1,12,9,2,4,6,2,0
16,160079,1,1,2,24,6,14,17,1,0,1,0,41,1,20,481,20481,31,1987,1GCEV14K8HJ1,1,G,C,E,V,1,4,K,8,H,J,1,0,T,CHEV,V10,PK,87,17,,2,1315,1175,V10,G,,,8,350,,,,B,3901,06,,44,0,0,000000000,00000000000,0,0,0,1,0,0,0,0,0,0,0,75,0,1,3,0,6,2,1,0,0,0,1,16,83641,6,1,0,0,3,0,75,200,0,1,0,0,0,3,2011,3,2011,0,0,0,0,0,2,4,75,1,1,2,1,0,0,1,3,1,1,4,6,1,0
16,160080,1,1,1,24,7,22,21,8,0,1,1,16,2,7,482,7482,31,2001,3B7HF13Z31G7,3,B,7,H,F,1,3,Z,3,1,G,7,0,T,DODG,Q15,4C,1,17,,2,1547,1387,RPC,G,,,8,360,,,,B,5008,01,U,44,0,0,000000000,00000000000,0,0,0,1,0,0,0,0,0,0,0,998,0,0,0,12,6,2,8,0,0,0,1,16,83811,6,1,0,0,3,0,66,170,0,1,0,0,0,7,2011,7,2011,0,91,0,0,0,1,2,55,1,1,2,1,40,3,1,80,1,1,1,13,0,0
16,160081,1,1,1,5,7,11,30,9,0,1,0,16,1,35,402,35402,14,2005,5N1AN08WX5C6,5,N,1,A,N,0,8,W,X,5,C,6,0,P,NISS,XTR,UT,5,17,5200,,0,1063,,G,,F,6,244,,,16R265,,,,,,0,0,000000000,00000000000,0,0,0,1,0,0,0,0,0,0,0,35,0,0,0,12,2,1,9,0,0,0,1,16,83646,6,1,0,0,3,0,63,130,0,0,0,0,0,0,0,0,0,0,0,0,0,0,4,1,25,2,1,2,1,21,3,14,83,1,1,1,13,0,0
16,160082,1,1,1,2,7,12,59,8,0,1,0,16,1,12,17,12017,4,2001,1FAFP55271G2,1,F,A,F,P,5,5,2,7,1,G,2,0,P,FORD,TSS,4D,1,17,3343,,0,1085,,F,,F,6,182,,,16R215,,,,,,0,0,000000000,00000000000,0,0,0,1,0,0,0,0,0,0,0,998,0,0,0,12,2,1,8,0,0,0,1,16,83843,6,1,0,0,3,1,72,225,0,0,0,1,0,8,2011,8,2011,0,0,0,0,0,4,1,98,3,1,2,1,0,0,8,81,1,9,1,13,0,0
16,160083,1,2,1,7,7,19,12,12,6,1,0,16,2,18,20,18020,4,2001,2G4WB55K3112,2,G,4,W,B,5,5,K,3,1,1,2,0,P,BUIC,RLS,4D,1,17,3438,,0,1090,,G,,F,6,231,,,15R215,,,,,,0,0,000000000,00000000000,0,0,0,1,0,0,0,0,0,0,0,998,0,0,0,9,6,2,12,0,0,0,1,16,83702,6,1,0,0,3,1,63,175,0,0,0,0,0,0,0,0,0,0,0,0,0,0,4,4,35,1,1,2,1,2,3,1,17,1,1,1,89,1,0
16,160083,2,2,2,7,7,19,12,12,6,1,0,16,1,12,481,12481,31,2010,1FTSW2BY3AEA,1,F,T,S,W,2,B,Y,3,A,E,A,1,T,FORD,F2S,CW,10,17,,2,1724,1562,SRW,G,,,10,415,,,,B,6483,00,E,44,1,0,000000000,00000000000,0,0,0,1,0,0,0,0,0,0,0,998,0,0,0,1,6,2,12,0,0,0,1,16,83706,6,1,0,0,3,0,74,187,0,0,0,0,0,0,0,0,0,0,0,0,0,0,4,4,35,1,1,2,1,2,3,1,66,1,1,1,88,0,0
16,160084,1,1,3,8,7,12,21,1,0,1,0,6,1,12,402,12402,14,2005,1FMYU02Z05KA,1,F,M,Y,U,0,2,Z,0,5,K,A,0,P,FORD,SPE,UT,5,17,3180,,0,1031,,G,,F,4,140,,,15R225,,,,,,0,0,000000000,00000000000,0,0,0,1,0,0,0,0,0,0,0,998,0,2,1,0,6,2,1,0,0,0,1,6,93422,6,1,0,0,3,1,69,240,0,0,0,0,0,0,0,0,0,0,58,0,0,0,2,4,75,1,1,2,1,0,0,1,12,9,2,4,4,1,0
16,160085,1,4,1,11,7,17,50,12,1,1,0,16,1,12,471,12471,30,1997,1FTCR10A5VUB,1,F,T,C,R,1,0,A,5,V,U,B,0,T,FORD,RNG,PK,97,17,,1,1140,1080,RNG,G,,,4,140,,,,B,2970,01,E,42,0,0,000000000,00000000000,0,0,0,1,0,0,0,0,0,0,0,998,0,1,1,12,6,2,12,0,0,0,1,16,83617,6,1,6,0,3,1,73,210,0,0,0,0,0,0,0,0,0,0,26,0,0,0,3,6,65,1,1,2,1,0,0,1,51,1,1,1,24,0,0
16,160085,2,4,1,11,7,17,50,12,1,1,0,16,1,76,706,76706,80,2004,JYAVP11Y14A0,J,Y,A,V,P,1,1,Y,1,4,A,0,0,M,YAMA,XVA,RS,4,17,,,,,,,1063,,2,,4,571,,,,,,,0,0,000000000,00000000000,0,0,0,1,0,0,0,0,0,0,0,998,0,0,0,6,6,2,12,0,0,0,1,16,83687,6,1,0,0,3,0,67,200,0,0,0,0,0,0,0,0,0,0,0,0,0,0,8,6,65,1,1,2,1,0,0,1,8,1,1,1,25,0,0
16,160085,3,4,1,11,7,17,50,12,1,1,0,32,1,72,706,72706,80,2006,1HD1JDB396Y0,1,H,D,1,J,D,B,3,9,6,Y,0,0,M,HD,FTN,RS,6,17,,,,,,,1450,,2,,4,693,,,,,,,0,0,000000000,00000000000,0,0,0,1,0,0,0,0,0,0,0,998,0,0,0,6,6,2,12,0,0,0,1,32,89403,6,1,7,0,3,1,68,220,0,0,0,0,0,0,0,0,0,0,0,0,0,0,3,6,65,1,1,2,1,0,0,2,8,1,1,1,98,1,0
16,160085,4,4,1,11,7,17,50,12,1,1,0,16,1,47,35,47035,4,2004,YS3FB45S2410,Y,S,3,F,B,4,5,S,2,4,1,0,0,P,SAA,93L,4D,4,17,3175,,0,1053,,G,,T,4,121,,,15R255,,,,,,0,0,000000000,00000000000,0,0,0,1,0,0,0,0,0,0,0,998,0,0,0,8,6,2,12,0,0,0,1,16,83686,6,1,0,0,3,1,69,170,0,0,0,0,0,0,0,0,0,0,0,0,0,0,3,6,65,1,1,2,1,0,0,1,52,1,1,1,98,0,0
16,160086,1,1,1,14,7,4,0,18,0,1,0,16,1,20,22,20022,4,2007,1G1AK55F9772,1,G,1,A,K,5,5,F,9,7,7,2,0,P,CHEV,BLS,4D,7,17,3216,,0,1033,,G,,F,4,134,,,15R195,,,,,,0,0,000000000,00000000000,0,0,0,1,0,0,0,0,0,0,0,998,0,0,0,12,6,2,18,0,0,0,1,16,83641,6,1,0,0,3,0,66,230,0,0,0,0,0,0,0,0,0,0,0,0,0,0,1,2,50,1,1,2,11,0,0,1,98,1,1,1,15,1,0
16,160087,1,2,1,15,7,13,48,12,2,1,0,16,1,7,41,7041,4,2004,2B3HD46R54H7,2,B,3,H,D,4,6,R,5,4,H,7,0,P,DODG,ISE,4D,4,17,3329,,0,1130,,G,,F,6,167,,,16R225,,,,,,0,0,000000000,00000000000,0,0,0,1,0,0,0,0,0,0,0,998,0,0,0,12,6,2,12,0,0,0,1,16,83328,1,1,0,0,2,0,66,188,0,0,0,0,0,0,0,0,0,0,51,0,0,0,2,4,60,1,1,2,1,0,0,1,10,1,1,2,50,0,0
16,160087,2,2,2,15,7,13,48,12,2,1,0,16,1,49,32,49032,4,1999,1NXBR12EXXZ1,1,N,X,B,R,1,2,E,X,X,Z,1,0,P,TOYT,UVL,4D,99,17,2414,,0,970,,G,,F,4,109,,,14R175,,,,,,0,0,000000000,00000000000,0,0,0,1,0,0,0,0,0,0,0,998,0,0,0,12,6,2,12,0,0,0,1,16,83328,6,1,0,0,3,0,65,260,0,0,0,0,0,0,0,0,0,0,0,0,0,0,2,4,60,1,1,2,1,0,0,1,62,1,1,2,51,1,0