STATE,ST_CASE,VEH_NO,VE_FORMS,NUMOCCS,DAY,MONTH,HOUR,MINUTE,HARM_EV,MAN_COLL,UNITTYPE,HIT_RUN,REG_STAT,OWNER,MAKE,MODEL,MAK_MOD,BODY_TYP,MOD_YEAR,VIN,VIN_1,VIN_2,VIN_3,VIN_4,VIN_5,VIN_6,VIN_7,VIN_8,VIN_9,VIN_10,VIN_11,VIN_12,TOW_VEH,VINTYPE,VINMAKE,VINA_MOD,VIN_BT,VINMODYR,VIN_LNGT,VIN_WGT,WGTCD_TR,WHLBS_LG,WHLBS_SH,SER_TR,FUELCODE,MCYCL_DS,CARBUR,CYLINDER,DISPLACE,MCYCL_CY,MCYCL_WT,TIRE_SZE,TON_RAT,TRK_WT,TRKWTVAR,VIN_REST,WHLDRWHL,J_KNIFE,MCARR_I1,MCARR_I2,MCARR_ID,GVWR,V_CONFIG,CARGO_BT,HAZ_INV,HAZ_PLAC,HAZ_ID,HAZ_CNO,HAZ_REL,BUS_USE,SPEC_USE,EMER_USE,TRAV_SP,UNDERIDE,ROLLOVER,ROLINLOC,IMPACT1,DEFORMED,TOWED,M_HARM,VEH_SC1,VEH_SC2,FIRE_EXP,DR_PRES,L_STATE,DR_ZIP,L_STATUS,L_TYPE,CDL_STAT,L_ENDORS,L_COMPL,L_RESTRI,DR_HGT,DR_WGT,PREV_ACC,PREV_SUS,PREV_DWI,PREV_SPD,PREV_OTH,FIRST_MO,FIRST_YR,LAST_MO,LAST_YR,SPEEDREL,DR_SF1,DR_SF2,DR_SF3,DR_SF4,VTRAFWAY,VNUM_LAN,VSPD_LIM,VALIGN,VPROFILE,VPAVETYP,VSURCOND,VTRAFCON,VTCONT_F,P_CRASH1,P_CRASH2,P_CRASH3,PCRASH4,PCRASH5,ACC_TYPE,DEATHS,DR_DRINK
16,160088,1,1,1,16,7,8,9,8,0,1,0,16,1,20,481,20481,31,1989,1GCGK24K2KE2,1,G,C,G,K,2,4,K,2,K,E,2,0,T,CHEV,GK2,PK,89,17,,2,0,1315,GM4,G,,,8,350,,,,C,4699,05,,44,0,0,000000000,00000000000,0,0,0,1,0,0,0,0,0,0,0,998,0,0,0,12,2,1,8,0,0,0,1,16,83537,6,1,6,0,3,1,67,140,0,0,0,1,0,3,2011,3,2011,0,0,0,0,0,1,2,25,1,1,2,1,20,3,11,80,1,1,1,13,0,0
16,160089,1,1,1,16,7,10,39,1,0,1,0,92,0,12,999,12999,99,1968,DA20780,D,A,2,0,7,8,0,,,,,,0,P,FORD,FUT,2D,68,7,2715,,1130,1109,,,,,,,,,146.95,,,,,,0,0,000000000,00000000000,0,0,0,1,0,0,0,0,0,0,0,998,0,1,2,0,2,1,1,0,0,0,1,16,83860,6,1,0,0,3,0,73,250,0,0,0,0,0,0,0,0,0,0,0,0,0,0,1,2,30,1,1,4,1,0,0,98,12,9,1,4,1,1,0
16,160090,1,1,2,21,7,3,46,1,0,1,0,16,1,62,421,62421,15,1999,SALPV1449XA4,S,A,L,P,V,1,4,4,9,X,A,4,0,T,LNDR,HSE,4W,99,17,,2,0,1081,RRV,G,,,8,278,,,,,4960,00,K,44,0,0,000000000,00000000000,0,0,0,1,0,0,0,0,0,0,0,998,0,1,2,0,6,2,1,0,0,0,1,16,83210,6,1,0,0,3,0,71,188,0,6,1,4,1,9,2010,7,2012,1,6,58,28,51,1,2,60,1,1,2,1,0,0,6,10,7,2,4,7,2,1
16,160091,1,2,3,21,7,15,40,12,6,1,0,95,2,49,442,49442,20,2005,5TDZA22C85S2,5,T,D,Z,A,2,2,C,8,5,S,2,0,P,TOYT,SIE,SV,5,17,4165,,0,1193,,G,,F,6,201,,,15R205,,,,,,0,0,000000000,00000000000,0,0,0,1,0,0,0,0,0,0,0,998,0,0,0,12,6,2,12,0,0,0,1,95,83642,9,9,99,9,9,9,999,999,99,99,99,99,99,99,9999,99,9999,0,39,0,0,0,1,2,50,1,1,2,1,20,3,1,17,1,1,1,88,0,0
16,160091,2,2,1,21,7,15,40,12,6,1,0,16,1,72,706,72706,80,2005,1HD1BVB155Y0,1,H,D,1,B,V,B,1,5,5,Y,0,0,M,HD,FTI,RS,5,17,,,,,,,1450,,2,,4,629,,,,,,,0,0,000000000,00000000000,0,0,0,1,0,0,0,0,0,0,0,998,0,0,0,9,6,2,12,0,0,0,1,16,83634,6,1,0,0,3,1,68,280,0,0,0,0,0,0,0,0,0,0,0,0,0,0,1,2,50,1,1,2,1,20,3,1,66,1,1,1,89,1,0
16,160092,1,1,1,21,7,15,42,8,0,1,0,16,1,7,402,7402,14,2000,1B4HS28N1YF2,1,B,4,H,S,2,8,N,1,Y,F,2,0,P,DODG,DUR,UT,0,17,4462,,0,1159,,G,,F,8,287,,,15R235,,,,,,0,0,000000000,00000000000,0,0,0,1,0,0,0,0,0,0,0,998,0,0,0,14,0,1,8,0,0,0,1,16,83651,6,1,0,0,3,0,67,150,0,0,0,0,0,0,0,0,0,0,0,0,0,0,1,2,20,1,1,2,1,0,0,8,80,1,1,1,92,0,0
16,160093,1,1,2,26,7,2,5,1,0,1,0,16,2,20,402,20402,14,1995,2CNBJ1865S69,2,C,N,B,J,1,8,6,5,S,6,9,0,P,GEO,GEO,UT,95,17,2365,,0,866,,G,,F,4,097,,,15R205,,,,,,0,0,000000000,00000000000,0,0,0,1,0,0,0,0,0,0,0,45,0,1,6,0,6,2,1,0,0,0,1,16,83552,6,1,0,0,3,0,70,220,0,1,0,0,0,3,2011,3,2011,1,89,0,0,0,1,2,55,3,2,4,11,0,0,14,6,1,7,4,2,1,1
16,160094,1,1,2,26,7,5,10,1,0,1,0,16,2,49,471,49471,30,1991,JT4RN01P0M00,J,T,4,R,N,0,1,P,0,M,0,0,0,T,TOYT,SWD,PK,91,17,,1,0,1030,HTP,G,,,4,144,,,,B,00000,00,A,44,0,0,000000000,00000000000,0,0,0,1,0,0,0,0,0,0,0,35,0,1,5,0,6,2,1,0,0,0,1,16,83541,6,1,0,0,3,1,63,110,0,0,0,1,0,2,2010,2,2010,1,28,52,58,0,1,1,35,3,2,4,11,0,0,14,6,9,2,4,2,1,0
16,160095,1,2,1,26,7,13,8,12,8,1,0,16,1,12,401,12401,14,2003,1FMZU74W83ZA,1,F,M,Z,U,7,4,W,8,3,Z,A,0,P,FORD,EPR,UT,3,17,4094,,0,1137,,G,,F,8,281,,,17R245,,,,,,0,0,000000000,00000000000,0,0,0,1,0,0,0,0,0,0,0,998,0,0,0,11,6,2,12,0,0,0,1,16,83544,6,1,0,0,3,1,71,200,0,0,0,0,0,0,0,0,0,0,28,0,0,0,1,2,55,1,1,2,1,0,0,1,10,1,1,2,64,0,0
16,160095,2,2,2,26,7,13,8,12,8,1,0,41,1,7,442,7442,20,2002,2B4GP44R02R6,2,B,4,G,P,4,4,R,0,2,R,6,0,T,DODG,GSP,ES,2,17,,1,0,1193,CAR,G,,,6,201,,,,,4002,00,E,42,0,0,000000000,00000000000,0,0,0,1,0,0,0,0,0,0,0,998,0,0,0,11,6,2,12,0,0,0,1,41,97828,6,1,0,0,3,0,75,350,0,0,0,0,0,0,0,0,0,0,0,0,0,0,1,2,55,1,1,2,1,0,0,1,62,1,1,1,65,1,0
16,160096,1,1,1,27,7,15,7,1,0,1,0,16,1,53,733,53733,90,2009,5SAAR41A8971,5,S,A,A,R,4,1,A,8,9,7,1,0,M,SUZI,L75,AT,9,17,,,,,,,722,,1,,4,665,,,,,,,0,0,000000000,00000000000,0,0,0,1,0,0,0,0,0,0,0,998,0,1,6,0,6,2,1,0,0,0,1,16,83647,6,1,0,0,3,0,69,190,0,0,0,0,0,0,0,0,0,1,28,0,0,0,1,2,35,3,2,5,1,0,0,14,6,1,7,4,2,1,1
16,160097,1,1,1,27,7,3,0,52,0,1,0,16,1,20,421,20421,15,2001,1GNEK13T21R1,1,G,N,E,K,1,3,T,2,1,R,1,0,P,CHEV,KTA,UT,1,17,5050,,0,1160,,G,,F,8,325,,,16R245,,,,,,0,0,000000000,00000000000,0,0,0,1,0,0,0,0,0,0,0,998,0,1,5,12,6,2,1,0,0,0,1,16,83851,6,1,0,0,3,0,77,280,0,0,0,0,0,0,0,0,0,0,0,0,0,0,1,2,60,3,3,2,1,0,0,14,13,1,1,4,1,1,1
16,160098,1,1,2,27,7,12,53,1,0,1,0,16,1,72,706,72706,80,2005,1HD1FCW125Y6,1,H,D,1,F,C,W,1,2,5,Y,6,0,M,HD,FLU,RS,5,17,,,,,,,1450,,2,,4,788,,,,,,,0,0,000000000,00000000000,0,0,0,1,0,0,0,0,0,0,0,998,0,0,0,0,6,2,1,0,0,0,1,16,83672,6,1,0,0,3,1,72,350,0,0,0,0,0,0,0,0,0,0,0,0,0,0,1,2,55,2,1,2,1,0,0,14,3,3,7,4,2,1,0
16,160099,1,2,1,30,7,9,55,12,6,1,0,16,2,98,739,98739,90,2012,4XAVH76A7CB5,4,X,A,V,H,7,6,A,7,C,B,5,0,M,POLS,RZ8,AT,12,17,,,,,,,760,,2,,4,978,,,,,,,0,0,000000000,00000000000,0,0,0,1,0,0,0,0,0,0,0,998,0,0,0,10,6,2,12,0,0,0,1,16,83347,6,1,6,1,3,1,67,145,0,0,0,2,0,6,2010,3,2012,1,48,38,0,0,1,2,55,1,2,2,1,21,3,11,17,1,1,1,82,1,0
16,160099,2,2,1,30,7,9,55,12,6,1,0,16,1,7,482,7482,31,2008,1D7HU18238J1,1,D,7,H,U,1,8,2,3,8,J,1,0,T,DODG,SQ1,CW,8,17,,2,1605,1405,RPC,G,,,8,348,,,,B,5201,00,E,44,0,0,000000000,00000000000,0,0,0,1,0,0,0,0,0,0,0,998,0,0,0,12,6,2,12,0,0,0,1,16,83350,6,1,6,1,3,1,67,150,0,0,0,0,0,0,0,0,0,0,0,0,0,0,1,2,55,1,2,2,1,21,3,1,67,8,1,2,83,0,0
16,160100,1,1,1,26,7,23,0,1,0,1,0,50,2,37,39,37039,5,2010,JHMGE8H40AC0,J,H,M,G,E,8,H,4,0,A,C,0,0,P,HOND,FIS,4H,10,17,2520,,0,984,,G,,F,4,091,,,16R205,,,,,,0,0,000000000,00000000000,0,0,0,1,0,0,0,0,0,0,0,80,0,1,5,0,6,2,1,0,0,0,1,53,98021,6,1,0,0,3,0,70,165,0,0,0,0,0,0,0,0,0,1,28,0,0,0,1,2,55,1,1,2,1,0,0,1,6,1,2,4,2,1,1
16,160101,1,1,1,29,7,17,39,1,0,1,0,41,1,7,482,7482,31,2001,3B7KF23671G7,3,B,7,K,F,2,3,6,7,1,G,7,0,T,DODG,Q25,4C,1,17,,2,1547,1387,RPC,D,,,6,359,,,,C,5586,01,U,44,0,0,000000000,00000000000,0,0,0,1,0,0,0,0,0,0,0,27,0,1,6,0,6,2,1,0,0,0,1,41,97374,6,1,6,0,3,0,69,160,0,0,0,0,0,0,0,0,0,0,28,0,0,0,1,2,25,2,1,4,1,0,0,14,12,4,2,4,7,1,0
16,160102,1,2,1,2,8,21,40,12,6,1,1,16,1,20,401,20401,14,1999,1GNCT18W7XK1,1,G,N,C,T,1,8,W,7,X,K,1,0,P,CHEV,BZR,UT,99,17,3814,,0,1005,,G,,F,6,262,,,15R205,,,,,,0,0,000000000,00000000000,0,0,0,1,0,0,0,0,0,0,0,35,0,0,0,3,4,1,12,0,0,0,1,16,83221,6,1,0,0,3,0,73,210,0,0,0,0,0,0,0,0,0,1,39,91,0,0,1,2,30,1,1,2,1,20,3,1,17,1,1,1,87,0,1
16,160102,2,2,2,2,8,21,40,12,6,1,0,16,1,73,705,73705,80,1993,JKAEXVA16PA0,J,K,A,E,X,V,A,1,6,P,A,0,0,M,KAWK,EX5,RC,93,17,,,,,,,500,,2,,4,372,,,,,,,0,0,000000000,00000000000,0,0,0,1,0,0,0,0,0,0,0,27,0,0,0,12,6,2,12,0,0,0,1,16,83221,6,1,0,0,3,1,67,210,0,0,0,0,0,0,0,0,0,0,0,0,0,0,1,2,30,1,1,2,1,20,3,1,66,1,1,1,86,1,0
16,160103,1,2,1,7,8,14,45,12,2,1,0,16,2,12,481,12481,31,1999,1FTSW31S0XED,1,F,T,S,W,3,1,S,0,X,E,D,0,T,FORD,F3S,CW,99,17,,2,1724,1562,SRW,G,,,10,415,,,,D,5945,01,E,44,0,0,000000000,00000000000,0,0,0,1,0,0,0,0,0,0,0,998,0,1,5,12,6,2,12,42,0,1,1,16,83349,6,1,0,0,3,1,61,125,0,0,0,0,0,0,0,0,0,0,0,0,0,0,1,2,65,1,1,2,1,0,0,1,10,1,1,2,50,1,0
16,160103,2,2,1,7,8,14,45,12,2,1,0,16,3,20,481,20481,31,1999,1GCEK19T7XE1,1,G,C,E,K,1,9,T,7,X,E,1,0,T,CHEV,SK1,3C,99,17,,2,1575,1435,SIL,G,,,8,325,,,,B,4621,00,,44,0,0,000000000,00000000000,0,0,0,1,0,0,0,0,0,0,0,998,0,0,0,12,6,2,12,0,0,1,1,16,83347,6,1,0,0,3,1,70,150,0,0,0,0,0,0,0,0,0,0,0,0,0,0,1,2,65,1,1,2,1,0,0,1,62,1,1,1,51,1,0
16,160104,1,1,5,9,8,18,30,43,0,1,0,16,2,48,401,48401,14,1998,JF1SF635XWH7,J,F,1,S,F,6,3,5,X,W,H,7,0,P,SUBA,FOR,UT,98,17,3040,,0,994,,G,,F,4,150,,,15R205,,,,,,0,0,000000000,00000000000,0,0,0,1,0,0,0,0,0,0,0,998,0,0,0,12,6,2,3,0,0,0,1,16,83544,0,0,0,0,0,0,73,215,0,0,0,0,0,0,0,0,0,1,0,0,0,0,1,2,25,2,2,5,1,0,0,14,9,1,7,4,98,1,1
16,160105,1,1,1,17,8,7,34,1,0,1,0,16,1,63,401,63401,14,2002,KNDJA7239251,K,N,D,J,A,7,2,3,9,2,5,1,0,P,KIA,SPO,UT,2,17,3352,,0,1043,,G,,F,4,122,,,15R205,,,,,,0,0,000000000,00000000000,0,0,0,1,0,0,0,0,0,0,0,998,0,1,5,0,6,2,3,0,0,0,1,16,83539,6,1,0,0,3,0,66,150,0,0,0,0,0,0,0,0,0,0,0,0,0,0,1,2,35,1,1,2,1,0,0,98,10,1,9,4,98,1,0
16,160106,1,1,1,17,8,11,20,1,0,1,0,49,1,72,706,72706,80,2007,1HD1FB4167Y6,1,H,D,1,F,B,4,1,6,7,Y,6,0,M,HD,FHR,RS,7,17,,,,,,,1584,,2,,4,737,,,,,,,0,0,000000000,00000000000,0,0,0,1,0,0,0,0,0,0,0,998,0,0,0,0,6,2,1,0,0,0,1,99,99999,9,9,99,9,9,9,999,999,99,99,99,99,99,99,9999,99,9999,1,0,0,0,0,1,2,65,3,1,2,1,0,0,14,6,1,2,4,98,1,0
16,160107,1,1,1,19,8,14,31,1,0,1,0,16,2,53,733,53733,90,2009,5SAAR41A8971,5,S,A,A,R,4,1,A,8,9,7,1,0,M,SUZI,L75,AT,9,17,,,,,,,722,,1,,4,665,,,,,,,0,0,000000000,00000000000,0,0,0,1,0,0,0,0,0,0,0,998,0,1,1,0,4,1,1,0,0,0,1,16,83338,3,1,0,0,2,0,65,128,0,0,0,0,0,0,0,0,0,0,0,0,0,0,1,2,50,1,1,2,1,0,0,98,9,6,2,2,98,1,0
16,160108,1,2,1,20,8,23,50,12,2,1,0,92,0,12,421,12421,15,1988,1FMEU15NXJLA,1,F,M,E,U,1,5,N,X,J,L,A,0,P,FORD,BRO,UT,88,17,0,,0,1050,,G,,F,8,302,,,000000,,,,,,0,0,000000000,00000000000,0,0,0,1,0,0,0,0,0,0,0,998,0,0,0,12,6,2,12,0,0,0,1,16,83822,0,0,0,0,0,0,67,200,0,0,0,0,0,0,0,0,0,0,0,0,0,0,1,2,45,1,1,2,1,28,3,1,10,1,1,2,50,1,1
16,160108,2,2,1,20,8,23,50,12,2,1,0,16,3,85,881,85881,66,2002,1XKDP40X12J8,1,X,K,D,P,4,0,X,1,2,J,8,1,T,KW,T80,TR,2,17,,8,2600,1600,CON,D,,,6,915,,,,,00000,00,,,1,77,777777777,77777777777,3,6,1,1,0,0,0,0,0,0,0,998,0,0,0,12,6,2,12,0,0,0,1,16,83855,6,1,6,1,3,1,65,175,0,0,0,0,0,0,0,0,0,0,0,0,0,0,1,2,45,1,1,2,1,0,0,1,62,1,1,1,51,0,0
16,160109,1,2,1,20,8,17,30,12,6,1,0,16,2,20,16,20016,2,1991,1G1JC14G5MJ1,1,G,1,J,C,1,4,G,5,M,J,1,0,P,CHEV,CRV,CP,91,17,2396,,0,1012,,G,,F,4,133,,,14R185,,,,,,0,0,000000000,00000000000,0,0,0,1,0,0,0,0,0,0,0,998,0,0,0,1,6,2,12,0,0,0,1,16,83316,6,1,0,0,3,0,67,175,0,0,0,0,0,0,0,0,0,0,0,0,0,0,1,2,50,1,1,2,1,20,3,1,17,1,1,1,88,1,1
16,160109,2,2,1,20,8,17,30,12,6,1,0,16,2,12,481,12481,31,1999,1FTNX21S1XED,1,F,T,N,X,2,1,S,1,X,E,D,0,T,FORD,F2S,4C,99,17,,2,1580,1418,SRW,G,,,10,415,,,,C,5635,01,E,44,0,0,000000000,00000000000,0,0,0,1,0,0,0,0,0,0,0,998,0,0,0,11,6,2,12,0,0,0,1,16,83316,6,1,0,0,3,0,70,160,0,0,0,0,0,0,0,0,0,0,0,0,0,0,1,2,50,1,1,2,1,20,3,1,66,1,1,1,89,0,1
16,160110,1,1,1,24,8,21,34,1,0,1,0,53,2,98,739,98739,90,2008,4XAMN76A18A2,4,X,A,M,N,7,6,A,1,8,A,2,0,M,POLS,S8X,AT,8,17,,,,,,,760,,2,,4,795,,,,,,,0,0,000000000,00000000000,0,0,0,1,0,0,0,0,0,0,0,998,0,1,1,0,6,2,1,0,0,0,1,53,98155,6,1,0,0,3,0,75,240,0,0,0,0,0,0,0,0,0,1,0,0,0,0,1,2,25,1,1,4,1,0,0,1,5,1,1,1,98,1,1
16,160111,1,2,1,27,8,7,23,12,2,1,0,16,2,12,481,12481,31,1994,1FTHX26F3RKB,1,F,T,H,X,2,6,F,3,R,K,B,0,T,FORD,F25,PC,94,17,,2,0,1550,COF,D,,,8,444,,,,C,00000,00,M,44,0,0,000000000,00000000000,0,0,0,1,0,0,0,0,0,0,0,998,7,0,0,12,6,2,12,0,0,0,1,16,83607,6,1,0,0,3,0,67,155,0,0,0,0,0,0,0,0,0,0,38,0,0,0,2,2,55,1,1,2,1,0,0,11,10,1,1,2,68,0,0
16,160111,2,2,1,27,8,7,23,12,2,1,0,16,1,72,706,72706,80,2004,1HD1GEV134K3,1,H,D,1,G,E,V,1,3,4,K,3,0,M,HD,FWG,RS,4,17,,,,,,,1450,,2,,4,639,,,,,,,0,0,000000000,00000000000,0,0,0,1,0,0,0,0,0,0,0,998,0,0,0,12,6,2,12,0,0,0,1,16,83616,6,1,0,0,3,0,70,175,0,0,0,0,0,0,0,0,0,0,0,0,0,0,2,2,55,1,1,2,1,0,0,1,62,1,1,1,69,1,0
16,160112,1,2,1,29,8,22,15,12,1,1,0,16,2,20,481,20481,31,2009,1GCHK59KX9E1,1,G,C,H,K,5,9,K,X,9,E,1,0,T,CHEV,2K2,4C,9,17,,2,1575,1435,SIL,G,,,8,366,,,,C,5840,01,,44,0,0,000000000,00000000000,0,0,0,1,0,0,0,0,0,0,0,998,0,0,0,12,6,2,12,0,0,0,1,16,83234,6,1,0,0,3,0,63,95,0,0,0,0,0,0,0,0,0,0,0,0,0,0,1,2,65,1,1,2,1,0,0,1,50,1,1,1,28,0,1
16,160112,2,2,2,29,8,22,15,12,1,1,0,16,2,35,403,35403,14,2011,JN8AF5MV9BT0,J,N,8,A,F,5,M,V,9,B,T,0,0,P,NISS,JUK,UT,11,17,3062,,0,996,,G,,T,4,098,,,17R215,,,,,,0,0,000000000,00000000000,0,0,0,1,0,0,0,0,0,0,0,998,0,0,0,6,6,2,12,0,0,0,1,16,83241,6,1,0,0,3,0,75,200,0,0,0,0,0,0,0,0,0,0,47,0,0,0,1,2,65,1,1,2,1,0,0,2,15,1,1,1,29,1,1
16,160113,1,2,1,29,8,17,48,12,7,1,0,16,2,12,481,12481,31,1999,1FTSX31F7XEB,1,F,T,S,X,3,1,F,7,X,E,B,0,T,FORD,F3S,4C,99,17,,2,1580,1418,SRW,D,,,8,444,,,,D,5645,01,E,44,0,0,000000000,00000000000,0,0,0,1,0,0,0,0,0,0,0,998,0,0,0,8,4,1,12,0,0,0,1,16,83262,6,1,0,0,3,1,64,145,0,0,0,0,0,0,0,0,0,0,0,0,0,0,1,2,60,3,2,2,1,20,3,11,53,1,1,2,72,0,0
16,160113,2,2,1,29,8,17,48,12,7,1,0,16,1,72,706,72706,80,1994,1HD1FDL11RY5,1,H,D,1,F,D,L,1,1,R,Y,5,0,M,HD,FHR,RS,94,17,,,,,,,1340,,2,,4,999,,,,,,,0,0,000000000,00000000000,0,0,0,1,0,0,0,0,0,0,0,998,0,0,0,11,6,2,12,0,0,0,1,16,83210,6,1,6,1,3,1,71,165,0,0,0,0,0,0,0,0,0,0,27,0,0,0,1,2,60,3,2,2,1,20,3,14,8,1,1,2,73,1,0
16,160114,1,1,1,30,8,15,30,14,0,1,0,8,1,12,37,12037,4,2012,1FAHP3K29CL2,1,F,A,H,P,3,K,2,9,C,L,2,0,P,FORD,FSE,4H,12,17,2889,,0,1042,,G,,F,4,122,,,16R205,,,,,,0,0,000000000,00000000000,0,0,0,1,0,0,0,0,0,0,0,0,0,1,1,12,6,2,14,0,0,0,1,8,80906,6,1,0,0,3,0,68,205,0,0,0,0,0,0,0,0,0,0,0,0,0,0,3,4,75,1,1,2,1,0,0,1,8,1,1,4,11,0,0
16,160115,1,1,2,29,8,0,15,42,0,1,0,16,2,20,16,20016,2,2002,1G1JH12T4271,1,G,1,J,H,1,2,T,4,2,7,1,0,P,CHEV,CZ2,CP,2,17,2749,,0,1041,,G,,F,4,146,,,16R205,,,,,,0,0,000000000,00000000000,0,0,0,1,0,0,0,0,0,0,0,74,0,1,2,1,6,2,1,0,0,0,1,53,98408,1,1,0,0,2,0,65,180,1,4,0,0,1,10,2009,6,2010,1,0,0,0,0,1,2,40,1,1,2,1,7,3,1,6,9,2,4,2,1,1
16,160116,1,1,1,30,8,18,30,1,0,1,0,16,1,7,482,7482,31,2006,3D7KS28C56G2,3,D,7,K,S,2,8,C,5,6,G,2,0,T,DODG,S2L,CW,6,17,,2,1605,1405,RPC,D,,,6,359,,,,C,6218,01,E,44,0,0,000000000,00000000000,0,0,0,1,0,0,0,0,0,0,0,998,0,1,2,0,6,2,1,0,0,0,1,16,83254,6,1,0,0,3,1,65,150,0,0,0,0,0,0,0,0,0,0,28,0,0,0,1,2,55,2,1,2,1,0,0,14,8,6,7,4,2,1,1
16,160117,1,1,1,30,8,22,12,53,0,1,0,16,1,76,706,76706,80,2001,JYAVP11EX1A0,J,Y,A,V,P,1,1,E,X,1,A,0,0,M,YAMA,XVS,RS,1,17,,,,,,,1063,,2,,4,571,,,,,,,0,0,000000000,00000000000,0,0,0,1,0,0,0,0,0,0,0,998,0,0,0,12,6,2,1,0,0,0,1,16,83686,6,1,0,0,3,0,73,200,0,0,0,1,0,9,2010,9,2010,0,0,0,0,0,1,2,55,1,1,2,1,0,0,1,13,1,7,4,5,1,0
16,160118,1,2,2,28,8,19,17,12,2,1,0,16,1,20,481,20481,31,1993,2GCFK29K1P12,2,G,C,F,K,2,9,K,1,P,1,2,0,T,CHEV,GK2,PC,93,17,,2,1555,1415,GM4,G,,,8,350,,,,C,4481,04,,44,0,0,000000000,00000000000,0,0,0,1,0,0,0,0,0,0,0,998,0,0,0,12,6,2,12,0,0,0,1,16,83705,6,1,0,0,3,1,62,135,0,0,0,0,0,0,0,0,0,0,38,0,0,0,5,2,30,2,1,2,1,0,0,11,10,3,1,2,68,0,0
16,160118,2,2,1,28,8,19,17,12,2,1,0,16,1,76,705,76705,80,2003,JYAVM01Y43A0,J,Y,A,V,M,0,1,Y,4,3,A,0,0,M,YAMA,V6A,RS,3,17,,,,,,,649,,2,,4,505,,,,,,,0,0,000000000,00000000000,0,0,0,1,0,0,0,0,0,0,0,998,0,0,0,12,6,2,12,0,0,0,1,16,83702,6,1,0,0,3,0,70,190,0,0,0,0,0,0,0,0,0,0,0,0,0,0,5,2,30,2,1,2,1,0,0,14,62,1,1,1,69,1,0
16,160119,1,1,2,1,9,17,15,1,0,1,0,16,1,37,32,37032,4,2007,1HGCM56837A1,1,H,G,C,M,5,6,8,3,7,A,1,0,P,HOND,UEX,4D,7,17,3228,,0,1079,,G,,F,4,146,,,16R205,,,,,,0,0,000000000,00000000000,0,0,0,1,0,0,0,0,0,0,0,998,0,1,2,0,6,2,1,0,0,0,1,16,83616,6,1,0,0,3,0,63,130,0,0,0,0,0,0,0,0,0,1,87,0,0,0,3,2,75,1,2,2,6,0,0,1,6,1,1,4,1,1,0
16,160120,1,1,1,2,9,22,37,1,0,1,0,16,2,7,482,7482,31,1999,1B7KF236XXJ5,1,B,7,K,F,2,3,6,X,X,J,5,0,T,DODG,Q25,4C,99,17,,2,1547,1387,RPC,D,,,6,359,,,,C,5695,00,U,44,0,0,000000000,00000000000,0,0,0,1,0,0,0,0,0,0,0,998,0,1,6,0,6,2,1,0,0,0,1,16,83221,6,1,0,0,3,0,70,160,0,0,0,0,0,0,0,0,0,1,28,0,0,0,1,2,50,2,2,4,1,0,0,14,6,1,7,4,9,1,1
16,160121,1,1,6,2,9,23,36,32,0,1,0,16,1,23,481,23481,31,1992,2GTFK29KXN15,2,G,T,F,K,2,9,K,X,N,1,5,0,T,GMC,SK2,PC,92,17,,2,1555,1415,SIE,G,,,8,350,,,,C,4775,02,A,44,0,0,000000000,00000000000,0,0,0,1,0,0,0,0,0,0,0,998,0,1,5,12,6,2,1,0,0,0,1,16,83442,6,1,0,0,3,1,70,160,0,0,0,1,1,11,2010,3,2011,1,28,0,0,0,2,2,50,2,2,2,1,0,0,14,6,1,7,4,2,1,0
16,160122,1,1,1,3,9,23,11,8,0,1,0,16,2,18,401,18401,14,2005,5GADS13S2523,5,G,A,D,S,1,3,S,2,5,2,3,0,P,BUIC,RNR,UT,5,17,4417,,0,1130,,G,,F,6,256,,,17R245,,,,,,0,0,000000000,00000000000,0,0,0,1,0,0,0,0,0,0,0,998,0,0,0,12,6,2,8,0,0,0,1,16,83605,6,1,0,0,3,0,70,135,0,0,0,0,0,0,0,0,0,0,0,0,0,0,2,5,55,1,1,2,1,0,0,1,80,1,1,1,13,0,0
16,160123,1,1,1,5,9,16,50,1,0,1,0,16,1,53,734,53734,90,2011,5SAAM46A9B71,5,S,A,A,M,4,6,A,9,B,7,1,0,M,SUZI,LPP,AT,11,17,,,,,,,493,,1,,4,672,,,,,,,0,0,000000000,00000000000,0,0,0,1,0,0,0,0,0,0,0,998,0,1,5,0,2,1,1,0,0,0,1,16,83669,6,1,0,0,3,1,72,230,0,0,0,0,0,0,0,0,0,0,0,0,0,0,1,2,35,3,2,5,3,0,0,14,9,1,1,4,1,1,0
16,160124,1,2,1,8,9,8,57,12,6,1,0,16,1,49,472,49472,30,2005,5TETX22N85Z0,5,T,E,T,X,2,2,N,8,5,Z,0,0,T,TOYT,ACC,PC,5,17,,1,0,1219,TAC,G,,,4,164,,,,B,3425,00,U,42,0,0,000000000,00000000000,0,0,0,1,0,0,0,0,0,0,0,998,0,0,0,12,6,2,12,0,0,0,1,16,83633,6,1,0,0,3,0,68,160,0,0,0,1,0,9,2011,9,2011,0,39,0,0,0,1,2,65,2,1,2,1,20,3,11,15,1,1,1,68,0,0
16,160124,2,2,2,8,9,8,57,12,6,1,0,16,2,20,403,20403,14,2003,1GNDT13S6322,1,G,N,D,T,1,3,S,6,3,2,2,0,P,CHEV,TRL,UT,3,17,4600,,0,1130,,G,,F,6,256,,,16R245,,,,,,0,0,000000000,00000000000,0,0,0,1,0,0,0,0,0,0,0,998,0,0,0,4,6,2,12,0,0,0,1,16,83616,6,1,0,0,3,0,64,189,0,0,0,0,0,0,0,0,0,0,0,0,0,0,1,2,65,2,1,2,1,20,3,14,66,1,1,1,69,1,0