STATE,ST_CASE,VEH_NO,VE_FORMS,NUMOCCS,DAY,MONTH,HOUR,MINUTE,HARM_EV,MAN_COLL,UNITTYPE,HIT_RUN,REG_STAT,OWNER,MAKE,MODEL,MAK_MOD,BODY_TYP,MOD_YEAR,VIN,VIN_1,VIN_2,VIN_3,VIN_4,VIN_5,VIN_6,VIN_7,VIN_8,VIN_9,VIN_10,VIN_11,VIN_12,TOW_VEH,VINTYPE,VINMAKE,VINA_MOD,VIN_BT,VINMODYR,VIN_LNGT,VIN_WGT,WGTCD_TR,WHLBS_LG,WHLBS_SH,SER_TR,FUELCODE,MCYCL_DS,CARBUR,CYLINDER,DISPLACE,MCYCL_CY,MCYCL_WT,TIRE_SZE,TON_RAT,TRK_WT,TRKWTVAR,VIN_REST,WHLDRWHL,J_KNIFE,MCARR_I1,MCARR_I2,MCARR_ID,GVWR,V_CONFIG,CARGO_BT,HAZ_INV,HAZ_PLAC,HAZ_ID,HAZ_CNO,HAZ_REL,BUS_USE,SPEC_USE,EMER_USE,TRAV_SP,UNDERIDE,ROLLOVER,ROLINLOC,IMPACT1,DEFORMED,TOWED,M_HARM,VEH_SC1,VEH_SC2,FIRE_EXP,DR_PRES,L_STATE,DR_ZIP,L_STATUS,L_TYPE,CDL_STAT,L_ENDORS,L_COMPL,L_RESTRI,DR_HGT,DR_WGT,PREV_ACC,PREV_SUS,PREV_DWI,PREV_SPD,PREV_OTH,FIRST_MO,FIRST_YR,LAST_MO,LAST_YR,SPEEDREL,DR_SF1,DR_SF2,DR_SF3,DR_SF4,VTRAFWAY,VNUM_LAN,VSPD_LIM,VALIGN,VPROFILE,VPAVETYP,VSURCOND,VTRAFCON,VTCONT_F,P_CRASH1,P_CRASH2,P_CRASH3,PCRASH4,PCRASH5,ACC_TYPE,DEATHS,DR_DRINK
16,160125,1,1,2,26,8,1,0,34,0,1,0,16,1,98,739,98739,90,2011,4XAXH76A6BB4,4,X,A,X,H,7,6,A,6,B,B,4,0,M,POLS,RZ4,AT,11,17,,,,,,,760,,2,,4,1255,,,,,,,0,0,000000000,00000000000,0,0,0,1,0,0,0,0,0,0,0,998,0,0,0,12,6,2,34,0,0,0,1,16,83333,6,1,0,0,3,0,73,180,0,0,0,0,0,0,0,0,0,1,0,0,0,0,9,1,25,1,1,5,1,0,0,1,14,1,1,4,14,1,1
16,160126,1,1,1,13,9,7,40,10,0,1,0,16,2,22,18,22018,2,1996,1G2NE12M1TM5,1,G,2,N,E,1,2,M,1,T,M,5,0,P,PONT,GAS,CP,96,17,2662,,0,1034,,G,,F,6,191,,,14R195,,,,,,0,0,000000000,00000000000,0,0,0,1,0,0,0,0,0,0,0,998,0,0,0,9,6,2,10,0,0,0,1,18,46531,6,1,0,0,3,0,62,110,0,0,0,0,0,0,0,0,0,0,0,0,0,0,1,2,40,1,1,2,1,0,0,1,18,1,1,1,98,1,0
16,160127,1,1,1,14,9,21,8,11,0,1,0,16,1,99,709,99709,80,2006,LCETDNP52660,L,C,E,T,D,N,P,5,2,6,6,0,0,U,,,,6,17,,,,,,,,,,,,,,,,,,,0,0,000000000,00000000000,0,0,0,1,0,0,0,0,0,0,0,998,0,0,0,12,6,2,1,0,0,0,1,16,83221,6,1,6,1,3,0,69,245,0,0,0,0,0,0,0,0,0,0,0,0,0,0,2,2,55,1,1,2,1,0,0,1,87,1,1,1,13,1,0
16,160128,1,1,1,15,9,21,13,8,0,1,0,16,1,98,398,98398,5,1992,2C1MR646XN67,2,C,1,M,R,6,4,6,X,N,6,7,0,P,GEO,GML,4H,92,17,1650,,931,892,,G,,F,3,061,,,12R415,,,,,,0,0,000000000,00000000000,0,0,0,1,0,0,0,0,0,0,0,998,0,0,0,1,2,1,8,0,0,0,1,16,83607,6,1,0,0,3,1,70,246,0,0,0,0,0,0,0,0,0,0,0,0,0,0,2,2,55,1,1,2,1,0,0,1,80,6,1,1,13,0,0
16,160129,1,1,5,16,9,19,27,1,0,1,0,16,1,22,22,22022,4,2008,1G2ZG57N8842,1,G,2,Z,G,5,7,N,8,8,4,2,0,P,PONT,6BS,4D,8,17,3305,,0,1123,,G,,F,6,214,,,17R225,,,,,,0,0,000000000,00000000000,0,0,0,1,0,0,0,0,0,0,0,998,0,1,5,0,6,2,1,0,0,0,1,16,83211,6,1,0,0,3,1,63,120,0,0,0,0,0,0,0,0,0,0,28,0,0,0,2,2,65,3,2,2,1,0,0,14,8,8,2,4,2,2,1
16,160130,1,1,2,16,9,21,24,1,0,1,0,16,2,37,32,37032,4,1994,1HGCD5539RA0,1,H,G,C,D,5,5,3,9,R,A,0,0,P,HOND,ULE,4D,94,17,2809,,0,1069,,G,,F,4,132,,,14R185,,,,,,0,0,000000000,00000000000,0,0,0,1,0,0,0,0,0,0,0,998,0,1,1,0,6,2,1,0,0,0,1,99,83605,9,9,99,9,9,9,999,999,99,99,99,99,99,99,9999,99,9999,0,0,0,0,0,3,4,75,1,1,2,1,0,0,1,12,7,7,6,98,2,1
16,160131,1,3,1,20,9,18,45,12,8,1,0,16,1,37,32,37032,4,1993,1HGCB7657PA0,1,H,G,C,B,7,6,5,7,P,A,0,0,P,HOND,ALX,4D,93,17,2504,,0,1071,,G,,F,4,132,,,14R185,,,,,,0,0,000000000,00000000000,0,0,0,1,0,0,0,0,0,0,0,998,0,0,0,11,6,2,12,0,0,0,1,16,83642,0,0,0,0,0,0,70,150,0,0,0,0,0,0,0,0,0,0,0,0,0,0,1,2,65,1,1,2,1,0,0,1,10,1,1,2,64,1,0
16,160131,2,3,1,20,9,18,45,12,8,1,0,16,3,85,881,85881,66,2008,1XKWDB9X58J2,1,X,K,W,D,B,9,X,5,8,J,2,0,T,KW,W90,TR,8,17,,8,2850,1600,CON,D,,,6,893,,,,,00000,00,,64,0,16,460489889,16460489889,3,5,96,1,0,0,0,0,0,0,0,998,0,0,0,11,6,2,12,0,0,1,1,16,83301,6,1,6,1,3,1,72,215,0,0,0,0,0,0,0,0,0,0,0,0,0,0,1,2,65,1,1,2,1,0,0,1,60,7,1,1,65,0,0
16,160131,3,3,2,20,9,18,45,12,8,1,0,16,3,72,706,72706,80,2012,1HD1KEM1XCB6,1,H,D,1,K,E,M,1,X,C,B,6,0,M,HD,FTK,RS,12,17,,,,,,,1690,,2,,4,857,,,,,,,0,0,000000000,00000000000,0,0,0,1,0,0,0,0,0,0,0,998,0,0,0,12,2,3,54,0,0,0,1,16,83201,6,1,6,1,3,1,69,220,0,0,0,0,0,0,0,0,0,0,0,0,0,0,1,2,65,1,1,2,1,0,0,1,8,1,1,3,98,0,0
16,160132,1,1,1,29,9,22,20,1,0,1,0,16,1,73,705,73705,80,2002,JKAZX4J132A0,J,K,A,Z,X,4,J,1,3,2,A,0,0,M,KAWK,ZXJ,RC,2,17,,,,,,,600,,4,,4,377,,,,,,,0,0,000000000,00000000000,0,0,0,1,0,0,0,0,0,0,0,998,0,0,0,0,6,2,1,0,0,0,1,16,83535,1,1,5,2,2,0,71,170,0,0,1,0,0,4,2012,4,2012,1,28,0,0,0,1,2,55,3,1,2,1,0,0,14,6,1,7,4,2,1,1
16,160133,1,1,1,2,10,16,36,38,0,1,0,16,1,35,401,35401,14,1997,JN8AR05Y2VW1,J,N,8,A,R,0,5,Y,2,V,W,1,0,P,NISS,PFI,UT,97,17,3934,,0,1063,,G,,F,6,201,,,15R235,,,,,,0,0,000000000,00000000000,0,0,0,1,0,0,0,0,0,0,0,998,2,1,5,12,6,2,1,0,0,0,1,16,83274,6,1,0,0,3,0,69,165,0,0,0,0,0,0,0,0,0,0,28,0,0,0,1,2,50,1,1,2,1,0,0,1,8,9,7,4,7,1,1
16,160134,1,1,1,2,10,20,23,1,0,1,0,16,1,23,481,23481,31,2002,1GTHK24U42E2,1,G,T,H,K,2,4,U,4,2,E,2,0,T,GMC,2KH,PK,2,17,,2,0,1330,SIE,G,,,8,364,,,,C,5484,00,U,44,0,0,000000000,00000000000,0,0,0,1,0,0,0,0,0,0,0,77,0,1,2,0,6,2,1,0,0,0,1,16,83336,6,1,0,0,3,0,68,200,0,0,0,3,0,8,2010,7,2012,1,0,0,0,0,1,2,65,3,1,2,1,0,0,14,6,8,2,4,7,1,0
16,160135,1,1,1,4,10,16,55,35,0,1,0,16,2,55,35,55035,4,2001,KMHDN45D51U2,K,M,H,D,N,4,5,D,5,1,U,2,0,P,HYUN,EST,4D,1,17,2635,,0,1027,,G,,F,4,121,,,15R205,,,,,,0,0,000000000,00000000000,0,0,0,1,0,0,0,0,0,0,0,998,0,1,6,12,6,2,1,0,0,0,1,16,83467,0,0,0,0,2,0,73,180,0,1,0,1,1,6,2010,9,2011,1,28,58,0,0,1,2,65,1,1,2,1,0,0,1,6,3,2,4,2,1,1
16,160136,1,1,1,9,10,15,20,1,0,1,0,16,3,85,881,85881,63,2007,1NKDXUTX77R1,1,N,K,D,X,U,T,X,7,7,R,1,0,T,KW,T80,CC,7,17,,8,2600,1600,CON,D,,,6,763,,,,,00000,00,,,0,16,2294676,162294676,3,2,4,1,0,0,0,0,0,0,0,998,0,1,1,0,6,2,1,0,0,0,1,16,83402,6,1,6,1,3,1,73,280,0,0,0,0,0,0,0,0,0,0,28,58,0,0,1,2,65,1,1,2,1,0,0,1,8,6,2,2,98,1,0
16,160137,1,1,1,14,10,5,0,1,0,1,0,16,1,42,401,42401,14,2001,4JGAB54E31A2,4,J,G,A,B,5,4,E,3,1,A,2,0,P,MERZ,ML3,UT,1,17,4586,,0,1110,,G,,F,6,195,,,16R255,,,,,,0,0,000000000,00000000000,0,0,0,1,0,0,0,0,0,0,0,998,0,1,6,0,6,2,1,0,0,0,1,16,83316,0,0,0,0,2,0,67,114,0,4,0,2,2,12,2010,7,2012,1,28,0,0,0,1,2,50,1,1,2,1,0,0,1,12,1,1,4,6,1,1
16,160138,1,2,2,14,10,17,50,12,6,1,0,16,3,23,481,23481,31,2012,3GTP2VE72CG1,3,G,T,P,2,V,E,7,2,C,G,1,0,T,GMC,1NK,CW,12,17,,2,0,1435,SIE,F,,,8,323,,,,B,5329,00,S,44,0,0,000000000,00000000000,0,0,0,1,0,0,0,0,0,0,0,998,0,0,0,12,6,2,12,0,0,0,1,16,83201,6,1,6,0,3,1,70,210,0,0,0,0,0,0,0,0,0,0,0,0,0,0,2,2,35,1,1,2,1,20,3,1,17,1,1,1,86,0,0
16,160138,2,2,2,14,10,17,50,12,6,1,0,16,1,14,6,14006,4,1986,2MEBP95FXGX7,2,M,E,B,P,9,5,F,X,G,X,7,0,P,MERC,MGR,4D,86,17,3782,,0,1143,,G,,F,8,302,,,14R205,,,,,,0,0,000000000,00000000000,0,0,0,1,0,0,0,0,0,0,0,998,0,0,0,3,6,2,12,0,0,0,1,16,83202,6,1,0,0,3,0,64,130,0,0,0,0,0,0,0,0,0,0,0,0,0,0,2,2,35,1,1,2,1,0,0,1,66,1,1,1,87,1,0
16,160139,1,1,2,16,10,12,11,33,0,1,0,16,1,49,401,49401,14,1986,JT4RN62D2G00,J,T,4,R,N,6,2,D,2,G,0,0,0,P,TOYT,RUN,UT,86,17,4651,,0,1030,,G,,F,4,144,,,000000,,,,,,0,0,000000000,00000000000,0,0,0,1,0,0,0,0,0,0,0,998,2,1,6,12,6,2,1,0,0,0,1,16,83651,6,1,0,0,3,1,72,210,0,0,0,0,0,0,0,0,0,0,99,99,99,99,6,2,65,1,5,2,1,21,3,1,8,1,1,4,98,2,0
16,160140,1,1,3,22,10,11,19,42,0,1,0,16,1,23,481,23481,31,1997,2GTEK19R4V15,2,G,T,E,K,1,9,R,4,V,1,5,0,T,GMC,SK1,PC,97,17,,2,1555,1415,SIE,G,,,8,350,,,,B,00000,00,E,44,0,0,000000000,00000000000,0,0,0,1,0,0,0,0,0,0,0,998,0,1,6,11,6,2,1,0,0,1,1,16,83861,6,1,0,0,3,1,69,210,0,0,0,0,0,0,0,0,0,0,0,0,0,0,1,2,35,2,2,5,11,0,0,14,13,1,1,4,98,1,0
16,160141,1,1,1,22,10,20,9,8,0,1,0,16,1,35,32,35032,2,1980,PS110039155,P,S,1,1,0,0,3,9,1,5,5,,0,P,DATS,SX,2T,80,11,2610,,0,945,,G,,2,4,119,,,14R185,,,,,,0,0,000000000,00000000000,0,0,0,1,0,0,0,0,0,0,0,998,0,0,0,12,2,1,8,0,0,0,1,16,83442,6,1,0,0,3,1,67,150,0,0,0,0,0,0,0,0,0,0,0,0,0,0,2,3,35,1,1,2,2,2,3,1,80,1,1,1,13,0,0
16,160142,1,2,1,24,10,7,20,12,6,1,0,16,2,20,482,20482,31,2003,3GNEK13T63G1,3,G,N,E,K,1,3,T,6,3,G,1,0,T,CHEV,KAV,CW,3,17,,2,0,1300,AVL,G,,,8,325,,,,B,5652,00,,44,0,0,000000000,00000000000,0,0,0,1,0,0,0,0,0,0,0,998,0,0,0,11,6,2,12,0,0,0,1,16,83814,6,1,0,0,3,0,70,155,0,0,0,0,0,0,0,0,0,0,38,0,0,0,1,4,60,1,1,2,4,20,3,11,17,1,1,1,82,1,0
16,160142,2,2,1,24,10,7,20,12,6,1,0,16,3,85,881,85881,63,2007,1NKDX40X17R1,1,N,K,D,X,4,0,X,1,7,R,1,0,T,KW,T80,CC,7,17,,8,2600,1600,CON,D,,,6,915,,,,,00000,00,,,0,16,0512110,160512110,3,2,10,1,0,0,0,0,0,0,0,60,0,0,0,1,4,3,12,0,0,0,1,16,83801,6,1,6,1,3,0,72,215,0,0,0,0,0,0,0,0,0,0,0,0,0,0,1,4,60,1,1,2,4,20,3,1,66,1,1,1,83,0,0
16,160143,1,4,1,26,10,7,16,12,2,1,0,30,3,98,809,98809,66,2007,2FWJAZCV17AX,2,F,W,J,A,Z,C,V,1,7,A,X,2,T,STRG,LT9,TR,7,17,,8,0,0,STE,D,,,6,782,,,,,00000,00,,64,1,16,179858,16179858,3,7,4,1,0,0,0,0,0,0,0,998,0,0,0,12,6,2,12,0,0,0,1,16,83647,6,1,6,1,3,1,64,170,0,0,0,0,0,0,0,0,0,0,0,0,0,0,2,2,55,2,1,2,4,0,0,14,62,1,1,1,51,0,0
16,160143,2,4,1,26,10,7,16,12,2,1,0,16,1,23,472,23472,30,2005,1GTDT1366582,1,G,T,D,T,1,3,6,6,5,8,2,0,T,GMC,CAN,CW,5,17,,1,0,1260,CAN,G,,,5,214,,,,B,3895,00,U,44,0,0,000000000,00000000000,0,0,0,1,0,0,0,0,0,0,0,998,0,0,0,12,6,2,12,0,0,0,1,16,83202,6,1,6,0,3,1,72,220,0,0,0,0,0,0,0,0,0,1,28,79,87,0,2,2,55,3,1,2,4,0,0,14,6,1,7,2,50,1,0
16,160143,3,4,1,26,10,7,16,12,2,1,0,16,1,23,481,23481,31,1996,2GTEK19R4T15,2,G,T,E,K,1,9,R,4,T,1,5,0,T,GMC,SK1,PC,96,17,,2,1555,1415,SIE,G,,,8,350,,,,B,4444,01,M,44,0,0,000000000,00000000000,0,0,0,1,0,0,0,0,0,0,0,998,0,0,0,11,6,2,12,0,0,0,1,16,83401,6,1,0,0,3,0,67,165,0,0,0,0,0,0,0,0,0,0,0,0,0,0,2,2,55,3,1,2,4,0,0,14,62,1,1,1,98,0,0
16,160143,4,4,1,26,10,7,16,12,2,1,0,16,1,2,404,2404,14,1999,1J4GW58S3XC7,1,J,4,G,W,5,8,S,3,X,C,7,0,T,JEEP,LRO,4W,99,17,,1,0,1059,GCK,G,,,6,242,,,,,3809,00,E,44,0,0,000000000,00000000000,0,0,0,1,0,0,0,0,0,0,0,998,0,0,0,14,4,1,52,0,0,0,1,16,83204,6,1,6,0,3,0,76,350,0,0,0,0,0,0,0,0,0,0,0,0,0,0,2,2,55,3,1,2,4,0,0,17,62,7,2,4,98,0,0
16,160144,1,1,4,5,11,23,30,1,0,1,0,16,1,49,401,49401,14,1991,JT3VN39WXM80,J,T,3,V,N,3,9,W,X,M,8,0,0,P,TOYT,RUN,UT,91,17,0,,0,1033,,G,,F,6,180,,,000000,,,,,,0,0,000000000,00000000000,0,0,0,1,0,0,0,0,0,0,0,998,0,1,6,0,6,2,1,0,0,0,1,16,83536,6,1,0,0,3,0,70,155,0,0,0,0,0,0,0,0,0,0,0,0,0,0,1,2,35,2,2,2,1,0,0,14,12,6,2,4,7,1,0
16,160145,1,1,1,3,11,15,53,17,0,1,0,16,1,12,16,12016,4,1988,2FABP74F3JX1,2,F,A,B,P,7,4,F,3,J,X,1,0,P,FORD,CVL,4D,88,17,3820,,0,1142,,G,,F,8,302,,,15R215,,,,,,0,0,000000000,00000000000,0,0,0,1,0,0,0,0,0,0,0,998,0,0,0,12,6,2,17,0,0,0,1,16,83801,6,1,0,0,3,0,71,175,0,0,0,0,0,0,0,0,0,0,0,0,0,0,1,2,35,1,1,5,2,0,0,1,12,1,1,4,6,1,0
16,160146,1,2,1,6,11,21,20,12,8,1,0,32,2,7,482,7482,31,1996,1B7KF23C3TJ1,1,B,7,K,F,2,3,C,3,T,J,1,0,T,DODG,250,PC,96,17,,2,1547,1387,RPC,D,,,6,359,,,,C,4951,01,M,44,0,0,000000000,00000000000,0,0,0,1,0,0,0,0,0,0,0,998,0,0,0,1,6,2,12,0,0,0,1,32,89825,6,1,2,0,3,0,66,190,0,1,1,0,1,5,2010,9,2010,0,38,0,0,0,1,2,65,1,1,2,1,20,3,11,15,1,1,2,68,1,0
16,160146,2,2,1,6,11,21,20,12,8,1,0,18,3,82,881,82881,66,1999,1FUYSSZBXXP9,1,F,U,Y,S,S,Z,B,X,X,P,9,0,T,FRHT,FC2,TR,99,17,,8,0,0,CON,D,,,6,774,,,,,00000,00,,64,0,18,54283,1854283,3,2,1,1,0,0,0,0,0,0,0,998,0,0,0,11,6,2,12,0,0,0,1,30,59644,6,1,6,1,3,0,74,265,98,0,0,0,0,0,0,0,0,0,0,0,0,0,1,2,65,1,1,2,1,20,3,1,62,1,1,1,69,0,0
16,160147,1,1,1,12,11,16,10,8,0,1,0,16,1,9,38,9038,4,1999,1P3EJ46XXXN5,1,P,3,E,J,4,6,X,X,X,N,5,0,P,PLYM,BEE,4D,99,17,2862,,0,1080,,G,,F,4,148,,,14R195,,,,,,0,0,000000000,00000000000,0,0,0,1,0,0,0,0,0,0,0,998,0,0,0,11,4,1,8,0,0,0,1,16,83332,6,1,0,0,3,3,69,175,0,0,0,0,0,0,0,0,0,0,0,0,0,0,2,4,25,1,1,2,1,0,0,1,80,1,1,1,13,0,0
16,160148,1,1,2,8,11,10,2,35,0,1,0,16,2,12,471,12471,30,1984,1FTCR10S3EUC,1,F,T,C,R,1,0,S,3,E,U,C,0,T,FORD,RNG,PK,84,17,,1,1139,1079,RNG,G,,,6,171,,,,B,2451,01,,42,0,0,000000000,00000000000,0,0,0,1,0,0,0,0,0,0,0,998,0,1,2,11,6,2,1,0,0,0,1,16,83815,3,1,0,0,0,0,73,150,0,0,0,0,0,0,0,0,0,1,0,0,0,0,1,2,25,3,2,5,1,0,0,14,6,1,1,4,1,1,0
16,160149,1,1,1,8,11,6,52,1,0,1,0,16,1,2,404,2404,14,2000,1J4GW58N7YC3,1,J,4,G,W,5,8,N,7,Y,C,3,0,T,JEEP,LMT,4W,0,17,,1,0,1059,GCK,G,,,8,287,,,,,3917,01,E,44,0,0,000000000,00000000000,0,0,0,1,0,0,0,0,0,0,0,998,0,1,6,0,6,2,1,0,0,0,1,16,83402,6,1,0,0,3,0,65,180,0,0,0,0,0,0,0,0,0,0,0,0,0,0,1,2,65,2,2,2,1,0,0,14,10,7,2,4,1,1,1
16,160150,1,1,1,9,11,18,16,8,0,1,0,16,1,48,34,48034,4,1998,4S3BG6859W76,4,S,3,B,G,6,8,5,9,W,7,6,0,P,SUBA,UK3,SW,98,17,3155,,0,1035,,G,,F,4,150,,,15R205,,,,,,0,0,000000000,00000000000,0,0,0,1,0,0,0,0,0,0,0,998,0,0,0,1,2,1,8,0,0,0,1,16,83607,6,1,6,1,3,1,70,270,0,0,0,0,0,0,0,0,0,0,0,0,0,0,1,2,35,1,1,2,1,0,0,1,80,1,1,1,13,0,0
16,160151,1,2,2,10,11,13,2,12,7,1,0,16,1,6,54,6054,6,2005,2C4GM68435R4,2,C,4,G,M,6,8,4,3,5,R,4,0,P,CHRY,PIF,UT,5,17,4361,,0,1160,,G,,F,6,214,,,17R235,,,,,,0,0,000000000,00000000000,0,0,0,1,0,0,0,0,0,0,0,998,0,1,3,7,6,2,1,0,0,0,1,16,83301,6,1,0,0,3,1,65,225,0,0,0,0,0,0,0,0,0,0,27,0,0,0,3,4,75,1,1,2,1,0,0,15,10,1,1,3,47,1,0
16,160151,2,2,5,10,11,13,2,12,7,1,0,16,2,49,40,49040,4,2004,4T1BE32K34U8,4,T,1,B,E,3,2,K,3,4,U,8,0,P,TOYT,UXS,4D,4,17,3086,,0,1071,,G,,F,4,144,,,15R205,,,,,,0,0,000000000,00000000000,0,0,0,1,0,0,0,0,0,0,0,998,0,0,0,1,4,3,12,0,0,0,1,16,83704,6,1,0,0,3,0,69,163,0,0,0,1,0,4,2011,4,2011,1,0,0,0,0,3,4,75,1,1,2,1,0,0,1,60,6,7,4,45,0,0
16,160152,1,1,1,11,11,7,5,38,0,1,0,16,1,20,36,20036,2,1999,2G1WW12MXX92,2,G,1,W,W,1,2,M,X,X,9,2,0,P,CHEV,MLS,CP,99,17,3306,,0,1075,,G,,F,6,191,,,15R205,,,,,,0,0,000000000,00000000000,0,0,0,1,0,0,0,0,0,0,0,998,0,1,6,12,6,2,1,0,0,0,1,16,83301,6,1,0,0,3,0,73,290,0,0,0,0,0,0,0,0,0,0,58,28,0,0,2,2,60,1,1,2,1,0,0,1,11,6,7,4,6,1,1
16,160153,1,6,1,12,11,16,57,12,1,1,0,16,1,23,481,23481,31,1997,1GTEK19M6VE5,1,G,T,E,K,1,9,M,6,V,E,5,0,T,GMC,SK1,PC,97,17,,2,1555,1415,SIE,G,,,8,305,,,,B,00000,00,E,44,0,0,000000000,00000000000,0,0,0,1,0,0,0,0,0,0,0,998,0,0,0,12,6,2,12,0,0,0,1,16,83204,6,1,0,0,3,0,75,230,0,0,0,0,0,0,0,0,0,0,0,0,0,0,3,4,35,1,1,2,1,2,3,1,8,1,1,1,20,0,0
16,160153,2,6,1,12,11,16,57,12,1,1,0,16,2,20,16,20016,4,2004,1G1JF52F8472,1,G,1,J,F,5,2,F,8,4,7,2,0,P,CHEV,CAS,4D,4,17,2676,,0,1041,,G,,F,4,134,,,15R195,,,,,,0,0,000000000,00000000000,0,0,0,1,0,0,0,0,0,0,0,0,0,0,0,6,6,2,12,0,0,0,1,16,83204,6,1,0,0,3,0,67,133,0,0,0,1,0,11,2011,11,2011,1,0,0,0,0,3,4,35,1,1,2,1,2,3,5,53,1,1,1,21,1,0
16,160153,3,6,1,12,11,16,57,12,1,1,0,16,1,49,33,49033,2,2001,JTDDR32T6101,J,T,D,D,R,3,2,T,6,1,0,1,0,P,TOYT,CGF,2H,1,17,2425,,0,1023,,G,,F,4,109,,,15R195,,,,,,0,0,000000000,00000000000,0,0,0,1,0,0,0,0,0,0,0,0,0,0,0,5,4,3,12,0,0,0,1,16,83204,6,1,0,0,3,0,69,170,0,1,0,0,0,5,2012,5,2012,0,0,0,0,0,3,4,35,1,1,2,1,2,3,5,50,1,1,1,98,0,1
16,160153,4,6,1,12,11,16,57,12,1,1,0,16,2,18,2,18002,4,1997,1G4HR52K0VH4,1,G,4,H,R,5,2,K,0,V,H,4,0,P,BUIC,LLF,4D,97,17,3488,,0,1108,,G,,F,6,231,,,15R205,,,,,,0,0,000000000,00000000000,0,0,0,1,0,0,0,0,0,0,0,0,0,0,0,6,6,2,12,0,0,0,1,16,83201,6,2,0,0,3,0,63,140,0,0,0,0,0,0,0,0,0,0,0,0,0,0,3,4,35,1,1,2,1,2,3,5,50,1,1,1,98,0,0
16,160153,5,6,1,12,11,16,57,12,1,1,0,16,1,35,47,35047,4,2013,1N4AL3AP2DN4,1,N,4,A,L,3,A,P,2,D,N,4,0,P,NISS,A2S,4D,13,17,3108,,0,1093,,G,,F,4,153,,,16R215,,,,,,0,0,000000000,00000000000,0,0,0,1,0,0,0,0,0,0,0,0,0,0,0,12,6,2,12,0,0,0,1,16,83201,6,1,0,0,3,0,63,116,0,0,0,0,0,0,0,0,0,0,0,0,0,0,3,4,35,1,1,2,1,2,3,5,50,1,1,1,98,0,0
16,160153,6,6,3,12,11,16,57,12,1,1,0,16,1,2,406,2406,14,2006,1J8HG48N96C1,1,J,8,H,G,4,8,N,9,6,C,1,0,T,JEEP,BSE,4W,6,17,,2,0,1095,CMD,G,,,8,287,,,,,4806,00,K,44,0,0,000000000,00000000000,0,0,0,1,0,0,0,0,0,0,0,0,0,0,0,6,2,1,12,0,0,0,1,16,83201,6,1,0,0,3,0,67,200,0,0,0,0,0,0,0,0,0,0,0,0,0,0,3,4,35,1,1,2,1,2,3,5,50,1,1,1,98,0,0
16,160154,1,2,1,12,11,7,20,12,8,1,0,16,1,21,2,21002,4,1994,1G3HN52L9RH3,1,G,3,H,N,5,2,L,9,R,H,3,0,P,OLDS,88R,4D,94,17,3344,,0,1108,,G,,F,6,231,,,15R205,,,,,,0,0,000000000,00000000000,0,0,0,1,0,0,0,0,0,0,0,998,0,0,0,62,6,2,12,0,0,0,1,16,83814,6,1,0,0,3,0,66,165,0,0,0,0,0,0,0,0,0,1,0,0,0,0,1,2,60,1,1,2,3,28,3,1,6,9,2,2,64,1,0
16,160154,2,2,2,12,11,7,20,12,8,1,0,16,1,7,482,7482,31,2004,1D7HU18D64S6,1,D,7,H,U,1,8,D,6,4,S,6,0,T,DODG,SQ1,CW,4,17,,2,1605,1405,RPC,G,,,8,345,,,,B,5043,02,E,44,0,0,000000000,00000000000,0,0,0,1,0,0,0,0,0,0,0,998,0,0,0,61,6,2,12,0,0,0,1,16,83804,6,1,0,0,3,0,69,150,0,0,0,1,0,6,2012,6,2012,0,0,0,0,0,1,2,60,1,1,2,3,0,0,1,62,1,1,1,65,0,0
16,160155,1,1,1,19,11,19,19,1,0,1,0,16,1,49,401,49401,14,1997,JT3HN86R5V00,J,T,3,H,N,8,6,R,5,V,0,0,0,P,TOYT,RUN,UT,97,17,3850,,0,1053,,G,,F,6,206,,,15R225,,,,,,0,0,000000000,00000000000,0,0,0,1,0,0,0,0,0,0,0,998,0,1,6,0,6,2,3,0,0,0,1,16,83642,6,1,0,0,3,1,67,138,0,0,0,0,0,0,0,0,0,0,28,58,0,0,1,2,55,3,1,2,2,0,0,14,12,6,2,4,10,1,0
16,160156,1,3,3,20,11,17,28,12,6,1,0,16,1,24,401,24401,14,2003,5GZCZ23D13S8,5,G,Z,C,Z,2,3,D,1,3,S,8,0,P,STRN,VUE,UT,3,17,3172,,0,1066,,G,,F,4,138,,,16R215,,,,,,0,0,000000000,00000000000,0,0,0,1,0,0,0,0,0,0,0,998,0,0,0,3,6,2,12,0,0,0,1,16,83274,6,1,0,0,3,0,64,110,0,0,0,0,0,0,0,0,0,0,0,0,0,0,2,6,55,1,1,2,1,2,3,1,17,1,1,1,87,1,0
16,160156,2,3,1,20,11,17,28,12,6,1,0,16,1,49,472,49472,30,2007,5TEUU42N67Z3,5,T,E,U,U,4,2,N,6,7,Z,3,0,T,TOYT,ACC,PC,7,17,,1,0,1278,TAC,G,,,6,244,,,,B,3955,00,U,44,0,0,000000000,00000000000,0,0,0,1,0,0,0,0,0,0,0,998,0,0,0,12,6,2,12,0,0,0,1,16,83402,6,1,0,0,3,1,63,178,0,0,0,0,0,0,0,0,0,0,0,0,0,0,2,6,55,1,1,2,1,2,3,1,17,1,1,1,86,0,0