STATE,ST_CASE,VEH_NO,VE_FORMS,NUMOCCS,DAY,MONTH,HOUR,MINUTE,HARM_EV,MAN_COLL,UNITTYPE,HIT_RUN,REG_STAT,OWNER,MAKE,MODEL,MAK_MOD,BODY_TYP,MOD_YEAR,VIN,VIN_1,VIN_2,VIN_3,VIN_4,VIN_5,VIN_6,VIN_7,VIN_8,VIN_9,VIN_10,VIN_11,VIN_12,TOW_VEH,VINTYPE,VINMAKE,VINA_MOD,VIN_BT,VINMODYR,VIN_LNGT,VIN_WGT,WGTCD_TR,WHLBS_LG,WHLBS_SH,SER_TR,FUELCODE,MCYCL_DS,CARBUR,CYLINDER,DISPLACE,MCYCL_CY,MCYCL_WT,TIRE_SZE,TON_RAT,TRK_WT,TRKWTVAR,VIN_REST,WHLDRWHL,J_KNIFE,MCARR_I1,MCARR_I2,MCARR_ID,GVWR,V_CONFIG,CARGO_BT,HAZ_INV,HAZ_PLAC,HAZ_ID,HAZ_CNO,HAZ_REL,BUS_USE,SPEC_USE,EMER_USE,TRAV_SP,UNDERIDE,ROLLOVER,ROLINLOC,IMPACT1,DEFORMED,TOWED,M_HARM,VEH_SC1,VEH_SC2,FIRE_EXP,DR_PRES,L_STATE,DR_ZIP,L_STATUS,L_TYPE,CDL_STAT,L_ENDORS,L_COMPL,L_RESTRI,DR_HGT,DR_WGT,PREV_ACC,PREV_SUS,PREV_DWI,PREV_SPD,PREV_OTH,FIRST_MO,FIRST_YR,LAST_MO,LAST_YR,SPEEDREL,DR_SF1,DR_SF2,DR_SF3,DR_SF4,VTRAFWAY,VNUM_LAN,VSPD_LIM,VALIGN,VPROFILE,VPAVETYP,VSURCOND,VTRAFCON,VTCONT_F,P_CRASH1,P_CRASH2,P_CRASH3,PCRASH4,PCRASH5,ACC_TYPE,DEATHS,DR_DRINK
16,160156,3,3,3,20,11,17,28,12,6,1,0,16,1,49,442,49442,20,2011,5TDKA3DC0BS0,5,T,D,K,A,3,D,C,0,B,S,0,0,P,TOYT,SIE,SV,11,17,4275,,0,1193,,G,,F,4,164,,,17R235,,,,,,0,0,000000000,00000000000,0,0,0,1,0,0,0,0,0,0,0,0,0,0,0,11,4,3,12,0,0,0,1,16,83274,6,1,0,0,3,0,69,130,0,0,0,0,0,0,0,0,0,0,0,0,0,0,2,6,55,1,1,2,1,2,3,5,62,1,1,1,98,0,0
16,160157,1,3,2,20,11,17,57,12,1,1,0,16,1,18,2,18002,4,2001,1G4HP54K4142,1,G,4,H,P,5,4,K,4,1,4,2,0,P,BUIC,LCF,4D,1,17,3567,,0,1122,,G,,F,6,231,,,15R215,,,,,,0,0,000000000,00000000000,0,0,0,1,0,0,0,0,0,0,0,998,0,0,0,12,6,2,12,0,0,0,1,16,83277,6,1,0,0,3,0,68,189,0,0,0,1,1,5,2011,11,2012,0,38,0,0,0,1,2,55,1,1,2,2,20,3,1,50,1,1,1,20,1,0
16,160157,2,3,1,20,11,17,57,12,1,1,0,16,1,12,23,12023,4,2010,3FAHP0HA4AR1,3,F,A,H,P,0,H,A,4,A,R,1,0,P,FORD,F/E,4D,10,17,3285,,0,1074,,G,,F,4,152,,,16R205,,,,,,0,0,000000000,00000000000,0,0,0,1,0,0,0,0,0,0,0,0,0,0,0,6,6,2,12,0,0,0,1,16,83262,6,1,0,0,3,1,61,130,0,0,0,0,0,0,0,0,0,0,0,0,0,0,1,2,55,1,1,2,2,20,3,5,53,1,1,1,21,0,0
16,160157,3,3,1,20,11,17,57,12,1,1,0,16,1,63,401,63401,14,2000,KNDJA7236Y56,K,N,D,J,A,7,2,3,6,Y,5,6,0,P,KIA,SPO,UT,0,17,3352,,0,1043,,G,,F,4,122,,,15R205,,,,,,0,0,000000000,00000000000,0,0,0,1,0,0,0,0,0,0,0,0,0,0,0,6,4,1,12,0,0,0,1,16,83221,6,1,0,0,3,1,65,140,0,0,0,0,0,0,0,0,0,0,0,0,0,0,1,2,55,1,1,2,2,20,3,5,50,1,1,1,98,0,0
16,160158,1,2,2,25,11,17,24,12,6,1,0,6,1,49,46,49046,4,2009,JTDKB20U2978,J,T,D,K,B,2,0,U,2,9,7,8,0,P,TOYT,PRI,4H,9,17,2932,,0,1063,,B,,F,4,091,,,15R185,,,,,,0,0,000000000,00000000000,0,0,0,1,0,0,0,0,0,0,0,998,0,0,0,9,6,2,12,0,0,0,1,6,95945,6,1,0,0,3,0,69,175,0,0,0,0,0,0,0,0,0,0,0,0,0,0,2,2,65,1,2,2,1,0,0,12,98,1,1,2,98,1,0
16,160158,2,2,3,25,11,17,24,12,6,1,0,16,1,23,421,23421,15,2002,1GTHK23162F1,1,G,T,H,K,2,3,1,6,2,F,1,0,T,GMC,2KH,CW,2,17,,2,1670,1530,SIE,D,,,8,403,,,,C,5899,01,E,44,0,0,000000000,00000000000,0,0,0,1,0,0,0,0,0,0,0,998,0,0,0,12,6,2,12,0,0,0,1,16,83328,6,1,6,1,3,1,66,165,0,0,0,0,0,0,0,0,0,0,0,0,0,0,2,2,65,1,2,2,1,0,0,1,60,1,1,1,98,0,0
16,160159,1,2,1,1,12,6,15,12,1,1,0,16,1,22,32,22032,6,2006,5Y2SL65826Z4,5,Y,2,S,L,6,5,8,2,6,Z,4,0,P,PONT,VIB,4H,6,17,2700,,0,1024,,G,,F,4,110,,,16R205,,,,,,0,0,000000000,00000000000,0,0,0,1,0,0,0,0,0,0,0,998,0,0,0,12,6,2,12,0,0,0,1,16,83661,6,1,0,0,3,0,71,150,0,0,0,2,0,1,2012,10,2012,0,0,0,0,0,3,4,65,1,1,1,1,0,0,3,52,1,1,1,24,0,0
16,160159,2,2,1,1,12,6,15,12,1,1,0,16,1,53,706,53706,80,1999,JS1VS53A4X21,J,S,1,V,S,5,3,A,4,X,2,1,0,M,SUZI,VZ8,RS,99,17,,,,,,,805,,2,,4,456,,,,,,,0,0,000000000,00000000000,0,0,0,1,0,0,0,0,0,0,0,998,0,0,0,6,6,2,12,0,0,0,1,16,83706,6,1,0,0,3,1,74,230,0,0,0,1,1,4,2010,12,2010,0,0,0,0,0,3,4,65,1,1,1,1,0,0,1,18,98,1,1,25,1,0
16,160160,1,1,1,1,12,19,37,46,0,1,0,16,1,49,471,49471,31,1982,JT4RN34RXC00,J,T,4,R,N,3,4,R,X,C,0,0,0,T,TOYT,R34,PK,82,17,,1,0,1018,HTP,G,,,4,144,,,,B,2307,01,,42,0,0,000000000,00000000000,0,0,0,1,0,0,0,0,0,0,0,998,0,0,0,12,6,2,42,0,0,0,1,16,83535,3,1,0,0,2,0,69,214,0,0,0,0,0,0,0,0,0,0,28,0,0,0,1,2,35,1,2,2,2,20,3,11,14,6,7,4,98,1,1
16,160161,1,1,6,8,12,8,16,1,0,1,0,16,1,12,481,12481,31,2004,1FTNW21PX4ED,1,F,T,N,W,2,1,P,X,4,E,D,0,T,FORD,F2S,CW,4,17,,2,1724,1562,SRW,D,,,8,366,,,,C,6234,00,E,44,0,0,000000000,00000000000,0,0,0,1,0,0,0,0,0,0,0,998,0,1,3,0,6,2,1,0,0,0,1,16,83340,6,1,0,0,3,0,71,195,0,0,0,0,1,3,2012,3,2012,1,79,0,0,0,3,4,75,1,2,2,4,0,0,6,6,10,1,4,6,1,0
16,160162,1,2,2,10,12,18,56,12,6,1,0,16,2,37,32,37032,4,2008,1HGCP26808A1,1,H,G,C,P,2,6,8,0,8,A,1,0,P,HOND,AXL,4D,8,17,3416,,0,1102,,G,,F,4,146,,,17R225,,,,,,0,0,000000000,00000000000,0,0,0,1,0,0,0,0,0,0,0,998,0,0,0,9,6,2,12,0,0,0,1,16,83616,6,2,0,0,3,2,63,112,0,0,0,0,0,0,0,0,0,0,38,74,0,0,2,2,65,1,1,2,1,20,3,4,17,1,1,1,89,1,0
16,160162,2,2,1,10,12,18,56,12,6,1,0,16,1,2,404,2404,14,2010,1J4PR4GK4AC1,1,J,4,P,R,4,G,K,4,A,C,1,0,T,JEEP,LRO,4W,10,17,,1,0,1095,GCK,G,,,6,225,,,,,4470,00,3,44,0,0,000000000,00000000000,0,0,0,1,0,0,0,0,0,0,0,998,0,0,0,12,6,2,12,0,0,0,1,16,83617,6,1,0,0,3,1,63,200,0,0,0,0,0,0,0,0,0,0,0,0,0,0,2,2,65,1,1,2,1,20,3,1,66,1,1,1,88,0,0
16,160163,1,1,1,12,12,14,30,10,0,1,0,16,1,19,481,19481,31,2007,3GYFK62807G2,3,G,Y,F,K,6,2,8,0,7,G,2,0,T,CADI,EXT,SP,7,17,,2,0,1300,ESC,G,,,8,378,,,,B,5751,00,S,44,0,0,000000000,00000000000,0,0,0,1,0,0,0,0,0,0,0,0,0,0,0,9,6,2,10,0,0,0,1,16,83338,6,1,0,0,3,0,65,145,0,0,0,0,0,0,0,0,0,0,0,0,0,0,1,2,55,1,1,2,1,65,3,1,98,1,1,1,98,1,0
16,160164,1,1,9,15,12,5,4,43,0,1,0,16,2,34,37,34037,4,2003,WBAGN63433DR,W,B,A,G,N,6,3,4,3,3,D,R,0,P,BMW,45L,4D,3,17,4464,,0,1232,,G,,F,8,268,,,18R245,,,,,,0,0,000000000,00000000000,0,0,0,1,0,0,0,0,0,0,0,100,0,1,6,1,6,2,1,0,0,0,1,16,83605,6,1,0,0,3,0,68,184,0,0,0,1,0,9,2012,9,2012,1,28,0,0,0,1,2,45,1,1,2,1,0,0,3,6,1,1,4,98,1,0
16,160165,1,1,1,13,12,16,12,34,0,1,0,16,1,23,481,23481,31,1996,1GTGK29F4TE5,1,G,T,G,K,2,9,F,4,T,E,5,0,T,GMC,SK2,PC,96,17,,2,0,1555,SIE,D,,,8,397,,,,C,4686,06,A,44,0,0,000000000,00000000000,0,0,0,1,0,0,0,0,0,0,0,998,2,0,0,1,4,3,34,0,0,0,1,16,83442,6,1,0,0,3,0,72,200,0,0,0,0,0,0,0,0,0,0,28,0,0,0,1,2,50,1,1,2,11,20,3,1,10,1,1,4,10,1,0
16,160166,1,1,3,14,12,22,49,1,0,1,0,16,1,22,18,22018,4,2004,2G2WR524X411,2,G,2,W,R,5,2,4,X,4,1,1,0,P,PONT,GTP,4D,4,17,3583,,0,1105,,G,,Z,6,231,,,17R225,,,,,,0,0,000000000,00000000000,0,0,0,1,0,0,0,0,0,0,0,998,0,1,5,0,6,2,1,0,0,0,1,16,83203,1,1,0,0,2,0,71,165,0,2,1,0,1,5,2011,2,2012,1,58,0,0,0,1,2,35,1,1,2,4,0,0,1,6,1,2,4,7,1,1
16,160167,1,1,1,21,12,5,13,24,0,1,0,16,1,14,36,14036,4,1993,3MAPM10J8PR6,3,M,A,P,M,1,0,J,8,P,R,6,0,P,MERC,TRA,4D,93,17,2356,,0,984,,G,,F,4,114,,,13R175,,,,,,0,0,000000000,00000000000,0,0,0,1,0,0,0,0,0,0,0,998,0,1,2,12,6,2,1,0,0,0,1,16,83686,6,1,0,0,3,0,71,155,0,0,0,2,0,4,2010,1,2011,0,28,0,0,0,1,2,55,1,1,2,1,0,0,1,13,1,1,4,98,1,0
16,160168,1,2,1,21,12,18,58,12,8,1,0,16,1,20,22,20022,4,2007,1G1AK55F6772,1,G,1,A,K,5,5,F,6,7,7,2,0,P,CHEV,BLS,4D,7,17,3216,,0,1033,,G,,F,4,134,,,15R195,,,,,,0,0,000000000,00000000000,0,0,0,1,0,0,0,0,0,0,0,998,7,1,3,11,6,2,12,0,0,0,1,16,83301,6,1,0,0,3,0,68,140,0,0,0,0,1,7,2011,7,2011,0,28,0,0,0,3,4,75,1,1,2,1,0,0,1,8,1,7,4,98,1,0
16,160168,2,2,4,21,12,18,58,12,8,1,0,16,2,35,39,35039,4,2010,1N4AA5AP1AC8,1,N,4,A,A,5,A,P,1,A,C,8,0,P,NISS,MSV,4D,10,17,3556,,0,1093,,G,,F,6,214,,,18R245,,,,,,0,0,000000000,00000000000,0,0,0,1,0,0,0,0,0,0,0,998,1,0,0,11,6,2,12,0,0,0,1,16,83318,6,1,0,0,3,0,74,170,0,0,0,0,0,0,0,0,0,0,0,0,0,0,3,4,75,1,1,2,1,0,0,1,64,1,1,1,98,1,0
16,160169,1,2,1,25,12,18,34,12,9,1,0,16,1,35,473,35473,31,2005,1N6AA06B85N5,1,N,6,A,A,0,6,B,8,5,N,5,0,T,NISS,TXS,PC,5,17,,2,0,1398,TTN,G,,,8,342,,,,C,5017,02,E,44,0,0,000000000,00000000000,0,0,0,1,0,0,0,0,0,0,0,0,0,0,0,6,6,2,12,0,0,0,1,16,83676,6,1,0,0,3,0,73,230,0,0,0,1,0,3,2011,3,2011,0,54,0,0,0,3,3,65,1,2,1,4,0,0,5,53,1,1,1,98,0,0
16,160169,2,2,3,25,12,18,34,12,9,1,0,16,2,54,32,54032,4,1990,JH4KA466XLC0,J,H,4,K,A,4,6,6,X,L,C,0,0,P,ACUR,LEL,4D,90,17,0,,0,1087,,G,,F,6,165,,,15R205,,,,,,0,0,000000000,00000000000,0,0,0,1,0,0,0,0,0,0,0,998,0,0,0,3,6,2,12,0,0,0,1,16,83651,6,1,0,0,3,1,70,190,0,0,1,0,0,7,2012,7,2012,1,84,0,0,0,3,3,65,1,2,1,4,0,0,1,6,6,3,2,98,1,0
17,170001,1,1,5,1,1,4,55,35,0,1,0,17,2,41,54,41054,6,2008,JM3TB28A6801,J,M,3,T,B,2,8,A,6,8,0,1,0,P,MAZD,CX9,UT,8,17,4312,,0,1132,,G,,F,6,226,,,18R245,,,,,,0,0,000000000,00000000000,0,0,0,1,0,0,0,0,0,0,0,998,0,1,5,14,6,2,1,0,0,0,1,17,60443,6,7,0,0,2,0,999,999,0,0,0,0,0,0,0,0,0,1,28,0,0,0,3,2,55,1,1,1,2,0,0,1,6,1,1,4,1,2,1
17,170002,1,1,1,9,1,20,31,34,0,1,0,17,2,49,401,49401,14,2001,JT3HN86R1103,J,T,3,H,N,8,6,R,1,1,0,3,0,P,TOYT,RUN,UT,1,17,3930,,0,1053,,G,,F,6,206,,,15R225,,,,,,0,0,000000000,00000000000,0,0,0,1,0,0,0,0,0,0,0,998,0,1,5,12,6,2,1,0,0,1,1,17,60119,6,1,0,0,3,0,67,190,0,0,0,0,0,0,0,0,0,0,28,0,0,0,1,2,55,2,1,2,1,0,0,14,13,1,1,4,1,1,1
17,170003,1,2,1,2,1,17,38,12,6,1,0,17,1,12,3,12003,2,2000,1FAFP4044YF1,1,F,A,F,P,4,0,4,4,Y,F,1,0,P,FORD,MUS,CP,0,17,3066,,0,1013,,G,,F,6,232,,,15R205,,,,,,0,0,000000000,00000000000,0,0,0,1,0,0,0,0,0,0,0,998,0,0,0,9,6,2,12,0,0,0,1,17,62441,6,1,0,0,3,0,70,150,0,0,0,0,0,0,0,0,0,0,87,0,0,0,1,2,55,1,1,2,4,0,0,1,5,1,7,2,64,1,0
17,170003,2,2,1,2,1,17,38,12,6,1,0,17,1,21,401,21401,14,2002,1GHDT13S1221,1,G,H,D,T,1,3,S,1,2,2,1,0,P,OLDS,BRA,UT,2,17,4628,,0,1130,,G,,F,6,256,,,17R255,,,,,,0,0,000000000,00000000000,0,0,0,1,0,0,0,0,0,0,0,998,0,0,0,12,6,2,12,0,0,0,1,17,62441,6,1,0,0,3,0,67,155,0,0,0,0,0,0,0,0,0,0,0,0,0,0,1,2,55,1,1,2,4,0,0,1,62,1,1,1,65,0,0
17,170004,1,2,1,4,1,21,12,12,6,1,0,17,2,20,37,20037,4,2010,1G1ZC5EB0AF3,1,G,1,Z,C,5,E,B,0,A,F,3,0,P,CHEV,ML1,4D,10,17,3436,,0,1123,,G,,F,4,146,,,17R215,,,,,,0,0,000000000,00000000000,0,0,0,1,0,0,0,0,0,0,0,998,0,0,0,12,6,2,12,0,0,0,1,17,61832,6,7,0,0,3,0,71,210,0,0,0,0,0,0,0,0,0,1,39,0,0,0,1,2,55,1,1,2,1,20,3,2,17,1,1,2,88,0,0
17,170004,2,2,1,4,1,21,12,12,6,1,0,18,2,20,32,20032,4,1988,1Y1SK5143JZ0,1,Y,1,S,K,5,1,4,3,J,Z,0,0,P,CHEV,TVX,4D,88,17,2103,,0,957,,G,,2,4,098,,,13R155,,,,,,0,0,000000000,00000000000,0,0,0,1,0,0,0,0,0,0,0,998,0,0,0,9,6,2,12,0,0,0,1,18,47974,6,1,0,0,3,0,62,180,0,0,0,0,0,0,0,0,0,0,0,0,0,0,1,2,55,1,1,2,1,0,0,1,66,1,1,1,89,1,0
17,170005,1,2,1,12,1,11,23,12,6,1,0,17,2,41,51,41051,4,2005,JM1BK32F4512,J,M,1,B,K,3,2,F,4,5,1,2,0,P,MAZD,M3I,4D,5,17,2696,,0,1039,,G,,F,4,122,,,15R195,,,,,,0,0,000000000,00000000000,0,0,0,1,0,0,0,0,0,0,0,998,0,0,0,81,6,2,12,0,0,0,1,17,61615,6,1,0,0,3,0,72,300,0,0,0,0,0,0,0,0,0,0,79,0,0,0,1,2,55,3,1,2,3,0,0,14,5,1,2,2,64,1,0
17,170005,2,2,1,12,1,11,23,12,6,1,0,17,3,85,881,85881,66,2006,1XKDDB9X86J1,1,X,K,D,D,B,9,X,8,6,J,1,1,T,KW,T80,TR,6,17,,8,2600,1600,CON,D,,,6,893,,,,,00000,00,,64,1,57,503760,57503760,3,6,4,1,0,0,0,0,0,0,0,998,0,0,0,12,6,2,12,0,0,0,1,17,61264,6,1,6,0,3,1,71,190,0,0,0,0,0,0,0,0,0,0,0,0,0,0,1,2,55,3,1,2,3,0,0,14,62,1,1,1,65,0,0
17,170006,1,2,2,5,1,20,27,12,6,1,0,17,2,12,402,12402,14,2002,1FMYU04152KD,1,F,M,Y,U,0,4,1,5,2,K,D,0,P,FORD,SPE,UT,2,17,3511,,0,1031,,G,,F,6,181,,,15R225,,,,,,0,0,000000000,00000000000,0,0,0,1,0,0,0,0,0,0,0,998,0,1,1,12,6,2,12,0,0,1,1,17,62915,6,1,0,0,3,0,62,108,0,2,0,1,1,10,2009,6,2010,0,39,0,0,0,1,2,55,1,2,2,1,20,3,1,17,1,1,2,88,0,0
17,170006,2,2,1,5,1,20,27,12,6,1,0,17,1,49,32,49032,4,2006,1NXBR32E86Z6,1,N,X,B,R,3,2,E,8,6,Z,6,0,P,TOYT,UCS,4D,6,17,2530,,0,1024,,G,,F,4,109,,,15R185,,,,,,0,0,000000000,00000000000,0,0,0,1,0,0,0,0,0,0,0,998,0,0,0,9,6,2,12,0,0,0,1,17,62865,6,1,0,0,3,0,66,135,0,0,0,0,0,0,0,0,0,0,0,0,0,0,1,2,55,1,2,2,1,0,0,1,66,1,1,1,89,1,0
17,170007,1,1,2,14,1,23,18,34,0,1,0,17,1,7,482,7482,31,2006,3D7KS19D06G1,3,D,7,K,S,1,9,D,0,6,G,1,0,T,DODG,ME1,CW,6,17,,2,0,1605,RPC,G,,,8,348,,,,B,6487,00,E,44,0,0,000000000,00000000000,0,0,0,1,0,0,0,0,0,0,0,998,0,1,5,12,6,2,1,0,0,0,1,17,62056,6,1,0,0,3,0,73,290,0,0,0,0,0,0,0,0,0,1,58,0,0,0,1,2,55,1,2,2,1,0,0,1,11,8,1,4,1,1,1
17,170008,1,2,1,19,1,12,45,12,2,1,0,17,1,20,401,20401,14,2002,1GNDS13S7224,1,G,N,D,S,1,3,S,7,2,2,4,0,P,CHEV,TRL,UT,2,17,4442,,0,1130,,G,,F,6,256,,,16R245,,,,,,0,0,000000000,00000000000,0,0,0,1,0,0,0,0,0,0,0,998,0,0,0,12,6,2,12,0,0,1,1,17,62656,6,1,0,0,3,0,70,160,0,0,0,0,0,0,0,0,0,0,28,0,0,0,1,2,55,1,1,2,1,0,0,1,10,7,1,2,50,1,1
17,170008,2,2,1,19,1,12,45,12,2,1,0,17,3,98,809,98809,66,2000,2FZWJECB2YAB,2,F,Z,W,J,E,C,B,2,Y,A,B,1,T,STRG,A95,TR,0,17,,8,2560,1360,STE,D,,,6,629,,,,,00000,00,,42,1,57,75806,5775806,3,6,1,1,0,0,0,0,0,0,0,998,0,0,0,12,6,2,12,0,0,0,1,17,62656,6,1,6,3,3,0,70,205,0,0,0,0,0,0,0,0,0,0,0,0,0,0,1,2,55,1,1,2,1,0,0,1,62,6,1,2,51,0,0
17,170009,1,2,2,20,1,20,47,12,2,1,0,17,1,20,403,20403,14,2003,1GNCS18X73K1,1,G,N,C,S,1,8,X,7,3,K,1,0,P,CHEV,BZR,UT,3,17,3612,,0,1005,,G,,F,6,262,,,16R235,,,,,,0,0,000000000,00000000000,0,0,0,1,0,0,0,0,0,0,0,53,0,1,5,12,6,2,12,0,0,0,1,17,62278,6,1,0,0,3,0,73,170,0,0,0,0,0,0,0,0,0,1,28,87,0,0,2,2,55,1,1,2,4,98,3,1,5,1,3,2,51,1,0
17,170009,2,2,1,20,1,20,47,12,2,1,0,17,3,84,882,84882,61,2000,1HTSDAANXYH2,1,H,T,S,D,A,A,N,X,Y,H,2,0,T,INTL,490,CC,0,17,,7,2540,1280,40S,D,,,6,466,,,,,00000,00,,42,0,77,777777777,77777777777,2,2,4,1,0,0,0,0,0,0,0,55,0,0,0,12,2,1,12,39,0,0,1,17,62233,6,1,6,0,3,0,72,200,0,0,0,0,0,0,0,0,0,0,0,0,0,0,1,2,55,1,1,1,4,98,3,1,62,1,1,1,50,0,0
17,170010,1,3,1,20,1,19,56,12,6,1,0,17,1,12,473,12473,30,2001,1FMZU67E01UC,1,F,M,Z,U,6,7,E,0,1,U,C,0,P,FORD,EPR,UT,1,17,4117,,0,1259,,G,,F,6,245,,,15R235,,,,,,0,0,000000000,00000000000,0,0,0,1,0,0,0,0,0,0,0,0,0,0,0,4,6,2,12,0,0,0,1,17,62263,6,1,0,0,3,3,70,188,0,0,0,0,0,0,0,0,0,1,87,0,0,0,3,2,65,1,1,1,4,0,0,7,53,1,9,2,48,0,0
17,170010,2,3,1,20,1,19,56,12,6,1,0,17,3,87,881,87881,66,2006,1XP5DB9X36D8,1,X,P,5,D,B,9,X,3,6,D,8,1,T,PTRB,379,TR,6,17,,8,0,0,CON,D,,,6,893,,,,,00000,00,,64,1,57,216939,57216939,3,6,3,1,0,0,0,0,0,0,0,998,0,0,0,12,6,2,12,0,0,0,1,20,67730,6,1,6,0,3,0,70,225,0,0,0,0,0,0,0,0,0,0,0,0,0,0,3,2,65,1,1,1,4,0,0,1,50,1,1,2,48,0,0
17,170010,3,3,5,20,1,19,56,12,6,1,0,17,2,22,16,22016,2,2005,3G2JB12F25S1,3,G,2,J,B,1,2,F,2,5,S,1,0,P,PONT,SFR,CP,5,17,2771,,0,1041,,G,,F,4,134,,,15R195,,,,,,0,0,000000000,00000000000,0,0,0,1,0,0,0,0,0,0,0,998,0,0,0,6,6,2,12,0,0,0,1,17,62864,6,1,0,0,3,0,67,153,0,0,0,0,0,0,0,0,0,0,0,0,0,0,3,2,65,1,1,1,4,0,0,4,53,1,1,7,98,1,0
17,170011,1,1,1,1,1,2,39,9,0,1,0,17,1,18,401,18401,14,2004,3G5DB03E24S5,3,G,5,D,B,0,3,E,2,4,S,5,0,P,BUIC,RZV,UT,4,17,4250,,0,1122,,G,,F,6,207,,,16R215,,,,,,0,0,000000000,00000000000,0,0,0,1,0,0,0,0,0,0,0,998,0,0,0,61,4,3,9,0,0,0,1,17,61802,6,1,0,0,3,0,66,193,0,0,0,0,0,0,0,0,0,0,28,0,0,0,1,4,45,1,1,2,1,0,0,1,83,1,1,2,13,0,0
17,170012,1,1,1,12,1,17,12,21,0,1,0,17,1,12,481,12481,31,1999,1FTRX08L4XKA,1,F,T,R,X,0,8,L,4,X,K,A,0,T,FORD,F15,4C,99,17,,2,0,1388,COF,G,,,8,330,,,,B,00000,00,U,44,0,0,000000000,00000000000,0,0,0,1,0,0,0,0,0,0,0,998,0,0,0,12,6,2,21,0,0,0,1,17,62035,6,1,0,0,3,0,66,140,0,0,0,0,0,0,0,0,0,0,28,0,0,0,2,1,35,1,1,2,3,0,0,1,13,1,1,4,1,1,0
17,170013,1,1,1,17,1,21,42,34,0,1,0,17,1,20,4,20004,2,2003,1G1YY22G4351,1,G,1,Y,Y,2,2,G,4,3,5,1,0,P,CHEV,CVT,CP,3,17,3214,,0,1045,,G,,F,8,350,,,17R245,,,,,,0,0,000000000,00000000000,0,0,0,1,0,0,0,0,0,0,0,998,0,1,1,12,6,2,34,0,0,0,1,17,61956,6,1,0,0,3,0,71,200,0,0,0,0,0,0,0,0,0,1,36,0,0,0,1,2,55,3,1,2,1,0,0,14,6,6,2,4,7,1,1
17,170014,1,2,3,1,1,18,43,12,1,1,0,17,2,20,481,20481,31,2003,1GCHK23U93F1,1,G,C,H,K,2,3,U,9,3,F,1,0,T,CHEV,2KH,CW,3,17,,2,1670,1530,SIL,G,,,8,364,,,,C,5899,01,,44,0,0,000000000,00000000000,0,0,0,1,0,0,0,0,0,0,0,0,0,0,0,6,2,1,12,0,0,0,1,17,61482,6,1,0,0,3,0,67,126,0,0,0,0,0,0,0,0,0,0,54,0,0,0,1,2,55,1,1,2,1,0,0,5,53,1,1,1,22,0,0
17,170014,2,2,2,1,1,18,43,12,1,1,0,17,1,22,2,22002,4,2004,1G2HX52KX4U2,1,G,2,H,X,5,2,K,X,4,U,2,0,P,PONT,BVS,4D,4,17,3633,,0,1122,,G,,F,6,231,,,16R225,,,,,,0,0,000000000,00000000000,0,0,0,1,0,0,0,0,0,0,0,998,0,0,0,12,6,2,12,0,0,0,1,17,61501,6,1,0,0,3,0,70,190,0,0,0,1,0,6,2010,6,2010,1,0,0,0,0,1,2,55,1,1,2,1,0,0,1,50,1,1,1,20,1,0
17,170015,1,1,4,3,1,20,25,30,0,1,0,17,2,12,442,12442,20,2003,2FMZA51453BB,2,F,M,Z,A,5,1,4,5,3,B,B,0,T,FORD,WLX,ES,3,17,,1,0,1207,WIN,G,,,6,232,,,,B,3762,00,E,42,0,0,000000000,00000000000,0,0,0,1,0,0,0,0,0,0,0,998,0,0,0,12,6,2,30,0,0,0,1,17,60649,1,1,0,0,2,0,999,999,0,0,0,0,0,0,0,0,0,1,36,0,0,0,1,2,35,1,1,2,1,0,0,10,6,1,1,4,1,1,1
17,170016,1,1,1,22,1,4,31,53,0,1,0,17,2,98,398,98398,2,2004,WMWRE33414TD,W,M,W,R,E,3,3,4,1,4,T,D,0,P,MNNI,COS,2H,4,17,2679,,0,971,,G,,Z,4,098,,,16R195,,,,,,0,0,000000000,00000000000,0,0,0,1,0,0,0,0,0,0,0,998,0,1,5,3,6,2,1,0,0,0,1,17,60922,6,1,0,0,3,3,68,220,1,0,0,0,0,12,2009,12,2009,1,28,0,0,0,1,2,55,1,1,2,3,0,0,1,6,6,2,4,2,1,1
17,170017,1,1,1,5,1,0,45,30,0,1,0,17,1,24,1,24001,4,2001,1G8ZH52801Z2,1,G,8,Z,H,5,2,8,0,1,Z,2,0,P,STRN,SL1,4D,1,17,2360,,0,1024,,G,,F,4,116,,,14R185,,,,,,0,0,000000000,00000000000,0,0,0,1,0,0,0,0,0,0,0,998,0,0,0,12,6,2,30,0,0,0,1,17,60645,6,1,0,0,3,0,67,190,0,0,0,0,1,12,2011,12,2011,0,28,0,0,0,1,4,30,1,1,2,1,0,0,1,13,1,1,4,1,1,0
17,170018,1,1,1,7,1,3,20,35,0,1,0,17,1,7,402,7402,14,2000,1B4HS28N5YF3,1,B,4,H,S,2,8,N,5,Y,F,3,0,P,DODG,DUR,UT,0,17,4462,,0,1159,,G,,F,8,287,,,15R235,,,,,,0,0,000000000,00000000000,0,0,0,1,0,0,0,0,0,0,0,998,0,1,5,14,6,2,1,0,0,0,1,17,62868,6,1,0,0,3,0,68,150,0,0,0,0,0,0,0,0,0,1,28,0,0,0,1,2,55,3,2,2,1,0,0,14,6,1,2,4,2,1,1