STATE,ST_CASE,VEH_NO,VE_FORMS,NUMOCCS,DAY,MONTH,HOUR,MINUTE,HARM_EV,MAN_COLL,UNITTYPE,HIT_RUN,REG_STAT,OWNER,MAKE,MODEL,MAK_MOD,BODY_TYP,MOD_YEAR,VIN,VIN_1,VIN_2,VIN_3,VIN_4,VIN_5,VIN_6,VIN_7,VIN_8,VIN_9,VIN_10,VIN_11,VIN_12,TOW_VEH,VINTYPE,VINMAKE,VINA_MOD,VIN_BT,VINMODYR,VIN_LNGT,VIN_WGT,WGTCD_TR,WHLBS_LG,WHLBS_SH,SER_TR,FUELCODE,MCYCL_DS,CARBUR,CYLINDER,DISPLACE,MCYCL_CY,MCYCL_WT,TIRE_SZE,TON_RAT,TRK_WT,TRKWTVAR,VIN_REST,WHLDRWHL,J_KNIFE,MCARR_I1,MCARR_I2,MCARR_ID,GVWR,V_CONFIG,CARGO_BT,HAZ_INV,HAZ_PLAC,HAZ_ID,HAZ_CNO,HAZ_REL,BUS_USE,SPEC_USE,EMER_USE,TRAV_SP,UNDERIDE,ROLLOVER,ROLINLOC,IMPACT1,DEFORMED,TOWED,M_HARM,VEH_SC1,VEH_SC2,FIRE_EXP,DR_PRES,L_STATE,DR_ZIP,L_STATUS,L_TYPE,CDL_STAT,L_ENDORS,L_COMPL,L_RESTRI,DR_HGT,DR_WGT,PREV_ACC,PREV_SUS,PREV_DWI,PREV_SPD,PREV_OTH,FIRST_MO,FIRST_YR,LAST_MO,LAST_YR,SPEEDREL,DR_SF1,DR_SF2,DR_SF3,DR_SF4,VTRAFWAY,VNUM_LAN,VSPD_LIM,VALIGN,VPROFILE,VPAVETYP,VSURCOND,VTRAFCON,VTCONT_F,P_CRASH1,P_CRASH2,P_CRASH3,PCRASH4,PCRASH5,ACC_TYPE,DEATHS,DR_DRINK
17,170052,2,2,1,12,2,15,38,12,2,1,0,40,3,82,881,82881,66,2007,1FUJBBCK37LX,1,F,U,J,B,B,C,K,3,7,L,X,1,T,FRHT,ST2,TR,7,17,,8,0,0,CON,D,,,6,855,,,,,00000,00,,64,3,57,000080806,57000080806,3,6,1,1,0,0,0,0,0,0,0,50,0,0,0,12,6,2,12,0,0,1,1,27,56331,3,1,3,0,2,0,71,195,0,0,0,0,1,11,2010,11,2010,0,0,0,0,0,1,2,55,1,1,2,1,0,0,1,62,1,1,1,51,0,0
17,170053,1,3,1,13,1,20,50,12,2,1,0,17,1,37,402,37402,14,2007,JHLRE48757C1,J,H,L,R,E,4,8,7,5,7,C,1,0,P,HOND,CRV,UT,7,17,3534,,0,1031,,G,,F,4,146,,,17R225,,,,,,0,0,000000000,00000000000,0,0,0,1,0,0,0,0,0,0,0,37,0,0,0,12,6,2,12,0,0,0,1,17,60022,6,1,0,0,3,3,70,175,0,0,0,0,0,0,0,0,0,0,50,28,0,0,1,4,45,1,1,2,1,0,0,1,10,1,1,2,50,0,1
17,170053,2,3,2,13,1,20,50,12,2,1,0,17,1,49,32,49032,4,2001,1NXBR12E51Z4,1,N,X,B,R,1,2,E,5,1,Z,4,0,P,TOYT,UCS,4D,1,17,2410,,0,970,,G,,F,4,109,,,14R175,,,,,,0,0,000000000,00000000000,0,0,0,1,0,0,0,0,0,0,0,48,0,0,0,12,6,2,12,0,0,0,1,17,60089,6,1,0,0,3,3,70,155,0,0,0,1,0,2,2010,2,2010,0,0,0,0,0,1,4,45,1,1,2,1,0,0,1,62,1,1,1,51,1,0
17,170053,3,3,1,13,1,20,50,12,2,1,0,17,1,2,404,2404,14,1999,1J4GW58S5XC5,1,J,4,G,W,5,8,S,5,X,C,5,0,T,JEEP,LRO,4W,99,17,,1,0,1059,GCK,G,,,6,242,,,,,3809,00,E,44,0,0,000000000,00000000000,0,0,0,1,0,0,0,0,0,0,0,998,0,0,0,12,6,2,12,0,0,0,1,17,60074,2,1,0,0,2,0,999,999,0,1,0,0,0,8,2010,8,2010,0,0,0,0,0,1,4,45,1,1,2,1,0,0,1,62,1,1,1,98,0,0
17,170054,1,1,1,15,2,9,44,8,0,1,0,17,2,2,403,2403,14,2011,1J4HA5H17BL5,1,J,4,H,A,5,H,1,7,B,L,5,0,T,JEEP,WUS,4W,11,17,,1,0,1160,WUL,G,,,6,230,,,,,4269,00,R,44,0,0,000000000,00000000000,0,0,0,1,0,0,0,0,0,0,0,998,0,0,0,6,2,4,8,0,0,0,1,17,60561,6,2,0,0,3,0,70,150,0,0,0,0,0,0,0,0,0,0,31,0,0,0,1,2,20,1,1,2,1,0,0,13,80,1,1,7,92,0,0
17,170055,1,1,1,20,1,10,40,34,0,1,0,17,3,99,998,99998,92,2008,999999999999,9,9,9,9,9,9,9,9,9,9,9,9,0,,,,,,,,,,,,,,,,,,,,,,,,,0,0,000000000,00000000000,0,0,0,1,0,0,0,0,0,0,0,998,0,2,5,14,2,3,1,0,0,0,1,17,62875,6,1,0,0,3,0,73,220,0,0,0,0,0,0,0,0,0,0,0,0,0,0,1,2,35,1,1,4,1,0,0,1,9,9,2,4,2,1,0
17,170056,1,1,1,15,1,5,55,8,0,1,0,17,1,12,442,12442,20,2000,2FMZA5344YBB,2,F,M,Z,A,5,3,4,4,Y,B,B,0,T,FORD,WSL,ES,0,17,,1,0,1207,WIN,G,,,6,232,,,,B,4345,00,E,42,0,0,000000000,00000000000,0,0,0,1,0,0,0,0,0,0,0,998,0,0,0,12,6,2,8,0,0,0,1,17,60419,6,1,0,0,3,0,65,190,1,0,0,0,0,8,2011,8,2011,1,36,0,0,0,1,2,35,1,3,2,2,0,0,1,80,1,1,1,13,0,1
17,170057,1,1,1,1,2,20,38,42,0,1,0,17,1,12,13,12013,2,1998,3FALP1137WR1,3,F,A,L,P,1,1,3,7,W,R,1,0,P,FORD,ZXS,CP,98,17,2478,,0,984,,G,,F,4,121,,,14R185,,,,,,0,0,000000000,00000000000,0,0,0,1,0,0,0,0,0,0,0,998,0,0,0,12,6,2,42,0,0,0,1,17,62439,6,1,6,0,3,1,70,150,0,0,0,0,0,0,0,0,0,0,0,0,0,0,1,2,55,1,2,4,1,0,0,1,12,1,1,4,6,1,0
17,170059,1,1,4,14,2,21,41,31,0,1,0,17,2,12,17,12017,4,2001,1FAFP55211A2,1,F,A,F,P,5,5,2,1,1,A,2,0,P,FORD,TSS,4D,1,17,3343,,0,1085,,F,,F,6,182,,,16R215,,,,,,0,0,000000000,00000000000,0,0,0,1,0,0,0,0,0,0,0,998,0,0,0,12,6,2,2,0,0,1,1,17,62278,6,1,0,0,3,0,76,173,0,0,0,0,0,0,0,0,0,1,6,0,0,0,1,2,55,1,1,2,1,0,0,1,13,1,1,4,1,2,1
17,170060,1,1,2,4,2,17,45,8,0,1,0,17,1,7,442,7442,20,2005,1D4GP45RX5B1,1,D,4,G,P,4,5,R,X,5,B,1,0,P,DODG,CAR,SV,5,17,3845,,0,1133,,G,,F,6,201,,,16R215,,,,,,0,0,000000000,00000000000,0,0,0,1,0,0,0,0,0,0,0,998,0,0,0,12,6,2,8,0,0,0,1,17,60107,6,1,0,0,3,3,70,160,0,0,0,0,0,0,0,0,0,0,38,0,0,0,1,4,40,1,1,2,1,0,0,1,80,1,1,1,13,0,0
17,170061,1,1,2,17,2,21,0,1,0,1,0,17,1,20,37,20037,4,2007,1G1ZS58N77F2,1,G,1,Z,S,5,8,N,7,7,F,2,0,P,CHEV,M/L,4D,7,17,3122,,0,1063,,G,,F,6,214,,,15R205,,,,,,0,0,000000000,00000000000,0,0,0,1,0,0,0,0,0,0,0,86,0,2,5,0,6,2,1,0,0,0,1,17,61103,6,1,0,0,3,0,999,999,0,0,0,0,0,0,0,0,0,1,83,36,0,0,1,2,55,1,1,4,1,0,0,1,87,7,2,4,2,1,1
17,170062,1,4,2,6,2,14,37,12,2,1,0,17,1,7,442,7442,20,2007,2D4GP44L87R3,2,D,4,G,P,4,4,L,8,7,R,3,0,T,DODG,GSX,ES,7,17,,1,0,1193,CAR,G,,,6,232,,,,,4252,00,E,42,0,0,000000000,00000000000,0,0,0,1,0,0,0,0,0,0,0,998,0,0,0,12,6,2,12,0,0,0,1,17,60013,6,1,0,0,3,3,73,180,0,0,0,1,1,3,2010,9,2011,0,28,0,0,0,2,4,55,1,1,2,1,0,0,1,10,1,1,2,50,1,1
17,170062,2,4,1,6,2,14,37,12,2,1,0,17,1,12,461,12461,21,2009,1FDNE24L39DA,1,F,D,N,E,2,4,L,3,9,D,A,0,T,FORD,25V,CG,9,17,,2,0,1380,VAN,G,,,8,330,,,,B,5195,00,E,42,0,0,000000000,00000000000,0,0,0,1,0,0,0,0,0,0,0,998,0,0,0,12,6,2,12,0,0,0,1,17,60477,6,1,0,0,3,0,67,175,0,0,0,0,0,0,0,0,0,0,0,0,0,0,2,4,55,1,1,2,1,0,0,1,62,1,1,1,51,0,0
17,170062,3,4,1,6,2,14,37,12,2,1,0,17,1,49,40,49040,4,2007,4T1BE46K77U0,4,T,1,B,E,4,6,K,7,7,U,0,0,P,TOYT,CMB,4D,7,17,3108,,0,1093,,G,,F,4,146,,,15R205,,,,,,0,0,000000000,00000000000,0,0,0,1,0,0,0,0,0,0,0,998,0,0,0,12,6,2,12,0,0,0,1,17,60090,6,1,0,0,3,0,67,142,0,0,0,0,0,0,0,0,0,0,0,0,0,0,2,4,55,1,1,2,1,0,0,17,51,8,2,2,98,0,0
17,170062,4,4,2,6,2,14,37,12,2,1,0,17,2,22,22,22022,4,2007,2G2WC58C7712,2,G,2,W,C,5,8,C,7,7,1,2,0,P,PONT,GXP,4D,7,17,3600,,0,1105,,G,,F,8,323,,,18R255,,,,,,0,0,000000000,00000000000,0,0,0,1,0,0,0,0,0,0,0,998,0,0,0,9,6,2,12,0,0,0,1,17,60002,6,1,0,0,3,0,65,140,0,0,0,0,0,0,0,0,0,0,0,0,0,0,2,4,55,1,1,2,1,0,0,1,62,1,1,1,98,0,0
17,170063,1,1,2,12,2,6,13,34,0,1,0,17,1,12,473,12473,30,2002,1FMZU73E32UA,1,F,M,Z,U,7,3,E,3,2,U,A,0,P,FORD,EPR,UT,2,17,4378,,0,1137,,G,,F,6,245,,,16R235,,,,,,0,0,000000000,00000000000,0,0,0,1,0,0,0,0,0,0,0,997,0,1,5,12,6,2,1,0,0,0,1,17,61820,6,1,0,0,3,0,64,180,0,0,0,0,0,0,0,0,0,1,36,0,0,0,3,4,65,1,1,2,1,0,0,1,6,1,3,4,2,1,1
17,170064,1,1,1,17,2,6,25,34,0,1,0,17,1,20,443,20443,20,2001,1GNDX03E21D2,1,G,N,D,X,0,3,E,2,1,D,2,0,T,CHEV,VTR,ES,1,17,,1,0,1200,VTR,G,,,6,207,,,,,3838,00,,42,0,0,000000000,00000000000,0,0,0,1,0,0,0,0,0,0,0,998,0,1,6,12,6,2,1,0,0,0,1,17,62618,6,1,0,0,3,0,68,200,0,0,0,0,0,0,0,0,0,1,28,0,0,0,1,2,55,1,2,2,1,0,0,1,6,8,3,4,7,1,0
17,170066,1,1,4,15,2,1,12,34,0,1,0,17,2,12,481,12481,31,2003,1FTNW21P43EC,1,F,T,N,W,2,1,P,4,3,E,C,0,T,FORD,F2S,CW,3,17,,2,1724,1562,SRW,D,,,8,366,,,,C,5870,04,E,44,0,0,000000000,00000000000,0,0,0,1,0,0,0,0,0,0,0,998,0,1,5,12,6,2,1,0,0,0,1,17,61701,6,1,0,0,3,0,69,142,0,0,0,0,0,0,0,0,0,1,36,0,0,0,1,2,55,2,1,2,1,0,0,14,6,3,2,4,2,1,1
17,170067,1,2,1,19,2,3,12,12,2,1,0,17,2,22,2,22002,4,1998,1G2HZ52K1WH2,1,G,2,H,Z,5,2,K,1,W,H,2,0,P,PONT,BSE,4D,98,17,3570,,0,1108,,G,,F,6,231,,,16R225,,,,,,0,0,000000000,00000000000,0,0,0,1,0,0,0,0,0,0,0,998,0,0,0,12,6,2,12,0,0,1,1,17,62882,6,1,0,0,3,0,71,125,0,0,0,1,0,7,2010,7,2010,1,36,0,0,0,1,2,55,1,1,2,1,0,0,1,10,1,1,2,50,0,0
17,170067,2,2,2,19,2,3,12,12,2,1,0,17,1,12,471,12471,30,1994,1FTCR14X5RPC,1,F,T,C,R,1,4,X,5,R,P,C,0,T,FORD,RNS,PC,94,17,,1,0,1250,RNG,G,,,6,245,,,,B,3208,00,A,42,0,0,000000000,00000000000,0,0,0,1,0,0,0,0,0,0,0,998,0,0,0,12,6,2,12,0,0,0,1,17,62892,6,1,0,0,3,0,71,160,1,0,0,0,0,6,2011,6,2011,0,0,0,0,0,1,2,55,1,1,2,1,0,0,1,54,1,1,1,51,1,0
17,170068,1,2,1,21,2,15,37,12,6,1,0,17,2,7,442,7442,20,1997,1B4GP44R5VB2,1,B,4,G,P,4,4,R,5,V,B,2,0,T,DODG,GSS,ES,97,17,,1,0,1193,CAR,G,,,6,201,,,,,3748,00,E,42,0,0,000000000,00000000000,0,0,0,1,0,0,0,0,0,0,0,998,0,1,5,62,6,2,12,0,0,0,1,17,60901,6,1,6,0,3,0,70,210,0,0,0,0,0,0,0,0,0,0,36,0,0,0,1,2,55,1,1,2,1,0,0,15,54,1,1,1,65,1,1
17,170068,2,2,2,21,2,15,37,12,6,1,0,17,1,12,37,12037,4,2008,1FAHP35N78W2,1,F,A,H,P,3,5,N,7,8,W,2,0,P,FORD,FMS,4D,8,17,2623,,0,1029,,G,,F,4,122,,,16R205,,,,,,0,0,000000000,00000000000,0,0,0,1,0,0,0,0,0,0,0,998,0,0,0,12,6,2,12,0,0,0,1,17,60913,6,1,0,0,3,0,62,135,0,0,0,0,0,0,0,0,0,0,0,0,0,0,1,2,55,1,1,2,1,0,0,15,10,1,1,2,64,0,0
17,170069,1,1,4,22,2,20,6,1,0,1,0,17,2,2,404,2404,14,1995,1J4GZ78Y8SC6,1,J,4,G,Z,7,8,Y,8,S,C,6,0,T,JEEP,L/O,4W,95,17,,1,0,1059,GCK,G,,,8,318,,,,,3552,00,M,44,0,0,000000000,00000000000,0,0,0,1,0,0,0,0,0,0,0,60,0,1,5,0,6,2,1,0,0,0,1,17,60142,6,1,0,0,3,0,72,170,0,0,1,1,0,9,2010,2,2011,0,52,0,0,0,1,2,55,1,1,2,1,0,0,1,13,1,1,4,1,1,1
17,170070,1,1,5,22,2,15,20,10,0,1,0,18,2,22,18,22018,2,1991,1G2NE14U1MC5,1,G,2,N,E,1,4,U,1,M,C,5,0,P,PONT,GAL,CP,91,17,2498,,0,1034,,G,,F,4,151,,,14R185,,,,,,0,0,000000000,00000000000,0,0,0,1,0,0,0,0,0,0,0,998,0,0,0,3,6,2,10,0,0,0,1,18,47802,6,1,0,0,3,3,62,145,0,0,0,0,0,0,0,0,0,0,39,0,0,0,1,2,55,2,3,2,1,65,3,14,17,1,1,1,98,4,0
17,170071,1,1,1,11,2,23,15,34,0,1,0,17,2,49,472,49472,30,2000,5TEPM62N1YZ6,5,T,E,P,M,6,2,N,1,Y,Z,6,0,T,TOYT,REG,PK,0,17,,1,0,1033,TAC,G,,,4,164,,,,B,3215,00,U,44,0,0,000000000,00000000000,0,0,0,1,0,0,0,0,0,0,0,998,0,1,5,12,6,2,1,0,0,0,1,17,61930,6,1,0,0,3,0,74,175,0,0,0,0,0,0,0,0,0,0,0,0,0,0,1,2,55,1,1,2,1,0,0,99,12,1,1,4,6,1,1
17,170072,1,2,1,9,2,3,11,12,6,1,0,17,2,37,33,37033,2,1994,JHMBB2251RC0,J,H,M,B,B,2,2,5,1,R,C,0,0,P,HOND,SSR,CP,94,17,2773,,0,1004,,G,,F,4,138,,,15R205,,,,,,0,0,000000000,00000000000,0,0,0,1,0,0,0,0,0,0,0,93,0,0,0,12,6,2,12,0,0,0,1,17,60616,1,1,0,0,2,0,68,165,99,99,99,99,99,99,9999,99,9999,1,39,37,0,0,1,2,30,1,1,2,1,3,3,1,17,1,1,1,88,1,1
17,170072,2,2,3,9,2,3,11,12,6,1,0,17,2,12,422,12422,15,1999,1FMPU18L7XLA,1,F,M,P,U,1,8,L,7,X,L,A,0,P,FORD,EPT,UT,99,17,5177,,0,1191,,G,,F,8,330,,,17R265,,,,,,0,0,000000000,00000000000,0,0,0,1,0,0,0,0,0,0,0,998,0,1,1,9,6,2,12,0,0,0,1,17,60804,6,1,0,0,3,0,71,190,0,1,0,0,1,4,2011,7,2011,0,0,0,0,0,1,2,30,1,1,2,1,3,3,1,66,1,1,1,89,0,0
17,170073,1,1,1,9,2,2,45,8,0,1,1,17,2,35,47,35047,4,2006,1N4AL11DX6N3,1,N,4,A,L,1,1,D,X,6,N,3,0,P,NISS,ASL,4D,6,17,2915,,0,1102,,G,,F,4,153,,,16R215,,,,,,0,0,000000000,00000000000,0,0,0,1,0,0,0,0,0,0,0,90,0,0,0,12,4,1,8,0,0,0,1,17,60619,1,1,0,0,2,0,74,217,0,0,0,0,1,9,2010,9,2010,1,36,0,0,0,1,4,30,1,1,2,1,0,0,1,80,1,1,1,13,0,1
17,170075,1,6,1,23,2,23,10,12,7,1,0,99,9,99,884,99884,66,9999,999999999999,9,9,9,9,9,9,9,9,9,9,9,9,1,,,,,,,,,,,,,,,,,,,,,,,,,1,99,999999999,99999999999,3,6,11,1,0,0,0,0,99,99,9,998,0,0,0,63,2,1,12,0,0,0,1,99,99999,9,9,99,9,9,9,999,999,99,99,99,99,99,99,9999,99,9999,9,99,99,99,99,3,4,45,1,1,1,2,0,0,15,10,1,1,2,46,0,0
17,170075,2,6,1,23,2,23,10,12,7,1,0,17,3,99,988,99988,51,1998,2PCH33493W10,2,P,C,H,3,3,4,9,3,W,1,0,0,U,,,,98,17,,,,,,,,,,,,,,,,,,,0,99,999999999,99999999999,3,21,22,1,0,0,0,0,5,0,0,998,0,0,0,82,2,1,12,0,0,0,1,17,60620,6,1,6,0,3,0,70,195,0,0,0,0,0,0,0,0,0,0,0,0,0,0,3,4,45,1,1,1,2,0,0,1,51,1,1,1,45,0,0
17,170075,3,6,2,23,2,23,10,12,7,1,0,17,2,22,20,22020,4,1999,1G2WJ52M9XF3,1,G,2,W,J,5,2,M,9,X,F,3,0,P,PONT,GFS,4D,99,17,3414,,0,1105,,G,,F,6,191,,,15R205,,,,,,0,0,000000000,00000000000,0,0,0,1,0,0,0,0,0,0,0,998,0,0,0,12,6,2,12,0,0,0,1,17,60621,6,1,0,0,3,0,67,219,0,0,0,0,0,0,0,0,0,1,84,28,0,0,3,4,45,1,1,1,2,0,0,1,51,6,1,2,98,0,0
17,170075,4,6,1,23,2,23,10,12,7,1,0,42,3,98,809,98809,66,2007,2FWJA3CV57AW,2,F,W,J,A,3,C,V,5,7,A,W,0,T,STRG,AT9,TR,7,17,,8,0,0,STE,D,,,6,782,,,,,00000,00,,64,0,57,190180,57190180,3,5,96,1,0,0,0,0,0,0,0,998,0,0,0,61,6,2,12,0,0,0,1,17,60540,6,1,6,0,3,0,72,220,0,0,0,0,0,0,0,0,0,0,0,0,0,0,3,4,45,1,1,1,2,0,0,1,10,1,1,2,98,0,0
17,170075,5,6,1,23,2,23,10,12,7,1,0,18,2,24,1,24001,4,1996,1G8ZH5285TZ1,1,G,8,Z,H,5,2,8,5,T,Z,1,0,P,STRN,SL1,4D,96,17,2277,,0,1024,,G,,F,4,116,,,14R175,,,,,,0,0,000000000,00000000000,0,0,0,1,0,0,0,0,0,0,0,998,0,0,0,12,6,2,12,0,0,0,1,17,60637,6,2,0,0,3,0,63,112,0,0,0,0,0,0,0,0,0,0,0,0,0,0,3,4,45,1,1,1,2,0,0,1,11,1,1,2,98,0,0
17,170075,6,6,3,23,2,23,10,12,7,1,0,17,1,7,442,7442,20,1997,2B4GP44R0VR2,2,B,4,G,P,4,4,R,0,V,R,2,0,T,DODG,GSS,ES,97,17,,1,0,1193,CAR,G,,,6,201,,,,,3748,00,E,42,0,0,000000000,00000000000,0,0,0,1,0,0,0,0,0,0,0,998,0,0,0,12,6,2,12,0,0,0,1,17,60639,6,1,0,0,3,0,71,190,0,0,0,0,0,0,0,0,0,1,28,84,0,0,3,4,45,1,1,1,2,0,0,1,18,6,1,1,98,2,1
17,170076,1,1,2,12,2,7,20,14,0,1,0,17,2,12,17,12017,4,2002,1FAFP55S92G1,1,F,A,F,P,5,5,S,9,2,G,1,0,P,FORD,TSS,4D,2,17,3392,,0,1085,,G,,F,6,182,,,16R215,,,,,,0,0,000000000,00000000000,0,0,0,1,0,0,0,0,0,0,0,998,0,0,0,12,6,2,14,0,0,0,1,17,60637,6,1,0,0,3,0,75,260,0,0,0,0,0,0,0,0,0,1,52,28,0,0,1,4,99,1,1,2,1,0,0,1,6,1,1,4,98,1,1
17,170077,1,1,1,24,2,13,24,8,0,1,0,17,2,12,37,12037,4,2005,1FAFP34N65W2,1,F,A,F,P,3,4,N,6,5,W,2,0,P,FORD,ZX4,4D,5,17,2677,,0,1030,,G,,F,4,122,,,15R195,,,,,,0,0,000000000,00000000000,0,0,0,1,0,0,0,0,0,0,0,998,0,0,0,12,2,1,8,0,0,0,1,17,61930,6,1,0,0,3,3,70,200,0,0,0,0,0,0,0,0,0,0,0,0,0,0,1,2,55,1,1,2,1,0,0,1,80,3,2,1,13,0,0
17,170078,1,1,1,13,2,14,8,41,0,1,0,17,2,20,22,20022,2,2007,1G1AK15F5771,1,G,1,A,K,1,5,F,5,7,7,1,0,P,CHEV,BLS,CP,7,17,2991,,0,1033,,G,,F,4,134,,,15R195,,,,,,0,0,000000000,00000000000,0,0,0,1,0,0,0,0,0,0,0,998,0,0,0,81,6,2,42,0,0,0,1,4,62260,6,1,0,0,3,0,72,165,0,0,0,0,0,0,0,0,0,1,0,0,0,0,1,2,45,2,2,2,1,0,0,14,13,6,4,4,2,1,1
17,170079,1,1,1,26,2,11,13,34,0,1,0,17,2,20,473,20473,30,2005,1GCCS1485581,1,G,C,C,S,1,4,8,5,5,8,1,0,T,CHEV,RDO,PK,5,17,,1,0,1112,CAL,G,,,4,171,,,,,3117,00,,42,0,0,000000000,00000000000,0,0,0,1,0,0,0,0,0,0,0,998,0,1,5,14,6,2,1,0,0,1,1,17,62557,6,1,0,0,3,1,68,170,0,0,0,0,0,0,0,0,0,0,4,0,0,0,1,2,55,2,1,2,1,0,0,14,10,1,1,4,6,1,0
17,170080,1,3,2,29,2,19,0,12,6,1,0,17,2,59,31,59031,4,1997,JT8BF22G2V00,J,T,8,B,F,2,2,G,2,V,0,0,0,P,LEXS,ES3,4D,97,17,3296,,0,1051,,G,,F,6,183,,,15R205,,,,,,0,0,000000000,00000000000,0,0,0,1,0,0,0,0,0,0,0,998,0,0,0,11,6,2,12,0,0,0,1,17,60048,3,1,0,0,2,0,70,160,0,0,0,0,0,0,0,0,0,1,28,0,0,0,2,3,55,1,1,1,1,0,0,15,6,1,3,2,47,1,1
17,170080,2,3,1,29,2,19,0,12,6,1,0,34,3,84,881,84881,66,2000,2HSCNAPR6YC0,2,H,S,C,N,A,P,R,6,Y,C,0,1,T,INTL,94I,TR,0,17,,8,0,0,940,D,,,6,915,,,,,00000,00,,64,1,57,178566,57178566,3,6,1,1,0,0,0,0,0,0,0,998,0,0,0,12,2,1,12,0,0,0,1,23,4901,6,1,6,0,3,0,72,240,0,0,0,0,0,0,0,0,0,0,0,0,0,0,2,3,55,1,1,1,1,0,0,1,61,1,1,1,45,0,0
17,170080,3,3,1,29,2,19,0,12,6,1,0,27,1,51,881,51881,66,2007,4V4NC9KK87N4,4,V,4,N,C,9,K,K,8,7,N,4,1,T,VOLV,VNL,TR,7,17,,8,0,0,VVN,D,,,6,984,,,,,00000,00,,64,1,57,0807353,570807353,3,6,1,1,0,0,0,0,0,0,0,998,0,0,0,12,2,1,12,0,0,0,1,27,55434,6,1,6,1,3,1,999,999,0,0,0,0,0,0,0,0,0,0,0,0,0,0,2,3,55,1,1,1,1,0,0,1,62,1,1,1,98,0,0
17,170081,1,1,1,26,1,12,5,8,0,1,0,17,3,98,981,98981,52,2005,1N90402845A1,1,N,9,0,4,0,2,8,4,5,A,1,0,U,,,,5,17,,,,,,,,,,,,,,,,,,,0,77,777777777,77777777777,3,21,22,1,0,0,0,0,6,0,0,998,0,0,0,12,2,1,8,0,0,0,1,17,60131,6,1,6,3,3,3,66,140,0,0,0,0,0,0,0,0,0,0,38,0,0,0,1,4,25,1,1,2,1,2,3,11,80,1,1,2,13,0,0
17,170082,1,1,1,16,2,22,52,31,0,1,0,17,2,2,404,2404,14,2004,1J4GW48S84C2,1,J,4,G,W,4,8,S,8,4,C,2,0,T,JEEP,LCF,4W,4,17,,1,0,1059,GCK,G,,,6,244,,,,,3888,02,E,44,0,0,000000000,00000000000,0,0,0,1,0,0,0,0,0,0,0,998,0,1,5,12,6,2,1,0,0,0,1,17,62241,6,1,0,0,3,0,69,190,0,0,0,0,0,0,0,0,0,0,28,0,0,0,1,2,55,3,1,2,1,0,0,14,11,1,1,4,1,1,1
17,170083,1,1,1,25,2,19,30,34,0,1,0,17,2,12,481,12481,31,2001,2FTRX18L31CA,2,F,T,R,X,1,8,L,3,1,C,A,0,T,FORD,F15,4C,1,17,,2,1574,1388,COF,G,,,8,330,,,,B,4611,04,U,44,0,0,000000000,00000000000,0,0,0,1,0,0,0,0,0,0,0,998,0,1,5,12,6,2,1,0,0,0,1,17,60968,6,1,0,0,3,0,70,250,0,0,0,0,0,0,0,0,0,1,36,0,0,0,1,2,55,3,1,2,1,0,0,14,13,1,1,4,1,1,1
17,170084,1,1,1,2,2,17,36,8,0,1,0,17,2,49,40,49040,4,2001,JT2BG22K0105,J,T,2,B,G,2,2,K,0,1,0,5,0,P,TOYT,CXL,4D,1,17,3120,,0,1051,,G,,F,4,132,,,15R205,,,,,,0,0,000000000,00000000000,0,0,0,1,0,0,0,0,0,0,0,40,0,0,0,12,6,2,8,0,0,0,1,17,60067,6,1,0,0,3,3,65,141,0,0,0,0,0,0,0,0,0,0,0,0,0,0,1,4,40,1,2,2,1,0,0,1,80,1,1,1,13,0,0
17,170085,1,1,1,29,2,16,53,34,0,1,0,17,1,6,441,6441,20,2001,2C8GP54L91R2,2,C,8,G,P,5,4,L,9,1,R,2,0,T,CHRY,LXI,ES,1,17,,1,0,1193,TWC,G,,,6,230,,,,,4183,00,,42,0,0,000000000,00000000000,0,0,0,1,0,0,0,0,0,0,0,998,0,0,0,14,6,2,42,0,0,0,1,17,60152,6,1,6,0,3,0,74,278,0,0,0,0,0,0,0,0,0,0,0,0,0,0,1,2,55,1,1,2,2,0,0,1,12,1,1,4,6,1,0
17,170086,1,1,1,1,3,19,18,57,0,1,0,17,1,72,706,72706,80,2008,1HD1FF4108Y6,1,H,D,1,F,F,4,1,0,8,Y,6,0,M,HD,FHC,RS,8,17,,,,,,,1584,,2,,4,828,,,,,,,0,0,000000000,00000000000,0,0,0,1,0,0,0,0,0,0,0,998,0,0,0,12,6,2,57,0,0,0,1,17,62086,6,1,6,0,3,0,74,200,0,0,0,0,0,0,0,0,0,0,0,0,0,0,3,2,55,1,1,1,1,0,0,1,12,1,1,4,6,1,1
17,170087,1,2,1,23,2,18,14,12,6,1,0,17,2,22,18,22018,4,2001,1G2NF52E81M5,1,G,2,N,F,5,2,E,8,1,M,5,0,P,PONT,SE1,4D,1,17,3116,,0,1070,,G,,F,6,207,,,15R215,,,,,,0,0,000000000,00000000000,0,0,0,1,0,0,0,0,0,0,0,998,0,0,0,1,6,2,12,0,0,0,1,17,60302,6,1,0,0,3,0,74,185,1,0,0,0,0,4,2011,4,2011,0,52,0,0,0,1,2,30,1,1,2,2,3,3,11,15,1,1,2,68,0,0
17,170087,2,2,2,23,2,18,14,12,6,1,0,17,2,63,401,63401,14,2007,KNDJF7247773,K,N,D,J,F,7,2,4,7,7,7,3,0,P,KIA,SPO,UT,7,17,3230,,0,1035,,G,,F,4,122,,,16R215,,,,,,0,0,000000000,00000000000,0,0,0,1,0,0,0,0,0,0,0,998,0,0,0,12,6,2,12,0,0,0,1,17,60302,6,1,0,0,3,3,64,190,0,0,0,0,0,0,0,0,0,0,0,0,0,0,1,2,30,1,1,2,2,3,3,1,62,1,1,1,69,1,0