STATE,ST_CASE,VEH_NO,VE_FORMS,NUMOCCS,DAY,MONTH,HOUR,MINUTE,HARM_EV,MAN_COLL,UNITTYPE,HIT_RUN,REG_STAT,OWNER,MAKE,MODEL,MAK_MOD,BODY_TYP,MOD_YEAR,VIN,VIN_1,VIN_2,VIN_3,VIN_4,VIN_5,VIN_6,VIN_7,VIN_8,VIN_9,VIN_10,VIN_11,VIN_12,TOW_VEH,VINTYPE,VINMAKE,VINA_MOD,VIN_BT,VINMODYR,VIN_LNGT,VIN_WGT,WGTCD_TR,WHLBS_LG,WHLBS_SH,SER_TR,FUELCODE,MCYCL_DS,CARBUR,CYLINDER,DISPLACE,MCYCL_CY,MCYCL_WT,TIRE_SZE,TON_RAT,TRK_WT,TRKWTVAR,VIN_REST,WHLDRWHL,J_KNIFE,MCARR_I1,MCARR_I2,MCARR_ID,GVWR,V_CONFIG,CARGO_BT,HAZ_INV,HAZ_PLAC,HAZ_ID,HAZ_CNO,HAZ_REL,BUS_USE,SPEC_USE,EMER_USE,TRAV_SP,UNDERIDE,ROLLOVER,ROLINLOC,IMPACT1,DEFORMED,TOWED,M_HARM,VEH_SC1,VEH_SC2,FIRE_EXP,DR_PRES,L_STATE,DR_ZIP,L_STATUS,L_TYPE,CDL_STAT,L_ENDORS,L_COMPL,L_RESTRI,DR_HGT,DR_WGT,PREV_ACC,PREV_SUS,PREV_DWI,PREV_SPD,PREV_OTH,FIRST_MO,FIRST_YR,LAST_MO,LAST_YR,SPEEDREL,DR_SF1,DR_SF2,DR_SF3,DR_SF4,VTRAFWAY,VNUM_LAN,VSPD_LIM,VALIGN,VPROFILE,VPAVETYP,VSURCOND,VTRAFCON,VTCONT_F,P_CRASH1,P_CRASH2,P_CRASH3,PCRASH4,PCRASH5,ACC_TYPE,DEATHS,DR_DRINK
17,170128,1,2,1,17,3,1,50,12,1,1,0,48,3,85,881,85881,66,2012,1XKFD49X4CJ3,1,X,K,F,D,4,9,X,4,C,J,3,1,T,KW,T70,TR,12,17,,8,0,0,CON,D,,,6,915,,,,,00000,00,,64,1,57,184843,57184843,3,6,1,1,0,0,0,0,0,0,0,998,0,0,0,6,6,2,12,0,0,1,1,13,30044,6,1,6,1,3,0,69,180,98,0,0,0,0,0,0,0,0,0,30,38,0,0,3,4,65,1,1,1,1,0,0,16,53,1,1,6,25,0,1
17,170128,2,2,1,17,3,1,50,12,1,1,0,29,3,82,881,82881,66,2007,1FUJA6CV87LX,1,F,U,J,A,6,C,V,8,7,L,X,1,T,FRHT,COL,TR,7,17,,8,0,0,CON,D,,,6,782,,,,,00000,00,,64,1,57,791960,57791960,3,6,1,1,0,0,0,0,0,0,0,998,0,0,0,12,6,2,2,0,0,1,1,29,63123,6,1,6,0,3,0,72,180,0,0,0,0,0,0,0,0,0,0,0,0,0,0,3,4,65,1,1,1,1,0,0,1,64,8,1,1,24,1,0
17,170129,1,4,1,23,3,6,59,12,1,1,0,18,3,98,809,98809,66,2009,2FWBA2CK89AA,2,F,W,B,A,2,C,K,8,9,A,A,2,T,STRG,A90,TR,9,17,,7,0,0,STE,D,,,6,855,,,,,00000,00,,42,1,57,241829,57241829,3,7,1,1,0,0,0,0,0,0,0,998,0,0,0,12,6,2,12,0,0,0,1,17,60805,6,1,6,3,3,3,73,210,0,0,0,0,0,0,0,0,0,1,38,0,0,0,3,4,65,1,1,2,1,0,0,1,50,1,1,1,20,1,0
17,170129,2,4,1,23,3,6,59,12,1,1,0,17,2,85,881,85881,66,1996,1XKAD29X7TR6,1,X,K,A,D,2,9,X,7,T,R,6,1,T,KW,T60,TR,96,17,,8,0,0,CON,D,,,6,855,,,,,00000,00,,64,1,57,1680524,571680524,3,6,3,1,0,0,0,0,0,0,0,0,0,0,0,6,6,2,12,0,0,0,1,17,61015,6,1,6,3,3,0,71,280,0,0,0,0,1,10,2011,10,2011,0,0,0,0,0,3,4,65,1,1,2,1,0,0,5,53,1,1,1,21,0,0
17,170129,3,4,1,23,3,6,59,12,1,1,0,19,1,87,881,87881,66,2007,1XP5D49X47D6,1,X,P,5,D,4,9,X,4,7,D,6,1,T,PTRB,379,TR,7,17,,8,0,0,CON,D,,,6,915,,,,,00000,00,,64,1,57,1349939,571349939,3,6,3,1,0,0,0,0,0,0,0,0,0,0,0,6,4,1,12,0,0,0,1,19,50544,6,1,6,1,3,1,999,999,0,0,0,0,0,0,0,0,0,0,0,0,0,0,3,4,65,1,1,2,1,0,0,5,53,1,1,1,98,0,0
17,170129,4,4,1,23,3,6,59,12,1,1,0,95,3,85,881,85881,66,2004,1XKWDR9X34J9,1,X,K,W,D,R,9,X,3,4,J,9,1,T,KW,,,4,17,,,,,,,,,,,,,,,,,,,1,57,873095,57873095,3,6,1,1,0,0,0,0,0,0,0,0,0,0,0,6,4,1,12,0,0,0,1,95,0,6,1,6,1,3,1,999,999,0,0,0,0,0,0,0,0,0,0,0,0,0,0,3,4,65,1,1,2,1,0,0,5,53,1,1,1,98,0,0
17,170130,1,2,1,25,3,4,14,12,2,1,0,17,2,20,421,20421,15,2000,1GNDT13W7Y22,1,G,N,D,T,1,3,W,7,Y,2,2,0,P,CHEV,BZR,UT,0,17,4049,,0,1070,,G,,F,6,262,,,15R205,,,,,,0,0,000000000,00000000000,0,0,0,1,0,0,0,0,0,0,0,998,0,1,6,12,6,2,12,0,0,1,1,17,62097,6,1,0,0,3,0,67,190,0,0,0,0,0,0,0,0,0,0,28,0,0,0,1,2,55,1,1,2,1,0,0,1,10,1,1,2,50,0,1
17,170130,2,2,1,25,3,4,14,12,2,1,0,17,2,7,20,7020,4,2003,1B3ES56C93D1,1,B,3,E,S,5,6,C,9,3,D,1,0,P,DODG,NXT,4D,3,17,2639,,0,1040,,G,,F,4,122,,,15R185,,,,,,0,0,000000000,00000000000,0,0,0,1,0,0,0,0,0,0,0,998,0,0,0,12,6,2,12,0,0,0,1,17,62088,6,1,0,0,3,0,73,195,0,0,0,1,0,12,2011,12,2011,0,0,0,0,0,1,2,55,1,1,2,1,0,0,1,62,1,1,1,51,1,0
17,170131,1,1,1,25,3,17,18,42,0,1,0,17,1,72,706,72706,80,2007,1HD1CX3117K4,1,H,D,1,C,X,3,1,1,7,K,4,0,M,HD,C1U,RS,7,17,,,,,,,1199,,2,,4,557,,,,,,,0,0,000000000,00000000000,0,0,0,1,0,0,0,0,0,0,0,998,0,0,0,12,6,2,42,0,0,0,1,17,60607,6,1,0,0,3,0,63,120,0,0,0,0,0,0,0,0,0,1,0,0,0,0,2,2,45,1,1,2,1,0,0,1,13,1,1,4,1,1,1
17,170132,1,1,1,13,3,13,10,34,0,1,0,17,1,37,706,37706,80,2005,1HFSC52065A2,1,H,F,S,C,5,2,0,6,5,A,2,0,M,HOND,V13,RS,5,17,,,,,,,1312,,2,,4,641,,,,,,,0,0,000000000,00000000000,0,0,0,1,0,0,0,0,0,0,0,998,0,0,0,12,6,2,1,0,0,0,1,17,62801,6,1,0,0,3,0,67,235,0,0,0,0,0,0,0,0,0,1,36,28,0,0,2,2,55,1,2,2,1,0,0,1,6,1,2,4,2,1,0
17,170133,1,1,1,15,3,17,55,34,0,1,0,17,2,6,441,6441,20,1999,1C4GP54G6XB6,1,C,4,G,P,5,4,G,6,X,B,6,0,T,CHRY,TLX,ES,99,17,,1,0,1193,TWC,F,,,6,201,,,,,3953,00,,42,0,0,000000000,00000000000,0,0,0,1,0,0,0,0,0,0,0,998,0,1,6,12,6,2,2,0,0,1,1,17,62568,6,1,0,0,3,3,70,212,0,0,0,0,0,0,0,0,0,0,0,0,0,0,1,2,55,1,1,2,1,0,0,1,13,1,1,4,1,1,0
17,170134,1,1,1,16,3,7,1,8,0,1,0,17,3,98,881,98881,63,2003,2FZHAZANX3AK,2,F,Z,H,A,Z,A,N,X,3,A,K,0,T,STRG,LT9,CC,3,17,,8,0,0,STE,D,,,6,629,,,,,00000,00,,64,0,57,316467,57316467,3,1,1,1,0,0,0,0,0,0,0,998,0,0,0,12,2,1,8,0,0,0,1,17,62656,6,1,6,3,3,3,70,240,0,0,0,0,0,0,0,0,0,0,0,0,0,0,2,4,55,1,2,2,1,0,0,1,80,2,1,1,13,0,0
17,170135,1,1,1,17,3,15,5,8,0,1,0,17,1,76,706,76706,80,2011,JYAVP33E8BA0,J,Y,A,V,P,3,3,E,8,B,A,0,0,M,YAMA,VCU,RS,11,17,,,,,,,1304,,2,,4,624,,,,,,,0,0,000000000,00000000000,0,0,0,1,0,0,0,0,0,0,0,998,0,0,0,12,6,2,8,0,0,0,1,17,61938,6,1,0,0,3,3,65,160,0,0,0,0,0,0,0,0,0,0,86,0,0,0,1,2,55,1,1,2,1,0,0,1,80,8,4,2,13,0,0
17,170136,1,1,1,18,3,12,12,25,0,1,0,17,2,12,422,12422,15,1997,1FMEU17L0VLA,1,F,M,E,U,1,7,L,0,V,L,A,0,P,FORD,EPT,UT,97,17,4827,,0,1190,,G,,F,8,330,,,16R255,,,,,,0,0,000000000,00000000000,0,0,0,1,0,0,0,0,0,0,0,998,0,1,1,9,6,2,1,0,0,0,1,17,60458,6,1,0,0,3,0,66,130,0,0,0,0,4,1,2011,1,2012,1,52,0,0,0,3,6,65,2,2,2,1,0,0,14,6,9,4,4,7,1,1
17,170137,1,1,1,28,2,21,10,8,0,1,1,99,9,99,999,99999,99,9999,999999999999,9,9,9,9,9,9,9,9,9,9,9,9,9,,,,,,,,,,,,,,,,,,,,,,,,,0,99,999999999,99999999999,9,99,99,1,0,0,0,0,99,99,9,998,9,0,0,12,9,1,8,0,0,0,1,99,99999,9,9,99,9,9,9,999,999,99,99,99,99,99,99,9999,99,9999,9,99,99,99,99,1,4,30,1,1,2,2,0,0,1,80,1,1,1,13,0,0
17,170138,1,1,1,20,3,11,6,8,0,1,0,17,1,51,890,51890,66,1985,1WUZDCCG6FN0,1,W,U,Z,D,C,C,G,6,F,N,0,1,T,WHIT,WCL,TR,85,17,,8,0,0,WCN,D,,,6,893,,,,,00000,00,,64,1,57,269474,57269474,3,6,3,1,0,0,0,0,0,0,0,55,0,0,0,12,4,3,8,0,0,0,1,17,61325,6,1,6,0,3,0,74,230,0,0,0,0,0,0,0,0,0,0,28,0,0,0,2,2,55,1,1,2,1,98,3,1,80,1,1,1,13,0,0
17,170139,1,2,2,3,3,2,5,38,0,1,0,17,1,12,3,12003,2,2002,1FAFP42X32F2,1,F,A,F,P,4,2,X,3,2,F,2,0,P,FORD,MGT,CP,2,17,3241,,0,1013,,G,,F,8,281,,,17R245,,,,,,0,0,000000000,00000000000,0,0,0,1,0,0,0,0,0,0,0,998,0,0,0,12,6,2,2,0,0,1,1,17,60451,6,1,0,0,3,0,71,185,0,0,0,0,1,2,2011,2,2011,1,36,0,0,0,1,2,30,1,1,2,1,0,0,98,6,11,1,4,98,2,1
17,170139,2,2,3,3,3,2,5,38,0,1,0,17,2,20,403,20403,14,2006,1GNET13H4623,1,G,N,E,T,1,3,H,4,6,2,3,0,P,CHEV,TRL,UT,6,17,4594,,0,1130,,G,,F,8,366,,,16R245,,,,,,0,0,000000000,00000000000,0,0,0,1,0,0,0,0,0,0,0,998,0,0,0,12,6,2,2,0,0,1,1,17,60451,6,1,0,0,3,0,72,175,0,0,0,0,0,0,0,0,0,1,36,0,0,0,1,2,30,1,1,2,1,0,0,98,6,11,1,4,98,0,1
17,170141,1,1,2,11,3,16,29,32,0,1,0,17,2,53,706,53706,80,1981,JS1GU71A6B21,J,S,1,G,U,7,1,A,6,B,2,1,0,M,SUZI,S1E,RS,81,17,,,,,,,1074,,4,,4,536,,,,,,,0,0,000000000,00000000000,0,0,0,1,0,0,0,0,0,0,0,68,0,0,0,12,6,2,32,0,0,0,1,17,60441,6,1,0,0,3,0,75,163,0,0,0,1,0,4,2010,4,2010,1,36,0,0,0,2,2,45,3,2,2,1,0,0,14,6,8,1,4,1,1,1
17,170142,1,1,1,26,3,10,15,32,0,1,0,17,1,41,45,41045,1,1991,JM1NA351XM12,J,M,1,N,A,3,5,1,X,M,1,2,0,P,MAZD,MIA,CV,91,17,2093,,0,892,,G,,F,4,098,,,14R185,,,,,,0,0,000000000,00000000000,0,0,0,1,0,0,0,0,0,0,0,998,0,1,6,12,6,2,1,0,0,0,1,17,62540,6,1,0,0,3,0,62,190,0,0,0,0,0,0,0,0,0,1,0,0,0,0,1,2,30,1,1,2,1,0,0,1,12,9,1,4,6,1,1
17,170143,1,1,2,22,3,20,19,34,0,1,0,17,1,37,706,37706,80,2006,1HFSC46B06A4,1,H,F,S,C,4,6,B,0,6,A,4,0,M,HOND,VCF,RS,6,17,,,,,,,1795,,2,,4,719,,,,,,,0,0,000000000,00000000000,0,0,0,1,0,0,0,0,0,0,0,998,0,0,0,12,6,2,34,0,0,0,1,17,61856,6,1,0,0,3,0,68,145,0,0,0,0,0,0,0,0,0,0,0,0,0,0,2,2,55,3,3,2,1,0,0,14,13,1,1,4,1,1,1
17,170144,1,1,2,24,3,4,25,42,0,1,0,17,2,55,401,55401,14,2003,KM8SC13E73U5,K,M,8,S,C,1,3,E,7,3,U,5,0,P,HYUN,SAN,UT,3,17,3549,,0,1031,,G,,F,6,213,,,16R225,,,,,,0,0,000000000,00000000000,0,0,0,1,0,0,0,0,0,0,0,998,0,0,0,12,6,2,42,0,0,0,1,17,62864,6,1,0,0,3,0,68,145,0,0,0,0,0,0,0,0,0,0,0,0,0,0,1,2,55,1,1,2,2,0,0,1,11,1,1,4,1,1,1
17,170145,1,1,1,26,3,18,20,10,0,1,0,17,1,20,37,20037,4,2008,1G1ZK57718F2,1,G,1,Z,K,5,7,7,1,8,F,2,0,P,CHEV,M/Z,4D,8,17,3649,,0,1123,,G,,F,6,220,,,18R225,,,,,,0,0,000000000,00000000000,0,0,0,1,0,0,0,0,0,0,0,998,0,0,0,81,6,2,10,0,0,0,1,17,62801,6,1,0,0,3,0,72,189,0,0,0,0,0,0,0,0,0,0,38,39,0,0,1,2,55,1,3,5,1,65,3,1,98,1,1,1,15,1,0
17,170147,1,1,4,30,3,8,10,34,0,1,0,17,2,49,401,49401,14,1997,JT3HN87R2V01,J,T,3,H,N,8,7,R,2,V,0,1,0,P,TOYT,RUN,UT,97,17,3940,,0,1053,,G,,F,6,206,,,16R265,,,,,,0,0,000000000,00000000000,0,0,0,1,0,0,0,0,0,0,0,998,0,1,5,99,6,2,1,0,0,0,1,17,60070,6,1,0,0,3,0,70,200,0,0,0,0,0,0,0,0,0,1,36,0,0,0,1,2,55,1,1,2,1,0,0,1,13,1,1,4,1,1,1
17,170148,1,1,2,28,3,8,12,34,0,1,0,17,2,20,401,20401,14,1992,1GNDT13W8N21,1,G,N,D,T,1,3,W,8,N,2,1,0,P,CHEV,S10,UT,92,17,3697,,0,1070,,G,,F,6,262,,,15R205,,,,,,0,0,000000000,00000000000,0,0,0,1,0,0,0,0,0,0,0,998,0,1,5,12,6,2,1,0,0,1,1,17,61778,6,1,0,0,3,0,69,187,0,0,0,0,0,0,0,0,0,1,36,0,0,0,1,2,55,1,1,2,1,0,0,1,13,1,1,4,1,1,0
17,170149,1,1,1,15,3,16,29,42,0,1,0,17,1,7,442,7442,20,1999,2B4GP44GXXR2,2,B,4,G,P,4,4,G,X,X,R,2,0,T,DODG,GSS,ES,99,17,,1,0,1193,CAR,F,,,6,201,,,,,3856,00,E,42,0,0,000000000,00000000000,0,0,0,1,0,0,0,0,0,0,0,998,0,0,0,12,6,2,42,0,0,0,1,17,60115,6,1,0,0,3,0,71,190,0,0,0,0,0,0,0,0,0,0,0,0,0,0,1,2,40,1,1,2,1,0,0,1,13,1,1,4,1,1,0
17,170150,1,1,1,7,4,8,55,1,0,1,0,17,1,41,50,41050,4,2008,1YVHP80C885M,1,Y,V,H,P,8,0,C,8,8,5,M,0,P,MAZD,M6I,4D,8,17,3093,,0,1053,,G,,F,4,140,,,17R215,,,,,,0,0,000000000,00000000000,0,0,0,1,0,0,0,0,0,0,0,998,0,2,5,0,6,2,1,0,0,0,1,17,62688,6,1,0,0,3,0,67,180,0,0,0,0,0,0,0,0,0,1,27,0,0,0,1,2,55,1,1,2,1,0,0,1,12,1,1,4,6,1,1
17,170151,1,2,1,9,3,11,27,12,7,1,0,17,1,48,401,48401,14,1999,JF1SF635XXH7,J,F,1,S,F,6,3,5,X,X,H,7,0,P,SUBA,FOR,UT,99,17,3125,,0,994,,G,,F,4,150,,,15R205,,,,,,0,0,000000000,00000000000,0,0,0,1,0,0,0,0,0,0,0,998,0,0,0,62,6,2,42,0,0,0,1,17,60618,6,1,0,0,3,0,57,120,0,0,0,0,0,0,0,0,0,1,35,36,0,0,1,2,15,1,1,2,1,20,3,1,50,7,1,1,44,1,0
17,170151,2,2,1,9,3,11,27,12,7,1,0,17,2,48,45,48045,4,2010,4S4BRCCC0A33,4,S,4,B,R,C,C,C,0,A,3,3,0,P,SUBA,O2P,SW,10,17,3428,,0,1079,,G,,F,4,150,,,17R225,,,,,,0,0,000000000,00000000000,0,0,0,1,0,0,0,0,0,0,0,0,0,0,0,82,2,1,12,0,0,0,1,17,60657,6,1,0,0,3,0,66,130,0,0,0,0,0,0,0,0,0,0,0,0,0,0,1,2,15,1,1,2,1,20,3,5,78,1,1,1,45,0,0
17,170152,1,1,1,25,3,1,54,1,0,1,0,17,2,76,998,76998,97,2003,JY4AM03Y73C0,J,Y,4,A,M,0,3,Y,7,3,C,0,0,M,YAMA,Y6W,AT,3,17,,,,,,,660,,1,,4,600,,,,,,,0,0,000000000,00000000000,0,0,0,1,0,0,0,0,0,0,0,998,0,1,6,0,6,2,1,0,0,0,1,17,62865,6,1,0,0,3,0,72,180,0,0,0,0,0,0,0,0,0,1,36,0,0,0,2,2,55,1,1,2,1,0,0,1,8,9,1,1,98,1,1
17,170154,1,3,1,30,3,22,11,12,2,1,0,39,1,20,22,20022,4,2010,1G1AF5F57A71,1,G,1,A,F,5,F,5,7,A,7,1,0,P,CHEV,BL2,4D,10,17,3216,,0,1033,,G,,F,4,134,,,17R205,,,,,,0,0,000000000,00000000000,0,0,0,1,0,0,0,0,0,0,0,998,0,0,0,12,6,2,12,0,0,0,1,39,44130,6,1,0,0,3,0,68,149,0,0,0,0,0,0,0,0,0,0,51,36,0,0,2,4,65,1,1,1,1,0,0,1,54,1,1,2,50,1,0
17,170154,2,3,4,30,3,22,11,12,2,1,0,55,2,55,35,55035,4,2005,KMHDN46D95U0,K,M,H,D,N,4,6,D,9,5,U,0,0,P,HYUN,EST,4D,5,17,2635,,0,1027,,G,,F,4,121,,,15R195,,,,,,0,0,000000000,00000000000,0,0,0,1,0,0,0,0,0,0,0,998,0,0,0,12,6,2,12,0,0,1,1,27,55416,6,1,6,1,3,1,999,999,0,0,0,0,0,0,0,0,0,0,0,0,0,0,2,4,65,1,1,1,1,0,0,1,74,9,1,1,51,0,0
17,170154,3,3,5,30,3,22,11,12,2,1,0,55,3,37,441,37441,20,2007,5FNRL3862780,5,F,N,R,L,3,8,6,2,7,8,0,0,T,HOND,EXL,SV,7,17,,1,0,1181,UDY,G,,,6,214,,,,B,00000,00,7,42,0,0,000000000,00000000000,0,0,0,1,0,0,0,0,0,0,0,998,0,0,0,12,6,2,12,0,0,0,1,27,55372,6,1,6,1,3,1,999,999,0,0,0,0,0,0,0,0,0,0,0,0,0,0,2,4,65,1,1,1,1,0,0,1,74,3,1,1,98,0,0
17,170155,1,2,2,21,3,10,28,12,2,1,0,13,1,49,47,49047,6,2005,2T1KR32EX5C4,2,T,1,K,R,3,2,E,X,5,C,4,0,P,TOYT,CTR,4H,5,17,2679,,0,1024,,G,,F,4,109,,,16R205,,,,,,0,0,000000000,00000000000,0,0,0,1,0,0,0,0,0,0,0,998,0,0,0,12,6,2,12,0,0,1,1,17,62226,6,1,0,0,3,3,62,110,1,0,0,1,0,9,2009,11,2010,0,28,0,0,0,2,2,55,1,1,2,1,0,0,1,10,1,1,2,50,1,0
17,170155,2,2,3,21,3,10,28,12,2,1,0,17,1,23,481,23481,31,2004,4KDB4B1U84J8,4,K,D,B,4,B,1,U,8,4,J,8,0,T,GMC,W35,TB,4,17,,3,1760,1090,3/5,G,,,8,366,,,,,5061,03,,42,0,0,000000000,00000000000,0,0,0,1,0,0,0,0,0,0,0,998,0,0,0,12,6,2,12,0,0,0,1,17,62269,6,1,0,0,3,0,67,155,0,0,0,0,0,0,0,0,0,0,0,0,0,0,2,2,55,1,1,2,1,0,0,1,62,9,1,1,51,0,0
17,170156,1,1,3,24,3,2,28,8,0,1,1,17,1,2,405,2405,14,2003,1J4GL58KX3W5,1,J,4,G,L,5,8,K,X,3,W,5,0,T,JEEP,LMD,4W,3,17,,1,0,1043,LIB,G,,,6,226,,,,,3931,00,E,44,0,0,000000000,00000000000,0,0,0,1,0,0,0,0,0,0,0,998,0,0,0,12,2,3,8,0,0,0,1,17,60534,6,1,0,0,3,0,64,133,0,0,0,0,0,0,0,0,0,1,36,86,91,38,2,4,35,1,1,2,1,2,3,3,80,1,1,1,13,0,1
17,170157,1,1,1,2,4,6,46,8,0,1,1,17,3,82,881,82881,66,2002,1FUJA6CG12LK,1,F,U,J,A,6,C,G,1,2,L,K,1,T,FRHT,COL,TR,2,17,,8,0,0,CON,D,,,6,774,,,,,00000,00,,64,1,57,127810,57127810,3,6,97,1,0,0,0,0,0,0,0,998,0,0,0,1,6,2,8,0,0,0,1,17,61030,6,1,6,3,3,0,71,225,0,0,0,0,0,0,0,0,0,0,28,36,0,0,3,4,65,1,1,1,1,0,0,1,80,1,1,4,13,0,0
17,170158,1,3,2,24,3,18,30,12,8,1,0,17,2,14,401,14401,14,2003,4M2DU86W93ZJ,4,M,2,D,U,8,6,W,9,3,Z,J,0,P,MERC,MOU,UT,3,17,4170,,0,1138,,G,,F,8,281,,,16R245,,,,,,0,0,000000000,00000000000,0,0,0,1,0,0,0,0,0,0,0,998,0,0,0,61,6,2,12,0,0,0,1,17,60623,1,1,0,0,2,0,66,150,0,0,0,0,0,0,0,0,0,1,36,38,28,0,1,4,30,1,1,2,1,2,3,1,10,1,1,2,64,0,1
17,170158,2,3,1,24,3,18,30,12,8,1,0,17,1,35,403,35403,14,2012,JN8AF5MV9CT1,J,N,8,A,F,5,M,V,9,C,T,1,0,P,NISS,JUK,UT,12,17,3146,,0,0,,G,,T,4,098,,,000000,,,,,,0,0,000000000,00000000000,0,0,0,1,0,0,0,0,0,0,0,0,0,0,0,61,6,2,12,0,0,0,1,17,60428,6,1,0,0,3,3,60,140,0,0,0,0,0,0,0,0,0,0,0,0,0,0,2,4,30,1,1,2,1,2,3,5,62,1,1,1,65,0,0
17,170158,3,3,4,24,3,18,30,12,8,1,0,17,2,7,20,7020,4,1997,1B3ES47C9VD2,1,B,3,E,S,4,7,C,9,V,D,2,0,P,DODG,NHS,4D,97,17,2517,,0,1040,,G,,F,4,122,,,14R185,,,,,,0,0,000000000,00000000000,0,0,0,1,0,0,0,0,0,0,0,998,0,0,0,6,6,2,12,0,0,0,1,17,60609,6,1,0,0,3,3,60,140,0,0,0,0,0,0,0,0,0,0,0,0,0,0,2,4,30,1,1,2,1,2,3,1,18,1,1,1,98,2,0
17,170159,1,1,4,30,3,22,3,42,0,1,0,17,1,12,35,12035,4,2000,1FAFP6632YK1,1,F,A,F,P,6,6,3,2,Y,K,1,0,P,FORD,CSE,4D,0,17,2769,,0,1065,,G,,F,4,121,,,14R185,,,,,,0,0,000000000,00000000000,0,0,0,1,0,0,0,0,0,0,0,998,0,0,0,12,6,2,42,0,0,0,1,17,62433,6,1,0,0,3,0,58,110,0,0,0,0,0,0,0,0,0,0,0,0,0,0,1,2,55,2,1,2,1,0,0,14,13,1,1,4,1,1,0
17,170160,1,1,7,25,3,1,30,42,0,1,0,17,2,20,37,20037,4,2007,1G1ZT68N27F1,1,G,1,Z,T,6,8,N,2,7,F,1,0,P,CHEV,XLT,4D,7,17,3543,,0,1123,,G,,F,6,214,,,16R215,,,,,,0,0,000000000,00000000000,0,0,0,1,0,0,0,0,0,0,0,998,0,0,0,12,6,2,42,0,0,0,1,17,60609,0,0,0,0,0,0,999,999,99,99,99,99,99,99,9999,99,9999,1,52,0,0,0,3,6,30,1,1,2,1,0,0,1,13,1,4,4,2,1,1
17,170161,1,1,1,3,2,18,4,8,0,1,0,17,1,20,401,20401,14,2003,1GNDT13X63K1,1,G,N,D,T,1,3,X,6,3,K,1,0,P,CHEV,BZR,UT,3,17,4114,,0,1070,,G,,F,6,262,,,16R235,,,,,,0,0,000000000,00000000000,0,0,0,1,0,0,0,0,0,0,0,998,0,0,0,12,2,1,8,0,0,0,1,17,60445,6,1,0,0,3,3,71,230,0,0,0,0,0,0,0,0,0,0,86,0,0,0,2,4,30,1,1,2,1,0,0,15,80,8,1,1,13,0,0
17,170162,1,2,2,1,4,2,0,12,2,1,0,17,2,20,37,20037,4,2008,1G1ZG57N78F1,1,G,1,Z,G,5,7,N,7,8,F,1,0,P,CHEV,M/L,4D,8,17,3415,,0,1123,,G,,F,6,214,,,16R215,,,,,,0,0,000000000,00000000000,0,0,0,1,0,0,0,0,0,0,0,998,0,0,0,12,6,2,12,0,0,0,1,17,60632,1,1,0,0,2,0,70,189,0,0,0,0,0,0,0,0,0,0,38,0,0,0,2,4,30,1,1,2,1,0,0,11,55,1,1,2,68,0,1
17,170162,2,2,3,1,4,2,0,12,2,1,0,48,3,35,39,35039,4,2011,1N4AA5AP3BC8,1,N,4,A,A,5,A,P,3,B,C,8,0,P,NISS,MSV,4D,11,17,3565,,0,0,,G,,F,6,214,,,000000,,,,,,0,0,000000000,00000000000,0,0,0,1,0,0,0,0,0,0,0,998,0,0,0,12,6,2,12,0,0,0,1,17,60415,6,1,0,0,3,0,69,155,0,0,0,1,3,4,2009,3,2012,1,0,0,0,0,2,4,30,1,1,2,1,0,0,1,55,3,1,1,69,1,0
17,170163,1,1,2,2,4,16,56,9,0,1,0,17,2,7,482,7482,31,2003,1D7HU18D23S3,1,D,7,H,U,1,8,D,2,3,S,3,0,T,DODG,SQ1,CW,3,17,,2,1605,1405,RPC,G,,,8,345,,,,B,5005,02,E,44,0,0,000000000,00000000000,0,0,0,1,0,0,0,0,0,0,0,998,0,0,0,12,2,1,9,0,0,0,1,17,61911,6,1,0,0,3,3,71,147,0,0,0,0,0,0,0,0,0,0,86,0,0,0,1,2,55,1,1,2,1,0,0,1,83,8,1,1,13,0,0
17,170164,1,1,1,1,4,16,34,11,0,1,0,53,1,37,706,37706,80,1973,CB7502040988,C,B,7,5,0,2,0,4,0,9,8,8,0,M,HOND,CB7,RS,73,12,,,,,,,736,,4,,4,479,,,,,,,0,0,000000000,00000000000,0,0,0,1,0,0,0,0,0,0,0,998,0,0,0,12,4,1,11,0,0,0,1,17,60924,6,1,0,0,3,1,72,180,0,0,0,0,0,0,0,0,0,0,83,0,0,0,1,2,45,1,1,2,1,0,0,1,87,8,1,2,13,1,0
17,170166,1,1,1,8,4,2,14,34,0,1,0,17,2,23,481,23481,31,2004,1GTEK19T04E2,1,G,T,E,K,1,9,T,0,4,E,2,0,T,GMC,NK1,4C,4,17,,2,1575,1435,SIE,G,,,8,325,,,,B,4548,03,4,44,0,0,000000000,00000000000,0,0,0,1,0,0,0,0,0,0,0,998,0,1,6,12,6,2,1,0,0,0,1,17,62626,6,1,0,0,3,0,69,160,0,0,0,0,0,0,0,0,0,1,36,0,0,0,1,2,45,1,1,2,1,0,0,1,6,1,3,4,2,1,0
17,170167,1,6,5,1,4,17,30,12,8,1,0,47,1,20,481,20481,31,2011,2GCEC19TX111,2,G,C,E,C,1,9,T,X,1,1,1,0,T,CHEV,SC1,4C,1,17,,2,1575,1435,SIL,G,,,8,325,,,,B,4413,00,,42,0,0,000000000,00000000000,0,0,0,1,0,0,0,0,0,0,0,998,0,1,5,62,6,2,1,0,0,0,1,47,37040,6,1,0,0,3,0,999,999,0,0,0,0,0,0,0,0,0,1,36,0,0,0,1,2,55,1,1,2,1,0,0,1,10,1,1,2,64,0,1