STATE,ST_CASE,VEH_NO,VE_FORMS,NUMOCCS,DAY,MONTH,HOUR,MINUTE,HARM_EV,MAN_COLL,UNITTYPE,HIT_RUN,REG_STAT,OWNER,MAKE,MODEL,MAK_MOD,BODY_TYP,MOD_YEAR,VIN,VIN_1,VIN_2,VIN_3,VIN_4,VIN_5,VIN_6,VIN_7,VIN_8,VIN_9,VIN_10,VIN_11,VIN_12,TOW_VEH,VINTYPE,VINMAKE,VINA_MOD,VIN_BT,VINMODYR,VIN_LNGT,VIN_WGT,WGTCD_TR,WHLBS_LG,WHLBS_SH,SER_TR,FUELCODE,MCYCL_DS,CARBUR,CYLINDER,DISPLACE,MCYCL_CY,MCYCL_WT,TIRE_SZE,TON_RAT,TRK_WT,TRKWTVAR,VIN_REST,WHLDRWHL,J_KNIFE,MCARR_I1,MCARR_I2,MCARR_ID,GVWR,V_CONFIG,CARGO_BT,HAZ_INV,HAZ_PLAC,HAZ_ID,HAZ_CNO,HAZ_REL,BUS_USE,SPEC_USE,EMER_USE,TRAV_SP,UNDERIDE,ROLLOVER,ROLINLOC,IMPACT1,DEFORMED,TOWED,M_HARM,VEH_SC1,VEH_SC2,FIRE_EXP,DR_PRES,L_STATE,DR_ZIP,L_STATUS,L_TYPE,CDL_STAT,L_ENDORS,L_COMPL,L_RESTRI,DR_HGT,DR_WGT,PREV_ACC,PREV_SUS,PREV_DWI,PREV_SPD,PREV_OTH,FIRST_MO,FIRST_YR,LAST_MO,LAST_YR,SPEEDREL,DR_SF1,DR_SF2,DR_SF3,DR_SF4,VTRAFWAY,VNUM_LAN,VSPD_LIM,VALIGN,VPROFILE,VPAVETYP,VSURCOND,VTRAFCON,VTCONT_F,P_CRASH1,P_CRASH2,P_CRASH3,PCRASH4,PCRASH5,ACC_TYPE,DEATHS,DR_DRINK
17,170235,1,2,1,4,5,14,40,12,6,1,0,17,1,76,705,76705,80,2007,JYARN20E77A0,J,Y,A,R,N,2,0,E,7,7,A,0,0,M,YAMA,YFR,RC,7,17,,,,,,,998,,4,,4,381,,,,,,,0,0,000000000,00000000000,0,0,0,1,0,0,0,0,0,0,0,77,0,0,0,12,6,2,12,0,0,0,1,17,60458,6,1,0,0,3,3,66,130,0,0,0,0,0,0,0,0,0,1,36,0,0,0,2,5,99,1,1,2,1,0,0,1,55,9,1,1,69,1,0
17,170235,2,2,1,4,5,14,40,12,6,1,0,38,3,84,881,84881,66,2007,2HSCNAPR87C4,2,H,S,C,N,A,P,R,8,7,C,4,1,T,INTL,94I,TR,7,17,,8,0,0,940,D,,,6,915,,,,,00000,00,,64,1,57,291072,57291072,3,6,1,1,0,0,0,0,0,0,0,998,0,0,0,3,4,1,12,0,0,0,1,38,58078,6,1,6,1,3,1,66,230,0,0,0,0,0,0,0,0,0,0,0,0,0,0,2,5,99,1,1,2,1,0,0,11,55,1,1,2,68,0,0
17,170236,1,1,1,30,4,3,7,42,0,1,0,17,1,35,39,35039,4,2000,JN1CA31A8YT0,J,N,1,C,A,3,1,A,8,Y,T,0,0,P,NISS,MGS,4D,0,17,3071,,0,1083,,G,,F,6,182,,,15R205,,,,,,0,0,000000000,00000000000,0,0,0,1,0,0,0,0,0,0,0,998,0,0,0,9,6,2,42,0,0,0,1,17,60643,6,1,0,0,3,0,75,175,1,0,0,1,0,5,2009,10,2011,1,28,0,0,0,3,3,55,1,1,1,1,0,0,1,13,8,1,4,1,1,1
17,170237,1,1,1,6,5,12,2,32,0,1,0,17,2,37,706,37706,80,2007,JH2SC57007M3,J,H,2,S,C,5,7,0,0,7,M,3,0,M,HOND,CBS,RC,7,17,,,,,,,998,,4,,4,388,,,,,,,0,0,000000000,00000000000,0,0,0,1,0,0,0,0,0,0,0,998,0,0,0,12,6,2,32,0,0,0,1,17,61938,6,1,0,0,3,0,74,165,0,0,0,0,0,0,0,0,0,1,36,0,0,0,1,2,55,1,1,2,1,0,0,1,6,1,2,4,2,1,0
17,170238,1,2,3,29,4,19,0,12,2,1,0,17,2,41,37,41037,4,1995,1YVGE22D1S53,1,Y,V,G,E,2,2,D,1,S,5,3,0,P,MAZD,U6X,4D,95,17,2906,,0,1028,,G,,F,6,152,,,15R205,,,,,,0,0,000000000,00000000000,0,0,0,1,0,0,0,0,0,0,0,998,0,0,0,12,6,2,12,0,0,0,1,17,60901,6,1,0,0,3,0,63,110,0,0,0,0,0,0,0,0,0,0,36,0,0,0,1,2,55,3,1,2,2,0,0,14,54,1,4,2,62,1,1
17,170238,2,2,1,29,4,19,0,12,2,1,0,17,2,34,34,34034,4,2001,WBAEU33494PR,W,B,A,E,U,3,3,4,9,4,P,R,0,P,BMW,32X,4D,4,17,3461,,0,1073,,G,,F,6,152,,,16R205,,,,,,0,0,000000000,00000000000,0,0,0,1,0,0,0,0,0,0,0,998,0,0,0,12,6,2,12,0,0,0,1,17,60914,6,1,0,0,3,0,74,145,0,0,0,0,0,0,0,0,0,0,0,0,0,0,1,2,55,2,1,2,2,0,0,14,62,1,1,1,62,0,1
17,170239,1,2,1,10,4,23,28,12,2,1,0,17,1,35,47,35047,4,2012,1N4AL2APXCC2,1,N,4,A,L,2,A,P,X,C,C,2,0,P,NISS,ATS,4D,12,17,3180,,0,1093,,G,,F,4,153,,,16R215,,,,,,0,0,000000000,00000000000,0,0,0,1,0,0,0,0,0,0,0,998,0,0,0,12,6,2,12,0,0,0,1,17,60629,6,1,0,0,3,0,66,168,0,0,0,0,0,0,0,0,0,1,36,0,0,0,1,4,45,1,1,2,1,0,0,1,54,1,1,2,50,1,1
17,170239,2,2,1,10,4,23,28,12,2,1,0,17,1,63,33,63033,4,2009,KNAFE2213956,K,N,A,F,E,2,2,1,3,9,5,6,0,P,KIA,SXC,4D,9,17,2701,,0,1028,,G,,F,4,122,,,15R195,,,,,,0,0,000000000,00000000000,0,0,0,1,0,0,0,0,0,0,0,998,0,0,0,12,6,2,12,0,0,0,1,17,60805,6,1,0,0,3,0,62,115,0,0,0,0,0,0,0,0,0,0,0,0,0,0,1,4,45,1,1,2,1,0,0,1,62,1,1,1,51,0,0
17,170240,1,2,1,7,5,14,13,12,1,1,0,18,3,82,881,82881,66,2007,1FUJA6CK37LX,1,F,U,J,A,6,C,K,3,7,L,X,1,T,FRHT,COL,TR,7,17,,8,0,0,CON,D,,,6,855,,,,,00000,00,,64,1,57,61453,5761453,3,6,1,1,0,0,0,0,0,0,0,998,0,0,0,6,6,2,12,0,0,0,1,17,60148,6,1,6,0,3,1,69,230,0,0,0,0,0,0,0,0,0,0,0,0,0,0,1,2,55,1,1,2,1,0,0,1,17,1,1,1,25,0,0
17,170240,2,2,1,7,5,14,13,12,1,1,0,17,2,23,461,23461,21,2012,1GTHG35R2111,1,G,T,H,G,3,5,R,2,1,1,1,0,T,GMC,SA3,CG,1,17,,2,0,1350,SAV,G,,,8,350,,,,D,00000,00,E,42,0,0,000000000,00000000000,0,0,0,1,0,0,0,0,0,0,0,998,0,0,0,12,6,2,12,0,0,0,1,17,60545,6,1,0,0,3,0,68,188,0,0,0,1,0,2,2011,2,2011,0,0,0,0,0,1,2,55,1,1,2,1,0,0,1,18,3,1,1,24,1,0
17,170241,1,2,1,5,5,11,0,12,6,1,0,17,1,12,23,12023,4,2008,3FAHP08Z48R2,3,F,A,H,P,0,8,Z,4,8,R,2,0,P,FORD,F/L,4D,8,17,3181,,0,1074,,G,,F,4,140,,,17R225,,,,,,0,0,000000000,00000000000,0,0,0,1,0,0,0,0,0,0,0,998,0,0,0,61,6,2,12,0,0,0,1,17,62024,6,1,0,0,3,1,62,160,0,0,0,0,0,0,0,0,0,0,39,0,0,0,2,4,55,1,1,2,1,1,3,1,17,1,1,1,69,1,0
17,170241,2,2,1,5,5,11,0,12,6,1,0,17,3,82,881,82881,66,2006,1FUJA6CV26LV,1,F,U,J,A,6,C,V,2,6,L,V,1,T,FRHT,COL,TR,6,17,,8,0,0,CON,D,,,6,782,,,,,00000,00,,64,1,57,982136,57982136,3,6,4,1,0,0,0,0,0,0,0,998,0,0,0,12,6,2,12,0,0,0,1,17,62052,6,1,6,1,3,1,75,275,0,0,0,0,0,0,0,0,0,0,0,0,0,0,6,1,15,1,1,2,1,1,3,11,55,1,1,1,68,0,0
17,170242,1,2,1,3,5,23,50,12,2,1,0,17,1,12,481,12481,31,2007,1FTRF12227NA,1,F,T,R,F,1,2,2,2,7,N,A,0,T,FORD,F15,PK,7,17,,2,1450,1260,COF,G,,,6,256,,,,B,4615,01,E,42,0,0,000000000,00000000000,0,0,0,1,0,0,0,0,0,0,0,998,0,1,5,12,6,2,12,0,0,0,1,17,60527,6,1,0,0,3,3,73,170,0,0,0,0,0,0,0,0,0,0,50,0,0,0,3,4,65,1,1,1,1,0,0,1,54,1,1,1,50,1,1
17,170242,2,2,2,3,5,23,50,12,2,1,0,39,3,82,881,82881,63,2007,1FVACXDA07HX,1,F,V,A,C,X,D,A,0,7,H,X,0,T,FRHT,16M,CC,7,17,,7,0,0,FM2,D,,,6,537,,,,,00000,00,,42,0,57,500737,57500737,3,1,1,1,0,0,0,0,0,0,0,998,0,0,0,12,6,2,2,0,0,1,1,17,61739,6,1,3,1,3,3,62,184,0,0,0,0,1,4,2012,4,2012,0,0,0,0,0,3,4,65,1,1,1,1,0,0,1,74,8,1,2,51,0,0
17,170243,1,2,1,8,5,23,18,12,1,1,0,17,2,55,35,55035,4,2006,KMHDN46D46U3,K,M,H,D,N,4,6,D,4,6,U,3,0,P,HYUN,GTL,4D,6,17,2784,,0,1027,,G,,F,4,121,,,15R195,,,,,,0,0,000000000,00000000000,0,0,0,1,0,0,0,0,0,0,0,0,0,0,0,6,6,2,12,0,0,0,1,17,60629,6,1,0,0,3,3,66,119,0,0,0,0,0,0,0,0,0,0,54,0,0,0,3,3,65,1,1,1,1,0,0,5,53,1,1,1,21,1,0
17,170243,2,2,1,8,5,23,18,12,1,1,0,17,3,82,881,82881,66,2007,1FUJA6CK77DY,1,F,U,J,A,6,C,K,7,7,D,Y,1,T,FRHT,COL,TR,7,17,,8,0,0,CON,D,,,6,855,,,,,00000,00,,64,1,57,52912,5752912,3,6,1,1,0,0,0,0,0,0,0,998,0,0,0,12,6,2,12,0,0,0,1,20,67047,6,1,3,1,3,1,69,200,0,0,0,0,0,0,0,0,0,1,38,0,0,0,3,3,65,1,1,1,1,0,0,1,50,1,1,1,20,1,0
17,170244,1,1,1,9,5,6,25,33,0,1,0,17,1,72,706,72706,80,2011,1HD1KEM15BB6,1,H,D,1,K,E,M,1,5,B,B,6,0,M,HD,FTK,RS,11,17,,,,,,,1690,,2,,4,857,,,,,,,0,0,000000000,00000000000,0,0,0,1,0,0,0,0,0,0,0,998,0,0,0,12,6,2,33,0,0,0,1,17,62640,6,1,0,0,3,1,78,300,0,0,0,0,0,0,0,0,0,0,0,0,0,0,3,2,55,1,1,2,1,0,0,1,10,1,1,4,6,1,0
17,170245,1,1,1,6,5,20,52,1,0,1,0,17,1,20,36,20036,2,2007,2G1WJ15K0791,2,G,1,W,J,1,5,K,0,7,9,1,0,P,CHEV,MLS,CP,7,17,3461,,0,1105,,F,,F,6,214,,,16R225,,,,,,0,0,000000000,00000000000,0,0,0,1,0,0,0,0,0,0,0,998,0,2,5,0,6,2,1,0,0,0,1,17,62950,6,1,0,0,3,0,73,240,0,0,0,0,0,0,0,0,0,1,36,0,0,0,1,2,55,2,1,2,1,0,0,14,13,1,1,4,1,1,1
17,170246,1,1,1,5,1,22,48,8,0,1,1,17,2,21,2,21002,4,1989,1G3HY54C7K18,1,G,3,H,Y,5,4,C,7,K,1,8,0,P,OLDS,FRB,4D,89,17,3134,,0,1108,,G,,F,6,231,,,14R205,,,,,,0,0,000000000,00000000000,0,0,0,1,0,0,0,0,0,0,0,998,0,0,0,12,2,1,8,0,0,0,1,17,62203,6,1,0,0,3,0,67,221,0,0,0,0,0,0,0,0,0,1,36,0,0,0,1,2,30,1,1,2,1,0,0,1,80,1,1,1,13,0,0
17,170248,1,1,1,1,4,2,53,34,0,1,0,17,1,37,32,37032,4,2004,1HGCM56374A0,1,H,G,C,M,5,6,3,7,4,A,0,0,P,HOND,ULX,4D,4,17,3113,,0,1079,,G,,F,4,146,,,15R205,,,,,,0,0,000000000,00000000000,0,0,0,1,0,0,0,0,0,0,0,998,0,0,0,12,6,2,2,0,0,1,1,17,60505,6,1,0,0,3,0,61,130,0,0,0,0,0,0,0,0,0,0,36,0,0,0,1,4,40,2,1,2,1,0,0,14,13,1,1,4,1,1,0
17,170249,1,1,1,3,5,20,20,8,0,1,0,17,1,20,421,20421,15,1997,1GNEK13R1VJ3,1,G,N,E,K,1,3,R,1,V,J,3,0,P,CHEV,KTA,UT,97,17,5225,,0,1175,,G,,F,8,350,,,15R235,,,,,,0,0,000000000,00000000000,0,0,0,1,0,0,0,0,0,0,0,998,0,0,0,12,6,2,8,0,0,0,1,17,60645,6,1,0,0,3,0,63,112,0,0,0,1,0,4,2010,4,2010,0,38,0,0,0,1,4,25,1,1,2,2,20,3,10,80,1,1,2,13,0,0
17,170250,1,1,1,12,5,10,29,9,0,1,0,29,1,20,20,20020,4,1998,2G1WL52M9W91,2,G,1,W,L,5,2,M,9,W,9,1,0,P,CHEV,L/S,4D,98,17,3330,,0,1075,,G,,F,6,191,,,15R205,,,,,,0,0,000000000,00000000000,0,0,0,1,0,0,0,0,0,0,0,998,0,0,0,12,2,1,9,0,0,0,1,29,63137,6,1,0,0,3,0,999,999,0,0,0,0,0,0,0,0,0,0,0,0,0,0,1,4,99,1,1,2,1,20,3,1,83,1,1,1,13,0,0
17,170251,1,1,3,12,5,3,1,38,0,1,0,17,1,20,16,20016,2,1998,1G1JC1244W71,1,G,1,J,C,1,2,4,4,W,7,1,0,P,CHEV,C/S,CP,98,17,2584,,0,1041,,G,,F,4,133,,,14R195,,,,,,0,0,000000000,00000000000,0,0,0,1,0,0,0,0,0,0,0,998,0,1,5,61,6,2,1,0,0,0,1,17,62832,1,1,0,0,2,0,69,170,0,0,0,0,0,0,0,0,0,0,36,0,0,0,3,2,30,1,1,2,1,0,0,1,53,8,3,4,2,3,1
17,170252,1,2,1,8,5,19,35,12,1,1,0,17,1,20,481,20481,31,2003,1GCEC14X23Z2,1,G,C,E,C,1,4,X,2,3,Z,2,0,T,CHEV,SC1,PK,3,17,,2,1330,1190,SIL,G,,,6,262,,,,B,4073,00,,42,0,0,000000000,00000000000,0,0,0,1,0,0,0,0,0,0,0,57,0,0,0,12,6,2,12,0,0,0,1,17,61024,6,1,0,0,3,0,69,219,0,0,0,0,0,0,0,0,0,1,0,0,0,0,1,2,55,1,1,2,1,0,0,1,11,1,1,4,20,1,0
17,170252,2,2,1,8,5,19,35,12,1,1,0,17,3,89,882,89882,63,2006,5VCHC6MF36WZ,5,V,C,H,C,6,M,F,3,6,W,Z,0,T,AUTC,WXL,TB,6,17,,8,0,0,XPD,D,,,6,540,,,,,00000,00,,64,0,99,999999999,99999999999,3,2,7,1,0,0,0,0,0,0,0,0,0,0,0,6,2,1,12,0,0,0,1,17,61032,6,1,6,0,3,0,71,180,0,0,0,0,0,0,0,0,0,0,0,0,0,0,1,2,55,1,1,2,1,0,0,98,98,1,1,5,23,0,0
17,170253,1,2,1,10,5,12,36,12,6,1,0,17,3,84,883,84883,63,1994,2HSFMATR4RC0,2,H,S,F,M,A,T,R,4,R,C,0,0,T,INTL,920,TR,94,17,,8,0,0,920,D,,,6,629,,,,,00000,00,,64,0,57,071173,57071173,3,1,2,1,0,0,0,0,0,0,0,0,0,0,0,81,2,1,12,0,0,0,1,17,62475,6,1,6,0,3,1,71,205,0,0,0,0,0,0,0,0,0,0,38,0,0,0,1,2,35,1,1,2,1,20,3,1,17,1,1,1,87,0,0
17,170253,2,2,1,10,5,12,36,12,6,1,0,17,1,37,706,37706,80,2001,1HFSC43081A1,1,H,F,S,C,4,3,0,8,1,A,1,0,M,HOND,VT2,RS,1,17,,,,,,,1099,,2,,4,573,,,,,,,0,0,000000000,00000000000,0,0,0,1,0,0,0,0,0,0,0,998,0,0,0,12,6,2,12,0,0,0,1,17,62439,6,1,0,0,3,1,73,230,0,0,0,1,0,4,2010,4,2010,0,0,0,0,0,1,2,55,1,1,2,1,0,0,1,55,1,1,1,86,1,0
17,170254,1,1,2,12,5,23,36,34,0,1,0,17,2,55,33,55033,4,2012,5NPEC4AC4CH4,5,N,P,E,C,4,A,C,4,C,H,4,0,P,HYUN,SLI,4D,12,17,3199,,0,1100,,G,,F,4,144,,,17R215,,,,,,0,0,000000000,00000000000,0,0,0,1,0,0,0,0,0,0,0,998,0,1,6,12,6,2,1,0,0,0,1,17,62216,6,1,0,0,3,3,69,165,0,0,0,0,0,0,0,0,0,1,36,0,0,0,1,2,55,1,1,2,1,0,0,1,6,1,2,4,2,1,1
17,170255,1,2,1,13,5,1,46,12,2,1,0,17,2,20,471,20471,30,1996,1GCCS1941TK2,1,G,C,C,S,1,9,4,1,T,K,2,0,T,CHEV,S14,PC,96,17,,1,0,1229,S,G,,,4,133,,,,B,3081,00,,42,0,0,000000000,00000000000,0,0,0,1,0,0,0,0,0,0,0,998,0,0,0,12,6,2,12,0,0,0,1,17,61001,6,2,0,0,3,0,71,175,0,0,0,0,0,0,0,0,0,0,28,0,0,0,1,2,55,1,1,2,1,0,0,15,10,1,1,2,50,1,0
17,170255,2,2,1,13,5,1,46,12,2,1,0,55,3,82,881,82881,66,2007,1FUJA6CV57LW,1,F,U,J,A,6,C,V,5,7,L,W,1,T,FRHT,COL,TR,7,17,,8,0,0,CON,D,,,6,782,,,,,00000,00,,64,1,57,136296,57136296,3,6,1,1,0,0,0,0,0,0,0,998,0,0,0,12,6,2,2,0,0,1,1,55,54935,6,1,6,3,3,0,73,235,0,0,0,0,0,0,0,0,0,0,0,0,0,0,1,2,55,1,1,2,1,0,0,1,62,9,1,1,51,0,0
17,170256,1,1,2,13,5,0,28,43,0,1,0,17,2,20,443,20443,20,1997,1GNDU06E7VD2,1,G,N,D,U,0,6,E,7,V,D,2,0,P,CHEV,VTR,SV,97,17,0,,0,1120,,G,,F,6,207,,,15R205,,,,,,0,0,000000000,00000000000,0,0,0,1,0,0,0,0,0,0,0,998,0,0,0,12,6,2,14,0,0,0,1,17,62002,6,1,0,0,3,0,72,202,0,0,0,0,1,11,2011,11,2011,1,36,0,0,0,2,2,30,1,1,2,1,0,0,1,6,8,2,4,7,1,0
17,170257,1,2,1,13,5,17,0,12,1,1,0,17,1,72,706,72706,80,2007,1HD1CZ3487K4,1,H,D,1,C,Z,3,4,8,7,K,4,0,M,HD,XLN,RS,7,17,,,,,,,1199,,2,,4,545,,,,,,,0,0,000000000,00000000000,0,0,0,1,0,0,0,0,0,0,0,998,0,0,0,12,6,2,1,0,0,0,1,17,62452,6,1,0,0,3,0,68,150,0,0,0,0,0,0,0,0,0,1,36,26,0,0,2,2,55,1,1,2,1,0,0,1,51,9,1,1,24,1,1
17,170257,2,2,1,13,5,17,0,12,1,1,0,17,1,72,706,72706,80,2005,1HD1FBW175Y6,1,H,D,1,F,B,W,1,7,5,Y,6,0,M,HD,LRI,RS,5,17,,,,,,,1450,,2,,4,723,,,,,,,0,0,000000000,00000000000,0,0,0,1,0,0,0,0,0,0,0,0,0,0,0,6,2,1,12,0,0,0,1,17,62450,6,1,0,0,3,0,72,180,0,0,0,0,0,0,0,0,0,0,0,0,0,0,2,2,55,1,1,2,1,0,0,1,53,1,1,1,25,0,0
17,170258,1,1,2,17,3,9,54,31,0,1,0,17,1,14,39,14039,4,2004,2MEHM79V84X6,2,M,E,H,M,7,9,V,8,4,X,6,0,P,MERC,MAU,4D,4,17,4199,,0,1147,,G,,F,8,281,,,18R235,,,,,,0,0,000000000,00000000000,0,0,0,1,0,0,0,0,0,0,0,998,0,0,0,12,6,2,42,0,0,0,1,17,60107,6,1,0,0,3,1,68,280,0,0,0,0,0,0,0,0,0,1,36,0,0,0,1,4,55,1,1,2,1,0,0,1,13,1,1,4,1,1,0
17,170259,1,2,1,14,5,9,10,12,6,1,0,17,1,23,481,23481,31,1994,1GTFK24KXRE5,1,G,T,F,K,2,4,K,X,R,E,5,0,T,GMC,SK2,PK,94,17,,2,0,1315,SIE,G,,,8,350,,,,C,00000,00,A,44,0,0,000000000,00000000000,0,0,0,1,0,0,0,0,0,0,0,998,0,0,0,5,6,2,12,0,0,0,1,17,60401,6,1,0,0,3,0,72,205,1,0,0,0,5,5,2009,3,2012,0,38,27,0,0,1,2,40,1,1,2,1,0,0,11,55,10,1,2,68,0,0
17,170259,2,2,1,14,5,9,10,12,6,1,0,17,2,72,706,72706,80,2005,1HD1JDB115Y0,1,H,D,1,J,D,B,1,1,5,Y,0,0,M,HD,FTN,RS,5,17,,,,,,,1450,,2,,4,676,,,,,,,0,0,000000000,00000000000,0,0,0,1,0,0,0,0,0,0,0,998,0,0,0,12,6,2,12,0,0,0,1,17,60417,6,1,0,0,3,0,70,200,0,0,0,1,1,6,2011,6,2011,1,36,0,0,0,1,2,40,1,1,2,1,0,0,1,55,8,1,1,69,1,0
17,170260,1,2,1,15,5,18,57,12,6,1,0,18,3,82,881,82881,66,2012,1FUJGLDR3CSB,1,F,U,J,G,L,D,R,3,C,S,B,1,T,FRHT,125,TR,12,17,,8,0,0,CSC,D,,,6,903,,,,,00000,00,,64,1,57,028406,57028406,3,6,1,1,0,0,0,0,0,0,0,998,0,0,0,3,6,2,12,0,0,0,1,18,46268,6,1,6,0,3,0,65,170,0,0,0,0,0,0,0,0,0,0,38,0,0,0,1,2,45,1,2,2,1,20,3,11,55,1,1,2,82,0,0
17,170260,2,2,1,15,5,18,57,12,6,1,0,17,1,71,706,71706,80,2000,ZDM1RA4N2YB0,Z,D,M,1,R,A,4,N,2,Y,B,0,0,M,DUCA,,,0,17,,,,,,,,,,,,,,,,,,,0,0,000000000,00000000000,0,0,0,1,0,0,0,0,0,0,0,0,0,0,0,12,6,2,12,0,0,0,1,17,60468,6,1,0,0,3,3,64,150,0,0,0,0,0,0,0,0,0,0,0,0,0,0,1,2,55,1,2,2,1,0,0,1,55,9,1,1,83,1,0
17,170261,1,3,1,26,2,18,38,12,1,1,1,99,9,12,442,12442,20,9999,999999999999,9,9,9,9,9,9,9,9,9,9,9,9,0,,,,,,,,,,,,,,,,,,,,,,,,,0,0,000000000,00000000000,0,0,0,1,0,0,0,0,0,0,0,998,0,0,0,12,4,1,12,0,0,0,1,99,99999,9,9,99,9,9,9,999,999,99,99,99,99,99,99,9999,99,9999,0,0,0,0,0,1,4,40,1,1,2,1,0,0,1,51,1,1,1,24,0,0
17,170261,2,3,5,26,2,18,38,12,1,1,0,18,2,20,16,20016,4,2002,1G1JC5248272,1,G,1,J,C,5,2,4,8,2,7,2,0,P,CHEV,CAC,4D,2,17,2676,,0,1041,,C,,F,4,133,,,14R195,,,,,,0,0,000000000,00000000000,0,0,0,1,0,0,0,0,0,0,0,998,0,0,0,6,6,2,12,0,0,0,1,18,46324,6,2,0,0,3,0,66,150,0,0,0,0,0,0,0,0,0,0,0,0,0,0,1,4,40,1,1,2,1,0,0,1,53,1,1,1,25,1,0
17,170261,3,3,1,26,2,18,38,12,1,1,0,17,1,59,31,59031,4,2008,JTHBJ46G8822,J,T,H,B,J,4,6,G,8,8,2,2,0,P,LEXS,E35,4D,8,17,3580,,0,1093,,G,,F,6,211,,,17R215,,,,,,0,0,000000000,00000000000,0,0,0,1,0,0,0,0,0,0,0,998,0,0,0,7,4,1,12,0,0,0,1,17,60409,6,1,0,0,3,0,68,160,0,0,0,0,0,0,0,0,0,0,0,0,0,0,1,4,40,1,1,2,1,0,0,1,53,1,1,1,98,0,0
17,170262,1,1,4,27,4,11,10,42,0,1,0,17,2,12,17,12017,4,2007,1FAFP53U47A1,1,F,A,F,P,5,3,U,4,7,A,1,0,P,FORD,TSE,4D,7,17,3307,,0,1085,,G,,F,6,183,,,16R215,,,,,,0,0,000000000,00000000000,0,0,0,1,0,0,0,0,0,0,0,998,0,0,0,61,6,2,42,0,0,0,1,17,62557,6,1,0,0,3,0,64,120,0,0,0,0,0,0,0,0,0,1,36,0,0,0,1,2,10,3,1,2,1,0,0,14,12,1,1,4,6,3,0
17,170263,1,1,1,6,1,16,45,42,0,1,0,17,1,20,481,20481,31,2004,1GCHK29U04E2,1,G,C,H,K,2,9,U,0,4,E,2,0,T,CHEV,2KH,4C,4,17,,2,1575,1435,SIL,G,,,8,364,,,,C,5631,00,,44,0,0,000000000,00000000000,0,0,0,1,0,0,0,0,0,0,0,998,0,0,0,12,6,2,42,0,0,0,1,17,60178,6,1,0,0,3,0,69,210,0,0,0,0,0,0,0,0,0,0,27,0,0,0,1,2,55,1,1,2,1,0,0,1,10,1,1,4,1,1,0
17,170264,1,1,1,28,4,17,48,41,0,1,0,17,2,72,706,72706,80,2008,1HD1PR8478Y9,1,H,D,1,P,R,8,4,7,8,Y,9,0,M,HD,F3A,RS,8,17,,,,,,,1802,,2,,4,901,,,,,,,0,0,000000000,00000000000,0,0,0,1,0,0,0,0,0,0,0,998,0,0,0,12,6,2,42,0,0,0,1,17,62896,6,1,0,0,3,0,71,160,0,0,0,0,0,0,0,0,0,1,6,0,0,0,1,2,55,1,1,2,1,0,0,1,13,1,1,4,1,1,1
17,170265,1,2,1,15,5,13,43,12,6,1,0,0,0,97,997,97997,98,9998,888888888888,8,8,8,8,8,8,8,8,8,8,8,8,0,,,,,,,,,,,,,,,,,,,,,,,,,0,0,000000000,00000000000,0,0,0,1,0,0,0,0,0,0,0,998,0,0,0,61,6,2,12,0,0,0,1,17,60470,0,0,0,0,0,0,999,999,0,0,0,0,0,0,0,0,0,0,0,0,0,0,1,2,55,1,1,2,1,0,0,1,98,1,1,1,89,1,0
17,170265,2,2,1,15,5,13,43,12,6,1,0,17,1,20,481,20481,31,2012,1GCEK19T51E2,1,G,C,E,K,1,9,T,5,1,E,2,0,T,CHEV,SK1,4C,1,17,,2,1575,1435,SIL,G,,,8,325,,,,B,4776,00,,44,0,0,000000000,00000000000,0,0,0,1,0,0,0,0,0,0,0,998,0,0,0,12,6,2,12,0,0,0,1,17,60913,6,1,0,0,3,0,70,180,0,0,0,0,0,0,0,0,0,0,38,0,0,0,1,2,55,1,1,2,1,0,0,1,71,1,1,1,88,0,0
17,170266,1,2,3,30,4,13,46,12,6,1,0,17,2,18,20,18020,4,1991,2G4WD14L4M18,2,G,4,W,D,1,4,L,4,M,1,8,0,P,BUIC,RGL,CP,91,17,3158,,0,1075,,G,,F,6,231,,,16R215,,,,,,0,0,000000000,00000000000,0,0,0,1,0,0,0,0,0,0,0,998,0,0,0,12,6,2,12,0,0,0,1,17,61951,6,1,0,0,3,0,71,190,0,0,0,0,0,0,0,0,0,1,39,0,0,0,1,2,55,1,1,2,2,20,3,1,17,1,1,1,88,0,0
17,170266,2,2,1,30,4,13,46,12,6,1,1,17,2,30,40,30040,4,1997,3VWRA81H5VM0,3,V,W,R,A,8,1,H,5,V,M,0,0,P,VOLK,UJG,4D,97,17,2507,,0,974,,G,,F,4,121,,,14R195,,,,,,0,0,000000000,00000000000,0,0,0,1,0,0,0,0,0,0,0,998,0,0,0,61,6,2,12,0,0,0,1,17,62565,6,1,0,0,3,0,68,170,0,0,0,0,0,0,0,0,0,0,0,0,0,0,1,2,55,1,1,2,2,0,0,1,17,1,1,1,89,1,0
17,170267,1,2,1,13,5,18,41,12,7,1,0,17,1,37,703,37703,83,1998,JH2ME0337WM0,J,H,2,M,E,0,3,3,7,W,M,0,0,M,HOND,CR2,MX,98,17,,,,,,,250,,1,,2,214,,,,,,,0,0,000000000,00000000000,0,0,0,1,0,0,0,0,0,0,0,998,0,0,0,12,6,2,12,0,0,0,1,17,61101,6,1,0,0,3,0,73,180,0,0,0,0,0,0,0,0,0,1,36,0,0,0,1,2,30,1,1,2,1,0,0,6,60,1,1,1,46,1,0