STATE,ST_CASE,VEH_NO,VE_FORMS,NUMOCCS,DAY,MONTH,HOUR,MINUTE,HARM_EV,MAN_COLL,UNITTYPE,HIT_RUN,REG_STAT,OWNER,MAKE,MODEL,MAK_MOD,BODY_TYP,MOD_YEAR,VIN,VIN_1,VIN_2,VIN_3,VIN_4,VIN_5,VIN_6,VIN_7,VIN_8,VIN_9,VIN_10,VIN_11,VIN_12,TOW_VEH,VINTYPE,VINMAKE,VINA_MOD,VIN_BT,VINMODYR,VIN_LNGT,VIN_WGT,WGTCD_TR,WHLBS_LG,WHLBS_SH,SER_TR,FUELCODE,MCYCL_DS,CARBUR,CYLINDER,DISPLACE,MCYCL_CY,MCYCL_WT,TIRE_SZE,TON_RAT,TRK_WT,TRKWTVAR,VIN_REST,WHLDRWHL,J_KNIFE,MCARR_I1,MCARR_I2,MCARR_ID,GVWR,V_CONFIG,CARGO_BT,HAZ_INV,HAZ_PLAC,HAZ_ID,HAZ_CNO,HAZ_REL,BUS_USE,SPEC_USE,EMER_USE,TRAV_SP,UNDERIDE,ROLLOVER,ROLINLOC,IMPACT1,DEFORMED,TOWED,M_HARM,VEH_SC1,VEH_SC2,FIRE_EXP,DR_PRES,L_STATE,DR_ZIP,L_STATUS,L_TYPE,CDL_STAT,L_ENDORS,L_COMPL,L_RESTRI,DR_HGT,DR_WGT,PREV_ACC,PREV_SUS,PREV_DWI,PREV_SPD,PREV_OTH,FIRST_MO,FIRST_YR,LAST_MO,LAST_YR,SPEEDREL,DR_SF1,DR_SF2,DR_SF3,DR_SF4,VTRAFWAY,VNUM_LAN,VSPD_LIM,VALIGN,VPROFILE,VPAVETYP,VSURCOND,VTRAFCON,VTCONT_F,P_CRASH1,P_CRASH2,P_CRASH3,PCRASH4,PCRASH5,ACC_TYPE,DEATHS,DR_DRINK
17,170267,2,2,2,13,5,18,41,12,7,1,0,0,0,97,997,97997,98,9998,888888888888,8,8,8,8,8,8,8,8,8,8,8,8,0,,,,,,,,,,,,,,,,,,,,,,,,,0,0,000000000,00000000000,0,0,0,1,0,0,0,0,0,0,0,998,0,0,0,7,6,2,12,0,0,0,1,17,61101,6,1,0,0,3,0,68,158,0,0,0,0,0,0,0,0,0,0,0,0,0,0,1,2,30,1,1,2,1,0,0,2,53,1,1,1,45,0,1
17,170268,1,1,3,26,4,0,40,30,0,1,0,17,1,37,31,37031,3,1999,2HGEJ6341XH1,2,H,G,E,J,6,3,4,1,X,H,1,0,P,HOND,UCD,2H,99,17,2388,,0,1032,,G,,F,4,097,,,14R185,,,,,,0,0,000000000,00000000000,0,0,0,1,0,0,0,0,0,0,0,72,0,0,0,12,6,2,30,0,0,0,1,17,60560,6,1,0,0,3,0,75,180,0,0,0,1,1,8,2009,8,2009,1,36,0,0,0,1,2,45,3,1,2,1,0,0,14,9,1,7,4,2,1,1
17,170269,1,1,1,13,5,17,10,34,0,1,0,17,2,72,706,72706,80,2007,1HD1FC4197Y6,1,H,D,1,F,C,4,1,9,7,Y,6,0,M,HD,FLU,RS,7,17,,,,,,,1584,,2,,4,808,,,,,,,0,0,000000000,00000000000,0,0,0,1,0,0,0,0,0,0,0,998,0,0,0,12,6,2,34,0,0,0,1,17,61832,6,1,0,0,3,1,69,184,0,0,0,1,0,8,2011,8,2011,0,0,0,0,0,2,2,45,2,1,2,1,0,0,14,12,1,1,4,6,1,0
17,170270,1,3,2,13,5,11,30,12,1,1,0,17,2,49,38,49038,4,1991,JT2EL43A6M00,J,T,2,E,L,4,3,A,6,M,0,0,0,P,TOYT,TDX,4D,91,17,2005,,0,937,,G,,F,4,089,,,13R155,,,,,,0,0,000000000,00000000000,0,0,0,1,0,0,0,0,0,0,0,0,0,0,0,6,6,2,12,0,0,0,1,17,60660,6,1,0,0,3,3,64,130,0,0,0,0,0,0,0,0,0,0,54,0,0,0,3,4,65,1,1,1,1,0,0,5,60,1,1,1,21,1,0
17,170270,2,3,5,13,5,11,30,12,1,1,0,17,1,49,442,49442,20,2005,5TDZA22C85S3,5,T,D,Z,A,2,2,C,8,5,S,3,0,P,TOYT,SIE,SV,5,17,4165,,0,1193,,G,,F,6,201,,,15R205,,,,,,0,0,000000000,00000000000,0,0,0,1,0,0,0,0,0,0,0,998,0,0,0,12,6,2,12,0,0,0,1,17,60068,6,1,0,0,3,3,75,165,0,0,0,0,0,0,0,0,0,1,52,36,84,0,3,4,65,1,1,1,1,0,0,15,50,1,1,2,20,0,0
17,170270,3,3,3,13,5,11,30,12,1,1,0,17,2,41,54,41054,6,2011,JM3TB3DA9B03,J,M,3,T,B,3,D,A,9,B,0,3,0,P,MAZD,CX9,UT,11,17,4546,,0,1132,,G,,F,6,226,,,18R245,,,,,,0,0,000000000,00000000000,0,0,0,1,0,0,0,0,0,0,0,998,0,0,0,12,4,3,18,0,0,0,1,17,60056,6,1,0,0,3,0,70,180,0,0,0,0,0,0,0,0,0,0,0,0,0,0,3,4,65,1,1,1,1,0,0,1,90,9,1,1,98,0,0
17,170271,1,1,1,22,5,19,23,25,0,1,0,17,1,53,705,53705,80,2007,JS1VP53A8721,J,S,1,V,P,5,3,A,8,7,2,1,0,M,SUZI,SV6,RC,7,17,,,,,,,645,,2,,4,363,,,,,,,0,0,000000000,00000000000,0,0,0,1,0,0,0,0,0,0,0,998,0,0,0,12,6,2,25,0,0,0,1,17,60544,6,1,0,0,3,0,76,250,0,0,0,1,0,1,2011,1,2011,1,36,0,0,0,6,1,65,3,2,1,1,0,0,14,13,1,1,4,1,1,0
17,170272,1,2,1,15,5,11,0,12,2,1,0,17,1,7,402,7402,14,1998,1B4HS28Y2WF1,1,B,4,H,S,2,8,Y,2,W,F,1,0,P,DODG,DUR,UT,98,17,4349,,0,1159,,G,,F,8,318,,,15R235,,,,,,0,0,000000000,00000000000,0,0,0,1,0,0,0,0,0,0,0,998,0,0,0,12,6,2,12,0,0,0,1,17,62049,6,1,0,0,3,3,71,340,0,0,0,0,0,0,0,0,0,0,51,0,0,0,1,2,55,1,2,2,1,0,0,1,10,1,1,2,50,1,0
17,170272,2,2,1,15,5,11,0,12,2,1,0,17,1,2,404,2404,14,2011,1J4RR4GG5BC7,1,J,4,R,R,4,G,G,5,B,C,7,0,T,JEEP,LRO,4W,11,17,,2,0,1148,GCK,F,,,6,220,,,,,4660,00,W,44,0,0,000000000,00000000000,0,0,0,1,0,0,0,0,0,0,0,998,0,0,0,12,6,2,12,0,0,1,1,17,62017,6,1,0,0,3,3,74,150,0,0,0,0,0,0,0,0,0,0,0,0,0,0,1,2,55,1,2,2,1,0,0,1,62,9,1,1,51,0,0
17,170273,1,2,1,16,5,23,3,12,6,1,0,19,1,12,481,12481,31,1998,1FTRX18LXWNB,1,F,T,R,X,1,8,L,X,W,N,B,0,T,FORD,F15,3C,98,17,,2,1570,1390,COF,G,,,8,330,,,,B,4480,01,E,44,0,0,000000000,00000000000,0,0,0,1,0,0,0,0,0,0,0,998,0,0,0,12,6,2,12,0,0,0,1,17,62326,6,1,6,3,3,0,75,190,0,0,0,0,0,0,0,0,0,0,38,0,0,0,2,2,55,1,1,2,1,20,3,1,55,1,1,1,86,0,1
17,170273,2,2,2,16,5,23,3,12,6,1,0,17,1,12,17,12017,4,2000,1FAFP56U5YG1,1,F,A,F,P,5,6,U,5,Y,G,1,0,P,FORD,CTE,4D,0,17,3408,,0,1085,,G,,F,6,182,,,16R215,,,,,,0,0,000000000,00000000000,0,0,0,1,0,0,0,0,0,0,0,998,0,0,0,3,6,2,12,0,0,0,1,17,62326,6,1,0,0,3,0,71,250,0,0,0,0,0,0,0,0,0,0,0,0,0,0,2,2,55,1,1,2,1,20,3,1,55,1,1,1,87,1,0
17,170274,1,2,1,18,5,21,35,12,2,1,0,54,1,42,31,42031,4,1994,WDBHA28E0RF0,W,D,B,H,A,2,8,E,0,R,F,0,0,P,MERZ,C28,4D,94,17,3250,,0,1059,,G,,F,6,171,,,15R195,,,,,,0,0,000000000,00000000000,0,0,0,1,0,0,0,0,0,0,0,119,0,0,0,12,6,2,12,0,0,1,1,17,62881,6,1,0,0,3,3,65,140,0,0,0,0,0,0,0,0,0,0,51,0,0,0,1,2,55,1,1,2,1,0,0,1,10,1,1,2,50,1,0
17,170274,2,2,1,18,5,21,35,12,2,1,0,17,1,37,402,37402,14,2003,SHSRD78413U1,S,H,S,R,D,7,8,4,1,3,U,1,0,P,HOND,CRV,UT,3,17,3258,,0,1031,,G,,F,4,146,,,15R205,,,,,,0,0,000000000,00000000000,0,0,0,1,0,0,0,0,0,0,0,60,0,0,0,12,6,2,12,0,0,1,1,17,62265,6,1,0,0,3,3,74,250,0,0,0,0,0,0,0,0,0,0,0,0,0,0,1,2,55,1,1,2,1,0,0,1,62,9,1,1,51,1,0
17,170276,1,5,1,22,5,7,54,12,1,1,0,17,3,12,461,12461,21,2009,1FTNE24W69DA,1,F,T,N,E,2,4,W,6,9,D,A,0,T,FORD,25V,CG,9,17,,2,0,1380,VAN,G,,,8,281,,,,B,5195,00,E,42,0,0,000000000,00000000000,0,0,0,1,0,0,0,0,0,0,0,998,0,0,0,12,6,2,12,0,0,0,1,17,60439,6,1,0,0,3,0,71,215,0,0,0,1,0,8,2010,8,2010,1,36,0,0,0,3,5,65,1,1,1,1,0,0,3,51,1,1,1,24,0,0
17,170276,2,5,1,22,5,7,54,12,1,1,0,17,1,7,26,7026,4,2012,1C3CDZBG1CN1,1,C,3,C,D,Z,B,G,1,C,N,1,0,P,DODG,ART,4D,12,17,3394,,0,1089,,F,,F,6,220,,,18R225,,,,,,0,0,000000000,00000000000,0,0,0,1,0,0,0,0,0,0,0,998,0,0,0,6,6,2,12,0,0,0,1,17,60180,6,1,0,0,3,0,69,160,0,0,0,0,0,0,0,0,0,0,0,0,0,0,3,4,65,1,1,1,1,0,0,1,53,1,1,1,25,1,0
17,170276,3,5,1,22,5,7,54,12,1,1,0,17,3,12,881,12881,61,2008,1FDAF57RX8EA,1,F,D,A,F,5,7,R,X,8,E,A,0,T,FORD,F5D,CB,8,17,,5,2010,1410,DRW,D,,,8,390,,,,D,6933,04,U,44,0,88,888888888,88888888888,2,1,4,1,0,0,0,0,0,0,0,998,0,0,0,6,6,2,12,0,0,0,1,17,60803,6,1,0,0,3,1,72,180,0,0,0,0,0,0,0,0,0,0,0,0,0,0,3,4,65,1,1,1,11,0,0,1,53,1,1,1,98,0,0
17,170276,4,5,1,22,5,7,54,12,1,1,0,17,1,6,18,6018,4,2012,1C3CCBHG2CN2,1,C,3,C,C,B,H,G,2,C,N,2,0,P,CHRY,20S,4D,12,17,3319,,0,1089,,F,,F,6,220,,,18R225,,,,,,0,0,000000000,00000000000,0,0,0,1,0,0,0,0,0,0,0,998,0,0,0,6,6,2,12,0,0,0,1,17,60467,6,1,0,0,3,0,71,220,0,0,0,0,0,0,0,0,0,0,0,0,0,0,3,4,65,1,1,1,1,0,0,1,53,1,1,1,98,0,0
17,170276,5,5,1,22,5,7,54,12,1,1,0,17,2,35,39,35039,4,1996,JN1CA21D3TT7,J,N,1,C,A,2,1,D,3,T,T,7,0,P,NISS,MGS,4D,96,17,2886,,0,1063,,G,,F,6,182,,,15R205,,,,,,0,0,000000000,00000000000,0,0,0,1,0,0,0,0,0,0,0,998,0,0,0,6,6,2,12,0,0,0,1,17,60411,6,1,0,0,3,0,64,140,0,0,0,0,0,0,0,0,0,0,0,0,0,0,3,4,65,1,1,1,11,0,0,1,53,1,1,1,98,0,0
17,170277,1,1,1,20,5,2,0,52,0,1,0,17,1,20,421,20421,15,2002,1GNDT13W62K2,1,G,N,D,T,1,3,W,6,2,K,2,0,P,CHEV,BZR,UT,2,17,4114,,0,1070,,G,,F,6,262,,,000000,,,,,,0,0,000000000,00000000000,0,0,0,1,0,0,0,0,0,0,0,998,0,1,6,12,6,2,1,0,0,0,1,17,60914,6,1,0,0,3,0,69,135,0,0,0,0,0,0,0,0,0,1,28,0,0,0,3,4,65,1,2,1,1,0,0,1,12,1,1,4,6,1,1
17,170278,1,1,1,20,5,3,5,25,0,1,0,17,1,19,421,19421,15,2004,1GYEK63N04R1,1,G,Y,E,K,6,3,N,0,4,R,1,0,P,CADI,ESC,UT,4,17,5571,,0,1160,,G,,F,8,364,,,17R265,,,,,,0,0,000000000,00000000000,0,0,0,1,0,0,0,0,0,0,0,998,0,1,6,12,6,2,1,0,0,0,1,17,60153,6,1,0,0,3,0,66,160,0,0,0,0,0,0,0,0,0,1,36,27,0,0,3,4,65,1,1,1,1,0,0,1,6,8,4,4,7,1,1
17,170279,1,2,1,20,5,6,50,12,1,1,0,17,1,20,9,20009,2,2010,2G1FB1EV7A91,2,G,1,F,B,1,E,V,7,A,9,1,0,P,CHEV,CLT,CP,10,17,3750,,0,1123,,G,,F,6,220,,,18R245,,,,,,0,0,000000000,00000000000,0,0,0,1,0,0,0,0,0,0,0,998,0,0,0,12,6,2,12,0,0,1,1,17,60411,6,1,0,0,3,0,63,165,1,0,0,0,0,7,2009,7,2009,1,36,0,0,0,3,6,65,1,1,2,1,0,0,1,51,9,1,2,24,0,1
17,170279,2,2,1,20,5,6,50,12,1,1,0,17,1,55,33,55033,4,2004,KMHWF35H14A9,K,M,H,W,F,3,5,H,1,4,A,9,0,P,HYUN,SGX,4D,4,17,3212,,0,1063,,G,,F,6,162,,,16R205,,,,,,0,0,000000000,00000000000,0,0,0,1,0,0,0,0,0,0,0,998,0,0,0,6,6,2,12,0,0,0,1,17,60103,6,1,0,0,3,3,71,280,0,0,0,0,0,0,0,0,0,0,0,0,0,0,3,6,65,1,1,1,1,0,0,1,53,1,1,1,25,1,0
17,170280,1,1,1,6,5,16,39,33,0,1,0,17,2,37,702,37702,80,1993,3H1HF0308PD8,3,H,1,H,F,0,3,0,8,P,D,8,0,M,HOND,CH8,MS,93,17,,,,,,,80,,1,,4,172,,,,,,,0,0,000000000,00000000000,0,0,0,1,0,0,0,0,0,0,0,998,0,0,0,12,6,2,42,0,0,0,1,17,60442,6,1,0,0,3,3,67,140,0,0,0,0,0,0,0,0,0,0,0,0,0,0,1,2,25,1,1,2,1,0,0,1,13,1,1,4,1,1,1
17,170281,1,1,1,25,5,23,10,35,0,1,0,17,2,22,2,22002,4,1997,1G2HX52K3VH2,1,G,2,H,X,5,2,K,3,V,H,2,0,P,PONT,BVS,4D,97,17,3350,,0,1108,,G,,F,6,231,,,15R215,,,,,,0,0,000000000,00000000000,0,0,0,1,0,0,0,0,0,0,0,998,0,0,0,12,6,2,35,0,0,0,1,17,61849,6,2,0,0,3,0,69,170,0,0,0,0,0,0,0,0,0,1,36,0,0,0,1,2,30,1,3,2,1,0,0,1,6,9,4,4,7,1,1
17,170282,1,2,4,25,5,7,10,12,1,1,0,26,3,12,23,12023,4,2012,3FAHP0HA4CR1,3,F,A,H,P,0,H,A,4,C,R,1,0,P,FORD,F/E,4D,12,17,3285,,0,1074,,G,,F,4,152,,,17R225,,,,,,0,0,000000000,00000000000,0,0,0,1,0,0,0,0,0,0,0,998,0,0,0,12,6,2,12,0,0,0,1,17,60609,6,1,0,0,3,0,67,215,1,0,0,0,3,3,2011,10,2011,1,36,0,0,0,3,4,65,1,1,1,1,28,3,1,51,1,1,1,24,1,0
17,170282,2,2,1,25,5,7,10,12,1,1,0,12,3,86,881,86881,66,2007,1M1AK06Y77N0,1,M,1,A,K,0,6,Y,7,7,N,0,1,T,MACK,CXN,TR,7,17,,8,0,0,600,D,,,6,728,,,,,00000,00,,64,1,57,000783,57000783,3,6,1,1,0,0,0,0,0,0,0,998,0,0,0,6,2,1,12,0,0,0,1,17,61401,6,1,6,1,3,0,63,125,0,0,0,0,0,0,0,0,0,0,0,0,0,0,3,4,65,1,1,1,1,28,3,1,53,1,1,1,25,0,0
17,170283,1,2,1,24,5,21,50,52,0,1,0,17,2,49,401,49401,14,1998,JT3HN86R6W01,J,T,3,H,N,8,6,R,6,W,0,1,0,P,TOYT,RUN,UT,98,17,3850,,0,1053,,G,,F,6,206,,,15R225,,,,,,0,0,000000000,00000000000,0,0,0,1,0,0,0,0,0,0,0,998,0,1,6,12,6,2,1,0,0,0,1,17,60053,6,1,0,0,3,0,69,150,0,0,0,0,0,0,0,0,0,1,36,52,0,0,3,6,65,1,2,1,1,0,0,6,6,1,3,4,2,1,0
17,170283,2,2,4,24,5,21,50,52,0,1,0,31,1,48,401,48401,14,2012,JF2SHABC6CH4,J,F,2,S,H,A,B,C,6,C,H,4,0,P,SUBA,FOR,UT,12,17,3250,,0,0,,G,,F,4,152,,,000000,,,,,,0,0,000000000,00000000000,0,0,0,1,0,0,0,0,0,0,0,998,0,0,0,0,2,1,16,0,0,0,1,31,68152,6,1,0,0,3,1,69,200,0,0,0,0,0,0,0,0,0,0,0,0,0,0,3,6,65,1,2,1,1,0,0,1,98,9,1,1,98,0,0
17,170284,1,2,3,26,5,17,58,12,6,1,0,17,2,12,422,12422,15,1999,1FMPU18L0XLB,1,F,M,P,U,1,8,L,0,X,L,B,0,P,FORD,EPT,UT,99,17,5177,,0,1191,,G,,F,8,330,,,17R265,,,,,,0,0,000000000,00000000000,0,0,0,1,0,0,0,0,0,0,0,998,0,1,6,9,6,2,1,0,0,0,1,17,62266,6,1,0,0,3,0,999,999,0,0,0,0,1,6,2009,6,2009,0,38,39,0,0,1,2,45,1,1,2,1,20,3,1,55,1,1,1,89,1,0
17,170284,2,2,2,26,5,17,58,12,6,1,0,17,1,20,37,20037,4,2006,2G1WU5810694,2,G,1,W,U,5,8,1,0,6,9,4,0,P,CHEV,ITZ,4D,6,17,3477,,0,1105,,G,,F,6,238,,,17R225,,,,,,0,0,000000000,00000000000,0,0,0,1,0,0,0,0,0,0,0,998,0,1,6,12,6,2,12,0,0,0,1,17,62230,6,1,0,0,3,3,69,180,0,0,0,0,0,0,0,0,0,0,0,0,0,0,1,2,45,1,1,2,1,0,0,1,55,9,1,1,88,0,0
17,170285,1,2,1,29,5,4,55,12,6,1,0,17,2,20,37,20037,4,2005,1G1ZT52875F2,1,G,1,Z,T,5,2,8,7,5,F,2,0,P,CHEV,M/L,4D,5,17,3297,,0,1063,,G,,F,6,214,,,15R205,,,,,,0,0,000000000,00000000000,0,0,0,1,0,0,0,0,0,0,0,998,0,0,0,81,6,2,12,0,0,0,1,17,62257,6,1,0,0,3,0,65,160,0,0,0,3,0,11,2011,11,2011,1,79,0,0,0,1,2,55,1,1,2,2,0,0,1,6,1,4,2,66,1,0
17,170285,2,2,1,29,5,4,55,12,6,1,0,29,1,20,421,20421,15,2008,1GNFK13018J1,1,G,N,F,K,1,3,0,1,8,J,1,0,P,CHEV,KTA,UT,8,17,5524,,0,1160,,F,,F,8,323,,,17R265,,,,,,0,0,000000000,00000000000,0,0,0,1,0,0,0,0,0,0,0,998,0,0,0,12,6,2,12,0,0,0,1,29,63074,6,1,0,0,3,0,71,195,0,0,0,0,0,0,0,0,0,0,0,0,0,0,1,2,55,1,1,2,2,0,0,1,62,1,1,1,66,0,0
17,170286,1,1,1,22,5,9,34,14,0,1,0,17,1,37,32,37032,2,2000,1HGCG3242YA0,1,H,G,C,G,3,2,4,2,Y,A,0,0,P,HOND,ULX,CP,0,17,3009,,0,1051,,G,,F,4,138,,,15R195,,,,,,0,0,000000000,00000000000,0,0,0,1,0,0,0,0,0,0,0,998,0,0,0,62,6,2,14,0,0,0,1,17,62896,6,1,0,0,3,0,64,145,0,0,0,0,0,0,0,0,0,0,36,0,0,0,3,3,65,1,1,2,1,28,3,1,10,1,1,4,11,0,0
17,170287,1,1,1,8,5,19,57,32,0,1,0,17,1,12,3,12003,1,1996,1FALP45X2TF2,1,F,A,L,P,4,5,X,2,T,F,2,0,P,FORD,MGT,CV,96,17,3468,,0,1013,,G,,F,8,281,,,16R225,,,,,,0,0,000000000,00000000000,0,0,0,1,0,0,0,0,0,0,0,998,0,1,6,12,6,2,1,0,0,0,1,17,62896,6,1,0,0,3,0,68,145,0,0,0,2,0,1,2010,4,2010,1,36,0,0,0,1,2,55,1,2,2,1,0,0,1,6,1,3,4,2,1,1
17,170288,1,2,1,17,5,15,5,12,2,1,0,17,1,49,402,49402,14,2006,JTMBK33VX660,J,T,M,B,K,3,3,V,X,6,6,0,0,P,TOYT,RG4,UT,6,17,3655,,0,1050,,G,,F,6,214,,,15R215,,,,,,0,0,000000000,00000000000,0,0,0,1,0,0,0,0,0,0,0,998,0,0,0,12,6,2,12,0,0,0,1,17,61111,6,1,0,0,3,0,61,140,0,0,0,0,0,0,0,0,0,0,27,0,0,0,1,2,30,1,1,2,1,0,0,1,9,1,1,2,50,1,0
17,170288,2,2,9,17,5,15,5,12,2,1,0,17,3,92,981,92981,52,2009,15GGB2713911,1,5,G,G,B,2,7,1,3,9,1,1,0,T,GILL,,,9,17,,,,,,,,,,,,,,,,,,,0,99,999999999,99999999999,3,21,22,1,0,0,0,0,6,0,0,998,0,0,0,12,6,2,2,0,0,1,1,17,61101,6,1,6,3,3,3,62,140,0,0,0,0,0,0,0,0,0,0,0,0,0,0,1,2,30,1,1,2,1,0,0,1,62,9,1,1,51,0,0
17,170289,1,2,1,21,5,16,22,12,6,1,0,17,2,49,40,49040,4,1997,4T1BG22K3VU7,4,T,1,B,G,2,2,K,3,V,U,7,0,P,TOYT,UEX,4D,97,17,2976,,0,1051,,G,,F,4,132,,,14R195,,,,,,0,0,000000000,00000000000,0,0,0,1,0,0,0,0,0,0,0,998,0,0,0,12,6,2,12,0,0,0,1,17,60077,6,1,0,0,3,0,63,125,0,0,0,2,1,5,2010,11,2011,0,38,86,0,0,3,2,99,1,1,2,1,20,3,11,55,1,1,2,76,0,0
17,170289,2,2,1,21,5,16,22,12,6,1,0,17,3,12,444,12444,20,2012,NM0LS7BN7CT0,N,M,0,L,S,7,B,N,7,C,T,0,0,T,FORD,CXT,CG,12,17,,1,0,1146,TRN,G,,,4,122,,,,B,3360,00,K,42,0,0,000000000,00000000000,0,0,0,1,0,0,0,0,0,0,0,998,0,0,0,9,6,2,9,0,0,0,1,17,60202,6,1,0,0,3,3,64,162,0,0,0,0,0,0,0,0,0,0,0,0,0,0,3,2,99,1,1,2,1,0,0,1,66,9,1,1,77,0,0
17,170290,1,1,1,28,4,0,56,34,0,1,0,17,2,37,705,37705,80,1999,JH2RC4431XM1,J,H,2,R,C,4,4,3,1,X,M,1,0,M,HOND,V75,RS,99,17,,,,,,,745,,2,,4,505,,,,,,,0,0,000000000,00000000000,0,0,0,1,0,0,0,0,0,0,0,998,0,0,0,12,6,2,1,0,0,0,1,17,62002,1,1,0,0,2,0,73,200,0,0,0,0,2,1,2010,3,2010,1,36,0,0,0,6,1,45,2,1,2,1,0,0,14,6,3,3,4,2,1,0
17,170291,1,1,1,8,5,13,29,34,0,1,0,17,1,20,399,20399,4,2009,1G1ZJ57749F1,1,G,1,Z,J,5,7,7,4,9,F,1,0,P,CHEV,ML2,4D,9,17,3436,,0,1123,,G,,F,6,220,,,18R225,,,,,,0,0,000000000,00000000000,0,0,0,1,0,0,0,0,0,0,0,998,0,0,0,12,6,2,34,0,0,0,1,17,61231,6,1,0,0,3,3,67,165,0,0,0,2,0,4,2010,10,2011,0,0,0,0,0,1,2,55,1,1,2,1,0,0,1,13,1,1,4,1,1,0
17,170292,1,2,1,19,5,8,29,12,6,1,0,17,1,35,47,35047,4,2005,1N4BL11D05C2,1,N,4,B,L,1,1,D,0,5,C,2,0,P,NISS,ASR,4D,5,17,3101,,0,1102,,G,,F,6,214,,,17R215,,,,,,0,0,000000000,00000000000,0,0,0,1,0,0,0,0,0,0,0,998,0,0,0,12,6,2,12,0,0,0,1,17,60615,6,1,0,0,3,0,66,160,0,0,0,1,1,7,2011,7,2011,0,0,0,0,0,2,2,30,1,1,2,1,1,3,11,55,1,1,2,68,0,0
17,170292,2,2,2,19,5,8,29,12,6,1,0,17,2,12,401,12401,14,1998,1FMYU22X3WUA,1,F,M,Y,U,2,2,X,3,W,U,A,0,P,FORD,EPR,UT,98,17,3692,,0,1017,,G,,F,6,245,,,15R225,,,,,,0,0,000000000,00000000000,0,0,0,1,0,0,0,0,0,0,0,998,0,0,0,9,6,2,12,0,0,0,1,17,60619,6,1,0,0,3,0,78,205,0,0,0,1,0,11,2011,11,2011,0,0,0,0,0,2,2,30,1,1,2,1,1,3,1,62,9,1,1,69,1,1
17,170293,1,1,1,13,5,17,13,42,0,1,0,17,2,53,706,53706,80,2002,JS1GT74A8221,J,S,1,G,T,7,4,A,8,2,2,1,0,M,SUZI,XR1,RC,2,17,,,,,,,988,,4,,4,374,,,,,,,0,0,000000000,00000000000,0,0,0,1,0,0,0,0,0,0,0,998,0,0,0,12,6,2,42,0,0,0,1,17,60440,6,1,0,0,3,0,73,160,0,0,0,0,1,2,2010,2,2010,1,36,0,0,0,1,2,25,2,1,2,1,0,0,14,6,9,4,4,7,1,1
17,170294,1,2,3,29,5,16,0,12,6,1,0,17,2,19,20,19020,6,2005,1GYEE6373501,1,G,Y,E,E,6,3,7,3,5,0,1,0,P,CADI,SRX,UT,5,17,4164,,0,1164,,G,,F,6,220,,,17R235,,,,,,0,0,000000000,00000000000,0,0,0,1,0,0,0,0,0,0,0,998,0,0,0,3,6,2,12,0,0,0,1,17,61605,1,1,0,0,2,0,69,180,0,0,0,0,3,6,2009,8,2010,0,38,0,0,0,1,2,55,1,1,2,1,0,0,11,17,1,1,2,68,2,0
17,170294,2,2,1,29,5,16,0,12,6,1,0,17,3,82,881,82881,63,2005,2FZHAZCVX5AN,2,F,Z,H,A,Z,C,V,X,5,A,N,0,T,STRG,LT9,CC,5,17,,8,0,0,STE,D,,,6,782,,,,,00000,00,,64,0,57,178009,57178009,3,2,7,1,0,0,0,0,0,0,0,998,0,0,0,12,6,2,12,0,0,1,1,17,61610,6,1,6,3,3,0,71,200,0,0,0,0,0,0,0,0,0,0,0,0,0,0,1,2,55,1,1,2,1,0,0,1,55,9,1,1,69,0,0
17,170295,1,2,1,6,5,17,24,12,6,1,0,17,1,48,34,48034,6,1990,JF1BJ6529LK9,J,F,1,B,J,6,5,2,9,L,K,9,0,P,SUBA,LTS,SW,90,17,2910,,0,1016,,G,,F,4,135,,,14R175,,,,,,0,0,000000000,00000000000,0,0,0,1,0,0,0,0,0,0,0,998,0,0,0,12,4,1,12,0,0,0,1,17,62220,6,1,0,0,3,0,65,145,0,0,0,0,0,0,0,0,0,0,38,0,0,0,3,4,30,1,1,2,1,1,3,11,55,1,1,2,76,0,0
17,170295,2,2,1,6,5,17,24,12,6,1,0,17,2,73,706,73706,80,2003,JKAZX2F103A0,J,K,A,Z,X,2,F,1,0,3,A,0,0,M,KAWK,Z9F,RC,3,17,,,,,,,900,,4,,4,409,,,,,,,0,0,000000000,00000000000,0,0,0,1,0,0,0,0,0,0,0,998,0,0,0,9,6,2,12,0,0,0,1,17,62205,6,1,0,0,3,3,73,340,0,0,0,0,3,3,2010,3,2011,0,0,0,0,0,3,4,30,1,1,2,1,1,3,1,62,9,1,1,77,1,0
17,170296,1,2,4,25,2,11,0,12,6,1,0,17,1,12,402,12402,14,2004,1FMYU92194KB,1,F,M,Y,U,9,2,1,9,4,K,B,0,P,FORD,SPE,UT,4,17,3346,,0,1031,,G,,F,6,181,,,15R225,,,,,,0,0,000000000,00000000000,0,0,0,1,0,0,0,0,0,0,0,998,0,1,1,3,6,2,1,0,0,0,1,17,60419,6,1,0,0,3,3,69,160,0,0,0,0,0,0,0,0,0,0,38,0,0,0,1,4,35,1,1,2,1,0,0,11,55,1,1,2,68,1,0
17,170296,2,2,1,25,2,11,0,12,6,1,0,17,2,55,401,55401,14,2010,5NMSG3ABXAH3,5,N,M,S,G,3,A,B,X,A,H,3,0,P,HYUN,SAN,UT,10,17,3688,,0,1063,,G,,F,4,144,,,17R235,,,,,,0,0,000000000,00000000000,0,0,0,1,0,0,0,0,0,0,0,998,0,1,1,12,6,2,1,0,0,0,1,17,60419,6,1,0,0,3,0,66,230,0,0,0,1,0,5,2009,5,2009,0,0,0,0,0,1,4,35,1,1,2,1,0,0,1,62,9,1,1,69,0,0