STATE,ST_CASE,VEH_NO,VE_FORMS,NUMOCCS,DAY,MONTH,HOUR,MINUTE,HARM_EV,MAN_COLL,UNITTYPE,HIT_RUN,REG_STAT,OWNER,MAKE,MODEL,MAK_MOD,BODY_TYP,MOD_YEAR,VIN,VIN_1,VIN_2,VIN_3,VIN_4,VIN_5,VIN_6,VIN_7,VIN_8,VIN_9,VIN_10,VIN_11,VIN_12,TOW_VEH,VINTYPE,VINMAKE,VINA_MOD,VIN_BT,VINMODYR,VIN_LNGT,VIN_WGT,WGTCD_TR,WHLBS_LG,WHLBS_SH,SER_TR,FUELCODE,MCYCL_DS,CARBUR,CYLINDER,DISPLACE,MCYCL_CY,MCYCL_WT,TIRE_SZE,TON_RAT,TRK_WT,TRKWTVAR,VIN_REST,WHLDRWHL,J_KNIFE,MCARR_I1,MCARR_I2,MCARR_ID,GVWR,V_CONFIG,CARGO_BT,HAZ_INV,HAZ_PLAC,HAZ_ID,HAZ_CNO,HAZ_REL,BUS_USE,SPEC_USE,EMER_USE,TRAV_SP,UNDERIDE,ROLLOVER,ROLINLOC,IMPACT1,DEFORMED,TOWED,M_HARM,VEH_SC1,VEH_SC2,FIRE_EXP,DR_PRES,L_STATE,DR_ZIP,L_STATUS,L_TYPE,CDL_STAT,L_ENDORS,L_COMPL,L_RESTRI,DR_HGT,DR_WGT,PREV_ACC,PREV_SUS,PREV_DWI,PREV_SPD,PREV_OTH,FIRST_MO,FIRST_YR,LAST_MO,LAST_YR,SPEEDREL,DR_SF1,DR_SF2,DR_SF3,DR_SF4,VTRAFWAY,VNUM_LAN,VSPD_LIM,VALIGN,VPROFILE,VPAVETYP,VSURCOND,VTRAFCON,VTCONT_F,P_CRASH1,P_CRASH2,P_CRASH3,PCRASH4,PCRASH5,ACC_TYPE,DEATHS,DR_DRINK
17,170297,1,2,2,4,5,21,27,12,6,1,0,17,2,18,3,18003,2,1993,1G4CW53L5P16,1,G,4,C,W,5,3,L,5,P,1,6,0,P,BUIC,PKA,4D,93,17,3441,,0,1108,,G,,F,6,231,,,15R205,,,,,,0,0,000000000,00000000000,0,0,0,1,0,0,0,0,0,0,0,998,0,0,0,11,6,2,12,0,0,0,1,17,60949,6,1,0,0,3,0,64,155,0,0,0,0,0,0,0,0,0,0,38,0,0,0,2,4,40,1,1,2,1,0,0,11,55,1,1,2,68,0,0
17,170297,2,2,1,4,5,21,27,12,6,1,0,17,1,72,706,72706,80,2005,1HD1FCW195Y6,1,H,D,1,F,C,W,1,9,5,Y,6,0,M,HD,FLU,RS,5,17,,,,,,,1450,,2,,4,788,,,,,,,0,0,000000000,00000000000,0,0,0,1,0,0,0,0,0,0,0,998,0,0,0,12,6,2,12,0,0,0,1,17,61924,6,1,0,0,3,3,71,325,0,0,0,0,1,5,2009,5,2009,0,0,0,0,0,2,4,40,1,1,2,1,0,0,1,62,9,1,1,69,1,1
17,170298,1,3,3,21,3,6,20,12,6,1,0,17,1,20,16,20016,2,1995,1G1JC1241S71,1,G,1,J,C,1,2,4,1,S,7,1,0,P,CHEV,CAV,CP,95,17,2617,,0,1041,,G,,F,4,133,,,14R195,,,,,,0,0,000000000,00000000000,0,0,0,1,0,0,0,0,0,0,0,72,0,0,0,3,6,2,12,0,0,0,1,17,60084,6,1,0,0,3,0,999,999,0,0,0,0,5,5,2009,1,2012,0,38,0,0,0,2,2,55,1,1,2,1,0,0,11,55,1,1,2,68,1,0
17,170298,2,3,3,21,3,6,20,12,6,1,0,17,3,23,481,23481,31,2004,2GTEK19T9411,2,G,T,E,K,1,9,T,9,4,1,1,0,T,GMC,NK1,4C,4,17,,2,1575,1435,SIE,G,,,8,325,,,,B,4548,03,4,44,0,0,000000000,00000000000,0,0,0,1,0,0,0,0,0,0,0,998,0,0,0,12,6,2,12,0,0,0,1,17,60081,6,1,0,0,3,0,69,200,0,0,0,0,0,0,0,0,0,0,0,0,0,0,2,2,55,1,1,2,1,0,0,1,62,9,1,1,69,0,0
17,170298,3,3,1,21,3,6,20,12,6,1,0,17,3,12,461,12461,21,2008,1FDSE35L18DA,1,F,D,S,E,3,5,L,1,8,D,A,0,T,FORD,3DC,YY,8,17,,2,1760,1380,CTV,G,,,8,330,,,,D,00000,00,E,42,0,0,000000000,00000000000,0,0,0,1,0,0,0,0,0,0,0,0,0,0,0,12,6,2,12,0,0,0,1,17,60097,6,1,0,0,3,0,70,185,0,0,0,0,0,0,0,0,0,0,0,0,0,0,3,2,55,1,1,2,1,20,3,5,65,1,1,1,98,0,0
17,170299,1,1,1,9,5,5,40,11,0,1,0,17,2,98,739,98739,90,2011,4XAMH50A7BA3,4,X,A,M,H,5,0,A,7,B,A,3,0,M,POLS,S5H,AT,11,17,,,,,,,498,,1,,4,740,,,,,,,0,0,000000000,00000000000,0,0,0,1,0,0,0,0,0,0,0,998,0,1,1,12,6,2,1,0,0,0,1,17,62959,6,1,0,0,3,3,62,150,1,0,0,0,1,5,2010,10,2011,0,83,0,0,0,1,2,55,1,1,2,1,0,0,1,87,9,1,1,13,1,0
17,170300,1,1,1,14,5,12,56,33,0,1,0,17,1,76,706,76706,80,2004,JYARN13EX4A0,J,Y,A,R,N,1,3,E,X,4,A,0,0,M,YAMA,YFR,RC,4,17,,,,,,,998,,4,,4,999,,,,,,,0,0,000000000,00000000000,0,0,0,1,0,0,0,0,0,0,0,998,0,0,0,12,6,2,42,0,0,0,1,17,60620,6,1,0,0,3,0,71,165,0,0,0,1,2,11,2009,12,2011,0,85,0,0,0,1,2,30,1,1,2,1,0,0,1,55,9,2,4,2,1,0
17,170301,1,1,4,12,5,23,55,33,0,1,0,17,1,21,20,21020,4,1999,1G3NB52MXX63,1,G,3,N,B,5,2,M,X,X,6,3,0,P,OLDS,CGL,4D,99,17,3102,,0,1070,,G,,F,6,191,,,15R215,,,,,,0,0,000000000,00000000000,0,0,0,1,0,0,0,0,0,0,0,63,0,0,0,14,6,2,30,0,0,0,1,17,60651,6,1,0,0,3,0,67,230,0,0,0,0,0,0,0,0,0,1,36,52,0,0,1,4,30,1,1,2,1,0,0,1,9,1,2,4,2,4,1
17,170302,1,1,2,13,5,3,15,21,0,1,0,17,2,24,1,24001,4,1997,1G8ZH5281VZ1,1,G,8,Z,H,5,2,8,1,V,Z,1,0,P,STRN,SL1,4D,97,17,2293,,0,1024,,G,,F,4,116,,,14R175,,,,,,0,0,000000000,00000000000,0,0,0,1,0,0,0,0,0,0,0,998,0,0,0,12,6,2,21,0,0,0,1,17,60155,0,0,0,0,0,0,999,999,0,0,0,0,0,0,0,0,0,1,52,0,0,0,3,2,25,1,1,2,1,0,0,1,6,1,3,4,2,1,0
17,170303,1,1,1,23,5,0,52,30,0,1,0,17,1,52,37,52037,2,1999,4A3AK54F5XE0,4,A,3,A,K,5,4,F,5,X,E,0,0,P,MITS,GST,2H,99,17,2970,,0,988,,G,,T,4,122,,,16R205,,,,,,0,0,000000000,00000000000,0,0,0,1,0,0,0,0,0,0,0,998,0,0,0,9,4,3,30,0,0,0,1,17,60639,6,1,0,0,3,0,66,190,0,0,0,2,1,2,2010,12,2010,1,36,0,0,0,2,4,35,1,3,2,1,0,0,1,6,9,3,4,2,1,0
17,170304,1,1,1,2,6,12,55,46,0,1,0,17,1,20,481,20481,31,1993,1GCDC14Z5PZ1,1,G,C,D,C,1,4,Z,5,P,Z,1,0,T,CHEV,GC1,PK,93,17,,1,1315,1175,GM4,G,,,6,262,,,,B,3718,02,,42,0,0,000000000,00000000000,0,0,0,1,0,0,0,0,0,0,0,998,0,0,0,12,6,2,46,0,0,0,1,17,62040,6,1,0,0,3,0,73,195,0,0,0,0,0,0,0,0,0,0,0,0,0,0,1,4,55,1,1,2,1,0,0,1,11,1,1,4,1,1,1
17,170305,1,1,6,19,5,0,50,46,0,1,0,17,2,14,401,14401,14,1997,4M2DU55P4VUJ,4,M,2,D,U,5,5,P,4,V,U,J,0,P,MERC,MOU,UT,97,17,0,,0,1120,,G,,F,8,302,,,15R235,,,,,,0,0,000000000,00000000000,0,0,0,1,0,0,0,0,0,0,0,998,0,0,0,9,6,2,2,0,0,1,1,17,60629,6,1,0,0,3,0,68,220,0,0,0,0,0,0,0,0,0,1,36,39,0,0,2,3,35,1,1,2,1,2,3,1,6,1,3,4,2,4,1
17,170306,1,1,0,24,4,8,54,8,0,1,0,17,6,86,882,86882,63,2009,1M2AU02C79M0,1,M,2,A,U,0,2,C,7,9,M,0,0,T,MACK,LEU,TB,9,17,,8,0,0,600,D,,,6,659,,,,,00000,00,,64,0,57,178551,57178551,3,2,7,1,0,0,0,0,0,0,0,998,0,0,0,12,2,3,8,42,0,0,0,0,99997,7,6,97,7,6,7,998,997,998,998,998,998,998,98,9998,98,9998,8,0,0,0,0,1,2,55,1,1,2,1,0,0,0,81,0,0,0,98,0,0
17,170308,1,1,1,12,5,4,41,7,0,1,0,17,1,73,706,73706,80,2004,JKBVNCA114B5,J,K,B,V,N,C,A,1,1,4,B,5,0,M,KAWK,VN8,RS,4,17,,,,,,,800,,2,,4,496,,,,,,,0,0,000000000,00000000000,0,0,0,1,0,0,0,0,0,0,0,998,0,0,0,0,6,2,1,0,0,0,1,17,61914,6,1,0,0,3,3,70,220,0,0,0,0,1,9,2011,9,2011,0,0,0,0,0,1,2,55,1,1,2,1,0,0,1,98,9,1,3,0,1,0
17,170309,1,2,1,19,5,14,29,12,6,1,0,17,2,7,482,7482,31,2005,1D7HU16D85J5,1,D,7,H,U,1,6,D,8,5,J,5,0,T,DODG,S15,PK,5,17,,2,1405,1205,RPC,G,,,8,348,,,,B,4751,02,E,44,0,0,000000000,00000000000,0,0,0,1,0,0,0,0,0,0,0,998,0,0,0,12,6,2,12,0,0,0,1,17,62948,6,1,0,0,3,3,68,180,0,0,0,0,2,10,2010,2,2012,1,39,36,0,0,1,2,55,1,1,2,1,20,3,1,55,1,1,1,88,0,0
17,170309,2,2,1,19,5,14,29,12,6,1,0,17,1,20,443,20443,20,1997,1GNDX03E5VD2,1,G,N,D,X,0,3,E,5,V,D,2,0,T,CHEV,VTR,ES,97,17,,1,0,1200,VTR,G,,,6,207,,,,,00000,00,,42,0,0,000000000,00000000000,0,0,0,1,0,0,0,0,0,0,0,998,0,1,6,9,6,2,1,0,0,0,1,17,62812,6,1,0,0,3,3,66,118,0,0,0,0,0,0,0,0,0,0,0,0,0,0,1,2,55,1,1,2,1,20,3,1,66,1,1,1,89,1,0
17,170310,1,1,2,26,5,13,38,9,0,1,0,17,1,7,442,7442,20,2000,1B4GP45G5YB5,1,B,4,G,P,4,5,G,5,Y,B,5,0,P,DODG,CAR,SV,0,17,3772,,0,1133,,F,,F,6,201,,,15R215,,,,,,0,0,000000000,00000000000,0,0,0,1,0,0,0,0,0,0,0,998,0,0,0,82,2,1,9,0,0,0,1,17,61761,6,1,0,0,3,0,61,220,0,0,0,0,0,0,0,0,0,0,0,0,0,0,1,4,45,1,1,2,1,0,0,1,84,1,1,1,13,0,0
17,170311,1,3,1,14,5,1,30,12,6,1,0,17,1,53,706,53706,80,2002,JS1GT74A8221,J,S,1,G,T,7,4,A,8,2,2,1,0,M,SUZI,XR1,RC,2,17,,,,,,,988,,4,,4,374,,,,,,,0,0,000000000,00000000000,0,0,0,1,0,0,0,0,0,0,0,998,0,0,0,12,6,2,12,0,0,0,1,17,60630,6,1,0,0,3,0,73,275,0,0,0,1,0,3,2012,3,2012,1,0,0,0,0,1,2,30,1,1,2,1,2,3,1,55,9,1,1,69,1,1
17,170311,2,3,1,14,5,1,30,12,6,1,0,17,1,53,706,53706,80,2002,JS1GT74A8221,J,S,1,G,T,7,4,A,8,2,2,1,0,M,SUZI,XR1,RC,2,17,,,,,,,988,,4,,4,374,,,,,,,0,0,000000000,00000000000,0,0,0,1,0,0,0,0,0,0,0,998,0,0,0,12,6,2,39,0,0,0,1,17,60181,6,1,0,0,3,0,71,170,0,0,0,1,1,4,2010,4,2010,1,36,0,0,0,1,2,30,1,1,2,1,2,3,1,55,9,1,1,98,0,1
17,170311,3,3,1,14,5,1,30,12,6,1,0,17,1,49,40,49040,4,2001,4T1BG22K61U8,4,T,1,B,G,2,2,K,6,1,U,8,0,P,TOYT,CXL,4D,1,17,2998,,0,1051,,G,,F,4,132,,,15R205,,,,,,0,0,000000000,00000000000,0,0,0,1,0,0,0,0,0,0,0,998,0,0,0,3,6,2,12,0,0,0,1,17,60804,6,1,0,0,3,0,69,200,0,0,0,1,1,9,2009,12,2009,0,38,0,0,0,1,2,30,1,1,2,1,2,3,11,55,8,1,2,68,0,1
17,170312,1,2,3,4,6,15,15,12,6,1,0,17,1,12,999,12999,99,2003,3FAFP11323R1,3,F,A,F,P,1,1,3,2,3,R,1,0,P,FORD,ZX2,CP,3,17,2478,,0,984,,G,,F,4,121,,,15R185,,,,,,0,0,000000000,00000000000,0,0,0,1,0,0,0,0,0,0,0,998,0,0,0,81,6,2,12,0,0,1,1,17,60544,6,1,0,0,3,0,71,190,0,0,0,0,0,0,0,0,0,0,38,0,0,0,1,2,55,1,1,2,1,20,3,1,55,1,1,1,87,3,0
17,170312,2,2,1,4,6,15,15,12,6,1,0,17,3,85,881,85881,66,1996,1XKWD69X8TJ6,1,X,K,W,D,6,9,X,8,T,J,6,1,T,KW,W90,TR,96,17,,8,0,0,CON,D,,,6,855,,,,,00000,00,,64,1,57,00939888,5700939888,3,6,3,1,0,0,0,0,0,0,0,55,0,0,0,12,6,2,2,0,0,1,1,17,60525,6,1,6,1,3,0,68,185,0,0,0,0,0,0,0,0,0,0,0,0,0,0,1,4,55,1,1,2,1,0,0,1,17,1,1,1,86,0,0
17,170313,1,1,1,19,5,3,53,7,0,1,0,92,0,53,733,53733,90,9999,999999999999,9,9,9,9,9,9,9,9,9,9,9,9,0,,,,,,,,,,,,,,,,,,,,,,,,,0,0,000000000,00000000000,0,0,0,1,0,0,0,0,0,0,0,998,0,2,1,0,6,2,1,0,0,0,1,17,62712,6,1,0,0,3,0,69,160,0,0,0,0,0,0,0,0,0,1,36,0,0,0,1,2,30,1,1,2,1,0,0,1,98,9,3,2,0,1,1
17,170314,1,2,1,23,5,19,25,12,6,1,0,17,2,12,401,12401,14,1999,1FMZU35P0XUA,1,F,M,Z,U,3,5,P,0,X,U,A,0,P,FORD,EPR,UT,99,17,4347,,0,1116,,G,,F,8,302,,,15R225,,,,,,0,0,000000000,00000000000,0,0,0,1,0,0,0,0,0,0,0,998,0,0,0,12,4,1,12,0,0,0,1,17,60651,6,1,0,0,3,0,999,999,0,0,0,0,0,0,0,0,0,0,30,0,0,0,1,2,30,1,1,2,1,20,3,12,54,1,1,2,98,0,1
17,170314,2,2,2,23,5,19,25,12,6,1,0,17,1,53,706,53706,80,2002,JS1GT74A3221,J,S,1,G,T,7,4,A,3,2,2,1,0,M,SUZI,XR1,RC,2,17,,,,,,,988,,4,,4,374,,,,,,,0,0,000000000,00000000000,0,0,0,1,0,0,0,0,0,0,0,998,0,0,0,10,6,2,12,0,0,0,1,17,60623,6,1,0,0,3,0,74,215,0,0,0,0,1,5,2011,5,2011,0,0,0,0,0,1,2,30,1,1,2,1,20,3,1,62,9,1,1,98,1,0
17,170315,1,2,1,23,5,21,48,12,1,1,0,17,1,76,706,76706,80,2003,JYAVP02E73A0,J,Y,A,V,P,0,2,E,7,3,A,0,0,M,YAMA,X1A,RS,3,17,,,,,,,1602,,2,,4,677,,,,,,,0,0,000000000,00000000000,0,0,0,1,0,0,0,0,0,0,0,998,0,0,0,12,6,2,12,0,0,0,1,17,61554,6,1,0,0,3,0,999,999,0,0,0,1,0,5,2009,5,2009,1,36,0,0,0,3,4,45,1,1,2,1,0,0,1,51,1,1,1,24,1,0
17,170315,2,2,2,23,5,21,48,12,1,1,0,17,1,12,461,12461,21,1997,1FBHE31L0VHB,1,F,B,H,E,3,1,L,0,V,H,B,0,P,FORD,CLU,SV,97,17,5615,,0,1380,,G,,F,8,330,,,16R225,,,,,,0,0,000000000,00000000000,0,0,0,1,0,0,0,0,0,0,0,998,0,0,0,6,6,2,12,0,0,0,1,17,61554,6,1,0,0,3,0,64,150,0,0,0,0,1,5,2011,5,2011,0,0,0,0,0,3,4,45,1,1,2,1,0,0,1,60,1,1,1,25,0,0
17,170316,1,2,1,8,6,15,31,35,0,1,0,17,1,63,401,63401,14,1999,KNDJB7232X56,K,N,D,J,B,7,2,3,2,X,5,6,0,P,KIA,SPO,UT,99,17,3186,,0,1043,,G,,F,4,122,,,15R205,,,,,,0,0,000000000,00000000000,0,0,0,1,0,0,0,0,0,0,0,998,0,2,1,14,6,2,1,0,0,0,1,17,60435,6,1,0,0,3,0,69,205,0,0,0,0,0,0,0,0,0,1,36,0,0,0,6,1,65,1,6,2,1,0,0,3,9,1,1,4,98,0,0
17,170316,2,2,1,8,6,15,31,35,0,1,0,17,1,53,706,53706,80,2008,JS1GN7EA0821,J,S,1,G,N,7,E,A,0,8,2,1,0,M,SUZI,G60,RC,8,17,,,,,,,599,,4,,4,359,,,,,,,0,0,000000000,00000000000,0,0,0,1,0,0,0,0,0,0,0,998,0,0,0,12,6,2,12,0,0,0,1,17,60544,6,1,0,0,3,0,999,999,0,0,0,0,0,0,0,0,0,0,0,0,0,0,2,2,65,1,1,2,1,0,0,1,55,6,1,2,98,1,0
17,170317,1,1,1,29,2,19,51,8,0,1,0,18,1,21,2,21002,4,1996,1G3HN52K4T48,1,G,3,H,N,5,2,K,4,T,4,8,0,P,OLDS,8LW,4D,96,17,3455,,0,1108,,G,,F,6,231,,,15R205,,,,,,0,0,000000000,00000000000,0,0,0,1,0,0,0,0,0,0,0,998,0,0,0,12,2,1,8,0,0,0,1,18,46406,6,1,0,0,3,0,999,999,0,0,0,0,0,0,0,0,0,0,0,0,0,0,1,4,45,1,1,2,2,0,0,1,80,1,1,1,13,0,0
17,170318,1,1,1,28,3,9,50,8,0,1,0,17,3,82,881,82881,66,2004,1FUJA6AS44LM,1,F,U,J,A,6,A,S,4,4,L,M,1,T,FRHT,COL,TR,4,17,,8,0,0,CON,D,,,6,732,,,,,00000,00,,64,1,57,618375,57618375,3,6,1,1,0,0,0,0,0,0,0,998,0,0,0,5,2,1,8,0,0,0,1,17,60188,6,1,6,3,3,0,67,175,0,0,0,1,0,9,2010,9,2010,0,86,0,0,0,2,4,45,1,2,2,1,0,0,1,80,1,1,1,13,0,0
17,170319,1,1,1,17,5,10,50,34,0,1,0,17,1,72,706,72706,80,2007,1HD1BV5197Y0,1,H,D,1,B,V,5,1,9,7,Y,0,0,M,HD,FXT,RS,7,17,,,,,,,1584,,2,,4,654,,,,,,,0,0,000000000,00000000000,0,0,0,1,0,0,0,0,0,0,0,998,0,0,0,12,6,2,1,0,0,0,1,17,62960,6,1,0,0,3,0,74,238,0,0,0,0,0,0,0,0,0,0,0,0,0,0,1,2,55,2,1,2,2,0,0,14,12,1,1,4,6,1,0
17,170320,1,2,1,15,3,16,28,12,6,1,0,17,1,34,34,34034,2,2006,WBANF33506CS,W,B,A,N,F,3,3,5,0,6,C,S,0,P,BMW,52X,4D,6,17,3627,,0,1137,,G,,F,6,182,,,16R225,,,,,,0,0,000000000,00000000000,0,0,0,1,0,0,0,0,0,0,0,998,0,0,0,9,6,2,12,0,0,0,1,17,60804,6,1,0,0,3,3,65,110,0,0,0,0,0,0,0,0,0,0,38,0,0,0,1,2,40,1,1,2,1,20,3,11,55,1,1,2,82,0,0
17,170320,2,2,1,15,3,16,28,12,6,1,0,17,1,76,705,76705,80,2006,JYARJ12E86A0,J,Y,A,R,J,1,2,E,8,6,A,0,0,M,YAMA,R6L,RC,6,17,,,,,,,599,,4,,4,357,,,,,,,0,0,000000000,00000000000,0,0,0,1,0,0,0,0,0,0,0,998,0,0,0,12,6,2,12,0,0,0,1,17,60804,6,1,0,0,3,0,999,999,0,0,0,0,0,0,0,0,0,1,36,0,0,0,1,2,40,1,1,2,1,0,0,1,66,9,1,1,83,1,1
17,170321,1,1,1,7,4,6,1,32,0,1,0,17,2,37,32,37032,4,1994,1HGCD5633RA0,1,H,G,C,D,5,6,3,3,R,A,0,0,P,HOND,ULE,4D,94,17,2809,,0,1069,,G,,F,4,132,,,14R185,,,,,,0,0,000000000,00000000000,0,0,0,1,0,0,0,0,0,0,0,998,0,1,6,12,6,2,32,0,0,0,1,17,60505,6,1,0,0,3,0,68,180,0,0,0,1,2,9,2011,3,2012,1,36,0,0,0,1,2,55,3,1,2,1,0,0,14,6,9,3,4,2,1,1
17,170322,1,1,7,2,6,13,27,5,0,1,0,17,2,23,481,23481,31,1999,2GTEK19T6X15,2,G,T,E,K,1,9,T,6,X,1,5,0,T,GMC,NK1,3C,99,17,,2,1575,1435,SIE,G,,,8,325,,,,B,5287,00,U,44,0,0,000000000,00000000000,0,0,0,1,0,0,0,0,0,0,0,998,0,0,0,0,0,1,5,0,0,0,1,17,61517,6,1,0,0,3,0,69,210,0,0,0,0,0,0,0,0,0,0,0,0,0,0,1,2,55,1,1,2,1,0,0,1,98,1,1,1,0,1,0
17,170323,1,1,1,24,4,6,0,42,0,1,0,17,1,7,20,7020,4,2001,1B3ES46C51D2,1,B,3,E,S,4,6,C,5,1,D,2,0,P,DODG,NSS,4D,1,17,2585,,0,1050,,G,,F,4,122,,,14R185,,,,,,0,0,000000000,00000000000,0,0,0,1,0,0,0,0,0,0,0,998,0,0,0,12,6,2,42,0,0,0,1,17,60411,6,1,0,0,3,3,70,190,0,0,0,0,1,9,2011,9,2011,0,0,0,0,0,2,2,45,3,1,2,1,0,0,14,13,1,1,4,1,1,1
17,170324,1,1,1,27,5,14,58,52,0,1,0,17,1,72,706,72706,80,1990,1HD1BML16LY0,1,H,D,1,B,M,L,1,6,L,Y,0,0,M,HD,FLF,RS,90,17,,,,,,,1340,,2,,4,650,,,,,,,0,0,000000000,00000000000,0,0,0,1,0,0,0,0,0,0,0,998,0,0,0,12,6,2,52,0,0,0,1,17,60463,6,1,0,0,3,0,71,185,0,0,0,0,0,0,0,0,0,1,36,0,0,0,1,2,55,3,2,2,1,0,0,14,6,8,3,4,2,1,1
17,170325,1,4,2,31,5,14,35,12,6,1,0,17,1,19,3,19003,4,1998,1G6KD54Y9WU8,1,G,6,K,D,5,4,Y,9,W,U,8,0,P,CADI,DFW,4D,98,17,4012,,0,1138,,G,,F,8,279,,,16R225,,,,,,0,0,000000000,00000000000,0,0,0,1,0,0,0,0,0,0,0,998,0,0,0,3,6,2,12,0,0,0,1,17,61832,6,1,0,0,3,0,69,140,0,0,0,0,0,0,0,0,0,0,38,0,0,0,1,2,30,1,1,2,2,20,3,11,55,1,1,2,68,1,0
17,170325,2,4,4,31,5,14,35,12,6,1,0,17,1,12,401,12401,14,2002,1FMZU73E82UC,1,F,M,Z,U,7,3,E,8,2,U,C,0,P,FORD,EPR,UT,2,17,4378,,0,1137,,G,,F,6,245,,,16R235,,,,,,0,0,000000000,00000000000,0,0,0,1,0,0,0,0,0,0,0,998,0,0,0,12,6,2,12,0,0,0,1,17,61832,6,1,0,0,3,3,66,145,0,0,0,1,0,4,2010,4,2010,0,0,0,0,0,1,2,30,1,1,2,2,20,3,1,62,9,1,1,69,0,0
17,170325,3,4,1,31,5,14,35,12,6,1,0,17,1,7,442,7442,20,2002,1B8GP25352B6,1,B,8,G,P,2,5,3,5,2,B,6,0,P,DODG,CAR,SV,2,17,3766,,0,1133,,F,,F,6,201,,,17R215,,,,,,0,0,000000000,00000000000,0,0,0,1,0,0,0,0,0,0,0,0,0,0,0,12,2,1,12,0,0,0,1,17,61876,6,1,0,0,3,3,65,195,0,0,0,1,0,11,2009,11,2009,0,0,0,0,0,1,2,30,1,1,2,2,20,3,5,66,1,1,1,98,0,0
17,170325,4,4,1,31,5,14,35,12,6,1,0,17,1,49,32,49032,2,2000,2T1CG22P7YC3,2,T,1,C,G,2,2,P,7,Y,C,3,0,P,TOYT,CRE,CP,0,17,3120,,0,1051,,G,,F,4,132,,,15R205,,,,,,0,0,000000000,00000000000,0,0,0,1,0,0,0,0,0,0,0,0,0,0,0,12,2,1,12,0,0,0,1,17,61932,6,1,0,0,3,0,65,170,0,0,0,0,0,0,0,0,0,0,0,0,0,0,1,2,30,1,1,2,2,20,3,5,66,1,1,1,98,0,0
17,170326,1,1,1,14,6,14,22,1,0,1,0,29,1,72,706,72706,80,2009,1HD1BW5109Y0,1,H,D,1,B,W,5,1,0,9,Y,0,0,M,HD,STC,RS,9,17,,,,,,,1584,,2,,4,765,,,,,,,0,0,000000000,00000000000,0,0,0,1,0,0,0,0,0,0,0,998,0,0,0,0,6,2,1,0,0,0,1,29,63385,6,1,0,0,3,0,999,999,0,0,0,0,0,0,0,0,0,0,36,0,0,0,1,2,55,1,1,2,1,0,0,1,11,1,1,4,1,1,0
17,170328,1,1,1,3,6,16,50,34,0,1,0,17,1,12,481,12481,31,1999,1FTZX1729XKA,1,F,T,Z,X,1,7,2,9,X,K,A,0,T,FORD,F15,4C,99,17,,1,1571,1385,COF,G,,,6,256,,,,B,00000,00,U,42,0,0,000000000,00000000000,0,0,0,1,0,0,0,0,0,0,0,998,0,1,6,12,6,2,1,0,0,0,1,17,61546,6,1,0,0,3,0,72,200,0,0,0,0,5,9,2009,2,2012,1,36,0,0,0,2,2,30,1,1,2,1,0,0,1,6,9,3,4,2,1,1
17,170329,1,2,1,8,6,12,0,12,1,1,0,17,3,86,881,86881,66,2007,1M1AK06Y87N0,1,M,1,A,K,0,6,Y,8,7,N,0,1,T,MACK,CXN,TR,7,17,,8,0,0,600,D,,,6,728,,,,,00000,00,,64,1,57,55815,5755815,3,6,3,1,0,0,0,0,0,0,0,998,0,0,0,12,6,2,12,0,0,0,1,17,62343,6,1,6,3,3,3,77,260,0,0,0,0,0,0,0,0,0,1,36,0,0,0,1,2,45,1,2,2,1,0,0,1,51,1,1,1,24,0,0
17,170329,2,2,2,8,6,12,0,12,1,1,0,0,0,12,998,12998,92,1972,269003U00784,2,6,9,0,0,3,U,0,0,7,8,4,0,P,FORD,MAV,,72,13,2563,,1099,1030,,,,,,,,,146.45,,,,,,0,0,000000000,00000000000,0,0,0,1,0,0,0,0,0,0,0,998,0,0,0,6,6,2,12,0,0,0,1,17,62664,6,1,0,0,9,9,999,999,99,99,99,99,99,99,9999,99,9999,9,0,0,0,0,1,2,45,1,2,2,1,0,0,1,53,1,1,1,25,2,0
17,170330,1,1,1,10,6,2,17,34,0,1,0,17,2,2,404,2404,14,2004,1J4GW48S94C1,1,J,4,G,W,4,8,S,9,4,C,1,0,T,JEEP,LCF,4W,4,17,,1,0,1059,GCK,G,,,6,244,,,,,3888,02,E,44,0,0,000000000,00000000000,0,0,0,1,0,0,0,0,0,0,0,72,0,1,5,14,6,2,1,0,0,0,1,17,61704,6,1,0,0,3,1,70,175,0,0,0,0,0,0,0,0,0,0,0,0,0,0,1,2,55,1,1,2,1,0,0,1,12,8,1,4,6,1,1
17,170331,1,1,1,8,6,20,45,34,0,1,0,17,1,72,706,72706,80,2003,1HD1PFD153Y9,1,H,D,1,P,F,D,1,5,3,Y,9,0,M,HD,ETA,RS,3,17,,,,,,,1550,,2,,4,999,,,,,,,0,0,000000000,00000000000,0,0,0,1,0,0,0,0,0,0,0,998,0,0,0,14,6,2,34,0,0,0,1,17,61021,6,1,0,0,3,0,71,200,0,0,0,0,0,0,0,0,0,0,0,0,0,0,1,2,55,1,1,2,1,0,0,1,13,1,1,4,1,1,1