STATE,ST_CASE,VEH_NO,VE_FORMS,NUMOCCS,DAY,MONTH,HOUR,MINUTE,HARM_EV,MAN_COLL,UNITTYPE,HIT_RUN,REG_STAT,OWNER,MAKE,MODEL,MAK_MOD,BODY_TYP,MOD_YEAR,VIN,VIN_1,VIN_2,VIN_3,VIN_4,VIN_5,VIN_6,VIN_7,VIN_8,VIN_9,VIN_10,VIN_11,VIN_12,TOW_VEH,VINTYPE,VINMAKE,VINA_MOD,VIN_BT,VINMODYR,VIN_LNGT,VIN_WGT,WGTCD_TR,WHLBS_LG,WHLBS_SH,SER_TR,FUELCODE,MCYCL_DS,CARBUR,CYLINDER,DISPLACE,MCYCL_CY,MCYCL_WT,TIRE_SZE,TON_RAT,TRK_WT,TRKWTVAR,VIN_REST,WHLDRWHL,J_KNIFE,MCARR_I1,MCARR_I2,MCARR_ID,GVWR,V_CONFIG,CARGO_BT,HAZ_INV,HAZ_PLAC,HAZ_ID,HAZ_CNO,HAZ_REL,BUS_USE,SPEC_USE,EMER_USE,TRAV_SP,UNDERIDE,ROLLOVER,ROLINLOC,IMPACT1,DEFORMED,TOWED,M_HARM,VEH_SC1,VEH_SC2,FIRE_EXP,DR_PRES,L_STATE,DR_ZIP,L_STATUS,L_TYPE,CDL_STAT,L_ENDORS,L_COMPL,L_RESTRI,DR_HGT,DR_WGT,PREV_ACC,PREV_SUS,PREV_DWI,PREV_SPD,PREV_OTH,FIRST_MO,FIRST_YR,LAST_MO,LAST_YR,SPEEDREL,DR_SF1,DR_SF2,DR_SF3,DR_SF4,VTRAFWAY,VNUM_LAN,VSPD_LIM,VALIGN,VPROFILE,VPAVETYP,VSURCOND,VTRAFCON,VTCONT_F,P_CRASH1,P_CRASH2,P_CRASH3,PCRASH4,PCRASH5,ACC_TYPE,DEATHS,DR_DRINK
17,170394,1,1,1,17,6,0,20,21,0,1,0,17,2,35,39,35039,4,1996,JN1CA21D7TM4,J,N,1,C,A,2,1,D,7,T,M,4,0,P,NISS,MGS,4D,96,17,2886,,0,1063,,G,,F,6,182,,,15R205,,,,,,0,0,000000000,00000000000,0,0,0,1,0,0,0,0,0,0,0,998,0,0,0,12,6,2,21,0,0,0,1,17,60608,1,1,0,0,2,0,999,999,0,0,0,0,0,0,0,0,0,1,36,87,0,0,3,4,30,3,1,2,2,0,0,14,6,1,4,4,7,1,1
17,170395,1,4,2,10,6,3,57,12,2,1,0,17,2,49,48,49048,5,2005,JTKKT6242500,J,T,K,K,T,6,2,4,2,5,0,0,0,P,TOYT,SXA,4H,5,17,2340,,0,933,,G,,F,4,092,,,15R185,,,,,,0,0,000000000,00000000000,0,0,0,1,0,0,0,0,0,0,0,998,0,0,0,12,6,2,12,0,0,0,1,17,60639,6,1,0,0,3,0,64,120,0,0,0,0,0,0,0,0,0,0,27,51,0,0,1,2,30,1,1,2,1,0,0,6,54,1,1,2,50,0,1
17,170395,2,4,1,10,6,3,57,12,2,1,0,17,1,37,31,37031,3,1988,JHMED8361JS0,J,H,M,E,D,8,3,6,1,J,S,0,0,P,HOND,CHF,2H,88,17,1761,,0,906,,G,,F,4,091,,,13R175,,,,,,0,0,000000000,00000000000,0,0,0,1,0,0,0,0,0,0,0,998,0,0,0,12,6,2,12,0,0,0,1,17,60639,1,1,0,0,2,3,65,130,0,1,0,0,3,4,2010,10,2011,0,0,0,0,0,1,2,30,1,1,2,1,0,0,1,62,9,1,1,51,1,1
17,170395,3,4,1,10,6,3,57,12,2,1,0,17,2,12,402,12402,14,2005,1FMYU94145KA,1,F,M,Y,U,9,4,1,4,5,K,A,0,P,FORD,SPE,UT,5,17,3464,,0,1031,,G,,F,6,183,,,16R235,,,,,,0,0,000000000,00000000000,0,0,0,1,0,0,0,0,0,0,0,998,0,0,0,7,2,1,12,0,0,0,1,17,60641,6,1,0,0,3,3,72,260,0,0,0,0,0,0,0,0,0,0,0,0,0,0,1,2,30,1,1,2,1,0,0,1,61,1,1,1,98,0,0
17,170395,4,4,2,10,6,3,57,12,2,1,0,17,2,7,442,7442,20,2005,1D4GP24RX5B1,1,D,4,G,P,2,4,R,X,5,B,1,0,T,DODG,GCS,ES,5,17,,1,0,1193,CAR,G,,,6,201,,,,,3867,00,E,42,0,0,000000000,00000000000,0,0,0,1,0,0,0,0,0,0,0,998,0,0,0,11,6,2,12,0,0,0,1,17,60618,6,1,0,0,3,3,67,245,1,0,0,0,3,12,2009,6,2012,0,0,0,0,0,1,2,30,1,1,2,1,0,0,1,61,9,1,1,98,0,0
17,170396,1,1,1,28,6,6,19,34,0,1,0,17,2,12,37,12037,4,2006,1FAFP37N66W2,1,F,A,F,P,3,7,N,6,6,W,2,0,P,FORD,FX5,4H,6,17,2729,,0,1029,,G,,F,4,122,,,15R195,,,,,,0,0,000000000,00000000000,0,0,0,1,0,0,0,0,0,0,0,998,0,1,5,12,6,2,1,0,0,0,1,17,62264,6,1,0,0,3,1,67,160,0,0,0,0,0,0,0,0,0,0,0,0,0,0,1,2,55,1,1,2,1,0,0,1,11,1,1,4,1,1,0
17,170397,1,1,1,21,6,9,49,11,0,1,0,17,1,72,706,72706,80,2006,1HD1KBW166Y6,1,H,D,1,K,B,W,1,6,6,Y,6,0,M,HD,FHI,RS,6,17,,,,,,,1450,,2,,4,745,,,,,,,0,0,000000000,00000000000,0,0,0,1,0,0,0,0,0,0,0,998,0,0,0,12,6,2,11,0,0,1,1,17,62320,6,1,0,0,3,3,74,225,0,0,0,0,0,0,0,0,0,0,83,0,0,0,1,2,55,1,1,2,1,0,0,1,87,9,1,1,13,1,0
17,170398,1,1,1,21,6,17,51,8,0,1,0,17,1,2,403,2403,14,2005,1J4FA69S05P3,1,J,4,F,A,6,9,S,0,5,P,3,0,T,JEEP,WRB,2W,5,17,,1,0,934,W/T,G,,,6,244,,,,,3658,00,E,44,0,0,000000000,00000000000,0,0,0,1,0,0,0,0,0,0,0,998,0,0,0,12,2,1,8,0,0,0,1,17,61548,6,1,0,0,3,0,999,999,0,0,0,0,0,0,0,0,0,0,86,0,0,0,1,4,30,1,1,2,1,0,0,1,80,1,1,1,13,0,0
17,170399,1,3,2,22,6,13,18,12,2,1,0,17,1,12,16,12016,4,2006,2FAHP74V46X1,2,F,A,H,P,7,4,V,4,6,X,1,0,P,FORD,CVR,4D,6,17,3964,,0,1147,,F,,F,8,281,,,16R225,,,,,,0,0,000000000,00000000000,0,0,0,1,0,0,0,0,0,0,0,51,0,0,0,12,6,2,12,0,0,0,1,17,62896,6,1,0,0,3,0,66,210,0,0,0,0,0,0,0,0,0,0,51,28,0,0,1,2,55,1,3,2,1,0,0,1,10,1,1,2,50,0,0
17,170399,2,3,1,22,6,13,18,12,2,1,0,17,2,6,52,6052,6,2008,3A8FY58B88T1,3,A,8,F,Y,5,8,B,8,8,T,1,0,P,CHRY,PTC,SV,8,17,3076,,0,1030,,G,,F,4,148,,,16R205,,,,,,0,0,000000000,00000000000,0,0,0,1,0,0,0,0,0,0,0,998,0,0,0,12,6,2,12,0,0,0,1,17,62948,6,1,0,0,3,3,68,240,0,0,0,0,0,0,0,0,0,0,0,0,0,0,1,2,55,1,3,2,1,0,0,1,62,3,1,1,51,1,0
17,170399,3,3,5,22,6,13,18,12,2,1,0,17,1,12,442,12442,20,1995,2FMDA5148SBC,2,F,M,D,A,5,1,4,8,S,B,C,0,T,FORD,WWG,ES,95,17,,1,0,1207,WIN,G,,,6,232,,,,B,3720,00,E,42,0,0,000000000,00000000000,0,0,0,1,0,0,0,0,0,0,0,998,0,0,0,12,6,2,12,0,0,0,1,17,62896,6,1,0,0,3,3,62,125,0,0,0,0,2,9,2010,9,2011,0,0,0,0,0,1,2,55,1,3,2,1,0,0,1,52,9,1,1,98,0,0
17,170400,1,1,1,23,6,15,55,31,0,1,0,17,1,72,706,72706,80,2010,1HD1FC417AB6,1,H,D,1,F,C,4,1,7,A,B,6,0,M,HD,FTU,RS,10,17,,,,,,,1584,,2,,4,889,,,,,,,0,0,000000000,00000000000,0,0,0,1,0,0,0,0,0,0,0,998,0,0,0,12,6,2,31,0,0,0,1,17,61341,6,1,0,0,3,3,66,240,0,0,0,0,1,12,2010,12,2010,0,27,0,0,0,2,2,55,3,1,2,1,0,0,14,13,9,1,4,1,1,1
17,170401,1,2,1,22,6,22,13,12,6,1,0,17,1,76,705,76705,80,2009,JYARJ16EX9A0,J,Y,A,R,J,1,6,E,X,9,A,0,0,M,YAMA,R6L,RC,9,17,,,,,,,599,,4,,4,414,,,,,,,0,0,000000000,00000000000,0,0,0,1,0,0,0,0,0,0,0,998,0,0,0,12,6,2,12,0,0,0,1,17,62702,6,1,0,0,3,3,74,185,0,0,0,0,0,0,0,0,0,0,0,0,0,0,1,2,30,1,1,2,1,0,0,1,55,9,1,1,69,0,0
17,170401,2,2,1,22,6,22,13,12,6,1,0,17,1,76,706,76706,80,2001,JYARN05E11A0,J,Y,A,R,N,0,5,E,1,1,A,0,0,M,YAMA,YFR,RC,1,17,,,,,,,998,,4,,4,385,,,,,,,0,0,000000000,00000000000,0,0,0,1,0,0,0,0,0,0,0,998,0,0,0,7,6,2,12,0,0,0,1,17,62702,6,1,0,0,3,0,74,185,0,0,0,0,0,0,0,0,0,0,38,0,0,0,1,2,30,1,1,2,1,0,0,11,55,1,1,2,68,1,1
17,170402,1,1,2,1,7,2,2,39,0,1,0,17,2,55,35,55035,4,2010,KMHDU4AD2AU1,K,M,H,D,U,4,A,D,2,A,U,1,0,P,HYUN,BGS,4D,10,17,2723,,0,1043,,G,,F,4,121,,,15R195,,,,,,0,0,000000000,00000000000,0,0,0,1,0,0,0,0,0,0,0,998,0,0,0,12,6,2,42,0,0,0,1,17,60098,6,2,0,0,3,0,68,170,0,0,0,0,0,0,0,0,0,1,36,0,0,0,1,2,55,1,1,2,1,0,0,1,12,1,2,4,7,2,0
17,170403,1,2,2,23,6,23,7,12,6,1,0,17,1,72,706,72706,80,1999,1HD1BHL19XY0,1,H,D,1,B,H,L,1,9,X,Y,0,0,M,HD,FXT,RS,99,17,,,,,,,1340,,2,,4,596,,,,,,,0,0,000000000,00000000000,0,0,0,1,0,0,0,0,0,0,0,998,0,0,0,3,6,2,12,0,0,0,1,17,60638,6,1,0,0,3,3,75,225,0,0,0,0,0,0,0,0,0,0,38,0,0,0,2,4,99,1,1,2,1,0,0,11,17,1,1,2,68,1,1
17,170403,2,2,2,23,6,23,7,12,6,1,0,17,1,2,403,2403,14,2006,1J4FA69S96P7,1,J,4,F,A,6,9,S,9,6,P,7,0,T,JEEP,WRB,2W,6,17,,1,0,934,W/T,G,,,6,244,,,,,3668,00,E,44,0,0,000000000,00000000000,0,0,0,1,0,0,0,0,0,0,0,998,0,0,0,12,6,2,12,0,0,0,1,17,60435,6,1,0,0,3,0,63,113,0,0,0,0,0,0,0,0,0,0,0,0,0,0,2,4,99,1,1,2,1,0,0,1,55,9,1,1,69,0,0
17,170404,1,1,1,24,6,14,50,21,0,1,0,48,1,7,482,7482,31,2003,1D7HA16N03J5,1,D,7,H,A,1,6,N,0,3,J,5,0,T,DODG,S15,PK,3,17,,2,1405,1205,RPC,G,,,8,287,,,,B,4378,03,E,42,0,0,000000000,00000000000,0,0,0,1,0,0,0,0,0,0,0,998,0,0,0,12,6,2,21,0,0,0,1,48,77301,6,1,0,0,3,0,999,999,0,0,0,0,0,0,0,0,0,0,28,0,0,0,2,2,99,1,1,2,1,0,0,16,13,1,1,4,1,1,1
17,170405,1,2,1,24,6,22,32,12,2,1,0,17,1,12,481,12481,31,2005,1FTPW12535KB,1,F,T,P,W,1,2,5,3,5,K,B,0,T,FORD,F1S,CW,5,17,,2,1450,1260,COF,G,,,8,330,,,,B,5281,00,U,42,0,0,000000000,00000000000,0,0,0,1,0,0,0,0,0,0,0,998,0,1,6,12,6,2,12,0,0,0,1,17,60433,0,0,0,0,0,0,999,999,99,99,99,99,99,99,9999,99,9999,0,28,52,51,0,2,2,55,1,1,2,1,0,0,1,10,1,1,2,50,1,1
17,170405,2,2,1,24,6,22,32,12,2,1,0,17,1,7,470,7470,28,1999,2B6HB11X1XK5,2,B,6,H,B,1,1,X,1,X,K,5,0,T,DODG,15B,CG,99,17,,2,1272,1093,RMV,G,,,6,239,,,,B,4009,03,U,42,0,0,000000000,00000000000,0,0,0,1,0,0,0,0,0,0,0,998,0,0,0,12,6,2,12,0,0,0,1,17,60914,6,1,0,0,3,3,65,200,0,0,0,0,0,0,0,0,0,0,0,0,0,0,2,2,55,1,1,2,1,0,0,1,62,1,1,1,51,0,0
17,170406,1,1,2,21,6,23,39,8,0,1,0,17,1,20,481,20481,31,2007,3GCEK13M77G5,3,G,C,E,K,1,3,M,7,7,G,5,0,T,CHEV,1KW,CW,7,17,,2,0,1435,SIL,G,,,8,323,,,,B,5371,00,,44,0,0,000000000,00000000000,0,0,0,1,0,0,0,0,0,0,0,998,0,0,0,12,4,3,8,0,0,0,1,17,61832,6,1,0,0,3,0,70,185,0,0,0,0,0,0,0,0,0,0,86,0,0,0,3,4,45,1,1,2,1,0,0,1,80,1,1,1,13,0,0
17,170407,1,2,1,23,6,2,32,12,1,1,0,17,1,98,706,98706,80,2003,4MZAX12J4334,4,M,Z,A,X,1,2,J,4,3,3,4,0,U,,,,3,17,,,,,,,,,,,,,,,,,,,0,0,000000000,00000000000,0,0,0,1,0,0,0,0,0,0,0,999,0,0,0,12,6,2,12,0,0,0,1,17,62301,6,1,0,0,3,0,72,130,0,0,0,0,0,0,0,0,0,1,52,0,0,0,1,2,30,1,1,2,1,0,0,1,50,3,2,1,20,1,0
17,170407,2,2,2,23,6,2,32,12,1,1,0,17,1,14,401,14401,14,2005,4M2CU57115DJ,4,M,2,C,U,5,7,1,1,5,D,J,0,P,MERC,MRN,UT,5,17,3409,,0,1031,,G,,F,6,183,,,16R235,,,,,,0,0,000000000,00000000000,0,0,0,1,0,0,0,0,0,0,0,0,0,0,0,6,2,1,12,0,0,0,1,17,62301,6,1,0,0,3,0,67,200,0,0,0,0,0,0,0,0,0,0,0,0,0,0,1,2,30,1,1,2,1,0,0,5,53,1,9,1,21,0,0
17,170409,1,1,1,23,6,2,21,8,0,1,0,17,1,12,402,12402,14,2006,1FMYU02Z26KB,1,F,M,Y,U,0,2,Z,2,6,K,B,0,P,FORD,SPE,UT,6,17,3183,,0,1031,,G,,F,4,140,,,15R225,,,,,,0,0,000000000,00000000000,0,0,0,1,0,0,0,0,0,0,0,35,0,0,0,12,4,3,8,0,0,0,1,17,60543,6,1,0,0,3,3,74,160,0,0,0,0,0,0,0,0,0,1,86,0,0,0,1,2,40,1,1,2,1,0,0,1,80,1,1,1,13,0,0
17,170410,1,2,1,23,6,17,29,12,6,1,0,17,1,50,705,50705,80,2004,SMT810GM64J1,S,M,T,8,1,0,G,M,6,4,J,1,0,M,TRUM,DAS,RC,4,17,,,,,,,599,,4,,4,363,,,,,,,0,0,000000000,00000000000,0,0,0,1,0,0,0,0,0,0,0,998,0,0,0,12,6,2,12,0,0,0,1,17,62294,6,1,0,0,3,0,66,155,0,0,0,0,0,0,0,0,0,1,0,0,0,0,1,2,55,1,1,2,1,0,0,6,55,1,1,2,69,1,1
17,170410,2,2,1,23,6,17,29,12,6,1,0,12,1,7,482,7482,31,2004,1D7HA18D84S5,1,D,7,H,A,1,8,D,8,4,S,5,0,T,DODG,SQ1,CW,4,17,,2,1605,1405,RPC,G,,,8,345,,,,B,4820,01,E,42,0,0,000000000,00000000000,0,0,0,1,0,0,0,0,0,0,0,998,0,0,0,9,6,2,12,0,0,0,1,12,33403,6,1,0,0,3,0,69,999,0,0,0,0,1,5,2012,5,2012,0,0,0,0,0,1,2,55,1,1,2,1,0,0,11,55,1,1,2,68,0,0
17,170412,1,4,6,24,6,14,35,12,1,1,0,39,1,12,442,12442,20,2002,2FMZA53442BB,2,F,M,Z,A,5,3,4,4,2,B,B,0,T,FORD,WSL,ES,2,17,,1,0,1207,WIN,G,,,6,232,,,,B,4291,00,E,42,0,0,000000000,00000000000,0,0,0,1,0,0,0,0,0,0,0,998,0,0,0,12,6,2,12,0,0,0,1,39,43402,6,1,0,0,3,1,70,210,0,0,0,0,0,0,0,0,0,0,28,0,0,0,2,4,65,1,1,1,1,0,0,98,11,9,1,2,32,0,0
17,170412,2,4,2,24,6,14,35,12,1,1,0,18,2,55,401,55401,14,2007,5NMSG13D17H0,5,N,M,S,G,1,3,D,1,7,H,0,0,P,HYUN,SAN,UT,7,17,3727,,0,1063,,G,,F,6,162,,,16R235,,,,,,0,0,000000000,00000000000,0,0,0,1,0,0,0,0,0,0,0,998,0,0,0,6,6,2,12,0,0,0,1,18,46507,6,1,0,0,3,1,64,170,0,0,0,0,0,0,0,0,0,0,0,0,0,0,2,4,65,1,1,1,1,0,0,1,60,1,1,1,32,0,0
17,170412,3,4,3,24,6,14,35,12,1,1,0,17,2,20,23,20023,6,2007,3GNDA23D77S6,3,G,N,D,A,2,3,D,7,7,S,6,0,P,CHEV,HHR,UT,7,17,3155,,0,1035,,G,,F,4,134,,,16R215,,,,,,0,0,000000000,00000000000,0,0,0,1,0,0,0,0,0,0,0,998,0,0,0,9,6,2,12,0,0,0,1,17,61364,6,1,0,0,3,0,73,220,0,0,0,0,0,0,0,0,0,0,0,0,0,0,2,4,65,1,1,1,1,0,0,1,64,1,1,1,98,1,0
17,170412,4,4,1,24,6,14,35,12,1,1,0,27,2,30,40,30040,4,2005,3VWDF71K75M6,3,V,W,D,F,7,1,K,7,5,M,6,0,P,VOLK,OP2,4D,5,17,3118,,0,1015,,G,,F,5,151,,,16R205,,,,,,0,0,000000000,00000000000,0,0,0,1,0,0,0,0,0,0,0,998,0,0,0,6,6,2,12,0,0,0,1,27,55317,6,1,0,0,3,0,66,130,0,0,0,0,0,0,0,0,0,0,0,0,0,0,2,4,65,1,1,1,1,0,0,1,64,1,1,1,98,0,0
17,170413,1,1,2,23,6,1,37,34,0,1,0,17,2,22,32,22032,6,2006,5Y2SL658X6Z4,5,Y,2,S,L,6,5,8,X,6,Z,4,0,P,PONT,VIB,4H,6,17,2700,,0,1024,,G,,F,4,110,,,16R205,,,,,,0,0,000000000,00000000000,0,0,0,1,0,0,0,0,0,0,0,998,0,0,0,12,6,2,34,0,0,0,1,17,62959,6,1,0,0,3,0,71,220,0,0,0,0,0,0,0,0,0,1,36,0,0,0,2,2,55,1,1,2,1,0,0,1,6,9,3,4,2,1,0
17,170414,1,1,1,23,6,2,23,42,0,1,0,17,2,20,2,20002,4,2004,2G1WF52E2493,2,G,1,W,F,5,2,E,2,4,9,3,0,P,CHEV,IMP,4D,4,17,3389,,0,1105,,G,,F,6,207,,,16R225,,,,,,0,0,000000000,00000000000,0,0,0,1,0,0,0,0,0,0,0,53,0,0,0,12,6,2,2,0,0,1,1,17,61776,6,1,0,0,3,0,74,224,0,0,0,2,0,11,2010,4,2012,1,36,0,0,0,2,2,45,2,1,2,1,0,0,14,6,1,3,4,2,1,1
17,170415,1,1,2,24,6,1,57,8,0,1,1,17,2,35,47,35047,4,2003,1N4AL11D43C1,1,N,4,A,L,1,1,D,4,3,C,1,0,P,NISS,ABS,4D,3,17,2913,,0,1102,,G,,F,4,153,,,16R205,,,,,,0,0,000000000,00000000000,0,0,0,1,0,0,0,0,0,0,0,998,0,0,0,12,4,3,8,0,0,0,1,17,61701,6,1,0,0,3,0,61,115,1,0,0,2,2,9,2009,1,2012,1,36,86,0,0,1,2,30,1,1,2,1,2,3,1,80,1,1,1,13,0,1
17,170418,1,1,2,27,6,11,52,35,0,1,0,17,2,22,2,22002,4,2003,1G2HY52K5341,1,G,2,H,Y,5,2,K,5,3,4,1,0,P,PONT,BSL,4D,3,17,3678,,0,1122,,G,,F,6,231,,,17R235,,,,,,0,0,000000000,00000000000,0,0,0,1,0,0,0,0,0,0,0,998,0,0,0,12,6,2,35,0,0,0,1,17,62839,6,1,0,0,3,0,69,135,0,0,0,0,5,5,2010,2,2012,1,36,0,0,0,2,2,55,1,1,2,1,0,0,1,6,1,4,4,7,2,0
17,170419,1,2,1,22,6,15,41,12,6,1,0,17,3,18,20,18020,4,2002,2G4WB52K3211,2,G,4,W,B,5,2,K,3,2,1,1,0,P,BUIC,RLS,4D,2,17,3438,,0,1090,,G,,F,6,231,,,15R215,,,,,,0,0,000000000,00000000000,0,0,0,1,0,0,0,0,0,0,0,998,0,0,0,2,2,1,12,0,0,0,1,17,61032,6,1,0,0,3,0,65,180,0,0,0,0,0,0,0,0,0,0,38,0,0,0,1,2,30,1,3,2,1,2,3,11,17,1,1,2,68,0,0
17,170419,2,2,1,22,6,15,41,12,6,1,0,17,1,53,705,53705,80,1999,JS1GN79A6X21,J,S,1,G,N,7,9,A,6,X,2,1,0,M,SUZI,GX6,RC,99,17,,,,,,,600,,4,,4,458,,,,,,,0,0,000000000,00000000000,0,0,0,1,0,0,0,0,0,0,0,998,0,0,0,12,6,2,12,0,0,0,1,17,61032,6,1,0,0,3,0,68,150,0,0,0,0,0,0,0,0,0,0,0,0,0,0,1,2,30,1,3,2,1,2,3,1,55,1,1,1,69,1,0
17,170421,1,1,1,30,6,4,30,34,0,1,0,17,1,49,402,49402,14,1997,JT3GP10V3V00,J,T,3,G,P,1,0,V,3,V,0,0,0,P,TOYT,RV4,UT,97,17,2612,,0,949,,G,,F,4,122,,,16R215,,,,,,0,0,000000000,00000000000,0,0,0,1,0,0,0,0,0,0,0,998,0,1,6,12,6,2,1,0,0,0,1,17,61007,6,1,0,0,3,0,70,190,0,0,0,0,0,0,0,0,0,1,36,0,0,0,1,2,55,1,1,2,1,20,3,1,6,1,1,4,6,1,1
17,170422,1,2,2,21,6,9,7,12,6,1,0,53,2,7,482,7482,31,1997,3B7HF13Z8VG7,3,B,7,H,F,1,3,Z,8,V,G,7,0,T,DODG,150,PC,97,17,,2,1547,1387,RPC,G,,,8,360,,,,B,4764,01,M,44,0,0,000000000,00000000000,0,0,0,1,0,0,0,0,0,0,0,998,0,0,0,9,2,1,12,0,0,0,1,48,60649,1,1,0,0,2,0,999,999,0,1,0,0,0,5,2010,5,2010,0,38,0,0,0,1,2,30,1,1,2,1,0,0,8,10,1,1,2,48,0,0
17,170422,2,2,1,21,6,9,7,12,6,1,0,17,1,73,705,73705,80,2009,JKAEREC159DA,J,K,A,E,R,E,C,1,5,9,D,A,0,M,KAWK,ER6,RC,9,17,,,,,,,649,,2,,4,442,,,,,,,0,0,000000000,00000000000,0,0,0,1,0,0,0,0,0,0,0,0,0,0,0,12,6,2,12,0,0,0,1,17,60612,6,1,0,0,3,0,72,190,0,0,0,0,0,0,0,0,0,0,0,0,0,0,1,2,30,1,1,2,1,0,0,1,61,8,1,1,48,1,0
17,170423,1,1,1,3,6,17,44,42,0,1,0,17,1,37,706,37706,80,2006,JH2SC57026M2,J,H,2,S,C,5,7,0,2,6,M,2,0,M,HOND,CBS,RC,6,17,,,,,,,998,,4,,4,388,,,,,,,0,0,000000000,00000000000,0,0,0,1,0,0,0,0,0,0,0,37,0,0,0,12,6,2,42,0,0,0,1,17,60918,6,1,0,0,3,0,73,165,0,0,0,0,0,0,0,0,0,1,36,0,0,0,1,2,20,1,1,2,1,0,0,1,6,8,4,4,7,1,1
17,170424,1,2,1,11,6,10,15,12,8,1,0,17,1,18,22,18022,4,2005,2G4WC5327513,2,G,4,W,C,5,3,2,7,5,1,3,0,P,BUIC,LCX,4D,5,17,3495,,0,1138,,G,,F,6,232,,,16R225,,,,,,0,0,000000000,00000000000,0,0,0,1,0,0,0,0,0,0,0,998,0,0,0,11,6,2,12,0,0,0,1,17,62012,6,1,0,0,3,0,63,140,0,0,0,0,0,0,0,0,0,0,87,51,0,0,1,2,55,1,1,2,2,0,0,1,10,1,1,2,64,1,0
17,170424,2,2,1,11,6,10,15,12,8,1,0,17,1,12,3,12003,2,1998,1FAFP4049WF2,1,F,A,F,P,4,0,4,9,W,F,2,0,P,FORD,MUS,CP,98,17,3065,,0,1013,,G,,F,6,232,,,15R205,,,,,,0,0,000000000,00000000000,0,0,0,1,0,0,0,0,0,0,0,998,0,0,0,11,6,2,12,0,0,0,1,17,62052,6,2,0,0,3,0,67,125,0,0,0,0,0,0,0,0,0,0,87,0,0,0,1,2,55,1,1,2,2,0,0,1,62,1,1,1,65,0,0
17,170425,1,1,1,13,6,21,4,8,0,1,0,17,1,18,3,18003,4,1998,1G4CW52K7W46,1,G,4,C,W,5,2,K,7,W,4,6,0,P,BUIC,PKA,4D,98,17,3645,,0,1138,,G,,F,6,231,,,16R225,,,,,,0,0,000000000,00000000000,0,0,0,1,0,0,0,0,0,0,0,998,0,0,0,12,4,3,8,0,0,0,1,17,60074,6,1,0,0,3,3,60,165,0,0,0,0,0,0,0,0,0,0,86,0,0,0,2,4,35,1,1,2,1,0,0,1,80,1,1,1,13,0,0
17,170426,1,1,1,1,7,22,47,34,0,1,0,55,2,37,706,37706,80,2002,JH2SC50002M0,J,H,2,S,C,5,0,0,0,2,M,0,0,M,HOND,CR9,RC,2,17,,,,,,,954,,4,,4,999,,,,,,,0,0,000000000,00000000000,0,0,0,1,0,0,0,0,0,0,0,100,0,0,0,12,6,2,34,0,0,0,1,55,53511,6,1,0,0,3,0,999,999,0,0,0,0,0,0,0,0,0,1,36,0,0,0,1,4,45,3,2,2,1,0,0,14,6,1,2,4,2,1,0
17,170427,1,1,1,9,6,14,45,38,0,1,0,17,1,63,33,63033,4,2003,KNAFB1219352,K,N,A,F,B,1,2,1,9,3,5,2,0,P,KIA,STL,4D,3,17,2661,,0,1008,,G,,F,4,109,,,14R185,,,,,,0,0,000000000,00000000000,0,0,0,1,0,0,0,0,0,0,0,998,0,0,0,12,6,2,42,0,0,0,1,17,60649,6,1,0,0,3,0,64,137,0,0,0,0,0,0,0,0,0,0,0,0,0,0,1,2,30,1,1,2,1,0,0,1,10,1,1,4,6,1,1
17,170428,1,1,1,2,7,1,1,24,0,1,0,17,1,52,34,52034,4,2004,4A3AB36F24E1,4,A,3,A,B,3,6,F,2,4,E,1,0,P,MITS,ELM,4D,4,17,3351,,0,1083,,G,,F,4,146,,,16R215,,,,,,0,0,000000000,00000000000,0,0,0,1,0,0,0,0,0,0,0,998,0,0,0,12,6,2,25,0,0,1,1,17,61944,6,1,0,0,3,0,64,135,0,0,0,1,0,3,2010,3,2010,0,28,0,0,0,3,4,65,3,1,1,1,0,0,14,13,8,1,4,1,1,1
17,170429,1,1,1,4,7,11,15,1,0,1,0,55,2,35,401,35401,14,1999,JN8AR05YXXW3,J,N,8,A,R,0,5,Y,X,X,W,3,0,P,NISS,PFI,UT,99,17,3826,,0,1063,,G,,F,6,201,,,15R235,,,,,,0,0,000000000,00000000000,0,0,0,1,0,0,0,0,0,0,0,998,0,2,6,0,6,2,1,0,0,0,1,17,60417,2,1,0,0,2,0,999,999,0,0,0,0,0,0,0,0,0,0,0,0,0,0,1,2,99,1,1,2,1,0,0,1,11,1,1,4,1,1,0
17,170430,1,1,2,7,7,16,8,1,0,1,0,19,1,76,706,76706,80,1997,JYAVP22EX7A0,J,Y,A,V,P,2,2,E,X,7,A,0,0,M,YAMA,XCT,RS,7,17,,,,,,,1854,,2,,4,758,,,,,,,0,0,000000000,00000000000,0,0,0,1,0,0,0,0,0,0,0,52,0,0,0,0,6,2,1,0,0,0,1,19,52804,6,1,0,0,3,0,66,150,0,0,0,0,0,0,0,0,0,1,36,0,0,0,2,2,55,3,1,2,1,0,0,14,6,1,3,4,2,1,1
17,170431,1,3,1,8,7,17,19,12,1,1,0,18,1,72,706,72706,80,2008,1HD1BW5118Y0,1,H,D,1,B,W,5,1,1,8,Y,0,0,M,HD,STC,RS,8,17,,,,,,,1584,,2,,4,750,,,,,,,0,0,000000000,00000000000,0,0,0,1,0,0,0,0,0,0,0,998,0,0,0,12,6,2,12,0,0,0,1,18,46406,6,1,0,0,3,0,67,150,0,0,0,0,0,0,0,0,0,0,0,0,0,0,1,2,50,3,2,2,1,0,0,14,51,1,1,1,24,1,1