STATE,ST_CASE,VEH_NO,VE_FORMS,NUMOCCS,DAY,MONTH,HOUR,MINUTE,HARM_EV,MAN_COLL,UNITTYPE,HIT_RUN,REG_STAT,OWNER,MAKE,MODEL,MAK_MOD,BODY_TYP,MOD_YEAR,VIN,VIN_1,VIN_2,VIN_3,VIN_4,VIN_5,VIN_6,VIN_7,VIN_8,VIN_9,VIN_10,VIN_11,VIN_12,TOW_VEH,VINTYPE,VINMAKE,VINA_MOD,VIN_BT,VINMODYR,VIN_LNGT,VIN_WGT,WGTCD_TR,WHLBS_LG,WHLBS_SH,SER_TR,FUELCODE,MCYCL_DS,CARBUR,CYLINDER,DISPLACE,MCYCL_CY,MCYCL_WT,TIRE_SZE,TON_RAT,TRK_WT,TRKWTVAR,VIN_REST,WHLDRWHL,J_KNIFE,MCARR_I1,MCARR_I2,MCARR_ID,GVWR,V_CONFIG,CARGO_BT,HAZ_INV,HAZ_PLAC,HAZ_ID,HAZ_CNO,HAZ_REL,BUS_USE,SPEC_USE,EMER_USE,TRAV_SP,UNDERIDE,ROLLOVER,ROLINLOC,IMPACT1,DEFORMED,TOWED,M_HARM,VEH_SC1,VEH_SC2,FIRE_EXP,DR_PRES,L_STATE,DR_ZIP,L_STATUS,L_TYPE,CDL_STAT,L_ENDORS,L_COMPL,L_RESTRI,DR_HGT,DR_WGT,PREV_ACC,PREV_SUS,PREV_DWI,PREV_SPD,PREV_OTH,FIRST_MO,FIRST_YR,LAST_MO,LAST_YR,SPEEDREL,DR_SF1,DR_SF2,DR_SF3,DR_SF4,VTRAFWAY,VNUM_LAN,VSPD_LIM,VALIGN,VPROFILE,VPAVETYP,VSURCOND,VTRAFCON,VTCONT_F,P_CRASH1,P_CRASH2,P_CRASH3,PCRASH4,PCRASH5,ACC_TYPE,DEATHS,DR_DRINK
17,170431,2,3,1,8,7,17,19,12,1,1,0,17,1,72,706,72706,80,1990,1HD4CEM15LY1,1,H,D,4,C,E,M,1,5,L,Y,1,0,M,HD,X8H,RS,90,17,,,,,,,883,,2,,4,463,,,,,,,0,0,000000000,00000000000,0,0,0,1,0,0,0,0,0,0,0,998,0,0,0,6,6,2,12,0,0,0,1,17,60417,6,1,0,0,3,0,71,180,0,0,0,0,1,9,2011,9,2011,0,52,0,0,0,1,2,50,3,2,2,1,0,0,14,53,1,1,1,25,0,0
17,170431,3,3,2,8,7,17,19,12,1,1,0,17,1,6,441,6441,20,2006,2A4GP54L96R8,2,A,4,G,P,5,4,L,9,6,R,8,0,T,CHRY,TOU,ES,6,17,,1,0,1193,TWC,G,,,6,230,,,,,4267,00,,42,0,0,000000000,00000000000,0,0,0,1,0,0,0,0,0,0,0,998,0,0,0,12,6,2,12,0,0,0,1,17,60417,6,1,0,0,3,3,71,210,0,0,0,0,0,0,0,0,0,0,0,0,0,0,1,2,50,2,2,2,1,0,0,14,62,1,1,1,98,0,0
17,170432,1,2,1,8,7,6,23,12,6,1,0,17,1,12,481,12481,31,2007,1FTPX14V47FA,1,F,T,P,X,1,4,V,4,7,F,A,0,T,FORD,F15,4C,7,17,,2,1630,1330,COF,F,,,8,329,,,,B,4297,16,E,44,0,0,000000000,00000000000,0,0,0,1,0,0,0,0,0,0,0,998,0,0,0,12,6,2,12,0,0,0,1,17,60462,6,1,0,0,3,0,72,200,0,0,0,0,1,9,2010,9,2010,1,39,38,36,0,3,4,55,1,1,2,1,1,3,1,17,1,1,2,88,0,1
17,170432,2,2,1,8,7,6,23,12,6,1,0,17,1,12,401,12401,14,2004,1FMZU67K24UB,1,F,M,Z,U,6,7,K,2,4,U,B,0,P,FORD,EPR,UT,4,17,4135,,0,1259,,F,,F,6,245,,,16R235,,,,,,0,0,000000000,00000000000,0,0,0,1,0,0,0,0,0,0,0,998,0,0,0,11,6,2,12,0,0,0,1,17,60441,6,1,0,0,3,3,66,120,0,0,0,0,0,0,0,0,0,0,0,0,0,0,3,4,55,1,1,2,1,1,3,1,55,1,1,1,89,1,0
17,170433,1,1,1,5,7,3,30,42,0,1,0,17,1,22,20,22020,4,2006,2G2WP5522611,2,G,2,W,P,5,5,2,2,6,1,1,0,P,PONT,GRA,4D,6,17,3477,,0,1105,,G,,F,6,232,,,16R225,,,,,,0,0,000000000,00000000000,0,0,0,1,0,0,0,0,0,0,0,998,0,0,0,12,6,2,42,0,0,0,1,17,60153,6,1,0,0,3,3,73,220,0,0,0,0,0,0,0,0,0,0,36,0,0,0,2,4,30,1,1,2,1,0,0,98,10,1,1,4,6,1,1
17,170434,1,1,1,12,7,23,52,42,0,1,0,17,1,12,461,12461,21,2010,1FTNE2EW5ADA,1,F,T,N,E,2,E,W,5,A,D,A,0,T,FORD,25V,CG,10,17,,2,0,1380,VAN,G,,,8,281,,,,C,5080,00,E,42,0,0,000000000,00000000000,0,0,0,1,0,0,0,0,0,0,0,998,0,1,6,12,6,2,1,0,0,0,1,17,60123,6,1,0,0,3,3,65,200,0,0,0,0,0,0,0,0,0,1,36,0,0,0,1,2,99,1,1,2,1,0,0,1,6,8,4,4,7,1,1
17,170435,1,1,3,13,7,4,30,34,0,1,0,17,1,23,481,23481,31,1994,1GTEK14KXRE5,1,G,T,E,K,1,4,K,X,R,E,5,0,T,GMC,SK1,PK,94,17,,2,1315,1175,SIE,G,,,8,350,,,,B,00000,00,A,44,0,0,000000000,00000000000,0,0,0,1,0,0,0,0,0,0,0,998,0,1,6,12,6,2,1,0,0,0,1,17,62681,6,1,0,0,3,3,67,146,0,0,0,1,2,4,2010,12,2010,1,0,0,0,0,1,2,55,2,1,2,1,0,0,14,13,1,1,4,1,1,1
17,170436,1,1,1,24,6,2,12,8,0,1,0,17,1,49,32,49032,4,2009,1NXBU40E49Z0,1,N,X,B,U,4,0,E,4,9,Z,0,0,P,TOYT,CBL,4D,9,17,2723,,0,1024,,G,,F,4,110,,,15R195,,,,,,0,0,000000000,00000000000,0,0,0,1,0,0,0,0,0,0,0,998,0,0,0,12,2,3,8,0,0,0,1,17,62269,6,1,0,0,3,3,65,130,0,0,0,0,0,0,0,0,0,0,86,0,0,0,3,6,55,1,1,1,1,0,0,1,80,1,1,1,13,0,1
17,170437,1,1,1,2,7,0,10,25,0,1,0,17,1,72,706,72706,80,1974,2A32769H4,2,A,3,2,7,6,9,H,4,,,,0,M,HD,FLH,RS,74,9,,,,,,,1207,,2,,4,722,,,,,,,0,0,000000000,00000000000,0,0,0,1,0,0,0,0,0,0,0,998,0,0,0,12,6,2,25,0,0,1,1,17,60435,6,1,0,0,3,0,68,235,0,0,0,3,0,10,2009,11,2011,0,28,0,0,0,3,2,55,1,1,2,1,0,0,1,12,1,1,4,6,1,1
17,170438,1,1,3,9,7,3,10,1,0,1,0,17,2,20,431,20431,16,1995,1GNFK16KXSJ4,1,G,N,F,K,1,6,K,X,S,J,4,0,P,CHEV,K15,UT,95,17,0,,0,1315,,G,,F,8,350,,,16R245,,,,,,0,0,000000000,00000000000,0,0,0,1,0,0,0,0,0,0,0,998,0,2,3,0,6,2,1,0,0,0,1,17,60639,6,1,0,0,3,0,71,215,0,0,0,0,0,0,0,0,0,1,36,0,0,0,3,3,55,3,1,1,1,0,0,14,6,1,4,4,7,1,1
17,170439,1,1,2,7,7,4,0,34,0,1,0,17,2,42,43,42043,4,1999,WDBGA43GXXA4,W,D,B,G,A,4,3,G,X,X,A,4,0,P,MERZ,S42,4D,99,17,4495,,0,1236,,G,,F,8,256,,,16R235,,,,,,0,0,000000000,00000000000,0,0,0,1,0,0,0,0,0,0,0,998,0,1,6,12,6,2,1,0,0,0,1,17,60659,6,1,0,0,3,0,72,215,0,0,0,0,0,0,0,0,0,1,36,0,0,0,3,2,65,1,1,1,1,0,0,1,6,1,3,4,2,1,1
17,170441,1,2,1,14,7,9,29,12,6,1,0,17,1,22,16,22016,4,2000,1G2JB5243Y73,1,G,2,J,B,5,2,4,3,Y,7,3,0,P,PONT,SFS,4D,0,17,2644,,0,1041,,G,,F,4,133,,,14R195,,,,,,0,0,000000000,00000000000,0,0,0,1,0,0,0,0,0,0,0,998,0,0,0,9,6,2,12,0,0,0,1,17,60950,6,1,0,0,3,0,68,120,0,0,0,0,0,0,0,0,0,0,38,52,0,0,1,2,99,3,1,2,1,0,0,98,55,1,1,2,89,1,0
17,170441,2,2,2,14,7,9,29,12,6,1,0,18,1,51,881,51881,66,2001,4V4NC9TJ21N3,4,V,4,N,C,9,T,J,2,1,N,3,1,T,VOLV,VNL,TR,1,17,,8,0,0,VVN,D,,,6,915,,,,,00000,00,,64,1,57,688143,57688143,3,6,1,1,0,0,0,0,0,0,0,47,0,0,0,12,6,2,12,0,0,0,1,18,46143,6,1,6,0,3,0,999,999,0,0,0,0,0,0,0,0,0,0,0,0,0,0,1,2,55,3,1,2,1,0,0,14,71,1,1,1,88,0,0
17,170442,1,1,1,14,7,20,5,35,0,1,0,17,1,19,17,19017,4,1998,W06VR52R0WR1,W,0,6,V,R,5,2,R,0,W,R,1,0,P,CADI,CTR,4D,98,17,3658,,0,1074,,G,,F,6,181,,,16R225,,,,,,0,0,000000000,00000000000,0,0,0,1,0,0,0,0,0,0,0,82,0,0,0,12,6,2,42,0,0,0,1,17,61101,1,1,0,0,2,3,63,140,0,0,0,0,0,0,0,0,0,0,58,0,0,0,2,2,55,1,2,2,1,0,0,1,13,9,3,4,1,1,1
17,170443,1,1,1,17,7,3,22,34,0,1,0,17,1,73,706,73706,80,2008,JKBVNKA178A0,J,K,B,V,N,K,A,1,7,8,A,0,0,M,KAWK,V6A,RS,8,17,,,,,,,1552,,2,,4,675,,,,,,,0,0,000000000,00000000000,0,0,0,1,0,0,0,0,0,0,0,998,0,0,0,12,6,2,34,0,0,0,1,17,61073,6,1,0,0,3,0,73,188,0,0,0,1,0,11,2009,11,2009,1,36,28,0,0,2,2,99,3,1,2,1,0,0,14,6,1,3,4,2,1,1
17,170444,1,1,4,13,7,7,50,1,0,1,0,48,1,12,401,12401,14,2002,1FMZU67E02UD,1,F,M,Z,U,6,7,E,0,2,U,D,0,P,FORD,EPR,UT,2,17,4120,,0,1259,,G,,F,6,245,,,16R235,,,,,,0,0,000000000,00000000000,0,0,0,1,0,0,0,0,0,0,0,998,0,2,3,0,6,2,1,0,0,0,1,48,78573,6,1,0,0,3,3,999,999,0,0,0,0,0,0,0,0,0,1,36,28,0,0,3,4,65,1,1,1,1,0,0,1,1,8,4,4,7,1,0
17,170445,1,3,1,14,7,14,39,12,1,1,0,17,1,7,402,7402,14,2000,1B4HS28Z2YF1,1,B,4,H,S,2,8,Z,2,Y,F,1,0,P,DODG,DUR,UT,0,17,4462,,0,1159,,G,,F,8,360,,,15R235,,,,,,0,0,000000000,00000000000,0,0,0,1,0,0,0,0,0,0,0,998,0,1,1,12,6,2,12,0,0,0,1,17,60464,6,1,6,0,3,0,73,180,0,0,0,0,0,0,0,0,0,1,36,0,0,0,1,2,55,1,1,2,1,0,0,1,50,1,1,1,20,0,1
17,170445,2,3,4,14,7,14,39,12,1,1,0,17,2,35,47,35047,4,2005,1N4AL11DX5N4,1,N,4,A,L,1,1,D,X,5,N,4,0,P,NISS,ASL,4D,5,17,2915,,0,1102,,G,,F,4,153,,,16R215,,,,,,0,0,000000000,00000000000,0,0,0,1,0,0,0,0,0,0,0,0,0,0,0,6,6,2,12,0,0,0,1,17,60586,6,1,0,0,3,3,71,180,0,0,0,1,0,4,2012,4,2012,0,0,0,0,0,3,2,55,1,1,2,1,0,0,5,53,1,1,1,21,0,0
17,170445,3,3,1,14,7,14,39,12,1,1,0,17,1,72,706,72706,80,2009,1HD1FC4179Y6,1,H,D,1,F,C,4,1,7,9,Y,6,0,M,HD,FLU,RS,9,17,,,,,,,1584,,2,,4,889,,,,,,,0,0,000000000,00000000000,0,0,0,1,0,0,0,0,0,0,0,998,0,0,0,12,6,2,12,0,0,0,1,17,60447,6,1,0,0,3,3,70,270,0,0,0,0,0,0,0,0,0,0,0,0,0,0,1,2,55,1,1,2,1,0,0,1,62,1,1,1,98,1,0
17,170446,1,2,3,21,7,23,8,12,2,1,0,17,1,22,20,22020,4,2007,2G2WP5529711,2,G,2,W,P,5,5,2,9,7,1,1,0,P,PONT,GRA,4D,7,17,3477,,0,1105,,G,,F,6,232,,,16R225,,,,,,0,0,000000000,00000000000,0,0,0,1,0,0,0,0,0,0,0,998,0,0,0,12,6,2,12,0,0,0,1,17,62242,6,1,0,0,3,0,76,160,0,0,0,0,0,0,0,0,0,0,28,0,0,0,1,2,55,3,2,2,1,0,0,14,10,1,1,2,50,3,1
17,170446,2,2,2,21,7,23,8,12,2,1,0,29,1,12,461,12461,21,2002,1FTSS34L42HA,1,F,T,S,S,3,4,L,4,2,H,A,0,T,FORD,3SD,EC,2,17,,2,0,1380,VAN,G,,,8,330,,,,D,5616,00,E,42,0,0,000000000,00000000000,0,0,0,1,0,0,0,0,0,0,0,998,0,0,0,12,6,2,12,0,0,0,1,29,63043,6,1,0,0,3,0,999,999,0,0,0,0,0,0,0,0,0,0,0,0,0,0,1,2,55,2,1,2,1,0,0,14,62,1,1,1,51,0,0
17,170447,1,2,1,30,6,3,50,12,1,1,0,17,1,63,31,63031,4,2000,KNAFB1211Y59,K,N,A,F,B,1,2,1,1,Y,5,9,0,P,KIA,SPL,4D,0,17,2478,,0,1008,,G,,F,4,109,,,14R185,,,,,,0,0,000000000,00000000000,0,0,0,1,0,0,0,0,0,0,0,998,0,0,0,12,6,2,12,0,0,0,1,17,60432,6,1,0,0,3,0,71,180,0,0,0,0,0,0,0,0,0,0,26,0,0,0,3,3,55,1,1,2,1,0,0,3,50,1,1,1,20,0,1
17,170447,2,2,1,30,6,3,50,12,1,1,0,17,1,30,46,30046,4,2001,WVWRH63B11E1,W,V,W,R,H,6,3,B,1,1,E,1,0,P,VOLK,PGX,4D,1,17,3250,,0,1064,,G,,F,6,169,,,15R205,,,,,,0,0,000000000,00000000000,0,0,0,1,0,0,0,0,0,0,0,0,0,0,0,6,6,2,12,0,0,1,1,17,60647,1,1,0,0,2,0,999,999,0,0,0,0,0,0,0,0,0,0,54,0,0,0,3,3,55,1,1,2,1,0,0,5,78,1,1,1,21,1,0
17,170448,1,2,1,11,6,20,36,12,7,1,0,17,2,53,706,53706,80,2001,JS1VT52A1121,J,S,1,V,T,5,2,A,1,1,2,1,0,M,SUZI,TLR,RC,1,17,,,,,,,996,,2,,4,434,,,,,,,0,0,000000000,00000000000,0,0,0,1,0,0,0,0,0,0,0,85,0,0,0,81,6,2,12,0,0,0,1,17,60707,6,1,0,0,3,0,999,999,0,0,0,1,0,8,2011,8,2011,0,0,0,0,0,3,4,65,3,2,2,1,0,0,14,11,7,1,2,46,1,0
17,170448,2,2,1,11,6,20,36,12,7,1,1,17,1,34,35,34035,4,2011,WBAFU9C55BC7,W,B,A,F,U,9,C,5,5,B,C,7,0,P,BMW,5XD,4D,11,17,4519,,0,1169,,G,,T,8,268,,,18R245,,,,,,0,0,000000000,00000000000,0,0,0,1,0,0,0,0,0,0,0,998,0,0,0,63,6,2,12,0,0,0,1,17,60622,6,1,0,0,3,0,68,155,0,0,0,1,0,5,2011,5,2011,1,36,0,0,0,3,4,65,3,2,2,1,0,0,14,61,1,1,1,45,0,0
17,170449,1,1,1,7,7,20,8,8,0,1,0,17,1,20,431,20431,16,1999,1GNFK16R2XJ3,1,G,N,F,K,1,6,R,2,X,J,3,0,P,CHEV,K15,UT,99,17,5297,,0,1315,,G,,F,8,350,,,16R245,,,,,,0,0,000000000,00000000000,0,0,0,1,0,0,0,0,0,0,0,33,0,0,0,12,6,2,8,0,0,0,1,17,61244,6,1,0,0,3,0,69,175,0,0,0,0,0,0,0,0,0,0,83,0,0,0,1,2,30,1,1,2,1,0,0,1,12,8,1,4,8,0,0
17,170450,1,1,1,7,7,21,50,30,0,1,0,17,3,20,431,20431,16,2002,1GKEK63U22J1,1,G,K,E,K,6,3,U,2,2,J,1,0,T,GMC,DEN,4W,2,17,,2,0,1160,DEN,G,,,8,364,,,,B,5609,00,K,44,0,0,000000000,00000000000,0,0,0,1,0,0,0,0,0,0,0,60,0,1,5,12,6,2,30,0,0,0,1,17,61275,6,1,0,0,3,0,66,140,0,0,0,0,0,0,0,0,0,1,52,0,0,0,1,2,55,2,1,2,1,0,0,14,12,1,1,4,6,1,1
17,170451,1,1,1,30,6,14,25,26,0,1,0,17,1,20,37,20037,4,1999,1G1NE52M8XY1,1,G,1,N,E,5,2,M,8,X,Y,1,0,P,CHEV,M/L,4D,99,17,3077,,0,1070,,G,,F,6,191,,,15R215,,,,,,0,0,000000000,00000000000,0,0,0,1,0,0,0,0,0,0,0,998,0,0,0,12,6,2,26,0,0,0,1,17,62204,0,0,0,0,0,0,999,999,0,0,0,0,0,0,0,0,0,1,36,0,0,0,1,2,40,1,2,2,1,0,0,1,51,6,2,4,6,1,1
17,170452,1,1,1,9,7,0,36,35,0,1,0,17,1,54,34,54034,4,1994,JH4CC2662RC0,J,H,4,C,C,2,6,6,2,R,C,0,0,P,ACUR,VGS,4D,94,17,3107,,0,1104,,G,,F,5,150,,,15R205,,,,,,0,0,000000000,00000000000,0,0,0,1,0,0,0,0,0,0,0,998,0,1,3,81,6,2,1,99,99,0,1,17,62901,6,1,0,0,3,0,69,185,0,0,0,0,0,0,0,0,0,0,36,0,0,0,2,2,55,1,1,2,2,0,0,1,12,6,4,4,7,1,1
17,170453,1,1,1,12,7,5,32,24,0,1,0,17,1,54,31,54031,3,1996,JH4DC4350TS0,J,H,4,D,C,4,3,5,0,T,S,0,0,P,ACUR,ILS,2H,96,17,2572,,0,1012,,G,,F,4,112,,,14R195,,,,,,0,0,000000000,00000000000,0,0,0,1,0,0,0,0,0,0,0,998,0,0,0,12,6,2,24,0,0,1,1,17,60008,6,1,0,0,3,0,65,130,0,0,0,0,0,0,0,0,0,1,36,0,0,0,3,4,55,1,1,2,1,0,0,1,10,1,1,4,6,1,1
17,170454,1,2,1,21,7,17,56,12,6,1,0,17,3,12,444,12444,20,2010,NM0LS7BN1AT0,N,M,0,L,S,7,B,N,1,A,T,0,0,T,FORD,CXT,CG,10,17,,1,0,1146,TRN,G,,,4,122,,,,B,3373,00,K,42,0,0,000000000,00000000000,0,0,0,1,0,0,0,0,0,0,0,998,0,0,0,12,6,2,12,99,99,0,1,17,62690,6,1,0,0,3,0,71,200,0,0,0,0,0,0,0,0,0,0,39,0,0,0,4,3,30,1,1,2,1,2,3,1,55,1,1,1,88,0,1
17,170454,2,2,1,21,7,17,56,12,6,1,0,17,2,22,441,22441,20,2000,1GMDX03E5YD2,1,G,M,D,X,0,3,E,5,Y,D,2,0,T,PONT,MON,ES,0,17,,1,0,1200,MON,G,,,6,207,,,,B,3942,00,K,42,0,0,000000000,00000000000,0,0,0,1,0,0,0,0,0,0,0,998,0,0,0,61,6,2,12,0,0,0,1,17,62702,6,1,0,0,3,0,67,135,0,0,0,0,0,0,0,0,0,0,0,0,0,0,2,4,30,1,1,2,1,2,3,1,17,1,1,1,89,1,0
17,170455,1,1,3,19,7,15,58,42,0,1,0,17,3,63,34,63034,4,2012,5XXGM4A72CG0,5,X,X,G,M,4,A,7,2,C,G,0,0,P,KIA,OLX,4D,12,17,3206,,0,1100,,G,,F,4,144,,,16R205,,,,,,0,0,000000000,00000000000,0,0,0,1,0,0,0,0,0,0,0,998,0,0,0,12,6,2,2,0,0,1,1,17,60406,6,1,0,0,3,9,70,180,0,0,0,0,0,0,0,0,0,9,99,99,99,99,3,2,65,3,1,2,1,0,0,14,13,99,1,4,1,2,0
17,170456,1,1,1,12,7,20,40,9,0,1,0,17,1,12,499,12499,31,1964,P10TL555257,P,1,0,T,L,5,5,5,2,5,7,,0,T,FORD,,,64,11,,,,,,,,,,,,,,,,,,,0,0,000000000,00000000000,0,0,0,1,0,0,0,0,0,0,0,998,0,0,0,61,2,3,9,0,0,0,1,17,60621,1,1,0,0,2,2,66,185,0,1,0,1,0,2,2011,2,2011,0,74,0,0,0,1,4,30,1,1,2,1,2,3,1,83,1,1,1,13,0,0
17,170457,1,2,1,12,7,23,23,12,6,1,0,17,1,12,18,12018,3,1991,1ZVPT20C8M51,1,Z,V,P,T,2,0,C,8,M,5,1,0,P,FORD,PGL,2H,91,17,2730,,0,990,,G,,F,4,133,,,14R185,,,,,,0,0,000000000,00000000000,0,0,0,1,0,0,0,0,0,0,0,998,0,0,0,12,6,2,12,0,0,0,1,17,62052,6,1,0,0,3,0,64,170,0,0,0,0,0,0,0,0,0,1,0,0,0,0,3,2,45,1,2,2,1,1,3,1,55,1,1,1,69,1,1
17,170457,2,2,1,12,7,23,23,12,6,1,0,17,1,20,481,20481,31,1977,CCL147S18297,C,C,L,1,4,7,S,1,8,2,9,7,0,T,CHEV,C10,PK,77,13,,1,1315,1065,C10,G,,,8,350,,,,B,3242,05,,42,0,0,000000000,00000000000,0,0,0,1,0,0,0,0,0,0,0,998,0,0,0,81,6,2,12,0,0,0,1,17,62002,6,1,0,0,3,0,69,150,0,0,0,0,0,0,0,0,0,0,99,99,99,99,3,2,45,1,2,2,1,1,3,11,15,1,1,2,68,0,0
17,170458,1,2,2,10,6,11,27,24,0,1,0,17,1,19,3,19003,4,2003,1G6KD57Y93U1,1,G,6,K,D,5,7,Y,9,3,U,1,0,P,CADI,DFW,4D,3,17,3978,,0,1153,,G,,F,8,279,,,16R225,,,,,,0,0,000000000,00000000000,0,0,0,1,0,0,0,0,0,0,0,998,0,0,0,61,6,2,12,0,0,0,1,17,60409,6,1,0,0,3,1,67,208,0,0,0,0,0,0,0,0,0,0,28,0,0,0,3,4,55,1,1,2,1,0,0,1,10,9,1,4,6,1,0
17,170458,2,2,2,10,6,11,27,24,0,1,0,17,1,2,1,2001,6,2007,1J8FT47W17D1,1,J,8,F,T,4,7,W,1,7,D,1,0,T,JEEP,CMP,4W,7,17,,1,0,1037,CMP,G,,,4,144,,,,,2981,00,L,42,0,0,000000000,00000000000,0,0,0,1,0,0,0,0,0,0,0,998,0,0,0,62,6,2,12,0,0,0,1,17,60628,6,1,0,0,3,3,67,190,0,0,0,1,0,10,2011,10,2011,0,0,0,0,0,3,4,55,1,1,2,1,0,0,1,61,1,1,1,98,0,0
17,170459,1,2,3,16,7,19,19,12,6,1,0,17,2,20,9,20009,2,2001,2G1FP22K3121,2,G,1,F,P,2,2,K,3,1,2,1,0,P,CHEV,CAM,CP,1,17,3306,,0,1011,,G,,F,6,231,,,16R215,,,,,,0,0,000000000,00000000000,0,0,0,1,0,0,0,0,0,0,0,998,0,0,0,81,6,2,12,0,0,0,1,17,62443,6,1,0,0,3,0,63,127,0,0,0,0,0,0,0,0,0,0,39,53,0,0,1,2,45,1,1,2,1,20,3,1,17,1,1,1,87,1,0
17,170459,2,2,1,16,7,19,19,12,6,1,0,17,1,23,431,23431,16,2000,1GKEK13T2YJ1,1,G,K,E,K,1,3,T,2,Y,J,1,0,T,GMC,YUK,4W,0,17,,2,0,1160,YUK,G,,,8,325,,,,B,5050,00,E,44,0,0,000000000,00000000000,0,0,0,1,0,0,0,0,0,0,0,45,0,0,0,12,6,2,12,0,0,0,1,17,62424,1,1,0,0,2,2,71,250,0,1,0,0,0,6,2012,6,2012,0,74,0,0,0,1,2,45,1,1,2,1,0,0,1,55,1,1,1,86,0,0
17,170460,1,2,2,17,7,14,39,12,6,1,0,17,1,14,17,14017,4,2001,1MEHM55S21G6,1,M,E,H,M,5,5,S,2,1,G,6,0,P,MERC,SLP,4D,1,17,3351,,0,1085,,G,,F,6,182,,,16R215,,,,,,0,0,000000000,00000000000,0,0,0,1,0,0,0,0,0,0,0,998,0,0,0,62,6,2,12,0,0,0,1,17,60453,6,1,0,0,3,9,65,150,0,0,0,0,0,0,0,0,0,0,30,48,0,0,4,1,25,1,1,2,1,20,3,11,15,1,1,1,82,1,0
17,170460,2,2,1,17,7,14,39,12,6,1,0,17,1,7,482,7482,31,2008,1D7HU18258J1,1,D,7,H,U,1,8,2,5,8,J,1,0,T,DODG,SQ1,CW,8,17,,2,1605,1405,RPC,G,,,8,348,,,,B,5201,00,E,44,0,0,000000000,00000000000,0,0,0,1,0,0,0,0,0,0,0,998,0,0,0,12,6,2,12,0,0,0,1,17,60462,6,1,0,0,3,3,71,165,0,0,0,0,0,0,0,0,0,0,0,0,0,0,1,3,50,1,1,2,1,0,0,1,55,8,1,1,83,0,0
17,170461,1,2,1,26,7,20,49,12,1,1,0,18,3,82,881,82881,66,2010,1FUJGBDVXALA,1,F,U,J,G,B,D,V,X,A,L,A,1,T,FRHT,113,TR,10,17,,8,0,0,CSC,D,,,6,781,,,,,00000,00,,64,1,57,202526,57202526,3,6,1,1,0,0,0,0,0,0,0,68,7,0,0,12,6,2,12,0,0,0,1,29,63084,6,1,6,0,3,0,70,220,2,0,0,0,0,4,2010,7,2011,0,0,0,0,0,3,2,65,1,1,2,1,0,0,1,50,1,1,1,20,0,0
17,170461,2,2,3,26,7,20,49,12,1,1,0,17,2,49,40,49040,4,2010,2T1BU4EE1AC5,2,T,1,B,U,4,E,E,1,A,C,5,0,P,TOYT,CBL,4D,10,17,2723,,0,1024,,G,,F,4,110,,,15R195,,,,,,0,0,000000000,00000000000,0,0,0,1,0,0,0,0,0,0,0,0,0,0,0,6,6,2,12,0,0,0,1,17,62262,6,1,0,0,3,3,62,350,0,0,0,0,0,0,0,0,0,0,54,83,0,0,3,2,65,1,1,2,1,0,0,5,87,1,1,1,22,3,0
17,170462,1,1,1,24,7,18,15,42,0,1,0,17,2,7,472,7472,30,1996,1B7GL23Y5TS5,1,B,7,G,L,2,3,Y,5,T,S,5,0,T,DODG,DAK,PC,96,17,,1,0,1309,DAK,G,,,8,318,,,,B,3455,00,M,42,0,0,000000000,00000000000,0,0,0,1,0,0,0,0,0,0,0,998,0,0,0,9,6,2,42,0,0,0,1,17,60426,6,1,0,0,3,0,67,145,0,0,0,0,0,0,0,0,0,0,0,0,0,0,1,2,55,1,1,2,1,0,0,1,12,1,1,4,6,1,0
17,170463,1,1,2,10,7,15,36,1,0,1,0,17,1,37,706,37706,80,2004,1HFSC520X4A1,1,H,F,S,C,5,2,0,X,4,A,1,0,M,HOND,V13,RS,4,17,,,,,,,1312,,2,,4,641,,,,,,,0,0,000000000,00000000000,0,0,0,1,0,0,0,0,0,0,0,998,0,0,0,0,6,2,1,0,0,0,1,17,61614,6,1,0,0,3,0,69,135,0,0,0,0,0,0,0,0,0,0,85,0,0,0,1,2,55,1,1,2,1,0,0,1,54,7,1,1,98,1,0
17,170464,1,1,1,19,7,19,27,1,0,1,0,17,2,35,401,35401,14,1996,JN8AR05Y8TW0,J,N,8,A,R,0,5,Y,8,T,W,0,0,P,NISS,PFI,UT,96,17,4135,,0,1063,,G,,F,6,201,,,15R235,,,,,,0,0,000000000,00000000000,0,0,0,1,0,0,0,0,0,0,0,998,0,1,5,0,6,2,1,0,0,0,1,17,62858,1,1,0,0,2,0,75,180,0,0,0,0,0,0,0,0,0,0,28,58,0,0,1,2,55,3,1,2,1,0,0,14,9,4,2,4,7,1,1
17,170465,1,2,1,26,7,21,20,12,6,1,0,17,1,21,20,21020,4,1998,1G3NB52M4W63,1,G,3,N,B,5,2,M,4,W,6,3,0,P,OLDS,CUT,4D,98,17,3102,,0,1070,,G,,F,6,191,,,15R215,,,,,,0,0,000000000,00000000000,0,0,0,1,0,0,0,0,0,0,0,998,0,0,0,61,6,2,12,0,0,0,1,17,62463,6,1,0,0,3,3,70,120,0,0,0,0,0,0,0,0,0,0,38,0,0,0,1,4,45,1,1,2,1,0,0,11,15,1,1,7,82,0,0