STATE,ST_CASE,VEH_NO,VE_FORMS,NUMOCCS,DAY,MONTH,HOUR,MINUTE,HARM_EV,MAN_COLL,UNITTYPE,HIT_RUN,REG_STAT,OWNER,MAKE,MODEL,MAK_MOD,BODY_TYP,MOD_YEAR,VIN,VIN_1,VIN_2,VIN_3,VIN_4,VIN_5,VIN_6,VIN_7,VIN_8,VIN_9,VIN_10,VIN_11,VIN_12,TOW_VEH,VINTYPE,VINMAKE,VINA_MOD,VIN_BT,VINMODYR,VIN_LNGT,VIN_WGT,WGTCD_TR,WHLBS_LG,WHLBS_SH,SER_TR,FUELCODE,MCYCL_DS,CARBUR,CYLINDER,DISPLACE,MCYCL_CY,MCYCL_WT,TIRE_SZE,TON_RAT,TRK_WT,TRKWTVAR,VIN_REST,WHLDRWHL,J_KNIFE,MCARR_I1,MCARR_I2,MCARR_ID,GVWR,V_CONFIG,CARGO_BT,HAZ_INV,HAZ_PLAC,HAZ_ID,HAZ_CNO,HAZ_REL,BUS_USE,SPEC_USE,EMER_USE,TRAV_SP,UNDERIDE,ROLLOVER,ROLINLOC,IMPACT1,DEFORMED,TOWED,M_HARM,VEH_SC1,VEH_SC2,FIRE_EXP,DR_PRES,L_STATE,DR_ZIP,L_STATUS,L_TYPE,CDL_STAT,L_ENDORS,L_COMPL,L_RESTRI,DR_HGT,DR_WGT,PREV_ACC,PREV_SUS,PREV_DWI,PREV_SPD,PREV_OTH,FIRST_MO,FIRST_YR,LAST_MO,LAST_YR,SPEEDREL,DR_SF1,DR_SF2,DR_SF3,DR_SF4,VTRAFWAY,VNUM_LAN,VSPD_LIM,VALIGN,VPROFILE,VPAVETYP,VSURCOND,VTRAFCON,VTCONT_F,P_CRASH1,P_CRASH2,P_CRASH3,PCRASH4,PCRASH5,ACC_TYPE,DEATHS,DR_DRINK
17,170497,2,2,1,11,8,9,15,12,2,1,0,17,1,34,706,34706,80,2012,WB1061202CZZ,W,B,1,0,6,1,2,0,2,C,Z,Z,0,M,BMW,K1L,RS,12,17,,,,,,,1649,,6,,4,708,,,,,,,0,0,000000000,00000000000,0,0,0,1,0,0,0,0,0,0,0,998,0,0,0,12,6,2,12,0,0,0,1,17,60190,6,1,0,0,3,0,71,200,0,0,0,0,0,0,0,0,0,0,0,0,0,0,1,2,45,1,3,2,1,0,0,1,62,1,1,1,50,1,1
17,170498,1,5,2,11,8,9,37,12,6,1,0,17,2,35,47,35047,4,1999,1N4DL01D4XC2,1,N,4,D,L,0,1,D,4,X,C,2,0,P,NISS,AGS,4D,99,17,2762,,0,1031,,G,,F,4,146,,,15R195,,,,,,0,0,000000000,00000000000,0,0,0,1,0,0,0,0,0,0,0,21,0,0,0,3,6,2,12,0,0,0,1,17,60025,6,1,0,0,3,0,65,172,0,0,0,0,0,0,0,0,0,0,38,0,0,0,3,4,35,1,1,2,1,2,3,11,55,1,1,2,68,1,0
17,170498,2,5,1,11,8,9,37,12,6,1,0,17,2,59,32,59032,4,1993,JT8UF11E5P01,J,T,8,U,F,1,1,E,5,P,0,1,0,P,LEXS,LS4,4D,93,17,3858,,0,1108,,G,,F,8,242,,,16R225,,,,,,0,0,000000000,00000000000,0,0,0,1,0,0,0,0,0,0,0,45,0,0,0,12,6,2,12,0,0,0,1,17,60076,6,1,0,0,3,0,68,130,0,0,0,0,0,0,0,0,0,0,0,0,0,0,3,4,35,1,1,2,1,2,3,1,62,9,1,1,69,0,0
17,170498,3,5,1,11,8,9,37,12,6,1,0,17,1,49,442,49442,20,2005,5TDZA22CX5S2,5,T,D,Z,A,2,2,C,X,5,S,2,0,P,TOYT,SIE,SV,5,17,4165,,0,1193,,G,,F,6,201,,,15R205,,,,,,0,0,000000000,00000000000,0,0,0,1,0,0,0,0,0,0,0,0,0,0,0,12,2,1,12,0,0,0,1,17,60076,6,1,0,0,3,3,70,180,0,0,0,0,0,0,0,0,0,0,0,0,0,0,3,4,35,1,1,2,1,2,3,5,62,1,1,1,98,0,0
17,170498,4,5,1,11,8,9,37,12,6,1,0,17,2,49,32,49032,4,2005,1NXBR32E15Z4,1,N,X,B,R,3,2,E,1,5,Z,4,0,P,TOYT,UCS,4D,5,17,2530,,0,1024,,G,,F,4,109,,,15R185,,,,,,0,0,000000000,00000000000,0,0,0,1,0,0,0,0,0,0,0,0,0,0,0,12,2,1,12,0,0,0,1,17,60076,6,1,0,0,3,0,62,120,0,0,0,0,0,0,0,0,0,0,0,0,0,0,3,4,35,1,1,2,1,2,3,5,62,1,1,1,98,0,0
17,170498,5,5,1,11,8,9,37,12,6,1,0,17,3,37,402,37402,14,2011,5J6RE4H59BL0,5,J,6,R,E,4,H,5,9,B,L,0,0,P,HOND,CRV,UT,11,17,3534,,0,1031,,G,,F,4,146,,,17R225,,,,,,0,0,000000000,00000000000,0,0,0,1,0,0,0,0,0,0,0,0,0,0,0,12,2,1,12,0,0,0,1,17,60026,6,1,0,0,3,0,64,115,0,0,0,0,0,0,0,0,0,0,0,0,0,0,3,4,35,1,1,2,1,2,3,5,62,1,1,1,98,0,0
17,170499,1,2,2,1,7,15,12,12,6,1,0,17,1,23,401,23401,14,2004,1GKET16P9461,1,G,K,E,T,1,6,P,9,4,6,1,0,T,GMC,EXL,4W,4,17,,2,0,1290,ENV,G,,,8,323,,,,B,4968,00,E,44,0,0,000000000,00000000000,0,0,0,1,0,0,0,0,0,0,0,998,0,0,0,3,6,2,12,0,0,0,1,17,60423,6,1,0,0,3,0,66,175,0,0,0,0,0,0,0,0,0,1,36,87,0,0,1,2,50,1,1,2,2,0,0,98,6,9,4,2,66,1,0
17,170499,2,2,1,1,7,15,12,12,6,1,0,18,1,49,401,49401,14,2008,JTEBU14R28K0,J,T,E,B,U,1,4,R,2,8,K,0,0,P,TOYT,RUN,UT,8,17,4300,,0,1098,,G,,F,6,244,,,16R265,,,,,,0,0,000000000,00000000000,0,0,0,1,0,0,0,0,0,0,0,998,0,0,0,12,6,2,12,0,0,0,1,18,46373,6,1,0,0,3,3,66,140,0,0,0,0,0,0,0,0,0,0,0,0,0,0,1,2,50,1,1,2,2,0,0,1,50,9,1,1,66,0,0
17,170500,1,1,4,4,7,10,40,9,0,1,0,17,2,49,401,49401,14,1996,JT3HN86R1T00,J,T,3,H,N,8,6,R,1,T,0,0,0,P,TOYT,RUN,UT,96,17,0,,0,1053,,G,,F,6,206,,,15R225,,,,,,0,0,000000000,00000000000,0,0,0,1,0,0,0,0,0,0,0,998,0,0,0,12,2,1,9,0,0,0,1,17,60618,6,1,0,0,3,0,64,132,0,0,0,0,0,0,0,0,0,0,86,0,0,0,2,4,35,1,1,2,1,0,0,1,83,9,1,1,13,0,0
17,170501,1,2,2,26,7,10,50,12,1,1,0,17,1,12,481,12481,31,1987,1FTEF15N2HPB,1,F,T,E,F,1,5,N,2,H,P,B,0,T,FORD,F15,PK,87,17,,2,1330,1170,COF,G,,,8,302,,,,B,3447,01,A,42,0,0,000000000,00000000000,0,0,0,1,0,0,0,0,0,0,0,998,0,0,0,12,6,2,12,0,0,0,1,17,62565,6,1,0,0,3,0,71,210,0,0,0,0,0,0,0,0,0,1,0,0,0,0,1,2,55,1,1,2,1,40,3,1,51,1,1,1,24,0,0
17,170501,2,2,2,26,7,10,50,12,1,1,0,17,1,24,1,24001,4,1999,1G8ZH5289XZ3,1,G,8,Z,H,5,2,8,9,X,Z,3,0,P,STRN,SL1,4D,99,17,2355,,0,1024,,G,,F,4,116,,,14R175,,,,,,0,0,000000000,00000000000,0,0,0,1,0,0,0,0,0,0,0,998,0,0,0,6,6,2,12,0,0,0,1,17,62565,6,1,0,0,3,0,62,147,0,0,0,0,0,0,0,0,0,0,0,0,0,0,1,2,55,1,1,2,1,40,3,10,16,1,1,1,27,1,0
17,170502,1,2,4,15,7,15,46,12,6,1,0,18,1,20,37,20037,4,2000,1G1ND52J5Y62,1,G,1,N,D,5,2,J,5,Y,6,2,0,P,CHEV,MAL,4D,0,17,3051,,0,1070,,G,,F,6,191,,,15R215,,,,,,0,0,000000000,00000000000,0,0,0,1,0,0,0,0,0,0,0,998,0,0,0,3,6,2,12,0,0,0,1,18,46394,6,1,0,0,3,0,64,239,0,0,0,0,0,0,0,0,0,0,38,0,0,0,2,2,30,1,1,2,1,0,0,98,55,1,1,1,87,1,0
17,170502,2,2,1,15,7,15,46,12,6,1,0,17,1,2,405,2405,14,2002,1J4GK58K22W2,1,J,4,G,K,5,8,K,2,2,W,2,0,T,JEEP,LMD,4W,2,17,,1,0,1043,LIB,G,,,6,226,,,,,3758,00,E,42,0,0,000000000,00000000000,0,0,0,1,0,0,0,0,0,0,0,998,0,0,0,12,6,2,12,0,0,0,1,17,60617,6,1,0,0,3,3,62,140,0,0,0,0,0,0,0,0,0,0,0,0,0,0,2,2,30,1,1,2,1,0,0,1,71,9,1,1,86,0,0
17,170504,1,1,1,26,7,11,43,34,0,1,0,17,1,20,25,20025,4,2011,1G1PF5S94B71,1,G,1,P,F,5,S,9,4,B,7,1,0,P,CHEV,CZT,4D,11,17,3102,,0,1057,,G,,T,4,085,,,16R215,,,,,,0,0,000000000,00000000000,0,0,0,1,0,0,0,0,0,0,0,58,0,0,0,14,6,2,42,0,0,0,1,17,61234,6,1,0,0,3,0,67,160,0,0,0,1,0,11,2010,11,2010,0,0,0,0,0,1,2,40,1,1,2,1,0,0,1,13,1,1,4,1,1,0
17,170505,1,2,1,8,8,13,58,12,2,1,0,17,1,7,442,7442,20,2000,2B4GP2533YR7,2,B,4,G,P,2,5,3,3,Y,R,7,0,P,DODG,CAR,SV,0,17,3432,,0,1133,,G,,F,6,181,,,14R205,,,,,,0,0,000000000,00000000000,0,0,0,1,0,0,0,0,0,0,0,998,0,0,0,12,6,2,12,0,0,0,1,17,61074,6,1,0,0,3,3,68,205,0,0,0,1,0,3,2011,3,2011,0,28,0,0,0,1,2,55,1,1,2,2,0,0,1,10,1,1,2,50,1,0
17,170505,2,2,1,8,8,13,58,12,2,1,1,28,2,22,9,22009,2,1987,1G2FS21H0HL2,1,G,2,F,S,2,1,H,0,H,L,2,0,P,PONT,FBD,CP,87,17,3105,,0,1010,,G,,4,8,305,,,15R215,,,,,,0,0,000000000,00000000000,0,0,0,1,0,0,0,0,0,0,0,998,0,0,0,12,6,2,12,0,0,0,1,17,61285,0,0,0,0,0,0,999,999,99,99,99,99,99,99,9999,99,9999,0,24,0,0,0,1,2,55,1,1,2,2,0,0,1,54,1,1,1,51,0,1
17,170506,1,1,1,28,7,21,1,42,0,1,0,17,2,12,401,12401,14,1998,1FMZU34EXWZB,1,F,M,Z,U,3,4,E,X,W,Z,B,0,P,FORD,EPR,UT,98,17,4146,,0,1115,,G,,F,6,245,,,15R225,,,,,,0,0,000000000,00000000000,0,0,0,1,0,0,0,0,0,0,0,998,0,0,0,12,6,2,42,0,0,0,1,17,60425,6,1,0,0,3,3,68,225,1,0,0,0,0,11,2009,11,2009,0,28,0,0,0,1,2,25,1,1,2,1,0,0,1,12,1,1,4,6,1,1
17,170507,1,3,1,8,8,22,14,12,1,1,0,17,1,20,37,20037,4,2012,1G1ZC5E05CF2,1,G,1,Z,C,5,E,0,5,C,F,2,0,P,CHEV,ML1,4D,12,17,3436,,0,1123,,G,,F,4,146,,,17R215,,,,,,0,0,000000000,00000000000,0,0,0,1,0,0,0,0,0,0,0,998,0,0,0,12,6,2,12,0,0,0,1,17,60442,6,1,0,0,3,0,69,185,0,0,0,1,0,12,2011,12,2011,1,39,0,0,0,1,2,55,1,1,2,1,20,3,1,50,1,1,1,20,0,1
17,170507,2,3,2,8,8,22,14,12,1,1,0,17,2,20,9,20009,2,1978,1Q87L3N63465,1,Q,8,7,L,3,N,6,3,4,6,5,0,P,CHEV,CAM,CP,78,13,3293,,0,1080,,G,,S,8,350,,,14FR78,,,,,,0,0,000000000,00000000000,0,0,0,1,0,0,0,0,0,0,0,0,0,0,0,6,6,2,12,0,0,0,1,17,60487,6,1,0,0,3,0,72,165,0,0,0,0,0,0,0,0,0,0,0,0,0,0,1,2,55,1,1,2,1,20,3,5,55,1,1,1,21,1,0
17,170507,3,3,1,8,8,22,14,12,1,1,0,17,3,20,37,20037,4,9999,999999999999,9,9,9,9,9,9,9,9,9,9,9,9,0,,,,,,,,,,,,,,,,,,,,,,,,,0,0,000000000,00000000000,0,0,0,1,0,0,0,0,0,0,0,998,0,0,0,6,6,2,12,0,0,0,1,17,60423,6,1,0,0,3,3,72,190,0,0,0,0,0,0,0,0,0,0,0,0,0,0,1,2,55,1,1,2,1,20,3,1,17,1,1,1,98,0,0
17,170508,1,1,2,29,7,6,44,34,0,1,0,17,1,13,1,13001,4,1978,8Y82A822543,8,Y,8,2,A,8,2,2,5,4,3,,0,P,LINC,CON,4D,78,11,4673,,0,1272,,G,,4,8,460,,,15JR78,,,,,,0,0,000000000,00000000000,0,0,0,1,0,0,0,0,0,0,0,998,0,1,5,14,6,2,1,0,0,0,1,17,62281,6,1,0,0,3,0,70,215,0,0,0,0,0,0,0,0,0,0,36,0,0,0,1,2,55,1,1,2,1,0,0,1,11,6,1,4,1,2,1
17,170509,1,2,1,3,8,12,56,12,6,1,0,17,1,72,706,72706,80,2003,1HD1PGE123Y9,1,H,D,1,P,G,E,1,2,3,Y,9,0,M,HD,2RS,RS,3,17,,,,,,,1690,,2,,4,745,,,,,,,0,0,000000000,00000000000,0,0,0,1,0,0,0,0,0,0,0,44,0,0,0,12,6,2,12,0,0,0,1,17,60148,6,1,6,0,3,0,69,206,0,0,0,0,0,0,0,0,0,0,38,0,0,0,2,6,40,1,1,2,1,3,3,2,55,4,2,1,83,1,0
17,170509,2,2,1,3,8,12,56,12,6,1,0,40,3,82,881,82881,66,2007,1FUJBBCV57LW,1,F,U,J,B,B,C,V,5,7,L,W,1,T,FRHT,ST2,TR,7,17,,8,0,0,CON,D,,,6,782,,,,,00000,00,,64,1,57,661173,57661173,3,6,1,1,0,0,0,0,0,0,0,998,0,0,0,81,6,2,12,0,0,0,1,17,60163,6,1,6,1,3,3,66,200,0,0,0,0,1,5,2010,5,2010,0,0,0,0,0,2,6,40,1,1,2,1,3,3,11,15,1,1,1,82,0,0
17,170510,1,1,1,7,8,5,31,34,0,1,0,17,1,72,706,72706,80,1998,1HD1BML12WY0,1,H,D,1,B,M,L,1,2,W,Y,0,0,M,HD,FLF,RS,98,17,,,,,,,1340,,2,,4,631,,,,,,,0,0,000000000,00000000000,0,0,0,1,0,0,0,0,0,0,0,998,0,0,0,12,6,2,34,0,0,0,1,17,61364,6,1,0,0,3,0,71,225,0,0,0,0,0,0,0,0,0,1,36,0,0,0,1,2,55,3,2,2,1,0,0,14,13,3,7,4,1,1,1
17,170511,1,2,1,19,8,1,28,12,6,1,0,17,1,12,481,12481,31,2010,1FTFW1EV6AKE,1,F,T,F,W,1,E,V,6,A,K,E,0,T,FORD,F1S,CW,10,17,,2,1570,1450,COF,F,,,8,329,,,,B,5345,00,7,44,0,0,000000000,00000000000,0,0,0,1,0,0,0,0,0,0,0,998,0,0,0,81,6,2,12,0,0,0,1,17,62629,6,1,0,0,3,0,74,200,0,0,0,0,0,0,0,0,0,0,38,0,0,0,1,4,98,1,1,2,1,2,3,11,15,1,1,1,68,0,1
17,170511,2,2,1,19,8,1,28,12,6,1,0,17,1,72,706,72706,80,2012,1HD1GPM16CC3,1,H,D,1,G,P,M,1,6,C,C,3,0,M,HD,FWG,RS,12,17,,,,,,,1690,,2,,4,650,,,,,,,0,0,000000000,00000000000,0,0,0,1,0,0,0,0,0,0,0,998,0,0,0,12,6,2,12,0,0,0,1,17,62702,1,1,0,0,2,0,75,225,0,0,0,0,0,0,0,0,0,1,0,0,0,0,1,4,98,1,1,2,1,2,3,1,55,1,1,1,69,1,1
17,170512,1,2,1,8,8,0,43,12,1,1,0,18,3,84,881,84881,66,1999,2HSFRAER4XC0,2,H,S,F,R,A,E,R,4,X,C,0,2,T,INTL,910,TR,99,17,,8,2220,1580,910,D,,,6,855,,,,,00000,00,,64,1,57,63391,5763391,3,7,1,1,0,0,0,0,0,0,0,998,0,0,0,12,6,2,12,0,0,0,1,17,62034,6,1,6,0,3,0,71,230,1,0,0,2,0,3,2010,12,2010,1,0,0,0,0,3,3,65,1,1,2,1,0,0,1,51,1,1,1,24,1,1
17,170512,2,2,1,8,8,0,43,12,1,1,0,17,3,51,881,51881,66,2004,4V4NC9TH74N3,4,V,4,N,C,9,T,H,7,4,N,3,1,T,VOLV,VNL,TR,4,17,,8,0,0,VVN,D,,,6,915,,,,,00000,00,,64,1,57,1434005,571434005,3,6,3,1,0,0,0,0,0,0,0,998,0,0,0,6,6,2,12,0,0,0,1,17,60504,6,1,6,0,3,0,68,200,0,0,0,0,0,0,0,0,0,0,0,0,0,0,3,3,65,1,1,2,1,0,0,3,18,1,1,1,25,0,0
17,170513,1,1,1,5,8,19,45,42,0,1,0,29,2,20,481,20481,31,1995,2GCEK19Z4S12,2,G,C,E,K,1,9,Z,4,S,1,2,0,T,CHEV,GK1,PC,95,17,,2,1555,1415,GM4,G,,,6,262,,,,B,4514,00,,44,0,0,000000000,00000000000,0,0,0,1,0,0,0,0,0,0,0,76,0,0,0,12,6,2,2,0,0,1,1,5,61259,1,1,0,0,2,0,68,135,0,0,0,0,0,0,0,0,0,1,28,0,0,0,1,2,55,3,1,2,1,0,0,14,13,1,1,4,1,1,0
17,170514,1,1,2,10,8,4,20,8,0,1,0,17,1,20,37,20037,4,2002,1G1ND52J02M5,1,G,1,N,D,5,2,J,0,2,M,5,0,P,CHEV,MAL,4D,2,17,3053,,0,1070,,G,,F,6,191,,,15R215,,,,,,0,0,000000000,00000000000,0,0,0,1,0,0,0,0,0,0,0,998,0,0,0,12,6,2,8,0,0,0,1,17,62621,6,1,0,0,3,0,73,185,0,0,0,0,0,0,0,0,0,0,86,0,0,0,3,2,65,1,1,2,1,0,0,1,80,1,1,1,13,0,0
17,170515,1,3,1,1,6,5,55,12,6,1,0,17,1,20,2,20002,4,2004,2G1WP5514492,2,G,1,W,P,5,5,1,4,4,9,2,0,P,CHEV,ISC,4D,4,17,3466,,0,1105,,G,,Z,6,231,,,17R235,,,,,,0,0,000000000,00000000000,0,0,0,1,0,0,0,0,0,0,0,62,0,0,0,81,6,2,12,0,0,0,1,17,60067,1,1,0,0,2,3,69,205,0,1,0,0,0,10,2011,10,2011,1,39,0,0,0,1,4,45,1,1,2,2,2,3,1,17,1,1,1,87,1,0
17,170515,2,3,1,1,6,5,55,12,6,1,0,17,3,20,441,20441,20,2001,1GCDM19W11B1,1,G,C,D,M,1,9,W,1,1,B,1,0,T,CHEV,AST,EC,1,17,,1,0,1112,AST,G,,,6,262,,,,B,3915,00,,42,0,0,000000000,00000000000,0,0,0,1,0,0,0,0,0,0,0,14,0,0,0,12,6,2,12,0,0,0,1,17,60046,6,1,0,0,3,0,66,145,0,0,0,0,0,0,0,0,0,0,0,0,0,0,1,4,45,1,1,2,2,2,3,1,55,1,1,1,86,0,0
17,170515,3,3,1,1,6,5,55,12,6,1,0,17,1,47,399,47399,4,2004,YS3FH49Y2410,Y,S,3,F,H,4,9,Y,2,4,1,0,0,P,SAA,93O,4D,4,17,3285,,0,1053,,G,,T,4,121,,,17R225,,,,,,0,0,000000000,00000000000,0,0,0,1,0,0,0,0,0,0,0,998,0,0,0,12,6,2,12,0,0,0,1,17,60192,6,1,0,0,3,3,65,178,0,0,0,0,0,0,0,0,0,0,0,0,0,0,1,4,45,1,1,2,2,2,3,1,54,1,1,1,98,0,0
17,170516,1,1,1,31,7,23,23,34,0,1,0,17,1,22,9,22009,3,1999,2G2FS22K5X22,2,G,2,F,S,2,2,K,5,X,2,2,0,P,PONT,FBD,2H,99,17,3340,,0,1011,,G,,F,6,231,,,16R215,,,,,,0,0,000000000,00000000000,0,0,0,1,0,0,0,0,0,0,0,998,0,1,5,12,6,2,1,0,0,0,1,17,62230,1,1,0,0,2,0,68,150,0,1,0,1,0,1,2010,6,2012,1,0,0,0,0,1,2,55,1,1,2,1,0,0,17,13,7,1,4,1,1,0
17,170517,1,1,1,7,6,10,14,31,0,1,0,17,1,12,471,12471,30,2001,1FTYR10U01PA,1,F,T,Y,R,1,0,U,0,1,P,A,0,T,FORD,RNG,PK,1,17,,1,1175,1116,RNG,G,,,6,182,,,,B,3068,01,U,42,0,0,000000000,00000000000,0,0,0,1,0,0,0,0,0,0,0,998,0,0,0,12,6,2,31,0,0,0,1,17,61772,6,1,0,0,3,0,71,215,0,0,0,0,0,0,0,0,0,0,0,0,0,0,1,2,30,1,1,2,1,0,0,1,10,1,1,4,6,1,0
17,170518,1,1,4,5,8,4,30,35,0,1,0,17,2,20,481,20481,31,1994,2GBEK19K6R12,2,G,B,E,K,1,9,K,6,R,1,2,0,T,CHEV,GK1,PC,94,17,,2,1555,1415,GM4,G,,,8,350,,,,B,4032,00,,44,0,0,000000000,00000000000,0,0,0,1,0,0,0,0,0,0,0,998,0,1,5,12,6,2,1,0,0,0,1,17,62626,6,1,0,0,3,3,69,190,0,0,0,0,0,0,0,0,0,1,82,83,0,0,1,2,55,1,3,2,2,0,0,1,87,9,2,4,3,1,1
17,170519,1,2,2,5,8,17,12,12,6,1,0,17,1,49,472,49472,30,2005,5TEMU52N85Z0,5,T,E,M,U,5,2,N,8,5,Z,0,0,T,TOYT,DBD,CW,5,17,,1,0,1409,TAC,G,,,6,244,,,,B,3810,00,U,44,0,0,000000000,00000000000,0,0,0,1,0,0,0,0,0,0,0,998,0,0,0,12,2,1,12,0,0,0,1,17,62959,6,1,0,0,3,3,62,100,0,0,0,0,0,0,0,0,0,0,39,0,0,0,1,2,55,1,1,2,1,20,3,11,62,1,1,1,74,0,0
17,170519,2,2,2,5,8,17,12,12,6,1,0,17,1,72,706,72706,80,2010,1HD1MBM15AB8,1,H,D,1,M,B,M,1,5,A,B,8,0,M,HD,F3X,RS,10,17,,,,,,,1690,,2,,4,1110,,,,,,,0,0,000000000,00000000000,0,0,0,1,0,0,0,0,0,0,0,998,0,0,0,83,6,2,12,0,0,0,1,17,62935,6,1,0,0,3,0,75,330,0,0,0,0,0,0,0,0,0,0,0,0,0,0,1,2,55,1,1,2,1,0,0,1,17,8,1,2,74,1,0
17,170520,1,1,1,7,8,14,15,8,0,1,0,17,3,98,908,98908,51,2009,YE2DG11B0920,Y,E,2,D,G,1,1,B,0,9,2,0,0,U,,,,9,17,,,,,,,,,,,,,,,,,,,0,57,1531800,571531800,3,21,22,1,0,0,0,0,4,0,0,998,0,0,0,12,2,1,8,0,0,0,1,17,60636,6,1,6,1,3,0,62,170,0,0,0,0,0,0,0,0,0,0,38,86,0,0,3,2,35,1,1,2,1,2,3,11,80,1,1,1,13,0,0
17,170521,1,2,1,18,8,8,42,12,2,1,0,17,2,20,471,20471,30,1996,1GCCS14XXTK1,1,G,C,C,S,1,4,X,X,T,K,1,0,T,CHEV,S14,PK,96,17,,1,1179,1083,S,G,,,6,262,,,,B,2822,01,,42,0,0,000000000,00000000000,0,0,0,1,0,0,0,0,0,0,0,998,0,0,0,12,6,2,12,0,0,0,1,17,62806,6,1,0,0,3,3,64,110,0,0,0,1,1,12,2010,6,2012,0,28,0,0,0,1,2,55,1,1,2,1,0,0,1,10,1,1,2,50,1,0
17,170521,2,2,1,18,8,8,42,12,2,1,0,17,3,98,804,98804,66,2000,2WKEDDXJ1YK9,2,W,K,E,D,D,X,J,1,Y,K,9,1,T,WSTR,49E,TR,0,17,,8,0,0,CNV,D,,,6,774,,,,,00000,00,,64,1,57,1004169,571004169,3,6,2,1,0,0,0,0,0,0,0,998,0,0,0,12,6,2,12,0,0,0,1,17,62837,6,1,6,1,3,0,72,209,0,0,0,0,0,0,0,0,0,0,0,0,0,0,1,2,55,1,1,2,1,0,0,1,62,9,1,1,51,0,0
17,170522,1,2,1,24,7,15,7,12,1,1,0,17,1,23,401,23401,14,2002,1GKDT13S3221,1,G,K,D,T,1,3,S,3,2,2,1,0,T,GMC,ENV,4W,2,17,,1,0,1130,ENV,G,,,6,256,,,,B,4628,00,K,44,0,0,000000000,00000000000,0,0,0,1,0,0,0,0,0,0,0,998,1,0,0,12,6,2,12,0,0,0,1,17,60195,6,1,0,0,3,0,69,165,0,0,0,1,0,5,2010,5,2010,1,0,0,0,0,3,4,65,1,1,2,1,0,0,1,50,7,1,1,20,1,0
17,170522,2,2,1,24,7,15,7,12,1,1,0,18,3,51,881,51881,66,2012,4V4NC9TH1CN5,4,V,4,N,C,9,T,H,1,C,N,5,1,T,VOLV,VNL,TR,12,17,,8,0,0,VVN,D,,,6,915,,,,,00000,00,,64,1,57,157347,57157347,3,6,1,1,0,0,0,0,0,0,0,0,0,0,0,6,2,1,12,0,0,0,1,55,54455,6,1,6,1,3,0,73,250,0,0,0,0,1,12,2011,12,2011,0,0,0,0,0,3,4,65,1,1,2,1,0,0,5,18,1,1,1,21,0,0
17,170523,1,1,1,5,8,2,0,42,0,1,0,17,1,20,32,20032,4,2000,1Y1SK5284YZ4,1,Y,1,S,K,5,2,8,4,Y,Z,4,0,P,CHEV,P/L,4D,0,17,2403,,0,971,,G,,F,4,110,,,14R175,,,,,,0,0,000000000,00000000000,0,0,0,1,0,0,0,0,0,0,0,998,0,0,0,4,6,2,42,0,0,0,1,17,62626,6,1,0,0,3,0,67,185,0,0,0,0,0,0,0,0,0,0,58,0,0,0,1,2,55,1,1,2,1,0,0,1,13,6,4,4,7,1,1
17,170525,1,1,1,14,8,5,55,42,0,1,0,17,1,72,706,72706,80,1999,1HD1FLW13XY6,1,H,D,1,F,L,W,1,3,X,Y,6,0,M,HD,CUS,RS,99,17,,,,,,,1450,,2,,4,777,,,,,,,0,0,000000000,00000000000,0,0,0,1,0,0,0,0,0,0,0,998,0,0,0,12,6,2,42,0,0,0,1,17,62890,6,1,0,0,3,0,72,220,1,0,0,0,0,12,2010,12,2010,1,0,0,0,0,1,2,55,3,1,2,1,0,0,14,13,1,1,4,1,1,1
17,170526,1,1,2,18,8,16,25,42,0,1,0,17,1,37,706,37706,80,1998,1HFSC2234WA0,1,H,F,S,C,2,2,3,4,W,A,0,0,M,HOND,G1E,RS,98,17,,,,,,,1520,,6,,4,816,,,,,,,0,0,000000000,00000000000,0,0,0,1,0,0,0,0,0,0,0,998,0,0,0,12,6,2,42,0,0,0,1,17,62439,6,1,0,0,3,3,64,180,0,0,0,0,0,0,0,0,0,1,0,0,0,0,6,1,65,2,2,2,1,0,0,14,12,1,1,4,6,2,0
17,170527,1,1,1,10,8,3,11,19,0,1,0,17,1,37,705,37705,80,2003,JH2PC37003M0,J,H,2,P,C,3,7,0,0,3,M,0,0,M,HOND,B60,RC,3,17,,,,,,,599,,4,,4,370,,,,,,,0,0,000000000,00000000000,0,0,0,1,0,0,0,0,0,0,0,998,0,0,0,12,6,2,19,0,0,0,1,17,61616,6,1,0,0,3,0,71,180,0,0,0,0,3,7,2010,4,2012,1,36,0,0,0,1,4,45,3,2,2,1,0,0,14,6,9,3,4,2,1,0
17,170528,1,2,1,11,8,11,57,12,8,1,0,17,1,2,404,2404,14,1999,1J4GW58S9XC7,1,J,4,G,W,5,8,S,9,X,C,7,0,T,JEEP,LRO,4W,99,17,,1,0,1059,GCK,G,,,6,242,,,,,3809,00,E,44,0,0,000000000,00000000000,0,0,0,1,0,0,0,0,0,0,0,998,0,0,0,11,6,2,2,0,0,1,1,17,60005,6,1,0,0,3,3,64,115,0,0,0,0,0,0,0,0,0,0,51,28,0,0,1,2,50,1,1,2,1,0,0,1,10,1,1,2,64,1,0
17,170528,2,2,2,11,8,11,57,12,8,1,0,45,1,23,481,23481,31,2002,1GTHK29172E2,1,G,T,H,K,2,9,1,7,2,E,2,0,T,GMC,2KH,4C,2,17,,2,1575,1430,SIE,D,,,8,403,,,,C,5497,03,U,44,0,0,000000000,00000000000,0,0,0,1,0,0,0,0,0,0,0,998,0,0,0,11,6,2,12,0,0,0,1,45,29720,6,1,0,0,3,0,68,170,0,0,0,0,0,0,0,0,0,0,0,0,0,0,1,2,50,1,1,2,1,0,0,1,62,9,1,1,65,0,0