STATE,ST_CASE,VEH_NO,VE_FORMS,NUMOCCS,DAY,MONTH,HOUR,MINUTE,HARM_EV,MAN_COLL,UNITTYPE,HIT_RUN,REG_STAT,OWNER,MAKE,MODEL,MAK_MOD,BODY_TYP,MOD_YEAR,VIN,VIN_1,VIN_2,VIN_3,VIN_4,VIN_5,VIN_6,VIN_7,VIN_8,VIN_9,VIN_10,VIN_11,VIN_12,TOW_VEH,VINTYPE,VINMAKE,VINA_MOD,VIN_BT,VINMODYR,VIN_LNGT,VIN_WGT,WGTCD_TR,WHLBS_LG,WHLBS_SH,SER_TR,FUELCODE,MCYCL_DS,CARBUR,CYLINDER,DISPLACE,MCYCL_CY,MCYCL_WT,TIRE_SZE,TON_RAT,TRK_WT,TRKWTVAR,VIN_REST,WHLDRWHL,J_KNIFE,MCARR_I1,MCARR_I2,MCARR_ID,GVWR,V_CONFIG,CARGO_BT,HAZ_INV,HAZ_PLAC,HAZ_ID,HAZ_CNO,HAZ_REL,BUS_USE,SPEC_USE,EMER_USE,TRAV_SP,UNDERIDE,ROLLOVER,ROLINLOC,IMPACT1,DEFORMED,TOWED,M_HARM,VEH_SC1,VEH_SC2,FIRE_EXP,DR_PRES,L_STATE,DR_ZIP,L_STATUS,L_TYPE,CDL_STAT,L_ENDORS,L_COMPL,L_RESTRI,DR_HGT,DR_WGT,PREV_ACC,PREV_SUS,PREV_DWI,PREV_SPD,PREV_OTH,FIRST_MO,FIRST_YR,LAST_MO,LAST_YR,SPEEDREL,DR_SF1,DR_SF2,DR_SF3,DR_SF4,VTRAFWAY,VNUM_LAN,VSPD_LIM,VALIGN,VPROFILE,VPAVETYP,VSURCOND,VTRAFCON,VTCONT_F,P_CRASH1,P_CRASH2,P_CRASH3,PCRASH4,PCRASH5,ACC_TYPE,DEATHS,DR_DRINK
17,170565,1,1,1,22,7,15,37,33,0,1,0,17,2,7,24,7024,4,2006,2B3KA53HX6H3,2,B,3,K,A,5,3,H,X,6,H,3,0,P,DODG,CHR,4D,6,17,3995,,0,1200,,G,,F,8,348,,,18R225,,,,,,0,0,000000000,00000000000,0,0,0,1,0,0,0,0,0,0,0,67,0,0,0,12,6,2,9,0,0,0,1,17,60513,6,2,0,0,3,1,63,150,0,0,0,0,0,0,0,0,0,1,28,86,0,0,1,4,35,1,1,2,1,0,0,1,6,1,7,4,7,0,0
17,170566,1,2,1,7,9,15,51,12,6,1,0,17,1,12,402,12402,14,2005,1FMCU93155KA,1,F,M,C,U,9,3,1,5,5,K,A,0,P,FORD,SPE,UT,5,17,3464,,0,1031,,G,,F,6,183,,,16R235,,,,,,0,0,000000000,00000000000,0,0,0,1,0,0,0,0,0,0,0,998,0,0,0,12,6,2,12,0,0,0,1,17,60008,6,1,6,0,3,3,68,200,0,0,0,1,0,10,2010,10,2010,0,28,0,0,0,1,2,35,1,1,2,1,0,0,1,10,1,1,2,64,1,0
17,170566,2,2,3,7,9,15,51,12,6,1,0,17,3,20,870,20870,61,2007,1GBJG31UX711,1,G,B,J,G,3,1,U,X,7,1,1,0,T,CHEV,CT3,YY,7,17,,3,1770,1390,ETV,G,,,8,366,,,,D,4528,04,,42,0,77,777777777,77777777777,2,1,97,1,0,0,0,0,0,0,0,998,0,0,0,61,4,1,12,0,0,0,1,17,60169,6,1,6,1,3,0,67,185,0,0,0,1,0,8,2012,8,2012,0,84,0,0,0,1,2,35,1,1,2,1,0,0,1,62,7,1,1,65,0,0
17,170567,1,1,2,7,9,4,25,8,0,1,1,17,2,2,404,2404,14,2007,1J8GR48K57C5,1,J,8,G,R,4,8,K,5,7,C,5,0,T,JEEP,LCF,4W,7,17,,1,0,1095,GCK,G,,,6,226,,,,,4376,00,7,44,0,0,000000000,00000000000,0,0,0,1,0,0,0,0,0,0,0,998,0,0,0,12,4,3,8,0,0,0,1,17,60608,6,1,0,0,3,0,72,245,0,0,0,1,1,1,2010,5,2010,1,86,0,0,0,3,2,30,1,2,2,1,2,3,1,80,1,1,1,13,0,1
17,170568,1,2,1,5,9,9,24,12,2,1,0,17,2,2,405,2405,14,2003,1J4GL48K83W6,1,J,4,G,L,4,8,K,8,3,W,6,0,T,JEEP,LSF,4W,3,17,,1,0,1043,LIB,G,,,6,226,,,,,3655,02,E,44,0,0,000000000,00000000000,0,0,0,1,0,0,0,0,0,0,0,998,0,0,0,12,6,2,12,0,0,0,1,17,60649,6,1,0,0,3,3,64,165,0,0,0,0,0,0,0,0,0,1,28,0,0,0,6,1,55,2,6,2,2,0,0,14,6,1,4,7,42,0,0
17,170568,2,2,1,5,9,9,24,12,2,1,0,18,3,85,881,85881,66,1999,1XKTD69X2XJ8,1,X,K,T,D,6,9,X,2,X,J,8,1,T,KW,T20,TR,99,17,,8,2600,1900,CON,D,,,6,855,,,,,00000,00,,64,1,57,686314,57686314,3,6,97,1,0,0,0,0,0,0,0,998,0,0,0,12,6,2,21,0,0,0,1,45,29162,6,1,6,0,3,3,73,276,0,0,0,0,0,0,0,0,0,0,84,0,0,0,3,3,55,1,1,2,2,0,0,1,60,6,1,1,42,1,1
17,170569,1,2,1,3,9,21,7,12,1,1,0,17,1,58,37,58037,4,2007,JNKBV61F97M8,J,N,K,B,V,6,1,F,9,7,M,8,0,P,INFI,AWD,4D,7,17,3587,,0,1122,,G,,F,6,214,,,17R225,,,,,,0,0,000000000,00000000000,0,0,0,1,0,0,0,0,0,0,0,998,0,1,1,12,6,2,1,0,0,0,1,17,61450,6,1,0,0,3,3,70,175,0,0,0,1,0,12,2009,12,2009,1,6,8,37,27,1,2,55,1,1,2,1,0,0,3,51,1,1,1,24,1,1
17,170569,2,2,2,3,9,21,7,12,1,1,0,12,2,12,481,12481,31,1995,1FTJW35F6SEA,1,F,T,J,W,3,5,F,6,S,E,A,0,T,FORD,F35,CW,95,17,,2,0,1680,COF,D,,,8,444,,,,D,5224,00,A,42,0,0,000000000,00000000000,0,0,0,1,0,0,0,0,0,0,0,998,0,0,0,6,4,1,12,0,0,0,1,12,33534,6,1,6,0,3,0,67,999,0,0,0,1,0,9,2009,9,2009,0,0,0,0,0,1,2,55,1,1,2,1,0,0,1,53,1,1,1,25,0,0
17,170570,1,1,1,2,9,3,15,30,0,1,0,17,2,7,442,7442,20,2002,2B4GP74L52R5,2,B,4,G,P,7,4,L,5,2,R,5,0,T,DODG,GEX,ES,2,17,,1,0,1193,CAR,G,,,6,230,,,,,4159,00,E,42,0,0,000000000,00000000000,0,0,0,1,0,0,0,0,0,0,0,998,0,0,0,12,6,2,30,0,0,0,1,17,60623,6,1,0,0,3,0,999,999,99,99,99,99,99,99,9999,99,9999,9,0,0,0,0,1,2,30,1,1,2,1,0,0,1,13,1,1,4,1,1,1
17,170571,1,1,1,17,6,4,40,8,0,1,1,17,2,12,461,12461,22,2005,1FBSS31LX5HB,1,F,B,S,S,3,1,L,X,5,H,B,0,T,FORD,WSD,ES,5,17,,2,0,1380,ECO,G,,,8,330,,,,D,6228,00,E,42,0,0,000000000,00000000000,0,0,0,1,0,0,0,0,0,0,0,998,0,0,0,12,2,1,8,0,0,0,1,99,99999,9,9,99,9,9,9,999,999,99,99,99,99,99,99,9999,99,9999,9,99,99,99,99,1,2,30,1,1,2,1,0,0,1,80,99,1,9,13,0,0
17,170572,1,1,1,26,7,16,43,34,0,1,0,17,1,2,404,2404,14,1996,1J4FT27P6TL1,1,J,4,F,T,2,7,P,6,T,L,1,0,T,JEEP,CSE,2W,96,17,,1,0,1014,CHK,G,,,4,150,,,,,2798,00,M,42,0,0,000000000,00000000000,0,0,0,1,0,0,0,0,0,0,0,54,0,1,5,12,6,2,1,0,0,0,1,17,61443,6,1,0,0,3,0,70,150,0,0,0,0,0,0,0,0,0,0,0,0,0,0,1,2,55,1,2,2,1,0,0,1,12,1,2,4,7,1,1
17,170573,1,1,1,3,8,0,50,52,0,1,0,17,1,72,706,72706,80,2002,1HD1JAB172Y0,1,H,D,1,J,A,B,1,7,2,Y,0,0,M,HD,TBI,RS,2,17,,,,,,,1450,,2,,4,630,,,,,,,0,0,000000000,00000000000,0,0,0,1,0,0,0,0,0,0,0,998,0,0,0,1,6,2,24,0,0,0,1,17,61540,6,1,0,0,3,0,70,225,0,0,0,0,0,0,0,0,0,1,36,0,0,0,1,2,55,3,1,2,1,0,0,14,13,8,1,4,1,1,1
17,170575,1,1,2,18,8,20,7,43,0,1,0,17,1,73,705,73705,80,2006,JKAEXVD106A1,J,K,A,E,X,V,D,1,0,6,A,1,0,M,KAWK,E5D,RC,6,17,,,,,,,498,,2,,4,391,,,,,,,0,0,000000000,00000000000,0,0,0,1,0,0,0,0,0,0,0,998,0,0,0,12,6,2,32,0,0,0,1,17,61356,6,1,0,0,3,3,70,210,0,0,0,0,0,0,0,0,0,1,52,0,0,0,2,2,55,1,1,2,1,0,0,1,12,9,1,4,6,1,0
17,170576,1,1,2,4,7,13,34,7,0,1,0,17,2,59,34,59034,4,2013,JTHCE1BL0D50,J,T,H,C,E,1,B,L,0,D,5,0,0,P,LEXS,GSA,4D,13,17,3980,,0,0,,G,,F,6,210,,,000000,,,,,,0,0,000000000,00000000000,0,0,0,1,0,0,0,0,0,0,0,30,0,0,0,0,6,2,7,0,0,0,1,17,60025,6,1,0,0,3,1,68,160,0,0,0,0,0,0,0,0,0,0,0,0,0,0,2,2,35,1,2,2,1,0,0,1,98,1,1,1,0,2,1
17,170577,1,1,1,25,8,6,15,30,0,1,0,17,1,12,398,12398,2,1927,000000000000,0,0,0,0,0,0,0,0,0,0,0,0,0,,,,,,,,,,,,,,,,,,,,,,,,,0,0,000000000,00000000000,0,0,0,1,0,0,0,0,0,0,0,998,0,1,5,12,6,2,1,0,0,0,1,17,61038,6,1,0,0,3,0,72,195,1,0,0,0,0,3,2012,3,2012,0,0,0,0,0,1,2,55,1,1,2,1,0,0,1,9,1,2,4,2,1,1
17,170578,1,1,2,20,8,17,0,8,0,1,0,17,1,63,441,63441,20,2007,KNDMB2335761,K,N,D,M,B,2,3,3,5,7,6,1,0,P,KIA,SED,SV,7,17,4387,,0,1189,,G,,F,6,232,,,16R225,,,,,,0,0,000000000,00000000000,0,0,0,1,0,0,0,0,0,0,0,998,0,0,0,12,2,1,8,0,0,0,1,17,60645,6,1,0,0,3,3,62,130,0,0,0,0,1,11,2011,11,2011,0,0,0,0,0,1,2,30,1,1,2,1,0,0,1,80,1,1,1,13,0,0
17,170579,1,3,8,29,7,4,20,12,7,1,0,17,1,52,46,52046,4,2006,JA3AJ26E56U0,J,A,3,A,J,2,6,E,5,6,U,0,0,P,MITS,LES,4D,6,17,2745,,0,1024,,G,,F,4,122,,,15R195,,,,,,0,0,000000000,00000000000,0,0,0,1,0,0,0,0,0,0,0,998,0,0,0,3,6,2,12,0,0,0,1,17,60634,6,1,6,0,3,0,70,150,1,0,0,1,1,3,2010,7,2010,1,28,36,0,0,3,4,55,1,1,2,1,0,0,1,11,1,1,2,44,1,1
17,170579,2,3,1,29,7,4,20,12,7,1,0,17,1,37,441,37441,20,2009,5FNRL38659B4,5,F,N,R,L,3,8,6,5,9,B,4,0,P,HOND,UDY,SV,9,17,4574,,0,1181,,G,,F,6,214,,,16R235,,,,,,0,0,000000000,00000000000,0,0,0,1,0,0,0,0,0,0,0,998,0,0,0,11,6,2,12,0,0,0,1,17,60631,6,1,0,0,3,3,73,195,0,0,0,0,0,0,0,0,0,0,0,0,0,0,3,4,55,1,1,2,1,0,0,1,60,1,1,1,45,0,0
17,170579,3,3,2,29,7,4,20,12,7,1,1,18,2,12,22,12022,6,2006,1FMDK03106GA,1,F,M,D,K,0,3,1,0,6,G,A,0,P,FORD,FSL,UT,6,17,3960,,0,1129,,G,,F,6,183,,,17R215,,,,,,0,0,000000000,00000000000,0,0,0,1,0,0,0,0,0,0,0,998,0,0,0,12,6,2,20,0,0,0,1,99,99999,9,9,99,0,9,9,999,999,99,99,99,99,99,99,9999,99,9999,0,84,0,0,0,3,4,55,1,1,2,1,0,0,17,98,7,1,4,98,0,0
17,170580,1,2,3,25,8,2,19,12,2,1,0,17,1,22,20,22020,4,2001,1G2WP52K81F2,1,G,2,W,P,5,2,K,8,1,F,2,0,P,PONT,GPG,4D,1,17,3496,,0,1105,,G,,F,6,231,,,16R225,,,,,,0,0,000000000,00000000000,0,0,0,1,0,0,0,0,0,0,0,998,0,0,0,12,6,2,12,0,0,0,1,17,60115,1,1,0,0,2,0,999,999,0,0,0,0,0,0,0,0,0,0,28,0,0,0,1,2,55,1,1,2,1,0,0,1,10,7,1,2,50,1,1
17,170580,2,2,2,25,8,2,19,12,2,1,0,18,3,82,881,82881,66,2012,1FUJGLDR1CSB,1,F,U,J,G,L,D,R,1,C,S,B,1,T,FRHT,125,TR,12,17,,8,0,0,CSC,D,,,6,903,,,,,00000,00,,64,1,57,028406,57028406,3,6,1,1,0,0,0,0,0,0,0,998,0,0,0,12,6,2,12,0,0,0,1,55,53090,6,1,6,0,3,3,72,170,0,0,0,0,0,0,0,0,0,0,0,0,0,0,1,2,55,1,1,2,1,0,0,1,62,8,1,1,51,0,0
17,170581,1,1,2,25,8,11,24,8,0,1,0,17,3,84,881,84881,62,1996,1HTSCAAM0TH2,1,H,T,S,C,A,A,M,0,T,H,2,0,T,INTL,470,CC,96,17,,6,2540,1280,40S,D,,,6,466,,,,,00000,00,,42,0,57,1681751,571681751,2,1,97,1,0,0,0,0,0,0,0,998,0,0,0,14,2,1,8,0,0,0,1,17,60438,6,1,6,1,3,3,66,160,0,0,0,0,2,10,2010,11,2011,0,0,0,0,0,1,2,30,1,1,2,1,0,0,1,80,1,1,1,13,0,0
17,170582,1,1,1,27,8,11,57,42,0,1,0,17,1,12,401,12401,14,2004,1FMZU63K14ZB,1,F,M,Z,U,6,3,K,1,4,Z,B,0,P,FORD,EPR,UT,4,17,4094,,0,1137,,F,,F,6,245,,,16R235,,,,,,0,0,000000000,00000000000,0,0,0,1,0,0,0,0,0,0,0,998,0,1,5,12,6,2,42,0,0,0,1,17,60451,6,1,0,0,3,3,74,235,0,0,0,0,0,0,0,0,0,1,0,0,0,0,1,2,55,1,1,4,1,0,0,1,13,1,1,4,1,1,0
17,170583,1,2,4,30,8,5,10,12,1,1,0,17,2,19,3,19003,4,2002,1G6KD54Y52U1,1,G,6,K,D,5,4,Y,5,2,U,1,0,P,CADI,DFW,4D,2,17,3978,,0,1153,,G,,F,8,279,,,16R225,,,,,,0,0,000000000,00000000000,0,0,0,1,0,0,0,0,0,0,0,998,0,0,0,6,6,2,12,0,0,0,1,17,60621,0,0,0,0,0,0,999,999,0,0,0,0,0,0,0,0,0,0,36,6,52,0,3,3,55,1,1,2,1,0,0,2,18,1,1,1,29,0,0
17,170583,2,2,1,30,8,5,10,12,1,1,0,17,1,76,705,76705,80,1996,JYA3HHE01TA0,J,Y,A,3,H,H,E,0,1,T,A,0,0,M,YAMA,F6R,RC,96,17,,,,,,,599,,4,,4,395,,,,,,,0,0,000000000,00000000000,0,0,0,1,0,0,0,0,0,0,0,998,0,0,0,12,6,2,12,0,0,0,1,17,60614,6,1,6,0,2,0,69,230,0,0,0,1,0,3,2012,3,2012,0,0,0,0,0,1,3,55,1,1,2,1,0,0,1,51,1,1,1,28,1,0
17,170584,1,1,1,1,9,14,55,34,0,1,0,17,2,49,32,49032,4,2005,1NXBR32E15Z4,1,N,X,B,R,3,2,E,1,5,Z,4,0,P,TOYT,UCS,4D,5,17,2530,,0,1024,,G,,F,4,109,,,15R185,,,,,,0,0,000000000,00000000000,0,0,0,1,0,0,0,0,0,0,0,998,0,0,0,12,6,2,42,0,0,0,1,17,60608,6,1,0,0,3,0,72,232,0,0,0,0,0,0,0,0,0,1,36,0,0,0,2,4,45,2,1,2,1,0,0,14,11,1,1,4,1,1,1
17,170585,1,1,2,31,8,20,28,21,0,1,0,17,2,20,2,20002,8,2008,1G1ZS58F68F1,1,G,1,Z,S,5,8,F,6,8,F,1,0,P,CHEV,M/L,4D,8,17,3297,,0,1063,,G,,F,4,134,,,15R205,,,,,,0,0,000000000,00000000000,0,0,0,1,0,0,0,0,0,0,0,998,0,0,0,9,6,2,21,0,0,0,1,17,62249,2,1,0,0,2,0,72,200,0,0,0,0,0,0,0,0,0,0,0,0,0,0,6,2,65,3,1,2,2,0,0,14,9,1,7,4,2,2,0
17,170586,1,2,1,20,8,16,40,12,8,1,0,17,1,84,881,84881,63,1993,1HSHGBYR3PH4,1,H,S,H,G,B,Y,R,3,P,H,4,1,T,INTL,820,TR,93,17,,8,1840,1480,80S,D,,,6,855,,,,,00000,00,,64,1,77,777777777,77777777777,3,4,8,1,0,0,0,0,0,0,0,998,0,0,0,62,2,1,12,0,0,0,1,17,62244,6,1,6,0,3,0,70,190,0,0,0,0,0,0,0,0,0,0,0,0,0,0,1,2,55,3,1,2,1,0,0,14,54,7,1,1,64,0,0
17,170586,2,2,1,20,8,16,40,12,8,1,0,29,1,37,706,37706,80,1998,1HFSC3705WA0,1,H,F,S,C,3,7,0,5,W,A,0,0,M,HOND,V1C,RS,98,17,,,,,,,1099,,4,,4,631,,,,,,,0,0,000000000,00000000000,0,0,0,1,0,0,0,0,0,0,0,998,0,0,0,61,6,2,12,0,0,0,1,17,62277,6,1,6,0,3,1,999,999,0,0,0,0,0,0,0,0,0,0,0,0,0,0,1,2,55,2,1,2,1,0,0,14,54,7,1,1,65,1,0
17,170587,1,2,1,4,6,8,29,12,2,1,0,17,1,20,481,20481,31,1995,2GBEC19S8S11,2,G,B,E,C,1,9,S,8,S,1,1,0,T,CHEV,GC1,PC,95,17,,2,1555,1415,GM4,D,,,8,397,,,,B,4071,02,,42,0,0,000000000,00000000000,0,0,0,1,0,0,0,0,0,0,0,62,0,0,0,12,6,2,12,0,0,0,1,17,61257,6,1,0,0,3,0,73,200,0,0,0,0,0,0,0,0,0,0,28,0,0,0,1,2,55,1,2,2,2,0,0,1,10,9,1,2,50,0,0
17,170587,2,2,3,4,6,8,29,12,2,1,0,17,1,20,481,20481,31,2000,2GCEK19T4Y11,2,G,C,E,K,1,9,T,4,Y,1,1,0,T,CHEV,SK1,3C,0,17,,2,1575,1435,SIL,G,,,8,325,,,,B,4621,02,,44,0,0,000000000,00000000000,0,0,0,1,0,0,0,0,0,0,0,998,0,0,0,12,6,2,2,0,0,1,1,17,61081,6,1,6,0,3,0,74,270,0,0,0,0,0,0,0,0,0,0,0,0,0,0,1,2,55,1,2,2,2,0,0,1,62,6,1,1,51,2,0
17,170588,1,2,1,13,6,17,3,12,6,1,1,17,2,58,38,58038,4,2006,JNKBY01E16M2,J,N,K,B,Y,0,1,E,1,6,M,2,0,P,INFI,M4S,4D,6,17,3822,,0,1142,,G,,F,8,275,,,18R245,,,,,,0,0,000000000,00000000000,0,0,0,1,0,0,0,0,0,0,0,998,0,0,0,3,2,1,12,0,0,0,1,17,60544,6,1,0,0,3,0,70,170,1,2,0,4,2,12,2009,11,2011,0,38,36,6,0,2,4,40,1,1,2,1,2,3,11,15,1,1,1,68,0,0
17,170588,2,2,1,13,6,17,3,12,6,1,0,17,1,50,706,50706,80,2005,SMTC00L4X5J2,S,M,T,C,0,0,L,4,X,5,J,2,0,M,TRUM,RCK,RS,5,17,,,,,,,2294,,3,,4,704,,,,,,,0,0,000000000,00000000000,0,0,0,1,0,0,0,0,0,0,0,998,0,0,0,12,6,2,12,0,0,0,1,17,60148,6,1,0,0,3,0,71,220,0,0,0,0,0,0,0,0,0,0,0,0,0,0,3,2,40,1,1,2,1,2,3,1,62,1,1,1,69,1,1
17,170589,1,1,1,7,8,2,45,34,0,1,0,17,2,22,18,22018,4,2001,1G2NF52T41M5,1,G,2,N,F,5,2,T,4,1,M,5,0,P,PONT,SE1,4D,1,17,3116,,0,1070,,G,,F,4,146,,,15R215,,,,,,0,0,000000000,00000000000,0,0,0,1,0,0,0,0,0,0,0,91,0,1,5,12,6,2,1,0,0,0,1,17,61434,6,1,0,0,3,0,66,128,0,1,0,0,1,9,2010,9,2011,0,0,0,0,0,1,2,55,1,2,2,1,0,0,1,13,1,2,4,2,1,1
17,170590,1,2,1,31,8,16,54,12,6,1,0,99,9,37,706,37706,80,2002,JH2SC50042M0,J,H,2,S,C,5,0,0,4,2,M,0,0,M,HOND,CR9,RC,2,17,,,,,,,954,,4,,4,999,,,,,,,0,0,000000000,00000000000,0,0,0,1,0,0,0,0,0,0,0,79,0,0,0,12,6,2,12,0,0,1,1,17,60440,6,1,0,0,2,0,76,195,1,0,0,1,0,6,2010,7,2010,1,36,0,0,0,1,4,45,1,1,2,1,3,3,1,62,1,1,1,69,1,0
17,170590,2,2,2,31,8,16,54,12,6,1,0,17,1,41,441,41441,20,2003,JM3LW28A7303,J,M,3,L,W,2,8,A,7,3,0,3,0,P,MAZD,MWG,SV,3,17,3662,,0,1118,,G,,F,6,181,,,000000,,,,,,0,0,000000000,00000000000,0,0,0,1,0,0,0,0,0,0,0,998,0,0,0,1,6,2,12,0,0,0,1,17,60649,6,1,0,0,3,3,76,240,0,0,0,0,0,0,0,0,0,0,38,0,0,0,1,4,45,1,1,2,1,3,3,11,15,1,1,1,68,0,0
17,170591,1,1,3,15,8,23,5,42,0,1,0,17,1,35,47,35047,4,2007,1N4AL21EX7C1,1,N,4,A,L,2,1,E,X,7,C,1,0,P,NISS,ATS,4D,7,17,3042,,0,1093,,G,,F,4,153,,,16R215,,,,,,0,0,000000000,00000000000,0,0,0,1,0,0,0,0,0,0,0,998,0,0,0,9,6,2,42,0,0,0,1,17,60118,6,1,0,0,3,0,73,175,0,0,0,2,0,8,2010,12,2010,1,0,0,0,0,1,2,50,1,5,2,1,0,0,1,13,1,1,4,1,1,1
17,170592,1,3,1,24,8,22,50,12,1,1,0,17,1,98,706,98706,80,2003,4MZAX12J0334,4,M,Z,A,X,1,2,J,0,3,3,4,0,U,,,,3,17,,,,,,,,,,,,,,,,,,,0,0,000000000,00000000000,0,0,0,1,0,0,0,0,0,0,0,63,0,0,0,12,6,2,12,0,0,0,1,17,60441,6,1,6,0,3,1,70,230,0,0,0,0,0,0,0,0,0,1,36,0,0,0,1,2,55,1,1,2,1,0,0,1,52,1,1,1,28,1,1
17,170592,2,3,1,24,8,22,50,12,1,1,0,17,1,37,705,37705,80,1994,JH2SC2408RM3,J,H,2,S,C,2,4,0,8,R,M,3,0,M,HOND,BR1,RC,94,17,,,,,,,1000,,4,,4,549,,,,,,,0,0,000000000,00000000000,0,0,0,1,0,0,0,0,0,0,0,998,0,0,0,6,6,2,12,0,0,0,1,17,60442,6,1,0,0,3,1,74,200,0,0,0,0,0,0,0,0,0,0,0,0,0,0,1,2,55,1,1,2,1,0,0,2,53,1,1,1,29,0,0
17,170592,3,3,1,24,8,22,50,12,1,1,0,17,1,6,51,6051,4,2003,2C3AE66G63H5,2,C,3,A,E,6,6,G,6,3,H,5,0,P,CHRY,30M,4D,3,17,3461,,0,1130,,G,,F,6,215,,,17R225,,,,,,0,0,000000000,00000000000,0,0,0,1,0,0,0,0,0,0,0,998,0,0,0,14,2,1,18,0,0,0,1,17,60422,6,1,0,0,3,0,63,150,0,0,0,0,0,0,0,0,0,0,0,0,0,0,1,2,55,1,1,2,1,0,0,1,90,1,1,1,98,0,0
17,170593,1,1,1,25,8,14,9,24,0,1,0,17,2,72,706,72706,80,2011,1HD4CR21XBC4,1,H,D,4,C,R,2,1,X,B,C,4,0,M,HD,XLL,RS,11,17,,,,,,,883,,2,,4,536,,,,,,,0,0,000000000,00000000000,0,0,0,1,0,0,0,0,0,0,0,998,0,0,0,12,6,2,24,0,0,0,1,17,62948,6,1,0,0,3,0,65,115,0,0,0,0,0,0,0,0,0,0,52,0,0,0,1,2,55,3,1,2,1,0,0,14,13,1,1,4,1,1,0
17,170594,1,1,1,6,8,18,1,30,0,1,0,17,1,21,23,21023,4,1999,1G3WX52H0XF3,1,G,3,W,X,5,2,H,0,X,F,3,0,P,OLDS,ILS,4D,99,17,3434,,0,1090,,G,,F,6,211,,,16R225,,,,,,0,0,000000000,00000000000,0,0,0,1,0,0,0,0,0,0,0,998,0,0,0,99,6,2,30,0,0,0,1,17,60622,6,1,0,0,3,0,73,197,0,0,0,0,0,0,0,0,0,1,0,0,0,0,1,2,30,1,1,2,1,0,0,1,13,1,1,4,1,1,0
17,170595,1,2,1,23,8,6,11,12,6,1,0,17,1,20,481,20481,31,2005,2GCEK13T7511,2,G,C,E,K,1,3,T,7,5,1,1,0,T,CHEV,SK1,CW,5,17,,2,0,1435,SIL,G,,,8,323,,,,B,5299,00,,44,0,0,000000000,00000000000,0,0,0,1,0,0,0,0,0,0,0,998,0,0,0,62,6,2,12,0,0,0,1,17,62650,6,1,0,0,3,3,72,240,0,0,0,0,0,0,0,0,0,0,38,0,0,0,2,2,99,1,1,2,1,20,3,11,15,98,1,1,82,0,0
17,170595,2,2,1,23,8,6,11,12,6,1,0,17,1,76,706,76706,80,2008,JYAVP25E18A0,J,Y,A,V,P,2,5,E,1,8,A,0,0,M,YAMA,VCT,RS,8,17,,,,,,,1304,,2,,4,668,,,,,,,0,0,000000000,00000000000,0,0,0,1,0,0,0,0,0,0,0,998,0,0,0,12,6,2,12,0,0,0,1,17,61533,6,1,0,0,3,0,73,165,0,0,0,1,0,5,2010,5,2010,0,0,0,0,0,2,2,65,1,1,2,1,0,0,1,66,1,1,1,83,1,0
17,170596,1,2,1,31,8,15,10,12,2,1,0,17,2,7,482,7482,31,2002,1D7HA18N22S5,1,D,7,H,A,1,8,N,2,2,S,5,0,T,DODG,Q15,CW,2,17,,2,1605,1405,RPC,G,,,8,287,,,,B,4747,01,E,42,0,0,000000000,00000000000,0,0,0,1,0,0,0,0,0,0,0,998,0,1,1,12,6,2,12,0,0,0,1,17,60416,6,1,0,0,3,0,67,120,0,2,0,0,1,4,2010,4,2012,0,28,36,58,0,1,2,50,1,1,2,1,0,0,1,10,1,1,2,50,0,1
17,170596,2,2,1,31,8,15,10,12,2,1,0,17,2,35,43,35043,4,2002,3N1CB51D82L5,3,N,1,C,B,5,1,D,8,2,L,5,0,P,NISS,XGX,4D,2,17,2441,,0,998,,G,,F,4,108,,,14R185,,,,,,0,0,000000000,00000000000,0,0,0,1,0,0,0,0,0,0,0,998,0,1,1,12,6,2,12,0,0,0,1,17,60074,6,1,0,0,3,3,72,225,0,0,0,0,1,6,2010,6,2010,0,0,0,0,0,1,2,50,1,1,2,1,0,0,1,62,1,1,1,51,1,1
17,170597,1,1,1,3,9,14,30,8,0,1,0,17,2,59,36,59036,1,2003,JTHFN48Y2300,J,T,H,F,N,4,8,Y,2,3,0,0,0,P,LEXS,S43,CV,3,17,3840,,0,1031,,G,,F,8,262,,,18R245,,,,,,0,0,000000000,00000000000,0,0,0,1,0,0,0,0,0,0,0,998,0,0,0,12,6,2,8,0,0,0,1,17,60035,6,1,0,0,3,3,62,118,0,0,0,0,0,0,0,0,0,0,36,0,0,0,5,4,25,1,2,2,1,0,0,1,12,1,1,4,6,0,0
17,170598,1,2,1,7,9,7,51,12,2,1,0,17,1,22,9,22009,3,2001,2G2FS22K3121,2,G,2,F,S,2,2,K,3,1,2,1,0,P,PONT,FBD,2H,1,17,3327,,0,1011,,G,,F,6,231,,,16R215,,,,,,0,0,000000000,00000000000,0,0,0,1,0,0,0,0,0,0,0,998,0,0,0,12,6,2,12,0,0,0,1,17,60927,6,1,0,0,3,3,67,130,0,0,0,0,0,0,0,0,0,0,28,0,0,0,1,2,45,2,2,2,1,0,0,14,10,1,1,3,50,1,0
17,170598,2,2,1,7,9,7,51,12,2,1,0,17,2,2,404,2404,14,2005,1J4HR48N65C5,1,J,4,H,R,4,8,N,6,5,C,5,0,T,JEEP,LCF,4W,5,17,,1,0,1095,GCK,G,,,8,287,,,,,4335,00,E,44,0,0,000000000,00000000000,0,0,0,1,0,0,0,0,0,0,0,998,0,0,0,12,6,2,12,0,0,0,1,17,60901,1,1,0,0,2,0,75,200,0,1,0,0,0,6,2010,6,2010,0,0,0,0,0,1,2,45,3,2,2,1,0,0,14,62,1,1,1,51,0,0