STATE,ST_CASE,VEH_NO,VE_FORMS,NUMOCCS,DAY,MONTH,HOUR,MINUTE,HARM_EV,MAN_COLL,UNITTYPE,HIT_RUN,REG_STAT,OWNER,MAKE,MODEL,MAK_MOD,BODY_TYP,MOD_YEAR,VIN,VIN_1,VIN_2,VIN_3,VIN_4,VIN_5,VIN_6,VIN_7,VIN_8,VIN_9,VIN_10,VIN_11,VIN_12,TOW_VEH,VINTYPE,VINMAKE,VINA_MOD,VIN_BT,VINMODYR,VIN_LNGT,VIN_WGT,WGTCD_TR,WHLBS_LG,WHLBS_SH,SER_TR,FUELCODE,MCYCL_DS,CARBUR,CYLINDER,DISPLACE,MCYCL_CY,MCYCL_WT,TIRE_SZE,TON_RAT,TRK_WT,TRKWTVAR,VIN_REST,WHLDRWHL,J_KNIFE,MCARR_I1,MCARR_I2,MCARR_ID,GVWR,V_CONFIG,CARGO_BT,HAZ_INV,HAZ_PLAC,HAZ_ID,HAZ_CNO,HAZ_REL,BUS_USE,SPEC_USE,EMER_USE,TRAV_SP,UNDERIDE,ROLLOVER,ROLINLOC,IMPACT1,DEFORMED,TOWED,M_HARM,VEH_SC1,VEH_SC2,FIRE_EXP,DR_PRES,L_STATE,DR_ZIP,L_STATUS,L_TYPE,CDL_STAT,L_ENDORS,L_COMPL,L_RESTRI,DR_HGT,DR_WGT,PREV_ACC,PREV_SUS,PREV_DWI,PREV_SPD,PREV_OTH,FIRST_MO,FIRST_YR,LAST_MO,LAST_YR,SPEEDREL,DR_SF1,DR_SF2,DR_SF3,DR_SF4,VTRAFWAY,VNUM_LAN,VSPD_LIM,VALIGN,VPROFILE,VPAVETYP,VSURCOND,VTRAFCON,VTCONT_F,P_CRASH1,P_CRASH2,P_CRASH3,PCRASH4,PCRASH5,ACC_TYPE,DEATHS,DR_DRINK
17,170698,1,2,1,5,10,17,25,12,7,1,0,17,1,12,471,12471,30,2002,1FTYR14VX2PB,1,F,T,Y,R,1,4,V,X,2,P,B,0,T,FORD,RNS,PC,2,17,,1,0,1257,RNG,F,,,6,182,,,,B,3394,04,E,42,0,0,000000000,00000000000,0,0,0,1,0,0,0,0,0,0,0,998,0,0,0,9,6,2,12,0,0,0,1,17,62221,6,1,0,0,3,0,70,180,0,0,0,0,0,0,0,0,0,0,28,27,0,0,2,2,65,1,1,2,2,0,0,15,10,1,1,2,47,1,1
17,170698,2,2,1,5,10,17,25,12,7,1,0,40,3,51,881,51881,66,2010,4V4NC9TH0AN2,4,V,4,N,C,9,T,H,0,A,N,2,1,T,VOLV,VNL,TR,10,17,,8,0,0,VVN,D,,,6,915,,,,,00000,00,,64,1,57,146060,57146060,3,6,1,1,0,0,0,0,0,0,0,998,0,0,0,1,6,2,12,0,0,0,1,48,76002,6,1,6,0,3,0,999,999,0,0,0,0,0,0,0,0,0,0,0,0,0,0,2,2,65,1,1,2,2,0,0,1,61,1,1,1,45,0,0
17,170699,1,1,1,1,10,3,20,8,0,1,1,99,9,99,999,99999,99,9999,999999999999,9,9,9,9,9,9,9,9,9,9,9,9,0,,,,,,,,,,,,,,,,,,,,,,,,,0,99,999999999,99999999999,9,99,99,1,0,0,0,0,99,99,9,999,9,0,0,12,9,9,8,99,99,0,1,99,99999,9,9,99,9,9,9,999,999,99,99,99,99,99,99,9999,99,9999,9,99,99,99,99,1,2,40,1,1,2,1,0,0,1,80,99,9,1,13,0,0
17,170700,1,1,2,1,9,22,20,8,0,1,0,17,2,19,3,19003,4,2001,1G6KD54Y41U2,1,G,6,K,D,5,4,Y,4,1,U,2,0,P,CADI,DFW,4D,1,17,3978,,0,1138,,G,,F,8,279,,,16R225,,,,,,0,0,000000000,00000000000,0,0,0,1,0,0,0,0,0,0,0,31,0,0,0,12,6,2,8,0,0,0,1,24,60201,6,1,0,0,3,0,999,999,0,0,0,0,0,0,0,0,0,1,38,0,0,0,2,2,35,1,1,2,1,0,0,1,80,1,1,1,13,0,0
17,170701,1,2,1,10,9,20,28,12,6,1,0,17,1,23,8,23008,6,2010,1GKLVMED6AJ1,1,G,K,L,V,M,E,D,6,A,J,1,0,T,GMC,S1A,4W,10,17,,2,0,1189,ACA,G,,,6,220,,,,B,4936,00,S,44,0,0,000000000,00000000000,0,0,0,1,0,0,0,0,0,0,0,24,0,0,0,12,6,2,12,0,0,0,1,17,60655,6,1,0,0,3,0,68,170,0,0,0,0,0,0,0,0,0,0,38,0,0,0,1,2,25,3,1,2,1,20,3,11,15,1,1,1,82,0,1
17,170701,2,2,1,10,9,20,28,12,6,1,0,17,2,53,705,53705,80,1991,JS1SP41A6M21,J,S,1,S,P,4,1,A,6,M,2,1,0,M,SUZI,D6S,T,91,17,,,,,,,640,,1,,4,335,,,,,,,0,0,000000000,00000000000,0,0,0,1,0,0,0,0,0,0,0,42,0,0,0,81,6,2,12,0,0,0,1,17,60089,6,1,0,0,3,0,71,145,0,0,0,0,0,0,0,0,0,0,0,0,0,0,2,1,45,3,1,2,1,40,3,14,17,1,1,1,83,1,0
17,170702,1,1,2,30,9,11,21,42,0,1,0,17,1,20,16,20016,8,2002,1G1JC5248272,1,G,1,J,C,5,2,4,8,2,7,2,0,P,CHEV,CAC,4D,2,17,2676,,0,1041,,C,,F,4,133,,,14R195,,,,,,0,0,000000000,00000000000,0,0,0,1,0,0,0,0,0,0,0,998,0,0,0,63,6,2,42,0,0,0,1,17,60915,6,1,0,0,3,0,72,165,0,0,0,0,0,0,0,0,0,0,28,52,58,0,2,2,65,1,1,2,1,0,0,1,12,7,4,4,6,1,1
17,170703,1,2,1,10,9,16,30,12,6,1,0,17,1,12,17,12017,4,1997,1FALP51U3VG2,1,F,A,L,P,5,1,U,3,V,G,2,0,P,FORD,TRG,4D,97,17,3329,,0,1085,,G,,F,6,182,,,15R205,,,,,,0,0,000000000,00000000000,0,0,0,1,0,0,0,0,0,0,0,998,0,0,0,3,6,2,12,0,0,0,1,17,60126,6,1,0,0,3,3,59,135,0,0,0,0,1,12,2009,12,2009,1,38,0,0,0,2,2,35,1,1,2,1,3,3,11,15,1,1,1,68,0,0
17,170703,2,2,1,10,9,16,30,12,6,1,0,17,1,53,706,53706,80,2011,JS1VS55A4B21,J,S,1,V,S,5,5,A,4,B,2,1,0,M,SUZI,VL8,RS,11,17,,,,,,,805,,2,,4,611,,,,,,,0,0,000000000,00000000000,0,0,0,1,0,0,0,0,0,0,0,998,0,0,0,12,6,2,12,0,0,0,1,17,60639,6,1,0,0,3,0,67,235,0,0,0,0,0,0,0,0,0,0,0,0,0,0,2,2,35,1,1,2,1,3,3,1,62,1,1,1,69,1,0
17,170704,1,1,2,4,11,0,58,34,0,1,0,17,1,35,47,35047,4,2006,1N4AL11D66C1,1,N,4,A,L,1,1,D,6,6,C,1,0,P,NISS,ASL,4D,6,17,2915,,0,1102,,G,,F,4,153,,,16R215,,,,,,0,0,000000000,00000000000,0,0,0,1,0,0,0,0,0,0,0,999,0,1,5,12,6,2,1,0,0,0,1,17,61275,6,1,0,0,3,0,66,160,0,1,0,1,0,9,2011,11,2011,1,8,0,0,0,1,2,98,2,1,2,1,0,0,14,13,7,3,4,1,1,1
17,170705,1,2,2,19,10,10,24,12,6,1,0,17,1,20,37,20037,4,2007,1G1ZS58F57F1,1,G,1,Z,S,5,8,F,5,7,F,1,0,P,CHEV,M/L,4D,7,17,3122,,0,1063,,G,,F,4,134,,,15R205,,,,,,0,0,000000000,00000000000,0,0,0,1,0,0,0,0,0,0,0,998,0,0,0,3,6,2,12,0,0,0,1,17,60460,6,1,0,0,3,0,64,119,0,0,0,0,0,0,0,0,0,0,38,0,0,0,3,2,45,1,1,2,2,1,3,11,15,1,1,1,68,2,0
17,170705,2,2,1,19,10,10,24,12,6,1,0,17,3,84,881,84881,66,2007,2HSCESBR77C4,2,H,S,C,E,S,B,R,7,7,C,4,1,T,INTL,92I,TR,7,17,,8,0,0,920,D,,,6,763,,,,,00000,00,,64,1,57,00104080,5700104080,3,6,3,1,0,0,0,0,0,0,0,35,0,0,0,12,6,2,12,0,0,0,1,17,61516,6,1,6,0,3,0,71,240,0,0,0,0,1,3,2012,3,2012,0,0,0,0,0,2,2,45,1,1,2,2,1,3,1,62,4,1,1,69,0,0
17,170706,1,1,1,7,11,18,15,34,0,1,0,17,1,23,481,23481,31,1999,1GKEK13R4XJ7,1,G,K,E,K,1,3,R,4,X,J,7,0,T,GMC,YUK,4W,99,17,,2,0,1175,YUK,G,,,8,350,,,,B,5268,00,E,44,0,0,000000000,00000000000,0,0,0,1,0,0,0,0,0,0,0,999,0,1,4,11,6,2,1,0,0,0,1,17,62232,6,1,0,0,2,0,65,146,0,0,0,0,0,0,0,0,0,9,27,0,0,0,6,1,65,2,1,1,1,0,0,14,12,7,3,4,7,1,0
17,170707,1,1,1,3,10,20,35,8,0,1,0,17,1,2,404,2404,14,2002,1J4GW48S62C2,1,J,4,G,W,4,8,S,6,2,C,2,0,T,JEEP,LRO,4W,2,17,,1,0,1059,GCK,G,,,6,244,,,,,3868,01,E,44,0,0,000000000,00000000000,0,0,0,1,0,0,0,0,0,0,0,998,0,0,0,12,6,2,8,0,0,0,1,17,62206,6,1,0,0,3,0,72,200,0,0,0,0,0,0,0,0,0,1,38,39,0,0,2,2,25,1,1,2,1,20,3,1,80,1,1,1,13,0,0
17,170709,1,1,3,18,10,3,42,8,0,1,0,17,3,20,2,20002,4,2010,2G1WB5EN1A12,2,G,1,W,B,5,E,N,1,A,1,2,0,P,CHEV,IMT,4D,10,17,3555,,0,1105,,G,,F,6,214,,,16R225,,,,,,0,0,000000000,00000000000,0,0,0,1,0,0,0,0,0,1,0,998,0,0,0,12,2,1,8,0,0,0,1,17,60626,6,1,0,0,3,0,66,170,0,0,0,1,0,7,2012,7,2012,1,0,0,0,0,1,4,30,1,1,2,1,0,0,1,80,1,1,1,13,0,0
17,170710,1,2,1,23,10,6,35,12,2,1,0,17,1,20,471,20471,30,1998,1GCCS19X4W81,1,G,C,C,S,1,9,X,4,W,8,1,0,T,CHEV,S14,PC,98,17,,1,0,1229,S,G,,,6,262,,,,B,3222,00,,42,0,0,000000000,00000000000,0,0,0,1,0,0,0,0,0,0,0,998,0,0,0,12,6,2,12,0,0,0,1,17,62823,6,1,0,0,3,3,67,146,0,0,0,0,0,0,0,0,0,0,28,0,0,0,1,2,55,1,1,2,1,0,0,1,10,1,1,2,50,1,0
17,170710,2,2,1,23,10,6,35,12,2,1,0,17,1,6,52,6052,1,2005,3C4FY58B35T5,3,C,4,F,Y,5,8,B,3,5,T,5,0,P,CHRY,PTC,SV,5,17,3033,,0,1030,,G,,F,4,148,,,15R195,,,,,,0,0,000000000,00000000000,0,0,0,1,0,0,0,0,0,0,0,998,0,0,0,12,6,2,12,0,0,0,1,17,62837,6,1,0,0,3,3,65,105,0,0,0,0,0,0,0,0,0,0,0,0,0,0,1,2,55,1,1,2,1,0,0,1,62,1,1,1,51,0,0
17,170711,1,1,1,25,10,0,20,33,0,1,0,17,1,72,706,72706,80,1999,1HD1GEV16XY3,1,H,D,1,G,E,V,1,6,X,Y,3,0,M,HD,FWG,RS,99,17,,,,,,,1450,,2,,4,612,,,,,,,0,0,000000000,00000000000,0,0,0,1,0,0,0,0,0,0,0,85,0,0,0,12,6,2,33,0,0,0,1,17,61525,6,1,0,0,3,0,70,165,0,0,0,0,0,0,0,0,0,1,99,99,99,99,1,2,40,1,1,1,1,0,0,1,13,1,1,4,1,1,1
17,170712,1,2,1,20,10,8,10,12,1,1,0,17,1,12,3,12003,2,2004,1FAFP42R44F1,1,F,A,F,P,4,2,R,4,4,F,1,0,P,FORD,MM1,CP,4,17,3114,,0,1013,,G,,F,8,281,,,17R245,,,,,,0,0,000000000,00000000000,0,0,0,1,0,0,0,0,0,0,0,85,0,0,0,12,6,2,12,0,0,0,1,17,62234,6,1,0,0,3,3,70,150,0,0,0,0,0,0,0,0,0,1,27,36,0,0,3,2,65,1,1,2,1,0,0,1,51,1,1,1,24,0,1
17,170712,2,2,2,20,10,8,10,12,1,1,0,17,2,20,481,20481,31,2005,2GCEC13T3513,2,G,C,E,C,1,3,T,3,5,1,3,0,T,CHEV,SC1,CW,5,17,,2,0,1435,SIL,G,,,8,323,,,,B,4986,00,,42,0,0,000000000,00000000000,0,0,0,1,0,0,0,0,0,0,0,72,0,1,1,6,6,2,1,0,0,0,1,17,62040,6,1,0,0,3,0,68,200,0,0,0,0,2,4,2010,2,2011,0,0,0,0,0,3,2,65,1,1,2,1,0,0,1,53,1,1,1,25,1,0
17,170713,1,2,1,12,10,22,32,12,6,1,0,17,1,23,422,23422,15,2004,1GKEK63U94J1,1,G,K,E,K,6,3,U,9,4,J,1,0,T,GMC,NAL,4W,4,17,,2,0,1160,YUK,G,,,8,364,,,,B,5534,00,4,44,0,0,000000000,00000000000,0,0,0,1,0,0,0,0,0,0,0,9,0,0,0,11,6,2,12,0,0,0,1,17,60954,1,1,0,0,2,0,66,175,0,2,1,0,0,4,2010,11,2010,0,38,0,0,0,0,0,0,0,0,0,0,0,0,11,15,1,1,1,82,0,1
17,170713,2,2,1,12,10,22,32,12,6,1,0,17,1,12,13,12013,2,1996,1FASP11J3TW1,1,F,A,S,P,1,1,J,3,T,W,1,0,P,FORD,LXE,2H,96,17,2356,,0,984,,G,,F,4,113,,,14R175,,,,,,0,0,000000000,00000000000,0,0,0,1,0,0,0,0,0,0,0,71,0,0,0,12,6,2,12,0,0,0,1,17,60609,6,1,0,0,3,0,76,220,0,0,0,2,1,6,2012,8,2012,0,0,0,0,0,1,2,55,1,1,2,1,0,0,1,72,1,1,1,83,1,0
17,170714,1,1,1,25,10,22,36,42,0,1,0,17,5,20,431,20431,16,1997,1GNFK16R4VJ3,1,G,N,F,K,1,6,R,4,V,J,3,0,P,CHEV,K15,UT,97,17,5234,,0,1315,,G,,F,8,350,,,16R245,,,,,,0,0,000000000,00000000000,0,0,0,1,0,0,0,0,0,0,0,998,0,1,5,81,6,2,1,0,0,1,1,17,60432,6,1,0,0,3,0,72,180,0,0,0,0,0,0,0,0,0,1,58,83,0,0,1,2,40,1,1,2,2,0,0,1,87,6,4,4,7,1,1
17,170715,1,3,1,21,10,12,40,12,6,1,0,55,2,53,705,53705,80,1993,JS1GN72A8P21,J,S,1,G,N,7,2,A,8,P,2,1,0,M,SUZI,GX6,RC,93,17,,,,,,,599,,4,,4,438,,,,,,,0,0,000000000,00000000000,0,0,0,1,0,0,0,0,0,0,0,998,0,0,0,12,6,2,12,0,0,0,1,55,53511,6,1,0,0,3,0,71,185,0,0,0,0,0,0,0,0,0,1,36,6,8,0,1,4,40,1,3,2,1,0,0,1,70,1,1,1,77,1,0
17,170715,2,3,2,21,10,12,40,12,6,1,0,17,2,7,25,7025,5,2009,1B3HB48A39D1,1,B,3,H,B,4,8,A,3,9,D,1,0,P,DODG,CXT,4D,9,17,3039,,0,1037,,G,,F,4,122,,,17R215,,,,,,0,0,000000000,00000000000,0,0,0,1,0,0,0,0,0,0,0,998,0,0,0,3,6,2,12,0,0,1,1,17,61107,6,1,0,0,3,3,69,150,0,0,0,0,0,0,0,0,0,0,38,0,0,0,0,0,0,0,0,0,0,0,0,11,15,1,1,1,76,0,0
17,170715,3,3,4,21,10,12,40,12,6,1,0,17,2,24,7,24007,4,2004,1G8AJ52F84Z1,1,G,8,A,J,5,2,F,8,4,Z,1,0,P,STRN,SI2,4D,4,17,2808,,0,1032,,G,,F,4,134,,,15R195,,,,,,0,0,000000000,00000000000,0,0,0,1,0,0,0,0,0,0,0,0,0,0,0,12,6,2,12,0,0,0,1,17,61109,6,1,0,0,3,3,71,203,0,0,0,0,0,0,0,0,0,0,54,0,0,0,1,2,40,1,1,2,1,20,3,5,17,1,1,1,98,0,0
17,170716,1,1,3,14,10,0,58,17,0,1,0,17,1,12,471,12471,30,1995,1FTCR14A1SPA,1,F,T,C,R,1,4,A,1,S,P,A,0,T,FORD,RNS,PC,95,17,,1,0,1250,RNG,G,,,4,140,,,,B,00000,00,M,42,0,0,000000000,00000000000,0,0,0,1,0,0,0,0,0,0,0,999,0,1,5,12,6,2,1,0,0,0,1,17,61443,1,1,0,0,2,2,67,175,0,2,0,0,0,5,2012,6,2012,9,39,74,0,0,1,2,30,1,2,2,2,20,3,2,14,3,2,4,14,1,1
17,170717,1,2,1,26,10,17,0,12,2,1,0,17,1,7,442,7442,20,2002,2B4GP44362R7,2,B,4,G,P,4,4,3,6,2,R,7,0,T,DODG,GSP,ES,2,17,,1,0,1193,CAR,F,,,6,201,,,,,4002,00,E,42,0,0,000000000,00000000000,0,0,0,1,0,0,0,0,0,0,0,998,0,0,0,12,6,2,12,0,0,0,1,17,62931,6,1,0,0,3,3,70,209,0,0,0,0,0,0,0,0,0,1,27,33,35,36,1,2,55,2,1,2,1,28,3,6,54,1,1,1,50,1,0
17,170717,2,2,1,26,10,17,0,12,2,1,0,17,3,87,881,87881,66,1997,1XP5DB9X8VN4,1,X,P,5,D,B,9,X,8,V,N,4,1,T,PTRB,379,TR,97,17,,8,0,0,CON,D,,,6,893,,,,,00000,00,,64,1,57,323818,57323818,3,6,4,1,0,0,0,0,0,0,0,998,0,0,0,12,6,2,12,0,0,0,1,17,62946,6,1,6,0,3,3,70,350,1,0,0,0,2,4,2010,4,2011,0,0,0,0,0,1,2,55,3,1,2,1,28,3,14,54,7,1,1,51,0,0
17,170718,1,2,3,17,10,19,10,12,6,1,0,17,1,18,2,18002,4,2000,1G4HP54K7Y42,1,G,4,H,P,5,4,K,7,Y,4,2,0,P,BUIC,LCF,4D,0,17,3567,,0,1122,,G,,F,6,231,,,15R215,,,,,,0,0,000000000,00000000000,0,0,0,1,0,0,0,0,0,0,0,998,0,0,0,3,6,2,12,0,0,0,1,17,61032,6,1,0,0,3,0,66,144,0,0,0,0,0,0,0,0,0,0,38,0,0,0,1,2,55,1,1,2,2,20,3,1,17,1,1,1,87,2,0
17,170718,2,2,1,17,10,19,10,12,6,1,0,17,1,20,481,20481,31,1992,1GCEK14K7NE1,1,G,C,E,K,1,4,K,7,N,E,1,0,T,CHEV,GK1,PK,92,17,,2,1315,1175,GM4,G,,,8,350,,,,B,4147,02,,44,0,0,000000000,00000000000,0,0,0,1,0,0,0,0,0,0,0,998,0,0,0,12,6,2,12,0,0,0,1,17,61030,6,1,6,0,3,0,72,160,0,0,0,0,0,0,0,0,0,0,0,0,0,0,1,2,55,1,1,2,2,0,0,1,66,1,1,1,86,0,0
17,170719,1,1,1,24,10,18,10,42,0,1,0,17,1,72,706,72706,80,2009,1HD1FC4149Y6,1,H,D,1,F,C,4,1,4,9,Y,6,0,M,HD,FLU,RS,9,17,,,,,,,1584,,2,,4,889,,,,,,,0,0,000000000,00000000000,0,0,0,1,0,0,0,0,0,0,0,998,0,0,0,9,6,2,42,0,0,0,1,17,62262,6,1,0,0,3,3,70,210,0,0,0,0,0,0,0,0,0,0,0,0,0,0,1,2,55,3,2,2,1,0,0,14,13,1,1,4,1,1,1
17,170720,1,1,1,29,10,14,9,1,0,1,0,53,1,12,481,12481,31,2005,1FTSW21P35ED,1,F,T,S,W,2,1,P,3,5,E,D,1,T,FORD,F2S,CW,5,17,,2,1724,1562,SRW,D,,,8,366,,,,C,6538,00,E,44,1,0,000000000,00000000000,0,0,0,1,0,0,0,0,0,0,0,998,0,2,3,0,6,2,1,0,0,0,1,53,99212,6,1,0,0,3,3,73,230,0,0,0,0,0,0,0,0,0,0,58,52,0,0,2,2,65,2,1,2,1,0,0,14,12,7,2,4,6,1,0
17,170721,1,2,1,17,10,12,20,12,2,1,0,17,1,24,7,24007,4,2004,1G8AL52F84Z1,1,G,8,A,L,5,2,F,8,4,Z,1,0,P,STRN,SI3,4D,4,17,2830,,0,1032,,G,,F,4,134,,,16R205,,,,,,0,0,000000000,00000000000,0,0,0,1,0,0,0,0,0,0,0,998,0,0,0,12,6,2,12,0,0,0,1,17,60950,6,1,0,0,3,3,63,170,0,0,0,0,0,0,0,0,0,0,28,51,0,0,1,4,55,1,1,2,1,0,0,1,10,1,1,2,50,1,0
17,170721,2,2,1,17,10,12,20,12,2,1,0,17,3,82,881,82881,66,1992,1FUYDRYB3NP5,1,F,U,Y,D,R,Y,B,3,N,P,5,1,T,FRHT,FLD,TR,92,17,,8,0,0,CON,D,,,6,893,,,,,00000,00,,64,1,57,1539514,571539514,3,6,4,1,0,0,0,0,0,0,0,998,0,0,0,12,6,2,12,0,0,0,1,17,60915,6,1,6,0,3,3,69,160,0,0,0,0,0,0,0,0,0,0,0,0,0,0,1,4,55,1,1,2,1,0,0,1,62,1,1,1,51,0,0
17,170722,1,2,3,30,10,18,25,12,6,1,0,17,1,20,421,20421,15,2001,1GNEK13T41R1,1,G,N,E,K,1,3,T,4,1,R,1,0,P,CHEV,KTA,UT,1,17,5050,,0,1160,,G,,F,8,325,,,16R245,,,,,,0,0,000000000,00000000000,0,0,0,1,0,0,0,0,0,0,0,998,0,0,0,12,6,2,12,0,0,0,1,17,62565,6,1,0,0,3,0,71,260,0,0,0,0,0,0,0,0,0,1,38,0,0,0,1,2,55,1,1,2,1,20,3,1,17,1,1,1,88,0,1
17,170722,2,2,1,30,10,18,25,12,6,1,0,17,2,20,481,20481,31,1985,1GCEK14H9FS1,1,G,C,E,K,1,4,H,9,F,S,1,0,T,CHEV,K10,PK,85,17,,2,1315,1175,K10,G,,,8,305,,,,B,3319,14,,44,0,0,000000000,00000000000,0,0,0,1,0,0,0,0,0,0,0,998,0,1,5,63,6,2,1,0,0,0,1,17,62565,6,1,0,0,3,0,75,160,0,0,0,0,0,0,0,0,0,0,0,0,0,0,1,2,55,1,1,2,1,0,0,1,17,1,1,1,89,1,0
17,170723,1,2,1,2,11,11,50,12,2,1,0,48,1,7,24,7024,4,2009,2B3KA43D89H5,2,B,3,K,A,4,3,D,8,9,H,5,0,P,DODG,CHA,4D,9,17,3820,,0,1200,,G,,F,6,165,,,17R215,,,,,,0,0,000000000,00000000000,0,0,0,1,0,0,0,0,0,0,0,998,0,0,0,12,6,2,12,0,0,0,1,17,61938,6,1,0,0,3,0,70,200,0,0,0,0,0,0,0,0,0,0,28,0,0,0,1,2,55,1,1,2,1,0,0,1,10,1,1,4,50,1,0
17,170723,2,2,1,2,11,11,50,12,2,1,0,17,3,84,881,84881,66,2005,2HSCEAHR45C1,2,H,S,C,E,A,H,R,4,5,C,1,1,T,INTL,92I,TR,5,17,,8,0,0,920,D,,,6,661,,,,,00000,00,,64,1,57,269738,57269738,3,6,4,1,0,0,0,0,0,0,0,998,0,0,0,12,6,2,12,0,0,0,1,17,62428,6,1,6,0,3,0,70,265,0,0,0,0,0,0,0,0,0,0,84,0,0,0,1,2,55,1,1,2,1,0,0,1,62,9,1,4,51,0,0
17,170724,1,2,1,3,11,18,59,12,2,1,0,17,1,12,481,12481,31,2000,1FTZX1724YNB,1,F,T,Z,X,1,7,2,4,Y,N,B,0,T,FORD,F15,4C,0,17,,1,1571,1385,COF,G,,,6,256,,,,B,4204,05,U,42,0,0,000000000,00000000000,0,0,0,1,0,0,0,0,0,0,0,998,0,0,0,12,6,2,12,0,0,0,1,17,62627,6,1,0,0,3,0,71,260,0,0,0,0,0,0,0,0,0,1,27,51,35,21,1,2,55,1,1,2,1,0,0,6,54,1,1,1,50,0,1
17,170724,2,2,1,3,11,18,59,12,2,1,0,17,1,35,43,35043,4,1998,1N4AB41D9WC7,1,N,4,A,B,4,1,D,9,W,C,7,0,P,NISS,EXE,4D,98,17,2353,,0,998,,G,,F,4,097,,,13R155,,,,,,0,0,000000000,00000000000,0,0,0,1,0,0,0,0,0,0,0,998,0,0,0,12,6,2,12,0,0,0,1,17,62712,6,1,0,0,3,3,66,135,0,0,0,0,0,0,0,0,0,0,0,0,0,0,1,2,55,1,1,2,1,0,0,1,54,1,1,1,51,1,0
17,170725,1,2,3,6,11,19,38,12,6,1,0,17,2,21,21,21021,4,1998,1G3NL52M2WM3,1,G,3,N,L,5,2,M,2,W,M,3,0,P,OLDS,ASL,4D,98,17,2917,,0,1034,,G,,F,6,191,,,15R195,,,,,,0,0,000000000,00000000000,0,0,0,1,0,0,0,0,0,0,0,998,0,0,0,9,6,2,12,0,0,0,1,17,60435,6,1,0,0,3,0,63,180,0,2,0,0,0,7,2012,10,2012,0,38,0,0,0,1,2,30,1,1,2,2,20,3,1,17,1,1,1,89,1,1
17,170725,2,2,1,6,11,19,38,12,6,1,0,17,1,7,403,7403,14,2008,1D8GU58688W1,1,D,8,G,U,5,8,6,8,8,W,1,0,P,DODG,NIT,UT,8,17,4151,,0,1088,,G,,F,6,241,,,17R235,,,,,,0,0,000000000,00000000000,0,0,0,1,0,0,0,0,0,0,0,35,0,0,0,12,6,2,12,0,0,0,1,17,60436,6,1,0,0,3,3,68,230,0,0,0,1,0,3,2010,3,2010,0,0,0,0,0,1,2,30,1,1,2,2,0,0,1,66,1,1,1,88,0,0
17,170726,1,1,1,23,10,11,52,45,0,1,0,17,2,23,471,23471,30,2000,1GTCS1952Y82,1,G,T,C,S,1,9,5,2,Y,8,2,0,T,GMC,SON,PC,0,17,,1,0,1229,SON,F,,,4,133,,,,B,3242,00,U,42,0,0,000000000,00000000000,0,0,0,1,0,0,0,0,0,0,0,998,0,0,0,12,6,2,45,0,0,0,1,39,44122,6,1,0,0,3,3,70,225,0,0,0,1,0,4,2012,4,2012,0,27,0,0,0,3,3,65,1,1,2,1,0,0,1,12,1,1,4,15,1,0
17,170727,1,1,1,6,8,8,58,1,0,1,0,17,1,72,706,72706,80,2002,1HD1FWW152Y6,1,H,D,1,F,W,W,1,5,2,Y,6,0,M,HD,FHT,RS,2,17,,,,,,,1450,,2,,4,758,,,,,,,0,0,000000000,00000000000,0,0,0,1,0,0,0,0,0,0,0,998,0,0,0,0,6,2,1,0,0,0,1,17,60558,6,1,0,0,3,0,75,230,0,0,0,0,0,0,0,0,0,0,28,0,0,0,2,2,45,1,1,2,1,0,0,1,13,1,1,4,1,1,0
17,170728,1,1,1,30,9,17,7,1,0,1,0,17,1,12,401,12401,14,1998,1FMZU34E9WUB,1,F,M,Z,U,3,4,E,9,W,U,B,0,P,FORD,EPR,UT,98,17,4146,,0,1115,,G,,F,6,245,,,15R225,,,,,,0,0,000000000,00000000000,0,0,0,1,0,0,0,0,0,0,0,998,0,1,5,0,6,2,1,0,0,0,1,17,60124,6,1,6,0,3,0,70,240,0,0,0,0,0,0,0,0,0,0,58,0,0,0,1,2,45,2,1,2,1,0,0,14,13,6,2,4,1,1,1
17,170729,1,1,4,2,9,19,53,8,0,1,0,17,1,6,54,6054,6,2006,2A4GF68426R6,2,A,4,G,F,6,8,4,2,6,R,6,0,P,CHRY,PIF,UT,6,17,4507,,0,1160,,G,,F,6,214,,,17R235,,,,,,0,0,000000000,00000000000,0,0,0,1,0,0,0,0,0,0,0,34,0,0,0,12,2,1,8,0,0,0,1,17,60409,6,1,0,0,3,0,67,180,0,0,0,0,0,0,0,0,0,0,0,0,0,0,1,4,40,1,1,2,1,0,0,1,80,1,1,1,13,0,0
17,170730,1,1,1,6,10,6,15,1,0,1,0,17,2,12,401,12401,14,2002,1FMZU73E92UA,1,F,M,Z,U,7,3,E,9,2,U,A,0,P,FORD,EPR,UT,2,17,4378,,0,1137,,G,,F,6,245,,,16R235,,,,,,0,0,000000000,00000000000,0,0,0,1,0,0,0,0,0,0,0,998,0,1,5,0,6,2,1,0,0,0,1,17,62275,6,1,0,0,3,0,70,140,0,0,0,0,0,0,0,0,0,0,58,0,0,0,1,2,55,1,1,2,1,0,0,1,12,7,2,4,6,1,0
17,170731,1,2,1,10,11,1,32,12,2,1,0,17,1,35,401,35401,14,2011,5N1AA0NC8BN6,5,N,1,A,A,0,N,C,8,B,N,6,0,P,NISS,ARM,UT,11,17,5661,,0,1232,,G,,F,8,342,,,18R265,,,,,,0,0,000000000,00000000000,0,0,0,1,0,0,0,0,0,0,0,998,0,0,0,12,6,2,2,0,0,1,1,29,62269,6,1,6,0,3,0,72,286,0,0,0,1,1,5,2011,11,2012,0,50,36,84,0,2,2,65,3,1,2,1,0,0,14,54,7,1,4,62,1,0