STATE,ST_CASE,VEH_NO,VE_FORMS,NUMOCCS,DAY,MONTH,HOUR,MINUTE,HARM_EV,MAN_COLL,UNITTYPE,HIT_RUN,REG_STAT,OWNER,MAKE,MODEL,MAK_MOD,BODY_TYP,MOD_YEAR,VIN,VIN_1,VIN_2,VIN_3,VIN_4,VIN_5,VIN_6,VIN_7,VIN_8,VIN_9,VIN_10,VIN_11,VIN_12,TOW_VEH,VINTYPE,VINMAKE,VINA_MOD,VIN_BT,VINMODYR,VIN_LNGT,VIN_WGT,WGTCD_TR,WHLBS_LG,WHLBS_SH,SER_TR,FUELCODE,MCYCL_DS,CARBUR,CYLINDER,DISPLACE,MCYCL_CY,MCYCL_WT,TIRE_SZE,TON_RAT,TRK_WT,TRKWTVAR,VIN_REST,WHLDRWHL,J_KNIFE,MCARR_I1,MCARR_I2,MCARR_ID,GVWR,V_CONFIG,CARGO_BT,HAZ_INV,HAZ_PLAC,HAZ_ID,HAZ_CNO,HAZ_REL,BUS_USE,SPEC_USE,EMER_USE,TRAV_SP,UNDERIDE,ROLLOVER,ROLINLOC,IMPACT1,DEFORMED,TOWED,M_HARM,VEH_SC1,VEH_SC2,FIRE_EXP,DR_PRES,L_STATE,DR_ZIP,L_STATUS,L_TYPE,CDL_STAT,L_ENDORS,L_COMPL,L_RESTRI,DR_HGT,DR_WGT,PREV_ACC,PREV_SUS,PREV_DWI,PREV_SPD,PREV_OTH,FIRST_MO,FIRST_YR,LAST_MO,LAST_YR,SPEEDREL,DR_SF1,DR_SF2,DR_SF3,DR_SF4,VTRAFWAY,VNUM_LAN,VSPD_LIM,VALIGN,VPROFILE,VPAVETYP,VSURCOND,VTRAFCON,VTCONT_F,P_CRASH1,P_CRASH2,P_CRASH3,PCRASH4,PCRASH5,ACC_TYPE,DEATHS,DR_DRINK
17,170801,1,2,1,15,8,21,34,12,6,1,0,17,1,37,32,37032,4,2005,1HGCM56765A0,1,H,G,C,M,5,6,7,6,5,A,0,0,P,HOND,UEX,4D,5,17,3203,,0,1079,,G,,F,4,146,,,16R205,,,,,,0,0,000000000,00000000000,0,0,0,1,0,0,0,0,0,0,0,998,0,0,0,12,6,2,12,0,0,0,1,17,60172,6,1,0,0,3,1,75,235,0,0,0,2,0,11,2010,7,2012,0,0,0,0,0,1,2,55,1,1,2,1,20,3,1,17,2,1,1,88,0,0
17,170801,2,2,1,15,8,21,34,12,6,1,0,17,1,54,31,54031,3,1997,JH4DC2384VS0,J,H,4,D,C,2,3,8,4,V,S,0,0,P,ACUR,GSR,2H,97,17,2601,,0,1012,,G,,F,4,110,,,15R195,,,,,,0,0,000000000,00000000000,0,0,0,1,0,0,0,0,0,0,0,998,0,0,0,9,6,2,12,0,0,0,1,17,61046,6,1,0,0,3,0,72,185,0,0,0,0,0,0,0,0,0,0,0,0,0,0,1,2,55,1,1,2,2,0,0,1,68,1,1,1,89,1,0
17,170802,1,2,1,14,11,17,8,12,1,1,0,17,2,7,472,7472,30,1999,1B7GL22X2XS1,1,B,7,G,L,2,2,X,2,X,S,1,0,T,DODG,DAK,PC,99,17,,1,0,1309,DAK,G,,,6,239,,,,,3484,00,U,42,0,0,000000000,00000000000,0,0,0,1,0,0,0,0,0,0,0,998,0,0,0,12,6,2,12,0,0,0,1,17,62521,6,1,0,0,3,3,62,110,0,0,0,1,0,3,2012,3,2012,0,26,0,0,0,1,4,40,2,2,2,1,0,0,14,50,1,1,1,20,1,0
17,170802,2,2,1,14,11,17,8,12,1,1,0,17,3,84,981,84981,50,2004,4DRBRABP24A9,4,D,R,B,R,A,B,P,2,4,A,9,0,T,INTL,,BU,4,17,,7,,,,D,,,8,444,,,,,,,,42,0,88,888888888,88888888888,3,21,22,1,0,0,0,0,1,0,0,0,0,0,0,6,6,2,12,0,0,0,1,17,62522,6,1,6,1,3,0,71,280,0,0,0,0,0,0,0,0,0,0,54,0,0,0,1,4,40,2,2,2,1,0,0,5,53,1,1,1,22,0,0
17,170803,1,1,1,17,11,12,9,1,0,1,0,17,1,76,706,76706,80,2000,JYAVP02E8YA0,J,Y,A,V,P,0,2,E,8,Y,A,0,0,M,YAMA,XAL,RS,0,17,,,,,,,1602,,2,,4,710,,,,,,,0,0,000000000,00000000000,0,0,0,1,0,0,0,0,0,0,0,998,0,0,0,0,6,2,1,0,0,0,1,17,61081,6,1,0,0,3,0,72,200,0,0,0,0,1,7,2011,7,2011,0,0,0,0,0,1,2,55,1,3,2,1,0,0,1,9,99,7,3,98,1,0
17,170804,1,1,1,19,11,17,45,9,0,1,0,17,1,35,49,35049,6,2012,JN8AZ1MW0CW2,J,N,8,A,Z,1,M,W,0,C,W,2,0,P,NISS,MUR,UT,12,17,4025,,0,1112,,G,,F,6,214,,,18R235,,,,,,0,0,000000000,00000000000,0,0,0,1,0,0,0,0,0,0,0,998,0,0,0,9,6,2,9,0,0,0,1,17,60504,6,1,0,0,3,0,62,185,0,0,0,2,0,4,2011,12,2011,0,0,0,0,0,2,2,35,1,1,2,1,0,0,1,80,1,1,1,13,0,0
17,170805,1,1,1,4,11,0,26,8,0,1,1,99,9,99,499,99499,39,9999,999999999999,9,9,9,9,9,9,9,9,9,9,9,9,0,,,,,,,,,,,,,,,,,,,,,,,,,0,0,000000000,00000000000,0,0,0,1,0,0,0,0,0,0,0,998,0,0,0,12,9,1,8,0,0,0,1,99,99999,9,9,99,9,9,9,999,999,99,99,99,99,99,99,9999,99,9999,0,99,99,99,99,5,5,35,1,1,2,1,0,0,1,13,1,1,4,1,0,0
17,170806,1,2,1,22,11,9,41,12,2,1,0,17,1,37,31,37031,2,2006,2HGFG12816H5,2,H,G,F,G,1,2,8,1,6,H,5,0,P,HOND,UAX,CP,6,17,2767,,0,1043,,G,,F,4,110,,,16R205,,,,,,0,0,000000000,00000000000,0,0,0,1,0,0,0,0,0,0,0,998,0,0,0,12,6,2,12,0,0,0,1,17,61061,6,1,0,0,3,3,66,270,0,0,0,1,0,2,2012,2,2012,0,28,0,0,0,1,2,55,2,2,2,1,40,3,14,10,1,1,2,50,1,0
17,170806,2,2,1,22,11,9,41,12,2,1,0,17,1,7,20,7020,4,2002,1B3ES26C92D5,1,B,3,E,S,2,6,C,9,2,D,5,0,P,DODG,NEO,4D,2,17,2604,,0,1050,,G,,F,4,122,,,14R185,,,,,,0,0,000000000,00000000000,0,0,0,1,0,0,0,0,0,0,0,998,0,0,0,12,6,2,12,0,0,0,1,17,61054,6,1,0,0,3,0,61,146,0,0,0,0,0,0,0,0,0,0,0,0,0,0,1,2,55,3,2,2,1,28,3,14,62,99,1,1,51,1,0
17,170807,1,1,1,31,10,14,40,46,0,1,0,17,1,35,43,35043,4,2002,3N1CB51D42L6,3,N,1,C,B,5,1,D,4,2,L,6,0,P,NISS,XGX,4D,2,17,2441,,0,998,,G,,F,4,108,,,14R185,,,,,,0,0,000000000,00000000000,0,0,0,1,0,0,0,0,0,0,0,998,0,0,0,12,6,2,46,0,0,0,1,17,60041,6,1,0,0,3,0,72,200,0,0,0,0,0,0,0,0,0,0,28,0,0,0,2,2,55,1,3,2,1,1,3,1,12,99,1,4,6,1,0
17,170808,1,1,1,29,11,16,52,8,0,1,0,17,1,12,17,12017,4,2007,1FAFP53U87A1,1,F,A,F,P,5,3,U,8,7,A,1,0,P,FORD,TSE,4D,7,17,3307,,0,1085,,G,,F,6,183,,,16R215,,,,,,0,0,000000000,00000000000,0,0,0,1,0,0,0,0,0,0,0,998,0,0,0,12,2,1,8,0,0,0,1,17,60452,6,1,0,0,3,0,62,250,0,0,0,0,0,0,0,0,0,0,0,0,0,0,3,3,98,1,1,2,1,0,0,1,80,1,1,1,13,0,0
17,170809,1,2,1,11,11,13,14,12,2,1,0,17,1,20,443,20443,20,2003,1GNDX03E43D1,1,G,N,D,X,0,3,E,4,3,D,1,0,T,CHEV,VTR,ES,3,17,,1,0,1200,VTR,G,,,6,207,,,,,3699,01,,42,0,0,000000000,00000000000,0,0,0,1,0,0,0,0,0,0,0,998,0,0,0,12,6,2,12,0,0,0,1,17,62627,6,1,0,0,3,0,69,160,0,0,0,0,0,0,0,0,0,0,28,0,0,0,1,2,20,1,1,2,1,0,0,1,10,1,1,2,50,1,0
17,170809,2,2,1,11,11,13,14,12,2,1,0,17,1,12,481,12481,31,1998,1FTRF18L9WKB,1,F,T,R,F,1,8,L,9,W,K,B,0,T,FORD,F15,PK,98,17,,2,1390,1200,COF,G,,,8,330,,,,B,4260,01,E,44,0,0,000000000,00000000000,0,0,0,1,0,0,0,0,0,0,0,0,0,0,0,12,2,1,12,0,0,0,1,17,62622,6,1,0,0,3,0,71,225,0,0,0,0,0,0,0,0,0,0,0,0,0,0,1,2,20,1,1,2,1,0,0,5,62,2,1,1,51,0,0
17,170810,1,2,1,21,11,7,32,12,6,1,0,17,1,12,481,12481,31,2005,1FTSX21P95EC,1,F,T,S,X,2,1,P,9,5,E,C,0,T,FORD,F2S,4C,5,17,,2,1580,1418,SRW,D,,,8,366,,,,C,6299,00,U,44,0,0,000000000,00000000000,0,0,0,1,0,0,0,0,0,0,0,998,0,0,0,11,6,2,12,0,0,0,1,17,61873,6,1,0,0,3,0,76,210,0,0,0,0,0,0,0,0,0,0,39,0,0,0,1,2,55,1,1,2,1,20,3,1,17,1,1,1,89,0,0
17,170810,2,2,1,21,11,7,32,12,6,1,0,17,1,49,32,49032,4,2009,JTDBL40E59J0,J,T,D,B,L,4,0,E,5,9,J,0,0,P,TOYT,CLB,4D,9,17,2723,,0,1024,,G,,F,4,110,,,15R195,,,,,,0,0,000000000,00000000000,0,0,0,1,0,0,0,0,0,0,0,998,0,0,0,12,6,2,12,0,0,0,1,17,61842,6,1,0,0,3,0,68,180,0,0,0,1,0,8,2011,8,2011,0,0,0,0,0,1,2,55,1,1,2,1,0,0,1,17,1,1,1,88,1,0
17,170811,1,1,1,8,11,9,45,42,0,1,0,17,1,7,43,7043,4,2005,1B3EL46X55N6,1,B,3,E,L,4,6,X,5,5,N,6,0,P,DODG,SRX,4D,5,17,3093,,0,1080,,G,,F,4,146,,,16R205,,,,,,0,0,000000000,00000000000,0,0,0,1,0,0,0,0,0,0,0,998,0,0,0,12,6,2,42,0,0,0,1,17,62232,6,1,0,0,3,0,63,150,0,0,0,0,0,0,0,0,0,0,0,0,0,0,1,4,45,3,1,2,1,0,0,14,13,1,1,4,1,1,0
17,170813,1,1,1,3,11,21,35,8,0,1,1,17,2,14,6,14006,4,1996,2MELM756XTX6,2,M,E,L,M,7,5,6,X,T,X,6,0,P,MERC,GLB,4D,96,17,3796,,0,1144,,G,,F,8,281,,,15R215,,,,,,0,0,000000000,00000000000,0,0,0,1,0,0,0,0,0,0,0,998,0,0,0,12,2,1,8,0,0,0,1,99,99999,9,9,99,0,9,9,999,999,99,99,99,99,99,99,9999,99,9999,0,38,0,0,0,1,2,30,1,1,2,1,20,3,11,15,1,1,2,13,0,0
17,170814,1,2,2,15,12,13,58,12,6,1,0,17,3,12,23,12023,4,2012,3FAHP0HA5CR2,3,F,A,H,P,0,H,A,5,C,R,2,0,P,FORD,F/E,4D,12,17,3285,,0,1074,,G,,F,4,152,,,17R225,,,,,,0,0,000000000,00000000000,0,0,0,1,0,0,0,0,0,0,0,998,0,0,0,62,6,2,12,0,0,1,1,17,61063,6,1,0,0,3,3,73,200,0,0,0,0,0,0,0,0,0,1,38,0,0,0,1,2,55,1,1,2,2,20,3,1,17,1,1,1,89,0,0
17,170814,2,2,2,15,12,13,58,12,6,1,0,17,1,6,52,6052,6,2005,3C8FY68865T6,3,C,8,F,Y,6,8,8,6,5,T,6,0,P,CHRY,PTC,SV,5,17,3099,,0,1030,,G,,T,4,148,,,16R205,,,,,,0,0,000000000,00000000000,0,0,0,1,0,0,0,0,0,0,0,998,0,0,0,12,6,2,12,0,0,1,1,17,61115,6,1,0,0,3,3,71,175,0,0,0,0,0,0,0,0,0,0,0,0,0,0,1,2,55,1,1,2,2,0,0,1,66,1,1,1,88,1,0
17,170815,1,1,1,11,11,20,17,8,0,1,1,99,9,99,999,99999,99,9999,999999999999,9,9,9,9,9,9,9,9,9,9,9,9,0,,,,,,,,,,,,,,,,,,,,,,,,,0,0,000000000,00000000000,0,0,0,1,0,0,0,0,0,0,0,998,0,0,0,12,9,1,8,0,0,0,1,99,99999,9,9,99,0,9,9,999,999,99,99,99,99,99,99,9999,99,9999,1,0,0,0,0,1,2,35,1,1,2,2,0,0,1,80,99,1,3,13,0,0
17,170816,1,1,2,12,12,23,15,35,0,1,0,17,2,45,421,45421,15,2006,WP1AB29P46LA,W,P,1,A,B,2,9,P,4,6,L,A,0,P,PORS,POR,UT,6,17,5688,,0,1124,,G,,F,8,275,,,18R255,,,,,,0,0,000000000,00000000000,0,0,0,1,0,0,0,0,0,0,0,998,0,1,5,98,6,2,1,0,0,0,1,17,60628,6,1,0,0,3,0,74,200,0,1,0,0,0,1,2012,1,2012,1,0,0,0,0,6,1,30,2,1,2,1,28,3,14,13,99,1,4,1,1,1
17,170817,1,1,1,1,11,14,30,43,0,1,0,17,2,20,37,20037,4,1999,1G1ND52T3X62,1,G,1,N,D,5,2,T,3,X,6,2,0,P,CHEV,MAL,4D,99,17,3051,,0,1070,,G,,F,4,146,,,15R215,,,,,,0,0,000000000,00000000000,0,0,0,1,0,0,0,0,0,0,0,998,0,0,0,12,6,2,42,0,0,0,1,17,60634,6,1,0,0,3,0,62,170,0,0,0,0,0,0,0,0,0,0,0,0,0,0,1,4,35,2,1,2,1,2,3,14,12,1,1,4,6,1,0
17,170818,1,1,1,9,9,2,0,41,0,1,0,17,1,20,37,20037,4,1998,1G1ND52M4WY1,1,G,1,N,D,5,2,M,4,W,Y,1,0,P,CHEV,MAL,4D,98,17,3100,,0,1070,,G,,F,6,191,,,15R215,,,,,,0,0,000000000,00000000000,0,0,0,1,0,0,0,0,0,0,0,998,0,0,0,12,6,2,38,0,0,0,1,17,60014,6,1,0,0,3,3,62,117,0,0,0,1,2,9,2009,6,2012,0,28,0,0,0,1,2,55,1,2,2,1,0,0,1,13,1,1,4,1,1,1
17,170819,1,1,1,15,9,18,15,18,0,1,0,17,2,37,706,37706,82,1989,1HFSC2205KA1,1,H,F,S,C,2,2,0,5,K,A,1,0,M,HOND,G15,RS,89,17,,,,,,,1500,,6,,4,793,,,,,,,0,0,000000000,00000000000,0,0,0,1,0,0,0,0,0,0,0,998,0,0,0,12,6,2,18,0,0,0,1,17,60177,6,1,0,0,3,0,67,150,0,0,0,0,0,0,0,0,0,0,36,0,0,0,1,2,25,1,2,2,11,28,3,1,90,1,1,3,12,1,1
17,170820,1,1,3,29,9,16,6,42,0,1,1,17,1,48,38,48038,8,2004,JF1GD29674G5,J,F,1,G,D,2,9,6,7,4,G,5,0,P,SUBA,IWX,4D,4,17,3085,,0,994,,G,,T,4,122,,,16R205,,,,,,0,0,000000000,00000000000,0,0,0,1,0,0,0,0,0,0,0,998,0,0,0,82,6,2,42,0,0,0,1,17,60073,6,1,0,0,3,0,72,145,0,0,0,1,0,9,2009,9,2009,1,36,0,0,0,1,2,15,2,1,2,1,40,3,14,6,1,7,4,7,1,1
17,170821,1,1,1,22,10,2,59,8,0,1,0,17,2,12,442,12442,20,1999,2FMZA5144XBC,2,F,M,Z,A,5,1,4,4,X,B,C,0,T,FORD,WLX,ES,99,17,,1,0,1207,WIN,G,,,6,232,,,,B,3890,00,E,42,0,0,000000000,00000000000,0,0,0,1,0,0,0,0,0,0,0,998,0,0,0,12,6,2,8,0,0,0,1,17,60089,6,1,0,0,3,3,75,250,0,0,0,0,0,0,0,0,0,0,86,0,0,0,5,4,45,1,1,2,1,0,0,1,80,7,1,3,13,0,0
17,170822,1,2,1,2,12,2,8,12,6,1,0,17,1,2,403,2403,14,2000,1J4FA49S3YP8,1,J,4,F,A,4,9,S,3,Y,P,8,0,T,JEEP,SPW,2W,0,17,,1,0,934,W/T,G,,,6,244,,,,,3195,00,U,44,0,0,000000000,00000000000,0,0,0,1,0,0,0,0,0,0,0,32,0,0,0,12,6,2,12,0,0,0,1,17,60477,6,1,0,0,3,0,70,180,0,0,0,0,0,0,0,0,0,1,39,0,0,0,2,2,45,1,1,1,2,1,3,1,17,1,1,1,88,0,1
17,170822,2,2,1,2,12,2,8,12,6,1,0,17,1,6,43,6043,4,2003,1C3EL56R93N5,1,C,3,E,L,5,6,R,9,3,N,5,0,P,CHRY,SLI,4D,3,17,3165,,0,1080,,G,,F,6,167,,,16R205,,,,,,0,0,000000000,00000000000,0,0,0,1,0,0,0,0,0,0,0,19,0,0,0,9,6,2,12,0,0,0,1,17,60477,6,1,0,0,3,0,62,170,0,0,0,0,0,0,0,0,0,0,0,0,0,0,2,2,35,1,1,2,2,1,3,1,66,1,1,1,89,1,0
17,170823,1,2,1,6,12,10,16,12,2,1,0,17,1,49,32,49032,4,2001,2T1BR12E21C4,2,T,1,B,R,1,2,E,2,1,C,4,0,P,TOYT,UCS,4D,1,17,2410,,0,970,,G,,F,4,109,,,14R175,,,,,,0,0,000000000,00000000000,0,0,0,1,0,0,0,0,0,0,0,998,0,0,0,12,6,2,12,0,0,1,1,17,60050,6,1,0,0,3,0,64,120,0,0,0,0,0,0,0,0,0,0,51,28,0,0,1,2,55,2,1,2,1,0,0,14,10,1,1,2,50,1,0
17,170823,2,2,1,6,12,10,16,12,2,1,0,17,3,84,881,84881,66,2009,2HSCEAPR69C0,2,H,S,C,E,A,P,R,6,9,C,0,1,T,INTL,92I,TR,9,17,,8,0,0,920,D,,,6,915,,,,,00000,00,,64,1,57,200529,57200529,3,6,1,1,0,0,0,0,0,0,0,998,0,0,0,12,6,2,12,0,0,0,1,17,60050,6,1,6,0,3,3,66,245,0,0,0,0,0,0,0,0,0,0,0,0,0,0,1,2,55,3,1,2,1,0,0,14,62,8,1,3,51,0,0
17,170824,1,1,1,2,12,3,20,30,0,1,0,17,1,34,34,34034,1,2004,WBABW53424PL,W,B,A,B,W,5,3,4,2,4,P,L,0,P,BMW,30C,CV,4,17,3616,,0,1073,,G,,F,6,182,,,17R205,,,,,,0,0,000000000,00000000000,0,0,0,1,0,0,0,0,0,0,0,998,0,0,0,12,6,2,30,0,0,0,1,17,60616,6,1,0,0,3,3,71,170,0,0,0,0,0,0,0,0,0,0,28,0,0,0,1,4,25,1,3,2,2,0,0,1,12,99,1,4,10,1,1
17,170825,1,2,1,1,12,4,50,12,2,1,1,17,1,13,5,13005,4,1997,1LNLM81W5VY6,1,L,N,L,M,8,1,W,5,V,Y,6,0,P,LINC,EXC,4D,97,17,4040,,0,1174,,G,,F,8,281,,,15R215,,,,,,0,0,000000000,00000000000,0,0,0,1,0,0,0,0,0,0,0,998,0,0,0,12,2,1,12,0,0,0,1,17,62521,2,1,0,0,2,0,63,160,0,1,0,0,2,3,2011,6,2012,0,39,0,0,0,1,4,30,1,1,2,1,3,3,11,15,1,1,1,68,0,1
17,170825,2,2,1,1,12,4,50,12,2,1,0,17,1,37,705,37705,80,2003,JH2PF01143K1,J,H,2,P,F,0,1,1,4,3,K,1,0,M,HOND,FSD,MS,3,17,,,,,,,582,,2,,4,485,,,,,,,0,0,000000000,00000000000,0,0,0,1,0,0,0,0,0,0,0,998,0,0,0,12,6,2,12,0,0,0,1,17,62521,6,1,0,0,3,0,69,200,0,0,0,0,0,0,0,0,0,0,0,0,0,0,1,2,30,1,1,2,1,3,3,1,62,1,1,1,69,1,0
17,170826,1,1,2,23,12,11,20,32,0,1,0,17,2,12,481,12481,31,2006,1FTPX14586NA,1,F,T,P,X,1,4,5,8,6,N,A,0,T,FORD,F15,4C,6,17,,2,0,1450,COF,G,,,8,329,,,,B,4297,16,E,44,0,0,000000000,00000000000,0,0,0,1,0,0,0,0,0,0,0,998,0,1,5,12,6,2,32,0,0,0,1,17,62002,6,7,0,0,3,1,68,145,0,0,0,0,0,0,0,0,0,0,52,0,0,0,1,2,55,1,1,2,1,0,0,1,12,99,1,4,6,1,0
17,170827,1,2,1,17,10,7,15,12,6,1,0,17,1,23,8,23008,6,2010,1GKLVKED8AJ1,1,G,K,L,V,K,E,D,8,A,J,1,0,T,GMC,ASL,4W,10,17,,2,0,1189,ACA,G,,,6,220,,,,B,4936,00,S,44,0,0,000000000,00000000000,0,0,0,1,0,0,0,0,0,0,0,24,0,0,0,3,6,2,12,0,0,0,1,17,60130,6,1,0,0,3,3,63,180,0,0,0,0,0,0,0,0,0,0,38,0,0,0,2,2,45,1,2,2,1,1,3,11,15,10,1,1,68,0,0
17,170827,2,2,2,17,10,7,15,12,6,1,0,17,1,12,3,12003,3,1988,1FABP42E9JF2,1,F,A,B,P,4,2,E,9,J,F,2,0,P,FORD,MGT,2H,88,17,3193,,0,1004,,G,,F,8,302,,,15R225,,,,,,0,0,000000000,00000000000,0,0,0,1,0,0,0,0,0,0,0,72,0,0,0,12,6,2,12,0,0,0,1,17,60526,6,1,0,0,3,0,74,320,0,1,0,0,0,9,2010,9,2010,1,0,0,0,0,2,2,45,1,2,2,1,1,3,1,62,1,1,1,69,1,0
17,170828,1,1,1,8,12,3,40,8,0,1,1,99,9,99,999,99999,99,9999,999999999999,9,9,9,9,9,9,9,9,9,9,9,9,0,,,,,,,,,,,,,,,,,,,,,,,,,0,0,000000000,00000000000,0,0,0,1,0,0,0,0,0,99,9,999,9,0,0,12,9,1,8,99,99,0,1,99,99999,9,9,99,9,9,9,999,999,99,99,99,99,99,99,9999,99,9999,9,99,99,99,99,1,2,98,1,1,2,2,0,0,1,17,99,9,1,13,0,0
17,170829,1,1,1,2,12,22,30,42,0,1,0,17,1,72,706,72706,80,2007,1HD1KB4157Y6,1,H,D,1,K,B,4,1,5,7,Y,6,0,M,HD,FHX,RS,7,17,,,,,,,1584,,2,,4,733,,,,,,,0,0,000000000,00000000000,0,0,0,1,0,0,0,0,0,0,0,998,0,0,0,12,6,2,17,0,0,0,1,17,60914,6,1,0,0,2,0,72,180,0,0,0,0,0,0,0,0,0,0,52,0,0,0,1,2,55,3,1,2,2,0,0,14,13,1,1,4,1,1,1
17,170830,1,1,1,25,11,5,13,8,0,1,1,99,9,99,999,99999,99,9999,999999999999,9,9,9,9,9,9,9,9,9,9,9,9,9,,,,,,,,,,,,,,,,,,,,,,,,,0,99,999999999,99999999999,9,99,99,1,0,0,0,0,99,99,9,998,0,0,0,12,9,1,8,99,99,0,1,99,99999,9,9,99,9,9,9,999,999,99,99,99,99,99,99,9999,99,9999,9,99,99,99,99,1,6,45,1,1,2,1,1,3,1,82,99,9,3,13,0,0
17,170831,1,1,1,10,12,19,36,8,0,1,0,17,1,49,482,49482,31,2007,5TBBT54187S4,5,T,B,B,T,5,4,1,8,7,S,4,0,T,TOYT,DBS,CW,7,17,,2,0,1457,TUN,G,,,8,287,,,,B,5390,00,S,44,0,0,000000000,00000000000,0,0,0,1,0,0,0,0,0,0,0,998,0,0,0,12,2,1,8,0,0,0,1,17,60545,6,1,0,0,3,3,70,170,0,0,0,0,0,0,0,0,0,0,86,0,0,0,1,2,55,1,1,2,2,0,0,1,80,6,1,3,13,0,0
17,170832,1,2,1,16,12,19,24,12,6,1,0,17,2,12,401,12401,14,2002,1FMZU72EX2ZC,1,F,M,Z,U,7,2,E,X,2,Z,C,0,P,FORD,EPR,UT,2,17,4334,,0,1137,,G,,F,6,245,,,16R235,,,,,,0,0,000000000,00000000000,0,0,0,1,0,0,0,0,0,0,0,998,0,0,0,12,6,2,12,0,0,0,1,17,61102,0,0,0,0,0,0,999,999,0,0,0,0,0,0,0,0,0,0,39,0,0,0,2,2,40,1,1,2,1,1,3,1,17,1,1,1,88,0,1
17,170832,2,2,2,16,12,19,24,12,6,1,0,17,1,6,441,6441,20,2005,2C8GP54L35R2,2,C,8,G,P,5,4,L,3,5,R,2,0,T,CHRY,TOU,ES,5,17,,1,0,1193,TWC,G,,,6,230,,,,,4256,00,,42,0,0,000000000,00000000000,0,0,0,1,0,0,0,0,0,0,0,998,0,0,0,62,6,2,12,0,0,0,1,17,61108,6,1,0,0,3,3,73,240,1,0,0,1,0,8,2010,8,2010,0,0,0,0,0,1,2,30,1,1,2,1,1,3,1,66,1,1,1,89,1,0
17,170833,1,2,1,15,12,19,0,12,6,1,0,17,2,37,32,37032,4,2007,1HGCM56737A1,1,H,G,C,M,5,6,7,3,7,A,1,0,P,HOND,UEX,4D,7,17,3228,,0,1079,,G,,F,4,146,,,16R205,,,,,,0,0,000000000,00000000000,0,0,0,1,0,0,0,0,0,0,0,998,0,0,0,3,6,2,12,0,0,0,1,17,60115,6,1,0,0,3,3,63,105,0,0,0,0,0,0,0,0,0,1,28,0,0,0,1,2,45,3,1,2,2,0,0,14,9,99,7,2,64,1,0
17,170833,2,2,2,15,12,19,0,12,6,1,0,17,2,20,24,20024,6,2009,1GNER33D99S1,1,G,N,E,R,3,3,D,9,9,S,1,0,P,CHEV,TRV,UT,9,17,4790,,0,1189,,G,,F,6,220,,,20R255,,,,,,0,0,000000000,00000000000,0,0,0,1,0,0,0,0,0,0,0,998,0,0,0,12,6,2,12,0,0,0,1,17,60115,6,1,0,0,3,3,70,170,0,0,0,1,0,4,2011,4,2011,1,0,0,0,0,1,2,45,2,1,2,2,0,0,14,62,7,1,1,65,0,0
17,170834,1,1,1,12,12,4,23,14,0,1,0,17,1,37,706,37706,80,1998,1HFSC3209WA3,1,H,F,S,C,3,2,0,9,W,A,3,0,M,HOND,VT2,RS,98,17,,,,,,,1099,,2,,4,556,,,,,,,0,0,000000000,00000000000,0,0,0,1,0,0,0,0,0,0,0,998,0,0,0,12,6,2,14,0,0,0,1,17,60625,6,1,0,0,3,0,76,330,0,0,0,0,0,0,0,0,0,1,28,0,0,0,1,2,30,1,1,2,1,0,0,1,13,1,1,4,1,1,1
17,170835,1,1,1,18,12,9,50,8,0,1,1,17,2,22,18,22018,4,1999,1G2NE52E4XC5,1,G,2,N,E,5,2,E,4,X,C,5,0,P,PONT,GAS,4D,99,17,3102,,0,1071,,G,,F,6,207,,,15R215,,,,,,0,0,000000000,00000000000,0,0,0,1,0,0,0,0,0,0,0,998,0,0,0,12,6,2,14,0,0,0,1,99,99999,9,9,99,0,9,9,999,999,99,99,99,99,99,99,9999,99,9999,9,99,99,99,99,4,1,30,1,1,2,1,0,0,1,80,99,1,1,13,0,0
17,170836,1,2,1,12,9,9,0,12,6,1,0,17,2,19,5,19005,2,2001,1G6EL12Y61B1,1,G,6,E,L,1,2,Y,6,1,B,1,0,P,CADI,E/C,CP,1,17,3814,,0,1080,,G,,F,8,279,,,16R225,,,,,,0,0,000000000,00000000000,0,0,0,1,0,0,0,0,0,0,0,998,0,0,0,83,2,1,12,0,0,0,1,17,60634,6,1,0,0,3,3,71,180,0,0,0,0,0,0,0,0,0,0,38,0,0,0,2,2,98,1,1,2,1,2,3,11,15,1,1,1,68,0,0
17,170836,2,2,1,12,9,9,0,12,6,1,0,17,1,53,706,53706,80,2006,JS1GT76A2621,J,S,1,G,T,7,6,A,2,6,2,1,0,M,SUZI,XR1,RC,6,17,,,,,,,999,,4,,4,365,,,,,,,0,0,000000000,00000000000,0,0,0,1,0,0,0,0,0,0,0,998,0,0,0,12,2,1,12,0,0,0,1,17,60061,6,1,0,0,3,3,72,200,0,0,0,0,0,0,0,0,0,0,0,0,0,0,1,4,98,1,1,2,1,2,3,1,62,1,1,1,69,1,0