STATE,ST_CASE,VEH_NO,VE_FORMS,NUMOCCS,DAY,MONTH,HOUR,MINUTE,HARM_EV,MAN_COLL,UNITTYPE,HIT_RUN,REG_STAT,OWNER,MAKE,MODEL,MAK_MOD,BODY_TYP,MOD_YEAR,VIN,VIN_1,VIN_2,VIN_3,VIN_4,VIN_5,VIN_6,VIN_7,VIN_8,VIN_9,VIN_10,VIN_11,VIN_12,TOW_VEH,VINTYPE,VINMAKE,VINA_MOD,VIN_BT,VINMODYR,VIN_LNGT,VIN_WGT,WGTCD_TR,WHLBS_LG,WHLBS_SH,SER_TR,FUELCODE,MCYCL_DS,CARBUR,CYLINDER,DISPLACE,MCYCL_CY,MCYCL_WT,TIRE_SZE,TON_RAT,TRK_WT,TRKWTVAR,VIN_REST,WHLDRWHL,J_KNIFE,MCARR_I1,MCARR_I2,MCARR_ID,GVWR,V_CONFIG,CARGO_BT,HAZ_INV,HAZ_PLAC,HAZ_ID,HAZ_CNO,HAZ_REL,BUS_USE,SPEC_USE,EMER_USE,TRAV_SP,UNDERIDE,ROLLOVER,ROLINLOC,IMPACT1,DEFORMED,TOWED,M_HARM,VEH_SC1,VEH_SC2,FIRE_EXP,DR_PRES,L_STATE,DR_ZIP,L_STATUS,L_TYPE,CDL_STAT,L_ENDORS,L_COMPL,L_RESTRI,DR_HGT,DR_WGT,PREV_ACC,PREV_SUS,PREV_DWI,PREV_SPD,PREV_OTH,FIRST_MO,FIRST_YR,LAST_MO,LAST_YR,SPEEDREL,DR_SF1,DR_SF2,DR_SF3,DR_SF4,VTRAFWAY,VNUM_LAN,VSPD_LIM,VALIGN,VPROFILE,VPAVETYP,VSURCOND,VTRAFCON,VTCONT_F,P_CRASH1,P_CRASH2,P_CRASH3,PCRASH4,PCRASH5,ACC_TYPE,DEATHS,DR_DRINK
17,170873,1,3,1,20,12,18,8,12,2,1,0,17,1,20,481,20481,31,2004,1GCEK19V94Z3,1,G,C,E,K,1,9,V,9,4,Z,3,0,T,CHEV,SK1,4C,4,17,,2,1575,1435,SIL,G,,,8,293,,,,B,4925,00,,44,0,0,000000000,00000000000,0,0,0,1,0,0,0,0,0,0,0,998,0,0,0,12,6,2,12,0,0,0,1,17,62565,6,1,6,0,3,0,72,240,0,0,0,1,0,1,2010,1,2010,0,35,87,0,0,1,2,55,1,1,2,4,0,0,1,10,1,1,2,50,0,0
17,170873,2,3,2,20,12,18,8,12,2,1,0,17,2,20,16,20016,4,1999,1G1JF5249X71,1,G,1,J,F,5,2,4,9,X,7,1,0,P,CHEV,CAS,4D,99,17,2644,,0,1041,,G,,F,4,133,,,15R195,,,,,,0,0,000000000,00000000000,0,0,0,1,0,0,0,0,0,0,0,998,0,0,0,12,6,2,12,0,0,0,1,17,62467,6,1,6,0,3,0,72,150,0,0,0,0,0,0,0,0,0,0,87,0,0,0,1,2,55,1,1,2,3,0,0,1,62,1,1,1,51,1,0
17,170873,3,3,1,20,12,18,8,12,2,1,0,17,1,7,472,7472,30,1993,1B7GG23X4PS1,1,B,7,G,G,2,3,X,4,P,S,1,0,T,DODG,DAK,PC,93,17,,1,0,1309,DAK,G,,,6,239,,,,B,3829,01,A,44,0,0,000000000,00000000000,0,0,0,1,0,0,0,0,0,0,0,998,0,0,0,12,6,2,12,0,0,0,1,17,62414,6,1,0,0,3,0,63,115,0,0,0,0,0,0,0,0,0,0,87,0,0,0,1,2,55,1,1,2,3,0,0,1,62,1,1,1,98,0,0
17,170874,1,1,1,6,12,16,29,34,0,1,0,17,1,12,481,12481,31,2000,2FTZF1721YCA,2,F,T,Z,F,1,7,2,1,Y,C,A,0,T,FORD,F15,PK,0,17,,1,1385,1199,COF,G,,,6,256,,,,B,3923,04,U,42,0,0,000000000,00000000000,0,0,0,1,0,0,0,0,0,0,0,998,0,1,5,11,6,2,1,0,0,0,1,17,61920,6,1,0,0,3,3,71,230,0,0,0,0,0,0,0,0,0,0,0,0,0,0,1,2,55,1,1,2,1,0,0,1,9,1,7,4,2,1,1
17,170875,1,1,1,20,12,15,33,35,0,1,0,29,2,12,401,12401,14,2003,1FMZU70E93UA,1,F,M,Z,U,7,0,E,9,3,U,A,0,P,FORD,EPR,UT,3,17,4027,,0,1018,,G,,F,6,245,,,16R235,,,,,,0,0,000000000,00000000000,0,0,0,1,0,0,0,0,0,0,0,998,0,1,5,98,6,2,30,0,0,0,1,29,65483,6,1,0,0,3,3,67,185,0,0,0,0,0,0,0,0,0,1,28,58,0,0,1,2,25,1,2,2,4,0,0,1,12,1,2,4,7,1,0
17,170876,1,1,1,10,12,3,14,33,0,1,0,17,1,22,20,22020,4,2007,2G2WP5522712,2,G,2,W,P,5,5,2,2,7,1,2,0,P,PONT,GRA,4D,7,17,3477,,0,1105,,G,,F,6,232,,,16R225,,,,,,0,0,000000000,00000000000,0,0,0,1,0,0,0,0,0,0,0,998,0,0,0,14,6,2,3,0,0,0,1,19,61244,0,0,0,0,0,0,61,120,0,1,0,1,1,12,2011,4,2012,1,28,0,0,0,1,2,30,2,1,2,1,0,0,14,9,99,7,4,7,1,1
17,170878,1,1,1,22,10,11,15,42,0,1,0,17,1,12,481,12481,31,2005,1FTPX14535NA,1,F,T,P,X,1,4,5,3,5,N,A,0,T,FORD,F15,4C,5,17,,2,1450,1260,COF,G,,,8,330,,,,B,5363,05,U,44,0,0,000000000,00000000000,0,0,0,1,0,0,0,0,0,0,0,998,0,1,3,12,6,2,42,0,0,0,1,17,61938,6,1,0,0,3,0,74,190,0,0,0,0,0,0,0,0,0,0,26,0,0,0,2,2,65,2,2,2,1,0,0,14,12,99,1,4,10,1,0
17,170879,1,2,1,14,11,23,52,12,2,1,0,17,1,37,441,37441,20,2005,5FNRL38895B1,5,F,N,R,L,3,8,8,9,5,B,1,0,P,HOND,UDY,SV,5,17,4634,,0,1181,,G,,F,6,212,,,16R225,,,,,,0,0,000000000,00000000000,0,0,0,1,0,0,0,0,0,0,0,998,0,0,0,12,6,2,12,0,0,0,1,17,60510,6,1,0,0,3,0,65,130,0,0,0,1,0,4,2011,4,2011,0,28,0,0,0,1,4,45,3,1,2,1,0,0,14,10,1,1,2,50,1,1
17,170879,2,2,2,14,11,23,52,12,2,1,0,17,1,35,51,35051,6,2012,JN8AS5MT6CW6,J,N,8,A,S,5,M,T,6,C,W,6,0,P,NISS,ROG,UT,12,17,3281,,0,1059,,G,,F,4,153,,,16R215,,,,,,0,0,000000000,00000000000,0,0,0,1,0,0,0,0,0,0,0,39,0,0,0,12,6,2,12,0,0,0,1,17,60506,6,1,0,0,3,0,66,149,0,0,0,0,0,0,0,0,0,0,0,0,0,0,1,4,45,2,1,2,1,0,0,14,62,1,1,1,51,0,0
17,170880,1,1,1,24,11,22,20,42,0,1,0,17,1,20,20,20020,4,1991,1GNCU06D7MT1,1,G,N,C,U,0,6,D,7,M,T,1,0,P,CHEV,L/M,SV,91,17,3370,,0,1098,,G,,F,6,191,,,14R205,,,,,,0,0,000000000,00000000000,0,0,0,1,0,0,0,0,0,0,0,998,0,1,5,99,6,2,42,0,0,0,1,17,60033,6,1,6,0,3,0,72,195,0,0,0,0,0,0,0,0,0,0,0,0,0,0,1,2,50,1,1,2,1,0,0,1,13,1,1,4,1,1,1
17,170882,1,2,1,16,12,21,30,12,1,1,0,17,1,19,14,19014,4,1992,1G6CD53B1N42,1,G,6,C,D,5,3,B,1,N,4,2,0,P,CADI,DFW,4D,92,17,3591,,0,1138,,G,,F,8,300,,,15R205,,,,,,0,0,000000000,00000000000,0,0,0,1,0,0,0,0,0,0,0,998,0,0,0,12,6,2,12,0,0,0,1,17,60922,6,1,0,0,3,0,70,260,0,0,0,0,0,0,0,0,0,0,26,0,0,0,2,4,45,1,1,2,1,3,3,1,51,1,1,1,24,1,1
17,170882,2,2,1,16,12,21,30,12,1,1,0,55,3,87,881,87881,66,2011,1XPVDU9X8BD1,1,X,P,V,D,U,9,X,8,B,D,1,1,T,PTRB,384,TR,11,17,,8,0,0,CON,D,,,6,763,,,,,00000,00,,64,1,57,171830,57171830,3,6,2,2,2,1203,3,1,0,0,0,998,0,0,0,6,2,1,12,0,0,0,1,17,60914,6,1,6,1,3,0,72,262,0,0,0,0,0,0,0,0,0,0,0,0,0,0,2,4,45,1,1,2,1,3,3,1,53,1,1,1,25,0,0
17,170883,1,2,1,4,11,4,2,12,1,1,0,17,2,12,401,12401,14,2004,1FMDU74W14UB,1,F,M,D,U,7,4,W,1,4,U,B,0,P,FORD,EPR,UT,4,17,4094,,0,1137,,G,,F,8,281,,,17R245,,,,,,0,0,000000000,00000000000,0,0,0,1,0,0,0,0,0,0,0,998,0,0,0,12,6,2,12,0,0,0,1,17,60443,6,1,0,0,3,0,73,205,0,0,0,1,0,10,2011,10,2011,1,26,0,0,0,5,4,35,1,1,2,1,98,9,1,50,7,1,1,20,1,1
17,170883,2,2,2,4,11,4,2,12,1,1,0,18,3,82,881,82881,66,2013,1FUJGLDR5DSB,1,F,U,J,G,L,D,R,5,D,S,B,1,T,FRHT,125,TR,13,17,,8,0,0,CSC,D,,,6,903,,,,,00000,00,,64,1,57,028406,57028406,3,6,98,1,0,0,0,0,0,0,0,0,0,0,0,6,2,1,12,0,0,0,1,29,63033,6,1,6,0,3,0,69,275,0,0,0,0,0,0,0,0,0,0,54,0,0,0,5,4,35,1,1,2,1,98,9,5,53,1,1,1,21,0,0
17,170884,1,4,1,1,12,20,45,12,2,1,0,18,5,35,47,35047,4,2003,1N4AL11D83C1,1,N,4,A,L,1,1,D,8,3,C,1,0,P,NISS,ABS,4D,3,17,2913,,0,1102,,G,,F,4,153,,,16R205,,,,,,0,0,000000000,00000000000,0,0,0,1,0,0,0,0,0,0,0,998,0,1,5,12,6,2,12,0,0,0,1,55,53704,1,2,0,0,2,0,64,120,0,0,0,0,0,0,0,0,0,1,36,35,6,51,1,2,55,1,1,2,1,98,3,6,54,1,1,1,50,1,1
17,170884,2,4,2,1,12,20,45,12,2,1,0,17,2,22,18,22018,4,2002,1G2NW52E62M7,1,G,2,N,W,5,2,E,6,2,M,7,0,P,PONT,GAG,4D,2,17,3168,,0,1070,,G,,F,6,207,,,16R225,,,,,,0,0,000000000,00000000000,0,0,0,1,0,0,0,0,0,0,0,998,0,0,0,12,6,2,12,0,0,0,1,17,60151,6,1,0,0,3,0,67,218,0,0,0,0,0,0,0,0,0,0,0,0,0,0,1,2,55,1,1,2,1,98,3,1,54,1,1,1,51,1,0
17,170884,3,4,2,1,12,20,45,12,2,1,0,17,3,20,37,20037,4,2012,1G1ZA5EUXCF2,1,G,1,Z,A,5,E,U,X,C,F,2,0,P,CHEV,M/L,4D,12,17,3415,,0,1123,,F,,F,4,146,,,17R215,,,,,,0,0,000000000,00000000000,0,0,0,1,0,0,0,0,0,0,0,998,0,0,0,6,6,2,12,0,0,0,1,17,60554,6,1,0,0,3,0,70,170,0,0,0,0,0,0,0,0,0,0,0,0,0,0,1,2,55,1,1,2,1,98,3,1,53,1,1,1,98,0,0
17,170884,4,4,1,1,12,20,45,12,2,1,0,17,1,20,37,20037,4,2008,1G1ZF57508F2,1,G,1,Z,F,5,7,5,0,8,F,2,0,P,CHEV,MHY,4D,8,17,3537,,0,1123,,B,,F,4,146,,,16R215,,,,,,0,0,000000000,00000000000,0,0,0,1,0,0,0,0,0,0,0,998,0,1,5,12,6,2,12,0,0,0,1,17,60178,6,1,0,0,3,3,71,180,0,0,0,0,0,0,0,0,0,0,0,0,0,0,1,2,55,1,1,2,1,98,3,1,62,1,1,1,98,0,0
17,170885,1,1,1,3,11,19,3,8,0,1,0,17,3,82,981,82981,58,2002,4UZAA8BW82CJ,4,U,Z,A,A,8,B,W,8,2,C,J,0,T,FRHT,FB6,BU,2,17,,7,0,0,CHA,D,,,6,359,,,,,00000,00,,42,0,88,888888888,88888888888,2,21,22,1,0,0,0,0,99,3,0,998,0,0,0,12,0,1,8,0,0,0,1,17,60630,6,1,6,1,3,3,75,208,0,0,0,0,0,0,0,0,0,0,0,0,0,0,2,2,35,1,1,2,1,0,0,2,80,1,1,1,13,0,0
17,170886,1,1,1,21,11,22,7,1,0,1,0,0,0,37,739,37739,90,2007,1HFTE2643746,1,H,F,T,E,2,6,4,3,7,4,6,0,M,HOND,5GA,AT,7,17,,,,,,,499,,1,,4,600,,,,,,,0,0,000000000,00000000000,0,0,0,1,0,0,0,0,0,0,0,998,0,2,1,0,6,2,1,0,0,0,1,17,62987,6,1,0,0,3,0,72,225,0,0,0,0,0,0,0,0,0,0,6,0,0,0,1,2,55,1,1,2,1,0,0,1,18,1,1,1,98,1,1
17,170887,1,2,1,21,11,21,17,12,2,1,1,17,2,19,20,19020,6,2011,3GYFNAEY3BS5,3,G,Y,F,N,A,E,Y,3,B,S,5,0,P,CADI,SRX,UT,11,17,4224,,0,1105,,G,,F,6,183,,,18R235,,,,,,0,0,000000000,00000000000,0,0,0,1,0,0,0,0,0,0,0,998,0,0,0,12,6,2,12,0,0,0,1,17,60060,6,1,0,0,3,3,70,205,0,0,0,1,0,1,2011,1,2011,1,28,51,36,0,1,2,35,1,1,2,1,0,0,1,10,1,1,2,50,0,1
17,170887,2,2,4,21,11,21,17,12,2,1,0,17,1,35,443,35443,20,1997,4N2DN1117VD8,4,N,2,D,N,1,1,1,7,V,D,8,0,P,NISS,QST,SV,97,17,3745,,0,1122,,G,,F,6,181,,,15R205,,,,,,0,0,000000000,00000000000,0,0,0,1,0,0,0,0,0,0,0,998,0,0,0,12,6,2,12,0,0,0,1,17,60073,6,1,0,0,3,3,64,135,0,1,0,0,1,3,2010,6,2010,0,0,0,0,0,1,2,35,1,1,2,1,0,0,1,62,99,1,1,51,1,0
17,170888,1,2,2,2,11,12,32,12,2,1,0,17,2,12,481,12481,31,2003,1FTNX21L53EB,1,F,T,N,X,2,1,L,5,3,E,B,0,T,FORD,F2S,4C,3,17,,2,1580,1418,SRW,G,,,8,330,,,,C,5982,02,U,44,0,0,000000000,00000000000,0,0,0,1,0,0,0,0,0,0,0,998,0,0,0,12,6,2,12,0,0,0,1,17,61422,6,1,0,0,3,0,71,320,1,1,0,0,0,10,2011,1,2012,0,51,0,0,0,1,2,55,1,1,2,1,0,0,1,10,1,1,2,50,1,0
17,170888,2,2,1,2,11,12,32,12,2,1,0,17,3,86,881,86881,66,2002,1M1AE07Y42W0,1,M,1,A,E,0,7,Y,4,2,W,0,1,T,MACK,CX6,TR,2,17,,8,0,0,600,D,,,6,728,,,,,00000,00,,64,1,57,02250370,5702250370,3,6,2,1,0,0,0,0,0,0,0,998,0,0,0,12,6,2,12,0,0,0,1,17,61520,6,1,6,1,3,0,66,155,0,0,0,0,1,1,2011,1,2011,0,0,0,0,0,1,2,55,1,1,2,1,0,0,1,62,1,1,1,51,0,0
17,170889,1,1,3,17,11,18,40,8,0,1,0,17,1,20,37,20037,4,2008,1G1ZG57B28F1,1,G,1,Z,G,5,7,B,2,8,F,1,0,P,CHEV,M/L,4D,8,17,3415,,0,1123,,G,,F,4,146,,,16R215,,,,,,0,0,000000000,00000000000,0,0,0,1,0,0,0,0,0,0,0,38,0,0,0,12,6,2,8,0,0,0,1,17,60827,6,1,0,0,3,3,64,145,0,0,0,0,0,0,0,0,0,0,0,0,0,0,1,2,45,1,1,2,1,0,0,1,80,1,1,1,13,0,0
17,170890,1,2,1,21,11,8,11,12,6,1,0,17,1,12,17,12017,4,2007,1FAFP53U57A1,1,F,A,F,P,5,3,U,5,7,A,1,0,P,FORD,TSE,4D,7,17,3307,,0,1085,,G,,F,6,183,,,16R215,,,,,,0,0,000000000,00000000000,0,0,0,1,0,0,0,0,0,0,0,998,0,0,0,9,6,2,12,0,0,0,1,17,60938,6,1,0,0,3,3,68,212,0,0,0,0,0,0,0,0,0,0,38,0,0,0,1,2,98,1,1,2,2,20,3,11,15,1,1,1,82,1,0
17,170890,2,2,1,21,11,8,11,12,6,1,0,17,1,35,47,35047,4,1996,1N4BU31D6TC1,1,N,4,B,U,3,1,D,6,T,C,1,0,P,NISS,AGS,4D,96,17,2756,,0,1031,,G,,F,4,146,,,15R205,,,,,,0,0,000000000,00000000000,0,0,0,1,0,0,0,0,0,0,0,998,0,0,0,12,6,2,12,0,0,0,1,17,60901,0,0,0,0,0,0,999,999,0,0,0,1,0,7,2011,7,2011,0,0,0,0,0,1,2,55,1,1,2,2,0,0,1,67,1,1,1,83,0,0
17,170891,1,1,1,1,12,14,4,1,0,1,0,17,1,76,706,76706,80,2004,JYAVP11EX4A0,J,Y,A,V,P,1,1,E,X,4,A,0,0,M,YAMA,XVA,RS,4,17,,,,,,,1063,,2,,4,571,,,,,,,0,0,000000000,00000000000,0,0,0,1,0,0,0,0,0,0,0,998,0,0,0,0,6,2,1,0,0,0,1,17,60142,6,1,0,0,3,0,69,210,0,0,0,0,0,0,0,0,0,0,83,0,0,0,1,4,35,1,1,2,1,0,0,1,87,3,2,3,98,1,0
17,170892,1,2,1,17,12,22,11,12,7,1,0,17,2,20,421,20421,15,1997,1GNEK13R4VJ3,1,G,N,E,K,1,3,R,4,V,J,3,0,P,CHEV,KTA,UT,97,17,5225,,0,1175,,G,,F,8,350,,,15R235,,,,,,0,0,000000000,00000000000,0,0,0,1,0,0,0,0,0,0,0,998,0,0,0,61,6,2,23,0,0,0,1,17,60623,6,1,0,0,3,0,68,180,0,0,0,1,0,6,2011,6,2011,1,28,0,0,0,1,4,35,1,3,1,1,0,0,1,10,1,1,2,45,1,1
17,170892,2,2,1,17,12,22,11,12,7,1,0,17,1,30,42,30042,3,2012,WVWEV7AJ2CW0,W,V,W,E,V,7,A,J,2,C,W,0,0,P,VOLK,GTI,2H,12,17,3034,,0,0,,G,,T,4,121,,,000000,,,,,,0,0,000000000,00000000000,0,0,0,1,0,0,0,0,0,0,0,998,0,0,0,3,2,1,12,0,0,0,1,17,60452,6,1,0,0,3,0,66,130,0,0,0,0,0,0,0,0,0,0,0,0,0,0,1,4,35,1,3,1,1,0,0,1,61,1,1,1,44,0,0
17,170893,1,1,1,15,12,1,51,31,0,1,0,17,1,14,401,14401,14,2002,4M2ZU86W12UJ,4,M,2,Z,U,8,6,W,1,2,U,J,0,P,MERC,MOU,UT,2,17,4410,,0,1138,,G,,F,8,281,,,16R245,,,,,,0,0,000000000,00000000000,0,0,0,1,0,0,0,0,0,0,0,45,0,0,0,11,6,2,42,0,0,0,1,17,60425,6,1,0,0,3,3,70,240,0,0,0,0,0,0,0,0,0,1,99,99,99,99,1,2,25,1,1,2,1,0,0,1,12,99,1,4,10,1,1
17,170894,1,1,2,26,11,18,56,32,0,1,0,48,1,49,442,49442,20,2002,4T3ZF13C92U4,4,T,3,Z,F,1,3,C,9,2,U,4,0,P,TOYT,SIE,SV,2,17,3932,,0,1142,,G,,F,6,183,,,15R205,,,,,,0,0,000000000,00000000000,0,0,0,1,0,0,0,0,0,0,0,998,0,0,0,1,6,2,32,0,0,0,1,48,75785,6,1,0,0,3,0,999,999,0,0,0,0,0,0,0,0,0,1,0,0,0,0,1,2,55,1,1,2,1,0,0,1,13,1,1,4,1,1,1
17,170895,1,1,1,18,12,16,45,34,0,1,0,17,1,20,481,20481,31,1999,1GCEK14T7XZ1,1,G,C,E,K,1,4,T,7,X,Z,1,0,T,CHEV,SK1,PK,99,17,,2,1330,1190,SIL,G,,,8,325,,,,B,4248,00,,44,0,0,000000000,00000000000,0,0,0,1,0,0,0,0,0,0,0,998,0,1,5,11,6,2,1,0,0,0,1,17,60948,6,1,6,0,3,0,76,182,0,0,0,0,0,0,0,0,0,0,58,0,0,0,1,2,55,1,1,2,1,0,0,1,13,1,3,4,2,1,0
17,170896,1,2,1,15,12,16,16,12,6,1,0,17,2,34,34,34034,4,1998,WBACD4323WAV,W,B,A,C,D,4,3,2,3,W,A,V,0,P,BMW,8IA,4D,98,17,3208,,0,1063,,G,,F,6,170,,,15R205,,,,,,0,0,000000000,00000000000,0,0,0,1,0,0,0,0,0,0,0,41,0,0,0,9,6,2,12,0,0,0,1,17,60491,6,2,0,0,3,1,63,120,0,0,0,0,0,0,0,0,0,0,39,0,0,0,2,1,55,1,1,2,2,1,3,1,17,1,1,1,89,1,0
17,170896,2,2,1,15,12,16,16,12,6,1,0,17,1,12,481,12481,31,2000,1FTNF20L1YEB,1,F,T,N,F,2,0,L,1,Y,E,B,0,T,FORD,F2S,PK,0,17,,2,0,1370,SRW,G,,,8,330,,,,C,4956,07,U,42,0,0,000000000,00000000000,0,0,0,1,0,0,0,0,0,0,0,44,0,0,0,12,6,2,12,0,0,0,1,17,60448,6,1,0,0,3,3,70,185,0,0,0,0,0,0,0,0,0,0,0,0,0,0,2,2,45,1,1,2,2,1,3,1,66,4,1,1,88,0,0
17,170897,1,1,2,19,12,0,36,42,0,1,0,17,1,30,40,30040,4,2001,3VWTG29M41M0,3,V,W,T,G,2,9,M,4,1,M,0,0,P,VOLK,JXG,4D,1,17,3056,,0,989,,G,,F,6,170,,,15R195,,,,,,0,0,000000000,00000000000,0,0,0,1,0,0,0,0,0,0,0,998,0,0,0,12,6,2,42,0,0,0,1,17,60014,6,1,0,0,3,0,68,140,0,0,0,0,0,0,0,0,0,1,0,0,0,0,2,2,35,3,1,2,2,0,0,14,13,3,2,4,1,1,1
17,170898,1,1,1,26,12,14,52,1,0,1,0,17,1,21,401,21401,14,1998,1GHDT13WXW27,1,G,H,D,T,1,3,W,X,W,2,7,0,P,OLDS,BRA,UT,98,17,4023,,0,1070,,G,,F,6,262,,,15R235,,,,,,0,0,000000000,00000000000,0,0,0,1,0,0,0,0,0,0,0,998,0,1,5,0,6,2,1,0,0,0,1,17,60112,6,1,0,0,3,0,68,120,0,0,0,0,0,0,0,0,0,0,27,0,0,0,1,2,55,1,1,2,1,0,0,1,12,1,1,4,6,1,1
17,170899,1,2,1,20,12,18,16,12,1,1,0,17,1,20,37,20037,4,1998,1G1ND52M2W61,1,G,1,N,D,5,2,M,2,W,6,1,0,P,CHEV,MAL,4D,98,17,3100,,0,1070,,G,,F,6,191,,,15R215,,,,,,0,0,000000000,00000000000,0,0,0,1,0,0,0,0,0,0,0,998,0,0,0,12,6,2,12,0,0,1,1,17,62278,6,1,0,0,3,0,66,180,0,0,0,0,0,0,0,0,0,1,26,0,0,0,1,2,55,1,1,2,1,0,0,1,51,1,1,1,24,1,0
17,170899,2,2,1,20,12,18,16,12,1,1,0,0,0,98,998,98998,92,2000,JEE0075638,J,E,E,0,0,7,5,6,3,8,,,0,U,,,,0,10,,,,,,,,,,,,,,,,,,,0,0,000000000,00000000000,0,0,0,1,0,0,0,0,0,0,0,998,0,0,0,6,2,1,12,0,0,0,1,17,62237,6,1,6,0,1,0,70,195,0,0,0,2,0,6,2011,4,2012,0,45,0,0,0,1,2,55,1,1,2,1,0,0,1,53,1,1,1,25,0,0
17,170900,1,2,1,25,12,20,20,12,6,1,0,17,3,86,881,86881,66,2011,1M1AW07Y0BM0,1,M,1,A,W,0,7,Y,0,B,M,0,1,T,MACK,CXU,TR,11,17,,8,0,0,600,D,,,6,783,,,,,00000,00,,64,1,57,55815,5755815,3,6,1,1,0,0,0,0,0,0,0,998,0,0,0,61,2,1,12,0,0,0,1,17,62618,6,1,6,0,3,3,74,193,0,0,0,0,0,0,0,0,0,0,38,0,0,0,2,2,35,1,1,2,2,3,3,11,15,1,1,1,68,0,0
17,170900,2,2,4,25,12,20,20,12,6,1,0,17,2,20,2,20002,4,2002,2G1WF55E1293,2,G,1,W,F,5,5,E,1,2,9,3,0,P,CHEV,IMP,4D,2,17,3389,,0,1105,,G,,F,6,207,,,16R225,,,,,,0,0,000000000,00000000000,0,0,0,1,0,0,0,0,0,0,0,998,0,0,0,12,6,2,12,0,0,0,1,17,60714,6,1,0,0,3,3,67,130,0,0,0,0,0,0,0,0,0,0,0,0,0,0,2,2,35,1,1,2,2,3,3,1,62,9,1,3,69,1,0
17,170901,1,1,1,7,12,0,42,30,0,1,0,17,2,14,6,14006,4,2001,2MEFM75W51X6,2,M,E,F,M,7,5,W,5,1,X,6,0,P,MERC,MGL,4D,1,17,3948,,0,1147,,G,,F,8,281,,,16R225,,,,,,0,0,000000000,00000000000,0,0,0,1,0,0,0,0,0,0,0,998,0,0,0,3,6,2,30,0,0,0,1,17,62060,6,1,0,0,3,0,70,180,0,0,0,1,0,11,2011,11,2011,1,0,0,0,0,1,4,35,1,1,2,1,0,0,1,6,99,7,4,7,1,1
17,170902,1,2,1,25,12,4,45,12,6,1,1,17,9,20,401,20401,14,2000,1GNDT13W2Y21,1,G,N,D,T,1,3,W,2,Y,2,1,0,P,CHEV,BZR,UT,0,17,4049,,0,1070,,G,,F,6,262,,,15R205,,,,,,0,0,000000000,00000000000,0,0,0,1,0,0,0,0,0,0,0,998,0,0,0,12,6,2,12,0,0,0,1,99,99999,9,9,99,0,9,9,999,999,99,99,99,99,99,99,9999,99,9999,0,28,0,0,0,1,4,30,1,1,2,1,0,0,1,10,7,1,2,64,0,0
17,170902,2,2,3,25,12,4,45,12,6,1,0,17,2,30,42,30042,5,2001,WVWBS21J21W0,W,V,W,B,S,2,1,J,2,1,W,0,0,P,VOLK,GGL,2H,1,17,2696,,0,989,,G,,F,4,121,,,15R195,,,,,,0,0,000000000,00000000000,0,0,0,1,0,0,0,0,0,0,0,998,0,0,0,1,6,2,12,0,0,0,1,17,60639,6,1,0,0,3,0,63,220,0,0,0,0,1,9,2011,9,2011,0,0,0,0,0,1,4,30,1,1,2,1,0,0,1,62,6,1,2,65,1,0
17,170903,1,1,1,24,12,3,46,14,0,1,0,17,2,20,401,20401,14,1995,1GNDT13W2S21,1,G,N,D,T,1,3,W,2,S,2,1,0,P,CHEV,BZR,UT,95,17,4071,,0,1070,,G,,F,6,262,,,15R205,,,,,,0,0,000000000,00000000000,0,0,0,1,0,0,0,0,0,0,0,998,6,0,0,12,6,2,14,0,0,0,1,17,60608,0,0,0,0,0,0,62,120,0,0,0,0,0,0,0,0,0,9,0,0,0,0,5,4,30,1,1,2,1,0,0,1,13,1,1,4,1,1,1
17,170904,1,1,1,19,9,23,13,8,0,1,1,17,2,18,7,18007,4,2005,2G4WC5327512,2,G,4,W,C,5,3,2,7,5,1,2,0,P,BUIC,LCX,4D,5,17,3495,,0,1138,,G,,F,6,232,,,16R225,,,,,,0,0,000000000,00000000000,0,0,0,1,0,0,0,0,0,0,0,998,0,0,0,12,6,2,8,0,0,0,1,19,52803,1,1,5,0,2,0,67,135,0,5,0,0,0,6,2010,2,2011,1,36,28,0,0,1,2,30,1,1,2,1,0,0,1,80,1,1,3,13,0,1
17,170905,1,1,1,18,12,16,34,9,0,1,0,17,1,35,47,35047,4,2001,1N4DL01D81C1,1,N,4,D,L,0,1,D,8,1,C,1,0,P,NISS,AXE,4D,1,17,2754,,0,1031,,G,,F,4,146,,,15R195,,,,,,0,0,000000000,00000000000,0,0,0,1,0,0,0,0,0,0,0,31,0,0,0,12,6,2,9,0,0,0,1,17,60005,6,1,0,0,3,0,67,170,0,0,0,0,0,0,0,0,0,0,0,0,0,0,3,4,40,1,1,2,2,0,0,1,83,1,1,1,13,0,0
17,170906,1,3,1,23,12,15,18,12,2,1,0,17,1,35,47,35047,4,2008,1N4AL21E88N5,1,N,4,A,L,2,1,E,8,8,N,5,0,P,NISS,ATS,4D,8,17,3028,,0,1093,,G,,F,4,153,,,16R215,,,,,,0,0,000000000,00000000000,0,0,0,1,0,0,0,0,0,0,0,998,0,0,0,12,6,2,12,0,0,1,1,17,60089,6,1,0,0,3,3,66,165,0,0,0,0,0,0,0,0,0,1,28,0,0,0,1,2,50,1,1,2,1,0,0,1,10,1,1,2,50,0,0
17,170906,2,3,3,23,12,15,18,12,2,1,0,55,2,49,402,49402,14,2010,JTMBF4DV7AD0,J,T,M,B,F,4,D,V,7,A,D,0,0,P,TOYT,RG4,UT,10,17,3444,,0,1047,,G,,F,4,153,,,16R215,,,,,,0,0,000000000,00000000000,0,0,0,1,0,0,0,0,0,0,0,998,0,0,0,12,6,2,12,0,0,0,1,17,60050,6,7,0,0,3,1,999,999,0,0,0,0,0,0,0,0,0,0,0,0,0,0,1,2,50,1,1,2,1,0,0,1,62,1,1,1,51,1,0