STATE,ST_CASE,VEH_NO,VE_FORMS,NUMOCCS,DAY,MONTH,HOUR,MINUTE,HARM_EV,MAN_COLL,UNITTYPE,HIT_RUN,REG_STAT,OWNER,MAKE,MODEL,MAK_MOD,BODY_TYP,MOD_YEAR,VIN,VIN_1,VIN_2,VIN_3,VIN_4,VIN_5,VIN_6,VIN_7,VIN_8,VIN_9,VIN_10,VIN_11,VIN_12,TOW_VEH,VINTYPE,VINMAKE,VINA_MOD,VIN_BT,VINMODYR,VIN_LNGT,VIN_WGT,WGTCD_TR,WHLBS_LG,WHLBS_SH,SER_TR,FUELCODE,MCYCL_DS,CARBUR,CYLINDER,DISPLACE,MCYCL_CY,MCYCL_WT,TIRE_SZE,TON_RAT,TRK_WT,TRKWTVAR,VIN_REST,WHLDRWHL,J_KNIFE,MCARR_I1,MCARR_I2,MCARR_ID,GVWR,V_CONFIG,CARGO_BT,HAZ_INV,HAZ_PLAC,HAZ_ID,HAZ_CNO,HAZ_REL,BUS_USE,SPEC_USE,EMER_USE,TRAV_SP,UNDERIDE,ROLLOVER,ROLINLOC,IMPACT1,DEFORMED,TOWED,M_HARM,VEH_SC1,VEH_SC2,FIRE_EXP,DR_PRES,L_STATE,DR_ZIP,L_STATUS,L_TYPE,CDL_STAT,L_ENDORS,L_COMPL,L_RESTRI,DR_HGT,DR_WGT,PREV_ACC,PREV_SUS,PREV_DWI,PREV_SPD,PREV_OTH,FIRST_MO,FIRST_YR,LAST_MO,LAST_YR,SPEEDREL,DR_SF1,DR_SF2,DR_SF3,DR_SF4,VTRAFWAY,VNUM_LAN,VSPD_LIM,VALIGN,VPROFILE,VPAVETYP,VSURCOND,VTRAFCON,VTCONT_F,P_CRASH1,P_CRASH2,P_CRASH3,PCRASH4,PCRASH5,ACC_TYPE,DEATHS,DR_DRINK
17,170906,3,3,3,23,12,15,18,12,2,1,0,55,1,41,50,41050,4,2012,1YVHZ8DH9C5M,1,Y,V,H,Z,8,D,H,9,C,5,M,0,P,MAZD,M6I,4D,12,17,3329,,0,1098,,G,,F,4,152,,,16R205,,,,,,0,0,000000000,00000000000,0,0,0,1,0,0,0,0,0,0,0,998,0,0,0,1,2,1,41,0,0,0,1,55,53181,6,1,0,0,3,0,64,130,0,0,0,0,0,0,0,0,0,0,83,0,0,0,1,2,50,1,1,2,1,0,0,1,98,6,1,4,98,0,0
17,170908,1,1,1,30,12,20,30,1,0,1,0,17,1,12,422,12422,15,2003,1FMFU18L93LC,1,F,M,F,U,1,8,L,9,3,L,C,0,P,FORD,EPT,UT,3,17,5686,,0,1191,,G,,F,8,330,,,17R265,,,,,,0,0,000000000,00000000000,0,0,0,1,0,0,0,0,0,0,0,998,0,2,5,0,6,2,1,0,0,0,1,17,61548,6,1,0,0,3,0,62,110,0,0,0,0,0,0,0,0,0,9,99,99,99,99,1,2,45,1,2,2,1,0,0,1,13,99,9,4,5,1,1
17,170909,1,2,2,8,11,15,30,12,6,1,0,17,1,21,21,21021,4,2001,1G3NL52E91C1,1,G,3,N,L,5,2,E,9,1,C,1,0,P,OLDS,A/G,4D,1,17,3022,,0,1070,,G,,F,6,207,,,15R215,,,,,,0,0,000000000,00000000000,0,0,0,1,0,0,0,0,0,0,0,998,0,0,0,12,6,2,12,0,0,0,1,17,60030,6,1,0,0,3,3,73,210,0,0,0,0,0,0,0,0,0,1,39,0,0,0,2,2,35,1,1,2,1,2,3,1,17,1,1,1,69,1,0
17,170909,2,2,1,8,11,15,30,12,6,1,0,17,2,49,32,49032,4,1993,1NXAE00E0PZ1,1,N,X,A,E,0,0,E,0,P,Z,1,0,P,TOYT,CLF,4D,93,17,2513,,0,957,,G,,F,4,108,,,000000,,,,,,0,0,000000000,00000000000,0,0,0,1,0,0,0,0,0,0,0,998,0,0,0,1,6,2,12,0,0,0,1,17,60714,6,1,0,0,3,3,64,120,0,0,0,0,0,0,0,0,0,0,0,0,0,0,2,2,35,1,1,2,1,2,3,11,62,1,1,1,68,0,0
17,170910,1,1,1,6,12,19,35,25,0,1,0,17,1,20,24,20024,6,2012,1GNKVGED5CJ3,1,G,N,K,V,G,E,D,5,C,J,3,0,P,CHEV,TRV,UT,12,17,4859,,0,1189,,G,,F,6,220,,,18R255,,,,,,0,0,000000000,00000000000,0,0,0,1,0,0,0,0,0,0,0,998,0,0,0,11,6,2,25,0,0,0,1,17,60056,6,1,0,0,3,0,73,210,0,0,0,0,0,0,0,0,0,0,0,0,0,0,3,6,45,1,1,2,1,0,0,1,12,1,1,4,6,1,0
17,170911,1,1,1,14,12,13,30,14,0,1,0,17,2,59,401,59401,14,2001,JTJHF10U1102,J,T,J,H,F,1,0,U,1,1,0,2,0,P,LEXS,RX3,UT,1,17,3924,,0,1031,,G,,F,6,183,,,16R225,,,,,,0,0,000000000,00000000000,0,0,0,1,0,0,0,0,0,0,0,998,0,0,0,1,6,2,14,0,0,0,1,17,60712,6,1,0,0,3,0,67,128,0,0,0,0,0,0,0,0,0,0,28,0,0,0,1,2,30,1,1,2,1,0,0,1,13,1,1,4,1,1,0
17,170912,1,2,1,21,12,21,41,12,8,1,0,17,2,19,421,19421,15,2002,1GYEK63N32R1,1,G,Y,E,K,6,3,N,3,2,R,1,0,P,CADI,ESC,UT,2,17,5554,,0,1160,,G,,F,8,364,,,17R265,,,,,,0,0,000000000,00000000000,0,0,0,1,0,0,0,0,0,0,0,998,0,0,0,11,6,2,12,0,0,0,1,17,62206,6,1,0,0,3,0,70,230,0,0,0,0,1,4,2011,4,2011,1,28,0,0,0,1,2,30,3,1,2,1,0,0,14,10,1,1,2,64,0,0
17,170912,2,2,3,21,12,21,41,12,8,1,0,17,2,6,51,6051,4,2008,2C3LA53G58H1,2,C,3,L,A,5,3,G,5,8,H,1,0,P,CHRY,3TR,4D,8,17,3762,,0,1200,,G,,F,6,214,,,17R215,,,,,,0,0,000000000,00000000000,0,0,0,1,0,0,0,0,0,0,0,998,0,0,0,9,6,2,12,0,0,0,1,17,62205,6,1,0,0,3,0,71,195,0,0,0,2,0,12,2011,12,2011,0,0,0,0,0,1,2,30,2,1,2,1,0,0,14,62,1,1,1,65,1,0
17,170913,1,2,1,16,12,5,21,12,1,1,0,18,1,22,19,22019,2,2008,1G2AL55F8872,1,G,2,A,L,5,5,F,8,8,7,2,0,P,PONT,G5T,4D,8,17,2754,,0,1033,,G,,F,4,134,,,15R195,,,,,,0,0,000000000,00000000000,0,0,0,1,0,0,0,0,0,0,0,0,0,0,0,6,6,2,12,0,0,0,1,18,46312,6,1,0,0,3,3,61,120,0,0,0,0,0,0,0,0,0,0,54,23,0,0,3,3,55,1,1,2,2,0,0,5,53,1,1,1,21,1,0
17,170913,2,2,1,16,12,5,21,12,1,1,0,17,2,20,37,20037,4,2009,1G1ZG57K4942,1,G,1,Z,G,5,7,K,4,9,4,2,0,P,CHEV,M/L,4D,9,17,3415,,0,1123,,F,,F,6,214,,,17R215,,,,,,0,0,000000000,00000000000,0,0,0,1,0,0,0,0,0,0,0,998,0,0,0,12,6,2,12,0,0,0,1,17,60099,6,1,0,0,3,3,60,101,0,0,0,2,1,11,2010,4,2012,1,26,0,0,0,3,3,55,1,1,2,2,0,0,1,50,4,1,1,20,0,0
17,170914,1,1,1,22,12,7,58,8,0,1,0,17,1,12,481,12481,40,1996,1FDLF47G4TEB,1,F,D,L,F,4,7,G,4,T,E,B,0,T,FORD,FSD,CB,96,17,,4,1848,1368,COF,G,,,8,460,,,,E,00000,00,A,42,0,88,888888888,88888888888,2,1,96,1,0,0,0,0,0,0,0,998,0,0,0,12,2,1,8,0,0,0,1,17,60617,6,1,0,0,3,0,72,205,0,0,0,0,0,0,0,0,0,0,38,0,0,0,1,4,98,1,1,2,1,3,3,11,80,1,1,1,13,0,0
17,170915,1,1,1,19,12,7,26,38,0,1,0,6,1,42,47,42047,2,2008,WDBTJ72H38F2,W,D,B,T,J,7,2,H,3,8,F,2,0,P,MERZ,C5L,CP,8,17,3720,,0,1069,,G,,F,8,336,,,18R225,,,,,,0,0,000000000,00000000000,0,0,0,1,0,0,0,0,0,0,0,998,0,0,0,12,6,2,38,0,0,0,1,6,94103,6,1,0,0,3,3,75,220,0,0,0,0,0,0,0,0,0,9,0,0,0,0,1,2,35,3,1,2,99,0,0,14,13,99,1,4,5,1,1
17,170916,1,2,2,26,12,15,1,12,6,1,0,17,1,49,32,49032,4,2002,1NXBR12E62Z5,1,N,X,B,R,1,2,E,6,2,Z,5,0,P,TOYT,UCS,4D,2,17,2405,,0,970,,G,,F,4,109,,,14R175,,,,,,0,0,000000000,00000000000,0,0,0,1,0,0,0,0,0,0,0,998,0,0,0,3,6,2,12,0,0,0,1,17,60634,6,1,0,0,3,3,69,160,0,0,0,0,0,0,0,0,0,0,38,0,0,0,1,4,45,2,2,2,98,0,0,11,15,1,1,1,68,1,0
17,170916,2,2,1,26,12,15,1,12,6,1,0,17,2,2,404,2404,14,1997,1J4GZ78Y0VC6,1,J,4,G,Z,7,8,Y,0,V,C,6,0,T,JEEP,L/O,4W,97,17,,1,0,1059,GCK,G,,,8,318,,,,,3700,02,E,44,0,0,000000000,00000000000,0,0,0,1,0,0,0,0,0,0,0,998,0,0,0,12,6,2,12,0,0,0,1,17,60422,6,1,0,0,3,0,71,200,0,0,0,1,1,12,2011,2,2012,0,0,0,0,0,1,4,45,3,2,2,98,0,0,14,62,1,1,1,69,0,0
17,170917,1,1,1,17,11,0,43,8,0,1,0,17,1,23,401,23401,14,2005,1GKET66M3562,1,G,K,E,T,6,6,M,3,5,6,2,0,T,GMC,E/L,4W,5,17,,2,0,1290,E/D,G,,,8,323,,,,B,4954,00,4,44,0,0,000000000,00000000000,0,0,0,1,0,0,0,0,0,0,0,998,0,0,0,12,2,1,8,0,0,0,1,17,60638,6,1,0,0,3,0,70,170,0,0,0,0,1,3,2012,3,2012,0,0,0,0,0,2,6,35,1,1,2,1,0,0,1,83,1,1,1,13,0,0
17,170918,1,2,3,30,12,19,30,12,6,1,0,17,2,12,17,12017,4,2007,1FAFP53U37A1,1,F,A,F,P,5,3,U,3,7,A,1,0,P,FORD,TSE,4D,7,17,3307,,0,1085,,G,,F,6,183,,,16R215,,,,,,0,0,000000000,00000000000,0,0,0,1,0,0,0,0,0,0,0,998,0,0,0,3,6,2,12,0,0,0,1,17,60515,6,1,0,0,3,0,64,190,0,0,0,0,0,0,0,0,0,0,38,48,0,0,1,4,25,1,1,2,1,0,0,11,15,1,1,1,68,1,0
17,170918,2,2,1,30,12,19,30,12,6,1,0,17,2,20,444,20444,20,2007,1GNDV23127D2,1,G,N,D,V,2,3,1,2,7,D,2,0,T,CHEV,DLS,ES,7,17,,1,0,1211,UPL,G,,,6,238,,,,,4233,00,,42,0,0,000000000,00000000000,0,0,0,1,0,0,0,0,0,0,0,41,0,0,0,12,6,2,12,0,0,0,1,17,60559,6,1,0,0,3,0,70,240,0,0,0,1,0,12,2011,12,2011,0,0,0,0,0,1,4,35,1,1,2,1,0,0,1,62,1,1,1,69,0,0
17,170920,1,2,1,17,11,19,53,12,1,1,0,17,1,72,706,72706,80,1999,1HD1FMW10XY6,1,H,D,1,F,M,W,1,0,X,Y,6,0,M,HD,TPI,RS,99,17,,,,,,,1450,,2,,4,999,,,,,,,0,0,000000000,00000000000,0,0,0,1,0,0,0,0,0,0,0,998,0,0,0,12,6,2,12,0,0,0,1,17,61611,6,1,0,0,3,0,69,195,0,0,0,0,1,8,2011,8,2011,1,26,0,0,0,3,2,55,1,2,2,1,0,0,1,51,1,1,1,24,1,1
17,170920,2,2,1,17,11,19,53,12,1,1,1,17,2,72,706,72706,80,2012,1HD1PR815CB9,1,H,D,1,P,R,8,1,5,C,B,9,0,M,HD,SE7,RS,12,17,,,,,,,1800,,2,,4,889,,,,,,,0,0,000000000,00000000000,0,0,0,1,0,0,0,0,0,0,0,998,0,0,0,6,2,1,12,0,0,0,1,17,61611,6,1,0,0,3,0,70,220,0,0,0,0,0,0,0,0,0,0,0,0,0,0,3,2,55,1,2,2,1,0,0,1,53,1,1,1,25,0,1
17,170921,1,1,1,8,12,0,37,8,0,1,1,99,9,99,999,99999,99,9999,999999999999,9,9,9,9,9,9,9,9,9,9,9,9,0,,,,,,,,,,,,,,,,,,,,,,,,,0,0,000000000,00000000000,8,0,0,1,0,0,0,0,99,99,0,998,0,0,0,99,9,1,8,99,99,0,1,99,99999,9,9,99,9,9,9,999,999,99,99,99,99,99,99,9999,99,9999,9,99,99,99,99,2,4,40,1,1,1,2,3,3,99,19,99,9,9,13,0,0
17,170922,1,1,2,25,12,16,8,30,0,1,0,17,1,35,43,35043,4,2006,3N1CB51D26L6,3,N,1,C,B,5,1,D,2,6,L,6,0,P,NISS,S18,4D,6,17,2509,,0,998,,G,,F,4,108,,,15R195,,,,,,0,0,000000000,00000000000,0,0,0,1,0,0,0,0,0,0,0,998,0,0,0,12,6,2,30,0,0,0,1,17,60707,6,1,0,0,3,3,71,230,0,0,0,0,0,0,0,0,0,0,99,99,99,99,1,2,35,1,1,2,2,0,0,1,13,99,1,4,5,1,0
17,170924,1,1,1,16,9,4,55,8,0,1,1,99,9,12,17,12017,9,9999,999999999999,9,9,9,9,9,9,9,9,9,9,9,9,0,,,,,,,,,,,,,,,,,,,,,,,,,0,0,000000000,00000000000,0,0,0,1,0,0,0,0,0,0,0,998,0,0,0,12,9,1,8,0,0,0,1,99,99999,9,9,99,0,9,9,999,999,99,99,99,99,99,99,9999,99,9999,9,36,0,0,0,4,2,30,1,1,2,1,0,0,1,80,99,1,3,13,0,0
17,170925,1,1,1,16,11,18,40,8,0,1,0,17,1,2,404,2404,14,1996,1J4GZ58SXTC3,1,J,4,G,Z,5,8,S,X,T,C,3,0,T,JEEP,LRO,4W,96,17,,1,0,1059,GCK,G,,,6,242,,,,,3686,00,E,44,0,0,000000000,00000000000,0,0,0,1,0,0,0,0,0,0,0,998,0,0,0,1,2,1,8,0,0,0,1,17,60659,6,1,0,0,3,3,70,165,0,0,0,0,1,2,2010,2,2010,0,0,0,0,0,2,2,30,1,1,2,98,0,0,1,80,6,1,3,13,0,0
17,170926,1,1,4,17,11,23,17,8,0,1,0,17,1,6,44,6044,4,1997,1C3EJ56H3VN7,1,C,3,E,J,5,6,H,3,V,N,7,0,P,CHRY,CXI,4D,97,17,2998,,0,1080,,G,,F,6,152,,,15R195,,,,,,0,0,000000000,00000000000,0,0,0,1,0,0,0,0,0,0,0,998,0,0,0,12,6,2,8,0,0,0,1,17,60406,6,1,0,0,3,0,68,160,0,1,0,0,0,9,2012,9,2012,0,0,0,0,0,3,2,30,1,1,2,1,2,3,1,80,7,1,3,13,0,0
17,170927,1,1,2,9,11,7,5,8,0,1,1,18,1,22,2,22002,4,1993,1G2HX53L5P12,1,G,2,H,X,5,3,L,5,P,1,2,0,P,PONT,BVS,4D,93,17,0,,0,1108,,G,,F,6,231,,,15R215,,,,,,0,0,000000000,00000000000,0,0,0,1,0,0,0,0,0,0,0,998,0,0,0,12,2,3,8,0,0,0,1,17,60659,1,1,0,0,2,0,999,999,99,99,99,99,99,99,9999,99,9999,0,39,0,0,0,1,4,30,1,1,2,1,2,3,1,80,1,1,1,13,0,1
17,170928,1,1,3,9,12,5,30,5,0,1,0,17,3,12,481,12481,40,2010,1FDXF4GR2AEA,1,F,D,X,F,4,G,R,2,A,E,A,0,T,FORD,F4D,CB,10,17,,4,2002,1408,DRW,D,,,8,390,,,,D,00000,00,E,42,0,88,888888888,88888888888,3,1,97,1,0,0,0,0,0,6,1,998,0,0,0,0,0,1,5,0,0,0,1,17,60638,6,1,0,0,3,3,70,160,0,0,0,0,0,0,0,0,0,0,0,0,0,0,1,2,25,1,8,2,2,0,0,1,98,1,1,1,0,1,0
17,170929,1,1,1,13,12,10,10,9,0,1,0,17,1,49,40,49040,4,1997,4T1BF22K5VU9,4,T,1,B,F,2,2,K,5,V,U,9,0,P,TOYT,UEX,4D,97,17,3086,,0,1051,,G,,F,6,183,,,15R205,,,,,,0,0,000000000,00000000000,0,0,0,1,0,0,0,0,0,0,0,998,0,0,0,1,2,1,9,0,0,0,1,17,60632,6,1,0,0,3,3,66,160,0,0,0,0,0,0,0,0,0,0,0,0,0,0,1,2,25,1,1,2,1,0,0,1,84,99,1,1,13,0,0
17,170930,1,1,1,1,12,12,6,8,0,1,0,17,2,20,2,20002,4,2007,2G1WT55K2791,2,G,1,W,T,5,5,K,2,7,9,1,0,P,CHEV,IMT,4D,7,17,3674,,0,1105,,F,,F,6,214,,,16R225,,,,,,0,0,000000000,00000000000,0,0,0,1,0,0,0,0,0,0,0,998,0,0,0,12,6,2,8,0,0,0,1,17,60406,6,1,0,0,3,0,65,140,0,0,0,0,0,0,0,0,0,1,86,0,0,0,2,4,35,1,1,2,1,2,3,1,80,1,1,1,13,0,0
17,170931,1,1,1,21,12,12,23,8,0,1,0,17,1,22,441,22441,20,2006,1GMDX33L96D1,1,G,M,D,X,3,3,L,9,6,D,1,0,P,PONT,MON,SV,6,17,4632,,0,1211,,G,,F,6,214,,,000000,,,,,,0,0,000000000,00000000000,0,0,0,1,0,0,0,0,0,0,0,998,0,0,0,12,2,1,8,0,0,0,1,17,61832,6,1,0,0,3,0,72,210,0,0,0,0,0,0,0,0,0,0,38,0,0,0,1,2,30,1,1,2,1,2,3,10,80,1,1,1,13,0,0
17,170932,1,1,1,12,9,12,23,42,0,1,0,17,1,12,471,12471,30,1993,1FTDR15X4PTA,1,F,T,D,R,1,5,X,4,P,T,A,0,T,FORD,RNS,PC,93,17,,1,0,1250,RNG,G,,,6,245,,,,B,00000,00,A,44,0,0,000000000,00000000000,0,0,0,1,0,0,0,0,0,0,0,998,0,1,5,12,6,2,1,0,0,0,1,17,60586,6,1,0,0,3,0,66,185,0,0,0,0,0,0,0,0,0,0,0,0,0,0,3,3,55,1,1,2,1,0,0,1,13,1,1,4,1,1,1
17,170933,1,1,1,12,6,11,24,42,0,1,0,17,1,22,19,22019,2,2008,1G2AL18F6873,1,G,2,A,L,1,8,F,6,8,7,3,0,P,PONT,G/5,CP,8,17,2991,,0,1035,,G,,F,4,134,,,15R195,,,,,,0,0,000000000,00000000000,0,0,0,1,0,0,0,0,0,0,0,998,0,0,0,12,6,2,42,0,0,0,1,17,60099,6,1,0,0,3,3,68,185,0,0,0,0,0,0,0,0,0,0,0,0,0,0,1,2,35,3,1,2,1,0,0,14,12,1,1,4,6,1,0
18,180001,1,1,3,1,1,1,1,8,0,1,0,18,1,21,17,21017,4,1994,1G3AG55M8R63,1,G,3,A,G,5,5,M,8,R,6,3,0,P,OLDS,CIS,4D,94,17,2818,,0,1049,,G,,F,6,191,,,14R185,,,,,,0,0,000000000,00000000000,0,0,0,1,0,0,0,0,0,0,0,998,0,0,0,12,4,3,8,32,0,0,1,18,46224,6,1,0,0,3,0,74,300,1,7,0,6,1,7,2009,12,2011,0,0,0,0,0,2,3,45,1,1,2,1,0,0,1,80,1,1,1,13,0,0
18,180002,1,2,1,3,1,18,26,12,6,1,0,18,1,55,35,55035,4,2007,KMHDU46D37U0,K,M,H,D,U,4,6,D,3,7,U,0,0,P,HYUN,GST,4D,7,17,2723,,0,1043,,G,,F,4,121,,,15R195,,,,,,0,0,000000000,00000000000,0,0,0,1,0,0,0,0,0,0,0,998,0,0,0,3,6,2,12,0,0,0,1,18,47918,6,1,0,0,3,1,60,125,0,0,0,0,0,0,0,0,0,0,38,0,0,0,1,2,55,1,1,2,1,21,3,1,17,1,1,1,87,1,0
18,180002,2,2,1,3,1,18,26,12,6,1,0,18,3,84,881,84881,66,2006,2HSCKAPR46C2,2,H,S,C,K,A,P,R,4,6,C,2,1,T,INTL,99X,TR,6,17,,8,0,0,990,D,,,6,915,,,,,00000,00,,64,1,57,244303,57244303,3,6,1,1,0,0,0,0,0,0,0,998,0,0,0,12,6,2,12,0,0,0,1,18,47978,6,1,6,0,3,0,75,210,0,3,0,1,0,4,2009,4,2011,0,0,0,0,0,5,3,60,1,1,2,1,4,3,1,17,1,1,1,86,0,0
18,180003,1,1,1,3,1,17,45,1,0,1,0,18,2,12,401,12401,14,2000,1FMZU73E0YZC,1,F,M,Z,U,7,3,E,0,Y,Z,C,0,P,FORD,EPR,UT,0,17,4106,,0,1116,,G,,F,6,245,,,15R235,,,,,,0,0,000000000,00000000000,0,0,0,1,0,0,0,0,0,0,0,998,0,1,5,0,6,2,1,0,0,0,1,18,46534,6,1,0,0,3,1,69,120,0,0,0,0,0,0,0,0,0,1,87,0,0,0,1,2,55,1,1,2,3,0,0,1,13,1,1,4,1,1,0
18,180004,1,1,1,3,1,21,54,33,0,1,0,18,1,55,41,55041,2,2010,KMHHT6KD2AU0,K,M,H,H,T,6,K,D,2,A,U,0,0,P,HYUN,GN2,CP,10,17,3294,,0,1110,,G,,T,4,121,,,18R225,,,,,,0,0,000000000,00000000000,0,0,0,1,0,0,0,0,0,0,0,998,0,0,0,14,6,2,30,0,0,0,1,18,47802,6,1,0,0,3,1,66,158,0,0,0,0,0,0,0,0,0,0,0,0,0,0,4,3,30,1,1,2,1,3,3,1,13,1,1,4,1,1,0
18,180005,1,1,1,5,1,0,0,1,0,1,0,18,1,22,32,22032,6,2003,5Y2SL62823Z4,5,Y,2,S,L,6,2,8,2,3,Z,4,0,P,PONT,VIB,4H,3,17,2700,,0,1024,,G,,F,4,110,,,16R205,,,,,,0,0,000000000,00000000000,0,0,0,1,0,0,0,0,0,0,0,998,0,2,6,0,6,2,1,0,0,0,1,18,47948,6,1,0,0,3,0,72,190,0,0,0,0,0,0,0,0,0,0,28,39,0,0,1,2,55,1,1,4,11,1,3,1,12,3,4,4,7,1,1
18,180006,1,2,1,2,1,16,10,12,6,1,0,18,2,12,17,12017,4,1999,1FAFP53S2XA2,1,F,A,F,P,5,3,S,2,X,A,2,0,P,FORD,SCS,4D,99,17,3353,,0,1085,,G,,F,6,182,,,15R205,,,,,,0,0,000000000,00000000000,0,0,0,1,0,0,0,0,0,0,0,998,0,0,0,3,6,2,12,0,0,0,1,18,46818,6,1,0,0,3,0,63,110,0,0,0,1,0,6,2009,6,2009,1,28,35,87,0,1,2,55,1,1,2,3,0,0,6,10,1,2,2,64,1,0
18,180006,2,2,1,2,1,16,10,12,6,1,0,18,2,20,481,20481,31,2001,1GCCS1953181,1,G,C,C,S,1,9,5,3,1,8,1,0,T,CHEV,S14,PC,1,17,,1,0,1229,S,F,,,4,133,,,,B,00000,00,,42,0,0,000000000,00000000000,0,0,0,1,0,0,0,0,0,0,0,998,0,0,0,12,6,2,12,0,0,0,1,18,47348,6,1,0,0,2,1,70,180,0,0,0,0,0,0,0,0,0,0,0,0,0,0,1,2,55,1,1,2,3,0,0,1,63,1,1,1,65,0,0
18,180007,1,2,1,2,1,19,20,52,0,1,0,18,1,12,35,12035,4,1999,1FAFP6635XK2,1,F,A,F,P,6,6,3,5,X,K,2,0,P,FORD,CSE,4D,99,17,2774,,0,1065,,G,,F,4,121,,,14R185,,,,,,0,0,000000000,00000000000,0,0,0,1,0,0,0,0,0,0,0,998,0,0,0,12,6,2,12,0,0,0,1,18,46077,6,1,0,0,3,0,65,132,0,0,0,0,0,0,0,0,0,0,0,0,0,0,3,4,70,1,1,2,1,0,0,1,12,1,1,4,6,1,0
18,180007,2,2,1,2,1,19,20,52,0,1,0,17,3,82,881,82881,66,2011,1FUJGLDR8BLA,1,F,U,J,G,L,D,R,8,B,L,A,1,T,FRHT,125,TR,11,17,,8,0,0,CSC,D,,,6,903,,,,,00000,00,,64,1,57,000276010,57000276010,3,6,1,1,0,0,0,0,0,0,0,998,0,0,0,12,6,2,12,0,0,0,1,12,34953,6,1,6,1,3,0,65,999,0,1,0,0,1,11,2009,4,2010,0,0,0,0,0,3,4,65,1,1,2,1,0,0,1,62,1,1,1,98,0,0
18,180008,1,2,1,5,1,17,3,12,1,1,0,18,1,37,402,37402,14,2010,5J6RE4H51AL0,5,J,6,R,E,4,H,5,1,A,L,0,0,P,HOND,CRV,UT,10,17,3532,,0,1031,,G,,F,4,146,,,17R225,,,,,,0,0,000000000,00000000000,0,0,0,1,0,0,0,0,0,0,0,998,1,0,0,12,6,2,12,0,0,0,1,18,46530,6,1,0,0,3,1,70,170,0,0,0,0,0,0,0,0,0,1,0,0,0,0,3,3,70,1,1,2,1,0,0,1,50,1,1,1,20,1,0
18,180008,2,2,1,5,1,17,3,12,1,1,0,55,3,85,881,85881,66,2000,1XKTD69X0YJ8,1,X,K,T,D,6,9,X,0,Y,J,8,1,T,KW,T20,TR,0,17,,8,2600,1900,CON,D,,,6,855,,,,,00000,00,,64,1,57,001021374,57001021374,3,6,1,1,0,0,0,0,0,0,0,0,0,0,0,6,6,2,12,0,0,0,1,17,60626,6,1,6,0,3,0,74,195,0,0,0,0,0,0,0,0,0,0,0,0,0,0,3,3,65,1,1,2,1,0,0,5,53,1,1,1,21,0,0
18,180009,1,3,1,7,1,22,30,12,2,1,0,18,1,49,472,49472,30,2011,3TMLU4EN9BM0,3,T,M,L,U,4,E,N,9,B,M,0,0,T,TOYT,DCL,CW,11,17,,1,0,1278,TAC,G,,,6,244,,,,B,4035,00,W,44,0,0,000000000,00000000000,0,0,0,1,0,0,0,0,0,0,0,998,0,0,0,12,6,2,12,0,0,1,1,18,47371,6,1,5,0,3,0,70,155,0,0,0,0,0,0,0,0,0,0,35,8,91,0,1,2,55,1,3,2,1,0,0,1,10,1,1,2,50,0,1
18,180009,2,3,4,7,1,22,30,12,2,1,0,39,1,23,481,23481,31,2004,1GTHK29274E3,1,G,T,H,K,2,9,2,7,4,E,3,0,T,GMC,2KH,4C,4,17,,2,1575,1430,SIE,D,,,8,403,,,,C,5828,00,U,44,0,0,000000000,00000000000,0,0,0,1,0,0,0,0,0,0,0,998,0,1,1,61,6,2,12,0,0,0,1,39,45846,6,1,0,0,3,1,73,160,0,0,0,1,2,6,2009,3,2011,0,0,0,0,0,1,2,55,1,3,2,1,0,0,1,61,1,1,1,98,0,0
18,180009,3,3,1,7,1,22,30,12,2,1,0,18,1,7,42,7042,2,2000,4B3AU42NXYE0,4,B,3,A,U,4,2,N,X,Y,E,0,0,P,DODG,AVS,CP,0,17,3047,,0,1037,,G,,F,6,152,,,16R205,,,,,,0,0,000000000,00000000000,0,0,0,1,0,0,0,0,0,0,0,998,0,0,0,12,6,2,12,0,0,0,1,18,47371,6,1,0,0,3,0,69,170,0,1,0,1,2,1,2009,5,2011,0,0,0,0,0,1,2,55,1,3,2,1,0,0,1,62,1,1,1,51,1,0
18,180010,1,1,1,4,1,4,15,1,0,1,0,17,1,12,471,12471,30,2002,1FTYR10U12PA,1,F,T,Y,R,1,0,U,1,2,P,A,0,T,FORD,RNG,PK,2,17,,1,1175,1116,RNG,G,,,6,182,,,,B,3085,03,E,42,0,0,000000000,00000000000,0,0,0,1,0,0,0,0,0,0,0,998,0,1,5,0,6,2,1,0,0,0,1,17,62450,6,1,0,0,3,0,72,185,0,0,0,0,0,0,0,0,0,1,0,0,0,0,1,2,55,1,2,4,1,0,0,1,6,1,2,4,7,1,1
18,180011,1,3,2,7,1,18,28,12,6,1,0,18,1,23,481,23481,31,1998,1GTEC19W0WE5,1,G,T,E,C,1,9,W,0,W,E,5,0,T,GMC,SC1,PC,98,17,,2,1555,1415,SIE,G,,,6,262,,,,B,4160,02,U,42,0,0,000000000,00000000000,0,0,0,1,0,0,0,0,0,0,0,998,0,0,0,3,6,2,12,0,0,0,1,18,46176,6,1,0,0,3,1,69,240,0,1,0,1,1,4,2009,11,2011,0,38,0,0,0,5,4,50,1,1,2,1,1,3,11,15,1,1,1,68,1,0