STATE,ST_CASE,VEH_NO,VE_FORMS,NUMOCCS,DAY,MONTH,HOUR,MINUTE,HARM_EV,MAN_COLL,UNITTYPE,HIT_RUN,REG_STAT,OWNER,MAKE,MODEL,MAK_MOD,BODY_TYP,MOD_YEAR,VIN,VIN_1,VIN_2,VIN_3,VIN_4,VIN_5,VIN_6,VIN_7,VIN_8,VIN_9,VIN_10,VIN_11,VIN_12,TOW_VEH,VINTYPE,VINMAKE,VINA_MOD,VIN_BT,VINMODYR,VIN_LNGT,VIN_WGT,WGTCD_TR,WHLBS_LG,WHLBS_SH,SER_TR,FUELCODE,MCYCL_DS,CARBUR,CYLINDER,DISPLACE,MCYCL_CY,MCYCL_WT,TIRE_SZE,TON_RAT,TRK_WT,TRKWTVAR,VIN_REST,WHLDRWHL,J_KNIFE,MCARR_I1,MCARR_I2,MCARR_ID,GVWR,V_CONFIG,CARGO_BT,HAZ_INV,HAZ_PLAC,HAZ_ID,HAZ_CNO,HAZ_REL,BUS_USE,SPEC_USE,EMER_USE,TRAV_SP,UNDERIDE,ROLLOVER,ROLINLOC,IMPACT1,DEFORMED,TOWED,M_HARM,VEH_SC1,VEH_SC2,FIRE_EXP,DR_PRES,L_STATE,DR_ZIP,L_STATUS,L_TYPE,CDL_STAT,L_ENDORS,L_COMPL,L_RESTRI,DR_HGT,DR_WGT,PREV_ACC,PREV_SUS,PREV_DWI,PREV_SPD,PREV_OTH,FIRST_MO,FIRST_YR,LAST_MO,LAST_YR,SPEEDREL,DR_SF1,DR_SF2,DR_SF3,DR_SF4,VTRAFWAY,VNUM_LAN,VSPD_LIM,VALIGN,VPROFILE,VPAVETYP,VSURCOND,VTRAFCON,VTCONT_F,P_CRASH1,P_CRASH2,P_CRASH3,PCRASH4,PCRASH5,ACC_TYPE,DEATHS,DR_DRINK
18,180040,1,1,1,5,1,12,36,42,0,1,0,18,1,48,34,48034,6,2002,4S3BH6355273,4,S,3,B,H,6,3,5,5,2,7,3,0,P,SUBA,ULW,SW,2,17,3345,,0,1043,,G,,F,4,153,,,15R205,,,,,,0,0,000000000,00000000000,0,0,0,1,0,0,0,0,0,0,0,998,0,0,0,9,6,2,42,0,0,0,1,18,46563,6,1,0,0,3,2,65,175,0,0,0,0,0,0,0,0,0,0,87,74,0,0,1,2,55,1,1,2,1,0,0,1,5,1,3,4,2,1,0
18,180041,1,2,2,28,1,9,29,12,6,1,0,18,3,32,402,32402,14,2012,WA1LFAFP5CA0,W,A,1,L,F,A,F,P,5,C,A,0,0,P,AUDI,AQ5,UT,12,17,4090,,0,0,,G,,T,4,121,,,000000,,,,,,0,0,000000000,00000000000,0,0,0,1,0,0,0,0,0,0,0,998,0,0,0,12,6,2,12,0,0,0,1,18,47909,6,1,0,0,3,1,63,140,0,2,0,2,2,5,2009,10,2011,0,38,0,0,0,1,2,55,1,1,2,1,4,3,1,17,1,1,1,86,0,0
18,180041,2,2,2,28,1,9,29,12,6,1,0,18,1,7,26,7026,4,2008,1B3LC46K68N6,1,B,3,L,C,4,6,K,6,8,N,6,0,P,DODG,AVN,4D,8,17,3355,,0,1089,,G,,F,4,144,,,16R215,,,,,,0,0,000000000,00000000000,0,0,0,1,0,0,0,0,0,0,0,998,0,1,5,3,6,2,12,0,0,0,1,18,47977,6,1,6,0,3,1,69,200,0,0,0,0,0,0,0,0,0,0,0,0,0,0,1,2,55,1,1,2,1,4,3,1,66,1,1,1,87,2,0
18,180042,1,2,1,1,2,21,31,12,1,1,0,18,1,12,442,12442,20,2003,2FMDA52473BA,2,F,M,D,A,5,2,4,7,3,B,A,0,T,FORD,WSE,ES,3,17,,1,0,1207,WIN,G,,,6,232,,,,B,3762,00,K,42,0,0,000000000,00000000000,0,0,0,1,0,0,0,0,0,0,0,998,0,0,0,12,4,1,12,0,0,0,1,18,46151,6,1,0,0,3,0,66,120,0,6,0,6,1,5,2010,8,2011,0,38,0,0,0,1,2,45,1,1,2,1,0,0,1,51,1,1,1,24,0,0
18,180042,2,2,1,1,2,21,31,12,1,1,0,0,0,76,701,76701,81,2001,JYA4FBA0X1A0,J,Y,A,4,F,B,A,0,X,1,A,0,0,M,YAMA,CY5,MS,1,17,,,,,,,49,,1,,2,137,,,,,,,0,0,000000000,00000000000,0,0,0,1,0,0,0,0,0,0,0,998,0,0,0,6,6,2,12,0,0,0,1,18,46151,0,0,0,0,1,0,72,160,0,0,0,0,0,0,0,0,0,0,0,0,0,0,1,2,45,1,1,2,1,0,0,1,53,1,1,1,25,1,0
18,180044,1,1,1,27,1,11,18,52,0,1,0,18,2,12,13,12013,4,1999,1FAFP13PXXW2,1,F,A,F,P,1,3,P,X,X,W,2,0,P,FORD,ESE,4D,99,17,2468,,0,984,,G,,F,4,122,,,14R185,,,,,,0,0,000000000,00000000000,0,0,0,1,0,0,0,0,0,0,0,998,0,1,5,12,6,2,1,32,0,0,1,18,47018,6,1,0,0,3,1,65,165,0,0,0,0,0,0,0,0,0,0,28,0,0,0,1,2,55,3,1,2,2,0,0,14,12,1,1,4,6,1,0
18,180045,1,1,1,18,1,18,45,8,0,1,0,18,1,7,43,7043,4,1998,1B3EJ56H3WN2,1,B,3,E,J,5,6,H,3,W,N,2,0,P,DODG,STS,4D,98,17,2917,,0,1080,,G,,F,6,152,,,15R195,,,,,,0,0,000000000,00000000000,0,0,0,1,0,0,0,0,0,0,0,998,0,0,0,12,4,3,8,0,0,0,1,18,46227,6,1,0,0,3,0,73,165,0,0,0,0,0,0,0,0,0,0,0,0,0,0,5,4,40,1,1,2,1,0,0,1,80,1,1,1,13,0,0
18,180046,1,1,1,3,2,1,34,34,0,1,0,18,1,37,31,37031,4,2000,1HGEJ6671YL0,1,H,G,E,J,6,6,7,1,Y,L,0,0,P,HOND,UCL,4D,0,17,2456,,0,1032,,G,,F,4,097,,,14R185,,,,,,0,0,000000000,00000000000,0,0,0,1,0,0,0,0,0,0,0,998,0,0,0,14,6,2,30,0,0,0,1,18,46307,6,1,0,0,3,0,73,220,0,12,0,1,11,7,2009,10,2011,0,8,28,0,0,1,2,30,1,1,2,2,0,0,1,12,1,1,4,6,1,0
18,180047,1,1,1,3,2,3,23,42,0,1,0,18,1,49,401,49401,14,1995,JT3VN29V0S00,J,T,3,V,N,2,9,V,0,S,0,0,0,P,TOYT,RUN,UT,95,17,3760,,0,1033,,G,,F,6,180,,,15R225,,,,,,0,0,000000000,00000000000,0,0,0,1,0,0,0,0,0,0,0,998,0,0,0,12,6,2,42,0,0,0,1,18,47203,6,1,0,0,3,0,70,270,0,0,0,0,1,9,2010,9,2010,0,0,0,0,0,4,3,35,1,1,2,1,0,0,1,12,1,1,4,6,1,0
18,180048,1,1,2,2,2,12,55,9,0,1,0,18,1,14,6,14006,4,2000,2MEFM74W3YX6,2,M,E,F,M,7,4,W,3,Y,X,6,0,P,MERC,GMG,4D,0,17,3958,,0,1147,,G,,F,8,281,,,16R225,,,,,,0,0,000000000,00000000000,0,0,0,1,0,0,0,0,0,0,0,998,0,0,0,12,6,2,9,0,0,0,1,18,46235,6,1,0,0,3,0,70,197,0,2,0,0,3,4,2009,1,2010,0,0,0,0,0,1,2,35,1,1,1,1,20,3,1,83,8,1,1,13,0,0
18,180049,1,2,5,3,2,23,20,12,2,1,0,17,1,20,431,20431,16,2003,3GNGK26G83G1,3,G,N,G,K,2,6,G,8,3,G,1,1,P,CHEV,K25,UT,3,17,5760,,0,1300,,G,,F,8,496,,,16R245,,,,,,1,0,000000000,00000000000,0,0,0,1,0,0,0,0,0,0,0,998,0,0,0,12,6,2,12,0,0,0,1,17,60191,6,1,0,0,3,0,71,200,0,0,0,0,0,0,0,0,0,0,88,0,0,0,2,2,65,1,1,2,1,0,0,1,10,2,1,1,50,0,0
18,180049,2,2,1,3,2,23,20,12,2,1,0,18,3,84,881,84881,66,2012,1HSDESJN0CH0,1,H,S,D,E,S,J,N,0,C,H,0,2,T,INTL,PRO,TR,12,17,,7,0,0,PRO,D,,,6,793,,,,,00000,00,,42,1,57,000121058,57000121058,3,7,1,1,0,0,0,0,0,0,0,998,0,0,0,12,6,2,12,0,0,0,1,17,60455,6,1,6,1,3,0,66,180,0,0,0,0,0,0,0,0,0,0,0,0,0,0,2,2,65,1,1,2,1,0,0,1,62,1,1,1,51,1,0
18,180051,1,2,1,4,2,23,45,12,2,1,0,18,1,22,9,22009,3,1997,2G2FV22PXV22,2,G,2,F,V,2,2,P,X,V,2,2,0,P,PONT,FTA,2H,97,17,3350,,0,1011,,G,,F,8,350,,,16R235,,,,,,0,0,000000000,00000000000,0,0,0,1,0,0,0,0,0,0,0,998,0,0,0,12,6,2,12,0,0,0,1,18,46366,1,1,0,0,2,0,70,220,0,5,1,0,5,6,2009,10,2011,0,28,0,0,0,1,2,55,1,1,2,1,0,0,1,10,1,1,2,50,1,1
18,180051,2,2,1,4,2,23,45,12,2,1,0,18,2,7,482,7482,31,2001,1B7HC13Y21J5,1,B,7,H,C,1,3,Y,2,1,J,5,0,T,DODG,Q15,4C,1,17,,2,1547,1387,RPC,G,,,8,318,,,,B,4688,01,U,42,0,0,000000000,00000000000,0,0,0,1,0,0,0,0,0,0,0,998,0,0,0,12,6,2,12,0,0,1,1,18,46366,6,1,0,0,3,0,72,280,0,0,0,0,0,0,0,0,0,0,0,0,0,0,1,2,55,1,1,2,1,0,0,1,62,8,1,1,51,0,0
18,180052,1,1,1,2,2,3,42,31,0,1,0,18,2,2,404,2404,14,2002,1J4GW48S72C2,1,J,4,G,W,4,8,S,7,2,C,2,0,T,JEEP,LRO,4W,2,17,,1,0,1059,GCK,G,,,6,244,,,,,3868,01,E,44,0,0,000000000,00000000000,0,0,0,1,0,0,0,0,0,0,0,998,0,1,2,3,6,2,1,0,0,0,1,18,46068,1,1,0,0,2,1,61,124,0,1,0,0,1,10,2009,6,2011,1,58,8,0,0,2,4,60,1,1,2,1,0,0,1,13,1,4,4,2,1,1
18,180053,1,2,1,31,1,8,32,12,2,1,0,18,2,22,18,22018,4,1999,1G2NE52E0XC5,1,G,2,N,E,5,2,E,0,X,C,5,0,P,PONT,GAS,4D,99,17,3102,,0,1071,,G,,F,6,207,,,15R215,,,,,,0,0,000000000,00000000000,0,0,0,1,0,0,0,0,0,0,0,998,0,1,5,12,6,2,12,0,0,0,1,18,46219,1,1,0,0,2,0,69,180,0,3,0,0,2,3,2010,3,2010,0,28,91,0,0,5,4,40,1,1,2,1,0,0,1,10,1,1,2,50,0,0
18,180053,2,2,1,31,1,8,32,12,2,1,0,18,1,14,6,14006,4,1989,2MEBM75F2KX6,2,M,E,B,M,7,5,F,2,K,X,6,0,P,MERC,MGL,4D,89,17,3774,,0,1143,,G,,F,8,302,,,15R215,,,,,,0,0,000000000,00000000000,0,0,0,1,0,0,0,0,0,0,0,998,0,0,0,12,6,2,12,32,0,0,1,18,46219,6,1,0,0,3,0,69,200,0,0,0,0,0,0,0,0,0,0,0,0,0,0,5,4,40,1,1,2,1,0,0,1,62,1,1,1,51,1,0
18,180054,1,1,1,5,2,23,0,52,0,1,0,18,1,20,473,20473,30,2004,1GCCS1466481,1,G,C,C,S,1,4,6,6,4,8,1,0,T,CHEV,RDO,PK,4,17,,1,0,1112,CAL,G,,,5,214,,,,,4858,00,,42,0,0,000000000,00000000000,0,0,0,1,0,0,0,0,0,0,0,998,0,0,0,12,6,2,42,0,0,0,1,18,46383,6,1,0,0,3,0,71,230,0,0,0,0,0,0,0,0,0,1,28,58,0,0,1,2,55,2,3,2,1,28,3,14,13,3,1,4,6,1,1
18,180055,1,2,1,7,2,16,50,12,6,1,0,18,1,20,23,20023,6,2006,3GNDA23P06S5,3,G,N,D,A,2,3,P,0,6,S,5,0,P,CHEV,HHR,SV,6,17,3155,,0,1035,,G,,F,4,146,,,16R215,,,,,,0,0,000000000,00000000000,0,0,0,1,0,0,0,0,0,0,0,998,0,0,0,10,6,2,12,0,0,0,1,18,46825,6,1,0,0,3,1,72,290,0,0,0,0,0,0,0,0,0,0,38,0,0,0,1,2,45,1,1,2,1,20,3,1,17,1,1,1,89,1,0
18,180055,2,2,1,7,2,16,50,12,6,1,0,18,1,12,401,12401,14,2002,1FMZU73E12ZA,1,F,M,Z,U,7,3,E,1,2,Z,A,0,P,FORD,EPR,UT,2,17,4378,,0,1137,,G,,F,6,245,,,16R235,,,,,,0,0,000000000,00000000000,0,0,0,1,0,0,0,0,0,0,0,998,0,0,0,12,6,2,12,0,0,0,1,18,46615,6,1,0,0,3,0,74,180,0,0,0,0,0,0,0,0,0,0,0,0,0,0,1,2,45,1,1,2,1,0,0,1,66,1,1,1,88,0,0
18,180056,1,2,1,4,2,3,30,12,6,1,0,17,2,23,461,23461,21,1999,1GDFG15R1X10,1,G,D,F,G,1,5,R,1,X,1,0,0,T,GMC,SV1,SV,99,17,,2,0,1350,S/V,G,,,8,350,,,,B,00000,00,E,42,0,0,000000000,00000000000,0,0,0,1,0,0,0,0,0,0,0,998,0,0,0,9,6,2,12,0,0,0,1,18,46323,0,0,0,0,0,0,72,165,0,0,0,0,0,0,0,0,0,1,58,87,0,0,2,3,55,1,1,1,10,0,0,2,6,6,4,2,48,1,1
18,180056,2,2,1,4,2,3,30,12,6,1,0,18,3,82,881,82881,66,2007,1FUJA6CK57LY,1,F,U,J,A,6,C,K,5,7,L,Y,1,T,FRHT,COL,TR,7,17,,8,0,0,CON,D,,,6,855,,,,,00000,00,,64,1,57,000134476,57000134476,3,6,3,1,0,0,0,0,0,0,0,998,0,0,0,12,6,2,12,0,0,0,1,18,46368,6,1,6,0,3,1,73,190,0,0,0,0,2,9,2010,10,2010,0,87,0,0,0,2,3,55,1,1,1,10,0,0,1,61,1,1,1,48,0,0
18,180057,1,2,1,9,2,13,30,12,6,1,0,18,1,20,39,20039,5,2011,KL1TD6DEXBB1,K,L,1,T,D,6,D,E,X,B,B,1,0,P,CHEV,LTS,5D,11,17,2568,,0,976,,G,,F,4,098,,,14R185,,,,,,0,0,000000000,00000000000,0,0,0,1,0,0,0,0,0,0,0,998,0,0,0,12,6,2,12,0,0,0,1,18,46032,6,1,0,0,3,1,68,194,0,0,0,0,0,0,0,0,0,0,39,0,0,0,3,3,40,1,1,2,1,20,3,4,17,1,1,1,86,1,0
18,180057,2,2,1,9,2,13,30,12,6,1,0,18,1,19,3,19003,4,2004,1G6KD54Y34U2,1,G,6,K,D,5,4,Y,3,4,U,2,0,P,CADI,DFW,4D,4,17,3978,,0,1153,,G,,F,8,279,,,16R225,,,,,,0,0,000000000,00000000000,0,0,0,1,0,0,0,0,0,0,0,998,0,0,0,2,6,2,42,0,0,0,1,18,46260,6,1,0,0,3,1,73,225,0,0,0,0,0,0,0,0,0,0,0,0,0,0,3,3,40,1,1,2,1,0,0,1,17,1,1,1,87,1,0
18,180058,1,3,2,10,2,6,1,12,1,1,0,18,1,22,20,22020,2,1999,1G2WP12K1XF2,1,G,2,W,P,1,2,K,1,X,F,2,0,P,PONT,GPG,CP,99,17,3396,,0,1105,,G,,F,6,231,,,16R225,,,,,,0,0,000000000,00000000000,0,0,0,1,0,0,0,0,0,0,0,998,0,0,0,6,6,2,12,0,0,0,1,18,46208,1,1,0,0,2,2,63,140,1,1,0,0,1,11,2011,11,2011,1,80,74,0,0,3,3,70,1,1,2,1,0,0,2,53,1,1,1,25,1,0
18,180058,2,3,1,10,2,6,1,12,1,1,0,18,1,12,481,12481,31,2006,1FTSW21P26EA,1,F,T,S,W,2,1,P,2,6,E,A,0,T,FORD,F2S,CW,6,17,,2,1720,1560,SRW,D,,,8,366,,,,C,6395,01,E,44,0,0,000000000,00000000000,0,0,0,1,0,0,0,0,0,0,0,998,0,0,0,12,6,2,12,0,0,0,1,18,46151,6,1,0,0,3,1,67,220,0,0,0,0,0,0,0,0,0,0,0,0,0,0,3,3,70,1,1,2,1,0,0,1,51,1,1,1,24,0,0
18,180058,3,3,1,10,2,6,1,12,1,1,0,18,3,51,881,51881,66,2006,4V4NC9GH76N4,4,V,4,N,C,9,G,H,7,6,N,4,1,T,VOLV,VNL,TR,6,17,,8,0,0,VVN,D,,,6,732,,,,,00000,00,,64,1,57,223337,57223337,3,6,1,1,0,0,0,0,0,0,0,998,0,0,0,12,6,2,12,0,0,0,1,18,47340,6,1,6,0,3,0,66,200,0,0,0,0,0,0,0,0,0,0,0,0,0,0,4,2,60,2,2,2,1,0,0,16,60,1,1,1,98,0,0
18,180059,1,2,1,10,2,8,54,12,2,1,0,18,1,18,3,18003,4,2003,1G4CW54K8341,1,G,4,C,W,5,4,K,8,3,4,1,0,P,BUIC,PKA,4D,3,17,3778,,0,1138,,G,,F,6,231,,,16R225,,,,,,0,0,000000000,00000000000,0,0,0,1,0,0,0,0,0,0,0,998,0,0,0,12,6,2,12,0,0,0,1,18,46701,6,1,0,0,3,1,71,170,0,0,0,1,0,11,2009,11,2009,1,28,0,0,0,5,3,25,1,1,2,1,0,0,15,10,1,1,1,50,1,0
18,180059,2,2,1,10,2,8,54,12,2,1,0,18,3,86,881,86881,64,1999,1M2B212C9XM0,1,M,2,B,2,1,2,C,9,X,M,0,0,T,MACK,DM6,CC,99,17,,8,0,0,600,D,,,6,728,,,,,00000,00,,64,0,77,777777777,77777777777,2,2,4,1,0,0,0,0,0,0,0,998,0,0,0,12,6,2,12,0,0,0,1,18,46528,6,1,6,0,3,1,72,197,0,0,0,0,0,0,0,0,0,0,0,0,0,0,5,3,25,1,1,2,1,0,0,1,54,4,1,1,51,0,0
18,180061,1,2,1,10,1,12,42,12,6,1,0,18,2,87,881,87881,66,2000,1XP5D69XXYN5,1,X,P,5,D,6,9,X,X,Y,N,5,1,T,PTRB,379,TR,0,17,,8,0,0,CON,D,,,6,855,,,,,00000,00,,64,1,57,000589396,57000589396,3,6,4,1,0,0,0,0,0,0,0,998,0,0,0,11,6,2,12,0,0,0,1,39,45311,6,1,6,0,3,0,72,170,0,0,0,0,0,0,0,0,0,0,39,91,0,0,5,3,55,1,1,2,1,1,3,1,17,1,1,1,89,0,0
18,180061,2,2,1,10,1,12,42,12,6,1,0,18,1,20,473,20473,30,2008,1GCCS13EX881,1,G,C,C,S,1,3,E,X,8,8,1,0,T,CHEV,RDO,CW,8,17,,1,0,1260,CAL,G,,,5,226,,,,,3684,01,,42,0,0,000000000,00000000000,0,0,0,1,0,0,0,0,0,0,0,998,0,0,0,12,6,2,12,32,0,0,1,18,47394,6,1,0,0,3,1,72,180,0,0,0,0,0,0,0,0,0,0,0,0,0,0,1,2,30,1,1,2,1,1,3,1,17,1,1,1,88,1,0
18,180062,1,1,2,1,2,19,55,34,0,1,0,18,1,12,3,12003,2,2003,1FAFP40413F3,1,F,A,F,P,4,0,4,1,3,F,3,0,P,FORD,MUS,CP,3,17,3114,,0,1013,,G,,F,6,232,,,16R225,,,,,,0,0,000000000,00000000000,0,0,0,1,0,0,0,0,0,0,0,998,0,0,0,14,6,2,42,0,0,0,1,18,46012,6,1,0,0,3,1,70,210,1,4,0,1,3,4,2009,2,2011,1,8,0,0,0,2,4,60,1,3,2,1,0,0,1,13,1,1,4,1,1,0
18,180063,1,1,1,12,2,7,0,30,0,1,0,18,1,20,9,20009,2,1994,2G1FP22S4R21,2,G,1,F,P,2,2,S,4,R,2,1,0,P,CHEV,CAM,CP,94,17,3247,,0,1011,,G,,F,6,207,,,16R215,,,,,,0,0,000000000,00000000000,0,0,0,1,0,0,0,0,0,0,0,998,0,1,5,3,6,2,1,0,0,0,1,18,47591,6,1,0,0,3,0,71,170,0,0,0,0,0,0,0,0,0,0,28,0,0,0,1,2,45,3,2,1,1,0,0,14,12,1,4,4,7,1,1
18,180064,1,3,3,11,2,7,49,12,6,1,0,18,2,38,421,38421,15,2003,4NUET16P2321,4,N,U,E,T,1,6,P,2,3,2,1,0,P,ISU,ASC,UT,3,17,5020,,0,1290,,G,,F,8,325,,,17R245,,,,,,0,0,000000000,00000000000,0,0,0,1,0,0,0,0,0,0,0,998,0,0,0,12,6,2,12,0,0,0,1,18,46224,0,0,0,0,0,0,999,999,99,99,99,99,99,99,9999,99,9999,0,0,0,0,0,2,3,55,1,1,2,1,4,3,1,17,1,1,1,86,0,0
18,180064,2,3,3,11,2,7,49,12,6,1,0,18,1,18,3,18003,4,2001,1G4CW54K8142,1,G,4,C,W,5,4,K,8,1,4,2,0,P,BUIC,PKA,4D,1,17,3778,,0,1138,,G,,F,6,231,,,16R225,,,,,,0,0,000000000,00000000000,0,0,0,1,0,0,0,0,0,0,0,998,0,0,0,3,6,2,12,0,0,0,1,18,46220,1,1,0,0,2,0,77,260,0,9,0,4,0,5,2010,9,2011,0,38,39,0,0,1,2,30,1,1,2,1,4,3,1,17,1,1,1,87,1,0
18,180064,3,3,1,11,2,7,49,12,6,1,0,18,1,20,481,20481,31,2000,1GCGC24R9YR1,1,G,C,G,C,2,4,R,9,Y,R,1,0,T,CHEV,GC2,PK,0,17,,2,0,1315,GM4,G,,,8,350,,,,C,4737,00,,42,0,0,000000000,00000000000,0,0,0,1,0,0,0,0,0,0,0,998,0,0,0,12,4,1,12,0,0,0,1,18,46205,6,1,0,0,3,1,72,170,0,0,0,0,0,0,0,0,0,0,0,0,0,0,1,2,30,1,1,2,1,4,3,2,62,1,1,1,98,0,0
18,180065,1,1,1,11,2,14,2,34,0,1,0,18,2,37,31,37031,2,1999,1HGEJ8141XL0,1,H,G,E,J,8,1,4,1,X,L,0,0,P,HOND,UAX,CP,99,17,2513,,0,1032,,G,,F,4,097,,,14R185,,,,,,0,0,000000000,00000000000,0,0,0,1,0,0,0,0,0,0,0,998,0,1,6,12,6,2,1,0,0,0,1,18,46260,0,0,0,0,0,0,999,999,99,99,99,99,99,99,9999,99,9999,0,0,0,0,0,1,2,40,1,1,2,1,1,3,1,14,1,1,4,14,1,1
18,180066,1,2,2,8,2,23,55,12,6,1,0,18,1,22,22,22022,2,2007,1G2ZH17NX742,1,G,2,Z,H,1,7,N,X,7,4,2,0,P,PONT,GGT,CP,7,17,3415,,0,1123,,G,,F,6,214,,,17R225,,,,,,0,0,000000000,00000000000,0,0,0,1,0,0,0,0,0,0,0,998,0,0,0,12,6,2,12,0,0,0,1,18,46221,1,1,0,0,2,0,70,140,0,0,0,0,0,0,0,0,0,0,8,39,0,0,2,4,45,1,1,2,1,1,3,1,12,1,4,6,83,1,1
18,180066,2,2,1,8,2,23,55,12,6,1,0,18,1,20,481,20481,31,2004,2GCEC19T4411,2,G,C,E,C,1,9,T,4,4,1,1,0,T,CHEV,SC1,4C,4,17,,2,1575,1435,SIL,G,,,8,325,,,,B,4555,00,,42,0,0,000000000,00000000000,0,0,0,1,0,0,0,0,0,0,0,998,0,0,0,62,6,2,12,0,0,0,1,18,46221,6,1,0,0,3,0,63,150,0,0,0,0,0,0,0,0,0,0,0,0,0,0,2,4,45,1,1,2,1,1,3,11,15,1,1,1,82,0,0
18,180068,1,2,2,4,2,9,35,12,2,1,0,18,2,12,17,12017,4,2000,1FAFP56S8YA1,1,F,A,F,P,5,6,S,8,Y,A,1,0,P,FORD,TEL,4D,0,17,3333,,0,1085,,G,,F,6,182,,,16R215,,,,,,0,0,000000000,00000000000,0,0,0,1,0,0,0,0,0,0,0,998,0,0,0,12,6,2,12,0,0,1,1,18,47712,6,1,0,0,3,0,67,175,0,0,0,0,0,0,0,0,0,0,28,0,0,0,1,2,55,2,1,2,2,0,0,14,10,1,1,2,50,0,0
18,180068,2,2,2,4,2,9,35,12,2,1,0,17,1,20,403,20403,14,2004,1GNDT13S8422,1,G,N,D,T,1,3,S,8,4,2,2,0,P,CHEV,TRL,UT,4,17,4612,,0,1130,,G,,F,6,256,,,16R245,,,,,,0,0,000000000,00000000000,0,0,0,1,0,0,0,0,0,0,0,998,0,0,0,12,6,2,12,0,0,0,1,17,62837,6,1,0,0,3,0,76,170,0,0,0,0,0,0,0,0,0,0,28,0,0,0,1,2,55,3,1,2,2,0,0,14,62,6,1,2,51,1,0
18,180069,1,2,5,10,2,19,30,12,6,1,0,18,2,20,401,20401,14,2002,1GNDT13S9222,1,G,N,D,T,1,3,S,9,2,2,2,0,P,CHEV,TRL,UT,2,17,4628,,0,1130,,G,,F,6,256,,,16R245,,,,,,0,0,000000000,00000000000,0,0,0,1,0,0,0,0,0,0,0,998,0,1,5,3,6,2,12,0,0,0,1,18,46224,6,7,0,0,3,2,63,146,0,0,0,1,1,3,2011,3,2011,1,87,91,74,0,2,4,70,1,1,2,3,0,0,1,6,1,1,2,64,1,0
18,180069,2,2,1,10,2,19,30,12,6,1,0,17,1,22,20,22020,4,2003,1G2WK52J63F1,1,G,2,W,K,5,2,J,6,3,F,1,0,P,PONT,GFS,4D,3,17,3384,,0,1105,,G,,F,6,191,,,15R205,,,,,,0,0,000000000,00000000000,0,0,0,1,0,0,0,0,0,0,0,998,0,0,0,12,6,2,12,0,0,0,1,17,62688,6,1,0,0,3,1,61,110,0,0,0,0,0,0,0,0,0,0,0,0,0,0,2,4,70,1,1,2,3,0,0,1,62,1,1,1,65,0,0
18,180070,1,2,1,16,2,2,37,12,2,1,0,18,1,23,481,23481,31,1998,1GTEK19R2WR5,1,G,T,E,K,1,9,R,2,W,R,5,0,T,GMC,SK1,PC,98,17,,2,1555,1415,SIE,G,,,8,350,,,,B,4561,00,U,44,0,0,000000000,00000000000,0,0,0,1,0,0,0,0,0,0,0,998,0,0,0,12,6,2,12,0,0,0,1,18,46350,6,1,0,0,3,0,73,210,0,0,0,0,0,0,0,0,0,0,28,0,0,0,1,2,55,1,2,2,2,0,0,1,10,1,1,2,50,1,1
18,180070,2,2,1,16,2,2,37,12,2,1,0,26,3,82,881,82881,66,1998,1FUYDSEBXWL8,1,F,U,Y,D,S,E,B,X,W,L,8,1,T,FRHT,FLD,TR,98,17,,8,0,0,CON,D,,,6,774,,,,,00000,00,,64,1,57,000115749,57000115749,3,6,1,1,0,0,0,0,0,0,0,998,0,0,0,12,6,2,12,0,0,1,1,26,49002,6,1,6,1,3,0,71,205,0,0,0,2,0,6,2010,10,2010,0,89,0,0,0,1,2,55,1,2,2,2,0,0,1,62,1,1,1,51,0,0
18,180071,1,1,1,15,2,10,56,8,0,1,0,18,1,22,22,22022,4,2007,1G2ZF58B3741,1,G,2,Z,F,5,8,B,3,7,4,1,0,P,PONT,6VB,4D,7,17,3305,,0,1123,,G,,F,4,146,,,16R215,,,,,,0,0,000000000,00000000000,0,0,0,1,0,0,0,0,0,0,0,998,0,0,0,12,6,2,8,0,0,0,1,18,46205,6,1,0,0,3,0,63,162,0,1,0,1,2,5,2010,3,2011,0,38,0,0,0,0,0,0,0,0,0,0,0,0,1,81,1,1,1,13,0,0
18,180072,1,2,1,15,2,10,8,12,2,1,0,18,2,2,404,2404,14,2008,1J8GR48K88C1,1,J,8,G,R,4,8,K,8,8,C,1,0,T,JEEP,LRO,4W,8,17,,1,0,1095,GCK,G,,,6,226,,,,,4488,00,7,44,0,0,000000000,00000000000,0,0,0,1,0,0,0,0,0,0,0,998,0,0,0,12,6,2,12,32,0,0,1,18,47424,6,1,0,0,3,0,71,135,0,3,0,2,0,5,2009,11,2010,0,28,0,0,0,1,2,50,3,1,2,1,0,0,14,10,1,1,2,50,0,0
18,180072,2,2,1,15,2,10,8,12,2,1,0,18,1,20,20,20020,4,1998,2G1WL52M8W91,2,G,1,W,L,5,2,M,8,W,9,1,0,P,CHEV,L/S,4D,98,17,3330,,0,1075,,G,,F,6,191,,,15R205,,,,,,0,0,000000000,00000000000,0,0,0,1,0,0,0,0,0,0,0,998,0,1,5,12,6,2,12,0,0,0,1,18,47408,6,1,0,0,3,2,62,140,0,0,0,0,0,0,0,0,0,0,74,0,0,0,1,2,50,2,1,2,1,0,0,14,62,1,1,1,51,1,0