STATE,ST_CASE,VEH_NO,VE_FORMS,NUMOCCS,DAY,MONTH,HOUR,MINUTE,HARM_EV,MAN_COLL,UNITTYPE,HIT_RUN,REG_STAT,OWNER,MAKE,MODEL,MAK_MOD,BODY_TYP,MOD_YEAR,VIN,VIN_1,VIN_2,VIN_3,VIN_4,VIN_5,VIN_6,VIN_7,VIN_8,VIN_9,VIN_10,VIN_11,VIN_12,TOW_VEH,VINTYPE,VINMAKE,VINA_MOD,VIN_BT,VINMODYR,VIN_LNGT,VIN_WGT,WGTCD_TR,WHLBS_LG,WHLBS_SH,SER_TR,FUELCODE,MCYCL_DS,CARBUR,CYLINDER,DISPLACE,MCYCL_CY,MCYCL_WT,TIRE_SZE,TON_RAT,TRK_WT,TRKWTVAR,VIN_REST,WHLDRWHL,J_KNIFE,MCARR_I1,MCARR_I2,MCARR_ID,GVWR,V_CONFIG,CARGO_BT,HAZ_INV,HAZ_PLAC,HAZ_ID,HAZ_CNO,HAZ_REL,BUS_USE,SPEC_USE,EMER_USE,TRAV_SP,UNDERIDE,ROLLOVER,ROLINLOC,IMPACT1,DEFORMED,TOWED,M_HARM,VEH_SC1,VEH_SC2,FIRE_EXP,DR_PRES,L_STATE,DR_ZIP,L_STATUS,L_TYPE,CDL_STAT,L_ENDORS,L_COMPL,L_RESTRI,DR_HGT,DR_WGT,PREV_ACC,PREV_SUS,PREV_DWI,PREV_SPD,PREV_OTH,FIRST_MO,FIRST_YR,LAST_MO,LAST_YR,SPEEDREL,DR_SF1,DR_SF2,DR_SF3,DR_SF4,VTRAFWAY,VNUM_LAN,VSPD_LIM,VALIGN,VPROFILE,VPAVETYP,VSURCOND,VTRAFCON,VTCONT_F,P_CRASH1,P_CRASH2,P_CRASH3,PCRASH4,PCRASH5,ACC_TYPE,DEATHS,DR_DRINK
18,180073,1,1,1,14,2,7,30,14,0,1,0,18,3,82,881,82881,66,2003,1FUJAHCG93LK,1,F,U,J,A,H,C,G,9,3,L,K,2,T,FRHT,FLD,TR,3,17,,8,0,0,CON,D,,,6,774,,,,,00000,00,,64,2,57,000063391,57000063391,3,7,1,1,0,0,0,0,0,0,0,998,0,0,0,6,6,2,8,0,0,0,1,39,45177,6,1,6,1,3,1,70,220,0,0,0,0,0,0,0,0,0,1,35,91,0,0,2,2,70,1,1,2,3,0,0,1,13,3,1,4,1,0,0
18,180074,1,1,1,16,2,0,0,1,0,1,0,18,1,12,481,12481,31,1998,1FTZX1765WKA,1,F,T,Z,X,1,7,6,5,W,K,A,0,T,FORD,F15,3C,98,17,,1,1570,1390,COF,G,,,8,281,,,,B,4067,02,E,42,0,0,000000000,00000000000,0,0,0,1,0,0,0,0,0,0,0,998,0,2,6,0,6,2,1,0,0,0,1,18,46550,6,1,0,0,3,0,72,270,0,0,0,0,0,0,0,0,0,0,0,0,0,0,1,2,55,1,1,5,2,0,0,1,13,1,1,4,1,1,0
18,180075,1,2,1,19,2,2,26,12,1,1,0,18,1,7,482,7482,31,2012,1C6RD7PT7CS1,1,C,6,R,D,7,P,T,7,C,S,1,0,T,DODG,LON,CW,12,17,,2,0,1400,RPC,G,,,8,348,,,,B,5654,00,K,44,0,0,000000000,00000000000,0,0,0,1,0,0,0,0,0,0,0,998,0,0,0,12,6,2,12,0,0,0,1,18,47720,6,1,5,0,3,0,69,200,0,0,0,1,1,6,2009,6,2009,0,0,0,0,0,1,2,45,1,1,2,1,0,0,1,59,1,1,1,33,0,0
18,180075,2,2,4,19,2,2,26,12,1,1,0,18,1,22,20,22020,4,1999,1G2WP52K4XF3,1,G,2,W,P,5,2,K,4,X,F,3,0,P,PONT,GPG,4D,99,17,3428,,0,1105,,G,,F,6,231,,,16R225,,,,,,0,0,000000000,00000000000,0,0,0,1,0,0,0,0,0,0,0,998,0,0,0,6,6,2,12,0,0,0,1,18,47713,6,1,0,0,3,0,70,175,0,0,0,0,1,5,2010,5,2010,0,0,0,0,0,1,2,45,1,1,2,1,0,0,1,59,1,1,1,33,1,0
18,180076,1,1,1,19,2,10,50,9,0,1,0,18,1,20,37,20037,4,2002,1G1ND52JX2M6,1,G,1,N,D,5,2,J,X,2,M,6,0,P,CHEV,MAL,4D,2,17,3053,,0,1070,,G,,F,6,191,,,15R215,,,,,,0,0,000000000,00000000000,0,0,0,1,0,0,0,0,0,0,0,998,0,0,0,12,6,2,9,0,0,0,1,18,46530,6,1,0,0,3,1,59,125,0,0,0,0,1,8,2011,8,2011,0,0,0,0,0,5,4,40,1,1,2,1,0,0,1,83,1,1,1,13,0,0
18,180077,1,1,4,16,2,15,30,42,0,1,0,18,1,37,32,37032,2,1993,1HGCB7153PA0,1,H,G,C,B,7,1,5,3,P,A,0,0,P,HOND,ALX,CP,93,17,2829,,0,1071,,G,,F,4,132,,,14R185,,,,,,0,0,000000000,00000000000,0,0,0,1,0,0,0,0,0,0,0,998,0,0,0,12,6,2,42,0,0,0,1,18,47161,6,2,0,0,3,0,71,200,0,0,0,0,0,0,0,0,0,1,8,28,58,0,1,2,30,2,1,2,1,0,0,14,13,1,1,4,6,1,0
18,180078,1,1,2,7,2,21,44,38,0,1,0,18,1,14,17,14017,4,1998,1MEFM50U6WA6,1,M,E,F,M,5,0,U,6,W,A,6,0,P,MERC,SGL,4D,98,17,3299,,0,1085,,G,,F,6,182,,,15R205,,,,,,0,0,000000000,00000000000,0,0,0,1,0,0,0,0,0,0,0,998,0,0,0,12,6,2,42,32,0,0,1,18,47272,1,1,0,0,2,0,67,180,0,5,0,4,8,2,2010,2,2012,0,0,0,0,0,1,2,55,1,1,2,1,0,0,1,13,1,1,4,1,2,0
18,180079,1,1,1,14,2,18,10,15,0,1,0,18,1,51,43,51043,6,2000,YV1LZ56D6Y26,Y,V,1,L,Z,5,6,D,6,Y,2,6,0,P,VOLV,VXS,SW,0,17,3699,,0,1048,,G,,T,5,149,,,000000,,,,,,0,0,000000000,00000000000,0,0,0,1,0,0,0,0,0,0,0,998,0,0,0,12,2,3,15,0,0,0,1,18,47714,6,1,0,0,3,2,67,130,0,0,0,0,0,0,0,0,0,0,74,0,0,0,5,4,35,1,1,2,1,0,0,1,83,1,1,1,13,0,0
18,180080,1,1,1,11,2,5,20,34,0,1,0,18,2,37,32,37032,4,1990,1HGCB7659LA0,1,H,G,C,B,7,6,5,9,L,A,0,0,P,HOND,ALE,4D,90,17,2504,,0,1071,,G,,F,4,132,,,14R185,,,,,,0,0,000000000,00000000000,0,0,0,1,0,0,0,0,0,0,0,998,0,1,5,12,6,2,1,0,0,1,1,18,46504,6,1,0,0,3,1,69,155,0,2,1,0,0,3,2009,3,2009,1,28,87,0,0,1,2,55,1,1,2,4,0,0,1,12,1,1,4,6,1,1
18,180081,1,2,1,22,2,7,5,12,6,1,0,18,1,12,13,12013,3,1996,3FASP11J9TR1,3,F,A,S,P,1,1,J,9,T,R,1,0,P,FORD,LXE,2H,96,17,2356,,0,984,,G,,F,4,113,,,14R175,,,,,,0,0,000000000,00000000000,0,0,0,1,0,0,0,0,0,0,0,998,0,0,0,9,6,2,12,0,0,0,1,18,47162,6,1,0,0,3,0,74,180,0,0,0,0,0,0,0,0,0,0,39,38,0,0,1,2,30,1,1,2,1,20,3,11,15,1,1,1,82,1,0
18,180081,2,2,1,22,2,7,5,12,6,1,0,18,1,7,482,7482,40,1999,3B6MC3667XM5,3,B,6,M,C,3,6,6,7,X,M,5,0,T,DODG,350,CB,99,17,,3,1627,1387,RPC,D,,,6,359,,,,D,5165,01,U,42,0,0,000000000,00000000000,0,0,0,1,0,0,0,0,0,0,0,998,0,0,0,12,6,2,12,0,0,0,1,18,47111,6,1,0,0,3,0,75,220,0,0,0,1,0,12,2009,12,2009,0,0,0,0,0,1,2,30,1,1,2,1,0,0,1,67,4,1,1,83,0,0
18,180082,1,2,3,14,2,21,29,12,6,1,0,18,1,12,17,12017,4,1999,1FAFP53U2XG1,1,F,A,F,P,5,3,U,2,X,G,1,0,P,FORD,TSE,4D,99,17,3353,,0,1085,,G,,F,6,182,,,15R205,,,,,,0,0,000000000,00000000000,0,0,0,1,0,0,0,0,0,0,0,998,0,0,0,4,6,2,12,32,0,0,1,18,47581,6,1,0,0,3,1,66,180,0,0,0,0,0,0,0,0,0,0,38,0,0,0,1,2,55,1,3,2,2,4,3,11,15,1,1,1,76,1,0
18,180082,2,2,2,14,2,21,29,12,6,1,0,18,1,14,17,14017,4,2002,1MEFM50U82A6,1,M,E,F,M,5,0,U,8,2,A,6,0,P,MERC,SGP,4D,2,17,3379,,0,1085,,G,,F,6,182,,,16R215,,,,,,0,0,000000000,00000000000,0,0,0,1,0,0,0,0,0,0,0,998,0,0,0,12,6,2,12,0,0,0,1,18,47564,6,1,0,0,3,0,71,225,0,0,0,0,0,0,0,0,0,0,0,0,0,0,1,2,55,1,3,2,2,4,3,1,65,1,1,1,77,0,0
18,180083,1,1,2,22,2,20,24,30,0,1,0,18,3,98,882,98882,63,2008,4S7AV2C978C0,4,S,7,A,V,2,C,9,7,8,C,0,0,U,,,,8,17,,,,,,,,,,,,,,,,,,,0,99,999999999,99999999999,3,1,1,1,0,0,0,0,0,7,0,998,0,1,5,12,6,2,30,0,0,0,1,18,47724,6,1,0,0,3,0,68,160,0,0,0,0,0,0,0,0,0,0,87,0,0,0,1,2,45,1,2,2,2,0,0,1,13,1,1,4,1,1,0
18,180084,1,1,1,25,2,19,1,9,0,1,0,18,1,20,481,20481,31,2012,1GC2KVCGXCZ1,1,G,C,2,K,V,C,G,X,C,Z,1,0,T,CHEV,2KH,4C,12,17,,2,1582,1442,SIL,F,,,8,366,,,,C,6278,01,,44,0,0,000000000,00000000000,0,0,0,1,0,0,0,0,0,0,0,998,0,0,0,12,6,2,9,0,0,0,1,18,46250,6,1,0,0,3,2,73,130,0,0,0,0,0,0,0,0,0,0,74,0,0,0,1,2,45,1,1,2,1,20,3,1,83,1,1,1,13,0,0
18,180085,1,2,1,20,2,22,25,8,0,1,0,18,1,20,481,20481,31,1996,1GCEK14R8TZ1,1,G,C,E,K,1,4,R,8,T,Z,1,0,T,CHEV,GK1,PK,96,17,,2,1315,1175,GM4,G,,,8,350,,,,B,4210,01,,44,0,0,000000000,00000000000,0,0,0,1,0,0,0,0,0,0,0,998,0,0,0,12,2,3,8,0,0,0,1,17,61944,1,1,0,0,2,0,72,270,1,1,0,1,1,4,2011,1,2012,0,91,0,0,0,5,3,30,1,1,2,1,0,0,1,80,3,1,1,13,0,0
18,180085,2,2,1,20,2,22,25,8,0,1,1,18,1,18,20,18020,4,2002,2G4WB52K1211,2,G,4,W,B,5,2,K,1,2,1,1,0,P,BUIC,RLS,4D,2,17,3438,,0,1090,,G,,F,6,231,,,15R215,,,,,,0,0,000000000,00000000000,0,0,0,1,0,0,0,0,0,0,0,998,0,0,0,12,2,3,8,0,0,0,1,18,47802,6,1,0,0,3,0,60,175,0,0,0,0,1,11,2011,11,2011,0,0,0,0,0,5,3,30,1,1,2,1,0,0,1,80,1,1,1,98,0,0
18,180086,1,1,1,6,1,18,44,9,0,1,0,18,1,12,461,12461,21,2000,1FTRE14W7YHA,1,F,T,R,E,1,4,W,7,Y,H,A,0,T,FORD,15V,CG,0,17,,2,0,1380,VAN,G,,,8,281,,,,B,4650,02,E,42,0,0,000000000,00000000000,0,0,0,1,0,0,0,0,0,0,0,998,0,0,0,12,6,2,9,0,0,0,1,18,46365,6,1,0,0,3,1,70,290,0,0,0,0,0,0,0,0,0,0,0,0,0,0,1,2,25,1,1,2,1,0,0,1,83,7,1,1,13,0,0
18,180087,1,2,1,28,2,14,57,12,6,1,0,18,2,12,481,12481,31,2004,1FTPX14594NA,1,F,T,P,X,1,4,5,9,4,N,A,0,T,FORD,F15,4C,4,17,,2,1450,1260,COF,G,,,8,330,,,,B,5480,00,U,44,0,0,000000000,00000000000,0,0,0,1,0,0,0,0,0,0,0,998,0,0,0,12,6,2,12,0,0,0,1,18,47601,6,1,0,0,3,0,65,175,0,0,0,1,0,3,2010,3,2010,1,39,0,0,0,5,4,60,1,1,1,1,1,3,1,17,1,1,1,88,0,0
18,180087,2,2,2,28,2,14,57,12,6,1,0,18,1,12,402,12402,14,2010,1FMCU9EG2AKD,1,F,M,C,U,9,E,G,2,A,K,D,0,P,FORD,SPE,UT,10,17,3504,,0,1031,,F,,F,6,183,,,16R235,,,,,,0,0,000000000,00000000000,0,0,0,1,0,0,0,0,0,0,0,998,0,0,0,9,6,2,12,0,0,1,1,18,47635,6,1,6,0,3,0,74,155,0,0,0,0,0,0,0,0,0,0,0,0,0,0,5,4,45,1,1,1,1,1,3,1,66,1,1,1,89,1,0
18,180088,1,1,1,27,2,19,15,8,0,1,0,18,1,22,20,22020,4,1999,1G2WP52K9XF2,1,G,2,W,P,5,2,K,9,X,F,2,0,P,PONT,GPG,4D,99,17,3428,,0,1105,,G,,F,6,231,,,16R225,,,,,,0,0,000000000,00000000000,0,0,0,1,0,0,0,0,0,0,0,998,0,0,0,12,6,2,8,0,0,0,1,18,47380,6,1,0,0,3,0,71,182,0,0,0,1,0,11,2010,11,2010,0,0,0,0,0,1,2,55,1,1,2,1,0,0,1,80,1,1,1,13,0,0
18,180089,1,1,1,4,3,16,50,35,0,1,0,18,1,12,3,12003,2,2007,1ZVHT82H1753,1,Z,V,H,T,8,2,H,1,7,5,3,0,P,FORD,MGT,CP,7,17,3356,,0,1071,,G,,F,8,281,,,17R235,,,,,,0,0,000000000,00000000000,0,0,0,1,0,0,0,0,0,0,0,998,0,1,6,14,6,2,42,0,0,0,1,18,47501,6,1,0,0,3,0,72,155,0,0,0,0,0,0,0,0,0,0,8,28,0,0,1,2,55,2,1,2,1,0,0,14,13,1,2,4,2,1,1
18,180090,1,1,1,25,2,3,59,35,0,1,0,18,2,49,40,49040,4,1996,4T1BF12K9TU1,4,T,1,B,F,1,2,K,9,T,U,1,0,P,TOYT,LXS,4D,96,17,3241,,0,1031,,G,,F,6,183,,,15R205,,,,,,0,0,000000000,00000000000,0,0,0,1,0,0,0,0,0,0,0,998,0,1,6,14,6,2,1,0,0,0,1,18,47036,6,1,0,0,3,0,65,180,0,0,0,0,0,0,0,0,0,0,58,28,0,0,1,2,45,1,2,2,1,0,0,1,9,7,3,4,2,1,1
18,180091,1,1,4,5,3,3,12,24,0,1,0,55,2,20,421,20421,15,2000,1GNEK13T9YJ1,1,G,N,E,K,1,3,T,9,Y,J,1,0,P,CHEV,KTA,UT,0,17,5333,,0,1160,,G,,F,8,325,,,16R265,,,,,,0,0,000000000,00000000000,0,0,0,1,0,0,0,0,0,0,0,998,0,0,0,12,6,2,24,0,0,0,1,17,60409,2,1,0,0,2,0,68,189,0,1,1,0,1,5,2009,2,2010,1,87,0,0,0,3,5,55,1,1,1,4,0,0,1,5,1,3,4,2,1,0
18,180092,1,2,1,25,2,18,10,12,2,1,0,18,1,20,473,20473,30,2008,1GCCS1990881,1,G,C,C,S,1,9,9,0,8,8,1,0,T,CHEV,RDO,4C,8,17,,1,0,1260,CAL,G,,,4,177,,,,,3303,00,,42,0,0,000000000,00000000000,0,0,0,1,0,0,0,0,0,0,0,998,0,0,0,12,6,2,12,0,0,0,1,18,46168,6,1,0,0,3,1,70,165,0,0,0,0,0,0,0,0,0,0,28,0,0,0,1,2,55,1,1,2,1,0,0,1,10,1,1,2,50,1,0
18,180092,2,2,2,25,2,18,10,12,2,1,0,21,1,23,880,23880,67,1992,1GDJ6H1P2NJ5,1,G,D,J,6,H,1,P,2,N,J,5,0,T,GMC,C6H,CB,92,17,,6,2610,1320,TOP,G,,,8,366,,,,,00000,00,,42,0,57,000384546,57000384546,2,1,97,1,0,0,0,0,0,0,0,998,0,0,0,12,6,2,12,0,0,0,1,21,42539,6,1,0,0,3,1,72,170,0,0,0,0,0,0,0,0,0,0,0,0,0,0,1,2,55,1,1,2,1,0,0,1,62,1,1,1,51,0,0
18,180093,1,1,2,6,3,20,17,8,0,1,0,18,2,42,31,42031,4,1997,WDBHA23E6VF4,W,D,B,H,A,2,3,E,6,V,F,4,0,P,MERZ,C23,4D,97,17,3095,,0,1059,,G,,F,4,140,,,15R195,,,,,,0,0,000000000,00000000000,0,0,0,1,0,0,0,0,0,0,0,998,0,0,0,12,4,3,8,0,0,0,1,18,46229,6,7,0,0,3,1,75,140,0,0,0,0,0,0,0,0,0,0,0,0,0,0,2,4,40,1,1,2,1,0,0,1,80,2,1,1,13,0,0
18,180094,1,1,1,7,3,21,29,25,0,1,0,18,2,37,706,37706,80,2008,JH2SC59028M0,J,H,2,S,C,5,9,0,2,8,M,0,0,M,HOND,CBS,RC,8,17,,,,,,,998,,4,,4,439,,,,,,,0,0,000000000,00000000000,0,0,0,1,0,0,0,0,0,0,0,998,0,0,0,12,6,2,25,0,0,0,1,18,47130,6,1,0,0,3,0,73,200,0,0,0,1,0,6,2010,6,2010,1,8,0,0,0,1,2,25,1,1,2,1,98,3,1,90,1,1,1,12,1,1
18,180095,1,2,1,8,3,10,51,12,6,1,0,18,1,12,37,12037,6,2002,1FAFP36382W1,1,F,A,F,P,3,6,3,8,2,W,1,0,P,FORD,FZS,SW,2,17,2759,,0,1030,,G,,F,4,121,,,15R195,,,,,,0,0,000000000,00000000000,0,0,0,1,0,0,0,0,0,0,0,998,0,0,0,9,6,2,12,0,0,0,1,18,46614,6,1,0,0,3,1,68,220,0,0,0,0,1,5,2011,5,2011,0,38,0,0,0,5,2,45,1,1,1,2,20,3,1,17,1,1,1,89,1,0
18,180095,2,2,1,8,3,10,51,12,6,1,0,39,3,51,881,51881,66,2012,4V4NC9EG9CN5,4,V,4,N,C,9,E,G,9,C,N,5,1,T,VOLV,VNL,TR,12,17,,8,0,0,VVN,D,,,6,793,,,,,00000,00,,64,1,57,000327165,57000327165,3,6,1,1,0,0,0,0,0,0,0,998,0,0,0,12,2,9,12,0,0,0,1,18,46563,6,1,6,1,3,1,68,220,0,0,0,0,1,5,2011,5,2011,0,0,0,0,0,5,2,45,1,1,1,2,0,0,1,68,1,1,1,88,0,0
18,180096,1,1,2,7,3,8,10,1,0,1,0,18,2,20,22,20022,4,2007,1G1AK55FX772,1,G,1,A,K,5,5,F,X,7,7,2,0,P,CHEV,BLS,4D,7,17,3216,,0,1033,,G,,F,4,134,,,15R195,,,,,,0,0,000000000,00000000000,0,0,0,1,0,0,0,0,0,0,0,998,0,2,1,0,6,2,1,0,0,0,1,18,47460,6,1,6,0,3,0,68,125,0,0,0,1,3,2,2010,12,2011,1,28,8,0,0,1,2,35,1,3,2,1,0,0,1,6,1,3,6,98,1,0
18,180098,1,1,2,7,3,10,0,38,0,1,0,18,1,13,482,13482,31,2006,5LTPW18566FJ,5,L,T,P,W,1,8,5,6,6,F,J,0,T,LINC,MLT,CW,6,17,,2,0,1385,MRK,G,,,8,330,,,,,5677,00,E,44,0,0,000000000,00000000000,0,0,0,1,0,0,0,0,0,0,0,998,0,0,0,12,6,2,35,32,0,0,1,18,47441,6,1,6,0,3,0,68,150,0,0,0,0,0,0,0,0,0,0,0,0,0,0,1,2,55,3,2,2,1,0,0,14,11,1,1,4,1,1,0
18,180099,1,1,1,7,3,2,44,42,0,1,0,18,1,35,43,35043,4,2005,3N1AB51D15L4,3,N,1,A,B,5,1,D,1,5,L,4,0,P,NISS,SSR,4D,5,17,2635,,0,998,,G,,F,4,153,,,15R195,,,,,,0,0,000000000,00000000000,0,0,0,1,0,0,0,0,0,0,0,998,0,0,0,9,6,2,42,0,0,0,1,18,46534,6,1,0,0,3,0,72,160,0,0,0,1,0,2,2011,2,2011,1,8,58,0,0,1,2,55,1,3,2,1,0,0,1,8,1,2,4,2,1,0
18,180100,1,1,1,10,3,1,59,42,0,1,0,18,2,23,461,23461,21,1992,2GTDG15H2N45,2,G,T,D,G,1,5,H,2,N,4,5,0,T,GMC,G1V,CG,92,17,,1,1250,1100,VAN,G,,,8,305,,,,B,3792,02,A,42,0,0,000000000,00000000000,0,0,0,1,0,0,0,0,0,0,0,998,0,0,0,12,6,2,42,0,0,0,1,18,46580,1,1,0,0,2,0,72,160,0,0,0,0,0,0,0,0,0,0,28,0,0,0,1,2,55,1,1,2,1,0,0,1,12,1,1,4,6,1,1
18,180103,1,1,1,13,3,7,26,10,0,1,0,18,1,23,471,23471,30,1998,1GTCS1948W85,1,G,T,C,S,1,9,4,8,W,8,5,0,T,GMC,SON,PC,98,17,,1,0,1229,SON,G,,,4,133,,,,B,3232,00,U,42,0,0,000000000,00000000000,0,0,0,1,0,0,0,0,0,0,0,998,0,0,0,9,6,2,10,0,0,0,1,18,46112,6,1,0,0,3,0,78,220,0,0,0,1,1,5,2009,6,2011,0,38,0,0,0,1,2,10,9,9,2,1,65,3,1,98,1,1,1,98,1,0
18,180104,1,2,1,2,3,14,52,12,6,1,0,18,3,12,461,12461,21,2007,1FTSE34L87DB,1,F,T,S,E,3,4,L,8,7,D,B,0,T,FORD,3SD,CG,7,17,,2,0,1380,VAN,G,,,8,330,,,,D,00000,00,E,42,0,0,000000000,00000000000,0,0,0,1,0,0,0,0,0,0,0,998,0,0,0,12,6,2,12,0,0,0,1,18,46107,6,1,0,0,3,1,71,185,0,2,1,1,0,7,2010,11,2010,0,0,0,0,0,5,3,40,1,1,2,2,3,2,1,17,1,1,1,86,0,0
18,180104,2,2,6,2,3,14,52,12,6,1,0,18,1,20,421,20421,15,1996,1GNDT13W8T22,1,G,N,D,T,1,3,W,8,T,2,2,0,P,CHEV,BZR,UT,96,17,4023,,0,1070,,G,,F,6,262,,,15R235,,,,,,0,0,000000000,00000000000,0,0,0,1,0,0,0,0,0,0,0,998,0,0,0,3,6,2,12,0,0,0,1,18,46203,6,1,0,0,3,0,66,150,0,0,0,0,0,0,0,0,0,0,0,0,0,0,1,2,35,1,1,2,2,3,2,1,17,1,1,1,87,1,0
18,180105,1,1,2,13,3,20,10,25,0,1,0,18,1,72,706,72706,80,2006,1HD1BWB166Y0,1,H,D,1,B,W,B,1,6,6,Y,0,0,M,HD,FSI,RS,6,17,,,,,,,1450,,2,,4,719,,,,,,,0,0,000000000,00000000000,0,0,0,1,0,0,0,0,0,0,0,998,0,0,0,81,6,2,25,0,0,0,1,18,46947,6,1,0,0,3,1,68,200,0,0,0,1,0,12,2010,12,2010,1,28,0,0,0,1,2,35,3,1,4,11,0,0,14,12,1,1,4,6,1,0
18,180106,1,1,2,12,3,18,40,34,0,1,0,18,2,52,37,52037,3,2007,4A3AK24F27E0,4,A,3,A,K,2,4,F,2,7,E,0,0,P,MITS,EGS,2H,7,17,3274,,0,1014,,G,,F,4,145,,,17R225,,,,,,0,0,000000000,00000000000,0,0,0,1,0,0,0,0,0,0,0,70,0,0,0,14,6,2,42,0,0,0,1,18,47850,6,2,0,0,3,1,64,140,0,0,0,0,0,0,0,0,0,1,28,58,8,0,1,2,55,1,3,1,1,0,0,1,12,7,2,4,7,1,0
18,180107,1,1,1,11,3,1,36,1,0,1,0,18,2,12,471,12471,30,1991,1FTCR11XXMUC,1,F,T,C,R,1,1,X,X,M,U,C,0,T,FORD,RNG,PK,91,17,,1,1140,1080,RNG,G,,,6,245,,,,B,2978,01,A,44,0,0,000000000,00000000000,0,0,0,1,0,0,0,0,0,0,0,998,0,2,5,0,6,2,1,0,0,0,1,18,47331,6,1,0,0,3,0,72,170,0,0,0,0,0,0,0,0,0,0,28,58,0,0,1,2,55,2,1,2,1,28,3,14,12,1,3,4,7,1,1
18,180108,1,1,1,6,3,19,0,8,0,1,1,18,1,23,421,23421,15,2002,1GKEK13Z82J1,1,G,K,E,K,1,3,Z,8,2,J,1,0,T,GMC,YUK,4W,2,17,,2,0,1160,YUK,F,,,8,325,,,,B,5133,00,K,44,0,0,000000000,00000000000,0,0,0,1,0,0,0,0,0,0,0,998,0,0,0,12,4,3,8,0,0,0,1,18,46307,6,1,0,0,3,0,69,185,0,1,1,0,1,9,2009,9,2009,1,91,28,8,0,1,4,35,1,1,2,1,0,0,1,13,1,1,4,13,0,1
18,180109,1,2,2,14,3,10,19,12,6,1,0,18,1,12,17,12017,4,2006,1FAFP56U96A1,1,F,A,F,P,5,6,U,9,6,A,1,0,P,FORD,TEL,4D,6,17,3314,,0,1085,,G,,F,6,183,,,16R215,,,,,,0,0,000000000,00000000000,0,0,0,1,0,0,0,0,0,0,0,998,0,0,0,3,6,2,12,0,0,0,1,18,46975,6,1,0,0,3,1,63,125,0,0,0,0,0,0,0,0,0,0,38,0,0,0,2,4,60,1,3,2,1,21,3,1,17,1,1,1,87,1,0
18,180109,2,2,2,14,3,10,19,12,6,1,0,18,2,2,404,2404,14,1994,1J4GZ58Y1RC1,1,J,4,G,Z,5,8,Y,1,R,C,1,0,T,JEEP,LRO,4W,94,17,,1,0,1059,GCK,G,,,8,318,,,,,3552,00,B,44,0,0,000000000,00000000000,0,0,0,1,0,0,0,0,0,0,0,998,0,0,0,12,6,2,12,0,0,0,1,18,47553,6,1,0,0,3,0,67,195,0,0,0,0,0,0,0,0,0,0,0,0,0,0,2,4,60,1,3,2,1,0,0,1,66,1,1,1,86,0,0
18,180110,1,2,1,14,3,13,55,12,6,1,0,18,1,63,32,63032,5,2009,KNADE2436965,K,N,A,D,E,2,4,3,6,9,6,5,0,P,KIA,5SX,4H,9,17,2438,,0,984,,G,,F,4,098,,,15R195,,,,,,0,0,000000000,00000000000,0,0,0,1,0,0,0,0,0,0,0,998,0,0,0,62,6,2,12,0,0,0,1,18,46105,6,1,0,0,3,0,65,135,0,0,0,0,0,0,0,0,0,0,31,0,0,0,1,2,55,1,1,2,1,0,0,13,98,1,1,1,98,0,0
18,180110,2,2,1,14,3,13,55,12,6,1,0,18,1,72,706,72706,80,2004,1HD1FCW104Y6,1,H,D,1,F,C,W,1,0,4,Y,6,0,M,HD,FLU,RS,4,17,,,,,,,1450,,2,,4,788,,,,,,,0,0,000000000,00000000000,0,0,0,1,0,0,0,0,0,0,0,998,0,0,0,12,6,2,12,0,0,0,1,18,46140,6,1,0,0,3,0,76,195,0,0,0,1,1,8,2009,11,2011,0,0,0,0,0,1,2,55,1,1,2,1,0,0,1,71,1,1,1,98,1,1
18,180111,1,1,1,15,3,23,9,35,0,1,0,18,2,12,402,12402,14,2005,1FMYU02ZX5KC,1,F,M,Y,U,0,2,Z,X,5,K,C,0,P,FORD,SPE,UT,5,17,3180,,0,1031,,G,,F,4,140,,,15R225,,,,,,0,0,000000000,00000000000,0,0,0,1,0,0,0,0,0,0,0,998,0,0,0,14,6,2,2,0,0,1,1,18,47404,6,1,0,0,3,0,72,200,1,1,0,0,0,7,2010,10,2010,1,0,0,0,0,2,2,55,1,1,2,1,1,3,1,13,1,1,4,1,1,0
18,180112,1,2,1,14,3,16,56,12,6,1,0,18,1,2,405,2405,14,2003,1J4GL58KX3W6,1,J,4,G,L,5,8,K,X,3,W,6,0,T,JEEP,LMD,4W,3,17,,1,0,1043,LIB,G,,,6,226,,,,,3931,00,E,44,0,0,000000000,00000000000,0,0,0,1,0,0,0,0,0,0,0,998,0,0,0,1,6,2,12,0,0,0,1,18,46725,6,1,0,0,3,1,60,135,0,0,0,0,0,0,0,0,0,0,38,0,0,0,2,3,40,1,1,2,1,3,3,11,15,1,1,1,68,0,0
18,180112,2,2,2,14,3,16,56,12,6,1,0,18,2,53,706,53706,80,2007,JS1GN7DA8721,J,S,1,G,N,7,D,A,8,7,2,1,0,M,SUZI,G60,RC,7,17,,,,,,,599,,4,,4,354,,,,,,,0,0,000000000,00000000000,0,0,0,1,0,0,0,0,0,0,0,998,0,0,0,12,6,2,12,0,0,0,1,18,46723,6,1,0,0,3,1,60,95,0,1,0,2,1,3,2011,10,2011,0,0,0,0,0,2,3,40,1,1,2,1,3,3,1,17,1,1,1,69,1,0
18,180113,1,2,1,16,3,15,55,12,6,1,0,18,1,37,31,37031,2,1993,2HGEJ2248PH5,2,H,G,E,J,2,2,4,8,P,H,5,0,P,HOND,CID,CP,93,17,2224,,0,1013,,G,,F,4,091,,,13R175,,,,,,0,0,000000000,00000000000,0,0,0,1,0,0,0,0,0,0,0,998,0,0,0,62,6,2,12,0,0,0,1,18,46060,6,1,0,0,3,0,68,150,0,0,0,0,0,0,0,0,0,0,38,0,0,0,1,2,45,1,1,2,1,20,3,1,17,1,1,1,89,1,1