STATE,ST_CASE,VEH_NO,VE_FORMS,NUMOCCS,DAY,MONTH,HOUR,MINUTE,HARM_EV,MAN_COLL,UNITTYPE,HIT_RUN,REG_STAT,OWNER,MAKE,MODEL,MAK_MOD,BODY_TYP,MOD_YEAR,VIN,VIN_1,VIN_2,VIN_3,VIN_4,VIN_5,VIN_6,VIN_7,VIN_8,VIN_9,VIN_10,VIN_11,VIN_12,TOW_VEH,VINTYPE,VINMAKE,VINA_MOD,VIN_BT,VINMODYR,VIN_LNGT,VIN_WGT,WGTCD_TR,WHLBS_LG,WHLBS_SH,SER_TR,FUELCODE,MCYCL_DS,CARBUR,CYLINDER,DISPLACE,MCYCL_CY,MCYCL_WT,TIRE_SZE,TON_RAT,TRK_WT,TRKWTVAR,VIN_REST,WHLDRWHL,J_KNIFE,MCARR_I1,MCARR_I2,MCARR_ID,GVWR,V_CONFIG,CARGO_BT,HAZ_INV,HAZ_PLAC,HAZ_ID,HAZ_CNO,HAZ_REL,BUS_USE,SPEC_USE,EMER_USE,TRAV_SP,UNDERIDE,ROLLOVER,ROLINLOC,IMPACT1,DEFORMED,TOWED,M_HARM,VEH_SC1,VEH_SC2,FIRE_EXP,DR_PRES,L_STATE,DR_ZIP,L_STATUS,L_TYPE,CDL_STAT,L_ENDORS,L_COMPL,L_RESTRI,DR_HGT,DR_WGT,PREV_ACC,PREV_SUS,PREV_DWI,PREV_SPD,PREV_OTH,FIRST_MO,FIRST_YR,LAST_MO,LAST_YR,SPEEDREL,DR_SF1,DR_SF2,DR_SF3,DR_SF4,VTRAFWAY,VNUM_LAN,VSPD_LIM,VALIGN,VPROFILE,VPAVETYP,VSURCOND,VTRAFCON,VTCONT_F,P_CRASH1,P_CRASH2,P_CRASH3,PCRASH4,PCRASH5,ACC_TYPE,DEATHS,DR_DRINK
18,180113,2,2,1,16,3,15,55,12,6,1,0,18,1,7,472,7472,30,2001,1B7GG2AN51S1,1,B,7,G,G,2,A,N,5,1,S,1,0,T,DODG,QAD,CW,1,17,,1,0,1309,DAK,G,,,8,287,,,,B,4296,00,U,44,0,0,000000000,00000000000,0,0,0,1,0,0,0,0,0,0,0,998,0,0,0,12,6,2,12,0,0,0,1,18,46051,6,1,0,0,3,1,65,130,0,0,0,2,0,3,2010,10,2011,0,0,0,0,0,1,2,45,1,1,2,1,0,0,1,66,8,1,1,88,0,0
18,180114,1,1,1,17,3,20,58,39,0,1,0,18,1,37,709,37709,81,2009,JH2AF58499K5,J,H,2,A,F,5,8,4,9,9,K,5,0,M,HOND,N5S,MS,9,17,,,,,,,49,,1,,4,194,,,,,,,0,0,000000000,00000000000,0,0,0,1,0,0,0,0,0,0,0,998,0,0,0,12,6,2,39,0,0,0,1,18,47421,0,0,0,0,0,0,72,190,0,0,0,0,0,0,0,0,0,0,0,0,0,0,1,2,30,1,1,2,2,0,0,1,13,3,1,4,1,1,1
18,180115,1,1,2,18,3,16,45,35,0,1,0,18,2,12,3,12003,2,2002,1FAFP42X22F1,1,F,A,F,P,4,2,X,2,2,F,1,0,P,FORD,MGT,CP,2,17,3241,,0,1013,,G,,F,8,281,,,17R245,,,,,,0,0,000000000,00000000000,0,0,0,1,0,0,0,0,0,0,0,90,0,1,5,12,6,2,1,0,0,0,1,18,47542,6,1,0,0,3,0,67,130,0,0,0,0,0,0,0,0,0,1,8,0,0,0,1,2,45,1,3,2,1,0,0,1,12,1,1,4,6,1,1
18,180116,1,1,1,18,3,3,40,32,0,1,0,18,1,41,50,41050,4,2005,1YVHP80D055M,1,Y,V,H,P,8,0,D,0,5,5,M,0,P,MAZD,M6S,4D,5,17,3287,,0,1053,,G,,F,6,181,,,17R215,,,,,,0,0,000000000,00000000000,0,0,0,1,0,0,0,0,0,0,0,998,0,1,5,12,6,2,1,0,0,0,1,18,46742,6,1,6,0,3,0,70,250,0,0,0,0,0,0,0,0,0,0,28,58,0,0,1,2,50,2,2,2,1,28,3,14,13,1,1,4,1,1,1
18,180117,1,2,1,3,3,18,20,12,6,1,0,17,3,82,881,82881,66,1996,1FUYDSYB9TH6,1,F,U,Y,D,S,Y,B,9,T,H,6,0,T,FRHT,FLD,TR,96,17,,8,0,0,CON,D,,,6,893,,,,,00000,00,,64,0,57,000600382,57000600382,3,5,96,1,0,0,0,0,0,0,0,998,0,0,0,12,6,2,12,0,0,0,1,18,47448,6,1,6,1,3,1,68,148,0,0,0,0,0,0,0,0,0,0,87,0,0,0,3,2,65,1,1,1,4,0,0,1,60,6,1,1,65,0,0
18,180117,2,2,3,3,3,18,20,12,6,1,0,18,1,14,38,14038,2,2000,999999999999,9,9,9,9,9,9,9,9,9,9,9,9,0,,,,,,,,,,,,,,,,,,,,,,,,,0,0,000000000,00000000000,0,0,0,1,0,0,0,0,0,0,0,998,0,0,0,81,6,2,12,0,0,0,1,18,46563,6,1,0,0,3,2,62,210,0,0,0,0,1,6,2011,6,2011,1,74,87,0,0,3,2,65,1,1,1,4,0,0,1,5,1,1,2,64,1,0
18,180118,1,2,2,18,3,4,20,12,1,1,0,18,1,7,482,7482,31,2002,1D7HA18N42S5,1,D,7,H,A,1,8,N,4,2,S,5,0,T,DODG,Q15,CW,2,17,,2,1605,1405,RPC,G,,,8,287,,,,B,4747,01,E,42,0,0,000000000,00000000000,0,0,0,1,0,0,0,0,0,0,0,75,0,1,5,12,6,2,1,0,0,0,1,18,46628,6,1,0,0,3,0,66,135,0,1,0,2,4,5,2009,3,2011,1,8,0,0,0,1,2,40,1,3,2,1,28,3,1,51,1,1,1,24,1,1
18,180118,2,2,2,18,3,4,20,12,1,1,0,18,2,37,402,37402,14,1999,JHLRD1861XC0,J,H,L,R,D,1,8,6,1,X,C,0,0,P,HOND,CRV,UT,99,17,3245,,0,1032,,G,,F,4,120,,,15R205,,,,,,0,0,000000000,00000000000,0,0,0,1,0,0,0,0,0,0,0,998,0,0,0,6,6,2,12,0,0,0,1,18,46530,6,1,0,0,3,0,66,180,1,2,0,2,0,7,2009,9,2010,0,0,0,0,0,1,2,40,1,3,2,1,28,3,1,53,1,1,1,25,0,0
18,180119,1,1,28,12,3,7,39,21,0,1,0,18,3,84,981,84981,50,1997,1HVBJABN9VA0,1,H,V,B,J,A,B,N,9,V,A,0,0,T,INTL,300,BU,97,17,,7,0,0,30S,D,,,8,444,,,,,00000,00,,42,0,57,541720,57541720,3,21,22,1,0,0,0,0,1,0,0,998,0,0,0,12,6,2,21,42,0,0,1,18,46227,6,1,6,0,3,1,69,190,0,0,0,1,0,3,2010,3,2010,0,28,0,0,0,1,4,35,1,2,2,2,0,0,1,12,1,1,4,6,2,0
18,180120,1,1,1,17,3,20,46,1,0,1,0,18,0,98,701,98701,81,9999,000000000000,0,0,0,0,0,0,0,0,0,0,0,0,0,,,,,,,,,,,,,,,,,,,,,,,,,0,0,000000000,00000000000,0,0,0,1,0,0,0,0,0,0,0,998,0,0,0,0,4,3,1,0,0,0,1,18,46550,6,1,0,0,3,1,71,180,0,0,0,0,0,0,0,0,0,0,58,0,0,0,1,2,50,1,1,2,1,0,0,1,9,98,7,1,98,1,1
18,180121,1,3,1,19,3,10,9,12,6,1,0,18,3,7,24,7024,4,2010,2B3AA4CT7AH2,2,B,3,A,A,4,C,T,7,A,H,2,0,P,DODG,CHA,4D,10,17,3820,,0,1200,,G,,F,8,348,,,17R215,,,,,,0,0,000000000,00000000000,0,0,0,1,0,0,0,0,0,5,1,998,0,0,0,12,6,2,12,0,0,0,1,18,46835,6,1,0,0,3,0,72,180,0,0,0,0,0,0,0,0,0,0,38,16,37,0,2,3,45,1,1,2,1,1,3,1,17,1,1,1,88,0,0
18,180121,2,3,3,19,3,10,9,12,6,1,0,18,3,9,442,9442,20,1997,999999999999,9,9,9,9,9,9,9,9,9,9,9,9,0,,,,,,,,,,,,,,,,,,,,,,,,,0,0,000000000,00000000000,0,0,0,1,0,0,0,0,0,0,0,998,0,0,0,10,6,2,12,0,0,0,1,18,46816,6,1,0,0,3,0,71,196,1,6,0,3,1,8,2009,7,2011,0,38,0,0,0,2,3,55,1,1,1,1,1,3,1,17,1,1,1,89,1,0
18,180121,3,3,1,19,3,10,9,12,6,1,0,18,1,22,18,22018,4,2002,1G2NF52F52C1,1,G,2,N,F,5,2,F,5,2,C,1,0,P,PONT,SE1,4D,2,17,3116,,0,1070,,G,,F,4,134,,,15R215,,,,,,0,0,000000000,00000000000,0,0,0,1,0,0,0,0,0,0,0,998,0,0,0,12,4,1,54,32,0,0,1,18,46803,6,1,0,0,3,1,66,150,0,0,0,0,0,0,0,0,0,0,0,0,0,0,2,3,45,1,1,2,1,1,3,1,98,1,1,1,98,0,0
18,180122,1,1,1,18,3,16,37,32,0,1,0,18,2,37,705,37705,80,2005,JH2RC445X5M8,J,H,2,R,C,4,4,5,X,5,M,8,0,M,HOND,T7D,RS,5,17,,,,,,,745,,2,,4,496,,,,,,,0,0,000000000,00000000000,0,0,0,1,0,0,0,0,0,0,0,998,0,0,0,12,6,2,1,0,0,0,1,18,47421,6,1,0,0,2,1,73,145,0,0,0,1,1,5,2010,5,2010,0,0,0,0,0,1,2,35,1,2,2,1,0,0,1,13,1,1,4,1,1,1
18,180123,1,2,1,18,3,10,15,12,6,1,0,18,2,2,404,2404,14,1996,1J4GZ58S6TC3,1,J,4,G,Z,5,8,S,6,T,C,3,0,T,JEEP,LRO,4W,96,17,,1,0,1059,GCK,G,,,6,242,,,,,3686,00,E,44,0,0,000000000,00000000000,0,0,0,1,0,0,0,0,0,0,0,998,0,0,0,12,4,1,12,0,0,0,1,18,46226,1,1,0,0,2,2,66,147,0,1,0,0,1,12,2010,12,2010,0,74,0,0,0,5,2,35,1,1,2,1,3,3,1,17,1,1,1,79,0,0
18,180123,2,2,1,18,3,10,15,12,6,1,0,18,1,37,32,37032,4,1990,1HGCB7650LA0,1,H,G,C,B,7,6,5,0,L,A,0,0,P,HOND,ALE,4D,90,17,2504,,0,1071,,G,,F,4,132,,,14R185,,,,,,0,0,000000000,00000000000,0,0,0,1,0,0,0,0,0,0,0,998,0,0,0,9,6,2,12,0,0,0,1,18,46218,6,1,0,0,3,1,68,150,0,0,0,0,0,0,0,0,0,0,48,0,0,0,1,2,35,1,1,2,1,1,3,10,16,1,1,1,78,1,0
18,180124,1,1,1,20,3,23,53,42,0,1,0,17,1,22,20,22020,4,2002,1G2WK52J02F2,1,G,2,W,K,5,2,J,0,2,F,2,0,P,PONT,GFS,4D,2,17,3384,,0,1105,,G,,F,6,191,,,15R205,,,,,,0,0,000000000,00000000000,0,0,0,1,0,0,0,0,0,0,0,998,0,0,0,12,6,2,42,0,0,0,1,17,60647,1,1,0,0,2,0,71,180,0,1,0,0,1,10,2010,7,2011,0,28,0,0,0,1,2,50,1,1,2,1,0,0,1,12,1,1,4,6,1,1
18,180125,1,1,1,20,3,23,13,1,0,1,0,18,1,37,706,37706,80,2003,JH2SC50003M1,J,H,2,S,C,5,0,0,0,3,M,1,0,M,HOND,CR9,RC,3,17,,,,,,,954,,4,,4,370,,,,,,,0,0,000000000,00000000000,0,0,0,1,0,0,0,0,0,0,0,998,0,0,0,0,6,2,33,0,0,0,1,18,47882,6,1,0,0,2,0,72,150,0,1,0,1,1,9,2010,12,2010,1,0,0,0,0,1,2,98,1,1,2,1,0,0,1,8,3,1,1,98,1,0
18,180126,1,1,2,19,3,16,6,5,0,1,0,17,1,55,402,55402,14,2006,KM8JM12BX6U2,K,M,8,J,M,1,2,B,X,6,U,2,0,P,HYUN,TUC,UT,6,17,3425,,0,1035,,G,,F,4,121,,,16R215,,,,,,0,0,000000000,00000000000,0,0,0,1,0,0,0,0,0,0,0,998,0,0,0,0,0,1,5,0,0,0,1,17,60617,6,1,0,0,3,0,70,163,0,0,0,0,0,0,0,0,0,0,0,0,0,0,2,4,30,1,1,2,1,0,0,1,98,1,1,1,0,1,0
18,180127,1,2,1,4,3,18,10,12,6,1,0,18,1,63,441,63441,20,2005,KNDUP1326567,K,N,D,U,P,1,3,2,6,5,6,7,0,P,KIA,SED,SV,5,17,4802,,0,1145,,G,,F,6,213,,,15R215,,,,,,0,0,000000000,00000000000,0,0,0,1,0,0,0,0,0,0,0,998,0,0,0,12,6,2,12,0,0,0,1,18,46268,6,1,0,0,3,0,65,110,0,0,0,1,0,11,2009,11,2009,0,0,0,0,0,1,2,35,2,1,2,1,0,0,14,62,9,1,1,65,0,0
18,180127,2,2,1,4,3,18,10,12,6,1,0,18,1,52,37,52037,3,1998,4A3AK44Y4WE0,4,A,3,A,K,4,4,Y,4,W,E,0,0,P,MITS,EGS,2H,98,17,2842,,0,988,,G,,F,4,122,,,16R205,,,,,,0,0,000000000,00000000000,0,0,0,1,0,0,0,0,0,0,0,998,0,0,0,9,6,2,12,0,0,0,1,18,46254,0,0,0,0,0,0,999,999,0,0,0,0,0,0,0,0,0,0,8,28,58,0,1,2,35,3,1,2,1,0,0,14,10,1,1,2,64,1,1
18,180128,1,1,1,18,3,20,19,1,0,1,0,18,2,20,401,20401,14,1998,1GNDT13W4WK1,1,G,N,D,T,1,3,W,4,W,K,1,0,P,CHEV,BZR,UT,98,17,4046,,0,1070,,G,,F,6,262,,,15R235,,,,,,0,0,000000000,00000000000,0,0,0,1,0,0,0,0,0,0,0,998,0,2,5,0,6,2,1,0,0,0,1,18,47460,6,1,0,0,3,0,66,125,0,0,0,1,0,11,2011,11,2011,1,8,28,58,0,1,2,55,4,1,2,1,0,0,14,13,1,1,4,1,1,0
18,180131,1,2,2,9,3,8,23,12,6,1,0,18,3,52,47,52047,6,2007,JA4MT31X57U0,J,A,4,M,T,3,1,X,5,7,U,0,0,P,MITS,OUT,UT,7,17,3679,,0,1051,,G,,F,6,183,,,16R215,,,,,,0,0,000000000,00000000000,0,0,0,1,0,0,0,0,0,0,0,998,0,1,5,3,6,2,12,0,0,0,1,18,47501,6,2,0,0,3,0,68,150,0,0,0,0,0,0,0,0,0,0,38,0,0,0,1,2,55,1,1,2,1,20,3,1,17,1,1,1,87,2,0
18,180131,2,2,1,9,3,8,23,12,6,1,0,18,3,85,881,85881,66,2005,1XKADB9X75J0,1,X,K,A,D,B,9,X,7,5,J,0,1,T,KW,T60,TR,5,17,,8,2600,1600,CON,D,,,6,893,,,,,00000,00,,64,1,57,167955,57167955,3,6,8,1,0,0,0,0,0,0,0,998,7,1,5,12,6,2,12,0,0,0,1,18,47524,6,1,6,1,3,1,67,150,0,0,0,1,0,11,2011,11,2011,0,0,0,0,0,1,2,55,1,1,2,1,0,0,1,66,1,1,1,86,0,0
18,180132,1,1,3,17,3,16,43,1,0,1,0,12,1,35,443,35443,20,1993,4N2DN11WXPD8,4,N,2,D,N,1,1,W,X,P,D,8,0,P,NISS,QST,SV,93,17,3783,,0,1122,,G,,F,6,181,,,15R205,,,,,,0,0,000000000,00000000000,0,0,0,1,0,0,0,0,0,0,0,998,0,1,3,0,6,2,1,0,0,0,1,12,32324,6,1,0,0,3,1,61,999,0,0,0,0,0,0,0,0,0,0,0,0,0,0,2,4,70,1,1,2,1,0,0,1,12,1,1,4,6,1,0
18,180133,1,1,1,18,3,12,2,59,0,1,0,18,1,72,706,72706,80,2012,1HD1KBM13CB6,1,H,D,1,K,B,M,1,3,C,B,6,0,M,HD,FHX,RS,12,17,,,,,,,1690,,2,,4,785,,,,,,,0,0,000000000,00000000000,0,0,0,1,0,0,0,0,0,0,0,998,0,0,0,12,6,2,59,0,0,0,1,18,46131,6,1,0,0,3,0,73,320,0,0,0,0,0,0,0,0,0,0,58,0,0,0,3,2,70,1,1,2,1,0,0,1,13,1,1,4,1,1,0
18,180134,1,1,4,15,3,13,35,42,0,1,0,18,2,20,22,20022,2,2010,1G1AB1F54A71,1,G,1,A,B,1,F,5,4,A,7,1,0,P,CHEV,BLS,CP,10,17,2991,,0,1033,,G,,F,4,134,,,15R195,,,,,,0,0,000000000,00000000000,0,0,0,1,0,0,0,0,0,0,0,998,0,0,0,12,6,2,42,0,0,0,1,18,46001,6,1,0,0,3,0,68,165,0,0,0,1,0,4,2011,4,2011,0,8,35,0,0,1,2,55,1,1,2,1,0,0,6,13,9,1,4,1,1,0
18,180135,1,2,1,27,3,12,29,12,6,1,0,18,2,12,481,12481,31,2003,1FTWW33P03ED,1,F,T,W,W,3,3,P,0,3,E,D,0,T,FORD,F3D,CW,3,17,,3,1720,1560,DRW,D,,,8,366,,,,D,6635,00,E,44,0,0,000000000,00000000000,0,0,0,1,0,0,0,0,0,0,0,998,0,0,0,12,6,2,12,0,0,0,1,18,46041,6,1,0,0,3,0,62,145,0,0,0,0,0,0,0,0,0,0,38,0,0,0,1,2,55,1,1,2,1,20,3,1,17,1,1,1,88,0,0
18,180135,2,2,2,27,3,12,29,12,6,1,0,18,1,12,37,12037,4,2008,1FAHP35N48W2,1,F,A,H,P,3,5,N,4,8,W,2,0,P,FORD,FMS,4D,8,17,2623,,0,1029,,G,,F,4,122,,,16R205,,,,,,0,0,000000000,00000000000,0,0,0,1,0,0,0,0,0,0,0,998,0,0,0,9,6,2,12,0,0,0,1,18,46041,6,1,0,0,3,0,66,120,0,0,0,0,0,0,0,0,0,0,0,0,0,0,1,2,55,1,1,2,1,0,0,1,66,1,1,1,89,1,0
18,180136,1,1,1,12,3,19,56,33,0,1,0,18,1,12,17,12017,4,2003,1FAFP55203A1,1,F,A,F,P,5,5,2,0,3,A,1,0,P,FORD,TSS,4D,3,17,3329,,0,1085,,F,,F,6,182,,,16R215,,,,,,0,0,000000000,00000000000,0,0,0,1,0,0,0,0,0,0,0,998,0,0,0,14,6,2,33,0,0,0,1,18,47331,6,1,0,0,3,0,66,160,0,0,0,0,0,0,0,0,0,0,0,0,0,0,2,4,30,1,1,2,1,1,3,1,13,1,1,4,1,1,0
18,180137,1,1,1,16,3,18,25,3,0,1,0,18,1,37,31,37031,4,2012,19XFB2F57CE0,1,9,X,F,B,2,F,5,7,C,E,0,0,P,HOND,UCL,4D,12,17,2705,,0,1051,,G,,F,4,110,,,15R195,,,,,,0,0,000000000,00000000000,0,0,0,1,0,0,0,0,0,0,0,998,0,0,0,0,6,2,3,32,0,0,1,18,46901,6,1,0,0,3,0,62,115,0,0,0,0,0,0,0,0,0,0,0,0,0,0,1,2,30,1,1,2,1,0,0,1,98,1,1,4,0,1,0
18,180138,1,2,1,19,3,16,51,12,6,1,0,18,1,71,706,71706,80,2011,ZDM1XBLW6BB0,Z,D,M,1,X,B,L,W,6,B,B,0,0,M,DUCA,,,11,17,,,,,,,,,,,,,,,,,,,0,0,000000000,00000000000,0,0,0,1,0,0,0,0,0,0,0,998,0,0,0,12,6,2,12,0,0,0,1,18,46239,6,1,0,0,2,0,71,125,0,0,0,1,2,9,2010,3,2011,0,36,0,0,0,5,4,45,1,1,2,1,1,3,1,67,1,1,1,69,1,0
18,180138,2,2,2,19,3,16,51,12,6,1,0,18,1,12,443,12443,20,2005,2FMZA52245BA,2,F,M,Z,A,5,2,2,4,5,B,A,0,P,FORD,FRE,SV,5,17,4275,,0,1208,,G,,F,6,256,,,16R235,,,,,,0,0,000000000,00000000000,0,0,0,1,0,0,0,0,0,0,0,998,0,0,0,3,6,2,12,0,0,0,1,18,46226,6,1,0,0,3,0,64,175,0,0,0,0,0,0,0,0,0,0,38,0,0,0,5,4,45,1,1,2,1,1,3,11,15,1,1,1,68,0,0
18,180139,1,2,1,27,3,18,10,12,6,1,0,18,1,18,20,18020,4,1992,2G4WD54L8N14,2,G,4,W,D,5,4,L,8,N,1,4,0,P,BUIC,RGL,4D,92,17,3237,,0,1075,,G,,F,6,231,,,14R205,,,,,,0,0,000000000,00000000000,0,0,0,1,0,0,0,0,0,0,0,998,0,0,0,62,6,2,12,0,0,0,1,18,46808,6,1,0,0,3,1,65,135,0,0,0,1,1,7,2011,7,2011,0,38,0,0,0,2,4,40,1,1,2,1,0,0,11,15,1,1,1,68,0,0
18,180139,2,2,1,27,3,18,10,12,6,1,0,18,1,73,706,73706,80,2006,JKBVNKA1X6A0,J,K,B,V,N,K,A,1,X,6,A,0,0,M,KAWK,V6A,RS,6,17,,,,,,,1552,,2,,4,675,,,,,,,0,0,000000000,00000000000,0,0,0,1,0,0,0,0,0,0,0,998,0,0,0,12,6,2,12,0,0,0,1,18,46819,6,1,0,0,3,0,74,180,0,0,0,0,0,0,0,0,0,0,0,0,0,0,2,4,40,1,1,2,1,0,0,1,67,1,1,1,69,1,0
18,180140,1,2,2,29,3,13,34,12,6,1,0,18,1,2,405,2405,14,2006,1J8GL58596W1,1,J,8,G,L,5,8,5,9,6,W,1,0,T,JEEP,LMD,4W,6,17,,1,0,1043,LIB,D,,,4,171,,,,,4134,00,K,44,0,0,000000000,00000000000,0,0,0,1,0,0,0,0,0,0,0,998,0,0,0,9,6,2,12,0,0,0,1,18,46224,6,1,0,0,3,1,73,230,0,0,0,0,0,0,0,0,0,0,38,0,0,0,1,2,55,1,2,2,1,0,0,4,17,1,1,1,89,1,0
18,180140,2,2,1,29,3,13,34,12,6,1,0,18,2,87,881,87881,63,1990,1XP5DB9X4LN2,1,X,P,5,D,B,9,X,4,L,N,2,0,T,PTRB,379,TR,90,17,,8,0,0,CON,D,,,6,893,,,,,00000,00,,64,0,57,000525042,57000525042,3,2,8,1,0,0,0,0,0,0,0,998,0,0,0,12,4,1,12,0,0,0,1,18,47441,6,1,6,0,3,0,70,160,0,1,0,1,0,6,2010,5,2011,0,0,0,0,0,1,2,55,1,2,2,1,0,0,1,72,9,1,1,88,0,0
18,180142,1,2,1,30,3,16,28,12,6,1,0,18,2,18,19,18019,4,2012,2G4GT5GVXC91,2,G,4,G,T,5,G,V,X,C,9,1,0,P,BUIC,RPR,4D,12,17,3600,,0,1078,,F,,T,4,122,,,18R235,,,,,,0,0,000000000,00000000000,0,0,0,1,0,0,0,0,0,0,0,998,0,0,0,9,6,9,12,0,0,0,1,18,46517,6,1,0,0,3,1,70,195,0,0,0,0,0,0,0,0,0,0,38,0,0,0,1,2,45,1,1,2,2,20,3,1,17,1,1,1,89,1,0
18,180142,2,2,2,30,3,16,28,12,6,1,0,18,1,20,481,20481,31,1992,1GCHC33N2NJ3,1,G,C,H,C,3,3,N,2,N,J,3,0,T,CHEV,GC3,CW,92,17,,2,0,1685,GM4,G,,,8,454,,,,D,5279,01,,42,0,0,000000000,00000000000,0,0,0,1,0,0,0,0,0,0,0,998,0,0,0,12,6,2,12,0,0,1,1,18,46256,6,1,6,0,3,1,72,230,0,0,0,1,0,4,2009,4,2009,0,0,0,0,0,1,2,45,1,1,2,2,0,0,1,17,1,1,1,88,0,0
18,180143,1,1,1,30,3,16,2,38,0,1,0,0,0,76,701,76701,81,2012,L9NTEACB9C10,L,9,N,T,E,A,C,B,9,C,1,0,0,M,YAMA,,,12,17,,,,,,,,,,,,,,,,,,,0,0,000000000,00000000000,0,0,0,1,0,0,0,0,0,0,0,998,0,0,0,12,6,2,38,0,0,0,1,18,47564,2,1,5,0,1,0,70,250,0,0,0,0,0,0,0,0,0,0,0,0,0,0,1,2,35,1,1,2,1,0,0,1,13,1,1,5,1,1,0
18,180144,1,1,2,1,4,1,6,42,0,1,0,18,1,2,404,2404,14,1997,1J4GZ78Y8VC5,1,J,4,G,Z,7,8,Y,8,V,C,5,0,T,JEEP,L/O,4W,97,17,,1,0,1059,GCK,G,,,8,318,,,,,3700,02,E,44,0,0,000000000,00000000000,0,0,0,1,0,0,0,0,0,0,0,998,0,0,0,12,6,2,42,0,0,0,1,18,47401,1,1,0,0,2,2,70,110,0,1,0,0,0,1,2012,1,2012,0,28,74,0,0,1,2,35,1,2,2,1,0,0,1,9,1,3,4,7,1,1
18,180145,1,1,2,18,3,19,43,30,0,1,0,18,2,20,403,20403,14,2003,1GNDT13S2321,1,G,N,D,T,1,3,S,2,3,2,1,0,P,CHEV,TRL,UT,3,17,4600,,0,1130,,G,,F,6,256,,,16R245,,,,,,0,0,000000000,00000000000,0,0,0,1,0,0,0,0,0,0,0,53,0,0,0,3,6,2,30,0,0,0,1,18,46254,0,0,0,0,0,0,999,999,99,99,99,99,99,99,9999,99,9999,1,39,58,0,0,5,4,35,1,1,2,1,3,3,17,6,8,4,4,7,1,1
18,180146,1,2,1,1,4,21,13,12,2,1,0,18,2,7,43,7043,2,2004,4B3AG52H44E1,4,B,3,A,G,5,2,H,4,4,E,1,0,P,DODG,SRS,CP,4,17,3170,,0,1037,,G,,F,6,181,,,16R205,,,,,,0,0,000000000,00000000000,0,0,0,1,0,0,0,0,0,0,0,998,0,0,0,12,6,2,12,0,0,0,1,18,46310,1,1,0,0,2,2,67,120,0,2,0,4,0,5,2009,11,2011,0,28,91,74,0,1,2,55,1,1,2,1,0,0,1,10,1,1,2,50,0,1
18,180146,2,2,1,1,4,21,13,12,2,1,0,18,2,72,706,72706,80,2008,1HD1FR4148Y7,1,H,D,1,F,R,4,1,4,8,Y,7,0,M,HD,FKC,RS,8,17,,,,,,,1584,,2,,4,775,,,,,,,0,0,000000000,00000000000,0,0,0,1,0,0,0,0,0,0,0,998,0,0,0,12,6,2,12,0,0,0,1,18,46310,6,1,5,0,3,0,74,250,0,0,0,0,0,0,0,0,0,0,0,0,0,0,1,2,55,1,1,2,1,0,0,1,62,1,1,1,51,1,1
18,180147,1,3,1,2,4,14,10,12,1,1,0,26,3,82,881,82881,66,2007,1FUJA6CV27DZ,1,F,U,J,A,6,C,V,2,7,D,Z,1,T,FRHT,COL,TR,7,17,,8,0,0,CON,D,,,6,782,,,,,00000,00,,64,1,57,002118035,57002118035,3,6,98,1,0,0,0,0,0,0,0,998,0,0,0,12,6,2,12,0,0,0,1,93,49093,6,1,6,1,3,0,68,275,0,0,0,0,1,10,2009,10,2009,0,26,0,0,0,1,2,50,1,1,2,1,0,0,1,52,6,1,1,28,0,0
18,180147,2,3,1,2,4,14,10,12,1,1,0,18,1,23,401,23401,14,2000,1GKDT13W5Y23,1,G,K,D,T,1,3,W,5,Y,2,3,0,T,GMC,J/E,4W,0,17,,1,0,1070,J/E,G,,,6,262,,,,B,4049,01,E,44,0,0,000000000,00000000000,0,0,0,1,0,0,0,0,0,0,0,998,0,1,5,6,6,2,1,0,0,0,1,26,49047,1,1,0,0,2,1,72,205,0,3,0,0,0,2,2012,2,2012,0,0,0,0,0,1,2,50,1,1,2,1,0,0,2,18,1,1,1,29,0,0
18,180147,3,3,1,2,4,14,10,12,1,1,0,18,1,18,7,18007,4,2004,2G4WS52J1413,2,G,4,W,S,5,2,J,1,4,1,3,0,P,BUIC,CCU,4D,4,17,3342,,0,1090,,G,,F,6,189,,,15R205,,,,,,0,0,000000000,00000000000,0,0,0,1,0,0,0,0,0,0,0,998,0,0,0,6,6,2,12,0,0,0,1,18,46526,6,1,0,0,3,1,66,135,0,0,0,0,0,0,0,0,0,0,0,0,0,0,1,2,50,1,1,2,1,0,0,1,53,1,1,1,98,1,0
18,180148,1,2,2,29,3,12,45,12,6,1,0,18,2,21,21,21021,4,2000,1G3NL52E9YC3,1,G,3,N,L,5,2,E,9,Y,C,3,0,P,OLDS,A/G,4D,0,17,3022,,0,1070,,G,,F,6,207,,,15R215,,,,,,0,0,000000000,00000000000,0,0,0,1,0,0,0,0,0,0,0,998,0,0,0,9,6,2,12,0,0,0,1,18,47102,6,1,0,0,3,0,48,65,0,0,0,0,0,0,0,0,0,0,38,0,0,0,1,2,55,1,3,2,1,0,0,11,19,1,1,1,82,1,0