STATE,ST_CASE,VEH_NO,VE_FORMS,NUMOCCS,DAY,MONTH,HOUR,MINUTE,HARM_EV,MAN_COLL,UNITTYPE,HIT_RUN,REG_STAT,OWNER,MAKE,MODEL,MAK_MOD,BODY_TYP,MOD_YEAR,VIN,VIN_1,VIN_2,VIN_3,VIN_4,VIN_5,VIN_6,VIN_7,VIN_8,VIN_9,VIN_10,VIN_11,VIN_12,TOW_VEH,VINTYPE,VINMAKE,VINA_MOD,VIN_BT,VINMODYR,VIN_LNGT,VIN_WGT,WGTCD_TR,WHLBS_LG,WHLBS_SH,SER_TR,FUELCODE,MCYCL_DS,CARBUR,CYLINDER,DISPLACE,MCYCL_CY,MCYCL_WT,TIRE_SZE,TON_RAT,TRK_WT,TRKWTVAR,VIN_REST,WHLDRWHL,J_KNIFE,MCARR_I1,MCARR_I2,MCARR_ID,GVWR,V_CONFIG,CARGO_BT,HAZ_INV,HAZ_PLAC,HAZ_ID,HAZ_CNO,HAZ_REL,BUS_USE,SPEC_USE,EMER_USE,TRAV_SP,UNDERIDE,ROLLOVER,ROLINLOC,IMPACT1,DEFORMED,TOWED,M_HARM,VEH_SC1,VEH_SC2,FIRE_EXP,DR_PRES,L_STATE,DR_ZIP,L_STATUS,L_TYPE,CDL_STAT,L_ENDORS,L_COMPL,L_RESTRI,DR_HGT,DR_WGT,PREV_ACC,PREV_SUS,PREV_DWI,PREV_SPD,PREV_OTH,FIRST_MO,FIRST_YR,LAST_MO,LAST_YR,SPEEDREL,DR_SF1,DR_SF2,DR_SF3,DR_SF4,VTRAFWAY,VNUM_LAN,VSPD_LIM,VALIGN,VPROFILE,VPAVETYP,VSURCOND,VTRAFCON,VTCONT_F,P_CRASH1,P_CRASH2,P_CRASH3,PCRASH4,PCRASH5,ACC_TYPE,DEATHS,DR_DRINK
18,180186,2,3,1,18,4,21,29,12,1,1,0,18,2,20,20,20020,4,2001,2G1WL52J7111,2,G,1,W,L,5,2,J,7,1,1,1,0,P,CHEV,LUM,4D,1,17,3330,,0,1075,,G,,F,6,191,,,15R205,,,,,,0,0,000000000,00000000000,0,0,0,1,0,0,0,0,0,0,0,998,0,0,0,6,6,2,12,0,0,0,1,18,47933,6,2,0,0,3,2,66,155,0,0,0,0,0,0,0,0,0,0,28,74,0,0,1,2,55,1,1,2,1,0,0,1,53,1,1,1,32,1,0
18,180186,3,3,2,18,4,21,29,12,1,1,0,18,1,12,481,12481,31,1999,1FTZF1724XNA,1,F,T,Z,F,1,7,2,4,X,N,A,0,T,FORD,F15,PK,99,17,,1,1385,1199,COF,G,,,6,256,,,,B,00000,00,U,42,0,0,000000000,00000000000,0,0,0,1,0,0,0,0,0,0,0,998,0,0,0,12,6,2,12,0,0,0,1,18,47923,1,1,0,0,2,0,69,190,1,0,0,0,1,12,2011,3,2012,0,91,0,0,0,1,2,55,1,1,2,1,0,0,1,62,1,1,1,98,0,1
18,180187,1,2,3,14,4,2,8,12,6,1,1,18,1,20,37,20037,4,2001,1G1NE52J4162,1,G,1,N,E,5,2,J,4,1,6,2,0,P,CHEV,M/L,4D,1,17,3051,,0,1070,,G,,F,6,191,,,15R215,,,,,,0,0,000000000,00000000000,0,0,0,1,0,0,0,0,0,0,0,998,0,0,0,12,6,2,12,0,0,0,1,18,47933,6,1,0,0,3,1,75,176,0,1,0,2,1,9,2009,1,2011,0,39,0,0,0,1,2,30,1,1,2,1,20,3,1,17,1,1,1,88,0,1
18,180187,2,2,2,14,4,2,8,12,6,1,0,18,2,35,39,35039,4,2000,JN1CA31D3YT5,J,N,1,C,A,3,1,D,3,Y,T,5,0,P,NISS,MGS,4D,0,17,3071,,0,1083,,G,,F,6,182,,,15R205,,,,,,0,0,000000000,00000000000,0,0,0,1,0,0,0,0,0,0,0,998,0,1,1,9,6,2,12,0,0,0,1,18,46241,6,1,0,0,3,1,72,145,0,0,0,0,0,0,0,0,0,0,0,0,0,0,1,2,30,1,1,2,1,0,0,1,66,1,1,1,89,1,0
18,180188,1,1,2,15,4,6,38,33,0,1,0,18,2,20,37,20037,4,1997,1G1ND52T2VY1,1,G,1,N,D,5,2,T,2,V,Y,1,0,P,CHEV,MAL,4D,97,17,2976,,0,1070,,G,,F,4,146,,,15R215,,,,,,0,0,000000000,00000000000,0,0,0,1,0,0,0,0,0,0,0,998,0,1,5,14,6,2,43,0,0,0,1,18,46321,6,1,0,0,3,2,71,180,0,0,0,0,0,0,0,0,0,1,8,28,91,74,1,2,35,1,1,2,2,0,0,1,12,1,1,4,6,1,1
18,180189,1,2,1,18,4,15,48,12,1,1,0,39,1,12,881,12881,62,1997,1FDNF82CXVVA,1,F,D,N,F,8,2,C,X,V,V,A,0,T,FORD,F8P,CC,97,17,,6,2560,1290,MHV,D,,,6,359,,,,,00000,00,,42,0,99,999999999,99999999999,2,1,3,1,0,0,0,0,0,0,0,998,0,0,0,12,4,3,12,0,0,0,1,39,45846,6,1,0,0,3,0,70,165,0,0,0,0,1,2,2011,2,2011,0,26,0,0,0,1,3,50,1,3,2,1,0,0,1,51,8,1,1,24,0,0
18,180189,2,2,1,18,4,15,48,12,1,1,0,18,1,98,706,98706,80,2008,999999999999,9,9,9,9,9,9,9,9,9,9,9,9,0,,,,,,,,,,,,,,,,,,,,,,,,,0,0,000000000,00000000000,0,0,0,1,0,0,0,0,0,0,0,998,0,0,0,6,6,2,12,0,0,0,1,18,47390,6,1,5,0,3,0,69,200,0,0,0,0,0,0,0,0,0,0,0,0,0,0,1,3,50,1,3,2,1,0,0,1,53,1,1,1,25,1,0
18,180190,1,4,1,23,2,6,8,12,6,1,0,18,1,37,32,37032,4,2006,1HGFA16556L0,1,H,G,F,A,1,6,5,5,6,L,0,0,P,HOND,UCL,4D,6,17,2751,,0,1063,,G,,F,4,110,,,16R205,,,,,,0,0,000000000,00000000000,0,0,0,1,0,0,0,0,0,0,0,998,0,0,0,11,6,2,12,0,0,0,1,18,46767,6,1,0,0,3,0,64,200,1,1,0,1,0,10,2010,2,2011,0,28,0,0,0,1,2,55,1,1,2,4,0,0,1,5,1,2,2,64,1,0
18,180190,2,4,1,23,2,6,8,12,6,1,0,18,1,24,1,24001,4,1999,1G8ZK5278XZ1,1,G,8,Z,K,5,2,7,8,X,Z,1,0,P,STRN,SL2,4D,99,17,2418,,0,1024,,G,,F,4,116,,,15R185,,,,,,0,0,000000000,00000000000,0,0,0,1,0,0,0,0,0,0,0,998,0,0,0,8,4,1,12,0,0,0,1,18,46567,6,1,0,0,3,0,70,220,0,0,0,0,0,0,0,0,0,0,0,0,0,0,1,2,55,1,1,2,4,0,0,1,62,1,1,1,65,0,0
18,180190,3,4,1,23,2,6,8,12,6,1,0,18,1,20,16,20016,4,2000,999999999999,9,9,9,9,9,9,9,9,9,9,9,9,0,,,,,,,,,,,,,,,,,,,,,,,,,0,0,000000000,00000000000,0,0,0,1,0,0,0,0,0,0,0,998,0,0,0,12,6,2,12,0,0,0,1,18,46550,6,1,0,0,3,0,66,130,0,0,0,0,0,0,0,0,0,0,0,0,0,0,1,2,55,1,1,2,4,0,0,1,62,1,1,1,98,0,0
18,180190,4,4,1,23,2,6,8,12,6,1,0,18,1,37,31,37031,4,2003,1HGES165X3L0,1,H,G,E,S,1,6,5,X,3,L,0,0,P,HOND,UCL,4D,3,17,2513,,0,1031,,G,,F,4,102,,,14R185,,,,,,0,0,000000000,00000000000,0,0,0,1,0,0,0,0,0,0,0,998,0,0,0,11,4,1,12,0,0,0,1,18,46504,6,1,0,0,3,1,70,240,0,0,0,0,0,0,0,0,0,0,0,0,0,0,1,2,55,1,1,2,4,0,0,1,62,1,1,1,98,0,0
18,180191,1,1,1,6,3,20,15,35,0,1,0,18,1,12,3,12003,2,1995,999999999999,9,9,9,9,9,9,9,9,9,9,9,9,0,,,,,,,,,,,,,,,,,,,,,,,,,0,0,000000000,00000000000,0,0,0,1,0,0,0,0,0,0,0,998,0,0,0,3,6,2,42,0,0,0,1,18,46303,6,1,5,0,3,0,77,168,0,0,0,0,1,8,2011,8,2011,1,8,0,0,0,1,2,35,1,3,2,1,0,0,1,8,4,3,4,2,1,1
18,180192,1,1,2,11,4,15,3,42,0,1,0,18,1,20,401,20401,14,1995,1GNDT13W9S21,1,G,N,D,T,1,3,W,9,S,2,1,0,P,CHEV,BZR,UT,95,17,4071,,0,1070,,G,,F,6,262,,,15R205,,,,,,0,0,000000000,00000000000,0,0,0,1,0,0,0,0,0,0,0,998,0,0,0,12,6,2,42,0,0,0,1,18,46929,6,1,0,0,3,0,71,235,0,0,0,0,0,0,0,0,0,0,0,0,0,0,1,2,55,1,1,2,1,0,0,1,12,1,1,4,6,1,0
18,180193,1,1,1,19,4,3,1,33,0,1,0,18,1,72,706,72706,80,2007,1HD1KB4137Y6,1,H,D,1,K,B,4,1,3,7,Y,6,0,M,HD,FHX,RS,7,17,,,,,,,1584,,2,,4,733,,,,,,,0,0,000000000,00000000000,0,0,0,1,0,0,0,0,0,0,0,998,0,0,0,12,6,2,3,0,0,0,1,18,46342,6,1,5,0,3,1,67,230,0,1,0,0,3,1,2011,8,2011,0,0,0,0,0,5,4,45,1,1,2,1,0,0,1,13,1,1,4,1,1,1
18,180194,1,2,2,26,4,6,7,12,6,1,0,18,2,7,20,7020,4,2002,1B3ES46C52D5,1,B,3,E,S,4,6,C,5,2,D,5,0,P,DODG,SEN,4D,2,17,2645,,0,1050,,G,,F,4,122,,,15R185,,,,,,0,0,000000000,00000000000,0,0,0,1,0,0,0,0,0,0,0,998,0,0,0,3,6,2,12,0,0,0,1,18,46928,6,2,0,0,3,1,75,300,0,2,0,0,2,8,2010,5,2011,0,39,0,0,0,5,4,35,1,2,2,2,1,3,1,17,1,1,1,87,2,0
18,180194,2,2,2,26,4,6,7,12,6,1,0,18,3,82,881,82881,63,2011,1FVHCYBSXBDA,1,F,V,H,C,Y,B,S,X,B,D,A,0,T,FRHT,16M,CC,11,17,,8,0,0,FM2,D,,,6,505,,,,,00000,00,,64,0,57,01986730,5701986730,3,2,7,1,0,0,0,0,0,0,0,998,0,0,0,12,6,2,12,0,0,0,1,18,46797,1,1,1,0,2,0,69,130,0,1,0,1,3,2,2011,12,2011,0,0,0,0,0,5,4,35,1,2,2,2,1,3,1,66,1,1,1,86,0,0
18,180196,1,1,1,28,4,21,57,8,0,1,0,18,1,37,403,37403,14,2003,5J6YH28253L0,5,J,6,Y,H,2,8,2,5,3,L,0,0,P,HOND,ELE,UT,3,17,3489,,0,1014,,G,,F,4,146,,,16R215,,,,,,0,0,000000000,00000000000,0,0,0,1,0,0,0,0,0,0,0,998,0,0,0,12,6,2,8,0,0,0,1,18,47201,6,1,0,0,3,0,70,185,0,0,0,0,0,0,0,0,0,0,0,0,0,0,2,8,55,1,1,2,1,0,0,1,80,1,1,1,13,0,0
18,180197,1,1,1,27,4,15,30,5,0,1,0,18,1,76,705,76705,80,2005,JYARJ06E05A0,J,Y,A,R,J,0,6,E,0,5,A,0,0,M,YAMA,R6L,RC,5,17,,,,,,,599,,4,,4,357,,,,,,,0,0,000000000,00000000000,0,0,0,1,0,0,0,0,0,0,0,998,0,0,0,0,6,2,5,0,0,0,1,18,46038,6,1,0,0,3,0,60,109,0,0,0,0,0,0,0,0,0,1,0,0,0,0,2,3,60,1,2,2,1,0,0,1,98,3,1,4,0,1,0
18,180198,1,1,2,5,3,12,14,58,0,1,0,18,2,12,471,12471,30,2002,1FTYR10D32TA,1,F,T,Y,R,1,0,D,3,2,T,A,0,T,FORD,RNG,PK,2,17,,1,1175,1116,RNG,G,,,4,140,,,,B,3085,03,E,42,0,0,000000000,00000000000,0,0,0,1,0,0,0,0,0,0,0,998,0,0,0,82,6,2,42,0,0,0,1,18,47842,1,1,0,0,2,0,68,170,1,7,2,0,4,5,2009,7,2010,0,0,0,0,0,1,2,55,1,1,2,1,0,0,1,13,1,1,4,1,1,0
18,180199,1,1,1,3,4,20,54,34,0,1,0,18,1,99,701,99701,81,2011,L9NTEACBXB10,L,9,N,T,E,A,C,B,X,B,1,0,0,U,,,,11,17,,,,,,,,,,,,,,,,,,,0,0,000000000,00000000000,0,0,0,1,0,0,0,0,0,0,0,998,0,0,0,12,2,3,34,0,0,0,1,18,47601,1,1,0,0,2,0,68,180,0,6,0,0,1,12,2009,5,2011,0,0,0,0,0,1,2,30,1,1,2,1,0,0,1,13,1,1,4,1,1,0
18,180200,1,2,1,29,4,20,2,12,1,1,0,18,1,37,441,37441,20,1997,JHMRA1879VC0,J,H,M,R,A,1,8,7,9,V,C,0,0,P,HOND,ODY,SV,97,17,3382,,0,1114,,G,,F,4,132,,,15R205,,,,,,0,0,000000000,00000000000,0,0,0,1,0,0,0,0,0,0,0,998,0,0,0,12,6,2,12,0,0,0,1,36,13501,6,1,0,0,3,0,62,999,0,0,0,0,0,0,0,0,0,1,38,91,0,0,2,4,60,1,1,2,1,1,3,1,50,1,1,1,20,0,1
18,180200,2,2,6,29,4,20,2,12,1,1,0,18,1,37,441,37441,20,2003,5FNRL18643B0,5,F,N,R,L,1,8,6,4,3,B,0,0,P,HOND,UDY,SV,3,17,4354,,0,1181,,G,,F,6,212,,,16R225,,,,,,0,0,000000000,00000000000,0,0,0,1,0,0,0,0,0,0,0,0,0,0,0,6,6,2,12,0,0,0,1,18,46816,6,1,0,0,3,0,70,185,0,0,0,0,0,0,0,0,0,0,0,0,0,0,2,4,60,1,1,2,1,1,3,5,53,1,1,1,21,1,0
18,180201,1,1,1,17,4,7,59,49,0,1,0,18,2,23,461,23461,21,1998,1GTGG25R7W10,1,G,T,G,G,2,5,R,7,W,1,0,0,T,GMC,SA2,CG,98,17,,2,0,1350,SAV,G,,,8,350,,,,C,00000,00,E,42,0,0,000000000,00000000000,0,0,0,1,0,0,0,0,0,0,0,60,0,0,0,12,6,2,49,0,0,0,1,18,46714,6,1,0,0,3,0,70,130,0,0,0,0,0,0,0,0,0,1,0,0,0,0,1,2,55,1,1,2,1,0,0,1,83,1,1,1,13,0,0
18,180202,1,2,1,1,5,5,43,12,2,1,0,18,1,12,37,12037,4,2000,1FAFP33P0YW1,1,F,A,F,P,3,3,P,0,Y,W,1,0,P,FORD,FOX,4D,0,17,2564,,0,1030,,G,,F,4,122,,,14R185,,,,,,0,0,000000000,00000000000,0,0,0,1,0,0,0,0,0,0,0,998,0,0,0,12,6,2,12,0,0,0,1,18,47960,6,1,0,0,3,1,65,120,0,3,0,1,2,5,2009,10,2010,0,28,0,0,0,1,2,55,1,1,2,1,0,0,1,10,1,1,2,50,1,1
18,180202,2,2,1,1,5,5,43,12,2,1,0,18,3,20,881,20881,66,1994,1GBJ7H1J2RJ1,1,G,B,J,7,H,1,J,2,R,J,1,1,T,CHEV,C7H,CB,94,17,,6,2610,1440,KOD,D,,,6,403,,,,,00000,00,,42,1,57,001493208,57001493208,3,6,3,1,0,0,0,0,0,0,0,998,0,0,0,12,6,2,12,0,0,0,1,18,47960,6,1,6,1,3,0,72,230,0,0,0,0,0,0,0,0,0,0,0,0,0,0,1,2,55,1,1,2,1,0,0,1,62,1,1,1,51,0,0
18,180203,1,1,1,27,4,8,51,25,0,1,0,18,2,20,16,20016,2,1996,1G1JC1240TM1,1,G,1,J,C,1,2,4,0,T,M,1,0,P,CHEV,CAV,CP,96,17,2617,,0,1041,,G,,F,4,133,,,14R195,,,,,,0,0,000000000,00000000000,0,0,0,1,0,0,0,0,0,0,0,998,0,0,0,81,6,2,25,0,0,0,1,18,46628,0,0,0,0,0,0,71,190,0,0,0,0,0,0,0,0,0,1,8,0,0,0,3,2,30,2,1,2,1,0,0,14,13,3,1,4,1,1,1
18,180204,1,1,1,2,5,13,52,35,0,1,0,18,1,21,20,21020,4,1993,1G3WH54T8PD3,1,G,3,W,H,5,4,T,8,P,D,3,0,P,OLDS,SUS,4D,93,17,3004,,0,1075,,G,,F,6,191,,,15R205,,,,,,0,0,000000000,00000000000,0,0,0,1,0,0,0,0,0,0,0,998,0,1,6,14,6,2,3,0,0,0,1,18,47421,6,1,0,0,3,0,64,113,0,0,0,0,0,0,0,0,0,0,28,0,0,0,1,2,30,1,1,2,1,0,0,1,12,1,1,4,6,1,0
18,180205,1,1,1,30,4,23,59,8,0,1,0,17,2,49,40,49040,4,2008,1NXBR30E98Z9,1,N,X,B,R,3,0,E,9,8,Z,9,0,P,TOYT,UCS,4D,8,17,2530,,0,1024,,G,,F,4,110,,,15R185,,,,,,0,0,000000000,00000000000,0,0,0,1,0,0,0,0,0,0,0,998,0,0,0,12,6,2,8,0,0,0,1,17,60516,6,1,0,0,3,0,71,170,0,0,0,1,0,10,2010,10,2010,0,0,0,0,0,2,4,60,1,1,2,2,0,0,1,80,1,1,1,13,0,0
18,180206,1,3,1,3,5,10,17,12,6,1,0,18,1,7,482,7482,31,2002,1D7HU18Z92J2,1,D,7,H,U,1,8,Z,9,2,J,2,0,T,DODG,Q15,CW,2,17,,2,1605,1405,RPC,G,,,8,360,,,,B,5000,02,E,44,0,0,000000000,00000000000,0,0,0,1,0,0,0,0,0,0,0,998,0,0,0,12,6,2,12,0,0,0,1,18,46065,6,1,0,0,3,0,74,200,0,0,0,0,0,0,0,0,0,0,28,0,0,0,1,2,55,1,1,2,1,0,0,1,10,1,1,2,65,0,0
18,180206,2,3,1,3,5,10,17,12,6,1,0,18,3,84,881,84881,66,2005,2HSCDAPN55C1,2,H,S,C,D,A,P,N,5,5,C,1,1,T,INTL,92I,TR,5,17,,7,0,0,920,D,,,6,915,,,,,00000,00,,42,1,57,000063391,57000063391,3,6,1,2,2,8888,8,2,0,0,0,998,0,0,0,7,2,1,12,0,0,0,1,18,47303,6,1,6,1,3,0,73,230,0,0,0,0,0,0,0,0,0,0,0,0,0,0,1,2,55,1,1,2,1,0,0,1,62,1,1,1,64,0,0
18,180206,3,3,1,3,5,10,17,12,6,1,0,18,1,49,32,49032,4,1993,2T1AE00E0PC0,2,T,1,A,E,0,0,E,0,P,C,0,0,P,TOYT,CLF,4D,93,17,2513,,0,957,,G,,F,4,108,,,000000,,,,,,0,0,000000000,00000000000,0,0,0,1,0,0,0,0,0,0,0,998,0,0,0,12,6,2,12,0,0,0,1,18,47933,6,1,0,0,3,1,63,115,0,0,0,0,0,0,0,0,0,0,0,0,0,0,1,2,55,1,1,2,1,0,0,1,62,7,1,1,98,1,0
18,180207,1,2,1,29,4,15,53,12,1,1,0,12,3,87,881,87881,66,2012,1XPHD49X4CD1,1,X,P,H,D,4,9,X,4,C,D,1,1,T,PTRB,386,TR,12,17,,8,0,0,CON,D,,,6,915,,,,,00000,00,,64,1,57,123611,57123611,3,6,2,1,0,0,0,0,0,0,0,998,0,0,0,12,2,3,12,0,0,0,1,12,32833,6,1,6,1,3,0,67,999,0,0,0,1,0,3,2010,3,2010,0,26,0,0,0,2,4,60,1,1,2,1,0,0,1,52,2,1,1,28,0,0
18,180207,2,2,2,29,4,15,53,12,1,1,0,18,1,12,23,12023,4,2010,3FAHP0JG8AR3,3,F,A,H,P,0,J,G,8,A,R,3,0,P,FORD,F/L,4D,10,17,3591,,0,1074,,F,,F,6,183,,,17R225,,,,,,0,0,000000000,00000000000,0,0,0,1,0,0,0,0,0,0,0,998,0,0,0,6,6,2,12,0,0,0,1,18,46563,6,1,0,0,3,1,70,175,0,0,0,1,0,6,2010,6,2010,0,0,0,0,0,2,4,60,1,1,2,1,0,0,2,53,1,1,1,29,1,0
18,180208,1,1,1,5,5,22,43,8,0,1,0,45,1,22,22,22022,4,2007,1G2ZH58N6742,1,G,2,Z,H,5,8,N,6,7,4,2,0,P,PONT,GGT,4D,7,17,3457,,0,1123,,G,,F,6,214,,,17R225,,,,,,0,0,000000000,00000000000,0,0,0,1,0,0,0,0,0,0,0,998,0,0,0,12,2,1,8,0,0,0,1,45,29210,6,1,0,0,3,0,66,170,0,0,0,0,0,0,0,0,0,0,0,0,0,0,1,2,35,1,1,2,1,0,0,1,80,1,1,1,13,0,0
18,180209,1,2,1,4,5,10,35,12,1,1,0,18,3,20,870,20870,55,2002,1GBJG31FX211,1,G,B,J,G,3,1,F,X,2,1,1,0,T,CHEV,CT3,YY,2,17,,3,1770,1390,ETV,D,,,8,397,,,,D,4118,06,,42,0,57,111111111,57111111111,2,21,22,1,0,0,0,0,1,0,0,998,0,0,0,12,6,2,12,0,0,0,1,18,47842,6,1,6,1,3,0,70,140,0,0,0,0,0,0,0,0,0,1,87,91,0,0,1,2,40,1,2,2,2,0,0,1,50,1,1,1,20,0,0
18,180209,2,2,1,4,5,10,35,12,1,1,0,18,1,20,471,20471,30,1991,1GCCS14Z3M22,1,G,C,C,S,1,4,Z,3,M,2,2,0,T,CHEV,S14,PK,91,17,,1,1179,1083,S,G,,,6,262,,,,B,2567,01,,42,0,0,000000000,00000000000,0,0,0,1,0,0,0,0,0,0,0,0,0,0,0,6,6,2,12,0,0,0,1,18,47842,6,1,0,0,3,1,60,145,0,0,0,0,0,0,0,0,0,0,0,0,0,0,1,2,40,1,2,2,2,0,0,5,53,1,1,1,21,1,0
18,180210,1,1,2,3,5,22,24,5,0,1,0,18,1,49,40,49040,4,1998,4T1BG22K1WU2,4,T,1,B,G,2,2,K,1,W,U,2,0,P,TOYT,CXL,4D,98,17,2998,,0,1051,,G,,F,4,132,,,14R195,,,,,,0,0,000000000,00000000000,0,0,0,1,0,0,0,0,0,0,0,20,0,0,0,0,0,3,5,0,0,0,1,18,46260,6,1,0,0,3,1,66,130,0,0,0,0,0,0,0,0,0,0,0,0,0,0,1,4,35,1,1,2,1,0,0,2,98,1,1,1,0,1,0
18,180211,1,1,1,2,5,3,11,26,0,1,0,18,1,20,481,20481,31,2000,1GCEC14V8YE1,1,G,C,E,C,1,4,V,8,Y,E,1,0,T,CHEV,SC1,PK,0,17,,2,1330,1190,SIL,G,,,8,293,,,,B,3923,02,,42,0,0,000000000,00000000000,0,0,0,1,0,0,0,0,0,0,0,998,0,1,6,3,6,2,2,0,0,1,1,18,46228,1,7,0,0,2,0,67,160,0,7,0,1,1,8,2009,10,2011,0,18,40,0,0,1,2,35,1,1,2,2,28,3,1,90,1,1,2,12,1,1
18,180212,1,2,1,8,5,9,15,12,6,1,0,18,2,12,481,12481,31,1995,1FTHX25H6SKA,1,F,T,H,X,2,5,H,6,S,K,A,0,T,FORD,F25,PC,95,17,,2,0,1550,COF,G,,,8,351,,,,C,00000,00,A,42,0,0,000000000,00000000000,0,0,0,1,0,0,0,0,0,0,0,998,0,0,0,12,6,2,12,0,0,0,1,18,46806,6,1,0,0,3,0,63,120,0,0,0,0,0,0,0,0,0,0,39,91,0,0,5,3,30,1,1,2,1,1,3,1,17,1,1,1,88,0,1
18,180212,2,2,2,8,5,9,15,12,6,1,0,18,1,20,441,20441,20,1999,1GNDM19W1XB2,1,G,N,D,M,1,9,W,1,X,B,2,0,T,CHEV,AST,ES,99,17,,1,0,1112,AST,G,,,6,262,,,,B,4186,00,,42,0,0,000000000,00000000000,0,0,0,1,0,0,0,0,0,0,0,998,0,0,0,9,6,2,12,0,0,0,1,18,46819,6,1,0,0,3,0,71,220,0,0,0,0,0,0,0,0,0,0,0,0,0,0,5,3,30,1,1,2,1,1,3,1,66,1,1,1,89,2,0
18,180213,1,2,1,8,5,18,15,12,1,1,0,18,1,20,37,20037,4,1999,1G1ND52TXX61,1,G,1,N,D,5,2,T,X,X,6,1,0,P,CHEV,MAL,4D,99,17,3051,,0,1070,,G,,F,4,146,,,15R215,,,,,,0,0,000000000,00000000000,0,0,0,1,0,0,0,0,0,0,0,0,0,0,0,6,6,2,12,0,0,0,1,18,46322,6,1,0,0,3,1,78,205,0,0,0,0,0,0,0,0,0,0,54,0,0,0,1,2,55,1,1,2,1,0,0,5,53,1,1,1,21,1,0
18,180213,2,2,1,8,5,18,15,12,1,1,0,41,1,12,481,12481,31,2008,1FTPW04568KC,1,F,T,P,W,0,4,5,6,8,K,C,0,T,FORD,F1S,CW,8,17,,2,0,1500,COF,G,,,8,329,,,,B,5361,01,E,44,0,0,000000000,00000000000,0,0,0,1,0,0,0,0,0,0,0,998,0,0,0,12,6,2,12,0,0,0,1,53,98408,6,1,0,0,3,0,67,165,0,0,0,0,0,0,0,0,0,1,8,91,0,0,1,2,55,1,1,2,1,0,0,1,50,1,1,1,20,0,1
18,180214,1,1,1,7,5,4,40,8,0,1,0,18,1,20,473,20473,30,2011,1GCHTCFE1B81,1,G,C,H,T,C,F,E,1,B,8,1,0,T,CHEV,RLT,CW,11,17,,1,0,1260,CAL,G,,,5,226,,,,B,4070,00,,44,0,0,000000000,00000000000,0,0,0,1,0,0,0,0,0,0,0,998,0,0,0,12,6,2,8,0,0,0,1,18,46755,6,1,6,0,3,1,67,165,0,0,0,0,0,0,0,0,0,0,0,0,0,0,1,2,55,1,1,2,2,0,0,1,80,1,1,1,13,0,0
18,180215,1,2,1,4,5,1,20,12,1,1,0,18,2,37,706,37706,80,2006,JH2SC570X6M2,J,H,2,S,C,5,7,0,X,6,M,2,0,M,HOND,CBS,RC,6,17,,,,,,,998,,4,,4,388,,,,,,,0,0,000000000,00000000000,0,0,0,1,0,0,0,0,0,0,0,998,0,0,0,12,6,2,12,0,0,0,1,18,46219,1,1,0,0,2,2,73,190,0,1,0,0,3,1,2011,12,2011,1,8,27,74,0,3,4,50,2,3,2,1,0,0,16,51,1,1,1,24,1,0
18,180215,2,2,1,4,5,1,20,12,1,1,0,17,3,86,881,86881,66,2012,1M1AW02YXCM0,1,M,1,A,W,0,2,Y,X,C,M,0,1,T,MACK,CXU,TR,12,17,,8,0,0,600,D,,,6,659,,,,,00000,00,,64,1,57,000238954,57000238954,3,6,2,1,0,0,0,0,0,0,0,998,0,0,0,6,4,1,12,0,0,0,1,18,46237,6,1,6,0,3,1,69,180,0,0,0,0,0,0,0,0,0,0,0,0,0,0,3,4,50,1,3,2,1,0,0,1,53,1,1,1,25,0,0
18,180216,1,1,2,9,5,17,10,42,0,1,0,18,2,37,31,37031,4,2006,1HGFA16886L0,1,H,G,F,A,1,6,8,8,6,L,0,0,P,HOND,UAX,4D,6,17,2804,,0,1063,,G,,F,4,110,,,16R205,,,,,,0,0,000000000,00000000000,0,0,0,1,0,0,0,0,0,0,0,998,0,1,5,1,6,2,42,0,0,0,1,18,46619,1,2,0,0,2,2,61,112,1,2,0,0,0,2,2012,4,2012,1,74,0,0,0,1,2,40,1,2,2,1,0,0,1,8,1,2,4,2,1,0
18,180217,1,1,1,5,5,2,7,53,0,1,0,18,1,7,26,7026,4,2008,1B3LC76M38N5,1,B,3,L,C,7,6,M,3,8,N,5,0,P,DODG,ART,4D,8,17,3568,,0,1089,,G,,F,6,214,,,18R215,,,,,,0,0,000000000,00000000000,0,0,0,1,0,0,0,0,0,0,0,998,0,0,0,12,6,2,42,0,0,0,1,18,46795,6,1,0,0,3,0,73,180,0,0,0,1,1,7,2011,7,2011,1,0,0,0,0,1,2,55,1,3,2,1,0,0,1,13,1,1,4,1,1,1
18,180218,1,1,1,13,5,6,0,5,0,1,0,18,2,72,706,72706,80,1993,1HD1GDL19PY3,1,H,D,1,G,D,L,1,9,P,Y,3,0,M,HD,FDL,RS,93,17,,,,,,,1340,,2,,4,598,,,,,,,0,0,000000000,00000000000,0,0,0,1,0,0,0,0,0,0,0,998,0,0,0,0,6,2,5,0,0,0,1,18,46798,6,1,0,0,2,1,66,215,0,2,1,0,4,5,2009,10,2011,1,0,0,0,0,2,3,40,2,2,2,1,0,0,14,98,3,1,4,0,1,1