STATE,ST_CASE,VEH_NO,VE_FORMS,NUMOCCS,DAY,MONTH,HOUR,MINUTE,HARM_EV,MAN_COLL,UNITTYPE,HIT_RUN,REG_STAT,OWNER,MAKE,MODEL,MAK_MOD,BODY_TYP,MOD_YEAR,VIN,VIN_1,VIN_2,VIN_3,VIN_4,VIN_5,VIN_6,VIN_7,VIN_8,VIN_9,VIN_10,VIN_11,VIN_12,TOW_VEH,VINTYPE,VINMAKE,VINA_MOD,VIN_BT,VINMODYR,VIN_LNGT,VIN_WGT,WGTCD_TR,WHLBS_LG,WHLBS_SH,SER_TR,FUELCODE,MCYCL_DS,CARBUR,CYLINDER,DISPLACE,MCYCL_CY,MCYCL_WT,TIRE_SZE,TON_RAT,TRK_WT,TRKWTVAR,VIN_REST,WHLDRWHL,J_KNIFE,MCARR_I1,MCARR_I2,MCARR_ID,GVWR,V_CONFIG,CARGO_BT,HAZ_INV,HAZ_PLAC,HAZ_ID,HAZ_CNO,HAZ_REL,BUS_USE,SPEC_USE,EMER_USE,TRAV_SP,UNDERIDE,ROLLOVER,ROLINLOC,IMPACT1,DEFORMED,TOWED,M_HARM,VEH_SC1,VEH_SC2,FIRE_EXP,DR_PRES,L_STATE,DR_ZIP,L_STATUS,L_TYPE,CDL_STAT,L_ENDORS,L_COMPL,L_RESTRI,DR_HGT,DR_WGT,PREV_ACC,PREV_SUS,PREV_DWI,PREV_SPD,PREV_OTH,FIRST_MO,FIRST_YR,LAST_MO,LAST_YR,SPEEDREL,DR_SF1,DR_SF2,DR_SF3,DR_SF4,VTRAFWAY,VNUM_LAN,VSPD_LIM,VALIGN,VPROFILE,VPAVETYP,VSURCOND,VTRAFCON,VTCONT_F,P_CRASH1,P_CRASH2,P_CRASH3,PCRASH4,PCRASH5,ACC_TYPE,DEATHS,DR_DRINK
18,180251,1,2,2,25,5,14,37,12,6,1,0,18,1,2,403,2403,14,2001,1J4FA49S01P3,1,J,4,F,A,4,9,S,0,1,P,3,0,T,JEEP,SPW,2W,1,17,,1,0,934,W/T,G,,,6,244,,,,,3207,00,E,44,0,0,000000000,00000000000,0,0,0,1,0,0,0,0,0,0,0,998,0,0,0,12,6,2,12,0,0,0,1,18,46259,6,1,0,0,3,1,66,165,0,0,0,0,0,0,0,0,0,0,0,0,0,0,1,2,35,1,1,2,1,4,3,1,66,1,1,1,88,0,1
18,180251,2,2,2,25,5,14,37,12,6,1,0,18,1,13,13,13013,4,2010,3LNHL2GCXAR6,3,L,N,H,L,2,G,C,X,A,R,6,0,P,LINC,MKZ,4D,10,17,3469,,0,1074,,G,,F,6,214,,,17R225,,,,,,0,0,000000000,00000000000,0,0,0,1,0,0,0,0,0,0,0,998,0,0,0,9,6,2,12,0,0,0,1,18,46142,6,1,0,0,3,1,72,185,0,0,0,0,0,0,0,0,0,0,39,0,0,0,1,2,35,1,1,2,1,20,3,1,17,1,1,1,89,1,0
18,180252,1,1,1,26,5,18,26,1,0,1,0,18,1,2,403,2403,14,2004,1J4FA69S04P7,1,J,4,F,A,6,9,S,0,4,P,7,0,T,JEEP,WRB,2W,4,17,,1,0,934,W/T,G,,,6,244,,,,,3620,00,E,44,0,0,000000000,00000000000,0,0,0,1,0,0,0,0,0,0,0,998,0,2,5,0,6,2,1,0,0,0,1,18,47240,6,1,0,0,3,0,72,180,0,0,0,0,0,0,0,0,0,0,58,35,0,0,1,2,55,1,1,2,1,0,0,6,12,3,2,4,7,1,1
18,180253,1,1,2,24,5,16,20,18,0,1,0,10,1,72,706,72706,80,1996,1HD1FBR13TY6,1,H,D,1,F,B,R,1,3,T,Y,6,0,M,HD,LRI,RS,96,17,,,,,,,1340,,2,,4,692,,,,,,,0,0,000000000,00000000000,0,0,0,1,0,0,0,0,0,0,0,998,0,0,0,12,6,2,18,0,0,0,1,10,19940,3,1,0,0,2,0,67,260,0,0,0,0,0,0,0,0,0,0,0,0,0,0,3,3,55,1,1,1,1,0,0,1,90,1,1,1,15,1,0
18,180254,1,1,2,29,5,17,54,33,0,1,0,18,2,20,431,20431,16,2001,3GNEC16T31G2,3,G,N,E,C,1,6,T,3,1,G,2,0,P,CHEV,C15,UT,1,17,4914,,0,1300,,G,,F,8,325,,,16R245,,,,,,0,0,000000000,00000000000,0,0,0,1,0,0,0,0,0,0,0,998,0,1,1,12,6,2,1,0,0,0,1,18,46226,0,0,0,0,0,0,999,999,0,0,0,0,0,0,0,0,0,1,8,58,91,0,1,2,30,2,1,2,1,0,0,14,8,3,1,4,1,1,0
18,180255,1,2,2,25,5,19,48,12,1,1,0,18,2,22,20,22020,4,2007,2G2WP5525712,2,G,2,W,P,5,5,2,5,7,1,2,0,P,PONT,GRA,4D,7,17,3477,,0,1105,,G,,F,6,232,,,16R225,,,,,,0,0,000000000,00000000000,0,0,0,1,0,0,0,0,0,0,0,998,0,0,0,12,6,2,12,0,0,0,1,18,46781,6,1,0,0,3,0,52,61,0,0,0,0,0,0,0,0,0,0,0,0,0,0,1,2,55,1,1,2,1,0,0,1,50,1,1,1,20,0,0
18,180255,2,2,2,25,5,19,48,12,1,1,0,18,1,12,481,12481,31,1998,1FTZF1766WNA,1,F,T,Z,F,1,7,6,6,W,N,A,0,T,FORD,F15,PK,98,17,,1,1390,1200,COF,G,,,8,281,,,,B,3800,02,E,42,0,0,000000000,00000000000,0,0,0,1,0,0,0,0,0,0,0,0,0,0,0,6,6,2,12,0,0,0,1,18,47348,6,1,0,0,3,0,73,285,0,0,0,1,0,1,2010,1,2010,0,0,0,0,0,1,2,55,1,1,2,1,0,0,1,53,1,1,1,21,1,0
18,180256,1,1,1,30,5,16,31,9,0,1,0,18,2,7,43,7043,4,1999,1B3EJ46X1XN6,1,B,3,E,J,4,6,X,1,X,N,6,0,P,DODG,STR,4D,99,17,2857,,0,1080,,G,,F,4,148,,,14R195,,,,,,0,0,000000000,00000000000,0,0,0,1,0,0,0,0,0,0,0,998,0,0,0,12,2,3,9,0,0,0,1,18,47711,6,1,0,0,3,0,65,250,0,0,0,0,0,0,0,0,0,0,0,0,0,0,2,3,35,1,1,1,1,0,0,1,83,1,1,1,13,0,0
18,180257,1,2,1,3,6,3,15,12,1,1,1,99,9,99,999,99999,99,9999,999999999999,9,9,9,9,9,9,9,9,9,9,9,9,0,,,,,,,,,,,,,,,,,,,,,,,,,0,0,000000000,00000000000,0,0,0,1,0,0,0,0,0,0,0,998,0,0,0,12,9,1,12,0,0,0,1,99,99999,9,9,99,9,9,9,999,999,99,99,99,99,99,99,9999,99,9999,0,8,0,0,0,1,4,99,1,1,2,1,1,3,1,50,1,1,1,20,0,0
18,180257,2,2,1,3,6,3,15,12,1,1,0,18,2,50,709,50709,80,2007,SMTD00NSX7J2,S,M,T,D,0,0,N,S,X,7,J,2,0,M,TRUM,DA5,RC,7,17,,,,,,,675,,3,,4,363,,,,,,,0,0,000000000,00000000000,0,0,0,1,0,0,0,0,0,0,0,0,0,0,0,6,6,2,12,0,0,0,1,18,46311,1,1,0,0,2,0,69,200,0,1,0,0,4,4,2011,12,2011,0,0,0,0,0,1,4,99,1,1,2,1,1,3,5,53,1,1,1,21,1,1
18,180258,1,2,4,8,4,0,48,8,0,1,0,21,1,12,481,12481,31,2007,1FTPW14V27FB,1,F,T,P,W,1,4,V,2,7,F,B,0,T,FORD,F1S,CW,7,17,,2,0,1390,COF,F,,,8,329,,,,B,5476,01,E,44,0,0,000000000,00000000000,0,0,0,1,0,0,0,0,0,0,0,998,0,0,0,12,2,1,8,0,0,0,1,21,42629,6,1,0,0,3,0,63,170,0,0,0,0,0,0,0,0,0,0,0,0,0,0,3,3,55,1,1,2,1,0,0,1,83,7,1,1,13,0,0
18,180258,2,2,1,8,4,0,48,8,0,1,0,18,1,6,43,6043,4,2006,1C3EL46X66N1,1,C,3,E,L,4,6,X,6,6,N,1,0,P,CHRY,SEB,4D,6,17,3041,,0,1060,,G,,F,4,146,,,16R205,,,,,,0,0,000000000,00000000000,0,0,0,1,0,0,0,0,0,0,0,998,0,0,0,12,2,1,8,0,0,0,1,18,46158,6,1,0,0,3,0,73,182,0,0,0,0,0,0,0,0,0,0,0,0,0,0,3,3,55,1,1,2,1,0,0,1,83,1,1,1,98,0,0
18,180259,1,2,1,20,4,7,25,12,6,1,0,21,1,87,881,87881,66,2001,1XP5DR9X51D5,1,X,P,5,D,R,9,X,5,1,D,5,1,T,PTRB,379,TR,1,17,,8,0,0,CON,D,,,6,774,,,,,00000,00,,64,1,57,113529,57113529,3,6,3,1,0,0,0,0,0,0,0,998,0,0,0,63,2,1,12,0,0,0,1,21,42303,6,1,6,1,3,1,72,175,0,0,0,0,0,0,0,0,0,0,0,0,0,0,1,2,50,1,1,2,1,1,3,11,15,1,1,1,82,0,0
18,180259,2,2,1,20,4,7,25,12,6,1,0,18,1,7,442,7442,20,1997,2B4GP4531VR2,2,B,4,G,P,4,5,3,1,V,R,2,0,P,DODG,CAR,SV,97,17,3647,,0,1133,,G,,F,6,181,,,15R215,,,,,,0,0,000000000,00000000000,0,0,0,1,0,0,0,0,0,0,0,998,0,0,0,12,6,2,12,0,0,0,1,18,47635,6,1,0,0,3,1,62,320,0,0,0,0,0,0,0,0,0,0,38,0,0,0,1,2,50,1,1,2,1,1,3,1,67,1,1,1,83,1,0
18,180260,1,2,1,2,6,12,17,12,6,1,0,17,1,12,471,12471,30,1994,1FTCR14X8RPA,1,F,T,C,R,1,4,X,8,R,P,A,0,T,FORD,RNS,PC,94,17,,1,0,1250,RNG,G,,,6,245,,,,B,3208,00,A,42,0,0,000000000,00000000000,0,0,0,1,0,0,0,0,0,0,0,998,0,0,0,12,6,2,12,0,0,0,1,17,62439,6,1,0,0,3,0,74,210,0,0,0,0,0,0,0,0,0,0,0,0,0,0,5,3,55,1,1,2,1,4,3,1,67,6,1,1,83,0,0
18,180260,2,2,3,2,6,12,17,12,6,1,0,17,1,22,22,22022,4,2006,1G2ZG5581641,1,G,2,Z,G,5,5,8,1,6,4,1,0,P,PONT,GS1,4D,6,17,3419,,0,1123,,G,,F,6,214,,,16R215,,,,,,0,0,000000000,00000000000,0,0,0,1,0,0,0,0,0,0,0,998,0,0,0,9,6,2,12,0,0,0,1,17,62863,6,1,0,0,3,1,66,175,0,0,0,0,0,0,0,0,0,0,38,0,0,0,5,3,55,1,1,2,1,4,3,11,15,1,1,1,82,1,0
18,180261,1,2,1,1,6,13,37,12,6,1,0,18,1,7,482,7482,31,2006,3D7KR26DX6G1,3,D,7,K,R,2,6,D,X,6,G,1,0,T,DODG,S25,PK,6,17,,2,0,1405,RPC,G,,,8,348,,,,C,5271,00,E,42,0,0,000000000,00000000000,0,0,0,1,0,0,0,0,0,0,0,998,0,0,0,12,6,2,12,0,0,0,1,18,47804,6,1,0,0,3,0,70,195,0,1,0,3,3,7,2009,3,2012,0,39,0,0,0,2,2,55,1,1,2,1,1,3,1,67,1,1,1,83,0,0
18,180261,2,2,1,1,6,13,37,12,6,1,0,18,3,23,461,23461,21,1997,1GDHG31R8V10,1,G,D,H,G,3,1,R,8,V,1,0,0,T,GMC,SCT,YY,97,17,,2,1770,1390,STV,G,,,8,350,,,,D,00000,00,A,42,0,0,000000000,00000000000,0,0,0,1,0,0,0,0,0,0,0,998,0,0,0,9,6,2,12,0,0,0,1,18,47421,6,1,0,0,3,0,70,124,0,0,0,0,1,7,2010,7,2010,0,0,0,0,0,2,2,55,1,1,2,1,1,3,11,15,1,1,1,82,1,0
18,180262,1,2,1,2,6,20,19,12,6,1,0,18,2,35,43,35043,4,1994,1N4EB31P3RC7,1,N,4,E,B,3,1,P,3,R,C,7,0,P,NISS,SEL,4D,94,17,2346,,0,957,,G,,F,4,098,,,13R185,,,,,,0,0,000000000,00000000000,0,0,0,1,0,0,0,0,0,0,0,998,0,0,0,12,6,2,12,0,0,0,1,18,47025,1,7,0,0,2,0,67,140,0,0,0,0,0,0,0,0,0,1,23,0,0,0,6,2,45,1,1,2,2,0,0,1,17,1,1,1,88,1,1
18,180262,2,2,3,2,6,20,19,12,6,1,0,48,1,20,422,20422,15,2010,1GNZKMEG9AR1,1,G,N,Z,K,M,E,G,9,A,R,1,0,P,CHEV,K25,UT,10,17,6327,,0,1300,,F,,F,8,366,,,17R265,,,,,,0,0,000000000,00000000000,0,0,0,1,0,0,0,0,0,0,0,998,0,0,0,9,6,2,12,0,0,0,1,48,76310,6,1,0,0,3,0,999,999,0,0,0,0,0,0,0,0,0,0,0,0,0,0,1,2,45,1,3,2,2,0,0,1,66,1,1,1,89,0,0
18,180263,1,2,2,1,6,23,58,12,8,1,0,18,1,22,20,22020,4,2004,2G2WS5224412,2,G,2,W,S,5,2,2,4,4,1,2,0,P,PONT,GP2,4D,4,17,3484,,0,1105,,G,,F,6,231,,,16R225,,,,,,0,0,000000000,00000000000,0,0,0,1,0,0,0,0,0,0,0,998,0,0,0,62,6,2,30,0,0,0,1,18,47909,6,1,0,0,3,1,62,120,0,0,0,0,1,11,2011,11,2011,0,12,28,0,0,1,2,55,1,1,2,1,28,3,1,10,1,1,3,66,1,0
18,180263,2,2,1,1,6,23,58,12,8,1,0,18,3,82,881,82881,66,2005,1FUJA6CV65LN,1,F,U,J,A,6,C,V,6,5,L,N,1,T,FRHT,COL,TR,5,17,,8,0,0,CON,D,,,6,782,,,,,00000,00,,64,1,57,000911759,57000911759,3,6,1,1,0,0,0,0,0,0,0,998,0,0,0,63,2,1,12,0,0,0,1,18,47905,6,1,6,1,3,1,71,297,0,0,0,0,0,0,0,0,0,0,0,0,0,0,1,2,55,1,1,2,1,28,3,1,62,7,1,2,66,0,0
18,180264,1,2,2,4,6,15,30,12,6,1,0,18,1,7,482,7482,31,2004,1D7HU18NX4J1,1,D,7,H,U,1,8,N,X,4,J,1,0,T,DODG,SQ1,CW,4,17,,2,1605,1405,RPC,G,,,8,287,,,,B,5043,02,E,44,0,0,000000000,00000000000,0,0,0,1,0,0,0,0,0,0,0,998,0,0,0,12,6,2,12,0,0,0,1,18,47374,6,1,0,0,3,1,62,135,0,0,0,0,0,0,0,0,0,0,38,0,0,0,5,4,55,1,1,2,1,1,3,1,17,6,1,1,88,0,0
18,180264,2,2,1,4,6,15,30,12,6,1,0,18,1,7,20,7020,4,2000,1B3ES46C2YD5,1,B,3,E,S,4,6,C,2,Y,D,5,0,P,DODG,NSE,4D,0,17,2515,,0,1050,,G,,F,4,122,,,14R185,,,,,,0,0,000000000,00000000000,0,0,0,1,0,0,0,0,0,0,0,998,0,0,0,9,6,2,12,0,0,0,1,18,47374,6,1,0,0,3,0,66,185,0,0,0,0,1,3,2012,3,2012,0,38,0,0,0,5,4,55,1,1,2,1,1,3,1,66,1,1,1,89,1,0
18,180265,1,1,2,3,6,11,43,1,0,1,0,18,1,72,706,72706,80,2006,1HD1FCW176Y6,1,H,D,1,F,C,W,1,7,6,Y,6,0,M,HD,FLU,RS,6,17,,,,,,,1450,,2,,4,788,,,,,,,0,0,000000000,00000000000,0,0,0,1,0,0,0,0,0,0,0,998,0,0,0,0,6,2,24,0,0,0,1,18,47567,6,1,5,0,3,1,70,220,0,0,0,0,0,0,0,0,0,0,0,0,0,0,1,2,55,1,1,2,1,28,3,1,8,3,1,1,98,1,0
18,180266,1,2,1,3,6,4,32,12,2,1,0,26,2,23,481,23481,31,2011,1GTR2VE31BZ2,1,G,T,R,2,V,E,3,1,B,Z,2,0,T,GMC,1NK,4C,11,17,,2,1575,1435,SIE,F,,,8,323,,,,B,5286,02,S,44,0,0,000000000,00000000000,0,0,0,1,0,0,0,0,0,0,0,998,0,0,0,12,6,2,12,0,0,0,1,26,49064,6,1,0,0,3,0,65,130,1,0,0,0,0,3,2011,3,2011,0,28,0,0,0,1,2,45,2,2,2,1,0,0,14,10,1,1,1,50,1,1
18,180266,2,2,1,3,6,4,32,12,2,1,0,39,3,87,881,87881,66,2007,1XPGDU9X37N7,1,X,P,G,D,U,9,X,3,7,N,7,1,T,PTRB,385,TR,7,17,,8,0,0,CON,D,,,6,763,,,,,00000,00,,64,1,57,000469756,57000469756,3,6,2,2,2,1203,3,1,0,0,0,998,0,0,0,12,6,2,12,0,0,1,1,26,49038,6,1,6,1,3,0,71,190,0,0,0,0,0,0,0,0,0,0,0,0,0,0,1,2,45,3,2,2,1,0,0,14,62,8,1,2,51,0,0
18,180267,1,1,1,3,6,1,32,34,0,1,0,18,2,23,481,23481,31,1989,1GTGK24K3KE5,1,G,T,G,K,2,4,K,3,K,E,5,0,T,GMC,SK2,PK,89,17,,2,0,1315,SIE,G,,,8,350,,,,C,4699,05,A,44,0,0,000000000,00000000000,0,0,0,1,0,0,0,0,0,0,0,998,0,0,0,14,6,2,38,0,0,0,1,18,47272,2,1,0,0,2,2,65,170,0,0,0,0,0,0,0,0,0,0,74,0,0,0,1,2,55,1,1,2,1,0,0,1,13,1,1,4,1,1,1
18,180268,1,1,1,3,6,23,39,32,0,1,1,18,1,12,481,12481,31,1972,F10HLN20367,F,1,0,H,L,N,2,0,3,6,7,,0,T,FORD,F10,PK,72,11,,1,1590,1150,COF,G,,,8,390,,,,B,,,,42,0,0,000000000,00000000000,0,0,0,1,0,0,0,0,0,0,0,998,0,1,5,1,6,2,1,0,0,0,1,18,47834,6,1,0,0,3,0,68,180,0,0,0,0,0,0,0,0,0,0,0,0,0,0,1,2,55,1,1,2,1,0,0,1,13,1,1,4,1,1,1
18,180269,1,1,2,6,6,4,51,38,0,1,0,18,2,20,403,20403,14,2003,1GNET16P3361,1,G,N,E,T,1,6,P,3,3,6,1,0,P,CHEV,TRL,UT,3,17,5020,,0,1290,,G,,F,8,325,,,17R245,,,,,,0,0,000000000,00000000000,0,0,0,1,0,0,0,0,0,0,0,998,0,1,5,12,6,2,1,0,0,0,1,18,46947,0,0,0,0,0,0,999,999,99,99,99,99,99,99,9999,99,9999,0,58,83,0,0,1,2,55,1,1,2,1,0,0,17,87,6,2,4,2,1,1
18,180270,1,1,2,2,6,14,0,34,0,1,0,18,2,18,5,18005,2,1997,1G4GD2213V47,1,G,4,G,D,2,2,1,3,V,4,7,0,P,BUIC,RIV,CP,97,17,3720,,0,1138,,G,,Z,6,231,,,16R225,,,,,,0,0,000000000,00000000000,0,0,0,1,0,0,0,0,0,0,0,100,0,1,5,14,6,2,1,0,0,0,1,18,47834,6,2,0,0,3,0,69,155,0,0,0,0,0,0,0,0,0,1,58,8,0,0,1,2,35,1,2,2,1,0,0,1,6,7,2,4,7,1,1
18,180271,1,1,1,7,6,5,50,9,0,1,0,18,2,12,17,12017,4,2003,1FAFP53U83A2,1,F,A,F,P,5,3,U,8,3,A,2,0,P,FORD,TSE,4D,3,17,3336,,0,1085,,G,,F,6,182,,,16R215,,,,,,0,0,000000000,00000000000,0,0,0,1,0,0,0,0,0,0,0,998,0,0,0,12,6,2,9,0,0,0,1,18,46517,6,1,0,0,3,0,74,190,0,2,0,0,1,6,2010,11,2010,0,28,0,0,0,1,2,45,1,1,2,1,28,3,1,83,1,1,2,13,0,0
18,180272,1,2,1,29,5,7,0,12,6,1,0,18,1,20,16,20016,4,1986,1G1JD69P4GJ2,1,G,1,J,D,6,9,P,4,G,J,2,0,P,CHEV,CCS,4D,86,17,2290,,0,1012,,G,,F,4,121,,,13R175,,,,,,0,0,000000000,00000000000,0,0,0,1,0,0,0,0,0,0,0,998,0,0,0,9,6,2,12,0,0,0,1,18,47591,6,1,0,0,3,1,71,210,0,0,0,0,0,0,0,0,0,0,38,39,0,0,1,2,45,1,1,2,2,0,0,1,17,1,1,1,89,1,0
18,180272,2,2,1,29,5,7,0,12,6,1,0,18,2,63,35,63035,4,2008,KNALD1254851,K,N,A,L,D,1,2,5,4,8,5,1,0,P,KIA,AMA,4D,8,17,3770,,0,1102,,G,,F,6,232,,,16R225,,,,,,0,0,000000000,00000000000,0,0,0,1,0,0,0,0,0,0,0,998,0,0,0,12,6,2,12,0,0,0,1,18,47591,6,1,0,0,3,1,74,245,0,0,0,0,0,0,0,0,0,0,0,0,0,0,2,4,60,1,1,2,2,0,0,1,66,1,1,1,88,0,0
18,180273,1,1,1,7,6,3,16,42,0,1,0,18,1,37,705,37705,80,2003,JH2PC37043M0,J,H,2,P,C,3,7,0,4,3,M,0,0,M,HOND,B60,RC,3,17,,,,,,,599,,4,,4,370,,,,,,,0,0,000000000,00000000000,0,0,0,1,0,0,0,0,0,0,0,998,0,0,0,12,6,2,42,0,0,0,1,18,46304,6,1,6,0,3,0,78,220,0,0,0,1,1,5,2011,5,2011,1,8,37,0,0,1,2,35,4,1,2,1,28,3,14,13,1,1,4,1,1,1
18,180274,1,1,1,7,6,23,20,11,0,1,0,18,1,72,706,72706,80,2006,1HD1GP1136K3,1,H,D,1,G,P,1,1,3,6,K,3,0,M,HD,WGI,RS,6,17,,,,,,,1450,,2,,4,0000,,,,,,,0,0,000000000,00000000000,0,0,0,1,0,0,0,0,0,0,0,998,0,0,0,12,6,2,11,32,0,0,1,18,46845,6,1,0,0,3,1,69,230,0,0,0,0,0,0,0,0,0,0,0,0,0,0,2,4,70,1,3,1,1,0,0,1,87,3,1,1,13,1,0
18,180275,1,2,1,27,5,12,35,12,2,1,0,18,1,21,20,21020,4,1995,1G3AJ55M8S63,1,G,3,A,J,5,5,M,8,S,6,3,0,P,OLDS,CRL,4D,95,17,2733,,0,1049,,G,,F,6,191,,,14R185,,,,,,0,0,000000000,00000000000,0,0,0,1,0,0,0,0,0,0,0,998,0,0,0,12,6,2,12,0,0,0,1,18,46234,6,1,0,0,3,0,60,125,0,0,0,0,0,0,0,0,0,0,28,0,0,0,1,2,40,1,1,2,1,0,0,1,10,1,1,2,50,1,0
18,180275,2,2,2,27,5,12,35,12,2,1,0,18,1,55,402,55402,14,2011,KM8JUCAC9BU1,K,M,8,J,U,C,A,C,9,B,U,1,0,P,HYUN,TUC,UT,11,17,3366,,0,1039,,G,,F,4,144,,,18R225,,,,,,0,0,000000000,00000000000,0,0,0,1,0,0,0,0,0,0,0,998,0,0,0,12,6,2,12,0,0,0,1,18,46254,6,1,0,0,3,2,62,97,0,0,0,0,0,0,0,0,0,0,74,0,0,0,1,2,40,1,1,2,1,0,0,1,62,1,1,1,51,0,0
18,180276,1,1,1,5,6,9,44,35,0,1,0,18,1,20,481,20481,31,1998,2GCEK19R8W11,2,G,C,E,K,1,9,R,8,W,1,1,0,T,CHEV,GK1,PC,98,17,,2,1555,1415,GM4,G,,,8,350,,,,B,00000,00,,44,0,0,000000000,00000000000,0,0,0,1,0,0,0,0,0,0,0,998,0,1,5,1,6,2,1,0,0,0,1,18,47611,6,1,0,0,3,0,69,167,0,0,0,0,0,0,0,0,0,0,0,0,0,0,1,2,35,1,1,2,1,0,0,1,13,1,1,4,1,1,0
18,180277,1,2,1,11,6,15,30,11,0,1,0,18,1,72,706,72706,80,2003,1HD1GHV163K3,1,H,D,1,G,H,V,1,6,3,K,3,0,M,HD,FDX,RS,3,17,,,,,,,1450,,2,,4,612,,,,,,,0,0,000000000,00000000000,0,0,0,1,0,0,0,0,0,0,0,998,0,0,0,12,6,2,12,0,0,0,1,18,46984,6,1,0,0,3,0,72,160,0,0,0,0,0,0,0,0,0,0,83,0,0,0,2,4,55,3,2,2,1,0,0,14,87,8,1,1,13,1,0
18,180277,2,2,1,11,6,15,30,11,0,1,0,55,1,20,22,20022,4,2008,1G1AL58F2871,1,G,1,A,L,5,8,F,2,8,7,1,0,P,CHEV,BLT,4D,8,17,3216,,0,1033,,G,,F,4,134,,,15R195,,,,,,0,0,000000000,00000000000,0,0,0,1,0,0,0,0,0,0,0,998,0,0,0,12,4,1,12,0,0,0,1,55,53545,1,1,0,0,2,2,61,105,3,0,0,1,1,12,2009,8,2011,0,83,84,89,74,2,4,55,3,2,2,1,0,0,14,87,8,2,1,98,0,0
18,180278,1,1,1,11,6,12,20,1,0,1,0,18,1,58,35,58035,4,2001,JNKCA31A41T0,J,N,K,C,A,3,1,A,4,1,T,0,0,P,INFI,I30,4D,1,17,3227,,0,1063,,G,,F,6,182,,,16R215,,,,,,0,0,000000000,00000000000,0,0,0,1,0,0,0,0,0,0,0,998,0,1,5,0,6,2,1,0,0,0,1,18,47977,6,1,0,0,3,1,67,145,0,0,0,0,0,0,0,0,0,0,27,0,0,0,3,3,70,1,1,2,1,0,0,15,13,1,2,4,2,1,0
18,180279,1,1,1,7,6,2,41,38,0,1,0,18,2,2,404,2404,14,1998,1J4GZ48S7WC2,1,J,4,G,Z,4,8,S,7,W,C,2,0,T,JEEP,LSE,4W,98,17,,1,0,1059,GCK,G,,,6,242,,,,,3708,01,E,44,0,0,000000000,00000000000,0,0,0,1,0,0,0,0,0,0,0,998,0,1,1,12,6,2,1,0,0,0,1,18,46181,6,1,0,0,3,0,68,160,0,0,0,0,0,0,0,0,0,0,0,0,0,0,1,2,55,1,1,2,1,0,0,1,12,1,1,4,6,1,1
18,180280,1,2,2,4,6,15,51,12,2,1,0,18,1,18,7,18007,4,2000,2G4WS52J4Y13,2,G,4,W,S,5,2,J,4,Y,1,3,0,P,BUIC,CCU,4D,0,17,3368,,0,1090,,G,,F,6,191,,,15R205,,,,,,0,0,000000000,00000000000,0,0,0,1,0,0,0,0,0,0,0,998,0,0,0,12,6,2,12,32,0,0,1,18,46070,6,1,0,0,3,0,75,260,0,0,0,2,0,7,2010,3,2011,0,28,0,0,0,1,2,55,1,1,2,1,0,0,1,10,7,1,2,50,1,0
18,180280,2,2,1,4,6,15,51,12,2,1,0,18,1,20,403,20403,14,2008,1GNDT13S1822,1,G,N,D,T,1,3,S,1,8,2,2,0,P,CHEV,TRL,UT,8,17,4523,,0,1130,,G,,F,6,256,,,17R245,,,,,,0,0,000000000,00000000000,0,0,0,1,0,0,0,0,0,0,0,998,0,0,0,12,6,2,12,0,0,0,1,18,46011,6,1,0,0,3,1,63,143,0,0,0,0,0,0,0,0,0,0,0,0,0,0,1,2,55,1,1,2,1,0,0,1,62,6,2,1,51,0,0
18,180281,1,2,4,10,6,13,49,12,6,1,0,18,2,9,442,9442,20,1997,2P4FP25B7VR3,2,P,4,F,P,2,5,B,7,V,R,3,0,P,PLYM,VOF,SV,97,17,3431,,0,1133,,G,,F,4,148,,,14R205,,,,,,0,0,000000000,00000000000,0,0,0,1,0,0,0,0,0,0,0,998,0,0,0,9,6,2,12,0,0,0,1,18,46312,0,0,0,0,0,0,999,999,0,0,0,0,0,0,0,0,0,0,38,48,0,0,1,4,35,1,1,2,1,0,0,12,98,1,1,1,98,0,0
18,180281,2,2,1,10,6,13,49,12,6,1,0,18,1,53,705,53705,80,1999,JS1GN79A6X21,J,S,1,G,N,7,9,A,6,X,2,1,0,M,SUZI,GX6,RC,99,17,,,,,,,600,,4,,4,458,,,,,,,0,0,000000000,00000000000,0,0,0,1,0,0,0,0,0,0,0,998,0,0,0,12,6,2,12,0,0,0,1,18,46320,6,1,6,0,3,2,74,174,0,0,0,0,0,0,0,0,0,1,74,0,0,0,1,4,35,1,1,2,1,0,0,1,64,1,1,1,98,1,1
18,180282,1,1,1,12,6,17,31,39,0,1,0,18,0,37,701,37701,81,2011,000000000000,0,0,0,0,0,0,0,0,0,0,0,0,0,,,,,,,,,,,,,,,,,,,,,,,,,0,0,000000000,00000000000,0,0,0,1,0,0,0,0,0,0,0,998,0,0,0,12,4,3,39,0,0,0,1,18,47421,2,1,0,0,1,0,66,150,0,0,0,0,0,0,0,0,0,0,0,0,0,0,1,2,30,3,2,2,1,0,0,14,13,1,1,4,1,1,1
18,180283,1,1,1,15,5,19,53,1,0,1,0,18,1,73,705,73705,80,1993,JKAZXDL1XPA0,J,K,A,Z,X,D,L,1,X,P,A,0,0,M,KAWK,Z7L,RC,93,17,,,,,,,750,,4,,4,430,,,,,,,0,0,000000000,00000000000,0,0,0,1,0,0,0,0,0,0,0,998,0,0,0,0,6,2,1,0,0,0,1,18,46012,6,1,5,0,3,0,72,189,0,0,0,0,0,0,0,0,0,1,0,0,0,0,1,2,30,3,1,2,1,0,0,14,98,1,1,1,98,1,0