STATE,ST_CASE,VEH_NO,VE_FORMS,NUMOCCS,DAY,MONTH,HOUR,MINUTE,HARM_EV,MAN_COLL,UNITTYPE,HIT_RUN,REG_STAT,OWNER,MAKE,MODEL,MAK_MOD,BODY_TYP,MOD_YEAR,VIN,VIN_1,VIN_2,VIN_3,VIN_4,VIN_5,VIN_6,VIN_7,VIN_8,VIN_9,VIN_10,VIN_11,VIN_12,TOW_VEH,VINTYPE,VINMAKE,VINA_MOD,VIN_BT,VINMODYR,VIN_LNGT,VIN_WGT,WGTCD_TR,WHLBS_LG,WHLBS_SH,SER_TR,FUELCODE,MCYCL_DS,CARBUR,CYLINDER,DISPLACE,MCYCL_CY,MCYCL_WT,TIRE_SZE,TON_RAT,TRK_WT,TRKWTVAR,VIN_REST,WHLDRWHL,J_KNIFE,MCARR_I1,MCARR_I2,MCARR_ID,GVWR,V_CONFIG,CARGO_BT,HAZ_INV,HAZ_PLAC,HAZ_ID,HAZ_CNO,HAZ_REL,BUS_USE,SPEC_USE,EMER_USE,TRAV_SP,UNDERIDE,ROLLOVER,ROLINLOC,IMPACT1,DEFORMED,TOWED,M_HARM,VEH_SC1,VEH_SC2,FIRE_EXP,DR_PRES,L_STATE,DR_ZIP,L_STATUS,L_TYPE,CDL_STAT,L_ENDORS,L_COMPL,L_RESTRI,DR_HGT,DR_WGT,PREV_ACC,PREV_SUS,PREV_DWI,PREV_SPD,PREV_OTH,FIRST_MO,FIRST_YR,LAST_MO,LAST_YR,SPEEDREL,DR_SF1,DR_SF2,DR_SF3,DR_SF4,VTRAFWAY,VNUM_LAN,VSPD_LIM,VALIGN,VPROFILE,VPAVETYP,VSURCOND,VTRAFCON,VTCONT_F,P_CRASH1,P_CRASH2,P_CRASH3,PCRASH4,PCRASH5,ACC_TYPE,DEATHS,DR_DRINK
18,180284,1,1,1,11,6,9,26,42,0,1,0,18,1,37,421,37421,15,2003,2HKYF18623H5,2,H,K,Y,F,1,8,6,2,3,H,5,0,P,HOND,PIL,UT,3,17,4439,,0,1063,,G,,F,6,212,,,16R235,,,,,,0,0,000000000,00000000000,0,0,0,1,0,0,0,0,0,0,0,998,0,0,0,12,6,2,42,0,0,0,1,18,47375,6,1,0,0,3,0,67,235,1,0,0,0,0,5,2012,5,2012,0,0,0,0,0,1,2,55,2,2,2,2,28,3,14,13,1,1,4,1,1,0
18,180285,1,2,1,12,6,8,49,12,8,1,0,18,1,55,36,55036,3,2005,KMHCG35C15U3,K,M,H,C,G,3,5,C,1,5,U,3,0,P,HYUN,AGS,2H,5,17,2280,,0,961,,G,,F,4,098,,,13R175,,,,,,0,0,000000000,00000000000,0,0,0,1,0,0,0,0,0,0,0,998,0,0,0,11,6,2,12,0,0,0,1,18,47630,6,1,0,0,3,0,71,185,0,0,0,1,0,12,2010,12,2010,0,28,0,0,0,1,2,50,1,1,2,1,28,3,6,10,1,1,2,64,1,0
18,180285,2,2,1,12,6,8,49,12,8,1,0,18,3,84,881,84881,63,2009,1HTWYSJT49J0,1,H,T,W,Y,S,J,T,4,9,J,0,0,T,INTL,760,CC,9,17,,8,0,0,70S,D,,,6,793,,,,,00000,00,,64,0,57,000789925,57000789925,3,2,4,1,0,0,0,0,0,0,0,998,0,0,0,61,6,2,12,0,0,0,1,18,47613,6,1,6,0,3,0,67,180,0,0,0,0,0,0,0,0,0,0,0,0,0,0,1,2,50,1,1,2,1,28,3,2,62,1,1,1,65,0,0
18,180286,1,1,1,13,6,21,55,8,0,1,0,18,1,12,37,12037,4,2009,1FAHP35N89W1,1,F,A,H,P,3,5,N,8,9,W,1,0,P,FORD,FSE,4D,9,17,2623,,0,1029,,G,,F,4,122,,,16R205,,,,,,0,0,000000000,00000000000,0,0,0,1,0,0,0,0,0,0,0,998,0,0,0,12,4,3,8,0,0,0,1,18,46816,6,1,0,0,3,1,72,190,0,1,0,2,1,9,2010,11,2011,0,86,85,0,0,1,2,40,1,1,2,1,0,0,1,80,1,1,1,13,0,0
18,180287,1,2,2,9,6,16,22,12,2,1,0,18,1,55,401,55401,14,2007,5NMSH73E37H0,5,N,M,S,H,7,3,E,3,7,H,0,0,P,HYUN,SAN,UT,7,17,4022,,0,1063,,G,,F,6,204,,,18R235,,,,,,0,0,000000000,00000000000,0,0,0,1,0,0,0,0,0,0,0,998,0,0,0,12,6,2,12,32,0,1,1,18,47905,6,1,0,0,3,1,72,265,0,0,0,0,0,0,0,0,0,0,28,0,0,0,1,2,50,1,1,2,1,0,0,1,10,1,1,2,50,2,0
18,180287,2,2,1,9,6,16,22,12,2,1,0,18,1,7,482,7482,31,1998,1B7MF3366WJ2,1,B,7,M,F,3,3,6,6,W,J,2,0,T,DODG,Q35,4C,98,17,,3,0,1547,RPC,D,,,6,359,,,,D,6068,00,U,44,0,0,000000000,00000000000,0,0,0,1,0,0,0,0,0,0,0,998,0,0,0,12,6,2,12,0,0,1,1,18,47981,6,1,6,0,3,0,73,250,0,0,0,0,0,0,0,0,0,0,0,0,0,0,1,2,50,1,1,2,1,0,0,1,62,1,1,1,51,0,0
18,180288,1,1,1,12,6,4,50,8,0,1,1,18,1,63,34,63034,4,2011,KNAGM4A7XB50,K,N,A,G,M,4,A,7,X,B,5,0,0,P,KIA,OLX,4D,11,17,3206,,0,1071,,G,,F,4,144,,,16R205,,,,,,0,0,000000000,00000000000,0,0,0,1,0,0,0,0,0,0,0,998,0,0,0,12,2,3,8,0,0,0,1,18,47906,6,1,0,0,3,0,72,170,0,2,0,2,2,5,2010,2,2011,0,91,0,0,0,2,4,55,2,1,2,1,0,0,14,80,1,1,1,13,0,0
18,180289,1,1,1,7,6,3,36,9,0,1,1,26,1,22,2,22002,4,2003,1G2HX52K9341,1,G,2,H,X,5,2,K,9,3,4,1,0,P,PONT,BVS,4D,3,17,3633,,0,1122,,G,,F,6,231,,,16R225,,,,,,0,0,000000000,00000000000,0,0,0,1,0,0,0,0,0,0,0,998,0,0,0,12,4,3,9,0,0,0,1,26,49130,6,1,0,0,3,1,69,144,0,0,0,1,0,5,2011,5,2011,0,27,0,0,0,3,4,55,1,1,2,1,1,3,1,83,1,1,2,13,0,0
18,180290,1,1,2,13,6,19,0,1,0,1,0,0,0,98,998,98998,97,2007,4XARH68A9723,4,X,A,R,H,6,8,A,9,7,2,3,0,M,POLS,RXP,AT,7,17,,,,,,,683,,2,,4,1185,,,,,,,0,0,000000000,00000000000,0,0,0,1,0,0,0,0,0,0,0,998,0,1,1,0,4,3,1,0,0,0,1,18,46151,0,0,0,0,1,0,999,999,0,0,0,0,0,0,0,0,0,1,79,58,0,0,1,2,45,3,2,2,1,0,0,14,6,6,2,1,98,1,0
18,180291,1,2,1,13,6,15,28,12,2,1,0,18,1,12,21,12021,4,2007,1FAFP27187G1,1,F,A,F,P,2,7,1,8,7,G,1,0,P,FORD,5AL,4D,7,17,3825,,0,1129,,G,,F,6,183,,,17R215,,,,,,0,0,000000000,00000000000,0,0,0,1,0,0,0,0,0,0,0,57,0,0,0,12,6,2,12,0,0,0,1,18,47274,6,1,0,0,3,1,69,145,0,0,0,0,0,0,0,0,0,0,28,0,0,0,1,2,55,1,1,2,1,0,0,1,10,1,1,2,50,1,0
18,180291,2,2,1,13,6,15,28,12,2,1,0,18,1,20,473,20473,30,2007,1GCCS13E3781,1,G,C,C,S,1,3,E,3,7,8,1,0,T,CHEV,RDO,CW,7,17,,1,0,1260,CAL,G,,,5,226,,,,,3684,01,,42,0,0,000000000,00000000000,0,0,0,1,0,0,0,0,0,0,0,998,0,0,0,12,6,2,12,0,0,0,1,18,47102,6,1,0,0,3,0,60,109,0,0,0,0,0,0,0,0,0,0,0,0,0,0,1,2,55,1,1,2,1,0,0,1,62,1,1,1,51,1,0
18,180292,1,2,1,15,6,13,41,12,6,1,0,18,2,52,37,52037,3,2008,4A3AK24F38E0,4,A,3,A,K,2,4,F,3,8,E,0,0,P,MITS,EGS,2H,8,17,3274,,0,1014,,G,,F,4,145,,,17R225,,,,,,0,0,000000000,00000000000,0,0,0,1,0,0,0,0,0,0,0,998,0,0,0,9,6,2,12,0,0,0,1,18,46038,6,2,0,0,3,0,70,120,0,0,0,0,0,0,0,0,0,0,28,58,0,0,1,2,55,1,1,2,1,0,0,1,10,1,1,1,64,1,0
18,180292,2,2,2,15,6,13,41,12,6,1,0,18,2,20,471,20471,30,2003,1GCDT13X13K1,1,G,C,D,T,1,3,X,1,3,K,1,0,T,CHEV,S14,CW,3,17,,1,0,1229,S,G,,,6,262,,,,B,4039,00,,44,0,0,000000000,00000000000,0,0,0,1,0,0,0,0,0,0,0,998,0,0,0,12,6,2,12,0,0,0,1,18,46052,6,1,0,0,3,0,67,140,0,0,0,0,0,0,0,0,0,0,0,0,0,0,1,2,55,1,1,2,1,0,0,1,62,1,1,1,65,0,0
18,180293,1,1,1,16,6,3,10,25,0,1,0,18,2,12,401,12401,14,2003,1FMZU72K33ZA,1,F,M,Z,U,7,2,K,3,3,Z,A,0,P,FORD,EPR,UT,3,17,4094,,0,1137,,F,,F,6,245,,,16R235,,,,,,0,0,000000000,00000000000,0,0,0,1,0,0,0,0,0,0,0,998,0,1,4,12,6,2,1,0,0,0,1,18,46231,1,1,0,0,2,0,67,225,0,4,0,0,2,6,2009,9,2011,0,58,30,0,0,3,3,55,1,1,2,1,0,0,1,98,6,1,4,98,1,0
18,180294,1,1,2,26,5,15,57,1,0,1,0,18,2,20,22,20022,2,2006,1G1AL15F9678,1,G,1,A,L,1,5,F,9,6,7,8,0,P,CHEV,BLT,CP,6,17,2991,,0,1033,,G,,F,4,134,,,15R195,,,,,,0,0,000000000,00000000000,0,0,0,1,0,0,0,0,0,0,0,998,0,2,3,0,6,2,1,0,0,0,1,18,47842,6,1,0,0,3,0,65,130,0,0,0,0,0,0,0,0,0,0,58,0,0,0,2,4,55,1,1,2,1,0,0,1,12,1,2,4,7,1,0
18,180295,1,1,1,13,6,9,36,53,0,1,0,18,2,20,16,20016,4,2004,1G1JF52F7472,1,G,1,J,F,5,2,F,7,4,7,2,0,P,CHEV,CAS,4D,4,17,2676,,0,1041,,G,,F,4,134,,,15R195,,,,,,0,0,000000000,00000000000,0,0,0,1,0,0,0,0,0,0,0,998,0,0,0,12,6,2,42,0,0,1,1,18,47230,6,1,0,0,3,0,72,176,0,0,0,0,0,0,0,0,0,0,0,0,0,0,1,2,55,1,1,2,1,0,0,3,13,1,1,4,1,1,0
18,180296,1,2,1,18,6,22,9,12,6,1,0,18,1,22,18,22018,2,1999,1G2NE12E6XM8,1,G,2,N,E,1,2,E,6,X,M,8,0,P,PONT,GAS,CP,99,17,3052,,0,1071,,G,,F,6,207,,,15R215,,,,,,0,0,000000000,00000000000,0,0,0,1,0,0,0,0,0,0,0,998,0,0,0,3,4,3,12,0,0,0,1,18,46147,6,1,0,0,3,0,71,198,0,0,0,0,0,0,0,0,0,0,38,0,0,0,2,3,40,1,1,1,1,1,3,11,15,1,1,1,68,0,0
18,180296,2,2,1,18,6,22,9,12,6,1,0,18,2,98,706,98706,80,2006,1H9WS2174613,1,H,9,W,S,2,1,7,4,6,1,3,0,U,,,,6,17,,,,,,,,,,,,,,,,,,,0,0,000000000,00000000000,0,0,0,1,0,0,0,0,0,0,0,998,0,0,0,12,6,2,12,0,0,0,1,18,46112,6,1,5,0,3,0,77,200,0,2,0,1,2,8,2009,7,2011,0,0,0,0,0,2,3,40,1,1,1,1,1,3,1,17,1,1,1,69,1,1
18,180297,1,1,1,19,6,16,32,19,0,1,0,18,1,12,481,12481,31,2006,1FTPW14556KB,1,F,T,P,W,1,4,5,5,6,K,B,0,T,FORD,F1S,CW,6,17,,2,1500,1390,COF,G,,,8,329,,,,B,5476,01,E,44,0,0,000000000,00000000000,0,0,0,1,0,0,0,0,0,0,0,998,0,0,0,12,2,3,19,0,0,0,1,18,46151,6,1,0,0,3,1,72,226,0,0,0,0,0,0,0,0,0,0,0,0,0,0,1,2,45,2,2,2,1,0,0,14,13,1,1,4,1,1,0
18,180298,1,2,3,9,6,21,9,12,6,1,0,18,1,20,2,20002,4,2000,2G1WH55K8Y91,2,G,1,W,H,5,5,K,8,Y,9,1,0,P,CHEV,IPL,4D,0,17,3466,,0,1110,,G,,F,6,231,,,16R225,,,,,,0,0,000000000,00000000000,0,0,0,1,0,0,0,0,0,0,0,998,0,0,0,4,6,2,12,0,0,0,1,18,46320,0,0,0,0,0,0,60,180,0,0,0,0,0,0,0,0,0,0,38,0,0,0,2,3,35,1,1,2,1,0,0,11,15,1,1,1,68,0,0
18,180298,2,2,1,9,6,21,9,12,6,1,0,18,1,73,706,73706,80,2011,JKBZXNC13BA0,J,K,B,Z,X,N,C,1,3,B,A,0,0,M,KAWK,X4C,RC,11,17,,,,,,,1352,,4,,4,567,,,,,,,0,0,000000000,00000000000,0,0,0,1,0,0,0,0,0,0,0,998,0,0,0,12,6,2,12,0,0,0,1,18,46342,6,1,0,0,3,0,71,200,0,0,0,0,0,0,0,0,0,1,0,0,0,0,2,3,35,1,1,2,1,0,0,1,17,1,1,1,69,1,0
18,180299,1,3,2,4,6,13,27,12,2,1,0,18,2,18,2,18002,4,2000,1G4HR54K8YU2,1,G,4,H,R,5,4,K,8,Y,U,2,0,P,BUIC,LLF,4D,0,17,3591,,0,1122,,G,,F,6,231,,,15R215,,,,,,0,0,000000000,00000000000,0,0,0,1,0,0,0,0,0,0,0,998,0,0,0,12,6,2,2,0,0,1,1,18,47930,6,1,0,0,3,0,61,112,0,0,0,0,0,0,0,0,0,0,28,0,0,0,1,2,55,1,1,2,1,0,0,1,10,1,1,2,50,1,0
18,180299,2,3,1,4,6,13,27,12,2,1,0,18,2,7,43,7043,4,2006,1B3EL46R36N2,1,B,3,E,L,4,6,R,3,6,N,2,0,P,DODG,SRX,4D,6,17,3106,,0,1080,,G,,F,6,165,,,16R205,,,,,,0,0,000000000,00000000000,0,0,0,1,0,0,0,0,0,0,0,998,0,0,0,12,6,2,12,0,0,0,1,18,47921,6,1,0,0,3,0,63,165,0,0,0,0,1,1,2010,1,2010,0,0,0,0,0,1,2,55,1,1,2,1,0,0,1,62,1,1,1,51,1,0
18,180299,3,3,2,4,6,13,27,12,2,1,0,18,2,20,37,20037,4,2005,1G1ZS54F85F3,1,G,1,Z,S,5,4,F,8,5,F,3,0,P,CHEV,MAL,4D,5,17,3174,,0,1063,,G,,F,4,134,,,15R205,,,,,,0,0,000000000,00000000000,0,0,0,1,0,0,0,0,0,0,0,998,0,0,0,12,6,2,12,0,0,0,1,18,47933,6,1,0,0,3,1,70,135,0,0,0,2,0,3,2011,2,2012,0,0,0,0,0,1,2,55,1,1,2,1,0,0,1,62,1,1,1,98,0,0
18,180301,1,2,1,20,6,8,59,12,6,1,0,18,1,12,481,12481,31,2004,1FTRX14W44KC,1,F,T,R,X,1,4,W,4,4,K,C,0,T,FORD,F15,4C,4,17,,2,1450,1260,COF,G,,,8,281,,,,B,5480,00,U,44,0,0,000000000,00000000000,0,0,0,1,0,0,0,0,0,0,0,998,0,0,0,82,6,2,12,0,0,0,1,18,47925,6,1,0,0,3,0,69,175,0,0,0,0,0,0,0,0,0,0,38,0,0,0,1,2,25,1,1,2,1,20,3,1,17,1,1,1,87,0,0
18,180301,2,2,2,20,6,8,59,12,6,1,0,18,1,72,706,72706,80,2000,1HD1GEV17YY3,1,H,D,1,G,E,V,1,7,Y,Y,3,0,M,HD,FWG,RS,0,17,,,,,,,1450,,2,,4,612,,,,,,,0,0,000000000,00000000000,0,0,0,1,0,0,0,0,0,0,0,998,0,0,0,12,6,2,12,0,0,0,1,18,46341,6,1,0,0,3,1,66,165,0,0,0,0,0,0,0,0,0,0,0,0,0,0,1,2,35,1,1,2,1,0,0,1,66,1,1,1,86,1,0
18,180302,1,1,2,11,5,17,40,42,0,1,0,18,1,99,739,99739,90,2012,1M0550FB2CM0,1,M,0,5,5,0,F,B,2,C,M,0,0,U,,,,12,17,,,,,,,,,,,,,,,,,,,0,0,000000000,00000000000,0,0,0,1,0,0,0,0,0,0,0,998,0,0,0,12,2,1,42,0,0,0,1,18,47527,6,1,0,0,3,0,72,250,0,0,0,0,0,0,0,0,0,0,0,0,0,0,1,2,45,2,1,2,1,0,0,14,12,6,1,4,6,1,0
18,180303,1,2,3,29,5,20,27,12,6,1,0,18,2,23,481,23481,31,1988,1GTDC14Z1JE5,1,G,T,D,C,1,4,Z,1,J,E,5,0,T,GMC,GC1,PK,88,17,,1,1315,1175,GM4,G,,,6,262,,,,B,3655,01,A,42,0,0,000000000,00000000000,0,0,0,1,0,0,0,0,0,0,0,998,0,0,0,12,6,2,12,0,0,0,1,18,46148,6,1,0,0,3,0,70,300,0,0,0,0,0,0,0,0,0,0,39,0,0,0,1,2,55,1,1,2,1,20,3,1,17,1,1,1,88,1,0
18,180303,2,2,3,29,5,20,27,12,6,1,0,18,1,2,404,2404,14,2002,1J8GW68J42C3,1,J,8,G,W,6,8,J,4,2,C,3,0,T,JEEP,OVR,4W,2,17,,1,0,1059,GCK,G,,,8,287,,,,,4256,00,K,44,0,0,000000000,00000000000,0,0,0,1,0,0,0,0,0,0,0,998,0,0,0,9,6,2,12,0,0,0,1,18,47362,6,1,0,0,3,0,66,120,0,0,0,1,0,4,2012,4,2012,0,0,0,0,0,1,2,55,1,1,2,1,0,0,1,66,1,1,1,89,0,0
18,180304,1,2,4,7,6,15,34,12,2,1,0,18,2,20,443,20443,20,1998,1GNDX03E9WD1,1,G,N,D,X,0,3,E,9,W,D,1,0,T,CHEV,VTR,ES,98,17,,1,0,1200,VTR,G,,,6,207,,,,,3838,00,,42,0,0,000000000,00000000000,0,0,0,1,0,0,0,0,0,0,0,998,0,0,0,12,6,2,12,0,0,0,1,18,47905,1,1,0,0,2,0,65,120,0,1,0,0,0,11,2010,11,2010,0,28,0,0,0,1,2,45,2,2,2,1,0,0,14,10,1,1,2,50,0,1
18,180304,2,2,2,7,6,15,34,12,2,1,0,18,1,35,471,35471,30,1996,1N6SD16S2TC3,1,N,6,S,D,1,6,S,2,T,C,3,0,T,NISS,KSX,PC,96,17,,1,0,1161,TRK,G,,,4,146,,,,B,00000,00,M,42,0,0,000000000,00000000000,0,0,0,1,0,0,0,0,0,0,0,998,0,0,0,12,6,2,12,0,0,0,1,18,47960,6,1,0,0,3,2,61,200,0,0,0,0,0,0,0,0,0,0,74,0,0,0,1,2,45,3,1,2,1,0,0,14,62,1,1,1,51,1,0
18,180305,1,1,4,18,6,4,40,24,0,1,0,17,1,20,443,20443,20,1999,1GNDU06E8XD2,1,G,N,D,U,0,6,E,8,X,D,2,0,P,CHEV,VTR,SV,99,17,3699,,0,1120,,G,,F,6,207,,,15R215,,,,,,0,0,000000000,00000000000,0,0,0,1,0,0,0,0,0,0,0,998,0,0,0,82,6,2,24,0,0,0,1,17,60644,6,1,0,0,3,0,68,160,0,0,0,0,0,0,0,0,0,0,0,0,0,0,6,1,45,2,2,1,1,0,0,14,13,7,1,4,1,1,0
18,180306,1,1,2,19,6,14,24,42,0,1,0,18,2,63,402,63402,14,2004,KNDJD7338452,K,N,D,J,D,7,3,3,8,4,5,2,0,P,KIA,SOR,UT,4,17,4306,,0,1067,,G,,F,6,213,,,16R245,,,,,,0,0,000000000,00000000000,0,0,0,1,0,0,0,0,0,0,0,998,0,1,5,9,6,2,42,0,0,0,1,18,46148,6,1,0,0,3,0,71,155,0,0,0,0,1,9,2011,9,2011,0,58,28,0,0,1,2,55,1,1,2,1,0,0,1,12,1,1,4,6,1,0
18,180307,1,1,3,20,6,23,4,35,0,1,0,18,2,7,442,7442,20,2001,2B4GP44G31R1,2,B,4,G,P,4,4,G,3,1,R,1,0,T,DODG,GSP,ES,1,17,,1,0,1193,CAR,G,,,6,201,,,,,3989,00,E,42,0,0,000000000,00000000000,0,0,0,1,0,0,0,0,0,0,0,998,0,0,0,14,6,2,31,0,0,0,1,18,46151,6,1,0,0,3,1,64,113,0,0,0,0,0,0,0,0,0,0,0,0,0,0,1,2,50,3,2,2,1,28,3,14,13,1,1,4,1,2,0
18,180308,1,2,1,20,6,9,36,12,2,1,0,18,2,41,51,41051,4,2010,JM1BL1SF5A11,J,M,1,B,L,1,S,F,5,A,1,1,0,P,MAZD,M3I,4D,10,17,2868,,0,1039,,G,,F,4,122,,,16R205,,,,,,0,0,000000000,00000000000,0,0,0,1,0,0,0,0,0,0,0,998,0,0,0,12,6,2,12,0,0,0,1,18,47501,6,1,0,0,3,2,68,160,0,0,0,0,0,0,0,0,0,0,28,74,0,0,1,2,50,3,1,2,1,0,0,14,10,1,1,2,50,0,0
18,180308,2,2,1,20,6,9,36,12,2,1,0,18,1,37,705,37705,80,1997,JH2PC213XVM4,J,H,2,P,C,2,1,3,X,V,M,4,0,M,HOND,VCD,RS,97,17,,,,,,,583,,2,,4,445,,,,,,,0,0,000000000,00000000000,0,0,0,1,0,0,0,0,0,0,0,998,0,0,0,12,6,2,12,0,0,0,1,18,47462,6,1,0,0,3,2,72,155,0,0,0,0,0,0,0,0,0,0,74,0,0,0,1,2,50,2,1,2,1,0,0,14,62,1,1,1,51,1,0
18,180309,1,1,1,22,6,19,3,34,0,1,0,18,1,7,472,7472,30,2000,1B7GL22X6YS6,1,B,7,G,L,2,2,X,6,Y,S,6,0,T,DODG,DAK,PC,0,17,,1,0,1309,DAK,G,,,6,239,,,,B,3494,00,U,42,0,0,000000000,00000000000,0,0,0,1,0,0,0,0,0,0,0,998,0,1,5,12,6,2,1,0,0,0,1,18,46310,6,1,0,0,3,0,69,175,0,5,0,1,1,8,2009,10,2011,0,28,58,0,0,1,2,40,1,1,2,1,0,0,1,12,6,1,4,6,1,1
18,180310,1,2,1,22,6,18,15,12,1,1,0,18,1,72,706,72706,80,2002,1HD1FDV132Y6,1,H,D,1,F,D,V,1,3,2,Y,6,0,M,HD,FHR,RS,2,17,,,,,,,1450,,2,,4,723,,,,,,,0,0,000000000,00000000000,0,0,0,1,0,0,0,0,0,0,0,998,0,0,0,12,6,2,12,0,0,0,1,18,46796,6,1,0,0,2,0,73,240,0,0,0,0,0,0,0,0,0,0,38,26,0,0,1,2,40,1,1,2,1,0,0,1,50,1,1,1,20,1,0
18,180310,2,2,2,22,6,18,15,12,1,1,0,18,1,7,402,7402,14,2000,1B4HS28Z0YF2,1,B,4,H,S,2,8,Z,0,Y,F,2,0,P,DODG,DUR,UT,0,17,4462,,0,1159,,G,,F,8,360,,,15R235,,,,,,0,0,000000000,00000000000,0,0,0,1,0,0,0,0,0,0,0,0,0,0,0,6,2,1,12,0,0,0,1,18,46818,6,1,0,0,3,1,69,182,0,0,0,0,0,0,0,0,0,0,0,0,0,0,1,2,40,1,1,2,1,0,0,5,53,1,1,1,21,0,0
18,180312,1,1,1,22,6,8,10,8,0,1,0,18,3,85,881,85881,66,2007,1XKAD49X97J1,1,X,K,A,D,4,9,X,9,7,J,1,1,T,KW,T60,TR,7,17,,8,2600,1600,CON,D,,,6,915,,,,,00000,00,,64,1,57,000198657,57000198657,3,6,1,1,0,0,0,0,0,0,0,998,0,0,0,12,2,3,8,0,0,0,1,24,21863,6,1,6,0,3,0,74,270,0,0,0,0,1,12,2010,12,2010,0,0,0,0,0,5,4,30,1,1,2,1,1,3,4,80,1,1,1,13,0,0
18,180313,1,2,1,22,6,15,44,12,6,1,0,18,1,18,23,18023,4,2008,1G4HD57228U1,1,G,4,H,D,5,7,2,2,8,U,1,0,P,BUIC,UXL,4D,8,17,3792,,0,1156,,G,,F,6,232,,,17R235,,,,,,0,0,000000000,00000000000,0,0,0,1,0,0,0,0,0,0,0,998,0,0,0,9,6,2,12,0,0,0,1,18,46011,6,1,0,0,3,1,72,195,0,0,0,0,0,0,0,0,0,0,39,0,0,0,1,2,35,1,1,2,1,20,3,1,17,1,1,1,89,1,0
18,180313,2,2,2,22,6,15,44,12,6,1,0,18,2,20,431,20431,16,2003,1GNGK26U33R2,1,G,N,G,K,2,6,U,3,3,R,2,0,P,CHEV,K25,UT,3,17,5760,,0,1300,,G,,F,8,364,,,16R245,,,,,,0,0,000000000,00000000000,0,0,0,1,0,0,0,0,0,0,0,50,0,0,0,12,6,2,12,0,0,1,1,18,46011,6,1,0,0,3,1,64,140,0,0,0,0,0,0,0,0,0,1,0,0,0,0,1,2,35,1,1,2,1,0,0,1,66,1,1,1,88,0,0
18,180315,1,2,1,23,6,21,59,12,2,1,0,18,1,20,20,20020,4,1995,2G1WL52M5S11,2,G,1,W,L,5,2,M,5,S,1,1,0,P,CHEV,LUM,4D,95,17,3330,,0,1075,,G,,F,6,191,,,15R205,,,,,,0,0,000000000,00000000000,0,0,0,1,0,0,0,0,0,0,0,998,0,0,0,12,6,2,12,0,0,1,1,18,46614,1,1,0,0,2,0,70,180,0,1,0,0,0,6,2010,6,2010,1,8,28,35,0,1,2,55,1,1,2,1,0,0,6,10,1,1,2,50,1,1
18,180315,2,2,1,23,6,21,59,12,2,1,0,18,1,37,32,37032,4,1998,1HGCG5552WA2,1,H,G,C,G,5,5,5,2,W,A,2,0,P,HOND,UEX,4D,98,17,2919,,0,1069,,G,,F,4,138,,,15R195,,,,,,0,0,000000000,00000000000,0,0,0,1,0,0,0,0,0,0,0,998,0,0,0,12,6,2,12,0,0,0,1,18,46574,6,1,5,0,3,2,73,185,0,0,0,0,0,0,0,0,0,0,74,0,0,0,1,2,55,1,1,2,1,0,0,1,62,1,1,1,51,1,0
18,180316,1,2,1,22,6,16,56,12,6,1,0,18,2,20,481,20481,31,1986,1GCDC14H1GF3,1,G,C,D,C,1,4,H,1,G,F,3,0,T,CHEV,C10,PK,86,17,,1,1315,1175,C10,G,,,8,305,,,,B,3282,06,,42,0,0,000000000,00000000000,0,0,0,1,0,0,0,0,0,0,0,998,0,0,0,12,6,2,12,0,0,0,1,18,47342,6,1,0,0,3,0,67,130,0,0,0,0,0,0,0,0,0,0,39,0,0,0,1,2,45,1,3,2,1,20,3,1,17,4,1,1,86,0,0
18,180316,2,2,1,22,6,16,56,12,6,1,0,18,1,24,1,24001,4,2000,1G8ZK5279YZ1,1,G,8,Z,K,5,2,7,9,Y,Z,1,0,P,STRN,SL2,4D,0,17,2425,,0,1024,,G,,F,4,116,,,15R185,,,,,,0,0,000000000,00000000000,0,0,0,1,0,0,0,0,0,0,0,998,0,0,0,82,6,2,12,0,0,0,1,18,46001,6,1,0,0,3,1,65,97,0,0,0,0,0,0,0,0,0,0,0,0,0,0,1,2,45,1,3,2,1,99,9,1,66,1,1,1,87,1,0
18,180317,1,3,2,12,6,16,59,12,7,1,0,18,3,84,881,84881,62,2001,1HTSCAAM91H3,1,H,T,S,C,A,A,M,9,1,H,3,0,T,INTL,470,CC,1,17,,6,2540,1280,40S,D,,,6,466,,,,,00000,00,,42,0,57,001495504,57001495504,2,1,1,1,0,0,0,0,0,0,0,0,0,0,0,61,6,2,12,0,0,0,1,18,46545,6,1,0,0,3,0,75,160,0,0,0,0,0,0,0,0,0,0,54,21,91,0,3,6,55,1,1,1,1,0,0,5,2,1,1,1,44,0,0
18,180317,2,3,1,12,6,16,59,12,7,1,1,99,9,99,999,99999,99,9999,999999999999,9,9,9,9,9,9,9,9,9,9,9,9,0,,,,,,,,,,,,,,,,,,,,,,,,,0,0,000000000,00000000000,0,0,0,1,0,0,0,0,0,0,0,998,0,0,0,3,9,1,12,0,0,0,1,99,99999,9,9,99,9,9,9,999,999,99,99,99,99,99,99,9999,99,9999,0,0,0,0,0,3,6,55,1,1,1,1,0,0,1,50,1,1,1,45,0,0