STATE,ST_CASE,VEH_NO,VE_FORMS,NUMOCCS,DAY,MONTH,HOUR,MINUTE,HARM_EV,MAN_COLL,UNITTYPE,HIT_RUN,REG_STAT,OWNER,MAKE,MODEL,MAK_MOD,BODY_TYP,MOD_YEAR,VIN,VIN_1,VIN_2,VIN_3,VIN_4,VIN_5,VIN_6,VIN_7,VIN_8,VIN_9,VIN_10,VIN_11,VIN_12,TOW_VEH,VINTYPE,VINMAKE,VINA_MOD,VIN_BT,VINMODYR,VIN_LNGT,VIN_WGT,WGTCD_TR,WHLBS_LG,WHLBS_SH,SER_TR,FUELCODE,MCYCL_DS,CARBUR,CYLINDER,DISPLACE,MCYCL_CY,MCYCL_WT,TIRE_SZE,TON_RAT,TRK_WT,TRKWTVAR,VIN_REST,WHLDRWHL,J_KNIFE,MCARR_I1,MCARR_I2,MCARR_ID,GVWR,V_CONFIG,CARGO_BT,HAZ_INV,HAZ_PLAC,HAZ_ID,HAZ_CNO,HAZ_REL,BUS_USE,SPEC_USE,EMER_USE,TRAV_SP,UNDERIDE,ROLLOVER,ROLINLOC,IMPACT1,DEFORMED,TOWED,M_HARM,VEH_SC1,VEH_SC2,FIRE_EXP,DR_PRES,L_STATE,DR_ZIP,L_STATUS,L_TYPE,CDL_STAT,L_ENDORS,L_COMPL,L_RESTRI,DR_HGT,DR_WGT,PREV_ACC,PREV_SUS,PREV_DWI,PREV_SPD,PREV_OTH,FIRST_MO,FIRST_YR,LAST_MO,LAST_YR,SPEEDREL,DR_SF1,DR_SF2,DR_SF3,DR_SF4,VTRAFWAY,VNUM_LAN,VSPD_LIM,VALIGN,VPROFILE,VPAVETYP,VSURCOND,VTRAFCON,VTCONT_F,P_CRASH1,P_CRASH2,P_CRASH3,PCRASH4,PCRASH5,ACC_TYPE,DEATHS,DR_DRINK
18,180348,2,2,2,16,6,15,51,12,6,1,0,18,1,20,481,20481,31,1997,2GCEC19RXV12,2,G,C,E,C,1,9,R,X,V,1,2,0,T,CHEV,GC1,PC,97,17,,2,1555,1415,GM4,G,,,8,350,,,,B,4160,00,,42,0,0,000000000,00000000000,0,0,0,1,0,0,0,0,0,0,0,998,0,0,0,82,6,2,12,0,0,0,1,18,46517,6,1,0,0,3,1,69,180,0,0,0,1,0,8,2011,8,2011,0,0,0,0,0,1,2,55,1,1,2,1,0,0,1,66,8,1,1,87,0,0
18,180349,1,1,1,5,7,7,0,34,0,1,0,18,2,12,3,12003,2,1979,9F02Y112403,9,F,0,2,Y,1,1,2,4,0,3,,0,P,FORD,MU2,2T,79,11,2431,,0,1004,,G,,2,4,139,,,13B78,,,,,,0,0,000000000,00000000000,0,0,0,1,0,0,0,0,0,0,0,998,0,1,5,14,6,2,1,0,0,0,1,18,46534,6,1,0,0,3,0,68,150,0,0,0,0,0,0,0,0,0,1,28,8,0,0,1,2,55,1,1,2,1,0,0,1,12,1,1,4,6,1,0
18,180351,1,2,1,5,7,14,51,12,6,1,0,18,1,72,706,72706,80,2011,1HD1HHH1XBC8,1,H,D,1,H,H,H,1,X,B,C,8,0,M,HD,VNS,RS,11,17,,,,,,,1250,,2,,4,643,,,,,,,0,0,000000000,00000000000,0,0,0,1,0,0,0,0,0,0,0,998,0,0,0,12,6,2,12,0,0,0,1,18,46526,6,1,0,0,3,1,71,163,0,0,0,0,0,0,0,0,0,0,38,0,0,0,1,2,55,1,1,2,1,0,0,6,17,1,1,1,69,1,0
18,180351,2,2,1,5,7,14,51,12,6,1,0,18,1,20,481,20481,31,2004,1GCJK33224F2,1,G,C,J,K,3,3,2,2,4,F,2,0,T,CHEV,SK3,CW,4,17,,3,0,1670,SIL,D,,,8,403,,,,D,6459,00,,44,0,0,000000000,00000000000,0,0,0,1,0,0,0,0,0,0,0,998,0,0,0,3,4,1,12,0,0,0,1,18,46553,6,1,0,0,3,1,75,225,0,0,0,0,0,0,0,0,0,0,0,0,0,0,1,2,55,1,1,2,1,0,0,11,15,1,1,1,68,0,0
18,180352,1,1,2,29,6,20,50,24,0,1,0,18,1,13,12,13012,4,2002,1LNHM87A02Y6,1,L,N,H,M,8,7,A,0,2,Y,6,0,P,LINC,LLS,4D,2,17,3734,,0,1145,,G,,F,8,240,,,16R215,,,,,,0,0,000000000,00000000000,0,0,0,1,0,0,0,0,0,0,0,998,0,1,5,12,6,2,42,0,0,0,1,18,46563,6,2,0,0,3,0,62,106,0,0,0,0,0,0,0,0,0,1,28,0,0,0,1,2,55,1,1,2,1,28,3,1,6,1,2,4,7,2,0
18,180353,1,1,1,5,7,21,16,30,0,1,0,18,1,12,35,12035,4,1996,1FALP6530TK2,1,F,A,L,P,6,5,3,0,T,K,2,0,P,FORD,CGS,4D,96,17,2773,,0,1065,,G,,F,4,121,,,14R185,,,,,,0,0,000000000,00000000000,0,0,0,1,0,0,0,0,0,0,0,998,0,0,0,9,6,2,30,0,0,0,1,18,46582,6,1,0,0,3,0,70,160,0,0,0,0,2,7,2009,4,2010,1,0,0,0,0,1,2,45,1,1,2,1,0,0,1,13,1,1,4,1,1,1
18,180354,1,2,3,4,7,10,9,12,6,1,0,18,2,9,20,9020,4,1999,1P3ES47C3XD1,1,P,3,E,S,4,7,C,3,X,D,1,0,P,PLYM,NEH,4D,99,17,2416,,0,1040,,G,,F,4,122,,,14R185,,,,,,0,0,000000000,00000000000,0,0,0,1,0,0,0,0,0,0,0,998,0,0,0,9,6,2,12,0,0,0,1,18,46307,6,1,0,0,3,0,71,180,0,0,0,0,0,0,0,0,0,0,38,0,0,0,1,2,30,1,1,2,1,20,3,1,15,1,1,1,89,1,0
18,180354,2,2,3,4,7,10,9,12,6,1,0,18,1,6,52,6052,6,2004,3C4FY58B04T2,3,C,4,F,Y,5,8,B,0,4,T,2,0,P,CHRY,PTC,SV,4,17,3037,,0,1030,,G,,F,4,148,,,16R205,,,,,,0,0,000000000,00000000000,0,0,0,1,0,0,0,0,0,0,0,998,0,0,0,12,6,2,12,0,0,0,1,18,46385,6,1,0,0,3,0,69,170,0,0,0,0,0,0,0,0,0,0,91,0,0,0,1,2,30,1,1,2,1,0,0,1,67,3,1,1,88,0,0
18,180355,1,1,2,5,7,11,48,1,0,1,0,17,1,37,706,37706,80,1992,1HFSC2206NA4,1,H,F,S,C,2,2,0,6,N,A,4,0,M,HOND,G5A,RS,92,17,,,,,,,1500,,6,,4,800,,,,,,,0,0,000000000,00000000000,0,0,0,1,0,0,0,0,0,0,0,998,0,0,0,0,6,2,1,0,0,0,1,17,60914,6,1,0,0,3,0,76,335,0,0,0,0,0,0,0,0,0,0,80,0,0,0,2,2,60,1,1,2,1,0,0,1,3,1,1,1,98,1,0
18,180356,1,1,2,7,7,4,30,34,0,1,1,99,9,2,403,2403,14,1994,1J4FY19P8RP4,1,J,4,F,Y,1,9,P,8,R,P,4,0,T,JEEP,W/S,2W,94,17,,1,0,934,W/Y,G,,,4,150,,,,,2870,00,A,44,0,0,000000000,00000000000,0,0,0,1,0,0,0,0,0,0,0,998,0,1,5,14,6,2,31,0,0,0,1,99,99999,9,9,99,9,9,9,999,999,99,99,99,99,99,99,9999,99,9999,0,0,0,0,0,1,2,45,1,1,2,1,0,0,1,13,1,1,4,1,1,0
18,180357,1,1,1,7,7,3,48,14,0,1,0,18,2,49,40,49040,2,1995,4T1SK12C7SU6,4,T,1,S,K,1,2,C,7,S,U,6,0,P,TOYT,CLE,CP,95,17,3064,,0,1031,,G,,F,4,132,,,14R195,,,,,,0,0,000000000,00000000000,0,0,0,1,0,0,0,0,0,0,0,998,0,0,0,12,6,2,42,0,0,1,1,18,46514,1,1,0,0,2,0,66,160,0,1,0,0,0,3,2012,3,2012,0,0,0,0,0,1,2,40,3,1,2,1,0,0,14,13,1,1,4,1,1,1
18,180358,1,1,2,7,7,8,59,42,0,1,0,18,1,20,481,20481,31,1999,2GCEC19T6X11,2,G,C,E,C,1,9,T,6,X,1,1,0,T,CHEV,SC1,3C,99,17,,2,1575,1435,SIL,G,,,8,325,,,,B,4235,02,,42,0,0,000000000,00000000000,0,0,0,1,0,0,0,0,0,0,0,998,0,0,0,12,6,2,42,0,0,0,1,18,46580,6,1,0,0,3,0,71,195,0,0,0,0,0,0,0,0,0,0,0,0,0,0,1,2,55,1,1,2,1,0,0,1,13,1,1,4,1,1,0
18,180359,1,2,1,5,7,12,40,12,2,1,0,18,2,30,47,30047,3,2002,3VWCB21C12M4,3,V,W,C,B,2,1,C,1,2,M,4,0,P,VOLK,NGS,2H,2,17,2783,,0,989,,G,,F,4,121,,,16R205,,,,,,0,0,000000000,00000000000,0,0,0,1,0,0,0,0,0,0,0,998,0,0,0,12,6,2,12,0,0,0,1,18,46065,6,1,0,0,3,0,67,150,0,0,0,0,0,0,0,0,0,0,28,0,0,0,5,4,50,1,1,1,1,0,0,1,10,1,1,1,50,1,0
18,180359,2,2,1,5,7,12,40,12,2,1,0,18,1,23,431,23431,16,2001,1GKEK13T01J1,1,G,K,E,K,1,3,T,0,1,J,1,0,T,GMC,YUK,4W,1,17,,2,0,1160,YUK,G,,,8,325,,,,B,5113,00,K,44,0,0,000000000,00000000000,0,0,0,1,0,0,0,0,0,0,0,998,0,0,0,12,6,2,12,0,0,0,1,18,47905,6,1,0,0,3,2,65,230,0,0,0,0,0,0,0,0,0,0,74,0,0,0,5,4,50,1,1,1,1,0,0,1,62,9,1,1,51,0,0
18,180360,1,4,1,4,7,18,28,12,1,1,0,39,1,49,38,49038,3,1991,JT2EL46B6M01,J,T,2,E,L,4,6,B,6,M,0,1,0,P,TOYT,TSD,2D,91,17,1950,,0,937,,G,,F,4,089,,,13R145,,,,,,0,0,000000000,00000000000,0,0,0,1,0,0,0,0,0,0,0,998,0,0,0,12,6,2,12,0,0,0,1,39,45011,6,1,0,0,3,1,71,215,0,0,0,0,0,0,0,0,0,0,0,0,0,0,2,3,45,1,1,2,1,1,3,1,50,1,1,1,20,1,0
18,180360,2,4,4,4,7,18,28,12,1,1,0,18,1,12,23,12023,4,2010,3FAHP0KC7AR1,3,F,A,H,P,0,K,C,7,A,R,1,0,P,FORD,FPF,4D,10,17,3591,,0,1074,,G,,F,6,214,,,18R225,,,,,,0,0,000000000,00000000000,0,0,0,1,0,0,0,0,0,0,0,0,0,0,0,6,6,2,12,0,0,0,1,18,47001,6,1,0,0,3,1,67,200,0,0,0,1,0,11,2011,11,2011,0,0,0,0,0,2,3,45,1,1,2,1,1,3,5,53,1,1,1,21,0,0
18,180360,3,4,4,4,7,18,28,12,1,1,0,18,2,20,473,20473,30,2011,1GCHTCFE9B81,1,G,C,H,T,C,F,E,9,B,8,1,0,T,CHEV,RLT,CW,11,17,,1,0,1260,CAL,G,,,5,226,,,,B,4070,00,,44,0,0,000000000,00000000000,0,0,0,1,0,0,0,0,0,0,0,0,0,0,0,6,4,1,12,0,0,0,1,55,53185,6,1,0,0,3,1,69,165,0,0,0,0,0,0,0,0,0,0,0,0,0,0,2,3,45,1,1,2,1,1,3,5,53,1,1,1,98,0,0
18,180360,4,4,2,4,7,18,28,12,1,1,0,39,1,69,54,69054,3,2007,WMWMF33587TT,W,M,W,M,F,3,3,5,8,7,T,T,0,P,MNNI,COO,2H,7,17,2546,,0,971,,G,,F,4,098,,,15R175,,,,,,0,0,000000000,00000000000,0,0,0,1,0,0,0,0,0,0,0,0,0,0,0,6,4,1,12,0,0,0,1,39,45067,6,1,0,0,3,0,63,150,0,0,0,0,0,0,0,0,0,0,0,0,0,0,2,3,45,1,1,2,1,1,3,5,53,1,1,1,98,0,0
18,180361,1,1,1,17,6,3,23,53,0,1,0,18,1,76,739,76739,90,2011,999999999999,9,9,9,9,9,9,9,9,9,9,9,9,0,,,,,,,,,,,,,,,,,,,,,,,,,0,0,000000000,00000000000,0,0,0,1,0,0,0,0,0,0,0,998,0,0,0,1,4,3,53,0,0,0,1,18,47273,6,1,0,0,3,0,63,230,0,0,0,0,0,0,0,0,0,1,8,28,0,0,1,2,55,2,1,2,1,0,0,14,12,1,1,4,6,1,1
18,180362,1,1,2,10,7,4,6,42,0,1,0,18,2,20,443,20443,20,2004,1GNDX13E84D1,1,G,N,D,X,1,3,E,8,4,D,1,0,T,CHEV,LUX,ES,4,17,,1,0,1200,VTR,G,,,6,207,,,,,3838,00,,42,0,0,000000000,00000000000,0,0,0,1,0,0,0,0,0,0,0,998,0,0,0,12,6,2,42,0,0,0,1,18,46410,6,1,0,0,3,1,68,150,0,0,0,0,0,0,0,0,0,1,28,39,0,0,1,2,30,2,2,2,1,0,0,14,12,1,1,4,6,1,1
18,180363,1,2,2,11,7,7,29,12,6,1,0,18,1,35,47,35047,4,2006,1N4AL11D56C2,1,N,4,A,L,1,1,D,5,6,C,2,0,P,NISS,ASL,4D,6,17,2915,,0,1102,,G,,F,4,153,,,16R215,,,,,,0,0,000000000,00000000000,0,0,0,1,0,0,0,0,0,0,0,998,0,1,5,9,6,2,12,0,0,0,1,18,46544,6,1,0,0,3,1,71,220,0,0,0,0,0,0,0,0,0,0,38,0,0,0,1,2,55,1,1,2,1,20,3,1,17,1,1,1,89,1,0
18,180363,2,2,1,11,7,7,29,12,6,1,0,18,2,35,47,35047,4,1999,1N4DL01DXXC2,1,N,4,D,L,0,1,D,X,X,C,2,0,P,NISS,AGS,4D,99,17,2762,,0,1031,,G,,F,4,146,,,15R195,,,,,,0,0,000000000,00000000000,0,0,0,1,0,0,0,0,0,0,0,998,0,0,0,12,6,2,12,0,0,0,1,18,46526,6,1,0,0,3,1,63,115,0,0,0,0,0,0,0,0,0,0,0,0,0,0,1,2,55,1,1,2,1,0,0,1,66,1,1,1,88,0,0
18,180364,1,2,1,5,7,18,39,12,2,1,0,18,1,12,17,12017,4,2001,1FAFP53U81A1,1,F,A,F,P,5,3,U,8,1,A,1,0,P,FORD,TSE,4D,1,17,3354,,0,1085,,G,,F,6,182,,,16R215,,,,,,0,0,000000000,00000000000,0,0,0,1,0,0,0,0,0,0,0,998,0,0,0,12,6,2,12,0,0,0,1,18,47260,6,1,0,0,3,0,64,180,0,0,0,0,2,3,2010,3,2010,0,28,0,0,0,1,2,55,1,1,2,1,0,0,1,10,1,1,2,50,1,0
18,180364,2,2,1,5,7,18,39,12,2,1,0,47,3,82,881,82881,66,2011,1FUJGLDRXBLA,1,F,U,J,G,L,D,R,X,B,L,A,1,T,FRHT,125,TR,11,17,,8,0,0,CSC,D,,,6,903,,,,,00000,00,,64,1,57,000511412,57000511412,3,6,3,1,0,0,0,0,0,0,0,998,0,0,0,12,6,2,12,0,0,0,1,51,23518,6,1,6,0,3,0,70,215,0,0,0,1,1,1,2011,3,2012,0,0,0,0,0,1,2,55,1,1,2,1,0,0,1,62,1,1,1,51,0,0
18,180365,1,2,1,30,6,19,32,12,6,1,0,21,1,72,706,72706,80,2010,1HD1BW510AB0,1,H,D,1,B,W,5,1,0,A,B,0,0,M,HD,STC,RS,10,17,,,,,,,1584,,2,,4,761,,,,,,,0,0,000000000,00000000000,0,0,0,1,0,0,0,0,0,0,0,998,0,0,0,12,6,2,12,0,0,0,1,21,40258,6,1,0,0,3,0,70,150,1,0,0,0,0,8,2011,8,2011,0,38,39,0,0,1,2,55,1,1,2,1,20,3,1,17,1,1,1,88,1,0
18,180365,2,2,3,30,6,19,32,12,6,1,0,18,1,20,461,20461,21,1992,2GCEG25H3N41,2,G,C,E,G,2,5,H,3,N,4,1,0,T,CHEV,G20,CG,92,17,,2,1250,1100,VAN,G,,,8,305,,,,C,3887,04,,42,0,0,000000000,00000000000,0,0,0,1,0,0,0,0,0,0,0,998,0,0,0,9,6,2,12,0,0,0,1,18,47167,6,1,0,0,3,2,66,160,0,0,0,0,0,0,0,0,0,0,74,0,0,0,1,2,55,1,1,2,1,0,0,1,66,1,1,1,89,0,0
18,180366,1,2,1,4,7,12,12,12,2,1,0,18,2,63,32,63032,4,2005,KNADC1258564,K,N,A,D,C,1,2,5,8,5,6,4,0,P,KIA,RIO,4D,5,17,2403,,0,949,,G,,F,4,098,,,14R175,,,,,,0,0,000000000,00000000000,0,0,0,1,0,0,0,0,0,0,0,40,0,0,0,12,6,2,12,0,0,0,1,18,46809,6,1,0,0,3,1,63,200,0,0,0,0,0,0,0,0,0,0,28,0,0,0,1,2,40,1,1,2,1,0,0,15,10,1,1,2,50,0,0
18,180366,2,2,2,4,7,12,12,12,2,1,0,18,1,76,706,76706,80,2008,JYAVP11E08A1,J,Y,A,V,P,1,1,E,0,8,A,1,0,M,YAMA,XVS,RS,8,17,,,,,,,1063,,2,,4,600,,,,,,,0,0,000000000,00000000000,0,0,0,1,0,0,0,0,0,0,0,998,0,0,0,12,6,2,12,0,0,1,1,18,46819,6,1,0,0,3,0,72,235,0,0,0,0,0,0,0,0,0,0,0,0,0,0,1,2,40,1,1,2,1,0,0,1,62,1,1,1,51,2,0
18,180367,1,1,2,10,7,22,0,38,0,1,0,18,2,77,706,77706,80,2007,5VPCB26D6730,5,V,P,C,B,2,6,D,6,7,3,0,0,M,VCTY,CBD,RS,7,17,,,,,,,1634,,2,,4,654,,,,,,,0,0,000000000,00000000000,0,0,0,1,0,0,0,0,0,0,0,998,0,0,0,12,6,2,38,0,0,0,1,18,46774,6,1,0,0,3,0,74,200,0,0,0,0,0,0,0,0,0,1,8,0,0,0,1,2,50,3,1,2,1,28,3,14,13,1,1,4,1,2,0
18,180368,1,1,2,12,7,23,18,1,0,1,0,18,2,2,403,2403,14,1997,1J4FY29P8VP5,1,J,4,F,Y,2,9,P,8,V,P,5,0,T,JEEP,SEW,2W,97,17,,1,0,934,W/T,G,,,4,150,,,,,3019,00,E,44,0,0,000000000,00000000000,0,0,0,1,0,0,0,0,0,0,0,35,0,1,5,0,6,2,1,0,0,0,1,18,46915,2,1,0,0,2,2,76,170,0,3,1,0,0,2,2010,6,2010,0,79,74,0,0,1,2,55,1,1,4,1,0,0,1,9,1,4,4,7,1,1
18,180369,1,2,3,6,7,21,48,12,2,1,0,18,1,7,442,7442,20,2005,1D4GP24R55B3,1,D,4,G,P,2,4,R,5,5,B,3,0,T,DODG,GCS,ES,5,17,,1,0,1193,CAR,G,,,6,201,,,,,3867,00,E,42,0,0,000000000,00000000000,0,0,0,1,0,0,0,0,0,0,0,998,0,0,0,12,6,2,12,0,0,0,1,18,46356,6,1,6,0,3,0,71,180,0,1,0,2,0,8,2010,6,2011,0,28,27,0,0,1,2,45,1,2,2,1,28,3,15,10,1,1,2,50,1,0
18,180369,2,2,1,6,7,21,48,12,2,1,0,18,1,23,461,23461,21,1999,1GDHG31R2X10,1,G,D,H,G,3,1,R,2,X,1,0,0,T,GMC,SCT,YY,99,17,,2,1770,1390,STV,G,,,8,350,,,,D,00000,00,A,42,0,0,000000000,00000000000,0,0,0,1,0,0,0,0,0,0,0,998,0,0,0,12,6,2,12,0,0,0,1,18,46350,6,1,6,0,3,0,74,235,0,0,0,0,0,0,0,0,0,0,0,0,0,0,1,2,45,1,2,2,1,28,3,1,62,1,1,1,51,0,0
18,180370,1,1,1,8,7,13,47,42,0,1,0,18,3,12,17,12017,4,2011,1FAHP2DW4BG1,1,F,A,H,P,2,D,W,4,B,G,1,0,P,FORD,TSE,4D,11,17,4015,,0,0,,G,,F,6,214,,,17R235,,,,,,0,0,000000000,00000000000,0,0,0,1,0,0,0,0,0,0,0,998,0,0,0,12,6,2,42,0,0,0,1,18,46356,6,1,0,0,3,0,69,200,1,1,0,0,0,8,2011,11,2011,0,28,0,0,0,1,2,99,1,1,4,1,0,0,1,13,1,1,4,1,1,0
18,180371,1,2,0,13,7,2,46,12,6,1,0,18,6,20,481,20481,31,2005,1GCJK39225E2,1,G,C,J,K,3,9,2,2,5,E,2,0,T,CHEV,SK3,4C,5,17,,3,0,1575,SIL,D,,,8,403,,,,D,6231,00,,44,0,0,000000000,00000000000,0,0,0,1,0,0,0,0,0,0,0,998,0,0,0,9,2,1,12,0,0,0,0,0,99997,7,6,97,7,6,7,998,997,998,998,998,998,998,98,9998,98,9998,8,20,0,0,0,1,2,55,1,1,2,1,0,0,0,51,0,0,0,98,0,0
18,180371,2,2,1,13,7,2,46,12,6,1,0,18,1,72,706,72706,80,1990,1HD4CFM17LY1,1,H,D,4,C,F,M,1,7,L,Y,1,0,M,HD,X8D,RS,90,17,,,,,,,883,,2,,4,465,,,,,,,0,0,000000000,00000000000,0,0,0,1,0,0,0,0,0,0,0,998,0,0,0,12,6,2,12,0,0,0,1,18,46542,1,1,0,0,2,0,74,175,0,0,0,0,0,0,0,0,0,0,0,0,0,0,1,2,55,1,1,2,1,0,0,1,50,1,1,1,98,1,1
18,180372,1,2,1,13,7,11,2,12,2,1,0,18,1,53,704,53704,80,2009,JS1CK44A6921,J,S,1,C,K,4,4,A,6,9,2,1,0,M,SUZI,SA4,MS,9,17,,,,,,,400,,1,,4,434,,,,,,,0,0,000000000,00000000000,0,0,0,1,0,0,0,0,0,0,0,998,0,0,0,12,6,2,12,32,0,0,1,18,46953,6,1,0,0,2,0,73,250,0,0,0,0,0,0,0,0,0,0,28,0,0,0,2,4,35,2,1,2,1,0,0,14,10,1,1,2,50,1,0
18,180372,2,2,1,13,7,11,2,12,2,1,0,18,1,20,404,20404,14,2011,2GNALBEC3B12,2,G,N,A,L,B,E,C,3,B,1,2,0,P,CHEV,EQU,UT,11,17,3786,,0,1125,,G,,F,4,146,,,17R225,,,,,,0,0,000000000,00000000000,0,0,0,1,0,0,0,0,0,0,0,998,0,0,0,12,6,2,12,0,0,0,1,18,46952,6,1,0,0,3,1,64,180,0,0,0,0,0,0,0,0,0,0,0,0,0,0,2,4,35,2,1,2,1,0,0,14,62,1,1,1,51,0,0
18,180373,1,1,2,14,7,1,15,35,0,1,0,34,2,12,421,12421,15,1993,1FTHE24Y1PHB,1,F,T,H,E,2,4,Y,1,P,H,B,0,T,FORD,25V,CG,93,17,,2,0,1380,VAN,G,,,6,300,,,,C,00000,00,B,42,0,0,000000000,00000000000,0,0,0,1,0,0,0,0,0,0,0,998,0,0,0,14,6,2,2,0,0,1,1,34,7719,6,1,0,0,3,0,72,999,1,2,1,0,0,10,2009,6,2011,0,83,0,0,0,2,2,70,1,1,2,1,0,0,1,87,6,1,4,6,1,0
18,180374,1,1,1,13,7,0,32,33,0,1,0,18,2,72,709,72709,80,1998,MVIN170363IN,M,V,I,N,1,7,0,3,6,3,I,N,0,M,HD,,,98,13,,,,,,,,,,,,,,,,,,,0,0,000000000,00000000000,0,0,0,1,0,0,0,0,0,0,0,998,0,0,0,12,6,2,5,0,0,0,1,18,46218,6,1,6,0,2,0,70,150,0,0,0,1,0,6,2010,6,2010,1,0,0,0,0,1,2,40,1,1,2,1,0,0,1,13,1,1,4,1,1,1
18,180375,1,1,1,9,7,12,17,49,0,1,0,93,3,82,881,82881,66,2001,1FUJA3BD21PB,1,F,U,J,A,3,B,D,2,1,P,B,1,T,FRHT,ST2,TR,1,17,,8,0,0,CON,D,,,6,855,,,,,00000,00,,64,1,57,250353,57250353,3,6,1,1,0,0,0,0,0,0,0,998,0,0,0,6,2,1,49,0,0,0,1,26,49028,6,1,6,1,3,1,74,237,0,0,0,0,1,1,2012,1,2012,0,0,0,0,0,1,2,55,4,1,2,1,0,0,14,83,6,1,1,13,0,0
18,180376,1,1,2,13,7,14,25,1,0,1,0,17,2,85,881,85881,63,2000,2NKMHD7X8YM8,2,N,K,M,H,D,7,X,8,Y,M,8,0,T,KW,T30,CC,0,17,,7,2800,1450,CON,D,,,6,439,,,,,00000,00,,42,0,57,000688721,57000688721,3,1,1,1,0,0,0,0,0,0,0,998,0,1,5,0,6,2,1,0,0,0,1,17,60506,6,1,6,0,3,1,72,275,0,0,0,0,0,0,0,0,0,1,58,0,0,0,3,2,40,3,2,2,1,0,0,14,6,6,1,4,1,2,0
18,180377,1,2,1,14,7,20,12,12,6,1,0,18,1,20,471,20471,30,2004,1GCCS148X481,1,G,C,C,S,1,4,8,X,4,8,1,0,T,CHEV,RDO,PK,4,17,,1,0,1112,CAL,G,,,4,171,,,,,4858,00,,42,0,0,000000000,00000000000,0,0,0,1,0,0,0,0,0,0,0,998,0,0,0,3,6,2,12,0,0,0,1,18,46072,6,1,0,0,3,1,69,250,0,0,0,0,0,0,0,0,0,1,87,0,0,0,1,2,55,1,1,2,2,0,0,1,6,1,4,2,64,1,0
18,180377,2,2,4,14,7,20,12,12,6,1,0,18,1,20,36,20036,2,2004,2G1WX12K6491,2,G,1,W,X,1,2,K,6,4,9,1,0,P,CHEV,MSS,CP,4,17,3395,,0,1105,,G,,F,6,231,,,16R225,,,,,,0,0,000000000,00000000000,0,0,0,1,0,0,0,0,0,0,0,998,0,0,0,12,6,2,12,0,0,0,1,18,46041,6,1,0,0,3,0,67,170,0,0,0,0,0,0,0,0,0,0,87,0,0,0,1,2,55,1,1,2,2,0,0,1,62,1,1,1,65,0,0
18,180378,1,1,1,14,7,15,6,42,0,1,0,18,1,12,13,12013,3,1991,1FAPP11J4MW3,1,F,A,P,P,1,1,J,4,M,W,3,0,P,FORD,LXE,2H,91,17,2312,,0,984,,G,,F,4,113,,,13R175,,,,,,0,0,000000000,00000000000,0,0,0,1,0,0,0,0,0,0,0,998,0,0,0,12,6,2,42,0,0,0,1,18,46404,1,1,0,0,2,0,63,110,0,0,0,0,0,0,0,0,0,0,28,0,0,0,1,4,45,1,1,1,1,1,3,1,8,1,1,4,1,1,0
18,180379,1,1,1,15,7,22,0,42,0,1,0,18,1,37,33,37033,2,1998,JHMBB6243WC0,J,H,M,B,B,6,2,4,3,W,C,0,0,P,HOND,PRE,CP,98,17,2916,,0,1017,,G,,F,4,132,,,16R205,,,,,,0,0,000000000,00000000000,0,0,0,1,0,0,0,0,0,0,0,998,0,1,1,12,6,2,1,0,0,0,1,18,47136,6,1,0,0,3,0,74,160,2,2,0,0,0,5,2010,2,2012,0,28,58,0,0,1,2,45,2,2,2,1,0,0,14,13,1,1,4,1,1,0
18,180380,1,1,3,18,7,5,53,52,0,1,0,18,2,12,442,12442,20,2002,2FMZA524X2BB,2,F,M,Z,A,5,2,4,X,2,B,B,0,T,FORD,WSE,ES,2,17,,1,0,1207,WIN,G,,,6,232,,,,B,4216,00,E,42,0,0,000000000,00000000000,0,0,0,1,0,0,0,0,0,0,0,998,0,1,5,12,6,2,3,0,0,0,1,18,47649,6,1,0,0,3,0,64,158,0,0,0,0,0,0,0,0,0,0,8,0,0,0,1,2,55,1,1,2,1,0,0,1,13,1,1,4,1,2,0
18,180381,1,1,2,17,7,0,36,24,0,1,0,18,2,72,706,72706,80,2008,1HD4CR2148K4,1,H,D,4,C,R,2,1,4,8,K,4,0,M,HD,XLL,RS,8,17,,,,,,,883,,2,,4,583,,,,,,,0,0,000000000,00000000000,0,0,0,1,0,0,0,0,0,0,0,998,0,0,0,12,6,2,24,0,0,0,1,18,47901,6,1,0,0,2,0,66,165,0,0,0,0,0,0,0,0,0,1,28,0,0,0,1,2,20,2,2,2,1,0,0,14,12,1,1,4,6,1,1
18,180382,1,2,2,10,7,15,26,12,2,1,0,17,1,18,22,18022,4,2012,1G4GD5E31CF1,1,G,4,G,D,5,E,3,1,C,F,1,0,P,BUIC,LPR,4D,12,17,3835,,0,1117,,F,,F,6,220,,,17R245,,,,,,0,0,000000000,00000000000,0,0,0,1,0,0,0,0,0,0,0,998,0,0,0,12,6,2,12,0,0,0,1,17,62995,6,1,0,0,3,0,66,150,0,0,0,0,0,0,0,0,0,0,28,0,0,0,1,2,35,1,1,2,1,98,3,1,10,1,1,2,50,2,0
18,180382,2,2,1,10,7,15,26,12,2,1,0,18,3,13,14,13014,6,2012,2LMDJ8JK3CBL,2,L,M,D,J,8,J,K,3,C,B,L,0,P,LINC,MKX,UT,12,17,4429,,0,1112,,G,,F,6,226,,,18R245,,,,,,0,0,000000000,00000000000,0,0,0,1,0,0,0,0,0,0,0,998,0,0,0,12,6,2,12,0,0,0,1,18,46979,6,1,0,0,3,1,68,140,0,0,0,1,0,5,2012,5,2012,0,0,0,0,0,1,2,35,1,1,2,1,98,3,1,62,6,1,1,51,0,0