STATE,ST_CASE,VEH_NO,VE_FORMS,NUMOCCS,DAY,MONTH,HOUR,MINUTE,HARM_EV,MAN_COLL,UNITTYPE,HIT_RUN,REG_STAT,OWNER,MAKE,MODEL,MAK_MOD,BODY_TYP,MOD_YEAR,VIN,VIN_1,VIN_2,VIN_3,VIN_4,VIN_5,VIN_6,VIN_7,VIN_8,VIN_9,VIN_10,VIN_11,VIN_12,TOW_VEH,VINTYPE,VINMAKE,VINA_MOD,VIN_BT,VINMODYR,VIN_LNGT,VIN_WGT,WGTCD_TR,WHLBS_LG,WHLBS_SH,SER_TR,FUELCODE,MCYCL_DS,CARBUR,CYLINDER,DISPLACE,MCYCL_CY,MCYCL_WT,TIRE_SZE,TON_RAT,TRK_WT,TRKWTVAR,VIN_REST,WHLDRWHL,J_KNIFE,MCARR_I1,MCARR_I2,MCARR_ID,GVWR,V_CONFIG,CARGO_BT,HAZ_INV,HAZ_PLAC,HAZ_ID,HAZ_CNO,HAZ_REL,BUS_USE,SPEC_USE,EMER_USE,TRAV_SP,UNDERIDE,ROLLOVER,ROLINLOC,IMPACT1,DEFORMED,TOWED,M_HARM,VEH_SC1,VEH_SC2,FIRE_EXP,DR_PRES,L_STATE,DR_ZIP,L_STATUS,L_TYPE,CDL_STAT,L_ENDORS,L_COMPL,L_RESTRI,DR_HGT,DR_WGT,PREV_ACC,PREV_SUS,PREV_DWI,PREV_SPD,PREV_OTH,FIRST_MO,FIRST_YR,LAST_MO,LAST_YR,SPEEDREL,DR_SF1,DR_SF2,DR_SF3,DR_SF4,VTRAFWAY,VNUM_LAN,VSPD_LIM,VALIGN,VPROFILE,VPAVETYP,VSURCOND,VTRAFCON,VTCONT_F,P_CRASH1,P_CRASH2,P_CRASH3,PCRASH4,PCRASH5,ACC_TYPE,DEATHS,DR_DRINK
18,180566,1,3,1,6,10,16,32,12,6,1,0,39,1,23,421,23421,15,1994,1GKEK18KXRJ7,1,G,K,E,K,1,8,K,X,R,J,7,0,T,GMC,YUK,2W,94,17,,2,0,1115,YUK,G,,,8,350,,,,B,00000,00,A,44,0,0,000000000,00000000000,0,0,0,1,0,0,0,0,0,0,0,998,0,0,0,12,6,2,12,0,0,0,1,39,45052,6,1,0,0,3,0,72,140,0,0,0,1,0,8,2012,8,2012,0,38,0,0,0,1,2,55,1,1,2,1,0,0,11,15,1,1,1,68,1,1
18,180566,2,3,1,6,10,16,32,12,6,1,0,18,2,22,18,22018,2,2000,1G2NW12E6YM8,1,G,2,N,W,1,2,E,6,Y,M,8,0,P,PONT,GAG,CP,0,17,3091,,0,1070,,G,,F,6,207,,,16R225,,,,,,0,0,000000000,00000000000,0,0,0,1,0,0,0,0,0,0,0,998,0,0,0,9,6,2,12,0,0,0,1,18,47041,6,2,0,0,3,2,64,120,0,0,0,0,0,0,0,0,0,1,8,74,0,0,1,2,55,1,1,2,1,0,0,1,62,1,1,1,69,1,0
18,180566,3,3,1,6,10,16,32,12,6,1,0,18,1,20,403,20403,14,2005,1GNES16S6561,1,G,N,E,S,1,6,S,6,5,6,1,0,P,CHEV,TRL,UT,5,17,4773,,0,1290,,G,,F,6,256,,,17R245,,,,,,0,0,000000000,00000000000,0,0,0,1,0,0,0,0,0,0,0,0,0,0,0,12,6,2,12,0,0,0,1,18,47041,6,1,0,0,3,0,65,130,0,0,0,0,0,0,0,0,0,0,0,0,0,0,1,2,55,1,1,2,1,0,0,5,62,1,1,1,98,0,0
18,180567,1,2,2,6,10,21,22,12,6,1,0,18,1,20,2,20002,4,2002,2G1WH55K4291,2,G,1,W,H,5,5,K,4,2,9,1,0,P,CHEV,IPL,4D,2,17,3466,,0,1105,,G,,F,6,231,,,16R225,,,,,,0,0,000000000,00000000000,0,0,0,1,0,0,0,0,0,0,0,998,0,0,0,81,6,2,12,0,0,0,1,18,46151,6,1,8,0,3,1,72,155,0,0,0,0,1,4,2012,4,2012,0,38,0,0,0,2,4,30,4,3,2,1,21,3,14,17,1,1,1,87,1,1
18,180567,2,2,2,6,10,21,22,12,6,1,0,18,1,7,482,7482,31,2002,3B7KF26682M2,3,B,7,K,F,2,6,6,8,2,M,2,0,T,DODG,250,PK,2,17,,2,0,0,RPC,D,,,6,359,,,,C,4995,00,E,44,0,0,000000000,00000000000,0,0,0,1,0,0,0,0,0,0,0,998,0,0,0,12,6,2,12,0,0,0,1,18,46151,6,1,0,0,3,1,71,153,0,0,0,1,2,12,2009,9,2011,0,0,0,0,0,2,4,30,4,3,2,1,21,3,14,66,1,1,1,86,0,0
18,180568,1,1,1,28,9,23,55,30,0,1,0,18,2,14,38,14038,3,1999,1ZWFT61L5X56,1,Z,W,F,T,6,1,L,5,X,5,6,0,P,MERC,CU6,2H,99,17,2941,,0,1064,,G,,F,6,155,,,16R215,,,,,,0,0,000000000,00000000000,0,0,0,1,0,0,0,0,0,0,0,998,0,0,0,9,6,2,30,0,0,0,1,18,47562,6,2,0,0,3,0,65,120,0,0,0,0,0,0,0,0,0,0,58,0,0,0,1,2,55,1,1,2,1,0,0,1,87,8,2,4,8,1,0
18,180569,1,1,1,9,10,4,29,31,0,1,0,18,3,52,882,52882,61,2007,JLSBBD1S17K0,J,L,S,B,B,D,1,S,1,7,K,0,0,T,STRG,400,TB,7,17,,4,0,0,STE,D,,,4,299,,,,,00000,00,,42,0,99,999999999,99999999999,2,1,98,1,0,0,0,0,0,0,0,998,0,1,5,9,6,2,1,0,0,0,1,18,46203,6,1,0,0,3,0,71,275,0,1,0,1,3,8,2011,8,2012,0,58,0,0,0,3,2,65,1,1,2,1,0,0,1,13,3,1,5,1,1,0
18,180570,1,2,1,2,10,16,14,12,6,1,0,18,1,2,404,2404,14,2005,1J4GR48K05C6,1,J,4,G,R,4,8,K,0,5,C,6,0,T,JEEP,LCF,4W,5,17,,1,0,1095,GCK,G,,,6,226,,,,,4335,00,E,44,0,0,000000000,00000000000,0,0,0,1,0,0,0,0,0,0,0,998,0,0,0,12,6,2,12,0,0,0,1,18,47933,6,1,0,0,3,1,66,160,0,0,0,0,0,0,0,0,0,0,38,0,0,0,3,3,50,4,1,1,2,0,0,11,15,1,1,1,68,1,0
18,180570,2,2,1,2,10,16,14,12,6,1,0,18,1,20,401,20401,14,1993,1GNDT13ZXP21,1,G,N,D,T,1,3,Z,X,P,2,1,0,P,CHEV,S10,UT,93,17,3764,,0,1070,,G,,F,6,262,,,000000,,,,,,0,0,000000000,00000000000,0,0,0,1,0,0,0,0,0,0,0,998,0,0,0,62,6,2,12,0,0,0,1,18,47933,6,1,6,0,3,0,67,120,0,0,0,1,0,7,2010,7,2010,0,0,0,0,0,3,3,50,4,1,1,2,0,0,14,67,7,1,1,69,0,0
18,180571,1,2,1,9,9,19,35,11,0,1,0,1,1,51,881,51881,66,2007,4V4NC9TGX7N4,4,V,4,N,C,9,T,G,X,7,N,4,1,T,VOLV,VNL,TR,7,17,,8,0,0,VVN,D,,,6,915,,,,,00000,00,,64,1,57,1657138,571657138,3,6,1,1,0,0,0,0,0,0,0,998,0,0,0,12,6,2,12,0,0,0,1,12,32514,6,1,6,0,3,1,67,999,0,0,0,0,0,0,0,0,0,0,26,83,0,0,2,3,70,1,1,2,1,0,0,1,50,1,1,1,98,0,0
18,180571,2,2,3,9,9,19,35,11,0,1,0,39,2,18,7,18007,4,2002,2G4WS52J1211,2,G,4,W,S,5,2,J,1,2,1,1,0,P,BUIC,CCU,4D,2,17,3368,,0,1090,,G,,F,6,191,,,15R205,,,,,,0,0,000000000,00000000000,0,0,0,1,0,0,0,0,0,0,0,0,0,0,0,12,6,2,12,0,0,0,1,39,43119,6,1,6,0,3,0,67,220,0,0,0,0,0,0,0,0,0,0,83,0,0,0,2,3,70,1,1,2,1,0,0,5,87,4,1,1,13,2,0
18,180572,1,1,1,8,10,7,25,34,0,1,0,18,2,20,481,20481,31,1991,1GCDK14K3MZ1,1,G,C,D,K,1,4,K,3,M,Z,1,0,T,CHEV,GK1,PK,91,17,,1,1315,1175,GM4,G,,,8,350,,,,B,00000,00,,44,0,0,000000000,00000000000,0,0,0,1,0,0,0,0,0,0,0,998,0,1,5,14,6,2,1,0,0,0,1,18,46901,6,1,0,0,3,0,77,185,0,0,0,3,0,2,2012,8,2012,1,8,0,0,0,1,2,45,2,1,8,1,28,3,14,12,1,1,4,6,1,0
18,180573,1,2,1,13,10,11,5,12,6,1,0,17,2,55,35,55035,4,2012,KMHDH4AE9CU4,K,M,H,D,H,4,A,E,9,C,U,4,0,P,HYUN,EGM,4D,12,17,2661,,0,1063,,G,,F,4,110,,,17R215,,,,,,0,0,000000000,00000000000,0,0,0,1,0,0,0,0,0,0,0,998,0,0,0,81,6,2,12,0,0,0,1,17,60936,6,1,0,0,3,0,73,220,0,0,0,3,0,12,2009,2,2012,0,39,38,0,0,1,2,55,1,1,2,1,20,3,1,17,1,1,1,87,1,0
18,180573,2,2,2,13,10,11,5,12,6,1,0,18,1,12,481,12481,31,2002,2FTRX18L72CA,2,F,T,R,X,1,8,L,7,2,C,A,0,T,FORD,F15,4C,2,17,,2,1574,1388,COF,G,,,8,330,,,,B,4639,05,U,44,0,0,000000000,00000000000,0,0,0,1,0,0,0,0,0,0,0,998,0,0,0,12,6,2,12,0,0,0,1,18,47951,6,1,6,1,3,1,71,160,0,0,0,0,0,0,0,0,0,0,0,0,0,0,1,2,55,1,1,2,1,0,0,1,66,1,1,1,86,0,0
18,180574,1,1,2,12,10,6,30,8,0,1,0,18,1,7,26,7026,4,2008,1B3LC76M38N6,1,B,3,L,C,7,6,M,3,8,N,6,0,P,DODG,ART,4D,8,17,3568,,0,1089,,G,,F,6,214,,,18R215,,,,,,0,0,000000000,00000000000,0,0,0,1,0,0,0,0,0,0,0,998,0,0,0,12,6,2,8,0,0,0,1,18,47637,6,1,0,0,3,1,65,120,0,0,0,0,0,0,0,0,0,0,28,0,0,0,1,2,30,1,1,2,2,0,0,1,80,1,1,2,13,0,0
18,180575,1,1,1,26,8,1,14,33,0,1,0,21,2,53,706,53706,80,2000,JS1VT52A8Y21,J,S,1,V,T,5,2,A,8,Y,2,1,0,M,SUZI,TLR,RC,0,17,,,,,,,996,,2,,4,434,,,,,,,0,0,000000000,00000000000,0,0,0,1,0,0,0,0,0,0,0,998,0,0,0,14,6,2,14,0,0,0,1,18,47713,1,1,8,0,2,2,69,200,0,0,0,0,0,0,0,0,0,0,74,0,0,0,2,4,30,4,1,2,1,0,0,14,13,1,1,4,1,1,1
18,180577,1,1,3,13,10,22,22,8,0,1,0,18,2,12,3,12003,2,2000,1FAFP4043YF2,1,F,A,F,P,4,0,4,3,Y,F,2,0,P,FORD,MUS,CP,0,17,3066,,0,1013,,G,,F,6,232,,,15R205,,,,,,0,0,000000000,00000000000,0,0,0,1,0,0,0,0,0,0,0,998,0,0,0,12,6,2,8,0,0,0,1,18,46979,6,2,0,0,3,0,71,140,0,0,0,0,0,0,0,0,0,0,0,0,0,0,1,3,40,1,1,2,2,28,3,1,80,1,1,1,13,0,0
18,180578,1,3,3,19,9,6,20,12,6,1,0,21,2,20,2,20002,4,2002,2G1WF52E2292,2,G,1,W,F,5,2,E,2,2,9,2,0,P,CHEV,IMP,4D,2,17,3389,,0,1105,,G,,F,6,207,,,16R225,,,,,,0,0,000000000,00000000000,0,0,0,1,0,0,0,0,0,0,0,998,0,0,0,12,6,2,12,0,0,0,1,21,40229,1,1,0,0,2,0,66,120,0,0,0,0,0,0,0,0,0,0,8,28,0,0,1,2,55,2,1,2,1,0,0,14,10,1,1,2,65,2,0
18,180578,2,3,1,19,9,6,20,12,6,1,0,18,2,62,401,62401,14,1995,SALJY1246SA1,S,A,L,J,Y,1,2,4,6,S,A,1,0,T,LNDR,DIS,4W,95,17,,2,0,1000,DIS,G,,,8,241,,,,,4379,00,E,44,0,0,000000000,00000000000,0,0,0,1,0,0,0,0,0,0,0,998,0,0,0,63,6,2,12,0,0,0,1,18,47111,6,1,0,0,3,0,71,165,1,0,0,0,1,2,2012,5,2012,0,0,0,0,0,1,2,55,3,1,2,1,0,0,14,62,1,1,1,64,0,0
18,180578,3,3,1,19,9,6,20,12,6,1,0,18,1,12,481,12481,31,2001,1FTRW08L51KD,1,F,T,R,W,0,8,L,5,1,K,D,0,T,FORD,F1S,CW,1,17,,2,0,1388,COF,G,,,8,330,,,,B,4914,01,E,44,0,0,000000000,00000000000,0,0,0,1,0,0,0,0,0,0,0,998,0,0,0,1,6,2,12,0,0,0,1,18,47167,6,1,6,0,3,0,77,245,0,0,0,0,0,0,0,0,0,0,0,0,0,0,1,2,55,3,1,2,1,0,0,14,62,1,1,1,98,0,0
18,180579,1,2,1,11,10,15,32,12,7,1,0,18,3,87,881,87881,66,2007,1XP5DB9X57N6,1,X,P,5,D,B,9,X,5,7,N,6,1,T,PTRB,379,TR,7,17,,8,0,0,CON,D,,,6,893,,,,,00000,00,,64,1,57,000225330,57000225330,3,6,2,2,2,1993,3,2,0,0,0,998,0,1,1,11,6,2,2,0,0,1,1,18,47404,6,1,6,1,3,1,71,185,0,0,0,1,0,8,2010,8,2010,0,27,0,0,0,2,3,70,1,1,2,1,0,0,15,51,1,1,1,47,1,0
18,180579,2,2,1,11,10,15,32,12,7,1,0,12,3,20,2,20002,4,2012,2G1WF5E35C11,2,G,1,W,F,5,E,3,5,C,1,1,0,P,CHEV,IPL,4D,12,17,3555,,0,1105,,F,,F,6,220,,,16R225,,,,,,0,0,000000000,00000000000,0,0,0,1,0,0,0,0,0,0,0,998,0,0,0,1,6,2,2,0,0,1,1,18,46032,6,1,0,0,3,1,67,158,0,0,0,0,0,0,0,0,0,0,0,0,0,0,2,3,70,1,1,2,1,0,0,1,61,1,1,1,45,0,0
18,180580,1,2,1,17,10,9,3,12,1,1,0,39,3,82,881,82881,66,2012,1FVACXBS6CHB,1,F,V,A,C,X,B,S,6,C,H,B,1,T,FRHT,16M,CC,12,17,,7,0,0,FM2,D,,,6,505,,,,,00000,00,,42,1,57,000500737,57000500737,3,6,1,1,0,0,0,0,0,0,0,998,0,0,0,12,6,2,12,0,0,0,1,26,48708,6,1,6,0,3,1,71,330,0,0,0,1,0,9,2010,9,2010,0,26,0,0,0,1,3,60,1,1,2,1,1,3,1,50,1,1,1,20,1,0
18,180580,2,2,1,17,10,9,3,12,1,1,0,39,3,84,881,84881,66,2012,3HSDJSJR2CN6,3,H,S,D,J,S,J,R,2,C,N,6,1,T,INTL,PRO,TR,12,17,,8,0,0,PRO,D,,,6,793,,,,,00000,00,,64,1,57,000255968,57000255968,3,6,1,1,0,0,0,0,0,0,0,0,0,0,0,6,6,2,12,0,0,0,1,54,26170,6,1,6,0,3,0,70,300,0,0,0,0,1,7,2011,7,2011,0,0,0,0,0,1,3,60,1,1,2,1,1,3,5,53,1,1,1,22,0,0
18,180581,1,1,2,13,10,1,20,42,0,1,0,18,2,59,34,59034,4,1998,JT8BD68S2W00,J,T,8,B,D,6,8,S,2,W,0,0,0,P,LEXS,GS3,4D,98,17,3635,,0,1102,,G,,F,6,183,,,16R215,,,,,,0,0,000000000,00000000000,0,0,0,1,0,0,0,0,0,0,0,998,0,0,0,12,6,2,42,0,0,0,1,18,46373,1,1,0,0,2,0,73,165,0,5,0,2,3,5,2010,2,2012,0,8,0,0,0,2,2,40,2,1,2,1,0,0,14,12,4,1,4,6,1,1
18,180582,1,1,2,13,10,3,12,1,0,1,0,18,1,20,403,20403,14,2004,1GNDT13S4422,1,G,N,D,T,1,3,S,4,4,2,2,0,P,CHEV,TRL,UT,4,17,4612,,0,1130,,G,,F,6,256,,,16R245,,,,,,0,0,000000000,00000000000,0,0,0,1,0,0,0,0,0,0,0,998,0,1,5,0,6,2,1,0,0,0,1,18,46241,6,1,0,0,3,0,71,133,0,0,0,0,0,0,0,0,0,0,0,0,0,0,1,3,40,1,1,2,1,0,0,1,9,1,7,4,7,1,1
18,180583,1,1,1,18,10,20,53,9,0,1,0,26,1,49,402,49402,14,2010,JTMDK4DV4AD0,J,T,M,D,K,4,D,V,4,A,D,0,0,P,TOYT,RG4,UT,10,17,3675,,0,1047,,G,,F,6,214,,,17R225,,,,,,0,0,000000000,00000000000,0,0,0,1,0,0,0,0,0,0,0,998,0,0,0,12,4,3,9,36,0,0,1,26,49112,6,1,0,0,3,0,64,135,0,0,0,0,0,0,0,0,0,0,0,0,0,0,5,3,40,1,1,2,2,3,3,1,83,1,1,1,13,0,0
18,180584,1,1,1,22,10,6,20,42,0,1,0,18,1,12,471,12471,30,1988,1FTCR15T3JPB,1,F,T,C,R,1,5,T,3,J,P,B,0,T,FORD,RNS,PC,88,17,,1,0,1250,RNG,G,,,6,177,,,,B,3240,00,A,44,0,0,000000000,00000000000,0,0,0,1,0,0,0,0,0,0,0,998,0,1,5,12,6,2,1,0,0,0,1,18,47513,6,1,0,0,3,1,63,144,0,0,0,0,0,0,0,0,0,0,28,0,0,0,1,2,45,2,3,2,1,28,3,14,12,1,1,4,6,1,0
18,180586,1,1,2,21,10,17,50,1,0,1,0,18,1,72,706,72706,80,1992,1HD1BML1XNY0,1,H,D,1,B,M,L,1,X,N,Y,0,0,M,HD,FLF,RS,92,17,,,,,,,1340,,2,,4,650,,,,,,,0,0,000000000,00000000000,0,0,0,1,0,0,0,0,0,0,0,998,0,0,0,0,6,2,1,0,0,0,1,18,47421,6,1,0,0,3,0,70,185,0,2,1,0,2,10,2011,10,2011,0,91,0,0,0,1,2,50,3,1,2,1,0,0,14,87,7,1,4,1,1,1
18,180587,1,2,1,14,9,8,6,12,6,1,0,18,1,18,2,18002,4,2000,1G4HP54K1Y42,1,G,4,H,P,5,4,K,1,Y,4,2,0,P,BUIC,LCF,4D,0,17,3567,,0,1122,,G,,F,6,231,,,15R215,,,,,,0,0,000000000,00000000000,0,0,0,1,0,0,0,0,0,0,0,998,0,0,0,1,6,2,12,0,0,0,1,18,46524,6,1,0,0,3,1,70,185,0,0,0,0,0,0,0,0,0,0,38,0,0,0,5,4,50,1,1,2,2,1,3,11,15,1,1,1,82,1,0
18,180587,2,2,1,14,9,8,6,12,6,1,0,39,3,84,881,84881,66,1996,2HSFLAHN3TC0,2,H,S,F,L,A,H,N,3,T,C,0,1,T,INTL,920,TR,96,17,,7,1850,1260,920,D,,,6,661,,,,,00000,00,,42,3,57,000071693,57000071693,3,6,1,1,0,0,0,0,0,0,0,998,0,0,0,12,6,2,12,0,0,0,1,99,99999,9,9,99,9,9,9,999,999,99,99,99,99,99,99,9999,99,9999,0,0,0,0,0,5,4,50,1,1,2,2,0,0,1,67,1,1,1,83,0,0
18,180588,1,2,1,18,10,13,37,12,6,1,0,21,2,21,21,21021,4,2003,1G3NL52F73C1,1,G,3,N,L,5,2,F,7,3,C,1,0,P,OLDS,A/G,4D,3,17,3016,,0,1070,,G,,F,4,134,,,15R215,,,,,,0,0,000000000,00000000000,0,0,0,1,0,0,0,0,0,0,0,998,0,0,0,5,2,3,12,0,0,0,1,18,47130,0,0,0,0,0,0,71,212,0,0,0,0,0,0,0,0,0,0,91,0,0,0,2,2,35,1,1,1,1,20,3,10,16,1,1,1,70,0,0
18,180588,2,2,1,18,10,13,37,12,6,1,0,99,9,98,701,98701,81,9999,999999999999,9,9,9,9,9,9,9,9,9,9,9,9,0,,,,,,,,,,,,,,,,,,,,,,,,,0,0,000000000,00000000000,0,0,0,1,0,0,0,0,0,0,0,998,0,0,0,12,6,2,12,0,0,0,1,18,47130,0,0,0,0,0,0,67,160,0,0,0,0,0,0,0,0,0,0,35,0,0,0,2,2,35,1,1,1,1,20,3,6,51,1,1,1,71,1,0
18,180589,1,1,2,23,10,19,35,8,0,1,0,18,1,6,441,6441,20,2000,1C4GP54L0YB7,1,C,4,G,P,5,4,L,0,Y,B,7,0,T,CHRY,LXI,ES,0,17,,1,0,1193,TWC,G,,,6,230,,,,,3961,00,,42,0,0,000000000,00000000000,0,0,0,1,0,0,0,0,0,0,0,998,0,0,0,12,6,2,8,0,0,0,1,18,46151,6,1,0,0,3,0,66,140,0,0,0,0,0,0,0,0,0,0,0,0,0,0,1,3,40,1,1,2,1,0,0,1,80,1,1,1,13,0,0
18,180590,1,2,2,24,10,15,9,12,1,1,0,18,3,23,981,23981,50,1999,1GDL7T1C3XJ5,1,G,D,L,7,T,1,C,3,X,J,5,0,T,GMC,B7T,BU,99,17,,7,2737,1567,BSR,D,,,6,439,,,,,00000,00,,42,0,77,777777777,77777777777,3,21,22,1,0,0,0,0,1,0,0,0,0,0,0,6,2,1,12,0,0,0,1,18,47001,6,1,6,1,3,0,68,160,0,0,0,0,0,0,0,0,0,0,0,0,0,0,2,4,65,1,1,2,1,0,0,5,53,1,1,1,21,0,0
18,180590,2,2,2,24,10,15,9,12,1,1,0,18,1,12,481,12481,31,1994,1FTEF15N6RLB,1,F,T,E,F,1,5,N,6,R,L,B,0,T,FORD,F15,PK,94,17,,2,1330,1170,COF,G,,,8,302,,,,B,3886,01,M,42,0,0,000000000,00000000000,0,0,0,1,0,0,0,0,0,0,0,998,0,0,0,12,6,2,12,0,0,0,1,18,47001,6,1,0,0,3,1,73,205,0,0,0,0,0,0,0,0,0,0,0,0,0,0,2,4,65,1,1,2,1,0,0,1,50,1,1,1,20,1,0
18,180592,1,2,1,18,10,8,24,12,2,1,0,18,2,2,405,2405,14,2002,1J4GL48K32W1,1,J,4,G,L,4,8,K,3,2,W,1,0,T,JEEP,SPR,4W,2,17,,1,0,1043,LIB,G,,,6,226,,,,,3682,02,E,44,0,0,000000000,00000000000,0,0,0,1,0,0,0,0,0,0,0,998,0,0,0,12,6,2,12,0,0,0,1,18,47304,6,2,0,0,3,0,69,135,0,0,0,0,0,0,0,0,0,0,28,58,0,0,1,2,40,1,1,2,2,0,0,1,10,1,1,6,50,0,0
18,180592,2,2,1,18,10,8,24,12,2,1,0,18,2,69,54,69054,6,2008,WMWML33518TJ,W,M,W,M,L,3,3,5,1,8,T,J,0,P,MNNI,CBM,SW,8,17,2723,,0,1003,,G,,F,4,098,,,15R175,,,,,,0,0,000000000,00000000000,0,0,0,1,0,0,0,0,0,0,0,998,0,0,0,12,6,2,12,0,0,0,1,18,46904,6,1,0,0,3,0,73,175,0,0,0,0,1,6,2010,6,2010,0,0,0,0,0,1,2,40,1,1,2,2,0,0,1,62,1,1,1,51,1,0
18,180593,1,2,1,3,10,14,7,12,6,1,0,36,3,82,881,82881,66,2011,1FUJGLDR9BLB,1,F,U,J,G,L,D,R,9,B,L,B,1,T,FRHT,125,TR,11,17,,8,0,0,CSC,D,,,6,903,,,,,00000,00,,64,1,57,161310,57161310,3,6,1,1,0,0,0,0,0,0,0,998,0,0,0,12,6,2,12,0,0,0,1,42,18517,6,1,6,1,3,0,74,999,0,0,0,0,1,6,2011,6,2011,0,0,0,0,0,1,2,30,1,1,2,2,0,0,1,62,1,1,1,65,0,0
18,180593,2,2,1,3,10,14,7,12,6,1,0,18,1,12,471,12471,30,2001,1FTZR15U11TA,1,F,T,Z,R,1,5,U,1,1,T,A,0,T,FORD,RNS,PC,1,17,,1,0,1259,RNG,G,,,6,182,,,,B,3599,00,U,44,0,0,000000000,00000000000,0,0,0,1,0,0,0,0,0,0,0,998,0,0,0,3,6,2,12,0,0,0,1,18,47460,6,1,8,0,3,1,70,260,0,0,0,0,0,0,0,0,0,0,28,0,0,0,1,2,30,1,1,2,2,0,0,1,10,1,1,2,64,1,0
18,180594,1,2,1,24,10,11,23,12,8,1,0,18,1,12,3,12003,2,1995,1FALP4049SF2,1,F,A,L,P,4,0,4,9,S,F,2,0,P,FORD,MUS,CP,95,17,3077,,0,1013,,G,,F,6,232,,,15R205,,,,,,0,0,000000000,00000000000,0,0,0,1,0,0,0,0,0,0,0,998,0,0,0,11,6,2,12,0,0,0,1,18,46725,6,1,0,0,3,1,62,115,0,0,0,0,0,0,0,0,0,0,28,0,0,0,1,2,55,1,1,2,1,0,0,1,10,1,1,2,64,1,0
18,180594,2,2,1,24,10,11,23,12,8,1,0,18,3,98,804,98804,66,1999,2WKPDDCJ2XK9,2,W,K,P,D,D,C,J,2,X,K,9,1,T,WSTR,490,TR,99,17,,8,0,0,CNV,D,,,6,893,,,,,00000,00,,64,1,57,000328044,57000328044,3,6,10,1,0,0,0,0,0,0,0,998,0,0,0,7,2,1,12,0,0,0,1,18,46793,6,1,6,1,3,0,66,150,0,0,0,1,0,11,2011,11,2011,0,0,0,0,0,1,2,55,1,1,2,1,0,0,1,62,7,1,1,65,0,0
18,180595,1,2,1,25,10,22,2,12,1,1,0,18,1,72,706,72706,80,2004,1HD1FFW154Y6,1,H,D,1,F,F,W,1,5,4,Y,6,0,M,HD,TCI,RS,4,17,,,,,,,1450,,2,,4,776,,,,,,,0,0,000000000,00000000000,0,0,0,1,0,0,0,0,0,0,0,998,0,0,0,12,6,2,12,0,0,0,1,18,46237,6,1,0,0,3,0,69,200,0,0,0,0,0,0,0,0,0,1,0,0,0,0,1,2,35,1,1,2,1,0,0,1,50,1,1,1,20,1,1
18,180595,2,2,1,25,10,22,2,12,1,1,0,18,1,30,40,30040,4,1996,3VWSA81H2TM0,3,V,W,S,A,8,1,H,2,T,M,0,0,P,VOLK,JGS,4D,96,17,2639,,0,974,,G,,F,4,121,,,14R185,,,,,,0,0,000000000,00000000000,0,0,0,1,0,0,0,0,0,0,0,0,0,0,0,6,6,2,12,0,0,0,1,18,46219,6,1,0,0,3,0,71,152,0,0,0,0,0,0,0,0,0,0,0,0,0,0,1,2,35,1,1,2,1,0,0,5,53,1,1,1,21,0,0
18,180596,1,1,1,22,10,14,9,10,0,1,0,18,1,7,472,7472,30,2001,1B7GL22X41S2,1,B,7,G,L,2,2,X,4,1,S,2,0,T,DODG,DAK,PC,1,17,,1,0,1309,DAK,G,,,6,239,,,,B,3501,00,U,42,0,0,000000000,00000000000,0,0,0,1,0,0,0,0,0,0,0,998,0,0,0,9,6,2,10,0,0,0,1,18,46542,6,1,0,0,3,0,69,150,0,0,0,0,0,0,0,0,0,0,38,0,0,0,1,2,30,1,1,2,2,65,3,1,98,1,1,1,98,1,0
18,180597,1,2,1,27,10,8,8,12,6,1,0,18,1,63,32,63032,4,2002,KNADC1236261,K,N,A,D,C,1,2,3,6,2,6,1,0,P,KIA,RIO,4D,2,17,2242,,0,949,,G,,F,4,091,,,14R175,,,,,,0,0,000000000,00000000000,0,0,0,1,0,0,0,0,0,0,0,998,0,0,0,12,6,2,12,0,0,0,1,18,47805,6,1,0,0,3,1,63,117,0,0,0,0,0,0,0,0,0,0,39,0,0,0,1,2,40,1,1,2,1,20,3,1,17,1,1,1,86,1,0
18,180597,2,2,1,27,10,8,8,12,6,1,0,18,1,20,441,20441,20,1998,1GNDM19W3WB1,1,G,N,D,M,1,9,W,3,W,B,1,0,T,CHEV,AST,ES,98,17,,1,0,1112,AST,G,,,6,262,,,,B,4427,00,,42,0,0,000000000,00000000000,0,0,0,1,0,0,0,0,0,0,0,998,0,0,0,1,6,2,12,0,0,0,1,18,47804,6,1,0,0,3,1,71,260,0,0,0,0,0,0,0,0,0,0,0,0,0,0,1,2,40,1,1,2,1,0,0,1,66,1,1,1,87,0,0
18,180598,1,1,1,29,10,5,3,42,0,1,0,18,1,12,471,12471,30,2004,1FTZR45E94PA,1,F,T,Z,R,4,5,E,9,4,P,A,0,T,FORD,RNS,4C,4,17,,1,0,1259,RNG,G,,,6,245,,,,B,3945,00,U,44,0,0,000000000,00000000000,0,0,0,1,0,0,0,0,0,0,0,998,0,0,0,9,6,2,42,0,0,0,1,18,47421,6,1,0,0,3,0,66,160,0,0,0,0,0,0,0,0,0,0,0,0,0,0,1,2,35,3,2,2,1,0,0,14,12,3,2,4,6,1,1