STATE,ST_CASE,VEH_NO,VE_FORMS,NUMOCCS,DAY,MONTH,HOUR,MINUTE,HARM_EV,MAN_COLL,UNITTYPE,HIT_RUN,REG_STAT,OWNER,MAKE,MODEL,MAK_MOD,BODY_TYP,MOD_YEAR,VIN,VIN_1,VIN_2,VIN_3,VIN_4,VIN_5,VIN_6,VIN_7,VIN_8,VIN_9,VIN_10,VIN_11,VIN_12,TOW_VEH,VINTYPE,VINMAKE,VINA_MOD,VIN_BT,VINMODYR,VIN_LNGT,VIN_WGT,WGTCD_TR,WHLBS_LG,WHLBS_SH,SER_TR,FUELCODE,MCYCL_DS,CARBUR,CYLINDER,DISPLACE,MCYCL_CY,MCYCL_WT,TIRE_SZE,TON_RAT,TRK_WT,TRKWTVAR,VIN_REST,WHLDRWHL,J_KNIFE,MCARR_I1,MCARR_I2,MCARR_ID,GVWR,V_CONFIG,CARGO_BT,HAZ_INV,HAZ_PLAC,HAZ_ID,HAZ_CNO,HAZ_REL,BUS_USE,SPEC_USE,EMER_USE,TRAV_SP,UNDERIDE,ROLLOVER,ROLINLOC,IMPACT1,DEFORMED,TOWED,M_HARM,VEH_SC1,VEH_SC2,FIRE_EXP,DR_PRES,L_STATE,DR_ZIP,L_STATUS,L_TYPE,CDL_STAT,L_ENDORS,L_COMPL,L_RESTRI,DR_HGT,DR_WGT,PREV_ACC,PREV_SUS,PREV_DWI,PREV_SPD,PREV_OTH,FIRST_MO,FIRST_YR,LAST_MO,LAST_YR,SPEEDREL,DR_SF1,DR_SF2,DR_SF3,DR_SF4,VTRAFWAY,VNUM_LAN,VSPD_LIM,VALIGN,VPROFILE,VPAVETYP,VSURCOND,VTRAFCON,VTCONT_F,P_CRASH1,P_CRASH2,P_CRASH3,PCRASH4,PCRASH5,ACC_TYPE,DEATHS,DR_DRINK
18,180599,1,1,1,20,10,12,30,42,0,1,0,18,1,12,3,12003,1,2002,1FAFP44492F2,1,F,A,F,P,4,4,4,9,2,F,2,0,P,FORD,MUS,CV,2,17,3208,,0,1013,,G,,F,6,232,,,16R225,,,,,,0,0,000000000,00000000000,0,0,0,1,0,0,0,0,0,0,0,998,0,0,0,12,6,2,42,0,0,0,1,18,47260,6,1,0,0,3,0,65,210,0,0,0,0,3,8,2011,4,2012,0,0,0,0,0,1,2,55,1,1,2,1,0,0,1,13,1,1,4,1,1,0
18,180600,1,2,1,25,10,15,22,12,6,1,0,18,1,6,43,6043,1,2008,1C3LC65M78N6,1,C,3,L,C,6,5,M,7,8,N,6,0,P,CHRY,SLT,CV,8,17,3499,,0,1089,,G,,F,6,214,,,18R215,,,,,,0,0,000000000,00000000000,0,0,0,1,0,0,0,0,0,0,0,998,0,0,0,3,4,3,12,32,0,0,1,18,46947,6,1,0,0,3,1,66,175,0,0,0,0,0,0,0,0,0,0,38,0,0,0,2,8,45,1,1,2,1,20,3,1,17,1,1,1,87,0,0
18,180600,2,2,1,25,10,15,22,12,6,1,0,18,1,98,706,98706,80,2009,4MZAX03D9933,4,M,Z,A,X,0,3,D,9,9,3,3,0,U,,,,9,17,,,,,,,,,,,,,,,,,,,0,0,000000000,00000000000,0,0,0,1,0,0,0,0,0,0,0,998,0,0,0,12,6,2,12,0,0,0,1,18,46970,6,1,0,0,3,1,72,165,0,0,0,0,0,0,0,0,0,0,0,0,0,0,2,8,60,1,1,2,1,0,0,1,66,1,1,1,86,1,0
18,180601,1,2,4,27,10,14,0,12,6,1,0,18,2,20,20,20020,4,1996,2G1WL52M5T11,2,G,1,W,L,5,2,M,5,T,1,1,0,P,CHEV,LUM,4D,96,17,3330,,0,1075,,G,,F,6,191,,,15R205,,,,,,0,0,000000000,00000000000,0,0,0,1,0,0,0,0,0,0,0,998,0,0,0,12,6,2,12,0,0,0,1,18,47240,1,1,0,0,2,0,999,999,0,1,0,0,2,7,2010,7,2010,0,39,0,0,0,1,2,55,1,1,2,1,20,3,1,17,1,1,1,88,0,0
18,180601,2,2,2,27,10,14,0,12,6,1,0,18,1,2,404,2404,14,1999,1J4GW58SXXC5,1,J,4,G,W,5,8,S,X,X,C,5,0,T,JEEP,LRO,4W,99,17,,1,0,1059,GCK,G,,,6,242,,,,,3809,00,E,44,0,0,000000000,00000000000,0,0,0,1,0,0,0,0,0,0,0,998,0,1,5,9,6,2,12,0,0,0,1,18,46974,6,1,0,0,3,0,60,210,0,0,0,0,0,0,0,0,0,0,0,0,0,0,1,2,55,1,1,2,1,0,0,1,66,1,1,1,89,1,0
18,180602,1,1,1,21,10,7,56,33,0,1,0,18,1,12,401,12401,14,1997,1FMDU35P5VUB,1,F,M,D,U,3,5,P,5,V,U,B,0,P,FORD,EPR,UT,97,17,4166,,0,1115,,G,,F,8,302,,,15R225,,,,,,0,0,000000000,00000000000,0,0,0,1,0,0,0,0,0,0,0,998,0,0,0,14,6,2,30,0,0,0,1,18,46201,1,1,0,0,2,0,68,150,0,8,1,1,3,10,2010,7,2011,0,58,0,0,0,1,4,35,4,1,2,1,0,0,14,12,1,1,4,6,1,1
18,180603,1,2,1,19,10,19,55,12,2,1,0,18,1,55,33,55033,4,2007,5NPEU46F67H2,5,N,P,E,U,4,6,F,6,7,H,2,0,P,HYUN,SLI,4D,7,17,3458,,0,1074,,G,,F,6,204,,,17R225,,,,,,0,0,000000000,00000000000,0,0,0,1,0,0,0,0,0,0,0,998,0,0,0,12,6,2,12,0,0,0,1,18,47246,6,1,0,0,3,1,62,138,0,0,0,2,0,2,2010,11,2010,0,0,0,0,0,1,2,55,4,1,2,2,0,0,14,62,1,1,1,51,0,0
18,180603,2,2,2,19,10,19,55,12,2,1,0,18,1,12,441,12441,20,1993,1FMCA11U3PZC,1,F,M,C,A,1,1,U,3,P,Z,C,0,P,FORD,ARO,SV,93,17,3481,,0,1190,,G,,F,6,182,,,14R215,,,,,,0,0,000000000,00000000000,0,0,0,1,0,0,0,0,0,0,0,998,0,0,0,12,6,2,2,0,0,1,1,18,46156,6,1,0,0,3,1,61,160,0,0,0,0,0,0,0,0,0,0,28,0,0,0,1,2,55,4,1,2,2,0,0,14,10,1,2,2,50,2,0
18,180604,1,2,1,30,10,15,7,12,1,1,0,17,2,86,881,86881,66,2003,1M1AA18Y03W1,1,M,1,A,A,1,8,Y,0,3,W,1,1,T,MACK,CH6,TR,3,17,,8,0,0,600,D,,,6,728,,,,,00000,00,,64,1,57,000137042,57000137042,3,6,1,1,0,0,0,0,0,0,0,0,0,0,0,6,6,2,12,0,0,0,1,17,60426,6,1,6,1,3,0,72,182,0,1,0,0,0,5,2011,5,2011,0,54,0,0,0,1,2,60,1,1,2,1,0,0,5,2,1,1,1,21,0,0
18,180604,2,2,2,30,10,15,7,12,1,1,0,18,3,51,881,51881,66,2012,4V4NC9TH2CN5,4,V,4,N,C,9,T,H,2,C,N,5,1,T,VOLV,VNL,TR,12,17,,8,0,0,VVN,D,,,6,915,,,,,00000,00,,64,1,57,000606920,57000606920,3,6,1,1,0,0,0,0,0,0,0,998,0,0,0,12,6,2,12,0,0,0,1,18,46628,6,1,6,1,3,0,71,220,0,0,0,1,0,6,2012,6,2012,0,0,0,0,0,1,2,60,1,1,2,1,0,0,1,50,1,1,1,20,1,0
18,180605,1,1,1,28,10,20,51,8,0,1,0,18,2,12,461,12461,21,2011,1FTSS3EL8BDA,1,F,T,S,S,3,E,L,8,B,D,A,0,T,FORD,3SD,EC,11,17,,2,0,1380,VAN,G,,,8,330,,,,D,5485,00,E,42,0,0,000000000,00000000000,0,0,0,1,0,0,0,0,0,0,0,998,0,0,0,12,6,2,8,0,0,0,1,18,46260,6,1,6,0,3,2,68,182,0,0,0,0,0,0,0,0,0,0,74,0,0,0,6,1,55,1,3,2,1,0,0,1,80,1,1,1,13,0,0
18,180606,1,1,1,1,11,11,29,10,0,1,0,18,1,20,421,20421,15,1993,1GNCS13W3P21,1,G,N,C,S,1,3,W,3,P,2,1,0,P,CHEV,S10,UT,93,17,3363,,0,1070,,G,,F,6,262,,,000000,,,,,,0,0,000000000,00000000000,0,0,0,1,0,0,0,0,0,0,0,998,0,1,5,4,6,2,10,32,0,0,1,18,46992,6,1,0,0,3,0,67,209,0,0,0,0,0,0,0,0,0,0,39,0,0,0,1,2,30,1,2,2,1,65,3,1,91,1,1,1,15,1,0
18,180607,1,1,1,30,10,12,26,42,0,1,0,21,1,12,17,12017,4,2006,1FAFP53U17A1,1,F,A,F,P,5,3,U,1,7,A,1,0,P,FORD,TSE,4D,7,17,3307,,0,1085,,G,,F,6,183,,,16R215,,,,,,0,0,000000000,00000000000,0,0,0,1,0,0,0,0,0,0,0,80,0,0,0,12,6,2,32,0,0,0,1,21,40207,6,1,0,0,2,2,74,250,0,3,0,0,1,12,2009,9,2012,1,74,58,0,0,6,2,55,3,1,2,2,0,0,14,13,7,1,4,1,1,0
18,180608,1,1,1,30,10,18,0,34,0,1,0,18,1,12,471,12471,30,1997,1FTCR10A5VUD,1,F,T,C,R,1,0,A,5,V,U,D,0,T,FORD,RNG,PK,97,17,,1,1140,1080,RNG,G,,,4,140,,,,B,2970,01,E,42,0,0,000000000,00000000000,0,0,0,1,0,0,0,0,0,0,0,998,0,0,0,14,4,3,34,0,0,0,1,18,47957,6,1,0,0,3,0,69,235,0,0,0,0,0,0,0,0,0,0,0,0,0,0,1,2,55,1,1,2,1,0,0,1,13,1,1,4,1,1,1
18,180609,1,1,3,16,9,6,13,18,0,1,0,18,2,20,37,20037,4,2005,1G1ND52F35M1,1,G,1,N,D,5,2,F,3,5,M,1,0,P,CHEV,CLA,4D,5,17,3106,,0,1070,,G,,F,4,134,,,15R205,,,,,,0,0,000000000,00000000000,0,0,0,1,0,0,0,0,0,0,0,998,0,0,0,12,6,2,42,32,0,0,1,18,47220,6,1,0,0,3,0,69,200,0,1,0,0,0,1,2011,1,2011,1,8,0,0,0,1,2,30,1,1,9,2,0,0,1,13,1,1,4,1,1,1
18,180610,1,3,1,6,8,12,24,12,2,1,0,18,2,20,401,20401,14,1997,1GNCS18W9VK1,1,G,N,C,S,1,8,W,9,V,K,1,0,P,CHEV,BZR,UT,97,17,3515,,0,1005,,G,,F,6,262,,,15R205,,,,,,0,0,000000000,00000000000,0,0,0,1,0,0,0,0,0,0,0,998,0,0,0,12,6,2,12,0,0,0,1,18,47303,1,7,0,0,2,2,74,165,0,0,0,0,2,8,2011,8,2011,0,28,73,0,0,5,4,40,1,1,2,1,0,0,1,10,1,1,2,50,0,0
18,180610,2,3,1,6,8,12,24,12,2,1,0,18,1,37,31,37031,4,2004,2HGES26704H5,2,H,G,E,S,2,6,7,0,4,H,5,0,P,HOND,UAX,4D,4,17,2668,,0,1031,,G,,F,4,102,,,15R190,,,,,,0,0,000000000,00000000000,0,0,0,1,0,0,0,0,0,0,0,998,0,0,0,12,6,2,12,0,0,0,1,18,47304,6,1,0,0,3,0,64,140,0,0,0,0,0,0,0,0,0,0,0,0,0,0,5,4,40,1,1,2,1,0,0,1,62,1,1,1,51,1,0
18,180610,3,3,3,6,8,12,24,12,2,1,0,18,1,20,404,20404,14,2005,2CNDL63F6560,2,C,N,D,L,6,3,F,6,5,6,0,0,P,CHEV,EQU,UT,5,17,3660,,0,1125,,G,,F,6,208,,,16R235,,,,,,0,0,000000000,00000000000,0,0,0,1,0,0,0,0,0,0,0,998,0,0,0,12,2,1,12,0,0,0,1,18,47303,6,1,0,0,3,0,66,170,0,0,0,0,0,0,0,0,0,0,0,0,0,0,5,4,40,1,1,2,1,0,0,1,62,1,1,1,98,0,0
18,180611,1,2,1,30,8,21,23,12,6,1,0,18,1,12,3,12003,2,1995,1FALP4042SF1,1,F,A,L,P,4,0,4,2,S,F,1,0,P,FORD,MUS,CP,95,17,3077,,0,1013,,G,,F,6,232,,,15R205,,,,,,0,0,000000000,00000000000,0,0,0,1,0,0,0,0,0,0,0,998,0,0,0,12,6,2,12,0,0,0,1,18,46074,1,1,0,0,2,0,69,198,0,1,0,0,1,4,2012,4,2012,0,39,0,0,0,1,2,50,1,1,2,1,20,3,1,17,1,1,1,88,1,0
18,180611,2,2,1,30,8,21,23,12,6,1,0,18,1,22,401,22401,14,2003,3G7DB03E53S5,3,G,7,D,B,0,3,E,5,3,S,5,0,P,PONT,AZT,UT,3,17,4043,,0,1083,,G,,F,6,207,,,16R215,,,,,,0,0,000000000,00000000000,0,0,0,1,0,0,0,0,0,0,0,998,0,1,5,62,6,2,12,0,0,0,1,18,46902,6,1,0,0,3,1,74,180,0,1,0,0,1,11,2010,11,2010,0,0,0,0,0,1,2,50,1,1,2,1,0,0,1,66,1,1,1,89,0,0
18,180612,1,2,1,10,10,13,17,12,2,1,0,18,1,18,23,18023,4,2006,1G4HE57Y06U2,1,G,4,H,E,5,7,Y,0,6,U,2,0,P,BUIC,UXS,4D,6,17,4013,,0,1156,,G,,F,8,281,,,18R245,,,,,,0,0,000000000,00000000000,0,0,0,1,0,0,0,0,0,0,0,998,0,0,0,12,6,2,12,0,0,0,1,18,46038,6,1,0,0,3,1,73,210,0,0,0,0,0,0,0,0,0,0,28,0,0,0,5,2,35,1,1,2,1,0,0,1,10,1,1,2,50,1,0
18,180612,2,2,2,10,10,13,17,12,2,1,0,18,1,20,481,20481,31,2004,1GBE4C1204F5,1,G,B,E,4,C,1,2,0,4,F,5,0,T,CHEV,C4C,CH,4,17,,5,1880,1280,C45,D,,,8,403,,,,,00000,00,,42,0,0,000000000,00000000000,0,0,0,1,0,0,0,0,0,0,0,998,0,0,0,12,6,2,12,0,0,0,1,18,46055,6,1,0,0,3,0,67,143,0,0,0,0,0,0,0,0,0,0,0,0,0,0,5,2,35,1,1,2,1,0,0,1,62,4,1,1,51,0,0
18,180613,1,1,1,2,11,5,36,11,0,1,0,18,1,20,471,20471,30,2000,1GCEC19T7YZ1,1,G,C,E,C,1,9,T,7,Y,Z,1,0,T,CHEV,SC1,3C,0,17,,2,1575,1435,SIL,G,,,8,325,,,,B,4134,03,,42,0,0,000000000,00000000000,0,0,0,1,0,0,0,0,0,0,0,998,0,0,0,12,6,2,42,0,0,0,1,18,46732,6,1,0,0,3,0,64,165,0,1,1,1,0,4,2010,8,2010,0,58,0,0,0,1,2,55,1,2,2,1,0,0,1,87,1,1,1,13,1,0
18,180614,1,1,1,2,11,1,9,34,0,1,0,18,1,12,3,12003,2,1968,8T01T186028,8,T,0,1,T,1,8,6,0,2,8,,0,P,FORD,MUS,2T,68,11,2666,,0,1080,,G,,1,6,200,,,146.95,,,,,,0,0,000000000,00000000000,0,0,0,1,0,0,0,0,0,0,0,998,0,1,5,14,6,2,2,0,0,1,1,18,46703,6,1,0,0,3,0,66,200,0,6,1,0,1,1,2010,9,2011,1,28,0,0,0,1,2,55,2,1,2,1,28,3,14,6,1,4,4,7,1,1
18,180615,1,2,4,29,10,0,0,12,6,1,0,21,3,12,16,12016,4,2006,2FAHP71WX6X1,2,F,A,H,P,7,1,W,X,6,X,1,0,P,FORD,CVP,4D,6,17,0,,0,1147,,G,,F,8,281,,,17R235,,,,,,0,0,000000000,00000000000,0,0,0,1,0,0,0,0,0,1,0,998,0,0,0,3,6,2,2,42,0,1,1,21,40208,6,1,0,0,3,1,75,165,1,0,0,0,0,5,2012,5,2012,1,28,58,91,8,1,3,55,3,1,1,1,0,0,14,6,6,4,2,64,3,1
18,180615,2,2,1,29,10,0,0,12,6,1,0,18,2,19,3,19003,4,1989,1G6DW51YXKR7,1,G,6,D,W,5,1,Y,X,K,R,7,0,P,CADI,BRO,4D,89,17,4076,,0,1215,,G,,4,8,307,,,15R225,,,,,,0,0,000000000,00000000000,0,0,0,1,0,0,0,0,0,0,0,998,0,0,0,12,6,2,12,0,0,0,1,21,40205,6,1,0,0,3,0,79,170,0,0,0,0,0,0,0,0,0,0,0,0,0,0,1,3,55,2,1,1,1,0,0,14,63,1,1,1,65,1,0
18,180616,1,1,1,29,10,22,31,11,0,1,0,18,2,12,37,12037,3,2002,3FAFP31302R1,3,F,A,F,P,3,1,3,0,2,R,1,0,P,FORD,FZX,3P,2,17,2598,,0,1030,,G,,F,4,121,,,15R195,,,,,,0,0,000000000,00000000000,0,0,0,1,0,0,0,0,0,0,0,998,0,1,5,12,6,2,42,0,0,0,1,18,47118,6,1,0,0,3,0,66,190,0,0,0,0,0,0,0,0,0,0,0,0,0,0,1,2,50,1,3,2,1,0,0,1,87,1,1,1,13,1,0
18,180617,1,1,1,4,11,3,17,8,0,1,0,18,1,20,2,20002,4,2000,2G1WH55K9Y92,2,G,1,W,H,5,5,K,9,Y,9,2,0,P,CHEV,IPL,4D,0,17,3466,,0,1110,,G,,F,6,231,,,16R225,,,,,,0,0,000000000,00000000000,0,0,0,1,0,0,0,0,0,0,0,998,0,0,0,12,4,3,8,0,0,0,1,18,46706,6,1,0,0,3,1,62,130,0,1,0,2,2,7,2010,6,2012,0,0,0,0,0,5,4,35,1,1,2,1,0,0,1,80,1,1,1,13,0,0
18,180618,1,1,2,2,11,14,45,53,0,1,0,18,2,35,48,35048,2,2003,JN1AZ34E13T0,J,N,1,A,Z,3,4,E,1,3,T,0,0,P,NISS,3ZC,CP,3,17,3062,,0,1083,,G,,F,6,214,,,17R225,,,,,,0,0,000000000,00000000000,0,0,0,1,0,0,0,0,0,0,0,998,0,0,0,9,6,2,43,0,0,0,1,18,47374,6,1,5,0,3,2,74,225,0,0,0,0,0,0,0,0,0,1,8,74,0,0,1,2,35,1,3,2,1,0,0,1,13,3,3,4,2,1,0
18,180619,1,2,1,3,11,16,20,12,6,1,0,21,1,55,33,55033,4,2010,5NPET4AC7AH6,5,N,P,E,T,4,A,C,7,A,H,6,0,P,HYUN,SGL,4D,10,17,3292,,0,1074,,G,,F,4,144,,,16R215,,,,,,0,0,000000000,00000000000,0,0,0,1,0,0,0,0,0,0,0,998,0,0,0,9,6,2,12,0,0,0,1,21,40601,6,1,0,0,3,1,65,130,2,0,0,0,0,2,2012,5,2012,0,38,31,0,0,1,2,55,1,1,2,2,0,0,4,10,1,1,1,44,1,0
18,180619,2,2,1,3,11,16,20,12,6,1,0,18,1,49,50,49050,3,2011,JTKJF5C71B30,J,T,K,J,F,5,C,7,1,B,3,0,0,P,TOYT,SXC,2H,11,17,3060,,0,1063,,G,,F,4,152,,,18R225,,,,,,0,0,000000000,00000000000,0,0,0,1,0,0,0,0,0,0,0,998,0,0,0,12,6,2,12,0,0,0,1,18,47043,6,1,0,0,3,1,61,132,0,0,0,0,0,0,0,0,0,0,0,0,0,0,1,2,55,1,1,2,2,0,0,1,64,7,1,1,45,0,0
18,180620,1,1,1,4,11,21,20,59,0,1,0,18,2,47,31,47031,1,1995,YS3DF78V6S70,Y,S,3,D,F,7,8,V,6,S,7,0,0,P,SAA,90E,CV,95,17,3190,,0,1024,,G,,F,6,152,,,15R195,,,,,,0,0,000000000,00000000000,0,0,0,1,0,0,0,0,0,0,0,998,0,0,0,12,6,2,21,0,0,0,1,18,46774,6,1,0,0,3,0,60,120,0,0,0,1,0,8,2010,8,2010,0,0,0,0,0,1,2,40,3,2,2,1,0,0,14,13,1,1,4,1,1,0
18,180621,1,1,2,3,11,17,34,32,0,1,0,18,1,12,3,12003,1,2004,1FAFP45X24F1,1,F,A,F,P,4,5,X,2,4,F,1,0,P,FORD,MGT,CV,4,17,3254,,0,1013,,G,,F,8,281,,,17R245,,,,,,0,0,000000000,00000000000,0,0,0,1,0,0,0,0,0,0,0,998,0,1,5,12,6,2,32,32,0,0,1,18,47165,6,1,0,0,3,0,68,220,0,0,0,0,0,0,0,0,0,0,0,0,0,0,1,2,55,2,1,2,2,0,0,14,13,1,1,4,1,1,0
18,180622,1,2,1,5,11,9,44,12,6,1,0,18,1,13,2,13002,2,1998,1LNFM91V2WY6,1,L,N,F,M,9,1,V,2,W,Y,6,0,P,LINC,MK8,CP,98,17,3765,,0,1130,,G,,F,8,281,,,16R225,,,,,,0,0,000000000,00000000000,0,0,0,1,0,0,0,0,0,0,0,998,0,0,0,9,6,2,12,0,0,1,1,18,47302,6,1,0,0,3,0,71,190,0,0,0,0,0,0,0,0,0,1,39,8,0,0,5,4,30,1,1,2,1,1,3,1,17,1,1,1,89,1,1
18,180622,2,2,1,5,11,9,44,12,6,1,0,18,2,23,481,23481,31,2009,1GTEK19C29Z1,1,G,T,E,K,1,9,C,2,9,Z,1,0,T,GMC,SK1,4C,9,17,,2,1575,1339,SIE,G,,,8,293,,,,B,5263,02,4,44,0,0,000000000,00000000000,0,0,0,1,0,0,0,0,0,0,0,998,0,0,0,12,6,2,12,0,0,0,1,18,47356,6,1,0,0,3,1,67,215,0,0,0,0,0,0,0,0,0,0,0,0,0,0,5,4,30,1,1,2,1,0,0,1,66,1,1,1,88,0,0
18,180623,1,3,1,7,11,8,38,12,2,1,0,18,2,18,7,18007,4,2002,2G4WS52J4211,2,G,4,W,S,5,2,J,4,2,1,1,0,P,BUIC,CCU,4D,2,17,3368,,0,1090,,G,,F,6,191,,,15R205,,,,,,0,0,000000000,00000000000,0,0,0,1,0,0,0,0,0,0,0,998,0,0,0,12,6,2,12,0,0,0,1,18,46307,6,1,0,0,3,1,71,155,0,0,0,0,0,0,0,0,0,0,28,0,0,0,5,4,45,1,1,2,1,0,0,1,10,1,1,2,50,1,0
18,180623,2,3,3,7,11,8,38,12,2,1,0,18,2,23,401,23401,14,2005,1GKET16SX561,1,G,K,E,T,1,6,S,X,5,6,1,0,T,GMC,EXL,4W,5,17,,2,0,1290,ENV,G,,,6,256,,,,B,4954,00,E,44,0,0,000000000,00000000000,0,0,0,1,0,0,0,0,0,0,0,998,0,0,0,12,6,2,12,0,0,0,1,18,46368,6,1,0,0,3,0,60,140,0,0,0,0,0,0,0,0,0,0,0,0,0,0,5,4,45,1,1,2,1,0,0,1,62,1,1,1,51,0,0
18,180623,3,3,1,7,11,8,38,12,2,1,0,18,2,48,38,48038,6,2007,JF1GG616X7G8,J,F,1,G,G,6,1,6,X,7,G,8,0,P,SUBA,I25,SW,7,17,3071,,0,994,,G,,F,4,150,,,16R205,,,,,,0,0,000000000,00000000000,0,0,0,1,0,0,0,0,0,0,0,998,0,0,0,7,2,1,12,0,0,0,1,17,60914,6,1,0,0,3,1,68,160,0,0,0,0,0,0,0,0,0,0,0,0,0,0,5,4,45,1,1,2,1,0,0,1,62,1,1,1,98,0,0
18,180624,1,2,1,31,10,16,48,12,6,1,0,18,2,98,998,98998,92,2010,1H09870S4A07,1,H,0,9,8,7,0,S,4,A,0,7,0,U,,,,10,17,,,,,,,,,,,,,,,,,,,0,0,000000000,00000000000,0,0,0,1,0,0,0,0,0,0,0,998,0,0,0,12,2,1,12,0,0,0,1,18,46050,6,1,0,0,3,1,72,185,0,1,0,0,0,12,2009,12,2009,0,38,39,0,0,1,2,45,1,1,2,1,20,3,1,17,1,1,1,86,0,0
18,180624,2,2,6,31,10,16,48,12,6,1,0,18,1,7,442,7442,20,2001,2B8GP44GX1R1,2,B,8,G,P,4,4,G,X,1,R,1,0,T,DODG,GSP,ES,1,17,,1,0,1193,CAR,G,,,6,201,,,,,3989,00,E,42,0,0,000000000,00000000000,0,0,0,1,0,0,0,0,0,0,0,998,3,0,0,3,6,2,12,0,0,0,1,18,47918,6,1,0,0,3,2,69,235,0,0,0,0,0,0,0,0,0,0,74,0,0,0,1,2,45,1,1,2,1,0,0,1,66,1,1,1,87,3,0
18,180625,1,1,1,6,11,9,32,14,0,1,0,18,1,18,2,18002,4,2002,1G4HP54K1242,1,G,4,H,P,5,4,K,1,2,4,2,0,P,BUIC,LCF,4D,2,17,3567,,0,1122,,G,,F,6,231,,,15R215,,,,,,0,0,000000000,00000000000,0,0,0,1,0,0,0,0,0,0,0,998,0,0,0,12,6,2,19,0,0,0,1,18,47933,6,1,0,0,3,1,70,220,0,1,0,0,1,12,2010,3,2011,0,0,0,0,0,1,2,0,9,9,2,1,0,0,1,98,1,1,4,98,1,0
18,180626,1,2,1,7,11,14,25,12,6,1,0,18,1,51,46,51046,4,2002,YV1VS29542F8,Y,V,1,V,S,2,9,5,4,2,F,8,0,P,VOLV,S4T,4D,2,17,3068,,0,1009,,G,,T,4,119,,,15R195,,,,,,0,0,000000000,00000000000,0,0,0,1,0,0,0,0,0,0,0,998,0,0,0,9,6,2,12,0,0,0,1,18,47130,6,1,0,0,3,0,64,129,0,0,0,0,0,0,0,0,0,0,38,0,0,0,2,4,45,1,1,2,1,0,0,1,17,1,1,1,89,1,0
18,180626,2,2,1,7,11,14,25,12,6,1,0,18,1,12,481,12481,31,2011,1FTFW1EF7BFC,1,F,T,F,W,1,E,F,7,B,F,C,0,T,FORD,F1S,CW,11,17,,2,1570,1450,COF,F,,,8,305,,,,B,5577,01,7,44,0,0,000000000,00000000000,0,0,0,1,0,0,0,0,0,0,0,998,0,0,0,12,6,2,12,0,0,0,1,18,47130,6,1,0,0,3,0,62,125,0,0,0,0,0,0,0,0,0,0,0,0,0,0,2,4,45,1,1,2,1,0,0,1,71,1,1,1,88,0,0
18,180627,1,1,1,4,10,19,28,35,0,1,0,18,1,72,706,72706,80,2008,1HD1FS4498Y6,1,H,D,1,F,S,4,4,9,8,Y,6,0,M,HD,ATR,RS,8,17,,,,,,,1584,,2,,4,789,,,,,,,0,0,000000000,00000000000,0,0,0,1,0,0,0,0,0,0,0,998,0,0,0,12,6,2,35,0,0,0,1,18,47358,1,1,8,0,2,2,71,245,0,0,0,0,0,0,0,0,0,0,74,0,0,0,2,2,55,2,2,2,1,0,0,14,12,1,1,4,6,1,1
18,180628,1,2,2,5,11,16,0,12,2,1,0,18,1,20,37,20037,4,1999,1G1ND52T3X61,1,G,1,N,D,5,2,T,3,X,6,1,0,P,CHEV,MAL,4D,99,17,3051,,0,1070,,G,,F,4,146,,,15R215,,,,,,0,0,000000000,00000000000,0,0,0,1,0,0,0,0,0,0,0,998,0,0,0,12,6,2,12,0,0,0,1,18,47170,6,1,0,0,3,0,65,103,0,0,0,0,0,0,0,0,0,0,8,28,0,0,1,2,55,1,1,2,1,0,0,6,54,1,1,1,50,1,0
18,180628,2,2,1,5,11,16,0,12,2,1,0,18,1,7,482,7482,31,2007,3D7KS28C57G7,3,D,7,K,S,2,8,C,5,7,G,7,0,T,DODG,SQ2,CW,7,17,,2,1605,1405,RPC,D,,,6,359,,,,C,6271,07,E,44,0,0,000000000,00000000000,0,0,0,1,0,0,0,0,0,0,0,998,0,0,0,12,6,2,12,0,0,0,1,18,47229,6,1,0,0,3,1,71,240,0,0,0,0,0,0,0,0,0,0,0,0,0,0,1,2,55,1,1,2,1,0,0,1,62,1,1,1,51,0,0
18,180629,1,3,4,10,11,18,17,12,6,1,0,18,1,20,19,20019,4,1995,1G1LD5547SY1,1,G,1,L,D,5,5,4,7,S,Y,1,0,P,CHEV,CSA,4D,95,17,2745,,0,1034,,G,,F,4,133,,,14R195,,,,,,0,0,000000000,00000000000,0,0,0,1,0,0,0,0,0,0,0,998,0,0,0,3,6,2,12,0,0,0,1,18,47032,6,1,0,0,3,0,68,146,0,1,0,0,0,11,2011,11,2011,0,38,0,0,0,2,4,40,1,1,2,1,0,0,11,15,1,1,1,82,1,0
18,180629,2,3,2,10,11,18,17,12,6,1,0,18,1,52,402,52402,14,2005,4A4MN21SX5E0,4,A,4,M,N,2,1,S,X,5,E,0,0,P,MITS,END,UT,5,17,4079,,0,1083,,G,,F,6,231,,,17R235,,,,,,0,0,000000000,00000000000,0,0,0,1,0,0,0,0,0,0,0,998,0,0,0,12,6,2,12,0,0,0,1,18,47130,6,1,0,0,3,2,64,130,0,0,0,0,0,0,0,0,0,0,74,0,0,0,2,4,40,1,1,2,1,0,0,1,67,1,1,1,83,0,0