STATE,ST_CASE,VEH_NO,VE_FORMS,NUMOCCS,DAY,MONTH,HOUR,MINUTE,HARM_EV,MAN_COLL,UNITTYPE,HIT_RUN,REG_STAT,OWNER,MAKE,MODEL,MAK_MOD,BODY_TYP,MOD_YEAR,VIN,VIN_1,VIN_2,VIN_3,VIN_4,VIN_5,VIN_6,VIN_7,VIN_8,VIN_9,VIN_10,VIN_11,VIN_12,TOW_VEH,VINTYPE,VINMAKE,VINA_MOD,VIN_BT,VINMODYR,VIN_LNGT,VIN_WGT,WGTCD_TR,WHLBS_LG,WHLBS_SH,SER_TR,FUELCODE,MCYCL_DS,CARBUR,CYLINDER,DISPLACE,MCYCL_CY,MCYCL_WT,TIRE_SZE,TON_RAT,TRK_WT,TRKWTVAR,VIN_REST,WHLDRWHL,J_KNIFE,MCARR_I1,MCARR_I2,MCARR_ID,GVWR,V_CONFIG,CARGO_BT,HAZ_INV,HAZ_PLAC,HAZ_ID,HAZ_CNO,HAZ_REL,BUS_USE,SPEC_USE,EMER_USE,TRAV_SP,UNDERIDE,ROLLOVER,ROLINLOC,IMPACT1,DEFORMED,TOWED,M_HARM,VEH_SC1,VEH_SC2,FIRE_EXP,DR_PRES,L_STATE,DR_ZIP,L_STATUS,L_TYPE,CDL_STAT,L_ENDORS,L_COMPL,L_RESTRI,DR_HGT,DR_WGT,PREV_ACC,PREV_SUS,PREV_DWI,PREV_SPD,PREV_OTH,FIRST_MO,FIRST_YR,LAST_MO,LAST_YR,SPEEDREL,DR_SF1,DR_SF2,DR_SF3,DR_SF4,VTRAFWAY,VNUM_LAN,VSPD_LIM,VALIGN,VPROFILE,VPAVETYP,VSURCOND,VTRAFCON,VTCONT_F,P_CRASH1,P_CRASH2,P_CRASH3,PCRASH4,PCRASH5,ACC_TYPE,DEATHS,DR_DRINK
18,180732,1,1,3,21,12,18,18,16,0,1,0,18,1,35,43,35043,4,2005,3N1CB51DX5L5,3,N,1,C,B,5,1,D,X,5,L,5,0,P,NISS,S18,4D,5,17,2387,,0,998,,G,,F,4,108,,,15R195,,,,,,0,0,000000000,00000000000,0,0,0,1,0,0,0,0,0,0,0,998,0,0,0,0,6,2,16,0,0,0,1,18,46350,6,1,0,0,3,0,65,135,0,0,0,0,0,0,0,0,0,0,0,0,0,0,1,2,55,1,1,2,1,0,0,1,98,1,1,1,0,1,0
18,180733,1,4,1,28,10,9,47,12,1,1,0,18,1,18,22,18022,4,2007,2G4WD5823711,2,G,4,W,D,5,8,2,3,7,1,1,0,P,BUIC,LAL,4D,7,17,3502,,0,1105,,G,,F,6,232,,,16R225,,,,,,0,0,000000000,00000000000,0,0,0,1,0,0,0,0,0,0,0,998,0,0,0,12,6,2,12,0,0,0,1,18,46113,6,1,0,0,3,1,72,190,0,0,0,0,0,0,0,0,0,0,26,0,0,0,1,3,40,1,1,2,1,28,3,1,51,1,1,1,32,1,0
18,180733,2,4,1,28,10,9,47,12,1,1,0,18,1,7,442,7442,20,2006,1D8GP45R36B5,1,D,8,G,P,4,5,R,3,6,B,5,0,P,DODG,CAR,SV,6,17,3851,,0,1133,,G,,F,6,201,,,16R215,,,,,,0,0,000000000,00000000000,0,0,0,1,0,0,0,0,0,0,0,998,0,0,0,6,2,1,12,0,0,0,1,18,46107,6,1,0,0,3,1,65,200,0,0,0,0,0,0,0,0,0,0,0,0,0,0,1,3,40,1,1,2,1,28,3,1,53,1,1,1,32,0,0
18,180733,3,4,1,28,10,9,47,12,1,1,0,18,1,7,25,7025,5,2011,1B3CB3HA3BD2,1,B,3,C,B,3,H,A,3,B,D,2,0,P,DODG,CMS,4D,11,17,3012,,0,1037,,G,,F,4,122,,,17R215,,,,,,0,0,000000000,00000000000,0,0,0,1,0,0,0,0,0,0,0,998,0,0,0,81,2,1,12,0,0,0,1,18,46970,6,1,0,0,3,0,64,140,0,0,0,0,0,0,0,0,0,0,0,0,0,0,1,3,40,1,1,2,1,28,3,1,60,1,1,1,98,0,0
18,180733,4,4,1,28,10,9,47,12,1,1,0,18,1,20,471,20471,30,2003,2GCEC19T5312,2,G,C,E,C,1,9,T,5,3,1,2,0,T,CHEV,SC1,4C,3,17,,2,1575,1435,SIL,G,,,8,325,,,,B,4534,03,,42,0,0,000000000,00000000000,0,0,0,1,0,0,0,0,0,0,0,998,0,0,0,9,2,1,12,0,0,0,1,18,46203,6,2,0,0,3,0,70,198,1,0,0,0,0,12,2010,12,2010,0,0,0,0,0,1,3,40,1,1,2,1,28,3,1,60,1,1,1,98,0,0
18,180734,1,2,1,26,11,6,4,12,6,1,0,18,1,98,701,98701,81,2012,LLBWBZ4FX000,L,L,B,W,B,Z,4,F,X,0,0,0,0,U,,,,12,17,,,,,,,,,,,,,,,,,,,0,0,000000000,00000000000,0,0,0,1,0,0,0,0,0,0,0,998,0,0,0,12,6,2,12,0,0,0,1,6,94564,1,1,0,0,2,0,71,200,0,3,1,0,0,8,2010,8,2012,0,38,0,0,0,2,4,60,1,1,1,1,20,3,11,15,1,1,1,76,1,0
18,180734,2,2,1,26,11,6,4,12,6,1,0,18,1,2,405,2405,14,2006,1J4GL58K76W1,1,J,4,G,L,5,8,K,7,6,W,1,0,T,JEEP,LMD,4W,6,17,,1,0,1043,LIB,G,,,6,226,,,,,3892,00,E,44,0,0,000000000,00000000000,0,0,0,1,0,0,0,0,0,0,0,998,0,0,0,3,6,2,12,0,0,0,1,18,46941,6,1,0,0,3,1,60,124,0,0,0,0,0,0,0,0,0,0,0,0,0,0,2,4,60,1,1,1,1,0,0,1,65,1,1,1,77,0,0
18,180735,1,2,1,27,12,14,42,12,6,1,0,18,3,20,421,20421,15,2003,1GNDT13S1322,1,G,N,D,T,1,3,S,1,3,2,2,0,P,CHEV,TRL,UT,3,17,4600,,0,1130,,G,,F,6,256,,,16R245,,,,,,0,0,000000000,00000000000,0,0,0,1,0,0,0,0,0,0,0,998,0,0,0,12,6,2,12,0,0,0,1,17,62450,6,1,0,0,3,0,69,200,0,0,0,0,0,0,0,0,0,0,0,0,0,0,3,4,45,1,1,2,2,3,3,1,62,1,1,1,69,0,0
18,180735,2,2,2,27,12,14,42,12,6,1,0,18,1,18,2,18002,4,2002,1G4HR54KX2U1,1,G,4,H,R,5,4,K,X,2,U,1,0,P,BUIC,LLF,4D,2,17,3591,,0,1122,,G,,F,6,231,,,15R215,,,,,,0,0,000000000,00000000000,0,0,0,1,0,0,0,0,0,0,0,998,0,0,0,3,6,2,12,0,0,0,1,18,47501,6,1,0,0,3,0,70,190,0,0,0,0,0,0,0,0,0,0,39,0,0,0,3,4,45,1,1,2,2,3,3,11,15,1,1,1,68,1,0
18,180736,1,1,3,14,12,18,10,1,0,1,0,18,1,12,37,12037,3,2003,3FAFP31333R1,3,F,A,F,P,3,1,3,3,3,R,1,0,P,FORD,FZX,3P,3,17,2551,,0,1030,,G,,F,4,121,,,15R195,,,,,,0,0,000000000,00000000000,0,0,0,1,0,0,0,0,0,0,0,998,0,2,5,0,6,2,1,0,0,0,1,18,46501,6,1,0,0,3,1,65,140,0,0,0,1,2,3,2010,3,2011,0,58,0,0,0,2,4,60,1,1,2,1,0,0,1,87,7,1,4,1,2,0
18,180737,1,2,1,8,8,21,29,12,1,1,0,18,1,98,701,98701,81,2008,LBXTCB3058X0,L,B,X,T,C,B,3,0,5,8,X,0,0,U,,,,8,17,,,,,,,,,,,,,,,,,,,0,0,000000000,00000000000,0,0,0,1,0,0,0,0,0,0,0,998,0,0,0,6,6,2,12,0,0,0,1,18,47240,0,0,0,0,0,0,72,149,0,0,0,0,0,0,0,0,0,0,23,0,0,0,1,2,55,1,2,2,2,0,0,1,53,1,1,1,32,1,0
18,180737,2,2,1,8,8,21,29,12,1,1,0,18,1,12,17,12017,4,2001,1FAFP53251G2,1,F,A,F,P,5,3,2,5,1,G,2,0,P,FORD,TSE,4D,1,17,3354,,0,1085,,F,,F,6,182,,,16R215,,,,,,0,0,000000000,00000000000,0,0,0,1,0,0,0,0,0,0,0,998,0,0,0,12,2,1,12,0,0,0,1,18,46156,6,1,0,0,3,1,64,200,0,0,0,0,0,0,0,0,0,0,0,0,0,0,1,2,55,1,2,2,2,0,0,1,51,1,1,1,32,0,0
18,180738,1,2,1,23,9,14,38,12,6,1,1,18,1,12,401,12401,14,1999,1FTRX18W8XNA,1,F,T,R,X,1,8,W,8,X,N,A,0,T,FORD,F15,4C,99,17,,2,1574,1388,COF,G,,,8,281,,,,B,00000,00,U,44,0,0,000000000,00000000000,0,0,0,1,0,0,0,0,0,0,0,998,0,0,0,12,6,2,12,0,0,0,1,18,47993,6,1,0,0,3,0,75,170,0,0,0,0,1,2,2011,2,2011,0,38,91,0,0,1,2,50,1,1,2,1,20,3,1,17,1,1,1,88,0,0
18,180738,2,2,1,23,9,14,38,12,6,1,0,18,1,53,706,53706,80,2005,JS1VS55A4521,J,S,1,V,S,5,5,A,4,5,2,1,0,M,SUZI,C50,RS,5,17,,,,,,,805,,2,,4,542,,,,,,,0,0,000000000,00000000000,0,0,0,1,0,0,0,0,0,0,0,998,0,0,0,9,6,2,12,0,0,0,1,18,47987,6,1,8,0,3,2,72,265,0,0,0,0,0,0,0,0,0,0,74,0,0,0,1,2,50,1,1,2,1,0,0,1,66,1,1,1,89,1,0
18,180739,1,1,1,14,11,12,55,42,0,1,0,21,1,63,32,63032,4,2009,KNADE2231965,K,N,A,D,E,2,2,3,1,9,6,5,0,P,KIA,RBL,4D,9,17,2365,,0,984,,G,,F,4,098,,,14R185,,,,,,0,0,000000000,00000000000,0,0,0,1,0,0,0,0,0,0,0,998,0,0,0,12,6,2,42,0,0,1,1,21,40216,6,1,0,0,3,0,72,250,3,0,0,1,0,3,2010,12,2010,0,0,0,0,0,1,2,45,9,9,2,1,0,0,1,13,1,1,4,1,1,0
18,180740,1,3,1,30,11,17,42,12,1,1,0,18,1,12,481,12481,31,1999,1FTNX21F7XEA,1,F,T,N,X,2,1,F,7,X,E,A,0,T,FORD,F2S,4C,99,17,,2,1580,1418,SRW,D,,,8,444,,,,C,5635,01,E,44,0,0,000000000,00000000000,0,0,0,1,0,0,0,0,0,0,0,998,0,0,0,12,6,2,12,0,0,0,1,18,46938,6,1,0,0,3,0,72,188,0,0,0,0,0,0,0,0,0,0,8,28,58,26,1,2,55,1,1,2,1,28,3,1,52,1,1,1,28,0,0
18,180740,2,3,2,30,11,17,42,12,1,1,0,17,1,35,47,35047,4,2009,1N4AL21E39N4,1,N,4,A,L,2,1,E,3,9,N,4,0,P,NISS,ATS,4D,9,17,3179,,0,1093,,G,,F,4,153,,,16R215,,,,,,0,0,000000000,00000000000,0,0,0,1,0,0,0,0,0,0,0,998,0,0,0,6,2,1,12,0,0,0,1,18,46307,6,1,0,0,3,0,73,155,0,0,0,1,0,7,2011,7,2011,0,0,0,0,0,1,2,55,1,1,2,1,28,3,2,53,4,1,1,29,0,0
18,180740,3,3,2,30,11,17,42,12,1,1,0,18,1,18,23,18023,4,2011,1G4HC5EM4BU1,1,G,4,H,C,5,E,M,4,B,U,1,0,P,BUIC,UXL,4D,11,17,3806,,0,1156,,F,,F,6,238,,,17R235,,,,,,0,0,000000000,00000000000,0,0,0,1,0,0,0,0,0,0,0,998,0,0,0,12,6,2,12,0,0,0,1,18,47396,6,1,0,0,3,0,69,171,0,0,0,0,0,0,0,0,0,0,0,0,0,0,1,2,55,1,1,2,1,28,3,1,62,1,1,1,98,2,0
18,180741,1,1,1,10,11,15,40,9,0,1,1,18,2,20,481,20481,31,1999,1GCEC19R9XR1,1,G,C,E,C,1,9,R,9,X,R,1,0,T,CHEV,GC1,3C,99,17,,2,0,1415,GM4,G,,,8,350,,,,B,4145,00,,42,0,0,000000000,00000000000,0,0,0,1,0,0,0,0,0,0,0,998,0,0,0,12,4,3,9,0,0,0,1,18,46201,1,1,0,0,2,2,67,140,0,0,0,0,0,0,0,0,0,0,74,26,0,0,1,4,35,1,1,2,1,3,3,1,80,1,1,1,13,0,0
18,180742,1,2,1,24,11,19,50,12,6,1,0,17,1,20,481,20481,31,2011,1GCRKSE30BZ2,1,G,C,R,K,S,E,3,0,B,Z,2,0,T,CHEV,2SK,4C,11,17,,2,1575,1435,SIL,F,,,8,323,,,,B,5286,02,,44,0,0,000000000,00000000000,0,0,0,1,0,0,0,0,0,0,0,998,0,0,0,1,6,2,12,0,0,0,1,17,61822,6,1,0,0,3,0,70,185,0,0,0,0,0,0,0,0,0,0,0,0,0,0,2,4,45,1,1,2,1,1,3,1,17,2,1,1,87,0,0
18,180742,2,2,1,24,11,19,50,12,6,1,0,18,2,12,471,12471,30,2002,1FTYR10D22PB,1,F,T,Y,R,1,0,D,2,2,P,B,0,T,FORD,RNG,PK,2,17,,1,1175,1116,RNG,G,,,4,140,,,,B,3085,03,E,42,0,0,000000000,00000000000,0,0,0,1,0,0,0,0,0,0,0,998,0,0,0,12,6,2,12,0,0,0,1,18,46235,6,1,0,0,3,0,70,179,0,0,0,0,1,4,2010,4,2010,0,39,0,0,0,2,4,45,1,1,2,1,1,3,1,17,1,1,1,86,1,0
18,180743,1,2,1,3,12,11,41,12,6,1,0,18,1,13,13,13013,4,2006,3LNHM26166R6,3,L,N,H,M,2,6,1,6,6,R,6,0,P,LINC,ZHR,4D,6,17,3406,,0,1074,,G,,F,6,183,,,17R225,,,,,,0,0,000000000,00000000000,0,0,0,1,0,0,0,0,0,0,0,998,0,0,0,12,6,2,12,0,0,0,1,18,46939,6,1,0,0,3,0,63,160,0,0,0,0,0,0,0,0,0,0,0,0,0,0,1,2,55,1,2,2,2,0,0,1,62,7,1,2,69,0,0
18,180743,2,2,1,3,12,11,41,12,6,1,0,18,1,55,36,55036,4,2003,KMHCG45C63U4,K,M,H,C,G,4,5,C,6,3,U,4,0,P,HYUN,AGL,4D,3,17,2280,,0,961,,G,,F,4,098,,,13R175,,,,,,0,0,000000000,00000000000,0,0,0,1,0,0,0,0,0,0,0,998,0,0,0,2,6,2,12,0,0,0,1,18,46996,6,1,0,0,3,1,66,165,0,0,0,0,0,0,0,0,0,0,38,48,0,0,1,2,55,1,2,2,2,0,0,11,15,1,1,1,68,1,0
18,180744,1,2,1,6,12,7,7,12,6,1,0,18,1,18,20,18020,4,1998,2G4WF5219W15,2,G,4,W,F,5,2,1,9,W,1,5,0,P,BUIC,R/G,4D,98,17,3425,,0,1090,,G,,Z,6,231,,,16R225,,,,,,0,0,000000000,00000000000,0,0,0,1,0,0,0,0,0,0,0,998,0,0,0,9,6,2,12,0,0,0,1,18,46012,6,1,0,0,3,1,71,205,0,0,0,0,0,0,0,0,0,0,0,0,0,0,1,2,30,1,1,2,1,0,0,13,17,1,1,1,98,1,0
18,180744,2,2,1,6,12,7,7,12,6,1,0,18,1,22,32,22032,6,2008,5Y2SL65898Z4,5,Y,2,S,L,6,5,8,9,8,Z,4,0,P,PONT,VIB,4H,8,17,2700,,0,1024,,G,,F,4,110,,,16R205,,,,,,0,0,000000000,00000000000,0,0,0,1,0,0,0,0,0,0,0,998,0,0,0,12,6,2,12,0,0,0,1,18,46012,6,1,0,0,3,0,71,190,0,0,0,0,0,0,0,0,0,0,84,0,0,0,1,2,30,1,1,2,1,0,0,1,17,1,1,1,98,0,0
18,180745,1,1,1,21,12,1,3,30,0,1,0,18,2,12,13,12013,2,2001,3FAFP11331R1,3,F,A,F,P,1,1,3,3,1,R,1,0,P,FORD,ZX2,CP,1,17,2462,,0,984,,G,,F,4,121,,,15R185,,,,,,0,0,000000000,00000000000,0,0,0,1,0,0,0,0,0,0,0,998,0,0,0,9,6,2,30,0,0,0,1,18,46242,1,1,0,0,2,2,78,205,0,1,1,0,0,2,2010,6,2010,0,87,74,0,0,1,3,40,1,1,2,10,0,0,1,13,1,2,4,2,1,1
18,180746,1,1,2,19,11,0,36,42,0,1,0,18,1,7,482,7482,31,2003,1D7HU18D13J6,1,D,7,H,U,1,8,D,1,3,J,6,0,T,DODG,SQ1,CW,3,17,,2,1605,1405,RPC,G,,,8,345,,,,B,5005,02,E,44,0,0,000000000,00000000000,0,0,0,1,0,0,0,0,0,0,0,998,0,0,0,9,6,2,42,0,0,0,1,18,47001,6,1,0,0,3,0,70,165,0,3,0,1,1,3,2011,5,2012,1,8,91,0,0,1,2,20,2,2,2,1,0,0,14,6,1,2,4,7,1,1
18,180747,1,1,1,21,11,16,38,59,0,1,0,18,1,37,706,37706,80,2003,JH2SC45383M3,J,H,2,S,C,4,5,3,8,3,M,3,0,M,HOND,RV1,RC,3,17,,,,,,,999,,2,,4,437,,,,,,,0,0,000000000,00000000000,0,0,0,1,0,0,0,0,0,0,0,998,0,0,0,12,6,2,59,0,0,0,1,18,47167,1,1,0,0,2,2,70,160,0,0,0,0,1,11,2010,11,2010,1,74,0,0,0,1,2,45,2,2,2,1,0,0,14,12,1,1,4,6,1,0
18,180748,1,1,1,5,5,8,5,42,0,1,0,18,1,20,421,20421,15,2001,1GNCS18WX1K2,1,G,N,C,S,1,8,W,X,1,K,2,0,P,CHEV,BZR,UT,1,17,3699,,0,1005,,G,,F,6,262,,,15R235,,,,,,0,0,000000000,00000000000,0,0,0,1,0,0,0,0,0,0,0,998,0,0,0,12,6,2,42,0,0,0,1,18,47143,1,1,0,0,2,2,68,114,5,6,1,1,1,9,2010,2,2012,0,28,74,0,0,1,2,30,1,1,2,2,0,0,1,12,1,1,4,6,1,0
18,180749,1,1,1,13,7,8,15,35,0,1,0,18,1,18,18,18018,4,1997,1G4NJ52M8VC4,1,G,4,N,J,5,2,M,8,V,C,4,0,P,BUIC,SLG,4D,97,17,2985,,0,1034,,G,,F,6,191,,,16R205,,,,,,0,0,000000000,00000000000,0,0,0,1,0,0,0,0,0,0,0,998,0,1,5,14,6,2,42,0,0,0,1,18,47043,6,1,0,0,3,0,62,140,0,0,0,0,0,0,0,0,0,0,0,0,0,0,1,2,40,1,2,2,1,0,0,1,13,1,1,4,1,1,0
19,190001,1,2,1,16,3,6,0,12,8,1,0,19,2,12,401,12401,14,1993,1FMDU34X6PUD,1,F,M,D,U,3,4,X,6,P,U,D,0,P,FORD,EPR,UT,93,17,3997,,0,1120,,G,,F,6,245,,,15R225,,,,,,0,0,000000000,00000000000,0,0,0,1,0,0,0,0,0,0,0,998,0,1,5,11,6,2,12,0,0,0,1,19,51250,0,0,0,0,0,0,999,999,0,0,0,0,0,0,0,0,0,0,0,0,0,0,1,2,55,1,2,2,2,0,0,1,10,1,1,2,64,1,0
19,190001,2,2,1,16,3,6,0,12,8,1,0,19,3,20,421,20421,15,2004,1GNEK13Z64J1,1,G,N,E,K,1,3,Z,6,4,J,1,0,P,CHEV,KTA,UT,4,17,5050,,0,1160,,F,,F,8,325,,,16R265,,,,,,0,0,000000000,00000000000,0,0,0,1,0,0,0,0,0,0,0,998,0,0,0,11,6,2,12,0,0,0,1,19,51250,6,1,0,0,3,3,74,215,0,0,0,0,0,0,0,0,0,0,0,0,0,0,1,2,55,1,2,2,2,0,0,1,62,1,1,1,65,0,0
19,190002,1,2,1,1,1,4,16,12,2,1,0,19,3,84,881,84881,63,2008,2HSCEAHRX8C6,2,H,S,C,E,A,H,R,X,8,C,6,0,T,INTL,92I,TR,8,17,,8,0,0,920,D,,,6,661,,,,,00000,00,,64,0,57,154273,57154273,3,2,2,1,0,0,0,0,0,0,0,998,0,0,0,12,6,2,12,0,0,0,1,19,50667,6,1,6,0,3,3,67,179,0,0,0,0,0,0,0,0,0,0,0,0,0,0,3,4,65,1,2,1,1,0,0,1,54,1,1,1,50,0,0
19,190002,2,2,1,1,1,4,16,12,2,1,0,19,1,7,482,7482,31,1994,1B7HC16Z5RS6,1,B,7,H,C,1,6,Z,5,R,S,6,0,T,DODG,150,PK,94,17,,2,1347,1187,RPC,G,,,8,360,,,,B,3817,01,B,42,0,0,000000000,00000000000,0,0,0,1,0,0,0,0,0,0,0,998,0,0,0,12,6,2,12,0,0,0,1,19,52040,6,1,6,0,3,0,66,140,0,0,0,0,0,0,0,0,0,0,51,0,0,0,3,4,65,1,2,1,1,0,0,1,62,1,1,1,51,1,1
19,190003,1,2,1,6,1,17,16,12,1,1,0,19,1,12,37,12037,4,2001,1FAFP34351W3,1,F,A,F,P,3,4,3,5,1,W,3,0,P,FORD,FSS,4D,1,17,2563,,0,1030,,G,,F,4,121,,,15R195,,,,,,0,0,000000000,00000000000,0,0,0,1,0,0,0,0,0,0,0,998,0,0,0,12,6,2,12,0,0,0,1,19,52806,6,1,0,0,3,0,60,93,2,0,0,0,0,6,2009,10,2011,0,0,0,0,0,1,2,35,1,1,1,1,0,0,1,50,1,1,1,20,1,0
19,190003,2,2,1,6,1,17,16,12,1,1,0,19,1,2,404,2404,14,2004,1J4GW58NX4C1,1,J,4,G,W,5,8,N,X,4,C,1,0,T,JEEP,LMT,4W,4,17,,1,0,1059,GCK,G,,,8,287,,,,,3975,00,E,44,0,0,000000000,00000000000,0,0,0,1,0,0,0,0,0,0,0,0,0,0,0,6,6,2,12,0,0,0,1,19,52806,6,1,0,0,3,3,65,165,0,0,0,0,0,0,0,0,0,0,0,0,0,0,1,2,35,1,1,1,1,0,0,1,53,1,1,1,21,0,0
19,190004,1,1,1,7,1,7,35,1,0,1,0,19,2,20,481,20481,31,2002,1GCEK19T62Z3,1,G,C,E,K,1,9,T,6,2,Z,3,0,T,CHEV,SK1,4C,2,17,,2,1575,1435,SIL,G,,,8,325,,,,B,4910,02,,44,0,0,000000000,00000000000,0,0,0,1,0,0,0,0,0,0,0,998,0,1,5,0,6,2,1,0,0,0,1,19,50140,0,0,0,0,0,0,72,275,0,3,1,0,0,4,2010,8,2010,0,0,0,0,0,1,2,55,2,2,2,11,0,0,14,12,1,1,4,6,1,0
19,190005,1,1,1,6,1,3,33,35,0,1,0,19,3,12,481,12481,31,1997,1FTDF18W6VKD,1,F,T,D,F,1,8,W,6,V,K,D,0,T,FORD,F15,PK,97,17,,1,1390,1200,COF,G,,,8,281,,,,B,4235,02,E,44,0,0,000000000,00000000000,0,0,0,1,0,0,0,0,0,0,0,998,0,0,0,12,6,2,35,0,0,0,1,19,52501,2,1,5,0,2,0,69,225,1,0,0,0,0,12,2011,12,2011,0,0,0,0,0,1,2,50,1,2,4,11,0,0,1,12,1,1,4,6,1,0
19,190006,1,1,1,7,1,8,35,1,0,1,0,19,2,7,482,7482,31,1998,1B7HC16X3WS7,1,B,7,H,C,1,6,X,3,W,S,7,0,T,DODG,150,PK,98,17,,2,1347,1187,RPC,G,,,6,239,,,,B,4064,01,U,42,0,0,000000000,00000000000,0,0,0,1,0,0,0,0,0,0,0,998,0,1,5,0,6,8,1,0,0,0,1,19,52207,6,1,0,0,3,0,72,260,0,0,0,0,0,0,0,0,0,0,0,0,0,0,1,2,55,1,2,4,1,0,0,1,12,1,4,4,7,1,0
19,190007,1,1,1,7,1,3,13,23,0,1,0,19,1,12,481,12481,31,1989,1FTDF15N2KKA,1,F,T,D,F,1,5,N,2,K,K,A,0,T,FORD,F15,PK,89,17,,1,1330,1170,COF,G,,,8,302,,,,B,3535,01,A,42,0,0,000000000,00000000000,0,0,0,1,0,0,0,0,0,0,0,998,0,1,1,12,6,2,23,0,0,0,1,19,50707,0,0,0,0,0,0,70,250,0,0,0,0,0,0,0,0,0,0,0,0,0,0,3,4,65,1,1,1,1,0,0,1,12,7,1,4,6,1,0
19,190008,1,2,1,8,1,15,25,12,2,1,0,19,1,22,18,22018,2,1996,1G2NE12TXTM5,1,G,2,N,E,1,2,T,X,T,M,5,0,P,PONT,GAS,CP,96,17,2662,,0,1034,,G,,F,4,146,,,14R195,,,,,,0,0,000000000,00000000000,0,0,0,1,0,0,0,0,0,0,0,998,0,0,0,12,6,2,12,0,0,0,1,19,50268,6,1,0,0,3,3,66,150,0,0,0,0,1,11,2011,11,2011,0,36,0,0,0,1,3,55,1,1,1,1,0,0,1,10,1,1,2,50,1,0
19,190008,2,2,2,8,1,15,25,12,2,1,0,19,2,55,33,55033,4,2000,KMHWF35V6YA2,K,M,H,W,F,3,5,V,6,Y,A,2,0,P,HYUN,SGL,4D,0,17,3069,,0,1063,,G,,F,6,152,,,15R205,,,,,,0,0,000000000,00000000000,0,0,0,1,0,0,0,0,0,0,0,998,0,0,0,12,6,2,12,0,0,0,1,19,51577,6,1,0,0,3,3,64,113,0,0,0,0,0,0,0,0,0,0,0,0,0,0,1,3,55,1,1,1,1,0,0,1,62,1,1,1,51,0,0
19,190009,1,1,1,8,1,3,30,1,0,1,0,19,1,20,36,20036,2,1996,2G1WW12M4T92,2,G,1,W,W,1,2,M,4,T,9,2,0,P,CHEV,MLS,CP,96,17,3306,,0,1075,,G,,F,6,191,,,15R205,,,,,,0,0,000000000,00000000000,0,0,0,1,0,0,0,0,0,0,0,998,0,1,5,0,6,2,1,0,0,0,1,19,52361,6,1,0,0,3,3,71,205,0,0,0,1,0,1,2010,1,2010,0,58,0,0,0,1,2,55,1,2,2,1,0,0,1,12,6,2,4,7,1,1
19,190010,1,2,3,11,1,17,0,12,8,1,0,19,1,12,481,12481,31,1997,1FTDX18W7VKD,1,F,T,D,X,1,8,W,7,V,K,D,0,T,FORD,F15,3C,97,17,,1,1570,1390,COF,G,,,8,281,,,,B,4480,01,E,44,0,0,000000000,00000000000,0,0,0,1,0,0,0,0,0,0,0,998,0,0,0,11,6,2,12,0,0,0,1,31,68108,0,0,0,0,0,0,999,999,0,0,0,0,0,0,0,0,0,1,87,0,0,0,1,2,55,1,2,2,4,0,0,1,10,1,2,2,64,0,0
19,190010,2,2,1,11,1,17,0,12,8,1,0,19,1,18,2,18002,4,2003,1G4HP52K63U1,1,G,4,H,P,5,2,K,6,3,U,1,0,P,BUIC,LCF,4D,3,17,3567,,0,1122,,G,,F,6,231,,,15R215,,,,,,0,0,000000000,00000000000,0,0,0,1,0,0,0,0,0,0,0,998,1,0,0,9,6,2,12,0,0,0,1,19,51541,6,1,0,0,3,3,71,240,0,0,0,0,0,0,0,0,0,0,0,0,0,0,1,2,55,1,2,2,4,0,0,1,62,1,1,1,65,1,0
19,190011,1,2,1,12,1,7,55,12,6,1,0,19,1,21,17,21017,4,1989,2G3AJ51R5K23,2,G,3,A,J,5,1,R,5,K,2,3,0,P,OLDS,CCI,4D,89,17,2642,,0,1049,,G,,F,4,151,,,14R185,,,,,,0,0,000000000,00000000000,0,0,0,1,0,0,0,0,0,0,0,998,0,0,0,3,6,2,12,0,0,0,1,19,52778,6,1,0,0,3,3,64,160,0,0,0,0,0,0,0,0,0,0,87,0,0,0,1,2,55,1,2,2,3,0,0,1,10,1,1,2,64,1,0
19,190011,2,2,1,12,1,7,55,12,6,1,0,19,1,6,52,6052,6,2003,3C4FY58B23T5,3,C,4,F,Y,5,8,B,2,3,T,5,0,P,CHRY,PTC,SV,3,17,3066,,0,1030,,G,,F,4,148,,,16R205,,,,,,0,0,000000000,00000000000,0,0,0,1,0,0,0,0,0,0,0,998,0,0,0,12,6,2,12,0,0,0,1,19,52778,6,1,0,0,3,0,78,300,0,0,0,0,0,0,0,0,0,0,0,0,0,0,1,2,55,1,2,2,3,0,0,1,62,1,1,1,65,0,0
19,190012,1,1,2,11,1,16,32,23,0,1,0,19,3,20,481,20481,31,2006,1GCEC14X76Z3,1,G,C,E,C,1,4,X,7,6,Z,3,0,T,CHEV,SC1,PK,6,17,,2,1330,1190,SIL,G,,,6,262,,,,B,4211,00,,42,0,0,000000000,00000000000,0,0,0,1,0,0,0,0,0,0,0,998,0,0,0,9,6,2,30,0,0,0,1,19,51503,6,1,0,0,3,0,71,175,0,0,0,1,0,2,2011,2,2011,1,0,0,0,0,3,2,70,1,1,2,4,0,0,1,10,1,1,4,6,1,0
19,190013,1,1,1,11,1,14,2,18,0,1,0,19,1,98,998,98998,92,1970,999999999999,9,9,9,9,9,9,9,9,9,9,9,9,0,,,,,,,,,,,,,,,,,,,,,,,,,0,0,000000000,00000000000,0,0,0,1,0,0,0,0,0,0,0,998,0,1,5,11,9,2,1,0,0,0,1,19,52501,6,1,0,0,3,0,72,250,0,0,0,0,0,0,0,0,0,0,0,0,0,0,1,2,55,1,2,4,11,0,0,1,13,1,1,4,98,1,0