STATE,ST_CASE,VEH_NO,VE_FORMS,NUMOCCS,DAY,MONTH,HOUR,MINUTE,HARM_EV,MAN_COLL,UNITTYPE,HIT_RUN,REG_STAT,OWNER,MAKE,MODEL,MAK_MOD,BODY_TYP,MOD_YEAR,VIN,VIN_1,VIN_2,VIN_3,VIN_4,VIN_5,VIN_6,VIN_7,VIN_8,VIN_9,VIN_10,VIN_11,VIN_12,TOW_VEH,VINTYPE,VINMAKE,VINA_MOD,VIN_BT,VINMODYR,VIN_LNGT,VIN_WGT,WGTCD_TR,WHLBS_LG,WHLBS_SH,SER_TR,FUELCODE,MCYCL_DS,CARBUR,CYLINDER,DISPLACE,MCYCL_CY,MCYCL_WT,TIRE_SZE,TON_RAT,TRK_WT,TRKWTVAR,VIN_REST,WHLDRWHL,J_KNIFE,MCARR_I1,MCARR_I2,MCARR_ID,GVWR,V_CONFIG,CARGO_BT,HAZ_INV,HAZ_PLAC,HAZ_ID,HAZ_CNO,HAZ_REL,BUS_USE,SPEC_USE,EMER_USE,TRAV_SP,UNDERIDE,ROLLOVER,ROLINLOC,IMPACT1,DEFORMED,TOWED,M_HARM,VEH_SC1,VEH_SC2,FIRE_EXP,DR_PRES,L_STATE,DR_ZIP,L_STATUS,L_TYPE,CDL_STAT,L_ENDORS,L_COMPL,L_RESTRI,DR_HGT,DR_WGT,PREV_ACC,PREV_SUS,PREV_DWI,PREV_SPD,PREV_OTH,FIRST_MO,FIRST_YR,LAST_MO,LAST_YR,SPEEDREL,DR_SF1,DR_SF2,DR_SF3,DR_SF4,VTRAFWAY,VNUM_LAN,VSPD_LIM,VALIGN,VPROFILE,VPAVETYP,VSURCOND,VTRAFCON,VTCONT_F,P_CRASH1,P_CRASH2,P_CRASH3,PCRASH4,PCRASH5,ACC_TYPE,DEATHS,DR_DRINK
19,190046,2,2,1,23,2,14,30,12,6,1,0,19,3,98,809,98809,66,2006,2FWJA3CG46AV,2,F,W,J,A,3,C,G,4,6,A,V,1,T,STRG,AT9,TR,6,17,,8,0,0,STE,D,,,6,774,,,,,00000,00,,64,3,57,175510,57175510,3,6,1,1,0,0,0,0,0,0,0,998,0,0,0,12,6,2,12,0,0,0,1,19,52339,6,1,6,1,3,3,73,250,0,0,0,1,0,9,2009,9,2009,0,0,0,0,0,1,2,50,1,2,2,3,0,0,2,62,1,1,1,65,0,0
19,190047,1,2,2,23,2,5,27,12,6,1,0,19,1,12,24,12024,6,2012,2FMDK3JCXCBA,2,F,M,D,K,3,J,C,X,C,B,A,0,P,FORD,EDG,UT,12,17,4056,,0,1112,,G,,F,6,214,,,18R245,,,,,,0,0,000000000,00000000000,0,0,0,1,0,0,0,0,0,0,0,998,0,0,0,11,6,2,12,0,0,0,1,19,50626,6,1,0,0,3,0,69,220,0,0,0,0,0,0,0,0,0,0,38,0,0,0,1,5,45,1,1,2,1,20,3,1,17,1,1,1,89,1,0
19,190047,2,2,6,23,2,5,27,12,6,1,0,19,1,12,402,12402,14,2002,1FMYU02132KA,1,F,M,Y,U,0,2,1,3,2,K,A,0,P,FORD,SPE,UT,2,17,3152,,0,1031,,G,,F,6,181,,,15R225,,,,,,0,0,000000000,00000000000,0,0,0,1,0,0,0,0,0,0,0,998,0,1,5,12,6,2,12,0,0,0,1,19,50626,6,1,0,0,3,0,66,162,0,0,0,0,0,0,0,0,0,0,0,0,0,0,1,5,65,1,1,2,1,0,0,1,66,1,1,1,88,0,0
19,190048,1,1,2,26,2,12,30,1,0,1,0,19,1,20,421,20421,15,2004,1GNEK13Z44R2,1,G,N,E,K,1,3,Z,4,4,R,2,0,P,CHEV,KTA,UT,4,17,5050,,0,1160,,F,,F,8,325,,,16R265,,,,,,0,0,000000000,00000000000,0,0,0,1,0,0,0,0,0,0,0,998,0,1,5,0,6,2,1,0,0,0,1,19,52601,6,1,0,0,3,3,60,185,0,0,0,0,0,0,0,0,0,0,58,0,0,0,3,4,55,1,2,1,1,0,0,1,13,7,1,4,1,1,0
19,190049,1,1,1,25,2,1,21,34,0,1,0,19,1,20,471,20471,30,1996,1GCCS1444T82,1,G,C,C,S,1,4,4,4,T,8,2,0,T,CHEV,S14,PK,96,17,,1,1179,1083,S,G,,,4,133,,,,B,2822,01,,42,0,0,000000000,00000000000,0,0,0,1,0,0,0,0,0,0,0,998,0,1,5,12,6,2,1,0,0,0,1,19,52650,6,1,0,0,3,0,67,200,0,0,0,0,0,0,0,0,0,9,0,0,0,0,1,2,35,1,1,2,4,0,0,1,12,1,1,4,6,1,1
19,190050,1,1,1,27,2,3,56,35,0,1,0,19,2,7,442,7442,20,1996,1B4GP44R2TB1,1,B,4,G,P,4,4,R,2,T,B,1,0,T,DODG,GCS,ES,96,17,,1,0,1193,CAR,G,,,6,201,,,,,3663,03,E,42,0,0,000000000,00000000000,0,0,0,1,0,0,0,0,0,0,0,998,0,1,5,12,6,2,1,0,0,0,1,19,50158,0,0,0,0,0,0,64,184,0,0,0,0,0,0,0,0,0,0,0,0,0,0,1,2,55,2,2,2,1,0,0,14,12,1,1,4,6,1,1
19,190051,1,1,1,28,2,18,18,8,0,1,0,19,1,12,481,12481,31,1990,1FTDF15Y3LKA,1,F,T,D,F,1,5,Y,3,L,K,A,0,T,FORD,F15,PK,90,17,,1,1330,1170,COF,G,,,6,300,,,,B,3535,01,A,42,0,0,000000000,00000000000,0,0,0,1,0,0,0,0,0,0,0,998,0,0,0,12,2,1,8,0,0,0,1,19,52601,6,1,0,0,3,0,65,135,0,1,0,1,0,7,2010,8,2011,0,0,0,0,0,1,2,30,1,1,1,2,0,0,3,80,2,1,1,13,0,0
19,190052,1,2,1,29,2,8,32,12,2,1,0,19,1,12,471,12471,30,1999,1FTYR14C6XPA,1,F,T,Y,R,1,4,C,6,X,P,A,0,T,FORD,RNS,PC,99,17,,1,0,1257,RNG,G,,,4,153,,,,B,00000,00,U,42,0,0,000000000,00000000000,0,0,0,1,0,0,0,0,0,0,0,998,1,0,0,12,6,2,12,0,0,0,1,19,50452,6,1,6,0,3,3,71,225,0,0,0,0,0,0,0,0,0,0,87,0,0,0,1,2,55,1,1,2,4,0,0,1,62,7,1,4,51,1,0
19,190052,2,2,4,29,2,8,32,12,2,1,0,19,1,20,482,20482,31,2002,3GNEK13TX2G2,3,G,N,E,K,1,3,T,X,2,G,2,0,T,CHEV,KAV,CW,2,17,,2,0,1300,AVL,G,,,8,325,,,,B,5652,00,,44,0,0,000000000,00000000000,0,0,0,1,0,0,0,0,0,0,0,998,0,0,0,12,6,2,12,0,0,0,1,19,50441,6,1,0,0,3,0,67,208,1,0,0,0,1,2,2011,2,2011,0,87,0,0,0,1,2,55,1,1,2,4,0,0,1,12,1,1,4,50,0,0
19,190053,1,3,1,29,2,9,1,12,1,1,0,19,1,20,481,20481,31,2008,3GCEK13318G2,3,G,C,E,K,1,3,3,1,8,G,2,0,T,CHEV,SK1,CW,8,17,,2,0,1435,SIL,F,,,8,323,,,,B,5326,00,,44,0,0,000000000,00000000000,0,0,0,1,0,0,0,0,0,0,0,998,0,0,0,12,6,2,12,0,0,0,1,19,50105,6,1,0,0,3,3,69,240,0,0,0,0,0,0,0,0,0,0,28,0,0,0,1,4,55,1,1,2,1,0,0,1,51,6,1,2,24,0,0
19,190053,2,3,1,29,2,9,1,12,1,1,0,19,1,6,441,6441,20,1996,1C4GP64L4TB2,1,C,4,G,P,6,4,L,4,T,B,2,0,T,CHRY,LXI,ES,96,17,,1,0,1193,TWC,G,,,6,230,,,,,4051,00,,42,0,0,000000000,00000000000,0,0,0,1,0,0,0,0,0,0,0,998,0,0,0,6,4,3,12,0,0,0,1,19,50010,6,1,0,0,3,3,72,200,0,0,0,0,0,0,0,0,0,0,0,0,0,0,1,4,55,1,1,2,1,0,0,2,53,1,1,1,25,0,0
19,190053,3,3,1,29,2,9,1,12,1,1,0,19,1,23,431,23431,16,2003,3GKFK16Z13G1,3,G,K,F,K,1,6,Z,1,3,G,1,0,T,GMC,KX1,4W,3,17,,2,0,1300,YUK,F,,,8,325,,,,B,5224,00,4,44,0,0,000000000,00000000000,0,0,0,1,0,0,0,0,0,0,0,998,0,0,0,12,6,2,12,0,0,0,1,19,50038,3,1,0,0,2,0,67,210,0,0,0,0,0,0,0,0,0,0,0,0,0,0,1,4,55,1,1,2,1,0,0,1,62,1,1,1,98,1,0
19,190054,1,2,1,29,2,13,33,12,2,1,0,19,3,82,881,82881,66,2006,1FUBCYDJ96HV,1,F,U,B,C,Y,D,J,9,6,H,V,1,T,FRHT,16M,TR,6,17,,8,0,0,FM2,D,,,6,439,,,,,00000,00,,42,3,57,291145,57291145,3,6,1,1,0,0,0,0,0,0,0,998,0,0,0,12,6,2,12,0,0,0,1,19,50459,6,1,6,1,3,3,67,150,0,0,0,0,0,0,0,0,0,0,28,0,0,0,1,2,55,1,1,2,10,0,0,1,10,1,1,2,50,0,0
19,190054,2,2,1,29,2,13,33,12,2,1,0,19,3,82,881,82881,66,2004,999999999999,9,9,9,9,9,9,9,9,9,9,9,9,1,,,,,,,,,,,,,,,,,,,,,,,,,3,57,1935555,571935555,3,6,1,1,0,0,0,0,0,0,0,998,0,0,0,12,6,2,12,0,0,0,1,19,52147,6,1,6,1,3,0,70,200,1,0,0,0,0,1,2011,1,2011,0,0,0,0,0,1,2,55,1,1,2,10,0,0,1,62,1,1,1,51,1,0
19,190055,1,2,3,13,2,7,56,12,6,1,0,19,1,14,21,14021,4,2006,3MEFM08146R6,3,M,E,F,M,0,8,1,4,6,R,6,0,P,MERC,MPR,4D,6,17,3303,,0,1074,,G,,F,6,183,,,17R225,,,,,,0,0,000000000,00000000000,0,0,0,1,0,0,0,0,0,0,0,998,0,0,0,12,6,2,12,0,0,0,1,19,51433,6,1,6,0,3,0,67,300,0,0,0,0,0,0,0,0,0,0,0,0,0,0,1,2,45,1,1,1,4,0,0,1,62,1,1,1,65,0,0
19,190055,2,2,1,13,2,7,56,12,6,1,0,19,1,18,7,18007,4,2001,2G4WS52J8111,2,G,4,W,S,5,2,J,8,1,1,1,0,P,BUIC,CCU,4D,1,17,3368,,0,1090,,G,,F,6,191,,,15R205,,,,,,0,0,000000000,00000000000,0,0,0,1,0,0,0,0,0,0,0,998,2,0,0,3,6,2,12,0,0,0,1,19,51401,6,1,0,0,3,3,64,181,0,0,0,0,0,0,0,0,0,1,87,28,0,0,1,2,45,1,1,1,4,0,0,1,10,1,4,2,64,1,0
19,190056,1,2,1,1,3,8,1,12,2,1,0,19,2,20,481,20481,31,1984,1GCEK14C7EJ1,1,G,C,E,K,1,4,C,7,E,J,1,0,T,CHEV,K10,PK,84,17,,2,1315,1175,K10,D,,,8,379,,,,B,3878,07,,44,0,0,000000000,00000000000,0,0,0,1,0,0,0,0,0,0,0,998,0,0,0,12,6,2,12,0,0,0,1,19,50401,6,1,6,0,3,0,75,200,1,0,0,2,0,9,2009,12,2009,0,87,28,0,0,1,2,55,1,2,1,4,0,0,1,10,1,1,2,50,1,0
19,190056,2,2,1,1,3,8,1,12,2,1,0,19,3,82,881,82881,66,2012,1FUBGDDV7CSB,1,F,U,B,G,D,D,V,7,C,S,B,1,T,FRHT,125,TR,12,17,,7,0,0,CSC,D,,,6,781,,,,,00000,00,,42,3,57,144082,57144082,3,6,1,1,0,0,0,0,0,0,0,998,0,0,0,12,6,2,12,0,0,0,1,19,52621,6,1,6,1,3,0,70,200,0,0,0,0,0,0,0,0,0,0,0,0,0,0,1,2,55,1,2,1,4,0,0,1,62,1,1,1,51,0,0
19,190057,1,1,1,3,3,21,32,8,0,1,0,19,1,22,2,22002,4,1999,1G2HX52K9XH2,1,G,2,H,X,5,2,K,9,X,H,2,0,P,PONT,BVS,4D,99,17,3446,,0,1108,,G,,F,6,231,,,15R215,,,,,,0,0,000000000,00000000000,0,0,0,1,0,0,0,0,0,0,0,998,0,0,0,12,4,1,8,0,0,0,1,19,50322,6,1,0,0,3,0,68,285,0,0,0,1,0,3,2010,3,2010,0,0,0,0,0,3,3,60,1,1,1,1,0,0,1,13,1,1,4,1,0,0
19,190058,1,3,3,4,3,18,6,12,8,1,0,19,2,7,402,7402,14,2000,1B4HR28Y8YF2,1,B,4,H,R,2,8,Y,8,Y,F,2,0,P,DODG,DUR,UT,0,17,4225,,0,1159,,G,,F,8,318,,,15R235,,,,,,0,0,000000000,00000000000,0,0,0,1,0,0,0,0,0,0,0,998,0,0,0,10,6,2,12,0,0,0,1,19,52577,6,1,0,0,3,3,69,299,0,0,0,0,0,0,0,0,0,1,28,0,0,0,1,4,40,1,1,2,4,0,0,1,10,1,1,2,64,1,0
19,190058,2,3,2,4,3,18,6,12,8,1,0,19,1,6,54,6054,6,2004,2C8GF68494R3,2,C,8,G,F,6,8,4,9,4,R,3,0,P,CHRY,PIF,UT,4,17,4546,,0,1163,,G,,F,6,214,,,17R235,,,,,,0,0,000000000,00000000000,0,0,0,1,0,0,0,0,0,0,0,998,0,0,0,12,6,2,12,0,0,0,1,19,50010,6,1,0,0,3,0,68,160,1,0,0,0,0,5,2011,5,2011,0,0,0,0,0,1,4,40,1,1,2,4,0,0,1,62,1,1,1,98,0,0
19,190058,3,3,3,4,3,18,6,12,8,1,0,19,1,35,421,35421,15,2007,5N1AA08C67N7,5,N,1,A,A,0,8,C,6,7,N,7,0,P,NISS,ARM,UT,7,17,5424,,0,1232,,G,,F,8,342,,,17R285,,,,,,0,0,000000000,00000000000,0,0,0,1,0,0,0,0,0,0,0,998,0,0,0,7,2,1,12,0,0,0,1,19,50111,6,1,0,0,3,0,70,175,0,0,0,1,0,11,2010,11,2010,0,0,0,0,0,1,4,40,1,1,2,4,0,0,1,62,1,1,1,65,0,0
19,190059,1,2,1,5,3,7,42,12,2,1,0,19,1,21,21,21021,4,2001,1G3NL52T91C2,1,G,3,N,L,5,2,T,9,1,C,2,0,P,OLDS,A/G,4D,1,17,3022,,0,1070,,G,,F,4,146,,,15R215,,,,,,0,0,000000000,00000000000,0,0,0,1,0,0,0,0,0,0,0,998,0,0,0,12,6,2,12,0,0,0,1,19,50511,6,1,0,0,3,3,68,150,0,0,0,0,0,0,0,0,0,0,28,0,0,0,1,2,55,1,1,2,1,0,0,1,10,1,1,2,50,1,0
19,190059,2,2,1,5,3,7,42,12,2,1,0,19,3,82,881,82881,66,2010,1FUJGLDVXASA,1,F,U,J,G,L,D,V,X,A,S,A,1,T,FRHT,125,TR,10,17,,8,0,0,CSC,D,,,6,781,,,,,00000,00,,64,1,57,715006,57715006,3,6,1,1,0,0,0,0,0,0,0,998,0,0,0,12,6,8,12,0,0,0,1,19,51201,6,1,6,1,3,3,74,220,0,0,0,0,0,0,0,0,0,0,0,0,0,0,1,2,55,1,1,2,1,0,0,1,62,1,1,1,51,0,0
19,190060,1,2,1,6,3,15,35,12,6,1,0,19,2,72,706,72706,80,2000,1HD4CAM13YK1,1,H,D,4,C,A,M,1,3,Y,K,1,0,M,HD,X88,RS,0,17,,,,,,,883,,2,,4,489,,,,,,,0,0,000000000,00000000000,0,0,0,1,0,0,0,0,0,0,0,998,0,0,0,12,6,2,12,0,0,0,1,19,52750,6,1,0,0,3,3,71,185,0,0,0,0,0,0,0,0,0,0,28,0,0,0,1,2,55,1,2,2,1,0,0,1,10,1,1,2,64,1,0
19,190060,2,2,2,6,3,15,35,12,6,1,0,19,1,12,481,12481,31,1999,1FTNF21L5XEC,1,F,T,N,F,2,1,L,5,X,E,C,0,T,FORD,F2S,PK,99,17,,2,0,1370,SRW,G,,,8,330,,,,C,5440,00,U,44,0,0,000000000,00000000000,0,0,0,1,0,0,0,0,0,0,0,998,0,0,0,11,6,2,12,0,0,0,1,19,52069,6,1,0,0,3,3,75,240,0,1,0,2,0,4,2009,3,2011,0,0,0,0,0,1,2,55,1,2,2,1,0,0,1,62,7,1,1,65,0,0
19,190061,1,1,1,10,3,16,50,34,0,1,0,19,1,98,709,98709,80,2008,LCETDKP19860,L,C,E,T,D,K,P,1,9,8,6,0,0,U,,,,8,17,,,,,,,,,,,,,,,,,,,0,0,000000000,00000000000,0,0,0,1,0,0,0,0,0,0,0,45,0,0,0,99,2,1,34,0,0,0,1,19,50316,6,1,0,0,3,3,70,215,0,1,0,2,0,2,2010,5,2010,1,0,0,0,0,1,2,35,1,1,2,1,0,0,1,13,1,1,4,1,1,0
19,190063,1,2,1,13,3,16,34,12,1,1,0,19,1,23,421,23421,15,2007,1GKFC13C27R3,1,G,K,F,C,1,3,C,2,7,R,3,0,T,GMC,YUK,4W,7,17,,2,0,1160,YUK,G,,,8,293,,,,B,5443,00,4,42,0,0,000000000,00000000000,0,0,0,1,0,0,0,0,0,0,0,0,0,0,0,6,4,3,12,0,0,0,1,19,51031,6,1,0,0,3,3,66,148,0,0,0,0,0,0,0,0,0,0,0,0,0,0,1,4,55,1,1,2,1,0,0,5,53,1,1,1,21,0,0
19,190063,2,2,1,13,3,16,34,12,1,1,0,19,1,72,706,72706,80,2008,1HD1JM5478Y0,1,H,D,1,J,M,5,4,7,8,Y,0,0,M,HD,LTB,RS,8,17,,,,,,,1584,,2,,4,737,,,,,,,0,0,000000000,00000000000,0,0,0,1,0,0,0,0,0,0,0,998,0,0,0,12,6,2,12,0,0,0,1,19,51106,6,1,0,0,3,3,72,200,0,0,0,0,0,0,0,0,0,0,0,0,0,0,1,4,55,1,1,2,1,0,0,1,50,1,1,1,20,1,0
19,190064,1,1,6,16,3,13,45,1,0,1,0,19,1,12,422,12422,15,1999,1FMPU18L6XLB,1,F,M,P,U,1,8,L,6,X,L,B,0,P,FORD,EPT,UT,99,17,5177,,0,1191,,G,,F,8,330,,,17R265,,,,,,0,0,000000000,00000000000,0,0,0,1,0,0,0,0,0,0,0,998,0,1,5,0,6,2,1,0,0,0,1,46,57706,6,1,0,0,3,3,999,999,0,0,0,0,0,0,0,0,0,0,0,0,0,0,3,2,65,1,1,2,1,0,0,1,13,6,1,4,1,1,0
19,190065,1,1,1,16,3,16,22,1,0,1,0,19,2,72,709,72709,80,1995,1HD1BJL44SY0,1,H,D,1,B,J,L,4,4,S,Y,0,0,M,HD,STC,RS,95,17,,,,,,,1340,,2,,4,710,,,,,,,0,0,000000000,00000000000,0,0,0,1,0,0,0,0,0,0,0,999,0,0,0,0,6,2,1,0,0,0,1,19,52214,6,1,0,0,2,0,64,170,0,0,0,0,0,0,0,0,0,1,0,0,0,0,1,2,55,3,9,2,1,0,0,14,6,1,1,4,1,1,1
19,190066,1,1,2,17,3,23,20,33,0,1,0,19,1,37,705,37705,80,2002,JH2RC44622M6,J,H,2,R,C,4,4,6,2,2,M,6,0,M,HOND,VCC,RS,2,17,,,,,,,745,,2,,4,505,,,,,,,0,0,000000000,00000000000,0,0,0,1,0,0,0,0,0,0,0,999,0,0,0,12,6,2,43,0,0,0,1,19,52405,6,1,6,0,3,0,68,156,0,0,0,0,0,0,0,0,0,1,0,0,0,0,1,2,15,1,1,2,1,0,0,1,10,3,2,5,1,2,0
19,190067,1,1,1,16,3,3,4,34,0,1,0,19,1,7,482,7482,31,1994,1B7HC16Z1RS6,1,B,7,H,C,1,6,Z,1,R,S,6,0,T,DODG,150,PK,94,17,,2,1347,1187,RPC,G,,,8,360,,,,B,3817,01,B,42,0,0,000000000,00000000000,0,0,0,1,0,0,0,0,0,0,0,999,0,0,0,12,6,2,42,0,0,0,1,19,52601,6,1,0,0,3,0,70,145,1,0,0,0,0,5,2010,5,2010,0,0,0,0,0,2,4,65,1,2,1,1,0,0,1,13,2,1,4,1,1,0
19,190068,1,1,7,18,3,7,3,1,0,1,0,47,2,20,422,20422,15,2004,3GNEC16Z64G1,3,G,N,E,C,1,6,Z,6,4,G,1,0,P,CHEV,C15,UT,4,17,4947,,0,1300,,F,,F,8,325,,,16R265,,,,,,0,0,000000000,00000000000,0,0,0,1,0,0,0,0,0,0,0,998,0,1,3,0,6,2,1,0,0,0,1,47,37167,2,1,0,0,2,0,66,153,0,0,0,0,0,0,0,0,0,0,58,0,0,0,3,2,70,1,1,1,1,0,0,1,12,7,3,5,6,2,0
19,190069,1,1,2,18,3,2,30,1,0,1,0,19,2,49,43,49043,4,2000,4T1BF28B4YU0,4,T,1,B,F,2,8,B,4,Y,U,0,0,P,TOYT,UVS,4D,0,17,3335,,0,1071,,G,,F,6,183,,,15R205,,,,,,0,0,000000000,00000000000,0,0,0,1,0,0,0,0,0,0,0,998,0,1,5,0,6,2,1,0,0,0,1,19,52403,2,1,0,0,2,0,68,160,0,6,0,1,2,9,2009,10,2011,1,58,0,0,0,1,2,55,1,1,2,1,0,0,1,12,7,2,4,7,1,0
19,190070,1,2,1,16,3,10,24,12,6,1,0,19,1,20,2,20002,4,2006,2G1WT55K9693,2,G,1,W,T,5,5,K,9,6,9,3,0,P,CHEV,IMT,4D,6,17,3477,,0,1105,,F,,F,6,214,,,16R225,,,,,,0,0,000000000,00000000000,0,0,0,1,0,0,0,0,0,0,0,998,0,0,0,9,6,2,12,0,0,0,1,19,50266,6,1,0,0,3,3,68,175,0,0,0,0,0,0,0,0,0,0,38,0,0,0,1,2,55,1,2,1,1,20,3,1,17,1,1,2,89,1,0
19,190070,2,2,2,16,3,10,24,12,6,1,0,19,1,7,26,7026,4,2008,1B3LC46K68N6,1,B,3,L,C,4,6,K,6,8,N,6,0,P,DODG,AVN,4D,8,17,3355,,0,1089,,G,,F,4,144,,,16R215,,,,,,0,0,000000000,00000000000,0,0,0,1,0,0,0,0,0,0,0,998,0,0,0,12,6,2,12,0,0,0,1,19,50320,6,1,0,0,3,0,70,275,0,0,0,2,0,5,2010,6,2011,0,0,0,0,0,1,4,65,1,2,1,1,0,0,1,66,1,1,1,88,0,0
19,190071,1,2,1,21,3,7,55,12,2,1,0,19,1,24,7,24007,4,2005,1G8AL54F65Z1,1,G,8,A,L,5,4,F,6,5,Z,1,0,P,STRN,SI3,4D,5,17,2831,,0,1032,,G,,F,4,134,,,16R205,,,,,,0,0,000000000,00000000000,0,0,0,1,0,0,0,0,0,0,0,998,0,1,5,12,6,2,12,0,0,0,1,19,51632,6,1,0,0,3,3,65,210,0,0,0,0,0,0,0,0,0,0,0,0,0,0,1,2,55,1,1,2,2,0,0,1,62,7,1,1,51,1,0
19,190071,2,2,1,21,3,7,55,12,2,1,0,19,2,23,481,23481,31,1999,1GTEK19T5XZ5,1,G,T,E,K,1,9,T,5,X,Z,5,0,T,GMC,NK1,3C,99,17,,2,1575,1435,SIE,G,,,8,325,,,,B,5287,00,U,44,0,0,000000000,00000000000,0,0,0,1,0,0,0,0,0,0,0,998,0,1,1,12,6,2,12,0,0,0,1,19,50569,6,1,0,0,3,3,68,137,0,0,0,0,0,0,0,0,0,0,28,0,0,0,1,2,55,1,1,2,2,0,0,1,10,1,1,2,50,0,0
19,190072,1,1,1,23,3,16,52,33,0,1,0,19,1,53,705,53705,80,2004,JS1GN7CA6421,J,S,1,G,N,7,C,A,6,4,2,1,0,M,SUZI,GSK,RC,4,17,,,,,,,599,,4,,4,354,,,,,,,0,0,000000000,00000000000,0,0,0,1,0,0,0,0,0,0,0,998,0,0,0,14,6,2,30,0,0,0,1,19,52241,6,1,0,0,3,3,75,275,0,0,0,0,0,0,0,0,0,0,52,0,0,0,1,2,30,2,1,1,1,0,0,14,13,1,1,4,1,1,0
19,190073,1,2,2,23,3,18,30,12,8,1,0,19,2,13,1,13001,4,1998,1LNFM82W1WY7,1,L,N,F,M,8,2,W,1,W,Y,7,0,P,LINC,SIG,4D,98,17,0,,0,1177,,G,,F,8,281,,,16R225,,,,,,0,0,000000000,00000000000,0,0,0,1,0,0,0,0,0,0,0,998,0,1,5,1,6,2,1,0,0,0,1,19,52601,0,0,0,0,0,0,74,150,0,5,0,0,0,5,2010,12,2011,0,37,51,0,0,2,4,35,1,1,2,1,0,0,1,10,6,1,2,64,1,1
19,190073,2,2,2,23,3,18,30,12,8,1,0,19,1,18,3,18003,4,1996,1G4CW52K2TH6,1,G,4,C,W,5,2,K,2,T,H,6,0,P,BUIC,PKA,4D,96,17,3536,,0,1108,,G,,F,6,231,,,15R205,,,,,,0,0,000000000,00000000000,0,0,0,1,0,0,0,0,0,0,0,998,0,0,0,1,2,1,12,0,0,0,1,19,52637,6,1,0,0,3,3,64,200,1,0,0,0,0,7,2011,7,2011,0,0,0,0,0,2,4,35,1,1,1,1,0,0,1,62,1,1,1,65,0,0
19,190074,1,2,1,24,3,16,13,12,6,1,0,19,2,21,401,21401,14,2000,1GHDT13W4Y23,1,G,H,D,T,1,3,W,4,Y,2,3,0,P,OLDS,BRA,UT,0,17,4068,,0,1070,,G,,F,6,262,,,15R235,,,,,,0,0,000000000,00000000000,0,0,0,1,0,0,0,0,0,0,0,998,0,0,0,9,6,2,12,0,0,0,1,19,52402,6,2,0,0,3,3,71,140,0,0,0,0,0,0,0,0,0,0,38,0,0,0,1,2,15,1,1,1,1,20,3,1,66,1,1,1,89,0,0
19,190074,2,2,2,24,3,16,13,12,6,1,0,19,1,72,706,72706,80,2006,1HD1FFW126Y6,1,H,D,1,F,F,W,1,2,6,Y,6,0,M,HD,TCI,RS,6,17,,,,,,,1450,,2,,4,776,,,,,,,0,0,000000000,00000000000,0,0,0,1,0,0,0,0,0,0,0,998,0,0,0,12,6,2,12,0,0,0,1,19,52302,6,1,6,0,3,0,74,290,0,0,0,0,0,0,0,0,0,0,0,0,0,0,2,4,50,1,1,1,1,0,0,1,17,99,1,1,88,1,0
19,190075,1,1,1,25,3,16,46,44,0,1,0,19,1,76,709,76709,81,2009,LPRSA20A59A8,L,P,R,S,A,2,0,A,5,9,A,8,0,M,YAMA,Y50,MS,9,17,,,,,,,49,,1,,4,198,,,,,,,0,0,000000000,00000000000,0,0,0,1,0,0,0,0,0,0,0,998,0,0,0,0,4,3,44,0,0,0,1,19,52404,6,1,0,0,3,3,63,130,0,0,0,0,0,0,0,0,0,0,82,0,0,0,1,2,50,1,1,4,11,0,0,1,5,1,1,2,0,1,0
19,190076,1,1,1,24,3,18,25,1,0,1,0,46,1,37,739,37739,90,2007,999999999999,9,9,9,9,9,9,9,9,9,9,9,9,0,,,,,,,,,,,,,,,,,,,,,,,,,0,0,000000000,00000000000,0,0,0,1,0,0,0,0,0,0,0,998,0,1,5,0,2,1,1,0,0,0,1,46,57105,6,1,6,0,3,3,66,211,0,0,0,0,1,1,2012,1,2012,0,0,0,0,0,1,2,55,1,2,2,1,20,3,10,13,1,1,4,1,1,0
19,190077,1,1,2,25,3,16,0,1,0,1,0,19,1,21,401,21401,14,1999,1GHDT13WXX27,1,G,H,D,T,1,3,W,X,X,2,7,0,P,OLDS,BRA,UT,99,17,4068,,0,1070,,G,,F,6,262,,,15R235,,,,,,0,0,000000000,00000000000,0,0,0,1,0,0,0,0,0,0,0,998,0,1,5,0,6,2,1,0,0,0,1,19,51458,0,0,0,0,0,0,65,125,0,4,0,2,2,6,2009,4,2011,1,0,0,0,0,1,2,50,1,2,4,11,0,0,1,13,1,2,4,2,1,0
19,190078,1,2,1,25,3,13,16,12,6,1,0,19,1,35,39,35039,4,2008,1N4BA41EX8C8,1,N,4,B,A,4,1,E,X,8,C,8,0,P,NISS,MEL,4D,8,17,3462,,0,1112,,G,,F,6,214,,,18R245,,,,,,0,0,000000000,00000000000,0,0,0,1,0,0,0,0,0,0,0,998,0,0,0,12,4,1,12,0,0,0,1,19,50701,6,1,0,0,3,3,61,115,0,0,0,0,0,0,0,0,0,0,0,0,0,0,2,6,45,1,1,2,1,3,3,1,66,1,1,1,86,0,0
19,190078,2,2,1,25,3,13,16,12,6,1,0,19,1,37,701,37701,81,2004,JH2AF58094K1,J,H,2,A,F,5,8,0,9,4,K,1,0,M,HOND,NPS,MS,4,17,,,,,,,49,,1,,4,157,,,,,,,0,0,000000000,00000000000,0,0,0,1,0,0,0,0,0,0,0,998,0,0,0,3,6,2,12,0,0,0,1,19,50701,6,1,0,0,3,0,71,225,1,0,0,0,0,7,2011,7,2011,0,39,0,0,0,1,4,35,1,1,2,1,3,3,1,17,1,1,1,87,1,0