STATE,ST_CASE,VEH_NO,VE_FORMS,NUMOCCS,DAY,MONTH,HOUR,MINUTE,HARM_EV,MAN_COLL,UNITTYPE,HIT_RUN,REG_STAT,OWNER,MAKE,MODEL,MAK_MOD,BODY_TYP,MOD_YEAR,VIN,VIN_1,VIN_2,VIN_3,VIN_4,VIN_5,VIN_6,VIN_7,VIN_8,VIN_9,VIN_10,VIN_11,VIN_12,TOW_VEH,VINTYPE,VINMAKE,VINA_MOD,VIN_BT,VINMODYR,VIN_LNGT,VIN_WGT,WGTCD_TR,WHLBS_LG,WHLBS_SH,SER_TR,FUELCODE,MCYCL_DS,CARBUR,CYLINDER,DISPLACE,MCYCL_CY,MCYCL_WT,TIRE_SZE,TON_RAT,TRK_WT,TRKWTVAR,VIN_REST,WHLDRWHL,J_KNIFE,MCARR_I1,MCARR_I2,MCARR_ID,GVWR,V_CONFIG,CARGO_BT,HAZ_INV,HAZ_PLAC,HAZ_ID,HAZ_CNO,HAZ_REL,BUS_USE,SPEC_USE,EMER_USE,TRAV_SP,UNDERIDE,ROLLOVER,ROLINLOC,IMPACT1,DEFORMED,TOWED,M_HARM,VEH_SC1,VEH_SC2,FIRE_EXP,DR_PRES,L_STATE,DR_ZIP,L_STATUS,L_TYPE,CDL_STAT,L_ENDORS,L_COMPL,L_RESTRI,DR_HGT,DR_WGT,PREV_ACC,PREV_SUS,PREV_DWI,PREV_SPD,PREV_OTH,FIRST_MO,FIRST_YR,LAST_MO,LAST_YR,SPEEDREL,DR_SF1,DR_SF2,DR_SF3,DR_SF4,VTRAFWAY,VNUM_LAN,VSPD_LIM,VALIGN,VPROFILE,VPAVETYP,VSURCOND,VTRAFCON,VTCONT_F,P_CRASH1,P_CRASH2,P_CRASH3,PCRASH4,PCRASH5,ACC_TYPE,DEATHS,DR_DRINK
19,190116,1,2,1,15,5,15,15,12,1,1,0,27,3,6,51,6051,4,2008,2C3KK33G38H2,2,C,3,K,K,3,3,G,3,8,H,2,0,P,CHRY,3LA,4D,8,17,4048,,0,1200,,G,,F,6,214,,,18R225,,,,,,0,0,000000000,00000000000,0,0,0,1,0,0,0,0,0,0,0,998,7,0,0,12,4,3,12,0,0,0,1,19,50126,6,1,0,0,3,0,68,215,0,0,0,0,0,0,0,0,0,0,0,0,0,0,3,4,65,1,1,1,1,0,0,1,51,1,1,1,24,0,0
19,190116,2,2,1,15,5,15,15,12,1,1,0,19,1,73,703,73703,80,2007,JKAEXMF147DA,J,K,A,E,X,M,F,1,4,7,D,A,0,M,KAWK,EXF,RC,7,17,,,,,,,248,,2,,4,304,,,,,,,0,0,000000000,00000000000,0,0,0,1,0,0,0,0,0,0,0,998,0,0,0,6,6,2,12,0,0,0,1,19,50501,6,1,0,0,3,3,66,180,0,0,0,0,0,0,0,0,0,0,0,0,0,0,3,4,65,1,1,1,1,0,0,1,53,1,1,1,25,1,0
19,190117,1,2,1,16,5,15,1,12,2,1,0,19,1,20,16,20016,4,2003,1G1JC52F8372,1,G,1,J,C,5,2,F,8,3,7,2,0,P,CHEV,CAV,4D,3,17,2971,,0,1041,,G,,F,4,134,,,14R195,,,,,,0,0,000000000,00000000000,0,0,0,1,0,0,0,0,0,0,0,998,0,0,0,12,6,2,12,0,0,0,1,19,52302,6,1,0,0,3,0,66,180,0,0,0,0,0,0,0,0,0,0,28,0,0,0,1,2,25,1,1,1,1,0,0,1,10,1,1,2,50,1,0
19,190117,2,2,1,16,5,15,1,12,2,1,0,19,1,63,402,63402,14,2003,KNDJD7334350,K,N,D,J,D,7,3,3,4,3,5,0,0,P,KIA,SOR,UT,3,17,4057,,0,1067,,G,,F,6,213,,,16R245,,,,,,0,0,000000000,00000000000,0,0,0,1,0,0,0,0,0,0,0,998,0,0,0,12,6,2,12,0,0,0,1,19,52341,6,1,0,0,3,3,68,236,0,0,0,0,0,0,0,0,0,0,0,0,0,0,1,2,25,1,1,1,1,0,0,1,62,1,2,1,51,0,0
19,190118,1,2,1,19,5,15,17,12,1,1,0,19,2,12,37,12037,4,2001,1FAFP33P31W3,1,F,A,F,P,3,3,P,3,1,W,3,0,P,FORD,FOX,4D,1,17,2563,,0,1030,,G,,F,4,122,,,14R185,,,,,,0,0,000000000,00000000000,0,0,0,1,0,0,0,0,0,0,0,999,0,0,0,12,6,2,12,0,0,0,1,19,52216,6,1,0,0,3,0,69,180,0,0,0,0,0,0,0,0,0,0,26,0,0,0,2,2,65,1,2,2,1,0,0,1,52,1,1,1,24,0,0
19,190118,2,2,1,19,5,15,17,12,1,1,0,19,1,76,705,76705,80,2007,JYAVM01E27A1,J,Y,A,V,M,0,1,E,2,7,A,1,0,M,YAMA,VS6,RS,7,17,,,,,,,649,,2,,4,474,,,,,,,0,0,000000000,00000000000,0,0,0,1,0,0,0,0,0,0,0,998,0,0,0,6,6,2,12,0,0,0,1,19,52233,6,1,0,0,3,0,61,135,0,0,0,0,0,0,0,0,0,0,0,0,0,0,3,2,65,1,2,2,1,0,0,10,53,1,1,1,25,1,0
19,190119,1,1,1,27,5,19,10,35,0,1,0,19,3,98,709,98709,80,2005,LL8SZN4W350F,L,L,8,S,Z,N,4,W,3,5,0,F,0,U,,,,5,17,,,,,,,,,,,,,,,,,,,0,0,000000000,00000000000,0,0,0,1,0,0,0,0,0,0,0,998,0,0,0,12,6,2,35,0,0,0,1,55,53811,1,1,0,0,2,0,74,160,1,2,1,0,0,6,2010,10,2010,0,0,0,0,0,1,2,55,2,2,1,1,0,0,14,12,1,1,4,6,1,1
19,190120,1,1,1,17,5,8,2,1,0,1,0,19,2,9,442,9442,20,1996,1P4GP45RXTB4,1,P,4,G,P,4,5,R,X,T,B,4,0,P,PLYM,VOF,SV,96,17,3578,,0,1133,,G,,F,6,201,,,15R215,,,,,,0,0,000000000,00000000000,0,0,0,1,0,0,0,0,0,0,0,998,0,1,1,0,6,2,1,0,0,0,1,19,52722,6,1,0,0,3,3,67,145,1,0,0,0,1,4,2012,4,2012,1,0,0,0,0,1,2,55,1,2,4,11,0,0,1,13,7,4,6,2,1,0
19,190121,1,1,1,19,5,21,15,9,0,1,0,19,1,12,481,12481,31,2003,1FTNW21PX3EC,1,F,T,N,W,2,1,P,X,3,E,C,0,T,FORD,F2S,CW,3,17,,2,1724,1562,SRW,D,,,8,366,,,,C,5870,04,E,44,0,0,000000000,00000000000,0,0,0,1,0,0,0,0,0,0,0,998,0,0,0,12,2,3,9,0,0,0,1,19,52159,6,1,6,0,3,0,73,195,0,0,0,0,0,0,0,0,0,0,0,0,0,0,1,2,55,1,2,2,1,0,0,1,83,1,1,1,13,0,0
19,190122,1,1,1,19,5,22,0,9,0,1,0,19,2,12,443,12443,20,2005,2FMZA57655BA,2,F,M,Z,A,5,7,6,5,5,B,A,0,P,FORD,FRE,SV,5,17,4275,,0,1208,,G,,F,6,238,,,16R235,,,,,,0,0,000000000,00000000000,0,0,0,1,0,0,0,0,0,0,0,998,0,0,0,12,2,3,9,0,0,0,1,19,50003,1,1,0,0,2,0,70,185,0,2,1,1,0,12,2009,3,2011,9,0,0,0,0,1,2,55,1,1,2,1,0,0,1,83,1,1,1,13,0,0
19,190123,1,3,1,21,5,14,19,12,2,1,0,19,3,20,481,20481,31,2011,3GCPKSE36BG2,3,G,C,P,K,S,E,3,6,B,G,2,0,T,CHEV,2SK,CW,11,17,,2,0,1435,SIL,F,,,8,323,,,,B,5346,00,,44,0,0,000000000,00000000000,0,0,0,1,0,0,0,0,0,0,0,998,0,0,0,12,6,2,12,0,0,1,1,19,51063,6,1,0,0,3,0,70,220,0,0,0,0,0,0,0,0,0,0,28,0,0,0,1,2,55,1,1,2,1,0,0,1,10,1,1,2,50,1,0
19,190123,2,3,1,21,5,14,19,12,2,1,0,19,3,84,883,84883,63,1994,2HSFMATR2RC0,2,H,S,F,M,A,T,R,2,R,C,0,0,T,INTL,920,TR,94,17,,8,0,0,920,D,,,6,629,,,,,00000,00,,64,0,57,00339281,5700339281,3,2,4,1,0,0,0,0,0,0,0,998,7,0,0,12,6,2,12,0,0,1,1,19,51063,6,1,6,0,3,3,73,250,0,0,0,0,1,8,2009,8,2009,0,0,0,0,0,1,2,55,1,1,2,1,0,0,1,62,4,1,1,51,0,0
19,190123,3,3,1,21,5,14,19,12,2,1,0,19,2,22,20,22020,4,2002,1G2WK52J62F2,1,G,2,W,K,5,2,J,6,2,F,2,0,P,PONT,GFS,4D,2,17,3384,,0,1105,,G,,F,6,191,,,15R205,,,,,,0,0,000000000,00000000000,0,0,0,1,0,0,0,0,0,0,0,998,0,0,0,12,6,2,12,0,0,1,1,19,51055,6,1,0,0,3,3,75,215,0,1,0,1,0,5,2009,3,2011,0,0,0,0,0,1,2,55,1,1,2,1,0,0,1,62,9,1,4,98,0,0
19,190124,1,1,1,21,5,10,45,35,0,1,0,19,3,51,881,51881,66,2006,4V5KC9GH76N4,4,V,5,K,C,9,G,H,7,6,N,4,1,T,VOLV,VHD,CC,6,17,,8,0,0,VHD,D,,,6,732,,,,,00000,00,,64,1,77,777777777,77777777777,3,6,4,1,0,0,0,0,0,0,0,998,0,0,0,4,6,2,35,0,0,0,1,19,50849,6,1,6,0,3,0,71,185,0,0,0,0,0,0,0,0,0,0,0,0,0,0,1,2,55,1,1,2,1,0,0,1,12,1,1,4,6,1,0
19,190125,1,2,3,23,5,14,37,12,2,1,0,17,2,35,47,35047,4,2011,1N4AL2AP9BN5,1,N,4,A,L,2,A,P,9,B,N,5,0,P,NISS,ATS,4D,11,17,3180,,0,1093,,G,,F,4,153,,,16R215,,,,,,0,0,000000000,00000000000,0,0,0,1,0,0,0,0,0,0,0,998,0,0,0,12,6,2,12,0,0,0,1,17,60651,1,1,0,0,2,0,66,163,0,1,0,0,0,12,2011,12,2011,1,0,0,0,0,1,2,55,1,1,2,1,0,0,1,62,6,1,2,51,3,0
19,190125,2,2,2,23,5,14,37,12,2,1,0,19,1,20,401,20401,14,2002,1GCDT13W62K2,1,G,C,D,T,1,3,W,6,2,K,2,0,T,CHEV,S14,CW,2,17,,1,0,1229,S,G,,,6,262,,,,B,4039,00,,44,0,0,000000000,00000000000,0,0,0,1,0,0,0,0,0,0,0,998,0,0,0,12,6,2,12,0,0,0,1,19,50174,6,1,0,0,3,3,66,200,0,0,0,0,0,0,0,0,0,1,28,0,0,0,1,2,55,1,1,2,1,0,0,1,10,7,1,2,50,1,0
19,190126,1,2,1,23,5,15,8,12,2,1,0,19,1,12,402,12402,14,2005,1FMYU93115KA,1,F,M,Y,U,9,3,1,1,5,K,A,0,P,FORD,SPE,UT,5,17,3464,,0,1031,,G,,F,6,183,,,16R235,,,,,,0,0,000000000,00000000000,0,0,0,1,0,0,0,0,0,0,0,998,0,0,0,12,6,2,12,0,0,0,1,19,50170,6,1,6,0,3,0,75,212,0,0,0,0,0,0,0,0,0,0,0,0,0,0,1,2,55,1,1,2,1,0,0,1,10,1,1,2,50,1,0
19,190126,2,2,1,23,5,15,8,12,2,1,0,19,1,7,482,7482,31,1999,1B7HF16Z7XS2,1,B,7,H,F,1,6,Z,7,X,S,2,0,T,DODG,150,PK,99,17,,2,1347,1187,RPC,G,,,8,360,,,,B,4531,01,U,44,0,0,000000000,00000000000,0,0,0,1,0,0,0,0,0,0,0,998,0,0,0,12,6,2,12,0,0,0,1,19,50208,6,1,0,0,3,3,71,210,0,0,0,0,0,0,0,0,0,0,0,0,0,0,1,2,55,1,1,2,1,0,0,1,62,1,1,1,51,0,0
19,190127,1,1,1,27,5,21,33,1,0,1,0,19,2,12,423,12423,16,2001,1FMNU43S01EC,1,F,M,N,U,4,3,S,0,1,E,C,0,P,FORD,EXC,UT,1,17,7083,,0,1371,,G,,F,10,415,,,16R265,,,,,,0,0,000000000,00000000000,0,0,0,1,0,0,0,0,0,0,0,998,0,1,5,0,6,2,1,0,0,0,1,19,52301,6,1,0,0,3,0,72,200,0,0,0,0,0,0,0,0,0,0,0,0,0,0,1,2,55,1,2,2,1,0,0,1,12,1,2,4,7,1,1
19,190128,1,1,1,24,5,7,9,1,0,1,0,19,3,82,881,82881,62,2008,1FVACWDU38HZ,1,F,V,A,C,W,D,U,3,8,H,Z,0,T,FRHT,16M,CC,8,17,,6,0,0,FM2,D,,,6,409,,,,,00000,00,,42,0,57,1449756,571449756,2,1,97,1,0,0,0,0,0,0,0,998,0,1,5,0,6,2,1,0,0,0,1,19,50273,6,1,0,0,3,3,71,230,0,0,0,0,1,2,2011,2,2011,0,0,0,0,0,3,2,70,1,2,1,1,0,0,1,51,6,3,4,7,1,0
19,190129,1,2,2,24,5,13,30,12,6,1,0,19,1,14,17,14017,4,2002,1MEFM55S82G6,1,M,E,F,M,5,5,S,8,2,G,6,0,P,MERC,SLP,4D,2,17,3387,,0,1085,,G,,F,6,182,,,16R215,,,,,,0,0,000000000,00000000000,0,0,0,1,0,0,0,0,0,0,0,998,0,0,0,3,6,2,12,0,0,0,1,19,50310,6,1,0,0,3,0,65,150,0,0,0,0,0,0,0,0,0,0,38,0,0,0,1,2,55,1,2,1,1,20,3,1,17,1,1,1,87,1,0
19,190129,2,2,1,24,5,13,30,12,6,1,0,19,1,22,401,22401,14,2001,3G7DA03E11S5,3,G,7,D,A,0,3,E,1,1,S,5,0,P,PONT,AZT,UT,1,17,3779,,0,1083,,G,,F,6,207,,,15R215,,,,,,0,0,000000000,00000000000,0,0,0,1,0,0,0,0,0,0,0,998,0,0,0,12,6,2,12,0,0,0,1,19,50058,6,1,0,0,3,0,66,120,0,0,0,0,0,0,0,0,0,0,24,0,0,0,1,2,55,1,2,1,1,0,0,1,66,4,2,1,86,0,0
19,190130,1,1,1,25,5,13,43,1,0,1,0,19,1,98,998,98998,92,1955,999999999999,9,9,9,9,9,9,9,9,9,9,9,9,0,,,,,,,,,,,,,,,,,,,,,,,,,0,0,000000000,00000000000,0,0,0,1,0,0,0,0,0,0,0,998,0,1,1,0,2,8,1,0,0,0,1,19,51240,6,1,0,0,3,0,72,165,0,0,0,0,0,0,0,0,0,1,0,0,0,0,1,2,35,1,2,2,1,0,0,10,16,1,3,2,98,1,0
19,190131,1,1,1,26,5,19,26,1,0,1,0,31,1,12,880,12880,67,2006,1FTWW33P06ED,1,F,T,W,W,3,3,P,0,6,E,D,0,T,FORD,F3D,CW,6,17,,3,1720,1560,DRW,D,,,8,366,,,,D,6989,01,E,44,0,88,888888888,88888888888,2,1,97,1,0,0,0,0,0,0,0,998,0,1,5,0,6,8,1,0,0,0,1,31,68410,6,1,3,0,3,3,66,196,1,0,0,0,0,5,2011,5,2011,0,0,0,0,0,1,2,55,2,1,1,1,0,0,14,12,6,4,4,7,1,1
19,190132,1,1,1,27,5,23,42,33,0,1,0,19,2,37,705,37705,80,2002,JH2PC35092M3,J,H,2,P,C,3,5,0,9,2,M,3,0,M,HOND,CF4,RC,2,17,,,,,,,599,,4,,4,370,,,,,,,0,0,000000000,00000000000,0,0,0,1,0,0,0,0,0,0,0,998,0,0,0,12,6,2,43,0,0,0,1,6,90650,1,1,0,0,2,0,63,205,0,0,0,0,0,0,0,0,0,1,0,0,0,0,1,3,35,1,2,2,1,0,0,1,12,1,3,4,7,1,1
19,190133,1,1,1,27,5,11,35,1,0,1,0,19,1,37,706,37706,80,1993,1HFSC2235PA5,1,H,F,S,C,2,2,3,5,P,A,5,0,M,HOND,G1E,RS,93,17,,,,,,,1500,,6,,4,809,,,,,,,0,0,000000000,00000000000,0,0,0,1,0,0,0,0,0,0,0,998,0,0,0,0,6,2,1,0,0,0,1,19,50548,6,1,0,0,3,0,76,300,0,0,0,0,0,0,0,0,0,0,0,0,0,0,1,2,55,1,1,2,1,0,0,1,12,1,2,4,7,1,0
19,190134,1,1,1,28,5,20,6,35,0,1,0,19,1,12,481,12481,31,2009,1FTSX21RX9EA,1,F,T,S,X,2,1,R,X,9,E,A,0,T,FORD,F2S,4C,9,17,,2,1580,1420,SRW,D,,,8,390,,,,B,6346,01,U,44,0,0,000000000,00000000000,0,0,0,1,0,0,0,0,0,0,0,998,0,1,5,12,6,2,1,0,0,0,1,19,52772,2,1,0,0,2,0,71,172,0,3,0,0,2,3,2010,2,2012,0,0,0,0,0,1,2,55,2,2,4,11,0,0,14,12,1,3,4,7,1,1
19,190135,1,2,1,28,5,17,30,12,8,1,0,19,1,7,482,7482,31,1998,1B7HF13Y1WJ1,1,B,7,H,F,1,3,Y,1,W,J,1,0,T,DODG,Q15,4C,98,17,,2,1547,1387,RPC,G,,,8,318,,,,B,4973,02,U,44,0,0,000000000,00000000000,0,0,0,1,0,0,0,0,0,0,0,998,0,0,0,11,6,2,12,0,0,0,1,19,50548,6,1,6,0,3,0,69,165,0,0,0,0,0,0,0,0,0,0,28,0,0,0,1,2,55,1,1,2,1,0,0,1,10,1,1,2,64,1,0
19,190135,2,2,1,28,5,17,30,12,8,1,0,19,3,85,881,85881,66,2012,1XKDD49X1CJ3,1,X,K,D,D,4,9,X,1,C,J,3,1,T,KW,T80,TR,12,17,,8,2600,1600,CON,D,,,6,915,,,,,00000,00,,64,1,57,459268,57459268,3,6,8,1,0,0,0,0,0,0,0,998,0,0,0,7,4,3,12,0,0,0,1,19,51047,6,1,6,0,3,0,69,265,0,0,0,0,0,0,0,0,0,0,0,0,0,0,1,2,55,1,1,2,1,0,0,1,62,1,1,1,65,0,0
19,190136,1,1,2,28,5,22,10,1,0,1,0,19,1,20,401,20401,14,1996,1GNCT18WXTK2,1,G,N,C,T,1,8,W,X,T,K,2,0,P,CHEV,BZR,UT,96,17,3814,,0,1005,,G,,F,6,262,,,15R235,,,,,,0,0,000000000,00000000000,0,0,0,1,0,0,0,0,0,0,0,998,0,1,5,0,6,2,1,0,0,0,1,19,52101,6,2,0,0,3,3,61,120,0,0,0,0,0,0,0,0,0,0,0,0,0,0,1,2,55,1,2,2,1,0,0,1,12,1,1,4,6,1,0
19,190137,1,2,1,29,5,2,47,12,2,1,0,19,1,7,482,7482,31,2001,1B7HC16X21S1,1,B,7,H,C,1,6,X,2,1,S,1,0,T,DODG,150,PK,1,17,,2,1347,1187,RPC,G,,,6,239,,,,B,4010,02,U,42,0,0,000000000,00000000000,0,0,0,1,0,0,0,0,0,0,0,998,0,0,0,12,6,2,12,0,0,0,1,19,52722,1,1,5,0,2,0,67,150,1,1,0,0,0,3,2012,5,2012,0,51,91,0,0,3,4,35,1,2,1,1,0,0,1,62,1,1,1,51,0,1
19,190137,2,2,1,29,5,2,47,12,2,1,0,19,2,72,706,72706,80,2012,1HD1KBM15CB6,1,H,D,1,K,B,M,1,5,C,B,6,0,M,HD,FHX,RS,12,17,,,,,,,1690,,2,,4,785,,,,,,,0,0,000000000,00000000000,0,0,0,1,0,0,0,0,0,0,0,998,0,0,0,12,6,2,12,0,0,0,1,19,52722,6,1,0,0,3,0,73,230,0,0,5,0,1,8,2009,10,2010,0,0,0,0,0,1,4,35,1,2,1,1,0,0,1,54,1,1,2,50,1,0
19,190138,1,1,1,29,5,8,6,1,0,1,0,19,2,12,401,12401,14,1997,1FMDU24E7VUC,1,F,M,D,U,2,4,E,7,V,U,C,0,P,FORD,EPR,UT,97,17,3931,,0,1017,,G,,F,6,245,,,15R225,,,,,,0,0,000000000,00000000000,0,0,0,1,0,0,0,0,0,0,0,998,0,1,1,0,6,8,1,0,0,0,1,19,52778,6,2,0,0,3,3,67,155,0,0,0,1,0,8,2011,8,2011,0,58,0,0,0,1,2,55,2,1,4,11,0,0,14,13,6,4,6,98,1,0
19,190139,1,1,3,12,5,3,30,1,0,1,0,19,1,7,482,7482,31,1997,3B7HF13Z1VG8,3,B,7,H,F,1,3,Z,1,V,G,8,0,T,DODG,150,PC,97,17,,2,1547,1387,RPC,G,,,8,360,,,,B,4764,01,M,44,0,0,000000000,00000000000,0,0,0,1,0,0,0,0,0,0,0,998,0,1,5,0,6,2,1,0,0,0,1,19,50401,2,1,0,0,2,3,72,205,0,0,0,0,0,0,0,0,0,0,91,36,0,0,1,2,50,1,1,4,1,0,0,1,12,7,3,4,7,1,1
19,190140,1,1,1,1,6,11,30,35,0,1,0,19,1,24,9,24009,4,2007,1G8ZS57N87F2,1,G,8,Z,S,5,7,N,8,7,F,2,0,P,STRN,AXE,4D,7,17,3528,,0,1123,,G,,F,6,215,,,17R225,,,,,,0,0,000000000,00000000000,0,0,0,1,0,0,0,0,0,0,0,998,0,1,5,12,6,2,1,0,0,0,1,19,52337,6,1,0,0,3,0,62,110,0,0,0,0,0,0,0,0,0,0,0,0,0,0,1,2,25,3,1,2,1,0,0,14,13,1,1,5,1,1,0
19,190141,1,1,1,19,5,1,55,35,0,1,0,19,1,20,481,20481,31,2007,1GCHK23DX7F1,1,G,C,H,K,2,3,D,X,7,F,1,0,T,CHEV,2KH,CW,7,17,,2,1670,1530,SIL,D,,,8,403,,,,C,5883,02,,44,0,0,000000000,00000000000,0,0,0,1,0,0,0,0,0,0,0,998,0,1,5,1,6,2,1,0,0,0,1,19,52771,6,1,0,0,3,0,71,250,0,0,0,0,0,0,0,0,0,0,0,0,0,0,1,2,55,2,2,2,1,0,0,14,13,1,4,4,2,1,1
19,190142,1,2,2,3,6,9,0,12,7,1,0,19,1,30,46,30046,4,2001,WVWPH63BX1P1,W,V,W,P,H,6,3,B,X,1,P,1,0,P,VOLK,PGS,4D,1,17,3165,,0,1064,,G,,F,6,169,,,15R195,,,,,,0,0,000000000,00000000000,0,0,0,1,0,0,0,0,0,0,0,998,0,1,5,11,6,2,12,0,0,0,1,19,51503,6,1,0,0,3,0,68,190,0,0,0,0,0,0,0,0,0,0,0,0,0,0,3,2,70,1,1,1,1,0,0,1,61,1,1,1,45,0,0
19,190142,2,2,5,3,6,9,0,12,7,1,0,19,1,20,421,20421,15,1999,1GNEK13R2XJ5,1,G,N,E,K,1,3,R,2,X,J,5,0,P,CHEV,KTA,UT,99,17,5268,,0,1175,,G,,F,8,350,,,16R245,,,,,,0,0,000000000,00000000000,0,0,0,1,0,0,0,0,0,0,0,998,0,1,5,4,6,2,12,0,0,0,1,31,68144,0,0,0,0,0,0,999,999,1,1,0,0,0,10,2011,3,2012,0,58,0,0,0,3,2,70,1,1,1,1,0,0,6,51,6,1,2,46,2,1
19,190143,1,2,1,5,6,12,20,12,1,1,0,19,1,20,404,20404,14,2009,1GNEV23D79S1,1,G,N,E,V,2,3,D,7,9,S,1,0,P,CHEV,TRV,UT,9,17,5066,,0,1189,,G,,F,6,220,,,18R255,,,,,,0,0,000000000,00000000000,0,0,0,1,0,0,0,0,0,0,0,998,0,0,0,6,6,2,12,0,0,0,1,19,51334,6,1,0,0,3,0,66,140,1,0,0,0,0,11,2010,11,2010,0,0,0,0,0,3,4,55,1,2,2,1,0,0,2,18,1,1,1,25,0,0
19,190143,2,2,2,5,6,12,20,12,1,1,0,19,1,20,2,20002,4,2005,2G1WF52E8592,2,G,1,W,F,5,2,E,8,5,9,2,0,P,CHEV,IMP,4D,5,17,3389,,0,1105,,G,,F,6,207,,,16R225,,,,,,0,0,000000000,00000000000,0,0,0,1,0,0,0,0,0,0,0,998,0,0,0,12,6,2,12,0,0,0,1,19,51031,6,1,0,0,3,0,71,173,0,0,0,0,0,0,0,0,0,0,26,0,0,0,3,4,55,1,2,2,1,0,0,1,51,4,2,1,24,1,0
19,190144,1,2,1,9,6,21,40,12,1,1,0,19,2,73,709,73709,80,2008,JKAZX4P138A0,J,K,A,Z,X,4,P,1,3,8,A,0,0,M,KAWK,ZXP,RC,8,17,,,,,,,599,,4,,4,368,,,,,,,0,0,000000000,00000000000,0,0,0,1,0,0,0,0,0,0,0,998,0,0,0,12,6,2,12,0,0,0,1,19,50501,1,1,0,0,2,0,72,155,1,2,0,1,1,8,2009,10,2011,1,26,0,0,0,1,2,30,1,1,1,1,0,0,1,51,1,1,1,24,0,1
19,190144,2,2,1,9,6,21,40,12,1,1,0,19,2,37,705,37705,80,2007,JH2PC21047M8,J,H,2,P,C,2,1,0,4,7,M,8,0,M,HOND,VT6,RS,7,17,,,,,,,583,,2,,4,452,,,,,,,0,0,000000000,00000000000,0,0,0,1,0,0,0,0,0,0,0,998,0,0,0,6,6,2,12,0,0,0,1,19,50501,0,0,0,0,0,0,78,190,0,0,0,0,0,0,0,0,0,0,0,0,0,0,1,2,30,1,1,1,1,0,0,1,53,1,1,1,26,1,1
19,190145,1,1,1,10,6,20,30,35,0,1,0,19,1,50,706,50706,80,2004,SMT905JN44J1,S,M,T,9,0,5,J,N,4,4,J,1,0,M,TRUM,BNA,RS,4,17,,,,,,,790,,2,,4,497,,,,,,,0,0,000000000,00000000000,0,0,0,1,0,0,0,0,0,0,0,998,0,0,0,12,6,2,35,0,0,0,1,19,52641,6,1,0,0,3,0,67,195,0,0,0,0,0,0,0,0,0,0,0,0,0,0,1,2,55,1,2,2,1,0,0,1,13,1,1,4,1,1,1
19,190146,1,2,1,11,6,17,20,12,6,1,0,19,1,18,3,18003,4,1998,1G4CW52K1W46,1,G,4,C,W,5,2,K,1,W,4,6,0,P,BUIC,PKA,4D,98,17,3645,,0,1138,,G,,F,6,231,,,16R225,,,,,,0,0,000000000,00000000000,0,0,0,1,0,0,0,0,0,0,0,998,0,0,0,9,6,2,12,0,0,0,1,19,51248,6,1,0,0,3,0,69,180,1,0,0,0,0,10,2009,10,2009,0,39,0,0,0,1,2,55,1,2,2,1,20,3,1,17,1,1,1,89,1,0
19,190146,2,2,2,11,6,17,20,12,6,1,0,19,3,12,481,12481,31,2012,1FT7W2BT1CEB,1,F,T,7,W,2,B,T,1,C,E,B,0,T,FORD,F2S,CW,12,17,,2,1724,1562,SRW,D,,,8,409,,,,C,6731,00,7,44,0,0,000000000,00000000000,0,0,0,1,0,0,0,0,0,0,0,998,0,0,0,12,6,2,12,0,0,0,1,19,50322,6,1,0,0,3,3,72,213,0,0,0,0,0,0,0,0,0,0,0,0,0,0,1,2,55,1,2,2,1,40,3,1,66,1,1,1,88,0,0
19,190147,1,2,1,14,6,14,46,12,6,1,0,19,3,87,898,87898,66,2012,1XP4D49X8CD1,1,X,P,4,D,4,9,X,8,C,D,1,1,T,PTRB,587,TR,12,17,,8,0,0,CON,D,,,6,915,,,,,00000,00,,64,1,57,53467,5753467,3,6,1,1,0,0,0,0,0,0,0,998,0,0,0,12,2,3,12,0,0,0,1,13,30666,6,1,6,0,3,3,74,155,98,0,0,0,0,0,0,0,0,0,0,0,0,0,1,3,55,1,1,2,1,0,0,1,66,1,1,1,86,0,0
19,190147,2,2,1,14,6,14,46,12,6,1,0,19,1,18,7,18007,6,1993,1G4AH85N7P64,1,G,4,A,H,8,5,N,7,P,6,4,0,P,BUIC,CCU,SW,93,17,3823,,0,1047,,G,,F,6,204,,,14R185,,,,,,0,0,000000000,00000000000,0,0,0,1,0,0,0,0,0,0,0,998,0,0,0,3,6,2,12,0,0,0,1,19,50145,6,1,0,0,3,3,72,135,0,0,0,0,0,0,0,0,0,0,38,0,0,0,1,2,55,1,2,4,1,20,3,1,17,1,1,1,87,1,0
19,190148,1,1,1,15,6,4,0,1,0,1,0,19,2,12,401,12401,14,2003,1FMZU70E83UC,1,F,M,Z,U,7,0,E,8,3,U,C,0,P,FORD,EPR,UT,3,17,4027,,0,1018,,G,,F,6,245,,,16R235,,,,,,0,0,000000000,00000000000,0,0,0,1,0,0,0,0,0,0,0,998,0,1,5,0,6,2,1,0,0,0,1,19,51566,6,1,0,0,3,0,72,245,1,1,0,1,2,9,2009,11,2010,0,58,0,0,0,1,2,55,1,2,2,2,0,0,1,12,6,1,4,6,1,0
19,190149,1,2,3,16,6,15,15,12,1,1,0,19,2,23,471,23471,30,1996,1GKDT13W9T25,1,G,K,D,T,1,3,W,9,T,2,5,0,T,GMC,JMY,4W,96,17,,1,0,1070,JMY,G,,,6,262,,,,B,4007,00,M,44,0,0,000000000,00000000000,0,0,0,1,0,0,0,0,0,0,0,998,0,1,5,6,6,2,1,0,0,0,1,19,50014,6,7,0,0,3,0,64,142,0,0,0,0,0,0,0,0,0,0,0,0,0,0,3,4,65,1,2,2,1,0,0,15,15,1,1,1,26,2,0