STATE,ST_CASE,VEH_NO,VE_FORMS,NUMOCCS,DAY,MONTH,HOUR,MINUTE,HARM_EV,MAN_COLL,UNITTYPE,HIT_RUN,REG_STAT,OWNER,MAKE,MODEL,MAK_MOD,BODY_TYP,MOD_YEAR,VIN,VIN_1,VIN_2,VIN_3,VIN_4,VIN_5,VIN_6,VIN_7,VIN_8,VIN_9,VIN_10,VIN_11,VIN_12,TOW_VEH,VINTYPE,VINMAKE,VINA_MOD,VIN_BT,VINMODYR,VIN_LNGT,VIN_WGT,WGTCD_TR,WHLBS_LG,WHLBS_SH,SER_TR,FUELCODE,MCYCL_DS,CARBUR,CYLINDER,DISPLACE,MCYCL_CY,MCYCL_WT,TIRE_SZE,TON_RAT,TRK_WT,TRKWTVAR,VIN_REST,WHLDRWHL,J_KNIFE,MCARR_I1,MCARR_I2,MCARR_ID,GVWR,V_CONFIG,CARGO_BT,HAZ_INV,HAZ_PLAC,HAZ_ID,HAZ_CNO,HAZ_REL,BUS_USE,SPEC_USE,EMER_USE,TRAV_SP,UNDERIDE,ROLLOVER,ROLINLOC,IMPACT1,DEFORMED,TOWED,M_HARM,VEH_SC1,VEH_SC2,FIRE_EXP,DR_PRES,L_STATE,DR_ZIP,L_STATUS,L_TYPE,CDL_STAT,L_ENDORS,L_COMPL,L_RESTRI,DR_HGT,DR_WGT,PREV_ACC,PREV_SUS,PREV_DWI,PREV_SPD,PREV_OTH,FIRST_MO,FIRST_YR,LAST_MO,LAST_YR,SPEEDREL,DR_SF1,DR_SF2,DR_SF3,DR_SF4,VTRAFWAY,VNUM_LAN,VSPD_LIM,VALIGN,VPROFILE,VPAVETYP,VSURCOND,VTRAFCON,VTCONT_F,P_CRASH1,P_CRASH2,P_CRASH3,PCRASH4,PCRASH5,ACC_TYPE,DEATHS,DR_DRINK
19,190149,2,2,15,16,6,15,15,12,1,1,0,19,2,3,421,3421,15,2003,5GRGN23U03H1,5,G,R,G,N,2,3,U,0,3,H,1,0,T,HUMM,HH2,4W,3,17,,2,0,1228,HUM,G,,,8,364,,,,C,6400,00,U,44,0,0,000000000,00000000000,0,0,0,1,0,0,0,0,0,0,0,998,0,0,0,12,6,2,12,0,0,0,1,19,50315,6,1,6,0,3,3,74,260,1,0,0,0,0,8,2010,8,2010,0,0,0,0,0,3,4,65,1,1,2,1,0,0,1,60,1,1,1,24,0,0
19,190150,1,1,1,16,6,22,31,43,0,1,0,19,1,20,421,20421,15,1996,1GNEK13R9TJ4,1,G,N,E,K,1,3,R,9,T,J,4,0,P,CHEV,KTA,UT,96,17,5144,,0,1175,,G,,F,8,350,,,16R245,,,,,,0,0,000000000,00000000000,0,0,0,1,0,0,0,0,0,0,0,998,0,0,0,12,6,2,43,0,0,0,1,19,52776,6,1,0,0,3,0,70,195,0,0,0,0,0,0,0,0,0,0,58,0,0,0,1,2,55,1,2,2,1,0,0,1,13,1,1,4,1,1,1
19,190151,1,1,1,16,6,19,0,1,0,1,0,19,2,6,51,6051,4,2004,2C3HE66G04H6,2,C,3,H,E,6,6,G,0,4,H,6,0,P,CHRY,30M,4D,4,17,3447,,0,1130,,G,,F,6,215,,,17R225,,,,,,0,0,000000000,00000000000,0,0,0,1,0,0,0,0,0,0,0,998,0,1,5,0,6,2,1,0,0,0,1,19,50516,6,2,0,0,3,3,64,150,1,0,0,0,0,6,2011,6,2011,0,58,0,0,0,1,2,55,2,1,1,1,0,0,14,12,6,1,4,6,1,0
19,190152,1,3,1,18,6,13,25,12,1,1,0,17,3,82,881,82881,66,2007,1FUJA6CV57LX,1,F,U,J,A,6,C,V,5,7,L,X,1,T,FRHT,COL,TR,7,17,,8,0,0,CON,D,,,6,782,,,,,00000,00,,64,1,57,01511883,5701511883,3,6,3,1,0,0,0,0,0,0,0,998,0,0,0,12,6,2,12,0,0,0,1,12,33133,6,1,6,0,3,3,65,999,0,2,0,0,1,5,2011,11,2011,0,41,0,0,0,1,2,55,1,2,2,1,40,3,1,50,1,1,1,20,0,0
19,190152,2,3,2,18,6,13,25,12,1,1,0,55,2,22,22,22022,4,2009,1G2ZG57B4941,1,G,2,Z,G,5,7,B,4,9,4,1,0,P,PONT,G/6,4D,9,17,3305,,0,1123,,G,,F,4,146,,,17R215,,,,,,0,0,000000000,00000000000,0,0,0,1,0,0,0,0,0,0,0,0,0,0,0,6,6,2,12,0,0,1,1,55,53220,6,1,0,0,3,0,67,160,0,0,0,1,0,5,2011,5,2011,0,0,0,0,0,1,2,55,1,2,2,1,40,3,5,50,1,9,1,22,2,0
19,190152,3,3,1,18,6,13,25,12,1,1,0,40,4,82,881,82881,66,2007,1FUJA6DEX7DX,1,F,U,J,A,6,D,E,X,7,D,X,1,T,FRHT,COL,TR,7,17,,8,0,0,CON,D,,,6,763,,,,,00000,00,,64,1,57,00403881,5700403881,3,6,3,1,0,0,0,0,0,0,0,0,0,0,0,6,6,2,12,0,0,0,1,19,51301,6,1,6,1,3,3,70,185,0,0,0,0,0,0,0,0,0,0,0,0,0,0,1,1,55,1,2,2,1,40,3,5,53,1,9,1,98,0,0
19,190153,1,1,1,7,5,10,19,1,0,1,0,0,0,99,998,99998,92,1965,000000000000,0,0,0,0,0,0,0,0,0,0,0,0,0,,,,,,,,,,,,,,,,,,,,,,,,,0,0,000000000,00000000000,0,0,0,1,0,0,0,0,0,0,0,998,9,1,5,0,4,8,1,0,0,0,1,19,52754,6,1,0,0,3,3,68,160,1,0,0,0,0,3,2010,3,2010,0,0,0,0,0,1,2,55,1,2,2,1,0,0,1,13,1,1,4,98,1,0
19,190154,1,2,3,20,6,19,14,12,6,1,0,19,1,37,421,37421,15,2005,2HKYF187X5H5,2,H,K,Y,F,1,8,7,X,5,H,5,0,P,HOND,PIL,UT,5,17,4431,,0,1063,,G,,F,6,212,,,16R235,,,,,,0,0,000000000,00000000000,0,0,0,1,0,0,0,0,0,0,0,998,0,0,0,3,4,3,12,0,0,0,1,19,52240,6,1,0,0,3,3,67,170,0,0,0,0,0,0,0,0,0,0,38,0,0,0,1,2,35,1,1,2,1,0,0,11,15,1,1,2,82,0,0
19,190154,2,2,2,20,6,19,14,12,6,1,0,19,1,53,705,53705,80,2007,JS1GR7KAX721,J,S,1,G,R,7,K,A,X,7,2,1,0,M,SUZI,SX7,RC,7,17,,,,,,,749,,4,,4,359,,,,,,,0,0,000000000,00000000000,0,0,0,1,0,0,0,0,0,0,0,998,0,0,0,12,6,2,12,0,0,0,1,19,52340,6,1,0,0,3,0,68,157,1,0,0,0,1,6,2009,2,2010,0,0,0,0,0,1,2,35,1,1,2,1,0,0,1,62,1,1,1,83,1,0
19,190155,1,1,1,22,6,6,8,42,0,1,0,19,1,12,17,12017,4,2002,1FAFP55222A2,1,F,A,F,P,5,5,2,2,2,A,2,0,P,FORD,TSS,4D,2,17,3392,,0,1085,,F,,F,6,182,,,16R215,,,,,,0,0,000000000,00000000000,0,0,0,1,0,0,0,0,0,0,0,998,0,0,0,12,6,2,42,0,0,0,1,19,50311,6,1,0,0,3,0,63,128,0,0,0,0,0,0,0,0,0,0,36,0,0,0,1,2,25,1,1,1,1,0,0,1,13,1,1,4,1,1,1
19,190156,1,2,2,21,6,9,35,12,6,1,0,19,1,49,402,49402,14,2006,JTMBD33V3660,J,T,M,B,D,3,3,V,3,6,6,0,0,P,TOYT,RG4,UT,6,17,3444,,0,1050,,G,,F,4,144,,,15R215,,,,,,0,0,000000000,00000000000,0,0,0,1,0,0,0,0,0,0,0,998,0,1,5,9,6,2,12,0,0,0,1,19,52565,6,1,0,0,3,0,64,150,0,0,0,0,0,0,0,0,0,0,38,0,0,0,1,2,55,1,2,2,1,20,3,1,17,1,1,1,89,2,0
19,190156,2,2,2,21,6,9,35,12,6,1,0,30,3,98,850,98850,65,2006,1RF185616610,1,R,F,1,8,5,6,1,6,6,1,0,0,U,,,,6,17,,,,,,,,,,,,,,,,,,,0,0,000000000,00000000000,0,0,0,1,0,0,0,0,0,0,0,998,0,0,0,12,6,2,12,0,0,0,1,29,64016,6,1,6,0,3,3,70,190,0,0,0,0,0,0,0,0,0,0,0,0,0,0,3,4,65,1,2,2,1,0,0,1,66,6,1,2,88,0,0
19,190157,1,3,1,22,6,16,4,12,1,1,0,19,3,84,883,84883,62,1999,1HTSLABM5XH6,1,H,T,S,L,A,B,M,5,X,H,6,0,T,INTL,470,CC,99,17,,6,2540,1400,40S,D,,,8,444,,,,,00000,00,,42,0,57,053433,57053433,2,1,97,1,0,0,0,0,0,0,0,998,3,0,0,12,6,2,12,0,0,0,1,19,51555,6,1,0,0,3,3,75,190,0,0,0,0,0,0,0,0,0,0,38,0,0,0,3,4,70,1,2,2,1,0,0,1,51,1,1,1,24,1,0
19,190157,2,3,2,22,6,16,4,12,1,1,0,95,3,85,881,85881,66,2012,1XKAD49X5CJ9,1,X,K,A,D,4,9,X,5,C,J,9,1,T,KW,T60,TR,12,17,,8,2600,1600,CON,D,,,6,915,,,,,00000,00,,64,1,57,668027,57668027,3,6,1,1,0,0,0,0,0,0,0,998,0,0,0,6,6,2,12,0,0,0,1,95,0,9,9,99,9,9,9,999,999,99,99,99,99,99,99,9999,99,9999,0,0,0,0,0,3,4,70,1,2,2,1,0,0,1,53,1,1,1,25,0,0
19,190157,3,3,2,22,6,16,4,12,1,1,0,17,3,82,881,82881,66,2013,1FUJGLDR6DLB,1,F,U,J,G,L,D,R,6,D,L,B,1,T,FRHT,125,TR,13,17,,8,0,0,CSC,D,,,6,903,,,,,00000,00,,64,1,57,071821,57071821,3,6,1,1,0,0,0,0,0,0,0,998,0,0,0,6,2,1,12,0,0,0,1,18,46516,6,1,6,1,3,3,69,170,0,0,0,0,0,0,0,0,0,0,0,0,0,0,3,4,70,1,2,2,1,0,0,1,53,1,1,1,98,0,0
19,190158,1,2,1,24,6,16,35,12,6,1,0,46,3,84,881,84881,63,2008,3HSCUAPR68N2,3,H,S,C,U,A,P,R,6,8,N,2,0,T,INTL,PPR,TR,8,17,,8,0,0,PRO,D,,,6,915,,,,,00000,00,,64,0,57,618446,57618446,3,2,1,1,0,0,0,0,0,0,0,998,0,1,5,11,6,2,12,0,0,0,1,27,56156,6,1,6,0,3,3,70,200,0,0,0,1,0,6,2011,6,2011,0,0,0,0,0,1,2,55,2,2,2,1,0,0,14,62,1,2,1,65,1,0
19,190158,2,2,2,24,6,16,35,12,6,1,0,19,2,23,471,23471,30,1998,1GKDT13W8W25,1,G,K,D,T,1,3,W,8,W,2,5,0,T,GMC,JMY,4W,98,17,,1,0,1070,JMY,G,,,6,262,,,,B,3999,00,E,44,0,0,000000000,00000000000,0,0,0,1,0,0,0,0,0,0,0,998,1,0,0,12,6,2,12,0,0,0,1,19,50313,6,1,6,0,3,0,68,155,0,0,0,0,0,0,0,0,0,0,0,0,0,0,1,2,55,2,2,2,1,0,0,14,10,1,1,2,64,1,1
19,190159,1,2,1,26,6,7,8,12,2,1,0,19,1,23,461,23461,21,1997,1GDFG15RXV10,1,G,D,F,G,1,5,R,X,V,1,0,0,T,GMC,SV1,SV,97,17,,2,0,1350,S/V,G,,,8,350,,,,B,00000,00,E,42,0,0,000000000,00000000000,0,0,0,1,0,0,0,0,0,0,0,998,0,0,0,12,6,2,12,0,0,0,1,19,51105,6,1,0,0,3,0,71,290,0,1,0,0,0,3,2012,3,2012,0,0,0,0,0,1,2,55,1,2,2,1,0,0,1,10,1,1,2,50,1,0
19,190159,2,2,1,26,6,7,8,12,2,1,0,19,1,82,881,82881,66,2004,1FUJA6CVX4LM,1,F,U,J,A,6,C,V,X,4,L,M,1,T,FRHT,COL,TR,4,17,,8,0,0,CON,D,,,6,782,,,,,00000,00,,64,1,57,677014,57677014,3,6,4,1,0,0,0,0,0,0,0,998,0,0,0,12,6,2,12,0,0,0,1,19,51030,6,1,6,1,3,0,68,200,0,0,0,0,0,0,0,0,0,0,0,0,0,0,1,2,55,1,2,2,1,0,0,1,62,1,1,1,51,0,0
19,190160,1,2,1,26,6,21,40,12,2,1,0,19,2,12,24,12024,6,2011,2FMDK3JC7BBB,2,F,M,D,K,3,J,C,7,B,B,B,0,P,FORD,EDG,UT,11,17,4082,,0,1112,,G,,F,6,214,,,18R245,,,,,,0,0,000000000,00000000000,0,0,0,1,0,0,0,0,0,0,0,998,0,0,0,12,6,2,12,0,0,0,1,19,52404,6,2,0,0,3,0,59,95,0,0,0,0,0,0,0,0,0,0,0,0,0,0,3,4,40,1,1,1,1,0,0,1,62,2,1,1,51,0,0
19,190160,2,2,1,26,6,21,40,12,2,1,0,19,1,2,404,2404,14,1999,1J4FF68S9XL5,1,J,4,F,F,6,8,S,9,X,L,5,0,T,JEEP,SPC,4W,99,17,,1,0,1014,CHK,G,,,6,242,,,,,3255,00,E,44,0,0,000000000,00000000000,0,0,0,1,0,0,0,0,0,0,0,998,0,0,0,12,6,2,12,0,0,0,1,19,52404,6,1,0,0,3,3,74,375,0,0,0,0,0,0,0,0,0,0,51,0,0,0,3,4,40,1,1,1,1,0,0,1,10,1,1,2,50,1,0
19,190161,1,2,2,10,6,17,0,12,7,1,0,19,1,35,39,35039,4,1998,JN1CA21A8WT4,J,N,1,C,A,2,1,A,8,W,T,4,0,P,NISS,MGS,4D,98,17,3026,,0,1063,,G,,F,6,182,,,15R205,,,,,,0,0,000000000,00000000000,0,0,0,1,0,0,0,0,0,0,0,998,0,0,0,1,6,2,12,0,0,0,1,19,50310,1,1,0,0,2,0,70,154,0,0,0,0,0,0,0,0,0,1,36,0,0,0,3,4,60,1,1,2,1,0,0,15,11,99,1,2,44,0,1
19,190161,2,2,2,10,6,17,0,12,7,1,0,19,1,12,471,12471,30,2005,1FTYR10U45PA,1,F,T,Y,R,1,0,U,4,5,P,A,0,T,FORD,RNG,PK,5,17,,1,1175,1116,RNG,G,,,6,182,,,,B,3010,00,U,42,0,0,000000000,00000000000,0,0,0,1,0,0,0,0,0,0,0,998,0,1,5,4,6,2,12,0,0,0,1,19,50158,6,1,0,0,3,3,66,235,1,0,0,0,1,11,2009,4,2011,0,0,0,0,0,3,4,60,1,1,2,1,0,0,1,60,1,1,1,45,1,0
19,190162,1,1,1,30,6,11,55,10,0,1,0,19,2,7,402,7402,14,1999,1B4HS28Z9XF6,1,B,4,H,S,2,8,Z,9,X,F,6,0,P,DODG,DUR,UT,99,17,4397,,0,1159,,G,,F,8,360,,,15R235,,,,,,0,0,000000000,00000000000,0,0,0,1,0,0,0,0,0,0,0,998,0,1,5,11,6,2,10,0,0,0,1,19,50036,0,0,0,0,0,0,68,145,0,0,0,0,0,0,0,0,0,0,0,0,0,0,1,2,55,2,2,4,11,65,3,14,17,1,1,1,15,1,0
19,190163,1,1,1,1,7,8,42,1,0,1,0,19,1,18,2,18002,4,1988,1G4HP54C5JH5,1,G,4,H,P,5,4,C,5,J,H,5,0,P,BUIC,LCF,4D,88,17,3140,,0,1108,,G,,F,6,231,,,15R215,,,,,,0,0,000000000,00000000000,0,0,0,1,0,0,0,0,0,0,0,998,0,1,5,0,6,2,1,0,0,0,1,19,52078,6,1,0,0,3,0,68,150,0,0,0,0,0,0,0,0,0,0,0,0,0,0,1,2,55,1,2,2,1,0,0,1,13,1,1,4,1,1,0
19,190164,1,2,2,1,7,18,13,12,2,1,0,31,2,12,13,12013,4,1999,1FAFP13P4XW1,1,F,A,F,P,1,3,P,4,X,W,1,0,P,FORD,ESE,4D,99,17,2468,,0,984,,G,,F,4,122,,,14R185,,,,,,0,0,000000000,00000000000,0,0,0,1,0,0,0,0,0,0,0,998,0,0,0,12,6,2,12,0,0,0,1,19,51510,6,1,0,0,3,3,64,230,0,0,0,0,0,0,0,0,0,0,0,0,0,0,3,4,65,1,2,1,1,0,0,1,62,1,1,1,51,2,0
19,190164,2,2,4,1,7,18,13,12,2,1,0,19,2,20,481,20481,31,2009,3GCEC33049G2,3,G,C,E,C,3,3,0,4,9,G,2,0,T,CHEV,3SC,CW,9,17,,2,0,1435,SIL,F,,,8,323,,,,B,5227,00,,42,0,0,000000000,00000000000,0,0,0,1,0,0,0,0,0,0,0,998,0,1,5,12,6,2,12,0,0,0,1,31,68164,3,1,0,0,2,3,72,260,0,0,0,0,0,0,0,0,0,0,0,0,0,0,3,4,65,1,1,1,1,0,0,1,10,1,1,1,50,0,0
19,190165,1,1,1,17,6,17,5,31,0,1,0,19,1,72,706,72706,80,2003,1HD1FHW143Y7,1,H,D,1,F,H,W,1,4,3,Y,7,0,M,HD,HPI,RS,3,17,,,,,,,1450,,2,,4,999,,,,,,,0,0,000000000,00000000000,0,0,0,1,0,0,0,0,0,0,0,998,0,0,0,12,6,2,1,0,0,0,1,19,50472,6,1,0,0,3,3,71,175,0,0,0,0,2,10,2009,12,2009,0,0,0,0,0,1,2,55,2,1,1,1,0,0,14,13,4,2,4,2,1,0
19,190166,1,2,0,1,7,12,28,12,1,1,0,19,3,51,881,51881,66,2003,4V4NC9JH03N3,4,V,4,N,C,9,J,H,0,3,N,3,1,T,VOLV,VNL,TR,3,17,,8,0,0,VVN,D,,,6,855,,,,,00000,00,,64,1,57,02135575,5702135575,3,6,1,1,0,0,0,0,0,0,0,0,0,0,0,6,6,2,12,0,0,0,0,0,99997,7,6,97,7,6,7,998,997,998,998,998,998,998,98,9998,98,9998,8,20,0,0,0,3,4,65,1,1,1,1,0,0,0,98,0,0,0,32,0,0
19,190166,2,2,2,1,7,12,28,12,1,1,0,19,1,23,421,23421,15,1999,1GKEK13R8XJ7,1,G,K,E,K,1,3,R,8,X,J,7,0,T,GMC,YUK,4W,99,17,,2,0,1175,YUK,G,,,8,350,,,,B,5268,00,E,44,0,0,000000000,00000000000,0,0,0,1,0,0,0,0,0,0,0,998,1,0,0,12,6,2,12,0,0,0,1,19,52655,6,1,0,0,3,0,74,200,0,0,0,0,1,1,2012,1,2012,0,0,0,0,0,3,4,65,1,1,1,1,0,0,1,50,1,1,1,32,2,0
19,190167,1,1,1,6,7,16,52,35,0,1,0,19,1,22,22,22022,4,2007,1G2ZG58N2741,1,G,2,Z,G,5,8,N,2,7,4,1,0,P,PONT,6BS,4D,7,17,3305,,0,1123,,G,,F,6,214,,,17R225,,,,,,0,0,000000000,00000000000,0,0,0,1,0,0,0,0,0,0,0,998,0,1,5,12,6,2,1,0,0,0,1,19,51632,6,1,0,0,3,0,69,220,0,0,0,0,0,0,0,0,0,0,58,0,0,0,1,2,55,1,2,1,1,0,0,1,12,1,1,4,6,1,0
19,190168,1,1,1,7,7,2,0,35,0,1,0,19,1,14,17,14017,4,2000,1MEFM53U0YA6,1,M,E,F,M,5,3,U,0,Y,A,6,0,P,MERC,SLS,4D,0,17,3375,,0,1085,,G,,F,6,182,,,16R215,,,,,,0,0,000000000,00000000000,0,0,0,1,0,0,0,0,0,0,0,998,0,1,5,11,6,2,1,0,0,0,1,19,50570,6,1,0,0,3,3,64,185,0,1,1,1,0,10,2009,5,2011,0,0,0,0,0,1,2,50,1,1,4,1,0,0,1,13,1,1,4,1,1,0
19,190169,1,1,1,8,7,22,59,33,0,1,0,19,1,73,705,73705,80,2005,JKBZXJC155A0,J,K,B,Z,X,J,C,1,5,5,A,0,0,M,KAWK,X63,RC,5,17,,,,,,,636,,4,,4,362,,,,,,,0,0,000000000,00000000000,0,0,0,1,0,0,0,0,0,0,0,998,0,0,0,12,6,2,35,0,0,0,1,19,52403,6,1,0,0,3,3,71,185,1,1,0,1,1,12,2009,3,2011,1,0,0,0,0,2,4,55,1,1,1,1,0,0,1,12,1,1,4,6,1,1
19,190170,1,2,1,9,7,14,38,12,2,1,0,55,1,6,43,6043,2,2000,4C3AU52N4YE0,4,C,3,A,U,5,2,N,4,Y,E,0,0,P,CHRY,SLI,CP,0,17,3115,,0,1037,,G,,F,6,152,,,17R215,,,,,,0,0,000000000,00000000000,0,0,0,1,0,0,0,0,0,0,0,998,1,0,0,12,6,2,12,0,0,1,1,55,53703,6,8,0,0,3,3,63,115,0,0,0,1,0,4,2011,4,2011,0,58,0,0,0,3,4,65,1,2,1,1,0,0,1,10,1,1,2,50,1,0
19,190170,2,2,1,9,7,14,38,12,2,1,0,19,3,12,881,12881,63,1992,1FDYW90R2NVA,1,F,D,Y,W,9,0,R,2,N,V,A,0,T,FORD,LN9,CC,92,17,,8,2580,1380,CON,D,,,6,855,,,,P,00000,00,A,64,0,57,00300955,5700300955,3,2,3,1,0,0,0,0,0,0,0,998,0,0,0,12,6,2,12,0,0,0,1,19,52040,6,1,6,0,3,3,73,183,0,0,0,0,0,0,0,0,0,0,0,0,0,0,3,4,65,1,2,1,1,0,0,1,62,1,1,1,51,0,0
19,190171,1,2,1,9,7,15,28,12,6,1,0,19,1,6,441,6441,20,2008,2A8HR54P58R6,2,A,8,H,R,5,4,P,5,8,R,6,0,T,CHRY,TOU,ES,8,17,,2,0,1212,TWC,G,,,6,232,,,,,4507,00,,42,0,0,000000000,00000000000,0,0,0,1,0,0,0,0,0,0,0,998,1,0,0,12,6,2,12,0,0,0,1,19,52214,6,1,0,0,3,0,65,160,0,0,0,0,0,0,0,0,0,0,38,0,0,0,1,2,55,1,2,4,1,0,0,1,66,1,1,1,86,1,0
19,190171,2,2,1,9,7,15,28,12,6,1,0,19,2,12,881,12881,63,1997,1FDZS86E5VVA,1,F,D,Z,S,8,6,E,5,V,V,A,0,T,FORD,L8T,CC,97,17,,8,2440,1480,COH,D,,,6,505,,,,,00000,00,,64,0,57,1773285,571773285,3,2,4,1,0,0,0,0,0,0,0,998,0,0,0,3,4,1,12,0,0,0,1,19,52214,6,1,6,0,3,3,72,220,0,0,0,1,0,7,2009,7,2009,0,38,0,0,0,1,2,55,1,2,4,1,0,0,1,17,1,1,1,87,0,0
19,190172,1,1,1,10,7,7,8,1,0,1,0,19,3,82,881,82881,66,2004,1FUJA6CV34LM,1,F,U,J,A,6,C,V,3,4,L,M,1,T,FRHT,COL,TR,4,17,,8,0,0,CON,D,,,6,782,,,,,00000,00,,64,1,57,974808,57974808,3,6,2,1,0,0,0,0,0,0,0,998,0,1,5,0,6,2,1,0,0,0,1,19,52040,6,1,6,1,3,3,71,200,0,0,0,0,0,0,0,0,0,0,0,0,0,0,1,2,55,1,2,1,1,0,0,1,13,6,2,4,1,1,0
19,190173,1,2,7,10,7,9,30,12,6,1,0,19,3,7,442,7442,20,2006,1D4GP45R06B7,1,D,4,G,P,4,5,R,0,6,B,7,0,P,DODG,CAR,SV,6,17,3851,,0,1133,,G,,F,6,201,,,16R215,,,,,,0,0,000000000,00000000000,0,0,0,1,0,0,0,0,0,0,0,998,0,1,5,4,6,2,12,0,0,0,1,19,50401,6,1,0,0,3,3,63,115,0,0,0,0,1,2,2011,2,2011,0,39,0,0,0,1,2,55,1,1,2,1,20,3,1,17,1,1,1,87,2,0
19,190173,2,2,1,10,7,9,30,12,6,1,0,19,1,98,809,98809,66,2002,2FWJA3AS12AL,2,F,W,J,A,3,A,S,1,2,A,L,1,T,STRG,AT9,TR,2,17,,8,0,0,STE,D,,,6,733,,,,,00000,00,,64,1,88,888888888,88888888888,3,6,8,1,0,0,0,0,0,0,0,998,0,0,0,12,6,2,12,0,0,0,1,19,50456,6,1,0,0,3,3,63,230,0,0,0,0,0,0,0,0,0,0,0,0,0,0,1,2,55,1,1,2,1,0,0,1,66,1,1,1,86,0,0
19,190174,1,1,1,11,7,22,11,35,0,1,0,19,1,20,471,20471,30,1996,1GCDT19X1T81,1,G,C,D,T,1,9,X,1,T,8,1,0,T,CHEV,S14,PC,96,17,,1,0,1229,S,G,,,6,262,,,,B,3668,00,,44,0,0,000000000,00000000000,0,0,0,1,0,0,0,0,0,0,0,998,0,0,0,2,4,3,35,0,0,0,1,19,50028,6,1,0,0,3,3,67,156,0,0,0,0,0,0,0,0,0,0,39,0,0,0,1,2,50,1,1,4,11,20,3,1,13,8,2,4,2,1,0
19,190175,1,1,1,14,7,0,16,30,0,1,0,19,2,20,481,20481,31,2003,2GCEK19V0312,2,G,C,E,K,1,9,V,0,3,1,2,0,T,CHEV,SK1,4C,3,17,,2,1575,1435,SIL,G,,,8,293,,,,B,4910,02,,44,0,0,000000000,00000000000,0,0,0,1,0,0,0,0,0,0,0,998,0,1,1,11,6,2,1,0,0,0,1,19,50168,6,1,0,0,3,3,65,130,0,0,0,0,0,0,0,0,0,1,0,0,0,0,1,2,25,1,1,2,1,0,0,1,12,1,1,6,6,1,1
19,190176,1,2,1,18,7,5,45,12,6,1,0,19,3,82,881,82881,66,2012,1FUJGLBG0CSB,1,F,U,J,G,L,B,G,0,C,S,B,1,T,FRHT,125,TR,12,17,,8,0,0,CSC,D,,,6,915,,,,,00000,00,,64,1,57,379351,57379351,3,6,3,1,0,0,0,0,0,0,0,998,0,0,0,12,4,1,12,0,0,0,1,19,52001,6,1,6,0,3,0,74,250,0,0,0,0,1,12,2010,12,2010,0,0,0,0,0,3,4,55,1,2,2,1,0,0,1,60,1,1,1,45,0,0
19,190176,2,2,1,18,7,5,45,12,6,1,0,19,1,20,32,20032,4,1998,1Y1SK5283WZ4,1,Y,1,S,K,5,2,8,3,W,Z,4,0,P,CHEV,P/L,4D,98,17,0,,0,971,,G,,F,4,110,,,14R175,,,,,,0,0,000000000,00000000000,0,0,0,1,0,0,0,0,0,0,0,998,0,0,0,3,6,2,12,0,0,0,1,19,52031,6,8,0,0,3,3,74,245,2,1,0,1,4,3,2010,12,2011,0,0,0,0,0,3,4,55,1,2,2,1,0,0,15,11,1,1,2,46,1,0
19,190177,1,1,1,20,7,17,0,21,0,1,0,31,1,72,706,72706,80,1986,1HD1BKL17GY0,1,H,D,1,B,K,L,1,7,G,Y,0,0,M,HD,XTC,RS,86,17,,,,,,,1340,,2,,4,618,,,,,,,0,0,000000000,00000000000,0,0,0,1,0,0,0,0,0,0,0,998,0,0,0,3,6,2,21,0,0,0,1,31,68008,3,1,0,0,2,3,68,170,0,0,0,0,0,0,0,0,0,0,0,0,0,0,1,2,55,2,1,2,1,0,0,14,13,99,2,4,2,1,1
19,190178,1,1,1,20,7,15,19,33,0,1,0,99,9,53,705,53705,80,2002,JS1GN7BA4221,J,S,1,G,N,7,B,A,4,2,2,1,0,M,SUZI,G60,RC,2,17,,,,,,,599,,4,,4,359,,,,,,,0,0,000000000,00000000000,0,0,0,1,0,0,0,0,0,0,0,998,0,0,0,12,6,2,30,0,0,0,1,19,50158,1,1,0,0,2,0,75,160,0,3,0,0,0,12,2010,12,2011,1,0,0,0,0,1,2,35,2,1,2,1,0,0,14,13,1,1,4,1,1,0
19,190179,1,1,1,21,7,14,28,35,0,1,0,31,1,72,706,72706,80,2004,1HD1GPW174K3,1,H,D,1,G,P,W,1,7,4,K,3,0,M,HD,WGI,RS,4,17,,,,,,,1450,,2,,4,639,,,,,,,0,0,000000000,00000000000,0,0,0,1,0,0,0,0,0,0,0,998,0,0,0,12,6,2,35,0,0,0,1,31,68020,6,1,6,0,3,0,75,210,0,0,0,0,0,0,0,0,0,0,0,0,0,0,3,4,70,1,1,2,1,0,0,1,12,1,1,4,6,1,0
19,190180,1,6,1,25,7,16,23,12,1,1,0,19,3,82,881,82881,66,2005,1FUJA6AV45DN,1,F,U,J,A,6,A,V,4,5,D,N,1,T,FRHT,COL,TR,5,17,,8,0,0,CON,D,,,6,893,,,,,00000,00,,64,1,57,1290084,571290084,3,6,3,1,0,0,0,0,0,0,0,998,7,0,0,12,6,2,12,0,0,0,1,95,0,9,9,99,9,9,9,999,999,99,99,99,99,99,99,9999,99,9999,0,39,24,0,0,1,2,55,1,2,2,1,50,3,1,50,1,1,1,20,0,0