STATE,ST_CASE,VEH_NO,VE_FORMS,NUMOCCS,DAY,MONTH,HOUR,MINUTE,HARM_EV,MAN_COLL,UNITTYPE,HIT_RUN,REG_STAT,OWNER,MAKE,MODEL,MAK_MOD,BODY_TYP,MOD_YEAR,VIN,VIN_1,VIN_2,VIN_3,VIN_4,VIN_5,VIN_6,VIN_7,VIN_8,VIN_9,VIN_10,VIN_11,VIN_12,TOW_VEH,VINTYPE,VINMAKE,VINA_MOD,VIN_BT,VINMODYR,VIN_LNGT,VIN_WGT,WGTCD_TR,WHLBS_LG,WHLBS_SH,SER_TR,FUELCODE,MCYCL_DS,CARBUR,CYLINDER,DISPLACE,MCYCL_CY,MCYCL_WT,TIRE_SZE,TON_RAT,TRK_WT,TRKWTVAR,VIN_REST,WHLDRWHL,J_KNIFE,MCARR_I1,MCARR_I2,MCARR_ID,GVWR,V_CONFIG,CARGO_BT,HAZ_INV,HAZ_PLAC,HAZ_ID,HAZ_CNO,HAZ_REL,BUS_USE,SPEC_USE,EMER_USE,TRAV_SP,UNDERIDE,ROLLOVER,ROLINLOC,IMPACT1,DEFORMED,TOWED,M_HARM,VEH_SC1,VEH_SC2,FIRE_EXP,DR_PRES,L_STATE,DR_ZIP,L_STATUS,L_TYPE,CDL_STAT,L_ENDORS,L_COMPL,L_RESTRI,DR_HGT,DR_WGT,PREV_ACC,PREV_SUS,PREV_DWI,PREV_SPD,PREV_OTH,FIRST_MO,FIRST_YR,LAST_MO,LAST_YR,SPEEDREL,DR_SF1,DR_SF2,DR_SF3,DR_SF4,VTRAFWAY,VNUM_LAN,VSPD_LIM,VALIGN,VPROFILE,VPAVETYP,VSURCOND,VTRAFCON,VTCONT_F,P_CRASH1,P_CRASH2,P_CRASH3,PCRASH4,PCRASH5,ACC_TYPE,DEATHS,DR_DRINK
19,190180,2,6,1,25,7,16,23,12,1,1,0,19,3,12,37,12037,5,2003,1FAFP36353W1,1,F,A,F,P,3,6,3,5,3,W,1,0,P,FORD,FST,SW,3,17,2564,,0,1030,,G,,F,4,121,,,14R185,,,,,,0,0,000000000,00000000000,0,0,0,1,0,0,0,0,0,0,0,0,0,0,0,6,6,2,12,0,0,0,1,19,51012,6,1,0,0,3,3,72,250,0,0,0,0,0,0,0,0,0,0,0,0,0,0,1,2,55,1,2,2,1,50,3,5,53,1,9,1,21,1,0
19,190180,3,6,1,25,7,16,23,12,1,1,0,19,1,12,24,12024,6,2010,2FMDK4JC7ABA,2,F,M,D,K,4,J,C,7,A,B,A,0,P,FORD,EDG,UT,10,17,4288,,0,1112,,G,,F,6,214,,,18R245,,,,,,0,0,000000000,00000000000,0,0,0,1,0,0,0,0,0,0,0,0,0,0,0,6,6,2,12,0,0,0,1,19,51025,6,1,0,0,3,0,67,215,0,0,0,0,0,0,0,0,0,0,0,0,0,0,1,2,55,1,2,2,1,50,3,5,50,1,9,1,98,0,0
19,190180,4,6,1,25,7,16,23,12,1,1,0,19,3,20,481,20481,31,2004,1GCHC24U14E3,1,G,C,H,C,2,4,U,1,4,E,3,0,T,CHEV,2CH,PK,4,17,,2,0,1330,SIL,G,,,8,364,,,,C,5153,00,,42,0,0,000000000,00000000000,0,0,0,1,0,0,0,0,0,0,0,0,1,0,0,6,6,2,12,0,0,0,1,19,51012,6,1,6,0,3,0,73,170,0,0,0,0,0,0,0,0,0,0,0,0,0,0,1,2,55,1,2,2,1,50,3,5,53,1,9,1,98,0,0
19,190180,5,6,1,25,7,16,23,12,1,1,0,19,1,20,443,20443,20,1998,1GNDX06E6WD2,1,G,N,D,X,0,6,E,6,W,D,2,0,T,CHEV,VTR,ES,98,17,,1,0,1200,VTR,G,,,6,207,,,,,3838,00,,42,0,0,000000000,00000000000,0,0,0,1,0,0,0,0,0,0,0,0,0,0,0,3,6,2,12,0,0,0,1,19,51012,6,1,0,0,3,0,72,200,0,0,0,0,0,0,0,0,0,0,99,99,99,99,1,2,55,1,2,2,1,50,3,5,53,1,9,1,98,0,0
19,190180,6,6,1,25,7,16,23,12,1,1,0,19,1,49,46,49046,4,2011,JTDKN3DU9B03,J,T,D,K,N,3,D,U,9,B,0,3,0,P,TOYT,PRI,4H,11,17,3042,,0,1063,,B,,F,4,110,,,15R195,,,,,,0,0,000000000,00000000000,0,0,0,1,0,0,0,0,0,0,0,0,0,0,0,6,6,2,12,36,0,0,1,19,50561,6,1,0,0,3,0,71,185,0,0,0,0,0,0,0,0,0,0,0,0,0,0,1,2,55,1,2,2,1,50,3,5,53,1,9,1,98,0,0
19,190181,1,1,1,27,7,14,42,33,0,1,0,19,2,72,706,72706,80,2007,1HD1GX4107K3,1,H,D,1,G,X,4,1,0,7,K,3,0,M,HD,FXI,RS,7,17,,,,,,,1584,,2,,4,634,,,,,,,0,0,000000000,00000000000,0,0,0,1,0,0,0,0,0,0,0,998,0,0,0,12,6,2,33,0,0,0,1,19,50265,6,1,6,0,3,0,69,225,0,0,0,0,0,0,0,0,0,0,0,0,0,0,1,2,35,2,1,1,1,0,0,14,13,1,1,4,1,1,0
19,190182,1,1,1,30,7,17,47,1,0,1,0,19,2,12,481,12481,31,2008,1FTSF21Y68ED,1,F,T,S,F,2,1,Y,6,8,E,D,1,T,FORD,F2S,PK,8,17,,2,0,1370,SRW,G,,,10,415,,,,C,6092,04,U,44,1,0,000000000,00000000000,0,0,0,1,0,0,0,0,0,0,0,998,0,2,5,0,6,2,1,0,0,0,1,29,64486,6,1,6,0,3,0,73,245,0,0,0,0,0,0,0,0,0,0,0,0,0,0,1,2,55,1,2,4,11,0,0,1,13,1,1,4,1,1,0
19,190183,1,2,1,30,7,5,38,12,6,1,0,19,3,87,882,87882,63,2001,1M2K195C21M0,1,M,2,K,1,9,5,C,2,1,M,0,0,T,MACK,MR6,TB,1,17,,8,0,0,600,D,,,6,728,,,,,00000,00,,64,0,57,232638,57232638,3,2,7,1,0,0,0,0,0,0,0,998,0,0,0,3,2,3,12,0,0,0,1,19,50312,6,1,6,1,3,0,70,235,0,0,0,0,0,0,0,0,0,0,38,0,0,0,5,5,35,1,1,1,1,0,0,11,15,1,1,2,68,0,0
19,190183,2,2,1,30,7,5,38,12,6,1,0,19,1,72,706,72706,80,2006,1HD1KBW146Y7,1,H,D,1,K,B,W,1,4,6,Y,7,0,M,HD,FHI,RS,6,17,,,,,,,1450,,2,,4,745,,,,,,,0,0,000000000,00000000000,0,0,0,1,0,0,0,0,0,0,0,998,0,0,0,12,6,2,12,0,0,0,1,19,50317,6,1,6,0,3,0,72,200,0,0,0,2,0,3,2011,4,2012,0,0,0,0,0,5,5,35,1,1,1,1,0,0,1,66,1,1,1,69,1,0
19,190184,1,1,1,3,8,5,31,42,0,1,0,19,3,98,809,98809,66,2006,2FWJAZDE76AW,2,F,W,J,A,Z,D,E,7,6,A,W,1,T,STRG,LT9,TR,6,17,,8,0,0,STE,D,,,6,763,,,,,00000,00,,64,1,57,00087392,5700087392,3,6,2,1,0,0,0,0,0,0,0,998,0,0,0,12,6,2,42,0,0,1,1,19,52301,6,1,6,0,3,3,71,260,0,0,0,0,0,0,0,0,0,0,0,0,0,0,1,2,55,1,2,1,1,0,0,1,13,1,1,4,1,1,0
19,190185,1,1,1,4,8,17,53,35,0,1,0,19,1,72,706,72706,80,2010,1HD1KB415AB6,1,H,D,1,K,B,4,1,5,A,B,6,0,M,HD,FHX,RS,10,17,,,,,,,1584,,2,,4,810,,,,,,,0,0,000000000,00000000000,0,0,0,1,0,0,0,0,0,0,0,998,0,0,0,12,6,2,35,0,0,0,1,19,52531,6,1,0,0,3,3,73,240,0,0,0,0,0,0,0,0,0,0,0,0,0,0,1,2,55,1,2,1,1,0,0,1,13,1,1,4,1,1,1
19,190186,1,1,2,3,8,19,38,35,0,1,0,19,1,53,706,53706,80,2011,JS1GX72A3B21,J,S,1,G,X,7,2,A,3,B,2,1,0,M,SUZI,GXR,RC,11,17,,,,,,,1340,,4,,4,573,,,,,,,0,0,000000000,00000000000,0,0,0,1,0,0,0,0,0,0,0,998,0,0,0,12,6,2,35,0,0,0,1,19,52346,6,1,6,0,3,0,72,235,0,0,0,0,0,0,0,0,0,1,0,0,0,0,1,2,35,1,2,1,1,0,0,10,13,99,2,4,2,1,1
19,190187,1,1,1,2,8,3,27,8,0,1,1,99,9,99,999,99999,99,9999,999999999999,9,9,9,9,9,9,9,9,9,9,9,9,0,,,,,,,,,,,,,,,,,,,,,,,,,0,0,000000000,00000000000,0,0,0,1,0,0,0,0,0,0,0,998,0,0,0,99,9,1,8,0,0,0,1,99,99999,9,9,99,9,9,9,999,999,99,99,99,99,99,99,9999,99,9999,9,99,99,99,99,3,2,70,1,2,2,1,0,0,1,13,1,1,4,13,0,0
19,190188,1,1,2,5,8,21,14,8,0,1,0,19,1,12,442,12442,20,2000,2FMZA5246YBB,2,F,M,Z,A,5,2,4,6,Y,B,B,0,T,FORD,WSE,ES,0,17,,1,0,1207,WIN,G,,,6,232,,,,B,4311,00,E,42,0,0,000000000,00000000000,0,0,0,1,0,0,0,0,0,0,0,998,0,0,0,12,4,3,8,0,0,0,1,19,50662,6,1,0,0,3,3,65,135,0,6,0,0,9,9,2010,1,2012,0,0,0,0,0,1,2,55,1,1,2,1,0,0,1,80,1,1,1,13,0,0
19,190189,1,2,2,7,8,1,14,12,1,1,9,31,3,87,881,87881,66,2012,1XP4D49X8CD1,1,X,P,4,D,4,9,X,8,C,D,1,1,T,PTRB,587,TR,12,17,,8,0,0,CON,D,,,6,915,,,,,00000,00,,64,1,57,00053467,5700053467,3,6,1,1,0,0,0,0,0,0,0,998,7,0,0,12,6,2,12,0,0,0,1,12,33885,6,1,6,0,3,0,73,999,0,0,0,0,0,0,0,0,0,0,38,0,0,0,3,4,65,1,2,1,1,0,0,1,51,1,1,1,24,0,0
19,190189,2,2,3,7,8,1,14,12,1,1,0,29,1,22,16,22016,2,1997,4G2JB3244VB2,4,G,2,J,B,3,2,4,4,V,B,2,0,P,PONT,SFS,CV,97,17,2800,,0,1041,,G,,F,4,133,,,15R195,,,,,,0,0,000000000,00000000000,0,0,0,1,0,0,0,0,0,0,0,998,0,0,0,6,6,2,12,0,0,0,1,29,63366,6,1,0,0,3,0,66,180,0,0,0,1,0,2,2011,2,2011,0,0,0,0,0,3,4,65,1,2,1,1,0,0,1,53,1,1,1,27,2,0
19,190190,1,2,1,7,8,9,18,12,2,1,0,19,1,18,19,18019,4,2011,W04GT5GC0B10,W,0,4,G,T,5,G,C,0,B,1,0,0,P,BUIC,RXL,4D,11,17,3600,,0,1078,,G,,F,4,146,,,18R235,,,,,,0,0,000000000,00000000000,0,0,0,1,0,0,0,0,0,0,0,998,0,0,0,12,6,2,12,0,0,0,1,19,50568,6,1,0,0,3,0,73,210,0,0,0,0,0,0,0,0,0,0,0,0,0,0,1,2,55,1,1,2,1,0,0,1,10,1,1,2,50,1,0
19,190190,2,2,1,7,8,9,18,12,2,1,0,19,3,85,881,85881,66,1983,1XKDD49X1DJ3,1,X,K,D,D,4,9,X,1,D,J,3,1,T,KW,T80,TR,13,17,,8,2600,1600,CON,D,,,6,915,,,,,00000,00,,64,1,57,580787,57580787,3,6,2,1,0,0,0,0,0,0,0,998,0,0,0,12,6,2,12,0,0,0,1,19,50510,6,1,6,1,3,0,71,305,0,0,0,0,0,0,0,0,0,0,0,0,0,0,1,2,55,1,1,2,1,0,0,1,62,1,1,1,51,0,0
19,190191,1,1,1,9,8,6,50,1,0,1,0,19,1,20,481,20481,31,1995,2GCEK19K5S12,2,G,C,E,K,1,9,K,5,S,1,2,0,T,CHEV,GK1,PC,95,17,,2,1555,1415,GM4,G,,,8,350,,,,B,4514,00,,44,0,0,000000000,00000000000,0,0,0,1,0,0,0,0,0,0,0,998,0,1,5,0,6,2,1,0,0,0,1,19,50022,6,1,0,0,3,3,68,220,0,1,1,0,0,2,2011,3,2011,0,58,0,0,0,1,2,55,1,2,2,1,0,0,1,12,6,2,4,7,1,1
19,190192,1,1,1,10,8,20,20,35,0,1,0,19,2,72,706,72706,80,2005,1HD4CAM125K4,1,H,D,4,C,A,M,1,2,5,K,4,0,M,HD,X88,RS,5,17,,,,,,,883,,2,,4,553,,,,,,,0,0,000000000,00000000000,0,0,0,1,0,0,0,0,0,0,0,998,0,0,0,12,6,2,1,0,0,0,1,19,52753,6,1,0,0,3,0,70,175,1,0,0,0,1,10,2010,11,2010,0,36,0,0,0,1,2,45,2,2,2,1,0,0,14,12,99,1,4,6,1,1
19,190193,1,2,3,3,8,11,42,12,2,1,0,27,9,24,1,24001,4,1998,1G8ZK5270WZ1,1,G,8,Z,K,5,2,7,0,W,Z,1,0,P,STRN,SL2,4D,98,17,2422,,0,1024,,G,,F,4,116,,,15R185,,,,,,0,0,000000000,00000000000,0,0,0,1,0,0,0,0,0,0,0,998,2,0,0,12,6,2,12,0,0,0,1,27,55411,0,0,0,0,0,0,68,123,0,1,0,0,0,6,2012,6,2012,0,33,0,0,0,1,2,55,2,2,2,1,0,0,6,10,1,1,1,52,3,0
19,190193,2,2,1,3,8,11,42,12,2,1,0,19,3,84,881,84881,66,1998,2HSFRAMR4WC0,2,H,S,F,R,A,M,R,4,W,C,0,1,T,INTL,910,TR,98,17,,8,2220,1580,910,D,,,6,774,,,,,00000,00,,64,1,57,824506,57824506,3,6,2,1,0,0,0,0,0,0,0,998,0,0,0,12,6,2,12,0,0,0,1,19,52064,6,1,6,1,3,3,69,250,0,0,0,0,0,0,0,0,0,0,0,0,0,0,1,2,55,2,2,2,1,0,0,14,54,1,1,1,52,0,0
19,190194,1,2,1,15,8,20,58,12,7,1,0,19,1,35,39,35039,4,2011,1N4AA5APXBC8,1,N,4,A,A,5,A,P,X,B,C,8,0,P,NISS,MSV,4D,11,17,3565,,0,0,,G,,F,6,214,,,000000,,,,,,0,0,000000000,00000000000,0,0,0,1,0,0,0,0,0,0,0,998,0,1,5,2,6,2,12,0,0,0,1,19,52317,6,1,0,0,3,0,72,195,0,0,0,0,0,0,0,0,0,1,0,0,0,0,3,4,65,1,2,2,1,0,0,1,11,1,1,1,44,1,0
19,190194,2,2,1,15,8,20,58,12,7,1,0,19,1,23,481,23481,31,2006,1GTEK19Z16Z2,1,G,T,E,K,1,9,Z,1,6,Z,2,0,T,GMC,NK1,4C,6,17,,2,1575,1340,SIE,F,,,8,323,,,,B,5050,02,4,44,0,0,000000000,00000000000,0,0,0,1,0,0,0,0,0,0,0,998,0,0,0,7,6,2,12,0,0,0,1,19,52750,6,1,0,0,3,3,70,210,1,0,0,0,1,12,2009,5,2011,0,0,0,0,0,3,4,65,1,2,2,1,0,0,1,61,1,1,1,45,0,0
19,190195,1,1,1,15,8,99,99,1,0,1,0,19,1,72,706,72706,80,2001,1HD4CAM171K1,1,H,D,4,C,A,M,1,7,1,K,1,0,M,HD,X88,RS,1,17,,,,,,,883,,2,,4,489,,,,,,,0,0,000000000,00000000000,0,0,0,1,0,0,0,0,0,0,0,998,0,0,0,0,6,2,1,0,0,0,1,19,51442,6,1,0,0,3,3,69,200,0,0,0,0,0,0,0,0,0,1,0,0,0,0,1,2,55,2,1,1,1,0,0,14,13,1,1,4,1,1,0
19,190196,1,2,1,16,8,12,45,12,2,1,0,19,2,2,405,2405,14,2005,1J4GL48K05W5,1,J,4,G,L,4,8,K,0,5,W,5,0,T,JEEP,SPR,4W,5,17,,1,0,1043,LIB,G,,,6,226,,,,,3731,00,E,44,0,0,000000000,00000000000,0,0,0,1,0,0,0,0,0,0,0,998,0,1,5,12,6,2,12,0,0,0,1,19,52556,6,1,0,0,3,0,72,240,0,0,0,0,0,0,0,0,0,0,28,0,0,0,1,2,55,1,2,2,1,0,0,1,10,1,1,2,50,1,0
19,190196,2,2,1,16,8,12,45,12,2,1,0,19,3,87,881,87881,66,2006,1XP5DB9X16D8,1,X,P,5,D,B,9,X,1,6,D,8,1,T,PTRB,379,TR,6,17,,8,0,0,CON,D,,,6,893,,,,,00000,00,,64,1,57,087409,57087409,3,6,3,1,0,0,0,0,0,0,0,998,0,0,0,12,6,2,12,0,0,0,1,29,65775,6,1,6,0,3,0,72,140,1,0,0,0,0,7,2010,7,2010,0,0,0,0,0,1,2,55,1,2,2,1,0,0,1,62,1,1,1,51,0,0
19,190197,1,1,1,18,8,18,52,42,0,1,0,19,1,20,20,20020,4,1995,2G1WN52M6S11,2,G,1,W,N,5,2,M,6,S,1,1,0,P,CHEV,LLS,4D,95,17,3372,,0,1075,,G,,F,6,191,,,15R205,,,,,,0,0,000000000,00000000000,0,0,0,1,0,0,0,0,0,0,0,998,0,0,0,12,6,2,42,0,0,0,1,19,50574,6,1,0,0,3,3,62,243,1,0,0,0,0,12,2009,12,2009,0,0,0,0,0,1,2,25,1,2,2,1,0,0,1,13,1,1,4,1,1,0
19,190198,1,1,1,20,8,23,18,35,0,1,0,19,1,72,706,72706,80,2004,1HD1CGP164K4,1,H,D,1,C,G,P,1,6,4,K,4,0,M,HD,20C,RS,4,17,,,,,,,1200,,2,,4,554,,,,,,,0,0,000000000,00000000000,0,0,0,1,0,0,0,0,0,0,0,998,0,0,0,99,6,2,35,0,0,0,1,19,50703,6,1,0,0,3,0,72,150,0,0,0,0,1,7,2012,7,2012,1,36,0,0,0,1,4,45,1,2,2,1,3,3,1,13,1,2,4,2,1,1
19,190199,1,2,1,7,8,11,50,12,6,1,0,19,1,20,404,20404,14,2011,2CNFLGE5XB63,2,C,N,F,L,G,E,5,X,B,6,3,0,P,CHEV,EQU,UT,11,17,4198,,0,1125,,G,,F,6,183,,,17R225,,,,,,0,0,000000000,00000000000,0,0,0,1,0,0,0,0,0,0,0,998,0,0,0,2,6,2,12,0,0,0,1,19,51331,6,1,6,0,3,3,65,170,0,0,0,0,0,0,0,0,0,0,38,0,0,0,1,2,55,1,2,2,1,0,0,11,15,1,1,2,68,0,0
19,190199,2,2,1,7,8,11,50,12,6,1,0,19,2,73,705,73705,80,1997,JKAZX4E10VB6,J,K,A,Z,X,4,E,1,0,V,B,6,0,M,KAWK,ZXE,RC,97,17,,,,,,,600,,4,,4,431,,,,,,,0,0,000000000,00000000000,0,0,0,1,0,0,0,0,0,0,0,998,0,0,0,12,6,2,12,0,0,0,1,19,51342,0,0,0,0,0,0,68,160,0,1,0,1,0,4,2012,7,2012,9,0,0,0,0,1,2,55,1,2,2,1,0,0,1,62,1,1,1,69,1,0
19,190200,1,2,1,19,8,17,44,54,11,1,0,19,1,12,471,12471,30,2006,1FTYR10U86PA,1,F,T,Y,R,1,0,U,8,6,P,A,0,T,FORD,RNG,PK,6,17,,1,1180,1120,RNG,G,,,6,183,,,,B,3009,00,U,42,0,0,000000000,00000000000,0,0,0,1,0,0,0,0,0,0,0,998,0,0,0,98,0,1,54,0,0,0,1,19,52761,6,1,6,0,3,0,64,135,0,0,0,0,1,8,2012,8,2012,0,0,0,0,0,1,4,65,1,1,1,1,0,0,1,98,1,1,1,98,0,0
19,190200,2,2,2,19,8,17,44,54,11,1,0,19,2,72,706,72706,80,1993,1HD1BJL43PY0,1,H,D,1,B,J,L,4,3,P,Y,0,0,M,HD,STC,RS,93,17,,,,,,,1340,,2,,4,710,,,,,,,0,0,000000000,00000000000,0,0,0,1,0,0,0,0,0,0,0,998,0,0,0,12,2,3,54,0,0,0,1,19,52749,6,1,6,0,3,0,69,210,1,0,0,0,0,2,2010,2,2010,0,0,0,0,0,1,4,65,1,1,1,1,0,0,1,90,98,1,1,98,1,0
19,190201,1,1,2,20,8,22,49,35,0,1,0,19,2,41,471,41471,30,1994,4F4DR17X4RTM,4,F,4,D,R,1,7,X,4,R,T,M,0,T,MAZD,4CP,PC,94,17,,1,0,1251,B40,G,,,6,245,,,,,3516,00,A,44,0,0,000000000,00000000000,0,0,0,1,0,0,0,0,0,0,0,998,0,1,5,12,6,2,1,0,0,0,1,19,51601,1,1,5,0,2,0,69,191,0,0,0,0,1,4,2010,4,2010,9,36,0,0,0,1,2,55,1,2,2,1,0,0,1,12,1,1,4,6,1,1
19,190202,1,1,4,20,8,6,40,1,0,1,0,19,2,63,402,63402,14,2005,KNDJC7330553,K,N,D,J,C,7,3,3,0,5,5,3,0,P,KIA,SOR,UT,5,17,4306,,0,1067,,G,,F,6,213,,,16R245,,,,,,0,0,000000000,00000000000,0,0,0,1,0,0,0,0,0,0,0,998,0,1,5,0,6,2,1,0,0,0,1,42,17063,6,1,0,0,3,0,64,999,0,0,0,1,0,6,2012,6,2012,0,58,0,0,0,3,2,70,1,1,1,1,0,0,1,12,7,1,4,1,1,0
19,190203,1,1,1,22,8,18,27,25,0,1,0,19,1,72,706,72706,80,2006,1HD1CGP116K4,1,H,D,1,C,G,P,1,1,6,K,4,0,M,HD,20C,RS,6,17,,,,,,,1200,,2,,4,554,,,,,,,0,0,000000000,00000000000,0,0,0,1,0,0,0,0,0,0,0,998,0,0,0,9,2,3,25,0,0,0,1,19,51503,6,1,0,0,3,2,72,208,0,0,0,0,0,0,0,0,0,0,74,0,0,0,1,2,55,2,1,2,1,40,3,14,13,1,1,4,1,1,0
19,190204,1,2,2,8,8,13,5,8,0,1,0,19,1,7,41,7041,4,2002,2B3HD56M22H1,2,B,3,H,D,5,6,M,2,2,H,1,0,P,DODG,IES,4D,2,17,3418,,0,1130,,G,,F,6,215,,,16R225,,,,,,0,0,000000000,00000000000,0,0,0,1,0,0,0,0,0,0,0,998,2,0,0,12,6,2,8,0,0,0,1,19,50208,6,1,0,0,3,0,66,145,0,0,0,0,0,0,0,0,0,0,0,0,0,0,3,2,70,1,1,1,1,0,0,2,80,4,2,1,13,0,0
19,190204,2,2,1,8,8,13,5,8,0,1,0,19,1,7,482,7482,32,2012,1C6RD7LT2CS1,1,C,6,R,D,7,L,T,2,C,S,1,0,T,DODG,SL1,CW,12,17,,2,0,1400,RPC,G,,,8,348,,,,B,5478,00,K,44,0,0,000000000,00000000000,0,0,0,1,0,0,0,0,0,0,0,998,2,0,0,12,4,3,12,0,0,0,1,19,50022,6,1,0,0,3,3,74,210,0,1,1,0,0,1,2011,3,2011,0,26,0,0,0,3,2,70,1,1,1,1,0,0,1,52,4,2,1,98,0,0
19,190205,1,3,1,22,8,10,10,12,2,1,0,19,1,12,401,12401,14,2000,1FMYU60E9YUA,1,F,M,Y,U,6,0,E,9,Y,U,A,0,P,FORD,EPR,UT,0,17,3670,,0,1017,,G,,F,6,245,,,15R235,,,,,,0,0,000000000,00000000000,0,0,0,1,0,0,0,0,0,0,0,998,0,1,5,12,6,2,12,0,0,0,1,19,51442,1,1,5,0,2,0,63,180,0,1,0,0,1,5,2011,6,2012,0,33,0,0,0,1,2,55,2,1,2,1,0,0,6,54,6,1,3,52,1,1
19,190205,2,3,1,22,8,10,10,12,2,1,0,19,1,7,880,7880,67,2011,3D73Y3CL7BG5,3,D,7,3,Y,3,C,L,7,B,G,5,0,T,DODG,350,CW,11,17,,3,1690,1490,RPC,D,,,6,408,,,,D,6948,07,K,44,0,88,888888888,88888888888,2,1,97,1,0,0,0,0,0,0,0,998,0,0,0,12,6,2,12,0,0,0,1,19,51467,6,1,0,0,3,3,73,190,0,0,0,0,0,0,0,0,0,0,0,0,0,0,1,2,55,2,1,2,1,0,0,14,63,1,1,1,52,0,0
19,190205,3,3,1,22,8,10,10,12,2,1,0,19,3,12,881,12881,61,2002,1FDAF56F92EB,1,F,D,A,F,5,6,F,9,2,E,B,0,T,FORD,F5D,CB,2,17,,5,2010,1410,DRW,D,,,8,444,,,,,00000,00,E,42,0,88,888888888,88888888888,2,1,97,1,0,0,0,0,0,0,0,998,0,0,0,11,6,2,12,0,0,0,1,19,51467,6,1,6,0,3,3,74,230,0,0,0,0,0,0,0,0,0,0,0,0,0,0,1,2,55,2,1,2,1,0,0,14,61,1,1,1,98,0,0
19,190206,1,1,1,23,8,7,25,8,0,1,0,19,1,41,50,41050,4,2005,1YVFP80C955M,1,Y,V,F,P,8,0,C,9,5,5,M,0,P,MAZD,M6I,4D,5,17,3102,,0,1053,,G,,F,4,138,,,16R205,,,,,,0,0,000000000,00000000000,0,0,0,1,0,0,0,0,0,0,0,998,0,0,0,12,2,3,8,0,0,0,1,19,51503,6,1,0,0,3,3,64,102,0,0,0,0,0,0,0,0,0,9,38,0,0,0,1,2,35,1,2,1,1,0,0,1,80,1,1,1,13,0,0
19,190207,1,2,2,24,8,21,50,12,6,1,0,19,1,12,481,12481,31,2008,1FTPW14V28FB,1,F,T,P,W,1,4,V,2,8,F,B,0,T,FORD,F1S,CW,8,17,,2,1500,1390,COF,F,,,8,329,,,,B,5361,01,E,44,0,0,000000000,00000000000,0,0,0,1,0,0,0,0,0,0,0,0,0,0,0,11,6,2,12,0,0,0,1,19,52340,6,1,6,0,3,0,74,350,0,0,0,0,0,0,0,0,0,0,54,0,0,0,1,2,55,1,1,2,1,0,0,5,98,1,7,3,98,0,0
19,190207,2,2,2,24,8,21,50,12,6,1,0,19,1,9,442,9442,20,1998,1P4GP44G8WB7,1,P,4,G,P,4,4,G,8,W,B,7,0,T,PLYM,GSX,ES,98,17,,1,0,1193,VOF,F,,,6,201,,,,,3675,00,E,42,0,0,000000000,00000000000,0,0,0,1,0,0,0,0,0,0,0,998,0,0,0,12,6,2,12,0,0,0,1,19,52240,6,1,0,0,3,3,61,125,0,0,0,0,0,0,0,0,0,0,0,0,0,0,1,2,55,1,1,2,1,0,0,1,50,99,1,1,98,1,0
19,190208,1,1,3,6,8,10,8,8,0,1,0,19,2,20,481,20481,31,2007,1GCHK24K97E5,1,G,C,H,K,2,4,K,9,7,E,5,0,T,CHEV,2KH,PK,7,17,,2,0,1330,SIL,G,,,8,366,,,,C,5398,00,,44,0,0,000000000,00000000000,0,0,0,1,0,0,0,0,0,0,0,998,0,0,0,12,6,2,8,0,0,0,1,19,52247,6,1,0,0,3,0,68,180,0,0,0,0,0,0,0,0,0,0,0,0,0,0,1,2,25,1,1,2,1,0,0,1,13,1,1,4,15,0,0
19,190209,1,2,4,26,8,13,9,12,2,1,0,19,2,20,481,20481,31,2004,1GCHK23UX4F2,1,G,C,H,K,2,3,U,X,4,F,2,0,T,CHEV,2KH,CW,4,17,,2,1670,1530,SIL,G,,,8,364,,,,C,6056,03,,44,0,0,000000000,00000000000,0,0,0,1,0,0,0,0,0,0,0,998,0,0,0,12,6,2,12,0,0,0,1,19,52172,6,1,6,0,3,0,70,190,3,0,0,0,0,2,2010,7,2011,0,0,0,0,0,1,2,55,1,1,2,1,0,0,1,62,1,1,1,51,0,0
19,190209,2,2,1,26,8,13,9,12,2,1,0,19,1,23,471,23471,30,2001,1GTCS1954181,1,G,T,C,S,1,9,5,4,1,8,1,0,T,GMC,SON,PC,1,17,,1,0,1229,SON,F,,,4,133,,,,B,00000,00,U,42,0,0,000000000,00000000000,0,0,0,1,0,0,0,0,0,0,0,998,0,0,0,12,6,2,12,0,0,0,1,19,52049,6,1,6,0,3,0,70,200,0,1,0,0,2,2,2010,4,2011,0,0,0,0,0,1,2,55,1,2,2,1,0,0,1,10,1,1,2,50,1,0
19,190210,1,1,1,26,8,12,50,1,0,1,0,19,1,72,706,72706,80,2008,1HD1KB4328Y7,1,H,D,1,K,B,4,3,2,8,Y,7,0,M,HD,FHX,RS,8,17,,,,,,,1584,,2,,4,786,,,,,,,0,0,000000000,00000000000,0,0,0,1,0,0,0,0,0,0,0,998,0,0,0,0,6,2,35,0,0,0,1,19,51566,6,1,6,0,3,3,69,192,1,0,0,0,0,9,2009,9,2009,0,0,0,0,0,1,2,55,1,2,2,1,0,0,1,12,1,1,4,6,1,0
19,190211,1,1,1,27,8,23,0,8,0,1,0,19,2,22,20,22020,2,2000,1G2WP12K3YF1,1,G,2,W,P,1,2,K,3,Y,F,1,0,P,PONT,GPG,CP,0,17,3386,,0,1105,,G,,F,6,231,,,16R225,,,,,,0,0,000000000,00000000000,0,0,0,1,0,0,0,0,0,0,0,998,0,0,0,12,6,2,8,0,0,0,1,19,50447,1,1,5,0,2,0,69,210,0,1,0,0,1,5,2011,10,2011,0,0,0,0,0,1,2,55,1,1,2,1,0,0,1,80,1,1,1,13,0,1