STATE,ST_CASE,VEH_NO,VE_FORMS,NUMOCCS,DAY,MONTH,HOUR,MINUTE,HARM_EV,MAN_COLL,UNITTYPE,HIT_RUN,REG_STAT,OWNER,MAKE,MODEL,MAK_MOD,BODY_TYP,MOD_YEAR,VIN,VIN_1,VIN_2,VIN_3,VIN_4,VIN_5,VIN_6,VIN_7,VIN_8,VIN_9,VIN_10,VIN_11,VIN_12,TOW_VEH,VINTYPE,VINMAKE,VINA_MOD,VIN_BT,VINMODYR,VIN_LNGT,VIN_WGT,WGTCD_TR,WHLBS_LG,WHLBS_SH,SER_TR,FUELCODE,MCYCL_DS,CARBUR,CYLINDER,DISPLACE,MCYCL_CY,MCYCL_WT,TIRE_SZE,TON_RAT,TRK_WT,TRKWTVAR,VIN_REST,WHLDRWHL,J_KNIFE,MCARR_I1,MCARR_I2,MCARR_ID,GVWR,V_CONFIG,CARGO_BT,HAZ_INV,HAZ_PLAC,HAZ_ID,HAZ_CNO,HAZ_REL,BUS_USE,SPEC_USE,EMER_USE,TRAV_SP,UNDERIDE,ROLLOVER,ROLINLOC,IMPACT1,DEFORMED,TOWED,M_HARM,VEH_SC1,VEH_SC2,FIRE_EXP,DR_PRES,L_STATE,DR_ZIP,L_STATUS,L_TYPE,CDL_STAT,L_ENDORS,L_COMPL,L_RESTRI,DR_HGT,DR_WGT,PREV_ACC,PREV_SUS,PREV_DWI,PREV_SPD,PREV_OTH,FIRST_MO,FIRST_YR,LAST_MO,LAST_YR,SPEEDREL,DR_SF1,DR_SF2,DR_SF3,DR_SF4,VTRAFWAY,VNUM_LAN,VSPD_LIM,VALIGN,VPROFILE,VPAVETYP,VSURCOND,VTRAFCON,VTCONT_F,P_CRASH1,P_CRASH2,P_CRASH3,PCRASH4,PCRASH5,ACC_TYPE,DEATHS,DR_DRINK
20,200041,2,2,1,27,2,14,55,12,6,1,0,31,1,20,481,20481,31,2002,1GCHK23G52F1,1,G,C,H,K,2,3,G,5,2,F,1,0,T,CHEV,2KH,CW,2,17,,2,1670,1530,SIL,G,,,8,496,,,,C,5753,00,,44,0,0,000000000,00000000000,0,0,0,1,0,0,0,0,0,0,0,998,0,0,0,12,6,2,12,0,0,0,1,31,68352,6,1,6,0,3,0,78,300,0,0,0,0,0,0,0,0,0,0,0,0,0,0,1,2,55,1,1,4,1,0,0,1,66,1,1,1,88,0,0
20,200042,1,1,1,3,3,17,45,1,0,1,0,20,2,18,2,18002,4,1989,1G4HP54C5KH4,1,G,4,H,P,5,4,C,5,K,H,4,0,P,BUIC,LCF,4D,89,17,3155,,0,1108,,G,,F,6,231,,,14R205,,,,,,0,0,000000000,00000000000,0,0,0,1,0,0,0,0,0,0,0,70,0,1,5,0,6,9,1,0,0,0,1,20,67860,6,1,0,0,3,0,67,130,0,0,0,1,0,12,2010,12,2010,1,39,0,0,0,1,2,55,1,1,4,1,0,0,1,6,7,3,4,1,1,0
20,200043,1,1,4,4,3,1,15,31,0,1,0,20,1,20,481,20481,31,2008,2GCEK13M1811,2,G,C,E,K,1,3,M,1,8,1,1,0,T,CHEV,SK1,CW,8,17,,2,0,1435,SIL,G,,,8,323,,,,B,5326,00,,44,0,0,000000000,00000000000,0,0,0,1,0,0,0,0,0,0,0,998,0,1,5,9,6,2,1,0,0,0,1,20,66502,6,1,0,0,3,0,77,190,0,0,0,0,0,0,0,0,0,1,0,0,0,0,1,2,55,2,1,2,1,0,0,14,6,1,1,4,6,1,1
20,200044,1,1,1,5,3,0,38,11,0,1,0,20,1,72,706,72706,80,1993,1HD1DPL15PY5,1,H,D,1,D,P,L,1,5,P,Y,5,0,M,HD,UHB,RS,93,17,,,,,,,1340,,2,,4,765,,,,,,,0,0,000000000,00000000000,0,0,0,1,0,0,0,0,0,0,0,998,0,0,0,12,6,2,11,0,0,0,1,20,66951,6,1,6,0,3,1,69,300,0,0,0,0,2,12,2009,12,2009,0,83,0,0,0,1,2,65,1,1,2,1,0,0,1,87,1,1,1,13,1,0
20,200045,1,1,1,6,3,19,35,8,0,1,0,20,2,7,482,7482,31,1994,3B3AA4634RT3,3,B,3,A,A,4,6,3,4,R,T,3,0,P,DODG,SPI,4D,94,17,2745,,0,1035,,G,,F,6,181,,,14R185,,,,,,0,0,000000000,00000000000,0,0,0,1,0,0,0,0,0,0,0,998,0,0,0,12,6,2,8,0,0,0,1,20,67481,6,1,0,0,3,1,70,200,0,0,0,0,0,0,0,0,0,0,86,0,0,0,1,2,65,1,1,2,1,0,0,1,80,4,1,1,13,0,0
20,200046,1,1,1,12,3,8,30,15,0,1,0,20,1,20,481,20481,31,1996,1GCEK19R9TE1,1,G,C,E,K,1,9,R,9,T,E,1,0,T,CHEV,GK1,PC,96,17,,2,1555,1415,GM4,G,,,8,350,,,,B,4495,08,,44,0,0,000000000,00000000000,0,0,0,1,0,0,0,0,0,0,0,998,0,0,0,12,2,9,15,0,0,0,1,20,67212,1,1,0,0,2,0,68,200,1,0,0,0,0,3,2012,3,2012,0,38,0,0,0,1,2,30,1,1,1,2,20,3,10,83,1,1,2,13,0,0
20,200047,1,1,1,13,3,18,14,8,0,1,0,20,1,20,404,20404,14,2007,2CNDL63F3760,2,C,N,D,L,6,3,F,3,7,6,0,0,P,CHEV,EQU,UT,7,17,3668,,0,1125,,G,,F,6,207,,,17R235,,,,,,0,0,000000000,00000000000,0,0,0,1,0,0,0,0,0,0,0,38,0,0,0,12,4,3,8,0,0,0,1,20,66112,6,1,6,0,3,1,65,170,0,0,0,0,0,0,0,0,0,0,0,0,0,0,1,4,40,1,2,2,1,0,0,1,80,9,1,2,13,0,0
20,200048,1,2,1,14,3,13,18,12,6,1,0,20,1,22,22,22022,4,2009,1G2ZH57N5941,1,G,2,Z,H,5,7,N,5,9,4,1,0,P,PONT,GGT,4D,9,17,3457,,0,1123,,G,,F,6,214,,,17R225,,,,,,0,0,000000000,00000000000,0,0,0,1,0,0,0,0,0,0,0,998,0,0,0,10,6,2,12,0,0,0,1,20,66109,6,1,0,0,3,1,65,110,0,0,0,1,0,5,2009,5,2009,0,38,0,0,0,1,2,35,1,1,2,1,20,3,1,17,1,1,1,89,0,0
20,200048,2,2,1,14,3,13,18,12,6,1,0,29,1,37,32,37032,4,1991,JHMCB7667MC0,J,H,M,C,B,7,6,6,7,M,C,0,0,P,HOND,AER,4D,91,17,2923,,0,1071,,G,,F,4,132,,,15R195,,,,,,0,0,000000000,00000000000,0,0,0,1,0,0,0,0,0,0,0,998,0,0,0,12,6,2,12,0,0,0,1,29,64058,6,1,0,0,3,1,68,190,0,0,0,1,0,3,2011,3,2011,0,0,0,0,0,2,2,65,1,1,2,1,0,0,1,54,1,1,1,88,1,0
20,200049,1,2,1,16,3,7,33,12,2,1,0,29,3,84,881,84881,66,2006,1HSHXSBR06J2,1,H,S,H,X,S,B,R,0,6,J,2,1,T,INTL,860,TR,6,17,,8,0,0,80S,D,,,6,763,,,,,00000,00,,64,1,57,222024,57222024,3,6,1,1,0,0,0,0,0,0,0,998,0,0,0,12,6,2,12,0,0,0,1,20,67060,6,1,6,1,3,0,66,280,0,0,0,0,0,0,0,0,0,0,0,0,0,0,1,2,65,1,1,2,2,0,0,1,10,1,1,2,50,1,0
20,200049,2,2,1,16,3,7,33,12,2,1,0,20,3,85,881,85881,63,2008,2NKMHN7X78M2,2,N,K,M,H,N,7,X,7,8,M,2,0,T,KW,T30,CC,8,17,,7,2800,1450,CON,D,,,6,506,,,,,00000,00,,42,0,57,496970,57496970,3,1,1,1,0,0,0,0,0,0,0,57,0,0,0,12,6,2,12,0,0,0,1,20,67124,6,1,6,1,3,0,73,200,0,0,0,0,0,0,0,0,0,0,0,0,0,0,1,2,65,1,1,2,2,0,0,1,62,1,1,1,51,0,0
20,200050,1,3,3,16,3,8,56,12,2,1,0,20,2,14,6,14006,4,2003,2MEFM75W53X6,2,M,E,F,M,7,5,W,5,3,X,6,0,P,MERC,MGL,4D,3,17,3958,,0,1147,,G,,F,8,281,,,16R225,,,,,,0,0,000000000,00000000000,0,0,0,1,0,0,0,0,0,0,0,998,0,0,0,12,6,2,12,0,0,0,1,20,67054,6,1,0,0,3,1,65,290,0,0,0,0,0,0,0,0,0,0,58,0,0,0,3,4,75,1,1,1,1,0,0,1,13,6,1,6,50,1,0
20,200050,2,3,1,16,3,8,56,12,2,1,0,20,3,82,881,82881,66,2002,1FUJA6CG62LK,1,F,U,J,A,6,C,G,6,2,L,K,1,T,FRHT,COL,TR,2,17,,8,0,0,CON,D,,,6,774,,,,,00000,00,,64,1,57,330856,57330856,3,6,1,1,0,0,0,0,0,0,0,998,0,0,0,12,6,2,12,0,0,0,1,20,67214,6,1,6,1,3,0,69,240,0,0,0,0,0,0,0,0,0,0,0,0,0,0,3,4,75,1,1,1,1,0,0,1,64,1,1,1,51,0,0
20,200050,3,3,2,16,3,8,56,12,2,1,0,20,1,18,7,18007,4,2001,2G4WS52J9112,2,G,4,W,S,5,2,J,9,1,1,2,0,P,BUIC,CCU,4D,1,17,3368,,0,1090,,G,,F,6,191,,,15R205,,,,,,0,0,000000000,00000000000,0,0,0,1,0,0,0,0,0,0,0,998,0,0,0,0,2,9,16,0,0,0,1,20,66851,6,1,0,0,3,0,67,124,0,0,0,1,0,12,2011,12,2011,0,0,0,0,0,3,4,75,1,1,1,1,0,0,1,98,1,1,1,98,0,0
20,200051,1,2,3,16,3,17,45,12,6,1,0,20,2,6,51,6051,4,2007,2C3KA63H77H8,2,C,3,K,A,6,3,H,7,7,H,8,0,P,CHRY,30C,4D,7,17,3998,,0,1200,,G,,F,8,348,,,18R225,,,,,,0,0,000000000,00000000000,0,0,0,1,0,0,0,0,0,0,0,998,0,0,0,12,6,2,12,0,0,1,1,22,70791,1,1,0,0,2,0,999,999,99,99,99,99,99,99,9999,99,9999,0,38,39,0,0,1,2,65,1,1,2,1,20,3,1,17,1,1,1,88,3,0
20,200051,2,2,1,16,3,17,45,12,6,1,0,20,3,82,881,82881,62,2006,1FVACWDD76HW,1,F,V,A,C,W,D,D,7,6,H,W,0,T,FRHT,16M,CC,6,17,,6,0,0,FM2,D,,,6,439,,,,,00000,00,,42,0,57,2013829,572013829,2,1,1,1,0,0,0,0,0,0,0,40,0,1,5,7,6,2,12,0,0,0,1,20,67547,6,1,0,0,3,1,68,200,0,0,0,0,0,0,0,0,0,0,0,0,0,0,1,2,65,1,1,2,1,0,0,1,54,2,1,1,89,0,0
20,200052,1,1,3,19,3,20,57,42,0,1,0,20,2,19,3,19003,4,1998,1G6KD54Y7WU7,1,G,6,K,D,5,4,Y,7,W,U,7,0,P,CADI,DFW,4D,98,17,4012,,0,1138,,G,,F,8,279,,,16R225,,,,,,0,0,000000000,00000000000,0,0,0,1,0,0,0,0,0,0,0,85,0,1,5,3,6,2,1,0,0,0,1,20,66615,6,1,0,0,3,0,71,177,1,0,0,0,0,2,2010,2,2010,1,39,36,87,0,1,2,35,1,1,2,2,0,0,1,6,7,3,4,7,1,1
20,200053,1,2,2,20,3,22,12,12,2,1,0,29,1,87,881,87881,66,2004,1XP5DB9X44D8,1,X,P,5,D,B,9,X,4,4,D,8,1,T,PTRB,379,TR,4,17,,8,0,0,CON,D,,,6,893,,,,,00000,00,,64,3,57,1961585,571961585,3,6,8,1,0,0,0,0,0,0,0,998,0,0,0,12,6,2,12,0,0,0,1,29,64688,6,1,6,1,3,0,69,245,0,0,0,0,0,0,0,0,0,0,0,0,0,0,1,2,65,1,1,1,2,0,0,1,62,7,1,2,51,0,0
20,200053,2,2,1,20,3,22,12,12,2,1,0,20,1,24,1,24001,4,1995,1G8ZK5272SZ3,1,G,8,Z,K,5,2,7,2,S,Z,3,0,P,STRN,SL2,4D,95,17,2338,,0,1024,,G,,F,4,116,,,15R195,,,,,,0,0,000000000,00000000000,0,0,0,1,0,0,0,0,0,0,0,998,0,0,0,12,6,2,12,0,0,0,1,20,66605,6,1,0,0,3,0,72,250,0,0,0,2,0,8,2009,1,2011,0,51,0,0,0,1,2,65,1,1,1,2,0,0,1,10,1,1,2,50,1,0
20,200054,1,1,2,21,3,6,4,34,0,1,0,20,1,20,881,20881,61,1992,1GBJC34FXNE1,1,G,B,J,C,3,4,F,X,N,E,1,0,T,CHEV,GC3,CB,92,17,,3,1595,1315,GM4,D,,,8,397,,,,D,00000,00,,42,0,88,888888888,88888888888,2,1,96,1,0,0,0,0,0,0,0,53,0,0,0,1,6,2,42,0,0,0,1,20,67152,1,1,0,0,2,2,65,160,0,0,0,1,1,9,2009,10,2010,0,74,0,0,0,1,2,55,3,1,2,1,40,3,14,13,8,1,4,1,1,0
20,200055,1,2,1,21,3,8,9,12,6,1,0,20,1,52,34,52034,4,2003,4A3AA46G23E0,4,A,3,A,A,4,6,G,2,3,E,0,0,P,MITS,UEL,4D,3,17,3075,,0,1037,,G,,F,4,146,,,15R195,,,,,,0,0,000000000,00000000000,0,0,0,1,0,0,0,0,0,0,0,60,0,0,0,12,6,2,12,0,0,0,1,20,66226,6,1,0,0,3,0,77,210,0,0,0,0,0,0,0,0,0,0,87,0,0,0,2,2,60,1,2,2,2,0,0,1,54,1,1,1,98,0,0
20,200055,2,2,1,21,3,8,9,12,6,1,0,20,1,20,22,20022,4,2008,1G1AK58F3871,1,G,1,A,K,5,8,F,3,8,7,1,0,P,CHEV,BLS,4D,8,17,3216,,0,1033,,G,,F,4,134,,,15R195,,,,,,0,0,000000000,00000000000,0,0,0,1,0,0,0,0,0,0,0,998,0,0,0,3,6,2,12,0,0,0,1,29,65251,6,1,0,0,3,0,64,300,0,0,0,2,0,10,2011,10,2011,0,87,0,0,0,2,2,60,1,2,2,2,0,0,1,5,3,4,2,98,1,0
20,200056,1,2,1,22,3,8,45,12,2,1,0,20,2,34,35,34035,4,1995,WBAHD6329SGK,W,B,A,H,D,6,3,2,9,S,G,K,0,P,BMW,A52,4D,95,17,3561,,0,1087,,G,,F,6,152,,,15R205,,,,,,0,0,000000000,00000000000,0,0,0,1,0,0,0,0,0,0,0,998,0,0,0,12,6,2,12,0,0,0,1,20,66102,6,1,0,0,3,0,76,180,0,0,0,0,0,0,0,0,0,0,51,0,0,0,3,4,65,1,1,1,1,0,0,98,98,1,1,1,52,0,0
20,200056,2,2,1,22,3,8,45,12,2,1,0,20,1,18,3,18003,4,2000,1G4CU5410Y42,1,G,4,C,U,5,4,1,0,Y,4,2,0,P,BUIC,PAU,4D,0,17,3884,,0,1138,,G,,Z,6,231,,,16R225,,,,,,0,0,000000000,00000000000,0,0,0,1,0,0,0,0,0,0,0,998,0,0,0,12,6,2,12,0,0,0,1,20,66030,6,1,6,0,3,1,72,215,0,0,0,1,0,7,2010,7,2010,0,0,0,0,0,3,4,65,1,1,1,1,0,0,1,54,1,1,1,52,1,0
20,200057,1,1,1,22,3,17,0,24,0,1,0,20,1,72,706,72706,80,1989,1HD1DPL18KY5,1,H,D,1,D,P,L,1,8,K,Y,5,0,M,HD,UHB,RS,89,17,,,,,,,1340,,2,,4,765,,,,,,,0,0,000000000,00000000000,0,0,0,1,0,0,0,0,0,0,0,998,0,0,0,1,6,2,24,0,0,0,1,20,67473,6,1,6,0,3,0,72,185,0,0,0,0,0,0,0,0,0,0,0,0,0,0,1,2,65,1,1,2,1,0,0,1,13,1,1,4,1,1,1
20,200058,1,2,1,26,3,15,1,12,2,1,0,31,2,20,443,20443,20,1998,1GNDX03EXWD2,1,G,N,D,X,0,3,E,X,W,D,2,0,T,CHEV,VTR,ES,98,17,,1,0,1200,VTR,G,,,6,207,,,,,3838,00,,42,0,0,000000000,00000000000,0,0,0,1,0,0,0,0,0,0,0,998,0,0,0,12,6,2,12,0,0,0,1,31,68974,6,1,0,0,3,1,78,320,0,0,0,0,0,0,0,0,0,0,51,0,0,0,1,2,60,1,2,2,1,0,0,1,10,1,1,2,50,1,0
20,200058,2,2,1,26,3,15,1,12,2,1,0,20,1,87,881,87881,66,1994,1XP5DB9X9RD3,1,X,P,5,D,B,9,X,9,R,D,3,1,T,PTRB,379,TR,94,17,,8,0,0,CON,D,,,6,893,,,,,00000,00,,64,1,57,2150729,572150729,3,6,2,1,0,0,0,0,0,0,0,998,0,0,0,12,6,2,12,0,0,0,1,20,66937,6,1,6,1,3,0,71,125,1,0,0,0,0,11,2009,11,2009,0,0,0,0,0,1,2,60,1,2,2,1,0,0,1,62,7,1,2,51,0,0
20,200059,1,2,1,29,3,5,30,12,2,1,0,29,1,23,441,23441,20,1997,1GKDM19W2VB5,1,G,K,D,M,1,9,W,2,V,B,5,0,T,GMC,SXT,ES,97,17,,1,0,1110,SAF,G,,,6,262,,,,B,4198,00,E,42,0,0,000000000,00000000000,0,0,0,1,0,0,0,0,0,0,0,998,0,0,0,12,6,2,12,0,0,0,1,29,64742,6,1,0,0,3,0,62,160,0,0,0,0,0,0,0,0,0,0,51,0,0,0,2,2,75,1,2,1,1,0,0,98,98,1,1,1,52,0,0
20,200059,2,2,1,29,3,5,30,12,2,1,0,29,2,12,23,12023,4,2012,3FAHP0HA0CR2,3,F,A,H,P,0,H,A,0,C,R,2,0,P,FORD,F/E,4D,12,17,3285,,0,1074,,G,,F,4,152,,,17R225,,,,,,0,0,000000000,00000000000,0,0,0,1,0,0,0,0,0,0,0,998,0,0,0,12,6,2,12,0,0,0,1,6,92673,6,1,0,0,3,1,71,200,0,0,0,0,0,0,0,0,0,0,0,0,0,0,2,2,75,1,2,1,1,0,0,1,54,1,1,1,52,1,0
20,200060,1,1,1,28,3,13,12,58,0,1,0,8,1,76,706,76706,80,1985,JYA50H008FA0,J,Y,A,5,0,H,0,0,8,F,A,0,0,M,YAMA,FJ1,RC,85,17,,,,,,,1100,,4,,4,500,,,,,,,0,0,000000000,00000000000,0,0,0,1,0,0,0,0,0,0,0,998,0,0,0,4,6,2,34,0,0,0,1,8,80260,6,1,0,0,3,0,71,156,0,0,0,2,4,6,2009,7,2011,0,0,0,0,0,2,2,75,1,1,2,1,0,0,1,9,3,1,4,98,1,0
20,200062,1,1,1,31,3,6,15,42,0,1,0,20,1,20,421,20421,15,2001,1GNEK13T51R2,1,G,N,E,K,1,3,T,5,1,R,2,0,P,CHEV,KTA,UT,1,17,5050,,0,1160,,G,,F,8,325,,,16R245,,,,,,0,0,000000000,00000000000,0,0,0,1,0,0,0,0,0,0,0,998,0,0,0,12,6,2,42,0,0,0,1,20,67062,6,1,6,0,3,0,72,180,1,0,0,0,0,12,2011,12,2011,0,0,0,0,0,1,2,55,1,1,4,1,0,0,1,13,1,1,4,1,1,0
20,200063,1,2,1,30,3,14,55,12,6,1,0,20,1,18,2,18002,4,2000,1G4HP54KXY41,1,G,4,H,P,5,4,K,X,Y,4,1,0,P,BUIC,LCF,4D,0,17,3567,,0,1122,,G,,F,6,231,,,15R215,,,,,,0,0,000000000,00000000000,0,0,0,1,0,0,0,0,0,0,0,998,0,0,0,9,6,2,12,0,0,0,1,20,67108,6,1,0,0,3,1,59,130,0,0,0,0,0,0,0,0,0,0,0,0,0,0,1,4,45,1,1,2,1,3,3,1,17,1,1,1,69,1,0
20,200063,2,2,1,30,3,14,55,12,6,1,0,20,3,12,461,12461,21,2002,1FTSS34LX2HB,1,F,T,S,S,3,4,L,X,2,H,B,0,T,FORD,3SD,EC,2,17,,2,0,1380,VAN,G,,,8,330,,,,D,5616,00,E,42,0,0,000000000,00000000000,0,0,0,1,0,0,0,0,0,0,0,998,0,0,0,12,6,2,12,0,0,0,1,20,67017,6,1,0,0,3,1,72,220,0,0,0,0,0,0,0,0,0,0,38,0,0,0,1,4,45,1,1,2,1,3,3,11,65,1,1,2,68,0,0
20,200064,1,2,3,31,3,17,20,12,2,1,0,20,2,23,481,23481,31,1996,2GTEC19W8T15,2,G,T,E,C,1,9,W,8,T,1,5,0,T,GMC,SC1,PC,96,17,,2,1555,1415,SIE,G,,,6,262,,,,B,4068,02,M,42,0,0,000000000,00000000000,0,0,0,1,0,0,0,0,0,0,0,998,0,0,0,12,6,2,12,0,0,0,1,20,66748,1,1,0,0,2,0,67,180,1,0,0,0,0,12,2009,12,2009,0,51,0,0,0,1,2,65,9,1,2,1,0,0,1,10,1,1,2,50,1,0
20,200064,2,2,2,31,3,17,20,12,2,1,0,20,1,20,421,20421,15,2011,1G8EK18H1BF1,1,G,8,E,K,1,8,H,1,B,F,1,0,P,CHEV,K10,UT,81,17,4087,,0,1065,,G,,4,8,305,,,000000,,,,,,0,0,000000000,00000000000,0,0,0,1,0,0,0,0,0,0,0,998,0,0,0,12,6,2,12,0,0,0,1,20,67335,6,1,0,0,3,1,71,260,0,0,0,0,0,0,0,0,0,0,0,0,0,0,1,2,65,9,1,2,1,0,0,1,62,99,1,2,51,0,0
20,200065,1,2,1,1,3,12,40,12,1,1,0,20,1,12,37,12037,4,2005,1FAFP34N85W3,1,F,A,F,P,3,4,N,8,5,W,3,0,P,FORD,ZX4,4D,5,17,2677,,0,1030,,G,,F,4,122,,,15R195,,,,,,0,0,000000000,00000000000,0,0,0,1,0,0,0,0,0,0,0,0,0,0,0,6,2,9,12,0,0,0,1,20,67212,6,1,0,0,3,0,63,160,0,0,0,0,0,0,0,0,0,0,0,0,0,0,1,2,40,1,1,2,1,0,0,5,15,1,1,1,22,0,0
20,200065,2,2,1,1,3,12,40,12,1,1,0,20,1,76,703,76703,89,2009,LPRSE48Y59A0,L,P,R,S,E,4,8,Y,5,9,A,0,0,M,YAMA,YW2,MS,9,17,,,,,,,125,,1,,4,207,,,,,,,0,0,000000000,00000000000,0,0,0,1,0,0,0,0,0,0,0,998,0,0,0,12,6,2,12,0,0,0,1,20,67203,6,1,0,0,3,0,67,192,0,0,0,0,0,0,0,0,0,0,26,0,0,0,1,2,40,1,1,2,1,0,0,1,54,7,1,1,20,1,0
20,200066,1,1,18,1,4,8,55,24,0,1,0,27,1,82,881,82881,66,1999,1FUYSSEBXXLA,1,F,U,Y,S,S,E,B,X,X,L,A,1,T,FRHT,FC2,TR,99,17,,8,0,0,CON,D,,,6,774,,,,,00000,00,,64,1,88,888888888,88888888888,3,6,97,1,0,0,0,0,0,0,0,998,0,1,5,11,6,2,1,0,0,0,1,27,55352,6,2,0,0,2,0,74,180,0,0,0,0,0,0,0,0,0,0,88,0,0,0,3,4,75,1,2,1,1,0,0,1,13,6,1,4,1,5,0
20,200068,1,2,1,2,4,6,26,12,6,1,0,20,1,18,22,18022,4,2005,2G4WC5625512,2,G,4,W,C,5,6,2,5,5,1,2,0,P,BUIC,LCX,4D,5,17,3495,,0,1138,,G,,F,6,232,,,16R225,,,,,,0,0,000000000,00000000000,0,0,0,1,0,0,0,0,0,0,0,998,0,1,1,3,6,2,12,0,0,0,1,20,67050,6,1,6,0,3,1,67,150,0,0,0,1,0,10,2010,10,2010,0,0,0,0,0,1,2,55,1,1,2,1,0,0,1,17,1,1,1,87,1,0
20,200068,2,2,4,2,4,6,26,12,6,1,0,20,3,7,881,7881,61,2007,3D6WH48A27G8,3,D,6,W,H,4,8,A,2,7,G,8,1,T,DODG,SQ3,CH,7,17,,3,0,1635,RPC,D,,,6,408,,,,D,6795,00,E,44,1,57,439665,57439665,2,4,96,1,0,0,0,0,0,0,0,55,0,1,1,12,6,9,12,0,0,0,1,20,67068,6,1,6,1,3,2,71,165,0,0,0,0,0,0,0,0,0,0,38,74,0,0,1,2,55,1,1,2,1,20,3,1,54,1,1,1,86,0,0
20,200069,1,1,1,2,4,11,50,1,0,1,0,20,1,12,471,12471,30,1990,1FTCR10T4LUB,1,F,T,C,R,1,0,T,4,L,U,B,0,T,FORD,RNG,PK,90,17,,1,1140,1080,RNG,G,,,6,177,,,,B,2674,01,A,42,0,0,000000000,00000000000,0,0,0,1,0,0,0,0,0,0,0,998,0,1,1,0,6,2,1,0,0,0,1,20,66935,6,1,0,0,3,1,65,148,0,0,0,0,0,0,0,0,0,0,0,0,0,0,1,2,55,1,1,4,1,0,0,1,9,7,3,2,98,1,0
20,200070,1,2,1,4,4,1,0,12,1,1,1,48,1,7,880,7880,67,2006,3D7ML48C66G2,3,D,7,M,L,4,8,C,6,6,G,2,0,T,DODG,SQ3,CW,6,17,,3,0,1600,RPC,D,,,6,359,,,,D,6843,01,E,42,0,88,888888888,88888888888,2,1,97,1,0,0,0,0,0,0,0,998,0,0,0,12,6,4,12,0,0,0,1,48,75862,6,1,0,0,3,1,999,999,0,0,0,0,0,0,0,0,0,1,26,0,0,0,1,2,40,1,1,2,1,0,0,1,52,1,1,1,24,0,0
20,200070,2,2,1,4,4,1,0,12,1,1,0,8,1,35,471,35471,30,1991,1N6HD16Y6MC3,1,N,6,H,D,1,6,Y,6,M,C,3,0,T,NISS,KNG,PC,91,17,,1,0,1161,TRK,G,,,6,181,,,,B,3682,01,A,44,0,0,000000000,00000000000,0,0,0,1,0,0,0,0,0,0,0,998,0,0,0,6,6,2,42,0,0,0,1,8,81008,6,1,0,0,3,1,71,250,0,0,0,1,0,3,2010,3,2010,0,0,0,0,0,1,2,40,1,1,2,1,0,0,11,53,1,1,1,26,1,0
20,200071,1,2,2,5,4,16,28,12,6,1,0,20,2,41,52,41052,6,2012,JM1CW2BL8C01,J,M,1,C,W,2,B,L,8,C,0,1,0,P,MAZD,MA5,SW,12,17,3417,,0,1083,,G,,F,4,152,,,16R205,,,,,,0,0,000000000,00000000000,0,0,0,1,0,0,0,0,0,0,0,998,0,0,0,12,6,2,12,0,0,0,1,20,66441,6,1,0,0,3,0,67,135,0,0,0,1,0,5,2009,5,2009,0,0,0,0,0,2,2,60,1,1,2,1,0,0,1,17,1,1,1,88,0,0
20,200071,2,2,1,5,4,16,28,12,6,1,0,20,1,7,442,7442,20,2000,999999999999,9,9,9,9,9,9,9,9,9,9,9,9,0,,,,,,,,,,,,,,,,,,,,,,,,,0,0,000000000,00000000000,0,0,0,1,0,0,0,0,0,0,0,998,0,0,0,10,6,2,12,0,0,0,1,20,66441,6,1,0,0,3,1,71,173,0,0,0,1,0,11,2009,11,2009,0,38,0,0,0,1,2,30,9,9,9,99,20,3,1,54,1,1,1,89,1,0
20,200072,1,2,2,8,4,9,46,12,2,1,0,20,1,20,481,20481,31,2003,2GCEK19V3312,2,G,C,E,K,1,9,V,3,3,1,2,0,T,CHEV,SK1,4C,3,17,,2,1575,1435,SIL,G,,,8,293,,,,B,4910,02,,44,0,0,000000000,00000000000,0,0,0,1,0,0,0,0,0,0,0,998,0,0,0,12,6,2,12,0,0,0,1,20,67356,6,1,0,0,3,0,72,150,0,0,0,2,0,12,2009,5,2011,0,28,51,0,0,1,2,55,2,1,4,1,0,0,14,54,7,1,2,52,0,0
20,200072,2,2,2,8,4,9,46,12,2,1,0,20,1,14,6,14006,4,2000,2MEFM74W6YX6,2,M,E,F,M,7,4,W,6,Y,X,6,0,P,MERC,GMG,4D,0,17,3958,,0,1147,,G,,F,8,281,,,16R225,,,,,,0,0,000000000,00000000000,0,0,0,1,0,0,0,0,0,0,0,998,0,0,0,12,6,2,12,0,0,0,1,20,67356,6,1,0,0,3,0,63,150,0,0,0,0,0,0,0,0,0,0,0,0,0,0,1,2,55,3,1,4,1,0,0,14,98,1,1,1,52,1,0
20,200073,1,1,1,8,4,2,0,35,0,1,0,20,1,12,17,12017,4,1997,1FALP52U9VA2,1,F,A,L,P,5,2,U,9,V,A,2,0,P,FORD,TAG,4D,97,17,3329,,0,1085,,G,,F,6,182,,,15R205,,,,,,0,0,000000000,00000000000,0,0,0,1,0,0,0,0,0,0,0,998,0,1,5,12,6,2,3,0,0,0,1,20,67410,6,1,0,0,3,0,71,152,1,0,0,1,1,9,2010,2,2012,0,0,0,0,0,1,2,55,1,1,2,1,0,0,1,13,1,1,4,1,1,1