STATE,ST_CASE,VEH_NO,VE_FORMS,NUMOCCS,DAY,MONTH,HOUR,MINUTE,HARM_EV,MAN_COLL,UNITTYPE,HIT_RUN,REG_STAT,OWNER,MAKE,MODEL,MAK_MOD,BODY_TYP,MOD_YEAR,VIN,VIN_1,VIN_2,VIN_3,VIN_4,VIN_5,VIN_6,VIN_7,VIN_8,VIN_9,VIN_10,VIN_11,VIN_12,TOW_VEH,VINTYPE,VINMAKE,VINA_MOD,VIN_BT,VINMODYR,VIN_LNGT,VIN_WGT,WGTCD_TR,WHLBS_LG,WHLBS_SH,SER_TR,FUELCODE,MCYCL_DS,CARBUR,CYLINDER,DISPLACE,MCYCL_CY,MCYCL_WT,TIRE_SZE,TON_RAT,TRK_WT,TRKWTVAR,VIN_REST,WHLDRWHL,J_KNIFE,MCARR_I1,MCARR_I2,MCARR_ID,GVWR,V_CONFIG,CARGO_BT,HAZ_INV,HAZ_PLAC,HAZ_ID,HAZ_CNO,HAZ_REL,BUS_USE,SPEC_USE,EMER_USE,TRAV_SP,UNDERIDE,ROLLOVER,ROLINLOC,IMPACT1,DEFORMED,TOWED,M_HARM,VEH_SC1,VEH_SC2,FIRE_EXP,DR_PRES,L_STATE,DR_ZIP,L_STATUS,L_TYPE,CDL_STAT,L_ENDORS,L_COMPL,L_RESTRI,DR_HGT,DR_WGT,PREV_ACC,PREV_SUS,PREV_DWI,PREV_SPD,PREV_OTH,FIRST_MO,FIRST_YR,LAST_MO,LAST_YR,SPEEDREL,DR_SF1,DR_SF2,DR_SF3,DR_SF4,VTRAFWAY,VNUM_LAN,VSPD_LIM,VALIGN,VPROFILE,VPAVETYP,VSURCOND,VTRAFCON,VTCONT_F,P_CRASH1,P_CRASH2,P_CRASH3,PCRASH4,PCRASH5,ACC_TYPE,DEATHS,DR_DRINK
20,200111,1,2,4,14,5,2,50,12,2,1,0,93,3,20,481,20481,31,2003,1GCHK29173E2,1,G,C,H,K,2,9,1,7,3,E,2,0,T,CHEV,2KH,4C,3,17,,2,1575,1435,SIL,D,,,8,403,,,,C,5630,01,,44,0,0,000000000,00000000000,0,0,0,1,0,0,0,0,0,0,0,998,0,0,0,12,6,2,12,0,0,0,1,20,67152,6,1,0,0,3,0,70,170,0,0,0,0,0,0,0,0,0,0,51,0,0,0,1,2,55,1,1,2,1,0,0,1,54,1,1,2,52,0,1
20,200111,2,2,2,14,5,2,50,12,2,1,0,20,2,18,2,18002,4,2001,1G4HP54K71U2,1,G,4,H,P,5,4,K,7,1,U,2,0,P,BUIC,LCF,4D,1,17,3567,,0,1122,,G,,F,6,231,,,15R215,,,,,,0,0,000000000,00000000000,0,0,0,1,0,0,0,0,0,0,0,998,0,0,0,12,6,2,12,0,0,0,1,20,66872,6,1,0,0,3,0,68,160,1,0,0,0,0,7,2009,7,2009,0,0,0,0,0,1,2,55,1,1,2,1,0,0,1,54,1,1,1,52,2,0
20,200112,1,2,4,15,5,1,7,12,2,1,0,20,1,6,441,6441,20,2004,1C4GP44R34B5,1,C,4,G,P,4,4,R,3,4,B,5,0,T,CHRY,TLX,ES,4,17,,1,0,1193,TWC,G,,,6,201,,,,,3962,00,,42,0,0,000000000,00000000000,0,0,0,1,0,0,0,0,0,0,0,998,0,0,0,12,6,2,12,0,0,0,1,20,67846,6,1,0,0,3,0,66,150,0,0,0,0,0,0,0,0,0,0,51,0,0,0,1,2,65,1,1,2,1,0,0,1,10,1,1,2,50,1,1
20,200112,2,2,1,15,5,1,7,12,2,1,0,48,1,12,13,12013,2,1999,3FAKP1131XR1,3,F,A,K,P,1,1,3,1,X,R,1,0,P,FORD,ZCH,CP,99,17,2478,,0,984,,G,,F,4,121,,,14R185,,,,,,0,0,000000000,00000000000,0,0,0,1,0,0,0,0,0,0,0,998,0,0,0,12,6,2,12,0,0,0,1,48,79029,6,1,0,0,3,0,59,125,1,0,0,2,1,6,2010,2,2012,0,0,0,0,0,1,2,65,1,1,2,1,0,0,1,62,1,1,1,51,1,1
20,200113,1,1,1,16,5,8,35,32,0,1,0,93,3,85,881,85881,66,2009,1XKDD48X99J2,1,X,K,D,D,4,8,X,9,9,J,2,1,T,KW,T80,TR,9,17,,8,2600,1600,CON,D,,,6,915,,,,,00000,00,,64,1,57,284266,57284266,3,6,8,1,0,0,0,0,0,0,0,998,0,0,0,12,6,2,35,0,0,0,1,29,64465,6,1,6,1,3,0,69,190,0,0,0,0,0,0,0,0,0,0,99,99,99,99,1,2,55,1,3,2,1,0,0,1,12,1,1,4,6,1,0
20,200114,1,2,1,16,5,7,37,12,1,1,0,20,2,6,441,6441,20,2005,2C8GP64L75R5,2,C,8,G,P,6,4,L,7,5,R,5,0,T,CHRY,LMT,ES,5,17,,1,0,1193,TWC,G,,,6,230,,,,,4344,00,,42,0,0,000000000,00000000000,0,0,0,1,0,0,0,0,0,0,0,998,0,0,0,12,6,2,12,0,0,0,1,20,67301,6,1,0,0,3,0,66,142,0,0,0,0,0,0,0,0,0,0,0,0,0,0,1,2,65,1,1,2,1,0,0,1,50,9,1,1,20,1,0
20,200114,2,2,2,16,5,7,37,12,1,1,0,20,3,23,883,23883,63,2006,1GDL7C1G06F4,1,G,D,L,7,C,1,G,0,6,F,4,1,T,GMC,C7C,CC,6,17,,7,2960,1400,C75,G,,,8,496,,,,,00000,00,,42,1,57,101328,57101328,3,4,1,1,0,0,0,0,0,0,0,0,0,0,0,6,6,2,12,0,0,0,1,20,67301,6,1,6,1,3,1,67,180,0,0,0,0,0,0,0,0,0,0,0,0,0,0,1,2,65,1,1,2,1,0,0,5,53,1,1,1,21,0,0
20,200115,1,2,1,17,4,20,29,12,1,1,0,20,1,7,24,7024,4,2010,2B3CA3CV8AH2,2,B,3,C,A,3,C,V,8,A,H,2,0,P,DODG,CHS,4D,10,17,3820,,0,1200,,G,,F,6,214,,,17R215,,,,,,0,0,000000000,00000000000,0,0,0,1,0,0,0,0,0,0,0,0,0,0,0,6,6,2,12,0,0,0,1,20,67205,6,1,0,0,3,0,75,210,0,0,0,0,0,0,0,0,0,0,0,0,0,0,1,4,40,1,1,1,1,1,3,5,53,1,1,1,21,0,0
20,200115,2,2,1,17,4,20,29,12,1,1,0,20,1,24,5,24005,4,2002,1G8JU54F12Y5,1,G,8,J,U,5,4,F,1,2,Y,5,0,P,STRN,L20,4D,2,17,3033,,0,1065,,G,,F,4,134,,,15R195,,,,,,0,0,000000000,00000000000,0,0,0,1,0,0,0,0,0,0,0,70,0,0,0,12,6,2,12,0,0,0,1,20,67149,6,1,0,0,3,1,70,160,0,0,0,0,0,0,0,0,0,1,6,0,0,0,1,4,40,1,1,1,1,1,3,1,50,4,1,1,20,1,1
20,200116,1,1,1,4,5,3,30,1,0,1,0,20,1,12,401,12401,14,1997,1FMDU35P6VUB,1,F,M,D,U,3,5,P,6,V,U,B,0,P,FORD,EPR,UT,97,17,4166,,0,1115,,G,,F,8,302,,,15R225,,,,,,0,0,000000000,00000000000,0,0,0,1,0,0,0,0,0,0,0,998,0,1,5,0,6,2,1,0,0,0,1,20,67059,6,1,0,0,3,1,65,147,0,0,0,1,0,12,2009,12,2009,0,0,0,0,0,1,2,55,1,1,4,1,0,0,1,13,6,1,4,1,1,1
20,200117,1,2,1,16,5,16,25,12,6,1,0,20,1,49,40,49040,4,2012,4T1BD1FK6CU0,4,T,1,B,D,1,F,K,6,C,U,0,0,P,TOYT,CHL,4D,12,17,3417,,0,1093,,B,,F,4,152,,,16R205,,,,,,0,0,000000000,00000000000,0,0,0,1,0,0,0,0,0,0,0,48,0,0,0,12,6,2,12,0,0,0,1,20,66217,6,1,0,0,3,1,76,165,0,0,0,0,0,0,0,0,0,1,0,0,0,0,1,2,30,1,6,2,1,0,0,1,67,8,1,2,83,1,0
20,200117,2,2,1,16,5,16,25,12,6,1,0,20,1,63,34,63034,4,2004,KNAGD1262452,K,N,A,G,D,1,2,6,2,4,5,2,0,P,KIA,OLE,4D,4,17,3281,,0,1063,,G,,F,4,144,,,15R205,,,,,,0,0,000000000,00000000000,0,0,0,1,0,0,0,0,0,0,0,998,0,0,0,99,6,2,12,0,0,0,1,20,66216,6,1,0,0,3,1,72,215,0,0,0,1,0,3,2012,3,2012,0,38,0,0,0,1,2,25,1,1,2,1,20,3,11,66,1,1,1,82,0,0
20,200118,1,1,1,17,5,1,40,31,0,1,0,40,1,72,706,72706,80,2009,1HD1JM5189Y0,1,H,D,1,J,M,5,1,8,9,Y,0,0,M,HD,LTB,RS,9,17,,,,,,,1584,,2,,4,737,,,,,,,0,0,000000000,00000000000,0,0,0,1,0,0,0,0,0,0,0,998,0,0,0,99,6,2,31,0,0,0,1,40,73950,6,1,6,0,3,1,69,165,0,0,0,0,0,0,0,0,0,0,99,99,99,99,1,2,55,3,1,2,1,0,0,14,13,1,1,4,1,1,1
20,200119,1,1,1,17,5,22,57,42,0,1,0,20,1,2,404,2404,14,1994,1J4FJ27S9RL2,1,J,4,F,J,2,7,S,9,R,L,2,0,T,JEEP,CSE,2W,94,17,,1,0,1014,CHK,G,,,6,242,,,,,2937,00,A,44,0,0,000000000,00000000000,0,0,0,1,0,0,0,0,0,0,0,998,0,0,0,3,6,2,42,0,0,1,1,20,67501,6,1,0,0,3,0,70,145,0,0,0,0,0,0,0,0,0,1,58,8,0,0,1,2,30,1,1,2,1,0,0,1,12,7,4,4,7,1,1
20,200120,1,1,1,19,5,13,55,58,0,1,0,20,2,73,706,73706,80,1986,JKAZXCA15GB5,J,K,A,Z,X,C,A,1,5,G,B,5,0,M,KAWK,ZX0,RC,86,17,,,,,,,1000,,4,,4,525,,,,,,,0,0,000000000,00000000000,0,0,0,1,0,0,0,0,0,0,0,998,0,0,0,1,6,2,58,0,0,0,1,20,66007,6,1,0,0,2,2,66,140,1,0,0,1,0,8,2011,8,2011,1,77,74,0,0,1,2,50,3,1,2,1,0,0,14,13,1,1,4,1,1,1
20,200121,1,1,2,19,5,23,22,9,0,1,1,20,2,34,37,34037,4,2001,WBAGH83461DP,W,B,A,G,H,8,3,4,6,1,D,P,0,P,BMW,7IL,4D,1,17,4288,,0,1209,,G,,F,8,268,,,16R235,,,,,,0,0,000000000,00000000000,0,0,0,1,0,0,0,0,0,0,0,998,0,0,0,12,4,1,9,0,0,0,1,20,67215,6,1,0,0,3,0,71,155,1,0,0,1,2,8,2009,8,2010,0,0,0,0,0,5,4,40,1,1,1,1,0,0,1,83,1,1,1,13,0,0
20,200122,1,1,1,20,5,19,33,31,0,1,0,20,1,13,12,13012,4,2004,1LNHM86S14Y6,1,L,N,H,M,8,6,S,1,4,Y,6,0,P,LINC,LLS,4D,4,17,3720,,0,1145,,G,,F,6,182,,,16R225,,,,,,0,0,000000000,00000000000,0,0,0,1,0,0,0,0,0,0,0,998,0,1,5,1,6,2,1,0,0,0,1,20,67512,6,1,0,0,3,1,75,230,0,0,0,0,0,0,0,0,0,0,99,99,99,99,2,4,75,1,1,1,1,0,0,1,13,1,1,4,1,1,0
20,200123,1,2,1,21,5,9,31,12,2,1,0,20,2,12,17,12017,4,2005,1FAFP53U15A2,1,F,A,F,P,5,3,U,1,5,A,2,0,P,FORD,TSE,4D,5,17,3306,,0,1085,,G,,F,6,182,,,16R215,,,,,,0,0,000000000,00000000000,0,0,0,1,0,0,0,0,0,0,0,998,0,0,0,12,6,2,12,0,0,0,1,20,67550,6,1,0,0,3,0,68,190,0,0,0,0,0,0,0,0,0,0,51,0,0,0,1,2,65,1,2,2,1,0,0,1,10,1,1,2,50,1,0
20,200123,2,2,1,21,5,9,31,12,2,1,0,20,3,7,881,7881,61,2009,3D6WH46L49G5,3,D,6,W,H,4,6,L,4,9,G,5,1,T,DODG,350,CB,9,17,,3,1675,1435,RPC,D,,,6,408,,,,D,6079,00,E,44,1,57,2147590,572147590,2,4,3,1,0,0,0,0,0,0,0,998,0,0,0,12,6,2,12,0,0,0,1,20,67601,6,1,6,1,3,1,73,250,0,0,0,0,0,0,0,0,0,0,0,0,0,0,1,2,65,1,2,2,1,0,0,1,62,9,1,1,51,0,0
20,200124,1,2,1,22,5,9,39,12,6,1,0,20,1,19,3,19003,4,1995,1G6KD52B9SU2,1,G,6,K,D,5,2,B,9,S,U,2,0,P,CADI,DFW,4D,95,17,3664,,0,1138,,G,,F,8,300,,,15R215,,,,,,0,0,000000000,00000000000,0,0,0,1,0,0,0,0,0,0,0,55,0,0,0,12,6,2,12,0,0,0,1,20,67114,6,1,0,0,3,1,74,175,0,0,0,0,0,0,0,0,0,0,39,51,0,0,1,2,55,1,1,2,2,0,0,1,10,1,1,2,64,1,0
20,200124,2,2,1,22,5,9,39,12,6,1,0,20,1,85,881,85881,66,2001,1XKDDU9X91J8,1,X,K,D,D,U,9,X,9,1,J,8,1,T,KW,T80,TR,1,17,,8,2600,1600,CON,D,,,6,733,,,,,00000,00,,64,1,57,1526565,571526565,3,6,8,1,0,0,0,0,0,0,0,55,0,0,0,10,6,2,12,0,0,0,1,20,67443,6,1,6,1,3,1,71,175,0,0,0,0,1,2,2011,2,2011,0,0,0,0,0,1,2,55,1,1,2,2,0,0,1,62,99,1,1,65,0,0
20,200125,1,1,2,25,5,2,17,33,0,1,1,20,2,12,3,12003,2,1997,1FALP4048VF1,1,F,A,L,P,4,0,4,8,V,F,1,0,P,FORD,MUS,CP,97,17,3084,,0,1013,,G,,F,6,232,,,15R205,,,,,,0,0,000000000,00000000000,0,0,0,1,0,0,0,0,0,0,0,63,0,0,0,1,6,2,31,0,0,0,1,20,66102,6,7,0,0,3,9,66,150,0,0,0,0,0,0,0,0,0,1,36,0,0,0,1,2,30,3,2,2,1,0,0,1,13,3,1,4,1,1,1
20,200126,1,1,1,25,5,22,33,1,0,1,0,20,1,72,706,72706,80,2003,1HD1BXB403Y0,1,H,D,1,B,X,B,4,0,3,Y,0,0,M,HD,ISA,RS,3,17,,,,,,,1450,,2,,4,666,,,,,,,0,0,000000000,00000000000,0,0,0,1,0,0,0,0,0,0,0,998,0,0,0,0,6,2,1,0,0,0,1,20,67846,6,1,6,0,3,1,73,230,0,0,0,1,1,6,2009,11,2010,0,0,0,0,0,1,4,35,1,1,1,1,0,0,1,98,8,1,1,98,1,0
20,200127,1,2,1,28,5,8,57,12,6,1,0,20,1,6,44,6044,4,1995,1C3EJ56H1SN5,1,C,3,E,J,5,6,H,1,S,N,5,0,P,CHRY,CXI,4D,95,17,3069,,0,1080,,G,,F,6,152,,,15R195,,,,,,0,0,000000000,00000000000,0,0,0,1,0,0,0,0,0,0,0,998,0,0,0,3,6,2,12,0,0,0,1,20,67211,6,1,0,0,3,0,68,170,0,0,0,0,0,0,0,0,0,0,0,0,0,0,1,2,55,1,1,2,1,0,0,1,17,1,1,1,87,0,0
20,200127,2,2,1,28,5,8,57,12,6,1,0,20,2,12,15,12015,2,1992,1FAPP31X6NK2,1,F,A,P,P,3,1,X,6,N,K,2,0,P,FORD,TGL,2D,92,17,2532,,0,999,,G,,F,4,140,,,14R185,,,,,,0,0,000000000,00000000000,0,0,0,1,0,0,0,0,0,0,0,998,0,0,0,12,6,2,12,0,0,0,1,20,67068,1,1,0,0,2,0,73,280,0,0,0,0,0,0,0,0,0,0,38,39,0,0,1,2,55,1,1,2,1,20,3,1,54,3,1,1,86,1,0
20,200128,1,3,1,28,5,19,30,12,2,1,0,48,1,52,40,52040,4,2002,6MMAP67P62T0,6,M,M,A,P,6,7,P,6,2,T,0,0,P,MITS,DLS,4D,2,17,3549,,0,1071,,G,,F,6,213,,,16R215,,,,,,0,0,000000000,00000000000,0,0,0,1,0,0,0,0,0,0,0,998,0,0,0,12,6,2,12,0,0,0,1,48,78233,1,1,0,0,2,1,999,999,0,3,0,0,1,11,2009,8,2010,0,51,0,0,0,1,2,65,1,1,2,1,0,0,1,13,7,1,6,52,1,1
20,200128,2,3,1,28,5,19,30,12,2,1,0,31,1,52,47,52047,6,2003,JA4LZ41G43U0,J,A,4,L,Z,4,1,G,4,3,U,0,0,P,MITS,OUT,UT,3,17,3461,,0,1033,,G,,F,4,146,,,16R225,,,,,,0,0,000000000,00000000000,0,0,0,1,0,0,0,0,0,0,0,998,0,0,0,12,6,2,12,0,0,0,1,31,68506,6,1,0,0,3,1,63,103,0,0,0,0,0,0,0,0,0,0,0,0,0,0,1,2,65,1,1,2,1,0,0,1,62,3,1,1,52,0,0
20,200128,3,3,2,28,5,19,30,12,2,1,0,31,2,2,404,2404,14,2000,1J4GW48S3YC1,1,J,4,G,W,4,8,S,3,Y,C,1,0,T,JEEP,LRO,4W,0,17,,1,0,1059,GCK,G,,,6,244,,,,,3847,01,E,44,0,0,000000000,00000000000,0,0,0,1,0,0,0,0,0,0,0,998,0,1,2,12,6,2,12,0,0,0,1,20,66508,6,1,0,0,3,1,69,170,1,0,0,1,0,4,2010,11,2010,0,0,0,0,0,1,2,65,1,1,2,1,0,0,1,62,1,1,1,98,0,1
20,200129,1,1,1,30,5,17,37,35,0,1,0,48,2,35,43,35043,4,2008,3N1AB61E98L7,3,N,1,A,B,6,1,E,9,8,L,7,0,P,NISS,SL2,4D,8,17,2804,,0,1057,,G,,F,4,122,,,15R205,,,,,,0,0,000000000,00000000000,0,0,0,1,0,0,0,0,0,0,0,998,0,1,5,12,6,2,1,0,0,0,1,48,77396,6,1,0,0,3,0,999,999,0,0,0,2,0,5,2011,5,2012,0,58,0,0,0,1,2,55,1,3,2,1,0,0,1,13,6,1,4,1,1,0
20,200130,1,1,1,25,4,13,11,1,0,1,0,20,1,72,706,72706,80,1997,1HD1FDL18VY6,1,H,D,1,F,D,L,1,8,V,Y,6,0,M,HD,FHR,RS,97,17,,,,,,,1340,,2,,4,692,,,,,,,0,0,000000000,00000000000,0,0,0,1,0,0,0,0,0,0,0,998,0,0,0,0,6,2,1,0,0,0,1,20,66762,6,1,0,0,3,1,71,175,0,0,0,1,0,4,2012,4,2012,0,0,0,0,0,1,2,55,3,1,2,1,0,0,14,5,2,1,1,98,1,0
20,200131,1,4,1,31,5,11,41,12,6,1,0,20,1,12,481,12481,31,2004,1FTRF12W04NB,1,F,T,R,F,1,2,W,0,4,N,B,0,T,FORD,F15,PK,4,17,,2,1450,1260,COF,G,,,8,281,,,,B,4810,00,U,42,0,0,000000000,00000000000,0,0,0,1,0,0,0,0,0,0,0,998,0,0,0,12,6,2,12,0,0,0,1,20,66224,6,1,0,0,3,0,72,350,0,0,0,0,0,0,0,0,0,0,38,39,0,0,1,2,25,1,1,1,1,20,3,1,17,1,1,1,86,0,0
20,200131,2,4,2,31,5,11,41,12,6,1,0,20,1,18,22,18022,4,2007,2G4WC5826711,2,G,4,W,C,5,8,2,6,7,1,1,0,P,BUIC,LCX,4D,7,17,3495,,0,1105,,G,,F,6,232,,,16R225,,,,,,0,0,000000000,00000000000,0,0,0,1,0,0,0,0,0,0,0,998,0,0,0,81,6,2,12,0,0,0,1,20,66212,6,1,0,0,3,0,67,145,0,0,0,0,0,0,0,0,0,0,0,0,0,0,2,3,45,1,1,1,1,0,0,1,54,1,1,1,87,0,0
20,200131,3,4,1,31,5,11,41,12,6,1,0,20,1,48,401,48401,14,1998,JF1SF635XWH7,J,F,1,S,F,6,3,5,X,W,H,7,0,P,SUBA,FOR,UT,98,17,3040,,0,994,,G,,F,4,150,,,15R205,,,,,,0,0,000000000,00000000000,0,0,0,1,0,0,0,0,0,0,0,998,0,0,0,12,6,2,12,0,0,0,1,20,66210,6,1,0,0,3,1,63,108,0,0,0,0,0,0,0,0,0,0,0,0,0,0,2,3,45,1,1,1,1,0,0,1,54,1,1,1,98,0,0
20,200131,4,4,1,31,5,11,41,12,6,1,0,20,1,12,17,12017,4,1992,1FACP52U8NA2,1,F,A,C,P,5,2,U,8,N,A,2,0,P,FORD,TAG,4D,92,17,3117,,0,1060,,G,,F,6,182,,,14R205,,,,,,0,0,000000000,00000000000,0,0,0,1,0,0,0,0,0,0,0,998,0,0,0,12,6,2,12,0,0,0,1,20,66212,6,1,0,0,3,0,63,95,0,0,0,0,0,0,0,0,0,0,0,0,0,0,2,3,45,1,1,1,1,0,0,1,54,1,1,1,98,1,0
20,200132,1,2,2,31,5,11,28,12,1,1,0,40,1,7,880,7880,67,2007,3D7ML49A37G7,3,D,7,M,L,4,9,A,3,7,G,7,0,T,DODG,ME3,CW,7,17,,3,0,1605,RPC,D,,,6,408,,,,D,6882,00,E,42,0,88,888888888,88888888888,2,1,97,1,0,0,0,0,0,0,0,998,0,0,0,12,6,2,12,0,0,0,1,40,73832,6,1,6,0,3,0,73,245,0,0,0,1,0,5,2010,5,2010,1,0,0,0,0,1,2,65,1,1,2,1,0,0,1,52,1,1,1,28,0,0
20,200132,2,2,1,31,5,11,28,12,1,1,0,20,1,7,482,7482,31,1995,1B7KF26C1SS2,1,B,7,K,F,2,6,C,1,S,S,2,0,T,DODG,250,PK,95,17,,2,0,1347,RPC,D,,,6,359,,,,C,4714,00,M,44,0,0,000000000,00000000000,0,0,0,1,0,0,0,0,0,0,0,998,0,0,0,6,6,2,12,0,0,0,1,20,67029,6,1,0,0,3,1,70,175,0,0,0,0,0,0,0,0,0,0,0,0,0,0,1,2,65,1,1,2,1,0,0,2,53,1,1,1,29,1,0
20,200133,1,2,1,2,1,13,55,12,2,1,0,20,1,12,37,12037,4,2007,1FAFP34N97W3,1,F,A,F,P,3,4,N,9,7,W,3,0,P,FORD,X4S,4D,7,17,2636,,0,1029,,G,,F,4,122,,,15R195,,,,,,0,0,000000000,00000000000,0,0,0,1,0,0,0,0,0,0,0,998,0,0,0,12,6,2,12,0,0,0,1,20,67218,6,1,0,0,3,0,66,200,0,0,0,0,0,0,0,0,0,0,0,0,0,0,5,3,40,1,1,2,1,0,0,11,54,1,1,1,68,1,0
20,200133,2,2,2,2,1,13,55,12,2,1,0,20,1,41,52,41052,6,2012,JM1CW2BL5C01,J,M,1,C,W,2,B,L,5,C,0,1,0,P,MAZD,MA5,SW,12,17,3417,,0,1083,,G,,F,4,152,,,16R205,,,,,,0,0,000000000,00000000000,0,0,0,1,0,0,0,0,0,0,0,998,0,0,0,12,6,2,12,0,0,0,1,20,67214,6,1,0,0,3,0,72,150,1,0,0,2,1,7,2011,12,2011,1,38,0,0,0,5,3,40,1,1,2,1,0,0,1,66,1,1,1,69,0,0
20,200134,1,2,1,1,2,9,59,12,6,1,0,29,1,53,34,53034,4,2006,KL5JD56Z86K4,K,L,5,J,D,5,6,Z,8,6,K,4,0,P,SUZI,FZB,4D,6,17,2701,,0,1024,,G,,F,4,122,,,15R195,,,,,,0,0,000000000,00000000000,0,0,0,1,0,0,0,0,0,0,0,998,0,0,0,12,6,2,12,0,0,0,1,29,64052,6,1,0,0,3,0,63,124,1,0,0,1,0,8,2009,11,2009,0,0,0,0,0,1,2,40,1,1,2,1,1,3,1,67,1,1,1,83,0,0
20,200134,2,2,1,1,2,9,59,12,6,1,0,20,1,18,23,18023,4,2006,1G4HP57226U2,1,G,4,H,P,5,7,2,2,6,U,2,0,P,BUIC,UCX,4D,6,17,3764,,0,1156,,G,,F,6,232,,,16R225,,,,,,0,0,000000000,00000000000,0,0,0,1,0,0,0,0,0,0,0,998,0,0,0,9,6,2,12,0,0,0,1,20,66215,6,1,0,0,3,0,73,195,0,0,0,0,0,0,0,0,0,0,0,0,0,0,1,2,35,1,1,2,1,2,3,11,54,1,1,1,82,1,0
20,200135,1,2,1,2,4,6,56,12,2,1,0,55,1,72,706,72706,80,2007,1HD1FF4107Y7,1,H,D,1,F,F,4,1,0,7,Y,7,0,M,HD,FHC,RS,7,17,,,,,,,1584,,2,,4,784,,,,,,,0,0,000000000,00000000000,0,0,0,1,0,0,0,0,0,0,0,998,0,0,0,12,6,2,12,0,0,0,1,55,53545,6,1,0,0,3,1,70,170,0,0,0,1,0,5,2009,5,2009,1,0,0,0,0,1,2,40,1,1,1,1,0,0,1,67,1,1,1,69,1,0
20,200135,2,2,1,2,4,6,56,12,2,1,0,29,1,20,481,20481,31,2007,2GCEK13M3715,2,G,C,E,K,1,3,M,3,7,1,5,0,T,CHEV,1KW,CW,7,17,,2,0,1435,SIL,G,,,8,323,,,,B,5371,00,,44,0,0,000000000,00000000000,0,0,0,1,0,0,0,0,0,0,0,998,0,0,0,12,6,2,12,0,0,0,1,29,64079,6,1,3,0,3,0,71,175,0,0,0,0,0,0,0,0,0,0,0,0,0,0,1,2,40,1,1,1,1,0,0,11,17,1,1,1,68,0,0
20,200136,1,2,1,12,4,15,36,12,6,1,0,20,3,20,870,20870,55,2010,1GB6G3A65A11,1,G,B,6,G,3,A,6,5,A,1,1,0,T,CHEV,CT3,YY,10,17,,3,0,1590,ETV,D,,,8,403,,,,D,4848,00,,42,0,57,354406,57354406,2,21,22,1,0,0,0,0,1,0,0,23,0,0,0,10,6,2,12,0,0,0,1,20,67216,6,1,6,1,3,0,64,200,0,0,0,0,0,0,0,0,0,0,38,0,0,0,6,1,98,1,2,1,1,20,3,11,17,1,1,1,82,0,0
20,200136,2,2,1,12,4,15,36,12,6,1,0,20,1,37,706,37706,80,2002,1HFSC49092A0,1,H,F,S,C,4,9,0,9,2,A,0,0,M,HOND,XTR,RS,2,17,,,,,,,1795,,2,,4,999,,,,,,,0,0,000000000,00000000000,0,0,0,1,0,0,0,0,0,0,0,998,0,0,0,12,6,2,12,0,0,0,1,20,67217,6,1,6,0,3,0,70,185,0,0,0,1,0,11,2009,11,2009,1,0,0,0,0,2,2,40,1,1,1,1,0,0,1,67,1,1,1,83,1,0
20,200137,1,1,2,1,6,17,58,9,0,1,0,93,3,87,881,87881,66,1983,1XP4A49X4DD1,1,X,P,4,A,4,9,X,4,D,D,1,1,T,PTRB,587,TR,13,17,,8,0,0,CON,D,,,6,915,,,,,00000,00,,42,1,57,70289,5770289,3,6,1,1,0,0,0,0,0,0,0,998,0,0,0,14,0,9,9,0,0,0,1,29,65605,6,1,6,0,3,0,64,140,0,0,0,0,0,0,0,0,0,0,0,0,0,0,5,4,30,1,1,1,1,0,0,1,83,8,1,2,13,0,0
20,200138,1,1,1,1,6,17,50,8,0,1,0,20,1,12,481,12481,31,2011,1FTFW1CF3BFA,1,F,T,F,W,1,C,F,3,B,F,A,1,T,FORD,F1S,CW,11,17,,2,1570,1450,COF,F,,,8,305,,,,B,5128,03,7,42,1,0,000000000,00000000000,0,0,0,1,0,0,0,0,0,0,0,998,0,0,0,14,0,9,8,0,0,0,1,20,67524,6,1,6,0,3,0,70,162,0,0,0,1,0,6,2010,6,2010,0,0,0,0,0,1,2,30,1,1,2,1,0,0,1,80,1,1,1,13,0,0
20,200139,1,1,1,2,6,11,50,1,0,1,0,20,1,37,706,37706,80,2006,1HFSC52696A3,1,H,F,S,C,5,2,6,9,6,A,3,0,M,HOND,X13,RS,6,17,,,,,,,1312,,2,,4,669,,,,,,,0,0,000000000,00000000000,0,0,0,1,0,0,0,0,0,0,0,998,0,0,0,0,6,2,1,0,0,0,1,20,67846,6,1,6,0,3,0,70,195,0,0,0,0,0,0,0,0,0,0,0,0,0,0,1,2,65,3,1,2,1,0,0,14,90,7,1,4,1,1,0
20,200140,1,2,1,2,6,15,35,12,2,1,0,20,2,12,3,12003,1,1993,1FACP45EXPF1,1,F,A,C,P,4,5,E,X,P,F,1,0,P,FORD,MCG,CV,93,17,3365,,0,1005,,G,,F,8,302,,,16R225,,,,,,0,0,000000000,00000000000,0,0,0,1,0,0,0,0,0,0,0,998,0,0,0,12,6,2,12,0,0,0,1,20,66713,1,1,0,0,2,0,74,235,0,0,0,1,3,11,2009,2,2011,0,27,0,0,0,1,2,65,1,1,2,1,0,0,1,10,1,1,2,50,1,0