STATE,ST_CASE,VEH_NO,VE_FORMS,NUMOCCS,DAY,MONTH,HOUR,MINUTE,HARM_EV,MAN_COLL,UNITTYPE,HIT_RUN,REG_STAT,OWNER,MAKE,MODEL,MAK_MOD,BODY_TYP,MOD_YEAR,VIN,VIN_1,VIN_2,VIN_3,VIN_4,VIN_5,VIN_6,VIN_7,VIN_8,VIN_9,VIN_10,VIN_11,VIN_12,TOW_VEH,VINTYPE,VINMAKE,VINA_MOD,VIN_BT,VINMODYR,VIN_LNGT,VIN_WGT,WGTCD_TR,WHLBS_LG,WHLBS_SH,SER_TR,FUELCODE,MCYCL_DS,CARBUR,CYLINDER,DISPLACE,MCYCL_CY,MCYCL_WT,TIRE_SZE,TON_RAT,TRK_WT,TRKWTVAR,VIN_REST,WHLDRWHL,J_KNIFE,MCARR_I1,MCARR_I2,MCARR_ID,GVWR,V_CONFIG,CARGO_BT,HAZ_INV,HAZ_PLAC,HAZ_ID,HAZ_CNO,HAZ_REL,BUS_USE,SPEC_USE,EMER_USE,TRAV_SP,UNDERIDE,ROLLOVER,ROLINLOC,IMPACT1,DEFORMED,TOWED,M_HARM,VEH_SC1,VEH_SC2,FIRE_EXP,DR_PRES,L_STATE,DR_ZIP,L_STATUS,L_TYPE,CDL_STAT,L_ENDORS,L_COMPL,L_RESTRI,DR_HGT,DR_WGT,PREV_ACC,PREV_SUS,PREV_DWI,PREV_SPD,PREV_OTH,FIRST_MO,FIRST_YR,LAST_MO,LAST_YR,SPEEDREL,DR_SF1,DR_SF2,DR_SF3,DR_SF4,VTRAFWAY,VNUM_LAN,VSPD_LIM,VALIGN,VPROFILE,VPAVETYP,VSURCOND,VTRAFCON,VTCONT_F,P_CRASH1,P_CRASH2,P_CRASH3,PCRASH4,PCRASH5,ACC_TYPE,DEATHS,DR_DRINK
20,200174,1,1,2,1,7,0,15,33,0,1,0,20,1,72,706,72706,80,2002,1HD1FRW182Y6,1,H,D,1,F,R,W,1,8,2,Y,6,0,M,HD,FCI,RS,2,17,,,,,,,1450,,2,,4,710,,,,,,,0,0,000000000,00000000000,0,0,0,1,0,0,0,0,0,0,0,998,0,0,0,99,6,2,30,0,0,0,1,20,66106,1,1,0,0,2,0,73,200,0,0,0,1,0,2,2011,2,2011,1,39,0,0,0,2,2,30,1,1,2,1,0,0,1,6,6,1,4,4,1,1
20,200176,1,1,1,1,7,15,40,1,0,1,0,29,2,20,23,20023,6,2007,3GNDA13D07S5,3,G,N,D,A,1,3,D,0,7,S,5,0,P,CHEV,HHR,UT,7,17,3155,,0,1035,,G,,F,4,134,,,16R215,,,,,,0,0,000000000,00000000000,0,0,0,1,0,0,0,0,0,0,0,998,0,1,5,0,6,9,1,0,0,0,1,29,65714,6,1,0,0,3,1,72,250,1,0,0,0,0,2,2012,2,2012,0,58,0,0,0,2,2,75,1,1,2,1,0,0,1,13,99,1,4,1,1,0
20,200177,1,1,1,3,7,4,20,1,0,1,0,20,1,20,471,20471,30,1995,1GCCT19W5S82,1,G,C,C,T,1,9,W,5,S,8,2,0,T,CHEV,S14,PC,95,17,,1,0,1229,S,G,,,6,262,,,,B,00000,00,,44,0,0,000000000,00000000000,0,0,0,1,0,0,0,0,0,0,0,998,0,1,5,0,6,2,1,0,0,0,1,20,66605,6,1,0,0,3,0,65,140,0,0,0,0,1,11,2009,11,2009,0,58,0,0,0,1,2,60,1,1,2,1,0,0,1,13,7,3,4,2,1,0
20,200178,1,1,5,3,7,15,33,1,0,1,0,56,1,22,22,22022,4,2006,1G2ZH5589642,1,G,2,Z,H,5,5,8,9,6,4,2,0,P,PONT,GGT,4D,6,17,3426,,0,1123,,G,,F,6,214,,,17R225,,,,,,0,0,000000000,00000000000,0,0,0,1,0,0,0,0,0,0,0,998,0,1,5,0,6,2,1,0,0,0,1,56,82070,6,1,0,0,3,0,62,115,0,0,0,0,0,0,0,0,0,0,58,0,0,0,1,2,65,1,3,2,1,0,0,1,13,7,4,4,2,1,0
20,200179,1,2,1,3,7,18,29,12,2,1,0,20,1,6,441,6441,20,2001,2C4GP54L91R4,2,C,4,G,P,5,4,L,9,1,R,4,0,T,CHRY,LXI,ES,1,17,,1,0,1193,TWC,G,,,6,230,,,,,4183,00,,42,0,0,000000000,00000000000,0,0,0,1,0,0,0,0,0,0,0,998,0,0,0,12,6,2,12,0,0,0,1,20,67209,6,1,0,0,3,1,66,230,0,0,0,0,0,0,0,0,0,0,0,0,0,0,1,4,40,1,1,2,1,0,0,1,62,1,1,1,51,0,0
20,200179,2,2,1,3,7,18,29,12,2,1,0,20,1,37,31,37031,2,2000,1HGEJ8245YL0,1,H,G,E,J,8,2,4,5,Y,L,0,0,P,HOND,UAX,CP,0,17,2560,,0,1032,,G,,F,4,097,,,14R185,,,,,,0,0,000000000,00000000000,0,0,0,1,0,0,0,0,0,0,0,0,0,0,0,12,6,2,12,0,0,0,1,20,67203,6,1,0,0,3,1,65,135,0,0,0,0,2,11,2011,11,2011,0,51,0,0,0,1,4,40,1,1,2,1,0,0,1,10,1,1,1,50,1,0
20,200180,1,2,1,4,7,11,57,12,2,1,0,20,1,2,404,2404,14,2006,1J4GR48K56C1,1,J,4,G,R,4,8,K,5,6,C,1,0,T,JEEP,LCF,4W,6,17,,1,0,1095,GCK,G,,,6,226,,,,,4383,00,E,44,0,0,000000000,00000000000,0,0,0,1,0,0,0,0,0,0,0,998,0,0,0,12,6,2,12,0,0,1,1,20,67037,6,1,0,0,3,0,72,200,0,0,0,2,0,1,2010,7,2010,0,51,0,0,0,1,2,65,1,2,2,1,0,0,1,10,1,1,1,52,1,0
20,200180,2,2,1,4,7,11,57,12,2,1,0,20,1,85,881,85881,66,2005,1XKWDB9X25J1,1,X,K,W,D,B,9,X,2,5,J,1,1,T,KW,W90,TR,5,17,,8,2850,1600,CON,D,,,6,893,,,,,00000,00,,64,1,57,386053,57386053,3,6,97,1,0,0,0,0,0,0,0,30,0,0,0,12,6,2,12,0,0,0,1,20,67235,6,1,6,0,3,0,69,195,0,0,0,0,0,0,0,0,0,0,0,0,0,0,1,2,65,1,3,2,1,0,0,1,62,9,1,2,52,0,0
20,200181,1,2,1,4,7,14,49,12,6,1,0,20,1,7,442,7442,20,2002,2B8GP54L62R7,2,B,8,G,P,5,4,L,6,2,R,7,0,T,DODG,GES,ES,2,17,,1,0,1193,CAR,G,,,6,230,,,,,4127,00,K,42,0,0,000000000,00000000000,0,0,0,1,0,0,0,0,0,0,0,998,0,1,1,9,6,2,12,0,0,0,1,20,67002,6,1,0,0,3,3,70,184,0,0,0,0,0,0,0,0,0,0,38,0,0,0,1,2,55,1,1,2,1,20,3,1,17,1,1,1,89,1,0
20,200181,2,2,2,4,7,14,49,12,6,1,0,20,1,7,442,7442,20,2007,2D4GP44L67R1,2,D,4,G,P,4,4,L,6,7,R,1,0,T,DODG,GSX,ES,7,17,,1,0,1193,CAR,G,,,6,232,,,,,4252,00,E,42,0,0,000000000,00000000000,0,0,0,1,0,0,0,0,0,0,0,998,0,0,0,12,6,2,12,0,0,0,1,20,67205,6,1,0,0,3,1,67,115,0,0,0,0,0,0,0,0,0,0,0,0,0,0,2,2,70,1,1,2,1,0,0,1,66,1,1,1,88,0,0
20,200182,1,1,2,6,7,2,35,1,0,1,0,20,1,20,481,20481,31,1985,1GCDC14HXFS1,1,G,C,D,C,1,4,H,X,F,S,1,0,T,CHEV,C10,PK,85,17,,1,1315,1175,C10,G,,,8,305,,,,B,3319,07,,42,0,0,000000000,00000000000,0,0,0,1,0,0,0,0,0,0,0,998,0,1,5,0,6,2,1,0,0,0,1,20,67124,6,1,0,0,3,0,65,120,0,0,0,0,0,0,0,0,0,0,58,0,0,0,2,2,70,2,1,1,1,0,0,14,12,7,1,4,1,1,0
20,200183,1,1,2,7,7,1,58,18,0,1,0,20,1,20,482,20482,31,2004,3GNEC12T94G2,3,G,N,E,C,1,2,T,9,4,G,2,0,T,CHEV,CAV,CW,4,17,,2,0,1300,AVL,G,,,8,325,,,,B,5437,00,,42,0,0,000000000,00000000000,0,0,0,1,0,0,0,0,0,0,0,998,0,0,0,10,6,2,18,0,0,0,1,20,67211,6,1,0,0,3,0,75,220,0,0,0,0,0,0,0,0,0,0,51,0,0,0,1,2,30,1,1,1,1,0,0,1,50,1,1,2,12,1,1
20,200184,1,1,3,7,7,23,15,42,0,1,0,20,1,23,481,23481,31,1994,1GTGK29N1RE5,1,G,T,G,K,2,9,N,1,R,E,5,0,T,GMC,SK2,PC,94,17,,2,1555,1415,SIE,G,,,8,454,,,,C,00000,00,A,44,0,0,000000000,00000000000,0,0,0,1,0,0,0,0,0,0,0,38,0,0,0,12,6,2,42,0,0,0,1,20,67361,6,1,6,0,3,0,71,175,0,0,0,0,0,0,0,0,0,1,0,0,0,0,1,2,55,1,2,4,1,0,0,1,6,8,1,4,14,1,1
20,200185,1,1,1,8,7,7,54,42,0,1,0,8,1,23,421,23421,15,2003,1GKEK13Z73R1,1,G,K,E,K,1,3,Z,7,3,R,1,0,T,GMC,YUK,4W,3,17,,2,0,1160,YUK,F,,,8,325,,,,B,5133,00,4,44,0,0,000000000,00000000000,0,0,0,1,0,0,0,0,0,0,0,998,0,1,5,99,6,9,1,0,0,0,1,8,80246,6,1,0,0,3,0,69,200,0,0,0,1,0,10,2009,10,2009,0,58,0,0,0,1,2,45,1,2,4,1,0,0,1,13,6,1,4,6,1,1
20,200186,1,2,6,8,7,3,6,21,0,1,0,20,2,12,401,12401,14,2002,1FMDU73W32ZA,1,F,M,D,U,7,3,W,3,2,Z,A,0,P,FORD,EPR,UT,2,17,4378,,0,1137,,G,,F,8,281,,,16R235,,,,,,0,0,000000000,00000000000,0,0,0,1,0,0,0,0,0,0,0,998,0,0,0,12,6,2,21,0,0,1,1,29,64130,6,1,0,0,3,0,68,230,1,0,0,0,0,8,2009,8,2009,1,58,36,0,0,1,2,30,1,2,2,1,0,0,1,6,6,1,4,6,2,1
20,200186,2,2,1,8,7,3,6,21,0,1,0,20,3,12,16,12016,4,2009,2FAHP71V59X1,2,F,A,H,P,7,1,V,5,9,X,1,0,P,FORD,CVP,4D,9,17,0,,0,1147,,F,,F,8,281,,,17R235,,,,,,0,0,000000000,00000000000,0,0,0,1,0,0,0,0,0,0,0,998,0,0,0,14,2,9,8,0,0,0,1,29,66205,6,1,0,0,3,0,999,999,99,99,99,99,99,99,9999,99,9999,0,0,0,0,0,1,2,30,1,2,2,1,0,0,1,80,1,1,1,98,0,0
20,200187,1,1,3,10,7,8,51,5,0,1,0,20,1,12,481,12481,31,2001,1FTNF20L51EC,1,F,T,N,F,2,0,L,5,1,E,C,0,T,FORD,F2S,PK,1,17,,2,0,1370,SRW,G,,,8,330,,,,C,4956,07,U,42,0,0,000000000,00000000000,0,0,0,1,0,0,0,0,0,0,0,15,0,0,0,0,0,9,5,0,0,0,1,20,67217,6,1,0,0,3,1,66,145,0,0,0,0,0,0,0,0,0,0,0,0,0,0,1,2,30,1,1,1,1,0,0,1,98,1,1,1,0,1,0
20,200188,1,1,1,11,7,10,40,1,0,1,0,20,1,12,422,12422,15,2000,1FMEU17L7YLB,1,F,M,E,U,1,7,L,7,Y,L,B,0,P,FORD,EPT,UT,0,17,4833,,0,1191,,G,,F,8,330,,,16R255,,,,,,0,0,000000000,00000000000,0,0,0,1,0,0,0,0,0,0,0,998,0,1,2,0,6,9,1,0,0,0,1,20,67544,6,1,0,0,3,1,62,150,0,0,0,0,0,0,0,0,0,1,58,0,0,0,1,2,55,1,1,4,1,0,0,1,6,6,4,4,2,1,0
20,200189,1,1,1,13,7,13,20,1,0,1,0,20,3,98,809,98809,63,2005,2FZMAZDE05AV,2,F,Z,M,A,Z,D,E,0,5,A,V,0,T,STRG,LT9,CC,5,17,,8,0,0,STE,D,,,6,763,,,,,00000,00,,84,0,57,2121213,572121213,3,2,5,1,0,0,0,0,0,0,0,998,0,1,2,0,6,2,1,0,0,0,1,20,67042,6,1,6,0,3,0,70,230,0,0,0,0,0,0,0,0,0,0,58,0,0,0,2,2,65,1,1,2,1,0,0,1,3,7,3,4,2,1,0
20,200190,1,3,3,14,7,19,16,12,1,1,0,20,1,49,40,49040,4,2007,4T1BE46K57U0,4,T,1,B,E,4,6,K,5,7,U,0,0,P,TOYT,CMB,4D,7,17,3108,,0,1093,,G,,F,4,146,,,15R205,,,,,,0,0,000000000,00000000000,0,0,0,1,0,0,0,0,0,0,0,998,0,0,0,12,6,2,12,0,0,0,1,20,66507,6,1,0,0,3,1,69,150,1,0,0,0,0,10,2009,10,2009,0,0,0,0,0,3,6,70,1,3,1,1,0,0,1,50,1,1,1,20,0,0
20,200190,2,3,2,14,7,19,16,12,1,1,0,20,1,12,37,12037,4,2007,1FAFP34N47W2,1,F,A,F,P,3,4,N,4,7,W,2,0,P,FORD,X4S,4D,7,17,2636,,0,1029,,G,,F,4,122,,,15R195,,,,,,0,0,000000000,00000000000,0,0,0,1,0,0,0,0,0,0,0,0,0,0,0,6,6,2,12,0,0,0,1,20,66012,6,1,0,0,3,1,65,186,1,0,0,0,0,6,2011,6,2011,0,0,0,0,0,3,6,70,1,2,1,1,0,0,5,53,1,1,1,21,1,0
20,200190,3,3,2,14,7,19,16,12,1,1,0,20,1,37,31,37031,4,2011,19XFA1F80BE0,1,9,X,F,A,1,F,8,0,B,E,0,0,P,HOND,UAX,4D,11,17,2818,,0,1063,,G,,F,4,110,,,16R205,,,,,,0,0,000000000,00000000000,0,0,0,1,0,0,0,0,0,0,0,0,0,0,0,6,6,2,12,0,0,0,1,20,66226,6,1,0,0,3,0,71,215,0,0,0,0,1,2,2010,2,2010,0,0,0,0,0,3,6,70,1,2,1,1,0,0,5,53,1,1,1,98,0,0
20,200191,1,1,3,14,7,23,15,52,0,1,0,20,2,38,402,38402,14,2000,4S2CK57W3Y43,4,S,2,C,K,5,7,W,3,Y,4,3,0,P,ISU,AMI,UT,0,17,3675,,0,969,,G,,F,6,195,,,16R245,,,,,,0,0,000000000,00000000000,0,0,0,1,0,0,0,0,0,0,0,35,0,0,0,12,6,2,52,0,0,0,1,20,66062,6,1,0,0,3,0,63,130,0,0,0,0,0,0,0,0,0,0,0,0,0,0,1,2,35,1,2,2,1,0,0,1,13,8,1,4,1,1,0
20,200192,1,1,3,14,7,20,29,1,0,1,0,31,2,20,421,20421,15,2003,1GNEK13Z73J2,1,G,N,E,K,1,3,Z,7,3,J,2,0,P,CHEV,KTA,UT,3,17,5050,,0,1160,,F,,F,8,325,,,16R265,,,,,,0,0,000000000,00000000000,0,0,0,1,0,0,0,0,0,0,0,998,0,1,5,0,6,2,1,0,0,0,1,8,68510,6,1,0,0,3,0,68,180,0,4,0,1,0,1,2010,2,2012,1,0,0,0,0,1,2,55,1,1,2,1,0,0,6,12,7,3,4,2,1,1
20,200193,1,1,4,15,7,0,20,42,0,1,0,20,1,23,431,23431,16,2002,1GKFK66UX2J1,1,G,K,F,K,6,6,U,X,2,J,1,0,T,GMC,XL1,4W,2,17,,2,0,0,DEN,G,,,8,364,,,,B,5820,00,K,44,0,0,000000000,00000000000,0,0,0,1,0,0,0,0,0,0,0,998,0,1,6,99,6,2,1,0,0,0,1,20,67420,6,1,0,0,3,2,69,137,0,0,0,0,0,0,0,0,0,1,74,0,0,0,1,2,55,1,1,5,1,0,0,1,13,1,1,4,1,1,0
20,200194,1,1,5,15,7,16,12,1,0,1,0,20,1,20,481,20481,31,2006,2GCEK13T2611,2,G,C,E,K,1,3,T,2,6,1,1,0,T,CHEV,SK1,CW,6,17,,2,0,1435,SIL,G,,,8,323,,,,B,5284,00,,44,0,0,000000000,00000000000,0,0,0,1,0,0,0,0,0,0,0,998,0,1,5,0,6,9,1,0,0,0,1,20,67530,6,1,0,0,3,1,68,160,1,0,0,0,1,2,2011,2,2011,0,58,0,0,0,1,2,55,1,2,2,1,0,0,1,12,6,4,4,7,1,0
20,200195,1,1,1,16,7,19,0,11,0,1,0,20,1,37,705,37705,89,9999,P0016101364,P,0,0,1,6,1,0,1,3,6,4,,0,U,,,,,11,,,,,,,,,,,,,,,,,,,0,0,000000000,00000000000,0,0,0,1,0,0,0,0,0,0,0,998,0,0,0,12,6,2,11,0,0,0,1,20,67547,6,1,0,0,3,0,73,200,0,0,0,0,0,0,0,0,0,0,83,0,0,0,1,2,55,1,1,5,1,0,0,1,87,7,1,1,13,1,0
20,200196,1,1,1,17,7,2,20,30,0,1,0,20,2,12,481,12481,31,2006,1FTRX14W96KA,1,F,T,R,X,1,4,W,9,6,K,A,0,T,FORD,F15,4C,6,17,,2,0,1450,COF,G,,,8,281,,,,B,4297,16,E,44,0,0,000000000,00000000000,0,0,0,1,0,0,0,0,0,0,0,91,0,1,6,12,6,2,1,0,0,0,1,20,66226,6,1,0,0,3,0,74,220,0,1,0,0,1,8,2010,8,2011,1,6,0,0,0,5,3,35,1,1,2,1,0,0,1,13,99,1,4,1,1,1
20,200197,1,2,1,17,7,16,55,12,2,1,0,20,1,12,23,12023,4,2009,3FAHP07Z09R1,3,F,A,H,P,0,7,Z,0,9,R,1,0,P,FORD,F/E,4D,9,17,3181,,0,1074,,G,,F,4,140,,,16R205,,,,,,0,0,000000000,00000000000,0,0,0,1,0,0,0,0,0,0,0,998,0,0,0,12,6,2,12,0,0,0,1,20,67002,6,1,0,0,3,0,73,170,0,0,0,0,0,0,0,0,0,0,51,0,0,0,1,2,55,1,2,2,1,0,0,1,10,1,1,2,50,0,0
20,200197,2,2,1,17,7,16,55,12,2,1,0,20,1,35,472,35472,30,1998,1N6DD26S5WC3,1,N,6,D,D,2,6,S,5,W,C,3,0,T,NISS,KXS,PC,98,17,,1,0,1161,FRT,G,,,4,146,,,,B,3187,01,U,42,0,0,000000000,00000000000,0,0,0,1,0,0,0,0,0,0,0,998,0,0,0,12,6,2,12,0,0,0,1,20,67042,6,1,0,0,3,1,75,195,1,0,0,0,0,10,2010,10,2010,0,0,0,0,0,1,2,55,1,2,2,1,0,0,1,62,1,1,1,51,1,0
20,200198,1,1,1,18,7,0,45,34,0,1,0,20,1,20,481,20481,31,1995,1GBEC14Z7SZ2,1,G,B,E,C,1,4,Z,7,S,Z,2,0,T,CHEV,GC1,PK,95,17,,2,1315,1175,GM4,G,,,6,262,,,,B,3742,02,,42,0,0,000000000,00000000000,0,0,0,1,0,0,0,0,0,0,0,998,0,1,6,6,6,2,1,0,0,0,1,20,67464,6,1,0,0,3,0,69,200,0,0,0,0,0,0,0,0,0,0,0,0,0,0,1,2,55,1,1,2,1,0,0,1,13,11,4,4,2,1,1
20,200199,1,2,1,20,7,14,35,12,6,1,0,20,1,51,42,51042,4,1995,YV1LS5713S12,Y,V,1,L,S,5,7,1,3,S,1,2,0,P,VOLV,850,4D,95,17,3287,,0,1049,,G,,T,5,142,,,16R205,,,,,,0,0,000000000,00000000000,0,0,0,1,0,0,0,0,0,0,0,998,0,0,0,12,6,9,12,0,0,0,1,20,67042,6,1,0,0,3,0,71,200,0,0,0,0,0,0,0,0,0,0,0,0,0,0,1,2,30,1,1,2,1,0,0,1,66,99,1,1,88,0,0
20,200199,2,2,1,20,7,14,35,12,6,1,0,20,1,7,14,7014,4,1986,1B3BE36K7GC1,1,B,3,B,E,3,6,K,7,G,C,1,0,P,DODG,600,4D,86,17,2535,,0,1033,,G,,F,4,153,,,14R185,,,,,,0,0,000000000,00000000000,0,0,0,1,0,0,0,0,0,0,0,998,0,0,0,9,6,9,12,0,0,0,1,20,67123,6,1,0,0,3,1,69,165,0,0,0,0,0,0,0,0,0,0,38,0,0,0,1,2,30,1,1,2,1,20,3,1,54,1,1,1,89,1,0
20,200200,1,1,1,21,7,23,0,34,0,1,0,20,1,20,481,20481,31,1996,2GCEC19W7T11,2,G,C,E,C,1,9,W,7,T,1,1,0,T,CHEV,GC1,PC,96,17,,2,1555,1415,GM4,G,,,6,262,,,,B,4068,02,,42,0,0,000000000,00000000000,0,0,0,1,0,0,0,0,0,0,0,998,0,1,5,2,6,2,1,0,0,0,1,20,66002,6,1,0,0,3,0,70,130,0,0,0,0,1,7,2010,7,2010,1,6,0,0,0,1,2,50,1,2,2,1,0,0,1,6,6,1,4,1,1,1
20,200201,1,1,2,26,7,14,22,9,0,1,0,20,1,18,2,18002,4,1990,1G4HR54C0LH5,1,G,4,H,R,5,4,C,0,L,H,5,0,P,BUIC,LLF,4D,90,17,3219,,0,1108,,G,,F,6,231,,,14R205,,,,,,0,0,000000000,00000000000,0,0,0,1,0,0,0,0,0,0,0,998,0,0,0,12,4,3,9,0,0,0,1,20,67133,6,1,0,0,3,1,71,190,0,0,0,0,0,0,0,0,0,0,0,0,0,0,2,2,65,1,2,2,1,0,0,1,80,1,1,1,13,0,0
20,200202,1,1,2,25,4,15,11,19,0,1,0,20,1,13,1,13001,4,2002,1LNHM81W42Y6,1,L,N,H,M,8,1,W,4,2,Y,6,0,P,LINC,EXC,4D,2,17,4047,,0,1177,,G,,F,8,281,,,16R225,,,,,,0,0,000000000,00000000000,0,0,0,1,0,0,0,0,0,0,0,998,0,0,0,1,6,2,19,0,0,0,1,20,67357,6,1,0,0,3,1,62,125,0,0,0,0,0,0,0,0,0,0,51,0,0,0,1,2,30,1,1,2,1,0,0,11,8,6,1,4,98,1,0
20,200203,1,1,1,27,7,18,44,35,0,1,0,20,1,53,706,53706,80,2012,JS1GX72A9C21,J,S,1,G,X,7,2,A,9,C,2,1,0,M,SUZI,GXR,RC,12,17,,,,,,,1340,,4,,4,573,,,,,,,0,0,000000000,00000000000,0,0,0,1,0,0,0,0,0,0,0,998,0,0,0,12,6,2,35,0,0,0,1,20,67530,6,1,6,0,3,0,69,190,0,0,0,0,0,0,0,0,0,1,6,0,0,0,1,2,50,2,1,2,1,0,0,14,6,1,1,4,6,1,0
20,200204,1,1,1,27,7,19,25,35,0,1,0,20,1,37,32,37032,4,1993,JHMCB7681PC0,J,H,M,C,B,7,6,8,1,P,C,0,0,P,HOND,ASE,4D,93,17,3014,,0,1071,,G,,F,4,132,,,15R195,,,,,,0,0,000000000,00000000000,0,0,0,1,0,0,0,0,0,0,0,998,0,1,5,1,6,2,1,0,0,0,1,20,67454,6,1,0,0,3,0,72,240,0,0,0,0,0,0,0,0,0,1,51,0,0,0,1,2,55,1,1,4,1,0,0,1,13,6,3,4,1,1,1
20,200205,1,2,1,29,7,17,15,12,6,1,0,20,1,20,481,20481,31,1997,2GCEK19M7V11,2,G,C,E,K,1,9,M,7,V,1,1,0,T,CHEV,GK1,PC,97,17,,2,1555,1415,GM4,G,,,8,305,,,,B,4544,00,,44,0,0,000000000,00000000000,0,0,0,1,0,0,0,0,0,0,0,998,0,0,0,12,6,2,12,0,0,0,1,20,67037,6,1,6,0,3,0,70,225,1,0,0,0,1,2,2011,9,2011,0,0,0,0,0,1,2,55,1,1,5,1,0,0,1,17,1,1,1,88,0,0
20,200205,2,2,1,29,7,17,15,12,6,1,0,20,1,22,18,22018,4,2003,1G2NF52E03M6,1,G,2,N,F,5,2,E,0,3,M,6,0,P,PONT,SE1,4D,3,17,3116,,0,1070,,G,,F,6,207,,,15R215,,,,,,0,0,000000000,00000000000,0,0,0,1,0,0,0,0,0,0,0,998,0,0,0,9,6,2,12,0,0,0,1,20,67133,6,1,0,0,3,1,69,200,1,0,0,1,1,10,2009,8,2010,0,38,0,0,0,1,2,55,1,1,5,1,20,3,1,66,1,1,1,89,1,1
20,200206,1,1,1,29,7,6,23,43,0,1,0,20,1,12,481,12481,31,2010,1FTFX1EV6AKC,1,F,T,F,X,1,E,V,6,A,K,C,0,T,FORD,F15,4C,10,17,,2,1630,1330,COF,F,,,8,329,,,,B,5522,00,7,44,0,0,000000000,00000000000,0,0,0,1,0,0,0,0,0,0,0,998,0,0,0,62,6,2,43,0,0,0,1,20,66106,6,1,0,0,3,1,72,164,0,0,0,1,0,8,2011,8,2011,0,0,0,0,0,1,2,35,1,1,2,1,65,3,1,12,1,1,4,6,1,0
20,200207,1,1,1,29,7,0,0,35,0,1,0,20,1,13,12,13012,4,2000,1LNHM86S1YY8,1,L,N,H,M,8,6,S,1,Y,Y,8,0,P,LINC,LLS,4D,0,17,3546,,0,1145,,G,,F,6,182,,,16R215,,,,,,0,0,000000000,00000000000,0,0,0,1,0,0,0,0,0,0,0,72,0,1,5,8,6,2,1,0,0,0,1,20,67410,6,1,0,0,3,0,66,125,1,0,0,2,2,12,2009,8,2011,1,51,79,0,0,1,2,55,1,1,2,2,0,0,1,12,6,3,4,7,1,1
20,200208,1,1,1,30,7,9,7,31,0,1,0,20,3,84,881,84881,63,2005,1HTWHAAR05J1,1,H,T,W,H,A,A,R,0,5,J,1,1,T,INTL,740,CC,5,17,,8,0,0,70S,D,,,6,466,,,,,00000,00,,64,1,88,888888888,88888888888,3,4,4,1,0,0,0,0,0,0,0,998,0,1,5,12,6,2,1,0,0,0,1,20,67901,6,1,6,0,3,0,71,280,0,0,0,0,0,0,0,0,0,0,0,0,0,0,1,2,65,3,1,2,1,0,0,14,12,6,4,4,1,1,0
20,200209,1,1,2,30,7,3,0,34,0,1,0,20,1,37,31,37031,4,2000,2HGEJ6617YH5,2,H,G,E,J,6,6,1,7,Y,H,5,0,P,HOND,UCE,4D,0,17,2388,,0,1032,,G,,F,4,097,,,14R185,,,,,,0,0,000000000,00000000000,0,0,0,1,0,0,0,0,0,0,0,998,0,1,5,11,6,2,1,0,0,0,1,20,67068,6,1,0,0,3,0,71,200,0,0,0,0,0,0,0,0,0,0,51,0,0,0,1,2,55,1,1,2,1,0,0,1,13,7,3,4,2,1,1
20,200210,1,2,2,1,8,23,55,12,2,1,0,20,2,12,37,12037,4,2011,1FAHP3FN2BW1,1,F,A,H,P,3,F,N,2,B,W,1,0,P,FORD,FSE,4D,11,17,2623,,0,1029,,G,,F,4,122,,,15R195,,,,,,0,0,000000000,00000000000,0,0,0,1,0,0,0,0,0,0,0,998,0,0,0,12,6,2,12,0,0,0,1,20,67147,6,1,0,0,3,0,70,120,0,0,0,2,0,3,2012,8,2012,0,38,48,0,0,1,2,55,1,1,2,1,20,3,11,17,4,1,2,68,0,0
20,200210,2,2,2,1,8,23,55,12,2,1,0,20,1,37,706,37706,80,2004,1HFSC43024A4,1,H,F,S,C,4,3,0,2,4,A,4,0,M,HOND,VT2,RS,4,17,,,,,,,1099,,2,,4,573,,,,,,,0,0,000000000,00000000000,0,0,0,1,0,0,0,0,0,0,0,67,0,0,0,12,6,2,12,0,0,0,1,20,66720,6,1,6,0,3,1,73,210,0,0,0,0,0,0,0,0,0,0,0,0,0,0,1,2,65,1,1,2,1,0,0,1,67,6,1,1,69,1,0
20,200211,1,2,1,6,8,17,0,12,2,1,0,6,1,20,481,20481,31,2007,1GCHK23D57F1,1,G,C,H,K,2,3,D,5,7,F,1,0,T,CHEV,2KH,CW,7,17,,2,1670,1530,SIL,D,,,8,403,,,,C,5883,02,,44,0,0,000000000,00000000000,0,0,0,1,0,0,0,0,0,0,0,998,0,0,0,12,6,2,12,0,0,0,1,6,92225,6,1,0,0,3,0,68,180,0,0,0,0,0,0,0,0,0,0,51,0,0,0,1,2,65,1,1,2,1,0,0,1,10,7,1,2,50,1,1
20,200211,2,2,1,6,8,17,0,12,2,1,0,93,3,82,881,82881,66,2006,1FUJA6CK96LV,1,F,U,J,A,6,C,K,9,6,L,V,1,T,FRHT,COL,TR,6,17,,8,0,0,CON,D,,,6,855,,,,,00000,00,,64,1,57,2188908,572188908,3,6,3,1,0,0,0,0,0,0,0,45,0,0,0,12,6,2,12,0,0,0,1,13,0,6,1,6,0,3,1,71,210,98,0,0,0,1,7,2012,7,2012,0,0,0,0,0,1,2,65,1,1,2,1,0,0,1,62,9,1,2,51,0,0