STATE,ST_CASE,VEH_NO,VE_FORMS,NUMOCCS,DAY,MONTH,HOUR,MINUTE,HARM_EV,MAN_COLL,UNITTYPE,HIT_RUN,REG_STAT,OWNER,MAKE,MODEL,MAK_MOD,BODY_TYP,MOD_YEAR,VIN,VIN_1,VIN_2,VIN_3,VIN_4,VIN_5,VIN_6,VIN_7,VIN_8,VIN_9,VIN_10,VIN_11,VIN_12,TOW_VEH,VINTYPE,VINMAKE,VINA_MOD,VIN_BT,VINMODYR,VIN_LNGT,VIN_WGT,WGTCD_TR,WHLBS_LG,WHLBS_SH,SER_TR,FUELCODE,MCYCL_DS,CARBUR,CYLINDER,DISPLACE,MCYCL_CY,MCYCL_WT,TIRE_SZE,TON_RAT,TRK_WT,TRKWTVAR,VIN_REST,WHLDRWHL,J_KNIFE,MCARR_I1,MCARR_I2,MCARR_ID,GVWR,V_CONFIG,CARGO_BT,HAZ_INV,HAZ_PLAC,HAZ_ID,HAZ_CNO,HAZ_REL,BUS_USE,SPEC_USE,EMER_USE,TRAV_SP,UNDERIDE,ROLLOVER,ROLINLOC,IMPACT1,DEFORMED,TOWED,M_HARM,VEH_SC1,VEH_SC2,FIRE_EXP,DR_PRES,L_STATE,DR_ZIP,L_STATUS,L_TYPE,CDL_STAT,L_ENDORS,L_COMPL,L_RESTRI,DR_HGT,DR_WGT,PREV_ACC,PREV_SUS,PREV_DWI,PREV_SPD,PREV_OTH,FIRST_MO,FIRST_YR,LAST_MO,LAST_YR,SPEEDREL,DR_SF1,DR_SF2,DR_SF3,DR_SF4,VTRAFWAY,VNUM_LAN,VSPD_LIM,VALIGN,VPROFILE,VPAVETYP,VSURCOND,VTRAFCON,VTCONT_F,P_CRASH1,P_CRASH2,P_CRASH3,PCRASH4,PCRASH5,ACC_TYPE,DEATHS,DR_DRINK
20,200212,1,1,3,7,8,22,32,58,0,1,0,20,2,41,47,41047,4,2000,JM1TA222XY16,J,M,1,T,A,2,2,2,X,Y,1,6,0,P,MAZD,MSE,4D,0,17,3355,,0,1083,,G,,Z,6,138,,,17R215,,,,,,0,0,000000000,00000000000,0,0,0,1,0,0,0,0,0,0,0,100,0,1,5,9,6,2,1,0,0,0,1,20,66012,1,1,0,0,2,0,72,165,0,0,0,0,0,0,0,0,0,1,58,8,0,0,3,3,70,1,1,1,1,0,0,1,51,6,3,4,3,1,1
20,200213,1,1,1,8,8,5,50,11,0,1,0,20,1,72,706,72706,80,2008,1HD1CT3138K4,1,H,D,1,C,T,3,1,3,8,K,4,0,M,HD,20C,RS,8,17,,,,,,,1202,,2,,4,589,,,,,,,0,0,000000000,00000000000,0,0,0,1,0,0,0,0,0,0,0,998,0,0,0,12,6,2,11,0,0,0,1,20,66413,6,1,6,0,3,0,72,145,0,0,0,0,0,0,0,0,0,0,83,0,0,0,1,2,50,1,1,2,1,0,0,1,87,1,1,1,13,1,0
20,200214,1,2,3,5,8,6,5,12,1,1,0,20,1,24,1,24001,4,1994,1G8ZJ5573RZ2,1,G,8,Z,J,5,5,7,3,R,Z,2,0,P,STRN,SL2,4D,94,17,2308,,0,1024,,G,,F,4,116,,,15R195,,,,,,0,0,000000000,00000000000,0,0,0,1,0,0,0,0,0,0,0,998,0,0,0,12,6,2,12,0,0,0,1,20,66539,1,1,0,0,2,1,66,180,0,0,0,0,1,4,2012,4,2012,0,0,0,0,0,2,4,75,1,1,1,1,40,3,1,60,1,1,1,93,0,0
20,200214,2,2,1,5,8,6,5,12,1,1,0,92,0,99,999,99999,99,9999,000000000000,0,0,0,0,0,0,0,0,0,0,0,0,0,,,,,,,,,,,,,,,,,,,,,,,,,0,0,000000000,00000000000,0,0,0,1,0,0,0,0,0,0,0,998,0,1,1,6,6,9,12,0,0,0,1,20,66712,6,1,0,0,3,9,67,150,0,0,0,0,1,3,2010,3,2010,0,31,0,0,0,2,4,75,1,1,1,1,0,0,13,56,1,1,1,92,1,0
20,200215,1,1,1,7,8,2,20,33,0,1,0,20,1,76,705,76705,80,1994,JYA3JCE06RA0,J,Y,A,3,J,C,E,0,6,R,A,0,0,M,YAMA,X3S,RS,94,17,,,,,,,535,,2,,4,401,,,,,,,0,0,000000000,00000000000,0,0,0,1,0,0,0,0,0,0,0,998,0,0,0,99,6,2,33,0,0,0,1,20,67801,2,1,0,0,2,2,71,190,0,1,1,0,1,7,2010,7,2010,9,74,0,0,0,1,2,30,2,1,2,1,65,9,99,9,99,1,4,6,1,1
20,200216,1,2,1,9,8,5,25,12,2,1,0,20,1,24,2,24002,2,1995,1G8ZE1285SZ1,1,G,8,Z,E,1,2,8,5,S,Z,1,0,P,STRN,SC1,CP,95,17,2181,,0,992,,G,,F,4,116,,,14R175,,,,,,0,0,000000000,00000000000,0,0,0,1,0,0,0,0,0,0,0,998,0,0,0,12,6,2,12,0,0,0,1,20,66423,6,1,0,0,3,0,68,185,0,0,0,1,1,8,2010,6,2011,0,33,0,0,0,1,2,60,1,3,2,1,0,0,1,10,1,1,2,50,1,0
20,200216,2,2,4,9,8,5,25,12,2,1,0,20,2,23,441,23441,20,2000,1GKDM19W5YB5,1,G,K,D,M,1,9,W,5,Y,B,5,0,T,GMC,SXT,ES,0,17,,1,0,1112,SAF,G,,,6,262,,,,B,4164,02,E,42,0,0,000000000,00000000000,0,0,0,1,0,0,0,0,0,0,0,68,0,1,5,12,6,2,12,0,0,0,1,20,66801,6,1,0,0,3,0,66,170,0,0,0,2,0,2,2011,6,2012,1,0,0,0,0,1,2,60,1,6,2,1,0,0,1,62,1,1,1,51,0,0
20,200217,1,2,4,10,8,11,43,12,2,1,0,29,2,35,47,35047,4,2010,1N4AL2AP0AN4,1,N,4,A,L,2,A,P,0,A,N,4,0,P,NISS,ATS,4D,10,17,3063,,0,1093,,G,,F,4,153,,,16R215,,,,,,0,0,000000000,00000000000,0,0,0,1,0,0,0,0,0,0,0,79,0,1,5,12,6,2,12,0,0,0,1,20,66441,6,1,0,0,3,0,66,200,0,0,0,5,0,12,2009,2,2012,1,99,99,99,99,1,2,65,1,1,1,1,0,0,1,10,6,1,2,52,3,0
20,200217,2,2,4,10,8,11,43,12,2,1,0,20,1,20,481,20481,31,2008,1GCHK23608F2,1,G,C,H,K,2,3,6,0,8,F,2,0,T,CHEV,2KH,CW,8,17,,2,1670,1530,SIL,D,,,8,403,,,,C,5883,02,,44,0,0,000000000,00000000000,0,0,0,1,0,0,0,0,0,0,0,55,0,0,0,12,6,2,12,0,0,0,1,20,67449,6,1,6,0,3,0,68,165,0,0,0,0,0,0,0,0,0,0,0,0,0,0,1,2,65,1,1,1,1,0,0,1,62,9,1,2,52,0,0
20,200218,1,1,1,10,8,19,0,8,0,1,0,8,1,12,481,12481,31,2001,1FTRW07L61KF,1,F,T,R,W,0,7,L,6,1,K,F,0,T,FORD,F1S,CW,1,17,,2,0,1385,COF,G,,,8,330,,,,B,4581,01,E,42,0,0,000000000,00000000000,0,0,0,1,0,0,0,0,0,0,0,8,0,0,0,12,0,3,8,0,0,0,1,8,81226,1,1,0,0,2,2,70,170,0,0,0,0,1,6,2011,6,2011,0,74,91,0,0,1,2,30,1,1,2,1,21,3,1,80,1,1,1,13,0,1
20,200219,1,2,3,10,8,17,21,12,6,1,0,20,1,18,2,18002,4,2005,1G4HP52K35U2,1,G,4,H,P,5,2,K,3,5,U,2,0,P,BUIC,LCF,4D,5,17,3567,,0,1122,,G,,F,6,232,,,15R215,,,,,,0,0,000000000,00000000000,0,0,0,1,0,0,0,0,0,0,0,998,0,0,0,9,6,2,12,0,0,0,1,20,66762,6,1,0,0,3,0,73,198,0,0,0,0,1,4,2010,4,2010,0,38,0,0,0,1,2,55,1,1,2,1,0,0,12,17,1,1,2,98,1,0
20,200219,2,2,1,10,8,17,21,12,6,1,0,29,1,49,472,49472,30,1996,4TAPM62N3TZ1,4,T,A,P,M,6,2,N,3,T,Z,1,0,T,TOYT,REG,PK,96,17,,1,0,1033,TAC,G,,,4,164,,,,B,3185,00,M,44,0,0,000000000,00000000000,0,0,0,1,0,0,0,0,0,0,0,998,0,0,0,12,6,2,12,0,0,0,1,29,65803,6,1,0,0,3,1,67,130,0,0,0,1,0,3,2011,3,2011,0,0,0,0,0,1,2,55,1,1,2,1,0,0,1,66,4,1,1,98,0,0
20,200220,1,2,1,10,8,15,35,12,6,1,0,20,1,12,402,12402,14,2010,1FMCU0D70AKA,1,F,M,C,U,0,D,7,0,A,K,A,0,P,FORD,SPE,UT,10,17,3355,,0,1031,,G,,F,4,153,,,16R235,,,,,,0,0,000000000,00000000000,0,0,0,1,0,0,0,0,0,0,0,998,0,0,0,3,6,2,12,0,0,0,1,20,66086,6,1,0,0,3,1,65,115,0,0,0,0,0,0,0,0,0,0,38,0,0,0,1,2,40,1,1,2,1,20,3,11,15,1,1,1,82,1,0
20,200220,2,2,2,10,8,15,35,12,6,1,0,20,3,12,481,12481,31,2010,1FTSW2B59AEB,1,F,T,S,W,2,B,5,9,A,E,B,0,T,FORD,F2S,CW,10,17,,2,1724,1562,SRW,G,,,8,329,,,,B,6483,00,E,44,0,0,000000000,00000000000,0,0,0,1,0,0,0,0,0,0,0,998,0,0,0,12,6,2,12,0,0,0,1,20,66086,6,1,6,0,3,0,73,200,0,0,0,0,0,0,0,0,0,0,0,0,0,0,2,2,65,1,1,2,1,0,0,1,65,99,1,1,83,0,0
20,200221,1,2,2,11,8,14,50,12,7,1,0,8,1,49,401,49401,14,2010,JTEBU5JR1A50,J,T,E,B,U,5,J,R,1,A,5,0,0,P,TOYT,RUN,UT,10,17,4675,,0,1098,,G,,F,6,244,,,17R265,,,,,,0,0,000000000,00000000000,0,0,0,1,0,0,0,0,0,0,0,998,0,0,0,3,2,9,12,0,0,0,1,8,80908,6,1,0,0,3,0,66,135,0,0,0,0,0,0,0,0,0,0,0,0,0,0,2,4,99,1,1,1,1,0,0,15,51,1,1,2,46,0,0
20,200221,2,2,1,11,8,14,50,12,7,1,0,20,1,72,706,72706,80,2003,1HD1BXB453Y0,1,H,D,1,B,X,B,4,5,3,Y,0,0,M,HD,ISA,RS,3,17,,,,,,,1450,,2,,4,666,,,,,,,0,0,000000000,00000000000,0,0,0,1,0,0,0,0,0,0,0,998,0,0,0,10,6,2,12,0,0,0,1,20,67455,6,1,0,0,3,1,62,187,0,0,0,0,0,0,0,0,0,0,0,0,0,0,2,4,99,1,1,1,1,21,3,16,51,1,1,2,47,1,0
20,200222,1,1,1,12,8,3,0,35,0,1,0,20,1,12,481,12481,31,1995,1FTEF14H8SLB,1,F,T,E,F,1,4,H,8,S,L,B,0,T,FORD,F15,PK,95,17,,2,1330,1170,COF,G,,,8,351,,,,B,00000,00,M,44,0,0,000000000,00000000000,0,0,0,1,0,0,0,0,0,0,0,998,0,1,5,1,6,2,1,0,0,0,1,20,67663,6,1,0,0,3,0,67,180,1,0,0,0,0,3,2010,3,2010,0,0,0,0,0,1,2,55,1,2,4,1,0,0,1,9,6,4,4,7,1,1
20,200223,1,1,1,12,8,99,99,5,0,1,0,20,2,72,706,72706,80,1991,1HD4CFM1XMY1,1,H,D,4,C,F,M,1,X,M,Y,1,0,M,HD,X8D,RS,91,17,,,,,,,883,,2,,4,465,,,,,,,0,0,000000000,00000000000,0,0,0,1,0,0,0,0,0,0,0,998,0,0,0,0,6,2,5,0,0,0,1,47,37209,2,1,0,0,2,0,999,999,0,0,0,0,0,0,0,0,0,0,0,0,0,0,1,2,65,1,1,2,1,0,0,1,9,6,1,6,0,1,1
20,200224,1,2,1,13,8,20,53,12,6,1,0,20,1,23,421,23421,15,2008,2GTEK13M8811,2,G,T,E,K,1,3,M,8,8,1,1,0,T,GMC,SK1,CW,8,17,,2,0,1435,SIE,G,,,8,323,,,,B,5326,00,4,44,0,0,000000000,00000000000,0,0,0,1,0,0,0,0,0,0,0,60,0,1,5,10,6,9,12,0,0,0,1,20,67501,6,1,0,0,3,0,74,200,0,0,0,0,0,0,0,0,0,1,39,6,0,0,1,2,55,9,9,4,1,20,3,1,17,1,1,1,89,0,1
20,200224,2,2,2,13,8,20,53,12,6,1,0,20,2,24,3,24003,6,1999,1G8ZK8274XZ3,1,G,8,Z,K,8,2,7,4,X,Z,3,0,P,STRN,SW2,SW,99,17,2478,,0,1024,,G,,F,4,116,,,15R185,,,,,,0,0,000000000,00000000000,0,0,0,1,0,0,0,0,0,0,0,60,0,0,0,12,6,9,12,0,0,0,1,20,67114,3,1,2,0,2,0,68,240,0,0,0,2,0,7,2010,6,2011,1,0,0,0,0,1,2,55,9,9,2,1,0,0,1,66,1,1,1,88,1,0
20,200225,1,1,2,13,8,13,18,31,0,1,0,20,1,12,401,12401,14,2002,1FMZU74W82ZA,1,F,M,Z,U,7,4,W,8,2,Z,A,0,P,FORD,EPR,UT,2,17,4388,,0,1137,,G,,F,8,281,,,16R245,,,,,,0,0,000000000,00000000000,0,0,0,1,0,0,0,0,0,0,0,998,0,1,5,10,6,2,1,0,0,0,1,20,66935,6,1,0,0,3,1,64,150,0,0,0,0,0,0,0,0,0,0,0,0,0,0,2,2,70,1,1,2,1,0,0,1,52,7,1,4,3,2,0
20,200226,1,1,1,17,8,99,99,34,0,1,0,20,1,37,706,37706,80,2012,1HFSC0217CA3,1,H,F,S,C,0,2,1,7,C,A,3,0,M,HOND,G1I,RS,82,17,,,,,,,1085,,4,,4,679,,,,,,,0,0,000000000,00000000000,0,0,0,1,0,0,0,0,0,0,0,998,0,0,0,5,6,2,34,0,0,0,1,20,66066,6,1,0,0,3,1,73,210,0,0,0,0,0,0,0,0,0,0,0,0,0,0,1,2,65,3,1,2,1,0,0,14,13,1,1,4,1,1,0
20,200227,1,1,1,18,8,20,37,34,0,1,0,20,1,7,482,7482,31,1998,1B7KF23Z5WJ1,1,B,7,K,F,2,3,Z,5,W,J,1,0,T,DODG,Q25,4C,98,17,,2,1547,1387,RPC,G,,,8,360,,,,C,5359,03,U,44,0,0,000000000,00000000000,0,0,0,1,0,0,0,0,0,0,0,998,0,1,5,1,6,2,1,0,0,0,1,20,66521,6,1,6,0,3,0,73,180,0,0,0,0,0,0,0,0,0,1,58,36,0,0,1,2,55,1,2,4,1,0,0,1,6,6,4,4,7,1,0
20,200228,1,1,2,19,8,2,29,33,0,1,0,20,2,12,401,12401,14,2004,1FMDU74W14UB,1,F,M,D,U,7,4,W,1,4,U,B,0,P,FORD,EPR,UT,4,17,4094,,0,1137,,G,,F,8,281,,,17R245,,,,,,0,0,000000000,00000000000,0,0,0,1,0,0,0,0,0,0,0,998,0,1,5,10,6,2,1,0,0,0,1,20,67204,3,1,0,0,2,0,68,174,0,0,0,1,1,7,2012,7,2012,1,58,0,0,0,1,4,30,1,1,2,1,0,0,1,6,7,3,4,2,1,1
20,200229,1,1,1,19,8,17,8,39,0,1,0,29,2,12,13,12013,3,1995,1FASP128XSW1,1,F,A,S,P,1,2,8,X,S,W,1,0,P,FORD,EGT,2H,95,17,2459,,0,984,,G,,F,4,112,,,15R185,,,,,,0,0,000000000,00000000000,0,0,0,1,0,0,0,0,0,0,0,93,0,1,5,11,6,2,1,0,0,0,1,29,64131,6,1,0,0,3,1,69,265,0,0,0,1,0,11,2011,11,2011,1,36,0,0,0,2,2,75,9,9,1,1,0,0,6,6,7,1,4,3,1,1
20,200230,1,1,1,22,8,13,15,38,0,1,0,20,1,51,45,51045,4,2000,YV1TS90D7Y10,Y,V,1,T,S,9,0,D,7,Y,1,0,0,P,VOLV,S8T,4D,0,17,3695,,0,1099,,G,,T,6,170,,,000000,,,,,,0,0,000000000,00000000000,0,0,0,1,0,0,0,0,0,0,0,998,0,1,6,12,6,2,1,0,0,0,1,20,66058,6,1,0,0,3,0,69,170,0,0,0,0,0,0,0,0,0,1,0,0,0,0,1,2,55,2,3,2,1,0,0,14,6,1,1,4,6,1,1
20,200231,1,1,1,23,8,10,27,1,0,1,0,20,2,7,402,7402,14,1999,1B4HR28Y0XF6,1,B,4,H,R,2,8,Y,0,X,F,6,0,P,DODG,DUR,UT,99,17,4144,,0,1159,,G,,F,8,318,,,15R235,,,,,,0,0,000000000,00000000000,0,0,0,1,0,0,0,0,0,0,0,998,0,1,5,0,6,2,1,0,0,0,1,20,67059,6,1,0,0,3,1,63,200,0,0,0,1,0,8,2011,8,2011,1,82,6,0,0,1,2,55,1,1,2,11,0,0,1,6,6,4,4,7,1,0
20,200232,1,2,1,23,8,8,50,12,6,1,0,20,1,49,43,49043,4,2000,4T1BF28B4YU0,4,T,1,B,F,2,8,B,4,Y,U,0,0,P,TOYT,UVS,4D,0,17,3335,,0,1071,,G,,F,6,183,,,15R205,,,,,,0,0,000000000,00000000000,0,0,0,1,0,0,0,0,0,0,0,998,0,0,0,2,4,9,12,0,0,0,1,20,66044,6,1,0,0,3,1,66,185,0,0,0,0,0,0,0,0,0,0,38,0,0,0,3,2,45,1,1,2,1,3,3,11,15,1,1,2,68,0,0
20,200232,2,2,1,23,8,8,50,12,6,1,0,20,1,73,705,73705,80,2007,JKAEXVD1X7A1,J,K,A,E,X,V,D,1,X,7,A,1,0,M,KAWK,E5D,RC,7,17,,,,,,,498,,2,,4,388,,,,,,,0,0,000000000,00000000000,0,0,0,1,0,0,0,0,0,0,0,36,0,0,0,12,6,2,12,0,0,0,1,20,66052,6,1,0,0,3,1,73,175,0,0,0,0,0,0,0,0,0,0,0,0,0,0,1,2,45,1,1,2,1,3,3,1,67,3,1,1,69,1,0
20,200233,1,2,1,24,8,8,0,12,2,1,0,31,2,37,31,37031,3,1990,2HGED6345LH5,2,H,G,E,D,6,3,4,5,L,H,5,0,P,HOND,CIV,2H,90,17,1867,,0,984,,G,,F,4,091,,,13R165,,,,,,0,0,000000000,00000000000,0,0,0,1,0,0,0,0,0,0,0,998,0,0,0,12,6,2,12,0,0,0,1,31,68366,6,1,0,0,3,9,71,170,0,0,0,1,1,11,2010,6,2011,0,51,0,0,0,1,2,65,1,2,2,2,0,0,1,10,1,1,2,50,1,0
20,200233,2,2,1,24,8,8,0,12,2,1,0,20,1,23,471,23471,30,1994,1GTCS19Z4R85,1,G,T,C,S,1,9,Z,4,R,8,5,0,T,GMC,SON,PC,94,17,,1,0,1229,SON,G,,,6,262,,,,B,3088,00,A,42,0,0,000000000,00000000000,0,0,0,1,0,0,0,0,0,0,0,998,0,0,0,12,6,2,12,0,0,0,1,20,66427,6,1,0,0,3,0,70,200,0,0,0,0,0,0,0,0,0,0,0,0,0,0,1,2,65,9,9,2,2,0,0,1,62,7,1,2,51,0,0
20,200234,1,1,1,24,8,8,15,43,0,1,0,20,2,63,32,63032,5,2006,KNADE1636660,K,N,A,D,E,1,6,3,6,6,6,0,0,P,KIA,RI5,4H,6,17,2438,,0,984,,G,,F,4,098,,,14R175,,,,,,0,0,000000000,00000000000,0,0,0,1,0,0,0,0,0,0,0,998,0,1,3,2,6,2,1,0,0,0,1,20,66205,0,0,0,0,0,0,999,999,99,99,99,99,99,99,9999,99,9999,0,99,99,99,99,2,4,70,1,2,2,1,0,0,1,12,1,1,4,6,1,0
20,200235,1,1,7,24,8,23,28,34,0,1,0,20,1,12,481,12481,31,1999,1FTSW31F0XED,1,F,T,S,W,3,1,F,0,X,E,D,0,T,FORD,F3S,CW,99,17,,2,1724,1562,SRW,D,,,8,444,,,,D,5945,01,E,44,0,0,000000000,00000000000,0,0,0,1,0,0,0,0,0,0,0,35,0,1,5,11,6,2,1,0,0,0,1,20,67748,6,1,0,0,3,0,72,150,0,0,0,0,1,4,2012,4,2012,0,48,0,0,0,1,2,55,1,1,5,1,0,0,11,12,1,1,4,6,1,1
20,200236,1,2,1,24,8,5,39,12,6,1,0,20,1,49,32,49032,4,2010,1NXBU4EE4AZ3,1,N,X,B,U,4,E,E,4,A,Z,3,0,P,TOYT,CBL,4D,10,17,2723,,0,1024,,G,,F,4,110,,,15R195,,,,,,0,0,000000000,00000000000,0,0,0,1,0,0,0,0,0,0,0,998,0,0,0,2,4,3,12,0,0,0,1,20,66109,6,1,0,0,3,1,67,150,0,0,0,0,0,0,0,0,0,0,38,0,0,0,5,4,45,1,1,2,1,0,0,11,15,1,1,2,68,0,0
20,200236,2,2,1,24,8,5,39,12,6,1,0,20,1,99,709,99709,81,2011,LXDTCKP07B20,L,X,D,T,C,K,P,0,7,B,2,0,0,U,,,,11,17,,,,,,,,,,,,,,,,,,,0,0,000000000,00000000000,0,0,0,1,0,0,0,0,0,0,0,998,0,0,0,12,6,2,12,0,0,0,1,20,66048,6,1,0,0,3,1,74,208,0,0,0,0,0,0,0,0,0,0,0,0,0,0,5,4,45,1,1,2,1,0,0,1,67,1,1,1,69,1,0
20,200237,1,1,1,24,8,99,99,31,0,1,0,39,1,72,706,72706,80,2006,1HD1GN1196K3,1,H,D,1,G,N,1,1,9,6,K,3,0,M,HD,DLI,RS,6,17,,,,,,,1450,,2,,4,641,,,,,,,0,0,000000000,00000000000,0,0,0,1,0,0,0,0,0,0,0,998,0,0,0,99,6,2,31,0,0,0,1,39,43604,3,1,0,0,2,0,69,140,0,0,0,1,0,6,2011,6,2011,9,87,0,0,0,2,4,75,1,1,1,2,0,0,1,13,99,1,4,1,1,0
20,200238,1,1,1,24,8,22,0,32,0,1,0,40,1,12,481,12481,31,2011,1FT7W2BT6BEC,1,F,T,7,W,2,B,T,6,B,E,C,0,T,FORD,F2S,CW,11,17,,2,1724,1562,SRW,D,,,8,409,,,,C,6560,01,7,44,0,0,000000000,00000000000,0,0,0,1,0,0,0,0,0,0,0,998,0,0,0,12,6,2,32,0,0,0,1,40,67846,6,1,6,0,3,0,71,180,0,0,0,1,0,9,2010,9,2010,9,87,0,0,0,1,2,65,2,2,2,2,0,0,14,12,1,1,4,6,1,0
20,200239,1,1,2,25,8,18,30,1,0,1,0,20,2,20,481,20481,31,2006,1GCHK24U86E1,1,G,C,H,K,2,4,U,8,6,E,1,0,T,CHEV,2KH,PK,6,17,,2,0,1330,SIL,G,,,8,366,,,,C,5398,00,,44,0,0,000000000,00000000000,0,0,0,1,0,0,0,0,0,0,0,47,0,1,5,0,6,2,1,0,0,0,1,20,67857,6,1,0,0,3,0,72,240,0,0,0,0,0,0,0,0,0,1,58,0,0,0,1,2,99,1,1,4,1,0,0,1,6,7,4,4,2,1,0
20,200240,1,2,1,28,8,17,0,12,6,1,0,20,1,7,442,7442,20,1999,2B4FP2533XR4,2,B,4,F,P,2,5,3,3,X,R,4,0,P,DODG,CAR,SV,99,17,3415,,0,1133,,G,,F,6,181,,,14R205,,,,,,0,0,000000000,00000000000,0,0,0,1,0,0,0,0,0,0,0,53,0,0,0,12,6,2,12,0,0,0,1,20,66067,6,1,0,0,3,0,63,145,0,0,0,1,0,8,2012,8,2012,0,0,0,0,0,1,2,55,1,1,2,1,0,0,1,17,8,1,2,88,0,0
20,200240,2,2,1,28,8,17,0,12,6,1,0,20,1,37,32,37032,4,1993,1HGCB7652PA1,1,H,G,C,B,7,6,5,2,P,A,1,0,P,HOND,ALX,4D,93,17,2504,,0,1071,,G,,F,4,132,,,14R185,,,,,,0,0,000000000,00000000000,0,0,0,1,0,0,0,0,0,0,0,998,0,0,0,9,6,2,12,0,0,0,1,20,66006,6,1,0,0,3,1,68,195,0,0,0,0,0,0,0,0,0,0,38,0,0,0,1,2,55,1,1,4,1,20,3,1,66,1,1,1,89,1,0
20,200241,1,1,1,28,8,21,20,14,0,1,0,20,2,72,706,72706,80,2005,1HD1FXV145Y7,1,H,D,1,F,X,V,1,4,5,Y,7,0,M,HD,HRF,RS,5,17,,,,,,,1450,,2,,4,721,,,,,,,0,0,000000000,00000000000,0,0,0,1,0,0,0,0,0,0,0,998,0,0,0,12,6,2,14,0,0,0,1,20,66441,6,1,0,0,3,0,71,220,0,0,0,0,0,0,0,0,0,0,0,0,0,0,1,2,30,1,1,1,1,0,0,1,9,1,1,4,11,1,1
20,200242,1,1,1,31,8,2,12,31,0,1,0,40,2,12,481,12481,31,2004,1FTPX12544NA,1,F,T,P,X,1,2,5,4,4,N,A,0,T,FORD,F15,4C,4,17,,2,1450,1260,COF,G,,,8,330,,,,B,5170,00,U,42,0,0,000000000,00000000000,0,0,0,1,0,0,0,0,0,0,0,70,0,1,5,12,6,2,1,0,0,0,1,20,67420,6,1,6,0,3,0,68,170,1,0,0,1,0,4,2010,6,2010,0,58,0,0,0,2,2,75,1,1,2,1,0,0,1,13,6,3,4,2,1,1
20,200243,1,2,1,30,8,21,10,12,2,1,0,20,2,7,41,7041,4,1997,2B3HD46T6VH6,2,B,3,H,D,4,6,T,6,V,H,6,0,P,DODG,INT,4D,97,17,3319,,0,1130,,G,,F,6,201,,,16R225,,,,,,0,0,000000000,00000000000,0,0,0,1,0,0,0,0,0,0,0,998,0,0,0,12,6,2,12,0,0,0,1,20,67554,6,1,0,0,3,0,66,177,0,0,0,0,0,0,0,0,0,0,99,99,99,99,1,2,65,1,1,2,1,0,0,1,10,1,1,2,50,1,1
20,200243,2,2,1,30,8,21,10,12,2,1,0,20,1,12,481,12481,31,1998,1FTZX1722WKB,1,F,T,Z,X,1,7,2,2,W,K,B,0,T,FORD,F15,3C,98,17,,1,1570,1390,COF,G,,,6,256,,,,B,4067,02,E,42,0,0,000000000,00000000000,0,0,0,1,0,0,0,0,0,0,0,998,0,0,0,12,6,2,12,0,0,0,1,20,66044,6,1,0,0,3,1,70,180,0,0,0,0,0,0,0,0,0,0,0,0,0,0,1,2,65,1,1,2,1,0,0,1,62,4,1,1,51,0,0
20,200244,1,1,1,1,9,19,30,1,0,1,0,20,2,7,422,7422,15,2005,1D8HB58N15F5,1,D,8,H,B,5,8,N,1,5,F,5,0,P,DODG,DUR,UT,5,17,4986,,0,1192,,G,,F,8,287,,,17R265,,,,,,0,0,000000000,00000000000,0,0,0,1,0,0,0,0,0,0,0,998,0,1,5,0,6,2,1,0,0,0,1,20,66608,1,1,0,0,2,1,64,135,1,0,0,0,0,3,2011,3,2011,0,58,0,0,0,1,2,55,1,1,5,1,0,0,1,8,7,4,4,7,1,0
20,200245,1,2,1,2,9,17,7,12,6,1,0,20,1,23,481,23481,31,1994,1GTDC14Z1RZ5,1,G,T,D,C,1,4,Z,1,R,Z,5,0,T,GMC,SC1,PK,94,17,,1,1315,1175,SIE,G,,,6,262,,,,B,00000,00,A,42,0,0,000000000,00000000000,0,0,0,1,0,0,0,0,0,0,0,998,0,0,0,4,6,9,12,0,0,0,1,20,67871,6,1,0,0,3,1,67,200,2,0,0,0,0,8,2011,9,2012,0,38,0,0,0,1,2,65,1,1,2,1,0,0,11,15,1,1,2,68,0,0
20,200245,2,2,2,2,9,17,7,12,6,1,0,20,1,72,706,72706,80,1995,1HD1BJL42SY0,1,H,D,1,B,J,L,4,2,S,Y,0,0,M,HD,STC,RS,95,17,,,,,,,1340,,2,,4,710,,,,,,,0,0,000000000,00000000000,0,0,0,1,0,0,0,0,0,0,0,998,0,0,0,12,6,2,12,0,0,0,1,20,66106,6,1,0,0,3,1,67,200,0,0,0,0,0,0,0,0,0,0,0,0,0,0,1,2,65,1,1,2,1,0,0,1,67,1,1,1,69,1,0
20,200246,1,2,2,2,9,19,51,12,6,1,0,20,1,72,706,72706,80,2009,1HD1FHM159Y6,1,H,D,1,F,H,M,1,5,9,Y,6,0,M,HD,RKP,RS,9,17,,,,,,,1690,,2,,4,828,,,,,,,0,0,000000000,00000000000,0,0,0,1,0,0,0,0,0,0,0,998,0,0,0,12,6,2,12,0,0,0,1,20,66104,6,1,0,0,3,1,70,260,1,0,0,0,1,12,2009,2,2010,0,0,0,0,0,1,4,35,1,2,2,1,0,0,1,67,3,1,1,69,1,0
20,200246,2,2,1,2,9,19,51,12,6,1,0,20,1,22,2,22002,4,2001,1G2HX54K9142,1,G,2,H,X,5,4,K,9,1,4,2,0,P,PONT,BVS,4D,1,17,3633,,0,1122,,G,,F,6,231,,,16R225,,,,,,0,0,000000000,00000000000,0,0,0,1,0,0,0,0,0,0,0,998,0,0,0,3,6,2,12,0,0,0,1,20,66101,6,1,0,0,3,0,75,250,0,0,0,0,0,0,0,0,0,0,48,0,0,0,1,4,35,1,2,2,1,0,0,11,15,1,1,2,68,0,1