STATE,ST_CASE,VEH_NO,VE_FORMS,NUMOCCS,DAY,MONTH,HOUR,MINUTE,HARM_EV,MAN_COLL,UNITTYPE,HIT_RUN,REG_STAT,OWNER,MAKE,MODEL,MAK_MOD,BODY_TYP,MOD_YEAR,VIN,VIN_1,VIN_2,VIN_3,VIN_4,VIN_5,VIN_6,VIN_7,VIN_8,VIN_9,VIN_10,VIN_11,VIN_12,TOW_VEH,VINTYPE,VINMAKE,VINA_MOD,VIN_BT,VINMODYR,VIN_LNGT,VIN_WGT,WGTCD_TR,WHLBS_LG,WHLBS_SH,SER_TR,FUELCODE,MCYCL_DS,CARBUR,CYLINDER,DISPLACE,MCYCL_CY,MCYCL_WT,TIRE_SZE,TON_RAT,TRK_WT,TRKWTVAR,VIN_REST,WHLDRWHL,J_KNIFE,MCARR_I1,MCARR_I2,MCARR_ID,GVWR,V_CONFIG,CARGO_BT,HAZ_INV,HAZ_PLAC,HAZ_ID,HAZ_CNO,HAZ_REL,BUS_USE,SPEC_USE,EMER_USE,TRAV_SP,UNDERIDE,ROLLOVER,ROLINLOC,IMPACT1,DEFORMED,TOWED,M_HARM,VEH_SC1,VEH_SC2,FIRE_EXP,DR_PRES,L_STATE,DR_ZIP,L_STATUS,L_TYPE,CDL_STAT,L_ENDORS,L_COMPL,L_RESTRI,DR_HGT,DR_WGT,PREV_ACC,PREV_SUS,PREV_DWI,PREV_SPD,PREV_OTH,FIRST_MO,FIRST_YR,LAST_MO,LAST_YR,SPEEDREL,DR_SF1,DR_SF2,DR_SF3,DR_SF4,VTRAFWAY,VNUM_LAN,VSPD_LIM,VALIGN,VPROFILE,VPAVETYP,VSURCOND,VTRAFCON,VTCONT_F,P_CRASH1,P_CRASH2,P_CRASH3,PCRASH4,PCRASH5,ACC_TYPE,DEATHS,DR_DRINK
21,210040,2,2,1,31,1,9,36,12,2,1,0,21,1,20,404,20404,14,2012,2GNALDEKXC62,2,G,N,A,L,D,E,K,X,C,6,2,0,P,CHEV,EQU,UT,12,17,3779,,0,1125,,F,,F,4,146,,,17R225,,,,,,0,0,000000000,00000000000,0,0,0,1,0,0,0,0,0,0,0,998,0,0,0,12,6,2,12,0,0,0,1,21,40336,6,1,6,0,3,1,73,225,0,0,0,2,0,1,2010,10,2010,0,0,0,0,0,1,2,55,1,1,2,1,0,0,1,62,1,1,1,51,0,0
21,210041,1,2,3,28,1,14,10,12,2,1,0,21,1,49,40,49040,4,1995,4T1SK12E6SU5,4,T,1,S,K,1,2,E,6,S,U,5,0,P,TOYT,CLE,4D,95,17,3086,,0,1031,,G,,F,4,132,,,14R195,,,,,,0,0,000000000,00000000000,0,0,0,1,0,0,0,0,0,0,0,998,0,0,0,12,6,2,12,0,0,0,1,21,41501,6,1,0,0,3,0,63,100,1,0,0,0,0,9,2011,9,2011,0,99,99,99,99,1,2,55,4,1,2,1,40,3,6,10,1,1,2,50,0,0
21,210041,2,2,1,28,1,14,10,12,2,1,0,21,2,12,401,12401,14,1992,1FMDU34X8NUD,1,F,M,D,U,3,4,X,8,N,U,D,0,P,FORD,EPR,UT,92,17,3879,,0,1120,,G,,F,6,245,,,15R225,,,,,,0,0,000000000,00000000000,0,0,0,1,0,0,0,0,0,0,0,998,0,1,1,12,6,2,1,0,0,0,1,21,41563,6,1,0,0,3,0,62,112,1,0,0,0,0,12,2009,12,2009,0,0,0,0,0,1,2,55,4,1,2,1,40,3,14,62,98,1,1,51,1,0
21,210042,1,2,3,20,1,23,7,12,2,1,0,21,2,22,20,22020,4,2000,1G2WP52K6YF1,1,G,2,W,P,5,2,K,6,Y,F,1,0,P,PONT,GPG,4D,0,17,3455,,0,1105,,G,,F,6,231,,,16R225,,,,,,0,0,000000000,00000000000,0,0,0,1,0,0,0,0,0,0,0,60,0,0,0,12,6,2,12,0,0,0,1,21,40004,6,1,0,0,3,0,63,115,0,0,0,0,0,0,0,0,0,1,0,0,0,0,1,2,55,2,2,2,1,40,3,14,10,1,1,2,50,0,0
21,210042,2,2,1,20,1,23,7,12,2,1,0,21,1,20,16,20016,4,2003,1G1JC52F5372,1,G,1,J,C,5,2,F,5,3,7,2,0,P,CHEV,CAV,4D,3,17,2971,,0,1041,,G,,F,4,134,,,14R195,,,,,,0,0,000000000,00000000000,0,0,0,1,0,0,0,0,0,0,0,50,0,0,0,12,6,2,12,0,0,0,1,21,40052,6,1,0,0,3,1,65,168,0,0,0,0,0,0,0,0,0,0,0,0,0,0,1,2,55,1,2,2,1,97,8,1,62,1,1,1,51,1,0
21,210043,1,1,1,10,1,15,54,1,0,1,0,21,3,12,481,12481,31,2006,1FTSW21PX6EC,1,F,T,S,W,2,1,P,X,6,E,C,0,T,FORD,F2S,CW,6,17,,2,1720,1560,SRW,D,,,8,366,,,,C,6395,01,E,44,0,0,000000000,00000000000,0,0,0,1,0,0,0,0,0,0,0,998,0,2,5,0,6,2,1,0,0,0,1,21,41701,1,1,4,1,2,0,70,200,0,1,0,0,0,12,2011,12,2011,0,0,0,0,0,1,2,20,3,1,2,1,0,0,15,12,1,1,4,6,1,0
21,210044,1,2,1,22,1,11,42,12,6,1,0,21,1,6,51,6051,4,2008,2C3KA53G58H2,2,C,3,K,A,5,3,G,5,8,H,2,0,P,CHRY,3TR,4D,8,17,3762,,0,1200,,G,,F,6,214,,,17R215,,,,,,0,0,000000000,00000000000,0,0,0,1,0,0,0,0,0,0,0,998,0,0,0,81,6,2,12,0,0,0,1,21,42104,6,1,0,0,3,1,72,300,0,0,0,0,0,0,0,0,0,0,38,0,0,0,5,3,35,1,2,2,2,3,3,11,15,1,1,2,68,1,0
21,210044,2,2,1,22,1,11,42,12,6,1,0,21,1,23,481,23481,31,1999,1GTEC19TXXE5,1,G,T,E,C,1,9,T,X,X,E,5,0,T,GMC,NC1,3C,99,17,,2,1575,1435,SIE,G,,,8,325,,,,B,3887,00,U,42,0,0,000000000,00000000000,0,0,0,1,0,0,0,0,0,0,0,998,0,0,0,12,6,2,12,0,0,0,1,21,42101,6,1,0,0,3,0,71,170,2,0,0,0,0,5,2010,8,2011,0,0,0,0,0,5,3,35,1,2,2,2,3,3,1,66,3,2,1,69,0,0
21,210045,1,2,1,15,1,15,1,12,6,1,0,21,1,20,471,20471,30,1991,1GCCS14Z4M22,1,G,C,C,S,1,4,Z,4,M,2,2,0,T,CHEV,S14,PK,91,17,,1,1179,1083,S,G,,,6,262,,,,B,2567,01,,42,0,0,000000000,00000000000,0,0,0,1,0,0,0,0,0,0,0,5,0,1,1,81,6,2,12,0,0,0,1,21,40047,6,1,0,0,3,1,68,130,0,0,0,0,0,0,0,0,0,0,38,0,0,0,1,2,55,1,1,2,1,0,0,11,15,1,1,2,68,1,0
21,210045,2,2,2,15,1,15,1,12,6,1,0,21,1,37,31,37031,4,2000,2HGEJ6611YH5,2,H,G,E,J,6,6,1,1,Y,H,5,0,P,HOND,UCE,4D,0,17,2388,,0,1032,,G,,F,4,097,,,14R185,,,,,,0,0,000000000,00000000000,0,0,0,1,0,0,0,0,0,0,0,55,0,0,0,12,6,2,12,0,0,0,1,21,40047,6,1,0,0,3,0,68,150,0,0,0,0,0,0,0,0,0,0,0,0,0,0,1,2,55,1,1,2,1,0,0,1,66,3,2,1,69,0,0
21,210046,1,1,1,31,1,12,32,10,0,1,0,21,1,20,401,20401,14,1997,1GNDT13W2V21,1,G,N,D,T,1,3,W,2,V,2,1,0,P,CHEV,BZR,UT,97,17,4046,,0,1070,,G,,F,6,262,,,15R205,,,,,,0,0,000000000,00000000000,0,0,0,1,0,0,0,0,0,0,0,998,0,0,0,82,6,2,10,0,0,0,1,21,40935,6,1,0,0,3,0,68,142,1,0,0,0,0,8,2009,8,2009,0,38,0,0,0,1,2,35,1,2,2,1,65,3,1,91,1,1,1,15,1,0
21,210047,1,1,1,25,1,12,5,42,0,1,0,21,2,49,32,49032,4,1996,1NXBB02E1TZ3,1,N,X,B,B,0,2,E,1,T,Z,3,0,P,TOYT,CRD,4D,96,17,2381,,0,970,,G,,F,4,108,,,14R185,,,,,,0,0,000000000,00000000000,0,0,0,1,0,0,0,0,0,0,0,998,0,0,0,62,6,2,3,0,0,0,1,21,41643,1,1,0,0,2,0,70,132,0,4,3,0,2,2,2009,12,2011,0,0,0,0,0,1,2,55,4,1,2,1,0,0,14,12,98,9,4,2,1,1
21,210048,1,1,2,1,2,9,25,32,0,1,0,21,1,49,481,49481,31,1995,JT4VD22E3S00,J,T,4,V,D,2,2,E,3,S,0,0,0,T,TOYT,TXD,PC,95,17,,1,0,1218,T10,G,,,6,206,,,,B,4075,00,M,44,0,0,000000000,00000000000,0,0,0,1,0,0,0,0,0,0,0,998,0,0,0,6,6,2,42,0,0,0,1,21,42701,6,1,0,0,3,0,64,180,0,1,0,0,0,9,2010,9,2010,0,0,0,0,0,1,2,55,3,2,2,2,0,0,14,13,6,4,4,7,1,0
21,210049,1,2,2,1,2,9,36,12,6,1,0,21,1,12,471,12471,30,1998,1FTZR15X5WPB,1,F,T,Z,R,1,5,X,5,W,P,B,0,T,FORD,RNS,PC,98,17,,1,0,1259,RNG,G,,,6,245,,,,B,3597,00,E,44,0,0,000000000,00000000000,0,0,0,1,0,0,0,0,0,0,0,998,0,0,0,2,6,2,12,0,0,0,1,21,42167,6,1,0,0,3,0,67,110,0,0,0,0,0,0,0,0,0,0,87,0,0,0,1,2,35,1,2,2,2,0,0,1,9,2,4,2,64,1,0
21,210049,2,2,1,1,2,9,36,12,6,1,0,21,1,20,481,20481,31,1995,2GCEK19K2S11,2,G,C,E,K,1,9,K,2,S,1,1,0,T,CHEV,GK1,PC,95,17,,2,1555,1415,GM4,G,,,8,350,,,,B,4514,00,,44,0,0,000000000,00000000000,0,0,0,1,0,0,0,0,0,0,0,998,0,0,0,12,6,2,12,0,0,0,1,21,42129,6,1,0,0,3,0,74,220,0,0,0,0,0,0,0,0,0,0,87,0,0,0,1,2,35,1,2,2,2,0,0,1,62,2,1,1,65,0,0
21,210050,1,2,1,2,2,5,14,12,6,1,0,21,1,7,472,7472,30,1990,1B7FL26X5LS6,1,B,7,F,L,2,6,X,5,L,S,6,0,T,DODG,DAK,PK,90,17,,1,1309,1119,DAK,G,,,6,239,,,,B,2968,01,A,42,0,0,000000000,00000000000,0,0,0,1,0,0,0,0,0,0,0,998,0,0,0,12,6,2,12,0,0,0,1,21,40815,6,1,0,0,3,0,68,206,0,0,0,0,0,0,0,0,0,0,87,0,0,0,1,2,55,2,1,2,2,0,0,14,10,1,1,2,64,1,0
21,210050,2,2,1,2,2,5,14,12,6,1,0,51,2,84,881,84881,63,2011,3HAMKAAN5BL4,3,H,A,M,K,A,A,N,5,B,L,4,0,T,INTL,440,CC,11,17,,7,0,0,40S,D,,,6,466,,,,,00000,00,,42,0,57,00032541,5700032541,3,1,28,1,0,0,0,0,0,0,0,998,0,0,0,11,6,2,12,0,0,0,1,21,40977,6,1,6,0,3,0,71,190,0,0,0,1,0,2,2009,2,2009,0,0,0,0,0,1,2,55,3,1,2,1,0,0,14,62,9,1,1,65,0,0
21,210051,1,1,2,4,2,7,57,42,0,1,0,21,1,20,471,20471,30,2000,1GCCS1441Y81,1,G,C,C,S,1,4,4,1,Y,8,1,0,T,CHEV,S14,PK,0,17,,1,1179,1083,S,G,,,4,133,,,,B,3029,03,,42,0,0,000000000,00000000000,0,0,0,1,0,0,0,0,0,0,0,998,0,0,0,12,6,2,42,0,0,0,1,21,41267,6,1,0,0,3,0,64,140,0,0,0,0,0,0,0,0,0,0,91,0,0,0,1,2,55,4,3,2,2,0,0,14,12,1,1,4,6,1,1
21,210052,1,1,1,4,2,15,15,35,0,1,0,21,1,54,37,54037,2,1998,19UYA315XWL0,1,9,U,Y,A,3,1,5,X,W,L,0,0,P,ACUR,23C,CP,98,17,3009,,0,1069,,G,,F,4,138,,,16R205,,,,,,0,0,000000000,00000000000,0,0,0,1,0,0,0,0,0,0,0,998,0,0,0,12,6,2,42,0,0,0,1,21,40361,6,1,0,0,3,0,72,136,0,0,0,0,0,0,0,0,0,1,87,0,0,0,2,2,55,3,2,2,6,0,0,14,6,98,2,4,7,1,0
21,210053,1,2,1,4,2,16,3,12,2,1,0,21,1,55,35,55035,4,2007,KMHDU46D27U0,K,M,H,D,U,4,6,D,2,7,U,0,0,P,HYUN,GST,4D,7,17,2723,,0,1043,,G,,F,4,121,,,15R195,,,,,,0,0,000000000,00000000000,0,0,0,1,0,0,0,0,0,0,0,60,0,0,0,12,6,2,12,0,0,0,1,21,41076,6,1,0,0,3,0,64,140,0,0,0,0,0,0,0,0,0,0,51,0,0,0,5,4,55,1,1,1,2,0,0,1,54,1,1,1,52,1,0
21,210053,2,2,2,4,2,16,3,12,2,1,0,21,3,49,482,49482,31,2008,5TBBV54188S5,5,T,B,B,V,5,4,1,8,8,S,5,0,T,TOYT,DLS,CW,8,17,,2,0,1457,TUN,G,,,8,348,,,,B,5445,00,7,44,0,0,000000000,00000000000,0,0,0,1,0,0,0,0,0,0,0,35,0,0,0,12,6,2,12,0,0,0,1,21,41003,6,1,0,0,3,0,71,165,0,0,0,0,0,0,0,0,0,0,0,0,0,0,5,4,55,1,1,1,2,0,0,1,54,2,1,1,52,0,0
21,210054,1,1,1,5,2,14,58,35,0,1,0,21,2,18,2,18002,4,2001,1G4HP54KX1U1,1,G,4,H,P,5,4,K,X,1,U,1,0,P,BUIC,LCF,4D,1,17,3567,,0,1122,,G,,F,6,231,,,15R215,,,,,,0,0,000000000,00000000000,0,0,0,1,0,0,0,0,0,0,0,80,0,1,5,12,6,2,35,0,0,0,1,21,41164,1,1,0,0,2,0,72,165,1,2,1,1,0,2,2010,6,2011,1,0,0,0,0,1,2,55,3,1,2,1,40,3,14,13,1,1,4,1,1,1
21,210055,1,2,1,5,2,17,42,12,6,1,0,21,1,37,31,37031,2,1994,2HGEJ2224RH5,2,H,G,E,J,2,2,2,4,R,H,5,0,P,HOND,CID,CP,94,17,2168,,0,1032,,G,,F,4,091,,,13R175,,,,,,0,0,000000000,00000000000,0,0,0,1,0,0,0,0,0,0,0,998,0,0,0,82,6,2,12,0,0,0,1,21,42701,6,1,0,0,3,1,62,130,1,1,1,0,0,6,2010,2,2011,0,58,0,0,0,1,2,55,1,2,2,1,40,3,1,13,7,4,6,64,1,0
21,210055,2,2,1,5,2,17,42,12,6,1,0,21,1,20,481,20481,31,2005,1GCEK19B95E2,1,G,C,E,K,1,9,B,9,5,E,2,0,T,CHEV,SK1,4C,5,17,,2,1575,1435,SIL,G,,,8,325,,,,B,4661,00,,44,0,0,000000000,00000000000,0,0,0,1,0,0,0,0,0,0,0,998,7,0,0,12,6,2,12,0,0,0,1,21,42701,6,1,0,0,3,0,71,187,2,0,0,0,0,8,2009,10,2010,0,0,0,0,0,1,2,55,1,1,2,1,40,3,1,62,3,2,1,65,0,0
21,210056,1,1,1,6,2,17,19,1,0,1,0,0,0,99,739,99739,90,9999,000000000000,0,0,0,0,0,0,0,0,0,0,0,0,0,,,,,,,,,,,,,,,,,,,,,,,,,0,0,000000000,00000000000,0,0,0,1,0,0,0,0,0,0,0,998,0,2,5,0,2,4,1,0,0,0,1,21,41164,6,1,0,0,1,0,71,200,0,0,0,0,0,0,0,0,0,0,0,0,0,0,4,1,35,3,3,2,1,0,0,14,13,1,1,4,1,1,1
21,210057,1,1,2,5,2,23,23,35,0,1,0,21,1,20,4,20004,3,1995,1G1YY22P6S51,1,G,1,Y,Y,2,2,P,6,S,5,1,0,P,CHEV,CVT,CP,95,17,3203,,0,962,,G,,F,8,350,,,17R255,,,,,,0,0,000000000,00000000000,0,0,0,1,0,0,0,0,0,0,0,998,0,1,3,6,6,2,35,0,0,0,1,47,40241,6,1,0,0,3,0,75,240,0,0,0,0,0,0,0,0,0,1,91,0,0,0,2,2,55,2,1,1,1,0,0,14,9,1,3,4,7,1,1
21,210058,1,2,1,3,2,19,14,12,6,1,0,21,2,49,40,49040,4,1991,4T1VV22E6MU0,4,T,1,V,V,2,2,E,6,M,U,0,0,P,TOYT,CLE,4D,91,17,3086,,0,1024,,G,,F,6,153,,,15R195,,,,,,0,0,000000000,00000000000,0,0,0,1,0,0,0,0,0,0,0,998,0,0,0,3,6,2,12,0,0,0,1,21,41031,6,1,0,0,3,1,72,160,1,0,0,0,0,10,2011,10,2011,0,0,0,0,0,1,2,55,3,2,2,1,0,0,14,13,8,4,6,64,1,1
21,210058,2,2,1,3,2,19,14,12,6,1,0,21,1,7,880,7880,67,2003,3D7MU48C33G7,3,D,7,M,U,4,8,C,3,3,G,7,0,T,DODG,SQ3,CW,3,17,,3,0,1600,RPC,D,,,6,359,,,,D,6544,06,E,44,0,77,777777777,77777777777,2,1,97,1,0,0,0,0,0,0,0,998,7,1,1,12,6,2,12,0,0,0,1,21,41031,6,1,0,0,3,0,72,190,1,0,0,0,0,4,2010,4,2010,0,0,0,0,0,1,2,55,1,2,2,1,0,0,1,62,98,1,1,65,0,0
21,210059,1,1,1,12,2,2,55,30,0,1,0,21,2,20,16,20016,4,2002,1G1JC5244271,1,G,1,J,C,5,2,4,4,2,7,1,0,P,CHEV,CAC,4D,2,17,2676,,0,1041,,C,,F,4,133,,,14R195,,,,,,0,0,000000000,00000000000,0,0,0,1,0,0,0,0,0,0,0,998,0,0,0,3,6,2,30,0,0,0,1,21,42301,6,1,0,0,3,0,69,180,0,0,0,0,0,0,0,0,0,1,37,0,0,0,1,2,30,1,1,2,1,0,0,1,6,98,9,4,7,1,1
21,210060,1,2,1,11,2,11,50,12,6,1,0,21,1,21,2,21002,4,1998,1G3HN52K2W48,1,G,3,H,N,5,2,K,2,W,4,8,0,P,OLDS,8LW,4D,98,17,3455,,0,1108,,G,,F,6,231,,,15R205,,,,,,0,0,000000000,00000000000,0,0,0,1,0,0,0,0,0,0,0,998,0,0,0,83,6,2,12,0,0,0,1,21,41265,6,1,0,0,3,0,73,205,0,0,0,0,0,0,0,0,0,0,58,87,0,0,1,2,55,1,3,2,2,0,0,1,5,6,4,2,64,1,0
21,210060,2,2,2,11,2,11,50,12,6,1,0,21,2,23,421,23421,15,2005,2GTEK13T3511,2,G,T,E,K,1,3,T,3,5,1,1,0,T,GMC,NK1,CW,5,17,,2,0,1435,SIE,G,,,8,325,,,,B,5299,00,E,44,0,0,000000000,00000000000,0,0,0,1,0,0,0,0,0,0,0,998,0,0,0,12,6,2,12,0,0,0,1,21,41254,6,1,0,0,3,0,64,135,1,0,0,1,0,8,2009,1,2010,0,87,0,0,0,1,2,55,1,3,2,2,0,0,1,62,3,2,1,65,0,0
21,210061,1,2,2,14,2,17,18,12,6,1,0,21,1,7,482,7482,31,2006,1D7HU18286S7,1,D,7,H,U,1,8,2,8,6,S,7,0,T,DODG,SQ1,CW,6,17,,2,1605,1405,RPC,G,,,8,348,,,,B,5233,02,E,44,0,0,000000000,00000000000,0,0,0,1,0,0,0,0,0,0,0,998,0,0,0,82,6,2,12,0,0,0,1,21,42458,6,1,0,0,3,1,72,220,0,0,0,0,0,0,0,0,0,0,0,0,0,0,1,2,55,1,1,2,1,40,3,1,8,3,4,4,66,0,1
21,210061,2,2,1,14,2,17,18,12,6,1,0,21,1,23,481,23481,31,1989,2GTEC19KXK15,2,G,T,E,C,1,9,K,X,K,1,5,0,T,GMC,SC1,PC,89,17,,2,0,1555,SIE,G,,,8,350,,,,B,4542,05,A,42,0,0,000000000,00000000000,0,0,0,1,0,0,0,0,0,0,0,998,0,0,0,12,6,2,12,0,0,0,1,21,42461,6,1,8,0,3,0,72,165,0,0,0,0,0,0,0,0,0,0,0,0,0,0,1,2,55,1,1,2,1,40,3,1,62,9,2,4,66,1,0
21,210062,1,1,3,11,2,0,20,33,0,1,0,18,2,37,32,37032,4,2003,1HGCM56343A1,1,H,G,C,M,5,6,3,4,3,A,1,0,P,HOND,ULX,4D,3,17,3053,,0,1079,,G,,F,4,146,,,15R205,,,,,,0,0,000000000,00000000000,0,0,0,1,0,0,0,0,0,0,0,998,0,0,0,7,4,3,42,0,0,0,1,18,47129,6,1,0,0,3,1,72,175,0,0,0,1,0,9,2011,9,2011,0,91,0,0,0,1,4,35,2,2,2,2,40,3,14,9,99,9,4,7,1,1
21,210063,1,2,1,16,2,11,10,12,8,1,0,21,1,20,481,20481,31,1999,1GCGK29J7XF0,1,G,C,G,K,2,9,J,7,X,F,0,0,T,CHEV,GK2,3C,99,17,,2,1555,1415,GM4,G,,,8,454,,,,C,5217,00,,44,0,0,000000000,00000000000,0,0,0,1,0,0,0,0,0,0,0,998,0,0,0,62,6,2,12,0,0,0,1,21,40146,6,1,0,0,3,0,73,200,1,0,0,0,0,4,2011,4,2011,0,38,0,0,0,1,2,55,3,2,2,2,0,0,14,10,1,1,2,64,1,0
21,210063,2,2,1,16,2,11,10,12,8,1,0,21,4,84,881,84881,62,2011,1HTMKAAL1BH3,1,H,T,M,K,A,A,L,1,B,H,3,0,T,INTL,440,CC,11,17,,6,0,0,40S,D,,,6,466,,,,,00000,00,,42,0,57,00650784,5700650784,2,1,1,1,0,0,0,0,0,0,0,998,0,0,0,61,6,2,12,0,0,0,1,21,40475,6,1,0,0,3,0,66,115,0,0,0,0,0,0,0,0,0,0,0,0,0,0,1,2,55,2,2,2,2,0,0,14,62,98,1,1,65,0,0
21,210064,1,1,1,15,2,23,51,19,0,1,0,21,3,12,442,12442,20,2003,2FMZA52413BA,2,F,M,Z,A,5,2,4,1,3,B,A,0,T,FORD,WSE,ES,3,17,,1,0,1207,WIN,G,,,6,232,,,,B,3762,00,E,42,0,0,000000000,00000000000,0,0,0,1,0,0,0,0,0,0,0,998,0,0,0,12,6,2,19,0,0,0,1,21,41649,6,1,0,0,3,0,69,145,0,0,0,0,0,0,0,0,0,0,0,0,0,0,1,2,45,1,1,2,1,0,0,1,12,1,1,4,6,1,0
21,210065,1,1,1,18,2,3,29,52,0,1,0,21,2,12,17,12017,4,1995,1FALP52U8SA1,1,F,A,L,P,5,2,U,8,S,A,1,0,P,FORD,TGS,4D,95,17,3118,,0,1060,,G,,F,6,182,,,15R205,,,,,,0,0,000000000,00000000000,0,0,0,1,0,0,0,0,0,0,0,998,0,0,0,3,6,2,42,0,0,0,1,21,40040,6,1,0,0,3,1,67,185,1,0,0,0,0,12,2011,12,2011,0,0,0,0,0,1,2,55,1,2,2,1,0,0,1,9,98,9,4,2,1,0
21,210066,1,1,1,18,2,4,15,35,0,1,0,21,1,9,20,9020,4,1995,1P3ES67C5SD5,1,P,3,E,S,6,7,C,5,S,D,5,0,P,PLYM,NES,4D,95,17,2493,,0,1040,,G,,F,4,122,,,14R185,,,,,,0,0,000000000,00000000000,0,0,0,1,0,0,0,0,0,0,0,92,0,0,0,12,6,2,42,0,0,1,1,21,40484,6,1,0,0,3,0,72,125,0,0,0,0,0,0,0,0,0,1,53,0,0,0,1,2,55,2,2,2,1,40,3,14,6,3,2,4,7,1,0
21,210067,1,3,1,20,2,15,27,12,8,1,0,21,2,53,705,53705,80,2002,JS1GR7HA7221,J,S,1,G,R,7,H,A,7,2,2,1,0,M,SUZI,SX7,RC,2,17,,,,,,,749,,4,,4,365,,,,,,,0,0,000000000,00000000000,0,0,0,1,0,0,0,0,0,0,0,998,0,0,0,61,6,2,12,0,0,0,1,21,42141,6,1,0,0,3,0,68,160,0,0,0,0,0,0,0,0,0,0,0,0,0,0,1,2,35,2,2,2,1,0,0,14,10,1,1,2,64,1,0
21,210067,2,3,2,20,2,15,27,12,8,1,0,21,1,20,481,20481,31,1996,1GCEC14R4TZ1,1,G,C,E,C,1,4,R,4,T,Z,1,0,T,CHEV,GC1,PK,96,17,,2,1315,1175,GM4,G,,,8,350,,,,B,3801,01,,42,0,0,000000000,00000000000,0,0,0,1,0,0,0,0,0,0,0,998,0,0,0,61,2,1,12,0,0,0,1,21,42718,6,1,0,0,3,1,73,215,0,0,0,0,0,0,0,0,0,0,0,0,0,0,1,2,55,2,2,2,1,0,0,14,62,1,1,1,65,0,0
21,210067,3,3,1,20,2,15,27,12,8,1,0,21,1,7,472,7472,30,2005,1D7HW48N05S2,1,D,7,H,W,4,8,N,0,5,S,2,0,T,DODG,DQS,CW,5,17,,2,0,1309,DAK,G,,,8,287,,,,B,4430,00,E,44,0,0,000000000,00000000000,0,0,0,1,0,0,0,0,0,0,0,998,0,0,0,13,2,3,54,0,0,0,1,21,42718,6,1,0,0,3,0,73,195,2,0,0,0,0,8,2009,3,2010,0,0,0,0,0,1,2,35,3,2,2,1,0,0,14,62,3,2,1,98,0,0
21,210068,1,2,1,20,2,15,25,12,6,1,0,47,2,49,40,49040,4,1997,4T1BF22K9VU9,4,T,1,B,F,2,2,K,9,V,U,9,0,P,TOYT,UEX,4D,97,17,3086,,0,1051,,G,,F,6,183,,,15R205,,,,,,0,0,000000000,00000000000,0,0,0,1,0,0,0,0,0,0,0,998,0,0,0,9,6,2,12,0,0,0,1,21,40977,6,1,0,0,3,1,63,129,0,0,0,0,0,0,0,0,0,0,38,0,0,0,1,2,98,1,1,2,1,20,3,11,15,1,1,1,82,1,0
21,210068,2,2,1,20,2,15,25,12,6,1,0,21,3,12,481,12481,31,2011,1FTBF2B65BEA,1,F,T,B,F,2,B,6,5,B,E,A,0,T,FORD,F2S,PK,11,17,,2,0,1370,SRW,F,,,8,378,,,,C,6135,00,Y,44,0,0,000000000,00000000000,0,0,0,1,0,0,0,0,0,0,0,998,0,0,0,12,6,2,12,0,0,0,1,21,40906,6,1,0,0,3,0,72,190,0,0,0,0,0,0,0,0,0,0,0,0,0,0,2,2,55,3,1,2,1,0,0,14,67,8,1,1,83,0,1
21,210069,1,2,2,17,2,22,30,12,6,1,0,21,2,35,43,35043,2,1993,1N4EB32A7PC7,1,N,4,E,B,3,2,A,7,P,C,7,0,P,NISS,UES,2D,93,17,2246,,0,956,,G,,F,4,098,,,000000,,,,,,0,0,000000000,00000000000,0,0,0,1,0,0,0,0,0,0,0,40,0,0,0,12,6,2,12,0,0,0,1,21,40475,6,1,0,0,3,0,71,156,1,0,0,0,0,9,2011,9,2011,0,39,38,0,0,5,4,98,1,1,2,1,2,3,1,17,1,1,1,86,1,0
21,210069,2,2,1,17,2,22,30,12,6,1,0,21,1,2,405,2405,14,2002,1J4GL58K12W1,1,J,4,G,L,5,8,K,1,2,W,1,0,T,JEEP,LMD,4W,2,17,,1,0,1043,LIB,G,,,6,226,,,,,3975,00,E,44,0,0,000000000,00000000000,0,0,0,1,0,0,0,0,0,0,0,15,0,0,0,3,6,2,12,0,0,0,1,21,40475,6,1,0,0,3,0,68,170,0,0,0,0,0,0,0,0,0,0,0,0,0,0,5,4,35,1,1,2,1,2,3,1,66,1,1,1,87,0,0
21,210070,1,2,1,23,2,10,20,12,2,1,0,21,1,7,442,7442,20,2001,2B4GP44391R3,2,B,4,G,P,4,4,3,9,1,R,3,0,T,DODG,GSP,ES,1,17,,1,0,1193,CAR,F,,,6,201,,,,,3989,00,E,42,0,0,000000000,00000000000,0,0,0,1,0,0,0,0,0,0,0,998,0,0,0,12,6,2,12,0,0,0,1,21,42784,6,1,0,0,3,0,65,175,0,1,0,0,0,5,2010,5,2010,0,0,0,0,0,1,2,55,3,3,2,1,40,3,14,10,1,1,2,50,1,0
21,210070,2,2,1,23,2,10,20,12,2,1,0,21,3,12,881,12881,63,2000,3FDXF75N9YMA,3,F,D,X,F,7,5,N,9,Y,M,A,0,T,FORD,F7S,CC,0,17,,7,2600,1580,COF,D,,,6,439,,,,,00000,00,,42,0,57,01104666,5701104666,3,1,3,1,0,0,0,0,0,0,0,998,0,0,0,12,6,2,12,0,0,0,1,21,40143,6,1,6,0,3,0,70,170,0,0,0,0,0,0,0,0,0,0,0,0,0,0,1,2,55,2,3,2,1,40,3,14,62,8,2,1,51,0,0