STATE,ST_CASE,VEH_NO,VE_FORMS,NUMOCCS,DAY,MONTH,HOUR,MINUTE,HARM_EV,MAN_COLL,UNITTYPE,HIT_RUN,REG_STAT,OWNER,MAKE,MODEL,MAK_MOD,BODY_TYP,MOD_YEAR,VIN,VIN_1,VIN_2,VIN_3,VIN_4,VIN_5,VIN_6,VIN_7,VIN_8,VIN_9,VIN_10,VIN_11,VIN_12,TOW_VEH,VINTYPE,VINMAKE,VINA_MOD,VIN_BT,VINMODYR,VIN_LNGT,VIN_WGT,WGTCD_TR,WHLBS_LG,WHLBS_SH,SER_TR,FUELCODE,MCYCL_DS,CARBUR,CYLINDER,DISPLACE,MCYCL_CY,MCYCL_WT,TIRE_SZE,TON_RAT,TRK_WT,TRKWTVAR,VIN_REST,WHLDRWHL,J_KNIFE,MCARR_I1,MCARR_I2,MCARR_ID,GVWR,V_CONFIG,CARGO_BT,HAZ_INV,HAZ_PLAC,HAZ_ID,HAZ_CNO,HAZ_REL,BUS_USE,SPEC_USE,EMER_USE,TRAV_SP,UNDERIDE,ROLLOVER,ROLINLOC,IMPACT1,DEFORMED,TOWED,M_HARM,VEH_SC1,VEH_SC2,FIRE_EXP,DR_PRES,L_STATE,DR_ZIP,L_STATUS,L_TYPE,CDL_STAT,L_ENDORS,L_COMPL,L_RESTRI,DR_HGT,DR_WGT,PREV_ACC,PREV_SUS,PREV_DWI,PREV_SPD,PREV_OTH,FIRST_MO,FIRST_YR,LAST_MO,LAST_YR,SPEEDREL,DR_SF1,DR_SF2,DR_SF3,DR_SF4,VTRAFWAY,VNUM_LAN,VSPD_LIM,VALIGN,VPROFILE,VPAVETYP,VSURCOND,VTRAFCON,VTCONT_F,P_CRASH1,P_CRASH2,P_CRASH3,PCRASH4,PCRASH5,ACC_TYPE,DEATHS,DR_DRINK
21,210071,1,1,1,23,2,20,0,8,0,1,0,21,2,49,32,49032,4,2000,2T1BR12E4YC2,2,T,1,B,R,1,2,E,4,Y,C,2,0,P,TOYT,UVL,4D,0,17,2403,,0,970,,G,,F,4,109,,,14R175,,,,,,0,0,000000000,00000000000,0,0,0,1,0,0,0,0,0,0,0,998,0,0,0,12,2,3,8,0,0,0,1,21,41256,6,1,0,0,3,0,71,200,0,0,0,0,0,0,0,0,0,0,0,0,0,0,1,4,55,1,1,2,1,0,0,1,80,1,1,1,13,0,0
21,210072,1,2,2,22,2,17,18,12,2,1,0,21,1,7,442,7442,20,2006,2D4GP44L36R6,2,D,4,G,P,4,4,L,3,6,R,6,0,T,DODG,GSX,ES,6,17,,1,0,1193,CAR,G,,,6,230,,,,,4252,00,E,42,0,0,000000000,00000000000,0,0,0,1,0,0,0,0,0,0,0,998,0,0,0,12,6,2,12,0,0,0,1,21,42721,6,1,0,0,3,1,68,170,0,0,0,0,0,0,0,0,0,0,0,0,0,0,1,2,55,3,2,2,6,0,0,14,5,1,1,2,50,1,0
21,210072,2,2,3,22,2,17,18,12,2,1,0,21,1,20,481,20481,31,2001,1GCEK19T01E1,1,G,C,E,K,1,9,T,0,1,E,1,0,T,CHEV,SK1,4C,1,17,,2,1575,1435,SIL,G,,,8,325,,,,B,4776,00,,44,0,0,000000000,00000000000,0,0,0,1,0,0,0,0,0,0,0,998,0,0,0,12,6,2,12,0,0,0,1,21,42762,6,1,0,0,3,0,71,220,0,0,0,0,0,0,0,0,0,0,0,0,0,0,1,2,55,4,2,2,2,0,0,14,62,1,1,1,51,0,0
21,210073,1,1,1,2,2,13,19,42,0,1,0,21,1,12,13,12013,4,1998,1FAFP10P6WW1,1,F,A,F,P,1,0,P,6,W,W,1,0,P,FORD,LXE,4D,98,17,2457,,0,984,,G,,F,4,122,,,14R185,,,,,,0,0,000000000,00000000000,0,0,0,1,0,0,0,0,0,0,0,52,0,0,0,12,6,2,42,0,0,0,1,21,42171,6,1,0,0,3,0,68,180,0,0,0,0,0,0,0,0,0,0,58,0,0,0,1,2,55,3,1,2,1,0,0,14,11,6,4,4,2,1,0
21,210074,1,1,1,24,2,3,40,35,0,1,0,21,1,20,16,20016,4,1999,1G1JF524XX72,1,G,1,J,F,5,2,4,X,X,7,2,0,P,CHEV,CAS,4D,99,17,2644,,0,1041,,G,,F,4,133,,,15R195,,,,,,0,0,000000000,00000000000,0,0,0,1,0,0,0,0,0,0,0,998,0,1,5,81,6,2,35,0,0,0,1,21,42701,6,1,0,0,3,0,70,120,0,0,0,0,0,0,0,0,0,1,58,87,0,0,1,2,35,3,2,2,2,40,3,14,6,1,9,4,7,1,0
21,210075,1,1,4,25,2,8,20,14,0,1,0,4,3,12,881,12881,60,2011,1FDXE4FS9BDA,1,F,D,X,E,4,F,S,9,B,D,A,0,T,FORD,4DC,YY,11,17,,4,1760,1580,CTV,G,,,10,415,,,,D,5613,00,E,42,0,77,777777777,77777777777,2,1,28,1,0,0,0,0,0,0,0,998,0,0,0,12,4,3,8,0,0,0,1,21,38024,6,1,0,0,3,0,68,180,1,0,0,0,0,11,2009,11,2009,0,6,91,0,0,2,2,70,1,2,2,1,0,0,1,11,1,1,4,11,0,0
21,210076,1,1,1,25,2,19,42,1,0,1,0,21,1,20,481,20481,31,2003,1GCEK14V23E3,1,G,C,E,K,1,4,V,2,3,E,3,0,T,CHEV,SK1,PK,3,17,,2,1330,1190,SIL,G,,,8,293,,,,B,4676,01,,44,0,0,000000000,00000000000,0,0,0,1,0,0,0,0,0,0,0,998,0,2,1,0,6,2,1,0,0,0,1,21,41164,6,1,0,0,3,0,65,125,0,0,0,0,0,0,0,0,0,0,0,0,0,0,2,2,70,1,1,2,1,0,0,1,12,3,2,6,98,1,0
21,210077,1,2,2,25,2,19,19,12,2,1,0,21,3,24,1,24001,4,1998,1G8ZJ5275WZ2,1,G,8,Z,J,5,2,7,5,W,Z,2,0,P,STRN,SL2,4D,98,17,0,,0,1024,,G,,F,4,116,,,15R185,,,,,,0,0,000000000,00000000000,0,0,0,1,0,0,0,0,0,0,0,998,0,0,0,12,6,2,12,0,0,0,1,21,40962,3,1,0,0,2,0,67,140,1,0,0,0,0,2,2011,2,2011,0,0,0,0,0,1,2,55,1,2,2,1,0,0,1,10,1,1,2,50,1,0
21,210077,2,2,2,25,2,19,19,12,2,1,0,21,2,22,16,22016,2,2000,1G2JB1249Y72,1,G,2,J,B,1,2,4,9,Y,7,2,0,P,PONT,SFS,CP,0,17,2606,,0,1041,,G,,F,4,133,,,14R195,,,,,,0,0,000000000,00000000000,0,0,0,1,0,0,0,0,0,0,0,998,0,0,0,12,6,2,12,0,0,0,1,21,40962,1,1,0,0,2,0,76,303,2,0,0,0,1,7,2009,9,2011,0,0,0,0,0,1,2,55,1,2,2,1,0,0,1,62,1,1,2,51,0,0
21,210078,1,2,1,27,2,10,55,12,2,1,0,21,2,37,31,37031,2,1993,JHMEH6261PS0,J,H,M,E,H,6,2,6,1,P,S,0,0,P,HOND,DSI,CP,93,17,2396,,0,933,,G,,F,4,097,,,14R185,,,,,,0,0,000000000,00000000000,0,0,0,1,0,0,0,0,0,0,0,998,1,0,0,12,6,2,12,0,0,0,1,21,41745,6,1,0,0,3,0,70,180,0,0,0,0,0,0,0,0,0,0,28,0,0,0,1,2,55,2,1,2,1,0,0,14,10,1,1,2,50,1,0
21,210078,2,2,1,27,2,10,55,12,2,1,0,21,3,12,881,12881,63,2004,3FRXF75E04V6,3,F,R,X,F,7,5,E,0,4,V,6,0,T,FORD,F77,CC,4,17,,7,0,0,COF,D,,,6,359,,,,,00000,00,,42,0,77,777777777,77777777777,3,1,4,1,0,0,0,0,0,0,0,998,7,0,0,12,6,2,12,0,0,0,1,21,41377,6,1,0,0,3,0,72,205,1,0,0,0,0,10,2011,10,2011,0,0,0,0,0,1,2,55,3,1,2,1,0,0,14,62,9,1,1,51,0,0
21,210079,1,1,3,27,2,16,4,8,0,1,0,21,3,12,461,12461,21,2002,1FDSE35F72HB,1,F,D,S,E,3,5,F,7,2,H,B,0,T,FORD,3DC,YY,2,17,,2,1760,1380,CTV,D,,,8,444,,,,,00000,00,E,42,0,0,000000000,00000000000,0,0,0,1,0,0,0,0,0,0,0,998,0,0,0,12,2,3,8,0,0,0,1,21,41314,6,1,0,0,3,0,64,230,0,0,0,0,0,0,0,0,0,0,0,0,0,0,1,2,55,4,2,2,1,0,0,14,80,98,1,1,13,0,0
21,210080,1,1,1,24,2,4,20,43,0,1,0,21,1,20,37,20037,4,2006,1G1ZS51856F2,1,G,1,Z,S,5,1,8,5,6,F,2,0,P,CHEV,M/L,4D,6,17,3296,,0,1063,,G,,F,6,214,,,15R205,,,,,,0,0,000000000,00000000000,0,0,0,1,0,0,0,0,0,0,0,45,0,1,5,12,6,2,35,0,0,0,1,21,40108,6,1,0,0,3,1,69,176,0,0,0,0,0,0,0,0,0,0,0,0,0,0,1,4,35,4,1,2,1,0,0,14,13,1,1,4,1,1,0
21,210081,1,1,2,28,2,6,0,59,0,1,0,21,2,21,22,21022,4,2001,1G3GS64C2141,1,G,3,G,S,6,4,C,2,1,4,1,0,P,OLDS,AU4,4D,1,17,3803,,0,1122,,G,,F,8,244,,,17R235,,,,,,0,0,000000000,00000000000,0,0,0,1,0,0,0,0,0,0,0,998,0,1,5,98,6,2,1,0,0,0,1,21,42003,1,1,0,0,2,0,65,140,1,3,1,0,1,6,2009,1,2011,1,0,0,0,0,1,2,55,4,1,2,1,98,3,14,13,1,1,4,1,1,1
21,210082,1,3,3,27,2,15,15,12,6,1,0,21,1,23,471,23471,30,1999,1GKDT13W2X25,1,G,K,D,T,1,3,W,2,X,2,5,0,T,GMC,JMY,4W,99,17,,1,0,1070,JMY,G,,,6,262,,,,B,4049,00,E,44,0,0,000000000,00000000000,0,0,0,1,0,0,0,0,0,0,0,998,0,0,0,83,6,2,12,0,0,0,1,21,40228,6,1,0,0,3,0,67,190,0,0,0,0,0,0,0,0,0,0,38,0,0,0,1,2,98,1,1,2,1,20,3,4,17,1,1,1,87,1,0
21,210082,2,3,1,27,2,15,15,12,6,1,0,21,1,87,881,87881,66,1993,1XPCDR9X4PD3,1,X,P,C,D,R,9,X,4,P,D,3,0,T,PTRB,377,TR,93,17,,8,2750,1310,CON,D,,,6,774,,,,,00000,00,,64,0,57,01520165,5701520165,3,2,8,1,0,0,0,0,0,0,0,998,0,0,0,12,6,2,12,0,0,0,1,21,42701,6,1,6,0,3,0,69,196,0,0,0,0,0,0,0,0,0,0,0,0,0,0,1,2,55,1,1,2,1,4,3,1,66,1,1,1,86,0,0
21,210082,3,3,1,27,2,15,15,12,6,1,0,21,2,7,24,7024,4,2006,2B3LA53H66H3,2,B,3,L,A,5,3,H,6,6,H,3,0,P,DODG,CHR,4D,6,17,3995,,0,1200,,G,,F,8,348,,,18R225,,,,,,0,0,000000000,00000000000,0,0,0,1,0,0,0,0,0,0,0,0,0,0,0,12,2,1,54,0,0,0,1,21,42784,6,1,1,0,3,0,66,133,0,2,0,1,0,8,2009,3,2011,0,0,0,0,0,1,2,98,1,1,2,1,0,0,5,91,98,1,1,98,0,0
21,210083,1,1,1,29,2,20,10,34,0,1,0,21,1,2,404,2404,14,1995,1J4FJ68S0SL6,1,J,4,F,J,6,8,S,0,S,L,6,0,T,JEEP,SPT,4W,95,17,,1,0,1014,CHK,G,,,6,242,,,,,2998,00,M,44,0,0,000000000,00000000000,0,0,0,1,0,0,0,0,0,0,0,998,0,1,5,98,6,2,34,0,0,0,1,21,41129,6,1,0,0,3,0,70,165,0,0,0,0,0,0,0,0,0,0,0,0,0,0,1,2,55,4,1,2,2,0,0,14,13,1,1,4,1,1,1
21,210084,1,2,1,4,2,16,0,12,2,1,0,21,2,20,16,20016,2,2003,1G1JC12F5372,1,G,1,J,C,1,2,F,5,3,7,2,0,P,CHEV,CAV,CP,3,17,2617,,0,1041,,G,,F,4,134,,,14R195,,,,,,0,0,000000000,00000000000,0,0,0,1,0,0,0,0,0,0,0,998,0,0,0,12,6,2,12,0,0,0,1,21,40504,6,1,0,0,3,1,73,290,0,0,0,0,1,4,2010,4,2010,0,0,0,0,0,1,2,55,1,1,2,2,0,0,1,10,98,1,2,50,1,0
21,210084,2,2,2,4,2,16,0,12,2,1,0,21,1,12,3,12003,2,1995,1FALP4045SF1,1,F,A,L,P,4,0,4,5,S,F,1,0,P,FORD,MUS,CP,95,17,3077,,0,1013,,G,,F,6,232,,,15R205,,,,,,0,0,000000000,00000000000,0,0,0,1,0,0,0,0,0,0,0,998,0,0,0,12,6,2,12,0,0,0,1,21,40361,6,1,0,0,3,1,63,107,0,0,0,0,0,0,0,0,0,0,0,0,0,0,1,2,55,1,1,2,2,0,0,1,62,98,1,1,51,0,0
21,210085,1,1,1,22,2,9,50,32,0,1,0,21,2,49,49,49049,6,2005,JTLKT3249501,J,T,L,K,T,3,2,4,9,5,0,1,0,P,TOYT,SXB,UT,5,17,2395,,0,984,,G,,F,4,092,,,15R185,,,,,,0,0,000000000,00000000000,0,0,0,1,0,0,0,0,0,0,0,62,0,1,5,12,6,2,32,0,0,0,1,21,40962,6,1,0,0,3,0,60,97,1,0,0,0,0,5,2010,5,2010,1,58,87,0,0,1,2,55,4,1,2,2,40,3,14,12,98,9,4,2,1,0
21,210086,1,2,1,29,2,9,7,12,1,1,0,21,1,12,17,12017,4,1999,1FAFP53S7XA2,1,F,A,F,P,5,3,S,7,X,A,2,0,P,FORD,SCS,4D,99,17,3353,,0,1085,,G,,F,6,182,,,15R205,,,,,,0,0,000000000,00000000000,0,0,0,1,0,0,0,0,0,0,0,57,0,0,0,6,6,2,12,0,0,0,1,21,40208,6,1,0,0,3,0,76,220,1,0,0,1,0,3,2010,10,2010,1,87,0,0,0,2,4,55,1,1,2,2,0,0,1,6,1,9,6,98,1,0
21,210086,2,2,1,29,2,9,7,12,1,1,0,21,1,12,3,12003,2,2004,1FAFP42X54F1,1,F,A,F,P,4,2,X,5,4,F,1,0,P,FORD,MGT,CP,4,17,3114,,0,1013,,G,,F,8,281,,,17R245,,,,,,0,0,000000000,00000000000,0,0,0,1,0,0,0,0,0,0,0,57,0,0,0,12,6,2,12,0,0,0,1,21,40013,6,1,0,0,3,1,71,185,0,0,0,0,0,0,0,0,0,0,87,0,0,0,2,4,55,1,1,2,2,0,0,1,62,2,1,1,98,0,0
21,210087,1,1,2,22,2,1,30,32,0,1,0,21,1,12,471,12471,30,1998,1FTYR11X1WTA,1,F,T,Y,R,1,1,X,1,W,T,A,0,T,FORD,RNG,PK,98,17,,1,1176,1116,RNG,G,,,6,245,,,,B,3437,01,E,44,0,0,000000000,00000000000,0,0,0,1,0,0,0,0,0,0,0,998,0,1,5,81,6,2,3,0,0,0,1,21,41465,6,1,0,0,3,0,72,140,0,0,0,0,0,0,0,0,0,0,87,0,0,0,1,2,55,4,6,2,2,0,0,14,5,3,9,4,7,1,0
21,210088,1,1,1,8,2,18,52,8,0,1,0,21,1,2,404,2404,14,1992,1J4FJ58S5NL1,1,J,4,F,J,5,8,S,5,N,L,1,0,T,JEEP,LAR,4W,92,17,,1,0,1014,CHK,G,,,6,242,,,,,00000,00,A,44,0,0,000000000,00000000000,0,0,0,1,0,0,0,0,0,0,0,998,0,0,0,12,2,1,8,0,0,0,1,21,40906,6,1,0,0,3,0,65,160,0,0,0,0,0,0,0,0,0,0,0,0,0,0,1,2,35,1,1,2,1,0,0,1,80,2,1,1,13,0,0
21,210089,1,1,1,27,2,15,53,1,0,1,0,40,3,72,706,72706,80,2009,1HD1FC4149Y6,1,H,D,1,F,C,4,1,4,9,Y,6,0,M,HD,FLU,RS,9,17,,,,,,,1584,,2,,4,889,,,,,,,0,0,000000000,00000000000,0,0,0,1,0,0,0,0,0,0,0,52,0,0,0,0,6,2,1,0,0,0,1,21,40229,6,1,6,0,3,0,73,200,0,0,0,0,0,0,0,0,0,0,82,0,0,0,1,2,55,3,1,2,1,20,3,14,5,1,2,4,2,1,0
21,210090,1,1,1,14,2,14,51,42,0,1,0,21,1,12,471,12471,30,2001,1FTYR14U51TA,1,F,T,Y,R,1,4,U,5,1,T,A,0,T,FORD,RNS,PC,1,17,,1,0,1257,RNG,G,,,6,182,,,,B,3271,00,U,42,0,0,000000000,00000000000,0,0,0,1,0,0,0,0,0,0,0,998,0,0,0,61,6,2,42,0,0,0,1,21,40051,6,1,0,0,3,1,71,150,0,0,0,0,0,0,0,0,0,0,0,0,0,0,1,2,55,4,1,2,2,40,3,14,12,1,1,4,6,1,0
21,210091,1,1,1,19,2,3,22,32,0,1,0,21,1,20,401,20401,14,2001,1GNDT13W1121,1,G,N,D,T,1,3,W,1,1,2,1,0,P,CHEV,BZR,UT,1,17,4133,,0,1070,,G,,F,6,262,,,15R235,,,,,,0,0,000000000,00000000000,0,0,0,1,0,0,0,0,0,0,0,65,0,0,0,12,6,2,32,0,0,0,1,21,40330,6,1,0,0,3,1,72,210,0,0,0,0,0,0,0,0,0,0,0,0,0,0,2,2,55,1,1,2,1,0,0,1,12,1,1,4,6,1,1
21,210092,1,2,1,24,2,5,42,12,2,1,0,21,2,37,31,37031,4,1997,1HGEJ6529VL0,1,H,G,E,J,6,5,2,9,V,L,0,0,P,HOND,UCD,4D,97,17,2256,,0,1032,,G,,F,4,097,,,14R185,,,,,,0,0,000000000,00000000000,0,0,0,1,0,0,0,0,0,0,0,998,0,0,0,12,6,2,12,0,0,0,1,21,41002,6,1,0,0,3,0,72,170,0,0,0,1,2,7,2009,2,2010,0,0,0,0,0,1,2,55,1,2,2,1,0,0,1,10,3,2,2,50,1,0
21,210092,2,2,1,24,2,5,42,12,2,1,0,21,2,18,401,18401,14,2003,3G5DB03E63S5,3,G,5,D,B,0,3,E,6,3,S,5,0,P,BUIC,RZV,UT,3,17,4024,,0,1122,,G,,F,6,204,,,16R215,,,,,,0,0,000000000,00000000000,0,0,0,1,0,0,0,0,0,0,0,998,0,0,0,12,6,2,12,0,0,0,1,21,41065,6,1,0,0,3,0,63,110,0,0,0,0,0,0,0,0,0,0,0,0,0,0,1,2,55,1,2,2,1,0,0,1,62,98,2,1,51,0,0
21,210093,1,2,1,7,1,17,50,12,6,1,0,21,1,22,20,22020,4,2003,1G2WK52J03F1,1,G,2,W,K,5,2,J,0,3,F,1,0,P,PONT,GFS,4D,3,17,3384,,0,1105,,G,,F,6,191,,,15R205,,,,,,0,0,000000000,00000000000,0,0,0,1,0,0,0,0,0,0,0,998,0,0,0,83,6,2,12,0,0,0,1,21,41762,6,1,0,0,3,0,71,168,0,0,0,0,0,0,0,0,0,0,38,0,0,0,2,2,55,1,1,2,1,3,3,11,15,1,1,2,68,0,0
21,210093,2,2,1,7,1,17,50,12,6,1,0,18,2,72,706,72706,80,2003,1HD4CEM103K4,1,H,D,4,C,E,M,1,0,3,K,4,0,M,HD,L8H,RS,3,17,,,,,,,883,,2,,4,489,,,,,,,0,0,000000000,00000000000,0,0,0,1,0,0,0,0,0,0,0,998,0,0,0,12,6,2,12,0,0,0,1,21,40741,6,1,0,0,3,0,66,156,0,0,0,0,1,10,2011,10,2011,0,0,0,0,0,2,2,55,1,1,2,1,3,3,1,66,1,1,1,69,1,0
21,210094,1,1,1,4,2,2,11,25,0,1,0,21,1,72,709,72709,80,1958,58FL1892,5,8,F,L,1,8,9,2,,,,,0,M,HD,,,58,8,,,,,,,,,,,,,,,,,,,0,0,000000000,00000000000,0,0,0,1,0,0,0,0,0,0,0,42,0,0,0,61,6,2,25,0,0,0,1,21,41031,6,1,0,0,3,0,69,190,1,0,0,1,0,6,2010,8,2011,1,0,0,0,0,3,1,25,4,2,2,1,0,0,14,12,1,1,4,6,1,1
21,210095,1,1,1,20,1,5,31,1,0,1,0,21,1,37,421,37421,15,2003,2HKYF18483H5,2,H,K,Y,F,1,8,4,8,3,H,5,0,P,HOND,PIL,UT,3,17,4439,,0,1063,,G,,F,6,212,,,16R235,,,,,,0,0,000000000,00000000000,0,0,0,1,0,0,0,0,0,0,0,998,0,2,1,0,6,2,1,0,0,0,1,21,42240,6,1,0,0,3,0,74,250,0,0,0,0,0,0,0,0,0,9,6,26,85,0,2,2,70,1,1,2,1,0,0,15,60,7,1,6,98,1,0
21,210096,1,1,1,27,1,6,3,39,0,1,0,39,1,41,45,41045,1,2006,JM1NC25F0601,J,M,1,N,C,2,5,F,0,6,0,1,0,P,MAZD,MIA,CV,6,17,2441,,0,892,,G,,F,4,122,,,16R205,,,,,,0,0,000000000,00000000000,0,0,0,1,0,0,0,0,0,0,0,60,0,1,5,12,6,2,39,0,0,0,1,39,45662,6,1,6,0,3,1,69,200,0,0,0,1,0,8,2010,8,2010,0,0,0,0,0,5,2,55,1,2,2,1,20,3,1,14,8,2,4,14,1,0
21,210097,1,2,1,4,2,13,50,12,6,1,0,21,2,12,473,12473,30,2001,1FMZU77E71UC,1,F,M,Z,U,7,7,E,7,1,U,C,0,P,FORD,EPR,UT,1,17,4332,,0,1259,,G,,F,6,245,,,15R235,,,,,,0,0,000000000,00000000000,0,0,0,1,0,0,0,0,0,0,0,998,0,0,0,82,6,2,12,0,0,0,1,21,41826,3,1,0,0,2,0,65,126,1,0,0,0,0,3,2009,3,2009,0,28,87,0,0,1,2,55,3,2,2,2,97,8,14,5,98,4,2,66,1,0
21,210097,2,2,1,4,2,13,50,12,6,1,0,21,2,12,471,12471,30,2005,1FTYR10U65PA,1,F,T,Y,R,1,0,U,6,5,P,A,0,T,FORD,RNG,PK,5,17,,1,1175,1116,RNG,G,,,6,182,,,,B,3010,00,U,42,0,0,000000000,00000000000,0,0,0,1,0,0,0,0,0,0,0,998,0,0,0,12,6,2,12,0,0,0,1,21,41821,6,1,0,0,3,0,70,177,0,0,0,0,0,0,0,0,0,0,0,0,0,0,1,2,55,2,2,2,2,97,8,14,62,2,2,1,66,0,0
21,210098,1,2,1,1,3,16,4,12,2,1,0,21,1,20,2,20002,4,2005,2G1WF52E3591,2,G,1,W,F,5,2,E,3,5,9,1,0,P,CHEV,IMP,4D,5,17,3389,,0,1105,,G,,F,6,207,,,16R225,,,,,,0,0,000000000,00000000000,0,0,0,1,0,0,0,0,0,0,0,998,0,0,0,12,6,2,12,0,0,0,1,21,40962,6,1,0,0,3,0,66,175,0,0,0,0,0,0,0,0,0,0,0,0,0,0,1,2,55,1,1,2,1,0,0,1,10,1,1,2,50,1,0
21,210098,2,2,1,1,3,16,4,12,2,1,0,21,3,98,809,98809,62,2002,2FZAAJAL32AJ,2,F,Z,A,A,J,A,L,3,2,A,J,0,T,STRG,M75,CC,2,17,,6,0,0,STE,D,,,6,439,,,,,00000,00,,42,0,57,01643075,5701643075,2,1,3,1,0,0,0,0,0,0,0,998,0,0,0,12,6,2,12,0,0,0,1,21,42567,6,1,0,0,3,0,72,120,1,0,0,0,0,12,2011,12,2011,0,0,0,0,0,1,2,55,1,1,2,1,0,0,1,62,98,1,1,51,0,0
21,210099,1,1,2,3,3,16,53,42,0,1,0,21,1,12,481,12481,31,2002,1FTSW31F02EB,1,F,T,S,W,3,1,F,0,2,E,B,0,T,FORD,F3S,CW,2,17,,2,1724,1562,SRW,D,,,8,444,,,,D,6228,04,E,44,0,0,000000000,00000000000,0,0,0,1,0,0,0,0,0,0,0,998,0,0,0,61,6,2,42,0,0,0,1,21,40759,6,1,0,0,3,0,72,175,0,0,0,0,0,0,0,0,0,1,58,0,0,0,1,2,55,3,2,2,1,0,0,14,6,3,4,4,7,2,0
21,210100,1,2,2,4,3,18,43,12,2,1,0,21,1,20,2,20002,4,2002,2G1WH55K6291,2,G,1,W,H,5,5,K,6,2,9,1,0,P,CHEV,IPL,4D,2,17,3466,,0,1105,,G,,F,6,231,,,16R225,,,,,,0,0,000000000,00000000000,0,0,0,1,0,0,0,0,0,0,0,53,0,0,0,12,6,2,12,0,0,0,1,21,41862,6,1,0,0,3,1,67,180,1,0,0,0,0,10,2011,10,2011,0,0,0,0,0,1,2,55,3,6,2,1,40,3,14,10,1,1,2,50,1,0
21,210100,2,2,1,4,3,18,43,12,2,1,0,21,1,20,481,20481,31,2007,1GCEK190X7Z6,1,G,C,E,K,1,9,0,X,7,Z,6,0,T,CHEV,SK1,4C,7,17,,2,1575,1339,SIL,F,,,8,323,,,,B,5236,02,,44,0,0,000000000,00000000000,0,0,0,1,0,0,0,0,0,0,0,55,0,0,0,12,6,2,12,0,0,0,1,21,41643,6,1,0,0,3,1,75,230,0,0,0,0,0,0,0,0,0,0,0,0,0,0,1,2,55,2,5,2,1,40,3,14,62,2,2,1,51,0,0
21,210101,1,1,1,4,3,20,15,53,0,1,0,21,1,7,482,7482,31,2008,1D7HU18N48S5,1,D,7,H,U,1,8,N,4,8,S,5,0,T,DODG,SQ1,CW,8,17,,2,1605,1405,RPC,G,,,8,287,,,,B,5201,00,E,44,0,0,000000000,00000000000,0,0,0,1,0,0,0,0,0,0,0,998,0,1,1,12,6,2,1,0,0,0,1,21,40014,6,1,0,0,3,0,68,185,0,0,0,0,0,0,0,0,0,0,0,0,0,0,1,2,55,1,2,2,1,0,0,1,13,1,1,4,1,1,1
21,210102,1,1,2,6,3,0,27,24,0,1,0,21,2,87,881,87881,66,1988,1XPCDB9X4JN2,1,X,P,C,D,B,9,X,4,J,N,2,1,T,PTRB,377,TR,88,17,,8,0,0,CON,D,,,6,893,,,,,00000,00,,64,1,57,02160802,5702160802,3,6,2,1,0,0,0,0,0,0,0,998,0,1,5,62,6,2,1,0,0,0,1,21,42171,6,1,0,0,2,0,67,135,0,0,0,0,0,0,0,0,0,0,0,0,0,0,1,2,55,2,2,2,1,40,3,14,87,8,2,4,7,1,0
21,210103,1,3,1,6,3,15,33,12,1,1,0,4,1,49,472,49472,30,2003,5TEWM72N13Z2,5,T,E,W,M,7,2,N,1,3,Z,2,5,T,TOYT,XTR,PC,3,17,,1,0,1219,TAC,G,,,4,164,,,,B,3457,00,U,44,1,0,000000000,00000000000,0,0,0,1,0,0,0,0,0,0,0,55,0,1,1,12,6,2,12,0,0,0,1,96,0,9,9,99,9,9,9,999,999,99,99,99,99,99,99,9999,99,9999,0,58,88,0,0,3,5,55,1,1,1,1,0,0,15,9,98,7,2,42,0,0
21,210103,2,3,1,6,3,15,33,12,1,1,0,21,1,72,706,72706,80,2004,1HD1GMW174K3,1,H,D,1,G,M,W,1,7,4,K,3,0,M,HD,FDI,RS,4,17,,,,,,,1450,,2,,4,622,,,,,,,0,0,000000000,00000000000,0,0,0,1,0,0,0,0,0,0,0,53,0,0,0,6,6,2,12,0,0,0,1,21,40229,6,1,0,0,3,1,72,195,0,0,0,0,0,0,0,0,0,0,0,0,0,0,3,5,55,1,1,1,1,0,0,1,53,1,1,1,42,1,0
21,210103,3,3,1,6,3,15,33,12,1,1,0,1,3,82,881,82881,66,2001,1FUJBBCG71LJ,1,F,U,J,B,B,C,G,7,1,L,J,1,T,FRHT,ST2,TR,1,17,,8,0,0,CON,D,,,6,774,,,,,00000,00,,64,1,57,00282721,5700282721,3,6,3,1,0,0,0,0,0,0,0,58,0,0,0,81,4,1,12,0,0,0,1,1,36251,6,1,6,0,3,1,65,150,0,0,0,0,0,0,0,0,0,0,0,0,0,0,3,5,55,1,1,1,1,0,0,1,59,1,1,1,98,0,0
21,210104,1,2,3,6,3,16,58,12,6,1,0,21,2,12,481,12481,31,2004,1FTNW21P04EB,1,F,T,N,W,2,1,P,0,4,E,B,1,T,FORD,F2S,CW,4,17,,2,1724,1562,SRW,D,,,8,366,,,,C,6234,00,E,44,1,0,000000000,00000000000,0,0,0,1,0,0,0,0,0,0,0,998,0,1,1,62,6,2,12,0,0,0,1,21,42079,6,1,0,0,3,0,67,142,2,0,0,0,0,8,2009,9,2010,0,48,0,0,0,3,2,70,1,2,2,1,0,0,15,10,1,1,2,47,1,0