STATE,ST_CASE,VEH_NO,VE_FORMS,NUMOCCS,DAY,MONTH,HOUR,MINUTE,HARM_EV,MAN_COLL,UNITTYPE,HIT_RUN,REG_STAT,OWNER,MAKE,MODEL,MAK_MOD,BODY_TYP,MOD_YEAR,VIN,VIN_1,VIN_2,VIN_3,VIN_4,VIN_5,VIN_6,VIN_7,VIN_8,VIN_9,VIN_10,VIN_11,VIN_12,TOW_VEH,VINTYPE,VINMAKE,VINA_MOD,VIN_BT,VINMODYR,VIN_LNGT,VIN_WGT,WGTCD_TR,WHLBS_LG,WHLBS_SH,SER_TR,FUELCODE,MCYCL_DS,CARBUR,CYLINDER,DISPLACE,MCYCL_CY,MCYCL_WT,TIRE_SZE,TON_RAT,TRK_WT,TRKWTVAR,VIN_REST,WHLDRWHL,J_KNIFE,MCARR_I1,MCARR_I2,MCARR_ID,GVWR,V_CONFIG,CARGO_BT,HAZ_INV,HAZ_PLAC,HAZ_ID,HAZ_CNO,HAZ_REL,BUS_USE,SPEC_USE,EMER_USE,TRAV_SP,UNDERIDE,ROLLOVER,ROLINLOC,IMPACT1,DEFORMED,TOWED,M_HARM,VEH_SC1,VEH_SC2,FIRE_EXP,DR_PRES,L_STATE,DR_ZIP,L_STATUS,L_TYPE,CDL_STAT,L_ENDORS,L_COMPL,L_RESTRI,DR_HGT,DR_WGT,PREV_ACC,PREV_SUS,PREV_DWI,PREV_SPD,PREV_OTH,FIRST_MO,FIRST_YR,LAST_MO,LAST_YR,SPEEDREL,DR_SF1,DR_SF2,DR_SF3,DR_SF4,VTRAFWAY,VNUM_LAN,VSPD_LIM,VALIGN,VPROFILE,VPAVETYP,VSURCOND,VTRAFCON,VTCONT_F,P_CRASH1,P_CRASH2,P_CRASH3,PCRASH4,PCRASH5,ACC_TYPE,DEATHS,DR_DRINK
21,210236,3,5,1,16,5,15,20,12,1,1,0,47,3,12,461,12461,21,2009,1FBNE31L29DA,1,F,B,N,E,3,1,L,2,9,D,A,0,P,FORD,ECO,SV,9,17,6397,,0,1380,,G,,F,8,330,,,16R245,,,,,,0,0,000000000,00000000000,0,0,0,1,0,0,0,0,0,0,0,3,0,0,0,6,6,2,12,0,0,0,1,47,37771,6,1,0,0,3,1,74,285,0,0,0,0,0,0,0,0,0,0,0,0,0,0,2,4,70,1,2,2,1,28,3,2,53,1,1,1,98,0,0
21,210236,4,5,5,16,5,15,20,12,1,1,0,17,2,82,881,82881,63,2005,1FVHF0CV85LU,1,F,V,H,F,0,C,V,8,5,L,U,1,T,FRHT,112,CC,5,17,,8,0,0,COL,D,,,6,782,,,,,00000,00,,64,1,77,777777777,77777777777,3,4,97,1,0,0,0,0,0,0,0,3,0,0,0,83,6,2,12,0,0,1,1,17,61024,6,1,0,0,3,0,70,210,0,0,0,0,0,0,0,0,0,0,0,0,0,0,2,4,70,1,1,2,1,0,0,2,53,1,1,1,98,0,0
21,210236,5,5,1,16,5,15,20,12,1,1,0,38,3,87,881,87881,66,2007,1XP7DU9X67D6,1,X,P,7,D,U,9,X,6,7,D,6,1,T,PTRB,387,TR,7,17,,8,0,0,CON,D,,,6,763,,,,,00000,00,,64,1,57,00184416,5700184416,3,6,1,1,0,0,0,0,0,0,0,3,0,0,0,83,2,1,12,0,0,0,1,37,28677,6,1,6,0,3,1,72,999,0,0,0,0,2,9,2011,12,2011,0,0,0,0,0,2,4,70,1,1,2,1,28,3,2,53,1,1,1,98,0,0
21,210237,1,1,1,8,5,6,14,35,0,1,0,21,1,12,17,12017,4,2000,1FAFP552XYG2,1,F,A,F,P,5,5,2,X,Y,G,2,0,P,FORD,TSS,4D,0,17,3333,,0,1085,,F,,F,6,182,,,16R215,,,,,,0,0,000000000,00000000000,0,0,0,1,0,0,0,0,0,0,0,998,0,2,5,61,6,2,1,0,0,0,1,21,42754,1,1,0,0,2,0,60,135,2,1,0,1,0,6,2010,10,2011,0,58,0,0,0,1,2,55,2,1,2,2,28,3,14,8,7,4,4,2,1,0
21,210238,1,2,3,6,5,11,3,12,7,1,0,21,1,12,401,12401,14,1994,1FMDU34X1RUE,1,F,M,D,U,3,4,X,1,R,U,E,1,P,FORD,EPR,UT,94,17,4053,,0,1120,,G,,F,6,245,,,15R225,,,,,,1,0,000000000,00000000000,0,0,0,1,0,0,0,0,0,0,0,998,0,0,0,62,2,1,12,0,0,0,1,21,40380,6,1,0,0,3,0,69,135,0,0,0,0,0,0,0,0,0,0,0,0,0,0,1,2,55,2,2,2,1,0,0,2,60,1,1,1,48,0,0
21,210238,2,2,3,6,5,11,3,12,7,1,0,21,2,14,17,14017,4,2005,1MEFM55S25A6,1,M,E,F,M,5,5,S,2,5,A,6,0,P,MERC,SLP,4D,5,17,3369,,0,1085,,G,,F,6,183,,,16R215,,,,,,0,0,000000000,00000000000,0,0,0,1,0,0,0,0,0,0,0,998,0,1,5,82,6,2,30,0,0,0,1,21,40337,6,1,0,0,3,1,71,155,0,0,0,0,0,0,0,0,0,0,0,0,0,0,1,2,55,2,2,2,1,0,0,6,9,1,9,2,48,1,0
21,210239,1,2,1,7,5,10,2,12,6,1,0,21,1,12,17,12017,4,2005,1FAFP53UX5A1,1,F,A,F,P,5,3,U,X,5,A,1,0,P,FORD,TSE,4D,5,17,3306,,0,1085,,G,,F,6,182,,,16R215,,,,,,0,0,000000000,00000000000,0,0,0,1,0,0,0,0,0,0,0,5,0,0,0,61,6,2,12,0,0,0,1,21,40004,6,1,0,0,3,0,72,160,0,0,0,0,0,0,0,0,0,0,0,0,0,0,1,4,35,1,1,2,1,0,0,16,55,3,2,7,89,1,0
21,210239,2,2,1,7,5,10,2,12,6,1,0,21,1,20,37,20037,4,2004,1G1ND52F04M5,1,G,1,N,D,5,2,F,0,4,M,5,0,P,CHEV,CLA,4D,4,17,3106,,0,1070,,G,,F,4,134,,,15R215,,,,,,0,0,000000000,00000000000,0,0,0,1,0,0,0,0,0,0,0,35,0,0,0,12,6,2,12,0,0,0,1,21,40004,6,1,0,0,3,1,60,128,0,0,0,0,0,0,0,0,0,0,0,0,0,0,1,4,35,1,1,2,1,0,0,1,71,3,2,1,88,0,0
21,210240,1,1,4,19,5,0,45,1,0,1,0,18,1,14,401,14401,14,2000,4M2ZU86P9YUJ,4,M,2,Z,U,8,6,P,9,Y,U,J,0,P,MERC,MOU,UT,0,17,4250,,0,1116,,G,,F,8,302,,,15R235,,,,,,0,0,000000000,00000000000,0,0,0,1,0,0,0,0,0,0,0,998,0,2,3,0,6,2,1,0,0,0,1,18,46222,6,1,0,0,3,0,65,160,0,0,0,0,0,0,0,0,0,0,58,0,0,0,2,2,55,1,2,2,1,40,3,16,12,98,1,4,6,3,0
21,210241,1,1,4,19,5,9,10,42,0,1,0,21,3,34,37,34037,4,2005,WBAGN63595DS,W,B,A,G,N,6,3,5,9,5,D,S,0,P,BMW,45L,4D,5,17,4376,,0,1232,,G,,F,8,268,,,18R245,,,,,,0,0,000000000,00000000000,0,0,0,1,0,0,0,0,0,0,0,998,0,0,0,81,6,2,42,0,0,0,1,21,41008,0,0,0,0,0,0,65,145,0,0,0,0,0,0,0,0,0,1,91,0,0,0,1,2,25,3,2,2,1,0,0,14,9,1,4,4,2,1,1
21,210242,1,1,3,19,5,12,32,1,0,1,0,21,1,55,38,55038,4,2001,KMHFU45DX1A0,K,M,H,F,U,4,5,D,X,1,A,0,0,P,HYUN,XG3,4D,1,17,3604,,0,1083,,G,,F,6,181,,,15R195,,,,,,0,0,000000000,00000000000,0,0,0,1,0,0,0,0,0,0,0,998,0,1,5,0,6,2,1,0,0,0,1,21,42206,6,1,0,0,3,0,63,109,0,1,0,1,0,8,2010,4,2012,0,58,0,0,0,1,2,45,1,3,2,1,0,0,1,12,98,1,4,6,1,0
21,210243,1,1,2,19,5,21,44,15,0,1,0,21,1,12,37,12037,4,2010,1FAHP3HN5AW2,1,F,A,H,P,3,H,N,5,A,W,2,0,P,FORD,FCL,4D,10,17,2623,,0,1029,,G,,F,4,122,,,16R205,,,,,,0,0,000000000,00000000000,0,0,0,1,0,0,0,0,0,0,0,998,0,0,0,12,4,3,15,0,0,0,1,21,40216,6,1,0,0,3,0,67,120,0,0,0,0,0,0,0,0,0,0,0,0,0,0,5,4,40,1,1,2,1,0,0,1,80,2,1,1,13,0,0
21,210244,1,1,2,20,5,0,16,35,0,1,0,21,2,20,16,20016,2,2000,1G1JC1245Y71,1,G,1,J,C,1,2,4,5,Y,7,1,0,P,CHEV,CAV,CP,0,17,2617,,0,1041,,G,,F,4,133,,,14R195,,,,,,0,0,000000000,00000000000,0,0,0,1,0,0,0,0,0,0,0,55,0,1,5,98,6,2,1,0,0,0,1,21,42003,6,1,0,0,3,0,74,185,0,0,0,0,0,0,0,0,0,0,0,0,0,0,1,2,45,1,3,2,1,0,0,1,13,1,1,4,1,2,1
21,210245,1,1,3,20,5,17,3,35,0,1,0,21,1,20,401,20401,14,2001,1GNCT18W21K1,1,G,N,C,T,1,8,W,2,1,K,1,0,P,CHEV,BZR,UT,1,17,3971,,0,1005,,G,,F,6,262,,,15R235,,,,,,0,0,000000000,00000000000,0,0,0,1,0,0,0,0,0,0,0,998,0,0,0,12,6,2,35,0,0,0,1,21,41168,1,1,0,0,2,0,70,140,0,1,1,0,1,9,2011,9,2011,1,0,0,0,0,1,2,55,2,2,2,1,40,3,14,6,7,2,4,2,1,1
21,210246,1,2,1,21,5,17,22,12,2,1,0,21,1,22,18,22018,4,2000,1G2NW52E8YM7,1,G,2,N,W,5,2,E,8,Y,M,7,0,P,PONT,GAG,4D,0,17,3168,,0,1070,,G,,F,6,207,,,16R225,,,,,,0,0,000000000,00000000000,0,0,0,1,0,0,0,0,0,0,0,998,0,0,0,12,6,2,12,0,0,0,1,21,40935,6,1,0,0,3,0,62,110,0,0,0,0,0,0,0,0,0,0,28,0,0,0,1,2,55,1,1,2,2,0,0,1,10,1,1,2,50,0,1
21,210246,2,2,4,21,5,17,22,12,2,1,0,21,1,52,34,52034,4,2008,4A3AB26F18E0,4,A,3,A,B,2,6,F,1,8,E,0,0,P,MITS,UGD,4D,8,17,3428,,0,1083,,G,,F,4,145,,,16R215,,,,,,0,0,000000000,00000000000,0,0,0,1,0,0,0,0,0,0,0,998,0,0,0,12,6,2,12,0,0,0,1,21,40943,6,1,0,0,3,0,62,150,0,0,0,0,0,0,0,0,0,0,0,0,0,0,1,2,55,1,1,2,2,0,0,1,62,7,1,1,51,1,0
21,210247,1,1,1,15,5,8,15,43,0,1,0,21,1,7,402,7402,14,2002,1B4HS48NX2F1,1,B,4,H,S,4,8,N,X,2,F,1,0,P,DODG,DUR,UT,2,17,4595,,0,1160,,G,,F,8,287,,,16R215,,,,,,0,0,000000000,00000000000,0,0,0,1,0,0,0,0,0,0,0,998,0,0,0,12,6,2,19,0,0,0,1,21,41018,6,1,0,0,3,1,69,236,0,0,0,0,0,0,0,0,0,0,0,0,0,0,1,2,25,1,2,2,1,2,3,11,13,1,1,4,1,1,0
21,210248,1,1,1,4,5,20,28,42,0,1,0,21,2,49,40,49040,4,1998,4T1BG28KXWU1,4,T,1,B,G,2,8,K,X,W,U,1,0,P,TOYT,CXL,4D,98,17,2998,,0,1051,,G,,F,4,132,,,14R195,,,,,,0,0,000000000,00000000000,0,0,0,1,0,0,0,0,0,0,0,998,0,0,0,12,6,2,42,0,0,0,1,21,40374,1,1,0,0,2,0,62,100,0,0,0,0,0,0,0,0,0,0,0,0,0,0,4,1,35,1,1,2,1,0,0,1,12,1,1,4,6,1,0
21,210249,1,1,1,22,5,8,35,34,0,1,0,21,1,22,20,22020,4,2004,2G2WP5224413,2,G,2,W,P,5,2,2,4,4,1,3,0,P,PONT,GPG,4D,4,17,3477,,0,1105,,G,,F,6,231,,,16R225,,,,,,0,0,000000000,00000000000,0,0,0,1,0,0,0,0,0,0,0,998,0,0,0,12,6,2,34,0,0,0,1,21,42633,6,1,0,0,3,0,69,165,0,0,0,0,0,0,0,0,0,0,58,0,0,0,1,2,55,1,1,2,1,0,0,1,13,6,9,4,7,1,0
21,210250,1,1,3,22,5,11,25,35,0,1,0,21,1,20,401,20401,14,2002,1GNCS13WX2K2,1,G,N,C,S,1,3,W,X,2,K,2,0,P,CHEV,BZR,UT,2,17,3718,,0,1070,,G,,F,6,262,,,000000,,,,,,0,0,000000000,00000000000,0,0,0,1,0,0,0,0,0,0,0,998,0,1,5,12,6,2,1,0,0,0,1,21,40104,6,1,0,0,3,0,67,125,0,0,0,0,0,0,0,0,0,0,0,0,0,0,1,2,55,1,2,2,1,0,0,1,13,1,1,4,1,1,0
21,210251,1,1,2,22,5,17,11,35,0,1,0,21,2,53,34,53034,4,2007,KL5JD66Z37K5,K,L,5,J,D,6,6,Z,3,7,K,5,0,P,SUZI,RBC,4H,7,17,2739,,0,1024,,G,,F,4,122,,,15R195,,,,,,0,0,000000000,00000000000,0,0,0,1,0,0,0,0,0,0,0,998,0,0,0,62,6,2,35,0,0,0,1,21,40447,6,7,0,0,2,0,64,145,0,0,0,0,0,0,0,0,0,0,0,0,0,0,1,2,55,2,1,2,1,40,3,1,12,1,1,4,6,1,0
21,210252,1,4,1,22,5,14,27,12,6,1,0,55,3,82,881,82881,66,2000,1FUPCSZB7YPB,1,F,U,P,C,S,Z,B,7,Y,P,B,1,T,FRHT,FLD,TR,0,17,,8,0,0,CON,D,,,6,774,,,,,00000,00,,64,1,57,00154939,5700154939,3,6,1,1,0,0,0,0,0,0,0,63,1,0,0,12,6,2,12,0,0,0,1,55,54409,6,1,6,0,3,0,73,200,0,0,0,0,0,0,0,0,0,0,0,0,0,0,2,2,70,1,1,2,1,0,0,1,10,3,2,2,48,0,0
21,210252,2,4,2,22,5,14,27,12,6,1,0,28,1,49,482,49482,31,2007,5TFRT54177X0,5,T,F,R,T,5,4,1,7,7,X,0,0,T,TOYT,DBS,CW,7,17,,2,0,1457,TUN,G,,,8,287,,,,B,5090,00,S,42,0,0,000000000,00000000000,0,0,0,1,0,0,0,0,0,0,0,0,0,0,0,2,2,1,12,0,0,0,1,28,38654,6,1,0,0,3,0,70,165,0,0,0,0,0,0,0,0,0,0,0,0,0,0,2,2,70,1,1,2,1,0,0,5,61,2,1,1,48,0,0
21,210252,3,4,2,22,5,14,27,12,6,1,0,12,1,37,706,37706,80,1998,1HFSC3706WA0,1,H,F,S,C,3,7,0,6,W,A,0,0,M,HOND,V1C,RS,98,17,,,,,,,1099,,4,,4,631,,,,,,,0,0,000000000,00000000000,0,0,0,1,0,0,0,0,0,0,0,3,0,0,0,6,2,3,12,0,0,0,1,12,33629,6,1,0,0,3,1,66,999,0,0,0,1,0,1,2011,1,2011,0,0,0,0,0,2,2,70,1,1,2,1,0,0,2,60,3,1,1,98,2,0
21,210252,4,4,1,22,5,14,27,12,6,1,0,17,2,87,881,87881,66,1987,1XP9DB9X9HD2,1,X,P,9,D,B,9,X,9,H,D,2,1,T,PTRB,359,TR,87,17,,8,0,0,CON,D,,,6,893,,,,,00000,00,,64,1,57,00208985,5700208985,3,6,1,1,0,0,0,0,0,0,0,3,0,0,0,6,4,3,12,0,0,0,1,17,62231,6,1,6,0,3,0,72,210,0,0,0,0,0,0,0,0,0,0,0,0,0,0,2,2,70,1,1,2,1,0,0,2,61,3,1,1,98,0,0
21,210253,1,2,2,23,5,15,19,12,6,1,0,21,1,52,34,52034,4,1997,4A3AJ56G7VE0,4,A,3,A,J,5,6,G,7,V,E,0,0,P,MITS,UEL,4D,97,17,2943,,0,1037,,G,,F,4,143,,,14R185,,,,,,0,0,000000000,00000000000,0,0,0,1,0,0,0,0,0,0,0,998,0,0,0,9,6,2,12,0,0,0,1,21,42701,6,1,0,0,3,0,64,130,0,0,0,1,0,9,2009,9,2009,0,39,0,0,0,1,2,98,1,1,2,1,20,3,1,17,1,1,1,89,1,1
21,210253,2,2,3,23,5,15,19,12,6,1,0,21,1,24,1,24001,4,1999,1G8ZJ5275XZ2,1,G,8,Z,J,5,2,7,5,X,Z,2,0,P,STRN,SL2,4D,99,17,0,,0,1024,,G,,F,4,116,,,15R185,,,,,,0,0,000000000,00000000000,0,0,0,1,0,0,0,0,0,0,0,998,0,0,0,12,6,2,12,0,0,0,1,21,40160,6,1,0,0,3,0,73,160,0,1,1,0,0,4,2010,4,2010,0,0,0,0,0,1,3,55,1,1,2,1,0,0,1,66,3,2,1,88,0,0
21,210254,1,1,1,25,5,19,20,42,0,1,0,12,2,98,701,98701,80,2006,ZD4VFC0046S0,Z,D,4,V,F,C,0,0,4,6,S,0,0,U,,,,6,17,,,,,,,,,,,,,,,,,,,0,0,000000000,00000000000,0,0,0,1,0,0,0,0,0,0,0,998,0,0,0,12,4,1,42,0,0,0,1,21,40347,6,1,0,0,3,0,63,130,0,0,0,0,0,0,0,0,0,0,0,0,0,0,1,2,55,3,2,2,1,0,0,14,13,1,1,4,1,1,0
21,210255,1,1,1,25,5,21,0,30,0,1,0,92,0,73,706,73706,80,1999,JKAZXBD11XB5,J,K,A,Z,X,B,D,1,1,X,B,5,0,M,KAWK,ZXD,RC,99,17,,,,,,,1100,,4,,4,514,,,,,,,0,0,000000000,00000000000,0,0,0,1,0,0,0,0,0,0,0,998,0,0,0,6,6,4,31,0,0,0,1,21,41339,6,1,0,0,2,0,67,120,0,0,0,0,0,0,0,0,0,0,0,0,0,0,1,2,55,2,2,2,1,28,3,14,8,3,9,4,7,1,1
21,210256,1,1,3,24,5,22,10,1,0,1,0,21,1,20,481,20481,31,1998,1GCHK34F4WF0,1,G,C,H,K,3,4,F,4,W,F,0,0,T,CHEV,GK3,PK,98,17,,2,1595,1315,GM4,D,,,8,397,,,,D,00000,00,,44,0,0,000000000,00000000000,0,0,0,1,0,0,0,0,0,0,0,998,0,2,5,0,6,2,1,0,0,0,1,21,40419,6,1,0,0,3,0,69,185,0,0,1,0,0,9,2011,9,2011,0,0,0,0,0,1,2,55,3,2,2,1,0,0,14,13,6,1,4,1,1,1
21,210257,1,2,4,12,5,21,35,12,1,1,0,21,2,55,35,55035,4,2002,KMHDN45D52U3,K,M,H,D,N,4,5,D,5,2,U,3,0,P,HYUN,EST,4D,2,17,2635,,0,1027,,G,,F,4,121,,,15R195,,,,,,0,0,000000000,00000000000,0,0,0,1,0,0,0,0,0,0,0,45,0,0,0,6,6,2,12,0,0,0,1,21,40175,6,1,0,0,3,0,70,155,0,0,0,0,0,0,0,0,0,0,87,0,0,0,1,2,55,2,2,2,6,0,0,14,5,1,4,2,32,1,0
21,210257,2,2,4,12,5,21,35,12,1,1,0,21,2,20,403,20403,14,2003,1GNDS13S3321,1,G,N,D,S,1,3,S,3,3,2,1,0,P,CHEV,TRL,UT,3,17,4417,,0,1130,,G,,F,6,256,,,16R245,,,,,,0,0,000000000,00000000000,0,0,0,1,0,0,0,0,0,0,0,998,0,0,0,12,6,2,12,0,0,0,1,21,40162,6,1,0,0,3,0,69,190,0,0,0,0,0,0,0,0,0,0,0,0,0,0,1,2,55,3,2,2,6,0,0,14,62,1,1,1,32,0,0
21,210258,1,2,1,26,5,7,22,12,2,1,0,21,1,24,1,24001,4,1999,1G8ZH528XXZ2,1,G,8,Z,H,5,2,8,X,X,Z,2,0,P,STRN,SL1,4D,99,17,2355,,0,1024,,G,,F,4,116,,,14R175,,,,,,0,0,000000000,00000000000,0,0,0,1,0,0,0,0,0,0,0,998,0,0,0,12,6,2,12,0,0,0,1,21,41701,6,1,0,0,3,0,67,220,1,0,0,0,0,2,2011,2,2011,0,99,99,99,99,1,2,35,1,1,2,1,0,0,1,10,98,1,2,50,0,0
21,210258,2,2,1,26,5,7,22,12,2,1,0,21,1,22,20,22020,4,2003,1G2WK52JX3F1,1,G,2,W,K,5,2,J,X,3,F,1,0,P,PONT,GFS,4D,3,17,3384,,0,1105,,G,,F,6,191,,,15R205,,,,,,0,0,000000000,00000000000,0,0,0,1,0,0,0,0,0,0,0,998,0,0,0,12,6,2,12,0,0,0,1,21,41701,6,1,0,0,3,0,66,160,1,0,0,0,0,12,2009,12,2009,0,0,0,0,0,1,2,35,1,1,2,1,0,0,1,62,98,1,1,51,1,0
21,210259,1,5,1,26,5,9,10,12,7,1,0,21,2,2,405,2405,14,2002,1J4GL58K82W1,1,J,4,G,L,5,8,K,8,2,W,1,0,T,JEEP,LMD,4W,2,17,,1,0,1043,LIB,G,,,6,226,,,,,3975,00,E,44,0,0,000000000,00000000000,0,0,0,1,0,0,0,0,0,0,0,10,0,0,0,82,2,3,12,0,0,0,1,21,41091,6,2,0,0,2,0,72,215,1,0,0,0,0,4,2012,4,2012,0,38,0,0,0,1,2,98,1,1,2,1,20,3,11,15,1,1,1,76,0,0
21,210259,2,5,2,26,5,9,10,12,7,1,0,18,2,49,40,49040,4,1995,4T1GK12E1SU0,4,T,1,G,K,1,2,E,1,S,U,0,0,P,TOYT,CLE,4D,95,17,3241,,0,1031,,G,,F,6,183,,,15R205,,,,,,0,0,000000000,00000000000,0,0,0,1,0,0,0,0,0,0,0,50,0,0,0,61,6,2,12,0,0,0,1,18,47032,6,1,0,0,3,1,64,136,0,0,0,0,0,0,0,0,0,0,0,0,0,0,1,2,55,1,1,2,1,28,3,1,65,1,1,1,77,0,0
21,210259,3,5,1,26,5,9,10,12,7,1,0,39,1,37,706,37706,80,2008,JH2SC510X8K6,J,H,2,S,C,5,1,0,X,8,K,6,0,M,HOND,S13,RC,8,17,,,,,,,1261,,4,,4,719,,,,,,,0,0,000000000,00000000000,0,0,0,1,0,0,0,0,0,0,0,45,0,0,0,12,6,2,12,0,0,1,1,39,45044,6,1,0,0,3,1,70,220,1,0,0,1,0,12,2009,2,2010,0,0,0,0,0,1,2,55,1,1,2,1,28,3,1,62,1,1,1,98,1,0
21,210259,4,5,1,26,5,9,10,12,7,1,0,39,1,37,706,37706,80,2005,1HFSC47085A4,1,H,F,S,C,4,7,0,8,5,A,4,0,M,HOND,GL8,RS,5,17,,,,,,,1832,,6,,4,792,,,,,,,0,0,000000000,00000000000,0,0,0,1,0,0,0,0,0,0,0,45,0,0,0,12,2,3,18,0,0,0,1,39,45069,6,1,0,0,3,1,70,265,0,0,0,0,0,0,0,0,0,0,0,0,0,0,1,2,55,1,1,2,1,28,3,1,90,1,1,1,98,0,0
21,210259,5,5,1,26,5,9,10,12,7,1,0,39,1,34,709,34709,80,2010,WB1053904AZV,W,B,1,0,5,3,9,0,4,A,Z,V,0,M,BMW,K3G,RS,10,17,,,,,,,1293,,4,,4,635,,,,,,,0,0,000000000,00000000000,0,0,0,1,0,0,0,0,0,0,0,45,0,0,0,12,2,3,18,0,0,0,1,39,45069,6,1,0,0,3,0,72,180,0,0,0,1,0,3,2012,3,2012,0,0,0,0,0,1,2,55,1,1,2,1,28,3,1,90,1,1,1,98,0,0
21,210260,1,1,1,26,5,16,38,1,0,1,0,39,1,76,706,76706,80,2008,JYAVP11E88A1,J,Y,A,V,P,1,1,E,8,8,A,1,0,M,YAMA,XVS,RS,8,17,,,,,,,1063,,2,,4,600,,,,,,,0,0,000000000,00000000000,0,0,0,1,0,0,0,0,0,0,0,998,0,0,0,0,2,3,24,0,0,0,1,39,44840,6,1,0,0,3,0,69,200,0,0,0,0,0,0,0,0,0,0,0,0,0,0,1,2,55,2,3,2,1,28,3,14,12,1,1,4,6,1,0
21,210261,1,1,3,26,5,20,25,1,0,1,0,21,1,49,471,49471,30,1991,JT4VN13D2M50,J,T,4,V,N,1,3,D,2,M,5,0,0,T,TOYT,ELD,PC,91,17,,1,0,1215,HTP,G,,,6,180,,,,B,00000,00,A,44,0,0,000000000,00000000000,0,0,0,1,0,0,0,0,0,0,0,998,0,2,5,0,6,2,42,0,0,0,1,21,41031,6,1,0,0,3,1,70,130,0,0,0,0,0,0,0,0,0,0,0,0,0,0,1,2,55,2,2,2,1,0,0,14,12,1,1,4,6,2,1
21,210262,1,1,2,27,5,1,10,19,0,1,0,21,1,53,705,53705,80,2007,JS1GN7DA7721,J,S,1,G,N,7,D,A,7,7,2,1,0,M,SUZI,G60,RC,7,17,,,,,,,599,,4,,4,354,,,,,,,0,0,000000000,00000000000,0,0,0,1,0,0,0,0,0,0,0,998,0,0,0,12,6,2,19,0,0,1,1,21,42633,6,1,0,0,3,0,71,225,2,1,1,0,0,6,2010,3,2011,1,0,0,0,0,1,4,55,4,1,2,1,0,0,14,6,3,2,4,2,2,1
21,210263,1,3,1,27,5,10,15,12,6,1,0,21,1,49,40,49040,4,2004,4T1BE32K74U3,4,T,1,B,E,3,2,K,7,4,U,3,0,P,TOYT,UXS,4D,4,17,3086,,0,1071,,G,,F,4,144,,,15R205,,,,,,0,0,000000000,00000000000,0,0,0,1,0,0,0,0,0,0,0,998,0,0,0,5,6,2,12,0,0,0,1,21,42642,6,1,0,0,3,1,61,145,0,0,0,0,0,0,0,0,0,0,38,0,0,0,1,2,55,1,2,2,1,0,0,11,15,1,1,2,68,0,0
21,210263,2,3,1,27,5,10,15,12,6,1,0,21,2,7,482,7482,31,1997,3B7KF23D2VM5,3,B,7,K,F,2,3,D,2,V,M,5,0,T,DODG,250,PC,97,17,,2,1547,1387,RPC,D,,,6,359,,,,C,5043,01,M,44,0,0,000000000,00000000000,0,0,0,1,0,0,0,0,0,0,0,998,0,9,5,12,6,2,12,0,0,0,1,21,42642,6,1,0,0,3,0,72,189,1,0,0,0,0,5,2010,5,2010,0,0,0,0,0,1,2,55,1,2,2,1,0,0,1,66,8,2,2,69,0,0
21,210263,3,3,9,27,5,10,15,12,6,1,0,21,1,12,422,12422,15,2003,1FMPU18L13LA,1,F,M,P,U,1,8,L,1,3,L,A,0,P,FORD,EPT,UT,3,17,5686,,0,1191,,G,,F,8,330,,,17R265,,,,,,0,0,000000000,00000000000,0,0,0,1,0,0,0,0,0,0,0,998,0,0,0,63,6,2,12,0,0,0,1,21,42141,6,1,0,0,3,0,74,315,0,0,0,0,0,0,0,0,0,0,0,0,0,0,1,2,55,1,2,2,1,4,3,10,16,1,1,1,98,1,0
21,210264,1,1,3,28,5,0,55,35,0,1,0,21,1,20,481,20481,31,1993,1GCEK14K3PZ1,1,G,C,E,K,1,4,K,3,P,Z,1,0,T,CHEV,GK1,PK,93,17,,2,1315,1175,GM4,G,,,8,350,,,,B,4111,02,,44,0,0,000000000,00000000000,0,0,0,1,0,0,0,0,0,0,0,63,0,1,6,81,6,2,1,0,0,0,1,21,41031,6,1,0,0,3,0,72,190,0,0,0,0,2,7,2011,3,2012,0,0,0,0,0,4,1,55,3,2,2,1,28,3,14,13,1,1,4,1,1,1
21,210265,1,1,8,28,5,6,20,1,0,1,0,21,2,37,421,37421,15,2007,5FNYF28567B0,5,F,N,Y,F,2,8,5,6,7,B,0,0,P,HOND,PIL,UT,7,17,4356,,0,1063,,G,,F,6,213,,,16R235,,,,,,0,0,000000000,00000000000,0,0,0,1,0,0,0,0,0,0,0,70,0,1,3,0,6,2,1,0,0,0,1,21,42303,6,1,0,0,3,0,60,120,0,0,0,0,0,0,0,0,0,0,91,0,0,0,2,2,70,1,1,2,1,0,0,1,12,98,1,4,6,2,1
21,210267,1,1,1,28,5,12,10,35,0,1,0,21,1,73,706,73706,80,2005,JKAZXCC155A0,J,K,A,Z,X,C,C,1,5,5,A,0,0,M,KAWK,Z1R,RC,5,17,,,,,,,998,,4,,4,375,,,,,,,0,0,000000000,00000000000,0,0,0,1,0,0,0,0,0,0,0,998,0,0,0,12,6,2,42,0,0,1,1,21,42450,6,1,0,0,3,0,67,120,0,0,0,1,0,12,2010,12,2010,0,0,0,0,0,1,2,35,1,2,2,1,0,0,1,4,3,9,4,7,1,0