STATE,ST_CASE,VEH_NO,VE_FORMS,NUMOCCS,DAY,MONTH,HOUR,MINUTE,HARM_EV,MAN_COLL,UNITTYPE,HIT_RUN,REG_STAT,OWNER,MAKE,MODEL,MAK_MOD,BODY_TYP,MOD_YEAR,VIN,VIN_1,VIN_2,VIN_3,VIN_4,VIN_5,VIN_6,VIN_7,VIN_8,VIN_9,VIN_10,VIN_11,VIN_12,TOW_VEH,VINTYPE,VINMAKE,VINA_MOD,VIN_BT,VINMODYR,VIN_LNGT,VIN_WGT,WGTCD_TR,WHLBS_LG,WHLBS_SH,SER_TR,FUELCODE,MCYCL_DS,CARBUR,CYLINDER,DISPLACE,MCYCL_CY,MCYCL_WT,TIRE_SZE,TON_RAT,TRK_WT,TRKWTVAR,VIN_REST,WHLDRWHL,J_KNIFE,MCARR_I1,MCARR_I2,MCARR_ID,GVWR,V_CONFIG,CARGO_BT,HAZ_INV,HAZ_PLAC,HAZ_ID,HAZ_CNO,HAZ_REL,BUS_USE,SPEC_USE,EMER_USE,TRAV_SP,UNDERIDE,ROLLOVER,ROLINLOC,IMPACT1,DEFORMED,TOWED,M_HARM,VEH_SC1,VEH_SC2,FIRE_EXP,DR_PRES,L_STATE,DR_ZIP,L_STATUS,L_TYPE,CDL_STAT,L_ENDORS,L_COMPL,L_RESTRI,DR_HGT,DR_WGT,PREV_ACC,PREV_SUS,PREV_DWI,PREV_SPD,PREV_OTH,FIRST_MO,FIRST_YR,LAST_MO,LAST_YR,SPEEDREL,DR_SF1,DR_SF2,DR_SF3,DR_SF4,VTRAFWAY,VNUM_LAN,VSPD_LIM,VALIGN,VPROFILE,VPAVETYP,VSURCOND,VTRAFCON,VTCONT_F,P_CRASH1,P_CRASH2,P_CRASH3,PCRASH4,PCRASH5,ACC_TYPE,DEATHS,DR_DRINK
21,210302,1,1,1,13,6,15,45,42,0,1,0,51,1,53,705,53705,80,2007,JS1GN7DA5721,J,S,1,G,N,7,D,A,5,7,2,1,0,M,SUZI,G60,RC,7,17,,,,,,,599,,4,,4,354,,,,,,,0,0,000000000,00000000000,0,0,0,1,0,0,0,0,0,0,0,998,0,0,0,12,6,2,42,0,0,0,1,21,40509,6,7,0,0,2,1,66,125,1,0,0,0,0,2,2011,2,2011,1,52,0,0,0,1,2,35,2,2,2,1,40,3,14,6,1,2,4,7,1,0
21,210303,1,1,1,10,6,22,20,35,0,1,0,21,2,49,40,49040,4,1993,JT2VK12E1P01,J,T,2,V,K,1,2,E,1,P,0,1,0,P,TOYT,CLE,4D,93,17,3053,,0,1031,,G,,F,6,181,,,15R205,,,,,,0,0,000000000,00000000000,0,0,0,1,0,0,0,0,0,0,0,998,0,0,0,12,6,2,2,0,0,1,1,21,40119,6,1,0,0,3,0,68,145,1,0,0,0,0,12,2009,12,2009,0,99,99,99,99,1,2,55,1,3,2,1,28,3,1,13,1,1,4,1,1,1
21,210304,1,1,1,14,6,7,46,1,0,1,0,21,1,12,401,12401,14,2001,1FMYU70E71UA,1,F,M,Y,U,7,0,E,7,1,U,A,0,P,FORD,EPR,UT,1,17,3959,,0,1018,,G,,F,6,245,,,15R235,,,,,,0,0,000000000,00000000000,0,0,0,1,0,0,0,0,0,0,0,998,0,2,5,0,6,2,1,0,0,0,1,21,42103,6,1,0,0,3,0,63,105,1,0,0,1,1,6,2010,2,2012,0,58,0,0,0,1,2,55,1,3,2,1,0,0,1,12,3,2,4,6,1,0
21,210305,1,2,1,9,6,14,54,1,0,1,0,21,2,2,403,2403,14,2000,1J4FA29P1YP7,1,J,4,F,A,2,9,P,1,Y,P,7,0,T,JEEP,SEW,2W,0,17,,1,0,934,W/T,G,,,4,150,,,,,2996,00,U,44,0,0,000000000,00000000000,0,0,0,1,0,0,0,0,0,0,0,998,0,1,3,0,6,2,1,0,0,0,1,21,40205,6,1,0,0,3,0,67,165,1,0,0,0,0,6,2011,6,2011,0,0,0,0,0,3,2,65,1,1,2,1,0,0,1,1,1,7,4,7,1,0
21,210305,2,2,1,9,6,14,54,1,0,1,0,21,1,12,401,12401,14,1999,1FMZU34E8XUA,1,F,M,Z,U,3,4,E,8,X,U,A,0,P,FORD,EPR,UT,99,17,4128,,0,1116,,G,,F,6,245,,,15R225,,,,,,0,0,000000000,00000000000,0,0,0,1,0,0,0,0,0,0,0,998,0,0,0,61,2,1,54,0,0,0,1,21,40217,6,1,0,0,3,0,71,210,0,0,0,0,0,0,0,0,0,0,0,0,0,0,3,2,65,1,1,2,1,0,0,1,98,2,1,1,98,0,0
21,210306,1,1,1,7,6,13,16,1,0,1,0,21,1,12,881,12881,66,1991,1FDZY90S4MVA,1,F,D,Z,Y,9,0,S,4,M,V,A,0,T,FORD,S9M,TR,91,17,,8,2390,1430,COL,D,,,6,629,,,,P,00000,00,,64,0,77,777777777,77777777777,3,5,96,1,0,0,0,0,0,0,0,45,0,1,5,0,6,2,42,0,0,0,1,21,40361,6,1,6,0,3,1,69,240,0,0,0,0,0,0,0,0,0,0,0,0,0,0,1,2,55,1,1,2,1,0,0,1,1,4,2,4,2,1,0
21,210307,1,3,2,15,6,15,49,12,6,1,0,21,1,20,16,20016,4,2003,1G1JC52F8373,1,G,1,J,C,5,2,F,8,3,7,3,0,P,CHEV,CAV,4D,3,17,2971,,0,1041,,G,,F,4,134,,,14R195,,,,,,0,0,000000000,00000000000,0,0,0,1,0,0,0,0,0,0,0,53,0,0,0,11,6,2,12,0,0,0,1,21,40220,6,1,0,0,3,1,63,120,0,0,0,0,0,0,0,0,0,0,58,0,0,0,5,4,55,1,1,2,1,0,0,1,9,98,9,2,66,0,0
21,210307,2,3,1,15,6,15,49,12,6,1,0,21,1,37,709,37709,80,2012,JH2SC68G0CK0,J,H,2,S,C,6,8,G,0,C,K,0,0,M,HOND,GL8,RS,12,17,,,,,,,1832,,6,,4,904,,,,,,,0,0,000000000,00000000000,0,0,0,1,0,0,0,0,0,0,0,53,0,0,0,12,6,2,12,0,0,0,1,21,40272,6,1,6,0,3,1,68,195,1,0,0,0,0,2,2011,2,2011,0,0,0,0,0,5,4,55,1,1,2,1,0,0,1,62,1,1,1,66,1,0
21,210307,3,3,1,15,6,15,49,12,6,1,0,21,1,6,43,6043,4,2010,1C3CC4FB5AN2,1,C,3,C,C,4,F,B,5,A,N,2,0,P,CHRY,STO,4D,10,17,3310,,0,1089,,G,,F,4,146,,,16R215,,,,,,0,0,000000000,00000000000,0,0,0,1,0,0,0,0,0,0,0,53,0,0,0,2,4,3,12,0,0,0,1,21,40121,6,1,0,0,3,0,69,170,0,0,0,0,0,0,0,0,0,0,0,0,0,0,5,4,55,1,1,2,1,0,0,1,62,98,1,1,98,0,0
21,210308,1,2,1,15,6,17,21,32,0,1,0,21,1,53,705,53705,80,2001,JS1GR7HA2121,J,S,1,G,R,7,H,A,2,1,2,1,0,M,SUZI,SX7,RC,1,17,,,,,,,749,,4,,4,366,,,,,,,0,0,000000000,00000000000,0,0,0,1,0,0,0,0,0,0,0,998,0,0,0,12,2,1,12,0,0,0,1,21,41701,6,1,0,0,3,0,70,150,0,0,0,0,0,0,0,0,0,0,0,0,0,0,1,2,55,2,1,2,1,0,0,14,13,1,1,4,1,1,1
21,210308,2,2,2,15,6,17,21,32,0,1,0,21,2,7,482,7482,31,1998,3B7HF16Z5WM2,3,B,7,H,F,1,6,Z,5,W,M,2,0,T,DODG,150,PK,98,17,,2,1347,1187,RPC,G,,,8,360,,,,B,4552,01,U,44,0,0,000000000,00000000000,0,0,0,1,0,0,0,0,0,0,0,998,0,0,0,61,2,1,12,0,0,0,1,21,41701,6,1,0,0,3,0,70,195,0,0,0,0,0,0,0,0,0,0,0,0,0,0,1,2,55,1,1,2,1,0,0,1,62,7,1,1,98,0,0
21,210309,1,1,2,16,6,0,21,32,0,1,0,21,1,20,481,20481,31,2004,1GCEC14X24Z2,1,G,C,E,C,1,4,X,2,4,Z,2,0,T,CHEV,SC1,PK,4,17,,2,1330,1190,SIL,G,,,6,262,,,,B,4142,00,,42,0,0,000000000,00000000000,0,0,0,1,0,0,0,0,0,0,0,998,0,1,5,11,6,2,32,0,0,0,1,21,42001,6,1,0,0,3,0,71,180,0,1,0,0,1,5,2010,5,2010,0,58,0,0,0,1,2,55,2,2,2,1,28,3,14,13,8,2,4,7,1,1
21,210310,1,1,2,16,6,10,36,32,0,1,0,21,1,2,404,2404,14,1997,1J4GZ58S3VC6,1,J,4,G,Z,5,8,S,3,V,C,6,0,T,JEEP,LRT,4W,97,17,,1,0,1059,GCK,G,,,6,242,,,,,3700,02,E,44,0,0,000000000,00000000000,0,0,0,1,0,0,0,0,0,0,0,998,0,1,5,12,6,2,1,0,0,0,1,21,41858,6,1,0,0,3,1,69,130,1,2,0,0,1,12,2009,8,2010,0,0,0,0,0,1,2,55,1,1,2,1,0,0,1,13,2,1,4,1,1,0
21,210311,1,2,1,16,6,18,2,12,6,1,0,21,1,37,705,37705,80,2008,JH2PC40438M1,J,H,2,P,C,4,0,4,3,8,M,1,0,M,HOND,B60,RC,8,17,,,,,,,599,,4,,4,410,,,,,,,0,0,000000000,00000000000,0,0,0,1,0,0,0,0,0,0,0,998,0,0,0,12,6,2,12,0,0,0,1,21,40272,6,1,0,0,3,0,68,165,0,0,0,0,0,0,0,0,0,0,39,0,0,0,1,4,55,1,1,1,1,3,3,1,17,1,1,1,88,1,0
21,210311,2,2,1,16,6,18,2,12,6,1,0,21,1,38,402,38402,14,1999,4S2CM58W6X43,4,S,2,C,M,5,8,W,6,X,4,3,0,P,ISU,ROD,UT,99,17,3528,,0,1064,,G,,F,6,195,,,15R235,,,,,,0,0,000000000,00000000000,0,0,0,1,0,0,0,0,0,0,0,998,0,0,0,61,6,2,12,0,0,0,1,21,40272,6,1,0,0,3,1,74,230,0,0,0,0,0,0,0,0,0,0,0,0,0,0,1,2,98,1,1,8,98,3,3,1,66,1,1,1,89,0,0
21,210312,1,2,1,17,6,17,56,12,6,1,0,21,1,72,706,72706,80,2004,1HD1PHD194Y9,1,H,D,1,P,H,D,1,9,4,Y,9,0,M,HD,SE2,RS,4,17,,,,,,,1550,,2,,4,687,,,,,,,0,0,000000000,00000000000,0,0,0,1,0,0,0,0,0,0,0,998,0,0,0,12,6,2,12,0,0,0,1,21,40741,3,1,0,0,2,0,70,150,0,0,0,0,0,0,0,0,0,1,27,0,0,0,1,2,55,1,1,2,1,0,0,6,10,1,1,2,73,1,0
21,210312,2,2,1,17,6,17,56,12,6,1,0,21,1,14,38,14038,3,1999,1ZWFT61L6X56,1,Z,W,F,T,6,1,L,6,X,5,6,0,P,MERC,CU6,2H,99,17,2941,,0,1064,,G,,F,6,155,,,16R215,,,,,,0,0,000000000,00000000000,0,0,0,1,0,0,0,0,0,0,0,998,0,0,0,61,6,2,12,0,0,0,1,21,40741,6,1,0,0,3,0,76,150,0,0,0,0,0,0,0,0,0,0,0,0,0,0,1,2,55,1,1,2,1,0,0,11,15,1,1,1,72,0,0
21,210313,1,2,1,18,6,15,44,12,7,1,0,21,1,53,706,53706,80,2008,JS1GX72A1821,J,S,1,G,X,7,2,A,1,8,2,1,0,M,SUZI,GXR,RC,8,17,,,,,,,1340,,4,,4,485,,,,,,,0,0,000000000,00000000000,0,0,0,1,0,0,0,0,0,0,0,48,0,0,0,61,6,2,5,0,0,0,1,21,40210,6,1,0,0,2,0,73,225,0,0,0,0,0,0,0,0,0,1,35,0,0,0,1,4,35,1,1,2,1,0,0,6,51,1,1,1,45,1,0
21,210313,2,2,2,18,6,15,44,12,7,1,0,21,3,12,16,12016,4,2007,2FAFP71W17X1,2,F,A,F,P,7,1,W,1,7,X,1,0,P,FORD,CVP,4D,7,17,4129,,0,1146,,G,,F,8,281,,,17R235,,,,,,0,0,000000000,00000000000,0,0,0,1,0,0,0,0,0,1,0,33,0,0,0,2,2,3,12,0,0,0,1,21,40208,6,1,0,0,3,1,70,170,2,0,0,1,0,4,2010,12,2011,0,0,0,0,0,1,4,55,1,1,2,1,0,0,15,53,1,1,1,44,0,0
21,210314,1,1,1,19,6,12,45,35,0,1,0,21,2,20,461,20461,21,1989,1GBEG25K5K71,1,G,B,E,G,2,5,K,5,K,7,1,0,T,CHEV,SV2,CG,89,17,,2,1250,1100,S/V,G,,,8,350,,,,C,3941,16,,42,0,0,000000000,00000000000,0,0,0,1,0,0,0,0,0,0,0,998,0,1,5,98,4,3,1,0,0,0,1,21,40701,6,1,0,0,3,1,59,135,0,0,0,0,0,0,0,0,0,0,58,0,0,0,1,2,55,1,1,2,1,0,0,1,13,8,3,4,2,1,0
21,210315,1,2,3,18,6,18,0,12,2,1,0,21,2,41,471,41471,30,2001,4F4YR12C91TM,4,F,4,Y,R,1,2,C,9,1,T,M,0,T,MAZD,5RC,PK,1,17,,1,0,1116,B25,G,,,4,152,,,,,2960,00,E,42,0,0,000000000,00000000000,0,0,0,1,0,0,0,0,0,0,0,13,0,0,0,12,2,1,12,0,0,0,1,21,40004,6,2,0,0,2,1,60,150,0,0,0,0,0,0,0,0,0,0,38,0,0,0,1,2,98,1,1,2,1,20,3,11,15,2,1,1,82,0,0
21,210315,2,2,2,18,6,18,0,12,2,1,0,21,1,72,706,72706,80,2006,1HD1FRW166Y6,1,H,D,1,F,R,W,1,6,6,Y,6,0,M,HD,FCI,RS,6,17,,,,,,,1450,,2,,4,710,,,,,,,0,0,000000000,00000000000,0,0,0,1,0,0,0,0,0,0,0,48,0,0,0,12,4,3,12,0,0,0,1,21,40004,6,1,0,0,3,0,73,270,0,0,0,0,0,0,0,0,0,0,0,0,0,0,5,4,45,1,1,2,1,28,3,1,67,3,2,1,83,1,0
21,210316,1,1,3,18,6,21,22,42,0,1,0,21,2,22,18,22018,4,2003,1G2NW52E83C1,1,G,2,N,W,5,2,E,8,3,C,1,0,P,PONT,GAG,4D,3,17,3116,,0,1070,,G,,F,6,207,,,16R225,,,,,,0,0,000000000,00000000000,0,0,0,1,0,0,0,0,0,0,0,998,0,0,0,3,6,2,42,0,0,0,1,21,40011,1,7,0,0,2,0,74,170,0,1,0,0,0,6,2012,6,2012,0,58,0,0,0,1,2,55,2,2,2,1,0,0,14,12,7,4,4,7,1,0
21,210317,1,2,2,22,6,19,5,12,1,1,0,13,2,84,881,84881,66,2005,3HSCNAPR25N0,3,H,S,C,N,A,P,R,2,5,N,0,1,T,INTL,94I,TR,5,17,,8,0,0,940,D,,,6,915,,,,,00000,00,,64,1,57,02198563,5702198563,3,6,3,1,0,0,0,0,0,0,0,998,0,0,0,6,6,2,12,0,0,0,1,13,30314,6,1,6,0,3,0,68,147,98,2,0,0,1,6,2011,7,2011,0,0,0,0,0,2,2,70,1,1,2,1,0,0,1,53,1,1,1,25,0,0
21,210317,2,2,1,22,6,19,5,12,1,1,0,18,3,87,881,87881,66,2012,1XPHD49X3CD1,1,X,P,H,D,4,9,X,3,C,D,1,1,T,PTRB,386,TR,12,17,,8,0,0,CON,D,,,6,915,,,,,00000,00,,64,1,57,00124260,5700124260,3,6,2,1,0,0,0,0,0,0,0,998,0,0,0,12,6,2,12,0,0,0,1,29,63775,6,1,6,1,3,0,68,190,0,0,0,0,0,0,0,0,0,0,26,0,0,0,1,2,70,1,1,2,1,0,0,1,51,3,2,1,24,1,0
21,210318,1,2,2,22,6,22,36,12,6,1,0,21,1,35,39,35039,4,2002,JN1DA31A42T3,J,N,1,D,A,3,1,A,4,2,T,3,0,P,NISS,MGL,4D,2,17,3146,,0,1083,,G,,F,6,214,,,16R215,,,,,,0,0,000000000,00000000000,0,0,0,1,0,0,0,0,0,0,0,998,0,0,0,81,6,2,12,0,0,0,1,21,40475,6,1,0,0,3,1,66,160,0,0,0,0,0,0,0,0,0,0,38,0,0,0,1,2,98,1,1,2,1,0,0,11,15,1,1,2,68,1,0
21,210318,2,2,1,22,6,22,36,12,6,1,0,21,2,12,471,12471,30,1994,1FTCR14X7RPB,1,F,T,C,R,1,4,X,7,R,P,B,0,T,FORD,RNS,PC,94,17,,1,0,1250,RNG,G,,,6,245,,,,B,3208,00,A,42,0,0,000000000,00000000000,0,0,0,1,0,0,0,0,0,0,0,998,0,0,0,12,6,2,12,0,0,0,1,21,40475,6,1,0,0,3,0,70,120,0,1,0,0,0,8,2009,8,2009,0,0,0,0,0,1,2,98,1,3,2,1,20,3,1,62,3,2,1,69,0,0
21,210319,1,1,1,21,6,20,25,34,0,1,0,21,2,12,481,12481,31,2001,1FTRW07W21KD,1,F,T,R,W,0,7,W,2,1,K,D,0,T,FORD,F1S,CW,1,17,,2,0,1385,COF,G,,,8,281,,,,B,4581,01,E,42,0,0,000000000,00000000000,0,0,0,1,0,0,0,0,0,0,0,998,0,1,6,11,6,2,1,0,0,0,1,21,42445,6,1,0,0,3,0,69,180,0,0,0,0,0,0,0,0,0,1,58,0,0,0,1,2,55,4,1,2,1,28,3,14,13,7,4,4,2,1,1
21,210320,1,2,2,20,6,8,40,12,2,1,0,21,2,3,402,3402,14,2007,5GTDN13E1782,5,G,T,D,N,1,3,E,1,7,8,2,0,T,HUMM,HH3,4W,7,17,,1,0,1119,HUM,G,,,5,226,,,,,4700,00,4,44,0,0,000000000,00000000000,0,0,0,1,0,0,0,0,0,0,0,60,0,1,1,12,6,2,12,0,0,0,1,21,42001,0,0,0,0,0,0,999,999,0,0,0,0,0,0,0,0,0,0,38,28,27,0,1,2,55,1,1,2,1,28,3,1,10,1,1,2,50,0,1
21,210320,2,2,1,20,6,8,40,12,2,1,0,21,3,7,442,7442,20,2009,1D8HN44E49B5,1,D,8,H,N,4,4,E,4,9,B,5,0,P,DODG,CAR,SV,9,17,4321,,0,1212,,F,,F,6,201,,,16R225,,,,,,0,0,000000000,00000000000,0,0,0,1,0,0,0,0,0,0,0,50,0,0,0,12,6,2,12,0,0,0,1,21,42001,6,1,0,0,3,1,73,270,0,0,0,0,0,0,0,0,0,0,0,0,0,0,1,2,55,1,1,2,1,28,3,1,62,98,1,1,51,1,0
21,210321,1,1,2,23,6,3,18,14,0,1,0,21,2,59,35,59035,4,2007,JTHBK262X750,J,T,H,B,K,2,6,2,X,7,5,0,0,P,LEXS,I25,4D,7,17,3435,,0,1074,,G,,F,6,153,,,17R225,,,,,,0,0,000000000,00000000000,0,0,0,1,0,0,0,0,0,0,0,998,0,1,5,12,6,2,14,0,0,0,1,21,40031,0,0,0,0,0,0,999,999,0,0,0,0,0,0,0,0,0,1,37,0,0,0,1,2,35,4,1,2,1,28,3,14,6,98,9,4,2,2,0
21,210322,1,2,2,23,6,12,56,12,1,1,0,21,1,12,471,12471,30,2004,1FTYR44E74PA,1,F,T,Y,R,4,4,E,7,4,P,A,0,T,FORD,RNS,4C,4,17,,1,0,1257,RNG,G,,,6,245,,,,B,3945,00,U,42,0,0,000000000,00000000000,0,0,0,1,0,0,0,0,0,0,0,998,0,0,0,12,6,2,12,0,0,0,1,21,42718,6,1,0,0,3,0,64,117,0,0,0,0,0,0,0,0,0,0,0,0,0,0,1,2,55,1,2,2,1,28,3,1,50,1,1,1,20,1,0
21,210322,2,2,1,23,6,12,56,12,1,1,0,21,2,12,401,12401,14,2005,1FMZU73K85UA,1,F,M,Z,U,7,3,K,8,5,U,A,0,P,FORD,EPR,UT,5,17,4094,,0,1137,,F,,F,6,245,,,16R235,,,,,,0,0,000000000,00000000000,0,0,0,1,0,0,0,0,0,0,0,0,0,0,0,6,6,2,12,0,0,0,1,21,42782,6,1,8,0,3,0,67,134,0,0,0,0,0,0,0,0,0,0,0,0,0,0,1,2,55,1,2,2,1,28,3,5,53,1,1,1,22,0,0
21,210323,1,2,1,24,6,17,6,12,6,1,0,21,1,23,481,23481,31,2004,2GTEK19T7411,2,G,T,E,K,1,9,T,7,4,1,1,0,T,GMC,NK1,4C,4,17,,2,1575,1435,SIE,G,,,8,325,,,,B,4548,03,4,44,0,0,000000000,00000000000,0,0,0,1,0,0,0,0,0,0,0,998,7,0,0,81,4,8,12,0,0,0,1,21,42404,6,1,0,0,3,0,72,200,0,0,0,0,0,0,0,0,0,0,38,0,0,0,2,2,55,1,1,2,1,4,3,11,15,1,1,1,68,0,0
21,210323,2,2,1,24,6,17,6,12,6,1,0,21,1,53,706,53706,80,1993,JS1GU75A2P21,J,S,1,G,U,7,5,A,2,P,2,1,0,M,SUZI,SXW,RC,93,17,,,,,,,1074,,4,,4,509,,,,,,,0,0,000000000,00000000000,0,0,0,1,0,0,0,0,0,0,0,998,0,0,0,12,6,2,12,0,0,0,1,21,42038,6,1,0,0,3,1,72,160,0,1,0,1,1,3,2010,9,2010,0,0,0,0,0,2,2,55,1,1,2,1,4,3,1,62,3,2,1,69,1,0
21,210324,1,1,1,23,6,22,51,8,0,1,0,21,1,55,401,55401,14,2003,KM8SC73E83U5,K,M,8,S,C,7,3,E,8,3,U,5,0,P,HYUN,SAN,UT,3,17,3720,,0,1031,,G,,F,6,213,,,16R225,,,,,,0,0,000000000,00000000000,0,0,0,1,0,0,0,0,0,0,0,32,0,0,0,12,4,3,8,0,0,0,1,21,41091,6,1,0,0,3,0,62,107,1,1,1,1,2,9,2009,5,2012,0,0,0,0,0,1,2,45,1,1,2,1,28,3,1,80,1,1,1,13,0,0
21,210325,1,1,1,26,6,15,15,59,0,1,0,21,1,12,471,12471,30,1999,1FTZR15X0XPB,1,F,T,Z,R,1,5,X,0,X,P,B,0,T,FORD,RNS,PC,99,17,,1,0,1259,RNG,G,,,6,245,,,,B,00000,00,U,44,0,0,000000000,00000000000,0,0,0,1,0,0,0,0,0,0,0,998,0,0,0,12,6,2,2,0,0,1,1,21,40515,6,1,0,0,3,0,70,165,1,1,1,0,0,12,2011,12,2011,0,0,0,0,0,1,2,35,2,2,2,1,40,3,14,12,1,1,4,6,1,1
21,210326,1,3,1,26,6,17,45,12,2,1,0,21,1,7,402,7402,14,2001,1B4HS28N21F5,1,B,4,H,S,2,8,N,2,1,F,5,0,P,DODG,DUR,UT,1,17,4512,,0,1159,,G,,F,8,287,,,15R235,,,,,,0,0,000000000,00000000000,0,0,0,1,0,0,0,0,0,0,0,998,0,1,1,12,6,2,12,0,0,0,1,21,41601,1,1,0,0,2,0,63,125,3,1,0,0,0,11,2009,12,2011,0,0,0,0,0,2,4,55,1,2,2,1,0,0,1,12,1,1,6,50,0,1
21,210326,2,3,1,26,6,17,45,12,2,1,0,21,1,2,405,2405,14,2004,1J4GL58K74W2,1,J,4,G,L,5,8,K,7,4,W,2,0,T,JEEP,LMD,4W,4,17,,1,0,1043,LIB,G,,,6,226,,,,,3892,00,E,44,0,0,000000000,00000000000,0,0,0,1,0,0,0,0,0,0,0,998,0,0,0,12,6,2,12,0,0,0,1,21,41616,6,1,0,0,3,1,64,145,0,0,0,0,0,0,0,0,0,0,0,0,0,0,2,4,55,1,2,2,1,0,0,1,64,1,1,1,51,1,0
21,210326,3,3,1,26,6,17,45,12,2,1,0,21,1,20,421,20421,15,2007,1GNFK13017R3,1,G,N,F,K,1,3,0,1,7,R,3,0,P,CHEV,KTA,UT,7,17,5706,,0,1160,,F,,F,8,323,,,17R265,,,,,,0,0,000000000,00000000000,0,0,0,1,0,0,0,0,0,0,0,998,0,0,0,13,2,1,54,0,0,0,1,21,41260,6,1,0,0,3,0,59,174,0,0,0,0,0,0,0,0,0,0,0,0,0,0,2,4,55,1,2,2,1,0,0,1,62,6,1,1,98,0,0
21,210327,1,2,7,28,6,10,48,12,6,1,0,21,1,18,2,18002,4,1993,1G4HP53L8PH4,1,G,4,H,P,5,3,L,8,P,H,4,0,P,BUIC,L90,4D,93,17,3338,,0,1108,,G,,F,6,231,,,15R205,,,,,,0,0,000000000,00000000000,0,0,0,1,0,0,0,0,0,0,0,998,0,0,0,12,6,2,12,0,0,0,1,21,40740,0,0,0,0,2,0,66,180,1,4,0,0,3,12,2009,3,2012,1,0,0,0,0,5,2,55,1,2,2,1,4,3,1,66,6,1,1,88,0,0
21,210327,2,2,1,28,6,10,48,12,6,1,0,21,1,20,16,20016,2,1996,1G1JC5242T71,1,G,1,J,C,5,2,4,2,T,7,1,0,P,CHEV,CAV,4D,96,17,2676,,0,1041,,G,,F,4,133,,,14R195,,,,,,0,0,000000000,00000000000,0,0,0,1,0,0,0,0,0,0,0,998,0,0,0,10,6,2,12,0,0,0,1,21,40962,6,1,0,0,3,0,70,270,0,0,0,0,0,0,0,0,0,0,0,0,0,0,1,2,98,1,2,2,1,20,3,1,17,1,1,1,89,1,0
21,210328,1,2,1,21,6,20,7,12,1,1,0,21,1,72,706,72706,80,2002,1HD1BXB172Y0,1,H,D,1,B,X,B,1,7,2,Y,0,0,M,HD,ISF,RS,2,17,,,,,,,1450,,2,,4,666,,,,,,,0,0,000000000,00000000000,0,0,0,1,0,0,0,0,0,0,0,998,0,0,0,12,2,3,12,0,0,0,1,21,40258,6,1,0,0,2,0,69,165,0,0,0,0,0,0,0,0,0,0,0,0,0,0,2,2,55,1,1,2,1,0,0,1,51,3,2,1,24,1,1
21,210328,2,2,1,21,6,20,7,12,1,1,0,21,1,12,481,12481,31,1992,1FTDF15Y3NNB,1,F,T,D,F,1,5,Y,3,N,N,B,0,T,FORD,F15,PK,92,17,,1,1330,1170,COF,G,,,6,300,,,,B,3843,04,A,42,0,0,000000000,00000000000,0,0,0,1,0,0,0,0,0,0,0,998,0,0,0,6,2,1,12,0,0,0,1,21,40258,6,1,6,0,3,0,70,175,0,0,0,0,0,0,0,0,0,0,0,0,0,0,2,2,55,1,1,2,1,0,0,1,53,3,2,1,25,0,0
21,210329,1,2,6,28,6,18,20,12,6,1,0,21,1,7,482,7482,31,1997,3B7HF13Z4VG7,3,B,7,H,F,1,3,Z,4,V,G,7,1,T,DODG,150,PC,97,17,,2,1547,1387,RPC,G,,,8,360,,,,B,4764,01,M,44,1,0,000000000,00000000000,0,0,0,1,0,0,0,0,0,0,0,43,0,0,0,81,4,3,12,0,0,0,1,21,42066,6,1,0,0,3,0,73,205,1,0,0,0,0,3,2012,3,2012,0,58,80,21,0,1,2,45,1,2,2,1,0,0,1,1,3,9,2,64,0,0
21,210329,2,2,1,28,6,18,20,12,6,1,0,20,1,72,706,72706,80,2000,1HD1DDV10YY6,1,H,D,1,D,D,V,1,0,Y,Y,6,0,M,HD,FHT,RS,0,17,,,,,,,1450,,2,,4,758,,,,,,,0,0,000000000,00000000000,0,0,0,1,0,0,0,0,0,0,0,998,0,0,0,12,4,3,12,0,0,0,1,20,67501,6,1,0,0,3,0,73,245,1,0,0,0,0,7,2011,7,2011,0,0,0,0,0,1,2,45,1,2,2,1,0,0,1,62,3,2,1,65,1,0
21,210330,1,1,1,13,6,7,57,24,0,1,0,21,1,7,43,7043,4,2005,1B3EL46X15N6,1,B,3,E,L,4,6,X,1,5,N,6,0,P,DODG,SRX,4D,5,17,3093,,0,1080,,G,,F,4,146,,,16R205,,,,,,0,0,000000000,00000000000,0,0,0,1,0,0,0,0,0,0,0,998,0,0,0,61,6,2,24,0,0,0,1,21,41121,6,1,0,0,3,1,67,170,0,0,0,0,0,0,0,0,0,0,0,0,0,0,1,2,55,3,1,2,1,0,0,14,12,6,1,4,6,1,0
21,210331,1,1,1,9,6,15,0,42,0,1,0,21,1,12,461,12461,21,1994,1FTFE24Y1RHC,1,F,T,F,E,2,4,Y,1,R,H,C,0,T,FORD,25V,CG,94,17,,2,0,1380,VAN,G,,,6,300,,,,C,5067,00,B,42,0,0,000000000,00000000000,0,0,0,1,0,0,0,0,0,0,0,998,0,0,0,12,6,2,42,0,0,0,1,21,40062,6,1,0,0,3,1,71,220,1,0,0,0,0,3,2012,3,2012,0,0,0,0,0,1,2,55,1,1,2,1,0,0,1,13,1,1,4,1,1,0