STATE,ST_CASE,VEH_NO,VE_FORMS,NUMOCCS,DAY,MONTH,HOUR,MINUTE,HARM_EV,MAN_COLL,UNITTYPE,HIT_RUN,REG_STAT,OWNER,MAKE,MODEL,MAK_MOD,BODY_TYP,MOD_YEAR,VIN,VIN_1,VIN_2,VIN_3,VIN_4,VIN_5,VIN_6,VIN_7,VIN_8,VIN_9,VIN_10,VIN_11,VIN_12,TOW_VEH,VINTYPE,VINMAKE,VINA_MOD,VIN_BT,VINMODYR,VIN_LNGT,VIN_WGT,WGTCD_TR,WHLBS_LG,WHLBS_SH,SER_TR,FUELCODE,MCYCL_DS,CARBUR,CYLINDER,DISPLACE,MCYCL_CY,MCYCL_WT,TIRE_SZE,TON_RAT,TRK_WT,TRKWTVAR,VIN_REST,WHLDRWHL,J_KNIFE,MCARR_I1,MCARR_I2,MCARR_ID,GVWR,V_CONFIG,CARGO_BT,HAZ_INV,HAZ_PLAC,HAZ_ID,HAZ_CNO,HAZ_REL,BUS_USE,SPEC_USE,EMER_USE,TRAV_SP,UNDERIDE,ROLLOVER,ROLINLOC,IMPACT1,DEFORMED,TOWED,M_HARM,VEH_SC1,VEH_SC2,FIRE_EXP,DR_PRES,L_STATE,DR_ZIP,L_STATUS,L_TYPE,CDL_STAT,L_ENDORS,L_COMPL,L_RESTRI,DR_HGT,DR_WGT,PREV_ACC,PREV_SUS,PREV_DWI,PREV_SPD,PREV_OTH,FIRST_MO,FIRST_YR,LAST_MO,LAST_YR,SPEEDREL,DR_SF1,DR_SF2,DR_SF3,DR_SF4,VTRAFWAY,VNUM_LAN,VSPD_LIM,VALIGN,VPROFILE,VPAVETYP,VSURCOND,VTRAFCON,VTCONT_F,P_CRASH1,P_CRASH2,P_CRASH3,PCRASH4,PCRASH5,ACC_TYPE,DEATHS,DR_DRINK
21,210332,1,2,1,30,6,4,3,12,6,1,0,6,2,49,40,49040,4,1999,JT2BG22K6X03,J,T,2,B,G,2,2,K,6,X,0,3,0,P,TOYT,XLL,4D,99,17,3120,,0,1051,,G,,F,4,132,,,14R195,,,,,,0,0,000000000,00000000000,0,0,0,1,0,0,0,0,0,0,0,998,0,0,0,10,6,2,12,0,0,0,1,21,42303,6,1,0,0,3,0,77,210,0,0,0,1,0,12,2011,12,2011,0,38,0,0,0,1,2,35,1,1,2,1,0,0,11,15,1,1,1,82,1,1
21,210332,2,2,1,30,6,4,3,12,6,1,0,18,1,20,482,20482,31,2011,3GNTKFE30BG1,3,G,N,T,K,F,E,3,0,B,G,1,0,T,CHEV,KTL,SP,11,17,,2,0,1300,AVL,F,,,8,323,,,,B,5969,00,,44,0,0,000000000,00000000000,0,0,0,1,0,0,0,0,0,0,0,998,0,0,0,12,6,2,12,0,0,0,1,18,47129,6,1,0,0,3,0,76,300,0,0,0,0,0,0,0,0,0,0,0,0,0,0,1,2,35,1,1,2,1,0,0,1,72,1,1,1,83,0,0
21,210333,1,1,3,30,6,22,20,1,0,1,0,21,1,7,482,7482,31,2007,3D7KS28C87G7,3,D,7,K,S,2,8,C,8,7,G,7,0,T,DODG,SQ2,CW,7,17,,2,1605,1405,RPC,D,,,6,359,,,,C,6271,07,E,44,0,0,000000000,00000000000,0,0,0,1,0,0,0,0,0,0,0,58,0,2,6,0,6,2,1,0,0,0,1,21,40176,6,1,0,0,3,0,71,190,1,0,0,0,0,7,2009,7,2009,0,58,0,0,0,1,2,55,3,2,2,1,28,3,1,13,8,4,4,7,1,1
21,210334,1,1,2,30,6,21,23,35,0,1,0,21,2,12,401,12401,14,1991,1FMDU34X9MUB,1,F,M,D,U,3,4,X,9,M,U,B,0,P,FORD,EPR,UT,91,17,0,,0,1120,,G,,F,6,245,,,15R225,,,,,,0,0,000000000,00000000000,0,0,0,1,0,0,0,0,0,0,0,65,0,1,5,81,6,2,42,0,0,0,1,21,40165,6,1,0,0,3,0,68,120,1,0,0,0,0,3,2011,3,2011,1,58,0,0,0,1,2,55,1,1,2,1,0,0,1,6,8,4,4,7,1,1
21,210335,1,1,1,20,6,21,43,8,0,1,0,39,1,49,402,49402,14,2004,JTEHD20V2460,J,T,E,H,D,2,0,V,2,4,6,0,0,P,TOYT,RV4,UT,4,17,3119,,0,980,,G,,F,4,144,,,16R215,,,,,,0,0,000000000,00000000000,0,0,0,1,0,0,0,0,0,0,0,998,0,0,0,12,4,3,8,0,0,0,1,39,45205,6,1,0,0,3,1,67,225,0,0,0,0,0,0,0,0,0,0,38,0,0,0,1,2,35,1,3,2,1,0,0,1,80,6,1,1,13,0,0
21,210336,1,2,1,23,6,7,48,15,0,1,0,21,2,2,404,2404,14,2002,1J4GW48SX2C3,1,J,4,G,W,4,8,S,X,2,C,3,0,T,JEEP,LRO,4W,2,17,,1,0,1059,GCK,G,,,6,244,,,,,3868,01,E,44,0,0,000000000,00000000000,0,0,0,1,0,0,0,0,0,0,0,23,0,0,0,82,2,1,15,0,0,0,1,21,41001,6,1,0,0,3,0,66,125,0,0,0,0,0,0,0,0,0,0,0,0,0,0,1,2,25,1,2,2,1,28,3,1,83,6,1,1,13,0,0
21,210336,2,2,0,23,6,7,48,15,0,1,0,39,6,20,461,20461,21,2011,1GCSGAFX8B11,1,G,C,S,G,A,F,X,8,B,1,1,0,T,CHEV,E15,CG,11,17,,2,0,1350,EXP,G,,,6,262,,,,B,4894,00,,42,0,0,000000000,00000000000,0,0,0,1,0,0,0,0,0,0,0,0,0,0,0,63,2,1,54,0,0,0,0,0,99997,7,6,97,7,6,7,998,997,998,998,998,998,998,98,9998,98,9998,8,0,0,0,0,1,2,25,1,2,2,1,28,3,0,53,0,0,0,98,0,0
21,210337,1,2,1,29,6,9,55,12,2,1,0,0,0,37,703,37703,83,2009,9C2ME09049R0,9,C,2,M,E,0,9,0,4,9,R,0,0,M,HOND,23F,T,9,17,,,,,,,223,,1,,4,249,,,,,,,0,0,000000000,00000000000,0,0,0,1,0,0,0,0,0,0,0,998,0,0,0,12,4,4,12,0,0,0,1,21,41817,6,7,0,0,2,0,66,145,0,0,0,0,0,0,0,0,0,0,0,0,0,0,1,2,35,1,1,2,1,0,0,1,10,98,1,2,50,1,0
21,210337,2,2,1,29,6,9,55,12,2,1,0,21,2,2,404,2404,14,2006,1J4GR48K66C2,1,J,4,G,R,4,8,K,6,6,C,2,0,T,JEEP,LCF,4W,6,17,,1,0,1095,GCK,G,,,6,226,,,,,4383,00,E,44,0,0,000000000,00000000000,0,0,0,1,0,0,0,0,0,0,0,998,0,0,0,12,4,1,12,0,0,0,1,21,41862,6,1,0,0,3,0,65,134,0,0,0,0,0,0,0,0,0,0,0,0,0,0,1,2,35,1,1,2,1,0,0,1,62,98,1,1,51,0,0
21,210338,1,1,2,9,5,1,10,35,0,1,0,21,0,20,20,20020,4,1999,2G1WL52M7X91,2,G,1,W,L,5,2,M,7,X,9,1,0,P,CHEV,L/S,4D,99,17,3330,,0,1075,,G,,F,6,191,,,15R205,,,,,,0,0,000000000,00000000000,0,0,0,1,0,0,0,0,0,0,0,998,0,1,5,62,6,2,1,0,0,0,1,21,41729,1,1,0,0,2,0,74,165,0,1,0,0,1,7,2009,9,2009,0,91,0,0,0,1,2,55,4,1,2,1,0,0,14,9,98,9,4,7,1,1
21,210339,1,1,1,26,5,5,26,35,0,1,0,21,2,23,481,23481,31,1995,1GTEK14H3SZ5,1,G,T,E,K,1,4,H,3,S,Z,5,0,T,GMC,SK1,PK,95,17,,2,1315,1175,SIE,G,,,8,305,,,,B,4068,00,M,44,0,0,000000000,00000000000,0,0,0,1,0,0,0,0,0,0,0,998,0,1,6,12,6,2,99,0,0,0,1,21,42166,6,1,0,0,3,0,66,117,1,1,0,0,0,10,2010,2,2011,0,0,0,0,0,1,2,55,1,3,2,1,0,0,1,12,1,1,4,6,1,1
21,210340,1,1,2,14,5,18,4,35,0,1,0,21,1,12,471,12471,30,1991,1FTCR10A5MUD,1,F,T,C,R,1,0,A,5,M,U,D,0,T,FORD,RNG,PK,91,17,,1,1140,1080,RNG,G,,,4,140,,,,B,2674,01,A,42,0,0,000000000,00000000000,0,0,0,1,0,0,0,0,0,0,0,48,0,1,5,12,6,2,1,0,0,0,1,21,42539,6,1,0,0,3,0,69,175,0,0,0,0,0,0,0,0,0,0,58,91,0,0,1,2,55,1,1,2,1,0,0,1,13,8,4,4,7,1,1
21,210341,1,3,1,21,6,17,20,38,0,1,0,21,1,35,401,35401,14,2001,JN8DR09Y41W5,J,N,8,D,R,0,9,Y,4,1,W,5,0,P,NISS,PFI,UT,1,17,3997,,0,1063,,G,,F,6,213,,,16R245,,,,,,0,0,000000000,00000000000,0,0,0,1,0,0,0,0,0,0,0,63,0,0,0,98,6,2,38,0,0,0,1,21,40353,6,1,0,0,3,1,70,220,2,0,0,0,1,4,2010,4,2012,0,0,0,0,0,2,2,70,1,1,2,1,0,0,98,3,2,1,4,98,0,0
21,210341,2,3,1,21,6,17,20,38,0,1,0,17,1,72,706,72706,80,2006,1HD1FCW146Y6,1,H,D,1,F,C,W,1,4,6,Y,6,0,M,HD,FLU,RS,6,17,,,,,,,1450,,2,,4,788,,,,,,,0,0,000000000,00000000000,0,0,0,1,0,0,0,0,0,0,0,70,0,0,0,0,6,2,1,0,0,0,1,17,60102,6,1,0,0,3,0,68,190,0,0,0,0,0,0,0,0,0,0,81,0,0,0,2,2,70,1,1,2,1,0,0,1,90,3,9,3,98,1,0
21,210341,3,3,1,21,6,17,20,38,0,1,0,17,1,72,706,72706,80,1992,1HD1DPL13NY5,1,H,D,1,D,P,L,1,3,N,Y,5,0,M,HD,UHB,RS,92,17,,,,,,,1340,,2,,4,765,,,,,,,0,0,000000000,00000000000,0,0,0,1,0,0,0,0,0,0,0,70,0,0,0,0,6,2,1,0,0,0,1,17,61115,6,1,0,0,3,1,67,999,0,0,0,0,1,8,2009,8,2009,0,81,0,0,0,2,2,70,1,1,2,1,0,0,1,90,98,9,3,98,0,0
21,210342,1,1,1,20,6,11,34,1,0,1,0,21,1,72,706,72706,80,2009,1HD1FR4169Y6,1,H,D,1,F,R,4,1,6,9,Y,6,0,M,HD,FKC,RS,9,17,,,,,,,1584,,2,,4,810,,,,,,,0,0,000000000,00000000000,0,0,0,1,0,0,0,0,0,0,0,50,0,0,0,0,6,2,1,0,0,0,1,21,40258,6,1,0,0,3,0,70,135,1,0,0,0,0,8,2009,8,2009,0,0,0,0,0,1,2,55,3,1,2,1,0,0,14,13,1,1,4,1,1,0
21,210343,1,1,1,6,6,15,50,35,0,1,0,21,1,72,709,72709,80,1957,57G2025,5,7,G,2,0,2,5,,,,,,0,M,HD,,,57,7,,,,,,,,,,,,,,,,,,,0,0,000000000,00000000000,0,0,0,1,0,0,0,0,0,0,0,998,0,0,0,12,6,2,5,0,0,0,1,21,40391,6,1,0,0,3,0,72,160,0,0,0,1,0,3,2012,3,2012,0,0,0,0,0,1,2,55,3,1,2,1,0,0,14,9,3,2,4,2,1,0
21,210344,1,1,4,11,6,21,42,9,0,1,0,21,2,12,17,12017,4,1999,1FAFP53S1XA3,1,F,A,F,P,5,3,S,1,X,A,3,0,P,FORD,SCS,4D,99,17,3353,,0,1085,,G,,F,6,182,,,15R205,,,,,,0,0,000000000,00000000000,0,0,0,1,0,0,0,0,0,0,0,48,0,0,0,12,4,3,9,0,0,0,1,21,40047,6,1,0,0,3,1,61,125,0,0,0,0,0,0,0,0,0,0,0,0,0,0,2,2,55,1,1,2,1,3,3,1,80,1,1,1,13,0,0
21,210345,1,1,1,20,6,17,45,8,0,1,0,21,1,20,481,20481,31,2005,1GCEK14X85Z3,1,G,C,E,K,1,4,X,8,5,Z,3,0,T,CHEV,SK1,PK,5,17,,2,1330,1190,SIL,G,,,6,262,,,,B,4436,00,,44,0,0,000000000,00000000000,0,0,0,1,0,0,0,0,0,0,0,48,0,0,0,12,4,3,8,0,0,0,1,51,24226,6,1,0,0,3,0,76,260,0,0,0,0,0,0,0,0,0,0,58,0,0,0,1,2,45,1,1,2,1,0,0,1,13,1,1,4,1,0,1
21,210346,1,1,2,1,7,7,45,42,0,1,0,21,1,23,481,23481,31,1998,1GTGK24R3WE5,1,G,T,G,K,2,4,R,3,W,E,5,1,T,GMC,SK2,PK,98,17,,2,0,1315,SIE,G,,,8,350,,,,C,00000,00,A,44,1,0,000000000,00000000000,0,0,0,1,0,0,0,0,0,0,0,998,0,0,0,12,6,2,42,0,0,0,1,21,41465,6,1,0,0,3,0,70,210,0,0,0,0,0,0,0,0,0,0,0,0,0,0,1,2,55,3,1,2,1,0,0,1,12,1,1,4,6,1,0
21,210347,1,1,2,1,7,14,57,42,0,1,0,21,1,37,31,37031,4,1995,1HGEG8548SL0,1,H,G,E,G,8,5,4,8,S,L,0,0,P,HOND,CDL,4D,95,17,2250,,0,1032,,G,,F,4,091,,,13R175,,,,,,0,0,000000000,00000000000,0,0,0,1,0,0,0,0,0,0,0,998,0,1,5,81,6,2,42,0,0,0,1,21,41010,6,1,0,0,3,0,75,170,0,0,0,0,2,10,2009,6,2011,0,58,0,0,0,1,2,55,3,1,2,1,0,0,14,13,8,4,4,7,1,0
21,210348,1,1,1,1,7,16,21,1,0,1,0,47,2,12,37,12037,4,2002,1FAFP34392W1,1,F,A,F,P,3,4,3,9,2,W,1,0,P,FORD,FCS,4D,2,17,2604,,0,1030,,G,,F,4,121,,,15R195,,,,,,0,0,000000000,00000000000,0,0,0,1,0,0,0,0,0,0,0,998,0,1,6,0,6,2,1,0,0,0,1,21,42066,0,0,0,0,0,0,66,200,0,0,0,0,0,0,0,0,0,1,0,0,0,0,1,2,55,3,1,2,1,0,0,14,6,8,4,4,2,1,0
21,210349,1,1,1,1,7,19,0,35,0,1,0,45,3,12,881,12881,61,2008,1FDWW37RX8EB,1,F,D,W,W,3,7,R,X,8,E,B,0,T,FORD,F3D,CH,8,17,,3,2000,1760,DRW,D,,,8,390,,,,D,6974,00,E,44,0,77,777777777,77777777777,2,1,98,1,0,0,0,0,0,0,0,998,0,1,5,98,6,2,1,0,0,0,1,21,40068,6,1,0,0,3,1,76,230,0,0,0,0,0,0,0,0,0,0,0,0,0,0,1,2,45,3,2,2,1,28,3,14,13,3,2,4,2,1,0
21,210350,1,1,2,3,7,10,23,42,0,1,0,21,2,20,471,20471,30,1988,1GCBS14E9J81,1,G,C,B,S,1,4,E,9,J,8,1,0,T,CHEV,S14,PK,88,17,,1,1179,1083,S,G,,,4,151,,,,B,2568,03,,42,0,0,000000000,00000000000,0,0,0,1,0,0,0,0,0,0,0,998,0,0,0,10,6,2,42,0,0,0,1,21,40729,6,1,0,0,3,0,74,200,0,0,0,0,0,0,0,0,0,1,0,0,0,0,1,2,55,2,2,2,2,0,0,14,6,8,4,4,7,1,0
21,210351,1,1,2,3,7,14,35,1,0,1,0,55,1,72,706,72706,80,2006,1HD1FBW106Y6,1,H,D,1,F,B,W,1,0,6,Y,6,1,M,HD,LRI,RS,6,17,,,,,,,1450,,2,,4,723,,,,,,,1,0,000000000,00000000000,0,0,0,1,0,0,0,0,0,0,0,48,0,0,0,0,2,3,5,0,0,0,1,55,53916,6,1,0,0,3,1,71,195,0,0,0,0,0,0,0,0,0,0,0,0,0,0,1,2,55,1,3,2,1,0,0,1,50,3,2,1,98,1,0
21,210352,1,1,1,3,7,18,7,42,0,1,0,21,2,7,20,7020,4,2003,1B3ES56C63D1,1,B,3,E,S,5,6,C,6,3,D,1,0,P,DODG,NXT,4D,3,17,2639,,0,1040,,G,,F,4,122,,,15R185,,,,,,0,0,000000000,00000000000,0,0,0,1,0,0,0,0,0,0,0,998,0,0,0,83,6,2,42,0,0,0,1,21,41514,1,1,0,0,2,0,72,230,0,1,0,0,0,10,2009,10,2009,0,58,0,0,0,1,2,55,1,1,2,1,0,0,1,13,8,4,4,7,1,1
21,210353,1,2,1,4,7,5,10,12,6,1,0,21,1,12,401,12401,14,2005,1FMZU72K15UA,1,F,M,Z,U,7,2,K,1,5,U,A,0,P,FORD,EPR,UT,5,17,4094,,0,1137,,F,,F,6,245,,,16R235,,,,,,0,0,000000000,00000000000,0,0,0,1,0,0,0,0,0,0,0,998,0,0,0,10,6,2,12,0,0,0,1,21,40004,6,1,0,0,3,1,72,150,0,0,0,0,0,0,0,0,0,0,0,0,0,0,2,2,70,4,2,2,1,0,0,15,10,1,1,2,47,1,0
21,210353,2,2,1,4,7,5,10,12,6,1,0,47,3,87,881,87881,66,2007,1XP7DB9X27D6,1,X,P,7,D,B,9,X,2,7,D,6,1,T,PTRB,387,TR,7,17,,8,0,0,CON,D,,,6,893,,,,,00000,00,,64,1,57,00036784,5700036784,3,6,1,1,0,0,0,0,0,0,0,998,0,0,0,12,6,2,12,0,0,0,1,47,38059,6,1,6,0,3,1,74,250,0,0,0,0,1,2,2012,2,2012,0,0,0,0,0,2,2,70,4,2,2,1,0,0,6,61,8,2,1,45,0,0
21,210354,1,1,1,1,7,14,25,35,0,1,0,21,2,12,442,12442,20,2001,2FMZA51481BB,2,F,M,Z,A,5,1,4,8,1,B,B,0,T,FORD,WLX,ES,1,17,,1,0,1207,WIN,G,,,6,232,,,,B,3963,00,E,42,0,0,000000000,00000000000,0,0,0,1,0,0,0,0,0,0,0,998,0,0,0,61,6,2,42,0,0,0,1,21,40342,6,1,0,0,3,0,67,130,0,0,0,0,1,9,2011,9,2011,0,99,99,99,99,1,2,55,1,1,2,1,0,0,1,13,98,9,4,1,1,0
21,210355,1,1,1,5,7,14,41,42,0,1,0,21,1,12,442,12442,20,1996,2FMDA5149TBA,2,F,M,D,A,5,1,4,9,T,B,A,0,T,FORD,WWG,ES,96,17,,1,0,1207,WIN,G,,,6,232,,,,B,3733,00,E,42,0,0,000000000,00000000000,0,0,0,1,0,0,0,0,0,0,0,998,0,0,0,12,6,2,42,0,0,0,1,21,42276,6,1,0,0,3,1,62,180,1,0,0,0,0,12,2011,12,2011,0,0,0,0,0,1,2,55,1,1,2,1,28,3,1,12,1,1,4,6,1,0
21,210356,1,1,1,5,7,1,50,38,0,1,0,21,2,53,705,53705,80,1999,JS1GN79A1X21,J,S,1,G,N,7,9,A,1,X,2,1,0,M,SUZI,GX6,RC,99,17,,,,,,,600,,4,,4,458,,,,,,,0,0,000000000,00000000000,0,0,0,1,0,0,0,0,0,0,0,998,0,0,0,12,6,2,38,0,0,0,1,21,40484,6,2,0,0,2,0,67,140,0,0,0,0,0,0,0,0,0,0,85,0,0,0,1,2,55,3,1,2,1,28,3,14,13,1,1,4,1,1,1
21,210357,1,1,1,6,7,11,23,35,0,1,0,39,1,20,481,20481,31,1990,1GCDK14K6LE2,1,G,C,D,K,1,4,K,6,L,E,2,0,T,CHEV,GK1,PK,90,17,,1,1415,1175,GM4,G,,,8,350,,,,B,4117,05,,44,0,0,000000000,00000000000,0,0,0,1,0,0,0,0,0,0,0,998,0,0,0,12,6,2,25,0,0,0,1,39,40972,6,1,0,0,3,1,71,237,0,0,0,0,0,0,0,0,0,0,0,0,0,0,1,2,55,1,2,2,1,0,0,1,13,1,1,4,1,1,0
21,210358,1,2,2,6,7,14,33,12,7,1,0,21,1,49,482,49482,31,2007,5TBBT54117S4,5,T,B,B,T,5,4,1,1,7,S,4,0,T,TOYT,DBS,CW,7,17,,2,0,1457,TUN,G,,,8,287,,,,B,5390,00,S,44,0,0,000000000,00000000000,0,0,0,1,0,0,0,0,0,0,0,998,0,1,3,61,6,2,12,0,0,0,1,21,41042,6,1,0,0,3,1,74,185,0,0,0,0,0,0,0,0,0,0,38,0,0,0,2,2,70,1,2,2,1,0,0,15,10,98,1,2,47,0,0
21,210358,2,2,4,6,7,14,33,12,7,1,0,21,1,12,473,12473,30,2003,1FMZU77EX3UC,1,F,M,Z,U,7,7,E,X,3,U,C,0,P,FORD,EPR,UT,3,17,3962,,0,1259,,G,,F,6,245,,,16R235,,,,,,0,0,000000000,00000000000,0,0,0,1,0,0,0,0,0,0,0,998,0,1,3,81,6,2,12,0,0,0,1,21,40291,6,1,0,0,3,0,70,175,0,0,0,1,0,2,2012,2,2012,0,0,0,0,0,2,2,70,1,2,2,1,0,0,1,61,98,1,1,45,3,0
21,210359,1,1,1,7,7,3,54,14,0,1,0,47,1,12,870,12870,61,2008,1FDWE35P08DA,1,F,D,W,E,3,5,P,0,8,D,A,0,T,FORD,3DC,YY,8,17,,3,1760,1380,CTV,D,,,8,366,,,,D,00000,00,E,42,0,77,777777777,77777777777,2,1,1,1,0,0,0,0,0,0,0,998,0,1,1,12,6,2,8,0,0,0,1,47,37876,6,1,0,0,3,0,71,185,2,0,0,1,0,11,2010,3,2011,0,58,91,0,0,2,2,70,1,1,2,1,0,0,1,11,8,1,4,11,0,1
21,210360,1,2,2,8,7,10,32,12,2,1,0,21,2,41,471,41471,30,1986,JM2UF2115G05,J,M,2,U,F,2,1,1,5,G,0,5,0,T,MAZD,B2L,PK,86,17,,1,0,1175,B20,G,,,4,122,,,,B,2710,01,A,42,0,0,000000000,00000000000,0,0,0,1,0,0,0,0,0,0,0,998,0,0,0,12,6,2,12,0,0,0,1,21,42519,6,1,0,0,3,0,71,190,1,0,0,0,1,3,2012,3,2012,0,99,99,99,99,1,2,55,4,1,2,1,0,0,14,54,1,1,9,53,1,0
21,210360,2,2,1,8,7,10,32,12,2,1,0,21,1,12,481,12481,31,2012,1FTFW1EF4CFC,1,F,T,F,W,1,E,F,4,C,F,C,0,T,FORD,F1S,CW,12,17,,2,1570,1450,COF,F,,,8,305,,,,B,5586,02,7,44,0,0,000000000,00000000000,0,0,0,1,0,0,0,0,0,0,0,998,0,0,0,12,6,2,12,0,0,0,1,21,42558,6,1,0,0,3,0,69,165,2,0,0,0,0,6,2010,6,2011,0,0,0,0,0,1,2,55,4,1,2,1,0,0,14,54,1,1,1,53,0,0
21,210361,1,1,5,8,7,12,21,1,0,1,0,37,2,35,443,35443,20,2009,5N1BV28U09N1,5,N,1,B,V,2,8,U,0,9,N,1,0,P,NISS,QST,SV,9,17,4293,,0,1240,,G,,F,6,214,,,16R225,,,,,,0,0,000000000,00000000000,0,0,0,1,0,0,0,0,0,0,0,998,0,2,5,0,6,2,1,0,0,0,1,37,28303,6,1,0,0,3,0,78,999,0,0,0,0,0,0,0,0,0,0,0,0,0,0,2,2,70,4,2,2,1,0,0,14,13,1,1,4,1,1,0
21,210362,1,2,1,7,7,19,15,12,6,1,0,21,1,12,401,12401,14,1990,1FMCU14T7LUA,1,F,M,C,U,1,4,T,7,L,U,A,0,P,FORD,BII,UT,90,17,3050,,0,940,,G,,F,6,177,,,15R205,,,,,,0,0,000000000,00000000000,0,0,0,1,0,0,0,0,0,0,0,45,0,0,0,12,6,2,12,0,0,0,1,21,41015,3,1,0,0,2,0,71,170,1,0,0,0,0,10,2011,10,2011,0,39,0,0,0,5,4,45,1,1,2,2,3,1,1,17,1,1,1,83,0,0
21,210362,2,2,2,7,7,19,15,12,6,1,0,21,1,49,40,49040,4,2003,4T1BE32K63U1,4,T,1,B,E,3,2,K,6,3,U,1,0,P,TOYT,UXS,4D,3,17,2993,,0,1071,,G,,F,4,144,,,15R205,,,,,,0,0,000000000,00000000000,0,0,0,1,0,0,0,0,0,0,0,10,0,0,0,62,6,2,12,0,0,0,1,21,41076,6,1,0,0,3,0,68,143,0,0,0,0,0,0,0,0,0,0,0,0,0,0,1,2,98,8,8,2,2,3,1,11,15,7,1,1,82,1,0
21,210363,1,2,1,3,7,15,42,12,8,1,0,21,1,52,46,52046,4,2004,JA3AJ26E44U0,J,A,3,A,J,2,6,E,4,4,U,0,0,P,MITS,LES,4D,4,17,2656,,0,1024,,G,,F,4,122,,,14R185,,,,,,0,0,000000000,00000000000,0,0,0,1,0,0,0,0,0,0,0,40,0,0,0,11,6,2,12,0,0,0,1,21,40059,6,1,0,0,3,0,73,190,0,1,1,0,0,9,2010,11,2010,0,27,38,0,0,1,2,35,1,3,2,1,28,3,1,87,1,1,2,64,0,0
21,210363,2,2,1,3,7,15,42,12,8,1,0,21,1,30,46,30046,4,2000,WVWUH23B8YE2,W,V,W,U,H,2,3,B,8,Y,E,2,0,P,VOLK,PX4,4D,0,17,3415,,0,1066,,G,,F,6,169,,,15R195,,,,,,0,0,000000000,00000000000,0,0,0,1,0,0,0,0,0,0,0,40,0,0,0,11,6,2,12,0,0,0,1,21,40031,6,1,0,0,3,0,73,285,0,0,0,0,0,0,0,0,0,0,0,0,0,0,1,2,35,1,3,2,1,28,3,1,62,1,1,1,65,1,0
21,210364,1,1,1,10,7,5,30,42,0,1,0,21,2,20,22,20022,4,2010,1G1AF5F50A71,1,G,1,A,F,5,F,5,0,A,7,1,0,P,CHEV,BL2,4D,10,17,3216,,0,1033,,G,,F,4,134,,,17R205,,,,,,0,0,000000000,00000000000,0,0,0,1,0,0,0,0,0,0,0,998,0,0,0,61,6,2,42,0,0,0,1,21,40359,6,1,0,0,3,0,69,155,0,0,0,0,0,0,0,0,0,0,58,0,0,0,1,2,55,2,2,2,1,0,0,14,10,7,4,4,7,1,1
21,210365,1,3,1,10,7,6,30,12,6,1,0,21,2,12,37,12037,4,2000,1FAFP343XYW1,1,F,A,F,P,3,4,3,X,Y,W,1,0,P,FORD,FSS,4D,0,17,2564,,0,1030,,G,,F,4,121,,,15R195,,,,,,0,0,000000000,00000000000,0,0,0,1,0,0,0,0,0,0,0,60,0,0,0,12,6,2,12,0,0,0,1,21,40051,6,1,0,0,3,0,74,190,0,0,0,0,1,4,2010,4,2010,0,39,51,0,0,1,2,55,1,2,2,1,28,3,1,54,3,2,1,66,1,0
21,210365,2,3,2,10,7,6,30,12,6,1,0,21,1,13,14,13014,6,2007,2LMDU68C77BJ,2,L,M,D,U,6,8,C,7,7,B,J,0,P,LINC,MKX,UT,7,17,4220,,0,1112,,G,,F,6,214,,,18R245,,,,,,0,0,000000000,00000000000,0,0,0,1,0,0,0,0,0,0,0,40,0,0,0,61,6,2,12,0,0,0,1,21,40071,6,1,0,0,3,0,67,130,0,0,0,0,0,0,0,0,0,0,0,0,0,0,1,2,55,1,2,2,1,28,3,1,54,98,1,1,66,0,0
21,210365,3,3,1,10,7,6,30,12,6,1,0,21,1,20,461,20461,21,2004,1GBFG15X1412,1,G,B,F,G,1,5,X,1,4,1,2,0,T,CHEV,E15,CG,4,17,,2,0,1350,EXP,G,,,6,262,,,,B,5556,00,,42,0,0,000000000,00000000000,0,0,0,1,0,0,0,0,0,0,0,998,0,0,0,12,6,2,12,0,0,0,1,21,40071,6,1,0,0,3,0,71,195,0,0,0,0,0,0,0,0,0,0,0,0,0,0,1,2,55,1,2,2,1,28,3,1,54,3,2,1,98,0,0
21,210366,1,1,1,10,7,11,25,35,0,1,0,21,1,18,7,18007,4,1991,1G4AH54N6M64,1,G,4,A,H,5,4,N,6,M,6,4,0,P,BUIC,CCU,4D,91,17,2770,,0,1049,,G,,F,6,204,,,14R185,,,,,,0,0,000000000,00000000000,0,0,0,1,0,0,0,0,0,0,0,998,0,0,0,12,6,2,32,0,0,0,1,21,40437,6,1,0,0,3,0,63,120,2,0,0,0,0,9,2010,1,2011,0,0,0,0,0,1,2,55,1,1,2,1,28,3,1,13,1,1,4,1,1,0
21,210367,1,2,1,10,7,15,5,12,8,1,0,21,1,73,703,73703,80,2001,JKABNRA141DA,J,K,A,B,N,R,A,1,4,1,D,A,0,M,KAWK,BN1,RS,1,17,,,,,,,125,,1,,4,282,,,,,,,0,0,000000000,00000000000,0,0,0,1,0,0,0,0,0,0,0,998,0,0,0,9,2,3,12,0,0,0,1,21,41102,6,1,0,0,3,0,71,175,0,0,0,0,0,0,0,0,0,0,38,0,0,0,1,2,35,1,1,2,1,28,3,11,15,9,1,1,68,1,0