STATE,ST_CASE,VEH_NO,VE_FORMS,NUMOCCS,DAY,MONTH,HOUR,MINUTE,HARM_EV,MAN_COLL,UNITTYPE,HIT_RUN,REG_STAT,OWNER,MAKE,MODEL,MAK_MOD,BODY_TYP,MOD_YEAR,VIN,VIN_1,VIN_2,VIN_3,VIN_4,VIN_5,VIN_6,VIN_7,VIN_8,VIN_9,VIN_10,VIN_11,VIN_12,TOW_VEH,VINTYPE,VINMAKE,VINA_MOD,VIN_BT,VINMODYR,VIN_LNGT,VIN_WGT,WGTCD_TR,WHLBS_LG,WHLBS_SH,SER_TR,FUELCODE,MCYCL_DS,CARBUR,CYLINDER,DISPLACE,MCYCL_CY,MCYCL_WT,TIRE_SZE,TON_RAT,TRK_WT,TRKWTVAR,VIN_REST,WHLDRWHL,J_KNIFE,MCARR_I1,MCARR_I2,MCARR_ID,GVWR,V_CONFIG,CARGO_BT,HAZ_INV,HAZ_PLAC,HAZ_ID,HAZ_CNO,HAZ_REL,BUS_USE,SPEC_USE,EMER_USE,TRAV_SP,UNDERIDE,ROLLOVER,ROLINLOC,IMPACT1,DEFORMED,TOWED,M_HARM,VEH_SC1,VEH_SC2,FIRE_EXP,DR_PRES,L_STATE,DR_ZIP,L_STATUS,L_TYPE,CDL_STAT,L_ENDORS,L_COMPL,L_RESTRI,DR_HGT,DR_WGT,PREV_ACC,PREV_SUS,PREV_DWI,PREV_SPD,PREV_OTH,FIRST_MO,FIRST_YR,LAST_MO,LAST_YR,SPEEDREL,DR_SF1,DR_SF2,DR_SF3,DR_SF4,VTRAFWAY,VNUM_LAN,VSPD_LIM,VALIGN,VPROFILE,VPAVETYP,VSURCOND,VTRAFCON,VTCONT_F,P_CRASH1,P_CRASH2,P_CRASH3,PCRASH4,PCRASH5,ACC_TYPE,DEATHS,DR_DRINK
21,210401,1,1,1,30,7,21,13,15,0,1,0,21,1,37,32,37032,4,2005,1HGCM56425A0,1,H,G,C,M,5,6,4,2,5,A,0,0,P,HOND,ULX,4D,5,17,3177,,0,1079,,G,,F,4,146,,,15R205,,,,,,0,0,000000000,00000000000,0,0,0,1,0,0,0,0,0,0,0,38,0,0,0,12,2,1,15,0,0,0,1,21,40324,6,1,0,0,3,0,62,120,1,0,0,0,0,6,2011,6,2011,0,0,0,0,0,1,4,35,1,1,2,1,0,0,1,83,2,1,1,13,0,0
21,210402,1,1,1,13,7,21,39,35,0,1,0,21,1,20,471,20471,30,1989,1GCCS14Z5K22,1,G,C,C,S,1,4,Z,5,K,2,2,0,T,CHEV,S14,PK,89,17,,1,1179,1083,S,G,,,6,262,,,,B,2612,01,,42,0,0,000000000,00000000000,0,0,0,1,0,0,0,0,0,0,0,998,0,0,0,12,6,2,35,0,0,0,1,21,40380,6,1,0,0,3,0,67,195,0,0,0,0,0,0,0,0,0,0,0,0,0,0,1,2,55,1,1,2,1,0,0,1,13,1,1,4,1,1,0
21,210403,1,1,1,5,7,18,31,1,0,1,0,0,0,99,998,99998,92,2005,000000000000,0,0,0,0,0,0,0,0,0,0,0,0,0,,,,,,,,,,,,,,,,,,,,,,,,,0,0,000000000,00000000000,0,0,0,1,0,0,0,0,0,0,0,998,0,2,5,0,2,3,1,0,0,0,1,21,41230,1,1,0,0,1,0,72,131,1,1,1,0,1,6,2011,6,2012,0,99,99,99,99,4,1,55,1,2,4,1,0,0,1,13,1,1,4,1,1,1
21,210404,1,1,1,31,7,8,58,35,0,1,0,21,1,7,482,7482,31,2011,1D7RV1CT8BS5,1,D,7,R,V,1,C,T,8,B,S,5,0,T,DODG,150,CW,11,17,,2,0,1400,RPC,G,,,8,348,,,,B,5308,00,K,44,0,0,000000000,00000000000,0,0,0,1,0,0,0,0,0,0,0,55,0,0,0,12,6,2,35,0,0,0,1,21,42328,6,1,0,0,3,0,70,175,0,0,0,0,0,0,0,0,0,0,0,0,0,0,1,2,55,3,2,2,1,0,0,14,13,1,1,4,1,1,1
21,210405,1,1,2,10,7,18,1,35,0,1,0,21,1,20,9,20009,2,2001,2G1FP22G2121,2,G,1,F,P,2,2,G,2,1,2,1,0,P,CHEV,Z28,CP,1,17,3439,,0,1011,,G,,F,8,350,,,16R235,,,,,,0,0,000000000,00000000000,0,0,0,1,0,0,0,0,0,0,0,998,0,1,5,12,6,2,1,0,0,0,1,21,40456,6,1,0,0,3,0,64,125,0,0,0,0,0,0,0,0,0,1,58,0,0,0,1,2,55,4,2,2,1,0,0,14,13,7,4,4,7,1,1
21,210406,1,1,1,14,7,2,30,5,0,1,0,0,0,99,739,99739,90,9999,000000000000,0,0,0,0,0,0,0,0,0,0,0,0,0,,,,,,,,,,,,,,,,,,,,,,,,,0,0,000000000,00000000000,0,0,0,1,0,0,0,0,0,0,0,35,0,0,0,0,0,4,5,0,0,0,1,21,41056,6,1,0,0,1,0,64,186,0,0,0,0,0,0,0,0,0,0,0,0,0,0,1,2,55,1,2,2,1,28,3,1,98,1,1,1,0,1,1
21,210407,1,2,4,5,7,0,32,12,8,1,1,21,1,24,401,24401,14,2004,5GZCZ33DX4S8,5,G,Z,C,Z,3,3,D,X,4,S,8,0,P,STRN,VUE,UT,4,17,3299,,0,1066,,G,,F,4,134,,,16R215,,,,,,0,0,000000000,00000000000,0,0,0,1,0,0,0,0,0,0,0,58,0,0,0,62,2,3,12,0,0,0,1,21,41650,1,1,0,0,2,0,73,225,0,2,0,0,2,9,2011,7,2012,1,28,0,0,0,1,2,55,2,2,2,1,0,0,14,10,1,1,2,64,0,1
21,210407,2,2,1,5,7,0,32,12,8,1,0,92,0,99,709,99709,80,2007,999999999999,9,9,9,9,9,9,9,9,9,9,9,9,0,,,,,,,,,,,,,,,,,,,,,,,,,0,0,000000000,00000000000,0,0,0,1,0,0,0,0,0,0,0,23,0,0,0,61,6,2,12,0,0,0,1,21,41650,0,0,0,0,0,0,73,145,0,0,0,0,0,0,0,0,0,0,0,0,0,0,1,2,55,3,2,2,1,0,0,14,62,1,1,1,65,1,0
21,210408,1,2,1,26,7,13,52,12,6,1,0,21,1,6,41,6041,4,1999,2C3HD46J5XH5,2,C,3,H,D,4,6,J,5,X,H,5,0,P,CHRY,CIX,4D,99,17,3474,,0,1130,,G,,F,6,197,,,15R205,,,,,,0,0,000000000,00000000000,0,0,0,1,0,0,0,0,0,0,0,8,0,0,0,62,6,2,12,0,0,0,1,21,41042,6,1,0,0,3,0,71,280,0,0,0,0,0,0,0,0,0,0,38,0,0,0,1,2,98,1,1,2,1,20,3,11,15,1,1,1,82,0,0
21,210408,2,2,1,26,7,13,52,12,6,1,0,21,1,12,471,12471,30,2000,1FTZR15X6YTA,1,F,T,Z,R,1,5,X,6,Y,T,A,0,T,FORD,RNS,PC,0,17,,1,0,1259,RNG,G,,,6,245,,,,B,3599,01,U,44,0,0,000000000,00000000000,0,0,0,1,0,0,0,0,0,0,0,33,0,0,0,12,6,2,12,0,0,0,1,21,41091,6,1,0,0,3,0,67,180,0,0,0,0,0,0,0,0,0,0,0,0,0,0,1,2,45,1,1,2,1,0,0,1,67,3,2,1,83,1,0
21,210409,1,1,2,3,7,17,20,42,0,1,0,21,1,12,471,12471,30,1997,1FTCR10A8VPB,1,F,T,C,R,1,0,A,8,V,P,B,0,T,FORD,RNG,PK,97,17,,1,1140,1080,RNG,G,,,4,140,,,,B,2970,01,E,42,0,0,000000000,00000000000,0,0,0,1,0,0,0,0,0,0,0,998,0,0,0,12,6,2,42,0,0,0,1,21,40387,6,1,0,0,3,0,69,230,0,0,0,0,0,0,0,0,0,0,0,0,0,0,1,2,55,4,3,2,1,40,3,14,13,99,1,4,1,1,0
21,210410,1,1,1,30,5,10,46,1,0,1,0,21,1,20,16,20016,4,2001,1G1JC5241174,1,G,1,J,C,5,2,4,1,1,7,4,0,P,CHEV,CAC,4D,1,17,2676,,0,1041,,C,,F,4,133,,,14R195,,,,,,0,0,000000000,00000000000,0,0,0,1,0,0,0,0,0,0,0,998,0,2,5,0,6,2,42,0,0,0,1,21,42743,6,1,0,0,3,0,63,170,0,0,0,0,0,0,0,0,0,0,0,0,0,0,1,2,55,1,3,2,1,0,0,1,13,1,1,4,1,1,0
21,210411,1,1,1,4,7,22,45,42,0,1,0,21,2,72,706,72706,80,2001,1HD1CHP1X1K1,1,H,D,1,C,H,P,1,X,1,K,1,0,M,HD,20S,RS,1,17,,,,,,,1200,,2,,4,501,,,,,,,0,0,000000000,00000000000,0,0,0,1,0,0,0,0,0,0,0,39,0,0,0,12,6,2,42,0,0,0,1,21,42501,1,1,0,0,2,0,72,200,0,1,1,0,0,3,2010,3,2010,0,0,0,0,0,1,2,25,2,2,2,1,0,0,14,12,1,1,4,6,1,1
21,210412,1,2,1,1,7,2,37,12,1,1,0,21,1,76,709,76709,80,2009,JYAVP24E49A0,J,Y,A,V,P,2,4,E,4,9,A,0,0,M,YAMA,X13,RS,9,17,,,,,,,1304,,2,,4,624,,,,,,,0,0,000000000,00000000000,0,0,0,1,0,0,0,0,0,0,0,998,0,0,0,12,6,2,12,0,0,0,1,21,40517,6,1,0,0,2,0,68,150,0,0,0,0,0,0,0,0,0,1,0,0,0,0,2,2,55,1,3,2,1,0,0,1,51,3,2,1,24,1,1
21,210412,2,2,3,1,7,2,37,12,1,1,0,39,1,12,3,12003,3,1993,1FACP41M0PF1,1,F,A,C,P,4,1,M,0,P,F,1,0,P,FORD,MLX,2H,93,17,2834,,0,1005,,G,,F,4,140,,,14R195,,,,,,0,0,000000000,00000000000,0,0,0,1,0,0,0,0,0,0,0,998,0,0,0,6,6,2,12,0,0,0,1,39,45240,6,1,0,0,3,0,72,185,1,2,0,0,3,3,2011,6,2012,0,0,0,0,0,2,2,55,1,3,2,1,0,0,1,53,1,1,1,25,0,0
21,210413,1,2,1,7,4,15,55,12,6,1,0,0,0,76,739,76739,90,9999,000000000000,0,0,0,0,0,0,0,0,0,0,0,0,0,,,,,,,,,,,,,,,,,,,,,,,,,0,0,000000000,00000000000,0,0,0,1,0,0,0,0,0,0,0,998,0,0,0,61,6,2,12,0,0,0,1,21,41231,6,1,0,0,3,0,72,180,0,1,1,0,0,10,2009,10,2009,0,38,0,0,0,1,2,99,1,1,2,1,20,3,11,15,1,1,2,82,1,0
21,210413,2,2,1,7,4,15,55,12,6,1,0,21,1,49,482,49482,31,2001,5TBBT44161S2,5,T,B,B,T,4,4,1,6,1,S,2,0,T,TOYT,TRS,4C,1,17,,2,0,1283,TUN,G,,,8,285,,,,B,4518,00,U,44,0,0,000000000,00000000000,0,0,0,1,0,0,0,0,0,0,0,998,7,0,0,12,4,1,12,0,0,0,1,21,41231,6,1,0,0,3,0,74,170,1,0,0,0,0,11,2009,11,2009,0,0,0,0,0,1,2,35,1,1,2,1,4,3,1,67,98,2,1,83,0,0
21,210414,1,1,1,12,7,15,30,53,0,1,0,21,1,20,36,20036,2,1999,2G1WX12K6X91,2,G,1,W,X,1,2,K,6,X,9,1,0,P,CHEV,MZ3,CP,99,17,3436,,0,1075,,G,,F,6,231,,,16R225,,,,,,0,0,000000000,00000000000,0,0,0,1,0,0,0,0,0,0,0,998,0,0,0,12,6,2,30,0,0,0,1,21,42754,6,1,0,0,3,0,72,175,0,0,0,0,0,0,0,0,0,0,58,87,0,0,1,2,55,3,2,2,2,0,0,14,13,6,2,4,7,1,1
21,210415,1,1,1,1,8,0,7,24,0,1,0,21,1,20,481,20481,31,1997,2GCEC19R6V11,2,G,C,E,C,1,9,R,6,V,1,1,0,T,CHEV,GC1,PC,97,17,,2,1555,1415,GM4,G,,,8,350,,,,B,4160,00,,42,0,0,000000000,00000000000,0,0,0,1,0,0,0,0,0,0,0,998,0,0,0,81,6,2,42,0,0,1,1,21,40505,6,1,0,0,3,1,71,260,0,0,0,0,0,0,0,0,0,1,0,0,0,0,1,2,35,3,2,2,1,40,3,14,6,98,2,4,2,1,0
21,210416,1,1,1,2,8,5,0,38,0,1,0,0,0,99,739,99739,90,9999,000000000000,0,0,0,0,0,0,0,0,0,0,0,0,0,,,,,,,,,,,,,,,,,,,,,,,,,0,0,000000000,00000000000,0,0,0,1,0,0,0,0,0,0,0,998,0,1,5,81,2,3,99,0,0,0,1,21,40870,1,1,0,0,1,0,64,160,2,2,3,0,1,4,2010,3,2012,0,0,0,0,0,4,1,25,1,1,2,1,0,0,1,12,1,1,4,6,1,1
21,210417,1,2,1,2,8,11,52,12,6,1,0,21,3,12,881,12881,63,1983,1FDZA90W3DVA,1,F,D,Z,A,9,0,W,3,D,V,A,0,T,FORD,TL9,CC,83,17,,8,2460,1740,COL,D,,,6,855,,,,,14045,04,,64,0,57,01491727,5701491727,3,2,4,1,0,0,0,0,0,0,0,998,0,1,1,3,6,2,2,0,0,1,1,21,41572,6,1,6,0,3,0,74,240,0,0,0,0,0,0,0,0,0,0,0,0,0,0,2,2,55,4,1,2,1,0,0,14,50,9,2,2,48,1,0
21,210417,2,2,1,2,8,11,52,12,6,1,0,39,3,87,881,87881,66,2007,1XP5DB9X07N7,1,X,P,5,D,B,9,X,0,7,N,7,1,T,PTRB,379,TR,7,17,,8,0,0,CON,D,,,6,893,,,,,00000,00,,64,1,57,00517565,5700517565,3,6,4,1,0,0,0,0,0,0,0,998,0,0,0,12,6,2,12,0,0,0,1,39,45638,6,1,6,0,3,0,67,190,0,0,0,0,0,0,0,0,0,0,0,0,0,0,2,2,55,4,1,2,1,0,0,14,60,98,2,1,48,0,0
21,210418,1,1,1,2,8,5,40,1,0,1,0,21,1,37,705,37705,80,2007,JH2PC214X7M8,J,H,2,P,C,2,1,4,X,7,M,8,0,M,HOND,VCD,RS,7,17,,,,,,,583,,2,,4,458,,,,,,,0,0,000000000,00000000000,0,0,0,1,0,0,0,0,0,0,0,998,0,0,0,0,4,8,1,0,0,0,1,21,42420,6,1,0,0,2,0,70,220,0,0,0,0,0,0,0,0,0,0,79,0,0,0,1,2,55,3,1,2,1,0,0,14,5,1,1,4,98,1,1
21,210419,1,2,2,4,8,0,19,12,6,1,0,21,1,2,404,2404,14,2007,1J8HR48P27C5,1,J,8,H,R,4,8,P,2,7,C,5,0,T,JEEP,LCF,4W,7,17,,2,0,1095,GCK,F,,,8,287,,,,,4519,00,7,44,0,0,000000000,00000000000,0,0,0,1,0,0,0,0,0,0,0,998,0,0,0,63,4,3,12,0,0,0,1,21,40205,6,1,0,0,3,0,74,200,0,0,0,0,0,0,0,0,0,0,38,91,0,0,1,2,98,1,2,2,1,20,3,1,17,98,1,1,89,0,1
21,210419,2,2,2,4,8,0,19,12,6,1,0,21,1,37,705,37705,80,1999,JH2PC3506XM0,J,H,2,P,C,3,5,0,6,X,M,0,0,M,HOND,CF4,RC,99,17,,,,,,,599,,4,,4,373,,,,,,,0,0,000000000,00000000000,0,0,0,1,0,0,0,0,0,0,0,998,0,0,0,12,6,2,12,0,0,0,1,21,40223,6,1,0,0,3,0,69,177,0,0,0,1,0,12,2009,12,2009,1,0,0,0,0,1,4,35,1,2,2,1,0,0,1,66,3,2,1,88,1,1
21,210420,1,2,1,5,8,10,26,12,2,1,0,18,1,20,39,20039,4,2009,KL1TD56E39B3,K,L,1,T,D,5,6,E,3,9,B,3,0,P,CHEV,LTS,4D,9,17,2569,,0,976,,G,,F,4,098,,,14R185,,,,,,0,0,000000000,00000000000,0,0,0,1,0,0,0,0,0,0,0,55,0,0,0,12,6,2,12,0,0,0,1,18,47714,6,1,0,0,3,0,68,175,0,0,0,0,0,0,0,0,0,0,28,0,0,0,1,2,55,1,1,2,1,0,0,1,10,1,1,2,50,0,0
21,210420,2,2,2,5,8,10,26,12,2,1,0,21,2,35,47,35047,4,2005,1N4AL11D85N9,1,N,4,A,L,1,1,D,8,5,N,9,0,P,NISS,ASL,4D,5,17,2915,,0,1102,,G,,F,4,153,,,16R215,,,,,,0,0,000000000,00000000000,0,0,0,1,0,0,0,0,0,0,0,50,0,0,0,12,6,2,12,0,0,0,1,21,42376,6,1,0,0,3,0,67,157,0,0,0,0,0,0,0,0,0,0,0,0,0,0,1,2,55,1,1,2,1,0,0,1,60,98,2,1,51,1,0
21,210421,1,1,4,5,8,16,27,42,0,1,0,21,2,22,20,22020,4,2006,2G2WP5529611,2,G,2,W,P,5,5,2,9,6,1,1,0,P,PONT,GRA,4D,6,17,3477,,0,1105,,G,,F,6,232,,,16R225,,,,,,0,0,000000000,00000000000,0,0,0,1,0,0,0,0,0,0,0,45,0,0,0,12,6,2,42,0,0,0,1,21,40447,6,2,0,0,2,0,63,107,0,0,0,0,0,0,0,0,0,0,58,87,0,0,1,2,55,1,1,2,2,0,0,1,5,3,2,4,2,1,0
21,210422,1,2,1,5,8,19,25,12,2,1,0,21,1,20,422,20422,15,2004,3GNFK16Z44G2,3,G,N,F,K,1,6,Z,4,4,G,2,0,P,CHEV,K15,UT,4,17,5219,,0,1300,,F,,F,8,325,,,16R265,,,,,,0,0,000000000,00000000000,0,0,0,1,0,0,0,0,0,0,0,998,0,0,0,12,6,2,12,0,0,0,1,21,40162,6,1,0,0,3,1,64,118,1,0,0,0,0,12,2009,12,2009,1,87,0,0,0,1,2,55,1,1,2,6,0,0,1,6,98,2,2,50,1,0
21,210422,2,2,1,5,8,19,25,12,2,1,0,21,1,7,482,7482,31,2001,1B7KF237X1J5,1,B,7,K,F,2,3,7,X,1,J,5,1,T,DODG,Q25,4C,1,17,,2,1547,1387,RPC,D,,,6,359,,,,C,5586,01,U,44,1,0,000000000,00000000000,0,0,0,1,0,0,0,0,0,0,0,998,0,0,0,12,6,2,12,0,0,0,1,21,40162,6,1,0,0,3,0,69,185,1,0,0,0,0,6,2011,6,2011,0,0,0,0,0,1,2,55,1,1,2,6,0,0,1,62,98,9,1,51,0,0
21,210423,1,1,1,6,8,13,35,35,0,1,0,21,1,35,471,35471,30,1992,1N6SD16Y1NC3,1,N,6,S,D,1,6,Y,1,N,C,3,0,T,NISS,KNG,PC,92,17,,1,0,1161,TRK,G,,,4,146,,,,B,3455,01,A,44,0,0,000000000,00000000000,0,0,0,1,0,0,0,0,0,0,0,998,0,0,0,12,6,2,35,0,0,0,1,21,42164,6,1,0,0,3,0,71,175,0,0,0,0,0,0,0,0,0,1,0,0,0,0,1,2,35,2,1,2,1,40,3,14,12,1,1,4,6,1,0
21,210424,1,1,1,6,8,18,2,52,0,1,0,47,1,35,47,35047,4,1999,1N4DL01D1XC1,1,N,4,D,L,0,1,D,1,X,C,1,0,P,NISS,AGS,4D,99,17,2762,,0,1031,,G,,F,4,146,,,15R195,,,,,,0,0,000000000,00000000000,0,0,0,1,0,0,0,0,0,0,0,998,0,0,0,12,6,2,52,0,0,0,1,47,37073,6,1,0,0,3,0,70,145,0,0,0,1,0,3,2012,3,2012,0,58,0,0,0,2,2,70,1,1,2,1,0,0,1,9,9,3,4,2,1,0
21,210425,1,3,1,8,8,23,0,12,8,1,0,17,3,82,881,82881,66,2012,1FVXFBCG3CDB,1,F,V,X,F,B,C,G,3,C,D,B,1,T,FRHT,COR,GL,12,17,,8,0,0,CON,D,,,6,774,,,,,00000,00,,,1,57,00111862,5700111862,3,6,3,1,0,0,0,0,0,0,0,68,0,0,0,62,6,2,8,0,0,0,1,1,35670,6,1,6,0,3,1,72,300,0,0,0,0,0,0,0,0,0,0,0,0,0,0,2,2,70,4,2,2,1,0,0,6,50,8,1,1,98,0,0
21,210425,2,3,0,8,8,23,0,12,8,1,0,21,6,22,9,22009,3,1998,2G2FS22K7W22,2,G,2,F,S,2,2,K,7,W,2,2,0,P,PONT,FBD,2H,98,17,3340,,0,1011,,G,,F,6,231,,,16R215,,,,,,0,0,000000000,00000000000,0,0,0,1,0,0,0,0,0,0,0,0,0,0,0,62,6,2,12,0,0,1,0,0,99997,7,6,97,7,6,7,998,997,998,998,998,998,998,98,9998,98,9998,8,0,0,0,0,2,2,70,4,2,2,1,0,0,0,53,0,0,0,98,0,0
21,210425,3,3,1,8,8,23,0,12,8,1,0,17,3,51,881,51881,66,2001,4V4NC9TK11N3,4,V,4,N,C,9,T,K,1,1,N,3,1,T,VOLV,VNL,TR,1,17,,8,0,0,VVN,D,,,6,915,,,,,00000,00,,64,1,57,00262863,5700262863,3,6,97,1,0,0,0,0,0,0,0,63,0,0,0,63,2,1,12,0,0,0,1,1,35016,6,1,6,0,3,0,73,220,0,0,0,2,1,5,2010,11,2011,0,0,0,0,0,2,2,70,4,2,2,1,0,0,14,60,9,1,1,98,0,0
21,210426,1,1,1,10,8,7,10,35,0,1,0,21,1,49,472,49472,30,2000,4TAPM62N4YZ6,4,T,A,P,M,6,2,N,4,Y,Z,6,0,T,TOYT,REG,PK,0,17,,1,0,1033,TAC,G,,,4,164,,,,B,3215,00,U,44,0,0,000000000,00000000000,0,0,0,1,0,0,0,0,0,0,0,998,0,1,5,81,6,2,35,0,0,0,1,21,41230,6,1,6,0,3,0,74,230,0,0,0,0,0,0,0,0,0,0,0,0,0,0,1,2,25,3,1,2,2,0,0,14,12,98,1,4,6,1,0
21,210427,1,2,1,10,8,19,25,12,6,1,0,21,1,23,481,23481,31,2010,3GTRKVE39AG2,3,G,T,R,K,V,E,3,9,A,G,2,0,T,GMC,1NK,CW,10,17,,2,0,1435,SIE,F,,,8,323,,,,B,5346,00,S,44,0,0,000000000,00000000000,0,0,0,1,0,0,0,0,0,0,0,998,0,0,0,1,4,3,12,0,0,0,1,21,40006,6,1,0,0,3,0,70,150,0,0,0,0,0,0,0,0,0,0,38,0,0,0,1,2,55,1,2,2,1,0,0,11,15,1,1,1,68,0,0
21,210427,2,2,1,10,8,19,25,12,6,1,0,21,1,37,705,37705,80,1986,JH2PC0801GM3,J,H,2,P,C,0,8,0,1,G,M,3,0,M,HOND,VT5,RS,86,17,,,,,,,500,,2,,4,408,,,,,,,0,0,000000000,00000000000,0,0,0,1,0,0,0,0,0,0,0,998,0,0,0,12,6,2,12,0,0,0,1,21,40006,3,1,0,0,2,0,77,215,0,0,0,0,0,0,0,0,0,0,0,0,0,0,1,2,55,1,2,2,1,0,0,1,62,3,2,1,69,1,0
21,210428,1,1,3,10,8,21,41,8,0,1,0,21,1,20,481,20481,31,2011,1GCRKTE31BZ3,1,G,C,R,K,T,E,3,1,B,Z,3,0,T,CHEV,3SK,4C,11,17,,2,1575,1435,SIL,F,,,8,323,,,,B,5286,02,,44,0,0,000000000,00000000000,0,0,0,1,0,0,0,0,0,0,0,998,0,0,0,12,4,3,8,0,0,0,1,21,41719,6,1,0,0,3,0,65,120,0,0,0,2,0,11,2009,5,2010,0,0,0,0,0,1,2,55,4,2,2,1,0,0,14,80,1,1,1,13,0,0
21,210429,1,1,1,11,8,11,25,35,0,1,0,47,1,76,706,76706,80,2006,JYAVP17E96A0,J,Y,A,V,P,1,7,E,9,6,A,0,0,M,YAMA,X17,RS,6,17,,,,,,,1670,,2,,4,679,,,,,,,0,0,000000000,00000000000,0,0,0,1,0,0,0,0,0,0,0,998,0,0,0,12,2,3,35,0,0,0,1,47,37090,6,1,6,0,3,1,70,350,0,0,0,0,0,0,0,0,0,0,0,0,0,0,1,2,55,3,2,2,1,0,0,14,13,1,1,4,1,1,0
21,210430,1,2,1,12,8,11,11,12,6,1,0,21,1,7,17,7017,5,1993,1B3XP28K0PN6,1,B,3,X,P,2,8,K,0,P,N,6,0,P,DODG,SHA,4H,93,17,2544,,0,972,,G,,F,4,153,,,14R185,,,,,,0,0,000000000,00000000000,0,0,0,1,0,0,0,0,0,0,0,998,0,0,0,63,6,2,12,0,0,0,1,21,40069,6,1,0,0,3,0,63,158,0,0,0,0,0,0,0,0,0,0,38,0,0,0,1,2,55,1,1,2,1,3,3,1,17,1,1,1,89,1,0
21,210430,2,2,7,12,8,11,11,12,6,1,0,21,1,12,443,12443,20,2004,2FMZA51674BA,2,F,M,Z,A,5,1,6,7,4,B,A,0,P,FORD,FRE,SV,4,17,4275,,0,1208,,G,,F,6,238,,,16R225,,,,,,0,0,000000000,00000000000,0,0,0,1,0,0,0,0,0,0,0,998,0,0,0,12,6,2,12,0,0,0,1,21,42320,6,1,0,0,3,0,71,250,0,0,0,0,0,0,0,0,0,0,0,0,0,0,1,2,55,1,1,2,1,3,3,1,66,6,1,1,88,0,0
21,210431,1,3,1,14,8,6,17,12,1,1,0,21,1,12,481,12481,31,2007,1FTPW14V57FA,1,F,T,P,W,1,4,V,5,7,F,A,0,T,FORD,F1S,CW,7,17,,2,0,1390,COF,F,,,8,329,,,,B,5476,01,E,44,0,0,000000000,00000000000,0,0,0,1,0,0,0,0,0,0,0,998,0,0,0,12,6,2,12,0,0,0,1,21,40012,6,1,0,0,3,0,71,195,2,0,0,1,0,1,2011,9,2011,0,0,0,0,0,1,3,55,1,1,2,1,0,0,1,50,1,1,1,20,0,0
21,210431,2,3,3,14,8,6,17,12,1,1,0,21,1,12,3,12003,1,1996,1FALP4446TF1,1,F,A,L,P,4,4,4,6,T,F,1,0,P,FORD,MUS,CV,96,17,3269,,0,1013,,G,,F,6,232,,,15R205,,,,,,0,0,000000000,00000000000,0,0,0,1,0,0,0,0,0,0,0,0,0,0,0,6,6,2,12,0,0,0,1,21,40046,6,1,0,0,3,0,74,195,0,1,1,0,0,12,2009,1,2010,0,0,0,0,0,1,3,55,1,1,2,1,0,0,5,53,1,1,1,22,1,0
21,210431,3,3,1,14,8,6,17,12,1,1,0,21,1,19,14,19014,4,1992,1G6KS53B0NU8,1,G,6,K,S,5,3,B,0,N,U,8,0,P,CADI,SEV,4D,92,17,3648,,0,1110,,G,,F,8,300,,,16R225,,,,,,0,0,000000000,00000000000,0,0,0,1,0,0,0,0,0,0,0,998,0,0,0,61,4,3,12,0,0,0,1,21,40071,6,1,6,0,3,0,67,155,0,0,0,0,0,0,0,0,0,0,0,0,0,0,1,3,55,1,1,2,1,0,0,1,62,98,1,1,98,0,0
21,210432,1,1,1,14,8,8,14,42,0,1,0,21,1,37,31,37031,2,2003,1HGEM21983L0,1,H,G,E,M,2,1,9,8,3,L,0,0,P,HOND,UAX,CP,3,17,2553,,0,1031,,G,,F,4,102,,,14R185,,,,,,0,0,000000000,00000000000,0,0,0,1,0,0,0,0,0,0,0,60,0,0,0,12,6,2,42,0,0,0,1,21,40205,6,1,0,0,3,1,69,157,0,0,0,0,0,0,0,0,0,1,0,0,0,0,1,2,25,3,1,2,1,0,0,14,6,6,3,4,2,1,1
21,210433,1,1,1,15,8,11,27,1,0,1,0,21,1,12,471,12471,30,1995,1FTCR14A0SPA,1,F,T,C,R,1,4,A,0,S,P,A,0,T,FORD,RNS,PC,95,17,,1,0,1250,RNG,G,,,4,140,,,,B,00000,00,M,42,0,0,000000000,00000000000,0,0,0,1,0,0,0,0,0,0,0,998,0,2,5,0,6,2,1,0,0,0,1,21,41314,6,1,0,0,3,0,71,260,0,1,0,0,1,3,2012,6,2012,1,6,0,0,0,1,2,55,2,1,2,2,0,0,14,6,98,9,4,2,1,0
21,210434,1,1,2,5,8,14,30,42,0,1,0,21,2,37,31,37031,2,1986,JHMAF5329GS0,J,H,M,A,F,5,3,2,9,G,S,0,0,P,HOND,5RX,2H,86,17,1764,,0,866,,G,,3,4,091,,,13R175,,,,,,0,0,000000000,00000000000,0,0,0,1,0,0,0,0,0,0,0,70,0,0,0,61,6,2,42,0,0,0,1,21,42728,0,0,0,0,0,0,64,160,0,0,0,0,0,0,0,0,0,0,58,0,0,0,2,2,70,1,1,2,1,0,0,1,9,9,3,4,2,1,0
21,210435,1,2,4,9,8,16,13,12,2,1,0,21,2,22,18,22018,4,2000,1G2NE52T8YM7,1,G,2,N,E,5,2,T,8,Y,M,7,0,P,PONT,GAS,4D,0,17,3116,,0,1070,,G,,F,4,146,,,15R215,,,,,,0,0,000000000,00000000000,0,0,0,1,0,0,0,0,0,0,0,45,2,0,0,12,6,2,12,0,0,0,1,21,41071,6,1,0,0,3,0,64,150,0,0,0,1,0,7,2012,7,2012,1,28,87,0,0,1,2,35,2,2,2,2,40,3,14,6,1,1,2,50,1,0