STATE,ST_CASE,VEH_NO,VE_FORMS,NUMOCCS,DAY,MONTH,HOUR,MINUTE,HARM_EV,MAN_COLL,UNITTYPE,HIT_RUN,REG_STAT,OWNER,MAKE,MODEL,MAK_MOD,BODY_TYP,MOD_YEAR,VIN,VIN_1,VIN_2,VIN_3,VIN_4,VIN_5,VIN_6,VIN_7,VIN_8,VIN_9,VIN_10,VIN_11,VIN_12,TOW_VEH,VINTYPE,VINMAKE,VINA_MOD,VIN_BT,VINMODYR,VIN_LNGT,VIN_WGT,WGTCD_TR,WHLBS_LG,WHLBS_SH,SER_TR,FUELCODE,MCYCL_DS,CARBUR,CYLINDER,DISPLACE,MCYCL_CY,MCYCL_WT,TIRE_SZE,TON_RAT,TRK_WT,TRKWTVAR,VIN_REST,WHLDRWHL,J_KNIFE,MCARR_I1,MCARR_I2,MCARR_ID,GVWR,V_CONFIG,CARGO_BT,HAZ_INV,HAZ_PLAC,HAZ_ID,HAZ_CNO,HAZ_REL,BUS_USE,SPEC_USE,EMER_USE,TRAV_SP,UNDERIDE,ROLLOVER,ROLINLOC,IMPACT1,DEFORMED,TOWED,M_HARM,VEH_SC1,VEH_SC2,FIRE_EXP,DR_PRES,L_STATE,DR_ZIP,L_STATUS,L_TYPE,CDL_STAT,L_ENDORS,L_COMPL,L_RESTRI,DR_HGT,DR_WGT,PREV_ACC,PREV_SUS,PREV_DWI,PREV_SPD,PREV_OTH,FIRST_MO,FIRST_YR,LAST_MO,LAST_YR,SPEEDREL,DR_SF1,DR_SF2,DR_SF3,DR_SF4,VTRAFWAY,VNUM_LAN,VSPD_LIM,VALIGN,VPROFILE,VPAVETYP,VSURCOND,VTRAFCON,VTCONT_F,P_CRASH1,P_CRASH2,P_CRASH3,PCRASH4,PCRASH5,ACC_TYPE,DEATHS,DR_DRINK
21,210474,1,2,1,8,9,16,59,1,0,1,0,21,1,72,706,72706,80,2005,1HD1FYW1X5Y7,1,H,D,1,F,Y,W,1,X,5,Y,7,0,M,HD,RSI,RS,5,17,,,,,,,1450,,2,,4,721,,,,,,,0,0,000000000,00000000000,0,0,0,1,0,0,0,0,0,0,0,998,0,0,0,0,2,3,54,0,0,0,1,21,42104,6,1,0,0,3,0,77,325,0,0,0,0,0,0,0,0,0,0,0,0,0,0,1,2,55,4,1,2,1,0,0,14,9,3,9,1,98,1,0
21,210474,2,2,1,8,9,16,59,1,0,1,0,21,2,35,47,35047,4,2006,1N4AL11DX6N4,1,N,4,A,L,1,1,D,X,6,N,4,0,P,NISS,ASL,4D,6,17,2915,,0,1102,,G,,F,4,153,,,16R215,,,,,,0,0,000000000,00000000000,0,0,0,1,0,0,0,0,0,0,0,998,0,0,0,12,2,3,54,0,0,0,1,21,42134,6,1,0,0,3,1,66,160,1,0,0,0,0,7,2012,7,2012,0,0,0,0,0,1,2,55,4,1,2,1,0,0,14,90,3,2,1,98,0,0
21,210475,1,1,1,8,9,20,28,38,0,1,0,21,1,2,406,2406,14,2006,1J8HH48K66C3,1,J,8,H,H,4,8,K,6,6,C,3,0,T,JEEP,BSE,4W,6,17,,2,0,1095,CMD,G,,,6,226,,,,,4484,00,K,42,0,0,000000000,00000000000,0,0,0,1,0,0,0,0,0,0,0,48,0,0,0,12,6,2,38,0,0,0,1,21,42240,0,0,0,0,0,0,69,158,0,0,0,0,0,0,0,0,0,0,99,99,99,99,1,2,25,3,1,2,1,28,3,1,13,1,1,4,1,1,0
21,210476,1,1,1,9,9,15,2,24,0,1,0,92,0,73,709,73709,80,2007,JKAKXGDC77A0,J,K,A,K,X,G,D,C,7,7,A,0,0,M,KAWK,KXG,MX,7,17,,,,,,,449,,1,,4,220,,,,,,,0,0,000000000,00000000000,0,0,0,1,0,0,0,0,0,0,0,998,0,0,0,12,6,2,24,0,0,0,1,21,41143,6,7,0,0,2,0,73,132,0,0,0,0,0,0,0,0,0,0,0,0,0,0,1,2,55,3,1,2,1,0,0,14,9,98,2,4,2,1,0
21,210477,1,2,4,9,9,20,10,8,0,1,0,12,1,55,33,55033,4,2004,KMHWF25S24A9,K,M,H,W,F,2,5,S,2,4,A,9,0,P,HYUN,SOL,4D,4,17,3181,,0,1063,,G,,F,4,143,,,15R205,,,,,,0,0,000000000,00000000000,0,0,0,1,0,0,0,0,0,0,0,58,0,0,0,11,2,1,8,0,0,0,1,12,41501,6,1,0,0,3,0,67,999,0,2,0,0,1,1,2010,7,2011,0,0,0,0,0,2,2,55,2,1,2,1,0,0,14,80,1,1,1,13,0,0
21,210477,2,2,1,9,9,20,10,8,0,1,0,21,2,12,422,12422,15,2011,1FMJU1J52BEF,1,F,M,J,U,1,J,5,2,B,E,F,0,P,FORD,EPT,UT,11,17,5805,,0,1190,,F,,F,8,329,,,17R265,,,,,,0,0,000000000,00000000000,0,0,0,1,0,0,0,0,0,0,0,53,0,0,0,14,0,1,8,0,0,0,1,21,41572,6,1,0,0,3,0,71,195,0,0,0,0,0,0,0,0,0,0,0,0,0,0,2,2,55,3,1,2,1,0,0,14,80,1,1,1,98,0,0
21,210478,1,2,2,8,9,19,19,12,6,1,0,21,1,18,20,18020,4,1997,2G4WB52KXV14,2,G,4,W,B,5,2,K,X,V,1,4,0,P,BUIC,RLS,4D,97,17,3444,,0,1090,,G,,F,6,231,,,15R215,,,,,,0,0,000000000,00000000000,0,0,0,1,0,0,0,0,0,0,0,998,0,0,0,62,4,3,12,0,0,0,1,21,42160,6,1,0,0,3,1,70,180,1,0,0,0,0,10,2011,10,2011,0,0,0,0,0,1,2,98,1,6,2,1,20,3,1,17,1,1,1,89,0,0
21,210478,2,2,2,8,9,19,19,12,6,1,0,21,1,20,481,20481,31,2008,1GCEC14X48Z1,1,G,C,E,C,1,4,X,4,8,Z,1,0,T,CHEV,SC1,PK,8,17,,2,1330,1190,SIL,G,,,6,262,,,,B,4453,01,,42,0,0,000000000,00000000000,0,0,0,1,0,0,0,0,0,0,0,998,0,0,0,12,6,2,42,0,0,0,1,21,42141,6,1,0,0,3,0,66,145,2,0,0,0,0,12,2011,3,2012,0,0,0,0,0,1,2,35,1,6,2,1,0,0,1,66,98,1,1,88,1,0
21,210479,1,1,1,12,9,9,51,20,0,1,0,18,3,82,881,82881,66,2006,1FUJA6CK26LV,1,F,U,J,A,6,C,K,2,6,L,V,2,T,FRHT,COL,TR,6,17,,8,0,0,CON,D,,,6,855,,,,,00000,00,,64,1,57,01196617,5701196617,3,7,1,1,0,0,0,0,0,0,0,73,0,0,0,12,6,2,21,0,0,0,1,12,32746,6,1,6,0,3,0,71,999,0,0,0,0,1,12,2011,12,2011,0,0,0,0,0,3,3,70,1,1,2,1,0,0,15,13,1,1,4,1,1,0
21,210480,1,3,1,12,9,14,30,12,8,1,0,21,2,12,471,12471,30,1996,1FTCR10A4TUD,1,F,T,C,R,1,0,A,4,T,U,D,0,T,FORD,RNG,PK,96,17,,1,1140,1080,RNG,G,,,4,140,,,,B,2961,00,B,42,0,0,000000000,00000000000,0,0,0,1,0,0,0,0,0,0,0,998,1,0,0,62,6,2,12,0,0,0,1,21,41339,6,1,0,0,3,0,72,189,1,0,0,0,0,8,2012,8,2012,0,28,38,0,0,1,2,55,1,1,2,1,0,0,1,10,98,1,2,64,1,1
21,210480,2,3,1,12,9,14,30,12,8,1,0,21,2,98,804,98804,66,2000,2WKEDDCJ3YK9,2,W,K,E,D,D,C,J,3,Y,K,9,1,T,WSTR,49E,TR,0,17,,8,0,0,CNV,D,,,6,893,,,,,00000,00,,64,1,57,00644714,5700644714,3,6,4,1,0,0,0,0,0,0,0,998,0,0,0,62,2,1,12,0,0,0,1,21,41301,6,1,6,0,3,0,72,248,0,0,0,0,0,0,0,0,0,0,0,0,0,0,1,2,55,1,1,2,1,0,0,1,62,9,1,1,65,0,0
21,210480,3,3,1,12,9,14,30,12,8,1,0,21,3,87,881,87881,66,2008,1XPXD40X38N7,1,X,P,X,D,4,0,X,3,8,N,7,1,T,PTRB,389,TR,8,17,,8,0,0,CON,D,,,6,915,,,,,00000,00,,64,1,57,00402113,5700402113,3,6,4,1,0,0,0,0,0,0,0,998,7,0,0,12,6,2,12,0,0,0,1,21,41317,6,1,6,0,3,0,64,160,1,0,0,0,0,10,2010,10,2010,0,0,0,0,0,1,2,55,1,1,1,1,0,0,1,54,9,1,1,98,0,0
21,210481,1,2,1,13,9,6,15,12,2,1,0,21,1,23,421,23421,15,2007,1GKFK13067J2,1,G,K,F,K,1,3,0,6,7,J,2,0,T,GMC,YUK,4W,7,17,,2,0,1160,YUK,F,,,8,323,,,,B,5706,00,4,44,0,0,000000000,00000000000,0,0,0,1,0,0,0,0,0,0,0,10,0,0,0,12,6,2,12,0,0,0,1,21,42286,6,1,6,0,3,0,72,250,0,0,0,1,0,2,2012,2,2012,0,0,0,0,0,1,2,98,1,2,2,1,20,3,11,15,1,1,1,82,0,0
21,210481,2,2,1,13,9,6,15,12,2,1,0,21,1,73,705,73705,80,2009,JKAENVC109A2,J,K,A,E,N,V,C,1,0,9,A,2,0,M,KAWK,E5C,RC,9,17,,,,,,,498,,2,,4,471,,,,,,,0,0,000000000,00000000000,0,0,0,1,0,0,0,0,0,0,0,55,0,0,0,12,6,2,12,0,0,0,1,21,42256,6,1,0,0,3,1,72,215,0,0,0,0,0,0,0,0,0,0,0,0,0,0,1,2,55,1,2,2,1,0,0,1,67,6,1,2,83,1,0
21,210482,1,1,1,13,9,15,21,8,0,1,0,21,1,20,481,20481,31,2002,1GCEK14V62Z3,1,G,C,E,K,1,4,V,6,2,Z,3,0,T,CHEV,SK1,PK,2,17,,2,1330,1190,SIL,G,,,8,293,,,,B,4376,01,,44,0,0,000000000,00000000000,0,0,0,1,0,0,0,0,0,0,0,998,0,0,0,12,2,3,8,0,0,0,1,21,42420,6,1,8,0,3,1,76,195,0,0,0,0,0,0,0,0,0,0,0,0,0,0,1,2,55,1,2,2,1,0,0,1,80,3,2,1,13,0,0
21,210483,1,2,1,7,9,16,23,12,2,1,0,21,3,84,883,84883,63,1997,1HTGLAET2VH4,1,H,T,G,L,A,E,T,2,V,H,4,0,T,INTL,267,CC,97,17,,8,2380,1480,20S,D,,,6,855,,,,,00000,00,,64,0,57,01129137,5701129137,3,2,4,1,0,0,0,0,0,0,0,998,7,0,0,12,6,2,12,0,0,0,1,21,40437,6,1,6,0,3,0,72,180,0,0,0,1,0,6,2012,6,2012,0,85,0,0,0,1,2,55,1,3,2,1,0,0,1,52,3,2,2,50,0,0
21,210483,2,2,1,7,9,16,23,12,2,1,0,21,1,49,442,49442,20,2005,5TDZA22C95S2,5,T,D,Z,A,2,2,C,9,5,S,2,0,P,TOYT,SIE,SV,5,17,4165,,0,1193,,G,,F,6,201,,,15R205,,,,,,0,0,000000000,00000000000,0,0,0,1,0,0,0,0,0,0,0,998,1,0,0,12,6,2,12,0,0,0,1,21,40342,6,1,8,0,3,0,66,140,0,0,0,0,0,0,0,0,0,0,0,0,0,0,1,2,55,1,3,2,1,0,0,1,62,98,9,1,51,1,0
21,210484,1,1,1,13,9,17,47,34,0,1,0,21,2,20,471,20471,30,1997,1GCDT14X6V81,1,G,C,D,T,1,4,X,6,V,8,1,0,T,CHEV,S14,PK,97,17,,1,1179,1083,S,G,,,6,262,,,,B,00000,00,,44,0,0,000000000,00000000000,0,0,0,1,0,0,0,0,0,0,0,55,0,1,5,98,6,2,1,0,0,0,1,21,41039,6,1,0,0,3,0,71,155,0,0,0,0,0,0,0,0,0,0,0,0,0,0,1,2,55,1,3,2,1,0,0,1,9,2,2,4,2,1,1
21,210485,1,3,2,15,9,22,50,12,6,1,0,21,1,12,23,12023,4,2012,3FAHP0JA4CR3,3,F,A,H,P,0,J,A,4,C,R,3,0,P,FORD,F/L,4D,12,17,3342,,0,1074,,G,,F,4,152,,,17R225,,,,,,0,0,000000000,00000000000,0,0,0,1,0,0,0,0,0,0,0,998,0,0,0,1,4,3,12,0,0,0,1,21,40216,6,1,0,0,3,1,64,130,1,0,0,0,0,4,2010,4,2010,0,99,99,99,99,2,2,45,3,1,1,1,0,0,11,15,1,1,1,68,0,0
21,210485,2,3,2,15,9,22,50,12,6,1,0,92,0,99,709,99709,81,9999,LFGTCKPM9810,L,F,G,T,C,K,P,M,9,8,1,0,0,U,,,,8,17,,,,,,,,,,,,,,,,,,,0,0,000000000,00000000000,0,0,0,1,0,0,0,0,0,0,0,998,0,0,0,12,6,2,12,0,0,0,1,21,40212,6,1,0,0,2,1,71,175,0,0,0,1,1,5,2011,5,2011,0,0,0,0,0,2,2,45,2,1,1,1,0,0,14,62,1,1,1,69,2,1
21,210485,3,3,2,15,9,22,50,12,6,1,0,21,2,12,17,12017,4,2011,1FAHP2EWXBG1,1,F,A,H,P,2,E,W,X,B,G,1,0,P,FORD,TEL,4D,11,17,4015,,0,0,,G,,F,6,214,,,18R235,,,,,,0,0,000000000,00000000000,0,0,0,1,0,0,0,0,0,0,0,0,0,0,0,61,2,1,54,0,0,0,1,21,40216,6,1,0,0,3,1,67,195,0,0,0,1,0,12,2011,12,2011,0,0,0,0,0,1,3,98,3,1,1,1,20,3,5,90,1,1,1,98,0,0
21,210486,1,1,1,16,9,3,20,53,0,1,0,21,3,12,16,12016,4,2007,2FAHP71W07X1,2,F,A,H,P,7,1,W,0,7,X,1,0,P,FORD,CVP,4D,7,17,4129,,0,1146,,G,,F,8,281,,,17R235,,,,,,0,0,000000000,00000000000,0,0,0,1,0,0,0,0,0,5,1,998,0,0,0,61,6,2,32,0,0,0,1,21,42701,6,1,0,0,3,1,66,210,1,0,0,0,0,5,2010,5,2010,1,16,37,58,85,1,2,55,1,1,2,1,0,0,1,6,9,3,4,2,1,0
21,210487,1,1,1,17,9,16,23,42,0,1,0,21,1,7,442,7442,20,2002,1B4GP15B82B5,1,B,4,G,P,1,5,B,8,2,B,5,0,P,DODG,CAR,SV,2,17,3706,,0,1133,,G,,F,4,148,,,000000,,,,,,0,0,000000000,00000000000,0,0,0,1,0,0,0,0,0,0,0,55,0,0,0,12,6,2,42,0,0,0,1,21,42653,6,1,0,0,3,0,69,225,0,0,0,0,0,0,0,0,0,0,0,0,0,0,1,2,55,2,2,2,2,0,0,1,12,1,1,4,6,1,0
21,210488,1,5,1,18,9,6,20,12,6,1,0,21,2,86,881,86881,62,1994,VG6M116AXRB1,V,G,6,M,1,1,6,A,X,R,B,1,0,T,MACK,MS2,TB,94,17,,6,0,0,200,D,,,6,377,,,,,00000,00,,42,0,57,00857716,5700857716,2,1,1,1,0,0,0,0,0,0,0,998,7,0,0,12,4,3,12,0,0,0,1,21,40150,6,1,6,0,3,1,69,235,0,0,0,1,0,5,2011,5,2011,1,39,0,0,0,5,2,55,1,1,2,2,1,3,1,17,2,1,1,88,0,0
21,210488,2,5,1,18,9,6,20,12,6,1,0,21,1,24,1,24001,4,1999,1G8ZJ5271XZ3,1,G,8,Z,J,5,2,7,1,X,Z,3,0,P,STRN,SL2,4D,99,17,0,,0,1024,,G,,F,4,116,,,15R185,,,,,,0,0,000000000,00000000000,0,0,0,1,0,0,0,0,0,0,0,998,0,0,0,61,6,2,12,0,0,0,1,21,40108,6,1,0,0,3,1,61,110,0,0,0,0,0,0,0,0,0,0,0,0,0,0,5,2,98,1,1,2,1,1,3,1,66,1,1,1,89,1,0
21,210488,3,5,1,18,9,6,20,12,6,1,0,21,2,12,17,12017,4,2011,1FAHP2DW2BG1,1,F,A,H,P,2,D,W,2,B,G,1,0,P,FORD,TSE,4D,11,17,4015,,0,0,,G,,F,6,214,,,17R235,,,,,,0,0,000000000,00000000000,0,0,0,1,0,0,0,0,0,0,0,0,0,0,0,7,2,1,12,0,0,0,1,21,40146,6,1,0,0,3,0,71,200,0,0,0,0,0,0,0,0,0,0,0,0,0,0,5,3,55,1,1,2,2,1,3,5,54,98,1,1,98,0,0
21,210488,4,5,1,18,9,6,20,12,6,1,0,21,1,41,51,41051,4,2007,JM1BK32F8716,J,M,1,B,K,3,2,F,8,7,1,6,0,P,MAZD,M3I,4D,7,17,2780,,0,1039,,G,,F,4,122,,,15R195,,,,,,0,0,000000000,00000000000,0,0,0,1,0,0,0,0,0,0,0,998,0,0,0,12,6,2,12,0,0,0,1,21,40143,6,1,0,0,3,0,66,160,1,0,0,0,0,1,2011,1,2011,0,0,0,0,0,5,3,55,1,1,2,2,1,3,2,54,1,1,1,98,0,0
21,210488,5,5,1,18,9,6,20,12,6,1,0,21,1,7,482,7482,31,1997,3B7KF23D8VM5,3,B,7,K,F,2,3,D,8,V,M,5,0,T,DODG,250,PC,97,17,,2,1547,1387,RPC,D,,,6,359,,,,C,5043,01,M,44,0,0,000000000,00000000000,0,0,0,1,0,0,0,0,0,0,0,998,0,0,0,12,4,3,12,0,0,0,1,21,40142,6,1,6,0,3,0,66,150,0,0,0,0,0,0,0,0,0,0,0,0,0,0,5,3,55,1,1,2,2,1,3,2,54,1,1,1,98,0,0
21,210489,1,1,1,18,9,18,31,9,0,1,0,21,2,23,481,23481,31,1996,1GTEK14R7TZ5,1,G,T,E,K,1,4,R,7,T,Z,5,0,T,GMC,SK1,PK,96,17,,2,1315,1175,SIE,G,,,8,350,,,,B,4122,02,M,44,0,0,000000000,00000000000,0,0,0,1,0,0,0,0,0,0,0,43,0,0,0,12,2,1,9,0,0,0,1,21,42301,6,1,0,0,3,0,76,190,1,1,1,0,0,6,2011,6,2011,0,0,0,0,0,4,2,45,1,1,2,1,20,3,1,83,1,1,1,13,0,0
21,210490,1,1,1,20,9,1,47,1,0,1,0,21,2,20,421,20421,15,2001,1GNEK13T81J2,1,G,N,E,K,1,3,T,8,1,J,2,0,P,CHEV,KTA,UT,1,17,5050,,0,1160,,G,,F,8,325,,,16R245,,,,,,0,0,000000000,00000000000,0,0,0,1,0,0,0,0,0,0,0,75,0,2,3,0,6,2,1,0,0,0,1,41,40241,0,0,0,0,0,0,69,210,0,0,0,0,0,0,0,0,0,0,58,0,0,0,3,2,65,2,1,2,1,0,0,14,12,98,4,4,6,1,1
21,210491,1,2,1,20,9,16,33,12,6,1,0,21,1,20,404,20404,14,2010,2CNALPEW7A62,2,C,N,A,L,P,E,W,7,A,6,2,0,P,CHEV,EQU,UT,10,17,3770,,0,1125,,G,,F,4,146,,,17R225,,,,,,0,0,000000000,00000000000,0,0,0,1,0,0,0,0,0,0,0,3,0,0,0,11,4,3,12,0,0,0,1,21,40229,6,1,0,0,3,0,74,260,0,0,0,0,0,0,0,0,0,0,38,0,0,0,1,2,98,1,1,2,1,20,3,11,15,98,1,1,82,0,0
21,210491,2,2,1,20,9,16,33,12,6,1,0,21,1,53,705,53705,80,2005,JS1GN7CA2521,J,S,1,G,N,7,C,A,2,5,2,1,0,M,SUZI,GSK,RC,5,17,,,,,,,599,,4,,4,355,,,,,,,0,0,000000000,00000000000,0,0,0,1,0,0,0,0,0,0,0,33,0,0,0,12,6,2,12,0,0,0,1,21,40205,6,1,0,0,3,1,66,190,0,0,0,0,0,0,0,0,0,0,0,0,0,0,1,3,35,1,1,1,1,0,0,1,67,6,2,1,83,1,0
21,210492,1,2,1,20,9,20,6,12,6,1,0,0,0,99,739,99739,90,9999,000000000000,0,0,0,0,0,0,0,0,0,0,0,0,0,,,,,,,,,,,,,,,,,,,,,,,,,0,0,000000000,00000000000,0,0,0,1,0,0,0,0,0,0,0,998,0,0,0,12,6,2,12,0,0,0,1,21,40509,0,0,0,0,1,0,999,999,0,0,0,0,0,0,0,0,0,0,39,0,0,0,1,2,35,1,3,2,1,20,3,1,17,1,1,1,86,1,0
21,210492,2,2,1,20,9,20,6,12,6,1,0,21,1,7,482,7482,31,1997,3B7KF23Z2VG8,3,B,7,K,F,2,3,Z,2,V,G,8,0,T,DODG,250,PC,97,17,,2,1547,1387,RPC,G,,,8,360,,,,C,5043,01,M,44,0,0,000000000,00000000000,0,0,0,1,0,0,0,0,0,0,0,998,0,0,0,83,6,2,12,0,0,0,1,21,40505,6,1,0,0,3,0,70,205,1,0,0,0,0,1,2010,1,2010,0,0,0,0,0,1,2,35,1,3,2,1,28,3,1,66,6,1,1,87,0,0
21,210493,1,1,1,15,9,20,0,15,0,1,0,21,1,12,17,12017,4,2002,1FAFP53UX2A1,1,F,A,F,P,5,3,U,X,2,A,1,0,P,FORD,TSE,4D,2,17,3355,,0,1085,,G,,F,6,182,,,16R215,,,,,,0,0,000000000,00000000000,0,0,0,1,0,0,0,0,0,0,0,45,0,0,0,12,4,3,15,0,0,0,1,21,42083,6,1,8,0,3,0,70,190,0,0,0,0,0,0,0,0,0,0,0,0,0,0,1,4,45,1,1,2,2,0,0,1,83,2,1,1,13,0,0
21,210494,1,1,1,21,9,8,29,33,0,1,0,21,1,12,37,12037,4,2003,1FAFP34P43W3,1,F,A,F,P,3,4,P,4,3,W,3,0,P,FORD,FCS,4D,3,17,2564,,0,1030,,G,,F,4,122,,,15R195,,,,,,0,0,000000000,00000000000,0,0,0,1,0,0,0,0,0,0,0,998,0,0,0,12,6,2,24,0,0,0,1,21,41035,6,1,0,0,3,0,62,115,1,0,0,0,0,11,2010,11,2010,0,0,0,0,0,1,2,35,3,2,2,1,28,3,1,13,1,1,4,1,1,0
21,210495,1,1,2,21,9,11,43,42,0,1,0,21,2,23,471,23471,30,1994,1GTDT19W2R85,1,G,T,D,T,1,9,W,2,R,8,5,0,T,GMC,SON,PC,94,17,,1,0,1229,SON,G,,,6,262,,,,B,3538,00,A,44,0,0,000000000,00000000000,0,0,0,1,0,0,0,0,0,0,0,998,0,0,0,12,6,2,42,0,0,0,1,21,42726,6,1,0,0,3,0,68,190,0,1,0,0,1,3,2011,3,2011,0,0,0,0,0,1,2,55,3,1,2,1,28,3,14,12,1,1,4,6,1,0
21,210496,1,2,1,15,9,19,42,5,0,1,0,0,0,99,709,99709,81,9999,999999999999,9,9,9,9,9,9,9,9,9,9,9,9,0,,,,,,,,,,,,,,,,,,,,,,,,,0,0,000000000,00000000000,0,0,0,1,0,0,0,0,0,0,0,33,0,0,0,0,6,2,12,0,0,0,1,21,40211,1,1,0,0,2,0,75,180,0,1,0,0,1,2,2012,2,2012,0,28,0,0,0,1,2,35,1,1,2,1,0,0,1,9,1,1,2,0,1,0
21,210496,2,2,1,15,9,19,42,5,0,1,0,21,1,23,421,23421,15,1999,1GKEK13R0XJ7,1,G,K,E,K,1,3,R,0,X,J,7,0,T,GMC,YUK,4W,99,17,,2,0,1175,YUK,G,,,8,350,,,,B,5268,00,E,44,0,0,000000000,00000000000,0,0,0,1,0,0,0,0,0,0,0,33,0,0,0,12,2,1,12,0,0,0,1,21,40210,6,1,8,0,3,0,73,225,0,0,0,0,0,0,0,0,0,0,0,0,0,0,1,2,35,1,1,2,1,0,0,1,62,2,1,1,98,0,0
21,210497,1,1,1,22,9,14,23,1,0,1,0,0,0,99,739,99739,90,9999,000000000000,0,0,0,0,0,0,0,0,0,0,0,0,0,,,,,,,,,,,,,,,,,,,,,,,,,0,0,000000000,00000000000,0,0,0,1,0,0,0,0,0,0,0,998,0,2,6,0,4,3,1,0,0,0,1,21,41701,0,0,0,0,0,0,67,138,0,0,0,0,0,0,0,0,0,0,0,0,0,0,1,2,55,2,2,2,1,40,3,14,12,1,1,4,6,1,1
21,210498,1,1,2,23,9,22,14,42,0,1,0,37,3,51,881,51881,66,2006,4V4NC9TJ76N4,4,V,4,N,C,9,T,J,7,6,N,4,1,T,VOLV,VNL,TR,6,17,,8,0,0,VVN,D,,,6,915,,,,,00000,00,,64,1,57,01817114,5701817114,3,6,1,1,0,0,0,0,0,0,0,998,0,0,0,12,6,2,42,0,0,0,1,37,27591,6,1,6,0,3,0,66,999,0,0,0,0,0,0,0,0,0,0,0,0,0,0,2,2,70,1,2,2,1,28,3,1,3,3,2,4,2,2,0
21,210499,1,1,2,22,9,18,26,35,0,1,0,21,1,41,45,41045,1,1990,JM1NA3512L01,J,M,1,N,A,3,5,1,2,L,0,1,0,P,MAZD,MIA,CV,90,17,2093,,0,892,,G,,F,4,098,,,14R185,,,,,,0,0,000000000,00000000000,0,0,0,1,0,0,0,0,0,0,0,50,0,1,5,12,6,2,1,0,0,0,1,21,40444,6,1,0,0,3,1,65,155,1,0,0,0,0,1,2012,1,2012,0,58,0,0,0,1,2,55,1,2,2,1,0,0,1,9,8,4,4,7,1,0
21,210500,1,2,1,25,9,16,26,12,6,1,0,21,1,24,401,24401,14,2004,5GZCZ23D84S8,5,G,Z,C,Z,2,3,D,8,4,S,8,0,P,STRN,VUE,UT,4,17,3246,,0,1066,,G,,F,4,134,,,16R215,,,,,,0,0,000000000,00000000000,0,0,0,1,0,0,0,0,0,0,0,998,0,0,0,3,6,2,12,0,0,0,1,21,40517,6,1,0,0,3,0,61,165,1,0,0,0,0,1,2012,1,2012,0,28,87,0,0,1,2,55,2,1,2,2,40,3,17,50,3,4,2,64,1,0
21,210500,2,2,1,25,9,16,26,12,6,1,0,21,1,7,482,7482,31,1998,3B7KF2668WM2,3,B,7,K,F,2,6,6,8,W,M,2,0,T,DODG,250,PK,98,17,,2,0,1347,RPC,D,,,6,359,,,,C,5142,00,U,44,0,0,000000000,00000000000,0,0,0,1,0,0,0,0,0,0,0,998,0,0,0,12,4,3,12,0,0,0,1,21,41465,6,1,0,0,3,0,73,265,0,0,0,0,0,0,0,0,0,0,0,0,0,0,1,2,55,3,2,2,2,40,3,4,62,1,1,1,65,0,0
21,210501,1,2,2,26,9,13,19,1,0,1,0,21,1,38,402,38402,14,2004,4S2CK58Y1443,4,S,2,C,K,5,8,Y,1,4,4,3,0,P,ISU,ROD,UT,4,17,3934,,0,1064,,G,,F,6,213,,,000000,,,,,,0,0,000000000,00000000000,0,0,0,1,0,0,0,0,0,0,0,998,0,2,3,0,6,2,12,0,0,0,1,21,40243,6,1,0,0,3,0,61,185,0,0,0,0,0,0,0,0,0,0,58,0,0,0,2,2,70,1,2,2,1,0,0,1,12,6,4,4,7,0,0
21,210501,2,2,2,26,9,13,19,1,0,1,0,18,1,37,706,37706,80,2012,JH2SC68G4CK0,J,H,2,S,C,6,8,G,4,C,K,0,0,M,HOND,GL8,RS,12,17,,,,,,,1832,,6,,4,904,,,,,,,0,0,000000000,00000000000,0,0,0,1,0,0,0,0,0,0,0,998,0,0,0,12,6,2,12,0,0,0,1,18,47725,6,1,0,0,3,0,69,180,0,0,0,0,0,0,0,0,0,0,0,0,0,0,2,2,70,1,2,2,1,0,0,1,64,1,1,1,98,2,0
21,210502,1,2,1,14,9,10,27,12,6,1,0,21,2,7,482,7482,31,2010,3D7UT2CL8AG1,3,D,7,U,T,2,C,L,8,A,G,1,0,T,DODG,250,CW,10,17,,2,1690,1490,RPC,D,,,6,408,,,,C,6232,02,7,44,0,0,000000000,00000000000,0,0,0,1,0,0,0,0,0,0,0,62,0,0,0,12,6,2,12,0,0,0,1,21,41086,6,1,0,0,3,0,70,180,0,0,0,0,0,0,0,0,0,1,28,0,0,0,1,2,55,3,2,2,1,0,0,14,10,1,1,2,64,0,0
21,210502,2,2,1,14,9,10,27,12,6,1,0,21,1,12,471,12471,30,1992,1FTCR10U7NUD,1,F,T,C,R,1,0,U,7,N,U,D,0,T,FORD,RNG,PK,92,17,,1,1139,1079,RNG,G,,,6,182,,,,B,2858,03,A,42,0,0,000000000,00000000000,0,0,0,1,0,0,0,0,0,0,0,58,0,1,1,11,6,2,12,0,0,0,1,21,40057,6,1,0,0,3,0,64,195,1,0,0,0,0,7,2010,7,2010,0,0,0,0,0,1,2,55,2,2,2,1,0,0,14,62,7,1,1,65,1,0