STATE,ST_CASE,VEH_NO,VE_FORMS,NUMOCCS,DAY,MONTH,HOUR,MINUTE,HARM_EV,MAN_COLL,UNITTYPE,HIT_RUN,REG_STAT,OWNER,MAKE,MODEL,MAK_MOD,BODY_TYP,MOD_YEAR,VIN,VIN_1,VIN_2,VIN_3,VIN_4,VIN_5,VIN_6,VIN_7,VIN_8,VIN_9,VIN_10,VIN_11,VIN_12,TOW_VEH,VINTYPE,VINMAKE,VINA_MOD,VIN_BT,VINMODYR,VIN_LNGT,VIN_WGT,WGTCD_TR,WHLBS_LG,WHLBS_SH,SER_TR,FUELCODE,MCYCL_DS,CARBUR,CYLINDER,DISPLACE,MCYCL_CY,MCYCL_WT,TIRE_SZE,TON_RAT,TRK_WT,TRKWTVAR,VIN_REST,WHLDRWHL,J_KNIFE,MCARR_I1,MCARR_I2,MCARR_ID,GVWR,V_CONFIG,CARGO_BT,HAZ_INV,HAZ_PLAC,HAZ_ID,HAZ_CNO,HAZ_REL,BUS_USE,SPEC_USE,EMER_USE,TRAV_SP,UNDERIDE,ROLLOVER,ROLINLOC,IMPACT1,DEFORMED,TOWED,M_HARM,VEH_SC1,VEH_SC2,FIRE_EXP,DR_PRES,L_STATE,DR_ZIP,L_STATUS,L_TYPE,CDL_STAT,L_ENDORS,L_COMPL,L_RESTRI,DR_HGT,DR_WGT,PREV_ACC,PREV_SUS,PREV_DWI,PREV_SPD,PREV_OTH,FIRST_MO,FIRST_YR,LAST_MO,LAST_YR,SPEEDREL,DR_SF1,DR_SF2,DR_SF3,DR_SF4,VTRAFWAY,VNUM_LAN,VSPD_LIM,VALIGN,VPROFILE,VPAVETYP,VSURCOND,VTRAFCON,VTCONT_F,P_CRASH1,P_CRASH2,P_CRASH3,PCRASH4,PCRASH5,ACC_TYPE,DEATHS,DR_DRINK
21,210574,1,1,2,7,8,2,15,59,0,1,0,21,1,20,401,20401,14,1996,1GNDT13W3T22,1,G,N,D,T,1,3,W,3,T,2,2,0,P,CHEV,BZR,UT,96,17,4023,,0,1070,,G,,F,6,262,,,15R235,,,,,,0,0,000000000,00000000000,0,0,0,1,0,0,0,0,0,0,0,75,0,1,5,61,6,2,1,0,0,0,1,21,42728,6,1,0,0,3,0,66,128,0,0,0,0,0,0,0,0,0,1,0,0,0,0,1,2,55,2,2,2,1,0,0,14,12,1,1,4,6,1,1
21,210575,1,2,1,26,10,14,38,12,6,1,0,92,0,37,705,37705,80,2006,JH2PC37016M3,J,H,2,P,C,3,7,0,1,6,M,3,0,M,HOND,B60,RC,6,17,,,,,,,599,,4,,4,361,,,,,,,0,0,000000000,00000000000,0,0,0,1,0,0,0,0,0,0,0,998,0,0,0,12,6,2,12,0,0,0,1,21,41701,6,1,0,0,3,0,68,128,0,0,0,0,0,0,0,0,0,0,0,0,0,0,1,2,25,1,1,2,1,0,0,1,67,4,2,1,83,1,0
21,210575,2,2,1,26,10,14,38,12,6,1,0,21,1,49,32,49032,4,1996,1NXBB02E6TZ4,1,N,X,B,B,0,2,E,6,T,Z,4,0,P,TOYT,CRD,4D,96,17,2381,,0,970,,G,,F,4,108,,,14R185,,,,,,0,0,000000000,00000000000,0,0,0,1,0,0,0,0,0,0,0,998,0,0,0,61,6,2,12,0,0,0,1,21,41701,6,1,0,0,3,0,64,118,0,0,0,0,0,0,0,0,0,0,0,0,0,0,1,2,98,1,1,2,1,20,3,11,15,1,1,1,82,0,0
21,210576,1,1,2,10,4,22,6,34,0,1,0,21,1,76,703,76703,80,2004,JYA2UJE074A0,J,Y,A,2,U,J,E,0,7,4,A,0,0,M,YAMA,XV2,RS,4,17,,,,,,,249,,2,,4,302,,,,,,,0,0,000000000,00000000000,0,0,0,1,0,0,0,0,0,0,0,998,0,0,0,12,6,2,34,0,0,0,1,21,41731,1,1,0,0,2,0,69,140,0,7,3,0,3,7,2009,11,2011,0,0,0,0,0,1,2,55,4,2,2,1,0,0,14,9,3,2,4,2,1,1
21,210577,1,2,1,25,10,17,34,1,0,1,0,21,1,72,706,72706,80,2004,1HD1BVB154Y0,1,H,D,1,B,V,B,1,5,4,Y,0,0,M,HD,FTI,RS,4,17,,,,,,,1450,,2,,4,629,,,,,,,0,0,000000000,00000000000,0,0,0,1,0,0,0,0,0,0,0,35,0,0,0,0,6,2,12,0,0,0,1,21,40422,6,1,0,0,2,1,72,175,0,0,0,0,0,0,0,0,0,1,38,0,0,0,1,2,15,4,2,2,1,40,3,14,6,98,2,1,98,1,0
21,210577,2,2,1,25,10,17,34,1,0,1,0,21,3,20,481,20481,31,2000,1GCEK19T3YE3,1,G,C,E,K,1,9,T,3,Y,E,3,0,T,CHEV,SK1,3C,0,17,,2,1575,1435,SIL,G,,,8,325,,,,B,4621,02,,44,0,0,000000000,00000000000,0,0,0,1,0,0,0,0,0,0,0,8,7,0,0,14,2,1,12,0,0,0,1,21,40330,6,1,0,0,3,0,69,250,0,1,0,0,1,2,2010,6,2010,0,0,0,0,0,1,2,15,4,2,2,1,40,3,14,62,9,1,1,98,0,0
21,210578,1,2,1,1,11,14,18,12,2,1,0,21,1,49,40,49040,4,1996,4T1BG12K3TU8,4,T,1,B,G,1,2,K,3,T,U,8,0,P,TOYT,DLX,4D,96,17,2932,,0,1031,,G,,F,4,132,,,14R195,,,,,,0,0,000000000,00000000000,0,0,0,1,0,0,0,0,0,0,0,998,0,0,0,12,6,2,12,0,0,0,1,21,41847,6,1,0,0,3,0,64,160,0,0,0,0,0,0,0,0,0,0,28,0,0,0,1,4,55,4,1,2,1,0,0,14,10,1,1,2,50,1,0
21,210578,2,2,2,1,11,14,18,12,2,1,0,21,1,20,39,20039,4,2007,KL1TD56677B1,K,L,1,T,D,5,6,6,7,7,B,1,0,P,CHEV,ABS,4D,7,17,2531,,0,976,,G,,F,4,098,,,14R185,,,,,,0,0,000000000,00000000000,0,0,0,1,0,0,0,0,0,0,0,998,0,0,0,12,6,2,12,0,0,0,1,21,41701,6,1,0,0,3,1,64,195,1,0,0,0,0,11,2010,11,2010,0,0,0,0,0,1,4,55,4,1,2,1,0,0,14,62,3,2,1,51,1,0
21,210579,1,5,1,2,11,9,33,12,1,1,0,18,2,12,461,12461,21,2003,1FTNE24LX3HB,1,F,T,N,E,2,4,L,X,3,H,B,0,T,FORD,25V,CG,3,17,,2,0,1380,VAN,G,,,8,330,,,,C,00000,00,E,42,0,0,000000000,00000000000,0,0,0,1,0,0,0,0,0,0,0,998,0,0,0,12,6,2,12,0,0,0,1,21,40047,6,1,0,0,3,1,69,185,2,1,0,1,0,12,2009,5,2012,0,0,0,0,0,2,2,45,1,2,2,1,3,3,1,50,98,1,1,20,0,0
21,210579,2,5,1,2,11,9,33,12,1,1,0,21,1,72,706,72706,80,2011,1HD1GP414BC3,1,H,D,1,G,P,4,1,4,B,C,3,0,M,HD,FWG,RS,11,17,,,,,,,1584,,2,,4,647,,,,,,,0,0,000000000,00000000000,0,0,0,1,0,0,0,0,0,0,0,0,0,0,0,6,6,2,12,0,0,0,1,21,40047,6,1,6,0,3,1,75,185,0,0,0,0,0,0,0,0,0,0,0,0,0,0,2,2,45,1,2,2,1,3,3,5,53,1,1,1,21,1,0
21,210579,3,5,1,2,11,9,33,12,1,1,0,39,1,54,402,54402,14,2012,5J8TB1H55CA0,5,J,8,T,B,1,H,5,5,C,A,0,0,P,ACUR,RDX,UT,12,17,3931,,0,1043,,G,,T,4,140,,,18R235,,,,,,0,0,000000000,00000000000,0,0,0,1,0,0,0,0,0,0,0,0,0,0,0,12,6,2,12,0,0,0,1,39,45040,6,1,0,0,3,1,60,107,2,0,0,1,0,6,2011,2,2012,0,0,0,0,0,2,2,45,1,2,2,1,3,3,5,62,1,1,1,98,0,0
21,210579,4,5,1,2,11,9,33,12,1,1,0,21,1,35,47,35047,4,2008,1N4AL21E68N5,1,N,4,A,L,2,1,E,6,8,N,5,0,P,NISS,ATS,4D,8,17,3028,,0,1093,,G,,F,4,153,,,16R215,,,,,,0,0,000000000,00000000000,0,0,0,1,0,0,0,0,0,0,0,0,0,0,0,12,2,1,12,0,0,0,1,21,40047,6,1,6,0,3,0,72,165,1,0,0,0,0,5,2012,5,2012,0,0,0,0,0,1,2,45,1,2,2,1,3,3,5,98,1,1,1,98,0,0
21,210579,5,5,1,2,11,9,33,12,1,1,0,21,2,35,402,35402,14,2006,5N1AN08U36C5,5,N,1,A,N,0,8,U,3,6,C,5,0,P,NISS,XTR,UT,6,17,4165,,0,1063,,G,,F,6,244,,,16R265,,,,,,0,0,000000000,00000000000,0,0,0,1,0,0,0,0,0,0,0,0,0,0,0,61,4,1,12,0,0,0,1,21,40047,6,1,0,0,3,1,58,101,1,0,0,0,0,10,2010,10,2010,0,0,0,0,0,1,2,45,1,2,2,1,3,3,5,98,1,1,1,98,0,0
21,210580,1,2,2,2,11,15,47,12,2,1,0,47,1,72,706,72706,80,2011,1HD1KEM1XBB6,1,H,D,1,K,E,M,1,X,B,B,6,0,M,HD,FTK,RS,11,17,,,,,,,1690,,2,,4,857,,,,,,,0,0,000000000,00000000000,0,0,0,1,0,0,0,0,0,0,0,60,0,0,0,12,6,2,12,0,0,0,1,47,38011,6,1,0,0,3,0,73,220,0,0,0,3,0,6,2010,6,2011,0,0,0,0,0,1,2,55,2,3,2,1,40,3,14,10,3,2,2,50,1,0
21,210580,2,2,1,2,11,15,47,12,2,1,0,21,1,19,3,19003,4,1996,1G6KD52YXTU2,1,G,6,K,D,5,2,Y,X,T,U,2,0,P,CADI,DFW,4D,96,17,3758,,0,1138,,G,,F,8,279,,,15R225,,,,,,0,0,000000000,00000000000,0,0,0,1,0,0,0,0,0,0,0,50,0,0,0,12,6,2,12,0,0,0,1,21,42025,6,1,0,0,3,0,62,120,0,0,0,0,0,0,0,0,0,0,0,0,0,0,1,2,55,3,3,2,1,40,3,14,62,3,2,1,51,0,0
21,210581,1,1,2,3,11,14,24,1,0,1,0,21,2,22,441,22441,20,2000,1GMDX03E7YD2,1,G,M,D,X,0,3,E,7,Y,D,2,0,T,PONT,MON,ES,0,17,,1,0,1200,MON,G,,,6,207,,,,B,3942,00,K,42,0,0,000000000,00000000000,0,0,0,1,0,0,0,0,0,0,0,60,0,2,5,0,6,2,30,0,0,0,1,21,41051,6,1,0,0,3,0,62,120,0,1,0,0,0,6,2011,6,2011,1,58,87,0,0,1,2,55,4,1,2,2,28,3,14,6,6,9,4,2,1,0
21,210582,1,4,1,4,11,19,27,12,1,1,0,21,1,12,401,12401,14,1996,1FMDU32PXTZA,1,F,M,D,U,3,2,P,X,T,Z,A,0,P,FORD,EPR,UT,96,17,3952,,0,1115,,G,,F,8,302,,,15R225,,,,,,0,0,000000000,00000000000,0,0,0,1,0,0,0,0,0,0,0,998,0,0,0,12,4,3,12,0,0,0,1,21,40216,6,1,0,0,3,0,71,200,1,0,0,0,0,11,2011,11,2011,9,91,0,0,0,1,5,40,1,1,2,1,3,3,1,50,1,1,1,20,0,1
21,210582,2,4,1,4,11,19,27,12,1,1,0,21,1,72,706,72706,80,1983,1HD1AAK19DY0,1,H,D,1,A,A,K,1,9,D,Y,0,0,M,HD,FL8,RS,83,17,,,,,,,1340,,2,,4,722,,,,,,,0,0,000000000,00000000000,0,0,0,1,0,0,0,0,0,0,0,0,0,0,0,6,6,2,12,0,0,0,1,21,40258,6,1,0,0,3,0,67,175,0,1,1,0,0,2,2012,5,2012,0,0,0,0,0,1,5,40,1,1,2,1,3,3,4,53,1,1,1,21,1,1
21,210582,3,4,2,4,11,19,27,12,1,1,0,21,1,63,32,63032,4,2008,KNADE1235863,K,N,A,D,E,1,2,3,5,8,6,3,0,P,KIA,RBL,4D,8,17,2365,,0,984,,G,,F,4,098,,,14R175,,,,,,0,0,000000000,00000000000,0,0,0,1,0,0,0,0,0,0,0,0,0,0,0,6,6,2,12,0,0,0,1,13,40212,1,1,0,0,2,0,67,145,98,3,0,0,0,3,2012,7,2012,0,0,0,0,0,1,5,40,1,1,2,1,3,3,5,98,1,1,1,98,0,0
21,210582,4,4,2,4,11,19,27,12,1,1,0,21,1,2,404,2404,14,2000,1J4GW58N6YC2,1,J,4,G,W,5,8,N,6,Y,C,2,0,T,JEEP,LMT,4W,0,17,,1,0,1059,GCK,G,,,8,287,,,,,3917,01,E,44,0,0,000000000,00000000000,0,0,0,1,0,0,0,0,0,0,0,0,0,0,0,6,4,1,12,0,0,0,1,21,40216,6,1,0,0,3,0,75,215,0,0,0,0,0,0,0,0,0,0,0,0,0,0,1,5,40,1,1,2,1,3,3,5,98,1,1,1,98,0,0
21,210583,1,1,1,5,11,19,37,35,0,1,0,18,3,84,881,84881,66,2008,2HSCTAPR28C6,2,H,S,C,T,A,P,R,2,8,C,6,1,T,INTL,PRO,TR,8,17,,8,0,0,PRO,D,,,6,915,,,,,00000,00,,64,1,57,00848251,5700848251,3,6,1,1,0,0,0,0,0,0,0,998,0,1,5,98,6,2,1,0,0,0,1,21,41031,6,1,6,0,3,0,64,118,0,0,0,0,0,0,0,0,0,0,0,0,0,0,2,2,70,3,2,2,1,0,0,14,13,1,1,4,1,1,0
21,210584,1,1,3,4,11,13,10,42,0,1,0,21,2,7,482,7482,31,1995,1B7HF16Z8SS3,1,B,7,H,F,1,6,Z,8,S,S,3,0,T,DODG,150,PK,95,17,,2,1347,1187,RPC,G,,,8,360,,,,B,4490,01,M,44,0,0,000000000,00000000000,0,0,0,1,0,0,0,0,0,0,0,998,0,0,0,82,6,2,42,0,0,0,1,21,42712,1,1,0,0,2,0,75,195,0,1,2,0,0,7,2011,9,2011,0,58,0,0,0,1,2,55,1,6,2,1,0,0,1,13,6,4,4,2,3,1
21,210585,1,2,1,7,11,11,55,12,2,1,0,21,1,53,402,53402,14,1990,2S3TA01C4L64,2,S,3,T,A,0,1,C,4,L,6,4,0,P,SUZI,SDK,UT,90,17,0,,0,866,,G,,F,4,097,,,000000,,,,,,0,0,000000000,00000000000,0,0,0,1,0,0,0,0,0,0,0,998,0,0,0,12,6,2,12,0,0,0,1,21,41825,1,1,8,0,2,1,74,227,0,1,0,0,0,7,2012,7,2012,0,0,0,0,0,1,3,55,1,3,2,2,0,0,1,10,1,1,2,50,0,1
21,210585,2,2,2,7,11,11,55,12,2,1,0,21,1,12,481,12481,31,1984,1FTDF15Y6EPB,1,F,T,D,F,1,5,Y,6,E,P,B,0,T,FORD,F15,PK,84,17,,1,1390,1170,COF,G,,,6,300,,,,B,3289,01,,42,0,0,000000000,00000000000,0,0,0,1,0,0,0,0,0,0,0,998,0,0,0,12,6,2,12,0,0,0,1,21,41763,6,1,0,0,3,0,65,160,0,0,0,0,0,0,0,0,0,0,0,0,0,0,1,2,55,1,3,2,2,0,0,1,62,98,1,1,51,1,0
21,210586,1,2,1,7,11,12,14,24,0,1,0,21,1,20,37,20037,4,2007,1G1ZU57N97F1,1,G,1,Z,U,5,7,N,9,7,F,1,0,P,CHEV,M/Z,4D,7,17,3373,,0,1063,,G,,F,6,214,,,17R225,,,,,,0,0,000000000,00000000000,0,0,0,1,0,0,0,0,0,0,0,45,0,0,0,98,6,2,12,0,0,0,1,21,40219,6,1,0,0,3,2,66,150,0,0,0,0,0,0,0,0,0,9,28,74,0,0,6,2,65,2,2,1,2,40,3,16,9,1,9,4,2,1,0
21,210586,2,2,1,7,11,12,14,24,0,1,0,39,3,84,881,84881,66,2007,2HSCEAPR07C3,2,H,S,C,E,A,P,R,0,7,C,3,1,T,INTL,92I,TR,7,17,,8,0,0,920,D,,,6,915,,,,,00000,00,,64,1,57,00799744,5700799744,3,6,97,1,0,0,0,0,0,0,0,45,0,0,0,82,6,2,12,0,0,0,1,18,47330,6,1,6,0,3,1,67,205,0,0,0,0,0,0,0,0,0,0,0,0,0,0,3,3,98,8,8,1,2,0,0,1,60,4,1,1,98,0,0
21,210587,1,2,1,7,11,13,35,12,2,1,0,39,3,82,881,82881,62,2005,1FVACWCS85HU,1,F,V,A,C,W,C,S,8,5,H,U,0,T,FRHT,16M,CC,5,17,,6,0,0,FM2,D,,,6,391,,,,,00000,00,,42,0,57,00332252,5700332252,2,1,1,1,0,0,0,0,0,0,0,998,7,0,0,12,6,2,12,0,0,0,1,21,40419,6,1,0,0,3,0,66,170,0,0,0,0,0,0,0,0,0,0,87,0,0,0,1,2,55,2,2,2,7,40,3,14,5,8,2,2,50,0,0
21,210587,2,2,2,7,11,13,35,12,2,1,0,21,1,20,403,20403,14,2004,1GNDT13X54K1,1,G,N,D,T,1,3,X,5,4,K,1,0,P,CHEV,BZR,UT,4,17,4134,,0,1070,,G,,F,6,262,,,16R235,,,,,,0,0,000000000,00000000000,0,0,0,1,0,0,0,0,0,0,0,998,0,0,0,12,6,2,12,0,0,0,1,21,40419,6,1,0,0,3,0,66,150,0,0,0,0,0,0,0,0,0,0,87,0,0,0,1,2,55,3,2,2,7,40,3,14,62,1,1,1,51,2,1
21,210588,1,2,1,8,11,5,20,12,6,1,0,21,1,20,16,20016,4,2004,1G1JF52F4473,1,G,1,J,F,5,2,F,4,4,7,3,0,P,CHEV,CAS,4D,4,17,2676,,0,1041,,G,,F,4,134,,,15R195,,,,,,0,0,000000000,00000000000,0,0,0,1,0,0,0,0,0,0,0,10,0,0,0,11,6,2,12,0,0,0,1,21,40004,6,1,0,0,3,1,65,160,2,0,0,0,0,5,2011,10,2011,0,0,0,0,0,1,4,55,1,1,2,2,0,0,98,98,1,1,7,98,1,1
21,210588,2,2,1,8,11,5,20,12,6,1,0,21,2,20,2,20002,4,2007,2G1WT58K4792,2,G,1,W,T,5,8,K,4,7,9,2,0,P,CHEV,IMT,4D,7,17,3674,,0,1105,,F,,F,6,214,,,16R225,,,,,,0,0,000000000,00000000000,0,0,0,1,0,0,0,0,0,0,0,55,0,0,0,12,6,2,12,0,0,0,1,21,40004,6,1,0,0,3,1,69,180,2,0,0,0,0,9,2010,10,2011,0,0,0,0,0,1,4,55,1,1,2,2,0,0,1,73,1,1,1,98,0,0
21,210589,1,1,1,7,11,11,34,35,0,1,0,21,1,49,472,49472,30,2008,5TENX22N08Z5,5,T,E,N,X,2,2,N,0,8,Z,5,0,T,TOYT,REG,PK,8,17,,1,0,1094,TAC,G,,,4,164,,,,B,3200,00,U,42,0,0,000000000,00000000000,0,0,0,1,0,0,0,0,0,0,0,998,0,0,0,12,6,2,99,0,0,0,1,21,41645,6,1,6,0,3,1,72,238,0,0,0,1,1,10,2010,11,2010,0,0,0,0,0,1,2,55,2,2,2,1,0,0,14,12,98,2,4,6,1,1
21,210590,1,1,1,9,11,0,13,1,0,1,0,54,1,13,421,13421,15,1998,5LMPU28L9WLJ,5,L,M,P,U,2,8,L,9,W,L,J,0,P,LINC,NAV,UT,98,17,5557,,0,1190,,G,,F,8,330,,,16R245,,,,,,0,0,000000000,00000000000,0,0,0,1,0,0,0,0,0,0,0,998,0,2,2,0,6,2,35,0,0,0,1,37,45680,9,9,99,9,9,9,999,999,99,99,99,99,99,99,9999,99,9999,0,0,0,0,0,2,2,70,1,3,2,1,28,3,1,12,2,3,4,2,1,1
21,210591,1,1,1,9,11,10,44,42,0,1,0,21,2,37,706,37706,80,1981,JH2SC0404BC1,J,H,2,S,C,0,4,0,4,B,C,1,0,M,HOND,C9C,RS,81,17,,,,,,,902,,4,,4,571,,,,,,,0,0,000000000,00000000000,0,0,0,1,0,0,0,0,0,0,0,55,0,0,0,12,6,2,42,0,0,0,1,21,42445,1,1,0,0,2,0,69,155,0,2,1,0,1,7,2010,3,2012,9,0,0,0,0,1,2,55,3,2,2,1,40,3,14,13,1,1,4,1,1,1
21,210592,1,1,1,10,11,11,17,42,0,1,0,21,2,18,7,18007,4,2000,2G4WY55J0Y13,2,G,4,W,Y,5,5,J,0,Y,1,3,0,P,BUIC,CL2,4D,0,17,3368,,0,1090,,G,,F,6,191,,,15R205,,,,,,0,0,000000000,00000000000,0,0,0,1,0,0,0,0,0,0,0,998,0,0,0,12,6,2,42,0,0,0,1,21,40447,6,1,0,0,3,0,69,185,0,0,0,0,0,0,0,0,0,0,58,0,0,0,3,3,70,1,2,2,1,28,3,1,12,7,3,4,2,1,0
21,210593,1,1,1,10,11,13,6,38,0,1,0,18,1,20,401,20401,14,2002,1GNDS13S3224,1,G,N,D,S,1,3,S,3,2,2,4,0,P,CHEV,TRL,UT,2,17,4442,,0,1130,,G,,F,6,256,,,16R245,,,,,,0,0,000000000,00000000000,0,0,0,1,0,0,0,0,0,0,0,50,0,0,0,12,6,2,42,0,0,0,1,17,62992,6,1,0,0,3,0,61,118,0,0,0,0,0,0,0,0,0,9,0,0,0,0,1,2,55,1,2,2,1,0,0,1,13,1,1,4,1,1,0
21,210594,1,3,2,10,11,17,30,12,2,1,0,18,2,20,2,20002,4,2008,2G1WT58K8813,2,G,1,W,T,5,8,K,8,8,1,3,0,P,CHEV,IMT,4D,8,17,3555,,0,1105,,F,,F,6,214,,,16R225,,,,,,0,0,000000000,00000000000,0,0,0,1,0,0,0,0,0,0,0,998,0,0,0,12,6,2,12,0,0,0,1,18,46120,6,1,0,0,3,1,65,240,0,0,0,0,0,0,0,0,0,0,28,35,0,0,1,2,55,1,1,2,1,0,0,6,10,98,1,2,50,0,0
21,210594,2,3,1,10,11,17,30,12,2,1,0,21,1,20,16,20016,6,1988,1G1JC8115JJ1,1,G,1,J,C,8,1,1,5,J,J,1,0,P,CHEV,CAV,SW,88,17,2333,,0,1012,,G,,F,4,121,,,13R185,,,,,,0,0,000000000,00000000000,0,0,0,1,0,0,0,0,0,0,0,998,0,0,0,12,6,2,12,0,0,0,1,21,40004,6,1,0,0,3,0,62,172,0,0,0,0,0,0,0,0,0,0,0,0,0,0,1,2,55,1,1,2,1,0,0,1,62,1,1,1,51,1,0
21,210594,3,3,2,10,11,17,30,12,2,1,0,21,3,49,442,49442,20,2005,5TDZA23C75S3,5,T,D,Z,A,2,3,C,7,5,S,3,0,P,TOYT,SIE,SV,5,17,4120,,0,1193,,G,,F,6,201,,,15R205,,,,,,0,0,000000000,00000000000,0,0,0,1,0,0,0,0,0,0,0,998,0,0,0,12,2,1,12,0,0,0,1,97,0,9,9,99,9,9,9,999,999,99,99,99,99,99,99,9999,99,9999,0,0,0,0,0,1,2,55,1,1,2,1,0,0,1,62,2,1,1,98,0,0
21,210595,1,2,1,5,11,12,56,12,6,1,0,21,1,12,481,12481,31,2004,2FTRF172X4CA,2,F,T,R,F,1,7,2,X,4,C,A,0,T,FORD,HER,PK,4,17,,2,0,1200,COF,G,,,6,256,,,,B,4050,00,U,42,0,0,000000000,00000000000,0,0,0,1,0,0,0,0,0,0,0,53,0,1,5,12,6,2,12,0,0,0,1,21,42301,6,1,0,0,3,0,70,200,0,0,0,0,0,0,0,0,0,0,0,0,0,0,1,2,55,1,2,2,1,0,0,1,10,1,1,2,64,1,1
21,210595,2,2,1,5,11,12,56,12,6,1,0,21,3,86,881,86881,66,2010,1M1AW07Y9AM0,1,M,1,A,W,0,7,Y,9,A,M,0,1,T,MACK,CXU,TR,10,17,,8,0,0,600,D,,,6,783,,,,,00000,00,,64,1,57,00226093,5700226093,3,6,1,1,0,0,0,0,0,0,0,53,0,0,0,7,4,1,12,0,0,0,1,21,42345,6,1,6,0,3,0,73,185,0,0,0,1,0,9,2012,9,2012,0,0,0,0,0,1,2,55,1,2,2,1,0,0,1,62,1,1,1,65,0,0
21,210596,1,1,1,11,11,1,0,42,0,1,0,21,1,7,482,7482,31,2006,3D7KS29C16G2,3,D,7,K,S,2,9,C,1,6,G,2,0,T,DODG,ME2,CW,6,17,,2,0,1605,RPC,D,,,6,359,,,,C,7450,00,E,44,0,0,000000000,00000000000,0,0,0,1,0,0,0,0,0,0,0,60,0,1,5,81,6,2,1,0,0,0,1,21,40037,6,1,0,0,3,1,68,172,0,0,0,0,0,0,0,0,0,1,58,0,0,0,1,2,55,3,2,2,1,40,3,14,13,3,4,4,4,1,1
21,210597,1,1,2,11,11,4,27,35,0,1,0,21,2,49,48,49048,5,2004,JTKKT6248400,J,T,K,K,T,6,2,4,8,4,0,0,0,P,TOYT,SXA,4H,4,17,2380,,0,933,,G,,F,4,092,,,15R185,,,,,,0,0,000000000,00000000000,0,0,0,1,0,0,0,0,0,0,0,998,0,0,0,12,6,2,38,0,0,0,1,21,40391,1,1,0,0,2,0,73,205,0,5,2,1,2,9,2011,6,2012,1,0,0,0,0,1,2,55,1,2,2,1,28,3,1,12,1,1,4,6,1,1
21,210598,1,2,1,11,11,5,25,12,8,1,0,39,1,14,38,14038,2,2000,1ZWFT61L3Y56,1,Z,W,F,T,6,1,L,3,Y,5,6,0,P,MERC,CU6,2H,0,17,2881,,0,1064,,G,,F,6,155,,,15R205,,,,,,0,0,000000000,00000000000,0,0,0,1,0,0,0,0,0,0,0,998,0,0,0,61,6,2,12,0,0,0,1,39,45157,6,1,0,0,3,1,73,230,1,4,0,3,4,9,2010,1,2012,9,28,0,0,0,1,2,55,1,2,2,1,0,0,1,10,1,1,2,64,1,0
21,210598,2,2,1,11,11,5,25,12,8,1,0,21,1,49,40,49040,4,1999,JT2BF28K1X01,J,T,2,B,F,2,8,K,1,X,0,1,0,P,TOYT,XLL,4D,99,17,3175,,0,1051,,G,,F,6,183,,,15R205,,,,,,0,0,000000000,00000000000,0,0,0,1,0,0,0,0,0,0,0,998,0,0,0,61,6,2,12,0,0,0,1,21,41063,6,1,0,0,3,0,63,195,0,0,0,0,0,0,0,0,0,0,0,0,0,0,1,2,55,1,2,2,1,0,0,1,62,98,2,1,65,1,0
21,210599,1,1,1,11,11,3,30,24,0,1,0,21,1,49,40,49040,4,2001,4T1BG22K31U7,4,T,1,B,G,2,2,K,3,1,U,7,0,P,TOYT,CXL,4D,1,17,2998,,0,1051,,G,,F,4,132,,,15R205,,,,,,0,0,000000000,00000000000,0,0,0,1,0,0,0,0,0,0,0,998,0,1,5,12,6,2,1,0,0,0,1,21,41650,6,1,0,0,3,1,70,210,0,0,0,0,0,0,0,0,0,1,58,0,0,0,1,2,55,3,2,2,1,0,0,14,13,8,4,4,7,1,1
21,210600,1,2,2,12,11,11,14,23,0,1,0,21,2,18,3,18003,4,1999,1G4CW52K2X46,1,G,4,C,W,5,2,K,2,X,4,6,0,P,BUIC,PKA,4D,99,17,3778,,0,1138,,G,,F,6,231,,,16R225,,,,,,0,0,000000000,00000000000,0,0,0,1,0,0,0,0,0,0,0,998,0,0,0,98,6,2,12,0,0,0,1,21,42141,1,1,0,0,2,0,69,210,1,1,0,0,0,6,2011,9,2012,0,0,0,0,0,1,2,55,4,2,2,2,0,0,14,12,1,1,4,6,1,0
21,210600,2,2,1,12,11,11,14,23,0,1,0,21,1,20,481,20481,31,1994,1GCEK14KXRZ2,1,G,C,E,K,1,4,K,X,R,Z,2,0,T,CHEV,GK1,PK,94,17,,2,1315,1175,GM4,G,,,8,350,,,,B,3717,00,,44,0,0,000000000,00000000000,0,0,0,1,0,0,0,0,0,0,0,998,0,0,0,12,6,2,12,0,0,0,1,21,42104,6,1,8,0,3,0,68,200,0,0,0,0,0,0,0,0,0,0,0,0,0,0,1,2,55,4,2,2,2,0,0,14,62,4,1,1,98,1,0
21,210601,1,2,1,7,11,20,36,12,6,1,0,21,1,49,472,49472,30,2009,3TMJU62N09M0,3,T,M,J,U,6,2,N,0,9,M,0,0,T,TOYT,DCP,CW,9,17,,1,0,1278,TAC,G,,,6,244,,,,B,3810,00,W,42,0,0,000000000,00000000000,0,0,0,1,0,0,0,0,0,0,0,998,0,1,9,12,6,2,12,0,0,0,1,21,42141,6,1,4,0,3,1,69,155,1,0,0,0,0,8,2012,8,2012,0,0,0,0,0,1,2,55,1,1,2,1,0,0,1,10,1,1,2,64,0,0