STATE,ST_CASE,VEH_NO,VE_FORMS,NUMOCCS,DAY,MONTH,HOUR,MINUTE,HARM_EV,MAN_COLL,UNITTYPE,HIT_RUN,REG_STAT,OWNER,MAKE,MODEL,MAK_MOD,BODY_TYP,MOD_YEAR,VIN,VIN_1,VIN_2,VIN_3,VIN_4,VIN_5,VIN_6,VIN_7,VIN_8,VIN_9,VIN_10,VIN_11,VIN_12,TOW_VEH,VINTYPE,VINMAKE,VINA_MOD,VIN_BT,VINMODYR,VIN_LNGT,VIN_WGT,WGTCD_TR,WHLBS_LG,WHLBS_SH,SER_TR,FUELCODE,MCYCL_DS,CARBUR,CYLINDER,DISPLACE,MCYCL_CY,MCYCL_WT,TIRE_SZE,TON_RAT,TRK_WT,TRKWTVAR,VIN_REST,WHLDRWHL,J_KNIFE,MCARR_I1,MCARR_I2,MCARR_ID,GVWR,V_CONFIG,CARGO_BT,HAZ_INV,HAZ_PLAC,HAZ_ID,HAZ_CNO,HAZ_REL,BUS_USE,SPEC_USE,EMER_USE,TRAV_SP,UNDERIDE,ROLLOVER,ROLINLOC,IMPACT1,DEFORMED,TOWED,M_HARM,VEH_SC1,VEH_SC2,FIRE_EXP,DR_PRES,L_STATE,DR_ZIP,L_STATUS,L_TYPE,CDL_STAT,L_ENDORS,L_COMPL,L_RESTRI,DR_HGT,DR_WGT,PREV_ACC,PREV_SUS,PREV_DWI,PREV_SPD,PREV_OTH,FIRST_MO,FIRST_YR,LAST_MO,LAST_YR,SPEEDREL,DR_SF1,DR_SF2,DR_SF3,DR_SF4,VTRAFWAY,VNUM_LAN,VSPD_LIM,VALIGN,VPROFILE,VPAVETYP,VSURCOND,VTRAFCON,VTCONT_F,P_CRASH1,P_CRASH2,P_CRASH3,PCRASH4,PCRASH5,ACC_TYPE,DEATHS,DR_DRINK
21,210601,2,2,2,7,11,20,36,12,6,1,0,21,1,20,37,20037,4,2007,1G1ZT58F47F2,1,G,1,Z,T,5,8,F,4,7,F,2,0,P,CHEV,MLT,4D,7,17,3155,,0,1063,,G,,F,4,134,,,16R215,,,,,,0,0,000000000,00000000000,0,0,0,1,0,0,0,0,0,0,0,998,0,0,0,61,6,2,12,0,0,0,1,21,42141,6,1,0,0,3,0,73,222,0,0,0,0,0,0,0,0,0,0,0,0,0,0,1,2,55,1,1,2,1,0,0,1,62,1,1,1,65,1,0
21,210602,1,1,2,8,11,20,45,8,0,1,0,21,2,12,3,12003,1,2000,1FAFP4444YF2,1,F,A,F,P,4,4,4,4,Y,F,2,0,P,FORD,MUS,CV,0,17,3208,,0,1013,,G,,F,6,232,,,15R205,,,,,,0,0,000000000,00000000000,0,0,0,1,0,0,0,0,0,0,0,48,0,0,0,12,2,3,8,0,0,0,1,21,41572,6,1,0,0,3,1,62,150,0,0,0,0,0,0,0,0,0,0,0,0,0,0,5,6,45,1,1,2,1,1,3,1,80,7,1,1,13,0,0
21,210603,1,2,1,14,11,6,7,57,0,1,0,21,3,12,471,12471,30,2003,1FTYR10E33PB,1,F,T,Y,R,1,0,E,3,3,P,B,0,T,FORD,RNG,PK,3,17,,1,1175,1116,RNG,G,,,6,245,,,,B,3085,03,U,42,0,0,000000000,00000000000,0,0,0,1,0,0,0,0,0,0,0,60,0,1,3,61,6,2,1,0,0,0,1,21,40213,6,1,0,0,3,1,74,185,2,2,0,0,1,3,2012,4,2012,0,58,0,0,0,3,2,65,4,2,2,1,28,3,14,12,98,9,4,6,1,0
21,210603,2,2,1,14,11,6,7,57,0,1,0,21,1,20,481,20481,31,2003,2GCEC19V2313,2,G,C,E,C,1,9,V,2,3,1,3,0,T,CHEV,SC1,4C,3,17,,2,1575,1435,SIL,G,,,8,293,,,,B,4534,03,,42,0,0,000000000,00000000000,0,0,0,1,0,0,0,0,0,0,0,60,0,0,0,12,6,2,12,0,0,0,1,18,47150,6,1,0,0,3,0,67,155,0,2,0,1,1,11,2010,5,2011,0,0,0,0,0,3,2,65,4,2,2,1,28,3,14,64,1,1,1,98,0,0
21,210604,1,2,1,15,11,20,52,12,6,1,0,21,1,20,2,20002,4,2003,2G1WH52K8392,2,G,1,W,H,5,2,K,8,3,9,2,0,P,CHEV,IPL,4D,3,17,3466,,0,1105,,G,,F,6,231,,,16R225,,,,,,0,0,000000000,00000000000,0,0,0,1,0,0,0,0,0,0,0,998,0,0,0,61,6,2,12,0,0,0,1,21,41169,6,1,0,0,3,0,59,170,0,0,0,0,0,0,0,0,0,0,31,48,0,0,2,2,55,4,2,2,1,0,0,12,10,1,1,2,98,1,0
21,210604,2,2,1,15,11,20,52,12,6,1,0,21,1,2,404,2404,14,1993,1J4FJ68S1PL5,1,J,4,F,J,6,8,S,1,P,L,5,0,T,JEEP,SPT,4W,93,17,,1,0,1014,CHK,G,,,6,242,,,,,2808,01,A,44,0,0,000000000,00000000000,0,0,0,1,0,0,0,0,0,0,0,998,0,0,0,12,6,2,12,0,0,0,1,21,41255,6,1,0,0,3,0,72,205,1,0,0,0,0,3,2012,3,2012,0,0,0,0,0,2,2,55,4,2,2,1,0,0,15,61,3,2,1,98,0,0
21,210605,1,3,1,15,11,7,5,12,1,1,0,91,3,86,882,86882,63,2003,1M2K197C23M0,1,M,2,K,1,9,7,C,2,3,M,0,0,T,MACK,MR6,TB,3,17,,8,0,0,600,D,,,6,728,,,,,00000,00,,64,0,77,777777777,77777777777,3,1,96,1,0,0,0,0,0,0,0,998,0,0,0,12,2,1,12,0,0,0,1,21,40142,6,1,6,0,3,0,73,250,1,0,0,0,0,7,2011,7,2011,0,0,0,0,0,1,2,55,1,1,2,1,0,0,1,50,7,1,1,20,0,0
21,210605,2,3,2,15,11,7,5,12,1,1,0,21,1,20,402,20402,14,2000,2CNBJ13C4Y69,2,C,N,B,J,1,3,C,4,Y,6,9,0,P,CHEV,TKR,UT,0,17,2987,,0,976,,G,,F,4,122,,,15R205,,,,,,0,0,000000000,00000000000,0,0,0,1,0,0,0,0,0,0,0,0,0,0,0,6,6,2,12,0,0,0,1,21,40160,6,1,0,0,3,0,67,145,0,0,0,0,0,0,0,0,0,0,0,0,0,0,1,2,55,1,1,2,1,0,0,5,53,1,1,1,22,1,0
21,210605,3,3,2,15,11,7,5,12,1,1,0,21,3,12,870,12870,55,2010,1FDEE3FS5ADA,1,F,D,E,E,3,F,S,5,A,D,A,0,T,FORD,3DC,YY,10,17,,3,1760,1380,CTV,G,,,10,415,,,,D,4802,03,M,42,0,77,777777777,77777777777,2,21,22,1,0,0,0,0,98,0,0,998,0,0,0,12,6,2,12,0,0,0,1,21,42701,6,1,0,0,3,0,63,130,0,0,0,0,0,0,0,0,0,0,0,0,0,0,1,2,55,1,1,2,1,0,0,1,62,2,2,1,98,0,0
21,210606,1,1,1,18,11,17,15,1,0,1,0,21,2,20,481,20481,31,1998,1GCEK19R5WR1,1,G,C,E,K,1,9,R,5,W,R,1,0,T,CHEV,GK1,PC,98,17,,2,1555,1415,GM4,G,,,8,350,,,,B,00000,00,,44,0,0,000000000,00000000000,0,0,0,1,0,0,0,0,0,0,0,998,0,2,5,0,6,2,1,0,0,0,1,21,40052,6,1,0,0,3,0,66,145,0,0,0,0,0,0,0,0,0,9,0,0,0,0,1,2,55,3,2,2,1,40,3,14,13,6,4,4,1,1,1
21,210607,1,2,3,12,11,7,42,12,6,1,0,21,2,13,1,13001,4,2004,1LNHM81W74Y6,1,L,N,H,M,8,1,W,7,4,Y,6,0,P,LINC,EXS,4D,4,17,4359,,0,1177,,G,,F,8,281,,,000000,,,,,,0,0,000000000,00000000000,0,0,0,1,0,0,0,0,0,0,0,45,0,0,0,81,6,2,12,0,0,0,1,21,42071,6,1,0,0,3,0,67,155,0,0,0,0,0,0,0,0,0,0,28,0,0,0,1,2,55,1,1,2,2,0,0,1,10,1,4,6,66,1,0
21,210607,2,2,3,12,11,7,42,12,6,1,0,21,1,20,481,20481,31,1995,1GCEC14K0SZ2,1,G,C,E,C,1,4,K,0,S,Z,2,0,T,CHEV,GC1,PK,95,17,,2,1315,1175,GM4,G,,,8,350,,,,B,3742,02,,42,0,0,000000000,00000000000,0,0,0,1,0,0,0,0,0,0,0,45,0,0,0,12,6,2,12,0,0,0,1,21,42071,6,1,0,0,3,0,67,130,0,0,0,0,0,0,0,0,0,0,0,0,0,0,1,2,55,1,1,2,2,0,0,1,62,1,1,1,66,0,0
21,210608,1,1,1,10,11,10,30,1,0,1,0,21,1,12,471,12471,30,2001,1FTZR15E41PA,1,F,T,Z,R,1,5,E,4,1,P,A,0,T,FORD,RNS,PC,1,17,,1,0,1259,RNG,G,,,6,245,,,,B,3599,00,U,44,0,0,000000000,00000000000,0,0,0,1,0,0,0,0,0,0,0,998,0,2,2,0,6,2,1,0,0,0,1,21,40160,6,1,0,0,3,0,67,132,0,0,0,0,0,0,0,0,0,0,0,0,0,0,1,2,35,1,1,2,1,0,0,1,13,1,1,4,1,1,0
21,210609,1,1,2,2,11,19,7,39,0,1,0,21,1,7,442,7442,20,1996,2B4FP2533TR8,2,B,4,F,P,2,5,3,3,T,R,8,0,P,DODG,CAR,SV,96,17,3425,,0,1133,,G,,F,6,181,,,14R205,,,,,,0,0,000000000,00000000000,0,0,0,1,0,0,0,0,0,0,0,33,0,0,0,11,2,3,39,0,0,0,1,21,41071,6,1,0,0,3,0,64,225,0,0,0,0,0,0,0,0,0,0,0,0,0,0,1,4,35,1,2,2,1,0,0,1,90,6,1,4,6,1,0
21,210610,1,1,1,19,11,11,53,24,0,1,0,21,1,20,402,20402,14,1995,2CNBJ1864S69,2,C,N,B,J,1,8,6,4,S,6,9,0,P,GEO,GEO,UT,95,17,2365,,0,866,,G,,F,4,097,,,15R205,,,,,,0,0,000000000,00000000000,0,0,0,1,0,0,0,0,0,0,0,998,0,0,0,61,2,3,24,0,0,0,1,21,40104,6,1,0,0,3,1,67,195,0,0,0,0,0,0,0,0,0,0,99,99,99,99,1,2,35,1,2,2,1,28,3,1,12,1,1,4,6,1,0
21,210611,1,1,2,15,11,20,2,35,0,1,0,21,2,18,20,18020,4,1993,2G4WF54L9P14,2,G,4,W,F,5,4,L,9,P,1,4,0,P,BUIC,RGS,4D,93,17,3388,,0,1075,,G,,F,6,231,,,16R225,,,,,,0,0,000000000,00000000000,0,0,0,1,0,0,0,0,0,0,0,998,0,1,5,98,6,2,99,0,0,0,1,21,42347,6,1,0,0,3,1,73,160,0,0,0,0,0,0,0,0,0,0,0,0,0,0,1,2,55,4,2,2,1,40,3,14,19,3,9,4,99,2,0
21,210612,1,2,1,22,11,9,20,12,2,1,0,21,2,20,481,20481,31,2000,1GCEK19V7YE2,1,G,C,E,K,1,9,V,7,Y,E,2,0,T,CHEV,SK1,3C,0,17,,2,1575,1435,SIL,G,,,8,293,,,,B,4621,02,,44,0,0,000000000,00000000000,0,0,0,1,0,0,0,0,0,0,0,998,0,0,0,12,6,2,12,0,0,1,1,21,40351,6,1,0,0,3,0,70,130,1,0,0,0,0,10,2010,10,2010,0,28,0,0,0,1,2,55,2,1,2,1,28,3,14,10,3,2,2,50,0,0
21,210612,2,2,1,22,11,9,20,12,2,1,0,21,1,2,404,2404,14,2000,1J4GW48S9YC3,1,J,4,G,W,4,8,S,9,Y,C,3,0,T,JEEP,LRO,4W,0,17,,1,0,1059,GCK,G,,,6,244,,,,,3847,01,E,44,0,0,000000000,00000000000,0,0,0,1,0,0,0,0,0,0,0,998,0,1,5,12,6,2,12,0,0,0,1,21,40351,6,1,0,0,3,1,71,162,0,0,0,0,0,0,0,0,0,0,0,0,0,0,1,2,55,3,1,2,1,28,3,14,62,1,1,2,51,1,0
21,210613,1,1,1,25,11,15,57,21,0,1,0,21,3,6,52,6052,1,2002,3C8FY68B42T2,3,C,8,F,Y,6,8,B,4,2,T,2,0,P,CHRY,PTC,SV,2,17,3119,,0,1033,,G,,F,4,148,,,16R205,,,,,,0,0,000000000,00000000000,0,0,0,1,0,0,0,0,0,0,0,998,0,0,0,12,6,2,21,0,0,0,1,21,40403,6,1,0,0,3,0,68,175,0,0,0,0,0,0,0,0,0,0,0,0,0,0,1,2,35,1,1,2,1,0,0,1,13,1,1,4,1,1,0
21,210614,1,2,1,25,11,16,55,12,6,1,0,21,1,63,402,63402,14,2010,KNADH4A3XA66,K,N,A,D,H,4,A,3,X,A,6,6,0,P,KIA,RBL,4D,10,17,2365,,0,0,,G,,F,4,098,,,000000,,,,,,0,0,000000000,00000000000,0,0,0,1,0,0,0,0,0,0,0,998,0,0,0,12,2,3,12,0,0,0,1,21,40444,6,1,0,0,3,0,66,165,1,0,0,0,0,10,2011,10,2011,0,38,0,0,0,1,2,98,8,8,2,1,97,8,4,17,1,1,1,86,0,0
21,210614,2,2,2,25,11,16,55,12,6,1,0,21,1,20,471,20471,30,1996,1GCCS14X3TK1,1,G,C,C,S,1,4,X,3,T,K,1,0,T,CHEV,S14,PK,96,17,,1,1179,1083,S,G,,,6,262,,,,B,2822,01,,42,0,0,000000000,00000000000,0,0,0,1,0,0,0,0,0,0,0,998,0,1,3,81,6,2,12,0,0,0,1,21,40356,6,1,0,0,3,0,61,110,1,0,0,0,0,11,2011,11,2011,0,0,0,0,0,2,2,55,1,1,2,1,97,8,1,66,1,1,1,87,1,0
21,210615,1,1,1,26,11,5,35,35,0,1,0,21,1,55,36,55036,3,2009,KMHCM36C59U1,K,M,H,C,M,3,6,C,5,9,U,1,0,P,HYUN,AGS,2H,9,17,2467,,0,984,,G,,F,4,098,,,14R175,,,,,,0,0,000000000,00000000000,0,0,0,1,0,0,0,0,0,0,0,85,0,1,5,12,6,2,30,0,0,0,1,21,42003,6,1,0,0,3,1,60,110,0,0,0,0,0,0,0,0,0,0,0,0,0,0,1,2,55,1,2,2,1,0,0,1,13,1,1,4,1,1,1
21,210616,1,2,1,26,11,16,15,12,2,1,0,21,1,7,472,7472,30,2001,1B7GG22N61S3,1,B,7,G,G,2,2,N,6,1,S,3,0,T,DODG,DAK,PC,1,17,,1,0,1309,DAK,G,,,8,287,,,,B,3933,00,U,44,0,0,000000000,00000000000,0,0,0,1,0,0,0,0,0,0,0,998,0,0,0,12,6,2,12,0,0,0,1,21,41839,6,1,0,0,3,0,68,162,2,0,0,0,0,12,2009,11,2012,9,28,0,0,0,1,2,55,2,1,2,1,40,3,14,10,1,1,2,50,1,1
21,210616,2,2,1,26,11,16,15,12,2,1,0,21,3,20,481,20481,31,2008,1GCHK24K38E1,1,G,C,H,K,2,4,K,3,8,E,1,0,T,CHEV,2KH,PK,8,17,,2,0,1330,SIL,G,,,8,366,,,,C,5554,01,,44,0,0,000000000,00000000000,0,0,0,1,0,0,0,0,0,0,0,998,0,0,0,12,6,2,12,0,0,0,1,21,41817,6,1,0,0,3,0,68,154,0,0,0,0,0,0,0,0,0,0,0,0,0,0,1,2,55,3,1,2,1,40,3,14,62,2,2,1,51,0,0
21,210617,1,2,1,26,11,16,45,12,6,1,0,21,1,9,442,9442,20,2000,2P4GP4439YR5,2,P,4,G,P,4,4,3,9,Y,R,5,0,T,PLYM,GVS,ES,0,17,,1,0,1193,VOF,G,,,6,181,,,,,3863,00,E,42,0,0,000000000,00000000000,0,0,0,1,0,0,0,0,0,0,0,998,0,0,0,61,6,2,12,0,0,0,1,21,42066,6,1,0,0,3,0,65,170,0,0,0,0,0,0,0,0,0,0,38,0,0,0,5,2,55,1,1,2,2,20,3,4,17,1,1,1,89,1,0
21,210617,2,2,1,26,11,16,45,12,6,1,0,21,3,84,881,84881,66,2005,2HSCEAPR55C0,2,H,S,C,E,A,P,R,5,5,C,0,1,T,INTL,92I,TR,5,17,,8,0,0,920,D,,,6,915,,,,,00000,00,,64,3,57,01314522,5701314522,3,6,8,1,0,0,0,0,0,0,0,998,0,0,0,12,4,3,12,0,0,0,1,21,42025,6,1,6,0,3,0,65,280,0,0,0,0,0,0,0,0,0,0,0,0,0,0,5,2,55,1,1,2,2,0,0,1,66,98,2,1,88,0,0
21,210618,1,1,1,26,11,20,48,8,0,1,0,21,1,35,50,35050,4,2007,3N1BC13E37L4,3,N,1,B,C,1,3,E,3,7,L,4,0,P,NISS,VSL,4H,7,17,2649,,0,1024,,G,,F,4,110,,,15R185,,,,,,0,0,000000000,00000000000,0,0,0,1,0,0,0,0,0,0,0,998,0,0,0,12,6,8,8,0,0,0,1,21,40214,6,1,0,0,3,0,70,175,1,0,0,0,0,8,2012,8,2012,0,0,0,0,0,1,4,35,1,1,2,2,0,0,1,80,2,1,1,13,0,0
21,210619,1,1,1,23,11,9,45,35,0,1,0,21,1,12,402,12402,14,2001,1FMYU041X1KD,1,F,M,Y,U,0,4,1,X,1,K,D,0,P,FORD,SPE,UT,1,17,3186,,0,1031,,G,,F,6,181,,,15R225,,,,,,0,0,000000000,00000000000,0,0,0,1,0,0,0,0,0,0,0,53,0,1,5,12,6,2,1,0,0,0,1,21,40475,6,1,0,0,3,0,66,160,0,0,0,0,0,0,0,0,0,0,58,0,0,0,1,3,55,3,2,2,2,28,3,14,5,1,2,4,2,1,0
21,210620,1,1,1,12,11,13,37,57,0,1,0,21,3,12,481,12481,31,2002,1FTRF17212NB,1,F,T,R,F,1,7,2,1,2,N,B,0,T,FORD,F15,PK,2,17,,2,1385,1199,COF,G,,,6,256,,,,B,3990,03,U,42,0,0,000000000,00000000000,0,0,0,1,0,0,0,0,0,0,0,998,0,1,5,12,6,2,1,0,0,0,1,21,40206,6,1,0,0,3,0,64,150,2,0,0,0,1,5,2012,9,2012,1,0,0,0,0,3,2,65,1,1,1,1,0,0,1,12,9,1,4,6,1,0
21,210621,1,3,1,26,11,19,52,12,6,1,0,29,3,82,881,82881,66,2002,1FUJBBCG32PJ,1,F,U,J,B,B,C,G,3,2,P,J,1,T,FRHT,ST2,TR,2,17,,8,0,0,CON,D,,,6,774,,,,,00000,00,,64,1,57,01266746,5701266746,3,6,1,1,0,0,0,0,0,0,0,998,7,0,0,12,2,3,12,0,0,0,1,29,63141,6,1,6,0,3,0,71,170,0,0,0,0,0,0,0,0,0,0,0,0,0,0,5,4,55,1,1,2,2,0,0,1,50,98,1,1,48,0,0
21,210621,2,3,0,26,11,19,52,12,6,1,0,21,6,20,481,20481,31,1988,1GCDC14H1JZ1,1,G,C,D,C,1,4,H,1,J,Z,1,0,T,CHEV,GC1,PK,88,17,,1,1315,1175,GM4,G,,,8,305,,,,B,3655,01,,42,0,0,000000000,00000000000,0,0,0,1,0,0,0,0,0,0,0,0,0,0,0,62,6,2,12,0,0,0,0,0,99997,7,6,97,7,6,7,998,997,998,998,998,998,998,98,9998,98,9998,8,0,0,0,0,5,4,55,1,1,2,2,0,0,0,53,0,0,0,48,0,0
21,210621,3,3,1,26,11,19,52,12,6,1,0,21,1,49,40,49040,4,1989,4T1SV21EXKU0,4,T,1,S,V,2,1,E,X,K,U,0,0,P,TOYT,CMD,4D,89,17,0,,0,1024,,G,,F,4,122,,,14R185,,,,,,0,0,000000000,00000000000,0,0,0,1,0,0,0,0,0,0,0,0,1,0,0,61,6,2,12,0,0,0,1,21,42211,6,1,0,0,3,0,73,185,0,0,0,0,0,0,0,0,0,0,0,0,0,0,1,2,55,1,1,2,2,0,0,5,98,1,1,3,98,1,0
21,210622,1,2,1,28,11,14,58,12,2,1,0,21,1,20,471,20471,30,1989,1GCBS14RXK22,1,G,C,B,S,1,4,R,X,K,2,2,0,T,CHEV,S14,PK,89,17,,1,1179,1083,S,G,,,6,173,,,,B,2612,01,,42,0,0,000000000,00000000000,0,0,0,1,0,0,0,0,0,0,0,998,0,0,0,12,6,2,12,0,0,0,1,21,42064,6,1,0,0,3,0,72,166,0,0,0,1,0,7,2012,7,2012,9,28,0,0,0,1,2,55,4,2,2,1,40,3,14,10,3,2,2,50,0,1
21,210622,2,2,2,28,11,14,58,12,2,1,0,21,1,18,2,18002,4,1995,1G4HR52L7SH4,1,G,4,H,R,5,2,L,7,S,H,4,0,P,BUIC,LLF,4D,95,17,3442,,0,1108,,G,,F,6,231,,,15R205,,,,,,0,0,000000000,00000000000,0,0,0,1,0,0,0,0,0,0,0,998,0,0,0,12,6,2,12,0,0,0,1,21,42411,6,1,0,0,3,0,70,175,0,0,0,0,0,0,0,0,0,0,0,0,0,0,1,2,55,4,2,2,1,40,3,14,62,7,1,1,51,1,0
21,210623,1,1,1,28,11,22,12,10,0,1,0,21,2,22,2,22002,4,1997,1G2HX52K4VH2,1,G,2,H,X,5,2,K,4,V,H,2,0,P,PONT,BVS,4D,97,17,3350,,0,1108,,G,,F,6,231,,,15R215,,,,,,0,0,000000000,00000000000,0,0,0,1,0,0,0,0,0,0,0,998,0,1,9,61,6,2,10,0,0,0,1,21,42431,6,1,0,0,3,0,65,140,0,0,0,0,0,0,0,0,0,0,39,0,0,0,1,2,25,1,3,2,1,65,3,1,91,1,1,1,15,1,0
21,210624,1,2,2,27,11,4,47,12,6,1,0,22,1,9,38,9038,4,1997,1P3EJ46C3VN6,1,P,3,E,J,4,6,C,3,V,N,6,0,P,PLYM,BRE,4D,97,17,2909,,0,1080,,G,,F,4,122,,,14R195,,,,,,0,0,000000000,00000000000,0,0,0,1,0,0,0,0,0,0,0,45,0,0,0,9,6,2,12,0,0,0,1,22,70726,6,1,0,0,3,1,66,160,0,0,0,0,0,0,0,0,0,0,39,87,0,0,2,4,45,1,2,2,2,3,3,1,17,2,1,1,89,1,0
21,210624,2,2,1,27,11,4,47,12,6,1,0,21,1,7,442,7442,20,2003,2D4GP74LX3R1,2,D,4,G,P,7,4,L,X,3,R,1,0,T,DODG,GEX,ES,3,17,,1,0,1193,CAR,G,,,6,230,,,,,4090,00,E,42,0,0,000000000,00000000000,0,0,0,1,0,0,0,0,0,0,0,35,0,0,0,12,6,2,12,0,0,0,1,21,42518,6,1,0,0,3,0,70,165,0,0,0,0,0,0,0,0,0,0,0,0,0,0,2,4,98,1,2,2,2,3,3,1,66,1,1,1,88,0,0
21,210625,1,2,1,29,11,9,55,12,2,1,0,21,1,24,1,24001,4,2000,1G8ZK5273YZ1,1,G,8,Z,K,5,2,7,3,Y,Z,1,0,P,STRN,SL2,4D,0,17,2425,,0,1024,,G,,F,4,116,,,15R185,,,,,,0,0,000000000,00000000000,0,0,0,1,0,0,0,0,0,0,0,53,0,0,0,12,6,2,12,0,0,0,1,21,42635,6,1,0,0,3,1,62,220,0,0,0,0,0,0,0,0,0,0,28,38,0,0,1,2,55,1,1,2,1,0,0,1,10,1,1,2,50,1,0
21,210625,2,2,1,29,11,9,55,12,2,1,0,21,3,85,881,85881,66,1999,1XKWDB0X3XJ7,1,X,K,W,D,B,0,X,3,X,J,7,1,T,KW,W90,TR,99,17,,8,2850,1600,CON,D,,,6,893,,,,,00000,00,,64,1,57,00128823,5700128823,3,6,3,1,0,0,0,0,0,0,0,43,0,1,5,12,6,2,12,0,0,0,1,21,42728,6,1,6,0,3,0,74,338,0,0,0,0,0,0,0,0,0,0,0,0,0,0,1,2,55,1,1,2,1,0,0,1,62,3,2,1,51,0,0
21,210626,1,1,1,29,11,18,20,42,0,1,0,21,1,20,481,20481,31,1999,2GCEK19T2X12,2,G,C,E,K,1,9,T,2,X,1,2,0,T,CHEV,SK1,3C,99,17,,2,1575,1435,SIL,G,,,8,325,,,,B,4621,00,,44,0,0,000000000,00000000000,0,0,0,1,0,0,0,0,0,0,0,998,0,0,0,12,6,2,42,0,0,0,1,21,40008,6,1,0,0,3,0,73,200,0,0,0,0,0,0,0,0,0,9,0,0,0,0,6,1,99,3,2,2,1,0,0,14,13,1,1,4,1,1,0
21,210627,1,2,2,28,11,7,53,12,2,1,0,20,1,12,471,12471,30,2000,1FTYR14V2YTA,1,F,T,Y,R,1,4,V,2,Y,T,A,0,T,FORD,RNS,PC,0,17,,1,0,1257,RNG,F,,,6,182,,,,B,3271,01,U,42,0,0,000000000,00000000000,0,0,0,1,0,0,0,0,0,0,0,998,0,0,0,12,6,2,12,0,0,0,1,21,40346,6,2,0,0,3,0,71,198,0,0,0,0,0,0,0,0,0,0,28,58,0,0,1,2,55,2,1,2,1,0,0,14,13,6,1,2,50,0,0
21,210627,2,2,1,28,11,7,53,12,2,1,0,21,2,21,23,21023,4,1999,1G3WH52H5XF3,1,G,3,W,H,5,2,H,5,X,F,3,0,P,OLDS,IGX,4D,99,17,3467,,0,1090,,G,,F,6,211,,,16R225,,,,,,0,0,000000000,00000000000,0,0,0,1,0,0,0,0,0,0,0,998,0,0,0,12,6,2,12,0,0,0,1,21,40353,6,1,0,0,3,0,62,125,1,0,0,0,0,1,2011,1,2011,0,0,0,0,0,1,2,55,3,1,2,1,0,0,14,62,1,1,1,51,1,0
21,210628,1,1,1,25,11,3,53,33,0,1,0,18,1,20,431,20431,16,1996,1GNFK16R8TJ3,1,G,N,F,K,1,6,R,8,T,J,3,0,P,CHEV,K15,UT,96,17,5082,,0,1315,,G,,F,8,350,,,16R245,,,,,,0,0,000000000,00000000000,0,0,0,1,0,0,0,0,0,0,0,998,0,2,1,10,6,2,1,0,0,0,1,18,40219,1,1,0,0,2,0,64,185,0,5,1,0,3,8,2011,9,2012,1,58,0,0,0,2,2,45,3,1,2,1,0,0,14,12,7,1,4,6,1,1
21,210629,1,1,1,4,11,1,10,32,0,1,0,21,1,20,9,20009,2,2012,2G1FA1E32C91,2,G,1,F,A,1,E,3,2,C,9,1,0,P,CHEV,CML,CP,12,17,3769,,0,1123,,F,,F,6,220,,,18R245,,,,,,0,0,000000000,00000000000,0,0,0,1,0,0,0,0,0,0,0,998,0,0,0,12,6,2,99,0,0,1,1,21,40241,6,1,0,0,3,0,65,125,0,0,0,0,0,0,0,0,0,0,0,0,0,0,1,2,55,1,2,2,1,28,3,1,13,1,1,4,1,1,1
21,210630,1,1,2,30,11,21,59,42,0,1,0,21,1,20,481,20481,31,1989,1GCDK14Z2KZ2,1,G,C,D,K,1,4,Z,2,K,Z,2,0,T,CHEV,GK1,PK,89,17,,1,1315,1175,GM4,G,,,6,262,,,,B,4553,06,,44,0,0,000000000,00000000000,0,0,0,1,0,0,0,0,0,0,0,998,0,0,0,12,6,2,42,0,0,0,1,21,42445,6,1,0,0,3,0,65,115,1,2,0,0,0,5,2011,2,2012,1,58,0,0,0,1,2,55,4,2,2,1,40,3,14,13,98,1,4,1,1,1
21,210631,1,1,1,17,11,11,15,34,0,1,0,21,1,20,471,20471,30,2000,1GCCS1446YK1,1,G,C,C,S,1,4,4,6,Y,K,1,0,T,CHEV,S14,PK,0,17,,1,1179,1083,S,G,,,4,133,,,,B,3029,03,,42,0,0,000000000,00000000000,0,0,0,1,0,0,0,0,0,0,0,998,0,0,0,12,6,2,34,0,0,0,1,21,41010,6,1,0,0,3,0,71,240,0,0,0,0,0,0,0,0,0,0,58,0,0,0,1,2,55,3,1,2,1,0,0,14,13,6,4,4,7,1,0
21,210632,1,2,1,12,9,12,30,12,6,1,0,21,1,21,20,21020,4,1995,1G3AJ55M1S63,1,G,3,A,J,5,5,M,1,S,6,3,0,P,OLDS,CRL,4D,95,17,2733,,0,1049,,G,,F,6,191,,,14R185,,,,,,0,0,000000000,00000000000,0,0,0,1,0,0,0,0,0,0,0,15,0,0,0,1,6,2,12,0,0,0,1,21,41001,6,1,0,0,3,0,66,125,0,0,0,0,0,0,0,0,0,0,38,0,0,0,1,4,55,1,2,2,1,3,3,11,15,1,1,1,68,1,0
21,210632,2,2,1,12,9,12,30,12,6,1,0,21,1,49,403,49403,14,2006,JTEEW21A2600,J,T,E,E,W,2,1,A,2,6,0,0,0,P,TOYT,HIG,UT,6,17,4275,,0,1069,,B,,F,6,201,,,16R225,,,,,,0,0,000000000,00000000000,0,0,0,1,0,0,0,0,0,0,0,55,0,0,0,12,6,2,12,0,0,0,1,21,41001,6,1,0,0,3,1,70,185,0,0,0,0,0,0,0,0,0,0,0,0,0,0,1,4,55,1,2,2,1,3,3,1,67,2,2,1,69,0,0