STATE,ST_CASE,VEH_NO,VE_FORMS,NUMOCCS,DAY,MONTH,HOUR,MINUTE,HARM_EV,MAN_COLL,UNITTYPE,HIT_RUN,REG_STAT,OWNER,MAKE,MODEL,MAK_MOD,BODY_TYP,MOD_YEAR,VIN,VIN_1,VIN_2,VIN_3,VIN_4,VIN_5,VIN_6,VIN_7,VIN_8,VIN_9,VIN_10,VIN_11,VIN_12,TOW_VEH,VINTYPE,VINMAKE,VINA_MOD,VIN_BT,VINMODYR,VIN_LNGT,VIN_WGT,WGTCD_TR,WHLBS_LG,WHLBS_SH,SER_TR,FUELCODE,MCYCL_DS,CARBUR,CYLINDER,DISPLACE,MCYCL_CY,MCYCL_WT,TIRE_SZE,TON_RAT,TRK_WT,TRKWTVAR,VIN_REST,WHLDRWHL,J_KNIFE,MCARR_I1,MCARR_I2,MCARR_ID,GVWR,V_CONFIG,CARGO_BT,HAZ_INV,HAZ_PLAC,HAZ_ID,HAZ_CNO,HAZ_REL,BUS_USE,SPEC_USE,EMER_USE,TRAV_SP,UNDERIDE,ROLLOVER,ROLINLOC,IMPACT1,DEFORMED,TOWED,M_HARM,VEH_SC1,VEH_SC2,FIRE_EXP,DR_PRES,L_STATE,DR_ZIP,L_STATUS,L_TYPE,CDL_STAT,L_ENDORS,L_COMPL,L_RESTRI,DR_HGT,DR_WGT,PREV_ACC,PREV_SUS,PREV_DWI,PREV_SPD,PREV_OTH,FIRST_MO,FIRST_YR,LAST_MO,LAST_YR,SPEEDREL,DR_SF1,DR_SF2,DR_SF3,DR_SF4,VTRAFWAY,VNUM_LAN,VSPD_LIM,VALIGN,VPROFILE,VPAVETYP,VSURCOND,VTRAFCON,VTCONT_F,P_CRASH1,P_CRASH2,P_CRASH3,PCRASH4,PCRASH5,ACC_TYPE,DEATHS,DR_DRINK
21,210633,1,2,2,20,11,15,48,12,6,1,0,21,2,20,22,20022,2,2007,1G1AL15F7771,1,G,1,A,L,1,5,F,7,7,7,1,0,P,CHEV,BLT,CP,7,17,2991,,0,1033,,G,,F,4,134,,,15R195,,,,,,0,0,000000000,00000000000,0,0,0,1,0,0,0,0,0,0,0,998,0,1,1,81,6,2,12,0,0,0,1,21,40729,6,1,0,0,3,0,73,203,0,0,0,0,0,0,0,0,0,1,28,58,0,0,1,2,35,4,1,2,1,0,0,14,8,98,4,6,66,2,0
21,210633,2,2,2,20,11,15,48,12,6,1,0,21,1,19,20,19020,6,2011,3GYFNDEY4BS6,3,G,Y,F,N,D,E,Y,4,B,S,6,0,P,CADI,SRX,UT,11,17,4387,,0,1105,,G,,F,6,183,,,18R235,,,,,,0,0,000000000,00000000000,0,0,0,1,0,0,0,0,0,0,0,998,0,1,1,12,6,2,12,0,0,0,1,21,40741,6,1,0,0,3,0,65,132,0,0,0,0,0,0,0,0,0,0,0,0,0,0,1,2,35,4,1,2,1,0,0,14,62,3,2,1,66,0,0
21,210634,1,1,1,20,10,1,14,24,0,1,0,21,1,18,20,18020,4,2001,2G4WB55K3112,2,G,4,W,B,5,5,K,3,1,1,2,0,P,BUIC,RLS,4D,1,17,3438,,0,1090,,G,,F,6,231,,,15R215,,,,,,0,0,000000000,00000000000,0,0,0,1,0,0,0,0,0,0,0,35,0,0,0,12,6,2,39,0,0,0,1,21,40272,6,1,0,0,3,0,64,115,0,0,0,0,0,0,0,0,0,9,0,0,0,0,1,2,35,2,1,2,1,40,3,14,12,1,1,4,6,1,1
21,210635,1,2,1,2,10,20,19,12,1,1,0,21,2,20,401,20401,14,1998,1GNDT13W8WK1,1,G,N,D,T,1,3,W,8,W,K,1,0,P,CHEV,BZR,UT,98,17,4046,,0,1070,,G,,F,6,262,,,15R235,,,,,,0,0,000000000,00000000000,0,0,0,1,0,0,0,0,0,0,0,73,0,0,0,12,6,2,12,0,0,0,1,21,40391,6,1,0,0,3,0,72,155,1,0,0,2,0,10,2010,3,2012,0,0,0,0,0,3,3,70,1,1,2,2,0,0,1,51,3,2,1,24,0,0
21,210635,2,2,1,2,10,20,19,12,1,1,0,39,1,69,398,69398,13,2011,LDF2FFCN7BDS,L,D,F,2,F,F,C,N,7,B,D,S,0,U,,,,11,17,,,,,,,,,,,,,,,,,,,0,0,000000000,00000000000,0,0,0,1,0,0,0,0,0,0,0,63,0,1,1,6,6,2,12,0,0,0,1,39,45659,6,1,0,0,3,0,63,178,0,3,0,0,0,12,2010,12,2010,0,0,0,0,0,3,3,70,1,1,2,2,0,0,1,53,3,2,1,25,1,0
21,210636,1,2,2,1,12,13,5,12,6,1,0,21,1,22,20,22020,4,2005,2G2WR5242511,2,G,2,W,R,5,2,4,2,5,1,1,0,P,PONT,GTP,4D,5,17,3583,,0,1105,,G,,Z,6,231,,,17R225,,,,,,0,0,000000000,00000000000,0,0,0,1,0,0,0,0,0,0,0,998,0,0,0,3,6,2,12,0,0,0,1,21,41653,6,1,0,0,3,0,63,153,1,0,0,0,0,6,2010,6,2010,0,58,85,0,0,2,2,55,1,1,2,1,0,0,1,60,7,4,6,64,2,0
21,210636,2,2,3,1,12,13,5,12,6,1,0,21,2,53,405,53405,14,2007,2S3DA2171761,2,S,3,D,A,2,1,7,1,7,6,1,0,P,SUZI,XL7,UT,7,17,4094,,0,1125,,G,,F,6,220,,,16R235,,,,,,0,0,000000000,00000000000,0,0,0,1,0,0,0,0,0,0,0,998,0,0,0,12,6,2,12,0,0,0,1,21,41859,6,1,6,0,3,0,70,170,0,0,0,0,0,0,0,0,0,0,0,0,0,0,2,2,55,1,1,2,1,0,0,1,62,1,1,1,65,0,0
21,210637,1,3,1,1,12,20,42,8,0,1,0,48,1,22,18,22018,4,2004,1G2NF52E04C2,1,G,2,N,F,5,2,E,0,4,C,2,0,P,PONT,SE1,4D,4,17,3066,,0,1070,,G,,F,6,207,,,15R215,,,,,,0,0,000000000,00000000000,0,0,0,1,0,0,0,0,0,0,0,998,0,0,0,12,4,3,8,0,0,0,1,41,40160,6,1,0,0,3,0,64,148,0,0,0,0,0,0,0,0,0,0,0,0,0,0,2,2,50,1,2,2,1,40,3,1,80,3,2,1,13,0,0
21,210637,2,3,2,1,12,20,42,8,0,1,0,21,3,35,47,35047,4,1998,1N4DL01D4WC2,1,N,4,D,L,0,1,D,4,W,C,2,0,P,NISS,AGS,4D,98,17,2766,,0,1031,,G,,F,4,146,,,15R195,,,,,,0,0,000000000,00000000000,0,0,0,1,0,0,0,0,0,0,0,998,0,0,0,14,2,1,8,0,0,0,1,21,40160,6,1,0,0,3,1,63,200,0,0,0,0,1,4,2012,4,2012,0,0,0,0,0,2,2,50,1,2,2,1,40,3,1,80,1,1,1,98,0,0
21,210637,3,3,1,1,12,20,42,8,0,1,0,26,1,41,471,41471,30,1998,4F4YR16X9WTM,4,F,4,Y,R,1,6,X,9,W,T,M,0,T,MAZD,4CP,PC,98,17,,1,0,1257,B40,G,,,6,245,,,,,3314,00,E,42,0,0,000000000,00000000000,0,0,0,1,0,0,0,0,0,0,0,998,0,0,0,14,2,1,8,0,0,0,1,26,40121,6,1,0,0,3,0,69,160,0,0,0,0,0,0,0,0,0,0,0,0,0,0,2,2,50,1,2,2,1,40,3,1,80,98,1,1,98,0,0
21,210638,1,2,2,2,12,1,40,12,2,1,0,21,1,7,482,7482,31,2001,1B7KF23691J5,1,B,7,K,F,2,3,6,9,1,J,5,0,T,DODG,Q25,4C,1,17,,2,1547,1387,RPC,D,,,6,359,,,,C,5586,01,U,44,0,0,000000000,00000000000,0,0,0,1,0,0,0,0,0,0,0,998,0,0,0,12,6,2,12,0,0,0,1,21,42450,6,1,0,0,3,0,72,170,0,0,0,1,0,2,2012,2,2012,0,0,0,0,0,1,2,55,1,1,2,1,28,3,1,10,1,1,2,50,0,0
21,210638,2,2,2,2,12,1,40,12,2,1,0,21,1,20,481,20481,31,2002,1GCGC24U62Z1,1,G,C,G,C,2,4,U,6,2,Z,1,0,T,CHEV,SC2,PK,2,17,,2,0,1330,SIL,G,,,8,364,,,,C,4995,00,,42,0,0,000000000,00000000000,0,0,0,1,0,0,0,0,0,0,0,998,0,0,0,12,6,2,12,0,0,0,1,21,42450,6,1,0,0,3,0,69,230,0,0,0,0,0,0,0,0,0,0,0,0,0,0,1,2,55,1,1,2,1,28,3,1,62,1,1,1,51,1,0
21,210639,1,1,3,4,12,2,17,35,0,1,0,21,2,2,404,2404,14,1998,1J4FJ68S8WL1,1,J,4,F,J,6,8,S,8,W,L,1,0,T,JEEP,SCL,4W,98,17,,1,0,1014,CHK,G,,,6,242,,,,,3249,00,E,44,0,0,000000000,00000000000,0,0,0,1,0,0,0,0,0,0,0,998,0,1,5,12,6,2,42,0,0,1,1,21,40356,1,1,0,0,2,0,75,210,0,1,1,0,0,7,2012,7,2012,1,58,0,0,0,1,2,55,1,2,2,1,28,3,1,12,7,2,4,2,1,1
21,210640,1,2,1,4,12,9,8,12,2,1,0,21,1,2,405,2405,14,2005,1J4GL58KX5W5,1,J,4,G,L,5,8,K,X,5,W,5,0,T,JEEP,LMD,4W,5,17,,1,0,1043,LIB,G,,,6,226,,,,,3893,00,E,44,0,0,000000000,00000000000,0,0,0,1,0,0,0,0,0,0,0,998,0,0,0,12,6,2,12,0,0,0,1,21,40741,6,1,8,0,3,0,72,189,0,0,0,0,0,0,0,0,0,1,58,87,0,0,1,2,55,4,2,2,2,0,0,14,6,1,9,2,50,1,0
21,210640,2,2,1,4,12,9,8,12,2,1,0,21,2,6,51,6051,4,2002,2C3HE66G22H1,2,C,3,H,E,6,6,G,2,2,H,1,0,P,CHRY,30M,4D,2,17,3484,,0,1130,,G,,F,6,215,,,17R225,,,,,,0,0,000000000,00000000000,0,0,0,1,0,0,0,0,0,0,0,998,0,0,0,12,6,2,12,0,0,0,1,21,40701,1,1,0,0,2,0,72,170,1,2,1,0,0,7,2010,11,2010,0,0,0,0,0,1,2,55,4,2,2,2,0,0,14,62,1,1,1,51,0,0
21,210641,1,1,2,6,12,2,20,42,0,1,0,21,1,20,16,20016,2,1999,1G1JC1240X71,1,G,1,J,C,1,2,4,0,X,7,1,0,P,CHEV,C/S,CP,99,17,2617,,0,1041,,G,,F,4,133,,,14R195,,,,,,0,0,000000000,00000000000,0,0,0,1,0,0,0,0,0,0,0,60,0,1,5,12,6,2,42,0,0,0,1,21,41097,6,1,0,0,3,0,73,150,2,1,0,1,0,5,2010,7,2011,0,58,0,0,0,1,2,55,3,1,2,1,0,0,14,13,6,4,4,7,1,0
21,210642,1,2,1,6,12,5,44,12,6,1,0,21,2,12,461,12461,21,2005,1FTSE34P35HA,1,F,T,S,E,3,4,P,3,5,H,A,0,T,FORD,3SD,CG,5,17,,2,0,1380,VAN,D,,,8,366,,,,D,00000,00,E,42,0,0,000000000,00000000000,0,0,0,1,0,0,0,0,0,0,0,998,0,0,0,12,6,2,12,0,0,0,1,21,40214,6,1,0,0,3,0,71,158,0,0,0,0,0,0,0,0,0,0,38,0,0,0,2,3,55,1,1,1,1,2,3,11,15,1,1,1,68,0,0
21,210642,2,2,2,6,12,5,44,12,6,1,0,21,1,20,37,20037,4,2001,1G1ND52JX162,1,G,1,N,D,5,2,J,X,1,6,2,0,P,CHEV,MAL,4D,1,17,3051,,0,1070,,G,,F,6,191,,,15R215,,,,,,0,0,000000000,00000000000,0,0,0,1,0,0,0,0,0,0,0,998,0,0,0,62,6,2,12,0,0,0,1,21,40211,6,1,0,0,3,1,66,160,0,0,0,0,0,0,0,0,0,0,0,0,0,0,2,2,55,1,1,1,1,3,2,1,62,1,1,1,69,1,0
21,210643,1,2,2,6,12,7,33,12,6,1,0,21,2,20,32,20032,4,2001,1Y1SK528X1Z4,1,Y,1,S,K,5,2,8,X,1,Z,4,0,P,CHEV,P/L,4D,1,17,2403,,0,971,,G,,F,4,110,,,14R175,,,,,,0,0,000000000,00000000000,0,0,0,1,0,0,0,0,0,0,0,998,0,0,0,61,6,2,12,0,0,0,1,21,42066,6,1,0,0,3,0,65,146,0,0,0,0,0,0,0,0,0,0,38,0,0,0,1,2,98,1,3,2,1,20,3,11,15,1,1,1,82,1,0
21,210643,2,2,1,6,12,7,33,12,6,1,0,47,1,87,881,87881,66,1997,1XP5DB9X0VD4,1,X,P,5,D,B,9,X,0,V,D,4,1,T,PTRB,379,TR,97,17,,8,0,0,CON,D,,,6,893,,,,,00000,00,,64,1,57,01833366,5701833366,3,6,10,1,0,0,0,0,0,0,0,54,0,0,0,12,2,3,12,0,0,0,1,47,38374,6,1,6,1,3,0,69,210,0,0,0,0,0,0,0,0,0,0,0,0,0,0,1,2,55,1,3,2,1,0,0,1,67,98,1,1,83,0,0
21,210644,1,1,1,7,12,8,29,23,0,1,0,17,3,85,881,85881,66,2012,1XKAD49X2CJ3,1,X,K,A,D,4,9,X,2,C,J,3,1,T,KW,T60,TR,12,17,,8,2600,1600,CON,D,,,6,915,,,,,00000,00,,64,1,57,00276010,5700276010,3,6,1,1,0,0,0,0,0,0,0,998,0,1,5,12,6,2,23,0,0,0,1,45,29624,6,1,6,0,3,0,76,355,0,1,0,1,1,10,2010,9,2011,0,87,0,0,0,3,2,70,3,2,2,6,0,0,14,1,98,2,4,2,1,0
21,210645,1,2,1,7,12,9,30,8,0,1,0,21,1,23,881,23881,66,2000,1GDT7H4C9YJ5,1,G,D,T,7,H,4,C,9,Y,J,5,0,T,GMC,7H6,CB,0,17,,8,2810,1570,CSR,D,,,6,439,,,,,00000,00,,64,0,57,00673606,5700673606,3,2,4,1,0,0,0,0,0,0,0,998,0,1,5,12,6,2,8,0,0,0,1,21,42276,6,1,6,0,3,0,70,210,1,0,0,0,0,7,2010,7,2010,1,58,87,0,0,1,2,55,2,2,2,2,0,0,14,6,98,2,2,13,0,0
21,210645,2,2,1,7,12,9,30,8,0,1,0,47,1,49,481,49481,31,1997,JT4UN24D8V00,J,T,4,U,N,2,4,D,8,V,0,0,0,T,TOYT,TX5,PC,97,17,,1,0,1218,T10,G,,,6,206,,,,B,4040,01,M,44,0,0,000000000,00000000000,0,0,0,1,0,0,0,0,0,0,0,0,0,0,0,61,6,2,12,0,0,0,1,47,37022,6,1,0,0,3,0,72,200,1,0,0,0,0,7,2011,7,2011,0,0,0,0,0,1,2,55,3,2,2,2,0,0,5,62,1,1,1,98,0,0
21,210646,1,1,1,7,12,22,20,52,0,1,0,36,4,49,51,49051,4,2012,JTDKTUD39CD5,J,T,D,K,T,U,D,3,9,C,D,5,0,P,TOYT,YAR,4H,12,17,2315,,0,988,,G,,F,4,091,,,15R175,,,,,,0,0,000000000,00000000000,0,0,0,1,0,0,0,0,0,0,0,73,0,0,0,12,6,2,52,0,0,0,1,21,40601,6,1,0,0,3,0,62,116,0,0,0,0,0,0,0,0,0,1,0,0,0,0,2,2,70,3,1,2,2,0,0,14,6,1,2,4,2,1,0
21,210647,1,2,1,6,12,17,43,12,2,1,0,21,1,12,471,12471,30,2002,1FTYR44E72PB,1,F,T,Y,R,4,4,E,7,2,P,B,0,T,FORD,RNS,4C,2,17,,1,0,1257,RNG,G,,,6,245,,,,B,3394,04,E,42,0,0,000000000,00000000000,0,0,0,1,0,0,0,0,0,0,0,998,0,0,0,12,6,2,12,0,0,0,1,21,40356,6,1,0,0,3,0,67,250,1,0,0,0,0,12,2012,12,2012,0,0,0,0,0,1,2,55,1,2,2,2,0,0,1,99,1,1,9,53,1,0
21,210647,2,2,5,6,12,17,43,12,2,1,0,21,1,7,21,7021,6,2007,2D4FV47VX7H6,2,D,4,F,V,4,7,V,X,7,H,6,0,P,DODG,MGN,UT,7,17,3795,,0,1200,,G,,F,6,214,,,17R215,,,,,,0,0,000000000,00000000000,0,0,0,1,0,0,0,0,0,0,0,998,0,0,0,12,6,2,12,0,0,0,1,21,40511,6,1,0,0,3,1,72,228,1,0,0,0,0,12,2011,12,2011,0,0,0,0,0,1,2,55,1,2,2,2,0,0,1,99,1,1,1,53,0,0
21,210648,1,1,2,6,12,18,33,8,0,1,0,21,2,20,2,20002,4,2000,2G1WF55K4Y93,2,G,1,W,F,5,5,K,4,Y,9,3,0,P,CHEV,IMP,4D,0,17,3389,,0,1110,,G,,F,6,231,,,16R225,,,,,,0,0,000000000,00000000000,0,0,0,1,0,0,0,0,0,0,0,33,0,0,0,12,6,8,8,0,0,0,1,21,41042,6,1,0,0,3,0,75,140,0,2,1,0,3,1,2010,7,2012,0,87,0,0,0,1,5,35,1,2,2,2,0,0,1,80,98,1,1,13,0,0
21,210649,1,2,5,8,12,7,59,12,2,1,0,21,2,49,442,49442,20,2002,4T3ZF13C22U4,4,T,3,Z,F,1,3,C,2,2,U,4,0,P,TOYT,SIE,SV,2,17,3932,,0,1142,,G,,F,6,183,,,15R205,,,,,,0,0,000000000,00000000000,0,0,0,1,0,0,0,0,0,0,0,68,0,0,0,12,6,2,12,0,0,0,1,21,42211,1,1,0,0,2,0,69,170,0,2,1,0,3,5,2011,8,2011,1,87,0,0,0,1,2,55,4,2,2,2,0,0,14,6,1,9,2,50,4,1
21,210649,2,2,1,8,12,7,59,12,2,1,0,0,0,98,998,98998,92,2010,1RW9530PHAP0,1,R,W,9,5,3,0,P,H,A,P,0,1,U,,,,10,17,,,,,,,,,,,,,,,,,,,1,0,000000000,00000000000,0,0,0,1,0,0,0,0,0,0,0,13,0,0,0,12,6,2,12,0,0,0,1,21,42211,6,1,6,0,1,0,66,183,0,0,0,0,0,0,0,0,0,0,0,0,0,0,1,2,55,4,2,2,2,0,0,14,62,7,1,1,51,0,0
21,210650,1,1,2,9,12,18,8,25,0,1,0,21,2,7,20,7020,4,2004,1B3ES26C94D5,1,B,3,E,S,2,6,C,9,4,D,5,0,P,DODG,BSE,4D,4,17,2584,,0,1040,,G,,F,4,122,,,14R175,,,,,,0,0,000000000,00000000000,0,0,0,1,0,0,0,0,0,0,0,998,0,0,0,3,6,2,25,0,0,0,1,21,40820,6,1,8,0,3,0,65,175,1,0,0,0,0,4,2010,4,2010,1,87,0,0,0,1,2,55,3,1,2,2,0,0,14,6,98,9,4,7,1,0
21,210651,1,1,1,10,12,15,17,52,0,1,0,21,2,49,32,49032,4,1999,1NXBR12EXXZ1,1,N,X,B,R,1,2,E,X,X,Z,1,0,P,TOYT,UVL,4D,99,17,2414,,0,970,,G,,F,4,109,,,14R175,,,,,,0,0,000000000,00000000000,0,0,0,1,0,0,0,0,0,0,0,998,0,1,1,12,6,2,52,0,0,0,1,21,42240,6,1,0,0,3,0,69,165,0,2,2,2,0,5,2010,5,2011,0,0,0,0,0,3,2,70,1,1,2,1,0,0,1,12,7,1,4,6,1,0
21,210652,1,1,2,8,12,18,26,42,0,1,0,21,2,12,13,12013,3,1988,1FAPP2197JW1,1,F,A,P,P,2,1,9,7,J,W,1,0,P,FORD,EGL,2H,88,17,2187,,0,942,,G,,F,4,116,,,13R165,,,,,,0,0,000000000,00000000000,0,0,0,1,0,0,0,0,0,0,0,998,0,1,5,12,6,2,1,0,0,0,1,21,41031,6,1,0,0,3,0,69,250,0,0,0,0,0,0,0,0,0,0,0,0,0,0,1,2,55,3,2,2,2,0,0,14,9,98,9,4,2,1,0
21,210653,1,2,1,11,12,12,47,12,2,1,0,21,2,49,40,49040,4,1996,4T1BG12K4TU8,4,T,1,B,G,1,2,K,4,T,U,8,0,P,TOYT,DLX,4D,96,17,2932,,0,1031,,G,,F,4,132,,,14R195,,,,,,0,0,000000000,00000000000,0,0,0,1,0,0,0,0,0,0,0,998,7,0,0,12,6,2,12,0,0,0,1,21,40324,6,1,0,0,3,0,72,210,1,0,0,0,0,3,2010,3,2010,0,28,0,0,0,5,4,55,1,2,2,1,0,0,1,10,1,1,2,50,1,0
21,210653,2,2,1,11,12,12,47,12,2,1,0,18,3,82,881,82881,66,2013,1FUJGEDV1DSB,1,F,U,J,G,E,D,V,1,D,S,B,1,T,FRHT,125,TR,13,17,,8,0,0,CSC,D,,,6,781,,,,,00000,00,,64,1,57,00252402,5700252402,3,6,98,1,0,0,0,0,0,0,0,998,0,0,0,12,6,2,12,0,0,0,1,21,40511,6,1,6,0,3,0,72,180,0,0,0,1,0,6,2010,6,2010,0,0,0,0,0,5,4,55,1,2,2,1,0,0,1,62,3,2,1,51,0,0
21,210654,1,2,1,11,12,15,0,12,2,1,0,21,1,14,17,14017,4,2000,1MEFM55S3YA6,1,M,E,F,M,5,5,S,3,Y,A,6,0,P,MERC,SLP,4D,0,17,3375,,0,1085,,G,,F,6,182,,,16R215,,,,,,0,0,000000000,00000000000,0,0,0,1,0,0,0,0,0,0,0,998,0,0,0,12,6,2,12,0,0,0,1,21,42602,6,1,0,0,3,0,63,160,2,0,0,1,0,3,2010,10,2012,0,28,38,0,0,1,2,55,1,1,2,1,0,0,1,10,1,1,2,50,1,0
21,210654,2,2,1,11,12,15,0,12,2,1,0,21,1,22,22,22022,4,2006,1G2ZG558X642,1,G,2,Z,G,5,5,8,X,6,4,2,0,P,PONT,GS1,4D,6,17,3419,,0,1123,,G,,F,6,214,,,16R215,,,,,,0,0,000000000,00000000000,0,0,0,1,0,0,0,0,0,0,0,998,0,0,0,12,6,2,12,0,0,0,1,21,42633,6,1,0,0,3,0,59,100,0,0,0,0,0,0,0,0,0,0,0,0,0,0,1,2,55,1,1,2,1,0,0,1,62,1,1,1,51,0,0
21,210655,1,1,1,8,12,22,4,8,0,1,0,21,3,98,898,98898,78,2000,44KFT4280YWZ,4,4,K,F,T,4,2,8,0,Y,W,Z,0,U,,,,0,17,,,,,,,,,,,,,,,,,,,0,88,888888888,88888888888,3,1,96,1,0,0,0,0,0,7,0,998,0,0,0,8,2,3,8,0,0,0,1,21,42503,6,1,0,0,3,0,72,230,0,0,0,0,0,0,0,0,0,0,38,0,0,0,4,5,98,1,2,2,2,2,3,11,80,1,1,1,13,0,0
21,210656,1,2,3,14,12,7,36,12,2,1,0,21,1,49,422,49422,15,2002,5TDBT44A52S0,5,T,D,B,T,4,4,A,5,2,S,0,0,P,TOYT,SEQ,UT,2,17,5270,,0,1181,,G,,F,8,285,,,16R265,,,,,,0,0,000000000,00000000000,0,0,0,1,0,0,0,0,0,0,0,998,0,0,0,12,6,2,12,0,0,0,1,21,41095,1,1,0,0,2,1,64,125,0,2,0,2,1,3,2011,6,2012,0,28,0,0,0,1,2,55,1,1,2,2,0,0,1,10,3,2,2,50,0,0
21,210656,2,2,1,14,12,7,36,12,2,1,0,21,1,49,471,49471,30,1992,4TARN81A4NZ0,4,T,A,R,N,8,1,A,4,N,Z,0,0,T,TOYT,USS,PK,92,17,,1,0,1029,UHT,G,,,4,144,,,,B,00000,00,A,42,0,0,000000000,00000000000,0,0,0,1,0,0,0,0,0,0,0,998,0,0,0,12,6,2,12,0,0,0,1,21,41095,6,1,0,0,3,0,69,200,0,2,2,2,0,1,2010,9,2012,0,0,0,0,0,1,2,55,1,1,2,2,0,0,1,62,3,2,1,51,1,0
21,210657,1,3,4,14,12,11,15,12,6,1,0,21,1,12,16,12016,4,1999,2FAFP74W3XX2,2,F,A,F,P,7,4,W,3,X,X,2,0,P,FORD,CVL,4D,99,17,3917,,0,1147,,G,,F,8,281,,,16R225,,,,,,0,0,000000000,00000000000,0,0,0,1,0,0,0,0,0,0,0,998,0,0,0,83,6,2,12,0,0,0,1,55,53536,6,1,0,0,3,0,72,170,0,0,0,0,0,0,0,0,0,0,58,0,0,0,1,3,55,1,2,2,4,0,0,6,5,98,9,2,48,1,0
21,210657,2,3,1,14,12,11,15,12,6,1,0,21,2,20,20,20020,4,2000,2G1WL52J0Y11,2,G,1,W,L,5,2,J,0,Y,1,1,0,P,CHEV,LUM,4D,0,17,3330,,0,1075,,G,,F,6,191,,,15R205,,,,,,0,0,000000000,00000000000,0,0,0,1,0,0,0,0,0,0,0,998,0,0,0,12,6,2,12,0,0,0,1,21,41465,6,1,8,0,3,0,67,175,0,0,0,0,0,0,0,0,0,0,0,0,0,0,1,3,55,1,2,2,4,0,0,1,62,3,2,1,48,0,0
21,210657,3,3,2,14,12,11,15,12,6,1,0,21,2,49,40,49040,4,2010,4T4BF3EK6AR0,4,T,4,B,F,3,E,K,6,A,R,0,0,P,TOYT,CBA,4D,10,17,3263,,0,1093,,G,,F,4,152,,,16R215,,,,,,0,0,000000000,00000000000,0,0,0,1,0,0,0,0,0,0,0,998,0,0,0,12,6,2,12,0,0,0,1,21,40353,6,1,0,0,3,0,71,220,1,0,0,0,0,10,2010,10,2010,0,0,0,0,0,1,3,55,1,2,2,4,0,0,1,61,2,1,1,98,0,0
21,210658,1,1,1,14,12,21,5,35,0,1,0,21,2,12,471,12471,30,1993,1FTCR10U4PPB,1,F,T,C,R,1,0,U,4,P,P,B,0,T,FORD,RNG,PK,93,17,,1,1139,1079,RNG,G,,,6,182,,,,B,2918,01,A,42,0,0,000000000,00000000000,0,0,0,1,0,0,0,0,0,0,0,68,0,1,6,61,6,2,35,0,0,0,1,21,42351,6,1,0,0,3,0,69,200,0,0,0,0,0,0,0,0,0,0,0,0,0,0,1,2,55,1,1,2,1,0,0,1,13,1,1,4,1,1,1
21,210659,1,1,1,16,12,9,9,35,0,1,0,21,1,12,3,12003,3,1989,1FABP42E7KF2,1,F,A,B,P,4,2,E,7,K,F,2,0,P,FORD,MCG,2H,89,17,3194,,0,1005,,G,,F,8,302,,,000000,,,,,,0,0,000000000,00000000000,0,0,0,1,0,0,0,0,0,0,0,998,0,1,5,12,6,2,35,0,0,0,1,21,40962,6,1,0,0,3,0,68,140,2,0,0,0,0,1,2010,11,2011,1,87,0,0,0,1,2,45,3,1,2,2,0,0,14,6,3,4,4,2,1,0
21,210660,1,1,2,15,12,19,59,8,0,1,0,21,1,7,482,7482,31,2001,1B7HC16Y81S1,1,B,7,H,C,1,6,Y,8,1,S,1,0,T,DODG,150,PK,1,17,,2,1347,1187,RPC,G,,,8,318,,,,B,4010,02,U,42,0,0,000000000,00000000000,0,0,0,1,0,0,0,0,0,0,0,998,0,0,0,81,2,1,8,0,0,0,1,21,41097,6,1,0,0,3,1,63,145,0,0,0,0,0,0,0,0,0,0,0,0,0,0,1,2,55,4,1,2,2,0,0,14,80,3,2,1,13,0,0
21,210661,1,1,1,16,12,15,59,1,0,1,0,21,1,73,705,73705,80,2001,JKAVNDA1X1B5,J,K,A,V,N,D,A,1,X,1,B,5,0,M,KAWK,V75,RS,1,17,,,,,,,750,,2,,4,483,,,,,,,0,0,000000000,00000000000,0,0,0,1,0,0,0,0,0,0,0,38,0,0,0,0,4,3,1,0,0,0,1,21,41042,6,1,8,0,2,0,69,195,0,0,0,0,0,0,0,0,0,0,0,0,0,0,1,2,35,2,1,2,1,40,3,1,10,98,1,2,98,1,1
21,210662,1,2,1,18,12,18,0,12,2,1,0,21,1,20,421,20421,15,2004,1GNEK13Z54R1,1,G,N,E,K,1,3,Z,5,4,R,1,0,P,CHEV,KTA,UT,4,17,5050,,0,1160,,F,,F,8,325,,,16R265,,,,,,0,0,000000000,00000000000,0,0,0,1,0,0,0,0,0,0,0,998,0,0,0,12,6,2,12,0,0,0,1,21,42029,6,1,0,0,3,1,64,145,1,0,0,0,0,3,2010,3,2010,0,0,0,0,0,1,2,55,1,1,2,1,0,0,11,15,1,1,1,68,0,0
21,210662,2,2,1,18,12,18,0,12,2,1,0,21,1,76,706,76706,80,1984,JYA41V009EA0,J,Y,A,4,1,V,0,0,9,E,A,0,0,M,YAMA,XVZ,RS,84,17,,,,,,,1200,,4,,4,705,,,,,,,0,0,000000000,00000000000,0,0,0,1,0,0,0,0,0,0,0,998,0,0,0,12,6,2,12,0,0,0,1,21,42045,6,1,6,0,3,0,69,175,0,0,0,0,0,0,0,0,0,0,0,0,0,0,1,2,55,1,1,2,1,0,0,1,62,98,1,1,69,1,0