STATE,ST_CASE,VEH_NO,VE_FORMS,NUMOCCS,DAY,MONTH,HOUR,MINUTE,HARM_EV,MAN_COLL,UNITTYPE,HIT_RUN,REG_STAT,OWNER,MAKE,MODEL,MAK_MOD,BODY_TYP,MOD_YEAR,VIN,VIN_1,VIN_2,VIN_3,VIN_4,VIN_5,VIN_6,VIN_7,VIN_8,VIN_9,VIN_10,VIN_11,VIN_12,TOW_VEH,VINTYPE,VINMAKE,VINA_MOD,VIN_BT,VINMODYR,VIN_LNGT,VIN_WGT,WGTCD_TR,WHLBS_LG,WHLBS_SH,SER_TR,FUELCODE,MCYCL_DS,CARBUR,CYLINDER,DISPLACE,MCYCL_CY,MCYCL_WT,TIRE_SZE,TON_RAT,TRK_WT,TRKWTVAR,VIN_REST,WHLDRWHL,J_KNIFE,MCARR_I1,MCARR_I2,MCARR_ID,GVWR,V_CONFIG,CARGO_BT,HAZ_INV,HAZ_PLAC,HAZ_ID,HAZ_CNO,HAZ_REL,BUS_USE,SPEC_USE,EMER_USE,TRAV_SP,UNDERIDE,ROLLOVER,ROLINLOC,IMPACT1,DEFORMED,TOWED,M_HARM,VEH_SC1,VEH_SC2,FIRE_EXP,DR_PRES,L_STATE,DR_ZIP,L_STATUS,L_TYPE,CDL_STAT,L_ENDORS,L_COMPL,L_RESTRI,DR_HGT,DR_WGT,PREV_ACC,PREV_SUS,PREV_DWI,PREV_SPD,PREV_OTH,FIRST_MO,FIRST_YR,LAST_MO,LAST_YR,SPEEDREL,DR_SF1,DR_SF2,DR_SF3,DR_SF4,VTRAFWAY,VNUM_LAN,VSPD_LIM,VALIGN,VPROFILE,VPAVETYP,VSURCOND,VTRAFCON,VTCONT_F,P_CRASH1,P_CRASH2,P_CRASH3,PCRASH4,PCRASH5,ACC_TYPE,DEATHS,DR_DRINK
21,210693,1,1,1,16,12,10,46,35,0,1,0,21,1,18,23,18023,4,2007,1G4HP57237U2,1,G,4,H,P,5,7,2,3,7,U,2,0,P,BUIC,UCX,4D,7,17,3764,,0,1156,,G,,F,6,232,,,16R225,,,,,,0,0,000000000,00000000000,0,0,0,1,0,0,0,0,0,0,0,998,0,1,5,98,6,2,35,0,0,0,1,21,41365,6,1,0,0,3,0,67,206,0,0,0,0,0,0,0,0,0,9,87,0,0,0,1,2,55,2,1,2,2,40,3,14,9,3,3,4,2,1,0
21,210694,1,1,2,24,12,8,58,1,0,1,0,21,1,20,1,20001,2,1981,1G1AT27K0BD4,1,G,1,A,T,2,7,K,0,B,D,4,0,P,CHEV,MAL,2H,81,17,3028,,0,1081,,G,,2,6,229,,,14R185,,,,,,0,0,000000000,00000000000,0,0,0,1,0,0,0,0,0,0,0,998,0,2,5,0,6,2,1,0,0,0,1,21,40456,6,1,0,0,3,0,63,105,0,0,0,0,0,0,0,0,0,9,0,0,0,0,1,2,55,1,2,2,2,0,0,1,13,98,1,4,1,1,0
21,210695,1,1,1,21,10,16,0,24,0,1,0,21,2,37,706,37706,80,2000,1HFSC4307YA0,1,H,F,S,C,4,3,0,7,Y,A,0,0,M,HOND,VT2,RS,0,17,,,,,,,1099,,2,,4,573,,,,,,,0,0,000000000,00000000000,0,0,0,1,0,0,0,0,0,0,0,43,0,0,0,81,2,3,24,0,0,0,1,21,41144,6,1,0,0,2,0,75,350,0,0,0,0,0,0,0,0,0,0,0,0,0,0,1,2,55,3,2,2,1,40,3,14,13,98,1,4,1,1,0
22,220001,1,1,1,1,1,5,16,25,0,1,0,22,2,13,421,13421,15,2002,5LMEU27R12LJ,5,L,M,E,U,2,7,R,1,2,L,J,0,P,LINC,NAV,UT,2,17,5396,,0,1190,,G,,F,8,330,,,17R275,,,,,,0,0,000000000,00000000000,0,0,0,1,0,0,0,0,0,0,0,55,0,1,5,12,6,2,25,0,0,0,1,22,70501,6,1,0,0,3,0,67,190,0,0,0,1,0,10,2009,10,2009,0,6,24,0,0,1,2,55,2,1,1,2,0,0,14,10,1,1,4,6,1,1
22,220002,1,1,3,2,1,2,6,53,0,1,0,22,1,20,421,20421,15,1998,1GNEK13R8WJ3,1,G,N,E,K,1,3,R,8,W,J,3,0,P,CHEV,KTA,UT,98,17,4865,,0,1175,,G,,F,8,350,,,16R245,,,,,,0,0,000000000,00000000000,0,0,0,1,0,0,0,0,0,0,0,45,0,1,5,12,4,3,1,0,0,0,1,22,70359,6,1,0,0,3,0,75,220,0,0,0,1,1,6,2010,9,2011,0,6,24,58,91,1,2,45,1,1,2,1,0,0,1,13,1,1,4,1,1,1
22,220003,1,1,2,2,1,21,15,58,0,1,0,22,2,20,422,20422,15,2007,1GNFC160X7J3,1,G,N,F,C,1,6,0,X,7,J,3,0,P,CHEV,C15,UT,7,17,5613,,0,1300,,F,,F,8,323,,,17R265,,,,,,0,0,000000000,00000000000,0,0,0,1,0,0,0,0,0,0,0,55,0,1,5,14,6,2,1,0,0,0,1,22,70586,6,1,0,0,3,0,75,195,0,0,0,0,0,0,0,0,0,1,6,24,0,0,1,2,55,3,1,2,1,40,3,14,13,1,1,4,1,2,0
22,220004,1,1,1,5,1,17,50,1,0,1,0,22,1,53,705,53705,80,2004,JS1GR7JA0421,J,S,1,G,R,7,J,A,0,4,2,1,0,M,SUZI,SRK,RC,4,17,,,,,,,749,,4,,4,465,,,,,,,0,0,000000000,00000000000,0,0,0,1,0,0,0,0,0,0,0,50,0,0,0,0,6,2,35,0,0,0,1,22,70570,1,1,0,0,2,0,69,170,0,2,1,0,0,4,2010,12,2011,0,6,0,0,0,1,2,55,1,1,2,1,0,0,1,13,1,1,4,1,1,0
22,220005,1,1,2,5,1,22,56,42,0,1,0,22,1,24,2,24002,2,2000,1G8ZP1284YZ1,1,G,8,Z,P,1,2,8,4,Y,Z,1,0,P,STRN,SC1,3P,0,17,2396,,0,1024,,G,,F,4,116,,,14R185,,,,,,0,0,000000000,00000000000,0,0,0,1,0,0,0,0,0,0,0,999,0,1,5,12,6,2,1,0,0,0,1,22,70607,6,1,0,0,3,3,70,145,0,0,0,0,0,0,0,0,0,0,24,0,0,0,2,3,70,1,1,2,1,0,0,1,13,1,1,4,1,1,0
22,220006,1,2,1,5,1,23,33,12,2,1,0,22,1,58,37,58037,4,2004,JNKCV51E94M6,J,N,K,C,V,5,1,E,9,4,M,6,0,P,INFI,G35,4D,4,17,3210,,0,1122,,G,,F,6,214,,,17R215,,,,,,0,0,000000000,00000000000,0,0,0,1,0,0,0,0,0,0,0,109,0,0,0,12,6,2,12,0,0,0,1,22,70810,6,1,0,0,3,0,69,220,0,0,0,0,0,0,0,0,0,1,91,0,0,0,2,2,55,1,1,2,1,0,0,1,10,1,1,6,50,0,1
22,220006,2,2,1,5,1,23,33,12,2,1,0,22,2,37,31,37031,4,2001,2HGES26791H6,2,H,G,E,S,2,6,7,9,1,H,6,0,P,HOND,UAX,4D,1,17,2615,,0,1031,,G,,F,4,102,,,15R185,,,,,,0,0,000000000,00000000000,0,0,0,1,0,0,0,0,0,0,0,55,0,0,0,12,6,2,12,0,0,0,1,22,70508,6,1,0,0,3,3,69,125,0,0,0,0,0,0,0,0,0,0,0,0,0,0,2,2,55,1,1,2,1,0,0,1,62,1,1,1,51,1,0
22,220007,1,3,1,6,1,6,48,12,2,1,0,22,2,35,32,35032,2,1989,JN1HS34P9KW0,J,N,1,H,S,3,4,P,9,K,W,0,0,P,NISS,24X,CP,89,17,2657,,0,974,,G,,F,4,146,,,15R195,,,,,,0,0,000000000,00000000000,0,0,0,1,0,0,0,0,0,0,0,55,0,0,0,12,6,2,12,0,0,0,1,22,70390,6,1,0,0,3,3,72,270,0,0,0,0,0,0,0,0,0,0,28,0,0,0,1,2,55,1,1,2,1,0,0,1,10,1,1,2,50,1,0
22,220007,2,3,1,6,1,6,48,12,2,1,0,22,1,12,401,12401,14,1996,1FMDU32X5TUD,1,F,M,D,U,3,2,X,5,T,U,D,0,P,FORD,EPR,UT,96,17,3952,,0,1115,,G,,F,6,245,,,15R225,,,,,,0,0,000000000,00000000000,0,0,0,1,0,0,0,0,0,0,0,50,0,0,0,12,6,2,12,0,0,0,1,22,70301,6,1,6,0,3,0,68,215,0,0,0,0,0,0,0,0,0,0,0,0,0,0,1,2,55,1,1,2,1,0,0,1,62,1,1,1,51,0,0
22,220007,3,3,3,6,1,6,48,12,2,1,0,22,2,7,43,7043,4,2004,1B3EL36X14N2,1,B,3,E,L,3,6,X,1,4,N,2,0,P,DODG,SSE,4D,4,17,3088,,0,1080,,G,,F,4,146,,,15R205,,,,,,0,0,000000000,00000000000,0,0,0,1,0,0,0,0,0,0,0,50,0,0,0,12,4,3,12,0,0,0,1,22,70301,6,1,0,0,3,0,62,173,0,0,0,0,0,0,0,0,0,0,0,0,0,0,1,2,55,1,1,2,1,0,0,1,62,1,1,1,98,0,0
22,220008,1,2,1,7,1,1,25,12,6,1,0,48,3,87,881,87881,66,2011,1XPHDP0X9BD1,1,X,P,H,D,P,0,X,9,B,D,1,1,T,PTRB,386,TR,11,17,,8,0,0,CON,D,,,6,787,,,,,00000,00,,64,1,57,1609544,571609544,3,6,2,1,0,0,0,0,0,0,0,55,0,1,5,12,6,2,1,0,0,0,1,22,71104,6,1,6,1,3,0,66,140,0,0,0,1,0,6,2011,6,2011,0,91,0,0,0,1,2,55,1,1,8,1,20,3,1,17,1,1,1,88,0,0
22,220008,2,2,1,7,1,1,25,12,6,1,0,22,1,49,32,49032,4,2000,1NXBR12E3YZ3,1,N,X,B,R,1,2,E,3,Y,Z,3,0,P,TOYT,UVL,4D,0,17,2403,,0,970,,G,,F,4,109,,,14R175,,,,,,0,0,000000000,00000000000,0,0,0,1,0,0,0,0,0,0,0,55,0,0,0,9,6,2,12,0,0,1,1,22,71046,6,1,0,0,3,3,69,198,0,0,0,0,0,0,0,0,0,0,0,0,0,0,1,2,55,1,1,2,1,0,0,1,17,1,1,1,89,1,0
22,220009,1,1,1,8,1,1,45,8,0,1,0,48,1,14,38,14038,2,1999,1ZWFT61L4X56,1,Z,W,F,T,6,1,L,4,X,5,6,0,P,MERC,CU6,2H,99,17,2941,,0,1064,,G,,F,6,155,,,16R215,,,,,,0,0,000000000,00000000000,0,0,0,1,0,0,0,0,0,0,0,49,0,0,0,12,6,2,8,0,0,0,1,48,70767,6,1,0,0,3,3,999,999,1,6,0,0,0,7,2009,6,2011,0,0,0,0,0,2,2,65,1,1,1,1,0,0,1,80,1,1,1,13,0,0
22,220010,1,2,1,8,1,5,15,12,2,1,0,48,2,2,405,2405,14,2008,1J8GP28K58W2,1,J,8,G,P,2,8,K,5,8,W,2,0,T,JEEP,SPR,4W,8,17,,1,0,1061,LIB,G,,,6,226,,,,,3985,00,R,42,0,0,000000000,00000000000,0,0,0,1,0,0,0,0,0,0,0,52,0,0,0,12,6,2,12,0,0,0,1,22,71112,6,1,0,0,3,0,76,210,0,0,0,3,0,10,2010,12,2011,0,28,0,0,0,1,2,55,1,1,2,2,0,0,1,10,1,1,2,50,0,0
22,220010,2,2,1,8,1,5,15,12,2,1,0,22,1,20,16,20016,4,2005,1G1JF52F4571,1,G,1,J,F,5,2,F,4,5,7,1,0,P,CHEV,CAS,4D,5,17,2676,,0,1041,,G,,F,4,134,,,15R195,,,,,,0,0,000000000,00000000000,0,0,0,1,0,0,0,0,0,0,0,62,0,0,0,12,6,2,12,0,0,0,1,22,71019,6,1,0,0,3,0,58,140,0,0,0,0,0,0,0,0,0,0,0,0,0,0,1,2,55,1,1,2,2,0,0,1,62,1,1,1,51,1,0
22,220011,1,2,2,8,1,9,25,12,2,1,0,22,1,76,739,76739,90,9999,999999999999,9,9,9,9,9,9,9,9,9,9,9,9,0,,,,,,,,,,,,,,,,,,,,,,,,,0,0,000000000,00000000000,0,0,0,1,0,0,0,0,0,0,0,35,0,1,5,12,6,2,2,0,0,1,1,22,71418,6,1,0,0,3,0,72,245,0,0,0,0,0,0,0,0,0,0,6,28,0,0,1,2,35,1,1,5,1,0,0,1,54,6,1,4,52,2,0
22,220011,2,2,1,8,1,9,25,12,2,1,0,22,2,12,481,12481,31,1999,1FTRX18W0XNA,1,F,T,R,X,1,8,W,0,X,N,A,0,T,FORD,F15,4C,99,17,,2,1574,1388,COF,G,,,8,281,,,,B,00000,00,U,44,0,0,000000000,00000000000,0,0,0,1,0,0,0,0,0,0,0,30,0,1,5,12,6,2,2,0,0,1,1,22,71435,6,1,0,0,3,0,70,158,0,0,0,0,0,0,0,0,0,0,0,0,0,0,1,2,35,1,1,5,1,0,0,1,54,7,1,4,52,0,0
22,220012,1,1,1,8,1,21,30,1,0,1,0,22,1,72,706,72706,80,2010,1HD1LC321AC4,1,H,D,1,L,C,3,2,1,A,C,4,0,M,HD,X48,RS,10,17,,,,,,,1202,,2,,4,567,,,,,,,0,0,000000000,00000000000,0,0,0,1,0,0,0,0,0,0,0,55,0,0,0,0,4,3,1,0,0,0,1,22,70605,6,1,0,0,3,0,68,165,0,0,0,2,0,3,2011,8,2011,0,6,0,0,0,1,2,55,2,1,2,1,0,0,14,12,1,1,4,98,1,1
22,220013,1,2,2,9,1,16,30,12,1,1,0,22,1,7,482,7482,31,2003,1D7HA16K63J5,1,D,7,H,A,1,6,K,6,3,J,5,0,T,DODG,S1T,PK,3,17,,2,1405,1205,RPC,G,,,6,225,,,,B,4378,00,E,42,0,0,000000000,00000000000,0,0,0,1,0,0,0,0,0,0,0,50,0,0,0,6,6,2,12,0,0,0,1,22,70663,6,1,0,0,3,0,71,175,0,0,0,0,0,0,0,0,0,0,28,24,0,0,1,2,55,3,2,2,2,0,0,14,13,6,4,6,98,0,0
22,220013,2,2,1,9,1,16,30,12,1,1,0,22,1,12,422,12422,15,2001,1FMRU17L11LB,1,F,M,R,U,1,7,L,1,1,L,B,0,P,FORD,EPT,UT,1,17,4886,,0,1191,,G,,F,8,330,,,17R275,,,,,,0,0,000000000,00000000000,0,0,0,1,0,0,0,0,0,0,0,40,0,0,0,12,6,2,12,0,0,0,1,22,70663,6,1,0,0,3,0,72,206,0,0,0,0,0,0,0,0,0,0,24,0,0,0,1,2,55,2,2,2,2,0,0,14,62,1,1,1,98,1,0
22,220014,1,1,1,14,1,5,50,42,0,1,0,22,1,13,1,13001,4,2000,1LNHM81W6YY8,1,L,N,H,M,8,1,W,6,Y,Y,8,0,P,LINC,EXC,4D,0,17,4047,,0,1177,,G,,F,8,281,,,16R225,,,,,,0,0,000000000,00000000000,0,0,0,1,0,0,0,0,0,0,0,999,0,1,5,82,6,2,2,0,0,1,1,99,99999,9,9,99,9,9,9,999,999,99,99,99,99,99,99,9999,99,9999,1,6,24,0,0,1,2,45,1,1,2,1,0,0,1,13,1,1,4,1,1,1
22,220015,1,1,1,23,1,17,15,8,0,1,0,22,1,49,40,49040,4,2007,4T1BK46K47U5,4,T,1,B,K,4,6,K,4,7,U,5,0,P,TOYT,CJS,4D,7,17,3164,,0,1093,,G,,F,6,214,,,15R205,,,,,,0,0,000000000,00000000000,0,0,0,1,0,0,0,0,0,0,0,40,0,0,0,12,4,1,8,0,0,0,1,22,70763,6,1,0,0,3,3,62,170,0,0,0,0,0,0,0,0,0,0,0,0,0,0,1,2,40,1,1,2,1,0,0,1,80,1,1,1,13,0,0
22,220016,1,2,1,25,1,11,18,12,2,1,0,48,3,12,881,12881,61,2011,1FT8X3CT1BEA,1,F,T,8,X,3,C,T,1,B,E,A,1,T,FORD,F3D,4C,11,17,,3,0,1580,DRW,D,,,8,409,,,,D,6500,00,7,42,1,57,539976,57539976,2,4,3,1,0,0,0,0,0,0,0,0,0,0,0,12,4,3,12,0,0,0,1,48,77081,6,1,6,0,3,0,999,999,0,0,0,0,0,0,0,0,0,0,0,0,0,0,1,2,55,1,1,2,1,0,0,11,15,1,1,1,68,0,0
22,220016,2,2,1,25,1,11,18,12,2,1,0,22,1,18,401,18401,14,2005,3G5DA03E55S5,3,G,5,D,A,0,3,E,5,5,S,5,0,P,BUIC,RZV,UT,5,17,4096,,0,1122,,G,,F,6,207,,,16R215,,,,,,0,0,000000000,00000000000,0,0,0,1,0,0,0,0,0,0,0,999,0,0,0,12,4,3,12,0,0,0,1,22,70507,6,1,0,0,3,3,72,217,0,0,0,1,0,5,2011,5,2011,0,0,0,0,0,1,2,55,1,1,2,1,0,0,1,17,3,1,1,69,1,0
22,220017,1,1,1,28,1,14,16,32,0,1,0,48,1,72,706,72706,80,1995,1HD1BJL47SY0,1,H,D,1,B,J,L,4,7,S,Y,0,0,M,HD,STC,RS,95,17,,,,,,,1340,,2,,4,710,,,,,,,0,0,000000000,00000000000,0,0,0,1,0,0,0,0,0,0,0,999,0,0,0,12,4,3,30,0,0,0,1,22,71111,6,1,0,0,3,0,74,290,0,0,0,0,0,0,0,0,0,0,0,0,0,0,1,2,30,1,1,1,1,0,0,1,11,1,1,4,1,1,0
22,220018,1,2,1,6,1,16,25,12,2,1,0,22,1,20,2,20002,4,2002,2G1WH55K9293,2,G,1,W,H,5,5,K,9,2,9,3,0,P,CHEV,IPL,4D,2,17,3466,,0,1105,,G,,F,6,231,,,16R225,,,,,,0,0,000000000,00000000000,0,0,0,1,0,0,0,0,0,0,0,70,0,1,1,12,6,2,12,0,0,0,1,22,70531,6,2,0,0,3,0,69,141,0,0,0,0,0,0,0,0,0,0,6,0,0,0,2,2,70,3,1,2,1,0,0,14,10,1,1,6,50,0,0
22,220018,2,2,1,6,1,16,25,12,2,1,0,48,1,22,22,22022,4,2008,1G2ZG57N4841,1,G,2,Z,G,5,7,N,4,8,4,1,0,P,PONT,6BS,4D,8,17,3305,,0,1123,,G,,F,6,214,,,17R225,,,,,,0,0,000000000,00000000000,0,0,0,1,0,0,0,0,0,0,0,70,0,0,0,12,6,2,12,0,0,0,1,48,77084,6,1,0,0,3,3,999,999,0,0,0,0,0,0,0,0,0,0,0,0,0,0,2,2,70,2,1,2,1,0,0,14,62,1,1,1,51,1,0
22,220019,1,1,3,9,1,18,53,8,0,1,0,22,2,20,22,20022,4,2007,1G1AK55F4771,1,G,1,A,K,5,5,F,4,7,7,1,0,P,CHEV,BLS,4D,7,17,3216,,0,1033,,G,,F,4,134,,,15R195,,,,,,0,0,000000000,00000000000,0,0,0,1,0,0,0,0,0,0,0,45,0,0,0,12,2,3,8,0,0,0,1,22,70047,6,1,0,0,3,0,64,140,0,0,0,0,0,0,0,0,0,0,0,0,0,0,3,3,45,1,1,2,1,3,3,1,80,1,1,1,13,0,0
22,220020,1,2,2,9,1,21,20,12,6,1,0,22,2,49,472,49472,30,1999,4TASM92N7XZ5,4,T,A,S,M,9,2,N,7,X,Z,5,0,T,TOYT,XPR,PC,99,17,,1,0,1219,TAC,G,,,4,164,,,,B,3175,00,U,42,0,0,000000000,00000000000,0,0,0,1,0,0,0,0,0,0,0,45,0,0,0,12,6,2,12,0,0,0,1,22,70611,1,1,0,0,2,0,66,180,0,1,1,0,0,5,2011,5,2011,0,24,39,0,0,1,4,45,1,1,2,2,3,3,1,17,1,1,1,69,2,1
22,220020,2,2,1,9,1,21,20,12,6,1,0,22,1,12,481,12481,31,2006,1FTPW12556KB,1,F,T,P,W,1,2,5,5,6,K,B,0,T,FORD,F1S,CW,6,17,,2,0,1390,COF,G,,,8,329,,,,B,5176,01,E,42,0,0,000000000,00000000000,0,0,0,1,0,0,0,0,0,0,0,15,0,0,0,1,6,2,12,0,0,0,1,22,70615,1,1,0,0,2,0,70,185,0,2,0,0,1,4,2010,4,2011,0,0,0,0,0,1,4,45,1,1,2,2,3,3,11,15,1,1,1,68,0,1
22,220021,1,2,1,11,1,12,0,12,2,1,0,48,1,49,403,49403,14,2007,JTEEP21A1702,J,T,E,E,P,2,1,A,1,7,0,2,0,P,TOYT,HIG,UT,7,17,3935,,0,1069,,G,,F,6,201,,,16R225,,,,,,0,0,000000000,00000000000,0,0,0,1,0,0,0,0,0,0,0,70,0,0,0,12,6,2,12,0,0,0,1,48,75098,6,1,0,0,3,0,999,999,0,0,0,0,0,0,0,0,0,1,35,0,0,0,1,2,55,1,1,2,1,0,0,6,54,6,1,4,52,1,0
22,220021,2,2,1,11,1,12,0,12,2,1,0,49,3,86,881,86881,66,2011,1M1AW02Y8BM0,1,M,1,A,W,0,2,Y,8,B,M,0,1,T,MACK,CXU,TR,11,17,,8,0,0,600,D,,,6,659,,,,,00000,00,,64,1,57,004015,57004015,3,6,1,1,0,0,0,0,0,0,0,60,0,0,0,12,6,2,12,0,0,0,1,22,71002,6,1,6,0,3,3,71,320,0,0,0,0,0,0,0,0,0,0,0,0,0,0,1,2,55,1,1,2,1,0,0,1,54,9,2,4,52,0,0
22,220022,1,2,1,11,1,13,45,12,2,1,0,48,1,20,481,20481,31,2002,2GCEC19T8212,2,G,C,E,C,1,9,T,8,2,1,2,1,T,CHEV,SC1,4C,2,17,,2,1575,1435,SIL,G,,,8,325,,,,B,4534,03,,42,1,0,000000000,00000000000,0,0,0,1,0,0,0,0,0,0,0,55,0,0,0,12,6,2,12,0,0,0,1,22,70586,6,1,0,0,3,0,66,185,0,2,0,0,0,4,2011,5,2011,0,28,0,0,0,1,2,55,1,1,2,1,0,0,1,10,1,1,2,50,1,1
22,220022,2,2,1,11,1,13,45,12,2,1,0,22,3,23,881,23881,62,1998,1GDK7H1M1WJ5,1,G,D,K,7,H,1,M,1,W,J,5,0,T,GMC,7H4,CB,98,17,,6,2590,1450,CSR,G,,,8,427,,,,,00000,00,,42,0,88,888888888,88888888888,2,1,96,1,0,0,0,0,0,0,0,40,0,0,0,12,6,2,12,0,0,0,1,22,70586,6,1,6,0,3,3,65,162,0,0,0,0,0,0,0,0,0,0,0,0,0,0,1,2,55,1,1,2,1,0,0,1,62,7,1,4,51,0,0
22,220023,1,2,1,12,1,13,5,12,2,1,0,22,1,7,881,7881,61,1998,3B6MF3656WM2,3,B,6,M,F,3,6,5,6,W,M,2,0,T,DODG,350,CB,98,17,,3,1627,1387,RPC,G,,,8,360,,,,D,5237,02,U,44,0,88,888888888,88888888888,2,1,96,1,0,0,0,0,0,0,0,55,0,0,0,12,6,2,12,0,0,0,1,22,70546,6,1,0,0,3,0,68,165,0,1,0,0,0,4,2010,4,2010,0,28,0,0,0,1,2,55,1,1,2,1,0,0,1,10,1,1,2,50,1,1
22,220023,2,2,1,12,1,13,5,12,2,1,0,22,3,82,881,82881,66,1999,1FUYDSEB0XLB,1,F,U,Y,D,S,E,B,0,X,L,B,1,T,FRHT,FLD,TR,99,17,,8,0,0,CON,D,,,6,774,,,,,00000,00,,64,1,57,1515387,571515387,3,6,3,1,0,0,0,0,0,0,0,50,0,0,0,12,6,2,12,0,0,0,1,22,70526,6,1,6,0,3,3,67,176,0,0,0,0,0,0,0,0,0,0,0,0,0,0,1,2,55,1,1,2,1,0,0,1,62,9,1,1,51,0,0
22,220024,1,1,1,14,1,5,0,53,0,1,0,28,3,20,473,20473,30,2012,1GCDSCFE9C81,1,G,C,D,S,C,F,E,9,C,8,1,0,T,CHEV,RLT,CW,12,17,,1,0,1260,CAL,G,,,5,226,,,,B,3728,00,,42,0,0,000000000,00000000000,0,0,0,1,0,0,0,0,0,0,0,70,0,0,0,12,6,2,43,0,0,0,1,48,77027,4,1,0,0,2,0,999,999,0,0,0,0,0,0,0,0,0,1,6,24,0,0,1,2,55,1,1,2,1,0,0,1,13,1,1,4,1,1,1
22,220025,1,2,2,14,1,15,30,1,0,1,0,22,1,20,22,20022,2,2008,1G1AK18F4872,1,G,1,A,K,1,8,F,4,8,7,2,0,P,CHEV,BLS,CP,8,17,2991,,0,1033,,G,,F,4,134,,,15R195,,,,,,0,0,000000000,00000000000,0,0,0,1,0,0,0,0,0,0,0,12,0,0,0,11,4,3,54,0,0,0,1,22,70529,6,1,0,0,3,3,65,110,0,0,0,0,0,0,0,0,0,0,38,91,0,0,1,2,40,1,1,2,1,20,3,1,17,1,1,1,98,0,1
22,220025,2,2,1,14,1,15,30,1,0,1,0,22,2,37,705,37705,80,2005,JH2PC35085M6,J,H,2,P,C,3,5,0,8,5,M,6,0,M,HOND,CF4,RC,5,17,,,,,,,599,,4,,4,370,,,,,,,0,0,000000000,00000000000,0,0,0,1,0,0,0,0,0,0,0,65,0,0,0,0,4,3,54,0,0,0,1,22,70552,6,1,0,0,3,0,73,190,0,0,0,4,2,10,2009,12,2010,0,0,0,0,0,2,2,65,1,1,2,1,0,0,1,98,3,2,1,98,1,0
22,220026,1,1,3,15,1,2,55,35,0,1,0,22,1,98,739,98739,90,2011,4XATH76A2B21,4,X,A,T,H,7,6,A,2,B,2,1,0,M,POLS,RX8,AT,11,17,,,,,,,760,,2,,4,1237,,,,,,,0,0,000000000,00000000000,0,0,0,1,0,0,0,0,0,0,0,15,0,0,0,12,2,1,35,0,0,0,1,22,70719,6,1,0,0,3,0,68,130,0,0,0,0,0,0,0,0,0,0,0,0,0,0,1,2,99,1,1,4,2,0,0,1,14,1,1,4,14,2,1
22,220027,1,1,1,17,1,18,35,32,0,1,0,22,1,12,481,12481,31,2008,1FTRW12W38KB,1,F,T,R,W,1,2,W,3,8,K,B,0,T,FORD,F1S,CW,8,17,,2,1500,1390,COF,G,,,8,281,,,,B,5025,02,E,42,0,0,000000000,00000000000,0,0,0,1,0,0,0,0,0,0,0,70,0,1,3,12,6,2,2,0,0,1,1,22,70663,6,1,0,0,3,3,70,215,0,0,0,0,0,0,0,0,0,0,0,0,0,0,3,2,70,1,1,2,2,98,3,1,12,7,3,4,6,1,1
22,220028,1,1,1,17,1,20,36,1,0,1,0,22,2,9,442,9442,20,1996,2P4GP243XTR8,2,P,4,G,P,2,4,3,X,T,R,8,0,T,PLYM,GVY,ES,96,17,,1,0,1193,VOF,G,,,6,181,,,,,3581,03,E,42,0,0,000000000,00000000000,0,0,0,1,0,0,0,0,0,0,0,999,0,2,3,0,6,2,3,0,0,0,1,22,70128,1,1,1,0,2,0,73,165,0,0,0,0,0,0,0,0,0,0,51,0,0,0,3,2,70,1,1,2,1,0,0,1,9,1,9,4,7,1,0
22,220029,1,4,1,18,1,7,50,12,2,1,0,22,2,12,37,12037,4,2003,1FAFP33P83W2,1,F,A,F,P,3,3,P,8,3,W,2,0,P,FORD,FOX,4D,3,17,2564,,0,1030,,G,,F,4,122,,,14R185,,,,,,0,0,000000000,00000000000,0,0,0,1,0,0,0,0,0,0,0,45,0,0,0,12,6,2,12,0,0,0,1,22,70665,6,1,0,0,3,0,75,225,0,0,0,0,0,0,0,0,0,0,28,24,0,0,1,2,55,1,1,2,1,0,0,1,10,1,1,2,50,0,0
22,220029,2,4,1,18,1,7,50,12,2,1,0,22,3,12,17,12017,4,2007,1FAFP53U17A2,1,F,A,F,P,5,3,U,1,7,A,2,0,P,FORD,TSE,4D,7,17,3307,,0,1085,,G,,F,6,183,,,16R215,,,,,,0,0,000000000,00000000000,0,0,0,1,0,0,0,0,0,5,0,45,0,0,0,12,6,2,12,0,0,0,1,22,70665,6,1,0,0,3,0,70,220,0,0,0,0,0,0,0,0,0,0,24,0,0,0,1,2,55,1,1,2,1,0,0,1,62,1,1,1,51,1,0
22,220029,3,4,1,18,1,7,50,12,2,1,0,22,1,7,43,7043,4,2004,1B3EL36XX4N1,1,B,3,E,L,3,6,X,X,4,N,1,0,P,DODG,SSE,4D,4,17,3088,,0,1080,,G,,F,4,146,,,15R205,,,,,,0,0,000000000,00000000000,0,0,0,1,0,0,0,0,0,0,0,40,0,0,0,12,6,2,12,0,0,0,1,22,70665,6,1,0,0,3,3,62,120,0,0,0,0,0,0,0,0,0,0,0,0,0,0,1,2,55,1,1,2,1,0,0,1,50,4,1,1,98,0,0
22,220029,4,4,1,18,1,7,50,12,2,1,0,22,1,7,482,7482,31,2003,1D7HA18N33J5,1,D,7,H,A,1,8,N,3,3,J,5,0,T,DODG,SQ1,CW,3,17,,2,1605,1405,RPC,G,,,8,287,,,,B,4665,03,E,42,0,0,000000000,00000000000,0,0,0,1,0,0,0,0,0,0,0,45,0,0,0,11,6,2,12,0,0,0,1,22,70664,6,1,0,0,3,0,69,160,0,0,0,0,0,0,0,0,0,0,84,0,0,0,1,2,55,1,1,2,1,0,0,1,62,9,1,1,98,0,0