STATE,ST_CASE,VEH_NO,VE_FORMS,NUMOCCS,DAY,MONTH,HOUR,MINUTE,HARM_EV,MAN_COLL,UNITTYPE,HIT_RUN,REG_STAT,OWNER,MAKE,MODEL,MAK_MOD,BODY_TYP,MOD_YEAR,VIN,VIN_1,VIN_2,VIN_3,VIN_4,VIN_5,VIN_6,VIN_7,VIN_8,VIN_9,VIN_10,VIN_11,VIN_12,TOW_VEH,VINTYPE,VINMAKE,VINA_MOD,VIN_BT,VINMODYR,VIN_LNGT,VIN_WGT,WGTCD_TR,WHLBS_LG,WHLBS_SH,SER_TR,FUELCODE,MCYCL_DS,CARBUR,CYLINDER,DISPLACE,MCYCL_CY,MCYCL_WT,TIRE_SZE,TON_RAT,TRK_WT,TRKWTVAR,VIN_REST,WHLDRWHL,J_KNIFE,MCARR_I1,MCARR_I2,MCARR_ID,GVWR,V_CONFIG,CARGO_BT,HAZ_INV,HAZ_PLAC,HAZ_ID,HAZ_CNO,HAZ_REL,BUS_USE,SPEC_USE,EMER_USE,TRAV_SP,UNDERIDE,ROLLOVER,ROLINLOC,IMPACT1,DEFORMED,TOWED,M_HARM,VEH_SC1,VEH_SC2,FIRE_EXP,DR_PRES,L_STATE,DR_ZIP,L_STATUS,L_TYPE,CDL_STAT,L_ENDORS,L_COMPL,L_RESTRI,DR_HGT,DR_WGT,PREV_ACC,PREV_SUS,PREV_DWI,PREV_SPD,PREV_OTH,FIRST_MO,FIRST_YR,LAST_MO,LAST_YR,SPEEDREL,DR_SF1,DR_SF2,DR_SF3,DR_SF4,VTRAFWAY,VNUM_LAN,VSPD_LIM,VALIGN,VPROFILE,VPAVETYP,VSURCOND,VTRAFCON,VTCONT_F,P_CRASH1,P_CRASH2,P_CRASH3,PCRASH4,PCRASH5,ACC_TYPE,DEATHS,DR_DRINK
22,220062,1,1,1,1,2,9,5,52,0,1,0,5,3,86,881,86881,66,1997,1M1AA13Y4VW0,1,M,1,A,A,1,3,Y,4,V,W,0,1,T,MACK,CH6,TR,97,17,,8,0,0,600,D,,,6,728,,,,,00000,00,,64,1,57,1847003,571847003,3,6,10,1,0,0,0,0,0,0,0,55,0,1,5,12,4,3,1,0,0,0,1,5,71765,6,1,6,0,3,0,76,351,0,0,0,0,0,0,0,0,0,0,6,0,0,0,1,2,55,1,1,2,1,0,0,1,12,1,1,4,6,1,0
22,220063,1,1,1,3,2,21,14,8,0,1,0,22,2,7,482,7482,31,2002,1B7HA16N12J1,1,B,7,H,A,1,6,N,1,2,J,1,0,T,DODG,150,PK,2,17,,2,1405,1205,RPC,G,,,8,287,,,,B,4366,01,E,42,0,0,000000000,00000000000,0,0,0,1,0,0,0,0,0,0,0,998,0,0,0,12,6,2,8,0,0,0,1,22,70810,1,1,0,0,2,0,71,210,0,6,0,1,1,11,2009,10,2010,0,0,0,0,0,1,9,45,1,1,2,1,0,0,1,80,1,1,1,13,0,1
22,220064,1,1,1,4,2,2,39,8,0,1,1,99,9,12,481,12481,31,9999,999999999999,9,9,9,9,9,9,9,9,9,9,9,9,0,,,,,,,,,,,,,,,,,,,,,,,,,0,0,000000000,00000000000,0,0,0,1,0,0,0,0,0,0,0,999,0,0,0,14,9,1,8,0,0,0,1,99,99999,9,9,99,9,9,9,999,999,99,99,99,99,99,99,9999,99,9999,0,0,0,0,0,1,2,55,1,1,2,2,0,0,1,80,1,1,1,13,0,0
22,220065,1,1,1,4,2,11,51,34,0,1,0,22,2,22,18,22018,2,2003,1G2NW12E03C2,1,G,2,N,W,1,2,E,0,3,C,2,0,P,PONT,GAG,CP,3,17,3118,,0,1070,,G,,F,6,207,,,16R225,,,,,,0,0,000000000,00000000000,0,0,0,1,0,0,0,0,0,0,0,45,0,2,5,12,6,2,1,0,0,0,1,22,70090,6,1,0,0,3,3,67,142,0,0,0,0,0,0,0,0,0,0,24,58,0,0,1,2,45,1,1,2,1,0,0,1,13,6,3,4,2,1,0
22,220066,1,1,1,4,2,15,25,42,0,1,0,22,1,20,481,20481,31,2002,2GCEC19V3214,2,G,C,E,C,1,9,V,3,2,1,4,0,T,CHEV,SC1,4C,2,17,,2,1575,1435,SIL,G,,,8,293,,,,B,4534,03,,42,0,0,000000000,00000000000,0,0,0,1,0,0,0,0,0,0,0,55,0,0,0,10,6,2,42,0,0,0,1,22,70570,6,1,0,0,3,0,69,205,1,1,0,0,0,10,2009,3,2010,0,6,24,0,0,1,2,55,1,1,2,2,0,0,1,12,1,1,4,6,1,0
22,220067,1,1,1,5,2,9,55,52,0,1,0,22,1,35,39,35039,4,2006,1N4BA41E86C8,1,N,4,B,A,4,1,E,8,6,C,8,0,P,NISS,MEL,4D,6,17,3359,,0,1112,,G,,F,6,214,,,000000,,,,,,0,0,000000000,00000000000,0,0,0,1,0,0,0,0,0,0,0,75,0,0,0,3,6,2,52,0,0,0,1,22,71354,6,1,0,0,3,0,65,200,0,0,0,1,0,2,2010,2,2010,1,6,24,58,0,1,2,55,3,1,2,1,40,3,14,13,6,4,4,7,1,0
22,220068,1,2,1,6,2,12,50,12,1,1,1,99,9,99,999,99999,99,9999,999999999999,9,9,9,9,9,9,9,9,9,9,9,9,0,,,,,,,,,,,,,,,,,,,,,,,,,0,0,000000000,00000000000,0,0,0,1,0,0,0,0,0,0,0,0,0,0,0,6,9,1,12,0,0,0,1,99,99999,9,9,99,9,9,9,999,999,99,99,99,99,99,99,9999,99,9999,0,54,0,0,0,1,2,55,1,1,2,1,0,0,5,53,1,1,1,21,0,0
22,220068,2,2,1,6,2,12,50,12,1,1,0,22,1,12,481,12481,31,2002,1FTRX17242NA,1,F,T,R,X,1,7,2,4,2,N,A,0,T,FORD,F15,4C,2,17,,2,1571,1385,COF,G,,,6,256,,,,B,4224,06,U,42,0,0,000000000,00000000000,0,0,0,1,0,0,0,0,0,0,0,55,0,0,0,12,4,3,12,0,0,0,1,22,70656,6,1,0,0,3,3,76,198,0,0,0,1,0,2,2009,2,2009,0,6,0,0,0,1,2,55,1,1,2,1,0,0,1,50,9,1,1,20,0,0
22,220069,1,1,1,8,2,18,38,8,0,1,0,22,1,49,482,49482,31,2006,5TBET34186S5,5,T,B,E,T,3,4,1,8,6,S,5,0,T,TOYT,DBS,CW,6,17,,2,0,1283,TUN,G,,,8,285,,,,B,4765,00,U,42,0,0,000000000,00000000000,0,0,0,1,0,0,0,0,0,0,0,30,0,0,0,14,0,1,8,0,0,0,1,22,70785,6,1,0,0,3,3,73,250,0,0,0,0,0,0,0,0,0,0,0,0,0,0,2,2,45,1,1,2,1,0,0,1,80,1,1,1,13,0,0
22,220070,1,4,1,10,2,2,59,12,7,1,0,22,1,2,404,2404,14,2000,1J4GW58N9YC2,1,J,4,G,W,5,8,N,9,Y,C,2,0,T,JEEP,LMT,4W,0,17,,1,0,1059,GCK,G,,,8,287,,,,,3917,01,E,44,0,0,000000000,00000000000,0,0,0,1,0,0,0,0,0,0,0,0,0,0,0,2,6,2,2,0,0,1,1,22,70808,6,1,0,0,3,3,74,210,0,0,0,0,0,0,0,0,0,0,36,54,0,0,3,2,70,1,1,1,2,0,0,5,53,1,1,1,98,1,1
22,220070,2,4,4,10,2,2,59,12,7,1,0,51,3,12,37,12037,4,2010,1FAHP3GN0AW2,1,F,A,H,P,3,G,N,0,A,W,2,0,P,FORD,FOS,4D,10,17,2623,,0,1029,,G,,F,4,122,,,17R215,,,,,,0,0,000000000,00000000000,0,0,0,1,0,0,0,0,0,0,0,0,0,0,0,1,6,2,12,0,0,0,1,22,70791,6,1,0,0,3,0,72,192,0,0,0,0,0,0,0,0,0,0,24,0,0,0,3,2,70,1,1,1,2,0,0,5,53,1,1,1,98,4,0
22,220070,3,4,1,10,2,2,59,12,7,1,0,22,1,24,1,24001,4,1998,1G8ZK5275WZ2,1,G,8,Z,K,5,2,7,5,W,Z,2,0,P,STRN,SL2,4D,98,17,2422,,0,1024,,G,,F,4,116,,,15R185,,,,,,0,0,000000000,00000000000,0,0,0,1,0,0,0,0,0,0,0,65,0,0,0,83,4,3,12,0,0,0,1,22,70816,6,1,6,0,3,3,68,208,0,0,0,0,0,0,0,0,0,0,0,0,0,0,3,2,70,1,1,1,2,0,0,1,50,7,1,2,48,0,0
22,220070,4,4,1,10,2,2,59,12,7,1,0,22,3,84,881,84881,63,2012,1HSDESJN0CH6,1,H,S,D,E,S,J,N,0,C,H,6,2,T,INTL,PRO,TR,12,17,,7,0,0,PRO,D,,,6,793,,,,,00000,00,,42,1,57,029124,57029124,3,4,1,1,0,0,0,0,0,0,0,65,0,0,0,61,4,3,12,0,0,0,1,22,71327,6,1,6,0,3,3,73,261,0,0,0,0,0,0,0,0,0,0,0,0,0,0,3,2,70,1,1,1,2,0,0,1,60,1,1,1,48,0,0
22,220071,1,1,1,11,2,2,20,8,0,1,0,22,1,51,881,51881,66,2012,4V4NC9EJ8CN5,4,V,4,N,C,9,E,J,8,C,N,5,1,T,VOLV,VNL,TR,12,17,,8,0,0,VVN,D,,,6,793,,,,,00000,00,,64,1,57,1927736,571927736,3,6,1,1,0,0,0,0,0,0,0,55,0,0,0,12,4,3,8,0,0,0,1,22,70058,6,1,6,0,3,0,72,213,0,0,0,0,0,0,0,0,0,0,0,0,0,0,1,2,55,1,1,2,1,0,0,1,80,8,1,1,13,0,0
22,220072,1,1,1,5,2,23,6,25,0,1,0,22,1,23,481,23481,31,2000,2GTEC19TXY11,2,G,T,E,C,1,9,T,X,Y,1,1,0,T,GMC,NC1,3C,0,17,,2,1575,1435,SIE,G,,,8,325,,,,B,4134,03,U,42,0,0,000000000,00000000000,0,0,0,1,0,0,0,0,0,0,0,999,0,1,3,12,6,2,1,0,0,0,1,22,70447,6,1,0,0,3,0,73,275,0,0,0,0,0,0,0,0,0,0,24,0,0,0,3,2,60,1,1,1,1,0,0,1,12,1,1,4,6,1,1
22,220073,1,1,1,15,2,1,27,8,0,1,0,22,1,12,481,12481,31,2003,1FTRW07683KD,1,F,T,R,W,0,7,6,8,3,K,D,0,T,FORD,F1S,CW,3,17,,2,0,1385,COF,G,,,8,281,,,,B,4655,00,U,42,0,0,000000000,00000000000,0,0,0,1,0,0,0,0,0,0,0,65,0,0,0,12,2,1,8,0,0,0,1,22,71291,6,1,0,0,3,0,72,290,0,0,0,1,0,6,2009,6,2009,0,0,0,0,0,2,2,65,1,1,1,1,0,0,1,80,6,1,1,13,0,0
22,220074,1,1,1,15,2,22,5,59,0,1,0,22,1,7,472,7472,30,1999,3B7HC12Y4XG1,3,B,7,H,C,1,2,Y,4,X,G,1,0,T,DODG,150,PC,99,17,,2,1547,1387,RPC,G,,,8,318,,,,B,4525,02,U,42,0,0,000000000,00000000000,0,0,0,1,0,0,0,0,0,0,0,55,0,1,5,12,6,2,3,0,0,0,1,22,70570,6,1,0,0,3,3,69,242,0,0,0,0,0,0,0,0,0,0,24,39,0,0,1,2,55,1,1,2,2,20,3,1,14,1,1,4,14,1,1
22,220075,1,1,1,17,2,16,34,32,0,1,0,22,1,12,481,12481,31,2003,2FTRF07253CA,2,F,T,R,F,0,7,2,5,3,C,A,0,T,FORD,F15,PK,3,17,,2,0,1195,COF,G,,,6,256,,,,B,4060,00,U,42,0,0,000000000,00000000000,0,0,0,1,0,0,0,0,0,0,0,71,0,1,5,14,4,3,1,0,0,0,1,22,71405,6,1,0,0,3,0,66,170,0,0,0,0,0,0,0,0,0,1,6,24,0,0,2,1,55,3,1,2,1,98,3,1,13,1,1,4,1,1,0
22,220076,1,2,4,18,2,6,29,12,6,1,0,48,2,12,481,12481,31,2009,1FTPW14V29KC,1,F,T,P,W,1,4,V,2,9,K,C,0,T,FORD,F1S,CW,9,17,,2,1570,1450,COF,F,,,8,329,,,,B,5546,01,L,44,0,0,000000000,00000000000,0,0,0,1,0,0,0,0,0,0,0,74,0,0,0,3,6,2,12,0,0,0,1,48,78573,6,1,0,0,3,0,999,999,1,1,0,5,1,5,2009,12,2011,1,24,28,0,0,5,4,45,1,1,2,2,0,0,1,6,2,4,2,64,2,0
22,220076,2,2,1,18,2,6,29,12,6,1,0,22,3,12,881,12881,61,2004,1FDAF56P34EB,1,F,D,A,F,5,6,P,3,4,E,B,0,T,FORD,F5D,CB,4,17,,5,2010,1410,DRW,D,,,8,366,,,,,00000,00,E,42,0,57,237331,57237331,2,1,96,1,0,0,0,0,0,0,0,45,0,0,0,12,6,2,12,0,0,0,1,22,70706,6,1,0,0,3,3,65,155,0,0,0,0,0,0,0,0,0,0,0,0,0,0,5,4,45,1,1,2,2,0,0,1,62,8,2,2,65,0,0
22,220077,1,1,1,20,2,1,40,42,0,1,0,22,2,53,36,53036,5,2006,KL5JD66Z86K3,K,L,5,J,D,6,6,Z,8,6,K,3,0,P,SUZI,REB,4H,6,17,2739,,0,1024,,G,,F,4,122,,,15R195,,,,,,0,0,000000000,00000000000,0,0,0,1,0,0,0,0,0,0,0,55,0,1,5,11,6,2,42,0,0,0,1,22,70722,6,1,0,0,3,0,64,140,0,0,0,0,0,0,0,0,0,1,24,0,0,0,1,2,45,2,1,2,1,0,0,14,9,1,3,4,2,1,0
22,220078,1,2,1,20,2,6,40,12,2,1,0,22,1,7,482,7482,31,2011,1D7RB1GT0BS5,1,D,7,R,B,1,G,T,0,B,S,5,0,T,DODG,Q15,CW,11,17,,2,0,1400,RPC,G,,,8,348,,,,B,4863,00,K,42,0,0,000000000,00000000000,0,0,0,1,0,0,0,0,0,0,0,45,0,0,0,12,6,2,12,0,0,0,1,22,70525,6,1,0,0,3,0,68,185,0,0,0,0,0,0,0,0,0,0,28,0,0,0,1,2,35,2,1,2,2,40,3,14,10,1,1,2,50,0,0
22,220078,2,2,1,20,2,6,40,12,2,1,0,22,1,7,482,7482,31,1996,1B7HC16Z6TJ1,1,B,7,H,C,1,6,Z,6,T,J,1,0,T,DODG,150,PK,96,17,,2,1347,1187,RPC,G,,,8,360,,,,B,3868,01,M,42,0,0,000000000,00000000000,0,0,0,1,0,0,0,0,0,0,0,45,0,0,0,12,6,2,12,0,0,0,1,22,70525,6,1,0,0,3,0,73,170,0,0,0,0,0,0,0,0,0,0,24,0,0,0,1,2,35,3,1,2,2,40,3,14,62,7,1,1,51,1,0
22,220079,1,2,20,21,2,17,25,5,0,1,0,22,1,12,481,12481,31,2008,1FTSW21R28ED,1,F,T,S,W,2,1,R,2,8,E,D,1,T,FORD,F2S,CW,8,17,,2,1720,1560,SRW,D,,,8,390,,,,C,6523,01,E,44,1,0,000000000,00000000000,0,0,0,1,0,0,0,0,0,0,0,10,0,0,0,0,0,1,5,0,0,0,1,22,70760,6,1,0,0,3,3,71,220,0,0,0,2,0,10,2009,9,2011,0,0,0,0,0,1,2,55,1,1,2,1,0,0,1,98,1,1,1,0,1,0
22,220079,2,2,1,21,2,17,25,5,0,1,0,22,1,7,482,7482,31,1999,1B7HC13Y4XJ5,1,B,7,H,C,1,3,Y,4,X,J,5,0,T,DODG,Q15,4C,99,17,,2,1547,1387,RPC,G,,,8,318,,,,B,4604,02,U,42,0,0,000000000,00000000000,0,0,0,1,0,0,0,0,0,0,0,10,0,0,0,14,0,1,54,0,0,0,1,22,70760,6,1,6,0,3,0,71,168,0,0,0,1,0,10,2010,10,2010,0,0,0,0,0,1,2,55,1,1,2,1,0,0,1,98,1,1,1,98,0,0
22,220080,1,1,5,21,2,21,41,43,0,1,0,22,1,14,17,14017,4,2003,1MEFM50U93A6,1,M,E,F,M,5,0,U,9,3,A,6,0,P,MERC,SGS,4D,3,17,3369,,0,1085,,G,,F,6,182,,,16R215,,,,,,0,0,000000000,00000000000,0,0,0,1,0,0,0,0,0,0,0,45,0,0,0,6,4,3,3,0,0,0,1,22,70774,6,1,0,0,3,0,67,140,0,0,0,0,0,0,0,0,0,0,6,0,0,0,1,2,45,2,1,1,1,0,0,14,12,1,1,4,6,2,0
22,220081,1,1,1,22,2,2,55,8,0,1,0,22,1,49,472,49472,30,2008,3TMJU62N28M0,3,T,M,J,U,6,2,N,2,8,M,0,0,T,TOYT,DCP,CW,8,17,,1,0,1278,TAC,G,,,6,244,,,,B,3855,00,U,42,0,0,000000000,00000000000,0,0,0,1,0,0,0,0,0,0,0,55,0,0,0,12,4,3,8,0,0,0,1,22,70548,6,1,0,0,3,0,70,155,0,0,0,1,0,7,2009,7,2009,0,0,0,0,0,1,2,55,1,1,2,1,0,0,1,80,1,1,1,13,0,0
22,220082,1,2,1,22,2,20,30,12,6,1,0,31,3,82,881,82881,66,2007,1FUJA6CK57DY,1,F,U,J,A,6,C,K,5,7,D,Y,1,T,FRHT,COL,TR,7,17,,8,0,0,CON,D,,,6,855,,,,,00000,00,,64,1,57,73705,5773705,3,6,1,1,0,0,0,0,0,0,0,0,0,0,0,5,2,3,12,0,0,0,1,13,30317,6,1,6,0,3,0,70,145,98,0,0,0,1,2,2009,2,2009,0,48,91,0,0,1,2,40,3,1,2,1,0,0,12,98,1,1,2,98,0,0
22,220082,2,2,1,22,2,20,30,12,6,1,0,22,1,6,18,6018,4,2011,1C3BC1FG5BN5,1,C,3,B,C,1,F,G,5,B,N,5,0,P,CHRY,2TR,4D,11,17,3389,,0,1089,,F,,F,6,220,,,17R225,,,,,,0,0,000000000,00000000000,0,0,0,1,0,0,0,0,0,0,0,40,1,0,0,12,4,3,12,0,0,0,1,22,70445,6,1,0,0,3,3,63,130,0,0,0,0,0,0,0,0,0,0,0,0,0,0,1,2,40,3,1,2,1,0,0,14,50,1,1,1,98,1,0
22,220083,1,2,1,23,2,6,50,12,6,1,0,22,1,12,17,12017,4,2001,1FAFP53U21A1,1,F,A,F,P,5,3,U,2,1,A,1,0,P,FORD,TSE,4D,1,17,3354,,0,1085,,G,,F,6,182,,,16R215,,,,,,0,0,000000000,00000000000,0,0,0,1,0,0,0,0,0,0,0,15,0,0,0,10,6,2,12,0,0,0,1,22,70785,6,1,0,0,3,0,61,115,0,0,0,1,0,3,2010,3,2010,0,38,0,0,0,1,2,45,1,1,9,1,20,3,11,15,1,1,1,82,1,0
22,220083,2,2,2,23,2,6,50,12,6,1,0,22,1,7,472,7472,30,2000,1B7GG22NXYS5,1,B,7,G,G,2,2,N,X,Y,S,5,0,T,DODG,DAK,PC,0,17,,1,0,1309,DAK,G,,,8,287,,,,B,3926,00,U,44,0,0,000000000,00000000000,0,0,0,1,0,0,0,0,0,0,0,45,0,0,0,12,4,3,12,0,0,0,1,22,70726,3,2,0,0,2,3,65,138,0,0,0,2,3,9,2009,8,2011,0,0,0,0,0,1,2,45,1,1,2,1,0,0,1,62,3,1,1,83,0,0
22,220084,1,2,1,24,2,6,15,12,6,1,0,22,2,37,31,37031,2,2000,1HGEJ8243YL1,1,H,G,E,J,8,2,4,3,Y,L,1,0,P,HOND,UAX,CP,0,17,2560,,0,1032,,G,,F,4,097,,,14R185,,,,,,0,0,000000000,00000000000,0,0,0,1,0,0,0,0,0,0,0,10,0,0,0,9,6,2,12,0,0,0,1,22,70403,6,1,0,0,3,0,71,152,0,0,0,0,0,0,0,0,0,0,38,0,0,0,1,2,35,1,1,9,1,20,3,11,15,1,1,1,82,1,0
22,220084,2,2,1,24,2,6,15,12,6,1,0,22,1,12,422,12422,15,2006,1FMPU15576LA,1,F,M,P,U,1,5,5,7,6,L,A,0,P,FORD,EPT,UT,6,17,5353,,0,1190,,G,,F,8,329,,,17R265,,,,,,0,0,000000000,00000000000,0,0,0,1,0,0,0,0,0,0,0,55,0,0,0,12,4,3,12,0,0,0,1,22,70454,6,1,0,0,3,3,73,320,0,0,0,0,0,0,0,0,0,0,0,0,0,0,1,2,55,1,1,2,1,0,0,1,17,1,1,1,83,0,0
22,220085,1,2,1,27,2,10,50,12,1,1,0,22,1,30,52,30052,4,2012,1VWAP7A39CC0,1,V,W,A,P,7,A,3,9,C,C,0,0,P,VOLK,PTS,4D,12,17,3166,,0,0,,G,,F,5,151,,,000000,,,,,,0,0,000000000,00000000000,0,0,0,1,0,0,0,0,0,0,0,45,2,0,0,12,6,2,12,0,0,0,1,22,70445,6,1,0,0,3,3,72,220,0,0,0,1,0,4,2010,4,2010,0,6,24,0,0,2,3,45,1,1,2,1,0,0,1,51,1,1,1,20,1,0
22,220085,2,2,1,27,2,10,50,12,1,1,0,22,1,49,482,49482,31,2001,5TBRT34121S1,5,T,B,R,T,3,4,1,2,1,S,1,0,T,TOYT,TRS,4C,1,17,,2,0,1283,TUN,G,,,8,285,,,,C,4276,00,U,42,0,0,000000000,00000000000,0,0,0,1,0,0,0,0,0,0,0,0,0,0,0,6,4,3,12,0,0,0,1,22,70458,6,1,0,0,3,0,70,240,0,0,0,0,1,6,2011,6,2011,0,0,0,0,0,2,3,45,1,1,2,1,0,0,5,53,1,1,1,21,0,0
22,220086,1,2,1,27,2,15,40,12,6,1,0,22,2,20,481,20481,31,1998,1GCEC19R2WR1,1,G,C,E,C,1,9,R,2,W,R,1,0,T,CHEV,GC1,PC,98,17,,2,1555,1415,GM4,G,,,8,350,,,,B,4145,03,,42,0,0,000000000,00000000000,0,0,0,1,0,0,0,0,0,0,0,35,0,0,0,9,6,2,12,0,0,0,1,22,70454,6,1,0,0,3,2,71,169,0,0,0,0,0,0,0,0,0,0,6,74,0,0,5,2,35,1,1,2,2,0,0,1,9,1,4,2,64,1,0
22,220086,2,2,7,27,2,15,40,12,6,1,0,22,3,20,881,20881,61,2008,1GBE4V1968F4,1,G,B,E,4,V,1,9,6,8,F,4,0,T,CHEV,C4V,CB,8,17,,5,1840,1660,C45,D,,,8,403,,,,,00000,00,,42,0,88,888888888,88888888888,2,1,97,1,0,0,0,0,99,0,0,35,0,0,0,12,6,2,12,32,0,0,1,22,70454,6,1,6,1,3,3,75,180,0,0,0,0,0,0,0,0,0,0,0,0,0,0,5,2,35,1,1,2,2,0,0,1,62,1,1,1,65,0,0
22,220087,1,2,2,27,2,21,30,34,0,1,0,22,2,2,404,2404,14,1998,1J4FX58S3WC3,1,J,4,F,X,5,8,S,3,W,C,3,0,T,JEEP,LRT,4W,98,17,,1,0,1059,GCK,G,,,6,242,,,,,3531,01,E,42,0,0,000000000,00000000000,0,0,0,1,0,0,0,0,0,0,0,84,0,0,0,12,6,2,54,0,0,0,1,22,71234,6,1,0,0,3,0,73,165,0,0,0,0,0,0,0,0,0,1,6,24,58,0,1,2,55,3,2,2,1,40,3,14,13,6,4,4,7,1,1
22,220087,2,2,1,27,2,21,30,34,0,1,0,22,1,2,404,2404,14,1996,1J4GZ78Y3TC3,1,J,4,G,Z,7,8,Y,3,T,C,3,0,T,JEEP,LMT,4W,96,17,,1,0,1059,GCK,G,,,8,318,,,,,3686,00,E,44,0,0,000000000,00000000000,0,0,0,1,0,0,0,0,0,0,0,998,0,2,1,5,4,3,1,0,0,0,1,22,71234,6,1,0,0,3,0,65,200,0,0,0,0,0,0,0,0,0,0,58,0,0,0,1,2,55,3,2,2,1,40,3,14,98,6,1,2,98,0,0
22,220088,1,1,3,28,2,19,1,1,0,1,0,22,1,20,481,20481,31,2000,1GCEK14V2YZ3,1,G,C,E,K,1,4,V,2,Y,Z,3,0,T,CHEV,SK1,PK,0,17,,2,1330,1190,SIL,G,,,8,293,,,,B,4248,02,,44,0,0,000000000,00000000000,0,0,0,1,0,0,0,0,0,0,0,55,0,2,5,0,6,2,1,0,0,0,1,22,71070,6,1,0,0,3,0,74,240,0,0,0,0,0,0,0,0,0,0,6,24,58,0,1,2,55,3,2,2,1,40,3,14,12,7,1,4,98,1,0
22,220089,1,4,1,29,2,19,55,12,1,1,0,22,1,20,473,20473,30,2006,1GCCS1485683,1,G,C,C,S,1,4,8,5,6,8,3,0,T,CHEV,RDO,PK,6,17,,1,0,1113,CAL,G,,,4,171,,,,,3303,00,,42,0,0,000000000,00000000000,0,0,0,1,0,0,0,0,0,0,0,55,0,0,0,12,6,2,12,0,0,0,1,22,70634,6,1,0,0,3,0,72,240,0,0,0,0,0,0,0,0,0,0,6,0,0,0,1,2,55,1,2,2,1,0,0,1,50,9,1,1,20,0,0
22,220089,2,4,1,29,2,19,55,12,1,1,0,22,1,6,52,6052,6,2006,3A4FY48B96T2,3,A,4,F,Y,4,8,B,9,6,T,2,0,P,CHRY,PTC,SV,6,17,3018,,0,1030,,G,,F,4,148,,,17R205,,,,,,0,0,000000000,00000000000,0,0,0,1,0,0,0,0,0,0,0,0,0,0,0,6,6,2,12,0,0,0,1,22,70656,6,1,0,0,3,3,65,190,0,0,0,1,0,1,2012,1,2012,0,0,0,0,0,1,2,55,1,2,2,1,0,0,5,53,1,1,1,21,1,0
22,220089,3,4,1,29,2,19,55,12,1,1,0,22,1,20,22,20022,2,2006,1G1AK15FX676,1,G,1,A,K,1,5,F,X,6,7,6,0,P,CHEV,BLS,CP,6,17,2991,,0,1033,,G,,F,4,134,,,15R195,,,,,,0,0,000000000,00000000000,0,0,0,1,0,0,0,0,0,0,0,0,0,0,0,6,2,1,12,0,0,0,1,22,70634,6,1,0,0,3,0,63,109,0,0,0,0,0,0,0,0,0,0,0,0,0,0,1,2,55,1,2,2,1,0,0,5,53,10,1,1,98,0,0
22,220089,4,4,1,29,2,19,55,12,1,1,0,48,3,84,881,84881,63,2000,2HSCEAMR3YC0,2,H,S,C,E,A,M,R,3,Y,C,0,1,T,INTL,92I,TR,0,17,,8,0,0,920,D,,,6,774,,,,,00000,00,,64,1,57,610351,57610351,3,4,97,1,0,0,0,0,0,0,0,55,0,0,0,12,2,3,12,0,0,0,1,48,77803,6,1,6,0,3,0,999,999,1,0,0,1,1,9,2009,12,2009,0,0,0,0,0,1,2,55,1,2,2,1,0,0,1,62,1,1,1,98,0,0
22,220090,1,1,1,24,1,18,15,15,0,1,0,28,3,82,881,82881,63,2010,1FVHCYBS7AHA,1,F,V,H,C,Y,B,S,7,A,H,A,0,T,FRHT,16M,CC,10,17,,8,0,0,FM2,D,,,6,505,,,,,00000,00,,64,0,88,888888888,88888888888,3,2,96,1,0,0,0,0,0,0,0,999,0,0,0,1,2,1,15,0,0,0,1,22,70068,6,1,6,0,3,3,71,275,0,0,0,1,1,5,2010,1,2011,9,0,0,0,0,1,2,35,1,1,2,1,0,0,1,83,1,1,1,13,0,0
22,220091,1,1,2,11,2,18,39,8,0,1,0,22,1,18,402,18402,14,2005,5GAES13M4522,5,G,A,E,S,1,3,M,4,5,2,2,0,P,BUIC,RNR,UT,5,17,4417,,0,1130,,G,,F,8,323,,,17R245,,,,,,0,0,000000000,00000000000,0,0,0,1,0,0,0,0,0,0,0,45,0,0,0,11,4,3,8,0,0,0,1,22,70607,6,1,0,0,3,3,65,145,0,0,0,0,0,0,0,0,0,0,0,0,0,0,1,2,55,1,2,2,1,0,0,1,80,1,1,1,13,0,0
22,220092,1,2,1,12,2,4,0,12,1,1,0,47,1,30,42,30042,3,2008,WVWFV71K88W1,W,V,W,F,V,7,1,K,8,8,W,1,0,P,VOLK,GTI,2H,8,17,3151,,0,1015,,G,,T,4,121,,,17R225,,,,,,0,0,000000000,00000000000,0,0,0,1,0,0,0,0,0,0,0,90,1,0,0,12,6,2,12,0,0,0,1,53,70605,6,1,0,0,3,0,65,160,0,0,0,0,0,0,0,0,0,1,6,0,0,0,2,2,70,1,2,2,1,0,0,1,51,1,1,1,24,1,1
22,220092,2,2,2,12,2,4,0,12,1,1,0,93,3,82,881,82881,66,2007,1FUJBBCK87LV,1,F,U,J,B,B,C,K,8,7,L,V,1,T,FRHT,ST2,TR,7,17,,8,0,0,CON,D,,,6,855,,,,,00000,00,,64,1,57,1532010,571532010,3,6,1,1,0,0,0,0,0,0,0,65,0,0,0,6,2,1,12,0,0,0,1,39,43229,6,1,0,0,2,0,69,149,0,0,0,1,3,2,2009,6,2010,0,0,0,0,0,2,2,70,1,2,2,1,0,0,1,53,1,1,1,25,0,0