STATE,ST_CASE,VEH_NO,VE_FORMS,NUMOCCS,DAY,MONTH,HOUR,MINUTE,HARM_EV,MAN_COLL,UNITTYPE,HIT_RUN,REG_STAT,OWNER,MAKE,MODEL,MAK_MOD,BODY_TYP,MOD_YEAR,VIN,VIN_1,VIN_2,VIN_3,VIN_4,VIN_5,VIN_6,VIN_7,VIN_8,VIN_9,VIN_10,VIN_11,VIN_12,TOW_VEH,VINTYPE,VINMAKE,VINA_MOD,VIN_BT,VINMODYR,VIN_LNGT,VIN_WGT,WGTCD_TR,WHLBS_LG,WHLBS_SH,SER_TR,FUELCODE,MCYCL_DS,CARBUR,CYLINDER,DISPLACE,MCYCL_CY,MCYCL_WT,TIRE_SZE,TON_RAT,TRK_WT,TRKWTVAR,VIN_REST,WHLDRWHL,J_KNIFE,MCARR_I1,MCARR_I2,MCARR_ID,GVWR,V_CONFIG,CARGO_BT,HAZ_INV,HAZ_PLAC,HAZ_ID,HAZ_CNO,HAZ_REL,BUS_USE,SPEC_USE,EMER_USE,TRAV_SP,UNDERIDE,ROLLOVER,ROLINLOC,IMPACT1,DEFORMED,TOWED,M_HARM,VEH_SC1,VEH_SC2,FIRE_EXP,DR_PRES,L_STATE,DR_ZIP,L_STATUS,L_TYPE,CDL_STAT,L_ENDORS,L_COMPL,L_RESTRI,DR_HGT,DR_WGT,PREV_ACC,PREV_SUS,PREV_DWI,PREV_SPD,PREV_OTH,FIRST_MO,FIRST_YR,LAST_MO,LAST_YR,SPEEDREL,DR_SF1,DR_SF2,DR_SF3,DR_SF4,VTRAFWAY,VNUM_LAN,VSPD_LIM,VALIGN,VPROFILE,VPAVETYP,VSURCOND,VTRAFCON,VTCONT_F,P_CRASH1,P_CRASH2,P_CRASH3,PCRASH4,PCRASH5,ACC_TYPE,DEATHS,DR_DRINK
22,220093,1,1,1,16,2,3,50,41,0,1,0,22,1,12,3,12003,1,2000,1FAFP4444YF1,1,F,A,F,P,4,4,4,4,Y,F,1,0,P,FORD,MUS,CV,0,17,3208,,0,1013,,G,,F,6,232,,,15R205,,,,,,0,0,000000000,00000000000,0,0,0,1,0,0,0,0,0,0,0,55,0,1,6,14,4,3,1,0,0,0,1,22,70364,6,1,0,0,3,0,69,205,0,0,0,0,0,0,0,0,0,9,24,36,0,0,1,2,55,1,1,2,2,28,3,1,13,1,1,4,1,1,1
22,220094,1,2,1,15,2,16,5,12,6,1,0,22,1,37,733,37733,90,2011,1HFTE2106B42,1,H,F,T,E,2,1,0,6,B,4,2,0,M,HOND,TTM,AT,11,17,,,,,,,229,,1,,4,432,,,,,,,0,0,000000000,00000000000,0,0,0,1,0,0,0,0,0,0,0,40,0,0,0,12,6,2,12,0,0,0,1,22,70341,1,1,0,0,2,0,71,153,0,4,4,0,1,2,2009,10,2011,0,18,0,0,0,1,2,50,1,1,2,1,0,0,1,17,99,1,1,73,1,1
22,220094,2,2,1,15,2,16,5,12,6,1,0,22,1,23,481,23481,31,2006,2GTEC13Z2612,2,G,T,E,C,1,3,Z,2,6,1,2,0,T,GMC,NC1,CW,6,17,,2,0,1435,SIE,F,,,8,323,,,,B,4987,00,4,42,0,0,000000000,00000000000,0,0,0,1,0,0,0,0,0,0,0,10,0,0,0,8,4,1,12,0,0,0,1,22,70364,6,1,0,0,3,0,72,200,0,0,0,1,0,10,2011,10,2011,0,0,0,0,0,1,2,50,1,1,2,1,0,0,11,66,1,1,1,72,0,0
22,220095,1,1,1,11,2,99,99,41,0,1,0,22,1,12,481,12481,31,2000,1FTNW20LXYEB,1,F,T,N,W,2,0,L,X,Y,E,B,0,T,FORD,F2S,CW,0,17,,2,1724,1562,SRW,G,,,8,330,,,,C,5487,07,E,42,0,0,000000000,00000000000,0,0,0,1,0,0,0,0,0,0,0,55,0,1,6,62,6,2,3,0,0,0,1,22,70301,6,1,0,0,3,0,73,290,0,0,0,3,0,11,2009,6,2011,9,99,99,99,99,1,2,55,3,1,2,99,40,3,14,13,6,4,4,7,1,1
22,220096,1,1,1,16,2,18,17,8,0,1,0,22,1,37,402,37402,14,2000,JHLRD1869YC0,J,H,L,R,D,1,8,6,9,Y,C,0,0,P,HOND,CRV,UT,0,17,3245,,0,1032,,G,,F,4,120,,,15R205,,,,,,0,0,000000000,00000000000,0,0,0,1,0,0,0,0,0,0,0,998,0,0,0,98,8,1,8,0,0,0,1,22,70807,6,1,6,0,3,0,74,330,0,1,0,1,1,2,2010,8,2011,0,0,0,0,0,1,4,40,1,1,2,1,0,0,1,80,4,1,1,13,0,0
22,220097,1,6,1,1,3,16,50,12,7,1,0,93,3,82,881,82881,66,2003,1FUJBBBG63PG,1,F,U,J,B,B,B,G,6,3,P,G,1,T,FRHT,ST2,TR,3,17,,8,0,0,CON,D,,,6,915,,,,,00000,00,,64,1,57,1825307,571825307,3,6,1,1,0,0,0,0,0,0,0,60,0,0,0,7,2,3,12,0,0,0,1,12,32277,6,1,6,0,3,3,70,999,1,0,0,0,0,1,2010,1,2010,1,36,0,0,0,3,2,55,1,2,1,1,28,3,17,50,4,1,2,45,0,0
22,220097,2,6,1,1,3,16,50,12,7,1,0,22,2,7,25,7025,5,2008,1B3HB28B78D5,1,B,3,H,B,2,8,B,7,8,D,5,0,P,DODG,CLB,4D,8,17,2966,,0,1037,,G,,F,4,122,,,15R205,,,,,,0,0,000000000,00000000000,0,0,0,1,0,0,0,0,0,0,0,0,0,0,0,81,2,1,12,0,0,0,1,22,70652,6,1,0,0,3,3,62,110,0,0,0,0,0,0,0,0,0,0,0,0,0,0,3,2,60,1,2,1,1,28,3,5,60,1,1,1,44,0,0
22,220097,3,6,1,1,3,16,50,12,7,1,0,48,3,7,24,7024,4,2011,2B3CL3CG6BH5,2,B,3,C,L,3,C,G,6,B,H,5,0,P,DODG,CHA,4D,11,17,3961,,0,1200,,F,,F,6,220,,,17R215,,,,,,0,0,000000000,00000000000,0,0,0,1,0,0,0,0,0,0,0,0,0,0,0,6,4,3,12,0,0,0,1,22,70592,6,1,0,0,3,0,67,152,0,0,0,0,0,0,0,0,0,0,0,0,0,0,3,2,60,1,2,1,1,28,3,5,60,1,1,1,98,0,0
22,220097,4,6,1,1,3,16,50,12,7,1,0,22,1,12,481,12481,31,2011,1FTFW1ET6BFC,1,F,T,F,W,1,E,T,6,B,F,C,0,T,FORD,F1S,CW,11,17,,2,1570,1450,COF,G,,,6,214,,,,B,5577,01,7,44,0,0,000000000,00000000000,0,0,0,1,0,0,0,0,0,0,0,0,0,0,0,6,2,3,12,0,0,0,1,22,70510,6,1,0,0,3,0,72,205,0,0,0,0,0,0,0,0,0,0,0,0,0,0,3,2,60,1,2,1,1,28,3,5,62,1,1,1,98,0,0
22,220097,5,6,1,1,3,16,50,12,7,1,0,41,1,53,705,53705,80,2009,JS1VP54A9921,J,S,1,V,P,5,4,A,9,9,2,1,0,M,SUZI,SDL,RS,9,17,,,,,,,645,,2,,4,427,,,,,,,0,0,000000000,00000000000,0,0,0,1,0,0,0,0,0,0,0,0,0,0,0,6,2,3,12,0,0,0,1,41,97376,6,1,6,0,3,3,69,165,0,0,0,0,0,0,0,0,0,0,0,0,0,0,3,2,60,1,2,1,1,28,3,5,60,1,1,1,98,1,0
22,220097,6,6,1,1,3,16,50,12,7,1,0,93,3,85,881,85881,66,2007,1XKADU9X27J1,1,X,K,A,D,U,9,X,2,7,J,1,1,T,KW,T60,TR,7,17,,8,2600,1600,CON,D,,,6,763,,,,,00000,00,,64,1,57,275151,57275151,3,6,2,2,2,3399,4,1,0,0,0,5,0,0,0,14,2,1,12,0,0,0,1,12,34654,6,1,6,1,3,3,83,999,0,1,0,0,0,11,2011,11,2011,0,0,0,0,0,3,2,55,1,2,1,1,28,3,2,61,1,1,1,98,0,0
22,220098,1,1,1,2,3,4,52,20,0,1,0,28,3,51,881,51881,66,2006,4V4NC9GH66N4,4,V,4,N,C,9,G,H,6,6,N,4,1,T,VOLV,VNL,TR,6,17,,8,0,0,VVN,D,,,6,732,,,,,00000,00,,64,1,57,1198690,571198690,3,6,1,1,0,0,0,0,0,0,0,70,0,1,5,12,6,2,58,0,0,0,1,26,39175,3,1,6,0,3,0,71,250,0,0,0,0,0,0,0,0,0,9,28,0,0,0,3,2,70,1,1,1,1,28,3,1,11,1,1,4,1,1,0
22,220099,1,1,1,2,3,8,50,58,0,1,0,22,1,20,401,20401,14,2002,1GNDS13SX224,1,G,N,D,S,1,3,S,X,2,2,4,0,P,CHEV,TRL,UT,2,17,4442,,0,1130,,G,,F,6,256,,,16R245,,,,,,0,0,000000000,00000000000,0,0,0,1,0,0,0,0,0,0,0,62,0,1,5,14,6,2,1,0,0,0,1,22,71065,6,1,0,0,3,0,61,145,0,0,0,1,3,5,2010,2,2012,1,24,58,6,0,1,2,55,1,1,2,1,28,3,1,13,7,3,4,2,1,0
22,220100,1,1,3,2,3,21,30,34,0,1,0,22,1,12,481,12481,31,1995,1FTJW35F2SEA,1,F,T,J,W,3,5,F,2,S,E,A,0,T,FORD,F35,CW,95,17,,2,0,1680,COF,D,,,8,444,,,,D,5224,00,A,42,0,0,000000000,00000000000,0,0,0,1,0,0,0,0,0,0,0,65,0,1,1,2,6,2,1,0,0,0,1,22,70522,6,1,0,0,3,0,68,150,0,0,0,3,4,3,2009,1,2012,1,24,58,0,0,1,2,55,3,1,2,1,28,3,1,13,6,1,4,1,1,1
22,220101,1,2,1,3,3,8,25,12,2,1,0,22,2,7,482,7482,31,2005,1D7HA18N85S2,1,D,7,H,A,1,8,N,8,5,S,2,0,T,DODG,SQ1,CW,5,17,,2,1605,1405,RPC,G,,,8,287,,,,B,4620,03,E,42,0,0,000000000,00000000000,0,0,0,1,0,0,0,0,0,0,0,56,0,0,0,12,6,2,12,0,0,0,1,22,71369,6,1,0,0,3,0,71,170,0,0,0,0,0,0,0,0,0,0,28,6,0,0,1,2,55,1,1,2,1,0,0,1,10,1,1,2,50,0,0
22,220101,2,2,1,3,3,8,25,12,2,1,0,22,1,20,421,20421,15,2004,1GNEC13ZX4R2,1,G,N,E,C,1,3,Z,X,4,R,2,0,P,CHEV,CTA,UT,4,17,4828,,0,1160,,F,,F,8,325,,,16R265,,,,,,0,0,000000000,00000000000,0,0,0,1,0,0,0,0,0,0,0,54,0,0,0,12,6,2,12,0,0,0,1,22,71303,6,1,0,0,3,3,67,280,0,0,0,1,1,12,2010,3,2011,0,0,0,0,0,1,2,55,1,1,2,1,0,0,1,62,1,1,1,51,1,0
22,220102,1,1,1,7,3,3,50,43,0,1,0,22,1,49,40,49040,4,2004,4T1BE32KX4U8,4,T,1,B,E,3,2,K,X,4,U,8,0,P,TOYT,UXS,4D,4,17,3086,,0,1071,,G,,F,4,144,,,15R205,,,,,,0,0,000000000,00000000000,0,0,0,1,0,0,0,0,0,0,0,65,0,1,5,14,6,2,1,0,0,0,1,22,70726,6,1,0,0,3,0,75,200,0,0,0,0,0,0,0,0,0,1,24,0,0,0,2,2,45,3,1,1,1,28,3,14,13,99,3,4,1,1,1
22,220103,1,1,1,8,3,10,23,42,0,1,0,22,2,20,481,20481,31,1998,2GCEC19RXW11,2,G,C,E,C,1,9,R,X,W,1,1,0,T,CHEV,GC1,PC,98,17,,2,1555,1415,GM4,G,,,8,350,,,,B,4145,03,,42,0,0,000000000,00000000000,0,0,0,1,0,0,0,0,0,0,0,77,0,0,0,9,6,2,42,0,0,0,1,22,70638,6,1,0,0,3,0,66,140,0,0,0,0,0,0,0,0,0,1,24,58,0,0,1,2,55,3,3,2,2,40,3,14,6,6,3,4,2,1,0
22,220104,1,1,2,8,3,13,43,32,0,1,0,22,3,84,881,84881,63,2000,1HTSCAAN3YH2,1,H,T,S,C,A,A,N,3,Y,H,2,0,T,INTL,470,CC,0,17,,7,2540,1280,40S,D,,,6,466,,,,,00000,00,,42,0,88,888888888,88888888888,3,1,2,1,0,0,0,0,0,0,0,50,0,1,5,12,6,2,1,0,0,0,1,22,70560,6,1,0,2,2,0,69,200,0,0,0,0,0,0,0,0,0,0,26,85,0,0,1,2,55,1,1,2,1,0,0,1,13,3,1,4,1,1,0
22,220105,1,1,1,8,3,16,20,1,0,1,0,22,1,53,705,53705,80,2005,JS1GR7JA6521,J,S,1,G,R,7,J,A,6,5,2,1,0,M,SUZI,SRK,RC,5,17,,,,,,,749,,4,,4,360,,,,,,,0,0,000000000,00000000000,0,0,0,1,0,0,0,0,0,0,0,55,0,0,0,0,2,3,32,0,0,0,1,22,70443,6,1,0,0,3,0,75,250,0,0,0,2,1,8,2010,2,2012,0,6,0,0,0,1,2,55,2,1,2,1,0,0,1,12,1,1,4,6,1,0
22,220106,1,1,4,10,3,2,36,35,0,1,0,22,2,7,24,7024,4,2007,2B3KA43R17H8,2,B,3,K,A,4,3,R,1,7,H,8,0,P,DODG,CTL,4D,7,17,3648,,0,1200,,G,,F,6,165,,,17R215,,,,,,0,0,000000000,00000000000,0,0,0,1,0,0,0,0,0,0,0,98,0,1,5,14,6,2,1,0,0,0,1,22,71360,6,1,0,0,3,0,65,103,0,0,0,0,0,0,0,0,0,1,6,24,0,0,1,2,55,2,2,2,1,0,0,14,6,1,3,4,7,1,1
22,220107,1,1,2,10,3,23,30,8,0,1,0,22,1,6,43,6043,4,2010,1C3BC5ED0AN1,1,C,3,B,C,5,E,D,0,A,N,1,0,P,CHRY,STO,CV,10,17,3847,,0,1089,,G,,F,6,165,,,17R215,,,,,,0,0,000000000,00000000000,0,0,0,1,0,0,0,0,0,0,0,99,0,0,0,12,4,3,8,0,0,0,1,22,71459,6,1,0,0,3,0,69,165,0,0,0,0,0,0,0,0,0,1,24,91,0,0,2,2,55,1,1,1,1,0,0,1,80,1,1,1,13,0,1
22,220108,1,1,1,9,3,14,15,42,0,1,0,22,2,23,481,23481,31,1988,1GTFC24K0JE5,1,G,T,F,C,2,4,K,0,J,E,5,0,T,GMC,GC2,PK,88,17,,2,0,1315,GM4,G,,,8,350,,,,C,3933,04,A,42,0,0,000000000,00000000000,0,0,0,1,0,0,0,0,0,0,0,75,0,1,5,11,4,3,1,0,0,0,1,22,70777,1,1,0,0,2,0,68,135,0,2,2,0,0,2,2011,9,2011,1,24,0,0,0,1,2,55,1,1,2,2,0,0,1,13,6,4,4,7,1,1
22,220109,1,1,1,11,3,99,99,53,0,1,0,22,1,41,50,41050,4,2007,1YVHP80C975M,1,Y,V,H,P,8,0,C,9,7,5,M,0,P,MAZD,M6I,4D,7,17,3091,,0,1053,,G,,F,4,138,,,16R205,,,,,,0,0,000000000,00000000000,0,0,0,1,0,0,0,0,0,0,0,72,0,1,5,6,6,2,1,0,0,0,1,22,71446,6,1,0,0,3,0,63,118,0,0,0,0,0,0,0,0,0,1,6,24,58,0,1,2,35,2,1,2,2,0,0,14,12,7,3,4,2,1,1
22,220110,1,1,4,10,3,23,37,1,0,1,0,48,3,12,481,12481,31,2008,1FTSW21R68EA,1,F,T,S,W,2,1,R,6,8,E,A,0,T,FORD,F2S,CW,8,17,,2,1720,1560,SRW,D,,,8,390,,,,C,6523,01,E,44,0,0,000000000,00000000000,0,0,0,1,0,0,0,0,0,0,0,65,0,2,5,0,6,2,1,0,0,0,1,22,71118,6,1,0,0,3,3,69,260,0,0,0,2,0,8,2011,1,2012,1,6,24,0,0,1,2,55,1,1,2,2,0,0,1,6,1,4,4,7,1,0
22,220111,1,2,1,13,3,6,20,12,2,1,0,22,2,12,401,12401,14,2000,1FMZU62X4YZB,1,F,M,Z,U,6,2,X,4,Y,Z,B,0,P,FORD,EPR,UT,0,17,3865,,0,1116,,G,,F,6,245,,,15R235,,,,,,0,0,000000000,00000000000,0,0,0,1,0,0,0,0,0,0,0,55,0,0,0,12,6,2,12,0,0,0,1,22,71463,6,1,0,0,3,0,69,185,0,0,0,0,0,0,0,0,0,0,24,28,0,0,1,2,55,1,1,2,2,0,0,1,10,1,1,2,50,1,0
22,220111,2,2,1,13,3,6,20,12,2,1,0,22,3,85,881,85881,66,2006,1XKWDU9XX6J1,1,X,K,W,D,U,9,X,X,6,J,1,1,T,KW,W90,TR,6,17,,8,2850,1600,CON,D,,,6,763,,,,,00000,00,,64,1,88,888888888,88888888888,3,6,1,1,0,0,0,0,0,0,0,50,0,0,0,12,6,2,12,0,0,0,1,22,71439,6,1,6,0,3,0,72,155,0,0,0,0,0,0,0,0,0,0,0,0,0,0,1,2,55,1,1,2,2,0,0,1,62,7,1,1,51,0,0
22,220112,1,1,2,14,3,18,20,1,0,1,0,22,2,22,18,22018,4,2003,1G2NF52E43M5,1,G,2,N,F,5,2,E,4,3,M,5,0,P,PONT,SE1,4D,3,17,3116,,0,1070,,G,,F,6,207,,,15R215,,,,,,0,0,000000000,00000000000,0,0,0,1,0,0,0,0,0,0,0,70,0,2,3,0,6,2,1,0,0,0,1,22,71001,6,1,0,0,3,0,64,260,0,0,0,0,0,0,0,0,0,0,6,24,0,0,2,2,70,1,2,2,1,0,0,1,9,1,4,4,7,1,0
22,220113,1,1,1,17,3,19,15,9,0,1,0,22,1,7,43,7043,4,2004,1B3EL46X84N4,1,B,3,E,L,4,6,X,8,4,N,4,0,P,DODG,SRX,4D,4,17,3094,,0,1080,,G,,F,4,146,,,16R205,,,,,,0,0,000000000,00000000000,0,0,0,1,0,0,0,0,0,0,0,55,0,0,0,12,4,1,9,0,0,0,1,22,70744,6,1,0,0,3,0,65,97,0,0,0,1,1,6,2009,10,2009,0,0,0,0,0,1,2,55,1,1,2,1,0,0,1,83,1,1,1,13,0,0
22,220114,1,1,1,18,3,2,58,59,0,1,0,22,1,59,31,59031,4,1997,JT8BF22G8V00,J,T,8,B,F,2,2,G,8,V,0,0,0,P,LEXS,ES3,4D,97,17,3296,,0,1051,,G,,F,6,183,,,15R205,,,,,,0,0,000000000,00000000000,0,0,0,1,0,0,0,0,0,0,0,80,0,1,5,81,6,2,1,0,0,0,1,22,70528,6,1,0,0,3,0,74,175,0,0,0,1,0,10,2011,10,2011,1,24,58,0,0,1,2,55,3,2,2,1,40,3,14,13,6,4,4,1,1,1
22,220115,1,1,1,18,3,17,0,34,0,1,0,22,1,20,4,20004,2,2003,1G1YY22G5351,1,G,1,Y,Y,2,2,G,5,3,5,1,0,P,CHEV,CVT,CP,3,17,3214,,0,1045,,G,,F,8,350,,,17R245,,,,,,0,0,000000000,00000000000,0,0,0,1,0,0,0,0,0,0,0,86,0,0,0,12,6,2,34,0,0,0,1,22,70431,6,1,0,0,3,0,72,300,0,0,0,0,0,0,0,0,0,1,24,58,0,0,1,2,55,2,1,2,1,0,0,14,13,6,4,4,7,1,0
22,220116,1,1,1,19,3,2,20,42,0,1,0,22,2,13,482,13482,31,2006,5LTPW16566FJ,5,L,T,P,W,1,6,5,6,6,F,J,0,T,LINC,MLT,CW,6,17,,2,0,1385,MRK,G,,,8,330,,,,,5370,00,E,42,0,0,000000000,00000000000,0,0,0,1,0,0,0,0,0,0,0,998,0,0,0,10,6,2,2,0,0,1,1,22,70806,0,0,0,0,0,0,999,999,99,99,99,99,99,99,9999,99,9999,1,24,0,0,0,1,9,45,2,1,2,1,0,0,14,13,6,4,4,7,1,0
22,220117,1,1,1,21,3,9,50,8,0,1,0,22,1,18,23,18023,4,2011,1G4HA5EM6BU1,1,G,4,H,A,5,E,M,6,B,U,1,0,P,BUIC,UCX,4D,11,17,3735,,0,1156,,F,,F,6,238,,,17R235,,,,,,0,0,000000000,00000000000,0,0,0,1,0,0,0,0,0,0,0,63,0,0,0,12,2,1,8,0,0,0,1,22,70443,6,1,0,0,3,0,64,185,0,0,0,0,0,0,0,0,0,0,0,0,0,0,1,2,55,4,1,2,1,0,0,14,80,1,1,1,13,0,0
22,220118,1,3,2,21,3,17,35,12,6,1,0,47,2,22,18,22018,4,1989,1G2NE54D6KC6,1,G,2,N,E,5,4,D,6,K,C,6,0,P,PONT,GAL,4D,89,17,2508,,0,1034,,G,,F,4,138,,,14R195,,,,,,0,0,000000000,00000000000,0,0,0,1,0,0,0,0,0,0,0,55,0,0,0,1,6,2,12,0,0,0,1,12,32563,1,1,0,0,2,0,71,999,0,1,0,0,0,1,2012,1,2012,0,24,51,0,0,2,2,70,1,1,2,2,0,0,1,54,1,1,1,65,1,1
22,220118,2,3,1,21,3,17,35,12,6,1,0,22,1,20,37,20037,4,2005,1G1ZT52875F2,1,G,1,Z,T,5,2,8,7,5,F,2,0,P,CHEV,M/L,4D,5,17,3297,,0,1063,,G,,F,6,214,,,15R205,,,,,,0,0,000000000,00000000000,0,0,0,1,0,0,0,0,0,0,0,70,0,0,0,1,6,2,12,0,0,0,1,22,71001,6,1,6,0,3,0,73,180,0,0,0,1,0,8,2011,8,2011,0,0,0,0,0,2,2,70,1,1,2,2,0,0,1,54,6,1,1,64,0,0
22,220118,3,3,1,21,3,17,35,12,6,1,0,22,1,55,401,55401,14,2009,5NMSH13E79H3,5,N,M,S,H,1,3,E,7,9,H,3,0,P,HYUN,SAN,UT,9,17,3846,,0,1063,,G,,F,6,204,,,18R235,,,,,,0,0,000000000,00000000000,0,0,0,1,0,0,0,0,0,0,0,60,0,0,0,12,6,2,12,0,0,0,1,22,70124,6,1,0,0,3,3,64,127,0,0,0,0,0,0,0,0,0,0,0,0,0,0,2,2,70,1,1,2,2,0,0,1,54,7,1,1,98,0,0
22,220119,1,1,2,25,3,1,44,52,0,1,0,22,1,12,481,12481,31,1997,1FTDX1763VKB,1,F,T,D,X,1,7,6,3,V,K,B,0,T,FORD,F15,3C,97,17,,1,1570,1390,COF,G,,,8,281,,,,B,4045,03,E,42,0,0,000000000,00000000000,0,0,0,1,0,0,0,0,0,0,0,998,0,1,3,3,6,2,1,0,0,0,1,22,71251,6,1,0,0,3,0,72,192,0,0,0,0,0,0,0,0,0,0,6,24,0,0,2,2,55,1,1,2,1,0,0,1,12,1,1,4,6,1,1
22,220120,1,2,1,25,3,7,15,12,2,1,0,22,2,6,51,6051,4,2007,2C3KA43R77H8,2,C,3,K,A,4,3,R,7,7,H,8,0,P,CHRY,C30,4D,7,17,3632,,0,1200,,G,,F,6,165,,,17R215,,,,,,0,0,000000000,00000000000,0,0,0,1,0,0,0,0,0,0,0,55,0,0,0,12,6,2,12,0,0,0,1,22,70669,6,2,0,0,3,2,64,120,0,0,0,0,0,0,0,0,0,0,35,73,0,0,1,2,55,1,1,2,1,0,0,6,54,1,1,1,52,0,0
22,220120,2,2,1,25,3,7,15,12,2,1,0,22,1,72,706,72706,80,2009,1HD1BW5119Y0,1,H,D,1,B,W,5,1,1,9,Y,0,0,M,HD,STC,RS,9,17,,,,,,,1584,,2,,4,765,,,,,,,0,0,000000000,00000000000,0,0,0,1,0,0,0,0,0,0,0,45,0,0,0,12,6,2,12,0,0,1,1,22,70669,6,1,6,0,3,0,72,260,0,0,0,1,0,1,2011,1,2011,0,0,0,0,0,1,2,55,1,1,2,1,0,0,1,54,1,1,1,52,1,0
22,220121,1,1,2,26,3,7,1,30,0,1,0,22,1,24,7,24007,4,2007,1G8AJ55F87Z1,1,G,8,A,J,5,5,F,8,7,Z,1,0,P,STRN,SI2,4D,7,17,2805,,0,1032,,G,,F,4,134,,,15R195,,,,,,0,0,000000000,00000000000,0,0,0,1,0,0,0,0,0,0,0,68,0,0,0,10,6,2,30,0,0,0,1,22,70820,6,1,0,0,3,3,60,150,0,0,0,0,0,0,0,0,0,1,24,58,0,0,1,4,50,1,1,2,1,0,0,17,51,7,3,4,2,1,0
22,220122,1,1,1,26,3,7,35,1,0,1,0,22,2,20,481,20481,31,1993,1GCEK14Z6PZ1,1,G,C,E,K,1,4,Z,6,P,Z,1,0,T,CHEV,GK1,PK,93,17,,2,1315,1175,GM4,G,,,6,262,,,,B,4111,02,,44,0,0,000000000,00000000000,0,0,0,1,0,0,0,0,0,0,0,52,0,2,5,0,4,3,1,0,0,0,1,22,71465,6,2,0,0,3,2,66,140,0,0,0,0,0,0,0,0,0,0,6,24,73,0,1,2,98,1,2,4,1,0,0,1,9,7,3,4,2,1,0
22,220123,1,1,1,29,3,23,5,59,0,1,0,22,2,12,481,12481,31,2008,1FTSX21R98EB,1,F,T,S,X,2,1,R,9,8,E,B,0,T,FORD,F2S,4C,8,17,,2,1580,1420,SRW,D,,,8,390,,,,C,6346,01,U,44,0,0,000000000,00000000000,0,0,0,1,0,0,0,0,0,0,0,55,0,0,0,12,6,2,42,0,0,0,1,22,70422,6,1,0,0,3,0,67,170,0,0,0,0,0,0,0,0,0,0,6,24,0,0,1,2,55,1,1,2,2,0,0,1,12,1,1,4,6,1,1
22,220124,1,1,1,30,3,16,20,32,0,1,0,22,1,7,482,7482,31,2003,1D7HU18D93J5,1,D,7,H,U,1,8,D,9,3,J,5,0,T,DODG,SQ1,CW,3,17,,2,1605,1405,RPC,G,,,8,345,,,,B,5005,02,E,44,0,0,000000000,00000000000,0,0,0,1,0,0,0,0,0,0,0,55,0,1,5,14,6,2,1,0,0,0,1,22,71411,6,1,0,0,3,3,69,230,0,0,0,0,0,0,0,0,0,0,24,0,0,0,1,2,55,1,1,2,1,0,0,1,13,6,1,4,1,1,0
22,220125,1,1,1,30,3,21,20,8,0,1,0,22,1,20,2,20002,4,2008,2G1WB58KX892,2,G,1,W,B,5,8,K,X,8,9,2,0,P,CHEV,IPL,4D,8,17,3555,,0,1105,,F,,F,6,214,,,16R225,,,,,,0,0,000000000,00000000000,0,0,0,1,0,0,0,0,0,0,0,70,0,0,0,12,2,3,8,0,0,0,1,22,70422,6,1,0,0,3,0,70,190,0,0,0,0,1,10,2011,10,2011,0,0,0,0,0,2,2,70,1,1,2,1,0,0,1,80,1,1,1,13,0,0
22,220126,1,2,1,16,3,16,24,12,6,1,0,22,2,37,32,37032,4,1994,JHMCD553XRC0,J,H,M,C,D,5,5,3,X,R,C,0,0,P,HOND,ALX,4D,94,17,2809,,0,1069,,G,,F,4,132,,,14R185,,,,,,0,0,000000000,00000000000,0,0,0,1,0,0,0,0,0,0,0,50,0,0,0,12,6,2,12,0,0,0,1,22,71106,1,1,0,0,2,0,62,251,0,0,0,0,1,9,2010,9,2010,0,35,85,0,0,1,2,50,1,1,2,1,0,0,6,10,7,2,2,64,1,0
22,220126,2,2,1,16,3,16,24,12,6,1,0,22,3,20,481,20481,31,2006,2GCEK19B2611,2,G,C,E,K,1,9,B,2,6,1,1,0,T,CHEV,SK1,4C,6,17,,2,1575,1340,SIL,G,,,8,323,,,,B,5050,00,,44,0,0,000000000,00000000000,0,0,0,1,0,0,0,0,0,0,0,50,0,0,0,11,6,2,12,0,0,0,1,22,71107,6,1,0,0,3,0,72,200,0,0,0,3,0,12,2009,1,2011,0,0,0,0,0,1,2,50,1,1,2,1,0,0,1,62,1,1,1,65,0,1
22,220127,1,1,1,31,3,22,21,43,0,1,0,22,1,12,481,12481,31,2012,1FT7W2BT8CEA,1,F,T,7,W,2,B,T,8,C,E,A,0,T,FORD,F2S,CW,12,17,,2,1724,1562,SRW,D,,,8,409,,,,C,6731,00,7,44,0,0,000000000,00000000000,0,0,0,1,0,0,0,0,0,0,0,65,0,1,5,14,6,2,42,0,0,0,1,22,70739,6,1,0,0,3,0,70,180,0,0,0,0,0,0,0,0,0,1,0,0,0,0,1,2,45,3,1,2,1,0,0,14,13,6,4,4,2,1,1
22,220128,1,2,1,9,3,8,50,12,6,1,0,22,2,20,22,20022,2,2005,1G1AL12F4575,1,G,1,A,L,1,2,F,4,5,7,5,0,P,CHEV,BLS,CP,5,17,2991,,0,1033,,G,,F,4,134,,,15R195,,,,,,0,0,000000000,00000000000,0,0,0,1,0,0,0,0,0,0,0,71,0,0,0,82,6,2,12,0,0,0,1,22,70757,6,1,0,0,3,3,63,115,0,0,0,0,0,0,0,0,0,1,6,0,0,0,1,2,55,3,1,2,2,28,3,14,6,99,4,2,64,1,0
22,220128,2,2,1,9,3,8,50,12,6,1,0,22,2,19,22,19022,4,2007,1G6KD57Y67U2,1,G,6,K,D,5,7,Y,6,7,U,2,0,P,CADI,TDS,4D,7,17,4009,,0,1156,,G,,F,8,281,,,17R235,,,,,,0,0,000000000,00000000000,0,0,0,1,0,0,0,0,0,0,0,47,0,0,0,12,6,2,12,0,0,0,1,22,70772,6,1,0,0,3,3,68,150,0,0,0,0,0,0,0,0,0,0,0,0,0,0,1,2,55,2,1,2,2,28,3,14,62,7,1,1,65,0,0