STATE,ST_CASE,VEH_NO,VE_FORMS,NUMOCCS,DAY,MONTH,HOUR,MINUTE,HARM_EV,MAN_COLL,UNITTYPE,HIT_RUN,REG_STAT,OWNER,MAKE,MODEL,MAK_MOD,BODY_TYP,MOD_YEAR,VIN,VIN_1,VIN_2,VIN_3,VIN_4,VIN_5,VIN_6,VIN_7,VIN_8,VIN_9,VIN_10,VIN_11,VIN_12,TOW_VEH,VINTYPE,VINMAKE,VINA_MOD,VIN_BT,VINMODYR,VIN_LNGT,VIN_WGT,WGTCD_TR,WHLBS_LG,WHLBS_SH,SER_TR,FUELCODE,MCYCL_DS,CARBUR,CYLINDER,DISPLACE,MCYCL_CY,MCYCL_WT,TIRE_SZE,TON_RAT,TRK_WT,TRKWTVAR,VIN_REST,WHLDRWHL,J_KNIFE,MCARR_I1,MCARR_I2,MCARR_ID,GVWR,V_CONFIG,CARGO_BT,HAZ_INV,HAZ_PLAC,HAZ_ID,HAZ_CNO,HAZ_REL,BUS_USE,SPEC_USE,EMER_USE,TRAV_SP,UNDERIDE,ROLLOVER,ROLINLOC,IMPACT1,DEFORMED,TOWED,M_HARM,VEH_SC1,VEH_SC2,FIRE_EXP,DR_PRES,L_STATE,DR_ZIP,L_STATUS,L_TYPE,CDL_STAT,L_ENDORS,L_COMPL,L_RESTRI,DR_HGT,DR_WGT,PREV_ACC,PREV_SUS,PREV_DWI,PREV_SPD,PREV_OTH,FIRST_MO,FIRST_YR,LAST_MO,LAST_YR,SPEEDREL,DR_SF1,DR_SF2,DR_SF3,DR_SF4,VTRAFWAY,VNUM_LAN,VSPD_LIM,VALIGN,VPROFILE,VPAVETYP,VSURCOND,VTRAFCON,VTCONT_F,P_CRASH1,P_CRASH2,P_CRASH3,PCRASH4,PCRASH5,ACC_TYPE,DEATHS,DR_DRINK
22,220129,1,1,3,18,3,17,9,1,0,1,0,22,2,23,481,23481,31,2002,1GTEC14W22Z1,1,G,T,E,C,1,4,W,2,2,Z,1,0,T,GMC,NC1,PK,2,17,,2,1330,1190,SIE,G,,,6,262,,,,B,4073,01,U,42,0,0,000000000,00000000000,0,0,0,1,0,0,0,0,0,0,0,45,0,1,5,0,6,2,1,0,0,0,1,22,71457,0,0,0,0,0,0,999,999,99,99,99,99,99,99,9999,99,9999,1,58,6,91,0,1,2,35,1,1,2,1,28,3,1,13,6,4,4,7,1,1
22,220130,1,2,2,24,3,12,44,12,6,1,0,48,1,49,43,49043,4,2008,4T1BK36B28U3,4,T,1,B,K,3,6,B,2,8,U,3,0,P,TOYT,UTS,4D,8,17,3490,,0,1110,,G,,F,6,214,,,16R215,,,,,,0,0,000000000,00000000000,0,0,0,1,0,0,0,0,0,0,0,998,0,0,0,9,6,2,12,0,0,0,1,48,76012,6,1,0,0,3,3,999,999,0,0,0,0,0,0,0,0,0,0,38,0,0,0,1,2,25,1,1,2,1,20,3,1,17,1,1,1,89,1,0
22,220130,2,2,1,24,3,12,44,12,6,1,0,22,1,7,482,7482,31,2010,1D7RB1GT6AS1,1,D,7,R,B,1,G,T,6,A,S,1,0,T,DODG,Q15,CW,10,17,,2,0,1400,RPC,G,,,8,348,,,,B,4863,00,7,42,0,0,000000000,00000000000,0,0,0,1,0,0,0,0,0,0,0,998,0,0,0,12,6,2,12,0,0,0,1,22,71405,6,1,0,0,3,0,71,155,0,0,0,0,0,0,0,0,0,0,0,0,0,0,2,2,35,1,1,1,1,0,0,1,66,1,1,1,88,0,0
22,220131,1,3,2,21,3,17,22,12,1,1,0,22,3,7,881,7881,61,2007,3D6WH48AX7G7,3,D,6,W,H,4,8,A,X,7,G,7,0,T,DODG,SQ3,CH,7,17,,3,0,1635,RPC,D,,,6,408,,,,D,6795,00,E,44,0,57,2059739,572059739,2,1,96,1,0,0,0,0,0,0,0,999,7,0,0,12,4,3,12,0,0,0,1,22,70563,6,1,0,0,3,3,66,170,0,0,0,0,0,0,0,0,0,9,6,0,0,0,1,2,55,1,1,2,1,0,0,1,50,2,1,1,20,0,0
22,220131,2,3,1,21,3,17,22,12,1,1,0,22,1,35,47,35047,4,2011,1N4AL2AP7BN4,1,N,4,A,L,2,A,P,7,B,N,4,0,P,NISS,ATS,4D,11,17,3180,,0,1093,,G,,F,4,153,,,16R215,,,,,,0,0,000000000,00000000000,0,0,0,1,0,0,0,0,0,0,0,0,0,0,0,6,6,2,12,0,0,0,1,22,70582,6,1,0,0,3,3,68,180,0,0,0,0,0,0,0,0,0,0,0,0,0,0,1,2,55,1,1,2,1,0,0,5,53,1,1,1,21,1,0
22,220131,3,3,1,21,3,17,22,12,1,1,0,22,1,12,422,12422,15,2000,1FMRU1560YLB,1,F,M,R,U,1,5,6,0,Y,L,B,0,P,FORD,EPT,UT,0,17,4886,,0,1191,,G,,F,8,281,,,16R255,,,,,,0,0,000000000,00000000000,0,0,0,1,0,0,0,0,0,0,0,10,0,0,0,6,4,3,12,0,0,0,1,22,70518,6,1,0,0,3,3,72,260,0,0,0,0,0,0,0,0,0,0,0,0,0,0,1,2,55,1,1,2,1,0,0,4,50,1,1,1,98,0,0
22,220132,1,1,5,25,3,4,13,30,0,1,1,22,9,49,32,49032,4,1999,1NXBR12E0XZ1,1,N,X,B,R,1,2,E,0,X,Z,1,0,P,TOYT,UVL,4D,99,17,2414,,0,970,,G,,F,4,109,,,14R175,,,,,,0,0,000000000,00000000000,0,0,0,1,0,0,0,0,0,0,0,998,0,0,0,9,6,2,30,0,0,0,1,99,99999,9,9,99,9,9,9,999,999,99,99,99,99,99,99,9999,99,9999,9,58,0,0,0,2,2,40,1,1,1,1,0,0,1,13,7,3,4,2,1,0
22,220133,1,1,1,31,3,13,37,33,0,1,0,22,1,72,706,72706,80,2004,1HD1GHV194K3,1,H,D,1,G,H,V,1,9,4,K,3,0,M,HD,FDX,RS,4,17,,,,,,,1450,,2,,4,622,,,,,,,0,0,000000000,00000000000,0,0,0,1,0,0,0,0,0,0,0,999,0,0,0,14,2,3,30,0,0,0,1,22,70518,6,1,0,0,2,0,69,211,0,0,0,0,0,0,0,0,0,9,6,0,0,0,1,2,45,4,1,1,1,0,0,1,13,1,9,4,1,1,0
22,220134,1,1,1,3,3,18,30,1,0,1,0,22,2,72,706,72706,80,2005,1HD1GNW1X5K3,1,H,D,1,G,N,W,1,X,5,K,3,0,M,HD,DLI,RS,5,17,,,,,,,1450,,2,,4,623,,,,,,,0,0,000000000,00000000000,0,0,0,1,0,0,0,0,0,0,0,55,0,0,0,0,2,3,1,0,0,0,1,22,70560,1,1,0,0,2,0,72,200,0,0,1,0,1,8,2011,2,2012,0,91,0,0,0,1,2,55,1,1,2,1,0,0,1,8,1,1,1,98,1,0
22,220135,1,1,1,17,3,14,30,59,0,1,0,22,2,20,481,20481,31,1996,2GCEK19R3T12,2,G,C,E,K,1,9,R,3,T,1,2,0,T,CHEV,GK1,PC,96,17,,2,1555,1415,GM4,G,,,8,350,,,,B,4495,08,,44,0,0,000000000,00000000000,0,0,0,1,0,0,0,0,0,0,0,56,0,1,1,9,6,2,1,0,0,0,1,22,71302,6,1,0,0,3,0,68,126,0,0,0,0,2,11,2009,2,2010,1,24,0,0,0,1,2,55,2,1,2,1,40,3,14,6,1,3,4,7,1,1
22,220136,1,2,1,17,3,10,16,12,6,1,0,22,1,20,37,20037,4,1998,1G1ND52T0W62,1,G,1,N,D,5,2,T,0,W,6,2,0,P,CHEV,MAL,4D,98,17,3100,,0,1070,,G,,F,4,146,,,15R215,,,,,,0,0,000000000,00000000000,0,0,0,1,0,0,0,0,0,0,0,15,0,0,0,12,4,3,12,0,0,0,1,22,70070,1,1,0,0,2,3,64,180,0,0,0,0,0,0,0,0,0,0,38,0,0,0,2,3,45,1,1,1,1,21,3,11,15,1,1,1,68,0,0
22,220136,2,2,1,17,3,10,16,12,6,1,0,22,1,72,706,72706,80,2001,1HD1BWB151Y0,1,H,D,1,B,W,B,1,5,1,Y,0,0,M,HD,FSI,RS,1,17,,,,,,,1450,,2,,4,696,,,,,,,0,0,000000000,00000000000,0,0,0,1,0,0,0,0,0,0,0,45,0,0,0,61,4,3,12,0,0,0,1,22,70058,6,1,6,0,3,0,74,340,0,0,0,0,0,0,0,0,0,0,0,0,0,0,2,3,45,1,1,1,1,0,0,1,17,1,1,1,69,1,0
22,220137,1,1,2,18,1,16,39,8,0,1,0,22,1,12,481,12481,31,2006,1FTWW33P96EC,1,F,T,W,W,3,3,P,9,6,E,C,1,T,FORD,F3D,CW,6,17,,3,1720,1560,DRW,D,,,8,366,,,,D,6989,01,E,44,1,0,000000000,00000000000,0,0,0,1,0,0,0,0,0,0,0,25,0,0,0,83,4,1,8,0,0,0,1,22,70122,6,1,6,0,3,0,73,250,0,0,0,0,1,10,2011,10,2011,0,0,0,0,0,3,3,35,1,2,1,1,0,0,1,98,1,1,1,98,0,0
22,220138,1,2,1,30,1,12,45,12,6,1,0,22,1,49,43,49043,4,1997,4T1BF12B3VU1,4,T,1,B,F,1,2,B,3,V,U,1,0,P,TOYT,UVS,4D,97,17,3263,,0,1071,,G,,F,6,183,,,15R205,,,,,,0,0,000000000,00000000000,0,0,0,1,0,0,0,0,0,0,0,999,0,0,0,61,6,2,12,0,0,0,1,22,71119,6,1,0,0,3,3,73,265,0,0,0,0,0,0,0,0,0,0,38,0,0,0,1,2,25,1,1,9,1,20,3,1,17,1,1,1,89,1,0
22,220138,2,2,1,30,1,12,45,12,6,1,0,22,1,20,4,20004,2,2008,1G1YY25W1851,1,G,1,Y,Y,2,5,W,1,8,5,1,0,P,CHEV,CVT,CP,8,17,3217,,0,1057,,G,,F,8,378,,,18R245,,,,,,0,0,000000000,00000000000,0,0,0,1,0,0,0,0,0,0,0,999,0,0,0,12,6,2,12,0,0,0,1,22,71060,6,1,0,0,3,0,72,195,0,0,0,0,0,0,0,0,0,0,0,0,0,0,1,2,35,1,1,1,1,0,0,1,17,1,1,1,88,0,0
22,220139,1,3,1,18,2,2,20,12,1,1,0,22,1,49,40,49040,4,2003,4T1BE30K93U1,4,T,1,B,E,3,0,K,9,3,U,1,0,P,TOYT,UXS,4D,3,17,2993,,0,1071,,G,,F,4,144,,,15R205,,,,,,0,0,000000000,00000000000,0,0,0,1,0,0,0,0,0,0,0,60,0,0,0,12,6,2,12,0,0,0,1,22,70128,3,1,0,0,2,3,71,175,0,0,0,0,0,0,0,0,0,0,0,0,0,0,3,3,60,1,1,2,2,0,0,1,51,1,1,1,24,0,0
22,220139,2,3,2,18,2,2,20,12,1,1,0,1,1,2,404,2404,14,1993,1J4GZ58S3PC1,1,J,4,G,Z,5,8,S,3,P,C,1,0,T,JEEP,LRO,4W,93,17,,1,0,1059,GCK,G,,,6,242,,,,,3574,00,B,44,0,0,000000000,00000000000,0,0,0,1,0,0,0,0,0,0,0,50,0,0,0,6,4,3,12,0,0,0,1,1,36567,6,1,0,0,3,3,69,200,0,0,0,0,0,0,0,0,0,0,24,0,0,0,3,3,60,1,1,2,2,0,0,1,53,1,1,1,25,1,0
22,220139,3,3,1,18,2,2,20,12,1,1,0,22,1,18,20,18020,4,1999,2G4WB52KXX15,2,G,4,W,B,5,2,K,X,X,1,5,0,P,BUIC,RLL,4D,99,17,3439,,0,1090,,G,,F,6,231,,,15R215,,,,,,0,0,000000000,00000000000,0,0,0,1,0,0,0,0,0,0,0,45,0,0,0,12,6,2,12,0,0,0,1,22,70127,6,1,0,0,3,3,73,150,0,0,0,0,0,0,0,0,0,0,0,0,0,0,6,1,60,9,9,9,2,0,0,1,64,1,1,1,98,0,0
22,220140,1,2,1,1,4,4,57,12,1,1,0,22,1,50,709,50709,80,2008,SMTD00NS88J3,S,M,T,D,0,0,N,S,8,8,J,3,0,M,TRUM,DA5,RC,8,17,,,,,,,675,,3,,4,363,,,,,,,0,0,000000000,00000000000,0,0,0,1,0,0,0,0,0,0,0,999,0,0,0,12,6,2,12,0,0,0,1,22,70121,6,1,0,0,3,3,73,180,0,0,0,0,0,0,0,0,0,1,6,24,0,0,3,5,60,1,2,1,1,0,0,1,51,1,1,1,24,1,1
22,220140,2,2,2,1,4,4,57,12,1,1,0,40,1,22,403,22403,14,2006,2CKDL63F4660,2,C,K,D,L,6,3,F,4,6,6,0,0,P,PONT,TOR,UT,6,17,3660,,0,1125,,G,,F,6,207,,,16R235,,,,,,0,0,000000000,00000000000,0,0,0,1,0,0,0,0,0,0,0,60,0,0,0,6,4,1,12,0,0,0,1,40,74574,6,1,0,0,3,0,63,190,0,0,0,0,0,0,0,0,0,0,0,0,0,0,3,5,60,1,2,1,1,0,0,1,53,1,1,1,25,0,0
22,220141,1,2,2,1,4,5,17,12,6,1,0,22,1,59,31,59031,4,2000,JT8BF28G1Y02,J,T,8,B,F,2,8,G,1,Y,0,2,0,P,LEXS,ES3,4D,0,17,3373,,0,1051,,G,,F,6,183,,,15R205,,,,,,0,0,000000000,00000000000,0,0,0,1,0,0,0,0,0,0,0,5,0,0,0,9,6,2,12,0,0,0,1,22,70360,6,1,0,0,3,0,68,155,0,1,0,1,1,12,2009,10,2010,0,24,38,0,0,1,2,45,1,1,2,1,20,3,1,17,1,1,1,89,2,1
22,220141,2,2,1,1,4,5,17,12,6,1,0,22,3,87,881,87881,66,2003,1XP5DB9X93D8,1,X,P,5,D,B,9,X,9,3,D,8,1,T,PTRB,379,TR,3,17,,8,0,0,CON,D,,,6,893,,,,,00000,00,,64,1,57,205046,57205046,3,6,3,1,0,0,0,0,0,0,0,45,0,0,0,12,4,3,12,0,0,0,1,22,70340,6,1,6,0,3,3,66,155,0,0,0,0,0,0,0,0,0,0,0,0,0,0,1,4,45,1,1,2,1,4,3,1,66,8,1,1,88,0,0
22,220142,1,1,1,1,4,16,45,32,0,1,0,22,1,72,706,72706,80,2008,1HD4CP2158K4,1,H,D,4,C,P,2,1,5,8,K,4,0,M,HD,L8C,RS,8,17,,,,,,,883,,2,,4,591,,,,,,,0,0,000000000,00000000000,0,0,0,1,0,0,0,0,0,0,0,45,0,0,0,12,6,2,32,0,0,0,1,22,70072,6,1,0,0,3,0,67,140,0,0,0,1,0,8,2011,8,2011,0,6,0,0,0,1,2,45,2,1,2,1,40,3,14,12,1,1,4,6,1,1
22,220143,1,1,1,3,4,22,41,32,0,1,0,22,2,55,33,55033,4,2007,5NPEU46F67H2,5,N,P,E,U,4,6,F,6,7,H,2,0,P,HYUN,SLI,4D,7,17,3458,,0,1074,,G,,F,6,204,,,17R225,,,,,,0,0,000000000,00000000000,0,0,0,1,0,0,0,0,0,0,0,55,0,0,0,12,6,2,2,0,0,1,1,22,70422,6,1,0,0,3,0,68,160,0,1,0,0,0,6,2009,6,2009,0,6,0,0,0,1,2,55,2,1,2,1,40,3,14,13,6,1,4,6,1,1
22,220144,1,2,1,6,4,18,10,12,2,1,0,22,1,7,482,7482,31,2002,1D7HA16K12J2,1,D,7,H,A,1,6,K,1,2,J,2,0,T,DODG,150,PK,2,17,,2,1405,1205,RPC,G,,,6,225,,,,B,4366,01,E,42,0,0,000000000,00000000000,0,0,0,1,0,0,0,0,0,0,0,55,0,0,0,12,6,2,12,0,0,0,1,22,71449,6,1,0,0,3,0,72,176,0,0,0,1,0,2,2011,2,2011,0,0,0,0,0,1,2,55,3,1,2,1,0,0,14,10,1,1,2,50,0,0
22,220144,2,2,2,6,4,18,10,12,2,1,0,22,1,22,22,22022,4,2006,1G2ZG5583641,1,G,2,Z,G,5,5,8,3,6,4,1,0,P,PONT,GS1,4D,6,17,3419,,0,1123,,G,,F,6,214,,,16R215,,,,,,0,0,000000000,00000000000,0,0,0,1,0,0,0,0,0,0,0,55,0,0,0,12,6,2,12,0,0,0,1,22,71486,6,1,0,0,3,0,62,135,0,0,0,0,0,0,0,0,0,0,0,0,0,0,1,2,55,2,1,2,1,0,0,14,62,1,1,1,51,1,0
22,220145,1,1,1,7,4,0,24,32,0,1,0,22,1,12,3,12003,2,2008,1ZVHT80N9852,1,Z,V,H,T,8,0,N,9,8,5,2,0,P,FORD,MUS,CP,8,17,3300,,0,1071,,G,,F,6,244,,,16R215,,,,,,0,0,000000000,00000000000,0,0,0,1,0,0,0,0,0,0,0,75,0,1,5,12,6,2,1,0,0,0,1,22,71063,6,1,0,0,3,0,67,160,0,0,0,0,0,0,0,0,0,1,0,0,0,0,1,2,55,3,1,2,1,40,3,1,13,1,1,4,1,1,1
22,220146,1,1,3,7,4,0,48,24,0,1,0,22,1,24,401,24401,14,2006,5GZCZ33DX6S8,5,G,Z,C,Z,3,3,D,X,6,S,8,0,P,STRN,VUE,UT,6,17,3298,,0,1066,,G,,F,4,134,,,16R215,,,,,,0,0,000000000,00000000000,0,0,0,1,0,0,0,0,0,0,0,75,0,0,0,61,6,2,52,0,0,1,1,22,70117,6,1,0,0,3,0,69,182,0,0,0,0,0,0,0,0,0,1,6,0,0,0,3,2,55,1,1,2,1,0,0,1,12,1,1,4,6,2,0
22,220147,1,1,1,7,4,13,14,42,0,1,0,22,1,53,706,53706,80,2011,JS1GX72A8B21,J,S,1,G,X,7,2,A,8,B,2,1,0,M,SUZI,GXR,RC,11,17,,,,,,,1340,,4,,4,573,,,,,,,0,0,000000000,00000000000,0,0,0,1,0,0,0,0,0,0,0,80,0,0,0,62,6,2,42,0,0,0,1,22,70364,6,1,0,0,3,3,75,220,0,0,0,0,0,0,0,0,0,1,0,0,0,0,1,4,30,2,1,1,1,40,3,14,6,3,3,4,7,1,0
22,220148,1,1,4,8,4,17,20,1,0,1,0,48,2,20,431,20431,16,1997,3GNEC16R6VG1,3,G,N,E,C,1,6,R,6,V,G,1,0,P,CHEV,C15,UT,97,17,4802,,0,1315,,G,,F,8,350,,,15R235,,,,,,0,0,000000000,00000000000,0,0,0,1,0,0,0,0,0,0,0,70,0,2,3,0,6,2,1,0,0,0,1,48,77642,6,1,0,0,3,0,999,999,0,0,0,1,0,11,2010,11,2010,0,6,24,0,0,2,2,70,1,2,2,1,0,0,1,1,1,4,4,7,2,0
22,220149,1,2,3,10,4,10,12,12,6,1,0,5,1,22,22,22022,4,2006,1G2ZH5589642,1,G,2,Z,H,5,5,8,9,6,4,2,0,P,PONT,GGT,4D,6,17,3426,,0,1123,,G,,F,6,214,,,17R225,,,,,,0,0,000000000,00000000000,0,0,0,1,0,0,0,0,0,0,0,70,0,0,0,1,6,2,12,0,0,0,1,5,72901,6,1,0,0,3,0,72,204,0,0,0,0,0,0,0,0,0,0,6,24,0,0,2,2,70,1,1,2,1,0,0,1,9,1,4,6,66,1,0
22,220149,2,2,1,10,4,10,12,12,6,1,0,18,3,86,881,86881,66,2006,1M1AK02Y66N0,1,M,1,A,K,0,2,Y,6,6,N,0,2,T,MACK,CXN,TR,6,17,,8,0,0,600,D,,,6,728,,,,,00000,00,,42,1,57,021800,57021800,3,7,1,1,0,0,0,0,0,0,0,67,0,1,1,12,6,2,12,0,0,0,1,48,75077,6,1,6,0,3,3,999,999,1,0,0,0,1,1,2010,2,2010,0,0,0,0,0,2,2,70,1,1,2,1,0,0,1,62,9,1,1,66,0,0
22,220150,1,1,3,10,4,23,20,32,0,1,0,22,2,52,35,52035,4,1998,JA3AY26A8WU0,J,A,3,A,Y,2,6,A,8,W,U,0,0,P,MITS,MDE,4D,98,17,2227,,0,984,,G,,F,4,090,,,13R175,,,,,,0,0,000000000,00000000000,0,0,0,1,0,0,0,0,0,0,0,55,0,1,5,14,6,2,3,0,0,0,1,22,70438,6,1,0,0,3,0,65,125,0,0,0,0,0,0,0,0,0,0,6,24,91,0,1,2,55,3,1,2,1,0,0,14,13,1,1,4,1,1,1
22,220151,1,1,2,10,4,23,49,42,0,1,0,22,2,20,482,20482,31,2005,3GNEC12Z35G2,3,G,N,E,C,1,2,Z,3,5,G,2,0,T,CHEV,CAV,CW,5,17,,2,0,1300,AVL,F,,,8,323,,,,B,5437,00,,42,0,0,000000000,00000000000,0,0,0,1,0,0,0,0,0,0,0,55,0,0,0,81,6,2,42,0,0,0,1,22,71241,3,1,0,0,2,0,67,175,0,0,0,1,0,7,2011,7,2011,0,6,0,0,0,1,2,55,1,1,2,2,0,0,1,13,1,1,4,1,1,1
22,220152,1,2,2,5,4,16,56,12,6,1,0,22,2,34,34,34034,4,2006,WBAVB175X6NK,W,B,A,V,B,1,7,5,X,6,N,K,0,P,BMW,25I,4D,6,17,3351,,0,1087,,G,,F,6,182,,,16R205,,,,,,0,0,000000000,00000000000,0,0,0,1,0,0,0,0,0,0,0,10,0,0,0,9,6,2,12,0,0,0,1,22,70570,6,2,0,0,3,1,61,98,0,0,0,0,0,0,0,0,0,0,38,0,0,0,1,2,20,1,1,9,1,20,3,11,15,1,1,1,82,2,0
22,220152,2,2,3,5,4,16,56,12,6,1,0,22,2,20,422,20422,15,2009,1GNFC26039J1,1,G,N,F,C,2,6,0,3,9,J,1,0,P,CHEV,C15,UT,9,17,5607,,0,1300,,F,,F,8,323,,,17R265,,,,,,0,0,000000000,00000000000,0,0,0,1,0,0,0,0,0,0,0,50,0,1,1,12,6,2,12,0,0,0,1,22,70577,6,1,0,0,3,3,70,150,0,0,0,0,0,0,0,0,0,0,0,0,0,0,1,2,55,1,1,2,2,0,0,1,17,1,1,1,83,0,0
22,220153,1,1,1,4,4,21,0,8,0,1,0,22,2,24,398,24398,2,2002,1G8ZY14782Z1,1,G,8,Z,Y,1,4,7,8,2,Z,1,0,P,STRN,SC2,3P,2,17,2465,,0,1024,,G,,F,4,116,,,15R195,,,,,,0,0,000000000,00000000000,0,0,0,1,0,0,0,0,0,0,0,998,0,0,0,12,6,2,8,0,0,0,1,22,71129,6,2,0,0,3,1,71,180,0,0,0,1,0,1,2012,1,2012,0,0,0,0,0,1,2,45,1,1,1,1,0,0,1,80,1,1,1,13,0,0
22,220154,1,1,1,12,4,22,28,8,0,1,1,22,1,12,481,12481,31,2011,1FTFW1EF2BFA,1,F,T,F,W,1,E,F,2,B,F,A,0,T,FORD,F1S,CW,11,17,,2,1570,1450,COF,F,,,8,305,,,,B,5577,01,7,44,0,0,000000000,00000000000,0,0,0,1,0,0,0,0,0,0,0,55,0,0,0,12,4,3,8,0,0,0,1,22,71328,6,1,0,0,3,0,72,185,0,1,1,0,0,12,2009,1,2010,0,91,0,0,0,1,2,55,1,1,2,1,0,0,1,80,1,1,1,13,0,1
22,220155,1,1,1,13,4,1,5,1,0,1,0,22,2,72,706,72706,80,2009,1HD1BW5139Y0,1,H,D,1,B,W,5,1,3,9,Y,0,0,M,HD,STC,RS,9,17,,,,,,,1584,,2,,4,765,,,,,,,0,0,000000000,00000000000,0,0,0,1,0,0,0,0,0,0,0,45,0,0,0,0,4,3,1,0,0,0,1,22,71407,6,1,0,0,3,0,77,285,0,0,0,0,0,0,0,0,0,0,6,0,0,0,1,2,45,2,2,2,1,40,3,14,12,1,1,4,6,1,1
22,220156,1,1,1,13,4,22,12,8,0,1,0,22,2,55,33,55033,4,2008,5NPET46C68H3,5,N,P,E,T,4,6,C,6,8,H,3,0,P,HYUN,SGL,4D,8,17,3253,,0,1074,,G,,F,4,144,,,16R215,,,,,,0,0,000000000,00000000000,0,0,0,1,0,0,0,0,0,0,0,45,0,0,0,2,4,1,8,0,0,0,1,22,70364,6,1,0,0,3,3,72,150,0,0,0,0,0,0,0,0,0,0,0,0,0,0,1,2,50,1,1,2,1,0,0,1,98,1,1,1,98,0,0
22,220157,1,2,1,13,4,23,15,12,6,1,0,8,3,7,881,7881,61,2011,3D6WZ4EL3BG5,3,D,6,W,Z,4,E,L,3,B,G,5,1,T,DODG,S35,CB,11,17,,3,1675,1435,RPC,D,,,6,408,,,,D,6253,00,K,44,1,57,2088592,572088592,2,4,6,1,0,0,0,0,0,0,0,45,0,1,5,2,6,2,12,0,0,0,1,8,80012,6,1,0,0,3,3,71,170,0,5,2,0,2,10,2009,10,2010,0,39,0,0,0,1,2,55,1,1,2,1,20,3,1,17,1,1,1,87,0,0
22,220157,2,2,1,13,4,23,15,12,6,1,0,22,1,12,3,12003,2,2005,1ZVFT82HX551,1,Z,V,F,T,8,2,H,X,5,5,1,0,P,FORD,MGT,CP,5,17,3450,,0,1071,,G,,F,8,280,,,17R235,,,,,,0,0,000000000,00000000000,0,0,0,1,0,0,0,0,0,0,0,55,0,0,0,12,6,2,12,0,0,0,1,22,71269,6,1,6,0,3,0,74,239,0,0,0,0,0,0,0,0,0,0,24,0,0,0,1,2,55,1,1,2,1,0,0,1,17,1,1,1,86,1,0
22,220158,1,1,1,16,4,22,18,43,0,1,0,22,2,20,36,20036,2,2001,2G1WX15K5191,2,G,1,W,X,1,5,K,5,1,9,1,0,P,CHEV,MSS,CP,1,17,3395,,0,1075,,G,,F,6,231,,,16R225,,,,,,0,0,000000000,00000000000,0,0,0,1,0,0,0,0,0,0,0,101,0,1,5,12,6,2,32,0,0,0,1,22,71326,6,1,0,0,3,0,66,160,0,0,0,0,0,0,0,0,0,1,6,24,0,0,1,2,55,2,1,2,1,0,0,14,13,1,1,4,1,1,1
22,220159,1,4,1,17,4,13,48,12,7,1,0,22,2,35,47,35047,4,2010,1N4AL2AP4AN4,1,N,4,A,L,2,A,P,4,A,N,4,0,P,NISS,ATS,4D,10,17,3063,,0,1093,,G,,F,4,153,,,16R215,,,,,,0,0,000000000,00000000000,0,0,0,1,0,0,0,0,0,0,0,60,0,0,0,82,6,2,12,0,0,0,1,22,70452,1,1,0,0,2,0,67,200,0,1,0,0,0,10,2009,10,2009,0,6,0,0,0,2,2,70,1,1,2,2,0,0,15,74,1,1,1,48,1,0
22,220159,2,4,1,17,4,13,48,12,7,1,0,22,2,20,422,20422,15,2011,1GNSKKE36BR1,1,G,N,S,K,K,E,3,6,B,R,1,0,P,CHEV,K15,UT,11,17,6024,,0,1300,,F,,F,8,323,,,20R275,,,,,,0,0,000000000,00000000000,0,0,0,1,0,0,0,0,0,0,0,25,0,0,0,62,4,3,12,0,0,0,1,22,70435,6,1,0,0,3,0,71,200,0,0,0,0,0,0,0,0,0,0,0,0,0,0,6,1,70,1,1,2,2,0,0,16,98,1,1,1,48,0,0
22,220159,3,4,1,17,4,13,48,12,7,1,0,28,1,20,22,20022,4,2005,1G1AK52F5576,1,G,1,A,K,5,2,F,5,5,7,6,0,P,CHEV,CBT,4D,5,17,3216,,0,1033,,G,,F,4,134,,,15R195,,,,,,0,0,000000000,00000000000,0,0,0,1,0,0,0,0,0,0,0,20,0,0,0,2,2,1,12,0,0,0,1,28,39466,6,1,0,0,3,0,70,200,0,0,0,0,0,0,0,0,0,0,0,0,0,0,2,2,70,1,1,2,2,0,0,1,53,1,1,1,98,0,0
22,220159,4,4,1,17,4,13,48,12,7,1,0,48,3,82,881,82881,66,2005,1FUJBBCG15LN,1,F,U,J,B,B,C,G,1,5,L,N,1,T,FRHT,ST2,TR,5,17,,8,0,0,CON,D,,,6,774,,,,,00000,00,,64,1,57,1670585,571670585,3,6,1,1,0,0,0,0,0,0,0,0,0,0,0,6,4,1,12,0,0,0,1,99,78045,9,9,99,9,9,9,999,999,99,99,99,99,99,99,9999,99,9999,0,0,0,0,0,2,2,70,1,1,2,2,0,0,5,53,1,1,1,98,0,0
22,220160,1,1,2,19,4,15,42,32,0,1,0,22,2,7,482,7482,31,2007,1D7HA18P27S2,1,D,7,H,A,1,8,P,2,7,S,2,0,T,DODG,SQ1,CW,7,17,,2,1605,1405,RPC,F,,,8,287,,,,B,4873,02,E,42,0,0,000000000,00000000000,0,0,0,1,0,0,0,0,0,0,0,71,0,1,5,14,6,2,1,0,0,0,1,22,71343,6,2,0,0,3,3,67,165,0,0,0,0,0,0,0,0,0,1,6,24,58,0,1,2,55,1,1,2,1,0,0,1,6,1,4,4,7,1,1