STATE,ST_CASE,VEH_NO,VE_FORMS,NUMOCCS,DAY,MONTH,HOUR,MINUTE,HARM_EV,MAN_COLL,UNITTYPE,HIT_RUN,REG_STAT,OWNER,MAKE,MODEL,MAK_MOD,BODY_TYP,MOD_YEAR,VIN,VIN_1,VIN_2,VIN_3,VIN_4,VIN_5,VIN_6,VIN_7,VIN_8,VIN_9,VIN_10,VIN_11,VIN_12,TOW_VEH,VINTYPE,VINMAKE,VINA_MOD,VIN_BT,VINMODYR,VIN_LNGT,VIN_WGT,WGTCD_TR,WHLBS_LG,WHLBS_SH,SER_TR,FUELCODE,MCYCL_DS,CARBUR,CYLINDER,DISPLACE,MCYCL_CY,MCYCL_WT,TIRE_SZE,TON_RAT,TRK_WT,TRKWTVAR,VIN_REST,WHLDRWHL,J_KNIFE,MCARR_I1,MCARR_I2,MCARR_ID,GVWR,V_CONFIG,CARGO_BT,HAZ_INV,HAZ_PLAC,HAZ_ID,HAZ_CNO,HAZ_REL,BUS_USE,SPEC_USE,EMER_USE,TRAV_SP,UNDERIDE,ROLLOVER,ROLINLOC,IMPACT1,DEFORMED,TOWED,M_HARM,VEH_SC1,VEH_SC2,FIRE_EXP,DR_PRES,L_STATE,DR_ZIP,L_STATUS,L_TYPE,CDL_STAT,L_ENDORS,L_COMPL,L_RESTRI,DR_HGT,DR_WGT,PREV_ACC,PREV_SUS,PREV_DWI,PREV_SPD,PREV_OTH,FIRST_MO,FIRST_YR,LAST_MO,LAST_YR,SPEEDREL,DR_SF1,DR_SF2,DR_SF3,DR_SF4,VTRAFWAY,VNUM_LAN,VSPD_LIM,VALIGN,VPROFILE,VPAVETYP,VSURCOND,VTRAFCON,VTCONT_F,P_CRASH1,P_CRASH2,P_CRASH3,PCRASH4,PCRASH5,ACC_TYPE,DEATHS,DR_DRINK
22,220259,1,1,1,17,6,15,16,1,0,1,0,0,0,37,734,37734,90,2006,JH2TE32006K0,J,H,2,T,E,3,2,0,0,6,K,0,0,M,HOND,TER,AT,6,17,,,,,,,450,,1,,4,363,,,,,,,0,0,000000000,00000000000,0,0,0,1,0,0,0,0,0,0,0,999,0,1,5,0,4,3,1,0,0,0,1,22,70043,6,1,0,0,1,0,69,215,0,0,0,0,0,0,0,0,0,1,18,6,24,0,1,2,20,3,1,2,1,28,3,14,6,3,2,4,2,1,0
22,220260,1,1,2,22,6,2,24,32,0,1,0,22,2,20,481,20481,31,2003,1GCEK19T13Z1,1,G,C,E,K,1,9,T,1,3,Z,1,0,T,CHEV,SK1,4C,3,17,,2,1575,1435,SIL,G,,,8,325,,,,B,4910,02,,44,0,0,000000000,00000000000,0,0,0,1,0,0,0,0,0,0,0,999,0,0,0,12,6,2,42,0,0,0,1,22,70426,6,2,0,0,3,2,69,135,0,0,0,0,0,0,0,0,0,9,24,73,0,0,1,2,30,1,1,2,1,28,3,1,13,1,1,4,1,1,1
22,220261,1,1,5,2,6,14,50,42,0,1,0,22,1,63,34,63034,4,2006,KNAGE1241650,K,N,A,G,E,1,2,4,1,6,5,0,0,P,KIA,OLE,4D,6,17,3281,,0,1063,,G,,F,6,162,,,16R205,,,,,,0,0,000000000,00000000000,0,0,0,1,0,0,0,0,0,0,0,998,0,0,0,12,6,2,42,0,0,0,1,22,70072,1,1,0,0,2,0,69,235,0,0,0,0,0,0,0,0,0,1,24,58,36,91,1,2,45,3,1,2,1,28,3,14,6,6,3,4,2,1,1
22,220262,1,2,1,3,6,2,43,12,2,1,0,22,1,20,481,20481,31,2003,2GCEC19V2311,2,G,C,E,C,1,9,V,2,3,1,1,0,T,CHEV,SC1,4C,3,17,,2,1575,1435,SIL,G,,,8,293,,,,B,4534,03,,42,0,0,000000000,00000000000,0,0,0,1,0,0,0,0,0,0,0,45,0,0,0,12,4,3,12,0,0,0,1,22,70754,6,1,0,0,3,0,66,175,0,0,0,1,2,12,2010,5,2012,0,50,91,0,0,3,2,45,1,1,2,1,28,3,1,54,1,1,1,52,0,1
22,220262,2,2,2,3,6,2,43,12,2,1,0,22,1,58,32,58032,4,1999,JNKBY31A1XM6,J,N,K,B,Y,3,1,A,1,X,M,6,0,P,INFI,Q4T,4D,99,17,3871,,0,1114,,G,,F,8,252,,,16R215,,,,,,0,0,000000000,00000000000,0,0,0,1,0,0,0,0,0,0,0,57,0,0,0,12,6,2,12,0,0,0,1,22,70084,1,1,0,0,2,2,67,230,0,0,0,0,2,3,2011,7,2011,0,24,74,0,0,3,2,45,1,1,2,1,28,3,1,54,7,1,2,52,1,1
22,220263,1,3,2,3,6,23,4,12,2,1,0,22,1,12,481,12481,31,2001,1FTZX07251KB,1,F,T,Z,X,0,7,2,5,1,K,B,0,T,FORD,F15,4C,1,17,,1,0,1385,COF,G,,,6,256,,,,B,4204,03,U,42,0,0,000000000,00000000000,0,0,0,1,0,0,0,0,0,0,0,71,0,0,0,12,6,2,12,0,0,0,1,22,71302,1,1,0,0,2,0,67,200,0,0,1,0,0,11,2010,11,2010,1,33,24,0,0,1,2,55,2,1,2,1,40,3,6,10,3,2,1,50,1,1
22,220263,2,3,1,3,6,23,4,12,2,1,0,22,1,22,16,22016,2,1999,3G2JB1245XS8,3,G,2,J,B,1,2,4,5,X,S,8,0,P,PONT,SFS,CP,99,17,2630,,0,1041,,G,,F,4,133,,,14R195,,,,,,0,0,000000000,00000000000,0,0,0,1,0,0,0,0,0,0,0,54,0,0,0,12,6,2,12,0,0,0,1,22,71201,6,1,0,0,3,0,65,115,0,0,0,0,1,7,2011,7,2011,0,0,0,0,0,1,2,55,3,1,2,1,40,3,14,62,1,1,1,51,0,1
22,220263,3,3,6,3,6,23,4,12,2,1,0,22,2,49,32,49032,4,2010,1NXBU4EE3AZ2,1,N,X,B,U,4,E,E,3,A,Z,2,0,P,TOYT,CBL,4D,10,17,2723,,0,1024,,G,,F,4,110,,,15R195,,,,,,0,0,000000000,00000000000,0,0,0,1,0,0,0,0,0,0,0,55,0,0,0,10,4,3,12,0,0,0,1,22,71301,6,1,0,0,3,0,65,120,0,0,0,0,1,6,2009,6,2009,0,0,0,0,0,1,2,55,2,1,2,1,40,3,14,61,1,1,1,98,0,0
22,220264,1,2,1,4,6,6,51,1,0,1,0,22,1,12,481,12481,31,2003,1FTNW21F93EA,1,F,T,N,W,2,1,F,9,3,E,A,0,T,FORD,F2S,CW,3,17,,2,1724,1562,SRW,D,,,8,444,,,,C,5870,04,E,44,0,0,000000000,00000000000,0,0,0,1,0,0,0,0,0,0,0,65,0,1,3,0,6,2,12,0,0,0,1,22,70437,6,1,0,0,3,0,74,395,0,0,0,0,0,0,0,0,0,0,80,0,0,0,2,2,65,1,1,2,1,0,0,1,1,1,4,4,7,0,0
22,220264,2,2,1,4,6,6,51,1,0,1,0,22,3,12,16,12016,4,2003,2FAFP71W33X1,2,F,A,F,P,7,1,W,3,3,X,1,0,P,FORD,CVP,4D,3,17,3946,,0,1147,,G,,F,8,281,,,16R225,,,,,,0,0,000000000,00000000000,0,0,0,1,0,0,0,0,0,1,0,60,0,0,0,9,6,2,12,42,0,0,1,22,70072,6,1,6,0,3,3,66,340,0,0,0,0,0,0,0,0,0,0,0,0,0,0,2,2,65,1,1,2,1,0,0,1,62,1,1,1,98,1,0
22,220265,1,1,3,4,6,18,5,1,0,1,0,22,2,20,481,20481,31,2000,1GCEC19T2YZ1,1,G,C,E,C,1,9,T,2,Y,Z,1,0,T,CHEV,SC1,3C,0,17,,2,1575,1435,SIL,G,,,8,325,,,,B,4134,03,,42,0,0,000000000,00000000000,0,0,0,1,0,0,0,0,0,0,0,55,0,1,5,0,4,3,1,0,0,0,1,22,70443,0,0,0,0,0,0,999,999,99,99,99,99,99,99,9999,99,9999,0,52,58,24,0,1,2,55,1,1,2,1,0,0,1,13,6,4,4,2,1,0
22,220266,1,1,2,9,6,10,53,32,0,1,0,22,1,37,31,37031,4,2008,2HGFA16558H3,2,H,G,F,A,1,6,5,5,8,H,3,0,P,HOND,UCL,4D,8,17,2751,,0,1063,,G,,F,4,110,,,16R205,,,,,,0,0,000000000,00000000000,0,0,0,1,0,0,0,0,0,0,0,55,0,1,6,12,6,2,42,0,0,0,1,22,70817,6,1,0,0,3,3,66,119,0,0,0,0,0,0,0,0,0,0,99,99,99,99,1,2,55,1,1,2,1,0,0,1,9,99,4,4,7,2,0
22,220267,1,2,2,9,6,14,37,12,2,1,0,22,1,72,706,72706,80,2002,1HD1JAB182Y0,1,H,D,1,J,A,B,1,8,2,Y,0,0,M,HD,TBI,RS,2,17,,,,,,,1450,,2,,4,630,,,,,,,0,0,000000000,00000000000,0,0,0,1,0,0,0,0,0,0,0,998,0,0,0,12,6,2,12,0,0,0,1,22,70515,6,1,0,0,3,0,69,170,0,0,0,0,0,0,0,0,0,9,28,33,0,0,1,2,55,2,1,2,1,0,0,6,10,1,1,1,50,2,1
22,220267,2,2,1,9,6,14,37,12,2,1,0,22,1,12,481,12481,31,1999,1FTRX18L6XKB,1,F,T,R,X,1,8,L,6,X,K,B,0,T,FORD,F15,4C,99,17,,2,1574,1388,COF,G,,,8,330,,,,B,00000,00,U,44,0,0,000000000,00000000000,0,0,0,1,0,0,0,0,0,0,0,998,0,0,0,12,4,3,12,0,0,0,1,22,70526,6,1,0,0,3,3,71,155,0,0,0,0,0,0,0,0,0,0,0,0,0,0,1,2,55,3,1,2,1,0,0,14,62,7,1,2,51,0,0
22,220268,1,1,1,9,6,15,36,34,0,1,0,22,1,12,471,12471,30,1986,1FTBR10C9GUA,1,F,T,B,R,1,0,C,9,G,U,A,0,T,FORD,RNG,PK,86,17,,1,1140,1080,RNG,G,,,4,122,,,,B,00000,00,A,42,0,0,000000000,00000000000,0,0,0,1,0,0,0,0,0,0,0,50,0,1,5,12,6,2,1,0,0,0,1,22,71342,1,1,0,0,2,0,69,200,0,0,0,0,0,0,0,0,0,0,6,58,0,0,1,2,55,1,1,2,1,0,0,1,13,6,4,4,7,1,0
22,220269,1,1,1,9,6,19,52,42,0,1,0,0,0,37,733,37733,90,1985,JH3TE0404FM1,J,H,3,T,E,0,4,0,4,F,M,1,0,M,HOND,A5E,AT,85,17,,,,,,,250,,1,,4,405,,,,,,,0,0,000000000,00000000000,0,0,0,1,0,0,0,0,0,0,0,25,0,0,0,82,6,2,42,0,0,0,1,22,71251,6,1,0,0,1,0,71,165,0,0,0,0,1,8,2010,8,2010,9,6,24,0,0,1,2,55,1,1,2,1,0,0,11,13,1,1,4,1,1,0
22,220270,1,1,1,10,6,4,15,1,0,1,0,22,1,20,481,20481,31,2000,2GCEK19T2Y12,2,G,C,E,K,1,9,T,2,Y,1,2,0,T,CHEV,SK1,3C,0,17,,2,1575,1435,SIL,G,,,8,325,,,,B,4621,02,,44,0,0,000000000,00000000000,0,0,0,1,0,0,0,0,0,0,0,65,0,1,5,0,4,3,1,0,0,0,1,22,71447,6,1,0,0,3,0,73,220,0,0,0,0,0,0,0,0,0,1,24,58,6,0,1,2,55,3,1,2,1,40,3,14,13,6,4,4,1,1,1
22,220271,1,1,1,2,6,0,49,33,0,1,0,22,2,53,706,53706,80,2006,JS1GW71A6621,J,S,1,G,W,7,1,A,6,6,2,1,0,M,SUZI,GXR,RC,6,17,,,,,,,1298,,4,,4,478,,,,,,,0,0,000000000,00000000000,0,0,0,1,0,0,0,0,0,0,0,999,0,0,0,12,6,2,40,0,0,0,1,22,71108,1,1,0,0,2,0,62,160,0,0,0,0,0,0,0,0,0,1,52,6,0,0,2,2,40,1,2,2,1,28,3,1,13,1,1,4,1,1,1
22,220272,1,3,2,11,6,15,10,12,6,1,0,22,2,20,421,20421,15,1997,1GNCS13W5V21,1,G,N,C,S,1,3,W,5,V,2,1,0,P,CHEV,BZR,UT,97,17,3686,,0,1070,,G,,F,6,262,,,15R205,,,,,,0,0,000000000,00000000000,0,0,0,1,0,0,0,0,0,0,0,999,0,0,0,3,6,4,12,0,0,0,1,22,71129,1,1,0,0,2,0,72,160,0,0,0,0,0,0,0,0,0,0,42,0,0,0,1,2,40,1,1,1,1,0,0,11,15,1,1,1,68,0,0
22,220272,2,3,1,11,6,15,10,12,6,1,0,22,2,37,706,37706,80,2001,JH2SC44001M1,J,H,2,S,C,4,4,0,0,1,M,1,0,M,HOND,CR9,RC,1,17,,,,,,,929,,4,,4,379,,,,,,,0,0,000000000,00000000000,0,0,0,1,0,0,0,0,0,0,0,999,0,0,0,12,6,2,12,0,0,0,1,22,71105,1,1,0,0,2,0,68,254,0,0,0,0,1,2,2012,2,2012,9,99,99,99,99,1,2,40,1,1,1,1,0,0,1,62,99,1,1,69,1,0
22,220272,3,3,1,11,6,15,10,12,6,1,0,22,1,51,45,51045,4,2000,YV1TS94D2Y11,Y,V,1,T,S,9,4,D,2,Y,1,1,0,P,VOLV,S80,4D,0,17,3589,,0,1099,,G,,F,6,178,,,000000,,,,,,0,0,000000000,00000000000,0,0,0,1,0,0,0,0,0,0,0,999,0,0,0,9,4,1,12,0,0,0,1,99,71129,9,9,99,9,9,9,999,999,99,99,99,99,99,99,9999,99,9999,0,0,0,0,0,1,2,40,1,1,1,1,0,0,1,62,1,1,1,98,0,0
22,220273,1,1,3,9,6,15,41,1,0,1,0,22,1,12,422,12422,15,2003,1FMRU15W63LB,1,F,M,R,U,1,5,W,6,3,L,B,0,P,FORD,EPT,UT,3,17,5416,,0,1191,,G,,F,8,281,,,17R265,,,,,,0,0,000000000,00000000000,0,0,0,1,0,0,0,0,0,0,0,999,0,1,5,0,6,2,59,0,0,0,1,22,71268,6,1,0,0,3,0,68,200,0,0,0,2,0,5,2010,2,2012,9,6,58,0,0,2,2,70,1,1,1,1,0,0,1,13,6,2,4,1,1,0
22,220274,1,1,2,9,6,22,10,19,0,1,0,22,1,23,481,23481,31,1991,2GTEC19Z7M15,2,G,T,E,C,1,9,Z,7,M,1,5,0,T,GMC,SC1,PC,91,17,,2,1555,1415,SIE,G,,,6,262,,,,B,5945,01,A,42,0,0,000000000,00000000000,0,0,0,1,0,0,0,0,0,0,0,998,0,0,0,12,6,2,19,0,0,0,1,22,70807,6,1,6,0,3,0,74,192,0,0,0,0,1,6,2009,6,2009,1,6,8,0,0,1,4,40,1,1,1,2,0,0,1,6,1,4,4,7,1,1
22,220275,1,1,1,12,6,22,18,1,0,1,0,22,1,35,472,35472,30,2000,1N6ED26Y1YC3,1,N,6,E,D,2,6,Y,1,Y,C,3,0,T,NISS,KXS,PC,0,17,,1,0,1161,FRT,G,,,6,201,,,,B,3789,01,U,44,0,0,000000000,00000000000,0,0,0,1,0,0,0,0,0,0,0,95,0,1,5,0,6,2,1,0,0,0,1,22,70734,6,1,0,0,3,3,65,135,0,0,0,0,0,0,0,0,0,1,24,58,0,0,1,2,45,2,1,2,1,28,3,14,13,6,3,4,7,1,1
22,220276,1,2,2,10,6,2,1,12,2,1,0,22,1,49,32,49032,4,2001,1NXBR12E41Z5,1,N,X,B,R,1,2,E,4,1,Z,5,0,P,TOYT,UCS,4D,1,17,2410,,0,970,,G,,F,4,109,,,14R175,,,,,,0,0,000000000,00000000000,0,0,0,1,0,0,0,0,0,0,0,55,0,0,0,12,6,2,12,0,0,0,1,22,70380,0,0,0,0,0,0,999,999,99,99,99,99,99,99,9999,99,9999,0,28,0,0,0,1,2,55,2,1,2,2,28,3,1,10,1,1,2,50,1,1
22,220276,2,2,2,10,6,2,1,12,2,1,0,22,2,6,51,6051,4,2006,2C3KA53G56H4,2,C,3,K,A,5,3,G,5,6,H,4,0,P,CHRY,3TR,4D,6,17,3651,,0,1200,,G,,F,6,214,,,17R215,,,,,,0,0,000000000,00000000000,0,0,0,1,0,0,0,0,0,0,0,35,0,0,0,12,6,2,12,0,0,0,1,22,70344,6,1,0,0,3,3,65,190,0,0,0,0,0,0,0,0,0,0,0,0,0,0,1,2,55,3,1,2,2,28,3,14,62,7,1,2,51,0,0
22,220277,1,2,2,14,6,14,4,12,1,1,0,22,1,7,472,7472,30,2009,1D7HE22K09S7,1,D,7,H,E,2,2,K,0,9,S,7,0,T,DODG,KST,4C,9,17,,2,0,1313,DAK,G,,,6,225,,,,B,4192,00,E,42,0,0,000000000,00000000000,0,0,0,1,0,0,0,0,0,0,0,45,0,1,1,12,6,2,42,0,0,0,1,22,70363,6,1,0,0,3,0,70,190,0,0,0,0,0,0,0,0,0,1,26,6,0,0,4,2,40,3,1,2,2,28,3,14,51,1,1,1,24,1,0
22,220277,2,2,1,14,6,14,4,12,1,1,0,22,2,20,473,20473,30,2007,1GCDS13E2782,1,G,C,D,S,1,3,E,2,7,8,2,0,T,CHEV,RDO,CW,7,17,,1,0,1260,CAL,G,,,5,226,,,,,3684,01,,42,0,0,000000000,00000000000,0,0,0,1,0,0,0,0,0,0,0,40,0,0,0,6,4,1,43,0,0,0,1,22,70397,6,1,0,0,3,0,71,212,0,0,0,0,1,2,2012,2,2012,0,0,0,0,0,4,2,40,3,1,2,2,28,3,14,53,1,1,1,25,0,0
22,220278,1,3,1,15,6,18,1,12,1,1,0,12,1,7,482,7482,31,2003,3D7KU28643G7,3,D,7,K,U,2,8,6,4,3,G,7,0,T,DODG,SQ2,CW,3,17,,2,1605,1405,RPC,D,,,6,359,,,,C,5837,07,E,44,0,0,000000000,00000000000,0,0,0,1,0,0,0,0,0,0,0,70,0,0,0,12,6,2,12,0,0,0,1,12,32174,6,1,0,0,3,3,70,999,0,0,0,0,0,0,0,0,0,1,6,26,0,0,2,2,70,1,1,2,1,28,3,1,50,1,1,1,20,0,1
22,220278,2,3,2,15,6,18,1,12,1,1,0,12,2,41,51,41051,4,2011,JM1BL1VF1B14,J,M,1,B,L,1,V,F,1,B,1,4,0,P,MAZD,M3I,4D,11,17,2859,,0,0,,G,,F,4,122,,,000000,,,,,,0,0,000000000,00000000000,0,0,0,1,0,0,0,0,0,0,0,0,0,0,0,6,6,2,12,0,0,0,1,48,77380,6,1,0,0,3,0,999,999,0,0,0,0,0,0,0,0,0,0,0,0,0,0,2,2,70,1,1,2,1,28,3,5,53,1,1,1,21,1,0
22,220278,3,3,1,15,6,18,1,12,1,1,0,93,3,82,881,82881,66,2006,1FUJA6CK66LW,1,F,U,J,A,6,C,K,6,6,L,W,1,T,FRHT,COL,TR,6,17,,8,0,0,CON,D,,,6,855,,,,,00000,00,,64,1,57,165221,57165221,3,6,1,1,0,0,0,0,0,0,0,0,0,0,0,6,4,1,12,0,0,0,1,37,28168,6,1,6,0,3,0,71,999,0,0,0,1,0,11,2011,11,2011,0,0,0,0,0,2,2,70,1,1,2,1,0,0,5,53,1,1,1,98,0,0
22,220279,1,1,2,15,6,3,30,8,0,1,0,22,2,35,47,35047,4,2004,1N4AL11D84C1,1,N,4,A,L,1,1,D,8,4,C,1,0,P,NISS,ABS,4D,4,17,2913,,0,1102,,G,,F,4,153,,,16R205,,,,,,0,0,000000000,00000000000,0,0,0,1,0,0,0,0,0,0,0,70,0,0,0,12,4,3,8,0,0,0,1,22,70448,6,1,0,0,3,3,74,180,0,0,0,0,0,0,0,0,0,0,0,0,0,0,3,2,70,1,1,2,1,0,0,15,80,8,2,1,13,0,0
22,220280,1,1,1,19,6,23,5,42,0,1,0,22,2,12,17,12017,4,2003,1FAFP53U63A2,1,F,A,F,P,5,3,U,6,3,A,2,0,P,FORD,TSE,4D,3,17,3336,,0,1085,,G,,F,6,182,,,16R215,,,,,,0,0,000000000,00000000000,0,0,0,1,0,0,0,0,0,0,0,60,0,1,5,11,6,2,42,0,0,1,1,22,70634,6,1,0,0,3,0,70,205,0,0,0,0,1,3,2011,3,2011,1,58,6,0,0,1,2,35,3,1,2,1,28,3,14,12,7,3,4,6,1,1
22,220281,1,3,2,19,6,17,6,12,1,1,0,22,2,20,481,20481,31,1998,1GCCS1449W81,1,G,C,C,S,1,4,4,9,W,8,1,0,T,CHEV,S14,PK,98,17,,1,1179,1083,S,G,,,4,133,,,,B,3003,00,,42,0,0,000000000,00000000000,0,0,0,1,0,0,0,0,0,0,0,999,0,0,0,6,6,2,12,0,0,0,1,22,71446,6,1,0,0,3,3,71,195,0,0,0,1,1,8,2009,8,2009,0,31,0,0,0,1,2,45,4,3,1,1,28,3,13,53,1,1,1,92,2,0
22,220281,2,3,1,19,6,17,6,12,1,1,0,22,3,20,481,20481,31,2008,1GCHC23658F1,1,G,C,H,C,2,3,6,5,8,F,1,1,T,CHEV,2CH,CW,8,17,,2,1670,1530,SIL,D,,,8,403,,,,C,5742,00,,42,1,0,000000000,00000000000,0,0,0,1,0,0,0,0,0,0,0,45,0,0,0,12,4,3,12,0,0,0,1,22,71474,6,1,4,0,3,0,72,240,0,0,0,0,2,8,2009,8,2011,0,0,0,0,0,1,2,45,4,3,1,1,28,3,14,56,9,1,1,93,0,0
22,220281,3,3,1,19,6,17,6,12,1,1,0,22,3,87,881,87881,66,2007,1XP5DU9X77D6,1,X,P,5,D,U,9,X,7,7,D,6,1,T,PTRB,379,TR,7,17,,8,0,0,CON,D,,,6,763,,,,,00000,00,,64,1,57,814679,57814679,3,6,4,1,0,0,0,0,0,0,0,998,0,1,5,12,6,2,12,0,0,0,1,22,71403,6,1,6,0,3,3,67,225,0,0,0,0,1,9,2011,9,2011,0,0,0,0,0,1,2,45,4,3,1,1,28,3,14,62,1,1,1,98,0,0
22,220282,1,2,1,23,6,5,55,12,2,1,0,22,2,22,18,22018,2,1999,1G2NE12E0XM7,1,G,2,N,E,1,2,E,0,X,M,7,0,P,PONT,GAS,CP,99,17,3052,,0,1071,,G,,F,6,207,,,15R215,,,,,,0,0,000000000,00000000000,0,0,0,1,0,0,0,0,0,0,0,55,0,0,0,12,6,2,12,0,0,0,1,22,70586,6,1,0,0,3,0,68,172,0,0,0,0,0,0,0,0,0,0,28,0,0,0,1,2,55,3,1,2,1,0,0,14,10,1,1,2,50,1,1
22,220282,2,2,1,23,6,5,55,12,2,1,0,22,1,49,402,49402,14,2001,JTEGH20V1100,J,T,E,G,H,2,0,V,1,1,0,0,0,P,TOYT,RV4,UT,1,17,2877,,0,980,,G,,F,4,122,,,16R215,,,,,,0,0,000000000,00000000000,0,0,0,1,0,0,0,0,0,0,0,55,0,0,0,12,6,2,12,0,0,0,1,22,70586,3,1,0,0,2,0,59,130,0,0,0,0,0,0,0,0,0,0,0,0,0,0,1,2,55,2,1,2,1,0,0,14,62,1,1,1,51,1,0
22,220283,1,1,1,23,6,2,45,42,0,1,0,28,2,18,22,18022,4,2011,1G4GC5ED2BF2,1,G,4,G,C,5,E,D,2,B,F,2,0,P,BUIC,LAL,4D,11,17,4026,,0,1117,,G,,F,6,220,,,18R235,,,,,,0,0,000000000,00000000000,0,0,0,1,0,0,0,0,0,0,0,55,0,0,0,11,6,2,42,0,0,0,1,28,39667,6,1,0,0,3,0,65,140,0,0,0,0,0,0,0,0,0,1,28,24,0,0,1,2,55,3,1,2,1,40,3,1,12,99,1,4,6,1,1
22,220284,1,1,1,23,6,10,48,19,0,1,0,22,1,38,471,38471,30,1990,JAACL16EXL72,J,A,A,C,L,1,6,E,X,L,7,2,0,T,ISU,SSC,PK,90,17,,1,0,1192,CON,G,,,4,156,,,,B,2915,01,A,42,0,0,000000000,00000000000,0,0,0,1,0,0,0,0,0,0,0,55,0,0,0,12,6,2,19,0,0,0,1,22,70764,1,1,0,0,2,0,69,260,0,3,0,1,0,9,2009,11,2010,0,24,0,0,0,1,2,55,3,1,2,1,0,0,14,13,99,1,4,6,1,0
22,220285,1,1,1,24,6,99,99,42,0,1,0,22,1,72,706,72706,80,2011,1HD1MAM15BB8,1,H,D,1,M,A,M,1,5,B,B,8,0,M,HD,UTG,RS,11,17,,,,,,,1690,,2,,4,1157,,,,,,,0,0,000000000,00000000000,0,0,0,1,0,0,0,0,0,0,0,70,0,0,0,12,4,3,42,0,0,0,1,22,70403,6,1,0,0,3,0,71,235,0,0,0,0,0,0,0,0,0,9,99,99,99,99,6,1,70,3,1,2,1,40,3,14,12,99,1,4,6,1,0
22,220286,1,1,1,25,6,1,30,52,0,1,0,22,3,20,880,20880,67,2007,1GCJK33DX7F1,1,G,C,J,K,3,3,D,X,7,F,1,0,T,CHEV,SK3,CW,7,17,,3,0,1670,SIL,D,,,8,403,,,,D,6552,00,,44,0,88,888888888,88888888888,2,1,97,1,0,0,0,0,0,0,0,65,0,1,6,12,6,2,1,0,0,0,1,22,71232,6,1,0,0,3,3,78,320,0,0,0,1,0,6,2010,6,2010,9,6,0,0,0,1,2,55,1,1,2,1,28,3,1,12,99,1,4,6,1,0
22,220287,1,2,1,26,6,8,25,12,8,1,0,22,1,23,472,23472,30,2007,1GTCS1990781,1,G,T,C,S,1,9,9,0,7,8,1,0,T,GMC,CAN,4C,7,17,,1,0,1260,CAN,G,,,4,177,,,,B,3468,01,4,42,0,0,000000000,00000000000,0,0,0,1,0,0,0,0,0,0,0,65,0,0,0,9,6,2,12,0,0,0,1,22,71418,6,1,0,0,3,3,68,170,0,0,0,0,0,0,0,0,0,1,28,27,0,0,1,2,55,1,1,2,1,28,3,1,10,1,1,2,64,1,0
22,220287,2,2,1,26,6,8,25,12,8,1,0,22,3,85,881,85881,66,1995,1XKWDB9X3SS6,1,X,K,W,D,B,9,X,3,S,S,6,1,T,KW,W90,TR,95,17,,8,0,1600,CON,D,,,6,893,,,,,00000,00,,64,1,88,888888888,88888888888,3,6,10,1,0,0,0,0,0,0,0,50,0,0,0,9,4,3,12,0,0,0,1,22,71238,6,1,6,0,3,0,66,210,0,0,0,0,0,0,0,0,0,0,0,0,0,0,1,2,55,1,1,2,1,28,3,1,62,7,1,2,65,0,0
22,220288,1,2,1,27,6,13,0,12,6,1,0,22,2,12,481,12481,31,2000,1FTRX17L1YKA,1,F,T,R,X,1,7,L,1,Y,K,A,0,T,FORD,F15,4C,0,17,,2,1571,1385,COF,G,,,8,330,,,,B,4204,05,U,42,0,0,000000000,00000000000,0,0,0,1,0,0,0,0,0,0,0,10,0,0,0,81,6,2,12,0,0,0,1,22,71052,6,1,6,0,3,0,72,190,0,0,0,0,0,0,0,0,0,0,38,24,0,0,1,2,35,1,1,2,1,20,3,1,17,1,1,1,87,1,0
22,220288,2,2,1,27,6,13,0,12,6,1,0,22,3,12,881,12881,61,2004,1FDWF36L74ED,1,F,D,W,F,3,6,L,7,4,E,D,0,T,FORD,F3D,CB,4,17,,3,1650,1410,DRW,G,,,8,330,,,,D,00000,00,E,42,0,88,888888888,88888888888,2,1,97,1,0,0,0,0,0,0,0,70,0,0,0,12,6,2,12,0,0,0,1,22,71047,6,1,0,0,3,0,62,140,0,0,0,0,0,0,0,0,0,1,99,99,99,99,1,2,55,1,1,2,1,28,3,1,66,7,1,1,86,0,0
22,220289,1,3,1,27,6,15,23,12,6,1,0,22,3,12,23,12023,4,2012,3FAHP0JA0CR3,3,F,A,H,P,0,J,A,0,C,R,3,0,P,FORD,F/L,4D,12,17,3342,,0,1074,,G,,F,4,152,,,17R225,,,,,,0,0,000000000,00000000000,0,0,0,1,0,0,0,0,0,0,0,998,0,0,0,2,4,3,12,0,0,0,1,22,71360,1,1,0,0,2,3,63,154,0,0,0,0,0,0,0,0,0,9,38,0,0,0,2,2,50,1,1,2,1,3,3,11,15,1,1,1,68,1,0
22,220289,2,3,3,27,6,15,23,12,6,1,0,22,2,63,402,63402,14,2004,KNDJD7337453,K,N,D,J,D,7,3,3,7,4,5,3,0,P,KIA,SOR,UT,4,17,4306,,0,1067,,G,,F,6,213,,,16R245,,,,,,0,0,000000000,00000000000,0,0,0,1,0,0,0,0,0,0,0,998,0,0,0,11,4,3,12,0,0,0,1,22,70056,6,1,0,0,3,0,65,190,0,0,0,0,1,12,2010,12,2010,0,0,0,0,0,2,2,50,1,1,2,1,3,3,1,66,99,1,1,69,0,0