STATE,ST_CASE,VEH_NO,VE_FORMS,NUMOCCS,DAY,MONTH,HOUR,MINUTE,HARM_EV,MAN_COLL,UNITTYPE,HIT_RUN,REG_STAT,OWNER,MAKE,MODEL,MAK_MOD,BODY_TYP,MOD_YEAR,VIN,VIN_1,VIN_2,VIN_3,VIN_4,VIN_5,VIN_6,VIN_7,VIN_8,VIN_9,VIN_10,VIN_11,VIN_12,TOW_VEH,VINTYPE,VINMAKE,VINA_MOD,VIN_BT,VINMODYR,VIN_LNGT,VIN_WGT,WGTCD_TR,WHLBS_LG,WHLBS_SH,SER_TR,FUELCODE,MCYCL_DS,CARBUR,CYLINDER,DISPLACE,MCYCL_CY,MCYCL_WT,TIRE_SZE,TON_RAT,TRK_WT,TRKWTVAR,VIN_REST,WHLDRWHL,J_KNIFE,MCARR_I1,MCARR_I2,MCARR_ID,GVWR,V_CONFIG,CARGO_BT,HAZ_INV,HAZ_PLAC,HAZ_ID,HAZ_CNO,HAZ_REL,BUS_USE,SPEC_USE,EMER_USE,TRAV_SP,UNDERIDE,ROLLOVER,ROLINLOC,IMPACT1,DEFORMED,TOWED,M_HARM,VEH_SC1,VEH_SC2,FIRE_EXP,DR_PRES,L_STATE,DR_ZIP,L_STATUS,L_TYPE,CDL_STAT,L_ENDORS,L_COMPL,L_RESTRI,DR_HGT,DR_WGT,PREV_ACC,PREV_SUS,PREV_DWI,PREV_SPD,PREV_OTH,FIRST_MO,FIRST_YR,LAST_MO,LAST_YR,SPEEDREL,DR_SF1,DR_SF2,DR_SF3,DR_SF4,VTRAFWAY,VNUM_LAN,VSPD_LIM,VALIGN,VPROFILE,VPAVETYP,VSURCOND,VTRAFCON,VTCONT_F,P_CRASH1,P_CRASH2,P_CRASH3,PCRASH4,PCRASH5,ACC_TYPE,DEATHS,DR_DRINK
22,220326,1,1,1,8,7,0,7,9,0,1,1,22,1,2,403,2403,14,2010,1J4BB3H19AL1,1,J,4,B,B,3,H,1,9,A,L,1,0,T,JEEP,WSS,4W,10,17,,1,0,1160,WUL,G,,,6,230,,,,,3889,00,E,42,0,0,000000000,00000000000,0,0,0,1,0,0,0,0,0,0,0,35,0,0,0,12,4,1,9,0,0,0,1,22,70301,6,1,0,0,3,0,68,150,0,0,0,0,1,11,2009,11,2009,0,28,0,0,0,1,2,45,3,1,2,1,28,3,14,83,1,1,4,13,0,1
22,220327,1,2,2,12,7,2,26,12,1,1,0,93,1,51,881,51881,63,2003,4V4NC9TJ83N3,4,V,4,N,C,9,T,J,8,3,N,3,1,T,VOLV,VNL,TR,3,17,,8,0,0,VVN,D,,,6,915,,,,,00000,00,,64,3,57,1044690,571044690,3,4,3,1,0,0,0,0,0,0,0,70,0,0,0,12,6,2,2,0,0,1,1,41,97030,6,1,6,0,3,0,74,185,0,2,0,0,0,2,2011,3,2011,1,84,0,0,0,2,2,70,1,1,2,1,0,0,1,51,6,1,1,24,1,0
22,220327,2,2,1,12,7,2,26,12,1,1,0,93,3,82,881,82881,66,2006,1FUJBBCG26LU,1,F,U,J,B,B,C,G,2,6,L,U,1,T,FRHT,ST2,TR,6,17,,8,0,0,CON,D,,,6,774,,,,,00000,00,,64,1,57,1044690,571044690,3,6,1,1,0,0,0,0,0,0,0,15,0,0,0,6,6,2,12,0,0,0,1,24,20879,6,1,6,0,3,0,67,170,0,0,0,0,0,0,0,0,0,1,45,0,0,0,2,2,70,1,1,2,1,0,0,3,53,1,1,1,25,0,0
22,220328,1,2,1,16,7,19,45,12,2,1,0,22,2,12,3,12003,2,1989,1FABP41A6KF2,1,F,A,B,P,4,1,A,6,K,F,2,0,P,FORD,MLX,2H,89,17,2819,,0,1005,,G,,F,4,140,,,000000,,,,,,0,0,000000000,00000000000,0,0,0,1,0,0,0,0,0,0,0,55,0,0,0,12,6,2,12,0,0,0,1,22,71360,3,1,0,0,2,0,67,140,0,0,0,0,0,0,0,0,0,9,28,0,0,0,1,2,55,2,1,2,1,28,3,14,10,1,1,2,50,1,1
22,220328,2,2,1,16,7,19,45,12,2,1,0,22,1,35,471,35471,30,1996,1N6SD11S6TC3,1,N,6,S,D,1,1,S,6,T,C,3,0,T,NISS,XES,PK,96,17,,1,0,1043,TRK,G,,,4,146,,,,B,00000,00,M,42,0,0,000000000,00000000000,0,0,0,1,0,0,0,0,0,0,0,55,0,0,0,12,6,2,12,0,0,0,1,22,71401,6,1,0,0,3,0,72,165,0,0,0,0,0,0,0,0,0,9,0,0,0,0,1,2,55,3,1,2,1,28,3,14,62,8,2,1,51,1,0
22,220329,1,1,1,16,7,21,30,34,0,1,0,22,1,72,706,72706,80,2003,1HD1FFW103Y6,1,H,D,1,F,F,W,1,0,3,Y,6,0,M,HD,TCI,RS,3,17,,,,,,,1450,,2,,4,776,,,,,,,0,0,000000000,00000000000,0,0,0,1,0,0,0,0,0,0,0,69,0,0,0,12,4,3,1,0,0,0,1,22,70662,6,1,6,0,3,0,72,230,0,1,0,4,0,2,2010,5,2012,1,6,0,0,0,1,2,55,3,2,2,1,28,3,14,13,1,1,4,1,1,0
22,220330,1,1,1,17,7,15,29,38,0,1,0,22,1,12,481,12481,31,2004,1FTNX20P84EC,1,F,T,N,X,2,0,P,8,4,E,C,0,T,FORD,F2S,4C,4,17,,2,1580,1418,SRW,D,,,8,366,,,,C,5562,00,U,42,0,0,000000000,00000000000,0,0,0,1,0,0,0,0,0,0,0,85,0,1,6,82,6,2,1,0,0,0,1,22,71058,6,1,0,0,3,0,75,270,0,0,0,0,0,0,0,0,0,1,36,37,58,0,1,2,35,3,2,2,1,0,0,14,6,6,4,4,7,1,1
22,220331,1,2,2,18,7,16,0,12,1,1,0,22,2,12,881,12881,61,2012,1FT8W3DT8CEA,1,F,T,8,W,3,D,T,8,C,E,A,0,T,FORD,F3D,CW,12,17,,3,0,1724,DRW,D,,,8,409,,,,D,7459,00,7,44,0,88,888888888,88888888888,2,1,96,1,0,0,0,0,0,0,0,75,0,0,0,12,4,3,12,0,0,0,1,22,70435,6,1,0,0,3,3,67,152,0,0,0,0,3,2,2010,2,2011,1,6,0,0,0,2,2,65,1,6,1,1,28,3,1,50,8,2,1,20,0,0
22,220331,2,2,2,18,7,16,0,12,1,1,0,5,1,20,481,20481,31,1995,2GCEK19K0S12,2,G,C,E,K,1,9,K,0,S,1,2,0,T,CHEV,GK1,PC,95,17,,2,1555,1415,GM4,G,,,8,350,,,,B,4514,00,,44,0,0,000000000,00000000000,0,0,0,1,0,0,0,0,0,0,0,0,0,1,5,6,6,2,12,0,0,0,1,5,71730,6,1,0,0,3,0,72,260,0,0,0,0,0,0,0,0,0,0,0,0,0,0,2,2,65,1,6,2,1,28,3,5,53,1,1,1,22,1,1
22,220332,1,1,1,18,7,19,30,1,0,1,0,22,1,20,481,20481,31,1995,2GCEC19K2S12,2,G,C,E,C,1,9,K,2,S,1,2,0,T,CHEV,GC1,PC,95,17,,2,1555,1415,GM4,G,,,8,350,,,,B,4071,02,,42,0,0,000000000,00000000000,0,0,0,1,0,0,0,0,0,0,0,55,0,1,1,0,6,2,1,0,0,0,1,22,71435,6,1,0,0,3,3,66,140,0,0,0,0,0,0,0,0,0,1,6,24,0,0,1,2,55,2,1,2,1,40,3,14,6,9,4,6,98,1,1
22,220333,1,1,1,18,7,21,4,30,0,1,0,22,1,37,31,37031,2,2001,1HGEM22951L0,1,H,G,E,M,2,2,9,5,1,L,0,0,P,HOND,SIX,CP,1,17,2590,,0,1031,,G,,F,4,102,,,15R185,,,,,,0,0,000000000,00000000000,0,0,0,1,0,0,0,0,0,0,0,55,0,0,0,9,6,2,42,0,0,0,1,22,70072,6,1,0,0,3,3,64,100,0,0,0,0,2,7,2011,8,2011,1,6,24,0,0,2,2,55,1,1,2,2,28,3,1,6,9,3,4,7,1,0
22,220334,1,3,2,19,7,14,49,12,1,1,0,93,1,82,881,82881,66,2002,1FUJBBCG62LK,1,F,U,J,B,B,C,G,6,2,L,K,1,T,FRHT,ST2,TR,2,17,,8,0,0,CON,D,,,6,774,,,,,00000,00,,64,1,57,2111691,572111691,3,6,1,1,0,0,0,0,0,0,0,70,0,0,0,12,6,2,12,0,0,0,1,6,92551,6,1,6,0,3,0,68,190,0,0,0,0,0,0,0,0,0,1,6,0,0,0,2,2,70,1,6,2,1,28,3,1,50,9,2,1,20,0,0
22,220334,2,3,1,19,7,14,49,12,1,1,0,22,1,12,481,12481,31,2004,1FTNW21L44EA,1,F,T,N,W,2,1,L,4,4,E,A,0,T,FORD,F2S,CW,4,17,,2,1724,1562,SRW,G,,,8,330,,,,C,6234,00,E,44,0,0,000000000,00000000000,0,0,0,1,0,0,0,0,0,0,0,0,1,0,0,6,6,2,12,0,0,0,1,22,71292,6,1,0,0,3,0,72,260,0,0,0,0,0,0,0,0,0,0,0,0,0,0,2,2,70,1,6,2,1,28,3,5,53,1,1,1,21,1,0
22,220334,3,3,1,19,7,14,49,12,1,1,0,93,3,82,881,82881,66,2003,1FUJBBCK33PL,1,F,U,J,B,B,C,K,3,3,P,L,1,T,FRHT,ST2,TR,3,17,,8,0,0,CON,D,,,6,858,,,,,00000,00,,64,1,57,1559329,571559329,3,6,1,1,0,0,0,0,0,0,0,0,0,0,0,82,4,1,12,0,0,0,1,6,92551,6,1,6,0,3,0,71,175,0,0,0,0,0,0,0,0,0,0,0,0,0,0,2,2,70,1,6,2,1,28,3,5,50,1,1,1,98,0,0
22,220335,1,1,1,21,7,2,10,8,0,1,0,22,1,35,51,35051,6,2012,JN8AS5MTXCW2,J,N,8,A,S,5,M,T,X,C,W,2,0,P,NISS,ROG,UT,12,17,3281,,0,1059,,G,,F,4,153,,,16R215,,,,,,0,0,000000000,00000000000,0,0,0,1,0,0,0,0,0,0,0,45,0,0,0,12,4,1,8,0,0,0,1,22,70068,1,1,0,0,2,2,61,180,0,0,0,0,0,0,0,0,0,0,74,0,0,0,5,4,45,1,1,2,1,0,0,1,80,2,1,1,13,0,1
22,220336,1,1,1,21,7,18,28,43,0,1,0,22,1,38,472,38472,30,1996,1GGCS1446T87,1,G,G,C,S,1,4,4,6,T,8,7,0,T,ISU,HOM,PK,96,17,,1,0,1083,HOM,G,,,4,133,,,,B,00000,00,M,42,0,0,000000000,00000000000,0,0,0,1,0,0,0,0,0,0,0,45,0,0,0,12,6,2,43,0,0,0,1,22,70785,6,1,0,0,3,3,71,150,0,0,0,0,0,0,0,0,0,0,0,0,0,0,1,2,55,3,1,2,1,0,0,14,13,1,1,4,1,1,1
22,220337,1,1,2,22,7,21,6,8,0,1,0,22,1,22,22,22022,4,2006,1G2ZG5583641,1,G,2,Z,G,5,5,8,3,6,4,1,0,P,PONT,GS1,4D,6,17,3419,,0,1123,,G,,F,6,214,,,16R215,,,,,,0,0,000000000,00000000000,0,0,0,1,0,0,0,0,0,0,0,55,0,0,0,12,4,3,8,0,0,0,1,22,70615,6,1,0,0,3,3,66,220,0,0,0,1,0,4,2012,4,2012,0,0,0,0,0,5,4,55,1,1,2,1,0,0,1,80,1,1,1,13,0,0
22,220338,1,1,1,9,7,14,0,42,0,1,0,22,1,23,481,23481,31,1998,2GTEC19R3W15,2,G,T,E,C,1,9,R,3,W,1,5,0,T,GMC,SC1,PC,98,17,,2,1555,1415,SIE,G,,,8,350,,,,B,4160,02,U,42,0,0,000000000,00000000000,0,0,0,1,0,0,0,0,0,0,0,45,0,0,0,9,6,2,42,0,0,0,1,22,71360,6,1,0,0,3,3,71,250,0,0,0,0,0,0,0,0,0,0,0,0,0,0,1,2,35,1,1,2,2,0,0,1,9,1,3,4,2,1,1
22,220339,1,1,3,24,7,13,20,1,0,1,0,22,1,12,401,12401,14,1997,1FMCU22X3VUB,1,F,M,C,U,2,2,X,3,V,U,B,0,P,FORD,EPR,UT,97,17,3707,,0,1017,,G,,F,6,245,,,15R225,,,,,,0,0,000000000,00000000000,0,0,0,1,0,0,0,0,0,0,0,55,0,1,1,0,6,2,1,0,0,0,1,22,70001,6,1,0,0,3,0,73,175,0,0,0,0,0,0,0,0,0,0,6,24,58,0,1,2,55,3,1,2,1,0,0,14,13,6,1,6,98,1,1
22,220340,1,1,1,23,7,22,22,8,0,1,0,22,1,12,401,12401,14,1996,1FMDU32X0TUB,1,F,M,D,U,3,2,X,0,T,U,B,0,P,FORD,EPR,UT,96,17,3952,,0,1115,,G,,F,6,245,,,15R225,,,,,,0,0,000000000,00000000000,0,0,0,1,0,0,0,0,0,0,0,40,0,2,1,18,6,2,1,0,0,0,1,22,70003,0,0,0,0,0,0,999,999,99,99,99,99,99,99,9999,99,9999,0,6,24,58,0,3,2,40,1,1,2,1,0,0,1,13,1,1,4,98,1,1
22,220341,1,2,1,25,7,5,40,12,6,1,0,22,2,49,32,49032,4,1996,1NXBB02E5TZ3,1,N,X,B,B,0,2,E,5,T,Z,3,0,P,TOYT,CRD,4D,96,17,2381,,0,970,,G,,F,4,108,,,14R185,,,,,,0,0,000000000,00000000000,0,0,0,1,0,0,0,0,0,0,0,10,0,0,0,9,6,2,12,0,0,0,1,22,70433,6,1,0,0,3,3,67,150,0,0,0,0,0,0,0,0,0,0,38,0,0,0,6,1,70,1,1,2,1,20,3,11,15,1,1,1,82,1,0
22,220341,2,2,2,25,7,5,40,12,6,1,0,22,1,12,401,12401,14,2007,1FMEU63E77UB,1,F,M,E,U,6,3,E,7,7,U,B,0,P,FORD,EPR,UT,7,17,4440,,0,1137,,G,,F,6,244,,,16R235,,,,,,0,0,000000000,00000000000,0,0,0,1,0,0,0,0,0,0,0,57,0,0,0,12,4,3,12,0,0,0,1,22,70445,6,1,6,0,3,0,68,170,0,0,0,0,0,0,0,0,0,0,0,0,0,0,1,2,55,1,1,2,1,0,0,1,17,1,1,1,83,0,0
22,220342,1,2,1,26,7,7,31,12,6,1,0,48,3,85,881,85881,66,2004,1XKDDU9X74J0,1,X,K,D,D,U,9,X,7,4,J,0,1,T,KW,T80,TR,4,17,,8,2600,1600,CON,D,,,6,733,,,,,00000,00,,64,3,57,1770030,571770030,3,6,97,1,0,0,0,0,0,0,0,15,0,0,0,9,4,3,12,0,0,0,1,48,75605,6,1,6,3,3,0,999,999,0,0,0,0,0,0,0,0,0,0,39,0,0,0,6,1,70,1,1,2,1,20,3,1,17,1,1,1,89,0,0
22,220342,2,2,2,26,7,7,31,12,6,1,0,22,2,20,2,20002,4,2008,2G1WT58K8812,2,G,1,W,T,5,8,K,8,8,1,2,0,P,CHEV,IMT,4D,8,17,3555,,0,1105,,F,,F,6,214,,,16R225,,,,,,0,0,000000000,00000000000,0,0,0,1,0,0,0,0,0,0,0,58,0,0,0,12,6,2,12,0,0,0,1,22,71019,6,1,0,0,3,0,68,170,0,0,0,0,0,0,0,0,0,0,0,0,0,0,2,2,55,1,1,9,1,0,0,1,17,1,1,1,88,2,0
22,220343,1,1,1,26,7,11,45,1,0,1,0,48,2,73,706,73706,80,2008,JKBZXNC198A0,J,K,B,Z,X,N,C,1,9,8,A,0,0,M,KAWK,X4C,RC,8,17,,,,,,,1352,,4,,4,485,,,,,,,0,0,000000000,00000000000,0,0,0,1,0,0,0,0,0,0,0,65,0,0,0,0,6,2,32,0,0,0,1,22,71270,6,1,6,0,3,0,70,205,0,0,0,1,0,1,2012,1,2012,0,6,0,0,0,1,2,55,3,1,2,1,40,3,1,13,1,1,4,1,1,0
22,220344,1,2,3,28,7,20,43,12,6,1,0,22,2,24,2,24002,2,2001,1G8ZP12831Z1,1,G,8,Z,P,1,2,8,3,1,Z,1,0,P,STRN,SC1,3P,1,17,2396,,0,1024,,G,,F,4,116,,,14R185,,,,,,0,0,000000000,00000000000,0,0,0,1,0,0,0,0,0,0,0,35,0,0,0,4,6,2,12,0,0,0,1,22,70374,6,1,0,0,3,3,62,110,0,0,0,0,0,0,0,0,0,0,38,0,0,0,3,2,65,1,1,2,1,3,3,11,15,1,1,1,68,1,0
22,220344,2,2,3,28,7,20,43,12,6,1,0,22,2,20,404,20404,14,2008,2CNDL23F3863,2,C,N,D,L,2,3,F,3,8,6,3,1,P,CHEV,EQU,UT,8,17,3699,,0,1125,,G,,F,6,207,,,16R235,,,,,,1,0,000000000,00000000000,0,0,0,1,0,0,0,0,0,0,0,55,0,0,0,12,4,3,12,0,0,0,1,22,70583,6,1,6,0,3,0,67,150,0,1,0,0,0,9,2011,9,2011,0,0,0,0,0,3,2,65,1,1,2,1,3,3,1,17,1,1,1,69,0,0
22,220345,1,1,1,8,6,5,9,8,0,1,0,22,1,35,481,35481,31,2008,1N6BA07D48N3,1,N,6,B,A,0,7,D,4,8,N,3,0,T,NISS,TXS,CW,8,17,,2,0,1398,TTN,F,,,8,342,,,,B,4908,00,4,42,0,0,000000000,00000000000,0,0,0,1,0,0,0,0,0,0,0,55,0,0,0,12,4,3,8,0,0,0,1,22,70512,6,1,0,0,3,0,75,180,0,0,0,0,0,0,0,0,0,1,91,0,0,0,1,2,20,1,1,2,1,28,3,1,80,1,1,1,13,0,0
22,220346,1,2,1,17,6,21,0,8,0,1,0,22,1,20,481,20481,31,1999,2GCEC19V4X12,2,G,C,E,C,1,9,V,4,X,1,2,0,T,CHEV,SC1,3C,99,17,,2,1575,1435,SIL,G,,,8,293,,,,B,4235,02,,42,0,0,000000000,00000000000,0,0,0,1,0,0,0,0,0,0,0,60,0,0,0,12,4,3,8,0,0,0,1,22,70056,6,1,0,0,3,0,71,210,0,0,0,0,0,0,0,0,0,0,0,0,0,0,3,3,60,1,1,2,1,0,0,1,80,1,1,1,13,0,0
22,220346,2,2,2,17,6,21,0,8,0,1,0,22,1,20,421,20421,15,2004,1GNEC13V54J1,1,G,N,E,C,1,3,V,5,4,J,1,0,P,CHEV,CTA,UT,4,17,4828,,0,1160,,G,,F,8,293,,,16R265,,,,,,0,0,000000000,00000000000,0,0,0,1,0,0,0,0,0,0,0,60,0,0,0,14,0,1,18,0,0,0,1,22,70065,6,1,0,0,3,0,67,140,0,1,1,1,0,12,2009,2,2010,0,0,0,0,0,3,3,60,1,1,2,1,0,0,1,90,7,1,1,98,0,0
22,220347,1,1,7,13,7,0,99,5,0,1,0,22,2,23,481,23481,31,1999,1GTEC19M7XR5,1,G,T,E,C,1,9,M,7,X,R,5,0,T,GMC,SC1,3C,99,17,,2,0,1415,SIE,G,,,8,305,,,,B,3887,00,U,42,0,0,000000000,00000000000,0,0,0,1,0,0,0,0,0,0,0,40,0,0,0,0,0,1,5,0,0,0,1,22,70586,6,1,0,0,3,0,72,141,0,0,0,0,0,0,0,0,0,0,83,0,0,0,1,2,35,1,1,2,1,0,0,17,98,99,1,1,0,1,0
22,220348,1,1,5,14,7,15,59,42,0,1,0,22,1,12,422,12422,15,2000,1FMRU15L9YLB,1,F,M,R,U,1,5,L,9,Y,L,B,0,P,FORD,EPT,UT,0,17,4886,,0,1191,,G,,F,8,330,,,16R255,,,,,,0,0,000000000,00000000000,0,0,0,1,0,0,0,0,0,0,0,50,0,0,0,81,6,2,42,0,0,0,1,22,71107,6,1,0,0,3,0,65,164,0,0,0,0,0,0,0,0,0,0,24,87,0,0,1,2,55,1,4,2,5,0,0,1,4,6,2,4,2,1,0
22,220349,1,2,1,15,7,4,25,12,1,1,0,22,2,7,482,7482,31,2005,3D7KR28C65G7,3,D,7,K,R,2,8,C,6,5,G,7,0,T,DODG,SQ2,CW,5,17,,2,1605,1405,RPC,D,,,6,359,,,,C,5491,09,E,42,0,0,000000000,00000000000,0,0,0,1,0,0,0,0,0,0,0,80,0,1,1,12,6,2,1,0,0,0,1,22,70460,6,1,0,0,3,3,68,180,0,1,1,0,0,12,2011,5,2012,1,6,0,0,0,2,2,70,1,1,2,2,0,0,15,6,6,2,6,32,1,1
22,220349,2,2,2,15,7,4,25,12,1,1,0,12,3,87,881,87881,66,2000,1NP5DB9X0YN4,1,N,P,5,D,B,9,X,0,Y,N,4,1,T,PTRB,379,TR,0,17,,8,0,0,CON,D,,,6,893,,,,,00000,00,,64,1,57,2025185,572025185,3,6,6,1,0,0,0,0,0,0,0,60,0,0,0,6,4,1,12,0,0,0,1,12,32824,6,1,6,0,3,0,73,999,0,0,0,1,0,9,2010,9,2010,0,0,0,0,0,2,2,70,1,1,2,2,0,0,1,64,1,1,1,32,0,0
22,220350,1,1,1,16,7,20,37,8,0,1,0,22,1,20,481,20481,31,2011,3GCPCSE03BG3,3,G,C,P,C,S,E,0,3,B,G,3,0,T,CHEV,2SC,CW,11,17,,2,0,1435,SIL,F,,,8,323,,,,B,5110,00,,42,0,0,000000000,00000000000,0,0,0,1,0,0,0,0,0,0,0,65,0,0,0,12,4,1,8,0,0,0,1,22,70815,6,1,0,0,3,3,74,240,0,0,0,0,0,0,0,0,0,9,0,0,0,0,2,2,55,1,1,1,1,0,0,1,80,1,1,1,13,0,0
22,220351,1,1,1,22,7,11,35,33,0,1,0,22,1,72,706,72706,80,2007,1HD4CR2117K4,1,H,D,4,C,R,2,1,1,7,K,4,0,M,HD,XLL,RS,7,17,,,,,,,883,,2,,4,563,,,,,,,0,0,000000000,00000000000,0,0,0,1,0,0,0,0,0,0,0,998,0,0,0,12,4,3,26,0,0,0,1,22,70815,6,1,0,0,3,3,67,180,0,0,0,1,0,1,2010,1,2010,9,52,0,0,0,2,2,40,3,1,1,1,0,0,1,13,1,1,4,1,1,0
22,220352,1,1,1,4,8,1,1,8,0,1,0,28,1,20,481,20481,31,2011,1GCRCREA8BZ1,1,G,C,R,C,R,E,A,8,B,Z,1,0,T,CHEV,4SC,4C,11,17,,2,0,1435,SIL,F,,,8,293,,,,B,4924,00,,42,0,0,000000000,00000000000,0,0,0,1,0,0,0,0,0,0,0,999,0,0,0,12,2,1,8,0,0,0,1,28,39041,6,1,0,0,3,0,70,165,0,0,0,0,0,0,0,0,0,0,0,0,0,0,1,2,45,1,1,2,1,0,0,1,80,1,1,1,13,0,0
22,220353,1,1,1,4,8,19,45,53,0,1,0,22,2,24,401,24401,14,2006,5GZCZ534X6S8,5,G,Z,C,Z,5,3,4,X,6,S,8,0,P,STRN,VUE,UT,6,17,3478,,0,1066,,G,,F,6,214,,,16R215,,,,,,0,0,000000000,00000000000,0,0,0,1,0,0,0,0,0,0,0,999,0,1,5,5,6,2,1,0,0,0,1,22,70817,6,1,0,0,3,0,68,110,0,0,0,0,0,0,0,0,0,1,6,24,0,0,1,2,40,1,1,2,1,99,9,1,6,1,4,4,2,1,1
22,220354,1,1,2,11,8,13,27,59,0,1,0,22,1,20,481,20481,31,2000,1GCEC14W0YZ1,1,G,C,E,C,1,4,W,0,Y,Z,1,1,T,CHEV,SC1,PK,0,17,,2,1330,1190,SIL,G,,,6,262,,,,B,3923,02,,42,1,0,000000000,00000000000,0,0,0,1,0,0,0,0,0,0,0,999,0,0,0,12,6,2,59,0,0,0,1,22,70578,6,1,0,0,3,0,68,197,0,1,1,0,0,3,2010,4,2010,0,0,0,0,0,6,1,60,1,1,2,1,0,0,1,98,6,1,4,1,1,0
22,220355,1,2,1,10,8,8,45,12,2,1,0,22,1,53,40,53040,4,2008,JS2YC4145851,J,S,2,Y,C,4,1,4,5,8,5,1,0,P,SUZI,SX4,4D,8,17,2668,,0,984,,G,,F,4,122,,,17R205,,,,,,0,0,000000000,00000000000,0,0,0,1,0,0,0,0,0,0,0,999,0,0,0,12,6,2,12,0,0,0,1,22,70605,6,1,0,0,3,0,70,190,0,0,1,0,0,7,2012,7,2012,0,28,39,0,0,1,2,35,1,1,1,1,3,3,1,10,1,1,2,50,1,0
22,220355,2,2,3,10,8,8,45,12,2,1,0,22,0,98,898,98898,72,2010,1F9424725AH1,1,F,9,4,2,4,7,2,5,A,H,1,0,U,,,,10,17,,,,,,,,,,,,,,,,,,,0,88,888888888,88888888888,3,19,97,1,0,0,0,0,0,7,0,0,0,0,0,12,6,2,12,0,0,0,1,22,70605,6,1,0,0,3,0,70,165,0,0,0,0,0,0,0,0,0,0,0,0,0,0,1,2,35,1,1,1,1,3,3,5,62,1,1,1,51,0,0
22,220356,1,2,3,8,8,14,45,12,6,1,0,22,1,20,37,20037,4,2008,1G1ZG57B38F1,1,G,1,Z,G,5,7,B,3,8,F,1,0,P,CHEV,M/L,4D,8,17,3415,,0,1123,,G,,F,4,146,,,16R215,,,,,,0,0,000000000,00000000000,0,0,0,1,0,0,0,0,0,0,0,999,0,0,0,9,6,2,12,0,0,0,1,22,70714,6,1,0,0,3,0,63,180,0,0,0,0,0,0,0,0,0,0,38,0,0,0,1,2,45,1,1,2,1,20,3,11,15,1,1,1,82,1,0
22,220356,2,2,2,8,8,14,45,12,6,1,0,22,1,7,461,7461,21,1982,2B7GB13P9CK1,2,B,7,G,B,1,3,P,9,C,K,1,0,T,DODG,B15,CG,82,17,,1,1270,1090,RMV,G,,,8,318,,,,B,3130,02,,42,0,0,000000000,00000000000,0,0,0,1,0,0,0,0,0,0,0,999,0,0,0,12,6,2,12,0,0,0,1,22,70714,6,1,0,0,3,3,65,280,0,0,0,0,1,7,2011,7,2011,0,0,0,0,0,5,4,45,1,1,2,1,0,0,1,17,6,1,2,83,0,0
22,220357,1,2,1,17,8,19,25,12,6,1,0,22,1,12,471,12471,30,1998,1FTYR10C5WPB,1,F,T,Y,R,1,0,C,5,W,P,B,0,T,FORD,RNG,PK,98,17,,1,1175,1116,RNG,G,,,4,153,,,,B,3030,01,E,42,0,0,000000000,00000000000,0,0,0,1,0,0,0,0,0,0,0,999,0,0,0,2,6,2,12,0,0,0,1,22,70764,1,1,0,0,2,0,65,120,0,1,0,0,0,5,2012,5,2012,1,6,0,0,0,1,2,55,3,1,2,2,0,0,14,6,1,4,2,66,1,0
22,220357,2,2,2,17,8,19,25,12,6,1,0,22,1,7,482,7482,31,2012,1C6RD6LT2CS1,1,C,6,R,D,6,L,T,2,C,S,1,0,T,DODG,SL1,CW,12,17,,2,0,1400,RPC,G,,,8,348,,,,B,5273,00,K,42,0,0,000000000,00000000000,0,0,0,1,0,0,0,0,0,0,0,999,0,0,0,12,6,2,12,0,0,0,1,22,70380,6,1,0,0,3,0,70,185,0,0,0,0,1,3,2011,3,2011,0,0,0,0,0,1,2,55,3,1,2,2,0,0,14,62,9,1,1,66,0,0
22,220358,1,1,2,5,8,1,45,34,0,1,0,37,1,41,49,41049,4,2006,JM1FE1730602,J,M,1,F,E,1,7,3,0,6,0,2,0,P,MAZD,RX8,C4,6,17,3029,,0,1064,,G,,F,R,080,,,18R225,,,,,,0,0,000000000,00000000000,0,0,0,1,0,0,0,0,0,0,0,998,0,1,5,1,6,2,42,0,0,0,1,6,95828,6,1,0,0,3,3,68,150,0,0,0,0,0,0,0,0,0,0,36,91,0,0,1,2,35,3,1,2,1,0,0,14,13,1,1,4,1,1,1
22,220359,1,2,2,17,8,19,11,12,6,1,0,22,1,37,31,37031,4,1998,2HGEJ6578WH5,2,H,G,E,J,6,5,7,8,W,H,5,0,P,HOND,UCL,4D,98,17,2375,,0,1032,,G,,F,4,097,,,14R185,,,,,,0,0,000000000,00000000000,0,0,0,1,0,0,0,0,0,0,0,999,0,0,0,62,6,2,30,0,0,0,1,22,70546,6,1,0,0,3,0,76,212,0,0,0,0,0,0,0,0,0,0,38,0,0,0,1,2,35,1,1,2,1,20,3,1,17,1,1,1,89,1,0
22,220359,2,2,1,17,8,19,11,12,6,1,0,22,1,37,32,37032,4,2005,1HGCM56855A0,1,H,G,C,M,5,6,8,5,5,A,0,0,P,HOND,UEX,4D,5,17,3203,,0,1079,,G,,F,4,146,,,16R205,,,,,,0,0,000000000,00000000000,0,0,0,1,0,0,0,0,0,0,0,999,0,0,0,12,4,3,12,0,0,0,1,22,70546,6,1,0,0,3,0,69,170,0,1,0,2,4,8,2009,11,2011,9,0,0,0,0,5,2,35,1,1,1,1,0,0,1,66,6,1,2,88,0,0