STATE,ST_CASE,VEH_NO,VE_FORMS,NUMOCCS,DAY,MONTH,HOUR,MINUTE,HARM_EV,MAN_COLL,UNITTYPE,HIT_RUN,REG_STAT,OWNER,MAKE,MODEL,MAK_MOD,BODY_TYP,MOD_YEAR,VIN,VIN_1,VIN_2,VIN_3,VIN_4,VIN_5,VIN_6,VIN_7,VIN_8,VIN_9,VIN_10,VIN_11,VIN_12,TOW_VEH,VINTYPE,VINMAKE,VINA_MOD,VIN_BT,VINMODYR,VIN_LNGT,VIN_WGT,WGTCD_TR,WHLBS_LG,WHLBS_SH,SER_TR,FUELCODE,MCYCL_DS,CARBUR,CYLINDER,DISPLACE,MCYCL_CY,MCYCL_WT,TIRE_SZE,TON_RAT,TRK_WT,TRKWTVAR,VIN_REST,WHLDRWHL,J_KNIFE,MCARR_I1,MCARR_I2,MCARR_ID,GVWR,V_CONFIG,CARGO_BT,HAZ_INV,HAZ_PLAC,HAZ_ID,HAZ_CNO,HAZ_REL,BUS_USE,SPEC_USE,EMER_USE,TRAV_SP,UNDERIDE,ROLLOVER,ROLINLOC,IMPACT1,DEFORMED,TOWED,M_HARM,VEH_SC1,VEH_SC2,FIRE_EXP,DR_PRES,L_STATE,DR_ZIP,L_STATUS,L_TYPE,CDL_STAT,L_ENDORS,L_COMPL,L_RESTRI,DR_HGT,DR_WGT,PREV_ACC,PREV_SUS,PREV_DWI,PREV_SPD,PREV_OTH,FIRST_MO,FIRST_YR,LAST_MO,LAST_YR,SPEEDREL,DR_SF1,DR_SF2,DR_SF3,DR_SF4,VTRAFWAY,VNUM_LAN,VSPD_LIM,VALIGN,VPROFILE,VPAVETYP,VSURCOND,VTRAFCON,VTCONT_F,P_CRASH1,P_CRASH2,P_CRASH3,PCRASH4,PCRASH5,ACC_TYPE,DEATHS,DR_DRINK
22,220398,1,2,1,2,9,11,50,12,2,1,0,22,1,72,706,72706,80,2001,1HD4CJM161K1,1,H,D,4,C,J,M,1,6,1,K,1,0,M,HD,L8C,RS,1,17,,,,,,,883,,2,,4,489,,,,,,,0,0,000000000,00000000000,0,0,0,1,0,0,0,0,0,0,0,40,0,0,0,12,6,2,12,0,0,0,1,22,71033,6,1,0,0,2,0,65,145,0,1,0,1,1,9,2009,11,2010,0,28,52,0,0,1,2,55,1,1,2,1,0,0,1,10,99,1,2,50,1,0
22,220398,2,2,2,2,9,11,50,12,2,1,0,22,2,20,2,20002,4,2006,2G1WT58K0691,2,G,1,W,T,5,8,K,0,6,9,1,0,P,CHEV,IMT,4D,6,17,3477,,0,1105,,F,,F,6,214,,,16R225,,,,,,0,0,000000000,00000000000,0,0,0,1,0,0,0,0,0,0,0,20,0,0,0,12,6,2,12,0,0,0,1,22,71129,6,1,0,0,3,3,62,135,0,0,0,0,0,0,0,0,0,0,0,0,0,0,1,2,55,1,1,2,1,0,0,1,62,7,1,1,51,0,0
22,220399,1,1,1,2,9,23,49,46,0,1,0,22,1,63,402,63402,14,2013,5XYKT4A15DG3,5,X,Y,K,T,4,A,1,5,D,G,3,0,P,KIA,SOR,UT,13,17,3845,,0,1063,,G,,F,4,144,,,17R235,,,,,,0,0,000000000,00000000000,0,0,0,1,0,0,0,0,0,0,0,999,0,0,0,12,6,2,46,0,0,1,1,22,70065,6,1,0,0,3,0,70,200,0,0,0,1,0,11,2010,11,2010,9,99,99,99,99,2,2,35,1,1,1,1,9,9,15,13,99,1,4,1,1,1
22,220400,1,1,5,3,9,22,29,9,0,1,0,22,1,20,431,20431,16,1996,1GNEC16R4TJ3,1,G,N,E,C,1,6,R,4,T,J,3,0,P,CHEV,C15,UT,96,17,4634,,0,1315,,G,,F,8,350,,,15R235,,,,,,0,0,000000000,00000000000,0,0,0,1,0,0,0,0,0,0,0,998,0,0,0,12,4,1,9,0,0,0,1,22,70767,6,1,6,0,3,0,70,320,0,0,0,0,1,1,2012,1,2012,0,0,0,0,0,5,4,50,1,1,1,1,3,3,1,83,99,1,1,13,0,0
22,220401,1,2,1,6,9,9,30,12,2,1,0,22,1,20,2,20002,4,2004,2G1WF52K6494,2,G,1,W,F,5,2,K,6,4,9,4,0,P,CHEV,IMP,4D,4,17,3389,,0,1105,,G,,F,6,231,,,16R225,,,,,,0,0,000000000,00000000000,0,0,0,1,0,0,0,0,0,0,0,999,0,0,0,12,6,2,12,0,0,0,1,22,70578,6,1,4,0,3,3,68,350,0,0,0,1,0,5,2012,5,2012,0,48,38,0,0,1,2,45,1,1,2,1,0,0,11,15,1,1,1,68,0,0
22,220401,2,2,2,6,9,9,30,12,2,1,0,22,1,73,706,73706,80,2004,JKBVNMA164A0,J,K,B,V,N,M,A,1,6,4,A,0,0,M,KAWK,VN2,RS,4,17,,,,,,,2053,,2,,4,837,,,,,,,0,0,000000000,00000000000,0,0,0,1,0,0,0,0,0,0,0,999,0,0,0,12,6,2,12,0,0,0,1,22,70507,6,1,0,0,3,3,74,180,0,0,0,2,3,6,2010,2,2012,9,99,99,99,99,1,2,45,1,1,2,1,0,0,1,62,7,1,1,69,2,0
22,220402,1,1,1,9,9,19,45,32,0,1,0,22,1,7,482,7482,31,2005,1D7HU18D65S1,1,D,7,H,U,1,8,D,6,5,S,1,0,T,DODG,SQ1,CW,5,17,,2,1605,1405,RPC,G,,,8,348,,,,B,4979,03,E,44,0,0,000000000,00000000000,0,0,0,1,0,0,0,0,0,0,0,999,0,1,5,12,6,2,1,0,0,0,1,22,70067,6,1,0,0,3,0,68,150,0,0,0,0,0,0,0,0,0,9,6,24,0,0,1,2,20,1,1,2,1,28,3,1,13,99,1,4,1,1,0
22,220403,1,1,1,18,9,20,7,8,0,1,0,22,1,20,9,20009,2,1994,2G1FP22S5R22,2,G,1,F,P,2,2,S,5,R,2,2,0,P,CHEV,CAM,CP,94,17,3247,,0,1011,,G,,F,6,207,,,16R215,,,,,,0,0,000000000,00000000000,0,0,0,1,0,0,0,0,0,0,0,999,0,0,0,12,2,1,8,0,0,0,1,22,70006,6,1,0,0,3,0,73,200,0,0,0,0,0,0,0,0,0,9,0,0,0,0,2,3,40,1,1,2,1,0,0,1,80,1,1,1,13,0,0
22,220404,1,2,4,24,9,4,19,12,1,1,0,20,3,7,25,7025,5,2011,1B3CB5HAXBD1,1,B,3,C,B,5,H,A,X,B,D,1,0,P,DODG,CHT,4D,11,17,3012,,0,1037,,G,,F,4,122,,,18R215,,,,,,0,0,000000000,00000000000,0,0,0,1,0,0,0,0,0,0,0,999,0,0,0,12,6,2,12,0,0,0,1,22,70726,1,1,0,0,2,0,70,185,0,1,0,2,2,4,2010,1,2012,9,6,91,0,0,2,2,50,1,5,1,1,29,3,1,51,6,1,2,24,1,0
22,220404,2,2,1,24,9,4,19,12,1,1,0,12,1,12,481,12481,40,1985,2FDJF3716FCB,2,F,D,J,F,3,7,1,6,F,C,B,0,T,FORD,F35,CB,85,17,,2,1610,1370,COF,D,,,8,420,,,,D,3616,03,A,42,0,0,000000000,00000000000,0,0,0,1,0,0,0,0,0,0,0,999,0,0,0,6,4,3,12,0,0,0,1,12,33147,6,1,0,0,3,0,67,999,0,0,0,0,0,0,0,0,0,0,45,0,0,0,2,2,50,1,5,1,1,28,3,1,53,1,1,1,25,0,0
22,220405,1,1,1,27,9,5,20,9,0,1,0,22,1,49,471,49471,30,1992,JT4RN13P2N60,J,T,4,R,N,1,3,P,2,N,6,0,0,T,TOYT,ELD,PC,92,17,,1,0,1215,HTP,G,,,4,144,,,,B,00000,00,A,44,0,0,000000000,00000000000,0,0,0,1,0,0,0,0,0,0,0,10,0,0,0,12,2,1,9,0,0,0,1,22,71373,6,1,0,0,3,0,71,234,0,0,0,0,0,0,0,0,0,0,0,0,0,0,1,2,25,1,1,2,1,3,3,1,83,1,1,1,13,0,0
22,220406,1,1,1,28,9,4,17,23,0,1,0,22,1,53,705,53705,80,2004,JS1GR7JA1421,J,S,1,G,R,7,J,A,1,4,2,1,0,M,SUZI,SRK,RC,4,17,,,,,,,749,,4,,4,465,,,,,,,0,0,000000000,00000000000,0,0,0,1,0,0,0,0,0,0,0,999,0,0,0,62,4,3,23,0,0,0,1,22,70119,6,1,0,0,2,0,70,270,0,0,0,0,0,0,0,0,0,1,99,99,99,99,3,3,60,2,1,1,1,28,3,14,12,99,1,4,6,1,1
22,220407,1,1,1,30,9,5,20,59,0,1,0,22,2,14,443,14443,20,2001,4M2ZV14T11DJ,4,M,2,Z,V,1,4,T,1,1,D,J,0,P,MERC,VLR,SV,1,17,4007,,0,1122,,G,,F,6,201,,,16R225,,,,,,0,0,000000000,00000000000,0,0,0,1,0,0,0,0,0,0,0,70,0,0,0,11,6,2,42,0,0,0,1,22,70611,6,1,0,0,3,0,69,120,0,0,0,0,1,9,2011,9,2011,1,6,0,0,0,1,2,45,1,1,2,2,28,3,1,13,99,1,4,1,1,1
22,220408,1,2,1,3,10,9,29,12,2,1,0,22,1,14,17,14017,4,1998,1MEFM50U2WA6,1,M,E,F,M,5,0,U,2,W,A,6,0,P,MERC,SGL,4D,98,17,3299,,0,1085,,G,,F,6,182,,,15R205,,,,,,0,0,000000000,00000000000,0,0,0,1,0,0,0,0,0,0,0,999,0,0,0,12,6,2,12,0,0,0,1,22,71328,6,1,0,0,3,0,75,175,0,0,0,0,0,0,0,0,0,9,28,0,0,0,5,4,50,1,1,2,1,0,0,6,10,1,1,2,50,1,0
22,220408,2,2,1,3,10,9,29,12,2,1,0,22,1,49,401,49401,14,1999,JT3GN86R6X01,J,T,3,G,N,8,6,R,6,X,0,1,0,P,TOYT,RUN,UT,99,17,3600,,0,1053,,G,,F,6,206,,,15R225,,,,,,0,0,000000000,00000000000,0,0,0,1,0,0,0,0,0,0,0,999,0,0,0,12,6,2,12,0,0,0,1,22,71360,6,1,0,0,3,0,77,268,0,0,0,0,0,0,0,0,0,9,0,0,0,0,5,4,50,1,1,2,1,0,0,1,62,1,1,1,51,1,0
22,220409,1,2,2,7,10,3,54,12,7,1,0,28,1,2,403,2403,14,2000,1J4FA59SXYP7,1,J,4,F,A,5,9,S,X,Y,P,7,0,T,JEEP,SAW,2W,0,17,,1,0,934,W/T,G,,,6,244,,,,,3234,00,U,44,0,0,000000000,00000000000,0,0,0,1,0,0,0,0,0,0,0,998,0,1,3,5,6,2,1,0,0,0,1,28,39503,6,1,0,0,3,0,70,180,0,0,0,0,0,0,0,0,0,9,0,0,0,0,2,3,70,1,1,2,1,0,0,1,60,1,1,1,45,1,0
22,220409,2,2,1,7,10,3,54,12,7,1,1,99,9,99,999,99999,99,9999,999999999999,9,9,9,9,9,9,9,9,9,9,9,9,0,,,,,,,,,,,,,,,,,,,,,,,,,0,0,000000000,00000000000,0,0,0,1,0,0,0,0,0,0,0,999,0,0,0,11,9,1,12,99,99,0,1,99,99999,9,9,99,9,9,9,999,999,99,99,99,99,99,99,9999,99,9999,9,99,99,99,99,2,3,70,1,1,2,1,0,0,15,10,99,1,2,47,0,0
22,220410,1,1,2,7,10,4,15,42,0,1,0,48,2,12,481,12481,31,2007,1FTRX12W77NA,1,F,T,R,X,1,2,W,7,7,N,A,0,T,FORD,F15,4C,7,17,,2,1630,1330,COF,G,,,8,281,,,,B,4979,05,E,42,0,0,000000000,00000000000,0,0,0,1,0,0,0,0,0,0,0,998,0,1,1,1,6,2,42,0,0,0,1,48,77630,6,1,0,0,3,0,999,999,2,0,0,0,0,6,2010,7,2012,9,91,0,0,0,1,2,45,2,1,2,1,0,0,14,13,4,2,4,2,1,1
22,220411,1,2,1,14,10,23,58,12,6,1,0,48,2,20,482,20482,31,2007,3GNEC120X7G2,3,G,N,E,C,1,2,0,X,7,G,2,0,T,CHEV,CAV,CW,7,17,,2,0,1300,AVL,F,,,8,323,,,,B,5539,00,,42,0,0,000000000,00000000000,0,0,0,1,0,0,0,0,0,0,0,999,0,0,0,12,4,3,12,0,0,0,1,48,75022,6,1,0,0,3,0,999,999,0,0,0,1,0,6,2012,6,2012,1,39,0,0,0,1,2,45,1,1,1,1,3,3,1,17,1,1,1,83,0,1
22,220411,2,2,1,14,10,23,58,12,6,1,0,22,3,7,43,7043,4,2006,1B3AL46TX6N2,1,B,3,A,L,4,6,T,X,6,N,2,0,P,DODG,SRX,4D,6,17,3106,,0,1080,,F,,F,6,165,,,16R205,,,,,,0,0,000000000,00000000000,0,0,0,1,0,0,0,0,0,0,0,999,0,0,0,9,6,2,12,0,0,0,1,22,70583,6,1,0,0,3,0,75,176,0,0,0,0,0,0,0,0,0,0,0,0,0,0,5,4,45,1,1,1,1,3,3,11,66,1,1,1,82,1,0
22,220412,1,1,1,6,6,21,10,8,0,1,1,99,9,99,999,99999,99,9999,999999999999,9,9,9,9,9,9,9,9,9,9,9,9,0,,,,,,,,,,,,,,,,,,,,,,,,,0,0,000000000,00000000000,0,0,0,1,0,0,0,0,0,0,0,999,0,0,0,99,9,1,8,0,0,0,1,99,99999,9,9,99,9,9,9,999,999,99,99,99,99,99,99,9999,99,9999,0,0,0,0,0,2,2,45,1,1,1,1,0,0,1,82,99,1,9,16,0,0
22,220413,1,3,1,6,7,16,40,12,6,1,0,22,1,37,31,37031,4,1999,1HGEJ6678XL0,1,H,G,E,J,6,6,7,8,X,L,0,0,P,HOND,UCL,4D,99,17,2456,,0,1032,,G,,F,4,097,,,14R185,,,,,,0,0,000000000,00000000000,0,0,0,1,0,0,0,0,0,0,0,50,0,0,0,10,6,2,12,0,0,0,1,22,70372,6,1,0,0,3,0,70,135,0,0,0,0,1,6,2012,6,2012,0,28,0,0,0,1,2,55,2,1,2,2,40,3,14,10,2,3,2,66,1,0
22,220413,2,3,1,6,7,16,40,12,6,1,0,22,3,82,881,82881,60,2008,4UZAANDU78CA,4,U,Z,A,A,N,D,U,7,8,C,A,0,T,FRHT,MWV,SN,8,17,,4,0,0,CHA,D,,,6,409,,,,,00000,00,,42,0,57,021800,57021800,2,1,1,1,0,0,0,0,0,0,0,40,0,0,0,11,4,3,12,0,0,0,1,22,70390,6,1,6,0,3,0,73,175,0,0,0,0,0,0,0,0,0,0,0,0,0,0,1,2,55,3,1,2,2,0,0,14,62,9,1,1,66,0,0
22,220413,3,3,2,6,7,16,40,12,6,1,0,22,1,13,1,13001,4,1991,1LNCM81W9MY7,1,L,N,C,M,8,1,W,9,M,Y,7,0,P,LINC,EXC,4D,91,17,4035,,0,1174,,G,,F,8,281,,,15R215,,,,,,0,0,000000000,00000000000,0,0,0,1,0,0,0,0,0,0,0,50,0,0,0,12,4,3,12,0,0,0,1,22,70788,6,1,0,0,3,3,69,245,0,0,0,0,0,0,0,0,0,0,0,0,0,0,1,2,55,1,1,2,2,40,3,1,13,9,1,4,98,0,0
22,220414,1,1,1,30,7,23,35,42,0,1,0,22,2,49,32,49032,4,2007,1NXBR32E57Z7,1,N,X,B,R,3,2,E,5,7,Z,7,0,P,TOYT,UCS,4D,7,17,2530,,0,1024,,G,,F,4,109,,,15R185,,,,,,0,0,000000000,00000000000,0,0,0,1,0,0,0,0,0,0,0,70,0,0,0,6,6,2,42,0,0,0,1,22,70001,6,1,0,0,3,0,71,145,0,0,0,1,0,2,2010,2,2010,0,6,24,58,0,2,2,70,1,1,2,1,0,0,1,12,7,3,4,2,1,1
22,220415,1,2,1,3,9,17,50,12,6,1,0,22,2,23,402,23402,14,2012,2GKALUEK1C62,2,G,K,A,L,U,E,K,1,C,6,2,0,T,GMC,TET,4W,12,17,,1,0,1125,TER,F,,,4,146,,,,,3867,00,S,42,0,0,000000000,00000000000,0,0,0,1,0,0,0,0,0,0,0,55,0,0,0,12,6,2,12,0,0,0,1,22,71040,6,1,0,0,3,0,67,101,0,0,0,0,0,0,0,0,0,0,39,0,0,0,1,2,55,1,1,9,1,20,3,1,17,1,1,1,86,1,0
22,220415,2,2,1,3,9,17,50,12,6,1,0,48,3,86,881,86881,66,2012,1M1AW02Y3CM0,1,M,1,A,W,0,2,Y,3,C,M,0,1,T,MACK,CXU,TR,12,17,,8,0,0,600,D,,,6,659,,,,,00000,00,,64,1,57,033094,57033094,3,6,2,1,0,0,0,0,0,0,0,40,0,0,0,3,6,2,12,0,0,0,1,5,71730,6,1,6,0,3,0,71,168,0,0,0,0,0,0,0,0,0,0,0,0,0,0,5,2,55,1,1,2,1,4,3,1,17,1,1,1,87,0,0
22,220416,1,2,1,3,9,18,28,12,6,1,0,22,1,18,2,18002,4,1995,1G4HP52L7SH5,1,G,4,H,P,5,2,L,7,S,H,5,0,P,BUIC,LCF,4D,95,17,3422,,0,1108,,G,,F,6,231,,,15R205,,,,,,0,0,000000000,00000000000,0,0,0,1,0,0,0,0,0,0,0,10,0,0,0,1,6,2,12,0,0,0,1,22,71266,6,1,0,0,3,3,66,170,0,0,0,0,0,0,0,0,0,0,38,0,0,0,1,2,55,1,1,2,1,0,0,11,15,1,1,1,68,1,0
22,220416,2,2,1,3,9,18,28,12,6,1,0,22,1,85,881,85881,66,1995,1XKWDB9X7SS6,1,X,K,W,D,B,9,X,7,S,S,6,1,T,KW,W90,TR,95,17,,8,0,1600,CON,D,,,6,893,,,,,00000,00,,64,1,88,888888888,88888888888,3,6,97,1,0,0,0,0,0,0,0,52,0,0,0,12,2,3,12,0,0,0,1,22,71220,6,1,6,3,3,0,73,220,0,0,0,0,0,0,0,0,0,0,0,0,0,0,1,2,55,1,1,2,1,0,0,1,17,4,1,1,69,0,0
22,220417,1,1,2,4,9,2,11,35,0,1,0,22,2,37,32,37032,4,1995,JHMCD5532SC0,J,H,M,C,D,5,5,3,2,S,C,0,0,P,HOND,ALX,4D,95,17,2809,,0,1069,,G,,F,4,132,,,14R185,,,,,,0,0,000000000,00000000000,0,0,0,1,0,0,0,0,0,0,0,60,0,1,5,1,4,3,1,0,0,0,1,22,70360,6,1,0,0,3,0,70,175,0,0,0,1,0,12,2011,12,2011,1,6,24,0,0,1,2,45,1,1,2,1,0,0,1,12,1,1,4,6,1,1
22,220418,1,2,2,5,9,9,5,12,6,1,0,22,1,12,23,12023,4,2006,3FAFP08Z16R1,3,F,A,F,P,0,8,Z,1,6,R,1,0,P,FORD,F/L,4D,6,17,3101,,0,1074,,G,,F,4,140,,,17R225,,,,,,0,0,000000000,00000000000,0,0,0,1,0,0,0,0,0,0,0,10,0,0,0,9,6,2,12,0,0,0,1,22,70438,6,1,0,0,3,3,70,160,0,0,0,0,0,0,0,0,0,0,48,0,0,0,1,2,55,1,1,2,1,0,0,12,98,1,1,7,98,1,0
22,220418,2,2,2,5,9,9,5,12,6,1,0,22,1,20,481,20481,31,2004,1GCEK19T94E3,1,G,C,E,K,1,9,T,9,4,E,3,1,T,CHEV,SK1,4C,4,17,,2,1575,1435,SIL,G,,,8,325,,,,B,4925,00,,44,1,0,000000000,00000000000,0,0,0,1,0,0,0,0,0,0,0,50,0,0,0,12,4,3,12,0,0,0,1,22,70438,6,1,4,0,3,3,69,175,0,0,0,0,0,0,0,0,0,0,0,0,0,0,1,2,55,1,1,2,1,0,0,1,64,6,1,2,98,0,0
22,220419,1,2,1,5,9,10,52,12,1,1,0,22,1,20,481,20481,31,2004,2GCEK19T1411,2,G,C,E,K,1,9,T,1,4,1,1,0,T,CHEV,SK1,4C,4,17,,2,1575,1435,SIL,G,,,8,325,,,,B,4925,00,,44,0,0,000000000,00000000000,0,0,0,1,0,0,0,0,0,0,0,60,0,0,0,12,6,2,12,0,0,0,1,22,71446,6,1,0,0,3,0,72,235,0,0,0,0,0,0,0,0,0,0,6,0,0,0,2,2,55,1,1,2,1,0,0,1,51,1,1,1,28,0,0
22,220419,2,2,2,5,9,10,52,12,1,1,0,22,2,20,481,20481,31,1993,2GCEC19K3P11,2,G,C,E,C,1,9,K,3,P,1,1,0,T,CHEV,GC1,PC,93,17,,2,1555,1415,GM4,G,,,8,350,,,,B,3998,02,,42,0,0,000000000,00000000000,0,0,0,1,0,0,0,0,0,0,0,15,0,0,0,6,6,2,12,0,0,0,1,22,70373,6,1,6,0,3,3,66,137,0,0,0,0,0,0,0,0,0,0,0,0,0,0,2,2,55,1,1,2,1,0,0,2,53,1,1,1,29,1,0
22,220420,1,2,1,6,9,7,34,12,6,1,0,22,1,37,32,37032,4,2004,1HGCM56374A0,1,H,G,C,M,5,6,3,7,4,A,0,0,P,HOND,ULX,4D,4,17,3113,,0,1079,,G,,F,4,146,,,15R205,,,,,,0,0,000000000,00000000000,0,0,0,1,0,0,0,0,0,0,0,10,0,0,0,4,6,2,8,0,0,0,1,22,70554,6,1,0,0,3,0,64,128,0,0,0,0,0,0,0,0,0,0,0,0,0,0,1,2,35,1,1,2,1,50,2,1,17,1,1,1,87,0,0
22,220420,2,2,1,6,9,7,34,12,6,1,0,22,1,41,402,41402,14,2003,4F2YZ04103KM,4,F,2,Y,Z,0,4,1,0,3,K,M,0,P,MAZD,TRI,UT,3,17,3292,,0,1031,,G,,F,6,181,,,000000,,,,,,0,0,000000000,00000000000,0,0,0,1,0,0,0,0,0,0,0,25,0,0,0,12,4,3,12,0,0,0,1,22,70586,6,1,0,0,3,3,61,115,0,0,0,0,0,0,0,0,0,0,0,0,0,0,1,2,25,1,1,2,1,50,2,1,17,1,1,1,86,0,0
22,220421,1,1,1,6,9,20,10,9,0,1,0,22,1,19,421,19421,15,2009,1GYFC26259R2,1,G,Y,F,C,2,6,2,5,9,R,2,0,P,CADI,ESC,UT,9,17,5750,,0,1300,,F,,F,8,378,,,22R285,,,,,,0,0,000000000,00000000000,0,0,0,1,0,0,0,0,0,0,0,45,0,0,0,12,4,3,9,0,0,0,1,22,70090,6,1,0,0,3,0,74,298,0,0,0,0,0,0,0,0,0,0,0,0,0,0,1,2,45,1,1,2,1,0,0,1,83,1,1,1,13,0,1
22,220422,1,2,2,7,9,14,14,33,0,1,0,22,1,23,401,23401,14,2003,1GKDS13S8323,1,G,K,D,S,1,3,S,8,3,2,3,0,T,GMC,ENV,4W,3,17,,1,0,1130,ENV,G,,,6,256,,,,B,4417,00,E,42,0,0,000000000,00000000000,0,0,0,1,0,0,0,0,0,0,0,65,0,0,0,14,6,2,12,0,0,0,1,22,70068,6,1,0,0,3,0,67,298,0,0,0,0,1,5,2011,5,2011,1,6,24,0,0,2,2,55,1,1,2,1,28,3,1,9,1,4,4,7,1,0
22,220422,2,2,3,7,9,14,14,33,0,1,0,22,3,20,461,20461,21,2007,1GAHG39U0711,1,G,A,H,G,3,9,U,0,7,1,1,0,T,CHEV,E35,ES,7,17,,2,0,1550,EXP,G,,,8,366,,,,D,6330,00,,42,0,0,000000000,00000000000,0,0,0,1,0,0,0,0,0,0,0,55,0,0,0,12,6,2,12,0,0,0,1,35,87901,6,1,0,0,3,0,69,150,98,0,0,0,0,0,0,0,0,0,0,0,0,0,2,2,55,1,1,2,1,28,3,1,62,4,1,1,98,0,0
22,220423,1,3,1,9,9,11,99,1,0,1,0,22,2,12,481,12481,31,2006,1FTRX12W66NB,1,F,T,R,X,1,2,W,6,6,N,B,0,T,FORD,F15,4C,6,17,,2,0,1450,COF,G,,,8,281,,,,B,5065,04,E,42,0,0,000000000,00000000000,0,0,0,1,0,0,0,0,0,0,0,74,0,1,3,0,6,2,12,0,0,0,1,22,70775,6,1,0,0,3,0,69,145,0,0,0,0,0,0,0,0,0,9,6,58,85,0,2,2,65,1,1,2,1,28,3,1,52,6,4,4,7,0,0
22,220423,2,3,1,9,9,11,99,1,0,1,0,22,1,20,24,20024,6,2009,1GNER23D89S1,1,G,N,E,R,2,3,D,8,9,S,1,0,P,CHEV,TRV,UT,9,17,4790,,0,1189,,G,,F,6,220,,,18R255,,,,,,0,0,000000000,00000000000,0,0,0,1,0,0,0,0,0,0,0,65,0,0,0,13,4,3,54,0,0,0,1,22,71373,6,1,0,0,3,3,62,118,0,0,0,0,0,0,0,0,0,0,0,0,0,0,2,2,65,1,1,2,1,28,3,1,98,1,1,1,98,0,0
22,220423,3,3,2,9,9,11,99,1,0,1,0,22,1,14,6,14006,4,1992,2MELM75W8NX7,2,M,E,L,M,7,5,W,8,N,X,7,0,P,MERC,MGL,4D,92,17,3780,,0,1144,,G,,F,8,281,,,15R215,,,,,,0,0,000000000,00000000000,0,0,0,1,0,0,0,0,0,0,0,998,0,0,0,13,6,2,12,0,0,0,1,22,70807,6,1,0,0,3,0,72,200,0,0,0,0,0,0,0,0,0,0,0,0,0,0,2,2,65,1,1,2,1,28,3,1,62,1,1,1,98,2,0
22,220424,1,3,1,11,9,3,8,8,0,1,0,22,1,22,32,22032,6,2003,5Y2SL62803Z4,5,Y,2,S,L,6,2,8,0,3,Z,4,0,P,PONT,VIB,4H,3,17,2700,,0,1024,,G,,F,4,110,,,16R205,,,,,,0,0,000000000,00000000000,0,0,0,1,0,0,0,0,0,0,0,65,0,0,0,12,4,3,8,0,0,0,1,22,71342,6,1,0,0,3,0,69,170,0,0,0,0,0,0,0,0,0,0,0,0,0,0,1,2,65,1,1,2,1,28,3,1,80,1,1,1,13,0,0
22,220424,2,3,1,11,9,3,8,8,0,1,0,22,1,38,471,38471,30,1995,JAACL11L4S72,J,A,A,C,L,1,1,L,4,S,7,2,0,T,ISU,RSB,PK,95,17,,1,0,1056,CON,G,,,4,138,,,,B,00000,00,A,42,0,0,000000000,00000000000,0,0,0,1,0,0,0,0,0,0,0,65,0,0,0,14,0,1,8,0,0,0,1,22,71424,6,1,0,0,3,0,68,190,0,0,0,0,0,0,0,0,0,0,0,0,0,0,1,2,65,1,1,2,1,28,3,1,80,1,1,1,98,0,0
22,220424,3,3,4,11,9,3,8,8,0,1,0,5,1,12,481,12481,31,2001,1FTRX17L11NA,1,F,T,R,X,1,7,L,1,1,N,A,0,T,FORD,F15,4C,1,17,,2,1571,1385,COF,G,,,8,330,,,,B,4204,05,U,42,0,0,000000000,00000000000,0,0,0,1,0,0,0,0,0,0,0,65,0,0,0,14,0,1,8,0,0,0,1,5,72565,6,1,0,0,3,0,73,240,0,0,0,0,0,0,0,0,0,0,0,0,0,0,1,2,65,1,1,2,1,28,3,1,80,1,1,1,98,0,0
22,220425,1,3,1,11,9,7,0,12,1,1,0,22,2,20,481,20481,31,2006,2GCEK13Z1613,2,G,C,E,K,1,3,Z,1,6,1,3,0,T,CHEV,SK1,CW,6,17,,2,0,1435,SIL,F,,,8,323,,,,B,5284,00,,44,0,0,000000000,00000000000,0,0,0,1,0,0,0,0,0,0,0,47,0,0,0,12,6,2,12,35,0,0,1,22,70570,6,1,0,0,3,0,72,150,0,0,0,0,1,4,2012,4,2012,0,6,24,0,0,1,2,55,1,1,2,1,0,0,1,52,3,2,1,24,0,0
22,220425,2,3,2,11,9,7,0,12,1,1,0,22,1,20,403,20403,14,2006,1GNDS13S6621,1,G,N,D,S,1,3,S,6,6,2,1,0,P,CHEV,TRL,UT,6,17,4417,,0,1130,,G,,F,6,256,,,16R235,,,,,,0,0,000000000,00000000000,0,0,0,1,0,0,0,0,0,0,0,10,0,0,0,6,6,2,12,0,0,0,1,22,70520,1,1,0,0,2,3,66,160,0,0,0,0,1,5,2011,5,2011,0,0,0,0,0,1,2,55,1,1,2,1,0,0,2,53,1,1,1,25,1,0
22,220425,3,3,1,11,9,7,0,12,1,1,0,93,3,87,881,87881,66,2012,1XPHD49X8CD1,1,X,P,H,D,4,9,X,8,C,D,1,1,T,PTRB,386,TR,12,17,,8,0,0,CON,D,,,6,915,,,,,00000,00,,64,1,57,091805,57091805,3,6,2,2,2,1203,3,1,0,0,0,55,0,0,0,9,4,3,12,0,0,0,1,22,70506,6,1,6,1,3,0,68,250,0,0,0,0,0,0,0,0,0,0,0,0,0,0,1,2,55,1,1,2,1,0,0,1,62,1,1,1,98,0,0