STATE,ST_CASE,VEH_NO,VE_FORMS,NUMOCCS,DAY,MONTH,HOUR,MINUTE,HARM_EV,MAN_COLL,UNITTYPE,HIT_RUN,REG_STAT,OWNER,MAKE,MODEL,MAK_MOD,BODY_TYP,MOD_YEAR,VIN,VIN_1,VIN_2,VIN_3,VIN_4,VIN_5,VIN_6,VIN_7,VIN_8,VIN_9,VIN_10,VIN_11,VIN_12,TOW_VEH,VINTYPE,VINMAKE,VINA_MOD,VIN_BT,VINMODYR,VIN_LNGT,VIN_WGT,WGTCD_TR,WHLBS_LG,WHLBS_SH,SER_TR,FUELCODE,MCYCL_DS,CARBUR,CYLINDER,DISPLACE,MCYCL_CY,MCYCL_WT,TIRE_SZE,TON_RAT,TRK_WT,TRKWTVAR,VIN_REST,WHLDRWHL,J_KNIFE,MCARR_I1,MCARR_I2,MCARR_ID,GVWR,V_CONFIG,CARGO_BT,HAZ_INV,HAZ_PLAC,HAZ_ID,HAZ_CNO,HAZ_REL,BUS_USE,SPEC_USE,EMER_USE,TRAV_SP,UNDERIDE,ROLLOVER,ROLINLOC,IMPACT1,DEFORMED,TOWED,M_HARM,VEH_SC1,VEH_SC2,FIRE_EXP,DR_PRES,L_STATE,DR_ZIP,L_STATUS,L_TYPE,CDL_STAT,L_ENDORS,L_COMPL,L_RESTRI,DR_HGT,DR_WGT,PREV_ACC,PREV_SUS,PREV_DWI,PREV_SPD,PREV_OTH,FIRST_MO,FIRST_YR,LAST_MO,LAST_YR,SPEEDREL,DR_SF1,DR_SF2,DR_SF3,DR_SF4,VTRAFWAY,VNUM_LAN,VSPD_LIM,VALIGN,VPROFILE,VPAVETYP,VSURCOND,VTRAFCON,VTCONT_F,P_CRASH1,P_CRASH2,P_CRASH3,PCRASH4,PCRASH5,ACC_TYPE,DEATHS,DR_DRINK
22,220426,1,2,1,11,9,15,20,12,1,1,0,22,3,85,881,85881,66,2007,1XKWPBTX97J1,1,X,K,W,P,B,T,X,9,7,J,1,1,T,KW,W90,TR,7,17,,8,2850,1600,CON,D,,,6,893,,,,,00000,00,,,1,57,286600,57286600,3,6,3,1,0,0,0,0,0,0,0,70,0,0,0,12,4,3,12,0,0,0,1,22,70570,6,1,6,0,3,0,72,150,0,0,0,0,1,1,2011,1,2011,1,6,26,0,0,2,2,75,1,1,1,1,0,0,1,51,1,1,1,24,0,0
22,220426,2,2,2,11,9,15,20,12,1,1,0,94,3,3,498,3498,33,1991,NZ1UL5,N,Z,1,U,L,5,,,,,,,1,T,AMGN,,,91,6,,,,,,,,,,,,,,,,,,,1,0,000000000,00000000000,0,0,0,1,0,0,0,0,0,4,0,55,0,1,3,6,6,2,1,42,0,0,1,22,71107,6,1,0,0,3,0,71,180,0,0,0,0,1,4,2012,4,2012,1,0,0,0,0,2,2,75,1,1,1,1,0,0,1,53,1,1,1,25,1,0
22,220427,1,2,2,14,9,4,14,12,1,1,0,22,3,38,898,38898,61,2012,54DB4W1B7CS8,5,4,D,B,4,W,1,B,7,C,S,8,0,T,ISU,NPR,CB,12,17,,3,0,0,NPR,G,,,8,366,,,,,00000,00,,42,0,88,888888888,88888888888,2,1,97,1,0,0,0,0,0,0,0,85,7,0,0,12,6,2,12,0,0,0,1,28,70360,6,1,0,0,3,0,69,160,0,0,0,0,0,0,0,0,0,1,41,36,0,0,2,2,60,1,1,1,1,0,0,1,50,1,1,1,32,2,0
22,220427,2,2,0,14,9,4,14,12,1,1,0,13,6,98,898,98898,63,2007,2FZHCMCV47AY,2,F,Z,H,C,M,C,V,4,7,A,Y,1,T,STRG,LCS,CC,7,17,,8,0,0,STE,D,,,6,782,,,,,00000,00,,64,1,57,438719,57438719,3,4,6,1,0,0,0,0,0,0,0,0,0,0,0,6,4,3,12,0,0,0,0,0,99997,7,6,97,7,6,7,998,997,998,998,998,998,998,98,9998,98,9998,8,0,0,0,0,2,2,60,1,1,1,1,0,0,0,53,0,0,0,32,0,0
22,220428,1,2,4,16,9,14,30,12,2,1,0,22,2,7,442,7442,20,1999,1B4GP45G7XB5,1,B,4,G,P,4,5,G,7,X,B,5,0,P,DODG,CAR,SV,99,17,3768,,0,1133,,F,,F,6,201,,,15R215,,,,,,0,0,000000000,00000000000,0,0,0,1,0,0,0,0,0,0,0,55,0,1,5,12,6,2,12,0,0,0,1,22,71023,6,1,0,0,3,3,72,125,0,0,0,0,0,0,0,0,0,0,28,0,0,0,1,2,55,1,1,2,1,0,0,1,10,1,1,2,50,1,0
22,220428,2,2,4,16,9,14,30,12,2,1,0,22,2,55,35,55035,4,2006,KMHDN46D96U2,K,M,H,D,N,4,6,D,9,6,U,2,0,P,HYUN,GTL,4D,6,17,2784,,0,1027,,G,,F,4,121,,,15R195,,,,,,0,0,000000000,00000000000,0,0,0,1,0,0,0,0,0,0,0,55,0,0,0,12,6,2,12,0,0,0,1,48,79416,0,0,0,0,0,0,999,999,0,0,0,0,0,0,0,0,0,0,0,0,0,0,1,2,55,1,1,2,1,0,0,1,62,1,1,1,51,0,0
22,220429,1,1,2,17,9,6,24,8,0,1,0,22,1,42,42,42042,4,2004,WDBRF40J14A5,W,D,B,R,F,4,0,J,1,4,A,5,0,P,MERZ,C2K,4D,4,17,3250,,0,1069,,G,,Z,4,108,,,17R225,,,,,,0,0,000000000,00000000000,0,0,0,1,0,0,0,0,0,0,0,40,0,0,0,12,2,1,8,0,0,0,1,22,70092,6,1,0,0,3,0,62,120,0,0,0,0,0,0,0,0,0,0,0,0,0,0,1,2,40,1,1,2,2,0,0,1,80,1,1,1,13,0,0
22,220430,1,1,1,17,9,13,0,14,0,1,0,1,3,82,870,82870,61,2009,WDPPF4AC3994,W,D,P,P,F,4,A,C,3,9,9,4,0,T,FRHT,SP3,CB,9,17,,3,0,1700,SPR,D,,,6,183,,,,D,00000,00,E,42,0,57,926150,57926150,2,1,96,1,0,0,0,0,0,0,0,64,0,0,0,11,6,2,14,0,0,0,1,28,39525,6,1,6,0,3,0,70,200,0,0,0,0,0,0,0,0,0,0,91,6,0,0,3,2,70,1,1,2,1,0,0,1,11,7,1,4,98,0,0
22,220431,1,2,1,18,9,15,33,12,6,1,0,22,2,23,481,23481,31,1999,2GTEC19V1X15,2,G,T,E,C,1,9,V,1,X,1,5,0,T,GMC,NC1,3C,99,17,,2,1575,1435,SIE,G,,,8,293,,,,B,3887,00,U,42,0,0,000000000,00000000000,0,0,0,1,0,0,0,0,0,0,0,55,0,0,0,12,6,2,12,0,0,0,1,22,70394,6,1,0,0,3,0,65,146,0,0,0,0,0,0,0,0,0,9,39,0,0,0,1,2,55,1,1,2,1,20,3,1,17,1,1,1,86,0,0
22,220431,2,2,3,18,9,15,33,12,6,1,0,22,1,49,40,49040,4,2000,4T1BG22K4YU0,4,T,1,B,G,2,2,K,4,Y,U,0,0,P,TOYT,UEX,4D,0,17,2998,,0,1051,,G,,F,4,132,,,14R195,,,,,,0,0,000000000,00000000000,0,0,0,1,0,0,0,0,0,0,0,5,0,0,0,3,6,2,12,0,0,0,1,22,70390,6,1,0,0,3,0,68,144,0,0,0,0,0,0,0,0,0,0,0,0,0,0,1,2,55,1,1,2,1,20,3,1,66,1,1,1,87,1,0
22,220432,1,1,1,18,9,20,19,8,0,1,1,22,2,24,2,24002,2,1999,1G8ZF1280XZ1,1,G,8,Z,F,1,2,8,0,X,Z,1,0,P,STRN,SC1,CP,99,17,2350,,0,1024,,G,,F,4,116,,,14R175,,,,,,0,0,000000000,00000000000,0,0,0,1,0,0,0,0,0,0,0,35,0,0,0,12,2,1,8,0,0,0,1,22,70121,1,1,0,0,2,0,65,150,0,3,0,0,0,6,2011,3,2012,9,91,0,0,0,2,3,35,1,1,2,1,0,0,1,80,1,1,1,13,0,0
22,220433,1,2,1,20,9,3,0,12,1,1,0,5,3,12,880,12880,67,2001,1FTWW32F11EC,1,F,T,W,W,3,2,F,1,1,E,C,1,T,FORD,F3D,CW,1,17,,3,1720,1560,DRW,D,,,8,444,,,,D,5952,08,E,42,1,57,1658576,571658576,2,4,3,1,0,0,0,0,0,0,0,65,0,0,0,12,6,2,12,0,0,0,1,5,72223,6,1,6,0,3,3,70,240,0,0,0,0,1,2,2012,2,2012,1,6,0,0,0,2,2,65,1,1,1,1,0,0,1,50,7,1,1,20,1,0
22,220433,2,2,1,20,9,3,0,12,1,1,0,39,3,85,881,85881,66,2001,1XKDDR9X31J8,1,X,K,D,D,R,9,X,3,1,J,8,1,T,KW,T80,TR,1,17,,8,2600,1600,CON,D,,,6,774,,,,,00000,00,,64,1,57,103999,57103999,3,6,1,2,8,8888,88,1,0,0,0,0,0,0,0,6,4,3,12,0,0,0,1,48,78753,6,1,6,0,3,3,999,999,0,0,0,0,0,0,0,0,0,0,0,0,0,0,2,2,65,1,1,1,1,65,3,5,53,1,1,1,21,0,0
22,220434,1,1,1,25,9,13,3,35,0,1,0,22,1,20,471,20471,30,2000,1GCEC14W8YZ1,1,G,C,E,C,1,4,W,8,Y,Z,1,0,T,CHEV,SC1,PK,0,17,,2,1330,1190,SIL,G,,,6,262,,,,B,3923,02,,42,0,0,000000000,00000000000,0,0,0,1,0,0,0,0,0,0,0,70,0,0,0,12,6,2,35,0,0,0,1,22,71457,6,1,0,0,3,0,66,180,0,0,0,0,1,11,2009,11,2009,1,58,6,0,0,1,2,55,3,1,2,1,0,0,14,13,6,4,4,7,1,0
22,220435,1,1,1,27,9,7,25,35,0,1,0,22,1,49,43,49043,4,1999,4T1BF18B7XU3,4,T,1,B,F,1,8,B,7,X,U,3,0,P,TOYT,UVS,4D,99,17,3340,,0,1071,,G,,F,6,183,,,15R205,,,,,,0,0,000000000,00000000000,0,0,0,1,0,0,0,0,0,0,0,45,0,1,5,12,6,2,1,0,0,0,1,22,70570,6,1,0,0,3,0,70,240,0,0,0,0,0,0,0,0,0,9,6,0,0,0,1,2,55,3,2,2,1,40,3,14,13,1,1,4,1,1,0
22,220436,1,1,1,27,9,22,25,1,0,1,0,22,3,86,881,86881,63,1995,VG6BA09B4SB7,V,G,6,B,A,0,9,B,4,S,B,7,1,T,MACK,CS3,CC,95,17,,7,2460,1560,300,D,,,6,377,,,,,00000,00,,42,1,57,223878,57223878,3,4,2,2,2,1075,2,1,0,0,0,55,0,2,1,0,4,3,1,0,0,0,1,22,71334,6,1,6,1,3,0,69,180,0,0,0,0,0,0,0,0,0,9,6,58,0,0,1,2,55,2,1,2,1,28,3,14,12,7,4,6,98,1,0
22,220437,1,3,1,28,9,6,34,12,2,1,0,22,1,20,404,20404,14,2006,2CNDL13F3661,2,C,N,D,L,1,3,F,3,6,6,1,0,P,CHEV,EQU,UT,6,17,3660,,0,1125,,G,,F,6,207,,,16R235,,,,,,0,0,000000000,00000000000,0,0,0,1,0,0,0,0,0,0,0,50,0,0,0,12,6,2,12,0,0,0,1,22,70737,1,1,0,0,2,0,75,225,0,1,1,1,1,11,2010,2,2012,9,33,24,91,0,1,2,45,3,1,2,1,28,3,6,10,1,1,2,50,0,1
22,220437,2,3,1,28,9,6,34,12,2,1,0,22,3,86,881,86881,63,2012,1M2AX13C0CM0,1,M,2,A,X,1,3,C,0,C,M,0,0,T,MACK,GU8,CC,12,17,,8,0,0,800,D,,,6,659,,,,,00000,00,,64,0,88,888888888,88888888888,3,2,5,1,0,0,0,0,0,0,0,45,0,1,1,12,6,2,12,0,0,0,1,22,70769,6,1,6,0,3,3,72,250,0,0,0,0,0,0,0,0,0,0,0,0,0,0,1,2,45,2,1,2,1,28,3,14,62,4,1,1,51,0,0
22,220437,3,3,1,28,9,6,34,12,2,1,0,22,3,13,14,13014,6,2013,2LMDJ6JK8DBL,2,L,M,D,J,6,J,K,8,D,B,L,0,P,LINC,MKX,UT,13,17,4251,,0,1112,,G,,F,6,226,,,18R245,,,,,,0,0,000000000,00000000000,0,0,0,1,0,0,0,0,0,0,0,35,0,0,0,62,6,2,12,0,0,0,1,22,70769,6,1,0,0,3,3,60,110,0,0,0,0,0,0,0,0,0,0,0,0,0,0,1,2,45,3,1,2,1,28,3,14,62,1,1,1,98,1,0
22,220438,1,2,2,28,9,15,27,12,6,1,0,22,2,22,16,22016,2,2003,1G2JB12F1372,1,G,2,J,B,1,2,F,1,3,7,2,0,P,PONT,SFR,CP,3,17,2771,,0,1041,,G,,F,4,134,,,14R195,,,,,,0,0,000000000,00000000000,0,0,0,1,0,0,0,0,0,0,0,15,0,0,0,63,6,2,12,0,0,0,1,22,71263,6,2,0,0,3,3,64,125,0,0,0,0,0,0,0,0,0,0,38,24,0,0,1,2,55,1,1,2,1,20,3,1,17,1,1,1,89,1,0
22,220438,2,2,1,28,9,15,27,12,6,1,0,93,3,87,881,87881,66,2008,1XPXD49X58D7,1,X,P,X,D,4,9,X,5,8,D,7,1,T,PTRB,389,TR,8,17,,8,0,0,CON,D,,,6,915,,,,,00000,00,,64,1,57,2061323,572061323,3,6,8,1,0,0,0,0,0,0,0,55,0,0,0,12,2,1,12,0,0,0,1,22,70555,6,1,6,0,3,0,76,240,0,0,0,2,1,12,2009,9,2012,9,0,0,0,0,1,2,55,1,1,2,1,0,0,1,66,6,1,2,88,0,0
22,220439,1,1,3,28,9,18,10,34,0,1,0,22,2,12,5,12005,2,1978,8A30H281534,8,A,3,0,H,2,8,1,5,3,4,,0,P,FORD,LII,2T,78,11,3967,,1180,1140,,G,,2,8,351,,,14HR78,,,,,,0,0,000000000,00000000000,0,0,0,1,0,0,0,0,0,0,0,75,0,1,5,14,6,2,1,0,0,0,1,22,70346,0,0,0,0,0,0,999,999,99,99,99,99,99,99,9999,99,9999,1,24,0,0,0,1,2,55,1,1,2,2,28,3,1,13,1,1,4,1,2,1
22,220440,1,1,1,29,9,20,35,8,0,1,0,93,3,82,881,82881,66,2005,1FUJA6AV65LN,1,F,U,J,A,6,A,V,6,5,L,N,1,T,FRHT,COL,TR,5,17,,8,0,0,CON,D,,,6,893,,,,,00000,00,,64,1,57,052767,57052767,3,6,3,2,2,8888,2,1,0,0,0,65,0,0,0,12,2,1,8,0,0,0,1,22,70344,6,1,99,3,9,9,66,145,0,0,0,1,0,1,2012,1,2012,0,0,0,0,0,2,2,65,1,1,1,1,0,0,1,80,8,2,1,13,0,0
22,220441,1,1,1,3,10,10,5,43,0,1,0,22,1,19,3,19003,4,2004,1G6KE57Y84U2,1,G,6,K,E,5,7,Y,8,4,U,2,0,P,CADI,DHS,4D,4,17,4049,,0,1153,,G,,F,8,279,,,16R225,,,,,,0,0,000000000,00000000000,0,0,0,1,0,0,0,0,0,0,0,73,0,1,2,12,6,2,42,0,0,0,1,22,71104,6,1,0,0,3,3,73,160,0,0,0,1,0,2,2010,2,2010,1,6,0,0,0,1,2,55,1,1,2,1,0,0,1,12,1,1,4,6,1,0
22,220442,1,1,1,13,10,20,0,42,0,1,0,22,2,7,482,7482,31,2006,1D7KS28C16J1,1,D,7,K,S,2,8,C,1,6,J,1,0,T,DODG,SQ2,CW,6,17,,2,1605,1405,RPC,D,,,6,359,,,,C,6218,01,E,44,0,0,000000000,00000000000,0,0,0,1,0,0,0,0,0,0,0,60,0,1,6,12,6,2,1,0,0,1,1,22,71260,6,1,6,0,3,0,71,190,0,0,0,1,0,7,2010,7,2010,1,6,24,39,0,1,2,35,1,1,5,1,0,0,1,14,99,1,4,14,1,1
22,220443,1,1,1,14,10,22,15,9,0,1,1,22,2,21,21,21021,4,1998,1G3NL52M3WM3,1,G,3,N,L,5,2,M,3,W,M,3,0,P,OLDS,ASL,4D,98,17,2917,,0,1034,,G,,F,6,191,,,15R195,,,,,,0,0,000000000,00000000000,0,0,0,1,0,0,0,0,0,0,0,55,0,0,0,12,2,1,9,0,0,0,1,22,70443,0,0,0,0,0,0,999,999,99,99,99,99,99,99,9999,99,9999,9,35,0,0,0,1,2,55,1,1,2,1,0,0,6,84,1,1,4,13,0,0
22,220444,1,1,1,20,10,1,0,52,0,1,0,22,1,37,706,37706,80,2001,1HFSC18191A5,1,H,F,S,C,1,8,1,9,1,A,5,0,M,HOND,VT1,RS,1,17,,,,,,,1099,,2,,4,554,,,,,,,0,0,000000000,00000000000,0,0,0,1,0,0,0,0,0,0,0,999,0,0,0,12,4,3,52,0,0,0,1,22,70611,6,1,0,0,3,0,68,165,0,0,0,0,0,0,0,0,0,1,33,0,0,0,1,2,50,2,1,2,1,40,3,6,54,12,1,4,9,1,1
22,220445,1,3,1,1,10,1,11,12,6,1,0,22,1,12,481,12481,31,1998,1FTZF1726WKB,1,F,T,Z,F,1,7,2,6,W,K,B,0,T,FORD,F15,PK,98,17,,1,1390,1200,COF,G,,,6,256,,,,B,3800,02,E,42,0,0,000000000,00000000000,0,0,0,1,0,0,0,0,0,0,0,61,0,1,5,83,4,3,1,0,0,0,1,22,70065,6,1,0,0,3,0,73,200,0,1,0,0,2,5,2011,9,2012,1,6,58,0,0,2,3,40,1,1,2,1,28,3,1,13,8,3,2,66,1,0
22,220445,2,3,1,1,10,1,11,12,6,1,0,27,1,6,43,6043,2,2009,1C3LC55DX9N5,1,C,3,L,C,5,5,D,X,9,N,5,0,P,CHRY,STO,CV,9,17,3847,,0,1089,,G,,F,6,165,,,17R215,,,,,,0,0,000000000,00000000000,0,0,0,1,0,0,0,0,0,0,0,42,0,0,0,12,6,2,12,0,0,0,1,27,70116,6,1,0,0,3,3,70,180,0,0,0,0,0,0,0,0,0,0,0,0,0,0,2,3,40,1,1,2,1,28,3,2,62,1,1,1,66,0,0
22,220445,3,3,1,1,10,1,11,12,6,1,0,22,1,41,51,41051,4,2008,JM1BK12F8817,J,M,1,B,K,1,2,F,8,8,1,7,0,P,MAZD,M3I,4D,8,17,2780,,0,1039,,G,,F,4,122,,,15R195,,,,,,0,0,000000000,00000000000,0,0,0,1,0,0,0,0,0,0,0,40,0,0,0,63,6,2,12,0,0,0,1,22,70002,6,1,0,0,3,3,62,140,0,0,0,0,0,0,0,0,0,0,24,0,0,0,2,3,40,1,1,2,1,28,3,1,62,1,1,1,98,0,0
22,220446,1,1,1,3,10,8,16,8,0,1,0,93,3,51,881,51881,66,2005,4V4MC9GH55N3,4,V,4,M,C,9,G,H,5,5,N,3,1,T,VOLV,VNM,TR,5,17,,8,0,0,VVN,D,,,6,732,,,,,00000,00,,64,1,57,029124,57029124,3,6,1,1,0,0,0,0,0,0,0,70,0,0,0,12,2,1,8,0,0,0,1,22,70607,6,1,6,0,3,0,70,220,0,0,0,0,0,0,0,0,0,0,0,0,0,0,2,2,70,1,1,2,1,0,0,1,80,8,2,2,13,0,0
22,220447,1,1,1,6,10,99,99,35,0,1,0,22,1,23,481,23481,31,1998,2GTEC19R0W15,2,G,T,E,C,1,9,R,0,W,1,5,0,T,GMC,SC1,PC,98,17,,2,1555,1415,SIE,G,,,8,350,,,,B,4160,02,U,42,0,0,000000000,00000000000,0,0,0,1,0,0,0,0,0,0,0,87,0,1,5,12,6,2,1,0,0,0,1,22,70769,6,1,0,0,3,0,73,290,0,0,0,0,2,11,2010,7,2012,1,24,58,0,0,1,2,45,1,1,2,1,0,0,1,6,7,3,4,2,1,1
22,220448,1,1,2,6,10,6,55,14,0,1,0,22,2,35,47,35047,2,2011,1N4AL2EP3BC1,1,N,4,A,L,2,E,P,3,B,C,1,0,P,NISS,A5S,CP,11,17,3081,,0,1053,,G,,F,4,153,,,17R215,,,,,,0,0,000000000,00000000000,0,0,0,1,0,0,0,0,0,0,0,60,0,0,0,12,6,2,8,0,0,0,1,22,70039,6,1,0,0,3,0,66,195,0,0,2,0,0,5,2012,6,2012,9,6,91,0,0,2,2,70,1,1,1,1,0,0,1,13,1,1,4,11,0,0
22,220449,1,2,1,10,10,16,14,12,2,1,0,22,2,42,31,42031,4,1995,WDBEA32E1SC2,W,D,B,E,A,3,2,E,1,S,C,2,0,P,MERZ,E3S,4D,95,17,3415,,0,1102,,G,,F,6,195,,,15R195,,,,,,0,0,000000000,00000000000,0,0,0,1,0,0,0,0,0,0,0,96,0,1,5,12,6,2,12,0,0,0,1,22,70380,1,1,0,0,2,0,69,235,0,3,0,0,0,4,2011,8,2012,1,24,36,0,0,1,2,35,1,1,1,1,0,0,1,17,1,1,1,83,1,0
22,220449,2,2,1,10,10,16,14,12,2,1,0,22,1,35,47,35047,4,2009,1N4AL21E59N5,1,N,4,A,L,2,1,E,5,9,N,5,0,P,NISS,ATS,4D,9,17,3179,,0,1093,,G,,F,4,153,,,16R215,,,,,,0,0,000000000,00000000000,0,0,0,1,0,0,0,0,0,0,0,15,0,0,0,12,6,2,12,0,0,0,1,22,70380,6,1,0,0,3,0,65,180,0,0,0,0,0,0,0,0,0,0,24,38,0,0,1,2,30,1,1,1,1,20,3,11,15,6,1,2,82,0,0
22,220450,1,2,3,6,10,1,19,12,7,1,0,22,2,38,402,38402,14,2001,4S2CK58W6143,4,S,2,C,K,5,8,W,6,1,4,3,0,P,ISU,ROD,UT,1,17,3856,,0,1064,,G,,F,6,195,,,16R245,,,,,,0,0,000000000,00000000000,0,0,0,1,0,0,0,0,0,0,0,65,0,1,5,5,6,2,12,0,0,0,1,22,71418,6,1,0,0,3,0,73,158,0,0,0,0,0,0,0,0,0,1,24,33,91,0,1,2,55,1,3,2,1,0,0,15,11,1,1,2,46,1,1
22,220450,2,2,1,6,10,1,19,12,7,1,0,22,1,23,481,23481,31,2011,1GT125C82BF2,1,G,T,1,2,5,C,8,2,B,F,2,0,T,GMC,2KD,CW,11,17,,2,0,1537,SIE,D,,,8,403,,,,C,6562,00,U,44,0,0,000000000,00000000000,0,0,0,1,0,0,0,0,0,0,0,55,0,0,0,11,2,1,12,0,0,0,1,22,71418,1,1,0,0,2,0,68,150,0,0,0,1,0,9,2010,9,2010,0,0,0,0,0,1,2,55,1,3,2,1,0,0,1,60,1,1,1,45,0,1
22,220451,1,1,1,16,10,3,21,1,0,1,0,22,1,12,481,12481,31,2005,1FTPW14505KF,1,F,T,P,W,1,4,5,0,5,K,F,0,T,FORD,F1S,CW,5,17,,2,1450,1260,COF,G,,,8,330,,,,B,5577,00,U,44,0,0,000000000,00000000000,0,0,0,1,0,0,0,0,0,0,0,55,0,1,2,0,6,2,1,0,0,0,1,22,70526,6,1,0,0,3,0,70,147,0,0,0,0,0,0,0,0,0,9,24,0,0,0,1,2,55,1,1,2,1,0,0,1,13,6,4,4,7,1,1
22,220452,1,1,1,30,10,5,30,8,0,1,0,22,1,37,402,37402,14,2007,JHLRE38317C0,J,H,L,R,E,3,8,3,1,7,C,0,0,P,HOND,CRV,UT,7,17,3389,,0,1031,,G,,F,4,146,,,17R225,,,,,,0,0,000000000,00000000000,0,0,0,1,0,0,0,0,0,0,0,55,0,0,0,12,2,1,8,0,0,0,1,22,71446,6,1,0,0,3,3,61,140,0,0,0,0,0,0,0,0,0,0,0,0,0,0,1,2,55,1,1,2,1,0,0,1,80,1,1,1,13,0,0
22,220453,1,1,1,1,10,0,19,42,0,1,0,48,1,20,481,20481,31,1996,1GCHC39F2TE1,1,G,C,H,C,3,9,F,2,T,E,1,1,T,CHEV,GC3,PC,96,17,,2,0,1555,GM4,D,,,8,397,,,,D,5250,00,,42,1,0,000000000,00000000000,0,0,0,1,0,0,0,0,0,0,0,55,0,0,0,61,6,2,42,0,0,0,1,48,78727,1,1,0,0,2,0,999,999,0,5,0,1,0,1,2011,8,2012,0,99,99,99,99,1,2,55,1,1,2,2,0,0,1,12,1,1,4,6,1,0
22,220454,1,1,1,2,10,20,55,32,0,1,0,22,1,53,705,53705,80,2007,JS1GN7DA5721,J,S,1,G,N,7,D,A,5,7,2,1,0,M,SUZI,G60,RC,7,17,,,,,,,599,,4,,4,354,,,,,,,0,0,000000000,00000000000,0,0,0,1,0,0,0,0,0,0,0,998,0,0,0,12,6,2,32,0,0,0,1,22,70817,6,1,0,0,2,0,70,160,0,0,0,1,1,5,2011,5,2011,9,6,0,0,0,1,2,45,3,1,2,1,28,3,14,13,1,1,4,1,1,0
22,220455,1,2,1,3,10,11,40,12,6,1,0,22,1,49,51,49051,4,2009,JTDBT9033913,J,T,D,B,T,9,0,3,3,9,1,3,0,P,TOYT,YAR,4D,9,17,2288,,0,1004,,G,,F,4,091,,,14R175,,,,,,0,0,000000000,00000000000,0,0,0,1,0,0,0,0,0,0,0,67,0,0,0,10,6,2,12,0,0,0,1,22,70510,6,1,0,0,3,0,67,210,0,0,0,0,0,0,0,0,0,1,58,0,0,0,1,2,55,1,1,2,1,0,0,1,6,1,3,2,66,1,0
22,220455,2,2,2,3,10,11,40,12,6,1,0,22,1,12,481,12481,31,2002,1FTSX31F72EC,1,F,T,S,X,3,1,F,7,2,E,C,1,T,FORD,F3S,4C,2,17,,2,1580,1418,SRW,D,,,8,444,,,,D,5943,05,U,44,1,0,000000000,00000000000,0,0,0,1,0,0,0,0,0,0,0,40,0,0,0,12,6,2,12,0,0,0,1,22,70736,6,1,0,0,3,0,75,300,0,0,0,0,0,0,0,0,0,0,0,0,0,0,1,2,55,1,1,2,1,0,0,1,62,4,1,1,66,0,0
22,220456,1,1,1,13,10,14,51,1,0,1,0,22,2,20,431,20431,16,1996,1GNEC16R5TJ3,1,G,N,E,C,1,6,R,5,T,J,3,0,P,CHEV,C15,UT,96,17,4634,,0,1315,,G,,F,8,350,,,15R235,,,,,,0,0,000000000,00000000000,0,0,0,1,0,0,0,0,0,0,0,70,0,1,1,0,6,2,1,0,0,0,1,22,71108,1,1,0,0,2,0,64,140,0,1,2,0,0,9,2010,4,2012,1,6,58,24,0,1,2,55,3,2,2,1,40,3,14,6,6,3,6,98,1,1
22,220457,1,1,3,6,10,2,15,35,0,1,0,22,2,7,43,7043,4,1998,1B3EJ46X5WN2,1,B,3,E,J,4,6,X,5,W,N,2,0,P,DODG,STR,4D,98,17,2837,,0,1080,,G,,F,4,148,,,14R195,,,,,,0,0,000000000,00000000000,0,0,0,1,0,0,0,0,0,0,0,90,0,1,5,62,6,2,1,0,0,0,1,22,70094,1,1,0,0,2,0,68,135,0,0,0,0,0,0,0,0,0,1,36,27,58,37,2,2,65,1,1,2,1,28,3,1,6,7,3,4,2,2,0
22,220458,1,1,1,8,10,5,5,8,0,1,0,22,1,30,40,30040,4,2006,3VWST71K56M6,3,V,W,S,T,7,1,K,5,6,M,6,0,P,VOLK,JD1,4D,6,17,3085,,0,1015,,D,,T,4,116,,,16R205,,,,,,0,0,000000000,00000000000,0,0,0,1,0,0,0,0,0,0,0,68,0,0,0,12,4,3,8,0,0,0,1,22,71403,6,1,0,0,3,0,62,120,0,0,0,0,0,0,0,0,0,0,0,0,0,0,2,2,65,1,1,2,1,0,0,1,80,6,1,1,13,0,0
22,220459,1,2,2,11,10,12,20,12,6,1,0,22,1,14,6,14006,4,2008,2MEFM75V58X6,2,M,E,F,M,7,5,V,5,8,X,6,0,P,MERC,MGL,4D,8,17,4117,,0,1146,,F,,F,8,281,,,16R225,,,,,,0,0,000000000,00000000000,0,0,0,1,0,0,0,0,0,0,0,5,0,0,0,10,6,2,12,0,0,0,1,22,70510,6,1,0,0,3,3,71,190,0,0,0,0,0,0,0,0,0,0,38,0,0,0,1,2,25,1,1,2,1,20,3,11,15,1,1,1,82,1,0
22,220459,2,2,1,11,10,12,20,12,6,1,0,22,3,7,24,7024,4,2012,2C3CDXAT4CH3,2,C,3,C,D,X,A,T,4,C,H,3,0,P,DODG,CPO,4D,12,17,3961,,0,1200,,G,,F,8,348,,,18R225,,,,,,0,0,000000000,00000000000,0,0,0,1,0,0,0,0,0,5,1,90,0,0,0,12,6,2,12,0,0,0,1,22,70570,6,1,0,0,3,0,69,180,0,0,0,2,0,2,2010,4,2011,1,16,0,0,0,5,4,40,1,1,2,1,0,0,1,17,8,1,2,83,0,0
22,220460,1,1,1,11,10,15,30,1,0,1,0,22,1,23,481,23481,31,2003,1GTEC14T23Z2,1,G,T,E,C,1,4,T,2,3,Z,2,0,T,GMC,NC1,PK,3,17,,2,1330,1190,SIE,G,,,8,325,,,,B,4073,01,4,42,0,0,000000000,00000000000,0,0,0,1,0,0,0,0,0,0,0,998,0,1,5,0,4,3,1,0,0,0,1,22,70403,6,1,0,0,3,3,75,300,0,0,0,0,0,0,0,0,0,1,24,0,0,0,6,1,70,2,1,2,1,0,0,14,12,7,3,4,2,1,0