STATE,ST_CASE,VEH_NO,VE_FORMS,NUMOCCS,DAY,MONTH,HOUR,MINUTE,HARM_EV,MAN_COLL,UNITTYPE,HIT_RUN,REG_STAT,OWNER,MAKE,MODEL,MAK_MOD,BODY_TYP,MOD_YEAR,VIN,VIN_1,VIN_2,VIN_3,VIN_4,VIN_5,VIN_6,VIN_7,VIN_8,VIN_9,VIN_10,VIN_11,VIN_12,TOW_VEH,VINTYPE,VINMAKE,VINA_MOD,VIN_BT,VINMODYR,VIN_LNGT,VIN_WGT,WGTCD_TR,WHLBS_LG,WHLBS_SH,SER_TR,FUELCODE,MCYCL_DS,CARBUR,CYLINDER,DISPLACE,MCYCL_CY,MCYCL_WT,TIRE_SZE,TON_RAT,TRK_WT,TRKWTVAR,VIN_REST,WHLDRWHL,J_KNIFE,MCARR_I1,MCARR_I2,MCARR_ID,GVWR,V_CONFIG,CARGO_BT,HAZ_INV,HAZ_PLAC,HAZ_ID,HAZ_CNO,HAZ_REL,BUS_USE,SPEC_USE,EMER_USE,TRAV_SP,UNDERIDE,ROLLOVER,ROLINLOC,IMPACT1,DEFORMED,TOWED,M_HARM,VEH_SC1,VEH_SC2,FIRE_EXP,DR_PRES,L_STATE,DR_ZIP,L_STATUS,L_TYPE,CDL_STAT,L_ENDORS,L_COMPL,L_RESTRI,DR_HGT,DR_WGT,PREV_ACC,PREV_SUS,PREV_DWI,PREV_SPD,PREV_OTH,FIRST_MO,FIRST_YR,LAST_MO,LAST_YR,SPEEDREL,DR_SF1,DR_SF2,DR_SF3,DR_SF4,VTRAFWAY,VNUM_LAN,VSPD_LIM,VALIGN,VPROFILE,VPAVETYP,VSURCOND,VTRAFCON,VTCONT_F,P_CRASH1,P_CRASH2,P_CRASH3,PCRASH4,PCRASH5,ACC_TYPE,DEATHS,DR_DRINK
22,220529,2,2,1,9,11,15,55,1,0,1,0,22,1,73,705,73705,80,2012,JKAEXEE19CDA,J,K,A,E,X,E,E,1,9,C,D,A,0,M,KAWK,E6E,RC,12,17,,,,,,,649,,2,,4,460,,,,,,,0,0,000000000,00000000000,0,0,0,1,0,0,0,0,0,0,0,55,0,0,0,0,6,2,12,0,0,0,1,22,70769,6,1,0,0,3,3,73,150,0,0,0,0,0,0,0,0,0,0,0,0,0,0,2,2,55,1,1,2,1,0,0,1,71,3,2,1,98,1,0
22,220530,1,1,1,9,11,22,19,1,0,1,0,22,1,20,481,20481,31,2004,1GCEC19T94Z3,1,G,C,E,C,1,9,T,9,4,Z,3,0,T,CHEV,SC1,4C,4,17,,2,1575,1435,SIL,G,,,8,325,,,,B,4555,00,,42,0,0,000000000,00000000000,0,0,0,1,0,0,0,0,0,0,0,75,0,1,1,0,6,2,1,0,0,0,1,22,71450,6,1,0,0,3,3,71,215,0,1,0,0,1,4,2010,4,2010,9,99,99,99,99,2,2,75,1,1,2,1,0,0,1,13,6,4,6,98,1,1
22,220531,1,1,1,10,11,22,30,9,0,1,1,22,1,24,7,24007,4,2004,1G8AZ52F74Z1,1,G,8,A,Z,5,2,F,7,4,Z,1,0,P,STRN,SI2,4D,4,17,2741,,0,1032,,G,,F,4,134,,,15R195,,,,,,0,0,000000000,00000000000,0,0,0,1,0,0,0,0,0,0,0,45,0,0,0,1,4,1,9,0,0,0,1,22,70401,6,1,0,0,3,0,68,180,0,0,0,0,1,1,2010,1,2010,0,91,0,0,0,1,2,45,1,1,2,1,0,0,1,83,1,1,1,13,0,0
22,220532,1,2,1,10,11,7,51,12,6,1,1,99,9,99,999,99999,99,9999,999999999999,9,9,9,9,9,9,9,9,9,9,9,9,0,,,,,,,,,,,,,,,,,,,,,,,,,0,0,000000000,00000000000,0,0,0,1,0,0,0,0,0,0,0,0,0,0,0,11,9,1,12,0,0,0,1,99,99999,9,9,99,9,9,9,999,999,99,99,99,99,99,99,9999,99,9999,0,99,99,99,99,1,2,45,1,1,2,1,0,0,11,15,99,1,2,68,0,0
22,220532,2,2,1,10,11,7,51,12,6,1,0,22,1,76,705,76705,80,2003,JYAVM01E23A0,J,Y,A,V,M,0,1,E,2,3,A,0,0,M,YAMA,V6A,RS,3,17,,,,,,,649,,2,,4,505,,,,,,,0,0,000000000,00000000000,0,0,0,1,0,0,0,0,0,0,0,45,0,0,0,11,4,3,12,0,0,0,1,22,70816,6,1,0,0,3,1,70,205,0,0,0,0,0,0,0,0,0,0,84,0,0,0,1,2,45,1,1,2,1,0,0,1,62,3,4,1,69,1,0
22,220533,1,2,1,10,11,10,20,12,2,1,0,22,1,20,481,20481,31,2004,2GCEC19T7411,2,G,C,E,C,1,9,T,7,4,1,1,0,T,CHEV,SC1,4C,4,17,,2,1575,1435,SIL,G,,,8,325,,,,B,4555,00,,42,0,0,000000000,00000000000,0,0,0,1,0,0,0,0,0,0,0,55,0,1,5,12,6,2,12,0,0,0,1,22,70444,6,1,0,0,3,3,67,240,0,0,0,1,0,6,2012,6,2012,0,6,58,28,0,1,2,55,3,1,2,1,40,3,14,13,6,4,6,50,0,1
22,220533,2,2,1,10,11,10,20,12,2,1,0,22,1,99,709,99709,82,2012,2BXJBRC18CV0,2,B,X,J,B,R,C,1,8,C,V,0,0,U,,,,12,17,,,,,,,,,,,,,,,,,,,0,0,000000000,00000000000,0,0,0,1,0,0,0,0,0,0,0,55,0,0,0,12,6,2,12,0,0,1,1,22,70444,6,1,0,0,3,3,65,175,0,0,0,0,0,0,0,0,0,0,0,0,0,0,1,2,55,2,1,2,1,40,3,14,62,1,1,1,51,1,0
22,220534,1,2,1,13,11,7,45,12,6,1,0,22,1,62,401,62401,14,1997,SALJY1248VA7,S,A,L,J,Y,1,2,4,8,V,A,7,0,T,LNDR,DIS,4W,97,17,,2,0,1000,DIS,G,,,8,241,,,,,4465,00,E,44,0,0,000000000,00000000000,0,0,0,1,0,0,0,0,0,0,0,998,0,1,1,11,6,2,1,0,0,0,1,22,70729,6,1,0,0,3,0,68,145,0,2,2,0,1,1,2010,7,2012,0,38,0,0,0,1,2,30,1,1,2,1,20,3,1,17,1,1,1,89,1,0
22,220534,2,2,2,13,11,7,45,12,6,1,0,22,2,37,441,37441,20,2006,5FNRL384X6B0,5,F,N,R,L,3,8,4,X,6,B,0,0,P,HOND,UDY,SV,6,17,4475,,0,1181,,G,,F,6,213,,,16R235,,,,,,0,0,000000000,00000000000,0,0,0,1,0,0,0,0,0,0,0,998,0,0,0,1,6,2,12,0,0,0,1,22,70814,6,1,0,0,3,0,65,155,0,0,0,0,1,3,2010,3,2010,0,0,0,0,0,5,4,45,1,1,1,1,0,0,1,66,1,1,1,88,0,0
22,220535,1,1,1,17,11,21,34,8,0,1,0,22,1,20,482,20482,31,2003,3GNEK13T03G1,3,G,N,E,K,1,3,T,0,3,G,1,0,T,CHEV,KAV,CW,3,17,,2,0,1300,AVL,G,,,8,325,,,,B,5652,00,,44,0,0,000000000,00000000000,0,0,0,1,0,0,0,0,0,0,0,999,0,0,0,12,2,1,8,0,0,0,1,22,70605,6,1,0,0,3,0,69,190,0,0,0,0,0,0,0,0,0,0,0,0,0,0,5,4,50,1,1,1,1,0,0,15,80,1,1,1,13,0,0
22,220536,1,2,2,21,11,23,42,12,6,1,0,22,1,12,3,12003,2,2011,1ZVBP8AM5B51,1,Z,V,B,P,8,A,M,5,B,5,1,0,P,FORD,MUS,CP,11,17,3401,,0,1071,,G,,F,6,226,,,17R225,,,,,,0,0,000000000,00000000000,0,0,0,1,0,0,0,0,0,0,0,999,0,0,0,12,6,2,12,0,0,0,1,22,71106,6,1,0,0,3,0,71,160,0,0,1,0,2,11,2009,6,2011,9,39,0,0,0,5,4,45,1,1,1,1,3,3,1,17,1,1,1,83,0,1
22,220536,2,2,3,21,11,23,42,12,6,1,0,22,1,18,22,18022,4,2005,2G4WD5321513,2,G,4,W,D,5,3,2,1,5,1,3,0,P,BUIC,LAL,4D,5,17,3502,,0,1138,,G,,F,6,232,,,16R225,,,,,,0,0,000000000,00000000000,0,0,0,1,0,0,0,0,0,0,0,999,0,0,0,61,6,2,12,0,0,0,1,22,70506,6,1,0,0,3,0,61,95,0,0,0,0,0,0,0,0,0,0,0,0,0,0,2,2,45,1,1,2,1,3,3,11,66,1,1,1,82,1,0
22,220537,1,2,1,23,11,20,16,12,6,1,0,22,2,63,34,63034,4,2004,KNAGD1289453,K,N,A,G,D,1,2,8,9,4,5,3,0,P,KIA,OLE,4D,4,17,3279,,0,1063,,G,,F,6,162,,,16R205,,,,,,0,0,000000000,00000000000,0,0,0,1,0,0,0,0,0,0,0,999,0,0,0,12,6,2,12,0,0,0,1,99,99999,9,9,99,9,9,9,999,999,99,99,99,99,99,99,9999,99,9999,9,39,0,0,0,4,2,25,1,1,2,1,20,3,1,17,99,1,1,86,0,0
22,220537,2,2,2,23,11,20,16,12,6,1,0,22,1,20,401,20401,14,2000,1GNCS18W6YK1,1,G,N,C,S,1,8,W,6,Y,K,1,0,P,CHEV,BZR,UT,0,17,3518,,0,1005,,G,,F,6,262,,,15R205,,,,,,0,0,000000000,00000000000,0,0,0,1,0,0,0,0,0,0,0,999,0,0,0,81,6,2,12,0,0,0,1,22,70130,1,1,0,0,2,0,64,155,0,0,0,0,0,0,0,0,0,9,99,99,99,99,1,2,35,1,1,2,1,0,0,2,66,99,1,1,87,1,0
22,220538,1,1,5,4,11,2,24,42,0,1,0,22,2,14,6,14006,4,2002,2MEFM74W52X6,2,M,E,F,M,7,4,W,5,2,X,6,0,P,MERC,GMG,4D,2,17,3957,,0,1147,,G,,F,8,281,,,16R225,,,,,,0,0,000000000,00000000000,0,0,0,1,0,0,0,0,0,0,0,999,0,1,5,9,6,2,42,0,0,0,1,22,71269,6,1,0,0,3,0,74,185,0,0,0,0,0,0,0,0,0,9,58,0,0,0,2,2,70,1,1,1,1,0,0,1,12,9,3,4,2,1,0
22,220539,1,1,1,6,11,7,24,8,0,1,0,22,3,87,881,87881,66,2000,1XPFDB9X5YN5,1,X,P,F,D,B,9,X,5,Y,N,5,1,T,PTRB,378,TR,0,17,,8,0,0,CON,D,,,6,893,,,,,00000,00,,64,1,57,687422,57687422,3,6,10,1,0,0,0,0,0,0,0,35,0,0,0,5,0,1,8,0,0,0,1,22,71225,6,1,6,0,3,0,76,282,0,0,0,0,1,12,2009,12,2009,0,0,0,0,0,1,4,35,1,1,2,1,0,0,1,80,1,1,1,98,0,0
22,220540,1,1,1,12,11,17,55,8,0,1,0,22,2,14,6,14006,4,1998,2MEFM74W8WX6,2,M,E,F,M,7,4,W,8,W,X,6,0,P,MERC,GMG,4D,98,17,3917,,0,1144,,G,,F,8,281,,,16R225,,,,,,0,0,000000000,00000000000,0,0,0,1,0,0,0,0,0,0,0,999,0,0,0,12,4,1,8,0,0,0,1,22,70517,6,1,0,0,3,3,63,140,0,0,0,0,0,0,0,0,0,0,0,0,0,0,1,2,55,1,1,2,1,0,0,1,80,3,1,1,13,0,0
22,220541,1,1,1,10,11,7,0,33,0,1,0,22,1,20,481,20481,31,1990,1GCDC14K0LZ1,1,G,C,D,C,1,4,K,0,L,Z,1,0,T,CHEV,GC1,PK,90,17,,1,1415,1175,GM4,G,,,8,350,,,,B,3717,07,,42,0,0,000000000,00000000000,0,0,0,1,0,0,0,0,0,0,0,999,0,0,0,14,4,3,42,0,0,0,1,22,70053,6,1,0,0,3,0,76,195,0,0,0,0,0,0,0,0,0,9,99,99,99,99,6,1,35,2,2,1,1,0,0,14,13,99,1,4,1,1,1
22,220542,1,1,1,16,11,18,44,8,0,1,0,22,2,63,34,63034,4,2011,KNAGR4A62B51,K,N,A,G,R,4,A,6,2,B,5,1,0,P,KIA,OSX,4D,11,17,3385,,0,1071,,G,,T,4,122,,,18R225,,,,,,0,0,000000000,00000000000,0,0,0,1,0,0,0,0,0,0,0,999,0,0,0,12,4,3,8,0,0,0,1,22,70507,6,1,0,0,3,0,64,109,0,0,0,0,0,0,0,0,0,9,0,0,0,0,1,2,50,1,1,2,1,0,0,1,80,1,1,1,13,0,1
22,220543,1,1,1,17,11,19,18,34,0,1,0,22,1,7,472,7472,30,2002,1B7HL48N62S5,1,B,7,H,L,4,8,N,6,2,S,5,0,T,DODG,DQS,CW,2,17,,2,0,1309,DAK,G,,,8,287,,,,B,4117,01,E,42,0,0,000000000,00000000000,0,0,0,1,0,0,0,0,0,0,0,20,0,0,0,12,2,3,99,32,0,0,1,22,70057,6,1,0,0,3,3,66,212,0,0,0,0,0,0,0,0,0,0,99,99,99,99,1,2,35,1,1,2,1,0,0,1,12,99,9,4,6,1,0
22,220544,1,1,1,22,11,20,12,8,0,1,0,22,2,22,16,22016,2,1996,3G2JB1243TS9,3,G,2,J,B,1,2,4,3,T,S,9,0,P,PONT,SFS,CP,96,17,2611,,0,1041,,G,,F,4,133,,,14R195,,,,,,0,0,000000000,00000000000,0,0,0,1,0,0,0,0,0,0,0,15,0,0,0,12,4,3,8,0,0,0,1,22,70764,6,1,0,0,3,0,70,160,0,0,0,0,1,3,2011,3,2011,0,0,0,0,0,1,2,15,1,1,1,1,0,0,1,80,1,1,1,13,0,0
22,220545,1,2,1,17,11,0,17,12,7,1,0,22,1,20,481,20481,31,2008,1GCHK23668F1,1,G,C,H,K,2,3,6,6,8,F,1,0,T,CHEV,2KH,CW,8,17,,2,1670,1530,SIL,D,,,8,403,,,,C,5883,02,,44,0,0,000000000,00000000000,0,0,0,1,0,0,0,0,0,0,0,19,0,1,5,5,6,2,12,0,0,0,1,22,70722,6,1,1,0,3,0,70,198,0,1,0,0,0,6,2010,6,2010,1,38,0,0,0,1,2,55,3,3,2,1,0,0,3,53,1,1,1,45,0,1
22,220545,2,2,2,17,11,0,17,12,7,1,0,22,2,7,24,7024,4,2007,2B3KA53H57H6,2,B,3,K,A,5,3,H,5,7,H,6,0,P,DODG,CHR,4D,7,17,3976,,0,1200,,G,,F,8,348,,,18R225,,,,,,0,0,000000000,00000000000,0,0,0,1,0,0,0,0,0,0,0,998,0,0,0,11,6,2,12,0,0,0,1,48,70791,6,1,0,0,3,0,999,999,0,0,0,1,0,4,2012,4,2012,0,99,99,99,99,1,2,55,3,3,2,1,0,0,14,70,7,1,2,46,1,1
22,220546,1,1,3,17,11,2,32,58,0,1,0,22,2,63,36,63036,6,2008,KNAFG5263871,K,N,A,F,G,5,2,6,3,8,7,1,0,P,KIA,ROE,SW,8,17,3443,,0,1063,,G,,F,6,165,,,16R205,,,,,,0,0,000000000,00000000000,0,0,0,1,0,0,0,0,0,0,0,27,0,1,6,12,6,2,1,0,0,0,1,22,70723,1,1,0,0,2,0,73,150,0,0,0,0,0,0,0,0,0,0,0,0,0,0,1,2,55,1,1,2,1,0,0,1,8,1,1,4,1,1,1
22,220547,1,2,0,17,11,4,51,8,0,1,0,22,6,12,401,12401,14,2003,1FMZU63K63UA,1,F,M,Z,U,6,3,K,6,3,U,A,0,P,FORD,EPR,UT,3,17,4094,,0,1137,,F,,F,6,245,,,16R235,,,,,,0,0,000000000,00000000000,0,0,0,1,0,0,0,0,0,0,0,0,0,0,0,9,6,2,12,0,0,0,0,0,99997,7,6,97,7,6,7,998,997,998,998,998,998,998,98,9998,98,9998,8,0,0,0,0,3,2,60,1,1,1,1,28,3,0,53,0,0,0,98,0,0
22,220547,2,2,1,17,11,4,51,8,0,1,0,22,1,37,37,37037,5,2012,JHMZE2H50CS0,J,H,M,Z,E,2,H,5,0,C,S,0,0,P,HOND,ILX,4H,12,17,2756,,0,1004,,B,,F,4,079,,,15R185,,,,,,0,0,000000000,00000000000,0,0,0,1,0,0,0,0,0,0,0,73,0,0,0,12,6,2,8,0,0,0,1,22,70433,2,1,0,0,2,0,70,150,0,0,0,1,0,5,2012,5,2012,1,0,0,0,0,3,2,60,1,1,1,1,28,3,1,80,1,1,1,13,0,0
22,220548,1,2,2,17,11,12,27,12,6,1,0,22,1,49,40,49040,4,1998,JT2BG22K5W02,J,T,2,B,G,2,2,K,5,W,0,2,0,P,TOYT,CXL,4D,98,17,3120,,0,1051,,G,,F,4,132,,,14R195,,,,,,0,0,000000000,00000000000,0,0,0,1,0,0,0,0,0,0,0,20,0,0,0,10,4,3,12,0,0,0,1,22,70544,6,1,0,0,3,3,62,194,0,0,0,0,0,0,0,0,0,0,38,39,36,0,1,2,45,1,1,2,1,20,3,1,17,1,1,1,89,0,0
22,220548,2,2,2,17,11,12,27,12,6,1,0,22,1,72,706,72706,80,2000,1HD1CHP1XYK1,1,H,D,1,C,H,P,1,X,Y,K,1,0,M,HD,20S,RS,0,17,,,,,,,1200,,2,,4,501,,,,,,,0,0,000000000,00000000000,0,0,0,1,0,0,0,0,0,0,0,65,0,0,0,12,4,3,12,0,0,0,1,22,70560,6,1,6,0,3,0,70,184,0,0,0,0,0,0,0,0,0,0,84,0,0,0,2,2,65,1,1,1,1,0,0,1,66,3,4,1,88,1,0
22,220549,1,2,1,17,11,13,32,12,2,1,0,22,1,98,709,98709,88,2012,L9NTELKD2C10,L,9,N,T,E,L,K,D,2,C,1,0,0,U,,,,12,17,,,,,,,,,,,,,,,,,,,0,0,000000000,00000000000,0,0,0,1,0,0,0,0,0,0,0,15,0,0,0,12,6,2,12,0,0,0,1,22,71291,6,1,0,0,2,3,62,130,0,0,0,0,0,0,0,0,0,0,28,6,0,0,1,2,45,1,1,2,1,0,0,10,16,1,1,2,80,1,0
22,220549,2,2,1,17,11,13,32,12,2,1,0,22,2,23,401,23401,14,2005,1GKDS13SX522,1,G,K,D,S,1,3,S,X,5,2,2,0,T,GMC,ENV,4W,5,17,,1,0,1130,ENV,G,,,6,256,,,,B,4417,00,E,42,0,0,000000000,00000000000,0,0,0,1,0,0,0,0,0,0,0,45,0,0,0,12,4,3,12,0,0,0,1,22,71291,6,2,0,0,3,3,72,130,0,0,0,0,0,0,0,0,0,0,0,0,0,0,1,2,45,1,1,2,1,0,0,1,67,1,1,1,81,0,0
22,220550,1,1,1,17,11,20,1,32,0,1,0,22,1,23,481,23481,31,2004,1GTEC14X34Z1,1,G,T,E,C,1,4,X,3,4,Z,1,0,T,GMC,NC1,PK,4,17,,2,1330,1190,SIE,G,,,6,262,,,,B,4142,00,4,42,0,0,000000000,00000000000,0,0,0,1,0,0,0,0,0,0,0,45,0,1,5,14,6,2,30,0,0,0,1,22,70052,6,1,0,0,3,0,69,180,0,0,0,0,0,0,0,0,0,0,24,6,0,0,1,2,45,2,1,2,1,0,0,1,13,1,1,4,1,1,0
22,220551,1,2,1,18,11,11,30,12,2,1,0,8,4,41,50,41050,4,2011,1YVHZ8BH4B5M,1,Y,V,H,Z,8,B,H,4,B,5,M,0,P,MAZD,M6I,4D,11,17,3272,,0,1098,,G,,F,4,152,,,16R205,,,,,,0,0,000000000,00000000000,0,0,0,1,0,0,0,0,0,0,0,55,0,0,0,12,6,2,12,0,0,0,1,22,71105,6,1,0,0,3,0,70,190,0,3,0,1,3,4,2010,6,2012,0,28,24,0,0,1,2,55,2,1,2,1,40,3,14,10,1,1,2,50,1,1
22,220551,2,2,1,18,11,11,30,12,2,1,0,22,1,7,482,7482,31,1998,1B7KF2364WJ1,1,B,7,K,F,2,3,6,4,W,J,1,1,T,DODG,Q25,4C,98,17,,2,1547,1387,RPC,D,,,6,359,,,,C,5359,03,U,44,3,0,000000000,00000000000,0,0,0,1,0,0,0,0,0,0,0,55,0,0,0,12,6,2,12,0,0,0,1,22,70520,6,1,0,0,3,0,73,200,0,0,0,0,1,7,2010,7,2010,0,0,0,0,0,1,2,55,3,1,2,1,40,3,14,62,1,1,1,51,0,0
22,220552,1,1,1,29,11,16,15,1,0,1,0,5,1,23,481,23481,31,2006,2GTEK13Z1612,2,G,T,E,K,1,3,Z,1,6,1,2,0,T,GMC,NK1,CW,6,17,,2,0,1435,SIE,F,,,8,323,,,,B,5284,00,4,44,0,0,000000000,00000000000,0,0,0,1,0,0,0,0,0,0,0,70,0,1,5,0,6,2,42,0,0,0,1,5,71826,9,9,99,9,9,9,999,999,99,99,99,99,99,99,9999,99,9999,1,6,58,0,0,1,2,55,3,1,2,1,28,3,14,13,6,4,4,7,1,0
22,220553,1,1,1,16,12,20,35,8,0,1,0,22,1,12,402,12402,14,2011,1FMCU0D72BKB,1,F,M,C,U,0,D,7,2,B,K,B,0,P,FORD,SPE,UT,11,17,3355,,0,1031,,G,,F,4,153,,,16R235,,,,,,0,0,000000000,00000000000,0,0,0,1,0,0,0,0,0,0,0,998,0,0,0,12,4,1,8,0,0,0,1,22,70809,6,1,0,0,3,3,68,150,0,0,0,1,2,5,2010,1,2011,0,0,0,0,0,1,2,35,1,1,2,2,0,0,1,80,1,1,1,13,0,0
22,220554,1,1,1,10,11,22,0,35,0,1,0,22,1,14,17,14017,4,1997,1MELM50U1VG6,1,M,E,L,M,5,0,U,1,V,G,6,0,P,MERC,SGS,4D,97,17,3388,,0,1085,,G,,F,6,182,,,15R205,,,,,,0,0,000000000,00000000000,0,0,0,1,0,0,0,0,0,0,0,60,0,1,5,14,6,2,42,0,0,0,1,22,70578,6,1,0,0,3,0,62,118,0,0,0,0,0,0,0,0,0,9,58,24,0,0,2,2,65,2,1,2,1,40,3,14,9,7,3,4,2,1,1
22,220555,1,1,1,24,11,17,35,8,0,1,0,22,1,38,474,38474,30,2007,1GGCS13E6787,1,G,G,C,S,1,3,E,6,7,8,7,0,T,ISU,370,CW,7,17,,1,0,1260,I37,G,,,5,226,,,,,3783,00,3,42,0,0,000000000,00000000000,0,0,0,1,0,0,0,0,0,0,0,35,0,0,0,12,4,3,8,0,0,0,1,22,71360,6,1,0,0,3,3,68,185,0,0,0,0,0,0,0,0,0,0,0,0,0,0,2,2,50,1,1,2,1,0,0,1,80,1,1,1,13,0,0
22,220556,1,2,1,24,11,20,31,12,2,1,0,22,1,49,402,49402,14,2007,JTMZD33V0760,J,T,M,Z,D,3,3,V,0,7,6,0,0,P,TOYT,RG4,UT,7,17,3300,,0,1047,,G,,F,4,144,,,16R215,,,,,,0,0,000000000,00000000000,0,0,0,1,0,0,0,0,0,0,0,999,0,1,1,12,6,2,1,0,0,1,1,22,71107,1,1,0,0,2,0,61,135,0,0,0,1,1,9,2010,4,2012,9,6,28,0,0,2,2,60,1,1,1,1,0,0,1,12,99,2,4,50,1,0
22,220556,2,2,4,24,11,20,31,12,2,1,0,48,3,32,42,32042,6,2011,WAUWGAFB7BN0,W,A,U,W,G,A,F,B,7,B,N,0,0,P,AUDI,6PL,SW,11,17,4255,,0,1119,,G,,Z,6,181,,,17R245,,,,,,0,0,000000000,00000000000,0,0,0,1,0,0,0,0,0,0,0,60,0,0,0,12,6,2,12,0,0,0,1,48,78703,9,9,99,9,9,9,999,999,99,99,99,99,99,99,9999,99,9999,0,0,0,0,0,2,2,60,1,1,1,1,0,0,1,62,1,1,1,51,1,0
22,220557,1,1,1,27,11,21,9,8,0,1,0,22,1,12,481,12481,31,2012,1FTEX1CM9CKD,1,F,T,E,X,1,C,M,9,C,K,D,0,T,FORD,F15,4C,12,17,,2,0,1450,COF,F,,,6,226,,,,B,5043,05,7,42,0,0,000000000,00000000000,0,0,0,1,0,0,0,0,0,0,0,35,0,0,0,12,4,3,8,0,0,0,1,22,71457,6,1,0,0,3,3,71,179,0,0,0,0,0,0,0,0,0,0,0,0,0,0,5,4,35,1,1,1,1,0,0,1,80,1,1,1,13,0,0
22,220558,1,2,2,30,11,9,50,12,6,1,0,22,1,37,39,37039,5,2008,JHMGD38638S0,J,H,M,G,D,3,8,6,3,8,S,0,0,P,HOND,FIS,4H,8,17,2551,,0,965,,G,,F,4,091,,,15R195,,,,,,0,0,000000000,00000000000,0,0,0,1,0,0,0,0,0,0,0,999,0,0,0,82,4,3,12,0,0,0,1,22,70503,6,1,0,0,3,3,71,179,0,0,0,0,0,0,0,0,0,0,38,0,0,0,5,4,40,1,1,1,1,0,0,11,15,1,1,1,68,1,0
22,220558,2,2,1,30,11,9,50,12,6,1,0,22,2,2,405,2405,14,2002,1J4GK48K32W1,1,J,4,G,K,4,8,K,3,2,W,1,0,T,JEEP,SPR,4W,2,17,,1,0,1043,LIB,G,,,6,226,,,,,3508,02,E,42,0,0,000000000,00000000000,0,0,0,1,0,0,0,0,0,0,0,999,0,0,0,12,4,3,12,0,0,0,1,22,70506,6,1,0,0,3,3,60,105,0,0,0,0,0,0,0,0,0,0,0,0,0,0,5,4,40,1,1,1,1,0,0,1,62,4,1,1,69,0,0
22,220559,1,2,1,15,11,12,49,12,6,1,0,22,1,12,481,12481,31,2010,1FTEW1C87AFB,1,F,T,E,W,1,C,8,7,A,F,B,0,T,FORD,F1S,CW,10,17,,2,1570,1450,COF,G,,,8,281,,,,B,5048,00,7,42,0,0,000000000,00000000000,0,0,0,1,0,0,0,0,0,0,0,25,0,0,0,82,6,2,12,0,0,0,1,22,70817,6,1,0,0,3,3,63,190,0,0,0,0,0,0,0,0,0,0,38,0,0,0,2,2,65,1,1,2,1,3,3,11,15,1,1,1,68,1,0
22,220559,2,2,1,15,11,12,49,12,6,1,0,22,1,49,482,49482,31,2010,5TFRY5F18AX0,5,T,F,R,Y,5,F,1,8,A,X,0,0,T,TOYT,DBS,CW,10,17,,2,0,1457,TUN,G,,,8,348,,,,B,5155,00,7,42,0,0,000000000,00000000000,0,0,0,1,0,0,0,0,0,0,0,65,0,1,5,12,6,2,12,0,0,0,1,22,70808,6,1,0,0,3,0,72,165,0,0,0,0,0,0,0,0,0,0,0,0,0,0,2,2,65,1,1,2,1,3,3,1,62,1,1,1,69,0,0
22,220560,1,2,1,19,11,17,45,12,2,1,0,22,2,12,481,12481,31,1999,1FTRF27W2XNA,1,F,T,R,F,2,7,W,2,X,N,A,0,T,FORD,F25,PK,99,17,,2,0,1385,COF,G,,,8,281,,,,C,4689,00,U,42,0,0,000000000,00000000000,0,0,0,1,0,0,0,0,0,0,0,55,0,1,1,12,6,2,12,0,0,0,1,22,70570,6,1,0,0,3,0,73,311,0,0,0,0,0,0,0,0,0,0,0,0,0,0,1,2,55,2,1,2,1,0,0,1,10,1,1,2,50,1,0
22,220560,2,2,1,19,11,17,45,12,2,1,0,22,1,41,37,41037,4,2000,1YVGF22C1Y51,1,Y,V,G,F,2,2,C,1,Y,5,1,0,P,MAZD,U6X,4D,0,17,2864,,0,1051,,G,,F,4,122,,,15R185,,,,,,0,0,000000000,00000000000,0,0,0,1,0,0,0,0,0,0,0,55,0,0,0,12,6,2,12,0,0,0,1,22,70549,6,1,0,0,3,0,63,160,0,0,0,0,0,0,0,0,0,0,0,0,0,0,1,2,55,3,1,2,1,0,0,14,62,3,1,1,51,0,0
22,220561,1,1,1,17,11,23,20,42,0,1,0,22,2,23,481,23481,31,1998,1GTGC24R7WZ5,1,G,T,G,C,2,4,R,7,W,Z,5,0,T,GMC,SC2,PK,98,17,,2,0,1315,SIE,G,,,8,350,,,,C,00000,00,A,42,0,0,000000000,00000000000,0,0,0,1,0,0,0,0,0,0,0,65,0,0,0,12,6,2,42,0,0,0,1,22,71342,6,2,0,0,3,2,70,165,0,0,0,0,0,0,0,0,0,1,6,73,0,0,1,2,55,1,3,2,1,0,0,1,12,1,2,4,7,1,1
22,220562,1,1,1,19,11,7,50,1,0,1,0,22,3,85,881,85881,63,2005,1NKDXBTX45J0,1,N,K,D,X,B,T,X,4,5,J,0,0,T,KW,T80,CC,5,17,,8,2600,1600,CON,D,,,6,893,,,,,00000,00,,,0,88,888888888,88888888888,3,2,4,1,0,0,0,0,0,0,0,55,0,1,1,0,6,2,1,0,0,0,1,22,71295,6,1,6,0,3,3,70,164,0,0,0,0,0,0,0,0,0,1,6,0,0,0,1,2,55,3,1,2,1,40,3,14,98,6,1,7,98,1,0