STATE,ST_CASE,VEH_NO,VE_FORMS,NUMOCCS,DAY,MONTH,HOUR,MINUTE,HARM_EV,MAN_COLL,UNITTYPE,HIT_RUN,REG_STAT,OWNER,MAKE,MODEL,MAK_MOD,BODY_TYP,MOD_YEAR,VIN,VIN_1,VIN_2,VIN_3,VIN_4,VIN_5,VIN_6,VIN_7,VIN_8,VIN_9,VIN_10,VIN_11,VIN_12,TOW_VEH,VINTYPE,VINMAKE,VINA_MOD,VIN_BT,VINMODYR,VIN_LNGT,VIN_WGT,WGTCD_TR,WHLBS_LG,WHLBS_SH,SER_TR,FUELCODE,MCYCL_DS,CARBUR,CYLINDER,DISPLACE,MCYCL_CY,MCYCL_WT,TIRE_SZE,TON_RAT,TRK_WT,TRKWTVAR,VIN_REST,WHLDRWHL,J_KNIFE,MCARR_I1,MCARR_I2,MCARR_ID,GVWR,V_CONFIG,CARGO_BT,HAZ_INV,HAZ_PLAC,HAZ_ID,HAZ_CNO,HAZ_REL,BUS_USE,SPEC_USE,EMER_USE,TRAV_SP,UNDERIDE,ROLLOVER,ROLINLOC,IMPACT1,DEFORMED,TOWED,M_HARM,VEH_SC1,VEH_SC2,FIRE_EXP,DR_PRES,L_STATE,DR_ZIP,L_STATUS,L_TYPE,CDL_STAT,L_ENDORS,L_COMPL,L_RESTRI,DR_HGT,DR_WGT,PREV_ACC,PREV_SUS,PREV_DWI,PREV_SPD,PREV_OTH,FIRST_MO,FIRST_YR,LAST_MO,LAST_YR,SPEEDREL,DR_SF1,DR_SF2,DR_SF3,DR_SF4,VTRAFWAY,VNUM_LAN,VSPD_LIM,VALIGN,VPROFILE,VPAVETYP,VSURCOND,VTRAFCON,VTCONT_F,P_CRASH1,P_CRASH2,P_CRASH3,PCRASH4,PCRASH5,ACC_TYPE,DEATHS,DR_DRINK
22,220629,2,2,2,13,12,16,37,12,6,1,0,22,2,20,431,20431,16,2003,3GNEC16Z73G3,3,G,N,E,C,1,6,Z,7,3,G,3,0,P,CHEV,C15,UT,3,17,4914,,0,1300,,F,,F,8,325,,,16R265,,,,,,0,0,000000000,00000000000,0,0,0,1,0,0,0,0,0,0,0,999,0,0,0,12,4,3,12,0,0,0,1,22,71055,6,1,0,0,3,0,73,275,0,0,0,0,0,0,0,0,0,0,0,0,0,0,1,3,40,1,1,2,1,3,3,11,66,1,1,1,76,0,0
22,220630,1,2,1,15,12,8,43,12,2,1,0,22,2,41,51,41051,4,2007,JM1BK32F5716,J,M,1,B,K,3,2,F,5,7,1,6,0,P,MAZD,M3I,4D,7,17,2780,,0,1039,,G,,F,4,122,,,15R195,,,,,,0,0,000000000,00000000000,0,0,0,1,0,0,0,0,0,0,0,45,0,0,0,12,6,2,12,0,0,1,1,51,23453,6,1,0,0,3,0,68,240,0,0,0,0,0,0,0,0,0,0,28,39,0,0,1,2,45,1,3,1,1,50,3,1,10,1,1,2,50,1,0
22,220630,2,2,3,15,12,8,43,12,2,1,0,28,1,14,401,14401,14,1998,4M2ZU55P7WUJ,4,M,2,Z,U,5,5,P,7,W,U,J,0,P,MERC,MOU,UT,98,17,4374,,0,1120,,G,,F,8,302,,,15R235,,,,,,0,0,000000000,00000000000,0,0,0,1,0,0,0,0,0,0,0,45,0,0,0,12,6,2,12,0,0,0,1,28,39120,6,1,0,0,3,0,68,155,0,0,0,0,0,0,0,0,0,0,24,0,0,0,1,2,45,1,3,1,1,50,3,1,62,1,1,1,51,0,0
22,220631,1,2,1,15,12,19,3,12,6,1,0,22,2,49,40,49040,4,2011,4T1BF3EK5BU6,4,T,1,B,F,3,E,K,5,B,U,6,0,P,TOYT,CBA,4D,11,17,3263,,0,1093,,G,,F,4,152,,,16R215,,,,,,0,0,000000000,00000000000,0,0,0,1,0,0,0,0,0,0,0,998,0,0,0,12,4,3,12,0,0,0,1,22,70122,6,1,0,0,3,1,67,137,0,0,0,0,0,0,0,0,0,9,99,99,99,99,2,2,35,1,1,2,1,3,3,1,66,7,1,1,86,0,0
22,220631,2,2,2,15,12,19,3,12,6,1,0,22,1,18,3,18003,4,1994,1G4CW52L8R16,1,G,4,C,W,5,2,L,8,R,1,6,0,P,BUIC,PKA,4D,94,17,3533,,0,1108,,G,,F,6,231,,,15R205,,,,,,0,0,000000000,00000000000,0,0,0,1,0,0,0,0,0,0,0,998,0,0,0,3,6,2,12,0,0,0,1,22,70116,6,1,0,0,3,3,62,101,0,0,0,0,0,0,0,0,0,0,99,99,99,99,4,2,30,1,1,2,1,3,3,2,17,1,1,1,87,1,0
22,220632,1,2,1,16,12,11,45,12,8,1,0,22,1,12,37,12037,4,2013,1FADP3F20DL1,1,F,A,D,P,3,F,2,0,D,L,1,0,P,FORD,FSE,4D,13,17,2907,,0,1042,,G,,F,4,122,,,16R205,,,,,,0,0,000000000,00000000000,0,0,0,1,0,0,0,0,0,0,0,55,0,0,0,62,6,2,12,0,0,0,1,22,71373,6,1,0,0,3,0,69,185,0,0,0,0,0,0,0,0,0,0,28,0,0,0,1,2,55,1,1,1,1,0,0,2,10,1,1,2,64,1,0
22,220632,2,2,1,16,12,11,45,12,8,1,0,22,3,84,881,84881,63,2000,1HSCBAHR9YJ0,1,H,S,C,B,A,H,R,9,Y,J,0,1,T,INTL,91I,TR,0,17,,8,0,0,910,D,,,6,661,,,,,00000,00,,64,1,88,888888888,88888888888,3,4,97,1,0,0,0,0,0,0,0,45,0,1,5,62,4,3,12,0,0,0,1,96,70544,9,9,99,9,9,9,999,999,99,99,99,99,99,99,9999,99,9999,0,0,0,0,0,1,2,55,1,1,1,1,0,0,1,62,9,1,1,65,0,0
22,220633,1,1,2,18,12,12,0,42,0,1,0,13,2,24,2,24002,2,2001,1G8ZY12781Z2,1,G,8,Z,Y,1,2,7,8,1,Z,2,0,P,STRN,SC2,3P,1,17,2463,,0,1024,,G,,F,4,116,,,15R195,,,,,,0,0,000000000,00000000000,0,0,0,1,0,0,0,0,0,0,0,70,0,0,0,12,6,2,42,0,0,0,1,13,30040,6,1,0,0,3,0,69,165,98,0,0,0,0,0,0,0,0,0,6,0,0,0,2,2,70,1,1,2,1,0,0,1,13,1,1,4,1,1,0
22,220634,1,1,1,20,12,23,9,53,0,1,0,22,1,49,32,49032,4,2003,1NXBR32E53Z0,1,N,X,B,R,3,2,E,5,3,Z,0,0,P,TOYT,UCS,4D,3,17,2502,,0,1024,,G,,F,4,109,,,15R185,,,,,,0,0,000000000,00000000000,0,0,0,1,0,0,0,0,0,0,0,998,0,0,0,12,6,2,14,32,0,0,1,22,70052,6,1,0,0,3,3,64,220,0,0,0,0,0,0,0,0,0,0,0,0,0,0,1,2,30,1,1,2,1,0,0,1,8,1,1,4,6,1,0
22,220635,1,1,1,27,12,6,0,11,0,1,0,22,1,76,706,76706,80,2012,JYAVP27E4CA0,J,Y,A,V,P,2,7,E,4,C,A,0,0,M,YAMA,9CU,RS,12,17,,,,,,,1854,,2,,4,730,,,,,,,0,0,000000000,00000000000,0,0,0,1,0,0,0,0,0,0,0,50,0,0,0,12,6,2,1,0,0,0,1,22,71033,3,1,0,0,2,0,72,210,0,0,0,1,0,6,2011,6,2011,0,99,99,99,99,1,2,55,1,2,2,1,0,0,1,87,99,1,1,13,1,0
22,220636,1,2,1,30,12,20,27,12,1,1,0,29,1,72,706,72706,80,2011,1HD1KB415BB6,1,H,D,1,K,B,4,1,5,B,B,6,0,M,HD,FHX,RS,11,17,,,,,,,1584,,2,,4,785,,,,,,,0,0,000000000,00000000000,0,0,0,1,0,0,0,0,0,0,0,998,0,0,0,12,4,3,12,0,0,0,1,29,63139,6,1,6,0,3,0,70,250,0,1,0,2,0,7,2010,4,2012,9,99,99,99,99,2,2,98,1,1,2,1,0,0,1,98,99,9,9,98,1,1
22,220636,2,2,2,30,12,20,27,12,1,1,0,22,2,12,422,12422,15,2001,1FMRU17W41LB,1,F,M,R,U,1,7,W,4,1,L,B,0,P,FORD,EPT,UT,1,17,4886,,0,1191,,G,,F,8,281,,,17R275,,,,,,0,0,000000000,00000000000,0,0,0,1,0,0,0,0,0,0,0,998,0,0,0,6,2,4,12,0,0,0,1,11,20059,9,9,99,9,9,9,999,999,99,99,99,99,99,99,9999,99,9999,0,0,0,0,0,2,2,98,1,1,2,1,0,0,12,98,1,1,1,98,0,0
22,220637,1,2,1,1,12,12,10,1,0,1,0,48,1,37,705,37705,80,2006,JH2PC35026M7,J,H,2,P,C,3,5,0,2,6,M,7,0,M,HOND,CF4,RC,6,17,,,,,,,599,,4,,4,370,,,,,,,0,0,000000000,00000000000,0,0,0,1,0,0,0,0,0,0,0,999,0,0,0,0,6,2,12,0,0,0,1,48,75639,6,1,0,0,3,0,999,999,0,0,0,3,0,2,2011,2,2012,1,84,0,0,0,5,4,55,1,1,1,1,0,0,15,72,3,7,1,98,1,0
22,220637,2,2,2,1,12,12,10,1,0,1,0,22,1,12,481,12481,31,1997,1FTJX35F7VED,1,F,T,J,X,3,5,F,7,V,E,D,0,T,FORD,F35,PC,97,17,,2,0,1550,COF,D,,,8,444,,,,D,5300,00,A,42,0,0,000000000,00000000000,0,0,0,1,0,0,0,0,0,0,0,999,0,0,0,9,4,1,12,0,0,0,1,22,71105,6,1,0,0,3,3,69,200,0,0,0,0,0,0,0,0,0,0,38,0,0,0,5,4,55,1,1,1,1,0,0,11,15,1,1,1,98,0,0
22,220638,1,1,1,15,12,0,42,8,0,1,1,99,9,99,999,99999,99,9999,999999999999,9,9,9,9,9,9,9,9,9,9,9,9,9,,,,,,,,,,,,,,,,,,,,,,,,,0,99,999999999,99999999999,9,99,99,1,0,0,0,0,99,99,9,999,0,0,0,99,9,1,8,99,99,0,1,99,99999,9,9,99,9,9,9,999,999,99,99,99,99,99,99,9999,99,9999,9,99,99,99,99,2,2,98,1,1,2,1,0,0,99,82,99,9,9,13,0,0
22,220639,1,2,1,28,12,1,45,12,6,1,0,28,1,20,421,20421,15,1996,1GNDT13W8T22,1,G,N,D,T,1,3,W,8,T,2,2,0,P,CHEV,BZR,UT,96,17,4023,,0,1070,,G,,F,6,262,,,15R235,,,,,,0,0,000000000,00000000000,0,0,0,1,0,0,0,0,0,0,0,30,0,0,0,12,6,2,12,0,0,0,1,28,70458,6,1,0,0,3,0,68,155,0,0,0,0,0,0,0,0,0,0,6,23,39,0,1,4,40,1,1,2,1,3,3,1,67,1,1,1,83,1,1
22,220639,2,2,1,28,12,1,45,12,6,1,0,22,1,23,481,23481,31,1998,1GCEC19R8WR1,1,G,C,E,C,1,9,R,8,W,R,1,0,T,CHEV,GC1,PC,98,17,,2,1555,1415,GM4,G,,,8,350,,,,B,4145,03,,42,0,0,000000000,00000000000,0,0,0,1,0,0,0,0,0,0,0,10,0,0,0,11,6,2,12,0,0,0,1,22,70458,6,1,0,0,3,3,74,163,0,0,0,0,2,2,2010,2,2010,0,0,0,0,0,1,4,40,1,1,2,1,3,3,11,66,1,1,1,82,0,0
22,220640,1,1,1,21,12,1,40,8,0,1,0,22,1,20,481,20481,31,2003,1GCCS19H5381,1,G,C,C,S,1,9,H,5,3,8,1,0,T,CHEV,S14,3C,3,17,,1,0,1229,S,G,,,4,133,,,,B,3198,00,,42,0,0,000000000,00000000000,0,0,0,1,0,0,0,0,0,0,0,65,0,0,0,82,4,1,8,0,0,0,1,22,70719,6,1,0,0,3,0,69,230,0,0,0,0,0,0,0,0,0,1,6,0,0,0,2,2,65,1,1,1,1,50,3,1,80,1,1,1,13,0,0
22,220641,1,1,2,30,12,1,20,32,0,1,0,22,2,59,31,59031,4,1997,JT8BF22G5V00,J,T,8,B,F,2,2,G,5,V,0,0,0,P,LEXS,ES3,4D,97,17,3296,,0,1051,,G,,F,6,183,,,15R205,,,,,,0,0,000000000,00000000000,0,0,0,1,0,0,0,0,0,0,0,55,0,0,0,12,6,2,35,0,0,0,1,35,70785,6,1,0,0,3,0,64,162,98,0,0,0,0,0,0,0,0,0,0,0,0,0,1,2,55,1,1,2,1,0,0,1,12,1,1,4,6,2,1
22,220642,1,1,1,19,12,19,15,8,0,1,0,22,3,20,461,20461,21,2006,1GCHG35U3611,1,G,C,H,G,3,5,U,3,6,1,1,0,T,CHEV,E35,CG,6,17,,2,0,1350,EXP,G,,,8,366,,,,D,5453,00,,42,0,0,000000000,00000000000,0,0,0,1,0,0,0,0,0,0,0,45,0,0,0,12,2,1,8,0,0,0,1,22,70726,6,1,0,0,3,3,68,145,0,0,0,0,0,0,0,0,0,0,0,0,0,0,1,2,45,1,1,2,2,0,0,1,80,6,1,1,13,0,0
22,220643,1,1,1,5,12,9,5,42,0,1,0,22,3,12,16,12016,4,2004,2FAFP71W74X1,2,F,A,F,P,7,1,W,7,4,X,1,0,P,FORD,CVP,4D,4,17,0,,0,1147,,G,,F,8,281,,,000000,,,,,,0,0,000000000,00000000000,0,0,0,1,0,0,0,0,0,5,0,65,0,0,0,5,6,2,42,0,0,0,1,22,70655,6,1,0,0,3,0,67,206,0,0,0,0,0,0,0,0,0,0,24,0,0,0,2,2,65,1,1,1,1,0,0,1,98,1,7,4,2,1,0
22,220644,1,1,1,8,8,11,35,16,0,1,0,22,1,20,481,20481,31,2007,2GCEC13J3716,2,G,C,E,C,1,3,J,3,7,1,6,0,T,CHEV,1CW,CW,7,17,,2,0,1435,SIL,G,,,8,323,,,,B,5142,00,,42,0,0,000000000,00000000000,0,0,0,1,0,0,0,0,0,0,0,998,0,0,0,0,6,2,16,0,0,0,1,22,70714,6,1,0,0,3,0,70,175,0,0,0,0,0,0,0,0,0,0,0,0,0,0,4,1,30,3,1,2,2,0,0,14,98,1,1,1,0,1,0
22,220645,1,2,1,15,8,22,5,12,2,1,0,22,1,55,401,55401,14,2007,KM8SG13D67U0,K,M,8,S,G,1,3,D,6,7,U,0,0,P,HYUN,SAN,UT,7,17,3727,,0,1063,,G,,F,6,162,,,16R235,,,,,,0,0,000000000,00000000000,0,0,0,1,0,0,0,0,0,0,0,998,0,0,0,12,6,2,12,0,0,0,1,22,70807,1,1,0,0,2,0,72,189,0,2,1,0,1,10,2010,11,2011,0,38,36,24,0,5,4,40,1,1,2,1,0,0,11,15,1,1,2,68,0,1
22,220645,2,2,2,15,8,22,5,12,2,1,0,22,2,35,39,35039,4,2012,1N4AA5AP2CC8,1,N,4,A,A,5,A,P,2,C,C,8,0,P,NISS,MSV,4D,12,17,3556,,0,0,,G,,F,6,214,,,000000,,,,,,0,0,000000000,00000000000,0,0,0,1,0,0,0,0,0,0,0,998,0,0,0,12,6,2,12,0,0,0,1,22,70805,6,1,0,0,3,0,66,200,0,1,0,0,0,11,2011,11,2011,0,24,0,0,0,5,4,40,1,1,2,1,0,0,1,62,1,1,1,69,1,0
22,220647,1,3,1,12,9,6,25,12,6,1,0,22,1,18,20,18020,4,1999,2G4WB52K4X15,2,G,4,W,B,5,2,K,4,X,1,5,0,P,BUIC,RLL,4D,99,17,3439,,0,1090,,G,,F,6,231,,,15R215,,,,,,0,0,000000000,00000000000,0,0,0,1,0,0,0,0,0,0,0,5,0,0,0,10,6,2,12,0,0,0,1,22,70392,6,1,0,0,3,3,73,164,0,0,0,0,0,0,0,0,0,0,38,0,0,0,1,2,55,1,1,9,1,20,3,1,17,1,1,1,89,1,0
22,220647,2,3,1,12,9,6,25,12,6,1,0,22,1,53,706,53706,80,2006,JS1VY52A4621,J,S,1,V,Y,5,2,A,4,6,2,1,0,M,SUZI,C90,RS,6,17,,,,,,,1462,,2,,4,665,,,,,,,0,0,000000000,00000000000,0,0,0,1,0,0,0,0,0,0,0,55,0,0,0,12,6,2,12,0,0,0,1,22,70580,6,1,0,0,3,3,73,255,0,0,0,0,0,0,0,0,0,0,0,0,0,0,2,2,55,1,1,2,1,0,0,1,17,1,1,1,88,1,0
22,220647,3,3,1,12,9,6,25,12,6,1,0,22,1,51,881,51881,63,2007,4V4LC9KL47N4,4,V,4,L,C,9,K,L,4,7,N,4,1,T,VOLV,880,TR,7,17,,8,0,0,VVT,D,,,6,984,,,,,00000,00,,64,1,57,241572,57241572,3,4,1,1,0,0,0,0,0,0,0,55,0,0,0,9,4,1,12,0,0,0,1,22,71362,6,1,6,0,3,0,73,340,0,0,0,0,0,0,0,0,0,0,0,0,0,0,2,2,55,1,1,2,1,0,0,1,64,1,1,1,98,0,0
22,220648,1,1,2,21,9,6,29,34,0,1,0,22,1,20,481,20481,31,1999,1GCEK19T6XE1,1,G,C,E,K,1,9,T,6,X,E,1,0,T,CHEV,SK1,3C,99,17,,2,1575,1435,SIL,G,,,8,325,,,,B,4621,00,,44,0,0,000000000,00000000000,0,0,0,1,0,0,0,0,0,0,0,998,0,1,5,12,6,2,1,0,0,0,1,22,70560,1,1,0,0,2,3,66,130,0,1,0,0,0,7,2010,7,2010,9,6,58,0,0,1,2,55,1,2,2,1,0,0,1,13,7,2,4,7,1,1
22,220649,1,1,2,3,7,14,20,42,0,1,0,22,2,76,705,76705,80,1999,JYAVM01E3XA0,J,Y,A,V,M,0,1,E,3,X,A,0,0,M,YAMA,V6A,RS,99,17,,,,,,,649,,2,,4,999,,,,,,,0,0,000000000,00000000000,0,0,0,1,0,0,0,0,0,0,0,998,0,0,0,99,6,9,42,0,0,0,1,22,70791,1,1,0,0,2,0,69,140,0,0,0,0,0,0,0,0,0,1,8,0,0,0,1,2,98,1,8,8,98,0,0,1,19,99,1,4,99,1,0
22,220650,1,1,1,9,11,10,15,8,0,1,0,22,1,12,401,12401,14,2008,1FMEU64E48UA,1,F,M,E,U,6,4,E,4,8,U,A,0,P,FORD,EPR,UT,8,17,4436,,0,1137,,G,,F,6,244,,,17R245,,,,,,0,0,000000000,00000000000,0,0,0,1,0,0,0,0,0,0,0,999,0,0,0,12,0,1,8,0,0,0,1,22,70124,6,1,0,0,3,0,70,230,0,0,0,0,0,0,0,0,0,0,6,0,0,0,0,0,0,0,0,0,0,98,3,11,80,1,1,5,13,0,0
22,220652,1,2,1,20,6,14,5,12,7,1,0,22,1,49,40,49040,4,2009,4T1BE46K09U8,4,T,1,B,E,4,6,K,0,9,U,8,0,P,TOYT,CBA,4D,9,17,3263,,0,1090,,G,,F,4,144,,,16R215,,,,,,0,0,000000000,00000000000,0,0,0,1,0,0,0,0,0,0,0,998,0,1,5,1,6,2,1,0,0,0,1,22,71251,1,1,0,0,2,3,68,150,0,0,1,1,0,7,2009,3,2012,1,6,0,0,0,1,2,45,1,1,1,1,0,0,15,51,1,1,2,47,1,1
22,220652,2,2,1,20,6,14,5,12,7,1,0,22,1,49,402,49402,14,2006,JTMZD33V4650,J,T,M,Z,D,3,3,V,4,6,5,0,0,P,TOYT,RG4,UT,6,17,3300,,0,1050,,G,,F,4,144,,,15R215,,,,,,0,0,000000000,00000000000,0,0,0,1,0,0,0,0,0,0,0,998,0,0,0,7,4,3,12,0,0,0,1,22,71251,6,1,0,0,3,3,57,238,0,0,0,0,0,0,0,0,0,0,0,0,0,0,1,2,45,1,1,1,1,0,0,1,53,1,1,1,45,0,0
22,220653,1,1,1,5,11,15,0,30,0,1,0,22,2,49,32,49032,4,2007,1NXBR32E47Z8,1,N,X,B,R,3,2,E,4,7,Z,8,0,P,TOYT,UCS,4D,7,17,2530,,0,1024,,G,,F,4,109,,,15R185,,,,,,0,0,000000000,00000000000,0,0,0,1,0,0,0,0,0,0,0,78,0,1,5,9,6,2,30,0,0,0,1,22,70816,6,1,0,0,3,3,71,140,0,0,0,0,0,0,0,0,0,1,99,99,99,99,5,4,45,3,1,1,1,28,3,14,6,6,4,4,2,1,0
22,220654,1,2,5,12,12,14,20,33,0,1,0,22,2,24,401,24401,14,2004,5GZCZ63414S8,5,G,Z,C,Z,6,3,4,1,4,S,8,0,P,STRN,VUE,UT,4,17,3631,,0,1066,,G,,F,6,214,,,17R235,,,,,,0,0,000000000,00000000000,0,0,0,1,0,0,0,0,0,0,0,999,0,0,0,14,6,2,30,0,0,0,1,22,70127,6,1,0,0,3,3,60,230,0,0,0,0,0,0,0,0,0,1,6,91,0,0,2,2,35,1,1,1,1,3,3,1,6,99,2,4,7,1,0
22,220654,2,2,2,12,12,14,20,33,0,1,0,48,2,39,36,39036,4,2003,SAJEA51CX3WC,S,A,J,E,A,5,1,C,X,3,W,C,0,P,JAGU,XT3,4D,3,17,3526,,0,1067,,G,,F,6,181,,,16R205,,,,,,0,0,000000000,00000000000,0,0,0,1,0,0,0,0,0,0,0,0,0,0,0,12,2,1,54,0,0,0,1,48,75098,6,1,0,0,3,3,999,999,0,0,0,0,0,0,0,0,0,0,0,0,0,0,2,2,35,1,1,1,1,3,3,5,98,1,1,1,98,0,0
22,220655,1,2,1,25,9,15,10,12,6,1,0,22,1,7,442,7442,20,1998,2B4FP2530WR7,2,B,4,F,P,2,5,3,0,W,R,7,0,P,DODG,CAR,SV,98,17,3428,,0,1133,,G,,F,6,181,,,14R205,,,,,,0,0,000000000,00000000000,0,0,0,1,0,0,0,0,0,0,0,15,0,0,0,12,4,4,12,0,0,0,1,26,70127,9,9,99,9,9,9,999,999,99,99,99,99,99,99,9999,99,9999,0,38,0,0,0,1,2,25,1,1,1,1,20,3,1,17,1,1,1,88,0,0
22,220655,2,2,1,25,9,15,10,12,6,1,0,22,1,49,40,49040,4,2000,4T1BG22K5YU6,4,T,1,B,G,2,2,K,5,Y,U,6,0,P,TOYT,UEX,4D,0,17,2998,,0,1051,,G,,F,4,132,,,14R195,,,,,,0,0,000000000,00000000000,0,0,0,1,0,0,0,0,0,0,0,999,0,0,0,9,6,2,12,0,0,0,1,22,70127,6,1,0,0,3,0,65,170,0,0,0,0,0,0,0,0,0,9,99,99,99,99,2,2,35,1,1,1,1,0,0,1,66,99,1,1,89,1,0
22,220656,1,1,1,29,12,7,20,8,0,1,0,22,1,35,481,35481,31,2009,1N6BA07D59N3,1,N,6,B,A,0,7,D,5,9,N,3,0,T,NISS,TXS,CW,9,17,,2,0,1398,TTN,F,,,8,342,,,,B,5038,00,4,42,0,0,000000000,00000000000,0,0,0,1,0,0,0,0,0,0,0,10,0,0,0,12,0,1,8,0,0,0,1,22,70131,6,1,0,0,3,0,75,208,0,0,0,0,0,0,0,0,0,0,38,0,0,0,4,2,25,1,1,2,1,3,3,11,80,99,1,1,13,0,0
23,230001,1,1,5,1,1,10,35,30,0,1,0,23,1,7,442,7442,20,2003,1D4GP24333B2,1,D,4,G,P,2,4,3,3,3,B,2,0,T,DODG,GCS,ES,3,17,,1,0,1193,CAR,F,,,6,201,,,,,3877,01,E,42,0,0,000000000,00000000000,0,0,0,1,0,0,0,0,0,0,0,998,0,1,6,9,6,2,30,0,0,0,1,12,33521,1,1,0,0,2,0,65,999,0,1,0,0,1,10,2011,10,2011,0,0,0,0,0,1,2,45,3,1,2,4,0,0,14,13,99,9,4,1,1,0
23,230002,1,1,1,2,1,0,59,30,0,1,0,92,0,76,739,76739,90,2010,JY4AJ44Y0AC0,J,Y,4,A,J,4,4,Y,0,A,C,0,0,M,YAMA,Z4X,AT,10,17,,,,,,,449,,1,,4,400,,,,,,,0,0,000000000,00000000000,0,0,0,1,0,0,0,0,0,0,0,998,0,0,0,12,6,2,30,0,0,0,1,23,4562,6,1,0,0,1,0,68,175,0,0,0,0,0,0,0,0,0,1,0,0,0,0,1,2,35,3,1,2,2,0,0,14,6,4,9,4,1,1,1
23,230003,1,1,1,8,1,22,31,30,0,1,0,23,2,18,2,18002,4,2000,1G4HP54K6YU1,1,G,4,H,P,5,4,K,6,Y,U,1,0,P,BUIC,LCF,4D,0,17,3567,,0,1122,,G,,F,6,231,,,15R215,,,,,,0,0,000000000,00000000000,0,0,0,1,0,0,0,0,0,0,0,998,0,0,0,3,6,2,30,0,0,0,1,23,4294,6,1,0,0,3,0,61,110,0,0,0,0,0,0,0,0,0,1,52,0,0,0,1,2,45,2,6,2,1,0,0,14,6,99,9,4,6,1,1
23,230004,1,1,2,12,1,11,38,34,0,1,0,23,1,53,40,53040,4,2009,JS2YB4134951,J,S,2,Y,B,4,1,3,4,9,5,1,0,P,SUZI,STC,4H,9,17,2855,,0,984,,G,,F,4,122,,,16R205,,,,,,0,0,000000000,00000000000,0,0,0,1,0,0,0,0,0,0,0,998,0,0,0,1,6,2,42,0,0,0,1,23,4239,6,1,0,0,3,0,63,156,2,0,0,0,1,8,2011,9,2011,1,0,0,0,0,1,2,50,3,2,2,3,40,3,14,6,99,9,4,1,1,0
23,230005,1,1,2,8,1,1,31,43,0,1,0,23,2,20,16,20016,4,1998,1G1JC5241W72,1,G,1,J,C,5,2,4,1,W,7,2,0,P,CHEV,CAV,4D,98,17,2630,,0,1041,,G,,F,4,133,,,14R195,,,,,,0,0,000000000,00000000000,0,0,0,1,0,0,0,0,0,0,0,998,0,0,0,12,6,2,43,0,0,0,1,23,4005,6,1,0,0,3,3,72,159,1,0,0,0,1,4,2011,8,2011,1,36,0,0,0,1,2,35,4,1,2,1,0,0,14,6,99,1,4,1,1,1
23,230006,1,1,4,7,1,1,0,34,0,1,0,23,2,48,38,48038,4,2002,JF1GD67542G5,J,F,1,G,D,6,7,5,4,2,G,5,0,P,SUBA,IR4,4D,2,17,2965,,0,994,,G,,F,4,150,,,16R205,,,,,,0,0,000000000,00000000000,0,0,0,1,0,0,0,0,0,0,0,998,0,1,6,12,6,2,42,0,0,0,1,23,4289,6,1,0,0,3,0,66,133,2,0,0,0,0,2,2010,6,2010,1,36,0,0,0,1,2,50,1,1,2,3,0,0,1,13,99,9,4,1,2,1
23,230007,1,2,1,24,1,9,26,12,6,1,0,23,2,20,37,20037,4,1999,1G1ND52J2X61,1,G,1,N,D,5,2,J,2,X,6,1,0,P,CHEV,MAL,4D,99,17,3051,,0,1070,,G,,F,6,191,,,15R215,,,,,,0,0,000000000,00000000000,0,0,0,1,0,0,0,0,0,0,0,998,0,0,0,12,6,2,12,0,0,0,1,23,4555,6,1,0,0,3,0,73,177,1,2,0,0,5,11,2010,9,2011,0,39,0,0,0,1,2,45,1,1,2,2,20,3,1,17,99,9,2,86,0,0
23,230007,2,2,1,24,1,9,26,12,6,1,0,23,2,2,404,2404,14,2002,1J4GW48S22C1,1,J,4,G,W,4,8,S,2,2,C,1,0,T,JEEP,LRO,4W,2,17,,1,0,1059,GCK,G,,,6,244,,,,,3868,01,E,44,0,0,000000000,00000000000,0,0,0,1,0,0,0,0,0,0,0,998,0,1,6,83,6,2,12,0,0,0,1,23,4348,6,1,0,0,3,3,72,180,0,0,0,0,0,0,0,0,0,0,50,0,0,0,1,2,45,1,1,2,2,0,0,1,66,12,9,2,87,1,0
23,230008,1,1,2,26,1,22,4,17,0,1,0,50,1,51,43,51043,6,2000,YV1LZ56D0Y27,Y,V,1,L,Z,5,6,D,0,Y,2,7,0,P,VOLV,VXS,SW,0,17,3699,,0,1048,,G,,T,5,149,,,000000,,,,,,0,0,000000000,00000000000,0,0,0,1,0,0,0,0,0,0,0,998,0,0,0,9,6,2,42,0,0,0,1,50,5403,6,1,0,0,3,0,68,175,0,0,0,0,0,0,0,0,0,0,52,0,0,0,2,2,65,1,1,2,1,0,0,1,10,99,9,4,6,1,0
23,230009,1,2,1,25,1,19,12,12,2,1,0,23,1,24,5,24005,4,2003,1G8JU54F23Y5,1,G,8,J,U,5,4,F,2,3,Y,5,0,P,STRN,L20,4D,3,17,3033,,0,1065,,G,,F,4,134,,,15R195,,,,,,0,0,000000000,00000000000,0,0,0,1,0,0,0,0,0,0,0,998,0,0,0,12,6,2,12,0,0,0,1,23,4038,6,1,0,0,3,3,67,190,0,0,0,0,0,0,0,0,0,0,50,39,0,0,2,2,65,1,1,2,1,0,0,1,98,99,9,2,50,1,0
23,230009,2,2,1,25,1,19,12,12,2,1,0,23,1,59,403,59403,14,2006,JTJHW31U9600,J,T,J,H,W,3,1,U,9,6,0,0,0,P,LEXS,RXH,UT,6,17,4365,,0,1069,,B,,F,6,202,,,18R235,,,,,,0,0,000000000,00000000000,0,0,0,1,0,0,0,0,0,0,0,998,0,0,0,12,6,2,12,0,0,0,1,23,4429,6,1,0,0,3,3,70,130,0,0,0,0,0,0,0,0,0,0,0,0,0,0,2,2,65,1,1,2,1,0,0,1,62,99,9,3,51,0,0