STATE,ST_CASE,VEH_NO,VE_FORMS,NUMOCCS,DAY,MONTH,HOUR,MINUTE,HARM_EV,MAN_COLL,UNITTYPE,HIT_RUN,REG_STAT,OWNER,MAKE,MODEL,MAK_MOD,BODY_TYP,MOD_YEAR,VIN,VIN_1,VIN_2,VIN_3,VIN_4,VIN_5,VIN_6,VIN_7,VIN_8,VIN_9,VIN_10,VIN_11,VIN_12,TOW_VEH,VINTYPE,VINMAKE,VINA_MOD,VIN_BT,VINMODYR,VIN_LNGT,VIN_WGT,WGTCD_TR,WHLBS_LG,WHLBS_SH,SER_TR,FUELCODE,MCYCL_DS,CARBUR,CYLINDER,DISPLACE,MCYCL_CY,MCYCL_WT,TIRE_SZE,TON_RAT,TRK_WT,TRKWTVAR,VIN_REST,WHLDRWHL,J_KNIFE,MCARR_I1,MCARR_I2,MCARR_ID,GVWR,V_CONFIG,CARGO_BT,HAZ_INV,HAZ_PLAC,HAZ_ID,HAZ_CNO,HAZ_REL,BUS_USE,SPEC_USE,EMER_USE,TRAV_SP,UNDERIDE,ROLLOVER,ROLINLOC,IMPACT1,DEFORMED,TOWED,M_HARM,VEH_SC1,VEH_SC2,FIRE_EXP,DR_PRES,L_STATE,DR_ZIP,L_STATUS,L_TYPE,CDL_STAT,L_ENDORS,L_COMPL,L_RESTRI,DR_HGT,DR_WGT,PREV_ACC,PREV_SUS,PREV_DWI,PREV_SPD,PREV_OTH,FIRST_MO,FIRST_YR,LAST_MO,LAST_YR,SPEEDREL,DR_SF1,DR_SF2,DR_SF3,DR_SF4,VTRAFWAY,VNUM_LAN,VSPD_LIM,VALIGN,VPROFILE,VPAVETYP,VSURCOND,VTRAFCON,VTCONT_F,P_CRASH1,P_CRASH2,P_CRASH3,PCRASH4,PCRASH5,ACC_TYPE,DEATHS,DR_DRINK
23,230010,1,2,2,5,2,10,37,12,2,1,0,23,1,2,404,2404,14,2009,1J8HR58T99C5,1,J,8,H,R,5,8,T,9,9,C,5,0,T,JEEP,LMT,4W,9,17,,2,0,1095,GCK,G,,,8,348,,,,,4615,00,3,44,0,0,000000000,00000000000,0,0,0,1,0,0,0,0,0,0,0,998,0,0,0,12,6,2,12,0,0,0,1,23,4046,6,1,0,0,3,0,70,175,0,0,0,1,0,6,2010,6,2010,1,28,0,0,0,1,2,30,1,1,2,1,0,0,1,10,99,9,3,50,0,0
23,230010,2,2,1,5,2,10,37,12,2,1,0,23,1,32,43,32043,4,2005,WAUDF78E35A5,W,A,U,D,F,7,8,E,3,5,A,5,0,P,AUDI,NAQ,4D,5,17,3428,,0,1043,,G,,T,4,122,,,16R215,,,,,,0,0,000000000,00000000000,0,0,0,1,0,0,0,0,0,0,0,998,0,0,0,12,6,2,12,0,0,0,1,23,4210,6,1,0,0,3,0,66,150,0,0,0,0,0,0,0,0,0,0,0,0,0,0,1,2,30,1,1,2,1,0,0,1,62,99,9,3,51,1,0
23,230011,1,1,1,9,2,19,52,35,0,1,0,23,1,12,481,12481,31,2006,1FTSX21P16EC,1,F,T,S,X,2,1,P,1,6,E,C,0,T,FORD,F2S,4C,6,17,,2,1580,1420,SRW,D,,,8,366,,,,C,6207,01,U,44,0,0,000000000,00000000000,0,0,0,1,0,0,0,0,0,0,0,998,0,1,6,12,6,2,1,0,0,0,1,23,4543,6,1,0,0,3,0,68,140,0,0,0,0,0,0,0,0,0,1,0,0,0,0,1,2,30,2,1,2,1,0,0,14,6,99,9,4,6,1,1
23,230012,1,1,2,5,2,11,40,34,0,1,0,23,1,20,481,20481,31,2008,2GCEK19J2812,2,G,C,E,K,1,9,J,2,8,1,2,0,T,CHEV,SK1,4C,8,17,,2,1575,1339,SIL,G,,,8,323,,,,B,5226,02,,44,0,0,000000000,00000000000,0,0,0,1,0,0,0,0,0,0,0,998,0,0,0,63,6,2,42,0,0,0,1,23,4630,6,1,6,0,3,0,67,200,0,0,0,0,1,6,2009,6,2009,1,58,0,0,0,1,2,50,1,1,2,1,0,0,1,10,99,9,4,6,1,1
23,230013,1,1,1,8,2,17,34,34,0,1,0,23,1,7,482,7482,31,2008,1D7HU18N28J1,1,D,7,H,U,1,8,N,2,8,J,1,0,T,DODG,SQ1,CW,8,17,,2,1605,1405,RPC,G,,,8,287,,,,B,5201,00,E,44,0,0,000000000,00000000000,0,0,0,1,0,0,0,0,0,0,0,998,0,1,6,12,6,2,1,0,0,0,1,23,4354,6,1,6,0,3,0,70,214,0,0,0,0,0,0,0,0,0,1,36,0,0,0,1,2,45,1,1,2,1,0,0,1,10,99,9,4,6,1,1
23,230014,1,1,1,19,2,7,0,34,0,1,0,23,2,18,7,18007,4,1999,2G4WS52M5X16,2,G,4,W,S,5,2,M,5,X,1,6,0,P,BUIC,CCU,4D,99,17,3353,,0,1090,,G,,F,6,191,,,15R205,,,,,,0,0,000000000,00000000000,0,0,0,1,0,0,0,0,0,0,0,998,0,1,6,12,6,2,1,0,0,0,1,23,4029,6,1,0,0,3,0,62,124,0,0,0,0,0,0,0,0,0,0,0,0,0,0,1,2,40,1,1,2,1,0,0,1,10,99,9,4,6,1,0
23,230015,1,2,1,28,2,19,20,12,2,1,0,23,1,73,709,73709,88,2001,JKALX8A191A0,J,K,A,L,X,8,A,1,9,1,A,0,0,M,KAWK,LX3,EN,1,17,,,,,,,300,,1,,4,232,,,,,,,0,0,000000000,00000000000,0,0,0,1,0,0,0,0,0,0,0,998,0,0,0,12,6,2,12,0,0,0,1,23,4627,6,1,0,0,1,0,70,140,0,0,0,0,0,0,0,0,0,0,28,38,0,0,1,2,45,1,1,2,5,0,0,1,10,99,9,2,50,1,1
23,230015,2,2,1,28,2,19,20,12,2,1,0,23,1,37,31,37031,4,2000,1HGEJ6573YL0,1,H,G,E,J,6,5,7,3,Y,L,0,0,P,HOND,UCL,4D,0,17,2410,,0,1032,,G,,F,4,097,,,14R185,,,,,,0,0,000000000,00000000000,0,0,0,1,0,0,0,0,0,0,0,998,0,0,0,12,6,2,12,0,0,0,1,23,4103,6,1,0,0,3,0,69,150,0,0,0,0,0,0,0,0,0,0,0,0,0,0,1,2,45,1,1,2,5,0,0,1,62,99,1,1,51,0,0
23,230016,1,2,1,5,3,6,53,12,6,1,0,23,2,49,32,49032,4,2001,1NXBR12E51Z4,1,N,X,B,R,1,2,E,5,1,Z,4,0,P,TOYT,UCS,4D,1,17,2410,,0,970,,G,,F,4,109,,,14R175,,,,,,0,0,000000000,00000000000,0,0,0,1,0,0,0,0,0,0,0,998,0,1,1,3,6,2,12,0,0,0,1,23,4422,6,1,0,0,3,0,67,151,0,0,0,0,0,0,0,0,0,1,28,0,0,0,1,2,50,2,1,2,3,0,0,14,6,99,9,3,64,1,0
23,230016,2,2,1,5,3,6,53,12,6,1,0,23,1,12,881,12881,63,1991,1FDZW82AXMVA,1,F,D,Z,W,8,2,A,X,M,V,A,1,T,FORD,L0F,CC,91,17,,8,2580,1500,CON,D,,,6,473,,,,P,00000,00,A,64,1,57,812155,57812155,3,4,10,1,0,0,0,0,0,0,0,998,0,1,2,12,6,2,12,0,0,0,1,23,4472,6,1,6,3,3,0,70,160,0,0,0,0,0,0,0,0,0,0,0,0,0,0,1,2,50,1,1,2,3,0,0,1,62,7,1,3,65,0,0
23,230017,1,1,2,7,3,23,3,42,0,1,0,23,2,20,2,20002,4,2001,2G1WF55K9192,2,G,1,W,F,5,5,K,9,1,9,2,0,P,CHEV,IMP,4D,1,17,3389,,0,1105,,G,,F,6,231,,,16R225,,,,,,0,0,000000000,00000000000,0,0,0,1,0,0,0,0,0,0,0,998,0,0,0,9,6,2,42,0,0,0,1,23,4493,6,1,0,0,3,3,60,120,0,0,0,0,0,0,0,0,0,0,0,0,0,0,1,2,40,3,1,2,1,0,0,14,12,99,1,4,6,1,0
23,230018,1,1,2,17,3,21,33,34,0,1,0,23,2,12,35,12035,4,1999,1FAFP6632XK1,1,F,A,F,P,6,6,3,2,X,K,1,0,P,FORD,CSE,4D,99,17,2774,,0,1065,,G,,F,4,121,,,14R185,,,,,,0,0,000000000,00000000000,0,0,0,1,0,0,0,0,0,0,0,998,0,0,0,12,6,2,42,0,0,0,1,23,4073,6,1,0,0,3,0,70,180,0,0,0,0,0,0,0,0,0,1,36,0,0,0,1,2,40,3,1,2,1,28,3,14,6,99,9,4,6,1,1
23,230019,1,3,2,23,1,16,0,12,2,1,0,23,2,6,43,6043,4,2004,1C3EL56R94N2,1,C,3,E,L,5,6,R,9,4,N,2,0,P,CHRY,SLI,4D,4,17,3167,,0,1080,,G,,F,6,167,,,16R205,,,,,,0,0,000000000,00000000000,0,0,0,1,0,0,0,0,0,0,0,998,0,0,0,12,6,2,12,0,0,0,1,23,4239,1,1,0,0,2,0,70,160,0,1,0,0,0,10,2011,10,2011,1,33,0,0,0,1,2,50,1,1,2,4,28,3,6,6,99,9,3,50,1,1
23,230019,2,3,2,23,1,16,0,12,2,1,0,23,2,12,471,12471,30,2000,1FTZR15V0YPA,1,F,T,Z,R,1,5,V,0,Y,P,A,0,T,FORD,RNS,PC,0,17,,1,0,1259,RNG,F,,,6,182,,,,B,3599,01,U,44,0,0,000000000,00000000000,0,0,0,1,0,0,0,0,0,0,0,998,0,0,0,12,6,2,12,0,0,0,1,23,4294,6,1,0,0,3,0,69,145,0,0,0,0,0,0,0,0,0,0,0,0,0,0,1,2,50,1,1,2,4,0,0,1,62,99,9,3,51,1,0
23,230019,3,3,1,23,1,16,0,12,2,1,0,23,1,24,5,24005,4,2000,1G8JU52F9YY6,1,G,8,J,U,5,2,F,9,Y,Y,6,0,P,STRN,LS1,4D,0,17,2998,,0,1065,,G,,F,4,134,,,15R195,,,,,,0,0,000000000,00000000000,0,0,0,1,0,0,0,0,0,0,0,998,0,0,0,7,2,1,12,0,0,0,1,23,4294,6,1,0,0,3,0,70,160,0,0,0,0,0,0,0,0,0,0,0,0,0,0,1,2,50,1,1,2,4,0,0,1,19,99,9,3,98,0,0
23,230020,1,1,1,16,3,1,19,34,0,1,0,23,1,22,16,22016,2,2004,1G2JB12F8472,1,G,2,J,B,1,2,F,8,4,7,2,0,P,PONT,SFR,CP,4,17,2771,,0,1041,,G,,F,4,134,,,15R195,,,,,,0,0,000000000,00000000000,0,0,0,1,0,0,0,0,0,0,0,998,0,0,0,12,6,2,42,0,0,0,1,23,4056,1,1,0,0,2,3,66,200,0,2,0,0,2,8,2011,1,2012,0,36,0,0,0,1,2,50,3,1,2,1,0,0,14,13,99,9,4,1,1,1
23,230021,1,1,1,15,2,14,26,53,0,1,0,23,2,48,34,48034,4,1996,4S3BD6652T79,4,S,3,B,D,6,6,5,2,T,7,9,0,P,SUBA,ULI,4D,96,17,3125,,0,1035,,G,,F,4,150,,,15R195,,,,,,0,0,000000000,00000000000,0,0,0,1,0,0,0,0,0,0,0,998,0,0,0,12,6,2,43,0,0,0,1,23,4020,6,1,0,0,3,0,72,250,0,0,0,1,0,2,2012,2,2012,0,0,0,0,0,1,2,55,1,1,2,1,0,0,1,10,99,9,5,6,1,0
23,230022,1,2,1,28,3,6,48,12,6,1,0,23,1,12,13,12013,4,1999,1FAFP10P6XW2,1,F,A,F,P,1,0,P,6,X,W,2,0,P,FORD,LXE,4D,99,17,2468,,0,984,,G,,F,4,122,,,14R185,,,,,,0,0,000000000,00000000000,0,0,0,1,0,0,0,0,0,0,0,998,0,0,0,3,6,2,12,0,0,0,1,23,4103,6,1,0,0,3,0,63,136,0,0,0,0,0,0,0,0,0,1,28,0,0,0,1,2,50,1,1,2,3,0,0,1,6,99,9,3,64,1,0
23,230022,2,2,1,28,3,6,48,12,6,1,0,23,1,49,482,49482,31,2007,5TFBV54167X0,5,T,F,B,V,5,4,1,6,7,X,0,0,T,TOYT,DBS,CW,7,17,,2,0,1457,TUN,G,,,8,348,,,,B,5445,00,S,44,0,0,000000000,00000000000,0,0,0,1,0,0,0,0,0,0,0,998,0,0,0,12,6,2,12,0,0,0,1,23,4071,6,1,0,0,3,0,74,180,0,0,0,0,0,0,0,0,0,0,0,0,0,0,1,2,50,1,1,2,3,0,0,1,62,99,9,3,65,0,0
23,230023,1,2,2,31,3,8,33,12,2,1,0,23,1,48,34,48034,4,1991,4S4BJ63C3M69,4,S,4,B,J,6,3,C,3,M,6,9,0,P,SUBA,LH4,SW,91,17,2960,,0,1016,,G,,F,4,135,,,14R185,,,,,,0,0,000000000,00000000000,0,0,0,1,0,0,0,0,0,0,0,998,0,0,0,12,6,2,12,0,0,0,1,23,4640,6,1,0,0,3,3,66,118,0,0,0,0,0,0,0,0,0,0,28,0,0,0,1,2,45,2,1,2,1,0,0,14,10,99,9,3,50,2,0
23,230023,2,2,1,31,3,8,33,12,2,1,0,94,3,12,23,12023,4,2010,3FADP0L3XAR1,3,F,A,D,P,0,L,3,X,A,R,1,0,P,FORD,FHY,4D,10,17,3720,,0,1074,,B,,F,4,152,,,17R225,,,,,,0,0,000000000,00000000000,0,0,0,1,0,0,0,0,0,0,0,998,0,0,0,12,6,2,12,0,0,0,1,23,4609,6,1,0,0,3,3,70,175,0,0,0,0,0,0,0,0,0,0,0,0,0,0,1,2,45,3,1,2,1,0,0,14,62,99,9,2,51,0,0
23,230024,1,1,3,1,4,12,42,42,0,1,0,33,2,20,37,20037,4,2000,1G1ND52J4Y63,1,G,1,N,D,5,2,J,4,Y,6,3,0,P,CHEV,MAL,4D,0,17,3051,,0,1070,,G,,F,6,191,,,15R215,,,,,,0,0,000000000,00000000000,0,0,0,1,0,0,0,0,0,0,0,998,0,1,6,3,6,2,1,0,0,0,1,33,3855,6,1,0,0,3,0,73,180,0,0,0,0,0,0,0,0,0,1,36,0,0,0,1,2,50,3,1,2,1,40,3,6,13,99,9,4,1,1,0
23,230025,1,1,1,30,3,15,29,8,0,1,0,23,1,2,404,2404,14,1999,1J4FF68S0XL6,1,J,4,F,F,6,8,S,0,X,L,6,0,T,JEEP,SPC,4W,99,17,,1,0,1014,CHK,G,,,6,242,,,,,3255,00,E,44,0,0,000000000,00000000000,0,0,0,1,0,0,0,0,0,0,0,998,0,0,0,12,6,2,8,0,0,0,1,23,4363,6,1,0,0,3,0,68,130,0,0,0,0,0,0,0,0,0,0,36,0,0,0,1,2,30,1,2,2,1,0,0,1,10,99,9,4,6,0,1
23,230026,1,1,1,7,4,0,19,53,0,1,0,23,1,20,482,20482,31,2008,3GNFK12308G2,3,G,N,F,K,1,2,3,0,8,G,2,0,T,CHEV,KAV,SP,8,17,,2,0,1300,AVL,F,,,8,323,,,,B,5803,00,,44,0,0,000000000,00000000000,0,0,0,1,0,0,0,0,0,0,0,998,0,1,6,12,6,2,30,0,0,0,1,23,4294,6,1,0,0,3,3,68,180,0,0,0,0,0,0,0,0,0,1,0,0,0,0,1,2,35,3,1,2,1,0,0,14,6,99,9,4,1,1,1
23,230027,1,1,1,6,4,1,18,34,0,1,0,23,2,14,17,14017,4,2003,1MEHM55S93A6,1,M,E,H,M,5,5,S,9,3,A,6,0,P,MERC,SLP,4D,3,17,3369,,0,1085,,G,,F,6,182,,,16R215,,,,,,0,0,000000000,00000000000,0,0,0,1,0,0,0,0,0,0,0,998,0,2,6,6,6,2,1,0,0,0,1,23,4027,6,1,0,0,3,0,66,170,0,0,0,0,0,0,0,0,0,0,58,0,0,0,1,2,45,3,1,2,1,0,0,14,13,99,9,4,1,1,1
23,230028,1,1,1,13,3,2,44,30,0,1,0,23,1,12,3,12003,2,1994,1FALP4042RF2,1,F,A,L,P,4,0,4,2,R,F,2,0,P,FORD,MUS,CP,94,17,3055,,0,1013,,G,,F,6,232,,,15R205,,,,,,0,0,000000000,00000000000,0,0,0,1,0,0,0,0,0,0,0,998,0,0,0,9,6,2,30,0,0,0,1,23,4978,6,1,6,0,3,3,69,240,0,0,0,0,0,0,0,0,0,1,0,0,0,0,1,2,25,1,1,2,1,0,0,1,12,99,9,5,6,1,0
23,230029,1,1,4,14,4,1,25,38,0,1,0,19,2,41,50,41050,4,2008,1YVHP80C385M,1,Y,V,H,P,8,0,C,3,8,5,M,0,P,MAZD,M6I,4D,8,17,3093,,0,1053,,G,,F,4,140,,,17R215,,,,,,0,0,000000000,00000000000,0,0,0,1,0,0,0,0,0,0,0,998,0,1,6,12,6,2,1,0,0,0,1,23,4345,6,1,0,0,3,0,74,210,1,0,0,0,0,7,2011,7,2011,1,36,0,0,0,1,2,50,1,1,2,1,28,3,1,10,99,9,4,6,1,1
23,230030,1,1,1,22,3,19,28,42,0,1,0,23,2,12,481,12481,31,1996,2FTEF14N9TCA,2,F,T,E,F,1,4,N,9,T,C,A,0,T,FORD,F15,PK,96,17,,2,1330,1170,COF,G,,,8,302,,,,B,4065,00,M,44,0,0,000000000,00000000000,0,0,0,1,0,0,0,0,0,0,0,998,0,1,6,11,6,2,1,0,0,0,1,23,4543,6,1,0,0,3,3,70,175,0,1,1,0,0,2,2010,2,2010,1,0,0,0,0,1,2,35,2,2,2,1,0,0,14,6,99,9,5,6,1,1
23,230032,1,1,1,14,4,1,9,35,0,1,0,23,1,76,709,76709,80,2004,JYAVP17E54A0,J,Y,A,V,P,1,7,E,5,4,A,0,0,M,YAMA,X17,RS,4,17,,,,,,,1670,,2,,4,679,,,,,,,0,0,000000000,00000000000,0,0,0,1,0,0,0,0,0,0,0,998,0,0,0,12,2,1,35,0,0,0,1,23,4473,6,1,0,0,3,3,68,180,1,1,0,0,0,11,2009,6,2011,1,28,0,0,0,6,1,55,2,1,2,1,21,3,14,6,99,9,4,6,1,1
23,230033,1,1,1,1,5,22,38,34,0,1,0,23,1,49,52,49052,5,2009,JTKKU10459J0,J,T,K,K,U,1,0,4,5,9,J,0,0,P,TOYT,SXD,4H,9,17,2625,,0,969,,G,,F,4,110,,,16R195,,,,,,0,0,000000000,00000000000,0,0,0,1,0,0,0,0,0,0,0,998,0,1,6,12,6,2,1,0,0,0,1,23,4921,6,1,0,0,3,0,62,140,0,0,0,0,0,0,0,0,0,0,0,0,0,0,1,2,50,1,1,2,2,0,0,1,13,99,9,4,1,1,0
23,230034,1,2,2,2,5,15,27,12,2,1,0,23,1,12,3,12003,1,2007,1ZVHT84N2753,1,Z,V,H,T,8,4,N,2,7,5,3,0,P,FORD,MUS,CV,7,17,3352,,0,1071,,G,,F,6,244,,,16R215,,,,,,0,0,000000000,00000000000,0,0,0,1,0,0,0,0,0,0,0,998,0,0,0,12,6,2,12,0,0,0,1,23,4040,6,1,0,0,3,3,64,145,0,0,0,0,0,0,0,0,0,0,28,0,0,0,1,2,50,2,1,2,1,40,3,14,10,99,9,2,50,2,0
23,230034,2,2,1,2,5,15,27,12,2,1,0,23,3,87,890,87890,66,1997,1XP5DB9X1VN4,1,X,P,5,D,B,9,X,1,V,N,4,1,T,PTRB,379,TR,97,17,,8,0,0,CON,D,,,6,893,,,,,00000,00,,64,1,54,1774187,541774187,3,6,10,2,2,1993,88,2,0,0,0,998,0,1,6,12,6,2,12,0,0,0,1,23,4281,6,1,6,3,3,0,70,135,0,0,0,0,0,0,0,0,0,0,0,0,0,0,1,2,50,3,1,2,1,40,3,14,62,9,9,3,51,0,0
23,230035,1,1,1,24,4,9,27,33,0,1,0,23,2,20,461,20461,22,2000,1GCGG25R9Y12,1,G,C,G,G,2,5,R,9,Y,1,2,0,T,CHEV,E25,CG,0,17,,2,0,1350,EXP,G,,,8,350,,,,C,4850,00,,42,0,0,000000000,00000000000,0,0,0,1,0,0,0,0,0,0,0,998,0,1,6,12,6,2,1,0,0,0,1,23,4064,1,1,0,0,2,0,68,175,0,4,0,4,0,5,2009,3,2011,1,52,0,0,0,1,2,40,1,2,2,1,40,3,6,12,99,9,4,6,1,0
23,230036,1,1,2,11,5,21,55,42,0,1,0,23,2,30,40,30040,4,1997,3VWRB81H2VM0,3,V,W,R,B,8,1,H,2,V,M,0,0,P,VOLK,UJG,4D,97,17,2577,,0,974,,G,,F,4,121,,,14R195,,,,,,0,0,000000000,00000000000,0,0,0,1,0,0,0,0,0,0,0,998,0,1,6,12,6,2,1,0,0,0,1,23,4048,6,1,0,0,3,0,72,180,0,0,0,0,1,4,2012,4,2012,1,0,0,0,0,1,2,45,2,1,1,1,40,3,14,6,99,9,4,1,2,1
23,230037,1,1,1,12,5,18,34,34,0,1,0,23,2,72,709,72709,80,2006,1HD1KBW166Y6,1,H,D,1,K,B,W,1,6,6,Y,6,0,M,HD,FHI,RS,6,17,,,,,,,1450,,2,,4,745,,,,,,,0,0,000000000,00000000000,0,0,0,1,0,0,0,0,0,0,0,998,0,0,0,12,6,2,1,0,0,0,1,23,4849,6,1,0,0,3,3,68,160,2,0,0,1,2,7,2009,1,2010,0,0,0,0,0,1,2,45,3,1,2,1,0,0,14,13,99,9,4,1,1,1
23,230038,1,1,1,13,5,12,37,34,0,1,0,23,2,12,17,12017,4,2003,1FAHP53U83G2,1,F,A,H,P,5,3,U,8,3,G,2,0,P,FORD,TSE,4D,3,17,3336,,0,1085,,G,,F,6,182,,,16R215,,,,,,0,0,000000000,00000000000,0,0,0,1,0,0,0,0,0,0,0,998,0,1,6,12,6,2,1,0,0,0,1,23,4915,6,1,0,0,3,3,68,190,1,0,0,1,1,10,2009,4,2012,1,0,0,0,0,1,2,45,1,1,2,1,0,0,1,13,99,9,4,1,1,0
23,230039,1,2,1,25,5,7,4,12,6,1,0,23,1,55,35,55035,4,2012,5NPDH4AE4CH0,5,N,P,D,H,4,A,E,4,C,H,0,0,P,HYUN,EGM,4D,12,17,2661,,0,1063,,G,,F,4,110,,,17R215,,,,,,0,0,000000000,00000000000,0,0,0,1,0,0,0,0,0,0,0,998,0,0,0,9,4,1,12,0,0,0,1,23,4401,6,1,0,0,3,0,68,160,0,0,0,0,0,0,0,0,0,0,28,0,0,0,1,2,45,1,1,2,1,0,0,11,10,99,9,3,68,1,0
23,230039,2,2,2,25,5,7,4,12,6,1,0,23,2,20,481,20481,31,2007,1GBJK34U07E1,1,G,B,J,K,3,4,U,0,7,E,1,0,T,CHEV,SK3,CB,7,17,,3,1615,1370,SIL,G,,,8,366,,,,D,5774,01,,44,0,0,000000000,00000000000,0,0,0,1,0,0,0,0,0,0,0,998,0,0,0,12,4,1,12,0,0,0,1,23,4969,6,1,0,0,3,3,72,145,1,2,1,1,0,7,2011,9,2011,0,0,0,0,0,1,2,45,1,1,2,1,0,0,1,62,99,9,3,69,0,0
23,230040,1,2,3,27,5,19,12,12,2,1,0,23,1,54,31,54031,3,1998,JH4DC2387WS0,J,H,4,D,C,2,3,8,7,W,S,0,0,P,ACUR,GSR,2H,98,17,2603,,0,1012,,G,,F,4,110,,,15R195,,,,,,0,0,000000000,00000000000,0,0,0,1,0,0,0,0,0,0,0,998,0,1,6,12,6,2,12,0,0,0,1,23,4605,6,1,0,0,3,0,72,180,0,0,0,0,2,6,2011,1,2012,1,28,0,0,0,1,2,35,1,1,2,1,0,0,1,6,99,1,3,50,2,1
23,230040,2,2,2,27,5,19,12,12,2,1,0,23,2,14,6,14006,4,1997,2MELM74W1VX7,2,M,E,L,M,7,4,W,1,V,X,7,0,P,MERC,GMG,4D,97,17,3792,,0,1144,,G,,F,8,281,,,15R215,,,,,,0,0,000000000,00000000000,0,0,0,1,0,0,0,0,0,0,0,998,0,0,0,12,6,2,12,0,0,0,1,23,4609,6,1,0,0,3,0,66,125,0,0,0,0,0,0,0,0,0,0,0,0,0,0,1,2,35,1,1,2,1,0,0,1,62,99,1,3,51,0,0
23,230041,1,1,1,19,5,23,32,26,0,1,0,23,1,76,709,76709,80,2001,JYARN07E21A0,J,Y,A,R,N,0,7,E,2,1,A,0,0,M,YAMA,FZS,RC,1,17,,,,,,,998,,4,,4,458,,,,,,,0,0,000000000,00000000000,0,0,0,1,0,0,0,0,0,0,0,998,0,0,0,12,6,2,46,0,0,0,1,23,4092,6,1,0,0,3,3,67,145,0,0,0,2,2,9,2010,3,2012,0,36,0,0,0,1,2,35,2,1,2,1,3,3,14,10,99,1,4,6,1,1
23,230042,1,1,4,17,5,17,57,35,0,1,0,23,2,18,401,18401,14,2002,3G5DB03E72S5,3,G,5,D,B,0,3,E,7,2,S,5,0,P,BUIC,RZV,UT,2,17,4250,,0,1122,,G,,F,6,204,,,16R215,,,,,,0,0,000000000,00000000000,0,0,0,1,0,0,0,0,0,0,0,999,0,1,6,12,6,2,1,0,0,0,1,23,4910,0,0,0,0,0,0,999,999,0,0,0,0,0,0,0,0,0,1,58,0,0,0,1,2,0,2,1,4,1,0,0,14,6,99,1,4,6,1,0
23,230043,1,1,1,13,4,9,59,58,0,1,0,23,1,35,43,35043,4,2007,3N1AB61E17L7,3,N,1,A,B,6,1,E,1,7,L,7,0,P,NISS,SL2,4D,7,17,2853,,0,1057,,G,,F,4,122,,,15R205,,,,,,0,0,000000000,00000000000,0,0,0,1,0,0,0,0,0,0,0,998,0,0,0,12,6,2,26,0,0,0,1,23,4064,6,1,0,0,3,0,62,160,0,0,0,0,0,0,0,0,0,1,0,0,0,0,1,2,25,1,1,2,1,0,0,1,17,99,9,4,1,1,0
23,230044,1,3,2,12,5,19,0,12,6,1,0,23,2,37,31,37031,4,1999,1HGEM1152XL0,1,H,G,E,M,1,1,5,2,X,L,0,0,P,HOND,USS,CP,99,17,2612,,0,1032,,G,,F,4,097,,,15R195,,,,,,0,0,000000000,00000000000,0,0,0,1,0,0,0,0,0,0,0,0,0,0,0,9,6,2,12,0,0,0,1,23,4073,6,1,0,0,3,0,71,180,0,2,0,0,3,1,2011,9,2011,0,0,0,0,0,1,2,35,1,1,2,1,3,3,5,67,99,9,3,98,0,0
23,230044,2,3,2,12,5,19,0,12,6,1,0,23,1,49,32,49032,4,1996,2T1BA02E8TC1,2,T,1,B,A,0,2,E,8,T,C,1,0,P,TOYT,COA,4D,96,17,2315,,0,970,,G,,F,4,097,,,14R175,,,,,,0,0,000000000,00000000000,0,0,0,1,0,0,0,0,0,0,0,998,0,0,0,3,6,2,12,0,0,0,1,23,4073,6,1,0,0,3,0,65,200,0,0,0,0,0,0,0,0,0,0,48,0,0,0,1,2,35,1,1,2,1,3,3,11,15,99,1,3,68,1,0
23,230044,3,3,1,12,5,19,0,12,6,1,0,23,1,20,481,20481,31,2003,2GCEK19TX312,2,G,C,E,K,1,9,T,X,3,1,2,0,T,CHEV,SK1,4C,3,17,,2,1575,1435,SIL,G,,,8,325,,,,B,4910,02,,44,0,0,000000000,00000000000,0,0,0,1,0,0,0,0,0,0,0,998,0,0,0,12,6,2,12,0,0,0,1,23,4002,6,1,0,0,3,0,76,200,0,0,0,0,0,0,0,0,0,0,0,0,0,0,1,2,35,1,1,2,1,3,3,1,66,99,9,3,69,0,0
23,230045,1,1,1,12,5,20,30,35,0,1,0,23,1,22,32,22032,6,2004,5Y2SM62844Z4,5,Y,2,S,M,6,2,8,4,4,Z,4,0,P,PONT,VA4,4H,4,17,2980,,0,1024,,G,,F,4,110,,,16R205,,,,,,0,0,000000000,00000000000,0,0,0,1,0,0,0,0,0,0,0,998,0,0,0,12,6,2,3,0,0,0,1,23,4976,6,1,0,0,3,0,61,165,0,0,0,0,0,0,0,0,0,0,0,0,0,0,1,2,55,4,1,2,1,0,0,14,12,99,9,4,6,1,1
23,230046,1,2,1,7,6,19,5,12,2,1,0,23,1,37,709,37709,80,2002,JH2RC44192M6,J,H,2,R,C,4,4,1,9,2,M,6,0,M,HOND,T7D,RS,2,17,,,,,,,745,,2,,4,496,,,,,,,0,0,000000000,00000000000,0,0,0,1,0,0,0,0,0,0,0,998,0,0,0,12,6,2,12,0,0,0,1,23,4239,6,1,0,0,3,0,67,190,0,0,0,0,0,0,0,0,0,0,28,0,0,0,1,2,55,2,1,2,1,0,0,14,10,99,9,9,50,1,0