STATE,ST_CASE,VEH_NO,VE_FORMS,NUMOCCS,DAY,MONTH,HOUR,MINUTE,HARM_EV,MAN_COLL,UNITTYPE,HIT_RUN,REG_STAT,OWNER,MAKE,MODEL,MAK_MOD,BODY_TYP,MOD_YEAR,VIN,VIN_1,VIN_2,VIN_3,VIN_4,VIN_5,VIN_6,VIN_7,VIN_8,VIN_9,VIN_10,VIN_11,VIN_12,TOW_VEH,VINTYPE,VINMAKE,VINA_MOD,VIN_BT,VINMODYR,VIN_LNGT,VIN_WGT,WGTCD_TR,WHLBS_LG,WHLBS_SH,SER_TR,FUELCODE,MCYCL_DS,CARBUR,CYLINDER,DISPLACE,MCYCL_CY,MCYCL_WT,TIRE_SZE,TON_RAT,TRK_WT,TRKWTVAR,VIN_REST,WHLDRWHL,J_KNIFE,MCARR_I1,MCARR_I2,MCARR_ID,GVWR,V_CONFIG,CARGO_BT,HAZ_INV,HAZ_PLAC,HAZ_ID,HAZ_CNO,HAZ_REL,BUS_USE,SPEC_USE,EMER_USE,TRAV_SP,UNDERIDE,ROLLOVER,ROLINLOC,IMPACT1,DEFORMED,TOWED,M_HARM,VEH_SC1,VEH_SC2,FIRE_EXP,DR_PRES,L_STATE,DR_ZIP,L_STATUS,L_TYPE,CDL_STAT,L_ENDORS,L_COMPL,L_RESTRI,DR_HGT,DR_WGT,PREV_ACC,PREV_SUS,PREV_DWI,PREV_SPD,PREV_OTH,FIRST_MO,FIRST_YR,LAST_MO,LAST_YR,SPEEDREL,DR_SF1,DR_SF2,DR_SF3,DR_SF4,VTRAFWAY,VNUM_LAN,VSPD_LIM,VALIGN,VPROFILE,VPAVETYP,VSURCOND,VTRAFCON,VTCONT_F,P_CRASH1,P_CRASH2,P_CRASH3,PCRASH4,PCRASH5,ACC_TYPE,DEATHS,DR_DRINK
23,230046,2,2,2,7,6,19,5,12,2,1,0,55,3,20,481,20481,31,2008,1GCHK23K38F1,1,G,C,H,K,2,3,K,3,8,F,1,0,T,CHEV,2KH,CW,8,17,,2,1670,1530,SIL,G,,,8,366,,,,C,5883,02,,44,0,0,000000000,00000000000,0,0,0,1,0,0,0,0,0,0,0,998,0,0,0,12,6,2,12,0,0,0,1,23,4911,6,1,0,0,3,0,71,200,0,0,0,0,0,0,0,0,0,0,0,0,0,0,1,2,55,3,1,2,1,0,0,14,62,99,9,9,51,0,0
23,230047,1,2,1,20,6,8,41,12,6,1,0,23,2,7,422,7422,15,2004,1D4HB48N84F1,1,D,4,H,B,4,8,N,8,4,F,1,0,P,DODG,DUR,UT,4,17,4958,,0,1192,,G,,F,8,287,,,17R245,,,,,,0,0,000000000,00000000000,0,0,0,1,0,0,0,0,0,0,0,998,0,0,0,3,6,2,12,0,0,0,1,23,4950,6,2,0,0,3,0,76,190,0,0,0,0,0,0,0,0,0,0,38,0,0,0,1,2,50,1,1,2,1,20,3,11,15,99,9,3,68,0,0
23,230047,2,2,1,20,6,8,41,12,6,1,0,23,1,37,709,37709,80,1982,1HFSC0400CA2,1,H,F,S,C,0,4,0,0,C,A,2,0,M,HOND,C9C,RS,82,17,,,,,,,900,,4,,4,571,,,,,,,0,0,000000000,00000000000,0,0,0,1,0,0,0,0,0,0,0,998,0,0,0,12,6,2,12,0,0,0,1,23,4976,6,1,6,0,3,0,71,175,0,2,0,0,1,12,2009,12,2011,0,0,0,0,0,1,2,50,1,1,2,1,20,3,1,62,99,9,9,69,1,0
23,230048,1,1,1,9,6,23,23,35,0,1,0,23,2,55,35,55035,4,1999,KMHJF25F5XU7,K,M,H,J,F,2,5,F,5,X,U,7,0,P,HYUN,ELL,4D,99,17,2560,,0,1004,,G,,F,4,121,,,14R175,,,,,,0,0,000000000,00000000000,0,0,0,1,0,0,0,0,0,0,0,998,0,1,6,12,6,2,1,0,0,0,1,23,4239,6,1,0,0,3,0,75,150,0,0,0,0,0,0,0,0,0,0,0,0,0,0,1,2,45,3,1,2,1,0,0,14,12,99,9,4,6,1,1
23,230049,1,3,2,10,6,18,1,12,1,1,0,23,1,55,441,55441,20,2007,KNDMC2337760,K,N,D,M,C,2,3,3,7,7,6,0,0,P,HYUN,ENT,SV,7,17,4400,,0,1189,,G,,F,6,230,,,16R225,,,,,,0,0,000000000,00000000000,0,0,0,1,0,0,0,0,0,0,0,998,0,1,1,12,6,2,12,0,0,1,1,23,4441,6,1,0,0,3,3,69,185,0,0,0,0,0,0,0,0,0,1,28,36,0,0,1,2,25,1,1,2,1,0,0,6,6,99,9,3,24,1,0
23,230049,2,3,3,10,6,18,1,12,1,1,0,23,1,49,40,49040,4,2000,4T1BG22K8YU6,4,T,1,B,G,2,2,K,8,Y,U,6,0,P,TOYT,UEX,4D,0,17,2998,,0,1051,,G,,F,4,132,,,14R195,,,,,,0,0,000000000,00000000000,0,0,0,1,0,0,0,0,0,0,0,998,0,0,0,6,6,2,12,0,0,0,1,23,4401,6,1,0,0,3,0,67,150,0,0,0,0,0,0,0,0,0,0,0,0,0,0,1,2,25,1,1,2,1,0,0,1,10,99,9,3,25,0,0
23,230049,3,3,3,10,6,18,1,12,1,1,0,23,1,23,401,23401,14,2002,1GKDT13S6223,1,G,K,D,T,1,3,S,6,2,2,3,0,T,GMC,ENV,4W,2,17,,1,0,1130,ENV,G,,,6,256,,,,B,4628,00,K,44,0,0,000000000,00000000000,0,0,0,1,0,0,0,0,0,0,0,998,0,1,6,12,6,2,12,0,0,0,1,23,4428,6,1,0,0,3,3,68,135,0,0,0,0,0,0,0,0,0,0,0,0,0,0,1,2,25,1,1,2,1,0,0,1,62,99,9,9,98,0,0
23,230050,1,1,1,12,6,21,35,32,0,1,0,0,0,53,734,53734,90,2001,JS1DK4339121,J,S,1,D,K,4,3,3,9,1,2,1,0,M,SUZI,DRE,T,1,17,,,,,,,398,,1,,4,262,,,,,,,0,0,000000000,00000000000,0,0,0,1,0,0,0,0,0,0,0,99,0,0,0,12,2,1,43,0,0,0,1,23,4024,2,1,0,0,2,3,73,180,0,9,1,0,0,7,2009,1,2012,1,36,0,0,0,1,2,35,4,1,2,2,0,0,14,6,99,9,4,6,1,1
23,230051,1,2,1,15,6,18,46,12,2,1,0,23,2,20,16,20016,2,1997,1G1JC1249V72,1,G,1,J,C,1,2,4,9,V,7,2,0,P,CHEV,C/S,CP,97,17,2584,,0,1041,,G,,F,4,133,,,14R195,,,,,,0,0,000000000,00000000000,0,0,0,1,0,0,0,0,0,0,0,998,0,0,0,12,6,2,12,0,0,0,1,23,4412,6,1,0,0,3,0,69,160,1,0,0,2,5,7,2009,2,2012,0,28,0,0,0,1,2,55,1,1,2,1,0,0,1,10,99,9,3,50,1,0
23,230051,2,2,1,15,6,18,46,12,2,1,0,23,1,23,481,23481,31,2003,2GTEC19V4312,2,G,T,E,C,1,9,V,4,3,1,2,0,T,GMC,NC1,4C,3,17,,2,1575,1435,SIE,G,,,8,293,,,,B,4534,03,4,42,0,0,000000000,00000000000,0,0,0,1,0,0,0,0,0,0,0,998,0,1,6,12,6,2,12,0,0,0,1,23,4619,6,1,6,0,3,0,71,175,1,0,0,0,0,4,2010,4,2010,0,0,0,0,0,1,2,55,1,1,2,1,0,0,1,62,99,9,3,51,0,0
23,230052,1,1,1,14,6,23,43,42,0,1,0,23,3,49,402,49402,14,2009,JTMBF33V0950,J,T,M,B,F,3,3,V,0,9,5,0,0,P,TOYT,RG4,UT,9,17,3444,,0,1047,,G,,F,4,153,,,16R215,,,,,,0,0,000000000,00000000000,0,0,0,1,0,0,0,0,0,0,0,998,0,0,0,12,6,2,42,0,0,1,1,23,4348,6,1,0,0,3,0,68,120,0,0,0,0,0,0,0,0,0,1,0,0,0,0,1,2,98,1,1,2,1,0,0,1,6,99,9,4,1,1,0
23,230053,1,1,1,2,6,22,38,8,0,1,0,23,1,22,2,22002,4,2000,1G2HX54K4Y42,1,G,2,H,X,5,4,K,4,Y,4,2,0,P,PONT,BVS,4D,0,17,3633,,0,1122,,G,,F,6,231,,,16R225,,,,,,0,0,000000000,00000000000,0,0,0,1,0,0,0,0,0,0,0,998,0,0,0,12,2,1,8,0,0,0,1,23,4412,6,1,0,0,3,0,66,155,0,0,0,0,0,0,0,0,0,0,86,0,0,0,1,2,25,1,1,2,1,3,3,1,80,99,9,9,13,0,0
23,230054,1,1,1,3,6,3,55,34,0,1,0,23,1,9,19,9019,4,1995,3P3AA4639ST5,3,P,3,A,A,4,6,3,9,S,T,5,0,P,PLYM,ACC,4D,95,17,2782,,0,1035,,G,,F,6,181,,,14R185,,,,,,0,0,000000000,00000000000,0,0,0,1,0,0,0,0,0,0,0,998,0,1,6,12,6,2,42,0,0,1,1,23,4072,6,1,0,0,3,0,69,135,0,0,0,0,1,5,2012,5,2012,1,28,39,0,0,1,2,40,1,1,2,2,20,3,1,17,99,9,4,15,1,1
23,230055,1,2,1,5,6,14,35,12,2,1,0,23,3,51,890,51890,63,2009,4V4NC9KJ09N4,4,V,4,N,C,9,K,J,0,9,N,4,1,T,VOLV,VNL,TR,9,17,,8,0,0,VVN,D,,,6,984,,,,,00000,00,,64,1,57,01893601,5701893601,3,4,97,1,0,0,0,0,0,0,0,998,0,1,1,12,6,2,12,0,0,0,1,23,4401,6,1,6,3,3,3,71,224,0,0,0,1,0,11,2011,11,2011,0,0,0,0,0,1,2,40,3,1,2,1,0,0,14,62,9,9,9,51,0,0
23,230055,2,2,1,5,6,14,35,12,2,1,0,23,2,72,709,72709,80,2002,1HD1CGP1X2K1,1,H,D,1,C,G,P,1,X,2,K,1,0,M,HD,20C,RS,2,17,,,,,,,1200,,2,,4,491,,,,,,,0,0,000000000,00000000000,0,0,0,1,0,0,0,0,0,0,0,998,0,0,0,12,6,2,12,0,0,0,1,23,4496,6,1,0,0,3,3,76,185,0,0,0,0,0,0,0,0,0,0,28,0,0,0,1,2,40,2,1,2,1,0,0,14,10,99,9,3,50,1,1
23,230056,1,1,1,23,6,0,5,33,0,1,0,23,1,37,705,37705,80,2007,JH2PC40087M0,J,H,2,P,C,4,0,0,8,7,M,0,0,M,HOND,B60,RC,7,17,,,,,,,599,,4,,4,345,,,,,,,0,0,000000000,00000000000,0,0,0,1,0,0,0,0,0,0,0,998,0,0,0,12,6,2,33,0,0,0,1,23,4675,6,1,0,0,3,3,66,155,2,2,1,0,0,12,2010,2,2012,0,28,0,0,0,1,2,25,3,2,2,1,0,0,14,13,99,9,4,14,1,1
23,230057,1,1,1,25,6,6,56,35,0,1,0,23,1,12,17,12017,4,2000,1FAFP53U1YG2,1,F,A,F,P,5,3,U,1,Y,G,2,0,P,FORD,TSE,4D,0,17,3333,,0,1085,,G,,F,6,182,,,16R215,,,,,,0,0,000000000,00000000000,0,0,0,1,0,0,0,0,0,0,0,998,0,0,0,12,6,2,35,0,0,0,1,23,4686,6,1,6,0,3,0,72,145,0,0,0,0,0,0,0,0,0,0,28,0,0,0,1,2,55,1,1,2,2,0,0,1,10,99,9,4,6,1,0
23,230058,1,1,4,16,6,23,5,42,0,1,0,37,1,49,32,49032,4,2011,2T1BU4EEXBC7,2,T,1,B,U,4,E,E,X,B,C,7,0,P,TOYT,CBS,4D,11,17,2734,,0,1024,,G,,F,4,110,,,15R195,,,,,,0,0,000000000,00000000000,0,0,0,1,0,0,0,0,0,0,0,998,0,1,6,3,6,2,42,0,0,0,1,37,28546,6,1,0,0,3,0,70,999,0,0,0,0,0,0,0,0,0,1,58,0,0,0,1,2,40,3,1,2,1,40,3,14,6,4,4,4,1,2,1
23,230059,1,2,1,29,6,11,44,12,8,1,0,37,1,20,481,20481,31,1999,2GCEC19V2X12,2,G,C,E,C,1,9,V,2,X,1,2,0,T,CHEV,SC1,3C,99,17,,2,1575,1435,SIL,G,,,8,293,,,,B,4235,02,,42,0,0,000000000,00000000000,0,0,0,1,0,0,0,0,0,0,0,998,0,0,0,11,4,1,12,0,0,0,1,37,28562,6,1,6,0,3,3,73,999,0,0,0,0,1,4,2011,4,2011,0,28,0,0,0,1,2,40,2,1,2,1,0,0,14,10,99,9,3,64,0,0
23,230059,2,2,4,29,6,11,44,12,8,1,0,23,2,12,401,12401,14,1999,1FMZU34E6XUA,1,F,M,Z,U,3,4,E,6,X,U,A,0,P,FORD,EPR,UT,99,17,4128,,0,1116,,G,,F,6,245,,,15R225,,,,,,0,0,000000000,00000000000,0,0,0,1,0,0,0,0,0,0,0,998,0,1,1,9,6,2,12,0,0,0,1,23,4041,6,1,0,0,3,0,68,125,0,0,0,0,0,0,0,0,0,0,0,0,0,0,1,2,40,3,1,2,1,0,0,14,62,99,9,3,65,1,0
23,230060,1,1,1,18,6,14,15,59,0,1,0,23,2,20,16,20016,4,2002,1G1JC5248271,1,G,1,J,C,5,2,4,8,2,7,1,0,P,CHEV,CAC,4D,2,17,2676,,0,1041,,C,,F,4,133,,,14R195,,,,,,0,0,000000000,00000000000,0,0,0,1,0,0,0,0,0,0,0,998,0,0,0,12,6,2,42,0,0,0,1,23,4330,6,1,0,0,3,0,72,185,0,0,0,1,0,4,2011,4,2011,0,0,0,0,0,1,2,45,2,1,2,1,0,0,14,10,99,9,5,6,1,0
23,230061,1,2,1,27,6,13,12,12,2,1,0,23,1,49,43,49043,4,2002,4T1BF28B02U2,4,T,1,B,F,2,8,B,0,2,U,2,0,P,TOYT,UVS,4D,2,17,3417,,0,1071,,G,,F,6,183,,,15R205,,,,,,0,0,000000000,00000000000,0,0,0,1,0,0,0,0,0,0,0,998,0,0,0,12,6,2,12,0,0,0,1,23,4106,6,1,0,0,3,0,66,190,0,0,0,0,0,0,0,0,0,0,48,0,0,0,1,2,40,1,1,2,1,0,0,11,17,99,9,2,68,0,0
23,230061,2,2,1,27,6,13,12,12,2,1,0,23,1,72,709,72709,80,1987,1HD4CAM14HY1,1,H,D,4,C,A,M,1,4,H,Y,1,0,M,HD,XL8,RS,87,17,,,,,,,883,,2,,4,465,,,,,,,0,0,000000000,00000000000,0,0,0,1,0,0,0,0,0,0,0,998,0,0,0,12,6,2,12,0,0,0,1,23,4106,6,1,0,0,3,0,69,225,0,0,0,0,0,0,0,0,0,0,0,0,0,0,1,2,40,1,1,2,1,0,0,1,65,6,9,2,69,1,0
23,230062,1,2,1,29,6,17,25,12,2,1,0,23,1,20,471,20471,30,2000,1GCCS144XY81,1,G,C,C,S,1,4,4,X,Y,8,1,0,T,CHEV,S14,PK,0,17,,1,1179,1083,S,G,,,4,133,,,,B,3029,03,,42,0,0,000000000,00000000000,0,0,0,1,0,0,0,0,0,0,0,998,0,0,0,12,6,2,12,0,0,0,1,23,4988,6,1,0,0,3,0,69,175,0,0,0,0,0,0,0,0,0,1,28,0,0,0,1,2,55,1,1,2,1,0,0,1,10,99,9,3,50,1,0
23,230062,2,2,3,29,6,17,25,12,2,1,0,23,1,23,481,23481,31,2007,1GTHK23U97F1,1,G,T,H,K,2,3,U,9,7,F,1,0,T,GMC,2KH,CW,7,17,,2,1670,1530,SIE,G,,,8,366,,,,C,5883,02,E,44,0,0,000000000,00000000000,0,0,0,1,0,0,0,0,0,0,0,998,0,0,0,12,6,2,12,0,0,0,1,23,4416,6,1,0,0,3,0,69,170,0,0,0,0,0,0,0,0,0,0,0,0,0,0,1,2,55,1,1,2,1,0,0,1,62,99,9,3,51,0,0
23,230063,1,2,2,8,7,12,13,12,2,1,0,23,1,77,706,77706,80,2012,5VPTW36N4C30,5,V,P,T,W,3,6,N,4,C,3,0,0,M,VCTY,VCC,RS,12,17,,,,,,,1731,,2,,4,845,,,,,,,0,0,000000000,00000000000,0,0,0,1,0,0,0,0,0,0,0,998,0,0,0,12,6,2,12,0,0,0,1,23,4736,6,1,0,0,3,3,68,180,0,0,0,0,0,0,0,0,0,0,28,0,0,0,1,2,50,2,1,2,1,0,0,14,10,99,9,3,50,2,0
23,230063,2,2,2,8,7,12,13,12,2,1,0,23,1,55,35,55035,4,2007,KMHDU46D97U1,K,M,H,D,U,4,6,D,9,7,U,1,0,P,HYUN,GST,4D,7,17,2723,,0,1043,,G,,F,4,121,,,15R195,,,,,,0,0,000000000,00000000000,0,0,0,1,0,0,0,0,0,0,0,998,0,0,0,12,6,2,12,0,0,0,1,23,4757,6,1,0,0,3,0,57,200,0,0,0,0,0,0,0,0,0,0,0,0,0,0,1,2,50,3,1,2,1,0,0,14,62,99,9,3,51,0,0
23,230064,1,2,1,8,6,10,53,12,2,1,0,42,1,37,402,37402,14,2010,5J6RE4H75AL0,5,J,6,R,E,4,H,7,5,A,L,0,0,P,HOND,CRV,UT,10,17,3549,,0,1031,,G,,F,4,146,,,17R225,,,,,,0,0,000000000,00000000000,0,0,0,1,0,0,0,0,0,0,0,998,0,0,0,12,6,2,12,0,0,0,1,42,17214,6,1,0,0,3,3,64,999,0,0,0,0,0,0,0,0,0,0,28,0,0,0,1,2,55,1,1,2,1,0,0,1,11,99,9,3,50,0,0
23,230064,2,2,3,8,6,10,53,12,2,1,0,23,2,20,481,20481,31,2007,2GCEK13C0716,2,G,C,E,K,1,3,C,0,7,1,6,0,T,CHEV,1KW,CW,7,17,,2,0,1435,SIL,G,,,8,293,,,,B,5371,00,,44,0,0,000000000,00000000000,0,0,0,1,0,0,0,0,0,0,0,998,0,0,0,12,6,2,12,0,0,0,1,23,4103,6,1,0,0,3,3,69,210,1,0,0,0,0,10,2011,10,2011,0,0,0,0,0,1,2,55,1,1,2,1,0,0,1,62,99,9,3,51,1,0
23,230065,1,2,1,9,6,12,50,12,6,1,0,23,1,12,17,12017,4,2001,1FAFP53U01G2,1,F,A,F,P,5,3,U,0,1,G,2,0,P,FORD,TSE,4D,1,17,3354,,0,1085,,G,,F,6,182,,,16R215,,,,,,0,0,000000000,00000000000,0,0,0,1,0,0,0,0,0,0,0,998,0,0,0,9,6,2,12,0,0,0,1,23,4472,6,1,0,0,3,0,61,250,1,0,0,0,1,9,2010,1,2012,0,38,0,0,0,1,2,50,1,1,2,1,20,3,11,15,99,9,1,82,1,0
23,230065,2,2,1,9,6,12,50,12,6,1,0,23,1,37,39,37039,5,2009,JHMGE88489S0,J,H,M,G,E,8,8,4,8,9,S,0,0,P,HOND,FIS,4H,9,17,2520,,0,984,,G,,F,4,091,,,15R175,,,,,,0,0,000000000,00000000000,0,0,0,1,0,0,0,0,0,0,0,998,0,0,0,12,6,2,12,0,0,0,1,23,4981,6,1,0,0,3,3,64,132,0,0,0,0,1,1,2011,1,2011,0,0,0,0,0,1,2,50,1,1,2,1,0,0,1,66,99,9,3,83,0,0
23,230066,1,1,2,6,7,4,21,42,0,1,0,25,1,20,401,20401,14,2003,1GNDT13X33K1,1,G,N,D,T,1,3,X,3,3,K,1,0,P,CHEV,BZR,UT,3,17,4114,,0,1070,,G,,F,6,262,,,16R235,,,,,,0,0,000000000,00000000000,0,0,0,1,0,0,0,0,0,0,0,998,0,1,6,12,6,2,1,0,0,0,1,25,1983,6,1,0,0,3,0,69,999,0,0,0,0,0,0,0,0,0,1,36,0,0,0,1,2,0,1,1,2,1,0,0,1,11,99,9,4,1,1,1
23,230067,1,1,1,6,7,22,15,53,0,1,0,23,1,12,481,12481,31,1999,2FTZF0824XCB,2,F,T,Z,F,0,8,2,4,X,C,B,0,T,FORD,F15,PK,99,17,,1,0,1202,COF,G,,,6,256,,,,B,4325,00,U,44,0,0,000000000,00000000000,0,0,0,1,0,0,0,0,0,0,0,998,0,0,0,12,6,2,42,0,0,0,1,12,34951,6,1,6,0,3,0,68,999,0,0,2,0,0,4,2010,2,2012,0,0,0,0,0,1,2,35,1,1,2,1,0,0,1,10,99,9,5,6,1,1
23,230068,1,1,2,10,7,1,6,1,0,1,0,23,1,59,33,59033,2,1992,JT8JZ31C5N00,J,T,8,J,Z,3,1,C,5,N,0,0,0,P,LEXS,SC3,CP,92,17,3516,,0,1059,,G,,F,6,183,,,15R215,,,,,,0,0,000000000,00000000000,0,0,0,1,0,0,0,0,0,0,0,998,0,9,2,0,6,2,2,0,0,1,1,23,4210,6,1,0,0,3,0,72,175,0,0,0,0,1,6,2012,6,2012,1,0,0,0,0,1,2,25,3,1,2,1,0,0,14,6,99,9,4,1,2,1
23,230069,1,2,2,12,7,22,13,12,2,1,0,23,1,21,17,21017,4,1996,1G3AJ55M4T64,1,G,3,A,J,5,5,M,4,T,6,4,0,P,OLDS,CRL,4D,96,17,2924,,0,1049,,G,,F,6,191,,,14R185,,,,,,0,0,000000000,00000000000,0,0,0,1,0,0,0,0,0,0,0,998,0,0,0,12,6,2,12,0,0,0,1,23,4210,6,1,0,0,3,0,68,155,0,0,0,0,5,9,2011,1,2012,0,28,36,0,0,1,2,35,1,1,2,1,0,0,1,10,99,9,9,50,0,0
23,230069,2,2,2,12,7,22,13,12,2,1,0,23,1,76,709,76709,80,2009,JYAVN01E49A0,J,Y,A,V,N,0,1,E,4,9,A,0,0,M,YAMA,V95,RS,9,17,,,,,,,942,,2,,4,612,,,,,,,0,0,000000000,00000000000,0,0,0,1,0,0,0,0,0,0,0,998,0,0,0,12,6,2,12,0,0,0,1,23,4274,6,1,0,0,3,0,73,225,1,0,0,2,0,11,2009,7,2011,0,0,0,0,0,1,2,35,2,1,2,1,0,0,14,62,99,9,3,51,1,1
23,230070,1,1,2,14,7,7,43,8,0,1,0,23,1,7,442,7442,20,2010,2D4RN3D14AR4,2,D,4,R,N,3,D,1,4,A,R,4,0,P,DODG,CAR,SV,10,17,4321,,0,1212,,G,,F,6,232,,,16R225,,,,,,0,0,000000000,00000000000,0,0,0,1,0,0,0,0,0,0,0,998,0,0,0,12,2,1,8,0,0,0,1,23,4401,6,1,0,0,3,0,61,140,0,0,0,1,0,8,2009,8,2009,0,86,0,0,0,6,2,25,1,1,2,1,3,3,11,80,99,9,3,13,0,0
23,230071,1,1,1,21,6,12,10,35,0,1,0,23,2,87,890,87890,63,2004,2NPNLD9X94M8,2,N,P,N,L,D,9,X,9,4,M,8,1,T,PTRB,330,CC,4,17,,8,0,0,CON,D,,,6,439,,,,,00000,00,,64,1,57,1697425,571697425,3,4,4,1,0,0,0,0,0,0,0,998,0,0,0,12,6,2,35,0,0,0,1,23,4556,6,1,6,3,3,3,74,200,0,0,0,0,0,0,0,0,0,0,0,0,0,0,1,2,55,1,1,2,1,0,0,1,13,99,9,4,1,1,0
23,230072,1,2,1,20,6,11,52,12,1,1,0,23,1,20,482,20482,31,2002,3GNEK13T82G1,3,G,N,E,K,1,3,T,8,2,G,1,0,T,CHEV,KAV,CW,2,17,,2,0,1300,AVL,G,,,8,325,,,,B,5652,00,,44,0,0,000000000,00000000000,0,0,0,1,0,0,0,0,0,0,0,998,0,0,0,12,6,2,12,0,0,0,1,23,4736,6,1,6,0,3,0,66,170,0,0,0,0,0,0,0,0,0,0,0,0,0,0,1,2,55,1,1,2,1,0,0,1,17,99,9,9,20,0,0
23,230072,2,2,3,20,6,11,52,12,1,1,0,23,2,22,441,22441,20,2003,1GMDX03E53D1,1,G,M,D,X,0,3,E,5,3,D,1,0,T,PONT,MON,ES,3,17,,1,0,1210,MON,G,,,6,207,,,,B,3942,00,K,42,0,0,000000000,00000000000,0,0,0,1,0,0,0,0,0,0,0,0,0,0,0,6,6,2,12,0,0,0,1,23,4736,6,1,0,0,3,0,66,135,0,0,0,1,0,7,2010,7,2010,0,0,0,0,0,1,2,55,1,1,2,1,0,0,11,99,99,9,3,21,1,0
23,230073,1,2,2,23,6,9,8,12,6,1,0,23,2,49,32,49032,4,2010,2T1BU4EE6AC3,2,T,1,B,U,4,E,E,6,A,C,3,0,P,TOYT,CBL,4D,10,17,2723,,0,1024,,G,,F,4,110,,,15R195,,,,,,0,0,000000000,00000000000,0,0,0,1,0,0,0,0,0,0,0,998,0,0,0,1,6,2,12,0,0,0,1,23,4105,6,1,0,0,3,3,72,230,1,0,0,0,0,6,2010,6,2010,0,0,0,0,0,1,2,45,1,1,2,1,3,3,1,66,99,9,3,87,1,0
23,230073,2,2,2,23,6,9,8,12,6,1,0,23,2,37,421,37421,15,2008,5FNYF183X8B0,5,F,N,Y,F,1,8,3,X,8,B,0,0,P,HOND,PIL,UT,8,17,4524,,0,1063,,G,,F,6,213,,,16R235,,,,,,0,0,000000000,00000000000,0,0,0,1,0,0,0,0,0,0,0,998,0,0,0,1,6,2,12,0,0,0,1,23,4097,6,1,0,0,3,0,69,155,0,0,0,0,0,0,0,0,0,0,39,0,0,0,1,2,45,1,1,2,1,3,3,1,17,99,9,3,86,0,0
23,230074,1,1,3,30,6,19,1,42,0,1,0,23,2,23,481,23481,31,2004,1GTEK19T24E1,1,G,T,E,K,1,9,T,2,4,E,1,0,T,GMC,NK1,4C,4,17,,2,1575,1435,SIE,G,,,8,325,,,,B,4548,03,4,44,0,0,000000000,00000000000,0,0,0,1,0,0,0,0,0,0,0,998,0,1,6,3,6,2,1,0,0,0,1,23,4658,6,1,0,0,3,0,72,160,0,1,0,0,1,5,2010,5,2010,1,36,0,0,0,1,2,35,3,1,2,1,99,9,14,6,99,9,4,2,1,1
23,230075,1,1,2,22,6,2,40,33,0,1,0,23,2,20,22,20022,4,2008,1G1AL58F6871,1,G,1,A,L,5,8,F,6,8,7,1,0,P,CHEV,BLT,4D,8,17,3216,,0,1033,,G,,F,4,134,,,15R195,,,,,,0,0,000000000,00000000000,0,0,0,1,0,0,0,0,0,0,0,998,0,0,0,12,6,2,42,0,0,0,1,23,4106,1,1,1,0,2,0,69,180,0,4,0,1,3,9,2010,5,2012,0,28,0,0,0,1,2,45,2,1,2,1,0,0,14,10,99,9,4,6,1,0
23,230076,1,1,2,14,7,12,17,35,0,1,0,23,1,12,481,12481,31,2003,1FTRX18L63NB,1,F,T,R,X,1,8,L,6,3,N,B,0,T,FORD,F15,4C,3,17,,2,1574,1388,COF,G,,,8,330,,,,B,4640,00,U,44,0,0,000000000,00000000000,0,0,0,1,0,0,0,0,0,0,0,998,0,0,0,12,6,2,35,0,0,0,1,23,4614,6,1,0,0,3,0,71,240,0,0,0,0,0,0,0,0,0,0,0,0,0,0,1,2,50,2,1,2,1,0,0,14,13,99,9,4,1,1,0
23,230077,1,2,2,16,6,14,24,12,1,1,0,23,1,18,7,18007,4,2005,2G4WS52J5511,2,G,4,W,S,5,2,J,5,5,1,1,0,P,BUIC,CCU,4D,5,17,3342,,0,1090,,G,,F,6,189,,,15R205,,,,,,0,0,000000000,00000000000,0,0,0,1,0,0,0,0,0,0,0,0,0,0,0,6,6,2,12,0,0,0,1,23,4915,6,1,6,0,3,0,72,215,0,0,0,0,0,0,0,0,0,0,0,0,0,0,1,2,55,1,1,2,1,0,0,11,15,99,9,3,21,1,0
23,230077,2,2,1,16,6,14,24,12,1,1,0,23,1,20,481,20481,31,2004,2GCEK19T5413,2,G,C,E,K,1,9,T,5,4,1,3,0,T,CHEV,SK1,4C,4,17,,2,1575,1435,SIL,G,,,8,325,,,,B,4925,00,,44,0,0,000000000,00000000000,0,0,0,1,0,0,0,0,0,0,0,998,0,0,0,12,6,2,12,0,0,0,1,23,4572,6,1,0,0,3,0,72,185,0,0,0,0,0,0,0,0,0,0,38,0,0,0,1,2,55,1,1,2,1,0,0,1,50,99,9,1,20,0,0
23,230078,1,2,1,26,7,10,47,12,6,1,0,23,1,55,33,55033,4,2008,5NPET46C88H3,5,N,P,E,T,4,6,C,8,8,H,3,0,P,HYUN,SGL,4D,8,17,3253,,0,1074,,G,,F,4,144,,,16R215,,,,,,0,0,000000000,00000000000,0,0,0,1,0,0,0,0,0,0,0,998,0,0,0,3,6,2,12,0,0,0,1,23,4901,6,1,0,0,3,3,62,175,0,0,0,0,0,0,0,0,0,0,38,0,0,0,1,4,55,1,1,2,1,20,3,4,17,99,1,3,87,1,0