STATE,ST_CASE,VEH_NO,VE_FORMS,NUMOCCS,DAY,MONTH,HOUR,MINUTE,HARM_EV,MAN_COLL,UNITTYPE,HIT_RUN,REG_STAT,OWNER,MAKE,MODEL,MAK_MOD,BODY_TYP,MOD_YEAR,VIN,VIN_1,VIN_2,VIN_3,VIN_4,VIN_5,VIN_6,VIN_7,VIN_8,VIN_9,VIN_10,VIN_11,VIN_12,TOW_VEH,VINTYPE,VINMAKE,VINA_MOD,VIN_BT,VINMODYR,VIN_LNGT,VIN_WGT,WGTCD_TR,WHLBS_LG,WHLBS_SH,SER_TR,FUELCODE,MCYCL_DS,CARBUR,CYLINDER,DISPLACE,MCYCL_CY,MCYCL_WT,TIRE_SZE,TON_RAT,TRK_WT,TRKWTVAR,VIN_REST,WHLDRWHL,J_KNIFE,MCARR_I1,MCARR_I2,MCARR_ID,GVWR,V_CONFIG,CARGO_BT,HAZ_INV,HAZ_PLAC,HAZ_ID,HAZ_CNO,HAZ_REL,BUS_USE,SPEC_USE,EMER_USE,TRAV_SP,UNDERIDE,ROLLOVER,ROLINLOC,IMPACT1,DEFORMED,TOWED,M_HARM,VEH_SC1,VEH_SC2,FIRE_EXP,DR_PRES,L_STATE,DR_ZIP,L_STATUS,L_TYPE,CDL_STAT,L_ENDORS,L_COMPL,L_RESTRI,DR_HGT,DR_WGT,PREV_ACC,PREV_SUS,PREV_DWI,PREV_SPD,PREV_OTH,FIRST_MO,FIRST_YR,LAST_MO,LAST_YR,SPEEDREL,DR_SF1,DR_SF2,DR_SF3,DR_SF4,VTRAFWAY,VNUM_LAN,VSPD_LIM,VALIGN,VPROFILE,VPAVETYP,VSURCOND,VTRAFCON,VTCONT_F,P_CRASH1,P_CRASH2,P_CRASH3,PCRASH4,PCRASH5,ACC_TYPE,DEATHS,DR_DRINK
23,230078,2,2,1,26,7,10,47,12,6,1,0,23,3,84,884,84884,63,1999,1HTSCAAL0XH6,1,H,T,S,C,A,A,L,0,X,H,6,1,T,INTL,470,CC,99,17,,6,2540,1280,40S,D,,,6,466,,,,,00000,00,,42,1,57,631038,57631038,3,4,6,1,0,0,0,0,0,0,0,998,0,1,1,12,6,2,12,0,0,0,1,23,4924,6,1,6,3,3,0,69,300,0,0,0,0,0,0,0,0,0,0,0,0,0,0,1,4,55,1,1,2,1,0,0,1,55,99,9,3,86,0,0
23,230079,1,4,2,22,7,18,20,12,1,1,0,23,3,20,37,20037,4,2004,999999999999,9,9,9,9,9,9,9,9,9,9,9,9,0,,,,,,,,,,,,,,,,,,,,,,,,,0,0,000000000,00000000000,0,0,0,1,0,0,0,0,0,0,0,0,0,0,0,6,6,2,12,0,0,0,1,23,4027,6,1,0,0,3,0,60,110,0,1,0,0,0,2,2012,2,2012,0,0,0,0,0,1,2,50,1,1,2,1,0,0,11,15,99,9,3,98,0,0
23,230079,2,4,2,22,7,18,20,12,1,1,0,33,1,23,481,23481,31,2011,1GTR2VE33BZ4,1,G,T,R,2,V,E,3,3,B,Z,4,0,T,GMC,1NK,4C,11,17,,2,1575,1435,SIE,F,,,8,323,,,,B,5286,02,S,44,0,0,000000000,00000000000,0,0,0,1,0,0,0,0,0,0,0,998,0,0,0,12,6,2,12,0,0,0,1,33,3253,6,1,6,0,3,0,68,210,0,0,0,0,0,0,0,0,0,0,0,0,0,0,1,2,50,1,1,2,1,0,0,1,50,3,9,3,98,0,0
23,230079,3,4,1,22,7,18,20,12,1,1,0,23,1,18,2,18002,4,2000,1G4HR54K6YU2,1,G,4,H,R,5,4,K,6,Y,U,2,0,P,BUIC,LLF,4D,0,17,3591,,0,1122,,G,,F,6,231,,,15R215,,,,,,0,0,000000000,00000000000,0,0,0,1,0,0,0,0,0,0,0,998,0,0,0,12,6,2,12,0,0,0,1,23,4073,6,1,0,0,3,3,70,175,0,0,0,0,0,0,0,0,0,0,0,0,0,0,1,2,50,1,1,2,1,0,0,1,62,99,9,3,98,1,0
23,230079,4,4,6,22,7,18,20,12,1,1,0,23,1,12,473,12473,30,2004,1FMZU73K14UA,1,F,M,Z,U,7,3,K,1,4,U,A,0,P,FORD,EPR,UT,4,17,4094,,0,1137,,F,,F,6,245,,,16R235,,,,,,0,0,000000000,00000000000,0,0,0,1,0,0,0,0,0,0,0,998,0,0,0,12,6,2,12,0,0,0,1,23,4076,6,1,0,0,3,3,72,220,1,0,0,2,4,4,2010,6,2012,0,28,0,0,0,1,2,50,1,1,2,1,0,0,1,62,99,9,3,98,0,0
23,230080,1,2,2,25,7,17,18,12,6,1,0,23,2,12,471,12471,30,1989,1FTCR14T2KPA,1,F,T,C,R,1,4,T,2,K,P,A,0,T,FORD,RNS,PC,89,17,,1,0,1250,RNG,G,,,6,177,,,,B,2985,01,A,42,0,0,000000000,00000000000,0,0,0,1,0,0,0,0,0,0,0,998,0,0,0,12,6,2,12,0,0,0,1,23,4435,6,1,0,0,3,3,69,150,0,0,0,0,0,0,0,0,0,0,39,0,0,0,1,2,45,1,1,2,1,20,3,1,17,99,1,3,86,2,0
23,230080,2,2,2,25,7,17,18,12,6,1,0,23,1,20,481,20481,31,1999,1GCEK14W4XE2,1,G,C,E,K,1,4,W,4,X,E,2,0,T,CHEV,SK1,PK,99,17,,2,1330,1190,SIL,G,,,6,262,,,,B,4248,00,,44,0,0,000000000,00000000000,0,0,0,1,0,0,0,0,0,0,0,998,0,0,0,82,6,2,42,0,0,0,1,23,4479,6,1,0,0,3,0,65,145,0,0,0,1,1,7,2010,7,2012,0,0,0,0,0,1,2,45,1,1,2,1,20,3,1,66,99,1,9,87,0,0
23,230081,1,1,1,13,7,14,54,8,0,1,0,23,3,84,890,84890,63,1997,1HTSDAAR6VH4,1,H,T,S,D,A,A,R,6,V,H,4,0,T,INTL,490,CC,97,17,,8,2540,1280,40S,D,,,6,466,,,,,00000,00,,42,0,57,0346290,570346290,3,1,4,1,0,0,0,0,0,0,0,998,0,0,0,12,2,1,8,0,0,0,1,23,4027,6,1,6,3,3,3,67,175,0,0,0,0,0,0,0,0,0,0,38,0,0,0,1,2,25,1,1,2,1,20,3,1,17,99,1,3,13,0,0
23,230082,1,1,1,24,7,9,15,42,0,1,0,23,1,12,3,12003,2,2005,1ZVFT80N3551,1,Z,V,F,T,8,0,N,3,5,5,1,0,P,FORD,MUS,CP,5,17,3300,,0,1071,,G,,F,6,244,,,16R215,,,,,,0,0,000000000,00000000000,0,0,0,1,0,0,0,0,0,0,0,998,0,0,0,12,6,2,42,0,0,0,1,23,4664,1,1,0,0,2,0,66,180,1,2,0,0,3,5,2010,7,2012,0,0,0,0,0,1,2,55,1,1,2,1,0,0,1,12,99,9,4,6,1,0
23,230083,1,2,1,13,7,14,0,12,6,1,0,23,1,49,472,49472,30,1997,JT4UN22D3V00,J,T,4,U,N,2,2,D,3,V,0,0,0,T,TOYT,TXC,PC,97,17,,1,0,1218,T10,G,,,6,206,,,,B,4005,01,M,44,0,0,000000000,00000000000,0,0,0,1,0,0,0,0,0,0,0,998,0,0,0,12,6,2,12,0,0,0,1,23,4282,6,1,0,0,3,3,68,135,0,0,0,0,0,0,0,0,0,0,0,0,0,0,1,2,45,1,1,2,1,0,0,6,65,99,9,3,69,0,0
23,230083,2,2,1,13,7,14,0,12,6,1,0,23,1,18,7,18007,4,2002,2G4WS52J8212,2,G,4,W,S,5,2,J,8,2,1,2,0,P,BUIC,CCU,4D,2,17,3368,,0,1090,,G,,F,6,191,,,15R205,,,,,,0,0,000000000,00000000000,0,0,0,1,0,0,0,0,0,0,0,998,0,0,0,9,6,2,12,0,0,0,1,23,4258,6,1,0,0,3,0,66,170,0,0,0,0,0,0,0,0,0,0,38,0,0,0,1,2,45,1,1,2,1,0,0,11,15,99,9,3,68,1,0
23,230084,1,1,3,13,8,4,1,34,0,1,0,23,1,30,36,30036,5,2007,WVWCS71K57W2,W,V,W,C,S,7,1,K,5,7,W,2,0,P,VOLK,RAB,4H,7,17,3072,,0,1015,,G,,F,5,151,,,15R195,,,,,,0,0,000000000,00000000000,0,0,0,1,0,0,0,0,0,0,0,998,0,1,6,12,6,2,1,0,0,0,1,23,4736,6,1,0,0,3,3,71,290,0,0,0,0,0,0,0,0,0,1,58,0,0,0,1,2,45,3,1,2,1,0,0,14,6,99,9,4,6,1,1
23,230085,1,1,1,13,7,15,47,19,0,1,0,23,1,2,405,2405,14,2005,1J4GL48K55W5,1,J,4,G,L,4,8,K,5,5,W,5,0,T,JEEP,SPR,4W,5,17,,1,0,1043,LIB,G,,,6,226,,,,,3731,00,E,44,0,0,000000000,00000000000,0,0,0,1,0,0,0,0,0,0,0,998,0,1,6,12,6,2,1,0,0,0,1,23,4345,6,1,0,0,3,0,76,275,1,0,0,1,0,12,2010,10,2011,0,0,0,0,0,1,2,40,1,1,2,1,4,3,1,10,99,1,4,6,1,0
23,230086,1,2,2,15,8,16,34,12,6,1,0,12,1,12,461,12461,21,2004,1FTNE24L44HA,1,F,T,N,E,2,4,L,4,4,H,A,1,T,FORD,25V,CG,4,17,,2,0,1380,VAN,G,,,8,330,,,,C,00000,00,E,42,1,0,000000000,00000000000,0,0,0,1,0,0,0,0,0,0,0,998,0,0,0,83,2,1,12,0,0,0,1,12,32952,6,1,6,0,3,3,999,999,0,0,0,0,0,0,0,0,0,0,38,0,0,0,1,2,55,1,1,2,1,4,3,11,63,99,9,3,68,0,0
23,230086,2,2,1,15,8,16,34,12,6,1,0,23,1,72,709,72709,80,1998,1HD1BKL17WY0,1,H,D,1,B,K,L,1,7,W,Y,0,0,M,HD,XTC,RS,98,17,,,,,,,1340,,2,,4,613,,,,,,,0,0,000000000,00000000000,0,0,0,1,0,0,0,0,0,0,0,998,0,0,0,12,6,2,12,0,0,0,1,23,4864,6,1,0,0,3,0,71,175,1,0,0,0,0,2,2011,2,2011,0,0,0,0,0,1,2,55,1,1,2,1,4,3,6,54,99,9,9,69,1,0
23,230087,1,3,1,18,8,15,11,12,1,1,0,23,1,20,481,20481,31,2003,2GCEK19V1312,2,G,C,E,K,1,9,V,1,3,1,2,0,T,CHEV,SK1,4C,3,17,,2,1575,1435,SIL,G,,,8,293,,,,B,4910,02,,44,0,0,000000000,00000000000,0,0,0,1,0,0,0,0,0,0,0,998,0,0,0,12,6,2,12,0,0,0,1,23,4456,6,1,6,0,3,0,68,220,2,0,0,1,0,10,2009,6,2012,0,26,0,0,0,1,2,45,1,2,2,1,3,3,1,50,99,9,3,24,0,0
23,230087,2,3,2,18,8,15,11,12,1,1,0,23,1,12,37,12037,4,2009,1FAHP35N19W1,1,F,A,H,P,3,5,N,1,9,W,1,0,P,FORD,FSE,4D,9,17,2623,,0,1029,,G,,F,4,122,,,16R205,,,,,,0,0,000000000,00000000000,0,0,0,1,0,0,0,0,0,0,0,0,0,0,0,6,6,2,12,0,0,0,1,23,4401,6,1,0,0,3,0,69,300,0,0,0,0,0,0,0,0,0,0,0,0,0,0,1,2,45,1,2,2,1,3,3,11,15,99,9,2,25,1,0
23,230087,3,3,2,18,8,15,11,12,1,1,0,23,1,35,472,35472,30,2011,1N6AD0CW4BC4,1,N,6,A,D,0,C,W,4,B,C,4,0,T,NISS,FLP,4C,11,17,,1,0,0,FRT,G,,,6,244,,,,,4185,00,7,44,0,0,000000000,00000000000,0,0,0,1,0,0,0,0,0,0,0,998,0,0,0,12,6,2,12,0,0,0,1,23,4435,6,1,0,0,3,3,69,185,0,0,0,0,0,0,0,0,0,0,0,0,0,0,1,2,45,1,2,2,1,3,3,1,63,99,9,3,98,0,0
23,230088,1,1,1,31,7,14,10,58,0,1,0,23,1,72,709,72709,80,2008,1HD1BX5198Y0,1,H,D,1,B,X,5,1,9,8,Y,0,0,M,HD,FLF,RS,8,17,,,,,,,1584,,2,,4,714,,,,,,,0,0,000000000,00000000000,0,0,0,1,0,0,0,0,0,0,0,998,0,0,0,12,6,2,58,0,0,0,1,23,4937,6,1,0,0,3,0,72,230,0,0,0,0,0,0,0,0,0,1,36,39,0,0,1,2,35,1,1,2,1,20,3,1,6,99,2,3,16,1,0
23,230089,1,1,1,26,8,1,3,8,0,1,0,23,1,30,40,30040,4,2002,3VWSE69M32M1,3,V,W,S,E,6,9,M,3,2,M,1,0,P,VOLK,JGS,4D,2,17,2899,,0,989,,G,,T,4,109,,,15R195,,,,,,0,0,000000000,00000000000,0,0,0,1,0,0,0,0,0,0,0,998,0,0,0,12,2,1,8,0,0,0,1,23,4103,6,1,0,0,3,0,71,170,0,0,0,1,0,4,2012,4,2012,0,0,0,0,0,1,2,30,1,1,2,1,0,0,1,80,99,9,9,13,0,0
23,230090,1,2,1,27,8,12,14,12,1,1,0,23,3,86,890,86890,63,2000,1M2AC07CXYM0,1,M,2,A,C,0,7,C,X,Y,M,0,0,T,MACK,LE6,GG,0,17,,8,0,0,600,D,,,6,728,,,,,00000,00,,64,0,57,02135620,5702135620,3,2,7,1,0,0,0,0,0,0,0,998,0,0,0,6,2,1,12,0,0,0,1,23,4210,6,1,6,3,3,0,65,180,0,0,0,0,2,6,2010,8,2012,0,0,0,0,0,1,2,50,1,1,2,1,0,0,11,60,99,9,2,32,0,0
23,230090,2,2,1,27,8,12,14,12,1,1,0,23,1,72,709,72709,80,2006,1HD1GP1126K3,1,H,D,1,G,P,1,1,2,6,K,3,0,M,HD,WGI,RS,6,17,,,,,,,1450,,2,,4,0000,,,,,,,0,0,000000000,00000000000,0,0,0,1,0,0,0,0,0,0,0,998,0,0,0,12,6,2,12,0,0,0,1,23,4355,6,1,6,0,3,0,73,195,1,0,0,0,0,9,2010,9,2010,0,35,38,0,0,1,2,50,1,1,2,1,0,0,6,10,99,9,3,32,1,0
23,230091,1,1,1,2,9,11,44,24,0,1,0,23,2,73,709,73709,80,2000,JKBVNCC18YA0,J,K,B,V,N,C,C,1,8,Y,A,0,0,M,KAWK,V8C,RS,0,17,,,,,,,800,,2,,4,536,,,,,,,0,0,000000000,00000000000,0,0,0,1,0,0,0,0,0,0,0,998,0,0,0,12,2,1,24,0,0,0,1,23,4736,6,1,0,0,3,3,67,180,0,0,0,1,2,1,2010,4,2011,0,52,0,0,0,1,2,50,3,1,2,1,40,3,14,13,99,9,4,1,1,0
23,230092,1,2,1,3,8,14,6,12,2,1,0,23,1,20,401,20401,14,2002,1GNDT13W12K1,1,G,N,D,T,1,3,W,1,2,K,1,0,P,CHEV,BZR,UT,2,17,4114,,0,1070,,G,,F,6,262,,,000000,,,,,,0,0,000000000,00000000000,0,0,0,1,0,0,0,0,0,0,0,998,0,0,0,12,6,2,12,0,0,0,1,23,4265,6,1,6,0,3,0,67,120,0,0,0,0,0,0,0,0,0,0,28,0,0,0,1,2,55,1,1,2,1,0,0,1,10,99,9,3,50,1,0
23,230092,2,2,2,3,8,14,6,12,2,1,0,23,3,87,884,87884,63,2006,2NPLLZ0X76M8,2,N,P,L,L,Z,0,X,7,6,M,8,1,T,PTRB,335,CC,6,17,,8,0,0,CON,D,,,6,505,,,,,00000,00,,64,1,57,678653,57678653,3,4,2,1,0,0,0,0,0,0,0,998,0,1,1,12,6,2,12,0,0,0,1,23,4330,6,1,6,3,3,0,68,218,0,0,0,0,0,0,0,0,0,0,0,0,0,0,1,2,55,1,1,2,1,0,0,1,62,9,9,3,51,0,0
23,230093,1,1,2,8,8,4,53,35,0,1,0,0,0,73,739,73739,90,2000,000000000000,0,0,0,0,0,0,0,0,0,0,0,0,0,,,,,,,,,,,,,,,,,,,,,,,,,0,0,000000000,00000000000,0,0,0,1,0,0,0,0,0,0,0,998,0,1,6,12,6,2,1,0,0,0,1,23,4346,1,1,0,0,1,0,70,155,0,5,0,0,4,12,2010,1,2012,1,91,0,0,0,1,2,45,1,1,2,1,0,0,1,12,99,9,4,6,1,1
23,230094,1,1,1,21,8,4,1,33,0,1,0,23,2,72,706,72706,80,1997,1HD1CHP16VY2,1,H,D,1,C,H,P,1,6,V,Y,2,0,M,HD,20S,RS,97,17,,,,,,,1200,,2,,4,497,,,,,,,0,0,000000000,00000000000,0,0,0,1,0,0,0,0,0,0,0,998,0,0,0,12,6,2,1,0,0,0,1,23,4572,1,1,0,0,2,0,66,140,5,0,0,0,2,2,2010,11,2011,1,0,0,0,0,1,2,25,3,1,2,1,0,0,14,6,99,9,4,1,1,1
23,230095,1,1,1,18,8,1,12,58,0,1,0,23,2,72,709,72709,80,1998,1HD1GHL10WY3,1,H,D,1,G,H,L,1,0,W,Y,3,0,M,HD,FDX,RS,98,17,,,,,,,1340,,2,,4,593,,,,,,,0,0,000000000,00000000000,0,0,0,1,0,0,0,0,0,0,0,998,0,0,0,12,6,2,5,0,0,0,1,25,1902,2,1,0,0,2,0,71,999,0,0,0,0,0,0,0,0,0,1,0,0,0,0,1,2,25,3,1,2,2,0,0,14,6,99,9,9,14,1,1
23,230096,1,1,2,2,9,0,40,33,0,1,0,44,2,12,473,12473,30,2003,1FMZU73W23UA,1,F,M,Z,U,7,3,W,2,3,U,A,0,P,FORD,EPR,UT,3,17,4094,,0,1137,,G,,F,8,281,,,16R235,,,,,,0,0,000000000,00000000000,0,0,0,1,0,0,0,0,0,0,0,998,0,1,2,12,6,2,1,0,0,0,1,44,2919,6,1,0,0,3,3,75,175,0,0,0,0,0,0,0,0,0,1,36,0,0,0,1,2,30,3,1,2,1,0,0,14,6,99,9,5,1,1,1
23,230097,1,3,2,23,8,13,54,12,1,1,0,23,1,7,41,7041,4,2002,2B3HD56M12H2,2,B,3,H,D,5,6,M,1,2,H,2,0,P,DODG,IES,4D,2,17,3418,,0,1130,,G,,F,6,215,,,16R225,,,,,,0,0,000000000,00000000000,0,0,0,1,0,0,0,0,0,0,0,998,0,0,0,12,6,2,12,0,0,0,1,23,4240,6,1,0,0,3,3,65,165,0,0,0,0,0,0,0,0,0,0,26,0,0,0,1,2,35,1,1,2,1,0,0,1,50,99,9,3,98,1,0
23,230097,2,3,1,23,8,13,54,12,1,1,0,23,3,12,481,12481,31,2010,1FTFW1EV5AFD,1,F,T,F,W,1,E,V,5,A,F,D,0,T,FORD,F1S,CW,10,17,,2,1570,1450,COF,F,,,8,329,,,,B,5345,00,7,44,0,0,000000000,00000000000,0,0,0,1,0,0,0,0,0,0,0,0,0,0,0,12,4,1,12,0,0,0,1,23,4211,6,1,0,0,3,0,71,190,0,0,0,0,0,0,0,0,0,0,26,0,0,0,1,2,35,1,1,2,1,0,0,5,50,99,9,3,20,0,0
23,230097,3,3,1,23,8,13,54,12,1,1,0,23,1,12,402,12402,14,2003,1FMYU93183KC,1,F,M,Y,U,9,3,1,8,3,K,C,0,P,FORD,SPE,UT,3,17,3458,,0,1031,,G,,F,6,181,,,16R235,,,,,,0,0,000000000,00000000000,0,0,0,1,0,0,0,0,0,0,0,0,0,0,0,6,2,1,12,0,0,0,1,23,4236,6,1,0,0,3,0,62,115,0,0,0,0,0,0,0,0,0,0,0,0,0,0,1,2,35,1,1,2,1,0,0,5,53,99,9,3,21,0,0
23,230098,1,2,1,4,9,17,16,12,1,1,0,23,1,48,34,48034,4,2002,4S3BH6659266,4,S,3,B,H,6,6,5,9,2,6,6,0,P,SUBA,ULK,SW,2,17,3425,,0,1043,,G,,F,4,153,,,16R225,,,,,,0,0,000000000,00000000000,0,0,0,1,0,0,0,0,0,0,0,998,0,0,0,12,4,1,12,0,0,0,1,23,4352,6,1,0,0,3,3,70,170,0,0,0,0,0,0,0,0,0,0,0,0,0,0,1,2,40,1,1,2,2,0,0,1,50,99,9,3,24,0,0
23,230098,2,2,1,4,9,17,16,12,1,1,0,99,9,99,998,99998,91,9999,999999999999,9,9,9,9,9,9,9,9,9,9,9,9,0,,,,,,,,,,,,,,,,,,,,,,,,,0,0,000000000,00000000000,0,0,0,1,0,0,0,0,0,0,0,998,0,0,0,6,6,2,12,0,0,0,1,23,4352,6,1,0,0,1,0,71,220,0,0,0,0,0,0,0,0,0,0,0,0,0,0,1,2,40,1,1,2,2,0,0,1,99,99,9,3,25,1,0
23,230099,1,1,3,31,8,21,41,42,0,1,0,23,2,20,19,20019,4,1995,1G1LD5549SY2,1,G,1,L,D,5,5,4,9,S,Y,2,0,P,CHEV,CSA,4D,95,17,2745,,0,1034,,G,,F,4,133,,,14R195,,,,,,0,0,000000000,00000000000,0,0,0,1,0,0,0,0,0,0,0,998,0,0,0,12,6,2,42,0,0,0,1,23,4958,2,1,0,0,2,3,71,185,1,10,0,5,5,12,2009,3,2012,1,0,0,0,0,1,2,25,3,1,2,1,0,0,14,6,99,9,4,1,1,1
23,230100,1,1,1,1,9,20,34,11,0,1,0,95,1,72,709,72709,80,2009,1HD1HPH199K8,1,H,D,1,H,P,H,1,9,9,K,8,0,M,HD,VRF,RS,9,17,,,,,,,1250,,2,,4,673,,,,,,,0,0,000000000,00000000000,0,0,0,1,0,0,0,0,0,0,0,998,0,0,0,12,6,2,11,0,0,0,1,95,0,6,1,0,0,3,9,999,999,0,0,0,0,0,0,0,0,0,0,83,0,0,0,1,2,55,1,1,2,1,0,0,1,87,3,9,3,13,1,0
23,230101,1,1,1,9,9,0,52,34,0,1,0,23,1,23,481,23481,31,2000,1GTEK19V1YE1,1,G,T,E,K,1,9,V,1,Y,E,1,0,T,GMC,NK1,3C,0,17,,2,1575,1435,SIE,G,,,8,293,,,,B,4621,02,U,44,0,0,000000000,00000000000,0,0,0,1,0,0,0,0,0,0,0,998,0,1,6,12,6,2,1,0,0,0,1,23,4958,6,1,0,0,3,0,68,230,0,0,0,0,0,0,0,0,0,1,0,0,0,0,1,2,45,2,1,2,1,0,0,14,6,99,9,4,6,1,1
23,230102,1,1,1,5,9,14,16,17,0,1,0,23,2,24,7,24007,4,2004,1G8AJ52F24Z1,1,G,8,A,J,5,2,F,2,4,Z,1,0,P,STRN,SI2,4D,4,17,2808,,0,1032,,G,,F,4,134,,,15R195,,,,,,0,0,000000000,00000000000,0,0,0,1,0,0,0,0,0,0,0,998,0,1,6,12,6,2,1,0,0,0,1,23,4009,6,1,0,0,3,0,75,250,0,1,0,0,1,4,2012,4,2012,1,0,0,0,0,1,2,45,1,1,2,1,0,0,6,6,99,9,4,6,1,0
23,230103,1,2,1,2,9,12,22,12,1,1,0,23,2,23,421,23421,15,2001,3GKFK16T91G1,3,G,K,F,K,1,6,T,9,1,G,1,0,T,GMC,KX1,4W,1,17,,2,0,1300,YUK,G,,,8,325,,,,B,5219,00,E,44,0,0,000000000,00000000000,0,0,0,1,0,0,0,0,0,0,0,998,0,0,0,12,6,2,2,0,0,1,1,23,4785,6,1,0,0,3,3,67,140,0,0,0,0,0,0,0,0,0,1,0,0,0,0,1,2,35,1,1,2,1,0,0,6,6,99,9,3,24,1,1
23,230103,2,2,2,2,9,12,22,12,1,1,0,9,1,14,6,14006,4,1997,2MELM74W3VX7,2,M,E,L,M,7,4,W,3,V,X,7,0,P,MERC,GMG,4D,97,17,3792,,0,1144,,G,,F,8,281,,,15R215,,,,,,0,0,000000000,00000000000,0,0,0,1,0,0,0,0,0,0,0,998,0,0,0,6,6,2,12,0,0,0,1,9,6489,6,1,0,0,3,0,67,999,98,0,0,0,0,0,0,0,0,0,0,0,0,0,1,2,35,1,1,2,1,0,0,1,18,99,9,3,25,0,0
23,230104,1,1,1,21,9,15,8,42,0,1,0,23,1,20,17,20017,4,1987,1G1AW81W8HG1,1,G,1,A,W,8,1,W,8,H,G,1,0,P,CHEV,CEL,SW,87,17,2847,,0,1049,,G,,F,6,173,,,14R185,,,,,,0,0,000000000,00000000000,0,0,0,1,0,0,0,0,0,0,0,998,0,0,0,12,6,2,42,0,0,0,1,23,4673,6,1,0,0,3,0,73,210,0,0,0,0,0,0,0,0,0,1,36,0,0,0,1,2,45,1,1,2,1,0,0,1,10,99,9,4,6,1,0
23,230105,1,1,1,3,9,16,48,30,0,1,0,23,1,76,709,76709,80,2010,JYAVP22E4AA0,J,Y,A,V,P,2,2,E,4,A,A,0,0,M,YAMA,XCT,RS,10,17,,,,,,,1854,,2,,4,758,,,,,,,0,0,000000000,00000000000,0,0,0,1,0,0,0,0,0,0,0,998,0,0,0,12,6,2,30,0,0,0,1,23,4219,6,1,0,0,3,0,64,190,0,0,0,0,0,0,0,0,0,1,0,0,0,0,1,2,45,3,1,2,1,40,3,14,6,99,9,4,1,1,1
23,230106,1,1,2,20,9,0,28,35,0,1,0,23,1,38,402,38402,14,2002,4S2DM58W7243,4,S,2,D,M,5,8,W,7,2,4,3,0,P,ISU,ROD,UT,2,17,4124,,0,1064,,G,,F,6,195,,,16R245,,,,,,0,0,000000000,00000000000,0,0,0,1,0,0,0,0,0,0,0,998,0,0,0,12,6,2,42,0,0,0,1,23,4428,6,1,0,0,3,3,66,140,0,0,0,0,0,0,0,0,0,0,0,0,0,0,1,2,35,3,1,1,1,0,0,14,13,99,9,4,1,2,1
23,230107,1,1,2,16,9,0,7,34,0,1,0,23,1,20,481,20481,31,2000,2GCEK19T3Y11,2,G,C,E,K,1,9,T,3,Y,1,1,0,T,CHEV,SK1,3C,0,17,,2,1575,1435,SIL,G,,,8,325,,,,B,4621,02,,44,0,0,000000000,00000000000,0,0,0,1,0,0,0,0,0,0,0,998,0,0,0,12,6,2,42,0,0,0,1,23,4027,6,1,0,0,3,0,66,155,0,0,0,0,0,0,0,0,0,1,39,0,0,0,1,2,40,1,1,2,1,20,3,1,6,99,9,4,15,2,1
23,230108,1,1,1,2,9,15,57,42,0,1,0,33,1,32,42,32042,4,1997,WAUGC84AXVN0,W,A,U,G,C,8,4,A,X,V,N,0,0,P,AUDI,A6Q,4D,97,17,3614,,0,1060,,G,,F,6,169,,,15R195,,,,,,0,0,000000000,00000000000,0,0,0,1,0,0,0,0,0,0,0,998,0,0,0,3,6,2,42,0,0,0,1,33,3884,6,1,0,0,9,0,66,145,1,0,0,0,0,7,2011,7,2011,1,0,0,0,0,1,2,35,3,1,2,1,0,0,14,6,99,9,4,6,1,0
23,230109,1,2,1,24,9,16,49,12,6,1,0,23,1,22,18,22018,4,2002,1G2NW52E82M5,1,G,2,N,W,5,2,E,8,2,M,5,0,P,PONT,GAG,4D,2,17,3168,,0,1070,,G,,F,6,207,,,16R225,,,,,,0,0,000000000,00000000000,0,0,0,1,0,0,0,0,0,0,0,998,0,1,6,9,6,2,12,0,0,0,1,23,4747,6,1,0,0,3,3,71,185,1,0,0,1,0,10,2009,5,2011,0,38,0,0,0,1,2,50,1,1,2,1,0,0,11,54,99,9,3,68,1,1
23,230109,2,2,1,24,9,16,49,12,6,1,0,23,1,20,481,20481,31,1996,1GBJK34F5TE2,1,G,B,J,K,3,4,F,5,T,E,2,0,T,CHEV,GK3,CB,96,17,,3,1595,1355,GM4,D,,,8,397,,,,D,5054,00,,44,0,0,000000000,00000000000,0,0,0,1,0,0,0,0,0,0,0,998,0,0,0,12,6,2,12,0,0,0,1,23,4263,6,1,6,0,3,0,70,210,0,0,0,0,0,0,0,0,0,0,0,0,0,0,1,2,50,1,1,2,1,0,0,1,12,8,9,3,69,0,0
23,230110,1,1,1,15,9,4,41,8,0,1,0,23,2,22,401,22401,14,2003,3G7DA03E43S5,3,G,7,D,A,0,3,E,4,3,S,5,0,P,PONT,AZT,UT,3,17,3779,,0,1083,,G,,F,6,207,,,15R215,,,,,,0,0,000000000,00000000000,0,0,0,1,0,0,0,0,0,0,0,998,0,0,0,12,2,1,8,0,0,0,1,23,4681,6,1,0,0,3,3,65,145,0,0,0,0,0,0,0,0,0,0,31,36,86,0,1,2,25,1,1,2,1,0,0,1,80,99,9,3,13,0,1
23,230111,1,1,2,1,10,13,25,11,0,1,0,23,1,20,9,20009,2,1982,1G1AP8779CL1,1,G,1,A,P,8,7,7,9,C,L,1,0,P,CHEV,CAM,CP,82,17,2870,,0,1010,,G,,F,8,307,,,14R195,,,,,,0,0,000000000,00000000000,0,0,0,1,0,0,0,0,0,0,0,998,0,0,0,12,6,2,11,0,0,0,1,23,4774,6,1,0,0,3,3,72,255,0,0,0,0,0,0,0,0,0,0,83,0,0,0,1,2,55,1,1,2,2,0,0,1,87,99,9,3,13,1,0