STATE,ST_CASE,VEH_NO,VE_FORMS,NUMOCCS,DAY,MONTH,HOUR,MINUTE,HARM_EV,MAN_COLL,UNITTYPE,HIT_RUN,REG_STAT,OWNER,MAKE,MODEL,MAK_MOD,BODY_TYP,MOD_YEAR,VIN,VIN_1,VIN_2,VIN_3,VIN_4,VIN_5,VIN_6,VIN_7,VIN_8,VIN_9,VIN_10,VIN_11,VIN_12,TOW_VEH,VINTYPE,VINMAKE,VINA_MOD,VIN_BT,VINMODYR,VIN_LNGT,VIN_WGT,WGTCD_TR,WHLBS_LG,WHLBS_SH,SER_TR,FUELCODE,MCYCL_DS,CARBUR,CYLINDER,DISPLACE,MCYCL_CY,MCYCL_WT,TIRE_SZE,TON_RAT,TRK_WT,TRKWTVAR,VIN_REST,WHLDRWHL,J_KNIFE,MCARR_I1,MCARR_I2,MCARR_ID,GVWR,V_CONFIG,CARGO_BT,HAZ_INV,HAZ_PLAC,HAZ_ID,HAZ_CNO,HAZ_REL,BUS_USE,SPEC_USE,EMER_USE,TRAV_SP,UNDERIDE,ROLLOVER,ROLINLOC,IMPACT1,DEFORMED,TOWED,M_HARM,VEH_SC1,VEH_SC2,FIRE_EXP,DR_PRES,L_STATE,DR_ZIP,L_STATUS,L_TYPE,CDL_STAT,L_ENDORS,L_COMPL,L_RESTRI,DR_HGT,DR_WGT,PREV_ACC,PREV_SUS,PREV_DWI,PREV_SPD,PREV_OTH,FIRST_MO,FIRST_YR,LAST_MO,LAST_YR,SPEEDREL,DR_SF1,DR_SF2,DR_SF3,DR_SF4,VTRAFWAY,VNUM_LAN,VSPD_LIM,VALIGN,VPROFILE,VPAVETYP,VSURCOND,VTRAFCON,VTCONT_F,P_CRASH1,P_CRASH2,P_CRASH3,PCRASH4,PCRASH5,ACC_TYPE,DEATHS,DR_DRINK
23,230147,1,3,2,15,11,10,30,12,1,1,0,23,1,18,21,18021,2,1989,1G4EC11C8KB9,1,G,4,E,C,1,1,C,8,K,B,9,0,P,BUIC,REA,CP,89,17,3256,,0,985,,G,,F,6,231,,,15R215,,,,,,0,0,000000000,00000000000,0,0,0,1,0,0,0,0,0,0,0,998,0,0,0,12,6,2,12,0,0,0,1,23,4915,6,1,0,0,3,0,70,170,0,0,0,0,0,0,0,0,0,1,28,0,0,0,1,2,50,1,1,2,1,0,0,6,10,99,2,3,32,1,0
23,230147,2,3,1,15,11,10,30,12,1,1,0,23,1,49,442,49442,20,2004,5TDBA22C24S0,5,T,D,B,A,2,2,C,2,4,S,0,0,P,TOYT,SIE,SV,4,17,4365,,0,1193,,G,,F,6,201,,,17R225,,,,,,0,0,000000000,00000000000,0,0,0,1,0,0,0,0,0,0,0,998,0,0,0,6,6,2,12,0,0,0,1,23,4107,6,1,0,0,3,0,70,165,0,0,0,0,0,0,0,0,0,0,0,0,0,0,1,2,50,1,1,2,1,0,0,1,53,99,1,9,32,0,0
23,230147,3,3,2,15,11,10,30,12,1,1,0,23,1,49,403,49403,14,2008,JTEES43A7820,J,T,E,E,S,4,3,A,7,8,2,0,0,P,TOYT,HIG,UT,8,17,4255,,0,1098,,G,,F,6,214,,,19R245,,,,,,0,0,000000000,00000000000,0,0,0,1,0,0,0,0,0,0,0,998,0,0,0,12,6,2,12,0,0,0,1,23,4353,6,1,0,0,3,0,74,180,1,0,0,0,0,9,2011,9,2011,0,0,0,0,0,1,2,50,1,1,2,1,0,0,1,62,99,1,9,98,0,0
23,230148,1,2,2,17,11,11,25,12,2,1,0,23,2,12,481,12481,31,1997,2FTDX18W5VCA,2,F,T,D,X,1,8,W,5,V,C,A,1,T,FORD,F15,3C,97,17,,1,1570,1390,COF,G,,,8,281,,,,B,4480,01,E,44,1,0,000000000,00000000000,0,0,0,1,0,0,0,0,0,0,0,998,0,0,0,12,2,1,12,0,0,0,1,23,3903,6,1,0,0,3,0,69,165,0,0,0,0,0,0,0,0,0,0,0,0,0,0,1,2,25,4,1,2,1,0,0,11,15,99,9,9,82,0,0
23,230148,2,2,1,17,11,11,25,12,2,1,0,33,1,72,709,72709,80,2009,1HD1KB4139Y6,1,H,D,1,K,B,4,1,3,9,Y,6,0,M,HD,FHX,RS,9,17,,,,,,,1584,,2,,4,810,,,,,,,0,0,000000000,00000000000,0,0,0,1,0,0,0,0,0,0,0,998,0,0,0,12,6,2,12,0,0,0,1,33,3878,6,1,6,0,9,3,72,213,0,0,0,0,0,0,0,0,0,1,28,0,0,0,1,2,25,4,1,2,1,0,0,14,6,99,9,9,83,1,0
23,230149,1,1,2,22,12,7,18,1,0,1,0,23,1,20,481,20481,31,2002,1GCEK14V22Z2,1,G,C,E,K,1,4,V,2,2,Z,2,0,T,CHEV,SK1,PK,2,17,,2,1330,1190,SIL,G,,,8,293,,,,B,4376,01,,44,0,0,000000000,00000000000,0,0,0,1,0,0,0,0,0,0,0,998,0,2,6,0,6,2,1,0,0,0,1,23,4915,6,1,0,0,3,0,68,140,0,0,0,0,0,0,0,0,0,1,0,0,0,0,1,2,45,1,1,2,4,0,0,1,6,99,9,4,2,1,0
23,230150,1,2,1,28,12,7,55,12,1,1,0,23,1,49,40,49040,4,2007,4T1BE46KX7U0,4,T,1,B,E,4,6,K,X,7,U,0,0,P,TOYT,CMB,4D,7,17,3108,,0,1093,,G,,F,4,146,,,15R205,,,,,,0,0,000000000,00000000000,0,0,0,1,0,0,0,0,0,0,0,998,0,0,0,12,6,2,12,0,0,0,1,23,4732,6,1,0,0,3,3,63,150,0,0,0,0,0,0,0,0,0,0,0,0,0,0,1,2,50,2,1,2,3,40,3,14,71,99,9,3,93,0,0
23,230150,2,2,1,28,12,7,55,12,1,1,0,23,1,99,739,99739,90,2005,0004XACH68A0,0,0,0,4,X,A,C,H,6,8,A,0,0,U,,,,5,17,,,,,,,,,,,,,,,,,,,0,0,000000000,00000000000,0,0,0,1,0,0,0,0,0,0,0,998,0,0,0,6,6,2,12,0,0,0,1,23,4575,6,1,0,0,3,0,72,240,0,0,0,0,0,0,0,0,0,0,31,38,0,0,1,2,50,2,1,2,3,40,3,13,56,99,9,9,92,1,0
23,230151,1,1,2,22,12,15,48,8,0,1,0,33,1,48,34,48034,4,2001,4S3BE6562172,4,S,3,B,E,6,5,6,2,1,7,2,0,P,SUBA,UGL,4D,1,17,3370,,0,1043,,G,,F,4,153,,,16R205,,,,,,0,0,000000000,00000000000,0,0,0,1,0,0,0,0,0,0,0,998,0,0,0,12,6,2,8,0,0,0,1,33,3856,6,1,0,0,3,0,69,175,1,0,0,1,0,10,2010,12,2010,0,36,86,0,0,1,2,25,1,1,2,1,0,0,1,80,99,1,3,13,0,0
23,230153,1,1,1,22,12,3,40,42,0,1,0,23,1,35,43,35043,4,2000,3N1CB51D9YL3,3,N,1,C,B,5,1,D,9,Y,L,3,0,P,NISS,SXG,4D,0,17,2401,,0,998,,G,,F,4,108,,,14R185,,,,,,0,0,000000000,00000000000,0,0,0,1,0,0,0,0,0,0,0,998,0,0,0,9,6,2,42,0,0,0,1,23,3906,6,1,0,0,3,0,65,166,0,0,0,1,0,4,2012,4,2012,0,58,0,0,0,1,2,40,1,1,2,2,0,0,1,12,8,4,4,7,1,0
24,240001,1,1,2,2,1,18,36,8,0,1,0,24,2,37,32,37032,2,2000,JHMBB6147YC0,J,H,M,B,B,6,1,4,7,Y,C,0,0,P,HOND,PRE,CP,0,17,2954,,0,1017,,G,,F,4,132,,,16R205,,,,,,0,0,000000000,00000000000,0,0,0,1,0,0,0,0,0,0,0,56,0,0,0,12,4,3,8,0,0,0,1,24,21222,6,1,0,0,3,3,69,165,0,0,0,0,1,2,2011,2,2011,0,0,0,0,0,3,2,50,1,1,8,1,0,0,1,80,1,1,1,13,0,0
24,240002,1,1,1,3,1,15,22,8,0,1,0,24,1,20,444,20444,20,2005,1GNDV33L55D1,1,G,N,D,V,3,3,L,5,5,D,1,0,P,CHEV,UPL,SV,5,17,4470,,0,1211,,G,,F,6,214,,,000000,,,,,,0,0,000000000,00000000000,0,0,0,1,0,0,0,0,0,0,0,998,0,0,0,10,0,1,8,0,0,0,1,24,21230,6,1,0,0,3,0,66,138,0,0,0,0,1,5,2010,5,2010,0,0,0,0,0,3,2,30,1,2,2,1,0,0,1,81,1,1,1,13,0,0
24,240003,1,1,1,16,1,22,47,30,0,1,0,24,1,35,43,35043,4,2002,3N1CB51D22L6,3,N,1,C,B,5,1,D,2,2,L,6,0,P,NISS,XGX,4D,2,17,2441,,0,998,,G,,F,4,108,,,14R185,,,,,,0,0,000000000,00000000000,0,0,0,1,0,0,0,0,0,0,0,998,0,0,0,9,6,2,30,0,0,0,1,24,21158,6,1,0,0,3,0,66,170,0,0,0,0,0,0,0,0,0,1,87,0,0,0,1,2,35,2,2,2,4,0,0,14,5,99,3,4,2,1,0
24,240004,1,1,1,22,1,16,31,42,0,1,0,24,2,54,39,54039,4,2008,JH4CL96988C0,J,H,4,C,L,9,6,9,8,8,C,0,0,P,ACUR,TSX,4D,8,17,3356,,0,1051,,G,,F,4,146,,,17R215,,,,,,0,0,000000000,00000000000,0,0,0,1,0,0,0,0,0,0,0,998,0,0,0,3,6,2,42,0,0,0,1,24,20639,6,1,0,0,3,1,63,125,0,0,0,0,0,0,0,0,0,1,0,0,0,0,1,2,35,4,2,2,2,0,0,14,11,99,4,4,2,1,0
24,240005,1,2,1,17,1,5,29,12,6,1,0,18,3,82,881,82881,66,2012,1FUJGEBG9CLB,1,F,U,J,G,E,B,G,9,C,L,B,1,T,FRHT,125,TR,12,17,,8,0,0,CSC,D,,,6,915,,,,,00000,00,,64,1,57,603592,57603592,3,6,1,1,0,0,0,0,0,0,0,998,0,0,0,9,6,2,12,0,0,0,1,24,21701,6,1,6,0,3,0,73,240,0,0,0,0,3,8,2010,8,2011,1,28,0,0,0,1,2,40,2,2,2,2,0,0,14,6,7,1,2,64,0,0
24,240005,2,2,1,17,1,5,29,12,6,1,0,24,3,20,481,20481,31,2007,1GCEC19X47Z1,1,G,C,E,C,1,9,X,4,7,Z,1,0,T,CHEV,SC1,4C,7,17,,2,1575,1340,SIL,G,,,6,262,,,,B,4760,02,,42,0,0,000000000,00000000000,0,0,0,1,0,0,0,0,0,0,0,998,0,0,0,12,6,2,12,0,0,0,1,24,21701,6,1,0,0,3,3,70,230,0,0,0,0,0,0,0,0,0,0,0,0,0,0,1,2,40,2,2,2,2,0,0,14,62,99,1,1,65,1,0
24,240006,1,1,1,20,1,0,25,24,0,1,0,24,3,12,481,12481,31,2002,1FTSX31F02ED,1,F,T,S,X,3,1,F,0,2,E,D,0,T,FORD,F3S,4C,2,17,,2,1580,1418,SRW,D,,,8,444,,,,D,5943,05,U,44,0,0,000000000,00000000000,0,0,0,1,0,0,0,0,0,0,0,998,0,0,0,11,6,2,30,0,0,0,1,12,33931,6,1,0,0,3,0,68,999,0,0,0,1,0,3,2009,3,2009,0,0,0,0,0,2,6,45,1,1,2,1,0,0,1,10,1,1,4,6,1,0
24,240007,1,2,1,17,1,2,8,12,1,1,0,37,1,85,881,85881,66,2002,1XKTD69X92J8,1,X,K,T,D,6,9,X,9,2,J,8,1,T,KW,T20,TR,2,17,,8,2600,1900,CON,D,,,6,855,,,,,00000,00,,64,1,57,1614764,571614764,3,6,1,1,0,0,0,0,0,0,0,998,0,0,0,12,6,2,12,0,0,0,1,37,28304,6,1,6,0,3,0,66,999,0,0,0,1,2,4,2010,5,2011,1,0,0,0,0,3,3,65,1,1,2,1,0,0,1,50,1,1,1,20,0,0
24,240007,2,2,2,17,1,2,8,12,1,1,0,24,1,20,2,20002,4,2002,2G1WF55E0291,2,G,1,W,F,5,5,E,0,2,9,1,0,P,CHEV,IMP,4D,2,17,3389,,0,1105,,G,,F,6,207,,,16R225,,,,,,0,0,000000000,00000000000,0,0,0,1,0,0,0,0,0,0,0,0,0,0,0,6,6,2,12,0,0,0,1,24,20895,6,1,0,0,3,0,67,140,0,0,0,0,0,0,0,0,0,0,54,0,0,0,3,3,65,1,1,2,1,0,0,5,53,1,1,1,21,1,0
24,240008,1,1,1,26,1,6,29,1,0,1,0,24,1,20,431,20431,16,2003,3GNFK16Z83G3,3,G,N,F,K,1,6,Z,8,3,G,3,0,P,CHEV,K15,UT,3,17,5123,,0,1300,,F,,F,8,325,,,16R265,,,,,,0,0,000000000,00000000000,0,0,0,1,0,0,0,0,0,0,0,998,0,2,5,0,6,2,1,0,0,0,1,24,21811,6,1,0,0,3,0,65,115,0,0,0,0,0,0,0,0,0,1,0,0,0,0,1,2,50,1,1,2,1,0,0,1,11,6,3,4,2,1,1
24,240009,1,2,1,26,1,5,9,12,6,1,0,42,2,82,881,82881,66,2007,1FUJA6CK47LZ,1,F,U,J,A,6,C,K,4,7,L,Z,1,T,FRHT,COL,TR,7,17,,8,0,0,CON,D,,,6,855,,,,,00000,00,,64,1,57,314990,57314990,3,6,1,1,0,0,0,0,0,0,0,998,0,0,0,12,4,3,12,0,0,0,1,42,17055,6,1,6,0,3,0,72,999,0,0,0,0,0,0,0,0,0,9,99,99,99,99,2,2,40,1,1,2,1,3,3,1,66,1,1,1,88,0,0
24,240009,2,2,1,26,1,5,9,12,6,1,0,24,1,20,36,20036,2,2006,2G1WL16C4692,2,G,1,W,L,1,6,C,4,6,9,2,0,P,CHEV,MSS,CP,6,17,3549,,0,1105,,G,,F,8,323,,,18R235,,,,,,0,0,000000000,00000000000,0,0,0,1,0,0,0,0,0,0,0,998,0,0,0,9,6,2,12,0,0,0,1,24,21001,6,1,0,0,3,0,66,175,0,0,0,0,0,0,0,0,0,0,39,0,0,0,2,2,40,1,1,2,1,3,3,1,17,1,1,1,89,1,0
24,240010,1,1,1,28,1,6,41,8,0,1,0,24,2,2,1,2001,6,2011,1J4NF1FBXBD2,1,J,4,N,F,1,F,B,X,B,D,2,0,T,JEEP,CSP,4W,11,17,,1,0,1037,CMP,G,,,4,146,,,,,3247,00,W,44,0,0,000000000,00000000000,0,0,0,1,0,0,0,0,0,0,0,998,0,0,0,12,6,2,8,0,0,0,1,24,21628,6,1,0,0,3,0,67,135,0,0,0,0,0,0,0,0,0,1,0,0,0,0,1,2,55,1,1,2,1,0,0,1,80,6,1,1,13,0,0
24,240011,1,1,1,22,1,19,3,8,0,1,1,24,1,12,21,12021,4,2005,1FAFP25145G1,1,F,A,F,P,2,5,1,4,5,G,1,0,P,FORD,5LM,4D,5,17,3643,,0,1129,,G,,F,6,183,,,18R225,,,,,,0,0,000000000,00000000000,0,0,0,1,0,0,0,0,0,0,0,998,0,0,0,12,9,1,8,0,0,0,1,24,21236,6,1,0,0,3,0,72,176,0,1,0,0,0,1,2010,1,2010,0,38,0,0,0,1,4,30,1,1,2,1,0,0,1,80,1,1,1,13,0,0
24,240012,1,2,1,6,1,19,9,12,6,1,0,24,1,55,37,55037,2,2007,KMHHM66D67U2,K,M,H,H,M,6,6,D,6,7,U,2,0,P,HYUN,TGS,CP,7,17,2898,,0,996,,G,,F,4,121,,,16R205,,,,,,0,0,000000000,00000000000,0,0,0,1,0,0,0,0,0,0,0,998,0,0,0,12,6,2,8,0,0,0,1,24,20690,6,1,0,0,3,0,63,110,0,0,0,0,0,0,0,0,0,0,84,0,0,0,1,2,40,1,1,2,1,0,0,1,50,6,1,2,98,0,0
24,240012,2,2,0,6,1,19,9,12,6,1,0,24,1,41,471,41471,30,1995,4F4CR16U2STM,4,F,4,C,R,1,6,U,2,S,T,M,0,T,MAZD,3CP,PC,95,17,,1,0,1252,B30,G,,,6,182,,,,,00000,00,M,42,0,0,000000000,00000000000,0,0,0,1,0,0,0,0,0,0,0,998,0,0,0,9,6,2,12,0,0,0,0,0,99997,7,6,97,7,6,7,998,997,998,998,998,998,998,98,9998,98,9998,8,54,0,0,0,1,2,40,1,1,2,1,0,0,0,19,0,0,0,98,0,0
24,240013,1,1,1,24,1,17,47,8,0,1,0,24,1,2,403,2403,14,2002,1J4FA39S22P7,1,J,4,F,A,3,9,S,2,2,P,7,0,T,JEEP,WRX,2W,2,17,,1,0,934,W/T,G,,,6,244,,,,,3255,00,E,44,0,0,000000000,00000000000,0,0,0,1,0,0,0,0,0,0,0,998,0,0,0,12,2,1,8,0,0,0,1,24,21236,6,1,0,0,3,0,73,180,0,0,0,0,0,0,0,0,0,0,0,0,0,0,3,2,50,1,1,2,1,0,0,1,80,7,1,1,13,0,0
24,240014,1,2,2,1,1,1,9,12,6,1,0,24,2,20,431,20431,16,2001,3GNFK16T21G1,3,G,N,F,K,1,6,T,2,1,G,1,0,P,CHEV,K15,UT,1,17,5123,,0,1300,,G,,F,8,325,,,16R245,,,,,,0,0,000000000,00000000000,0,0,0,1,0,0,0,0,0,0,0,998,0,0,0,1,6,2,12,0,0,0,1,24,20744,6,1,0,0,3,0,75,150,0,1,0,0,0,1,2011,1,2011,0,38,0,0,0,3,3,45,1,1,2,1,0,0,11,15,1,1,1,68,0,0
24,240014,2,2,1,1,1,1,9,12,6,1,0,24,1,53,706,53706,80,2007,JS1GT77A4721,J,S,1,G,T,7,7,A,4,7,2,1,0,M,SUZI,XR1,RC,7,17,,,,,,,999,,4,,4,379,,,,,,,0,0,000000000,00000000000,0,0,0,1,0,0,0,0,0,0,0,998,0,0,0,12,6,2,12,0,0,0,1,24,20744,6,1,0,0,3,0,74,225,0,0,0,0,0,0,0,0,0,0,0,0,0,0,3,3,45,1,1,2,1,0,0,1,62,99,1,1,69,1,0
24,240015,1,1,1,1,1,0,39,42,0,1,0,24,1,49,43,49043,4,2003,4T1BF28B13U2,4,T,1,B,F,2,8,B,1,3,U,2,0,P,TOYT,UVS,4D,3,17,3417,,0,1071,,G,,F,6,183,,,15R205,,,,,,0,0,000000000,00000000000,0,0,0,1,0,0,0,0,0,0,0,998,0,1,6,12,6,2,42,0,0,0,1,24,21234,6,1,0,0,3,0,61,110,0,0,0,0,0,0,0,0,0,0,0,0,0,0,1,2,30,1,1,2,1,0,0,1,13,1,1,4,1,1,1
24,240016,1,1,1,11,1,22,41,25,0,1,0,51,2,49,32,49032,4,2000,2T1BR12E0YC3,2,T,1,B,R,1,2,E,0,Y,C,3,0,P,TOYT,UVL,4D,0,17,2403,,0,970,,G,,F,4,109,,,14R175,,,,,,0,0,000000000,00000000000,0,0,0,1,0,0,0,0,0,0,0,998,0,0,0,12,6,2,25,0,0,0,1,51,20166,6,1,0,0,3,0,65,135,0,0,0,0,1,11,2010,11,2010,1,87,0,0,0,3,4,55,4,1,2,3,0,0,1,12,99,3,4,7,1,1
24,240017,1,1,1,27,1,12,32,53,0,1,0,24,1,12,16,12016,4,1993,2FALP74W5PX2,2,F,A,L,P,7,4,W,5,P,X,2,0,P,FORD,CVL,4D,93,17,3769,,0,1144,,G,,F,8,281,,,15R215,,,,,,0,0,000000000,00000000000,0,0,0,1,0,0,0,0,0,0,0,998,0,0,0,12,6,2,42,0,0,0,1,24,21162,6,1,0,0,3,0,62,134,0,0,0,0,0,0,0,0,0,0,0,0,0,0,1,2,40,1,1,2,1,0,0,1,13,1,1,4,1,1,0
24,240018,1,1,2,30,1,15,25,30,0,1,0,24,1,20,37,20037,4,2003,1G1ND52J83M7,1,G,1,N,D,5,2,J,8,3,M,7,0,P,CHEV,MAL,4D,3,17,3106,,0,1070,,G,,F,6,191,,,15R215,,,,,,0,0,000000000,00000000000,0,0,0,1,0,0,0,0,0,0,0,998,0,0,0,12,6,2,30,0,0,0,1,24,21206,6,1,0,0,3,0,64,150,0,0,0,0,0,0,0,0,0,0,0,0,0,0,2,2,30,1,1,2,1,0,0,1,11,1,1,4,1,1,0
24,240019,1,1,2,14,1,1,57,35,0,1,1,24,2,49,472,49472,30,1999,4TAPM62N2XZ4,4,T,A,P,M,6,2,N,2,X,Z,4,0,T,TOYT,REG,PK,99,17,,1,0,1033,TAC,G,,,4,164,,,,B,3202,00,U,44,0,0,000000000,00000000000,0,0,0,1,0,0,0,0,0,0,0,998,0,0,0,12,4,1,35,0,0,0,1,24,21788,6,1,0,0,3,3,65,135,0,1,0,1,0,11,2010,11,2011,1,36,0,0,0,1,2,35,3,2,2,1,0,0,14,6,4,2,4,7,1,0
24,240020,1,1,1,14,1,16,42,24,0,1,0,24,1,9,442,9442,20,1996,2P4FP2538TR7,2,P,4,F,P,2,5,3,8,T,R,7,0,P,PLYM,VOF,SV,96,17,3425,,0,1133,,G,,F,6,181,,,14R205,,,,,,0,0,000000000,00000000000,0,0,0,1,0,0,0,0,0,0,0,998,0,0,0,1,6,2,24,0,0,0,1,24,21222,6,1,0,0,3,0,75,220,0,0,0,0,0,0,0,0,0,0,0,0,0,0,3,3,65,1,2,2,1,0,0,1,13,1,1,4,1,1,0
24,240021,1,1,1,26,1,2,26,33,0,1,0,24,2,20,37,20037,4,2006,1G1ZT53886F2,1,G,1,Z,T,5,3,8,8,6,F,2,0,P,CHEV,MLT,4D,6,17,3316,,0,1063,,G,,F,6,214,,,16R215,,,,,,0,0,000000000,00000000000,0,0,0,1,0,0,0,0,0,0,0,998,0,0,0,14,6,2,42,0,0,0,1,24,20745,6,1,0,0,3,0,65,190,0,0,0,0,0,0,0,0,0,0,39,0,0,0,1,2,25,1,1,2,1,98,8,1,13,1,1,4,1,1,1
24,240022,1,1,1,6,1,6,59,8,0,1,1,99,9,99,999,99999,99,9999,999999999999,9,9,9,9,9,9,9,9,9,9,9,9,0,,,,,,,,,,,,,,,,,,,,,,,,,0,0,000000000,00000000000,0,0,0,1,0,0,0,0,0,0,0,998,0,0,0,12,9,1,8,0,0,0,1,99,99999,9,9,99,9,9,9,999,999,99,99,99,99,99,99,9999,99,9999,9,0,0,0,0,1,4,35,1,1,1,2,0,0,1,80,1,1,1,13,0,0
24,240023,1,1,1,19,1,13,24,30,0,1,0,11,1,18,4,18004,4,1992,1G4BT5372NR4,1,G,4,B,T,5,3,7,2,N,R,4,0,P,BUIC,RDL,4D,92,17,4113,,0,1159,,G,,F,8,350,,,15R235,,,,,,0,0,000000000,00000000000,0,0,0,1,0,0,0,0,0,0,0,998,0,0,0,12,6,2,30,0,0,0,1,11,20032,6,1,0,0,3,3,65,190,0,0,0,0,0,0,0,0,0,0,0,0,0,0,1,2,30,1,1,2,1,0,0,1,13,1,1,4,1,1,0
24,240024,1,1,1,22,1,19,58,8,0,1,0,1,2,41,50,41050,4,2008,1YVHP80C285M,1,Y,V,H,P,8,0,C,2,8,5,M,0,P,MAZD,M6I,4D,8,17,3093,,0,1053,,G,,F,4,140,,,17R215,,,,,,0,0,000000000,00000000000,0,0,0,1,0,0,0,0,0,0,0,998,0,0,0,12,6,2,8,0,0,0,1,24,21784,6,1,0,0,3,0,74,180,0,0,0,1,0,8,2010,8,2010,0,0,0,0,0,2,4,45,1,2,2,1,0,0,1,80,1,1,1,13,0,0
24,240025,1,2,1,28,1,0,46,12,6,1,0,24,1,54,37,54037,2,2003,19UYA416X3A0,1,9,U,Y,A,4,1,6,X,3,A,0,0,P,ACUR,32S,CP,3,17,3446,,0,1069,,G,,F,6,197,,,17R215,,,,,,0,0,000000000,00000000000,0,0,0,1,0,0,0,0,0,0,0,998,0,1,6,5,6,2,12,0,0,0,1,24,21122,6,1,0,0,3,0,71,260,0,0,0,0,0,0,0,0,0,1,28,0,0,0,1,2,50,3,3,3,1,0,0,14,6,99,4,2,64,1,1
24,240025,2,2,2,28,1,0,46,12,6,1,0,24,2,34,35,34035,4,1997,WBADD6327VBW,W,B,A,D,D,6,3,2,7,V,B,W,0,P,BMW,52A,4D,97,17,3505,,0,1114,,G,,F,6,170,,,15R225,,,,,,0,0,000000000,00000000000,0,0,0,1,0,0,0,0,0,0,0,998,0,0,0,12,6,2,12,0,0,0,1,24,21122,6,1,0,0,3,1,75,205,0,0,0,0,0,0,0,0,0,0,0,0,0,0,1,2,50,3,3,2,1,0,0,14,62,1,1,1,65,0,0
24,240026,1,2,3,28,1,3,30,12,2,1,0,24,2,6,43,6043,4,2005,1C3EL56R25N6,1,C,3,E,L,5,6,R,2,5,N,6,0,P,CHRY,STO,4D,5,17,3128,,0,1080,,G,,F,6,165,,,17R215,,,,,,0,0,000000000,00000000000,0,0,0,1,0,0,0,0,0,0,0,998,0,0,0,12,6,2,12,0,0,1,1,24,21076,6,1,0,0,3,2,59,100,0,2,0,1,0,10,2010,12,2010,1,51,74,0,0,3,2,65,1,1,2,1,0,0,1,54,1,1,1,52,3,1
24,240026,2,2,1,28,1,3,30,12,2,1,0,24,1,34,34,34034,1,2002,WBABS33472PG,W,B,A,B,S,3,3,4,7,2,P,G,0,P,BMW,5CI,CV,2,17,3560,,0,1073,,G,,F,6,152,,,16R205,,,,,,0,0,000000000,00000000000,0,0,0,1,0,0,0,0,0,0,0,998,0,0,0,12,6,2,12,0,0,0,1,24,21146,2,1,0,0,2,2,77,265,0,1,0,0,0,5,2009,5,2009,0,74,0,0,0,3,2,65,1,1,2,1,0,0,1,54,1,1,1,52,1,1
24,240027,1,3,1,24,1,15,16,12,9,1,0,24,5,37,32,37032,4,2006,1HGCM66566A0,1,H,G,C,M,6,6,5,6,6,A,0,0,P,HOND,UEX,4D,6,17,3437,,0,1079,,G,,F,6,183,,,17R215,,,,,,0,0,000000000,00000000000,0,0,0,1,0,0,0,0,0,0,0,998,0,0,0,3,6,2,12,0,0,0,1,24,21216,2,1,0,0,2,2,66,176,0,6,0,0,0,1,2010,11,2010,1,28,36,74,0,1,2,45,1,2,2,1,0,0,6,10,1,1,2,48,1,0
24,240027,2,3,1,24,1,15,16,12,9,1,0,24,1,2,404,2404,14,2005,1J4GR48K15C5,1,J,4,G,R,4,8,K,1,5,C,5,0,T,JEEP,LCF,4W,5,17,,1,0,1095,GCK,G,,,6,226,,,,,4335,00,E,44,0,0,000000000,00000000000,0,0,0,1,0,0,0,0,0,0,0,998,0,0,0,6,6,2,12,0,0,0,1,24,21013,6,1,0,0,3,0,74,270,0,0,0,0,0,0,0,0,0,0,0,0,0,0,1,2,45,1,2,2,1,0,0,1,53,1,1,1,48,0,0
24,240027,3,3,3,24,1,15,16,12,9,1,0,24,3,23,421,23421,15,2004,1GDHC23UX4F2,1,G,D,H,C,2,3,U,X,4,F,2,0,T,GMC,2CH,CW,4,17,,2,1670,1530,SIE,G,,,8,364,,,,C,5615,02,E,42,0,0,000000000,00000000000,0,0,0,1,0,0,0,0,0,0,0,998,0,0,0,12,6,2,12,0,0,0,1,42,17314,6,1,0,0,3,0,70,999,1,1,1,0,0,9,2009,3,2010,0,0,0,0,0,1,2,45,1,2,2,1,0,0,1,62,1,1,1,98,0,0
24,240028,1,2,2,30,1,16,35,12,6,1,0,24,2,20,481,20481,31,2000,1GCEK19V5YE1,1,G,C,E,K,1,9,V,5,Y,E,1,0,T,CHEV,SK1,3C,0,17,,2,1575,1435,SIL,G,,,8,293,,,,B,4621,02,,44,0,0,000000000,00000000000,0,0,0,1,0,0,0,0,0,0,0,998,0,0,0,7,6,2,12,0,0,0,1,24,21921,0,0,0,0,0,0,999,999,0,0,0,0,0,0,0,0,0,0,38,39,0,0,2,2,55,1,1,2,1,20,3,1,19,1,1,1,89,1,0
24,240028,2,2,1,30,1,16,35,12,6,1,0,10,2,21,23,21023,4,2000,1G3WS52HXYF1,1,G,3,W,S,5,2,H,X,Y,F,1,0,P,OLDS,IGL,4D,0,17,3455,,0,1090,,G,,F,6,211,,,16R225,,,,,,0,0,000000000,00000000000,0,0,0,1,0,0,0,0,0,0,0,998,0,0,0,12,6,2,12,0,0,0,1,12,99999,9,9,99,9,9,9,999,999,99,99,99,99,99,99,9999,99,9999,0,0,0,0,0,2,2,55,1,1,2,1,0,0,1,68,1,1,1,88,0,0