STATE,ST_CASE,VEH_NO,VE_FORMS,NUMOCCS,DAY,MONTH,HOUR,MINUTE,HARM_EV,MAN_COLL,UNITTYPE,HIT_RUN,REG_STAT,OWNER,MAKE,MODEL,MAK_MOD,BODY_TYP,MOD_YEAR,VIN,VIN_1,VIN_2,VIN_3,VIN_4,VIN_5,VIN_6,VIN_7,VIN_8,VIN_9,VIN_10,VIN_11,VIN_12,TOW_VEH,VINTYPE,VINMAKE,VINA_MOD,VIN_BT,VINMODYR,VIN_LNGT,VIN_WGT,WGTCD_TR,WHLBS_LG,WHLBS_SH,SER_TR,FUELCODE,MCYCL_DS,CARBUR,CYLINDER,DISPLACE,MCYCL_CY,MCYCL_WT,TIRE_SZE,TON_RAT,TRK_WT,TRKWTVAR,VIN_REST,WHLDRWHL,J_KNIFE,MCARR_I1,MCARR_I2,MCARR_ID,GVWR,V_CONFIG,CARGO_BT,HAZ_INV,HAZ_PLAC,HAZ_ID,HAZ_CNO,HAZ_REL,BUS_USE,SPEC_USE,EMER_USE,TRAV_SP,UNDERIDE,ROLLOVER,ROLINLOC,IMPACT1,DEFORMED,TOWED,M_HARM,VEH_SC1,VEH_SC2,FIRE_EXP,DR_PRES,L_STATE,DR_ZIP,L_STATUS,L_TYPE,CDL_STAT,L_ENDORS,L_COMPL,L_RESTRI,DR_HGT,DR_WGT,PREV_ACC,PREV_SUS,PREV_DWI,PREV_SPD,PREV_OTH,FIRST_MO,FIRST_YR,LAST_MO,LAST_YR,SPEEDREL,DR_SF1,DR_SF2,DR_SF3,DR_SF4,VTRAFWAY,VNUM_LAN,VSPD_LIM,VALIGN,VPROFILE,VPAVETYP,VSURCOND,VTRAFCON,VTCONT_F,P_CRASH1,P_CRASH2,P_CRASH3,PCRASH4,PCRASH5,ACC_TYPE,DEATHS,DR_DRINK
24,240029,1,2,1,26,1,7,49,12,6,1,0,24,2,37,31,37031,4,2001,2HGES165X1H5,2,H,G,E,S,1,6,5,X,1,H,5,0,P,HOND,UCL,4D,1,17,2515,,0,1031,,G,,F,4,102,,,14R185,,,,,,0,0,000000000,00000000000,0,0,0,1,0,0,0,0,0,0,0,998,0,0,0,9,6,2,12,0,0,0,1,24,21074,6,1,0,0,3,0,70,170,0,0,0,0,0,0,0,0,0,0,38,0,0,0,1,4,40,3,1,1,1,20,3,11,15,1,1,1,82,1,0
24,240029,2,2,1,26,1,7,49,12,6,1,0,24,1,30,46,30046,4,2007,WVWAK73C67E2,W,V,W,A,K,7,3,C,6,7,E,2,0,P,VOLK,2WF,4D,7,17,3354,,0,1067,,G,,T,4,121,,,16R215,,,,,,0,0,000000000,00000000000,0,0,0,1,0,0,0,0,0,0,0,50,0,0,0,12,6,2,12,0,0,0,1,24,21117,6,1,0,0,3,0,68,160,0,0,0,1,0,3,2011,3,2011,1,0,0,0,0,1,4,40,3,1,1,1,0,0,1,66,4,1,1,83,0,0
24,240030,1,4,2,30,1,14,59,12,2,1,0,48,3,84,881,84881,66,2011,3HSCWAPR4BN2,3,H,S,C,W,A,P,R,4,B,N,2,1,T,INTL,PLT,TR,11,17,,8,0,0,PRO,D,,,6,915,,,,,00000,00,,64,1,57,486924,57486924,3,6,1,1,0,0,0,0,0,0,0,998,0,0,0,12,6,2,12,0,0,0,1,48,75211,6,1,6,0,3,0,70,250,0,3,0,0,0,6,2009,11,2010,0,28,0,0,0,3,2,60,1,1,2,1,0,0,1,10,99,9,6,50,0,0
24,240030,2,4,1,30,1,14,59,12,2,1,0,42,1,49,43,49043,4,2005,4T1BK36B45U0,4,T,1,B,K,3,6,B,4,5,U,0,0,P,TOYT,UTS,4D,5,17,3417,,0,1071,,G,,F,6,213,,,15R205,,,,,,0,0,000000000,00000000000,0,0,0,1,0,0,0,0,0,0,0,998,0,0,0,12,6,2,12,0,0,0,1,42,16652,6,1,0,0,3,0,71,999,0,0,0,1,1,1,2010,10,2011,0,0,0,0,0,2,2,60,1,1,2,1,0,0,1,62,1,1,1,51,1,0
24,240030,3,4,1,30,1,14,59,12,2,1,0,24,1,24,401,24401,14,2008,3GSCL33P38S5,3,G,S,C,L,3,3,P,3,8,S,5,0,P,STRN,VUE,UT,8,17,3825,,0,1066,,G,,F,4,146,,,16R235,,,,,,0,0,000000000,00000000000,0,0,0,1,0,0,0,0,0,0,0,998,0,0,0,12,6,2,12,0,0,0,1,24,21740,6,1,0,0,3,0,61,136,0,0,0,1,0,11,2011,11,2011,0,0,0,0,0,2,2,60,1,1,2,1,0,0,1,62,1,1,1,98,0,0
24,240030,4,4,1,30,1,14,59,12,2,1,0,42,1,12,481,12481,31,2006,1FTPX14536FA,1,F,T,P,X,1,4,5,3,6,F,A,0,T,FORD,F15,4C,6,17,,2,0,1450,COF,G,,,8,329,,,,B,4297,16,E,44,0,0,000000000,00000000000,0,0,0,1,0,0,0,0,0,0,0,998,0,0,0,12,6,2,12,0,0,0,1,42,17222,6,1,0,0,3,0,71,999,0,0,0,0,0,0,0,0,0,0,0,0,0,0,2,2,60,1,1,2,1,0,0,1,62,1,1,1,98,0,0
24,240031,1,1,5,1,1,2,51,33,0,1,0,11,2,20,403,20403,14,2007,1GNDS13S4721,1,G,N,D,S,1,3,S,4,7,2,1,0,P,CHEV,TRL,UT,7,17,4356,,0,1130,,G,,F,6,256,,,17R245,,,,,,0,0,000000000,00000000000,0,0,0,1,0,0,0,0,0,0,0,998,0,0,0,14,6,2,42,0,0,0,1,24,20871,6,1,0,0,3,0,71,150,0,0,0,0,0,0,0,0,0,0,0,0,0,0,1,4,40,2,2,2,1,0,0,14,13,99,9,4,15,2,1
24,240032,1,1,1,23,1,11,20,8,0,1,0,24,3,20,461,20461,21,1999,1GCHG35R1X10,1,G,C,H,G,3,5,R,1,X,1,0,0,T,CHEV,EX3,CG,99,17,,2,0,1350,EXP,G,,,8,350,,,,D,5381,00,,42,0,0,000000000,00000000000,0,0,0,1,0,0,0,0,0,0,0,998,0,0,0,6,2,3,8,0,0,0,1,24,20721,6,1,0,0,3,0,76,260,0,0,0,1,0,8,2011,8,2011,0,31,0,0,0,0,0,0,0,0,0,0,0,0,13,80,1,1,5,92,0,0
24,240033,1,1,1,4,2,2,25,24,0,1,0,24,2,12,401,12401,14,2003,1FMZU72KX3UB,1,F,M,Z,U,7,2,K,X,3,U,B,0,P,FORD,EPR,UT,3,17,4094,,0,1137,,F,,F,6,245,,,16R235,,,,,,0,0,000000000,00000000000,0,0,0,1,0,0,0,0,0,0,0,80,0,0,0,12,6,2,24,0,0,0,1,24,21152,1,1,0,0,2,2,64,108,0,1,0,0,0,12,2011,12,2011,1,74,0,0,0,1,2,40,2,2,1,1,0,0,14,6,9,3,4,7,1,1
24,240034,1,1,1,31,1,19,55,99,99,1,0,10,2,76,706,76706,80,2010,JYARN23E8AA0,J,Y,A,R,N,2,3,E,8,A,A,0,0,M,YAMA,YFR,RC,10,17,,,,,,,998,,4,,4,454,,,,,,,0,0,000000000,00000000000,0,0,0,1,0,0,0,0,0,0,0,998,0,0,0,98,6,2,99,0,0,0,1,11,20020,6,1,0,0,3,0,72,232,99,99,99,99,99,99,9999,99,9999,0,99,99,99,99,2,4,50,1,1,2,1,0,0,1,19,1,1,4,99,1,1
24,240035,1,1,2,24,1,2,43,42,0,1,0,24,1,32,44,32044,4,2004,WAUML44E64N0,W,A,U,M,L,4,4,E,6,4,N,0,0,P,AUDI,A8L,4D,4,17,4266,,0,1211,,G,,F,8,255,,,17R235,,,,,,0,0,000000000,00000000000,0,0,0,1,0,0,0,0,0,0,0,998,0,1,6,12,6,2,42,0,0,0,1,24,21228,6,1,0,0,3,0,75,180,0,0,0,0,0,0,0,0,0,1,28,0,0,0,1,4,25,1,2,2,2,0,0,1,12,1,1,4,6,1,1
24,240036,1,2,1,31,1,14,15,12,1,1,0,24,2,12,481,12481,31,1998,1FTZX1728WNB,1,F,T,Z,X,1,7,2,8,W,N,B,0,T,FORD,F15,3C,98,17,,1,1570,1390,COF,G,,,6,256,,,,B,4067,02,E,42,0,0,000000000,00000000000,0,0,0,1,0,0,0,0,0,0,0,998,0,1,1,6,6,2,12,0,0,0,1,99,99999,9,9,99,9,9,9,999,999,99,99,99,99,99,99,9999,99,9999,0,99,99,99,99,3,2,45,2,1,2,1,0,0,1,53,1,1,1,25,1,0
24,240036,2,2,2,31,1,14,15,12,1,1,0,24,1,59,34,59034,4,2006,JTHCH96S2600,J,T,H,C,H,9,6,S,2,6,0,0,0,P,LEXS,AS3,4D,6,17,3759,,0,1122,,G,,F,6,183,,,17R225,,,,,,0,0,000000000,00000000000,0,0,0,1,0,0,0,0,0,0,0,998,0,0,0,12,6,2,12,0,0,0,1,24,20904,6,1,0,0,3,0,75,163,0,0,0,0,0,0,0,0,0,1,99,99,99,99,3,2,45,2,1,2,1,0,0,1,51,1,1,1,24,0,0
24,240037,1,1,1,25,1,18,18,15,0,1,0,24,1,7,472,7472,30,2004,1D7GL12K04S7,1,D,7,G,L,1,2,K,0,4,S,7,0,T,DODG,SXT,PC,4,17,,1,0,1309,DAK,G,,,6,225,,,,B,3751,01,E,42,0,0,000000000,00000000000,0,0,0,1,0,0,0,0,0,0,0,998,0,0,0,12,4,9,15,0,0,0,1,24,21050,6,1,0,0,3,0,74,220,0,0,0,0,1,2,2011,2,2011,0,0,0,0,0,1,4,30,1,1,2,1,0,0,1,83,99,1,1,13,0,0
24,240038,1,2,1,1,2,20,28,12,1,1,0,24,1,49,33,49033,2,2000,JTDDY38T1Y00,J,T,D,D,Y,3,8,T,1,Y,0,0,0,P,TOYT,GTF,2H,0,17,2500,,0,1023,,G,,F,4,110,,,15R205,,,,,,0,0,000000000,00000000000,0,0,0,1,0,0,0,0,0,0,0,998,3,0,0,12,6,2,12,0,0,0,1,24,21046,6,1,0,0,3,0,69,180,0,0,0,0,0,0,0,0,0,1,0,0,0,0,3,2,65,1,1,2,1,0,0,1,51,1,1,1,24,1,1
24,240038,2,2,1,1,2,20,28,12,1,1,0,47,3,87,881,87881,66,2010,1XPHD49X8AD7,1,X,P,H,D,4,9,X,8,A,D,7,1,T,PTRB,386,TR,10,17,,8,0,0,CON,D,,,6,915,,,,,00000,00,,64,1,57,009555,57009555,3,6,1,1,0,0,0,0,0,0,0,998,0,0,0,6,6,2,12,0,0,0,1,28,38652,6,1,6,0,3,0,74,300,0,0,0,0,0,0,0,0,0,0,0,0,0,0,3,2,65,1,1,2,1,0,0,1,53,1,1,1,25,0,0
24,240039,1,1,2,5,2,17,48,42,0,1,0,24,1,23,481,23481,31,2004,1GTEC14T74Z1,1,G,T,E,C,1,4,T,7,4,Z,1,0,T,GMC,NC1,PK,4,17,,2,1330,1190,SIE,G,,,8,325,,,,B,4142,00,4,42,0,0,000000000,00000000000,0,0,0,1,0,0,0,0,0,0,0,998,0,0,0,1,6,2,42,0,0,0,1,24,20695,6,1,0,0,3,0,67,160,0,0,0,0,0,0,0,0,0,0,36,0,0,0,1,2,40,1,1,2,1,0,0,1,10,1,2,4,7,1,1
24,240040,1,1,1,7,2,20,35,8,0,1,0,24,1,37,402,37402,14,2011,5J6RE4H39BL0,5,J,6,R,E,4,H,3,9,B,L,0,0,P,HOND,CRV,UT,11,17,3503,,0,1031,,G,,F,4,146,,,17R225,,,,,,0,0,000000000,00000000000,0,0,0,1,0,0,0,0,0,0,0,998,0,0,0,12,4,3,8,0,0,0,1,24,21029,6,1,0,0,3,0,69,165,0,0,0,0,0,0,0,0,0,0,0,0,0,0,1,2,30,1,1,2,1,0,0,1,80,1,1,1,13,0,0
24,240041,1,1,1,8,2,19,59,34,0,1,0,24,1,49,40,49040,4,2000,4T1BG22K3YU6,4,T,1,B,G,2,2,K,3,Y,U,6,0,P,TOYT,UEX,4D,0,17,2998,,0,1051,,G,,F,4,132,,,14R195,,,,,,0,0,000000000,00000000000,0,0,0,1,0,0,0,0,0,0,0,998,0,1,5,12,6,2,1,0,0,0,1,24,21851,6,1,0,0,3,0,68,214,0,0,0,1,0,1,2012,1,2012,1,87,0,0,0,1,2,55,4,1,2,2,0,0,1,11,1,9,4,1,1,0
24,240042,1,1,1,20,2,18,28,8,0,1,0,24,2,22,22,22022,4,2006,1G2ZH1783641,1,G,2,Z,H,1,7,8,3,6,4,1,0,P,PONT,GGT,CP,6,17,3428,,0,1123,,G,,F,6,214,,,17R225,,,,,,0,0,000000000,00000000000,0,0,0,1,0,0,0,0,0,0,0,998,0,0,0,12,6,2,8,0,0,0,1,24,21655,6,1,0,0,3,2,67,111,0,0,0,0,0,0,0,0,0,0,74,0,0,0,1,2,50,1,1,2,1,0,0,1,80,1,1,1,13,0,0
24,240043,1,2,1,9,2,9,15,12,6,1,0,12,3,85,881,85881,66,2004,1XKADB9X64J0,1,X,K,A,D,B,9,X,6,4,J,0,1,T,KW,T60,TR,4,17,,8,2600,1600,CON,D,,,6,893,,,,,00000,00,,64,1,57,291180,57291180,3,6,3,1,0,0,0,0,0,0,0,998,0,0,0,12,6,2,12,0,0,0,1,51,23847,6,1,6,0,3,0,72,350,0,0,0,0,1,6,2011,6,2011,0,39,0,0,0,3,2,55,1,1,2,1,0,0,1,65,6,1,1,79,0,0
24,240043,2,2,1,9,2,9,15,12,6,1,0,24,1,37,32,37032,4,2012,1HGCP2F37CA0,1,H,G,C,P,2,F,3,7,C,A,0,0,P,HOND,ULX,4D,12,17,3216,,0,1102,,G,,F,4,146,,,16R215,,,,,,0,0,000000000,00000000000,0,0,0,1,0,0,0,0,0,0,0,998,0,0,0,11,6,2,12,0,0,0,1,24,20774,6,1,0,0,3,0,61,147,0,0,0,0,0,0,0,0,0,0,0,0,0,0,3,2,55,1,1,2,1,3,3,10,16,1,1,1,78,1,0
24,240044,1,2,1,18,2,13,10,12,2,1,0,24,1,72,706,72706,80,2007,1HD1JL5167Y0,1,H,D,1,J,L,5,1,6,7,Y,0,0,M,HD,XTC,RS,7,17,,,,,,,1584,,2,,4,672,,,,,,,0,0,000000000,00000000000,0,0,0,1,0,0,0,0,0,0,0,998,0,0,0,12,6,2,12,0,0,0,1,24,21160,6,1,0,0,3,0,74,260,0,0,0,0,0,0,0,0,0,0,28,0,0,0,1,2,30,3,1,2,1,0,0,14,10,1,1,2,50,1,0
24,240044,2,2,1,18,2,13,10,12,2,1,0,24,3,87,881,87881,63,1997,1NP5XBEX6VN4,1,N,P,5,X,B,E,X,6,V,N,4,0,T,PTRB,379,CC,97,17,,8,0,0,CON,D,,,6,893,,,,,00000,00,,,0,57,1261305,571261305,3,2,4,1,0,0,0,0,0,0,0,998,0,0,0,12,4,3,12,0,0,0,1,24,21911,6,1,6,0,3,0,72,240,0,0,0,0,0,0,0,0,0,0,0,0,0,0,1,2,30,2,1,2,1,0,0,14,62,7,1,2,51,0,0
24,240045,1,1,1,1,2,17,16,8,0,1,0,24,2,86,881,86881,63,2001,1M2P267C21M0,1,M,2,P,2,6,7,C,2,1,M,0,0,T,MACK,RD6,CC,1,17,,8,0,0,600,D,,,6,728,,,,,00000,00,,64,0,57,1311834,571311834,3,2,4,1,0,0,0,0,0,0,0,998,0,0,0,12,2,1,8,0,0,0,1,24,20745,6,1,6,0,3,0,73,185,0,0,0,0,0,0,0,0,0,0,0,0,0,0,2,3,30,1,2,2,1,0,0,1,81,3,1,1,13,0,0
24,240046,1,1,1,18,2,0,6,8,0,1,1,99,9,99,999,99999,99,9999,999999999999,9,9,9,9,9,9,9,9,9,9,9,9,0,,,,,,,,,,,,,,,,,,,,,,,,,0,0,000000000,00000000000,0,0,0,1,0,0,0,0,0,0,0,998,0,0,0,12,9,1,8,0,0,0,1,99,99999,9,9,99,9,9,9,999,999,99,99,99,99,99,99,9999,99,9999,9,99,99,99,99,3,3,55,1,1,2,1,0,0,1,80,1,1,1,13,0,0
24,240047,1,3,1,8,2,16,7,12,6,1,0,24,2,37,32,37032,4,1991,1HGCB7667MA1,1,H,G,C,B,7,6,6,7,M,A,1,0,P,HOND,AER,4D,91,17,2923,,0,1071,,G,,F,4,132,,,15R195,,,,,,0,0,000000000,00000000000,0,0,0,1,0,0,0,0,0,0,0,55,0,0,0,12,6,2,12,0,0,0,1,24,21040,6,1,0,0,3,0,61,130,0,1,0,0,0,6,2011,6,2011,0,28,0,0,0,1,4,50,1,2,2,2,0,0,1,10,1,1,2,64,1,1
24,240047,2,3,1,8,2,16,7,12,6,1,0,24,1,49,401,49401,14,2009,JTEBU14R69K0,J,T,E,B,U,1,4,R,6,9,K,0,0,P,TOYT,RUN,UT,9,17,4300,,0,1098,,G,,F,6,244,,,17R265,,,,,,0,0,000000000,00000000000,0,0,0,1,0,0,0,0,0,0,0,998,0,0,0,7,4,1,12,0,0,0,1,24,21084,6,1,0,0,3,0,64,150,0,0,0,0,0,0,0,0,0,0,0,0,0,0,1,4,50,1,2,2,2,0,0,1,62,1,1,1,65,0,0
24,240047,3,3,1,8,2,16,7,12,6,1,0,24,1,49,402,49402,14,2011,JTMJF4DV3B50,J,T,M,J,F,4,D,V,3,B,5,0,0,P,TOYT,RG4,UT,11,17,3444,,0,0,,G,,F,4,153,,,000000,,,,,,0,0,000000000,00000000000,0,0,0,1,0,0,0,0,0,0,0,998,0,0,0,12,6,2,12,0,0,0,1,24,21236,6,1,0,0,3,0,64,115,0,0,0,0,0,0,0,0,0,0,0,0,0,0,1,4,0,1,2,2,2,0,0,1,62,1,1,1,98,0,0
24,240048,1,2,1,7,2,18,45,12,6,1,0,24,1,49,40,49040,4,1999,4T1BG22K8XU4,4,T,1,B,G,2,2,K,8,X,U,4,0,P,TOYT,UEX,4D,99,17,2998,,0,1051,,G,,F,4,132,,,14R195,,,,,,0,0,000000000,00000000000,0,0,0,1,0,0,0,0,0,0,0,998,0,0,0,1,6,2,12,0,0,0,1,24,21244,6,1,0,0,3,0,71,180,0,0,0,3,0,11,2010,5,2011,0,38,0,0,0,1,4,35,1,2,2,1,0,0,12,10,1,1,2,98,1,0
24,240048,2,2,1,7,2,18,45,12,6,1,1,24,2,55,401,55401,14,2004,KM8SC13E64U7,K,M,8,S,C,1,3,E,6,4,U,7,0,P,HYUN,SAN,UT,4,17,3720,,0,1031,,G,,F,6,213,,,16R225,,,,,,0,0,000000000,00000000000,0,0,0,1,0,0,0,0,0,0,0,998,0,0,0,12,6,2,12,0,0,0,1,24,21244,0,0,0,0,0,0,71,287,0,0,0,0,0,0,0,0,0,0,0,0,0,0,1,4,35,1,2,2,1,0,0,1,62,1,1,1,98,0,0
24,240049,1,1,1,22,2,11,33,8,0,1,0,24,1,7,26,7026,4,2008,1B3LC56R08N6,1,B,3,L,C,5,6,R,0,8,N,6,0,P,DODG,AXT,4D,8,17,3465,,0,1089,,F,,F,6,165,,,17R215,,,,,,0,0,000000000,00000000000,0,0,0,1,0,0,0,0,0,0,0,998,0,0,0,12,4,1,8,0,0,0,1,12,33417,6,1,0,0,3,0,74,999,0,0,0,1,0,8,2010,8,2010,0,0,0,0,0,2,3,45,1,1,2,1,0,0,1,80,1,1,1,13,0,0
24,240050,1,3,1,10,2,17,11,12,2,1,0,24,3,12,461,12461,21,2001,1FTNE24201HA,1,F,T,N,E,2,4,2,0,1,H,A,0,T,FORD,25V,CG,1,17,,2,0,1380,VAN,G,,,6,256,,,,C,5012,02,E,42,0,0,000000000,00000000000,0,0,0,1,0,0,0,0,0,0,0,998,0,0,0,12,6,2,12,0,0,0,1,24,20602,6,1,6,0,3,0,72,185,0,0,0,0,0,0,0,0,0,0,38,0,0,0,2,2,40,1,1,2,1,3,3,11,15,1,1,1,68,0,0
24,240050,2,3,3,10,2,17,11,12,2,1,0,24,1,12,24,12024,6,2010,2FMDK4JC1ABB,2,F,M,D,K,4,J,C,1,A,B,B,0,P,FORD,EDG,UT,10,17,4288,,0,1112,,G,,F,6,214,,,18R245,,,,,,0,0,000000000,00000000000,0,0,0,1,0,0,0,0,0,0,0,998,0,0,0,12,6,2,12,0,0,0,1,24,20613,6,1,0,0,3,0,63,115,0,0,0,1,0,7,2010,7,2010,0,0,0,0,0,2,2,40,1,1,2,1,3,3,1,62,1,1,1,69,1,0
24,240050,3,3,2,10,2,17,11,12,2,1,0,24,2,24,7,24007,4,2005,1G8AJ52F65Z1,1,G,8,A,J,5,2,F,6,5,Z,1,0,P,STRN,SI2,4D,5,17,2802,,0,1032,,G,,F,4,134,,,15R195,,,,,,0,0,000000000,00000000000,0,0,0,1,0,0,0,0,0,0,0,0,0,0,0,12,6,2,12,0,0,0,1,24,20662,6,1,0,0,3,3,64,110,0,0,0,0,0,0,0,0,0,0,0,0,0,0,2,2,40,1,1,2,1,3,3,5,67,1,1,1,98,0,0
24,240051,1,1,1,9,2,13,57,18,0,1,0,24,1,35,43,35043,4,2000,3N1CB51D7YL3,3,N,1,C,B,5,1,D,7,Y,L,3,0,P,NISS,SXG,4D,0,17,2401,,0,998,,G,,F,4,108,,,14R185,,,,,,0,0,000000000,00000000000,0,0,0,1,0,0,0,0,0,0,0,998,0,1,6,12,6,2,42,0,0,0,1,24,21085,6,1,0,0,3,0,65,145,0,0,0,0,0,0,0,0,0,0,0,0,0,0,1,2,99,1,2,2,1,0,0,1,12,1,1,4,6,1,0
24,240052,1,1,1,20,2,18,20,8,0,1,0,24,3,12,402,12402,14,2012,1FMCU0DG4CKB,1,F,M,C,U,0,D,G,4,C,K,B,0,P,FORD,SPE,UT,12,17,3332,,0,1031,,F,,F,6,183,,,16R235,,,,,,0,0,000000000,00000000000,0,0,0,1,0,0,0,0,0,0,0,998,0,0,0,12,6,2,8,0,0,0,1,24,21040,6,1,0,0,3,0,71,195,0,0,0,1,1,6,2009,12,2009,0,0,0,0,0,1,2,35,1,1,2,1,0,0,1,80,1,1,1,13,0,0
24,240053,1,3,3,20,2,21,58,12,2,1,0,24,2,20,16,20016,4,2003,1G1JC52F9373,1,G,1,J,C,5,2,F,9,3,7,3,0,P,CHEV,CAV,4D,3,17,2971,,0,1041,,G,,F,4,134,,,14R195,,,,,,0,0,000000000,00000000000,0,0,0,1,0,0,0,0,0,0,0,998,0,0,0,12,6,2,12,0,0,0,1,24,21047,6,1,0,0,3,0,67,195,0,0,0,0,0,0,0,0,0,1,28,0,0,0,1,2,45,1,1,2,1,0,0,1,10,1,1,2,50,3,1
24,240053,2,3,2,20,2,21,58,12,2,1,0,24,2,49,40,49040,4,2010,4T1BF3EK4AU0,4,T,1,B,F,3,E,K,4,A,U,0,0,P,TOYT,CBA,4D,10,17,3263,,0,1093,,G,,F,4,152,,,16R215,,,,,,0,0,000000000,00000000000,0,0,0,1,0,0,0,0,0,0,0,998,0,0,0,12,6,2,12,0,0,0,1,24,21014,6,1,0,0,3,0,68,140,0,0,0,0,2,5,2010,1,2011,0,0,0,0,0,1,2,45,1,1,2,1,0,0,1,62,1,1,1,51,0,0
24,240053,3,3,2,20,2,21,58,12,2,1,0,24,1,54,39,54039,4,2007,JH4CL968X7C0,J,H,4,C,L,9,6,8,X,7,C,0,0,P,ACUR,TSX,4D,7,17,3345,,0,1051,,G,,F,4,146,,,17R215,,,,,,0,0,000000000,00000000000,0,0,0,1,0,0,0,0,0,0,0,998,0,0,0,12,6,2,12,0,0,0,1,24,21014,6,1,0,0,3,0,70,155,0,0,0,0,0,0,0,0,0,0,0,0,0,0,1,2,45,1,1,2,1,0,0,1,62,1,1,1,98,0,0
24,240054,1,3,1,12,2,14,55,12,6,1,0,24,1,30,47,30047,3,1998,3VWBB61C6WM0,3,V,W,B,B,6,1,C,6,W,M,0,0,P,VOLK,NBT,2H,98,17,2723,,0,989,,G,,F,4,121,,,16R205,,,,,,0,0,000000000,00000000000,0,0,0,1,0,0,0,0,0,0,0,998,0,0,0,12,6,2,12,0,0,0,1,24,21871,6,1,0,0,3,0,63,100,0,0,0,1,0,4,2011,4,2011,0,38,0,0,0,2,2,50,1,1,2,1,3,3,11,15,1,1,1,68,0,0
24,240054,2,3,2,12,2,14,55,12,6,1,0,24,2,37,31,37031,4,1993,JHMEG8559PS0,J,H,M,E,G,8,5,5,9,P,S,0,0,P,HOND,CLX,4D,93,17,2319,,0,1013,,G,,F,4,091,,,13R175,,,,,,0,0,000000000,00000000000,0,0,0,1,0,0,0,0,0,0,0,998,0,0,0,3,6,2,12,0,0,0,1,24,21122,6,1,0,0,3,0,69,135,0,0,0,0,0,0,0,0,0,0,0,0,0,0,2,2,50,1,1,2,1,3,3,1,62,1,1,1,69,1,0
24,240054,3,3,5,12,2,14,55,12,6,1,0,24,1,35,402,35402,14,2011,5N1AN0NW4BC5,5,N,1,A,N,0,N,W,4,B,C,5,0,P,NISS,XTR,UT,11,17,4365,,0,1063,,G,,F,6,244,,,16R265,,,,,,0,0,000000000,00000000000,0,0,0,1,0,0,0,0,0,0,0,998,0,0,0,12,6,2,12,0,0,0,1,24,21048,6,1,0,0,3,0,70,175,0,0,0,1,2,10,2010,12,2010,0,0,0,0,0,2,2,50,1,1,2,1,3,3,1,61,1,1,1,98,0,0
24,240055,1,2,4,16,2,2,13,12,9,1,0,24,1,12,401,12401,14,2002,1FMDU63K62UD,1,F,M,D,U,6,3,K,6,2,U,D,0,P,FORD,EPR,UT,2,17,4163,,0,1137,,F,,F,6,245,,,16R235,,,,,,0,0,000000000,00000000000,0,0,0,1,0,0,0,0,0,0,0,998,0,0,0,10,6,2,12,0,0,1,1,24,21114,0,0,0,0,0,0,999,999,0,0,0,0,0,0,0,0,0,1,28,0,0,0,2,3,50,1,1,2,1,0,0,6,10,99,3,2,46,1,1
24,240055,2,2,2,16,2,2,13,12,9,1,0,24,3,82,881,82881,66,2012,1FUJGLDRXCSB,1,F,U,J,G,L,D,R,X,C,S,B,1,T,FRHT,125,TR,12,17,,8,0,0,CSC,D,,,6,903,,,,,00000,00,,64,1,57,0188062,570188062,3,6,1,1,0,0,0,0,0,0,0,998,0,0,0,6,6,2,12,0,0,0,1,24,21215,6,1,6,0,3,0,72,200,0,1,0,0,0,1,2012,1,2012,0,0,0,0,0,2,3,50,1,1,2,1,0,0,1,60,1,1,1,45,0,0
24,240056,1,1,1,19,2,5,57,30,0,1,0,24,1,12,3,12003,2,1991,1FACP42E8MF1,1,F,A,C,P,4,2,E,8,M,F,1,0,P,FORD,MCG,2H,91,17,3191,,0,1005,,G,,F,8,302,,,15R225,,,,,,0,0,000000000,00000000000,0,0,0,1,0,0,0,0,0,0,0,998,0,1,5,12,6,2,30,0,0,0,1,24,21617,6,1,0,0,3,0,74,170,0,1,0,1,0,4,2010,6,2010,1,0,0,0,0,1,2,40,4,1,2,1,0,0,1,13,1,1,4,1,1,1
24,240057,1,3,1,21,2,14,20,12,2,1,0,24,1,6,44,6044,4,2000,1C3EJ56H9YN1,1,C,3,E,J,5,6,H,9,Y,N,1,0,P,CHRY,CLI,4D,0,17,3115,,0,1080,,G,,F,6,152,,,15R195,,,,,,0,0,000000000,00000000000,0,0,0,1,0,0,0,0,0,0,0,79,0,0,0,12,6,2,12,0,0,0,1,24,21208,6,1,0,0,3,0,72,175,0,0,0,1,0,5,2011,5,2011,1,28,0,0,0,1,4,40,1,5,2,1,0,0,1,10,1,1,1,50,1,0
24,240057,2,3,1,21,2,14,20,12,2,1,0,24,1,14,6,14006,4,1993,2MELM75W2PX6,2,M,E,L,M,7,5,W,2,P,X,6,0,P,MERC,MGL,4D,93,17,3780,,0,1144,,G,,F,8,281,,,15R215,,,,,,0,0,000000000,00000000000,0,0,0,1,0,0,0,0,0,0,0,30,0,0,0,12,6,2,12,0,0,0,1,24,21208,6,1,0,0,3,0,67,170,0,0,0,0,0,0,0,0,0,0,0,0,0,0,1,4,40,1,5,2,1,0,0,1,62,1,1,1,51,1,0