STATE,ST_CASE,VEH_NO,VE_FORMS,NUMOCCS,DAY,MONTH,HOUR,MINUTE,HARM_EV,MAN_COLL,UNITTYPE,HIT_RUN,REG_STAT,OWNER,MAKE,MODEL,MAK_MOD,BODY_TYP,MOD_YEAR,VIN,VIN_1,VIN_2,VIN_3,VIN_4,VIN_5,VIN_6,VIN_7,VIN_8,VIN_9,VIN_10,VIN_11,VIN_12,TOW_VEH,VINTYPE,VINMAKE,VINA_MOD,VIN_BT,VINMODYR,VIN_LNGT,VIN_WGT,WGTCD_TR,WHLBS_LG,WHLBS_SH,SER_TR,FUELCODE,MCYCL_DS,CARBUR,CYLINDER,DISPLACE,MCYCL_CY,MCYCL_WT,TIRE_SZE,TON_RAT,TRK_WT,TRKWTVAR,VIN_REST,WHLDRWHL,J_KNIFE,MCARR_I1,MCARR_I2,MCARR_ID,GVWR,V_CONFIG,CARGO_BT,HAZ_INV,HAZ_PLAC,HAZ_ID,HAZ_CNO,HAZ_REL,BUS_USE,SPEC_USE,EMER_USE,TRAV_SP,UNDERIDE,ROLLOVER,ROLINLOC,IMPACT1,DEFORMED,TOWED,M_HARM,VEH_SC1,VEH_SC2,FIRE_EXP,DR_PRES,L_STATE,DR_ZIP,L_STATUS,L_TYPE,CDL_STAT,L_ENDORS,L_COMPL,L_RESTRI,DR_HGT,DR_WGT,PREV_ACC,PREV_SUS,PREV_DWI,PREV_SPD,PREV_OTH,FIRST_MO,FIRST_YR,LAST_MO,LAST_YR,SPEEDREL,DR_SF1,DR_SF2,DR_SF3,DR_SF4,VTRAFWAY,VNUM_LAN,VSPD_LIM,VALIGN,VPROFILE,VPAVETYP,VSURCOND,VTRAFCON,VTCONT_F,P_CRASH1,P_CRASH2,P_CRASH3,PCRASH4,PCRASH5,ACC_TYPE,DEATHS,DR_DRINK
24,240123,1,1,1,22,4,3,19,42,0,1,0,24,2,49,40,49040,4,2007,4T1BE46K27U6,4,T,1,B,E,4,6,K,2,7,U,6,0,P,TOYT,CMB,4D,7,17,3108,,0,1093,,G,,F,4,146,,,15R205,,,,,,0,0,000000000,00000000000,0,0,0,1,0,0,0,0,0,0,0,998,0,0,0,12,6,2,42,0,0,0,1,24,21244,6,1,0,0,3,0,73,180,0,0,0,0,0,0,0,0,0,0,0,0,0,0,1,2,50,3,1,2,1,0,0,14,11,1,1,4,1,1,1
24,240124,1,1,1,27,4,22,29,8,0,1,0,24,2,37,32,37032,4,2001,1HGCF86611A1,1,H,G,C,F,8,6,6,1,1,A,1,0,P,HOND,UVP,4D,1,17,3009,,0,1069,,G,,F,4,138,,,14R195,,,,,,0,0,000000000,00000000000,0,0,0,1,0,0,0,0,0,0,0,998,0,0,0,12,4,3,8,0,0,0,1,24,21001,6,1,0,0,3,0,67,320,0,0,0,0,0,0,0,0,0,0,0,0,0,0,3,2,40,1,1,2,1,0,0,1,80,1,1,1,13,0,0
24,240125,1,2,1,28,4,4,20,24,0,1,0,24,1,49,401,49401,14,1995,JT3VN39W7S01,J,T,3,V,N,3,9,W,7,S,0,1,0,P,TOYT,RUN,UT,95,17,4105,,0,1033,,G,,F,6,180,,,15R225,,,,,,0,0,000000000,00000000000,0,0,0,1,0,0,0,0,0,0,0,998,0,0,0,12,6,2,12,0,0,0,1,24,21795,6,1,6,0,3,0,70,200,0,0,0,0,1,7,2011,7,2011,1,0,0,0,0,3,2,55,1,1,2,1,0,0,1,10,99,2,4,7,1,0
24,240125,2,2,1,28,4,4,20,24,0,1,0,24,1,7,472,7472,30,1997,1B7GG16Y5VS1,1,B,7,G,G,1,6,Y,5,V,S,1,0,T,DODG,,,97,17,,,,,,G,,,8,318,,,,,,,,,0,0,000000000,00000000000,0,0,0,1,0,0,0,0,0,0,0,998,0,0,0,12,6,2,12,0,0,0,1,24,20877,6,1,0,0,3,0,72,210,0,0,0,0,1,12,2011,12,2011,0,0,0,0,0,3,2,55,1,1,2,1,0,0,15,60,1,1,1,98,0,0
24,240126,1,2,1,15,4,13,55,12,2,1,0,24,1,12,880,12880,67,2009,1FTRX12869KB,1,F,T,R,X,1,2,8,6,9,K,B,0,T,FORD,F15,4C,9,17,,2,1630,1330,COF,G,,,8,281,,,,B,4985,05,L,42,0,88,888888888,88888888888,2,1,97,1,0,0,0,0,0,0,0,998,0,0,0,12,6,2,12,0,0,0,1,24,21921,6,1,0,0,3,3,68,185,0,0,0,0,0,0,0,0,0,0,38,0,0,0,1,2,35,1,1,2,1,0,0,11,15,1,1,1,68,0,0
24,240126,2,2,1,15,4,13,55,12,2,1,0,10,1,72,706,72706,80,1993,1HD1BJL40PY0,1,H,D,1,B,J,L,4,0,P,Y,0,0,M,HD,STC,RS,93,17,,,,,,,1340,,2,,4,710,,,,,,,0,0,000000000,00000000000,0,0,0,1,0,0,0,0,0,0,0,998,0,0,0,12,6,2,12,0,0,0,1,10,19720,6,1,0,0,3,0,71,200,0,0,0,0,0,0,0,0,0,0,0,0,0,0,1,2,35,1,1,2,1,0,0,1,62,1,1,1,69,1,0
24,240127,1,3,1,29,4,16,0,12,6,1,0,24,1,72,706,72706,80,2006,1HD1GN1186K3,1,H,D,1,G,N,1,1,8,6,K,3,0,M,HD,DLI,RS,6,17,,,,,,,1450,,2,,4,641,,,,,,,0,0,000000000,00000000000,0,0,0,1,0,0,0,0,0,0,0,998,0,0,0,12,6,2,12,0,0,0,1,24,21221,6,1,0,0,3,0,71,170,0,0,0,0,0,0,0,0,0,0,28,0,0,0,1,2,50,2,2,2,1,0,0,14,10,1,1,2,64,1,0
24,240127,2,3,1,29,4,16,0,12,6,1,0,42,1,2,405,2405,14,2003,1J4GL48K33W6,1,J,4,G,L,4,8,K,3,3,W,6,0,T,JEEP,LSF,4W,3,17,,1,0,1043,LIB,G,,,6,226,,,,,3655,02,E,44,0,0,000000000,00000000000,0,0,0,1,0,0,0,0,0,0,0,998,0,0,0,9,6,2,12,0,0,0,1,42,19310,6,1,0,0,3,0,64,999,0,0,0,0,0,0,0,0,0,0,0,0,0,0,1,2,50,2,2,2,1,0,0,14,62,1,1,1,65,0,0
24,240127,3,3,1,29,4,16,0,12,6,1,0,42,1,76,706,76706,80,2001,JYAVP02E61A0,J,Y,A,V,P,0,2,E,6,1,A,0,0,M,YAMA,XAL,RS,1,17,,,,,,,1602,,2,,4,677,,,,,,,0,0,000000000,00000000000,0,0,0,1,0,0,0,0,0,0,0,998,0,0,0,12,6,2,12,0,0,0,1,42,19310,6,1,0,0,3,0,73,999,0,0,0,0,0,0,0,0,0,0,0,0,0,0,1,2,50,2,2,2,1,0,0,14,62,1,1,1,98,0,0
24,240128,1,3,1,23,4,2,4,12,1,1,0,24,6,35,47,35047,4,2011,1N4AL2AP8BC1,1,N,4,A,L,2,A,P,8,B,C,1,0,P,NISS,ATS,4D,11,17,3180,,0,1093,,G,,F,4,153,,,16R215,,,,,,0,0,000000000,00000000000,0,0,0,1,0,0,0,0,0,0,0,998,0,0,0,6,6,2,12,0,0,0,0,0,99997,7,6,97,7,6,7,998,997,998,998,998,998,998,98,9998,98,9998,8,54,0,0,0,3,3,55,3,2,2,2,0,0,0,53,0,0,0,98,0,0
24,240128,2,3,2,23,4,2,4,12,1,1,0,24,2,20,2,20002,4,2008,2G1WB58K1892,2,G,1,W,B,5,8,K,1,8,9,2,0,P,CHEV,IPL,4D,8,17,3555,,0,1105,,F,,F,6,214,,,16R225,,,,,,0,0,000000000,00000000000,0,0,0,1,0,0,0,0,0,0,0,0,0,0,0,6,6,2,12,0,0,0,1,24,21114,6,1,0,0,3,0,63,131,0,0,0,0,0,0,0,0,0,0,54,0,0,0,3,3,55,3,2,2,2,0,0,5,53,1,1,3,21,0,0
24,240128,3,3,1,23,4,2,4,12,1,1,0,24,3,82,881,82881,66,2010,1FUBGBDV9ASA,1,F,U,B,G,B,D,V,9,A,S,A,2,T,FRHT,113,TR,10,17,,8,0,0,CSC,D,,,6,781,,,,,00000,00,,42,1,99,999999999,99999999999,3,7,1,1,0,0,0,0,0,0,0,998,0,0,0,12,6,2,12,0,0,0,1,24,21229,6,1,6,0,3,0,68,160,0,0,0,0,0,0,0,0,0,0,0,0,0,0,3,3,55,3,2,2,2,0,0,14,50,1,1,1,20,0,0
24,240129,1,1,1,2,5,5,8,32,0,1,0,24,2,37,32,37032,4,2005,1HGCM56755A1,1,H,G,C,M,5,6,7,5,5,A,1,0,P,HOND,UEX,4D,5,17,3203,,0,1079,,G,,F,4,146,,,16R205,,,,,,0,0,000000000,00000000000,0,0,0,1,0,0,0,0,0,0,0,998,0,0,0,12,6,2,32,0,0,0,1,24,20602,6,1,0,0,3,0,74,250,0,0,0,0,0,0,0,0,0,0,0,0,0,0,3,2,55,1,1,2,1,0,0,1,13,1,1,4,1,1,0
24,240130,1,1,1,4,5,6,39,24,0,1,0,39,1,73,706,73706,80,2003,JKAZX4E193B5,J,K,A,Z,X,4,E,1,9,3,B,5,0,M,KAWK,ZXE,RC,3,17,,,,,,,600,,4,,4,430,,,,,,,0,0,000000000,00000000000,0,0,0,1,0,0,0,0,0,0,0,998,0,0,0,12,6,2,24,0,0,0,1,39,43138,6,1,0,0,3,0,65,150,0,0,0,0,0,0,0,0,0,0,0,0,0,0,6,1,35,1,1,2,2,0,0,1,12,1,1,4,6,1,0
24,240131,1,2,1,5,5,2,40,12,1,1,0,24,1,24,1,24001,4,2000,1G8ZH5280YZ1,1,G,8,Z,H,5,2,8,0,Y,Z,1,0,P,STRN,SL1,4D,0,17,2332,,0,1024,,G,,F,4,116,,,14R185,,,,,,0,0,000000000,00000000000,0,0,0,1,0,0,0,0,0,0,0,0,0,0,0,6,6,2,12,0,0,0,1,24,21122,6,1,0,0,3,0,69,145,0,0,0,0,0,0,0,0,0,0,54,0,0,0,3,4,55,1,1,2,1,0,0,5,53,1,1,1,21,1,1
24,240131,2,2,1,5,5,2,40,12,1,1,0,24,2,12,481,12481,31,2003,3FTNF21LX3MB,3,F,T,N,F,2,1,L,X,3,M,B,0,T,FORD,F2S,PK,3,17,,2,0,1370,SRW,G,,,8,330,,,,C,5857,00,U,44,0,0,000000000,00000000000,0,0,0,1,0,0,0,0,0,0,0,998,0,0,0,12,6,2,12,0,0,0,1,24,21012,6,1,0,0,3,2,72,205,0,0,0,0,0,0,0,0,0,0,74,0,0,0,3,4,55,1,1,2,1,0,0,1,50,1,1,1,20,0,1
24,240132,1,3,2,8,5,10,0,12,2,1,0,24,3,12,881,12881,61,2008,1FDWF37R88EE,1,F,D,W,F,3,7,R,8,8,E,E,0,T,FORD,F3D,CB,8,17,,3,1650,1410,DRW,D,,,8,390,,,,D,6378,01,U,44,0,88,888888888,88888888888,2,1,97,1,0,0,0,0,0,0,0,998,0,0,0,12,6,2,12,0,0,0,1,24,21015,6,1,0,0,3,0,73,200,0,0,0,0,0,0,0,0,0,0,28,0,0,0,1,2,50,1,1,2,1,0,0,1,10,1,1,2,50,1,0
24,240132,2,3,1,8,5,10,0,12,2,1,0,24,3,23,402,23402,14,2012,2GKFLXE52C62,2,G,K,F,L,X,E,5,2,C,6,2,0,T,GMC,TET,4W,12,17,,1,0,1125,TER,F,,,6,183,,,,,4204,00,S,44,0,0,000000000,00000000000,0,0,0,1,0,0,0,0,0,0,0,998,0,0,0,12,6,2,12,0,0,0,1,24,21224,6,1,0,0,3,0,72,200,0,0,0,0,0,0,0,0,0,0,0,0,0,0,1,2,50,1,1,2,1,0,0,1,62,1,1,1,51,1,0
24,240132,3,3,1,8,5,10,0,12,2,1,0,24,3,2,403,2403,14,1994,1J4FY29S1RP4,1,J,4,F,Y,2,9,S,1,R,P,4,0,T,JEEP,WSE,2W,94,17,,1,0,934,W/Y,G,,,6,242,,,,,3075,00,A,44,0,0,000000000,00000000000,0,0,0,1,0,0,0,0,0,0,0,998,0,0,0,12,6,2,12,0,0,0,1,24,21047,6,1,0,0,3,0,69,185,0,0,0,0,0,0,0,0,0,0,0,0,0,0,1,2,50,1,1,2,1,0,0,1,51,3,1,1,98,0,0
24,240133,1,2,3,4,5,6,10,12,6,1,0,24,2,30,40,30040,4,2001,3VWSD69MX1M1,3,V,W,S,D,6,9,M,X,1,M,1,0,P,VOLK,JGS,4D,1,17,2877,,0,989,,G,,T,4,109,,,15R195,,,,,,0,0,000000000,00000000000,0,0,0,1,0,0,0,0,0,0,0,998,0,1,1,3,6,2,12,0,0,0,1,24,21234,6,1,0,0,3,0,76,315,0,0,0,1,0,7,2011,7,2011,1,28,0,0,0,1,2,40,1,1,2,2,0,0,1,6,7,9,2,64,3,0
24,240133,2,2,1,4,5,6,10,12,6,1,0,42,3,82,881,82881,66,2001,1FUJBBCG11LG,1,F,U,J,B,B,C,G,1,1,L,G,1,T,FRHT,ST2,TR,1,17,,8,0,0,CON,D,,,6,774,,,,,00000,00,,64,1,57,878791,57878791,3,6,2,1,0,0,0,0,0,0,0,998,0,1,6,12,6,2,42,0,0,0,1,42,17309,6,1,6,0,3,1,76,999,0,0,0,0,1,7,2010,7,2010,0,0,0,0,0,1,2,40,1,1,2,2,0,0,1,62,1,1,1,65,0,0
24,240134,1,1,1,6,5,20,18,39,0,1,0,24,1,47,31,47031,4,1995,YS3DD55B0S20,Y,S,3,D,D,5,5,B,0,S,2,0,0,P,SAA,90S,4H,95,17,2980,,0,1024,,G,,F,4,140,,,15R195,,,,,,0,0,000000000,00000000000,0,0,0,1,0,0,0,0,0,0,0,998,0,0,0,12,6,2,30,0,0,0,1,24,21047,6,1,0,0,3,0,65,130,0,0,0,0,0,0,0,0,0,1,0,0,0,0,1,2,40,1,2,2,1,0,0,1,13,1,1,4,1,1,1
24,240135,1,1,1,9,5,17,5,24,0,1,0,12,1,6,51,6051,4,2006,2C3KA53G56H4,2,C,3,K,A,5,3,G,5,6,H,4,0,P,CHRY,3TR,4D,6,17,3651,,0,1200,,G,,F,6,214,,,17R215,,,,,,0,0,000000000,00000000000,0,0,0,1,0,0,0,0,0,0,0,998,0,1,6,12,6,2,42,0,0,0,1,12,34982,6,1,0,0,3,0,69,175,0,0,0,0,0,0,0,0,0,1,0,0,0,0,1,2,55,1,1,2,1,0,0,1,12,1,1,4,6,1,0
24,240136,1,1,1,6,5,15,0,11,0,1,0,24,1,73,706,73706,80,2005,JKAZXCC145A0,J,K,A,Z,X,C,C,1,4,5,A,0,0,M,KAWK,Z1R,RC,5,17,,,,,,,998,,4,,4,375,,,,,,,0,0,000000000,00000000000,0,0,0,1,0,0,0,0,0,0,0,998,0,0,0,1,6,2,30,0,0,0,1,24,20774,6,1,0,0,3,0,71,265,0,1,0,0,1,9,2011,10,2011,1,83,0,0,0,1,3,45,1,1,2,1,0,0,1,87,1,1,1,13,1,0
24,240137,1,1,1,13,5,18,36,42,0,1,0,24,2,34,34,34034,1,1995,WBABJ5320SJC,W,B,A,B,J,5,3,2,0,S,J,C,0,P,BMW,32C,CV,95,17,3352,,0,1063,,G,,F,6,152,,,15R205,,,,,,0,0,000000000,00000000000,0,0,0,1,0,0,0,0,0,0,0,998,0,1,6,12,6,2,42,0,0,0,1,24,21740,6,1,0,0,3,2,69,185,0,0,0,0,0,0,0,0,0,1,74,0,0,0,1,2,35,3,1,2,1,0,0,14,12,99,1,4,6,1,1
24,240138,1,1,1,22,5,23,22,8,0,1,1,24,1,20,2,20002,4,2004,2G1WF52E2494,2,G,1,W,F,5,2,E,2,4,9,4,0,P,CHEV,IMP,4D,4,17,3389,,0,1105,,G,,F,6,207,,,16R225,,,,,,0,0,000000000,00000000000,0,0,0,1,0,0,0,0,0,0,0,998,0,0,0,12,4,1,8,0,0,0,1,24,20748,6,1,0,0,3,0,72,155,0,1,0,1,1,3,2011,1,2012,0,0,0,0,0,3,3,55,1,1,2,1,0,0,1,81,7,1,1,13,0,0
24,240139,1,1,1,11,5,22,54,8,0,1,0,24,1,42,401,42401,14,2001,4JGAB54E41A2,4,J,G,A,B,5,4,E,4,1,A,2,0,P,MERZ,ML3,UT,1,17,4586,,0,1110,,G,,F,6,195,,,16R255,,,,,,0,0,000000000,00000000000,0,0,0,1,0,0,0,0,0,0,0,998,0,0,0,12,6,2,8,0,0,0,1,24,20735,6,1,0,0,3,0,67,200,0,2,0,0,0,1,2010,7,2010,0,0,0,0,0,1,2,30,1,1,2,1,0,0,1,80,99,9,1,13,0,1
24,240140,1,2,1,12,5,21,19,12,99,1,0,10,3,85,881,85881,66,2004,1XKADU9X34J0,1,X,K,A,D,U,9,X,3,4,J,0,1,T,KW,T60,TR,4,17,,8,2600,1600,CON,D,,,6,733,,,,,00000,00,,64,1,57,1128928,571128928,3,6,1,1,0,0,0,0,0,0,0,998,0,0,0,7,2,3,12,0,0,0,1,10,19734,6,1,6,0,3,0,71,200,0,0,0,0,0,0,0,0,0,0,38,0,0,0,1,4,35,1,1,2,1,0,0,11,15,1,1,1,76,0,0
24,240140,2,2,1,12,5,21,19,12,99,1,0,24,1,98,709,98709,88,2008,LHJLC79F38B0,L,H,J,L,C,7,9,F,3,8,B,0,0,U,,,,8,17,,,,,,,,,,,,,,,,,,,0,0,000000000,00000000000,0,0,0,1,0,0,0,0,0,0,0,998,0,0,0,99,6,2,12,0,0,0,1,24,20735,6,1,0,0,3,0,73,218,0,0,0,0,0,0,0,0,0,0,0,0,0,0,1,4,35,1,1,2,1,0,0,1,70,1,1,1,77,1,1
24,240141,1,2,1,18,5,17,11,12,2,1,0,24,1,37,31,37031,2,2001,1HGEM21911L1,1,H,G,E,M,2,1,9,1,1,L,1,0,P,HOND,SIX,CP,1,17,2553,,0,1031,,G,,F,4,102,,,15R185,,,,,,0,0,000000000,00000000000,0,0,0,1,0,0,0,0,0,0,0,998,0,0,0,12,6,2,12,0,0,0,1,24,21719,6,1,0,0,3,0,69,150,0,0,0,0,1,11,2010,11,2010,0,28,0,0,0,1,2,55,1,1,2,1,0,0,1,10,1,1,2,50,1,0
24,240141,2,2,1,18,5,17,11,12,2,1,0,18,3,84,881,84881,66,2005,2HSCHAPR85C0,2,H,S,C,H,A,P,R,8,5,C,0,1,T,INTL,99I,TR,5,17,,8,0,0,990,D,,,6,915,,,,,00000,00,,64,1,57,265752,57265752,3,6,1,1,0,0,0,0,0,0,0,998,0,0,0,12,6,2,12,0,0,0,1,24,21713,6,1,6,0,3,0,69,180,0,0,0,0,1,2,2012,2,2012,0,0,0,0,0,1,2,55,1,1,2,1,0,0,1,62,1,1,1,51,0,0
24,240142,1,1,1,16,5,23,29,30,0,1,0,24,1,72,706,72706,80,2008,1HD1GM4168K3,1,H,D,1,G,M,4,1,6,8,K,3,0,M,HD,FDX,RS,8,17,,,,,,,1584,,2,,4,663,,,,,,,0,0,000000000,00000000000,0,0,0,1,0,0,0,0,0,0,0,998,0,0,0,12,6,2,30,0,0,0,1,24,21085,6,1,0,0,3,0,69,158,0,0,0,0,0,0,0,0,0,1,0,0,0,0,1,2,50,3,2,2,1,0,0,14,13,1,1,4,1,1,1
24,240143,1,1,1,20,5,18,16,31,0,1,0,24,1,37,706,37706,80,2002,JH2SC50052M0,J,H,2,S,C,5,0,0,5,2,M,0,0,M,HOND,CR9,RC,2,17,,,,,,,954,,4,,4,999,,,,,,,0,0,000000000,00000000000,0,0,0,1,0,0,0,0,0,0,0,998,0,0,0,9,6,2,31,0,0,0,1,24,21797,6,1,0,0,3,0,72,205,0,0,0,0,0,0,0,0,0,1,0,0,0,0,1,2,50,3,2,2,1,0,0,14,13,1,1,4,1,1,1
24,240144,1,1,1,24,3,20,14,8,0,1,0,24,1,51,43,51043,1,2004,YV1NC63D44J0,Y,V,1,N,C,6,3,D,4,4,J,0,0,P,VOLV,CLP,CV,4,17,3450,,0,1050,,G,,T,5,149,,,16R205,,,,,,0,0,000000000,00000000000,0,0,0,1,0,0,0,0,0,0,0,998,0,0,0,12,4,1,8,0,0,0,1,24,20902,6,1,0,0,3,0,64,170,0,0,0,0,0,0,0,0,0,0,87,0,0,0,2,2,50,1,1,2,2,0,0,1,80,1,1,1,13,0,0
24,240145,1,1,1,21,4,22,9,33,0,1,0,24,1,35,47,35047,4,2006,1N4AL11D46N4,1,N,4,A,L,1,1,D,4,6,N,4,0,P,NISS,ASL,4D,6,17,2915,,0,1102,,G,,F,4,153,,,16R215,,,,,,0,0,000000000,00000000000,0,0,0,1,0,0,0,0,0,0,0,998,0,0,0,14,6,2,42,0,0,0,1,24,20877,6,1,0,0,3,3,70,175,0,0,0,0,0,0,0,0,0,9,0,0,0,0,2,3,35,3,2,2,1,0,0,14,12,99,9,4,6,1,1
24,240146,1,2,1,6,5,15,4,12,6,1,0,24,1,37,706,37706,80,2007,JH2PC40037M0,J,H,2,P,C,4,0,0,3,7,M,0,0,M,HOND,B60,RC,7,17,,,,,,,599,,4,,4,345,,,,,,,0,0,000000000,00000000000,0,0,0,1,0,0,0,0,0,0,0,998,0,0,0,12,6,2,12,0,0,0,1,24,21401,6,1,0,0,3,0,72,170,0,0,0,2,0,2,2011,1,2012,1,0,0,0,0,2,3,50,1,1,2,1,0,0,1,62,1,1,1,69,1,0
24,240146,2,2,1,6,5,15,4,12,6,1,0,24,1,20,471,20471,30,2001,1GCCS1952181,1,G,C,C,S,1,9,5,2,1,8,1,0,T,CHEV,S14,PC,1,17,,1,0,1229,S,F,,,4,133,,,,B,00000,00,,42,0,0,000000000,00000000000,0,0,0,1,0,0,0,0,0,0,0,998,0,0,0,1,6,2,12,0,0,0,1,24,20785,6,1,0,0,3,3,72,211,0,0,0,0,0,0,0,0,0,0,0,0,0,0,2,3,50,1,1,2,1,0,0,11,15,1,1,1,68,0,0
24,240147,1,2,2,17,5,16,7,12,2,1,0,24,1,20,404,20404,14,2012,2GNALBEKXC12,2,G,N,A,L,B,E,K,X,C,1,2,0,P,CHEV,EQU,UT,12,17,3786,,0,1125,,F,,F,4,146,,,17R225,,,,,,0,0,000000000,00000000000,0,0,0,1,0,0,0,0,0,0,0,998,0,0,0,12,6,2,12,0,0,0,1,24,21157,6,1,0,0,3,0,66,150,0,0,0,0,0,0,0,0,0,0,38,0,0,0,1,2,30,1,2,2,1,20,3,1,17,1,1,1,90,1,0
24,240147,2,2,1,17,5,16,7,12,2,1,0,24,2,6,442,6442,20,2000,1C4GJ44G7YB7,1,C,4,G,J,4,4,G,7,Y,B,7,0,T,CHRY,GSE,ES,0,17,,1,0,1193,VOV,F,,,6,201,,,,,3863,00,,42,0,0,000000000,00000000000,0,0,0,1,0,0,0,0,0,0,0,998,0,0,0,12,6,2,12,0,0,0,1,24,21104,6,1,0,0,3,0,62,138,0,0,0,0,0,0,0,0,0,0,0,0,0,0,1,4,55,1,2,2,1,0,0,1,66,1,1,1,90,0,0
24,240148,1,1,1,28,5,1,21,8,0,1,1,51,1,38,402,38402,14,1995,4S2CM58V4S43,4,S,2,C,M,5,8,V,4,S,4,3,0,P,ISU,ROD,UT,95,17,0,,0,1087,,G,,F,6,195,,,15R225,,,,,,0,0,000000000,00000000000,0,0,0,1,0,0,0,0,0,0,0,998,0,0,0,12,4,1,8,0,0,0,1,51,22079,6,1,0,0,3,0,68,180,0,0,0,0,1,3,2010,3,2010,0,39,0,0,0,3,4,40,1,1,2,1,98,2,1,80,6,1,1,13,0,1
24,240149,1,3,1,18,5,2,35,12,1,1,0,24,1,20,37,20037,4,2002,1G1NE52J42M6,1,G,1,N,E,5,2,J,4,2,M,6,0,P,CHEV,M/L,4D,2,17,3053,,0,1070,,G,,F,6,191,,,15R215,,,,,,0,0,000000000,00000000000,0,0,0,1,0,0,0,0,0,0,0,998,0,0,0,12,6,2,12,0,0,0,1,24,20720,6,1,0,0,3,0,69,150,0,1,0,0,0,3,2010,3,2010,1,0,0,0,0,2,3,40,1,1,2,1,0,0,1,50,4,1,1,20,0,1
24,240149,2,3,2,18,5,2,35,12,1,1,0,24,1,20,22,20022,4,2008,1G1AL58F8873,1,G,1,A,L,5,8,F,8,8,7,3,0,P,CHEV,BLT,4D,8,17,3216,,0,1033,,G,,F,4,134,,,15R195,,,,,,0,0,000000000,00000000000,0,0,0,1,0,0,0,0,0,0,0,0,0,0,0,6,6,2,12,0,0,0,1,24,20748,6,1,0,0,3,0,62,125,0,0,0,0,0,0,0,0,0,0,0,0,0,0,2,3,40,1,1,2,1,3,3,5,53,1,1,1,21,1,0
24,240149,3,3,1,18,5,2,35,12,1,1,0,24,1,35,47,35047,4,2000,1N4DL01D4YC1,1,N,4,D,L,0,1,D,4,Y,C,1,0,P,NISS,AGS,4D,0,17,2754,,0,1031,,G,,F,4,146,,,15R195,,,,,,0,0,000000000,00000000000,0,0,0,1,0,0,0,0,0,0,0,0,0,0,0,9,6,2,12,0,0,0,1,24,20708,6,1,0,0,3,0,70,195,0,0,0,2,3,6,2010,6,2010,0,0,0,0,0,2,3,40,1,1,2,1,3,3,5,60,1,1,1,98,0,0
24,240150,1,2,1,28,5,22,58,12,98,1,0,24,1,20,36,20036,2,2003,2G1WW12E9392,2,G,1,W,W,1,2,E,9,3,9,2,0,P,CHEV,MLS,CP,3,17,3340,,0,1105,,G,,F,6,207,,,16R225,,,,,,0,0,000000000,00000000000,0,0,0,1,0,0,0,0,0,0,0,998,0,2,5,98,6,2,1,0,0,0,1,24,20736,6,1,0,0,3,0,68,145,0,2,0,1,6,2,2010,5,2012,1,29,0,0,0,2,4,55,1,1,2,1,0,0,15,11,99,9,2,99,1,1
24,240150,2,2,1,28,5,22,58,12,98,1,0,13,1,49,32,49032,4,2008,1NXBR32E78Z9,1,N,X,B,R,3,2,E,7,8,Z,9,0,P,TOYT,UCS,4D,8,17,2530,,0,1024,,G,,F,4,110,,,15R185,,,,,,0,0,000000000,00000000000,0,0,0,1,0,0,0,0,0,0,0,998,0,0,0,11,6,2,12,0,0,0,1,13,30045,6,1,0,0,3,0,66,165,98,0,0,0,0,0,0,0,0,0,0,0,0,0,3,4,55,1,1,2,1,0,0,1,60,1,1,1,99,0,0
24,240151,1,2,1,30,5,21,49,1,0,1,0,24,1,73,706,73706,80,2010,JKBZXNC13AA0,J,K,B,Z,X,N,C,1,3,A,A,0,0,M,KAWK,X4C,RC,10,17,,,,,,,1352,,4,,4,567,,,,,,,0,0,000000000,00000000000,0,0,0,1,0,0,0,0,0,0,0,998,0,0,0,0,6,2,12,0,0,0,1,24,21117,6,1,0,0,3,0,74,207,0,0,0,0,0,0,0,0,0,1,0,0,0,0,6,2,55,1,2,1,1,0,0,1,51,4,9,1,98,1,0
24,240151,2,2,1,30,5,21,49,1,0,1,0,24,2,49,40,49040,4,2011,4T1BF3EKXBU2,4,T,1,B,F,3,E,K,X,B,U,2,0,P,TOYT,CBA,4D,11,17,3263,,0,1093,,G,,F,4,152,,,16R215,,,,,,0,0,000000000,00000000000,0,0,0,1,0,0,0,0,0,0,0,998,0,0,0,6,2,3,12,0,0,0,1,24,21117,6,1,0,0,3,0,71,200,0,1,0,2,1,10,2010,3,2012,0,0,0,0,0,6,2,55,1,2,1,1,0,0,1,53,1,1,1,98,0,0
24,240152,1,1,1,5,5,20,46,8,0,1,1,99,9,99,999,99999,99,9999,999999999999,9,9,9,9,9,9,9,9,9,9,9,9,0,,,,,,,,,,,,,,,,,,,,,,,,,0,0,000000000,00000000000,0,0,0,1,0,0,0,0,0,0,0,998,0,0,0,12,2,1,8,0,0,0,1,99,99999,9,9,99,9,9,9,999,999,99,99,99,99,99,99,9999,99,9999,0,99,99,99,99,2,3,35,1,1,2,1,0,0,1,80,1,1,1,13,0,0