STATE,ST_CASE,VEH_NO,VE_FORMS,NUMOCCS,DAY,MONTH,HOUR,MINUTE,HARM_EV,MAN_COLL,UNITTYPE,HIT_RUN,REG_STAT,OWNER,MAKE,MODEL,MAK_MOD,BODY_TYP,MOD_YEAR,VIN,VIN_1,VIN_2,VIN_3,VIN_4,VIN_5,VIN_6,VIN_7,VIN_8,VIN_9,VIN_10,VIN_11,VIN_12,TOW_VEH,VINTYPE,VINMAKE,VINA_MOD,VIN_BT,VINMODYR,VIN_LNGT,VIN_WGT,WGTCD_TR,WHLBS_LG,WHLBS_SH,SER_TR,FUELCODE,MCYCL_DS,CARBUR,CYLINDER,DISPLACE,MCYCL_CY,MCYCL_WT,TIRE_SZE,TON_RAT,TRK_WT,TRKWTVAR,VIN_REST,WHLDRWHL,J_KNIFE,MCARR_I1,MCARR_I2,MCARR_ID,GVWR,V_CONFIG,CARGO_BT,HAZ_INV,HAZ_PLAC,HAZ_ID,HAZ_CNO,HAZ_REL,BUS_USE,SPEC_USE,EMER_USE,TRAV_SP,UNDERIDE,ROLLOVER,ROLINLOC,IMPACT1,DEFORMED,TOWED,M_HARM,VEH_SC1,VEH_SC2,FIRE_EXP,DR_PRES,L_STATE,DR_ZIP,L_STATUS,L_TYPE,CDL_STAT,L_ENDORS,L_COMPL,L_RESTRI,DR_HGT,DR_WGT,PREV_ACC,PREV_SUS,PREV_DWI,PREV_SPD,PREV_OTH,FIRST_MO,FIRST_YR,LAST_MO,LAST_YR,SPEEDREL,DR_SF1,DR_SF2,DR_SF3,DR_SF4,VTRAFWAY,VNUM_LAN,VSPD_LIM,VALIGN,VPROFILE,VPAVETYP,VSURCOND,VTRAFCON,VTCONT_F,P_CRASH1,P_CRASH2,P_CRASH3,PCRASH4,PCRASH5,ACC_TYPE,DEATHS,DR_DRINK
24,240187,1,2,1,21,6,17,58,12,6,1,0,54,2,7,442,7442,20,2005,1D4GP25R55B2,1,D,4,G,P,2,5,R,5,5,B,2,0,P,DODG,CAR,SV,5,17,3725,,0,1133,,G,,F,6,201,,,15R215,,,,,,0,0,000000000,00000000000,0,0,0,1,0,0,0,0,0,0,0,998,0,0,0,8,6,2,12,0,0,0,1,54,26716,6,1,0,0,3,0,62,180,0,0,0,0,0,0,0,0,0,0,39,0,0,0,1,2,50,1,1,2,1,3,3,1,17,1,1,1,89,0,0
24,240187,2,2,1,21,6,17,58,12,6,1,0,54,1,20,402,20402,14,2002,2CNBJ13C2269,2,C,N,B,J,1,3,C,2,2,6,9,0,P,CHEV,TKR,UT,2,17,3027,,0,976,,G,,F,4,122,,,15R205,,,,,,0,0,000000000,00000000000,0,0,0,1,0,0,0,0,0,0,0,998,0,0,0,12,6,2,12,0,0,0,1,54,26739,6,1,6,0,3,0,66,190,0,0,0,0,0,0,0,0,0,0,0,0,0,0,1,2,50,1,1,2,1,3,3,1,66,1,1,1,88,1,0
24,240188,1,1,1,24,6,20,15,72,0,1,0,24,1,72,706,72706,80,2007,1HD1JL5197Y0,1,H,D,1,J,L,5,1,9,7,Y,0,0,M,HD,XTC,RS,7,17,,,,,,,1584,,2,,4,672,,,,,,,0,0,000000000,00000000000,0,0,0,1,0,0,0,0,0,0,0,998,0,0,0,0,6,2,72,0,0,0,1,24,21645,6,1,0,0,3,0,68,260,0,0,0,1,0,7,2011,7,2011,1,0,0,0,0,1,2,50,4,1,2,1,0,0,14,98,99,9,4,0,1,1
24,240189,1,1,1,26,6,20,7,8,0,1,0,10,2,20,481,20481,31,1994,1GCEK19K3RE2,1,G,C,E,K,1,9,K,3,R,E,2,0,T,CHEV,GK1,PC,94,17,,2,1555,1415,GM4,G,,,8,350,,,,B,4032,00,,44,0,0,000000000,00000000000,0,0,0,1,0,0,0,0,0,0,0,998,0,0,0,12,4,3,8,0,0,0,1,24,21804,6,1,0,0,3,0,66,205,0,0,0,0,1,7,2011,7,2011,0,0,0,0,0,1,2,50,1,1,2,1,0,0,1,80,1,1,1,13,0,0
24,240190,1,2,2,26,6,19,15,12,2,1,0,24,1,59,31,59031,4,1993,JT8VK13T8P01,J,T,8,V,K,1,3,T,8,P,0,1,0,P,LEXS,ES3,4D,93,17,3362,,0,1031,,G,,F,6,180,,,15R205,,,,,,0,0,000000000,00000000000,0,0,0,1,0,0,0,0,0,0,0,998,0,0,0,12,6,2,12,0,0,0,1,24,20603,6,1,0,0,3,3,67,160,0,0,0,0,0,0,0,0,0,1,28,0,0,0,3,2,40,2,1,2,1,0,0,14,10,1,1,2,50,1,0
24,240190,2,2,1,26,6,19,15,12,2,1,0,24,1,19,421,19421,15,2007,1GYFK63877R2,1,G,Y,F,K,6,3,8,7,7,R,2,0,P,CADI,ESC,UT,7,17,5751,,0,1160,,G,,F,8,378,,,18R265,,,,,,0,0,000000000,00000000000,0,0,0,1,0,0,0,0,0,0,0,998,0,0,0,12,6,2,12,0,0,0,1,24,20607,6,1,0,0,3,0,70,145,0,0,0,1,0,10,2011,10,2011,0,0,0,0,0,3,2,40,2,1,2,1,0,0,14,62,1,1,1,51,0,0
24,240191,1,1,1,28,6,22,33,24,0,1,0,24,1,72,706,72706,80,2007,1HD1PR8127Y9,1,H,D,1,P,R,8,1,2,7,Y,9,0,M,HD,FL5,RS,7,17,,,,,,,1800,,2,,4,859,,,,,,,0,0,000000000,00000000000,0,0,0,1,0,0,0,0,0,0,0,998,0,0,0,12,6,2,24,0,0,0,1,24,20639,6,1,0,0,3,0,75,240,0,0,0,1,0,10,2011,10,2011,1,0,0,0,0,1,2,40,1,1,2,1,0,0,1,12,99,9,4,7,1,1
24,240192,1,2,2,24,6,3,6,12,6,1,0,24,2,21,23,21023,4,2000,1G3WH52H7YF3,1,G,3,W,H,5,2,H,7,Y,F,3,0,P,OLDS,IGX,4D,0,17,3455,,0,1090,,G,,F,6,211,,,16R225,,,,,,0,0,000000000,00000000000,0,0,0,1,0,0,0,0,0,0,0,998,0,0,0,9,6,2,12,0,0,0,1,24,20722,1,1,0,0,2,2,69,230,0,1,0,0,0,6,2009,6,2009,0,38,74,0,0,1,4,30,1,1,2,1,20,3,11,15,1,1,1,82,1,1
24,240192,2,2,2,24,6,3,6,12,6,1,0,24,1,7,20,7020,4,2003,1B3ES66S23D2,1,B,3,E,S,6,6,S,2,3,D,2,0,P,DODG,NR4,4D,3,17,2869,,0,1040,,G,,T,4,146,,,15R185,,,,,,0,0,000000000,00000000000,0,0,0,1,0,0,0,0,0,0,0,998,0,0,0,12,6,2,12,0,0,0,1,24,20740,6,1,0,0,3,0,72,175,0,0,0,0,0,0,0,0,0,0,0,0,0,0,1,2,30,1,1,2,1,0,0,1,67,6,1,1,83,0,1
24,240193,1,2,2,2,2,10,39,12,2,1,0,24,1,12,481,12481,31,2006,1FTPW12566KC,1,F,T,P,W,1,2,5,6,6,K,C,0,T,FORD,F1S,CW,6,17,,2,0,1390,COF,G,,,8,329,,,,B,5176,01,E,42,0,0,000000000,00000000000,0,0,0,1,0,0,0,0,0,0,0,998,0,0,0,12,6,2,12,0,0,0,1,24,21639,6,1,0,0,3,0,68,165,0,0,0,0,0,0,0,0,0,0,0,0,0,0,3,2,50,1,1,2,1,0,0,1,10,1,1,2,50,0,0
24,240193,2,2,3,2,2,10,39,12,2,1,0,24,1,49,40,49040,4,2009,4T1BE46K79U7,4,T,1,B,E,4,6,K,7,9,U,7,0,P,TOYT,CBA,4D,9,17,3263,,0,1090,,G,,F,4,144,,,16R215,,,,,,0,0,000000000,00000000000,0,0,0,1,0,0,0,0,0,0,0,998,0,0,0,12,6,2,12,0,0,0,1,24,21811,6,1,0,0,3,0,72,250,0,0,0,0,0,0,0,0,0,0,0,0,0,0,3,2,50,1,1,2,1,0,0,1,62,1,1,1,51,1,0
24,240194,1,2,2,15,6,1,14,12,2,1,0,24,1,7,472,7472,30,2007,1D7HW22K07S1,1,D,7,H,W,2,2,K,0,7,S,1,0,T,DODG,KST,4C,7,17,,2,0,1313,DAK,G,,,6,225,,,,B,4369,00,E,44,0,0,000000000,00000000000,0,0,0,1,0,0,0,0,0,0,0,998,0,0,0,12,6,2,12,0,0,0,1,24,21228,6,1,0,0,3,2,67,135,0,0,0,0,0,0,0,0,0,0,51,74,0,0,3,2,65,1,1,2,2,0,0,1,54,1,1,1,52,0,1
24,240194,2,2,1,15,6,1,14,12,2,1,0,24,1,18,20,18020,4,1998,2G4WB52K9W15,2,G,4,W,B,5,2,K,9,W,1,5,0,P,BUIC,RLS,4D,98,17,3353,,0,1090,,G,,F,6,231,,,15R215,,,,,,0,0,000000000,00000000000,0,0,0,1,0,0,0,0,0,0,0,998,0,0,0,12,6,2,12,0,0,0,1,24,21221,6,1,0,0,3,0,71,165,0,0,0,0,1,3,2010,3,2010,0,0,0,0,0,3,2,65,1,1,2,2,0,0,1,54,1,1,1,52,1,0
24,240195,1,1,1,18,2,18,15,8,0,1,0,24,1,12,401,12401,14,1997,1FMDU35P8VUA,1,F,M,D,U,3,5,P,8,V,U,A,0,P,FORD,EPR,UT,97,17,4166,,0,1115,,G,,F,8,302,,,15R225,,,,,,0,0,000000000,00000000000,0,0,0,1,0,0,0,0,0,0,0,998,0,0,0,12,6,2,8,0,0,0,1,24,21014,6,1,0,0,3,0,69,260,0,1,0,0,1,9,2010,10,2010,0,0,0,0,0,1,2,30,1,1,2,1,0,0,1,80,6,1,1,13,0,0
24,240196,1,2,1,27,6,10,51,12,6,1,0,24,2,53,706,53706,80,2002,JS1VP52A7221,J,S,1,V,P,5,2,A,7,2,2,1,0,M,SUZI,SVS,RC,2,17,,,,,,,645,,2,,4,372,,,,,,,0,0,000000000,00000000000,0,0,0,1,0,0,0,0,0,0,0,998,0,0,0,12,6,2,12,0,0,0,1,24,21014,6,1,0,0,3,0,69,151,0,0,0,0,0,0,0,0,0,1,33,39,0,0,1,2,50,1,2,2,1,0,0,6,10,11,1,2,88,1,0
24,240196,2,2,1,27,6,10,51,12,6,1,0,24,3,84,881,84881,63,2007,3HTWDAAR67N4,3,H,T,W,D,A,A,R,6,7,N,4,0,T,INTL,740,CC,7,17,,8,0,0,70S,D,,,6,466,,,,,00000,00,,42,0,88,888888888,88888888888,3,1,4,1,0,0,0,0,0,0,0,998,0,0,0,7,4,1,12,0,0,0,1,24,21034,6,1,6,0,3,0,70,280,0,0,0,0,0,0,0,0,0,0,0,0,0,0,1,2,50,1,2,2,1,0,0,1,66,1,1,1,89,0,0
24,240197,1,1,1,21,6,1,16,24,0,1,0,24,1,72,706,72706,80,2012,1HD1GZM16CC3,1,H,D,1,G,Z,M,1,6,C,C,3,0,M,HD,FLD,RS,12,17,,,,,,,1690,,2,,4,696,,,,,,,0,0,000000000,00000000000,0,0,0,1,0,0,0,0,0,0,0,998,0,0,0,12,6,2,24,0,0,0,1,24,21219,6,1,0,0,3,0,67,190,0,0,0,1,0,3,2011,3,2011,1,0,0,0,0,6,1,55,1,1,2,1,0,0,1,10,1,1,4,6,1,0
24,240198,1,2,1,26,6,99,99,1,0,1,0,0,0,98,998,98998,92,2004,N4TN61067,N,4,T,N,6,1,0,6,7,,,,0,U,,,,4,9,,,,,,,,,,,,,,,,,,,0,0,000000000,00000000000,0,0,0,1,0,0,0,0,0,0,0,3,0,0,0,6,4,1,54,0,0,0,1,24,21901,6,1,0,0,3,0,70,189,0,0,0,0,0,0,0,0,0,0,38,0,0,0,1,2,40,1,1,2,1,0,0,1,17,1,1,1,98,0,0
24,240198,2,2,1,26,6,99,99,1,0,1,0,24,1,72,706,72706,80,2008,1HD1GM4148K3,1,H,D,1,G,M,4,1,4,8,K,3,0,M,HD,FDX,RS,8,17,,,,,,,1584,,2,,4,663,,,,,,,0,0,000000000,00000000000,0,0,0,1,0,0,0,0,0,0,0,998,0,0,0,0,6,2,1,0,0,0,1,24,21901,6,1,0,0,3,0,66,235,0,0,0,0,0,0,0,0,0,0,0,0,0,0,1,2,40,1,1,2,1,0,0,1,66,3,2,1,98,1,0
24,240199,1,2,1,25,6,12,11,12,6,1,0,92,0,98,709,98709,88,2000,L9NTEACT8C10,L,9,N,T,E,A,C,T,8,C,1,0,0,U,,,,0,17,,,,,,,,,,,,,,,,,,,0,0,000000000,00000000000,0,0,0,1,0,0,0,0,0,0,0,998,0,0,0,12,6,2,12,0,0,0,1,24,21205,6,1,0,0,3,0,66,200,0,0,0,0,0,0,0,0,0,0,39,0,0,0,4,3,25,1,1,2,1,3,3,1,66,1,1,1,86,1,0
24,240199,2,2,1,25,6,12,11,12,6,1,0,24,1,21,21,21021,4,2000,1G3NK52T7YC3,1,G,3,N,K,5,2,T,7,Y,C,3,0,P,OLDS,AGX,4D,0,17,3022,,0,1070,,G,,F,4,146,,,15R215,,,,,,0,0,000000000,00000000000,0,0,0,1,0,0,0,0,0,0,0,998,0,0,0,1,4,1,12,0,0,0,1,24,21229,6,1,0,0,3,0,73,175,0,0,0,0,0,0,0,0,0,0,0,0,0,0,4,2,35,1,1,2,1,3,3,1,17,1,1,1,87,0,0
24,240200,1,1,3,29,6,23,25,16,0,1,0,24,1,12,402,12402,14,2009,1FMCU03769KA,1,F,M,C,U,0,3,7,6,9,K,A,0,P,FORD,SPE,UT,9,17,3355,,0,1031,,G,,F,4,153,,,16R235,,,,,,0,0,000000000,00000000000,0,0,0,1,0,0,0,0,0,0,0,998,0,0,0,0,6,2,16,0,0,0,1,24,21037,6,1,0,0,3,0,72,250,0,0,0,0,0,0,0,0,0,0,77,0,0,0,1,2,35,1,3,2,2,0,0,1,98,1,1,1,0,1,1
24,240201,1,2,1,20,5,6,30,12,2,1,0,42,2,20,443,20443,20,2005,1GNDV03E45D1,1,G,N,D,V,0,3,E,4,5,D,1,0,T,CHEV,VTR,ES,5,17,,1,0,1200,VTR,G,,,6,207,,,,,3838,00,,42,0,0,000000000,00000000000,0,0,0,1,0,0,0,0,0,0,0,998,0,0,0,12,6,2,12,0,0,0,1,42,19609,0,0,0,0,0,0,999,999,0,0,0,0,0,0,0,0,0,9,99,99,99,99,3,2,55,1,1,2,1,0,0,1,11,1,1,2,50,1,0
24,240201,2,2,1,20,5,6,30,12,2,1,0,24,1,37,403,37403,14,2005,5J6YH17395L0,5,J,6,Y,H,1,7,3,9,5,L,0,0,P,HOND,ELE,UT,5,17,3371,,0,1014,,G,,F,4,146,,,16R215,,,,,,0,0,000000000,00000000000,0,0,0,1,0,0,0,0,0,0,0,998,0,0,0,12,6,2,12,0,0,0,1,24,20895,6,1,0,0,3,0,67,150,0,0,0,0,0,0,0,0,0,0,0,0,0,0,3,2,55,1,1,2,1,0,0,1,62,1,1,1,51,1,0
24,240202,1,2,1,12,4,17,31,12,1,1,0,24,1,34,39,34039,1,2000,4USCH9341YLG,4,U,S,C,H,9,3,4,1,Y,L,G,0,P,BMW,UZ2,CV,0,17,2899,,0,963,,G,,F,6,152,,,16R225,,,,,,0,0,000000000,00000000000,0,0,0,1,0,0,0,0,0,0,0,998,0,0,0,12,6,2,24,0,0,0,1,24,21136,6,1,0,0,3,0,64,110,0,0,0,0,0,0,0,0,0,1,0,0,0,0,1,2,45,1,1,2,1,0,0,1,50,11,1,1,20,1,0
24,240202,2,2,1,12,4,17,31,12,1,1,0,24,1,42,50,42050,6,2006,4JGCB65E66A0,4,J,G,C,B,6,5,E,6,6,A,0,0,P,MERZ,R35,UT,6,17,4829,,0,1124,,G,,F,6,213,,,17R235,,,,,,0,0,000000000,00000000000,0,0,0,1,0,0,0,0,0,0,0,0,0,0,0,6,4,3,12,0,0,0,1,24,21136,6,1,0,0,3,0,63,120,0,0,0,0,0,0,0,0,0,0,0,0,0,0,1,2,45,1,1,2,1,0,0,5,53,1,1,1,21,0,0
24,240203,1,1,1,18,4,12,37,8,0,1,0,24,3,98,902,98902,51,2003,1N9TA16A43L0,1,N,9,T,A,1,6,A,4,3,L,0,0,T,NEOP,,,3,17,,,,,,,,,,,,,,,,,,,0,88,888888888,88888888888,3,21,22,1,0,0,0,0,4,0,0,998,0,0,0,12,2,1,8,0,0,0,1,24,21237,6,1,6,0,3,0,63,183,0,1,0,0,0,12,2010,12,2010,0,99,99,99,99,4,2,30,1,1,2,1,0,0,1,81,1,1,1,13,0,0
24,240204,1,2,1,20,5,16,45,12,2,1,0,24,1,12,401,12401,14,2000,1FMDU73E0YUA,1,F,M,D,U,7,3,E,0,Y,U,A,0,P,FORD,EPR,UT,0,17,4106,,0,1116,,G,,F,6,245,,,15R235,,,,,,0,0,000000000,00000000000,0,0,0,1,0,0,0,0,0,0,0,998,0,1,1,12,6,2,1,0,0,0,1,24,21078,6,1,0,0,3,0,71,160,0,0,0,0,0,0,0,0,0,0,0,0,0,0,3,2,55,1,1,2,1,0,0,1,10,1,1,4,50,1,1
24,240204,2,2,1,20,5,16,45,12,2,1,0,24,1,12,422,12422,15,2004,1FMFU18L04LA,1,F,M,F,U,1,8,L,0,4,L,A,0,P,FORD,EPT,UT,4,17,5595,,0,1191,,G,,F,8,330,,,17R265,,,,,,0,0,000000000,00000000000,0,0,0,1,0,0,0,0,0,0,0,998,0,0,0,12,6,2,12,0,0,0,1,24,21078,6,1,0,0,3,0,63,180,0,0,0,0,0,0,0,0,0,0,0,0,0,0,3,2,55,1,1,2,1,0,0,1,62,1,1,1,51,0,0
24,240205,1,1,1,5,6,17,47,8,0,1,0,24,2,20,431,20431,16,2002,1GNFK16Z72J2,1,G,N,F,K,1,6,Z,7,2,J,2,0,P,CHEV,K15,UT,2,17,5123,,0,1300,,F,,F,8,325,,,16R245,,,,,,0,0,000000000,00000000000,0,0,0,1,0,0,0,0,0,0,0,998,0,0,0,12,4,1,8,0,0,0,1,24,21842,6,2,0,0,3,1,75,210,0,0,0,0,0,0,0,0,0,0,0,0,0,0,3,3,30,1,1,2,1,2,3,1,80,1,1,1,13,0,0
24,240206,1,1,1,9,6,22,0,8,0,1,0,24,1,6,54,6054,6,2004,2C8GM68464R6,2,C,8,G,M,6,8,4,6,4,R,6,0,P,CHRY,PIF,UT,4,17,4334,,0,1163,,G,,F,6,214,,,17R235,,,,,,0,0,000000000,00000000000,0,0,0,1,0,0,0,0,0,0,0,998,0,0,0,12,4,1,8,0,0,0,1,24,21207,6,1,0,0,3,0,73,236,0,0,0,0,1,10,2011,10,2011,0,0,0,0,0,1,2,25,1,1,2,1,0,0,1,80,1,1,1,13,0,0
24,240207,1,2,1,28,6,16,54,12,1,1,0,24,1,12,481,12481,31,2000,1FTSX31F0YED,1,F,T,S,X,3,1,F,0,Y,E,D,0,T,FORD,F3S,4C,0,17,,2,1580,1418,SRW,D,,,8,444,,,,D,5645,07,E,44,0,0,000000000,00000000000,0,0,0,1,0,0,0,0,0,0,0,998,0,0,0,12,6,2,12,0,0,0,1,24,21531,6,1,0,0,3,0,72,200,0,0,0,0,0,0,0,0,0,1,0,0,0,0,1,2,40,1,1,2,1,0,0,1,50,1,1,1,20,0,0
24,240207,2,2,7,28,6,16,54,12,1,1,0,24,1,22,441,22441,20,2004,1GMDX03E74D2,1,G,M,D,X,0,3,E,7,4,D,2,0,T,PONT,MON,ES,4,17,,1,0,1200,MON,G,,,6,207,,,,B,3942,00,K,42,0,0,000000000,00000000000,0,0,0,1,0,0,0,0,0,0,0,0,0,0,0,6,6,2,12,0,0,0,1,24,21520,6,1,0,0,3,0,63,120,0,0,0,0,0,0,0,0,0,0,0,0,0,0,1,2,40,1,1,2,1,0,0,5,53,1,1,1,21,1,0
24,240208,1,1,1,27,6,3,40,33,0,1,0,24,5,35,39,35039,4,2006,1N4BA41E26C8,1,N,4,B,A,4,1,E,2,6,C,8,0,P,NISS,MEL,4D,6,17,3359,,0,1112,,G,,F,6,214,,,000000,,,,,,0,0,000000000,00000000000,0,0,0,1,0,0,0,0,0,0,0,998,0,1,6,14,6,2,1,0,0,1,1,99,99999,9,9,99,9,9,9,999,999,99,99,99,99,99,99,9999,99,9999,1,0,0,0,0,6,2,25,2,1,2,1,0,0,14,12,1,1,4,6,1,0
24,240209,1,1,1,2,7,18,39,35,0,1,0,24,2,51,45,51045,4,2001,YV1TS90D8111,Y,V,1,T,S,9,0,D,8,1,1,1,0,P,VOLV,S8E,4D,1,17,3715,,0,1099,,G,,T,6,170,,,16R225,,,,,,0,0,000000000,00000000000,0,0,0,1,0,0,0,0,0,0,0,998,0,0,0,12,6,2,43,0,0,0,1,24,20745,6,1,0,0,3,0,67,115,0,0,0,0,0,0,0,0,0,1,0,0,0,0,2,2,50,1,1,2,1,0,0,1,13,1,1,4,1,1,0
24,240210,1,1,1,9,7,19,19,34,0,1,0,24,1,37,706,37706,80,2006,JH2SC57026M2,J,H,2,S,C,5,7,0,2,6,M,2,0,M,HOND,CBS,RC,6,17,,,,,,,998,,4,,4,388,,,,,,,0,0,000000000,00000000000,0,0,0,1,0,0,0,0,0,0,0,998,0,0,0,12,6,2,34,0,0,0,1,24,21502,6,1,0,0,3,0,73,175,0,0,0,0,0,0,0,0,0,1,0,0,0,0,1,2,25,3,1,2,1,0,0,14,11,1,1,4,1,1,1
24,240211,1,2,3,6,7,13,36,12,6,1,0,24,1,37,32,37032,4,2007,2HGFG126X7H5,2,H,G,F,G,1,2,6,X,7,H,5,0,P,HOND,UCL,CP,7,17,2718,,0,1043,,G,,F,4,110,,,16R205,,,,,,0,0,000000000,00000000000,0,0,0,1,0,0,0,0,0,0,0,998,0,0,0,8,6,2,12,0,0,0,1,24,21207,6,1,0,0,3,0,63,110,0,0,0,0,0,0,0,0,0,0,48,0,0,0,1,3,50,1,2,2,1,0,0,12,10,1,1,2,98,1,0
24,240211,2,2,1,6,7,13,36,12,6,1,0,24,1,20,421,20421,15,2005,1GNEK13T65J1,1,G,N,E,K,1,3,T,6,5,J,1,0,P,CHEV,KTA,UT,5,17,5192,,0,1160,,G,,F,8,325,,,16R265,,,,,,0,0,000000000,00000000000,0,0,0,1,0,0,0,0,0,0,0,998,0,0,0,12,6,2,12,0,0,0,1,24,21740,6,1,0,0,3,0,72,220,0,1,0,0,2,7,2010,7,2011,0,0,0,0,0,1,3,50,1,2,2,1,0,0,1,61,1,1,1,98,0,0
24,240212,1,1,1,4,7,21,18,42,0,1,0,0,0,76,709,76709,88,2005,LPRSA20A95A6,L,P,R,S,A,2,0,A,9,5,A,6,0,M,YAMA,YW5,MS,5,17,,,,,,,49,,1,,2,185,,,,,,,0,0,000000000,00000000000,0,0,0,1,0,0,0,0,0,0,0,998,0,0,0,12,6,2,42,0,0,0,1,24,21225,3,1,0,0,2,2,73,220,0,1,0,0,0,6,2011,6,2011,1,74,0,0,0,3,2,35,1,1,2,1,0,0,1,10,1,1,4,6,1,1
24,240213,1,2,2,6,7,11,56,12,6,1,0,24,1,24,1,24001,4,1998,1G8ZK5275WZ2,1,G,8,Z,K,5,2,7,5,W,Z,2,0,P,STRN,SL2,4D,98,17,2422,,0,1024,,G,,F,4,116,,,15R185,,,,,,0,0,000000000,00000000000,0,0,0,1,0,0,0,0,0,0,0,998,0,0,0,9,6,2,12,0,0,0,1,24,20785,6,1,0,0,3,0,71,240,0,0,0,0,0,0,0,0,0,0,38,0,0,0,3,2,40,1,2,2,1,3,3,1,17,1,1,1,89,2,0
24,240213,2,2,1,6,7,11,56,12,6,1,0,24,1,20,421,20421,15,2001,1GNEK13T31R1,1,G,N,E,K,1,3,T,3,1,R,1,0,P,CHEV,KTA,UT,1,17,5050,,0,1160,,G,,F,8,325,,,16R245,,,,,,0,0,000000000,00000000000,0,0,0,1,0,0,0,0,0,0,0,998,0,0,0,12,6,2,12,0,0,0,1,24,21801,6,1,0,0,3,0,70,140,0,0,0,0,0,0,0,0,0,0,0,0,0,0,3,2,40,1,2,2,1,3,3,1,66,1,1,1,88,0,0
24,240214,1,1,1,8,7,18,30,8,0,1,1,24,1,58,36,58036,4,2004,JNKDA31A24T2,J,N,K,D,A,3,1,A,2,4,T,2,0,P,INFI,I35,4D,4,17,3306,,0,1083,,G,,F,6,214,,,17R215,,,,,,0,0,000000000,00000000000,0,0,0,1,0,0,0,0,0,0,0,29,0,0,0,12,2,1,8,0,0,0,1,24,21133,6,1,0,0,3,0,70,180,0,0,0,3,0,5,2010,3,2012,0,0,0,0,0,1,4,35,1,3,2,1,0,0,1,80,1,1,1,13,0,0
24,240215,1,1,1,7,7,6,19,24,0,1,0,24,1,7,482,7482,31,2002,1D7HA18N82S7,1,D,7,H,A,1,8,N,8,2,S,7,0,T,DODG,Q15,CW,2,17,,2,1605,1405,RPC,G,,,8,287,,,,B,4747,01,E,42,0,0,000000000,00000000000,0,0,0,1,0,0,0,0,0,0,0,998,0,0,0,12,6,2,24,0,0,0,1,24,21220,6,1,0,0,3,0,73,189,0,0,0,1,0,10,2011,10,2011,0,0,0,0,0,3,3,55,1,1,2,1,0,0,1,11,1,1,4,1,1,1
24,240216,1,1,1,7,7,22,33,8,0,1,0,24,1,14,6,14006,4,1998,2MEFM74W5WX6,2,M,E,F,M,7,4,W,5,W,X,6,0,P,MERC,GMG,4D,98,17,3917,,0,1144,,G,,F,8,281,,,16R225,,,,,,0,0,000000000,00000000000,0,0,0,1,0,0,0,0,0,0,0,998,0,0,0,12,4,3,8,0,0,0,1,24,20735,6,1,0,0,3,0,68,175,0,0,0,0,1,7,2010,7,2010,0,0,0,0,0,1,2,30,1,1,2,1,0,0,1,80,1,1,1,13,0,0
24,240217,1,2,1,6,7,17,18,12,6,1,0,24,2,7,482,7482,31,2001,3B7HF13Z41G1,3,B,7,H,F,1,3,Z,4,1,G,1,0,T,DODG,Q15,4C,1,17,,2,1547,1387,RPC,G,,,8,360,,,,B,5008,01,U,44,0,0,000000000,00000000000,0,0,0,1,0,0,0,0,0,0,0,998,0,0,0,1,4,1,12,0,0,0,1,24,21222,6,1,0,0,3,0,69,185,0,0,0,0,0,0,0,0,0,0,38,0,0,0,1,2,30,1,1,2,1,0,0,11,15,1,1,1,68,0,0
24,240217,2,2,1,6,7,17,18,12,6,1,0,24,2,53,705,53705,80,1994,JS1GN72A8R21,J,S,1,G,N,7,2,A,8,R,2,1,0,M,SUZI,GX6,RC,94,17,,,,,,,599,,4,,4,438,,,,,,,0,0,000000000,00000000000,0,0,0,1,0,0,0,0,0,0,0,998,0,0,0,12,6,2,12,0,0,0,1,24,21221,6,1,0,0,3,3,70,320,0,1,0,1,1,5,2010,9,2010,0,0,0,0,0,1,2,30,1,1,2,1,0,0,1,62,3,2,1,69,1,0
24,240218,1,1,1,8,7,1,38,8,0,1,0,24,3,12,881,12881,61,2011,1FDUF4GY5BEB,1,F,D,U,F,4,G,Y,5,B,E,B,5,T,FORD,F4D,CB,11,17,,5,2002,1408,DRW,G,,,10,415,,,,D,6688,04,Y,42,1,57,1769348,571769348,2,1,12,1,0,0,0,0,0,0,0,998,0,0,0,12,6,2,8,0,0,0,1,24,20732,6,1,6,0,3,0,77,235,0,3,0,0,0,1,2010,1,2011,0,0,0,0,0,1,4,30,1,1,2,1,0,0,1,80,1,1,1,13,0,0
24,240219,1,1,1,4,7,9,4,1,0,1,0,24,1,20,471,20471,30,1995,1GCCS1944S82,1,G,C,C,S,1,9,4,4,S,8,2,0,T,CHEV,S14,PC,95,17,,1,0,1229,S,G,,,4,133,,,,B,3185,00,,42,0,0,000000000,00000000000,0,0,0,1,0,0,0,0,0,0,0,998,0,1,3,0,6,2,1,0,0,0,1,24,21740,1,1,0,0,2,2,71,165,0,1,0,0,0,4,2012,4,2012,0,74,0,0,0,3,2,65,1,1,2,1,0,0,1,12,1,1,4,98,1,0
24,240220,1,1,1,11,7,22,26,14,0,1,0,24,1,49,50,49050,3,2007,JTKDE1670701,J,T,K,D,E,1,6,7,0,7,0,1,0,P,TOYT,SXC,2H,7,17,2905,,0,1063,,G,,F,4,146,,,17R215,,,,,,0,0,000000000,00000000000,0,0,0,1,0,0,0,0,0,0,0,998,0,0,0,12,6,2,8,0,0,0,1,24,20783,6,1,0,0,3,0,66,198,0,0,0,0,1,10,2011,10,2011,0,28,0,0,0,3,4,55,1,1,2,1,0,0,1,13,1,1,4,1,0,1