STATE,ST_CASE,VEH_NO,VE_FORMS,NUMOCCS,DAY,MONTH,HOUR,MINUTE,HARM_EV,MAN_COLL,UNITTYPE,HIT_RUN,REG_STAT,OWNER,MAKE,MODEL,MAK_MOD,BODY_TYP,MOD_YEAR,VIN,VIN_1,VIN_2,VIN_3,VIN_4,VIN_5,VIN_6,VIN_7,VIN_8,VIN_9,VIN_10,VIN_11,VIN_12,TOW_VEH,VINTYPE,VINMAKE,VINA_MOD,VIN_BT,VINMODYR,VIN_LNGT,VIN_WGT,WGTCD_TR,WHLBS_LG,WHLBS_SH,SER_TR,FUELCODE,MCYCL_DS,CARBUR,CYLINDER,DISPLACE,MCYCL_CY,MCYCL_WT,TIRE_SZE,TON_RAT,TRK_WT,TRKWTVAR,VIN_REST,WHLDRWHL,J_KNIFE,MCARR_I1,MCARR_I2,MCARR_ID,GVWR,V_CONFIG,CARGO_BT,HAZ_INV,HAZ_PLAC,HAZ_ID,HAZ_CNO,HAZ_REL,BUS_USE,SPEC_USE,EMER_USE,TRAV_SP,UNDERIDE,ROLLOVER,ROLINLOC,IMPACT1,DEFORMED,TOWED,M_HARM,VEH_SC1,VEH_SC2,FIRE_EXP,DR_PRES,L_STATE,DR_ZIP,L_STATUS,L_TYPE,CDL_STAT,L_ENDORS,L_COMPL,L_RESTRI,DR_HGT,DR_WGT,PREV_ACC,PREV_SUS,PREV_DWI,PREV_SPD,PREV_OTH,FIRST_MO,FIRST_YR,LAST_MO,LAST_YR,SPEEDREL,DR_SF1,DR_SF2,DR_SF3,DR_SF4,VTRAFWAY,VNUM_LAN,VSPD_LIM,VALIGN,VPROFILE,VPAVETYP,VSURCOND,VTRAFCON,VTCONT_F,P_CRASH1,P_CRASH2,P_CRASH3,PCRASH4,PCRASH5,ACC_TYPE,DEATHS,DR_DRINK
24,240252,1,1,1,17,8,99,99,8,0,1,1,99,9,99,999,99999,99,9999,999999999999,9,9,9,9,9,9,9,9,9,9,9,9,0,,,,,,,,,,,,,,,,,,,,,,,,,0,0,000000000,00000000000,0,0,0,1,0,0,0,0,0,0,0,999,9,0,0,98,4,1,8,0,0,0,1,99,99999,9,9,99,9,9,9,999,999,99,99,99,99,99,99,9999,99,9999,9,99,99,99,99,1,2,30,1,1,2,2,0,0,1,80,1,9,1,13,0,0
24,240253,1,2,1,19,8,6,38,12,6,1,0,24,1,12,32,12032,4,2011,3FADP4EJ7BM2,3,F,A,D,P,4,E,J,7,B,M,2,0,P,FORD,FEE,4H,11,17,2537,,0,980,,G,,F,4,098,,,15R185,,,,,,0,0,000000000,00000000000,0,0,0,1,0,0,0,0,0,0,0,998,0,0,0,9,6,2,12,0,0,0,1,24,20772,6,1,0,0,3,0,65,175,0,0,0,1,0,10,2010,10,2010,0,38,0,0,0,3,2,25,1,1,2,1,20,3,11,15,1,1,1,82,0,0
24,240253,2,2,1,19,8,6,38,12,6,1,0,24,1,76,706,76706,80,2007,JYARJ12E67A0,J,Y,A,R,J,1,2,E,6,7,A,0,0,M,YAMA,R6L,RC,7,17,,,,,,,599,,4,,4,357,,,,,,,0,0,000000000,00000000000,0,0,0,1,0,0,0,0,0,0,0,998,0,0,0,12,6,2,12,0,0,0,1,24,20904,6,1,0,0,3,0,73,220,0,0,0,0,0,0,0,0,0,0,0,0,0,0,1,3,45,1,1,2,1,0,0,1,67,1,1,1,83,1,0
24,240254,1,1,5,22,6,6,24,24,0,1,0,34,1,54,35,54035,4,2003,19UUA56653A0,1,9,U,U,A,5,6,6,5,3,A,0,0,P,ACUR,32T,4D,3,17,3492,,0,1081,,G,,F,6,197,,,16R205,,,,,,0,0,000000000,00000000000,0,0,0,1,0,0,0,0,0,0,0,67,0,0,0,12,6,2,31,0,0,0,1,34,8823,6,1,0,0,3,9,999,999,99,99,99,99,99,99,9999,99,9999,0,0,0,0,0,3,2,65,1,2,2,1,0,0,1,10,99,1,4,6,2,0
24,240255,1,3,1,24,6,15,21,12,1,1,0,24,1,20,421,20421,15,1995,1GNEK13K8SJ4,1,G,N,E,K,1,3,K,8,S,J,4,0,P,CHEV,KTA,UT,95,17,5124,,0,1175,,G,,F,8,350,,,15R235,,,,,,0,0,000000000,00000000000,0,0,0,1,0,0,0,0,0,0,0,998,0,1,5,12,6,2,12,0,0,0,1,24,20744,6,1,0,0,3,0,71,180,0,0,0,0,0,0,0,0,0,0,0,0,0,0,3,2,50,1,1,2,1,0,0,1,10,1,1,4,64,0,1
24,240255,2,3,2,24,6,15,21,12,1,1,0,24,1,20,403,20403,14,2007,1GNDT13SX722,1,G,N,D,T,1,3,S,X,7,2,2,0,P,CHEV,TRL,UT,7,17,4523,,0,1130,,G,,F,6,256,,,17R245,,,,,,0,0,000000000,00000000000,0,0,0,1,0,0,0,0,0,0,0,998,0,0,0,6,6,2,12,0,0,0,1,24,20640,6,1,0,0,3,0,68,180,0,0,0,0,0,0,0,0,0,0,0,0,0,0,3,2,50,1,1,2,1,0,0,1,64,1,1,1,65,0,0
24,240255,3,3,2,24,6,15,21,12,1,1,0,24,1,35,47,35047,4,2003,1N4AL11D43C1,1,N,4,A,L,1,1,D,4,3,C,1,0,P,NISS,ABS,4D,3,17,2913,,0,1102,,G,,F,4,153,,,16R205,,,,,,0,0,000000000,00000000000,0,0,0,1,0,0,0,0,0,0,0,998,0,0,0,9,6,2,12,0,0,0,1,24,20603,6,1,0,0,3,0,64,190,0,0,0,0,0,0,0,0,0,0,0,0,0,0,3,2,50,1,1,2,1,0,0,1,62,1,1,1,98,2,0
24,240256,1,2,1,2,7,14,21,12,2,1,0,24,1,54,35,54035,4,2002,19UUA56652A0,1,9,U,U,A,5,6,6,5,2,A,0,0,P,ACUR,32T,4D,2,17,3492,,0,1081,,G,,F,6,197,,,16R205,,,,,,0,0,000000000,00000000000,0,0,0,1,0,0,0,0,0,0,0,998,0,0,0,12,6,2,12,0,0,0,1,24,21286,6,1,0,0,3,0,68,160,0,0,0,0,0,0,0,0,0,0,28,0,0,0,1,2,30,2,1,2,1,0,0,14,10,1,1,2,50,1,0
24,240256,2,2,2,2,7,14,21,12,2,1,0,24,1,38,405,38405,14,2002,4S2DF58X8246,4,S,2,D,F,5,8,X,8,2,4,6,0,P,ISU,AXM,UT,2,17,4059,,0,1064,,G,,F,6,213,,,17R235,,,,,,0,0,000000000,00000000000,0,0,0,1,0,0,0,0,0,0,0,998,0,0,0,12,6,2,12,0,0,0,1,24,21286,6,1,0,0,3,0,63,115,0,0,0,0,0,0,0,0,0,0,0,0,0,0,1,2,30,2,1,2,1,0,0,14,62,1,1,1,51,0,0
24,240257,1,1,1,18,8,12,37,31,0,1,0,24,1,37,39,37039,5,2009,JHMGE88429C0,J,H,M,G,E,8,8,4,2,9,C,0,0,P,HOND,FIS,4H,9,17,2520,,0,984,,G,,F,4,091,,,15R175,,,,,,0,0,000000000,00000000000,0,0,0,1,0,0,0,0,0,0,0,998,0,0,0,12,6,2,30,0,0,0,1,24,20653,6,1,0,0,3,0,63,110,0,0,0,1,0,9,2010,9,2010,0,0,0,0,0,1,2,50,1,1,2,1,0,0,1,13,1,1,4,1,1,0
24,240258,1,1,1,20,8,12,2,24,0,1,0,24,3,12,16,12016,4,2006,2FAFP71W76X1,2,F,A,F,P,7,1,W,7,6,X,1,0,P,FORD,CVP,4D,6,17,0,,0,1147,,G,,F,8,281,,,17R235,,,,,,0,0,000000000,00000000000,0,0,0,1,0,0,0,0,0,5,0,998,0,1,5,12,6,2,24,0,0,0,1,24,20707,6,1,0,0,3,0,64,120,0,0,0,0,0,0,0,0,0,1,37,0,0,0,3,4,65,1,1,2,1,0,0,17,11,7,3,4,2,1,0
24,240259,1,1,1,24,8,20,38,9,0,1,0,24,3,94,981,94981,51,2001,1T7CU2B22110,1,T,7,C,U,2,B,2,2,1,1,0,0,T,THMS,,,1,17,,,,,,,,,,,,,,,,,,,0,88,888888888,88888888888,3,21,22,1,0,0,0,0,4,0,0,998,0,0,0,12,4,3,9,0,0,0,1,10,19947,6,1,6,0,3,0,68,195,0,0,0,0,0,0,0,0,0,0,0,0,0,0,3,4,40,1,1,2,1,0,0,1,83,1,1,1,13,0,0
24,240260,1,1,1,4,4,17,52,8,0,1,0,24,2,12,481,12481,31,2006,1FTNF21576EA,1,F,T,N,F,2,1,5,7,6,E,A,0,T,FORD,F2S,PK,6,17,,2,0,1370,SRW,G,,,8,329,,,,C,5970,00,U,44,0,0,000000000,00000000000,0,0,0,1,0,0,0,0,0,0,0,998,0,0,0,11,2,1,8,0,0,0,1,24,21901,6,1,0,0,3,0,70,190,0,0,0,0,0,0,0,0,0,0,0,0,0,0,1,2,25,1,1,2,1,0,0,8,80,1,1,7,13,0,0
24,240261,1,2,1,30,6,22,15,12,6,1,0,24,1,7,402,7402,14,2002,1B4HS58N42F1,1,B,4,H,S,5,8,N,4,2,F,1,0,P,DODG,DUR,UT,2,17,4678,,0,1160,,G,,F,8,287,,,16R265,,,,,,0,0,000000000,00000000000,0,0,0,1,0,0,0,0,0,0,0,998,0,0,0,12,6,2,12,0,0,0,1,24,20659,6,1,6,0,3,2,75,218,0,0,0,1,1,10,2010,12,2011,0,39,74,0,0,3,2,45,1,1,2,1,3,3,1,17,1,1,1,83,0,0
24,240261,2,2,3,30,6,22,15,12,6,1,0,37,3,12,37,12037,4,2012,1FAHP3K20CL1,1,F,A,H,P,3,K,2,0,C,L,1,0,P,FORD,FSE,4H,12,17,2889,,0,1042,,G,,F,4,122,,,16R205,,,,,,0,0,000000000,00000000000,0,0,0,1,0,0,0,0,0,0,0,998,0,0,0,9,6,2,12,0,0,0,1,24,20636,6,1,0,0,3,0,69,180,0,0,0,0,0,0,0,0,0,0,0,0,0,0,3,2,45,1,1,2,1,3,3,11,66,1,1,1,82,1,0
24,240262,1,2,1,3,6,0,3,12,6,1,0,24,1,34,34,34034,2,2008,WBAWC73598E0,W,B,A,W,C,7,3,5,9,8,E,0,0,P,BMW,35X,CP,8,17,3770,,0,1087,,G,,T,6,183,,,17R225,,,,,,0,0,000000000,00000000000,0,0,0,1,0,0,0,0,0,0,0,998,0,0,0,12,6,2,12,0,0,0,1,24,21234,6,1,0,0,3,0,62,165,0,0,0,0,0,0,0,0,0,0,0,0,0,0,3,2,35,3,1,2,1,3,3,14,62,1,1,1,69,0,0
24,240262,2,2,1,3,6,0,3,12,6,1,0,24,2,18,2,18002,4,2002,1G4HR54K72U1,1,G,4,H,R,5,4,K,7,2,U,1,0,P,BUIC,LLF,4D,2,17,3591,,0,1122,,G,,F,6,231,,,15R215,,,,,,0,0,000000000,00000000000,0,0,0,1,0,0,0,0,0,0,0,998,0,0,0,3,6,2,12,0,0,0,1,24,21060,6,1,0,0,3,0,71,195,0,1,0,0,0,5,2012,5,2012,0,38,0,0,0,3,2,35,3,1,2,1,3,3,11,15,1,1,1,68,1,1
24,240263,1,2,2,5,6,19,40,12,6,1,0,0,0,98,709,98709,88,2007,LGETDKP11560,L,G,E,T,D,K,P,1,1,5,6,0,0,U,,,,7,17,,,,,,,,,,,,,,,,,,,0,0,000000000,00000000000,0,0,0,1,0,0,0,0,0,0,0,998,0,0,0,12,6,2,12,0,0,0,1,24,21216,0,0,0,0,0,0,70,250,0,0,0,0,0,0,0,0,0,0,0,0,0,0,3,3,30,1,3,2,2,0,0,1,62,1,1,1,69,1,0
24,240263,2,2,3,5,6,19,40,12,6,1,0,24,1,55,33,55033,4,2000,KMHWF35V2YA2,K,M,H,W,F,3,5,V,2,Y,A,2,0,P,HYUN,SGL,4D,0,17,3069,,0,1063,,G,,F,6,152,,,15R205,,,,,,0,0,000000000,00000000000,0,0,0,1,0,0,0,0,0,0,0,998,0,0,0,3,6,2,12,0,0,0,1,24,21215,6,1,0,0,3,0,64,150,0,0,0,0,0,0,0,0,0,0,38,0,0,0,3,3,30,1,3,2,2,0,0,11,15,1,1,1,68,0,0
24,240264,1,3,1,14,6,7,36,43,0,1,0,24,2,34,37,34037,4,2006,WBAHN83526DT,W,B,A,H,N,8,3,5,2,6,D,T,0,P,BMW,50L,4D,6,17,4552,,0,1231,,G,,F,8,292,,,18R245,,,,,,0,0,000000000,00000000000,0,0,0,1,0,0,0,0,0,0,0,998,0,0,0,12,6,2,12,0,0,0,1,24,21737,6,1,0,0,3,2,70,160,0,0,0,0,0,0,0,0,0,0,58,74,0,0,3,2,55,1,1,2,1,0,0,1,12,6,2,4,6,0,1
24,240264,2,3,2,14,6,7,36,43,0,1,0,24,1,35,402,35402,14,2000,5N1ED28YXYC5,5,N,1,E,D,2,8,Y,X,Y,C,5,0,P,NISS,XTR,UT,0,17,3811,,0,1043,,G,,F,6,201,,,15R235,,,,,,0,0,000000000,00000000000,0,0,0,1,0,0,0,0,0,0,0,998,0,1,1,12,6,2,1,0,0,0,1,24,21713,6,1,0,0,3,0,69,220,0,0,0,0,0,0,0,0,0,0,0,0,0,0,3,2,55,1,1,2,1,0,0,1,62,1,1,1,98,1,0
24,240264,3,3,1,14,6,7,36,43,0,1,0,24,1,6,51,6051,4,2011,2C3CA5CG7BH5,2,C,3,C,A,5,C,G,7,B,H,5,0,P,CHRY,3LM,4D,11,17,3758,,0,1200,,F,,F,6,220,,,18R225,,,,,,0,0,000000000,00000000000,0,0,0,1,0,0,0,0,0,0,0,998,0,0,0,12,4,1,34,0,0,0,1,24,21601,6,1,6,0,3,0,75,285,0,0,0,0,0,0,0,0,0,0,0,0,0,0,3,2,55,1,1,2,1,0,0,17,13,7,1,4,98,0,0
24,240265,1,1,1,9,7,22,20,42,0,1,0,24,2,12,23,12023,4,2006,999999999999,9,9,9,9,9,9,9,9,9,9,9,9,0,,,,,,,,,,,,,,,,,,,,,,,,,0,0,000000000,00000000000,0,0,0,1,0,0,0,0,0,0,0,65,0,0,0,9,6,2,42,0,0,0,1,24,21117,6,1,0,0,3,0,73,161,0,0,0,0,0,0,0,0,0,1,0,0,0,0,1,2,30,1,1,2,1,0,0,1,13,1,1,4,1,1,0
24,240266,1,1,1,10,7,12,20,8,0,1,1,42,1,35,39,35039,4,2005,1N4BA41E35C8,1,N,4,B,A,4,1,E,3,5,C,8,0,P,NISS,MEL,4D,5,17,3321,,0,1112,,G,,F,6,214,,,17R225,,,,,,0,0,000000000,00000000000,0,0,0,1,0,0,0,0,0,0,0,998,0,0,0,12,4,3,8,0,0,0,1,42,19350,6,1,0,0,3,0,71,999,0,0,0,0,0,0,0,0,0,1,36,0,0,0,1,2,35,1,2,2,2,0,0,1,80,1,1,1,13,0,0
24,240267,1,1,4,12,7,3,7,42,0,1,0,24,2,32,42,32042,4,2003,WAULT64B03N0,W,A,U,L,T,6,4,B,0,3,N,0,0,P,AUDI,30Q,4D,3,17,3724,,0,1086,,G,,F,6,182,,,16R215,,,,,,0,0,000000000,00000000000,0,0,0,1,0,0,0,0,0,0,0,998,0,0,0,9,6,2,42,0,0,0,1,24,21045,2,1,0,0,2,2,70,160,0,0,0,0,0,0,0,0,0,1,58,74,0,0,1,2,35,3,2,2,1,0,0,14,6,6,3,4,2,1,1
24,240268,1,3,1,16,7,13,46,12,1,1,0,24,3,12,461,12461,21,1995,1FTJE34F3SHA,1,F,T,J,E,3,4,F,3,S,H,A,0,T,FORD,35V,CG,95,17,,2,0,1380,VAN,D,,,8,444,,,,D,5204,00,M,42,0,0,000000000,00000000000,0,0,0,1,0,0,0,0,0,0,0,998,0,0,0,12,6,2,12,0,0,0,1,24,21136,6,1,0,0,3,0,73,189,0,0,0,0,0,0,0,0,0,1,27,0,0,0,3,2,60,1,1,2,1,0,0,15,51,1,1,2,24,1,0
24,240268,2,3,1,16,7,13,46,12,1,1,0,24,2,18,7,18007,4,1995,2G4WF52L7S14,2,G,4,W,F,5,2,L,7,S,1,4,0,P,BUIC,RGS,4D,95,17,3406,,0,1075,,G,,F,6,231,,,16R225,,,,,,0,0,000000000,00000000000,0,0,0,1,0,0,0,0,0,0,0,998,0,0,0,6,6,2,12,0,0,0,1,24,21776,6,1,0,0,3,0,69,230,0,0,0,0,1,2,2011,2,2011,0,0,0,0,0,3,2,60,1,1,2,1,0,0,1,53,1,1,1,25,0,0
24,240268,3,3,2,16,7,13,46,12,1,1,0,24,3,98,898,98898,63,2004,2FZMAZCVX4AN,2,F,Z,M,A,Z,C,V,X,4,A,N,0,T,STRG,LT9,CC,4,17,,8,0,0,STE,D,,,6,782,,,,,00000,00,,84,0,57,020468,57020468,3,2,3,1,0,0,0,0,0,0,0,998,0,0,0,6,6,2,12,0,0,0,1,24,21090,6,1,6,0,3,0,68,200,0,0,0,0,0,0,0,0,0,0,0,0,0,0,3,2,60,1,1,2,1,0,0,1,60,1,1,1,98,0,0
24,240269,1,1,1,12,8,7,24,8,0,1,1,24,1,30,42,30042,3,2003,9BWBK61J6340,9,B,W,B,K,6,1,J,6,3,4,0,0,P,VOLK,GGL,2H,3,17,2696,,0,989,,G,,F,4,121,,,15R195,,,,,,0,0,000000000,00000000000,0,0,0,1,0,0,0,0,0,0,0,998,0,0,0,12,4,1,8,0,0,0,1,24,21037,6,1,0,0,3,0,70,160,0,0,0,1,0,4,2012,4,2012,0,99,99,99,99,1,2,50,3,1,2,1,0,0,1,80,1,1,1,13,0,0
24,240270,1,2,2,12,8,15,8,12,1,1,0,24,1,48,38,48038,6,2009,JF1GH606X9H8,J,F,1,G,H,6,0,6,X,9,H,8,0,P,SUBA,I2P,SW,9,17,3064,,0,1031,,G,,F,4,150,,,17R205,,,,,,0,0,000000000,00000000000,0,0,0,1,0,0,0,0,0,0,0,998,3,0,0,12,6,2,12,0,0,0,1,24,20877,6,1,0,0,3,0,62,135,0,0,0,1,0,12,2011,12,2011,1,26,0,0,0,3,2,55,1,2,2,1,0,0,1,51,1,1,1,24,2,0
24,240270,2,2,1,12,8,15,8,12,1,1,0,18,3,51,881,51881,66,2012,4V4NC9EG7CN5,4,V,4,N,C,9,E,G,7,C,N,5,1,T,VOLV,VNL,TR,12,17,,8,0,0,VVN,D,,,6,793,,,,,00000,00,,64,1,57,54283,5754283,3,6,1,1,0,0,0,0,0,0,0,998,0,0,0,6,4,1,12,0,0,0,1,51,23663,6,1,6,0,3,0,75,260,0,0,0,0,0,0,0,0,0,0,0,0,0,0,3,2,55,1,2,2,1,0,0,1,53,1,1,1,25,0,0
24,240271,1,2,2,13,8,13,35,12,6,1,0,24,1,12,471,12471,30,1997,1FTDR15X5VPA,1,F,T,D,R,1,5,X,5,V,P,A,0,T,FORD,RNS,PC,97,17,,1,0,1250,RNG,G,,,6,245,,,,B,3670,03,E,44,0,0,000000000,00000000000,0,0,0,1,0,0,0,0,0,0,0,998,0,0,0,12,6,2,12,0,0,0,1,24,21562,6,1,0,0,3,3,68,210,0,0,0,0,0,0,0,0,0,0,39,0,0,0,1,2,45,1,1,2,2,4,3,1,17,1,1,1,88,1,0
24,240271,2,2,1,13,8,13,35,12,6,1,0,54,1,87,881,87881,66,2003,1XP5DB9X23N5,1,X,P,5,D,B,9,X,2,3,N,5,1,T,PTRB,379,TR,3,17,,8,0,0,CON,D,,,6,893,,,,,00000,00,,64,1,57,400888,57400888,3,6,1,1,0,0,0,0,0,0,0,998,0,0,0,8,6,2,42,0,0,0,1,54,26726,6,1,6,0,3,0,72,250,0,0,0,0,0,0,0,0,0,0,0,0,0,0,1,2,50,1,1,2,2,4,3,1,66,1,1,1,89,0,0
24,240272,1,1,1,12,8,20,42,33,0,1,0,24,1,71,706,71706,80,2009,ZDM1XBLW89B0,Z,D,M,1,X,B,L,W,8,9,B,0,0,M,DUCA,,,9,17,,,,,,,,,,,,,,,,,,,0,0,000000000,00000000000,0,0,0,1,0,0,0,0,0,0,0,998,0,0,0,12,6,2,33,0,0,0,1,24,20853,6,1,0,0,3,0,67,145,0,0,0,0,0,0,0,0,0,0,0,0,0,0,2,2,50,3,1,2,1,0,0,14,11,1,1,4,1,1,0
24,240273,1,1,2,11,8,1,15,33,0,1,0,24,1,7,482,7482,31,2005,1D7HU18N75S1,1,D,7,H,U,1,8,N,7,5,S,1,0,T,DODG,SQ1,CW,5,17,,2,1605,1405,RPC,G,,,8,287,,,,B,4979,03,E,44,0,0,000000000,00000000000,0,0,0,1,0,0,0,0,0,0,0,998,0,1,6,1,6,2,1,0,0,0,1,24,20678,6,1,0,0,3,2,69,147,0,0,0,1,0,9,2011,9,2011,1,74,0,0,0,0,0,0,0,0,0,0,0,0,1,19,6,2,5,98,1,1
24,240274,1,2,1,16,4,22,30,12,6,1,1,24,2,19,3,19003,4,2004,1G6KD54Y54U1,1,G,6,K,D,5,4,Y,5,4,U,1,0,P,CADI,DFW,4D,4,17,3978,,0,1153,,G,,F,8,279,,,16R225,,,,,,0,0,000000000,00000000000,0,0,0,1,0,0,0,0,0,0,0,998,0,0,0,12,6,2,12,0,0,0,1,24,21216,2,1,0,0,2,2,66,135,0,1,0,0,0,7,2009,7,2009,0,38,39,74,0,1,2,25,1,1,2,1,1,3,1,17,1,1,1,86,0,0
24,240274,2,2,3,16,4,22,30,12,6,1,0,24,2,7,43,7043,4,2001,1B3EJ46X91N8,1,B,3,E,J,4,6,X,9,1,N,8,0,P,DODG,SSE,4D,1,17,3151,,0,1080,,G,,F,4,148,,,15R205,,,,,,0,0,000000000,00000000000,0,0,0,1,0,0,0,0,0,0,0,998,0,0,0,3,6,2,12,0,0,0,1,24,21030,6,1,0,0,3,0,62,180,0,1,0,0,0,6,2011,6,2011,0,0,0,0,0,2,4,25,1,1,2,1,1,3,1,66,1,1,1,87,1,0
24,240275,1,2,1,24,6,21,45,12,6,1,0,24,2,73,705,73705,80,1986,JKAZG9A1XGA0,J,K,A,Z,G,9,A,1,X,G,A,0,0,M,KAWK,ZG2,RS,86,17,,,,,,,1200,,4,,4,699,,,,,,,0,0,000000000,00000000000,0,0,0,1,0,0,0,0,0,0,0,998,0,0,0,12,6,2,12,0,0,0,1,24,21206,6,1,0,0,3,0,78,375,0,0,0,0,0,0,0,0,0,0,0,0,0,0,1,2,30,1,3,2,1,0,0,1,62,1,1,1,69,1,0
24,240275,2,2,1,24,6,21,45,12,6,1,1,24,1,12,443,12443,20,2004,2FMZA51654BA,2,F,M,Z,A,5,1,6,5,4,B,A,0,P,FORD,FRE,SV,4,17,4275,,0,1208,,G,,F,6,238,,,16R225,,,,,,0,0,000000000,00000000000,0,0,0,1,0,0,0,0,0,0,0,998,0,0,0,4,4,1,12,0,0,0,1,24,21206,6,1,0,0,3,0,59,200,0,1,0,1,0,9,2010,2,2011,0,38,0,0,0,1,2,30,1,3,2,1,0,0,11,15,1,1,1,68,0,0
24,240276,1,1,5,5,8,14,38,34,0,1,0,42,1,2,403,2403,14,2004,1J4FA69S84P7,1,J,4,F,A,6,9,S,8,4,P,7,0,T,JEEP,WRB,2W,4,17,,1,0,934,W/T,G,,,6,244,,,,,3620,00,E,44,0,0,000000000,00000000000,0,0,0,1,0,0,0,0,0,0,0,998,0,1,5,6,6,2,34,0,0,0,1,42,15068,6,1,0,0,3,0,64,999,0,0,0,0,0,0,0,0,0,0,6,0,0,0,2,2,65,2,1,2,1,0,0,14,13,7,3,4,2,1,0
24,240277,1,1,1,10,8,4,41,8,0,1,0,24,1,49,472,49472,42,2010,5TETX4CN0AZ7,5,T,E,T,X,4,C,N,0,A,Z,7,0,T,TOYT,ACC,PC,10,17,,1,0,1272,TAC,G,,,4,164,,,,B,3425,00,W,42,0,0,000000000,00000000000,0,0,0,1,0,0,0,0,0,0,0,998,0,0,0,12,4,1,8,0,0,0,1,24,21704,6,1,0,0,3,0,71,200,0,0,0,0,0,0,0,0,0,0,0,0,0,0,1,2,55,1,1,2,2,0,0,1,80,1,1,1,13,0,0
24,240278,1,2,1,11,8,20,24,12,2,1,0,24,2,12,16,12016,2,1999,2FAFP73W3XX1,2,F,A,F,P,7,3,W,3,X,X,1,0,P,FORD,CVI,4D,99,17,3917,,0,1147,,G,,F,8,281,,,16R225,,,,,,0,0,000000000,00000000000,0,0,0,1,0,0,0,0,0,0,0,998,0,0,0,12,6,2,12,0,0,0,1,24,20653,6,2,0,0,3,3,75,250,0,0,0,0,0,0,0,0,0,1,28,0,0,0,1,2,50,3,1,2,2,0,0,14,10,1,9,2,50,1,0
24,240278,2,2,2,11,8,20,24,12,2,1,0,24,1,49,32,49032,4,2007,2T1BR32E27C7,2,T,1,B,R,3,2,E,2,7,C,7,0,P,TOYT,UCS,4D,7,17,2530,,0,1024,,G,,F,4,109,,,15R185,,,,,,0,0,000000000,00000000000,0,0,0,1,0,0,0,0,0,0,0,998,0,0,0,12,6,2,12,0,0,0,1,24,20653,6,1,0,0,3,0,65,160,0,0,0,0,0,0,0,0,0,0,0,0,0,0,1,2,50,3,1,2,2,0,0,14,62,1,1,1,51,0,0
24,240279,1,2,1,11,8,17,42,12,6,1,0,24,3,2,404,2404,14,1997,1J4FJ68S8VL5,1,J,4,F,J,6,8,S,8,V,L,5,0,T,JEEP,SPT,4W,97,17,,1,0,1014,CHK,G,,,6,242,,,,,3244,00,E,44,0,0,000000000,00000000000,0,0,0,1,0,0,0,0,0,0,0,998,0,0,0,11,6,2,12,0,0,0,1,42,17267,6,1,0,0,3,0,62,999,0,0,0,0,0,0,0,0,0,0,38,0,0,0,2,2,40,1,3,2,1,0,0,11,15,1,1,1,82,0,0
24,240279,2,2,2,11,8,17,42,12,6,1,0,54,1,72,706,72706,80,1999,1HD1DJV1XXY6,1,H,D,1,D,J,V,1,X,X,Y,6,0,M,HD,FHC,RS,99,17,,,,,,,1450,,2,,4,760,,,,,,,0,0,000000000,00000000000,0,0,0,1,0,0,0,0,0,0,0,998,0,0,0,12,6,2,12,0,0,0,1,54,25422,6,1,0,0,3,0,69,165,0,0,0,0,2,5,2011,12,2011,0,0,0,0,0,2,2,40,1,3,2,1,0,0,1,72,1,1,1,83,2,1
24,240280,1,3,1,14,8,14,12,12,8,1,0,24,2,24,1,24001,4,1999,1G8ZK5275XZ2,1,G,8,Z,K,5,2,7,5,X,Z,2,0,P,STRN,SL2,4D,99,17,2418,,0,1024,,G,,F,4,116,,,15R185,,,,,,0,0,000000000,00000000000,0,0,0,1,0,0,0,0,0,0,0,998,0,0,0,11,6,2,12,0,0,0,1,24,21050,6,1,0,0,3,0,64,135,0,0,0,0,0,0,0,0,0,0,28,0,0,0,1,2,50,1,1,2,1,0,0,1,10,1,1,2,64,1,0
24,240280,2,3,1,14,8,14,12,12,8,1,0,24,1,49,43,49043,4,2011,4T1BK3DB8BU4,4,T,1,B,K,3,D,B,8,B,U,4,0,P,TOYT,ABL,4D,11,17,3572,,0,1110,,G,,F,6,214,,,17R215,,,,,,0,0,000000000,00000000000,0,0,0,1,0,0,0,0,0,0,0,998,0,0,0,9,2,1,12,0,0,0,1,24,21085,6,1,0,0,3,0,60,125,0,0,0,0,0,0,0,0,0,0,0,0,0,0,1,2,50,1,1,2,1,0,0,1,62,1,1,1,65,0,0
24,240280,3,3,2,14,8,14,12,12,8,1,0,24,1,20,422,20422,15,2004,3GNGK26G64G1,3,G,N,G,K,2,6,G,6,4,G,1,0,P,CHEV,K25,UT,4,17,5796,,0,1300,,G,,F,8,496,,,16R245,,,,,,0,0,000000000,00000000000,0,0,0,1,0,0,0,0,0,0,0,998,0,0,0,12,6,2,12,0,0,0,1,24,21060,1,1,0,0,2,2,68,260,0,1,0,0,0,8,2012,8,2012,0,74,0,0,0,1,2,50,1,1,2,1,0,0,1,62,7,1,1,98,0,0
24,240281,1,2,2,15,8,14,0,12,6,1,0,10,1,22,18,22018,4,2003,1G2NG52E23M7,1,G,2,N,G,5,2,E,2,3,M,7,0,P,PONT,SE2,4D,3,17,3116,,0,1070,,G,,F,6,207,,,15R215,,,,,,0,0,000000000,00000000000,0,0,0,1,0,0,0,0,0,0,0,998,0,0,0,11,6,2,12,0,0,0,1,10,19702,6,1,0,0,3,0,64,101,0,0,0,0,0,0,0,0,0,0,38,0,0,0,1,2,50,1,2,2,1,20,3,11,15,1,1,1,82,1,0