STATE,ST_CASE,VEH_NO,VE_FORMS,NUMOCCS,DAY,MONTH,HOUR,MINUTE,HARM_EV,MAN_COLL,UNITTYPE,HIT_RUN,REG_STAT,OWNER,MAKE,MODEL,MAK_MOD,BODY_TYP,MOD_YEAR,VIN,VIN_1,VIN_2,VIN_3,VIN_4,VIN_5,VIN_6,VIN_7,VIN_8,VIN_9,VIN_10,VIN_11,VIN_12,TOW_VEH,VINTYPE,VINMAKE,VINA_MOD,VIN_BT,VINMODYR,VIN_LNGT,VIN_WGT,WGTCD_TR,WHLBS_LG,WHLBS_SH,SER_TR,FUELCODE,MCYCL_DS,CARBUR,CYLINDER,DISPLACE,MCYCL_CY,MCYCL_WT,TIRE_SZE,TON_RAT,TRK_WT,TRKWTVAR,VIN_REST,WHLDRWHL,J_KNIFE,MCARR_I1,MCARR_I2,MCARR_ID,GVWR,V_CONFIG,CARGO_BT,HAZ_INV,HAZ_PLAC,HAZ_ID,HAZ_CNO,HAZ_REL,BUS_USE,SPEC_USE,EMER_USE,TRAV_SP,UNDERIDE,ROLLOVER,ROLINLOC,IMPACT1,DEFORMED,TOWED,M_HARM,VEH_SC1,VEH_SC2,FIRE_EXP,DR_PRES,L_STATE,DR_ZIP,L_STATUS,L_TYPE,CDL_STAT,L_ENDORS,L_COMPL,L_RESTRI,DR_HGT,DR_WGT,PREV_ACC,PREV_SUS,PREV_DWI,PREV_SPD,PREV_OTH,FIRST_MO,FIRST_YR,LAST_MO,LAST_YR,SPEEDREL,DR_SF1,DR_SF2,DR_SF3,DR_SF4,VTRAFWAY,VNUM_LAN,VSPD_LIM,VALIGN,VPROFILE,VPAVETYP,VSURCOND,VTRAFCON,VTCONT_F,P_CRASH1,P_CRASH2,P_CRASH3,PCRASH4,PCRASH5,ACC_TYPE,DEATHS,DR_DRINK
24,240281,2,2,3,15,8,14,0,12,6,1,0,4,1,12,881,12881,60,2011,1FDXE4FS1BDB,1,F,D,X,E,4,F,S,1,B,D,B,0,T,FORD,4DC,YY,11,17,,4,1760,1580,CTV,G,,,10,415,,,,D,5613,00,E,42,0,88,888888888,88888888888,2,1,1,1,0,0,0,0,0,0,0,998,0,0,0,12,6,2,12,0,0,0,1,24,21921,6,1,0,0,3,0,62,190,0,0,0,0,0,0,0,0,0,0,0,0,0,0,1,2,50,1,2,2,1,0,0,1,67,1,1,1,83,0,0
24,240282,1,1,1,15,8,18,0,42,0,1,0,24,1,37,421,37421,15,2005,5FNYF18435B0,5,F,N,Y,F,1,8,4,3,5,B,0,0,P,HOND,PIL,UT,5,17,4431,,0,1063,,G,,F,6,212,,,16R235,,,,,,0,0,000000000,00000000000,0,0,0,1,0,0,0,0,0,0,0,998,0,0,0,12,6,2,42,0,0,0,1,24,21713,6,1,0,0,3,0,67,164,0,0,0,0,1,7,2011,7,2011,1,0,0,0,0,1,2,35,4,1,2,1,0,0,14,12,1,1,4,6,1,1
24,240283,1,2,1,15,8,20,11,12,2,1,0,24,1,73,706,73706,80,2003,JKBVNAP1X3A0,J,K,B,V,N,A,P,1,X,3,A,0,0,M,KAWK,V5P,RS,3,17,,,,,,,1500,,2,,4,637,,,,,,,0,0,000000000,00000000000,0,0,0,1,0,0,0,0,0,0,0,998,0,0,0,12,6,2,12,0,0,0,1,24,20714,6,1,0,0,3,0,74,245,0,0,0,0,1,2,2012,2,2012,0,28,0,0,0,1,2,45,2,1,2,1,0,0,14,10,1,1,2,50,1,1
24,240283,2,2,1,15,8,20,11,12,2,1,0,24,3,7,24,7024,4,2007,2B3LA43H27H6,2,B,3,L,A,4,3,H,2,7,H,6,0,P,DODG,CTL,4D,7,17,4028,,0,1200,,G,,F,8,348,,,17R215,,,,,,0,0,000000000,00000000000,0,0,0,1,0,0,0,0,0,0,0,998,0,0,0,12,6,2,12,0,0,0,1,24,20676,6,1,0,0,3,0,72,200,0,0,0,0,0,0,0,0,0,0,0,0,0,0,1,2,45,2,1,2,1,0,0,14,62,1,1,1,51,0,0
24,240284,1,1,3,17,8,18,2,1,0,1,0,24,1,22,16,22016,2,1998,1G2JB1244W75,1,G,2,J,B,1,2,4,4,W,7,5,0,P,PONT,SFS,CP,98,17,2637,,0,1041,,G,,F,4,133,,,14R195,,,,,,0,0,000000000,00000000000,0,0,0,1,0,0,0,0,0,0,0,998,0,2,3,0,6,2,1,0,0,0,1,24,21222,6,1,0,0,3,0,62,115,0,0,0,0,0,0,0,0,0,1,27,0,0,0,3,2,55,1,1,2,1,0,0,15,12,1,1,4,6,1,0
24,240285,1,2,1,17,8,20,16,12,6,1,0,54,1,24,1,24001,4,1997,1G8ZK5272VZ2,1,G,8,Z,K,5,2,7,2,V,Z,2,0,P,STRN,SL2,4D,97,17,2362,,0,1024,,G,,F,4,116,,,15R185,,,,,,0,0,000000000,00000000000,0,0,0,1,0,0,0,0,0,0,0,998,0,0,0,9,6,2,12,0,0,0,1,54,26719,6,1,6,0,3,0,70,200,0,0,0,0,0,0,0,0,0,0,38,0,0,0,1,2,30,1,1,2,1,0,0,11,15,1,1,1,82,1,0
24,240285,2,2,3,17,8,20,16,12,6,1,0,24,2,23,431,23431,16,1968,1G5EK16L8GF6,1,G,5,E,K,1,6,L,8,G,F,6,0,T,GMC,,,68,17,,,,,,D,,,6,478,,,,,,,,,0,0,000000000,00000000000,0,0,0,1,0,0,0,0,0,0,0,998,0,0,0,12,6,2,12,0,0,0,1,24,21530,1,1,0,0,2,2,70,207,0,1,0,0,1,5,2011,4,2012,0,74,0,0,0,1,2,30,1,1,2,1,0,0,1,72,6,1,1,83,0,1
24,240286,1,2,3,18,8,15,20,12,6,1,0,24,1,20,404,20404,14,2007,1J8GR48K17C5,1,J,8,G,R,4,8,K,1,7,C,5,0,T,JEEP,LCF,4W,7,17,,1,0,1095,GCK,G,,,6,226,,,,,4376,00,7,44,0,0,000000000,00000000000,0,0,0,1,0,0,0,0,0,0,0,998,0,0,0,1,6,2,12,0,0,0,1,24,21228,6,1,0,0,3,0,74,240,0,0,0,0,0,0,0,0,0,0,38,0,0,0,1,2,30,1,1,2,1,20,3,1,17,1,1,1,87,1,0
24,240286,2,2,1,18,8,15,20,12,6,1,0,23,3,82,881,82881,66,2003,1FUJAHAV83LK,1,F,U,J,A,H,A,V,8,3,L,K,1,T,FRHT,FLD,TR,3,17,,8,0,0,CON,D,,,6,893,,,,,00000,00,,64,1,57,57113,5757113,3,6,1,1,0,0,0,0,0,0,0,998,0,1,6,12,6,2,12,0,0,0,1,23,4758,6,1,6,0,3,0,60,200,0,0,0,1,2,4,2010,4,2012,0,0,0,0,0,3,2,55,1,1,2,1,0,0,1,66,1,1,1,86,0,0
24,240287,1,1,1,19,8,4,27,35,0,1,0,24,1,72,706,72706,80,2007,1HD1GX4107K3,1,H,D,1,G,X,4,1,0,7,K,3,0,M,HD,FXI,RS,7,17,,,,,,,1584,,2,,4,634,,,,,,,0,0,000000000,00000000000,0,0,0,1,0,0,0,0,0,0,0,998,0,0,0,12,6,2,35,0,0,0,1,24,21562,6,1,0,0,3,0,70,185,0,0,0,0,0,0,0,0,0,1,0,0,0,0,1,2,55,3,1,2,1,0,0,14,11,1,1,4,6,1,1
24,240288,1,2,1,16,8,22,56,20,0,1,0,17,3,84,881,84881,66,2012,1HSDJSJR0CJ6,1,H,S,D,J,S,J,R,0,C,J,6,1,T,INTL,PRO,TR,12,17,,8,0,0,PRO,D,,,6,793,,,,,00000,00,,64,1,57,191496,57191496,3,6,3,1,0,0,0,0,0,0,0,998,0,0,0,12,6,2,20,0,0,1,1,24,20744,6,1,6,0,3,0,72,200,0,2,0,0,0,10,2011,6,2012,0,99,99,99,99,3,4,55,8,8,8,1,0,0,1,13,7,1,4,1,1,0
24,240288,2,2,1,16,8,22,56,20,0,1,0,24,1,7,20,7020,4,2003,1B3ES56C23D2,1,B,3,E,S,5,6,C,2,3,D,2,0,P,DODG,NXT,4D,3,17,2639,,0,1040,,G,,F,4,122,,,15R185,,,,,,0,0,000000000,00000000000,0,0,0,1,0,0,0,0,0,0,0,998,0,0,0,18,2,1,54,0,0,0,1,24,21221,6,1,0,0,3,0,67,230,0,0,0,0,0,0,0,0,0,0,0,0,0,0,3,4,55,8,8,8,1,0,0,1,98,1,1,1,98,0,0
24,240289,1,1,2,22,8,1,26,30,0,1,0,24,1,20,16,20016,2,1993,1G1JF14T2P73,1,G,1,J,F,1,4,T,2,P,7,3,0,P,CHEV,CZ2,CP,93,17,2695,,0,1013,,G,,F,6,191,,,15R205,,,,,,0,0,000000000,00000000000,0,0,0,1,0,0,0,0,0,0,0,998,0,0,0,4,6,2,30,0,0,0,1,24,21221,6,1,0,0,3,2,67,120,0,0,0,0,0,0,0,0,0,1,74,0,0,0,1,2,30,3,1,2,1,0,0,14,13,7,4,4,2,2,0
24,240290,1,3,1,18,8,20,49,12,1,1,0,24,1,53,706,53706,80,2005,JS1GW71A2521,J,S,1,G,W,7,1,A,2,5,2,1,0,M,SUZI,G13,RC,5,17,,,,,,,1298,,4,,4,478,,,,,,,0,0,000000000,00000000000,0,0,0,1,0,0,0,0,0,0,0,998,0,0,0,12,6,2,12,0,0,0,1,24,21244,6,1,0,0,2,2,71,255,0,0,0,0,0,0,0,0,0,0,35,74,0,0,1,4,30,1,1,2,1,3,3,6,11,1,1,2,20,1,0
24,240290,2,3,1,18,8,20,49,12,1,1,0,24,1,35,47,35047,4,2012,1N4AL2AP8CN5,1,N,4,A,L,2,A,P,8,C,N,5,0,P,NISS,ATS,4D,12,17,3180,,0,1093,,G,,F,4,153,,,16R215,,,,,,0,0,000000000,00000000000,0,0,0,1,0,0,0,0,0,0,0,0,0,0,0,6,2,1,12,0,0,0,1,24,21228,6,1,0,0,3,0,71,155,0,2,0,0,0,1,2010,5,2010,0,0,0,0,0,1,4,30,1,1,2,1,3,3,5,53,1,1,1,21,0,0
24,240290,3,3,1,18,8,20,49,12,1,1,0,24,2,20,20,20020,4,1998,2G1WL52M4W92,2,G,1,W,L,5,2,M,4,W,9,2,0,P,CHEV,L/S,4D,98,17,3330,,0,1075,,G,,F,6,191,,,15R205,,,,,,0,0,000000000,00000000000,0,0,0,1,0,0,0,0,0,0,0,0,0,0,0,1,2,1,12,0,0,0,1,24,21208,6,1,0,0,3,0,63,125,0,0,0,0,0,0,0,0,0,0,0,0,0,0,1,4,30,1,1,2,1,3,3,5,53,1,1,1,98,0,0
24,240291,1,2,4,22,8,19,2,12,6,1,0,24,1,49,46,49046,4,2009,999999999999,9,9,9,9,9,9,9,9,9,9,9,9,0,,,,,,,,,,,,,,,,,,,,,,,,,0,0,000000000,00000000000,0,0,0,1,0,0,0,0,0,0,0,998,0,0,0,2,6,2,12,36,0,0,1,24,20854,6,1,0,0,3,0,69,150,0,0,0,0,0,0,0,0,0,0,38,0,0,0,3,2,55,1,1,2,1,0,0,11,15,1,1,1,68,0,0
24,240291,2,2,2,22,8,19,2,12,6,1,0,24,1,72,706,72706,80,2004,1HD1FVW144Y7,1,H,D,1,F,V,W,1,4,4,Y,7,0,M,HD,IUA,RS,4,17,,,,,,,1450,,2,,4,758,,,,,,,0,0,000000000,00000000000,0,0,0,1,0,0,0,0,0,0,0,998,0,0,0,12,6,2,12,0,0,0,1,24,21037,6,1,0,0,3,0,67,190,0,0,0,0,1,6,2012,6,2012,0,0,0,0,0,3,2,55,1,1,2,1,0,0,1,62,1,1,1,69,1,0
24,240292,1,2,5,17,8,21,10,12,6,1,0,24,1,49,40,49040,4,2010,4T4BF3EK0AR0,4,T,4,B,F,3,E,K,0,A,R,0,0,P,TOYT,CBA,4D,10,17,3263,,0,1093,,G,,F,4,152,,,16R215,,,,,,0,0,000000000,00000000000,0,0,0,1,0,0,0,0,0,0,0,998,0,0,0,11,6,2,12,0,0,0,1,24,21163,6,1,0,0,3,0,66,140,0,0,0,0,0,0,0,0,0,0,38,0,0,0,1,2,30,1,1,2,2,20,3,11,15,1,1,1,82,0,0
24,240292,2,2,3,17,8,21,10,12,6,1,0,24,1,49,32,49032,4,2008,2T1BR32E48C9,2,T,1,B,R,3,2,E,4,8,C,9,0,P,TOYT,UCS,4D,8,17,2530,,0,1024,,G,,F,4,110,,,15R185,,,,,,0,0,000000000,00000000000,0,0,0,1,0,0,0,0,0,0,0,998,0,0,0,12,6,2,12,0,0,0,1,24,20905,6,1,0,0,3,0,71,165,0,0,0,0,0,0,0,0,0,0,0,0,0,0,1,2,30,1,1,2,2,0,0,1,67,3,1,1,83,1,0
24,240293,1,2,1,18,8,10,18,12,1,1,0,54,1,63,441,63441,20,2006,KNDMB2330660,K,N,D,M,B,2,3,3,0,6,6,0,0,P,KIA,SED,SV,6,17,0,,0,1145,,G,,F,6,231,,,15R215,,,,,,0,0,000000000,00000000000,0,0,0,1,0,0,0,0,0,0,0,998,0,0,0,12,6,2,12,0,0,0,1,51,22191,3,1,0,0,2,2,999,999,0,0,0,0,0,0,0,0,0,1,26,74,0,0,3,4,55,1,1,2,1,0,0,1,51,1,1,1,24,0,0
24,240293,2,2,1,18,8,10,18,12,1,1,0,24,1,49,40,49040,4,2006,4T1BE30K46U1,4,T,1,B,E,3,0,K,4,6,U,1,0,P,TOYT,UXS,4D,6,17,3108,,0,1071,,G,,F,4,144,,,15R205,,,,,,0,0,000000000,00000000000,0,0,0,1,0,0,0,0,0,0,0,998,0,0,0,6,4,3,12,0,0,0,1,24,20785,6,1,0,0,3,0,62,146,0,0,0,0,0,0,0,0,0,0,0,0,0,0,3,4,55,1,1,2,1,0,0,1,53,1,1,1,25,1,0
24,240294,1,1,1,22,8,23,40,42,0,1,0,24,1,19,18,19018,4,2003,1G6DM57N0301,1,G,6,D,M,5,7,N,0,3,0,1,0,P,CADI,C/T,4D,3,17,3509,,0,1134,,G,,F,6,194,,,16R225,,,,,,0,0,000000000,00000000000,0,0,0,1,0,0,0,0,0,0,0,998,0,0,0,9,6,2,42,0,0,0,1,24,20616,6,1,0,0,3,0,70,200,0,0,0,0,0,0,0,0,0,1,0,0,0,0,1,2,40,4,1,2,1,0,0,1,12,1,1,4,6,1,1
24,240295,1,1,1,24,8,3,8,8,0,1,0,24,3,87,881,87881,62,2008,2NPNHM6X68M7,2,N,P,N,H,M,6,X,6,8,M,7,0,T,PTRB,330,CC,8,17,,6,0,0,CON,D,,,6,409,,,,,00000,00,,42,0,57,45599,5745599,2,1,1,1,0,0,0,0,0,0,0,998,0,0,0,12,4,3,8,0,0,0,1,24,21838,6,1,0,0,3,0,72,190,0,1,0,0,0,5,2012,5,2012,0,0,0,0,0,3,4,55,1,1,2,1,0,0,1,80,1,1,1,13,0,0
24,240296,1,2,2,24,8,22,6,8,0,1,0,24,2,72,706,72706,80,2009,1HD1JA5189Y0,1,H,D,1,J,A,5,1,8,9,Y,0,0,M,HD,XTB,RS,9,17,,,,,,,1584,,2,,4,682,,,,,,,0,0,000000000,00000000000,0,0,0,1,0,0,0,0,0,0,0,998,0,0,0,12,6,2,12,0,0,0,1,24,21226,6,1,0,0,3,0,72,170,0,0,0,1,0,6,2012,6,2012,0,0,0,0,0,1,4,25,1,1,1,1,0,0,1,80,4,2,1,13,2,1
24,240296,2,2,1,24,8,22,6,8,0,1,0,24,1,37,31,37031,2,2005,1HGEM22905L0,1,H,G,E,M,2,2,9,0,5,L,0,0,P,HOND,UAX,CP,5,17,2657,,0,1031,,G,,F,4,102,,,15R195,,,,,,0,0,000000000,00000000000,0,0,0,1,0,0,0,0,0,0,0,998,0,0,0,12,4,1,12,0,0,0,1,24,21401,6,1,0,0,3,0,67,180,0,0,0,0,0,0,0,0,0,0,0,0,0,0,1,4,25,1,1,1,1,0,0,1,62,1,1,1,98,0,0
24,240297,1,1,1,24,8,21,15,1,0,1,0,34,3,87,881,87881,66,2005,1XPFD49X25N8,1,X,P,F,D,4,9,X,2,5,N,8,1,T,PTRB,378,TR,5,17,,8,0,0,CON,D,,,6,915,,,,,00000,00,,64,1,57,156123,57156123,3,6,2,2,8,8888,88,8,0,0,0,998,0,2,1,0,6,2,1,0,0,1,1,24,21244,6,1,6,0,3,0,73,170,0,0,0,0,0,0,0,0,0,1,0,0,0,0,1,2,25,2,2,2,1,0,0,14,98,7,2,2,98,1,0
24,240298,1,2,2,25,8,0,57,12,6,1,0,24,1,23,431,23431,16,2003,1GKET16S2361,1,G,K,E,T,1,6,S,2,3,6,1,0,T,GMC,EXL,4W,3,17,,2,0,1290,ENV,G,,,6,256,,,,B,5020,00,E,44,0,0,000000000,00000000000,0,0,0,1,0,0,0,0,0,0,0,998,0,0,0,3,6,2,12,0,0,0,1,24,21620,6,2,0,0,3,2,64,138,0,0,0,0,0,0,0,0,0,0,38,39,74,0,1,2,50,1,1,2,1,20,3,1,17,1,1,1,87,0,1
24,240298,2,2,3,25,8,0,57,12,6,1,0,24,1,49,40,49040,4,2011,4T1BF3EK1BU7,4,T,1,B,F,3,E,K,1,B,U,7,0,P,TOYT,CBA,4D,11,17,3263,,0,1093,,G,,F,4,152,,,16R215,,,,,,0,0,000000000,00000000000,0,0,0,1,0,0,0,0,0,0,0,998,0,0,0,12,6,2,12,0,0,0,1,24,20676,6,1,0,0,3,0,71,160,0,0,0,0,0,0,0,0,0,0,0,0,0,0,1,2,55,1,1,2,1,0,0,1,66,1,1,1,86,1,0
24,240299,1,1,2,26,8,13,17,42,0,1,0,24,1,22,22,22022,4,2006,1G2ZF55BX642,1,G,2,Z,F,5,5,B,X,6,4,2,0,P,PONT,G6E,4D,6,17,3419,,0,1123,,G,,F,4,146,,,16R215,,,,,,0,0,000000000,00000000000,0,0,0,1,0,0,0,0,0,0,0,998,0,0,0,1,6,2,42,0,0,0,1,24,21230,6,1,0,0,3,0,59,150,0,0,0,0,0,0,0,0,0,0,0,0,0,0,2,2,50,3,1,2,1,0,0,14,11,1,1,4,1,1,0
24,240300,1,2,2,29,8,14,29,12,1,1,0,24,1,22,18,22018,4,2002,1G2NE52F92C2,1,G,2,N,E,5,2,F,9,2,C,2,0,P,PONT,GAS,4D,2,17,3116,,0,1070,,G,,F,4,134,,,15R215,,,,,,0,0,000000000,00000000000,0,0,0,1,0,0,0,0,0,0,0,998,0,0,0,12,6,2,19,0,0,0,1,24,21771,6,1,0,0,3,0,64,120,0,0,0,0,0,0,0,0,0,1,0,0,0,0,1,2,40,1,1,2,1,0,0,6,51,1,1,2,24,1,0
24,240300,2,2,1,29,8,14,29,12,1,1,0,24,3,12,16,12016,4,2003,2FAHP71W53X1,2,F,A,H,P,7,1,W,5,3,X,1,0,P,FORD,CVP,4D,3,17,3946,,0,1147,,G,,F,8,281,,,16R225,,,,,,0,0,000000000,00000000000,0,0,0,1,0,0,0,0,0,5,0,998,0,0,0,6,4,1,12,0,0,0,1,24,20872,6,1,0,0,3,0,75,280,0,0,0,0,0,0,0,0,0,0,0,0,0,0,1,2,40,1,1,2,1,0,0,1,53,1,1,1,25,0,0
24,240301,1,1,2,31,8,22,3,42,0,1,0,24,2,12,37,12037,4,2012,1FAHP3F26CL2,1,F,A,H,P,3,F,2,6,C,L,2,0,P,FORD,FSE,4D,12,17,2918,,0,1042,,G,,F,4,122,,,16R205,,,,,,0,0,000000000,00000000000,0,0,0,1,0,0,0,0,0,0,0,998,0,0,0,12,6,2,42,0,0,0,1,24,21036,6,1,0,0,3,0,66,175,0,0,0,0,1,5,2012,5,2012,1,0,0,0,0,1,2,35,4,1,2,1,0,0,14,6,1,9,4,2,2,1
24,240302,1,1,1,1,9,3,34,1,0,1,0,24,1,20,403,20403,14,2003,1GNET16S6361,1,G,N,E,T,1,6,S,6,3,6,1,0,P,CHEV,TRL,UT,3,17,5020,,0,1290,,G,,F,6,256,,,17R245,,,,,,0,0,000000000,00000000000,0,0,0,1,0,0,0,0,0,0,0,998,0,2,3,0,6,2,1,0,0,0,1,54,25404,6,1,0,0,3,0,67,999,0,0,1,0,0,2,2010,2,2010,1,28,0,0,0,3,2,65,1,2,2,1,0,0,1,12,1,1,4,6,1,1
24,240303,1,1,1,1,9,19,0,1,0,1,0,24,1,72,706,72706,80,2006,1HD1BZB146Y0,1,H,D,1,B,Z,B,1,4,6,Y,0,0,M,HD,XTS,RS,6,17,,,,,,,1450,,2,,4,671,,,,,,,0,0,000000000,00000000000,0,0,0,1,0,0,0,0,0,0,0,998,0,0,0,0,6,2,24,0,0,0,1,24,20634,6,1,0,0,3,0,69,165,0,0,0,0,0,0,0,0,0,1,28,0,0,0,1,2,40,3,2,2,1,0,0,14,98,1,2,1,98,1,1
24,240304,1,1,1,2,9,15,30,42,0,1,0,0,0,76,739,76739,90,2009,JY4AM14Y49C0,J,Y,4,A,M,1,4,Y,4,9,C,0,0,M,YAMA,AM0,AT,9,17,,,,,,,686,,1,,4,0000,,,,,,,0,0,000000000,00000000000,0,0,0,1,0,0,0,0,0,0,0,998,0,0,0,12,6,2,42,0,0,0,1,24,21220,2,1,0,0,2,2,69,130,0,1,0,1,0,5,2012,5,2012,1,18,74,0,0,1,2,30,1,1,2,1,0,0,1,13,1,1,4,1,1,1
24,240305,1,2,2,5,9,10,33,12,6,1,0,24,1,20,22,20022,4,2009,1G1AT58H4971,1,G,1,A,T,5,8,H,4,9,7,1,0,P,CHEV,BLT,4D,9,17,3216,,0,1033,,G,,F,4,134,,,15R195,,,,,,0,0,000000000,00000000000,0,0,0,1,0,0,0,0,0,0,0,998,0,0,0,3,6,2,12,0,0,0,1,24,21804,6,1,0,0,3,0,66,120,0,1,0,0,0,1,2010,1,2010,0,38,0,0,0,2,2,35,1,1,2,1,1,3,11,15,1,1,1,68,0,0
24,240305,2,2,1,5,9,10,33,12,6,1,0,24,2,73,705,73705,80,1999,JKAZX4G16XA0,J,K,A,Z,X,4,G,1,6,X,A,0,0,M,KAWK,ZXG,RC,99,17,,,,,,,600,,4,,4,388,,,,,,,0,0,000000000,00000000000,0,0,0,1,0,0,0,0,0,0,0,998,0,0,0,12,6,2,12,0,0,0,1,24,21801,6,1,0,0,3,0,77,178,0,0,0,0,0,0,0,0,0,0,0,0,0,0,2,2,35,1,1,2,1,0,0,1,62,1,1,1,69,1,0
24,240306,1,1,1,5,9,20,57,8,0,1,0,24,2,55,39,55039,4,2006,KMHFC46F86A1,K,M,H,F,C,4,6,F,8,6,A,1,0,P,HYUN,AZL,4D,6,17,3629,,0,1094,,G,,F,6,230,,,16R225,,,,,,0,0,000000000,00000000000,0,0,0,1,0,0,0,0,0,0,0,998,0,0,0,12,6,2,8,0,0,0,1,24,21702,6,1,0,0,3,0,63,140,0,0,0,0,0,0,0,0,0,0,0,0,0,0,2,2,40,1,2,2,1,0,0,1,80,1,1,1,13,0,0
24,240307,1,1,1,6,9,2,9,42,0,1,0,24,3,20,2,20002,4,2010,2G1WD5EM5A12,2,G,1,W,D,5,E,M,5,A,1,2,0,P,CHEV,I/P,4D,10,17,0,,0,1105,,F,,F,6,238,,,16R225,,,,,,0,0,000000000,00000000000,0,0,0,1,0,0,0,0,0,0,0,998,0,0,0,12,6,2,42,0,0,0,1,24,21911,6,1,0,0,3,0,68,195,0,0,0,0,0,0,0,0,0,0,0,0,0,0,1,2,50,1,3,2,1,0,0,1,10,1,1,4,6,1,0
24,240308,1,1,1,6,9,7,1,42,0,1,0,42,1,35,51,35051,6,2008,JN8AS58T98W0,J,N,8,A,S,5,8,T,9,8,W,0,0,P,NISS,ROG,UT,8,17,3267,,0,1059,,G,,F,4,153,,,16R215,,,,,,0,0,000000000,00000000000,0,0,0,1,0,0,0,0,0,0,0,998,0,1,6,12,6,2,42,0,0,0,1,42,19362,6,1,0,0,3,0,69,999,0,0,0,0,0,0,0,0,0,0,0,0,0,0,3,2,50,1,1,2,1,0,0,1,13,1,1,4,1,1,0
24,240309,1,1,1,6,9,10,55,42,0,1,0,24,1,49,33,49033,2,2001,JTDDR32T9101,J,T,D,D,R,3,2,T,9,1,0,1,0,P,TOYT,CGF,2H,1,17,2425,,0,1023,,G,,F,4,109,,,15R195,,,,,,0,0,000000000,00000000000,0,0,0,1,0,0,0,0,0,0,0,998,0,0,0,9,6,2,42,0,0,0,1,24,21157,6,1,0,0,3,0,69,128,0,0,0,0,0,0,0,0,0,1,0,0,0,0,1,2,35,2,2,2,2,0,0,14,10,1,1,4,6,1,0
24,240310,1,2,1,8,9,0,30,12,2,1,0,24,1,45,31,45031,2,2011,WP0AE2A95BS7,W,P,0,A,E,2,A,9,5,B,S,7,0,P,PORS,92R,CP,11,17,3075,,0,0,,G,,T,6,220,,,000000,,,,,,0,0,000000000,00000000000,0,0,0,1,0,0,0,0,0,0,0,998,0,0,0,12,6,2,12,0,0,1,1,18,46032,6,1,0,0,3,0,70,155,0,0,0,0,0,0,0,0,0,1,0,0,0,0,2,2,65,1,1,2,1,0,0,1,10,1,1,2,50,1,1
24,240310,2,2,1,8,9,0,30,12,2,1,0,42,3,89,881,89881,66,1994,4V1WDBCF5RN6,4,V,1,W,D,B,C,F,5,R,N,6,1,T,WHGM,WIA,TR,94,17,,8,0,0,ARO,D,,,6,893,,,,,00000,00,,64,1,57,2173192,572173192,3,6,3,1,0,0,0,0,0,0,0,998,0,0,0,12,6,2,12,0,0,1,1,42,17268,6,1,6,0,3,0,72,999,0,0,0,0,0,0,0,0,0,0,0,0,0,0,2,2,65,1,1,2,1,0,0,1,62,1,1,1,51,0,0
24,240311,1,1,1,8,9,3,34,8,0,1,0,24,3,21,20,21020,4,1998,1G3NG52M5W63,1,G,3,N,G,5,2,M,5,W,6,3,0,P,OLDS,GLS,4D,98,17,3102,,0,1070,,G,,F,6,191,,,15R215,,,,,,0,0,000000000,00000000000,0,0,0,1,0,0,0,0,0,0,0,998,0,0,0,12,4,3,8,0,0,0,1,24,21221,1,1,0,0,2,2,72,173,0,5,0,0,2,6,2010,7,2012,0,28,74,0,0,2,2,25,1,1,2,1,0,0,1,10,1,1,2,13,0,1
24,240312,1,2,1,8,9,8,4,12,2,1,0,24,2,59,31,59031,4,1998,JT8BF28GXW50,J,T,8,B,F,2,8,G,X,W,5,0,0,P,LEXS,ES3,4D,98,17,3378,,0,1051,,G,,F,6,183,,,15R205,,,,,,0,0,000000000,00000000000,0,0,0,1,0,0,0,0,0,0,0,998,0,0,0,12,6,2,12,0,0,0,1,24,21222,6,1,0,0,3,0,69,135,0,0,0,0,0,0,0,0,0,0,28,58,0,0,1,2,50,1,1,2,1,0,0,1,10,6,9,2,50,1,0
24,240312,2,2,2,8,9,8,4,12,2,1,0,24,1,37,403,37403,14,2004,5J6YH28544L0,5,J,6,Y,H,2,8,5,4,4,L,0,0,P,HOND,ELE,UT,4,17,3527,,0,1014,,G,,F,4,146,,,16R215,,,,,,0,0,000000000,00000000000,0,0,0,1,0,0,0,0,0,0,0,998,0,0,0,12,6,2,12,0,0,0,1,24,20751,6,1,0,0,3,0,65,128,0,0,0,1,0,12,2011,12,2011,0,0,0,0,0,1,2,50,1,1,2,1,0,0,1,62,1,1,1,51,1,0
24,240313,1,2,2,8,9,21,47,12,2,1,0,24,1,13,12,13012,4,2002,1LNHM87A32Y6,1,L,N,H,M,8,7,A,3,2,Y,6,0,P,LINC,LLS,4D,2,17,3734,,0,1145,,G,,F,8,240,,,16R215,,,,,,0,0,000000000,00000000000,0,0,0,1,0,0,0,0,0,0,0,998,0,0,0,12,6,2,12,0,0,1,1,24,21113,6,1,0,0,3,0,65,220,0,0,0,0,0,0,0,0,0,0,28,0,0,0,1,2,40,2,1,2,1,0,0,14,10,1,1,2,50,1,1
24,240313,2,2,11,8,9,21,47,12,2,1,0,24,3,98,981,98981,52,2010,5FYH5FU0XAB0,5,F,Y,H,5,F,U,0,X,A,B,0,0,U,,,,10,17,,,,,,,,,,,,,,,,,,,0,88,888888888,88888888888,3,21,22,1,0,0,0,0,6,0,0,998,0,0,0,12,2,3,12,0,0,0,1,24,21206,6,1,6,0,3,0,65,150,0,0,0,0,0,0,0,0,0,0,0,0,0,0,1,2,40,2,1,2,1,0,0,14,62,1,1,1,51,0,0