STATE,ST_CASE,VEH_NO,VE_FORMS,NUMOCCS,DAY,MONTH,HOUR,MINUTE,HARM_EV,MAN_COLL,UNITTYPE,HIT_RUN,REG_STAT,OWNER,MAKE,MODEL,MAK_MOD,BODY_TYP,MOD_YEAR,VIN,VIN_1,VIN_2,VIN_3,VIN_4,VIN_5,VIN_6,VIN_7,VIN_8,VIN_9,VIN_10,VIN_11,VIN_12,TOW_VEH,VINTYPE,VINMAKE,VINA_MOD,VIN_BT,VINMODYR,VIN_LNGT,VIN_WGT,WGTCD_TR,WHLBS_LG,WHLBS_SH,SER_TR,FUELCODE,MCYCL_DS,CARBUR,CYLINDER,DISPLACE,MCYCL_CY,MCYCL_WT,TIRE_SZE,TON_RAT,TRK_WT,TRKWTVAR,VIN_REST,WHLDRWHL,J_KNIFE,MCARR_I1,MCARR_I2,MCARR_ID,GVWR,V_CONFIG,CARGO_BT,HAZ_INV,HAZ_PLAC,HAZ_ID,HAZ_CNO,HAZ_REL,BUS_USE,SPEC_USE,EMER_USE,TRAV_SP,UNDERIDE,ROLLOVER,ROLINLOC,IMPACT1,DEFORMED,TOWED,M_HARM,VEH_SC1,VEH_SC2,FIRE_EXP,DR_PRES,L_STATE,DR_ZIP,L_STATUS,L_TYPE,CDL_STAT,L_ENDORS,L_COMPL,L_RESTRI,DR_HGT,DR_WGT,PREV_ACC,PREV_SUS,PREV_DWI,PREV_SPD,PREV_OTH,FIRST_MO,FIRST_YR,LAST_MO,LAST_YR,SPEEDREL,DR_SF1,DR_SF2,DR_SF3,DR_SF4,VTRAFWAY,VNUM_LAN,VSPD_LIM,VALIGN,VPROFILE,VPAVETYP,VSURCOND,VTRAFCON,VTCONT_F,P_CRASH1,P_CRASH2,P_CRASH3,PCRASH4,PCRASH5,ACC_TYPE,DEATHS,DR_DRINK
24,240345,1,1,1,15,10,19,45,30,0,1,0,24,1,12,481,12481,31,2005,1FTRF12WX5NA,1,F,T,R,F,1,2,W,X,5,N,A,0,T,FORD,F15,PK,5,17,,2,1450,1260,COF,G,,,8,281,,,,B,4615,02,U,42,0,0,000000000,00000000000,0,0,0,1,0,0,0,0,0,0,0,998,0,0,0,9,6,2,30,0,0,0,1,24,20735,6,1,0,0,3,0,67,210,0,0,0,0,0,0,0,0,0,0,58,0,0,0,1,2,35,3,1,2,1,0,0,14,11,6,3,4,2,1,1
24,240346,1,2,1,21,10,20,43,12,1,1,0,24,1,12,442,12442,20,1998,2FMZA5142WBD,2,F,M,Z,A,5,1,4,2,W,B,D,0,T,FORD,WWG,ES,98,17,,1,0,1207,WIN,G,,,6,232,,,,B,3762,02,F,42,0,0,000000000,00000000000,0,0,0,1,0,0,0,0,0,0,0,998,0,0,0,12,6,2,12,0,0,0,1,24,21740,6,1,0,0,3,0,73,250,0,0,0,0,0,0,0,0,0,0,39,0,0,0,2,2,35,1,1,2,1,3,3,1,50,1,1,1,20,0,0
24,240346,2,2,2,21,10,20,43,12,1,1,0,24,1,72,706,72706,80,2001,1HD1BXB151Y0,1,H,D,1,B,X,B,1,5,1,Y,0,0,M,HD,ISF,RS,1,17,,,,,,,1450,,2,,4,666,,,,,,,0,0,000000000,00000000000,0,0,0,1,0,0,0,0,0,0,0,0,0,0,0,6,6,2,12,0,0,0,1,24,21740,6,1,0,0,3,0,68,200,0,0,0,0,0,0,0,0,0,0,0,0,0,0,2,2,35,1,1,2,1,3,3,1,53,1,1,1,21,1,0
24,240347,1,1,1,21,10,23,24,34,0,1,0,24,2,35,39,35039,4,2006,1N4BA41E66C8,1,N,4,B,A,4,1,E,6,6,C,8,0,P,NISS,MEL,4D,6,17,3359,,0,1112,,G,,F,6,214,,,000000,,,,,,0,0,000000000,00000000000,0,0,0,1,0,0,0,0,0,0,0,998,0,1,6,12,6,2,34,0,0,0,1,24,20772,6,1,0,0,3,0,68,130,0,1,0,0,2,11,2011,12,2011,1,0,0,0,0,2,2,50,3,1,2,1,0,0,14,11,1,1,4,1,1,0
24,240348,1,2,1,21,10,12,10,12,99,1,0,24,2,22,32,22032,6,2006,5Y2SL65886Z4,5,Y,2,S,L,6,5,8,8,6,Z,4,0,P,PONT,VIB,4H,6,17,2700,,0,1024,,G,,F,4,110,,,16R205,,,,,,0,0,000000000,00000000000,0,0,0,1,0,0,0,0,0,0,0,998,0,0,0,12,6,2,12,0,0,0,1,24,21222,6,1,0,0,3,0,68,142,0,0,0,0,0,0,0,0,0,0,38,0,0,0,1,2,30,1,1,2,1,3,3,11,15,1,1,1,68,0,0
24,240348,2,2,1,21,10,12,10,12,99,1,0,92,0,98,709,98709,88,2011,19NTEACT3C10,1,9,N,T,E,A,C,T,3,C,1,0,0,U,,,,11,17,,,,,,,,,,,,,,,,,,,0,0,000000000,00000000000,0,0,0,1,0,0,0,0,0,0,0,998,0,0,0,12,6,2,12,0,0,0,1,24,21222,0,0,0,0,0,0,71,170,0,0,0,0,0,0,0,0,0,0,0,0,0,0,1,2,30,1,1,2,1,3,3,1,62,1,1,1,69,1,0
24,240349,1,2,3,25,10,6,4,12,6,1,0,24,2,20,2,20002,4,2002,2G1WH55K9292,2,G,1,W,H,5,5,K,9,2,9,2,0,P,CHEV,IPL,4D,2,17,3466,,0,1105,,G,,F,6,231,,,16R225,,,,,,0,0,000000000,00000000000,0,0,0,1,0,0,0,0,0,0,0,998,0,0,0,12,6,2,12,0,0,0,1,24,20784,0,0,0,0,0,0,999,999,0,0,0,0,0,0,0,0,0,1,0,0,0,0,1,4,50,1,1,2,1,0,0,1,62,1,1,1,69,3,0
24,240349,2,2,1,25,10,6,4,12,6,1,0,40,3,98,809,98809,66,2004,2FWJA3CV64AM,2,F,W,J,A,3,C,V,6,4,A,M,1,T,STRG,AT9,TR,4,17,,8,0,0,STE,D,,,6,782,,,,,00000,00,,64,1,57,022254,57022254,3,6,1,1,0,0,0,0,0,0,0,998,0,0,0,5,6,2,12,0,0,0,1,24,21244,6,1,6,0,3,0,70,208,0,0,0,0,1,5,2011,5,2011,0,0,0,0,0,1,4,50,1,1,2,1,0,0,11,15,1,1,1,68,0,0
24,240350,1,1,1,26,10,10,7,30,0,1,0,24,2,72,706,72706,80,1992,1HD1BJL40NY0,1,H,D,1,B,J,L,4,0,N,Y,0,0,M,HD,STC,RS,92,17,,,,,,,1340,,2,,4,710,,,,,,,0,0,000000000,00000000000,0,0,0,1,0,0,0,0,0,0,0,998,0,0,0,12,6,2,30,0,0,0,1,24,20639,1,1,0,0,2,2,68,180,0,2,0,0,0,9,2010,9,2010,0,74,0,0,0,1,2,30,2,1,2,1,0,0,14,12,1,1,4,6,1,1
24,240351,1,1,1,26,10,14,54,33,0,1,0,24,1,12,401,12401,14,2002,1FMZU73W02UC,1,F,M,Z,U,7,3,W,0,2,U,C,0,P,FORD,EPR,UT,2,17,4378,,0,1137,,G,,F,8,281,,,16R235,,,,,,0,0,000000000,00000000000,0,0,0,1,0,0,0,0,0,0,0,998,0,1,6,12,6,2,30,0,0,0,1,24,21227,6,1,0,0,3,2,85,115,0,0,0,0,0,0,0,0,0,1,74,0,0,0,2,2,35,1,1,2,1,0,0,1,13,1,1,4,1,1,1
24,240352,1,1,1,29,9,20,33,8,0,1,1,99,9,99,999,99999,99,9999,999999999999,9,9,9,9,9,9,9,9,9,9,9,9,0,,,,,,,,,,,,,,,,,,,,,,,,,0,0,000000000,00000000000,0,0,0,1,0,0,0,0,0,0,0,998,0,0,0,98,9,1,8,0,0,0,1,99,99999,9,9,99,9,9,9,999,999,99,99,99,99,99,99,9999,99,9999,9,99,99,99,99,3,3,35,1,1,2,1,0,0,1,81,1,1,1,13,0,0
24,240353,1,1,1,17,10,21,19,8,0,1,0,24,1,12,481,12481,31,2008,1FTRF12WX8KE,1,F,T,R,F,1,2,W,X,8,K,E,0,T,FORD,F15,PK,8,17,,2,1450,1260,COF,G,,,8,281,,,,B,4611,00,E,42,0,0,000000000,00000000000,0,0,0,1,0,0,0,0,0,0,0,998,0,0,0,12,6,2,8,0,0,0,1,24,21756,6,1,0,0,3,0,67,140,0,0,0,0,0,0,0,0,0,0,0,0,0,0,1,4,30,1,1,2,1,0,0,1,80,1,1,1,13,0,0
24,240354,1,3,1,19,10,21,30,12,6,1,0,24,1,42,48,42048,4,2005,WDBUF70J35A6,W,D,B,U,F,7,0,J,3,5,A,6,0,P,MERZ,E50,4D,5,17,3812,,0,1123,,G,,F,8,303,,,17R245,,,,,,0,0,000000000,00000000000,0,0,0,1,0,0,0,0,0,0,0,998,0,0,0,12,6,2,12,0,0,0,1,24,20720,6,1,0,0,3,0,73,155,0,1,0,0,0,4,2012,4,2012,1,38,0,0,0,2,4,30,1,2,2,2,3,3,1,62,1,1,1,69,1,1
24,240354,2,3,1,19,10,21,30,12,6,1,0,24,2,42,43,42043,4,2001,WDBNG73JX1A1,W,D,B,N,G,7,3,J,X,1,A,1,0,P,MERZ,S55,4D,1,17,4186,,0,1215,,G,,F,8,332,,,18R245,,,,,,0,0,000000000,00000000000,0,0,0,1,0,0,0,0,0,0,0,998,0,0,0,14,4,3,99,0,0,0,1,24,20657,6,1,0,0,3,0,72,185,0,0,0,0,0,0,0,0,0,1,0,0,0,0,2,4,30,1,2,2,2,3,3,1,62,6,1,2,98,0,1
24,240354,3,3,1,19,10,21,30,12,6,1,0,11,3,98,907,98907,52,1997,1VH569P73V60,1,V,H,5,6,9,P,7,3,V,6,0,0,T,ONTR,,,97,17,,,,,,,,,,,,,,,,,,,0,88,888888888,88888888888,3,21,22,1,0,0,0,0,6,0,0,998,0,0,0,5,6,2,12,0,0,0,1,24,20716,6,1,6,0,3,0,67,150,0,0,0,1,0,8,2012,8,2012,0,0,0,0,0,2,4,30,1,2,2,2,3,3,11,15,1,1,1,68,0,0
24,240355,1,1,1,26,10,14,30,8,0,1,0,24,1,37,421,37421,15,2003,2HKYF18693H6,2,H,K,Y,F,1,8,6,9,3,H,6,0,P,HOND,PIL,UT,3,17,4439,,0,1063,,G,,F,6,212,,,16R235,,,,,,0,0,000000000,00000000000,0,0,0,1,0,0,0,0,0,0,0,998,0,0,0,12,4,1,8,0,0,0,1,24,20904,6,1,0,0,3,0,70,180,0,0,0,0,0,0,0,0,0,0,0,0,0,0,2,3,35,1,1,2,1,0,0,1,80,1,1,1,13,0,0
24,240356,1,3,1,31,10,5,21,12,1,1,0,24,1,35,43,35043,4,2007,3N1BC11E07L4,3,N,1,B,C,1,1,E,0,7,L,4,0,P,NISS,VSL,4D,7,17,2647,,0,1024,,G,,F,4,110,,,15R185,,,,,,0,0,000000000,00000000000,0,0,0,1,0,0,0,0,0,0,0,998,0,0,0,12,6,2,12,0,0,0,1,24,21161,6,1,0,0,3,0,63,215,0,0,0,0,0,0,0,0,0,1,26,0,0,0,3,4,55,1,1,2,2,0,0,1,51,1,1,1,24,0,0
24,240356,2,3,1,31,10,5,21,12,1,1,0,24,1,49,32,49032,4,1997,1NXBB02E1VZ5,1,N,X,B,B,0,2,E,1,V,Z,5,0,P,TOYT,USX,4D,97,17,2403,,0,970,,G,,F,4,108,,,14R185,,,,,,0,0,000000000,00000000000,0,0,0,1,0,0,0,0,0,0,0,998,0,0,0,6,6,2,12,0,0,0,1,24,20706,6,1,0,0,3,0,70,190,0,0,0,0,2,11,2010,6,2012,0,0,0,0,0,3,4,55,1,1,2,2,0,0,1,53,1,1,1,25,1,0
24,240356,3,3,1,31,10,5,21,12,1,1,0,24,1,98,809,98809,66,2005,2FWBA3CG95AU,2,F,W,B,A,3,C,G,9,5,A,U,1,T,STRG,A90,TR,5,17,,8,0,0,STE,D,,,6,774,,,,,00000,00,,42,1,57,021800,57021800,3,6,1,1,0,0,0,0,0,0,0,998,0,0,0,12,4,3,12,0,0,0,1,51,22610,6,1,6,0,3,0,67,155,0,0,0,0,0,0,0,0,0,0,0,0,0,0,3,4,55,1,1,2,2,0,0,1,51,99,1,2,98,0,0
24,240357,1,2,1,27,10,7,57,12,2,1,0,24,1,76,705,76705,80,2001,JYARJ04E51A0,J,Y,A,R,J,0,4,E,5,1,A,0,0,M,YAMA,R6L,RC,1,17,,,,,,,599,,4,,4,365,,,,,,,0,0,000000000,00000000000,0,0,0,1,0,0,0,0,0,0,0,998,0,0,0,12,6,2,12,0,0,0,1,24,21212,6,1,0,0,3,0,77,215,0,0,0,1,0,9,2010,9,2010,1,28,0,0,0,1,2,40,2,2,2,2,0,0,14,10,1,1,2,50,1,0
24,240357,2,2,4,27,10,7,57,12,2,1,0,27,1,49,401,49401,14,2010,JTEBU5JR6A50,J,T,E,B,U,5,J,R,6,A,5,0,0,P,TOYT,RUN,UT,10,17,4675,,0,1098,,G,,F,6,244,,,17R265,,,,,,0,0,000000000,00000000000,0,0,0,1,0,0,0,0,0,0,0,998,0,0,0,12,6,2,12,0,0,0,1,27,56256,6,1,0,0,3,0,75,180,0,0,0,0,0,0,0,0,0,0,0,0,0,0,1,2,40,2,2,2,2,0,0,14,62,1,1,1,51,0,0
24,240358,1,3,1,2,11,13,49,12,2,1,0,24,1,14,4,14004,2,1997,1MELM62W0VH6,1,M,E,L,M,6,2,W,0,V,H,6,0,P,MERC,X73,2D,97,17,3536,,0,1130,,G,,F,8,281,,,15R205,,,,,,0,0,000000000,00000000000,0,0,0,1,0,0,0,0,0,0,0,998,0,0,0,12,6,2,12,0,0,0,1,24,21157,6,1,0,0,3,0,62,170,0,0,0,0,0,0,0,0,0,0,0,0,0,0,3,2,55,1,1,2,1,0,0,1,12,1,1,2,50,0,0
24,240358,2,3,1,2,11,13,49,12,2,1,0,24,1,55,35,55035,4,2000,KMHJF35F5YU8,K,M,H,J,F,3,5,F,5,Y,U,8,0,P,HYUN,EGS,4D,0,17,2626,,0,1004,,G,,F,4,121,,,14R195,,,,,,0,0,000000000,00000000000,0,0,0,1,0,0,0,0,0,0,0,998,0,0,0,12,6,2,12,0,0,0,1,24,21048,6,1,0,0,3,0,66,190,0,0,0,1,0,10,2011,10,2011,0,0,0,0,0,3,2,55,1,1,2,1,0,0,1,62,1,1,1,51,0,1
24,240358,3,3,1,2,11,13,49,12,2,1,0,24,1,12,481,12481,31,1995,1FTDF15Y3SNA,1,F,T,D,F,1,5,Y,3,S,N,A,0,T,FORD,F15,PK,95,17,,1,1330,1170,COF,G,,,6,300,,,,B,00000,00,M,42,0,0,000000000,00000000000,0,0,0,1,0,0,0,0,0,0,0,998,0,0,0,12,6,2,12,0,0,0,1,24,21048,6,1,0,0,3,0,68,155,0,0,0,1,0,4,2010,4,2010,0,0,0,0,0,3,2,55,1,1,2,1,0,0,1,62,1,1,1,98,1,0
24,240359,1,1,4,30,10,23,38,30,0,1,0,24,1,37,31,37031,4,1992,1HGEG8542NL0,1,H,G,E,G,8,5,4,2,N,L,0,0,P,HOND,CID,4D,92,17,2275,,0,1031,,G,,F,4,091,,,13R175,,,,,,0,0,000000000,00000000000,0,0,0,1,0,0,0,0,0,0,0,998,0,0,0,3,6,2,30,0,0,0,1,24,20736,0,0,0,0,0,0,999,999,0,0,0,0,0,0,0,0,0,1,0,0,0,0,1,4,40,2,1,2,2,0,0,14,12,1,4,4,7,1,1
24,240360,1,1,1,5,11,1,7,24,0,1,0,24,1,23,402,23402,14,2011,2CTFLXEC4B64,2,C,T,F,L,X,E,C,4,B,6,4,0,T,GMC,TET,4W,11,17,,1,0,1125,TER,G,,,4,146,,,,,4049,00,S,44,0,0,000000000,00000000000,0,0,0,1,0,0,0,0,0,0,0,998,0,0,0,12,6,2,2,0,0,1,1,24,21076,6,1,0,0,3,0,74,220,0,0,0,0,0,0,0,0,0,9,99,99,99,99,1,2,35,3,1,2,1,0,0,14,11,1,1,4,1,1,1
24,240361,1,1,3,6,11,8,30,11,0,1,0,24,3,12,881,12881,62,2000,3FDNF65A6YMA,3,F,D,N,F,6,5,A,6,Y,M,A,1,T,FORD,F6S,CC,0,17,,6,2600,1580,COF,D,,,6,439,,,,,00000,00,,42,1,88,888888888,88888888888,2,4,98,1,0,0,0,0,0,0,0,998,0,0,0,12,6,2,11,0,0,0,1,24,21050,6,1,0,0,3,0,68,180,0,0,0,0,0,0,0,0,0,0,83,0,0,0,1,2,55,1,1,2,1,0,0,1,87,1,1,1,13,1,0
24,240362,1,2,1,7,11,20,24,12,6,1,0,24,2,52,46,52046,4,2002,JA3AJ26E12U0,J,A,3,A,J,2,6,E,1,2,U,0,0,P,MITS,LES,4D,2,17,2646,,0,1024,,G,,F,4,122,,,14R185,,,,,,0,0,000000000,00000000000,0,0,0,1,0,0,0,0,0,0,0,998,0,0,0,3,6,2,12,0,0,0,1,24,20646,6,1,0,0,3,0,70,180,0,0,0,1,0,9,2012,9,2012,1,28,0,0,0,1,2,50,3,1,2,1,0,0,14,6,1,4,2,64,1,1
24,240362,2,2,2,7,11,20,24,12,6,1,0,24,2,20,2,20002,4,2003,2G1WF52E0391,2,G,1,W,F,5,2,E,0,3,9,1,0,P,CHEV,IMP,4D,3,17,3389,,0,1105,,G,,F,6,207,,,16R225,,,,,,0,0,000000000,00000000000,0,0,0,1,0,0,0,0,0,0,0,998,0,0,0,12,6,2,12,0,0,0,1,24,20604,6,1,0,0,3,0,62,210,0,0,0,2,0,4,2011,6,2011,0,0,0,0,0,1,2,50,3,1,2,1,0,0,14,62,1,1,1,65,0,0
24,240363,1,2,4,12,11,16,9,12,6,1,0,24,2,55,33,55033,4,2011,5NPEC4AC8BH2,5,N,P,E,C,4,A,C,8,B,H,2,0,P,HYUN,SLI,4D,11,17,3199,,0,1100,,G,,F,4,144,,,17R215,,,,,,0,0,000000000,00000000000,0,0,0,1,0,0,0,0,0,0,0,998,0,0,0,3,6,2,12,0,0,0,1,24,21911,6,1,0,0,3,0,70,210,0,0,0,0,0,0,0,0,0,0,48,38,0,0,1,2,50,1,1,2,1,0,0,12,10,1,1,2,98,0,0
24,240363,2,2,1,12,11,16,9,12,6,1,0,24,1,76,706,76706,80,2007,JYARN20E47A0,J,Y,A,R,N,2,0,E,4,7,A,0,0,M,YAMA,YFR,RC,7,17,,,,,,,998,,4,,4,381,,,,,,,0,0,000000000,00000000000,0,0,0,1,0,0,0,0,0,0,0,998,0,0,0,12,6,2,12,0,0,0,1,24,21921,6,1,0,0,3,0,68,145,0,0,0,0,1,6,2012,6,2012,1,0,0,0,0,1,2,50,1,1,2,1,0,0,1,62,1,1,1,98,1,0
24,240364,1,1,1,29,9,0,36,25,0,1,0,54,1,72,706,72706,80,2007,1HD1FS4127Y7,1,H,D,1,F,S,4,1,2,7,Y,7,0,M,HD,LTR,RS,7,17,,,,,,,1584,,2,,4,761,,,,,,,0,0,000000000,00000000000,0,0,0,1,0,0,0,0,0,0,0,998,0,0,0,12,6,2,25,0,0,0,1,54,25419,6,1,0,0,3,0,70,185,0,0,0,0,1,11,2011,11,2011,1,0,0,0,0,3,2,65,2,2,2,1,0,0,14,12,1,1,4,6,1,1
24,240365,1,2,3,14,9,14,18,12,6,1,0,24,2,55,35,55035,4,2010,KMHDU4AD5AU1,K,M,H,D,U,4,A,D,5,A,U,1,0,P,HYUN,BGS,4D,10,17,2723,,0,1043,,G,,F,4,121,,,15R195,,,,,,0,0,000000000,00000000000,0,0,0,1,0,0,0,0,0,0,0,998,0,0,0,5,4,3,12,0,0,0,1,24,21015,6,2,0,0,3,1,71,180,0,0,0,0,0,0,0,0,0,0,38,0,0,0,1,2,50,1,1,2,1,0,0,11,15,1,1,1,68,0,0
24,240365,2,2,1,14,9,14,18,12,6,1,0,13,1,73,709,73709,80,2006,JKBZXNA126A0,J,K,B,Z,X,N,A,1,2,6,A,0,0,M,KAWK,X4A,RC,6,17,,,,,,,1352,,4,,4,474,,,,,,,0,0,000000000,00000000000,0,0,0,1,0,0,0,0,0,0,0,998,0,0,0,12,6,2,12,0,0,0,1,13,30815,6,1,0,0,3,0,74,220,98,0,0,0,0,0,0,0,0,0,0,0,0,0,1,2,50,1,1,2,1,0,0,1,62,1,1,1,69,1,0
24,240366,1,4,1,27,9,16,32,12,2,1,0,24,2,23,481,23481,31,1997,1GTGC24RXVZ5,1,G,T,G,C,2,4,R,X,V,Z,5,0,T,GMC,SC2,PK,97,17,,2,0,1315,SIE,G,,,8,350,,,,C,00000,00,A,42,0,0,000000000,00000000000,0,0,0,1,0,0,0,0,0,0,0,998,2,0,0,12,6,2,12,0,0,0,1,24,20685,6,1,0,0,3,0,74,170,0,1,0,1,0,5,2012,8,2012,0,0,0,0,0,2,2,55,1,2,2,1,0,0,1,10,1,1,4,50,0,0
24,240366,2,4,4,27,9,16,32,12,2,1,0,24,2,6,43,6043,4,1998,1C3EJ56H3WN1,1,C,3,E,J,5,6,H,3,W,N,1,0,P,CHRY,CLI,4D,98,17,3117,,0,1080,,G,,F,6,152,,,15R195,,,,,,0,0,000000000,00000000000,0,0,0,1,0,0,0,0,0,0,0,998,0,0,0,12,6,2,12,0,0,0,1,24,20657,6,1,0,0,3,3,64,190,0,0,0,0,0,0,0,0,0,0,0,0,0,0,2,2,55,1,2,2,1,0,0,1,63,1,1,1,51,0,0
24,240366,3,4,1,27,9,16,32,12,2,1,0,24,1,12,3,12003,2,2000,1FAFP42X8YF1,1,F,A,F,P,4,2,X,8,Y,F,1,0,P,FORD,MGT,CP,0,17,3241,,0,1013,,G,,F,8,281,,,16R225,,,,,,0,0,000000000,00000000000,0,0,0,1,0,0,0,0,0,0,0,998,0,0,0,12,6,2,12,0,0,0,1,24,20676,6,1,0,0,3,0,71,188,0,0,0,0,0,0,0,0,0,0,0,0,0,0,2,2,55,1,2,2,1,0,0,1,62,1,1,1,98,1,0
24,240366,4,4,1,27,9,16,32,12,2,1,0,24,1,12,481,12481,31,2001,1FTZF17281NB,1,F,T,Z,F,1,7,2,8,1,N,B,0,T,FORD,F15,PK,1,17,,1,1385,1199,COF,G,,,6,256,,,,B,3923,04,U,42,0,0,000000000,00000000000,0,0,0,1,0,0,0,0,0,0,0,998,0,0,0,18,4,1,54,0,0,0,1,24,21228,6,1,0,0,3,0,64,130,0,2,0,1,1,5,2011,9,2012,0,0,0,0,0,2,2,55,1,2,2,1,0,0,1,98,1,1,1,98,0,0
24,240367,1,4,1,2,11,14,15,12,1,1,0,24,3,86,882,86882,63,1995,1M2K189C9SM0,1,M,2,K,1,8,9,C,9,S,M,0,0,T,MACK,MR6,TB,95,17,,8,0,0,600,D,,,6,728,,,,,00000,00,,64,0,57,390896,57390896,3,1,5,1,0,0,0,0,0,0,0,45,0,0,0,12,6,2,12,0,0,0,1,24,21122,6,1,6,0,3,0,72,176,0,1,0,0,1,3,2012,5,2012,1,0,0,0,0,2,2,45,1,1,2,1,3,3,1,50,4,1,1,20,0,0
24,240367,2,4,2,2,11,14,15,12,1,1,0,24,1,37,31,37031,4,1998,2HGEJ6670WH5,2,H,G,E,J,6,6,7,0,W,H,5,0,P,HOND,UCL,4D,98,17,2426,,0,1032,,G,,F,4,097,,,14R185,,,,,,0,0,000000000,00000000000,0,0,0,1,0,0,0,0,0,0,0,0,1,0,0,6,6,2,12,0,0,0,1,24,20747,6,1,0,0,3,0,66,180,0,0,0,0,0,0,0,0,0,0,0,0,0,0,2,2,45,1,1,2,1,0,0,5,53,1,1,1,21,2,0
24,240367,3,4,1,2,11,14,15,12,1,1,0,42,3,51,881,51881,66,2013,4V4NC9EH3DN1,4,V,4,N,C,9,E,H,3,D,N,1,1,T,VOLV,VNL,TR,13,17,,8,0,0,VVN,D,,,6,793,,,,,00000,00,,64,1,57,005874,57005874,3,6,1,1,0,0,0,0,0,0,0,0,0,0,0,6,4,3,12,0,0,0,1,51,23112,6,1,6,0,3,0,73,180,0,0,0,0,0,0,0,0,0,0,0,0,0,0,2,2,45,1,1,2,1,3,3,5,53,1,1,1,98,0,0
24,240367,4,4,1,2,11,14,15,12,1,1,0,51,3,51,881,51881,66,2013,4V4NC9EH1DN1,4,V,4,N,C,9,E,H,1,D,N,1,1,T,VOLV,VNL,TR,13,17,,8,0,0,VVN,D,,,6,793,,,,,00000,00,,64,1,57,005874,57005874,3,6,1,1,0,0,0,0,0,0,0,0,0,0,0,6,4,3,12,0,0,0,1,51,23231,6,1,6,0,3,0,70,175,0,0,0,0,0,0,0,0,0,0,0,0,0,0,2,2,45,1,1,2,1,3,3,5,53,1,1,1,98,0,0
24,240368,1,2,2,11,11,0,39,42,0,1,0,24,1,30,40,30040,4,2002,3VWSE69M72M0,3,V,W,S,E,6,9,M,7,2,M,0,0,P,VOLK,JGS,4D,2,17,2899,,0,989,,G,,T,4,109,,,15R195,,,,,,0,0,000000000,00000000000,0,0,0,1,0,0,0,0,0,0,0,998,0,0,0,12,6,2,42,0,0,0,1,24,20658,6,1,0,0,3,0,68,145,0,0,0,0,0,0,0,0,0,1,37,0,0,0,1,2,40,1,2,2,1,0,0,1,12,1,1,4,6,1,0
24,240368,2,2,1,11,11,0,39,42,0,1,0,24,3,12,16,12016,4,2007,2FAFP71W97X1,2,F,A,F,P,7,1,W,9,7,X,1,0,P,FORD,CVP,4D,7,17,4129,,0,1146,,G,,F,8,281,,,17R235,,,,,,0,0,000000000,00000000000,0,0,0,1,0,0,0,0,0,0,0,998,0,0,0,14,6,2,18,0,0,0,1,24,20646,6,1,0,0,3,0,71,240,0,0,0,0,0,0,0,0,0,0,0,0,0,0,1,2,40,1,2,2,1,0,0,1,90,1,1,4,98,0,0
24,240369,1,1,1,10,11,17,6,1,0,1,0,24,4,98,709,98709,80,2004,5L5SY0448410,5,L,5,S,Y,0,4,4,8,4,1,0,0,U,,,,4,17,,,,,,,,,,,,,,,,,,,0,0,000000000,00000000000,0,0,0,1,0,0,0,0,0,0,0,998,0,0,0,0,6,2,38,0,0,0,1,24,21037,6,1,0,0,3,0,65,165,0,0,0,1,0,5,2012,5,2012,1,0,0,0,0,1,2,30,3,2,2,1,0,0,14,6,4,2,4,2,1,0
24,240370,1,2,1,13,11,8,17,12,6,1,0,24,3,84,881,84881,63,1995,1HTSDAAN5SH6,1,H,T,S,D,A,A,N,5,S,H,6,0,T,INTL,490,CC,95,17,,7,2540,1280,40S,D,,,6,466,,,,,00000,00,,42,0,57,2035627,572035627,3,1,3,2,2,1993,3,2,0,0,0,998,0,0,0,4,6,2,12,0,0,0,1,24,21793,6,1,6,3,3,0,75,185,0,0,0,0,0,0,0,0,0,1,0,0,0,0,1,2,50,1,2,2,2,0,0,2,10,3,4,2,64,0,0
24,240370,2,2,1,13,11,8,17,12,6,1,0,24,2,2,404,2404,14,2001,1J4GW48S21C5,1,J,4,G,W,4,8,S,2,1,C,5,0,T,JEEP,LRO,4W,1,17,,1,0,1059,GCK,G,,,6,244,,,,,3864,01,E,44,0,0,000000000,00000000000,0,0,0,1,0,0,0,0,0,0,0,998,0,0,0,12,6,2,12,0,0,0,1,24,21042,6,1,0,0,3,0,71,155,0,0,0,0,0,0,0,0,0,0,0,0,0,0,1,2,50,1,2,2,2,0,0,1,62,1,1,1,65,1,0
24,240371,1,1,1,16,9,0,35,8,0,1,1,99,9,99,999,99999,99,9999,999999999999,9,9,9,9,9,9,9,9,9,9,9,9,0,,,,,,,,,,,,,,,,,,,,,,,,,0,0,000000000,00000000000,0,0,0,1,0,0,0,0,0,0,0,998,0,0,0,1,9,1,8,0,0,0,1,99,99999,9,9,99,9,9,9,999,999,99,99,99,99,99,99,9999,99,9999,1,0,0,0,0,1,2,30,1,1,2,1,0,0,1,80,6,1,1,13,0,0