STATE,ST_CASE,VEH_NO,VE_FORMS,NUMOCCS,DAY,MONTH,HOUR,MINUTE,HARM_EV,MAN_COLL,UNITTYPE,HIT_RUN,REG_STAT,OWNER,MAKE,MODEL,MAK_MOD,BODY_TYP,MOD_YEAR,VIN,VIN_1,VIN_2,VIN_3,VIN_4,VIN_5,VIN_6,VIN_7,VIN_8,VIN_9,VIN_10,VIN_11,VIN_12,TOW_VEH,VINTYPE,VINMAKE,VINA_MOD,VIN_BT,VINMODYR,VIN_LNGT,VIN_WGT,WGTCD_TR,WHLBS_LG,WHLBS_SH,SER_TR,FUELCODE,MCYCL_DS,CARBUR,CYLINDER,DISPLACE,MCYCL_CY,MCYCL_WT,TIRE_SZE,TON_RAT,TRK_WT,TRKWTVAR,VIN_REST,WHLDRWHL,J_KNIFE,MCARR_I1,MCARR_I2,MCARR_ID,GVWR,V_CONFIG,CARGO_BT,HAZ_INV,HAZ_PLAC,HAZ_ID,HAZ_CNO,HAZ_REL,BUS_USE,SPEC_USE,EMER_USE,TRAV_SP,UNDERIDE,ROLLOVER,ROLINLOC,IMPACT1,DEFORMED,TOWED,M_HARM,VEH_SC1,VEH_SC2,FIRE_EXP,DR_PRES,L_STATE,DR_ZIP,L_STATUS,L_TYPE,CDL_STAT,L_ENDORS,L_COMPL,L_RESTRI,DR_HGT,DR_WGT,PREV_ACC,PREV_SUS,PREV_DWI,PREV_SPD,PREV_OTH,FIRST_MO,FIRST_YR,LAST_MO,LAST_YR,SPEEDREL,DR_SF1,DR_SF2,DR_SF3,DR_SF4,VTRAFWAY,VNUM_LAN,VSPD_LIM,VALIGN,VPROFILE,VPAVETYP,VSURCOND,VTRAFCON,VTCONT_F,P_CRASH1,P_CRASH2,P_CRASH3,PCRASH4,PCRASH5,ACC_TYPE,DEATHS,DR_DRINK
24,240372,1,3,1,21,9,15,57,12,1,1,0,24,3,12,481,12481,31,2003,1FTNF20L43EB,1,F,T,N,F,2,0,L,4,3,E,B,0,T,FORD,F2S,PK,3,17,,2,0,1370,SRW,G,,,8,330,,,,C,5356,00,U,42,0,0,000000000,00000000000,0,0,0,1,0,0,0,0,0,0,0,998,0,0,0,12,6,2,12,0,0,0,1,24,21678,6,1,0,0,3,0,72,189,0,2,0,1,3,2,2011,5,2012,1,26,0,0,0,3,3,65,1,1,2,1,0,0,1,51,1,1,1,24,0,0
24,240372,2,3,1,21,9,15,57,12,1,1,0,24,1,37,32,37032,4,2000,1HGCG1658YA0,1,H,G,C,G,1,6,5,8,Y,A,0,0,P,HOND,UEX,4D,0,17,3285,,0,1069,,G,,F,6,183,,,15R205,,,,,,0,0,000000000,00000000000,0,0,0,1,0,0,0,0,0,0,0,998,0,0,0,6,6,2,12,0,0,0,1,24,21074,6,1,0,0,3,0,76,225,0,0,0,0,0,0,0,0,0,0,0,0,0,0,3,3,65,1,1,2,1,0,0,1,53,1,1,1,25,1,0
24,240372,3,3,3,21,9,15,57,12,1,1,0,24,2,19,18,19018,4,2003,1G6DM57N2301,1,G,6,D,M,5,7,N,2,3,0,1,0,P,CADI,C/T,4D,3,17,3509,,0,1134,,G,,F,6,194,,,16R225,,,,,,0,0,000000000,00000000000,0,0,0,1,0,0,0,0,0,0,0,998,0,0,0,6,6,2,12,0,0,0,1,24,21617,6,1,0,0,3,0,72,180,0,0,0,0,0,0,0,0,0,0,0,0,0,0,3,3,65,1,1,2,1,0,0,1,53,1,1,1,98,0,0
24,240373,1,1,1,13,10,11,35,8,0,1,0,24,1,23,481,23481,31,2010,1GTPKVE08AZ2,1,G,T,P,K,V,E,0,8,A,Z,2,0,T,GMC,1NK,PK,10,17,,2,1330,1190,SIE,F,,,8,323,,,,B,4695,01,S,44,0,0,000000000,00000000000,0,0,0,1,0,0,0,0,0,0,0,998,0,0,0,12,2,1,8,0,0,0,1,24,21550,6,1,0,0,3,0,65,155,0,0,0,2,0,6,2010,9,2010,0,36,0,0,0,1,2,25,1,1,2,1,20,3,11,80,1,1,1,13,0,0
24,240374,1,1,1,31,10,7,3,8,0,1,0,24,3,12,23,12023,4,2010,3FAHP0JG3AR2,3,F,A,H,P,0,J,G,3,A,R,2,0,P,FORD,F/L,4D,10,17,3591,,0,1074,,F,,F,6,183,,,17R225,,,,,,0,0,000000000,00000000000,0,0,0,1,0,0,0,0,0,0,0,998,0,0,0,12,2,3,8,0,0,0,1,24,20874,6,1,0,0,3,0,75,200,0,1,0,1,0,4,2011,8,2011,0,0,0,0,0,3,3,40,1,1,2,2,3,3,1,80,1,1,1,13,0,0
24,240375,1,2,1,18,7,22,38,1,0,1,0,24,2,37,705,37705,80,2001,JH2PC35001M2,J,H,2,P,C,3,5,0,0,1,M,2,0,M,HOND,CF4,RC,1,17,,,,,,,599,,4,,4,370,,,,,,,0,0,000000000,00000000000,0,0,0,1,0,0,0,0,0,0,0,998,0,0,0,0,6,2,12,0,0,0,1,24,21215,6,7,0,0,2,2,72,192,0,2,0,0,2,12,2010,1,2011,0,74,0,0,0,1,4,30,1,1,2,1,0,0,15,62,6,9,1,98,1,0
24,240375,2,2,1,18,7,22,38,1,0,1,0,24,1,63,32,63032,4,2012,KNADN5A38C60,K,N,A,D,N,5,A,3,8,C,6,0,0,P,KIA,RES,4H,12,17,2483,,0,1012,,G,,F,4,098,,,15R185,,,,,,0,0,000000000,00000000000,0,0,0,1,0,0,0,0,0,0,0,998,0,0,0,12,4,3,12,0,0,0,1,24,21122,6,1,0,0,3,0,68,140,0,0,0,0,0,0,0,0,0,0,0,0,0,0,1,4,30,1,1,2,1,0,0,11,15,1,1,1,98,0,0
24,240376,1,1,2,20,8,1,46,40,0,1,0,24,1,12,37,12037,4,2003,1FAFP53U93A1,1,F,A,F,P,5,3,U,9,3,A,1,0,P,FORD,TSE,4D,3,17,3336,,0,1085,,G,,F,6,182,,,16R215,,,,,,0,0,000000000,00000000000,0,0,0,1,0,0,0,0,0,0,0,998,0,0,0,12,6,2,40,0,0,0,1,24,21215,6,1,0,0,3,0,66,145,0,0,0,0,0,0,0,0,0,0,83,0,0,0,1,5,25,1,1,2,1,0,0,1,87,7,1,4,1,1,0
24,240377,1,2,1,2,10,11,33,12,6,1,0,24,1,52,37,52037,2,2001,4A3AC34G21E1,4,A,3,A,C,3,4,G,2,1,E,1,0,P,MITS,ERS,2H,1,17,2855,,0,1008,,G,,F,4,143,,,15R195,,,,,,0,0,000000000,00000000000,0,0,0,1,0,0,0,0,0,0,0,998,0,0,0,3,6,2,12,0,0,0,1,24,21074,6,1,0,0,3,0,67,140,0,0,0,0,0,0,0,0,0,0,0,0,0,0,1,2,40,3,1,2,2,0,0,1,5,99,4,2,64,1,0
24,240377,2,2,3,2,10,11,33,12,6,1,0,24,1,37,421,37421,15,2004,2HKYF18504H5,2,H,K,Y,F,1,8,5,0,4,H,5,0,P,HOND,PIL,UT,4,17,4400,,0,1063,,G,,F,6,212,,,16R235,,,,,,0,0,000000000,00000000000,0,0,0,1,0,0,0,0,0,0,0,998,0,0,0,12,6,2,12,0,0,0,1,24,21161,6,1,0,0,3,0,67,175,0,0,0,0,0,0,0,0,0,0,0,0,0,0,1,2,40,3,1,2,2,0,0,1,62,1,1,1,65,0,0
24,240378,1,1,1,7,10,18,28,31,0,1,0,24,1,98,498,98498,31,2005,1N6AD07W05C4,1,N,6,A,D,0,7,W,0,5,C,4,0,T,NISS,CEO,CW,5,17,,1,0,1259,FRT,G,,,6,244,,,,C,4301,00,K,44,0,0,000000000,00000000000,0,0,0,1,0,0,0,0,0,0,0,998,0,0,0,14,6,2,31,0,0,0,1,24,21220,6,1,0,0,3,0,62,140,0,0,0,0,0,0,0,0,0,1,0,0,0,0,1,2,35,1,1,2,2,0,0,1,13,1,1,4,1,1,1
24,240379,1,1,1,17,10,4,32,8,0,1,0,51,1,37,31,37031,4,2003,2HGES16533H6,2,H,G,E,S,1,6,5,3,3,H,6,0,P,HOND,UCL,4D,3,17,2513,,0,1031,,G,,F,4,102,,,14R185,,,,,,0,0,000000000,00000000000,0,0,0,1,0,0,0,0,0,0,0,998,0,0,0,12,2,1,8,0,0,0,1,51,20180,6,1,0,0,3,0,71,180,0,0,0,0,0,0,0,0,0,0,28,0,0,0,1,2,25,1,1,2,1,0,0,2,19,1,1,5,13,0,0
24,240380,1,3,2,7,10,10,29,12,6,1,0,24,1,41,37,41037,4,2000,1YVGF22E3Y51,1,Y,V,G,F,2,2,E,3,Y,5,1,0,P,MAZD,U6X,4D,0,17,2864,,0,1051,,G,,F,4,122,,,15R185,,,,,,0,0,000000000,00000000000,0,0,0,1,0,0,0,0,0,0,0,998,0,0,0,12,6,2,12,0,0,0,1,24,20901,6,1,0,0,3,0,71,176,0,0,0,2,0,7,2011,7,2011,0,28,36,0,0,1,4,50,3,2,2,2,0,0,14,9,1,4,2,64,1,0
24,240380,2,3,1,7,10,10,29,12,6,1,0,24,1,59,403,59403,14,2010,2T2BK1BA6AC0,2,T,2,B,K,1,B,A,6,A,C,0,0,P,LEXS,RX5,UT,10,17,4510,,0,1079,,G,,F,6,211,,,18R235,,,,,,0,0,000000000,00000000000,0,0,0,1,0,0,0,0,0,0,0,998,0,0,0,9,6,2,12,0,0,0,1,24,20882,6,1,0,0,3,0,68,150,0,0,0,0,0,0,0,0,0,0,0,0,0,0,1,4,50,3,2,2,2,0,0,14,62,1,1,1,65,0,0
24,240380,3,3,1,7,10,10,29,12,6,1,0,24,3,54,35,54035,4,2012,19UUA8F57CA0,1,9,U,U,A,8,F,5,7,C,A,0,0,P,ACUR,ATL,4D,12,17,3741,,0,1093,,G,,F,6,214,,,17R245,,,,,,0,0,000000000,00000000000,0,0,0,1,0,0,0,0,0,0,0,998,0,0,0,12,6,2,12,0,0,0,1,24,20882,6,1,0,0,3,0,72,165,0,0,0,0,1,6,2011,6,2011,0,0,0,0,0,1,4,50,3,2,2,2,0,0,14,62,1,1,1,98,0,0
24,240381,1,1,1,16,10,14,30,8,0,1,0,24,1,37,31,37031,4,1997,2HGEJ6674VH5,2,H,G,E,J,6,6,7,4,V,H,5,0,P,HOND,UCL,4D,97,17,2426,,0,1032,,G,,F,4,097,,,14R185,,,,,,0,0,000000000,00000000000,0,0,0,1,0,0,0,0,0,0,0,40,0,0,0,12,4,3,8,0,0,0,1,24,21901,6,1,0,0,3,1,70,175,0,0,0,0,0,0,0,0,0,0,0,0,0,0,1,2,40,1,2,2,1,0,0,1,80,1,1,1,13,0,0
24,240382,1,2,1,12,10,15,43,12,1,1,0,24,1,63,33,63033,4,2000,KNAFB1214Y58,K,N,A,F,B,1,2,1,4,Y,5,8,0,P,KIA,SPL,4D,0,17,2478,,0,1008,,G,,F,4,109,,,14R185,,,,,,0,0,000000000,00000000000,0,0,0,1,0,0,0,0,0,0,0,998,0,0,0,12,6,2,12,0,0,0,1,24,20850,6,1,0,0,3,0,62,150,0,0,0,0,0,0,0,0,0,0,0,0,0,0,1,2,30,1,1,2,1,0,0,1,50,1,1,1,20,1,0
24,240382,2,2,1,12,10,15,43,12,1,1,0,24,1,54,36,54036,4,2005,JH4KB16535C0,J,H,4,K,B,1,6,5,3,5,C,0,0,P,ACUR,ARL,4D,5,17,3984,,0,1146,,G,,F,6,212,,,16R225,,,,,,0,0,000000000,00000000000,0,0,0,1,0,0,0,0,0,0,0,0,0,0,0,6,2,1,12,0,0,0,1,24,20886,6,1,0,0,3,0,71,195,0,0,0,0,0,0,0,0,0,0,0,0,0,0,1,2,30,1,1,2,1,0,0,5,53,1,1,1,21,0,0
24,240383,1,1,1,5,11,17,32,8,0,1,0,24,1,49,46,49046,4,2006,JTDKB20UX631,J,T,D,K,B,2,0,U,X,6,3,1,0,P,TOYT,PRI,4H,6,17,3470,,0,1063,,B,,F,4,091,,,14R175,,,,,,0,0,000000000,00000000000,0,0,0,1,0,0,0,0,0,0,0,998,0,0,0,12,2,3,8,0,0,0,1,24,20878,6,1,0,0,3,0,69,181,0,0,0,1,0,6,2011,6,2011,0,99,99,99,99,3,2,45,1,2,2,1,0,0,1,80,1,1,1,13,0,0
24,240384,1,1,1,11,11,9,29,8,0,1,1,24,1,7,482,7482,40,2012,3C6UD5DLXCG1,3,C,6,U,D,5,D,L,X,C,G,1,0,T,DODG,SL2,CW,12,17,,2,0,1490,RPC,D,,,6,408,,,,C,6309,00,K,44,0,0,000000000,00000000000,0,0,0,1,0,0,0,0,0,0,0,998,0,0,0,12,4,1,8,0,0,0,1,24,20653,6,1,0,0,3,3,71,200,0,0,0,1,1,6,2012,7,2012,0,28,0,0,0,1,2,25,1,2,2,1,0,0,1,80,1,1,2,13,0,0
24,240385,1,1,1,16,11,2,4,33,0,1,0,24,1,2,403,2403,14,2006,1J4FA44S06P7,1,J,4,F,A,4,4,S,0,6,P,7,0,T,JEEP,LWB,2W,6,17,,1,0,1034,W/T,G,,,6,244,,,,,3579,00,E,44,0,0,000000000,00000000000,0,0,0,1,0,0,0,0,0,0,0,998,0,0,0,14,6,2,30,0,0,0,1,24,21093,6,1,0,0,3,0,70,130,0,0,0,0,0,0,0,0,0,0,0,0,0,0,3,2,35,2,2,2,1,3,3,14,12,1,1,4,6,1,1
24,240386,1,1,4,17,11,23,22,24,0,1,0,24,1,41,51,41051,4,2008,JM1BK34MX818,J,M,1,B,K,3,4,M,X,8,1,8,0,P,MAZD,MS3,4H,8,17,3153,,0,1039,,G,,T,4,140,,,18R215,,,,,,0,0,000000000,00000000000,0,0,0,1,0,0,0,0,0,0,0,998,0,0,0,12,6,2,42,0,0,0,1,24,21084,6,1,0,0,3,0,67,125,0,0,0,1,0,11,2012,11,2012,1,0,0,0,0,1,2,40,3,3,2,1,0,0,14,6,1,9,4,2,3,0
24,240387,1,2,1,16,11,6,7,12,2,1,0,24,1,20,481,20481,31,1999,2GCEC19V7X11,2,G,C,E,C,1,9,V,7,X,1,1,0,T,CHEV,SC1,3C,99,17,,2,1575,1435,SIL,G,,,8,293,,,,B,4235,02,,42,0,0,000000000,00000000000,0,0,0,1,0,0,0,0,0,0,0,998,0,0,0,12,6,2,12,0,0,0,1,24,21015,6,1,0,0,3,0,74,225,0,0,0,0,0,0,0,0,0,0,28,0,0,0,1,2,40,1,2,2,1,0,0,1,10,1,1,2,50,0,1
24,240387,2,2,2,16,11,6,7,12,2,1,0,42,2,41,35,41035,4,2003,JM1BJ2250302,J,M,1,B,J,2,2,5,0,3,0,2,0,P,MAZD,PDS,4D,3,17,2634,,0,1028,,G,,F,4,122,,,000000,,,,,,0,0,000000000,00000000000,0,0,0,1,0,0,0,0,0,0,0,34,0,0,0,12,6,2,12,0,0,0,1,24,21237,6,1,0,0,3,0,71,145,0,0,0,0,0,0,0,0,0,0,0,0,0,0,1,2,40,1,2,2,1,0,0,1,62,1,1,1,51,1,0
24,240388,1,1,1,20,11,14,7,8,0,1,0,24,3,86,881,86881,66,2000,1M2B212C0YM0,1,M,2,B,2,1,2,C,0,Y,M,0,1,T,MACK,DM6,CC,0,17,,8,0,0,600,D,,,6,728,,,,,00000,00,,64,1,57,33445,5733445,3,6,1,1,0,0,0,0,0,0,0,998,0,0,0,12,4,1,8,0,0,0,1,24,21201,6,1,6,0,3,0,74,303,0,0,0,0,0,0,0,0,0,0,0,0,0,0,2,2,55,1,1,2,1,0,0,1,80,1,1,1,13,0,0
24,240389,1,1,1,20,11,19,13,8,0,1,1,99,9,99,999,99999,99,9999,999999999999,9,9,9,9,9,9,9,9,9,9,9,9,0,,,,,,,,,,,,,,,,,,,,,,,,,0,0,000000000,00000000000,0,0,0,1,0,0,0,0,99,99,9,998,0,0,0,99,9,1,8,0,0,0,1,99,99999,9,9,99,9,9,9,999,999,99,99,99,99,99,99,9999,99,9999,9,99,99,99,99,1,2,35,1,1,2,1,0,0,1,80,99,1,1,13,0,0
24,240390,1,1,1,26,11,17,14,8,0,1,0,24,1,12,401,12401,14,2002,1FMZU65W72UB,1,F,M,Z,U,6,5,W,7,2,U,B,0,P,FORD,EPR,UT,2,17,4171,,0,1137,,G,,F,8,281,,,16R245,,,,,,0,0,000000000,00000000000,0,0,0,1,0,0,0,0,0,0,0,998,0,0,0,12,4,1,8,0,0,0,1,24,21037,6,1,0,0,3,0,68,165,0,0,0,0,0,0,0,0,0,0,0,0,0,0,2,2,40,1,1,2,1,0,0,1,80,1,1,1,13,0,0
24,240391,1,1,1,24,10,18,36,8,0,1,0,24,1,49,32,49032,4,2006,1NXBR32EX6Z6,1,N,X,B,R,3,2,E,X,6,Z,6,0,P,TOYT,UCS,4D,6,17,2530,,0,1024,,G,,F,4,109,,,15R185,,,,,,0,0,000000000,00000000000,0,0,0,1,0,0,0,0,0,0,0,35,0,0,0,2,2,3,8,0,0,0,1,24,21136,6,1,0,0,3,1,66,152,0,0,0,0,0,0,0,0,0,0,0,0,0,0,2,2,40,1,1,2,1,0,0,1,19,1,1,1,13,0,0
24,240392,1,1,1,10,11,13,29,11,0,1,0,24,1,37,32,37032,4,2003,JHMCM56683C0,J,H,M,C,M,5,6,6,8,3,C,0,0,P,HOND,UEX,4D,3,17,3109,,0,1079,,G,,F,4,146,,,16R205,,,,,,0,0,000000000,00000000000,0,0,0,1,0,0,0,0,0,0,0,998,0,0,0,8,6,2,59,0,0,0,1,24,21093,6,1,0,0,3,0,66,180,0,0,0,0,1,5,2011,5,2011,1,28,83,0,0,1,4,40,2,2,2,1,0,0,14,87,1,1,1,13,1,0
24,240393,1,1,1,25,11,16,22,8,0,1,0,24,1,2,407,2407,14,2011,1J4NT1GA3BD1,1,J,4,N,T,1,G,A,3,B,D,1,0,T,JEEP,SPO,4W,11,17,,1,0,1037,PRT,G,,,4,122,,,,,3115,00,W,42,0,0,000000000,00000000000,0,0,0,1,0,0,0,0,0,0,0,998,0,0,0,12,6,2,8,0,0,0,1,24,21093,6,1,0,0,3,0,70,140,0,0,0,1,0,9,2011,9,2011,0,0,0,0,0,2,2,35,3,1,2,1,0,0,14,80,1,1,1,13,0,0
24,240394,1,2,1,7,11,5,58,12,1,1,0,24,1,35,472,35472,30,2006,1N6AD07W76C4,1,N,6,A,D,0,7,W,7,6,C,4,0,T,NISS,CEO,CW,6,17,,1,0,1259,FRT,G,,,6,244,,,,C,4245,02,K,44,0,0,000000000,00000000000,0,0,0,1,0,0,0,0,0,0,0,998,0,0,0,12,6,2,12,0,0,0,1,24,20711,6,1,0,0,3,0,72,150,0,0,0,0,1,2,2010,2,2010,1,27,0,0,0,3,4,55,1,1,2,1,0,0,15,51,1,1,2,24,0,0
24,240394,2,2,1,7,11,5,58,12,1,1,0,24,1,20,16,20016,2,2000,1G1JF12T6Y72,1,G,1,J,F,1,2,T,6,Y,7,2,0,P,CHEV,CZ2,CP,0,17,2617,,0,1041,,G,,F,4,146,,,16R205,,,,,,0,0,000000000,00000000000,0,0,0,1,0,0,0,0,0,0,0,998,0,0,0,6,6,2,24,0,0,0,1,24,21401,6,1,0,0,3,0,70,206,0,0,0,0,0,0,0,0,0,0,0,0,0,0,3,4,55,1,1,2,1,0,0,1,53,1,1,1,25,1,0
24,240395,1,2,1,12,11,18,32,8,0,1,0,24,1,6,51,6051,4,1999,2C3HE66G3XH6,2,C,3,H,E,6,6,G,3,X,H,6,0,P,CHRY,30M,4D,99,17,3474,,0,1130,,G,,F,6,215,,,17R225,,,,,,0,0,000000000,00000000000,0,0,0,1,0,0,0,0,0,0,0,998,0,0,0,12,4,1,8,0,0,0,1,24,20852,6,1,0,0,3,0,71,190,0,0,0,0,0,0,0,0,0,0,0,0,0,0,2,3,35,1,1,2,2,0,0,1,80,1,1,1,13,0,0
24,240395,2,2,1,12,11,18,32,8,0,1,0,11,1,35,47,35047,4,2009,1N4AL21E69C1,1,N,4,A,L,2,1,E,6,9,C,1,0,P,NISS,ATS,4D,9,17,3179,,0,1093,,G,,F,4,153,,,16R215,,,,,,0,0,000000000,00000000000,0,0,0,1,0,0,0,0,0,0,0,998,0,0,0,12,2,1,8,0,0,0,1,11,20018,6,1,0,0,3,0,64,185,0,0,0,0,0,0,0,0,0,0,0,0,0,0,2,3,35,1,1,2,2,0,0,1,80,7,1,1,98,0,0
24,240396,1,2,2,13,11,21,42,12,6,1,0,24,2,14,6,14006,4,2004,999999999999,9,9,9,9,9,9,9,9,9,9,9,9,0,,,,,,,,,,,,,,,,,,,,,,,,,0,0,000000000,00000000000,0,0,0,1,0,0,0,0,0,0,0,998,0,0,0,9,6,2,12,0,0,0,1,24,21048,6,1,0,0,3,3,73,180,0,0,0,0,0,0,0,0,0,1,28,0,0,0,1,2,40,3,1,2,1,0,0,14,10,1,1,2,64,1,0
24,240396,2,2,1,13,11,21,42,12,6,1,0,24,2,7,20,7020,4,1999,1B3ES47Y5XD1,1,B,3,E,S,4,7,Y,5,X,D,1,0,P,DODG,NHR,4D,99,17,2416,,0,1040,,G,,F,4,122,,,14R185,,,,,,0,0,000000000,00000000000,0,0,0,1,0,0,0,0,0,0,0,998,0,0,0,12,6,2,12,0,0,0,1,24,21157,6,1,0,0,3,0,68,135,0,0,0,0,0,0,0,0,0,0,0,0,0,0,1,2,40,3,1,2,1,0,0,14,62,1,1,1,65,0,1
24,240397,1,3,1,29,11,17,40,8,0,1,0,24,1,20,403,20403,14,2004,1GNET16S6461,1,G,N,E,T,1,6,S,6,4,6,1,0,P,CHEV,TRL,UT,4,17,4954,,0,1290,,G,,F,6,256,,,17R245,,,,,,0,0,000000000,00000000000,0,0,0,1,0,0,0,0,0,0,0,998,0,0,0,12,6,2,8,0,0,0,1,24,21222,6,1,0,0,3,0,75,190,0,0,0,0,0,0,0,0,0,0,0,0,0,0,3,2,55,1,2,2,1,0,0,1,80,1,1,1,13,0,0
24,240397,2,3,1,29,11,17,40,8,0,1,0,24,1,12,17,12017,4,2010,1FAHP2EW3AG1,1,F,A,H,P,2,E,W,3,A,G,1,0,P,FORD,TEL,4D,10,17,3985,,0,1129,,G,,F,6,214,,,18R235,,,,,,0,0,000000000,00000000000,0,0,0,1,0,0,0,0,0,0,0,998,0,0,0,12,6,2,12,0,0,0,1,24,21162,6,1,0,0,3,0,61,125,0,0,0,0,0,0,0,0,0,0,0,0,0,0,3,2,55,1,2,2,1,0,0,1,50,1,1,1,98,0,0
24,240397,3,3,2,29,11,17,40,8,0,1,0,24,2,7,422,7422,15,2005,999999999999,9,9,9,9,9,9,9,9,9,9,9,9,0,,,,,,,,,,,,,,,,,,,,,,,,,0,0,000000000,00000000000,0,0,0,1,0,0,0,0,0,0,0,998,0,0,0,12,6,2,12,0,0,0,1,24,21221,6,1,0,0,3,0,71,170,0,0,0,0,0,0,0,0,0,0,0,0,0,0,3,2,55,1,2,2,1,0,0,1,50,1,1,1,98,0,0
24,240398,1,1,1,10,11,15,48,8,0,1,0,54,1,53,706,53706,80,2007,JS1GT77A4721,J,S,1,G,T,7,7,A,4,7,2,1,0,M,SUZI,XR1,RC,7,17,,,,,,,999,,4,,4,379,,,,,,,0,0,000000000,00000000000,0,0,0,1,0,0,0,0,0,0,0,998,0,0,0,12,6,2,8,0,0,0,1,51,22079,6,1,0,0,3,0,72,176,0,0,0,1,0,4,2012,4,2012,1,0,0,0,0,2,2,50,1,1,2,1,0,0,1,80,1,1,1,13,1,1
24,240399,1,2,1,23,11,23,25,12,6,1,0,24,2,72,706,72706,80,2005,1HD1BXB195Y1,1,H,D,1,B,X,B,1,9,5,Y,1,0,M,HD,ISF,RS,5,17,,,,,,,1450,,2,,4,666,,,,,,,0,0,000000000,00000000000,0,0,0,1,0,0,0,0,0,0,0,101,0,0,0,12,6,2,12,0,0,0,1,24,20715,6,1,0,0,3,0,73,180,0,1,0,1,0,4,2011,1,2012,1,38,39,0,0,2,3,35,1,1,2,1,3,3,1,66,1,1,1,86,1,0
24,240399,2,2,2,23,11,23,25,12,6,1,0,24,2,55,35,55035,4,2003,KMHDN45DX3U6,K,M,H,D,N,4,5,D,X,3,U,6,0,P,HYUN,EST,4D,3,17,2635,,0,1027,,G,,F,4,121,,,15R205,,,,,,0,0,000000000,00000000000,0,0,0,1,0,0,0,0,0,0,0,998,0,0,0,1,6,2,12,0,0,0,1,24,21613,6,1,0,0,3,3,70,171,0,0,0,0,0,0,0,0,0,0,0,0,0,0,2,3,35,1,1,2,1,3,3,1,17,1,1,1,87,0,0
24,240400,1,1,2,2,11,19,56,14,0,1,0,42,1,20,39,20039,4,2006,KL1TD66636B5,K,L,1,T,D,6,6,6,3,6,B,5,0,P,CHEV,ABS,5D,6,17,2343,,0,976,,G,,F,4,098,,,14R185,,,,,,0,0,000000000,00000000000,0,0,0,1,0,0,0,0,0,0,0,998,0,0,0,12,6,2,14,0,0,0,1,42,15522,6,1,0,0,3,0,66,999,0,0,0,0,0,0,0,0,0,0,28,0,0,0,3,4,55,1,1,2,1,0,0,1,13,1,1,4,11,1,0
24,240401,1,2,2,18,11,13,36,12,2,1,0,24,1,41,51,41051,4,2009,JM1BK34L4911,J,M,1,B,K,3,4,L,4,9,1,1,0,P,MAZD,MS3,4H,9,17,3153,,0,1039,,G,,T,4,140,,,17R205,,,,,,0,0,000000000,00000000000,0,0,0,1,0,0,0,0,0,0,0,998,0,0,0,12,6,2,12,0,0,0,1,24,21060,6,1,0,0,3,0,72,205,0,1,0,1,0,9,2012,10,2012,1,28,39,0,0,1,2,50,1,1,2,1,0,0,15,10,1,1,2,52,2,1
24,240401,2,2,2,18,11,13,36,12,2,1,0,54,2,22,18,22018,4,2003,1G2NE52F43C3,1,G,2,N,E,5,2,F,4,3,C,3,0,P,PONT,GAS,4D,3,17,3066,,0,1070,,G,,F,4,134,,,15R215,,,,,,0,0,000000000,00000000000,0,0,0,1,0,0,0,0,0,0,0,998,0,1,1,12,6,2,12,0,0,0,1,24,21122,6,1,0,0,3,0,68,230,0,1,0,0,0,4,2011,4,2011,0,0,0,0,0,1,2,50,1,1,2,1,0,0,1,54,1,1,1,52,2,0
24,240402,1,2,2,12,11,13,38,12,8,1,0,12,3,82,881,82881,66,2000,1FUYSZYB9YPF,1,F,U,Y,S,Z,Y,B,9,Y,P,F,1,T,FRHT,FC2,TR,0,17,,8,0,0,CON,D,,,6,774,,,,,00000,00,,64,1,57,1984350,571984350,3,6,1,1,0,0,0,0,0,0,0,998,0,9,1,7,6,2,12,0,0,0,1,12,33130,6,1,6,0,3,0,72,999,0,2,0,0,0,6,2010,10,2012,1,6,0,0,0,1,2,30,2,2,2,1,0,0,14,6,4,9,2,66,0,0
24,240402,2,2,3,12,11,13,38,12,8,1,0,24,3,12,881,12881,61,2003,1FDXW46P13ED,1,F,D,X,W,4,6,P,1,3,E,D,0,T,FORD,F4D,CH,3,17,,4,0,1890,DRW,D,,,8,366,,,,,00000,00,E,42,0,57,2332440,572332440,2,1,96,1,0,0,0,0,0,0,0,998,0,0,0,11,6,2,12,0,0,0,1,24,20877,6,1,6,0,3,0,69,155,0,0,0,0,0,0,0,0,0,0,0,0,0,0,1,2,30,2,2,2,1,0,0,14,62,1,1,1,66,2,0
24,240403,1,1,1,9,10,10,26,9,0,1,1,99,9,99,999,99999,99,9999,999999999999,9,9,9,9,9,9,9,9,9,9,9,9,0,,,,,,,,,,,,,,,,,,,,,,,,,0,0,000000000,00000000000,0,0,0,1,0,0,0,0,0,0,0,998,0,0,0,98,4,1,9,0,0,0,1,99,99999,9,9,99,9,9,9,999,999,99,99,99,99,99,99,9999,99,9999,9,99,99,99,99,3,2,50,1,1,2,1,0,0,15,83,1,1,1,13,0,0
24,240404,1,1,3,13,12,4,30,42,0,1,0,24,1,7,20,7020,4,2003,1B3ES56C43D1,1,B,3,E,S,5,6,C,4,3,D,1,0,P,DODG,NXT,4D,3,17,2639,,0,1040,,G,,F,4,122,,,15R185,,,,,,0,0,000000000,00000000000,0,0,0,1,0,0,0,0,0,0,0,998,0,0,0,12,6,2,42,0,0,1,1,24,21771,6,1,0,0,3,0,71,175,0,0,0,0,0,0,0,0,0,1,0,0,0,0,1,2,35,3,2,2,1,0,0,14,6,1,9,4,2,1,1