STATE,ST_CASE,VEH_NO,VE_FORMS,NUMOCCS,DAY,MONTH,HOUR,MINUTE,HARM_EV,MAN_COLL,UNITTYPE,HIT_RUN,REG_STAT,OWNER,MAKE,MODEL,MAK_MOD,BODY_TYP,MOD_YEAR,VIN,VIN_1,VIN_2,VIN_3,VIN_4,VIN_5,VIN_6,VIN_7,VIN_8,VIN_9,VIN_10,VIN_11,VIN_12,TOW_VEH,VINTYPE,VINMAKE,VINA_MOD,VIN_BT,VINMODYR,VIN_LNGT,VIN_WGT,WGTCD_TR,WHLBS_LG,WHLBS_SH,SER_TR,FUELCODE,MCYCL_DS,CARBUR,CYLINDER,DISPLACE,MCYCL_CY,MCYCL_WT,TIRE_SZE,TON_RAT,TRK_WT,TRKWTVAR,VIN_REST,WHLDRWHL,J_KNIFE,MCARR_I1,MCARR_I2,MCARR_ID,GVWR,V_CONFIG,CARGO_BT,HAZ_INV,HAZ_PLAC,HAZ_ID,HAZ_CNO,HAZ_REL,BUS_USE,SPEC_USE,EMER_USE,TRAV_SP,UNDERIDE,ROLLOVER,ROLINLOC,IMPACT1,DEFORMED,TOWED,M_HARM,VEH_SC1,VEH_SC2,FIRE_EXP,DR_PRES,L_STATE,DR_ZIP,L_STATUS,L_TYPE,CDL_STAT,L_ENDORS,L_COMPL,L_RESTRI,DR_HGT,DR_WGT,PREV_ACC,PREV_SUS,PREV_DWI,PREV_SPD,PREV_OTH,FIRST_MO,FIRST_YR,LAST_MO,LAST_YR,SPEEDREL,DR_SF1,DR_SF2,DR_SF3,DR_SF4,VTRAFWAY,VNUM_LAN,VSPD_LIM,VALIGN,VPROFILE,VPAVETYP,VSURCOND,VTRAFCON,VTCONT_F,P_CRASH1,P_CRASH2,P_CRASH3,PCRASH4,PCRASH5,ACC_TYPE,DEATHS,DR_DRINK
24,240405,1,3,1,18,10,15,3,12,7,1,0,24,3,12,16,12016,4,2008,2FAFP71V08X1,2,F,A,F,P,7,1,V,0,8,X,1,0,P,FORD,CVP,4D,8,17,0,,0,1146,,F,,F,8,281,,,17R235,,,,,,0,0,000000000,00000000000,0,0,0,1,0,0,0,0,0,0,0,998,0,0,0,11,6,2,30,0,0,0,1,24,20744,6,1,0,0,3,0,72,221,0,0,0,0,0,0,0,0,0,0,0,0,0,0,2,3,55,1,2,2,1,3,3,1,60,1,1,1,45,1,0
24,240405,2,3,1,18,10,15,3,12,7,1,0,24,2,38,405,38405,14,2002,4S2DF58X9246,4,S,2,D,F,5,8,X,9,2,4,6,0,P,ISU,AXM,UT,2,17,4059,,0,1064,,G,,F,6,213,,,17R235,,,,,,0,0,000000000,00000000000,0,0,0,1,0,0,0,0,0,0,0,998,0,0,0,1,6,2,12,0,0,0,1,24,20602,6,1,0,0,3,0,66,155,0,0,0,0,0,0,0,0,0,0,28,0,0,0,2,3,55,1,2,2,1,3,3,15,11,1,1,2,47,0,0
24,240405,3,3,1,18,10,15,3,12,7,1,0,24,1,20,482,20482,31,2005,3GNEK12Z75G2,3,G,N,E,K,1,2,Z,7,5,G,2,0,T,CHEV,KAV,CW,5,17,,2,0,1300,AVL,F,,,8,323,,,,B,5678,00,,44,0,0,000000000,00000000000,0,0,0,1,0,0,0,0,0,0,0,0,0,0,0,13,4,1,18,0,0,0,1,24,20613,6,1,0,0,3,0,77,245,0,0,0,0,0,0,0,0,0,0,0,0,0,0,2,3,55,1,2,2,1,3,3,5,98,1,1,1,98,0,0
24,240406,1,1,1,15,11,19,44,8,0,1,0,24,1,23,481,23481,31,2003,1GTEK19T73E2,1,G,T,E,K,1,9,T,7,3,E,2,0,T,GMC,NK1,4C,3,17,,2,1575,1435,SIE,G,,,8,325,,,,B,4910,02,4,44,0,0,000000000,00000000000,0,0,0,1,0,0,0,0,0,0,0,998,0,0,0,12,4,3,8,0,0,0,1,24,21054,6,1,0,0,3,0,71,200,0,1,0,0,1,3,2010,9,2010,0,0,0,0,0,3,2,35,1,3,2,1,0,0,1,80,6,1,1,13,0,0
24,240407,1,1,2,30,11,15,25,8,0,1,0,24,1,35,43,35043,4,2002,3N1AB51D32L7,3,N,1,A,B,5,1,D,3,2,L,7,0,P,NISS,SSR,4D,2,17,2652,,0,998,,G,,F,4,153,,,16R195,,,,,,0,0,000000000,00000000000,0,0,0,1,0,0,0,0,0,0,0,998,0,0,0,12,6,2,8,0,0,0,1,24,21787,6,1,0,0,3,3,68,170,0,0,0,1,1,5,2012,10,2012,0,28,0,0,0,1,2,30,1,1,2,1,0,0,1,13,1,1,4,13,0,0
24,240408,1,1,1,1,12,2,35,8,0,1,1,99,9,99,999,99999,99,9999,999999999999,9,9,9,9,9,9,9,9,9,9,9,9,0,,,,,,,,,,,,,,,,,,,,,,,,,0,0,000000000,00000000000,0,0,0,1,0,0,0,0,0,0,0,998,0,0,0,98,9,1,8,0,0,0,1,99,99999,9,9,99,9,9,9,999,999,99,99,99,99,99,99,9999,99,9999,0,99,99,99,99,2,3,55,1,1,2,1,0,0,1,80,99,9,1,13,0,0
24,240409,1,3,1,4,12,19,15,12,2,1,0,24,1,49,482,49482,31,2001,5TBBT44141S1,5,T,B,B,T,4,4,1,4,1,S,1,0,T,TOYT,TRS,4C,1,17,,2,0,1283,TUN,G,,,8,285,,,,B,4518,00,U,44,0,0,000000000,00000000000,0,0,0,1,0,0,0,0,0,0,0,998,0,0,0,12,6,2,12,0,0,0,1,24,21157,6,1,0,0,3,0,72,240,0,0,0,1,0,5,2010,5,2010,0,28,0,0,0,1,2,50,1,1,2,1,0,0,1,10,1,1,2,50,0,1
24,240409,2,3,1,4,12,19,15,12,2,1,0,24,1,49,32,49032,4,2007,2T1BR30E67C8,2,T,1,B,R,3,0,E,6,7,C,8,0,P,TOYT,UCS,4D,7,17,2530,,0,1024,,G,,F,4,109,,,15R185,,,,,,0,0,000000000,00000000000,0,0,0,1,0,0,0,0,0,0,0,998,0,0,0,12,6,2,12,0,0,0,1,24,21117,6,1,0,0,3,0,61,103,0,0,0,0,0,0,0,0,0,0,0,0,0,0,1,2,50,1,1,2,1,0,0,1,62,1,1,1,51,1,0
24,240409,3,3,1,4,12,19,15,12,2,1,0,24,1,42,421,42421,15,2008,4JGBF22E18A4,4,J,G,B,F,2,2,E,1,8,A,4,0,P,MERZ,GL3,UT,8,17,5313,,0,1211,,D,,T,6,183,,,18R265,,,,,,0,0,000000000,00000000000,0,0,0,1,0,0,0,0,0,0,0,998,0,0,0,12,6,2,12,0,0,0,1,24,21136,6,1,0,0,3,0,69,245,0,0,0,0,0,0,0,0,0,0,0,0,0,0,1,2,50,1,1,2,1,0,0,1,62,1,1,1,98,0,0
24,240410,1,1,1,4,12,5,39,8,0,1,0,24,3,35,43,35043,4,2006,3N1CB51D36L6,3,N,1,C,B,5,1,D,3,6,L,6,0,P,NISS,S18,4D,6,17,2509,,0,998,,G,,F,4,108,,,15R195,,,,,,0,0,000000000,00000000000,0,0,0,1,0,0,0,0,0,0,0,998,0,0,0,12,6,2,8,0,0,0,1,24,21239,6,1,0,0,3,0,67,150,0,0,0,0,0,0,0,0,0,0,0,0,0,0,2,3,40,1,1,2,2,2,3,1,80,1,1,1,13,0,0
24,240411,1,1,1,4,12,13,2,1,0,1,0,24,1,13,13,13013,4,2008,3LNHM26T68R6,3,L,N,H,M,2,6,T,6,8,R,6,0,P,LINC,MKZ,4D,8,17,3469,,0,1074,,G,,F,6,214,,,17R225,,,,,,0,0,000000000,00000000000,0,0,0,1,0,0,0,0,0,0,0,998,0,2,9,0,6,2,1,0,0,0,1,24,21918,6,1,0,0,3,0,62,155,0,0,0,0,0,0,0,0,0,0,0,0,0,0,1,2,50,1,1,2,1,0,0,1,13,1,1,4,1,1,0
24,240412,1,2,1,7,12,14,49,12,6,1,0,24,3,20,881,20881,63,2005,1GBT8C4C05F9,1,G,B,T,8,C,4,C,0,5,F,9,0,T,CHEV,8C4,CC,5,17,,8,3080,1520,C85,D,,,6,439,,,,,00000,00,,64,0,57,097235,57097235,3,2,3,1,0,0,0,0,0,0,0,998,0,0,0,12,6,2,12,0,0,0,1,24,21875,6,1,6,0,3,0,73,260,0,0,0,0,0,0,0,0,0,0,38,0,0,0,3,2,50,1,1,2,1,4,3,1,66,1,1,1,88,0,0
24,240412,2,2,1,7,12,14,49,12,6,1,0,24,1,12,473,12473,30,2002,1FMZU67E12UC,1,F,M,Z,U,6,7,E,1,2,U,C,0,P,FORD,EPR,UT,2,17,4120,,0,1259,,G,,F,6,245,,,16R235,,,,,,0,0,000000000,00000000000,0,0,0,1,0,0,0,0,0,0,0,998,0,0,0,11,6,2,12,0,0,0,1,24,21863,6,1,0,0,3,0,64,220,0,0,0,0,0,0,0,0,0,0,0,0,0,0,3,2,55,1,1,2,1,4,3,1,17,1,1,1,89,1,0
24,240413,1,1,2,7,12,21,39,8,0,1,0,24,0,2,403,2403,14,2007,1J4GA39167L1,1,J,4,G,A,3,9,1,6,7,L,1,0,T,JEEP,WXR,4W,7,17,,1,0,1160,WRA,G,,,6,230,,,,,4075,00,4,44,0,0,000000000,00000000000,0,0,0,1,0,0,0,0,0,0,0,998,0,0,0,12,2,1,8,0,0,0,1,24,21037,6,1,0,0,3,0,66,120,0,0,0,0,2,5,2010,4,2012,0,87,0,0,0,2,3,40,1,1,2,2,1,3,1,80,1,1,1,13,0,0
24,240414,1,2,1,7,12,13,4,12,6,1,0,42,1,20,32,20032,4,1994,1Y1SK536XRZ1,1,Y,1,S,K,5,3,6,X,R,Z,1,0,P,GEO,GEP,4D,94,17,2348,,0,971,,G,,F,4,097,,,14R175,,,,,,0,0,000000000,00000000000,0,0,0,1,0,0,0,0,0,0,0,998,0,0,0,3,6,2,12,0,0,0,1,42,15535,6,1,0,0,3,0,65,999,0,0,0,0,0,0,0,0,0,0,28,0,0,0,1,2,50,3,1,2,2,0,0,14,9,99,4,2,64,1,0
24,240414,2,2,1,7,12,13,4,12,6,1,0,42,1,2,404,2404,14,2012,1C4RJFBG6CC2,1,C,4,R,J,F,B,G,6,C,C,2,0,T,JEEP,LMT,4W,12,17,,2,0,1148,GCK,F,,,6,220,,,,,4850,00,W,44,0,0,000000000,00000000000,0,0,0,1,0,0,0,0,0,0,0,998,0,0,0,12,6,2,12,0,0,0,1,42,15421,6,1,0,0,3,0,72,999,0,0,0,0,0,0,0,0,0,0,0,0,0,0,1,2,50,3,1,2,2,0,0,14,62,1,1,1,65,0,0
24,240415,1,2,1,6,11,15,24,24,0,1,0,51,1,20,404,20404,14,2012,2GNALPEK3C61,2,G,N,A,L,P,E,K,3,C,6,1,0,P,CHEV,EQU,UT,12,17,3779,,0,1125,,F,,F,4,146,,,17R225,,,,,,0,0,000000000,00000000000,0,0,0,1,0,0,0,0,0,0,0,998,0,0,0,12,6,2,24,0,0,0,1,51,22153,6,1,0,0,3,3,66,125,0,0,0,0,0,0,0,0,0,0,28,0,0,0,3,4,55,1,2,2,1,0,0,1,13,1,1,4,1,1,0
24,240415,2,2,1,6,11,15,24,24,0,1,0,24,1,12,881,12881,62,2008,3FRNX65C98V0,3,F,R,N,X,6,5,C,9,8,V,0,0,T,FORD,F66,CC,8,17,,6,2810,1670,COF,D,,,6,409,,,,D,00000,00,A,42,0,57,1388345,571388345,2,2,96,1,0,0,0,0,0,0,0,998,0,0,0,6,2,1,12,0,0,0,1,24,20706,6,1,6,0,3,0,73,197,0,1,0,0,0,4,2012,4,2012,0,0,0,0,0,3,4,55,1,2,2,1,0,0,1,64,1,1,1,98,0,0
24,240416,1,2,1,11,11,18,1,12,2,1,0,24,2,7,20,7020,4,2004,1B3ES26C44D6,1,B,3,E,S,2,6,C,4,4,D,6,0,P,DODG,BSE,4D,4,17,2584,,0,1040,,G,,F,4,122,,,14R175,,,,,,0,0,000000000,00000000000,0,0,0,1,0,0,0,0,0,0,0,998,0,0,0,12,6,2,30,0,0,1,1,24,21742,6,1,0,0,3,0,66,157,0,0,0,0,0,0,0,0,0,1,28,0,0,0,1,2,25,1,2,2,1,0,0,1,10,1,1,2,50,1,0
24,240416,2,2,4,11,11,18,1,12,2,1,0,24,2,55,33,55033,4,2011,5NPEB4AC3BH0,5,N,P,E,B,4,A,C,3,B,H,0,0,P,HYUN,SGL,4D,11,17,3161,,0,1100,,G,,F,4,144,,,16R205,,,,,,0,0,000000000,00000000000,0,0,0,1,0,0,0,0,0,0,0,998,0,0,0,12,6,2,12,0,0,0,1,24,21740,6,1,0,0,3,0,70,180,0,0,0,0,0,0,0,0,0,0,0,0,0,0,1,2,25,1,2,2,1,0,0,1,62,1,1,1,51,0,0
24,240417,1,2,1,25,11,20,18,12,6,1,0,24,2,59,32,59032,4,2001,JTHBN30F8100,J,T,H,B,N,3,0,F,8,1,0,0,0,P,LEXS,L43,4D,1,17,3957,,0,1152,,G,,F,8,262,,,16R225,,,,,,0,0,000000000,00000000000,0,0,0,1,0,0,0,0,0,0,0,998,0,0,0,9,6,2,12,0,0,0,1,24,21401,6,1,0,0,3,0,60,100,0,0,0,1,0,12,2010,12,2010,0,38,0,0,0,1,4,40,1,1,2,1,0,0,11,15,1,1,1,82,1,0
24,240417,2,2,1,25,11,20,18,12,6,1,1,24,9,20,481,20481,31,2003,1GCHK23113F2,1,G,C,H,K,2,3,1,1,3,F,2,0,T,CHEV,2KH,CW,3,17,,2,1670,1530,SIL,D,,,8,403,,,,C,5899,01,,44,0,0,000000000,00000000000,0,0,0,1,0,0,0,0,0,0,0,998,0,0,0,12,6,2,12,0,0,0,1,99,99999,9,9,99,9,9,9,999,999,99,99,99,99,99,99,9999,99,9999,9,99,99,99,99,1,4,40,1,1,2,1,0,0,1,72,99,9,1,83,0,0
24,240418,1,2,3,24,11,2,10,12,6,1,0,24,3,59,32,59032,4,2005,JTHBN36F1550,J,T,H,B,N,3,6,F,1,5,5,0,0,P,LEXS,L43,4D,5,17,3990,,0,1152,,G,,F,8,262,,,17R225,,,,,,0,0,000000000,00000000000,0,0,0,1,0,0,0,0,0,0,0,998,0,0,0,9,6,2,12,0,0,1,1,24,21009,6,1,0,0,3,0,71,250,0,1,0,0,0,4,2010,4,2010,0,48,0,0,0,3,2,65,1,1,2,1,0,0,12,19,1,1,2,98,2,1
24,240418,2,2,1,24,11,2,10,12,6,1,0,42,3,98,884,98884,61,2006,JNAUX51JX6A5,J,N,A,U,X,5,1,J,X,6,A,5,0,T,UD,U12,TB,6,17,,3,0,0,UDS,D,,,4,289,,,,,00000,00,,42,0,57,834932,57834932,2,1,1,1,0,0,0,0,0,0,0,998,0,0,0,12,6,2,12,0,0,0,1,10,19713,6,1,6,0,3,0,70,175,0,0,0,1,4,12,2011,7,2012,0,0,0,0,0,3,2,65,1,1,2,1,0,0,1,61,1,1,1,98,0,0
24,240419,1,2,2,19,10,23,43,12,1,1,0,24,1,12,401,12401,14,1995,1FMDU34X3SUA,1,F,M,D,U,3,4,X,3,S,U,A,0,P,FORD,EPR,UT,95,17,4053,,0,1115,,G,,F,6,245,,,15R225,,,,,,0,0,000000000,00000000000,0,0,0,1,0,0,0,0,0,0,0,998,0,0,0,12,6,2,42,0,0,0,1,24,21202,0,0,0,0,0,0,72,245,0,0,0,0,0,0,0,0,0,1,50,37,0,0,4,3,25,1,1,2,2,3,3,1,50,1,1,2,66,1,0
24,240419,2,2,6,19,10,23,43,12,1,1,0,24,2,20,421,20421,15,2001,1GNEK13T51R1,1,G,N,E,K,1,3,T,5,1,R,1,0,P,CHEV,KTA,UT,1,17,5050,,0,1160,,G,,F,8,325,,,16R245,,,,,,0,0,000000000,00000000000,0,0,0,1,0,0,0,0,0,0,0,0,0,0,0,6,6,2,38,0,0,0,1,24,21206,6,1,0,0,3,3,61,190,0,0,0,0,0,0,0,0,0,0,0,0,0,0,4,3,25,1,1,2,2,3,3,5,54,7,1,2,66,0,0
24,240420,1,1,1,27,11,12,35,42,0,1,0,24,1,49,402,49402,14,2003,JTEHH20V5360,J,T,E,H,H,2,0,V,5,3,6,0,0,P,TOYT,RV4,UT,3,17,2877,,0,980,,G,,F,4,122,,,16R215,,,,,,0,0,000000000,00000000000,0,0,0,1,0,0,0,0,0,0,0,998,0,0,0,12,6,2,42,0,0,0,1,24,21061,6,1,0,0,3,0,62,140,0,4,0,1,1,5,2011,9,2012,1,0,0,0,0,1,2,30,2,2,2,2,0,0,14,6,1,9,4,7,1,0
24,240421,1,2,1,1,12,1,47,12,1,1,0,24,1,7,15,7015,3,1993,1B3XW2434PN5,1,B,3,X,W,2,4,3,4,P,N,5,0,P,DODG,DAY,2H,93,17,2678,,0,970,,G,,F,6,181,,,14R185,,,,,,0,0,000000000,00000000000,0,0,0,1,0,0,0,0,0,0,0,998,0,0,0,12,6,2,42,0,0,0,1,24,21713,6,1,0,0,3,0,68,183,0,0,0,0,0,0,0,0,0,1,26,0,0,0,2,2,45,1,1,2,1,0,0,1,51,1,1,1,24,1,1
24,240421,2,2,4,1,12,1,47,12,1,1,0,42,2,20,16,20016,2,1999,1G1JC1249X71,1,G,1,J,C,1,2,4,9,X,7,1,0,P,CHEV,C/S,CP,99,17,2617,,0,1041,,G,,F,4,133,,,14R195,,,,,,0,0,000000000,00000000000,0,0,0,1,0,0,0,0,0,0,0,998,0,0,0,6,6,2,12,0,0,0,1,24,21742,6,1,0,0,3,0,63,134,0,0,0,0,1,5,2011,5,2011,0,0,0,0,0,2,2,45,1,1,2,1,0,0,1,53,1,1,1,25,0,0
24,240422,1,1,1,22,11,1,5,42,0,1,0,24,5,37,441,37441,20,2003,5FNRL189X3B0,5,F,N,R,L,1,8,9,X,3,B,0,0,P,HOND,UDY,SV,3,17,4376,,0,1181,,G,,F,6,212,,,16R225,,,,,,0,0,000000000,00000000000,0,0,0,1,0,0,0,0,0,0,0,998,0,0,0,12,6,2,42,0,0,0,1,24,21227,0,0,0,0,0,0,72,164,0,0,0,0,0,0,0,0,0,1,37,0,0,0,1,2,40,2,1,2,1,0,0,14,6,9,4,4,7,1,1
24,240423,1,1,3,11,10,20,13,42,0,1,0,24,1,37,32,37032,4,2003,999999999999,9,9,9,9,9,9,9,9,9,9,9,9,0,,,,,,,,,,,,,,,,,,,,,,,,,0,0,000000000,00000000000,0,0,0,1,0,0,0,0,0,0,0,998,0,0,0,5,6,2,42,0,0,0,1,24,21912,6,1,0,0,3,0,68,135,0,0,0,0,1,7,2011,7,2011,1,0,0,0,0,1,2,35,1,1,2,1,0,0,1,12,1,9,4,6,1,1
24,240424,1,1,1,6,12,7,59,33,0,1,0,24,2,20,37,20037,4,2006,1G1ZT51836F2,1,G,1,Z,T,5,1,8,3,6,F,2,0,P,CHEV,MLT,4D,6,17,3316,,0,1063,,G,,F,6,214,,,16R215,,,,,,0,0,000000000,00000000000,0,0,0,1,0,0,0,0,0,0,0,68,0,1,6,14,6,2,42,0,0,0,1,24,21224,6,1,0,0,3,0,74,280,0,0,0,0,0,0,0,0,0,1,0,0,0,0,1,4,35,1,1,2,1,0,0,1,10,1,1,4,6,1,0
24,240425,1,1,1,8,12,7,51,14,0,1,0,24,2,12,422,12422,15,2005,1FMFU20535LA,1,F,M,F,U,2,0,5,3,5,L,A,0,P,FORD,EPT,UT,5,17,5607,,0,1191,,G,,F,8,330,,,17R265,,,,,,0,0,000000000,00000000000,0,0,0,1,0,0,0,0,0,0,0,998,0,0,0,12,6,2,14,0,0,0,1,24,21001,6,1,0,0,3,0,64,155,0,2,0,0,1,7,2011,10,2012,1,0,0,0,0,3,2,65,1,1,2,2,0,0,1,13,1,1,4,11,1,0
24,240426,1,1,1,4,12,14,8,43,0,1,0,24,1,12,422,12422,15,2007,1FMFU20517LA,1,F,M,F,U,2,0,5,1,7,L,A,0,P,FORD,EPT,UT,7,17,5803,,0,1190,,G,,F,8,329,,,18R255,,,,,,0,0,000000000,00000000000,0,0,0,1,0,0,0,0,0,0,0,998,0,1,6,12,6,2,1,0,0,0,1,24,20772,6,1,0,0,3,0,67,160,0,0,0,0,0,0,0,0,0,0,0,0,0,0,1,2,35,1,2,2,1,0,0,1,13,1,1,4,1,1,0
24,240427,1,1,2,9,12,1,30,35,0,1,0,24,2,23,401,23401,14,2007,1GKDT13S8722,1,G,K,D,T,1,3,S,8,7,2,2,0,T,GMC,ENV,4W,7,17,,1,0,1130,ENV,G,,,6,256,,,,B,4541,00,4,44,0,0,000000000,00000000000,0,0,0,1,0,0,0,0,0,0,0,998,0,1,6,6,6,2,1,0,0,0,1,24,21550,6,1,0,0,3,0,70,130,0,0,0,0,1,7,2011,7,2011,1,36,0,0,0,1,2,50,4,2,2,2,0,0,14,12,7,9,4,7,1,1
24,240428,1,1,1,9,12,20,39,8,0,1,0,24,1,62,421,62421,15,2013,SALSF2D42DA7,S,A,L,S,F,2,D,4,2,D,A,7,0,T,LNDR,SPH,4W,13,17,,2,0,1080,RSP,G,,,8,302,,,,,5487,00,7,44,0,0,000000000,00000000000,0,0,0,1,0,0,0,0,0,0,0,998,0,0,0,12,4,3,8,0,0,0,1,24,21401,6,1,0,0,3,0,77,240,0,0,0,0,0,0,0,0,0,0,0,0,0,0,6,2,35,4,3,2,2,0,0,2,80,99,1,1,13,0,0
24,240429,1,1,1,11,12,3,17,8,0,1,1,99,9,99,999,99999,99,9999,999999999999,9,9,9,9,9,9,9,9,9,9,9,9,0,,,,,,,,,,,,,,,,,,,,,,,,,0,0,000000000,00000000000,0,0,0,1,0,0,0,0,0,0,0,998,0,0,0,12,9,1,8,0,0,0,1,99,99999,9,9,99,9,9,9,999,999,99,99,99,99,99,99,9999,99,9999,1,99,99,99,99,3,2,65,1,1,2,2,0,0,1,80,1,1,1,13,0,0
24,240430,1,2,1,13,12,7,16,43,0,1,0,24,1,12,37,12037,4,2006,1FAHP31N26W2,1,F,A,H,P,3,1,N,2,6,W,2,0,P,FORD,FZX,3P,6,17,2654,,0,1029,,G,,F,4,122,,,15R195,,,,,,0,0,000000000,00000000000,0,0,0,1,0,0,0,0,0,0,0,998,0,0,0,14,6,2,12,0,0,0,1,24,21085,6,1,0,0,3,2,69,170,0,0,0,0,0,0,0,0,0,0,28,74,0,0,3,2,65,1,1,2,1,0,0,1,12,99,1,4,6,1,0
24,240430,2,2,1,13,12,7,16,43,0,1,0,24,1,20,431,20431,16,2002,1GNFK16Z02J1,1,G,N,F,K,1,6,Z,0,2,J,1,0,P,CHEV,K15,UT,2,17,5123,,0,1300,,F,,F,8,325,,,16R245,,,,,,0,0,000000000,00000000000,0,0,0,1,0,0,0,0,0,0,0,998,0,1,1,3,6,2,12,0,0,0,1,24,21227,6,1,0,0,3,0,77,200,0,0,0,0,0,0,0,0,0,0,0,0,0,0,3,2,65,1,1,2,1,0,0,1,62,1,1,1,98,0,0
24,240431,1,1,1,13,12,6,25,33,0,1,0,24,1,48,45,48045,6,2003,4S3BH6356373,4,S,3,B,H,6,3,5,6,3,7,3,0,P,SUBA,ULE,SW,3,17,3335,,0,1043,,G,,F,4,153,,,16R205,,,,,,0,0,000000000,00000000000,0,0,0,1,0,0,0,0,0,0,0,998,0,0,0,12,6,2,8,0,0,0,1,24,20744,6,1,0,0,3,0,66,200,0,2,0,1,0,12,2010,6,2011,1,0,0,0,0,1,4,35,3,1,2,1,0,0,14,13,1,1,4,1,0,0
24,240432,1,1,1,12,12,18,27,8,0,1,1,24,1,58,36,58036,4,2002,JNKDA31A12T0,J,N,K,D,A,3,1,A,1,2,T,0,0,P,INFI,I35,4D,2,17,3191,,0,1083,,G,,F,6,214,,,17R215,,,,,,0,0,000000000,00000000000,0,0,0,1,0,0,0,0,0,0,0,998,0,0,0,12,6,2,8,0,0,0,1,24,20720,1,1,0,0,2,2,68,155,0,1,0,0,1,8,2011,12,2012,0,74,0,0,0,2,3,30,1,1,2,1,0,0,1,80,1,1,1,13,0,0
24,240433,1,2,1,11,12,6,43,12,2,1,0,42,1,14,21,14021,4,2008,3MEHM07Z28R6,3,M,E,H,M,0,7,Z,2,8,R,6,0,P,MERC,MLN,4D,8,17,3117,,0,1074,,G,,F,4,140,,,16R205,,,,,,0,0,000000000,00000000000,0,0,0,1,0,0,0,0,0,0,0,998,0,0,0,12,6,2,12,0,0,0,1,42,17356,6,1,0,0,3,0,67,999,0,0,0,0,0,0,0,0,0,0,28,36,0,0,2,2,40,4,2,2,1,0,0,14,10,99,2,2,50,0,0
24,240433,2,2,1,11,12,6,43,12,2,1,0,24,2,38,403,38403,14,1998,4S2CM57D3W43,4,S,2,C,M,5,7,D,3,W,4,3,0,P,ISU,AMI,UT,98,17,3583,,0,969,,G,,F,4,133,,,15R235,,,,,,0,0,000000000,00000000000,0,0,0,1,0,0,0,0,0,0,0,998,0,0,0,12,6,2,12,0,0,0,1,24,21078,6,1,0,0,3,0,68,213,0,0,0,1,0,12,2012,12,2012,0,0,0,0,0,2,2,40,4,2,2,1,0,0,14,62,1,1,1,51,1,0
24,240434,1,1,1,17,12,9,24,14,0,1,0,24,2,30,46,30046,4,2001,WVWBH63B71P0,W,V,W,B,H,6,3,B,7,1,P,0,0,P,VOLK,PGX,4D,1,17,3094,,0,1064,,G,,F,6,169,,,16R205,,,,,,0,0,000000000,00000000000,0,0,0,1,0,0,0,0,0,0,0,998,0,0,0,12,6,2,8,0,0,0,1,24,21001,6,1,0,0,3,0,69,175,0,1,0,0,0,5,2011,5,2011,1,28,0,0,0,2,2,50,1,1,2,2,0,0,1,13,1,1,4,11,0,0
24,240435,1,3,1,17,12,21,51,1,0,1,0,54,1,12,442,12442,20,2001,2FMZA51461BB,2,F,M,Z,A,5,1,4,6,1,B,B,0,T,FORD,WLX,ES,1,17,,1,0,1207,WIN,G,,,6,232,,,,B,3963,00,E,42,0,0,000000000,00000000000,0,0,0,1,0,0,0,0,0,0,0,998,0,2,3,0,6,2,12,0,0,0,1,54,25405,6,1,0,0,3,0,75,260,0,0,0,0,1,4,2011,4,2011,1,0,0,0,0,3,2,65,4,1,2,2,0,0,14,6,99,9,4,7,0,1
24,240435,2,3,1,17,12,21,51,1,0,1,0,24,3,12,402,12402,14,2012,1FMCU0EG7CKB,1,F,M,C,U,0,E,G,7,C,K,B,0,P,FORD,SPE,UT,12,17,3332,,0,1031,,F,,F,6,183,,,16R235,,,,,,0,0,000000000,00000000000,0,0,0,1,0,0,0,0,0,0,0,998,0,0,0,13,6,2,12,0,0,0,1,24,21704,6,1,0,0,3,0,71,285,0,0,0,0,0,0,0,0,0,0,0,0,0,0,3,2,65,4,1,2,2,0,0,14,64,99,9,1,98,1,0
24,240435,3,3,1,17,12,21,51,1,0,1,0,24,1,59,31,59031,4,2005,2T2HA31U95C0,2,T,2,H,A,3,1,U,9,5,C,0,0,P,LEXS,R33,UT,5,17,3860,,0,1069,,G,,F,6,202,,,18R235,,,,,,0,0,000000000,00000000000,0,0,0,1,0,0,0,0,0,0,0,998,0,0,0,12,6,2,12,0,0,0,1,24,21704,6,1,0,0,3,0,71,285,0,0,0,0,0,0,0,0,0,0,0,0,0,0,3,2,65,4,1,2,2,0,0,14,64,99,9,1,98,0,0
24,240436,1,1,1,19,12,2,18,42,0,1,0,24,1,49,32,49032,4,2004,2T1BR32E74C2,2,T,1,B,R,3,2,E,7,4,C,2,0,P,TOYT,UCS,4D,4,17,2502,,0,1024,,G,,F,4,109,,,15R185,,,,,,0,0,000000000,00000000000,0,0,0,1,0,0,0,0,0,0,0,998,0,0,0,8,6,2,42,0,0,0,1,24,21795,6,1,0,0,3,0,69,150,0,0,0,0,0,0,0,0,0,0,99,99,99,99,1,2,30,2,2,2,1,0,0,14,12,1,1,4,6,1,1