STATE,ST_CASE,VEH_NO,VE_FORMS,NUMOCCS,DAY,MONTH,HOUR,MINUTE,HARM_EV,MAN_COLL,UNITTYPE,HIT_RUN,REG_STAT,OWNER,MAKE,MODEL,MAK_MOD,BODY_TYP,MOD_YEAR,VIN,VIN_1,VIN_2,VIN_3,VIN_4,VIN_5,VIN_6,VIN_7,VIN_8,VIN_9,VIN_10,VIN_11,VIN_12,TOW_VEH,VINTYPE,VINMAKE,VINA_MOD,VIN_BT,VINMODYR,VIN_LNGT,VIN_WGT,WGTCD_TR,WHLBS_LG,WHLBS_SH,SER_TR,FUELCODE,MCYCL_DS,CARBUR,CYLINDER,DISPLACE,MCYCL_CY,MCYCL_WT,TIRE_SZE,TON_RAT,TRK_WT,TRKWTVAR,VIN_REST,WHLDRWHL,J_KNIFE,MCARR_I1,MCARR_I2,MCARR_ID,GVWR,V_CONFIG,CARGO_BT,HAZ_INV,HAZ_PLAC,HAZ_ID,HAZ_CNO,HAZ_REL,BUS_USE,SPEC_USE,EMER_USE,TRAV_SP,UNDERIDE,ROLLOVER,ROLINLOC,IMPACT1,DEFORMED,TOWED,M_HARM,VEH_SC1,VEH_SC2,FIRE_EXP,DR_PRES,L_STATE,DR_ZIP,L_STATUS,L_TYPE,CDL_STAT,L_ENDORS,L_COMPL,L_RESTRI,DR_HGT,DR_WGT,PREV_ACC,PREV_SUS,PREV_DWI,PREV_SPD,PREV_OTH,FIRST_MO,FIRST_YR,LAST_MO,LAST_YR,SPEEDREL,DR_SF1,DR_SF2,DR_SF3,DR_SF4,VTRAFWAY,VNUM_LAN,VSPD_LIM,VALIGN,VPROFILE,VPAVETYP,VSURCOND,VTRAFCON,VTCONT_F,P_CRASH1,P_CRASH2,P_CRASH3,PCRASH4,PCRASH5,ACC_TYPE,DEATHS,DR_DRINK
24,240437,1,1,1,20,12,5,59,8,0,1,0,24,3,20,9,20009,2,2010,2G1FB1EV8A91,2,G,1,F,B,1,E,V,8,A,9,1,0,P,CHEV,CLT,CP,10,17,3750,,0,1123,,G,,F,6,220,,,18R245,,,,,,0,0,000000000,00000000000,0,0,0,1,0,0,0,0,0,0,0,998,0,0,0,12,6,2,8,0,0,0,1,24,20724,6,1,0,0,3,0,72,250,0,0,0,0,0,0,0,0,0,0,0,0,0,0,2,2,40,1,2,1,1,2,3,1,80,99,1,1,13,0,0
24,240438,1,2,1,25,11,22,1,12,2,1,0,24,1,20,22,20022,4,2007,1G1AL15F5771,1,G,1,A,L,1,5,F,5,7,7,1,0,P,CHEV,BLT,CP,7,17,2991,,0,1033,,G,,F,4,134,,,15R195,,,,,,0,0,000000000,00000000000,0,0,0,1,0,0,0,0,0,0,0,998,0,0,0,12,6,2,12,0,0,0,1,24,21222,6,1,0,0,3,0,63,123,0,0,0,0,0,0,0,0,0,0,51,39,0,0,3,4,55,8,8,2,1,0,0,1,54,99,9,9,52,1,1
24,240438,2,2,3,25,11,22,1,12,2,1,0,24,1,55,401,55401,14,2003,KM8SC73D23U4,K,M,8,S,C,7,3,D,2,3,U,4,0,P,HYUN,SAN,UT,3,17,3720,,0,1031,,G,,F,6,162,,,16R225,,,,,,0,0,000000000,00000000000,0,0,0,1,0,0,0,0,0,0,0,998,0,0,0,12,6,2,12,0,0,0,1,24,21162,6,1,0,0,3,0,63,262,0,0,0,0,0,0,0,0,0,0,0,0,0,0,3,4,55,8,8,2,1,0,0,1,54,1,1,1,52,1,0
24,240439,1,2,1,22,12,7,10,24,0,1,0,54,2,20,2,20002,4,2006,2G1WD58C4691,2,G,1,W,D,5,8,C,4,6,9,1,0,P,CHEV,ISS,4D,6,17,3607,,0,1105,,G,,F,8,323,,,18R235,,,,,,0,0,000000000,00000000000,0,0,0,1,0,0,0,0,0,0,0,998,0,0,0,9,6,2,12,0,0,0,1,54,26726,6,1,0,0,3,0,70,180,0,0,0,0,0,0,0,0,0,1,28,0,0,0,1,2,55,2,1,2,2,0,0,14,12,1,1,4,6,1,0
24,240439,2,2,1,22,12,7,10,24,0,1,0,24,1,20,422,20422,15,2004,1GNDT13S0422,1,G,N,D,T,1,3,S,0,4,2,2,0,P,CHEV,TRL,UT,4,17,4612,,0,1130,,G,,F,6,256,,,16R245,,,,,,0,0,000000000,00000000000,0,0,0,1,0,0,0,0,0,0,0,998,0,0,0,12,6,2,12,0,0,0,1,24,21502,6,1,0,0,3,0,67,160,0,0,0,0,0,0,0,0,0,0,0,0,0,0,1,2,55,2,1,2,2,0,0,14,64,6,1,1,98,0,0
24,240440,1,1,1,16,12,2,40,39,0,1,0,24,1,23,421,23421,15,2006,1GTHK23D16F1,1,G,T,H,K,2,3,D,1,6,F,1,0,T,GMC,2KH,CW,6,17,,2,1670,1530,SIE,D,,,8,403,,,,C,5907,01,E,44,0,0,000000000,00000000000,0,0,0,1,0,0,0,0,0,0,0,998,0,2,6,12,6,2,1,0,0,0,1,24,21136,6,1,0,0,3,0,69,165,0,0,0,0,1,7,2010,7,2010,1,0,0,0,0,1,2,35,2,2,2,1,0,0,14,12,99,1,4,6,1,1
24,240441,1,1,3,24,12,2,26,8,0,1,0,24,1,49,40,49040,4,2005,4T1BE30K85U9,4,T,1,B,E,3,0,K,8,5,U,9,0,P,TOYT,XLL,4D,5,17,3108,,0,1071,,G,,F,4,144,,,15R205,,,,,,0,0,000000000,00000000000,0,0,0,1,0,0,0,0,0,0,0,998,0,0,0,12,4,3,8,0,0,0,1,24,21804,6,1,0,0,3,0,73,160,0,0,0,0,1,2,2012,2,2012,0,0,0,0,0,2,2,55,1,1,2,1,0,0,1,80,4,1,1,13,0,0
24,240442,1,2,2,27,12,11,55,12,6,1,0,24,2,49,43,49043,4,2000,4T1BF28B0YU0,4,T,1,B,F,2,8,B,0,Y,U,0,0,P,TOYT,UVS,4D,0,17,3335,,0,1071,,G,,F,6,183,,,15R205,,,,,,0,0,000000000,00000000000,0,0,0,1,0,0,0,0,0,0,0,998,0,0,0,3,6,2,12,0,0,0,1,24,21811,6,1,0,0,3,0,66,150,0,0,0,0,0,0,0,0,0,0,38,0,0,0,2,2,40,1,1,2,2,0,0,1,17,1,1,1,87,1,0
24,240442,2,2,1,27,12,11,55,12,6,1,0,24,1,7,482,7482,31,2001,1B7HF16Y81S1,1,B,7,H,F,1,6,Y,8,1,S,1,0,T,DODG,150,PK,1,17,,2,1347,1187,RPC,G,,,8,318,,,,B,4573,01,U,44,0,0,000000000,00000000000,0,0,0,1,0,0,0,0,0,0,0,998,0,0,0,12,6,2,12,0,0,0,1,24,21811,6,1,0,0,3,0,69,140,0,1,0,1,1,7,2011,4,2012,0,0,0,0,0,2,2,40,1,1,2,2,0,0,1,66,99,9,1,86,0,0
24,240443,1,2,2,14,12,1,38,12,2,1,0,24,2,20,9,20009,2,2010,2G1FJ1EJ4A92,2,G,1,F,J,1,E,J,4,A,9,2,0,P,CHEV,SSM,CP,10,17,3913,,0,1123,,G,,F,8,378,,,20R245,,,,,,0,0,000000000,00000000000,0,0,0,1,0,0,0,0,0,0,0,998,0,0,0,12,6,2,12,0,0,1,1,24,20747,6,1,0,0,3,0,71,235,0,0,0,0,0,0,0,0,0,1,28,0,0,0,1,4,45,4,1,2,1,0,0,14,6,1,2,2,50,2,1
24,240443,2,2,1,14,12,1,38,12,2,1,0,24,3,98,898,98898,62,2012,5PVNJ8JN5C4S,5,P,V,N,J,8,J,N,5,C,4,S,0,T,HINO,268,CC,12,17,,6,0,0,HIN,D,,,6,469,,,,,00000,00,,42,0,57,920235,57920235,2,2,3,1,0,0,0,0,0,0,0,998,0,0,0,12,6,2,12,0,0,0,1,24,20912,6,1,6,0,3,0,68,120,0,0,0,1,0,9,2011,9,2011,0,0,0,0,0,1,4,45,4,1,2,1,0,0,14,62,1,1,1,51,0,0
24,240444,1,3,5,24,12,19,40,12,11,1,0,24,2,20,37,20037,4,2008,1G1ZS58F38F1,1,G,1,Z,S,5,8,F,3,8,F,1,0,P,CHEV,M/L,4D,8,17,3297,,0,1063,,G,,F,4,134,,,15R205,,,,,,0,0,000000000,00000000000,0,0,0,1,0,0,0,0,0,0,0,998,0,0,0,12,6,2,12,0,0,0,1,24,20910,6,1,0,0,3,0,67,180,0,1,0,1,3,4,2011,2,2012,1,28,0,0,0,3,4,55,4,1,2,2,0,0,14,6,99,3,2,48,3,1
24,240444,2,3,6,24,12,19,40,12,11,1,0,24,1,49,471,49471,30,1994,4TAVN13D0RZ2,4,T,A,V,N,1,3,D,0,R,Z,2,0,T,TOYT,ULX,PC,94,17,,1,0,1219,UHT,G,,,6,180,,,,B,3540,00,A,44,0,0,000000000,00000000000,0,0,0,1,0,0,0,0,0,0,0,998,0,0,0,12,4,1,12,0,0,0,1,24,20878,6,1,0,0,3,0,65,175,0,0,0,0,0,0,0,0,0,0,0,0,0,0,3,4,55,4,1,2,2,0,0,14,60,1,1,1,48,0,0
24,240444,3,3,1,24,12,19,40,12,11,1,0,24,1,20,481,20481,31,2010,1GCSKSEA4AZ2,1,G,C,S,K,S,E,A,4,A,Z,2,0,T,CHEV,2SK,4C,10,17,,2,1575,1435,SIL,F,,,8,293,,,,B,5286,02,,44,0,0,000000000,00000000000,0,0,0,1,0,0,0,0,0,0,0,998,0,0,0,12,6,2,12,0,0,0,1,24,21037,6,1,0,0,3,0,68,180,0,0,0,0,0,0,0,0,0,0,0,0,0,0,3,4,55,4,1,2,2,0,0,14,61,1,1,1,98,0,0
24,240445,1,3,1,20,12,17,18,12,2,1,0,24,1,49,482,49482,31,2006,5TBDT48126S5,5,T,B,D,T,4,8,1,2,6,S,5,0,T,TOYT,DBL,CW,6,17,,2,0,1283,TUN,G,,,8,285,,,,B,5020,00,U,44,0,0,000000000,00000000000,0,0,0,1,0,0,0,0,0,0,0,998,0,0,0,12,6,2,12,0,0,0,1,24,20613,6,1,0,0,3,0,76,245,0,0,0,0,0,0,0,0,0,0,13,28,0,0,1,2,40,1,1,2,1,0,0,1,11,1,1,2,50,1,0
24,240445,2,3,1,20,12,17,18,12,2,1,0,24,1,35,47,35047,4,2004,1N4BL11D94C1,1,N,4,B,L,1,1,D,9,4,C,1,0,P,NISS,ABE,4D,4,17,3071,,0,1102,,G,,F,6,214,,,17R215,,,,,,0,0,000000000,00000000000,0,0,0,1,0,0,0,0,0,0,0,998,0,0,0,12,6,2,12,0,0,0,1,24,21122,6,1,0,0,3,0,71,205,0,0,0,0,0,0,0,0,0,0,0,0,0,0,1,2,40,1,1,2,1,0,0,1,62,1,1,1,51,0,0
24,240445,3,3,1,20,12,17,18,12,2,1,0,24,1,23,481,23481,31,2005,1GTEC14T25Z3,1,G,T,E,C,1,4,T,2,5,Z,3,0,T,GMC,NC1,PK,5,17,,2,1330,1190,SIE,G,,,8,325,,,,B,4225,01,4,42,0,0,000000000,00000000000,0,0,0,1,0,0,0,0,0,0,0,998,0,0,0,12,2,1,12,0,0,0,1,24,20772,6,1,0,0,3,0,64,135,0,0,0,0,0,0,0,0,0,0,0,0,0,0,1,2,40,1,1,2,1,0,0,1,50,4,1,1,98,0,0
24,240446,1,2,2,4,12,3,38,12,1,1,0,51,3,20,481,20481,31,2008,2GCEC19C4811,2,G,C,E,C,1,9,C,4,8,1,1,0,T,CHEV,SC1,4C,8,17,,2,1575,1339,SIL,G,,,8,293,,,,B,4870,03,,42,0,0,000000000,00000000000,0,0,0,1,0,0,0,0,0,0,0,998,0,0,0,12,6,2,12,0,0,0,1,51,22514,6,1,0,0,3,0,67,215,0,0,0,0,0,0,0,0,0,0,0,0,0,0,1,2,40,1,1,2,1,0,0,1,50,1,1,1,20,1,0
24,240446,2,2,1,4,12,3,38,12,1,1,0,17,3,51,881,51881,66,2006,4V4NC9GH96N4,4,V,4,N,C,9,G,H,9,6,N,4,1,T,VOLV,VNL,TR,6,17,,8,0,0,VVN,D,,,6,732,,,,,00000,00,,64,1,57,649914,57649914,3,6,1,1,0,0,0,0,0,0,0,0,0,0,0,6,4,3,12,0,0,0,1,42,16001,6,1,6,0,3,0,69,999,0,0,0,1,1,12,2010,11,2011,0,0,0,0,0,1,2,40,1,1,2,1,0,0,5,53,1,1,1,21,0,0
24,240447,1,2,1,19,9,15,13,12,2,1,0,24,2,12,21,12021,4,2005,1FAFP23195G1,1,F,A,F,P,2,3,1,9,5,G,1,0,P,FORD,5SE,4D,5,17,3643,,0,1129,,G,,F,6,183,,,17R215,,,,,,0,0,000000000,00000000000,0,0,0,1,0,0,0,0,0,0,0,998,0,0,0,12,6,2,12,0,0,0,1,24,21904,6,1,0,0,3,0,76,160,0,0,0,0,0,0,0,0,0,0,38,0,0,0,0,0,0,0,0,0,0,0,0,11,15,1,1,7,82,0,0
24,240447,2,2,1,19,9,15,13,12,2,1,0,24,2,53,709,53709,80,2004,999999999999,9,9,9,9,9,9,9,9,9,9,9,9,0,,,,,,,,,,,,,,,,,,,,,,,,,0,0,000000000,00000000000,0,0,0,1,0,0,0,0,0,0,0,998,0,0,0,12,6,2,12,0,0,0,1,24,21916,6,2,0,0,2,1,71,160,0,0,0,0,0,0,0,0,0,0,0,0,0,0,1,2,35,1,2,2,1,0,0,1,72,1,1,1,83,1,0
24,240448,1,1,5,12,12,20,12,42,0,1,0,24,1,49,49,49049,6,2006,JTLKT3244640,J,T,L,K,T,3,2,4,4,6,4,0,0,P,TOYT,SXB,UT,6,17,2395,,0,984,,G,,F,4,092,,,15R185,,,,,,0,0,000000000,00000000000,0,0,0,1,0,0,0,0,0,0,0,998,0,1,6,1,6,2,1,0,0,0,1,24,20705,6,7,0,0,3,2,70,190,0,0,0,0,0,0,0,0,0,1,74,0,0,0,1,2,30,1,3,2,1,0,0,1,12,6,9,4,7,1,0
24,240449,1,1,1,24,12,23,30,33,0,1,0,24,1,20,2,20002,4,2006,2G1WB55K7691,2,G,1,W,B,5,5,K,7,6,9,1,0,P,CHEV,IPL,4D,6,17,3477,,0,1105,,F,,F,6,214,,,16R225,,,,,,0,0,000000000,00000000000,0,0,0,1,0,0,0,0,0,0,0,998,0,0,0,98,6,2,42,0,0,0,1,24,21236,6,1,0,0,3,0,74,190,0,2,0,0,0,6,2010,6,2011,1,0,0,0,0,3,2,55,3,1,2,2,0,0,14,11,99,2,4,2,1,0
24,240450,1,1,1,28,12,19,12,8,0,1,0,24,1,12,17,12017,4,2013,1FAHP2D85DG1,1,F,A,H,P,2,D,8,5,D,G,1,0,P,FORD,TSE,4D,13,17,4015,,0,1129,,G,,F,6,214,,,17R235,,,,,,0,0,000000000,00000000000,0,0,0,1,0,0,0,0,0,0,0,998,0,0,0,12,6,2,8,0,0,0,1,42,19139,2,1,0,0,2,2,74,185,0,1,0,0,0,11,2010,11,2010,1,36,74,0,0,3,2,55,1,1,2,1,0,0,1,80,1,1,1,13,0,1
24,240451,1,2,1,16,12,0,9,12,6,1,0,24,1,37,31,37031,4,2001,1HGES16511L0,1,H,G,E,S,1,6,5,1,1,L,0,0,P,HOND,UCL,4D,1,17,2515,,0,1031,,G,,F,4,102,,,14R185,,,,,,0,0,000000000,00000000000,0,0,0,1,0,0,0,0,0,0,0,998,0,0,0,3,6,2,12,0,0,0,1,24,20886,6,1,0,0,3,0,64,136,0,0,0,1,0,3,2012,3,2012,0,28,0,0,0,1,2,40,3,1,2,1,0,0,14,10,6,1,6,64,1,1
24,240451,2,2,2,16,12,0,9,12,6,1,0,24,1,35,51,35051,6,2009,JN8AS58V49W1,J,N,8,A,S,5,8,V,4,9,W,1,0,P,NISS,ROG,UT,9,17,3435,,0,1059,,G,,F,4,153,,,16R215,,,,,,0,0,000000000,00000000000,0,0,0,1,0,0,0,0,0,0,0,998,0,0,0,12,6,2,12,0,0,0,1,24,20879,6,1,0,0,3,0,63,200,0,0,0,0,0,0,0,0,0,0,0,0,0,0,1,2,40,3,1,2,1,0,0,14,62,1,1,1,65,0,0
24,240452,1,2,2,29,10,11,38,12,2,1,0,24,2,35,401,35401,14,2005,5N1AR18W85C7,5,N,1,A,R,1,8,W,8,5,C,7,0,P,NISS,PFI,UT,5,17,4452,,0,1122,,G,,F,6,244,,,16R265,,,,,,0,0,000000000,00000000000,0,0,0,1,0,0,0,0,0,0,0,54,0,0,0,12,6,2,12,0,0,0,1,24,20841,6,7,0,0,3,0,64,120,0,0,0,0,0,0,0,0,0,1,36,87,28,0,1,2,50,2,2,2,2,0,0,14,6,4,2,2,50,0,0
24,240452,2,2,1,29,10,11,38,12,2,1,0,24,1,39,34,39034,4,2003,SAJEA01T63FM,S,A,J,E,A,0,1,T,6,3,F,M,0,P,JAGU,STP,4D,3,17,3777,,0,1145,,G,,F,6,181,,,16R225,,,,,,0,0,000000000,00000000000,0,0,0,1,0,0,0,0,0,0,0,35,0,0,0,12,6,2,12,0,0,0,1,24,20871,6,1,0,0,3,0,64,120,0,0,0,0,1,2,2012,2,2012,0,0,0,0,0,1,2,50,2,2,2,2,0,0,14,62,1,9,2,51,1,0
24,240453,1,2,1,31,12,23,35,12,6,1,0,24,2,53,34,53034,4,2008,KL5JD56Z78K3,K,L,5,J,D,5,6,Z,7,8,K,3,0,P,SUZI,FCP,4D,8,17,2756,,0,1024,,G,,F,4,122,,,15R195,,,,,,0,0,000000000,00000000000,0,0,0,1,0,0,0,0,0,0,0,998,0,0,0,3,6,2,12,0,0,0,1,24,21017,1,1,0,0,2,2,72,190,0,3,0,1,1,9,2012,12,2012,1,28,74,0,0,1,2,30,1,1,2,1,0,0,1,10,6,3,2,64,1,1
24,240453,2,2,1,31,12,23,35,12,6,1,0,24,1,49,51,49051,3,2008,JTDJT9231851,J,T,D,J,T,9,2,3,1,8,5,1,0,P,TOYT,YAR,2H,8,17,2295,,0,969,,G,,F,4,091,,,14R175,,,,,,0,0,000000000,00000000000,0,0,0,1,0,0,0,0,0,0,0,998,0,0,0,12,6,2,12,0,0,0,1,24,21001,6,1,0,0,3,0,72,230,0,0,0,0,0,0,0,0,0,0,0,0,0,0,1,2,30,1,1,2,1,0,0,1,62,1,1,1,65,0,0
24,240454,1,2,1,16,11,18,27,12,2,1,0,24,1,23,471,23471,30,1988,1GTCT14R3J25,1,G,T,C,T,1,4,R,3,J,2,5,0,T,GMC,S10,PK,88,17,,1,1179,1083,S,G,,,6,173,,,,B,2909,01,A,44,0,0,000000000,00000000000,0,0,0,1,0,0,0,0,0,0,0,998,0,0,0,12,6,2,12,0,0,0,1,24,21719,6,1,0,0,3,0,68,168,0,0,0,0,0,0,0,0,0,0,38,48,0,0,1,2,50,1,2,2,1,20,3,11,15,1,1,1,68,0,1
24,240454,2,2,1,16,11,18,27,12,2,1,0,24,1,73,705,73705,80,2005,JKBZXJC135A0,J,K,B,Z,X,J,C,1,3,5,A,0,0,M,KAWK,X63,RC,5,17,,,,,,,636,,4,,4,362,,,,,,,0,0,000000000,00000000000,0,0,0,1,0,0,0,0,0,0,0,998,0,0,0,12,6,2,12,0,0,0,1,24,21788,6,1,0,0,3,0,69,175,0,0,0,1,0,6,2011,6,2011,0,0,0,0,0,1,2,50,1,2,2,1,0,0,1,62,99,9,1,69,1,0
24,240455,1,1,1,14,10,1,4,8,0,1,0,24,3,20,2,20002,4,2012,2G1WD5E31C11,2,G,1,W,D,5,E,3,1,C,1,1,0,P,CHEV,I/P,4D,12,17,3555,,0,1105,,F,,F,6,220,,,17R235,,,,,,0,0,000000000,00000000000,0,0,0,1,0,0,0,0,0,5,1,998,0,0,0,12,6,2,8,0,0,0,1,24,21012,6,1,0,0,3,0,71,200,0,0,0,0,0,0,0,0,0,1,16,0,0,0,3,2,30,1,1,2,1,0,0,1,80,9,9,1,13,0,0
24,240456,1,1,2,12,10,22,20,42,0,1,0,24,1,48,401,48401,14,2006,JF1SG69666H7,J,F,1,S,G,6,9,6,6,6,H,7,0,P,SUBA,FOR,UT,6,17,3310,,0,994,,G,,T,4,152,,,16R215,,,,,,0,0,000000000,00000000000,0,0,0,1,0,0,0,0,0,0,0,998,0,0,0,1,6,2,42,0,0,0,1,24,21211,6,1,0,0,3,0,67,145,0,0,0,0,0,0,0,0,0,1,99,99,99,99,1,2,25,1,1,2,1,0,0,1,13,99,9,4,5,1,0
24,240457,1,2,1,30,12,2,38,12,6,1,0,24,1,49,40,49040,4,2010,2T1BU4EE3AC3,2,T,1,B,U,4,E,E,3,A,C,3,0,P,TOYT,CBL,4D,10,17,2723,,0,1024,,G,,F,4,110,,,15R195,,,,,,0,0,000000000,00000000000,0,0,0,1,0,0,0,0,0,0,0,998,0,0,0,12,6,2,12,0,0,0,1,24,21239,6,1,0,0,3,0,69,150,0,0,0,0,0,0,0,0,0,0,0,0,0,0,2,3,35,1,1,2,1,0,0,1,62,99,9,1,66,0,0
24,240457,2,2,2,30,12,2,38,12,6,1,0,24,2,37,31,37031,4,2011,2HGFA1F53BH5,2,H,G,F,A,1,F,5,3,B,H,5,0,P,HOND,UCL,4D,11,17,2754,,0,1063,,G,,F,4,110,,,16R205,,,,,,0,0,000000000,00000000000,0,0,0,1,0,0,0,0,0,0,0,998,2,0,0,3,6,2,12,0,0,0,1,24,21239,2,1,0,0,2,2,75,192,0,4,0,3,1,6,2011,9,2012,1,74,0,0,0,2,3,35,1,1,2,1,0,0,1,11,99,3,2,66,1,1
24,240458,1,1,1,1,7,10,25,1,0,1,0,99,9,53,706,53706,80,2003,JS1VS54A0321,J,S,1,V,S,5,4,A,0,3,2,1,0,M,SUZI,VL8,RS,3,17,,,,,,,805,,2,,4,531,,,,,,,0,0,000000000,00000000000,0,0,0,1,0,0,0,0,0,0,0,998,0,0,0,0,6,2,1,0,0,0,1,97,0,6,1,0,0,3,0,68,153,99,99,99,99,99,99,9999,99,9999,1,26,0,0,0,3,2,35,3,1,2,1,0,0,14,50,3,9,1,98,1,0
24,240459,1,1,1,10,7,9,0,42,0,1,0,24,2,12,473,12473,30,2004,1FMDU77K44UA,1,F,M,D,U,7,7,K,4,4,U,A,0,P,FORD,EPR,UT,4,17,4349,,0,1259,,F,,F,6,245,,,16R235,,,,,,0,0,000000000,00000000000,0,0,0,1,0,0,0,0,0,0,0,998,0,0,0,12,6,2,42,0,0,0,1,24,20769,6,1,0,0,3,0,67,209,0,1,0,0,0,6,2011,6,2011,0,0,0,0,0,3,2,55,1,1,2,1,0,0,1,11,3,3,4,1,1,1
24,240460,1,1,2,4,7,4,19,8,0,1,0,24,1,20,36,20036,2,2006,2G1WM15K5692,2,G,1,W,M,1,5,K,5,6,9,2,0,P,CHEV,M/T,CP,6,17,3461,,0,1105,,F,,F,6,214,,,16R225,,,,,,0,0,000000000,00000000000,0,0,0,1,0,0,0,0,0,0,0,60,0,0,0,12,6,2,8,0,0,0,1,24,20706,6,1,0,0,3,0,66,150,0,0,0,0,0,0,0,0,0,0,28,0,0,0,3,2,55,1,1,2,1,0,0,1,13,6,1,4,13,0,0
24,240461,1,1,1,19,12,21,13,43,0,1,0,11,1,18,401,18401,14,2002,3G5DA03EX2S5,3,G,5,D,A,0,3,E,X,2,S,5,0,P,BUIC,RZV,UT,2,17,4024,,0,1122,,G,,F,6,204,,,16R215,,,,,,0,0,000000000,00000000000,0,0,0,1,0,0,0,0,0,0,0,998,0,0,0,98,6,2,42,0,0,0,1,11,20020,6,1,0,0,3,0,63,165,0,0,0,0,0,0,0,0,0,0,0,0,0,0,3,2,50,3,6,2,1,0,0,15,10,99,3,4,7,1,1
24,240462,1,1,1,24,12,10,53,42,0,1,0,99,9,37,32,37032,4,1990,1HGCB7667LA1,1,H,G,C,B,7,6,6,7,L,A,1,0,P,HOND,AER,4D,90,17,2923,,0,1071,,G,,F,4,132,,,15R195,,,,,,0,0,000000000,00000000000,0,0,0,1,0,0,0,0,0,0,0,998,0,0,0,12,6,2,42,0,0,0,1,99,99999,9,9,99,9,9,9,999,999,99,99,99,99,99,99,9999,99,9999,1,8,0,0,0,3,2,55,1,1,2,1,0,0,1,10,99,9,4,10,1,0
25,250001,1,1,1,10,1,20,40,35,0,1,0,25,1,37,32,37032,4,1999,1HGCG1652XA0,1,H,G,C,G,1,6,5,2,X,A,0,0,P,HOND,UEX,4D,99,17,3285,,0,1069,,G,,F,6,183,,,15R205,,,,,,0,0,000000000,00000000000,0,0,0,1,0,0,0,0,0,0,0,998,0,1,5,12,6,2,1,0,0,0,1,25,1756,6,1,0,0,3,3,69,999,1,0,0,0,0,12,2009,12,2009,1,0,0,0,0,1,2,45,3,2,2,1,0,0,14,12,1,1,4,6,1,1
25,250002,1,1,1,24,1,8,17,34,0,1,0,25,1,20,401,20401,14,1999,1GNDT13W0XK1,1,G,N,D,T,1,3,W,0,X,K,1,0,P,CHEV,BZR,UT,99,17,4023,,0,1070,,G,,F,6,262,,,15R205,,,,,,0,0,000000000,00000000000,0,0,0,1,0,0,0,0,0,0,0,998,0,1,5,12,6,2,3,0,0,0,1,25,1420,6,1,0,0,3,0,69,999,1,1,0,0,1,7,2009,11,2009,1,87,0,0,0,1,2,30,1,8,2,3,0,0,1,5,9,2,4,2,1,0
25,250003,1,1,1,10,1,1,41,42,0,1,0,25,1,35,47,35047,2,2008,1N4BL24E58C2,1,N,4,B,L,2,4,E,5,8,C,2,0,P,NISS,A5E,CP,8,17,3205,,0,1053,,G,,F,6,214,,,17R215,,,,,,0,0,000000000,00000000000,0,0,0,1,0,0,0,0,0,0,0,60,0,0,0,3,6,2,42,0,0,0,1,25,2739,6,1,0,0,3,3,68,999,0,0,0,1,0,11,2011,11,2011,1,33,58,0,0,1,2,30,1,2,2,1,0,0,1,6,9,3,4,7,1,1
25,250004,1,1,1,21,1,12,36,30,0,1,0,12,1,6,43,6043,1,1998,3C3EL45H3WT2,3,C,3,E,L,4,5,H,3,W,T,2,0,P,CHRY,SJX,CV,98,17,3267,,0,1060,,G,,F,6,152,,,15R205,,,,,,0,0,000000000,00000000000,0,0,0,1,0,0,0,0,0,0,0,998,0,0,0,12,6,2,30,0,0,0,1,12,34293,6,1,0,0,3,3,62,999,0,0,0,0,0,0,0,0,0,9,0,0,0,0,1,2,35,1,8,2,3,0,0,1,12,1,1,4,6,1,0
25,250005,1,1,2,1,1,20,25,59,0,1,0,25,1,54,31,54031,3,1995,JH4DC4354SS0,J,H,4,D,C,4,3,5,4,S,S,0,0,P,ACUR,ILS,2H,95,17,2572,,0,1012,,G,,F,4,112,,,14R195,,,,,,0,0,000000000,00000000000,0,0,0,1,0,0,0,0,0,0,0,63,0,0,0,12,6,2,30,0,0,0,1,25,2780,6,1,0,0,3,0,71,999,0,2,0,0,0,11,2009,6,2010,1,36,0,0,0,1,2,40,3,8,2,1,0,0,14,6,8,3,4,2,1,1
25,250006,1,1,1,3,4,13,10,33,0,1,0,25,5,37,32,37032,4,2002,1HGCG66872A1,1,H,G,C,G,6,6,8,7,2,A,1,0,P,HOND,UXS,4D,2,17,3120,,0,1069,,G,,F,4,138,,,15R195,,,,,,0,0,000000000,00000000000,0,0,0,1,0,0,0,0,0,0,0,998,0,0,0,14,6,2,42,0,0,0,1,25,2301,0,0,0,0,0,0,999,999,0,0,0,0,0,0,0,0,0,1,36,37,58,0,1,2,30,1,8,2,1,0,0,1,6,8,3,4,2,1,0
25,250007,1,3,1,2,4,17,17,12,1,1,0,25,1,20,481,20481,31,1991,1GCDC14HXME1,1,G,C,D,C,1,4,H,X,M,E,1,0,T,CHEV,GC1,PK,91,17,,1,1315,1175,GM4,G,,,8,305,,,,B,00000,00,,42,0,0,000000000,00000000000,0,0,0,1,0,0,0,0,0,0,0,998,0,0,0,6,6,2,12,0,0,0,1,25,1354,6,1,0,0,3,0,68,999,0,2,0,1,0,8,2009,2,2011,9,0,0,0,0,1,2,55,1,8,2,1,0,0,2,15,99,1,1,29,0,0