STATE,ST_CASE,VEH_NO,VE_FORMS,NUMOCCS,DAY,MONTH,HOUR,MINUTE,HARM_EV,MAN_COLL,UNITTYPE,HIT_RUN,REG_STAT,OWNER,MAKE,MODEL,MAK_MOD,BODY_TYP,MOD_YEAR,VIN,VIN_1,VIN_2,VIN_3,VIN_4,VIN_5,VIN_6,VIN_7,VIN_8,VIN_9,VIN_10,VIN_11,VIN_12,TOW_VEH,VINTYPE,VINMAKE,VINA_MOD,VIN_BT,VINMODYR,VIN_LNGT,VIN_WGT,WGTCD_TR,WHLBS_LG,WHLBS_SH,SER_TR,FUELCODE,MCYCL_DS,CARBUR,CYLINDER,DISPLACE,MCYCL_CY,MCYCL_WT,TIRE_SZE,TON_RAT,TRK_WT,TRKWTVAR,VIN_REST,WHLDRWHL,J_KNIFE,MCARR_I1,MCARR_I2,MCARR_ID,GVWR,V_CONFIG,CARGO_BT,HAZ_INV,HAZ_PLAC,HAZ_ID,HAZ_CNO,HAZ_REL,BUS_USE,SPEC_USE,EMER_USE,TRAV_SP,UNDERIDE,ROLLOVER,ROLINLOC,IMPACT1,DEFORMED,TOWED,M_HARM,VEH_SC1,VEH_SC2,FIRE_EXP,DR_PRES,L_STATE,DR_ZIP,L_STATUS,L_TYPE,CDL_STAT,L_ENDORS,L_COMPL,L_RESTRI,DR_HGT,DR_WGT,PREV_ACC,PREV_SUS,PREV_DWI,PREV_SPD,PREV_OTH,FIRST_MO,FIRST_YR,LAST_MO,LAST_YR,SPEEDREL,DR_SF1,DR_SF2,DR_SF3,DR_SF4,VTRAFWAY,VNUM_LAN,VSPD_LIM,VALIGN,VPROFILE,VPAVETYP,VSURCOND,VTRAFCON,VTCONT_F,P_CRASH1,P_CRASH2,P_CRASH3,PCRASH4,PCRASH5,ACC_TYPE,DEATHS,DR_DRINK
25,250152,1,1,2,11,8,17,10,30,0,1,0,44,1,6,51,6051,4,2010,2C3CK6CT0AH1,2,C,3,C,K,6,C,T,0,A,H,1,0,P,CHRY,43C,4D,10,17,4251,,0,1200,,G,,F,8,348,,,18R225,,,,,,0,0,000000000,00000000000,0,0,0,1,0,0,0,0,0,0,0,998,0,1,1,82,6,2,30,0,0,0,1,44,2824,6,1,0,0,3,0,67,160,0,3,1,1,1,9,2011,7,2012,0,6,0,0,0,1,2,45,3,1,2,1,0,0,14,13,1,4,4,2,1,0
25,250154,1,3,1,4,4,17,0,12,8,1,0,25,1,12,481,12481,31,2004,1FTRF12W74NB,1,F,T,R,F,1,2,W,7,4,N,B,0,T,FORD,F15,PK,4,17,,2,1450,1260,COF,G,,,8,281,,,,B,4810,00,U,42,0,0,000000000,00000000000,0,0,0,1,0,0,0,0,0,0,0,998,3,0,0,61,6,2,12,0,0,0,1,25,2780,6,1,0,0,3,0,71,999,1,0,0,0,0,3,2010,3,2010,0,28,0,0,0,1,2,45,1,1,2,1,0,0,1,10,1,1,2,64,1,0
25,250154,2,3,1,4,4,17,0,12,8,1,0,25,1,7,442,7442,20,2001,2B8GP54L51R2,2,B,8,G,P,5,4,L,5,1,R,2,0,T,DODG,GES,ES,1,17,,1,0,1193,CAR,G,,,6,230,,,,,4118,00,E,42,0,0,000000000,00000000000,0,0,0,1,0,0,0,0,0,0,0,998,0,0,0,62,6,2,12,0,0,0,1,25,2780,6,1,0,0,3,0,62,999,0,0,0,0,0,0,0,0,0,0,0,0,0,0,1,2,45,1,1,2,1,0,0,1,62,1,1,1,65,0,0
25,250154,3,3,2,4,4,17,0,12,8,1,0,25,3,12,461,12461,21,2010,1FDSE3FL5ADA,1,F,D,S,E,3,F,L,5,A,D,A,0,T,FORD,3DC,YY,10,17,,2,1760,1380,CTV,G,,,8,330,,,,D,4802,03,E,42,0,0,000000000,00000000000,0,0,0,1,0,0,0,0,0,0,0,998,7,1,1,12,6,2,12,0,0,0,1,25,1907,6,1,0,0,3,0,74,999,1,0,0,0,0,1,2012,1,2012,0,0,0,0,0,1,2,45,1,1,2,1,0,0,1,62,1,1,1,98,0,0
25,250155,1,1,1,22,2,20,20,8,0,1,0,25,1,12,471,12471,30,2005,1FTZR45E35PA,1,F,T,Z,R,4,5,E,3,5,P,A,0,T,FORD,RNS,4C,5,17,,1,0,1259,RNG,G,,,6,245,,,,B,3697,00,U,44,0,0,000000000,00000000000,0,0,0,1,0,0,0,0,0,0,0,41,0,0,0,12,6,2,8,0,0,0,1,25,1904,6,1,0,0,3,0,70,999,0,0,0,0,0,0,0,0,0,0,0,0,0,0,1,6,40,1,1,2,1,3,3,1,80,1,1,1,13,0,0
25,250156,1,1,1,31,3,16,43,24,0,1,0,92,0,73,709,73709,88,9999,999999999999,9,9,9,9,9,9,9,9,9,9,9,9,0,,,,,,,,,,,,,,,,,,,,,,,,,0,0,000000000,00000000000,0,0,0,1,0,0,0,0,0,0,0,33,0,0,0,81,4,1,24,0,0,0,1,25,1430,6,1,0,0,2,0,75,999,0,0,0,0,0,0,0,0,0,0,28,0,0,0,1,2,30,2,1,2,1,0,0,98,11,1,7,2,2,1,0
25,250157,1,1,1,15,8,16,33,33,0,1,0,25,1,49,482,49482,31,2006,5TBJU32196S4,5,T,B,J,U,3,2,1,9,6,S,4,0,T,TOYT,TUN,PK,6,17,,1,0,1283,TUN,G,,,6,244,,,,C,3965,00,U,42,0,0,000000000,00000000000,0,0,0,1,0,0,0,0,0,0,0,98,0,0,0,14,6,2,30,0,0,0,1,25,2638,6,1,0,0,3,0,68,999,1,0,0,0,0,2,2010,2,2010,0,0,0,0,0,1,2,25,1,1,2,1,0,0,1,13,1,1,4,1,1,0
25,250158,1,1,1,14,4,15,44,24,0,1,0,25,1,72,706,72706,80,2012,1HD1BWV12CB0,1,H,D,1,B,W,V,1,2,C,B,0,0,M,HD,STC,RS,12,17,,,,,,,1690,,2,,4,730,,,,,,,0,0,000000000,00000000000,0,0,0,1,0,0,0,0,0,0,0,98,0,0,0,12,6,2,24,0,0,0,1,25,2148,6,1,0,0,3,3,72,999,0,0,0,0,0,0,0,0,0,9,99,99,99,99,3,2,55,3,1,2,1,0,0,1,13,1,1,4,2,1,1
25,250159,1,1,1,20,3,23,41,19,0,1,0,25,2,49,51,49051,5,2010,JTDKT4K3XA53,J,T,D,K,T,4,K,3,X,A,5,3,0,P,TOYT,YAR,4H,10,17,0,,0,969,,G,,F,4,091,,,14R175,,,,,,0,0,000000000,00000000000,0,0,0,1,0,0,0,0,0,0,0,36,0,0,0,12,6,2,19,0,0,1,1,25,2467,6,1,0,0,3,0,68,999,3,0,0,0,0,6,2009,5,2011,0,28,0,0,0,2,2,40,1,1,2,1,0,0,1,12,1,1,4,6,1,0
25,250160,1,1,1,3,1,23,12,42,0,1,0,25,1,49,47,49047,6,2007,2T1KR32E37C6,2,T,1,K,R,3,2,E,3,7,C,6,0,P,TOYT,CTR,4H,7,17,2679,,0,1024,,G,,F,4,109,,,16R205,,,,,,0,0,000000000,00000000000,0,0,0,1,0,0,0,0,0,0,0,98,0,0,0,12,6,2,42,0,0,0,1,25,1223,6,1,0,0,3,0,69,999,0,0,0,0,0,0,0,0,0,0,28,0,0,0,1,2,50,2,6,2,1,0,0,1,12,1,1,4,6,1,0
25,250161,1,2,1,17,8,16,45,12,6,1,0,25,1,20,481,20481,31,2012,1GCRKSE76CZ2,1,G,C,R,K,S,E,7,6,C,Z,2,0,T,CHEV,2SK,4C,12,17,,2,1575,1435,SIL,F,,,8,323,,,,B,5267,02,,44,0,0,000000000,00000000000,0,0,0,1,0,0,0,0,0,0,0,998,0,0,0,12,6,2,12,0,0,0,1,25,1921,6,1,6,0,3,0,67,999,0,0,0,0,0,0,0,0,0,0,0,0,0,0,2,1,50,1,6,2,1,4,3,1,66,9,1,1,88,0,0
25,250161,2,2,2,17,8,16,45,12,6,1,0,25,1,24,7,24007,17,2004,1G8AM12F94Z1,1,G,8,A,M,1,2,F,9,4,Z,1,0,P,STRN,SI2,C4,4,17,2775,,0,1032,,G,,F,4,134,,,15R195,,,,,,0,0,000000000,00000000000,0,0,0,1,0,0,0,0,0,0,0,998,0,0,0,9,6,2,12,0,0,0,1,25,1810,6,1,0,0,3,3,64,999,0,0,0,0,0,0,0,0,0,0,38,0,0,0,1,2,98,1,6,2,1,20,3,1,17,1,1,1,89,2,0
25,250162,1,1,1,25,8,13,16,8,0,1,0,25,2,12,481,12481,31,2006,999999999999,9,9,9,9,9,9,9,9,9,9,9,9,0,,,,,,,,,,,,,,,,,,,,,,,,,0,0,000000000,00000000000,0,0,0,1,0,0,0,0,0,0,0,998,0,0,0,98,8,8,8,0,0,0,1,25,2724,6,1,0,0,3,0,62,999,0,0,0,0,0,0,0,0,0,0,0,0,0,0,1,2,30,1,6,2,1,0,0,11,80,99,1,1,13,0,0
25,250163,1,2,1,29,8,16,45,12,6,1,0,25,3,7,24,7024,4,2008,2B3LA43H08H1,2,B,3,L,A,4,3,H,0,8,H,1,0,P,DODG,CHA,4D,8,17,3727,,0,1200,,G,,F,8,348,,,17R215,,,,,,0,0,000000000,00000000000,0,0,0,1,0,0,0,0,0,5,0,998,0,0,0,12,6,2,12,0,0,0,1,25,1450,6,1,0,0,3,0,74,999,0,0,0,0,0,0,0,0,0,0,16,0,0,0,1,2,30,1,1,2,1,0,0,1,66,7,1,1,86,0,0
25,250163,2,2,2,29,8,16,45,12,6,1,0,25,1,49,482,49482,31,2000,5TBRN3417YS0,5,T,B,R,N,3,4,1,7,Y,S,0,0,T,TOYT,TT5,4C,0,17,,1,0,1283,TUN,G,,,6,206,,,,B,4088,00,U,42,0,0,000000000,00000000000,0,0,0,1,0,0,0,0,0,0,0,998,0,0,0,1,6,2,12,0,0,0,1,25,1845,6,1,0,0,3,0,75,999,0,0,0,0,0,0,0,0,0,0,39,38,0,0,1,2,30,1,6,2,1,20,3,1,17,1,1,1,87,1,0
25,250164,1,2,2,13,9,14,28,12,2,1,0,25,2,22,20,22020,4,2001,1G2WP52K61F2,1,G,2,W,P,5,2,K,6,1,F,2,0,P,PONT,GPG,4D,1,17,3496,,0,1105,,G,,F,6,231,,,16R225,,,,,,0,0,000000000,00000000000,0,0,0,1,0,0,0,0,0,0,0,998,0,0,0,12,6,2,12,0,0,0,1,25,1760,6,2,0,0,3,1,60,999,0,0,0,0,0,0,0,0,0,0,0,0,0,0,1,2,45,1,1,2,1,0,0,1,62,1,1,1,51,0,0
25,250164,2,2,1,13,9,14,28,12,2,1,0,25,1,37,32,37032,4,2006,1HGCM56726A1,1,H,G,C,M,5,6,7,2,6,A,1,0,P,HOND,UEX,4D,6,17,3142,,0,1079,,G,,F,4,146,,,16R205,,,,,,0,0,000000000,00000000000,0,0,0,1,0,0,0,0,0,0,0,998,0,0,0,12,6,2,12,0,0,0,1,25,1778,6,1,0,0,3,0,72,999,1,0,0,0,0,10,2009,10,2009,0,28,0,0,0,1,2,45,1,1,2,1,0,0,1,10,1,1,1,50,1,0
25,250165,1,1,1,18,9,23,1,8,0,1,0,25,1,3,421,3421,15,2003,5GRGN23U83H1,5,G,R,G,N,2,3,U,8,3,H,1,0,T,HUMM,HH2,4W,3,17,,2,0,1228,HUM,G,,,8,364,,,,C,6400,00,U,44,0,0,000000000,00000000000,0,0,0,1,0,0,0,0,0,0,0,998,0,0,0,10,8,2,8,0,0,0,1,25,1905,2,1,0,0,2,0,68,999,0,3,0,0,0,6,2012,8,2012,0,99,99,99,99,1,2,30,1,1,2,2,3,3,1,80,4,9,1,13,0,0
25,250166,1,1,1,21,8,19,30,35,0,1,0,25,1,12,481,12481,31,2010,1FTFW1EV3AFD,1,F,T,F,W,1,E,V,3,A,F,D,0,T,FORD,F1S,CW,10,17,,2,1570,1450,COF,F,,,8,329,,,,B,5345,00,7,44,0,0,000000000,00000000000,0,0,0,1,0,0,0,0,0,0,0,998,0,0,0,12,2,3,35,0,0,0,1,25,1960,6,1,0,0,3,0,75,999,0,0,0,0,0,0,0,0,0,0,99,99,99,99,6,1,50,3,8,8,1,0,0,14,12,1,1,4,6,1,1
25,250167,1,2,1,22,9,16,49,12,6,1,0,25,3,86,881,86881,63,1998,1M2P267C2WM0,1,M,2,P,2,6,7,C,2,W,M,0,0,T,MACK,RD6,CC,98,17,,8,0,0,600,D,,,6,728,,,,,00000,00,,64,0,77,777777777,77777777777,3,2,4,1,0,0,0,0,0,0,0,998,7,0,0,1,8,8,12,0,0,0,1,25,2126,6,1,6,9,3,0,64,999,1,0,0,0,2,3,2012,4,2012,0,0,0,0,0,2,2,25,1,1,2,1,0,0,11,15,2,1,1,72,0,0
25,250167,2,2,2,22,9,16,49,12,6,1,0,25,1,71,706,71706,80,2012,ZDM1RARR1CB0,Z,D,M,1,R,A,R,R,1,C,B,0,0,M,DUCA,,,12,17,,,,,,,,,,,,,,,,,,,0,0,000000000,00000000000,0,0,0,1,0,0,0,0,0,0,0,998,0,0,0,12,6,2,12,0,0,0,1,25,2169,6,1,0,0,2,0,72,999,0,0,0,0,0,0,0,0,0,1,6,0,0,0,2,2,25,1,1,2,1,0,0,1,62,4,2,1,73,2,1
25,250169,1,1,2,27,9,14,49,30,0,1,0,25,2,71,706,71706,80,2012,ZDM14BPW6CB0,Z,D,M,1,4,B,P,W,6,C,B,0,0,M,DUCA,,,12,17,,,,,,,,,,,,,,,,,,,0,0,000000000,00000000000,0,0,0,1,0,0,0,0,0,0,0,998,0,0,0,98,6,2,30,0,0,0,1,25,2190,6,1,0,0,3,0,68,999,0,0,0,1,1,12,2009,12,2009,9,99,99,99,99,1,2,25,1,9,2,1,0,0,1,13,99,9,4,5,1,0
25,250170,1,1,1,6,10,0,16,30,0,1,0,25,1,35,51,35051,6,2011,JN8AS5MV0BW2,J,N,8,A,S,5,M,V,0,B,W,2,0,P,NISS,ROG,UT,11,17,3435,,0,1059,,G,,F,4,153,,,16R215,,,,,,0,0,000000000,00000000000,0,0,0,1,0,0,0,0,0,0,0,998,0,0,0,12,6,2,42,0,0,1,1,25,2338,6,1,0,0,3,3,66,999,1,0,0,0,0,2,2012,2,2012,1,36,0,0,0,1,2,40,3,8,2,1,0,0,14,6,1,9,4,2,1,1
25,250171,1,1,1,27,7,21,31,33,0,1,0,25,2,53,705,53705,80,2000,JS1GR7HA7Y21,J,S,1,G,R,7,H,A,7,Y,2,1,0,M,SUZI,SX7,RC,0,17,,,,,,,749,,4,,4,366,,,,,,,0,0,000000000,00000000000,0,0,0,1,0,0,0,0,0,0,0,98,0,0,0,14,6,2,42,0,0,0,1,27,1201,6,1,0,0,2,2,73,210,0,0,0,0,0,0,0,0,0,1,36,74,0,0,1,2,25,1,1,2,1,3,3,1,17,1,1,4,1,1,1
25,250172,1,1,1,9,11,18,47,42,0,1,0,25,1,34,35,34035,4,2005,WBANA53575B8,W,B,A,N,A,5,3,5,7,5,B,8,0,P,BMW,525,4D,5,17,3417,,0,1114,,G,,F,6,152,,,16R225,,,,,,0,0,000000000,00000000000,0,0,0,1,0,0,0,0,0,0,0,998,0,1,4,3,6,2,1,0,0,0,1,25,2339,6,1,0,0,3,0,72,999,1,3,1,1,2,1,2010,8,2011,0,0,0,0,0,3,3,55,2,1,2,1,0,0,14,13,1,1,4,1,1,0
25,250173,1,1,2,4,11,0,28,1,0,1,0,25,2,35,48,35048,2,2006,JN1AZ36A76M4,J,N,1,A,Z,3,6,A,7,6,M,4,0,P,NISS,3ZR,RD,6,17,3580,,0,1043,,G,,F,6,214,,,18R225,,,,,,0,0,000000000,00000000000,0,0,0,1,0,0,0,0,0,0,0,998,0,1,3,0,6,2,1,0,0,0,1,25,2719,1,1,0,0,2,0,68,999,2,3,0,0,0,10,2010,11,2012,1,36,91,0,0,3,2,65,1,8,2,1,0,0,1,12,99,9,4,10,1,1
25,250174,1,1,3,1,11,20,55,33,0,1,0,25,2,35,43,35043,4,2004,3N1CB51DX4L8,3,N,1,C,B,5,1,D,X,4,L,8,0,P,NISS,S18,4D,4,17,2387,,0,998,,G,,F,4,108,,,15R195,,,,,,0,0,000000000,00000000000,0,0,0,1,0,0,0,0,0,0,0,998,0,0,0,14,6,2,42,0,0,0,1,25,2301,2,1,0,0,2,3,68,999,0,3,0,1,0,3,2011,2,2012,1,36,91,0,0,1,2,30,1,6,2,1,0,0,1,6,99,9,4,7,1,1
25,250175,1,1,1,3,11,1,35,23,0,1,0,25,2,37,402,37402,14,2000,JHLRD1877YS0,J,H,L,R,D,1,8,7,7,Y,S,0,0,P,HOND,CRV,UT,0,17,3254,,0,1032,,G,,F,4,120,,,15R205,,,,,,0,0,000000000,00000000000,0,0,0,1,0,0,0,0,0,0,0,998,0,0,0,98,6,2,3,0,0,0,1,25,2780,1,1,0,0,2,0,72,999,0,6,0,0,0,12,2011,10,2012,1,36,0,0,0,1,2,30,3,1,2,1,0,0,14,6,99,9,4,2,1,1
25,250176,1,1,4,29,10,15,57,24,0,1,0,25,1,49,401,49401,14,1998,JT3HN86RXW01,J,T,3,H,N,8,6,R,X,W,0,1,0,P,TOYT,RUN,UT,98,17,3850,,0,1053,,G,,F,6,206,,,15R225,,,,,,0,0,000000000,00000000000,0,0,0,1,0,0,0,0,0,0,0,998,0,1,1,1,6,2,24,0,0,0,1,25,1902,1,1,0,0,2,0,999,999,1,0,0,0,0,7,2012,7,2012,1,36,0,0,0,3,2,50,1,1,2,2,0,0,1,6,99,9,4,2,1,0
25,250177,1,1,1,7,12,17,47,8,0,1,0,25,1,6,52,6052,6,2001,3C8FY4BB01T5,3,C,8,F,Y,4,B,B,0,1,T,5,0,P,CHRY,PTC,SV,1,17,3109,,0,1030,,G,,F,4,148,,,15R195,,,,,,0,0,000000000,00000000000,0,0,0,1,0,0,0,0,0,0,0,998,0,0,0,12,8,2,8,0,0,0,1,25,1420,6,1,0,0,3,3,59,999,0,0,0,0,0,0,0,0,0,0,99,99,99,99,1,2,25,1,1,2,2,40,3,1,80,99,1,1,13,0,0
25,250178,1,1,1,11,12,5,53,8,0,1,0,25,1,37,32,37032,4,2011,1HGCP2F72BA0,1,H,G,C,P,2,F,7,2,B,A,0,0,P,HOND,UEX,4D,11,17,3375,,0,1102,,G,,F,4,146,,,17R225,,,,,,0,0,000000000,00000000000,0,0,0,1,0,0,0,0,0,0,0,998,0,0,0,12,8,8,8,0,0,0,1,25,1905,6,1,0,0,3,3,65,999,0,0,0,0,0,0,0,0,0,0,99,99,99,99,2,2,30,1,1,2,2,3,3,1,80,1,1,1,13,0,0
25,250179,1,1,1,12,12,20,52,24,0,1,0,25,1,37,32,37032,4,1999,1HGCG6650XA1,1,H,G,C,G,6,6,5,0,X,A,1,0,P,HOND,ULX,4D,99,17,3053,,0,1069,,G,,F,4,138,,,15R195,,,,,,0,0,000000000,00000000000,0,0,0,1,0,0,0,0,0,0,0,998,0,0,0,12,6,2,24,0,0,0,1,25,1960,6,1,0,0,3,0,69,999,0,0,0,0,0,0,0,0,0,0,58,0,0,0,3,2,55,1,6,2,1,0,0,1,11,6,9,4,7,1,0
25,250180,1,1,1,15,12,17,32,8,0,1,0,25,1,14,6,14006,4,2003,2MEFM75W23X6,2,M,E,F,M,7,5,W,2,3,X,6,0,P,MERC,MGL,4D,3,17,3958,,0,1147,,G,,F,8,281,,,16R225,,,,,,0,0,000000000,00000000000,0,0,0,1,0,0,0,0,0,0,0,998,0,0,0,12,8,3,8,0,0,0,1,25,2745,6,1,0,0,3,0,67,999,0,0,0,0,0,0,0,0,0,0,99,99,99,99,1,2,35,1,8,2,1,0,0,1,80,1,1,1,13,0,0
25,250181,1,1,2,10,11,2,18,30,0,1,0,25,2,20,22,20022,2,2006,1G1AK15F9678,1,G,1,A,K,1,5,F,9,6,7,8,0,P,CHEV,BLS,CP,6,17,2991,,0,1033,,G,,F,4,134,,,15R195,,,,,,0,0,000000000,00000000000,0,0,0,1,0,0,0,0,0,0,0,998,0,0,0,12,6,2,30,0,0,0,1,25,1540,6,1,0,0,3,0,73,999,0,0,0,0,0,0,0,0,0,9,99,99,99,99,1,2,98,1,1,2,1,0,0,1,13,99,1,4,1,2,1
25,250182,1,1,1,1,8,19,23,42,0,1,0,25,1,37,706,37706,80,1999,JH2SC3304XM3,J,H,2,S,C,3,3,0,4,X,M,3,0,M,HOND,CR9,RC,99,17,,,,,,,919,,4,,4,397,,,,,,,0,0,000000000,00000000000,0,0,0,1,0,0,0,0,0,0,0,98,0,0,0,12,6,2,42,0,0,0,1,25,1585,6,1,0,0,3,0,70,999,0,0,0,0,0,0,0,0,0,1,0,0,0,0,1,2,30,2,1,2,1,0,0,14,12,1,1,4,6,1,1
25,250183,1,1,1,11,11,1,30,42,0,1,0,25,1,54,31,54031,3,1994,JH4DC4349RS0,J,H,4,D,C,4,3,4,9,R,S,0,0,P,ACUR,IRS,2H,94,17,2458,,0,1012,,G,,F,4,112,,,14R190,,,,,,0,0,000000000,00000000000,0,0,0,1,0,0,0,0,0,0,0,998,0,0,0,98,6,2,42,0,0,1,1,25,2543,6,1,0,0,3,0,70,999,0,0,0,0,0,0,0,0,0,1,0,0,0,0,1,2,40,1,1,2,1,0,0,1,6,99,9,4,2,1,0
25,250184,1,1,3,22,7,0,48,30,0,1,0,25,1,32,40,32040,4,2000,WAUDD68D1YA1,W,A,U,D,D,6,8,D,1,Y,A,1,0,P,AUDI,S4Q,4D,0,17,3296,,0,1026,,G,,T,6,163,,,17R225,,,,,,0,0,000000000,00000000000,0,0,0,1,0,0,0,0,0,0,0,98,0,1,5,83,6,2,42,0,0,0,1,25,1462,6,1,0,0,3,0,74,999,0,1,0,3,0,12,2009,10,2011,1,36,0,0,0,1,2,30,3,1,2,1,0,0,1,13,1,7,4,2,1,1
25,250185,1,1,1,16,11,16,47,8,0,1,0,25,1,14,37,14037,4,1998,1MEFM66L0WK6,1,M,E,F,M,6,6,L,0,W,K,6,0,P,MERC,MLE,4D,98,17,0,,0,1065,,G,,F,6,155,,,15R205,,,,,,0,0,000000000,00000000000,0,0,0,1,0,0,0,0,0,0,0,998,0,0,0,13,6,2,8,0,0,0,1,25,2169,6,1,0,0,3,0,63,999,0,0,0,0,0,0,0,0,0,0,0,0,0,0,1,4,35,1,1,2,1,0,0,1,80,4,1,1,13,0,0
25,250186,1,1,1,19,11,7,41,30,0,1,0,25,2,13,1,13001,4,1994,1LNLM81W0RY6,1,L,N,L,M,8,1,W,0,R,Y,6,0,P,LINC,EXC,4D,94,17,4039,,0,1174,,G,,F,8,281,,,15R215,,,,,,0,0,000000000,00000000000,0,0,0,1,0,0,0,0,0,0,0,998,0,0,0,3,8,2,8,0,0,0,1,25,2169,2,1,0,0,2,0,73,999,4,8,0,0,1,5,2010,6,2012,0,91,6,0,0,1,2,30,1,1,2,1,0,0,1,13,99,1,4,4,0,0
25,250187,1,1,2,9,10,19,57,8,0,1,0,25,2,12,401,12401,14,2011,1FMHK8D88BGA,1,F,M,H,K,8,D,8,8,B,G,A,0,P,FORD,EPR,UT,11,17,4752,,0,1126,,G,,F,6,214,,,18R245,,,,,,0,0,000000000,00000000000,0,0,0,1,0,0,0,0,0,0,0,998,0,0,0,12,8,2,8,0,0,0,1,25,1890,6,1,0,0,3,3,69,999,0,0,0,0,0,0,0,0,0,0,38,0,0,0,1,2,30,1,1,2,1,0,0,1,80,1,1,1,13,0,0
25,250188,1,1,1,21,10,15,36,8,0,1,0,25,1,12,999,12999,99,2003,999999999999,9,9,9,9,9,9,9,9,9,9,9,9,0,U,,,,9,17,,,,,,,,,,,,,,,,,,,0,0,000000000,00000000000,0,0,0,1,0,0,0,0,0,0,0,998,0,0,0,12,8,2,8,0,0,0,1,25,1007,6,2,0,0,3,3,68,999,0,0,0,2,0,11,2010,11,2010,9,6,91,0,0,1,2,40,1,1,2,1,0,0,1,81,99,1,4,13,0,0
25,250189,1,1,1,27,10,19,29,8,0,1,0,25,1,49,32,49032,4,2004,2T1BR32E24C1,2,T,1,B,R,3,2,E,2,4,C,1,0,P,TOYT,UCS,4D,4,17,2502,,0,1024,,G,,F,4,109,,,15R185,,,,,,0,0,000000000,00000000000,0,0,0,1,0,0,0,0,0,0,0,998,0,0,0,12,8,2,8,0,0,0,1,25,2777,6,1,0,0,3,3,64,999,0,0,0,0,0,0,0,0,0,0,0,0,0,0,1,2,35,1,1,2,1,0,0,1,80,99,1,1,13,0,0
25,250190,1,1,2,23,7,13,34,9,0,1,0,25,1,35,47,35047,4,2008,1N4AL21E98C2,1,N,4,A,L,2,1,E,9,8,C,2,0,P,NISS,ATS,4D,8,17,3028,,0,1093,,G,,F,4,153,,,16R215,,,,,,0,0,000000000,00000000000,0,0,0,1,0,0,0,0,0,0,0,98,0,0,0,82,6,2,9,0,0,0,1,25,1501,6,1,0,0,3,0,71,999,2,1,0,1,6,3,2010,5,2012,0,0,0,0,0,1,2,30,1,1,2,1,0,0,1,83,6,1,1,13,0,0
25,250191,1,2,1,1,11,11,58,12,2,1,0,25,2,48,34,48034,6,2005,4S4BP62C4563,4,S,4,B,P,6,2,C,4,5,6,3,0,P,SUBA,LOL,SW,5,17,3365,,0,1051,,G,,F,4,152,,,16R225,,,,,,0,0,000000000,00000000000,0,0,0,1,0,0,0,0,0,0,0,998,0,0,0,12,6,2,12,0,0,0,1,36,10021,6,1,0,0,3,0,72,999,0,0,0,0,0,0,0,0,0,0,84,58,0,0,2,2,98,1,1,2,1,0,0,1,51,7,3,6,50,1,1
25,250191,2,2,1,1,11,11,58,12,2,1,0,25,1,42,31,42031,4,1978,116120120007,1,1,6,1,2,0,1,2,0,0,0,7,0,P,MERZ,3SD,4D,78,14,3890,,0,1128,,D,,T,5,183,,,14R185,,,,,,0,0,000000000,00000000000,0,0,0,1,0,0,0,0,0,0,0,998,0,0,0,12,6,2,12,0,0,0,1,25,2666,6,1,0,0,3,0,67,999,2,0,0,0,1,11,2009,10,2012,0,0,0,0,0,2,2,98,1,1,2,1,0,0,1,62,99,1,1,51,0,0
25,250192,1,1,1,11,5,20,34,33,0,1,0,25,1,37,705,37705,80,2003,JH2PC370X3M0,J,H,2,P,C,3,7,0,X,3,M,0,0,M,HOND,B60,RC,3,17,,,,,,,599,,4,,4,370,,,,,,,0,0,000000000,00000000000,0,0,0,1,0,0,0,0,0,0,0,50,0,0,0,14,6,2,26,0,0,0,1,25,2135,6,1,0,0,3,0,69,999,0,0,0,0,0,0,0,0,0,0,52,0,0,0,3,4,50,3,6,2,1,3,3,1,9,1,1,2,2,1,0
25,250193,1,1,1,1,11,18,22,8,0,1,0,25,1,49,32,49032,4,2006,2T1BR32E76C6,2,T,1,B,R,3,2,E,7,6,C,6,0,P,TOYT,UCS,4D,6,17,2530,,0,1024,,G,,F,4,109,,,15R185,,,,,,0,0,000000000,00000000000,0,0,0,1,0,0,0,0,0,0,0,998,0,0,0,3,8,2,8,0,0,0,1,25,2341,6,1,0,0,3,0,72,999,0,0,0,0,0,0,0,0,0,0,0,0,0,0,1,4,45,1,5,2,1,0,0,1,80,99,9,1,13,0,0
25,250194,1,2,2,30,11,22,29,12,6,1,0,25,1,21,20,21020,4,1994,1G3WH55M4RD3,1,G,3,W,H,5,5,M,4,R,D,3,0,P,OLDS,SUS,4D,94,17,3137,,0,1075,,G,,F,6,191,,,15R205,,,,,,0,0,000000000,00000000000,0,0,0,1,0,0,0,0,0,0,0,998,0,0,0,3,6,2,12,0,0,0,1,25,2659,6,1,0,0,3,0,67,999,0,0,0,0,0,0,0,0,0,0,0,0,0,0,2,2,45,1,1,2,1,1,3,11,63,1,1,1,68,1,0
25,250194,2,2,1,30,11,22,29,12,6,1,0,25,2,12,422,12422,15,1999,1FMPU18L0XLB,1,F,M,P,U,1,8,L,0,X,L,B,0,P,FORD,EPT,UT,99,17,5177,,0,1191,,G,,F,8,330,,,17R265,,,,,,0,0,000000000,00000000000,0,0,0,1,0,0,0,0,0,0,0,28,0,1,1,12,6,2,12,0,0,0,1,25,2537,6,2,0,0,3,1,69,999,0,0,0,0,0,0,0,0,0,0,38,39,91,0,2,2,45,1,1,2,1,1,3,1,17,1,1,1,69,0,0