STATE,ST_CASE,VEH_NO,VE_FORMS,NUMOCCS,DAY,MONTH,HOUR,MINUTE,HARM_EV,MAN_COLL,UNITTYPE,HIT_RUN,REG_STAT,OWNER,MAKE,MODEL,MAK_MOD,BODY_TYP,MOD_YEAR,VIN,VIN_1,VIN_2,VIN_3,VIN_4,VIN_5,VIN_6,VIN_7,VIN_8,VIN_9,VIN_10,VIN_11,VIN_12,TOW_VEH,VINTYPE,VINMAKE,VINA_MOD,VIN_BT,VINMODYR,VIN_LNGT,VIN_WGT,WGTCD_TR,WHLBS_LG,WHLBS_SH,SER_TR,FUELCODE,MCYCL_DS,CARBUR,CYLINDER,DISPLACE,MCYCL_CY,MCYCL_WT,TIRE_SZE,TON_RAT,TRK_WT,TRKWTVAR,VIN_REST,WHLDRWHL,J_KNIFE,MCARR_I1,MCARR_I2,MCARR_ID,GVWR,V_CONFIG,CARGO_BT,HAZ_INV,HAZ_PLAC,HAZ_ID,HAZ_CNO,HAZ_REL,BUS_USE,SPEC_USE,EMER_USE,TRAV_SP,UNDERIDE,ROLLOVER,ROLINLOC,IMPACT1,DEFORMED,TOWED,M_HARM,VEH_SC1,VEH_SC2,FIRE_EXP,DR_PRES,L_STATE,DR_ZIP,L_STATUS,L_TYPE,CDL_STAT,L_ENDORS,L_COMPL,L_RESTRI,DR_HGT,DR_WGT,PREV_ACC,PREV_SUS,PREV_DWI,PREV_SPD,PREV_OTH,FIRST_MO,FIRST_YR,LAST_MO,LAST_YR,SPEEDREL,DR_SF1,DR_SF2,DR_SF3,DR_SF4,VTRAFWAY,VNUM_LAN,VSPD_LIM,VALIGN,VPROFILE,VPAVETYP,VSURCOND,VTRAFCON,VTCONT_F,P_CRASH1,P_CRASH2,P_CRASH3,PCRASH4,PCRASH5,ACC_TYPE,DEATHS,DR_DRINK
26,260070,1,1,4,12,2,2,35,30,0,1,0,26,1,22,20,22020,4,2007,2G2WP5524711,2,G,2,W,P,5,5,2,4,7,1,1,0,P,PONT,GRA,4D,7,17,3477,,0,1105,,G,,F,6,232,,,16R225,,,,,,0,0,000000000,00000000000,0,0,0,1,0,0,0,0,0,0,0,998,0,0,0,1,6,2,30,0,0,0,1,26,48239,6,1,0,0,3,0,71,175,0,4,0,0,1,3,2009,7,2011,0,87,0,0,0,2,4,45,1,1,1,1,0,0,15,5,99,9,4,2,1,0
26,260071,1,2,1,13,2,18,45,12,2,1,0,26,1,22,2,22002,4,1999,1G2HX52K6XH2,1,G,2,H,X,5,2,K,6,X,H,2,0,P,PONT,BVS,4D,99,17,3446,,0,1108,,G,,F,6,231,,,15R215,,,,,,0,0,000000000,00000000000,0,0,0,1,0,0,0,0,0,0,0,998,0,0,0,12,6,2,12,0,0,0,1,26,49544,6,1,0,0,3,0,76,310,1,1,0,1,0,4,2011,7,2011,0,28,0,0,0,1,2,55,1,1,2,1,0,0,1,10,99,1,2,50,1,0
26,260071,2,2,1,13,2,18,45,12,2,1,0,26,2,12,37,12037,4,2007,1FAFP34N37W1,1,F,A,F,P,3,4,N,3,7,W,1,0,P,FORD,X4S,4D,7,17,2636,,0,1029,,G,,F,4,122,,,15R195,,,,,,0,0,000000000,00000000000,0,0,0,1,0,0,0,0,0,0,0,998,0,0,0,12,6,2,12,0,0,0,1,26,49337,6,1,0,0,3,0,71,231,0,0,0,2,1,7,2010,4,2011,0,0,0,0,0,1,2,55,1,1,2,1,0,0,1,62,99,1,1,51,1,0
26,260072,1,1,1,10,2,13,40,14,0,1,0,26,1,20,37,20037,4,2004,1G1ZS54854F1,1,G,1,Z,S,5,4,8,5,4,F,1,0,P,CHEV,MAL,4D,4,17,3174,,0,1063,,G,,F,6,214,,,15R205,,,,,,0,0,000000000,00000000000,0,0,0,1,0,0,0,0,0,0,0,998,0,0,0,1,6,2,8,0,0,0,1,26,48223,6,1,0,0,3,0,62,120,4,0,0,1,0,6,2010,5,2011,0,6,0,0,0,3,4,55,1,1,2,2,0,0,1,13,99,1,4,1,0,0
26,260073,1,1,3,14,2,9,30,42,0,1,0,26,1,7,442,7442,20,2000,1B4GP44G3YB5,1,B,4,G,P,4,4,G,3,Y,B,5,0,T,DODG,GSS,ES,0,17,,1,0,1193,CAR,F,,,6,201,,,,,3863,00,E,42,0,0,000000000,00000000000,0,0,0,1,0,0,0,0,0,0,0,998,0,0,0,9,6,2,42,0,0,0,1,26,49342,6,1,0,0,3,0,61,190,0,0,0,0,0,0,0,0,0,1,0,0,0,0,1,2,55,1,1,2,2,0,0,1,13,99,1,4,1,1,0
26,260074,1,2,1,11,2,11,16,23,0,1,0,26,1,13,12,13012,4,2003,1LNHM86S13Y6,1,L,N,H,M,8,6,S,1,3,Y,6,0,P,LINC,LLS,4D,3,17,4156,,0,1145,,G,,F,6,182,,,16R225,,,,,,0,0,000000000,00000000000,0,0,0,1,0,0,0,0,0,0,0,998,0,0,0,12,6,2,12,0,0,0,1,26,48111,6,1,0,0,3,0,67,240,0,0,0,0,0,0,0,0,0,1,87,0,0,0,3,3,70,1,1,1,3,0,0,1,5,6,4,4,2,1,0
26,260074,2,2,1,11,2,11,16,23,0,1,0,26,1,55,401,55401,14,2006,KM8SC73D16U1,K,M,8,S,C,7,3,D,1,6,U,1,0,P,HYUN,SAN,UT,6,17,3549,,0,1031,,G,,F,6,162,,,16R225,,,,,,0,0,000000000,00000000000,0,0,0,1,0,0,0,0,0,0,0,998,0,0,0,12,6,2,12,0,0,0,1,26,48322,6,1,0,0,3,0,70,195,0,0,0,0,0,0,0,0,0,0,0,0,0,0,3,3,70,1,1,1,3,0,0,1,61,99,1,1,98,0,0
26,260075,1,1,1,16,2,21,11,10,0,1,0,26,1,20,37,20037,4,2005,1G1ZT54815F2,1,G,1,Z,T,5,4,8,1,5,F,2,0,P,CHEV,M/L,4D,5,17,3297,,0,1063,,G,,F,6,214,,,15R205,,,,,,0,0,000000000,00000000000,0,0,0,1,0,0,0,0,0,0,0,998,0,0,0,9,6,2,10,0,0,0,1,26,48933,6,1,0,0,3,0,69,180,0,0,0,1,0,11,2009,11,2009,0,39,0,0,0,1,2,25,1,1,2,1,65,3,1,91,99,1,1,98,1,0
26,260076,1,1,1,17,2,2,30,53,0,1,0,26,1,2,404,2404,14,2001,1J4FF58S61L5,1,J,4,F,F,5,8,S,6,1,L,5,0,T,JEEP,LCL,4W,1,17,,1,0,1014,CHK,G,,,6,244,,,,,3249,00,E,44,0,0,000000000,00000000000,0,0,0,1,0,0,0,0,0,0,0,998,0,1,5,12,6,2,3,0,0,0,1,26,48768,6,1,0,0,3,0,71,165,0,0,0,2,0,2,2010,8,2010,0,6,0,0,0,1,2,55,1,1,2,1,0,0,1,13,99,1,4,1,1,1
26,260077,1,1,2,19,2,0,25,35,0,1,0,26,1,20,20,20020,4,1998,2G1WL52M0W91,2,G,1,W,L,5,2,M,0,W,9,1,0,P,CHEV,L/S,4D,98,17,3330,,0,1075,,G,,F,6,191,,,15R205,,,,,,0,0,000000000,00000000000,0,0,0,1,0,0,0,0,0,0,0,998,0,1,5,2,6,2,35,0,0,0,1,26,48706,1,1,0,0,2,0,72,176,1,1,0,0,1,3,2010,2,2012,1,99,99,99,99,1,2,55,1,1,1,1,0,0,1,12,99,1,4,6,2,1
26,260078,1,2,1,17,2,8,42,12,6,1,0,26,1,20,32,20032,4,1997,1Y1SK5260VZ4,1,Y,1,S,K,5,2,6,0,V,Z,4,0,P,GEO,GEP,4D,97,17,2360,,0,971,,G,,F,4,097,,,14R175,,,,,,0,0,000000000,00000000000,0,0,0,1,0,0,0,0,0,0,0,998,0,0,0,11,6,2,12,0,0,0,1,26,49601,6,1,0,0,3,3,65,135,0,0,0,0,0,0,0,0,0,0,38,0,0,0,0,0,0,0,0,0,0,0,0,11,15,99,1,1,82,1,0
26,260078,2,2,1,17,2,8,42,12,6,1,0,26,3,93,981,93981,51,1993,1M8GDMLA9PP0,1,M,8,G,D,M,L,A,9,P,P,0,0,T,MCIN,,,93,17,,,,,,,,,,,,,,,,,,,0,88,888888888,88888888888,3,21,22,1,0,0,0,0,7,0,0,998,0,0,0,1,2,1,12,0,0,0,1,26,49341,6,1,6,1,3,0,74,200,0,0,0,0,0,0,0,0,0,0,0,0,0,0,1,2,55,1,1,2,1,0,0,1,71,6,1,3,83,0,0
26,260079,1,2,1,19,2,17,40,12,2,1,0,26,1,7,472,7472,30,2000,1B7GL22X5YS6,1,B,7,G,L,2,2,X,5,Y,S,6,0,T,DODG,DAK,PC,0,17,,1,0,1309,DAK,G,,,6,239,,,,B,3494,00,U,42,0,0,000000000,00000000000,0,0,0,1,0,0,0,0,0,0,0,998,0,0,0,12,6,2,12,0,0,0,1,26,49078,3,1,0,0,2,0,66,176,1,4,0,0,0,7,2009,9,2010,0,28,0,0,0,1,2,55,1,1,2,1,0,0,1,10,99,1,2,50,1,1
26,260079,2,2,1,19,2,17,40,12,2,1,0,26,1,21,21,21021,4,1993,1G3NL5431PM0,1,G,3,N,L,5,4,3,1,P,M,0,0,P,OLDS,ACS,4D,93,17,2704,,0,1034,,G,,F,4,138,,,14R185,,,,,,0,0,000000000,00000000000,0,0,0,1,0,0,0,0,0,0,0,998,0,0,0,12,6,2,12,0,0,0,1,26,49078,6,1,6,0,3,3,70,210,0,0,0,0,0,0,0,0,0,0,0,0,0,0,1,2,55,1,1,2,1,0,0,1,62,6,1,1,51,0,0
26,260080,1,2,1,9,2,13,5,12,2,1,0,26,2,21,21,21021,4,2004,1G3NL52E04C2,1,G,3,N,L,5,2,E,0,4,C,2,0,P,OLDS,A/G,4D,4,17,2950,,0,1070,,G,,F,6,207,,,15R215,,,,,,0,0,000000000,00000000000,0,0,0,1,0,0,0,0,0,0,0,998,0,0,0,12,6,2,12,0,0,0,1,26,49017,6,1,0,0,3,0,65,140,1,0,0,0,0,10,2011,10,2011,0,28,0,0,0,5,2,45,1,1,2,1,0,0,15,10,99,1,3,50,1,0
26,260080,2,2,1,9,2,13,5,12,2,1,0,26,2,14,401,14401,14,1997,4M2DU55P6VUJ,4,M,2,D,U,5,5,P,6,V,U,J,0,P,MERC,MOU,UT,97,17,0,,0,1120,,G,,F,8,302,,,15R235,,,,,,0,0,000000000,00000000000,0,0,0,1,0,0,0,0,0,0,0,998,0,0,0,12,6,2,12,0,0,0,1,26,49015,6,1,0,0,3,0,76,195,0,0,0,0,0,0,0,0,0,0,0,0,0,0,5,2,45,1,1,2,1,0,0,1,62,99,1,1,51,0,0
26,260081,1,1,1,21,2,6,42,8,0,1,0,26,2,14,17,14017,4,2001,1MEFM50U61A6,1,M,E,F,M,5,0,U,6,1,A,6,0,P,MERC,SGS,4D,1,17,3366,,0,1085,,G,,F,6,182,,,16R215,,,,,,0,0,000000000,00000000000,0,0,0,1,0,0,0,0,0,0,0,998,0,0,0,12,2,3,8,0,0,0,1,26,49107,6,1,0,0,3,3,69,220,1,0,0,0,0,10,2009,10,2009,0,0,0,0,0,1,4,55,1,1,1,2,0,0,1,80,99,1,1,13,0,0
26,260082,1,2,1,8,2,15,10,12,2,1,0,26,2,6,42,6042,4,1997,2C3HC56F0VH5,2,C,3,H,C,5,6,F,0,V,H,5,0,P,CHRY,LHS,4D,97,17,3527,,0,1130,,G,,F,6,215,,,16R225,,,,,,0,0,000000000,00000000000,0,0,0,1,0,0,0,0,0,0,0,998,0,0,0,12,6,2,12,0,0,0,1,26,49302,6,2,0,0,3,3,67,130,0,0,0,0,0,0,0,0,0,1,28,87,0,0,1,2,55,1,1,2,3,0,0,1,5,99,1,2,50,0,0
26,260082,2,2,2,8,2,15,10,12,2,1,0,26,1,20,37,20037,4,2005,1G1ZT628X5F2,1,G,1,Z,T,6,2,8,X,5,F,2,0,P,CHEV,XLS,4D,5,17,3476,,0,1123,,G,,F,6,214,,,16R215,,,,,,0,0,000000000,00000000000,0,0,0,1,0,0,0,0,0,0,0,998,0,0,0,12,6,2,12,0,0,0,1,26,49302,6,1,0,0,3,3,63,120,0,0,0,0,0,0,0,0,0,0,0,0,0,0,1,2,55,1,1,2,3,0,0,1,62,99,1,1,51,1,0
26,260083,1,2,1,21,2,13,49,12,2,1,0,26,1,49,40,49040,4,1987,JT2SV22V0H00,J,T,2,S,V,2,2,V,0,H,0,0,0,P,TOYT,CLE,SW,87,17,0,,0,1024,,G,,F,4,122,,,14R185,,,,,,0,0,000000000,00000000000,0,0,0,1,0,0,0,0,0,0,0,998,0,0,0,12,6,2,12,0,0,0,1,26,48655,6,1,0,0,3,0,69,215,0,0,0,0,0,0,0,0,0,0,0,0,0,0,1,2,55,1,1,2,2,0,0,1,62,99,1,1,51,1,0
26,260083,2,2,1,21,2,13,49,12,2,1,0,26,1,21,20,21020,2,1991,1G3WH14T2MD3,1,G,3,W,H,1,4,T,2,M,D,3,0,P,OLDS,CSF,CP,91,17,3004,,0,1075,,G,,F,6,191,,,14R195,,,,,,0,0,000000000,00000000000,0,0,0,1,0,0,0,0,0,0,0,998,0,0,0,12,6,2,12,0,0,0,1,26,48616,6,1,6,0,3,0,66,170,2,0,0,2,0,2,2010,2,2012,0,28,0,0,0,1,2,55,1,1,2,2,0,0,1,10,99,1,2,50,0,1
26,260084,1,1,1,12,2,5,41,8,0,1,0,26,2,23,421,23421,15,2005,2GTEK13T9512,2,G,T,E,K,1,3,T,9,5,1,2,0,T,GMC,NK1,CW,5,17,,2,0,1435,SIE,G,,,8,325,,,,B,5299,00,E,44,0,0,000000000,00000000000,0,0,0,1,0,0,0,0,0,0,0,998,0,0,0,1,6,2,8,0,0,0,1,26,49410,6,1,0,0,3,3,75,145,2,0,0,1,0,2,2009,2,2010,0,0,0,0,0,5,4,55,1,1,1,1,0,0,1,80,99,1,1,13,0,0
26,260085,1,2,1,22,2,8,19,12,2,1,0,26,1,7,472,7472,30,1996,1B7GL23X5TS6,1,B,7,G,L,2,3,X,5,T,S,6,0,T,DODG,DAK,PC,96,17,,1,0,1309,DAK,G,,,6,239,,,,B,3455,00,M,42,0,0,000000000,00000000000,0,0,0,1,0,0,0,0,0,0,0,998,0,0,0,12,6,2,12,0,0,0,1,26,49099,6,1,0,0,3,0,68,347,0,0,0,0,0,0,0,0,0,0,28,87,36,0,1,2,55,1,1,2,4,0,0,1,10,99,1,2,50,1,0
26,260085,2,2,1,22,2,8,19,12,2,1,0,26,1,7,442,7442,20,1992,2B4GH45K4NR5,2,B,4,G,H,4,5,K,4,N,R,5,0,P,DODG,CAR,SV,92,17,3314,,0,1120,,G,,F,4,153,,,14R195,,,,,,0,0,000000000,00000000000,0,0,0,1,0,0,0,0,0,0,0,998,0,0,0,12,6,2,12,0,0,0,1,26,49091,6,1,0,0,3,3,69,160,0,0,0,0,0,0,0,0,0,0,0,0,0,0,1,2,55,1,1,2,4,0,0,1,62,99,1,1,51,0,0
26,260086,1,2,1,23,2,1,39,12,6,1,0,26,1,21,21,21021,2,2000,1G3NF12E7YC4,1,G,3,N,F,1,2,E,7,Y,C,4,0,P,OLDS,AGS,CP,0,17,2958,,0,1070,,G,,F,6,207,,,16R225,,,,,,0,0,000000000,00000000000,0,0,0,1,0,0,0,0,0,0,0,998,0,0,0,12,6,2,12,0,0,0,1,26,49423,6,1,0,0,3,3,70,175,0,0,0,0,0,0,0,0,0,0,38,39,0,0,1,2,25,1,1,2,2,2,3,1,17,99,1,1,88,0,1
26,260086,2,2,1,23,2,1,39,12,6,1,0,26,1,49,32,49032,4,1992,1NXAE97A6NZ3,1,N,X,A,E,9,7,A,6,N,Z,3,0,P,TOYT,CED,4D,92,17,2352,,0,957,,G,,F,4,097,,,000000,,,,,,0,0,000000000,00000000000,0,0,0,1,0,0,0,0,0,0,0,998,0,0,0,9,6,2,12,0,0,0,1,26,49419,6,1,0,0,3,0,63,130,1,0,0,1,1,8,2011,11,2011,0,0,0,0,0,1,2,98,1,1,2,2,2,3,1,66,99,1,1,89,1,0
26,260087,1,1,2,13,2,0,8,34,0,1,0,26,2,12,423,12423,16,2001,1FMNU41S71EB,1,F,M,N,U,4,1,S,7,1,E,B,0,P,FORD,EXC,UT,1,17,7083,,0,1371,,G,,F,10,415,,,16R265,,,,,,0,0,000000000,00000000000,0,0,0,1,0,0,0,0,0,0,0,998,0,1,5,3,6,2,1,0,0,0,1,26,48341,1,1,0,0,2,0,71,195,2,12,0,0,1,4,2009,8,2011,1,0,0,0,0,1,2,40,3,1,2,1,0,0,14,6,99,4,4,7,1,1
26,260088,1,2,1,12,2,8,50,12,6,1,0,26,2,20,20,20020,4,1999,2G1WL52M2X92,2,G,1,W,L,5,2,M,2,X,9,2,0,P,CHEV,L/S,4D,99,17,3330,,0,1075,,G,,F,6,191,,,15R205,,,,,,0,0,000000000,00000000000,0,0,0,1,0,0,0,0,0,0,0,998,0,0,0,3,6,2,12,0,0,0,1,26,48316,6,1,0,0,3,0,62,125,2,0,0,0,1,7,2010,4,2011,1,28,0,0,0,1,2,55,1,2,4,3,0,0,1,10,99,4,2,64,1,0
26,260088,2,2,1,12,2,8,50,12,6,1,0,26,2,22,22,22022,4,2008,1G2ZG57B6842,1,G,2,Z,G,5,7,B,6,8,4,2,0,P,PONT,6BS,4D,8,17,3305,,0,1123,,G,,F,4,146,,,17R225,,,,,,0,0,000000000,00000000000,0,0,0,1,0,0,0,0,0,0,0,998,0,0,0,12,6,8,12,0,0,0,1,26,48362,6,1,0,0,3,3,62,160,0,0,0,0,0,0,0,0,0,0,0,0,0,0,1,2,55,1,2,4,3,0,0,1,62,99,1,1,65,0,0
26,260089,1,1,1,4,2,1,10,8,0,1,1,26,3,20,461,20461,21,2008,1GAHG39K9811,1,G,A,H,G,3,9,K,9,8,1,1,0,T,CHEV,E35,ES,8,17,,2,0,1550,EXP,G,,,8,366,,,,D,6330,00,,42,0,0,000000000,00000000000,0,0,0,1,0,0,0,0,0,0,0,998,0,0,0,11,4,1,8,0,0,0,1,26,48221,6,1,0,0,3,0,74,211,0,0,0,0,0,0,0,0,0,0,6,0,0,0,1,2,30,1,1,2,1,0,0,1,80,99,9,9,13,0,0
26,260090,1,1,1,12,2,11,39,53,0,1,0,26,1,20,461,20461,21,1998,1GCHG35R5W11,1,G,C,H,G,3,5,R,5,W,1,1,0,T,CHEV,G35,CG,98,17,,2,0,1350,VAN,G,,,8,350,,,,D,5434,00,,42,0,0,000000000,00000000000,0,0,0,1,0,0,0,0,0,0,0,998,0,1,5,11,6,2,42,0,0,0,1,26,48189,6,1,0,0,3,3,68,150,0,0,0,0,0,0,0,0,0,0,99,99,99,99,1,2,55,1,1,2,2,0,0,1,12,99,1,4,6,1,0
26,260091,1,2,2,24,2,4,28,12,6,1,0,26,1,20,421,20421,15,2005,1GNEK13T35J2,1,G,N,E,K,1,3,T,3,5,J,2,0,P,CHEV,KTA,UT,5,17,5192,,0,1160,,G,,F,8,325,,,16R265,,,,,,0,0,000000000,00000000000,0,0,0,1,0,0,0,0,0,0,0,998,0,0,0,3,6,2,12,0,0,0,1,26,49507,1,1,0,0,2,3,70,140,0,4,0,2,1,9,2009,1,2012,0,28,87,0,0,1,2,55,1,1,2,4,0,0,1,5,99,4,2,64,1,0
26,260091,2,2,1,24,2,4,28,12,6,1,0,26,3,82,881,82881,66,2001,1FUYDDYB41LH,1,F,U,Y,D,D,Y,B,4,1,L,H,1,T,FRHT,FLD,TR,1,17,,8,0,0,CON,D,,,6,855,,,,,00000,00,,64,3,57,001706566,57001706566,3,6,2,1,0,0,0,0,0,0,0,998,0,0,0,12,6,2,12,0,0,0,1,26,49014,6,1,6,1,3,0,67,180,0,0,0,0,0,0,0,0,0,0,87,88,0,0,1,2,55,1,1,2,4,0,0,1,62,4,1,1,65,0,0
26,260092,1,2,4,24,2,20,25,8,0,1,0,26,1,22,22,22022,4,2007,1G2ZG58N5741,1,G,2,Z,G,5,8,N,5,7,4,1,0,P,PONT,6BS,4D,7,17,3305,,0,1123,,G,,F,6,214,,,17R225,,,,,,0,0,000000000,00000000000,0,0,0,1,0,0,0,0,0,0,0,998,0,0,0,1,2,1,8,0,0,0,1,26,48228,6,1,6,0,3,0,72,199,1,0,0,0,0,7,2011,7,2011,0,0,0,0,0,1,4,30,1,1,2,2,0,0,1,80,99,1,1,13,0,0
26,260092,2,2,1,24,2,20,25,8,0,1,0,26,3,12,16,12016,4,2000,2FAFP71W8YX2,2,F,A,F,P,7,1,W,8,Y,X,2,0,P,FORD,CVP,4D,0,17,3946,,0,1147,,G,,F,8,281,,,16R225,,,,,,0,0,000000000,00000000000,0,0,0,1,0,0,0,0,0,0,0,998,0,0,0,12,2,1,8,0,0,0,1,26,48141,6,1,0,0,3,3,65,137,1,1,0,0,1,9,2009,8,2010,0,0,0,0,0,1,4,30,1,1,2,2,0,0,1,80,99,1,1,98,0,0
26,260093,1,1,2,24,2,1,10,53,0,1,0,26,2,22,20,22020,4,2005,2G2WR5242513,2,G,2,W,R,5,2,4,2,5,1,3,0,P,PONT,GTP,4D,5,17,3583,,0,1105,,G,,Z,6,231,,,17R225,,,,,,0,0,000000000,00000000000,0,0,0,1,0,0,0,0,0,0,0,998,0,0,0,12,6,2,2,0,0,1,1,26,49330,6,1,0,0,3,0,65,115,0,2,0,1,0,10,2010,7,2011,0,6,0,0,0,1,2,55,1,1,2,4,0,0,1,5,99,1,4,1,1,1
26,260094,1,2,1,24,2,6,8,12,6,1,0,26,3,84,881,84881,63,2008,1HTWXAHT28J6,1,H,T,W,X,A,H,T,2,8,J,6,0,T,INTL,760,CC,8,17,,8,0,0,70S,D,,,6,661,,,,,00000,00,,64,0,88,888888888,88888888888,3,2,97,1,0,0,0,0,0,0,0,998,0,0,0,12,2,1,12,0,0,0,1,26,49103,6,1,6,0,3,0,73,195,0,0,0,0,0,0,0,0,0,0,0,0,0,0,1,2,55,1,1,2,3,0,0,1,62,2,1,1,65,0,0
26,260094,2,2,1,24,2,6,8,12,6,1,0,26,1,18,3,18003,4,2000,1G4CW54K0Y42,1,G,4,C,W,5,4,K,0,Y,4,2,0,P,BUIC,PKA,4D,0,17,3778,,0,1138,,G,,F,6,231,,,16R225,,,,,,0,0,000000000,00000000000,0,0,0,1,0,0,0,0,0,0,0,47,0,0,0,3,6,2,12,0,0,0,1,26,49045,6,1,0,0,3,3,70,200,1,0,0,0,1,10,2011,10,2011,1,28,0,0,0,1,2,55,1,1,2,3,0,0,1,5,99,4,2,64,1,0
26,260095,1,2,1,27,2,14,19,12,6,1,0,26,1,18,22,18022,4,2006,2G4WD5825611,2,G,4,W,D,5,8,2,5,6,1,1,0,P,BUIC,LAL,4D,6,17,3502,,0,1105,,G,,F,6,232,,,16R225,,,,,,0,0,000000000,00000000000,0,0,0,1,0,0,0,0,0,0,0,998,0,0,0,12,6,2,12,0,0,0,1,26,49829,6,1,0,0,3,0,66,165,0,0,0,0,0,0,0,0,0,0,39,0,0,0,1,2,30,1,1,2,1,20,3,1,17,99,1,1,88,1,0
26,260095,2,2,1,27,2,14,19,12,6,1,0,26,3,84,981,84981,50,2005,4DRBUAAN15B9,4,D,R,B,U,A,A,N,1,5,B,9,0,T,INTL,300,BU,5,17,,7,0,0,30S,D,,,6,466,,,,,00000,00,,42,0,88,888888888,88888888888,3,21,22,1,0,0,0,0,1,0,0,998,0,0,0,9,6,2,12,0,0,0,1,26,49829,6,1,6,1,3,0,62,157,0,0,0,0,0,0,0,0,0,0,0,0,0,0,1,2,30,1,1,2,1,0,0,1,66,99,1,1,89,0,0
26,260096,1,1,1,22,2,23,0,42,0,1,0,26,1,20,16,20016,4,2002,1G1JF5248271,1,G,1,J,F,5,2,4,8,2,7,1,0,P,CHEV,CAS,4D,2,17,2676,,0,1041,,G,,F,4,133,,,15R195,,,,,,0,0,000000000,00000000000,0,0,0,1,0,0,0,0,0,0,0,998,0,0,0,9,6,2,42,0,0,0,1,26,49544,6,1,0,0,3,3,68,160,0,0,0,2,0,2,2010,11,2010,1,0,0,0,0,2,2,70,1,1,2,4,0,0,1,5,99,4,4,2,1,0
26,260098,1,2,17,26,2,18,0,7,0,1,0,26,2,20,461,20461,21,2002,1GAHG39G2211,1,G,A,H,G,3,9,G,2,2,1,1,0,T,CHEV,E35,ES,2,17,,2,0,1550,EXP,G,,,8,496,,,,D,6122,00,,42,0,0,000000000,00000000000,0,0,0,1,0,0,0,0,0,0,0,998,0,1,5,0,6,2,1,0,0,0,1,26,48910,0,0,0,0,0,0,62,175,0,0,0,0,0,0,0,0,0,0,21,80,0,0,3,2,70,1,1,1,1,0,0,1,98,99,1,2,0,1,0
26,260098,2,2,1,26,2,18,0,7,0,1,0,39,2,6,51,6051,4,2006,2C3KA53G46H1,2,C,3,K,A,5,3,G,4,6,H,1,0,P,CHRY,3TR,4D,6,17,3651,,0,1200,,G,,F,6,214,,,17R215,,,,,,0,0,000000000,00000000000,0,0,0,1,0,0,0,0,0,0,0,998,0,0,0,7,6,2,12,0,0,0,1,39,43528,6,1,0,0,3,0,73,140,0,0,0,1,0,3,2010,3,2010,0,0,0,0,0,3,2,70,1,1,1,1,0,0,1,61,99,1,1,98,0,0
26,260099,1,3,1,26,2,9,23,12,1,1,0,26,1,20,473,20473,30,2006,1GCDT196X683,1,G,C,D,T,1,9,6,X,6,8,3,0,T,CHEV,RDO,4C,6,17,,1,0,1260,CAL,G,,,5,214,,,,,3468,00,,44,0,0,000000000,00000000000,0,0,0,1,0,0,0,0,0,0,0,998,0,0,0,12,6,2,12,0,0,0,1,26,49329,6,1,0,0,3,0,64,130,0,0,1,0,0,11,2011,11,2011,1,36,0,0,0,1,2,35,1,1,2,1,0,0,1,51,99,1,1,24,0,1
26,260099,2,3,2,26,2,9,23,12,1,1,0,26,1,20,421,20421,15,2003,1GNEK13Z13J2,1,G,N,E,K,1,3,Z,1,3,J,2,0,P,CHEV,KTA,UT,3,17,5050,,0,1160,,F,,F,8,325,,,16R265,,,,,,0,0,000000000,00000000000,0,0,0,1,0,0,0,0,0,0,0,998,0,0,0,6,6,2,12,0,0,0,1,26,49837,6,1,6,0,3,0,72,150,0,0,0,0,0,0,0,0,0,0,0,0,0,0,1,2,35,1,1,2,1,0,0,1,53,99,1,1,25,1,0
26,260099,3,3,1,26,2,9,23,12,1,1,0,26,2,6,441,6441,20,2006,2A8GP64L46R9,2,A,8,G,P,6,4,L,4,6,R,9,0,T,CHRY,LMT,ES,6,17,,1,0,1193,TWC,G,,,6,230,,,,,4378,00,,42,0,0,000000000,00000000000,0,0,0,1,0,0,0,0,0,0,0,0,0,0,0,11,2,3,12,0,0,0,1,26,49329,6,1,0,0,3,0,65,165,0,0,0,0,0,0,0,0,0,0,0,0,0,0,1,2,35,1,1,2,1,0,0,5,62,1,1,1,98,0,0
26,260100,1,2,1,29,2,15,30,8,0,1,0,26,2,30,40,30040,4,2009,3VWRM71K99M0,3,V,W,R,M,7,1,K,9,9,M,0,0,P,VOLK,JSE,4D,9,17,3230,,0,1015,,G,,F,5,151,,,16R205,,,,,,0,0,000000000,00000000000,0,0,0,1,0,0,0,0,0,0,0,998,0,0,0,11,2,1,8,0,0,0,1,26,48327,6,1,0,0,3,0,64,125,0,2,0,1,0,10,2009,12,2011,0,0,0,0,0,5,6,40,1,1,2,2,0,0,1,80,7,1,1,13,0,0
26,260100,2,2,1,29,2,15,30,8,0,1,0,26,1,22,22,22022,1,2008,1G2ZH36N7842,1,G,2,Z,H,3,6,N,7,8,4,2,0,P,PONT,GGT,CV,8,17,3855,,0,1123,,G,,F,6,214,,,18R225,,,,,,0,0,000000000,00000000000,0,0,0,1,0,0,0,0,0,0,0,998,0,0,0,18,0,1,8,0,0,0,1,26,48356,6,1,0,0,3,0,71,140,0,0,0,0,0,0,0,0,0,0,0,0,0,0,5,6,40,1,1,2,2,0,0,1,80,2,1,1,98,0,0