STATE,ST_CASE,VEH_NO,VE_FORMS,NUMOCCS,DAY,MONTH,HOUR,MINUTE,HARM_EV,MAN_COLL,UNITTYPE,HIT_RUN,REG_STAT,OWNER,MAKE,MODEL,MAK_MOD,BODY_TYP,MOD_YEAR,VIN,VIN_1,VIN_2,VIN_3,VIN_4,VIN_5,VIN_6,VIN_7,VIN_8,VIN_9,VIN_10,VIN_11,VIN_12,TOW_VEH,VINTYPE,VINMAKE,VINA_MOD,VIN_BT,VINMODYR,VIN_LNGT,VIN_WGT,WGTCD_TR,WHLBS_LG,WHLBS_SH,SER_TR,FUELCODE,MCYCL_DS,CARBUR,CYLINDER,DISPLACE,MCYCL_CY,MCYCL_WT,TIRE_SZE,TON_RAT,TRK_WT,TRKWTVAR,VIN_REST,WHLDRWHL,J_KNIFE,MCARR_I1,MCARR_I2,MCARR_ID,GVWR,V_CONFIG,CARGO_BT,HAZ_INV,HAZ_PLAC,HAZ_ID,HAZ_CNO,HAZ_REL,BUS_USE,SPEC_USE,EMER_USE,TRAV_SP,UNDERIDE,ROLLOVER,ROLINLOC,IMPACT1,DEFORMED,TOWED,M_HARM,VEH_SC1,VEH_SC2,FIRE_EXP,DR_PRES,L_STATE,DR_ZIP,L_STATUS,L_TYPE,CDL_STAT,L_ENDORS,L_COMPL,L_RESTRI,DR_HGT,DR_WGT,PREV_ACC,PREV_SUS,PREV_DWI,PREV_SPD,PREV_OTH,FIRST_MO,FIRST_YR,LAST_MO,LAST_YR,SPEEDREL,DR_SF1,DR_SF2,DR_SF3,DR_SF4,VTRAFWAY,VNUM_LAN,VSPD_LIM,VALIGN,VPROFILE,VPAVETYP,VSURCOND,VTRAFCON,VTCONT_F,P_CRASH1,P_CRASH2,P_CRASH3,PCRASH4,PCRASH5,ACC_TYPE,DEATHS,DR_DRINK
26,260101,1,2,2,26,2,4,6,12,2,1,0,26,3,12,17,12017,4,1998,1FAFP52U5WG1,1,F,A,F,P,5,2,U,5,W,G,1,0,P,FORD,TLS,4D,98,17,3359,,0,1085,,G,,F,6,182,,,15R205,,,,,,0,0,000000000,00000000000,0,0,0,1,0,0,0,0,0,0,0,998,0,0,0,12,6,2,12,0,0,0,1,26,48227,0,0,0,0,0,0,999,999,99,99,99,99,99,99,9999,99,9999,0,28,0,0,0,1,2,45,1,1,2,1,0,0,1,10,99,1,2,50,2,1
26,260101,2,2,1,26,2,4,6,12,2,1,0,26,1,12,471,12471,30,2003,1FTZR45E83TA,1,F,T,Z,R,4,5,E,8,3,T,A,0,T,FORD,RNS,4C,3,17,,1,0,1259,RNG,G,,,6,245,,,,B,3760,02,U,44,0,0,000000000,00000000000,0,0,0,1,0,0,0,0,0,0,0,998,0,0,0,12,6,2,12,0,0,0,1,26,48133,6,1,0,0,3,0,73,165,0,0,0,0,0,0,0,0,0,0,0,0,0,0,1,2,45,1,1,2,1,0,0,1,62,99,1,1,51,0,0
26,260102,1,1,99,17,2,23,10,8,0,1,1,99,9,99,999,99999,99,9999,999999999999,9,9,9,9,9,9,9,9,9,9,9,9,0,,,,,,,,,,,,,,,,,,,,,,,,,0,0,000000000,00000000000,0,0,0,1,0,0,0,0,99,99,9,998,0,0,0,99,9,1,8,0,0,0,1,99,99999,9,9,99,9,9,9,999,999,99,99,99,99,99,99,9999,99,9999,9,6,0,0,0,1,4,35,1,1,1,1,0,0,99,80,99,9,9,13,0,0
26,260103,1,2,1,29,2,13,52,12,6,1,0,26,1,37,31,37031,2,2009,2HGFG12839H5,2,H,G,F,G,1,2,8,3,9,H,5,0,P,HOND,UAX,CP,9,17,2703,,0,1043,,G,,F,4,110,,,16R205,,,,,,0,0,000000000,00000000000,0,0,0,1,0,0,0,0,0,0,0,998,0,0,0,9,6,2,12,0,0,0,1,26,48182,6,1,0,0,3,3,63,115,0,0,0,1,1,12,2009,9,2010,0,39,0,0,0,5,2,45,1,1,2,2,1,3,1,17,99,1,1,89,1,0
26,260103,2,2,1,29,2,13,52,12,6,1,0,26,1,12,481,12481,31,2004,1FTNF21L54EA,1,F,T,N,F,2,1,L,5,4,E,A,0,T,FORD,F2S,PK,4,17,,2,0,1370,SRW,G,,,8,330,,,,C,5828,00,U,44,0,0,000000000,00000000000,0,0,0,1,0,0,0,0,0,0,0,998,0,0,0,12,6,2,12,0,0,0,1,26,48145,6,1,0,0,3,0,72,180,0,0,0,0,0,0,0,0,0,0,0,0,0,0,5,2,45,1,1,2,2,1,3,1,66,99,1,1,88,0,0
26,260104,1,4,2,24,2,8,30,12,7,1,0,26,1,22,20,22020,4,2004,2G2WS5223413,2,G,2,W,S,5,2,2,3,4,1,3,0,P,PONT,GP2,4D,4,17,3484,,0,1105,,G,,F,6,231,,,16R225,,,,,,0,0,000000000,00000000000,0,0,0,1,0,0,0,0,0,0,0,998,0,0,0,1,6,2,12,0,0,0,1,26,48836,6,1,0,0,3,0,71,170,0,0,0,0,0,0,0,0,0,0,28,85,0,0,5,4,50,1,1,2,10,0,0,15,61,7,1,2,46,1,0
26,260104,2,4,1,24,2,8,30,12,7,1,1,26,1,20,36,20036,2,1999,2G1WW12M4X92,2,G,1,W,W,1,2,M,4,X,9,2,0,P,CHEV,MLS,CP,99,17,3306,,0,1075,,G,,F,6,191,,,15R205,,,,,,0,0,000000000,00000000000,0,0,0,1,0,0,0,0,0,0,0,998,0,0,0,9,2,1,12,0,0,0,1,26,48843,6,1,0,0,3,3,65,140,0,0,0,0,0,0,0,0,0,0,99,99,99,99,5,4,50,1,1,2,10,0,0,1,60,99,1,1,45,0,0
26,260104,3,4,1,24,2,8,30,12,7,1,0,26,2,12,3,12003,2,2007,1ZVFT80N3752,1,Z,V,F,T,8,0,N,3,7,5,2,0,P,FORD,MUS,CP,7,17,3352,,0,1071,,G,,F,6,244,,,16R215,,,,,,0,0,000000000,00000000000,0,0,0,1,0,0,0,0,0,0,0,998,0,0,0,12,6,2,12,0,0,0,1,26,48843,6,1,0,0,3,0,63,97,0,0,0,0,0,0,0,0,0,0,0,0,0,0,5,4,50,1,1,2,10,0,0,1,61,1,1,1,98,0,0
26,260104,4,4,2,24,2,8,30,12,7,1,0,26,1,23,481,23481,31,2011,3GTP2VE37BG3,3,G,T,P,2,V,E,3,7,B,G,3,0,T,GMC,1NK,CW,11,17,,2,0,1435,SIE,F,,,8,323,,,,B,5346,00,S,44,0,0,000000000,00000000000,0,0,0,1,0,0,0,0,0,0,0,998,0,0,0,12,6,2,12,0,0,0,1,26,48114,6,1,0,0,3,0,70,230,0,0,0,0,0,0,0,0,0,0,0,0,0,0,5,4,50,1,1,2,10,0,0,1,62,1,1,1,98,0,0
26,260105,1,1,1,24,2,16,15,42,0,1,0,26,1,49,402,49402,14,2000,JT3HP10V7Y02,J,T,3,H,P,1,0,V,7,Y,0,2,0,P,TOYT,RV4,UT,0,17,2844,,0,949,,G,,F,4,122,,,16R215,,,,,,0,0,000000000,00000000000,0,0,0,1,0,0,0,0,0,0,0,998,0,0,0,11,6,2,42,0,0,0,1,26,49677,6,1,0,0,3,0,64,120,1,0,0,0,0,6,2009,6,2009,0,99,99,99,99,1,2,55,1,1,2,2,0,0,1,13,99,1,4,1,1,0
26,260106,1,1,1,17,2,0,41,34,0,1,0,26,1,20,481,20481,31,2004,1GCEK19T84E2,1,G,C,E,K,1,9,T,8,4,E,2,0,T,CHEV,SK1,4C,4,17,,2,1575,1435,SIL,G,,,8,325,,,,B,4925,00,,44,0,0,000000000,00000000000,0,0,0,1,0,0,0,0,0,0,0,998,0,2,5,12,6,2,1,0,0,0,1,26,48131,6,1,0,0,3,0,69,145,0,0,0,0,0,0,0,0,0,1,58,0,0,0,1,2,45,3,1,2,1,0,0,14,13,6,1,4,1,1,1
26,260107,1,1,1,18,2,12,46,42,0,1,0,26,1,7,472,7472,30,2003,1D7HG48NX3S2,1,D,7,H,G,4,8,N,X,3,S,2,0,T,DODG,DQS,CW,3,17,,2,0,1309,DAK,G,,,8,287,,,,B,4359,00,E,44,0,0,000000000,00000000000,0,0,0,1,0,0,0,0,0,0,0,998,0,0,0,9,6,2,42,0,0,0,1,26,49349,6,1,0,0,3,0,60,115,0,0,0,0,0,0,0,0,0,1,87,0,0,0,1,2,55,1,1,2,10,0,0,1,5,99,4,4,2,1,0
26,260108,1,1,1,25,2,3,29,1,0,1,0,26,3,19,20,19020,6,2005,1GYEE6376502,1,G,Y,E,E,6,3,7,6,5,0,2,0,P,CADI,SRX,UT,5,17,4164,,0,1164,,G,,F,6,220,,,17R235,,,,,,0,0,000000000,00000000000,0,0,0,1,0,0,0,0,0,0,0,998,0,9,5,0,6,2,1,0,0,0,1,26,48208,1,1,0,0,2,0,72,185,0,4,0,1,2,9,2009,12,2011,0,99,99,99,99,3,4,55,1,1,1,1,0,0,1,13,99,1,4,1,1,1
26,260109,1,2,1,24,2,8,16,12,6,1,0,26,2,6,41,6041,4,2000,2C3HE66G6YH2,2,C,3,H,E,6,6,G,6,Y,H,2,0,P,CHRY,30M,4D,0,17,3499,,0,1130,,G,,F,6,215,,,17R225,,,,,,0,0,000000000,00000000000,0,0,0,1,0,0,0,0,0,0,0,998,0,0,0,3,6,2,12,0,0,0,1,26,48849,6,1,0,0,3,0,66,170,1,0,0,1,1,11,2010,3,2011,1,28,87,0,0,1,2,55,1,1,2,3,0,0,1,5,99,4,2,64,0,0
26,260109,2,2,2,24,2,8,16,12,6,1,0,26,2,63,33,63033,4,2006,KNAFE1617653,K,N,A,F,E,1,6,1,7,6,5,3,0,P,KIA,SP5,4H,6,17,2701,,0,1028,,G,,F,4,122,,,15R195,,,,,,0,0,000000000,00000000000,0,0,0,1,0,0,0,0,0,0,0,998,0,0,0,12,6,2,12,0,0,0,1,26,49058,6,1,0,0,3,0,67,140,0,0,0,0,0,0,0,0,0,0,0,0,0,0,1,2,55,1,1,2,3,0,0,1,62,99,1,1,65,1,0
26,260110,1,2,4,29,2,15,0,12,6,1,0,26,2,18,2,18002,4,1994,1G4HP52LXRH5,1,G,4,H,P,5,2,L,X,R,H,5,0,P,BUIC,LCF,4D,94,17,3449,,0,1108,,G,,F,6,231,,,15R205,,,,,,0,0,000000000,00000000000,0,0,0,1,0,0,0,0,0,0,0,998,0,0,0,3,6,2,12,0,0,0,1,26,48179,6,1,0,0,3,3,64,137,0,0,0,0,0,0,0,0,0,1,28,52,58,0,1,2,45,1,1,2,2,0,0,1,9,99,4,2,64,2,0
26,260110,2,2,1,29,2,15,0,12,6,1,0,26,2,20,403,20403,14,2007,1GNDT13S1721,1,G,N,D,T,1,3,S,1,7,2,1,0,P,CHEV,TRL,UT,7,17,4523,,0,1130,,G,,F,6,256,,,17R245,,,,,,0,0,000000000,00000000000,0,0,0,1,0,0,0,0,0,0,0,0,0,0,0,11,6,2,12,0,0,0,1,26,48179,6,1,0,0,3,0,63,189,0,0,0,0,0,0,0,0,0,0,0,0,0,0,1,2,45,1,1,2,2,0,0,2,62,2,1,1,65,0,0
26,260111,1,1,1,12,2,17,34,8,0,1,1,26,1,22,2,22002,4,1998,1G2HX52K6W42,1,G,2,H,X,5,2,K,6,W,4,2,0,P,PONT,BVS,4D,98,17,3487,,0,1108,,G,,F,6,231,,,15R215,,,,,,0,0,000000000,00000000000,0,0,0,1,0,0,0,0,0,0,0,998,0,0,0,99,0,1,8,0,0,0,1,26,48212,6,1,0,0,3,3,74,195,0,0,0,0,0,0,0,0,0,0,38,0,0,0,1,2,25,1,1,2,10,0,0,1,80,99,1,1,13,0,0
26,260112,1,1,2,17,2,15,20,14,0,1,0,26,2,21,2,21002,4,1990,1G3HY54C5LH3,1,G,3,H,Y,5,4,C,5,L,H,3,0,P,OLDS,FRB,4D,90,17,3134,,0,1108,,G,,F,6,231,,,14R205,,,,,,0,0,000000000,00000000000,0,0,0,1,0,0,0,0,0,0,0,998,0,0,0,6,6,2,14,0,0,0,1,26,48215,0,0,0,0,0,0,67,190,0,0,0,0,0,0,0,0,0,1,36,31,0,0,1,2,25,1,1,2,1,0,0,13,50,99,1,9,92,1,0
26,260113,1,1,1,3,3,13,2,9,0,1,0,26,2,20,2,20002,4,2007,2G1WT58K0792,2,G,1,W,T,5,8,K,0,7,9,2,0,P,CHEV,IMT,4D,7,17,3674,,0,1105,,F,,F,6,214,,,16R225,,,,,,0,0,000000000,00000000000,0,0,0,1,0,0,0,0,0,0,0,998,0,0,0,3,2,3,9,0,0,0,1,26,48310,6,1,0,0,3,3,65,160,2,0,0,0,0,9,2009,11,2010,0,0,0,0,0,5,4,40,1,1,1,1,0,0,13,83,99,1,1,92,0,0
26,260114,1,2,1,3,3,21,8,12,6,1,0,26,2,20,20,20020,4,1998,2G1WL52M4W93,2,G,1,W,L,5,2,M,4,W,9,3,0,P,CHEV,L/S,4D,98,17,3330,,0,1075,,G,,F,6,191,,,15R205,,,,,,0,0,000000000,00000000000,0,0,0,1,0,0,0,0,0,0,0,998,0,0,0,3,6,2,12,0,0,0,1,26,49506,6,1,0,0,3,3,67,107,0,0,0,0,0,0,0,0,0,0,26,87,0,0,1,2,55,1,1,2,4,0,0,1,5,99,1,2,64,1,0
26,260114,2,2,1,3,3,21,8,12,6,1,0,26,2,18,3,18003,4,1995,1G4CW52KXSH6,1,G,4,C,W,5,2,K,X,S,H,6,0,P,BUIC,PKA,4D,95,17,3532,,0,1108,,G,,F,6,231,,,15R205,,,,,,0,0,000000000,00000000000,0,0,0,1,0,0,0,0,0,0,0,998,0,0,0,12,6,2,12,0,0,0,1,26,49329,6,1,0,0,3,0,68,230,0,0,0,0,0,0,0,0,0,0,0,0,0,0,1,2,55,1,1,2,4,0,0,1,62,99,1,1,65,0,0
26,260115,1,2,1,4,3,9,25,12,6,1,0,26,1,22,18,22018,4,2002,1G2NF52EX2M7,1,G,2,N,F,5,2,E,X,2,M,7,0,P,PONT,SE1,4D,2,17,3116,,0,1070,,G,,F,6,207,,,15R215,,,,,,0,0,000000000,00000000000,0,0,0,1,0,0,0,0,0,0,0,998,0,0,0,9,6,2,12,0,0,0,1,26,49002,6,1,0,0,3,0,65,144,0,0,0,1,0,9,2009,9,2009,1,0,0,0,0,3,3,70,1,2,1,4,0,0,1,5,99,4,2,48,1,0
26,260115,2,2,2,4,3,9,25,12,6,1,0,95,3,87,881,87881,66,2012,1XPHD49X5CD1,1,X,P,H,D,4,9,X,5,C,D,1,1,T,PTRB,386,TR,12,17,,8,0,0,CON,D,,,6,915,,,,,00000,00,,64,1,57,282762,57282762,3,6,1,1,0,0,0,0,0,0,0,998,0,0,0,12,6,2,12,0,0,0,1,95,0,6,1,6,0,3,9,999,999,99,99,99,99,99,99,9999,99,9999,0,99,99,99,99,3,3,70,1,2,1,4,0,0,1,61,8,1,2,48,0,0
26,260116,1,1,1,5,3,16,7,42,0,1,0,26,2,14,6,14006,4,1996,2MELM74W7TX6,2,M,E,L,M,7,4,W,7,T,X,6,0,P,MERC,GMG,4D,96,17,3796,,0,1144,,G,,F,8,281,,,15R215,,,,,,0,0,000000000,00000000000,0,0,0,1,0,0,0,0,0,0,0,998,0,0,0,9,6,2,42,0,0,0,1,26,49202,6,1,0,0,3,0,69,185,0,0,0,0,0,0,0,0,0,0,58,0,0,0,1,2,55,3,2,2,1,0,0,14,13,6,3,4,2,1,0
26,260117,1,2,1,1,3,13,3,12,2,1,0,26,1,23,481,23481,31,2010,1GTSKVE38AZ2,1,G,T,S,K,V,E,3,8,A,Z,2,0,T,GMC,1NK,4C,10,17,,2,1575,1435,SIE,F,,,8,323,,,,B,5286,02,S,44,0,0,000000000,00000000000,0,0,0,1,0,0,0,0,0,0,0,998,0,0,0,12,6,2,12,0,0,0,1,26,48356,6,1,0,0,3,3,66,175,1,0,0,0,1,10,2011,10,2011,0,26,0,0,0,1,2,50,3,1,2,1,0,0,14,10,99,1,2,50,1,0
26,260117,2,2,2,1,3,13,3,12,2,1,0,32,1,7,402,7402,14,2000,1B4HS28Z4YF2,1,B,4,H,S,2,8,Z,4,Y,F,2,0,P,DODG,DUR,UT,0,17,4462,,0,1159,,G,,F,8,360,,,15R235,,,,,,0,0,000000000,00000000000,0,0,0,1,0,0,0,0,0,0,0,998,0,0,0,12,6,2,12,0,0,0,1,32,89031,6,1,0,0,3,3,74,210,0,0,0,0,0,0,0,0,0,0,0,0,0,0,1,2,50,2,1,2,1,0,0,14,62,99,1,1,51,0,0
26,260118,1,2,1,2,3,14,35,12,1,1,0,39,4,7,24,7024,4,2011,2B3CL3CG7BH6,2,B,3,C,L,3,C,G,7,B,H,6,0,P,DODG,CHA,4D,11,17,3961,,0,1200,,F,,F,6,220,,,17R215,,,,,,0,0,000000000,00000000000,0,0,0,1,0,0,0,0,0,0,0,998,0,0,0,12,6,2,12,0,0,0,1,26,48073,6,1,0,0,3,0,73,160,0,0,0,0,0,0,0,0,0,0,36,0,0,0,5,6,30,1,1,2,2,0,0,15,51,99,1,2,24,0,0
26,260118,2,2,1,2,3,14,35,12,1,1,0,26,9,53,34,53034,4,2005,KL5JD56Z25K1,K,L,5,J,D,5,6,Z,2,5,K,1,0,P,SUZI,FZS,4D,5,17,2700,,0,1024,,G,,F,4,122,,,15R195,,,,,,0,0,000000000,00000000000,0,0,0,1,0,0,0,0,0,0,0,998,0,0,0,6,6,2,12,0,0,0,1,26,48210,1,1,0,0,2,0,71,210,0,2,0,0,0,11,2009,11,2009,0,0,0,0,0,5,6,30,1,1,2,2,0,0,1,53,99,1,1,25,1,1
26,260119,1,1,1,7,3,0,54,1,0,1,0,26,2,12,471,12471,30,1989,1FTCR11T0KUA,1,F,T,C,R,1,1,T,0,K,U,A,0,T,FORD,RNG,PK,89,17,,1,1140,1080,RNG,G,,,6,177,,,,B,2978,01,A,44,0,0,000000000,00000000000,0,0,0,1,0,0,0,0,0,0,0,998,0,2,1,0,6,2,1,0,0,0,1,26,48240,1,1,0,0,2,0,72,165,0,7,0,1,2,3,2009,1,2012,0,36,0,0,0,1,2,25,1,1,1,1,0,0,1,80,99,1,9,98,1,1
26,260120,1,3,1,3,3,20,27,12,2,1,0,26,2,49,33,49033,2,2003,JTDDR32T2301,J,T,D,D,R,3,2,T,2,3,0,1,0,P,TOYT,CGF,2H,3,17,2339,,0,1023,,G,,F,4,109,,,15R195,,,,,,0,0,000000000,00000000000,0,0,0,1,0,0,0,0,0,0,0,998,0,0,0,12,6,2,12,0,0,0,1,26,48060,6,1,0,0,2,3,65,125,2,0,0,0,0,10,2011,11,2011,0,28,0,0,0,1,2,45,1,1,2,1,0,0,1,10,99,1,2,50,1,1
26,260120,2,3,1,3,3,20,27,12,2,1,0,26,2,12,402,12402,14,2005,1FMYU04195KA,1,F,M,Y,U,0,4,1,9,5,K,A,0,P,FORD,SPE,UT,5,17,3304,,0,1031,,G,,F,6,183,,,16R235,,,,,,0,0,000000000,00000000000,0,0,0,1,0,0,0,0,0,0,0,998,0,0,0,12,6,2,12,0,0,0,1,26,48322,6,1,0,0,3,0,68,300,0,0,0,0,0,0,0,0,0,0,0,0,0,0,1,2,45,1,1,2,1,0,0,1,62,99,1,1,51,0,0
26,260120,3,3,1,3,3,20,27,12,2,1,0,26,9,12,402,12402,14,2009,1FMCU94799KA,1,F,M,C,U,9,4,7,9,9,K,A,0,P,FORD,SPE,UT,9,17,3504,,0,1031,,G,,F,4,153,,,16R235,,,,,,0,0,000000000,00000000000,0,0,0,1,0,0,0,0,0,0,0,998,0,0,0,12,6,2,12,0,0,0,1,26,48382,6,1,0,0,3,3,64,140,1,0,0,0,0,10,2009,10,2009,0,0,0,0,0,1,2,45,1,1,2,1,0,0,1,51,99,1,1,98,0,0
26,260121,1,1,2,10,3,3,22,1,0,1,0,26,1,14,401,14401,14,2000,4M2ZU86PXYUJ,4,M,2,Z,U,8,6,P,X,Y,U,J,0,P,MERC,MOU,UT,0,17,4250,,0,1116,,G,,F,8,302,,,15R235,,,,,,0,0,000000000,00000000000,0,0,0,1,0,0,0,0,0,0,0,998,0,2,1,0,6,2,1,0,0,0,1,26,48632,6,1,0,0,3,0,75,270,1,0,0,3,0,1,2010,9,2010,1,82,58,0,0,1,2,55,1,1,4,1,0,0,1,13,6,3,6,98,1,1
26,260122,1,2,1,8,3,14,30,12,6,1,0,26,1,6,441,6441,20,2007,2A4GP54L17R2,2,A,4,G,P,5,4,L,1,7,R,2,0,T,CHRY,TOU,ES,7,17,,1,0,1193,TWC,G,,,6,230,,,,B,4267,00,,42,0,0,000000000,00000000000,0,0,0,1,0,0,0,0,0,0,0,998,0,0,0,9,6,2,12,0,0,0,1,26,48169,6,1,0,0,3,3,64,125,1,0,0,1,0,12,2010,5,2011,0,38,0,0,0,0,0,0,0,0,0,0,0,0,11,15,99,1,1,82,1,0
26,260122,2,2,20,8,3,14,30,12,6,1,0,26,3,84,981,84981,50,2009,4DRBUAAN49B6,4,D,R,B,U,A,A,N,4,9,B,6,0,T,INTL,,BU,9,17,,7,,,,D,,,6,466,,,,,,,,42,0,88,888888888,88888888888,3,21,22,1,0,0,0,0,1,2,0,998,0,0,0,12,6,2,12,0,0,0,1,26,48169,6,1,6,1,3,0,65,140,0,0,0,0,0,0,0,0,0,0,0,0,0,0,1,2,45,1,1,2,1,0,0,1,72,99,1,1,83,0,0
26,260123,1,1,2,5,3,15,45,1,0,1,0,26,1,18,23,18023,4,2006,1G4HD57286U2,1,G,4,H,D,5,7,2,8,6,U,2,0,P,BUIC,UXL,4D,6,17,3969,,0,1156,,G,,F,6,232,,,17R235,,,,,,0,0,000000000,00000000000,0,0,0,1,0,0,0,0,0,0,0,998,0,2,5,0,6,2,1,0,0,0,1,26,48867,6,1,0,0,3,0,69,214,0,0,0,0,0,0,0,0,0,0,81,84,0,0,2,2,70,1,1,1,1,0,0,1,90,6,1,4,6,1,0
26,260124,1,1,1,5,3,17,33,32,0,1,0,26,1,18,20,18020,4,2004,2G4WB52K6413,2,G,4,W,B,5,2,K,6,4,1,3,0,P,BUIC,RLS,4D,4,17,3418,,0,1090,,G,,F,6,231,,,15R215,,,,,,0,0,000000000,00000000000,0,0,0,1,0,0,0,0,0,0,0,998,0,0,0,12,6,2,32,0,0,0,1,26,48433,1,1,0,0,2,0,63,138,1,1,0,0,1,7,2010,1,2012,0,0,0,0,0,1,2,55,1,1,2,1,0,0,1,13,99,1,4,1,1,0
26,260125,1,2,1,11,3,21,16,12,1,1,0,26,1,7,461,7461,21,2002,2B7HB11Y42K1,2,B,7,H,B,1,1,Y,4,2,K,1,0,T,DODG,15B,CG,2,17,,2,1272,1093,RMV,G,,,8,318,,,,B,00000,00,E,42,0,0,000000000,00000000000,0,0,0,1,0,0,0,0,0,0,0,998,0,0,0,12,4,8,12,0,0,0,1,26,48124,6,1,0,0,3,0,68,170,1,0,0,0,1,9,2011,9,2011,0,26,0,0,0,2,4,45,1,1,1,1,1,3,1,50,99,1,1,20,0,1
26,260125,2,2,2,11,3,21,16,12,1,1,0,26,1,12,3,12003,2,1995,1FALP404XSF1,1,F,A,L,P,4,0,4,X,S,F,1,0,P,FORD,MUS,CP,95,17,3077,,0,1013,,G,,F,6,232,,,15R205,,,,,,0,0,000000000,00000000000,0,0,0,1,0,0,0,0,0,0,0,0,0,0,0,6,6,2,12,0,0,0,1,26,48209,6,1,6,0,3,3,61,140,1,1,0,1,0,12,2010,9,2011,0,0,0,0,0,2,4,45,1,1,1,1,1,3,5,53,99,1,1,21,1,0
26,260126,1,1,1,8,3,5,12,59,0,1,0,26,1,14,443,14443,20,1997,4M2DV1118VDJ,4,M,2,D,V,1,1,1,8,V,D,J,0,P,MERC,VLR,SV,97,17,4003,,0,1122,,G,,F,6,182,,,15R205,,,,,,0,0,000000000,00000000000,0,0,0,1,0,0,0,0,0,0,0,998,0,0,0,1,6,2,30,0,0,0,1,26,48076,6,1,0,0,3,0,72,270,0,0,0,1,1,3,2011,10,2011,0,99,99,99,99,3,3,55,4,2,1,2,98,3,14,13,99,9,4,1,1,0
26,260127,1,1,1,11,3,22,9,8,0,1,0,26,2,20,20,20020,4,1995,2G1WL52M3S92,2,G,1,W,L,5,2,M,3,S,9,2,0,P,CHEV,LUM,4D,95,17,3330,,0,1075,,G,,F,6,191,,,15R205,,,,,,0,0,000000000,00000000000,0,0,0,1,0,0,0,0,0,0,0,998,0,0,0,14,2,3,8,0,0,0,1,26,48064,3,1,0,0,2,0,63,200,0,0,0,0,0,0,0,0,0,0,99,99,99,99,5,3,35,1,1,1,1,0,0,1,80,99,1,1,13,0,0
26,260128,1,1,1,10,3,1,22,53,0,1,0,26,3,12,402,12402,14,2012,1FMCU9E75CKB,1,F,M,C,U,9,E,7,5,C,K,B,0,P,FORD,SPE,UT,12,17,3477,,0,1031,,G,,F,4,153,,,16R235,,,,,,0,0,000000000,00000000000,0,0,0,1,0,0,0,0,0,0,0,998,0,0,0,12,6,2,42,0,0,0,1,26,48638,6,1,0,0,3,0,71,190,0,0,0,0,0,0,0,0,0,0,99,99,99,99,1,4,55,1,1,2,1,0,0,1,13,99,1,4,1,1,0
26,260129,1,1,1,10,3,2,15,59,0,1,0,26,1,7,24,7024,4,2011,2B3CL3CG4BH5,2,B,3,C,L,3,C,G,4,B,H,5,0,P,DODG,CHA,4D,11,17,3961,,0,1200,,F,,F,6,220,,,17R215,,,,,,0,0,000000000,00000000000,0,0,0,1,0,0,0,0,0,0,0,998,0,0,0,12,6,2,42,0,0,0,1,26,49037,6,1,0,0,3,0,68,190,0,0,0,1,0,2,2012,2,2012,0,99,99,99,99,1,4,45,2,2,2,1,0,0,14,11,99,1,4,1,1,1
26,260130,1,2,1,13,3,14,22,12,6,1,0,26,1,37,703,37703,88,2006,JH2MF06136K4,J,H,2,M,F,0,6,1,3,6,K,4,0,M,HOND,NS1,MS,6,17,,,,,,,249,,1,,4,375,,,,,,,0,0,000000000,00000000000,0,0,0,1,0,0,0,0,0,0,0,998,0,0,0,12,6,2,12,0,0,0,1,26,48658,6,1,0,0,3,3,66,180,0,0,0,0,0,0,0,0,0,0,38,0,0,0,5,4,30,1,1,1,1,2,3,1,17,99,1,1,88,1,0
26,260130,2,2,3,13,3,14,22,12,6,1,0,26,2,22,441,22441,20,1998,1GMDU06EXWD1,1,G,M,D,U,0,6,E,X,W,D,1,0,P,PONT,TSP,SV,98,17,3702,,0,1120,,G,,F,6,207,,,15R205,,,,,,0,0,000000000,00000000000,0,0,0,1,0,0,0,0,0,0,0,998,0,0,0,11,2,3,12,0,0,0,1,26,48756,6,1,0,0,3,3,67,140,0,3,0,0,0,1,2011,3,2011,0,0,0,0,0,4,3,30,1,1,1,1,2,3,1,66,99,1,1,89,0,0
26,260131,1,1,1,3,3,3,6,35,0,1,0,26,1,12,17,12017,4,1996,1FALP53S2TG1,1,F,A,L,P,5,3,S,2,T,G,1,0,P,FORD,TAX,4D,96,17,3355,,0,1085,,G,,F,6,182,,,15R205,,,,,,0,0,000000000,00000000000,0,0,0,1,0,0,0,0,0,0,0,998,0,1,5,3,6,2,1,0,0,0,1,26,48174,6,1,0,0,3,3,73,270,0,0,0,1,0,1,2010,1,2010,0,6,39,0,0,6,1,98,1,1,1,1,20,3,1,9,99,4,4,7,1,0
26,260132,1,1,1,9,3,20,50,33,0,1,0,26,1,12,481,12481,31,2000,1FTZF1722YNC,1,F,T,Z,F,1,7,2,2,Y,N,C,0,T,FORD,F15,PK,0,17,,1,1385,1199,COF,G,,,6,256,,,,B,3923,04,U,42,0,0,000000000,00000000000,0,0,0,1,0,0,0,0,0,0,0,998,0,0,0,11,6,2,33,0,0,0,1,26,48216,1,1,0,0,2,0,61,140,0,0,0,0,0,0,0,0,0,0,99,99,99,99,1,2,25,1,1,2,1,0,0,1,13,99,1,4,1,1,1