STATE,ST_CASE,VEH_NO,VE_FORMS,NUMOCCS,DAY,MONTH,HOUR,MINUTE,HARM_EV,MAN_COLL,UNITTYPE,HIT_RUN,REG_STAT,OWNER,MAKE,MODEL,MAK_MOD,BODY_TYP,MOD_YEAR,VIN,VIN_1,VIN_2,VIN_3,VIN_4,VIN_5,VIN_6,VIN_7,VIN_8,VIN_9,VIN_10,VIN_11,VIN_12,TOW_VEH,VINTYPE,VINMAKE,VINA_MOD,VIN_BT,VINMODYR,VIN_LNGT,VIN_WGT,WGTCD_TR,WHLBS_LG,WHLBS_SH,SER_TR,FUELCODE,MCYCL_DS,CARBUR,CYLINDER,DISPLACE,MCYCL_CY,MCYCL_WT,TIRE_SZE,TON_RAT,TRK_WT,TRKWTVAR,VIN_REST,WHLDRWHL,J_KNIFE,MCARR_I1,MCARR_I2,MCARR_ID,GVWR,V_CONFIG,CARGO_BT,HAZ_INV,HAZ_PLAC,HAZ_ID,HAZ_CNO,HAZ_REL,BUS_USE,SPEC_USE,EMER_USE,TRAV_SP,UNDERIDE,ROLLOVER,ROLINLOC,IMPACT1,DEFORMED,TOWED,M_HARM,VEH_SC1,VEH_SC2,FIRE_EXP,DR_PRES,L_STATE,DR_ZIP,L_STATUS,L_TYPE,CDL_STAT,L_ENDORS,L_COMPL,L_RESTRI,DR_HGT,DR_WGT,PREV_ACC,PREV_SUS,PREV_DWI,PREV_SPD,PREV_OTH,FIRST_MO,FIRST_YR,LAST_MO,LAST_YR,SPEEDREL,DR_SF1,DR_SF2,DR_SF3,DR_SF4,VTRAFWAY,VNUM_LAN,VSPD_LIM,VALIGN,VPROFILE,VPAVETYP,VSURCOND,VTRAFCON,VTCONT_F,P_CRASH1,P_CRASH2,P_CRASH3,PCRASH4,PCRASH5,ACC_TYPE,DEATHS,DR_DRINK
26,260198,1,1,3,14,4,2,13,35,0,1,0,26,1,20,481,20481,31,1997,1GCEK14R0VE1,1,G,C,E,K,1,4,R,0,V,E,1,0,T,CHEV,GK1,PK,97,17,,2,1315,1175,GM4,G,,,8,350,,,,B,00000,00,,44,0,0,000000000,00000000000,0,0,0,1,0,0,0,0,0,0,0,998,0,1,5,12,6,8,42,0,0,0,1,26,49302,6,1,0,0,3,0,69,160,0,0,0,1,1,4,2010,8,2010,1,0,0,0,0,1,2,55,1,1,4,1,0,0,1,9,99,3,4,2,1,1
26,260199,1,2,1,16,4,12,46,12,6,1,0,26,1,13,1,13001,4,1990,1LNLM81F5LY6,1,L,N,L,M,8,1,F,5,L,Y,6,0,P,LINC,TNC,4D,90,17,4028,,0,1174,,G,,F,8,302,,,15R215,,,,,,0,0,000000000,00000000000,0,0,0,1,0,0,0,0,0,0,0,998,0,0,0,3,6,2,12,0,0,0,1,26,48204,6,1,0,0,3,0,67,160,0,0,0,0,0,0,0,0,0,0,38,0,0,0,1,4,50,1,1,2,1,0,0,11,15,99,1,1,68,0,0
26,260199,2,2,1,16,4,12,46,12,6,1,0,26,1,72,706,72706,80,2005,1HD1FHW1X5Y6,1,H,D,1,F,H,W,1,X,5,Y,6,0,M,HD,HPI,RS,5,17,,,,,,,1450,,2,,4,710,,,,,,,0,0,000000000,00000000000,0,0,0,1,0,0,0,0,0,0,0,998,0,0,0,12,6,2,12,0,0,0,1,26,48138,6,1,0,0,3,0,72,205,0,0,0,1,0,9,2009,9,2009,0,0,0,0,0,1,4,50,1,1,2,1,0,0,1,62,99,1,1,69,1,0
26,260200,1,1,1,16,4,15,35,59,0,1,0,26,1,24,401,24401,14,2008,3GSCL53748S5,3,G,S,C,L,5,3,7,4,8,S,5,0,P,STRN,VUE,UT,8,17,4076,,0,1066,,G,,F,6,220,,,17R235,,,,,,0,0,000000000,00000000000,0,0,0,1,0,0,0,0,0,0,0,998,0,0,0,12,6,2,59,0,0,0,1,26,48197,6,1,0,0,3,3,72,280,0,0,1,0,1,3,2011,4,2011,0,6,0,0,0,3,3,70,1,1,2,1,0,0,1,13,99,1,4,1,1,0
26,260201,1,1,1,14,4,19,24,1,0,1,0,26,2,20,471,20471,30,1995,1GCCT19W2SK2,1,G,C,C,T,1,9,W,2,S,K,2,0,T,CHEV,S14,PC,95,17,,1,0,1229,S,G,,,6,262,,,,B,00000,00,,44,0,0,000000000,00000000000,0,0,0,1,0,0,0,0,0,0,0,998,0,2,5,0,6,2,1,0,0,0,1,26,48649,6,1,0,0,3,0,66,175,1,0,0,0,0,11,2009,11,2009,1,0,0,0,0,1,2,55,1,1,2,1,0,0,1,13,99,1,4,1,1,1
26,260202,1,1,2,14,4,0,57,5,0,1,0,26,2,22,18,22018,4,2000,1G2NW52E8YC5,1,G,2,N,W,5,2,E,8,Y,C,5,0,P,PONT,GAG,4D,0,17,3168,,0,1070,,G,,F,6,207,,,16R225,,,,,,0,0,000000000,00000000000,0,0,0,1,0,0,0,0,0,0,0,998,0,0,0,0,0,3,5,0,0,0,1,26,48224,0,0,0,0,0,0,66,130,1,6,0,0,1,6,2009,3,2011,0,99,99,99,99,1,2,25,1,1,1,1,0,0,1,80,7,1,1,0,1,0
26,260203,1,2,1,18,4,16,52,12,6,1,0,26,1,20,482,20482,31,2011,3GNTKGE30BG2,3,G,N,T,K,G,E,3,0,B,G,2,0,T,CHEV,KTZ,SP,11,17,,2,0,1300,AVL,F,,,8,323,,,,B,5969,00,,44,0,0,000000000,00000000000,0,0,0,1,0,0,0,0,0,0,0,998,0,0,0,12,6,2,12,0,0,0,1,26,48430,6,1,0,0,3,0,72,230,0,0,0,0,0,0,0,0,0,0,99,99,99,99,1,2,25,3,1,2,1,0,0,1,13,99,1,4,88,0,0
26,260203,2,2,1,18,4,16,52,12,6,1,0,26,1,20,2,20002,4,2008,2G1WT55NX891,2,G,1,W,T,5,5,N,X,8,9,1,0,P,CHEV,IMT,4D,8,17,3555,,0,1105,,G,,F,6,214,,,16R225,,,,,,0,0,000000000,00000000000,0,0,0,1,0,0,0,0,0,0,0,998,0,0,0,9,6,2,12,0,0,0,1,26,48442,6,1,0,0,3,0,65,220,0,0,0,0,0,0,0,0,0,0,0,0,0,0,0,0,0,0,0,0,0,0,0,1,66,99,1,5,89,1,0
26,260204,1,3,1,20,4,17,26,12,1,1,0,26,1,2,404,2404,14,2006,1J4GR48K96C1,1,J,4,G,R,4,8,K,9,6,C,1,0,T,JEEP,LCF,4W,6,17,,1,0,1095,GCK,G,,,6,226,,,,,4383,00,E,44,0,0,000000000,00000000000,0,0,0,1,0,0,0,0,0,0,0,998,0,0,0,12,6,2,12,0,0,0,1,26,49651,6,1,0,0,3,0,78,246,0,0,0,0,0,0,0,0,0,0,26,0,0,0,1,2,55,1,2,2,1,0,0,1,52,99,1,1,28,0,0
26,260204,2,3,1,20,4,17,26,12,1,1,0,26,1,20,466,20466,22,1993,1GCKP32K4P33,1,G,C,K,P,3,2,K,4,P,3,3,0,T,CHEV,P30,SN,93,17,,4,1780,1250,P30,G,,,8,350,,,,D,00000,00,,42,0,0,000000000,00000000000,0,0,0,1,0,0,0,0,0,0,0,998,0,0,0,6,6,2,12,0,0,0,1,26,49663,6,1,6,0,3,0,65,150,1,0,0,0,0,8,2010,8,2010,0,0,0,0,0,1,2,55,1,2,2,1,0,0,2,18,99,1,1,30,1,0
26,260204,3,3,1,20,4,17,26,12,1,1,0,26,3,85,881,85881,66,2000,1XKDDB0X3YJ8,1,X,K,D,D,B,0,X,3,Y,J,8,1,T,KW,T80,TR,0,17,,8,2600,1600,CON,D,,,6,893,,,,,00000,00,,64,3,57,002260359,57002260359,3,6,28,1,0,0,0,0,0,0,0,998,0,0,0,11,6,2,12,0,0,0,1,26,49657,6,1,6,0,3,0,68,195,0,0,0,2,0,5,2009,4,2011,0,0,0,0,0,1,2,55,1,2,2,1,0,0,1,62,99,1,1,98,0,0
26,260205,1,1,1,19,4,11,45,1,0,1,0,26,1,21,20,21020,2,1990,1G3WH14TXLD3,1,G,3,W,H,1,4,T,X,L,D,3,0,P,OLDS,CSF,CP,90,17,3043,,0,1075,,G,,F,6,191,,,14R195,,,,,,0,0,000000000,00000000000,0,0,0,1,0,0,0,0,0,0,0,998,0,1,3,0,6,2,1,0,0,0,1,26,48625,6,1,0,0,3,0,63,135,1,0,0,1,0,4,2010,2,2011,1,0,0,0,0,2,2,70,1,2,2,1,0,0,1,9,99,4,4,7,1,0
26,260206,1,2,1,17,4,22,35,12,7,1,0,26,1,7,482,7482,31,2010,1D7RB1CT0AS1,1,D,7,R,B,1,C,T,0,A,S,1,0,T,DODG,150,CW,10,17,,2,0,1400,RPC,G,,,8,348,,,,B,5064,00,7,42,0,0,000000000,00000000000,0,0,0,1,0,0,0,0,0,0,0,998,0,0,0,3,6,2,12,0,0,0,1,26,48157,6,1,6,0,3,0,72,195,0,0,0,1,0,12,2011,12,2011,0,99,99,99,99,3,3,70,1,1,1,1,0,0,1,60,99,1,1,45,0,0
26,260206,2,2,3,17,4,22,35,12,7,1,0,26,1,7,482,7482,31,2007,3D7KS29A37G8,3,D,7,K,S,2,9,A,3,7,G,8,1,T,DODG,ME2,CW,7,17,,2,0,1605,RPC,D,,,6,408,,,,C,7268,00,E,44,1,0,000000000,00000000000,0,0,0,1,0,0,0,0,0,0,0,998,0,0,0,8,6,2,12,0,0,0,1,26,48111,6,1,0,0,3,0,70,205,0,0,0,0,1,4,2009,4,2009,0,99,99,99,99,3,3,70,1,1,1,1,0,0,15,10,99,1,2,47,1,0
26,260207,1,2,1,19,4,5,22,12,6,1,0,26,5,21,2,21002,4,1989,1G3HY54C7KW3,1,G,3,H,Y,5,4,C,7,K,W,3,0,P,OLDS,FRB,4D,89,17,3134,,0,1108,,G,,F,6,231,,,14R205,,,,,,0,0,000000000,00000000000,0,0,0,1,0,0,0,0,0,0,0,998,0,0,0,12,6,2,12,0,0,0,1,26,48506,1,1,0,0,2,0,70,223,0,3,1,0,0,5,2009,6,2011,1,37,39,28,0,5,4,35,1,1,2,1,2,3,1,17,99,1,2,88,1,0
26,260207,2,2,1,19,4,5,22,12,6,1,0,26,3,86,882,86882,63,2006,1M2K195C16M0,1,M,2,K,1,9,5,C,1,6,M,0,0,T,MACK,MR6,TB,6,17,,8,0,0,600,D,,,6,728,,,,,00000,00,,64,0,57,000486983,57000486983,3,2,7,1,0,0,0,0,0,0,0,998,0,0,0,8,4,3,12,0,0,0,1,26,48532,6,1,6,0,3,0,69,215,0,0,0,0,0,0,0,0,0,0,0,0,0,0,0,0,0,0,0,0,0,0,0,8,62,99,1,1,89,0,0
26,260208,1,1,2,20,4,2,45,1,0,1,0,26,2,24,401,24401,14,2002,5GZCZ63B32S8,5,G,Z,C,Z,6,3,B,3,2,S,8,0,P,STRN,VUE,UT,2,17,3491,,0,1066,,G,,F,6,181,,,16R235,,,,,,0,0,000000000,00000000000,0,0,0,1,0,0,0,0,0,0,0,998,0,2,4,0,6,2,1,0,0,0,1,26,48911,6,1,0,0,3,0,61,115,0,1,0,1,1,1,2011,7,2011,1,0,0,0,0,6,1,55,2,2,1,1,0,0,14,6,99,4,4,7,1,1
26,260209,1,1,1,16,4,14,52,16,0,1,0,26,1,6,441,6441,20,2006,2A8GP64LX6R7,2,A,8,G,P,6,4,L,X,6,R,7,0,T,CHRY,LMT,ES,6,17,,1,0,1193,TWC,G,,,6,230,,,,,4378,00,,42,0,0,000000000,00000000000,0,0,0,1,0,0,0,0,0,0,0,98,0,0,0,0,6,2,16,0,0,0,1,26,49026,6,1,0,0,3,3,62,170,0,0,0,0,0,0,0,0,0,0,77,0,0,0,1,2,55,1,1,1,1,0,0,1,98,1,1,1,0,1,0
26,260210,1,1,1,11,4,12,6,8,0,1,0,26,1,20,2,20002,4,2007,2G1WB58K4793,2,G,1,W,B,5,8,K,4,7,9,3,0,P,CHEV,IPL,4D,7,17,3674,,0,1105,,F,,F,6,214,,,16R225,,,,,,0,0,000000000,00000000000,0,0,0,1,0,0,0,0,0,0,0,998,0,0,0,9,2,3,8,0,0,0,1,26,48238,6,1,0,0,3,3,67,170,1,0,0,0,0,10,2010,10,2010,0,0,0,0,0,3,4,70,1,1,1,1,0,0,1,13,7,1,4,3,0,0
26,260211,1,2,1,19,4,15,5,12,7,1,0,26,1,37,706,37706,80,1998,JH2SC3302WM2,J,H,2,S,C,3,3,0,2,W,M,2,0,M,HOND,CR9,RC,98,17,,,,,,,919,,4,,4,397,,,,,,,0,0,000000000,00000000000,0,0,0,1,0,0,0,0,0,0,0,998,0,0,0,11,6,2,12,0,0,0,1,26,48507,6,1,0,0,2,0,71,240,1,0,0,0,0,1,2012,1,2012,1,35,0,0,0,6,2,98,2,1,1,1,0,0,16,10,99,1,1,47,1,0
26,260211,2,2,1,19,4,15,5,12,7,1,0,95,3,87,881,87881,66,2002,1XP5DB9X42D5,1,X,P,5,D,B,9,X,4,2,D,5,1,T,PTRB,379,TR,2,17,,8,0,0,CON,D,,,6,893,,,,,00000,00,,64,1,57,000014188,57000014188,3,6,2,1,0,0,0,0,0,0,0,998,0,0,0,2,2,1,12,0,0,0,1,95,0,9,9,99,9,9,9,999,999,99,99,99,99,99,99,9999,99,9999,0,0,0,0,0,3,2,70,1,1,1,1,0,0,1,74,99,1,1,45,0,0
26,260212,1,2,1,3,4,13,20,12,2,1,0,26,2,21,2,21002,4,1994,1G3HY52L9RH3,1,G,3,H,Y,5,2,L,9,R,H,3,0,P,OLDS,RLS,4D,94,17,3373,,0,1108,,G,,F,6,231,,,15R205,,,,,,0,0,000000000,00000000000,0,0,0,1,0,0,0,0,0,0,0,998,0,0,0,12,6,2,12,0,0,0,1,26,48377,6,1,0,0,3,0,61,150,1,0,0,0,0,12,2011,12,2011,0,28,0,0,0,1,2,45,1,1,2,2,0,0,1,10,99,1,2,50,1,0
26,260212,2,2,1,3,4,13,20,12,2,1,0,26,3,7,482,7482,31,2002,3D7HU18Z02G2,3,D,7,H,U,1,8,Z,0,2,G,2,0,T,DODG,Q15,CW,2,17,,2,1605,1405,RPC,G,,,8,360,,,,B,5000,02,E,44,0,0,000000000,00000000000,0,0,0,1,0,0,0,0,0,0,0,998,0,0,0,12,6,2,12,0,0,0,1,26,48327,6,1,0,0,3,3,72,212,0,0,0,0,0,0,0,0,0,0,0,0,0,0,1,2,45,1,1,2,2,0,0,1,62,99,1,1,51,0,0
26,260213,1,1,1,27,4,15,17,42,0,1,0,26,1,20,481,20481,31,2010,3GCRKSE36AG2,3,G,C,R,K,S,E,3,6,A,G,2,0,T,CHEV,2SK,CW,10,17,,2,0,1435,SIL,F,,,8,323,,,,B,5346,00,,44,0,0,000000000,00000000000,0,0,0,1,0,0,0,0,0,0,0,998,0,0,0,3,6,2,42,0,0,0,1,26,49240,6,1,0,0,3,0,67,195,0,0,0,0,0,0,0,0,0,0,6,0,0,0,2,2,70,1,1,1,1,0,0,1,13,99,1,4,1,1,0
26,260214,1,2,2,20,4,19,50,12,6,1,1,26,5,12,401,12401,14,2003,1FMZU73K13UB,1,F,M,Z,U,7,3,K,1,3,U,B,0,P,FORD,EPR,UT,3,17,4094,,0,1137,,F,,F,6,245,,,16R235,,,,,,0,0,000000000,00000000000,0,0,0,1,0,0,0,0,0,0,0,998,0,0,0,12,6,2,12,0,0,0,1,99,99999,9,9,99,9,9,9,999,999,99,99,99,99,99,99,9999,99,9999,0,39,0,0,0,1,2,25,1,1,2,2,21,3,1,17,1,1,1,88,0,0
26,260214,2,2,1,20,4,19,50,12,6,1,0,26,2,22,18,22018,4,1994,1G2NE5537RC7,1,G,2,N,E,5,5,3,7,R,C,7,0,P,PONT,GAS,4D,94,17,2793,,0,1034,,G,,F,4,138,,,14R185,,,,,,0,0,000000000,00000000000,0,0,0,1,0,0,0,0,0,0,0,998,0,0,0,9,6,2,12,0,0,0,1,26,48228,1,1,0,0,2,3,72,250,0,3,0,0,0,10,2010,11,2010,0,0,0,0,0,1,2,25,1,1,2,2,0,0,1,66,99,1,1,89,1,0
26,260215,1,1,1,12,4,21,46,24,0,1,0,26,1,18,4,18004,4,1993,1G4BN5370PR4,1,G,4,B,N,5,3,7,0,P,R,4,0,P,BUIC,RDM,4D,93,17,3973,,0,1159,,G,,F,8,350,,,15R235,,,,,,0,0,000000000,00000000000,0,0,0,1,0,0,0,0,0,0,0,998,0,1,5,11,6,2,1,0,0,0,1,26,48191,6,1,0,0,3,0,74,250,1,0,0,0,1,3,2011,9,2011,0,6,0,0,0,1,2,45,2,1,2,1,0,0,14,12,99,1,4,6,1,1
26,260217,1,2,1,30,4,9,18,12,6,1,0,26,1,12,37,12037,4,2007,1FAHP34N07W3,1,F,A,H,P,3,4,N,0,7,W,3,0,P,FORD,X4S,4D,7,17,2636,,0,1029,,G,,F,4,122,,,15R195,,,,,,0,0,000000000,00000000000,0,0,0,1,0,0,0,0,0,0,0,998,0,0,0,11,6,2,12,0,0,0,1,26,48618,6,1,0,0,3,3,64,150,1,0,0,0,0,2,2012,2,2012,0,39,0,0,0,1,2,55,1,1,2,2,20,3,1,17,99,1,1,89,1,0
26,260217,2,2,1,30,4,9,18,12,6,1,0,26,1,18,22,18022,4,2008,2G4WC5826812,2,G,4,W,C,5,8,2,6,8,1,2,0,P,BUIC,LCX,4D,8,17,3495,,0,1105,,G,,F,6,232,,,16R225,,,,,,0,0,000000000,00000000000,0,0,0,1,0,0,0,0,0,0,0,998,0,0,0,12,6,2,12,0,0,0,1,26,48618,6,1,0,0,3,3,67,150,0,0,0,1,0,12,2009,12,2009,0,0,0,0,0,1,2,55,1,1,2,2,0,0,1,66,99,1,1,88,0,0
26,260218,1,2,1,30,4,15,46,12,6,1,0,26,1,55,401,55401,14,2004,KM8SB12B24U6,K,M,8,S,B,1,2,B,2,4,U,6,0,P,HYUN,SAN,UT,4,17,3494,,0,1031,,G,,F,4,143,,,16R225,,,,,,0,0,000000000,00000000000,0,0,0,1,0,0,0,0,0,0,0,998,0,0,0,3,6,2,12,0,0,0,1,26,48184,6,1,0,0,3,0,61,170,0,0,0,1,0,5,2009,5,2009,0,30,38,0,0,5,4,45,1,1,1,2,0,0,11,15,99,1,1,68,1,0
26,260218,2,2,5,30,4,15,46,12,6,1,0,26,2,20,37,20037,4,2006,1G1ZS51F66F1,1,G,1,Z,S,5,1,F,6,6,F,1,0,P,CHEV,M/L,4D,6,17,3296,,0,1063,,G,,F,4,134,,,15R205,,,,,,0,0,000000000,00000000000,0,0,0,1,0,0,0,0,0,0,0,998,0,0,0,12,6,2,12,0,0,0,1,26,48185,6,2,0,0,3,0,62,100,0,0,0,0,0,0,0,0,0,0,0,0,0,0,5,4,45,1,1,1,2,0,0,1,62,99,1,1,69,0,0
26,260219,1,1,1,26,4,13,35,1,0,1,0,26,1,98,709,98709,81,2005,RFCRD11175Y1,R,F,C,R,D,1,1,1,7,5,Y,1,0,U,,,,5,17,,,,,,,,,,,,,,,,,,,0,0,000000000,00000000000,0,0,0,1,0,0,0,0,0,0,0,998,0,0,0,0,2,1,1,0,0,0,1,26,49504,6,1,0,0,3,3,69,200,0,0,0,0,0,0,0,0,0,0,99,99,99,99,1,2,25,1,1,1,8,2,3,11,5,99,1,1,98,1,0
26,260220,1,3,1,30,4,17,40,12,6,1,0,26,1,12,37,12037,2,2001,3FAFP31371R1,3,F,A,F,P,3,1,3,7,1,R,1,0,P,FORD,FZX,3P,1,17,2550,,0,1030,,G,,F,4,121,,,15R195,,,,,,0,0,000000000,00000000000,0,0,0,1,0,0,0,0,0,0,0,998,0,0,0,12,6,2,12,0,0,0,1,26,48051,6,1,0,0,3,3,75,185,2,0,0,0,0,5,2009,11,2011,0,87,0,0,0,5,4,55,1,1,2,2,0,0,1,9,99,4,2,64,1,0
26,260220,2,3,1,30,4,17,40,12,6,1,0,26,3,23,421,23421,15,2011,1GKS2CE09BR3,1,G,K,S,2,C,E,0,9,B,R,3,0,T,GMC,YLT,4W,11,17,,2,0,1160,YUK,F,,,8,323,,,,B,5894,00,S,44,0,0,000000000,00000000000,0,0,0,1,0,0,0,0,0,0,0,998,0,0,0,12,6,2,12,0,0,0,1,26,48047,6,1,0,0,3,3,70,175,0,0,0,0,0,0,0,0,0,0,0,0,0,0,5,4,55,1,1,2,2,0,0,1,62,99,1,1,98,0,0
26,260220,3,3,1,30,4,17,40,12,6,1,0,26,2,2,404,2404,14,2008,1J8GR48K08C1,1,J,8,G,R,4,8,K,0,8,C,1,0,T,JEEP,LRO,4W,8,17,,1,0,1095,GCK,G,,,6,226,,,,,4488,00,7,44,0,0,000000000,00000000000,0,0,0,1,0,0,0,0,0,0,0,998,0,0,0,7,2,3,12,0,0,0,1,26,48066,6,2,0,0,3,0,65,130,2,0,0,0,0,6,2011,3,2012,0,0,0,0,0,5,4,55,1,1,2,2,0,0,1,62,99,1,1,65,0,0
26,260221,1,1,1,12,4,23,0,53,0,1,0,26,1,20,37,20037,4,2006,1G1ZT51826F2,1,G,1,Z,T,5,1,8,2,6,F,2,0,P,CHEV,MLT,4D,6,17,3316,,0,1063,,G,,F,6,214,,,16R215,,,,,,0,0,000000000,00000000000,0,0,0,1,0,0,0,0,0,0,0,998,0,1,5,99,6,2,1,0,0,0,1,26,48848,1,1,0,0,2,0,72,180,0,6,0,1,2,5,2010,3,2012,0,99,99,99,99,1,2,55,1,1,5,1,0,0,1,9,99,3,4,2,1,0
26,260222,1,1,1,29,4,15,13,59,0,1,0,26,1,20,422,20422,15,2009,1GNFK36389R2,1,G,N,F,K,3,6,3,8,9,R,2,0,P,CHEV,K15,UT,9,17,5743,,0,1300,,F,,F,8,323,,,20R265,,,,,,0,0,000000000,00000000000,0,0,0,1,0,0,0,0,0,0,0,998,0,0,0,11,6,2,30,0,0,0,1,26,48038,1,1,0,0,2,0,74,230,0,8,3,0,1,12,2010,3,2012,0,6,0,0,0,1,2,55,1,1,2,1,0,0,1,12,1,1,4,6,1,1
26,260223,1,2,3,15,4,2,50,12,6,1,0,26,2,12,422,12422,15,2003,1FMFU18L53LB,1,F,M,F,U,1,8,L,5,3,L,B,0,P,FORD,EPT,UT,3,17,5686,,0,1191,,G,,F,8,330,,,17R265,,,,,,0,0,000000000,00000000000,0,0,0,1,0,0,0,0,0,0,0,998,0,0,0,9,6,2,30,0,0,0,1,26,48204,0,0,0,0,0,0,72,140,0,1,0,0,0,1,2012,1,2012,0,36,39,0,0,1,4,30,1,1,2,1,2,3,1,17,99,1,1,89,2,0
26,260223,2,2,3,15,4,2,50,12,6,1,0,26,1,7,43,7043,4,2002,1B3EL36X92N1,1,B,3,E,L,3,6,X,9,2,N,1,0,P,DODG,SSE,4D,2,17,3114,,0,1080,,G,,F,4,148,,,15R205,,,,,,0,0,000000000,00000000000,0,0,0,1,0,0,0,0,0,0,0,998,0,0,0,12,6,2,12,0,0,0,1,26,48204,6,1,0,0,3,3,65,140,0,0,0,0,0,0,0,0,0,0,0,0,0,0,1,4,98,1,1,2,1,2,3,1,66,99,1,1,88,0,0
26,260224,1,2,1,29,4,21,45,12,6,1,0,26,2,22,22,22022,1,2007,1G2ZH3618741,1,G,2,Z,H,3,6,1,8,7,4,1,0,P,PONT,GGT,CV,7,17,3855,,0,1123,,G,,F,6,238,,,18R225,,,,,,0,0,000000000,00000000000,0,0,0,1,0,0,0,0,0,0,0,998,0,0,0,12,6,2,12,0,0,0,1,26,48340,6,7,0,0,3,2,68,150,0,0,0,0,0,0,0,0,0,0,39,73,0,0,5,4,45,1,1,2,1,2,3,1,17,1,1,1,86,1,0
26,260224,2,2,1,29,4,21,45,12,6,1,0,26,1,18,7,18007,4,2000,2G4WS52J5Y12,2,G,4,W,S,5,2,J,5,Y,1,2,0,P,BUIC,CCU,4D,0,17,3368,,0,1090,,G,,F,6,191,,,15R205,,,,,,0,0,000000000,00000000000,0,0,0,1,0,0,0,0,0,0,0,998,0,0,0,2,6,2,12,0,0,0,1,26,48328,6,1,0,0,3,3,69,230,0,0,0,0,0,0,0,0,0,0,0,0,0,0,5,4,45,1,1,2,1,2,3,1,66,99,1,1,87,0,0
26,260225,1,2,1,29,4,17,30,12,6,1,0,26,1,20,441,20441,20,1997,1GBDM19W7VB1,1,G,B,D,M,1,9,W,7,V,B,1,0,T,CHEV,AST,EC,97,17,,1,0,1110,AST,G,,,6,262,,,,B,00000,00,,42,0,0,000000000,00000000000,0,0,0,1,0,0,0,0,0,0,0,998,0,1,5,3,6,2,12,0,0,0,1,19,50257,6,1,0,0,3,3,71,175,0,0,0,0,0,0,0,0,0,0,0,0,0,0,1,2,55,1,1,2,1,0,0,1,66,1,1,1,87,1,0
26,260225,2,2,1,29,4,17,30,12,6,1,0,26,2,20,401,20401,14,1995,1GNDT13W5S22,1,G,N,D,T,1,3,W,5,S,2,2,0,P,CHEV,BZR,UT,95,17,4071,,0,1070,,G,,F,6,262,,,15R205,,,,,,0,0,000000000,00000000000,0,0,0,1,0,0,0,0,0,0,0,998,0,0,0,12,6,2,12,0,0,0,1,26,48884,1,1,0,0,2,0,67,165,1,0,0,0,0,6,2009,6,2009,0,39,0,0,0,1,2,55,1,1,2,1,20,3,1,17,1,1,1,86,1,1
26,260226,1,2,1,30,4,22,45,12,2,1,0,26,1,20,401,20401,14,2000,1GNCT18W1YK2,1,G,N,C,T,1,8,W,1,Y,K,2,0,P,CHEV,BZR,UT,0,17,3848,,0,1005,,G,,F,6,262,,,15R205,,,,,,0,0,000000000,00000000000,0,0,0,1,0,0,0,0,0,0,0,998,0,0,0,12,6,2,12,0,0,0,1,26,48329,6,1,0,0,3,0,72,200,2,2,0,2,0,6,2011,3,2012,0,28,0,0,0,1,2,40,1,1,2,2,0,0,1,10,99,1,2,50,1,0
26,260226,2,2,1,30,4,22,45,12,2,1,0,26,1,12,461,12461,21,1995,1FDKE30F6SHB,1,F,D,K,E,3,0,F,6,S,H,B,0,T,FORD,35C,MH,95,17,,3,1760,1380,CTV,D,,,8,444,,,,D,00000,00,A,42,0,0,000000000,00000000000,0,0,0,1,0,0,0,0,0,0,0,998,0,0,0,12,6,2,12,0,0,0,1,26,48386,6,1,0,0,3,3,76,220,0,0,0,0,0,0,0,0,0,0,0,0,0,0,1,2,40,1,1,2,2,0,0,1,62,99,1,1,51,0,0
26,260227,1,3,1,26,4,19,39,12,6,1,0,26,1,24,7,24007,4,2006,1G8AK55B56Z2,1,G,8,A,K,5,5,B,5,6,Z,2,0,P,STRN,SI3,4D,6,17,2772,,0,1035,,G,,F,4,146,,,16R205,,,,,,0,0,000000000,00000000000,0,0,0,1,0,0,0,0,0,0,0,998,0,0,0,12,6,2,12,0,0,0,1,26,48103,6,1,0,0,3,0,69,160,0,0,0,1,0,5,2011,5,2011,0,39,0,0,0,1,4,30,1,1,2,1,2,3,1,8,99,1,1,88,0,0
26,260227,2,3,1,26,4,19,39,12,6,1,0,26,1,49,40,49040,4,1996,JT2BF12KXT01,J,T,2,B,F,1,2,K,X,T,0,1,0,P,TOYT,LXS,4D,96,17,3241,,0,1031,,G,,F,6,183,,,15R205,,,,,,0,0,000000000,00000000000,0,0,0,1,0,0,0,0,0,0,0,998,0,0,0,9,6,2,12,0,0,0,1,26,48105,6,1,0,0,3,0,71,160,0,0,0,0,0,0,0,0,0,0,0,0,0,0,5,4,98,1,1,2,1,2,3,1,66,99,1,1,89,1,0
26,260227,3,3,1,26,4,19,39,12,6,1,0,26,1,34,35,34035,4,2009,WBANV93549C1,W,B,A,N,V,9,3,5,4,9,C,1,0,P,BMW,XI5,4D,9,17,3946,,0,1137,,G,,T,6,183,,,17R225,,,,,,0,0,000000000,00000000000,0,0,0,1,0,0,0,0,0,0,0,0,0,0,0,11,2,3,12,0,0,0,1,26,48103,6,1,0,0,3,0,70,180,0,0,0,1,0,3,2012,3,2012,0,0,0,0,0,1,4,30,1,1,2,1,2,3,5,62,99,1,1,98,0,0