STATE,ST_CASE,VEH_NO,VE_FORMS,NUMOCCS,DAY,MONTH,HOUR,MINUTE,HARM_EV,MAN_COLL,UNITTYPE,HIT_RUN,REG_STAT,OWNER,MAKE,MODEL,MAK_MOD,BODY_TYP,MOD_YEAR,VIN,VIN_1,VIN_2,VIN_3,VIN_4,VIN_5,VIN_6,VIN_7,VIN_8,VIN_9,VIN_10,VIN_11,VIN_12,TOW_VEH,VINTYPE,VINMAKE,VINA_MOD,VIN_BT,VINMODYR,VIN_LNGT,VIN_WGT,WGTCD_TR,WHLBS_LG,WHLBS_SH,SER_TR,FUELCODE,MCYCL_DS,CARBUR,CYLINDER,DISPLACE,MCYCL_CY,MCYCL_WT,TIRE_SZE,TON_RAT,TRK_WT,TRKWTVAR,VIN_REST,WHLDRWHL,J_KNIFE,MCARR_I1,MCARR_I2,MCARR_ID,GVWR,V_CONFIG,CARGO_BT,HAZ_INV,HAZ_PLAC,HAZ_ID,HAZ_CNO,HAZ_REL,BUS_USE,SPEC_USE,EMER_USE,TRAV_SP,UNDERIDE,ROLLOVER,ROLINLOC,IMPACT1,DEFORMED,TOWED,M_HARM,VEH_SC1,VEH_SC2,FIRE_EXP,DR_PRES,L_STATE,DR_ZIP,L_STATUS,L_TYPE,CDL_STAT,L_ENDORS,L_COMPL,L_RESTRI,DR_HGT,DR_WGT,PREV_ACC,PREV_SUS,PREV_DWI,PREV_SPD,PREV_OTH,FIRST_MO,FIRST_YR,LAST_MO,LAST_YR,SPEEDREL,DR_SF1,DR_SF2,DR_SF3,DR_SF4,VTRAFWAY,VNUM_LAN,VSPD_LIM,VALIGN,VPROFILE,VPAVETYP,VSURCOND,VTRAFCON,VTCONT_F,P_CRASH1,P_CRASH2,P_CRASH3,PCRASH4,PCRASH5,ACC_TYPE,DEATHS,DR_DRINK
26,260293,1,1,2,17,5,1,35,1,0,1,0,26,2,20,20,20020,4,1996,2G1WL52M0T92,2,G,1,W,L,5,2,M,0,T,9,2,0,P,CHEV,LUM,4D,96,17,3330,,0,1075,,G,,F,6,191,,,15R205,,,,,,0,0,000000000,00000000000,0,0,0,1,0,0,0,0,0,0,0,998,0,2,1,0,6,2,1,0,0,0,1,26,48606,6,1,0,0,3,0,66,175,0,3,0,0,1,5,2010,11,2011,0,58,0,0,0,2,2,50,1,1,2,1,0,0,6,98,7,1,2,98,1,1
26,260294,1,2,1,12,5,14,23,12,6,1,0,26,1,6,441,6441,20,2008,2A8HR54P58R7,2,A,8,H,R,5,4,P,5,8,R,7,0,T,CHRY,TOU,ES,8,17,,2,0,1212,TWC,G,,,6,232,,,,,4507,00,,42,0,0,000000000,00000000000,0,0,0,1,0,0,0,0,0,0,0,998,0,0,0,11,6,2,12,0,0,0,1,26,48460,6,1,0,0,3,3,70,195,0,0,0,1,0,5,2009,5,2009,0,38,0,0,0,0,0,0,0,0,0,0,0,0,4,17,99,1,1,89,0,0
26,260294,2,2,1,12,5,14,23,12,6,1,0,26,2,37,706,37706,80,2004,1HFSC55074A0,1,H,F,S,C,5,5,0,7,4,A,0,0,M,HOND,13V,RS,4,17,,,,,,,1312,,2,,4,641,,,,,,,0,0,000000000,00000000000,0,0,0,1,0,0,0,0,0,0,0,998,0,0,0,12,6,2,12,0,0,0,1,26,48433,6,1,0,0,3,0,65,190,0,0,0,0,0,0,0,0,0,0,0,0,0,0,5,4,45,1,1,2,1,0,0,1,67,99,1,1,88,1,0
26,260295,1,2,2,27,5,21,55,11,0,1,0,17,1,7,482,7482,31,2007,3D7KR28C47G7,3,D,7,K,R,2,8,C,4,7,G,7,0,T,DODG,SQ2,CW,7,17,,2,1605,1405,RPC,D,,,6,359,,,,C,5885,06,E,42,0,0,000000000,00000000000,0,0,0,1,0,0,0,0,0,0,0,998,0,0,0,12,4,3,54,0,0,0,1,17,60707,6,1,0,0,3,0,71,155,0,0,0,0,0,0,0,0,0,0,83,0,0,0,1,2,55,1,1,2,1,0,0,1,87,99,1,1,98,1,0
26,260295,2,2,1,27,5,21,55,11,0,1,0,26,2,12,17,12017,4,1998,1FAFP52U4WG2,1,F,A,F,P,5,2,U,4,W,G,2,0,P,FORD,TLS,4D,98,17,3359,,0,1085,,G,,F,6,182,,,15R205,,,,,,0,0,000000000,00000000000,0,0,0,1,0,0,0,0,0,0,0,998,0,0,0,12,2,1,54,0,0,0,1,26,49418,6,1,0,0,3,0,65,150,0,0,0,0,0,0,0,0,0,0,0,0,0,0,1,2,55,1,1,2,1,0,0,1,87,99,1,1,13,0,0
26,260296,1,1,1,16,5,20,5,9,0,1,0,26,2,12,3,12003,2,2007,1ZVFT82HX751,1,Z,V,F,T,8,2,H,X,7,5,1,0,P,FORD,MGT,CP,7,17,3356,,0,1071,,G,,F,8,281,,,17R235,,,,,,0,0,000000000,00000000000,0,0,0,1,0,0,0,0,0,0,0,998,0,0,0,3,2,3,9,0,0,0,1,26,48138,6,1,0,0,3,0,73,165,0,0,0,0,0,0,0,0,0,0,0,0,0,0,1,2,35,1,1,7,1,0,0,1,83,99,1,1,13,0,0
26,260297,1,2,1,26,5,23,4,12,2,1,0,26,1,23,441,23441,20,1992,1GDDM19Z6NB5,1,G,D,D,M,1,9,Z,6,N,B,5,0,T,GMC,SXT,EC,92,17,,1,0,1110,SAF,G,,,6,262,,,,B,3561,04,A,42,0,0,000000000,00000000000,0,0,0,1,0,0,0,0,0,0,0,998,0,0,0,12,6,2,12,0,0,0,1,26,48848,6,1,0,0,3,0,65,140,2,1,1,0,1,7,2009,2,2012,0,28,0,0,0,1,2,55,1,1,2,1,0,0,1,10,1,1,2,50,1,0
26,260297,2,2,2,26,5,23,4,12,2,1,0,26,3,12,471,12471,30,2003,1FTYR44V73PA,1,F,T,Y,R,4,4,V,7,3,P,A,0,T,FORD,RNS,4C,3,17,,1,0,1257,RNG,F,,,6,182,,,,B,3547,00,U,42,0,0,000000000,00000000000,0,0,0,1,0,0,0,0,0,0,0,998,0,0,0,12,6,2,12,0,0,0,1,26,48827,6,1,0,0,3,0,70,230,1,0,0,0,0,6,2010,6,2010,0,0,0,0,0,1,2,55,1,1,2,1,0,0,1,62,99,1,1,51,0,0
26,260298,1,1,2,25,5,2,36,5,0,1,0,26,2,7,482,7482,31,2004,1D7HA16K54J2,1,D,7,H,A,1,6,K,5,4,J,2,0,T,DODG,S1T,PK,4,17,,2,1405,1205,RPC,G,,,6,225,,,,B,4445,01,E,42,0,0,000000000,00000000000,0,0,0,1,0,0,0,0,0,0,0,998,0,0,0,0,0,1,5,0,0,0,1,26,49506,6,1,0,0,3,0,74,230,2,3,0,0,1,8,2009,7,2011,0,59,0,0,0,3,4,70,1,1,1,1,0,0,1,98,9,1,1,0,1,1
26,260299,1,1,1,10,5,2,29,8,0,1,0,26,2,12,401,12401,14,1998,1FMYU24E0WUA,1,F,M,Y,U,2,4,E,0,W,U,A,0,P,FORD,EPR,UT,98,17,3919,,0,1017,,G,,F,6,245,,,15R225,,,,,,0,0,000000000,00000000000,0,0,0,1,0,0,0,0,0,0,0,998,0,0,0,12,6,2,8,0,0,0,1,26,48846,1,1,0,0,2,3,73,165,0,3,1,0,0,4,2011,9,2011,0,6,0,0,0,1,2,55,1,1,2,1,0,0,1,80,99,1,1,13,0,1
26,260300,1,2,1,18,5,21,51,12,6,1,0,26,1,20,401,20401,14,1998,1GNCT18W1WK1,1,G,N,C,T,1,8,W,1,W,K,1,0,P,CHEV,BZR,UT,98,17,3874,,0,1005,,G,,F,6,262,,,15R235,,,,,,0,0,000000000,00000000000,0,0,0,1,0,0,0,0,0,0,0,998,0,0,0,3,6,2,12,0,0,0,1,26,48458,6,1,0,0,3,0,68,187,0,0,0,1,0,6,2011,6,2011,0,38,0,0,0,1,2,55,1,2,2,1,0,0,11,15,99,1,1,76,0,0
26,260300,2,2,1,18,5,21,51,12,6,1,0,26,2,72,706,72706,80,2001,1HD1CGP131K1,1,H,D,1,C,G,P,1,3,1,K,1,0,M,HD,20C,RS,1,17,,,,,,,1200,,2,,4,491,,,,,,,0,0,000000000,00000000000,0,0,0,1,0,0,0,0,0,0,0,998,0,0,0,12,6,2,12,0,0,0,1,26,48458,6,1,0,0,2,0,68,190,0,0,0,0,0,0,0,0,0,0,0,0,0,0,1,2,55,1,2,2,1,0,0,1,78,99,1,1,77,1,0
26,260301,1,1,1,26,5,22,16,33,0,1,0,26,1,22,32,22032,6,2009,5Y2SP67819Z4,5,Y,2,S,P,6,7,8,1,9,Z,4,0,P,PONT,VIB,4H,9,17,2856,,0,1024,,G,,F,4,110,,,16R205,,,,,,0,0,000000000,00000000000,0,0,0,1,0,0,0,0,0,0,0,998,0,0,0,12,6,2,42,0,0,0,1,26,48348,6,1,0,0,3,0,65,180,0,0,0,0,0,0,0,0,0,0,6,0,0,0,1,4,50,1,1,1,1,0,0,1,13,99,1,4,1,1,0
26,260302,1,1,3,29,5,17,10,34,0,1,0,26,2,12,471,12471,30,1998,1FTYR10U1WPB,1,F,T,Y,R,1,0,U,1,W,P,B,0,T,FORD,RNG,PK,98,17,,1,1175,1116,RNG,G,,,6,182,,,,B,3030,01,E,42,0,0,000000000,00000000000,0,0,0,1,0,0,0,0,0,0,0,998,0,0,0,12,6,2,34,0,0,0,1,26,49235,1,1,0,0,2,0,69,170,0,1,0,0,0,11,2009,11,2009,0,99,99,99,99,1,2,55,1,3,5,1,0,0,1,12,99,1,4,6,1,1
26,260303,1,1,3,29,5,15,25,15,0,1,0,26,1,12,442,12442,20,2001,2FMDA53401BA,2,F,M,D,A,5,3,4,0,1,B,A,0,T,FORD,WSL,ES,1,17,,1,0,1207,WIN,G,,,6,232,,,,B,4281,00,E,42,0,0,000000000,00000000000,0,0,0,1,0,0,0,0,0,0,0,998,0,0,0,12,2,1,15,0,0,0,1,26,49232,6,1,0,0,3,0,65,137,0,0,0,0,0,0,0,0,0,0,26,0,0,0,1,2,55,1,1,2,1,0,0,1,83,99,1,1,13,0,0
26,260304,1,3,1,25,5,11,4,12,1,1,0,26,2,7,26,7026,4,2011,1B3BD1FB6BN5,1,B,3,B,D,1,F,B,6,B,N,5,0,P,DODG,AMN,4D,11,17,3394,,0,1089,,G,,F,4,146,,,17R225,,,,,,0,0,000000000,00000000000,0,0,0,1,0,0,0,0,0,0,0,998,0,0,0,12,6,2,12,0,0,0,1,26,48444,6,1,0,0,3,3,65,270,2,0,0,0,0,1,2010,2,2010,0,99,99,99,99,1,2,55,1,3,2,1,0,0,1,51,6,1,2,24,1,0
26,260304,2,3,1,25,5,11,4,12,1,1,0,26,1,18,2,18002,4,2004,1G4HP52K7441,1,G,4,H,P,5,2,K,7,4,4,1,0,P,BUIC,LCF,4D,4,17,3567,,0,1122,,G,,F,6,231,,,15R215,,,,,,0,0,000000000,00000000000,0,0,0,1,0,0,0,0,0,0,0,998,0,0,0,11,6,2,12,0,0,0,1,26,48412,6,1,0,0,3,0,67,130,0,0,0,0,0,0,0,0,0,0,0,0,0,0,1,2,55,1,3,2,1,0,0,1,62,99,1,1,98,0,0
26,260304,3,3,1,25,5,11,4,12,1,1,0,26,1,23,402,23402,14,2010,2CTALFEW1A64,2,C,T,A,L,F,E,W,1,A,6,4,0,T,GMC,TET,4W,10,17,,1,0,1125,TER,G,,,4,146,,,,,3829,00,S,42,0,0,000000000,00000000000,0,0,0,1,0,0,0,0,0,0,0,998,0,0,0,6,6,2,12,0,0,0,1,26,48412,6,1,0,0,3,3,62,125,0,0,0,0,0,0,0,0,0,0,99,99,99,99,1,2,55,1,3,2,1,0,0,2,53,99,1,1,25,0,0
26,260306,1,1,99,12,5,22,45,8,0,1,1,99,9,99,999,99999,99,9999,999999999999,9,9,9,9,9,9,9,9,9,9,9,9,9,,,,,,,,,,,,,,,,,,,,,,,,,0,0,000000000,00000000000,0,0,0,1,0,0,0,0,99,99,9,998,0,0,0,11,2,1,8,99,99,0,1,99,99999,9,9,99,9,9,9,999,999,99,99,99,99,99,99,9999,99,9999,9,99,99,99,99,2,4,40,1,1,2,2,0,0,1,80,99,1,1,13,0,0
26,260307,1,1,2,25,5,21,58,1,0,1,0,26,1,72,706,72706,80,2001,1HD1FMW141Y6,1,H,D,1,F,M,W,1,4,1,Y,6,0,M,HD,TPI,RS,1,17,,,,,,,1450,,2,,4,999,,,,,,,0,0,000000000,00000000000,0,0,0,1,0,0,0,0,0,0,0,998,0,0,0,0,6,2,1,0,0,0,1,26,48022,1,1,0,0,2,0,71,190,0,4,0,1,0,9,2009,3,2012,1,0,0,0,0,1,2,55,1,1,2,1,0,0,1,13,99,1,4,1,1,1
26,260308,1,2,1,30,3,2,38,12,6,1,0,26,1,20,2,20002,4,2009,2G1WB57K5912,2,G,1,W,B,5,7,K,5,9,1,2,0,P,CHEV,IPL,4D,9,17,3555,,0,1105,,F,,F,6,214,,,16R225,,,,,,0,0,000000000,00000000000,0,0,0,1,0,0,0,0,0,0,0,998,0,0,0,3,6,2,12,0,0,0,1,26,48083,6,1,0,0,3,3,68,185,0,0,0,0,0,0,0,0,0,0,39,0,0,0,2,4,50,1,1,1,1,2,3,1,17,99,1,1,87,1,0
26,260308,2,2,1,30,3,2,38,12,6,1,0,26,1,7,442,7442,20,2011,2D4RN5DG7BR7,2,D,4,R,N,5,D,G,7,B,R,7,0,P,DODG,CAR,SV,11,17,4510,,0,1212,,F,,F,6,220,,,17R225,,,,,,0,0,000000000,00000000000,0,0,0,1,0,0,0,0,0,0,0,998,0,0,0,12,6,2,12,0,0,0,1,26,48310,6,1,0,0,3,0,68,190,0,0,0,0,0,0,0,0,0,0,39,0,0,0,2,4,50,1,1,1,1,2,3,1,66,99,1,1,86,0,0
26,260309,1,2,1,6,4,15,7,12,6,1,0,26,2,52,47,52047,6,2003,JA4LZ41G43U1,J,A,4,L,Z,4,1,G,4,3,U,1,0,P,MITS,OUT,UT,3,17,3461,,0,1033,,G,,F,4,146,,,16R225,,,,,,0,0,000000000,00000000000,0,0,0,1,0,0,0,0,0,0,0,998,0,0,0,1,6,2,12,0,0,0,1,26,48021,6,1,0,0,3,0,74,215,0,0,0,0,0,0,0,0,0,0,39,0,0,0,5,4,35,1,1,1,1,2,3,4,66,99,1,1,83,0,0
26,260309,2,2,2,6,4,15,7,12,6,1,0,26,1,6,43,6043,4,2007,1C3LC46K67N5,1,C,3,L,C,4,6,K,6,7,N,5,0,P,CHRY,SEB,4D,7,17,3201,,0,1089,,G,,F,4,144,,,16R215,,,,,,0,0,000000000,00000000000,0,0,0,1,0,0,0,0,0,0,0,998,0,0,0,12,6,2,12,0,0,0,1,26,48080,6,1,0,0,3,0,60,105,0,0,0,0,0,0,0,0,0,0,0,0,0,0,5,4,98,1,1,1,1,2,3,11,17,99,1,1,82,1,0
26,260310,1,2,99,8,4,20,5,12,6,1,1,99,9,20,16,20016,2,2001,1G1JC1247173,1,G,1,J,C,1,2,4,7,1,7,3,0,P,CHEV,CAV,CP,1,17,2617,,0,1041,,G,,F,4,133,,,14R195,,,,,,0,0,000000000,00000000000,0,0,0,1,0,0,0,0,0,0,0,998,0,0,0,12,2,3,12,0,0,0,1,99,99999,9,9,99,9,9,9,999,999,99,99,99,99,99,99,9999,99,9999,0,0,0,0,0,1,2,25,1,1,2,1,20,3,1,62,1,1,1,69,0,0
26,260310,2,2,2,8,4,20,5,12,6,1,0,0,0,98,998,98998,97,9999,000000000000,0,0,0,0,0,0,0,0,0,0,0,0,0,,,,,,,,,,,,,,,,,,,,,,,,,0,0,000000000,00000000000,0,0,0,1,0,0,0,0,0,0,0,998,0,0,0,3,6,2,12,0,0,0,1,26,48209,0,0,0,0,0,0,999,999,0,0,0,0,0,0,0,0,0,0,99,99,99,99,1,2,25,1,1,2,1,0,0,11,15,99,1,1,68,1,0
26,260311,1,1,1,10,6,12,15,42,0,1,0,26,1,23,481,23481,31,2003,1GTEC14V43E1,1,G,T,E,C,1,4,V,4,3,E,1,0,T,GMC,NC1,PK,3,17,,2,1330,1190,SIE,G,,,8,293,,,,B,4073,01,4,42,0,0,000000000,00000000000,0,0,0,1,0,0,0,0,0,0,0,998,0,0,0,12,6,2,42,0,0,0,1,26,48603,6,1,6,0,3,0,70,203,0,0,0,1,0,5,2011,5,2011,0,99,99,99,99,1,2,55,1,1,2,1,0,0,1,13,99,1,4,1,1,0
26,260312,1,2,1,24,5,14,39,12,1,1,0,26,3,38,882,38882,61,2011,JALE5W16XB73,J,A,L,E,5,W,1,6,X,B,7,3,0,T,ISU,NRR,TB,11,17,,5,0,0,NRR,D,,,4,317,,,,,00000,00,,42,0,57,000862995,57000862995,2,1,1,1,0,0,0,0,0,0,0,998,0,0,0,12,4,3,12,0,0,0,1,26,48082,6,1,6,0,3,3,73,240,0,0,0,0,0,0,0,0,0,0,26,0,0,0,5,6,45,1,1,1,1,2,3,1,50,2,1,1,20,0,0
26,260312,2,2,1,24,5,14,39,12,1,1,0,26,1,7,442,7442,20,2001,2B4GP44R61R3,2,B,4,G,P,4,4,R,6,1,R,3,0,T,DODG,GSP,ES,1,17,,1,0,1193,CAR,G,,,6,201,,,,,3989,00,E,42,0,0,000000000,00000000000,0,0,0,1,0,0,0,0,0,0,0,0,0,0,0,6,4,3,12,0,0,0,1,26,48026,6,1,0,0,3,0,65,162,2,0,0,0,0,5,2011,12,2011,0,0,0,0,0,5,6,45,1,1,1,1,2,3,5,53,99,1,1,21,1,0
26,260313,1,1,1,10,6,1,56,33,0,1,0,26,2,73,709,73709,80,2008,JKAVN2B198A0,J,K,A,V,N,2,B,1,9,8,A,0,0,M,KAWK,VN9,RS,8,17,,,,,,,903,,2,,4,557,,,,,,,0,0,000000000,00000000000,0,0,0,1,0,0,0,0,0,0,0,998,0,0,0,12,6,2,1,0,0,0,1,26,48209,6,1,0,0,2,0,73,250,0,0,0,0,0,0,0,0,0,0,99,99,99,99,3,3,45,1,1,1,1,0,0,1,12,99,1,4,6,1,1
26,260314,1,1,2,10,6,2,30,34,0,1,0,26,1,30,40,30040,4,2004,3VWSE69M14M1,3,V,W,S,E,6,9,M,1,4,M,1,0,P,VOLK,JGS,4D,4,17,2964,,0,989,,G,,T,4,109,,,15R195,,,,,,0,0,000000000,00000000000,0,0,0,1,0,0,0,0,0,0,0,998,0,1,5,12,6,2,1,0,0,0,1,26,48701,6,1,0,0,3,3,68,184,0,2,0,1,0,3,2011,5,2012,0,36,58,0,0,1,2,55,1,1,2,1,0,0,1,13,6,1,4,1,1,1
26,260315,1,2,1,8,5,22,28,12,6,1,0,26,2,20,37,20037,4,2005,1G1ZT54845F2,1,G,1,Z,T,5,4,8,4,5,F,2,0,P,CHEV,M/L,4D,5,17,3297,,0,1063,,G,,F,6,214,,,15R205,,,,,,0,0,000000000,00000000000,0,0,0,1,0,0,0,0,0,0,0,998,0,0,0,3,4,1,12,0,0,0,1,26,48088,6,2,0,0,3,0,67,150,0,0,0,0,0,0,0,0,0,0,99,99,99,99,1,2,25,1,1,2,1,0,0,13,98,99,1,1,92,0,0
26,260315,2,2,1,8,5,22,28,12,6,1,0,26,1,72,706,72706,80,2008,1HD1BW5128Y0,1,H,D,1,B,W,5,1,2,8,Y,0,0,M,HD,STC,RS,8,17,,,,,,,1584,,2,,4,750,,,,,,,0,0,000000000,00000000000,0,0,0,1,0,0,0,0,0,0,0,998,0,0,0,12,6,8,12,0,0,0,1,26,48048,6,1,0,0,3,0,72,230,0,0,1,3,1,7,2009,3,2012,0,99,99,99,99,1,2,25,1,1,2,1,0,0,1,71,99,1,1,93,1,1
26,260316,1,1,2,10,6,23,39,42,0,1,0,26,2,13,482,13482,31,2006,5LTPW18546FJ,5,L,T,P,W,1,8,5,4,6,F,J,0,T,LINC,MLT,CW,6,17,,2,0,1385,MRK,G,,,8,330,,,,,5677,00,E,44,0,0,000000000,00000000000,0,0,0,1,0,0,0,0,0,0,0,998,0,0,0,12,6,2,42,0,0,1,1,26,49893,6,1,0,0,3,0,72,190,0,0,0,0,0,0,0,0,0,0,99,99,99,99,1,2,55,3,2,2,1,0,0,1,13,99,1,4,1,1,1
26,260317,1,1,1,8,6,22,32,52,0,1,0,26,1,30,42,30042,3,2001,9BWPG61J1140,9,B,W,P,G,6,1,J,1,1,4,0,0,P,VOLK,GTX,2H,1,17,2923,,0,989,,G,,F,6,170,,,16R205,,,,,,0,0,000000000,00000000000,0,0,0,1,0,0,0,0,0,0,0,998,0,0,0,9,6,2,52,0,0,0,1,26,48114,6,1,0,0,3,0,68,140,1,0,0,1,0,5,2010,2,2012,1,0,0,0,0,4,1,98,2,2,2,1,0,0,14,12,99,1,4,6,1,1
26,260318,1,1,1,7,6,17,15,9,0,1,0,26,1,37,32,37032,4,2007,1HGCM567X7A2,1,H,G,C,M,5,6,7,X,7,A,2,0,P,HOND,UEX,4D,7,17,3228,,0,1079,,G,,F,4,146,,,16R205,,,,,,0,0,000000000,00000000000,0,0,0,1,0,0,0,0,0,0,0,998,0,0,0,12,6,2,9,0,0,0,1,26,49548,6,1,0,0,3,0,65,170,0,0,0,0,0,0,0,0,0,0,0,0,0,0,5,4,55,1,1,2,1,0,0,1,83,99,1,1,13,0,0
26,260319,1,2,1,8,6,15,2,12,1,1,0,26,1,12,461,12461,21,2011,1FTNE1EW4BDB,1,F,T,N,E,1,E,W,4,B,D,B,0,T,FORD,15V,CG,11,17,,2,0,1380,VAN,G,,,8,281,,,,B,4690,00,E,42,0,0,000000000,00000000000,0,0,0,1,0,0,0,0,0,0,0,998,0,0,0,12,6,2,12,0,0,0,1,26,48223,6,1,0,0,3,0,66,185,0,0,0,0,0,0,0,0,0,0,26,0,0,0,5,4,45,1,1,1,1,0,0,1,51,1,1,1,24,1,0
26,260319,2,2,1,8,6,15,2,12,1,1,0,26,3,84,881,84881,62,2007,1HTMMAAL87H3,1,H,T,M,M,A,A,L,8,7,H,3,0,T,INTL,430,CC,7,17,,6,0,0,40S,D,,,6,466,,,,,00000,00,,42,0,57,001789571,57001789571,2,1,1,1,0,0,0,0,0,0,0,998,0,0,0,6,4,1,12,0,0,0,1,26,48183,6,1,6,1,3,3,74,220,0,0,0,0,0,0,0,0,0,0,0,0,0,0,5,4,45,1,1,1,1,0,0,10,53,99,1,1,27,0,0
26,260320,1,1,2,9,6,1,0,42,0,1,0,26,1,20,2,20002,4,2001,2G1WF55E8192,2,G,1,W,F,5,5,E,8,1,9,2,0,P,CHEV,IMP,4D,1,17,3389,,0,1105,,G,,F,6,207,,,16R225,,,,,,0,0,000000000,00000000000,0,0,0,1,0,0,0,0,0,0,0,998,0,0,0,9,6,2,42,0,0,0,1,26,49099,6,1,0,0,3,0,76,210,0,0,0,0,1,8,2010,8,2010,1,0,0,0,0,1,2,55,1,8,5,1,0,0,1,6,99,4,4,2,1,1
26,260321,1,4,1,10,6,19,29,12,1,1,0,26,2,76,705,76705,80,2005,JYARJ08E95A0,J,Y,A,R,J,0,8,E,9,5,A,0,0,M,YAMA,FSZ,RC,5,17,,,,,,,600,,4,,4,423,,,,,,,0,0,000000000,00000000000,0,0,0,1,0,0,0,0,0,0,0,998,0,0,0,12,6,2,57,0,0,0,1,26,48856,6,1,0,0,3,0,73,230,0,0,0,0,0,0,0,0,0,0,26,0,0,0,3,2,70,1,2,2,1,0,0,1,52,99,1,1,24,1,0
26,260321,2,4,1,10,6,19,29,12,1,1,0,26,2,76,709,76709,80,2009,JYARJ13E59A0,J,Y,A,R,J,1,3,E,5,9,A,0,0,M,YAMA,FHG,RC,9,17,,,,,,,600,,4,,4,459,,,,,,,0,0,000000000,00000000000,0,0,0,1,0,0,0,0,0,0,0,998,0,0,0,12,6,2,12,0,0,0,1,26,48856,6,1,0,0,3,3,73,230,2,0,0,1,0,1,2010,10,2010,0,26,0,0,0,3,2,70,1,2,2,1,0,0,1,52,99,1,1,98,0,0
26,260321,3,4,2,10,6,19,29,12,1,1,0,26,2,20,481,20481,31,2003,1GCEC14T93Z3,1,G,C,E,C,1,4,T,9,3,Z,3,0,T,CHEV,SC1,PK,3,17,,2,1330,1190,SIL,G,,,8,325,,,,B,4073,00,,42,0,0,000000000,00000000000,0,0,0,1,0,0,0,0,0,0,0,998,0,0,0,6,2,3,12,0,0,0,1,26,48856,6,1,0,0,3,3,67,160,0,0,0,0,0,0,0,0,0,0,0,0,0,0,3,2,70,1,2,2,1,0,0,2,53,99,1,1,25,0,0
26,260321,4,4,2,10,6,19,29,12,1,1,0,26,1,49,46,49046,4,2008,JTDKB20U3834,J,T,D,K,B,2,0,U,3,8,3,4,0,P,TOYT,PRI,4H,8,17,2932,,0,1063,,B,,F,4,091,,,15R185,,,,,,0,0,000000000,00000000000,0,0,0,1,0,0,0,0,0,0,0,0,0,0,0,7,4,3,12,0,0,0,1,26,48103,6,1,0,0,3,0,67,125,0,0,0,0,0,0,0,0,0,0,0,0,0,0,3,2,70,1,2,2,1,0,0,17,53,1,1,4,98,0,0
26,260322,1,1,1,11,6,13,40,42,0,1,0,26,3,12,17,12017,4,2011,1FAHP2EW5BG1,1,F,A,H,P,2,E,W,5,B,G,1,0,P,FORD,TEL,4D,11,17,4015,,0,0,,G,,F,6,214,,,18R235,,,,,,0,0,000000000,00000000000,0,0,0,1,0,0,0,0,0,0,0,998,0,0,0,12,6,2,42,0,0,1,1,26,48375,6,1,0,0,3,3,71,175,0,0,0,1,0,8,2010,8,2010,0,99,99,99,99,1,2,55,1,1,2,2,0,0,1,12,3,1,4,6,1,0
26,260323,1,2,1,3,6,0,22,12,8,1,0,26,1,12,471,12471,30,2003,1FTYR44U53PB,1,F,T,Y,R,4,4,U,5,3,P,B,0,T,FORD,RNS,4C,3,17,,1,0,1257,RNG,G,,,6,182,,,,B,3547,00,U,42,0,0,000000000,00000000000,0,0,0,1,0,0,0,0,0,0,0,998,0,0,0,11,6,2,12,0,0,0,1,26,49120,6,1,0,0,3,0,69,180,1,0,0,0,0,10,2011,10,2011,0,0,0,0,0,1,2,55,1,1,2,1,0,0,1,62,99,1,1,65,0,0
26,260323,2,2,2,3,6,0,22,12,8,1,0,18,1,20,16,20016,4,1996,1G1JC524XT72,1,G,1,J,C,5,2,4,X,T,7,2,0,P,CHEV,CAV,4D,96,17,2676,,0,1041,,G,,F,4,133,,,14R195,,,,,,0,0,000000000,00000000000,0,0,0,1,0,0,0,0,0,0,0,998,0,0,0,11,6,2,12,0,0,0,1,18,46628,6,1,0,0,3,0,67,100,0,4,1,0,2,2,2011,5,2011,0,28,0,0,0,1,2,55,1,1,2,1,0,0,1,10,99,1,2,64,1,1
26,260324,1,1,1,13,6,16,55,1,0,1,0,26,2,12,442,12442,20,2002,2FMDA58492BB,2,F,M,D,A,5,8,4,9,2,B,B,0,T,FORD,WLM,ES,2,17,,1,0,1207,WIN,G,,,6,232,,,,B,4355,00,K,42,0,0,000000000,00000000000,0,0,0,1,0,0,0,0,0,0,0,998,0,2,3,0,6,2,1,0,0,0,1,26,49655,6,1,0,0,3,0,76,230,1,0,0,0,0,5,2012,5,2012,1,99,99,99,99,2,2,70,3,2,2,1,0,0,14,12,99,1,4,6,1,0
26,260325,1,1,1,12,6,21,25,8,0,1,0,26,1,12,17,12017,4,2001,1FAFP53U61G1,1,F,A,F,P,5,3,U,6,1,G,1,0,P,FORD,TSE,4D,1,17,3354,,0,1085,,G,,F,6,182,,,16R215,,,,,,0,0,000000000,00000000000,0,0,0,1,0,0,0,0,0,0,0,998,0,0,0,1,2,3,8,0,0,0,1,26,48221,6,1,0,0,3,3,66,220,0,0,0,0,0,0,0,0,0,0,0,0,0,0,1,2,25,1,1,2,1,0,0,1,80,1,1,1,13,0,0