STATE,ST_CASE,VEH_NO,VE_FORMS,NUMOCCS,DAY,MONTH,HOUR,MINUTE,HARM_EV,MAN_COLL,UNITTYPE,HIT_RUN,REG_STAT,OWNER,MAKE,MODEL,MAK_MOD,BODY_TYP,MOD_YEAR,VIN,VIN_1,VIN_2,VIN_3,VIN_4,VIN_5,VIN_6,VIN_7,VIN_8,VIN_9,VIN_10,VIN_11,VIN_12,TOW_VEH,VINTYPE,VINMAKE,VINA_MOD,VIN_BT,VINMODYR,VIN_LNGT,VIN_WGT,WGTCD_TR,WHLBS_LG,WHLBS_SH,SER_TR,FUELCODE,MCYCL_DS,CARBUR,CYLINDER,DISPLACE,MCYCL_CY,MCYCL_WT,TIRE_SZE,TON_RAT,TRK_WT,TRKWTVAR,VIN_REST,WHLDRWHL,J_KNIFE,MCARR_I1,MCARR_I2,MCARR_ID,GVWR,V_CONFIG,CARGO_BT,HAZ_INV,HAZ_PLAC,HAZ_ID,HAZ_CNO,HAZ_REL,BUS_USE,SPEC_USE,EMER_USE,TRAV_SP,UNDERIDE,ROLLOVER,ROLINLOC,IMPACT1,DEFORMED,TOWED,M_HARM,VEH_SC1,VEH_SC2,FIRE_EXP,DR_PRES,L_STATE,DR_ZIP,L_STATUS,L_TYPE,CDL_STAT,L_ENDORS,L_COMPL,L_RESTRI,DR_HGT,DR_WGT,PREV_ACC,PREV_SUS,PREV_DWI,PREV_SPD,PREV_OTH,FIRST_MO,FIRST_YR,LAST_MO,LAST_YR,SPEEDREL,DR_SF1,DR_SF2,DR_SF3,DR_SF4,VTRAFWAY,VNUM_LAN,VSPD_LIM,VALIGN,VPROFILE,VPAVETYP,VSURCOND,VTRAFCON,VTCONT_F,P_CRASH1,P_CRASH2,P_CRASH3,PCRASH4,PCRASH5,ACC_TYPE,DEATHS,DR_DRINK
26,260326,1,1,2,17,6,0,30,34,0,1,0,26,1,72,706,72706,80,1997,1HD1FDL13VY6,1,H,D,1,F,D,L,1,3,V,Y,6,0,M,HD,FHR,RS,97,17,,,,,,,1340,,2,,4,692,,,,,,,0,0,000000000,00000000000,0,0,0,1,0,0,0,0,0,0,0,998,0,0,0,1,6,2,1,0,0,0,1,26,49228,6,1,0,0,3,0,71,189,0,0,0,0,0,0,0,0,0,1,0,0,0,0,1,2,55,1,1,2,1,0,0,1,13,99,1,4,1,1,1
26,260327,1,1,1,17,6,13,49,34,0,1,0,26,2,32,43,32043,4,2003,WAULC68E43A1,W,A,U,L,C,6,8,E,4,3,A,1,0,P,AUDI,41Q,4D,3,17,3311,,0,1043,,G,,T,4,109,,,15R205,,,,,,0,0,000000000,00000000000,0,0,0,1,0,0,0,0,0,0,0,998,0,1,5,99,6,2,42,0,0,0,1,26,49120,6,1,0,0,3,0,67,155,0,0,0,0,0,0,0,0,0,1,0,0,0,0,1,2,55,1,3,2,1,0,0,1,6,99,2,4,7,1,0
26,260328,1,1,2,17,6,17,17,1,0,1,0,2,2,23,401,23401,14,2004,1GKES16S4461,1,G,K,E,S,1,6,S,4,4,6,1,0,T,GMC,EXL,4W,4,17,,2,0,1290,ENV,G,,,6,256,,,,B,4787,00,E,42,0,0,000000000,00000000000,0,0,0,1,0,0,0,0,0,0,0,998,0,2,1,0,6,2,1,0,0,0,1,2,99702,6,1,0,0,3,3,64,140,0,0,0,0,0,0,0,0,0,0,58,0,0,0,2,2,70,1,1,1,1,0,0,1,12,7,1,4,6,1,0
26,260329,1,2,1,15,6,11,47,12,6,1,0,26,2,12,442,12442,20,2000,2FMZA5244YBC,2,F,M,Z,A,5,2,4,4,Y,B,C,0,T,FORD,WSE,ES,0,17,,1,0,1207,WIN,G,,,6,232,,,,B,4311,00,E,42,0,0,000000000,00000000000,0,0,0,1,0,0,0,0,0,0,0,998,0,0,0,9,6,2,12,0,0,0,1,26,49079,6,1,0,0,3,3,66,190,1,0,0,0,0,1,2010,1,2010,0,38,39,0,0,1,2,55,1,1,2,1,20,3,4,17,99,1,1,89,1,0
26,260329,2,2,1,15,6,11,47,12,6,1,0,26,3,98,804,98804,66,2007,5KJJALAV77PX,5,K,J,J,A,L,A,V,7,7,P,X,1,T,WSTR,49S,TR,7,17,,8,0,0,CNV,D,,,6,893,,,,,00000,00,,64,1,57,001622119,57001622119,3,6,2,1,0,0,0,0,0,0,0,998,0,1,5,12,6,2,12,0,0,0,1,26,49092,6,1,6,1,3,3,74,175,1,0,0,0,0,9,2009,9,2009,0,0,0,0,0,1,2,55,1,1,2,1,0,0,1,66,3,1,1,88,1,0
26,260330,1,2,1,18,6,7,24,12,6,1,0,26,1,12,401,12401,14,1999,1FMZU34X3XUC,1,F,M,Z,U,3,4,X,3,X,U,C,0,P,FORD,EPR,UT,99,17,4128,,0,1116,,G,,F,6,245,,,15R225,,,,,,0,0,000000000,00000000000,0,0,0,1,0,0,0,0,0,0,0,998,0,0,0,12,6,2,12,0,0,0,1,26,48178,6,1,0,0,3,0,68,185,0,0,0,0,0,0,0,0,0,0,38,39,0,0,5,2,98,1,1,1,1,2,3,1,17,99,1,1,83,1,0
26,260330,2,2,1,18,6,7,24,12,6,1,0,26,2,87,881,87881,66,1996,1XPADB0XXTN3,1,X,P,A,D,B,0,X,X,T,N,3,1,T,PTRB,357,TR,96,17,,8,0,0,CON,D,,,6,893,,,,,00000,00,,64,1,57,000203302,57000203302,3,6,7,1,0,0,0,0,0,0,0,998,0,0,0,8,2,3,12,0,0,0,1,26,48186,6,1,6,0,3,0,71,170,1,0,0,0,1,7,2009,7,2009,0,0,0,0,0,5,4,45,1,1,1,1,2,3,11,66,99,1,1,82,0,0
26,260331,1,3,1,18,6,9,51,12,2,1,0,26,2,34,35,34035,4,1997,WBADD6325VBW,W,B,A,D,D,6,3,2,5,V,B,W,0,P,BMW,52A,4D,97,17,3505,,0,1114,,G,,F,6,170,,,15R225,,,,,,0,0,000000000,00000000000,0,0,0,1,0,0,0,0,0,0,0,998,0,0,0,12,6,2,12,0,0,0,1,26,48197,6,1,0,0,3,3,67,180,1,0,0,0,0,3,2011,3,2011,0,28,0,0,0,1,4,55,1,2,1,2,0,0,6,10,99,1,2,50,1,0
26,260331,2,3,2,18,6,9,51,12,2,1,0,26,1,41,50,41050,4,2011,1YVHZ8BH6B5M,1,Y,V,H,Z,8,B,H,6,B,5,M,0,P,MAZD,M6I,4D,11,17,3272,,0,1098,,G,,F,4,152,,,16R205,,,,,,0,0,000000000,00000000000,0,0,0,1,0,0,0,0,0,0,0,998,0,1,1,12,6,2,12,0,0,0,1,26,48162,6,1,0,0,3,0,73,210,1,0,0,0,0,12,2009,12,2009,0,0,0,0,0,1,4,55,1,2,1,2,0,0,1,62,99,1,1,51,1,0
26,260331,3,3,1,18,6,9,51,12,2,1,0,26,3,98,804,98804,66,2006,5KJJALAV56PV,5,K,J,J,A,L,A,V,5,6,P,V,1,T,WSTR,49S,TR,6,17,,8,0,0,CNV,D,,,6,893,,,,,00000,00,,64,1,57,001458053,57001458053,3,6,1,1,0,0,0,0,0,0,0,998,0,0,0,9,2,3,12,0,0,0,1,26,49651,6,1,6,0,3,0,75,205,0,0,0,1,0,3,2010,3,2010,0,0,0,0,0,1,4,55,1,2,1,2,0,0,1,60,99,1,1,98,0,0
26,260332,1,1,1,17,6,21,11,1,0,1,0,26,2,53,704,53704,80,2006,JS1CK43A8621,J,S,1,C,K,4,3,A,8,6,2,1,0,M,SUZI,A4K,MS,6,17,,,,,,,385,,1,,4,405,,,,,,,0,0,000000000,00000000000,0,0,0,1,0,0,0,0,0,0,0,998,0,0,0,0,6,2,1,0,0,0,1,26,48504,6,1,0,0,2,0,64,140,0,1,0,0,0,10,2011,10,2011,1,0,0,0,0,1,2,25,2,1,1,1,0,0,1,12,99,1,4,6,1,1
26,260333,1,1,1,1,6,9,3,14,0,1,0,26,1,12,401,12401,14,2004,1FMZU73K84ZA,1,F,M,Z,U,7,3,K,8,4,Z,A,0,P,FORD,EPR,UT,4,17,4094,,0,1137,,F,,F,6,245,,,16R235,,,,,,0,0,000000000,00000000000,0,0,0,1,0,0,0,0,0,0,0,998,0,1,1,12,6,2,14,0,0,0,1,26,48127,6,1,0,0,3,0,68,150,0,0,0,0,0,0,0,0,0,1,0,0,0,0,3,4,70,1,2,2,2,0,0,1,13,99,1,4,1,1,0
26,260334,1,1,1,18,6,0,50,1,0,1,0,26,1,35,472,35472,30,2009,1N6AD09W29C4,1,N,6,A,D,0,9,W,2,9,C,4,0,T,NISS,CLS,CW,9,17,,1,0,1399,FRT,G,,,6,244,,,,,4529,00,7,44,0,0,000000000,00000000000,0,0,0,1,0,0,0,0,0,0,0,998,0,2,5,0,6,2,1,0,0,0,1,26,49953,6,1,0,0,3,3,71,225,0,0,0,0,0,0,0,0,0,1,99,99,99,99,1,2,45,1,1,2,2,0,0,1,6,99,2,4,7,1,1
26,260335,1,1,2,19,6,1,0,34,0,1,0,45,3,55,35,55035,4,2006,KMHDN46D66U3,K,M,H,D,N,4,6,D,6,6,U,3,0,P,HYUN,GTL,4D,6,17,2784,,0,1027,,G,,F,4,121,,,15R195,,,,,,0,0,000000000,00000000000,0,0,0,1,0,0,0,0,0,0,0,998,0,1,5,7,6,2,1,0,0,0,1,26,48442,1,1,0,0,2,0,72,155,0,1,0,0,0,5,2012,5,2012,1,0,0,0,0,1,2,50,2,1,1,1,0,0,14,6,99,3,4,2,1,0
26,260336,1,1,1,2,6,7,26,42,0,1,0,26,1,20,16,20016,4,2004,1G1JF52F2472,1,G,1,J,F,5,2,F,2,4,7,2,0,P,CHEV,CAS,4D,4,17,2676,,0,1041,,G,,F,4,134,,,15R195,,,,,,0,0,000000000,00000000000,0,0,0,1,0,0,0,0,0,0,0,998,0,1,6,11,6,2,42,0,0,0,1,26,48618,6,1,0,0,3,0,74,195,0,0,0,0,0,0,0,0,0,0,99,99,99,99,2,2,70,1,2,1,2,0,0,1,13,99,1,4,1,1,1
26,260337,1,2,1,12,6,8,43,12,6,1,0,26,1,12,13,12013,6,1998,3FAFP15P9WR2,3,F,A,F,P,1,5,P,9,W,R,2,0,P,FORD,ESE,SW,98,17,2531,,0,984,,G,,F,4,122,,,14R185,,,,,,0,0,000000000,00000000000,0,0,0,1,0,0,0,0,0,0,0,998,0,0,0,3,6,2,12,0,0,0,1,26,48917,6,1,0,0,3,3,63,160,0,0,0,0,0,0,0,0,0,0,39,0,0,0,1,2,55,1,1,2,1,20,3,1,17,99,1,1,87,1,0
26,260337,2,2,1,12,6,8,43,12,6,1,0,26,1,20,403,20403,14,2007,1GNDT13S3722,1,G,N,D,T,1,3,S,3,7,2,2,0,P,CHEV,TRL,UT,7,17,4523,,0,1130,,G,,F,6,256,,,17R245,,,,,,0,0,000000000,00000000000,0,0,0,1,0,0,0,0,0,0,0,998,0,0,0,12,6,2,12,0,0,0,1,26,48827,6,1,0,0,3,3,60,225,0,0,0,0,0,0,0,0,0,0,0,0,0,0,1,2,55,1,1,2,1,0,0,1,66,99,1,1,86,0,0
26,260338,1,2,1,4,6,12,51,12,6,1,0,26,1,23,421,23421,15,2001,1GKEC13TX1J1,1,G,K,E,C,1,3,T,X,1,J,1,0,T,GMC,YUK,4W,1,17,,2,0,1160,YUK,G,,,8,325,,,,B,4878,00,K,42,0,0,000000000,00000000000,0,0,0,1,0,0,0,0,0,0,0,998,0,0,0,9,6,2,12,0,0,0,1,26,49279,6,1,0,0,3,3,72,200,0,0,0,0,0,0,0,0,0,0,38,0,0,0,1,2,55,1,1,2,1,20,3,12,98,99,1,2,98,1,0
26,260338,2,2,1,4,6,12,51,12,6,1,0,26,3,38,882,38882,61,2010,JALE5W164A73,J,A,L,E,5,W,1,6,4,A,7,3,0,T,ISU,NRR,TB,10,17,,5,1760,1090,NRR,D,,,4,317,,,,,00000,00,,42,0,57,000108029,57000108029,2,1,1,1,0,0,0,0,0,0,0,998,0,0,0,12,6,2,12,0,0,0,1,26,48197,6,1,0,0,3,0,69,200,0,0,0,0,0,0,0,0,0,0,0,0,0,0,1,2,55,1,1,2,1,0,0,1,66,6,1,1,98,0,0
26,260339,1,1,1,16,6,3,40,34,0,1,0,26,1,12,17,12017,4,2002,1FAFP38382W3,1,F,A,F,P,3,8,3,8,2,W,3,0,P,FORD,FZT,4D,2,17,2604,,0,1030,,G,,F,4,121,,,16R205,,,,,,0,0,000000000,00000000000,0,0,0,1,0,0,0,0,0,0,0,998,0,1,5,11,6,2,1,0,0,0,1,26,49423,6,1,0,0,3,0,76,205,1,0,0,3,1,3,2010,1,2012,0,36,0,0,0,1,2,55,1,1,2,1,0,0,1,12,99,1,4,6,1,1
26,260340,1,1,2,4,6,21,34,9,0,1,0,26,2,6,54,6054,6,2007,2A8GF68X67R1,2,A,8,G,F,6,8,X,6,7,R,1,0,P,CHRY,PIF,UT,7,17,4593,,0,1163,,G,,F,6,241,,,17R235,,,,,,0,0,000000000,00000000000,0,0,0,1,0,0,0,0,0,0,0,998,0,0,0,1,6,2,9,0,0,0,1,26,48872,6,1,0,0,3,0,67,110,0,0,0,0,0,0,0,0,0,0,99,99,99,99,1,2,55,1,1,2,1,0,0,1,83,99,1,1,13,0,0
26,260341,1,1,2,16,6,14,34,42,0,1,0,26,1,23,481,23481,31,2002,1GTEC14W62Z1,1,G,T,E,C,1,4,W,6,2,Z,1,0,T,GMC,NC1,PK,2,17,,2,1330,1190,SIE,G,,,6,262,,,,B,4073,01,U,42,0,0,000000000,00000000000,0,0,0,1,0,0,0,0,0,0,0,998,0,1,5,11,6,2,42,0,0,0,1,26,48642,6,1,0,0,3,3,70,200,0,0,0,0,0,0,0,0,0,0,99,99,99,99,2,2,70,1,1,2,1,0,0,1,13,99,1,4,1,1,0
26,260342,1,1,1,2,6,1,5,8,0,1,0,26,2,19,3,19003,4,1999,1G6KF5498XU7,1,G,6,K,F,5,4,9,8,X,U,7,0,P,CADI,DCS,4D,99,17,4063,,0,1138,,G,,F,8,279,,,16R225,,,,,,0,0,000000000,00000000000,0,0,0,1,0,0,0,0,0,0,0,998,0,0,0,99,2,3,8,0,0,0,1,26,48505,0,0,0,0,0,0,68,230,0,0,0,0,0,0,0,0,0,0,99,99,99,99,1,2,25,1,1,2,1,0,0,1,80,99,1,1,13,0,1
26,260343,1,2,1,5,6,14,54,12,2,1,0,26,2,18,3,18003,4,1997,1G4CW52K7V46,1,G,4,C,W,5,2,K,7,V,4,6,0,P,BUIC,PKA,4D,97,17,3788,,0,1138,,G,,F,6,231,,,16R225,,,,,,0,0,000000000,00000000000,0,0,0,1,0,0,0,0,0,0,0,998,0,0,0,12,6,2,12,0,0,0,1,26,49686,0,0,0,0,0,0,999,999,0,0,0,0,0,0,0,0,0,0,38,0,0,0,1,2,55,1,1,2,1,0,0,11,15,99,1,1,68,0,0
26,260343,2,2,1,5,6,14,54,12,2,1,0,26,2,72,706,72706,80,1991,1HD1BKL11MY0,1,H,D,1,B,K,L,1,1,M,Y,0,0,M,HD,XTC,RS,91,17,,,,,,,1340,,2,,4,618,,,,,,,0,0,000000000,00000000000,0,0,0,1,0,0,0,0,0,0,0,998,0,0,0,12,6,2,12,0,0,0,1,26,49683,6,1,0,0,3,3,71,275,0,0,0,0,0,0,0,0,0,0,0,0,0,0,1,2,55,1,1,2,1,0,0,1,62,99,1,1,69,1,0
26,260344,1,2,1,3,6,13,17,12,6,1,0,26,1,22,401,22401,14,2004,3G7DA03E74S5,3,G,7,D,A,0,3,E,7,4,S,5,0,P,PONT,AZT,UT,4,17,3779,,0,1083,,G,,F,6,207,,,16R215,,,,,,0,0,000000000,00000000000,0,0,0,1,0,0,0,0,0,0,0,998,0,0,0,12,6,2,12,0,0,0,1,26,48529,6,1,0,0,3,0,63,235,0,0,0,0,0,0,0,0,0,0,39,0,0,0,5,4,45,1,1,2,1,1,3,1,17,99,1,1,86,0,0
26,260344,2,2,2,3,6,13,17,12,6,1,0,26,1,49,38,49038,2,1995,JT2EL55D3S00,J,T,2,E,L,5,5,D,3,S,0,0,0,P,TOYT,TSD,2D,95,17,1950,,0,937,,G,,F,4,091,,,13R155,,,,,,0,0,000000000,00000000000,0,0,0,1,0,0,0,0,0,0,0,998,0,0,0,3,6,2,12,0,0,0,1,26,48439,6,1,0,0,3,0,73,185,0,0,0,0,0,0,0,0,0,0,0,0,0,0,5,4,45,1,1,2,1,1,3,1,66,99,1,1,87,1,0
26,260345,1,2,1,16,6,16,15,12,2,1,0,26,1,20,481,20481,31,1986,1GCEC14FXGJ1,1,G,C,E,C,1,4,F,X,G,J,1,0,T,CHEV,C10,PK,86,17,,2,1315,1175,C10,G,,,8,305,,,,B,3282,06,,42,0,0,000000000,00000000000,0,0,0,1,0,0,0,0,0,0,0,998,0,0,0,12,6,2,12,0,0,0,1,26,49451,6,1,0,0,3,0,73,150,0,0,0,1,0,10,2010,10,2010,0,35,0,0,0,1,2,55,1,1,2,2,0,0,6,10,99,1,1,50,0,0
26,260345,2,2,2,16,6,16,15,12,2,1,0,26,1,12,37,12037,4,2007,1FAHP34N97W1,1,F,A,H,P,3,4,N,9,7,W,1,0,P,FORD,X4S,4D,7,17,2636,,0,1029,,G,,F,4,122,,,15R195,,,,,,0,0,000000000,00000000000,0,0,0,1,0,0,0,0,0,0,0,998,0,0,0,12,6,2,12,0,0,0,1,26,49417,6,1,0,0,3,0,72,300,0,0,0,1,0,6,2009,6,2009,0,0,0,0,0,1,2,55,1,1,2,2,0,0,1,62,99,1,1,51,1,0
26,260346,1,2,5,18,6,8,25,12,6,1,0,26,2,14,17,14017,4,1999,1MEFM53S9XG6,1,M,E,F,M,5,3,S,9,X,G,6,0,P,MERC,SLS,4D,99,17,3299,,0,1085,,G,,F,6,182,,,15R205,,,,,,0,0,000000000,00000000000,0,0,0,1,0,0,0,0,0,0,0,998,0,0,0,3,6,2,12,0,0,0,1,99,99999,9,9,99,0,9,9,999,999,99,99,99,99,99,99,9999,99,9999,0,39,0,0,0,1,2,98,1,1,2,1,20,3,1,17,99,1,1,87,1,0
26,260346,2,2,1,18,6,8,25,12,6,1,0,26,3,87,881,87881,63,1989,1XPAL50X9KN2,1,X,P,A,L,5,0,X,9,K,N,2,0,T,PTRB,357,CC,89,17,,8,0,0,CON,D,,,6,611,,,,,00000,00,,64,0,57,001698714,57001698714,3,2,4,1,0,0,0,0,0,0,0,998,0,0,0,12,2,3,12,0,0,0,1,26,48204,6,1,6,0,3,0,67,155,0,0,0,0,0,0,0,0,0,0,0,0,0,0,1,3,25,1,1,2,1,0,0,1,66,99,1,1,86,0,0
26,260347,1,2,1,19,6,21,4,12,6,1,0,26,1,37,31,37031,4,2004,1HGES16524L0,1,H,G,E,S,1,6,5,2,4,L,0,0,P,HOND,UCL,4D,4,17,2515,,0,1031,,G,,F,4,102,,,15R195,,,,,,0,0,000000000,00000000000,0,0,0,1,0,0,0,0,0,0,0,998,0,0,0,3,6,2,12,0,0,0,1,26,49033,6,1,0,0,3,3,67,236,0,0,0,0,0,0,0,0,0,0,0,0,0,0,1,2,55,1,1,2,1,0,0,1,66,99,1,1,87,1,0
26,260347,2,2,4,19,6,21,4,12,6,1,0,26,2,7,482,7482,31,2003,3D7KU28D33G7,3,D,7,K,U,2,8,D,3,3,G,7,0,T,DODG,SQ2,CW,3,17,,2,1605,1405,RPC,G,,,8,345,,,,C,5837,07,E,44,0,0,000000000,00000000000,0,0,0,1,0,0,0,0,0,0,0,998,0,0,0,12,6,2,12,0,0,0,1,26,49014,6,1,0,0,3,0,67,175,0,0,0,2,0,11,2011,6,2012,0,99,99,99,99,1,2,55,1,1,2,1,0,0,1,17,99,1,1,86,0,1
26,260348,1,1,1,17,6,0,4,42,0,1,0,18,1,23,401,23401,14,2002,1GKDT13S6223,1,G,K,D,T,1,3,S,6,2,2,3,0,T,GMC,ENV,4W,2,17,,1,0,1130,ENV,G,,,6,256,,,,B,4628,00,K,44,0,0,000000000,00000000000,0,0,0,1,0,0,0,0,0,0,0,998,0,0,0,3,6,2,42,0,0,1,1,18,46530,6,1,0,0,3,3,69,170,0,0,0,0,0,0,0,0,0,1,58,0,0,0,1,2,55,1,1,2,2,0,0,1,6,6,4,4,7,1,1
26,260349,1,1,2,7,6,12,45,35,0,1,0,26,2,20,16,20016,2,1998,1G1JC1241WM1,1,G,1,J,C,1,2,4,1,W,M,1,0,P,CHEV,C/S,CP,98,17,2584,,0,1041,,G,,F,4,133,,,14R195,,,,,,0,0,000000000,00000000000,0,0,0,1,0,0,0,0,0,0,0,998,0,1,5,99,6,2,42,0,0,0,1,26,48846,6,1,0,0,3,0,69,150,0,1,0,0,1,9,2009,8,2010,1,0,0,0,0,1,2,55,1,1,2,1,0,0,1,11,99,1,4,1,2,0
26,260350,1,1,2,20,6,20,41,33,0,1,0,26,1,72,706,72706,80,2001,1HD1FLW181Y6,1,H,D,1,F,L,W,1,8,1,Y,6,0,M,HD,CUS,RS,1,17,,,,,,,1450,,2,,4,788,,,,,,,0,0,000000000,00000000000,0,0,0,1,0,0,0,0,0,0,0,998,0,0,0,99,6,2,1,0,0,0,1,26,48021,6,1,0,0,3,0,72,195,0,0,0,0,0,0,0,0,0,0,6,0,0,0,5,4,50,3,1,2,1,21,3,2,18,2,1,4,6,1,0
26,260351,1,1,2,5,6,23,15,8,0,1,0,26,1,22,19,22019,2,2008,1G2AL18F7871,1,G,2,A,L,1,8,F,7,8,7,1,0,P,PONT,G/5,CP,8,17,2991,,0,1035,,G,,F,4,134,,,15R195,,,,,,0,0,000000000,00000000000,0,0,0,1,0,0,0,0,0,0,0,998,0,0,0,12,2,3,8,0,0,0,1,26,48081,6,1,0,0,3,0,70,160,0,0,0,0,0,0,0,0,0,0,0,0,0,0,5,6,35,1,1,2,1,0,0,1,80,99,1,1,13,0,0
26,260352,1,2,1,21,6,14,14,12,6,1,0,26,2,14,17,14017,4,1998,1MEFM50UXWG6,1,M,E,F,M,5,0,U,X,W,G,6,0,P,MERC,SGL,4D,98,17,3299,,0,1085,,G,,F,6,182,,,15R205,,,,,,0,0,000000000,00000000000,0,0,0,1,0,0,0,0,0,0,0,998,0,0,0,9,6,2,12,0,0,0,1,26,49315,6,1,0,0,3,0,67,128,0,0,0,0,0,0,0,0,0,0,39,0,0,0,1,2,55,1,1,2,2,20,3,1,17,99,1,1,89,1,0
26,260352,2,2,2,21,6,14,14,12,6,1,0,26,1,20,2,20002,4,2005,2G1WH52K1593,2,G,1,W,H,5,2,K,1,5,9,3,0,P,CHEV,IPL,4D,5,17,3466,,0,1105,,G,,F,6,231,,,16R225,,,,,,0,0,000000000,00000000000,0,0,0,1,0,0,0,0,0,0,0,998,0,0,0,12,6,2,12,0,0,0,1,26,49327,6,1,0,0,3,3,66,180,0,0,0,0,0,0,0,0,0,0,0,0,0,0,1,2,55,1,1,2,2,0,0,1,66,99,1,1,88,0,0
26,260353,1,2,1,22,6,7,5,8,0,1,0,26,1,18,3,18003,4,1999,1G4CW52K7X46,1,G,4,C,W,5,2,K,7,X,4,6,0,P,BUIC,PKA,4D,99,17,3778,,0,1138,,G,,F,6,231,,,16R225,,,,,,0,0,000000000,00000000000,0,0,0,1,0,0,0,0,0,0,0,998,0,0,0,12,2,3,8,0,0,0,1,26,49250,6,1,0,0,3,3,75,200,1,1,0,0,1,3,2010,2,2011,0,99,99,99,99,1,2,45,1,2,2,1,0,0,1,80,99,1,1,13,0,0
26,260353,2,2,0,22,6,7,5,8,0,1,0,26,3,84,881,84881,63,2006,1HTWGAAR86J2,1,H,T,W,G,A,A,R,8,6,J,2,0,T,INTL,740,CC,6,17,,8,0,0,70S,D,,,6,466,,,,,00000,00,,64,0,57,000217321,57000217321,3,2,97,1,0,0,0,0,0,0,0,0,0,0,0,7,2,1,54,42,0,0,0,0,99997,7,6,97,7,6,7,998,997,998,998,998,998,998,98,9998,98,9998,8,0,0,0,0,1,2,45,1,2,2,1,0,0,0,53,0,0,0,98,0,0
26,260354,1,2,2,22,6,18,32,12,6,1,0,26,2,12,401,12401,14,2004,1FMZU74W14UA,1,F,M,Z,U,7,4,W,1,4,U,A,0,P,FORD,EPR,UT,4,17,4094,,0,1137,,G,,F,8,281,,,17R245,,,,,,0,0,000000000,00000000000,0,0,0,1,0,0,0,0,0,0,0,998,0,0,0,3,4,3,12,0,0,0,1,26,48167,6,1,0,0,3,3,65,100,0,0,0,0,0,0,0,0,0,0,38,0,0,0,1,2,50,1,2,2,1,0,0,11,15,99,1,1,68,0,0
26,260354,2,2,1,22,6,18,32,12,6,1,0,26,1,37,705,37705,80,2007,JH2PC214X7M8,J,H,2,P,C,2,1,4,X,7,M,8,0,M,HOND,VCD,RS,7,17,,,,,,,583,,2,,4,458,,,,,,,0,0,000000000,00000000000,0,0,0,1,0,0,0,0,0,0,0,998,0,0,0,12,6,2,12,0,0,0,1,26,48114,6,1,0,0,3,0,73,200,1,3,1,0,1,9,2010,1,2011,0,0,0,0,0,1,2,50,1,2,2,1,0,0,1,62,99,1,1,69,1,0
26,260355,1,1,1,9,6,15,30,42,0,1,0,26,1,12,22,12022,6,2007,1FMDK021X7GA,1,F,M,D,K,0,2,1,X,7,G,A,0,P,FORD,FSL,UT,7,17,3649,,0,1129,,G,,F,6,183,,,17R215,,,,,,0,0,000000000,00000000000,0,0,0,1,0,0,0,0,0,0,0,998,0,0,0,11,6,2,42,0,0,0,1,26,48654,6,1,0,0,3,0,64,245,0,0,0,0,0,0,0,0,0,0,99,99,99,99,1,4,55,1,1,2,1,0,0,1,12,99,1,4,6,1,0
26,260356,1,1,1,23,6,1,39,30,0,1,0,26,1,20,481,20481,31,2008,1GCEK19J78Z2,1,G,C,E,K,1,9,J,7,8,Z,2,0,T,CHEV,SK1,4C,8,17,,2,1575,1339,SIL,G,,,8,323,,,,B,5226,02,,44,0,0,000000000,00000000000,0,0,0,1,0,0,0,0,0,0,0,998,0,0,0,3,6,2,42,0,0,0,1,26,49953,6,1,0,0,3,0,71,190,0,0,0,0,0,0,0,0,0,0,36,0,0,0,1,2,35,3,1,2,1,0,0,1,13,99,1,4,1,1,1
26,260357,1,1,2,9,6,18,50,43,0,1,0,39,2,12,402,12402,14,2006,1FMYU93136KB,1,F,M,Y,U,9,3,1,3,6,K,B,0,P,FORD,SPE,UT,6,17,3407,,0,1031,,G,,F,6,183,,,16R235,,,,,,0,0,000000000,00000000000,0,0,0,1,0,0,0,0,0,0,0,998,0,1,5,1,6,2,1,0,0,0,1,12,33809,9,9,99,9,9,9,999,999,99,99,99,99,99,99,9999,99,9999,0,36,0,0,0,9,1,99,1,1,4,1,0,0,1,12,99,1,4,6,1,1
26,260358,1,1,2,24,6,8,0,42,0,1,0,51,4,49,32,49032,4,2011,JTDBU4EE9B91,J,T,D,B,U,4,E,E,9,B,9,1,0,P,TOYT,CBS,4D,11,17,2734,,0,1024,,G,,F,4,110,,,15R195,,,,,,0,0,000000000,00000000000,0,0,0,1,0,0,0,0,0,0,0,998,0,1,5,9,6,2,42,0,0,0,1,39,45103,6,1,0,0,3,0,64,230,0,0,0,0,0,0,0,0,0,0,99,99,99,99,1,2,55,1,1,2,1,0,0,1,12,99,1,4,6,2,0
26,260359,1,1,2,24,6,1,55,33,0,1,0,26,1,37,706,37706,80,2001,JH2SC44301M1,J,H,2,S,C,4,4,3,0,1,M,1,0,M,HOND,C9R,RC,1,17,,,,,,,929,,4,,4,379,,,,,,,0,0,000000000,00000000000,0,0,0,1,0,0,0,0,0,0,0,998,0,0,0,99,6,2,1,0,0,0,1,26,48220,6,1,0,0,3,0,66,260,0,0,0,0,0,0,0,0,0,0,27,0,0,0,6,1,98,3,2,1,1,0,0,15,13,99,1,4,1,1,0
26,260360,1,1,1,15,6,2,15,1,0,1,0,26,1,72,706,72706,80,1996,1HD1BJL48TY0,1,H,D,1,B,J,L,4,8,T,Y,0,0,M,HD,STC,RS,96,17,,,,,,,1340,,2,,4,704,,,,,,,0,0,000000000,00000000000,0,0,0,1,0,0,0,0,0,0,0,998,0,0,0,0,6,2,1,0,0,0,1,26,49255,6,1,0,0,2,0,73,165,0,0,0,0,0,0,0,0,0,1,0,0,0,0,1,2,55,1,1,2,1,0,0,1,12,99,1,4,6,1,1