STATE,ST_CASE,VEH_NO,VE_FORMS,NUMOCCS,DAY,MONTH,HOUR,MINUTE,HARM_EV,MAN_COLL,UNITTYPE,HIT_RUN,REG_STAT,OWNER,MAKE,MODEL,MAK_MOD,BODY_TYP,MOD_YEAR,VIN,VIN_1,VIN_2,VIN_3,VIN_4,VIN_5,VIN_6,VIN_7,VIN_8,VIN_9,VIN_10,VIN_11,VIN_12,TOW_VEH,VINTYPE,VINMAKE,VINA_MOD,VIN_BT,VINMODYR,VIN_LNGT,VIN_WGT,WGTCD_TR,WHLBS_LG,WHLBS_SH,SER_TR,FUELCODE,MCYCL_DS,CARBUR,CYLINDER,DISPLACE,MCYCL_CY,MCYCL_WT,TIRE_SZE,TON_RAT,TRK_WT,TRKWTVAR,VIN_REST,WHLDRWHL,J_KNIFE,MCARR_I1,MCARR_I2,MCARR_ID,GVWR,V_CONFIG,CARGO_BT,HAZ_INV,HAZ_PLAC,HAZ_ID,HAZ_CNO,HAZ_REL,BUS_USE,SPEC_USE,EMER_USE,TRAV_SP,UNDERIDE,ROLLOVER,ROLINLOC,IMPACT1,DEFORMED,TOWED,M_HARM,VEH_SC1,VEH_SC2,FIRE_EXP,DR_PRES,L_STATE,DR_ZIP,L_STATUS,L_TYPE,CDL_STAT,L_ENDORS,L_COMPL,L_RESTRI,DR_HGT,DR_WGT,PREV_ACC,PREV_SUS,PREV_DWI,PREV_SPD,PREV_OTH,FIRST_MO,FIRST_YR,LAST_MO,LAST_YR,SPEEDREL,DR_SF1,DR_SF2,DR_SF3,DR_SF4,VTRAFWAY,VNUM_LAN,VSPD_LIM,VALIGN,VPROFILE,VPAVETYP,VSURCOND,VTRAFCON,VTCONT_F,P_CRASH1,P_CRASH2,P_CRASH3,PCRASH4,PCRASH5,ACC_TYPE,DEATHS,DR_DRINK
26,260361,1,1,2,22,6,3,14,1,0,1,0,26,1,23,431,23431,16,1999,1GKFK16R3XJ7,1,G,K,F,K,1,6,R,3,X,J,7,0,T,GMC,KSU,4W,99,17,,2,0,1315,K15,G,,,8,350,,,,B,5226,00,E,44,0,0,000000000,00000000000,0,0,0,1,0,0,0,0,0,0,0,998,0,2,4,0,6,2,1,0,0,0,1,26,48036,6,1,0,0,3,0,67,157,0,0,0,0,0,0,0,0,0,1,36,37,0,0,6,1,98,2,1,1,1,0,0,14,12,99,1,4,6,1,0
26,260362,1,2,7,22,6,14,51,12,7,1,0,26,2,12,422,12422,15,1999,1FMPU18L0XLB,1,F,M,P,U,1,8,L,0,X,L,B,0,P,FORD,EPT,UT,99,17,5177,,0,1191,,G,,F,8,330,,,17R265,,,,,,0,0,000000000,00000000000,0,0,0,1,0,0,0,0,0,0,0,998,0,1,5,9,6,2,1,0,0,0,1,26,48375,6,1,0,0,3,0,66,180,0,0,0,0,0,0,0,0,0,0,0,0,0,0,2,2,70,1,1,2,1,0,0,1,60,6,1,1,44,2,0
26,260362,2,2,99,22,6,14,51,12,7,1,1,99,9,37,441,37441,20,9999,999999999999,9,9,9,9,9,9,9,9,9,9,9,9,0,,,,,,,,,,,,,,,,,,,,,,,,,0,0,000000000,00000000000,0,0,0,1,0,0,0,0,0,0,0,998,0,0,0,61,9,1,12,0,0,0,1,99,99999,9,9,99,9,9,9,999,999,99,99,99,99,99,99,9999,99,9999,0,99,99,99,99,2,2,70,1,1,2,1,0,0,1,10,99,1,1,45,0,0
26,260363,1,2,2,23,6,18,16,12,6,1,0,26,1,72,706,72706,80,2008,1HD1KB4428Y6,1,H,D,1,K,B,4,4,2,8,Y,6,0,M,HD,FHA,RS,8,17,,,,,,,1584,,2,,4,786,,,,,,,0,0,000000000,00000000000,0,0,0,1,0,0,0,0,0,0,0,998,0,0,0,12,6,2,12,0,0,0,1,26,48809,6,1,0,0,3,0,74,210,0,0,0,0,0,0,0,0,0,0,0,0,0,0,1,2,55,1,1,2,1,0,0,1,62,3,2,1,69,1,0
26,260363,2,2,1,23,6,18,16,12,6,1,0,26,1,18,2,18002,4,2005,1G4HR54K65U1,1,G,4,H,R,5,4,K,6,5,U,1,0,P,BUIC,LLF,4D,5,17,3591,,0,1122,,G,,F,6,232,,,15R215,,,,,,0,0,000000000,00000000000,0,0,0,1,0,0,0,0,0,0,0,998,0,0,0,1,6,2,12,0,0,0,1,26,48895,6,1,0,0,3,0,64,160,0,0,0,0,0,0,0,0,0,0,38,0,0,0,1,2,55,1,1,2,1,0,0,11,15,99,1,1,68,0,0
26,260364,1,1,1,23,6,23,50,59,0,1,0,18,4,35,51,35051,6,2012,JN8AS5MV2CW7,J,N,8,A,S,5,M,V,2,C,W,7,0,P,NISS,ROG,UT,12,17,3435,,0,1059,,G,,F,4,153,,,16R215,,,,,,0,0,000000000,00000000000,0,0,0,1,0,0,0,0,0,0,0,998,0,1,4,1,6,2,1,0,0,0,1,18,46184,6,1,0,0,3,0,68,135,0,1,0,1,0,12,2009,12,2009,0,6,0,0,0,3,3,70,1,1,1,1,0,0,1,13,99,1,4,1,1,0
26,260365,1,1,1,7,6,2,40,26,0,1,0,26,1,20,401,20401,14,1999,1GNCT18W1XK1,1,G,N,C,T,1,8,W,1,X,K,1,0,P,CHEV,BZR,UT,99,17,3814,,0,1005,,G,,F,6,262,,,15R205,,,,,,0,0,000000000,00000000000,0,0,0,1,0,0,0,0,0,0,0,998,0,0,0,11,6,2,26,0,0,0,1,26,48117,6,1,0,0,3,0,67,145,1,6,0,1,2,7,2009,4,2012,0,99,99,99,99,3,2,70,2,1,1,1,0,0,1,12,99,1,4,6,1,1
26,260366,1,2,1,25,6,20,46,12,6,1,0,26,1,18,399,18399,4,1983,1G4AW69YXDH4,1,G,4,A,W,6,9,Y,X,D,H,4,0,P,BUIC,EPK,4D,83,17,3716,,0,1190,,G,,4,8,307,,,15R215,,,,,,0,0,000000000,00000000000,0,0,0,1,0,0,0,0,0,0,0,998,0,0,0,12,6,2,12,0,0,0,1,26,48314,6,1,0,0,3,0,68,150,0,0,0,1,0,5,2012,5,2012,1,6,39,0,0,5,4,45,1,1,1,1,2,3,1,17,99,1,1,88,1,1
26,260366,2,2,5,25,6,20,46,12,6,1,0,26,2,6,441,6441,20,2010,2A4RR5D19AR1,2,A,4,R,R,5,D,1,9,A,R,1,0,P,CHRY,TWC,SV,10,17,4507,,0,1212,,G,,F,6,232,,,16R225,,,,,,0,0,000000000,00000000000,0,0,0,1,0,0,0,0,0,0,0,998,0,0,0,9,6,2,12,0,0,0,1,26,48042,6,1,0,0,3,0,60,93,0,0,0,0,0,0,0,0,0,0,0,0,0,0,5,4,98,1,1,1,1,2,3,1,66,99,1,1,89,1,0
26,260367,1,4,1,25,6,17,9,12,1,1,0,26,3,20,441,20441,20,1996,1GCDM19W0TB1,1,G,C,D,M,1,9,W,0,T,B,1,0,T,CHEV,AST,EC,96,17,,1,0,1110,AST,G,,,6,262,,,,B,3998,00,,42,0,0,000000000,00000000000,0,0,0,1,0,0,0,0,0,0,0,998,0,0,0,12,6,2,12,0,0,0,1,26,49048,6,1,0,0,3,0,68,175,2,3,0,2,2,12,2009,1,2012,0,26,0,0,0,3,2,70,1,2,1,1,1,3,1,50,99,1,1,20,0,0
26,260367,2,4,2,25,6,17,9,12,1,1,0,26,2,37,32,37032,4,1996,1HGCD5531TA0,1,H,G,C,D,5,5,3,1,T,A,0,0,P,HOND,ULE,4D,96,17,2798,,0,1069,,G,,F,4,132,,,15R185,,,,,,0,0,000000000,00000000000,0,0,0,1,0,0,0,0,0,0,0,0,0,0,0,6,6,2,12,0,0,0,1,26,49006,6,1,0,0,3,3,69,145,1,0,0,0,0,2,2012,2,2012,0,0,0,0,0,3,2,70,1,2,1,1,1,3,5,53,1,1,1,21,0,0
26,260367,3,4,1,25,6,17,9,12,1,1,0,26,1,72,706,72706,80,2007,1HD1FC4147Y7,1,H,D,1,F,C,4,1,4,7,Y,7,0,M,HD,FLU,RS,7,17,,,,,,,1584,,2,,4,808,,,,,,,0,0,000000000,00000000000,0,0,0,1,0,0,0,0,0,0,0,0,0,0,0,6,6,2,12,0,0,0,1,26,49001,6,1,0,0,3,3,67,180,1,0,0,0,0,12,2010,12,2010,0,0,0,0,0,3,2,70,1,2,1,1,1,3,5,98,1,1,1,98,1,0
26,260367,4,4,1,25,6,17,9,12,1,1,0,26,1,7,442,7442,20,2003,1D4GP24323B2,1,D,4,G,P,2,4,3,2,3,B,2,0,T,DODG,GCS,ES,3,17,,1,0,1193,CAR,F,,,6,201,,,,,3877,01,E,42,0,0,000000000,00000000000,0,0,0,1,0,0,0,0,0,0,0,0,0,0,0,6,2,1,12,0,0,0,1,26,49009,6,1,0,0,3,3,70,210,0,0,0,0,0,0,0,0,0,0,0,0,0,0,3,2,70,1,2,1,1,1,3,5,98,1,1,1,98,0,0
26,260368,1,1,1,25,6,20,51,11,0,1,0,26,1,37,706,37706,80,1996,1HFSC3209TA1,1,H,F,S,C,3,2,0,9,T,A,1,0,M,HOND,VT2,RS,96,17,,,,,,,1099,,2,,4,533,,,,,,,0,0,000000000,00000000000,0,0,0,1,0,0,0,0,0,0,0,998,0,0,0,12,6,2,11,0,0,0,1,26,49947,6,1,0,0,3,0,67,150,0,0,0,0,0,0,0,0,0,0,0,0,0,0,1,2,55,1,1,2,1,0,0,1,87,99,1,1,13,1,0
26,260369,1,2,2,8,6,3,50,12,6,1,0,26,2,20,2,20002,4,2000,2G1WH55K3Y93,2,G,1,W,H,5,5,K,3,Y,9,3,0,P,CHEV,IPL,4D,0,17,3466,,0,1110,,G,,F,6,231,,,16R225,,,,,,0,0,000000000,00000000000,0,0,0,1,0,0,0,0,0,0,0,998,0,0,0,12,6,2,12,0,0,0,1,26,48238,0,0,0,0,0,0,73,195,0,0,0,0,0,0,0,0,0,1,0,0,0,0,5,4,45,1,1,2,1,1,3,1,17,99,1,1,88,1,1
26,260369,2,2,1,8,6,3,50,12,6,1,0,26,4,98,881,98881,61,2009,5B4LPG2G9934,5,B,4,L,P,G,2,G,9,9,3,4,0,U,,,,9,17,,,,,,,,,,,,,,,,,,,0,57,665959,57665959,2,1,1,1,0,0,0,0,0,0,0,998,0,0,0,11,6,2,12,0,0,0,1,26,48519,6,1,0,0,3,0,68,190,0,0,0,0,0,0,0,0,0,0,0,0,0,0,5,4,45,1,1,2,1,1,3,1,66,99,1,1,89,0,0
26,260370,1,1,1,26,6,18,4,9,0,1,0,26,1,14,17,14017,4,1999,1MEFM50S3XA6,1,M,E,F,M,5,0,S,3,X,A,6,0,P,MERC,SGS,4D,99,17,3299,,0,1085,,G,,F,6,182,,,15R205,,,,,,0,0,000000000,00000000000,0,0,0,1,0,0,0,0,0,0,0,998,0,0,0,1,2,3,9,0,0,0,1,26,48118,6,1,0,0,3,0,71,180,2,0,0,0,0,11,2010,8,2011,0,0,0,0,0,5,4,50,1,1,2,1,1,3,1,84,99,1,1,13,0,0
26,260371,1,1,2,22,6,4,33,8,0,1,1,6,1,82,881,82881,66,1998,2FUYDXYB4WA9,2,F,U,Y,D,X,Y,B,4,W,A,9,1,T,FRHT,FLD,TR,98,17,,8,0,0,CON,D,,,6,893,,,,,00000,00,,64,1,57,002043571,57002043571,3,6,1,1,0,0,0,0,0,0,0,998,0,0,0,1,2,3,8,0,0,0,1,6,90044,6,1,6,0,3,0,71,200,0,0,0,0,0,0,0,0,0,0,0,0,0,0,3,3,70,1,1,2,1,0,0,1,80,99,1,1,13,0,0
26,260372,1,2,1,23,6,21,43,1,0,1,0,26,2,98,709,98709,80,2008,4MZHL04D283B,4,M,Z,H,L,0,4,D,2,8,3,B,0,U,,,,8,17,,,,,,,,,,,,,,,,,,,0,0,000000000,00000000000,0,0,0,1,0,0,0,0,0,0,0,998,0,0,0,0,6,2,12,0,0,0,1,26,48140,6,1,0,0,2,3,71,145,0,0,0,0,1,3,2012,3,2012,1,35,0,0,0,1,2,55,1,1,2,1,0,0,6,6,4,3,2,98,1,1
26,260372,2,2,2,23,6,21,43,1,0,1,0,26,1,6,441,6441,20,2001,2C8GP64L21R3,2,C,8,G,P,6,4,L,2,1,R,3,0,T,CHRY,LMT,ES,1,17,,1,0,1193,TWC,G,,,6,230,,,,,4261,00,,42,0,0,000000000,00000000000,0,0,0,1,0,0,0,0,0,0,0,998,0,0,0,7,2,3,12,0,0,0,1,26,49270,6,1,0,0,3,3,67,125,0,0,0,0,0,0,0,0,0,0,0,0,0,0,1,2,55,1,1,2,1,0,0,11,60,99,1,1,98,0,0
26,260373,1,2,2,19,6,19,12,12,6,1,0,26,2,2,404,2404,14,1994,1J4GZ58S8RC2,1,J,4,G,Z,5,8,S,8,R,C,2,0,T,JEEP,LRO,4W,94,17,,1,0,1059,GCK,G,,,6,242,,,,,3552,00,B,44,0,0,000000000,00000000000,0,0,0,1,0,0,0,0,0,0,0,998,0,0,0,9,6,2,12,0,0,0,1,26,49418,6,1,0,0,3,0,68,130,0,0,0,0,0,0,0,0,0,0,38,0,0,0,1,2,55,1,1,2,1,20,3,4,17,99,1,1,89,1,1
26,260373,2,2,1,19,6,19,12,12,6,1,0,26,1,23,472,23472,30,2008,1GKDT13S9821,1,G,K,D,T,1,3,S,9,8,2,1,0,T,GMC,ENV,4W,8,17,,1,0,1130,ENV,G,,,6,256,,,,B,4404,00,S,44,0,0,000000000,00000000000,0,0,0,1,0,0,0,0,0,0,0,998,0,0,0,12,6,2,12,0,0,0,1,26,49525,6,1,0,0,3,0,69,225,0,0,0,0,0,0,0,0,0,0,0,0,0,0,5,4,55,1,1,2,1,0,0,1,66,1,1,1,88,0,0
26,260374,1,3,1,27,6,7,38,12,8,1,0,26,1,20,404,20404,14,2012,2GNFLNEK6C63,2,G,N,F,L,N,E,K,6,C,6,3,0,P,CHEV,EQU,UT,12,17,3964,,0,1125,,F,,F,4,146,,,17R225,,,,,,0,0,000000000,00000000000,0,0,0,1,0,0,0,0,0,0,0,998,0,0,0,11,6,2,12,0,0,0,1,26,49617,6,1,0,0,3,0,70,180,0,0,0,0,0,0,0,0,0,0,28,0,0,0,1,2,45,1,1,2,1,0,0,1,10,99,1,2,64,0,0
26,260374,2,3,1,27,6,7,38,12,8,1,0,26,1,12,17,12017,4,1999,1FAFP58S4XG1,1,F,A,F,P,5,8,S,4,X,G,1,0,P,FORD,TCS,SW,99,17,3480,,0,1085,,G,,F,6,182,,,15R205,,,,,,0,0,000000000,00000000000,0,0,0,1,0,0,0,0,0,0,0,998,0,0,0,11,6,2,12,0,0,0,1,26,49617,6,1,0,0,3,3,68,180,0,0,0,0,0,0,0,0,0,0,0,0,0,0,1,2,45,1,1,2,1,0,0,1,62,99,1,1,65,1,0
26,260374,3,3,2,27,6,7,38,12,8,1,0,26,3,7,21,7021,6,2005,2D8GV58215H5,2,D,8,G,V,5,8,2,1,5,H,5,0,P,DODG,MGN,UT,5,17,4161,,0,1200,,G,,F,8,348,,,18R225,,,,,,0,0,000000000,00000000000,0,0,0,1,0,0,0,0,0,0,0,0,0,0,0,12,2,1,12,0,0,0,1,26,49635,6,1,0,0,3,3,73,250,2,0,0,0,0,9,2009,8,2010,0,0,0,0,0,1,2,45,1,1,2,1,0,0,2,62,2,1,4,98,0,0
26,260375,1,2,2,20,6,17,34,12,6,1,0,26,1,20,473,20473,30,2005,1GCDT1965581,1,G,C,D,T,1,9,6,5,5,8,1,0,T,CHEV,RDO,4C,5,17,,1,0,1259,CAL,G,,,5,214,,,,,3656,00,,44,0,0,000000000,00000000000,0,0,0,1,0,0,0,0,0,0,0,998,0,0,0,5,4,1,12,0,0,0,1,26,49048,6,1,0,0,3,0,69,140,1,0,0,0,1,4,2012,4,2012,0,38,39,0,0,1,2,55,1,1,2,1,20,3,1,17,99,1,1,87,0,0
26,260375,2,2,2,20,6,17,34,12,6,1,0,26,1,50,706,50706,80,2009,SMT910K139T3,S,M,T,9,1,0,K,1,3,9,T,3,0,M,TRUM,TBN,RS,9,17,,,,,,,865,,2,,4,451,,,,,,,0,0,000000000,00000000000,0,0,0,1,0,0,0,0,0,0,0,998,0,0,0,12,6,2,12,0,0,0,1,26,48890,6,1,0,0,3,0,69,190,0,0,0,0,0,0,0,0,0,0,0,0,0,0,1,2,55,1,1,2,1,0,0,1,66,99,1,1,86,1,0
26,260376,1,2,1,27,6,5,30,12,1,1,0,26,3,63,32,63032,4,2010,KNADH4A30A67,K,N,A,D,H,4,A,3,0,A,6,7,0,P,KIA,RBL,4D,10,17,2365,,0,0,,G,,F,4,098,,,000000,,,,,,0,0,000000000,00000000000,0,0,0,1,0,0,0,0,0,0,0,998,0,0,0,12,6,2,12,0,0,0,1,26,49247,6,1,0,0,3,3,69,190,0,0,0,0,0,0,0,0,0,1,99,99,99,99,1,2,30,1,2,2,1,0,0,1,51,99,1,1,24,1,0
26,260376,2,2,1,27,6,5,30,12,1,1,0,26,3,20,881,20881,61,1994,1GBE6H1JXRJ1,1,G,B,E,6,H,1,J,X,R,J,1,0,T,CHEV,C6H,CB,94,17,,5,2610,1320,KOD,D,,,6,403,,,,,00000,00,,42,0,57,002175249,57002175249,2,1,97,1,0,0,0,0,0,0,0,998,0,0,0,6,6,2,12,0,0,0,1,55,53521,6,1,0,0,2,3,72,200,0,0,1,0,0,12,2009,12,2009,0,0,0,0,0,1,2,30,1,2,2,1,0,0,1,53,99,1,1,25,0,0
26,260377,1,2,1,27,6,22,29,1,0,1,0,26,2,23,471,23471,30,2002,1GTCT19W6281,1,G,T,C,T,1,9,W,6,2,8,1,0,T,GMC,SON,3C,2,17,,1,0,1229,SON,G,,,6,262,,,,B,3761,00,U,44,0,0,000000000,00000000000,0,0,0,1,0,0,0,0,0,0,0,998,0,0,0,11,2,3,12,0,0,0,1,26,48415,3,1,0,0,2,0,66,200,0,0,0,0,0,0,0,0,0,0,38,0,0,0,1,2,45,1,1,2,1,20,3,1,17,99,1,1,98,0,0
26,260377,2,2,1,27,6,22,29,1,0,1,0,26,1,72,706,72706,80,2012,1HD1KBM18CB6,1,H,D,1,K,B,M,1,8,C,B,6,0,M,HD,FHX,RS,12,17,,,,,,,1690,,2,,4,785,,,,,,,0,0,000000000,00000000000,0,0,0,1,0,0,0,0,0,0,0,998,0,0,0,0,6,2,12,0,0,0,1,26,48415,6,1,6,0,3,0,73,200,0,0,0,0,0,0,0,0,0,0,0,0,0,0,1,2,98,1,1,2,1,0,0,1,65,3,1,1,98,1,0
26,260378,1,3,1,25,6,22,45,12,6,1,0,26,2,23,431,23431,16,1997,1GKFK16R5VJ7,1,G,K,F,K,1,6,R,5,V,J,7,0,T,GMC,KSU,4W,97,17,,2,0,1315,K15,G,,,8,350,,,,B,00000,00,E,44,0,0,000000000,00000000000,0,0,0,1,0,0,0,0,0,0,0,998,0,0,0,3,6,2,12,0,0,0,1,26,48015,1,1,0,0,2,0,70,210,0,18,0,3,0,7,2009,2,2012,0,38,0,0,0,1,4,30,1,1,2,1,0,0,11,15,99,1,1,68,0,0
26,260378,2,3,2,25,6,22,45,12,6,1,0,26,2,53,705,53705,80,2008,JS1GN7EA4821,J,S,1,G,N,7,E,A,4,8,2,1,0,M,SUZI,G60,RC,8,17,,,,,,,599,,4,,4,359,,,,,,,0,0,000000000,00000000000,0,0,0,1,0,0,0,0,0,0,0,998,0,0,0,12,6,2,12,0,0,0,1,26,48066,6,1,0,0,2,0,67,140,2,1,1,1,0,3,2012,4,2012,1,0,0,0,0,1,4,30,1,1,2,1,0,0,1,62,99,1,1,69,2,1
26,260378,3,3,1,25,6,22,45,12,6,1,0,26,1,12,481,12481,31,2002,2FTRF17252CA,2,F,T,R,F,1,7,2,5,2,C,A,0,T,FORD,F15,PK,2,17,,2,1385,1199,COF,G,,,6,256,,,,B,3990,03,U,42,0,0,000000000,00000000000,0,0,0,1,0,0,0,0,0,0,0,998,0,0,0,13,6,2,54,0,0,0,1,26,48180,6,1,0,0,3,0,66,160,0,0,0,0,0,0,0,0,0,0,0,0,0,0,1,4,30,1,1,2,1,0,0,1,62,99,1,1,98,0,0
26,260379,1,1,2,27,6,22,33,32,0,1,0,26,1,53,706,53706,80,2007,JS1GW72A2721,J,S,1,G,W,7,2,A,2,7,2,1,0,M,SUZI,GF5,RC,7,17,,,,,,,1254,,4,,4,496,,,,,,,0,0,000000000,00000000000,0,0,0,1,0,0,0,0,0,0,0,998,0,0,0,12,6,2,32,0,0,1,1,26,49284,6,1,0,0,2,0,74,230,0,0,0,0,0,0,0,0,0,1,0,0,0,0,1,2,55,1,1,2,1,0,0,1,13,99,1,4,1,2,1
26,260380,1,2,1,15,6,14,10,12,1,1,0,26,1,9,8,9008,5,1989,1P3BL18D1KC5,1,P,3,B,L,1,8,D,1,K,C,5,0,P,PLYM,HXP,4H,89,17,2296,,0,991,,G,,F,4,135,,,13R165,,,,,,0,0,000000000,00000000000,0,0,0,1,0,0,0,0,0,0,0,998,0,0,0,12,6,2,12,0,0,0,1,26,48073,6,1,0,0,3,3,70,160,1,0,0,0,0,10,2011,10,2011,0,26,0,0,0,1,2,25,1,1,2,1,0,0,1,52,1,1,1,28,1,0
26,260380,2,2,1,15,6,14,10,12,1,1,0,26,3,20,461,20461,21,1996,1GCGG35K7TF1,1,G,C,G,G,3,5,K,7,T,F,1,0,T,CHEV,G35,CG,96,17,,2,0,1350,VAN,G,,,8,350,,,,D,4658,10,,42,0,0,000000000,00000000000,0,0,0,1,0,0,0,0,0,0,0,998,0,0,0,6,2,1,12,0,0,0,1,26,48307,6,1,0,0,3,3,69,165,0,0,0,0,0,0,0,0,0,0,0,0,0,0,1,2,25,1,1,2,1,0,0,2,53,99,1,1,29,0,0
26,260381,1,1,1,30,6,2,51,8,0,1,1,26,1,7,482,7482,31,2001,3B7HF13Y81M2,3,B,7,H,F,1,3,Y,8,1,M,2,0,T,DODG,Q15,4C,1,17,,2,1547,1387,RPC,G,,,8,318,,,,B,5008,01,U,44,0,0,000000000,00000000000,0,0,0,1,0,0,0,0,0,0,0,998,0,0,0,12,2,1,8,0,0,0,1,26,48166,6,1,0,0,3,0,75,180,1,0,0,0,0,12,2011,12,2011,0,26,0,0,0,1,2,55,1,1,2,1,0,0,6,80,99,1,1,13,0,1
26,260382,1,1,1,27,6,12,20,1,0,1,0,0,0,98,739,98739,90,2006,000000000000,0,0,0,0,0,0,0,0,0,0,0,0,0,,,,,,,,,,,,,,,,,,,,,,,,,0,0,000000000,00000000000,0,0,0,1,0,0,0,0,0,0,0,998,0,1,2,0,2,3,1,0,0,0,1,26,49855,6,1,0,0,1,0,63,120,0,0,0,0,0,0,0,0,0,0,0,0,0,0,1,1,98,8,2,5,1,0,0,1,5,99,4,4,7,1,0
26,260383,1,1,1,25,6,23,17,8,0,1,0,26,1,2,404,2404,14,2011,1J4RR4GG4BC5,1,J,4,R,R,4,G,G,4,B,C,5,0,T,JEEP,LRO,4W,11,17,,2,0,1148,GCK,F,,,6,220,,,,,4660,00,W,44,0,0,000000000,00000000000,0,0,0,1,0,0,0,0,0,0,0,998,0,0,0,12,2,1,8,0,0,0,1,26,48317,6,1,0,0,3,0,68,190,0,0,0,0,0,0,0,0,0,0,0,0,0,0,1,2,50,1,1,2,1,0,0,1,80,99,1,1,13,0,0
26,260384,1,2,4,26,6,12,48,12,7,1,0,26,2,18,7,18007,4,2001,2G4WS52J3113,2,G,4,W,S,5,2,J,3,1,1,3,0,P,BUIC,CCU,4D,1,17,3368,,0,1090,,G,,F,6,191,,,15R205,,,,,,0,0,000000000,00000000000,0,0,0,1,0,0,0,0,0,0,0,998,0,0,0,3,6,2,23,0,0,0,1,26,48223,0,0,0,0,0,0,69,169,0,26,0,0,4,1,2010,6,2012,1,27,28,0,0,3,3,55,1,1,1,1,0,0,15,11,99,1,2,46,1,0
26,260384,2,2,1,26,6,12,48,12,7,1,0,26,3,84,981,84981,50,2010,4DRBUSKP4AB1,4,D,R,B,U,S,K,P,4,A,B,1,0,T,INTL,,,10,17,,,,,,D,,,8,390,,,,,,,,,0,57,001286379,57001286379,3,21,22,1,0,0,0,0,1,2,0,998,0,0,0,11,2,1,12,0,0,0,1,26,48204,6,1,6,1,3,0,61,165,4,1,0,1,1,8,2009,2,2011,0,0,0,0,0,3,3,55,1,1,1,1,0,0,1,60,99,1,1,45,0,0
26,260385,1,2,1,14,6,10,45,12,6,1,0,26,2,20,431,20431,16,1999,3GNFK16R4XG1,3,G,N,F,K,1,6,R,4,X,G,1,0,P,CHEV,K15,UT,99,17,5297,,0,1315,,G,,F,8,350,,,16R245,,,,,,0,0,000000000,00000000000,0,0,0,1,0,0,0,0,0,0,0,998,0,0,0,12,6,2,12,0,0,0,1,26,48213,3,1,0,0,2,0,73,320,0,1,0,0,0,10,2011,10,2011,1,0,0,0,0,5,4,30,1,1,2,1,2,3,1,66,99,1,1,88,0,0
26,260385,2,2,2,14,6,10,45,12,6,1,0,26,1,7,482,7482,31,2009,1D3HV13T49S7,1,D,3,H,V,1,3,T,4,9,S,7,0,T,DODG,150,CW,9,17,,2,0,1400,RPC,G,,,8,348,,,,B,5200,00,K,44,0,0,000000000,00000000000,0,0,0,1,0,0,0,0,0,0,0,998,0,1,5,9,6,2,12,0,0,0,1,26,48224,6,1,0,0,3,0,69,170,0,0,0,1,0,1,2012,1,2012,0,39,0,0,0,1,2,98,1,1,2,1,2,3,1,17,99,1,1,89,1,0
26,260386,1,1,1,24,6,13,17,1,0,1,0,26,2,72,706,72706,80,1988,1HD1DJL11JY5,1,H,D,1,D,J,L,1,1,J,Y,5,0,M,HD,FHC,RS,88,17,,,,,,,1340,,2,,4,727,,,,,,,0,0,000000000,00000000000,0,0,0,1,0,0,0,0,0,0,0,998,0,0,0,0,6,2,1,0,0,0,1,26,48632,6,1,0,0,3,3,74,360,1,0,1,0,0,2,2012,3,2012,0,99,99,99,99,1,2,55,3,2,2,1,0,0,14,13,99,1,4,1,1,0
26,260387,1,1,1,24,6,21,52,8,0,1,0,26,2,20,471,20471,30,2003,1GCCS19X9382,1,G,C,C,S,1,9,X,9,3,8,2,0,T,CHEV,S14,3C,3,17,,1,0,1229,S,G,,,6,262,,,,B,3198,00,,42,0,0,000000000,00000000000,0,0,0,1,0,0,0,0,0,0,0,998,0,0,0,12,2,3,8,0,0,0,1,26,48327,6,1,0,0,3,0,65,180,1,0,0,0,1,11,2010,11,2010,0,0,0,0,0,5,4,45,1,1,2,1,0,0,1,80,4,1,1,13,0,0
26,260388,1,1,2,29,6,16,57,43,0,1,0,26,2,12,3,12003,2,1998,1FAFP42X2WF2,1,F,A,F,P,4,2,X,2,W,F,2,0,P,FORD,MGT,CP,98,17,3278,,0,1013,,G,,F,8,281,,,16R225,,,,,,0,0,000000000,00000000000,0,0,0,1,0,0,0,0,0,0,0,998,0,1,6,3,6,2,1,0,0,0,1,26,48146,6,1,0,0,3,3,70,170,0,0,0,0,0,0,0,0,0,1,58,0,0,0,1,2,45,1,2,2,1,0,0,1,6,6,4,4,1,1,0
26,260389,1,1,1,18,6,21,45,33,0,1,0,26,2,7,43,7043,4,2001,1B3EJ46X21N7,1,B,3,E,J,4,6,X,2,1,N,7,0,P,DODG,SSE,4D,1,17,3151,,0,1080,,G,,F,4,148,,,15R205,,,,,,0,0,000000000,00000000000,0,0,0,1,0,0,0,0,0,0,0,998,0,1,5,1,6,8,1,0,0,0,1,26,48180,1,1,0,0,2,0,68,147,0,15,0,1,5,7,2009,6,2012,1,0,0,0,0,5,4,45,1,1,2,1,0,0,1,6,99,3,4,2,1,0