STATE,ST_CASE,VEH_NO,VE_FORMS,NUMOCCS,DAY,MONTH,HOUR,MINUTE,HARM_EV,MAN_COLL,UNITTYPE,HIT_RUN,REG_STAT,OWNER,MAKE,MODEL,MAK_MOD,BODY_TYP,MOD_YEAR,VIN,VIN_1,VIN_2,VIN_3,VIN_4,VIN_5,VIN_6,VIN_7,VIN_8,VIN_9,VIN_10,VIN_11,VIN_12,TOW_VEH,VINTYPE,VINMAKE,VINA_MOD,VIN_BT,VINMODYR,VIN_LNGT,VIN_WGT,WGTCD_TR,WHLBS_LG,WHLBS_SH,SER_TR,FUELCODE,MCYCL_DS,CARBUR,CYLINDER,DISPLACE,MCYCL_CY,MCYCL_WT,TIRE_SZE,TON_RAT,TRK_WT,TRKWTVAR,VIN_REST,WHLDRWHL,J_KNIFE,MCARR_I1,MCARR_I2,MCARR_ID,GVWR,V_CONFIG,CARGO_BT,HAZ_INV,HAZ_PLAC,HAZ_ID,HAZ_CNO,HAZ_REL,BUS_USE,SPEC_USE,EMER_USE,TRAV_SP,UNDERIDE,ROLLOVER,ROLINLOC,IMPACT1,DEFORMED,TOWED,M_HARM,VEH_SC1,VEH_SC2,FIRE_EXP,DR_PRES,L_STATE,DR_ZIP,L_STATUS,L_TYPE,CDL_STAT,L_ENDORS,L_COMPL,L_RESTRI,DR_HGT,DR_WGT,PREV_ACC,PREV_SUS,PREV_DWI,PREV_SPD,PREV_OTH,FIRST_MO,FIRST_YR,LAST_MO,LAST_YR,SPEEDREL,DR_SF1,DR_SF2,DR_SF3,DR_SF4,VTRAFWAY,VNUM_LAN,VSPD_LIM,VALIGN,VPROFILE,VPAVETYP,VSURCOND,VTRAFCON,VTCONT_F,P_CRASH1,P_CRASH2,P_CRASH3,PCRASH4,PCRASH5,ACC_TYPE,DEATHS,DR_DRINK
26,260390,1,1,1,2,6,15,55,43,0,1,0,26,2,72,709,72709,80,2006,1HD1FCW126Y6,1,H,D,1,F,C,W,1,2,6,Y,6,0,M,HD,FLU,RS,6,17,,,,,,,1450,,2,,4,788,,,,,,,0,0,000000000,00000000000,0,0,0,1,0,0,0,0,0,0,0,998,0,0,0,9,6,2,43,0,0,0,1,26,48823,6,1,0,0,3,0,71,165,1,0,0,0,0,11,2011,11,2011,1,0,0,0,0,1,2,55,1,1,2,1,0,0,1,12,99,1,4,6,1,1
26,260391,1,3,1,29,6,12,20,12,1,1,0,26,3,7,442,7442,20,2006,1D4GP25B56B5,1,D,4,G,P,2,5,B,5,6,B,5,0,P,DODG,CAR,SV,6,17,3821,,0,1133,,G,,F,4,148,,,15R215,,,,,,0,0,000000000,00000000000,0,0,0,1,0,0,0,0,0,0,0,998,0,0,0,12,6,2,12,0,0,0,1,26,48503,6,1,0,0,3,0,70,170,0,1,0,1,0,4,2011,7,2011,0,26,0,0,0,1,2,45,1,1,2,1,0,0,1,50,99,1,1,20,0,0
26,260391,2,3,1,29,6,12,20,12,1,1,0,26,1,20,2,20002,4,2004,2G1WF52E2493,2,G,1,W,F,5,2,E,2,4,9,3,0,P,CHEV,IMP,4D,4,17,3389,,0,1105,,G,,F,6,207,,,16R225,,,,,,0,0,000000000,00000000000,0,0,0,1,0,0,0,0,0,0,0,0,0,0,0,6,6,2,12,0,0,0,1,26,48439,6,1,0,0,3,3,70,250,1,0,0,1,0,10,2010,5,2012,0,0,0,0,0,1,2,45,1,1,2,1,0,0,5,53,99,1,1,21,1,0
26,260391,3,3,1,29,6,12,20,12,1,1,0,26,2,18,401,18401,14,2005,3G5DA03E75S5,3,G,5,D,A,0,3,E,7,5,S,5,0,P,BUIC,RZV,UT,5,17,4096,,0,1122,,G,,F,6,207,,,16R215,,,,,,0,0,000000000,00000000000,0,0,0,1,0,0,0,0,0,0,0,998,0,0,0,12,6,2,12,0,0,0,1,26,48439,6,1,0,0,3,0,70,200,3,0,0,0,0,10,2010,5,2012,0,0,0,0,0,1,2,45,1,1,2,1,0,0,1,62,99,1,1,98,0,0
26,260392,1,1,1,2,4,19,45,9,0,1,0,26,2,7,24,7024,4,2007,2B3KA53H27H6,2,B,3,K,A,5,3,H,2,7,H,6,0,P,DODG,CHR,4D,7,17,3976,,0,1200,,G,,F,8,348,,,18R225,,,,,,0,0,000000000,00000000000,0,0,0,1,0,0,0,0,0,0,0,998,0,0,0,1,2,3,9,0,0,0,1,26,49345,6,1,0,0,3,0,76,205,0,8,0,1,2,5,2009,12,2011,0,99,99,99,99,1,2,55,1,1,2,1,0,0,1,13,99,1,4,13,0,0
26,260393,1,1,1,30,6,2,39,59,0,1,0,26,1,72,706,72706,80,2012,1HD1KBM18CB6,1,H,D,1,K,B,M,1,8,C,B,6,0,M,HD,FHX,RS,12,17,,,,,,,1690,,2,,4,785,,,,,,,0,0,000000000,00000000000,0,0,0,1,0,0,0,0,0,0,0,998,0,0,0,12,6,2,34,0,0,0,1,26,48162,6,1,6,0,3,0,73,290,2,0,0,1,0,7,2010,4,2012,1,0,0,0,0,1,2,45,3,1,2,1,0,0,14,13,99,1,4,1,1,1
26,260394,1,1,2,25,6,18,44,8,0,1,0,26,2,13,1,13001,4,1998,1LNFM97V6WY6,1,L,N,F,M,9,7,V,6,W,Y,6,0,P,LINC,CON,4D,98,17,3868,,0,1090,,G,,F,8,281,,,16R225,,,,,,0,0,000000000,00000000000,0,0,0,1,0,0,0,0,0,0,0,998,0,0,0,12,2,3,8,0,0,0,1,26,49331,6,1,0,0,3,0,75,240,0,0,0,0,0,0,0,0,0,0,0,0,0,0,1,2,45,1,1,2,1,0,0,1,80,99,1,1,13,0,0
26,260395,1,2,1,22,6,10,55,12,6,1,0,26,1,2,404,2404,14,2004,1J4GW48S04C2,1,J,4,G,W,4,8,S,0,4,C,2,0,T,JEEP,LCF,4W,4,17,,1,0,1059,GCK,G,,,6,244,,,,,3888,02,E,44,0,0,000000000,00000000000,0,0,0,1,0,0,0,0,0,0,0,998,0,0,0,9,6,2,12,0,0,0,1,26,49601,6,1,6,0,3,3,70,200,0,0,0,0,0,0,0,0,0,0,38,0,0,0,1,2,98,1,1,2,1,20,3,11,15,99,1,1,82,1,0
26,260395,2,2,2,22,6,10,55,12,6,1,0,26,3,20,481,20481,31,2001,1GCHK29171E2,1,G,C,H,K,2,9,1,7,1,E,2,1,T,CHEV,2KH,4C,1,17,,2,1575,1435,SIL,D,,,8,403,,,,C,5342,00,,44,1,57,001930968,57001930968,2,4,97,1,0,0,0,0,0,0,0,998,0,0,0,12,6,2,12,0,0,0,1,26,49688,6,1,0,0,3,0,69,300,1,0,0,1,0,2,2010,10,2011,0,0,0,0,0,1,4,45,1,2,2,1,0,0,1,67,99,1,1,83,0,0
26,260396,1,1,1,10,6,0,22,21,0,1,0,26,2,23,481,23481,31,1991,2GTEC19H2M15,2,G,T,E,C,1,9,H,2,M,1,5,0,T,GMC,SC1,PC,91,17,,2,1555,1415,SIE,G,,,8,305,,,,B,5945,01,A,42,0,0,000000000,00000000000,0,0,0,1,0,0,0,0,0,0,0,998,0,0,0,12,6,2,21,0,0,0,1,26,48085,6,1,0,0,3,3,68,160,1,0,0,0,1,3,2010,5,2011,0,0,0,0,0,2,2,30,1,1,1,1,0,0,1,12,99,1,4,6,1,0
26,260397,1,1,1,1,7,2,43,34,0,1,0,26,1,51,47,51047,4,2002,YV1RS58D9220,Y,V,1,R,S,5,8,D,9,2,2,0,0,P,VOLV,S6T,4D,2,17,3397,,0,1069,,G,,T,5,149,,,16R205,,,,,,0,0,000000000,00000000000,0,0,0,1,0,0,0,0,0,0,0,998,0,1,5,1,6,2,34,0,0,0,1,26,49749,6,1,6,0,3,0,76,215,0,0,0,1,0,4,2012,4,2012,0,99,99,99,99,1,2,55,1,1,2,1,0,0,1,13,6,4,4,1,1,1
26,260398,1,1,99,15,6,0,45,8,0,1,1,99,9,6,399,6399,2,9999,999999999999,9,9,9,9,9,9,9,9,9,9,9,9,0,,,,,,,,,,,,,,,,,,,,,,,,,0,0,000000000,00000000000,0,0,0,1,0,0,0,0,0,0,0,998,0,0,0,12,2,1,8,0,0,0,1,99,99999,9,9,99,9,9,9,999,999,99,99,99,99,99,99,9999,99,9999,0,99,99,99,99,1,2,25,1,1,2,1,0,0,1,80,99,1,1,13,0,0
26,260399,1,2,1,1,7,18,44,12,6,1,0,26,3,84,881,84881,63,2006,1HTWGAAR46J2,1,H,T,W,G,A,A,R,4,6,J,2,0,T,INTL,740,CC,6,17,,8,0,0,70S,D,,,6,466,,,,,00000,00,,64,0,57,000217321,57000217321,3,2,97,1,0,0,0,0,0,0,0,998,0,0,0,12,2,3,12,0,0,0,1,26,48880,6,1,6,0,3,3,67,200,0,0,0,0,0,0,0,0,0,0,0,0,0,0,1,2,50,1,1,2,1,0,0,1,66,99,1,1,88,0,0
26,260399,2,2,6,1,7,18,44,12,6,1,0,26,2,14,401,14401,14,2002,4M2ZU86WX2ZJ,4,M,2,Z,U,8,6,W,X,2,Z,J,0,P,MERC,MOU,UT,2,17,4410,,0,1138,,G,,F,8,281,,,16R245,,,,,,0,0,000000000,00000000000,0,0,0,1,0,0,0,0,0,0,0,998,0,0,0,9,6,2,12,0,0,0,1,48,77095,6,1,0,0,3,0,999,999,0,0,0,0,0,0,0,0,0,0,38,0,0,0,1,2,50,1,1,2,1,20,3,4,17,4,1,1,89,1,0
26,260400,1,1,2,3,7,18,52,1,0,1,0,0,0,37,732,37732,90,1984,JH3TE0108EC0,J,H,3,T,E,0,1,0,8,E,C,0,0,M,HOND,A12,AT,84,17,,,,,,,125,,1,,4,278,,,,,,,0,0,000000000,00000000000,0,0,0,1,0,0,0,0,0,0,0,998,0,2,1,0,2,1,1,0,0,0,1,26,49820,6,1,0,0,3,0,67,165,0,0,0,0,0,0,0,0,0,0,6,0,0,0,1,2,55,1,2,2,1,0,0,11,98,99,1,1,98,1,0
26,260401,1,2,3,8,7,13,34,12,2,1,0,26,1,23,481,23481,31,2007,2GTEK19J0717,2,G,T,E,K,1,9,J,0,7,1,7,1,T,GMC,NK1,4C,7,17,,2,1575,1340,SIE,G,,,8,323,,,,B,5236,02,4,44,3,0,000000000,00000000000,0,0,0,1,0,0,0,0,0,0,0,998,0,0,0,12,6,2,12,0,0,0,1,26,49120,6,1,0,0,3,3,73,240,2,0,0,0,0,5,2010,6,2010,0,28,0,0,0,1,2,55,1,1,2,1,0,0,1,10,99,1,2,50,0,0
26,260401,2,2,1,8,7,13,34,12,2,1,0,18,1,49,32,49032,4,2001,1NXBR12E01Z4,1,N,X,B,R,1,2,E,0,1,Z,4,0,P,TOYT,UCS,4D,1,17,2410,,0,970,,G,,F,4,109,,,14R175,,,,,,0,0,000000000,00000000000,0,0,0,1,0,0,0,0,0,0,0,998,0,0,0,12,6,2,12,0,0,0,1,18,46628,1,1,0,0,2,0,68,150,0,0,0,0,0,0,0,0,0,0,0,0,0,0,1,2,55,1,1,2,1,0,0,1,62,99,1,1,51,1,0
26,260402,1,1,4,3,7,23,0,24,0,1,0,26,2,24,1,24001,4,1997,1G8ZH5285VZ1,1,G,8,Z,H,5,2,8,5,V,Z,1,0,P,STRN,SL1,4D,97,17,2293,,0,1024,,G,,F,4,116,,,14R175,,,,,,0,0,000000000,00000000000,0,0,0,1,0,0,0,0,0,0,0,998,0,0,0,12,6,2,24,0,0,0,1,26,48146,6,1,0,0,2,2,64,125,0,1,0,2,2,9,2009,8,2011,1,74,0,0,0,3,3,70,8,8,8,1,0,0,15,6,99,4,4,7,1,0
26,260403,1,1,3,1,7,20,25,15,0,1,0,26,2,37,421,37421,15,2003,2HKYF18423H6,2,H,K,Y,F,1,8,4,2,3,H,6,0,P,HOND,PIL,UT,3,17,4439,,0,1063,,G,,F,6,212,,,16R235,,,,,,0,0,000000000,00000000000,0,0,0,1,0,0,0,0,0,0,0,998,0,0,0,6,2,1,15,0,0,0,1,26,48323,3,1,0,0,2,0,66,180,0,0,0,0,0,0,0,0,0,0,31,0,0,0,8,2,15,3,1,2,1,0,0,13,80,99,1,5,92,0,0
26,260404,1,2,1,7,7,0,53,12,6,1,0,26,1,41,37,41037,4,2000,1YVGF22C3Y51,1,Y,V,G,F,2,2,C,3,Y,5,1,0,P,MAZD,U6X,4D,0,17,2864,,0,1051,,G,,F,4,122,,,15R185,,,,,,0,0,000000000,00000000000,0,0,0,1,0,0,0,0,0,0,0,998,0,0,0,1,4,3,12,0,0,0,1,26,49010,6,1,0,0,3,0,69,195,1,0,0,0,0,4,2010,4,2010,0,0,0,0,0,1,2,55,1,1,2,1,0,0,1,62,6,1,2,69,0,0
26,260404,2,2,1,7,7,0,53,12,6,1,0,0,0,98,998,98998,97,9999,000000000000,0,0,0,0,0,0,0,0,0,0,0,0,0,,,,,,,,,,,,,,,,,,,,,,,,,0,0,000000000,00000000000,0,0,0,1,0,0,0,0,0,0,0,998,0,0,0,9,6,2,12,0,0,0,1,26,49010,3,1,0,0,1,0,64,130,0,0,0,0,0,0,0,0,0,0,23,38,0,0,1,2,55,1,1,2,1,0,0,11,15,99,1,1,68,1,1
26,260405,1,1,1,8,7,2,35,8,0,1,0,26,3,12,461,12461,21,2000,1FMRE1122YHA,1,F,M,R,E,1,1,2,2,Y,H,A,0,P,FORD,ECO,SV,0,17,5045,,0,1380,,G,,F,6,256,,,15R235,,,,,,0,0,000000000,00000000000,0,0,0,1,0,0,0,0,0,0,0,998,0,0,0,11,2,3,8,0,0,0,1,26,48708,6,1,6,0,3,0,72,130,0,0,0,1,0,3,2012,3,2012,0,0,0,0,0,1,2,25,1,1,2,1,0,0,1,80,99,1,1,13,0,0
26,260406,1,1,1,8,7,0,0,42,0,1,0,26,2,14,39,14039,4,2003,2MEHM75V83X6,2,M,E,H,M,7,5,V,8,3,X,6,0,P,MERC,MAU,4D,3,17,4165,,0,1147,,G,,F,8,281,,,18R235,,,,,,0,0,000000000,00000000000,0,0,0,1,0,0,0,0,0,0,0,998,0,1,5,11,6,2,42,0,0,0,1,26,49043,6,1,0,0,3,0,69,225,1,8,0,1,0,11,2009,5,2012,0,99,99,99,99,1,2,55,1,1,2,2,0,0,1,9,99,3,4,2,1,0
26,260407,1,1,1,2,7,12,54,15,0,1,0,26,1,20,403,20403,14,2003,1GNDT13S5321,1,G,N,D,T,1,3,S,5,3,2,1,0,P,CHEV,TRL,UT,3,17,4600,,0,1130,,G,,F,6,256,,,16R245,,,,,,0,0,000000000,00000000000,0,0,0,1,0,0,0,0,0,0,0,998,0,0,0,14,0,3,15,0,0,0,1,26,49441,6,1,0,0,3,0,63,159,0,0,0,1,0,2,2012,2,2012,0,0,0,0,0,1,2,25,1,8,8,1,0,0,11,80,99,1,1,13,0,0
26,260408,1,1,1,9,7,13,36,9,0,1,0,26,1,18,3,18003,4,2003,1G4CW54K1341,1,G,4,C,W,5,4,K,1,3,4,1,0,P,BUIC,PKA,4D,3,17,3778,,0,1138,,G,,F,6,231,,,16R225,,,,,,0,0,000000000,00000000000,0,0,0,1,0,0,0,0,0,0,0,998,0,0,0,1,2,3,9,0,0,0,1,26,48892,6,1,0,0,3,0,72,165,1,1,0,0,1,11,2010,12,2011,0,99,99,99,99,1,2,55,1,1,2,1,0,0,1,83,99,1,1,13,0,0
26,260409,1,1,2,5,7,17,25,9,0,1,0,26,1,20,481,20481,31,1992,1GCEC14K0NE1,1,G,C,E,C,1,4,K,0,N,E,1,0,T,CHEV,GC1,PK,92,17,,2,1315,1175,GM4,G,,,8,350,,,,B,3718,04,,42,0,0,000000000,00000000000,0,0,0,1,0,0,0,0,0,0,0,998,0,0,0,12,2,3,9,0,0,0,1,26,48238,6,1,6,0,3,0,66,156,0,0,0,0,0,0,0,0,0,1,0,0,0,0,4,2,25,1,1,2,1,0,0,1,83,99,1,1,13,0,0
26,260410,1,2,3,4,7,14,23,12,2,1,0,26,2,7,472,7472,30,1990,1B7FL23X8LS6,1,B,7,F,L,2,3,X,8,L,S,6,0,T,DODG,DAK,PC,90,17,,1,0,1309,DAK,G,,,6,239,,,,B,3137,01,A,42,0,0,000000000,00000000000,0,0,0,1,0,0,0,0,0,0,0,998,0,0,0,12,6,2,12,0,0,0,1,26,49644,6,1,0,0,3,3,67,195,2,0,0,0,1,9,2010,6,2012,0,28,0,0,0,1,2,55,1,3,4,1,0,0,1,10,99,1,2,50,0,0
26,260410,2,2,1,4,7,14,23,12,2,1,0,92,0,98,709,98709,80,9999,999999999999,9,9,9,9,9,9,9,9,9,9,9,9,0,,,,,,,,,,,,,,,,,,,,,,,,,0,0,000000000,00000000000,0,0,0,1,0,0,0,0,0,0,0,998,0,0,0,12,6,2,12,0,0,0,1,26,49065,6,1,0,0,3,0,68,150,1,0,1,0,0,7,2011,2,2012,0,0,0,0,0,1,2,55,1,3,4,1,0,0,1,62,99,1,1,51,1,0
26,260411,1,1,1,5,7,16,39,8,0,1,0,26,1,12,24,12024,6,2007,2FMDK36C87BA,2,F,M,D,K,3,6,C,8,7,B,A,0,P,FORD,EDG,UT,7,17,4073,,0,1112,,G,,F,6,214,,,17R235,,,,,,0,0,000000000,00000000000,0,0,0,1,0,0,0,0,0,0,0,998,0,0,0,1,2,3,8,0,0,0,1,26,49080,6,1,0,0,3,3,63,220,0,0,0,0,0,0,0,0,0,0,0,0,0,0,5,4,30,1,1,2,1,0,0,1,80,1,1,1,13,0,0
26,260412,1,2,2,6,7,3,5,12,6,1,0,26,2,7,24,7024,4,2007,2B3KK53H17H8,2,B,3,K,K,5,3,H,1,7,H,8,0,P,DODG,C/A,4D,7,17,4191,,0,1200,,G,,F,8,348,,,18R225,,,,,,0,0,000000000,00000000000,0,0,0,1,0,0,0,0,0,0,0,998,0,0,0,12,6,2,12,0,0,0,1,26,48203,6,1,0,0,3,0,63,130,0,3,0,0,0,7,2009,11,2009,0,6,39,0,0,5,4,30,1,1,2,1,2,3,1,17,99,1,1,86,0,0
26,260412,2,2,2,6,7,3,5,12,6,1,0,26,2,19,22,19022,4,2007,1G6KD57Y67U1,1,G,6,K,D,5,7,Y,6,7,U,1,0,P,CADI,TDS,4D,7,17,4009,,0,1156,,G,,F,8,281,,,17R235,,,,,,0,0,000000000,00000000000,0,0,0,1,0,0,0,0,0,0,0,998,0,0,0,3,6,2,12,0,0,0,1,26,48234,0,0,0,0,0,0,65,135,0,17,1,0,2,9,2009,7,2011,0,99,99,99,99,1,4,98,1,1,2,1,2,3,1,17,99,1,1,87,1,0
26,260413,1,2,3,10,7,21,24,12,2,1,0,26,1,37,32,37032,4,2006,1HGCM56476A0,1,H,G,C,M,5,6,4,7,6,A,0,0,P,HOND,ULX,4D,6,17,3201,,0,1079,,G,,F,4,146,,,15R205,,,,,,0,0,000000000,00000000000,0,0,0,1,0,0,0,0,0,0,0,998,0,0,0,12,6,2,12,0,0,0,1,26,49646,6,1,0,0,3,3,72,150,0,0,0,0,0,0,0,0,0,0,0,0,0,0,1,2,55,1,1,2,1,0,0,11,15,99,1,1,68,0,0
26,260413,2,2,1,10,7,21,24,12,2,1,0,12,1,73,705,73705,80,2010,JKAZX4R18AA0,J,K,A,Z,X,4,R,1,8,A,A,0,0,M,KAWK,ZXP,RC,10,17,,,,,,,599,,4,,4,421,,,,,,,0,0,000000000,00000000000,0,0,0,1,0,0,0,0,0,0,0,998,0,0,0,12,6,2,12,0,0,1,1,12,32225,6,1,0,0,3,0,67,999,0,1,0,1,0,8,2010,8,2011,1,0,0,0,0,1,2,55,1,1,2,1,0,0,1,62,99,1,1,69,1,1
26,260414,1,1,1,6,7,5,29,8,0,1,0,26,2,18,2,18002,4,1997,1G4HP52K4VH6,1,G,4,H,P,5,2,K,4,V,H,6,0,P,BUIC,LCF,4D,97,17,3446,,0,1108,,G,,F,6,231,,,15R205,,,,,,0,0,000000000,00000000000,0,0,0,1,0,0,0,0,0,0,0,998,0,0,0,14,2,3,8,0,0,0,1,26,48829,6,1,6,0,3,0,71,260,1,0,0,0,0,8,2009,8,2009,0,0,0,0,0,1,2,55,1,1,2,1,0,0,1,80,99,1,1,13,0,0
26,260415,1,2,1,12,7,9,47,12,6,1,0,26,1,37,441,37441,20,2007,5FNRL38797B0,5,F,N,R,L,3,8,7,9,7,B,0,0,P,HOND,UDY,SV,7,17,0,,0,1181,,G,,F,6,214,,,16R235,,,,,,0,0,000000000,00000000000,0,0,0,1,0,0,0,0,0,0,0,998,0,9,5,12,6,2,12,0,0,0,1,26,48623,6,1,0,0,3,0,63,155,0,0,0,0,0,0,0,0,0,0,0,0,0,0,1,2,45,1,1,2,1,0,0,1,66,99,1,1,86,0,0
26,260415,2,2,1,12,7,9,47,12,6,1,0,26,1,30,47,30047,3,1998,3VWBB61C8WM0,3,V,W,B,B,6,1,C,8,W,M,0,0,P,VOLK,NBT,2H,98,17,2723,,0,989,,G,,F,4,121,,,16R205,,,,,,0,0,000000000,00000000000,0,0,0,1,0,0,0,0,0,0,0,998,0,0,0,3,6,2,12,0,0,0,1,26,48640,6,1,0,0,3,3,65,209,0,0,0,0,0,0,0,0,0,0,39,0,0,0,1,2,98,1,1,2,1,20,3,1,17,99,1,1,87,1,0
26,260416,1,1,2,7,7,18,0,9,0,1,0,26,1,18,20,18020,4,1999,2G4WB52K0X14,2,G,4,W,B,5,2,K,0,X,1,4,0,P,BUIC,RLL,4D,99,17,3439,,0,1090,,G,,F,6,231,,,15R215,,,,,,0,0,000000000,00000000000,0,0,0,1,0,0,0,0,0,0,0,998,0,0,0,12,6,2,9,0,0,0,1,26,49780,6,1,0,0,3,3,64,160,0,0,0,0,0,0,0,0,0,0,0,0,0,0,1,2,55,1,1,2,1,0,0,1,84,6,1,2,13,0,0
26,260417,1,1,2,12,7,19,15,34,0,1,0,26,2,72,706,72706,80,2003,1HD1FLW173Y6,1,H,D,1,F,L,W,1,7,3,Y,6,0,M,HD,CUS,RS,3,17,,,,,,,1450,,2,,4,788,,,,,,,0,0,000000000,00000000000,0,0,0,1,0,0,0,0,0,0,0,998,0,0,0,99,6,2,42,0,0,0,1,26,48850,1,1,0,0,2,0,73,160,0,8,0,0,1,8,2009,6,2012,0,99,99,99,99,1,2,55,3,1,2,1,0,0,1,9,99,2,4,2,1,1
26,260418,1,1,4,8,7,9,50,42,0,1,0,26,1,12,13,12013,2,2002,3FAFP11392R1,3,F,A,F,P,1,1,3,9,2,R,1,0,P,FORD,ZX2,CP,2,17,2478,,0,984,,G,,F,4,121,,,15R185,,,,,,0,0,000000000,00000000000,0,0,0,1,0,0,0,0,0,0,0,998,0,1,5,99,6,2,42,0,0,0,1,26,49048,6,1,0,0,3,0,63,160,3,0,0,1,1,8,2009,6,2010,0,6,36,58,0,1,5,55,1,2,2,1,0,0,1,13,6,4,4,1,2,0
26,260419,1,1,1,14,7,1,55,35,0,1,0,26,1,12,16,12016,4,2002,2FAFP74W22X1,2,F,A,F,P,7,4,W,2,2,X,1,0,P,FORD,CVR,4D,2,17,3968,,0,1147,,G,,F,8,281,,,16R225,,,,,,0,0,000000000,00000000000,0,0,0,1,0,0,0,0,0,0,0,998,0,1,3,11,6,2,1,0,0,0,1,26,48439,6,1,0,0,3,3,68,310,0,0,0,0,0,0,0,0,0,0,99,99,99,99,2,2,70,1,1,1,1,0,0,1,12,99,1,4,6,1,1
26,260420,1,1,1,7,7,21,45,8,0,1,0,26,2,12,481,12481,31,2002,2FTRX18WX2CA,2,F,T,R,X,1,8,W,X,2,C,A,0,T,FORD,F15,4C,2,17,,2,1574,1388,COF,G,,,8,281,,,,B,4639,05,U,44,0,0,000000000,00000000000,0,0,0,1,0,0,0,0,0,0,0,998,0,0,0,1,2,3,8,0,0,0,1,26,48131,6,1,0,0,3,0,73,305,0,0,0,0,1,10,2010,10,2010,0,99,99,99,99,1,2,45,1,1,2,1,0,0,1,80,8,1,1,13,0,1
26,260421,1,1,1,14,7,4,11,35,0,1,0,26,1,37,705,37705,80,2006,JH2PC37016M3,J,H,2,P,C,3,7,0,1,6,M,3,0,M,HOND,B60,RC,6,17,,,,,,,599,,4,,4,361,,,,,,,0,0,000000000,00000000000,0,0,0,1,0,0,0,0,0,0,0,998,0,0,0,12,6,2,42,0,0,0,1,26,48169,6,1,0,0,3,0,67,145,0,0,0,0,0,0,0,0,0,1,0,0,0,0,1,2,30,3,2,2,1,0,0,1,13,99,1,4,1,1,1
26,260422,1,2,1,13,7,13,17,12,6,1,0,26,1,18,2,18002,4,1990,1G4HR54C5LH4,1,G,4,H,R,5,4,C,5,L,H,4,0,P,BUIC,LLF,4D,90,17,3219,,0,1108,,G,,F,6,231,,,14R205,,,,,,0,0,000000000,00000000000,0,0,0,1,0,0,0,0,0,0,0,998,0,0,0,3,6,2,12,0,0,0,1,26,48768,6,1,0,0,3,3,66,300,0,0,0,0,0,0,0,0,0,0,38,0,0,0,1,2,55,1,1,2,1,21,3,1,17,99,1,1,87,1,0
26,260422,2,2,1,13,7,13,17,12,6,1,0,26,1,2,405,2405,14,2004,1J4GK48K64W1,1,J,4,G,K,4,8,K,6,4,W,1,0,T,JEEP,SPR,4W,4,17,,1,0,1043,LIB,G,,,6,226,,,,,3462,01,E,42,0,0,000000000,00000000000,0,0,0,1,0,0,0,0,0,0,0,998,0,0,0,12,6,2,12,0,0,0,1,26,48768,6,1,0,0,3,3,68,175,0,1,0,0,0,1,2011,1,2011,0,0,0,0,0,1,2,55,1,1,2,1,0,0,1,66,99,1,1,86,0,0
26,260423,1,2,1,7,7,23,25,12,2,1,0,26,1,12,481,12481,31,2004,1FTRX12W84NB,1,F,T,R,X,1,2,W,8,4,N,B,0,T,FORD,F15,4C,4,17,,2,1450,1260,COF,G,,,8,281,,,,B,5170,00,U,42,0,0,000000000,00000000000,0,0,0,1,0,0,0,0,0,0,0,998,0,0,0,12,6,2,12,0,0,0,1,26,48818,6,1,0,0,3,3,73,300,0,0,0,0,0,0,0,0,0,0,28,0,0,0,1,4,40,1,1,1,1,0,0,1,10,99,1,2,50,1,0
26,260423,2,2,2,7,7,23,25,12,2,1,0,26,1,22,22,22022,4,2005,1G2ZG5289541,1,G,2,Z,G,5,2,8,9,5,4,1,0,P,PONT,G/6,4D,5,17,3420,,0,1123,,G,,F,6,214,,,16R215,,,,,,0,0,000000000,00000000000,0,0,0,1,0,0,0,0,0,0,0,998,0,0,0,12,6,2,12,0,0,0,1,26,49321,1,1,0,0,2,0,62,125,0,3,0,0,2,7,2009,6,2012,0,0,0,0,0,1,4,40,1,1,1,1,0,0,1,62,2,1,1,51,0,0
26,260424,1,2,2,15,7,1,27,8,0,1,0,26,2,18,3,18003,4,1997,1G4CW52K3V46,1,G,4,C,W,5,2,K,3,V,4,6,0,P,BUIC,PKA,4D,97,17,3788,,0,1138,,G,,F,6,231,,,16R225,,,,,,0,0,000000000,00000000000,0,0,0,1,0,0,0,0,0,0,0,998,0,0,0,12,4,3,8,0,0,0,1,26,48706,6,1,0,0,3,3,68,175,0,0,0,0,0,0,0,0,0,0,0,0,0,0,5,4,55,1,1,1,2,0,0,1,80,4,1,1,13,0,0
26,260424,2,2,3,15,7,1,27,8,0,1,0,26,2,22,18,22018,2,1999,1G2NE12E0XM7,1,G,2,N,E,1,2,E,0,X,M,7,0,P,PONT,GAS,CP,99,17,3052,,0,1071,,G,,F,6,207,,,15R215,,,,,,0,0,000000000,00000000000,0,0,0,1,0,0,0,0,0,0,0,998,0,0,0,11,2,3,54,0,0,0,1,26,48655,6,1,0,0,3,3,64,117,0,0,0,0,0,0,0,0,0,0,0,0,0,0,5,4,55,1,1,1,2,0,0,1,80,7,1,2,98,0,0
26,260425,1,1,1,14,7,2,30,35,0,1,0,26,1,18,20,18020,4,1995,2G4WB52L9S14,2,G,4,W,B,5,2,L,9,S,1,4,0,P,BUIC,RGC,4D,95,17,3335,,0,1075,,G,,F,6,231,,,15R205,,,,,,0,0,000000000,00000000000,0,0,0,1,0,0,0,0,0,0,0,998,0,1,5,12,6,2,35,0,0,0,1,26,49415,6,1,0,0,3,0,69,160,0,3,1,0,0,6,2010,12,2011,1,0,0,0,0,1,2,55,1,2,2,1,0,0,1,13,3,1,4,6,1,1