STATE,ST_CASE,VEH_NO,VE_FORMS,NUMOCCS,DAY,MONTH,HOUR,MINUTE,HARM_EV,MAN_COLL,UNITTYPE,HIT_RUN,REG_STAT,OWNER,MAKE,MODEL,MAK_MOD,BODY_TYP,MOD_YEAR,VIN,VIN_1,VIN_2,VIN_3,VIN_4,VIN_5,VIN_6,VIN_7,VIN_8,VIN_9,VIN_10,VIN_11,VIN_12,TOW_VEH,VINTYPE,VINMAKE,VINA_MOD,VIN_BT,VINMODYR,VIN_LNGT,VIN_WGT,WGTCD_TR,WHLBS_LG,WHLBS_SH,SER_TR,FUELCODE,MCYCL_DS,CARBUR,CYLINDER,DISPLACE,MCYCL_CY,MCYCL_WT,TIRE_SZE,TON_RAT,TRK_WT,TRKWTVAR,VIN_REST,WHLDRWHL,J_KNIFE,MCARR_I1,MCARR_I2,MCARR_ID,GVWR,V_CONFIG,CARGO_BT,HAZ_INV,HAZ_PLAC,HAZ_ID,HAZ_CNO,HAZ_REL,BUS_USE,SPEC_USE,EMER_USE,TRAV_SP,UNDERIDE,ROLLOVER,ROLINLOC,IMPACT1,DEFORMED,TOWED,M_HARM,VEH_SC1,VEH_SC2,FIRE_EXP,DR_PRES,L_STATE,DR_ZIP,L_STATUS,L_TYPE,CDL_STAT,L_ENDORS,L_COMPL,L_RESTRI,DR_HGT,DR_WGT,PREV_ACC,PREV_SUS,PREV_DWI,PREV_SPD,PREV_OTH,FIRST_MO,FIRST_YR,LAST_MO,LAST_YR,SPEEDREL,DR_SF1,DR_SF2,DR_SF3,DR_SF4,VTRAFWAY,VNUM_LAN,VSPD_LIM,VALIGN,VPROFILE,VPAVETYP,VSURCOND,VTRAFCON,VTCONT_F,P_CRASH1,P_CRASH2,P_CRASH3,PCRASH4,PCRASH5,ACC_TYPE,DEATHS,DR_DRINK
26,260426,1,1,1,17,7,16,1,1,0,1,0,26,2,55,33,55033,4,2002,KMHWF25SX2A6,K,M,H,W,F,2,5,S,X,2,A,6,0,P,HYUN,SOL,4D,2,17,3181,,0,1063,,G,,F,4,143,,,15R205,,,,,,0,0,000000000,00000000000,0,0,0,1,0,0,0,0,0,0,0,998,0,1,5,0,6,2,1,0,0,0,1,12,32073,6,1,0,0,3,0,66,999,0,0,0,0,0,0,0,0,0,1,58,0,0,0,1,2,55,3,1,2,1,0,0,14,6,6,3,4,2,1,1
26,260427,1,1,2,9,7,14,34,40,0,1,0,26,2,55,35,55035,4,2003,KMHDN45D33U5,K,M,H,D,N,4,5,D,3,3,U,5,0,P,HYUN,EST,4D,3,17,2635,,0,1027,,G,,F,4,121,,,15R205,,,,,,0,0,000000000,00000000000,0,0,0,1,0,0,0,0,0,0,0,998,0,1,5,11,6,2,40,0,0,0,1,26,49504,6,1,0,0,3,0,72,210,0,0,0,0,0,0,0,0,0,0,99,99,99,99,1,2,35,1,1,2,1,0,0,1,12,99,1,4,6,1,0
26,260428,1,1,3,22,7,2,43,30,0,1,0,26,2,23,421,23421,15,2000,1GKEK13R0YR1,1,G,K,E,K,1,3,R,0,Y,R,1,0,T,GMC,Y/D,4W,0,17,,2,0,1160,Y/D,G,,,8,350,,,,B,5374,00,E,44,0,0,000000000,00000000000,0,0,0,1,0,0,0,0,0,0,0,998,0,2,5,12,6,2,30,0,0,0,1,26,48842,6,1,0,0,3,0,72,190,1,0,0,2,0,8,2009,12,2010,1,0,0,0,0,1,4,35,1,1,2,1,0,0,1,13,99,1,4,1,1,1
26,260429,1,1,2,4,7,22,28,8,0,1,1,26,2,37,402,37402,14,2000,JHLRD1862YS0,J,H,L,R,D,1,8,6,2,Y,S,0,0,P,HOND,CRV,UT,0,17,3245,,0,1032,,G,,F,4,120,,,15R205,,,,,,0,0,000000000,00000000000,0,0,0,1,0,0,0,0,0,0,0,998,0,0,0,12,2,1,8,0,0,0,1,26,49801,6,1,0,0,3,0,72,165,0,0,0,0,0,0,0,0,0,0,99,99,99,99,5,4,35,1,1,1,2,4,3,1,80,99,1,1,13,0,1
26,260430,1,1,1,12,7,7,29,8,0,1,0,26,1,12,17,12017,4,2002,1FAFP53U82G1,1,F,A,F,P,5,3,U,8,2,G,1,0,P,FORD,TSE,4D,2,17,3355,,0,1085,,G,,F,6,182,,,16R215,,,,,,0,0,000000000,00000000000,0,0,0,1,0,0,0,0,0,0,0,998,0,0,0,1,2,3,8,0,0,0,1,26,49097,6,1,0,0,3,0,66,150,0,0,0,0,0,0,0,0,0,0,6,36,0,0,1,2,55,1,1,2,1,0,0,1,80,99,1,4,13,0,0
26,260431,1,1,1,14,7,8,15,9,0,1,0,26,1,14,17,14017,4,2002,1MEHM55S52G6,1,M,E,H,M,5,5,S,5,2,G,6,0,P,MERC,SLP,4D,2,17,3387,,0,1085,,G,,F,6,182,,,16R215,,,,,,0,0,000000000,00000000000,0,0,0,1,0,0,0,0,0,0,0,998,0,0,0,1,2,1,9,0,0,0,1,26,48917,6,1,0,0,3,3,60,110,2,0,0,0,0,1,2010,9,2010,0,6,36,0,0,1,2,55,1,1,2,1,0,0,1,83,99,1,4,13,0,0
26,260432,1,1,4,20,7,17,58,1,0,1,0,26,2,12,401,12401,14,1999,1FMZU24E4XUA,1,F,M,Z,U,2,4,E,4,X,U,A,0,P,FORD,EPR,UT,99,17,3898,,0,1017,,G,,F,6,245,,,15R235,,,,,,0,0,000000000,00000000000,0,0,0,1,0,0,0,0,0,0,0,45,0,2,1,0,6,2,1,0,0,0,1,26,49255,6,1,0,0,3,0,60,120,0,0,0,0,0,0,0,0,0,0,6,36,0,0,1,2,55,1,1,4,1,0,0,1,8,99,4,2,98,1,0
26,260433,1,2,1,17,7,17,0,12,6,1,0,26,1,20,22,20022,2,2006,1G1AL15F2678,1,G,1,A,L,1,5,F,2,6,7,8,0,P,CHEV,BLT,CP,6,17,2991,,0,1033,,G,,F,4,134,,,15R195,,,,,,0,0,000000000,00000000000,0,0,0,1,0,0,0,0,0,0,0,998,0,0,0,9,6,2,12,0,0,0,1,26,48033,6,1,0,0,3,3,66,203,2,0,0,1,0,1,2010,4,2012,0,99,99,99,99,5,4,40,1,1,2,1,2,3,11,15,99,1,1,68,0,0
26,260433,2,2,2,17,7,17,0,12,6,1,0,26,1,72,706,72706,80,2012,1HD1GZM13CC3,1,H,D,1,G,Z,M,1,3,C,C,3,0,M,HD,FLD,RS,12,17,,,,,,,1690,,2,,4,696,,,,,,,0,0,000000000,00000000000,0,0,0,1,0,0,0,0,0,0,0,998,0,0,0,12,6,2,12,0,0,0,1,26,48180,6,1,0,0,3,0,71,200,0,0,0,1,0,9,2010,9,2010,1,0,0,0,0,5,4,40,1,1,2,1,2,3,1,62,99,1,1,69,1,0
26,260434,1,1,2,15,7,4,55,8,0,1,0,26,3,7,482,7482,31,2000,1B7KF2366YJ1,1,B,7,K,F,2,3,6,6,Y,J,1,1,T,DODG,Q25,4C,0,17,,2,1547,1387,RPC,D,,,6,359,,,,C,5593,01,U,44,1,0,000000000,00000000000,0,0,0,1,0,0,0,0,0,0,0,998,0,0,0,12,2,1,8,0,0,0,1,26,48463,6,1,0,0,3,0,71,250,0,0,0,0,0,0,0,0,0,0,0,0,0,0,1,2,55,1,1,2,2,0,0,1,80,99,1,1,13,0,0
26,260435,1,1,2,20,7,2,9,35,0,1,0,48,1,12,3,12003,2,2003,1FAFP42R53F3,1,F,A,F,P,4,2,R,5,3,F,3,0,P,FORD,MM1,CP,3,17,3114,,0,1013,,G,,F,8,281,,,17R245,,,,,,0,0,000000000,00000000000,0,0,0,1,0,0,0,0,0,0,0,998,0,1,5,99,6,2,2,0,0,1,1,26,49017,6,1,0,0,3,3,63,130,0,0,0,0,0,0,0,0,0,0,99,99,99,99,1,2,55,3,1,2,1,0,0,14,13,99,1,4,1,1,1
26,260436,1,2,2,20,7,15,42,12,6,1,0,26,1,18,3,18003,4,1995,1G4CW52K4SH6,1,G,4,C,W,5,2,K,4,S,H,6,0,P,BUIC,PKA,4D,95,17,3532,,0,1108,,G,,F,6,231,,,15R205,,,,,,0,0,000000000,00000000000,0,0,0,1,0,0,0,0,0,0,0,998,0,0,0,3,6,2,12,0,0,0,1,26,49004,6,1,0,0,3,0,62,180,0,0,0,0,0,0,0,0,0,0,39,0,0,0,1,2,35,1,1,2,1,20,3,4,17,99,1,1,87,1,0
26,260436,2,2,2,20,7,15,42,12,6,1,0,26,1,12,13,12013,4,1997,1FALP13P4VW4,1,F,A,L,P,1,3,P,4,V,W,4,0,P,FORD,EST,4D,97,17,2503,,0,984,,G,,F,4,122,,,14R185,,,,,,0,0,000000000,00000000000,0,0,0,1,0,0,0,0,0,0,0,998,0,0,0,12,6,2,12,0,0,0,1,26,49021,6,1,0,0,3,0,62,134,0,0,0,0,0,0,0,0,0,0,0,0,0,0,1,2,30,1,1,2,1,0,0,1,66,99,1,1,86,0,0
26,260437,1,1,2,15,7,6,35,21,0,1,0,26,1,20,20,20020,4,1993,2G1WN54T7P92,2,G,1,W,N,5,4,T,7,P,9,2,0,P,CHEV,EUR,4D,93,17,3193,,0,1075,,G,,F,6,191,,,15R205,,,,,,0,0,000000000,00000000000,0,0,0,1,0,0,0,0,0,0,0,998,0,0,0,1,6,2,21,0,0,0,1,26,48234,6,1,0,0,3,3,62,167,0,0,0,0,0,0,0,0,0,0,99,99,99,99,3,3,70,1,8,2,1,0,0,15,13,99,1,4,1,1,1
26,260438,1,2,1,19,7,13,47,12,6,1,0,26,1,7,20,7020,4,2004,1B3ES56C84D5,1,B,3,E,S,5,6,C,8,4,D,5,0,P,DODG,NXT,4D,4,17,2634,,0,1040,,G,,F,4,122,,,15R185,,,,,,0,0,000000000,00000000000,0,0,0,1,0,0,0,0,0,0,0,998,0,0,0,9,6,2,12,0,0,0,1,26,48436,6,1,0,0,3,0,65,100,0,0,0,1,1,12,2009,11,2010,0,39,0,0,0,1,2,55,1,1,2,1,20,3,1,17,99,1,1,89,1,0
26,260438,2,2,2,19,7,13,47,12,6,1,0,26,2,20,481,20481,31,2002,1GCGK13U42F2,1,G,C,G,K,1,3,U,4,2,F,2,1,T,CHEV,1KH,CW,2,17,,2,0,1530,SIL,G,,,8,364,,,,B,5763,00,,44,3,0,000000000,00000000000,0,0,0,1,0,0,0,0,0,0,0,998,0,0,0,12,6,2,12,0,0,0,1,26,48507,6,2,0,0,3,0,69,160,1,0,0,0,0,12,2011,12,2011,0,0,0,0,0,1,2,55,1,1,2,1,0,0,1,66,99,1,1,88,0,0
26,260439,1,2,1,19,7,22,0,12,6,1,0,26,2,63,37,63037,6,2010,KNDJT2A28A77,K,N,D,J,T,2,A,2,8,A,7,7,0,P,KIA,SOU,UT,10,17,2800,,0,1004,,G,,F,4,122,,,16R205,,,,,,0,0,000000000,00000000000,0,0,0,1,0,0,0,0,0,0,0,998,0,1,5,3,6,2,12,0,0,0,1,26,48228,1,1,0,0,2,0,71,220,1,10,0,0,1,9,2009,5,2012,0,39,0,0,0,1,2,35,1,1,1,1,2,3,1,17,99,1,1,87,1,1
26,260439,2,2,1,19,7,22,0,12,6,1,0,26,1,6,441,6441,20,2006,2A4GP54L06R7,2,A,4,G,P,5,4,L,0,6,R,7,0,T,CHRY,TOU,ES,6,17,,1,0,1193,TWC,G,,,6,230,,,,,4267,00,,42,0,0,000000000,00000000000,0,0,0,1,0,0,0,0,0,0,0,998,0,0,0,12,6,2,12,0,0,0,1,26,48223,6,1,0,0,3,0,70,140,0,0,0,0,0,0,0,0,0,0,99,99,99,99,4,2,98,1,1,2,1,2,3,1,66,99,1,1,86,0,0
26,260440,1,1,1,23,7,13,20,1,0,1,0,26,1,35,47,35047,4,2007,1N4BL21E57C1,1,N,4,B,L,2,1,E,5,7,C,1,0,P,NISS,ATL,4D,7,17,3294,,0,1093,,G,,F,6,214,,,16R215,,,,,,0,0,000000000,00000000000,0,0,0,1,0,0,0,0,0,0,0,998,0,2,5,0,6,2,1,0,0,0,1,26,49022,1,1,0,0,2,0,65,150,1,4,0,4,1,3,2010,4,2012,0,99,99,99,99,1,2,55,1,1,1,1,0,0,1,13,6,2,4,7,1,0
26,260441,1,1,2,22,7,22,37,1,0,1,0,26,2,2,404,2404,14,2000,1J4FF48S0YL2,1,J,4,F,F,4,8,S,0,Y,L,2,0,T,JEEP,SPT,4W,0,17,,1,0,1014,CHK,G,,,6,244,,,,,3247,00,E,44,0,0,000000000,00000000000,0,0,0,1,0,0,0,0,0,0,0,998,0,2,5,0,6,2,1,0,0,0,1,42,16063,9,9,99,9,9,9,999,999,99,99,99,99,99,99,9999,99,9999,0,6,36,0,0,1,2,25,2,1,4,1,0,0,14,9,99,2,4,7,1,0
26,260442,1,1,1,20,7,2,28,8,0,1,1,26,1,23,471,23471,30,1996,1GTCS19X3T85,1,G,T,C,S,1,9,X,3,T,8,5,0,T,GMC,SON,PC,96,17,,1,0,1229,SON,G,,,6,262,,,,B,3185,00,M,42,0,0,000000000,00000000000,0,0,0,1,0,0,0,0,0,0,0,998,0,0,0,12,2,3,8,0,0,0,1,26,49329,6,1,0,0,3,0,71,220,0,0,0,1,0,8,2009,8,2009,0,6,36,0,0,1,2,25,1,1,2,1,0,0,1,80,99,1,1,13,0,1
26,260443,1,2,1,8,7,15,0,12,1,1,0,26,1,18,3,18003,4,2002,1G4CW54K0241,1,G,4,C,W,5,4,K,0,2,4,1,0,P,BUIC,PKA,4D,2,17,3788,,0,1138,,G,,F,6,231,,,16R225,,,,,,0,0,000000000,00000000000,0,0,0,1,0,0,0,0,0,0,0,998,0,0,0,12,6,2,12,0,0,0,1,26,48218,6,1,0,0,3,0,74,280,0,0,0,0,0,0,0,0,0,0,26,0,0,0,3,6,55,1,1,1,1,0,0,1,50,99,1,1,32,0,0
26,260443,2,2,0,8,7,15,0,12,1,1,0,26,6,12,37,12037,4,2007,1FAHP34N27W1,1,F,A,H,P,3,4,N,2,7,W,1,0,P,FORD,X4S,4D,7,17,2636,,0,1029,,G,,F,4,122,,,15R195,,,,,,0,0,000000000,00000000000,0,0,0,1,0,0,0,0,0,0,0,0,0,0,0,6,6,2,8,0,0,0,0,0,99997,7,6,97,7,6,7,998,997,998,998,998,998,998,98,9998,98,9998,8,20,0,0,0,3,6,55,1,1,1,1,0,0,0,53,0,0,0,32,0,0
26,260444,1,2,3,24,7,2,7,12,6,1,0,26,1,20,16,20016,2,2004,1G1JC12F0473,1,G,1,J,C,1,2,F,0,4,7,3,0,P,CHEV,CAV,CP,4,17,2617,,0,1041,,G,,F,4,134,,,14R195,,,,,,0,0,000000000,00000000000,0,0,0,1,0,0,0,0,0,0,0,998,0,0,0,3,6,2,12,0,0,0,1,26,48190,6,1,0,0,3,3,68,155,0,0,0,0,0,0,0,0,0,0,39,0,0,0,1,4,98,1,1,1,1,1,3,1,17,99,1,1,87,2,1
26,260444,2,2,1,24,7,2,7,12,6,1,0,26,2,20,36,20036,2,2006,2G1WM15K5693,2,G,1,W,M,1,5,K,5,6,9,3,0,P,CHEV,M/T,CP,6,17,3461,,0,1105,,F,,F,6,214,,,16R225,,,,,,0,0,000000000,00000000000,0,0,0,1,0,0,0,0,0,0,0,998,0,0,0,12,6,2,12,0,0,0,1,26,48185,6,1,0,0,3,0,71,208,1,1,0,1,0,9,2010,4,2012,0,0,0,0,0,2,2,55,1,1,2,1,1,3,1,66,99,1,1,86,0,0
26,260445,1,1,1,24,7,20,0,1,0,1,0,26,1,20,481,20481,31,2004,2GCEC19V8411,2,G,C,E,C,1,9,V,8,4,1,1,0,T,CHEV,SC1,4C,4,17,,2,1575,1435,SIL,G,,,8,293,,,,B,4555,00,,42,0,0,000000000,00000000000,0,0,0,1,0,0,0,0,0,0,0,998,0,2,5,0,6,2,1,0,0,0,1,26,48438,6,1,0,0,3,0,66,150,0,0,0,0,0,0,0,0,0,0,99,99,99,99,1,2,55,1,1,2,1,0,0,1,13,99,2,4,2,1,1
26,260446,1,1,4,20,7,16,27,42,0,1,0,26,2,49,40,49040,4,1993,4T1VK13EXPU1,4,T,1,V,K,1,3,E,X,P,U,1,0,P,TOYT,XLE,4D,93,17,3097,,0,1031,,G,,F,6,181,,,000000,,,,,,0,0,000000000,00000000000,0,0,0,1,0,0,0,0,0,0,0,72,0,0,0,3,6,2,42,0,0,0,1,26,49015,6,1,0,0,3,0,67,140,0,0,0,0,0,0,0,0,0,1,35,0,0,0,1,2,45,1,1,1,1,0,0,6,6,7,4,4,7,1,0
26,260447,1,2,1,24,7,21,22,12,6,1,0,26,1,12,37,12037,4,2010,1FAHP3FN1AW2,1,F,A,H,P,3,F,N,1,A,W,2,0,P,FORD,FSE,4D,10,17,2623,,0,1029,,G,,F,4,122,,,15R195,,,,,,0,0,000000000,00000000000,0,0,0,1,0,0,0,0,0,0,0,998,0,0,0,1,6,2,12,0,0,0,1,26,48170,6,1,0,0,3,3,67,165,1,0,0,0,0,3,2011,3,2011,0,38,0,0,0,1,2,40,1,2,1,1,2,3,11,15,99,1,1,68,0,1
26,260447,2,2,2,24,7,21,22,12,6,1,0,26,1,72,706,72706,80,2005,1HD1FCW195Y6,1,H,D,1,F,C,W,1,9,5,Y,6,0,M,HD,FLU,RS,5,17,,,,,,,1450,,2,,4,788,,,,,,,0,0,000000000,00000000000,0,0,0,1,0,0,0,0,0,0,0,998,0,0,0,12,6,8,12,0,0,0,1,26,48135,6,1,0,0,3,3,74,200,0,0,0,0,0,0,0,0,0,0,0,0,0,0,1,4,40,1,2,1,1,2,3,1,62,99,1,1,69,1,0
26,260448,1,1,1,22,7,8,39,8,0,1,0,26,2,22,441,22441,20,1998,1GMDU03EXWD3,1,G,M,D,U,0,3,E,X,W,D,3,0,P,PONT,TSP,SV,98,17,3702,,0,1120,,G,,F,6,207,,,15R205,,,,,,0,0,000000000,00000000000,0,0,0,1,0,0,0,0,0,0,0,998,0,0,0,12,2,3,8,0,0,0,1,26,49664,6,1,0,0,3,0,64,150,0,0,0,1,0,8,2011,8,2011,0,36,0,0,0,1,2,55,1,1,2,1,0,0,1,80,99,1,4,13,0,0
26,260449,1,1,2,14,7,6,53,1,0,1,0,26,2,20,2,20002,4,2000,2G1WF55K0Y93,2,G,1,W,F,5,5,K,0,Y,9,3,0,P,CHEV,IMP,4D,0,17,3389,,0,1110,,G,,F,6,231,,,16R225,,,,,,0,0,000000000,00000000000,0,0,0,1,0,0,0,0,0,0,0,998,0,2,5,0,6,2,1,0,0,0,1,26,48890,6,1,0,0,3,0,69,130,0,0,0,0,0,0,0,0,0,1,0,0,0,0,1,2,55,1,1,2,1,0,0,1,12,99,9,4,6,1,0
26,260450,1,2,1,21,7,21,22,12,6,1,1,26,2,20,461,20461,21,2001,1GCEG15M4111,1,G,C,E,G,1,5,M,4,1,1,1,0,T,CHEV,E15,CG,1,17,,2,0,1350,EXP,G,,,8,305,,,,B,4660,00,,42,0,0,000000000,00000000000,0,0,0,1,0,0,0,0,0,0,0,998,0,0,0,12,2,1,12,0,0,0,1,26,49442,6,1,0,0,3,0,72,280,0,1,0,1,0,11,2009,12,2009,0,38,0,0,0,1,2,25,1,1,2,1,98,8,11,15,99,1,1,68,0,0
26,260450,2,2,1,21,7,21,22,12,6,1,0,26,2,98,709,98709,81,2009,LFGTCBPY0910,L,F,G,T,C,B,P,Y,0,9,1,0,0,U,,,,9,17,,,,,,,,,,,,,,,,,,,0,0,000000000,00000000000,0,0,0,1,0,0,0,0,0,0,0,998,0,0,0,11,6,2,12,0,0,0,1,26,49442,6,1,0,0,3,0,69,177,0,0,0,0,2,5,2012,7,2012,0,0,0,0,0,1,2,25,1,1,2,1,98,8,1,62,99,1,1,69,1,0
26,260451,1,1,2,7,7,13,13,9,0,1,0,26,3,12,461,12461,21,2002,1FBSS31L22HB,1,F,B,S,S,3,1,L,2,2,H,B,0,T,FORD,WSD,ES,2,17,,2,0,1380,ECO,G,,,8,330,,,,D,6425,01,E,42,0,0,000000000,00000000000,0,0,0,1,0,0,0,0,0,0,0,998,0,0,0,4,2,1,9,0,0,0,1,26,49506,6,1,0,0,3,3,68,170,0,0,0,0,0,0,0,0,0,0,0,0,0,0,1,2,25,1,1,1,1,20,3,1,84,99,1,1,13,0,0
26,260452,1,1,1,14,7,9,55,42,0,1,0,26,2,21,441,21441,20,2001,1GHDX23E81D3,1,G,H,D,X,2,3,E,8,1,D,3,0,T,OLDS,ECO,ES,1,17,,1,0,1200,SIL,G,,,6,207,,,,B,3948,00,K,42,0,0,000000000,00000000000,0,0,0,1,0,0,0,0,0,0,0,998,0,0,0,12,6,2,42,0,0,0,1,26,48892,6,1,0,0,3,3,74,295,0,0,0,0,1,3,2012,3,2012,0,99,99,99,99,1,2,55,1,1,2,1,0,0,1,13,99,1,4,1,1,0
26,260453,1,2,1,24,7,12,2,12,1,1,0,26,1,37,705,37705,80,2002,JH2RC44022K6,J,H,2,R,C,4,4,0,2,2,K,6,0,M,HOND,T7D,RS,2,17,,,,,,,745,,2,,4,496,,,,,,,0,0,000000000,00000000000,0,0,0,1,0,0,0,0,0,0,0,998,0,0,0,12,6,2,12,0,0,0,1,26,48348,6,1,0,0,3,0,66,145,0,0,0,0,0,0,0,0,0,0,26,0,0,0,5,4,50,1,1,2,1,0,0,1,50,99,1,1,20,1,0
26,260453,2,2,1,24,7,12,2,12,1,1,0,26,2,7,482,7482,31,2001,1B7HC16X81S2,1,B,7,H,C,1,6,X,8,1,S,2,0,T,DODG,150,PK,1,17,,2,1347,1187,RPC,G,,,6,239,,,,B,4010,02,U,42,0,0,000000000,00000000000,0,0,0,1,0,0,0,0,0,0,0,0,0,0,0,6,2,3,12,0,0,0,1,26,48219,6,1,0,0,3,3,71,145,1,0,0,0,0,12,2010,12,2010,0,0,0,0,0,5,4,50,1,1,2,1,0,0,5,53,1,1,1,21,0,0
26,260454,1,2,2,7,7,18,53,12,6,1,0,26,1,20,481,20481,31,2004,1GCEK19T04E2,1,G,C,E,K,1,9,T,0,4,E,2,0,T,CHEV,SK1,4C,4,17,,2,1575,1435,SIL,G,,,8,325,,,,B,4925,00,,44,0,0,000000000,00000000000,0,0,0,1,0,0,0,0,0,0,0,998,0,0,0,11,6,2,12,0,0,0,1,26,49766,6,1,0,0,3,0,71,200,0,0,0,0,0,0,0,0,0,0,6,36,0,0,1,2,55,1,2,2,1,0,0,11,15,1,1,1,68,0,0
26,260454,2,2,2,7,7,18,53,12,6,1,0,26,1,37,706,37706,80,1996,1HFSC3208TA1,1,H,F,S,C,3,2,0,8,T,A,1,0,M,HOND,VT2,RS,96,17,,,,,,,1099,,2,,4,533,,,,,,,0,0,000000000,00000000000,0,0,0,1,0,0,0,0,0,0,0,998,0,0,0,12,6,2,12,0,0,0,1,26,49777,6,1,0,0,3,3,70,150,0,0,0,0,0,0,0,0,0,0,0,0,0,0,1,2,55,1,2,2,1,0,0,1,62,99,1,1,69,1,0
26,260455,1,2,1,25,7,17,37,12,2,1,0,92,0,12,498,12498,31,1978,4BCBH3581,4,B,C,B,H,3,5,8,1,,,,0,T,FORD,,,78,9,,,,,,G,,,6,300,,,,,,,,,0,0,000000000,00000000000,0,0,0,1,0,0,0,0,0,0,0,998,0,0,0,12,6,2,12,0,0,0,1,26,48809,6,1,0,0,3,0,68,140,0,0,0,0,0,0,0,0,0,0,28,0,0,0,1,2,55,1,1,2,1,0,0,1,1,99,1,2,50,0,1
26,260455,2,2,2,25,7,17,37,12,2,1,0,26,1,12,443,12443,20,2004,2FMZA582X4BA,2,F,M,Z,A,5,8,2,X,4,B,A,0,P,FORD,FRE,SV,4,17,4275,,0,1208,,G,,F,6,256,,,16R235,,,,,,0,0,000000000,00000000000,0,0,0,1,0,0,0,0,0,0,0,998,0,0,0,12,6,2,12,0,0,0,1,12,48838,6,1,6,0,3,3,69,999,0,0,0,0,1,5,2010,5,2010,0,0,0,0,0,1,2,55,1,1,2,1,0,0,1,62,7,1,1,51,1,0
26,260456,1,2,5,13,7,17,43,12,6,1,0,26,1,20,481,20481,31,2006,1GCEC19T76Z1,1,G,C,E,C,1,9,T,7,6,Z,1,0,T,CHEV,SC1,4C,6,17,,2,1575,1340,SIL,G,,,8,323,,,,B,4760,00,,42,0,0,000000000,00000000000,0,0,0,1,0,0,0,0,0,0,0,998,0,0,0,12,6,2,12,0,0,0,1,26,49047,6,1,0,0,3,0,72,195,0,2,0,0,0,11,2011,12,2011,0,0,0,0,0,1,2,55,1,1,2,1,0,0,1,66,99,1,1,88,0,0
26,260456,2,2,2,13,7,17,43,12,6,1,0,26,3,6,43,6043,4,2002,1C3EL46R92N1,1,C,3,E,L,4,6,R,9,2,N,1,0,P,CHRY,SLX,4D,2,17,3118,,0,1080,,G,,F,6,167,,,15R205,,,,,,0,0,000000000,00000000000,0,0,0,1,0,0,0,0,0,0,0,998,0,0,0,9,6,2,12,0,0,0,1,26,49031,6,1,0,0,3,3,68,170,0,0,0,0,0,0,0,0,0,0,38,0,0,0,1,2,55,1,1,2,1,0,0,1,17,99,1,1,89,1,0
26,260457,1,2,2,22,7,10,22,1,0,1,0,18,2,20,19,20019,4,1993,1G1LT53T8PY1,1,G,1,L,T,5,3,T,8,P,Y,1,0,P,CHEV,COL,4D,93,17,2763,,0,1034,,G,,F,6,191,,,14R185,,,,,,0,0,000000000,00000000000,0,0,0,1,0,0,0,0,0,0,0,998,0,0,0,12,2,3,12,0,0,0,1,18,46517,6,1,0,0,3,3,71,140,0,2,0,2,0,8,2010,8,2011,0,6,35,36,0,1,2,55,1,1,2,1,0,0,6,10,8,1,4,98,0,0
26,260457,2,2,1,22,7,10,22,1,0,1,0,18,1,70,709,70709,80,1971,A65TAE04176,A,6,5,T,A,E,0,4,1,7,6,,0,M,BSA,,,71,11,,,,,,,,,,,,,,,,,,,0,0,000000000,00000000000,0,0,0,1,0,0,0,0,0,0,0,998,0,0,0,0,2,3,12,0,0,0,1,18,46530,6,1,5,0,3,0,83,186,0,0,0,1,0,11,2010,11,2010,0,0,0,0,0,1,2,55,1,1,2,1,0,0,1,62,98,1,4,1,1,0
26,260458,1,1,1,24,7,20,45,34,0,1,0,26,1,12,17,12017,4,2007,1FAFP53U67A1,1,F,A,F,P,5,3,U,6,7,A,1,0,P,FORD,TSE,4D,7,17,3307,,0,1085,,G,,F,6,183,,,16R215,,,,,,0,0,000000000,00000000000,0,0,0,1,0,0,0,0,0,0,0,998,0,1,5,12,6,2,35,0,0,0,1,26,49892,6,1,0,0,3,0,64,135,1,0,0,0,0,10,2011,10,2011,0,99,99,99,99,1,2,55,1,1,2,1,0,0,1,9,99,4,4,7,1,1
26,260459,1,2,1,20,7,14,39,12,6,1,0,26,1,37,706,37706,80,2003,1HFSC49013A1,1,H,F,S,C,4,9,0,1,3,A,1,0,M,HOND,XTR,RS,3,17,,,,,,,1795,,2,,4,720,,,,,,,0,0,000000000,00000000000,0,0,0,1,0,0,0,0,0,0,0,998,0,0,0,12,6,2,12,0,0,0,1,26,48873,6,1,0,0,3,2,72,230,0,0,0,0,0,0,0,0,0,0,34,74,0,0,1,2,45,1,1,2,1,0,0,6,17,99,1,1,71,1,0
26,260459,2,2,1,20,7,14,39,12,6,1,0,26,1,20,481,20481,31,2001,1GCHK29UX1Z2,1,G,C,H,K,2,9,U,X,1,Z,2,0,T,CHEV,2KH,4C,1,17,,2,1575,1435,SIL,G,,,8,364,,,,C,5342,00,,44,0,0,000000000,00000000000,0,0,0,1,0,0,0,0,0,0,0,998,0,0,0,3,2,1,12,0,0,0,1,26,48860,6,1,0,0,3,0,71,180,0,0,0,0,0,0,0,0,0,0,0,0,0,0,1,2,45,1,1,2,1,0,0,10,16,99,1,1,70,0,0