STATE,ST_CASE,VEH_NO,VE_FORMS,NUMOCCS,DAY,MONTH,HOUR,MINUTE,HARM_EV,MAN_COLL,UNITTYPE,HIT_RUN,REG_STAT,OWNER,MAKE,MODEL,MAK_MOD,BODY_TYP,MOD_YEAR,VIN,VIN_1,VIN_2,VIN_3,VIN_4,VIN_5,VIN_6,VIN_7,VIN_8,VIN_9,VIN_10,VIN_11,VIN_12,TOW_VEH,VINTYPE,VINMAKE,VINA_MOD,VIN_BT,VINMODYR,VIN_LNGT,VIN_WGT,WGTCD_TR,WHLBS_LG,WHLBS_SH,SER_TR,FUELCODE,MCYCL_DS,CARBUR,CYLINDER,DISPLACE,MCYCL_CY,MCYCL_WT,TIRE_SZE,TON_RAT,TRK_WT,TRKWTVAR,VIN_REST,WHLDRWHL,J_KNIFE,MCARR_I1,MCARR_I2,MCARR_ID,GVWR,V_CONFIG,CARGO_BT,HAZ_INV,HAZ_PLAC,HAZ_ID,HAZ_CNO,HAZ_REL,BUS_USE,SPEC_USE,EMER_USE,TRAV_SP,UNDERIDE,ROLLOVER,ROLINLOC,IMPACT1,DEFORMED,TOWED,M_HARM,VEH_SC1,VEH_SC2,FIRE_EXP,DR_PRES,L_STATE,DR_ZIP,L_STATUS,L_TYPE,CDL_STAT,L_ENDORS,L_COMPL,L_RESTRI,DR_HGT,DR_WGT,PREV_ACC,PREV_SUS,PREV_DWI,PREV_SPD,PREV_OTH,FIRST_MO,FIRST_YR,LAST_MO,LAST_YR,SPEEDREL,DR_SF1,DR_SF2,DR_SF3,DR_SF4,VTRAFWAY,VNUM_LAN,VSPD_LIM,VALIGN,VPROFILE,VPAVETYP,VSURCOND,VTRAFCON,VTCONT_F,P_CRASH1,P_CRASH2,P_CRASH3,PCRASH4,PCRASH5,ACC_TYPE,DEATHS,DR_DRINK
26,260495,2,2,1,5,8,13,12,12,6,1,0,26,1,12,401,12401,14,2000,1FMZU74E0YUB,1,F,M,Z,U,7,4,E,0,Y,U,B,0,P,FORD,EPR,UT,0,17,4170,,0,1116,,G,,F,6,245,,,16R255,,,,,,0,0,000000000,00000000000,0,0,0,1,0,0,0,0,0,0,0,998,0,0,0,12,6,2,12,0,0,0,1,26,48114,6,1,0,0,3,3,71,160,1,0,0,0,0,11,2011,11,2011,0,0,0,0,0,1,2,55,1,1,2,1,0,0,1,66,8,1,2,88,0,0
26,260496,1,3,2,5,8,19,21,12,8,1,0,97,9,72,706,72706,80,2006,5HD1PRE1X6Y9,5,H,D,1,P,R,E,1,X,6,Y,9,0,M,HD,FL5,RS,6,17,,,,,,,1690,,2,,4,0000,,,,,,,0,0,000000000,00000000000,0,0,0,1,0,0,0,0,0,0,0,998,0,0,0,11,6,2,12,0,0,0,1,97,0,9,9,99,9,9,9,999,999,99,99,99,99,99,99,9999,99,9999,0,0,0,0,0,1,2,45,1,1,2,1,0,0,1,62,99,1,1,98,0,0
26,260496,2,3,2,5,8,19,21,12,8,1,0,97,9,72,706,72706,80,2010,5HD1PZ8A4AB9,5,H,D,1,P,Z,8,A,4,A,B,9,0,M,HD,HSE,RS,10,17,,,,,,,1803,,2,,4,848,,,,,,,0,0,000000000,00000000000,0,0,0,1,0,0,0,0,0,0,0,998,0,0,0,11,6,2,12,0,0,0,1,97,0,9,9,99,9,9,9,999,999,99,99,99,99,99,99,9999,99,9999,0,0,0,0,0,1,2,45,1,1,2,1,0,0,1,62,99,1,1,65,1,1
26,260496,3,3,1,5,8,19,21,12,8,1,0,26,1,20,16,20016,4,1999,1G1JF5245X71,1,G,1,J,F,5,2,4,5,X,7,1,0,P,CHEV,CAS,4D,99,17,2644,,0,1041,,G,,F,4,133,,,15R195,,,,,,0,0,000000000,00000000000,0,0,0,1,0,0,0,0,0,0,0,998,0,0,0,11,6,2,12,0,0,0,1,26,48039,6,1,0,0,2,0,68,125,0,0,0,0,0,0,0,0,0,0,28,36,0,0,1,2,45,1,1,2,1,0,0,1,10,99,1,2,64,0,1
26,260497,1,1,4,6,8,0,38,32,0,1,0,26,1,12,481,12481,31,2011,1FTFW1EF8BFC,1,F,T,F,W,1,E,F,8,B,F,C,0,T,FORD,F1S,CW,11,17,,2,1570,1450,COF,F,,,8,305,,,,B,5577,01,7,44,0,0,000000000,00000000000,0,0,0,1,0,0,0,0,0,0,0,998,0,1,5,12,6,2,1,0,0,0,1,26,48001,6,1,6,0,3,3,73,215,1,12,0,0,1,11,2009,1,2012,1,36,39,0,0,1,2,55,1,3,4,1,20,3,1,12,99,1,4,6,1,1
26,260498,1,2,2,20,7,23,45,12,99,1,0,26,1,76,705,76705,80,2007,JYARJ06E17A0,J,Y,A,R,J,0,6,E,1,7,A,0,0,M,YAMA,F6S,RC,7,17,,,,,,,600,,4,,4,357,,,,,,,0,0,000000000,00000000000,0,0,0,1,0,0,0,0,0,0,0,998,0,0,0,99,4,8,40,0,0,0,1,26,48062,6,1,0,0,3,0,73,175,0,0,0,0,0,0,0,0,0,0,99,99,99,99,4,3,35,1,1,1,1,0,0,1,65,99,1,1,79,0,0
26,260498,2,2,2,20,7,23,45,12,99,1,0,26,1,73,706,73706,80,2007,JKAZXCD107A0,J,K,A,Z,X,C,D,1,0,7,A,0,0,M,KAWK,Z1D,RC,7,17,,,,,,,998,,4,,4,386,,,,,,,0,0,000000000,00000000000,0,0,0,1,0,0,0,0,0,0,0,998,0,0,0,99,6,8,12,0,0,0,1,26,48185,6,1,0,0,3,3,72,175,0,1,0,0,1,8,2009,10,2009,1,38,0,0,0,8,8,98,8,8,8,98,97,8,10,16,99,1,1,78,1,0
26,260499,1,1,1,4,8,5,16,33,0,1,0,26,1,52,34,52034,4,2005,4A3AB36F65E0,4,A,3,A,B,3,6,F,6,5,E,0,0,P,MITS,ELM,4D,5,17,3351,,0,1083,,G,,F,4,146,,,16R215,,,,,,0,0,000000000,00000000000,0,0,0,1,0,0,0,0,0,0,0,998,0,1,6,12,6,2,1,0,0,0,1,26,48088,6,1,0,0,3,0,67,125,0,0,0,0,0,0,0,0,0,1,36,0,0,0,5,4,30,2,1,2,1,0,0,11,12,99,1,4,6,1,1
26,260500,1,2,1,6,8,7,54,12,6,1,0,26,1,6,41,6041,4,2000,2C3HD46R5YH3,2,C,3,H,D,4,6,R,5,Y,H,3,0,P,CHRY,CXL,4D,0,17,3402,,0,1130,,G,,F,6,167,,,16R225,,,,,,0,0,000000000,00000000000,0,0,0,1,0,0,0,0,0,0,0,998,0,0,0,9,6,2,12,0,0,0,1,26,48036,6,1,0,0,3,3,73,175,0,0,0,0,0,0,0,0,0,0,38,0,0,0,1,2,55,1,1,2,1,20,3,4,17,99,1,1,89,1,0
26,260500,2,2,1,6,8,7,54,12,6,1,0,26,3,84,881,84881,63,2004,1HSXHAPTX4J0,1,H,S,X,H,A,P,T,X,4,J,0,2,T,INTL,56I,TR,4,17,,8,0,0,560,D,,,6,915,,,,,00000,00,,64,1,57,001616687,57001616687,3,4,97,1,0,0,0,0,0,0,0,998,0,0,0,12,2,1,12,0,0,0,1,26,48747,6,1,6,3,3,0,72,170,0,0,0,0,0,0,0,0,0,0,0,0,0,0,1,2,55,1,1,2,1,0,0,1,66,6,1,2,88,0,0
26,260501,1,2,1,6,8,19,0,1,0,1,0,26,1,7,43,7043,2,2002,4B3AG42G92E1,4,B,3,A,G,4,2,G,9,2,E,1,0,P,DODG,SSE,CP,2,17,2949,,0,1037,,G,,F,4,146,,,16R205,,,,,,0,0,000000000,00000000000,0,0,0,1,0,0,0,0,0,0,0,998,0,0,0,1,4,3,12,0,0,0,1,26,48235,6,1,0,0,3,0,67,165,0,1,0,2,0,2,2010,4,2010,0,38,0,0,0,5,4,30,1,1,2,1,0,0,11,15,99,1,1,98,0,0
26,260501,2,2,1,6,8,19,0,1,0,1,0,26,1,53,705,53705,80,2009,JS1GN7EAX921,J,S,1,G,N,7,E,A,X,9,2,1,0,M,SUZI,G60,RC,9,17,,,,,,,599,,4,,4,354,,,,,,,0,0,000000000,00000000000,0,0,0,1,0,0,0,0,0,0,0,998,0,0,0,0,6,2,12,0,0,0,1,26,48221,6,1,6,0,3,3,71,245,1,0,0,0,0,3,2011,3,2011,0,0,0,0,0,5,4,30,1,1,2,1,0,0,1,98,4,1,1,98,1,0
26,260502,1,2,1,7,8,15,48,12,1,1,0,26,1,72,706,72706,80,1997,1HD1BKL1XVY0,1,H,D,1,B,K,L,1,X,V,Y,0,0,M,HD,XTC,RS,97,17,,,,,,,1340,,2,,4,613,,,,,,,0,0,000000000,00000000000,0,0,0,1,0,0,0,0,0,0,0,998,0,0,0,12,6,2,12,0,0,0,1,26,48458,6,1,0,0,3,3,70,220,0,0,0,0,0,0,0,0,0,0,35,0,0,0,1,2,55,1,1,2,1,0,0,6,52,99,1,1,28,1,0
26,260502,2,2,3,7,8,15,48,12,1,1,0,26,2,7,472,7472,30,1995,1B7GL23X6SW9,1,B,7,G,L,2,3,X,6,S,W,9,0,T,DODG,DAK,PC,95,17,,1,0,1309,DAK,G,,,6,239,,,,B,3453,00,M,42,0,0,000000000,00000000000,0,0,0,1,0,0,0,0,0,0,0,998,0,0,0,6,2,3,12,0,0,0,1,26,48750,6,1,0,0,3,0,71,165,0,2,0,0,0,2,2011,2,2012,0,0,0,0,0,1,2,55,1,1,2,1,0,0,2,53,99,1,1,30,0,0
26,260503,1,2,1,3,8,18,38,12,1,1,0,26,2,12,17,12017,4,2005,1FAHP56U45A1,1,F,A,H,P,5,6,U,4,5,A,1,0,P,FORD,TEL,4D,5,17,3313,,0,1085,,G,,F,6,182,,,16R215,,,,,,0,0,000000000,00000000000,0,0,0,1,0,0,0,0,0,0,0,998,0,0,0,12,6,2,12,0,0,0,1,26,48178,6,1,0,0,3,3,60,999,0,0,0,0,0,0,0,0,0,0,26,0,0,0,1,2,50,1,1,2,1,0,0,1,50,2,1,1,20,0,0
26,260503,2,2,1,3,8,18,38,12,1,1,0,26,1,72,706,72706,80,1998,1HD1FCR18WY6,1,H,D,1,F,C,R,1,8,W,Y,6,0,M,HD,FLU,RS,98,17,,,,,,,1340,,2,,4,772,,,,,,,0,0,000000000,00000000000,0,0,0,1,0,0,0,0,0,0,0,0,0,0,0,6,6,2,12,0,0,0,1,26,48168,6,1,0,0,2,0,72,270,0,0,0,0,0,0,0,0,0,0,54,0,0,0,1,2,50,1,1,2,1,0,0,1,53,99,1,1,21,1,0
26,260504,1,1,2,8,8,20,33,34,0,1,0,26,2,20,37,20037,4,2003,1G1ND52J53M5,1,G,1,N,D,5,2,J,5,3,M,5,0,P,CHEV,MAL,4D,3,17,3106,,0,1070,,G,,F,6,191,,,15R215,,,,,,0,0,000000000,00000000000,0,0,0,1,0,0,0,0,0,0,0,998,0,1,2,9,6,2,1,0,0,0,1,26,48118,6,1,0,0,3,0,65,185,0,0,0,0,0,0,0,0,0,1,0,0,0,0,1,2,55,1,2,4,1,0,0,1,5,99,4,4,7,1,1
26,260505,1,1,2,11,8,0,15,8,0,1,0,26,1,7,442,7442,20,2002,2B4GP44R32R5,2,B,4,G,P,4,4,R,3,2,R,5,0,T,DODG,GSP,ES,2,17,,1,0,1193,CAR,G,,,6,201,,,,,4002,00,E,42,0,0,000000000,00000000000,0,0,0,1,0,0,0,0,0,0,0,70,0,0,0,12,6,2,8,0,0,0,1,26,49445,6,1,0,0,3,0,67,160,0,0,0,0,0,0,0,0,0,0,0,0,0,0,2,3,70,1,1,1,2,0,0,1,80,9,1,1,13,0,0
26,260506,1,2,1,11,8,9,56,12,6,1,0,26,1,72,706,72706,80,1998,1HD1CAP17WK1,1,H,D,1,C,A,P,1,7,W,K,1,0,M,HD,L12,RS,98,17,,,,,,,1200,,2,,4,491,,,,,,,0,0,000000000,00000000000,0,0,0,1,0,0,0,0,0,0,0,998,0,0,0,12,6,2,12,0,0,0,1,26,49783,6,1,0,0,3,0,69,179,0,0,0,1,0,5,2012,5,2012,0,39,0,0,0,1,2,55,1,1,2,2,20,3,1,17,99,1,1,88,1,1
26,260506,2,2,2,11,8,9,56,12,6,1,0,26,2,12,481,12481,31,1999,1FTNF20L7XEA,1,F,T,N,F,2,0,L,7,X,E,A,1,T,FORD,F2S,PK,99,17,,2,0,1370,SRW,G,,,8,330,,,,C,4960,00,U,42,1,0,000000000,00000000000,0,0,0,1,0,0,0,0,0,0,0,998,0,0,0,7,6,2,12,0,0,0,1,26,48871,6,1,0,0,3,0,68,185,0,0,0,0,0,0,0,0,0,0,0,0,0,0,1,2,55,1,1,2,2,0,0,1,66,99,1,1,89,0,0
26,260507,1,2,1,7,8,21,39,12,2,1,0,12,2,41,403,41403,14,2013,JM3KE2CE7D01,J,M,3,K,E,2,C,E,7,D,0,1,0,P,MAZD,CX5,UT,13,17,3272,,0,0,,G,,F,4,122,,,000000,,,,,,0,0,000000000,00000000000,0,0,0,1,0,0,0,0,0,0,0,998,0,0,0,12,6,2,12,0,0,0,1,26,49690,6,1,0,0,3,0,65,120,0,0,0,1,0,4,2011,4,2011,0,38,0,0,0,5,4,45,1,1,2,1,0,0,11,15,99,1,1,68,0,0
26,260507,2,2,1,7,8,21,39,12,2,1,0,26,1,98,709,98709,80,2010,ZD4RKC005AS0,Z,D,4,R,K,C,0,0,5,A,S,0,0,U,,,,10,17,,,,,,,,,,,,,,,,,,,0,0,000000000,00000000000,0,0,0,1,0,0,0,0,0,0,0,998,0,0,0,12,6,2,12,0,0,0,1,26,49690,6,1,0,0,3,0,69,178,0,1,1,3,0,1,2011,6,2012,1,0,0,0,0,5,4,45,1,1,2,1,0,0,1,66,99,1,1,69,1,0
26,260508,1,2,1,9,8,10,33,12,6,1,0,26,1,7,11,7011,4,1989,1B3BK46D0KC4,1,B,3,B,K,4,6,D,0,K,C,4,0,P,DODG,ALE,4D,89,17,2424,,0,1003,,G,,F,4,135,,,13R175,,,,,,0,0,000000000,00000000000,0,0,0,1,0,0,0,0,0,0,0,998,0,0,0,1,6,2,12,0,0,0,1,26,48006,6,1,0,0,3,3,64,125,0,0,0,0,0,0,0,0,0,0,38,0,0,0,5,4,40,1,1,2,2,2,3,11,15,99,1,1,68,1,0
26,260508,2,2,2,9,8,10,33,12,6,1,0,26,1,20,37,20037,4,2006,1G1ZS51F46F2,1,G,1,Z,S,5,1,F,4,6,F,2,0,P,CHEV,M/L,4D,6,17,3296,,0,1063,,G,,F,4,134,,,15R205,,,,,,0,0,000000000,00000000000,0,0,0,1,0,0,0,0,0,0,0,998,0,0,0,12,6,2,12,0,0,0,1,26,48074,6,1,0,0,3,3,67,210,1,0,0,0,1,1,2010,1,2010,0,0,0,0,0,5,4,40,1,1,2,2,2,3,1,62,99,1,1,69,0,0
26,260509,1,2,2,11,8,14,0,12,2,1,0,26,2,18,401,18401,14,2004,3G5DA03E24S5,3,G,5,D,A,0,3,E,2,4,S,5,0,P,BUIC,RZV,UT,4,17,4024,,0,1122,,G,,F,6,207,,,16R215,,,,,,0,0,000000000,00000000000,0,0,0,1,0,0,0,0,0,0,0,998,0,1,1,12,6,2,12,0,0,0,1,26,48651,6,1,0,0,3,0,63,119,0,0,0,0,0,0,0,0,0,0,48,0,0,0,1,2,55,1,2,2,1,0,0,11,15,99,1,1,68,0,0
26,260509,2,2,1,11,8,14,0,12,2,1,0,26,1,7,442,7442,20,2006,1D4GP24RX6B6,1,D,4,G,P,2,4,R,X,6,B,6,0,T,DODG,GCS,ES,6,17,,1,0,1193,CAR,G,,,6,201,,,,,4095,00,E,42,0,0,000000000,00000000000,0,0,0,1,0,0,0,0,0,0,0,998,0,0,0,12,6,2,12,0,0,0,1,26,48653,6,1,0,0,3,3,70,220,0,0,0,2,0,5,2010,8,2010,0,0,0,0,0,1,2,55,1,2,2,1,0,0,1,62,7,1,1,69,1,0
26,260510,1,1,1,10,8,23,49,42,0,1,0,26,1,20,2,20002,4,2001,2G1WH55K2192,2,G,1,W,H,5,5,K,2,1,9,2,0,P,CHEV,IPL,4D,1,17,3466,,0,1105,,G,,F,6,231,,,16R225,,,,,,0,0,000000000,00000000000,0,0,0,1,0,0,0,0,0,0,0,998,0,0,0,12,6,2,42,0,0,0,1,26,48616,6,1,0,0,3,0,75,205,0,0,0,0,0,0,0,0,0,1,39,0,0,0,1,2,35,1,1,2,2,20,3,1,14,99,1,4,14,1,1
26,260511,1,2,1,11,8,1,30,12,1,1,0,26,1,6,43,6043,4,2004,1C3EL56R14N2,1,C,3,E,L,5,6,R,1,4,N,2,0,P,CHRY,SLI,4D,4,17,3167,,0,1080,,G,,F,6,167,,,16R205,,,,,,0,0,000000000,00000000000,0,0,0,1,0,0,0,0,0,0,0,998,0,0,0,6,4,3,12,0,0,0,1,26,48217,6,1,0,0,3,0,60,175,0,4,0,0,1,11,2009,6,2011,0,35,0,0,0,5,4,35,1,1,2,2,0,0,6,53,99,1,1,25,0,0
26,260511,2,2,1,11,8,1,30,12,1,1,0,26,2,98,709,98709,80,1999,1B91HBH12XW3,1,B,9,1,H,B,H,1,2,X,W,3,0,U,,,,99,17,,,,,,,,,,,,,,,,,,,0,0,000000000,00000000000,0,0,0,1,0,0,0,0,0,0,0,998,0,0,0,12,6,2,12,0,0,0,1,26,48146,6,1,0,0,3,3,65,190,0,0,0,0,0,0,0,0,0,1,0,0,0,0,5,4,35,1,1,2,2,0,0,1,51,99,1,1,24,1,1
26,260512,1,2,1,12,8,16,32,12,2,1,1,26,1,23,481,23481,31,1997,1GTEK19R1VE5,1,G,T,E,K,1,9,R,1,V,E,5,0,T,GMC,SK1,PC,97,17,,2,1555,1415,SIE,G,,,8,350,,,,B,00000,00,E,44,0,0,000000000,00000000000,0,0,0,1,0,0,0,0,0,0,0,998,0,0,0,12,4,1,12,0,0,0,1,26,48001,1,1,0,0,2,0,71,153,0,2,0,0,0,12,2009,9,2010,0,28,35,0,0,1,2,50,1,1,2,1,0,0,6,10,99,1,1,50,0,1
26,260512,2,2,1,12,8,16,32,12,2,1,0,26,1,72,706,72706,80,2003,1HD1JAB193Y0,1,H,D,1,J,A,B,1,9,3,Y,0,0,M,HD,TBI,RS,3,17,,,,,,,1450,,2,,4,630,,,,,,,0,0,000000000,00000000000,0,0,0,1,0,0,0,0,0,0,0,998,0,0,0,12,6,2,12,0,0,0,1,26,48001,6,1,0,0,3,0,70,242,0,0,0,0,0,0,0,0,0,0,0,0,0,0,1,2,50,1,1,2,1,0,0,1,62,99,1,1,51,1,0
26,260513,1,2,4,12,8,12,19,12,6,1,0,26,2,20,401,20401,14,1999,1GNDT13W9X21,1,G,N,D,T,1,3,W,9,X,2,1,0,P,CHEV,BZR,UT,99,17,4023,,0,1070,,G,,F,6,262,,,15R205,,,,,,0,0,000000000,00000000000,0,0,0,1,0,0,0,0,0,0,0,998,0,0,0,12,6,2,12,0,0,0,1,26,48371,6,1,0,0,3,3,65,125,1,0,0,3,0,10,2010,2,2012,0,39,0,0,0,1,2,55,1,1,2,1,20,3,1,17,99,1,1,86,0,0
26,260513,2,2,1,12,8,12,19,12,6,1,0,26,1,72,706,72706,80,2011,1HD1GV411BC3,1,H,D,1,G,V,4,1,1,B,C,3,0,M,HD,XDC,RS,11,17,,,,,,,1584,,2,,4,645,,,,,,,0,0,000000000,00000000000,0,0,0,1,0,0,0,0,0,0,0,998,0,0,0,1,6,2,12,0,0,0,1,26,48022,6,1,0,0,3,0,65,150,1,0,0,0,0,3,2012,3,2012,0,0,0,0,0,1,2,98,1,1,2,1,0,0,1,66,99,1,1,87,1,0
26,260514,1,1,1,12,8,19,55,38,0,1,0,26,1,37,705,37705,80,1986,JH2RC2104GM2,J,H,2,R,C,2,1,0,4,G,M,2,0,M,HOND,F70,RS,86,17,,,,,,,700,,4,,4,503,,,,,,,0,0,000000000,00000000000,0,0,0,1,0,0,0,0,0,0,0,998,0,0,0,1,6,2,38,0,0,0,1,26,49408,6,1,0,0,3,0,66,170,0,0,0,0,0,0,0,0,0,0,99,99,99,99,1,2,55,3,1,2,1,0,0,1,13,99,1,4,1,1,1
26,260516,1,2,1,14,8,16,10,12,6,1,0,26,1,20,481,20481,31,2008,2GCEK19J4811,2,G,C,E,K,1,9,J,4,8,1,1,0,T,CHEV,SK1,4C,8,17,,2,1575,1339,SIL,G,,,8,323,,,,B,5226,02,,44,0,0,000000000,00000000000,0,0,0,1,0,0,0,0,0,0,0,998,0,0,0,1,6,2,12,0,0,0,1,26,48723,6,1,6,0,3,0,68,158,0,0,0,0,0,0,0,0,0,0,38,0,0,0,1,2,55,1,1,2,1,0,0,11,15,99,1,1,68,0,0
26,260516,2,2,1,14,8,16,10,12,6,1,0,26,1,20,37,20037,4,2007,1G1ZS58F67F2,1,G,1,Z,S,5,8,F,6,7,F,2,0,P,CHEV,M/L,4D,7,17,3122,,0,1063,,G,,F,4,134,,,15R205,,,,,,0,0,000000000,00000000000,0,0,0,1,0,0,0,0,0,0,0,998,0,0,0,12,6,2,12,0,0,0,1,26,48744,6,1,0,0,3,0,72,190,0,0,0,0,0,0,0,0,0,0,0,0,0,0,1,2,55,1,1,2,1,0,0,1,62,99,1,1,69,1,0
26,260517,1,2,1,12,8,19,10,1,0,1,0,26,1,73,705,73705,80,2005,JKAZX4J165A0,J,K,A,Z,X,4,J,1,6,5,A,0,0,M,KAWK,ZXJ,RC,5,17,,,,,,,600,,4,,4,377,,,,,,,0,0,000000000,00000000000,0,0,0,1,0,0,0,0,0,0,0,998,0,0,0,0,6,2,12,0,0,0,1,26,49248,6,1,0,0,3,0,66,160,0,0,0,0,0,0,0,0,0,0,28,0,0,0,1,2,55,2,2,2,1,0,0,14,98,99,1,2,98,1,0
26,260517,2,2,1,12,8,19,10,1,0,1,0,26,1,23,481,23481,31,2004,1GTEK19T04E2,1,G,T,E,K,1,9,T,0,4,E,2,0,T,GMC,NK1,4C,4,17,,2,1575,1435,SIE,G,,,8,325,,,,B,4548,03,4,44,0,0,000000000,00000000000,0,0,0,1,0,0,0,0,0,0,0,998,0,0,0,1,2,1,12,0,0,0,1,26,49286,9,9,99,9,9,9,999,999,99,99,99,99,99,99,9999,99,9999,0,0,0,0,0,1,2,55,3,2,2,1,0,0,14,62,99,1,1,98,0,0
26,260518,1,2,3,14,8,18,42,12,6,1,0,26,2,20,37,20037,4,1997,1G1ND52T7V61,1,G,1,N,D,5,2,T,7,V,6,1,0,P,CHEV,MAL,4D,97,17,2976,,0,1070,,G,,F,4,146,,,15R215,,,,,,0,0,000000000,00000000000,0,0,0,1,0,0,0,0,0,0,0,998,0,0,0,9,6,2,12,0,0,0,1,26,48867,6,1,0,0,3,0,69,150,0,4,0,2,1,1,2010,12,2011,0,39,0,0,0,1,2,55,1,1,2,1,20,3,1,17,99,1,1,89,1,0
26,260518,2,2,1,14,8,18,42,12,6,1,0,26,1,49,404,49404,14,2007,JTEBU11F4700,J,T,E,B,U,1,1,F,4,7,0,0,0,P,TOYT,FJC,UT,7,17,4290,,0,1063,,G,,F,6,244,,,17R265,,,,,,0,0,000000000,00000000000,0,0,0,1,0,0,0,0,0,0,0,998,0,0,0,12,6,2,12,0,0,0,1,26,48848,6,1,0,0,3,3,72,160,1,0,0,0,1,3,2012,3,2012,0,0,0,0,0,1,2,55,1,1,2,1,0,0,1,66,99,1,1,88,0,0
26,260519,1,1,1,12,8,14,40,42,0,1,0,26,2,24,401,24401,14,2006,5GZCZ53446S8,5,G,Z,C,Z,5,3,4,4,6,S,8,0,P,STRN,VUE,UT,6,17,3478,,0,1066,,G,,F,6,214,,,16R215,,,,,,0,0,000000000,00000000000,0,0,0,1,0,0,0,0,0,0,0,998,0,1,5,12,6,2,42,0,0,0,1,26,48350,6,1,0,0,3,3,70,227,0,0,0,0,0,0,0,0,0,0,0,0,0,0,1,2,55,1,1,2,1,0,0,1,12,99,1,4,6,1,0
26,260520,1,2,1,12,8,17,21,12,2,1,0,26,1,12,471,12471,30,2002,1FTYR10D32TA,1,F,T,Y,R,1,0,D,3,2,T,A,0,T,FORD,RNG,PK,2,17,,1,1175,1116,RNG,G,,,4,140,,,,B,3085,03,E,42,0,0,000000000,00000000000,0,0,0,1,0,0,0,0,0,0,0,998,0,1,9,12,6,2,12,0,0,0,1,26,48836,6,1,6,0,3,0,75,280,0,0,0,0,0,0,0,0,0,0,99,99,99,99,2,3,70,1,1,2,1,0,0,1,10,99,1,2,50,1,0
26,260520,2,2,3,12,8,17,21,12,2,1,0,26,1,12,17,12017,4,2007,1FAFP53U97A1,1,F,A,F,P,5,3,U,9,7,A,1,0,P,FORD,TSE,4D,7,17,3307,,0,1085,,G,,F,6,183,,,16R215,,,,,,0,0,000000000,00000000000,0,0,0,1,0,0,0,0,0,0,0,998,0,0,0,12,6,2,12,0,0,0,1,26,49548,6,1,0,0,3,0,70,215,2,0,0,1,0,11,2010,1,2012,0,0,0,0,0,2,3,70,1,1,2,1,0,0,1,62,99,1,1,51,2,0
26,260521,1,2,1,16,8,11,53,12,2,1,0,26,1,55,401,55401,14,2002,KM8SC73D92U2,K,M,8,S,C,7,3,D,9,2,U,2,0,P,HYUN,SAN,UT,2,17,3752,,0,1031,,G,,F,6,162,,,16R225,,,,,,0,0,000000000,00000000000,0,0,0,1,0,0,0,0,0,0,0,998,0,0,0,12,6,2,12,0,0,0,1,26,49080,6,1,0,0,3,0,71,200,0,0,0,0,0,0,0,0,0,1,28,0,0,0,1,2,55,1,1,2,6,0,0,1,5,99,1,2,50,0,0
26,260521,2,2,1,16,8,11,53,12,2,1,0,26,1,24,5,24005,4,2001,1G8JU54F21Y5,1,G,8,J,U,5,4,F,2,1,Y,5,0,P,STRN,L20,4D,1,17,3009,,0,1065,,G,,F,4,134,,,15R195,,,,,,0,0,000000000,00000000000,0,0,0,1,0,0,0,0,0,0,0,998,0,0,0,12,6,2,12,0,0,0,1,26,49323,6,1,0,0,3,0,70,200,1,1,1,0,0,6,2010,10,2010,0,0,0,0,0,1,2,55,1,1,2,6,0,0,1,62,99,1,1,51,1,0
26,260522,1,1,1,10,8,9,43,42,0,1,0,26,1,12,24,12024,6,2012,2FMDK4JC4CBA,2,F,M,D,K,4,J,C,4,C,B,A,0,P,FORD,EDG,UT,12,17,4234,,0,1112,,G,,F,6,214,,,18R245,,,,,,0,0,000000000,00000000000,0,0,0,1,0,0,0,0,0,0,0,998,0,0,0,12,6,2,42,0,0,0,1,26,48610,6,1,0,0,3,0,77,275,0,0,0,1,0,9,2010,9,2010,0,99,99,99,99,1,2,55,1,1,2,2,0,0,1,12,99,1,4,6,1,1
26,260523,1,1,1,5,8,19,14,59,0,1,0,26,1,72,706,72706,80,2003,1HD1DDV133Y6,1,H,D,1,D,D,V,1,3,3,Y,6,0,M,HD,FHT,RS,3,17,,,,,,,1450,,2,,4,758,,,,,,,0,0,000000000,00000000000,0,0,0,1,0,0,0,0,0,0,0,998,0,0,0,3,6,8,34,0,0,0,1,26,48307,6,1,0,0,3,0,67,138,0,0,0,0,0,0,0,0,0,1,0,0,0,0,3,3,70,3,2,2,1,0,0,1,6,99,1,4,1,1,0
26,260524,1,2,1,17,8,17,44,12,8,1,0,26,2,7,472,7472,30,2003,1D7HG32N03S1,1,D,7,H,G,3,2,N,0,3,S,1,0,T,DODG,SPT,PC,3,17,,2,0,1309,DAK,G,,,8,287,,,,B,4142,00,E,44,0,0,000000000,00000000000,0,0,0,1,0,0,0,0,0,0,0,998,0,0,0,11,2,3,12,0,0,0,1,26,49349,6,1,0,0,3,3,69,205,0,0,0,0,0,0,0,0,0,0,0,0,0,0,1,2,55,3,2,2,1,0,0,14,62,99,1,1,65,0,0