STATE,ST_CASE,VEH_NO,VE_FORMS,NUMOCCS,DAY,MONTH,HOUR,MINUTE,HARM_EV,MAN_COLL,UNITTYPE,HIT_RUN,REG_STAT,OWNER,MAKE,MODEL,MAK_MOD,BODY_TYP,MOD_YEAR,VIN,VIN_1,VIN_2,VIN_3,VIN_4,VIN_5,VIN_6,VIN_7,VIN_8,VIN_9,VIN_10,VIN_11,VIN_12,TOW_VEH,VINTYPE,VINMAKE,VINA_MOD,VIN_BT,VINMODYR,VIN_LNGT,VIN_WGT,WGTCD_TR,WHLBS_LG,WHLBS_SH,SER_TR,FUELCODE,MCYCL_DS,CARBUR,CYLINDER,DISPLACE,MCYCL_CY,MCYCL_WT,TIRE_SZE,TON_RAT,TRK_WT,TRKWTVAR,VIN_REST,WHLDRWHL,J_KNIFE,MCARR_I1,MCARR_I2,MCARR_ID,GVWR,V_CONFIG,CARGO_BT,HAZ_INV,HAZ_PLAC,HAZ_ID,HAZ_CNO,HAZ_REL,BUS_USE,SPEC_USE,EMER_USE,TRAV_SP,UNDERIDE,ROLLOVER,ROLINLOC,IMPACT1,DEFORMED,TOWED,M_HARM,VEH_SC1,VEH_SC2,FIRE_EXP,DR_PRES,L_STATE,DR_ZIP,L_STATUS,L_TYPE,CDL_STAT,L_ENDORS,L_COMPL,L_RESTRI,DR_HGT,DR_WGT,PREV_ACC,PREV_SUS,PREV_DWI,PREV_SPD,PREV_OTH,FIRST_MO,FIRST_YR,LAST_MO,LAST_YR,SPEEDREL,DR_SF1,DR_SF2,DR_SF3,DR_SF4,VTRAFWAY,VNUM_LAN,VSPD_LIM,VALIGN,VPROFILE,VPAVETYP,VSURCOND,VTRAFCON,VTCONT_F,P_CRASH1,P_CRASH2,P_CRASH3,PCRASH4,PCRASH5,ACC_TYPE,DEATHS,DR_DRINK
26,260584,1,1,1,1,9,21,9,9,0,1,0,26,1,22,20,22020,2,1997,1G2WP12K2VF3,1,G,2,W,P,1,2,K,2,V,F,3,0,P,PONT,GPG,CP,97,17,3396,,0,1105,,G,,F,6,231,,,16R225,,,,,,0,0,000000000,00000000000,0,0,0,1,0,0,0,0,0,0,0,998,0,0,0,12,6,2,9,0,0,0,1,26,49006,6,1,0,0,3,3,68,210,0,0,0,0,0,0,0,0,0,0,0,0,0,0,5,4,40,1,1,2,1,0,0,1,83,99,1,1,13,0,0
26,260585,1,2,1,4,9,16,46,12,1,1,0,26,1,24,9,24009,4,2009,1G8ZV57B09F1,1,G,8,Z,V,5,7,B,0,9,F,1,0,P,STRN,AXR,4D,9,17,3647,,0,1123,,G,,F,4,146,,,17R215,,,,,,0,0,000000000,00000000000,0,0,0,1,0,0,0,0,0,0,0,73,0,0,0,12,6,2,12,0,0,0,1,26,49078,6,1,0,0,3,0,71,250,1,0,0,0,0,5,2012,5,2012,0,99,99,99,99,3,2,70,1,1,2,1,0,0,1,51,4,1,1,24,0,0
26,260585,2,2,1,4,9,16,46,12,1,1,0,26,1,37,706,37706,80,2004,1HFSC55044A0,1,H,F,S,C,5,5,0,4,4,A,0,0,M,HOND,13V,RS,4,17,,,,,,,1312,,2,,4,641,,,,,,,0,0,000000000,00000000000,0,0,0,1,0,0,0,0,0,0,0,65,0,0,0,6,6,2,12,0,0,0,1,26,49418,6,1,0,0,3,3,72,240,0,1,0,0,0,6,2011,6,2011,0,0,0,0,0,3,2,70,1,1,2,1,0,0,1,53,1,1,1,25,1,0
26,260586,1,5,1,6,8,17,17,12,1,1,0,95,9,82,881,82881,66,2002,1FUJAHCG72LK,1,F,U,J,A,H,C,G,7,2,L,K,1,T,FRHT,FLD,TR,2,17,,8,0,0,CON,D,,,6,774,,,,,00000,00,,64,1,57,000534197,57000534197,3,6,1,1,0,0,0,0,0,0,0,998,0,0,0,12,6,2,12,0,0,0,1,95,0,9,9,99,9,9,9,999,999,99,99,99,99,99,99,9999,99,9999,0,26,0,0,0,2,3,70,1,1,1,1,0,0,1,50,6,1,1,20,0,0
26,260586,2,5,2,6,8,17,17,12,1,1,0,26,1,49,40,49040,4,2005,4T1BE30K85U9,4,T,1,B,E,3,0,K,8,5,U,9,0,P,TOYT,XLL,4D,5,17,3108,,0,1071,,G,,F,4,144,,,15R205,,,,,,0,0,000000000,00000000000,0,0,0,1,0,0,0,0,0,0,0,0,0,0,0,6,6,2,12,0,0,0,1,26,48813,6,1,0,0,3,0,64,202,0,0,0,0,0,0,0,0,0,0,0,0,0,0,2,3,70,1,1,1,1,0,0,5,53,1,1,1,21,1,0
26,260586,3,5,1,6,8,17,17,12,1,1,0,26,2,37,31,37031,4,2008,2HGFA16568H3,2,H,G,F,A,1,6,5,6,8,H,3,0,P,HOND,UCL,4D,8,17,2751,,0,1063,,G,,F,4,110,,,16R205,,,,,,0,0,000000000,00000000000,0,0,0,1,0,0,0,0,0,0,0,0,0,0,0,6,6,2,12,0,0,0,1,26,48917,6,1,0,0,3,3,70,195,0,0,0,0,0,0,0,0,0,0,0,0,0,0,2,3,70,1,1,1,1,0,0,5,53,1,1,1,98,0,0
26,260586,4,5,1,6,8,17,17,12,1,1,0,8,1,55,36,55036,4,2012,KMHCT4AE5CU0,K,M,H,C,T,4,A,E,5,C,U,0,0,P,HYUN,AGG,4D,12,17,2396,,0,0,,G,,F,4,098,,,000000,,,,,,0,0,000000000,00000000000,0,0,0,1,0,0,0,0,0,0,0,0,0,0,0,6,6,2,12,0,0,1,1,26,48910,6,1,0,0,3,3,71,155,0,0,0,0,0,0,0,0,0,0,0,0,0,0,2,3,70,1,1,1,1,0,0,5,53,1,1,1,98,0,0
26,260586,5,5,1,6,8,17,17,12,1,1,0,26,1,2,403,2403,14,2012,1C4BJWEG2CL1,1,C,4,B,J,W,E,G,2,C,L,1,0,T,JEEP,WUS,4W,12,17,,1,0,1160,WUL,F,,,6,220,,,,,4269,00,4,44,0,0,000000000,00000000000,0,0,0,1,0,0,0,0,0,0,0,0,0,0,0,6,2,3,12,0,0,0,1,26,48820,6,1,0,0,3,0,60,118,0,0,0,0,0,0,0,0,0,0,0,0,0,0,2,3,70,1,1,1,1,0,0,5,53,1,1,1,98,0,0
26,260587,1,2,1,5,9,15,45,12,6,1,0,26,2,12,37,12037,4,2001,1FAFP343X1W1,1,F,A,F,P,3,4,3,X,1,W,1,0,P,FORD,FSS,4D,1,17,2563,,0,1030,,G,,F,4,121,,,15R195,,,,,,0,0,000000000,00000000000,0,0,0,1,0,0,0,0,0,0,0,998,0,0,0,12,6,2,12,0,0,0,1,26,49006,6,1,0,0,3,3,68,210,0,0,0,0,0,0,0,0,0,0,6,36,0,0,3,4,70,2,1,2,1,0,0,14,11,9,2,2,44,0,0
26,260587,2,2,3,5,9,15,45,12,6,1,0,26,1,23,401,23401,14,1997,1GKDT13WXV25,1,G,K,D,T,1,3,W,X,V,2,5,0,T,GMC,JMY,4W,97,17,,1,0,1070,JMY,G,,,6,262,,,,B,4046,00,M,44,0,0,000000000,00000000000,0,0,0,1,0,0,0,0,0,0,0,998,0,1,1,7,6,2,1,0,0,0,1,26,49006,6,1,0,0,3,3,68,210,0,0,0,0,0,0,0,0,0,0,0,0,0,0,3,4,70,2,1,2,1,0,0,14,61,1,1,1,45,1,0
26,260588,1,1,1,1,9,22,10,8,0,1,1,26,1,20,37,20037,4,2001,1G1ND52J0161,1,G,1,N,D,5,2,J,0,1,6,1,0,P,CHEV,MAL,4D,1,17,3051,,0,1070,,G,,F,6,191,,,15R215,,,,,,0,0,000000000,00000000000,0,0,0,1,0,0,0,0,0,0,0,998,0,0,0,1,2,1,8,0,0,0,1,26,48503,6,1,0,0,3,0,74,205,0,1,0,0,0,6,2010,6,2010,0,36,0,0,0,1,4,35,1,1,2,1,0,0,99,80,99,9,9,13,0,0
26,260589,1,2,2,5,9,16,7,12,6,1,0,26,1,20,16,20016,2,1988,1G1JC1110JJ2,1,G,1,J,C,1,1,1,0,J,J,2,0,P,CHEV,CVL,CP,88,17,2231,,0,1012,,G,,F,4,121,,,13R185,,,,,,0,0,000000000,00000000000,0,0,0,1,0,0,0,0,0,0,0,998,0,0,0,3,6,2,12,0,0,0,1,26,48640,6,1,0,0,3,0,70,255,2,1,0,0,3,3,2010,7,2012,0,39,0,0,0,1,2,98,1,1,2,1,2,3,1,17,99,1,1,87,1,0
26,260589,2,2,1,5,9,16,7,12,6,1,0,26,1,22,403,22403,14,2007,2CKDL63F5761,2,C,K,D,L,6,3,F,5,7,6,1,0,P,PONT,TOR,UT,7,17,3660,,0,1125,,G,,F,6,207,,,16R235,,,,,,0,0,000000000,00000000000,0,0,0,1,0,0,0,0,0,0,0,998,0,0,0,12,6,2,12,0,0,0,1,26,48609,6,1,0,0,3,3,63,200,0,0,0,0,0,0,0,0,0,0,0,0,0,0,5,4,45,1,1,2,1,2,3,1,66,99,1,1,86,0,0
26,260590,1,1,1,7,9,20,27,59,0,1,0,26,2,20,443,20443,20,2004,1GNDX03EX4D1,1,G,N,D,X,0,3,E,X,4,D,1,0,T,CHEV,VTR,ES,4,17,,1,0,1200,VTR,G,,,6,207,,,,,3838,00,,42,0,0,000000000,00000000000,0,0,0,1,0,0,0,0,0,0,0,998,0,1,5,12,6,2,32,0,0,1,1,26,49006,6,1,0,0,3,3,68,210,0,0,0,0,0,0,0,0,0,0,6,36,0,0,1,2,55,1,1,1,2,0,0,1,13,99,1,4,1,1,1
26,260591,1,1,1,9,9,12,33,9,0,1,0,55,2,20,9,20009,2,2001,2G1FP22K1121,2,G,1,F,P,2,2,K,1,1,2,1,0,P,CHEV,CAM,CP,1,17,3306,,0,1011,,G,,F,6,231,,,16R215,,,,,,0,0,000000000,00000000000,0,0,0,1,0,0,0,0,0,0,0,998,0,0,0,12,2,3,9,0,0,0,1,55,53527,6,1,0,0,3,0,69,145,0,0,0,1,1,11,2011,5,2012,0,0,0,0,0,5,4,55,1,2,2,1,0,0,1,83,1,1,1,13,0,0
26,260592,1,2,1,7,9,7,23,12,2,1,0,9,4,55,401,55401,14,2011,5XYZGDAB5BG0,5,X,Y,Z,G,D,A,B,5,B,G,0,0,P,HYUN,SAN,UT,11,17,3875,,0,1063,,G,,F,4,144,,,17R235,,,,,,0,0,000000000,00000000000,0,0,0,1,0,0,0,0,0,0,0,998,0,1,5,12,6,2,12,0,0,0,1,26,48063,6,1,0,0,3,3,68,140,2,1,0,0,0,9,2009,11,2011,0,28,0,0,0,1,2,55,1,1,2,1,0,0,1,10,99,1,2,50,0,0
26,260592,2,2,1,7,9,7,23,12,2,1,0,26,2,22,20,22020,4,1998,1G2WP52K4WF2,1,G,2,W,P,5,2,K,4,W,F,2,0,P,PONT,GPG,4D,98,17,3414,,0,1105,,G,,F,6,231,,,16R225,,,,,,0,0,000000000,00000000000,0,0,0,1,0,0,0,0,0,0,0,998,0,0,0,12,6,2,12,0,0,0,1,26,48027,6,1,0,0,3,0,65,160,0,0,0,0,0,0,0,0,0,0,0,0,0,0,1,2,55,1,1,2,1,0,0,1,62,7,1,1,51,1,0
26,260593,1,2,1,9,9,7,26,12,6,1,0,26,1,41,44,41044,2,1995,1YVGE31D7S53,1,Y,V,G,E,3,1,D,7,S,5,3,0,P,MAZD,UML,CP,95,17,2800,,0,1028,,G,,F,6,152,,,15R205,,,,,,0,0,000000000,00000000000,0,0,0,1,0,0,0,0,0,0,0,998,0,0,0,12,6,2,12,0,0,0,1,45,29369,6,1,0,0,3,0,73,160,0,0,0,0,0,0,0,0,0,0,39,0,0,0,1,2,55,1,1,2,1,20,3,1,17,99,1,1,88,0,0
26,260593,2,2,5,9,9,7,26,12,6,1,0,26,1,20,481,20481,31,1990,2GCHC39N5L11,2,G,C,H,C,3,9,N,5,L,1,1,1,T,CHEV,GC3,PC,90,17,,2,0,1555,GM4,G,,,8,454,,,,D,4112,10,,42,1,0,000000000,00000000000,0,0,0,1,0,0,0,0,0,0,0,998,0,1,5,9,6,2,12,0,0,0,1,26,48813,6,1,6,0,3,0,67,170,0,0,0,0,0,0,0,0,0,0,0,0,0,0,1,2,55,1,1,2,1,0,0,1,66,99,1,1,89,1,0
26,260594,1,1,1,9,9,8,29,42,0,1,0,26,5,20,481,20481,31,1989,1GCDK14K1KZ1,1,G,C,D,K,1,4,K,1,K,Z,1,0,T,CHEV,GK1,PK,89,17,,1,1315,1175,GM4,G,,,8,350,,,,B,4553,06,,44,0,0,000000000,00000000000,0,0,0,1,0,0,0,0,0,0,0,998,0,1,5,11,6,2,42,0,0,1,1,26,49006,0,0,0,0,0,0,999,999,0,1,0,0,0,7,2011,7,2011,0,0,0,0,0,1,2,50,8,8,8,1,0,0,1,12,99,1,4,6,1,0
26,260595,1,2,1,8,9,17,9,12,6,1,0,26,1,12,481,12481,31,2002,1FTNX21F82EC,1,F,T,N,X,2,1,F,8,2,E,C,0,T,FORD,F2S,4C,2,17,,2,1580,1418,SRW,D,,,8,444,,,,C,5949,05,U,44,0,0,000000000,00000000000,0,0,0,1,0,0,0,0,0,0,0,998,0,1,5,1,6,2,1,0,0,0,1,26,48456,6,1,0,0,3,3,71,220,0,0,0,0,0,0,0,0,0,0,39,0,0,0,1,2,55,1,1,2,1,20,3,1,17,1,1,1,87,1,0
26,260595,2,2,1,8,9,17,9,12,6,1,0,26,1,63,402,63402,14,2013,5XYKTDA69DG3,5,X,Y,K,T,D,A,6,9,D,G,3,0,P,KIA,SOR,UT,13,17,3878,,0,1063,,G,,F,4,144,,,17R235,,,,,,0,0,000000000,00000000000,0,0,0,1,0,0,0,0,0,0,0,998,0,0,0,12,6,2,12,0,0,0,1,26,48427,6,1,0,0,3,3,66,142,0,0,0,0,0,0,0,0,0,0,0,0,0,0,1,2,55,1,1,2,1,0,0,1,66,99,1,1,86,0,0
26,260596,1,2,1,6,9,21,43,12,2,1,0,39,1,14,21,14021,4,2007,3MEHM07107R6,3,M,E,H,M,0,7,1,0,7,R,6,0,P,MERC,MLN,4D,7,17,3303,,0,1074,,G,,F,6,183,,,16R205,,,,,,0,0,000000000,00000000000,0,0,0,1,0,0,0,0,0,0,0,998,0,0,0,12,6,2,12,0,0,0,1,39,45040,6,1,0,0,3,0,66,158,0,0,0,0,0,0,0,0,0,0,28,0,0,0,1,2,55,1,1,2,1,0,0,1,10,99,1,2,50,1,0
26,260596,2,2,1,6,9,21,43,12,2,1,0,26,1,22,22,22022,4,2006,1G2ZF55B6641,1,G,2,Z,F,5,5,B,6,6,4,1,0,P,PONT,G6E,4D,6,17,3419,,0,1123,,G,,F,4,146,,,16R215,,,,,,0,0,000000000,00000000000,0,0,0,1,0,0,0,0,0,0,0,998,0,0,0,12,6,2,12,0,0,0,1,26,48616,6,1,0,0,3,0,67,165,0,0,0,0,0,0,0,0,0,0,99,99,99,99,1,2,55,1,1,2,1,0,0,1,62,9,1,1,51,0,0
26,260597,1,2,4,11,9,15,50,12,6,1,0,26,2,21,22,21022,4,1997,1G3GR62C7V41,1,G,3,G,R,6,2,C,7,V,4,1,0,P,OLDS,AUR,4D,97,17,3967,,0,1138,,G,,F,8,244,,,16R235,,,,,,0,0,000000000,00000000000,0,0,0,1,0,0,0,0,0,0,0,998,0,0,0,3,6,2,12,0,0,0,1,26,49120,6,1,0,0,3,0,64,185,0,0,0,0,0,0,0,0,0,0,39,0,0,0,1,2,55,1,2,2,1,20,3,1,17,2,1,1,87,2,0
26,260597,2,2,1,11,9,15,50,12,6,1,0,26,1,7,482,7482,31,2003,3D7KU28D13G7,3,D,7,K,U,2,8,D,1,3,G,7,0,T,DODG,SQ2,CW,3,17,,2,1605,1405,RPC,G,,,8,345,,,,C,5837,07,E,44,0,0,000000000,00000000000,0,0,0,1,0,0,0,0,0,0,0,998,0,0,0,12,2,3,12,0,0,0,1,26,49065,6,1,0,0,3,0,70,215,1,0,0,0,0,10,2009,10,2009,0,0,0,0,0,1,2,55,1,2,2,1,0,0,1,66,99,1,1,86,0,0
26,260598,1,4,1,9,9,16,55,12,2,1,0,26,1,12,498,12498,31,1981,999999999999,9,9,9,9,9,9,9,9,9,9,9,9,0,,,,,,,,,,,,,,,,,,,,,,,,,0,0,000000000,00000000000,0,0,0,1,0,0,0,0,0,0,0,998,0,0,0,12,6,2,12,0,0,0,1,26,48850,6,1,0,0,3,0,73,230,0,1,0,2,0,11,2009,3,2012,0,28,0,0,0,1,2,55,1,1,2,1,0,0,1,9,99,1,2,50,1,0
26,260598,2,4,5,9,9,16,55,12,2,1,0,26,1,12,25,12025,6,2009,2FMDK53C19BA,2,F,M,D,K,5,3,C,1,9,B,A,0,P,FORD,FLE,UT,9,17,4468,,0,1179,,G,,F,6,214,,,19R235,,,,,,0,0,000000000,00000000000,0,0,0,1,0,0,0,0,0,0,0,998,0,1,1,12,6,2,12,0,0,0,1,26,48883,6,1,0,0,3,0,71,178,0,0,0,1,0,6,2011,6,2011,0,0,0,0,0,1,2,55,1,1,2,1,0,0,1,62,99,1,1,51,1,1
26,260598,3,4,4,9,9,16,55,12,2,1,0,26,1,12,442,12442,20,2001,2FMDA53451BC,2,F,M,D,A,5,3,4,5,1,B,C,0,T,FORD,WSL,ES,1,17,,1,0,1207,WIN,G,,,6,232,,,,B,4281,00,E,42,0,0,000000000,00000000000,0,0,0,1,0,0,0,0,0,0,0,998,0,0,0,7,2,3,12,0,0,0,1,26,48850,6,1,0,0,3,0,61,201,0,1,0,1,0,1,2010,6,2010,0,0,0,0,0,1,2,55,1,1,2,1,0,0,1,98,7,1,4,98,0,0
26,260598,4,4,2,9,9,16,55,12,2,1,0,26,1,37,441,37441,20,2008,5FNRL38648B0,5,F,N,R,L,3,8,6,4,8,B,0,0,P,HOND,UDY,SV,8,17,4550,,0,1181,,G,,F,6,214,,,16R235,,,,,,0,0,000000000,00000000000,0,0,0,1,0,0,0,0,0,0,0,998,0,0,0,12,2,1,12,0,0,0,1,26,48801,6,1,0,0,3,0,66,168,0,0,0,0,0,0,0,0,0,0,0,0,0,0,1,2,55,1,1,2,1,0,0,1,98,99,1,1,98,0,0
26,260599,1,2,2,9,9,5,30,12,6,1,0,47,1,20,16,20016,2,1999,4G1JF32T1XB9,4,G,1,J,F,3,2,T,1,X,B,9,0,P,CHEV,CZ2,CV,99,17,2826,,0,1041,,G,,F,4,146,,,15R195,,,,,,0,0,000000000,00000000000,0,0,0,1,0,0,0,0,0,0,0,998,0,0,0,11,6,2,12,0,0,0,1,26,48146,6,1,0,0,3,0,70,165,0,15,0,1,3,10,2009,4,2012,0,39,0,0,0,1,2,35,1,2,2,1,20,3,1,17,99,1,1,89,1,1
26,260599,2,2,1,9,9,5,30,12,6,1,0,26,1,2,404,2404,14,2000,1J4FF48S6YL1,1,J,4,F,F,4,8,S,6,Y,L,1,0,T,JEEP,SPT,4W,0,17,,1,0,1014,CHK,G,,,6,244,,,,,3247,00,E,44,0,0,000000000,00000000000,0,0,0,1,0,0,0,0,0,0,0,998,0,0,0,12,6,2,12,0,0,0,1,26,48363,6,1,0,0,3,3,74,250,0,0,0,0,0,0,0,0,0,0,0,0,0,0,1,2,98,1,2,2,1,0,0,1,66,6,1,2,88,0,0
26,260600,1,1,1,11,9,10,24,9,0,1,0,26,1,49,49,49049,6,2004,JTLKT3246401,J,T,L,K,T,3,2,4,6,4,0,1,0,P,TOYT,SXB,UT,4,17,2380,,0,984,,G,,F,4,092,,,15R185,,,,,,0,0,000000000,00000000000,0,0,0,1,0,0,0,0,0,0,0,998,0,0,0,12,4,3,9,0,0,0,1,26,49056,6,1,6,0,3,3,70,200,0,0,0,0,0,0,0,0,0,0,38,0,0,0,1,2,55,3,1,2,1,0,0,1,83,99,1,1,13,0,0
26,260601,1,1,1,12,9,15,15,1,0,1,0,26,1,37,706,37706,80,2003,1HFSC43093A3,1,H,F,S,C,4,3,0,9,3,A,3,0,M,HOND,VT2,RS,3,17,,,,,,,1099,,2,,4,573,,,,,,,0,0,000000000,00000000000,0,0,0,1,0,0,0,0,0,0,0,998,0,0,0,0,6,2,1,0,0,0,1,26,49101,6,1,0,0,3,3,70,248,0,0,0,0,0,0,0,0,0,1,0,0,0,0,5,4,45,1,1,1,1,0,0,1,98,4,1,1,98,1,0
26,260602,1,2,5,3,9,4,26,12,6,1,0,26,2,14,17,14017,6,1999,1MEFM58S2XG6,1,M,E,F,M,5,8,S,2,X,G,6,0,P,MERC,SGL,SW,99,17,3462,,0,1085,,G,,F,6,182,,,15R205,,,,,,0,0,000000000,00000000000,0,0,0,1,0,0,0,0,0,0,0,998,0,0,0,12,6,2,12,0,0,0,1,26,49348,6,1,0,0,3,0,67,130,2,2,0,2,1,1,2010,1,2012,0,39,0,0,0,5,4,98,1,1,2,1,2,3,1,17,99,1,1,88,1,0
26,260602,2,2,1,3,9,4,26,12,6,1,0,26,3,84,883,84883,62,1997,1HTSLABM7VH4,1,H,T,S,L,A,B,M,7,V,H,4,1,T,INTL,470,CC,97,17,,6,2540,1400,40S,D,,,8,444,,,,,00000,00,,42,1,57,000647378,57000647378,2,4,1,1,0,0,0,0,0,0,0,998,0,0,0,11,4,1,12,0,0,0,1,26,49507,6,1,0,0,2,3,71,225,0,0,0,0,0,0,0,0,0,0,0,0,0,0,5,4,45,1,1,2,1,2,3,1,66,99,1,1,89,0,0
26,260603,1,1,1,15,9,15,40,59,0,1,0,26,1,12,481,12481,31,1996,1FTEF15Y4TLA,1,F,T,E,F,1,5,Y,4,T,L,A,0,T,FORD,F15,PK,96,17,,2,1330,1170,COF,G,,,6,300,,,,B,4065,00,M,42,0,0,000000000,00000000000,0,0,0,1,0,0,0,0,0,0,0,998,0,1,5,1,6,2,1,0,0,0,1,26,48371,6,1,0,0,3,3,71,215,0,0,0,0,0,0,0,0,0,0,99,99,99,99,3,3,70,1,2,1,1,0,0,1,13,1,1,4,1,1,0
26,260604,1,2,1,14,9,11,20,12,2,1,0,26,1,72,706,72706,80,2012,1HD1FCM17CB6,1,H,D,1,F,C,M,1,7,C,B,6,0,M,HD,FTU,RS,12,17,,,,,,,1690,,2,,4,852,,,,,,,0,0,000000000,00000000000,0,0,0,1,0,0,0,0,0,0,0,998,0,0,0,12,6,2,12,0,0,0,1,26,49347,6,1,6,0,2,0,70,214,0,0,0,0,0,0,0,0,0,0,99,99,99,99,1,2,45,1,2,2,1,0,0,1,63,4,1,1,69,1,0
26,260604,2,2,1,14,9,11,20,12,2,1,0,26,1,12,401,12401,14,2004,1FMZU73W34ZB,1,F,M,Z,U,7,3,W,3,4,Z,B,0,P,FORD,EPR,UT,4,17,4094,,0,1137,,G,,F,8,281,,,16R235,,,,,,0,0,000000000,00000000000,0,0,0,1,0,0,0,0,0,0,0,998,0,0,0,12,2,3,12,0,0,0,1,26,49341,6,1,0,0,3,3,72,180,0,0,0,0,0,0,0,0,0,0,38,0,0,0,1,2,45,1,2,2,1,0,0,11,15,7,1,1,68,0,0
26,260605,1,1,1,12,9,22,5,1,0,1,0,26,1,37,706,37706,80,2006,1HFSC55096A2,1,H,F,S,C,5,5,0,9,6,A,2,0,M,HOND,13V,RS,6,17,,,,,,,1312,,2,,4,641,,,,,,,0,0,000000000,00000000000,0,0,0,1,0,0,0,0,0,0,0,998,0,0,0,0,6,2,1,0,0,0,1,26,48386,6,1,0,0,3,0,69,300,0,0,0,1,0,11,2009,11,2009,0,99,99,99,99,3,2,70,1,1,1,1,0,0,1,9,99,1,1,98,1,1
26,260606,1,2,1,13,9,17,28,12,6,1,0,26,1,12,401,12401,14,2003,1FMZU62K93ZB,1,F,M,Z,U,6,2,K,9,3,Z,B,0,P,FORD,EPR,UT,3,17,4094,,0,1137,,F,,F,6,245,,,16R235,,,,,,0,0,000000000,00000000000,0,0,0,1,0,0,0,0,0,0,0,998,0,0,0,5,2,8,12,0,0,0,1,26,48047,6,1,0,0,3,0,64,150,0,0,0,0,0,0,0,0,0,0,38,0,0,0,1,2,45,1,1,2,1,0,0,11,15,99,1,1,68,0,0
26,260606,2,2,1,13,9,17,28,12,6,1,0,26,1,76,709,76709,80,2007,JYARJ12E17A0,J,Y,A,R,J,1,2,E,1,7,A,0,0,M,YAMA,R6L,RC,7,17,,,,,,,599,,4,,4,357,,,,,,,0,0,000000000,00000000000,0,0,0,1,0,0,0,0,0,0,0,998,0,0,0,12,6,2,12,0,0,0,1,26,48051,6,1,0,0,3,0,64,135,0,0,0,0,0,0,0,0,0,0,0,0,0,0,1,2,45,1,1,2,1,0,0,1,62,99,1,1,69,1,0
26,260607,1,1,1,14,9,2,14,42,0,1,0,26,2,2,403,2403,14,2001,1J4FA49S01P3,1,J,4,F,A,4,9,S,0,1,P,3,0,T,JEEP,SPW,2W,1,17,,1,0,934,W/T,G,,,6,244,,,,,3207,00,E,44,0,0,000000000,00000000000,0,0,0,1,0,0,0,0,0,0,0,998,0,0,0,12,6,2,2,0,0,1,1,26,49643,6,1,0,0,3,0,73,210,0,0,0,0,0,0,0,0,0,0,99,99,99,99,1,2,55,1,1,2,1,0,0,1,12,99,1,4,6,1,1
26,260608,1,2,3,15,9,2,8,12,6,1,0,26,2,14,401,14401,14,1999,4M2ZU55P5XUJ,4,M,2,Z,U,5,5,P,5,X,U,J,0,P,MERC,MOU,UT,99,17,4348,,0,1120,,G,,F,8,302,,,15R235,,,,,,0,0,000000000,00000000000,0,0,0,1,0,0,0,0,0,0,0,998,0,0,0,12,6,2,12,0,0,0,1,26,49229,6,1,0,0,3,0,65,180,1,0,0,0,1,11,2011,11,2011,0,39,0,0,0,1,2,55,1,1,2,1,1,3,1,17,99,1,1,86,2,0
26,260608,2,2,2,15,9,2,8,12,6,1,0,18,9,85,881,85881,66,2003,1XKWDB9X43J8,1,X,K,W,D,B,9,X,4,3,J,8,2,T,KW,W90,TR,3,17,,8,2850,1600,CON,D,,,6,893,,,,,00000,00,,64,1,57,001232065,57001232065,3,7,1,1,0,0,0,0,0,0,0,998,0,1,1,2,6,2,1,0,0,0,1,18,46721,6,1,6,3,3,3,71,180,0,0,0,1,0,6,2012,6,2012,0,0,0,0,0,1,2,55,1,1,2,1,1,3,1,66,99,1,1,87,0,0
26,260609,1,3,1,22,9,12,20,12,6,1,0,26,1,20,20,20020,4,2000,2G1WL52J2Y11,2,G,1,W,L,5,2,J,2,Y,1,1,0,P,CHEV,LUM,4D,0,17,3330,,0,1075,,G,,F,6,191,,,15R205,,,,,,0,0,000000000,00000000000,0,0,0,1,0,0,0,0,0,0,0,998,0,0,0,9,6,2,12,0,0,0,1,26,49423,6,1,0,0,3,3,69,195,1,0,0,0,0,6,2011,6,2011,0,39,0,0,0,5,4,40,1,2,2,1,2,3,1,17,99,1,1,89,0,0
26,260609,2,3,1,22,9,12,20,12,6,1,0,26,1,20,37,20037,4,2003,1G1ND52J93M5,1,G,1,N,D,5,2,J,9,3,M,5,0,P,CHEV,MAL,4D,3,17,3106,,0,1070,,G,,F,6,191,,,15R215,,,,,,0,0,000000000,00000000000,0,0,0,1,0,0,0,0,0,0,0,998,0,0,0,12,6,2,12,0,0,0,1,26,49423,6,1,0,0,3,0,72,185,0,0,0,0,0,0,0,0,0,0,0,0,0,0,1,4,98,1,2,2,1,2,3,1,66,99,1,1,88,1,0
26,260609,3,3,1,22,9,12,20,12,6,1,0,26,1,35,443,35443,20,2001,4N2ZN16T31D8,4,N,2,Z,N,1,6,T,3,1,D,8,0,P,NISS,QST,SV,1,17,3877,,0,1122,,G,,F,6,201,,,16R225,,,,,,0,0,000000000,00000000000,0,0,0,1,0,0,0,0,0,0,0,998,0,0,0,12,6,2,12,0,0,0,1,26,49464,6,1,0,0,3,3,75,230,0,0,0,0,0,0,0,0,0,0,0,0,0,0,1,4,98,1,2,2,1,2,3,1,66,99,1,1,98,0,0