STATE,ST_CASE,VEH_NO,VE_FORMS,NUMOCCS,DAY,MONTH,HOUR,MINUTE,HARM_EV,MAN_COLL,UNITTYPE,HIT_RUN,REG_STAT,OWNER,MAKE,MODEL,MAK_MOD,BODY_TYP,MOD_YEAR,VIN,VIN_1,VIN_2,VIN_3,VIN_4,VIN_5,VIN_6,VIN_7,VIN_8,VIN_9,VIN_10,VIN_11,VIN_12,TOW_VEH,VINTYPE,VINMAKE,VINA_MOD,VIN_BT,VINMODYR,VIN_LNGT,VIN_WGT,WGTCD_TR,WHLBS_LG,WHLBS_SH,SER_TR,FUELCODE,MCYCL_DS,CARBUR,CYLINDER,DISPLACE,MCYCL_CY,MCYCL_WT,TIRE_SZE,TON_RAT,TRK_WT,TRKWTVAR,VIN_REST,WHLDRWHL,J_KNIFE,MCARR_I1,MCARR_I2,MCARR_ID,GVWR,V_CONFIG,CARGO_BT,HAZ_INV,HAZ_PLAC,HAZ_ID,HAZ_CNO,HAZ_REL,BUS_USE,SPEC_USE,EMER_USE,TRAV_SP,UNDERIDE,ROLLOVER,ROLINLOC,IMPACT1,DEFORMED,TOWED,M_HARM,VEH_SC1,VEH_SC2,FIRE_EXP,DR_PRES,L_STATE,DR_ZIP,L_STATUS,L_TYPE,CDL_STAT,L_ENDORS,L_COMPL,L_RESTRI,DR_HGT,DR_WGT,PREV_ACC,PREV_SUS,PREV_DWI,PREV_SPD,PREV_OTH,FIRST_MO,FIRST_YR,LAST_MO,LAST_YR,SPEEDREL,DR_SF1,DR_SF2,DR_SF3,DR_SF4,VTRAFWAY,VNUM_LAN,VSPD_LIM,VALIGN,VPROFILE,VPAVETYP,VSURCOND,VTRAFCON,VTCONT_F,P_CRASH1,P_CRASH2,P_CRASH3,PCRASH4,PCRASH5,ACC_TYPE,DEATHS,DR_DRINK
26,260610,1,2,1,16,9,12,55,12,1,1,0,26,1,72,706,72706,80,1997,1HD1FCR15VY6,1,H,D,1,F,C,R,1,5,V,Y,6,0,M,HD,FLU,RS,97,17,,,,,,,1340,,2,,4,765,,,,,,,0,0,000000000,00000000000,0,0,0,1,0,0,0,0,0,0,0,998,0,0,0,12,6,2,12,0,0,0,1,26,48219,6,1,0,0,3,0,73,365,0,0,0,0,0,0,0,0,0,1,0,0,0,0,3,4,70,1,1,2,1,0,0,15,10,4,1,2,28,1,0
26,260610,2,2,1,16,9,12,55,12,1,1,0,26,1,22,20,22020,4,2004,2G2WP5421412,2,G,2,W,P,5,4,2,1,4,1,2,0,P,PONT,GPG,4D,4,17,3477,,0,1105,,G,,F,6,231,,,16R225,,,,,,0,0,000000000,00000000000,0,0,0,1,0,0,0,0,0,0,0,998,0,0,0,6,4,1,12,0,0,0,1,26,48857,6,1,0,0,3,0,67,140,0,3,0,0,1,4,2010,11,2011,0,0,0,0,0,3,4,70,1,1,2,1,0,0,2,60,3,1,1,29,0,1
26,260611,1,1,1,17,9,0,39,42,0,1,0,26,1,59,32,59032,4,1994,JT8UF11E1R02,J,T,8,U,F,1,1,E,1,R,0,2,0,P,LEXS,LS4,4D,94,17,3859,,0,1108,,G,,F,8,242,,,16R225,,,,,,0,0,000000000,00000000000,0,0,0,1,0,0,0,0,0,0,0,998,0,0,0,9,6,2,42,0,0,0,1,26,48033,6,1,0,0,3,3,70,190,0,0,0,0,0,0,0,0,0,0,99,99,99,99,5,4,55,1,1,2,1,0,0,1,9,99,9,4,2,1,0
26,260612,1,2,2,18,9,15,14,12,2,1,0,26,1,20,481,20481,31,2009,1GCEK19C89Z2,1,G,C,E,K,1,9,C,8,9,Z,2,0,T,CHEV,SK1,4C,9,17,,2,1575,1339,SIL,G,,,8,293,,,,B,5263,02,,44,0,0,000000000,00000000000,0,0,0,1,0,0,0,0,0,0,0,998,0,0,0,12,6,2,12,0,0,0,1,26,48831,6,1,0,0,3,0,71,300,0,0,0,0,0,0,0,0,0,0,26,0,0,0,1,2,70,1,1,1,2,0,0,1,10,99,1,2,50,2,0
26,260612,2,2,1,18,9,15,14,12,2,1,0,26,1,21,441,21441,20,2002,1GHDX13EX2D1,1,G,H,D,X,1,3,E,X,2,D,1,0,T,OLDS,LUX,ES,2,17,,1,0,1200,SIL,G,,,6,207,,,,B,3948,00,K,42,0,0,000000000,00000000000,0,0,0,1,0,0,0,0,0,0,0,998,0,0,0,12,6,2,12,0,0,0,1,26,48917,6,1,0,0,3,0,70,175,0,0,0,0,0,0,0,0,0,0,0,0,0,0,1,2,70,1,1,1,2,0,0,1,62,7,1,1,51,1,0
26,260613,1,4,1,30,9,13,30,12,1,1,0,26,1,42,48,42048,4,1999,WDBJF65HXXA8,W,D,B,J,F,6,5,H,X,X,A,8,0,P,MERZ,E32,4D,99,17,3340,,0,1115,,G,,F,6,195,,,16R215,,,,,,0,0,000000000,00000000000,0,0,0,1,0,0,0,0,0,0,0,998,0,0,0,12,6,2,12,0,0,0,1,26,48166,2,1,0,0,2,0,68,190,1,2,1,0,0,7,2010,10,2010,0,6,26,36,0,3,3,70,1,1,1,1,0,0,1,50,1,1,1,20,0,0
26,260613,2,4,3,30,9,13,30,12,1,1,0,39,1,13,12,13012,4,2003,1LNHM87A03Y6,1,L,N,H,M,8,7,A,0,3,Y,6,0,P,LINC,LLS,4D,3,17,4156,,0,1145,,G,,F,8,240,,,16R225,,,,,,0,0,000000000,00000000000,0,0,0,1,0,0,0,0,0,0,0,0,0,0,0,6,6,2,12,0,0,0,1,39,45140,6,1,0,0,3,0,72,225,0,0,0,0,1,7,2010,7,2010,0,0,0,0,0,3,3,70,1,1,1,1,0,0,5,53,1,1,1,21,1,0
26,260613,3,4,2,30,9,13,30,12,1,1,0,26,1,20,37,20037,4,2010,1G1ZB5EB3AF2,1,G,1,Z,B,5,E,B,3,A,F,2,0,P,CHEV,M/L,4D,10,17,3415,,0,1123,,G,,F,4,146,,,17R215,,,,,,0,0,000000000,00000000000,0,0,0,1,0,0,0,0,0,0,0,0,0,0,0,6,6,2,12,0,0,0,1,26,48127,6,1,0,0,3,0,64,210,0,0,0,0,0,0,0,0,0,0,0,0,0,0,3,3,70,1,1,1,1,0,0,5,98,1,1,1,98,0,0
26,260613,4,4,1,30,9,13,30,12,1,1,0,26,1,7,482,7482,31,2003,1D7HU18D53J6,1,D,7,H,U,1,8,D,5,3,J,6,0,T,DODG,SQ1,CW,3,17,,2,1605,1405,RPC,G,,,8,345,,,,B,5005,02,E,44,0,0,000000000,00000000000,0,0,0,1,0,0,0,0,0,0,0,998,0,0,0,11,4,3,12,0,0,0,1,26,48173,6,1,0,0,3,0,72,195,0,0,0,0,0,0,0,0,0,0,0,0,0,0,3,3,70,1,1,1,1,0,0,17,60,9,1,4,98,0,0
26,260614,1,1,2,18,9,7,11,42,0,1,0,26,2,23,481,23481,31,2003,2GTEK19T7313,2,G,T,E,K,1,9,T,7,3,1,3,0,T,GMC,NK1,4C,3,17,,2,1575,1435,SIE,G,,,8,325,,,,B,4910,02,4,44,0,0,000000000,00000000000,0,0,0,1,0,0,0,0,0,0,0,998,0,1,5,4,6,8,1,0,0,0,1,26,48060,6,1,0,0,3,0,68,175,0,0,0,0,0,0,0,0,0,0,99,99,99,99,1,2,55,1,2,4,2,0,0,1,9,99,4,4,7,1,1
26,260615,1,2,2,16,9,13,39,12,6,1,0,18,3,12,17,12017,4,2012,1FAHP2HW9CG1,1,F,A,H,P,2,H,W,9,C,G,1,0,P,FORD,TSA,4D,12,17,4224,,0,1129,,G,,F,6,214,,,18R235,,,,,,0,0,000000000,00000000000,0,0,0,1,0,0,0,0,0,0,0,998,0,0,0,7,2,3,12,0,0,0,1,18,46033,6,1,0,0,3,0,66,126,0,0,0,2,1,10,2010,7,2012,0,38,0,0,0,1,2,98,1,1,2,1,20,3,10,16,99,1,1,78,0,0
26,260615,2,2,1,16,9,13,39,12,6,1,0,26,1,76,704,76704,88,2007,JYASH03Y67A0,J,Y,A,S,H,0,3,Y,6,7,A,0,0,M,YAMA,YP4,MS,7,17,,,,,,,395,,1,,4,432,,,,,,,0,0,000000000,00000000000,0,0,0,1,0,0,0,0,0,0,0,998,0,0,0,12,6,2,12,0,0,0,1,26,48808,6,1,0,0,3,3,71,225,0,0,0,0,0,0,0,0,0,0,0,0,0,0,2,3,35,1,1,2,1,0,0,1,65,99,1,1,79,1,0
26,260616,1,1,1,15,9,22,33,34,0,1,0,12,2,20,481,20481,31,2005,1GCHK23G85F9,1,G,C,H,K,2,3,G,8,5,F,9,0,T,CHEV,2KH,CW,5,17,,2,1670,1530,SIL,G,,,8,494,,,,C,6056,03,,44,0,0,000000000,00000000000,0,0,0,1,0,0,0,0,0,0,0,998,0,1,5,12,6,2,1,0,0,0,1,26,48423,6,1,0,0,3,0,69,150,0,0,0,0,0,0,0,0,0,0,34,0,0,0,1,2,35,1,1,2,1,0,0,6,13,7,1,4,1,1,1
26,260617,1,1,1,3,9,12,40,1,0,1,0,26,1,12,3,12003,2,1998,1FAFP4047WF1,1,F,A,F,P,4,0,4,7,W,F,1,0,P,FORD,MUS,CP,98,17,3065,,0,1013,,G,,F,6,232,,,15R205,,,,,,0,0,000000000,00000000000,0,0,0,1,0,0,0,0,0,0,0,998,0,2,3,0,6,2,1,0,0,0,1,26,48219,6,1,0,0,3,0,73,365,0,0,0,0,0,0,0,0,0,0,6,0,0,0,2,2,70,1,2,1,1,0,0,1,8,7,4,4,7,1,0
26,260618,1,1,99,15,9,23,45,8,0,1,1,99,9,99,999,99999,99,9999,999999999999,9,9,9,9,9,9,9,9,9,9,9,9,0,,,,,,,,,,,,,,,,,,,,,,,,,0,0,000000000,00000000000,0,0,0,1,0,0,0,0,99,99,9,998,0,0,0,12,2,1,8,99,99,0,1,99,99999,9,9,99,9,9,9,999,999,99,99,99,99,99,99,9999,99,9999,0,99,99,99,99,1,4,35,1,1,2,1,0,0,1,80,99,9,9,13,0,0
26,260619,1,2,2,18,9,18,43,12,6,1,0,26,2,20,481,20481,31,1986,1GCGK24M8GF3,1,G,C,G,K,2,4,M,8,G,F,3,0,T,CHEV,K20,PK,86,17,,2,0,1315,K20,G,,,8,350,,,,B,4129,06,,44,0,0,000000000,00000000000,0,0,0,1,0,0,0,0,0,0,0,998,0,0,0,1,6,2,12,0,0,0,1,26,49331,6,2,0,0,3,0,73,160,0,0,0,0,0,0,0,0,0,0,38,0,0,0,1,2,45,1,1,2,1,0,0,11,15,99,1,1,68,0,0
26,260619,2,2,1,18,9,18,43,12,6,1,0,26,2,73,706,73706,80,2000,JKBVNCA18YB5,J,K,B,V,N,C,A,1,8,Y,B,5,0,M,KAWK,VN8,RS,0,17,,,,,,,800,,2,,4,496,,,,,,,0,0,000000000,00000000000,0,0,0,1,0,0,0,0,0,0,0,998,0,0,0,12,6,2,12,0,0,0,1,26,49331,6,1,0,0,2,0,71,195,0,0,0,0,0,0,0,0,0,0,0,0,0,0,1,2,45,1,1,2,1,0,0,1,62,99,1,1,69,1,0
26,260620,1,2,1,16,9,10,5,12,6,1,0,26,2,12,37,12037,4,2003,1FAHP38343W2,1,F,A,H,P,3,8,3,4,3,W,2,0,P,FORD,FZT,4D,3,17,2564,,0,1030,,G,,F,4,121,,,16R205,,,,,,0,0,000000000,00000000000,0,0,0,1,0,0,0,0,0,0,0,998,0,0,0,12,6,2,12,0,0,0,1,26,48203,6,1,0,0,3,0,63,174,0,0,0,1,0,5,2012,5,2012,0,39,0,0,0,1,4,25,1,1,2,1,2,3,1,17,99,1,1,88,0,0
26,260620,2,2,1,16,9,10,5,12,6,1,0,26,1,12,17,12017,4,1997,1FALP52U6VG2,1,F,A,L,P,5,2,U,6,V,G,2,0,P,FORD,TAG,4D,97,17,3329,,0,1085,,G,,F,6,182,,,15R205,,,,,,0,0,000000000,00000000000,0,0,0,1,0,0,0,0,0,0,0,998,0,0,0,9,6,2,12,0,0,0,1,26,48221,6,1,0,0,3,0,67,169,0,0,0,0,0,0,0,0,0,0,0,0,0,0,1,4,25,1,1,2,1,2,3,1,66,99,1,1,89,1,0
26,260621,1,2,1,22,9,14,32,12,2,1,0,26,1,12,13,12013,4,1999,1FAFP13P5XW2,1,F,A,F,P,1,3,P,5,X,W,2,0,P,FORD,ESE,4D,99,17,2468,,0,984,,G,,F,4,122,,,14R185,,,,,,0,0,000000000,00000000000,0,0,0,1,0,0,0,0,0,0,0,998,0,0,0,12,6,2,12,0,0,0,1,26,48190,6,1,0,0,3,0,73,150,0,0,0,0,0,0,0,0,0,1,28,36,0,0,1,2,45,3,1,2,1,0,0,14,10,99,1,2,50,1,0
26,260621,2,2,2,22,9,14,32,12,2,1,0,26,1,12,401,12401,14,2008,1FMEU64E38UA,1,F,M,E,U,6,4,E,3,8,U,A,0,P,FORD,EPR,UT,8,17,4436,,0,1137,,G,,F,6,244,,,17R245,,,,,,0,0,000000000,00000000000,0,0,0,1,0,0,0,0,0,0,0,998,0,0,0,12,6,2,12,0,0,0,1,26,48197,6,1,0,0,3,3,60,200,0,0,0,1,0,5,2010,5,2010,0,0,0,0,0,1,2,45,2,1,2,1,0,0,14,62,99,1,1,51,0,0
26,260622,1,1,1,19,9,0,10,1,0,1,0,26,1,22,20,22020,4,1997,1G2WJ52MXVF3,1,G,2,W,J,5,2,M,X,V,F,3,0,P,PONT,GFS,4D,97,17,3355,,0,1105,,G,,F,6,191,,,15R205,,,,,,0,0,000000000,00000000000,0,0,0,1,0,0,0,0,0,0,0,998,0,2,5,0,6,2,1,0,0,0,1,26,49259,6,1,0,0,3,0,63,140,1,1,0,0,1,7,2010,11,2010,0,26,0,0,0,1,2,55,2,1,1,1,0,0,14,12,99,1,4,6,1,1
26,260623,1,1,1,24,9,2,53,52,0,1,0,26,1,18,3,18003,4,1997,1G4CW52KXV46,1,G,4,C,W,5,2,K,X,V,4,6,0,P,BUIC,PKA,4D,97,17,3788,,0,1138,,G,,F,6,231,,,16R225,,,,,,0,0,000000000,00000000000,0,0,0,1,0,0,0,0,0,0,0,998,0,1,5,3,6,2,52,0,0,0,1,26,48320,6,1,0,0,3,0,68,175,0,3,0,0,0,10,2009,2,2011,0,99,99,99,99,3,3,70,3,1,1,1,0,0,1,13,99,1,4,1,1,1
26,260624,1,1,1,21,9,20,40,8,0,1,0,26,1,12,442,12442,20,2001,2FMZA51421BA,2,F,M,Z,A,5,1,4,2,1,B,A,0,T,FORD,WLX,ES,1,17,,1,0,1207,WIN,G,,,6,232,,,,B,3963,00,E,42,0,0,000000000,00000000000,0,0,0,1,0,0,0,0,0,0,0,998,0,0,0,12,2,3,8,0,0,0,1,26,48152,6,1,0,0,3,0,60,185,0,0,0,0,0,0,0,0,0,0,0,0,0,0,5,4,45,1,1,2,2,0,0,1,80,1,1,1,13,0,0
26,260625,1,1,1,27,9,8,5,8,0,1,0,26,2,7,482,7482,31,2001,1B7HF16Z81S2,1,B,7,H,F,1,6,Z,8,1,S,2,0,T,DODG,150,PK,1,17,,2,1347,1187,RPC,G,,,8,360,,,,B,4573,01,U,44,0,0,000000000,00000000000,0,0,0,1,0,0,0,0,0,0,0,998,0,0,0,12,2,1,8,0,0,0,1,26,49837,1,1,0,0,2,0,70,145,0,4,0,0,0,2,2011,4,2012,0,0,0,0,0,1,2,55,1,1,4,1,0,0,1,80,99,1,1,13,0,0
26,260626,1,2,2,23,9,11,3,1,0,1,0,17,1,48,401,48401,14,2006,JF1SG67636H7,J,F,1,S,G,6,7,6,3,6,H,7,0,P,SUBA,FOR,UT,6,17,3230,,0,994,,G,,F,4,152,,,16R215,,,,,,0,0,000000000,00000000000,0,0,0,1,0,0,0,0,0,0,0,998,0,2,3,0,6,2,12,0,0,0,1,17,60540,6,1,0,0,3,3,70,200,0,0,0,0,0,0,0,0,0,0,6,36,0,0,3,3,70,1,1,1,1,0,0,1,12,99,1,4,6,1,0
26,260626,2,2,1,23,9,11,3,1,0,1,0,26,1,7,20,7020,4,2004,1B3ES56C44D6,1,B,3,E,S,5,6,C,4,4,D,6,0,P,DODG,NXT,4D,4,17,2634,,0,1040,,G,,F,4,122,,,15R185,,,,,,0,0,000000000,00000000000,0,0,0,1,0,0,0,0,0,0,0,998,0,0,0,9,6,2,12,0,0,0,1,26,48105,6,1,0,0,3,3,68,160,0,0,0,1,0,7,2011,7,2011,0,0,0,0,0,3,3,70,1,1,1,1,0,0,1,62,99,1,1,98,0,0
26,260627,1,2,1,25,9,7,5,12,2,1,0,26,2,20,9,20009,2,1991,1G1FP23F6ML1,1,G,1,F,P,2,3,F,6,M,L,1,0,P,CHEV,Z28,CP,91,17,2987,,0,1010,,G,,F,8,305,,,16R235,,,,,,0,0,000000000,00000000000,0,0,0,1,0,0,0,0,0,0,0,998,0,0,0,12,6,2,12,0,0,0,1,26,49057,6,2,0,0,3,3,67,141,0,0,0,0,0,0,0,0,0,0,6,28,36,0,1,2,55,1,1,2,1,0,0,1,10,99,1,2,50,0,0
26,260627,2,2,2,25,9,7,5,12,2,1,0,26,2,37,32,37032,4,1998,1HGCG5656WA0,1,H,G,C,G,5,6,5,6,W,A,0,0,P,HOND,UEX,4D,98,17,2985,,0,1069,,G,,F,4,138,,,15R195,,,,,,0,0,000000000,00000000000,0,0,0,1,0,0,0,0,0,0,0,998,0,0,0,12,6,2,12,0,0,0,1,26,49047,6,1,0,0,3,0,69,160,0,0,0,0,0,0,0,0,0,0,0,0,0,0,1,2,55,1,1,2,1,0,0,1,62,99,1,1,51,2,0
26,260628,1,2,1,23,9,16,42,1,0,1,0,26,2,49,40,49040,4,2005,4T1BE32K65U0,4,T,1,B,E,3,2,K,6,5,U,0,0,P,TOYT,XLL,4D,5,17,3108,,0,1071,,G,,F,4,144,,,15R205,,,,,,0,0,000000000,00000000000,0,0,0,1,0,0,0,0,0,0,0,998,0,0,0,3,2,1,12,0,0,0,1,26,48154,6,1,0,0,3,3,64,167,0,0,0,0,0,0,0,0,0,0,38,0,0,0,5,4,40,1,1,2,1,0,0,11,15,99,1,1,98,0,0
26,260628,2,2,1,23,9,16,42,1,0,1,0,26,1,53,705,53705,80,1998,JS1SP46A4W21,J,S,1,S,P,4,6,A,4,W,2,1,0,M,SUZI,D6E,T,98,17,,,,,,,644,,1,,4,324,,,,,,,0,0,000000000,00000000000,0,0,0,1,0,0,0,0,0,0,0,998,0,0,0,0,2,1,12,0,0,0,1,26,48239,6,1,0,0,3,3,74,260,0,2,0,0,1,4,2010,4,2011,0,0,0,0,0,5,4,40,1,1,2,1,0,0,1,62,4,1,1,98,1,0
26,260629,1,2,1,20,9,11,40,12,6,1,0,26,0,20,481,20481,31,1998,2GCEK19R9W12,2,G,C,E,K,1,9,R,9,W,1,2,0,T,CHEV,GK1,PC,98,17,,2,1555,1415,GM4,G,,,8,350,,,,B,00000,00,,44,0,0,000000000,00000000000,0,0,0,1,0,0,0,0,0,0,0,998,0,0,0,3,6,2,12,0,0,0,1,26,48872,6,1,0,0,3,0,69,225,1,0,0,0,0,11,2011,11,2011,0,0,0,0,0,1,2,55,1,1,2,1,20,3,1,17,99,1,1,87,1,0
26,260629,2,2,1,20,9,11,40,12,6,1,0,26,3,98,806,98806,66,1999,2FWYFDYB9XA9,2,F,W,Y,F,D,Y,B,9,X,A,9,1,T,STRG,LT2,TR,99,17,,8,2440,1600,STE,D,,,6,855,,,,,00000,00,,64,1,88,888888888,88888888888,3,6,4,1,0,0,0,0,0,0,0,998,0,1,5,12,6,2,12,0,0,0,1,26,48895,6,1,0,0,3,3,71,225,0,0,0,0,0,0,0,0,0,0,0,0,0,0,1,2,55,1,1,2,1,0,0,1,66,99,1,1,86,1,0
26,260630,1,3,2,30,9,11,40,12,6,1,0,26,2,20,421,20421,15,2003,1GNEK13Z73J1,1,G,N,E,K,1,3,Z,7,3,J,1,0,P,CHEV,KTA,UT,3,17,5050,,0,1160,,F,,F,8,325,,,16R265,,,,,,0,0,000000000,00000000000,0,0,0,1,0,0,0,0,0,0,0,998,0,0,0,3,6,2,12,0,0,0,1,26,49316,6,1,0,0,3,3,76,155,1,0,0,2,0,7,2010,9,2012,0,38,0,0,0,1,2,55,1,1,2,1,0,0,11,15,99,1,1,68,0,0
26,260630,2,3,2,30,9,11,40,12,6,1,0,26,1,24,1,24001,4,2000,1G8ZG5287YZ1,1,G,8,Z,G,5,2,8,7,Y,Z,1,0,P,STRN,SL1,4D,0,17,2332,,0,1024,,G,,F,4,116,,,14R185,,,,,,0,0,000000000,00000000000,0,0,0,1,0,0,0,0,0,0,0,998,0,0,0,12,6,2,12,0,0,0,1,26,48858,6,1,0,0,3,3,69,150,2,0,0,1,0,4,2010,9,2012,0,0,0,0,0,1,2,55,1,1,2,1,0,0,1,62,99,1,1,69,1,0
26,260630,3,3,3,30,9,11,40,12,6,1,0,26,1,48,45,48045,6,2005,4S4BP86C0543,4,S,4,B,P,8,6,C,0,5,4,3,0,P,SUBA,OHL,SW,5,17,3600,,0,1051,,G,,F,6,183,,,17R225,,,,,,0,0,000000000,00000000000,0,0,0,1,0,0,0,0,0,0,0,0,0,0,0,12,2,3,12,0,0,0,1,26,49333,6,1,0,0,3,3,66,138,0,0,0,0,0,0,0,0,0,0,0,0,0,0,1,2,55,1,1,2,1,20,3,5,98,1,1,1,98,0,0
26,260631,1,1,1,24,9,14,57,18,0,1,0,26,2,22,441,22441,20,2005,1GMDV23E75D1,1,G,M,D,V,2,3,E,7,5,D,1,0,T,PONT,MON,ES,5,17,,1,0,1200,MON,G,,,6,207,,,,B,3942,00,K,42,0,0,000000000,00000000000,0,0,0,1,0,0,0,0,0,0,0,998,0,1,5,11,6,2,1,0,0,0,1,26,49249,6,1,0,0,3,3,61,240,1,0,0,0,0,9,2012,9,2012,0,6,36,0,0,1,2,55,1,1,2,1,0,0,1,12,99,1,4,6,1,1
26,260632,1,2,1,23,9,21,34,12,2,1,0,26,1,20,16,20016,4,2004,1G1JC52FX471,1,G,1,J,C,5,2,F,X,4,7,1,0,P,CHEV,CAV,4D,4,17,2676,,0,1041,,G,,F,4,134,,,14R195,,,,,,0,0,000000000,00000000000,0,0,0,1,0,0,0,0,0,0,0,998,0,0,0,12,6,2,12,0,0,0,1,26,49684,6,1,0,0,3,0,74,220,0,0,0,0,0,0,0,0,0,0,35,0,0,0,1,2,55,1,1,2,2,0,0,6,10,99,1,2,50,1,1
26,260632,2,2,2,23,9,21,34,12,2,1,0,26,1,20,401,20401,14,2002,1GNDT13S7222,1,G,N,D,T,1,3,S,7,2,2,2,0,P,CHEV,TRL,UT,2,17,4628,,0,1130,,G,,F,6,256,,,16R245,,,,,,0,0,000000000,00000000000,0,0,0,1,0,0,0,0,0,0,0,998,0,0,0,12,6,2,12,0,0,0,1,26,49646,6,1,0,0,3,3,73,185,2,0,0,0,0,1,2011,4,2012,0,0,0,0,0,1,2,55,1,1,2,2,0,0,1,62,1,1,1,51,0,0
26,260633,1,1,1,29,9,19,8,8,0,1,0,26,1,72,706,72706,80,2009,1HD1CZ3169K4,1,H,D,1,C,Z,3,1,6,9,K,4,0,M,HD,XLN,RS,9,17,,,,,,,1202,,2,,4,562,,,,,,,0,0,000000000,00000000000,0,0,0,1,0,0,0,0,0,0,0,998,0,0,0,12,6,2,8,0,0,0,1,26,49519,6,1,0,0,3,3,69,165,0,0,0,0,0,0,0,0,0,1,36,0,0,0,1,2,25,1,1,1,1,0,0,1,80,99,1,1,13,1,1
26,260634,1,1,1,19,9,17,42,58,0,1,0,26,2,23,481,23481,31,1989,2GTEC19K9K15,2,G,T,E,C,1,9,K,9,K,1,5,0,T,GMC,SC1,PC,89,17,,2,0,1555,SIE,G,,,8,350,,,,B,4542,05,A,42,0,0,000000000,00000000000,0,0,0,1,0,0,0,0,0,0,0,998,0,0,0,12,6,2,58,0,0,0,1,26,49444,6,1,0,0,3,0,58,110,0,0,0,1,0,8,2012,8,2012,0,99,99,99,99,3,2,70,1,1,1,1,0,0,1,13,99,1,4,1,1,0
26,260635,1,2,2,14,9,8,52,12,6,1,0,26,1,20,22,20022,4,2007,1G1AK55F9773,1,G,1,A,K,5,5,F,9,7,7,3,0,P,CHEV,BLS,4D,7,17,3216,,0,1033,,G,,F,4,134,,,15R195,,,,,,0,0,000000000,00000000000,0,0,0,1,0,0,0,0,0,0,0,998,0,0,0,11,6,2,12,0,0,0,1,26,48603,6,1,0,0,3,3,64,210,0,0,0,0,0,0,0,0,0,0,38,39,0,0,1,2,45,1,1,2,1,20,3,4,17,99,1,1,89,1,0
26,260635,2,2,1,14,9,8,52,12,6,1,0,26,1,23,8,23008,6,2011,1GKKRTED5BJ3,1,G,K,K,R,T,E,D,5,B,J,3,0,T,GMC,ADN,4W,11,17,,2,0,1189,ACA,G,,,6,220,,,,B,4656,00,S,42,0,0,000000000,00000000000,0,0,0,1,0,0,0,0,0,0,0,998,0,0,0,12,6,2,12,0,0,0,1,26,48623,6,1,0,0,3,0,68,135,0,0,0,1,0,1,2010,1,2010,0,0,0,0,0,1,2,45,1,1,2,1,0,0,1,66,99,1,1,88,0,0
26,260636,1,2,2,26,9,11,47,12,6,1,0,26,2,20,403,20403,14,2005,1GNET16M8561,1,G,N,E,T,1,6,M,8,5,6,1,0,P,CHEV,TRL,UT,5,17,4954,,0,1290,,G,,F,8,323,,,17R245,,,,,,0,0,000000000,00000000000,0,0,0,1,0,0,0,0,0,0,0,998,0,0,0,7,6,2,12,0,0,0,1,26,49426,6,1,0,0,3,0,69,160,0,0,0,0,0,0,0,0,0,0,0,0,0,0,1,2,55,1,1,2,1,20,3,1,62,7,1,2,65,0,0
26,260636,2,2,1,26,9,11,47,12,6,1,0,18,2,53,706,53706,80,2001,JS1VS52A3121,J,S,1,V,S,5,2,A,3,1,2,1,0,M,SUZI,VS8,RS,1,17,,,,,,,805,,2,,4,443,,,,,,,0,0,000000000,00000000000,0,0,0,1,0,0,0,0,0,0,0,998,0,0,0,12,6,2,12,0,0,0,1,26,49417,6,1,0,0,3,0,68,220,0,0,0,1,0,11,2010,11,2010,0,99,99,99,99,1,2,55,1,1,2,1,0,0,1,10,7,1,2,64,1,0
26,260637,1,2,1,28,9,16,22,12,6,1,0,26,1,49,40,49040,4,2007,JTNBE46K6731,J,T,N,B,E,4,6,K,6,7,3,1,0,P,TOYT,CMB,4D,7,17,3108,,0,1093,,G,,F,4,146,,,15R205,,,,,,0,0,000000000,00000000000,0,0,0,1,0,0,0,0,0,0,0,998,0,0,0,9,6,2,12,0,0,0,1,26,48060,6,1,0,0,3,3,63,190,0,0,0,0,0,0,0,0,0,0,6,36,39,0,5,4,45,1,1,1,1,2,3,1,17,99,1,1,89,1,0
26,260637,2,2,1,28,9,16,22,12,6,1,0,26,2,7,26,7026,4,2010,1B3CC5FB1AN1,1,B,3,C,C,5,F,B,1,A,N,1,0,P,DODG,ART,4D,10,17,3568,,0,1089,,G,,F,4,146,,,17R215,,,,,,0,0,000000000,00000000000,0,0,0,1,0,0,0,0,0,0,0,998,0,0,0,12,6,2,12,0,0,0,1,26,48079,6,1,0,0,3,3,68,135,0,0,0,0,0,0,0,0,0,0,0,0,0,0,1,2,98,1,1,1,1,2,3,1,66,99,1,1,88,0,0
26,260638,1,2,2,12,9,12,36,12,6,1,0,26,1,21,17,21017,4,1994,1G3AG55M3R63,1,G,3,A,G,5,5,M,3,R,6,3,0,P,OLDS,CIS,4D,94,17,2818,,0,1049,,G,,F,6,191,,,14R185,,,,,,0,0,000000000,00000000000,0,0,0,1,0,0,0,0,0,0,0,998,0,0,0,9,6,2,12,0,0,0,1,26,48768,6,1,0,0,3,3,69,160,0,0,0,1,0,3,2010,3,2010,0,38,0,0,0,0,0,0,0,0,0,0,0,0,11,15,99,1,1,82,1,0