STATE,ST_CASE,VEH_NO,VE_FORMS,NUMOCCS,DAY,MONTH,HOUR,MINUTE,HARM_EV,MAN_COLL,UNITTYPE,HIT_RUN,REG_STAT,OWNER,MAKE,MODEL,MAK_MOD,BODY_TYP,MOD_YEAR,VIN,VIN_1,VIN_2,VIN_3,VIN_4,VIN_5,VIN_6,VIN_7,VIN_8,VIN_9,VIN_10,VIN_11,VIN_12,TOW_VEH,VINTYPE,VINMAKE,VINA_MOD,VIN_BT,VINMODYR,VIN_LNGT,VIN_WGT,WGTCD_TR,WHLBS_LG,WHLBS_SH,SER_TR,FUELCODE,MCYCL_DS,CARBUR,CYLINDER,DISPLACE,MCYCL_CY,MCYCL_WT,TIRE_SZE,TON_RAT,TRK_WT,TRKWTVAR,VIN_REST,WHLDRWHL,J_KNIFE,MCARR_I1,MCARR_I2,MCARR_ID,GVWR,V_CONFIG,CARGO_BT,HAZ_INV,HAZ_PLAC,HAZ_ID,HAZ_CNO,HAZ_REL,BUS_USE,SPEC_USE,EMER_USE,TRAV_SP,UNDERIDE,ROLLOVER,ROLINLOC,IMPACT1,DEFORMED,TOWED,M_HARM,VEH_SC1,VEH_SC2,FIRE_EXP,DR_PRES,L_STATE,DR_ZIP,L_STATUS,L_TYPE,CDL_STAT,L_ENDORS,L_COMPL,L_RESTRI,DR_HGT,DR_WGT,PREV_ACC,PREV_SUS,PREV_DWI,PREV_SPD,PREV_OTH,FIRST_MO,FIRST_YR,LAST_MO,LAST_YR,SPEEDREL,DR_SF1,DR_SF2,DR_SF3,DR_SF4,VTRAFWAY,VNUM_LAN,VSPD_LIM,VALIGN,VPROFILE,VPAVETYP,VSURCOND,VTRAFCON,VTCONT_F,P_CRASH1,P_CRASH2,P_CRASH3,PCRASH4,PCRASH5,ACC_TYPE,DEATHS,DR_DRINK
26,260708,2,5,2,20,10,13,37,12,1,1,0,26,1,20,2,20002,4,2003,2G1WF52E1393,2,G,1,W,F,5,2,E,1,3,9,3,0,P,CHEV,IMP,4D,3,17,3389,,0,1105,,G,,F,6,207,,,16R225,,,,,,0,0,000000000,00000000000,0,0,0,1,0,0,0,0,0,0,0,0,0,0,0,6,6,8,12,0,0,0,1,26,48184,6,1,0,0,3,3,67,155,0,0,0,0,0,0,0,0,0,0,54,0,0,0,1,4,40,1,1,2,1,0,0,5,53,1,1,1,21,1,0
26,260708,3,5,2,20,10,13,37,12,1,1,0,26,1,20,473,20473,30,2007,1GCCS13E8782,1,G,C,C,S,1,3,E,8,7,8,2,0,T,CHEV,RDO,CW,7,17,,1,0,1260,CAL,G,,,5,226,,,,,3684,01,,42,0,0,000000000,00000000000,0,0,0,1,0,0,0,0,0,0,0,0,0,0,0,6,6,8,12,0,0,0,1,26,48183,6,1,0,0,3,0,74,210,0,0,0,0,0,0,0,0,0,0,54,0,0,0,1,4,40,1,1,2,1,0,0,5,53,1,1,1,98,0,0
26,260708,4,5,1,20,10,13,37,12,1,1,0,26,2,22,18,22018,4,2004,1G2NF52E84M6,1,G,2,N,F,5,2,E,8,4,M,6,0,P,PONT,SE1,4D,4,17,3066,,0,1070,,G,,F,6,207,,,15R215,,,,,,0,0,000000000,00000000000,0,0,0,1,0,0,0,0,0,0,0,0,0,0,0,6,4,1,12,0,0,0,1,26,48154,6,1,0,0,3,0,72,190,1,0,0,0,0,4,2010,4,2010,0,54,0,0,0,1,4,40,1,1,2,1,0,0,5,53,1,1,1,98,0,0
26,260708,5,5,1,20,10,13,37,12,1,1,0,26,1,49,32,49032,4,2010,1NXBU4EE3AZ1,1,N,X,B,U,4,E,E,3,A,Z,1,0,P,TOYT,CBL,4D,10,17,2723,,0,1024,,G,,F,4,110,,,15R195,,,,,,0,0,000000000,00000000000,0,0,0,1,0,0,0,0,0,0,0,0,0,0,0,6,4,1,12,0,0,0,1,26,48135,6,1,0,0,3,3,70,200,0,0,0,0,0,0,0,0,0,0,54,0,0,0,1,4,40,1,1,2,1,0,0,5,53,1,1,1,98,0,0
26,260709,1,2,1,22,10,17,52,12,6,1,0,26,1,20,16,20016,4,2002,1G1JC5241274,1,G,1,J,C,5,2,4,1,2,7,4,0,P,CHEV,CAC,4D,2,17,2676,,0,1041,,C,,F,4,133,,,14R195,,,,,,0,0,000000000,00000000000,0,0,0,1,0,0,0,0,0,0,0,998,0,0,0,3,6,2,12,0,0,0,1,26,49331,6,1,0,0,3,0,67,160,0,0,0,0,0,0,0,0,0,1,28,0,0,0,1,2,55,3,1,2,2,0,0,14,5,99,4,2,64,1,0
26,260709,2,2,2,22,10,17,52,12,6,1,0,26,2,62,423,62423,15,2012,SALAK2D44CA6,S,A,L,A,K,2,D,4,4,C,A,6,0,T,LNDR,4HL,4W,12,17,,2,0,1136,LR4,G,,,8,302,,,,,5703,00,7,44,0,0,000000000,00000000000,0,0,0,1,0,0,0,0,0,0,0,998,0,0,0,12,6,2,12,0,0,0,1,26,49301,6,1,0,0,3,0,65,143,1,0,0,0,0,3,2010,3,2010,0,0,0,0,0,1,2,55,2,1,2,2,0,0,14,62,99,1,1,65,0,0
26,260710,1,1,3,23,10,21,14,42,0,1,0,18,1,47,35,47035,3,2002,YS3DF78K2270,Y,S,3,D,F,7,8,K,2,2,7,0,0,P,SAA,93E,CV,2,17,3300,,0,1026,,G,,T,4,121,,,16R205,,,,,,0,0,000000000,00000000000,0,0,0,1,0,0,0,0,0,0,0,998,0,0,0,3,6,2,42,0,0,0,1,47,37013,6,1,0,0,3,0,71,160,0,0,0,0,0,0,0,0,0,1,0,0,0,0,1,2,55,1,2,2,1,0,0,1,6,99,4,4,7,2,0
26,260711,1,1,1,24,10,3,31,1,0,1,0,26,2,13,421,13421,15,2002,5LMFU28R02LJ,5,L,M,F,U,2,8,R,0,2,L,J,0,P,LINC,NAV,UT,2,17,5746,,0,1190,,G,,F,8,330,,,17R255,,,,,,0,0,000000000,00000000000,0,0,0,1,0,0,0,0,0,0,0,998,0,2,5,0,6,2,21,0,0,0,1,26,48066,6,1,0,0,3,0,66,216,0,0,0,0,0,0,0,0,0,1,0,0,0,0,3,3,55,1,1,2,2,0,0,1,5,99,3,4,2,1,0
26,260712,1,2,1,25,10,20,30,12,1,1,0,26,1,13,421,13421,15,2005,5LMFU28555LJ,5,L,M,F,U,2,8,5,5,5,L,J,0,P,LINC,NAV,UT,5,17,5892,,0,1190,,G,,F,8,330,,,18R255,,,,,,0,0,000000000,00000000000,0,0,0,1,0,0,0,0,0,0,0,998,0,0,0,12,6,2,12,0,0,0,1,26,48214,1,1,0,0,2,0,71,200,2,20,1,0,6,2,2010,10,2012,0,6,26,36,0,1,6,30,1,1,2,1,0,0,1,51,99,1,1,24,0,0
26,260712,2,2,4,25,10,20,30,12,1,1,0,26,1,12,17,12017,4,2007,1FAFP53U27A1,1,F,A,F,P,5,3,U,2,7,A,1,0,P,FORD,TSE,4D,7,17,3307,,0,1085,,G,,F,6,183,,,16R215,,,,,,0,0,000000000,00000000000,0,0,0,1,0,0,0,0,0,0,0,998,0,0,0,6,6,2,12,0,0,0,1,26,48071,6,1,0,0,3,0,75,230,0,0,0,0,0,0,0,0,0,0,0,0,0,0,1,6,30,1,1,2,1,0,0,1,53,99,1,1,25,1,0
26,260713,1,2,1,26,10,9,39,12,2,1,0,26,2,22,441,22441,20,1999,1GMDU03E4XD2,1,G,M,D,U,0,3,E,4,X,D,2,0,P,PONT,M/T,SV,99,17,3780,,0,1120,,G,,F,6,207,,,15R215,,,,,,0,0,000000000,00000000000,0,0,0,1,0,0,0,0,0,0,0,998,0,0,0,12,6,2,12,0,0,0,1,26,48622,6,1,6,0,3,0,77,230,0,0,0,0,0,0,0,0,0,0,28,0,0,0,5,2,45,1,1,2,1,0,0,1,10,99,1,2,50,1,0
26,260713,2,2,1,26,10,9,39,12,2,1,0,26,1,7,482,7482,31,2001,1B7HC16X61S2,1,B,7,H,C,1,6,X,6,1,S,2,0,T,DODG,150,PK,1,17,,2,1347,1187,RPC,G,,,6,239,,,,B,4010,02,U,42,0,0,000000000,00000000000,0,0,0,1,0,0,0,0,0,0,0,998,0,0,0,12,6,2,12,0,0,0,1,26,48622,6,1,6,0,3,3,79,265,0,0,0,0,0,0,0,0,0,0,0,0,0,0,5,2,45,1,1,2,1,0,0,1,62,99,1,1,51,0,0
26,260714,1,1,1,30,10,2,34,1,0,1,0,26,2,20,471,20471,30,1999,1GCCS1948X81,1,G,C,C,S,1,9,4,8,X,8,1,0,T,CHEV,S14,PC,99,17,,1,0,1229,S,G,,,4,133,,,,B,3216,00,,42,0,0,000000000,00000000000,0,0,0,1,0,0,0,0,0,0,0,998,0,2,4,0,6,2,1,0,0,0,1,26,48763,6,1,6,0,3,0,70,165,0,0,0,2,0,7,2010,12,2011,0,99,99,99,99,6,2,70,2,1,1,1,0,0,1,12,99,1,4,6,1,1
26,260715,1,1,1,29,10,22,53,9,0,1,0,26,1,22,401,22401,14,2001,3G7DA03E61S5,3,G,7,D,A,0,3,E,6,1,S,5,0,P,PONT,AZT,UT,1,17,3779,,0,1083,,G,,F,6,207,,,15R215,,,,,,0,0,000000000,00000000000,0,0,0,1,0,0,0,0,0,0,0,998,0,0,0,1,6,2,9,0,0,0,1,26,49464,6,1,0,0,3,3,68,140,1,0,0,1,0,6,2010,4,2011,0,0,0,0,0,1,2,55,1,1,2,1,0,0,1,83,6,1,1,13,0,0
26,260716,1,2,1,26,10,10,55,12,6,1,0,26,1,22,20,22020,4,2005,2G2WS5220512,2,G,2,W,S,5,2,2,0,5,1,2,0,P,PONT,GPG,4D,5,17,3484,,0,1105,,G,,F,6,231,,,16R225,,,,,,0,0,000000000,00000000000,0,0,0,1,0,0,0,0,0,0,0,998,0,0,0,3,6,2,12,0,0,1,1,26,48444,6,1,0,0,3,0,76,230,0,0,0,0,0,0,0,0,0,0,27,34,0,0,1,2,55,3,2,2,1,0,0,6,8,99,4,2,64,1,0
26,260716,2,2,1,26,10,10,55,12,6,1,0,93,1,51,881,51881,66,1999,4VG7DBJH5XN7,4,V,G,7,D,B,J,H,5,X,N,7,1,T,VOLV,VVN,TR,99,17,,8,0,0,VVN,D,,,6,855,,,,,00000,00,,64,1,57,000368392,57000368392,3,6,1,1,0,0,0,0,0,0,0,998,0,0,0,12,6,2,12,0,0,1,1,26,48456,6,1,6,0,3,0,77,280,0,0,0,0,0,0,0,0,0,0,0,0,0,0,1,2,55,2,2,2,1,0,0,14,62,7,1,1,65,0,0
26,260717,1,1,1,12,10,10,37,8,0,1,0,26,2,12,21,12021,4,2006,1FAFP24196G1,1,F,A,F,P,2,4,1,9,6,G,1,0,P,FORD,5SL,4D,6,17,3664,,0,1129,,G,,F,6,183,,,17R215,,,,,,0,0,000000000,00000000000,0,0,0,1,0,0,0,0,0,0,0,998,0,0,0,6,2,1,8,0,0,0,1,26,48187,6,1,0,0,3,3,65,172,0,0,0,0,0,0,0,0,0,0,99,99,99,99,0,0,0,0,0,0,0,0,0,13,80,99,1,1,92,0,0
26,260718,1,2,1,31,10,15,51,12,2,1,0,26,1,12,481,12481,31,2006,1FTPW14V26FB,1,F,T,P,W,1,4,V,2,6,F,B,0,T,FORD,F1S,CW,6,17,,2,1500,1390,COF,F,,,8,329,,,,B,5476,01,E,44,0,0,000000000,00000000000,0,0,0,1,0,0,0,0,0,0,0,998,0,0,0,12,6,2,12,0,0,0,1,26,48167,6,1,0,0,3,3,74,215,0,0,0,0,0,0,0,0,0,0,28,0,0,0,1,2,55,1,1,2,1,0,0,1,10,99,1,2,50,1,0
26,260718,2,2,1,31,10,15,51,12,2,1,0,26,1,14,6,14006,4,1999,2MEFM74W6XX6,2,M,E,F,M,7,4,W,6,X,X,6,0,P,MERC,GMG,4D,99,17,3917,,0,1147,,G,,F,8,281,,,16R225,,,,,,0,0,000000000,00000000000,0,0,0,1,0,0,0,0,0,0,0,998,0,0,0,12,6,2,12,0,0,0,1,26,48152,6,1,0,0,3,0,73,175,0,3,0,0,0,12,2009,3,2011,0,0,0,0,0,1,2,55,1,1,2,1,0,0,1,62,99,1,1,51,1,0
26,260719,1,1,99,26,10,3,25,8,0,1,1,99,9,99,999,99999,99,9999,999999999999,9,9,9,9,9,9,9,9,9,9,9,9,9,,,,,,,,,,,,,,,,,,,,,,,,,0,0,000000000,00000000000,0,0,0,1,0,0,0,0,99,99,9,998,0,0,0,99,9,1,8,0,0,0,1,99,99999,9,9,99,9,9,9,999,999,99,99,99,99,99,99,9999,99,9999,0,99,99,99,99,1,2,30,1,1,2,1,0,0,99,80,99,9,9,13,0,0
26,260720,1,1,1,3,10,4,53,25,0,1,0,26,1,72,706,72706,80,2006,1HD1FCW186Y6,1,H,D,1,F,C,W,1,8,6,Y,6,0,M,HD,FLU,RS,6,17,,,,,,,1450,,2,,4,788,,,,,,,0,0,000000000,00000000000,0,0,0,1,0,0,0,0,0,0,0,998,0,0,0,11,6,2,25,0,0,0,1,26,48044,6,1,0,0,3,0,69,215,0,0,0,0,0,0,0,0,0,1,0,0,0,0,6,1,55,2,2,1,2,0,0,14,6,99,2,4,2,1,0
26,260721,1,3,1,30,10,12,24,12,1,1,0,26,1,2,405,2405,14,2004,1J4GL48K04W3,1,J,4,G,L,4,8,K,0,4,W,3,0,T,JEEP,SPR,4W,4,17,,1,0,1043,LIB,G,,,6,226,,,,,3656,01,E,44,0,0,000000000,00000000000,0,0,0,1,0,0,0,0,0,0,0,998,0,0,0,12,6,2,12,0,0,0,1,26,48093,6,1,0,0,3,3,65,155,0,0,0,0,0,0,0,0,0,0,26,0,0,0,1,2,45,1,1,2,2,0,0,1,50,99,1,1,20,1,0
26,260721,2,3,1,30,10,12,24,12,1,1,0,26,1,12,481,12481,31,2007,1FTPW14V37FA,1,F,T,P,W,1,4,V,3,7,F,A,0,T,FORD,F1S,CW,7,17,,2,0,1390,COF,F,,,8,329,,,,B,5476,01,E,44,0,0,000000000,00000000000,0,0,0,1,0,0,0,0,0,0,0,0,0,0,0,6,6,2,12,0,0,0,1,26,48023,6,1,0,0,3,0,69,230,0,0,0,0,0,0,0,0,0,0,54,0,0,0,1,2,45,1,1,2,2,0,0,5,53,1,1,1,21,0,0
26,260721,3,3,1,30,10,12,24,12,1,1,0,26,1,2,403,2403,14,2009,1J4GA59109L7,1,J,4,G,A,5,9,1,0,9,L,7,0,T,JEEP,WUS,4W,9,17,,1,0,1160,WUL,G,,,6,230,,,,,4269,00,E,44,0,0,000000000,00000000000,0,0,0,1,0,0,0,0,0,0,0,998,0,0,0,12,6,2,12,0,0,0,1,26,48047,6,1,0,0,3,3,64,140,0,0,0,0,0,0,0,0,0,0,0,0,0,0,1,2,45,1,1,2,2,0,0,1,62,99,1,1,98,0,0
26,260722,1,3,2,15,8,20,45,12,2,1,0,26,2,18,20,18020,4,2001,2G4WB52K0113,2,G,4,W,B,5,2,K,0,1,1,3,0,P,BUIC,RLS,4D,1,17,3438,,0,1090,,G,,F,6,231,,,15R215,,,,,,0,0,000000000,00000000000,0,0,0,1,0,0,0,0,0,0,0,998,0,0,0,12,6,2,12,0,0,0,1,26,48223,6,1,0,0,3,0,63,195,1,0,0,0,0,2,2011,2,2011,0,38,0,0,0,1,2,30,1,1,1,1,2,3,11,15,99,1,1,68,0,1
26,260722,2,3,1,15,8,20,45,12,2,1,0,26,1,53,706,53706,80,2006,JS1VY53A8621,J,S,1,V,Y,5,3,A,8,6,2,1,0,M,SUZI,VZR,RS,6,17,,,,,,,1783,,2,,4,695,,,,,,,0,0,000000000,00000000000,0,0,0,1,0,0,0,0,0,0,0,998,0,0,0,12,6,2,12,0,0,0,1,26,48203,0,0,0,0,0,0,999,999,99,99,99,99,99,99,9999,99,9999,0,0,0,0,0,1,2,30,1,1,1,1,2,3,1,62,99,1,1,69,1,0
26,260722,3,3,1,15,8,20,45,12,2,1,0,26,1,37,706,37706,80,2006,1HFSC55066A2,1,H,F,S,C,5,5,0,6,6,A,2,0,M,HOND,13V,RS,6,17,,,,,,,1312,,2,,4,641,,,,,,,0,0,000000000,00000000000,0,0,0,1,0,0,0,0,0,0,0,998,0,0,0,12,6,2,12,0,0,0,1,26,48203,6,1,0,0,3,0,66,240,0,0,0,0,0,0,0,0,0,0,0,0,0,0,1,2,30,1,1,1,1,2,3,1,62,99,1,1,98,0,0
26,260723,1,3,2,1,10,15,59,12,1,1,0,26,1,65,31,65031,2,2008,WMEEK31X28K1,W,M,E,E,K,3,1,X,2,8,K,1,0,P,SMRT,SMS,CV,8,17,1852,,0,735,,G,,F,3,061,,,15R155,,,,,,0,0,000000000,00000000000,0,0,0,1,0,0,0,0,0,0,0,998,0,0,0,6,6,2,12,0,0,0,1,26,49009,6,1,0,0,3,3,72,210,0,0,0,0,0,0,0,0,0,0,0,0,0,0,2,2,60,1,1,1,1,0,0,2,53,99,1,1,29,1,0
26,260723,2,3,2,1,10,15,59,12,1,1,0,26,1,7,442,7442,20,1998,1B4GP45R7WB6,1,B,4,G,P,4,5,R,7,W,B,6,0,P,DODG,CAR,SV,98,17,3574,,0,1133,,G,,F,6,201,,,15R215,,,,,,0,0,000000000,00000000000,0,0,0,1,0,0,0,0,0,0,0,998,0,0,0,12,6,2,12,0,0,0,1,26,49009,6,1,0,0,3,3,64,158,0,0,0,0,0,0,0,0,0,0,99,99,99,99,2,2,60,1,1,1,1,0,0,1,52,7,1,1,28,0,0
26,260723,3,3,1,1,10,15,59,12,1,1,0,28,3,20,461,20461,21,2011,1GCWGGCA0B11,1,G,C,W,G,G,C,A,0,B,1,1,1,T,CHEV,E25,EC,11,17,,2,0,1550,EXP,F,,,8,293,,,,C,5547,00,,42,1,0,000000000,00000000000,0,0,0,1,0,0,0,0,0,0,0,0,0,0,0,7,2,1,12,0,0,0,1,26,48895,6,1,0,0,3,0,73,170,0,0,0,0,0,0,0,0,0,0,54,0,0,0,2,2,60,1,1,1,1,0,0,5,53,1,1,1,98,0,0
26,260724,1,2,1,18,10,7,8,12,6,1,0,26,3,20,481,20481,31,1998,1GCEK19R0WE1,1,G,C,E,K,1,9,R,0,W,E,1,0,T,CHEV,GK1,PC,98,17,,2,1555,1415,GM4,G,,,8,350,,,,B,00000,00,,44,0,0,000000000,00000000000,0,0,0,1,0,0,0,0,0,0,0,998,0,0,0,9,6,2,12,0,0,0,1,26,49333,2,1,0,0,2,3,72,270,0,4,1,1,0,12,2009,7,2012,0,38,0,0,0,1,2,55,1,1,2,2,20,3,1,17,99,1,1,89,1,0
26,260724,2,2,1,18,10,7,8,12,6,1,0,26,3,85,898,85898,66,1990,MI2190R252P0,M,I,2,1,9,0,R,2,5,2,P,0,1,T,KW,,,90,17,,,,,,,,,,,,,,,,,,,1,57,001703653,57001703653,3,6,4,1,0,0,0,0,0,0,0,998,0,0,0,12,6,2,12,0,0,0,1,26,49348,6,1,6,0,3,3,70,200,0,0,0,0,0,0,0,0,0,0,0,0,0,0,1,2,55,1,1,2,2,4,3,1,66,99,1,1,88,0,0
26,260725,1,2,1,2,8,3,5,12,1,1,0,26,2,20,39,20039,4,2007,KL1TD56647B1,K,L,1,T,D,5,6,6,4,7,B,1,0,P,CHEV,ABS,4D,7,17,2531,,0,976,,G,,F,4,098,,,14R185,,,,,,0,0,000000000,00000000000,0,0,0,1,0,0,0,0,0,0,0,998,0,0,0,12,6,2,12,0,0,0,1,26,48386,6,1,0,0,3,0,65,130,0,0,0,1,0,4,2012,4,2012,0,26,0,0,0,5,4,45,1,1,2,1,2,3,1,50,99,1,1,24,1,0
26,260725,2,2,1,2,8,3,5,12,1,1,0,18,3,98,881,98881,61,1999,5B4KP32YXX33,5,B,4,K,P,3,2,Y,X,X,3,3,0,U,,,,99,17,,,,,,,,,,,,,,,,,,,0,57,000093772,57000093772,2,1,1,1,0,0,0,0,0,0,0,998,0,0,0,6,6,2,12,0,0,0,1,26,48073,6,1,6,0,3,0,75,213,0,0,0,0,0,0,0,0,0,0,0,0,0,0,5,4,45,1,1,2,1,2,3,4,53,1,1,1,25,0,0
26,260726,1,1,3,16,10,3,30,34,0,1,0,26,1,20,481,20481,31,1996,2GCEK19R0T11,2,G,C,E,K,1,9,R,0,T,1,1,0,T,CHEV,GK1,PC,96,17,,2,1555,1415,GM4,G,,,8,350,,,,B,4495,08,,44,0,0,000000000,00000000000,0,0,0,1,0,0,0,0,0,0,0,998,0,0,0,12,6,2,34,0,0,0,1,26,48732,6,1,0,0,3,0,71,200,3,0,0,0,0,12,2009,1,2012,1,0,0,0,0,1,2,55,1,1,2,1,20,3,1,12,3,1,4,6,1,1
26,260727,1,1,1,13,10,2,25,42,0,1,0,26,2,21,22,21022,4,2001,1G3GR64HX141,1,G,3,G,R,6,4,H,X,1,4,1,0,P,OLDS,AUR,4D,1,17,3686,,0,1122,,G,,F,6,211,,,16R225,,,,,,0,0,000000000,00000000000,0,0,0,1,0,0,0,0,0,0,0,998,0,0,0,7,6,2,42,0,0,0,1,26,48616,6,1,0,0,3,0,73,195,1,0,0,0,0,5,2011,5,2011,1,0,0,0,0,1,2,55,1,1,2,1,0,0,1,6,1,3,4,2,1,0
26,260728,1,2,2,27,8,20,37,12,6,1,0,0,0,37,702,37702,83,1993,JH2HE0402PK0,J,H,2,H,E,0,4,0,2,P,K,0,0,M,HOND,CR8,MM,93,17,,,,,,,80,,1,,2,138,,,,,,,0,0,000000000,00000000000,0,0,0,1,0,0,0,0,0,0,0,998,0,0,0,12,6,2,12,0,0,0,1,26,48612,0,0,0,0,1,0,999,999,0,0,0,0,0,0,0,0,0,0,39,0,0,0,1,2,55,1,1,4,1,20,3,1,17,99,1,1,86,1,0
26,260728,2,2,5,27,8,20,37,12,6,1,0,26,1,12,401,12401,14,2008,1FMEU74E58UA,1,F,M,E,U,7,4,E,5,8,U,A,0,P,FORD,EPR,UT,8,17,4606,,0,1137,,G,,F,6,244,,,17R245,,,,,,0,0,000000000,00000000000,0,0,0,1,0,0,0,0,0,0,0,998,0,1,5,3,6,2,1,0,0,0,1,26,48612,6,1,0,0,3,3,70,300,0,0,0,1,0,4,2010,4,2010,0,0,0,0,0,1,2,55,1,1,2,1,0,0,1,66,99,1,1,87,0,0
26,260729,1,1,3,29,10,20,37,42,0,1,0,26,2,20,9,20009,2,1994,2G1FP22S4R21,2,G,1,F,P,2,2,S,4,R,2,1,0,P,CHEV,CAM,CP,94,17,3247,,0,1011,,G,,F,6,207,,,16R215,,,,,,0,0,000000000,00000000000,0,0,0,1,0,0,0,0,0,0,0,998,0,0,0,3,6,2,42,0,0,0,1,26,49337,6,1,0,0,3,0,67,160,0,0,0,0,0,0,0,0,0,1,58,0,0,0,1,2,55,1,1,2,1,0,0,1,13,7,1,4,1,2,1
26,260730,1,1,1,26,10,14,53,42,0,1,0,26,2,20,19,20019,4,1993,1G1LT5345PY1,1,G,1,L,T,5,3,4,5,P,Y,1,0,P,CHEV,COL,4D,93,17,2763,,0,1034,,G,,F,4,133,,,14R185,,,,,,0,0,000000000,00000000000,0,0,0,1,0,0,0,0,0,0,0,998,0,0,0,12,6,2,42,0,0,1,1,26,48166,6,1,0,0,3,0,73,165,3,0,0,0,2,6,2011,9,2012,0,99,99,99,99,1,2,25,1,1,5,1,0,0,1,12,99,1,4,6,1,0
26,260731,1,1,1,20,10,0,45,21,0,1,0,26,3,20,23,20023,6,2009,3GCCA85B79S5,3,G,C,C,A,8,5,B,7,9,S,5,0,P,CHEV,HHR,SV,9,17,3255,,0,1035,,F,,F,4,134,,,16R215,,,,,,0,0,000000000,00000000000,0,0,0,1,0,0,0,0,0,0,0,998,0,0,0,11,6,2,21,0,0,0,1,26,48509,6,1,0,0,3,3,70,228,1,0,0,0,0,9,2010,9,2010,0,36,0,0,0,2,2,70,1,1,1,2,0,0,1,12,99,1,4,6,1,0
26,260732,1,1,1,22,10,21,6,40,0,1,0,26,1,7,482,7482,31,1999,1B7KF2367XJ6,1,B,7,K,F,2,3,6,7,X,J,6,0,T,DODG,Q25,4C,99,17,,2,1547,1387,RPC,D,,,6,359,,,,C,5695,00,U,44,0,0,000000000,00000000000,0,0,0,1,0,0,0,0,0,0,0,998,0,0,0,12,6,2,42,0,0,0,1,26,49090,6,1,0,0,3,0,69,135,0,0,0,0,0,0,0,0,0,0,99,99,99,99,1,2,55,1,1,2,2,0,0,1,12,99,1,4,6,1,0
26,260733,1,2,2,30,10,14,10,12,6,1,0,26,1,21,441,21441,20,1998,1GHDX03E5WD3,1,G,H,D,X,0,3,E,5,W,D,3,0,T,OLDS,SIL,ES,98,17,,1,0,1200,SIL,G,,,6,207,,,,B,3801,00,K,42,0,0,000000000,00000000000,0,0,0,1,0,0,0,0,0,0,0,998,0,0,0,9,6,2,12,0,0,0,1,26,48655,6,1,0,0,3,0,72,270,0,0,0,0,0,0,0,0,0,0,38,0,0,0,1,2,55,1,1,2,2,20,3,1,17,99,1,1,89,1,0
26,260733,2,2,1,30,10,14,10,12,6,1,0,26,1,20,20,20020,4,1993,2G1WL54T3P11,2,G,1,W,L,5,4,T,3,P,1,1,0,P,CHEV,LUM,4D,93,17,3169,,0,1075,,G,,F,6,191,,,14R195,,,,,,0,0,000000000,00000000000,0,0,0,1,0,0,0,0,0,0,0,998,0,0,0,12,6,2,12,0,0,0,1,26,48457,6,1,0,0,3,3,75,185,0,0,0,1,0,3,2011,3,2011,0,0,0,0,0,1,2,55,1,1,2,2,0,0,1,66,99,1,1,88,0,0
26,260734,1,1,2,12,10,5,45,8,0,1,0,26,1,9,20,9020,4,2000,1P3ES46C9YD6,1,P,3,E,S,4,6,C,9,Y,D,6,0,P,PLYM,NLX,4D,0,17,2515,,0,1050,,G,,F,4,122,,,14R185,,,,,,0,0,000000000,00000000000,0,0,0,1,0,0,0,0,0,0,0,998,0,0,0,12,2,1,8,0,0,0,1,26,48217,6,1,0,0,3,0,72,150,0,0,0,0,0,0,0,0,0,0,0,0,0,0,2,2,40,1,1,2,1,0,0,1,81,6,1,1,13,0,0
26,260735,1,1,1,24,10,19,12,9,0,1,0,26,1,20,471,20471,30,1987,1GCBS14E1H21,1,G,C,B,S,1,4,E,1,H,2,1,0,T,CHEV,S14,PK,87,17,,1,1229,1083,S,G,,,4,151,,,,B,2492,01,,42,0,0,000000000,00000000000,0,0,0,1,0,0,0,0,0,0,0,998,0,0,0,1,2,3,9,0,0,0,1,26,48734,6,1,0,0,3,0,67,160,0,0,0,0,0,0,0,0,0,0,99,99,99,99,1,2,55,1,1,2,1,0,0,1,83,99,1,1,13,0,0
26,260736,2,1,1,7,10,22,10,14,0,1,0,26,1,20,481,20481,31,1997,2GCEK19R3V11,2,G,C,E,K,1,9,R,3,V,1,1,0,T,CHEV,GK1,PC,97,17,,2,1555,1415,GM4,G,,,8,350,,,,B,4544,00,,44,0,0,000000000,00000000000,0,0,0,1,0,0,0,0,0,0,0,998,0,0,0,12,6,2,8,0,0,0,1,26,48161,6,1,0,0,3,0,71,180,0,0,0,0,0,0,0,0,0,0,26,0,0,0,1,2,55,1,1,2,1,0,0,1,13,99,1,4,1,0,0
26,260737,1,2,1,16,10,17,59,12,2,1,0,26,1,7,422,7422,15,2006,1D4HB48N86F1,1,D,4,H,B,4,8,N,8,6,F,1,0,P,DODG,DUR,UT,6,17,4859,,0,1192,,G,,F,8,287,,,17R245,,,,,,0,0,000000000,00000000000,0,0,0,1,0,0,0,0,0,0,0,998,0,0,0,12,6,2,12,0,0,0,1,26,48658,6,1,0,0,3,0,60,138,0,0,0,0,0,0,0,0,0,0,0,0,0,0,1,2,50,1,1,2,1,0,0,1,62,99,1,1,51,0,0