STATE,ST_CASE,VEH_NO,VE_FORMS,NUMOCCS,DAY,MONTH,HOUR,MINUTE,HARM_EV,MAN_COLL,UNITTYPE,HIT_RUN,REG_STAT,OWNER,MAKE,MODEL,MAK_MOD,BODY_TYP,MOD_YEAR,VIN,VIN_1,VIN_2,VIN_3,VIN_4,VIN_5,VIN_6,VIN_7,VIN_8,VIN_9,VIN_10,VIN_11,VIN_12,TOW_VEH,VINTYPE,VINMAKE,VINA_MOD,VIN_BT,VINMODYR,VIN_LNGT,VIN_WGT,WGTCD_TR,WHLBS_LG,WHLBS_SH,SER_TR,FUELCODE,MCYCL_DS,CARBUR,CYLINDER,DISPLACE,MCYCL_CY,MCYCL_WT,TIRE_SZE,TON_RAT,TRK_WT,TRKWTVAR,VIN_REST,WHLDRWHL,J_KNIFE,MCARR_I1,MCARR_I2,MCARR_ID,GVWR,V_CONFIG,CARGO_BT,HAZ_INV,HAZ_PLAC,HAZ_ID,HAZ_CNO,HAZ_REL,BUS_USE,SPEC_USE,EMER_USE,TRAV_SP,UNDERIDE,ROLLOVER,ROLINLOC,IMPACT1,DEFORMED,TOWED,M_HARM,VEH_SC1,VEH_SC2,FIRE_EXP,DR_PRES,L_STATE,DR_ZIP,L_STATUS,L_TYPE,CDL_STAT,L_ENDORS,L_COMPL,L_RESTRI,DR_HGT,DR_WGT,PREV_ACC,PREV_SUS,PREV_DWI,PREV_SPD,PREV_OTH,FIRST_MO,FIRST_YR,LAST_MO,LAST_YR,SPEEDREL,DR_SF1,DR_SF2,DR_SF3,DR_SF4,VTRAFWAY,VNUM_LAN,VSPD_LIM,VALIGN,VPROFILE,VPAVETYP,VSURCOND,VTRAFCON,VTCONT_F,P_CRASH1,P_CRASH2,P_CRASH3,PCRASH4,PCRASH5,ACC_TYPE,DEATHS,DR_DRINK
26,260737,2,2,1,16,10,17,59,12,2,1,0,26,1,22,16,22016,2,2004,1G2JB12F7472,1,G,2,J,B,1,2,F,7,4,7,2,0,P,PONT,SFR,CP,4,17,2771,,0,1041,,G,,F,4,134,,,15R195,,,,,,0,0,000000000,00000000000,0,0,0,1,0,0,0,0,0,0,0,998,0,0,0,12,6,2,12,0,0,0,1,26,48626,6,1,0,0,3,0,73,190,0,0,0,0,0,0,0,0,0,0,99,99,99,99,1,2,50,1,1,2,1,0,0,1,10,99,1,2,50,1,0
26,260738,1,2,1,16,10,22,30,8,0,1,0,26,2,14,6,14006,4,2009,2MEHM75V99X6,2,M,E,H,M,7,5,V,9,9,X,6,0,P,MERC,MGL,4D,9,17,4117,,0,1146,,F,,F,8,281,,,17R225,,,,,,0,0,000000000,00000000000,0,0,0,1,0,0,0,0,0,0,0,998,0,0,0,12,6,2,8,0,0,0,1,26,48195,6,1,0,0,3,3,71,240,1,0,0,0,0,7,2012,7,2012,0,0,0,0,0,6,1,98,1,1,1,1,0,0,1,80,8,1,1,13,0,0
26,260738,2,2,1,16,10,22,30,8,0,1,0,26,1,12,442,12442,20,2000,2FMZA5148YBC,2,F,M,Z,A,5,1,4,8,Y,B,C,0,T,FORD,WLX,ES,0,17,,1,0,1207,WIN,G,,,6,232,,,,B,3910,00,E,42,0,0,000000000,00000000000,0,0,0,1,0,0,0,0,0,0,0,998,0,0,0,12,2,1,8,0,0,0,1,26,48101,6,1,0,0,3,0,70,170,0,0,0,0,0,0,0,0,0,0,0,0,0,0,6,1,98,1,1,1,1,0,0,1,80,8,1,1,98,0,0
26,260739,1,2,1,5,10,8,56,12,6,1,0,26,2,22,18,22018,2,1996,1G2NE12M8TM5,1,G,2,N,E,1,2,M,8,T,M,5,0,P,PONT,GAS,CP,96,17,2662,,0,1034,,G,,F,6,191,,,14R195,,,,,,0,0,000000000,00000000000,0,0,0,1,0,0,0,0,0,0,0,998,0,0,0,12,6,2,12,0,0,0,1,26,48313,6,1,6,0,3,0,66,165,0,3,0,0,1,7,2010,5,2012,1,36,37,39,0,2,2,98,1,1,1,1,2,3,1,17,1,1,1,88,1,0
26,260739,2,2,1,5,10,8,56,12,6,1,0,26,3,20,421,20421,15,2012,1GNSKCE03CR2,1,G,N,S,K,C,E,0,3,C,R,2,0,P,CHEV,KTA,UT,12,17,5567,,0,1160,,F,,F,8,323,,,20R275,,,,,,0,0,000000000,00000000000,0,0,0,1,0,0,0,0,0,0,0,998,0,0,0,9,6,2,12,0,0,0,1,26,48359,6,1,0,0,3,0,64,120,0,0,0,0,0,0,0,0,0,0,0,0,0,0,2,4,50,1,1,1,1,2,3,1,66,99,1,1,89,0,0
26,260740,1,2,0,14,10,1,48,12,6,1,0,26,6,12,37,12037,4,2011,1FAHP3HN4BW1,1,F,A,H,P,3,H,N,4,B,W,1,0,P,FORD,FCL,4D,11,17,2642,,0,1029,,G,,F,4,122,,,16R205,,,,,,0,0,000000000,00000000000,0,0,0,1,0,0,0,0,0,0,0,998,0,0,0,3,6,2,12,0,0,0,0,0,99997,7,6,97,7,6,7,998,997,998,998,998,998,998,98,9998,98,9998,8,20,0,0,0,2,2,60,1,1,1,2,0,0,0,53,0,0,0,48,0,0
26,260740,2,2,2,14,10,1,48,12,6,1,0,26,1,52,37,52037,2,1997,4A3AK44Y6VE1,4,A,3,A,K,4,4,Y,6,V,E,1,0,P,MITS,EGS,2H,97,17,2855,,0,988,,G,,F,4,122,,,16R205,,,,,,0,0,000000000,00000000000,0,0,0,1,0,0,0,0,0,0,0,998,0,0,0,12,6,2,8,0,0,0,1,26,48048,6,1,0,0,3,0,73,120,1,0,0,1,2,5,2012,9,2012,0,99,99,99,99,2,2,60,1,1,1,2,0,0,1,50,99,1,1,48,0,0
26,260741,1,2,1,20,10,21,54,8,0,1,0,26,1,20,32,20032,4,1999,1Y1SK5281XZ4,1,Y,1,S,K,5,2,8,1,X,Z,4,0,P,CHEV,P/L,4D,99,17,2403,,0,971,,G,,F,4,110,,,14R175,,,,,,0,0,000000000,00000000000,0,0,0,1,0,0,0,0,0,0,0,998,0,0,0,11,2,3,8,0,0,0,1,26,49548,6,1,0,0,3,0,73,217,0,0,0,0,0,0,0,0,0,0,0,0,0,0,5,4,45,1,1,2,1,0,0,1,80,99,1,1,13,0,0
26,260741,2,2,1,20,10,21,54,8,0,1,0,26,1,12,3,12003,2,2013,1ZVBP8AM1D52,1,Z,V,B,P,8,A,M,1,D,5,2,0,P,FORD,MUS,CP,13,17,3401,,0,1071,,G,,F,6,226,,,17R225,,,,,,0,0,000000000,00000000000,0,0,0,1,0,0,0,0,0,0,0,998,0,0,0,12,2,3,8,0,0,0,1,26,49509,6,1,0,0,3,0,70,190,2,0,0,0,0,7,2010,10,2011,0,0,0,0,0,5,4,45,1,1,2,1,0,0,1,80,99,1,1,98,0,0
26,260742,1,2,3,26,10,19,19,12,6,1,0,26,2,18,2,18002,4,1998,1G4HP52K4WH4,1,G,4,H,P,5,2,K,4,W,H,4,0,P,BUIC,LCF,4D,98,17,3348,,0,1108,,G,,F,6,231,,,15R205,,,,,,0,0,000000000,00000000000,0,0,0,1,0,0,0,0,0,0,0,998,0,0,0,3,6,2,12,0,0,0,1,26,48117,6,1,0,0,3,0,71,150,0,0,0,0,0,0,0,0,0,0,38,0,0,0,5,4,35,1,1,2,1,4,3,11,15,99,1,1,68,0,0
26,260742,2,2,2,26,10,19,19,12,6,1,0,26,1,72,706,72706,80,1979,4E31929H9,4,E,3,1,9,2,9,H,9,,,,0,M,HD,XLS,RS,79,9,,,,,,,1000,,2,,4,504,,,,,,,0,0,000000000,00000000000,0,0,0,1,0,0,0,0,0,0,0,998,0,0,0,12,6,2,12,0,0,0,1,26,48229,6,1,0,0,3,0,71,180,1,7,0,1,0,5,2011,6,2012,0,0,0,0,0,5,4,35,1,1,2,1,4,3,1,62,99,1,1,69,1,0
26,260743,1,2,2,4,9,10,13,12,2,1,0,26,1,20,481,20481,31,1996,1GCEK14W7TZ1,1,G,C,E,K,1,4,W,7,T,Z,1,0,T,CHEV,GK1,PK,96,17,,2,1315,1175,GM4,G,,,6,262,,,,B,4210,01,,44,0,0,000000000,00000000000,0,0,0,1,0,0,0,0,0,0,0,998,0,0,0,12,6,2,12,0,0,0,1,26,48401,6,1,0,0,3,0,66,200,0,0,0,0,0,0,0,0,0,0,99,99,99,99,1,2,50,1,1,2,2,0,0,1,98,99,1,2,50,0,0
26,260743,2,2,1,4,9,10,13,12,2,1,0,26,1,12,461,12461,21,1999,1FDRE14L1XHB,1,F,D,R,E,1,4,L,1,X,H,B,0,T,FORD,15V,CG,99,17,,2,0,1380,VAN,G,,,8,330,,,,B,00000,00,E,42,0,0,000000000,00000000000,0,0,0,1,0,0,0,0,0,0,0,998,0,0,0,12,6,2,12,0,0,0,1,26,48450,6,1,0,0,3,3,71,195,0,0,0,0,0,0,0,0,0,0,0,0,0,0,1,2,50,1,1,2,2,0,0,1,62,99,1,1,51,1,0
26,260744,1,1,2,1,11,13,29,42,0,1,0,26,1,20,37,20037,4,2008,1G1ZJ57B58F1,1,G,1,Z,J,5,7,B,5,8,F,1,0,P,CHEV,ML2,4D,8,17,3436,,0,1123,,G,,F,4,146,,,17R225,,,,,,0,0,000000000,00000000000,0,0,0,1,0,0,0,0,0,0,0,998,0,0,0,12,6,2,42,0,0,0,1,26,49112,6,1,6,0,3,0,74,305,0,0,0,0,0,0,0,0,0,0,0,0,0,0,1,2,55,1,1,2,1,0,0,1,8,1,1,4,6,2,0
26,260745,1,3,1,3,11,7,55,12,1,1,0,93,1,82,881,82881,66,2000,1FUYDXYBXYLH,1,F,U,Y,D,X,Y,B,X,Y,L,H,1,T,FRHT,FLD,TR,0,17,,8,0,0,CON,D,,,6,893,,,,,00000,00,,64,1,57,000291146,57000291146,3,6,3,1,0,0,0,0,0,0,0,0,0,0,0,6,2,3,12,0,0,0,1,26,49251,6,1,6,0,3,0,73,280,0,0,0,0,0,0,0,0,0,0,54,0,0,0,3,2,70,1,1,2,1,0,0,5,53,1,1,1,98,0,0
26,260745,2,3,2,3,11,7,55,12,1,1,0,27,2,55,401,55401,14,2001,KM8SC83DX1U0,K,M,8,S,C,8,3,D,X,1,U,0,0,P,HYUN,SAN,UT,1,17,3549,,0,1031,,G,,F,6,162,,,16R225,,,,,,0,0,000000000,00000000000,0,0,0,1,0,0,0,0,0,0,0,0,0,0,0,6,6,2,12,0,0,0,1,27,55016,0,0,0,0,0,0,999,999,0,0,0,0,0,0,0,0,0,0,54,0,0,0,3,2,70,1,1,2,1,0,0,5,53,1,1,1,21,0,0
26,260745,3,3,1,3,11,7,55,12,1,1,0,26,1,7,482,7482,31,2003,1D7HU18D13S2,1,D,7,H,U,1,8,D,1,3,S,2,0,T,DODG,SQ1,CW,3,17,,2,1605,1405,RPC,G,,,8,345,,,,B,5005,02,E,44,0,0,000000000,00000000000,0,0,0,1,0,0,0,0,0,0,0,998,0,0,0,12,6,2,12,0,0,0,1,26,48103,6,1,0,0,3,0,73,305,1,0,0,0,0,11,2009,11,2009,0,26,0,0,0,3,2,70,1,1,2,1,0,0,1,50,99,1,1,20,1,0
26,260746,1,1,1,3,11,19,57,1,0,1,0,0,0,37,739,37739,90,2009,1HFTE26E2948,1,H,F,T,E,2,6,E,2,9,4,8,0,M,HOND,5PA,AT,9,17,,,,,,,499,,1,,4,648,,,,,,,0,0,000000000,00000000000,0,0,0,1,0,0,0,0,0,0,0,998,0,2,1,0,2,1,1,0,0,0,1,26,49855,6,1,0,0,1,0,69,260,0,0,0,0,0,0,0,0,0,0,99,99,99,99,1,2,55,1,1,4,1,0,0,1,9,99,9,1,98,1,1
26,260747,1,3,1,3,11,12,45,12,1,1,0,93,3,51,881,51881,66,2012,4V4NC9EJ5CN5,4,V,4,N,C,9,E,J,5,C,N,5,1,T,VOLV,VNL,TR,12,17,,8,0,0,VVN,D,,,6,793,,,,,00000,00,,64,1,57,000826326,57000826326,3,6,1,1,0,0,0,0,0,0,0,998,0,0,0,6,2,1,12,0,0,0,1,26,48616,6,1,6,0,3,0,75,225,0,0,0,0,0,0,0,0,0,0,0,0,0,0,3,2,70,1,1,1,1,0,0,2,53,1,1,1,98,0,0
26,260747,2,3,1,3,11,12,45,12,1,1,0,93,3,82,881,82881,66,2007,1FUJA6CK07LX,1,F,U,J,A,6,C,K,0,7,L,X,1,T,FRHT,COL,TR,7,17,,8,0,0,CON,D,,,6,855,,,,,00000,00,,64,1,57,000186725,57000186725,3,6,1,1,0,0,0,0,0,0,0,0,0,0,0,6,6,2,12,0,0,0,1,26,48041,6,1,6,0,3,0,76,280,0,0,0,0,2,11,2011,1,2012,0,54,0,0,0,3,2,70,1,1,1,1,0,0,5,53,1,1,1,21,0,0
26,260747,3,3,1,3,11,12,45,12,1,1,0,93,3,82,881,82881,66,2006,1FUJBBCK86LV,1,F,U,J,B,B,C,K,8,6,L,V,1,T,FRHT,ST2,TR,6,17,,8,0,0,CON,D,,,6,855,,,,,00000,00,,64,1,57,006711788,57006711788,3,6,1,1,0,0,0,0,0,0,0,998,0,0,0,12,6,2,12,0,0,0,1,26,48884,6,1,6,0,3,3,71,205,0,0,0,4,0,4,2010,9,2012,0,26,0,0,0,3,2,70,1,1,1,1,0,0,1,50,7,1,1,20,1,0
26,260748,1,1,1,5,11,22,43,8,0,1,0,26,1,20,481,20481,31,2000,1GCEK19V0YZ3,1,G,C,E,K,1,9,V,0,Y,Z,3,0,T,CHEV,SK1,3C,0,17,,2,1575,1435,SIL,G,,,8,293,,,,B,4621,02,,44,0,0,000000000,00000000000,0,0,0,1,0,0,0,0,0,0,0,998,0,0,0,14,2,3,8,0,0,0,1,26,49896,6,1,6,0,3,0,65,245,0,0,0,0,0,0,0,0,0,0,0,0,0,0,1,2,55,1,1,2,1,0,0,1,80,1,1,1,13,0,0
26,260749,1,1,1,8,11,17,49,8,0,1,0,26,1,49,40,49040,4,2008,4T1BB46K28U0,4,T,1,B,B,4,6,K,2,8,U,0,0,P,TOYT,CHB,4D,8,17,3680,,0,1093,,B,,F,4,146,,,16R215,,,,,,0,0,000000000,00000000000,0,0,0,1,0,0,0,0,0,0,0,998,0,0,0,11,2,3,8,0,0,0,1,26,48108,6,1,0,0,3,0,65,140,1,0,0,1,0,8,2010,5,2012,0,23,0,0,0,1,2,45,1,1,2,1,0,0,1,80,99,1,1,13,0,0
26,260750,1,1,2,9,11,18,7,8,0,1,0,26,1,23,481,23481,31,1999,1GTEC14W2XE5,1,G,T,E,C,1,4,W,2,X,E,5,0,T,GMC,NC1,PK,99,17,,2,1330,1190,SIE,G,,,6,262,,,,B,3887,00,U,42,0,0,000000000,00000000000,0,0,0,1,0,0,0,0,0,0,0,998,0,0,0,1,4,8,8,0,0,0,1,26,49246,6,1,0,0,3,3,71,185,0,0,0,0,0,0,0,0,0,0,0,0,0,0,5,4,45,1,2,2,1,0,0,1,80,99,1,1,13,0,0
26,260751,1,2,2,12,11,9,15,12,1,1,0,26,2,6,54,6054,6,2007,2A8GM48L77R3,2,A,8,G,M,4,8,L,7,7,R,3,0,P,CHRY,PIF,UT,7,17,4337,,0,1163,,G,,F,6,232,,,17R235,,,,,,0,0,000000000,00000000000,0,0,0,1,0,0,0,0,0,0,0,998,0,0,0,12,6,2,12,0,0,0,1,26,49796,6,1,0,0,3,3,74,196,0,0,0,0,0,0,0,0,0,1,26,0,0,0,2,4,70,1,1,1,1,0,0,1,52,2,1,1,28,0,0
26,260751,2,2,1,12,11,9,15,12,1,1,0,26,1,21,23,21023,4,2001,1G3WS52H71F1,1,G,3,W,S,5,2,H,7,1,F,1,0,P,OLDS,IGL,4D,1,17,3455,,0,1090,,G,,F,6,211,,,16R225,,,,,,0,0,000000000,00000000000,0,0,0,1,0,0,0,0,0,0,0,998,0,0,0,6,6,2,12,0,0,0,1,26,49346,6,1,0,0,3,0,71,150,0,0,0,2,0,4,2010,3,2012,0,0,0,0,0,2,4,70,1,1,1,1,0,0,2,87,2,1,1,29,1,0
26,260752,1,1,1,7,11,10,5,30,0,1,0,26,1,30,40,30040,4,1996,3VWRA81H9TM0,3,V,W,R,A,8,1,H,9,T,M,0,0,P,VOLK,UJG,4D,96,17,2573,,0,974,,G,,F,4,121,,,14R185,,,,,,0,0,000000000,00000000000,0,0,0,1,0,0,0,0,0,0,0,998,0,0,0,12,6,2,30,0,0,0,1,26,48207,6,1,0,0,3,3,59,125,0,0,0,0,0,0,0,0,0,0,99,99,99,99,1,6,25,1,1,2,1,0,0,1,13,99,1,4,1,1,0
26,260753,1,2,1,11,11,19,55,12,2,1,1,26,2,22,2,22002,4,1999,1G2HX52K1XH2,1,G,2,H,X,5,2,K,1,X,H,2,0,P,PONT,BVS,4D,99,17,3446,,0,1108,,G,,F,6,231,,,15R215,,,,,,0,0,000000000,00000000000,0,0,0,1,0,0,0,0,0,0,0,998,0,0,0,12,6,2,12,0,0,0,1,26,48650,6,1,0,0,3,0,69,200,0,1,0,0,0,7,2010,7,2010,0,28,0,0,0,1,2,55,1,1,2,1,0,0,1,10,99,1,2,50,0,1
26,260753,2,2,3,11,11,19,55,12,2,1,0,26,2,20,2,20002,4,2003,2G1WF52E0394,2,G,1,W,F,5,2,E,0,3,9,4,0,P,CHEV,IMP,4D,3,17,3389,,0,1105,,G,,F,6,207,,,16R225,,,,,,0,0,000000000,00000000000,0,0,0,1,0,0,0,0,0,0,0,998,0,0,0,12,6,2,12,0,0,0,1,26,48612,6,1,0,0,3,0,67,206,2,0,0,0,0,12,2009,6,2011,0,0,0,0,0,1,2,55,1,1,2,1,0,0,1,62,7,1,1,51,1,0
26,260754,1,1,1,14,11,6,3,8,0,1,0,26,2,7,43,7043,4,1996,1B3EJ46XXTN2,1,B,3,E,J,4,6,X,X,T,N,2,0,P,DODG,STR,4D,96,17,2859,,0,1080,,G,,F,4,148,,,14R195,,,,,,0,0,000000000,00000000000,0,0,0,1,0,0,0,0,0,0,0,998,0,0,0,1,2,3,8,0,0,0,1,26,48071,6,1,0,0,3,3,62,150,0,0,0,0,0,0,0,0,0,0,0,0,0,0,5,4,45,1,1,2,1,0,0,1,80,99,1,1,13,0,0
26,260755,1,1,1,14,11,15,55,1,0,1,0,26,1,12,35,12035,4,1999,1FAFP66L1XK1,1,F,A,F,P,6,6,L,1,X,K,1,0,P,FORD,CSS,4D,99,17,2774,,0,1065,,G,,F,6,155,,,14R185,,,,,,0,0,000000000,00000000000,0,0,0,1,0,0,0,0,0,0,0,998,0,2,5,0,6,2,42,0,0,0,1,26,49617,3,1,0,0,2,3,63,152,0,0,0,0,0,0,0,0,0,1,58,0,0,0,1,3,55,3,2,2,1,0,0,14,6,6,4,4,2,1,1
26,260756,1,3,1,13,11,19,11,12,2,1,0,26,2,12,481,12481,31,1997,1FTDX18W6VNC,1,F,T,D,X,1,8,W,6,V,N,C,0,T,FORD,F15,3C,97,17,,1,1570,1390,COF,G,,,8,281,,,,B,4480,01,E,44,0,0,000000000,00000000000,0,0,0,1,0,0,0,0,0,0,0,998,0,1,1,12,6,2,12,0,0,0,1,26,49098,1,1,0,0,2,0,69,175,0,1,0,0,0,7,2010,7,2010,0,35,0,0,0,1,2,55,1,1,2,1,0,0,6,10,99,1,2,50,0,1
26,260756,2,3,4,13,11,19,11,12,2,1,0,26,2,22,20,22020,4,2006,2G2WP5521611,2,G,2,W,P,5,5,2,1,6,1,1,0,P,PONT,GRA,4D,6,17,3477,,0,1105,,G,,F,6,232,,,16R225,,,,,,0,0,000000000,00000000000,0,0,0,1,0,0,0,0,0,0,0,998,0,0,0,12,6,2,12,0,0,0,1,26,49013,2,1,0,0,2,0,67,165,1,7,2,0,1,5,2010,10,2012,0,0,0,0,0,1,2,55,1,1,2,1,0,0,1,62,1,1,1,51,3,0
26,260756,3,3,3,13,11,19,11,12,2,1,0,26,1,21,21,21021,4,2003,1G3NL52F13C1,1,G,3,N,L,5,2,F,1,3,C,1,0,P,OLDS,A/G,4D,3,17,3016,,0,1070,,G,,F,4,134,,,15R215,,,,,,0,0,000000000,00000000000,0,0,0,1,0,0,0,0,0,0,0,998,0,0,0,7,4,3,12,0,0,0,1,26,49090,6,1,0,0,3,0,64,245,0,0,0,0,0,0,0,0,0,0,0,0,0,0,1,2,55,1,1,2,1,0,0,1,60,99,1,1,98,0,0
26,260757,1,1,1,18,11,5,30,42,0,1,0,26,1,12,442,12442,20,1998,2FMZA5147WBC,2,F,M,Z,A,5,1,4,7,W,B,C,0,T,FORD,WWG,ES,98,17,,1,0,1207,WIN,G,,,6,232,,,,B,3762,02,F,42,0,0,000000000,00000000000,0,0,0,1,0,0,0,0,0,0,0,998,0,0,0,11,6,2,42,0,0,0,1,26,48838,6,1,0,0,3,0,69,180,1,0,1,0,0,8,2010,8,2010,0,99,99,99,99,1,2,55,3,1,2,1,0,0,1,13,99,1,4,1,1,1
26,260758,1,1,1,18,11,19,48,33,0,1,0,26,2,37,705,37705,80,1997,JH2PC2519VM6,J,H,2,P,C,2,5,1,9,V,M,6,0,M,HOND,RF3,RC,97,17,,,,,,,600,,4,,4,405,,,,,,,0,0,000000000,00000000000,0,0,0,1,0,0,0,0,0,0,0,998,0,0,0,3,6,2,33,0,0,0,1,26,48094,6,1,0,0,2,0,73,160,0,0,0,0,1,2,2012,2,2012,0,6,36,0,0,1,2,50,3,1,2,1,0,0,1,13,99,1,4,1,1,1
26,260759,1,1,1,18,11,15,30,21,0,1,0,26,1,20,36,20036,2,2005,2G1WX12K0593,2,G,1,W,X,1,2,K,0,5,9,3,0,P,CHEV,M/T,CP,5,17,3395,,0,1105,,G,,F,6,231,,,16R225,,,,,,0,0,000000000,00000000000,0,0,0,1,0,0,0,0,0,0,0,998,0,0,0,12,6,2,21,0,0,0,1,26,49441,6,1,0,0,3,3,71,165,1,0,0,0,0,2,2011,2,2011,0,99,99,99,99,2,2,70,1,1,2,1,0,0,1,12,99,1,4,6,1,0
26,260760,1,2,1,20,11,17,28,11,0,1,0,26,1,20,422,20422,15,2004,3GNFK16Z44G2,3,G,N,F,K,1,6,Z,4,4,G,2,0,P,CHEV,K15,UT,4,17,5219,,0,1300,,F,,F,8,325,,,16R265,,,,,,0,0,000000000,00000000000,0,0,0,1,0,0,0,0,0,0,0,998,0,0,0,11,2,1,11,0,0,0,1,26,48734,6,1,0,0,3,3,74,260,1,0,0,0,0,11,2011,11,2011,0,83,0,0,0,1,4,55,1,1,1,2,0,0,1,87,99,1,1,13,0,0
26,260760,2,2,2,20,11,17,28,11,0,1,0,26,2,20,16,20016,4,2003,1G1JF52F2371,1,G,1,J,F,5,2,F,2,3,7,1,0,P,CHEV,CAS,4D,3,17,2676,,0,1041,,G,,F,4,134,,,15R195,,,,,,0,0,000000000,00000000000,0,0,0,1,0,0,0,0,0,0,0,998,0,0,0,13,6,2,54,0,0,0,1,26,48601,6,1,0,0,3,0,69,152,0,0,0,1,0,6,2010,6,2010,0,83,0,0,0,1,4,55,1,1,1,2,0,0,1,87,99,1,1,98,1,0
26,260761,1,2,1,22,11,12,17,12,6,1,0,26,1,7,481,7481,31,1990,1B7GE16Y7LS6,1,B,7,G,E,1,6,Y,7,L,S,6,0,T,DODG,D15,PK,90,17,,1,1310,1150,D15,G,,,8,318,,,,B,3506,01,A,42,0,0,000000000,00000000000,0,0,0,1,0,0,0,0,0,0,0,998,0,0,0,12,6,2,12,0,0,0,1,26,48867,6,1,0,0,3,0,66,120,0,0,0,1,0,7,2012,7,2012,1,36,0,0,0,1,4,35,1,1,2,1,0,0,1,62,99,1,1,69,0,0
26,260761,2,2,1,22,11,12,17,12,6,1,0,26,1,20,22,20022,2,2005,1G1AK12F8576,1,G,1,A,K,1,2,F,8,5,7,6,0,P,CHEV,CBT,CP,5,17,2991,,0,1033,,G,,F,4,134,,,15R195,,,,,,0,0,000000000,00000000000,0,0,0,1,0,0,0,0,0,0,0,998,0,0,0,3,6,2,12,0,0,0,1,26,48867,6,1,0,0,3,3,74,200,0,0,0,0,0,0,0,0,0,0,0,0,0,0,1,4,35,1,1,2,1,0,0,11,15,99,1,1,68,1,0
26,260762,1,1,1,25,11,3,0,8,0,1,0,26,2,6,441,6441,20,2001,2C4GP44361R2,2,C,4,G,P,4,4,3,6,1,R,2,0,T,CHRY,TLX,ES,1,17,,1,0,1193,TWC,F,,,6,201,,,,,3993,00,,42,0,0,000000000,00000000000,0,0,0,1,0,0,0,0,0,0,0,998,0,0,0,12,2,3,8,0,0,0,1,26,49099,6,1,0,0,3,0,72,160,0,2,0,0,0,1,2010,3,2010,0,99,99,99,99,1,2,35,1,1,2,1,0,0,1,80,99,1,1,13,0,1
26,260763,1,2,1,17,11,13,51,12,1,1,0,26,1,7,482,7482,32,2012,1C6RD7LT8CS1,1,C,6,R,D,7,L,T,8,C,S,1,0,T,DODG,SL1,CW,12,17,,2,0,1400,RPC,G,,,8,348,,,,B,5478,00,K,44,0,0,000000000,00000000000,0,0,0,1,0,0,0,0,0,0,0,998,0,0,0,12,6,2,8,0,0,0,1,26,48329,6,1,0,0,3,0,69,170,0,0,0,0,1,9,2010,9,2010,0,99,99,99,99,2,4,50,1,1,2,1,0,0,1,50,99,1,1,32,0,0
26,260763,2,2,1,17,11,13,51,12,1,1,0,26,6,49,40,49040,4,1999,4T1BG22KXXU4,4,T,1,B,G,2,2,K,X,X,U,4,0,P,TOYT,UEX,4D,99,17,2998,,0,1051,,G,,F,4,132,,,14R195,,,,,,0,0,000000000,00000000000,0,0,0,1,0,0,0,0,0,0,0,0,0,0,0,6,6,8,12,0,0,0,0,0,99997,7,6,97,7,6,7,998,997,998,998,998,998,998,98,9998,98,9998,8,54,0,0,0,2,4,50,1,1,2,1,0,0,0,53,0,0,0,32,0,0
26,260764,1,1,2,24,11,3,50,32,0,1,0,26,1,23,481,23481,31,2002,2GTEK19T9212,2,G,T,E,K,1,9,T,9,2,1,2,0,T,GMC,NK1,4C,2,17,,2,1575,1435,SIE,G,,,8,325,,,,B,4910,02,U,44,0,0,000000000,00000000000,0,0,0,1,0,0,0,0,0,0,0,998,0,0,0,11,6,2,42,0,0,0,1,26,48475,6,1,0,0,3,0,72,150,0,0,0,0,0,0,0,0,0,1,0,0,0,0,1,2,55,1,2,4,1,0,0,1,13,99,3,4,2,1,1
26,260765,1,1,2,18,11,3,24,8,0,1,0,26,2,2,405,2405,14,2002,1J4GL48K42W1,1,J,4,G,L,4,8,K,4,2,W,1,0,T,JEEP,SPR,4W,2,17,,1,0,1043,LIB,G,,,6,226,,,,,3682,02,E,44,0,0,000000000,00000000000,0,0,0,1,0,0,0,0,0,0,0,998,0,0,0,12,2,3,8,0,0,0,1,26,49024,6,1,0,0,3,0,69,140,1,0,0,0,0,6,2010,6,2010,0,99,99,99,99,2,2,55,2,1,1,1,0,0,1,12,99,1,6,13,0,0
26,260766,1,1,1,1,11,12,46,19,0,1,0,26,1,13,421,13421,15,2000,5LMFU28A1YLJ,5,L,M,F,U,2,8,A,1,Y,L,J,0,P,LINC,NAV,UT,0,17,5723,,0,1190,,G,,F,8,330,,,17R255,,,,,,0,0,000000000,00000000000,0,0,0,1,0,0,0,0,0,0,0,998,0,0,0,12,6,2,14,0,0,0,1,26,49201,6,1,0,0,3,0,69,220,0,0,0,1,0,6,2011,6,2011,1,0,0,0,0,1,2,35,2,1,2,1,0,0,14,12,99,1,4,6,1,0
26,260767,1,2,1,1,11,17,5,12,6,1,0,26,1,20,471,20471,30,2000,1GCDT14W3Y82,1,G,C,D,T,1,4,W,3,Y,8,2,0,T,CHEV,S14,PK,0,17,,1,1179,1083,S,G,,,6,262,,,,B,3618,00,,44,0,0,000000000,00000000000,0,0,0,1,0,0,0,0,0,0,0,998,0,0,0,9,6,2,12,0,0,0,1,26,48818,6,1,0,0,3,0,67,170,0,0,1,0,0,4,2010,4,2010,0,0,0,0,0,1,2,55,1,1,2,1,0,0,1,66,99,1,1,89,1,0