STATE,ST_CASE,VEH_NO,VE_FORMS,NUMOCCS,DAY,MONTH,HOUR,MINUTE,HARM_EV,MAN_COLL,UNITTYPE,HIT_RUN,REG_STAT,OWNER,MAKE,MODEL,MAK_MOD,BODY_TYP,MOD_YEAR,VIN,VIN_1,VIN_2,VIN_3,VIN_4,VIN_5,VIN_6,VIN_7,VIN_8,VIN_9,VIN_10,VIN_11,VIN_12,TOW_VEH,VINTYPE,VINMAKE,VINA_MOD,VIN_BT,VINMODYR,VIN_LNGT,VIN_WGT,WGTCD_TR,WHLBS_LG,WHLBS_SH,SER_TR,FUELCODE,MCYCL_DS,CARBUR,CYLINDER,DISPLACE,MCYCL_CY,MCYCL_WT,TIRE_SZE,TON_RAT,TRK_WT,TRKWTVAR,VIN_REST,WHLDRWHL,J_KNIFE,MCARR_I1,MCARR_I2,MCARR_ID,GVWR,V_CONFIG,CARGO_BT,HAZ_INV,HAZ_PLAC,HAZ_ID,HAZ_CNO,HAZ_REL,BUS_USE,SPEC_USE,EMER_USE,TRAV_SP,UNDERIDE,ROLLOVER,ROLINLOC,IMPACT1,DEFORMED,TOWED,M_HARM,VEH_SC1,VEH_SC2,FIRE_EXP,DR_PRES,L_STATE,DR_ZIP,L_STATUS,L_TYPE,CDL_STAT,L_ENDORS,L_COMPL,L_RESTRI,DR_HGT,DR_WGT,PREV_ACC,PREV_SUS,PREV_DWI,PREV_SPD,PREV_OTH,FIRST_MO,FIRST_YR,LAST_MO,LAST_YR,SPEEDREL,DR_SF1,DR_SF2,DR_SF3,DR_SF4,VTRAFWAY,VNUM_LAN,VSPD_LIM,VALIGN,VPROFILE,VPAVETYP,VSURCOND,VTRAFCON,VTCONT_F,P_CRASH1,P_CRASH2,P_CRASH3,PCRASH4,PCRASH5,ACC_TYPE,DEATHS,DR_DRINK
26,260767,2,2,8,1,11,17,5,12,6,1,0,26,3,20,461,20461,21,2000,1GAHG39RXY12,1,G,A,H,G,3,9,R,X,Y,1,2,0,T,CHEV,E35,ES,0,17,,2,0,1550,EXP,G,,,8,350,,,,D,6208,00,,42,0,0,000000000,00000000000,0,0,0,1,0,0,0,0,0,0,0,998,0,0,0,12,6,2,12,0,0,0,1,26,48858,6,1,0,0,3,0,70,145,0,0,0,0,0,0,0,0,0,0,39,0,0,0,1,2,55,1,1,2,1,20,3,1,17,99,1,1,88,0,0
26,260768,1,2,1,3,11,11,15,12,2,1,0,26,2,7,27,7027,6,2009,3D4GG67V09T2,3,D,4,G,G,6,7,V,0,9,T,2,0,P,DODG,JOU,UT,9,17,4064,,0,1138,,G,,F,6,214,,,19R225,,,,,,0,0,000000000,00000000000,0,0,0,1,0,0,0,0,0,0,0,998,0,0,0,12,6,2,12,0,0,0,1,26,48813,6,1,0,0,3,0,73,285,0,0,0,0,0,0,0,0,0,0,28,0,0,0,5,4,45,1,1,2,1,0,0,1,10,99,1,2,50,1,0
26,260768,2,2,1,3,11,11,15,12,2,1,0,26,2,20,481,20481,31,1998,2GCEK19R9W12,2,G,C,E,K,1,9,R,9,W,1,2,0,T,CHEV,GK1,PC,98,17,,2,1555,1415,GM4,G,,,8,350,,,,B,00000,00,,44,0,0,000000000,00000000000,0,0,0,1,0,0,0,0,0,0,0,998,0,0,0,12,6,2,12,0,0,0,1,26,49096,6,1,0,0,3,0,72,200,2,0,0,1,0,11,2011,7,2012,0,0,0,0,0,5,4,45,1,1,2,1,0,0,1,62,99,1,1,51,0,0
26,260769,1,2,2,3,11,18,59,12,6,1,0,26,2,49,40,49040,4,1999,4T1BF28K7XU0,4,T,1,B,F,2,8,K,7,X,U,0,0,P,TOYT,XLL,4D,99,17,3175,,0,1051,,G,,F,6,183,,,15R205,,,,,,0,0,000000000,00000000000,0,0,0,1,0,0,0,0,0,0,0,998,0,0,0,3,6,2,12,0,0,0,1,26,48314,6,1,0,0,3,0,63,160,0,0,0,0,0,0,0,0,0,0,38,0,0,0,5,4,45,1,1,1,1,0,0,11,15,99,1,1,68,1,0
26,260769,2,2,1,3,11,18,59,12,6,1,0,26,2,13,12,13012,4,2002,1LNHM87A72Y7,1,L,N,H,M,8,7,A,7,2,Y,7,0,P,LINC,LLS,4D,2,17,3734,,0,1145,,G,,F,8,240,,,16R215,,,,,,0,0,000000000,00000000000,0,0,0,1,0,0,0,0,0,0,0,998,0,0,0,12,6,2,12,0,0,0,1,26,48313,6,1,0,0,3,0,67,170,0,0,0,0,0,0,0,0,0,0,0,0,0,0,5,4,45,1,1,1,1,0,0,1,62,99,1,1,69,0,1
26,260770,1,1,1,13,11,19,46,8,0,1,0,26,2,20,481,20481,31,2004,1GCHK23U44F2,1,G,C,H,K,2,3,U,4,4,F,2,0,T,CHEV,2KH,CW,4,17,,2,1670,1530,SIL,G,,,8,364,,,,C,6056,03,,44,0,0,000000000,00000000000,0,0,0,1,0,0,0,0,0,0,0,998,0,0,0,11,2,3,8,0,0,0,1,26,48161,6,1,0,0,3,0,71,250,0,0,0,0,0,0,0,0,0,0,0,0,0,0,2,2,55,1,1,2,1,0,0,1,80,8,1,1,13,0,0
26,260771,1,2,1,27,11,20,27,12,2,1,0,26,1,19,3,19003,4,1996,1G6KD52Y1TU2,1,G,6,K,D,5,2,Y,1,T,U,2,0,P,CADI,DFW,4D,96,17,3758,,0,1138,,G,,F,8,279,,,15R225,,,,,,0,0,000000000,00000000000,0,0,0,1,0,0,0,0,0,0,0,998,3,0,0,12,6,2,12,0,0,0,1,26,48464,6,1,0,0,3,3,73,170,1,0,0,0,0,5,2012,5,2012,0,28,0,0,0,1,4,45,2,1,1,1,0,0,6,10,99,1,2,50,1,1
26,260771,2,2,2,27,11,20,27,12,2,1,0,51,3,84,881,84881,63,2008,3HTMMAANX8N6,3,H,T,M,M,A,A,N,X,8,N,6,0,T,INTL,430,CC,8,17,,7,0,0,40S,D,,,6,466,,,,,00000,00,,42,0,57,000518122,57000518122,3,1,97,1,0,0,0,0,0,0,0,998,0,0,0,12,4,3,12,0,0,0,1,26,48111,6,1,6,0,3,3,76,175,1,0,0,0,0,11,2009,11,2009,0,0,0,0,0,1,4,45,3,1,1,1,0,0,14,62,2,1,1,51,0,0
26,260772,1,1,1,29,11,20,25,30,0,1,0,21,1,37,32,37032,4,2000,1HGCG5662YA1,1,H,G,C,G,5,6,6,2,Y,A,1,0,P,HOND,UEX,4D,0,17,3086,,0,1069,,G,,F,4,138,,,15R195,,,,,,0,0,000000000,00000000000,0,0,0,1,0,0,0,0,0,0,0,998,0,1,5,12,6,2,1,0,0,0,1,21,42503,6,1,0,0,3,0,65,115,2,0,0,0,0,11,2010,3,2011,1,0,0,0,0,1,2,55,2,1,2,2,0,0,14,12,99,1,4,6,1,1
26,260773,1,1,3,29,11,2,0,42,0,1,0,26,2,14,6,14006,4,1999,2MEFM75W0XX6,2,M,E,F,M,7,5,W,0,X,X,6,0,P,MERC,MGL,4D,99,17,3922,,0,1147,,G,,F,8,281,,,16R225,,,,,,0,0,000000000,00000000000,0,0,0,1,0,0,0,0,0,0,0,998,0,0,0,3,6,2,42,0,0,0,1,26,49037,0,0,0,0,0,0,71,200,0,2,0,0,2,6,2011,11,2011,1,0,0,0,0,5,2,30,1,1,2,1,0,0,1,9,99,9,4,7,2,1
26,260774,1,2,1,16,11,18,30,12,6,1,0,26,1,12,13,12013,2,1998,3FALP1137WR1,3,F,A,L,P,1,1,3,7,W,R,1,0,P,FORD,ZXS,CP,98,17,2478,,0,984,,G,,F,4,121,,,14R185,,,,,,0,0,000000000,00000000000,0,0,0,1,0,0,0,0,0,0,0,998,0,0,0,9,6,2,12,0,0,0,1,26,48062,6,1,0,0,3,0,63,120,1,1,0,1,1,12,2009,3,2010,1,6,34,36,0,1,2,55,1,1,2,1,0,0,6,8,99,4,2,64,1,1
26,260774,2,2,1,16,11,18,30,12,6,1,0,26,1,49,32,49032,4,2006,JTDBR32EX600,J,T,D,B,R,3,2,E,X,6,0,0,0,P,TOYT,EEL,4D,6,17,2530,,0,1024,,G,,F,4,109,,,15R185,,,,,,0,0,000000000,00000000000,0,0,0,1,0,0,0,0,0,0,0,998,0,0,0,12,6,2,12,0,0,0,1,26,48060,6,1,0,0,3,0,63,183,0,0,0,0,0,0,0,0,0,0,0,0,0,0,1,2,55,1,1,2,1,0,0,1,62,3,1,1,65,0,0
26,260775,1,1,5,2,11,6,25,42,0,1,0,39,2,12,17,12017,4,1998,1FAFP52U9WG2,1,F,A,F,P,5,2,U,9,W,G,2,0,P,FORD,TLS,4D,98,17,3359,,0,1085,,G,,F,6,182,,,15R205,,,,,,0,0,000000000,00000000000,0,0,0,1,0,0,0,0,0,0,0,998,0,0,0,12,6,2,42,0,0,0,1,26,48214,0,0,0,0,0,0,999,999,0,0,0,0,0,0,0,0,0,1,0,0,0,0,1,2,25,1,1,2,1,0,0,1,12,99,1,4,6,2,0
26,260776,1,1,1,5,11,15,50,1,0,1,0,26,1,20,401,20401,14,1995,1GNDT13W3S21,1,G,N,D,T,1,3,W,3,S,2,1,0,P,CHEV,BZR,UT,95,17,4071,,0,1070,,G,,F,6,262,,,15R205,,,,,,0,0,000000000,00000000000,0,0,0,1,0,0,0,0,0,0,0,998,0,2,1,0,6,2,1,0,0,0,1,26,49738,6,1,0,0,3,3,63,128,2,0,0,0,0,10,2011,12,2011,0,99,99,99,99,2,2,70,2,2,1,1,0,0,14,12,7,2,1,98,1,0
26,260777,1,2,1,25,11,4,40,23,0,1,0,26,2,20,20,20020,4,1997,2G1WL52M2V93,2,G,1,W,L,5,2,M,2,V,9,3,0,P,CHEV,L/S,4D,97,17,3360,,0,1075,,G,,F,6,191,,,15R205,,,,,,0,0,000000000,00000000000,0,0,0,1,0,0,0,0,0,0,0,998,0,0,0,11,6,2,8,0,0,0,1,26,48203,1,1,0,0,2,0,69,155,0,7,0,0,0,9,2012,10,2012,1,87,0,0,0,3,4,55,1,1,1,4,0,0,1,5,6,2,4,7,0,0
26,260777,2,2,0,25,11,4,40,23,0,1,0,21,6,20,2,20002,4,2006,2G1WU5810693,2,G,1,W,U,5,8,1,0,6,9,3,0,P,CHEV,ITZ,4D,6,17,3477,,0,1105,,G,,F,6,238,,,17R225,,,,,,0,0,000000000,00000000000,0,0,0,1,0,0,0,0,0,0,0,0,0,0,0,12,6,2,12,0,0,0,0,0,99997,7,6,97,7,6,7,998,997,998,998,998,998,998,98,9998,98,9998,8,0,0,0,0,3,4,55,1,1,1,4,0,0,0,53,0,0,0,98,0,0
26,260778,1,1,1,4,11,21,40,30,0,1,0,26,2,12,23,12023,4,2009,3FAHP07129R2,3,F,A,H,P,0,7,1,2,9,R,2,0,P,FORD,F/E,4D,9,17,3325,,0,1074,,G,,F,6,183,,,16R205,,,,,,0,0,000000000,00000000000,0,0,0,1,0,0,0,0,0,0,0,998,0,0,0,9,6,2,30,0,0,0,1,26,48178,6,1,0,0,3,3,70,160,0,0,0,0,0,0,0,0,0,0,99,99,99,99,1,2,50,2,2,2,1,0,0,14,12,99,1,4,6,1,1
26,260779,1,2,2,7,11,8,5,12,2,1,0,26,2,22,16,22016,4,1992,1G2JB54T4N75,1,G,2,J,B,5,4,T,4,N,7,5,0,P,PONT,SSE,4D,92,17,2484,,0,1013,,G,,F,6,191,,,14R185,,,,,,0,0,000000000,00000000000,0,0,0,1,0,0,0,0,0,0,0,998,0,0,0,12,6,2,12,0,0,0,1,26,49014,6,1,0,0,3,0,72,170,0,0,0,0,0,0,0,0,0,0,0,0,0,0,1,2,55,1,2,2,1,0,0,1,62,99,1,1,51,1,0
26,260779,2,2,1,7,11,8,5,12,2,1,0,26,1,12,3,12003,2,2012,1ZVBP8CU4C52,1,Z,V,B,P,8,C,U,4,C,5,2,0,P,FORD,MB3,CP,12,17,3483,,0,1071,,G,,F,8,305,,,18R235,,,,,,0,0,000000000,00000000000,0,0,0,1,0,0,0,0,0,0,0,998,0,0,0,12,6,2,12,0,0,0,1,26,49068,6,1,0,0,3,0,75,180,0,0,0,0,0,0,0,0,0,0,28,0,0,0,1,2,55,1,2,2,1,0,0,1,10,99,1,2,50,0,1
26,260780,1,1,1,9,11,6,55,1,0,1,0,26,2,24,401,24401,14,2007,5GZCZ53457S8,5,G,Z,C,Z,5,3,4,5,7,S,8,0,P,STRN,VUE,UT,7,17,3534,,0,1066,,G,,F,6,214,,,16R235,,,,,,0,0,000000000,00000000000,0,0,0,1,0,0,0,0,0,0,0,998,0,2,3,0,6,2,1,0,0,0,1,26,49014,6,1,0,0,3,0,72,170,0,0,0,0,0,0,0,0,0,1,0,0,0,0,2,2,70,1,1,1,1,0,0,1,12,99,1,4,6,1,0
26,260781,1,1,1,10,11,23,30,8,0,1,0,26,1,23,471,23471,30,2000,1GTCS19W2Y81,1,G,T,C,S,1,9,W,2,Y,8,1,0,T,GMC,SON,PC,0,17,,1,0,1229,SON,G,,,6,262,,,,B,3242,00,U,42,0,0,000000000,00000000000,0,0,0,1,0,0,0,0,0,0,0,998,0,0,0,12,6,2,8,0,0,0,1,26,49417,6,1,0,0,3,0,74,215,0,0,0,0,0,0,0,0,0,0,0,0,0,0,1,2,55,1,1,2,1,2,3,1,80,1,1,1,13,0,0
26,260782,1,1,1,11,11,7,30,52,0,1,0,26,1,20,481,20481,31,1999,1GCEK19T3XE1,1,G,C,E,K,1,9,T,3,X,E,1,0,T,CHEV,SK1,3C,99,17,,2,1575,1435,SIL,G,,,8,325,,,,B,4621,00,,44,0,0,000000000,00000000000,0,0,0,1,0,0,0,0,0,0,0,998,0,2,5,11,6,2,52,0,0,0,1,26,49307,6,1,0,0,3,0,72,180,0,0,0,1,1,8,2011,8,2012,0,99,99,99,99,1,2,55,1,1,1,1,0,0,1,13,99,1,4,1,1,0
26,260783,1,2,1,8,11,9,30,12,6,1,0,48,2,37,32,37032,4,1999,1HGCG5654XA0,1,H,G,C,G,5,6,5,4,X,A,0,0,P,HOND,UEX,4D,99,17,3086,,0,1069,,G,,F,4,138,,,15R195,,,,,,0,0,000000000,00000000000,0,0,0,1,0,0,0,0,0,0,0,998,0,0,0,3,6,2,12,0,0,0,1,26,48197,6,1,0,0,3,0,69,157,0,0,0,1,1,5,2011,12,2011,0,28,0,0,0,1,4,45,2,2,2,1,0,0,14,10,99,1,2,64,1,0
26,260783,2,2,1,8,11,9,30,12,6,1,0,26,2,63,402,63402,14,2011,5XYKU3A18BG0,5,X,Y,K,U,3,A,1,8,B,G,0,0,P,KIA,SOR,UT,11,17,3796,,0,1063,,G,,F,4,144,,,18R235,,,,,,0,0,000000000,00000000000,0,0,0,1,0,0,0,0,0,0,0,998,0,0,0,12,6,2,12,0,0,0,1,26,48111,6,1,0,0,3,3,61,180,0,0,0,0,0,0,0,0,0,0,0,0,0,0,1,4,45,1,2,2,1,0,0,1,62,99,1,1,65,0,0
26,260784,1,2,1,26,11,21,59,12,1,1,0,26,2,7,20,7020,4,2005,1B3ES56C35D1,1,B,3,E,S,5,6,C,3,5,D,1,0,P,DODG,NXT,4D,5,17,2634,,0,1040,,G,,F,4,122,,,15R185,,,,,,0,0,000000000,00000000000,0,0,0,1,0,0,0,0,0,0,0,998,0,0,0,12,6,2,12,0,0,0,1,26,48160,6,1,0,0,3,0,66,145,0,1,0,0,2,7,2011,10,2012,0,26,0,0,0,2,2,70,1,1,1,1,0,0,1,50,99,1,1,20,1,0
26,260784,2,2,1,26,11,21,59,12,1,1,0,17,1,84,881,84881,66,2013,1HSDHSJR9DJ2,1,H,S,D,H,S,J,R,9,D,J,2,1,T,INTL,PRO,TR,13,17,,8,0,0,PRO,D,,,6,793,,,,,00000,00,,64,1,57,000080806,57000080806,3,6,1,1,0,0,0,0,0,0,0,0,0,0,0,6,4,3,12,0,0,0,1,17,60620,6,1,6,0,3,3,68,190,0,0,0,0,2,11,2010,1,2012,0,0,0,0,0,2,2,70,1,1,1,1,0,0,5,53,1,1,1,21,0,0
26,260785,1,2,1,10,11,18,24,12,1,1,0,26,1,12,481,12481,31,2011,1FTFW1EF6BFA,1,F,T,F,W,1,E,F,6,B,F,A,0,T,FORD,F1S,CW,11,17,,2,1570,1450,COF,F,,,8,305,,,,B,5577,01,7,44,0,0,000000000,00000000000,0,0,0,1,0,0,0,0,0,0,0,998,0,0,0,12,2,1,8,0,0,0,1,26,48386,6,1,0,0,3,0,70,190,0,0,0,0,0,0,0,0,0,0,26,0,0,0,2,4,50,1,1,1,1,0,0,1,50,4,1,1,32,0,0
26,260785,2,2,1,10,11,18,24,12,1,1,0,26,6,49,40,49040,4,1992,1NXAE94A9NZ3,1,N,X,A,E,9,4,A,9,N,Z,3,0,P,TOYT,CDF,4D,92,17,2257,,0,957,,G,,F,4,097,,,000000,,,,,,0,0,000000000,00000000000,0,0,0,1,0,0,0,0,0,0,0,0,0,0,0,6,6,8,12,0,0,0,0,0,99997,7,6,97,7,6,7,998,997,998,998,998,998,998,98,9998,98,9998,8,20,0,0,0,2,4,50,1,1,1,1,0,0,0,53,0,0,0,32,0,0
26,260786,1,1,2,1,12,22,23,30,0,1,0,26,2,12,481,12481,31,2003,1FTRF17203NB,1,F,T,R,F,1,7,2,0,3,N,B,0,T,FORD,F15,PK,3,17,,2,1385,1199,COF,G,,,6,256,,,,B,4060,00,U,42,0,0,000000000,00000000000,0,0,0,1,0,0,0,0,0,0,0,998,0,1,5,1,6,2,30,0,0,0,1,26,48186,6,1,0,0,3,0,72,150,0,0,0,0,0,0,0,0,0,1,36,0,0,0,1,2,55,2,2,2,1,0,0,14,6,3,1,4,1,2,1
26,260787,1,1,1,2,12,20,46,30,0,1,0,26,1,20,2,20002,4,1994,1G1BN52W0RR1,1,G,1,B,N,5,2,W,0,R,R,1,0,P,CHEV,CLS,4D,94,17,4054,,0,1159,,G,,F,8,265,,,15R215,,,,,,0,0,000000000,00000000000,0,0,0,1,0,0,0,0,0,0,0,998,0,1,5,11,6,2,30,0,0,0,1,26,48054,6,1,0,0,3,3,64,165,0,0,0,0,0,0,0,0,0,1,99,99,99,99,1,2,35,1,1,2,2,0,0,1,9,99,9,4,2,1,0
26,260788,1,1,1,2,12,7,42,52,0,1,0,26,2,38,402,38402,14,1997,4S2CM58V2V43,4,S,2,C,M,5,8,V,2,V,4,3,0,P,ISU,ROD,UT,97,17,0,,0,1087,,G,,F,6,195,,,16R225,,,,,,0,0,000000000,00000000000,0,0,0,1,0,0,0,0,0,0,0,998,0,1,5,11,6,2,52,0,0,0,1,26,48063,6,1,0,0,3,0,73,190,1,0,0,0,0,12,2009,12,2009,0,99,99,99,99,1,2,55,1,2,5,2,0,0,1,12,99,1,4,6,1,1
26,260789,1,1,1,4,12,23,58,1,0,1,0,26,2,20,443,20443,20,2000,1GNDU03E3YD3,1,G,N,D,U,0,3,E,3,Y,D,3,0,P,CHEV,VTR,SV,0,17,3699,,0,1120,,G,,F,6,207,,,15R215,,,,,,0,0,000000000,00000000000,0,0,0,1,0,0,0,0,0,0,0,998,0,2,1,0,6,2,1,0,0,0,1,26,48457,6,1,0,0,3,0,66,145,0,0,0,2,0,3,2011,6,2011,1,0,0,0,0,1,2,55,1,1,2,1,0,0,1,13,6,4,6,98,1,1
26,260790,1,1,1,14,11,13,45,33,0,1,0,26,1,12,13,12013,4,1999,1FAFP10P2XW1,1,F,A,F,P,1,0,P,2,X,W,1,0,P,FORD,LXE,4D,99,17,2468,,0,984,,G,,F,4,122,,,14R185,,,,,,0,0,000000000,00000000000,0,0,0,1,0,0,0,0,0,0,0,998,0,1,2,1,6,2,1,0,0,0,1,26,49037,6,1,0,0,3,0,60,113,0,0,0,0,0,0,0,0,0,0,99,99,99,99,1,4,45,1,1,2,1,0,0,1,13,99,1,4,1,1,0
26,260791,1,1,1,3,11,11,0,18,0,1,0,26,5,53,705,53705,80,2011,JS1GN7FA0B21,J,S,1,G,N,7,F,A,0,B,2,1,0,M,SUZI,G60,RC,11,17,,,,,,,599,,4,,4,432,,,,,,,0,0,000000000,00000000000,0,0,0,1,0,0,0,0,0,0,0,998,0,0,0,1,6,2,18,0,0,0,1,26,48210,1,1,0,0,2,0,68,200,0,33,0,0,1,2,2010,9,2012,1,0,0,0,0,1,2,25,1,1,2,1,0,0,1,90,99,1,1,12,1,0
26,260792,1,1,1,4,12,6,50,42,0,1,0,26,1,20,37,20037,4,2002,1G1NE52J42M6,1,G,1,N,E,5,2,J,4,2,M,6,0,P,CHEV,M/L,4D,2,17,3053,,0,1070,,G,,F,6,191,,,15R215,,,,,,0,0,000000000,00000000000,0,0,0,1,0,0,0,0,0,0,0,998,0,0,0,9,6,2,42,0,0,0,1,26,48820,0,0,0,0,0,0,72,170,0,0,0,0,0,0,0,0,0,0,99,99,99,99,1,2,55,2,1,2,1,0,0,1,9,99,3,4,7,1,1
26,260793,1,1,1,15,11,23,27,42,0,1,0,26,2,21,2,21002,4,1992,1G3HY53L8NH3,1,G,3,H,Y,5,3,L,8,N,H,3,0,P,OLDS,RLS,4D,92,17,3391,,0,1108,,G,,F,6,231,,,15R205,,,,,,0,0,000000000,00000000000,0,0,0,1,0,0,0,0,0,0,0,998,0,0,0,9,6,2,42,0,0,0,1,26,49534,6,1,0,0,3,0,76,160,0,0,0,1,0,10,2012,10,2012,1,0,0,0,0,1,2,55,1,1,4,1,0,0,1,10,1,1,4,6,1,0
26,260794,1,1,3,15,11,2,30,42,0,1,0,26,2,20,25,20025,4,2012,1G1PK5SC1C72,1,G,1,P,K,5,S,C,1,C,7,2,0,P,CHEV,CEO,4D,12,17,3009,,0,1057,,G,,T,4,085,,,17R215,,,,,,0,0,000000000,00000000000,0,0,0,1,0,0,0,0,0,0,0,998,0,1,5,1,6,2,1,0,0,0,1,26,49057,6,1,0,0,3,0,73,205,0,1,0,0,0,3,2012,3,2012,1,0,0,0,0,1,2,55,2,8,5,1,0,0,14,12,99,1,4,6,1,1
26,260795,1,2,1,17,11,5,41,12,2,1,0,26,2,12,402,12402,14,2004,1FMYU93104DA,1,F,M,Y,U,9,3,1,0,4,D,A,0,P,FORD,SPE,UT,4,17,3346,,0,1031,,G,,F,6,181,,,16R235,,,,,,0,0,000000000,00000000000,0,0,0,1,0,0,0,0,0,0,0,998,0,0,0,12,6,2,12,0,0,0,1,26,48386,6,1,0,0,3,0,67,125,0,0,0,0,0,0,0,0,0,0,99,99,99,99,1,2,35,1,1,1,1,0,0,1,10,99,1,2,50,0,1
26,260795,2,2,1,17,11,5,41,12,2,1,0,26,1,30,40,30040,4,1999,3VWTE29MXXM0,3,V,W,T,E,2,9,M,X,X,M,0,0,P,VOLK,JXG,4D,99,17,2931,,0,989,,G,,F,6,170,,,15R195,,,,,,0,0,000000000,00000000000,0,0,0,1,0,0,0,0,0,0,0,998,0,0,0,12,6,2,12,0,0,0,1,26,48381,6,1,0,0,3,0,63,120,1,0,0,0,0,11,2011,11,2011,0,0,0,0,0,1,2,35,1,1,1,1,0,0,1,62,99,1,9,51,1,0
26,260796,1,1,1,6,11,15,15,34,0,1,0,26,1,18,22,18022,4,2007,2G4WC5825711,2,G,4,W,C,5,8,2,5,7,1,1,0,P,BUIC,LCX,4D,7,17,3495,,0,1105,,G,,F,6,232,,,16R225,,,,,,0,0,000000000,00000000000,0,0,0,1,0,0,0,0,0,0,0,998,0,0,0,12,6,2,34,0,0,0,1,26,49916,6,1,0,0,3,0,68,160,0,0,0,0,0,0,0,0,0,1,0,0,0,0,1,2,55,3,8,2,2,0,0,14,13,99,1,4,1,1,0
26,260797,1,2,1,20,11,10,57,12,6,1,0,26,1,24,1,24001,4,2002,1G8ZH52852Z1,1,G,8,Z,H,5,2,8,5,2,Z,1,0,P,STRN,SL1,4D,2,17,2377,,0,1024,,G,,F,4,116,,,14R185,,,,,,0,0,000000000,00000000000,0,0,0,1,0,0,0,0,0,0,0,998,0,1,5,9,6,2,12,0,0,0,1,26,48317,6,1,0,0,3,3,65,140,0,0,0,0,0,0,0,0,0,0,39,0,0,0,2,3,50,1,1,1,1,1,3,1,17,99,1,1,89,1,0
26,260797,2,2,1,20,11,10,57,12,6,1,0,26,1,12,25,12025,6,2010,2FMGK5BC4ABA,2,F,M,G,K,5,B,C,4,A,B,A,0,P,FORD,FLE,UT,10,17,0,,0,1179,,G,,F,6,214,,,17R235,,,,,,0,0,000000000,00000000000,0,0,0,1,0,0,0,0,0,0,0,998,0,0,0,12,6,2,12,0,0,0,1,26,48348,6,1,0,0,3,0,67,220,0,0,0,1,0,12,2009,12,2009,0,0,0,0,0,2,3,98,1,1,1,1,1,3,1,66,99,1,1,88,0,0
26,260798,1,1,1,22,11,2,0,42,0,1,0,26,1,6,18,6018,4,2012,1C3CCBBGXCN2,1,C,3,C,C,B,B,G,X,C,N,2,0,P,CHRY,2TR,4D,12,17,3559,,0,1089,,F,,F,6,220,,,17R225,,,,,,0,0,000000000,00000000000,0,0,0,1,0,0,0,0,0,0,0,998,0,0,0,11,6,2,42,0,0,0,1,26,49112,6,1,0,0,3,0,72,150,0,0,0,0,0,0,0,0,0,1,0,0,0,0,1,2,55,1,1,2,1,0,0,1,12,99,4,4,7,1,1
26,260799,1,1,1,7,12,19,10,8,0,1,0,26,1,20,37,20037,4,2013,1G11B5SA7DF1,1,G,1,1,B,5,S,A,7,D,F,1,0,P,CHEV,M/L,4D,13,17,3650,,0,1123,,G,,F,4,153,,,17R215,,,,,,0,0,000000000,00000000000,0,0,0,1,0,0,0,0,0,0,0,998,0,0,0,11,2,3,8,0,0,0,1,26,49423,6,1,0,0,3,0,64,220,0,0,0,0,0,0,0,0,0,0,0,0,0,0,1,4,50,1,1,2,1,0,0,1,80,99,1,1,13,0,0
26,260800,1,1,1,23,11,5,36,18,0,1,0,26,1,20,431,20431,16,2003,3GNGK26U23G1,3,G,N,G,K,2,6,U,2,3,G,1,0,P,CHEV,K25,UT,3,17,5760,,0,1300,,G,,F,8,364,,,16R245,,,,,,0,0,000000000,00000000000,0,0,0,1,0,0,0,0,0,0,0,998,0,0,0,11,4,3,8,0,0,0,1,26,49431,6,1,0,0,3,0,74,195,0,0,0,1,0,5,2010,5,2010,0,0,0,0,0,1,2,55,1,8,8,1,0,0,1,90,99,1,1,12,0,0
26,260801,1,2,1,25,11,20,27,12,6,1,0,26,1,22,18,22018,2,1988,1G2NV14U0JC6,1,G,2,N,V,1,4,U,0,J,C,6,0,P,PONT,GAL,CP,88,17,2423,,0,1034,,G,,F,4,151,,,13R185,,,,,,0,0,000000000,00000000000,0,0,0,1,0,0,0,0,0,0,0,998,0,0,0,9,6,2,12,0,0,0,1,26,49720,6,1,0,0,3,0,66,145,0,0,0,0,0,0,0,0,0,0,28,87,0,0,1,4,55,1,1,2,3,0,0,1,5,99,3,2,64,1,0
26,260801,2,2,1,25,11,20,27,12,6,1,0,39,1,49,40,49040,2,2002,2T1CE22P52C0,2,T,1,C,E,2,2,P,5,2,C,0,0,P,TOYT,CRE,CP,2,17,3075,,0,1051,,G,,F,4,144,,,15R205,,,,,,0,0,000000000,00000000000,0,0,0,1,0,0,0,0,0,0,0,998,0,0,0,12,6,2,12,0,0,0,1,39,45044,6,1,0,0,3,0,69,200,0,0,0,0,0,0,0,0,0,0,0,0,0,0,1,4,55,1,1,2,3,0,0,1,62,99,1,1,65,0,0
26,260802,1,2,1,21,11,6,50,12,6,1,0,26,1,20,16,20016,2,2004,1G1JH12F5471,1,G,1,J,H,1,2,F,5,4,7,1,0,P,CHEV,CLP,CP,4,17,2749,,0,1041,,G,,F,4,134,,,16R205,,,,,,0,0,000000000,00000000000,0,0,0,1,0,0,0,0,0,0,0,998,0,0,0,12,6,2,12,0,0,0,1,26,49251,6,1,0,0,3,0,60,145,0,0,0,0,0,0,0,0,0,0,0,0,0,0,1,2,55,1,1,2,1,0,0,1,67,99,1,1,83,0,0