STATE,ST_CASE,VEH_NO,VE_FORMS,NUMOCCS,DAY,MONTH,HOUR,MINUTE,HARM_EV,MAN_COLL,UNITTYPE,HIT_RUN,REG_STAT,OWNER,MAKE,MODEL,MAK_MOD,BODY_TYP,MOD_YEAR,VIN,VIN_1,VIN_2,VIN_3,VIN_4,VIN_5,VIN_6,VIN_7,VIN_8,VIN_9,VIN_10,VIN_11,VIN_12,TOW_VEH,VINTYPE,VINMAKE,VINA_MOD,VIN_BT,VINMODYR,VIN_LNGT,VIN_WGT,WGTCD_TR,WHLBS_LG,WHLBS_SH,SER_TR,FUELCODE,MCYCL_DS,CARBUR,CYLINDER,DISPLACE,MCYCL_CY,MCYCL_WT,TIRE_SZE,TON_RAT,TRK_WT,TRKWTVAR,VIN_REST,WHLDRWHL,J_KNIFE,MCARR_I1,MCARR_I2,MCARR_ID,GVWR,V_CONFIG,CARGO_BT,HAZ_INV,HAZ_PLAC,HAZ_ID,HAZ_CNO,HAZ_REL,BUS_USE,SPEC_USE,EMER_USE,TRAV_SP,UNDERIDE,ROLLOVER,ROLINLOC,IMPACT1,DEFORMED,TOWED,M_HARM,VEH_SC1,VEH_SC2,FIRE_EXP,DR_PRES,L_STATE,DR_ZIP,L_STATUS,L_TYPE,CDL_STAT,L_ENDORS,L_COMPL,L_RESTRI,DR_HGT,DR_WGT,PREV_ACC,PREV_SUS,PREV_DWI,PREV_SPD,PREV_OTH,FIRST_MO,FIRST_YR,LAST_MO,LAST_YR,SPEEDREL,DR_SF1,DR_SF2,DR_SF3,DR_SF4,VTRAFWAY,VNUM_LAN,VSPD_LIM,VALIGN,VPROFILE,VPAVETYP,VSURCOND,VTRAFCON,VTCONT_F,P_CRASH1,P_CRASH2,P_CRASH3,PCRASH4,PCRASH5,ACC_TYPE,DEATHS,DR_DRINK
26,260831,1,1,1,21,12,9,3,1,0,1,0,26,1,7,442,7442,20,2000,2B4GP44G9YR7,2,B,4,G,P,4,4,G,9,Y,R,7,0,T,DODG,GSS,ES,0,17,,1,0,1193,CAR,F,,,6,201,,,,,3863,00,E,42,0,0,000000000,00000000000,0,0,0,1,0,0,0,0,0,0,0,998,0,2,5,0,6,2,1,0,0,0,1,26,48413,6,1,0,0,3,3,61,113,0,0,0,0,0,0,0,0,0,1,0,0,0,0,1,2,55,1,1,2,10,0,0,1,5,99,4,4,7,1,0
26,260832,1,2,1,15,12,7,30,12,2,1,0,26,2,20,22,20022,4,2007,1G1AK55F7773,1,G,1,A,K,5,5,F,7,7,7,3,0,P,CHEV,BLS,4D,7,17,3216,,0,1033,,G,,F,4,134,,,15R195,,,,,,0,0,000000000,00000000000,0,0,0,1,0,0,0,0,0,0,0,998,0,0,0,12,6,2,12,0,0,0,1,26,48240,6,1,0,0,3,0,67,168,0,5,0,0,2,10,2011,11,2012,0,28,0,0,0,5,4,40,1,1,2,1,0,0,1,10,99,1,2,50,1,0
26,260832,2,2,5,15,12,7,30,12,2,1,0,26,2,14,401,14401,14,2000,4M2ZU86P4YUJ,4,M,2,Z,U,8,6,P,4,Y,U,J,0,P,MERC,MOU,UT,0,17,4250,,0,1116,,G,,F,8,302,,,15R235,,,,,,0,0,000000000,00000000000,0,0,0,1,0,0,0,0,0,0,0,998,0,0,0,12,6,2,12,0,0,0,1,26,48135,6,1,0,0,3,0,62,110,0,0,0,0,0,0,0,0,0,0,0,0,0,0,5,4,40,1,1,2,1,0,0,1,62,99,1,1,51,0,0
26,260833,1,1,2,24,12,1,41,42,0,1,0,26,1,24,7,24007,4,2007,1G8AN15F67Z1,1,G,8,A,N,1,5,F,6,7,Z,1,0,P,STRN,SI2,C4,7,17,2848,,0,1032,,G,,F,4,134,,,15R195,,,,,,0,0,000000000,00000000000,0,0,0,1,0,0,0,0,0,0,0,998,0,2,1,9,6,2,42,0,0,0,1,26,48371,6,1,0,0,3,0,64,165,0,0,0,0,0,0,0,0,0,0,99,99,99,99,1,2,55,1,2,4,4,0,0,1,5,99,3,4,2,1,1
26,260834,1,2,3,11,12,7,59,12,2,1,0,26,2,12,401,12401,14,2002,1FMZU63K72ZC,1,F,M,Z,U,6,3,K,7,2,Z,C,0,P,FORD,EPR,UT,2,17,4163,,0,1137,,F,,F,6,245,,,16R235,,,,,,0,0,000000000,00000000000,0,0,0,1,0,0,0,0,0,0,0,998,0,0,0,12,6,2,12,0,0,0,1,26,49242,0,0,0,0,0,0,65,125,0,1,0,0,1,11,2011,5,2012,1,28,87,0,0,5,2,55,1,1,1,3,0,0,1,5,99,2,2,50,0,0
26,260834,2,2,1,11,12,7,59,12,2,1,0,26,1,7,41,7041,4,1996,1B3HD46T8TF1,1,B,3,H,D,4,6,T,8,T,F,1,0,P,DODG,INT,4D,96,17,3311,,0,1130,,G,,F,6,201,,,16R225,,,,,,0,0,000000000,00000000000,0,0,0,1,0,0,0,0,0,0,0,998,0,0,0,12,6,2,12,0,0,0,1,26,49241,6,1,0,0,3,0,68,185,0,0,0,0,0,0,0,0,0,0,0,0,0,0,5,2,55,1,1,1,3,0,0,1,62,99,1,1,51,1,0
26,260835,1,2,1,21,12,16,55,12,2,1,0,26,2,2,405,2405,14,2002,1J4GL48K32W1,1,J,4,G,L,4,8,K,3,2,W,1,0,T,JEEP,SPR,4W,2,17,,1,0,1043,LIB,G,,,6,226,,,,,3682,02,E,44,0,0,000000000,00000000000,0,0,0,1,0,0,0,0,0,0,0,998,0,0,0,12,6,2,12,0,0,0,1,26,48059,6,1,0,0,3,3,62,125,0,0,0,1,1,10,2011,12,2012,0,28,87,0,0,1,2,55,1,1,1,4,0,0,1,10,99,1,2,50,0,0
26,260835,2,2,1,21,12,16,55,12,2,1,0,26,1,23,481,23481,31,2006,1GTEK19B26Z1,1,G,T,E,K,1,9,B,2,6,Z,1,0,T,GMC,NK1,4C,6,17,,2,1575,1340,SIE,G,,,8,323,,,,B,5050,02,4,44,0,0,000000000,00000000000,0,0,0,1,0,0,0,0,0,0,0,998,0,0,0,12,6,2,12,0,0,0,1,26,48450,6,1,0,0,3,0,74,280,0,0,0,0,0,0,0,0,0,0,87,0,0,0,1,2,55,1,1,1,4,0,0,1,62,99,1,1,51,1,0
26,260836,1,1,1,16,12,16,10,53,0,1,0,26,3,12,481,12481,31,2001,1FTNX21F91EA,1,F,T,N,X,2,1,F,9,1,E,A,0,T,FORD,F2S,4C,1,17,,2,1580,1418,SRW,D,,,8,444,,,,C,5635,07,U,44,0,0,000000000,00000000000,0,0,0,1,0,0,0,0,0,0,0,998,0,1,5,12,6,2,1,0,0,0,1,26,49099,6,1,0,0,3,3,70,170,1,0,0,2,0,8,2010,11,2010,0,99,99,99,99,1,2,55,1,1,2,2,0,0,1,12,99,1,4,6,1,1
26,260837,1,3,1,29,12,23,43,12,1,1,0,26,2,49,32,49032,4,2008,2T1BR32E38C8,2,T,1,B,R,3,2,E,3,8,C,8,0,P,TOYT,UCS,4D,8,17,2530,,0,1024,,G,,F,4,110,,,15R185,,,,,,0,0,000000000,00000000000,0,0,0,1,0,0,0,0,0,0,0,998,0,0,0,12,6,2,12,0,0,0,1,26,48174,1,1,0,0,2,0,71,270,0,2,0,0,0,2,2011,2,2011,0,36,37,0,0,1,2,45,1,1,2,1,0,0,1,51,99,1,1,24,1,1
26,260837,2,3,2,29,12,23,43,12,1,1,0,26,3,7,24,7024,4,2009,2B3LA43T79H6,2,B,3,L,A,4,3,T,7,9,H,6,0,P,DODG,CHA,4D,9,17,3820,,0,1200,,G,,F,8,348,,,17R215,,,,,,0,0,000000000,00000000000,0,0,0,1,0,0,0,0,0,5,1,0,0,0,0,12,6,2,12,0,0,0,1,26,48180,6,1,0,0,3,3,67,170,1,0,0,0,0,7,2011,7,2011,0,16,54,0,0,1,2,45,1,1,2,1,0,0,5,62,1,1,1,98,0,0
26,260837,3,3,2,29,12,23,43,12,1,1,0,26,1,20,37,20037,4,2005,1G1ZU54885F1,1,G,1,Z,U,5,4,8,8,5,F,1,0,P,CHEV,MLT,4D,5,17,3315,,0,1063,,G,,F,6,214,,,16R215,,,,,,0,0,000000000,00000000000,0,0,0,1,0,0,0,0,0,0,0,998,0,0,0,6,6,2,12,0,0,0,1,26,48180,6,1,0,0,3,0,67,250,1,0,0,0,2,5,2011,10,2012,0,0,0,0,0,1,2,45,1,1,2,1,0,0,1,53,99,1,1,25,0,0
26,260838,1,2,1,25,12,15,30,12,2,1,0,26,1,12,17,12017,4,2004,1FAFP53U14G1,1,F,A,F,P,5,3,U,1,4,G,1,0,P,FORD,TSE,4D,4,17,3306,,0,1085,,G,,F,6,182,,,16R215,,,,,,0,0,000000000,00000000000,0,0,0,1,0,0,0,0,0,0,0,998,0,0,0,12,6,2,12,0,0,0,1,26,48152,6,1,0,0,3,0,63,250,1,0,0,1,0,5,2010,8,2011,0,99,99,99,99,1,2,55,1,1,2,2,0,0,1,10,99,1,2,50,0,0
26,260838,2,2,3,25,12,15,30,12,2,1,0,26,1,37,31,37031,4,2007,1HGFA16557L0,1,H,G,F,A,1,6,5,5,7,L,0,0,P,HOND,UCL,4D,7,17,2751,,0,1063,,G,,F,4,110,,,16R205,,,,,,0,0,000000000,00000000000,0,0,0,1,0,0,0,0,0,0,0,998,0,0,0,12,6,2,12,0,0,0,1,26,48167,6,1,0,0,3,0,65,190,0,0,0,0,0,0,0,0,0,0,0,0,0,0,1,2,55,1,1,2,2,0,0,1,62,99,1,1,51,3,0
26,260839,1,1,60,1,12,11,26,8,0,1,0,26,3,98,981,98981,52,1996,2FYD2LL19TU0,2,F,Y,D,2,L,L,1,9,T,U,0,0,U,,,,96,17,,,,,,,,,,,,,,,,,,,0,77,777777777,77777777777,3,21,22,1,0,0,0,0,6,0,0,998,0,0,0,12,0,1,8,0,0,0,1,26,48532,6,1,6,1,3,3,69,190,4,0,0,0,0,5,2011,10,2011,0,39,0,0,0,4,4,35,1,1,2,1,1,3,11,80,99,1,1,13,0,0
26,260840,1,1,2,15,12,0,37,42,0,1,0,22,9,30,46,30046,4,2012,1VWCM7A34CC0,1,V,W,C,M,7,A,3,4,C,C,0,0,P,VOLK,PTL,4D,12,17,3481,,0,0,,G,,F,6,219,,,000000,,,,,,0,0,000000000,00000000000,0,0,0,1,0,0,0,0,0,0,0,998,0,0,0,12,6,2,42,0,0,1,1,17,60525,6,1,0,0,3,3,71,175,0,0,0,1,0,7,2012,7,2012,1,0,0,0,0,1,2,25,1,1,2,1,20,3,1,12,99,1,4,6,2,1
26,260841,1,1,3,19,12,1,23,1,0,1,0,26,1,12,481,12481,31,2000,1FTRF18L0YNA,1,F,T,R,F,1,8,L,0,Y,N,A,0,T,FORD,F15,PK,0,17,,2,1388,1202,COF,G,,,8,330,,,,B,4299,04,U,44,0,0,000000000,00000000000,0,0,0,1,0,0,0,0,0,0,0,998,0,2,5,0,6,2,1,0,0,0,1,26,48838,6,1,0,0,3,0,72,220,1,1,0,0,0,8,2010,12,2010,0,99,99,99,99,1,2,55,1,1,2,2,0,0,1,12,99,1,4,6,1,1
26,260842,1,1,1,19,12,21,27,1,0,1,0,26,2,7,472,7472,30,1996,1B7FL26X6TS5,1,B,7,F,L,2,6,X,6,T,S,5,0,T,DODG,DAK,PK,96,17,,1,1239,1119,DAK,G,,,6,239,,,,B,2969,01,M,42,0,0,000000000,00000000000,0,0,0,1,0,0,0,0,0,0,0,998,0,2,5,0,6,2,1,0,0,0,1,26,49250,0,0,0,0,0,0,69,190,0,0,0,0,0,0,0,0,0,1,0,0,0,0,1,2,55,1,1,2,1,0,0,1,9,6,4,4,7,1,1
26,260843,1,1,2,3,12,13,55,34,0,1,0,39,1,20,481,20481,31,2008,1GCEC19J78Z2,1,G,C,E,C,1,9,J,7,8,Z,2,0,T,CHEV,SC1,4C,8,17,,2,1575,1339,SIL,G,,,8,323,,,,B,4870,03,,42,0,0,000000000,00000000000,0,0,0,1,0,0,0,0,0,0,0,998,0,1,5,1,6,2,1,0,0,0,1,39,43614,6,1,0,0,3,0,76,265,0,0,0,0,1,2,2011,2,2011,1,99,99,99,99,1,2,55,1,1,2,2,0,0,1,5,99,4,4,2,1,0
26,260844,1,1,1,23,12,20,16,8,0,1,0,26,2,12,401,12401,14,1997,1FMDU35PXVUA,1,F,M,D,U,3,5,P,X,V,U,A,0,P,FORD,EPR,UT,97,17,4166,,0,1115,,G,,F,8,302,,,15R225,,,,,,0,0,000000000,00000000000,0,0,0,1,0,0,0,0,0,0,0,998,0,0,0,1,2,3,8,0,0,0,1,26,49855,6,1,0,0,3,0,69,150,0,0,0,0,1,3,2010,3,2010,0,0,0,0,0,2,2,55,1,1,1,2,1,3,1,80,1,1,1,13,0,0
26,260845,1,1,1,23,12,7,13,1,0,1,0,26,1,20,37,20037,4,2006,1G1ZU538X6F2,1,G,1,Z,U,5,3,8,X,6,F,2,0,P,CHEV,M/Z,4D,6,17,3316,,0,1063,,G,,F,6,214,,,17R225,,,,,,0,0,000000000,00000000000,0,0,0,1,0,0,0,0,0,0,0,998,0,2,6,0,6,2,1,0,0,0,1,26,49349,6,1,0,0,3,3,72,170,1,0,0,1,0,12,2010,8,2012,1,0,0,0,0,1,2,55,1,2,2,4,0,0,1,12,99,1,4,6,1,1
26,260846,1,2,2,26,12,21,18,12,6,1,0,26,2,98,998,98998,91,1998,3327752,3,3,2,7,7,5,2,,,,,,0,U,,,,98,7,,,,,,,,,,,,,,,,,,,0,0,000000000,00000000000,0,0,0,1,0,0,0,0,0,0,0,998,0,0,0,12,0,3,12,0,0,0,1,26,48027,0,0,0,0,1,0,999,999,0,0,0,0,0,0,0,0,0,0,99,99,99,99,1,2,55,1,2,5,3,0,0,1,71,6,1,1,88,1,0
26,260846,2,2,1,26,12,21,18,12,6,1,0,0,0,98,998,98998,92,2003,XCH4020D1884,X,C,H,4,0,2,0,D,1,8,8,4,0,U,,,,3,15,,,,,,,,,,,,,,,,,,,0,0,000000000,00000000000,0,0,0,1,0,0,0,0,0,0,0,998,0,0,0,11,2,1,12,0,0,0,1,26,48074,6,1,6,0,1,0,63,185,0,0,0,0,0,0,0,0,0,0,0,0,0,0,0,0,0,0,0,0,0,0,0,98,98,99,1,1,89,0,0
26,260847,1,1,1,23,12,0,57,42,0,1,0,26,2,20,481,20481,31,1999,1GCEK14T7XZ1,1,G,C,E,K,1,4,T,7,X,Z,1,0,T,CHEV,SK1,PK,99,17,,2,1330,1190,SIL,G,,,8,325,,,,B,4248,00,,44,0,0,000000000,00000000000,0,0,0,1,0,0,0,0,0,0,0,998,0,1,5,1,6,2,1,0,0,0,1,26,49103,1,1,0,0,2,0,67,165,0,7,0,1,3,7,2010,9,2012,1,0,0,0,0,1,2,55,3,1,2,1,0,0,14,6,99,4,4,7,1,1
26,260848,1,2,2,4,12,11,44,12,6,1,0,26,1,12,399,12399,4,2011,1FAHP3FN4BW1,1,F,A,H,P,3,F,N,4,B,W,1,0,P,FORD,FSE,4D,11,17,2623,,0,1029,,G,,F,4,122,,,15R195,,,,,,0,0,000000000,00000000000,0,0,0,1,0,0,0,0,0,0,0,998,0,0,0,9,6,2,12,0,0,0,1,26,48111,6,1,0,0,3,0,63,135,0,0,0,0,0,0,0,0,0,0,39,0,0,0,1,4,98,1,1,2,2,2,3,1,17,99,1,1,89,1,0
26,260848,2,2,1,4,12,11,44,12,6,1,0,26,3,12,461,12461,21,2006,1FTSE34L56DA,1,F,T,S,E,3,4,L,5,6,D,A,0,T,FORD,3SD,CG,6,17,,2,0,1380,VAN,G,,,8,330,,,,D,5245,00,E,42,0,0,000000000,00000000000,0,0,0,1,0,0,0,0,0,0,0,998,0,0,0,12,6,2,12,0,0,0,1,26,48108,6,1,0,0,3,0,71,205,1,0,0,0,0,12,2010,12,2010,0,0,0,0,0,4,3,40,1,1,2,2,2,3,1,66,99,1,1,88,0,0
26,260849,1,2,1,28,12,17,14,12,2,1,0,26,1,18,401,18401,14,2003,3G5DB03E03S5,3,G,5,D,B,0,3,E,0,3,S,5,0,P,BUIC,RZV,UT,3,17,4024,,0,1122,,G,,F,6,204,,,16R215,,,,,,0,0,000000000,00000000000,0,0,0,1,0,0,0,0,0,0,0,998,0,0,0,12,6,2,12,0,0,0,1,26,49841,1,1,0,0,2,0,64,175,0,1,0,0,0,12,2012,12,2012,0,28,51,0,0,1,2,55,2,1,2,3,0,0,14,54,99,1,1,52,0,0
26,260849,2,2,2,28,12,17,14,12,2,1,0,26,1,23,481,23481,31,2006,1GTEK14V66Z1,1,G,T,E,K,1,4,V,6,6,Z,1,0,T,GMC,NK1,PK,6,17,,2,1330,1190,SIE,G,,,8,293,,,,B,4508,01,4,44,0,0,000000000,00000000000,0,0,0,1,0,0,0,0,0,0,0,998,0,0,0,12,6,2,12,0,0,0,1,26,49887,6,1,0,0,3,3,72,195,0,0,0,0,0,0,0,0,0,0,0,0,0,0,1,2,55,3,1,2,3,0,0,14,54,99,1,1,52,1,0
26,260850,1,1,1,28,12,21,33,8,0,1,0,26,1,12,402,12402,14,2003,1FMYU02B43KC,1,F,M,Y,U,0,2,B,4,3,K,C,0,P,FORD,SPE,UT,3,17,3019,,0,1031,,G,,F,4,121,,,15R225,,,,,,0,0,000000000,00000000000,0,0,0,1,0,0,0,0,0,0,0,998,0,0,0,12,2,3,8,0,0,0,1,26,48198,6,1,0,0,3,3,68,175,0,0,0,0,0,0,0,0,0,0,0,0,0,0,5,4,45,1,1,2,2,0,0,1,80,1,1,1,13,0,0
26,260851,1,2,1,26,12,10,3,12,6,1,0,26,1,10,41,10041,4,1995,2E3HD66F5SH5,2,E,3,H,D,6,6,F,5,S,H,5,0,P,EGIL,VTS,4D,95,17,3399,,0,1130,,G,,F,6,215,,,16R225,,,,,,0,0,000000000,00000000000,0,0,0,1,0,0,0,0,0,0,0,998,0,0,0,9,6,2,12,0,0,0,1,26,49712,6,1,0,0,3,0,64,210,0,0,0,0,0,0,0,0,0,0,38,0,0,0,1,2,55,1,2,2,1,0,0,11,15,99,1,1,82,1,0
26,260851,2,2,2,26,12,10,3,12,6,1,0,26,1,12,461,12461,21,2000,1FDRE14WXYHA,1,F,D,R,E,1,4,W,X,Y,H,A,0,T,FORD,15V,CG,0,17,,2,0,1380,VAN,G,,,8,281,,,,B,4650,02,E,42,0,0,000000000,00000000000,0,0,0,1,0,0,0,0,0,0,0,998,0,0,0,12,6,2,12,0,0,0,1,26,49770,6,1,0,0,3,3,67,165,0,0,0,0,0,0,0,0,0,0,0,0,0,0,1,2,55,1,2,2,1,0,0,1,71,99,1,1,83,0,0
26,260852,1,1,2,26,12,18,58,42,0,1,0,26,2,2,406,2406,14,2008,1J8HG58238C2,1,J,8,H,G,5,8,2,3,8,C,2,0,T,JEEP,LTD,4W,8,17,,2,0,1095,CMD,G,,,8,348,,,,,5119,00,L,44,0,0,000000000,00000000000,0,0,0,1,0,0,0,0,0,0,0,998,0,0,0,1,6,2,42,0,0,0,1,26,48080,1,1,0,0,2,0,75,195,0,14,0,0,0,1,2010,7,2012,1,87,0,0,0,1,2,55,1,1,2,3,0,0,1,5,99,3,4,2,1,0
26,260853,1,1,1,29,12,0,49,34,0,1,0,26,2,23,481,23481,31,1995,2GTEC19Z4S15,2,G,T,E,C,1,9,Z,4,S,1,5,0,T,GMC,SC1,PC,95,17,,2,1555,1415,SIE,G,,,6,262,,,,B,4068,00,M,42,0,0,000000000,00000000000,0,0,0,1,0,0,0,0,0,0,0,998,0,1,5,3,6,2,1,0,0,0,1,26,48906,3,1,0,0,2,0,73,210,0,2,0,0,1,9,2010,7,2012,1,87,0,0,0,1,2,55,1,1,4,4,0,0,1,6,99,4,4,7,1,1
26,260854,1,2,2,29,12,20,2,12,2,1,0,39,1,12,481,12481,31,1997,1FTDX1760VKA,1,F,T,D,X,1,7,6,0,V,K,A,1,T,FORD,F15,3C,97,17,,1,1570,1390,COF,G,,,8,281,,,,B,4045,03,E,42,1,0,000000000,00000000000,0,0,0,1,0,0,0,0,0,0,0,998,0,0,0,12,6,2,12,0,0,0,1,39,43535,6,1,6,0,3,0,71,210,0,0,0,0,0,0,0,0,0,1,28,87,0,0,1,2,55,1,1,2,4,0,0,1,5,99,4,2,50,1,0
26,260854,2,2,1,29,12,20,2,12,2,1,0,26,1,22,401,22401,14,2004,3G7DA03E14S5,3,G,7,D,A,0,3,E,1,4,S,5,0,P,PONT,AZT,UT,4,17,3779,,0,1083,,G,,F,6,207,,,16R215,,,,,,0,0,000000000,00000000000,0,0,0,1,0,0,0,0,0,0,0,998,0,0,0,12,6,2,12,0,0,0,1,26,49271,6,1,0,0,3,0,65,215,0,0,0,0,0,0,0,0,0,0,0,0,0,0,1,2,55,1,1,2,4,0,0,1,62,99,1,1,51,1,0
26,260855,1,1,1,29,12,0,5,1,0,1,0,26,1,22,20,22020,4,1999,1G2WR5216XF2,1,G,2,W,R,5,2,1,6,X,F,2,0,P,PONT,GTP,4D,99,17,3512,,0,1105,,G,,Z,6,231,,,16R225,,,,,,0,0,000000000,00000000000,0,0,0,1,0,0,0,0,0,0,0,998,0,2,5,0,6,2,1,0,0,1,1,26,48602,6,1,0,0,3,0,72,250,1,0,0,1,0,1,2011,1,2011,1,6,36,0,0,1,2,55,1,1,2,99,0,0,1,12,99,1,4,6,1,1
26,260856,1,1,3,29,12,17,39,34,0,1,0,26,1,20,461,20461,21,1998,1GBFG15R7W10,1,G,B,F,G,1,5,R,7,W,1,0,0,P,CHEV,S/V,SV,98,17,0,,0,1350,,G,,F,8,350,,,000000,,,,,,0,0,000000000,00000000000,0,0,0,1,0,0,0,0,0,0,0,998,0,1,3,9,6,2,1,0,0,0,1,26,48180,6,1,0,0,3,0,72,200,0,0,0,0,1,4,2012,4,2012,0,99,99,99,99,2,2,70,1,1,2,2,0,0,1,9,99,3,4,7,1,0
26,260857,1,2,2,30,12,20,10,12,6,1,0,26,2,7,41,7041,4,1993,2B3ED56F7PH6,2,B,3,E,D,5,6,F,7,P,H,6,0,P,DODG,IES,4D,93,17,3223,,0,1130,,G,,F,6,215,,,16R225,,,,,,0,0,000000000,00000000000,0,0,0,1,0,0,0,0,0,0,0,998,0,1,5,3,6,2,12,0,0,0,1,26,48659,6,1,0,0,3,0,68,160,0,0,0,0,0,0,0,0,0,0,36,39,0,0,1,2,55,1,1,2,1,20,3,1,17,99,1,1,87,1,1
26,260857,2,2,2,30,12,20,10,12,6,1,0,26,4,12,461,12461,21,2009,1FTNE24W79DA,1,F,T,N,E,2,4,W,7,9,D,A,0,T,FORD,25V,CG,9,17,,2,0,1380,VAN,G,,,8,281,,,,B,5195,00,E,42,0,0,000000000,00000000000,0,0,0,1,0,0,0,0,0,0,0,998,0,1,5,12,6,2,12,0,0,0,1,26,49089,3,1,0,0,2,3,74,290,0,0,0,0,0,0,0,0,0,0,0,0,0,0,1,2,55,1,1,2,1,0,0,1,66,99,1,1,86,0,0
26,260858,1,2,1,31,12,23,50,12,8,1,0,26,2,2,405,2405,14,2011,1J4PN2GK2BW5,1,J,4,P,N,2,G,K,2,B,W,5,0,T,JEEP,SPR,4W,11,17,,1,0,1061,LIB,G,,,6,225,,,,,4269,00,R,44,0,0,000000000,00000000000,0,0,0,1,0,0,0,0,0,0,0,998,0,0,0,11,6,2,42,0,0,0,1,26,48462,6,1,0,0,3,0,71,156,0,0,0,3,0,1,2010,6,2012,1,33,0,0,0,1,2,55,1,3,2,1,0,0,6,10,7,1,2,64,1,1
26,260858,2,2,1,31,12,23,50,12,8,1,0,26,1,20,22,20022,2,2010,1G1AB1F52A71,1,G,1,A,B,1,F,5,2,A,7,1,0,P,CHEV,BLS,CP,10,17,2991,,0,1033,,G,,F,4,134,,,15R195,,,,,,0,0,000000000,00000000000,0,0,0,1,0,0,0,0,0,0,0,998,0,0,0,9,9,2,12,0,0,0,1,26,48439,6,1,0,0,3,0,73,230,2,2,0,1,0,4,2011,9,2012,0,0,0,0,0,1,2,55,1,3,2,1,0,0,1,62,7,1,1,65,0,1
26,260859,1,2,2,31,12,18,30,12,6,1,0,26,1,7,482,7482,31,2008,1D7HU18228S5,1,D,7,H,U,1,8,2,2,8,S,5,0,T,DODG,SQ1,CW,8,17,,2,1605,1405,RPC,G,,,8,348,,,,B,5201,00,E,44,0,0,000000000,00000000000,0,0,0,1,0,0,0,0,0,0,0,998,0,0,0,12,6,2,12,0,0,0,1,26,49404,6,1,0,0,3,3,71,192,0,0,0,0,0,0,0,0,0,0,39,0,0,0,1,2,55,1,1,2,1,20,3,1,17,99,1,1,88,1,0
26,260859,2,2,1,31,12,18,30,12,6,1,0,26,1,22,441,22441,20,2001,1GMDX03E31D2,1,G,M,D,X,0,3,E,3,1,D,2,0,T,PONT,MON,ES,1,17,,1,0,1200,MON,G,,,6,207,,,,B,3942,00,K,42,0,0,000000000,00000000000,0,0,0,1,0,0,0,0,0,0,0,998,0,0,0,9,6,2,12,0,0,0,1,26,49403,6,1,0,0,3,0,69,185,0,0,0,0,0,0,0,0,0,0,0,0,0,0,1,2,98,1,1,2,1,0,0,1,66,99,1,1,89,1,1
26,260860,1,1,2,29,12,16,5,32,0,1,0,26,1,22,441,22441,20,2000,1GMDX03E4YD1,1,G,M,D,X,0,3,E,4,Y,D,1,0,T,PONT,MON,ES,0,17,,1,0,1200,MON,G,,,6,207,,,,B,3942,00,K,42,0,0,000000000,00000000000,0,0,0,1,0,0,0,0,0,0,0,998,0,1,5,12,6,2,1,0,0,0,1,26,48117,6,1,0,0,3,0,66,156,0,0,0,3,0,3,2010,1,2011,1,0,0,0,0,1,2,55,2,1,2,4,0,0,14,5,99,4,4,7,1,0
26,260861,1,2,2,17,12,13,2,12,6,1,0,26,1,48,38,48038,4,2013,JF1GJAH66DH0,J,F,1,G,J,A,H,6,6,D,H,0,0,P,SUBA,ILT,4D,13,17,3054,,0,1041,,G,,F,4,122,,,17R205,,,,,,0,0,000000000,00000000000,0,0,0,1,0,0,0,0,0,0,0,998,0,0,0,2,6,2,12,0,0,0,1,26,49008,6,1,0,0,3,3,65,134,0,0,0,0,0,0,0,0,0,0,38,0,0,0,1,2,35,1,1,2,1,1,3,11,15,99,1,1,68,1,0
26,260861,2,2,1,17,12,13,2,12,6,1,0,26,2,20,481,20481,31,1998,2GCEC19M5W11,2,G,C,E,C,1,9,M,5,W,1,1,0,T,CHEV,GC1,PC,98,17,,2,1555,1415,GM4,G,,,8,305,,,,B,4145,03,,42,0,0,000000000,00000000000,0,0,0,1,0,0,0,0,0,0,0,998,0,0,0,12,6,2,12,0,0,0,1,26,49048,6,1,0,0,3,3,70,205,0,0,0,0,0,0,0,0,0,0,0,0,0,0,3,2,98,1,1,2,1,2,3,1,62,99,1,1,69,0,0
26,260862,1,1,4,30,12,3,0,42,0,1,0,26,1,20,401,20401,14,2000,1GNDT13W8Y21,1,G,N,D,T,1,3,W,8,Y,2,1,0,P,CHEV,BZR,UT,0,17,4049,,0,1070,,G,,F,6,262,,,15R205,,,,,,0,0,000000000,00000000000,0,0,0,1,0,0,0,0,0,0,0,998,0,1,5,12,6,2,1,0,0,0,1,26,49802,6,1,0,0,3,0,66,180,0,0,0,0,0,0,0,0,0,1,87,0,0,0,1,2,55,1,2,2,3,0,0,1,6,99,4,4,7,1,1
26,260863,1,3,6,23,12,13,30,12,6,1,0,26,2,49,42,49042,2,1993,JT2EL45U3P01,J,T,2,E,L,4,5,U,3,P,0,1,0,P,TOYT,PAS,CP,93,17,2070,,0,937,,G,,F,4,091,,,14R175,,,,,,0,0,000000000,00000000000,0,0,0,1,0,0,0,0,0,0,0,998,0,0,0,9,6,2,12,0,0,0,1,26,48210,6,1,0,0,3,0,64,110,0,0,0,0,0,0,0,0,0,0,0,0,0,0,1,2,25,1,1,1,1,2,3,1,66,99,1,1,89,1,0