STATE,ST_CASE,VEH_NO,VE_FORMS,NUMOCCS,DAY,MONTH,HOUR,MINUTE,HARM_EV,MAN_COLL,UNITTYPE,HIT_RUN,REG_STAT,OWNER,MAKE,MODEL,MAK_MOD,BODY_TYP,MOD_YEAR,VIN,VIN_1,VIN_2,VIN_3,VIN_4,VIN_5,VIN_6,VIN_7,VIN_8,VIN_9,VIN_10,VIN_11,VIN_12,TOW_VEH,VINTYPE,VINMAKE,VINA_MOD,VIN_BT,VINMODYR,VIN_LNGT,VIN_WGT,WGTCD_TR,WHLBS_LG,WHLBS_SH,SER_TR,FUELCODE,MCYCL_DS,CARBUR,CYLINDER,DISPLACE,MCYCL_CY,MCYCL_WT,TIRE_SZE,TON_RAT,TRK_WT,TRKWTVAR,VIN_REST,WHLDRWHL,J_KNIFE,MCARR_I1,MCARR_I2,MCARR_ID,GVWR,V_CONFIG,CARGO_BT,HAZ_INV,HAZ_PLAC,HAZ_ID,HAZ_CNO,HAZ_REL,BUS_USE,SPEC_USE,EMER_USE,TRAV_SP,UNDERIDE,ROLLOVER,ROLINLOC,IMPACT1,DEFORMED,TOWED,M_HARM,VEH_SC1,VEH_SC2,FIRE_EXP,DR_PRES,L_STATE,DR_ZIP,L_STATUS,L_TYPE,CDL_STAT,L_ENDORS,L_COMPL,L_RESTRI,DR_HGT,DR_WGT,PREV_ACC,PREV_SUS,PREV_DWI,PREV_SPD,PREV_OTH,FIRST_MO,FIRST_YR,LAST_MO,LAST_YR,SPEEDREL,DR_SF1,DR_SF2,DR_SF3,DR_SF4,VTRAFWAY,VNUM_LAN,VSPD_LIM,VALIGN,VPROFILE,VPAVETYP,VSURCOND,VTRAFCON,VTCONT_F,P_CRASH1,P_CRASH2,P_CRASH3,PCRASH4,PCRASH5,ACC_TYPE,DEATHS,DR_DRINK
27,270104,1,1,1,30,5,22,3,9,0,1,0,27,1,59,34,59034,4,2006,JTHCH96S3600,J,T,H,C,H,9,6,S,3,6,0,0,0,P,LEXS,AS3,4D,6,17,3759,,0,1122,,G,,F,6,183,,,17R225,,,,,,0,0,000000000,00000000000,0,0,0,1,0,0,0,0,0,0,0,999,0,0,0,12,4,3,9,0,0,0,1,27,55127,6,1,0,0,3,0,70,157,0,0,0,0,0,0,0,0,0,0,0,0,0,0,2,2,50,1,1,1,1,3,3,1,83,1,1,1,13,0,0
27,270105,1,1,3,1,6,17,49,42,0,1,0,27,1,22,20,22020,4,2005,2G2WP5223511,2,G,2,W,P,5,2,2,3,5,1,1,0,P,PONT,GRA,4D,5,17,3477,,0,1105,,G,,F,6,231,,,16R225,,,,,,0,0,000000000,00000000000,0,0,0,1,0,0,0,0,0,0,0,58,0,1,5,12,6,2,42,0,0,0,1,27,56630,6,1,0,0,3,0,66,160,0,0,0,0,0,0,0,0,0,0,99,99,99,99,1,2,55,2,2,2,1,28,3,14,9,8,3,4,2,1,0
27,270106,1,1,1,2,6,0,15,1,0,1,0,27,2,72,706,72706,80,2006,1HD1GX1146K3,1,H,D,1,G,X,1,1,4,6,K,3,0,M,HD,FXI,RS,6,17,,,,,,,1450,,2,,4,634,,,,,,,0,0,000000000,00000000000,0,0,0,1,0,0,0,0,0,0,0,55,0,0,0,0,4,3,1,0,0,0,1,27,55756,6,1,0,0,3,1,68,165,0,0,0,0,0,0,0,0,0,1,0,0,0,0,1,2,55,3,2,2,1,0,0,14,13,6,2,6,98,1,1
27,270107,1,2,1,2,6,5,5,12,2,1,0,27,5,49,40,49040,5,2011,4T1BF3EK9BU1,4,T,1,B,F,3,E,K,9,B,U,1,0,P,TOYT,CBA,4D,11,17,3263,,0,1093,,G,,F,4,152,,,16R215,,,,,,0,0,000000000,00000000000,0,0,0,1,0,0,0,0,0,0,0,56,0,0,0,12,6,2,12,0,0,1,1,27,55917,2,1,0,0,2,0,67,165,0,2,1,0,1,7,2009,4,2012,1,28,0,0,0,1,2,55,1,1,2,1,0,0,1,10,1,1,2,50,1,1
27,270107,2,2,1,2,6,5,5,12,2,1,0,27,3,85,881,85881,66,2009,1XKAD49X79J2,1,X,K,A,D,4,9,X,7,9,J,2,1,T,KW,T60,TR,9,17,,8,2600,1600,CON,D,,,6,915,,,,,00000,00,,64,1,57,128287,57128287,3,6,1,1,0,0,0,0,0,0,0,55,0,1,1,12,6,2,12,0,0,0,1,27,55926,6,1,6,0,3,0,69,185,0,0,0,0,0,0,0,0,0,0,0,0,0,0,1,2,55,1,1,2,1,0,0,1,62,8,2,1,51,0,0
27,270108,1,1,2,2,6,21,40,59,0,1,0,27,1,21,401,21401,14,2002,1GHDT13S2221,1,G,H,D,T,1,3,S,2,2,2,1,0,P,OLDS,BRA,UT,2,17,4628,,0,1130,,G,,F,6,256,,,17R255,,,,,,0,0,000000000,00000000000,0,0,0,1,0,0,0,0,0,0,0,70,0,1,5,1,4,3,1,0,0,0,1,27,56447,6,1,0,0,3,3,68,185,1,2,1,0,0,9,2010,9,2011,1,0,0,0,0,1,2,30,3,1,2,1,0,0,14,13,6,4,4,1,1,1
27,270109,1,2,1,4,6,9,51,12,6,1,0,27,2,12,471,12471,30,1996,1FTCR15U2TPB,1,F,T,C,R,1,5,U,2,T,P,B,0,T,FORD,RNS,PC,96,17,,1,0,1250,RNG,G,,,6,182,,,,B,00000,00,B,44,0,0,000000000,00000000000,0,0,0,1,0,0,0,0,0,0,0,999,0,0,0,12,4,3,12,0,0,0,1,27,55008,1,1,0,0,2,0,74,215,0,7,0,0,1,6,2009,5,2012,0,39,0,0,0,2,2,55,1,1,2,1,3,3,1,17,1,1,2,88,0,0
27,270109,2,2,1,4,6,9,51,12,6,1,0,27,1,22,18,22018,4,1994,1G2NE55M1RM5,1,G,2,N,E,5,5,M,1,R,M,5,0,P,PONT,GAS,4D,94,17,2793,,0,1034,,G,,F,6,191,,,14R185,,,,,,0,0,000000000,00000000000,0,0,0,1,0,0,0,0,0,0,0,999,0,0,0,9,4,1,12,0,0,0,1,27,55434,6,1,0,0,3,0,73,220,0,0,0,0,0,0,0,0,0,0,0,0,0,0,1,2,98,1,8,2,1,3,3,4,66,1,1,1,89,1,0
27,270110,1,2,1,5,6,14,45,12,6,1,0,48,1,19,22,19022,4,2008,1G6KD57Y78U1,1,G,6,K,D,5,7,Y,7,8,U,1,0,P,CADI,TDS,4D,8,17,4009,,0,1156,,G,,F,8,281,,,17R235,,,,,,0,0,000000000,00000000000,0,0,0,1,0,0,0,0,0,0,0,999,0,0,0,3,6,2,12,0,0,1,1,48,78577,6,1,0,0,3,1,999,999,0,0,0,0,0,0,0,0,0,0,38,0,0,0,1,2,98,8,8,2,1,20,3,4,17,1,1,1,87,1,0
27,270110,2,2,1,5,6,14,45,12,6,1,0,93,3,86,881,86881,66,2004,1M1AE07Y44N0,1,M,1,A,E,0,7,Y,4,4,N,0,1,T,MACK,CX6,TR,4,17,,8,0,0,600,D,,,6,728,,,,,00000,00,,64,1,57,304920,57304920,3,6,2,1,0,0,0,0,0,0,0,63,0,0,0,12,6,2,12,0,0,0,1,27,56170,6,1,6,1,3,0,77,212,0,0,0,0,0,0,0,0,0,0,0,0,0,0,1,2,60,1,1,2,1,0,0,1,66,9,1,1,86,0,0
27,270111,1,1,2,5,6,15,37,35,0,1,0,27,1,18,24,18024,6,2008,5GAER23748J1,5,G,A,E,R,2,3,7,4,8,J,1,0,P,BUIC,ENC,UT,8,17,4780,,0,1189,,G,,F,6,220,,,19R255,,,,,,0,0,000000000,00000000000,0,0,0,1,0,0,0,0,0,0,0,55,0,1,1,12,6,2,1,0,0,0,1,27,56256,6,1,0,0,3,1,70,190,0,0,0,0,0,0,0,0,0,0,0,0,0,0,1,2,55,1,1,2,1,0,0,1,12,1,1,4,6,1,0
27,270112,1,2,1,6,6,6,38,12,2,1,0,27,1,63,401,63401,14,2008,KNDJF7241874,K,N,D,J,F,7,2,4,1,8,7,4,0,P,KIA,SPO,UT,8,17,3230,,0,1035,,G,,F,4,122,,,16R215,,,,,,0,0,000000000,00000000000,0,0,0,1,0,0,0,0,0,0,0,35,0,0,0,12,6,2,12,0,0,0,1,27,55113,6,1,0,0,3,1,71,230,0,0,0,0,0,0,0,0,0,0,51,0,0,0,1,2,30,1,1,2,1,0,0,1,54,1,1,2,52,1,0
27,270112,2,2,1,6,6,6,38,12,2,1,0,27,3,84,981,84981,50,2009,4DRBUAAN09B6,4,D,R,B,U,A,A,N,0,9,B,6,0,T,INTL,,BU,9,17,,7,,,,D,,,6,466,,,,,,,,42,0,57,248223,57248223,3,21,22,1,0,0,0,0,1,0,0,15,0,0,0,12,4,1,12,0,0,0,1,27,55113,6,1,6,1,3,0,71,205,0,0,0,0,0,0,0,0,0,0,0,0,0,0,1,2,30,1,1,2,1,0,0,1,54,9,1,1,52,0,0
27,270113,1,2,1,6,6,21,27,18,0,1,0,27,1,73,703,73703,80,2001,JKAEXMF191A0,J,K,A,E,X,M,F,1,9,1,A,0,0,M,KAWK,EXF,RC,1,17,,,,,,,250,,2,,4,304,,,,,,,0,0,000000000,00000000000,0,0,0,1,0,0,0,0,0,0,0,60,0,0,0,14,2,3,18,0,0,0,1,27,55110,6,1,0,0,3,0,66,150,1,1,0,0,0,7,2009,12,2010,0,0,0,0,0,2,3,60,1,1,1,1,0,0,1,90,98,1,1,12,1,0
27,270113,2,2,1,6,6,21,27,18,0,1,0,27,1,23,472,23472,30,2004,1GKDT13SX421,1,G,K,D,T,1,3,S,X,4,2,1,0,T,GMC,ENV,4W,4,17,,1,0,1130,ENV,G,,,6,256,,,,B,4616,00,E,44,0,0,000000000,00000000000,0,0,0,1,0,0,0,0,0,0,0,60,0,0,0,12,2,3,54,0,0,0,1,27,55110,6,1,0,0,3,0,73,206,0,0,0,1,0,7,2011,7,2011,0,6,0,0,0,2,3,60,1,1,1,1,0,0,1,90,8,1,6,98,0,0
27,270114,1,1,1,9,6,12,23,1,0,1,0,27,1,50,706,50706,80,2011,SMTC05LR4BJ4,S,M,T,C,0,5,L,R,4,B,J,4,0,M,TRUM,RCT,RS,11,17,,,,,,,2294,,3,,4,869,,,,,,,0,0,000000000,00000000000,0,0,0,1,0,0,0,0,0,0,0,998,0,0,0,0,4,3,1,0,0,0,1,27,55430,6,1,6,0,3,1,71,330,1,0,0,0,0,5,2010,5,2010,0,58,0,0,0,3,5,60,3,1,1,1,0,0,2,9,98,2,2,98,1,0
27,270115,1,2,1,14,6,6,32,12,2,1,0,27,2,20,481,20481,31,2003,1GCEK19T53E2,1,G,C,E,K,1,9,T,5,3,E,2,0,T,CHEV,SK1,4C,3,17,,2,1575,1435,SIL,G,,,8,325,,,,B,4910,02,,44,0,0,000000000,00000000000,0,0,0,1,0,0,0,0,0,0,0,998,0,0,0,12,6,2,12,0,0,1,1,27,56001,6,1,0,0,3,0,69,180,1,0,0,0,0,6,2012,6,2012,0,51,0,0,0,1,2,55,3,2,1,1,0,0,14,54,1,1,2,52,1,0
27,270115,2,2,1,14,6,6,32,12,2,1,0,93,1,87,881,87881,66,1990,1XP5DB9X7LD2,1,X,P,5,D,B,9,X,7,L,D,2,1,T,PTRB,379,TR,90,17,,8,0,0,CON,D,,,6,893,,,,,00000,00,,64,3,57,214829,57214829,3,6,8,1,0,0,0,0,0,0,0,998,0,0,0,12,6,2,12,0,0,0,1,27,55021,6,1,6,0,3,0,69,185,0,0,0,0,0,0,0,0,0,0,0,0,0,0,1,2,55,2,2,1,1,0,0,14,54,9,1,1,52,0,0
27,270116,1,3,1,14,6,17,39,12,6,1,0,55,1,77,706,77706,80,2003,5VPGB16D5330,5,V,P,G,B,1,6,D,5,3,3,0,0,M,VCTY,GBD,RS,3,17,,,,,,,1507,,2,,4,620,,,,,,,0,0,000000000,00000000000,0,0,0,1,0,0,0,0,0,0,0,998,0,0,0,11,6,2,12,0,0,0,1,27,55109,6,1,6,0,3,3,73,209,0,0,0,0,0,0,0,0,0,1,39,0,0,0,2,2,45,1,1,1,1,3,3,1,17,1,1,1,69,1,0
27,270116,2,3,1,14,6,17,39,12,6,1,0,27,3,12,870,12870,61,2008,1FDXE45L08DA,1,F,D,X,E,4,5,L,0,8,D,A,0,T,FORD,4DC,YY,8,17,,4,1760,1580,CTV,G,,,8,330,,,,D,00000,00,E,42,0,88,888888888,88888888888,2,1,28,1,0,0,0,0,0,0,0,998,0,0,0,12,4,3,12,0,0,0,1,27,55346,6,1,0,0,3,1,73,170,1,0,0,0,0,7,2009,7,2009,0,28,0,0,0,2,2,45,1,1,1,1,3,3,11,62,1,1,1,68,0,0
27,270116,3,3,1,14,6,17,39,12,6,1,0,27,1,18,7,18007,1,1993,1G4AG55N9P64,1,G,4,A,G,5,5,N,9,P,6,4,0,P,BUIC,CSP,4D,93,17,2870,,0,1047,,G,,F,6,204,,,14R185,,,,,,0,0,000000000,00000000000,0,0,0,1,0,0,0,0,0,0,0,0,0,0,0,62,2,3,54,0,0,0,1,27,55110,6,1,0,0,3,0,74,200,1,1,1,0,0,12,2009,3,2010,0,0,0,0,0,1,2,98,8,8,2,1,3,3,5,66,1,1,1,98,0,0
27,270117,1,1,1,14,5,21,58,8,0,1,0,27,2,20,39,20039,4,2009,KL1TD56E89B6,K,L,1,T,D,5,6,E,8,9,B,6,0,P,CHEV,LTS,4D,9,17,2569,,0,976,,G,,F,4,098,,,14R185,,,,,,0,0,000000000,00000000000,0,0,0,1,0,0,0,0,0,0,0,998,0,0,0,12,4,3,8,0,0,0,1,27,56301,6,1,0,0,3,0,73,180,0,0,0,1,0,8,2010,8,2010,0,0,0,0,0,2,2,35,1,1,2,1,3,3,1,80,9,1,1,13,0,0
27,270118,1,1,1,15,6,21,35,11,0,1,0,92,0,98,739,98739,90,2012,4XAMH50A6CA3,4,X,A,M,H,5,0,A,6,C,A,3,0,M,POLS,S5H,AT,12,17,,,,,,,498,,1,,4,696,,,,,,,0,0,000000000,00000000000,0,0,0,1,0,0,0,0,0,0,0,999,0,1,1,12,4,3,11,0,0,0,1,27,55362,6,1,0,0,3,0,69,180,0,0,0,0,0,0,0,0,0,0,28,0,0,0,1,2,55,1,3,2,1,0,0,1,87,98,1,1,13,1,1
27,270119,1,1,1,16,6,5,31,30,0,1,0,27,2,37,31,37031,4,1992,JHMEH9593NS0,J,H,M,E,H,9,5,9,3,N,S,0,0,P,HOND,CXV,4D,92,17,2480,,0,1031,,G,,F,4,097,,,14R175,,,,,,0,0,000000000,00000000000,0,0,0,1,0,0,0,0,0,0,0,999,0,0,0,10,6,2,30,0,0,0,1,27,55362,6,1,0,0,3,0,71,185,0,1,0,1,0,3,2010,6,2010,0,58,0,0,0,1,2,55,3,1,2,1,0,0,14,13,8,2,4,2,1,1
27,270120,1,1,1,16,6,5,35,59,0,1,0,27,1,7,43,7043,4,2003,1B3EL36X03N5,1,B,3,E,L,3,6,X,0,3,N,5,0,P,DODG,SSE,4D,3,17,3108,,0,1080,,G,,F,4,148,,,15R205,,,,,,0,0,000000000,00000000000,0,0,0,1,0,0,0,0,0,0,0,999,0,0,0,81,6,2,42,0,0,0,1,27,55068,6,1,0,0,3,0,62,120,0,0,0,1,0,4,2010,4,2010,1,0,0,0,0,1,2,40,3,1,2,1,0,0,14,6,8,4,4,7,1,1
27,270121,1,2,1,18,6,16,23,12,2,1,0,27,1,24,2,24002,2,1995,1G8ZH1279SZ1,1,G,8,Z,H,1,2,7,9,S,Z,1,0,P,STRN,SC2,CP,95,17,2302,,0,992,,G,,F,4,116,,,15R195,,,,,,0,0,000000000,00000000000,0,0,0,1,0,0,0,0,0,0,0,998,0,0,0,12,6,2,12,0,0,0,1,27,55979,6,1,6,0,3,0,68,170,0,0,0,0,0,0,0,0,0,0,28,0,0,0,1,2,55,2,6,2,1,0,0,14,10,1,1,2,50,1,0
27,270121,2,2,1,18,6,16,23,12,2,1,0,27,1,20,481,20481,31,1996,1GCEK19M4TE1,1,G,C,E,K,1,9,M,4,T,E,1,0,T,CHEV,GK1,PC,96,17,,2,1555,1415,GM4,G,,,8,305,,,,B,4495,08,,44,0,0,000000000,00000000000,0,0,0,1,0,0,0,0,0,0,0,998,0,0,0,12,6,2,12,0,0,0,1,27,55987,6,1,0,0,3,0,72,250,0,0,0,0,0,0,0,0,0,0,0,0,0,0,1,2,55,3,5,2,1,0,0,14,62,1,1,1,51,0,0
27,270122,1,2,1,19,6,6,45,23,0,1,0,27,1,37,32,37032,4,1992,1HGCB7654NA1,1,H,G,C,B,7,6,5,4,N,A,1,0,P,HOND,ALX,4D,92,17,2504,,0,1071,,G,,F,4,132,,,14R185,,,,,,0,0,000000000,00000000000,0,0,0,1,0,0,0,0,0,0,0,999,0,0,0,81,6,2,12,0,0,0,1,27,55128,6,1,0,0,3,0,71,173,0,0,0,1,0,4,2012,4,2012,0,99,99,99,99,1,2,60,2,2,1,2,0,0,14,9,1,9,4,2,1,0
27,270122,2,2,1,19,6,6,45,23,0,1,0,27,3,86,881,86881,66,2007,1M1AP02Y27N0,1,M,1,A,P,0,2,Y,2,7,N,0,1,T,MACK,CXP,TR,7,17,,8,0,0,600,D,,,6,659,,,,,00000,00,,64,1,57,212711,57212711,3,6,1,1,0,0,0,0,0,0,0,999,0,0,0,12,4,3,12,0,0,0,1,27,55325,6,1,6,0,3,1,72,225,0,0,0,0,0,0,0,0,0,0,0,0,0,0,1,2,60,3,2,1,2,0,0,14,62,3,1,1,98,0,0
27,270123,1,1,2,18,6,22,28,34,0,1,0,27,3,12,481,12481,31,1999,1FTSW31F8XEC,1,F,T,S,W,3,1,F,8,X,E,C,0,T,FORD,F3S,CW,99,17,,2,1724,1562,SRW,D,,,8,444,,,,D,5945,01,E,44,0,0,000000000,00000000000,0,0,0,1,0,0,0,0,0,0,0,999,0,1,5,14,6,2,1,0,0,0,1,27,56345,6,1,0,0,3,0,77,180,0,0,0,2,0,7,2009,6,2011,1,99,99,99,99,1,2,55,4,1,2,1,0,0,14,13,8,4,4,7,1,1
27,270124,1,1,1,23,6,2,58,8,0,1,0,27,1,53,404,53404,14,2008,2S3DA2171861,2,S,3,D,A,2,1,7,1,8,6,1,0,P,SUZI,XL7,UT,8,17,3886,,0,1124,,G,,F,6,220,,,16R235,,,,,,0,0,000000000,00000000000,0,0,0,1,0,0,0,0,0,0,0,998,0,0,0,6,2,3,8,0,0,0,1,27,55025,6,1,0,0,3,0,65,150,1,0,0,2,1,7,2009,2,2012,0,31,0,0,0,1,2,30,1,1,2,1,0,0,13,82,98,1,1,92,0,0
27,270125,1,3,1,3,4,9,31,12,6,1,0,27,1,12,37,12037,3,2002,3FAFP31392R2,3,F,A,F,P,3,1,3,9,2,R,2,0,P,FORD,FZX,3P,2,17,2598,,0,1030,,G,,F,4,121,,,15R195,,,,,,0,0,000000000,00000000000,0,0,0,1,0,0,0,0,0,0,0,30,0,0,0,12,4,3,12,0,0,0,1,27,56441,6,1,0,0,3,0,70,210,1,2,0,2,0,11,2009,9,2010,0,39,0,0,0,1,2,30,1,1,2,1,20,3,1,17,1,1,1,69,1,0
27,270125,2,3,1,3,4,9,31,12,6,1,0,27,1,6,51,6051,4,1999,2C3HE66GXXH6,2,C,3,H,E,6,6,G,X,X,H,6,0,P,CHRY,30M,4D,99,17,3474,,0,1130,,G,,F,6,215,,,17R225,,,,,,0,0,000000000,00000000000,0,0,0,1,0,0,0,0,0,0,0,30,0,0,0,81,4,3,12,0,0,0,1,27,56425,6,1,0,0,3,0,65,115,0,0,0,0,0,0,0,0,0,0,0,0,0,0,1,2,30,1,1,2,1,20,3,11,63,1,1,1,68,0,0
27,270125,3,3,1,3,4,9,31,12,6,1,0,27,2,22,20,22020,4,1998,1G2WP52K0WF2,1,G,2,W,P,5,2,K,0,W,F,2,0,P,PONT,GPG,4D,98,17,3414,,0,1105,,G,,F,6,231,,,16R225,,,,,,0,0,000000000,00000000000,0,0,0,1,0,0,0,0,0,0,0,0,0,0,0,61,4,1,12,0,0,0,1,27,56401,6,1,0,0,3,0,74,190,0,0,0,1,0,7,2009,7,2009,0,0,0,0,0,1,4,30,1,1,2,1,20,3,5,67,1,1,1,98,0,0
27,270126,1,1,1,14,6,0,17,11,0,1,0,27,1,37,706,37706,80,1982,1HFSC0204CA2,1,H,F,S,C,0,2,0,4,C,A,2,0,M,HOND,G10,RS,82,17,,,,,,,1085,,4,,4,595,,,,,,,0,0,000000000,00000000000,0,0,0,1,0,0,0,0,0,0,0,55,0,0,0,12,2,3,11,0,0,0,1,27,55321,6,1,0,0,2,3,72,220,1,0,0,0,0,5,2010,5,2010,0,0,0,0,0,1,2,55,1,2,2,1,0,0,1,87,9,2,1,13,1,0
27,270127,1,2,1,21,6,23,10,12,99,1,0,27,1,37,734,37734,90,2007,1HFTE2663746,1,H,F,T,E,2,6,6,3,7,4,6,0,M,HOND,TFA,AT,7,17,,,,,,,499,,1,,4,600,,,,,,,0,0,000000000,00000000000,0,0,0,1,0,0,0,0,0,0,0,999,0,0,0,99,6,2,12,0,0,0,1,27,56373,6,1,0,0,3,0,67,265,0,0,0,1,0,8,2010,8,2010,9,99,99,99,99,1,2,55,1,1,4,1,99,9,99,99,99,9,9,99,1,1
27,270127,2,2,5,21,6,23,10,12,99,1,1,27,2,23,421,23421,15,1997,1GKEK13R5VJ7,1,G,K,E,K,1,3,R,5,V,J,7,9,T,GMC,YUK,4W,97,17,,2,0,1175,YUK,G,,,8,350,,,,B,5225,00,E,44,0,0,000000000,00000000000,0,0,0,1,0,0,0,0,0,0,0,999,0,0,0,12,4,1,12,0,0,0,1,27,56364,3,1,0,0,2,0,70,250,0,0,0,0,0,0,0,0,0,0,6,0,0,0,1,2,55,1,1,4,1,99,9,99,99,99,9,1,99,0,0
27,270128,1,2,2,28,5,11,0,12,6,1,0,27,1,20,20,20020,4,2001,2G1WL52J0112,2,G,1,W,L,5,2,J,0,1,1,2,0,P,CHEV,LUM,4D,1,17,3330,,0,1075,,G,,F,6,191,,,15R205,,,,,,0,0,000000000,00000000000,0,0,0,1,0,0,0,0,0,0,0,999,0,0,0,3,6,2,12,0,0,0,1,27,56267,6,1,0,0,3,1,64,150,0,0,0,0,0,0,0,0,0,0,39,0,0,0,1,2,55,1,1,2,1,20,3,1,17,1,1,1,87,1,0
27,270128,2,2,2,28,5,11,0,12,6,1,0,46,1,20,482,20482,31,2003,3GNEK13T03G2,3,G,N,E,K,1,3,T,0,3,G,2,1,T,CHEV,KAV,CW,3,17,,2,0,1300,AVL,G,,,8,325,,,,B,5652,00,,44,1,0,000000000,00000000000,0,0,0,1,0,0,0,0,0,0,0,999,0,0,0,12,6,2,12,0,0,0,1,46,57063,6,1,0,0,3,0,70,230,0,0,0,0,0,0,0,0,0,0,0,0,0,0,1,2,55,1,1,2,1,0,0,1,66,4,1,1,86,0,0
27,270129,1,1,2,22,6,21,5,34,0,1,0,27,1,7,402,7402,14,2003,1D4HS58N43F5,1,D,4,H,S,5,8,N,4,3,F,5,0,P,DODG,DUR,UT,3,17,4687,,0,1160,,G,,F,8,287,,,16R245,,,,,,0,0,000000000,00000000000,0,0,0,1,0,0,0,0,0,0,0,75,0,1,5,14,6,2,1,0,0,0,1,27,56537,6,1,0,0,3,0,70,125,0,0,0,0,0,0,0,0,0,1,0,0,0,0,1,2,55,1,2,4,1,0,0,1,6,7,3,4,2,2,1
27,270130,1,3,2,23,6,11,57,12,2,1,0,27,2,20,481,20481,31,1997,2GCEK19R6V11,2,G,C,E,K,1,9,R,6,V,1,1,1,T,CHEV,GK1,PC,97,17,,2,1555,1415,GM4,G,,,8,350,,,,B,4544,00,,44,1,0,000000000,00000000000,0,0,0,1,0,0,0,0,0,0,0,60,0,0,0,12,6,2,12,0,0,0,1,27,56082,6,1,6,0,3,0,74,180,0,0,0,0,0,0,0,0,0,0,28,0,0,0,1,2,55,1,1,2,1,0,0,1,10,1,1,2,50,1,0
27,270130,2,3,1,23,6,11,57,12,2,1,0,27,4,14,401,14401,14,2006,4M2EU47EX6UJ,4,M,2,E,U,4,7,E,X,6,U,J,0,P,MERC,MOU,UT,6,17,4679,,0,1137,,G,,F,6,244,,,17R245,,,,,,0,0,000000000,00000000000,0,0,0,1,0,0,0,0,0,0,0,998,0,0,0,12,6,2,12,0,0,0,1,27,56041,6,1,0,0,3,0,63,200,0,0,0,0,0,0,0,0,0,0,0,0,0,0,1,2,55,1,1,2,1,0,0,1,62,4,1,1,51,1,0
27,270130,3,3,3,23,6,11,57,12,2,1,0,27,1,6,441,6441,20,2008,2A8HR54P28R7,2,A,8,H,R,5,4,P,2,8,R,7,0,T,CHRY,TOU,ES,8,17,,2,0,1212,TWC,G,,,6,232,,,,,4507,00,,42,0,0,000000000,00000000000,0,0,0,1,0,0,0,0,0,0,0,55,0,0,0,1,6,2,12,0,0,0,1,27,55924,6,1,0,0,3,1,60,181,0,0,0,0,0,0,0,0,0,0,0,0,0,0,1,2,55,1,1,2,1,0,0,1,98,9,1,1,98,0,0
27,270131,1,1,2,23,6,21,37,1,0,1,0,19,2,20,403,20403,14,2004,1GNET16S3461,1,G,N,E,T,1,6,S,3,4,6,1,0,P,CHEV,TRL,UT,4,17,4954,,0,1290,,G,,F,6,256,,,17R245,,,,,,0,0,000000000,00000000000,0,0,0,1,0,0,0,0,0,0,0,999,0,2,1,0,6,2,1,0,0,0,1,19,51334,6,1,0,0,3,1,73,155,1,0,0,0,0,6,2012,6,2012,0,58,0,0,0,3,2,70,2,1,2,1,0,0,14,12,9,3,6,98,1,0
27,270132,1,1,1,24,6,5,39,53,0,1,0,27,1,12,13,12013,2,2000,3FAKP1136YR1,3,F,A,K,P,1,1,3,6,Y,R,1,0,P,FORD,ZX2,CP,0,17,2478,,0,984,,G,,F,4,121,,,15R185,,,,,,0,0,000000000,00000000000,0,0,0,1,0,0,0,0,0,0,0,55,0,0,0,2,6,2,53,0,0,0,1,27,55112,6,1,0,0,3,0,74,199,0,0,0,1,0,11,2009,11,2009,0,0,0,0,0,1,2,55,1,1,2,1,0,0,1,13,6,1,4,1,1,1
27,270133,1,1,2,24,6,20,15,1,0,1,0,27,1,12,473,12473,30,2002,1FMZU77E62UC,1,F,M,Z,U,7,7,E,6,2,U,C,0,P,FORD,EPR,UT,2,17,4340,,0,1259,,G,,F,6,245,,,16R235,,,,,,0,0,000000000,00000000000,0,0,0,1,0,0,0,0,0,0,0,70,0,2,5,0,6,2,1,0,0,0,1,27,55303,6,1,0,0,3,1,69,190,0,0,0,0,1,9,2009,9,2009,0,28,58,0,0,2,2,65,2,1,2,1,0,0,14,12,9,1,4,1,1,0
27,270134,1,2,4,25,6,17,49,12,1,1,0,19,2,49,48,49048,5,2006,JTLKT3243640,J,T,L,K,T,3,2,4,3,6,4,0,0,P,TOYT,SXB,UT,6,17,2395,,0,984,,G,,F,4,092,,,15R185,,,,,,0,0,000000000,00000000000,0,0,0,1,0,0,0,0,0,0,0,0,0,0,0,6,6,2,12,0,0,0,1,19,52101,6,1,0,0,3,3,68,135,0,0,0,0,0,0,0,0,0,0,0,0,0,0,1,2,55,1,2,2,1,0,0,5,53,1,1,1,22,1,0
27,270134,2,2,1,25,6,17,49,12,1,1,0,19,3,7,881,7881,61,2010,3D6WG4EL6AG1,3,D,6,W,G,4,E,L,6,A,G,1,0,T,DODG,350,CB,10,17,,3,1675,1435,RPC,D,,,6,408,,,,D,00000,00,E,42,0,57,435929,57435929,2,1,3,1,0,0,0,0,0,0,0,57,0,0,0,12,4,3,12,0,0,0,1,19,52101,6,1,6,0,3,1,68,145,0,0,0,0,0,0,0,0,0,0,0,0,0,0,1,2,55,1,2,2,1,0,0,1,50,1,1,1,20,0,0
27,270135,1,2,1,25,6,22,31,12,6,1,0,51,3,87,881,87881,66,2008,1XPHD49X78D7,1,X,P,H,D,4,9,X,7,8,D,7,1,T,PTRB,386,TR,8,17,,8,0,0,CON,D,,,6,915,,,,,00000,00,,64,1,57,335555,57335555,3,6,1,1,0,0,0,0,0,0,0,60,0,0,0,4,6,2,12,0,0,1,1,12,32110,6,1,6,0,3,1,81,999,0,0,0,1,0,3,2011,3,2011,0,0,0,0,0,2,1,60,1,1,2,1,0,0,1,66,1,1,1,87,0,0