STATE,ST_CASE,VEH_NO,VE_FORMS,NUMOCCS,DAY,MONTH,HOUR,MINUTE,HARM_EV,MAN_COLL,UNITTYPE,HIT_RUN,REG_STAT,OWNER,MAKE,MODEL,MAK_MOD,BODY_TYP,MOD_YEAR,VIN,VIN_1,VIN_2,VIN_3,VIN_4,VIN_5,VIN_6,VIN_7,VIN_8,VIN_9,VIN_10,VIN_11,VIN_12,TOW_VEH,VINTYPE,VINMAKE,VINA_MOD,VIN_BT,VINMODYR,VIN_LNGT,VIN_WGT,WGTCD_TR,WHLBS_LG,WHLBS_SH,SER_TR,FUELCODE,MCYCL_DS,CARBUR,CYLINDER,DISPLACE,MCYCL_CY,MCYCL_WT,TIRE_SZE,TON_RAT,TRK_WT,TRKWTVAR,VIN_REST,WHLDRWHL,J_KNIFE,MCARR_I1,MCARR_I2,MCARR_ID,GVWR,V_CONFIG,CARGO_BT,HAZ_INV,HAZ_PLAC,HAZ_ID,HAZ_CNO,HAZ_REL,BUS_USE,SPEC_USE,EMER_USE,TRAV_SP,UNDERIDE,ROLLOVER,ROLINLOC,IMPACT1,DEFORMED,TOWED,M_HARM,VEH_SC1,VEH_SC2,FIRE_EXP,DR_PRES,L_STATE,DR_ZIP,L_STATUS,L_TYPE,CDL_STAT,L_ENDORS,L_COMPL,L_RESTRI,DR_HGT,DR_WGT,PREV_ACC,PREV_SUS,PREV_DWI,PREV_SPD,PREV_OTH,FIRST_MO,FIRST_YR,LAST_MO,LAST_YR,SPEEDREL,DR_SF1,DR_SF2,DR_SF3,DR_SF4,VTRAFWAY,VNUM_LAN,VSPD_LIM,VALIGN,VPROFILE,VPAVETYP,VSURCOND,VTRAFCON,VTCONT_F,P_CRASH1,P_CRASH2,P_CRASH3,PCRASH4,PCRASH5,ACC_TYPE,DEATHS,DR_DRINK
27,270240,1,4,1,18,9,15,24,12,1,1,0,27,1,41,51,41051,5,2005,JM1BK3437512,J,M,1,B,K,3,4,3,7,5,1,2,0,P,MAZD,M3H,4H,5,17,2826,,0,1039,,G,,F,4,140,,,17R205,,,,,,0,0,000000000,00000000000,0,0,0,1,0,0,0,0,0,0,0,0,0,0,0,6,4,1,12,0,0,0,1,27,55337,6,1,0,0,3,0,74,170,0,0,0,0,1,5,2011,5,2011,0,0,0,0,0,3,4,65,1,1,2,1,0,0,5,53,1,1,1,98,0,1
27,270240,2,4,1,18,9,15,24,12,1,1,0,27,1,72,706,72706,80,1998,1HD1FCR15WY6,1,H,D,1,F,C,R,1,5,W,Y,6,0,M,HD,FLU,RS,98,17,,,,,,,1340,,2,,4,772,,,,,,,0,0,000000000,00000000000,0,0,0,1,0,0,0,0,0,0,0,998,0,0,0,6,6,2,12,0,0,0,1,27,55404,6,1,6,0,3,3,73,225,0,0,0,0,0,0,0,0,0,1,26,0,0,0,3,4,65,1,1,2,1,0,0,2,53,4,1,1,29,1,0
27,270240,3,4,1,18,9,15,24,12,1,1,0,27,2,22,20,22020,4,2002,1G2WP52K42F2,1,G,2,W,P,5,2,K,4,2,F,2,0,P,PONT,GPG,4D,2,17,3496,,0,1105,,G,,F,6,231,,,16R225,,,,,,0,0,000000000,00000000000,0,0,0,1,0,0,0,0,0,0,0,99,0,0,0,12,4,1,12,0,0,0,1,27,55044,6,1,0,0,3,0,69,150,0,0,0,1,0,8,2012,8,2012,1,26,0,0,0,3,4,65,1,1,2,1,0,0,1,52,98,1,1,28,0,0
27,270240,4,4,2,18,9,15,24,12,1,1,0,27,2,49,442,49442,20,2001,4T3ZF13C81U4,4,T,3,Z,F,1,3,C,8,1,U,4,0,P,TOYT,SIE,SV,1,17,3932,,0,1142,,G,,F,6,183,,,15R205,,,,,,0,0,000000000,00000000000,0,0,0,1,0,0,0,0,0,0,0,998,0,0,0,3,2,1,12,0,0,0,1,27,55124,6,1,0,0,3,0,71,150,0,1,0,0,1,11,2010,1,2012,0,0,0,0,0,3,4,65,1,1,2,1,0,0,1,61,4,1,1,98,0,0
27,270241,1,1,1,18,9,17,32,59,0,1,0,27,1,12,481,12481,31,1997,1FTJW36FXVEC,1,F,T,J,W,3,6,F,X,V,E,C,1,T,FORD,F35,CW,97,17,,2,0,1680,COF,D,,,8,444,,,,D,5660,01,A,44,1,0,000000000,00000000000,0,0,0,1,0,0,0,0,0,0,0,999,0,1,5,12,6,2,1,0,0,0,1,27,56447,6,1,0,0,3,0,67,150,0,0,0,0,0,0,0,0,0,0,58,0,0,0,1,2,55,3,1,2,1,0,0,14,13,98,1,4,1,1,1
27,270242,1,2,1,19,9,15,28,12,6,1,0,27,2,9,38,9038,4,1997,1P3EJ46C3VN5,1,P,3,E,J,4,6,C,3,V,N,5,0,P,PLYM,BRE,4D,97,17,2909,,0,1080,,G,,F,4,122,,,14R195,,,,,,0,0,000000000,00000000000,0,0,0,1,0,0,0,0,0,0,0,10,0,0,0,9,6,2,12,0,0,0,1,27,55792,6,2,0,0,3,1,66,100,0,0,0,0,0,0,0,0,0,1,38,0,0,0,1,2,98,1,1,2,1,20,3,4,17,1,1,1,89,1,0
27,270242,2,2,1,19,9,15,28,12,6,1,0,27,1,14,401,14401,14,2002,4M2DU86E92UJ,4,M,2,D,U,8,6,E,9,2,U,J,0,P,MERC,MOU,UT,2,17,4410,,0,1138,,G,,F,6,245,,,16R245,,,,,,0,0,000000000,00000000000,0,0,0,1,0,0,0,0,0,0,0,62,0,0,0,12,6,2,12,0,0,0,1,27,55746,6,1,0,0,3,0,73,270,0,0,0,0,0,0,0,0,0,1,0,0,0,0,2,2,55,1,1,2,1,0,0,1,66,4,1,1,88,0,0
27,270243,1,2,1,19,9,20,30,12,1,1,0,27,1,77,706,77706,80,2006,5VPXB26D7630,5,V,P,X,B,2,6,D,7,6,3,0,0,M,VCTY,VX4,RS,6,17,,,,,,,1634,,2,,4,644,,,,,,,0,0,000000000,00000000000,0,0,0,1,0,0,0,0,0,0,0,998,0,0,0,12,6,2,12,0,0,0,1,27,56301,6,1,6,0,3,0,71,195,1,0,0,0,0,12,2009,12,2009,0,0,0,0,0,2,2,65,1,1,2,1,0,0,1,51,1,1,1,24,1,0
27,270243,2,2,1,19,9,20,30,12,1,1,0,0,0,12,998,12998,92,1993,000000000000,0,0,0,0,0,0,0,0,0,0,0,0,0,,,,,,,,,,,,,,,,,,,,,,,,,0,0,000000000,00000000000,0,0,0,1,0,0,0,0,0,0,0,18,0,0,0,6,4,3,12,0,0,0,1,27,56374,6,1,0,0,3,1,68,195,0,0,0,0,0,0,0,0,0,0,45,0,0,0,2,2,65,1,1,2,1,0,0,1,53,1,1,1,25,0,0
27,270244,1,1,1,29,9,12,18,15,0,1,0,27,1,20,481,20481,31,2003,1GCHK24U03E2,1,G,C,H,K,2,4,U,0,3,E,2,0,T,CHEV,2KH,PK,3,17,,2,0,1330,SIL,G,,,8,364,,,,C,5484,00,,44,0,0,000000000,00000000000,0,0,0,1,0,0,0,0,0,0,0,66,0,0,0,12,4,3,15,0,0,0,1,27,55746,6,1,0,0,3,1,68,150,0,0,0,0,0,0,0,0,0,1,0,0,0,0,1,2,45,1,3,2,1,0,0,1,80,9,1,1,13,0,1
27,270245,1,2,1,20,9,9,15,12,1,1,0,27,3,87,881,87881,63,1984,1XP9DB9X4EP1,1,X,P,9,D,B,9,X,4,E,P,1,0,T,PTRB,359,TR,84,17,,8,2750,1310,CON,D,,,6,893,,,,,00000,00,,64,0,57,1126453,571126453,3,2,4,1,0,0,0,0,0,0,0,35,0,0,0,6,2,1,12,0,0,0,1,27,56633,6,1,6,0,3,1,69,255,0,0,0,0,0,0,0,0,0,0,0,0,0,0,2,2,65,1,1,2,1,0,0,3,53,1,1,1,25,0,1
27,270245,2,2,1,20,9,9,15,12,1,1,0,38,3,7,462,7462,21,2006,WD0PD7445659,W,D,0,P,D,7,4,4,5,6,5,9,0,T,DODG,SNR,EC,6,17,,2,0,1580,SNR,D,,,5,165,,,,,5086,00,E,42,0,0,000000000,00000000000,0,0,0,1,0,0,0,0,0,0,0,73,0,0,0,12,6,2,12,0,0,0,1,27,56601,6,1,0,0,3,0,64,185,0,0,0,0,0,0,0,0,0,1,0,0,0,0,2,2,65,1,1,2,1,0,0,1,51,1,1,1,24,1,0
27,270246,1,1,1,30,9,18,57,8,0,1,0,27,1,38,401,38401,14,2002,JACDJ58X427J,J,A,C,D,J,5,8,X,4,2,7,J,0,P,ISU,TRO,UT,2,17,4455,,0,1087,,G,,F,6,213,,,000000,,,,,,0,0,000000000,00000000000,0,0,0,1,0,0,0,0,0,0,0,33,0,0,0,12,0,3,8,0,0,0,1,27,55103,3,1,0,0,2,0,64,160,0,0,0,0,0,0,0,0,0,0,0,0,0,0,4,4,30,1,1,2,1,0,0,1,80,98,1,1,13,0,0
27,270247,1,1,1,5,10,21,5,8,0,1,0,27,2,35,39,35039,4,1998,JN1CA21DXWT6,J,N,1,C,A,2,1,D,X,W,T,6,0,P,NISS,MGS,4D,98,17,3026,,0,1063,,G,,F,6,182,,,15R205,,,,,,0,0,000000000,00000000000,0,0,0,1,0,0,0,0,0,0,0,50,0,0,0,12,4,3,8,0,0,0,1,27,55115,6,1,0,0,3,0,72,230,0,0,0,0,0,0,0,0,0,0,0,0,0,0,1,2,50,1,1,2,1,0,0,1,80,1,1,1,13,0,0
27,270248,1,1,1,21,9,11,36,42,0,1,0,98,2,7,26,7026,4,2008,999999999999,9,9,9,9,9,9,9,9,9,9,9,9,0,,,,,,,,,,,,,,,,,,,,,,,,,0,0,000000000,00000000000,0,0,0,1,0,0,0,0,0,0,0,998,0,1,5,11,6,2,42,0,0,0,1,27,56575,6,1,0,0,3,0,70,180,0,0,0,0,0,0,0,0,0,1,0,0,0,0,1,2,55,2,3,2,1,0,0,14,12,99,1,4,6,1,0
27,270249,1,2,2,23,9,19,0,12,6,1,0,27,1,37,705,37705,80,2002,JH2RC44J02M0,J,H,2,R,C,4,4,J,0,2,M,0,0,M,HOND,VT0,RS,2,17,,,,,,,745,,2,,4,505,,,,,,,0,0,000000000,00000000000,0,0,0,1,0,0,0,0,0,0,0,999,0,0,0,12,6,2,12,0,0,0,1,27,56601,6,1,0,0,3,0,70,185,0,0,0,0,0,0,0,0,0,9,99,99,99,99,1,2,55,4,2,1,1,0,0,14,62,1,1,1,69,1,0
27,270249,2,2,2,23,9,19,0,12,6,1,0,27,2,49,40,49040,4,1999,4T1BG22K6XU5,4,T,1,B,G,2,2,K,6,X,U,5,0,P,TOYT,UEX,4D,99,17,2998,,0,1051,,G,,F,4,132,,,14R195,,,,,,0,0,000000000,00000000000,0,0,0,1,0,0,0,0,0,0,0,30,0,0,0,82,6,2,12,0,0,0,1,27,56601,6,1,0,0,3,0,72,200,0,0,0,0,0,0,0,0,0,0,38,0,0,0,1,2,55,4,2,1,1,0,0,11,15,6,1,1,68,0,0
27,270250,1,3,3,24,9,9,15,12,1,1,0,27,1,49,32,49032,4,1994,2T1AE09B3RC0,2,T,1,A,E,0,9,B,3,R,C,0,0,P,TOYT,LED,4D,94,17,2458,,0,970,,G,,F,4,108,,,14R185,,,,,,0,0,000000000,00000000000,0,0,0,1,0,0,0,0,0,0,0,28,0,0,0,12,4,3,12,0,0,0,1,27,55106,0,0,0,0,0,0,999,999,1,4,0,0,0,8,2010,8,2010,9,99,99,99,99,1,2,30,1,1,2,1,3,3,1,17,1,1,1,69,1,0
27,270250,2,3,2,24,9,9,15,12,1,1,0,27,2,20,421,20421,15,2001,1GNEK13T31J1,1,G,N,E,K,1,3,T,3,1,J,1,0,P,CHEV,KTA,UT,1,17,5050,,0,1160,,G,,F,8,325,,,16R245,,,,,,0,0,000000000,00000000000,0,0,0,1,0,0,0,0,0,0,0,25,0,0,0,6,2,1,12,0,0,0,1,27,55130,6,1,0,0,3,0,67,165,0,0,0,0,0,0,0,0,0,0,0,0,0,0,1,2,30,1,1,2,1,3,3,11,63,11,1,1,68,0,0
27,270250,3,3,1,24,9,9,15,12,1,1,0,27,1,51,46,51046,4,2000,YV1VS2553YF5,Y,V,1,V,S,2,5,5,3,Y,F,5,0,P,VOLV,S40,4D,0,17,3030,,0,1004,,G,,T,4,119,,,000000,,,,,,0,0,000000000,00000000000,0,0,0,1,0,0,0,0,0,0,0,998,0,0,0,12,2,1,12,0,0,0,1,27,55106,6,1,0,0,3,0,66,200,1,0,0,0,0,6,2011,6,2011,0,0,0,0,0,1,2,30,1,1,2,1,3,3,1,62,1,1,1,98,0,0
27,270251,1,1,1,24,9,15,46,1,0,1,0,27,1,72,706,72706,80,1997,1HD4CAM12VY2,1,H,D,4,C,A,M,1,2,V,Y,2,0,M,HD,X88,RS,97,17,,,,,,,883,,2,,4,485,,,,,,,0,0,000000000,00000000000,0,0,0,1,0,0,0,0,0,0,0,55,0,0,0,0,4,3,1,0,0,0,1,27,56090,6,1,0,0,3,1,58,95,0,0,0,0,0,0,0,0,0,0,0,0,0,0,1,2,55,1,1,2,1,0,0,1,8,4,2,1,98,1,0
27,270252,1,1,1,25,9,6,36,59,0,1,0,27,0,32,42,32042,4,2001,WAUED64B01N1,W,A,U,E,D,6,4,B,0,1,N,1,0,P,AUDI,27Q,4D,1,17,3657,,0,1086,,G,,T,6,163,,,16R215,,,,,,0,0,000000000,00000000000,0,0,0,1,0,0,0,0,0,0,0,97,0,1,5,3,6,2,32,0,0,0,1,27,55318,6,1,0,0,3,0,73,187,0,0,0,0,0,0,0,0,0,1,0,0,0,0,1,2,55,2,1,2,1,0,0,14,6,4,9,4,7,1,1
27,270253,2,1,1,25,9,8,47,14,0,1,0,27,2,23,441,23441,20,1988,1GTDM15Z3JB5,1,G,T,D,M,1,5,Z,3,J,B,5,0,T,GMC,SAF,CG,88,17,,1,0,1110,SAF,G,,,6,262,,,,B,3088,01,A,42,0,0,000000000,00000000000,0,0,0,1,0,0,0,0,0,0,0,999,0,0,0,12,6,2,14,0,0,0,1,27,56653,6,1,0,0,2,0,72,250,0,0,0,0,0,0,0,0,0,0,0,0,0,0,1,2,35,1,1,2,1,0,0,1,11,1,1,4,1,1,0
27,270254,1,1,2,27,9,14,9,30,0,1,0,27,1,12,442,12442,20,2003,2FMZA52423BB,2,F,M,Z,A,5,2,4,2,3,B,B,0,T,FORD,WSE,ES,3,17,,1,0,1207,WIN,G,,,6,232,,,,B,3762,00,E,42,0,0,000000000,00000000000,0,0,0,1,0,0,0,0,0,0,0,999,0,1,6,81,6,2,1,0,0,0,1,27,55385,4,1,0,0,2,0,68,220,1,0,0,0,0,7,2010,7,2010,0,58,0,0,0,1,2,55,3,1,2,1,0,0,14,13,6,4,4,2,1,0
27,270255,1,2,1,28,9,6,30,12,6,1,0,27,1,41,35,41035,4,2001,JM1BJ2258104,J,M,1,B,J,2,2,5,8,1,0,4,0,P,MAZD,PLS,4D,1,17,2634,,0,1028,,G,,F,4,122,,,15R195,,,,,,0,0,000000000,00000000000,0,0,0,1,0,0,0,0,0,0,0,999,0,0,0,61,6,2,12,0,0,0,1,27,55016,6,1,0,0,3,0,65,165,0,0,0,0,0,0,0,0,0,0,39,0,0,0,1,2,55,1,1,2,1,20,3,3,17,1,1,1,89,1,0
27,270255,2,2,1,28,9,6,30,12,6,1,0,27,3,84,881,84881,63,1996,1HTSDAAN0TH2,1,H,T,S,D,A,A,N,0,T,H,2,1,T,INTL,490,CC,96,17,,7,2540,1280,40S,D,,,6,466,,,,,00000,00,,42,1,57,477615,57477615,3,4,7,1,0,0,0,0,0,0,0,998,0,0,0,12,2,1,12,0,0,0,1,27,56187,6,1,6,0,3,3,71,265,1,0,0,0,0,2,2012,2,2012,0,0,0,0,0,1,2,55,1,1,2,1,0,0,1,66,3,1,1,88,0,0
27,270256,1,1,2,28,9,23,37,18,0,1,0,27,1,34,34,34034,1,1994,WBABK5321REC,W,B,A,B,K,5,3,2,1,R,E,C,0,P,BMW,31C,CV,94,17,3119,,0,1063,,G,,F,4,110,,,15R205,,,,,,0,0,000000000,00000000000,0,0,0,1,0,0,0,0,0,0,0,999,0,0,0,12,6,2,18,0,0,1,1,27,55350,6,1,0,0,3,0,74,170,0,14,0,4,0,10,2009,3,2012,9,99,99,99,99,1,2,55,1,1,2,1,0,0,1,12,98,1,4,6,2,0
27,270257,1,1,1,30,9,1,23,35,0,1,0,27,1,35,39,35039,4,1994,JN1EJ01F3RT5,J,N,1,E,J,0,1,F,3,R,T,5,0,P,NISS,MSE,4D,94,17,3050,,0,1043,,G,,F,6,181,,,15R205,,,,,,0,0,000000000,00000000000,0,0,0,1,0,0,0,0,0,0,0,999,0,0,0,12,6,2,3,0,0,0,1,27,56469,6,1,0,0,3,0,71,170,0,0,0,0,0,0,0,0,0,0,0,0,0,0,1,2,55,1,1,4,1,0,0,1,13,6,1,4,1,1,1
27,270258,1,2,2,1,10,8,18,12,6,1,0,27,1,63,32,63032,4,2013,KNADM4A38D61,K,N,A,D,M,4,A,3,8,D,6,1,0,P,KIA,RIL,4D,13,17,2410,,0,1012,,G,,F,4,098,,,15R185,,,,,,0,0,000000000,00000000000,0,0,0,1,0,0,0,0,0,0,0,998,0,0,0,11,6,2,12,0,0,0,1,27,56572,6,1,0,0,3,3,73,195,0,0,0,0,0,0,0,0,0,0,0,0,0,0,1,2,55,1,2,2,1,0,0,1,65,1,1,1,77,1,0
27,270258,2,2,1,1,10,8,18,12,6,1,0,27,1,20,481,20481,31,2007,2GCFK13Y8715,2,G,C,F,K,1,3,Y,8,7,1,5,0,T,CHEV,1KW,CW,7,17,,2,0,1435,SIL,G,,,8,366,,,,B,5371,00,,44,0,0,000000000,00000000000,0,0,0,1,0,0,0,0,0,0,0,998,0,0,0,12,6,2,12,0,0,0,1,27,56572,6,1,0,0,3,0,69,165,0,0,0,2,0,11,2011,5,2012,0,38,0,0,0,1,2,55,1,8,2,1,20,3,11,15,1,1,1,76,0,0
27,270259,1,3,2,1,10,8,47,12,8,1,0,27,1,21,22,21022,4,1996,1G3GR62C3T41,1,G,3,G,R,6,2,C,3,T,4,1,0,P,OLDS,AUR,4D,96,17,3967,,0,1138,,G,,F,8,244,,,16R235,,,,,,0,0,000000000,00000000000,0,0,0,1,0,0,0,0,0,0,0,55,0,0,0,11,6,2,12,0,0,0,1,27,55720,2,1,0,0,2,0,60,100,0,24,0,2,0,11,2009,8,2012,0,28,0,0,0,1,2,55,1,1,2,1,0,0,1,10,1,1,2,64,0,0
27,270259,2,3,2,1,10,8,47,12,8,1,0,27,3,12,481,12481,31,2004,1FTSW31S74ED,1,F,T,S,W,3,1,S,7,4,E,D,0,T,FORD,F3S,CW,4,17,,2,1724,1562,SRW,G,,,10,415,,,,D,6267,00,E,44,0,0,000000000,00000000000,0,0,0,1,0,0,0,0,0,0,0,55,0,0,0,7,6,2,12,0,0,0,1,27,55733,6,1,0,0,3,0,76,220,0,0,0,0,0,0,0,0,0,0,0,0,0,0,1,2,55,1,1,2,1,0,0,1,62,1,1,1,65,2,0
27,270259,3,3,1,1,10,8,47,12,8,1,0,27,3,12,880,12880,67,2006,1FTWW33P46EC,1,F,T,W,W,3,3,P,4,6,E,C,1,T,FORD,F3D,CW,6,17,,3,1720,1560,DRW,D,,,8,366,,,,D,6989,01,E,44,3,88,888888888,88888888888,2,4,3,1,0,0,0,0,0,0,0,38,0,0,0,61,6,2,12,0,0,0,1,27,56468,6,1,6,0,3,0,72,235,0,0,0,0,0,0,0,0,0,0,0,0,0,0,1,2,55,1,1,2,1,0,0,1,62,9,1,1,98,0,0
27,270260,1,2,2,2,10,13,34,12,6,1,0,27,3,41,35,41035,4,2000,JM1BJ2226Y02,J,M,1,B,J,2,2,2,6,Y,0,2,0,P,MAZD,PDL,4D,0,17,2434,,0,1028,,G,,F,4,097,,,14R185,,,,,,0,0,000000000,00000000000,0,0,0,1,0,0,0,0,0,0,0,999,0,0,0,83,6,2,12,0,0,0,1,27,55331,6,1,0,0,3,0,62,135,0,1,0,0,0,10,2009,10,2009,0,39,0,0,0,2,2,70,1,1,2,1,28,3,12,98,8,1,1,98,1,0
27,270260,2,2,1,2,10,13,34,12,6,1,0,55,3,84,881,84881,63,2013,3HSDJSJR6DN3,3,H,S,D,J,S,J,R,6,D,N,3,1,T,INTL,PRO,TR,13,17,,8,0,0,PRO,D,,,6,793,,,,,00000,00,,64,1,57,744481,57744481,3,4,3,1,0,0,0,0,0,0,0,55,0,0,0,12,4,3,12,0,0,0,1,17,60169,6,1,6,0,3,0,69,190,0,0,0,0,0,0,0,0,0,0,0,0,0,0,2,2,70,1,1,2,1,28,3,1,98,3,1,1,98,0,0
27,270261,1,2,2,2,10,20,21,12,2,1,0,27,1,20,481,20481,31,1992,2GCEC19K5N11,2,G,C,E,C,1,9,K,5,N,1,1,0,T,CHEV,GC1,PC,92,17,,2,1555,1415,GM4,G,,,8,350,,,,B,4426,02,,42,0,0,000000000,00000000000,0,0,0,1,0,0,0,0,0,0,0,55,0,0,0,12,6,2,12,0,0,0,1,27,56701,6,1,0,0,3,0,76,223,0,0,0,0,0,0,0,0,0,0,0,0,0,0,1,2,55,1,1,2,1,0,0,1,62,4,1,1,51,1,0
27,270261,2,2,2,2,10,20,21,12,2,1,0,27,1,22,20,22020,4,2004,2G2WP5228413,2,G,2,W,P,5,2,2,8,4,1,3,0,P,PONT,GPG,4D,4,17,3477,,0,1105,,G,,F,6,231,,,16R225,,,,,,0,0,000000000,00000000000,0,0,0,1,0,0,0,0,0,0,0,55,0,0,0,12,6,2,12,0,0,0,1,27,56701,6,1,0,0,3,3,71,160,0,0,0,0,0,0,0,0,0,0,28,0,0,0,1,2,55,1,1,2,1,0,0,1,10,1,1,2,50,0,0
27,270262,1,2,1,2,10,21,55,12,2,1,0,27,1,73,705,73705,80,2002,JKAEXVD162A0,J,K,A,E,X,V,D,1,6,2,A,0,0,M,KAWK,E5D,RC,2,17,,,,,,,500,,2,,4,388,,,,,,,0,0,000000000,00000000000,0,0,0,1,0,0,0,0,0,0,0,998,0,0,0,12,6,2,12,0,0,0,1,27,55040,6,1,0,0,2,0,72,220,0,1,0,0,1,3,2012,4,2012,0,0,0,0,0,1,2,55,1,2,2,1,0,0,1,54,1,9,1,52,1,0
27,270262,2,2,1,2,10,21,55,12,2,1,0,27,2,14,17,14017,4,1996,1MELM53S2TA6,1,M,E,L,M,5,3,S,2,T,A,6,1,P,MERC,SLS,4D,96,17,3359,,0,1085,,G,,F,6,182,,,15R205,,,,,,1,0,000000000,00000000000,0,0,0,1,0,0,0,0,0,0,0,998,0,0,0,12,6,2,12,0,0,0,1,27,55371,6,1,6,0,3,1,68,185,0,0,0,2,0,6,2011,11,2011,0,51,0,0,0,1,2,55,1,2,2,1,0,0,1,54,4,9,1,52,0,0
27,270263,1,2,1,31,3,15,5,12,6,1,0,27,1,73,706,73706,80,2009,JKBVNRC179A0,J,K,B,V,N,R,C,1,7,9,A,0,0,M,KAWK,V7C,RS,9,17,,,,,,,1700,,2,,4,833,,,,,,,0,0,000000000,00000000000,0,0,0,1,0,0,0,0,0,0,0,998,0,0,0,12,4,3,12,0,0,0,1,27,55421,6,1,0,0,3,0,68,250,0,0,0,1,0,7,2010,7,2010,0,0,0,0,0,1,2,98,1,1,2,1,20,3,4,17,1,1,1,86,1,1
27,270263,2,2,1,31,3,15,5,12,6,1,0,27,1,7,442,7442,20,2002,2B4GP44R92R6,2,B,4,G,P,4,4,R,9,2,R,6,0,T,DODG,GSP,ES,2,17,,1,0,1193,CAR,G,,,6,201,,,,,4002,00,E,42,0,0,000000000,00000000000,0,0,0,1,0,0,0,0,0,0,0,50,0,0,0,1,4,3,12,0,0,0,1,27,55448,6,1,0,0,3,0,65,155,0,0,0,0,0,0,0,0,0,0,0,0,0,0,2,2,50,1,1,1,1,0,0,1,66,1,1,1,87,0,0
27,270264,1,2,1,20,4,14,10,12,6,1,0,27,2,37,32,37032,4,1997,1HGCD5600VA1,1,H,G,C,D,5,6,0,0,V,A,1,0,P,HOND,USE,4D,97,17,2864,,0,1069,,G,,F,4,132,,,15R185,,,,,,0,0,000000000,00000000000,0,0,0,1,0,0,0,0,0,0,0,35,0,0,0,12,4,3,12,0,0,0,1,27,55109,0,0,0,0,0,0,999,999,0,0,0,0,0,0,0,0,0,0,0,0,0,0,2,4,35,1,1,2,1,0,0,1,62,99,9,1,69,0,0
27,270264,2,2,2,20,4,14,10,12,6,1,0,27,1,18,401,18401,14,2006,3G5DA03L26S6,3,G,5,D,A,0,3,L,2,6,S,6,0,P,BUIC,RZV,UT,6,17,4096,,0,1122,,G,,F,6,214,,,17R225,,,,,,0,0,000000000,00000000000,0,0,0,1,0,0,0,0,0,0,0,998,0,0,0,4,2,3,12,0,0,0,1,27,55109,6,1,0,0,3,0,64,120,0,0,0,0,0,0,0,0,0,0,38,0,0,0,2,4,35,1,1,2,1,0,0,11,15,1,1,1,68,1,0
27,270265,1,2,1,4,10,9,57,12,2,1,0,27,1,6,52,6052,6,2004,3C4FY48B74T2,3,C,4,F,Y,4,8,B,7,4,T,2,0,P,CHRY,PTC,SV,4,17,3026,,0,1030,,G,,F,4,148,,,15R195,,,,,,0,0,000000000,00000000000,0,0,0,1,0,0,0,0,0,0,0,55,0,0,0,12,6,2,12,0,0,0,1,27,56748,6,1,0,0,3,3,68,250,0,0,0,0,0,0,0,0,0,0,28,0,0,0,1,2,55,1,1,2,10,0,0,1,10,7,9,2,50,1,0
27,270265,2,2,1,4,10,9,57,12,2,1,0,27,1,7,482,7482,31,1999,3B7KF2668XM5,3,B,7,K,F,2,6,6,8,X,M,5,1,T,DODG,250,PK,99,17,,2,0,1347,RPC,D,,,6,359,,,,C,5148,00,U,44,1,57,794890,57794890,2,4,3,1,0,0,0,0,0,0,0,55,0,0,0,12,6,2,12,0,0,0,1,27,56737,6,1,6,0,3,1,71,255,1,0,0,1,0,1,2010,5,2011,0,0,0,0,0,1,2,55,1,1,2,10,0,0,1,62,4,9,1,51,0,0
27,270266,1,1,1,7,10,18,39,53,0,1,0,27,1,9,499,9499,29,1974,BB8AE4X11905,B,B,8,A,E,4,X,1,1,9,0,5,0,T,PLYM,PB2,SV,74,13,,1,1270,1090,VOY,G,,,8,318,,,,,3575,05,,44,0,0,000000000,00000000000,0,0,0,1,0,0,0,0,0,0,0,99,0,0,0,12,6,2,42,0,0,1,1,27,56474,6,1,0,0,3,1,72,240,0,0,0,0,0,0,0,0,0,1,0,0,0,0,1,2,55,3,1,2,1,0,0,14,13,1,1,4,1,1,1
27,270267,1,1,1,9,10,13,33,1,0,1,0,93,3,87,881,87881,66,2005,1XP5DU9X75D8,1,X,P,5,D,U,9,X,7,5,D,8,1,T,PTRB,379,TR,5,17,,8,0,0,CON,D,,,6,763,,,,,00000,00,,64,1,57,894658,57894658,3,6,3,1,0,0,0,0,0,0,0,55,0,2,1,0,6,2,24,0,0,0,1,27,56128,6,1,6,0,3,1,76,400,0,0,0,0,1,12,2010,12,2010,9,99,99,99,99,1,2,55,1,2,2,1,28,3,1,13,6,1,6,98,1,0
27,270268,1,1,1,15,10,23,43,8,0,1,0,27,1,20,481,20481,31,1999,2GCEK19T7X12,2,G,C,E,K,1,9,T,7,X,1,2,1,T,CHEV,SK1,3C,99,17,,2,1575,1435,SIL,G,,,8,325,,,,B,4621,00,,44,1,0,000000000,00000000000,0,0,0,1,0,0,0,0,0,0,0,998,0,0,0,12,4,3,8,0,0,0,1,27,55309,6,1,0,0,3,0,71,228,0,0,0,0,1,10,2011,10,2011,0,0,0,0,0,1,2,55,1,1,2,1,0,0,1,80,4,1,1,13,0,0