STATE,ST_CASE,VEH_NO,VE_FORMS,NUMOCCS,DAY,MONTH,HOUR,MINUTE,HARM_EV,MAN_COLL,UNITTYPE,HIT_RUN,REG_STAT,OWNER,MAKE,MODEL,MAK_MOD,BODY_TYP,MOD_YEAR,VIN,VIN_1,VIN_2,VIN_3,VIN_4,VIN_5,VIN_6,VIN_7,VIN_8,VIN_9,VIN_10,VIN_11,VIN_12,TOW_VEH,VINTYPE,VINMAKE,VINA_MOD,VIN_BT,VINMODYR,VIN_LNGT,VIN_WGT,WGTCD_TR,WHLBS_LG,WHLBS_SH,SER_TR,FUELCODE,MCYCL_DS,CARBUR,CYLINDER,DISPLACE,MCYCL_CY,MCYCL_WT,TIRE_SZE,TON_RAT,TRK_WT,TRKWTVAR,VIN_REST,WHLDRWHL,J_KNIFE,MCARR_I1,MCARR_I2,MCARR_ID,GVWR,V_CONFIG,CARGO_BT,HAZ_INV,HAZ_PLAC,HAZ_ID,HAZ_CNO,HAZ_REL,BUS_USE,SPEC_USE,EMER_USE,TRAV_SP,UNDERIDE,ROLLOVER,ROLINLOC,IMPACT1,DEFORMED,TOWED,M_HARM,VEH_SC1,VEH_SC2,FIRE_EXP,DR_PRES,L_STATE,DR_ZIP,L_STATUS,L_TYPE,CDL_STAT,L_ENDORS,L_COMPL,L_RESTRI,DR_HGT,DR_WGT,PREV_ACC,PREV_SUS,PREV_DWI,PREV_SPD,PREV_OTH,FIRST_MO,FIRST_YR,LAST_MO,LAST_YR,SPEEDREL,DR_SF1,DR_SF2,DR_SF3,DR_SF4,VTRAFWAY,VNUM_LAN,VSPD_LIM,VALIGN,VPROFILE,VPAVETYP,VSURCOND,VTRAFCON,VTCONT_F,P_CRASH1,P_CRASH2,P_CRASH3,PCRASH4,PCRASH5,ACC_TYPE,DEATHS,DR_DRINK
27,270269,1,1,1,16,10,4,53,9,0,1,0,93,1,84,881,84881,66,1999,2HSFHASR9XC0,2,H,S,F,H,A,S,R,9,X,C,0,0,T,INTL,940,TR,99,17,,8,2340,1600,90S,D,,,6,893,,,,,00000,00,,64,0,57,633844,57633844,3,5,96,1,0,0,0,0,0,0,0,60,0,0,0,1,4,1,9,0,0,0,1,27,56312,6,1,6,0,3,0,70,185,0,0,0,0,0,0,0,0,0,0,0,0,0,0,1,2,60,1,1,2,1,0,0,1,83,1,1,1,13,0,0
27,270270,1,1,1,3,10,8,40,10,0,1,0,0,0,98,998,98998,92,9999,000000000000,0,0,0,0,0,0,0,0,0,0,0,0,1,,,,,,,,,,,,,,,,,,,,,,,,,1,0,000000000,00000000000,0,0,0,1,0,0,0,0,0,0,0,999,0,1,1,3,6,2,1,0,0,0,1,27,56166,6,1,0,0,3,1,77,260,0,0,0,0,0,0,0,0,0,0,39,0,0,0,1,2,55,1,1,4,1,65,3,1,91,1,1,1,98,1,0
27,270271,1,2,1,10,10,16,14,12,6,1,0,27,2,20,2,20002,4,2005,2G1WH52K5591,2,G,1,W,H,5,2,K,5,5,9,1,0,P,CHEV,IPL,4D,5,17,3466,,0,1105,,G,,F,6,231,,,16R225,,,,,,0,0,000000000,00000000000,0,0,0,1,0,0,0,0,0,0,0,999,0,0,0,1,6,2,12,0,0,0,1,27,56138,6,1,0,0,3,0,73,235,0,1,0,1,0,3,2010,6,2010,0,39,0,0,0,1,2,55,1,1,2,1,20,3,1,17,1,1,1,87,1,0
27,270271,2,2,1,10,10,16,14,12,6,1,0,27,1,20,9,20009,2,1994,2G1FP22P5R21,2,G,1,F,P,2,2,P,5,R,2,1,0,P,CHEV,Z28,CP,94,17,3424,,0,1011,,G,,F,8,350,,,16R235,,,,,,0,0,000000000,00000000000,0,0,0,1,0,0,0,0,0,0,0,998,0,0,0,12,6,2,12,0,0,0,1,27,56129,6,1,0,0,3,0,77,237,0,1,0,2,0,2,2010,7,2011,0,0,0,0,0,1,2,55,1,1,2,1,0,0,1,66,1,1,1,86,0,0
27,270272,1,1,1,10,10,20,7,1,0,1,0,27,2,20,401,20401,14,1999,1GNDT13W4X21,1,G,N,D,T,1,3,W,4,X,2,1,0,P,CHEV,BZR,UT,99,17,4023,,0,1070,,G,,F,6,262,,,15R205,,,,,,0,0,000000000,00000000000,0,0,0,1,0,0,0,0,0,0,0,998,0,2,1,0,6,2,1,0,0,0,1,27,56159,3,1,0,0,2,0,64,140,0,2,0,0,0,10,2009,10,2010,0,58,0,0,0,1,2,60,1,1,1,1,0,0,1,12,6,9,2,98,1,1
27,270274,1,1,3,14,10,0,6,34,0,1,0,27,2,20,19,20019,4,1995,1G1LD5542SY2,1,G,1,L,D,5,5,4,2,S,Y,2,0,P,CHEV,CSA,4D,95,17,2745,,0,1034,,G,,F,4,133,,,14R195,,,,,,0,0,000000000,00000000000,0,0,0,1,0,0,0,0,0,0,0,55,0,1,5,12,6,2,1,0,0,0,1,27,55404,2,1,0,0,2,0,67,195,0,0,0,0,0,0,0,0,0,0,39,0,0,0,1,2,55,1,1,2,1,20,3,1,14,1,1,4,14,2,1
27,270275,1,1,4,14,10,8,33,1,0,1,0,27,2,2,405,2405,14,2005,1J4GL48K15W5,1,J,4,G,L,4,8,K,1,5,W,5,0,T,JEEP,SPR,4W,5,17,,1,0,1043,LIB,G,,,6,226,,,,,3731,00,E,44,0,0,000000000,00000000000,0,0,0,1,0,0,0,0,0,0,0,999,0,1,5,0,6,2,1,0,0,0,1,27,56309,6,2,0,0,3,1,67,120,0,0,0,0,0,0,0,0,0,0,0,0,0,0,1,2,55,1,1,2,1,0,0,1,10,7,1,4,1,1,0
27,270276,1,2,1,14,10,16,3,12,6,1,0,27,3,51,881,51881,66,2005,4V4NC9TJX5N3,4,V,4,N,C,9,T,J,X,5,N,3,1,T,VOLV,VNL,TR,5,17,,8,0,0,VVN,D,,,6,915,,,,,00000,00,,64,1,57,1253477,571253477,3,6,4,1,0,0,0,0,0,0,0,13,0,0,0,4,4,1,12,0,0,0,1,27,55014,6,1,6,0,3,0,73,230,0,0,0,0,0,0,0,0,0,0,38,0,0,0,1,2,65,1,8,2,1,21,3,4,17,1,1,1,87,0,0
27,270276,2,2,1,14,10,16,3,12,6,1,0,27,2,20,898,20898,64,1975,CCE665V15411,C,C,E,6,6,5,V,1,5,4,1,1,0,T,CHEV,C67,CB,75,13,,6,2180,1250,C65,G,,,,,,,,L,6405,08,,42,0,88,888888888,88888888888,2,2,4,1,0,0,0,0,0,0,0,999,0,0,0,12,6,2,12,0,0,0,1,38,58278,6,1,0,0,3,3,68,220,0,0,0,1,2,3,2010,2,2012,0,0,0,0,0,2,2,65,1,1,1,1,0,0,1,66,99,1,1,86,1,0
27,270277,1,2,1,16,10,15,5,12,6,1,0,27,2,12,17,12017,4,2003,1FAHP53U13G2,1,F,A,H,P,5,3,U,1,3,G,2,0,P,FORD,TSE,4D,3,17,3336,,0,1085,,G,,F,6,182,,,16R215,,,,,,0,0,000000000,00000000000,0,0,0,1,0,0,0,0,0,0,0,30,0,0,0,4,4,3,12,0,0,0,1,27,56069,6,1,0,0,3,0,62,120,0,1,0,0,0,8,2011,8,2011,0,38,0,0,0,1,2,55,1,1,2,1,0,0,11,15,1,1,1,68,0,0
27,270277,2,2,2,16,10,15,5,12,6,1,0,27,1,72,706,72706,80,2010,1HD1JL518AB0,1,H,D,1,J,L,5,1,8,A,B,0,0,M,HD,XTC,RS,10,17,,,,,,,1584,,2,,4,703,,,,,,,0,0,000000000,00000000000,0,0,0,1,0,0,0,0,0,0,0,55,0,0,0,12,6,2,12,0,0,0,1,27,55065,6,1,6,0,3,0,73,250,0,0,0,0,0,0,0,0,0,0,0,0,0,0,1,2,55,1,1,2,1,0,0,1,62,98,1,1,69,1,0
27,270278,1,2,1,17,10,11,49,12,6,1,0,27,2,7,442,7442,20,2000,1B4GP44G5YB5,1,B,4,G,P,4,4,G,5,Y,B,5,0,T,DODG,GSS,ES,0,17,,1,0,1193,CAR,F,,,6,201,,,,,3863,00,E,42,0,0,000000000,00000000000,0,0,0,1,0,0,0,0,0,0,0,55,0,0,0,11,6,2,12,0,0,0,1,27,56676,6,1,0,0,3,0,66,160,0,0,0,0,0,0,0,0,0,0,39,0,0,0,1,2,98,1,8,1,2,20,3,1,17,1,1,1,89,0,0
27,270278,2,2,2,17,10,11,49,12,6,1,0,27,1,12,870,12870,61,1991,1FDKE30M0MHA,1,F,D,K,E,3,0,M,0,M,H,A,1,T,FORD,35C,MH,91,17,,3,1760,1380,CTV,D,,,8,444,,,,D,00000,00,A,42,1,88,888888888,88888888888,2,4,97,1,0,0,0,0,0,0,0,55,0,9,5,12,6,2,12,0,0,0,1,27,56585,6,1,0,0,3,0,62,150,0,0,0,0,0,0,0,0,0,0,0,0,0,0,1,2,55,1,1,1,2,0,0,1,66,1,1,1,88,1,0
27,270279,1,3,4,19,10,21,38,12,2,1,0,27,1,20,422,20422,15,2004,3GNGK26G14G2,3,G,N,G,K,2,6,G,1,4,G,2,0,P,CHEV,K25,UT,4,17,5796,,0,1300,,G,,F,8,496,,,16R245,,,,,,0,0,000000000,00000000000,0,0,0,1,0,0,0,0,0,0,0,999,0,0,0,12,6,2,12,0,0,0,1,27,55321,0,0,0,0,0,0,66,160,0,0,0,0,0,0,0,0,0,0,0,0,0,0,1,2,55,1,1,2,1,0,0,1,62,1,1,1,51,1,0
27,270279,2,3,1,19,10,21,38,12,2,1,0,27,1,51,42,51042,4,1996,YV1LS5554T13,Y,V,1,L,S,5,5,5,4,T,1,3,0,P,VOLV,8/G,4D,96,17,3128,,0,1049,,G,,F,5,149,,,15R195,,,,,,0,0,000000000,00000000000,0,0,0,1,0,0,0,0,0,0,0,999,0,0,0,12,6,2,12,0,0,0,1,27,55442,6,1,0,0,3,0,66,135,0,1,0,0,0,11,2009,11,2009,9,38,0,0,0,1,2,55,1,1,2,1,0,0,1,10,1,1,2,50,1,1
27,270279,3,3,1,19,10,21,38,12,2,1,0,27,1,30,42,30042,5,1996,3VWFA81H9TM0,3,V,W,F,A,8,1,H,9,T,M,0,0,P,VOLK,GGH,4H,96,17,2445,,0,974,,G,,F,4,121,,,14R185,,,,,,0,0,000000000,00000000000,0,0,0,1,0,0,0,0,0,0,0,55,0,0,0,1,6,2,12,0,0,0,1,27,55302,6,1,0,0,3,0,64,200,0,0,0,0,0,0,0,0,0,0,0,0,0,0,1,2,55,1,1,2,1,0,0,1,50,3,2,1,98,0,0
27,270280,1,1,1,27,10,2,40,8,0,1,1,99,9,99,999,99999,99,9999,999999999999,9,9,9,9,9,9,9,9,9,9,9,9,0,,,,,,,,,,,,,,,,,,,,,,,,,0,0,000000000,00000000000,0,0,0,1,0,0,0,0,0,0,0,999,0,0,0,12,9,1,8,0,0,0,1,99,99999,9,9,99,9,9,9,999,999,99,99,99,99,99,99,9999,99,9999,1,38,0,0,0,4,3,30,1,1,2,1,3,3,1,80,99,9,1,13,0,0
27,270281,1,5,2,20,10,15,14,12,6,1,0,27,2,18,23,18023,4,2007,1G4HD57277U1,1,G,4,H,D,5,7,2,7,7,U,1,0,P,BUIC,UXL,4D,7,17,3969,,0,1156,,G,,F,6,232,,,17R235,,,,,,0,0,000000000,00000000000,0,0,0,1,0,0,0,0,0,0,0,46,0,0,0,12,6,2,12,0,0,0,1,27,55386,6,1,0,0,3,0,64,140,0,0,0,0,0,0,0,0,0,0,0,0,0,0,2,2,45,1,1,2,1,3,3,1,10,1,1,2,48,1,0
27,270281,2,5,1,20,10,15,14,12,6,1,0,27,1,12,37,12037,4,2003,1FAFP34393W1,1,F,A,F,P,3,4,3,9,3,W,1,0,P,FORD,FSP,4D,3,17,2564,,0,1030,,G,,F,4,121,,,15R195,,,,,,0,0,000000000,00000000000,0,0,0,1,0,0,0,0,0,0,0,999,0,0,0,82,2,1,12,0,0,0,1,27,55346,6,1,0,0,3,0,68,145,0,0,0,0,0,0,0,0,0,0,0,0,0,0,2,2,45,1,1,2,1,3,3,2,61,1,1,1,48,0,0
27,270281,3,5,2,20,10,15,14,12,6,1,0,27,1,49,401,49401,14,2001,JT3HN86R2190,J,T,3,H,N,8,6,R,2,1,9,0,0,P,TOYT,RUN,UT,1,17,3930,,0,1053,,G,,F,6,206,,,15R225,,,,,,0,0,000000000,00000000000,0,0,0,1,0,0,0,0,0,0,0,0,0,0,0,6,6,2,12,0,0,0,1,27,55426,6,1,0,0,3,3,66,140,0,0,0,0,0,0,0,0,0,0,0,0,0,0,2,2,45,1,1,2,1,3,3,5,61,1,1,1,98,0,0
27,270281,4,5,2,20,10,15,14,12,6,1,0,27,1,12,37,12037,4,2012,1FAHP3J23CL2,1,F,A,H,P,3,J,2,3,C,L,2,0,P,FORD,FTU,4D,12,17,3015,,0,1042,,G,,F,4,122,,,17R215,,,,,,0,0,000000000,00000000000,0,0,0,1,0,0,0,0,0,0,0,0,0,0,0,6,4,3,12,0,0,0,1,27,55343,6,1,0,0,3,0,68,215,0,0,0,0,0,0,0,0,0,0,0,0,0,0,2,2,45,1,1,2,1,3,3,5,53,1,1,1,98,0,0
27,270281,5,5,1,20,10,15,14,12,6,1,0,27,3,54,39,54039,4,2006,JH4CL96826C0,J,H,4,C,L,9,6,8,2,6,C,0,0,P,ACUR,TSX,4D,6,17,3345,,0,1079,,G,,F,4,146,,,17R215,,,,,,0,0,000000000,00000000000,0,0,0,1,0,0,0,0,0,0,0,0,0,0,0,6,2,1,12,0,0,0,1,27,55436,6,1,0,0,3,0,65,125,0,0,0,1,0,7,2011,7,2011,0,0,0,0,0,2,2,45,1,1,2,1,3,3,5,53,1,1,1,98,0,0
27,270282,1,1,1,20,10,19,2,1,0,1,0,27,1,20,4,20004,9,1978,1Z8748540861,1,Z,8,7,4,8,5,4,0,8,6,1,0,P,CHEV,CVT,CP,78,13,3444,,0,980,,G,,4,8,350,,,15P225,,,,,,0,0,000000000,00000000000,0,0,0,1,0,0,0,0,0,0,0,61,0,2,5,0,6,2,1,0,0,0,1,27,56515,6,1,0,0,3,1,69,187,0,0,0,0,0,0,0,0,0,1,0,0,0,0,1,2,55,1,1,2,1,0,0,1,89,8,1,4,6,1,0
27,270283,1,4,1,14,9,11,43,12,7,1,0,27,1,20,37,20037,4,2005,1G1ZT64875F2,1,G,1,Z,T,6,4,8,7,5,F,2,0,P,CHEV,XLS,4D,5,17,3476,,0,1123,,G,,F,6,214,,,16R215,,,,,,0,0,000000000,00000000000,0,0,0,1,0,0,0,0,0,0,0,998,0,0,0,61,6,2,12,0,0,0,1,27,55418,6,1,0,0,3,0,65,185,0,0,0,0,0,0,0,0,0,0,26,34,39,0,2,2,55,1,1,2,1,3,3,1,52,7,1,2,44,1,0
27,270283,2,4,1,14,9,11,43,12,7,1,0,27,1,20,16,20016,2,2004,1G1JC12FX472,1,G,1,J,C,1,2,F,X,4,7,2,0,P,CHEV,CAV,CP,4,17,2617,,0,1041,,G,,F,4,134,,,14R195,,,,,,0,0,000000000,00000000000,0,0,0,1,0,0,0,0,0,0,0,998,0,0,0,2,2,1,12,0,0,0,1,27,55126,6,1,0,0,3,3,63,120,0,0,0,0,1,3,2010,3,2010,0,0,0,0,0,2,2,55,1,1,2,1,3,3,2,53,1,1,1,45,0,0
27,270283,3,4,1,14,9,11,43,12,7,1,0,27,3,23,880,23880,67,2001,1GTJC34GX1F1,1,G,T,J,C,3,4,G,X,1,F,1,0,T,GMC,NC3,PK,1,17,,3,0,1330,SIE,G,,,8,496,,,,D,5612,00,U,42,0,88,888888888,88888888888,2,1,97,1,0,0,0,0,0,0,0,998,0,0,0,12,6,2,12,0,0,0,1,27,55434,6,1,0,0,3,0,72,235,0,0,0,0,0,0,0,0,0,0,0,0,0,0,1,4,98,1,1,2,1,3,3,1,66,1,1,1,98,0,0
27,270283,4,4,2,14,9,11,43,12,7,1,0,27,1,20,422,20422,15,2006,3GNFK16Z86G1,3,G,N,F,K,1,6,Z,8,6,G,1,0,P,CHEV,K15,UT,6,17,5505,,0,1300,,F,,F,8,323,,,16R265,,,,,,0,0,000000000,00000000000,0,0,0,1,0,0,0,0,0,0,0,0,0,0,0,12,0,1,12,0,0,0,1,27,55434,6,1,0,0,3,3,69,180,0,0,0,0,0,0,0,0,0,0,0,0,0,0,1,4,98,1,1,2,1,3,3,5,66,1,1,1,98,0,0
27,270284,1,1,1,21,10,7,30,35,0,1,0,27,2,12,481,12481,31,2011,1FTFX1EF9BFB,1,F,T,F,X,1,E,F,9,B,F,B,0,T,FORD,F15,4C,11,17,,2,0,1450,COF,F,,,8,305,,,,B,5333,04,7,44,0,0,000000000,00000000000,0,0,0,1,0,0,0,0,0,0,0,45,0,1,5,12,6,2,1,0,0,0,1,27,56142,6,1,6,0,3,3,66,170,0,0,0,0,0,0,0,0,0,0,0,0,0,0,1,2,55,1,2,2,1,0,0,1,12,1,1,4,6,1,1
27,270285,1,1,1,2,11,23,23,8,0,1,0,27,1,55,33,55033,4,2007,5NPET46C77H2,5,N,P,E,T,4,6,C,7,7,H,2,0,P,HYUN,SGL,4D,7,17,3253,,0,1074,,G,,F,4,144,,,16R215,,,,,,0,0,000000000,00000000000,0,0,0,1,0,0,0,0,0,0,0,38,0,0,0,11,2,9,8,0,0,0,1,27,55429,6,1,0,0,3,1,71,200,0,0,0,0,0,0,0,0,0,0,0,0,0,0,2,2,45,1,1,2,1,0,0,1,80,1,1,1,13,0,0
27,270286,1,3,1,22,10,12,31,12,6,1,0,27,1,49,32,49032,4,2001,1NXBR12EX1Z5,1,N,X,B,R,1,2,E,X,1,Z,5,0,P,TOYT,UCS,4D,1,17,2410,,0,970,,G,,F,4,109,,,14R175,,,,,,0,0,000000000,00000000000,0,0,0,1,0,0,0,0,0,0,0,55,0,0,0,12,6,2,12,0,0,0,1,27,55903,6,1,0,0,3,0,70,155,0,0,0,0,0,0,0,0,0,0,51,0,0,0,1,2,55,1,2,2,2,0,0,1,54,1,1,1,66,1,1
27,270286,2,3,2,22,10,12,31,12,6,1,0,27,1,12,23,12023,4,2011,3FAHP0JG4BR1,3,F,A,H,P,0,J,G,4,B,R,1,0,P,FORD,F/L,4D,11,17,3526,,0,1074,,F,,F,6,183,,,17R225,,,,,,0,0,000000000,00000000000,0,0,0,1,0,0,0,0,0,0,0,998,0,0,0,63,6,2,12,36,0,0,1,27,55981,6,1,0,0,3,1,76,209,0,0,0,0,0,0,0,0,0,0,0,0,0,0,1,2,55,1,2,2,2,0,0,1,54,7,1,1,66,0,0
27,270286,3,3,1,22,10,12,31,12,6,1,0,27,1,6,441,6441,20,2013,2C4RC1BG8DR5,2,C,4,R,C,1,B,G,8,D,R,5,0,P,CHRY,TWC,SV,13,17,4652,,0,1212,,F,,F,6,220,,,16R235,,,,,,0,0,000000000,00000000000,0,0,0,1,0,0,0,0,0,0,0,998,0,0,0,12,6,2,12,0,0,0,1,27,55902,6,1,0,0,3,0,71,200,0,0,0,0,0,0,0,0,0,0,0,0,0,0,1,2,55,1,2,2,2,0,0,1,54,1,1,1,98,0,0
27,270287,1,2,1,23,10,13,22,12,2,1,0,27,1,6,441,6441,20,2010,2A4RR5D10AR2,2,A,4,R,R,5,D,1,0,A,R,2,0,P,CHRY,TWC,SV,10,17,4507,,0,1212,,G,,F,6,232,,,16R225,,,,,,0,0,000000000,00000000000,0,0,0,1,0,0,0,0,0,0,0,999,0,0,0,12,6,2,12,0,0,0,1,27,56241,6,1,0,0,3,1,73,210,0,0,0,0,0,0,0,0,0,0,38,0,0,0,1,2,55,1,1,2,2,0,0,11,15,6,1,1,68,1,1
27,270287,2,2,1,23,10,13,22,12,2,1,0,27,2,20,481,20481,31,2002,2GCEK19TX212,2,G,C,E,K,1,9,T,X,2,1,2,0,T,CHEV,SK1,4C,2,17,,2,1575,1435,SIL,G,,,8,325,,,,B,4910,02,,44,0,0,000000000,00000000000,0,0,0,1,0,0,0,0,0,0,0,999,0,0,0,12,6,2,12,0,0,0,1,27,56241,6,1,0,0,3,1,61,170,0,0,0,0,0,0,0,0,0,0,0,0,0,0,1,2,55,1,1,2,2,0,0,1,63,2,1,1,69,0,0
27,270288,1,1,1,5,11,19,33,15,0,1,0,27,2,23,431,23431,16,2000,3GKFK16T3YG2,3,G,K,F,K,1,6,T,3,Y,G,2,0,T,GMC,KX1,4W,0,17,,2,0,1300,YUK,G,,,8,325,,,,B,5123,00,K,44,0,0,000000000,00000000000,0,0,0,1,0,0,0,0,0,0,0,45,0,0,0,12,4,3,15,0,0,1,1,27,55126,6,1,0,0,3,3,69,135,0,0,0,0,0,0,0,0,0,0,0,0,0,0,1,2,45,1,2,2,1,0,0,1,80,1,1,1,13,0,0
27,270289,1,1,2,24,10,16,29,42,0,1,0,27,2,37,32,37032,4,1992,JHMCB767XNC0,J,H,M,C,B,7,6,7,X,N,C,0,0,P,HOND,AER,4D,92,17,2987,,0,1071,,G,,F,4,132,,,15R195,,,,,,0,0,000000000,00000000000,0,0,0,1,0,0,0,0,0,0,0,999,0,0,0,9,6,2,42,42,0,0,1,27,55379,6,1,0,0,3,0,68,229,0,0,0,0,0,0,0,0,0,1,0,0,0,0,6,1,65,2,1,2,2,0,0,14,6,1,3,4,2,1,0
27,270290,1,1,1,27,10,7,13,21,0,1,0,27,1,12,471,12471,30,1996,1FTCR15XXTPB,1,F,T,C,R,1,5,X,X,T,P,B,0,T,FORD,RNS,PC,96,17,,1,0,1250,RNG,G,,,6,245,,,,B,00000,00,B,44,0,0,000000000,00000000000,0,0,0,1,0,0,0,0,0,0,0,999,0,1,5,12,6,2,3,0,0,0,1,27,55021,6,1,0,0,3,0,70,175,0,0,0,0,0,0,0,0,0,0,99,99,99,99,1,2,55,1,2,4,1,0,0,1,13,1,1,4,1,1,1
27,270291,1,6,0,29,10,5,1,12,1,1,0,27,3,12,402,12402,14,2012,1FMCU9DG2CKB,1,F,M,C,U,9,D,G,2,C,K,B,0,P,FORD,SPE,UT,12,17,3477,,0,1031,,F,,F,6,183,,,16R235,,,,,,0,0,000000000,00000000000,0,0,0,1,0,0,0,0,0,0,0,0,0,0,0,6,6,2,12,0,0,0,0,0,99997,7,6,97,7,6,7,998,997,998,998,998,998,998,98,9998,98,9998,8,0,0,0,0,3,3,60,1,1,2,1,0,0,0,53,0,0,0,32,0,0
27,270291,2,6,1,29,10,5,1,12,1,1,0,27,3,12,481,12481,31,2006,1FTWF31576EC,1,F,T,W,F,3,1,5,7,6,E,C,0,T,FORD,F3S,PK,6,17,,3,0,1370,SRW,G,,,8,329,,,,D,6162,00,U,44,0,0,000000000,00000000000,0,0,0,1,0,0,0,0,0,0,0,40,0,0,0,12,4,1,12,0,0,0,1,27,55106,6,1,0,0,3,0,68,165,2,1,0,0,0,9,2010,9,2010,0,0,0,0,0,3,3,60,1,1,2,1,0,0,1,50,4,1,1,32,0,0
27,270291,3,6,1,29,10,5,1,12,1,1,0,27,3,12,16,12016,4,2007,2FAHP71W77X1,2,F,A,H,P,7,1,W,7,7,X,1,0,P,FORD,CVP,4D,7,17,4129,,0,1146,,G,,F,8,281,,,17R235,,,,,,0,0,000000000,00000000000,0,0,0,1,0,0,0,0,0,1,0,40,0,0,0,6,6,2,12,0,0,0,1,27,55306,6,1,0,0,3,0,73,200,0,0,0,0,0,0,0,0,0,0,0,0,0,0,3,3,60,1,1,2,1,0,0,2,53,1,1,1,98,1,0
27,270291,4,6,1,29,10,5,1,12,1,1,0,27,1,20,401,20401,14,2002,1GNDT13SX221,1,G,N,D,T,1,3,S,X,2,2,1,0,P,CHEV,TRL,UT,2,17,4628,,0,1130,,G,,F,6,256,,,16R245,,,,,,0,0,000000000,00000000000,0,0,0,1,0,0,0,0,0,0,0,40,0,0,0,12,6,2,12,0,0,0,1,27,55404,6,1,0,0,3,1,68,235,0,0,0,0,0,0,0,0,0,1,0,0,0,0,3,3,60,1,1,2,1,0,0,1,52,1,1,1,98,0,0
27,270291,5,6,1,29,10,5,1,12,1,1,0,93,1,85,881,85881,66,2003,1XKWDB9XX3J3,1,X,K,W,D,B,9,X,X,3,J,3,1,T,KW,W90,TR,3,17,,8,2850,1600,CON,D,,,6,893,,,,,00000,00,,64,1,57,617593,57617593,3,6,1,1,0,0,0,0,0,0,0,40,0,0,0,1,6,2,12,0,0,0,1,27,56359,6,1,6,0,3,1,74,240,0,0,0,0,0,0,0,0,0,0,0,0,0,0,3,3,60,1,1,2,1,0,0,1,61,8,1,2,98,0,0
27,270291,6,6,2,29,10,5,1,12,1,1,0,27,1,23,481,23481,31,2010,1GT4K1BG7AF1,1,G,T,4,K,1,B,G,7,A,F,1,0,T,GMC,4NK,CW,10,17,,2,1670,1530,SIE,F,,,8,366,,,,C,5960,02,U,44,0,0,000000000,00000000000,0,0,0,1,0,0,0,0,0,0,0,40,0,0,0,81,2,1,12,0,0,0,1,27,55068,6,1,0,0,3,0,69,190,0,0,0,0,0,0,0,0,0,0,0,0,0,0,3,3,60,1,1,2,1,0,0,1,61,98,1,1,98,0,0
27,270292,1,1,2,25,8,2,59,8,0,1,0,27,1,22,20,22020,4,2001,1G2WR52161F1,1,G,2,W,R,5,2,1,6,1,F,1,0,P,PONT,GTP,4D,1,17,3559,,0,1105,,G,,Z,6,231,,,16R225,,,,,,0,0,000000000,00000000000,0,0,0,1,0,0,0,0,0,0,0,55,0,0,0,14,2,1,8,0,0,0,1,27,56601,6,1,0,0,3,3,66,165,0,0,0,0,0,0,0,0,0,0,0,0,0,0,1,2,55,1,1,2,1,0,0,1,80,8,1,2,13,0,0
27,270293,1,1,1,28,10,15,10,30,0,1,0,0,0,98,734,98734,90,2012,000000000000,0,0,0,0,0,0,0,0,0,0,0,0,0,,,,,,,,,,,,,,,,,,,,,,,,,0,0,000000000,00000000000,0,0,0,1,0,0,0,0,0,0,0,13,0,0,0,12,8,8,30,0,0,0,1,27,56027,4,1,0,0,2,2,71,175,0,3,1,0,2,12,2009,4,2011,9,74,0,0,0,1,2,98,1,8,4,98,97,8,11,5,98,9,4,7,1,0
27,270294,1,2,1,30,10,15,35,12,2,1,0,27,2,9,442,9442,20,1996,1P4GP44R5TB4,1,P,4,G,P,4,4,R,5,T,B,4,0,T,PLYM,GVS,ES,96,17,,1,0,1193,VOF,G,,,6,201,,,,,3663,00,E,42,0,0,000000000,00000000000,0,0,0,1,0,0,0,0,0,0,0,998,0,0,0,12,6,2,12,0,0,1,1,27,55328,6,1,0,0,3,0,77,210,0,1,0,1,0,5,2011,10,2012,0,28,0,0,0,1,2,55,1,1,2,1,0,0,1,10,1,1,2,50,1,0
27,270294,2,2,1,30,10,15,35,12,2,1,0,27,3,85,881,85881,63,1994,1NKDX5TX7RJ6,1,N,K,D,X,5,T,X,7,R,J,6,0,T,KW,T80,CC,94,17,,8,0,1600,CON,D,,,6,611,,,,,00000,00,,,0,57,124418,57124418,3,2,5,1,0,0,0,0,0,0,0,998,0,1,1,12,6,2,2,0,0,1,1,27,55349,6,1,6,0,3,0,71,230,0,2,1,1,0,5,2011,10,2011,0,0,0,0,0,1,2,55,1,1,2,1,0,0,1,62,9,2,4,51,0,0
27,270296,1,3,2,31,10,17,36,12,6,1,0,27,2,12,481,12481,31,2011,1FTFX1EF5BKD,1,F,T,F,X,1,E,F,5,B,K,D,1,T,FORD,F15,4C,11,17,,2,0,1450,COF,F,,,8,305,,,,B,5333,04,7,44,1,0,000000000,00000000000,0,0,0,1,0,0,0,0,0,0,0,999,0,0,0,12,6,2,12,0,0,0,1,4,86404,6,1,0,0,3,0,70,180,0,0,0,0,0,0,0,0,0,0,0,0,0,0,2,2,45,1,1,2,1,3,3,1,66,98,1,1,88,0,0
27,270296,2,3,1,31,10,17,36,12,6,1,0,27,1,20,443,20443,20,2003,1GNDU23EX3D2,1,G,N,D,U,2,3,E,X,3,D,2,0,P,CHEV,VTR,SV,3,17,3699,,0,1120,,G,,F,6,207,,,15R215,,,,,,0,0,000000000,00000000000,0,0,0,1,0,0,0,0,0,0,0,999,0,0,0,8,6,2,12,0,0,0,1,27,55428,6,7,0,0,3,2,64,209,0,0,0,0,0,0,0,0,0,0,39,73,0,0,2,2,45,1,1,2,1,3,3,1,17,1,1,1,89,1,0