STATE,ST_CASE,VEH_NO,VE_FORMS,NUMOCCS,DAY,MONTH,HOUR,MINUTE,HARM_EV,MAN_COLL,UNITTYPE,HIT_RUN,REG_STAT,OWNER,MAKE,MODEL,MAK_MOD,BODY_TYP,MOD_YEAR,VIN,VIN_1,VIN_2,VIN_3,VIN_4,VIN_5,VIN_6,VIN_7,VIN_8,VIN_9,VIN_10,VIN_11,VIN_12,TOW_VEH,VINTYPE,VINMAKE,VINA_MOD,VIN_BT,VINMODYR,VIN_LNGT,VIN_WGT,WGTCD_TR,WHLBS_LG,WHLBS_SH,SER_TR,FUELCODE,MCYCL_DS,CARBUR,CYLINDER,DISPLACE,MCYCL_CY,MCYCL_WT,TIRE_SZE,TON_RAT,TRK_WT,TRKWTVAR,VIN_REST,WHLDRWHL,J_KNIFE,MCARR_I1,MCARR_I2,MCARR_ID,GVWR,V_CONFIG,CARGO_BT,HAZ_INV,HAZ_PLAC,HAZ_ID,HAZ_CNO,HAZ_REL,BUS_USE,SPEC_USE,EMER_USE,TRAV_SP,UNDERIDE,ROLLOVER,ROLINLOC,IMPACT1,DEFORMED,TOWED,M_HARM,VEH_SC1,VEH_SC2,FIRE_EXP,DR_PRES,L_STATE,DR_ZIP,L_STATUS,L_TYPE,CDL_STAT,L_ENDORS,L_COMPL,L_RESTRI,DR_HGT,DR_WGT,PREV_ACC,PREV_SUS,PREV_DWI,PREV_SPD,PREV_OTH,FIRST_MO,FIRST_YR,LAST_MO,LAST_YR,SPEEDREL,DR_SF1,DR_SF2,DR_SF3,DR_SF4,VTRAFWAY,VNUM_LAN,VSPD_LIM,VALIGN,VPROFILE,VPAVETYP,VSURCOND,VTRAFCON,VTCONT_F,P_CRASH1,P_CRASH2,P_CRASH3,PCRASH4,PCRASH5,ACC_TYPE,DEATHS,DR_DRINK
27,270296,3,3,1,31,10,17,36,12,6,1,0,27,1,12,402,12402,14,2006,1FMYU93176KA,1,F,M,Y,U,9,3,1,7,6,K,A,0,P,FORD,SPE,UT,6,17,3407,,0,1031,,G,,F,6,183,,,16R235,,,,,,0,0,000000000,00000000000,0,0,0,1,0,0,0,0,0,0,0,0,0,0,0,62,2,3,12,0,0,0,1,27,55340,6,1,0,0,3,3,73,235,0,0,0,0,0,0,0,0,0,0,0,0,0,0,2,2,45,1,1,2,1,3,3,5,62,1,1,1,98,0,0
27,270297,1,1,2,4,11,3,6,1,0,1,0,27,1,13,12,13012,4,2002,1LNHM87A32Y7,1,L,N,H,M,8,7,A,3,2,Y,7,0,P,LINC,LLS,4D,2,17,3734,,0,1145,,G,,F,8,240,,,16R215,,,,,,0,0,000000000,00000000000,0,0,0,1,0,0,0,0,0,0,0,999,0,9,5,0,6,2,1,0,0,0,1,27,56201,3,1,0,0,2,0,67,230,0,2,1,0,0,8,2012,9,2012,0,58,0,0,0,1,2,55,1,1,2,1,0,0,1,8,7,3,4,2,1,1
27,270298,1,2,2,6,11,9,29,12,6,1,0,27,2,49,32,49032,4,1989,1NXAE92E4KZ0,1,N,X,A,E,9,2,E,4,K,Z,0,0,P,TOYT,CDF,4D,89,17,0,,0,957,,G,,F,4,097,,,13R155,,,,,,0,0,000000000,00000000000,0,0,0,1,0,0,0,0,0,0,0,5,0,0,0,9,6,2,12,0,0,0,1,27,55024,3,1,0,0,2,0,74,235,0,1,0,0,0,12,2009,12,2009,0,38,0,0,0,1,2,99,1,1,2,2,20,3,4,19,1,1,1,89,2,1
27,270298,2,2,1,6,11,9,29,12,6,1,0,27,2,22,18,22018,4,2003,1G2NW52E73C2,1,G,2,N,W,5,2,E,7,3,C,2,0,P,PONT,GAG,4D,3,17,3116,,0,1070,,G,,F,6,207,,,16R225,,,,,,0,0,000000000,00000000000,0,0,0,1,0,0,0,0,0,0,0,998,0,0,0,12,6,2,12,0,0,0,1,27,55092,6,1,0,0,3,0,67,162,0,0,0,0,0,0,0,0,0,1,0,0,0,0,1,2,30,1,1,2,2,0,0,1,73,1,1,1,88,0,0
27,270299,1,2,1,6,11,18,31,12,2,1,0,27,3,23,421,23421,15,2007,1GTHK23677F5,1,G,T,H,K,2,3,6,7,7,F,5,0,T,GMC,2KH,CW,7,17,,2,1670,1530,SIE,D,,,8,403,,,,C,5883,02,E,44,0,0,000000000,00000000000,0,0,0,1,0,0,0,0,0,0,0,998,0,0,0,12,6,2,12,0,0,0,1,27,55985,6,1,6,0,3,0,72,220,0,0,0,0,0,0,0,0,0,0,28,0,0,0,1,2,55,1,1,1,2,0,0,1,10,1,1,2,50,1,0
27,270299,2,2,3,6,11,18,31,12,2,1,0,38,1,20,481,20481,31,2008,3GNFK16398G2,3,G,N,F,K,1,6,3,9,8,G,2,0,P,CHEV,K15,UT,8,17,5743,,0,1300,,F,,F,8,323,,,17R265,,,,,,0,0,000000000,00000000000,0,0,0,1,0,0,0,0,0,0,0,999,0,0,0,12,6,2,12,0,0,0,1,38,58580,6,1,0,0,3,3,68,165,0,0,0,2,0,3,2011,10,2011,0,0,0,0,0,1,2,55,1,1,1,2,0,0,1,62,1,1,1,51,2,0
27,270300,1,2,1,8,11,13,0,12,7,1,0,27,0,84,998,84998,92,2008,000000000000,0,0,0,0,0,0,0,0,0,0,0,0,2,,,,,,,,,,,,,,,,,,,,,,,,,1,0,000000000,00000000000,0,0,0,1,0,0,0,0,0,0,0,999,0,0,0,62,2,1,12,0,0,0,1,27,56101,6,1,6,0,3,1,66,240,0,0,0,0,0,0,0,0,0,0,48,0,0,0,1,2,55,1,1,1,1,0,0,11,10,1,1,2,72,0,0
27,270300,2,2,1,8,11,13,0,12,7,1,0,27,3,82,881,82881,66,1999,1FUPCXYB9XLA,1,F,U,P,C,X,Y,B,9,X,L,A,1,T,FRHT,FLD,TR,99,17,,8,0,0,CON,D,,,6,893,,,,,00000,00,,64,1,57,124701,57124701,3,6,2,2,8,8888,88,8,0,0,0,999,0,1,5,5,6,2,1,0,0,0,1,27,56081,6,1,6,1,3,0,72,200,1,0,0,4,0,9,2010,5,2012,0,0,0,0,0,1,2,55,1,1,1,1,0,0,6,61,6,1,1,73,1,0
27,270301,1,1,2,8,11,14,41,35,0,1,0,27,9,20,471,20471,30,1982,1GCBS14A7C01,1,G,C,B,S,1,4,A,7,C,0,1,0,T,CHEV,S14,PK,82,17,,1,1180,1080,S,G,,,4,119,,,,B,2600,01,,42,0,0,000000000,00000000000,0,0,0,1,0,0,0,0,0,0,0,101,0,1,5,2,6,2,42,0,0,0,1,27,55011,6,1,0,0,3,0,70,220,0,1,0,1,2,3,2010,10,2010,1,0,0,0,0,1,2,55,1,2,2,1,0,0,1,6,98,4,4,7,1,1
27,270302,1,1,2,10,11,23,56,35,0,1,0,27,1,22,20,22020,4,2004,2G2WR5243411,2,G,2,W,R,5,2,4,3,4,1,1,0,P,PONT,GTP,4D,4,17,3583,,0,1105,,G,,Z,6,231,,,17R225,,,,,,0,0,000000000,00000000000,0,0,0,1,0,0,0,0,0,0,0,93,0,1,5,12,6,2,42,0,0,0,1,27,55744,6,1,0,0,3,0,63,180,0,0,0,0,0,0,0,0,0,1,0,0,0,0,1,2,55,1,1,2,2,0,0,1,13,1,1,4,1,2,1
27,270303,1,2,1,12,11,19,55,12,6,1,0,55,2,14,6,14006,4,1998,2MEFM75W8WX6,2,M,E,F,M,7,5,W,8,W,X,6,0,P,MERC,MLL,4D,98,17,3922,,0,1144,,G,,F,8,281,,,16R225,,,,,,0,0,000000000,00000000000,0,0,0,1,0,0,0,0,0,0,0,999,0,0,0,10,6,2,12,0,0,0,1,55,56003,6,1,0,0,3,0,37,221,0,0,0,0,0,0,0,0,0,0,38,0,0,0,1,2,98,1,1,1,1,20,3,4,17,1,1,1,89,1,0
27,270303,2,2,1,12,11,19,55,12,6,1,0,40,3,87,881,87881,66,2009,1XPXDB9XX9D7,1,X,P,X,D,B,9,X,X,9,D,7,1,T,PTRB,389,TR,9,17,,8,0,0,CON,D,,,6,893,,,,,00000,00,,64,1,57,1658917,571658917,3,6,2,2,2,8888,88,8,0,0,0,50,0,0,0,12,4,3,12,0,0,0,1,40,74632,6,1,6,1,3,0,68,220,0,0,0,0,0,0,0,0,0,0,0,0,0,0,1,2,45,1,1,2,1,0,0,1,66,6,1,1,88,0,0
27,270304,1,1,1,15,11,4,0,52,0,1,0,27,2,20,481,20481,31,1997,1GBEK14RXVZ1,1,G,B,E,K,1,4,R,X,V,Z,1,0,T,CHEV,GK1,PK,97,17,,2,1315,1175,GM4,G,,,8,350,,,,B,00000,00,,44,0,0,000000000,00000000000,0,0,0,1,0,0,0,0,0,0,0,65,0,0,0,12,6,2,42,0,0,0,1,27,55803,2,1,0,0,2,0,73,225,0,5,1,0,0,12,2009,6,2012,1,0,0,0,0,1,2,55,3,1,2,1,0,0,14,13,1,1,4,1,1,1
27,270305,1,2,1,15,11,6,2,12,2,1,0,27,1,23,481,23481,31,2001,2GTEK19TX113,2,G,T,E,K,1,9,T,X,1,1,3,0,T,GMC,NK1,PC,1,17,,2,1575,1435,SIE,G,,,8,325,,,,B,4776,00,U,44,0,0,000000000,00000000000,0,0,0,1,0,0,0,0,0,0,0,55,0,0,0,12,6,2,12,0,0,0,1,27,56073,6,1,0,0,3,1,65,212,0,0,0,0,0,0,0,0,0,0,28,0,0,0,1,2,55,1,1,2,1,0,0,1,10,98,1,2,50,1,0
27,270305,2,2,1,15,11,6,2,12,2,1,0,27,3,12,461,12461,21,2001,1FTNE24221HA,1,F,T,N,E,2,4,2,2,1,H,A,0,T,FORD,25V,CG,1,17,,2,0,1380,VAN,G,,,6,256,,,,C,5012,02,E,42,0,0,000000000,00000000000,0,0,0,1,0,0,0,0,0,0,0,55,0,0,0,12,6,2,12,0,0,0,1,27,56003,6,1,0,0,3,0,69,150,0,0,0,0,0,0,0,0,0,0,0,0,0,0,1,2,55,1,1,2,1,0,0,1,62,8,1,1,51,0,0
27,270306,1,1,1,21,11,17,30,8,0,1,0,0,0,99,399,99399,9,9999,999999999999,9,9,9,9,9,9,9,9,9,9,9,9,0,,,,,,,,,,,,,,,,,,,,,,,,,0,0,000000000,00000000000,0,0,0,1,0,0,0,0,0,0,0,998,0,0,0,12,4,1,8,0,0,0,1,27,55434,6,1,0,0,3,3,75,235,0,0,0,0,0,0,0,0,0,0,0,0,0,0,2,3,30,1,1,2,1,2,3,11,80,1,1,1,13,0,0
27,270307,1,1,2,29,4,6,11,35,0,1,0,27,9,20,481,20481,31,1992,1GCEK14Z2NE2,1,G,C,E,K,1,4,Z,2,N,E,2,0,T,CHEV,GK1,PK,92,17,,2,1315,1175,GM4,G,,,6,262,,,,B,4147,02,,44,0,0,000000000,00000000000,0,0,0,1,0,0,0,0,0,0,0,999,0,1,5,12,6,2,35,0,0,0,1,27,56727,6,1,0,0,3,0,73,235,0,1,1,0,0,8,2009,11,2009,9,99,99,99,99,1,2,55,1,1,2,1,0,0,1,12,99,1,4,6,1,1
27,270308,1,1,2,14,7,2,51,34,0,1,0,38,2,20,481,20481,31,1996,2GCEK19R6T12,2,G,C,E,K,1,9,R,6,T,1,2,0,T,CHEV,GK1,PC,96,17,,2,1555,1415,GM4,G,,,8,350,,,,B,4495,08,,44,0,0,000000000,00000000000,0,0,0,1,0,0,0,0,0,0,0,55,0,1,5,12,6,2,34,0,0,0,1,27,56716,2,1,0,0,2,0,69,180,0,3,1,0,1,7,2010,12,2010,0,91,0,0,0,1,2,55,3,2,2,1,0,0,14,12,98,1,4,6,1,1
27,270309,1,1,1,26,11,19,33,8,0,1,0,27,1,52,35,52035,4,2001,JA3AY26C61U0,J,A,3,A,Y,2,6,C,6,1,U,0,0,P,MITS,MES,4D,1,17,2437,,0,984,,G,,F,4,112,,,14R175,,,,,,0,0,000000000,00000000000,0,0,0,1,0,0,0,0,0,0,0,58,0,0,0,12,4,3,8,0,0,0,1,27,55364,6,1,0,0,3,0,74,190,0,0,0,0,0,0,0,0,0,0,0,0,0,0,2,2,60,1,2,2,1,0,0,1,80,1,1,1,13,0,0
27,270310,1,1,1,29,11,22,38,8,0,1,0,27,1,23,8,23008,6,2012,1GKKVPED7CJ2,1,G,K,K,V,P,E,D,7,C,J,2,0,T,GMC,SLA,4W,12,17,,2,0,1189,ACA,G,,,6,220,,,,B,4857,00,S,44,0,0,000000000,00000000000,0,0,0,1,0,0,0,0,0,0,0,55,0,0,0,12,4,3,8,0,0,0,1,27,56571,6,1,0,0,3,1,65,190,0,0,0,0,0,0,0,0,0,0,0,0,0,0,2,2,55,1,1,2,1,0,0,1,80,1,1,1,13,0,0
27,270311,1,2,2,15,8,21,45,12,2,1,0,27,2,41,471,41471,30,1993,JM2UF3135P03,J,M,2,U,F,3,1,3,5,P,0,3,0,T,MAZD,CPL,PC,93,17,,1,0,1175,B22,G,,,4,133,,,,,2790,00,A,42,0,0,000000000,00000000000,0,0,0,1,0,0,0,0,0,0,0,55,0,0,0,12,6,2,12,0,0,0,1,27,56716,6,1,0,0,3,3,71,230,0,0,0,0,0,0,0,0,0,0,28,0,0,0,1,2,55,1,2,2,1,0,0,1,10,1,1,2,50,1,1
27,270311,2,2,1,15,8,21,45,12,2,1,0,27,1,7,41,7041,4,2003,2B3HD46R13H5,2,B,3,H,D,4,6,R,1,3,H,5,0,P,DODG,ISE,4D,3,17,3340,,0,1130,,G,,F,6,167,,,16R225,,,,,,0,0,000000000,00000000000,0,0,0,1,0,0,0,0,0,0,0,55,0,0,0,12,6,2,12,0,0,0,1,27,56715,6,1,6,0,3,0,71,175,0,0,0,0,0,0,0,0,0,0,0,0,0,0,1,2,55,1,2,2,1,0,0,1,62,98,1,1,51,0,0
27,270312,1,2,3,16,11,15,53,12,2,1,0,27,1,21,2,21002,4,1994,1G3HN52L3RH3,1,G,3,H,N,5,2,L,3,R,H,3,0,P,OLDS,88R,4D,94,17,3344,,0,1108,,G,,F,6,231,,,15R205,,,,,,0,0,000000000,00000000000,0,0,0,1,0,0,0,0,0,0,0,999,0,0,0,12,6,2,12,0,0,1,1,27,55076,6,1,0,0,3,1,63,158,0,0,0,0,0,0,0,0,0,9,99,99,99,99,2,2,45,1,1,2,1,0,0,1,10,1,1,2,50,3,0
27,270312,2,2,1,16,11,15,53,12,2,1,0,27,3,84,981,84981,50,2008,4DRBUAAP18B4,4,D,R,B,U,A,A,P,1,8,B,4,0,T,INTL,,,8,17,,,,,,D,,,6,466,,,,,,,,,0,57,934208,57934208,3,21,22,1,0,0,0,0,1,2,0,999,0,0,0,12,6,2,12,0,0,1,1,27,55123,6,1,6,1,3,0,72,170,0,0,0,0,0,0,0,0,0,0,0,0,0,0,2,2,45,1,1,2,1,0,0,1,62,4,9,1,51,0,0
27,270313,1,1,1,16,11,23,0,35,0,1,0,27,2,24,7,24007,4,2004,1G8AW12F84Z2,1,G,8,A,W,1,2,F,8,4,Z,2,0,P,STRN,SI3,C4,4,17,2854,,0,1032,,G,,F,4,134,,,16R205,,,,,,0,0,000000000,00000000000,0,0,0,1,0,0,0,0,0,0,0,999,0,1,5,14,6,2,1,0,0,0,1,27,55113,6,1,0,0,3,0,70,190,0,0,0,0,0,0,0,0,0,1,99,99,99,99,1,2,98,1,1,2,1,0,0,1,14,1,1,4,14,1,1
27,270314,1,2,1,17,11,8,45,12,6,1,0,27,1,30,40,30040,4,2001,3VWSB69MX1M1,3,V,W,S,B,6,9,M,X,1,M,1,0,P,VOLK,JGS,4D,1,17,2833,,0,989,,G,,F,4,121,,,15R195,,,,,,0,0,000000000,00000000000,0,0,0,1,0,0,0,0,0,0,0,55,0,1,5,7,6,2,1,0,0,0,1,27,55434,6,1,0,0,3,1,66,140,0,0,0,0,0,0,0,0,0,0,87,0,0,0,1,2,55,2,2,2,4,0,0,14,5,98,4,2,66,1,0
27,270314,2,2,2,17,11,8,45,12,6,1,0,27,1,12,471,12471,30,2000,1FTZR15V7YPB,1,F,T,Z,R,1,5,V,7,Y,P,B,0,T,FORD,RNS,PC,0,17,,1,0,1259,RNG,F,,,6,182,,,,B,3599,01,U,44,0,0,000000000,00000000000,0,0,0,1,0,0,0,0,0,0,0,55,0,0,0,12,6,2,12,0,0,0,1,27,55011,6,2,0,0,3,0,70,172,0,0,0,0,0,0,0,0,0,0,0,0,0,0,1,2,55,3,2,2,4,0,0,14,62,4,9,1,66,0,0
27,270315,1,2,2,7,7,15,34,12,6,1,0,27,1,72,706,72706,80,1998,1HD1BJL41WY0,1,H,D,1,B,J,L,4,1,W,Y,0,0,M,HD,STC,RS,98,17,,,,,,,1340,,2,,4,704,,,,,,,0,0,000000000,00000000000,0,0,0,1,0,0,0,0,0,0,0,42,0,0,0,12,6,2,12,0,0,0,1,27,55013,6,1,0,0,3,0,72,195,0,0,0,0,0,0,0,0,0,0,0,0,0,0,1,2,55,1,1,2,1,0,0,1,64,8,9,1,74,1,0
27,270315,2,2,4,7,7,15,34,12,6,1,0,27,2,20,481,20481,31,2011,1GCRKSE36BZ2,1,G,C,R,K,S,E,3,6,B,Z,2,0,T,CHEV,2SK,4C,11,17,,2,1575,1435,SIL,F,,,8,323,,,,B,5286,02,,44,0,0,000000000,00000000000,0,0,0,1,0,0,0,0,0,0,0,5,0,0,0,7,4,1,12,0,0,0,1,27,55444,0,0,0,0,0,0,67,155,0,0,0,0,0,0,0,0,0,0,48,0,0,0,1,2,55,1,1,2,1,0,0,11,15,98,1,7,74,0,0
27,270316,1,1,1,13,10,14,21,11,0,1,0,27,1,72,706,72706,80,2002,1HD1BXB172Y0,1,H,D,1,B,X,B,1,7,2,Y,0,0,M,HD,ISF,RS,2,17,,,,,,,1450,,2,,4,666,,,,,,,0,0,000000000,00000000000,0,0,0,1,0,0,0,0,0,0,0,55,0,0,0,12,4,8,11,0,0,0,1,27,55720,6,1,0,0,3,0,65,175,1,0,0,0,0,1,2010,1,2010,0,0,0,0,0,1,2,55,1,1,2,2,0,0,1,87,98,9,1,13,1,0
27,270317,1,2,1,21,11,16,41,12,2,1,0,27,1,12,471,12471,30,2001,1FTZR15U01PA,1,F,T,Z,R,1,5,U,0,1,P,A,0,T,FORD,RNS,PC,1,17,,1,0,1259,RNG,G,,,6,182,,,,B,3599,00,U,44,0,0,000000000,00000000000,0,0,0,1,0,0,0,0,0,0,0,60,0,1,1,12,6,2,12,0,0,0,1,27,56232,6,1,0,0,3,1,72,244,0,0,0,0,0,0,0,0,0,0,28,0,0,0,1,2,60,1,1,2,1,0,0,1,10,1,1,2,50,1,0
27,270317,2,2,1,21,11,16,41,12,2,1,0,27,3,85,881,85881,66,2012,1XKDD79X6CJ2,1,X,K,D,D,7,9,X,6,C,J,2,1,T,KW,T80,TR,12,17,,8,2600,1600,CON,D,,,6,726,,,,,00000,00,,64,3,57,164261,57164261,3,6,2,2,8,8888,88,8,0,0,0,60,0,0,0,12,6,2,12,0,0,0,1,27,56360,6,1,6,1,3,0,75,210,0,0,0,1,0,6,2010,6,2010,0,0,0,0,0,1,2,60,1,1,2,1,0,0,1,62,1,1,1,51,0,0
27,270318,1,1,2,23,11,17,23,52,0,1,0,27,1,18,23,18023,4,2008,1G4HD57298U1,1,G,4,H,D,5,7,2,9,8,U,1,0,P,BUIC,UXL,4D,8,17,3792,,0,1156,,G,,F,6,232,,,17R235,,,,,,0,0,000000000,00000000000,0,0,0,1,0,0,0,0,0,0,0,55,0,0,0,12,6,2,3,0,0,0,1,27,56572,6,1,0,0,3,1,70,160,0,0,0,0,1,1,2010,1,2010,0,87,0,0,0,1,2,55,3,2,1,4,0,0,14,5,98,2,4,7,1,0
27,270319,1,2,1,27,11,14,58,12,6,1,0,55,1,19,3,19003,4,1998,1G6KS54Y1WU9,1,G,6,K,S,5,4,Y,1,W,U,9,0,P,CADI,SLS,4D,98,17,3863,,0,1122,,G,,F,8,279,,,16R235,,,,,,0,0,000000000,00000000000,0,0,0,1,0,0,0,0,0,0,0,998,0,0,0,10,6,2,12,0,0,1,1,55,54016,6,1,6,0,3,0,65,150,0,0,0,0,0,0,0,0,0,0,47,0,0,0,2,1,50,1,1,2,1,0,0,12,15,4,1,2,98,1,0
27,270319,2,2,2,27,11,14,58,12,6,1,0,27,2,12,401,12401,14,1998,1FMZU34E1WUC,1,F,M,Z,U,3,4,E,1,W,U,C,0,P,FORD,EPR,UT,98,17,4146,,0,1115,,G,,F,6,245,,,15R225,,,,,,0,0,000000000,00000000000,0,0,0,1,0,0,0,0,0,0,0,998,0,0,0,12,6,2,12,0,0,0,1,27,55303,6,2,0,0,3,1,66,200,0,0,0,0,0,0,0,0,0,0,0,0,0,0,2,1,50,1,1,2,1,0,0,1,61,4,1,1,98,0,0
27,270320,1,1,1,27,11,17,16,34,0,1,0,27,3,20,481,20481,31,2008,2GCEK13Y1812,2,G,C,E,K,1,3,Y,1,8,1,2,0,T,CHEV,SK1,CW,8,17,,2,0,1435,SIL,G,,,8,366,,,,B,5326,00,,44,0,0,000000000,00000000000,0,0,0,1,0,0,0,0,0,0,0,998,0,0,0,12,6,2,34,0,0,0,1,27,56324,6,1,6,0,3,3,70,230,0,0,0,0,0,0,0,0,0,0,0,0,0,0,1,2,55,1,2,2,1,0,0,1,12,1,9,4,6,1,1
27,270321,1,1,1,2,12,1,55,8,0,1,0,27,2,12,442,12442,20,2003,2FMZA534X3BB,2,F,M,Z,A,5,3,4,X,3,B,B,0,T,FORD,WSL,ES,3,17,,1,0,1207,WIN,G,,,6,232,,,,B,3762,00,E,42,0,0,000000000,00000000000,0,0,0,1,0,0,0,0,0,1,0,998,0,0,0,98,0,3,8,0,0,0,1,27,56301,6,1,0,0,3,3,72,205,0,0,0,0,0,0,0,0,0,0,0,0,0,0,1,2,30,1,1,2,1,0,0,1,80,1,1,1,13,0,0
27,270322,1,1,1,6,12,14,0,8,0,1,0,27,1,12,471,12471,30,1999,1FTZR15V5XPB,1,F,T,Z,R,1,5,V,5,X,P,B,0,T,FORD,RNS,PC,99,17,,1,0,1259,RNG,F,,,6,182,,,,B,00000,00,U,44,0,0,000000000,00000000000,0,0,0,1,0,0,0,0,0,0,0,30,0,0,0,12,2,3,8,0,0,0,1,27,56573,6,1,0,0,3,3,67,180,0,0,0,0,0,0,0,0,0,0,0,0,0,0,1,2,30,1,1,2,1,0,0,1,80,1,1,1,13,0,0
27,270323,1,3,3,6,11,10,47,12,6,1,0,27,1,12,401,12401,14,2000,1FMZU83P9YZC,1,F,M,Z,U,8,3,P,9,Y,Z,C,0,P,FORD,EPR,UT,0,17,4274,,0,1116,,G,,F,8,302,,,15R235,,,,,,0,0,000000000,00000000000,0,0,0,1,0,0,0,0,0,0,0,55,0,0,0,12,4,3,12,0,0,0,1,27,56354,6,1,0,0,3,0,72,170,0,0,0,0,0,0,0,0,0,0,0,0,0,0,1,2,55,1,1,2,1,0,0,1,66,4,2,1,86,0,0
27,270323,2,3,2,6,11,10,47,12,6,1,0,27,1,21,21,21021,2,2001,1G3NL12TX1C2,1,G,3,N,L,1,2,T,X,1,C,2,0,P,OLDS,A/G,CP,1,17,2958,,0,1070,,G,,F,4,146,,,15R215,,,,,,0,0,000000000,00000000000,0,0,0,1,0,0,0,0,0,0,0,998,0,0,0,3,6,2,12,0,0,0,1,27,56453,6,1,0,0,3,0,62,138,0,0,0,0,0,0,0,0,0,0,38,0,0,0,1,2,55,1,1,2,1,20,3,1,17,1,1,1,87,1,0
27,270323,3,3,1,6,11,10,47,12,6,1,0,27,1,12,499,12499,39,1968,F10APC84717,F,1,0,A,P,C,8,4,7,1,7,,0,T,FORD,F10,PK,68,11,,1,1590,1150,COF,G,,,6,240,,,,BC,,,,42,0,0,000000000,00000000000,0,0,0,1,0,0,0,0,0,0,0,0,0,0,0,12,4,3,12,0,0,0,1,27,56289,6,1,0,0,3,3,70,162,0,0,0,0,0,0,0,0,0,0,0,0,0,0,1,2,55,1,1,2,1,20,3,5,62,1,1,1,98,0,0
27,270324,1,1,1,13,11,8,50,35,0,1,0,55,1,24,401,24401,14,2009,3GSCL53719S6,3,G,S,C,L,5,3,7,1,9,S,6,0,P,STRN,VUE,UT,9,17,4076,,0,1066,,G,,F,6,220,,,17R235,,,,,,0,0,000000000,00000000000,0,0,0,1,0,0,0,0,0,0,0,998,0,0,0,14,4,3,42,0,0,0,1,55,54610,6,1,8,0,3,1,60,170,1,0,0,0,0,8,2012,8,2012,0,99,99,99,99,1,2,55,2,2,2,1,0,0,14,12,98,9,4,6,1,0
27,270325,1,2,2,2,12,17,53,20,0,1,0,27,2,23,461,23461,21,2000,1GTHG35R4Y11,1,G,T,H,G,3,5,R,4,Y,1,1,0,T,GMC,SA3,CG,0,17,,2,0,1350,SAV,G,,,8,350,,,,D,5387,00,E,42,0,0,000000000,00000000000,0,0,0,1,0,0,0,0,0,0,0,60,0,1,3,12,6,2,12,0,0,0,1,27,55024,0,0,0,0,0,0,999,999,0,1,0,0,0,1,2012,1,2012,0,58,0,0,0,2,3,65,1,1,1,1,0,0,1,8,6,9,4,7,1,0
27,270325,2,2,3,2,12,17,53,20,0,1,0,27,1,20,421,20421,15,2007,1GNFK130X7J1,1,G,N,F,K,1,3,0,X,7,J,1,0,P,CHEV,KTA,UT,7,17,5706,,0,1160,,F,,F,8,323,,,17R265,,,,,,0,0,000000000,00000000000,0,0,0,1,0,0,0,0,0,0,0,55,0,0,0,12,6,2,12,0,0,0,1,27,55044,6,1,0,0,3,1,72,215,0,0,0,0,0,0,0,0,0,0,0,0,0,0,2,2,65,1,1,1,1,0,0,1,62,9,1,1,98,0,0
27,270327,1,2,1,4,12,14,4,12,6,1,0,27,2,12,36,12036,3,1997,KNJLT05H1V62,K,N,J,L,T,0,5,H,1,V,6,2,0,P,FORD,ASP,2H,97,17,2056,,0,907,,G,,F,4,081,,,13R165,,,,,,0,0,000000000,00000000000,0,0,0,1,0,0,0,0,0,0,0,29,0,0,0,4,4,1,12,0,0,0,1,27,56737,6,1,0,0,3,1,65,125,0,0,0,0,0,0,0,0,0,0,38,0,0,0,1,2,30,1,4,2,1,0,0,1,17,1,1,1,87,0,0
27,270327,2,2,1,4,12,14,4,12,6,1,0,0,0,98,998,98998,97,2013,000000000000,0,0,0,0,0,0,0,0,0,0,0,0,0,,,,,,,,,,,,,,,,,,,,,,,,,0,0,000000000,00000000000,0,0,0,1,0,0,0,0,0,0,0,999,0,0,0,12,2,1,12,0,0,0,1,27,56751,6,1,0,0,3,1,72,200,0,0,0,0,0,0,0,0,0,0,0,0,0,0,1,2,30,1,4,2,1,0,0,1,71,1,1,1,86,1,0
27,270328,1,2,1,4,12,21,28,12,6,1,0,27,3,12,16,12016,4,2010,999999999999,9,9,9,9,9,9,9,9,9,9,9,9,0,,,,,,,,,,,,,,,,,,,,,,,,,0,0,000000000,00000000000,0,0,0,1,0,0,0,0,0,5,1,998,0,0,0,12,6,2,12,0,0,0,1,27,55445,6,1,0,0,3,0,74,225,1,0,0,0,0,11,2011,11,2011,0,16,39,0,0,1,2,40,1,1,2,1,3,9,1,66,98,1,1,86,0,0
27,270328,2,2,1,4,12,21,28,12,6,1,0,27,1,34,34,34034,1,1988,WBABB1308J82,W,B,A,B,B,1,3,0,8,J,8,2,0,P,BMW,325,CV,88,17,3055,,0,1012,,G,,F,6,152,,,14R195,,,,,,0,0,000000000,00000000000,0,0,0,1,0,0,0,0,0,0,0,998,0,0,0,2,6,2,12,0,0,0,1,27,55345,6,1,0,0,3,0,69,167,1,0,0,0,0,2,2010,2,2010,0,38,0,0,0,1,2,98,1,1,2,1,3,9,1,17,1,1,1,87,1,0