STATE,ST_CASE,VEH_NO,VE_FORMS,NUMOCCS,DAY,MONTH,HOUR,MINUTE,HARM_EV,MAN_COLL,UNITTYPE,HIT_RUN,REG_STAT,OWNER,MAKE,MODEL,MAK_MOD,BODY_TYP,MOD_YEAR,VIN,VIN_1,VIN_2,VIN_3,VIN_4,VIN_5,VIN_6,VIN_7,VIN_8,VIN_9,VIN_10,VIN_11,VIN_12,TOW_VEH,VINTYPE,VINMAKE,VINA_MOD,VIN_BT,VINMODYR,VIN_LNGT,VIN_WGT,WGTCD_TR,WHLBS_LG,WHLBS_SH,SER_TR,FUELCODE,MCYCL_DS,CARBUR,CYLINDER,DISPLACE,MCYCL_CY,MCYCL_WT,TIRE_SZE,TON_RAT,TRK_WT,TRKWTVAR,VIN_REST,WHLDRWHL,J_KNIFE,MCARR_I1,MCARR_I2,MCARR_ID,GVWR,V_CONFIG,CARGO_BT,HAZ_INV,HAZ_PLAC,HAZ_ID,HAZ_CNO,HAZ_REL,BUS_USE,SPEC_USE,EMER_USE,TRAV_SP,UNDERIDE,ROLLOVER,ROLINLOC,IMPACT1,DEFORMED,TOWED,M_HARM,VEH_SC1,VEH_SC2,FIRE_EXP,DR_PRES,L_STATE,DR_ZIP,L_STATUS,L_TYPE,CDL_STAT,L_ENDORS,L_COMPL,L_RESTRI,DR_HGT,DR_WGT,PREV_ACC,PREV_SUS,PREV_DWI,PREV_SPD,PREV_OTH,FIRST_MO,FIRST_YR,LAST_MO,LAST_YR,SPEEDREL,DR_SF1,DR_SF2,DR_SF3,DR_SF4,VTRAFWAY,VNUM_LAN,VSPD_LIM,VALIGN,VPROFILE,VPAVETYP,VSURCOND,VTRAFCON,VTCONT_F,P_CRASH1,P_CRASH2,P_CRASH3,PCRASH4,PCRASH5,ACC_TYPE,DEATHS,DR_DRINK
27,270330,1,2,1,7,12,17,49,12,8,1,0,27,2,12,37,12037,4,2007,1FAHP34N77W3,1,F,A,H,P,3,4,N,7,7,W,3,0,P,FORD,X4S,4D,7,17,2636,,0,1029,,G,,F,4,122,,,15R195,,,,,,0,0,000000000,00000000000,0,0,0,1,0,0,0,0,0,0,0,998,0,0,0,11,6,2,12,0,0,1,1,27,55372,1,1,0,0,2,0,71,160,0,8,0,0,0,12,2009,9,2012,1,87,0,0,0,1,2,55,1,1,2,3,0,0,1,6,99,9,2,64,1,0
27,270330,2,2,2,7,12,17,49,12,8,1,0,27,2,49,422,49422,15,2008,5TDBT64A88S0,5,T,D,B,T,6,4,A,8,8,S,0,0,P,TOYT,SEQ,UT,8,17,5920,,0,1220,,G,,F,8,285,,,18R275,,,,,,0,0,000000000,00000000000,0,0,0,1,0,0,0,0,0,0,0,998,0,0,0,11,6,2,12,0,0,0,1,27,55328,6,1,0,0,3,0,62,158,0,0,0,0,0,0,0,0,0,0,0,0,0,0,1,2,55,1,1,2,3,0,0,1,54,99,9,1,65,0,0
27,270331,1,1,1,7,12,22,40,19,0,1,0,27,2,7,442,7442,20,2000,1B4GP44G1YB7,1,B,4,G,P,4,4,G,1,Y,B,7,0,T,DODG,GSS,ES,0,17,,1,0,1193,CAR,F,,,6,201,,,,,3863,00,E,42,0,0,000000000,00000000000,0,0,0,1,0,0,0,0,0,0,0,999,0,0,0,12,6,2,2,0,0,1,1,27,55769,4,1,0,0,2,0,68,200,0,0,0,0,0,0,0,0,0,0,0,0,0,0,1,2,55,4,1,2,1,0,0,14,13,1,1,4,1,1,1
27,270332,1,1,1,16,12,20,22,8,0,1,0,27,1,49,46,49046,5,2008,JTDKB20U0833,J,T,D,K,B,2,0,U,0,8,3,3,0,P,TOYT,PRI,4H,8,17,2932,,0,1063,,B,,F,4,091,,,15R185,,,,,,0,0,000000000,00000000000,0,0,0,1,0,0,0,0,0,0,0,999,0,0,0,11,4,3,8,36,0,0,1,27,55080,6,1,0,0,3,0,63,155,0,0,0,0,0,0,0,0,0,0,0,0,0,0,1,2,55,1,1,2,1,0,0,1,80,99,1,1,13,0,0
27,270333,1,2,0,19,12,22,56,8,0,1,0,27,6,7,43,7043,2,2004,4B3AG42G54E0,4,B,3,A,G,4,2,G,5,4,E,0,0,P,DODG,SRX,CP,4,17,2950,,0,1037,,G,,F,4,146,,,16R205,,,,,,0,0,000000000,00000000000,0,0,0,1,0,0,0,0,0,0,0,0,0,0,0,11,6,2,12,0,0,0,0,0,99997,7,6,97,7,6,7,998,997,998,998,998,998,998,98,9998,98,9998,8,0,0,0,0,3,3,60,1,1,1,2,0,0,0,53,0,0,0,98,0,0
27,270333,2,2,1,19,12,22,56,8,0,1,0,27,2,49,481,49481,31,1996,JT4UN22D7T00,J,T,4,U,N,2,2,D,7,T,0,0,0,T,TOYT,TXC,PC,96,17,,1,0,1218,T10,G,,,6,206,,,,B,4005,00,M,44,0,0,000000000,00000000000,0,0,0,1,0,0,0,0,0,0,0,60,0,0,0,12,6,2,8,0,0,0,1,27,55117,6,1,0,0,3,0,68,225,0,0,0,0,0,0,0,0,0,0,0,0,0,0,3,3,60,1,1,1,2,0,0,1,50,8,1,4,13,0,0
27,270334,1,3,1,9,12,12,27,12,6,1,0,55,3,82,881,82881,66,2006,1FUJF0CVX6LV,1,F,U,J,F,0,C,V,X,6,L,V,1,T,FRHT,112,TR,6,17,,8,0,0,COL,D,,,6,782,,,,,00000,00,,64,2,57,124679,57124679,3,6,2,1,0,0,0,0,0,0,0,40,0,0,0,1,6,2,54,0,0,0,1,27,55434,6,1,6,1,3,1,68,240,1,0,0,0,1,8,2012,8,2012,0,52,0,0,0,1,3,55,1,2,2,3,28,3,2,5,98,7,2,64,0,0
27,270334,2,3,3,9,12,12,27,12,6,1,0,27,1,13,482,13482,31,2006,5LTPW18586FJ,5,L,T,P,W,1,8,5,8,6,F,J,1,T,LINC,MLT,CW,6,17,,2,0,1385,MRK,G,,,8,330,,,,,5677,00,E,44,1,0,000000000,00000000000,0,0,0,1,0,0,0,0,0,0,0,999,0,1,5,11,6,2,54,0,0,0,1,27,55987,6,1,0,0,3,1,69,180,0,0,0,0,0,0,0,0,0,0,0,0,0,0,1,3,55,1,2,2,3,28,3,1,90,98,9,1,98,1,0
27,270334,3,3,2,9,12,12,27,12,6,1,0,27,1,49,401,49401,14,2013,JTEBU5JR0D51,J,T,E,B,U,5,J,R,0,D,5,1,0,P,TOYT,RUN,UT,13,17,4750,,0,0,,G,,F,6,244,,,000000,,,,,,0,0,000000000,00000000000,0,0,0,1,0,0,0,0,0,0,0,40,0,0,0,12,6,2,12,0,0,0,1,27,55033,6,1,6,0,3,1,66,180,0,0,0,0,0,0,0,0,0,0,0,0,0,0,1,3,55,1,2,2,3,28,3,1,62,98,9,1,65,0,0
27,270335,1,2,1,10,12,12,45,12,2,1,0,27,1,23,481,23481,31,2003,2GTEK19T2313,2,G,T,E,K,1,9,T,2,3,1,3,0,T,GMC,NK1,4C,3,17,,2,1575,1435,SIE,G,,,8,325,,,,B,4910,02,4,44,0,0,000000000,00000000000,0,0,0,1,0,0,0,0,0,0,0,999,0,1,1,12,6,2,12,0,0,0,1,27,56007,6,1,0,0,3,3,70,185,0,1,1,0,0,5,2011,5,2011,9,51,0,0,0,1,2,55,1,1,2,2,0,0,1,54,1,1,1,52,0,0
27,270335,2,2,1,10,12,12,45,12,2,1,0,27,1,20,16,20016,2,2004,1G1JC12F5472,1,G,1,J,C,1,2,F,5,4,7,2,0,P,CHEV,CAV,CP,4,17,2617,,0,1041,,G,,F,4,134,,,14R195,,,,,,0,0,000000000,00000000000,0,0,0,1,0,0,0,0,0,0,0,999,0,0,0,12,6,2,12,0,0,0,1,27,56001,6,1,0,0,3,0,71,190,0,0,0,0,0,0,0,0,0,9,99,99,99,99,1,2,55,1,1,2,2,0,0,1,54,1,1,1,52,1,0
27,270336,1,2,1,10,12,16,0,12,6,1,0,27,1,2,403,2403,14,2003,1J4FA69S83P3,1,J,4,F,A,6,9,S,8,3,P,3,0,T,JEEP,WRB,2W,3,17,,1,0,934,W/T,G,,,6,244,,,,,3648,00,E,44,0,0,000000000,00000000000,0,0,0,1,0,0,0,0,0,0,0,999,0,0,0,2,6,2,12,0,0,0,1,27,56003,6,1,0,0,3,1,72,203,0,0,0,0,0,0,0,0,0,0,99,99,99,99,2,2,65,1,1,2,10,0,0,1,5,99,4,4,66,1,0
27,270336,2,2,1,10,12,16,0,12,6,1,0,19,3,87,881,87881,66,2006,999999999999,9,9,9,9,9,9,9,9,9,9,9,9,1,U,,,,9,17,,,,,,,,,,,,,,,,,,,1,57,173212,57173212,3,6,1,1,0,0,0,0,0,0,0,53,0,0,0,12,6,2,12,0,0,0,1,19,51003,6,1,6,0,3,1,71,200,0,0,0,0,0,0,0,0,0,0,0,0,0,0,2,2,65,1,1,2,10,0,0,1,60,4,1,1,66,0,0
27,270338,1,1,2,11,12,16,22,30,0,1,0,27,1,22,18,22018,4,2000,1G2NF52T6YM8,1,G,2,N,F,5,2,T,6,Y,M,8,0,P,PONT,SE1,4D,0,17,3116,,0,1070,,G,,F,4,146,,,15R215,,,,,,0,0,000000000,00000000000,0,0,0,1,0,0,0,0,0,0,0,999,9,0,0,12,4,3,30,0,0,0,1,27,55076,6,1,0,0,3,3,67,160,0,0,0,0,0,0,0,0,0,9,87,0,0,0,1,2,45,1,1,2,4,0,0,1,5,9,3,4,2,2,0
27,270339,1,1,1,21,12,14,50,8,0,1,0,27,1,7,442,7442,20,1995,2B4GH2535SR3,2,B,4,G,H,2,5,3,5,S,R,3,0,P,DODG,CAR,SV,95,17,3181,,0,1123,,G,,F,6,181,,,14R195,,,,,,0,0,000000000,00000000000,0,0,0,1,0,0,0,0,0,0,0,998,0,0,0,12,2,1,8,0,0,0,1,27,55423,6,1,0,0,3,1,68,170,0,0,0,0,0,0,0,0,0,0,99,99,99,99,2,4,35,1,2,2,1,3,3,11,80,99,1,1,13,0,0
27,270340,1,2,1,14,12,7,41,12,2,1,0,27,1,49,40,49040,4,1996,4T1BG12K4TU6,4,T,1,B,G,1,2,K,4,T,U,6,0,P,TOYT,DLX,4D,96,17,2932,,0,1031,,G,,F,4,132,,,14R195,,,,,,0,0,000000000,00000000000,0,0,0,1,0,0,0,0,0,0,0,55,0,0,0,12,6,2,12,0,0,0,1,27,56187,6,1,0,0,3,0,68,160,0,0,0,0,0,0,0,0,0,0,28,0,0,0,1,2,55,1,1,2,1,0,0,1,10,1,1,2,50,1,0
27,270340,2,2,1,14,12,7,41,12,2,1,0,27,1,53,34,53034,6,2007,KL5JD86Z77K5,K,L,5,J,D,8,6,Z,7,7,K,5,0,P,SUZI,FCP,SW,7,17,2849,,0,1024,,G,,F,4,122,,,15R195,,,,,,0,0,000000000,00000000000,0,0,0,1,0,0,0,0,0,0,0,55,0,0,0,12,6,2,12,0,0,0,1,27,56167,6,1,6,0,3,0,70,180,0,0,0,0,0,0,0,0,0,0,0,0,0,0,1,2,55,1,1,2,1,0,0,1,62,98,1,1,51,1,0
27,270341,1,2,6,14,12,14,25,12,6,1,0,27,1,21,441,21441,20,2002,1GHDX23E92D1,1,G,H,D,X,2,3,E,9,2,D,1,0,T,OLDS,ECO,ES,2,17,,1,0,1200,SIL,G,,,6,207,,,,B,3948,00,K,42,0,0,000000000,00000000000,0,0,0,1,0,0,0,0,0,0,0,30,3,0,0,12,6,2,12,0,0,0,1,27,55412,6,1,0,0,3,0,67,141,0,0,0,0,0,0,0,0,0,0,39,0,0,0,1,4,30,8,8,2,2,3,3,1,17,1,1,1,88,2,0
27,270341,2,2,1,14,12,14,25,12,6,1,0,27,3,85,881,85881,66,1993,1XKWDR9XXPS5,1,X,K,W,D,R,9,X,X,P,S,5,1,T,KW,W90,TR,93,17,,8,2600,1600,CON,D,,,6,774,,,,,00000,00,,64,1,57,624841,57624841,3,6,97,1,0,0,0,0,0,0,0,30,0,0,0,8,4,3,12,0,0,0,1,27,55398,6,1,6,0,3,0,74,180,0,0,0,0,0,0,0,0,0,0,0,0,0,0,1,2,30,8,8,2,2,3,3,1,66,1,1,1,89,0,0
27,270342,1,1,1,27,12,20,18,8,0,1,0,27,2,21,21,21021,2,2001,1G3NL12E31C1,1,G,3,N,L,1,2,E,3,1,C,1,0,P,OLDS,A/G,CP,1,17,2958,,0,1070,,G,,F,6,207,,,15R215,,,,,,0,0,000000000,00000000000,0,0,0,1,0,0,0,0,0,0,0,999,0,0,0,14,2,1,8,0,0,0,1,27,55069,6,1,0,0,3,3,73,155,0,0,0,0,0,0,0,0,0,1,87,0,0,0,1,2,45,1,1,2,3,0,0,1,80,98,2,1,13,0,1
27,270343,1,1,1,11,10,17,36,1,0,1,0,27,1,98,734,98734,90,2005,4XAMH42A95B4,4,X,A,M,H,4,2,A,9,5,B,4,0,M,POLS,SP4,AT,5,17,,,,,,,425,,1,,4,715,,,,,,,0,0,000000000,00000000000,0,0,0,1,0,0,0,0,0,0,0,30,0,9,1,0,0,3,1,0,0,0,1,27,55760,6,1,6,0,3,3,76,380,0,0,0,0,0,0,0,0,0,9,99,99,99,99,1,2,98,8,8,5,98,98,8,1,99,4,3,9,98,1,0
27,270344,1,1,1,19,10,18,37,1,0,1,0,27,2,98,734,98734,90,2011,4UF11ATV8BT2,4,U,F,1,1,A,T,V,8,B,T,2,0,U,,,,11,17,,,,,,,,,,,,,,,,,,,0,0,000000000,00000000000,0,0,0,1,0,0,0,0,0,0,0,30,0,9,1,0,6,2,1,0,0,0,1,27,55102,6,1,0,0,3,0,71,270,0,0,0,0,0,0,0,0,0,9,0,0,0,0,1,2,98,8,8,4,98,98,8,1,9,99,9,1,98,1,1
27,270345,1,1,1,15,12,7,46,35,0,1,0,27,1,20,19,20019,2,1995,1G1LW15M6SY2,1,G,1,L,W,1,5,M,6,S,Y,2,0,P,CHEV,Z26,CP,95,17,2990,,0,1034,,G,,F,6,191,,,15R205,,,,,,0,0,000000000,00000000000,0,0,0,1,0,0,0,0,0,0,0,999,0,1,5,12,6,2,1,0,0,0,1,27,55334,6,1,0,0,3,0,74,230,0,0,0,1,0,7,2011,7,2011,9,99,99,99,99,1,2,55,4,1,2,2,0,0,14,13,1,1,4,1,1,1
27,270346,1,2,1,19,12,13,16,12,6,1,0,27,1,12,4,12004,2,1995,1FALP62W5SH2,1,F,A,L,P,6,2,W,5,S,H,2,0,P,FORD,THL,2D,95,17,3536,,0,1130,,G,,F,8,281,,,15R205,,,,,,0,0,000000000,00000000000,0,0,0,1,0,0,0,0,0,0,0,999,0,0,0,62,6,2,12,0,0,0,1,27,55108,6,1,0,0,3,0,73,235,0,0,0,0,0,0,0,0,0,0,51,0,0,0,2,2,65,1,1,2,1,0,0,1,54,7,1,4,66,1,1
27,270346,2,2,1,19,12,13,16,12,6,1,0,27,1,20,421,20421,15,1997,1GNEK13R5VJ3,1,G,N,E,K,1,3,R,5,V,J,3,0,P,CHEV,KTA,UT,97,17,5225,,0,1175,,G,,F,8,350,,,15R235,,,,,,0,0,000000000,00000000000,0,0,0,1,0,0,0,0,0,0,0,999,0,0,0,12,6,2,12,0,0,0,1,27,55906,6,1,0,0,3,1,66,156,0,0,0,0,0,0,0,0,0,0,0,0,0,0,2,2,65,1,1,2,1,0,0,1,54,6,1,4,66,0,0
27,270347,1,1,1,21,12,4,44,42,0,1,0,27,1,23,481,23481,31,2008,1GTEK19078Z1,1,G,T,E,K,1,9,0,7,8,Z,1,0,T,GMC,SK1,4C,8,17,,2,1575,1339,SIE,F,,,8,323,,,,B,5226,02,4,44,0,0,000000000,00000000000,0,0,0,1,0,0,0,0,0,0,0,999,0,0,0,10,6,2,42,0,0,0,1,27,55040,6,1,6,0,3,0,70,160,0,0,0,0,0,0,0,0,0,1,0,0,0,0,1,2,55,2,2,4,1,0,0,14,6,3,3,4,7,1,1
27,270348,1,1,2,21,12,12,8,35,0,1,0,27,2,7,442,7442,20,2002,2B4GP44R32R6,2,B,4,G,P,4,4,R,3,2,R,6,0,T,DODG,GSP,ES,2,17,,1,0,1193,CAR,G,,,6,201,,,,,4002,00,E,42,0,0,000000000,00000000000,0,0,0,1,0,0,0,0,0,0,0,55,0,1,5,12,6,2,1,0,0,0,1,27,56585,4,1,0,0,2,0,67,175,0,0,0,0,0,0,0,0,0,0,99,99,99,99,1,2,55,1,1,1,1,0,0,1,12,1,1,4,6,1,0
27,270349,1,2,1,25,12,10,55,12,2,1,0,27,1,24,401,24401,14,2006,5GZCZ63466S8,5,G,Z,C,Z,6,3,4,6,6,S,8,0,P,STRN,VUE,UT,6,17,3630,,0,1066,,G,,F,6,214,,,17R235,,,,,,0,0,000000000,00000000000,0,0,0,1,0,0,0,0,0,0,0,999,0,0,0,12,6,2,12,0,0,0,1,27,55122,6,1,0,0,3,0,63,180,0,0,0,0,0,0,0,0,0,0,28,0,0,0,1,2,55,2,1,2,1,0,0,14,10,7,1,2,52,1,0
27,270349,2,2,2,25,12,10,55,12,2,1,0,27,2,2,404,2404,14,2000,1J4FF48S2YL2,1,J,4,F,F,4,8,S,2,Y,L,2,0,T,JEEP,SPT,4W,0,17,,1,0,1014,CHK,G,,,6,244,,,,,3247,00,E,44,0,0,000000000,00000000000,0,0,0,1,0,0,0,0,0,0,0,999,0,0,0,12,6,2,12,0,0,0,1,27,56267,6,1,0,0,3,0,69,175,0,1,0,0,0,3,2010,3,2010,0,0,0,0,0,1,2,55,3,1,2,1,0,0,14,62,8,1,2,52,0,0
27,270350,1,1,1,27,12,7,5,35,0,1,0,27,1,7,41,7041,4,2003,2B3HD46R63H5,2,B,3,H,D,4,6,R,6,3,H,5,0,P,DODG,ISE,4D,3,17,3340,,0,1130,,G,,F,6,167,,,16R225,,,,,,0,0,000000000,00000000000,0,0,0,1,0,0,0,0,0,0,0,998,0,1,6,12,6,2,1,0,0,0,1,27,56114,6,1,0,0,3,0,68,145,2,0,0,1,1,4,2010,12,2010,0,51,0,0,0,1,2,55,1,1,2,1,0,0,1,12,99,1,4,6,1,1
27,270351,1,3,1,27,12,9,51,12,8,1,0,27,1,23,881,23881,62,1986,1GDG6D1AXGV5,1,G,D,G,6,D,1,A,X,G,V,5,0,T,GMC,C64,CB,86,17,,6,2180,1250,C6M,G,,,8,350,,,,I,5848,06,,42,0,88,888888888,88888888888,2,1,28,1,0,0,0,0,0,0,0,999,0,9,5,10,6,2,1,0,0,0,1,27,55330,6,1,0,0,3,1,65,255,0,0,0,0,0,0,0,0,0,0,0,0,0,0,1,2,55,2,2,2,1,0,0,14,62,1,1,1,65,0,0
27,270351,2,3,1,27,12,9,51,12,8,1,0,27,2,20,431,20431,16,2002,3GNFK16Z22G3,3,G,N,F,K,1,6,Z,2,2,G,3,0,P,CHEV,K15,UT,2,17,5123,,0,1300,,F,,F,8,325,,,16R245,,,,,,0,0,000000000,00000000000,0,0,0,1,0,0,0,0,0,0,0,999,0,0,0,10,6,2,12,0,0,0,1,27,55432,6,1,0,0,3,0,71,230,0,1,0,0,0,4,2012,4,2012,0,28,0,0,0,1,2,55,3,2,2,1,0,0,14,10,1,1,2,64,1,0
27,270351,3,3,1,27,12,9,51,12,8,1,0,27,2,20,431,20431,16,1999,1GNGK26J4XJ3,1,G,N,G,K,2,6,J,4,X,J,3,0,P,CHEV,K25,UT,99,17,5574,,0,1315,,G,,F,8,454,,,16R245,,,,,,0,0,000000000,00000000000,0,0,0,1,0,0,0,0,0,0,0,999,0,0,0,12,6,2,12,0,0,0,1,27,55330,6,1,0,0,3,3,64,200,0,0,0,0,0,0,0,0,0,0,0,0,0,0,1,2,55,2,2,2,1,0,0,14,62,1,1,1,98,0,0
27,270352,1,2,2,27,12,11,17,12,6,1,0,27,1,12,442,12442,20,2002,2FMZA52492BB,2,F,M,Z,A,5,2,4,9,2,B,B,0,T,FORD,WSE,ES,2,17,,1,0,1207,WIN,G,,,6,232,,,,B,4216,00,E,42,0,0,000000000,00000000000,0,0,0,1,0,0,0,0,0,0,0,15,0,0,0,3,6,2,12,0,0,0,1,27,56256,6,1,6,0,3,3,71,200,0,0,0,0,0,0,0,0,0,0,38,0,0,0,1,2,98,1,1,2,1,20,3,1,17,1,1,1,87,2,0
27,270352,2,2,1,27,12,11,17,12,6,1,0,27,3,82,881,82881,66,2005,1FUJA6CV55LU,1,F,U,J,A,6,C,V,5,5,L,U,1,T,FRHT,COL,TR,5,17,,8,0,0,CON,D,,,6,782,,,,,00000,00,,64,1,57,717588,57717588,3,6,97,1,0,0,0,0,0,0,0,60,0,0,0,12,6,2,12,0,0,0,1,27,55342,6,1,6,0,3,0,72,160,0,0,0,0,0,0,0,0,0,0,0,0,0,0,1,2,60,1,1,2,1,0,0,1,66,1,1,1,86,0,0
27,270353,1,2,1,29,12,11,8,12,6,1,0,27,1,19,3,19003,4,1992,1G6CD53B2N42,1,G,6,C,D,5,3,B,2,N,4,2,0,P,CADI,DFW,4D,92,17,3591,,0,1138,,G,,F,8,300,,,15R205,,,,,,0,0,000000000,00000000000,0,0,0,1,0,0,0,0,0,0,0,999,0,0,0,11,6,2,12,0,0,0,1,27,56468,6,1,0,0,3,0,67,160,0,0,0,0,0,0,0,0,0,0,87,0,0,0,1,2,50,1,1,2,4,0,0,1,5,1,3,2,64,1,0
27,270353,2,2,2,29,12,11,8,12,6,1,0,27,2,30,46,30046,4,2002,WVWTH63BX2P0,W,V,W,T,H,6,3,B,X,2,P,0,0,P,VOLK,PX4,4D,2,17,3559,,0,1064,,G,,F,6,169,,,16R205,,,,,,0,0,000000000,00000000000,0,0,0,1,0,0,0,0,0,0,0,999,0,0,0,12,6,2,12,0,0,0,1,27,56472,6,1,0,0,3,0,68,128,0,0,0,1,0,10,2010,10,2010,0,0,0,0,0,1,2,50,1,1,2,4,0,0,1,62,4,2,1,65,0,0
27,270354,1,2,1,29,12,22,53,12,2,1,0,27,1,20,36,20036,2,1999,2G1WW12M7X92,2,G,1,W,W,1,2,M,7,X,9,2,0,P,CHEV,MLS,CP,99,17,3306,,0,1075,,G,,F,6,191,,,15R205,,,,,,0,0,000000000,00000000000,0,0,0,1,0,0,0,0,0,0,0,64,0,0,0,12,6,2,12,0,0,0,1,27,55335,2,1,5,0,2,0,69,215,1,1,1,0,0,5,2012,7,2012,0,28,0,0,0,1,2,55,1,1,2,1,0,0,1,10,1,1,1,50,1,1
27,270354,2,2,3,29,12,22,53,12,2,1,0,27,3,63,34,63034,4,2011,KNAGM4A79B51,K,N,A,G,M,4,A,7,9,B,5,1,0,P,KIA,OLX,4D,11,17,3206,,0,1071,,G,,F,4,144,,,16R205,,,,,,0,0,000000000,00000000000,0,0,0,1,0,0,0,0,0,0,0,998,0,0,0,12,6,2,12,0,0,0,1,27,55906,6,1,0,0,3,1,74,175,0,0,0,0,0,0,0,0,0,0,0,0,0,0,1,2,55,1,1,2,1,0,0,1,62,7,1,1,51,1,0
27,270355,1,2,2,31,12,16,55,12,6,1,0,27,1,20,20,20020,4,1997,2G1WL52M4V91,2,G,1,W,L,5,2,M,4,V,9,1,0,P,CHEV,L/S,4D,97,17,3360,,0,1075,,G,,F,6,191,,,15R205,,,,,,0,0,000000000,00000000000,0,0,0,1,0,0,0,0,0,0,0,999,0,0,0,9,6,2,12,0,0,0,1,27,56628,6,1,0,0,3,0,77,160,0,0,0,0,0,0,0,0,0,0,48,0,0,0,1,2,55,1,1,2,1,0,0,11,15,1,1,6,74,2,0
27,270355,2,2,1,31,12,16,55,12,6,1,0,27,3,85,881,85881,66,2004,3WKDD49X64F0,3,W,K,D,D,4,9,X,6,4,F,0,1,T,KW,T80,TR,4,17,,8,2600,1600,CON,D,,,6,915,,,,,00000,00,,64,1,57,1125083,571125083,3,6,97,1,0,0,0,0,0,0,0,55,0,0,0,12,6,2,12,0,0,0,1,27,56630,6,1,6,0,3,0,74,210,0,0,0,1,0,11,2010,11,2010,0,0,0,0,0,1,2,55,1,1,2,1,0,0,6,64,98,1,1,74,0,0
27,270356,1,1,1,31,12,20,13,48,0,1,0,0,0,98,998,98998,91,2000,000000000000,0,0,0,0,0,0,0,0,0,0,0,0,0,,,,,,,,,,,,,,,,,,,,,,,,,0,0,000000000,00000000000,0,0,0,1,0,0,0,0,0,0,0,40,0,0,0,11,8,3,42,0,0,0,1,27,56336,6,1,0,0,3,3,77,230,0,0,0,0,0,0,0,0,0,9,0,0,0,0,1,2,98,2,3,4,3,0,0,14,9,98,3,4,7,1,1
27,270357,1,2,3,17,12,15,24,12,6,1,0,27,2,49,40,49040,4,1999,JT2BF22K4X02,J,T,2,B,F,2,2,K,4,X,0,2,0,P,TOYT,XLL,4D,99,17,3175,,0,1051,,G,,F,6,183,,,15R205,,,,,,0,0,000000000,00000000000,0,0,0,1,0,0,0,0,0,0,0,5,0,0,0,9,6,2,12,0,0,0,1,27,55343,6,1,0,0,3,0,65,110,0,0,0,0,0,0,0,0,0,0,38,0,0,0,1,2,98,1,1,2,2,20,3,11,15,99,1,1,82,2,0
27,270357,2,2,1,17,12,15,24,12,6,1,0,27,1,7,482,7482,31,2009,1D3HV13T09S7,1,D,3,H,V,1,3,T,0,9,S,7,0,T,DODG,150,CW,9,17,,2,0,1400,RPC,G,,,8,348,,,,B,5200,00,K,44,0,0,000000000,00000000000,0,0,0,1,0,0,0,0,0,0,0,53,0,0,0,12,6,2,12,0,0,0,1,27,56579,6,1,0,0,3,1,75,285,0,0,0,0,0,0,0,0,0,1,0,0,0,0,1,2,40,1,1,2,2,0,0,1,67,4,1,1,83,0,0
27,270358,1,1,1,29,10,22,27,1,0,1,0,27,1,49,46,49046,5,2007,JTDKB20U1776,J,T,D,K,B,2,0,U,1,7,7,6,0,P,TOYT,PRI,4H,7,17,2932,,0,1063,,B,,F,4,091,,,15R185,,,,,,0,0,000000000,00000000000,0,0,0,1,0,0,0,0,0,0,0,998,0,1,5,0,6,2,1,36,0,0,1,27,55072,6,1,0,0,3,3,64,170,0,0,0,0,0,0,0,0,0,9,99,99,99,99,1,2,55,1,1,2,1,0,0,1,12,98,1,4,6,1,0
27,270359,1,1,1,2,3,23,0,99,99,1,9,99,9,97,997,97997,98,9998,888888888888,8,8,8,8,8,8,8,8,8,8,8,8,9,,,,,,,,,,,,,,,,,,,,,,,,,0,0,000000000,00000000000,0,0,0,1,0,0,0,0,98,98,0,998,9,0,0,99,8,8,99,99,99,0,9,0,99997,7,6,97,7,6,7,998,997,998,998,998,998,998,98,9998,98,9998,8,0,0,0,0,8,8,98,8,8,8,98,97,8,0,99,0,0,0,99,1,0
27,270360,1,1,1,27,6,21,15,1,0,1,9,99,9,97,997,97997,98,9998,888888888888,8,8,8,8,8,8,8,8,8,8,8,8,9,,,,,,,,,,,,,,,,,,,,,,,,,0,0,000000000,00000000000,0,0,0,1,0,0,0,0,98,98,0,998,9,9,9,0,8,8,1,99,99,0,9,0,99997,7,6,97,7,6,7,998,997,998,998,998,998,998,98,9998,98,9998,8,0,0,0,0,1,2,98,8,8,2,98,97,8,0,99,0,0,0,98,1,0
27,270361,1,1,1,19,8,3,15,8,0,1,9,99,9,97,997,97997,98,9998,888888888888,8,8,8,8,8,8,8,8,8,8,8,8,9,,,,,,,,,,,,,,,,,,,,,,,,,0,0,000000000,00000000000,0,0,0,1,0,0,0,0,98,98,0,998,9,0,0,99,8,9,8,99,99,0,1,27,56666,2,1,0,0,2,0,71,190,0,0,0,0,0,0,0,0,0,9,91,0,0,0,1,2,98,8,8,2,98,97,8,99,82,99,9,9,13,0,1
27,270362,1,1,2,23,10,22,40,99,99,1,9,99,9,97,997,97997,98,9998,888888888888,8,8,8,8,8,8,8,8,8,8,8,8,9,,,,,,,,,,,,,,,,,,,,,,,,,0,0,000000000,00000000000,0,0,0,1,0,0,0,0,98,98,0,998,9,0,0,99,8,8,99,99,99,0,1,27,56666,6,1,0,0,3,0,70,150,0,0,0,0,0,0,0,0,0,9,91,0,0,0,1,2,98,8,8,2,98,97,8,99,99,99,9,9,99,1,1