STATE,ST_CASE,VEH_NO,VE_FORMS,NUMOCCS,DAY,MONTH,HOUR,MINUTE,HARM_EV,MAN_COLL,UNITTYPE,HIT_RUN,REG_STAT,OWNER,MAKE,MODEL,MAK_MOD,BODY_TYP,MOD_YEAR,VIN,VIN_1,VIN_2,VIN_3,VIN_4,VIN_5,VIN_6,VIN_7,VIN_8,VIN_9,VIN_10,VIN_11,VIN_12,TOW_VEH,VINTYPE,VINMAKE,VINA_MOD,VIN_BT,VINMODYR,VIN_LNGT,VIN_WGT,WGTCD_TR,WHLBS_LG,WHLBS_SH,SER_TR,FUELCODE,MCYCL_DS,CARBUR,CYLINDER,DISPLACE,MCYCL_CY,MCYCL_WT,TIRE_SZE,TON_RAT,TRK_WT,TRKWTVAR,VIN_REST,WHLDRWHL,J_KNIFE,MCARR_I1,MCARR_I2,MCARR_ID,GVWR,V_CONFIG,CARGO_BT,HAZ_INV,HAZ_PLAC,HAZ_ID,HAZ_CNO,HAZ_REL,BUS_USE,SPEC_USE,EMER_USE,TRAV_SP,UNDERIDE,ROLLOVER,ROLINLOC,IMPACT1,DEFORMED,TOWED,M_HARM,VEH_SC1,VEH_SC2,FIRE_EXP,DR_PRES,L_STATE,DR_ZIP,L_STATUS,L_TYPE,CDL_STAT,L_ENDORS,L_COMPL,L_RESTRI,DR_HGT,DR_WGT,PREV_ACC,PREV_SUS,PREV_DWI,PREV_SPD,PREV_OTH,FIRST_MO,FIRST_YR,LAST_MO,LAST_YR,SPEEDREL,DR_SF1,DR_SF2,DR_SF3,DR_SF4,VTRAFWAY,VNUM_LAN,VSPD_LIM,VALIGN,VPROFILE,VPAVETYP,VSURCOND,VTRAFCON,VTCONT_F,P_CRASH1,P_CRASH2,P_CRASH3,PCRASH4,PCRASH5,ACC_TYPE,DEATHS,DR_DRINK
28,280144,2,2,1,8,5,9,14,12,6,1,0,28,2,14,443,14443,20,1997,4M2DV1119VDJ,4,M,2,D,V,1,1,1,9,V,D,J,0,P,MERC,VLR,SV,97,17,4003,,0,1122,,G,,F,6,182,,,15R205,,,,,,0,0,000000000,00000000000,0,0,0,1,0,0,0,0,0,0,0,998,0,0,0,3,6,2,12,0,0,0,1,28,38732,0,0,0,0,0,0,999,999,99,99,99,99,99,99,9999,99,9999,0,38,39,0,0,2,2,65,1,1,2,1,20,3,1,17,1,1,2,87,1,0
28,280145,1,1,1,8,5,22,27,42,0,1,0,28,2,49,32,49032,4,1997,1NXBA02E7VZ6,1,N,X,B,A,0,2,E,7,V,Z,6,0,P,TOYT,UCC,4D,97,17,2337,,0,970,,G,,F,4,097,,,14R175,,,,,,0,0,000000000,00000000000,0,0,0,1,0,0,0,0,0,0,0,30,0,0,0,12,6,2,42,0,0,0,1,28,39501,6,1,0,0,3,0,68,190,0,0,0,0,0,0,0,0,0,1,0,0,0,0,1,2,30,2,1,2,1,0,0,14,12,1,1,4,6,1,0
28,280146,1,1,7,9,5,0,15,42,0,1,0,28,1,12,401,12401,14,1999,1FMYU22X5XUB,1,F,M,Y,U,2,2,X,5,X,U,B,0,P,FORD,EPR,UT,99,17,3675,,0,1017,,G,,F,6,245,,,15R235,,,,,,0,0,000000000,00000000000,0,0,0,1,0,0,0,0,0,0,0,75,0,1,9,12,6,2,1,0,0,0,1,28,39759,6,1,0,0,3,0,68,155,0,0,0,0,0,0,0,0,0,0,0,0,0,0,2,2,55,1,1,2,2,20,3,1,12,1,1,4,6,1,1
28,280147,1,1,2,11,5,0,34,42,0,1,0,28,2,22,18,22018,2,1999,1G2NW12E6XM8,1,G,2,N,W,1,2,E,6,X,M,8,0,P,PONT,GAG,CP,99,17,3091,,0,1071,,G,,F,6,207,,,16R205,,,,,,0,0,000000000,00000000000,0,0,0,1,0,0,0,0,0,0,0,998,0,0,0,12,6,2,42,0,0,0,1,28,39663,0,0,0,0,0,0,999,999,99,99,99,99,99,99,9999,99,9999,1,0,0,0,0,1,2,45,4,1,2,1,0,0,14,12,1,1,4,6,1,0
28,280148,1,2,4,11,5,12,41,12,6,1,0,28,1,7,43,7043,4,2003,1B3EL36X63N6,1,B,3,E,L,3,6,X,6,3,N,6,0,P,DODG,SSE,4D,3,17,3108,,0,1080,,G,,F,4,148,,,15R205,,,,,,0,0,000000000,00000000000,0,0,0,1,0,0,0,0,0,0,0,999,0,0,0,12,6,2,12,0,0,0,1,28,38611,6,1,0,0,3,0,67,155,0,0,0,0,0,0,0,0,0,0,0,0,0,0,2,2,55,1,1,2,1,0,0,1,17,1,1,2,77,1,0
28,280148,2,2,3,11,5,12,41,12,6,1,0,40,4,84,884,84884,66,2009,1HTJTSKM49J0,1,H,T,J,T,S,K,M,4,9,J,0,1,T,INTL,430,CC,9,17,,6,0,0,40S,D,,,8,390,,,,,00000,00,,42,1,57,1092543,571092543,3,19,98,1,0,0,0,0,0,0,0,999,0,0,0,9,6,2,12,0,0,0,1,1,35404,6,1,6,0,3,0,70,200,0,0,0,0,0,0,0,0,0,0,38,0,0,0,2,2,55,1,1,2,1,0,0,11,15,1,1,2,76,0,0
28,280149,1,2,1,12,5,12,37,12,1,1,0,22,1,12,16,12016,4,1997,2FALP73WXVX1,2,F,A,L,P,7,3,W,X,V,X,1,0,P,FORD,CVI,4D,97,17,3776,,0,1144,,G,,F,8,281,,,15R215,,,,,,0,0,000000000,00000000000,0,0,0,1,0,0,0,0,0,0,0,999,0,0,0,6,6,2,12,0,0,0,1,22,71373,6,1,0,0,3,0,68,155,0,0,0,0,0,0,0,0,0,0,0,0,0,0,6,2,35,1,1,2,2,21,3,16,18,1,1,2,25,1,0
28,280149,2,2,1,12,5,12,37,12,1,1,0,28,1,23,421,23421,15,1999,1GKEC13R1XJ7,1,G,K,E,C,1,3,R,1,X,J,7,0,T,GMC,YUK,4W,99,17,,2,0,1175,YUK,G,,,8,350,,,,B,4865,00,E,42,0,0,000000000,00000000000,0,0,0,1,0,0,0,0,0,0,0,3,0,0,0,12,6,2,12,0,0,0,1,28,39120,6,1,0,0,3,0,67,145,0,0,0,0,0,0,0,0,0,0,0,0,0,0,6,2,35,1,1,2,2,21,3,16,18,1,1,2,24,0,0
28,280150,1,1,3,12,5,14,11,35,0,1,0,28,1,20,481,20481,31,1997,1GCEC19W2VE2,1,G,C,E,C,1,9,W,2,V,E,2,0,T,CHEV,GC1,PC,97,17,,2,1555,1415,GM4,G,,,6,262,,,,B,4160,00,,42,0,0,000000000,00000000000,0,0,0,1,0,0,0,0,0,0,0,999,0,0,0,11,6,2,42,0,0,0,1,28,39426,1,1,1,0,2,0,69,145,0,1,0,2,1,10,2011,1,2012,1,0,0,0,0,2,2,70,1,1,2,1,0,0,1,13,1,1,4,1,1,0
28,280151,1,1,1,12,5,15,20,1,0,1,0,28,1,12,422,12422,15,2000,1FMRU1563YLA,1,F,M,R,U,1,5,6,3,Y,L,A,0,P,FORD,EPT,UT,0,17,4886,,0,1191,,G,,F,8,281,,,16R255,,,,,,0,0,000000000,00000000000,0,0,0,1,0,0,0,0,0,0,0,999,0,1,9,0,6,2,1,0,0,0,1,28,38736,0,0,0,0,0,0,999,999,99,99,99,99,99,99,9999,99,9999,0,0,0,0,0,2,2,55,1,1,2,1,0,0,1,13,1,1,4,1,1,1
28,280152,1,1,1,13,5,2,27,35,0,1,0,28,2,21,20,21020,4,1993,1G3AG54N5P63,1,G,3,A,G,5,4,N,5,P,6,3,0,P,OLDS,CIS,4D,93,17,2776,,0,1049,,G,,F,6,204,,,14R185,,,,,,0,0,000000000,00000000000,0,0,0,1,0,0,0,0,0,0,0,999,0,0,0,12,6,2,42,0,0,0,1,28,39501,6,1,0,0,3,0,67,150,0,0,0,0,0,0,0,0,0,0,0,0,0,0,2,2,45,2,1,2,2,0,0,14,12,1,1,4,6,1,1
28,280153,1,1,1,13,5,8,24,35,0,1,0,28,1,35,47,35047,4,2004,1N4AL11D44C1,1,N,4,A,L,1,1,D,4,4,C,1,0,P,NISS,ABS,4D,4,17,2913,,0,1102,,G,,F,4,153,,,16R205,,,,,,0,0,000000000,00000000000,0,0,0,1,0,0,0,0,0,0,0,55,0,0,0,12,6,2,38,0,0,0,1,28,39429,6,1,0,0,3,1,66,140,0,0,0,0,0,0,0,0,0,0,0,0,0,0,1,2,55,2,1,2,2,0,0,14,13,1,1,4,1,1,0
28,280154,1,1,3,13,5,21,12,34,0,1,0,28,2,58,37,58037,2,2004,JNKCV54E64M3,J,N,K,C,V,5,4,E,6,4,M,3,0,P,INFI,G35,CP,4,17,3290,,0,1122,,G,,F,6,214,,,17R225,,,,,,0,0,000000000,00000000000,0,0,0,1,0,0,0,0,0,0,0,65,0,0,0,12,6,2,30,0,0,0,1,28,39564,6,2,0,0,3,0,71,170,0,0,0,0,0,0,0,0,0,1,0,0,0,0,1,2,25,1,1,2,1,0,0,1,13,1,1,4,1,1,0
28,280155,1,1,1,15,5,20,2,42,0,1,0,28,1,20,404,20404,14,2009,2CNDL53F5962,2,C,N,D,L,5,3,F,5,9,6,2,0,P,CHEV,EQU,UT,9,17,3740,,0,1125,,G,,F,6,207,,,17R235,,,,,,0,0,000000000,00000000000,0,0,0,1,0,0,0,0,0,0,0,70,0,1,9,9,6,2,1,0,0,0,1,28,38701,6,1,0,0,3,1,66,131,0,0,0,0,0,0,0,0,0,1,0,0,0,0,1,2,55,4,1,2,1,0,0,14,13,1,1,4,1,1,0
28,280156,1,2,1,17,5,10,44,12,2,1,0,28,3,87,884,87884,66,2006,1XP5DB9X36N8,1,X,P,5,D,B,9,X,3,6,N,8,1,T,PTRB,379,TR,6,17,,8,0,0,CON,D,,,6,893,,,,,00000,00,,64,1,57,962921,57962921,3,6,1,1,0,0,0,0,0,0,0,50,0,0,0,12,6,2,12,0,0,0,1,28,38744,6,1,6,0,3,0,76,243,0,0,0,0,0,0,0,0,0,0,0,0,0,0,1,2,55,4,1,2,1,0,0,14,62,1,1,2,50,0,0
28,280156,2,2,1,17,5,10,44,12,2,1,0,28,3,23,481,23481,31,2011,1GT12ZCG8BF1,1,G,T,1,2,Z,C,G,8,B,F,1,0,T,GMC,2KH,CW,11,17,,2,1677,1537,SIE,F,,,8,366,,,,C,6377,01,U,44,0,0,000000000,00000000000,0,0,0,1,0,0,0,0,0,0,0,55,0,0,0,12,6,2,12,0,0,0,1,28,39159,6,1,0,0,3,0,73,200,0,0,0,0,0,0,0,0,0,0,0,0,0,0,1,2,55,4,1,2,1,0,0,14,10,1,1,2,51,1,0
28,280157,1,1,1,17,5,22,42,21,0,1,0,28,2,63,33,63033,4,2003,KNAFB1211352,K,N,A,F,B,1,2,1,1,3,5,2,0,P,KIA,STL,4D,3,17,2661,,0,1008,,G,,F,4,109,,,14R185,,,,,,0,0,000000000,00000000000,0,0,0,1,0,0,0,0,0,0,0,45,0,0,0,12,6,2,42,0,0,0,1,28,39571,6,1,0,0,3,0,69,170,0,0,0,0,0,0,0,0,0,0,28,0,0,0,1,2,45,1,1,2,1,0,0,1,12,1,1,4,6,1,0
28,280158,1,1,2,19,5,1,32,1,0,1,0,28,1,12,481,12481,31,2006,1FTPW14V96FB,1,F,T,P,W,1,4,V,9,6,F,B,0,T,FORD,F1S,CW,6,17,,2,1500,1390,COF,F,,,8,329,,,,B,5476,01,E,44,0,0,000000000,00000000000,0,0,0,1,0,0,0,0,0,0,0,80,0,1,9,0,6,2,1,0,0,0,1,28,39573,6,1,0,0,3,0,73,145,0,0,0,0,0,0,0,0,0,0,0,0,0,0,1,2,40,4,1,2,1,0,0,14,13,1,1,4,1,1,1
28,280159,1,2,1,19,5,6,43,12,2,1,0,28,2,22,20,22020,4,2002,1G2WK52J42F2,1,G,2,W,K,5,2,J,4,2,F,2,0,P,PONT,GFS,4D,2,17,3384,,0,1105,,G,,F,6,191,,,15R205,,,,,,0,0,000000000,00000000000,0,0,0,1,0,0,0,0,0,0,0,35,0,0,0,12,6,2,12,0,0,0,1,28,39212,0,0,0,0,0,0,999,999,99,99,99,99,99,99,9999,99,9999,0,51,0,0,0,2,2,45,1,1,2,1,0,0,1,10,1,1,2,50,1,0
28,280159,2,2,1,19,5,6,43,12,2,1,0,28,2,20,431,20431,16,2003,3GNEC16Z83G1,3,G,N,E,C,1,6,Z,8,3,G,1,0,P,CHEV,C15,UT,3,17,4914,,0,1300,,F,,F,8,325,,,16R265,,,,,,0,0,000000000,00000000000,0,0,0,1,0,0,0,0,0,0,0,35,0,0,0,12,6,2,12,0,0,0,1,28,39212,6,1,0,0,3,0,65,230,0,0,0,0,0,0,0,0,0,0,0,0,0,0,2,2,45,1,1,2,1,0,0,1,60,1,1,2,51,0,0
28,280160,1,1,1,19,5,23,57,42,0,1,0,28,2,20,443,20443,20,1997,1GNDU06E8VD1,1,G,N,D,U,0,6,E,8,V,D,1,0,P,CHEV,VTR,SV,97,17,0,,0,1120,,G,,F,6,207,,,15R205,,,,,,0,0,000000000,00000000000,0,0,0,1,0,0,0,0,0,0,0,55,0,0,0,12,6,2,42,0,0,0,1,28,39094,0,0,0,0,0,0,999,999,0,0,0,0,0,0,0,0,0,0,0,0,0,0,1,2,55,1,1,2,1,0,0,1,12,1,1,4,6,1,0
28,280161,1,1,1,19,5,16,44,1,0,1,0,28,1,12,422,12422,15,2005,1FMFU19505LA,1,F,M,F,U,1,9,5,0,5,L,A,0,P,FORD,EPT,UT,5,17,5352,,0,1191,,G,,F,8,330,,,17R265,,,,,,0,0,000000000,00000000000,0,0,0,1,0,0,0,0,0,0,0,999,0,1,9,0,6,2,1,0,0,0,1,28,39401,6,1,0,0,3,0,60,140,0,0,0,0,0,0,0,0,0,0,0,0,0,0,2,2,45,1,1,2,1,0,0,1,13,1,1,4,1,1,0
28,280162,1,1,1,19,5,18,3,1,0,1,0,28,1,20,4,20004,2,2005,1G1YY24U3551,1,G,1,Y,Y,2,4,U,3,5,5,1,0,P,CHEV,CVT,CP,5,17,3179,,0,1057,,G,,F,8,366,,,18R245,,,,,,0,0,000000000,00000000000,0,0,0,1,0,0,0,0,0,0,0,999,0,1,9,0,6,2,1,0,0,0,1,28,39451,6,1,6,0,3,0,73,189,0,0,0,0,0,0,0,0,0,0,0,0,0,0,1,2,55,1,1,2,1,0,0,1,12,1,1,4,6,1,0
28,280163,1,2,2,19,5,19,18,12,6,1,0,28,1,12,481,12481,31,2004,1FTPW12534KC,1,F,T,P,W,1,2,5,3,4,K,C,0,T,FORD,F1S,CW,4,17,,2,1450,1260,COF,G,,,8,330,,,,B,5270,00,U,42,0,0,000000000,00000000000,0,0,0,1,0,0,0,0,0,0,0,50,0,0,0,12,6,2,12,0,0,0,1,28,39429,6,1,6,0,3,0,70,182,0,0,0,0,0,0,0,0,0,0,0,0,0,0,1,2,55,1,1,2,1,0,0,1,66,1,1,2,88,0,0
28,280163,2,2,3,19,5,19,18,12,6,1,0,28,2,35,47,35047,4,2002,1N4AL11D22C1,1,N,4,A,L,1,1,D,2,2,C,1,0,P,NISS,ABS,4D,2,17,2873,,0,1102,,G,,F,4,153,,,16R205,,,,,,0,0,000000000,00000000000,0,0,0,1,0,0,0,0,0,0,0,998,0,0,0,9,6,2,12,0,0,0,1,28,39643,6,1,0,0,3,0,72,255,0,0,0,0,0,0,0,0,0,1,38,39,0,0,1,2,55,1,1,2,1,20,3,1,17,1,1,2,89,3,0
28,280164,1,1,1,19,5,23,44,8,0,1,0,28,1,2,405,2405,14,2003,1J4GX48SX3C5,1,J,4,G,X,4,8,S,X,3,C,5,0,T,JEEP,LRO,4W,3,17,,1,0,1059,GCK,G,,,6,244,,,,,3704,01,E,42,0,0,000000000,00000000000,0,0,0,1,0,0,0,0,0,0,0,999,0,0,0,12,2,3,8,0,0,0,1,28,39440,6,1,0,0,3,0,61,175,0,0,0,0,0,0,0,0,0,1,0,0,0,0,2,2,55,1,1,2,1,0,0,1,80,1,1,2,13,0,0
28,280165,1,1,1,23,5,10,11,42,0,1,0,28,2,12,481,12481,31,2006,1FTRW12W76FB,1,F,T,R,W,1,2,W,7,6,F,B,0,T,FORD,F1S,CW,6,17,,2,0,1390,COF,G,,,8,281,,,,B,5176,01,E,42,0,0,000000000,00000000000,0,0,0,1,0,0,0,0,0,0,0,50,0,0,0,1,6,2,42,0,0,0,1,28,39209,0,0,0,0,0,0,999,999,99,99,99,99,99,99,9999,99,9999,0,0,0,0,0,1,2,25,1,1,1,1,0,0,1,13,1,1,4,1,1,0
28,280166,1,2,1,23,5,16,23,12,6,1,0,28,1,19,3,19003,4,1990,1G6CD5332L43,1,G,6,C,D,5,3,3,2,L,4,3,0,P,CADI,DFW,4D,90,17,3382,,0,1138,,G,,F,8,275,,,15R205,,,,,,0,0,000000000,00000000000,0,0,0,1,0,0,0,0,0,0,0,999,0,0,0,9,6,2,12,0,0,0,1,28,39451,6,1,0,0,3,0,63,150,0,0,0,0,0,0,0,0,0,0,38,39,0,0,1,2,55,1,1,2,1,20,3,1,17,1,1,2,89,1,0
28,280166,2,2,1,23,5,16,23,12,6,1,0,1,3,84,884,84884,66,2000,2HSFTASR4YC0,2,H,S,F,T,A,S,R,4,Y,C,0,1,T,INTL,990,TR,0,17,,8,0,0,990,D,,,6,893,,,,,00000,00,,64,1,57,2006345,572006345,3,6,9,1,0,0,0,0,0,0,0,50,0,0,0,12,6,2,12,0,0,0,1,1,36784,6,1,6,0,3,0,70,200,2,0,0,1,3,12,2009,3,2012,0,0,0,0,0,1,2,55,1,1,2,1,0,0,1,17,1,1,2,88,0,0
28,280167,1,2,1,24,5,14,21,12,2,1,0,0,0,14,6,14006,4,2001,2MEFM74W81X7,2,M,E,F,M,7,4,W,8,1,X,7,0,P,MERC,GMG,4D,1,17,3927,,0,1147,,G,,F,8,281,,,16R225,,,,,,0,0,000000000,00000000000,0,0,0,1,0,0,0,0,0,0,0,50,0,0,0,12,6,2,12,0,0,0,1,28,39339,6,1,0,0,3,0,70,230,0,0,0,0,0,0,0,0,0,0,51,0,0,0,1,2,55,1,3,2,1,0,0,1,10,1,1,2,50,0,0
28,280167,2,2,1,24,5,14,21,12,2,1,0,28,1,49,32,49032,4,1996,1NXBA02E0TZ3,1,N,X,B,A,0,2,E,0,T,Z,3,0,P,TOYT,COA,4D,96,17,2315,,0,970,,G,,F,4,097,,,14R175,,,,,,0,0,000000000,00000000000,0,0,0,1,0,0,0,0,0,0,0,999,0,0,0,12,6,2,12,0,0,0,1,28,39339,6,1,0,0,3,0,61,220,0,0,0,0,0,0,0,0,0,0,0,0,0,0,1,2,55,1,3,2,1,0,0,1,62,1,1,2,51,1,0
28,280168,1,2,2,24,5,15,21,12,6,1,0,28,1,38,498,38498,14,1990,JALB4B1H6L70,J,A,L,B,4,B,1,H,6,L,7,0,0,T,ISU,NPR,TB,90,17,,3,1500,1090,NPR,D,,,4,236,,,,,4968,02,,42,0,0,000000000,00000000000,0,0,0,1,0,0,0,0,0,0,0,20,0,0,0,9,6,2,12,0,0,0,1,28,38873,6,1,0,0,3,1,70,220,0,1,1,0,0,4,2011,10,2011,0,0,0,0,0,1,2,35,1,1,2,1,0,0,1,62,1,1,2,64,0,0
28,280168,2,2,1,24,5,15,21,12,6,1,0,28,1,37,732,37732,90,2003,000000000000,0,0,0,0,0,0,0,0,0,0,0,0,0,,,,,,,,,,,,,,,,,,,,,,,,,0,0,000000000,00000000000,0,0,0,1,0,0,0,0,0,0,0,999,0,0,0,12,6,2,12,0,0,0,1,28,38829,6,1,0,0,3,0,67,184,0,0,0,0,0,0,0,0,0,0,0,0,0,0,1,2,35,1,1,2,1,0,0,1,10,1,1,2,65,1,1
28,280169,1,2,1,25,5,1,16,12,1,1,0,28,1,37,709,37709,80,2003,JH2RC44513M7,J,H,2,R,C,4,4,5,1,3,M,7,0,M,HOND,T7B,RS,3,17,,,,,,,745,,2,,4,496,,,,,,,0,0,000000000,00000000000,0,0,0,1,0,0,0,0,0,0,0,55,0,0,0,12,6,2,12,0,0,0,1,28,39482,6,1,0,0,3,1,66,160,0,0,0,0,0,0,0,0,0,0,0,0,0,0,2,2,65,1,1,2,1,0,0,2,52,1,1,3,24,1,0
28,280169,2,2,1,25,5,1,16,12,1,1,0,12,1,13,401,13401,14,2005,5LMEU68H95ZJ,5,L,M,E,U,6,8,H,9,5,Z,J,0,P,LINC,AVI,UT,5,17,4818,,0,1137,,G,,F,8,281,,,17R245,,,,,,0,0,000000000,00000000000,0,0,0,1,0,0,0,0,0,0,0,70,0,0,0,6,6,2,12,0,0,0,1,12,32091,6,1,0,0,3,0,70,180,0,0,0,0,0,0,0,0,0,0,0,0,0,0,2,2,65,1,1,2,1,0,0,1,10,1,1,1,25,0,0
28,280170,1,2,2,25,5,16,45,12,6,1,0,28,1,20,471,20471,30,1993,1GCCS19Z1P81,1,G,C,C,S,1,9,Z,1,P,8,1,0,T,CHEV,S14,PC,93,17,,1,0,1229,S,G,,,6,262,,,,B,2832,01,,42,0,0,000000000,00000000000,0,0,0,1,0,0,0,0,0,0,0,999,0,0,0,11,6,2,12,0,0,0,1,28,39730,6,1,0,0,3,0,64,140,0,0,0,0,0,0,0,0,0,0,0,0,0,0,1,2,45,1,1,2,1,0,0,11,10,1,1,2,68,0,0
28,280170,2,2,1,25,5,16,45,12,6,1,0,28,1,53,709,53709,80,1997,JS1GR78A6V21,J,S,1,G,R,7,8,A,6,V,2,1,0,M,SUZI,GX7,RC,97,17,,,,,,,748,,4,,4,460,,,,,,,0,0,000000000,00000000000,0,0,0,1,0,0,0,0,0,0,0,999,0,0,0,12,6,2,12,0,0,0,1,28,38828,6,1,0,0,3,0,74,180,0,0,0,0,0,0,0,0,0,0,0,0,0,0,1,2,45,1,1,2,1,0,0,1,55,1,1,2,69,1,0
28,280171,1,1,1,26,5,10,10,42,0,1,0,28,1,20,471,20471,30,1998,1GCCS1946W82,1,G,C,C,S,1,9,4,6,W,8,2,0,T,CHEV,S14,PC,98,17,,1,0,1229,S,G,,,4,133,,,,B,3222,00,,42,0,0,000000000,00000000000,0,0,0,1,0,0,0,0,0,0,0,70,0,1,9,12,6,2,1,0,0,0,1,28,38866,6,1,6,0,3,0,70,175,0,0,0,0,0,0,0,0,0,1,58,0,0,0,1,2,45,2,1,1,1,0,0,14,13,1,1,4,1,1,0
28,280172,1,1,1,28,5,18,6,42,0,1,0,28,2,35,47,35047,4,2004,1N4BL11D34C1,1,N,4,B,L,1,1,D,3,4,C,1,0,P,NISS,ABE,4D,4,17,3071,,0,1102,,G,,F,6,214,,,17R215,,,,,,0,0,000000000,00000000000,0,0,0,1,0,0,0,0,0,0,0,999,0,0,0,12,6,2,42,0,0,0,1,28,39401,0,0,0,0,0,0,999,999,99,99,99,99,99,99,9999,99,9999,1,0,0,0,0,1,2,35,1,1,2,1,0,0,1,13,1,1,4,14,1,0
28,280173,1,1,3,29,5,7,3,34,0,1,0,28,2,12,481,12481,31,2003,1FTRX17203NB,1,F,T,R,X,1,7,2,0,3,N,B,0,T,FORD,F15,4C,3,17,,2,1571,1385,COF,G,,,6,256,,,,B,4060,00,U,42,0,0,000000000,00000000000,0,0,0,1,0,0,0,0,0,0,0,70,0,1,9,12,6,2,1,0,0,0,1,47,38053,6,1,0,0,3,0,68,165,0,0,0,0,0,0,0,0,0,0,58,0,0,0,2,2,70,1,1,2,1,0,0,1,12,1,1,4,6,1,0
28,280174,1,1,3,29,5,20,9,34,0,1,0,28,2,49,482,49482,31,2001,5TBRT38181S1,5,T,B,R,T,3,8,1,8,1,S,1,0,T,TOYT,TXL,4C,1,17,,2,0,1283,TUN,G,,,8,285,,,,C,4402,00,U,42,0,0,000000000,00000000000,0,0,0,1,0,0,0,0,0,0,0,999,0,1,9,11,6,2,1,0,0,0,1,28,38828,1,1,0,0,2,0,63,135,0,1,1,0,0,5,2011,10,2011,0,0,0,0,0,1,2,45,1,1,2,1,20,3,1,12,1,1,4,6,2,1
28,280175,1,1,1,30,5,12,23,32,0,1,0,28,2,20,403,20403,14,2004,1GNDS13S5422,1,G,N,D,S,1,3,S,5,4,2,2,0,P,CHEV,TRL,UT,4,17,4425,,0,1130,,G,,F,6,256,,,16R245,,,,,,0,0,000000000,00000000000,0,0,0,1,0,0,0,0,0,0,0,999,0,0,0,12,6,2,32,0,0,0,1,28,39073,6,1,0,0,3,0,70,370,0,0,0,0,0,0,0,0,0,1,0,0,0,0,1,2,45,1,1,2,1,0,0,1,13,1,1,4,1,1,1
28,280176,1,6,2,19,5,14,50,12,6,1,0,28,2,23,481,23481,31,2000,2GTEK19T8Y13,2,G,T,E,K,1,9,T,8,Y,1,3,0,T,GMC,NK1,3C,0,17,,2,1575,1435,SIE,G,,,8,325,,,,B,4621,02,U,44,0,0,000000000,00000000000,0,0,0,1,0,0,0,0,0,0,0,55,0,0,0,12,6,2,12,0,0,0,1,28,38829,6,1,0,0,3,1,71,160,0,0,0,0,0,0,0,0,0,0,0,0,0,0,1,2,55,1,1,2,1,20,3,1,17,1,1,2,86,0,0
28,280176,2,6,1,19,5,14,50,12,6,1,0,28,1,7,41,7041,4,1999,2B3HD56JXXH7,2,B,3,H,D,5,6,J,X,X,H,7,0,P,DODG,IES,4D,99,17,3435,,0,1130,,G,,F,6,197,,,16R225,,,,,,0,0,000000000,00000000000,0,0,0,1,0,0,0,0,0,0,0,999,0,0,0,5,6,2,12,0,0,0,1,28,38865,6,1,0,0,3,1,71,220,0,0,0,0,0,0,0,0,0,0,38,39,0,0,1,2,55,1,1,2,1,20,3,1,17,1,1,2,87,1,0
28,280176,3,6,1,19,5,14,50,12,6,1,0,28,1,37,709,37709,80,2000,1HFSC3709YA2,1,H,F,S,C,3,7,0,9,Y,A,2,0,M,HOND,V1T,RS,0,17,,,,,,,1099,,4,,4,626,,,,,,,0,0,000000000,00000000000,0,0,0,1,0,0,0,0,0,0,0,999,0,0,0,12,6,2,12,0,0,0,1,28,38829,6,1,0,0,3,0,69,190,0,0,0,0,0,0,0,0,0,0,0,0,0,0,1,2,55,1,1,2,1,0,0,2,17,1,1,2,98,1,0
28,280176,4,6,2,19,5,14,50,12,6,1,0,28,2,72,709,72709,80,2003,1HD1BJY163Y0,1,H,D,1,B,J,Y,1,6,3,Y,0,0,M,HD,STC,RS,3,17,,,,,,,1450,,2,,4,696,,,,,,,0,0,000000000,00000000000,0,0,0,1,0,0,0,0,0,0,0,15,0,0,0,12,6,2,12,0,0,0,1,28,38827,6,1,0,0,3,1,69,200,0,0,0,0,0,0,0,0,0,0,0,0,0,0,1,2,55,1,1,2,1,0,0,2,17,1,1,2,98,0,0
28,280176,5,6,1,19,5,14,50,12,6,1,0,28,1,76,709,76709,80,2006,JYAVM01E46A0,J,Y,A,V,M,0,1,E,4,6,A,0,0,M,YAMA,V6A,RS,6,17,,,,,,,649,,2,,4,474,,,,,,,0,0,000000000,00000000000,0,0,0,1,0,0,0,0,0,0,0,999,0,0,0,12,6,2,12,0,0,0,1,28,38829,6,1,0,0,3,0,66,125,0,0,0,0,0,0,0,0,0,0,0,0,0,0,1,2,55,1,1,2,1,0,0,2,17,1,1,2,98,0,0
28,280176,6,6,2,19,5,14,50,12,6,1,0,47,1,72,709,72709,80,2005,1HD1FCW155Y6,1,H,D,1,F,C,W,1,5,5,Y,6,0,M,HD,FLU,RS,5,17,,,,,,,1450,,2,,4,788,,,,,,,0,0,000000000,00000000000,0,0,0,1,0,0,0,0,0,0,0,35,0,0,0,12,6,2,12,0,0,0,1,47,38118,6,1,0,0,3,0,70,190,0,0,0,0,0,0,0,0,0,0,0,0,0,0,1,2,55,1,1,2,1,0,0,2,17,1,1,2,98,0,0
28,280177,1,1,1,30,5,0,6,34,0,1,0,28,1,14,6,14006,4,2008,2MEFM75V98X6,2,M,E,F,M,7,5,V,9,8,X,6,0,P,MERC,MGL,4D,8,17,4117,,0,1146,,F,,F,8,281,,,16R225,,,,,,0,0,000000000,00000000000,0,0,0,1,0,0,0,0,0,0,0,999,0,0,0,12,6,2,34,0,0,0,1,28,38748,6,1,0,0,3,0,70,200,0,0,0,0,0,0,0,0,0,0,0,0,0,0,1,2,45,1,1,2,1,20,3,1,12,1,1,4,6,1,0