STATE,ST_CASE,VEH_NO,VE_FORMS,NUMOCCS,DAY,MONTH,HOUR,MINUTE,HARM_EV,MAN_COLL,UNITTYPE,HIT_RUN,REG_STAT,OWNER,MAKE,MODEL,MAK_MOD,BODY_TYP,MOD_YEAR,VIN,VIN_1,VIN_2,VIN_3,VIN_4,VIN_5,VIN_6,VIN_7,VIN_8,VIN_9,VIN_10,VIN_11,VIN_12,TOW_VEH,VINTYPE,VINMAKE,VINA_MOD,VIN_BT,VINMODYR,VIN_LNGT,VIN_WGT,WGTCD_TR,WHLBS_LG,WHLBS_SH,SER_TR,FUELCODE,MCYCL_DS,CARBUR,CYLINDER,DISPLACE,MCYCL_CY,MCYCL_WT,TIRE_SZE,TON_RAT,TRK_WT,TRKWTVAR,VIN_REST,WHLDRWHL,J_KNIFE,MCARR_I1,MCARR_I2,MCARR_ID,GVWR,V_CONFIG,CARGO_BT,HAZ_INV,HAZ_PLAC,HAZ_ID,HAZ_CNO,HAZ_REL,BUS_USE,SPEC_USE,EMER_USE,TRAV_SP,UNDERIDE,ROLLOVER,ROLINLOC,IMPACT1,DEFORMED,TOWED,M_HARM,VEH_SC1,VEH_SC2,FIRE_EXP,DR_PRES,L_STATE,DR_ZIP,L_STATUS,L_TYPE,CDL_STAT,L_ENDORS,L_COMPL,L_RESTRI,DR_HGT,DR_WGT,PREV_ACC,PREV_SUS,PREV_DWI,PREV_SPD,PREV_OTH,FIRST_MO,FIRST_YR,LAST_MO,LAST_YR,SPEEDREL,DR_SF1,DR_SF2,DR_SF3,DR_SF4,VTRAFWAY,VNUM_LAN,VSPD_LIM,VALIGN,VPROFILE,VPAVETYP,VSURCOND,VTRAFCON,VTCONT_F,P_CRASH1,P_CRASH2,P_CRASH3,PCRASH4,PCRASH5,ACC_TYPE,DEATHS,DR_DRINK
28,280213,2,2,1,22,6,7,58,12,6,1,0,28,1,23,481,23481,31,1998,2GTEK19R5W15,2,G,T,E,K,1,9,R,5,W,1,5,0,T,GMC,SK1,PC,98,17,,2,1555,1415,SIE,G,,,8,350,,,,B,4561,00,U,44,0,0,000000000,00000000000,0,0,0,1,0,0,0,0,0,0,0,5,0,0,0,12,6,2,12,0,0,0,1,28,39323,6,1,0,0,3,0,76,212,0,0,0,0,0,0,0,0,0,0,38,39,0,0,1,2,55,1,1,2,1,20,3,1,17,1,1,2,88,0,0
28,280214,1,2,3,22,6,9,52,12,2,1,0,28,1,12,16,12016,4,1999,2FAFP73WXXX2,2,F,A,F,P,7,3,W,X,X,X,2,0,P,FORD,CVI,4D,99,17,3917,,0,1147,,G,,F,8,281,,,16R225,,,,,,0,0,000000000,00000000000,0,0,0,1,0,0,0,0,0,0,0,999,0,0,0,12,6,2,12,0,0,0,1,28,39440,6,1,0,0,3,0,66,150,0,0,0,0,0,0,0,0,0,0,0,0,0,0,1,2,55,1,2,2,1,0,0,1,10,1,1,2,50,3,0
28,280214,2,2,1,22,6,9,52,12,2,1,0,28,3,86,884,86884,66,2005,1M1AJ06Y05N0,1,M,1,A,J,0,6,Y,0,5,N,0,1,T,MACK,CHN,TR,5,17,,8,0,0,600,D,,,6,728,,,,,00000,00,,64,1,57,276319,57276319,3,6,3,1,0,0,0,0,0,0,0,999,0,0,0,12,6,2,12,0,0,0,1,28,39362,6,1,6,0,3,0,73,240,0,0,0,0,0,0,0,0,0,0,0,0,0,0,1,2,55,1,2,2,1,0,0,1,62,4,1,2,51,0,0
28,280215,1,1,1,22,6,14,57,8,0,1,0,28,2,12,471,12471,30,1997,1FTCR10A8VTA,1,F,T,C,R,1,0,A,8,V,T,A,0,T,FORD,RNG,PK,97,17,,1,1140,1080,RNG,G,,,4,140,,,,B,2970,01,E,42,0,0,000000000,00000000000,0,0,0,1,0,0,0,0,0,0,0,999,0,0,0,12,6,2,8,0,0,0,1,28,38611,6,1,0,0,3,0,63,147,0,0,0,0,0,0,0,0,0,0,0,0,0,0,1,2,50,1,1,2,1,0,0,1,13,1,1,4,13,0,0
28,280216,1,2,3,23,6,10,2,12,6,1,0,28,1,6,441,6441,20,2004,2C4GP44R74R6,2,C,4,G,P,4,4,R,7,4,R,6,0,T,CHRY,TLX,ES,4,17,,1,0,1193,TWC,G,,,6,201,,,,,3962,00,,42,0,0,000000000,00000000000,0,0,0,1,0,0,0,0,0,0,0,35,0,0,0,12,6,2,12,0,0,0,1,28,39739,6,1,0,0,3,1,60,182,0,0,0,0,0,0,0,0,0,0,0,0,0,0,2,2,35,1,1,2,1,0,0,2,51,7,1,2,46,0,0
28,280216,2,2,3,23,6,10,2,12,6,1,0,28,1,20,16,20016,4,2001,1G1JF5246172,1,G,1,J,F,5,2,4,6,1,7,2,0,P,CHEV,CAS,4D,1,17,2676,,0,1041,,G,,F,4,133,,,15R195,,,,,,0,0,000000000,00000000000,0,0,0,1,0,0,0,0,0,0,0,999,0,0,0,9,6,2,12,0,0,0,1,28,39740,6,1,6,0,3,0,71,190,0,0,0,0,0,0,0,0,0,0,38,0,0,0,2,2,35,1,1,2,1,0,0,1,10,1,1,2,45,2,0
28,280217,1,1,1,28,6,15,34,1,0,1,0,28,1,35,472,35472,30,2008,1N6AD07U48C4,1,N,6,A,D,0,7,U,4,8,C,4,0,T,NISS,CEO,CW,8,17,,1,0,1259,FRT,G,,,6,244,,,,,4137,00,4,42,0,0,000000000,00000000000,0,0,0,1,0,0,0,0,0,0,0,999,0,1,9,0,6,2,1,0,0,0,1,28,38863,6,1,0,0,3,0,65,210,0,0,0,0,0,0,0,0,0,0,0,0,0,0,1,2,55,1,1,2,1,0,0,1,12,1,1,4,6,1,0
28,280218,1,1,2,28,6,22,24,42,0,1,0,28,2,22,2,22002,4,1992,1G2HX53L7N13,1,G,2,H,X,5,3,L,7,N,1,3,0,P,PONT,BVS,4D,92,17,3362,,0,1108,,G,,F,6,231,,,15R215,,,,,,0,0,000000000,00000000000,0,0,0,1,0,0,0,0,0,0,0,999,0,0,0,1,6,2,42,0,0,0,1,28,39145,6,1,0,0,3,0,71,175,0,0,0,0,0,0,0,0,0,0,58,0,0,0,1,2,55,4,1,2,1,0,0,14,13,1,1,4,1,1,0
28,280219,1,1,1,29,6,21,47,34,0,1,0,28,1,37,709,37709,80,2009,JH2PC40489K2,J,H,2,P,C,4,0,4,8,9,K,2,0,M,HOND,B60,RC,9,17,,,,,,,599,,4,,4,410,,,,,,,0,0,000000000,00000000000,0,0,0,1,0,0,0,0,0,0,0,50,0,0,0,12,6,2,38,0,0,0,1,34,8319,6,1,0,0,3,0,70,145,0,0,0,0,0,0,0,0,0,0,0,0,0,0,1,2,45,4,1,1,1,0,0,14,13,1,1,4,1,1,0
28,280220,1,1,1,30,6,6,22,1,0,1,0,28,1,49,482,49482,31,2000,5TBBT481XYS0,5,T,B,B,T,4,8,1,X,Y,S,0,0,T,TOYT,TXL,4C,0,17,,2,0,1283,TUN,G,,,8,285,,,,B,4644,00,U,44,0,0,000000000,00000000000,0,0,0,1,0,0,0,0,0,0,0,65,0,1,9,0,6,2,1,0,0,0,1,28,39114,6,1,0,0,3,0,73,190,0,0,0,0,0,0,0,0,0,0,0,0,0,0,2,2,65,1,1,2,1,0,0,1,12,1,1,4,6,1,0
28,280221,1,1,2,30,6,21,31,15,0,1,0,28,1,20,2,20002,4,2006,2G1WT58KX691,2,G,1,W,T,5,8,K,X,6,9,1,0,P,CHEV,IMT,4D,6,17,3477,,0,1105,,F,,F,6,214,,,16R225,,,,,,0,0,000000000,00000000000,0,0,0,1,0,0,0,0,0,0,0,55,0,0,0,1,6,2,15,0,0,0,1,28,38652,6,1,0,0,3,0,63,108,0,0,0,0,0,0,0,0,0,0,0,0,0,0,1,2,55,1,1,2,1,0,0,1,83,1,1,2,13,0,0
28,280222,1,1,1,26,6,13,48,8,0,1,0,28,1,59,31,59031,4,2009,JTHBK2628950,J,T,H,B,K,2,6,2,8,9,5,0,0,P,LEXS,I25,4D,9,17,3455,,0,1075,,G,,F,6,152,,,17R225,,,,,,0,0,000000000,00000000000,0,0,0,1,0,0,0,0,0,0,0,65,0,0,0,1,6,2,8,0,0,0,1,28,39647,6,1,0,0,3,0,65,115,0,0,0,3,1,1,2010,5,2011,0,0,0,0,0,2,2,65,1,1,2,1,0,0,1,80,1,1,2,13,0,0
28,280223,1,1,2,14,4,12,39,34,0,1,0,28,1,76,709,76709,80,2007,JYAVP25E47A0,J,Y,A,V,P,2,5,E,4,7,A,0,0,M,YAMA,VCT,RS,7,17,,,,,,,1304,,2,,4,668,,,,,,,0,0,000000000,00000000000,0,0,0,1,0,0,0,0,0,0,0,41,0,0,0,11,6,2,34,0,0,0,1,28,39092,6,1,0,0,3,0,72,200,0,0,0,0,0,0,0,0,0,0,0,0,0,0,1,2,45,4,2,2,1,0,0,14,12,1,1,4,6,1,0
28,280224,1,1,2,1,7,1,51,8,0,1,0,28,1,30,421,30421,15,2008,WVGBE77L18D0,W,V,G,B,E,7,7,L,1,8,D,0,0,P,VOLK,TO2,UT,8,17,5077,,0,1124,,G,,F,6,219,,,17R255,,,,,,0,0,000000000,00000000000,0,0,0,1,0,0,0,0,0,0,0,999,0,0,0,12,6,2,8,0,0,0,1,28,39170,6,1,0,0,3,1,67,200,0,0,0,0,0,0,0,0,0,0,0,0,0,0,1,2,50,1,1,2,2,0,0,1,80,9,1,2,13,0,0
28,280225,1,1,1,1,7,11,46,42,0,1,0,28,1,19,3,19003,4,1995,1G6KD52B8SU2,1,G,6,K,D,5,2,B,8,S,U,2,0,P,CADI,DFW,4D,95,17,3664,,0,1138,,G,,F,8,300,,,15R215,,,,,,0,0,000000000,00000000000,0,0,0,1,0,0,0,0,0,0,0,999,0,0,0,1,6,2,42,0,0,0,1,28,39332,6,1,0,0,3,1,63,120,0,0,0,0,0,0,0,0,0,0,28,0,0,0,1,2,55,1,1,2,1,0,0,1,12,1,1,4,6,1,0
28,280226,1,1,3,1,7,21,12,42,0,1,0,28,2,12,481,12481,31,1995,1FTEX15N7SKB,1,F,T,E,X,1,5,N,7,S,K,B,0,T,FORD,F15,PC,95,17,,2,1550,1390,COF,G,,,8,302,,,,B,00000,00,M,42,0,0,000000000,00000000000,0,0,0,1,0,0,0,0,0,0,0,999,0,0,0,12,6,2,42,0,0,0,1,28,39183,1,1,0,0,2,0,69,170,0,1,1,0,1,10,2010,6,2011,0,0,0,0,0,1,2,45,1,1,2,1,0,0,1,13,2,1,4,1,1,1
28,280227,1,1,1,2,7,3,37,35,0,1,0,28,1,23,421,23421,15,2000,3GKEC16T7YG1,3,G,K,E,C,1,6,T,7,Y,G,1,0,T,GMC,CX1,4W,0,17,,2,0,1300,YUK,G,,,8,325,,,,B,4914,00,K,42,0,0,000000000,00000000000,0,0,0,1,0,0,0,0,0,0,0,999,0,1,9,11,6,2,1,0,0,0,1,28,38761,6,1,0,0,3,0,66,165,0,0,0,0,0,0,0,0,0,0,0,0,0,0,2,2,65,1,1,2,1,0,0,1,13,1,1,4,1,1,0
28,280228,1,1,1,2,7,6,5,34,0,1,0,28,1,7,482,7482,31,1995,1B7HC16Y4SS2,1,B,7,H,C,1,6,Y,4,S,S,2,0,T,DODG,150,PK,95,17,,2,1347,1187,RPC,G,,,8,318,,,,B,3899,01,M,42,0,0,000000000,00000000000,0,0,0,1,0,0,0,0,0,0,0,999,0,1,9,12,6,2,1,0,0,0,1,28,39067,6,1,6,0,3,0,75,245,0,0,0,0,0,0,0,0,0,0,28,0,0,0,1,2,55,1,1,2,1,0,0,1,12,1,1,4,6,1,0
28,280229,1,1,3,2,7,22,5,52,0,1,0,28,2,2,404,2404,14,1997,1J4FX58S2VC5,1,J,4,F,X,5,8,S,2,V,C,5,0,T,JEEP,LRT,4W,97,17,,1,0,1059,GCK,G,,,6,242,,,,,3513,02,E,42,0,0,000000000,00000000000,0,0,0,1,0,0,0,0,0,0,0,999,0,0,0,12,6,2,52,0,0,0,1,28,38761,0,0,0,0,0,0,999,999,99,99,99,99,99,99,9999,99,9999,0,0,0,0,0,2,2,65,1,1,2,1,0,0,1,12,1,1,4,6,3,0
28,280230,1,1,1,4,7,1,0,42,0,1,0,28,1,20,473,20473,30,2008,1GCCS1492881,1,G,C,C,S,1,4,9,2,8,8,1,0,T,CHEV,RDO,PK,8,17,,1,0,1113,CAL,G,,,4,177,,,,,3303,00,,42,0,0,000000000,00000000000,0,0,0,1,0,0,0,0,0,0,0,40,0,0,0,12,6,2,42,0,0,0,1,28,39051,6,1,0,0,3,0,69,180,0,0,0,0,0,0,0,0,0,0,0,0,0,0,1,2,35,1,1,2,1,0,0,1,13,1,1,4,1,1,0
28,280231,1,1,1,4,7,6,23,35,0,1,0,0,0,20,471,20471,30,1989,999999999999,9,9,9,9,9,9,9,9,9,9,9,9,0,,,,,,,,,,,,,,,,,,,,,,,,,0,0,000000000,00000000000,0,0,0,1,0,0,0,0,0,0,0,80,0,0,0,12,6,2,35,0,0,0,1,47,38057,6,1,0,0,3,0,75,215,0,1,1,0,0,4,2010,2,2011,0,58,0,0,0,1,2,45,1,1,2,1,0,0,1,12,1,1,4,6,1,0
28,280232,1,2,1,4,7,9,39,12,2,1,0,28,3,86,884,86884,66,1989,2M2N187Y3KC0,2,M,2,N,1,8,7,Y,3,K,C,0,1,T,MACK,R60,TR,89,17,,8,0,0,600,D,,,6,672,,,,,00000,00,,64,1,99,999999999,99999999999,3,6,4,1,0,0,0,0,0,0,0,998,0,0,0,12,6,2,12,0,0,0,1,28,39367,6,1,6,0,3,0,66,190,0,0,0,0,0,0,0,0,0,0,0,0,0,0,1,2,98,1,1,2,1,0,0,1,62,2,1,2,51,0,0
28,280232,2,2,1,4,7,9,39,12,2,1,0,1,2,12,16,12016,4,1994,2FALP73W4RX1,2,F,A,L,P,7,3,W,4,R,X,1,0,P,FORD,CVI,4D,94,17,3786,,0,1144,,G,,F,8,281,,,15R215,,,,,,0,0,000000000,00000000000,0,0,0,1,0,0,0,0,0,0,0,999,0,0,0,12,6,2,12,0,0,0,1,28,39367,6,1,0,0,2,0,63,150,0,0,0,0,0,0,0,0,0,0,0,0,0,0,1,2,98,1,1,2,1,0,0,1,10,1,1,1,50,1,0
28,280233,1,1,1,4,7,15,47,1,0,1,0,28,1,12,442,12442,20,2003,2FMZA52403BB,2,F,M,Z,A,5,2,4,0,3,B,B,0,T,FORD,WSE,ES,3,17,,1,0,1207,WIN,G,,,6,232,,,,B,3762,00,E,42,0,0,000000000,00000000000,0,0,0,1,0,0,0,0,0,0,0,999,0,1,9,0,6,2,1,0,0,0,1,28,39046,1,1,6,0,2,0,74,200,0,1,1,1,0,4,2011,4,2012,0,28,0,0,0,1,2,45,4,3,2,1,0,0,14,13,1,1,4,1,1,0
28,280234,1,1,1,6,7,9,37,42,0,1,0,28,1,12,481,12481,31,2010,1FTEW1C84AFC,1,F,T,E,W,1,C,8,4,A,F,C,0,T,FORD,F1S,CW,10,17,,2,1570,1450,COF,G,,,8,281,,,,B,5048,00,7,42,0,0,000000000,00000000000,0,0,0,1,0,0,0,0,0,0,0,999,0,0,0,12,6,2,42,0,0,0,1,28,38821,6,1,0,0,3,0,78,305,0,0,0,0,0,0,0,0,0,0,0,0,0,0,1,2,55,1,1,2,1,0,0,1,12,1,1,4,6,1,0
28,280235,1,1,1,6,7,16,53,1,0,1,0,28,1,18,3,18003,4,1995,1G4CW52KXSH6,1,G,4,C,W,5,2,K,X,S,H,6,0,P,BUIC,PKA,4D,95,17,3532,,0,1108,,G,,F,6,231,,,15R205,,,,,,0,0,000000000,00000000000,0,0,0,1,0,0,0,0,0,0,0,999,0,1,9,0,6,2,1,0,0,0,1,28,39063,1,1,0,0,2,0,65,168,0,1,1,1,0,8,2010,8,2011,0,0,0,0,0,2,2,55,1,1,2,1,0,0,1,13,1,1,4,1,1,1
28,280236,1,1,4,7,7,18,38,42,0,1,0,28,2,22,20,22020,4,2006,2G2WP5525611,2,G,2,W,P,5,5,2,5,6,1,1,0,P,PONT,GRA,4D,6,17,3477,,0,1105,,G,,F,6,232,,,16R225,,,,,,0,0,000000000,00000000000,0,0,0,1,0,0,0,0,0,0,0,75,0,0,0,5,6,2,42,0,0,0,1,28,39452,0,0,0,0,0,0,999,999,99,99,99,99,99,99,9999,99,9999,1,0,0,0,0,1,2,50,2,2,2,1,0,0,14,13,1,1,4,1,1,1
28,280237,1,1,2,7,7,21,23,8,0,1,0,28,1,22,8,22008,2,2004,6G2VX12G54L2,6,G,2,V,X,1,2,G,5,4,L,2,0,P,PONT,GTO,CP,4,17,3725,,0,1098,,G,,F,8,350,,,17R225,,,,,,0,0,000000000,00000000000,0,0,0,1,0,0,0,0,0,0,0,999,0,0,0,12,6,2,8,0,0,0,1,28,39439,6,1,0,0,3,0,71,234,0,0,0,0,0,0,0,0,0,0,0,0,0,0,1,2,55,1,3,2,1,0,0,1,80,1,1,2,13,0,0
28,280238,1,1,3,8,7,13,34,42,0,1,0,28,1,12,422,12422,15,2005,1FMZU67K15UA,1,F,M,Z,U,6,7,K,1,5,U,A,0,P,FORD,EPR,UT,5,17,4095,,0,1259,,F,,F,6,245,,,16R235,,,,,,0,0,000000000,00000000000,0,0,0,1,0,0,0,0,0,0,0,65,0,0,0,8,6,2,42,0,0,0,1,28,38965,6,1,0,0,3,0,69,190,0,0,0,0,0,0,0,0,0,1,0,0,0,0,1,2,55,1,3,2,2,0,0,1,12,1,1,4,6,1,0
28,280239,1,2,3,8,7,20,25,12,6,1,0,28,1,23,481,23481,31,2005,1GTDS1366581,1,G,T,D,S,1,3,6,6,5,8,1,0,T,GMC,CAN,CW,5,17,,1,0,1260,CAN,G,,,5,214,,,,B,3604,00,U,42,0,0,000000000,00000000000,0,0,0,1,0,0,0,0,0,0,0,50,0,0,0,4,6,2,12,0,0,0,1,28,38922,6,1,6,0,3,0,74,210,0,0,0,0,0,0,0,0,0,1,0,0,0,0,1,2,55,1,1,2,2,0,0,1,10,1,1,2,64,2,0
28,280239,2,2,1,8,7,20,25,12,6,1,0,48,2,3,402,3402,14,2006,5GTDN1365683,5,G,T,D,N,1,3,6,5,6,8,3,0,T,HUMM,HH3,4W,6,17,,1,0,1119,HUM,G,,,5,214,,,,,4700,00,R,44,0,0,000000000,00000000000,0,0,0,1,0,0,0,0,0,0,0,50,0,0,0,11,6,2,12,0,0,0,1,28,39191,6,1,0,0,3,0,74,155,0,0,0,0,0,0,0,0,0,0,0,0,0,0,1,2,55,1,1,2,2,0,0,1,62,1,1,2,65,0,0
28,280240,1,1,1,9,7,12,33,42,0,1,0,28,1,20,481,20481,31,2004,2GCEC19T4413,2,G,C,E,C,1,9,T,4,4,1,3,0,T,CHEV,SC1,4C,4,17,,2,1575,1435,SIL,G,,,8,325,,,,B,4555,00,,42,0,0,000000000,00000000000,0,0,0,1,0,0,0,0,0,0,0,999,0,1,9,12,6,2,1,0,0,0,1,28,39090,6,1,0,0,3,0,66,150,0,0,0,0,0,0,0,0,0,0,0,0,0,0,1,2,45,2,2,2,1,0,0,14,12,1,1,4,6,1,0
28,280241,1,1,4,9,7,18,43,42,0,1,0,28,2,12,481,12481,31,2000,2FTRX17W6YCA,2,F,T,R,X,1,7,W,6,Y,C,A,0,T,FORD,F15,4C,0,17,,2,1571,1385,COF,G,,,8,281,,,,B,4204,05,U,42,0,0,000000000,00000000000,0,0,0,1,0,0,0,0,0,0,0,999,0,1,9,12,6,2,42,0,0,0,1,28,39478,0,0,0,0,0,0,999,999,99,99,99,99,99,99,9999,99,9999,1,0,0,0,0,1,2,55,1,3,2,2,0,0,1,12,1,1,4,6,4,0
28,280242,1,1,7,12,7,7,3,1,0,1,0,5,2,49,401,49401,14,1994,JT3VN39W3R01,J,T,3,V,N,3,9,W,3,R,0,1,0,P,TOYT,RUN,UT,94,17,4165,,0,1033,,G,,F,6,180,,,15R225,,,,,,0,0,000000000,00000000000,0,0,0,1,0,0,0,0,0,0,0,70,0,1,9,0,6,2,1,0,0,0,1,5,71923,6,1,0,0,3,0,70,155,0,0,0,0,0,0,0,0,0,0,0,0,0,0,2,4,70,1,1,2,1,0,0,1,12,1,1,4,6,1,0
28,280243,1,1,1,13,7,18,7,35,0,1,0,28,1,49,499,49499,31,1992,4TARN01P6NZ0,4,T,A,R,N,0,1,P,6,N,Z,0,0,T,TOYT,USD,PK,92,17,,1,0,1029,UHT,G,,,4,144,,,,B,00000,00,A,44,0,0,000000000,00000000000,0,0,0,1,0,0,0,0,0,0,0,999,0,1,9,12,6,2,1,0,0,0,1,28,39428,6,1,6,0,3,1,68,170,0,0,0,0,0,0,0,0,0,0,0,0,0,0,1,2,55,1,1,2,1,0,0,1,13,1,1,4,1,1,0
28,280244,1,1,2,14,7,0,29,52,0,1,0,28,1,20,481,20481,31,1999,1GCEK19R3XR1,1,G,C,E,K,1,9,R,3,X,R,1,0,T,CHEV,GK1,3C,99,17,,2,0,1415,GM4,G,,,8,350,,,,B,4442,00,,44,0,0,000000000,00000000000,0,0,0,1,0,0,0,0,0,0,0,999,0,0,0,11,6,2,42,0,0,0,1,28,38804,6,1,0,0,3,1,73,160,0,0,0,0,0,0,0,0,0,0,0,0,0,0,1,2,0,4,2,2,1,0,0,14,13,1,1,4,1,2,1
28,280245,1,1,2,14,7,12,18,34,0,1,0,28,0,12,471,12471,30,1992,999999999999,9,9,9,9,9,9,9,9,9,9,9,9,0,,,,,,,,,,,,,,,,,,,,,,,,,0,0,000000000,00000000000,0,0,0,1,0,0,0,0,0,0,0,999,0,1,9,12,6,2,1,0,0,0,1,28,38865,6,1,0,0,3,0,74,275,0,0,0,0,0,0,0,0,0,1,0,0,0,0,2,2,65,1,2,2,2,0,0,1,13,1,1,4,1,1,0
28,280246,1,1,1,14,7,21,21,34,0,1,0,28,1,12,3,12003,2,2007,1ZVFT80N6752,1,Z,V,F,T,8,0,N,6,7,5,2,0,P,FORD,MUS,CP,7,17,3352,,0,1071,,G,,F,6,244,,,16R215,,,,,,0,0,000000000,00000000000,0,0,0,1,0,0,0,0,0,0,0,999,0,0,0,1,6,2,35,0,0,0,1,28,39168,6,1,0,0,3,0,63,170,0,0,0,0,0,0,0,0,0,0,0,0,0,0,1,2,55,1,1,2,1,0,0,1,13,1,1,4,1,1,0
28,280247,1,1,2,16,7,9,44,1,0,1,0,28,1,35,401,35401,14,1997,JN8AR05S9VW1,J,N,8,A,R,0,5,S,9,V,W,1,0,P,NISS,PFI,UT,97,17,3689,,0,1063,,G,,F,6,201,,,15R235,,,,,,0,0,000000000,00000000000,0,0,0,1,0,0,0,0,0,0,0,999,0,1,9,0,6,2,1,0,0,0,1,28,39339,6,1,0,0,3,0,67,145,0,0,0,0,0,0,0,0,0,0,58,0,0,0,2,2,65,4,1,2,1,0,0,14,13,1,1,4,1,2,0
28,280248,1,1,1,17,7,15,51,34,0,1,0,28,1,12,481,12481,31,2001,1FTNX20L81EC,1,F,T,N,X,2,0,L,8,1,E,C,0,T,FORD,F2S,4C,1,17,,2,1580,1418,SRW,G,,,8,330,,,,C,5189,07,U,42,0,0,000000000,00000000000,0,0,0,1,0,0,0,0,0,0,0,55,0,1,9,12,6,2,1,0,0,0,1,28,38922,6,1,0,0,3,1,73,210,0,0,0,0,0,0,0,0,0,0,0,0,0,0,1,2,55,1,1,2,2,0,0,1,12,1,1,4,6,1,0
28,280249,1,1,5,18,7,17,5,1,0,1,0,28,1,20,401,20401,14,2002,1GNDT13S6222,1,G,N,D,T,1,3,S,6,2,2,2,0,P,CHEV,TRL,UT,2,17,4628,,0,1130,,G,,F,6,256,,,16R245,,,,,,0,0,000000000,00000000000,0,0,0,1,0,0,0,0,0,0,0,65,0,1,9,0,6,2,1,0,0,0,1,28,38860,6,1,0,0,3,0,67,180,0,1,0,4,0,10,2010,4,2012,0,58,0,0,0,2,2,65,1,1,2,1,0,0,1,13,1,1,4,1,1,0
28,280250,1,1,4,19,7,15,30,33,0,1,0,28,2,35,481,35481,31,2012,1N6AD0ER3CC4,1,N,6,A,D,0,E,R,3,C,C,4,0,T,NISS,FVL,CW,12,17,,1,0,0,FRT,G,,,6,244,,,,,4228,00,7,42,0,0,000000000,00000000000,0,0,0,1,0,0,0,0,0,0,0,60,0,0,0,12,6,2,34,0,0,0,1,28,38723,6,1,0,0,3,1,73,499,0,0,0,0,0,0,0,0,0,0,0,0,0,0,2,2,55,1,1,2,1,0,0,1,12,1,1,4,6,1,0
28,280251,1,1,1,20,7,20,45,8,0,1,0,28,1,20,404,20404,14,2010,2CNFLFEY1A62,2,C,N,F,L,F,E,Y,1,A,6,2,0,P,CHEV,EQU,UT,10,17,4012,,0,1125,,G,,F,6,183,,,17R225,,,,,,0,0,000000000,00000000000,0,0,0,1,0,0,0,0,0,0,0,40,0,0,0,12,6,2,8,0,0,0,1,28,39040,6,1,0,0,3,0,64,160,0,0,0,0,0,0,0,0,0,0,0,0,0,0,1,2,55,1,1,2,1,0,0,1,80,1,1,2,13,0,0
28,280252,1,1,1,20,7,21,30,42,0,1,0,28,2,35,39,35039,4,2003,JN1DA31D53T5,J,N,1,D,A,3,1,D,5,3,T,5,0,P,NISS,MGS,4D,3,17,3118,,0,1083,,G,,F,6,214,,,16R225,,,,,,0,0,000000000,00000000000,0,0,0,1,0,0,0,0,0,0,0,999,0,0,0,12,6,2,42,0,0,0,1,28,38661,6,1,0,0,3,0,66,182,0,0,0,0,0,0,0,0,0,0,0,0,0,0,1,2,55,2,1,2,1,0,0,14,12,1,1,4,6,1,0
28,280253,1,1,1,21,7,22,24,34,0,1,0,28,2,37,709,37709,80,2007,JH2SC57077M3,J,H,2,S,C,5,7,0,7,7,M,3,0,M,HOND,CBS,RC,7,17,,,,,,,998,,4,,4,388,,,,,,,0,0,000000000,00000000000,0,0,0,1,0,0,0,0,0,0,0,999,0,0,0,12,6,2,34,0,0,0,1,28,39208,6,1,0,0,3,0,69,140,0,0,0,0,0,0,0,0,0,0,0,0,0,0,1,2,45,4,1,2,1,0,0,14,12,1,1,4,6,1,0
28,280254,1,1,1,23,7,3,8,1,0,1,0,28,1,35,402,35402,14,2000,5N1ED28T3YC5,5,N,1,E,D,2,8,T,3,Y,C,5,0,P,NISS,XTR,UT,0,17,3546,,0,1043,,G,,F,6,201,,,15R235,,,,,,0,0,000000000,00000000000,0,0,0,1,0,0,0,0,0,0,0,999,0,1,9,0,6,2,1,0,0,0,1,28,39212,6,1,0,0,3,0,66,140,0,0,0,0,0,0,0,0,0,0,0,0,0,0,2,2,70,1,1,1,1,0,0,1,13,1,1,4,1,1,0
28,280255,1,1,1,24,7,1,29,42,0,1,0,22,1,22,20,22020,4,2004,2G2WP5227413,2,G,2,W,P,5,2,2,7,4,1,3,0,P,PONT,GPG,4D,4,17,3477,,0,1105,,G,,F,6,231,,,16R225,,,,,,0,0,000000000,00000000000,0,0,0,1,0,0,0,0,0,0,0,999,0,0,0,12,6,2,42,0,0,0,1,28,39440,0,0,0,0,0,0,999,999,99,99,99,99,99,99,9999,99,9999,0,0,0,0,0,2,2,65,1,1,2,1,0,0,1,12,1,1,4,6,1,0
28,280256,1,2,2,26,7,20,54,12,2,1,0,28,2,35,473,35473,31,2005,1N6BA06AX5N5,1,N,6,B,A,0,6,A,X,5,N,5,0,T,NISS,TXS,PC,5,17,,2,0,1398,TTN,F,,,8,342,,,,C,4828,02,E,42,0,0,000000000,00000000000,0,0,0,1,0,0,0,0,0,0,0,999,0,0,0,12,6,2,12,0,0,0,1,28,39301,6,1,0,0,3,0,74,200,0,0,0,0,0,0,0,0,0,1,0,0,0,0,1,2,45,1,2,2,1,0,0,1,62,1,1,2,51,0,0