STATE,ST_CASE,VEH_NO,VE_FORMS,NUMOCCS,DAY,MONTH,HOUR,MINUTE,HARM_EV,MAN_COLL,UNITTYPE,HIT_RUN,REG_STAT,OWNER,MAKE,MODEL,MAK_MOD,BODY_TYP,MOD_YEAR,VIN,VIN_1,VIN_2,VIN_3,VIN_4,VIN_5,VIN_6,VIN_7,VIN_8,VIN_9,VIN_10,VIN_11,VIN_12,TOW_VEH,VINTYPE,VINMAKE,VINA_MOD,VIN_BT,VINMODYR,VIN_LNGT,VIN_WGT,WGTCD_TR,WHLBS_LG,WHLBS_SH,SER_TR,FUELCODE,MCYCL_DS,CARBUR,CYLINDER,DISPLACE,MCYCL_CY,MCYCL_WT,TIRE_SZE,TON_RAT,TRK_WT,TRKWTVAR,VIN_REST,WHLDRWHL,J_KNIFE,MCARR_I1,MCARR_I2,MCARR_ID,GVWR,V_CONFIG,CARGO_BT,HAZ_INV,HAZ_PLAC,HAZ_ID,HAZ_CNO,HAZ_REL,BUS_USE,SPEC_USE,EMER_USE,TRAV_SP,UNDERIDE,ROLLOVER,ROLINLOC,IMPACT1,DEFORMED,TOWED,M_HARM,VEH_SC1,VEH_SC2,FIRE_EXP,DR_PRES,L_STATE,DR_ZIP,L_STATUS,L_TYPE,CDL_STAT,L_ENDORS,L_COMPL,L_RESTRI,DR_HGT,DR_WGT,PREV_ACC,PREV_SUS,PREV_DWI,PREV_SPD,PREV_OTH,FIRST_MO,FIRST_YR,LAST_MO,LAST_YR,SPEEDREL,DR_SF1,DR_SF2,DR_SF3,DR_SF4,VTRAFWAY,VNUM_LAN,VSPD_LIM,VALIGN,VPROFILE,VPAVETYP,VSURCOND,VTRAFCON,VTCONT_F,P_CRASH1,P_CRASH2,P_CRASH3,PCRASH4,PCRASH5,ACC_TYPE,DEATHS,DR_DRINK
28,280293,1,1,1,29,8,13,13,34,0,1,0,28,1,52,37,52037,2,2000,4A3AC84L6YE1,4,A,3,A,C,8,4,L,6,Y,E,1,0,P,MITS,ECG,2H,0,17,3120,,0,1008,,G,,F,6,181,,,17R215,,,,,,0,0,000000000,00000000000,0,0,0,1,0,0,0,0,0,0,0,999,0,0,0,12,6,2,34,0,0,0,1,28,39402,6,1,0,0,3,0,66,178,0,0,0,0,0,0,0,0,0,1,0,0,0,0,1,2,45,1,1,2,2,0,0,1,12,1,1,4,6,1,0
28,280294,1,1,1,29,8,15,42,1,0,1,0,28,2,2,404,2404,14,1992,1J4FJ58S8NL2,1,J,4,F,J,5,8,S,8,N,L,2,0,T,JEEP,LAR,4W,92,17,,1,0,1014,CHK,G,,,6,242,,,,,00000,00,A,44,0,0,000000000,00000000000,0,0,0,1,0,0,0,0,0,0,0,999,0,1,9,0,6,2,1,0,0,0,1,28,39350,6,1,0,0,3,1,69,170,0,0,0,0,0,0,0,0,0,0,0,0,0,0,1,2,55,4,2,2,2,0,0,14,13,1,1,4,1,1,0
28,280295,1,2,1,27,8,12,52,12,6,1,0,28,2,21,441,21441,20,2001,1GHDX13E81D1,1,G,H,D,X,1,3,E,8,1,D,1,0,T,OLDS,LUX,ES,1,17,,1,0,1200,SIL,G,,,6,207,,,,B,3948,00,K,42,0,0,000000000,00000000000,0,0,0,1,0,0,0,0,0,0,0,999,0,0,0,12,6,2,12,0,0,0,1,29,65803,6,1,0,0,3,0,70,185,0,0,0,0,0,0,0,0,0,0,0,0,0,0,2,2,65,1,1,2,1,0,0,1,17,1,1,2,86,0,0
28,280295,2,2,1,27,8,12,52,12,6,1,0,28,1,18,2,18002,4,2005,1G4HP52K85U2,1,G,4,H,P,5,2,K,8,5,U,2,0,P,BUIC,LCF,4D,5,17,3567,,0,1122,,G,,F,6,232,,,15R215,,,,,,0,0,000000000,00000000000,0,0,0,1,0,0,0,0,0,0,0,999,0,0,0,3,6,2,12,0,0,0,1,28,39560,6,1,6,0,3,0,62,200,0,0,0,0,0,0,0,0,0,0,38,39,0,0,2,2,65,1,1,2,1,20,3,1,17,1,1,2,87,1,0
28,280296,1,1,1,1,9,0,4,31,0,1,0,28,2,22,20,22020,2,1997,1G2WP12K3VF2,1,G,2,W,P,1,2,K,3,V,F,2,0,P,PONT,GPG,CP,97,17,3396,,0,1105,,G,,F,6,231,,,16R225,,,,,,0,0,000000000,00000000000,0,0,0,1,0,0,0,0,0,0,0,99,0,0,0,9,6,2,31,0,0,0,1,28,38701,0,0,0,0,0,0,999,999,99,99,99,99,99,99,9999,99,9999,1,58,0,0,0,1,2,45,1,1,2,1,0,0,1,12,1,1,4,6,1,1
28,280297,1,1,2,1,9,1,26,8,0,1,0,28,2,23,401,23401,14,2002,1GKDS13S4223,1,G,K,D,S,1,3,S,4,2,2,3,0,T,GMC,ENV,4W,2,17,,1,0,1130,ENV,G,,,6,256,,,,B,4442,00,K,42,0,0,000000000,00000000000,0,0,0,1,0,0,0,0,0,0,0,15,0,0,0,12,6,2,8,0,0,0,1,28,39046,6,1,0,0,3,0,69,220,0,0,0,0,0,0,0,0,0,0,0,0,0,0,1,2,55,1,3,2,1,0,0,1,80,1,1,2,13,0,0
28,280298,1,1,2,1,9,14,22,34,0,1,0,22,2,49,32,49032,4,2009,1NXBU40E09Z0,1,N,X,B,U,4,0,E,0,9,Z,0,0,P,TOYT,CBL,4D,9,17,2723,,0,1024,,G,,F,4,110,,,15R195,,,,,,0,0,000000000,00000000000,0,0,0,1,0,0,0,0,0,0,0,999,0,0,0,4,6,2,30,0,0,0,1,22,70454,6,1,0,0,3,0,70,180,0,0,0,0,0,0,0,0,0,0,58,0,0,0,2,4,70,1,1,2,2,0,0,1,12,1,1,4,6,1,0
28,280299,1,1,1,1,9,16,14,35,0,1,0,28,2,23,481,23481,31,2008,3GTEK13J48G2,3,G,T,E,K,1,3,J,4,8,G,2,0,T,GMC,SK1,CW,8,17,,2,0,1435,SIE,G,,,8,323,,,,B,5326,00,4,44,0,0,000000000,00000000000,0,0,0,1,0,0,0,0,0,0,0,999,0,0,0,2,6,2,42,0,0,0,1,28,39176,6,1,0,0,3,0,69,160,0,0,0,0,0,0,0,0,0,0,0,0,0,0,1,2,45,4,1,2,1,0,0,14,13,1,1,4,1,1,0
28,280300,1,1,2,2,5,17,53,42,0,1,0,28,2,21,21,21021,4,2003,1G3NL52EX3C1,1,G,3,N,L,5,2,E,X,3,C,1,0,P,OLDS,A/G,4D,3,17,3016,,0,1070,,G,,F,6,207,,,15R215,,,,,,0,0,000000000,00000000000,0,0,0,1,0,0,0,0,0,0,0,55,0,0,0,81,6,2,42,0,0,0,1,28,39656,6,1,0,0,3,0,61,102,0,0,0,1,0,5,2010,5,2010,0,0,0,0,0,1,2,55,4,1,2,2,0,0,14,13,1,1,4,1,1,0
28,280301,1,1,9,10,5,10,0,34,0,1,0,0,0,99,989,99989,51,2011,999999999999,9,9,9,9,9,9,9,9,9,9,9,9,0,,,,,,,,,,,,,,,,,,,,,,,,,0,88,888888888,88888888888,2,21,22,1,0,0,0,0,98,0,0,35,0,1,9,12,6,2,1,0,0,0,1,28,38701,6,1,6,0,3,0,72,220,0,0,0,0,0,0,0,0,0,0,0,0,0,0,1,2,45,4,1,2,1,0,0,14,13,1,1,4,1,2,0
28,280302,1,1,1,15,5,5,3,34,0,1,0,28,1,19,3,19003,4,1998,1G6KD54Y6WU8,1,G,6,K,D,5,4,Y,6,W,U,8,0,P,CADI,DFW,4D,98,17,4012,,0,1138,,G,,F,8,279,,,16R225,,,,,,0,0,000000000,00000000000,0,0,0,1,0,0,0,0,0,0,0,998,0,0,0,12,6,2,43,0,0,0,1,28,38703,6,1,0,0,3,0,72,170,0,0,0,1,0,10,2010,10,2010,0,0,0,0,0,1,2,35,1,1,2,1,0,0,1,12,1,1,4,9,1,0
28,280303,1,2,7,18,5,10,27,12,1,1,0,28,1,22,441,22441,20,2004,1GMDX03EX4D2,1,G,M,D,X,0,3,E,X,4,D,2,0,T,PONT,MON,ES,4,17,,1,0,1200,MON,G,,,6,207,,,,B,3942,00,K,42,0,0,000000000,00000000000,0,0,0,1,0,0,0,0,0,0,0,998,0,0,0,12,6,2,12,0,0,0,1,28,38652,6,1,0,0,3,1,69,125,0,0,0,0,0,0,0,0,0,0,26,0,0,0,2,4,70,1,2,2,1,0,0,1,51,1,1,2,24,1,0
28,280303,2,2,1,18,5,10,27,12,1,1,0,28,3,86,884,86884,66,1998,1M2P267CXWM0,1,M,2,P,2,6,7,C,X,W,M,0,1,T,MACK,RD6,CC,98,17,,8,0,0,600,D,,,6,728,,,,,00000,00,,64,1,56,0078155,560078155,3,19,4,1,0,0,0,0,0,0,0,998,0,0,0,6,2,8,12,0,0,0,1,28,38672,6,1,6,0,3,0,73,235,0,0,0,0,0,0,0,0,0,0,0,0,0,0,2,4,70,1,2,2,1,0,0,11,15,1,1,2,26,0,0
28,280304,1,2,1,19,5,2,56,12,6,1,0,28,1,55,401,55401,14,2003,KM8SC13DX3U4,K,M,8,S,C,1,3,D,X,3,U,4,0,P,HYUN,SAN,UT,3,17,3549,,0,1031,,G,,F,6,162,,,16R225,,,,,,0,0,000000000,00000000000,0,0,0,1,0,0,0,0,0,0,0,55,0,0,0,12,6,2,12,0,0,0,1,28,38655,6,1,0,0,3,1,71,215,0,0,0,0,0,0,0,0,0,0,0,0,0,0,2,4,55,1,1,2,1,3,3,1,67,1,1,2,83,0,0
28,280304,2,2,1,19,5,2,56,12,6,1,0,28,2,12,3,12003,2,1999,1FAFP42X8XF1,1,F,A,F,P,4,2,X,8,X,F,1,0,P,FORD,MGT,CP,99,17,3273,,0,1013,,G,,F,8,281,,,16R225,,,,,,0,0,000000000,00000000000,0,0,0,1,0,0,0,0,0,0,0,10,0,0,0,9,6,2,12,0,0,0,1,28,38965,6,1,0,0,3,1,66,120,0,0,0,0,0,0,0,0,0,0,38,39,0,0,2,4,55,1,1,2,1,3,3,11,15,1,1,3,82,1,0
28,280305,1,1,1,11,6,19,40,34,0,1,0,28,2,35,39,35039,4,2004,1N4BA41E74C9,1,N,4,B,A,4,1,E,7,4,C,9,0,P,NISS,MEL,4D,4,17,3310,,0,1112,,G,,F,6,214,,,17R225,,,,,,0,0,000000000,00000000000,0,0,0,1,0,0,0,0,0,0,0,998,0,0,0,12,6,2,42,0,0,0,1,28,39421,6,1,0,0,3,0,72,256,0,0,0,0,0,0,0,0,0,0,0,0,0,0,1,2,45,4,2,2,1,0,0,14,13,1,1,4,4,1,1
28,280306,1,2,1,12,6,14,35,12,6,1,0,28,2,22,441,22441,20,2000,1GMDX03E2YD1,1,G,M,D,X,0,3,E,2,Y,D,1,0,T,PONT,MON,ES,0,17,,1,0,1200,MON,G,,,6,207,,,,B,3942,00,K,42,0,0,000000000,00000000000,0,0,0,1,0,0,0,0,0,0,0,45,0,0,0,12,6,2,12,0,0,0,1,28,38663,1,1,0,0,2,0,71,200,0,1,1,0,0,1,2012,5,2012,0,0,0,0,0,3,4,55,1,1,2,1,3,3,1,62,1,1,2,69,0,0
28,280306,2,2,2,12,6,14,35,12,6,1,0,28,1,21,441,21441,20,1998,1GHDX03EXWD3,1,G,H,D,X,0,3,E,X,W,D,3,0,T,OLDS,SIL,ES,98,17,,1,0,1200,SIL,G,,,6,207,,,,B,3801,00,K,42,0,0,000000000,00000000000,0,0,0,1,0,0,0,0,0,0,0,5,0,0,0,2,6,2,12,0,0,0,1,28,38654,6,1,0,0,3,1,64,400,0,0,0,0,0,0,0,0,0,0,38,39,0,0,3,4,55,1,1,2,1,3,3,11,15,1,1,2,68,1,0
28,280307,1,1,1,17,6,9,6,42,0,1,0,28,1,73,709,73709,80,2006,JKAZX4J156A0,J,K,A,Z,X,4,J,1,5,6,A,0,0,M,KAWK,ZXJ,RC,6,17,,,,,,,600,,4,,4,377,,,,,,,0,0,000000000,00000000000,0,0,0,1,0,0,0,0,0,0,0,999,0,0,0,12,6,2,42,0,0,0,1,28,39503,6,1,6,0,3,0,71,200,0,0,0,0,0,0,0,0,0,1,0,0,0,0,1,2,55,1,1,2,1,0,0,1,13,1,1,4,1,1,1
28,280308,1,1,1,14,7,15,0,35,0,1,0,28,1,2,404,2404,14,2001,1J4FT58S21L6,1,J,4,F,T,5,8,S,2,1,L,6,0,T,JEEP,LCL,4W,1,17,,1,0,1014,CHK,G,,,6,244,,,,,3084,00,E,42,0,0,000000000,00000000000,0,0,0,1,0,0,0,0,0,0,0,65,0,1,9,11,6,2,35,0,0,0,1,28,38655,6,1,6,0,3,1,69,197,0,0,0,0,0,0,0,0,0,1,0,0,0,0,2,4,65,1,3,2,2,0,0,1,13,1,1,4,1,1,0
28,280309,1,2,2,29,6,21,18,12,6,1,0,28,1,12,401,12401,14,2012,1FMHK7F97CGA,1,F,M,H,K,7,F,9,7,C,G,A,0,P,FORD,EPR,UT,12,17,4578,,0,1126,,G,,T,4,122,,,20R255,,,,,,0,0,000000000,00000000000,0,0,0,1,0,0,0,0,0,0,0,999,0,0,0,1,6,2,12,0,0,0,1,28,38902,6,1,6,0,3,0,69,320,0,0,0,0,0,0,0,0,0,0,38,39,0,0,1,2,55,1,1,2,1,0,0,1,15,1,1,2,88,1,0
28,280309,2,2,1,29,6,21,18,12,6,1,0,28,1,23,481,23481,31,2009,2GTEC3905911,2,G,T,E,C,3,9,0,5,9,1,1,0,T,GMC,2NC,4C,9,17,,2,1575,1339,SIE,F,,,8,323,,,,B,4986,02,4,42,0,0,000000000,00000000000,0,0,0,1,0,0,0,0,0,0,0,55,0,0,0,10,6,2,12,0,0,0,1,28,38901,6,1,0,0,3,0,67,175,0,0,0,0,0,0,0,0,0,0,0,0,0,0,1,2,55,1,1,2,1,20,3,1,55,1,1,2,89,0,0
28,280310,1,1,1,19,8,12,32,21,0,1,0,28,2,49,482,49482,31,2010,5TFUW5F18AX1,5,T,F,U,W,5,F,1,8,A,X,1,0,T,TOYT,DBS,CW,10,17,,2,0,1457,TUN,F,,,8,348,,,,B,5460,00,7,44,0,0,000000000,00000000000,0,0,0,1,0,0,0,0,0,0,0,999,0,0,0,12,6,2,21,0,0,0,1,28,38748,6,1,0,0,3,0,72,250,0,0,0,0,0,0,0,0,0,0,0,0,0,0,1,2,45,2,2,2,1,0,0,14,13,1,9,4,5,1,0
28,280311,1,2,1,1,9,9,11,12,6,1,0,28,1,18,7,18007,4,1993,3G4AH55NXPS6,3,G,4,A,H,5,5,N,X,P,S,6,0,P,BUIC,CCU,4D,93,17,2824,,0,1047,,G,,F,6,204,,,14R185,,,,,,0,0,000000000,00000000000,0,0,0,1,0,0,0,0,0,0,0,65,0,0,0,9,6,2,12,0,0,0,1,28,39483,6,1,0,0,3,1,61,100,0,0,0,0,0,0,0,0,0,0,0,0,0,0,2,2,65,1,1,2,1,0,0,1,55,1,1,2,89,1,0
28,280311,2,2,3,1,9,9,11,12,6,1,0,28,2,2,498,2498,14,2009,1J4FA54119L7,1,J,4,F,A,5,4,1,1,9,L,7,0,T,JEEP,SAH,2W,9,17,,1,0,954,WRA,G,,,6,230,,,,,3951,00,E,44,0,0,000000000,00000000000,0,0,0,1,0,0,0,0,0,0,0,5,0,0,0,12,6,2,12,0,0,0,1,28,39483,6,7,0,0,3,0,60,100,0,0,0,0,0,0,0,0,0,0,38,39,0,0,2,2,65,1,1,2,1,21,3,1,17,1,1,3,88,0,0
28,280312,1,2,1,1,9,17,8,12,6,1,0,28,1,7,472,7472,30,1993,1B7FL26X9PS1,1,B,7,F,L,2,6,X,9,P,S,1,0,T,DODG,DAK,PK,93,17,,1,1239,1119,DAK,G,,,6,239,,,,B,2885,01,A,42,0,0,000000000,00000000000,0,0,0,1,0,0,0,0,0,0,0,55,0,0,0,12,6,2,12,0,0,0,1,28,38922,6,1,0,0,3,0,70,125,0,0,0,0,0,0,0,0,0,0,27,0,0,0,1,2,55,1,1,2,1,0,0,6,51,1,1,2,73,1,0
28,280312,2,2,1,1,9,17,8,12,6,1,0,28,1,20,481,20481,31,1988,1GCDC14K4JZ2,1,G,C,D,C,1,4,K,4,J,Z,2,0,T,CHEV,GC1,PK,88,17,,1,1315,1175,GM4,G,,,8,350,,,,B,3655,01,,42,0,0,000000000,00000000000,0,0,0,1,0,0,0,0,0,0,0,30,0,0,0,11,6,2,12,0,0,0,1,28,38922,6,1,6,0,3,0,70,180,0,0,0,0,0,0,0,0,0,0,0,0,0,0,1,2,55,1,1,2,1,0,0,11,15,1,1,2,72,0,0
28,280313,1,1,3,1,9,17,57,42,0,1,0,28,2,52,37,52037,1,1996,4A3AX35G1TE3,4,A,3,A,X,3,5,G,1,T,E,3,0,P,MITS,SGS,CV,96,17,2833,,0,988,,G,,F,4,143,,,14R195,,,,,,0,0,000000000,00000000000,0,0,0,1,0,0,0,0,0,0,0,90,0,0,0,81,6,2,42,0,0,0,1,28,39145,1,1,0,0,2,1,66,155,0,1,1,0,0,7,2010,4,2011,1,0,0,0,0,2,4,70,1,1,2,1,0,0,1,12,1,1,4,6,2,1
28,280314,1,1,1,2,9,18,47,42,0,1,0,28,2,49,404,49404,14,2007,JTEBU11F0700,J,T,E,B,U,1,1,F,0,7,0,0,0,P,TOYT,FJC,UT,7,17,4290,,0,1063,,G,,F,6,244,,,17R265,,,,,,0,0,000000000,00000000000,0,0,0,1,0,0,0,0,0,0,0,999,0,9,6,12,6,2,1,0,0,0,1,28,38668,6,1,0,0,3,0,69,200,0,0,0,0,0,0,0,0,0,1,0,0,0,0,1,2,45,1,1,2,1,0,0,1,13,1,1,4,1,1,1
28,280315,1,1,2,25,8,22,20,1,0,1,0,0,0,12,2,12002,4,1968,999999999999,9,9,9,9,9,9,9,9,9,9,9,9,0,,,,,,,,,,,,,,,,,,,,,,,,,0,0,000000000,00000000000,0,0,0,1,0,0,0,0,0,0,0,999,0,1,9,0,6,2,1,0,0,0,1,28,39090,6,1,6,0,3,0,68,191,0,0,0,1,0,11,2010,11,2010,1,0,0,0,0,1,2,98,1,1,2,1,0,0,1,13,1,1,4,1,2,1
28,280316,1,1,1,4,9,12,25,35,0,1,0,22,1,12,481,12481,31,2008,1FTPW12V18FB,1,F,T,P,W,1,2,V,1,8,F,B,0,T,FORD,F1S,CW,8,17,,2,1500,1390,COF,F,,,8,329,,,,B,5025,02,E,42,0,0,000000000,00000000000,0,0,0,1,0,0,0,0,0,0,0,999,0,0,0,11,6,2,42,0,0,0,1,22,70002,6,1,0,0,3,0,68,180,0,0,0,0,0,0,0,0,0,0,0,0,0,0,2,4,70,1,1,1,1,0,0,1,12,1,1,4,6,1,0
28,280317,1,1,2,5,9,13,44,30,0,1,0,28,2,12,3,12003,2,2002,1FAFP40432F1,1,F,A,F,P,4,0,4,3,2,F,1,0,P,FORD,MUS,CP,2,17,3066,,0,1013,,G,,F,6,232,,,16R225,,,,,,0,0,000000000,00000000000,0,0,0,1,0,0,0,0,0,0,0,65,0,0,0,3,6,2,30,0,0,0,1,28,38834,0,0,0,0,0,0,999,999,99,99,99,99,99,99,9999,99,9999,0,58,0,0,0,2,4,55,1,2,2,1,0,0,1,13,1,1,4,1,2,0
28,280318,1,2,2,3,9,20,11,12,1,1,0,28,1,20,471,20471,30,1986,1GCBS14E1G81,1,G,C,B,S,1,4,E,1,G,8,1,0,T,CHEV,S14,PK,86,17,,1,1229,1083,S,G,,,4,151,,,,B,2307,02,,42,0,0,000000000,00000000000,0,0,0,1,0,0,0,0,0,0,0,999,0,0,0,6,6,2,12,0,0,0,1,28,38610,6,1,6,0,3,0,71,200,0,0,0,0,0,0,0,0,0,0,0,0,0,0,1,2,55,1,1,2,1,0,0,2,18,1,1,2,29,1,0
28,280318,2,2,1,3,9,20,11,12,1,1,0,28,3,87,884,87884,66,2008,1XPHD49X18N7,1,X,P,H,D,4,9,X,1,8,N,7,1,T,PTRB,386,TR,8,17,,8,0,0,CON,D,,,6,915,,,,,00000,00,,64,1,57,257357,57257357,3,19,1,1,0,0,0,0,0,0,0,999,0,0,0,12,6,2,12,0,0,0,1,28,38610,6,1,6,0,3,0,72,225,0,0,0,0,0,0,0,0,0,0,0,0,0,0,1,2,55,1,1,2,1,0,0,1,51,1,1,2,28,0,0
28,280319,1,2,1,5,9,8,9,12,6,1,0,28,1,12,422,12422,15,2006,1FMPU17576LA,1,F,M,P,U,1,7,5,7,6,L,A,0,P,FORD,EPT,UT,6,17,5353,,0,1190,,G,,F,8,329,,,17R265,,,,,,0,0,000000000,00000000000,0,0,0,1,0,0,0,0,0,0,0,45,0,0,0,11,6,2,12,0,0,0,1,28,38843,6,1,0,0,3,1,68,170,0,0,0,0,0,0,0,0,0,0,0,0,0,0,1,2,55,4,1,2,1,0,0,14,78,1,1,2,44,0,0
28,280319,2,2,1,5,9,8,9,12,6,1,0,28,1,35,50,35050,4,2012,3N1BC1CP1CK2,3,N,1,B,C,1,C,P,1,C,K,2,0,P,NISS,VSL,4H,12,17,2693,,0,1024,,G,,F,4,110,,,15R185,,,,,,0,0,000000000,00000000000,0,0,0,1,0,0,0,0,0,0,0,999,0,0,0,9,6,2,12,0,0,0,1,28,38843,6,1,0,0,3,0,75,200,0,0,0,0,0,0,0,0,0,0,38,0,0,0,1,2,55,4,1,2,1,0,0,14,11,1,1,3,45,1,0
28,280320,1,2,3,5,9,13,36,12,2,1,0,28,2,7,472,7472,30,1992,1B7FL23X8NS6,1,B,7,F,L,2,3,X,8,N,S,6,0,T,DODG,DAK,PC,92,17,,1,0,1309,DAK,G,,,6,239,,,,B,3187,01,A,42,0,0,000000000,00000000000,0,0,0,1,0,0,0,0,0,0,0,998,0,0,0,12,6,2,12,0,0,0,1,28,39705,6,2,0,0,3,1,65,130,0,0,0,0,0,0,0,0,0,0,58,0,0,0,1,2,45,1,1,2,1,0,0,1,11,1,1,2,50,0,0
28,280320,2,2,1,5,9,13,36,12,2,1,0,28,1,49,40,49040,4,2006,4T1BE30KX6U1,4,T,1,B,E,3,0,K,X,6,U,1,0,P,TOYT,UXS,4D,6,17,3108,,0,1071,,G,,F,4,144,,,15R205,,,,,,0,0,000000000,00000000000,0,0,0,1,0,0,0,0,0,0,0,998,0,0,0,12,6,2,12,0,0,0,1,28,39740,6,1,0,0,3,0,65,120,0,0,0,0,0,0,0,0,0,0,0,0,0,0,1,2,45,1,1,2,1,0,0,1,62,1,1,2,51,1,0
28,280321,1,2,1,5,9,18,52,12,2,1,0,28,2,12,481,12481,31,2005,1FTRX04W65KB,1,F,T,R,X,0,4,W,6,5,K,B,0,T,FORD,F15,4C,5,17,,2,1450,1260,COF,G,,,8,281,,,,B,5363,01,U,44,0,0,000000000,00000000000,0,0,0,1,0,0,0,0,0,0,0,60,0,0,0,12,6,2,12,0,0,0,1,28,39476,6,1,0,0,3,0,70,150,0,0,0,0,0,0,0,0,0,0,0,0,0,0,1,2,55,2,1,2,1,0,0,14,63,1,1,2,51,0,0
28,280321,2,2,1,5,9,18,52,12,2,1,0,28,3,20,401,20401,14,2002,1GCCS1453282,1,G,C,C,S,1,4,5,3,2,8,2,0,T,CHEV,S14,PK,2,17,,1,0,1083,S,F,,,4,133,,,,B,3016,00,,42,0,0,000000000,00000000000,0,0,0,1,0,0,0,0,0,0,0,999,0,0,0,12,6,2,12,0,0,0,1,28,39476,6,1,0,0,3,0,67,180,0,0,0,0,0,0,0,0,0,0,28,0,0,0,1,2,55,2,1,2,1,0,0,14,11,1,1,2,50,1,0
28,280322,1,2,2,6,9,4,22,12,2,1,0,0,0,49,40,49040,4,2005,999999999999,9,9,9,9,9,9,9,9,9,9,9,9,0,,,,,,,,,,,,,,,,,,,,,,,,,0,0,000000000,00000000000,0,0,0,1,0,0,0,0,0,0,0,50,0,0,0,12,6,2,12,0,0,0,1,22,71342,6,1,0,0,3,0,66,220,0,0,0,0,0,0,0,0,0,0,0,0,0,0,1,2,55,1,1,2,1,0,0,1,62,1,1,2,50,0,0
28,280322,2,2,1,6,9,4,22,12,2,1,0,28,1,22,2,22002,4,2000,1G2HX54K1Y41,1,G,2,H,X,5,4,K,1,Y,4,1,0,P,PONT,BVS,4D,0,17,3633,,0,1122,,G,,F,6,231,,,16R225,,,,,,0,0,000000000,00000000000,0,0,0,1,0,0,0,0,0,0,0,999,0,0,0,12,6,2,12,0,0,0,1,28,39630,6,1,0,0,3,0,62,180,0,0,0,0,0,0,0,0,0,0,0,0,0,0,1,2,55,1,1,2,1,0,0,1,10,1,1,2,51,1,0
28,280323,1,2,2,7,9,14,3,12,6,1,0,28,1,20,39,20039,4,2011,KL1TG5DE5BB1,K,L,1,T,G,5,D,E,5,B,B,1,0,P,CHEV,LTA,4D,11,17,2568,,0,976,,G,,F,4,098,,,15R185,,,,,,0,0,000000000,00000000000,0,0,0,1,0,0,0,0,0,0,0,999,0,0,0,1,6,2,12,0,0,0,1,28,39073,6,1,0,0,3,0,67,150,0,0,0,0,0,0,0,0,0,0,0,0,0,0,1,2,55,1,1,2,1,0,0,1,62,1,1,3,65,1,0
28,280323,2,2,1,7,9,14,3,12,6,1,0,28,1,54,38,54038,3,2003,JH4DC54803C0,J,H,4,D,C,5,4,8,0,3,C,0,0,P,ACUR,RSX,2H,3,17,2771,,0,1012,,G,,F,4,122,,,16R205,,,,,,0,0,000000000,00000000000,0,0,0,1,0,0,0,0,0,0,0,999,0,0,0,11,6,2,12,0,0,0,1,28,39051,6,1,0,0,3,0,69,125,0,0,0,0,0,0,0,0,0,0,28,0,0,0,1,2,55,1,1,2,1,0,0,1,10,1,1,2,64,0,0
28,280324,1,2,1,7,9,16,40,12,2,1,0,28,1,6,441,6441,20,2010,2A4RR5D1XAR4,2,A,4,R,R,5,D,1,X,A,R,4,0,P,CHRY,TWC,SV,10,17,4507,,0,1212,,G,,F,6,232,,,16R225,,,,,,0,0,000000000,00000000000,0,0,0,1,0,0,0,0,0,0,0,999,0,0,0,12,6,2,12,0,0,0,1,28,39350,6,1,0,0,3,0,63,180,0,0,0,0,0,0,0,0,0,0,0,0,0,0,1,2,55,1,1,2,1,0,0,1,62,1,1,2,50,1,0
28,280324,2,2,1,7,9,16,40,12,2,1,0,28,2,35,471,35471,30,1996,1N6SD11S1TC3,1,N,6,S,D,1,1,S,1,T,C,3,0,T,NISS,XES,PK,96,17,,1,0,1043,TRK,G,,,4,146,,,,B,00000,00,M,42,0,0,000000000,00000000000,0,0,0,1,0,0,0,0,0,0,0,999,0,0,0,12,6,2,12,0,0,0,1,28,39437,6,1,0,0,3,1,70,150,0,0,0,0,0,0,0,0,0,0,28,0,0,0,1,2,55,1,1,2,1,0,0,1,10,1,1,2,51,1,0
28,280325,1,1,1,8,9,4,28,34,0,1,0,28,1,20,481,20481,31,1997,2GCEC19M2V11,2,G,C,E,C,1,9,M,2,V,1,1,0,T,CHEV,GC1,PC,97,17,,2,1555,1415,GM4,G,,,8,305,,,,B,4160,00,,42,0,0,000000000,00000000000,0,0,0,1,0,0,0,0,0,0,0,999,0,0,0,12,6,2,42,0,0,0,1,28,39307,6,1,0,0,3,0,67,143,0,0,0,0,0,0,0,0,0,0,0,0,0,0,1,2,45,1,2,2,1,0,0,1,13,1,1,4,1,1,0
28,280326,1,1,1,8,9,4,56,42,0,1,0,28,1,14,6,14006,4,1997,2MELM75W5VX7,2,M,E,L,M,7,5,W,5,V,X,7,0,P,MERC,MGL,4D,97,17,3796,,0,1144,,G,,F,8,281,,,15R215,,,,,,0,0,000000000,00000000000,0,0,0,1,0,0,0,0,0,0,0,999,0,0,0,81,6,2,42,0,0,0,1,28,39745,6,1,0,0,3,0,66,200,0,0,0,0,0,0,0,0,0,0,0,0,0,0,1,2,55,1,1,2,1,0,0,1,10,1,1,4,6,1,1
28,280327,1,1,1,10,9,11,40,43,0,1,0,20,1,72,709,72709,80,2007,1HD1BW5177Y0,1,H,D,1,B,W,5,1,7,7,Y,0,0,M,HD,STC,RS,7,17,,,,,,,1584,,2,,4,725,,,,,,,0,0,000000000,00000000000,0,0,0,1,0,0,0,0,0,0,0,999,0,0,0,12,6,2,43,0,0,0,1,20,67901,6,1,0,0,3,0,70,155,0,0,0,0,0,0,0,0,0,1,0,0,0,0,2,4,65,1,1,2,1,0,0,1,13,1,1,4,1,1,0