STATE,ST_CASE,VEH_NO,VE_FORMS,NUMOCCS,DAY,MONTH,HOUR,MINUTE,HARM_EV,MAN_COLL,UNITTYPE,HIT_RUN,REG_STAT,OWNER,MAKE,MODEL,MAK_MOD,BODY_TYP,MOD_YEAR,VIN,VIN_1,VIN_2,VIN_3,VIN_4,VIN_5,VIN_6,VIN_7,VIN_8,VIN_9,VIN_10,VIN_11,VIN_12,TOW_VEH,VINTYPE,VINMAKE,VINA_MOD,VIN_BT,VINMODYR,VIN_LNGT,VIN_WGT,WGTCD_TR,WHLBS_LG,WHLBS_SH,SER_TR,FUELCODE,MCYCL_DS,CARBUR,CYLINDER,DISPLACE,MCYCL_CY,MCYCL_WT,TIRE_SZE,TON_RAT,TRK_WT,TRKWTVAR,VIN_REST,WHLDRWHL,J_KNIFE,MCARR_I1,MCARR_I2,MCARR_ID,GVWR,V_CONFIG,CARGO_BT,HAZ_INV,HAZ_PLAC,HAZ_ID,HAZ_CNO,HAZ_REL,BUS_USE,SPEC_USE,EMER_USE,TRAV_SP,UNDERIDE,ROLLOVER,ROLINLOC,IMPACT1,DEFORMED,TOWED,M_HARM,VEH_SC1,VEH_SC2,FIRE_EXP,DR_PRES,L_STATE,DR_ZIP,L_STATUS,L_TYPE,CDL_STAT,L_ENDORS,L_COMPL,L_RESTRI,DR_HGT,DR_WGT,PREV_ACC,PREV_SUS,PREV_DWI,PREV_SPD,PREV_OTH,FIRST_MO,FIRST_YR,LAST_MO,LAST_YR,SPEEDREL,DR_SF1,DR_SF2,DR_SF3,DR_SF4,VTRAFWAY,VNUM_LAN,VSPD_LIM,VALIGN,VPROFILE,VPAVETYP,VSURCOND,VTRAFCON,VTCONT_F,P_CRASH1,P_CRASH2,P_CRASH3,PCRASH4,PCRASH5,ACC_TYPE,DEATHS,DR_DRINK
28,280367,2,2,1,1,10,20,41,12,2,1,0,28,2,59,34,59034,4,2003,JTHBF30G0360,J,T,H,B,F,3,0,G,0,3,6,0,0,P,LEXS,ES3,4D,3,17,3439,,0,1071,,G,,F,6,183,,,16R215,,,,,,0,0,000000000,00000000000,0,0,0,1,0,0,0,0,0,0,0,999,0,0,0,12,6,2,12,0,0,0,1,28,39402,1,1,0,0,2,0,69,135,0,1,1,0,1,6,2012,10,2012,0,0,0,0,0,1,2,55,1,2,2,2,0,0,1,10,1,1,3,50,0,1
28,280368,1,1,2,2,10,21,50,8,0,1,0,28,2,49,40,49040,4,1996,4T1BG12K0TU8,4,T,1,B,G,1,2,K,0,T,U,8,0,P,TOYT,DLX,4D,96,17,2932,,0,1031,,G,,F,4,132,,,14R195,,,,,,0,0,000000000,00000000000,0,0,0,1,0,0,0,0,0,0,0,40,0,0,0,12,6,2,8,0,0,0,1,28,39563,6,1,6,0,3,0,67,155,0,0,0,0,0,0,0,0,0,0,0,0,0,0,2,4,45,1,1,2,1,0,0,1,80,1,1,2,13,0,0
28,280369,1,1,1,4,10,5,40,35,0,1,0,28,1,49,498,49498,30,1998,4TAWN72N7WZ1,4,T,A,W,N,7,2,N,7,W,Z,1,0,T,TOYT,XTR,PK,98,17,,1,0,1219,TAC,G,,,6,206,,,,B,3411,00,U,44,0,0,000000000,00000000000,0,0,0,1,0,0,0,0,0,0,0,999,0,1,9,12,6,2,1,0,0,0,1,28,39047,6,1,0,0,3,0,69,145,0,1,1,0,0,5,2011,7,2012,1,0,0,0,0,1,2,35,1,1,2,1,0,0,1,12,1,1,4,10,1,1
28,280370,1,1,1,5,10,0,19,34,0,1,0,28,1,20,37,20037,4,2004,1G1ZU54874F1,1,G,1,Z,U,5,4,8,7,4,F,1,0,P,CHEV,MLT,4D,4,17,3315,,0,1063,,G,,F,6,214,,,16R215,,,,,,0,0,000000000,00000000000,0,0,0,1,0,0,0,0,0,0,0,999,0,1,9,12,6,2,1,0,0,0,1,28,39113,6,1,6,0,3,0,64,230,0,0,0,0,0,0,0,0,0,0,0,0,0,0,1,2,40,1,1,4,1,0,0,1,13,1,1,4,5,1,0
28,280371,1,1,1,5,10,19,50,1,0,1,0,22,2,18,401,18401,14,2005,3G5DB03E15S5,3,G,5,D,B,0,3,E,1,5,S,5,0,P,BUIC,RZV,UT,5,17,4272,,0,1122,,G,,F,6,207,,,16R215,,,,,,0,0,000000000,00000000000,0,0,0,1,0,0,0,0,0,0,0,999,0,1,9,0,6,2,1,0,0,0,1,28,38701,6,1,0,0,3,0,64,125,0,0,0,0,0,0,0,0,0,0,58,0,0,0,2,4,65,1,1,2,1,0,0,1,13,1,1,4,5,1,1
28,280372,1,1,2,5,10,21,19,1,0,1,0,28,1,20,471,20471,30,2004,2GCEC13T2413,2,G,C,E,C,1,3,T,2,4,1,3,0,T,CHEV,SC1,CW,4,17,,2,0,1435,SIL,G,,,8,323,,,,B,4946,00,,42,0,0,000000000,00000000000,0,0,0,1,0,0,0,0,0,0,0,75,0,1,9,0,6,2,1,0,0,0,1,28,39365,6,1,0,0,3,0,70,160,0,0,0,0,0,0,0,0,0,0,0,0,0,0,1,2,55,4,2,2,1,0,0,14,13,1,1,5,5,1,0
28,280373,1,1,1,5,10,23,51,9,0,1,0,28,2,19,17,19017,4,1998,W06VR52R2WR0,W,0,6,V,R,5,2,R,2,W,R,0,0,P,CADI,CTR,4D,98,17,3658,,0,1074,,G,,F,6,181,,,16R225,,,,,,0,0,000000000,00000000000,0,0,0,1,0,0,0,0,0,0,0,999,0,0,0,12,6,2,9,0,0,0,1,5,71603,6,1,0,0,3,0,70,200,0,0,0,0,0,0,0,0,0,0,0,0,0,0,1,2,30,1,1,2,1,0,0,1,80,1,1,2,13,0,0
28,280374,1,2,2,7,10,19,30,12,6,1,0,28,1,20,471,20471,30,2003,1GCEC14X3321,1,G,C,E,C,1,4,X,3,3,2,1,0,T,CHEV,SC1,PK,3,17,,2,1330,1190,SIL,G,,,6,262,,,,B,4073,00,,42,0,0,000000000,00000000000,0,0,0,1,0,0,0,0,0,0,0,50,0,0,0,12,6,2,12,0,0,0,1,28,38756,6,1,6,0,3,0,68,250,0,0,0,0,0,0,0,0,0,0,0,0,0,0,1,2,55,1,1,2,1,20,3,1,55,1,1,2,88,0,0
28,280374,2,2,2,7,10,19,30,12,6,1,0,28,2,20,2,20002,4,2012,2G1WG5E34C12,2,G,1,W,G,5,E,3,4,C,1,2,0,P,CHEV,IMT,4D,12,17,3555,,0,1105,,F,,F,6,220,,,17R225,,,,,,0,0,000000000,00000000000,0,0,0,1,0,0,0,0,0,0,0,999,0,0,0,11,6,2,12,0,0,0,1,28,39159,6,1,0,0,3,0,67,174,0,0,0,0,0,0,0,0,0,0,38,39,0,0,1,2,35,1,1,2,1,20,3,1,17,1,1,2,89,1,0
28,280375,1,1,1,8,10,7,51,42,0,1,0,28,1,12,422,12422,15,2003,1FMZU63K53ZA,1,F,M,Z,U,6,3,K,5,3,Z,A,0,P,FORD,EPR,UT,3,17,4094,,0,1137,,F,,F,6,245,,,16R235,,,,,,0,0,000000000,00000000000,0,0,0,1,0,0,0,0,0,0,0,999,0,0,0,12,6,2,42,0,0,0,1,28,39437,6,1,0,0,3,1,70,360,0,0,0,0,0,0,0,0,0,0,0,0,0,0,2,4,70,1,2,2,1,0,0,1,13,1,1,5,1,1,0
28,280376,1,2,1,8,10,15,22,12,6,1,0,28,1,7,25,7025,5,2012,1C3CDWDA1CD5,1,C,3,C,D,W,D,A,1,C,D,5,0,P,DODG,CXT,4D,12,17,3012,,0,1037,,G,,F,4,122,,,18R215,,,,,,0,0,000000000,00000000000,0,0,0,1,0,0,0,0,0,0,0,50,0,0,0,12,6,2,12,0,0,0,1,28,39095,6,1,0,0,3,0,67,195,0,0,0,0,0,0,0,0,0,0,0,0,0,0,2,4,55,1,1,2,1,0,0,1,62,1,1,3,65,0,0
28,280376,2,2,2,8,10,15,22,12,6,1,0,28,1,20,16,20016,2,1999,1G1JC124XX71,1,G,1,J,C,1,2,4,X,X,7,1,0,P,CHEV,C/S,CP,99,17,2617,,0,1041,,G,,F,4,133,,,14R195,,,,,,0,0,000000000,00000000000,0,0,0,1,0,0,0,0,0,0,0,999,0,0,0,9,6,2,12,0,0,0,1,28,39095,6,1,0,0,3,0,75,230,0,0,0,0,0,0,0,0,0,0,39,0,0,0,2,4,55,1,1,2,1,0,0,1,10,1,1,3,64,1,0
28,280377,1,2,3,8,10,18,59,12,8,1,0,28,1,20,401,20401,14,2002,1GNDS13S2223,1,G,N,D,S,1,3,S,2,2,2,3,0,P,CHEV,TRL,UT,2,17,4442,,0,1130,,G,,F,6,256,,,16R245,,,,,,0,0,000000000,00000000000,0,0,0,1,0,0,0,0,0,0,0,998,0,0,0,11,6,2,12,0,0,0,1,28,38679,6,1,0,0,3,0,64,106,0,0,0,0,0,0,0,0,0,0,0,0,0,0,1,2,35,1,3,2,1,0,0,1,62,1,1,2,65,0,0
28,280377,2,2,4,8,10,18,59,12,8,1,0,28,1,12,17,12017,4,2001,1FAFP53U41A1,1,F,A,F,P,5,3,U,4,1,A,1,0,P,FORD,TSE,4D,1,17,3354,,0,1085,,G,,F,6,182,,,16R215,,,,,,0,0,000000000,00000000000,0,0,0,1,0,0,0,0,0,0,0,998,0,0,0,9,6,2,12,0,0,0,1,28,38611,6,2,0,0,3,0,68,209,0,0,0,0,0,0,0,0,0,1,0,0,0,0,1,2,35,1,3,2,1,0,0,1,10,1,1,2,64,1,0
28,280378,1,2,1,9,10,16,27,12,6,1,0,28,1,7,24,7024,4,2008,2B3KA43R78H2,2,B,3,K,A,4,3,R,7,8,H,2,0,P,DODG,CHA,4D,8,17,3727,,0,1200,,G,,F,6,165,,,17R215,,,,,,0,0,000000000,00000000000,0,0,0,1,0,0,0,0,0,0,0,999,0,0,0,11,6,2,12,0,0,0,1,28,38639,6,1,0,0,3,0,63,180,0,0,0,0,0,0,0,0,0,0,0,0,0,0,1,2,55,4,1,2,1,0,0,14,62,1,1,3,65,0,0
28,280378,2,2,1,9,10,16,27,12,6,1,0,28,1,12,37,12037,4,2006,1FAFP34N16W1,1,F,A,F,P,3,4,N,1,6,W,1,0,P,FORD,ZX4,4D,6,17,2676,,0,1029,,G,,F,4,122,,,15R195,,,,,,0,0,000000000,00000000000,0,0,0,1,0,0,0,0,0,0,0,999,0,0,0,11,6,2,12,0,0,0,1,28,38921,6,1,0,0,3,0,67,180,0,0,0,0,0,0,0,0,0,0,0,0,0,0,1,2,55,4,1,2,1,0,0,14,10,1,1,3,64,1,0
28,280379,1,1,2,9,10,19,19,8,0,1,0,28,1,20,481,20481,31,1997,2GCEK19R8V12,2,G,C,E,K,1,9,R,8,V,1,2,0,T,CHEV,GK1,PC,97,17,,2,1555,1415,GM4,G,,,8,350,,,,B,4544,00,,44,0,0,000000000,00000000000,0,0,0,1,0,0,0,0,0,0,0,45,0,0,0,11,2,1,8,0,0,0,1,28,39532,6,1,0,0,3,1,76,210,0,0,0,0,0,0,0,0,0,0,0,0,0,0,2,4,45,1,1,2,1,0,0,1,80,1,1,2,13,0,0
28,280380,1,1,1,10,10,7,29,32,0,1,0,28,1,35,48,35048,2,2004,JN1AZ36A04M2,J,N,1,A,Z,3,6,A,0,4,M,2,0,P,NISS,3ZR,CV,4,17,3302,,0,1043,,G,,F,6,214,,,17R225,,,,,,0,0,000000000,00000000000,0,0,0,1,0,0,0,0,0,0,0,999,0,0,0,12,6,2,42,0,0,0,1,28,39532,6,1,0,0,3,0,72,250,0,0,0,0,0,0,0,0,0,1,0,0,0,0,1,2,35,4,1,2,1,0,0,14,13,1,1,5,1,1,1
28,280381,1,1,1,11,10,14,54,1,0,1,0,28,1,12,481,12481,31,1995,1FTEF15N1SNA,1,F,T,E,F,1,5,N,1,S,N,A,0,T,FORD,F15,PK,95,17,,2,1330,1170,COF,G,,,8,302,,,,B,00000,00,M,42,0,0,000000000,00000000000,0,0,0,1,0,0,0,0,0,0,0,999,0,1,9,0,6,2,1,0,0,0,1,28,38680,1,1,0,0,2,0,68,155,0,1,1,0,0,9,2010,9,2011,0,58,0,0,0,1,2,45,4,2,2,1,0,0,14,13,1,1,4,5,1,0
28,280382,1,1,1,12,10,18,20,30,0,1,0,39,1,76,709,76709,80,2004,JYARN13E84A0,J,Y,A,R,N,1,3,E,8,4,A,0,0,M,YAMA,YFR,RC,4,17,,,,,,,998,,4,,4,999,,,,,,,0,0,000000000,00000000000,0,0,0,1,0,0,0,0,0,0,0,50,0,0,0,9,6,2,30,0,0,0,1,28,39110,6,1,0,0,3,0,71,180,0,0,0,0,0,0,0,0,0,1,0,0,0,0,2,4,70,2,1,2,1,0,0,14,13,1,1,5,10,1,0
28,280383,1,1,1,12,10,19,56,42,0,1,0,0,0,22,24,22024,4,2009,6G2EC57Y59L1,6,G,2,E,C,5,7,Y,5,9,L,1,0,P,PONT,8GT,4D,9,17,3995,,0,1148,,G,,F,8,366,,,18R245,,,,,,0,0,000000000,00000000000,0,0,0,1,0,0,0,0,0,0,0,65,0,0,0,12,6,2,42,0,0,0,1,28,38732,6,1,0,0,3,0,65,140,0,0,0,0,0,0,0,0,0,0,0,0,0,0,1,2,45,1,1,2,1,0,0,1,13,1,1,5,1,1,0
28,280384,1,2,3,13,10,11,52,12,6,1,0,28,1,18,2,18002,4,2000,1G4HP54K5Y41,1,G,4,H,P,5,4,K,5,Y,4,1,0,P,BUIC,LCF,4D,0,17,3567,,0,1122,,G,,F,6,231,,,15R215,,,,,,0,0,000000000,00000000000,0,0,0,1,0,0,0,0,0,0,0,999,0,0,0,3,6,2,12,0,0,0,1,28,38834,6,1,0,0,3,0,68,160,0,0,0,0,0,0,0,0,0,0,0,0,0,0,2,4,35,1,1,2,1,20,3,11,15,1,1,3,68,2,0
28,280384,2,2,1,13,10,11,52,12,6,1,0,28,3,12,481,12481,31,2001,3FTNW20F71MA,3,F,T,N,W,2,0,F,7,1,M,A,0,T,FORD,F2S,CW,1,17,,2,1724,1562,SRW,D,,,8,444,,,,C,5487,07,E,42,0,0,000000000,00000000000,0,0,0,1,0,0,0,0,0,0,0,55,0,0,0,12,6,2,12,0,0,0,1,47,37379,6,1,6,0,3,0,72,185,0,0,0,0,0,0,0,0,0,0,38,39,0,0,2,4,35,1,1,2,1,20,3,1,17,1,1,2,69,0,0
28,280385,1,2,1,14,10,0,50,12,6,1,0,28,1,7,402,7402,14,1999,1B4HS28Y0XF6,1,B,4,H,S,2,8,Y,0,X,F,6,0,P,DODG,DUR,UT,99,17,4397,,0,1159,,G,,F,8,318,,,15R235,,,,,,0,0,000000000,00000000000,0,0,0,1,0,0,0,0,0,0,0,999,0,0,0,11,6,2,12,0,0,0,1,28,39735,6,1,0,0,3,0,74,250,0,0,0,0,0,0,0,0,0,0,51,0,0,0,1,2,55,1,2,2,1,0,0,1,10,1,1,2,64,1,1
28,280385,2,2,2,14,10,0,50,12,6,1,0,28,1,20,421,20421,15,1998,1GNEK13RXWJ3,1,G,N,E,K,1,3,R,X,W,J,3,0,P,CHEV,KTA,UT,98,17,4865,,0,1175,,G,,F,8,350,,,16R245,,,,,,0,0,000000000,00000000000,0,0,0,1,0,0,0,0,0,0,0,999,0,0,0,11,6,2,12,0,0,0,1,28,38864,6,1,0,0,3,0,72,205,0,0,0,0,0,0,0,0,0,0,0,0,0,0,1,2,55,1,2,2,1,0,0,1,62,1,1,2,65,1,1
28,280386,1,2,1,15,10,15,54,12,6,1,0,28,1,7,499,7499,30,1999,1B7MC336XXJ5,1,B,7,M,C,3,3,6,X,X,J,5,0,T,DODG,Q35,4C,99,17,,3,0,1547,RPC,D,,,6,359,,,,D,5546,00,U,42,0,0,000000000,00000000000,0,0,0,1,0,0,0,0,0,0,0,10,0,0,0,4,6,2,12,0,0,0,1,28,38635,6,1,0,0,3,0,66,125,0,0,0,0,0,0,0,0,0,0,38,39,0,0,2,4,65,1,1,2,1,20,3,1,17,1,1,2,77,0,0
28,280386,2,2,1,15,10,15,54,12,6,1,0,28,1,73,709,73709,80,2012,JKBZGNC11CA0,J,K,B,Z,G,N,C,1,1,C,A,0,0,M,KAWK,ZC4,RS,12,17,,,,,,,1352,,4,,4,688,,,,,,,0,0,000000000,00000000000,0,0,0,1,0,0,0,0,0,0,0,999,0,0,0,12,6,2,12,0,0,0,1,5,72110,6,1,0,0,3,0,69,155,0,0,0,0,0,0,0,0,0,0,0,0,0,0,2,4,65,1,1,2,1,20,3,11,66,1,1,2,76,1,0
28,280387,1,1,1,16,10,5,16,42,0,1,0,28,1,35,47,35047,4,2008,1N4BL21E08C1,1,N,4,B,L,2,1,E,0,8,C,1,0,P,NISS,ATL,4D,8,17,3175,,0,1093,,G,,F,6,214,,,17R215,,,,,,0,0,000000000,00000000000,0,0,0,1,0,0,0,0,0,0,0,999,0,0,0,12,6,2,42,0,0,0,1,28,39365,6,1,0,0,3,1,66,195,0,0,0,0,0,0,0,0,0,0,0,0,0,0,1,2,55,4,2,2,1,0,0,14,13,1,1,5,5,1,0
28,280388,1,2,2,16,10,19,4,12,6,1,0,5,2,13,5,13005,4,1997,1LNLM81W2VY7,1,L,N,L,M,8,1,W,2,V,Y,7,0,P,LINC,EXC,4D,97,17,4040,,0,1174,,G,,F,8,281,,,15R215,,,,,,0,0,000000000,00000000000,0,0,0,1,0,0,0,0,0,0,0,55,0,0,0,12,6,2,12,0,0,0,1,5,72348,6,1,0,0,3,0,70,165,0,0,0,0,0,0,0,0,0,0,0,0,0,0,2,4,60,1,1,2,1,0,0,1,17,1,1,3,77,0,0
28,280388,2,2,2,16,10,19,4,12,6,1,0,21,1,13,5,13005,4,1993,1LNLM82W2PY6,1,L,N,L,M,8,2,W,2,P,Y,6,0,P,LINC,SJN,4D,93,17,4025,,0,1174,,G,,F,8,281,,,15R215,,,,,,0,0,000000000,00000000000,0,0,0,1,0,0,0,0,0,0,0,999,0,0,0,3,6,2,12,0,0,0,1,21,41042,6,1,0,0,3,0,70,200,0,0,0,0,0,0,0,0,0,0,38,39,0,0,2,4,60,1,1,2,1,20,3,11,15,1,1,2,76,1,0
28,280389,1,2,1,17,10,13,1,12,2,1,0,28,1,18,3,18003,4,2004,1G4CW54K6441,1,G,4,C,W,5,4,K,6,4,4,1,0,P,BUIC,PKA,4D,4,17,3778,,0,1138,,G,,F,6,231,,,16R225,,,,,,0,0,000000000,00000000000,0,0,0,1,0,0,0,0,0,0,0,998,0,0,0,12,6,2,12,0,0,0,1,28,38870,6,1,0,0,3,0,69,160,0,0,0,0,0,0,0,0,0,0,0,0,0,0,1,2,45,1,2,2,1,0,0,1,10,1,1,2,50,1,0
28,280389,2,2,1,17,10,13,1,12,2,1,0,28,1,49,403,49403,14,2013,5TDYK3EH1DS0,5,T,D,Y,K,3,E,H,1,D,S,0,0,P,TOYT,HIG,UT,13,17,4465,,0,0,,G,,F,6,214,,,000000,,,,,,0,0,000000000,00000000000,0,0,0,1,0,0,0,0,0,0,0,998,0,0,0,12,6,2,12,0,0,0,1,28,39730,6,1,0,0,3,1,66,120,0,0,0,0,0,0,0,0,0,0,0,0,0,0,1,2,45,1,2,2,1,0,0,1,62,9,1,2,51,0,0
28,280390,1,1,1,18,10,10,35,34,0,1,0,28,2,21,21,21021,4,2002,1G3NL52F42C3,1,G,3,N,L,5,2,F,4,2,C,3,0,P,OLDS,A/G,4D,2,17,3016,,0,1070,,G,,F,4,134,,,15R215,,,,,,0,0,000000000,00000000000,0,0,0,1,0,0,0,0,0,0,0,999,0,0,0,12,6,2,42,0,0,0,1,28,39180,6,2,0,0,3,0,62,140,0,0,0,0,0,0,0,0,0,0,0,0,0,0,1,2,35,1,1,2,1,0,0,1,12,1,1,4,6,1,0
28,280391,1,1,1,18,10,17,0,42,0,1,0,28,3,19,3,19003,4,1995,1G6DW52P8SR7,1,G,6,D,W,5,2,P,8,S,R,7,0,P,CADI,FLB,4D,95,17,4330,,0,1215,,G,,F,8,350,,,15R235,,,,,,0,0,000000000,00000000000,0,0,0,1,0,0,0,0,0,0,0,999,0,0,0,12,6,2,42,0,0,0,1,28,39146,6,1,0,0,3,1,67,200,0,0,0,0,0,0,0,0,0,0,0,0,0,0,1,2,55,1,3,2,1,0,0,1,12,1,1,4,10,1,0
28,280392,1,1,1,19,10,18,47,8,0,1,0,28,1,12,481,12481,31,2006,1FTRX12W66NA,1,F,T,R,X,1,2,W,6,6,N,A,0,T,FORD,F15,4C,6,17,,2,0,1450,COF,G,,,8,281,,,,B,5065,04,E,42,0,0,000000000,00000000000,0,0,0,1,0,0,0,0,0,0,0,65,0,0,0,1,6,2,8,0,0,0,1,28,39503,6,1,0,0,3,1,70,180,0,0,0,0,0,0,0,0,0,0,0,0,0,0,2,4,65,1,2,2,1,0,0,1,80,1,1,2,13,0,0
28,280393,1,1,2,19,10,23,0,1,0,1,0,28,2,41,471,41471,30,1991,JM2UF6140M01,J,M,2,U,F,6,1,4,0,M,0,1,0,T,MAZD,6CP,PC,91,17,,1,0,1181,B26,G,,,4,156,,,,,00000,00,A,44,0,0,000000000,00000000000,0,0,0,1,0,0,0,0,0,0,0,60,0,1,9,0,6,2,1,0,0,0,1,28,39120,0,0,0,0,0,0,999,999,99,99,99,99,99,99,9999,99,9999,1,0,0,0,0,1,2,35,1,2,4,1,0,0,1,12,1,1,5,5,1,0
28,280394,1,2,1,20,10,2,45,12,2,1,0,28,1,51,884,51884,66,2007,4V4NC9GH57N4,4,V,4,N,C,9,G,H,5,7,N,4,1,T,VOLV,VNL,TR,7,17,,8,0,0,VVN,D,,,6,732,,,,,00000,00,,64,1,56,1836511,561836511,3,6,1,1,0,0,0,0,0,0,0,65,0,0,0,12,6,2,12,0,0,0,1,28,38701,6,1,6,0,3,0,67,190,0,0,0,0,0,0,0,0,0,0,0,0,0,0,2,4,65,1,1,2,1,0,0,1,62,1,1,3,50,0,0
28,280394,2,2,1,20,10,2,45,12,2,1,0,28,1,41,402,41402,14,2005,4F2YZ04195KM,4,F,2,Y,Z,0,4,1,9,5,K,M,0,P,MAZD,TRI,UT,5,17,3322,,0,1031,,G,,F,6,181,,,16R235,,,,,,0,0,000000000,00000000000,0,0,0,1,0,0,0,0,0,0,0,998,0,0,0,12,6,2,12,0,0,0,1,28,39213,6,1,0,0,3,0,62,145,0,0,0,0,0,0,0,0,0,0,51,0,0,0,2,4,65,1,1,2,1,0,0,1,10,1,1,3,51,1,0
28,280395,1,1,1,20,10,6,20,8,0,1,0,28,2,55,401,55401,14,2010,5NMSG3AB4AH3,5,N,M,S,G,3,A,B,4,A,H,3,0,P,HYUN,SAN,UT,10,17,3688,,0,1063,,G,,F,4,144,,,17R235,,,,,,0,0,000000000,00000000000,0,0,0,1,0,0,0,0,0,0,0,50,0,0,0,12,6,2,8,0,0,0,1,28,38732,6,1,0,0,3,0,66,170,0,0,0,0,0,0,0,0,0,0,0,0,0,0,2,4,65,1,1,2,1,0,0,1,80,1,1,2,13,0,0
28,280396,1,2,2,20,10,16,38,12,1,1,0,22,1,43,31,43031,1,1970,CAN5UA795736,C,A,N,5,U,A,7,9,5,7,3,6,0,P,MG,MID,CV,70,12,1701,,0,800,,G,,,4,077,,,13145,,,,,,0,0,000000000,00000000000,0,0,0,1,0,0,0,0,0,0,0,55,0,0,0,12,6,2,12,0,0,0,1,22,70433,6,1,0,0,3,0,70,185,0,0,0,0,0,0,0,0,0,0,0,0,0,0,2,4,65,1,1,2,1,0,0,1,51,1,1,5,28,1,0
28,280396,2,2,1,20,10,16,38,12,1,1,0,28,1,14,401,14401,14,2002,4M2ZU86E12ZJ,4,M,2,Z,U,8,6,E,1,2,Z,J,0,P,MERC,MOU,UT,2,17,4410,,0,1138,,G,,F,6,245,,,16R245,,,,,,0,0,000000000,00000000000,0,0,0,1,0,0,0,0,0,0,0,70,0,1,5,6,6,2,12,0,0,0,1,28,39401,6,1,6,0,3,0,70,175,0,0,0,0,0,0,0,0,0,1,0,0,0,0,2,4,65,1,1,2,1,0,0,2,18,1,1,5,31,0,0
28,280397,1,1,2,20,10,18,56,42,0,1,0,28,0,37,739,37739,90,2002,000000000000,0,0,0,0,0,0,0,0,0,0,0,0,0,,,,,,,,,,,,,,,,,,,,,,,,,0,0,000000000,00000000000,0,0,0,1,0,0,0,0,0,0,0,999,0,0,0,11,6,2,42,0,0,0,1,28,39191,0,0,0,0,0,0,999,999,99,99,99,99,99,99,9999,99,9999,0,0,0,0,0,1,2,45,4,1,2,1,0,0,14,13,1,1,5,6,1,0
28,280398,1,1,1,21,10,2,59,8,0,1,1,99,9,99,999,99999,99,9999,999999999999,9,9,9,9,9,9,9,9,9,9,9,9,0,,,,,,,,,,,,,,,,,,,,,,,,,0,0,000000000,00000000000,0,0,0,1,0,0,0,0,0,0,0,999,0,0,0,12,2,1,8,0,0,0,1,28,39212,9,9,99,9,9,9,999,999,99,99,99,99,99,99,9999,99,9999,0,0,0,0,0,2,4,45,1,1,2,1,0,0,1,80,1,1,1,13,0,0
28,280399,1,1,1,22,10,17,58,42,0,1,0,28,2,12,481,12481,31,1996,1FTEF15Y6TLB,1,F,T,E,F,1,5,Y,6,T,L,B,0,T,FORD,F15,PK,96,17,,2,1330,1170,COF,G,,,6,300,,,,B,4065,00,M,42,0,0,000000000,00000000000,0,0,0,1,0,0,0,0,0,0,0,999,0,0,0,3,6,2,42,0,0,1,1,28,39307,6,1,0,0,3,1,72,205,0,0,0,1,0,11,2011,11,2011,0,0,0,0,0,1,2,55,4,1,2,1,0,0,14,12,1,4,5,10,1,0
28,280400,1,2,2,23,10,7,54,12,6,1,0,28,1,14,6,14006,4,1994,2MELM75W1RX6,2,M,E,L,M,7,5,W,1,R,X,6,0,P,MERC,MGL,4D,94,17,3796,,0,1144,,G,,F,8,281,,,15R215,,,,,,0,0,000000000,00000000000,0,0,0,1,0,0,0,0,0,0,0,55,0,0,0,12,6,2,12,0,0,0,1,28,39189,6,1,0,0,3,1,71,300,0,0,0,0,0,0,0,0,0,0,0,0,0,0,1,2,55,1,1,2,1,0,0,1,17,1,1,1,88,0,0
28,280400,2,2,1,23,10,7,54,12,6,1,0,28,1,20,37,20037,4,2004,1G1ND52F94M6,1,G,1,N,D,5,2,F,9,4,M,6,0,P,CHEV,CLA,4D,4,17,3106,,0,1070,,G,,F,4,134,,,15R215,,,,,,0,0,000000000,00000000000,0,0,0,1,0,0,0,0,0,0,0,999,0,0,0,9,6,2,12,0,0,0,1,28,39074,6,1,0,0,3,0,68,85,0,0,0,0,0,0,0,0,0,0,38,39,0,0,1,2,55,1,1,2,1,20,3,1,17,1,1,2,89,1,0
28,280401,1,1,1,24,10,6,20,34,0,1,0,28,1,12,481,12481,31,2001,1FTRX17W01KF,1,F,T,R,X,1,7,W,0,1,K,F,0,T,FORD,F15,4C,1,17,,2,1571,1385,COF,G,,,8,281,,,,B,4204,05,U,42,0,0,000000000,00000000000,0,0,0,1,0,0,0,0,0,0,0,999,0,0,0,12,6,2,42,0,0,0,1,28,39301,6,1,0,0,3,1,67,210,0,0,0,0,0,0,0,0,0,0,0,0,0,0,1,2,35,4,3,2,1,0,0,14,12,1,1,4,10,1,0
28,280402,1,1,1,25,10,13,55,18,0,1,0,12,1,12,481,12481,31,1994,2FTEF15N2RCA,2,F,T,E,F,1,5,N,2,R,C,A,0,T,FORD,F15,PK,94,17,,2,1330,1170,COF,G,,,8,302,,,,B,3886,01,M,42,0,0,000000000,00000000000,0,0,0,1,0,0,0,0,0,0,0,50,0,0,0,12,6,2,18,0,0,0,1,12,33542,6,1,0,0,3,0,70,180,0,0,0,0,0,0,0,0,0,0,0,0,0,0,2,4,70,1,1,2,1,0,0,1,13,1,1,5,1,1,0