STATE,ST_CASE,VEH_NO,VE_FORMS,NUMOCCS,DAY,MONTH,HOUR,MINUTE,HARM_EV,MAN_COLL,UNITTYPE,HIT_RUN,REG_STAT,OWNER,MAKE,MODEL,MAK_MOD,BODY_TYP,MOD_YEAR,VIN,VIN_1,VIN_2,VIN_3,VIN_4,VIN_5,VIN_6,VIN_7,VIN_8,VIN_9,VIN_10,VIN_11,VIN_12,TOW_VEH,VINTYPE,VINMAKE,VINA_MOD,VIN_BT,VINMODYR,VIN_LNGT,VIN_WGT,WGTCD_TR,WHLBS_LG,WHLBS_SH,SER_TR,FUELCODE,MCYCL_DS,CARBUR,CYLINDER,DISPLACE,MCYCL_CY,MCYCL_WT,TIRE_SZE,TON_RAT,TRK_WT,TRKWTVAR,VIN_REST,WHLDRWHL,J_KNIFE,MCARR_I1,MCARR_I2,MCARR_ID,GVWR,V_CONFIG,CARGO_BT,HAZ_INV,HAZ_PLAC,HAZ_ID,HAZ_CNO,HAZ_REL,BUS_USE,SPEC_USE,EMER_USE,TRAV_SP,UNDERIDE,ROLLOVER,ROLINLOC,IMPACT1,DEFORMED,TOWED,M_HARM,VEH_SC1,VEH_SC2,FIRE_EXP,DR_PRES,L_STATE,DR_ZIP,L_STATUS,L_TYPE,CDL_STAT,L_ENDORS,L_COMPL,L_RESTRI,DR_HGT,DR_WGT,PREV_ACC,PREV_SUS,PREV_DWI,PREV_SPD,PREV_OTH,FIRST_MO,FIRST_YR,LAST_MO,LAST_YR,SPEEDREL,DR_SF1,DR_SF2,DR_SF3,DR_SF4,VTRAFWAY,VNUM_LAN,VSPD_LIM,VALIGN,VPROFILE,VPAVETYP,VSURCOND,VTRAFCON,VTCONT_F,P_CRASH1,P_CRASH2,P_CRASH3,PCRASH4,PCRASH5,ACC_TYPE,DEATHS,DR_DRINK
28,280475,1,1,2,4,12,11,11,42,0,1,0,28,1,20,481,20481,31,2001,2GCEK19T8113,2,G,C,E,K,1,9,T,8,1,1,3,0,T,CHEV,SK1,4C,1,17,,2,1575,1435,SIL,G,,,8,325,,,,B,4776,00,,44,0,0,000000000,00000000000,0,0,0,1,0,0,0,0,0,0,0,45,0,0,0,12,6,2,42,0,0,0,1,28,38650,6,1,6,0,3,0,65,160,0,0,0,0,0,0,0,0,0,0,0,0,0,0,1,2,55,1,1,2,1,0,0,1,12,1,1,5,10,1,0
28,280476,1,3,3,6,12,7,43,12,6,1,0,28,0,37,421,37421,15,2006,999999999999,9,9,9,9,9,9,9,9,9,9,9,9,0,,,,,,,,,,,,,,,,,,,,,,,,,0,0,000000000,00000000000,0,0,0,1,0,0,0,0,0,0,0,50,0,0,0,7,6,2,12,0,0,0,1,28,39301,6,1,0,0,3,1,60,103,0,0,0,0,0,0,0,0,0,0,0,0,0,0,1,2,55,1,1,2,1,0,0,1,62,1,1,2,64,0,0
28,280476,2,3,1,6,12,7,43,12,6,1,0,28,2,20,2,20002,4,2008,2G1WT58N1891,2,G,1,W,T,5,8,N,1,8,9,1,0,P,CHEV,IMT,4D,8,17,3555,,0,1105,,G,,F,6,214,,,16R225,,,,,,0,0,000000000,00000000000,0,0,0,1,0,0,0,0,0,0,0,999,0,0,0,12,6,2,12,0,0,0,1,28,39330,6,1,0,0,3,0,62,135,0,0,0,0,0,0,0,0,0,0,51,0,0,0,1,2,55,1,1,2,1,0,0,1,10,1,1,2,65,1,0
28,280476,3,3,3,6,12,7,43,12,6,1,0,28,0,20,473,20473,30,2006,1GCCS138X682,1,G,C,C,S,1,3,8,X,6,8,2,0,T,CHEV,RDO,CW,6,17,,1,0,1260,CAL,G,,,4,171,,,,,3684,00,,42,0,0,000000000,00000000000,0,0,0,1,0,0,0,0,0,0,0,999,0,0,0,12,6,2,12,0,0,0,1,28,39307,6,1,6,0,3,0,71,250,0,0,0,0,0,0,0,0,0,0,0,0,0,0,1,2,55,1,1,2,1,0,0,1,62,1,1,2,98,1,0
28,280477,1,2,3,6,12,15,33,12,6,1,0,28,2,20,481,20481,39,2003,2GCEK19V8313,2,G,C,E,K,1,9,V,8,3,1,3,0,T,CHEV,SK1,4C,3,17,,2,1575,1435,SIL,G,,,8,293,,,,B,4910,02,,44,0,0,000000000,00000000000,0,0,0,1,0,0,0,0,0,0,0,999,0,0,0,11,6,2,12,0,0,0,1,28,39208,6,1,0,0,3,0,67,135,0,0,0,0,0,0,0,0,0,0,0,0,0,0,1,2,55,1,1,2,1,0,0,11,15,1,1,2,68,0,0
28,280477,2,2,4,6,12,15,33,12,6,1,0,28,2,20,481,20481,39,1991,1GCDC14Z4MZ1,1,G,C,D,C,1,4,Z,4,M,Z,1,0,T,CHEV,GC1,PK,91,17,,1,1315,1175,GM4,G,,,6,262,,,,B,00000,00,,42,0,0,000000000,00000000000,0,0,0,1,0,0,0,0,0,0,0,998,0,0,0,11,6,2,12,0,0,0,1,28,39046,6,1,0,0,3,0,67,172,0,0,0,0,0,0,0,0,0,1,0,0,0,0,1,2,55,1,1,2,1,0,0,1,66,1,1,2,69,2,0
28,280478,1,2,1,6,12,17,15,12,2,1,0,28,1,7,26,7026,4,2010,1B3CC5FB9AN2,1,B,3,C,C,5,F,B,9,A,N,2,0,P,DODG,ART,4D,10,17,3568,,0,1089,,G,,F,4,146,,,17R215,,,,,,0,0,000000000,00000000000,0,0,0,1,0,0,0,0,0,0,0,45,0,0,0,12,6,2,12,0,0,0,1,28,39730,6,1,0,0,3,0,62,110,0,0,0,1,0,4,2011,4,2011,0,0,0,0,0,1,2,35,1,1,2,1,0,0,1,10,1,1,2,50,1,0
28,280478,2,2,2,6,12,17,15,12,2,1,0,48,3,85,884,85884,66,2001,1XP5DB9X91D5,1,X,P,5,D,B,9,X,9,1,D,5,1,T,PTRB,379,TR,1,17,,8,0,0,CON,D,,,6,893,,,,,00000,00,,64,1,57,1198922,571198922,3,19,97,1,0,0,0,0,0,0,0,35,0,0,0,12,6,2,12,0,0,0,1,28,38860,6,1,6,0,3,1,70,225,0,0,0,1,0,5,2011,5,2011,0,0,0,0,0,1,2,35,1,1,2,1,0,0,1,62,1,1,2,51,0,0
28,280479,1,1,1,7,12,4,40,34,0,1,0,28,0,63,34,63034,4,2012,5XXGM4A76CG0,5,X,X,G,M,4,A,7,6,C,G,0,0,P,KIA,OLX,4D,12,17,3206,,0,1100,,G,,F,4,144,,,16R205,,,,,,0,0,000000000,00000000000,0,0,0,1,0,0,0,0,0,0,0,999,0,0,0,61,6,2,34,0,0,0,1,28,39425,6,1,0,0,3,0,72,160,0,0,0,0,0,0,0,0,0,0,0,0,0,0,1,2,45,1,1,2,1,0,0,1,13,1,3,5,5,1,0
28,280480,1,2,1,7,12,17,30,12,1,1,0,28,2,2,431,2431,15,1993,1J4GZ88Y0PC5,1,J,4,G,Z,8,8,Y,0,P,C,5,0,T,JEEP,GRW,4W,93,17,,1,0,1059,WAG,G,,,8,318,,,,,3901,01,B,44,0,0,000000000,00000000000,0,0,0,1,0,0,0,0,0,0,0,998,0,0,0,12,6,2,12,0,0,0,1,28,38850,6,1,0,0,3,0,73,185,0,1,1,0,0,6,2010,6,2011,0,0,0,0,0,1,2,45,1,1,2,2,0,0,1,51,1,1,2,28,0,0
28,280480,2,2,1,7,12,17,30,12,1,1,0,0,0,37,739,37739,90,1988,000000000000,0,0,0,0,0,0,0,0,0,0,0,0,0,,,,,,,,,,,,,,,,,,,,,,,,,0,0,000000000,00000000000,0,0,0,1,0,0,0,0,0,0,0,998,0,0,0,6,6,2,12,0,0,0,1,28,38652,6,2,0,0,3,0,75,210,0,1,1,0,2,8,2012,12,2012,0,0,0,0,0,1,2,45,1,1,2,2,0,0,2,18,1,1,2,29,1,0
28,280481,1,1,4,9,12,11,31,30,0,1,0,28,2,41,498,41498,30,1988,JM2UF1136J03,J,M,2,U,F,1,1,3,6,J,0,3,0,T,MAZD,22S,PK,88,17,,1,0,1087,B22,G,,,4,133,,,,,2531,01,A,42,0,0,000000000,00000000000,0,0,0,1,0,0,0,0,0,0,0,999,0,0,0,12,6,2,30,0,0,0,1,28,38917,1,1,0,0,2,0,72,220,0,1,1,0,0,3,2011,12,2012,0,0,0,0,0,1,2,45,1,1,2,1,0,0,1,12,1,1,5,10,1,0
28,280482,1,2,1,11,12,7,57,12,6,1,0,28,1,22,18,22018,4,2001,1G2NW52E41C2,1,G,2,N,W,5,2,E,4,1,C,2,0,P,PONT,GAG,4D,1,17,3168,,0,1070,,G,,F,6,207,,,16R225,,,,,,0,0,000000000,00000000000,0,0,0,1,0,0,0,0,0,0,0,999,0,0,0,9,6,2,12,0,0,0,1,28,39772,6,1,0,0,3,0,62,142,0,0,0,0,0,0,0,0,0,0,0,0,0,0,1,2,55,1,1,2,1,0,0,1,10,1,1,2,45,1,0
28,280482,2,2,1,11,12,7,57,12,6,1,0,28,2,35,471,35471,30,1992,1N6SD16S6NC3,1,N,6,S,D,1,6,S,6,N,C,3,0,T,NISS,KNG,PC,92,17,,1,0,1161,TRK,G,,,4,146,,,,B,2845,01,A,42,0,0,000000000,00000000000,0,0,0,1,0,0,0,0,0,0,0,55,0,0,0,12,6,2,12,0,0,0,1,28,39090,6,1,0,0,3,0,65,128,0,0,0,0,0,0,0,0,0,0,0,0,0,0,1,2,55,1,1,2,1,0,0,6,60,1,1,2,47,0,0
28,280483,1,1,1,11,12,8,18,32,0,1,0,28,1,20,403,20403,14,2008,1GNDT13S5821,1,G,N,D,T,1,3,S,5,8,2,1,0,P,CHEV,TRL,UT,8,17,4523,,0,1130,,G,,F,6,256,,,17R245,,,,,,0,0,000000000,00000000000,0,0,0,1,0,0,0,0,0,0,0,999,0,1,9,12,6,2,1,0,0,0,1,28,39168,6,1,0,0,3,0,70,180,0,0,0,0,0,0,0,0,0,0,0,0,0,0,1,2,55,1,2,2,1,0,0,1,13,1,1,5,5,1,0
28,280484,1,2,1,11,12,23,7,12,1,1,0,28,1,12,481,12481,31,2007,1FTRW12W27KB,1,F,T,R,W,1,2,W,2,7,K,B,0,T,FORD,F1S,CW,7,17,,2,0,1390,COF,G,,,8,281,,,,B,5176,01,E,42,0,0,000000000,00000000000,0,0,0,1,0,0,0,0,0,0,0,999,0,0,0,12,6,2,12,0,0,0,1,13,30643,6,1,0,0,3,0,67,190,98,0,0,0,0,0,0,0,0,0,26,0,0,0,2,4,60,1,1,2,1,0,0,1,51,1,1,2,28,1,0
28,280484,2,2,1,11,12,23,7,12,1,1,0,47,3,84,884,84884,66,2013,3HSDHSJR5DN2,3,H,S,D,H,S,J,R,5,D,N,2,1,T,INTL,PRO,TR,13,17,,8,0,0,PRO,D,,,6,793,,,,,00000,00,,64,1,57,292991,57292991,3,19,11,1,0,0,0,0,0,0,0,10,0,0,0,6,6,2,12,0,0,0,1,47,38122,6,1,6,0,3,0,72,210,0,0,0,0,0,0,0,0,0,0,0,0,0,0,2,4,60,1,1,2,1,0,0,2,18,1,1,2,29,0,0
28,280485,1,1,1,13,12,21,44,42,0,1,0,28,2,2,404,2404,14,1996,1J4FT28S7TL3,1,J,4,F,T,2,8,S,7,T,L,3,0,T,JEEP,CSE,4W,96,17,,1,0,1014,CHK,G,,,6,242,,,,,2848,00,M,42,0,0,000000000,00000000000,0,0,0,1,0,0,0,0,0,0,0,999,0,0,0,1,6,2,42,0,0,0,1,28,39180,6,2,0,0,3,0,71,235,0,0,0,0,0,0,0,0,0,0,0,0,0,0,1,2,55,1,2,2,1,0,0,1,13,1,3,5,5,1,0
28,280486,1,1,3,14,12,4,27,8,0,1,0,28,1,23,8,23008,6,2008,1GKER13798J1,1,G,K,E,R,1,3,7,9,8,J,1,0,T,GMC,SLF,4W,8,17,,2,0,1189,ACA,G,,,6,220,,,,B,4722,00,W,42,0,0,000000000,00000000000,0,0,0,1,0,0,0,0,0,0,0,60,0,0,0,11,6,2,8,0,0,0,1,28,39476,6,1,0,0,3,0,72,150,0,0,0,0,0,0,0,0,0,0,0,0,0,0,2,4,65,1,1,2,1,0,0,1,80,1,1,2,13,0,0
28,280487,1,1,1,14,12,14,13,1,0,1,0,28,1,35,50,35050,4,2008,3N1BC13E98L3,3,N,1,B,C,1,3,E,9,8,L,3,0,P,NISS,VSL,4H,8,17,2620,,0,1024,,G,,F,4,110,,,15R185,,,,,,0,0,000000000,00000000000,0,0,0,1,0,0,0,0,0,0,0,999,0,1,9,0,6,2,1,0,0,0,1,28,38834,6,1,0,0,3,0,62,156,0,0,0,0,0,0,0,0,0,0,58,0,0,0,1,2,55,1,1,2,1,0,0,1,12,1,1,5,10,1,0
28,280488,1,2,2,15,12,1,22,12,99,1,0,0,0,7,42,7042,2,1998,999999999999,9,9,9,9,9,9,9,9,9,9,9,9,0,,,,,,,,,,,,,,,,,,,,,,,,,0,0,000000000,00000000000,0,0,0,1,0,0,0,0,0,0,0,60,0,0,0,6,6,2,12,0,0,0,1,48,79915,6,1,0,0,3,0,70,165,0,0,0,0,0,0,0,0,0,0,0,0,0,0,2,4,70,1,1,2,1,0,0,1,18,1,1,4,32,0,0
28,280488,2,2,1,15,12,1,22,12,99,1,0,28,1,20,421,20421,15,2001,1GNEC13T31J1,1,G,N,E,C,1,3,T,3,1,J,1,0,P,CHEV,CTA,UT,1,17,4828,,0,1160,,G,,F,8,325,,,16R245,,,,,,0,0,000000000,00000000000,0,0,0,1,0,0,0,0,0,0,0,998,0,1,9,12,6,2,1,0,0,0,1,28,39212,6,1,0,0,3,0,68,150,0,0,0,0,0,0,0,0,0,1,0,0,0,0,2,4,70,1,1,2,1,0,0,1,53,1,4,5,32,1,1
28,280489,1,2,3,16,12,12,12,12,6,1,0,28,2,35,47,35047,4,2002,1N4AL11D82C2,1,N,4,A,L,1,1,D,8,2,C,2,0,P,NISS,ABS,4D,2,17,2873,,0,1102,,G,,F,4,153,,,16R205,,,,,,0,0,000000000,00000000000,0,0,0,1,0,0,0,0,0,0,0,999,0,0,0,12,6,2,12,0,0,0,1,28,38701,6,1,0,0,3,0,64,156,0,0,0,0,0,0,0,0,0,0,0,0,0,0,1,2,55,1,1,2,2,0,0,1,62,1,1,2,65,2,0
28,280489,2,2,1,16,12,12,12,12,6,1,0,28,2,7,26,7026,4,2011,1B3BD1FG7BN5,1,B,3,B,D,1,F,G,7,B,N,5,0,P,DODG,AMN,4D,11,17,3394,,0,1089,,F,,F,6,220,,,17R225,,,,,,0,0,000000000,00000000000,0,0,0,1,0,0,0,0,0,0,0,999,0,0,0,3,6,2,12,0,0,0,1,28,38732,6,1,0,0,3,0,71,210,0,0,0,0,0,0,0,0,0,0,28,0,0,0,1,2,55,1,1,2,2,0,0,1,10,1,3,2,64,1,0
28,280490,1,2,1,18,12,13,14,12,6,1,0,28,1,12,470,12470,28,2010,1FBSS3BL4ADA,1,F,B,S,S,3,B,L,4,A,D,A,0,T,FORD,WSD,ES,10,17,,2,0,1380,ECO,G,,,8,330,,,,D,6425,00,E,42,0,0,000000000,00000000000,0,0,0,1,0,0,0,0,0,0,0,999,0,0,0,12,6,2,12,0,0,0,1,28,39705,6,1,0,0,3,1,68,152,0,0,0,0,0,0,0,0,0,0,0,0,0,0,2,4,65,1,1,2,1,20,3,1,66,7,1,2,88,1,0
28,280490,2,2,1,18,12,13,14,12,6,1,0,22,3,85,884,85884,66,2009,1XKAD49X79J2,1,X,K,A,D,4,9,X,7,9,J,2,1,T,KW,T60,TR,9,17,,8,2600,1600,CON,D,,,6,915,,,,,00000,00,,64,1,57,330295,57330295,3,19,1,1,0,0,0,0,0,0,0,15,0,0,0,8,2,8,12,0,0,0,1,22,70127,6,1,6,0,3,0,68,195,0,0,0,0,0,0,0,0,0,0,38,39,0,0,2,4,65,1,1,2,1,20,3,1,17,1,1,2,89,0,0
28,280491,1,1,1,20,12,11,12,33,0,1,0,28,1,39,34,39034,4,2000,SAJDA01CXYFL,S,A,J,D,A,0,1,C,X,Y,F,L,0,P,JAGU,STP,4D,0,17,3650,,0,1145,,G,,F,6,181,,,16R225,,,,,,0,0,000000000,00000000000,0,0,0,1,0,0,0,0,0,0,0,998,0,0,0,9,6,2,42,0,0,0,1,28,39204,0,0,0,0,0,0,999,999,99,99,99,99,99,99,9999,99,9999,1,0,0,0,0,2,4,35,1,1,2,1,0,0,1,13,1,1,5,5,1,0
28,280492,1,1,1,20,12,18,47,8,0,1,0,28,1,20,481,20481,31,2002,1GCEK14TX2Z1,1,G,C,E,K,1,4,T,X,2,Z,1,0,T,CHEV,SK1,PK,2,17,,2,1330,1190,SIL,G,,,8,325,,,,B,4376,01,,44,0,0,000000000,00000000000,0,0,0,1,0,0,0,0,0,0,0,70,0,0,0,12,6,2,8,0,0,0,1,28,38843,6,1,0,0,3,0,65,156,0,0,0,0,0,0,0,0,0,0,0,0,0,0,2,4,70,1,1,2,1,0,0,1,80,1,1,2,13,0,0
28,280493,1,1,1,20,12,23,25,42,0,1,0,28,1,20,481,20481,31,2005,2GCEK13T8512,2,G,C,E,K,1,3,T,8,5,1,2,0,T,CHEV,SK1,CW,5,17,,2,0,1435,SIL,G,,,8,323,,,,B,5299,00,,44,0,0,000000000,00000000000,0,0,0,1,0,0,0,0,0,0,0,999,0,0,0,2,6,2,42,0,0,0,1,28,39056,6,1,6,0,3,0,70,215,0,0,0,0,0,0,0,0,0,1,0,0,0,0,1,2,40,4,1,2,1,0,0,14,12,1,1,5,10,1,0
28,280494,1,2,2,21,12,5,27,12,1,1,0,28,3,84,884,84884,71,2008,1HTWGAZT88J6,1,H,T,W,G,A,Z,T,8,8,J,6,0,T,INTL,740,CC,8,17,,8,0,0,70S,D,,,6,570,,,,,00000,00,,64,0,57,1270861,571270861,2,19,98,1,0,0,0,0,0,0,0,0,0,0,0,6,2,1,12,0,0,0,1,28,39565,6,1,6,0,3,0,73,178,0,0,0,0,0,0,0,0,0,0,0,0,0,0,1,2,55,1,1,2,1,0,0,5,11,1,1,2,21,0,0
28,280494,2,2,1,21,12,5,27,12,1,1,0,28,2,35,47,35047,4,2004,1N4AL11D94C1,1,N,4,A,L,1,1,D,9,4,C,1,0,P,NISS,ABS,4D,4,17,2913,,0,1102,,G,,F,4,153,,,16R205,,,,,,0,0,000000000,00000000000,0,0,0,1,0,0,0,0,0,0,0,999,0,0,0,12,6,2,12,0,0,0,1,28,39562,6,1,0,0,3,0,75,210,0,0,0,0,0,0,0,0,0,0,0,0,0,0,1,2,55,1,1,2,1,0,0,1,51,1,1,2,20,1,0
28,280495,1,1,1,23,12,9,35,1,0,1,0,28,1,20,401,20401,14,2002,1GNDS13S6221,1,G,N,D,S,1,3,S,6,2,2,1,0,P,CHEV,TRL,UT,2,17,4442,,0,1130,,G,,F,6,256,,,16R245,,,,,,0,0,000000000,00000000000,0,0,0,1,0,0,0,0,0,0,0,999,0,1,9,0,6,2,1,0,0,0,1,28,39479,6,1,0,0,3,1,61,145,0,0,0,0,0,0,0,0,0,0,58,0,0,0,1,2,55,4,1,2,1,0,0,14,13,1,1,5,5,1,0
28,280496,1,3,3,23,12,11,25,12,6,1,0,28,1,23,8,23008,6,2011,1GKKRRED9BJ2,1,G,K,K,R,R,E,D,9,B,J,2,0,T,GMC,S1F,4W,11,17,,2,0,1189,ACA,G,,,6,220,,,,B,4656,00,S,42,0,0,000000000,00000000000,0,0,0,1,0,0,0,0,0,0,0,55,0,0,0,11,6,2,12,0,0,0,1,28,39759,6,1,0,0,3,1,68,175,0,0,0,0,0,0,0,0,0,0,0,0,0,0,1,2,55,1,1,2,1,0,0,1,62,1,1,3,64,0,0
28,280496,2,3,1,23,12,11,25,12,6,1,0,1,1,20,473,20473,30,2010,1GCDSCD95A81,1,G,C,D,S,C,D,9,5,A,8,1,0,T,CHEV,RLT,CW,10,17,,1,0,1260,CAL,G,,,4,177,,,,B,3728,00,,42,0,0,000000000,00000000000,0,0,0,1,0,0,0,0,0,0,0,55,0,0,0,1,6,2,12,0,0,0,1,1,35586,6,1,0,0,3,0,68,155,0,0,0,0,0,0,0,0,0,0,0,0,0,0,1,2,55,1,1,2,1,0,0,1,11,1,1,3,65,1,0
28,280496,3,3,3,23,12,11,25,12,6,1,0,28,1,37,421,37421,15,2005,5FNYF18515B0,5,F,N,Y,F,1,8,5,1,5,B,0,0,P,HOND,PIL,UT,5,17,4431,,0,1063,,G,,F,6,212,,,16R235,,,,,,0,0,000000000,00000000000,0,0,0,1,0,0,0,0,0,0,0,55,0,0,0,4,6,2,12,0,0,0,1,28,39766,6,2,0,0,3,0,70,160,0,0,0,0,0,0,0,0,0,0,0,0,0,0,1,2,55,1,1,2,1,0,0,1,62,1,1,3,98,0,0
28,280497,1,1,1,24,12,6,18,8,0,1,0,28,1,13,12,13012,4,2003,1LNHM82W33Y6,1,L,N,H,M,8,2,W,3,3,Y,6,0,P,LINC,SIG,4D,3,17,4156,,0,1177,,G,,F,8,281,,,17R225,,,,,,0,0,000000000,00000000000,0,0,0,1,0,0,0,0,0,0,0,20,0,0,0,12,2,1,8,0,0,0,1,28,39213,6,1,0,0,3,0,66,180,0,0,0,0,0,0,0,0,0,0,0,0,0,0,2,4,40,1,1,2,1,0,0,1,80,1,1,2,13,0,0
28,280498,1,1,1,24,12,11,48,42,0,1,0,28,1,49,40,49040,4,2003,4T1BE32K03U1,4,T,1,B,E,3,2,K,0,3,U,1,0,P,TOYT,UXS,4D,3,17,2993,,0,1071,,G,,F,4,144,,,15R205,,,,,,0,0,000000000,00000000000,0,0,0,1,0,0,0,0,0,0,0,999,0,0,0,1,6,2,42,0,0,0,1,28,39117,6,1,0,0,3,0,68,168,0,0,0,0,0,0,0,0,0,0,0,0,0,0,2,4,70,1,1,2,1,0,0,1,13,1,1,5,5,1,0
28,280499,1,1,1,24,12,18,9,8,0,1,0,28,2,54,36,54036,4,1998,JH4KA9647WC0,J,H,4,K,A,9,6,4,7,W,C,0,0,P,ACUR,35R,4D,98,17,3640,,0,1146,,G,,F,6,212,,,16R215,,,,,,0,0,000000000,00000000000,0,0,0,1,0,0,0,0,0,0,0,999,0,0,0,12,6,2,8,0,0,0,1,28,39056,1,1,0,0,2,0,71,230,0,1,1,0,0,11,2011,4,2012,0,0,0,0,0,2,4,55,1,1,2,1,0,0,1,80,1,1,2,13,0,0
28,280500,1,1,2,25,12,12,55,42,0,1,0,28,1,12,481,12481,31,1997,1FTDX0767VKA,1,F,T,D,X,0,7,6,7,V,K,A,0,T,FORD,F15,3C,97,17,,1,0,1390,COF,G,,,8,281,,,,B,4205,00,E,42,0,0,000000000,00000000000,0,0,0,1,0,0,0,0,0,0,0,55,0,0,0,3,6,2,42,0,0,0,1,28,38824,6,1,6,0,3,1,74,220,0,0,0,0,0,0,0,0,0,0,0,0,0,0,1,2,55,1,2,2,2,0,0,1,12,1,1,5,10,1,0
28,280501,1,1,4,25,12,19,54,34,0,1,0,28,2,13,1,13001,4,2000,1LNHM82W9YY9,1,L,N,H,M,8,2,W,9,Y,Y,9,0,P,LINC,SIG,4D,0,17,4075,,0,1177,,G,,F,8,281,,,16R225,,,,,,0,0,000000000,00000000000,0,0,0,1,0,0,0,0,0,0,0,999,0,0,0,12,6,2,42,0,0,0,1,28,39117,6,1,0,0,3,0,67,205,0,1,1,0,0,10,2011,11,2011,0,0,0,0,0,1,2,55,1,1,2,2,0,0,1,13,1,1,5,5,1,0
28,280502,1,2,1,26,12,15,10,12,2,1,0,28,1,12,471,12471,30,1994,1FTCR14U4RTA,1,F,T,C,R,1,4,U,4,R,T,A,0,T,FORD,RNS,PC,94,17,,1,0,1250,RNG,G,,,6,182,,,,B,3208,00,A,42,0,0,000000000,00000000000,0,0,0,1,0,0,0,0,0,0,0,999,0,0,0,12,6,2,12,0,0,0,1,28,39401,6,1,0,0,3,0,68,155,0,0,0,0,0,0,0,0,0,0,0,0,0,0,1,2,45,2,1,2,1,0,0,14,10,1,1,2,50,0,0
28,280502,2,2,4,26,12,15,10,12,2,1,0,22,3,12,23,12023,4,2012,3FAHP0JG4CR3,3,F,A,H,P,0,J,G,4,C,R,3,0,P,FORD,F/L,4D,12,17,3342,,0,1074,,F,,F,6,183,,,17R225,,,,,,0,0,000000000,00000000000,0,0,0,1,0,0,0,0,0,0,0,998,0,0,0,12,6,2,12,0,0,0,1,28,39475,6,1,0,0,3,0,65,155,0,0,0,0,0,0,0,0,0,0,0,0,0,0,1,2,45,2,1,2,1,0,0,14,62,1,1,2,51,1,0
28,280503,1,1,6,27,12,3,34,1,0,1,0,28,2,12,481,12481,31,2006,1FTPW14V96KC,1,F,T,P,W,1,4,V,9,6,K,C,0,T,FORD,F1S,CW,6,17,,2,1500,1390,COF,F,,,8,329,,,,B,5476,01,E,44,0,0,000000000,00000000000,0,0,0,1,0,0,0,0,0,0,0,55,0,1,9,0,6,2,1,0,0,0,1,28,39071,6,1,0,0,3,0,70,155,0,0,0,0,0,0,0,0,0,0,0,0,0,0,1,2,55,1,1,2,1,0,0,1,13,1,1,5,5,1,0
28,280504,1,1,9,29,12,0,35,34,0,1,0,28,2,7,402,7402,14,2002,1B4HR38N82F1,1,B,4,H,R,3,8,N,8,2,F,1,0,P,DODG,DUR,UT,2,17,4222,,0,1160,,G,,F,8,287,,,16R255,,,,,,0,0,000000000,00000000000,0,0,0,1,0,0,0,0,0,0,0,998,0,0,0,12,6,2,34,0,0,0,1,28,39350,0,0,0,0,0,0,999,999,99,99,99,99,99,99,9999,99,9999,0,0,0,0,0,1,2,25,4,1,2,2,0,0,14,12,1,1,5,10,6,1
28,280505,1,1,2,30,12,1,57,34,0,1,0,28,2,13,5,13005,4,1991,1LNCM83W0MY6,1,L,N,C,M,8,3,W,0,M,Y,6,0,P,LINC,CAR,4D,91,17,4072,,0,1174,,G,,F,8,281,,,15R215,,,,,,0,0,000000000,00000000000,0,0,0,1,0,0,0,0,0,0,0,45,0,0,0,1,6,2,34,0,0,0,1,28,38635,6,1,0,0,3,0,73,185,0,1,1,0,0,9,2012,12,2012,0,0,0,0,0,1,2,45,1,1,2,1,0,0,1,12,1,1,5,10,1,0
28,280506,1,2,1,30,12,15,31,12,7,1,0,28,1,18,401,18401,14,2003,3G5DB03E23S5,3,G,5,D,B,0,3,E,2,3,S,5,0,P,BUIC,RZV,UT,3,17,4024,,0,1122,,G,,F,6,204,,,16R215,,,,,,0,0,000000000,00000000000,0,0,0,1,0,0,0,0,0,0,0,10,0,0,0,11,6,2,12,0,0,0,1,28,39345,6,1,0,0,3,0,60,130,0,0,0,0,0,0,0,0,0,0,0,0,0,0,1,2,30,1,1,2,1,0,0,11,15,1,1,2,82,0,0
28,280506,2,2,1,30,12,15,31,12,7,1,0,28,1,63,33,63033,4,2006,999999999999,9,9,9,9,9,9,9,9,9,9,9,9,0,,,,,,,,,,,,,,,,,,,,,,,,,0,0,000000000,00000000000,0,0,0,1,0,0,0,0,0,0,0,0,0,0,0,11,6,2,12,0,0,0,1,28,39327,6,1,0,0,3,0,64,150,0,0,0,0,0,0,0,0,0,0,0,0,0,0,1,2,25,1,1,2,1,20,3,5,63,1,1,2,83,1,0
28,280507,1,1,2,31,12,1,38,42,0,1,0,28,1,49,40,49040,4,1995,4T1SK12E8SU5,4,T,1,S,K,1,2,E,8,S,U,5,0,P,TOYT,CLE,4D,95,17,3086,,0,1031,,G,,F,4,132,,,14R195,,,,,,0,0,000000000,00000000000,0,0,0,1,0,0,0,0,0,0,0,999,0,0,0,12,6,2,42,0,0,0,1,28,39503,6,1,0,0,3,0,70,155,0,0,0,0,0,0,0,0,0,0,0,0,0,0,2,4,65,1,1,2,1,0,0,1,13,1,1,5,5,1,1
28,280508,1,1,1,31,12,18,8,34,0,1,0,28,1,23,431,23431,16,1996,999999999999,9,9,9,9,9,9,9,9,9,9,9,9,0,,,,,,,,,,,,,,,,,,,,,,,,,0,0,000000000,00000000000,0,0,0,1,0,0,0,0,0,0,0,55,0,0,0,12,6,2,42,0,0,0,1,28,39154,6,1,0,0,3,0,65,122,0,0,0,0,0,0,0,0,0,0,0,0,0,0,1,2,55,1,1,2,1,0,0,1,13,1,1,5,5,1,0