STATE,ST_CASE,VEH_NO,VE_FORMS,NUMOCCS,DAY,MONTH,HOUR,MINUTE,HARM_EV,MAN_COLL,UNITTYPE,HIT_RUN,REG_STAT,OWNER,MAKE,MODEL,MAK_MOD,BODY_TYP,MOD_YEAR,VIN,VIN_1,VIN_2,VIN_3,VIN_4,VIN_5,VIN_6,VIN_7,VIN_8,VIN_9,VIN_10,VIN_11,VIN_12,TOW_VEH,VINTYPE,VINMAKE,VINA_MOD,VIN_BT,VINMODYR,VIN_LNGT,VIN_WGT,WGTCD_TR,WHLBS_LG,WHLBS_SH,SER_TR,FUELCODE,MCYCL_DS,CARBUR,CYLINDER,DISPLACE,MCYCL_CY,MCYCL_WT,TIRE_SZE,TON_RAT,TRK_WT,TRKWTVAR,VIN_REST,WHLDRWHL,J_KNIFE,MCARR_I1,MCARR_I2,MCARR_ID,GVWR,V_CONFIG,CARGO_BT,HAZ_INV,HAZ_PLAC,HAZ_ID,HAZ_CNO,HAZ_REL,BUS_USE,SPEC_USE,EMER_USE,TRAV_SP,UNDERIDE,ROLLOVER,ROLINLOC,IMPACT1,DEFORMED,TOWED,M_HARM,VEH_SC1,VEH_SC2,FIRE_EXP,DR_PRES,L_STATE,DR_ZIP,L_STATUS,L_TYPE,CDL_STAT,L_ENDORS,L_COMPL,L_RESTRI,DR_HGT,DR_WGT,PREV_ACC,PREV_SUS,PREV_DWI,PREV_SPD,PREV_OTH,FIRST_MO,FIRST_YR,LAST_MO,LAST_YR,SPEEDREL,DR_SF1,DR_SF2,DR_SF3,DR_SF4,VTRAFWAY,VNUM_LAN,VSPD_LIM,VALIGN,VPROFILE,VPAVETYP,VSURCOND,VTRAFCON,VTCONT_F,P_CRASH1,P_CRASH2,P_CRASH3,PCRASH4,PCRASH5,ACC_TYPE,DEATHS,DR_DRINK
28,280509,1,2,2,31,12,23,43,12,6,1,0,28,1,58,35,58035,4,2000,JNKCA31A7YT1,J,N,K,C,A,3,1,A,7,Y,T,1,0,P,INFI,I30,4D,0,17,3227,,0,1063,,G,,F,6,182,,,16R215,,,,,,0,0,000000000,00000000000,0,0,0,1,0,0,0,0,0,0,0,999,0,0,0,12,6,2,12,0,0,0,1,28,39503,6,1,0,0,3,0,72,180,0,0,0,0,0,0,0,0,0,1,0,0,0,0,1,2,40,1,1,2,2,0,0,1,17,1,1,2,69,1,0
28,280509,2,2,2,31,12,23,43,12,6,1,0,28,1,49,472,49472,30,2002,5TBRN34112S2,5,T,B,R,N,3,4,1,1,2,S,2,0,T,TOYT,TT5,4C,2,17,,1,0,1283,TUN,G,,,6,206,,,,B,4088,00,U,42,0,0,000000000,00000000000,0,0,0,1,0,0,0,0,0,0,0,5,0,0,0,9,6,2,12,0,0,0,1,28,39505,6,1,0,0,3,0,70,155,0,0,0,0,0,0,0,0,0,0,0,0,0,0,1,2,40,1,1,2,2,0,0,11,17,1,1,2,68,0,0
29,290001,1,1,2,1,1,2,30,34,0,1,0,29,1,52,39,52039,3,1997,JA3AM44H1VY0,J,A,3,A,M,4,4,H,1,V,Y,0,0,P,MITS,3GT,2H,97,17,3131,,0,972,,G,,F,6,181,,,16R255,,,,,,0,0,000000000,00000000000,0,0,0,1,0,0,0,0,0,0,0,998,0,0,0,14,6,2,42,0,0,0,1,29,65202,6,1,0,0,3,3,74,240,0,0,0,0,0,0,0,0,0,1,58,0,0,0,1,2,55,3,6,2,2,0,0,14,10,7,3,4,2,1,1
29,290002,1,1,1,2,1,15,0,14,0,1,0,29,1,20,2,20002,4,2005,2G1WF55E5593,2,G,1,W,F,5,5,E,5,5,9,3,0,P,CHEV,IMP,4D,5,17,3389,,0,1105,,G,,F,6,207,,,16R225,,,,,,0,0,000000000,00000000000,0,0,0,1,0,0,0,0,0,0,0,998,0,0,0,12,6,2,14,0,0,0,1,29,64132,6,1,0,0,3,0,67,130,0,0,0,1,0,3,2011,3,2011,0,28,0,0,0,6,1,65,1,6,2,1,0,0,1,12,1,1,4,6,0,0
29,290003,1,2,1,2,1,18,3,12,2,1,0,29,1,20,9,20009,1,1994,2G1FP22S6R22,2,G,1,F,P,2,2,S,6,R,2,2,0,P,CHEV,CAM,CP,94,17,3247,,0,1011,,G,,F,6,207,,,16R215,,,,,,0,0,000000000,00000000000,0,0,0,1,0,0,0,0,0,0,0,998,0,0,0,12,6,2,12,0,0,0,1,29,65453,6,1,0,0,3,0,72,165,0,0,0,2,1,2,2010,11,2011,0,0,0,0,0,1,2,55,1,6,2,1,0,0,1,62,6,1,1,51,0,1
29,290003,2,2,1,2,1,18,3,12,2,1,0,29,1,12,471,12471,30,1994,1FTCR10U8RUC,1,F,T,C,R,1,0,U,8,R,U,C,0,T,FORD,RNG,PK,94,17,,1,1140,1080,RNG,G,,,6,182,,,,B,2918,00,A,42,0,0,000000000,00000000000,0,0,0,1,0,0,0,0,0,0,0,998,0,0,0,12,6,2,12,0,0,0,1,29,65565,6,1,0,0,3,0,74,220,0,0,0,1,0,11,2011,11,2011,0,28,0,0,0,1,2,55,1,6,2,1,0,0,1,10,1,1,2,50,1,1
29,290004,1,1,1,4,1,11,11,38,0,1,0,29,3,7,482,7482,31,2004,3D7KA28C64G2,3,D,7,K,A,2,8,C,6,4,G,2,0,T,DODG,SQ2,CW,4,17,,2,1605,1405,RPC,D,,,6,359,,,,C,5040,13,E,42,0,0,000000000,00000000000,0,0,0,1,0,0,0,0,0,0,0,998,0,0,0,12,6,2,38,0,0,0,1,29,64489,6,1,0,0,3,0,70,200,0,0,0,0,0,0,0,0,0,0,0,0,0,0,1,2,60,1,5,2,1,0,0,1,10,7,1,4,6,1,0
29,290005,1,1,1,5,1,23,20,58,0,1,0,29,1,7,28,7028,2,2010,2B3CJ5DT3AH2,2,B,3,C,J,5,D,T,3,A,H,2,0,P,DODG,CRT,CP,10,17,4041,,0,1160,,G,,F,8,348,,,18R235,,,,,,0,0,000000000,00000000000,0,0,0,1,0,0,0,0,0,0,0,998,0,0,0,14,6,2,42,0,0,0,1,29,63037,6,1,0,0,3,3,67,260,0,0,0,0,0,0,0,0,0,1,0,0,0,0,1,2,55,3,6,2,1,0,0,14,6,6,1,4,1,1,1
29,290006,1,1,2,9,1,6,0,35,0,1,0,29,1,49,32,49032,4,1995,1NXAE04B6SZ2,1,N,X,A,E,0,4,B,6,S,Z,2,0,P,TOYT,COA,4D,95,17,2315,,0,970,,G,,F,4,097,,,14R175,,,,,,0,0,000000000,00000000000,0,0,0,1,0,0,0,0,0,0,0,998,0,0,0,12,6,2,42,0,0,0,1,29,65775,6,1,0,0,3,3,69,180,0,0,0,0,0,0,0,0,0,0,58,0,0,0,1,2,55,1,3,2,1,0,0,1,10,7,3,4,2,2,0
29,290007,1,1,1,15,1,17,49,8,0,1,0,29,1,19,21,19021,4,2007,1G6DW6776701,1,G,6,D,W,6,7,7,6,7,0,1,0,P,CADI,CST,4D,7,17,3929,,0,1164,,G,,F,6,220,,,17R235,,,,,,0,0,000000000,00000000000,0,0,0,1,0,0,0,0,0,0,0,998,0,0,0,12,2,1,8,0,0,0,1,29,63021,6,1,0,0,3,0,73,185,0,0,0,0,0,0,0,0,0,0,0,0,0,0,5,4,35,1,1,2,1,0,0,1,80,1,1,1,13,0,0
29,290008,1,2,1,2,1,9,25,12,6,1,0,93,3,84,881,84881,66,2010,3HSCUAPR3AN1,3,H,S,C,U,A,P,R,3,A,N,1,1,T,INTL,PPR,TR,10,17,,8,0,0,PRO,D,,,6,915,,,,,00000,00,,64,3,57,73705,5773705,3,6,1,1,0,0,0,0,0,0,0,56,0,0,0,11,6,2,12,0,0,0,1,29,63552,6,1,6,3,3,0,74,225,0,0,0,0,0,0,0,0,0,0,0,0,0,0,1,2,55,1,1,2,1,0,0,1,66,1,1,1,89,0,0
29,290008,2,2,2,2,1,9,25,12,6,1,0,0,0,23,481,23481,31,1980,TKM24AS51263,T,K,M,2,4,A,S,5,1,2,6,3,0,T,GMC,K25,PK,80,13,,2,1315,1295,K25,G,,,8,350,,,,,,,,44,0,0,000000000,00000000000,0,0,0,1,0,0,0,0,0,0,0,13,0,0,0,12,6,2,12,0,0,0,1,29,63546,6,1,0,0,3,0,74,185,0,0,0,2,0,1,2009,9,2011,0,38,39,0,0,1,2,35,1,1,2,1,20,3,1,17,3,1,1,88,1,0
29,290009,1,1,2,7,1,3,15,8,0,1,0,29,1,2,404,2404,14,1999,1J4FF28S2XL5,1,J,4,F,F,2,8,S,2,X,L,5,0,T,JEEP,CSE,4W,99,17,,1,0,1014,CHK,G,,,6,242,,,,,3119,00,E,44,0,0,000000000,00000000000,0,0,0,1,0,0,0,0,0,0,0,998,0,0,0,12,4,3,8,0,0,0,1,29,63080,6,1,0,0,3,3,67,110,0,0,0,0,0,0,0,0,0,0,0,0,0,0,1,2,55,1,1,2,1,0,0,1,80,8,2,1,13,0,0
29,290010,1,1,2,12,1,6,40,52,0,1,0,29,2,22,18,22018,2,2002,1G2WP12K22F2,1,G,2,W,P,1,2,K,2,2,F,2,0,P,PONT,GPG,CP,2,17,3429,,0,1105,,G,,F,6,231,,,16R225,,,,,,0,0,000000000,00000000000,0,0,0,1,0,0,0,0,0,0,0,998,0,0,0,9,6,2,52,0,0,0,1,29,63627,1,1,0,0,2,3,72,260,0,0,0,0,0,0,0,0,0,1,87,0,0,0,2,2,70,1,1,2,3,0,0,1,6,1,3,4,2,1,0
29,290011,1,1,2,14,1,6,10,8,0,1,0,29,3,20,481,20481,31,1997,2GCEK19R9V11,2,G,C,E,K,1,9,R,9,V,1,1,0,T,CHEV,GK1,PC,97,17,,2,1555,1415,GM4,G,,,8,350,,,,B,4544,00,,44,0,0,000000000,00000000000,0,0,0,1,0,0,0,0,0,0,0,998,0,0,0,12,2,1,8,0,0,0,1,29,64080,6,1,0,0,3,0,72,220,0,0,0,0,1,7,2010,7,2010,0,0,0,0,0,1,2,30,1,1,2,1,0,0,1,80,1,1,1,13,0,0
29,290012,1,1,1,15,1,14,20,30,0,1,0,29,1,7,482,7482,31,2005,1D7HU18NX5S1,1,D,7,H,U,1,8,N,X,5,S,1,0,T,DODG,SQ1,CW,5,17,,2,1605,1405,RPC,G,,,8,287,,,,B,4979,03,E,44,0,0,000000000,00000000000,0,0,0,1,0,0,0,0,0,0,0,998,0,1,5,12,6,2,1,0,0,0,1,29,65682,6,1,6,0,3,3,72,375,1,0,0,1,0,12,2010,12,2011,0,0,0,0,0,1,2,55,1,5,2,1,0,0,1,13,1,1,4,1,1,0
29,290013,1,1,1,16,1,21,45,35,0,1,0,29,1,13,1,13001,4,2000,1LNHM82W9YY9,1,L,N,H,M,8,2,W,9,Y,Y,9,0,P,LINC,SIG,4D,0,17,4075,,0,1177,,G,,F,8,281,,,16R225,,,,,,0,0,000000000,00000000000,0,0,0,1,0,0,0,0,0,0,0,998,0,1,5,12,6,2,35,0,0,0,1,29,64089,6,1,0,0,3,3,73,195,0,0,0,0,0,0,0,0,0,0,0,0,0,0,3,2,60,1,1,2,1,0,0,1,13,1,1,4,1,1,0
29,290014,1,2,1,6,1,14,55,12,6,1,0,29,1,7,482,7482,31,1999,1B7HF13Z5XJ5,1,B,7,H,F,1,3,Z,5,X,J,5,0,T,DODG,Q15,4C,99,17,,2,1547,1387,RPC,G,,,8,360,,,,B,4956,01,U,44,0,0,000000000,00000000000,0,0,0,1,0,0,0,0,0,0,0,18,0,1,5,3,6,2,12,0,0,0,1,29,65243,6,1,0,0,3,3,65,140,0,0,0,0,0,0,0,0,0,0,38,0,0,0,2,2,65,1,1,1,1,21,3,1,17,1,1,1,87,1,0
29,290014,2,2,1,6,1,14,55,12,6,1,0,93,3,84,881,84881,66,2000,1HSCBAXRXYJ0,1,H,S,C,B,A,X,R,X,Y,J,0,1,T,INTL,91I,TR,0,17,,8,0,0,910,D,,,6,733,,,,,00000,00,,64,1,57,003686,57003686,3,6,1,1,0,0,0,0,0,0,0,998,0,0,0,12,6,2,12,0,0,0,1,29,65201,6,1,6,3,3,0,66,145,0,0,0,0,0,0,0,0,0,0,0,0,0,0,2,2,65,1,1,1,1,0,0,1,66,4,1,1,86,0,0
29,290015,1,1,1,14,1,2,29,33,0,1,0,29,2,20,471,20471,30,2000,1GCCS1441Y81,1,G,C,C,S,1,4,4,1,Y,8,1,0,T,CHEV,S14,PK,0,17,,1,1179,1083,S,G,,,4,133,,,,B,3029,03,,42,0,0,000000000,00000000000,0,0,0,1,0,0,0,0,0,0,0,998,0,1,5,14,6,2,1,0,0,0,1,29,65265,6,2,0,0,3,2,73,170,0,1,0,1,0,1,2009,3,2011,0,73,0,0,0,1,2,30,1,1,1,1,0,0,1,13,1,1,4,1,1,1
29,290016,1,1,2,16,1,23,15,35,0,1,0,29,1,12,461,12461,21,1997,1FTHE24L7VHB,1,F,T,H,E,2,4,L,7,V,H,B,0,T,FORD,25V,CG,97,17,,2,0,1380,VAN,G,,,8,330,,,,C,5073,00,E,42,0,0,000000000,00000000000,0,0,0,1,0,0,0,0,0,0,0,998,0,1,5,12,6,2,1,0,0,0,1,29,65775,6,1,0,0,3,0,70,180,0,0,0,0,0,0,0,0,0,1,0,0,0,0,1,2,55,3,6,2,2,0,0,14,6,1,3,4,2,1,0
29,290017,1,2,1,18,1,10,55,12,6,1,0,29,1,12,471,12471,30,2004,1FTYR14E84PA,1,F,T,Y,R,1,4,E,8,4,P,A,0,T,FORD,RNS,PC,4,17,,1,0,1257,RNG,G,,,6,245,,,,B,3864,00,U,42,0,0,000000000,00000000000,0,0,0,1,0,0,0,0,0,0,0,998,0,1,3,9,6,2,12,0,0,0,1,29,64029,6,1,0,0,3,3,70,260,0,0,0,0,0,0,0,0,0,0,38,0,0,0,1,2,55,1,1,2,1,20,3,4,17,1,1,1,89,1,0
29,290017,2,2,2,18,1,10,55,12,6,1,0,29,1,37,441,37441,20,2007,5FNRL38657B0,5,F,N,R,L,3,8,6,5,7,B,0,0,P,HOND,UDY,SV,7,17,0,,0,1181,,G,,F,6,214,,,16R235,,,,,,0,0,000000000,00000000000,0,0,0,1,0,0,0,0,0,0,0,998,0,0,0,12,6,2,12,0,0,0,1,29,65807,6,1,0,0,3,3,70,168,0,0,0,0,0,0,0,0,0,0,0,0,0,0,2,2,65,1,1,2,1,0,0,1,66,1,1,1,88,0,0
29,290018,1,2,1,5,1,10,20,12,2,1,0,92,0,51,881,51881,66,1997,4VGWDACG3VN7,4,V,G,W,D,A,C,G,3,V,N,7,1,T,VOLV,WIA,TR,97,17,,8,0,0,ARO,D,,,6,893,,,,,00000,00,,64,1,57,333198,57333198,3,6,1,1,0,0,0,0,0,0,0,46,0,0,0,12,6,2,12,0,0,0,1,29,65401,6,1,6,1,3,0,74,240,0,0,0,0,0,0,0,0,0,0,0,0,0,0,1,2,55,1,6,2,1,0,0,1,62,3,1,1,51,0,0
29,290018,2,2,1,5,1,10,20,12,2,1,0,29,1,7,482,7482,31,1995,3B7HC13Z9SG7,3,B,7,H,C,1,3,Z,9,S,G,7,0,T,DODG,150,PC,95,17,,2,1547,1387,RPC,G,,,8,360,,,,B,4422,01,M,42,0,0,000000000,00000000000,0,0,0,1,0,0,0,0,0,0,0,998,0,1,5,12,6,2,12,0,0,0,1,29,63628,6,1,0,0,3,0,60,138,0,0,0,0,0,0,0,0,0,0,28,0,0,0,1,2,55,1,6,2,1,0,0,1,10,1,1,2,50,1,0
29,290019,1,2,1,8,1,12,50,12,2,1,0,29,1,12,17,12017,4,2003,1FAFP53U43A1,1,F,A,F,P,5,3,U,4,3,A,1,0,P,FORD,TSE,4D,3,17,3336,,0,1085,,G,,F,6,182,,,16R215,,,,,,0,0,000000000,00000000000,0,0,0,1,0,0,0,0,0,0,0,998,0,0,0,12,6,2,12,0,0,0,1,29,63841,6,1,0,0,3,0,67,205,0,0,0,0,0,0,0,0,0,0,0,0,0,0,1,2,45,3,1,2,1,0,0,14,62,6,1,1,51,0,0
29,290019,2,2,1,8,1,12,50,12,2,1,0,29,1,72,706,72706,80,2001,1HD1BMY381Y0,1,H,D,1,B,M,Y,3,8,1,Y,0,0,M,HD,FLF,RS,1,17,,,,,,,1450,,2,,4,666,,,,,,,0,0,000000000,00000000000,0,0,0,1,0,0,0,0,0,0,0,998,0,0,0,12,6,2,12,0,0,0,1,29,63936,6,1,0,0,3,0,72,300,0,0,0,0,0,0,0,0,0,1,28,0,0,0,1,2,45,2,1,2,1,0,0,14,10,1,1,1,50,1,0
29,290020,1,2,1,11,1,21,35,12,6,1,0,29,1,12,3,12003,2,2000,1FAFP4043YF2,1,F,A,F,P,4,0,4,3,Y,F,2,0,P,FORD,MUS,CP,0,17,3066,,0,1013,,G,,F,6,232,,,15R205,,,,,,0,0,000000000,00000000000,0,0,0,1,0,0,0,0,0,0,0,998,0,0,0,12,6,2,12,0,0,0,1,29,64735,6,1,0,0,3,0,74,150,0,0,0,0,0,0,0,0,0,0,0,0,0,0,2,4,35,1,1,2,1,0,0,1,66,3,2,1,88,0,0
29,290020,2,2,1,11,1,21,35,12,6,1,0,29,1,22,20,22020,4,1990,1G2WJ54TXLF2,1,G,2,W,J,5,4,T,X,L,F,2,0,P,PONT,GFL,4D,90,17,3186,,0,1075,,G,,F,6,191,,,14R195,,,,,,0,0,000000000,00000000000,0,0,0,1,0,0,0,0,0,0,0,998,0,0,0,9,6,2,12,0,0,0,1,29,64788,6,1,0,0,3,3,68,160,0,0,0,0,0,0,0,0,0,0,38,0,0,0,1,2,25,1,1,2,1,20,3,3,17,1,1,1,89,1,0
29,290021,1,2,1,24,1,15,55,12,6,1,0,29,1,7,482,7482,31,2001,3B7HF13Z51G1,3,B,7,H,F,1,3,Z,5,1,G,1,0,T,DODG,Q15,4C,1,17,,2,1547,1387,RPC,G,,,8,360,,,,B,5008,01,U,44,0,0,000000000,00000000000,0,0,0,1,0,0,0,0,0,0,0,998,0,0,0,3,6,2,12,0,0,0,1,29,65725,6,1,0,0,3,0,60,125,0,0,0,0,0,0,0,0,0,1,58,0,0,0,1,2,55,3,1,2,1,0,0,14,10,6,4,6,64,1,0
29,290021,2,2,1,24,1,15,55,12,6,1,0,29,1,23,981,23981,50,2000,1GDL7T1DXYJ5,1,G,D,L,7,T,1,D,X,Y,J,5,0,T,GMC,B7T,BU,0,17,,7,2737,1567,BSR,G,,,8,454,,,,,00000,00,,42,0,88,888888888,88888888888,3,21,22,1,0,0,0,0,1,0,0,998,0,0,0,12,6,2,12,0,0,0,1,29,65622,6,1,6,1,3,3,67,130,0,0,0,0,0,0,0,0,0,0,0,0,0,0,1,2,55,2,1,2,1,0,0,14,62,9,1,1,65,0,0
29,290022,1,4,1,4,1,15,33,12,1,1,0,29,1,30,42,30042,9,2011,WVWHV7AJ1BW2,W,V,W,H,V,7,A,J,1,B,W,2,0,P,VOLK,GTI,4H,11,17,3160,,0,0,,G,,T,4,121,,,000000,,,,,,0,0,000000000,00000000000,0,0,0,1,0,0,0,0,0,0,0,38,0,0,0,12,6,2,12,0,0,0,1,29,63348,6,1,0,0,3,0,68,140,3,0,0,0,0,2,2010,6,2011,0,26,0,0,0,3,4,60,1,5,1,1,0,0,1,52,9,2,1,28,0,0
29,290022,2,4,1,4,1,15,33,12,1,1,0,29,2,55,35,55035,4,2004,KMHDN46D94U7,K,M,H,D,N,4,6,D,9,4,U,7,0,P,HYUN,EST,4D,4,17,2635,,0,1027,,G,,F,4,121,,,15R195,,,,,,0,0,000000000,00000000000,0,0,0,1,0,0,0,0,0,0,0,7,3,0,0,6,6,2,12,0,0,0,1,29,63143,6,1,0,0,3,0,66,130,0,0,0,0,1,7,2009,7,2009,0,0,0,0,0,3,4,60,1,5,1,1,0,0,2,53,1,1,1,29,1,1
29,290022,3,4,1,4,1,15,33,12,1,1,0,93,3,82,881,82881,66,2006,1FUJA6CK06PV,1,F,U,J,A,6,C,K,0,6,P,V,1,T,FRHT,COL,TR,6,17,,8,0,0,CON,D,,,6,855,,,,,00000,00,,64,1,57,00086820,5700086820,3,6,1,1,0,0,0,0,0,0,0,52,7,0,0,8,6,2,12,0,0,0,1,29,64601,6,1,6,3,3,0,75,235,0,0,0,0,0,0,0,0,0,0,0,0,0,0,3,4,60,1,5,1,1,0,0,1,60,1,1,1,98,0,0
29,290022,4,4,4,4,1,15,33,12,1,1,0,29,1,49,442,49442,20,2004,5TDZA23C54S1,5,T,D,Z,A,2,3,C,5,4,S,1,0,P,TOYT,SIE,SV,4,17,4120,,0,1193,,G,,F,6,201,,,16R215,,,,,,0,0,000000000,00000000000,0,0,0,1,0,0,0,0,0,0,0,0,0,0,0,6,6,2,12,0,0,0,1,29,63017,6,1,0,0,3,3,65,120,0,0,0,0,0,0,0,0,0,0,0,0,0,0,3,4,60,1,5,1,1,0,0,5,61,1,1,1,98,0,0
29,290023,1,1,1,7,1,22,45,1,0,1,0,92,0,37,734,37734,90,1999,478TE2308XA0,4,7,8,T,E,2,3,0,8,X,A,0,0,M,HOND,TRE,AT,99,17,,,,,,,400,,1,,4,553,,,,,,,0,0,000000000,00000000000,0,0,0,1,0,0,0,0,0,0,0,998,0,1,5,0,6,2,1,0,0,0,1,29,63701,6,1,0,0,3,0,71,170,0,0,0,0,0,0,0,0,0,1,0,0,0,0,1,2,50,2,1,1,1,0,0,14,12,1,1,4,6,1,1
29,290025,1,2,1,26,1,19,40,12,2,1,0,29,1,23,472,23472,30,2004,1GKDT13S9422,1,G,K,D,T,1,3,S,9,4,2,2,0,T,GMC,ENV,4W,4,17,,1,0,1130,ENV,G,,,6,256,,,,B,4616,00,E,44,0,0,000000000,00000000000,0,0,0,1,0,0,0,0,0,0,0,998,0,0,0,12,6,2,12,0,0,0,1,29,63011,6,1,0,0,3,0,74,225,0,0,0,0,0,0,0,0,0,0,28,0,0,0,1,2,35,1,1,2,1,0,0,1,10,1,1,2,50,0,0
29,290025,2,2,1,26,1,19,40,12,2,1,1,29,1,51,42,51042,4,1997,YV1LS554XV13,Y,V,1,L,S,5,5,4,X,V,1,3,0,P,VOLV,850,4D,97,17,3131,,0,1049,,G,,F,5,149,,,15R195,,,,,,0,0,000000000,00000000000,0,0,0,1,0,0,0,0,0,0,0,998,0,0,0,12,6,2,12,0,0,0,1,29,63146,6,1,0,0,3,3,63,200,0,0,0,1,0,6,2009,6,2009,0,0,0,0,0,1,2,35,1,1,2,1,0,0,1,62,1,1,1,51,1,0
29,290026,1,1,1,21,1,0,55,42,0,1,0,29,1,20,481,20481,31,2004,1GCEK19TX4Z2,1,G,C,E,K,1,9,T,X,4,Z,2,0,T,CHEV,SK1,4C,4,17,,2,1575,1435,SIL,G,,,8,325,,,,B,4925,00,,44,0,0,000000000,00000000000,0,0,0,1,0,0,0,0,0,0,0,998,0,1,5,9,6,2,1,0,0,0,1,29,63935,6,1,0,0,3,3,67,190,1,1,0,0,0,8,2011,9,2011,1,58,0,0,0,1,2,55,3,1,2,1,0,0,14,11,6,3,4,2,1,1
29,290027,1,1,1,25,1,14,0,10,0,1,0,29,1,22,401,22401,14,2004,3G7DA03EX4S5,3,G,7,D,A,0,3,E,X,4,S,5,0,P,PONT,AZT,UT,4,17,3779,,0,1083,,G,,F,6,207,,,16R215,,,,,,0,0,000000000,00000000000,0,0,0,1,0,0,0,0,0,0,0,998,0,1,5,3,6,2,10,0,0,0,1,29,63841,6,1,0,0,3,0,69,196,1,0,0,0,0,11,2010,11,2010,0,38,0,0,0,1,2,45,1,1,7,2,65,3,1,90,1,1,1,15,1,0
29,290028,1,2,2,15,1,9,25,12,2,1,0,48,1,38,402,38402,14,1999,4S2CM58W3X43,4,S,2,C,M,5,8,W,3,X,4,3,0,P,ISU,ROD,UT,99,17,3528,,0,1064,,G,,F,6,195,,,15R235,,,,,,0,0,000000000,00000000000,0,0,0,1,0,0,0,0,0,0,0,998,0,0,0,12,6,2,12,0,0,1,1,48,65806,6,1,0,0,3,0,999,999,0,0,0,2,0,4,2010,8,2011,0,0,0,0,0,5,4,40,1,6,2,1,2,3,1,62,1,1,1,69,0,0
29,290028,2,2,2,15,1,9,25,12,2,1,0,29,2,20,37,20037,4,2000,1G1ND52J5Y61,1,G,1,N,D,5,2,J,5,Y,6,1,0,P,CHEV,MAL,4D,0,17,3051,,0,1070,,G,,F,6,191,,,15R215,,,,,,0,0,000000000,00000000000,0,0,0,1,0,0,0,0,0,0,0,998,0,0,0,12,6,2,12,0,0,0,1,29,65803,6,1,0,0,3,0,68,165,0,0,0,0,0,0,0,0,0,0,38,0,0,0,5,4,40,1,6,2,1,2,3,11,15,1,1,1,68,2,1
29,290029,1,1,2,20,1,19,48,1,0,1,0,29,1,23,471,23471,30,1995,1GKDT13W6S25,1,G,K,D,T,1,3,W,6,S,2,5,0,T,GMC,JMY,4W,95,17,,1,0,1070,JMY,G,,,6,262,,,,B,00000,00,M,44,0,0,000000000,00000000000,0,0,0,1,0,0,0,0,0,0,0,50,0,1,5,0,6,2,1,0,0,0,1,29,64648,6,1,0,0,3,3,74,160,0,0,0,0,0,0,0,0,0,0,91,0,0,0,1,2,55,3,1,2,1,0,0,14,13,1,1,4,1,1,1
29,290030,1,1,1,26,1,19,20,32,0,1,0,29,1,12,481,12481,31,2008,1FTPW14V68KB,1,F,T,P,W,1,4,V,6,8,K,B,0,T,FORD,F1S,CW,8,17,,2,1500,1390,COF,F,,,8,329,,,,B,5361,01,E,44,0,0,000000000,00000000000,0,0,0,1,0,0,0,0,0,0,0,998,0,2,5,12,6,2,1,0,0,0,1,29,65747,6,1,0,0,3,0,74,210,0,0,0,0,0,0,0,0,0,0,0,0,0,0,1,2,55,3,6,2,1,0,0,14,13,1,1,4,1,1,1
29,290031,1,1,1,29,1,3,15,31,0,1,0,29,1,12,17,12017,4,2000,1FAFP55U3YG2,1,F,A,F,P,5,5,U,3,Y,G,2,0,P,FORD,TSS,4D,0,17,3333,,0,1085,,G,,F,6,182,,,16R215,,,,,,0,0,000000000,00000000000,0,0,0,1,0,0,0,0,0,0,0,998,0,0,0,12,6,2,32,0,0,0,1,29,63650,2,1,0,0,2,0,67,135,0,0,0,0,0,0,0,0,0,0,0,0,0,0,1,2,55,3,6,2,1,0,0,14,13,1,1,4,1,1,1
29,290032,1,1,1,30,1,5,15,8,0,1,0,29,2,20,2,20002,4,2009,2G1WT57K1911,2,G,1,W,T,5,7,K,1,9,1,1,0,P,CHEV,ILT,4D,9,17,3555,,0,1105,,F,,F,6,214,,,16R225,,,,,,0,0,000000000,00000000000,0,0,0,1,0,0,0,0,0,0,0,998,0,0,0,12,6,2,8,0,0,0,1,29,65051,6,1,0,0,3,3,66,138,0,0,0,0,0,0,0,0,0,0,0,0,0,0,1,2,60,2,6,2,1,0,0,14,80,3,1,1,13,0,0
29,290033,1,1,1,31,1,6,0,1,0,1,0,5,1,35,472,35472,30,2002,1N6ED29XX2C3,1,N,6,E,D,2,9,X,X,2,C,3,0,T,NISS,XSC,CW,2,17,,1,0,1311,FRT,G,,,6,201,,,,B,3733,01,E,42,0,0,000000000,00000000000,0,0,0,1,0,0,0,0,0,0,0,998,0,1,5,0,6,2,1,0,0,0,1,29,65791,2,1,0,0,2,0,67,160,0,0,0,0,0,0,0,0,0,0,58,0,0,0,1,2,55,3,1,2,1,0,0,14,13,6,3,4,2,1,0
29,290034,1,2,2,3,2,1,7,12,6,1,0,18,3,82,881,82881,66,2012,1FUJGLDR8CLB,1,F,U,J,G,L,D,R,8,C,L,B,1,T,FRHT,125,TR,12,17,,8,0,0,CSC,D,,,6,903,,,,,00000,00,,64,1,57,00273818,5700273818,3,6,1,1,0,0,0,0,0,0,0,59,0,0,0,12,6,2,12,0,0,1,1,13,30738,6,1,6,3,3,0,68,220,98,0,0,0,1,4,2010,4,2010,0,0,0,0,0,2,2,70,1,1,2,1,0,0,1,10,1,1,6,64,1,0