STATE,ST_CASE,VEH_NO,VE_FORMS,NUMOCCS,DAY,MONTH,HOUR,MINUTE,HARM_EV,MAN_COLL,UNITTYPE,HIT_RUN,REG_STAT,OWNER,MAKE,MODEL,MAK_MOD,BODY_TYP,MOD_YEAR,VIN,VIN_1,VIN_2,VIN_3,VIN_4,VIN_5,VIN_6,VIN_7,VIN_8,VIN_9,VIN_10,VIN_11,VIN_12,TOW_VEH,VINTYPE,VINMAKE,VINA_MOD,VIN_BT,VINMODYR,VIN_LNGT,VIN_WGT,WGTCD_TR,WHLBS_LG,WHLBS_SH,SER_TR,FUELCODE,MCYCL_DS,CARBUR,CYLINDER,DISPLACE,MCYCL_CY,MCYCL_WT,TIRE_SZE,TON_RAT,TRK_WT,TRKWTVAR,VIN_REST,WHLDRWHL,J_KNIFE,MCARR_I1,MCARR_I2,MCARR_ID,GVWR,V_CONFIG,CARGO_BT,HAZ_INV,HAZ_PLAC,HAZ_ID,HAZ_CNO,HAZ_REL,BUS_USE,SPEC_USE,EMER_USE,TRAV_SP,UNDERIDE,ROLLOVER,ROLINLOC,IMPACT1,DEFORMED,TOWED,M_HARM,VEH_SC1,VEH_SC2,FIRE_EXP,DR_PRES,L_STATE,DR_ZIP,L_STATUS,L_TYPE,CDL_STAT,L_ENDORS,L_COMPL,L_RESTRI,DR_HGT,DR_WGT,PREV_ACC,PREV_SUS,PREV_DWI,PREV_SPD,PREV_OTH,FIRST_MO,FIRST_YR,LAST_MO,LAST_YR,SPEEDREL,DR_SF1,DR_SF2,DR_SF3,DR_SF4,VTRAFWAY,VNUM_LAN,VSPD_LIM,VALIGN,VPROFILE,VPAVETYP,VSURCOND,VTRAFCON,VTCONT_F,P_CRASH1,P_CRASH2,P_CRASH3,PCRASH4,PCRASH5,ACC_TYPE,DEATHS,DR_DRINK
29,290034,2,2,1,3,2,1,7,12,6,1,0,37,3,84,881,84881,66,2000,1HSHCAHR5YH2,1,H,S,H,C,A,H,R,5,Y,H,2,1,T,INTL,810,TR,0,17,,8,2560,1440,80S,D,,,6,661,,,,,00000,00,,64,1,57,00121018,5700121018,3,6,1,1,0,0,0,0,0,0,0,62,0,1,5,11,6,2,12,0,0,1,1,55,53402,6,1,6,3,3,3,70,206,0,0,0,1,0,12,2011,12,2011,0,0,0,0,0,2,2,70,1,1,2,1,0,0,1,64,7,1,1,65,0,0
29,290035,1,1,1,21,1,1,25,1,0,1,0,29,1,20,441,20441,20,1989,1GNDM15Z7KB2,1,G,N,D,M,1,5,Z,7,K,B,2,0,P,CHEV,AST,SV,89,17,3268,,0,1110,,G,,F,6,262,,,15R205,,,,,,0,0,000000000,00000000000,0,0,0,1,0,0,0,0,0,0,0,998,0,1,5,0,6,2,1,0,0,0,1,29,63662,6,1,0,0,3,0,63,125,0,0,0,0,0,0,0,0,0,0,0,0,0,0,1,2,55,3,1,2,1,0,0,14,13,3,2,4,2,1,1
29,290036,1,1,1,23,1,22,41,30,0,1,0,48,3,7,24,7024,4,2011,2B3CL3CG8BH5,2,B,3,C,L,3,C,G,8,B,H,5,0,P,DODG,CHA,4D,11,17,3961,,0,1200,,F,,F,6,220,,,17R215,,,,,,0,0,000000000,00000000000,0,0,0,1,0,0,0,0,0,0,0,76,0,1,5,2,6,2,1,0,0,0,1,29,64130,1,1,0,0,2,0,69,155,0,4,0,0,1,2,2009,8,2011,1,37,58,0,0,1,1,25,1,1,2,1,0,0,1,13,9,3,4,2,1,0
29,290037,1,1,1,29,1,20,1,8,0,1,1,99,9,99,999,99999,99,9999,999999999999,9,9,9,9,9,9,9,9,9,9,9,9,9,,,,,,,,,,,,,,,,,,,,,,,,,0,99,999999999,99999999999,9,99,99,1,0,0,0,0,99,99,9,998,0,0,0,98,9,9,8,0,0,0,1,99,99999,9,9,99,9,9,9,999,999,99,99,99,99,99,99,9999,99,9999,9,99,99,99,99,6,1,55,4,1,1,1,99,9,14,80,99,9,9,13,0,0
29,290038,1,1,3,30,1,12,3,1,0,1,0,29,2,37,32,37032,4,1998,1HGCG5658WA1,1,H,G,C,G,5,6,5,8,W,A,1,0,P,HOND,UEX,4D,98,17,2985,,0,1069,,G,,F,4,138,,,15R195,,,,,,0,0,000000000,00000000000,0,0,0,1,0,0,0,0,0,0,0,998,0,1,5,0,6,2,1,0,0,0,1,29,64118,6,1,0,0,3,0,71,148,0,0,0,0,0,0,0,0,0,1,58,0,0,0,1,2,55,1,5,2,1,0,0,1,6,7,4,4,7,1,0
29,290039,1,2,1,31,1,20,40,12,6,1,0,29,1,12,471,12471,30,1995,1FTCR15XXSPA,1,F,T,C,R,1,5,X,X,S,P,A,0,T,FORD,RNS,PC,95,17,,1,0,1250,RNG,G,,,6,245,,,,B,00000,00,M,44,0,0,000000000,00000000000,0,0,0,1,0,0,0,0,0,0,0,68,0,0,0,12,6,2,12,0,0,0,1,29,64062,6,1,0,0,3,0,68,195,0,0,0,0,0,0,0,0,0,0,39,0,0,0,1,2,55,1,9,2,1,20,3,1,17,1,1,1,88,1,1
29,290039,2,2,1,31,1,20,40,12,6,1,0,92,0,85,881,85881,66,2004,3WKDD49X24F0,3,W,K,D,D,4,9,X,2,4,F,0,0,T,KW,T80,TR,4,17,,8,2600,1600,CON,D,,,6,915,,,,,00000,00,,64,0,57,0964831,570964831,3,5,96,1,0,0,0,0,0,0,0,55,0,1,5,11,6,2,12,0,0,0,1,29,64465,6,1,6,3,3,0,69,165,0,0,0,0,0,0,0,0,0,1,0,0,0,0,1,2,60,2,6,2,1,0,0,14,66,1,1,1,89,0,0
29,290040,1,2,2,2,2,8,7,12,6,1,0,29,1,7,402,7402,14,2003,1D8HR48N93F5,1,D,8,H,R,4,8,N,9,3,F,5,0,P,DODG,DUR,UT,3,17,4348,,0,1160,,G,,F,8,287,,,16R245,,,,,,0,0,000000000,00000000000,0,0,0,1,0,0,0,0,0,0,0,998,0,0,0,12,6,2,12,0,0,0,1,29,64123,6,1,0,0,3,3,62,160,1,0,0,4,1,8,2009,4,2011,0,0,0,0,0,3,3,25,1,1,2,1,2,3,1,66,1,1,1,86,0,0
29,290040,2,2,1,2,2,8,7,12,6,1,0,29,1,20,34,20034,3,1993,2C1MS2462P67,2,C,1,M,S,2,4,6,2,P,6,7,0,P,GEO,XFI,2H,93,17,1621,,0,892,,G,,F,3,061,,,12R145,,,,,,0,0,000000000,00000000000,0,0,0,1,0,0,0,0,0,0,0,998,0,0,0,81,6,2,12,0,0,0,1,29,64116,6,1,0,0,3,3,62,110,0,1,0,1,0,1,2010,3,2011,0,39,0,0,0,5,6,35,1,1,2,1,2,3,1,17,1,1,1,87,1,0
29,290041,1,1,3,3,2,19,5,58,0,1,0,29,2,12,481,12481,31,1997,1FTDF18W0VKB,1,F,T,D,F,1,8,W,0,V,K,B,0,T,FORD,F15,PK,97,17,,1,1390,1200,COF,G,,,8,281,,,,B,4235,02,E,44,0,0,000000000,00000000000,0,0,0,1,0,0,0,0,0,0,0,998,0,1,5,12,6,2,1,0,0,0,1,29,65548,6,2,0,0,3,2,62,135,0,0,0,0,0,0,0,0,0,1,73,0,0,0,1,2,50,3,1,4,2,0,0,14,6,1,4,4,7,1,0
29,290042,1,2,2,4,2,13,58,12,2,1,0,29,2,22,16,22016,2,1999,1G2JB1249X75,1,G,2,J,B,1,2,4,9,X,7,5,0,P,PONT,SFS,CP,99,17,2630,,0,1041,,G,,F,4,133,,,14R195,,,,,,0,0,000000000,00000000000,0,0,0,1,0,0,0,0,0,0,0,998,0,0,0,12,6,2,12,0,0,0,1,29,65770,6,2,0,0,3,0,68,198,0,0,0,0,0,0,0,0,0,0,28,0,0,0,1,2,55,1,1,2,1,0,0,1,10,1,1,2,50,1,0
29,290042,2,2,2,4,2,13,58,12,2,1,0,29,1,7,482,7482,31,1996,3B7MF33CXTM1,3,B,7,M,F,3,3,C,X,T,M,1,0,T,DODG,350,PC,96,17,,3,0,1547,RPC,D,,,6,359,,,,D,5653,00,M,44,0,0,000000000,00000000000,0,0,0,1,0,0,0,0,0,0,0,998,0,0,0,12,6,2,12,0,0,0,1,29,65770,6,1,6,0,3,3,74,195,0,0,0,1,0,1,2012,1,2012,0,0,0,0,0,1,2,55,1,1,2,1,0,0,1,62,9,2,1,51,0,0
29,290043,1,2,1,11,1,9,18,12,6,1,0,17,1,14,38,14038,3,1999,1ZWFT61L1X57,1,Z,W,F,T,6,1,L,1,X,5,7,0,P,MERC,CU6,2H,99,17,2941,,0,1064,,G,,F,6,155,,,16R215,,,,,,0,0,000000000,00000000000,0,0,0,1,0,0,0,0,0,0,0,998,0,0,0,12,6,2,12,0,0,0,1,17,65714,6,1,0,0,3,0,71,220,0,0,0,0,0,0,0,0,0,0,39,0,0,0,2,2,55,1,1,2,1,1,3,1,15,3,2,1,88,0,0
29,290043,2,2,2,11,1,9,18,12,6,1,0,29,1,12,37,12037,4,2011,1FAHP3HNXBW1,1,F,A,H,P,3,H,N,X,B,W,1,0,P,FORD,FCL,4D,11,17,2642,,0,1029,,G,,F,4,122,,,16R205,,,,,,0,0,000000000,00000000000,0,0,0,1,0,0,0,0,0,0,0,998,0,0,0,9,6,2,12,0,0,0,1,29,65714,6,1,6,0,3,3,76,205,0,0,0,0,0,0,0,0,0,0,0,0,0,0,1,2,35,1,1,2,1,1,3,1,67,1,1,1,89,2,0
29,290044,1,2,1,16,1,15,8,12,2,1,0,29,2,20,481,20481,31,2002,2GCEC19T8212,2,G,C,E,C,1,9,T,8,2,1,2,0,T,CHEV,SC1,4C,2,17,,2,1575,1435,SIL,G,,,8,325,,,,B,4534,03,,42,0,0,000000000,00000000000,0,0,0,1,0,0,0,0,0,0,0,998,0,0,0,12,6,2,12,0,0,0,1,29,65616,6,1,0,0,3,0,72,207,0,0,0,0,0,0,0,0,0,0,28,0,0,0,5,4,45,1,6,2,1,0,0,1,10,1,1,2,50,1,1
29,290044,2,2,2,16,1,15,8,12,2,1,0,5,1,49,403,49403,14,2003,JTEGD21A9300,J,T,E,G,D,2,1,A,9,3,0,0,0,P,TOYT,HIG,UT,3,17,3485,,0,1069,,G,,F,4,144,,,16R225,,,,,,0,0,000000000,00000000000,0,0,0,1,0,0,0,0,0,0,0,998,0,0,0,12,6,2,12,0,0,0,1,5,72601,6,1,0,0,3,3,66,170,0,0,0,0,0,0,0,0,0,0,0,0,0,0,5,4,45,1,6,2,1,0,0,1,62,1,1,1,51,1,0
29,290046,1,1,1,30,1,8,29,35,0,1,0,29,1,12,16,12016,4,2005,2FAFP74W85X1,2,F,A,F,P,7,4,W,8,5,X,1,0,P,FORD,CVL,4D,5,17,4057,,0,1147,,G,,F,8,281,,,16R225,,,,,,0,0,000000000,00000000000,0,0,0,1,0,0,0,0,0,0,0,998,0,1,6,12,6,2,35,0,0,0,1,29,64055,6,1,0,0,3,3,72,180,3,0,0,0,1,3,2010,9,2011,0,0,0,0,0,2,2,55,1,5,2,1,0,0,1,12,1,1,4,6,1,0
29,290047,1,1,1,1,2,18,38,8,0,1,0,37,3,84,881,84881,66,2009,2HSCUAPR39C1,2,H,S,C,U,A,P,R,3,9,C,1,1,T,INTL,PPR,TR,9,17,,8,0,0,PRO,D,,,6,915,,,,,00000,00,,64,1,57,1399095,571399095,3,6,1,1,0,0,0,0,0,0,0,66,0,0,0,11,2,3,8,0,0,0,1,28,38878,6,1,6,0,3,0,70,185,0,0,0,0,0,0,0,0,0,0,0,0,0,0,3,4,60,1,1,2,1,0,0,1,80,1,1,1,13,0,0
29,290048,1,1,1,2,2,22,57,8,0,1,0,29,2,21,23,21023,4,1998,1G3WS52K8WF3,1,G,3,W,S,5,2,K,8,W,F,3,0,P,OLDS,IGL,4D,98,17,3455,,0,1090,,G,,F,6,231,,,16R225,,,,,,0,0,000000000,00000000000,0,0,0,1,0,0,0,0,0,0,0,998,0,0,0,14,0,1,8,0,0,0,1,29,63031,6,1,0,0,3,0,74,225,0,0,0,0,0,0,0,0,0,0,0,0,0,0,3,3,55,1,6,2,1,0,0,1,80,1,1,1,13,0,0
29,290050,1,1,1,6,2,18,2,8,0,1,0,29,1,20,402,20402,14,2004,2CNBJ1347469,2,C,N,B,J,1,3,4,7,4,6,9,0,P,CHEV,TKR,UT,4,17,3027,,0,976,,G,,F,6,152,,,15R215,,,,,,0,0,000000000,00000000000,0,0,0,1,0,0,0,0,0,0,0,998,0,0,0,1,6,2,8,0,0,0,1,29,65039,6,1,0,0,3,0,63,125,0,0,0,0,0,0,0,0,0,0,0,0,0,0,3,2,70,1,1,2,1,0,0,15,80,6,1,2,13,0,0
29,290051,1,1,2,8,2,6,55,32,0,1,0,29,1,12,481,12481,31,1987,1FTDF15YXHKA,1,F,T,D,F,1,5,Y,X,H,K,A,0,T,FORD,F15,PK,87,17,,1,1330,1170,COF,G,,,6,300,,,,B,3447,01,A,42,0,0,000000000,00000000000,0,0,0,1,0,0,0,0,0,0,0,998,0,1,5,14,6,2,1,0,0,0,1,29,65681,6,1,0,0,3,0,68,257,0,0,0,0,0,0,0,0,0,0,0,0,0,0,1,2,55,3,6,2,1,0,0,14,13,1,1,4,1,1,0
29,290052,1,1,2,10,2,21,35,32,0,1,0,29,2,12,401,12401,14,1993,1FMDU34X2PUC,1,F,M,D,U,3,4,X,2,P,U,C,0,P,FORD,EPR,UT,93,17,3997,,0,1120,,G,,F,6,245,,,15R225,,,,,,0,0,000000000,00000000000,0,0,0,1,0,0,0,0,0,0,0,998,0,0,0,12,6,2,34,0,0,0,1,29,63013,6,1,0,0,3,0,65,145,0,0,0,0,0,0,0,0,0,1,0,0,0,0,1,2,45,2,6,2,1,0,0,14,6,1,1,4,1,1,1
29,290053,1,1,1,12,2,17,51,35,0,1,0,29,1,12,3,12003,2,2012,1G1ZC5E08CF1,1,G,1,Z,C,5,E,0,8,C,F,1,0,P,CHEV,ML1,4D,12,17,3436,,0,1123,,G,,F,4,146,,,17R215,,,,,,0,0,000000000,00000000000,0,0,0,1,0,0,0,0,0,0,0,998,0,1,5,12,6,2,1,0,0,0,1,29,65270,6,1,0,0,3,0,67,170,0,0,0,0,0,0,0,0,0,0,0,0,0,0,1,2,60,2,1,2,1,0,0,14,10,1,1,4,6,1,0
29,290054,1,2,1,13,2,16,41,12,2,1,0,29,3,12,481,12481,31,2001,1FTNX21L11EC,1,F,T,N,X,2,1,L,1,1,E,C,0,T,FORD,F2S,4C,1,17,,2,1580,1418,SRW,G,,,8,330,,,,C,5635,07,U,44,0,0,000000000,00000000000,0,0,0,1,0,0,0,0,0,0,0,998,0,0,0,12,6,2,12,0,0,0,1,29,63037,6,1,0,0,3,3,68,190,0,0,0,1,2,12,2009,2,2012,0,0,0,0,0,1,2,55,3,3,2,3,0,0,14,63,1,1,1,51,0,0
29,290054,2,2,1,13,2,16,41,12,2,1,0,29,2,12,471,12471,30,1994,1FTCR15X0RPC,1,F,T,C,R,1,5,X,0,R,P,C,0,T,FORD,RNS,PC,94,17,,1,0,1250,RNG,G,,,6,245,,,,B,3479,00,A,44,0,0,000000000,00000000000,0,0,0,1,0,0,0,0,0,0,0,998,0,0,0,12,6,2,12,0,0,0,1,29,63013,6,2,0,0,3,2,66,120,1,0,0,0,0,2,2011,2,2011,1,28,73,0,0,1,2,55,2,3,2,3,0,0,14,10,4,2,2,50,1,0
29,290055,1,1,6,19,2,2,33,57,0,1,0,29,2,63,402,63402,14,2003,KNDJC7339350,K,N,D,J,C,7,3,3,9,3,5,0,0,P,KIA,SOR,UT,3,17,4255,,0,1067,,G,,F,6,213,,,16R245,,,,,,0,0,000000000,00000000000,0,0,0,1,0,0,0,0,0,0,0,998,0,1,3,12,6,2,1,0,0,0,1,29,63080,3,2,0,0,2,2,67,120,0,0,0,0,0,0,0,0,0,0,58,73,0,0,3,2,70,1,6,2,1,0,0,1,10,6,4,4,7,1,1
29,290056,1,1,1,22,2,13,12,33,0,1,0,29,1,37,32,37032,4,2005,1HGCM66585A0,1,H,G,C,M,6,6,5,8,5,A,0,0,P,HOND,UEX,4D,5,17,3384,,0,1079,,G,,F,6,183,,,16R205,,,,,,0,0,000000000,00000000000,0,0,0,1,0,0,0,0,0,0,0,998,0,0,0,14,6,2,30,0,0,0,1,29,63017,6,1,0,0,3,3,61,170,0,0,0,0,0,0,0,0,0,0,0,0,0,0,3,3,40,1,1,2,1,3,3,1,12,1,1,4,6,1,0
29,290057,1,3,5,17,1,18,40,12,6,1,0,29,1,20,443,20443,20,2003,1GNDX03E13D1,1,G,N,D,X,0,3,E,1,3,D,1,0,T,CHEV,VTR,ES,3,17,,1,0,1200,VTR,G,,,6,207,,,,,3699,01,,42,0,0,000000000,00000000000,0,0,0,1,0,0,0,0,0,0,0,998,0,0,0,5,6,2,12,0,0,0,1,29,63547,6,1,0,0,3,0,60,179,1,0,0,1,0,8,2010,6,2011,0,0,0,0,0,1,2,55,1,5,2,1,0,0,11,54,1,1,1,68,0,0
29,290057,2,3,1,17,1,18,40,12,6,1,0,29,1,12,17,12017,4,2001,1FAFP534X1G2,1,F,A,F,P,5,3,4,X,1,G,2,0,P,FORD,TSE,4D,1,17,3354,,0,1085,,G,,F,6,232,,,16R215,,,,,,0,0,000000000,00000000000,0,0,0,1,0,0,0,0,0,0,0,998,0,0,0,12,6,2,12,0,0,0,1,29,63501,2,1,0,0,2,3,73,225,1,4,1,0,0,2,2009,1,2012,0,0,0,0,0,1,2,55,1,5,2,1,0,0,1,54,1,1,1,69,1,0
29,290057,3,3,1,17,1,18,40,12,6,1,0,29,1,12,401,12401,14,2006,1FMEU74E46UA,1,F,M,E,U,7,4,E,4,6,U,A,0,P,FORD,EPR,UT,6,17,4456,,0,1137,,G,,F,6,244,,,17R245,,,,,,0,0,000000000,00000000000,0,0,0,1,0,0,0,0,0,0,0,998,0,0,0,12,6,2,12,0,0,0,1,29,63555,6,1,0,0,3,0,71,180,0,0,0,1,0,3,2011,3,2011,0,0,0,0,0,1,2,55,1,5,2,1,0,0,1,62,1,1,1,98,0,0
29,290058,1,1,4,3,2,12,10,33,0,1,0,29,2,7,482,7482,31,2004,1D7HU18D04S6,1,D,7,H,U,1,8,D,0,4,S,6,0,T,DODG,SQ1,CW,4,17,,2,1605,1405,RPC,G,,,8,345,,,,B,5043,02,E,44,0,0,000000000,00000000000,0,0,0,1,0,0,0,0,0,0,0,998,0,1,5,14,6,2,1,0,0,0,1,29,65559,6,1,0,0,3,0,62,200,0,0,0,0,0,0,0,0,0,1,58,0,0,0,3,3,70,1,1,2,2,0,0,1,12,1,4,4,7,1,0
29,290059,1,2,1,6,2,13,8,12,2,1,0,29,1,20,481,20481,31,1988,1GCDC14H3JZ2,1,G,C,D,C,1,4,H,3,J,Z,2,0,T,CHEV,GC1,PK,88,17,,1,1315,1175,GM4,G,,,8,305,,,,B,3655,01,,42,0,0,000000000,00000000000,0,0,0,1,0,0,0,0,0,0,0,998,0,0,0,12,6,2,12,0,0,0,1,29,65453,6,1,0,0,3,3,65,150,0,0,0,0,0,0,0,0,0,0,51,0,0,0,3,2,70,1,5,1,1,0,0,1,54,1,1,1,52,1,0
29,290059,2,2,1,6,2,13,8,12,2,1,0,93,3,85,881,85881,66,2007,1XKADB9X57J1,1,X,K,A,D,B,9,X,5,7,J,1,1,T,KW,T60,TR,7,17,,8,2600,1600,CON,D,,,6,893,,,,,00000,00,,64,1,57,01978008,5701978008,3,6,1,1,0,0,0,0,0,0,0,41,0,0,0,12,6,2,12,0,0,0,1,6,93551,6,1,6,0,3,0,71,170,0,0,0,0,0,0,0,0,0,0,0,0,0,0,3,2,70,1,5,1,1,0,0,1,54,8,1,1,52,0,0
29,290060,1,2,1,15,2,12,30,12,6,1,0,29,1,84,881,84881,63,1996,1HTSDAAR3TH3,1,H,T,S,D,A,A,R,3,T,H,3,0,T,INTL,490,CC,96,17,,8,2540,1280,40S,D,,,6,466,,,,,00000,00,,42,0,88,888888888,88888888888,3,1,4,1,0,0,0,0,0,0,0,998,0,0,0,12,6,2,12,0,0,0,1,29,65255,6,1,6,3,3,3,69,200,0,0,0,0,0,0,0,0,0,0,0,0,0,0,2,2,70,1,5,2,2,0,0,1,66,1,1,1,69,0,0
29,290060,2,2,1,15,2,12,30,12,6,1,0,29,1,12,471,12471,30,2004,1FTYR10UX4PB,1,F,T,Y,R,1,0,U,X,4,P,B,0,T,FORD,RNG,PK,4,17,,1,1175,1116,RNG,G,,,6,182,,,,B,3085,00,U,42,0,0,000000000,00000000000,0,0,0,1,0,0,0,0,0,0,0,998,0,0,0,1,6,2,12,0,0,0,1,29,64676,6,1,0,0,3,3,69,130,0,0,0,0,0,0,0,0,0,0,38,0,0,0,1,2,40,1,8,1,2,21,3,11,15,1,1,1,68,1,0
29,290061,1,1,2,3,1,3,30,1,0,1,0,29,1,20,36,20036,2,2000,2G1WW12E8Y92,2,G,1,W,W,1,2,E,8,Y,9,2,0,P,CHEV,MLS,CP,0,17,3340,,0,1075,,G,,F,6,207,,,16R225,,,,,,0,0,000000000,00000000000,0,0,0,1,0,0,0,0,0,0,0,64,0,2,5,0,6,2,1,0,0,0,1,29,63628,6,1,0,0,3,3,72,235,0,0,0,1,0,1,2010,1,2010,1,58,0,0,0,1,2,55,3,6,2,1,0,0,14,10,6,4,4,7,1,1
29,290062,1,1,1,24,1,9,58,33,0,1,0,29,1,12,37,12037,4,2009,1FAHP34N79W2,1,F,A,H,P,3,4,N,7,9,W,2,0,P,FORD,FKS,4D,9,17,2623,,0,1029,,G,,F,4,122,,,15R195,,,,,,0,0,000000000,00000000000,0,0,0,1,0,0,0,0,0,0,0,52,0,0,0,12,6,2,31,0,0,0,1,29,63129,6,1,0,0,3,3,71,180,0,0,0,0,0,0,0,0,0,0,0,0,0,0,5,4,40,1,1,2,1,3,3,11,13,1,1,4,1,1,0
29,290063,1,1,2,11,2,12,32,35,0,1,0,29,1,12,3,12003,2,2001,1FAFP40411F1,1,F,A,F,P,4,0,4,1,1,F,1,0,P,FORD,MUS,CP,1,17,3066,,0,1013,,G,,F,6,232,,,15R205,,,,,,0,0,000000000,00000000000,0,0,0,1,0,0,0,0,0,0,0,998,0,0,0,12,6,2,35,0,0,0,1,29,65058,6,1,0,0,3,0,64,120,0,0,0,0,0,0,0,0,0,0,0,0,0,0,3,2,55,1,1,2,1,0,0,1,13,4,1,4,1,1,0
29,290064,1,1,1,13,2,18,30,59,0,1,0,29,1,12,481,12481,31,2000,1FTZX1725YNA,1,F,T,Z,X,1,7,2,5,Y,N,A,0,T,FORD,F15,4C,0,17,,1,1571,1385,COF,G,,,6,256,,,,B,4204,05,U,42,0,0,000000000,00000000000,0,0,0,1,0,0,0,0,0,0,0,998,0,1,3,12,6,2,1,0,0,0,1,29,63111,6,1,0,0,3,0,72,165,0,0,0,0,0,0,0,0,0,1,0,0,0,0,2,2,65,2,6,2,3,0,0,14,6,1,1,4,6,1,1
29,290065,1,1,1,18,2,18,52,34,0,1,0,20,1,23,481,23481,31,1998,2GTEK19M3W15,2,G,T,E,K,1,9,M,3,W,1,5,0,T,GMC,SK1,PC,98,17,,2,1555,1415,SIE,G,,,8,305,,,,B,4561,00,U,44,0,0,000000000,00000000000,0,0,0,1,0,0,0,0,0,0,0,998,0,1,5,12,6,2,1,0,0,0,1,20,66002,6,1,6,0,3,0,66,175,0,0,0,0,0,0,0,0,0,1,58,0,0,0,1,2,60,1,1,5,1,0,0,1,13,6,3,4,2,1,1
29,290066,1,3,2,21,2,10,52,12,2,1,0,29,3,58,39,58039,6,2012,JN8AS1MW5CM1,J,N,8,A,S,1,M,W,5,C,M,1,0,P,INFI,IFX,UT,12,17,4299,,0,1136,,G,,F,6,214,,,18R265,,,,,,0,0,000000000,00000000000,0,0,0,1,0,0,0,0,0,0,0,998,0,0,0,12,6,2,12,0,0,0,1,6,94612,6,1,6,0,3,3,67,145,0,0,0,0,0,0,0,0,0,0,28,0,0,0,5,2,40,1,1,2,1,0,0,1,10,1,1,2,50,0,0
29,290066,2,3,1,21,2,10,52,12,2,1,0,29,2,7,482,7482,31,2007,3D7KR26D67G7,3,D,7,K,R,2,6,D,6,7,G,7,0,T,DODG,S25,PK,7,17,,2,0,1405,RPC,G,,,8,348,,,,C,4810,05,E,42,0,0,000000000,00000000000,0,0,0,1,0,0,0,0,0,0,0,998,0,0,0,12,6,2,12,0,0,0,1,29,63139,6,1,0,0,3,0,73,225,0,0,0,0,0,0,0,0,0,0,0,0,0,0,5,2,40,1,1,2,1,0,0,1,62,1,1,1,51,0,0
29,290066,3,3,1,21,2,10,52,12,2,1,0,29,2,37,32,37032,4,1998,1HGCG5645WA1,1,H,G,C,G,5,6,4,5,W,A,1,6,P,HOND,ULX,4D,98,17,2952,,0,1069,,G,,F,4,138,,,15R195,,,,,,2,0,000000000,00000000000,0,0,0,1,0,0,0,0,0,0,0,998,0,0,0,12,6,2,12,0,0,0,1,29,63129,6,1,0,0,3,3,65,140,0,0,0,0,0,0,0,0,0,0,0,0,0,0,5,2,40,1,1,2,1,0,0,1,62,1,1,1,98,1,0
29,290067,1,1,1,24,2,0,39,24,0,1,0,29,2,6,441,6441,20,2005,2C4GP44R45R5,2,C,4,G,P,4,4,R,4,5,R,5,0,T,CHRY,TLX,ES,5,17,,1,0,1193,TWC,G,,,6,201,,,,,4121,00,,42,0,0,000000000,00000000000,0,0,0,1,0,0,0,0,0,0,0,998,0,0,0,12,6,2,24,0,0,0,1,20,66056,2,1,0,0,2,0,66,170,0,1,2,0,1,7,2009,5,2011,0,0,0,0,0,3,2,70,1,1,2,1,0,0,1,12,1,1,4,6,1,1
29,290068,1,1,1,17,2,20,45,35,0,1,0,29,1,12,481,12481,31,1996,1FTEX14N8TKA,1,F,T,E,X,1,4,N,8,T,K,A,0,T,FORD,F15,PC,96,17,,2,1550,1390,COF,G,,,8,302,,,,B,4196,00,M,44,0,0,000000000,00000000000,0,0,0,1,0,0,0,0,0,0,0,998,0,1,5,12,6,2,35,0,0,0,1,29,65338,6,1,0,0,3,0,70,200,0,0,0,0,0,0,0,0,0,0,0,0,0,0,1,2,55,3,6,2,1,0,0,14,13,1,1,4,1,1,1
29,290069,1,3,2,22,2,19,32,12,2,1,0,29,1,72,706,72706,80,2002,1HD4CAM182K1,1,H,D,4,C,A,M,1,8,2,K,1,0,M,HD,X88,RS,2,17,,,,,,,883,,2,,4,486,,,,,,,0,0,000000000,00000000000,0,0,0,1,0,0,0,0,0,0,0,998,0,0,0,12,6,2,12,0,0,0,1,29,64739,6,1,0,0,3,3,66,175,0,0,0,0,0,0,0,0,0,0,35,0,0,0,1,2,55,1,3,2,1,0,0,6,54,1,1,1,52,2,0
29,290069,2,3,1,22,2,19,32,12,2,1,0,29,2,20,421,20421,15,1999,1GNEK13RXXJ3,1,G,N,E,K,1,3,R,X,X,J,3,0,P,CHEV,KTA,UT,99,17,5268,,0,1175,,G,,F,8,350,,,16R245,,,,,,0,0,000000000,00000000000,0,0,0,1,0,0,0,0,0,0,0,998,0,0,0,12,6,2,34,0,0,0,1,29,64701,6,1,0,0,3,0,61,175,0,0,0,0,0,0,0,0,0,0,0,0,0,0,1,2,55,1,3,2,1,0,0,1,54,1,1,1,52,0,0
29,290069,3,3,1,22,2,19,32,12,2,1,0,29,1,7,482,7482,31,2008,3D7MX48A08G2,3,D,7,M,X,4,8,A,0,8,G,2,0,T,DODG,SQ3,CW,8,17,,3,0,1600,RPC,D,,,6,408,,,,D,6168,00,E,44,0,0,000000000,00000000000,0,0,0,1,0,0,0,0,0,0,0,998,0,0,0,11,4,1,12,0,0,0,1,29,64019,6,1,0,0,3,0,72,165,0,0,0,2,0,7,2009,3,2011,0,0,0,0,0,1,2,55,1,3,2,1,0,0,1,62,1,1,1,98,0,0
29,290070,2,1,1,25,2,13,20,42,0,1,0,29,1,37,32,37032,4,1992,1HGCB7555NA0,1,H,G,C,B,7,5,5,5,N,A,0,0,P,HOND,ALX,4D,92,17,2504,,0,1071,,G,,F,4,132,,,14R185,,,,,,0,0,000000000,00000000000,0,0,0,1,0,0,0,0,0,0,0,998,0,1,5,12,6,2,1,0,0,0,1,29,65721,1,1,0,0,2,0,76,150,2,1,0,1,0,7,2010,1,2012,1,0,0,0,0,1,2,35,1,6,2,1,0,0,1,13,1,2,4,2,1,0