STATE,ST_CASE,VEH_NO,VE_FORMS,NUMOCCS,DAY,MONTH,HOUR,MINUTE,HARM_EV,MAN_COLL,UNITTYPE,HIT_RUN,REG_STAT,OWNER,MAKE,MODEL,MAK_MOD,BODY_TYP,MOD_YEAR,VIN,VIN_1,VIN_2,VIN_3,VIN_4,VIN_5,VIN_6,VIN_7,VIN_8,VIN_9,VIN_10,VIN_11,VIN_12,TOW_VEH,VINTYPE,VINMAKE,VINA_MOD,VIN_BT,VINMODYR,VIN_LNGT,VIN_WGT,WGTCD_TR,WHLBS_LG,WHLBS_SH,SER_TR,FUELCODE,MCYCL_DS,CARBUR,CYLINDER,DISPLACE,MCYCL_CY,MCYCL_WT,TIRE_SZE,TON_RAT,TRK_WT,TRKWTVAR,VIN_REST,WHLDRWHL,J_KNIFE,MCARR_I1,MCARR_I2,MCARR_ID,GVWR,V_CONFIG,CARGO_BT,HAZ_INV,HAZ_PLAC,HAZ_ID,HAZ_CNO,HAZ_REL,BUS_USE,SPEC_USE,EMER_USE,TRAV_SP,UNDERIDE,ROLLOVER,ROLINLOC,IMPACT1,DEFORMED,TOWED,M_HARM,VEH_SC1,VEH_SC2,FIRE_EXP,DR_PRES,L_STATE,DR_ZIP,L_STATUS,L_TYPE,CDL_STAT,L_ENDORS,L_COMPL,L_RESTRI,DR_HGT,DR_WGT,PREV_ACC,PREV_SUS,PREV_DWI,PREV_SPD,PREV_OTH,FIRST_MO,FIRST_YR,LAST_MO,LAST_YR,SPEEDREL,DR_SF1,DR_SF2,DR_SF3,DR_SF4,VTRAFWAY,VNUM_LAN,VSPD_LIM,VALIGN,VPROFILE,VPAVETYP,VSURCOND,VTRAFCON,VTCONT_F,P_CRASH1,P_CRASH2,P_CRASH3,PCRASH4,PCRASH5,ACC_TYPE,DEATHS,DR_DRINK
29,290071,1,2,1,25,2,3,30,12,6,1,0,29,1,20,22,20022,4,2006,1G1AK55F0678,1,G,1,A,K,5,5,F,0,6,7,8,0,P,CHEV,BLS,4D,6,17,3216,,0,1033,,G,,F,4,134,,,15R195,,,,,,0,0,000000000,00000000000,0,0,0,1,0,0,0,0,0,0,0,71,0,0,0,11,6,2,12,0,0,1,1,29,64152,6,1,0,0,3,0,71,230,0,0,0,0,0,0,0,0,0,0,0,0,0,0,3,2,70,1,1,2,1,0,0,6,54,3,3,2,66,1,0
29,290071,2,2,1,25,2,3,30,12,6,1,0,29,1,35,402,35402,14,2003,5N1ED28Y43C6,5,N,1,E,D,2,8,Y,4,3,C,6,0,P,NISS,XTR,UT,3,17,3924,,0,1043,,G,,F,6,201,,,16R265,,,,,,0,0,000000000,00000000000,0,0,0,1,0,0,0,0,0,0,0,51,0,0,0,12,6,2,12,0,0,0,1,29,65109,6,1,0,0,3,0,67,130,0,0,0,0,0,0,0,0,0,0,50,0,0,0,3,2,70,1,1,2,1,0,0,1,54,1,1,1,66,0,1
29,290073,1,2,2,8,2,21,56,25,0,1,0,29,1,7,482,7482,31,2004,3D7LU38C24G1,3,D,7,L,U,3,8,C,2,4,G,1,0,T,DODG,SQ3,CW,4,17,,2,1605,1405,RPC,D,,,6,359,,,,D,5640,00,E,44,0,0,000000000,00000000000,0,0,0,1,0,0,0,0,0,0,0,998,0,0,0,12,6,2,12,0,0,0,1,29,63020,2,1,0,0,2,0,72,190,0,0,0,0,0,0,0,0,0,1,0,0,0,0,3,2,55,2,6,2,1,0,0,14,6,1,1,4,6,1,1
29,290073,2,2,1,8,2,21,56,25,0,1,0,29,1,2,404,2404,14,2000,1J4FF58S0YL1,1,J,4,F,F,5,8,S,0,Y,L,1,0,T,JEEP,CLC,4W,0,17,,1,0,1014,CHK,G,,,6,244,,,,,3247,00,E,44,0,0,000000000,00000000000,0,0,0,1,0,0,0,0,0,0,0,998,0,0,0,12,2,1,12,0,0,0,1,29,63122,6,1,0,0,3,0,73,190,0,0,0,0,0,0,0,0,0,0,0,0,0,0,3,2,55,2,6,2,1,0,0,14,98,1,1,1,98,0,0
29,290074,1,1,2,12,2,16,30,42,0,1,0,29,1,23,471,23471,30,2003,1GKDT13S8321,1,G,K,D,T,1,3,S,8,3,2,1,0,T,GMC,ENV,4W,3,17,,1,0,1130,ENV,G,,,6,256,,,,B,4600,00,E,44,0,0,000000000,00000000000,0,0,0,1,0,0,0,0,0,0,0,998,0,0,0,12,6,2,42,0,0,0,1,29,63834,2,1,0,0,2,0,64,135,0,7,2,0,1,2,2009,11,2010,1,58,0,0,0,1,2,55,1,1,2,1,0,0,1,13,7,4,4,7,1,1
29,290075,1,2,2,13,2,10,29,12,2,1,0,95,3,82,881,82881,66,2007,1FUJA6CK47LX,1,F,U,J,A,6,C,K,4,7,L,X,1,T,FRHT,COL,TR,7,17,,8,0,0,CON,D,,,6,855,,,,,00000,00,,64,1,57,811543,57811543,3,6,1,1,0,0,0,0,0,0,0,998,0,0,0,12,6,2,12,0,0,0,1,95,0,9,9,99,9,9,9,999,999,99,99,99,99,99,99,9999,99,9999,0,0,0,0,0,1,2,45,1,1,2,3,0,0,1,62,1,1,1,51,0,0
29,290075,2,2,2,13,2,10,29,12,2,1,0,29,2,20,471,20471,30,2001,1GCCS14W91K1,1,G,C,C,S,1,4,W,9,1,K,1,0,T,CHEV,S14,PK,1,17,,1,1179,1083,S,G,,,6,262,,,,B,00000,00,,42,0,0,000000000,00000000000,0,0,0,1,0,0,0,0,0,0,0,998,0,0,0,12,6,2,12,0,0,0,1,29,65714,6,1,0,0,3,0,68,165,1,0,0,1,1,6,2011,9,2011,1,58,28,0,0,1,2,45,1,1,2,3,0,0,1,6,1,7,2,50,1,0
29,290076,1,3,4,18,2,12,59,12,6,1,0,92,0,22,20,22020,4,2002,1G2WK52JX2F2,1,G,2,W,K,5,2,J,X,2,F,2,0,P,PONT,GFS,4D,2,17,3384,,0,1105,,G,,F,6,191,,,15R205,,,,,,0,0,000000000,00000000000,0,0,0,1,0,0,0,0,0,0,0,998,0,0,0,12,6,2,12,0,0,0,1,29,63136,1,1,0,0,2,0,69,174,1,3,0,0,0,5,2011,1,2012,1,39,0,0,0,1,3,35,1,1,2,1,2,3,1,17,1,1,1,86,2,0
29,290076,2,3,1,18,2,12,59,12,6,1,0,29,2,51,42,51042,4,1996,YV1LS5546T33,Y,V,1,L,S,5,5,4,6,T,3,3,0,P,VOLV,8/G,4D,96,17,3128,,0,1049,,G,,F,5,149,,,15R195,,,,,,0,0,000000000,00000000000,0,0,0,1,0,0,0,0,0,0,0,998,0,0,0,1,6,2,12,0,0,0,1,29,63135,6,1,0,0,3,3,69,195,0,0,0,0,0,0,0,0,0,0,0,0,0,0,1,3,35,1,1,2,1,2,3,1,66,1,1,1,87,0,0
29,290076,3,3,1,18,2,12,59,12,6,1,0,29,3,20,870,20870,55,2008,1GBG5U1938F4,1,G,B,G,5,U,1,9,3,8,F,4,0,T,CHEV,C5U,MH,8,17,,6,2390,1660,C55,D,,,8,403,,,,,00000,00,,42,0,88,888888888,88888888888,2,20,22,1,0,0,0,0,6,0,0,998,0,0,0,12,6,2,12,0,0,0,1,17,62208,6,1,0,0,3,0,68,300,1,0,0,0,0,10,2011,10,2011,0,0,0,0,0,1,3,35,1,1,2,1,2,3,1,98,1,1,1,98,0,0
29,290077,1,2,3,20,2,12,30,12,6,1,0,29,2,20,2,20002,4,2004,2G1WF52E9494,2,G,1,W,F,5,2,E,9,4,9,4,0,P,CHEV,IMP,4D,4,17,3389,,0,1105,,G,,F,6,207,,,16R225,,,,,,0,0,000000000,00000000000,0,0,0,1,0,0,0,0,0,0,0,0,0,0,0,9,6,2,12,0,0,0,1,29,65301,6,1,0,0,3,0,64,160,1,0,0,0,0,11,2010,11,2010,0,0,0,0,0,1,2,25,1,1,2,1,20,3,5,66,1,1,1,89,1,0
29,290077,2,2,1,20,2,12,30,12,6,1,0,29,1,35,47,35047,4,2001,1N4DL01D31C1,1,N,4,D,L,0,1,D,3,1,C,1,0,P,NISS,AXE,4D,1,17,2754,,0,1031,,G,,F,4,146,,,15R195,,,,,,0,0,000000000,00000000000,0,0,0,1,0,0,0,0,0,0,0,998,0,0,0,12,6,2,12,0,0,0,1,29,65301,6,1,0,0,3,3,68,150,0,0,0,0,0,0,0,0,0,0,28,0,0,0,1,2,55,1,6,2,1,0,0,1,50,1,1,2,88,0,0
29,290078,1,4,2,21,2,14,57,12,6,1,0,29,2,63,33,63033,4,2006,KNAFE1210653,K,N,A,F,E,1,2,1,0,6,5,3,0,P,KIA,SLE,4D,6,17,2701,,0,1028,,G,,F,4,122,,,15R195,,,,,,0,0,000000000,00000000000,0,0,0,1,0,0,0,0,0,0,0,998,0,0,0,12,6,2,12,0,0,0,1,29,64110,6,1,0,0,3,3,72,285,0,0,0,0,0,0,0,0,0,1,0,0,0,0,6,1,35,1,5,1,1,1,3,1,6,1,1,1,88,0,0
29,290078,2,4,1,21,2,14,57,12,6,1,0,92,0,47,35,47035,1,1999,YS3DF78N5X70,Y,S,3,D,F,7,8,N,5,X,7,0,0,P,SAA,93E,CV,99,17,3250,,0,1026,,G,,T,4,121,,,16R205,,,,,,0,0,000000000,00000000000,0,0,0,1,0,0,0,0,0,0,0,0,0,0,0,9,6,2,12,0,0,0,1,29,64075,6,1,0,0,3,3,70,135,1,0,0,0,0,9,2009,9,2009,0,0,0,0,0,2,2,35,1,1,1,1,1,3,5,66,1,1,1,89,1,0
29,290078,3,4,1,21,2,14,57,12,6,1,0,29,1,23,471,23471,30,1997,1GTCS14X8V85,1,G,T,C,S,1,4,X,8,V,8,5,0,T,GMC,SON,PK,97,17,,1,1179,1083,SON,G,,,6,262,,,,B,2930,01,M,42,0,0,000000000,00000000000,0,0,0,1,0,0,0,0,0,0,0,0,0,0,0,6,2,1,54,0,0,0,1,29,64014,6,1,0,0,3,0,64,122,0,0,0,0,0,0,0,0,0,0,0,0,0,0,2,2,35,1,1,1,1,1,3,5,98,1,1,1,98,0,0
29,290078,4,4,1,21,2,14,57,12,6,1,0,29,1,12,402,12402,14,2003,1FMYU93193KD,1,F,M,Y,U,9,3,1,9,3,K,D,0,P,FORD,SPE,UT,3,17,3458,,0,1031,,G,,F,6,181,,,16R235,,,,,,0,0,000000000,00000000000,0,0,0,1,0,0,0,0,0,0,0,0,0,0,0,7,2,1,54,0,0,0,1,29,64015,6,2,0,0,3,0,70,130,0,0,0,0,0,0,0,0,0,0,0,0,0,0,2,2,35,1,1,1,1,1,3,5,98,1,1,1,98,0,0
29,290079,1,2,1,22,2,17,44,12,6,1,0,29,1,7,482,7482,31,1997,3B7HC13Y6VG7,3,B,7,H,C,1,3,Y,6,V,G,7,0,T,DODG,150,PC,97,17,,2,1547,1387,RPC,G,,,8,318,,,,B,4379,01,M,42,0,0,000000000,00000000000,0,0,0,1,0,0,0,0,0,0,0,998,0,1,5,1,6,2,12,0,0,0,1,29,65725,6,1,0,0,3,0,70,185,0,0,0,0,1,5,2009,5,2009,0,38,0,0,0,1,2,55,1,1,1,1,4,3,3,17,1,1,1,87,0,1
29,290079,2,2,1,22,2,17,44,12,6,1,0,29,1,18,7,18007,4,1999,2G4WS52M3X16,2,G,4,W,S,5,2,M,3,X,1,6,0,P,BUIC,CCU,4D,99,17,3353,,0,1090,,G,,F,6,191,,,15R205,,,,,,0,0,000000000,00000000000,0,0,0,1,0,0,0,0,0,0,0,998,0,0,0,12,6,2,12,0,0,0,1,29,65802,6,1,0,0,3,0,65,170,0,0,0,0,0,0,0,0,0,0,0,0,0,0,1,2,55,1,1,1,1,0,0,1,66,1,1,1,86,1,1
29,290080,1,1,1,22,2,0,15,8,0,1,0,17,3,82,881,82881,66,2005,1FUJA6CK55LN,1,F,U,J,A,6,C,K,5,5,L,N,1,T,FRHT,COL,TR,5,17,,8,0,0,CON,D,,,6,858,,,,,00000,00,,64,1,57,1420767,571420767,3,6,1,1,0,0,0,0,0,0,0,998,0,0,0,12,2,3,8,0,0,0,1,17,62086,6,1,6,3,3,3,67,160,0,0,0,0,0,0,0,0,0,0,0,0,0,0,1,2,45,1,1,2,1,0,0,1,80,1,1,1,13,0,0
29,290081,1,1,1,28,2,19,15,21,0,1,0,92,0,72,706,72706,80,2006,1HD1HDZ126K8,1,H,D,1,H,D,Z,1,2,6,K,8,0,M,HD,VRD,RS,6,17,,,,,,,1130,,2,,4,607,,,,,,,0,0,000000000,00000000000,0,0,0,1,0,0,0,0,0,0,0,998,0,0,0,12,6,2,21,0,0,0,1,29,63846,1,1,5,0,2,3,76,209,0,1,1,0,0,11,2011,12,2011,1,0,0,0,0,1,2,0,2,1,2,1,0,0,14,12,1,1,5,6,1,1
29,290082,1,1,2,22,1,4,0,24,0,1,0,92,0,20,481,20481,31,2001,1GCEK19V81E2,1,G,C,E,K,1,9,V,8,1,E,2,0,T,CHEV,SK1,4C,1,17,,2,1575,1435,SIL,G,,,8,293,,,,B,4776,00,,44,0,0,000000000,00000000000,0,0,0,1,0,0,0,0,0,0,0,998,0,1,1,1,6,2,1,0,0,0,1,29,65548,6,1,0,0,3,0,72,180,0,0,0,0,0,0,0,0,0,1,0,0,0,0,1,2,65,1,6,1,4,0,0,1,6,1,2,4,2,2,1
29,290083,1,1,2,7,2,16,30,23,0,1,0,29,2,12,481,12481,31,1990,1FTEF14H7LPA,1,F,T,E,F,1,4,H,7,L,P,A,0,T,FORD,F15,PK,90,17,,2,1330,1170,COF,G,,,8,351,,,,B,3800,01,A,44,0,0,000000000,00000000000,0,0,0,1,0,0,0,0,0,0,0,998,0,1,6,12,6,2,3,0,0,0,1,29,64744,6,2,0,0,3,3,71,158,0,0,0,0,0,0,0,0,0,0,0,0,0,0,1,2,50,2,6,4,2,0,0,14,3,1,1,4,1,1,0
29,290084,1,1,1,7,2,19,20,34,0,1,0,29,1,2,404,2404,14,1991,1J4FN78S5ML5,1,J,4,F,N,7,8,S,5,M,L,5,0,T,JEEP,BRW,4W,91,17,,1,0,1014,CHK,G,,,6,242,,,,,3360,01,A,44,0,0,000000000,00000000000,0,0,0,1,0,0,0,0,0,0,0,998,0,1,5,11,6,2,1,0,0,0,1,29,64620,6,1,0,0,3,0,67,145,0,0,0,0,0,0,0,0,0,0,0,0,0,0,1,2,55,2,6,2,1,0,0,14,12,1,3,4,2,1,1
29,290085,1,2,1,13,2,7,25,12,6,1,0,29,1,20,37,20037,4,2001,1G1NE52J3161,1,G,1,N,E,5,2,J,3,1,6,1,0,P,CHEV,M/L,4D,1,17,3051,,0,1070,,G,,F,6,191,,,15R215,,,,,,0,0,000000000,00000000000,0,0,0,1,0,0,0,0,0,0,0,998,0,0,0,5,6,2,12,0,0,0,1,29,63367,6,1,0,0,3,3,62,107,0,0,0,0,0,0,0,0,0,1,28,87,0,0,3,2,65,1,6,7,3,0,0,15,51,1,1,2,47,0,0
29,290085,2,2,1,13,2,7,25,12,6,1,0,18,3,51,881,51881,66,2012,4V4NC9EH1CN5,4,V,4,N,C,9,E,H,1,C,N,5,1,T,VOLV,VNL,TR,12,17,,8,0,0,VVN,D,,,6,793,,,,,00000,00,,64,1,57,098583,57098583,3,6,1,1,0,0,0,0,0,0,0,998,0,0,0,12,6,2,12,0,0,0,1,18,47591,6,1,6,0,3,3,70,250,0,0,0,0,0,0,0,0,0,0,0,0,0,0,3,2,65,1,6,7,3,0,0,1,61,8,1,1,45,1,0
29,290086,1,1,2,24,2,19,40,24,0,1,0,29,2,20,401,20401,14,1998,1GNDT13WXW22,1,G,N,D,T,1,3,W,X,W,2,2,0,P,CHEV,BZR,UT,98,17,4046,,0,1070,,G,,F,6,262,,,15R235,,,,,,0,0,000000000,00000000000,0,0,0,1,0,0,0,0,0,0,0,998,0,1,1,6,6,2,1,0,0,0,1,29,63123,6,1,0,0,3,0,60,95,1,0,0,0,0,2,2011,2,2011,0,58,0,0,0,2,2,55,3,1,2,1,0,0,14,13,6,4,4,2,1,0
29,290087,1,1,1,26,2,23,9,11,0,1,0,29,2,63,441,63441,20,2006,KNDMB2330660,K,N,D,M,B,2,3,3,0,6,6,0,0,P,KIA,SED,SV,6,17,0,,0,1145,,G,,F,6,231,,,15R215,,,,,,0,0,000000000,00000000000,0,0,0,1,0,0,0,0,0,0,0,998,0,0,0,13,6,2,11,0,0,0,1,29,65014,6,1,0,0,3,3,70,250,0,0,0,0,0,0,0,0,0,0,0,0,0,0,1,2,55,3,1,2,1,0,0,14,87,1,1,1,13,1,0
29,290088,1,1,2,29,2,22,58,35,0,1,0,29,1,23,481,23481,31,1995,1GTEC14H3SZ5,1,G,T,E,C,1,4,H,3,S,Z,5,0,T,GMC,SC1,PK,95,17,,2,1315,1175,SIE,G,,,8,305,,,,B,4068,00,M,42,0,0,000000000,00000000000,0,0,0,1,0,0,0,0,0,0,0,998,0,1,5,14,6,2,1,0,0,0,1,29,65463,6,1,0,0,3,0,73,220,0,0,0,0,0,0,0,0,0,0,58,0,0,0,1,2,55,3,6,2,1,0,0,14,13,6,2,4,7,1,1
29,290089,1,1,1,1,3,18,50,1,0,1,0,29,1,76,706,76706,80,2006,JYAVP17E26A0,J,Y,A,V,P,1,7,E,2,6,A,0,0,M,YAMA,X17,RS,6,17,,,,,,,1670,,2,,4,679,,,,,,,0,0,000000000,00000000000,0,0,0,1,0,0,0,0,0,0,0,998,0,0,0,0,6,2,1,0,0,0,1,29,65662,6,1,0,0,3,0,71,225,0,0,0,1,0,7,2010,7,2010,1,0,0,0,0,1,2,55,2,6,2,1,0,0,14,6,1,1,1,98,1,0
29,290090,1,2,1,6,3,15,10,12,6,1,0,29,1,14,402,14402,14,2005,4M2YU57135DJ,4,M,2,Y,U,5,7,1,3,5,D,J,0,P,MERC,MRN,UT,5,17,3409,,0,1031,,G,,F,6,183,,,16R235,,,,,,0,0,000000000,00000000000,0,0,0,1,0,0,0,0,0,0,0,998,0,0,0,12,6,2,12,0,0,0,1,29,64080,6,1,0,0,3,3,64,160,0,0,0,1,0,8,2010,8,2010,0,28,0,0,0,1,2,55,1,5,2,1,0,0,1,10,1,1,2,64,1,0
29,290090,2,2,1,6,3,15,10,12,6,1,0,20,3,52,898,52898,61,2007,JL6BBE1S07K0,J,L,6,B,B,E,1,S,0,7,K,0,0,T,MIFU,84D,TB,7,17,,4,0,0,FE8,D,,,4,299,,,,,00000,00,,42,0,57,1171436,571171436,2,1,1,1,0,0,0,0,0,0,0,998,0,1,1,8,6,2,1,0,0,0,1,29,64086,6,1,0,0,3,0,70,165,0,0,0,0,0,0,0,0,0,0,0,0,0,0,1,2,55,1,6,2,1,0,0,1,62,7,1,1,65,0,0
29,290091,1,1,1,2,3,1,15,1,0,1,0,29,1,49,48,49048,5,2005,JTKKT6049501,J,T,K,K,T,6,0,4,9,5,0,1,0,P,TOYT,SXA,4H,5,17,2340,,0,933,,G,,F,4,092,,,15R185,,,,,,0,0,000000000,00000000000,0,0,0,1,0,0,0,0,0,0,0,998,0,2,3,0,6,2,1,0,0,0,1,29,65753,6,1,0,0,3,0,64,100,1,0,0,0,1,6,2010,9,2010,0,0,0,0,0,2,2,70,2,6,2,1,0,0,14,12,1,4,4,7,1,0
29,290092,1,1,2,15,2,19,25,1,0,1,0,29,2,2,404,2404,14,1999,1J4GW58N5XC7,1,J,4,G,W,5,8,N,5,X,C,7,0,T,JEEP,LRO,4W,99,17,,1,0,1059,GCK,G,,,8,287,,,,,3809,00,E,44,0,0,000000000,00000000000,0,0,0,1,0,0,0,0,0,0,0,998,0,1,5,0,6,2,1,0,0,0,1,29,63385,6,2,0,0,3,2,61,100,0,0,0,0,0,0,0,0,0,1,36,73,87,0,3,2,65,2,6,2,2,0,0,14,6,1,3,4,2,1,0
29,290093,1,1,1,21,2,10,39,35,0,1,0,29,1,59,403,59403,14,2006,JTJGW31U3600,J,T,J,G,W,3,1,U,3,6,0,0,0,P,LEXS,NX4,UT,6,17,4190,,0,1069,,B,,F,6,202,,,18R235,,,,,,0,0,000000000,00000000000,0,0,0,1,0,0,0,0,0,0,0,998,0,1,5,12,6,2,1,0,0,0,1,5,65616,6,1,0,0,3,3,72,200,0,0,0,0,0,0,0,0,0,0,0,0,0,0,6,1,50,2,5,2,1,0,0,14,12,1,1,4,6,1,0
29,290094,1,2,1,28,2,14,40,12,2,1,0,29,1,49,43,49043,4,2002,4T1BF28B72U2,4,T,1,B,F,2,8,B,7,2,U,2,0,P,TOYT,UVS,4D,2,17,3417,,0,1071,,G,,F,6,183,,,15R205,,,,,,0,0,000000000,00000000000,0,0,0,1,0,0,0,0,0,0,0,61,0,0,0,12,6,2,12,0,0,0,1,29,65026,6,1,0,0,3,3,64,135,0,0,0,0,0,0,0,0,0,0,28,0,0,0,1,2,55,2,5,2,1,0,0,14,10,1,1,2,50,0,0
29,290094,2,2,4,28,2,14,40,12,2,1,0,29,3,22,22,22022,4,2008,1G2ZG57N5841,1,G,2,Z,G,5,7,N,5,8,4,1,0,P,PONT,6BS,4D,8,17,3305,,0,1123,,G,,F,6,214,,,17R225,,,,,,0,0,000000000,00000000000,0,0,0,1,0,0,0,0,0,0,0,58,0,0,0,12,6,2,12,0,0,0,1,29,65026,1,1,0,0,2,0,71,310,0,1,0,0,2,11,2010,12,2011,0,0,0,0,0,1,2,55,3,5,2,1,0,0,14,62,1,1,1,51,3,0
29,290095,1,1,2,2,3,0,1,40,0,1,0,29,3,20,431,20431,16,2001,3GNEC16TX1G1,3,G,N,E,C,1,6,T,X,1,G,1,0,P,CHEV,C15,UT,1,17,4914,,0,1300,,G,,F,8,325,,,16R245,,,,,,0,0,000000000,00000000000,0,0,0,1,0,0,0,0,0,0,0,998,0,0,0,12,6,2,30,0,0,0,1,29,63136,2,1,0,0,2,0,70,155,0,1,1,0,1,8,2010,1,2012,0,0,0,0,0,1,2,25,3,1,2,1,0,0,14,13,1,1,4,1,1,1
29,290096,1,2,3,9,3,21,40,12,2,1,0,29,2,22,20,22020,4,1999,1G2WJ52M5XF2,1,G,2,W,J,5,2,M,5,X,F,2,0,P,PONT,GFS,4D,99,17,3414,,0,1105,,G,,F,6,191,,,15R205,,,,,,0,0,000000000,00000000000,0,0,0,1,0,0,0,0,0,0,0,998,0,0,0,12,6,2,12,0,0,0,1,29,65453,6,2,0,0,3,2,69,141,1,0,0,0,0,5,2011,5,2011,1,28,73,0,0,1,2,55,2,3,2,1,0,0,14,54,1,1,1,52,0,0
29,290096,2,2,2,9,3,21,40,12,2,1,0,29,2,12,13,12013,2,2002,3FAFP11312R1,3,F,A,F,P,1,1,3,1,2,R,1,0,P,FORD,ZX2,CP,2,17,2478,,0,984,,G,,F,4,121,,,15R185,,,,,,0,0,000000000,00000000000,0,0,0,1,0,0,0,0,0,0,0,998,0,0,0,12,6,2,12,0,0,0,1,29,65401,6,1,0,0,3,3,67,160,0,0,0,0,0,0,0,0,0,0,0,0,0,0,1,2,55,3,3,2,1,0,0,14,54,1,1,1,52,1,1
29,290097,1,2,1,6,3,9,52,12,6,1,0,92,0,82,881,82881,66,2007,1FUJF0CVX7LZ,1,F,U,J,F,0,C,V,X,7,L,Z,1,T,FRHT,112,TR,7,17,,8,0,0,COL,D,,,6,782,,,,,00000,00,,64,1,57,582312,57582312,3,6,1,1,0,0,0,0,0,0,0,63,0,0,0,12,4,3,12,0,0,0,1,18,46124,6,1,6,0,3,3,73,360,0,0,0,0,1,3,2009,3,2009,0,0,0,0,0,5,2,65,1,1,1,1,0,0,1,66,8,2,1,88,0,0
29,290097,2,2,1,6,3,9,52,12,6,1,0,29,1,14,6,14006,4,1999,2MEFM75W9XX7,2,M,E,F,M,7,5,W,9,X,X,7,0,P,MERC,MGL,4D,99,17,3922,,0,1147,,G,,F,8,281,,,16R225,,,,,,0,0,000000000,00000000000,0,0,0,1,0,0,0,0,0,0,0,998,0,0,0,11,6,2,12,0,0,0,1,29,64688,6,1,0,0,3,3,66,165,0,0,0,0,0,0,0,0,0,0,0,0,0,0,1,2,35,1,1,2,1,20,3,1,17,1,1,1,89,1,0
29,290098,1,1,1,10,1,14,40,35,0,1,0,92,0,98,882,98882,63,1995,1CYDCP489ST0,1,C,Y,D,C,P,4,8,9,S,T,0,0,U,,,,95,17,,,,,,,,,,,,,,,,,,,0,57,433641,57433641,3,2,96,1,0,0,0,0,0,0,0,998,0,0,0,12,6,2,35,0,0,0,1,29,65775,6,1,6,0,3,3,72,233,1,0,0,2,1,10,2009,3,2011,0,80,0,0,0,1,2,60,1,6,2,1,0,0,1,1,9,2,4,7,1,0
29,290099,1,1,2,23,2,19,35,5,0,1,0,29,1,12,481,12481,31,2011,1FT8W3BT8BEB,1,F,T,8,W,3,B,T,8,B,E,B,0,T,FORD,F3S,CW,11,17,,3,1724,1562,SRW,D,,,8,409,,,,D,6593,00,7,44,0,0,000000000,00000000000,0,0,0,1,0,0,0,0,0,0,0,998,0,0,0,0,0,1,5,0,0,0,1,29,65674,4,1,0,0,2,0,69,165,0,0,0,0,0,0,0,0,0,0,0,0,0,0,1,2,60,1,6,2,1,0,0,1,98,1,1,1,0,1,0
29,290100,1,1,1,1,3,21,50,1,0,1,0,29,1,2,404,2404,14,1998,1J4FT68S4WL1,1,J,4,F,T,6,8,S,4,W,L,1,0,T,JEEP,SCL,4W,98,17,,1,0,1014,CHK,G,,,6,242,,,,,3094,00,E,42,0,0,000000000,00000000000,0,0,0,1,0,0,0,0,0,0,0,998,0,1,1,0,6,2,1,0,0,0,1,1,63119,6,1,0,0,3,0,75,210,0,0,0,1,0,6,2011,6,2011,1,58,0,0,0,3,6,60,2,5,2,1,0,0,14,6,7,3,2,98,1,1
29,290101,1,2,1,3,3,0,25,33,0,1,0,29,1,12,6,12006,4,1976,6U63H128598,6,U,6,3,H,1,2,8,5,9,8,,0,P,FORD,LTD,4P,76,11,4303,,0,1210,,G,,2,8,351,,,15HR78,,,,,,0,0,000000000,00000000000,0,0,0,1,0,0,0,0,0,0,0,0,0,0,0,11,6,2,12,0,0,0,1,29,65803,6,1,0,0,3,0,72,240,0,0,0,0,0,0,0,0,0,0,0,0,0,0,1,2,35,1,1,2,1,4,3,5,64,1,1,4,98,0,0
29,290101,2,2,3,3,3,0,25,33,0,1,0,29,1,54,37,54037,2,1997,19UYA2250VL0,1,9,U,Y,A,2,2,5,0,V,L,0,0,P,ACUR,30C,CP,97,17,3186,,0,1069,,G,,F,6,183,,,16R205,,,,,,0,0,000000000,00000000000,0,0,0,1,0,0,0,0,0,0,0,65,0,0,0,14,6,2,30,0,0,0,1,29,65803,6,1,0,0,3,0,69,175,0,0,0,0,1,8,2010,8,2010,1,0,0,0,0,1,2,30,1,1,2,1,4,3,1,6,1,1,4,98,1,1
29,290102,1,1,1,17,3,12,27,35,0,1,0,29,1,55,402,55402,14,2005,KM8JM12B15U0,K,M,8,J,M,1,2,B,1,5,U,0,0,P,HYUN,TUC,UT,5,17,3240,,0,1035,,G,,F,4,120,,,16R215,,,,,,0,0,000000000,00000000000,0,0,0,1,0,0,0,0,0,0,0,998,0,1,5,14,6,2,1,0,0,0,1,29,64870,6,1,0,0,3,3,64,250,0,0,0,0,0,0,0,0,0,0,0,0,0,0,1,2,55,1,1,2,1,0,0,1,13,1,1,4,1,1,0
29,290103,1,1,2,9,3,23,5,42,0,1,0,92,0,20,16,20016,4,2004,1G1JF52F3471,1,G,1,J,F,5,2,F,3,4,7,1,0,P,CHEV,CAS,4D,4,17,2676,,0,1041,,G,,F,4,134,,,15R195,,,,,,0,0,000000000,00000000000,0,0,0,1,0,0,0,0,0,0,0,998,0,1,5,11,6,2,1,0,0,0,1,29,63050,6,1,0,0,3,3,63,153,1,0,0,0,0,9,2011,9,2011,1,0,0,0,0,1,2,35,1,6,2,1,0,0,1,6,1,3,4,7,1,0