STATE,ST_CASE,VEH_NO,VE_FORMS,NUMOCCS,DAY,MONTH,HOUR,MINUTE,HARM_EV,MAN_COLL,UNITTYPE,HIT_RUN,REG_STAT,OWNER,MAKE,MODEL,MAK_MOD,BODY_TYP,MOD_YEAR,VIN,VIN_1,VIN_2,VIN_3,VIN_4,VIN_5,VIN_6,VIN_7,VIN_8,VIN_9,VIN_10,VIN_11,VIN_12,TOW_VEH,VINTYPE,VINMAKE,VINA_MOD,VIN_BT,VINMODYR,VIN_LNGT,VIN_WGT,WGTCD_TR,WHLBS_LG,WHLBS_SH,SER_TR,FUELCODE,MCYCL_DS,CARBUR,CYLINDER,DISPLACE,MCYCL_CY,MCYCL_WT,TIRE_SZE,TON_RAT,TRK_WT,TRKWTVAR,VIN_REST,WHLDRWHL,J_KNIFE,MCARR_I1,MCARR_I2,MCARR_ID,GVWR,V_CONFIG,CARGO_BT,HAZ_INV,HAZ_PLAC,HAZ_ID,HAZ_CNO,HAZ_REL,BUS_USE,SPEC_USE,EMER_USE,TRAV_SP,UNDERIDE,ROLLOVER,ROLINLOC,IMPACT1,DEFORMED,TOWED,M_HARM,VEH_SC1,VEH_SC2,FIRE_EXP,DR_PRES,L_STATE,DR_ZIP,L_STATUS,L_TYPE,CDL_STAT,L_ENDORS,L_COMPL,L_RESTRI,DR_HGT,DR_WGT,PREV_ACC,PREV_SUS,PREV_DWI,PREV_SPD,PREV_OTH,FIRST_MO,FIRST_YR,LAST_MO,LAST_YR,SPEEDREL,DR_SF1,DR_SF2,DR_SF3,DR_SF4,VTRAFWAY,VNUM_LAN,VSPD_LIM,VALIGN,VPROFILE,VPAVETYP,VSURCOND,VTRAFCON,VTCONT_F,P_CRASH1,P_CRASH2,P_CRASH3,PCRASH4,PCRASH5,ACC_TYPE,DEATHS,DR_DRINK
29,290104,1,1,1,3,3,3,40,35,0,1,0,29,2,20,36,20036,2,1998,2G1WX12K5W91,2,G,1,W,X,1,2,K,5,W,9,1,0,P,CHEV,MZ3,CP,98,17,3452,,0,1075,,G,,F,6,231,,,16R225,,,,,,0,0,000000000,00000000000,0,0,0,1,0,0,0,0,0,0,0,998,0,1,5,11,6,2,1,0,0,0,1,29,63376,6,1,0,0,3,3,71,160,0,0,0,0,2,12,2009,10,2010,1,0,0,0,0,1,2,55,2,5,2,1,0,0,14,6,1,3,4,7,1,1
29,290105,1,3,1,18,2,23,54,12,6,1,0,20,1,49,40,49040,4,1994,JT2SK12E5R02,J,T,2,S,K,1,2,E,5,R,0,2,0,P,TOYT,CLE,4D,94,17,3086,,0,1031,,G,,F,4,132,,,14R195,,,,,,0,0,000000000,00000000000,0,0,0,1,0,0,0,0,0,0,0,998,0,0,0,12,6,2,12,0,0,0,1,20,66102,6,1,0,0,3,0,66,120,2,0,0,0,0,6,2009,6,2010,1,39,0,0,0,5,6,35,1,5,2,1,3,3,1,17,1,1,1,88,1,0
29,290105,2,3,2,18,2,23,54,12,6,1,0,29,2,34,37,34037,4,2002,WBAGL63452DP,W,B,A,G,L,6,3,4,5,2,D,P,0,P,BMW,45I,4D,2,17,4376,,0,1177,,G,,F,8,268,,,18R245,,,,,,0,0,000000000,00000000000,0,0,0,1,0,0,0,0,0,0,0,998,0,0,0,62,6,2,12,0,0,0,1,29,64130,6,1,0,0,3,0,70,160,0,0,0,1,0,8,2011,8,2011,0,0,0,0,0,1,4,35,1,2,2,1,3,3,1,66,1,1,1,89,0,0
29,290105,3,3,1,18,2,23,54,12,6,1,0,29,2,12,481,12481,31,1997,1FTHX26F3VEA,1,F,T,H,X,2,6,F,3,V,E,A,0,T,FORD,F25,PC,97,17,,2,1550,1390,COF,D,,,8,444,,,,C,5236,00,A,44,0,0,000000000,00000000000,0,0,0,1,0,0,0,0,0,0,0,0,0,0,0,63,2,1,12,0,0,0,1,29,64050,6,1,0,0,3,0,73,180,1,0,0,0,0,10,2010,10,2010,0,0,0,0,0,0,0,0,0,0,0,0,0,0,98,98,1,1,1,98,0,0
29,290106,1,1,1,19,2,1,49,33,0,1,0,29,1,54,31,54031,3,1998,JH4DC4457WS0,J,H,4,D,C,4,4,5,7,W,S,0,0,P,ACUR,ILS,2H,98,17,2608,,0,1012,,G,,F,4,112,,,14R195,,,,,,0,0,000000000,00000000000,0,0,0,1,0,0,0,0,0,0,0,67,0,0,0,12,6,2,2,0,0,1,1,29,64114,6,1,0,0,3,3,68,135,0,0,0,0,0,0,0,0,0,1,58,0,0,0,2,2,25,2,6,2,1,0,0,14,12,9,2,4,7,1,1
29,290107,1,1,1,1,3,20,34,34,0,1,0,29,2,72,706,72706,80,2003,1HD4CAM153K4,1,H,D,4,C,A,M,1,5,3,K,4,0,M,HD,X88,RS,3,17,,,,,,,883,,2,,4,486,,,,,,,0,0,000000000,00000000000,0,0,0,1,0,0,0,0,0,0,0,998,0,0,0,14,6,2,1,0,0,0,1,29,65459,2,1,0,0,2,0,69,150,0,0,0,0,0,0,0,0,0,1,0,0,0,0,1,2,55,3,1,2,1,0,0,14,6,1,1,4,6,1,0
29,290108,1,1,1,3,3,12,55,33,0,1,0,29,1,12,37,12037,3,2000,3FAFP3134YR1,3,F,A,F,P,3,1,3,4,Y,R,1,0,P,FORD,FZX,3P,0,17,2551,,0,1030,,G,,F,4,121,,,15R195,,,,,,0,0,000000000,00000000000,0,0,0,1,0,0,0,0,0,0,0,998,0,0,0,14,6,2,30,0,0,0,1,29,63303,6,1,0,0,3,0,71,195,0,0,0,0,0,0,0,0,0,1,0,0,0,0,1,4,45,1,1,1,1,0,0,1,10,1,1,4,6,1,0
29,290109,1,1,2,10,3,2,50,5,0,1,0,92,0,20,443,20443,20,2000,1GNDX03E9YD3,1,G,N,D,X,0,3,E,9,Y,D,3,0,T,CHEV,VTR,ES,0,17,,1,0,1200,VTR,G,,,6,207,,,,,3838,00,,42,0,0,000000000,00000000000,0,0,0,1,0,0,0,0,0,0,0,998,0,0,0,0,0,1,5,0,0,0,1,29,64129,6,1,0,0,3,0,67,180,0,0,0,0,0,0,0,0,0,0,0,0,0,0,5,4,45,1,1,2,1,0,0,1,98,1,1,1,0,1,0
29,290110,1,1,1,28,2,0,40,53,0,1,0,29,2,35,43,35043,4,2002,3N1AB51A22L7,3,N,1,A,B,5,1,A,2,2,L,7,0,P,NISS,SSR,4D,2,17,2652,,0,998,,G,,F,4,153,,,16R195,,,,,,0,0,000000000,00000000000,0,0,0,1,0,0,0,0,0,0,0,998,0,0,0,11,6,2,30,0,0,0,1,29,63026,6,1,0,0,3,0,71,180,0,0,0,0,0,0,0,0,0,1,0,0,0,0,1,2,30,2,1,2,1,0,0,14,6,1,3,4,2,1,1
29,290111,1,1,1,2,3,12,5,1,0,1,0,29,1,84,881,84881,63,1991,1HTSCNMP6MH3,1,H,T,S,C,N,M,P,6,M,H,3,0,T,INTL,470,CC,91,17,,7,2540,1280,40S,D,,,6,360,,,,,00000,00,,42,0,88,888888888,88888888888,3,1,3,1,0,0,0,0,0,0,0,998,0,1,5,0,6,2,1,0,0,0,1,29,63555,6,1,6,0,3,0,72,180,0,0,0,0,0,0,0,0,0,1,0,0,0,0,1,2,55,1,6,2,2,0,0,1,6,6,1,4,1,1,0
29,290112,1,1,1,10,3,19,15,35,0,1,0,29,1,20,421,20421,15,1999,1GNEK13R5XR1,1,G,N,E,K,1,3,R,5,X,R,1,0,P,CHEV,KTA,UT,99,17,5268,,0,1175,,G,,F,8,350,,,16R245,,,,,,0,0,000000000,00000000000,0,0,0,1,0,0,0,0,0,0,0,998,0,1,5,14,6,2,1,0,0,0,1,29,65787,6,1,0,0,3,0,70,220,0,0,0,0,0,0,0,0,0,1,0,0,0,0,1,2,55,3,6,2,1,0,0,14,10,1,1,4,6,1,1
29,290113,1,1,1,6,3,14,45,34,0,1,0,29,1,6,441,6441,20,2010,2A4RR4DE5AR3,2,A,4,R,R,4,D,E,5,A,R,3,0,P,CHRY,TWC,SV,10,17,4335,,0,1212,,F,,F,6,201,,,16R225,,,,,,0,0,000000000,00000000000,0,0,0,1,0,0,0,0,0,0,0,998,0,0,0,14,6,2,34,0,0,0,1,29,63901,6,1,0,0,3,0,73,195,2,0,0,0,0,1,2011,6,2011,0,0,0,0,0,1,2,55,1,1,2,1,0,0,1,10,1,1,4,6,1,0
29,290114,1,2,3,9,3,13,10,12,6,1,0,48,3,63,33,63033,4,2009,KNAFE2217956,K,N,A,F,E,2,2,1,7,9,5,6,0,P,KIA,SXC,4D,9,17,2701,,0,1028,,G,,F,4,122,,,15R195,,,,,,0,0,000000000,00000000000,0,0,0,1,0,0,0,0,0,0,0,998,0,0,0,11,6,2,12,0,0,0,1,29,65459,6,1,0,0,3,0,64,121,0,0,0,0,0,0,0,0,0,0,39,0,0,0,1,2,55,1,6,2,1,20,3,1,17,3,2,1,89,1,0
29,290114,2,2,1,9,3,13,10,12,6,1,0,29,1,7,442,7442,20,1998,1B4GP44G2WB5,1,B,4,G,P,4,4,G,2,W,B,5,0,T,DODG,GSS,ES,98,17,,1,0,1193,CAR,F,,,6,201,,,,,3675,00,E,42,0,0,000000000,00000000000,0,0,0,1,0,0,0,0,0,0,0,998,0,0,0,12,6,2,12,0,0,0,1,29,65459,6,1,6,0,3,0,72,230,1,0,0,0,0,10,2011,10,2011,0,24,0,0,0,1,2,98,3,8,2,1,0,0,14,66,6,1,2,88,0,0
29,290115,1,1,1,15,3,16,40,1,0,1,0,29,1,20,4,20004,2,1980,1Z878AS42580,1,Z,8,7,8,A,S,4,2,5,8,0,0,P,CHEV,CVT,CP,80,13,3206,,0,980,,G,,4,8,350,,,15R225,,,,,,0,0,000000000,00000000000,0,0,0,1,0,0,0,0,0,0,0,998,0,1,5,0,6,2,1,0,0,0,1,29,65584,6,1,6,0,3,0,73,230,0,0,0,0,0,0,0,0,0,1,0,0,0,0,3,2,70,2,1,2,2,0,0,14,13,3,2,4,2,1,0
29,290116,1,1,1,16,3,20,45,32,0,1,0,29,1,21,20,21020,4,1989,1G3AJ51N6K63,1,G,3,A,J,5,1,N,6,K,6,3,0,P,OLDS,CCI,4D,89,17,2642,,0,1049,,G,,F,6,204,,,14R185,,,,,,0,0,000000000,00000000000,0,0,0,1,0,0,0,0,0,0,0,998,0,1,5,14,6,2,42,0,0,0,1,29,63656,6,1,0,0,3,0,72,190,0,0,0,0,0,0,0,0,0,0,0,0,0,0,1,2,55,2,6,2,1,0,0,14,13,1,2,4,2,1,0
29,290118,1,1,1,25,2,0,20,35,0,1,0,29,1,37,32,37032,2,2005,1HGCM56185A1,1,H,G,C,M,5,6,1,8,5,A,1,0,P,HOND,UDX,4D,5,17,3120,,0,1079,,G,,F,4,146,,,15R195,,,,,,0,0,000000000,00000000000,0,0,0,1,0,0,0,0,0,0,0,998,0,1,5,12,6,2,1,0,0,0,1,29,63660,6,1,0,0,3,0,67,130,0,0,0,0,0,0,0,0,0,1,58,0,0,0,1,2,55,3,6,2,1,0,0,14,10,6,2,4,7,1,1
29,290119,1,2,1,4,3,21,18,12,6,1,0,29,1,20,37,20037,4,1998,1G1ND52T0W61,1,G,1,N,D,5,2,T,0,W,6,1,0,P,CHEV,MAL,4D,98,17,3100,,0,1070,,G,,F,4,146,,,15R215,,,,,,0,0,000000000,00000000000,0,0,0,1,0,0,0,0,0,0,0,998,0,0,0,8,6,2,12,0,0,0,1,29,64801,6,1,0,0,3,3,71,180,0,0,0,0,1,12,2010,12,2010,1,28,0,0,0,5,4,50,2,1,2,1,0,0,14,10,7,1,2,64,1,0
29,290119,2,2,1,4,3,21,18,12,6,1,0,29,1,14,38,14038,2,2000,1ZWFT61L4Y56,1,Z,W,F,T,6,1,L,4,Y,5,6,0,P,MERC,CU6,2H,0,17,2881,,0,1064,,G,,F,6,155,,,15R205,,,,,,0,0,000000000,00000000000,0,0,0,1,0,0,0,0,0,0,0,998,0,0,0,12,6,2,12,0,0,0,1,29,65745,6,1,0,0,3,3,75,220,0,0,0,1,0,7,2009,7,2009,0,0,0,0,0,5,4,50,3,1,2,1,0,0,14,62,7,1,1,65,0,0
29,290120,1,1,1,13,3,23,21,8,0,1,1,99,9,99,999,99999,99,9999,999999999999,9,9,9,9,9,9,9,9,9,9,9,9,9,,,,,,,,,,,,,,,,,,,,,,,,,0,99,999999999,99999999999,9,99,99,1,0,0,0,0,99,99,9,998,9,0,0,99,9,1,8,0,0,0,1,99,99999,9,9,99,0,9,9,999,999,99,99,99,99,99,99,9999,99,9999,9,99,99,99,99,1,4,35,1,5,1,1,0,0,1,80,99,9,9,13,0,0
29,290121,1,1,6,16,3,14,30,1,0,1,0,29,1,12,423,12423,16,2001,1FMSU43F51EA,1,F,M,S,U,4,3,F,5,1,E,A,0,P,FORD,EXC,UT,1,17,7083,,0,1371,,D,,T,8,444,,,16R265,,,,,,0,0,000000000,00000000000,0,0,0,1,0,0,0,0,0,0,0,998,0,2,5,0,6,2,1,0,0,0,1,29,63565,6,1,6,0,3,0,77,160,0,1,0,2,0,3,2010,7,2011,0,0,0,0,0,1,2,60,1,1,2,1,0,0,1,13,99,3,4,2,2,0
29,290122,1,1,1,17,3,5,17,33,0,1,0,92,0,53,705,53705,80,2001,JS1GN7BA0121,J,S,1,G,N,7,B,A,0,1,2,1,0,M,SUZI,G60,RC,1,17,,,,,,,600,,4,,4,359,,,,,,,0,0,000000000,00000000000,0,0,0,1,0,0,0,0,0,0,0,998,0,0,0,14,6,2,33,0,0,0,1,29,64111,0,0,0,0,0,0,68,190,0,0,0,0,0,0,0,0,0,0,0,0,0,0,6,1,45,3,6,2,2,0,0,14,12,1,1,4,6,1,1
29,290123,1,1,1,24,3,23,36,31,0,1,0,29,1,72,706,72706,80,1989,1HD1BLL16KY0,1,H,D,1,B,L,L,1,6,K,Y,0,0,M,HD,XST,RS,89,17,,,,,,,1340,,2,,4,625,,,,,,,0,0,000000000,00000000000,0,0,0,1,0,0,0,0,0,0,0,998,0,0,0,12,6,2,1,0,0,0,1,29,64152,6,1,0,0,3,2,76,215,0,0,0,1,0,5,2010,5,2010,1,74,0,0,0,6,1,40,1,6,2,1,0,0,1,12,1,1,4,6,1,1
29,290124,1,1,3,3,2,2,4,35,0,1,0,29,1,58,37,58037,4,2004,JNKCV51E94M6,J,N,K,C,V,5,1,E,9,4,M,6,0,P,INFI,G35,4D,4,17,3210,,0,1122,,G,,F,6,214,,,17R215,,,,,,0,0,000000000,00000000000,0,0,0,1,0,0,0,0,0,0,0,998,0,1,5,7,6,2,1,0,0,0,1,29,64804,6,1,0,0,3,0,73,210,0,0,0,0,1,9,2011,9,2011,1,58,0,0,0,1,2,35,1,3,2,1,0,0,1,13,6,3,4,7,2,1
29,290125,1,1,1,7,2,19,58,8,0,1,0,29,1,54,36,54036,4,2005,JH4KB16585C0,J,H,4,K,B,1,6,5,8,5,C,0,0,P,ACUR,ARL,4D,5,17,3984,,0,1146,,G,,F,6,212,,,16R225,,,,,,0,0,000000000,00000000000,0,0,0,1,0,0,0,0,0,0,0,998,0,0,0,12,2,1,8,0,0,0,1,29,65807,6,1,0,0,3,0,63,155,0,0,0,0,0,0,0,0,0,0,0,0,0,0,5,4,40,1,1,2,2,0,0,1,80,1,1,1,13,0,0
29,290126,1,1,2,10,2,1,54,8,0,1,0,92,0,20,481,20481,31,2001,1GCEK14T71E1,1,G,C,E,K,1,4,T,7,1,E,1,0,T,CHEV,SK1,PK,1,17,,2,1330,1190,SIL,G,,,8,325,,,,B,4445,00,,44,0,0,000000000,00000000000,0,0,0,1,0,0,0,0,0,0,0,54,0,0,0,12,2,3,8,0,0,0,1,29,64801,6,1,0,0,3,0,73,180,1,0,0,0,0,7,2009,7,2009,0,0,0,0,0,6,1,70,2,5,2,2,0,0,14,80,3,1,1,13,0,1
29,290127,1,2,3,22,3,18,15,12,2,1,0,29,1,21,401,21401,14,1998,1GHDT13W7W27,1,G,H,D,T,1,3,W,7,W,2,7,0,P,OLDS,BRA,UT,98,17,4023,,0,1070,,G,,F,6,262,,,15R235,,,,,,0,0,000000000,00000000000,0,0,0,1,0,0,0,0,0,0,0,998,0,0,0,12,6,2,12,0,0,0,1,29,63787,6,1,0,0,3,0,64,160,0,0,0,0,0,0,0,0,0,0,28,0,0,0,1,2,45,1,1,2,1,0,0,11,15,1,1,1,82,0,0
29,290127,2,2,1,22,3,18,15,12,2,1,0,29,1,37,706,37706,80,2000,1HFSC1805YA4,1,H,F,S,C,1,8,0,5,Y,A,4,0,M,HOND,VT1,RS,0,17,,,,,,,1099,,2,,4,553,,,,,,,0,0,000000000,00000000000,0,0,0,1,0,0,0,0,0,0,0,998,0,0,0,12,6,2,12,0,0,0,1,29,63764,6,1,0,0,3,0,70,180,0,0,0,0,0,0,0,0,0,0,0,0,0,0,1,2,45,1,1,2,1,0,0,1,62,1,1,1,83,1,1
29,290128,1,2,2,20,3,7,45,12,6,1,0,29,1,58,37,58037,4,2007,JNKBV61F07M8,J,N,K,B,V,6,1,F,0,7,M,8,0,P,INFI,AWD,4D,7,17,3587,,0,1122,,G,,F,6,214,,,17R225,,,,,,0,0,000000000,00000000000,0,0,0,1,0,0,0,0,0,0,0,998,0,0,0,11,6,2,12,0,0,0,1,40,74021,6,1,0,0,3,0,71,200,0,0,0,0,0,0,0,0,0,0,38,0,0,0,1,2,35,1,9,2,2,20,3,4,17,1,1,1,89,0,0
29,290128,2,2,3,20,3,7,45,12,6,1,0,5,1,49,46,49046,5,2011,JTDKN3DU9B02,J,T,D,K,N,3,D,U,9,B,0,2,0,P,TOYT,PRI,4H,11,17,3042,,0,1063,,B,,F,4,110,,,15R195,,,,,,0,0,000000000,00000000000,0,0,0,1,0,0,0,0,0,0,0,998,0,0,0,12,6,2,12,0,0,0,1,5,72715,6,1,0,0,3,3,67,160,0,0,0,0,0,0,0,0,0,0,0,0,0,0,2,2,65,1,6,2,2,0,0,1,66,1,1,1,88,1,0
29,290129,1,1,1,21,3,23,58,14,0,1,0,29,2,76,709,76709,80,2002,JYARJ04E02A0,J,Y,A,R,J,0,4,E,0,2,A,0,0,M,YAMA,R6L,RC,2,17,,,,,,,599,,4,,4,365,,,,,,,0,0,000000000,00000000000,0,0,0,1,0,0,0,0,0,0,0,998,0,0,0,12,6,2,14,0,0,0,1,29,63130,1,1,0,0,2,0,72,200,1,3,0,0,0,7,2009,12,2011,1,0,0,0,0,1,2,25,1,1,2,1,0,0,6,6,1,1,4,1,1,1
29,290130,1,2,1,13,2,8,0,12,2,1,0,29,1,12,401,12401,14,1997,1FMDU34E2VZB,1,F,M,D,U,3,4,E,2,V,Z,B,0,P,FORD,EPR,UT,97,17,4166,,0,1115,,G,,F,6,245,,,15R225,,,,,,0,0,000000000,00000000000,0,0,0,1,0,0,0,0,0,0,0,998,0,0,0,12,6,2,12,0,0,1,1,29,63347,6,1,0,0,3,3,66,150,0,0,0,0,0,0,0,0,0,1,87,0,0,0,1,2,60,1,5,1,3,0,0,1,6,1,4,2,50,0,0
29,290130,2,2,1,13,2,8,0,12,2,1,0,29,2,41,51,41051,4,2006,JM1BK32F5614,J,M,1,B,K,3,2,F,5,6,1,4,0,P,MAZD,M3I,4D,6,17,2696,,0,1039,,G,,F,4,122,,,16R195,,,,,,0,0,000000000,00000000000,0,0,0,1,0,0,0,0,0,0,0,998,0,0,0,12,6,2,12,0,0,0,1,29,63336,6,1,0,0,3,3,62,170,0,0,0,0,0,0,0,0,0,0,0,0,0,0,1,2,60,1,5,1,3,0,0,1,62,7,1,1,51,1,0
29,290131,1,2,1,3,3,0,55,12,2,1,0,17,1,49,47,49047,6,2003,2T1KR32E43C1,2,T,1,K,R,3,2,E,4,3,C,1,0,P,TOYT,CTR,4H,3,17,2679,,0,1024,,G,,F,4,109,,,16R205,,,,,,0,0,000000000,00000000000,0,0,0,1,0,0,0,0,0,0,0,0,0,0,0,12,6,2,12,0,0,0,1,17,62294,6,1,0,0,3,0,66,140,99,99,99,99,99,99,9999,99,9999,0,54,0,0,0,3,2,55,1,5,1,1,0,0,5,54,1,1,1,52,1,1
29,290131,2,2,1,3,3,0,55,12,2,1,0,29,1,12,17,12017,4,2005,1FAFP53U55A2,1,F,A,F,P,5,3,U,5,5,A,2,0,P,FORD,TSE,4D,5,17,3306,,0,1085,,G,,F,6,182,,,16R215,,,,,,0,0,000000000,00000000000,0,0,0,1,0,0,0,0,0,0,0,998,0,0,0,12,6,2,12,0,0,0,1,24,62035,6,1,0,0,3,0,70,175,0,1,0,0,0,5,2011,5,2011,0,0,0,0,0,3,2,55,1,5,7,1,0,0,1,50,7,1,2,52,0,0
29,290132,1,5,2,10,3,0,33,33,0,1,0,29,2,58,37,58037,4,2004,JNKCV51F74M7,J,N,K,C,V,5,1,F,7,4,M,7,0,P,INFI,AWD,4D,4,17,3677,,0,1122,,G,,F,6,214,,,17R215,,,,,,0,0,000000000,00000000000,0,0,0,1,0,0,0,0,0,0,0,998,0,2,1,98,6,2,12,0,0,0,1,29,63116,6,1,0,0,3,0,72,160,0,0,0,0,0,0,0,0,0,1,0,0,0,0,2,3,35,1,1,2,1,0,0,15,51,7,4,4,7,2,0
29,290132,2,5,2,10,3,0,33,33,0,1,0,29,2,35,34,35034,3,1990,JN1RZ26A4LX0,J,N,1,R,Z,2,6,A,4,L,X,0,0,P,NISS,3X2,2H,90,17,3265,,0,1012,,G,,F,6,181,,,16R225,,,,,,0,0,000000000,00000000000,0,0,0,1,0,0,0,0,0,0,0,55,0,0,0,98,6,2,33,0,0,0,1,29,63116,6,1,0,0,3,3,71,160,0,0,0,0,0,0,0,0,0,1,0,0,0,0,2,3,35,1,1,2,1,0,0,1,61,1,1,1,98,0,0
29,290132,3,5,4,10,3,0,33,33,0,1,0,17,1,12,17,12017,4,1999,1FAFP53S7XA3,1,F,A,F,P,5,3,S,7,X,A,3,0,P,FORD,SCS,4D,99,17,3353,,0,1085,,G,,F,6,182,,,15R205,,,,,,0,0,000000000,00000000000,0,0,0,1,0,0,0,0,0,0,0,998,0,0,0,13,6,2,12,0,0,0,1,29,63121,6,2,0,0,3,0,65,165,0,0,0,0,0,0,0,0,0,0,0,0,0,0,2,3,35,1,1,2,1,0,0,1,62,1,1,1,98,0,0
29,290132,4,5,1,10,3,0,33,33,0,1,0,29,1,37,32,37032,4,2002,1HGCG56632A0,1,H,G,C,G,5,6,6,3,2,A,0,0,P,HOND,UEX,4D,2,17,3142,,0,1069,,G,,F,4,138,,,15R195,,,,,,0,0,000000000,00000000000,0,0,0,1,0,0,0,0,0,0,0,998,0,0,0,6,6,2,12,0,0,0,1,29,63121,6,1,0,0,3,0,74,175,0,0,0,0,0,0,0,0,0,0,0,0,0,0,2,3,35,1,1,2,1,0,0,1,62,1,1,1,98,0,0
29,290132,5,5,1,10,3,0,33,33,0,1,0,29,1,12,3,12003,1,1996,1FALP4440TF1,1,F,A,L,P,4,4,4,0,T,F,1,0,P,FORD,MUS,CV,96,17,3269,,0,1013,,G,,F,6,232,,,15R205,,,,,,0,0,000000000,00000000000,0,0,0,1,0,0,0,0,0,0,0,998,0,0,0,8,2,1,54,0,0,0,1,29,63052,6,1,0,0,3,3,69,160,0,0,0,1,1,2,2010,7,2011,0,0,0,0,0,2,3,35,1,1,2,1,0,0,1,90,1,1,1,98,0,0
29,290133,1,2,2,11,3,0,49,12,6,1,0,29,2,2,405,2405,14,2002,1J4GL48K22W1,1,J,4,G,L,4,8,K,2,2,W,1,0,T,JEEP,SPR,4W,2,17,,1,0,1043,LIB,G,,,6,226,,,,,3682,02,E,44,0,0,000000000,00000000000,0,0,0,1,0,0,0,0,0,0,0,998,0,0,0,12,6,2,12,0,0,0,1,29,63125,6,1,6,0,3,0,67,168,0,0,0,0,0,0,0,0,0,0,39,0,0,0,1,4,35,4,1,2,1,1,3,10,16,1,1,1,78,0,1
29,290133,2,2,1,11,3,0,49,12,6,1,0,29,0,59,31,59031,4,1998,JT8BF28G2W50,J,T,8,B,F,2,8,G,2,W,5,0,0,P,LEXS,ES3,4D,98,17,3378,,0,1051,,G,,F,6,183,,,15R205,,,,,,0,0,000000000,00000000000,0,0,0,1,0,0,0,0,0,0,0,998,0,0,0,9,6,2,12,0,0,0,1,29,63128,6,1,0,0,3,0,62,155,0,0,0,0,0,0,0,0,0,0,0,0,0,0,1,4,35,4,1,2,1,1,3,14,68,1,1,1,79,1,0
29,290134,1,1,1,13,3,17,0,5,0,1,0,17,1,72,706,72706,80,1999,1HD1CGP11XK1,1,H,D,1,C,G,P,1,1,X,K,1,0,M,HD,20C,RS,99,17,,,,,,,1200,,2,,4,491,,,,,,,0,0,000000000,00000000000,0,0,0,1,0,0,0,0,0,0,0,998,0,0,0,0,6,2,5,0,0,0,1,17,62002,6,1,0,0,3,0,68,139,0,0,0,0,0,0,0,0,0,1,0,0,0,0,1,2,55,3,1,2,1,0,0,14,98,1,1,4,0,1,1
29,290135,1,1,1,21,3,14,0,42,0,1,0,29,2,20,22,20022,4,2009,1G1AS58H4972,1,G,1,A,S,5,8,H,4,9,7,2,0,P,CHEV,BLS,4D,9,17,3216,,0,1033,,G,,F,4,134,,,15R195,,,,,,0,0,000000000,00000000000,0,0,0,1,0,0,0,0,0,0,0,998,0,0,0,3,6,2,42,0,0,0,1,29,63056,6,2,0,0,3,1,62,120,0,0,0,0,0,0,0,0,0,1,58,0,0,0,1,2,55,3,6,2,1,0,0,14,6,8,4,4,7,1,0
29,290136,1,1,2,23,3,22,30,23,0,1,0,29,1,49,471,49471,30,1985,JT4RN65D9F50,J,T,4,R,N,6,5,D,9,F,5,0,0,T,TOYT,65D,PK,85,17,,1,0,1122,44P,G,,,4,144,,,,B,3045,01,A,44,0,0,000000000,00000000000,0,0,0,1,0,0,0,0,0,0,0,41,0,1,5,9,6,2,1,0,0,0,1,29,64744,6,1,0,0,3,0,76,240,0,0,0,0,0,0,0,0,0,0,58,0,0,0,1,2,55,2,6,2,1,0,0,14,10,7,3,4,2,1,1
29,290137,1,4,2,12,1,9,29,12,6,1,0,29,1,12,402,12402,14,2001,1FMYU04161KC,1,F,M,Y,U,0,4,1,6,1,K,C,0,P,FORD,SPE,UT,1,17,3186,,0,1031,,G,,F,6,181,,,15R225,,,,,,0,0,000000000,00000000000,0,0,0,1,0,0,0,0,0,0,0,998,0,0,0,83,6,2,12,0,0,0,1,29,63129,6,1,0,0,3,0,62,140,0,0,0,0,0,0,0,0,0,1,28,87,0,0,1,4,45,1,1,2,4,0,0,1,6,4,4,2,64,1,0
29,290137,2,4,2,12,1,9,29,12,6,1,0,29,1,20,481,20481,31,2001,1GCJK33GX1F1,1,G,C,J,K,3,3,G,X,1,F,1,0,T,CHEV,SK3,CW,1,17,,3,0,1670,SIL,G,,,8,496,,,,D,6557,00,,44,0,0,000000000,00000000000,0,0,0,1,0,0,0,0,0,0,0,998,0,0,0,12,4,1,12,0,0,0,1,29,63051,6,1,0,0,3,0,70,200,0,0,0,0,0,0,0,0,0,0,0,0,0,0,1,4,45,1,1,2,4,0,0,2,62,1,1,1,65,0,0
29,290137,3,4,2,12,1,9,29,12,6,1,0,29,1,12,481,12481,31,2002,1FTNX21L22EC,1,F,T,N,X,2,1,L,2,2,E,C,0,T,FORD,F2S,4C,2,17,,2,1580,1418,SRW,G,,,8,330,,,,C,5949,05,U,44,0,0,000000000,00000000000,0,0,0,1,0,0,0,0,0,0,0,998,0,0,0,12,4,1,12,0,0,0,1,29,63052,6,1,0,0,3,0,68,120,0,0,0,0,0,0,0,0,0,0,0,0,0,0,1,4,45,1,1,2,4,0,0,2,62,1,1,1,98,0,0
29,290137,4,4,1,12,1,9,29,12,6,1,0,29,2,37,32,37032,4,1996,1HGCD5636TA2,1,H,G,C,D,5,6,3,6,T,A,2,0,P,HOND,ULE,4D,96,17,2864,,0,1069,,G,,F,4,132,,,15R185,,,,,,0,0,000000000,00000000000,0,0,0,1,0,0,0,0,0,0,0,998,0,0,0,12,4,1,12,0,0,0,1,29,63050,6,1,0,0,3,0,74,190,0,0,0,0,0,0,0,0,0,0,0,0,0,0,1,4,45,1,1,2,4,0,0,1,52,4,2,1,98,0,0