STATE,ST_CASE,VEH_NO,VE_FORMS,NUMOCCS,DAY,MONTH,HOUR,MINUTE,HARM_EV,MAN_COLL,UNITTYPE,HIT_RUN,REG_STAT,OWNER,MAKE,MODEL,MAK_MOD,BODY_TYP,MOD_YEAR,VIN,VIN_1,VIN_2,VIN_3,VIN_4,VIN_5,VIN_6,VIN_7,VIN_8,VIN_9,VIN_10,VIN_11,VIN_12,TOW_VEH,VINTYPE,VINMAKE,VINA_MOD,VIN_BT,VINMODYR,VIN_LNGT,VIN_WGT,WGTCD_TR,WHLBS_LG,WHLBS_SH,SER_TR,FUELCODE,MCYCL_DS,CARBUR,CYLINDER,DISPLACE,MCYCL_CY,MCYCL_WT,TIRE_SZE,TON_RAT,TRK_WT,TRKWTVAR,VIN_REST,WHLDRWHL,J_KNIFE,MCARR_I1,MCARR_I2,MCARR_ID,GVWR,V_CONFIG,CARGO_BT,HAZ_INV,HAZ_PLAC,HAZ_ID,HAZ_CNO,HAZ_REL,BUS_USE,SPEC_USE,EMER_USE,TRAV_SP,UNDERIDE,ROLLOVER,ROLINLOC,IMPACT1,DEFORMED,TOWED,M_HARM,VEH_SC1,VEH_SC2,FIRE_EXP,DR_PRES,L_STATE,DR_ZIP,L_STATUS,L_TYPE,CDL_STAT,L_ENDORS,L_COMPL,L_RESTRI,DR_HGT,DR_WGT,PREV_ACC,PREV_SUS,PREV_DWI,PREV_SPD,PREV_OTH,FIRST_MO,FIRST_YR,LAST_MO,LAST_YR,SPEEDREL,DR_SF1,DR_SF2,DR_SF3,DR_SF4,VTRAFWAY,VNUM_LAN,VSPD_LIM,VALIGN,VPROFILE,VPAVETYP,VSURCOND,VTRAFCON,VTCONT_F,P_CRASH1,P_CRASH2,P_CRASH3,PCRASH4,PCRASH5,ACC_TYPE,DEATHS,DR_DRINK
29,290207,1,2,2,8,3,18,39,12,1,1,0,29,2,20,39,20039,4,2005,KL1TD52605B4,K,L,1,T,D,5,2,6,0,5,B,4,0,P,CHEV,ABS,4D,5,17,2365,,0,976,,G,,F,4,098,,,14R185,,,,,,0,0,000000000,00000000000,0,0,0,1,0,0,0,0,0,0,0,998,0,0,0,12,6,2,12,0,0,0,1,29,63957,6,1,0,0,3,3,70,160,0,0,0,0,0,0,0,0,0,0,0,0,0,0,5,4,55,1,5,2,2,0,0,1,51,4,1,1,24,1,0
29,290207,2,2,2,8,3,18,39,12,1,1,0,92,0,12,481,12481,31,2007,1FTSW21PX7EA,1,F,T,S,W,2,1,P,X,7,E,A,0,T,FORD,F2S,CW,7,17,,2,1720,1560,SRW,D,,,8,366,,,,C,6538,01,E,44,0,0,000000000,00000000000,0,0,0,1,0,0,0,0,0,0,0,998,0,0,0,6,2,1,12,0,0,0,1,29,63744,6,1,0,0,3,3,62,105,0,0,0,0,0,0,0,0,0,0,0,0,0,0,5,4,55,1,5,2,2,0,0,1,53,1,1,1,25,0,0
29,290208,1,1,2,17,4,1,16,14,0,1,0,27,1,53,706,53706,80,2008,JS1GT77A8821,J,S,1,G,T,7,7,A,8,8,2,1,0,M,SUZI,XR1,RC,8,17,,,,,,,999,,4,,4,379,,,,,,,0,0,000000000,00000000000,0,0,0,1,0,0,0,0,0,0,0,998,0,0,0,12,6,2,14,0,0,0,1,12,32835,6,1,0,0,3,0,77,999,0,0,0,1,0,1,2012,1,2012,1,0,0,0,0,5,2,50,1,6,1,1,0,0,15,13,1,1,4,11,1,1
29,290209,1,2,4,17,4,17,30,12,1,1,0,29,2,20,443,20443,20,2005,1GNDV23E45D1,1,G,N,D,V,2,3,E,4,5,D,1,0,P,CHEV,VTR,SV,5,17,3838,,0,1200,,G,,F,6,207,,,000000,,,,,,0,0,000000000,00000000000,0,0,0,1,0,0,0,0,0,0,0,92,0,1,1,12,6,2,1,0,0,0,1,17,63304,6,1,0,0,3,0,69,195,99,99,99,99,99,99,9999,99,9999,1,28,0,0,0,3,4,60,2,6,1,1,0,0,15,6,1,2,2,32,2,1
29,290209,2,2,3,17,4,17,30,12,1,1,0,92,0,49,32,49032,4,2005,1NXBR30E45Z3,1,N,X,B,R,3,0,E,4,5,Z,3,0,P,TOYT,UCS,4D,5,17,2530,,0,1024,,G,,F,4,109,,,15R185,,,,,,0,0,000000000,00000000000,0,0,0,1,0,0,0,0,0,0,0,998,0,0,0,6,6,2,12,0,0,0,1,29,63376,6,1,0,0,3,0,67,175,0,0,0,0,0,0,0,0,0,0,0,0,0,0,3,4,60,2,6,1,1,0,0,14,60,1,1,1,32,0,0
29,290210,1,1,1,18,4,11,20,23,0,1,0,29,1,20,23,20023,6,2007,3GNDA23D77S6,3,G,N,D,A,2,3,D,7,7,S,6,0,P,CHEV,HHR,UT,7,17,3155,,0,1035,,G,,F,4,134,,,16R215,,,,,,0,0,000000000,00000000000,0,0,0,1,0,0,0,0,0,0,0,998,0,0,0,5,6,2,42,0,0,0,1,29,65644,6,1,0,0,3,3,67,180,0,0,0,0,0,0,0,0,0,0,0,0,0,0,2,2,65,2,1,1,1,0,0,14,13,1,1,4,1,1,1
29,290211,1,2,5,19,4,21,20,57,0,1,0,92,0,22,2,22002,4,2001,1G2HY54K2142,1,G,2,H,Y,5,4,K,2,1,4,2,0,P,PONT,BSL,4D,1,17,3678,,0,1122,,G,,F,6,231,,,17R235,,,,,,0,0,000000000,00000000000,0,0,0,1,0,0,0,0,0,0,0,998,0,1,3,5,6,2,1,0,0,0,1,29,63108,1,1,0,0,2,0,69,148,0,4,0,1,0,9,2009,4,2012,1,0,0,0,0,3,2,70,3,6,2,1,0,0,14,6,1,1,4,6,1,1
29,290211,2,2,2,19,4,21,20,57,0,1,0,18,3,82,881,82881,66,2006,1FVHCYDC66HN,1,F,V,H,C,Y,D,C,6,6,H,N,1,T,FRHT,16M,CC,6,17,,8,0,0,FM2,D,,,6,439,,,,,00000,00,,64,1,57,273286,57273286,3,6,3,1,0,0,0,0,0,0,0,998,0,0,0,12,6,2,12,0,0,0,1,8,57042,6,1,6,3,3,3,71,238,0,0,0,0,0,0,0,0,0,0,0,0,0,0,3,2,70,2,5,2,1,0,0,14,64,4,1,1,98,0,0
29,290212,1,2,1,20,4,2,35,12,1,1,0,29,1,55,36,55036,3,2010,KMHCM3AC6AU1,K,M,H,C,M,3,A,C,6,A,U,1,0,P,HYUN,ACB,2H,10,17,2467,,0,984,,G,,F,4,098,,,14R175,,,,,,0,0,000000000,00000000000,0,0,0,1,0,0,0,0,0,0,0,998,0,1,5,6,6,2,12,0,0,0,1,29,63070,6,1,0,0,3,3,75,225,0,0,0,0,0,0,0,0,0,0,0,0,0,0,3,5,45,1,5,2,1,28,9,1,61,1,1,1,25,1,0
29,290212,2,2,1,20,4,2,35,12,1,1,0,29,1,69,54,69054,3,2003,WMWRC33443TE,W,M,W,R,C,3,3,4,4,3,T,E,0,P,MNNI,COO,2H,3,17,2524,,0,971,,G,,F,4,098,,,15R175,,,,,,0,0,000000000,00000000000,0,0,0,1,0,0,0,0,0,0,0,998,0,0,0,12,6,2,12,0,0,0,1,29,63026,6,1,0,0,3,0,68,135,1,0,0,1,0,7,2009,8,2009,0,26,28,0,0,3,5,45,1,5,2,1,28,9,1,11,1,1,2,24,0,0
29,290214,1,2,1,19,2,8,13,12,6,1,0,29,2,2,404,2404,14,1996,1J4FJ68SXTL2,1,J,4,F,J,6,8,S,X,T,L,2,0,T,JEEP,SPC,4W,96,17,,1,0,1014,CHK,G,,,6,242,,,,,3008,00,M,44,0,0,000000000,00000000000,0,0,0,1,0,0,0,0,0,0,0,998,0,0,0,9,6,2,12,0,0,0,1,29,65802,6,1,0,0,3,3,63,200,0,0,0,0,0,0,0,0,0,0,0,0,0,0,5,2,35,1,1,2,1,0,0,1,66,1,1,1,89,1,0
29,290214,2,2,2,19,2,8,13,12,6,1,1,29,2,20,481,20481,31,1997,2GCEK19R0V11,2,G,C,E,K,1,9,R,0,V,1,1,0,T,CHEV,GK1,PC,97,17,,2,1555,1415,GM4,G,,,8,350,,,,B,4544,00,,44,0,0,000000000,00000000000,0,0,0,1,0,0,0,0,0,0,0,998,0,0,0,12,6,2,12,0,0,1,1,29,65802,2,1,0,0,2,0,75,281,0,6,0,0,7,4,2009,12,2010,1,39,0,0,0,1,2,25,1,1,2,1,20,3,1,17,1,1,1,88,1,0
29,290215,1,1,1,23,2,10,4,42,0,1,0,29,1,37,32,37032,4,1996,1HGCD5635TA2,1,H,G,C,D,5,6,3,5,T,A,2,0,P,HOND,ULE,4D,96,17,2864,,0,1069,,G,,F,4,132,,,15R185,,,,,,0,0,000000000,00000000000,0,0,0,1,0,0,0,0,0,0,0,998,0,0,0,12,6,2,42,0,0,0,1,29,63367,6,1,0,0,3,3,67,175,0,0,0,0,0,0,0,0,0,0,99,99,99,99,1,2,40,2,1,2,1,0,0,14,13,1,1,4,1,1,0
29,290216,1,1,1,3,4,4,15,35,0,1,0,92,0,20,39,20039,4,2009,KL1TD56E29B3,K,L,1,T,D,5,6,E,2,9,B,3,0,P,CHEV,LTS,4D,9,17,2569,,0,976,,G,,F,4,098,,,14R185,,,,,,0,0,000000000,00000000000,0,0,0,1,0,0,0,0,0,0,0,998,0,2,5,12,6,2,1,0,0,1,1,29,63050,6,1,0,0,3,0,72,162,2,0,0,0,0,4,2009,3,2011,1,0,0,0,0,1,2,50,3,1,2,1,0,0,14,6,1,4,4,7,1,1
29,290217,1,1,2,8,4,10,59,33,0,1,0,92,0,55,38,55038,4,2002,KMHFU45E42A1,K,M,H,F,U,4,5,E,4,2,A,1,0,P,HYUN,XG5,4D,2,17,3651,,0,1083,,G,,F,6,213,,,16R205,,,,,,0,0,000000000,00000000000,0,0,0,1,0,0,0,0,0,0,0,998,0,0,0,14,6,2,46,0,0,0,1,29,64052,6,1,0,0,3,3,68,130,0,0,0,1,0,11,2010,11,2010,1,0,0,0,0,5,4,35,3,6,2,1,0,0,14,13,1,1,4,1,2,0
29,290219,1,1,1,22,4,13,15,1,0,1,0,29,2,20,481,20481,31,1993,1GCEK14HXPE2,1,G,C,E,K,1,4,H,X,P,E,2,0,T,CHEV,GK1,PK,93,17,,2,1315,1175,GM4,G,,,8,305,,,,B,4111,02,,44,0,0,000000000,00000000000,0,0,0,1,0,0,0,0,0,0,0,998,0,2,5,0,6,2,1,0,0,0,1,29,65010,6,1,0,0,3,0,73,185,0,0,0,0,0,0,0,0,0,0,58,0,0,0,3,2,70,1,6,2,1,0,0,1,10,7,1,4,1,1,0
29,290220,1,2,1,23,4,14,30,12,2,1,0,29,1,13,421,13421,15,1998,5LMPU28L2WLJ,5,L,M,P,U,2,8,L,2,W,L,J,0,P,LINC,NAV,UT,98,17,5557,,0,1190,,G,,F,8,330,,,16R245,,,,,,0,0,000000000,00000000000,0,0,0,1,0,0,0,0,0,0,0,998,0,1,2,12,6,2,12,0,0,0,1,29,63028,6,1,0,0,3,0,69,185,0,0,0,0,0,0,0,0,0,0,0,0,0,0,1,2,55,1,4,1,1,0,0,1,62,9,1,4,51,0,0
29,290220,2,2,2,23,4,14,30,12,2,1,0,29,1,35,47,35047,4,2009,1N4AL21E09N4,1,N,4,A,L,2,1,E,0,9,N,4,0,P,NISS,ATS,4D,9,17,3179,,0,1093,,G,,F,4,153,,,16R215,,,,,,0,0,000000000,00000000000,0,0,0,1,0,0,0,0,0,0,0,998,0,0,0,12,6,2,12,0,0,1,1,29,63028,6,1,0,0,3,3,70,155,0,0,0,0,0,0,0,0,0,1,28,38,0,0,1,2,55,1,4,1,1,0,0,1,50,6,4,4,50,1,0
29,290221,1,3,1,27,4,4,55,12,6,1,0,29,1,12,481,12481,31,2009,1FTPW14V49KC,1,F,T,P,W,1,4,V,4,9,K,C,0,T,FORD,F1S,CW,9,17,,2,1570,1450,COF,F,,,8,329,,,,B,5546,01,L,44,0,0,000000000,00000000000,0,0,0,1,0,0,0,0,0,0,0,998,0,0,0,12,6,2,12,0,0,0,1,29,64465,6,1,0,0,3,3,60,140,0,0,0,0,0,0,0,0,0,0,28,0,0,0,1,2,60,1,6,2,1,0,0,1,10,1,1,2,64,1,0
29,290221,2,3,1,27,4,4,55,12,6,1,0,29,1,14,6,14006,4,2008,2MEFM74V68X6,2,M,E,F,M,7,4,V,6,8,X,6,0,P,MERC,GMG,4D,8,17,4135,,0,1146,,F,,F,8,281,,,16R225,,,,,,0,0,000000000,00000000000,0,0,0,1,0,0,0,0,0,0,0,998,0,0,0,11,6,2,12,0,0,0,1,29,64637,6,1,0,0,3,0,65,180,0,0,0,1,0,11,2010,11,2010,0,0,0,0,0,1,2,60,1,6,2,1,0,0,1,62,7,1,1,65,0,0
29,290221,3,3,1,27,4,4,55,12,6,1,0,29,1,20,471,20471,30,1989,1GCBS14E3K81,1,G,C,B,S,1,4,E,3,K,8,1,0,T,CHEV,S14,PK,89,17,,1,1179,1083,S,G,,,4,151,,,,B,2612,01,,42,0,0,000000000,00000000000,0,0,0,1,0,0,0,0,0,0,0,998,0,1,5,12,6,2,12,0,0,1,1,29,64671,6,1,0,0,3,0,77,225,0,0,0,0,0,0,0,0,0,0,0,0,0,0,1,2,60,1,5,2,1,0,0,1,62,1,1,1,98,1,0
29,290222,1,2,1,27,4,6,15,12,2,1,0,93,3,87,881,87881,66,1985,1XP9DB9X0FP1,1,X,P,9,D,B,9,X,0,F,P,1,1,T,PTRB,359,TR,85,17,,8,2750,1310,CON,D,,,6,893,,,,,00000,00,,64,3,57,745549,57745549,3,6,1,1,0,0,0,0,0,0,0,53,0,0,0,12,6,2,12,0,0,0,1,29,65625,6,1,6,0,3,0,70,220,0,0,0,0,1,11,2010,11,2010,0,0,0,0,0,1,2,45,1,6,2,1,0,0,1,62,8,1,1,51,0,0
29,290222,2,2,1,27,4,6,15,12,2,1,0,29,1,12,13,12013,4,2001,3FAFP13P51R2,3,F,A,F,P,1,3,P,5,1,R,2,0,P,FORD,ESC,4D,1,17,2454,,0,984,,G,,F,4,122,,,14R185,,,,,,0,0,000000000,00000000000,0,0,0,1,0,0,0,0,0,0,0,998,0,0,0,12,6,2,12,0,0,0,1,29,64844,6,1,0,0,3,3,64,180,0,0,0,0,0,0,0,0,0,0,28,0,0,0,1,2,45,1,5,2,1,0,0,1,10,1,1,2,50,1,0
29,290223,1,2,1,19,3,21,28,12,1,1,0,29,1,12,17,12017,4,2007,1FAFP53U27A2,1,F,A,F,P,5,3,U,2,7,A,2,0,P,FORD,TSE,4D,7,17,3307,,0,1085,,G,,F,6,183,,,16R215,,,,,,0,0,000000000,00000000000,0,0,0,1,0,0,0,0,0,0,0,998,0,0,0,12,6,2,12,0,0,0,1,29,65548,6,1,0,0,3,0,70,215,0,0,0,0,0,0,0,0,0,0,0,0,0,0,3,3,60,1,6,2,1,0,0,1,51,1,1,1,24,0,0
29,290223,2,2,1,19,3,21,28,12,1,1,0,29,1,99,709,99709,80,2008,LHJLC79UX8B0,L,H,J,L,C,7,9,U,X,8,B,0,0,U,,,,8,17,,,,,,,,,,,,,,,,,,,0,0,000000000,00000000000,0,0,0,1,0,0,0,0,0,0,0,998,0,0,0,6,6,2,12,0,0,0,1,29,63146,6,1,0,0,2,3,73,210,0,0,0,0,0,0,0,0,0,0,0,0,0,0,3,3,60,1,6,2,1,0,0,1,53,1,1,1,25,1,0
29,290224,1,2,1,28,4,1,3,12,2,1,0,20,1,54,421,54421,15,2008,2HNYD28488H5,2,H,N,Y,D,2,8,4,8,8,H,5,0,P,ACUR,MDX,UT,8,17,4588,,0,1083,,G,,F,6,226,,,18R255,,,,,,0,0,000000000,00000000000,0,0,0,1,0,0,0,0,0,0,0,998,0,0,0,12,6,2,12,0,0,0,1,20,66215,6,1,0,0,3,0,69,165,0,0,0,0,1,5,2011,5,2011,0,39,51,0,0,3,4,45,3,3,2,2,0,0,14,54,1,1,1,52,0,1
29,290224,2,2,1,28,4,1,3,12,2,1,0,29,1,41,471,41471,30,1993,JM2UF314XP03,J,M,2,U,F,3,1,4,X,P,0,3,0,T,MAZD,6CP,PK,93,17,,1,0,1175,B26,G,,,4,156,,,,,2790,00,A,42,0,0,000000000,00000000000,0,0,0,1,0,0,0,0,0,0,0,998,0,0,0,12,6,2,12,0,0,0,1,29,64055,6,1,0,0,3,0,67,132,0,0,0,1,0,12,2010,12,2010,0,0,0,0,0,3,4,45,2,3,2,2,0,0,14,54,1,1,1,52,1,0
29,290225,1,2,1,28,4,10,25,12,6,1,0,29,1,20,481,20481,31,2011,1GCRKSE34BZ2,1,G,C,R,K,S,E,3,4,B,Z,2,0,T,CHEV,2SK,4C,11,17,,2,1575,1435,SIL,F,,,8,323,,,,B,5286,02,,44,0,0,000000000,00000000000,0,0,0,1,0,0,0,0,0,0,0,998,0,1,1,9,6,2,12,0,0,0,1,29,65559,6,1,0,0,3,3,69,210,0,0,0,0,0,0,0,0,0,0,39,0,0,0,1,2,35,1,1,2,1,20,3,1,17,1,1,1,89,1,0
29,290225,2,2,1,28,4,10,25,12,6,1,0,29,2,12,402,12402,14,2004,1FMYU03174DA,1,F,M,Y,U,0,3,1,7,4,D,A,0,P,FORD,SPE,UT,4,17,3346,,0,1031,,G,,F,6,181,,,16R235,,,,,,0,0,000000000,00000000000,0,0,0,1,0,0,0,0,0,0,0,998,0,0,0,12,6,2,12,0,0,0,1,29,65807,1,2,0,0,2,0,73,171,0,1,0,0,0,3,2012,3,2012,0,0,0,0,0,2,2,65,3,6,1,1,0,0,14,66,1,1,1,88,0,0
29,290226,1,2,1,30,4,13,0,12,1,1,0,29,1,30,47,30047,3,2001,3VWCB21C11M4,3,V,W,C,B,2,1,C,1,1,M,4,0,P,VOLK,NGS,2H,1,17,2783,,0,989,,G,,F,4,121,,,16R205,,,,,,0,0,000000000,00000000000,0,0,0,1,0,0,0,0,0,0,0,998,0,1,5,12,6,2,12,0,0,0,1,29,65340,6,1,0,0,3,3,68,174,0,0,0,0,0,0,0,0,0,0,26,0,0,0,2,2,65,1,1,2,1,0,0,1,51,1,1,1,24,1,0
29,290226,2,2,1,30,4,13,0,12,1,1,0,29,3,82,881,82881,66,1997,1FUY3ECB4VL5,1,F,U,Y,3,E,C,B,4,V,L,5,1,T,FRHT,FD1,TR,97,17,,8,0,0,CON,D,,,6,629,,,,,00000,00,,64,1,77,777777777,77777777777,3,6,10,1,0,0,0,0,0,0,0,0,0,0,0,6,2,1,12,0,0,0,1,29,64625,6,1,6,0,3,0,72,270,0,0,0,1,0,8,2010,8,2010,0,0,0,0,0,2,2,65,1,1,2,1,0,0,10,16,1,1,1,25,0,0
29,290227,1,1,1,3,5,22,57,10,0,1,0,29,1,7,482,7482,31,1997,1B7HF16YXVS3,1,B,7,H,F,1,6,Y,X,V,S,3,0,T,DODG,150,PK,97,17,,2,1347,1187,RPC,G,,,8,318,,,,B,4527,01,M,44,0,0,000000000,00000000000,0,0,0,1,0,0,0,0,0,0,0,998,0,0,0,12,6,2,10,0,0,0,1,29,65043,6,1,0,0,3,0,72,165,0,2,1,0,0,12,2010,4,2011,0,39,0,0,0,5,2,40,1,1,2,1,65,3,1,90,1,1,1,15,1,1
29,290228,1,1,3,4,5,18,10,1,0,1,0,29,2,20,401,20401,14,1997,1GNDT13W3V21,1,G,N,D,T,1,3,W,3,V,2,1,0,P,CHEV,BZR,UT,97,17,4046,,0,1070,,G,,F,6,262,,,15R205,,,,,,0,0,000000000,00000000000,0,0,0,1,0,0,0,0,0,0,0,998,0,2,5,0,6,2,1,0,0,0,1,29,65536,6,1,0,0,3,0,75,170,0,0,0,0,0,0,0,0,0,1,58,0,0,0,1,2,55,3,6,2,1,0,0,14,12,6,1,4,6,1,1
29,290229,1,1,1,7,5,11,38,34,0,1,0,29,1,6,43,6043,4,2006,1C3EL46X16N2,1,C,3,E,L,4,6,X,1,6,N,2,0,P,CHRY,SEB,4D,6,17,3041,,0,1060,,G,,F,4,146,,,16R205,,,,,,0,0,000000000,00000000000,0,0,0,1,0,0,0,0,0,0,0,998,0,1,5,14,6,2,1,0,0,0,1,29,65077,6,1,0,0,3,0,62,140,0,0,0,0,1,2,2012,2,2012,0,0,0,0,0,1,2,55,3,1,2,1,0,0,14,13,1,1,4,1,1,0
29,290230,1,1,4,26,5,0,26,42,0,1,0,29,2,23,421,23421,15,1996,1GKEK13R2TJ7,1,G,K,E,K,1,3,R,2,T,J,7,0,T,GMC,YUK,4W,96,17,,2,0,1175,YUK,G,,,8,350,,,,B,5134,05,M,44,0,0,000000000,00000000000,0,0,0,1,0,0,0,0,0,0,0,998,0,0,0,12,6,2,42,0,0,0,1,29,63801,6,1,0,0,3,0,73,185,0,3,0,0,1,12,2009,4,2012,1,58,0,0,0,1,2,30,3,1,2,1,0,0,14,12,99,2,4,6,1,1
29,290231,1,2,2,22,5,15,14,12,6,1,0,5,1,98,709,98709,88,2007,LFGTC8PC3710,L,F,G,T,C,8,P,C,3,7,1,0,0,U,,,,7,17,,,,,,,,,,,,,,,,,,,0,0,000000000,00000000000,0,0,0,1,0,0,0,0,0,0,0,998,0,0,0,9,6,2,12,0,0,0,1,5,72554,1,1,0,0,2,0,67,150,0,4,1,0,0,8,2011,8,2011,0,0,0,0,0,1,2,25,1,1,2,1,0,0,1,66,1,1,1,89,1,0
29,290231,2,2,1,22,5,15,14,12,6,1,0,29,3,12,461,12461,21,2008,1FBNE31L08DB,1,F,B,N,E,3,1,L,0,8,D,B,0,P,FORD,ECO,SV,8,17,0,,0,1380,,G,,F,8,330,,,16R225,,,,,,0,0,000000000,00000000000,0,0,0,1,0,0,0,0,0,0,0,998,0,0,0,12,2,1,12,0,0,0,1,29,65791,6,1,0,0,3,3,65,190,0,0,0,0,0,0,0,0,0,0,39,0,0,0,1,2,25,1,1,2,1,20,3,4,17,1,1,1,88,0,0
29,290232,1,1,1,14,4,3,13,8,0,1,0,29,1,13,5,13005,4,1999,1LNHM97V3XY6,1,L,N,H,M,9,7,V,3,X,Y,6,0,P,LINC,CON,4D,99,17,3868,,0,1090,,G,,F,8,281,,,16R225,,,,,,0,0,000000000,00000000000,0,0,0,1,0,0,0,0,0,0,0,998,0,0,0,12,2,1,8,0,0,0,1,29,64123,6,1,0,0,3,0,71,260,0,0,0,0,0,0,0,0,0,0,0,0,0,0,2,2,35,1,5,7,2,3,3,1,80,1,1,1,13,0,0
29,290233,1,1,5,1,4,21,4,8,0,1,0,55,1,20,461,20461,21,2007,1GAHG39U1711,1,G,A,H,G,3,9,U,1,7,1,1,0,T,CHEV,E35,ES,7,17,,2,0,1550,EXP,G,,,8,366,,,,D,6330,00,,42,0,0,000000000,00000000000,0,0,0,1,0,0,0,0,0,0,0,998,0,0,0,12,0,1,8,0,0,0,1,55,53520,6,1,0,0,3,3,71,140,0,0,0,0,3,5,2010,2,2011,0,0,0,0,0,3,4,55,1,1,2,1,0,0,1,80,1,1,1,13,0,0
29,290234,1,1,1,6,4,12,50,8,0,1,0,29,2,7,422,7422,15,2006,1D4HB38N56F1,1,D,4,H,B,3,8,N,5,6,F,1,0,P,DODG,DUR,UT,6,17,4777,,0,1192,,G,,F,8,287,,,17R245,,,,,,0,0,000000000,00000000000,0,0,0,1,0,0,0,0,0,0,0,998,0,0,0,5,0,1,8,0,0,0,1,29,63136,6,1,0,0,3,0,72,180,1,0,0,0,0,8,2010,8,2010,0,0,0,0,0,0,0,0,0,0,0,0,0,0,13,80,1,1,1,92,0,0
29,290235,1,1,1,16,4,21,8,8,0,1,1,92,0,22,20,22020,4,1991,1G2WJ54T3MF3,1,G,2,W,J,5,4,T,3,M,F,3,0,P,PONT,GFS,4D,91,17,3104,,0,1075,,G,,F,6,191,,,15R205,,,,,,0,0,000000000,00000000000,0,0,0,1,0,0,0,0,0,0,0,998,0,0,0,13,2,3,8,0,0,0,1,29,63052,6,1,0,0,3,3,69,150,2,0,0,1,0,8,2009,7,2010,0,0,0,0,0,3,3,55,2,5,2,1,0,0,14,80,1,1,1,13,0,0
29,290236,1,2,14,29,4,20,30,12,6,1,0,29,3,92,981,92981,52,2008,15GGD2711810,1,5,G,G,D,2,7,1,1,8,1,0,0,U,,,,8,17,,,,,,,,,,,,,,,,,,,0,88,888888888,88888888888,8,21,22,1,0,0,0,0,6,0,0,998,0,0,0,12,6,2,12,0,0,0,1,29,63111,6,1,3,3,3,0,63,142,1,0,0,1,0,4,2009,2,2010,0,0,0,0,0,1,2,45,2,6,2,1,0,0,4,62,1,1,1,65,0,0
29,290236,2,2,1,29,4,20,30,12,6,1,0,29,1,22,22,22022,2,2008,1G2ZH17N0841,1,G,2,Z,H,1,7,N,0,8,4,1,0,P,PONT,GGT,CP,8,17,3415,,0,1123,,G,,F,6,214,,,17R225,,,,,,0,0,000000000,00000000000,0,0,0,1,0,0,0,0,0,0,0,70,0,0,0,2,6,2,12,0,0,0,1,29,63033,6,1,0,0,3,0,66,205,0,0,0,2,0,6,2010,1,2012,1,28,0,0,0,1,2,45,2,6,2,1,0,0,14,6,1,4,2,64,1,1
29,290237,1,2,1,2,5,23,9,12,7,1,0,92,0,98,709,98709,81,2011,L9NTCAPA8B10,L,9,N,T,C,A,P,A,8,B,1,0,0,U,,,,11,17,,,,,,,,,,,,,,,,,,,0,0,000000000,00000000000,0,0,0,1,0,0,0,0,0,0,0,998,0,0,0,11,6,2,12,0,0,0,1,29,64015,2,1,0,0,2,0,64,125,0,1,0,0,0,3,2012,3,2012,0,0,0,0,0,2,2,45,1,1,2,1,0,0,1,10,1,1,2,44,1,0
29,290237,2,2,1,2,5,23,9,12,7,1,0,29,1,12,17,12017,4,2006,1FAFP56U56A2,1,F,A,F,P,5,6,U,5,6,A,2,0,P,FORD,TEL,4D,6,17,3314,,0,1085,,G,,F,6,183,,,16R215,,,,,,0,0,000000000,00000000000,0,0,0,1,0,0,0,0,0,0,0,998,0,0,0,4,2,1,12,0,0,0,1,29,64015,6,1,0,0,3,0,68,155,0,1,0,1,0,4,2011,5,2011,0,0,0,0,0,2,2,45,1,1,2,1,0,0,1,60,1,1,1,45,0,0
29,290238,1,1,1,25,5,20,0,32,0,1,0,6,1,37,31,37031,4,2003,2HGES26783H6,2,H,G,E,S,2,6,7,8,3,H,6,0,P,HOND,UAX,4D,3,17,2601,,0,1031,,G,,F,4,102,,,15R185,,,,,,0,0,000000000,00000000000,0,0,0,1,0,0,0,0,0,0,0,998,0,0,0,12,6,2,32,0,0,0,1,29,65721,6,2,0,0,3,1,64,125,0,0,0,0,0,0,0,0,0,1,0,0,0,0,1,2,55,3,1,2,1,0,0,14,13,6,3,4,2,1,1
29,290239,1,1,1,29,4,23,50,18,0,1,0,29,2,2,403,2403,14,2006,1J4FA44S86P7,1,J,4,F,A,4,4,S,8,6,P,7,0,T,JEEP,LWB,2W,6,17,,1,0,1034,W/T,G,,,6,244,,,,,3579,00,E,44,0,0,000000000,00000000000,0,0,0,1,0,0,0,0,0,0,0,998,0,0,0,12,6,2,18,0,0,0,1,29,63857,6,1,0,0,3,0,72,172,0,0,0,0,0,0,0,0,0,0,0,0,0,0,1,2,55,1,1,2,1,0,0,1,12,1,1,4,6,1,1
29,290240,1,1,1,1,5,12,51,42,0,1,0,29,1,18,3,18003,4,1993,1G4CW53L6P16,1,G,4,C,W,5,3,L,6,P,1,6,0,P,BUIC,PKA,4D,93,17,3441,,0,1108,,G,,F,6,231,,,15R205,,,,,,0,0,000000000,00000000000,0,0,0,1,0,0,0,0,0,0,0,998,0,1,5,12,6,2,42,0,0,0,1,29,63851,6,1,0,0,3,0,65,137,0,0,0,0,0,0,0,0,0,0,0,0,0,0,1,2,55,1,1,2,1,0,0,1,12,1,1,4,6,1,0
29,290241,1,1,1,6,5,16,39,35,0,1,0,29,1,72,706,72706,80,2003,1HD4CJM423K4,1,H,D,4,C,J,M,4,2,3,K,4,0,M,HD,L8A,RS,3,17,,,,,,,883,,2,,4,486,,,,,,,0,0,000000000,00000000000,0,0,0,1,0,0,0,0,0,0,0,998,0,0,0,12,6,2,35,0,0,0,1,29,64459,6,1,0,0,3,0,70,170,0,0,0,0,0,0,0,0,0,0,36,0,0,0,1,2,60,1,6,2,2,0,0,1,13,1,1,4,1,1,0