STATE,ST_CASE,VEH_NO,VE_FORMS,NUMOCCS,DAY,MONTH,HOUR,MINUTE,HARM_EV,MAN_COLL,UNITTYPE,HIT_RUN,REG_STAT,OWNER,MAKE,MODEL,MAK_MOD,BODY_TYP,MOD_YEAR,VIN,VIN_1,VIN_2,VIN_3,VIN_4,VIN_5,VIN_6,VIN_7,VIN_8,VIN_9,VIN_10,VIN_11,VIN_12,TOW_VEH,VINTYPE,VINMAKE,VINA_MOD,VIN_BT,VINMODYR,VIN_LNGT,VIN_WGT,WGTCD_TR,WHLBS_LG,WHLBS_SH,SER_TR,FUELCODE,MCYCL_DS,CARBUR,CYLINDER,DISPLACE,MCYCL_CY,MCYCL_WT,TIRE_SZE,TON_RAT,TRK_WT,TRKWTVAR,VIN_REST,WHLDRWHL,J_KNIFE,MCARR_I1,MCARR_I2,MCARR_ID,GVWR,V_CONFIG,CARGO_BT,HAZ_INV,HAZ_PLAC,HAZ_ID,HAZ_CNO,HAZ_REL,BUS_USE,SPEC_USE,EMER_USE,TRAV_SP,UNDERIDE,ROLLOVER,ROLINLOC,IMPACT1,DEFORMED,TOWED,M_HARM,VEH_SC1,VEH_SC2,FIRE_EXP,DR_PRES,L_STATE,DR_ZIP,L_STATUS,L_TYPE,CDL_STAT,L_ENDORS,L_COMPL,L_RESTRI,DR_HGT,DR_WGT,PREV_ACC,PREV_SUS,PREV_DWI,PREV_SPD,PREV_OTH,FIRST_MO,FIRST_YR,LAST_MO,LAST_YR,SPEEDREL,DR_SF1,DR_SF2,DR_SF3,DR_SF4,VTRAFWAY,VNUM_LAN,VSPD_LIM,VALIGN,VPROFILE,VPAVETYP,VSURCOND,VTRAFCON,VTCONT_F,P_CRASH1,P_CRASH2,P_CRASH3,PCRASH4,PCRASH5,ACC_TYPE,DEATHS,DR_DRINK
29,290242,1,2,3,7,5,15,20,58,0,1,0,39,1,37,32,37032,2,2001,1HGCG22581A0,1,H,G,C,G,2,2,5,8,1,A,0,1,P,HOND,UEX,CP,1,17,3283,,0,1051,,G,,F,6,183,,,16R205,,,,,,1,0,000000000,00000000000,0,0,0,1,0,0,0,0,0,0,0,998,0,0,0,14,6,2,12,0,0,0,1,39,44129,6,1,0,0,3,3,70,140,0,0,0,0,0,0,0,0,0,0,88,0,0,0,3,2,70,3,6,2,1,0,0,14,4,1,3,4,2,0,0
29,290242,2,2,1,7,5,15,20,58,0,1,0,29,1,24,3,24003,6,2001,1G8ZM82881Z2,1,G,8,Z,M,8,2,8,8,1,Z,2,0,P,STRN,SP1,SW,1,17,0,,0,0,,G,,F,4,116,,,000000,,,,,,0,0,000000000,00000000000,0,0,0,1,0,0,0,0,0,0,0,998,0,0,0,12,6,2,12,0,0,0,1,29,63383,6,1,0,0,3,0,68,145,0,0,0,0,0,0,0,0,0,0,0,0,0,0,1,2,99,1,9,2,1,0,0,1,64,1,1,1,98,1,0
29,290243,1,1,1,9,5,0,5,58,0,1,0,92,0,35,39,35039,4,1997,JN1CA21D7VT2,J,N,1,C,A,2,1,D,7,V,T,2,0,P,NISS,MGS,4D,97,17,2886,,0,1063,,G,,F,6,182,,,15R205,,,,,,0,0,000000000,00000000000,0,0,0,1,0,0,0,0,0,0,0,998,0,0,0,14,6,2,42,0,0,0,1,29,65777,2,1,0,0,2,0,69,160,0,4,1,0,0,3,2010,10,2010,1,0,0,0,0,1,2,45,2,6,2,1,0,0,14,6,3,2,4,6,1,1
29,290244,1,1,1,28,4,19,56,1,0,1,0,20,2,98,709,98709,88,2011,L8YTCKPX5BY0,L,8,Y,T,C,K,P,X,5,B,Y,0,0,U,,,,11,17,,,,,,,,,,,,,,,,,,,0,0,000000000,00000000000,0,0,0,1,0,0,0,0,0,0,0,998,0,0,0,0,4,3,30,0,0,0,1,29,64130,6,1,0,0,2,0,76,250,0,0,0,0,0,0,0,0,0,1,79,0,0,0,1,2,25,1,6,2,1,0,0,1,6,4,2,1,98,1,0
29,290245,1,1,2,3,5,23,46,59,0,1,0,29,2,14,38,14038,3,1999,1ZWFT61L2X56,1,Z,W,F,T,6,1,L,2,X,5,6,0,P,MERC,CU6,2H,99,17,2941,,0,1064,,G,,F,6,155,,,16R215,,,,,,0,0,000000000,00000000000,0,0,0,1,0,0,0,0,0,0,0,89,0,1,5,12,6,2,1,0,0,0,1,29,63764,0,0,0,0,0,0,76,240,0,0,0,0,0,0,0,0,0,1,6,0,0,0,1,2,55,3,1,2,1,0,0,14,13,1,1,4,1,1,1
29,290246,1,1,1,5,5,2,23,8,0,1,1,99,9,99,999,99999,99,9999,999999999999,9,9,9,9,9,9,9,9,9,9,9,9,0,,,,,,,,,,,,,,,,,,,,,,,,,0,99,999999999,99999999999,9,99,99,1,0,0,0,0,99,99,9,999,9,0,0,99,9,1,8,0,0,0,1,99,99999,9,9,99,9,9,9,999,999,99,99,99,99,99,99,9999,99,9999,0,0,0,0,0,3,2,55,2,6,2,1,0,0,14,80,1,1,1,13,0,0
29,290247,1,1,1,10,5,14,45,35,0,1,0,29,1,12,37,12037,2,2000,3FAFP3130YR2,3,F,A,F,P,3,1,3,0,Y,R,2,0,P,FORD,FZX,3P,0,17,2551,,0,1030,,G,,F,4,121,,,15R195,,,,,,0,0,000000000,00000000000,0,0,0,1,0,0,0,0,0,0,0,998,0,0,0,12,6,2,35,0,0,0,1,29,64084,6,1,0,0,3,3,67,150,0,0,0,0,0,0,0,0,0,0,0,0,0,0,1,2,55,1,6,2,1,0,0,1,10,1,1,4,6,1,1
29,290248,1,1,1,10,5,21,15,35,0,1,0,29,2,35,471,35471,30,1987,JN6ND11S3HW0,J,N,6,N,D,1,1,S,3,H,W,0,0,T,NISS,D2S,PK,87,17,,1,0,1043,D21,G,,,4,146,,,,,2629,01,A,42,0,0,000000000,00000000000,0,0,0,1,0,0,0,0,0,0,0,998,0,0,0,12,6,2,35,0,0,0,1,29,65622,6,1,0,0,3,3,68,180,0,0,0,0,0,0,0,0,0,0,39,0,0,0,1,2,55,1,6,2,1,20,3,1,13,1,1,4,14,1,1
29,290249,1,1,3,12,5,7,50,35,0,1,1,29,2,2,403,2403,14,1991,2J4FY19PXMJ1,2,J,4,F,Y,1,9,P,X,M,J,1,0,T,JEEP,W/S,2W,91,17,,1,0,934,W/Y,G,,,4,150,,,,,2932,01,A,44,0,0,000000000,00000000000,0,0,0,1,0,0,0,0,0,0,0,998,0,1,5,12,6,2,1,0,0,0,1,29,64075,6,1,0,0,3,0,74,170,2,1,0,0,2,10,2009,12,2011,0,58,0,0,0,1,2,45,2,6,4,1,0,0,14,13,7,1,4,1,1,1
29,290250,1,1,10,13,5,15,53,59,0,1,0,28,2,12,422,12422,15,1999,1FMRU17L7XLA,1,F,M,R,U,1,7,L,7,X,L,A,0,P,FORD,EPT,UT,99,17,4808,,0,1191,,G,,F,8,330,,,16R255,,,,,,0,0,000000000,00000000000,0,0,0,1,0,0,0,0,0,0,0,68,0,1,5,7,6,2,1,0,0,0,1,28,39213,1,1,0,0,2,0,64,160,0,0,0,0,0,0,0,0,0,0,58,80,0,0,2,2,70,1,1,2,1,0,0,1,1,6,3,4,1,3,0
29,290251,1,1,1,14,5,16,25,42,0,1,0,29,2,12,3,12003,2,1996,1FALP4448TF1,1,F,A,L,P,4,4,4,8,T,F,1,0,P,FORD,MUS,CV,96,17,3269,,0,1013,,G,,F,6,232,,,15R205,,,,,,0,0,000000000,00000000000,0,0,0,1,0,0,0,0,0,0,0,998,0,0,0,12,6,2,42,0,0,0,1,29,65202,0,0,0,0,0,0,69,130,0,0,0,0,0,0,0,0,0,1,0,0,0,0,1,2,55,3,1,2,1,0,0,14,13,1,3,4,2,1,0
29,290252,1,1,3,24,5,12,51,38,0,1,0,29,2,12,471,12471,30,2002,1FTZR45E52PA,1,F,T,Z,R,4,5,E,5,2,P,A,0,T,FORD,RNS,4C,2,17,,1,0,1259,RNG,G,,,6,245,,,,B,3760,03,E,44,0,0,000000000,00000000000,0,0,0,1,0,0,0,0,0,0,0,998,0,0,0,12,6,2,2,0,0,1,1,29,65580,6,2,0,0,3,9,68,150,0,0,0,0,0,0,0,0,0,1,0,0,0,0,1,2,50,1,1,4,1,0,0,1,6,1,4,4,7,1,0
29,290253,1,2,4,20,5,17,3,12,1,1,0,29,1,20,2,20002,4,2011,2G1WB5EK5B11,2,G,1,W,B,5,E,K,5,B,1,1,0,P,CHEV,IMT,4D,11,17,3555,,0,1105,,F,,F,6,214,,,17R225,,,,,,0,0,000000000,00000000000,0,0,0,1,0,0,0,0,0,0,0,998,0,0,0,12,6,2,12,0,0,0,1,29,64089,6,1,0,0,3,0,72,255,0,0,0,0,0,0,0,0,0,0,0,0,0,0,2,2,65,2,1,2,1,0,0,14,51,1,1,1,24,0,0
29,290253,2,2,2,20,5,17,3,12,1,1,0,29,2,7,17,7017,2,1993,1B3XP64K7PN6,1,B,3,X,P,6,4,K,7,P,N,6,0,P,DODG,SHE,2H,93,17,2624,,0,972,,G,,F,4,153,,,15R195,,,,,,0,0,000000000,00000000000,0,0,0,1,0,0,0,0,0,0,0,998,0,1,5,6,6,2,12,0,0,0,1,29,64740,6,1,6,0,3,0,68,155,0,0,0,0,0,0,0,0,0,0,0,0,0,0,2,2,65,2,1,2,1,0,0,14,53,1,1,1,25,1,0
29,290254,1,1,3,29,5,10,50,5,0,1,0,29,3,51,884,51884,63,2001,4V2DC6UE71N2,4,V,2,D,C,6,U,E,7,1,N,2,0,T,VOLV,XWX,TB,1,17,,8,0,0,XPD,D,,,6,661,,,,,00000,00,,64,0,57,01290317,5701290317,3,2,7,1,0,0,0,0,0,0,0,998,0,0,0,0,0,1,5,42,0,0,1,20,66103,6,1,6,0,3,3,62,125,0,0,0,0,0,0,0,0,0,0,0,0,0,0,1,2,25,1,1,2,1,0,0,13,98,1,1,1,0,1,0
29,290255,1,1,1,31,3,15,0,42,0,1,0,29,1,37,739,37739,90,2006,JH2TE32086K0,J,H,2,T,E,3,2,0,8,6,K,0,0,M,HOND,TER,AT,6,17,,,,,,,450,,1,,4,363,,,,,,,0,0,000000000,00000000000,0,0,0,1,0,0,0,0,0,0,0,998,0,0,0,12,4,3,42,0,0,0,1,29,63020,6,1,0,0,3,3,72,180,1,0,0,0,1,6,2009,12,2009,1,0,0,0,0,1,2,50,2,1,4,1,0,0,14,12,1,1,4,6,1,1
29,290256,1,2,1,5,5,17,10,1,0,1,0,29,1,37,706,37706,80,2006,JH2SC570X6M2,J,H,2,S,C,5,7,0,X,6,M,2,0,M,HOND,CBS,RC,6,17,,,,,,,998,,4,,4,388,,,,,,,0,0,000000000,00000000000,0,0,0,1,0,0,0,0,0,0,0,998,0,0,0,0,6,2,12,0,0,0,1,29,64089,6,1,0,0,3,0,71,190,1,0,0,1,0,6,2009,1,2011,0,0,0,0,0,1,2,55,1,5,2,1,0,0,1,50,1,1,1,98,1,0
29,290256,2,2,2,5,5,17,10,1,0,1,0,29,1,7,482,7482,31,2009,1D3HV13P49S7,1,D,3,H,V,1,3,P,4,9,S,7,1,T,DODG,150,CW,9,17,,2,0,1400,RPC,G,,,8,287,,,,B,5200,00,K,44,1,0,000000000,00000000000,0,0,0,1,0,0,0,0,0,0,0,0,0,0,0,6,2,1,12,0,0,0,1,29,64155,6,1,0,0,3,3,68,190,0,0,0,0,0,0,0,0,0,0,0,0,0,0,1,2,55,1,5,2,1,0,0,5,53,1,1,1,98,0,0
29,290257,1,2,2,8,5,23,0,12,7,1,0,5,2,12,481,12481,31,2000,1FTRX18L5YNA,1,F,T,R,X,1,8,L,5,Y,N,A,0,T,FORD,F15,4C,0,17,,2,1574,1388,COF,G,,,8,330,,,,B,4611,04,U,44,0,0,000000000,00000000000,0,0,0,1,0,0,0,0,0,0,0,77,0,1,5,5,6,2,1,0,0,0,1,17,62277,2,1,0,0,2,0,73,165,0,0,0,0,0,0,0,0,0,1,28,0,0,0,1,2,60,3,1,2,1,0,0,15,51,1,1,2,46,1,1
29,290257,2,2,1,8,5,23,0,12,7,1,0,5,3,85,881,85881,66,2009,1XKAD49X09R2,1,X,K,A,D,4,9,X,0,9,R,2,1,T,KW,T60,TR,9,17,,8,2600,1600,CON,D,,,6,915,,,,,00000,00,,64,1,57,00074108,5700074108,3,6,1,1,0,0,0,0,0,0,0,59,0,0,0,10,2,1,12,0,0,0,1,5,71654,6,1,6,3,3,0,71,245,0,0,0,0,0,0,0,0,0,0,0,0,0,0,1,2,60,3,1,2,1,0,0,14,60,1,1,1,45,0,0
29,290258,1,1,1,19,3,22,6,42,0,1,0,29,1,2,404,2404,14,2004,1J4GW48S74C4,1,J,4,G,W,4,8,S,7,4,C,4,0,T,JEEP,LCF,4W,4,17,,1,0,1059,GCK,G,,,6,244,,,,,3888,02,E,44,0,0,000000000,00000000000,0,0,0,1,0,0,0,0,0,0,0,998,0,1,5,12,6,2,42,0,0,0,1,29,63010,6,1,0,0,3,3,64,160,0,0,0,0,0,0,0,0,0,1,0,0,0,0,1,2,30,2,6,2,1,0,0,14,13,1,1,4,1,1,1
29,290259,1,1,1,16,4,15,45,42,0,1,0,29,2,20,16,20016,6,1992,1G1JC8449N72,1,G,1,J,C,8,4,4,9,N,7,2,0,P,CHEV,CRV,SW,92,17,2617,,0,1013,,G,,F,4,133,,,14R185,,,,,,0,0,000000000,00000000000,0,0,0,1,0,0,0,0,0,0,0,998,0,0,0,11,6,2,42,0,0,0,1,29,63670,6,1,0,0,3,0,71,160,0,0,0,0,0,0,0,0,0,0,0,0,0,0,1,2,50,2,6,2,1,0,0,14,10,1,1,4,6,1,1
29,290260,1,2,3,11,5,8,45,12,1,1,0,29,3,20,461,20461,21,2010,1GNUGBD48A11,1,G,N,U,G,B,D,4,8,A,1,1,0,P,CHEV,EXP,SV,10,17,5295,,0,1350,,F,,F,8,323,,,17R245,,,,,,0,0,000000000,00000000000,0,0,0,1,0,0,0,0,0,0,0,998,0,0,0,6,4,3,12,0,0,0,1,29,65584,6,1,0,0,3,3,73,240,0,0,0,0,0,0,0,0,0,0,0,0,0,0,3,2,70,1,1,2,1,0,0,15,98,1,1,1,32,0,0
29,290260,2,2,2,11,5,8,45,12,1,1,0,29,1,12,17,12017,4,2000,1FAFP56S2YA2,1,F,A,F,P,5,6,S,2,Y,A,2,0,P,FORD,TEL,4D,0,17,3333,,0,1085,,G,,F,6,182,,,16R215,,,,,,0,0,000000000,00000000000,0,0,0,1,0,0,0,0,0,0,0,998,0,0,0,12,6,2,12,0,0,0,1,29,65251,6,1,0,0,3,3,62,189,2,0,0,0,0,6,2010,8,2010,0,26,0,0,0,3,2,70,1,1,2,1,0,0,1,98,1,1,1,32,1,0
29,290261,1,1,2,28,5,1,57,33,0,1,0,92,0,22,18,22018,4,2001,1G2NF52TX1M5,1,G,2,N,F,5,2,T,X,1,M,5,0,P,PONT,SE1,4D,1,17,3116,,0,1070,,G,,F,4,146,,,15R215,,,,,,0,0,000000000,00000000000,0,0,0,1,0,0,0,0,0,0,0,998,0,1,5,14,6,2,1,0,0,0,1,29,63108,0,0,0,0,0,0,60,120,0,0,0,0,0,0,0,0,0,1,0,0,0,0,1,6,35,1,1,2,1,0,0,1,13,1,1,4,1,1,0
29,290262,1,1,2,8,5,16,0,42,0,1,0,29,2,13,5,13005,4,1994,1LNLM82W3RY7,1,L,N,L,M,8,2,W,3,R,Y,7,0,P,LINC,STE,4D,94,17,4057,,0,1174,,G,,F,8,281,,,15R215,,,,,,0,0,000000000,00000000000,0,0,0,1,0,0,0,0,0,0,0,998,0,0,0,12,6,2,42,0,0,0,1,29,65550,6,2,0,0,3,2,62,120,1,1,0,1,0,3,2010,5,2011,1,73,0,0,0,1,2,35,3,6,2,1,0,0,14,13,1,1,4,1,1,1
29,290263,1,1,1,29,2,22,2,8,0,1,1,29,1,7,442,7442,20,2005,2D4GP44L15R4,2,D,4,G,P,4,4,L,1,5,R,4,0,T,DODG,GSX,ES,5,17,,1,0,1193,CAR,G,,,6,230,,,,,4222,00,E,42,0,0,000000000,00000000000,0,0,0,1,0,0,0,0,0,0,0,998,0,0,0,12,2,1,8,0,0,0,1,29,63141,6,1,0,0,3,3,70,140,0,0,0,0,0,0,0,0,0,0,0,0,0,0,1,2,15,1,1,2,1,0,0,11,81,1,1,1,13,0,0
29,290264,1,1,1,6,4,3,19,8,0,1,1,99,9,99,999,99999,99,9999,999999999999,9,9,9,9,9,9,9,9,9,9,9,9,9,,,,,,,,,,,,,,,,,,,,,,,,,0,99,999999999,99999999999,9,99,99,1,0,0,0,0,99,99,9,999,9,0,0,14,9,9,8,0,0,0,1,99,99999,9,9,99,9,9,9,999,999,99,99,99,99,99,99,9999,99,9999,9,99,99,99,99,1,2,45,1,6,2,1,0,0,1,80,99,9,9,13,0,0
29,290266,1,2,1,4,5,22,41,12,2,1,0,92,0,22,403,22403,14,2008,2CKDL33F3862,2,C,K,D,L,3,3,F,3,8,6,2,0,P,PONT,TOR,UT,8,17,3660,,0,1125,,G,,F,6,207,,,16R235,,,,,,0,0,000000000,00000000000,0,0,0,1,0,0,0,0,0,0,0,998,0,0,0,12,6,2,12,0,0,0,1,29,65714,6,1,0,0,3,0,68,190,0,0,0,1,0,1,2011,1,2011,0,0,0,0,0,1,2,40,1,1,2,1,0,0,1,62,1,1,1,51,0,0
29,290266,2,2,2,4,5,22,41,12,2,1,0,92,0,20,481,20481,31,1988,2GCGC39K5J12,2,G,C,G,C,3,9,K,5,J,1,2,0,T,CHEV,GC3,PC,88,17,,2,0,1555,GM4,G,,,8,350,,,,D,4562,05,,42,0,0,000000000,00000000000,0,0,0,1,0,0,0,0,0,0,0,998,0,1,1,12,6,2,12,0,0,0,1,29,65742,6,1,0,0,3,3,66,180,1,0,0,0,0,3,2012,3,2012,0,0,0,0,0,1,2,40,1,1,2,1,0,0,1,10,1,1,2,50,1,1
29,290267,1,2,1,28,5,18,0,12,2,1,0,20,2,49,472,49472,30,2006,5TEMU52N86Z3,5,T,E,M,U,5,2,N,8,6,Z,3,0,T,TOYT,DBD,CW,6,17,,1,0,1409,TAC,G,,,6,244,,,,B,4135,00,U,44,0,0,000000000,00000000000,0,0,0,1,0,0,0,0,0,0,0,57,0,0,0,12,6,2,12,0,0,0,1,29,64093,1,1,0,0,2,3,68,160,0,2,0,3,3,11,2010,1,2011,0,28,0,0,0,1,2,60,1,5,1,1,0,0,1,10,1,1,2,50,1,1
29,290267,2,2,1,28,5,18,0,12,2,1,0,93,3,84,881,84881,66,2006,2HSCNAPR26C2,2,H,S,C,N,A,P,R,2,6,C,2,1,T,INTL,94I,TR,6,17,,8,0,0,940,D,,,6,915,,,,,00000,00,,64,1,57,226618,57226618,3,6,3,1,0,0,0,0,0,0,0,39,0,0,0,12,6,2,12,0,0,1,1,29,65018,6,1,6,3,3,0,72,215,0,0,0,0,0,0,0,0,0,0,0,0,0,0,1,2,60,1,5,1,1,0,0,1,62,9,2,1,51,0,0
29,290268,1,2,2,20,5,22,53,12,6,1,0,92,0,82,881,82881,66,2000,1FUPCXZB4YDF,1,F,U,P,C,X,Z,B,4,Y,D,F,1,T,FRHT,FLD,TR,0,17,,8,0,0,CON,D,,,6,893,,,,,00000,00,,64,1,57,8461141,578461141,3,6,1,1,0,0,0,0,0,0,0,998,0,0,0,12,6,2,12,0,0,0,1,29,65606,6,1,6,0,3,3,75,290,0,0,0,0,1,12,2009,12,2009,0,0,0,0,0,3,2,70,1,1,2,1,0,0,6,60,6,1,1,73,0,0
29,290268,2,2,1,20,5,22,53,12,6,1,0,29,1,12,17,12017,4,2002,1FAFP552X2A2,1,F,A,F,P,5,5,2,X,2,A,2,0,P,FORD,TSS,4D,2,17,3392,,0,1085,,F,,F,6,182,,,16R215,,,,,,0,0,000000000,00000000000,0,0,0,1,0,0,0,0,0,0,0,998,0,0,0,8,6,2,12,0,0,0,1,29,65613,6,1,0,0,3,0,60,140,0,0,0,0,0,0,0,0,0,0,27,0,0,0,3,2,70,1,1,2,1,0,0,11,10,1,1,2,72,1,0
29,290269,1,2,1,29,5,9,57,12,6,1,0,29,1,23,481,23481,31,1993,1GTEC14Z7PZ5,1,G,T,E,C,1,4,Z,7,P,Z,5,0,T,GMC,SC1,PK,93,17,,2,1315,1175,SIE,G,,,6,262,,,,B,00000,00,A,42,0,0,000000000,00000000000,0,0,0,1,0,0,0,0,0,0,0,74,0,0,0,12,6,2,12,0,0,0,1,29,64130,6,1,0,0,3,3,67,165,0,0,0,2,0,5,2011,12,2011,1,0,0,0,0,2,2,35,1,6,2,1,0,0,1,72,3,2,1,83,1,0
29,290269,2,2,2,29,5,9,57,12,6,1,0,92,0,82,881,82881,66,2012,1FUJGLDR1CSB,1,F,U,J,G,L,D,R,1,C,S,B,1,T,FRHT,125,TR,12,17,,8,0,0,CSC,D,,,6,903,,,,,00000,00,,64,1,57,165420,57165420,3,6,1,1,0,0,0,0,0,0,0,8,0,0,0,7,6,2,12,0,0,0,1,21,40324,6,1,6,3,3,3,70,215,0,0,0,0,0,0,0,0,0,0,0,0,0,0,0,0,0,0,0,0,0,0,0,11,98,1,1,1,82,0,0
29,290270,1,1,1,12,5,5,0,59,0,1,0,29,1,48,34,48034,6,2008,4S4BP61C0873,4,S,4,B,P,6,1,C,0,8,7,3,0,P,SUBA,O2I,SW,8,17,3350,,0,1051,,G,,F,4,150,,,17R225,,,,,,0,0,000000000,00000000000,0,0,0,1,0,0,0,0,0,0,0,998,0,1,5,12,6,2,1,0,0,0,1,29,65770,6,1,0,0,3,3,73,215,0,0,0,0,0,0,0,0,0,1,0,0,0,0,1,2,55,3,1,2,1,0,0,14,13,1,2,4,2,1,1
29,290271,1,1,1,26,5,20,50,8,0,1,0,29,1,20,9,20009,2,2000,2G1FP22K5Y21,2,G,1,F,P,2,2,K,5,Y,2,1,0,P,CHEV,CAM,CP,0,17,3306,,0,1011,,G,,F,6,231,,,16R215,,,,,,0,0,000000000,00000000000,0,0,0,1,0,0,0,0,0,0,0,998,0,0,0,12,6,2,8,0,0,0,1,29,65738,6,1,0,0,3,0,68,180,0,0,0,0,0,0,0,0,0,1,0,0,0,0,5,4,40,1,4,2,1,0,0,1,80,1,1,1,13,0,0
29,290272,1,1,1,2,6,1,5,8,0,1,0,29,2,55,36,55036,4,2010,KMHCN4AC5AU4,K,M,H,C,N,4,A,C,5,A,U,4,0,P,HYUN,ALS,4D,10,17,2365,,0,984,,G,,F,4,098,,,14R175,,,,,,0,0,000000000,00000000000,0,0,0,1,0,0,0,0,0,0,0,998,0,0,0,12,2,3,8,0,0,0,1,29,65807,6,1,0,0,3,0,66,131,1,0,0,1,0,10,2011,10,2011,0,0,0,0,0,5,4,40,1,6,2,1,0,0,1,80,1,1,1,13,0,0
29,290273,1,2,2,28,4,20,13,12,6,1,0,92,0,37,702,37702,83,1990,JH2JE0101LM1,J,H,2,J,E,0,1,0,1,L,M,1,0,M,HOND,CR1,MX,90,17,,,,,,,125,,1,,2,192,,,,,,,0,0,000000000,00000000000,0,0,0,1,0,0,0,0,0,0,0,998,0,0,0,3,6,2,12,0,0,0,1,29,65738,2,1,5,0,2,3,71,170,0,2,0,0,2,9,2009,10,2009,0,38,39,0,0,1,2,45,1,6,2,1,20,3,1,17,1,1,1,87,1,1
29,290273,2,2,1,28,4,20,13,12,6,1,0,29,1,49,471,49471,30,1992,JT4RN01P6N00,J,T,4,R,N,0,1,P,6,N,0,0,0,T,TOYT,SWD,PK,92,17,,1,0,1030,HTP,G,,,4,144,,,,B,00000,00,A,44,0,0,000000000,00000000000,0,0,0,1,0,0,0,0,0,0,0,998,0,0,0,12,6,2,12,0,0,0,1,29,65612,6,1,0,0,3,0,71,160,1,0,0,0,0,8,2010,8,2010,0,0,0,0,0,1,2,45,1,6,2,1,0,0,1,66,1,1,1,86,0,0
29,290274,1,1,1,8,5,22,20,42,0,1,0,29,2,20,36,20036,2,2000,2G1WW12E6Y93,2,G,1,W,W,1,2,E,6,Y,9,3,0,P,CHEV,MLS,CP,0,17,3340,,0,1075,,G,,F,6,207,,,16R225,,,,,,0,0,000000000,00000000000,0,0,0,1,0,0,0,0,0,0,0,998,0,1,5,12,6,2,1,0,0,1,1,29,65737,6,2,0,0,3,3,72,165,0,0,0,0,0,0,0,0,0,1,0,0,0,0,1,2,35,3,3,2,1,0,0,14,13,1,1,4,1,1,1
29,290275,1,1,1,16,5,0,59,8,0,1,0,29,1,32,42,32042,4,2002,WAUML54B82N1,W,A,U,M,L,5,4,B,8,2,N,1,0,P,AUDI,A64,4D,2,17,3891,,0,1086,,G,,F,8,255,,,16R235,,,,,,0,0,000000000,00000000000,0,0,0,1,0,0,0,0,0,0,0,998,0,0,0,14,6,2,8,0,0,0,1,29,65721,6,1,0,0,3,0,62,120,0,0,0,2,0,7,2010,6,2011,0,0,0,0,0,3,3,60,1,6,1,1,0,0,1,80,1,1,1,13,0,0
29,290276,1,2,1,6,6,16,0,12,2,1,0,29,1,22,22,22022,4,2005,1G2ZG5281541,1,G,2,Z,G,5,2,8,1,5,4,1,0,P,PONT,G/6,4D,5,17,3420,,0,1123,,G,,F,6,214,,,16R215,,,,,,0,0,000000000,00000000000,0,0,0,1,0,0,0,0,0,0,0,998,0,0,0,12,6,2,12,0,0,0,1,29,63056,6,1,0,0,3,0,68,225,0,0,0,0,0,0,0,0,0,0,28,0,0,0,1,2,55,2,3,2,1,0,0,14,10,1,1,2,50,1,0
29,290276,2,2,1,6,6,16,0,12,2,1,0,29,1,23,471,23471,30,1991,1GTCS19Z0M85,1,G,T,C,S,1,9,Z,0,M,8,5,0,T,GMC,SON,PC,91,17,,1,0,1229,SON,G,,,6,262,,,,B,4050,01,A,42,0,0,000000000,00000000000,0,0,0,1,0,0,0,0,0,0,0,998,0,0,0,12,6,2,12,0,0,0,1,29,63080,6,1,0,0,3,3,75,165,0,0,0,0,0,0,0,0,0,0,0,0,0,0,1,2,55,3,3,2,1,0,0,14,62,3,1,1,51,1,0
29,290277,1,1,2,9,6,17,50,35,0,1,0,29,2,63,401,63401,14,1999,KNDJA7234X55,K,N,D,J,A,7,2,3,4,X,5,5,0,P,KIA,SPO,UT,99,17,3352,,0,1043,,G,,F,4,122,,,15R205,,,,,,0,0,000000000,00000000000,0,0,0,1,0,0,0,0,0,0,0,998,0,1,5,12,6,2,1,0,0,0,1,29,64442,6,2,0,0,3,2,66,140,0,0,0,0,0,0,0,0,0,0,58,73,0,0,1,2,60,1,3,2,1,0,0,1,13,7,2,4,2,1,0
29,290278,1,1,4,10,6,4,0,32,0,1,0,20,2,3,431,3431,16,2004,5GRGN23U74H1,5,G,R,G,N,2,3,U,7,4,H,1,0,T,HUMM,HH2,4W,4,17,,2,0,1228,HUM,G,,,8,364,,,,C,6400,00,U,44,0,0,000000000,00000000000,0,0,0,1,0,0,0,0,0,0,0,998,0,1,5,14,6,2,1,0,0,0,1,20,66762,6,1,0,0,3,3,69,190,0,0,0,1,0,8,2010,8,2010,1,58,0,0,0,1,2,50,1,1,4,1,0,0,1,13,6,1,4,1,1,1
29,290279,1,2,1,15,3,6,50,12,2,1,0,29,3,86,882,86882,63,2006,1M2K189CX6M0,1,M,2,K,1,8,9,C,X,6,M,0,0,T,MACK,MR6,TB,6,17,,8,0,0,600,D,,,6,728,,,,,00000,00,,64,0,57,731232,57731232,3,2,7,1,0,0,0,0,0,0,0,47,0,0,0,12,6,2,12,0,0,0,1,29,63114,6,1,6,0,3,0,75,225,1,0,0,0,0,7,2011,7,2011,0,0,0,0,0,1,4,40,1,5,2,1,0,0,1,62,8,1,1,51,0,0