STATE,ST_CASE,VEH_NO,VE_FORMS,NUMOCCS,DAY,MONTH,HOUR,MINUTE,HARM_EV,MAN_COLL,UNITTYPE,HIT_RUN,REG_STAT,OWNER,MAKE,MODEL,MAK_MOD,BODY_TYP,MOD_YEAR,VIN,VIN_1,VIN_2,VIN_3,VIN_4,VIN_5,VIN_6,VIN_7,VIN_8,VIN_9,VIN_10,VIN_11,VIN_12,TOW_VEH,VINTYPE,VINMAKE,VINA_MOD,VIN_BT,VINMODYR,VIN_LNGT,VIN_WGT,WGTCD_TR,WHLBS_LG,WHLBS_SH,SER_TR,FUELCODE,MCYCL_DS,CARBUR,CYLINDER,DISPLACE,MCYCL_CY,MCYCL_WT,TIRE_SZE,TON_RAT,TRK_WT,TRKWTVAR,VIN_REST,WHLDRWHL,J_KNIFE,MCARR_I1,MCARR_I2,MCARR_ID,GVWR,V_CONFIG,CARGO_BT,HAZ_INV,HAZ_PLAC,HAZ_ID,HAZ_CNO,HAZ_REL,BUS_USE,SPEC_USE,EMER_USE,TRAV_SP,UNDERIDE,ROLLOVER,ROLINLOC,IMPACT1,DEFORMED,TOWED,M_HARM,VEH_SC1,VEH_SC2,FIRE_EXP,DR_PRES,L_STATE,DR_ZIP,L_STATUS,L_TYPE,CDL_STAT,L_ENDORS,L_COMPL,L_RESTRI,DR_HGT,DR_WGT,PREV_ACC,PREV_SUS,PREV_DWI,PREV_SPD,PREV_OTH,FIRST_MO,FIRST_YR,LAST_MO,LAST_YR,SPEEDREL,DR_SF1,DR_SF2,DR_SF3,DR_SF4,VTRAFWAY,VNUM_LAN,VSPD_LIM,VALIGN,VPROFILE,VPAVETYP,VSURCOND,VTRAFCON,VTCONT_F,P_CRASH1,P_CRASH2,P_CRASH3,PCRASH4,PCRASH5,ACC_TYPE,DEATHS,DR_DRINK
29,290384,1,1,2,16,7,23,9,53,0,1,0,29,2,20,9,20009,2,2010,2G1FC1EV7A91,2,G,1,F,C,1,E,V,7,A,9,1,0,P,CHEV,CLT,CP,10,17,3750,,0,1123,,G,,F,6,220,,,19R245,,,,,,0,0,000000000,00000000000,0,0,0,1,0,0,0,0,0,0,0,998,0,1,5,12,6,2,1,0,0,0,1,29,63348,6,2,0,0,2,3,66,125,0,0,0,0,0,0,0,0,0,0,0,0,0,0,1,2,55,1,6,2,1,0,0,1,10,1,1,4,6,1,0
29,290385,1,1,6,17,7,15,43,59,0,1,0,29,1,22,20,22020,2,2001,1G2WP12K91F1,1,G,2,W,P,1,2,K,9,1,F,1,0,P,PONT,GPG,CP,1,17,3429,,0,1105,,G,,F,6,231,,,16R225,,,,,,0,0,000000000,00000000000,0,0,0,1,0,0,0,0,0,0,0,998,0,0,0,12,6,2,35,0,0,1,1,29,64870,1,1,0,0,2,3,67,220,0,1,0,1,1,1,2010,7,2012,1,0,0,0,0,6,1,70,1,5,2,1,20,3,1,6,3,2,4,7,1,0
29,290386,1,1,1,18,7,5,10,58,0,1,0,29,1,41,45,41045,1,1995,JM1NA3532S06,J,M,1,N,A,3,5,3,2,S,0,6,0,P,MAZD,MIA,CV,95,17,2293,,0,892,,G,,F,4,112,,,14R185,,,,,,0,0,000000000,00000000000,0,0,0,1,0,0,0,0,0,0,0,998,0,1,5,1,6,2,1,0,0,0,1,29,63061,6,1,6,0,3,0,71,195,0,0,0,0,0,0,0,0,0,1,0,0,0,0,1,2,45,3,6,2,1,0,0,14,10,4,4,4,2,1,0
29,290387,1,1,1,18,7,19,35,57,0,1,0,29,1,37,706,37706,80,2005,JH2RC50385M1,J,H,2,R,C,5,0,3,8,5,M,1,0,M,HOND,VCA,RS,5,17,,,,,,,745,,2,,4,519,,,,,,,0,0,000000000,00000000000,0,0,0,1,0,0,0,0,0,0,0,998,0,0,0,12,6,2,57,0,0,0,1,29,65401,6,1,0,0,3,0,71,160,0,2,1,0,0,11,2009,4,2010,0,0,0,0,0,3,2,70,2,5,2,1,0,0,6,12,1,1,4,6,1,1
29,290388,1,2,1,2,6,13,23,12,6,1,0,29,4,49,40,49040,4,2012,4T1BF1FK1CU0,4,T,1,B,F,1,F,K,1,C,U,0,0,P,TOYT,CBA,4D,12,17,3190,,0,1093,,G,,F,4,152,,,16R205,,,,,,0,0,000000000,00000000000,0,0,0,1,0,0,0,0,0,0,0,998,0,0,0,12,4,3,12,0,0,0,1,29,64063,6,1,0,0,3,0,76,235,0,0,0,0,2,4,2010,6,2010,0,28,0,0,0,1,2,45,2,1,2,1,0,0,14,10,1,1,2,64,1,1
29,290388,2,2,1,2,6,13,23,12,6,1,0,29,1,7,482,7482,31,1997,3B7HF13Z9VG7,3,B,7,H,F,1,3,Z,9,V,G,7,0,T,DODG,150,PC,97,17,,2,1547,1387,RPC,G,,,8,360,,,,B,4764,01,M,44,0,0,000000000,00000000000,0,0,0,1,0,0,0,0,0,0,0,998,2,0,0,11,4,3,12,0,0,0,1,29,64133,6,1,0,0,3,0,73,225,0,0,0,1,0,6,2010,6,2010,0,0,0,0,0,1,2,45,3,1,2,1,0,0,14,62,99,1,1,65,0,0
29,290389,1,1,1,9,6,2,30,1,0,1,0,35,2,20,481,20481,31,1998,1GCGC29R1WE2,1,G,C,G,C,2,9,R,1,W,E,2,0,T,CHEV,GC2,PC,98,17,,2,1555,1415,GM4,G,,,8,350,,,,C,4432,07,,42,0,0,000000000,00000000000,0,0,0,1,0,0,0,0,0,0,0,998,0,2,5,0,6,2,1,0,0,0,1,35,87105,1,1,0,0,2,0,999,999,98,0,0,0,0,0,0,0,0,0,0,0,0,0,1,2,35,3,3,2,1,0,0,14,13,6,4,4,2,1,1
29,290390,1,1,1,19,6,6,30,53,0,1,0,29,1,9,38,9038,4,1999,1P3EJ46C6XN6,1,P,3,E,J,4,6,C,6,X,N,6,0,P,PLYM,BEE,4D,99,17,2862,,0,1080,,G,,F,4,122,,,14R195,,,,,,0,0,000000000,00000000000,0,0,0,1,0,0,0,0,0,0,0,998,0,1,5,12,6,2,1,0,0,0,1,29,65605,6,1,0,0,3,0,62,200,0,0,0,1,0,4,2012,4,2012,1,58,0,0,0,1,2,55,1,1,2,1,0,0,1,13,7,3,4,2,1,1
29,290391,1,3,1,20,6,16,43,12,6,1,0,29,1,6,52,6052,6,2003,3C8FY68B23T5,3,C,8,F,Y,6,8,B,2,3,T,5,0,P,CHRY,PTC,SV,3,17,3121,,0,1030,,G,,F,4,148,,,16R205,,,,,,0,0,000000000,00000000000,0,0,0,1,0,0,0,0,0,0,0,998,0,0,0,12,6,2,12,0,0,0,1,29,63645,6,1,0,0,3,0,67,110,0,0,0,0,0,0,0,0,0,0,39,0,0,0,5,4,40,1,1,2,1,3,3,1,17,1,1,1,88,0,0
29,290391,2,3,1,20,6,16,43,12,6,1,0,29,1,12,481,12481,31,1981,2FTDF15F6BCA,2,F,T,D,F,1,5,F,6,B,C,A,0,T,FORD,F15,PK,81,17,,1,1330,1170,COF,G,,,8,302,,,,BC,3416,01,,42,0,0,000000000,00000000000,0,0,0,1,0,0,0,0,0,0,0,998,0,0,0,11,6,2,12,0,0,0,1,29,63637,6,1,0,0,3,0,68,160,0,0,0,0,0,0,0,0,0,0,0,0,0,0,1,2,25,1,1,2,1,3,3,1,66,1,1,1,89,1,0
29,290391,3,3,3,20,6,16,43,12,6,1,0,29,1,20,481,20481,31,2002,1GCEC19T72Z2,1,G,C,E,C,1,9,T,7,2,Z,2,0,T,CHEV,SC1,4C,2,17,,2,1575,1435,SIL,G,,,8,325,,,,B,4534,03,,42,0,0,000000000,00000000000,0,0,0,1,0,0,0,0,0,0,0,998,0,0,0,11,2,1,12,0,0,0,1,29,63628,6,1,0,0,3,3,67,170,0,0,0,1,0,7,2011,7,2011,0,0,0,0,0,5,4,40,1,1,2,1,3,3,13,66,98,1,1,98,0,0
29,290392,1,2,1,20,6,6,18,12,6,1,0,29,2,76,706,76706,80,2003,JYARN10E33A0,J,Y,A,R,N,1,0,E,3,3,A,0,0,M,YAMA,YFR,RC,3,17,,,,,,,998,,4,,4,382,,,,,,,0,0,000000000,00000000000,0,0,0,1,0,0,0,0,0,0,0,998,0,0,0,12,6,2,12,0,0,0,1,29,63146,6,1,0,0,3,3,74,180,1,0,0,0,0,8,2010,8,2010,0,0,0,0,0,1,2,35,1,6,2,1,3,3,1,67,1,1,1,69,1,0
29,290392,2,2,2,20,6,6,18,12,6,1,0,29,3,20,481,20481,31,2012,1GC0KZCG3CZ1,1,G,C,0,K,Z,C,G,3,C,Z,1,1,T,CHEV,SK3,PK,12,17,,2,0,1337,SIL,F,,,8,366,,,,D,6134,00,,44,1,0,000000000,00000000000,0,0,0,1,0,0,0,0,0,0,0,998,0,0,0,4,2,1,12,0,0,0,1,29,63021,6,1,0,0,3,0,71,210,0,0,0,0,0,0,0,0,0,0,39,0,0,0,1,2,35,1,5,2,1,3,3,11,17,3,1,1,68,0,0
29,290393,1,1,1,6,7,1,45,8,0,1,0,93,3,98,804,98804,66,1999,2WKEDDCJ2XK9,2,W,K,E,D,D,C,J,2,X,K,9,1,T,WSTR,49E,TR,99,17,,8,0,0,CNV,D,,,6,893,,,,,00000,00,,64,1,57,0513814,570513814,3,6,1,1,0,0,0,0,0,0,0,65,0,0,0,8,0,1,8,0,0,0,1,29,65275,6,1,6,0,3,0,68,165,0,0,0,0,0,0,0,0,0,0,0,0,0,0,3,2,60,1,6,1,1,0,0,1,80,9,2,1,13,0,0
29,290394,1,1,1,17,7,17,35,30,0,1,0,29,1,73,709,73709,80,2009,JKBZXNC119A0,J,K,B,Z,X,N,C,1,1,9,A,0,0,M,KAWK,X4C,RC,9,17,,,,,,,1352,,4,,4,567,,,,,,,0,0,000000000,00000000000,0,0,0,1,0,0,0,0,0,0,0,998,0,0,0,5,6,2,30,0,0,0,1,29,65301,6,1,0,0,3,0,68,150,0,0,0,0,0,0,0,0,0,1,0,0,0,0,1,4,40,3,1,2,1,0,0,14,13,1,4,4,2,1,1
29,290395,1,1,1,20,7,20,20,11,0,1,0,29,1,72,706,72706,80,2003,1HD1FDV113Y7,1,H,D,1,F,D,V,1,1,3,Y,7,0,M,HD,FHR,RS,3,17,,,,,,,1450,,2,,4,723,,,,,,,0,0,000000000,00000000000,0,0,0,1,0,0,0,0,0,0,0,998,0,0,0,12,6,2,11,0,0,0,1,29,63028,6,1,6,0,3,0,73,250,0,0,0,0,0,0,0,0,0,0,0,0,0,0,1,2,55,1,5,2,1,0,0,1,87,1,1,1,13,1,0
29,290396,1,2,2,21,7,7,33,12,2,1,0,92,0,22,16,22016,2,1999,1G2JD12T6X75,1,G,2,J,D,1,2,T,6,X,7,5,0,P,PONT,SFG,CP,99,17,2822,,0,1041,,G,,F,4,146,,,16R205,,,,,,0,0,000000000,00000000000,0,0,0,1,0,0,0,0,0,0,0,998,0,0,0,12,6,2,12,0,0,0,1,29,63662,6,1,0,0,3,0,69,140,1,0,0,0,0,2,2011,2,2011,0,28,0,0,0,1,2,55,2,6,2,1,0,0,14,10,1,1,2,50,1,0
29,290396,2,2,6,21,7,7,33,12,2,1,0,92,0,23,421,23421,15,2008,1GKFK668X8J2,1,G,K,F,K,6,6,8,X,8,J,2,0,T,GMC,DXL,4W,8,17,,2,0,1300,YUK,G,,,8,378,,,,C,5914,00,W,44,0,0,000000000,00000000000,0,0,0,1,0,0,0,0,0,0,0,998,0,0,0,12,6,2,12,0,0,0,1,29,63857,6,1,0,0,3,3,67,120,0,0,0,0,0,0,0,0,0,0,0,0,0,0,1,2,55,2,6,2,1,0,0,14,62,6,1,2,51,0,0
29,290397,1,1,1,21,7,11,40,35,0,1,0,29,1,22,18,22018,4,1998,1G2NE52T0WM5,1,G,2,N,E,5,2,T,0,W,M,5,0,P,PONT,GAS,4D,98,17,2877,,0,1034,,G,,F,4,146,,,14R195,,,,,,0,0,000000000,00000000000,0,0,0,1,0,0,0,0,0,0,0,998,0,1,5,12,6,2,35,0,0,0,1,29,65026,6,1,0,0,3,0,68,185,0,0,0,0,0,0,0,0,0,0,0,0,0,0,2,2,65,3,1,1,1,0,0,14,13,1,1,4,1,1,0
29,290399,1,1,1,25,5,8,0,42,0,1,0,29,1,6,44,6044,4,1999,1C3EJ56H1XN5,1,C,3,E,J,5,6,H,1,X,N,5,0,P,CHRY,CLI,4D,99,17,3089,,0,1080,,G,,F,6,152,,,15R195,,,,,,0,0,000000000,00000000000,0,0,0,1,0,0,0,0,0,0,0,998,0,0,0,12,6,2,42,0,0,0,1,29,63845,6,1,0,0,3,0,75,350,0,0,0,0,0,0,0,0,0,1,0,0,0,0,1,2,50,1,1,2,1,0,0,1,12,7,1,4,6,1,0
29,290400,1,1,2,24,6,17,6,33,0,1,0,29,1,14,36,14036,4,1994,3MARM10J4RR6,3,M,A,R,M,1,0,J,4,R,R,6,0,P,MERC,TTO,4D,94,17,2393,,0,984,,G,,F,4,114,,,14R175,,,,,,0,0,000000000,00000000000,0,0,0,1,0,0,0,0,0,0,0,998,0,1,5,14,6,2,1,0,0,0,1,29,64012,6,1,0,0,3,3,64,115,0,0,0,0,0,0,0,0,0,0,58,0,0,0,3,3,65,1,1,1,1,0,0,1,13,7,3,4,1,1,0
29,290401,1,1,2,20,7,0,49,8,0,1,1,29,2,19,3,19003,4,2001,1G6KD54Y51U2,1,G,6,K,D,5,4,Y,5,1,U,2,0,P,CADI,DFW,4D,1,17,3978,,0,1138,,G,,F,8,279,,,16R225,,,,,,0,0,000000000,00000000000,0,0,0,1,0,0,0,0,0,0,0,998,0,0,0,12,6,2,8,0,0,0,1,29,65804,6,2,0,0,3,0,71,150,0,0,0,0,0,0,0,0,0,0,0,0,0,0,3,2,40,1,3,2,1,2,3,1,80,1,1,1,13,0,0
29,290402,1,1,1,25,7,8,40,42,0,1,0,93,3,86,881,86881,66,2000,1M1AA13Y8YW1,1,M,1,A,A,1,3,Y,8,Y,W,1,1,T,MACK,CH6,TR,0,17,,8,0,0,600,D,,,6,728,,,,,00000,00,,64,1,57,343607,57343607,3,6,3,1,0,0,0,0,0,0,0,42,0,0,0,2,6,2,42,0,0,0,1,29,63052,6,1,6,0,3,0,72,195,0,0,0,0,0,0,0,0,0,0,58,0,0,0,1,2,55,3,5,2,1,0,0,14,12,8,4,4,7,1,0
29,290403,1,1,1,25,7,20,50,34,0,1,0,29,1,72,706,72706,80,2001,1HD1BWB161Y0,1,H,D,1,B,W,B,1,6,1,Y,0,0,M,HD,FSI,RS,1,17,,,,,,,1450,,2,,4,696,,,,,,,0,0,000000000,00000000000,0,0,0,1,0,0,0,0,0,0,0,998,0,0,0,12,6,2,34,0,0,0,1,29,63440,6,1,0,0,3,0,69,185,0,0,0,0,0,0,0,0,0,0,0,0,0,0,1,2,55,3,6,2,1,0,0,14,13,1,1,4,1,1,1
29,290404,1,1,2,25,7,21,14,59,0,1,0,29,1,2,404,2404,14,2007,1J8HR48PX7C6,1,J,8,H,R,4,8,P,X,7,C,6,0,T,JEEP,LCF,4W,7,17,,2,0,1095,GCK,F,,,8,287,,,,,4519,00,7,44,0,0,000000000,00000000000,0,0,0,1,0,0,0,0,0,0,0,998,0,0,0,12,6,2,42,0,0,0,1,29,63123,6,1,0,0,3,0,72,150,0,0,0,0,0,0,0,0,0,1,0,0,0,0,1,2,35,3,6,2,1,0,0,14,13,1,1,4,1,1,1
29,290405,1,1,2,26,7,0,20,1,0,1,0,29,1,37,709,37709,80,2009,JH2PC40069K2,J,H,2,P,C,4,0,0,6,9,K,2,0,M,HOND,B60,RC,9,17,,,,,,,599,,4,,4,410,,,,,,,0,0,000000000,00000000000,0,0,0,1,0,0,0,0,0,0,0,998,0,0,0,0,6,2,1,0,0,0,1,29,64078,6,1,0,0,3,0,68,140,0,0,0,0,0,0,0,0,0,1,87,0,0,0,1,2,45,1,6,2,2,0,0,1,6,1,1,1,98,1,1
29,290406,1,2,1,26,7,4,0,12,2,1,0,29,1,20,2,20002,4,2001,2G1WH55K5192,2,G,1,W,H,5,5,K,5,1,9,2,0,P,CHEV,IPL,4D,1,17,3466,,0,1105,,G,,F,6,231,,,16R225,,,,,,0,0,000000000,00000000000,0,0,0,1,0,0,0,0,0,0,0,998,0,0,0,12,6,2,12,0,0,0,1,29,65014,6,1,0,0,3,0,74,270,1,0,0,0,0,7,2010,7,2010,0,0,0,0,0,1,2,60,1,5,1,1,0,0,1,62,1,1,1,51,1,0
29,290406,2,2,1,26,7,4,0,12,2,1,0,29,2,24,2,24002,2,1997,1G8ZF128XVZ3,1,G,8,Z,F,1,2,8,X,V,Z,3,0,P,STRN,SC1,CP,97,17,2281,,0,1024,,G,,F,4,116,,,14R175,,,,,,0,0,000000000,00000000000,0,0,0,1,0,0,0,0,0,0,0,998,0,0,0,12,6,2,12,0,0,0,1,29,65051,6,1,0,0,3,0,66,120,0,0,0,0,0,0,0,0,0,0,28,0,0,0,1,2,60,1,6,1,1,0,0,1,10,1,1,2,50,0,0
29,290407,1,2,1,26,7,10,15,1,0,1,0,29,5,76,709,76709,80,2008,JYARJ16E58A0,J,Y,A,R,J,1,6,E,5,8,A,0,0,M,YAMA,R6L,RC,8,17,,,,,,,599,,4,,4,366,,,,,,,0,0,000000000,00000000000,0,0,0,1,0,0,0,0,0,0,0,998,0,0,0,0,6,2,12,0,0,0,1,29,63115,6,1,0,0,3,0,68,185,1,0,0,0,0,6,2010,6,2010,1,0,0,0,0,1,4,35,1,5,2,1,0,0,1,62,3,1,1,98,1,0
29,290407,2,2,1,26,7,10,15,1,0,1,0,29,1,59,31,59031,4,1994,JT8GK13TXR00,J,T,8,G,K,1,3,T,X,R,0,0,0,P,LEXS,ES3,4D,94,17,3374,,0,1031,,G,,F,6,183,,,15R205,,,,,,0,0,000000000,00000000000,0,0,0,1,0,0,0,0,0,0,0,998,0,0,0,1,4,3,12,0,0,0,1,29,63114,6,1,0,0,3,3,68,160,0,0,0,0,0,0,0,0,0,1,0,0,0,0,1,4,35,1,5,2,1,0,0,11,54,1,1,1,98,0,0
29,290408,1,2,1,26,7,14,28,12,6,1,0,29,3,84,881,84881,63,2004,1HTWDAAR34J0,1,H,T,W,D,A,A,R,3,4,J,0,0,T,INTL,740,CC,4,17,,8,0,0,70S,D,,,6,466,,,,,00000,00,,42,0,77,777777777,77777777777,3,1,98,1,0,0,0,0,0,0,0,998,2,0,0,10,2,1,12,0,0,0,1,29,64667,6,1,6,0,3,0,66,170,0,0,0,0,0,0,0,0,0,0,0,0,0,0,1,2,55,1,1,2,1,0,0,11,60,1,1,1,98,0,0
29,290408,2,2,1,26,7,14,28,12,6,1,0,29,1,72,706,72706,80,1998,1HD1BML15WY0,1,H,D,1,B,M,L,1,5,W,Y,0,0,M,HD,FLF,RS,98,17,,,,,,,1340,,2,,4,631,,,,,,,0,0,000000000,00000000000,0,0,0,1,0,0,0,0,0,0,0,998,0,0,0,12,6,2,12,0,0,0,1,29,64630,6,1,6,0,3,3,68,140,0,0,0,2,0,3,2010,5,2012,0,0,0,0,0,1,2,55,1,1,2,1,0,0,6,98,1,1,2,98,1,0
29,290409,1,2,1,27,7,0,4,12,6,1,0,29,2,41,35,41035,6,2002,JM1BJ2450215,J,M,1,B,J,2,4,5,0,2,1,5,0,P,MAZD,PR5,4H,2,17,2716,,0,1028,,G,,F,4,122,,,16R195,,,,,,0,0,000000000,00000000000,0,0,0,1,0,0,0,0,0,0,0,0,0,0,0,9,6,2,12,0,0,0,1,29,63090,6,2,0,0,3,2,68,120,0,0,0,0,0,0,0,0,0,0,73,0,0,0,5,2,45,1,1,2,1,3,3,5,66,1,1,1,98,1,0
29,290409,2,2,2,27,7,0,4,12,6,1,0,17,5,20,471,20471,30,2001,1GCCS14W3181,1,G,C,C,S,1,4,W,3,1,8,1,0,T,CHEV,S14,PK,1,17,,1,1179,1083,S,G,,,6,262,,,,B,00000,00,,42,0,0,000000000,00000000000,0,0,0,1,0,0,0,0,0,0,0,998,0,0,0,12,6,2,12,0,0,0,1,29,63084,0,0,0,0,0,0,999,999,0,0,0,0,0,0,0,0,0,1,37,0,0,0,5,4,98,8,8,2,1,21,3,1,50,1,1,6,98,0,0
29,290410,1,1,1,27,6,16,32,30,0,1,0,29,1,35,43,35043,4,1999,1N4AB41D5XC7,1,N,4,A,B,4,1,D,5,X,C,7,0,P,NISS,SXG,4D,99,17,2308,,0,998,,G,,F,4,097,,,13R155,,,,,,0,0,000000000,00000000000,0,0,0,1,0,0,0,0,0,0,0,998,0,0,0,12,6,2,30,0,0,0,1,29,63131,6,1,0,0,3,3,60,115,0,0,0,0,0,0,0,0,0,0,0,0,0,0,1,2,35,3,5,2,1,0,0,14,10,1,1,4,6,1,0
29,290411,1,2,2,13,7,9,52,12,6,1,0,4,3,20,481,20481,31,1992,2GCEC19Z0N11,2,G,C,E,C,1,9,Z,0,N,1,1,0,T,CHEV,GC1,PC,92,17,,2,1555,1415,GM4,G,,,6,262,,,,B,4426,02,,42,0,0,000000000,00000000000,0,0,0,1,0,0,0,0,0,0,0,998,0,0,0,12,6,2,12,0,0,0,1,29,64062,6,1,0,0,3,3,70,208,0,0,0,0,0,0,0,0,0,0,28,0,0,0,1,2,55,1,1,2,1,0,0,1,10,1,1,2,64,1,0
29,290411,2,2,1,13,7,9,52,12,6,1,0,93,3,82,881,82881,66,1997,1FUYDZYB6VH6,1,F,U,Y,D,Z,Y,B,6,V,H,6,1,T,FRHT,FLD,TR,97,17,,8,0,0,CON,D,,,6,774,,,,,00000,00,,64,1,57,319584,57319584,3,6,11,1,0,0,0,0,0,0,0,998,0,0,0,8,2,3,12,0,0,0,1,20,66061,6,1,6,0,3,0,73,260,0,0,0,0,0,0,0,0,0,0,0,0,0,0,1,2,55,1,1,2,1,0,0,1,62,7,1,1,65,0,0
29,290412,1,1,1,25,7,16,35,35,0,1,0,29,4,42,421,42421,15,2012,4JGBF2FE6CA7,4,J,G,B,F,2,F,E,6,C,A,7,0,P,MERZ,MG3,UT,12,17,5512,,0,1211,,D,,T,6,183,,,20R275,,,,,,0,0,000000000,00000000000,0,0,0,1,0,0,0,0,0,0,0,998,0,1,5,12,6,2,1,0,0,0,1,29,64505,6,1,0,0,3,3,71,170,0,0,0,0,0,0,0,0,0,1,0,0,0,0,1,2,55,3,6,2,1,0,0,14,13,1,1,4,1,1,1
29,290413,1,2,1,27,7,7,50,12,2,1,0,29,1,12,3,12003,2,1996,1FALP404XTF2,1,F,A,L,P,4,0,4,X,T,F,2,0,P,FORD,MUS,CP,96,17,3057,,0,1013,,G,,F,6,232,,,15R205,,,,,,0,0,000000000,00000000000,0,0,0,1,0,0,0,0,0,0,0,998,0,0,0,12,6,2,12,0,0,0,1,29,65606,6,1,0,0,3,3,67,150,0,0,0,0,0,0,0,0,0,0,28,0,0,0,1,2,55,1,5,2,1,0,0,1,10,1,1,2,50,1,0
29,290413,2,2,1,27,7,7,50,12,2,1,0,29,1,20,2,20002,4,2003,2G1WF52E6394,2,G,1,W,F,5,2,E,6,3,9,4,0,P,CHEV,IMP,4D,3,17,3389,,0,1105,,G,,F,6,207,,,16R225,,,,,,0,0,000000000,00000000000,0,0,0,1,0,0,0,0,0,0,0,998,0,0,0,12,6,2,12,0,0,0,1,29,65633,6,1,0,0,3,0,63,130,0,0,0,0,0,0,0,0,0,0,0,0,0,0,1,2,55,1,5,2,1,0,0,1,62,1,1,1,51,0,0
29,290414,1,1,1,27,7,20,0,42,0,1,0,29,1,12,17,12017,4,1994,1FALP52UXRG2,1,F,A,L,P,5,2,U,X,R,G,2,0,P,FORD,TAG,4D,94,17,3104,,0,1060,,G,,F,6,182,,,15R205,,,,,,0,0,000000000,00000000000,0,0,0,1,0,0,0,0,0,0,0,998,0,1,5,1,6,2,1,0,0,0,1,29,63636,6,1,0,0,3,3,72,200,0,0,0,0,0,0,0,0,0,1,0,0,0,0,1,2,55,3,5,2,1,0,0,14,13,1,1,4,1,1,1
29,290415,1,1,1,15,7,15,10,59,0,1,0,92,0,6,43,6043,1,1997,3C3EL55H6VT5,3,C,3,E,L,5,5,H,6,V,T,5,0,P,CHRY,SJI,CV,97,17,3376,,0,1060,,G,,F,6,152,,,16R215,,,,,,0,0,000000000,00000000000,0,0,0,1,0,0,0,0,0,0,0,998,0,0,0,9,6,2,42,0,0,0,1,20,64052,6,1,0,0,3,0,999,999,0,0,0,0,0,0,0,0,0,1,0,0,0,0,1,2,35,1,1,2,1,0,0,1,13,1,3,4,2,1,1
29,290416,1,1,1,23,6,16,58,24,0,1,0,29,2,73,709,73709,80,2010,JKAZXCF14AA0,J,K,A,Z,X,C,F,1,4,A,A,0,0,M,KAWK,Z0F,RC,10,17,,,,,,,998,,4,,4,459,,,,,,,0,0,000000000,00000000000,0,0,0,1,0,0,0,0,0,0,0,998,0,0,0,12,6,2,24,0,0,0,1,29,63115,1,1,0,0,2,0,74,185,0,5,0,0,1,5,2010,10,2011,1,0,0,0,0,3,2,40,1,1,2,1,0,0,1,13,1,1,4,1,1,0
29,290417,1,3,1,24,7,20,20,54,11,1,0,12,1,24,7,24007,4,2003,1G8AJ52F13Z1,1,G,8,A,J,5,2,F,1,3,Z,1,0,P,STRN,SI2,4D,3,17,2683,,0,1032,,G,,F,4,134,,,15R195,,,,,,0,0,000000000,00000000000,0,0,0,1,0,0,0,0,0,0,0,71,0,1,1,18,6,2,12,0,0,0,1,12,65584,6,1,0,0,3,0,68,999,0,0,0,0,0,0,0,0,0,1,58,0,0,0,1,2,45,3,6,2,1,0,0,6,10,9,3,4,98,1,1
29,290417,2,3,3,24,7,20,20,54,11,1,0,29,1,19,20,19020,6,2007,1GYEE6376701,1,G,Y,E,E,6,3,7,6,7,0,1,0,P,CADI,SRX,UT,7,17,4164,,0,1164,,G,,F,6,220,,,17R235,,,,,,0,0,000000000,00000000000,0,0,0,1,0,0,0,0,0,0,0,66,0,0,0,12,4,1,54,0,0,0,1,29,65550,6,1,0,0,3,0,63,110,0,0,0,0,0,0,0,0,0,0,0,0,0,0,3,2,98,1,1,2,1,0,0,1,98,8,1,2,98,0,0
29,290417,3,3,1,24,7,20,20,54,11,1,0,18,3,82,881,82881,66,2012,1FUJGLDR8CLB,1,F,U,J,G,L,D,R,8,C,L,B,1,T,FRHT,125,TR,12,17,,8,0,0,CSC,D,,,6,903,,,,,00000,00,,64,1,57,178538,57178538,3,6,3,1,0,0,0,0,0,0,0,998,0,0,0,12,6,2,12,0,0,0,1,5,72714,6,1,6,0,3,3,70,165,0,0,0,0,0,0,0,0,0,0,0,0,0,0,3,2,98,1,1,2,1,0,0,1,60,8,1,1,98,0,0
29,290418,1,1,3,28,7,13,45,8,0,1,0,29,2,14,6,14006,4,1995,2MELM75W2SX6,2,M,E,L,M,7,5,W,2,S,X,6,0,P,MERC,MGL,4D,95,17,3796,,0,1144,,G,,F,8,281,,,15R215,,,,,,0,0,000000000,00000000000,0,0,0,1,0,0,0,0,0,0,0,998,0,0,0,12,6,2,8,0,0,0,1,29,65774,6,1,0,0,3,3,66,125,0,0,0,0,0,0,0,0,0,0,6,0,0,0,1,2,55,1,1,2,1,0,0,1,12,1,1,4,6,0,0
29,290419,1,2,1,30,7,7,45,12,6,1,0,29,2,37,32,37032,4,1994,JHMCD5637RC0,J,H,M,C,D,5,6,3,7,R,C,0,0,P,HOND,ALX,4D,94,17,2809,,0,1069,,G,,F,4,132,,,14R185,,,,,,0,0,000000000,00000000000,0,0,0,1,0,0,0,0,0,0,0,998,0,0,0,9,6,2,12,0,0,0,1,29,65613,6,1,0,0,3,0,66,191,0,0,0,1,0,4,2010,4,2010,0,38,0,0,0,1,2,98,1,6,1,1,20,3,4,17,1,1,1,89,1,0
29,290419,2,2,1,30,7,7,45,12,6,1,0,29,1,6,51,6051,4,2000,2C3HE66G1YH1,2,C,3,H,E,6,6,G,1,Y,H,1,0,P,CHRY,30M,4D,0,17,3499,,0,1130,,G,,F,6,215,,,17R225,,,,,,0,0,000000000,00000000000,0,0,0,1,0,0,0,0,0,0,0,998,0,0,0,12,6,2,12,0,0,0,1,29,65808,1,1,0,0,2,3,66,127,0,0,0,1,0,12,2011,12,2011,0,0,0,0,0,2,2,65,1,6,1,1,0,0,1,66,1,1,1,88,0,0