STATE,ST_CASE,VEH_NO,VE_FORMS,NUMOCCS,DAY,MONTH,HOUR,MINUTE,HARM_EV,MAN_COLL,UNITTYPE,HIT_RUN,REG_STAT,OWNER,MAKE,MODEL,MAK_MOD,BODY_TYP,MOD_YEAR,VIN,VIN_1,VIN_2,VIN_3,VIN_4,VIN_5,VIN_6,VIN_7,VIN_8,VIN_9,VIN_10,VIN_11,VIN_12,TOW_VEH,VINTYPE,VINMAKE,VINA_MOD,VIN_BT,VINMODYR,VIN_LNGT,VIN_WGT,WGTCD_TR,WHLBS_LG,WHLBS_SH,SER_TR,FUELCODE,MCYCL_DS,CARBUR,CYLINDER,DISPLACE,MCYCL_CY,MCYCL_WT,TIRE_SZE,TON_RAT,TRK_WT,TRKWTVAR,VIN_REST,WHLDRWHL,J_KNIFE,MCARR_I1,MCARR_I2,MCARR_ID,GVWR,V_CONFIG,CARGO_BT,HAZ_INV,HAZ_PLAC,HAZ_ID,HAZ_CNO,HAZ_REL,BUS_USE,SPEC_USE,EMER_USE,TRAV_SP,UNDERIDE,ROLLOVER,ROLINLOC,IMPACT1,DEFORMED,TOWED,M_HARM,VEH_SC1,VEH_SC2,FIRE_EXP,DR_PRES,L_STATE,DR_ZIP,L_STATUS,L_TYPE,CDL_STAT,L_ENDORS,L_COMPL,L_RESTRI,DR_HGT,DR_WGT,PREV_ACC,PREV_SUS,PREV_DWI,PREV_SPD,PREV_OTH,FIRST_MO,FIRST_YR,LAST_MO,LAST_YR,SPEEDREL,DR_SF1,DR_SF2,DR_SF3,DR_SF4,VTRAFWAY,VNUM_LAN,VSPD_LIM,VALIGN,VPROFILE,VPAVETYP,VSURCOND,VTRAFCON,VTCONT_F,P_CRASH1,P_CRASH2,P_CRASH3,PCRASH4,PCRASH5,ACC_TYPE,DEATHS,DR_DRINK
29,290420,1,2,1,30,7,14,42,12,6,1,0,29,1,49,40,49040,4,1993,4T1SK12E9PU2,4,T,1,S,K,1,2,E,9,P,U,2,0,P,TOYT,CLE,4D,93,17,3053,,0,1031,,G,,F,4,132,,,000000,,,,,,0,0,000000000,00000000000,0,0,0,1,0,0,0,0,0,0,0,998,0,0,0,9,6,2,12,0,0,0,1,29,64779,6,1,0,0,3,0,63,100,0,0,0,0,0,0,0,0,0,0,38,0,0,0,2,2,65,1,5,1,1,20,3,1,17,1,1,1,89,1,0
29,290420,2,2,2,30,7,14,42,12,6,1,0,29,1,20,16,20016,2,2003,1G1JC12F2371,1,G,1,J,C,1,2,F,2,3,7,1,0,P,CHEV,CAV,CP,3,17,2617,,0,1041,,G,,F,4,134,,,14R195,,,,,,0,0,000000000,00000000000,0,0,0,1,0,0,0,0,0,0,0,998,0,0,0,12,6,2,12,0,0,0,1,29,65026,6,1,0,0,3,3,73,180,0,0,0,0,0,0,0,0,0,0,0,0,0,0,2,2,65,4,5,1,1,0,0,14,66,1,1,1,88,1,0
29,290421,1,1,2,1,8,16,40,57,0,1,0,29,3,12,401,12401,14,2004,1FMZU63K14ZB,1,F,M,Z,U,6,3,K,1,4,Z,B,0,P,FORD,EPR,UT,4,17,4094,,0,1137,,F,,F,6,245,,,16R235,,,,,,0,0,000000000,00000000000,0,0,0,1,0,0,0,0,0,0,0,998,0,1,5,12,6,2,1,0,0,0,1,29,64834,0,0,0,0,0,0,999,999,0,0,0,0,0,0,0,0,0,0,0,0,0,0,3,2,70,2,5,2,1,0,0,14,8,1,4,4,7,1,0
29,290422,1,1,3,16,7,1,59,1,0,1,0,29,2,22,18,22018,2,1995,1G2NW15M6SC8,1,G,2,N,W,1,5,M,6,S,C,8,0,P,PONT,GAG,CP,95,17,2952,,0,1034,,G,,F,6,191,,,16R205,,,,,,0,0,000000000,00000000000,0,0,0,1,0,0,0,0,0,0,0,68,0,1,3,0,6,2,1,0,0,0,1,99,99999,9,9,99,9,9,9,999,999,99,99,99,99,99,99,9999,99,9999,1,99,99,99,99,6,1,65,1,6,1,1,21,3,10,6,1,1,4,6,3,0
29,290423,1,2,1,17,7,8,13,12,6,1,0,29,1,12,481,12481,31,2004,1FTNW21P34ED,1,F,T,N,W,2,1,P,3,4,E,D,0,T,FORD,F2S,CW,4,17,,2,1724,1562,SRW,D,,,8,366,,,,C,6234,00,E,44,0,0,000000000,00000000000,0,0,0,1,0,0,0,0,0,0,0,70,0,1,1,12,6,2,12,0,0,0,1,29,63801,6,1,0,0,3,0,75,250,4,1,1,2,0,9,2009,9,2011,1,38,39,0,0,1,4,40,1,1,2,1,1,3,1,17,1,1,1,88,0,0
29,290423,2,2,1,17,7,8,13,12,6,1,0,29,1,35,47,35047,4,2011,1N4AL2AP6BN4,1,N,4,A,L,2,A,P,6,B,N,4,0,P,NISS,ATS,4D,11,17,3180,,0,1093,,G,,F,4,153,,,16R215,,,,,,0,0,000000000,00000000000,0,0,0,1,0,0,0,0,0,0,0,15,0,1,1,9,6,2,12,0,0,0,1,29,63801,6,1,0,0,3,3,65,130,0,0,0,0,0,0,0,0,0,0,0,0,0,0,1,2,30,1,1,2,1,1,3,1,66,1,1,1,89,1,0
29,290424,1,1,1,20,7,17,45,43,0,1,0,29,2,14,4,14004,2,1995,1MELM62W8SH6,1,M,E,L,M,6,2,W,8,S,H,6,0,P,MERC,XR7,2D,95,17,3533,,0,1130,,G,,F,8,281,,,15R205,,,,,,0,0,000000000,00000000000,0,0,0,1,0,0,0,0,0,0,0,998,0,1,5,7,6,2,1,0,0,0,1,29,65459,2,1,0,0,2,0,68,200,0,3,1,0,0,2,2012,6,2012,1,58,0,0,0,1,2,55,1,6,2,1,0,0,1,6,7,3,4,7,1,1
29,290425,1,2,1,23,7,18,50,12,2,1,0,29,1,48,401,48401,14,2003,JF1SG65663H7,J,F,1,S,G,6,5,6,6,3,H,7,0,P,SUBA,FOR,UT,3,17,3095,,0,994,,G,,F,4,150,,,16R215,,,,,,0,0,000000000,00000000000,0,0,0,1,0,0,0,0,0,0,0,998,0,0,0,12,6,2,12,0,0,0,1,29,65721,6,1,6,0,3,3,72,200,0,0,0,0,0,0,0,0,0,0,0,0,0,0,5,2,45,1,1,2,1,0,0,1,62,3,2,1,51,0,0
29,290425,2,2,1,23,7,18,50,12,2,1,0,29,1,12,15,12015,2,1994,1FAPP31X0RK1,1,F,A,P,P,3,1,X,0,R,K,1,0,P,FORD,TGL,2D,94,17,2511,,0,999,,G,,F,4,141,,,14R185,,,,,,0,0,000000000,00000000000,0,0,0,1,0,0,0,0,0,0,0,998,0,0,0,12,6,2,12,0,0,0,1,29,65803,6,1,0,0,3,3,67,180,0,0,0,0,0,0,0,0,0,9,0,0,0,0,5,2,45,1,1,2,1,0,0,1,10,1,1,2,50,1,0
29,290426,1,1,1,24,7,18,35,42,0,1,0,29,1,20,481,20481,31,1998,1GCGK29R2WE1,1,G,C,G,K,2,9,R,2,W,E,1,0,T,CHEV,GK2,PC,98,17,,2,1555,1415,GM4,G,,,8,350,,,,C,5254,00,,44,0,0,000000000,00000000000,0,0,0,1,0,0,0,0,0,0,0,998,0,0,0,12,6,2,42,0,0,1,1,29,63090,6,1,0,0,3,0,74,240,1,1,1,0,1,9,2010,5,2011,1,0,0,0,0,1,2,55,1,6,2,1,0,0,1,13,1,1,4,1,1,1
29,290427,1,2,1,25,7,18,23,12,1,1,0,29,1,49,40,49040,4,2011,4T4BF3EK5BR1,4,T,4,B,F,3,E,K,5,B,R,1,0,P,TOYT,CBA,4D,11,17,3263,,0,1093,,G,,F,4,152,,,16R215,,,,,,0,0,000000000,00000000000,0,0,0,1,0,0,0,0,0,0,0,998,0,0,0,12,6,2,12,0,0,0,1,29,65708,6,1,0,0,3,3,66,165,1,0,0,0,0,11,2010,11,2010,1,0,0,0,0,1,2,45,1,1,2,1,0,0,1,50,1,1,1,20,1,0
29,290427,2,2,1,25,7,18,23,12,1,1,0,93,3,85,881,85881,66,2005,1XKADU9X75J0,1,X,K,A,D,U,9,X,7,5,J,0,1,T,KW,T60,TR,5,17,,8,2600,1600,CON,D,,,6,763,,,,,00000,00,,64,1,57,461519,57461519,3,6,2,2,2,1987,3,2,0,0,0,0,0,0,0,6,0,1,12,0,0,0,1,29,65712,6,1,6,3,3,3,69,250,0,0,0,0,0,0,0,0,0,0,0,0,0,0,1,2,45,1,1,2,1,0,0,5,53,1,1,1,22,0,0
29,290428,1,1,1,2,8,2,22,18,0,1,0,29,2,22,9,22009,2,1998,2G2FV22G8W22,2,G,2,F,V,2,2,G,8,W,2,2,0,P,PONT,FTA,2H,98,17,3444,,0,1011,,G,,F,8,350,,,16R245,,,,,,0,0,000000000,00000000000,0,0,0,1,0,0,0,0,0,0,0,998,0,1,5,10,6,2,1,0,0,0,1,29,63662,6,1,0,0,3,0,66,125,0,0,0,0,0,0,0,0,0,1,0,0,0,0,1,2,55,3,5,2,1,0,0,14,6,1,3,4,2,1,1
29,290429,1,2,1,5,8,0,5,12,2,1,0,29,1,22,22,22022,4,2006,1G2ZF55B3642,1,G,2,Z,F,5,5,B,3,6,4,2,0,P,PONT,G6E,4D,6,17,3419,,0,1123,,G,,F,4,146,,,16R215,,,,,,0,0,000000000,00000000000,0,0,0,1,0,0,0,0,0,0,0,998,0,0,0,12,6,2,12,0,0,0,1,29,63624,6,1,0,0,3,0,60,115,0,0,0,0,0,0,0,0,0,1,28,0,0,0,1,2,55,2,5,2,2,0,0,14,10,1,1,2,50,0,0
29,290429,2,2,1,5,8,0,5,12,2,1,0,29,1,10,34,10034,2,1995,JE3AA11A1SU0,J,E,3,A,A,1,1,A,1,S,U,0,0,P,EGIL,SDL,2D,95,17,2006,,0,961,,G,,F,4,090,,,13R145,,,,,,0,0,000000000,00000000000,0,0,0,1,0,0,0,0,0,0,0,998,0,0,0,12,6,2,12,0,0,0,1,29,63624,2,1,0,0,2,3,62,108,0,0,0,0,0,0,0,0,0,0,0,0,0,0,1,2,55,3,5,2,2,0,0,14,62,1,1,1,51,1,0
29,290430,1,1,1,28,7,21,55,35,0,1,0,29,1,20,37,20037,4,2002,1G1ND52J52M6,1,G,1,N,D,5,2,J,5,2,M,6,0,P,CHEV,MAL,4D,2,17,3053,,0,1070,,G,,F,6,191,,,15R215,,,,,,0,0,000000000,00000000000,0,0,0,1,0,0,0,0,0,0,0,998,0,1,5,12,6,2,35,0,0,0,1,29,65679,6,1,0,0,3,0,74,160,0,0,0,1,1,1,2011,3,2012,1,0,0,0,0,1,2,55,2,4,2,1,0,0,14,10,1,1,4,6,1,1
29,290431,1,3,0,1,8,0,35,12,1,1,0,18,3,85,881,85881,66,2007,3WKDA48X47F1,3,W,K,D,A,4,8,X,4,7,F,1,1,T,KW,T80,TR,7,17,,8,2600,1600,CON,D,,,6,915,,,,,00000,00,,42,1,57,239039,57239039,3,6,1,1,0,0,0,0,0,0,0,0,0,0,0,6,6,2,54,0,0,0,0,0,99997,7,6,97,7,6,7,998,997,998,998,998,998,998,98,9998,98,9998,8,0,0,0,0,3,3,60,1,1,1,1,0,0,0,53,0,0,0,98,0,0
29,290431,2,3,1,1,8,0,35,12,1,1,0,17,3,51,881,51881,66,2003,4V4NC9JH73N3,4,V,4,N,C,9,J,H,7,3,N,3,1,T,VOLV,VNL,TR,3,17,,8,0,0,VVN,D,,,6,855,,,,,00000,00,,64,1,57,071984,57071984,3,6,1,1,0,0,0,0,0,0,0,0,0,0,0,6,6,2,12,0,0,0,1,29,63459,6,1,6,0,3,3,68,212,1,0,0,1,0,8,2010,1,2011,0,0,0,0,0,3,3,60,1,1,1,1,0,0,5,53,1,1,1,21,0,0
29,290431,3,3,1,1,8,0,35,12,1,1,0,17,3,86,881,86881,66,2013,1M1AW01XXDM0,1,M,1,A,W,0,1,X,X,D,M,0,1,T,MACK,CXU,TR,13,17,,7,0,0,600,D,,,6,659,,,,,00000,00,,42,1,57,021800,57021800,3,6,1,1,0,0,0,0,0,0,0,998,0,0,0,12,6,2,12,0,0,0,1,29,63147,6,1,6,0,3,0,72,200,0,0,0,0,0,0,0,0,0,0,0,0,0,0,3,3,60,1,1,1,1,0,0,1,50,1,1,1,20,1,0
29,290433,1,2,4,3,8,9,18,12,6,1,0,29,2,35,43,35043,4,2011,3N1AB6AP5BL6,3,N,1,A,B,6,A,P,5,B,L,6,0,P,NISS,SBL,4D,11,17,2862,,0,1057,,G,,F,4,122,,,16R205,,,,,,0,0,000000000,00000000000,0,0,0,1,0,0,0,0,0,0,0,998,0,0,0,9,6,2,12,0,0,0,1,29,63873,6,1,0,0,3,0,65,223,0,0,0,0,0,0,0,0,0,0,38,0,0,0,1,2,55,1,1,2,1,20,3,11,15,1,1,1,68,2,0
29,290433,2,2,4,3,8,9,18,12,6,1,0,5,1,6,441,6441,20,2003,2C4GP44383R2,2,C,4,G,P,4,4,3,8,3,R,2,0,T,CHRY,TLX,ES,3,17,,1,0,1193,TWC,F,,,6,201,,,,,3963,00,,42,0,0,000000000,00000000000,0,0,0,1,0,0,0,0,0,0,0,998,0,0,0,12,6,2,12,0,0,0,1,5,72461,6,1,0,0,3,0,58,125,0,0,0,0,0,0,0,0,0,0,0,0,0,0,1,2,55,1,1,2,1,0,0,1,67,1,1,1,69,0,0
29,290434,1,1,1,4,8,6,12,1,0,1,0,20,1,23,431,23431,16,1996,3GKEC16R9TG5,3,G,K,E,C,1,6,R,9,T,G,5,0,T,GMC,SUB,4W,96,17,,2,0,1315,C15,G,,,8,350,,,,B,4634,00,M,42,0,0,000000000,00000000000,0,0,0,1,0,0,0,0,0,0,0,998,0,1,5,0,6,2,1,0,0,0,1,20,67357,6,1,0,0,3,0,75,285,0,0,0,0,0,0,0,0,0,0,58,0,0,0,1,2,60,1,1,2,1,0,0,1,13,6,3,4,1,1,0
29,290435,1,2,2,4,8,18,0,12,6,1,0,29,1,20,471,20471,30,1992,1GCCS14ZXN81,1,G,C,C,S,1,4,Z,X,N,8,1,0,T,CHEV,S14,PK,92,17,,1,1179,1083,S,G,,,6,262,,,,B,2645,01,,42,0,0,000000000,00000000000,0,0,0,1,0,0,0,0,0,0,0,998,0,1,5,10,6,2,12,0,0,0,1,29,63301,6,1,0,0,3,0,69,199,0,0,0,1,0,3,2011,3,2011,0,0,0,0,0,1,2,55,1,1,2,1,0,0,1,62,1,1,1,65,1,1
29,290435,2,2,1,4,8,18,0,12,6,1,0,29,1,12,401,12401,14,1993,1FMCU24X0PUC,1,F,M,C,U,2,4,X,0,P,U,C,0,P,FORD,EPR,UT,93,17,3890,,0,1020,,G,,F,6,245,,,15R225,,,,,,0,0,000000000,00000000000,0,0,0,1,0,0,0,0,0,0,0,998,0,0,0,12,6,2,12,0,0,0,1,29,63367,1,1,0,0,2,3,65,175,0,2,0,0,0,5,2011,5,2011,0,58,0,0,0,1,2,55,1,1,2,1,0,0,1,8,1,2,2,64,0,0
29,290436,1,1,1,6,8,12,5,58,0,1,0,29,2,12,442,12442,20,1999,2FMZA5141XBB,2,F,M,Z,A,5,1,4,1,X,B,B,0,T,FORD,WLX,ES,99,17,,1,0,1207,WIN,G,,,6,232,,,,B,3890,00,E,42,0,0,000000000,00000000000,0,0,0,1,0,0,0,0,0,0,0,998,0,0,0,14,6,2,42,0,0,0,1,29,65020,6,1,0,0,3,3,62,155,0,0,0,0,0,0,0,0,0,0,0,0,0,0,1,2,55,3,6,2,1,0,0,14,13,1,1,4,1,1,1
29,290437,1,2,2,1,8,22,53,12,2,1,0,29,2,20,401,20401,14,2002,1GNDT13S4225,1,G,N,D,T,1,3,S,4,2,2,5,0,P,CHEV,TRL,UT,2,17,4628,,0,1130,,G,,F,6,256,,,16R245,,,,,,0,0,000000000,00000000000,0,0,0,1,0,0,0,0,0,0,0,45,0,0,0,12,6,2,12,0,0,0,1,29,64658,6,1,0,0,3,0,64,118,0,0,0,0,0,0,0,0,0,0,28,0,0,0,1,2,55,1,6,2,1,0,0,1,10,1,1,2,50,0,1
29,290437,2,2,1,1,8,22,53,12,2,1,0,29,2,20,2,20002,4,2004,2G1WF52EX491,2,G,1,W,F,5,2,E,X,4,9,1,0,P,CHEV,IMP,4D,4,17,3389,,0,1105,,G,,F,6,207,,,16R225,,,,,,0,0,000000000,00000000000,0,0,0,1,0,0,0,0,0,0,0,58,0,0,0,12,6,2,12,0,0,0,1,29,64631,6,2,0,0,2,0,67,125,0,0,0,0,0,0,0,0,0,0,0,0,0,0,1,2,55,1,6,2,1,0,0,1,62,1,1,1,51,1,0
29,290438,1,2,1,4,8,7,48,59,0,1,0,47,3,84,881,84881,66,2006,2HSCNAPR66C2,2,H,S,C,N,A,P,R,6,6,C,2,1,T,INTL,94I,TR,6,17,,8,0,0,940,D,,,6,915,,,,,00000,00,,64,1,57,039420,57039420,3,6,1,1,0,0,0,0,0,0,0,65,0,0,0,98,6,2,12,0,0,0,1,47,38305,6,1,6,0,3,0,72,232,0,0,0,0,1,11,2009,11,2009,1,0,0,0,0,2,2,70,3,6,2,2,0,0,14,6,1,9,4,7,0,0
29,290438,2,2,1,4,8,7,48,59,0,1,0,29,1,18,7,18007,4,2003,2G4WS52JX312,2,G,4,W,S,5,2,J,X,3,1,2,0,P,BUIC,CCU,4D,3,17,3368,,0,1090,,G,,F,6,191,,,15R205,,,,,,0,0,000000000,00000000000,0,0,0,1,0,0,0,0,0,0,0,66,0,0,0,12,6,2,12,0,0,0,1,29,63764,6,1,0,0,3,1,69,206,0,0,0,1,0,2,2010,2,2010,0,0,0,0,0,2,2,70,2,6,2,2,0,0,14,64,7,1,4,98,1,0
29,290439,1,1,4,7,8,0,5,23,0,1,0,29,2,20,481,20481,31,2009,3GCEK33359G1,3,G,C,E,K,3,3,3,5,9,G,1,0,T,CHEV,3SK,CW,9,17,,2,0,1435,SIL,F,,,8,323,,,,B,5348,00,,44,0,0,000000000,00000000000,0,0,0,1,0,0,0,0,0,0,0,998,0,1,5,14,6,2,1,0,0,0,1,29,63876,6,1,0,0,3,0,70,160,0,0,0,0,0,0,0,0,0,1,0,0,0,0,1,2,50,1,1,4,1,0,0,11,6,3,4,4,7,1,1
29,290440,1,2,1,8,8,5,30,12,2,1,0,29,1,49,442,49442,20,2000,4T3ZF13C0YU2,4,T,3,Z,F,1,3,C,0,Y,U,2,0,P,TOYT,SIE,SV,0,17,3890,,0,1142,,G,,F,6,183,,,15R205,,,,,,0,0,000000000,00000000000,0,0,0,1,0,0,0,0,0,0,0,998,0,0,0,12,6,2,12,0,0,0,1,29,65026,6,1,0,0,3,0,66,250,0,0,0,0,0,0,0,0,0,0,28,0,0,0,1,2,55,1,6,2,1,0,0,1,10,1,1,2,50,1,0
29,290440,2,2,1,8,8,5,30,12,2,1,0,29,3,20,481,20481,31,1995,1GCGC24N3SZ1,1,G,C,G,C,2,4,N,3,S,Z,1,0,T,CHEV,GC2,PK,95,17,,2,0,1315,GM4,G,,,8,454,,,,C,4119,00,,42,0,0,000000000,00000000000,0,0,0,1,0,0,0,0,0,0,0,998,0,1,5,12,6,2,12,0,0,0,1,29,65046,6,1,0,0,3,3,71,195,0,0,0,0,0,0,0,0,0,0,0,0,0,0,1,2,55,1,6,2,1,0,0,1,62,9,2,1,51,0,0
29,290441,1,2,4,8,8,8,45,12,6,1,0,29,2,63,34,63034,4,2004,KNAGD1261453,K,N,A,G,D,1,2,6,1,4,5,3,0,P,KIA,OLE,4D,4,17,3281,,0,1063,,G,,F,4,144,,,15R205,,,,,,0,0,000000000,00000000000,0,0,0,1,0,0,0,0,0,0,0,998,0,0,0,1,2,1,12,0,0,0,1,29,64683,6,1,0,0,3,0,69,230,0,0,0,0,0,0,0,0,0,0,0,0,0,0,3,2,70,1,5,2,2,0,0,1,63,1,1,1,45,0,0
29,290441,2,2,4,8,8,8,45,12,6,1,0,31,2,35,481,35481,31,2007,1N6BA07B87N2,1,N,6,B,A,0,7,B,8,7,N,2,0,T,NISS,TXS,CW,7,17,,2,0,1398,TTN,F,,,8,342,,,,,4993,00,E,44,0,0,000000000,00000000000,0,0,0,1,0,0,0,0,0,0,0,998,0,1,3,12,6,2,1,0,0,0,1,31,68104,6,1,0,0,3,3,68,200,0,0,0,1,0,5,2010,5,2010,1,28,0,0,0,3,2,70,1,5,2,2,0,0,15,10,1,1,2,47,1,0
29,290442,1,1,2,9,8,10,25,1,0,1,0,29,1,12,36,12036,3,1995,KNJLT05H6S61,K,N,J,L,T,0,5,H,6,S,6,1,0,P,FORD,ASP,2H,95,17,2004,,0,907,,G,,F,4,081,,,13R165,,,,,,0,0,000000000,00000000000,0,0,0,1,0,0,0,0,0,0,0,998,0,1,5,0,6,2,1,0,0,0,1,29,63334,6,2,0,0,3,2,72,135,0,0,0,0,0,0,0,0,0,1,73,0,0,0,1,2,55,3,5,2,1,0,0,14,6,1,1,4,6,1,0
29,290443,1,1,1,9,8,14,57,34,0,1,0,29,1,12,481,12481,31,2006,1FTRF12256NA,1,F,T,R,F,1,2,2,5,6,N,A,0,T,FORD,F15,PK,6,17,,2,1450,1260,COF,G,,,6,256,,,,B,4615,02,E,42,0,0,000000000,00000000000,0,0,0,1,0,0,0,0,0,0,0,998,0,1,5,1,6,2,1,0,0,0,1,29,65401,6,1,0,0,3,0,72,176,0,0,0,0,0,0,0,0,0,1,58,0,0,0,1,2,55,1,4,2,1,0,0,1,12,1,4,4,7,1,0
29,290444,1,1,2,10,8,18,45,25,0,1,0,29,2,2,404,2404,14,2002,1J4GW58N52C2,1,J,4,G,W,5,8,N,5,2,C,2,0,T,JEEP,LMT,4W,2,17,,1,0,1059,GCK,G,,,8,287,,,,,3980,01,E,44,0,0,000000000,00000000000,0,0,0,1,0,0,0,0,0,0,0,998,0,1,3,12,6,2,1,0,0,1,1,29,63303,6,1,0,0,3,0,69,190,0,0,0,0,0,0,0,0,0,1,58,0,0,0,3,3,65,1,1,2,1,0,0,1,52,7,4,4,7,1,1
29,290445,1,1,1,11,8,22,25,32,0,1,0,29,1,12,13,12013,6,1998,3FAFP15P8WR2,3,F,A,F,P,1,5,P,8,W,R,2,0,P,FORD,ESE,SW,98,17,2531,,0,984,,G,,F,4,122,,,14R185,,,,,,0,0,000000000,00000000000,0,0,0,1,0,0,0,0,0,0,0,998,0,1,5,12,6,2,1,0,0,0,1,29,64078,6,1,0,0,3,3,70,180,0,2,0,0,2,2,2010,4,2010,1,58,0,0,0,1,2,98,2,6,2,1,0,0,14,11,1,3,4,2,1,1
29,290446,1,1,2,15,6,10,27,19,0,1,0,29,1,98,709,98709,80,2003,DRMVB0000154,D,R,M,V,B,0,0,0,0,1,5,4,0,U,,,,3,17,,,,,,,,,,,,,,,,,,,0,0,000000000,00000000000,0,0,0,1,0,0,0,0,0,0,0,998,0,0,0,12,6,2,57,0,0,0,1,29,63070,6,1,0,0,3,0,78,475,0,0,0,0,0,0,0,0,0,0,0,0,0,0,1,2,35,2,6,2,1,0,0,14,12,6,1,4,6,1,0
29,290447,1,2,2,5,7,11,57,12,6,1,0,26,1,72,706,72706,80,2007,1HD1FC4177Y7,1,H,D,1,F,C,4,1,7,7,Y,7,0,M,HD,FLU,RS,7,17,,,,,,,1584,,2,,4,808,,,,,,,0,0,000000000,00000000000,0,0,0,1,0,0,0,0,0,0,0,998,0,0,0,12,6,2,12,0,0,0,1,26,48834,6,1,6,0,3,3,71,275,0,0,0,0,0,0,0,0,0,0,0,0,0,0,5,2,35,1,6,2,1,0,0,1,62,3,2,1,69,2,0
29,290447,2,2,1,5,7,11,57,12,6,1,0,92,0,20,2,20002,4,1996,1G1BL52P6TR1,1,G,1,B,L,5,2,P,6,T,R,1,0,P,CHEV,CIS,4D,96,17,4061,,0,1159,,G,,Z,8,350,,,15R215,,,,,,0,0,000000000,00000000000,0,0,0,1,0,0,0,0,0,0,0,998,0,0,0,3,6,2,12,0,0,0,1,29,63109,6,1,0,0,3,3,70,210,0,0,0,0,0,0,0,0,0,0,38,0,0,0,5,2,35,1,6,2,1,0,0,11,15,1,1,1,68,0,0
29,290448,1,2,1,24,7,18,30,12,6,1,0,92,0,37,402,37402,14,2000,JHLRD1749YC0,J,H,L,R,D,1,7,4,9,Y,C,0,0,P,HOND,CRV,UT,0,17,3210,,0,1032,,G,,F,4,120,,,15R205,,,,,,0,0,000000000,00000000000,0,0,0,1,0,0,0,0,0,0,0,998,0,0,0,12,4,3,12,0,0,0,1,29,63051,6,1,0,0,3,0,65,125,0,0,0,0,0,0,0,0,0,0,0,0,0,0,2,2,60,1,1,1,1,0,0,1,66,4,1,1,88,0,0
29,290448,2,2,1,24,7,18,30,12,6,1,0,29,1,12,37,12037,4,2005,1FAFP34N35W2,1,F,A,F,P,3,4,N,3,5,W,2,0,P,FORD,ZX4,4D,5,17,2677,,0,1030,,G,,F,4,122,,,15R195,,,,,,0,0,000000000,00000000000,0,0,0,1,0,0,0,0,0,0,0,998,0,0,0,11,4,3,12,0,0,0,1,29,63051,6,1,0,0,3,3,67,160,0,0,0,0,0,0,0,0,0,0,0,0,0,0,1,2,30,1,9,2,1,20,3,4,17,1,1,1,89,1,0
29,290449,1,3,1,29,7,3,15,12,8,1,0,29,2,35,39,35039,4,2004,1N4BA41EX4C8,1,N,4,B,A,4,1,E,X,4,C,8,0,P,NISS,MEL,4D,4,17,3310,,0,1112,,G,,F,6,214,,,17R225,,,,,,0,0,000000000,00000000000,0,0,0,1,0,0,0,0,0,0,0,998,0,0,0,11,6,2,12,0,0,0,1,29,63376,6,1,0,0,3,0,70,155,0,0,0,0,0,0,0,0,0,0,50,0,0,0,3,3,60,1,1,1,1,0,0,1,54,1,1,1,66,1,1
29,290449,2,3,2,29,7,3,15,12,8,1,0,93,3,93,981,93981,51,1999,1M8PDMRA2XP0,1,M,8,P,D,M,R,A,2,X,P,0,0,T,MCIN,,,99,17,,,,,,,,,,,,,,,,,,,0,57,44110,5744110,8,21,22,1,0,0,0,0,5,0,0,998,0,0,0,11,6,2,12,0,0,0,1,20,66104,6,1,6,0,3,3,73,220,0,0,0,0,0,0,0,0,0,0,0,0,0,0,3,3,60,1,1,1,1,0,0,1,54,7,1,1,66,0,0
29,290449,3,3,1,29,7,3,15,12,8,1,0,29,1,12,3,12003,2,2005,1ZVFT80N9551,1,Z,V,F,T,8,0,N,9,5,5,1,0,P,FORD,MUS,CP,5,17,3300,,0,1071,,G,,F,6,244,,,16R215,,,,,,0,0,000000000,00000000000,0,0,0,1,0,0,0,0,0,0,0,998,0,0,0,12,6,2,12,0,0,0,1,29,63368,6,1,0,0,3,0,65,150,0,0,0,0,0,0,0,0,0,0,0,0,0,0,3,3,60,1,1,1,1,0,0,1,54,1,1,1,98,0,0
29,290450,1,2,1,30,7,7,48,12,1,1,0,92,0,22,18,22018,2,1999,1G2NE12T4XM8,1,G,2,N,E,1,2,T,4,X,M,8,0,P,PONT,GAS,CP,99,17,3052,,0,1071,,G,,F,4,146,,,15R215,,,,,,0,0,000000000,00000000000,0,0,0,1,0,0,0,0,0,0,0,998,0,0,0,12,6,2,12,0,0,0,1,29,63147,6,1,0,0,3,0,71,265,0,1,0,0,1,8,2010,9,2010,0,28,0,0,0,2,3,30,1,1,2,1,0,0,15,10,1,1,1,24,1,0
29,290450,2,2,1,30,7,7,48,12,1,1,0,29,1,12,18,12018,3,1994,1ZVLT22B0R51,1,Z,V,L,T,2,2,B,0,R,5,1,0,P,FORD,PGT,2H,94,17,2921,,0,1028,,G,,F,6,152,,,16R225,,,,,,0,0,000000000,00000000000,0,0,0,1,0,0,0,0,0,0,0,998,0,0,0,6,2,3,12,0,0,0,1,29,63113,6,1,0,0,3,3,60,150,0,0,0,0,0,0,0,0,0,0,0,0,0,0,2,3,30,1,1,2,1,0,0,1,61,1,1,1,25,0,0