STATE,ST_CASE,VEH_NO,VE_FORMS,NUMOCCS,DAY,MONTH,HOUR,MINUTE,HARM_EV,MAN_COLL,UNITTYPE,HIT_RUN,REG_STAT,OWNER,MAKE,MODEL,MAK_MOD,BODY_TYP,MOD_YEAR,VIN,VIN_1,VIN_2,VIN_3,VIN_4,VIN_5,VIN_6,VIN_7,VIN_8,VIN_9,VIN_10,VIN_11,VIN_12,TOW_VEH,VINTYPE,VINMAKE,VINA_MOD,VIN_BT,VINMODYR,VIN_LNGT,VIN_WGT,WGTCD_TR,WHLBS_LG,WHLBS_SH,SER_TR,FUELCODE,MCYCL_DS,CARBUR,CYLINDER,DISPLACE,MCYCL_CY,MCYCL_WT,TIRE_SZE,TON_RAT,TRK_WT,TRKWTVAR,VIN_REST,WHLDRWHL,J_KNIFE,MCARR_I1,MCARR_I2,MCARR_ID,GVWR,V_CONFIG,CARGO_BT,HAZ_INV,HAZ_PLAC,HAZ_ID,HAZ_CNO,HAZ_REL,BUS_USE,SPEC_USE,EMER_USE,TRAV_SP,UNDERIDE,ROLLOVER,ROLINLOC,IMPACT1,DEFORMED,TOWED,M_HARM,VEH_SC1,VEH_SC2,FIRE_EXP,DR_PRES,L_STATE,DR_ZIP,L_STATUS,L_TYPE,CDL_STAT,L_ENDORS,L_COMPL,L_RESTRI,DR_HGT,DR_WGT,PREV_ACC,PREV_SUS,PREV_DWI,PREV_SPD,PREV_OTH,FIRST_MO,FIRST_YR,LAST_MO,LAST_YR,SPEEDREL,DR_SF1,DR_SF2,DR_SF3,DR_SF4,VTRAFWAY,VNUM_LAN,VSPD_LIM,VALIGN,VPROFILE,VPAVETYP,VSURCOND,VTRAFCON,VTCONT_F,P_CRASH1,P_CRASH2,P_CRASH3,PCRASH4,PCRASH5,ACC_TYPE,DEATHS,DR_DRINK
29,290489,1,2,1,31,8,16,30,12,6,1,0,93,3,84,881,84881,63,2001,3HSCNASR91N0,3,H,S,C,N,A,S,R,9,1,N,0,0,T,INTL,94I,TR,1,17,,8,0,0,940,D,,,6,893,,,,,00000,00,,64,0,57,003720,57003720,3,2,1,1,0,0,0,0,0,0,0,998,0,0,0,12,6,2,12,0,0,0,1,29,65259,6,1,6,0,3,0,70,180,0,0,0,0,0,0,0,0,0,0,0,0,0,0,1,2,60,1,5,2,2,0,0,1,62,3,2,1,65,0,0
29,290489,2,2,3,31,8,16,30,12,6,1,0,29,2,12,37,12037,3,2004,3FAFP31Z74R1,3,F,A,F,P,3,1,Z,7,4,R,1,0,P,FORD,FZX,3P,4,17,2593,,0,1030,,G,,F,4,140,,,17R215,,,,,,0,0,000000000,00000000000,0,0,0,1,0,0,0,0,0,0,0,998,0,0,0,3,6,2,12,0,0,0,1,29,63384,6,1,0,0,3,0,73,160,0,0,0,1,0,9,2009,9,2009,1,58,28,0,0,1,2,60,1,5,2,2,0,0,1,10,1,4,2,64,3,0
29,290490,1,2,1,2,9,23,30,12,6,1,0,29,1,37,705,37705,80,2002,JH2PC35042M3,J,H,2,P,C,3,5,0,4,2,M,3,0,M,HOND,CF4,RC,2,17,,,,,,,599,,4,,4,370,,,,,,,0,0,000000000,00000000000,0,0,0,1,0,0,0,0,0,0,0,55,0,0,0,12,6,2,12,0,0,0,1,29,64485,6,1,0,0,3,0,71,200,0,0,0,0,0,0,0,0,0,1,0,0,0,0,2,2,60,1,1,2,1,0,0,1,6,1,1,1,86,1,0
29,290490,2,2,4,2,9,23,30,12,6,1,0,29,1,12,402,12402,14,2009,1FMCU02779KC,1,F,M,C,U,0,2,7,7,9,K,C,0,P,FORD,SPE,UT,9,17,3299,,0,1031,,G,,F,4,153,,,16R235,,,,,,0,0,000000000,00000000000,0,0,0,1,0,0,0,0,0,0,0,20,0,0,0,4,6,2,12,0,0,0,1,29,64485,6,1,0,0,3,3,64,165,0,0,0,0,0,0,0,0,0,0,0,0,0,0,2,2,60,1,1,2,1,0,0,1,17,1,1,1,87,0,0
29,290491,1,1,1,2,9,22,0,32,0,1,0,29,1,20,16,20016,4,1999,3G1JF52T5XS8,3,G,1,J,F,5,2,T,5,X,S,8,0,P,CHEV,CAS,4D,99,17,2644,,0,1041,,G,,F,4,146,,,15R195,,,,,,0,0,000000000,00000000000,0,0,0,1,0,0,0,0,0,0,0,998,0,1,5,12,6,2,1,0,0,0,1,29,63638,6,1,6,0,3,0,68,170,1,0,0,0,1,10,2009,12,2010,1,0,0,0,0,1,2,55,2,6,2,1,0,0,14,13,1,1,4,1,1,1
29,290492,1,1,1,4,9,10,37,1,0,1,0,29,1,77,706,77706,80,2011,5VPBB36N3B30,5,V,P,B,B,3,6,N,3,B,3,0,0,M,VCTY,VCR,RS,11,17,,,,,,,1731,,2,,4,745,,,,,,,0,0,000000000,00000000000,0,0,0,1,0,0,0,0,0,0,0,998,0,0,0,0,6,2,1,0,0,0,1,29,65681,6,1,6,0,3,3,70,250,0,0,0,0,0,0,0,0,0,1,0,0,0,0,1,2,55,3,6,2,1,0,0,14,13,1,4,4,2,1,1
29,290493,1,2,2,8,9,11,46,1,0,1,0,29,0,14,6,14006,4,1989,2MEBM75F9KX7,2,M,E,B,M,7,5,F,9,K,X,7,0,P,MERC,MGL,4D,89,17,3774,,0,1143,,G,,F,8,302,,,15R215,,,,,,0,0,000000000,00000000000,0,0,0,1,0,0,0,0,0,0,0,998,0,0,0,10,6,2,12,0,0,0,1,29,63020,6,1,0,0,3,0,62,160,0,0,0,0,0,0,0,0,0,0,38,0,0,0,0,0,0,0,0,0,0,0,0,11,98,1,1,1,98,0,0
29,290493,2,2,1,8,9,11,46,1,0,1,0,29,1,98,709,98709,80,2004,5J11RBJ164W0,5,J,1,1,R,B,J,1,6,4,W,0,0,U,,,,4,17,,,,,,,,,,,,,,,,,,,0,0,000000000,00000000000,0,0,0,1,0,0,0,0,0,0,0,998,0,0,0,0,6,2,12,0,0,0,1,29,63028,6,1,0,0,3,0,69,175,2,0,0,0,0,7,2011,2,2012,1,0,0,0,0,1,2,45,3,6,2,1,0,0,14,72,3,2,1,98,1,0
29,290494,1,2,2,4,8,7,15,12,2,1,0,29,2,63,401,63401,14,2002,KNDJA7232251,K,N,D,J,A,7,2,3,2,2,5,1,0,P,KIA,SPO,UT,2,17,3352,,0,1043,,G,,F,4,122,,,15R205,,,,,,0,0,000000000,00000000000,0,0,0,1,0,0,0,0,0,0,0,998,0,0,0,12,6,2,12,0,0,0,1,29,63052,6,1,0,0,3,0,68,190,3,0,0,0,0,12,2011,5,2012,0,28,0,0,0,1,4,55,1,6,2,2,0,0,1,10,1,1,2,50,1,0
29,290494,2,2,2,4,8,7,15,12,2,1,0,29,1,12,423,12423,16,2004,1FMNU45S84EC,1,F,M,N,U,4,5,S,8,4,E,C,0,P,FORD,EXC,UT,4,17,6650,,0,1371,,G,,F,10,415,,,16R265,,,,,,0,0,000000000,00000000000,0,0,0,1,0,0,0,0,0,0,0,998,0,0,0,12,6,2,12,0,0,0,1,29,63050,6,1,0,0,3,3,75,260,0,0,0,0,0,0,0,0,0,0,0,0,0,0,1,4,55,1,5,2,2,0,0,1,62,7,1,1,51,0,0
29,290495,1,1,4,14,8,2,23,30,0,1,0,29,5,22,20,22020,4,1998,1G2WP5211WF2,1,G,2,W,P,5,2,1,1,W,F,2,0,P,PONT,GTP,4D,98,17,3414,,0,1105,,G,,Z,6,231,,,16R225,,,,,,0,0,000000000,00000000000,0,0,0,1,0,0,0,0,0,0,0,998,0,0,0,9,6,2,30,0,0,0,1,29,63120,6,1,0,0,3,0,73,174,3,2,0,1,1,4,2010,8,2012,1,37,51,58,0,3,3,40,1,6,2,1,0,0,1,11,6,1,4,1,1,0
29,290496,1,2,1,21,8,8,21,12,6,1,0,29,1,37,706,37706,80,1987,1HFSC1803HA2,1,H,F,S,C,1,8,0,3,H,A,2,0,M,HOND,VT1,RS,87,17,,,,,,,1100,,2,,4,540,,,,,,,0,0,000000000,00000000000,0,0,0,1,0,0,0,0,0,0,0,998,0,0,0,12,6,2,12,0,0,0,1,29,63125,6,1,0,0,2,3,72,160,0,0,0,1,0,11,2009,11,2009,0,0,0,0,0,1,4,35,1,1,2,1,0,0,1,66,1,1,1,83,1,0
29,290496,2,2,1,21,8,8,21,12,6,1,0,29,3,94,981,94981,50,2003,1T88L3D12311,1,T,8,8,L,3,D,1,2,3,1,1,0,T,THMS,,,3,17,,,,,,,,,,,,,,,,,,,0,57,2021655,572021655,3,21,22,1,0,0,0,0,1,2,0,998,0,0,0,9,6,2,12,0,0,0,1,29,63115,6,1,6,3,3,3,63,240,3,0,0,0,0,2,2010,8,2011,0,38,0,0,0,1,2,25,1,1,2,1,0,0,11,15,1,1,1,82,0,0
29,290497,1,1,3,9,9,0,1,35,0,1,0,29,1,12,471,12471,30,2002,1FTYR10U32PB,1,F,T,Y,R,1,0,U,3,2,P,B,0,T,FORD,RNG,PK,2,17,,1,1175,1116,RNG,G,,,6,182,,,,B,3085,03,E,42,0,0,000000000,00000000000,0,0,0,1,0,0,0,0,0,0,0,998,0,1,5,12,6,2,1,0,0,0,1,29,63377,6,2,0,0,3,2,73,155,0,0,0,0,0,0,0,0,0,1,73,0,0,0,1,2,50,1,6,4,1,0,0,1,13,1,1,4,1,1,1
29,290498,1,1,1,1,9,3,50,33,0,1,0,29,3,20,2,20002,4,2004,2G1WF55K4492,2,G,1,W,F,5,5,K,4,4,9,2,0,P,CHEV,IMP,4D,4,17,3389,,0,1105,,G,,F,6,231,,,16R225,,,,,,0,0,000000000,00000000000,0,0,0,1,0,0,0,0,0,0,0,998,0,0,0,10,6,2,42,0,0,0,1,29,63033,6,1,0,0,3,0,66,232,1,0,0,0,0,8,2010,8,2010,0,0,0,0,0,5,4,35,1,1,2,1,0,0,1,12,1,1,4,6,1,0
29,290499,1,1,5,6,9,14,15,42,0,1,0,92,0,22,18,22018,4,2002,1G2NF52E62M5,1,G,2,N,F,5,2,E,6,2,M,5,0,P,PONT,SE1,4D,2,17,3116,,0,1070,,G,,F,6,207,,,15R215,,,,,,0,0,000000000,00000000000,0,0,0,1,0,0,0,0,0,0,0,998,0,0,0,12,6,2,42,0,0,0,1,29,63147,6,7,0,0,2,0,68,129,0,0,0,0,0,0,0,0,0,1,0,0,0,0,2,2,35,1,1,2,1,0,0,1,13,1,1,4,1,1,0
29,290500,1,1,4,9,9,15,12,59,0,1,0,29,2,52,37,52037,2,2000,4A3AC54L5YE1,4,A,3,A,C,5,4,L,5,Y,E,1,0,P,MITS,ECG,2H,0,17,3120,,0,1008,,G,,F,6,181,,,17R215,,,,,,0,0,000000000,00000000000,0,0,0,1,0,0,0,0,0,0,0,998,0,0,0,12,6,2,42,0,0,0,1,29,63077,6,1,0,0,3,0,62,145,2,0,0,1,0,11,2009,3,2011,1,0,0,0,0,1,2,45,3,5,2,1,0,0,14,6,1,2,4,2,1,0
29,290501,1,1,1,19,8,6,19,8,0,1,1,29,1,7,442,7442,20,2010,2D4RN5D10AR4,2,D,4,R,N,5,D,1,0,A,R,4,0,P,DODG,CAR,SV,10,17,4483,,0,1212,,G,,F,6,232,,,16R225,,,,,,0,0,000000000,00000000000,0,0,0,1,0,0,0,0,0,0,0,998,0,0,0,12,2,1,8,0,0,0,1,29,65559,6,1,0,0,3,3,72,204,0,0,0,1,0,5,2012,5,2012,0,0,0,0,0,1,2,55,1,6,2,1,0,0,1,80,1,1,1,13,0,0
29,290502,1,1,1,6,9,17,40,25,0,1,0,29,1,2,405,2405,14,2004,1J4GL58K14W1,1,J,4,G,L,5,8,K,1,4,W,1,0,T,JEEP,LMD,4W,4,17,,1,0,1043,LIB,G,,,6,226,,,,,3892,00,E,44,0,0,000000000,00000000000,0,0,0,1,0,0,0,0,0,0,0,998,0,1,3,10,6,2,1,0,0,0,1,29,63301,6,1,0,0,3,0,68,180,0,0,0,0,0,0,0,0,0,0,0,0,0,0,3,3,60,1,1,1,1,0,0,15,12,4,2,4,7,1,1
29,290503,1,4,1,29,8,12,19,12,1,1,0,29,1,63,441,63441,20,2009,KNDMB2332963,K,N,D,M,B,2,3,3,2,9,6,3,0,P,KIA,SED,SV,9,17,4387,,0,1189,,G,,F,6,230,,,16R225,,,,,,0,0,000000000,00000000000,0,0,0,1,0,0,0,0,0,0,0,998,0,0,0,6,6,2,12,0,0,0,1,29,63021,6,1,0,0,3,3,67,190,1,0,0,1,0,11,2010,10,2011,0,0,0,0,0,3,5,60,1,1,7,1,0,0,2,18,1,1,1,98,0,0
29,290503,2,4,1,29,8,12,19,12,1,1,0,29,1,12,37,12037,4,2005,1FAFP34N65W1,1,F,A,F,P,3,4,N,6,5,W,1,0,P,FORD,ZX4,4D,5,17,2677,,0,1030,,G,,F,4,122,,,15R195,,,,,,0,0,000000000,00000000000,0,0,0,1,0,0,0,0,0,0,0,998,0,0,0,12,6,2,12,0,0,0,1,29,63049,6,1,0,0,3,0,62,154,0,0,0,0,0,0,0,0,0,0,27,0,0,0,3,5,60,1,1,7,1,0,0,15,51,1,1,1,24,1,0
29,290503,3,4,1,29,8,12,19,12,1,1,0,17,1,37,32,37032,4,2012,1HGCP2F86CA0,1,H,G,C,P,2,F,8,6,C,A,0,0,P,HOND,AXL,4D,12,17,3421,,0,1102,,G,,F,4,146,,,17R225,,,,,,0,0,000000000,00000000000,0,0,0,1,0,0,0,0,0,0,0,998,0,0,0,12,6,2,12,0,0,0,1,17,62269,6,1,0,0,3,0,68,165,0,0,0,0,0,0,0,0,0,0,0,0,0,0,3,5,60,1,1,7,1,0,0,1,52,1,1,1,98,0,0
29,290503,4,4,1,29,8,12,19,12,1,1,0,29,1,20,403,20403,14,2004,1GNET16S6462,1,G,N,E,T,1,6,S,6,4,6,2,0,P,CHEV,TRL,UT,4,17,4954,,0,1290,,G,,F,6,256,,,17R245,,,,,,0,0,000000000,00000000000,0,0,0,1,0,0,0,0,0,0,0,998,0,0,0,6,6,2,12,0,0,0,1,26,49503,6,1,0,0,3,0,61,140,0,0,0,0,0,0,0,0,0,0,0,0,0,0,3,5,60,1,1,7,1,0,0,1,61,1,1,1,27,0,0
29,290504,1,2,1,9,9,21,15,12,6,1,0,29,1,76,705,76705,80,2004,JYAVM01E84A0,J,Y,A,V,M,0,1,E,8,4,A,0,0,M,YAMA,V6A,RS,4,17,,,,,,,649,,2,,4,505,,,,,,,0,0,000000000,00000000000,0,0,0,1,0,0,0,0,0,0,0,998,0,0,0,12,6,2,12,0,0,0,1,29,64050,6,1,6,0,3,0,70,210,0,0,0,0,0,0,0,0,0,0,0,0,0,0,1,4,35,1,5,2,1,0,0,1,71,1,1,1,83,1,1
29,290504,2,2,1,9,9,21,15,12,6,1,0,29,3,20,881,20881,61,2007,1GBE5C3997F4,1,G,B,E,5,C,3,9,9,7,F,4,0,T,CHEV,C5C,CB,7,17,,5,1940,1520,C55,D,,,8,403,,,,,00000,00,,44,0,88,888888888,88888888888,2,1,98,1,0,0,0,0,0,0,0,998,0,0,0,7,6,2,12,0,0,0,1,29,64056,6,1,0,0,3,0,73,242,0,0,0,1,0,11,2010,11,2010,0,0,0,0,0,0,0,0,0,0,0,0,0,0,11,15,1,1,1,82,0,0
29,290505,1,4,2,11,9,22,55,12,6,1,0,29,2,37,441,37441,20,2002,5FNRL18672B0,5,F,N,R,L,1,8,6,7,2,B,0,0,P,HOND,UDY,SV,2,17,4354,,0,1181,,G,,F,6,212,,,16R225,,,,,,0,0,000000000,00000000000,0,0,0,1,0,0,0,0,0,0,0,998,0,0,0,1,6,2,12,0,0,0,1,17,62930,6,1,0,0,3,0,67,145,0,0,0,0,1,7,2011,7,2011,0,99,99,99,99,3,4,65,1,1,2,1,0,0,15,11,1,1,2,46,1,0
29,290505,2,4,2,11,9,22,55,12,6,1,0,29,1,37,32,37032,4,1997,1HGCD5602VA1,1,H,G,C,D,5,6,0,2,V,A,1,0,P,HOND,USE,4D,97,17,2864,,0,1069,,G,,F,4,132,,,15R185,,,,,,0,0,000000000,00000000000,0,0,0,1,0,0,0,0,0,0,0,998,0,0,0,7,6,2,12,0,0,0,1,29,64108,6,1,0,0,3,0,61,115,0,0,0,0,0,0,0,0,0,0,99,99,99,99,3,4,65,1,1,2,1,0,0,1,61,1,1,1,45,0,0
29,290505,3,4,1,11,9,22,55,12,6,1,0,29,1,12,23,12023,4,2008,3FAHP08168R1,3,F,A,H,P,0,8,1,6,8,R,1,0,P,FORD,F/L,4D,8,17,3325,,0,1074,,G,,F,6,183,,,17R225,,,,,,0,0,000000000,00000000000,0,0,0,1,0,0,0,0,0,0,0,998,0,0,0,98,6,2,12,0,0,0,1,29,64053,6,1,0,0,3,0,73,300,0,0,0,3,1,10,2009,10,2011,0,0,0,0,0,3,4,65,1,1,2,1,0,0,1,61,1,1,1,98,0,0
29,290505,4,4,1,11,9,22,55,12,6,1,0,29,3,84,881,84881,66,2012,3HSDJSJR3CN5,3,H,S,D,J,S,J,R,3,C,N,5,1,T,INTL,PRO,TR,12,17,,8,0,0,PRO,D,,,6,793,,,,,00000,00,,64,1,57,22661843,5722661843,3,6,1,1,0,0,0,0,0,0,0,998,0,0,0,12,6,2,12,0,0,0,1,29,63051,6,1,6,0,3,0,73,210,0,0,0,1,0,6,2012,6,2012,0,0,0,0,0,3,4,65,1,1,2,1,0,0,1,60,3,1,1,98,0,0
29,290506,1,3,1,21,8,11,20,12,8,1,0,29,3,20,481,20481,31,2003,1GCEK19V53E2,1,G,C,E,K,1,9,V,5,3,E,2,0,T,CHEV,SK1,4C,3,17,,2,1575,1435,SIL,G,,,8,293,,,,B,4910,02,,44,0,0,000000000,00000000000,0,0,0,1,0,0,0,0,0,0,0,998,0,0,0,10,4,3,12,0,0,0,1,29,64443,6,1,6,0,3,0,71,200,0,0,0,0,0,0,0,0,0,0,28,0,0,0,1,2,40,1,1,2,1,0,0,1,10,1,1,2,64,0,0
29,290506,2,3,1,21,8,11,20,12,8,1,0,29,1,12,481,12481,31,2009,1FTRF14W79KB,1,F,T,R,F,1,4,W,7,9,K,B,0,T,FORD,F15,PK,9,17,,2,1450,1260,COF,G,,,8,281,,,,B,4971,01,L,44,0,0,000000000,00000000000,0,0,0,1,0,0,0,0,0,0,0,998,0,0,0,10,2,1,12,0,0,0,1,29,64507,6,1,0,0,3,3,68,175,0,0,0,0,0,0,0,0,0,0,0,0,0,0,1,2,40,1,1,2,1,0,0,1,62,1,1,1,65,0,1
29,290506,3,3,1,21,8,11,20,12,8,1,0,29,1,37,705,37705,80,2002,JH2PC21332K3,J,H,2,P,C,2,1,3,3,2,K,3,0,M,HOND,VCD,RS,2,17,,,,,,,583,,2,,4,458,,,,,,,0,0,000000000,00000000000,0,0,0,1,0,0,0,0,0,0,0,998,0,0,0,9,6,2,12,0,0,0,1,29,64507,6,1,0,0,3,0,70,260,1,0,0,0,0,11,2009,11,2009,0,0,0,0,0,1,2,40,1,1,2,1,0,0,1,62,3,2,1,98,1,0
29,290507,1,1,2,24,8,22,25,35,0,1,0,29,2,20,9,20009,2,1998,2G1FP22G6W21,2,G,1,F,P,2,2,G,6,W,2,1,0,P,CHEV,Z28,CP,98,17,3439,,0,1011,,G,,F,8,350,,,16R235,,,,,,0,0,000000000,00000000000,0,0,0,1,0,0,0,0,0,0,0,998,0,1,5,1,6,2,1,0,0,0,1,29,63010,6,1,0,0,3,0,71,250,0,0,0,0,0,0,0,0,0,1,58,0,0,0,1,2,30,3,6,2,1,0,0,14,13,1,3,4,2,1,0
29,290508,1,2,1,26,8,14,23,1,0,1,0,29,1,12,17,12017,4,2000,1FAFP53U7YA2,1,F,A,F,P,5,3,U,7,Y,A,2,0,P,FORD,TSE,4D,0,17,3333,,0,1085,,G,,F,6,182,,,16R215,,,,,,0,0,000000000,00000000000,0,0,0,1,0,0,0,0,0,0,0,998,0,0,0,8,6,2,12,0,0,1,1,29,65807,6,1,0,0,3,0,68,160,0,0,0,0,0,0,0,0,0,0,0,0,0,0,1,2,30,1,6,1,1,0,0,1,66,1,1,1,98,0,0
29,290508,2,2,1,26,8,14,23,1,0,1,0,29,2,73,705,73705,80,2007,JKAEXEA187A0,J,K,A,E,X,E,A,1,8,7,A,0,0,M,KAWK,EX6,RS,7,17,,,,,,,649,,2,,4,393,,,,,,,0,0,000000000,00000000000,0,0,0,1,0,0,0,0,0,0,0,998,0,0,0,0,6,2,12,0,0,1,1,29,65803,2,1,0,0,2,0,71,185,0,0,0,0,0,0,0,0,0,1,39,38,0,0,1,2,30,1,9,1,1,20,3,1,17,1,2,1,98,1,0
29,290509,1,1,1,2,9,22,47,43,0,1,0,29,1,20,37,20037,4,2004,2G1WH52K7493,2,G,1,W,H,5,2,K,7,4,9,3,0,P,CHEV,IPL,4D,4,17,3466,,0,1105,,G,,F,6,231,,,16R225,,,,,,0,0,000000000,00000000000,0,0,0,1,0,0,0,0,0,0,0,998,0,1,5,11,6,2,1,0,0,0,1,29,63443,6,1,0,0,3,0,72,208,0,2,1,0,0,7,2010,12,2011,1,39,0,0,0,1,2,50,1,6,4,1,0,0,1,13,1,3,4,2,1,1
29,290510,1,1,0,30,5,12,5,8,0,1,0,29,6,7,482,7482,31,2003,1D7HA18N93S2,1,D,7,H,A,1,8,N,9,3,S,2,0,T,DODG,SQ1,CW,3,17,,2,1605,1405,RPC,G,,,8,287,,,,B,4665,03,E,42,0,0,000000000,00000000000,0,0,0,1,0,0,0,0,0,0,0,998,0,0,0,9,2,1,8,0,0,0,0,0,99997,7,6,97,7,6,7,998,997,998,998,998,998,998,98,9998,98,9998,8,0,0,0,0,0,0,0,0,0,0,0,0,0,0,80,0,0,0,98,0,0
29,290511,1,2,2,18,8,15,22,12,6,1,0,29,1,49,32,49032,4,2009,1NXBU40E19Z1,1,N,X,B,U,4,0,E,1,9,Z,1,0,P,TOYT,CBL,4D,9,17,2723,,0,1024,,G,,F,4,110,,,15R195,,,,,,0,0,000000000,00000000000,0,0,0,1,0,0,0,0,0,0,0,998,0,0,0,9,6,2,12,0,0,0,1,29,63021,6,1,0,0,3,0,63,120,0,0,0,0,0,0,0,0,0,0,38,0,0,0,5,4,40,1,1,2,1,0,0,11,15,1,1,1,82,1,0
29,290511,2,2,1,18,8,15,22,12,6,1,0,29,2,20,481,20481,31,1993,2GCEK19K5P12,2,G,C,E,K,1,9,K,5,P,1,2,0,T,CHEV,GK1,PC,93,17,,2,1555,1415,GM4,G,,,8,350,,,,B,4401,05,,44,0,0,000000000,00000000000,0,0,0,1,0,0,0,0,0,0,0,998,0,0,0,12,6,2,12,0,0,0,1,29,63051,6,1,0,0,3,0,70,240,0,0,0,1,0,1,2010,1,2010,0,0,0,0,0,5,4,40,1,1,2,1,0,0,1,71,1,1,1,83,0,0
29,290512,1,2,1,8,8,16,44,12,6,1,0,48,2,18,22,18022,4,2010,1G4GE5GVXAF1,1,G,4,G,E,5,G,V,X,A,F,1,0,P,BUIC,LAS,4D,10,17,4065,,0,1117,,G,,F,6,220,,,18R235,,,,,,0,0,000000000,00000000000,0,0,0,1,0,0,0,0,0,0,0,998,0,0,0,11,6,2,12,0,0,0,1,29,65203,6,1,0,0,3,3,66,125,0,0,0,0,0,0,0,0,0,0,0,0,0,0,2,4,45,1,8,2,1,3,3,1,66,1,1,1,89,1,0
29,290512,2,2,1,8,8,16,44,12,6,1,0,29,2,20,16,20016,4,2001,1G1JF5241173,1,G,1,J,F,5,2,4,1,1,7,3,0,P,CHEV,CAS,4D,1,17,2676,,0,1041,,G,,F,4,133,,,15R195,,,,,,0,0,000000000,00000000000,0,0,0,1,0,0,0,0,0,0,0,998,0,0,0,12,6,2,12,0,0,0,1,29,65063,6,1,0,0,3,3,71,300,0,0,0,0,0,0,0,0,0,0,39,0,0,0,2,4,45,1,6,2,1,3,3,1,17,6,1,1,88,0,0
29,290513,1,1,2,10,9,4,35,1,0,1,0,29,2,20,37,20037,4,2004,1G1ZU54894F1,1,G,1,Z,U,5,4,8,9,4,F,1,0,P,CHEV,MLT,4D,4,17,3315,,0,1063,,G,,F,6,214,,,16R215,,,,,,0,0,000000000,00000000000,0,0,0,1,0,0,0,0,0,0,0,998,0,2,5,0,6,2,1,0,0,0,1,29,63362,6,1,0,0,3,0,68,127,0,0,0,1,1,8,2011,12,2011,1,58,0,0,0,1,2,35,1,6,2,1,0,0,1,10,6,4,4,7,1,0
29,290514,1,1,0,11,8,8,55,8,0,1,0,92,0,98,998,98998,92,2005,000000000000,0,0,0,0,0,0,0,0,0,0,0,0,0,,,,,,,,,,,,,,,,,,,,,,,,,0,0,000000000,00000000000,0,0,0,1,0,0,0,0,0,0,0,998,0,0,0,98,0,1,8,0,0,0,0,0,99997,7,6,97,7,6,7,998,997,998,998,998,998,998,98,9998,98,9998,8,0,0,0,0,0,0,0,0,0,0,0,0,0,0,98,0,0,0,98,0,0
29,290515,1,1,1,30,8,16,35,49,0,1,0,17,3,12,881,12881,61,2008,1FDXF47RX8EC,1,F,D,X,F,4,7,R,X,8,E,C,0,T,FORD,F4D,CB,8,17,,4,2010,1410,DRW,D,,,8,390,,,,D,7037,04,U,44,0,57,343012,57343012,2,1,96,1,0,0,0,0,0,0,0,998,0,0,0,12,6,2,49,0,0,0,1,29,63473,6,1,0,0,3,0,72,180,0,0,0,0,0,0,0,0,0,0,38,0,0,0,2,3,65,1,6,1,1,0,0,15,83,1,1,1,13,0,0
29,290516,1,2,2,13,5,13,12,12,1,1,0,92,0,12,481,12481,31,2001,1FTRW08W71KD,1,F,T,R,W,0,8,W,7,1,K,D,0,T,FORD,F1S,CW,1,17,,2,0,1388,COF,G,,,8,281,,,,B,4914,01,E,44,0,0,000000000,00000000000,0,0,0,1,0,0,0,0,0,0,0,998,0,0,0,12,6,2,12,0,0,0,1,29,63301,6,1,0,0,3,0,76,297,0,0,0,0,0,0,0,0,0,0,0,0,0,0,1,2,30,1,1,2,1,20,3,1,50,1,1,1,20,0,0
29,290516,2,2,3,13,5,13,12,12,1,1,0,29,1,7,442,7442,20,2010,2D4RN5D18AR2,2,D,4,R,N,5,D,1,8,A,R,2,0,P,DODG,CAR,SV,10,17,4483,,0,1212,,G,,F,6,232,,,16R225,,,,,,0,0,000000000,00000000000,0,0,0,1,0,0,0,0,0,0,0,0,0,0,0,6,6,2,12,0,0,0,1,29,63365,6,1,0,0,3,3,74,300,0,0,0,0,0,0,0,0,0,0,0,0,0,0,1,2,30,1,1,2,1,0,0,5,53,1,1,1,21,1,0
29,290517,1,1,4,24,8,23,49,8,0,1,0,29,1,22,20,22020,4,1995,1G2HX52K5S42,1,G,2,H,X,5,2,K,5,S,4,2,0,P,PONT,BVS,4D,95,17,3446,,0,1108,,G,,F,6,231,,,15R215,,,,,,0,0,000000000,00000000000,0,0,0,1,0,0,0,0,0,0,0,998,0,0,0,12,6,2,8,0,0,0,1,29,63121,6,1,0,0,3,0,68,130,1,0,0,0,0,1,2011,1,2011,1,0,0,0,0,5,4,35,1,1,2,1,0,0,1,80,1,1,1,13,0,1
29,290518,1,2,1,2,9,9,2,12,1,1,0,29,1,12,481,12481,31,2005,1FTRF12285NA,1,F,T,R,F,1,2,2,8,5,N,A,0,T,FORD,F15,PK,5,17,,2,1450,1260,COF,G,,,6,256,,,,B,4615,02,U,42,0,0,000000000,00000000000,0,0,0,1,0,0,0,0,0,0,0,998,0,0,0,12,6,2,12,0,0,0,1,29,65453,6,1,0,0,3,0,71,275,0,0,0,0,0,0,0,0,0,9,0,0,0,0,5,2,35,1,1,2,2,0,0,1,51,1,1,1,24,1,0