STATE,ST_CASE,VEH_NO,VE_FORMS,NUMOCCS,DAY,MONTH,HOUR,MINUTE,HARM_EV,MAN_COLL,UNITTYPE,HIT_RUN,REG_STAT,OWNER,MAKE,MODEL,MAK_MOD,BODY_TYP,MOD_YEAR,VIN,VIN_1,VIN_2,VIN_3,VIN_4,VIN_5,VIN_6,VIN_7,VIN_8,VIN_9,VIN_10,VIN_11,VIN_12,TOW_VEH,VINTYPE,VINMAKE,VINA_MOD,VIN_BT,VINMODYR,VIN_LNGT,VIN_WGT,WGTCD_TR,WHLBS_LG,WHLBS_SH,SER_TR,FUELCODE,MCYCL_DS,CARBUR,CYLINDER,DISPLACE,MCYCL_CY,MCYCL_WT,TIRE_SZE,TON_RAT,TRK_WT,TRKWTVAR,VIN_REST,WHLDRWHL,J_KNIFE,MCARR_I1,MCARR_I2,MCARR_ID,GVWR,V_CONFIG,CARGO_BT,HAZ_INV,HAZ_PLAC,HAZ_ID,HAZ_CNO,HAZ_REL,BUS_USE,SPEC_USE,EMER_USE,TRAV_SP,UNDERIDE,ROLLOVER,ROLINLOC,IMPACT1,DEFORMED,TOWED,M_HARM,VEH_SC1,VEH_SC2,FIRE_EXP,DR_PRES,L_STATE,DR_ZIP,L_STATUS,L_TYPE,CDL_STAT,L_ENDORS,L_COMPL,L_RESTRI,DR_HGT,DR_WGT,PREV_ACC,PREV_SUS,PREV_DWI,PREV_SPD,PREV_OTH,FIRST_MO,FIRST_YR,LAST_MO,LAST_YR,SPEEDREL,DR_SF1,DR_SF2,DR_SF3,DR_SF4,VTRAFWAY,VNUM_LAN,VSPD_LIM,VALIGN,VPROFILE,VPAVETYP,VSURCOND,VTRAFCON,VTCONT_F,P_CRASH1,P_CRASH2,P_CRASH3,PCRASH4,PCRASH5,ACC_TYPE,DEATHS,DR_DRINK
29,290556,1,1,1,30,8,20,42,35,0,1,0,29,1,73,705,73705,80,1986,JKAVNDA13GB5,J,K,A,V,N,D,A,1,3,G,B,5,0,M,KAWK,V75,RS,86,17,,,,,,,750,,2,,4,483,,,,,,,0,0,000000000,00000000000,0,0,0,1,0,0,0,0,0,0,0,998,0,0,0,12,6,2,1,0,0,0,1,29,63034,6,1,6,0,3,0,72,225,0,0,0,0,1,4,2012,4,2012,0,0,0,0,0,1,2,35,1,1,2,1,0,0,1,13,1,1,4,1,1,1
29,290557,1,1,1,11,9,1,30,1,0,1,0,29,1,48,34,48034,4,2003,4S3BH6754376,4,S,3,B,H,6,7,5,4,3,7,6,0,P,SUBA,UWP,SW,3,17,3430,,0,1043,,G,,F,4,153,,,16R225,,,,,,0,0,000000000,00000000000,0,0,0,1,0,0,0,0,0,0,0,998,0,2,5,0,6,2,1,0,0,0,1,29,63303,6,1,0,0,3,0,75,195,0,3,0,2,0,2,2010,11,2011,1,0,0,0,0,1,2,25,1,6,2,1,0,0,1,10,1,1,4,6,1,1
29,290558,1,1,1,14,9,12,45,35,0,1,0,29,1,20,9,20009,2,1995,2G1FP22S8S21,2,G,1,F,P,2,2,S,8,S,2,1,0,P,CHEV,CAM,CP,95,17,3251,,0,1011,,G,,F,6,207,,,16R215,,,,,,0,0,000000000,00000000000,0,0,0,1,0,0,0,0,0,0,0,998,0,1,5,12,6,2,1,0,0,0,1,29,63020,6,1,0,0,3,0,67,140,0,0,0,0,0,0,0,0,0,1,0,0,0,0,1,2,55,2,1,2,2,0,0,14,13,1,3,4,2,1,0
29,290559,1,2,2,15,9,16,57,12,7,1,0,29,2,12,442,12442,20,2002,2FMZA51452BB,2,F,M,Z,A,5,1,4,5,2,B,B,0,T,FORD,WLX,ES,2,17,,1,0,1207,WIN,G,,,6,232,,,,B,4017,00,E,42,0,0,000000000,00000000000,0,0,0,1,0,0,0,0,0,0,0,998,0,0,0,4,6,2,12,0,0,0,1,29,63118,6,1,0,0,3,0,66,145,0,0,0,0,0,0,0,0,0,0,27,0,0,0,5,4,35,1,1,2,1,0,0,15,51,1,1,2,46,1,0
29,290559,2,2,1,15,9,16,57,12,7,1,0,29,1,23,481,23481,31,1993,1GTEC14Z9PZ5,1,G,T,E,C,1,4,Z,9,P,Z,5,0,T,GMC,SC1,PK,93,17,,2,1315,1175,SIE,G,,,6,262,,,,B,00000,00,A,42,0,0,000000000,00000000000,0,0,0,1,0,0,0,0,0,0,0,998,0,0,0,8,4,1,12,0,0,0,1,29,63115,6,1,0,0,3,0,67,200,0,0,0,1,0,3,2012,3,2012,0,0,0,0,0,5,4,35,1,1,2,1,0,0,1,61,1,1,1,45,0,0
29,290560,1,1,3,22,9,22,15,35,0,1,0,29,1,20,16,20016,4,2003,1G1JC52F1373,1,G,1,J,C,5,2,F,1,3,7,3,0,P,CHEV,CAV,4D,3,17,2971,,0,1041,,G,,F,4,134,,,14R195,,,,,,0,0,000000000,00000000000,0,0,0,1,0,0,0,0,0,0,0,998,0,1,5,12,6,2,1,0,0,0,1,29,64506,6,1,0,0,3,0,75,150,0,5,1,0,0,1,2010,10,2011,1,58,0,0,0,1,2,35,1,1,2,1,0,0,1,13,6,3,4,2,2,1
29,290561,1,2,1,23,9,0,53,12,2,1,0,29,1,21,20,21020,4,1988,2G3AM513XJ93,2,G,3,A,M,5,1,3,X,J,9,3,0,P,OLDS,CIB,4D,88,17,2697,,0,1049,,G,,F,6,231,,,14R185,,,,,,0,0,000000000,00000000000,0,0,0,1,0,0,0,0,0,0,0,998,0,0,0,12,6,2,12,0,0,0,1,29,64093,6,1,0,0,3,0,74,280,1,1,0,1,0,1,2010,12,2011,0,51,0,0,0,2,2,65,1,5,2,1,0,0,1,54,1,1,1,52,1,1
29,290561,2,2,3,23,9,0,53,12,2,1,0,29,2,59,34,59034,4,1995,JT8JS47E0S00,J,T,8,J,S,4,7,E,0,S,0,0,0,P,LEXS,GS3,4D,95,17,3660,,0,1094,,G,,F,6,183,,,16R215,,,,,,0,0,000000000,00000000000,0,0,0,1,0,0,0,0,0,0,0,998,0,0,0,12,6,2,12,0,0,0,1,29,64081,1,2,0,0,2,2,66,119,0,2,0,0,0,9,2012,9,2012,0,73,0,0,0,2,2,65,1,5,2,1,0,0,1,54,1,1,1,52,0,0
29,290563,1,1,2,7,8,10,0,34,0,1,0,29,2,63,401,63401,14,2006,KNDJF723X672,K,N,D,J,F,7,2,3,X,6,7,2,0,P,KIA,KMS,UT,6,17,3344,,0,1035,,G,,F,6,165,,,16R235,,,,,,0,0,000000000,00000000000,0,0,0,1,0,0,0,0,0,0,0,48,0,1,5,14,6,2,1,0,0,0,1,29,65024,6,1,0,0,3,0,70,130,0,0,0,0,0,0,0,0,0,0,0,0,0,0,1,2,55,1,6,2,1,0,0,1,10,1,1,4,6,1,0
29,290564,1,1,1,28,9,20,18,1,0,1,0,29,1,72,706,72706,80,2001,1HD1CGP161K1,1,H,D,1,C,G,P,1,6,1,K,1,0,M,HD,20C,RS,1,17,,,,,,,1200,,2,,4,491,,,,,,,0,0,000000000,00000000000,0,0,0,1,0,0,0,0,0,0,0,998,0,0,0,0,6,2,1,0,0,0,1,29,63367,6,1,6,0,2,0,71,185,1,1,0,0,0,2,2012,3,2012,0,99,99,99,99,1,4,40,3,1,2,1,0,0,14,13,1,1,4,1,1,1
29,290565,1,1,2,2,10,11,15,35,0,1,0,29,1,6,43,6043,1,1998,3C3EL55H3WT3,3,C,3,E,L,5,5,H,3,W,T,3,0,P,CHRY,SJI,CV,98,17,3329,,0,1060,,G,,F,6,152,,,16R215,,,,,,0,0,000000000,00000000000,0,0,0,1,0,0,0,0,0,0,0,998,0,1,5,11,6,2,1,0,0,0,1,29,64601,6,1,0,0,3,3,71,265,2,0,0,0,2,1,2011,8,2011,0,58,0,0,0,2,2,65,1,6,2,1,0,0,1,13,7,3,4,2,1,0
29,290566,1,3,1,5,10,9,51,12,2,1,0,29,2,12,13,12013,6,1998,3FAFP15P4WR1,3,F,A,F,P,1,5,P,4,W,R,1,0,P,FORD,ESE,SW,98,17,2531,,0,984,,G,,F,4,122,,,14R185,,,,,,0,0,000000000,00000000000,0,0,0,1,0,0,0,0,0,0,0,998,0,0,0,12,6,2,12,0,0,0,1,29,63379,1,1,0,0,2,0,66,196,0,0,0,0,0,0,0,0,0,0,28,0,0,0,1,2,45,1,1,2,2,0,0,1,10,1,1,2,50,1,0
29,290566,2,3,2,5,10,9,51,12,2,1,0,29,1,6,52,6052,6,2002,3C8FY68B02T2,3,C,8,F,Y,6,8,B,0,2,T,2,0,P,CHRY,PTC,SV,2,17,3119,,0,1033,,G,,F,4,148,,,16R205,,,,,,0,0,000000000,00000000000,0,0,0,1,0,0,0,0,0,0,0,998,0,0,0,12,6,2,12,0,0,0,1,29,63359,6,1,6,0,3,0,71,185,0,0,0,0,0,0,0,0,0,0,0,0,0,0,1,2,45,1,1,2,2,0,0,1,62,1,1,1,51,1,0
29,290566,3,3,2,5,10,9,51,12,2,1,0,29,1,20,473,20473,30,2011,1GCDSCFE5B81,1,G,C,D,S,C,F,E,5,B,8,1,0,T,CHEV,RLT,CW,11,17,,1,0,1260,CAL,G,,,5,226,,,,B,3728,00,,42,0,0,000000000,00000000000,0,0,0,1,0,0,0,0,0,0,0,998,0,0,0,12,6,2,12,0,0,0,1,29,63379,6,1,0,0,3,3,72,230,0,0,0,0,0,0,0,0,0,0,0,0,0,0,1,2,45,1,1,2,2,0,0,1,62,9,1,2,98,0,0
29,290567,1,1,1,5,10,12,3,35,0,1,0,29,1,84,881,84881,63,1995,1HTSCAAN9SH2,1,H,T,S,C,A,A,N,9,S,H,2,0,T,INTL,470,CC,95,17,,7,2540,1280,40S,D,,,6,466,,,,,00000,00,,42,0,88,888888888,88888888888,3,1,96,1,0,0,0,0,0,0,0,998,0,1,5,12,6,2,1,0,0,0,1,29,63629,2,1,0,0,2,0,68,175,0,0,0,0,0,0,0,0,0,1,58,0,0,0,1,2,55,3,5,2,2,0,0,14,6,1,4,4,7,1,1
29,290568,1,1,1,24,9,13,55,1,0,1,0,92,0,98,998,98998,92,1965,78123,7,8,1,2,3,,,,,,,,0,U,,,,65,5,,,,,,,,,,,,,,,,,,,0,0,000000000,00000000000,0,0,0,1,0,0,0,0,0,0,0,998,0,2,5,0,4,3,1,0,0,0,1,29,64747,6,1,6,0,3,0,71,205,1,0,0,0,0,3,2010,3,2010,0,31,0,0,0,1,2,35,1,1,4,1,0,0,13,12,1,1,4,98,1,0
29,290569,1,2,1,27,9,5,0,12,1,1,0,18,3,98,809,98809,66,2008,2FWBA2CK18AY,2,F,W,B,A,2,C,K,1,8,A,Y,2,T,STRG,A90,TR,8,17,,7,0,0,STE,D,,,6,858,,,,,00000,00,,42,1,57,241829,57241829,3,7,1,1,0,0,0,0,0,0,0,998,0,1,1,12,6,2,12,0,0,0,1,29,65401,6,1,6,3,3,0,70,160,0,0,0,0,0,0,0,0,0,0,0,0,0,0,3,3,65,3,5,2,1,0,0,14,50,6,1,1,20,1,0
29,290569,2,2,1,27,9,5,0,12,1,1,0,29,1,24,7,24007,4,2007,1G8AJ55F27Z1,1,G,8,A,J,5,5,F,2,7,Z,1,0,P,STRN,SI2,4D,7,17,2805,,0,1032,,G,,F,4,134,,,15R195,,,,,,0,0,000000000,00000000000,0,0,0,1,0,0,0,0,0,0,0,0,0,0,0,6,6,2,12,0,0,0,1,29,63119,6,1,0,0,3,3,69,140,0,0,0,0,0,0,0,0,0,0,54,0,0,0,3,3,65,3,5,2,1,0,0,5,50,1,1,1,21,0,1
29,290570,1,2,1,28,9,8,10,12,2,1,0,29,1,20,2,20002,4,2001,2G1WF55E8191,2,G,1,W,F,5,5,E,8,1,9,1,0,P,CHEV,IMP,4D,1,17,3389,,0,1105,,G,,F,6,207,,,16R225,,,,,,0,0,000000000,00000000000,0,0,0,1,0,0,0,0,0,0,0,998,0,0,0,12,6,2,12,0,0,0,1,29,65690,6,1,0,0,3,3,69,160,0,0,0,0,0,0,0,0,0,0,28,0,0,0,1,2,55,2,5,2,2,0,0,14,10,1,1,2,50,1,0
29,290570,2,2,4,28,9,8,10,12,2,1,0,29,3,20,443,20443,20,2004,1GNDX03E54D1,1,G,N,D,X,0,3,E,5,4,D,1,0,T,CHEV,VTR,ES,4,17,,1,0,1200,VTR,G,,,6,207,,,,,3838,00,,42,0,0,000000000,00000000000,0,0,0,1,0,0,0,0,0,0,0,998,0,0,0,12,6,2,12,0,0,0,1,29,65606,6,1,0,0,3,0,65,350,1,0,0,0,0,2,2012,2,2012,0,0,0,0,0,1,2,55,3,6,2,2,0,0,14,62,1,1,1,51,0,0
29,290571,1,2,4,2,10,17,15,57,0,1,0,29,2,18,20,18020,4,1999,2G4WF5210X14,2,G,4,W,F,5,2,1,0,X,1,4,0,P,BUIC,RGG,4D,99,17,3543,,0,1090,,G,,Z,6,231,,,16R225,,,,,,0,0,000000000,00000000000,0,0,0,1,0,0,0,0,0,0,0,998,0,1,3,6,6,2,12,0,0,0,1,29,65203,6,1,0,0,3,0,68,165,0,0,0,1,0,6,2011,6,2011,1,28,58,0,0,3,2,70,1,1,2,1,0,0,1,10,6,4,4,7,2,0
29,290571,2,2,1,2,10,17,15,57,0,1,0,93,3,87,881,87881,66,2005,1XP5DB9X35D8,1,X,P,5,D,B,9,X,3,5,D,8,1,T,PTRB,379,TR,5,17,,8,0,0,CON,D,,,6,893,,,,,00000,00,,64,1,57,00295226,5700295226,3,6,1,1,0,0,0,0,0,0,0,998,0,0,0,12,6,2,12,0,0,0,1,29,63118,6,1,6,0,3,0,69,170,0,0,0,0,0,0,0,0,0,0,0,0,0,0,3,2,70,1,1,2,1,0,0,1,62,99,1,1,98,0,0
29,290572,1,1,1,5,10,19,33,8,0,1,1,99,9,20,481,20481,31,9999,999999999999,9,9,9,9,9,9,9,9,9,9,9,9,0,,,,,,,,,,,,,,,,,,,,,,,,,0,0,000000000,00000000000,0,0,0,1,0,0,0,0,0,0,0,998,0,0,0,12,9,1,8,0,0,0,1,99,99999,9,9,99,0,9,9,999,999,99,99,99,99,99,99,9999,99,9999,0,0,0,0,0,1,4,35,1,6,2,2,0,0,1,80,99,1,1,13,0,0
29,290573,1,2,1,6,10,9,15,12,2,1,0,29,1,12,481,12481,31,1999,1FTWW33F0XEA,1,F,T,W,W,3,3,F,0,X,E,A,0,T,FORD,F3D,CW,99,17,,3,1720,1560,DRW,D,,,8,444,,,,D,6200,01,E,44,0,0,000000000,00000000000,0,0,0,1,0,0,0,0,0,0,0,998,0,0,0,12,6,2,12,0,0,0,1,29,63873,6,1,0,0,3,3,69,217,0,0,0,1,0,6,2012,6,2012,0,28,0,0,0,1,2,55,1,1,2,1,0,0,1,10,1,1,2,50,0,0
29,290573,2,2,1,6,10,9,15,12,2,1,0,29,2,20,481,20481,31,1994,1GCEK14KXRE1,1,G,C,E,K,1,4,K,X,R,E,1,0,T,CHEV,GK1,PK,94,17,,2,1315,1175,GM4,G,,,8,350,,,,B,3717,00,,44,0,0,000000000,00000000000,0,0,0,1,0,0,0,0,0,0,0,998,0,0,0,12,6,2,12,0,0,0,1,29,63873,6,1,0,0,3,0,74,330,0,0,0,0,0,0,0,0,0,0,0,0,0,0,1,2,55,1,1,2,1,0,0,1,62,1,1,1,51,1,0
29,290574,1,1,1,7,10,14,40,35,0,1,0,29,2,12,481,12481,31,1993,1FTHX26H4PKA,1,F,T,H,X,2,6,H,4,P,K,A,0,T,FORD,F25,PC,93,17,,2,0,1550,COF,G,,,8,351,,,,C,00000,00,A,44,0,0,000000000,00000000000,0,0,0,1,0,0,0,0,0,0,0,998,0,1,5,12,6,2,1,0,0,0,1,29,64084,6,1,0,0,3,0,72,180,0,0,0,2,0,2,2010,2,2011,1,0,0,0,0,1,2,50,3,6,4,1,0,0,14,13,7,3,4,2,1,1
29,290575,1,2,1,8,10,18,5,12,6,1,0,29,3,49,482,49482,31,2011,5TFKW5F16BX0,5,T,F,K,W,5,F,1,6,B,X,0,1,T,TOYT,TUN,PK,11,17,,2,0,1268,TUN,F,,,8,348,,,,B,5080,00,S,44,1,0,000000000,00000000000,0,0,0,1,0,0,0,0,0,0,0,998,0,0,0,12,6,2,12,0,0,0,1,29,63841,6,1,0,0,3,0,69,160,0,0,0,0,0,0,0,0,0,0,0,0,0,0,1,2,55,1,1,2,1,4,3,1,66,1,1,1,86,0,0
29,290575,2,2,1,8,10,18,5,12,6,1,0,29,1,12,481,12481,31,1998,1FTZF1764WNA,1,F,T,Z,F,1,7,6,4,W,N,A,0,T,FORD,F15,PK,98,17,,1,1390,1200,COF,G,,,8,281,,,,B,3800,02,E,42,0,0,000000000,00000000000,0,0,0,1,0,0,0,0,0,0,0,998,0,1,5,3,6,2,12,0,0,0,1,29,63863,6,1,6,0,3,3,66,187,1,0,0,0,0,2,2010,2,2010,0,38,39,0,0,1,2,55,1,1,2,1,20,3,1,17,1,1,1,87,1,0
29,290576,1,2,1,10,10,12,50,12,2,1,0,29,1,12,15,12015,2,1993,1FAPP31X1PK1,1,F,A,P,P,3,1,X,1,P,K,1,0,P,FORD,TGL,2D,93,17,2532,,0,999,,G,,F,4,140,,,14R185,,,,,,0,0,000000000,00000000000,0,0,0,1,0,0,0,0,0,0,0,998,0,0,0,12,6,2,12,0,0,0,1,29,65026,6,1,0,0,3,3,72,175,0,0,0,0,0,0,0,0,0,0,28,0,0,0,1,2,55,2,6,2,1,0,0,14,10,1,1,2,50,1,0
29,290576,2,2,1,10,10,12,50,12,2,1,0,29,1,12,471,12471,30,2002,1FTYR10D52PA,1,F,T,Y,R,1,0,D,5,2,P,A,0,T,FORD,RNG,PK,2,17,,1,1175,1116,RNG,G,,,4,140,,,,B,3085,03,E,42,0,0,000000000,00000000000,0,0,0,1,0,0,0,0,0,0,0,998,0,0,0,12,6,2,12,0,0,0,1,29,65017,6,1,0,0,3,0,69,130,0,0,0,0,0,0,0,0,0,0,0,0,0,0,1,2,55,3,5,2,1,0,0,14,62,1,1,1,51,0,0
29,290577,1,1,1,11,10,6,20,1,0,1,0,29,2,20,402,20402,14,2000,2CNBJ13C6Y69,2,C,N,B,J,1,3,C,6,Y,6,9,0,P,CHEV,TKR,UT,0,17,2987,,0,976,,G,,F,4,122,,,15R205,,,,,,0,0,000000000,00000000000,0,0,0,1,0,0,0,0,0,0,0,998,0,2,1,0,6,2,1,0,0,0,1,29,64836,6,1,0,0,3,3,70,240,0,0,0,0,0,0,0,0,0,1,0,0,0,0,1,2,45,3,1,2,1,0,0,14,6,1,1,6,98,1,0
29,290578,1,3,1,11,10,21,30,12,2,1,0,92,0,19,3,19003,4,1992,1G6CD53BXN42,1,G,6,C,D,5,3,B,X,N,4,2,0,P,CADI,DFW,4D,92,17,3591,,0,1138,,G,,F,8,300,,,15R205,,,,,,0,0,000000000,00000000000,0,0,0,1,0,0,0,0,0,0,0,998,0,0,0,12,6,2,12,0,0,1,1,29,65051,6,1,0,0,3,2,75,210,0,1,0,1,0,10,2011,8,2012,0,33,35,74,0,1,2,60,3,6,2,1,0,0,6,10,1,1,2,50,1,1
29,290578,2,3,1,11,10,21,30,12,2,1,0,29,3,85,881,85881,66,2003,1XKAD49X03J8,1,X,K,A,D,4,9,X,0,3,J,8,1,T,KW,T60,TR,3,17,,8,2600,1600,CON,D,,,6,915,,,,,00000,00,,64,1,57,1506875,571506875,3,6,1,1,0,0,0,0,0,0,0,998,0,0,0,12,6,2,12,0,0,1,1,29,65591,6,1,6,0,3,0,74,185,0,0,0,0,0,0,0,0,0,0,0,0,0,0,1,2,60,2,5,2,1,0,0,14,62,1,1,1,51,0,0
29,290578,3,3,1,11,10,21,30,12,2,1,0,93,3,85,881,85881,66,2002,1XKDDU9X02R8,1,X,K,D,D,U,9,X,0,2,R,8,1,T,KW,T80,TR,2,17,,8,2600,1600,CON,D,,,6,733,,,,,00000,00,,64,1,57,760549,57760549,3,6,1,1,0,0,0,0,0,0,0,998,0,0,0,98,6,2,12,0,0,0,1,29,65301,6,1,6,0,3,0,76,200,1,0,0,0,0,3,2012,3,2012,0,0,0,0,0,1,2,60,3,6,2,1,0,0,14,60,99,1,1,98,0,0
29,290579,1,1,1,3,10,23,32,14,0,1,0,92,0,37,709,37709,80,2012,JH2SC5949CK4,J,H,2,S,C,5,9,4,9,C,K,4,0,M,HOND,CBS,RC,12,17,,,,,,,999,,4,,4,441,,,,,,,0,0,000000000,00000000000,0,0,0,1,0,0,0,0,0,0,0,47,0,0,0,12,6,2,14,0,0,0,1,29,64117,6,1,0,0,3,0,69,170,1,0,0,1,1,1,2011,8,2012,1,0,0,0,0,1,2,25,3,1,2,1,0,0,14,6,3,2,4,1,1,1
29,290580,1,1,2,14,10,21,50,59,0,1,0,29,2,18,2,18002,4,1999,1G4HP52K1XH5,1,G,4,H,P,5,2,K,1,X,H,5,0,P,BUIC,LCF,4D,99,17,3443,,0,1108,,G,,F,6,231,,,15R205,,,,,,0,0,000000000,00000000000,0,0,0,1,0,0,0,0,0,0,0,998,0,0,0,11,6,2,42,0,0,0,1,29,65260,1,1,0,0,2,0,69,155,1,3,0,3,1,9,2010,8,2012,1,0,0,0,0,1,2,55,2,6,2,1,0,0,14,10,1,3,4,7,1,1
29,290581,1,2,1,15,10,15,0,12,2,1,0,29,3,58,421,58421,15,2006,5N3AA08C86N8,5,N,3,A,A,0,8,C,8,6,N,8,0,P,INFI,QX5,UT,6,17,5532,,0,1232,,G,,F,8,339,,,18R265,,,,,,0,0,000000000,00000000000,0,0,0,1,0,0,0,0,0,0,0,998,0,0,0,12,6,2,2,0,0,1,1,29,65109,6,1,0,0,3,3,70,180,0,0,0,0,0,0,0,0,0,0,28,0,0,0,1,2,60,1,1,2,1,0,0,1,10,7,3,2,50,1,0
29,290581,2,2,1,15,10,15,0,12,2,1,0,93,3,85,881,85881,66,2004,1XKDD49X44J0,1,X,K,D,D,4,9,X,4,4,J,0,1,T,KW,T80,TR,4,17,,8,2600,1600,CON,D,,,6,915,,,,,00000,00,,64,1,57,1515859,571515859,3,6,8,1,0,0,0,0,0,0,0,998,0,1,5,12,6,2,12,0,0,0,1,29,63454,6,1,6,0,3,3,73,199,1,0,0,2,0,1,2011,6,2012,0,0,0,0,0,1,2,60,1,1,2,1,0,0,1,62,2,2,1,51,0,0
29,290582,1,1,1,16,10,5,41,33,0,1,0,29,1,7,43,7043,4,2002,2B3HD46R02H2,2,B,3,H,D,4,6,R,0,2,H,2,0,P,DODG,ISE,4D,2,17,3373,,0,1130,,G,,F,6,167,,,16R225,,,,,,0,0,000000000,00000000000,0,0,0,1,0,0,0,0,0,0,0,998,0,0,0,14,6,2,42,0,0,0,1,29,63701,2,1,0,0,2,0,72,190,0,0,0,0,0,0,0,0,0,1,0,0,0,0,1,2,35,3,6,1,1,0,0,14,13,1,1,4,1,1,0
29,290583,1,2,2,12,10,16,5,12,6,1,0,29,2,7,482,7482,31,1996,3B7MF33C2TM1,3,B,7,M,F,3,3,C,2,T,M,1,0,T,DODG,350,PC,96,17,,3,0,1547,RPC,D,,,6,359,,,,D,5653,00,M,44,0,0,000000000,00000000000,0,0,0,1,0,0,0,0,0,0,0,998,0,0,0,1,6,2,12,0,0,0,1,29,64683,6,1,0,0,3,0,71,165,2,0,0,0,1,10,2009,5,2010,0,38,0,0,0,1,2,60,1,1,2,1,20,3,4,17,1,1,1,87,0,0
29,290583,2,2,3,12,10,16,5,12,6,1,0,17,1,20,481,20481,31,2002,2GCEK19V3212,2,G,C,E,K,1,9,V,3,2,1,2,0,T,CHEV,SK1,4C,2,17,,2,1575,1435,SIL,G,,,8,293,,,,B,4910,02,,44,0,0,000000000,00000000000,0,0,0,1,0,0,0,0,0,0,0,998,0,0,0,12,6,2,12,0,0,0,1,17,62341,6,1,0,0,3,0,61,145,0,0,0,0,0,0,0,0,0,0,0,0,0,0,1,2,60,1,1,2,1,0,0,1,66,1,1,1,86,1,0
29,290584,1,1,2,13,10,18,45,42,0,1,0,29,1,59,33,59033,2,1992,JT8UZ30C3N00,J,T,8,U,Z,3,0,C,3,N,0,0,0,P,LEXS,SC4,CP,92,17,3575,,0,1059,,G,,F,8,242,,,15R215,,,,,,0,0,000000000,00000000000,0,0,0,1,0,0,0,0,0,0,0,998,0,1,5,3,6,2,42,0,0,1,1,29,64804,6,1,0,0,3,0,70,195,0,0,0,1,0,8,2012,8,2012,1,58,0,0,0,1,2,45,1,3,2,2,0,0,1,12,6,4,4,7,2,0
29,290585,1,1,1,14,10,0,50,8,0,1,0,16,2,6,43,6043,4,2001,1C3EL56U91N5,1,C,3,E,L,5,6,U,9,1,N,5,0,P,CHRY,SLI,4D,1,17,3236,,0,1080,,G,,F,6,167,,,16R205,,,,,,0,0,000000000,00000000000,0,0,0,1,0,0,0,0,0,0,0,998,0,0,0,13,2,1,8,0,0,0,1,21,41102,6,1,0,0,3,0,73,190,0,0,0,0,0,0,0,0,0,0,0,0,0,0,3,2,70,1,1,2,2,0,0,1,80,1,1,1,13,0,0
29,290586,1,1,1,20,9,15,5,35,0,1,0,29,1,12,33,12033,3,1993,KNJPT06H8P61,K,N,J,P,T,0,6,H,8,P,6,1,0,P,FORD,FGL,2H,93,17,1819,,0,902,,G,,F,4,079,,,12R165,,,,,,0,0,000000000,00000000000,0,0,0,1,0,0,0,0,0,0,0,998,0,1,5,12,6,2,35,0,0,0,1,29,63431,6,1,0,0,3,3,64,145,0,0,0,0,0,0,0,0,0,1,0,0,0,0,1,2,50,1,6,4,1,0,0,1,13,1,2,4,2,1,0
29,290587,1,1,1,4,8,21,19,8,0,1,0,29,2,7,481,7481,31,1990,1B7HM16Y8LS7,1,B,7,H,M,1,6,Y,8,L,S,7,0,T,DODG,W15,PK,90,17,,2,1310,1150,W15,G,,,8,318,,,,B,4150,01,A,44,0,0,000000000,00000000000,0,0,0,1,0,0,0,0,0,0,0,44,0,0,0,12,4,3,8,0,0,0,1,29,63026,6,1,0,0,3,0,66,170,0,1,0,0,1,5,2011,9,2011,0,0,0,0,0,5,4,45,1,1,2,1,0,0,1,80,3,1,1,13,0,0
29,290588,1,2,1,27,8,18,42,12,2,1,0,29,3,84,881,84881,66,2000,2HSFMAER0YC0,2,H,S,F,M,A,E,R,0,Y,C,0,1,T,INTL,920,TR,0,17,,8,2340,1600,920,D,,,6,855,,,,,00000,00,,64,1,57,1108974,571108974,3,6,1,1,0,0,0,0,0,0,0,998,0,0,0,12,6,2,12,0,0,0,1,29,65790,6,1,6,0,3,0,69,220,0,0,0,0,0,0,0,0,0,0,0,0,0,0,1,2,35,3,4,2,1,0,0,14,62,1,1,1,51,0,0
29,290588,2,2,4,27,8,18,42,12,2,1,0,29,2,23,401,23401,14,2000,1GKDT13W8Y22,1,G,K,D,T,1,3,W,8,Y,2,2,0,T,GMC,J/E,4W,0,17,,1,0,1070,J/E,G,,,6,262,,,,B,4049,01,E,44,0,0,000000000,00000000000,0,0,0,1,0,0,0,0,0,0,0,998,0,0,0,12,6,2,12,0,0,0,1,29,65802,2,1,0,0,2,0,68,150,0,0,0,0,0,0,0,0,0,1,28,0,0,0,1,2,35,2,4,2,1,0,0,14,10,1,1,2,50,1,1
29,290589,1,1,4,24,8,5,47,8,0,1,0,29,1,49,32,49032,4,1999,1NXBR12E2XZ2,1,N,X,B,R,1,2,E,2,X,Z,2,0,P,TOYT,UVL,4D,99,17,2414,,0,970,,G,,F,4,109,,,14R175,,,,,,0,0,000000000,00000000000,0,0,0,1,0,0,0,0,0,0,0,998,0,0,0,12,2,1,8,0,0,0,1,29,63134,6,1,0,0,3,0,66,200,0,0,0,0,0,0,0,0,0,0,0,0,0,0,5,4,35,1,2,2,1,0,0,1,80,1,1,1,13,0,0