STATE,ST_CASE,VEH_NO,VE_FORMS,NUMOCCS,DAY,MONTH,HOUR,MINUTE,HARM_EV,MAN_COLL,UNITTYPE,HIT_RUN,REG_STAT,OWNER,MAKE,MODEL,MAK_MOD,BODY_TYP,MOD_YEAR,VIN,VIN_1,VIN_2,VIN_3,VIN_4,VIN_5,VIN_6,VIN_7,VIN_8,VIN_9,VIN_10,VIN_11,VIN_12,TOW_VEH,VINTYPE,VINMAKE,VINA_MOD,VIN_BT,VINMODYR,VIN_LNGT,VIN_WGT,WGTCD_TR,WHLBS_LG,WHLBS_SH,SER_TR,FUELCODE,MCYCL_DS,CARBUR,CYLINDER,DISPLACE,MCYCL_CY,MCYCL_WT,TIRE_SZE,TON_RAT,TRK_WT,TRKWTVAR,VIN_REST,WHLDRWHL,J_KNIFE,MCARR_I1,MCARR_I2,MCARR_ID,GVWR,V_CONFIG,CARGO_BT,HAZ_INV,HAZ_PLAC,HAZ_ID,HAZ_CNO,HAZ_REL,BUS_USE,SPEC_USE,EMER_USE,TRAV_SP,UNDERIDE,ROLLOVER,ROLINLOC,IMPACT1,DEFORMED,TOWED,M_HARM,VEH_SC1,VEH_SC2,FIRE_EXP,DR_PRES,L_STATE,DR_ZIP,L_STATUS,L_TYPE,CDL_STAT,L_ENDORS,L_COMPL,L_RESTRI,DR_HGT,DR_WGT,PREV_ACC,PREV_SUS,PREV_DWI,PREV_SPD,PREV_OTH,FIRST_MO,FIRST_YR,LAST_MO,LAST_YR,SPEEDREL,DR_SF1,DR_SF2,DR_SF3,DR_SF4,VTRAFWAY,VNUM_LAN,VSPD_LIM,VALIGN,VPROFILE,VPAVETYP,VSURCOND,VTRAFCON,VTCONT_F,P_CRASH1,P_CRASH2,P_CRASH3,PCRASH4,PCRASH5,ACC_TYPE,DEATHS,DR_DRINK
29,290660,1,2,1,8,11,7,52,24,0,1,0,29,1,7,472,7472,30,2003,1D7FL16X33S3,1,D,7,F,L,1,6,X,3,3,S,3,0,T,DODG,SXT,PK,3,17,,1,0,1119,DAK,G,,,6,239,,,,B,3692,00,E,42,0,0,000000000,00000000000,0,0,0,1,0,0,0,0,0,0,0,998,0,0,0,1,6,2,12,0,0,0,1,29,63069,6,1,0,0,3,0,63,235,0,0,0,1,1,11,2011,6,2012,0,58,28,0,0,1,4,55,1,1,2,1,0,0,1,13,1,1,4,1,1,0
29,290660,2,2,1,8,11,7,52,24,0,1,0,18,0,85,881,85881,66,2013,1XKAD49X2DJ3,1,X,K,A,D,4,9,X,2,D,J,3,1,T,KW,T60,TR,13,17,,8,2600,1600,CON,D,,,6,915,,,,,00000,00,,64,1,57,54283,5754283,3,6,1,1,0,0,0,0,0,0,0,998,0,0,0,12,6,2,12,0,0,0,1,32,89032,1,1,6,0,2,3,999,999,0,0,0,0,0,0,0,0,0,0,0,0,0,0,1,4,55,1,1,2,1,0,0,1,62,8,1,1,98,0,0
29,290661,1,3,3,13,11,16,40,12,6,1,0,29,2,49,32,49032,4,2007,1NXBR32EX7Z9,1,N,X,B,R,3,2,E,X,7,Z,9,0,P,TOYT,UCS,4D,7,17,2530,,0,1024,,G,,F,4,109,,,15R185,,,,,,0,0,000000000,00000000000,0,0,0,1,0,0,0,0,0,0,0,998,0,0,0,3,6,2,12,0,0,0,1,29,65753,6,1,0,0,3,0,75,190,0,0,0,1,0,6,2010,6,2010,1,0,0,0,0,1,2,55,1,6,2,1,0,0,1,10,1,4,2,64,1,1
29,290661,2,3,1,13,11,16,40,12,6,1,0,29,2,12,401,12401,14,2005,1FMDU74W45ZA,1,F,M,D,U,7,4,W,4,5,Z,A,0,P,FORD,EPR,UT,5,17,4094,,0,1137,,G,,F,8,281,,,17R245,,,,,,0,0,000000000,00000000000,0,0,0,1,0,0,0,0,0,0,0,55,0,0,0,12,6,2,12,0,0,0,1,29,65714,6,1,0,0,3,0,61,140,0,0,0,1,0,6,2010,6,2010,0,0,0,0,0,1,2,55,1,6,2,1,0,0,2,62,2,1,1,65,0,0
29,290661,3,3,3,13,11,16,40,12,6,1,0,29,2,20,2,20002,4,2004,2G1WF55K1492,2,G,1,W,F,5,5,K,1,4,9,2,0,P,CHEV,IMP,4D,4,17,3389,,0,1105,,G,,F,6,231,,,16R225,,,,,,0,0,000000000,00000000000,0,0,0,1,0,0,0,0,0,0,0,55,0,0,0,12,6,2,12,0,0,0,1,29,65631,6,1,0,0,3,3,68,135,0,0,0,0,0,0,0,0,0,0,26,0,0,0,1,2,55,1,6,2,1,0,0,2,62,2,1,1,98,0,0
29,290662,1,1,1,14,11,15,46,35,0,1,0,29,2,12,18,12018,3,1994,1ZVLT22B7R51,1,Z,V,L,T,2,2,B,7,R,5,1,0,P,FORD,PGT,2H,94,17,2921,,0,1028,,G,,F,6,152,,,16R225,,,,,,0,0,000000000,00000000000,0,0,0,1,0,0,0,0,0,0,0,998,0,1,5,12,6,2,1,0,0,0,1,29,65010,1,2,0,0,2,0,70,160,0,1,0,0,0,2,2012,2,2012,0,80,0,0,0,3,2,70,1,5,2,1,0,0,1,1,1,1,4,1,1,0
29,290663,1,2,1,14,11,17,45,12,2,1,0,48,1,12,443,12443,20,2004,2FMDA52294BB,2,F,M,D,A,5,2,2,9,4,B,B,0,P,FORD,FRE,SV,4,17,4275,,0,1208,,G,,F,6,256,,,16R235,,,,,,0,0,000000000,00000000000,0,0,0,1,0,0,0,0,0,0,0,998,0,0,0,12,6,2,12,0,0,0,1,29,64089,6,1,0,0,3,0,65,140,1,0,0,0,0,2,2011,2,2011,0,6,28,0,0,1,2,55,1,1,2,1,0,0,1,10,1,1,2,50,0,0
29,290663,2,2,2,14,11,17,45,12,2,1,0,29,1,55,35,55035,4,2005,KMHDN46D75U9,K,M,H,D,N,4,6,D,7,5,U,9,0,P,HYUN,EST,4D,5,17,2635,,0,1027,,G,,F,4,121,,,15R195,,,,,,0,0,000000000,00000000000,0,0,0,1,0,0,0,0,0,0,0,998,0,0,0,12,6,2,12,0,0,0,1,29,64089,6,1,0,0,3,3,61,155,0,0,0,0,0,0,0,0,0,0,0,0,0,0,1,2,55,1,1,2,1,0,0,1,62,1,1,1,51,1,0
29,290664,1,2,1,16,11,11,50,12,6,1,0,29,3,12,881,12881,63,1995,1FDYU90VXSVA,1,F,D,Y,U,9,0,V,X,S,V,A,0,T,FORD,LT9,CC,95,17,,8,2580,1500,COL,D,,,6,661,,,,,13391,08,,64,0,57,600356,57600356,3,2,4,1,0,0,0,0,0,0,0,53,0,1,5,12,6,2,12,0,0,0,1,29,63748,6,1,6,0,3,0,73,230,0,0,0,0,0,0,0,0,0,0,0,0,0,0,1,2,55,1,6,2,1,0,0,1,61,9,1,1,45,0,0
29,290664,2,2,1,16,11,11,50,12,6,1,0,29,1,23,481,23481,31,2000,2GTEC19T0Y11,2,G,T,E,C,1,9,T,0,Y,1,1,0,T,GMC,NC1,3C,0,17,,2,1575,1435,SIE,G,,,8,325,,,,B,4134,03,U,42,0,0,000000000,00000000000,0,0,0,1,0,0,0,0,0,0,0,66,0,1,5,5,6,2,12,0,0,0,1,29,63747,6,1,0,0,3,0,64,170,1,0,0,0,1,10,2011,1,2012,0,27,0,0,0,1,2,55,1,6,2,1,0,0,6,60,1,1,2,46,1,0
29,290665,1,2,1,25,10,14,0,1,0,1,0,29,1,73,709,73709,80,2012,JKAEXMJ18CDA,J,K,A,E,X,M,J,1,8,C,D,A,0,M,KAWK,E2J,RC,12,17,,,,,,,249,,2,,4,375,,,,,,,0,0,000000000,00000000000,0,0,0,1,0,0,0,0,0,0,0,998,0,0,0,0,6,2,12,0,0,0,1,29,65747,6,1,0,0,3,3,70,180,0,0,0,1,0,7,2010,7,2010,1,28,0,0,0,1,2,55,2,5,2,2,0,0,14,10,1,3,2,98,1,0
29,290665,2,2,2,25,10,14,0,1,0,1,0,5,1,48,45,48045,4,2012,4S4BRCKC9C32,4,S,4,B,R,C,K,C,9,C,3,2,0,P,SUBA,O2L,SW,12,17,3538,,0,0,,G,,F,4,150,,,000000,,,,,,0,0,000000000,00000000000,0,0,0,1,0,0,0,0,0,0,0,998,0,0,0,12,6,2,12,0,0,0,1,5,72616,6,1,0,0,3,3,64,123,0,0,0,0,0,0,0,0,0,0,0,0,0,0,1,2,55,3,6,2,2,0,0,14,62,1,1,1,98,0,0
29,290666,1,1,1,8,11,14,6,43,0,1,0,17,2,63,401,63401,14,2001,KNDJB6233156,K,N,D,J,B,6,2,3,3,1,5,6,0,P,KIA,SPO,UT,1,17,3102,,0,929,,G,,F,4,122,,,15R205,,,,,,0,0,000000000,00000000000,0,0,0,1,0,0,0,0,0,0,0,998,0,1,5,12,6,2,1,0,0,0,1,29,65702,6,1,0,0,3,3,66,110,0,0,0,0,0,0,0,0,0,0,0,0,0,0,1,2,55,3,6,2,1,0,0,14,13,1,1,4,1,1,0
29,290667,1,1,2,13,11,17,21,58,0,1,0,29,2,21,441,21441,20,2004,1GHDX13E04D2,1,G,H,D,X,1,3,E,0,4,D,2,0,T,OLDS,LUX,ES,4,17,,1,0,1200,SIL,G,,,6,207,,,,B,3948,00,K,42,0,0,000000000,00000000000,0,0,0,1,0,0,0,0,0,0,0,998,0,0,0,14,6,2,42,0,0,0,1,29,65020,2,1,0,0,2,0,74,170,1,0,0,0,1,3,2012,10,2012,0,0,0,0,0,1,2,35,1,6,2,1,0,0,1,13,1,1,1,98,1,0
29,290668,1,1,1,14,11,9,10,21,0,1,0,29,1,20,37,20037,4,2005,1G1ZT62865F2,1,G,1,Z,T,6,2,8,6,5,F,2,0,P,CHEV,XLS,4D,5,17,3476,,0,1123,,G,,F,6,214,,,16R215,,,,,,0,0,000000000,00000000000,0,0,0,1,0,0,0,0,0,0,0,998,0,0,0,12,6,2,21,0,0,0,1,29,63052,6,1,0,0,3,0,73,215,0,0,0,0,0,0,0,0,0,0,0,0,0,0,3,4,70,1,1,1,1,0,0,17,90,6,1,4,3,1,0
29,290669,1,1,1,17,11,14,15,58,0,1,0,29,2,20,481,20481,31,1994,1GCEK14Z2RZ2,1,G,C,E,K,1,4,Z,2,R,Z,2,0,T,CHEV,GK1,PK,94,17,,2,1315,1175,GM4,G,,,6,262,,,,B,3717,00,,44,0,0,000000000,00000000000,0,0,0,1,0,0,0,0,0,0,0,998,0,0,0,8,6,2,58,0,0,0,1,29,64832,6,1,0,0,3,0,69,168,0,0,0,0,0,0,0,0,0,0,0,0,0,0,1,2,60,1,1,4,1,0,0,1,10,1,1,4,6,1,0
29,290670,1,1,1,16,10,11,20,42,0,1,0,29,1,23,481,23481,31,1987,1GTDR14HXHS5,1,G,T,D,R,1,4,H,X,H,S,5,0,T,GMC,R15,PK,87,17,,1,1315,1175,R15,G,,,8,305,,,,B,3301,06,A,42,0,0,000000000,00000000000,0,0,0,1,0,0,0,0,0,0,0,998,0,0,0,12,6,2,42,0,0,0,1,29,65617,6,1,0,0,3,0,75,160,0,0,0,0,0,0,0,0,0,0,0,0,0,0,1,2,45,1,1,2,1,0,0,1,12,1,1,4,6,1,0
29,290671,1,2,1,6,11,18,20,12,2,1,0,92,0,7,482,7482,31,2004,3D7KU28C84G1,3,D,7,K,U,2,8,C,8,4,G,1,0,T,DODG,SQ2,CW,4,17,,2,1605,1405,RPC,D,,,6,359,,,,C,5438,13,E,44,0,0,000000000,00000000000,0,0,0,1,0,0,0,0,0,0,0,998,0,1,1,12,6,2,12,0,0,0,1,29,65401,6,1,0,0,3,0,70,220,1,0,0,1,0,11,2009,9,2010,1,28,0,0,0,1,2,60,2,6,2,1,40,3,14,67,6,1,2,69,0,0
29,290671,2,2,1,6,11,18,20,12,2,1,0,29,1,12,17,12017,4,2005,1FAFP56UX5A2,1,F,A,F,P,5,6,U,X,5,A,2,0,P,FORD,TEL,4D,5,17,3313,,0,1085,,G,,F,6,182,,,16R215,,,,,,0,0,000000000,00000000000,0,0,0,1,0,0,0,0,0,0,0,998,0,0,0,12,6,2,12,0,0,0,1,29,65401,6,1,0,0,3,3,69,180,0,0,0,0,0,0,0,0,0,0,38,0,0,0,1,2,60,2,6,2,1,20,3,11,15,1,1,2,68,1,0
29,290673,1,2,2,23,11,18,6,12,6,1,0,29,1,7,472,7472,30,1988,1B7GR14X0JS6,1,B,7,G,R,1,4,X,0,J,S,6,0,T,DODG,DAK,PK,88,17,,1,1239,1119,DAK,G,,,6,238,,,,B,3478,01,A,44,0,0,000000000,00000000000,0,0,0,1,0,0,0,0,0,0,0,998,0,0,0,12,6,2,12,0,0,0,1,29,64050,6,1,0,0,3,0,63,145,1,0,0,0,0,4,2010,4,2010,0,0,0,0,0,1,2,35,1,1,2,1,0,0,1,67,1,1,1,69,0,0
29,290673,2,2,1,23,11,18,6,12,6,1,0,29,1,37,31,37031,2,2002,1HGEM22592L0,1,H,G,E,M,2,2,5,9,2,L,0,0,P,HOND,UCL,CP,2,17,2496,,0,1031,,G,,F,4,102,,,14R185,,,,,,0,0,000000000,00000000000,0,0,0,1,0,0,0,0,0,0,0,998,0,0,0,9,6,2,12,0,0,0,1,29,64057,6,1,0,0,3,3,67,200,0,0,0,0,0,0,0,0,0,0,38,0,0,0,1,2,35,3,9,2,1,20,3,11,15,1,1,1,68,1,0
29,290674,1,2,1,19,10,11,11,12,1,1,0,29,1,18,7,18007,4,2003,2G4WS52J3311,2,G,4,W,S,5,2,J,3,3,1,1,0,P,BUIC,CCU,4D,3,17,3368,,0,1090,,G,,F,6,191,,,15R205,,,,,,0,0,000000000,00000000000,0,0,0,1,0,0,0,0,0,0,0,998,0,0,0,12,4,1,12,0,0,0,1,29,63126,6,1,0,0,3,3,59,170,0,0,0,0,0,0,0,0,0,0,26,0,0,0,1,4,35,1,5,2,1,0,0,1,50,1,1,1,20,1,0
29,290674,2,2,1,19,10,11,11,12,1,1,0,29,1,12,422,12422,15,2006,1FMFU18516LA,1,F,M,F,U,1,8,5,1,6,L,A,0,P,FORD,EPT,UT,6,17,5606,,0,1190,,G,,F,8,329,,,17R265,,,,,,0,0,000000000,00000000000,0,0,0,1,0,0,0,0,0,0,0,0,0,0,0,6,4,1,12,0,0,0,1,29,63301,6,1,0,0,3,3,72,194,0,0,0,0,0,0,0,0,0,0,0,0,0,0,1,4,35,1,5,2,1,0,0,5,53,1,1,1,21,0,0
29,290675,1,1,1,12,11,17,41,15,0,1,0,29,1,63,32,63032,4,2004,KNADC1257462,K,N,A,D,C,1,2,5,7,4,6,2,0,P,KIA,RIO,4D,4,17,2403,,0,949,,G,,F,4,098,,,14R175,,,,,,0,0,000000000,00000000000,0,0,0,1,0,0,0,0,0,0,0,998,0,0,0,12,6,2,15,0,0,0,1,29,63123,6,1,0,0,3,0,71,175,1,0,0,0,1,1,2010,9,2012,1,0,0,0,0,1,4,35,3,1,2,1,3,3,14,83,1,1,1,13,0,0
29,290676,1,1,2,21,11,22,0,42,0,1,0,92,0,52,37,52037,3,2001,4A3AC44G21E0,4,A,3,A,C,4,4,G,2,1,E,0,0,P,MITS,EGS,2H,1,17,2944,,0,1008,,G,,F,4,143,,,16R205,,,,,,0,0,000000000,00000000000,0,0,0,1,0,0,0,0,0,0,0,998,0,1,5,7,6,2,2,0,0,1,1,29,65658,0,0,0,0,0,0,67,135,0,0,0,0,0,0,0,0,0,1,0,0,0,0,1,2,55,2,6,2,1,0,0,14,10,1,3,4,7,1,1
29,290677,1,1,4,5,11,15,15,1,0,1,0,29,2,23,401,23401,14,2004,1GKDT13S7421,1,G,K,D,T,1,3,S,7,4,2,1,0,T,GMC,ENV,4W,4,17,,1,0,1130,ENV,G,,,6,256,,,,B,4616,00,E,44,0,0,000000000,00000000000,0,0,0,1,0,0,0,0,0,0,0,998,0,1,5,0,6,2,1,0,0,0,1,29,63748,6,1,0,0,3,0,66,125,0,0,0,0,0,0,0,0,0,1,0,0,0,0,1,2,55,2,5,2,2,0,0,14,13,1,3,4,2,1,0
29,290678,1,1,2,15,11,12,41,32,0,1,0,29,1,7,482,7482,31,2006,3D7MX48C76G2,3,D,7,M,X,4,8,C,7,6,G,2,0,T,DODG,SQ3,CW,6,17,,3,0,1600,RPC,D,,,6,359,,,,D,7287,01,E,44,0,0,000000000,00000000000,0,0,0,1,0,0,0,0,0,0,0,998,0,1,5,1,6,2,1,0,0,0,1,29,65667,6,1,6,0,3,3,76,290,0,0,0,1,0,4,2012,4,2012,0,58,0,0,0,1,2,55,1,3,2,1,0,0,1,10,8,4,4,7,1,0
29,290679,1,1,1,30,9,23,58,19,0,1,0,29,2,14,6,14006,4,1999,2MEFM75W4XX7,2,M,E,F,M,7,5,W,4,X,X,7,0,P,MERC,MGL,4D,99,17,3922,,0,1147,,G,,F,8,281,,,16R225,,,,,,0,0,000000000,00000000000,0,0,0,1,0,0,0,0,0,0,0,998,0,0,0,12,6,2,19,0,0,0,1,29,63121,2,1,0,0,2,0,70,140,0,5,0,0,4,5,2010,8,2012,1,0,0,0,0,1,4,35,1,1,2,1,0,0,1,10,1,1,4,6,1,1
29,290681,1,2,2,22,9,20,30,5,0,1,0,47,1,72,706,72706,80,2005,1HD1FRW165Y6,1,H,D,1,F,R,W,1,6,5,Y,6,0,M,HD,FCI,RS,5,17,,,,,,,1450,,2,,4,710,,,,,,,0,0,000000000,00000000000,0,0,0,1,0,0,0,0,0,0,0,998,0,0,0,0,0,1,54,0,0,0,1,29,38008,0,0,0,0,0,0,999,999,99,99,99,99,99,99,9999,99,9999,0,27,0,0,0,3,3,50,3,5,1,1,0,0,15,98,1,1,2,0,1,0
29,290681,2,2,2,22,9,20,30,5,0,1,0,29,1,18,22,18022,4,2009,2G4WD5828911,2,G,4,W,D,5,8,2,8,9,1,1,0,P,BUIC,LAL,4D,9,17,3502,,0,1105,,G,,F,6,232,,,16R225,,,,,,0,0,000000000,00000000000,0,0,0,1,0,0,0,0,0,0,0,998,0,0,0,14,0,1,54,0,0,0,1,29,63133,6,1,0,0,3,3,71,175,0,0,0,0,0,0,0,0,0,0,0,0,0,0,3,3,50,3,5,1,1,0,0,14,80,1,1,1,98,0,0
29,290682,1,2,3,13,10,19,30,12,6,1,0,29,3,20,2,20002,4,2006,2G1WD58C6692,2,G,1,W,D,5,8,C,6,6,9,2,0,P,CHEV,ISS,4D,6,17,3607,,0,1105,,G,,F,8,323,,,18R235,,,,,,0,0,000000000,00000000000,0,0,0,1,0,0,0,0,0,0,0,88,0,0,0,12,6,2,12,0,0,0,1,29,63115,2,1,0,0,2,0,71,160,0,4,0,0,0,12,2009,9,2011,1,0,0,0,0,1,2,25,1,1,2,1,20,3,1,66,1,1,1,88,0,0
29,290682,2,2,2,13,10,19,30,12,6,1,0,29,1,12,17,12017,4,1997,1FALP52U1VA2,1,F,A,L,P,5,2,U,1,V,A,2,0,P,FORD,TAG,4D,97,17,3329,,0,1085,,G,,F,6,182,,,15R205,,,,,,0,0,000000000,00000000000,0,0,0,1,0,0,0,0,0,0,0,998,0,0,0,9,6,2,12,0,0,0,1,29,63111,1,1,0,0,2,0,66,153,0,0,0,0,0,0,0,0,0,0,39,0,0,0,1,2,25,1,1,2,1,20,3,1,17,1,1,1,89,1,0
29,290683,1,1,1,11,11,2,30,32,0,1,0,29,1,19,5,19005,2,2001,1G6EL12Y51B1,1,G,6,E,L,1,2,Y,5,1,B,1,0,P,CADI,E/C,CP,1,17,3814,,0,1080,,G,,F,8,279,,,16R225,,,,,,0,0,000000000,00000000000,0,0,0,1,0,0,0,0,0,0,0,998,0,1,4,12,6,2,1,0,0,0,1,29,63501,6,1,0,0,3,0,75,240,0,0,0,0,0,0,0,0,0,0,51,0,0,0,1,2,55,1,1,2,1,0,0,1,10,1,1,4,6,1,1
29,290684,1,1,1,12,11,0,42,33,0,1,0,29,2,20,37,20037,4,2004,1G1ZU64824F2,1,G,1,Z,U,6,4,8,2,4,F,2,0,P,CHEV,XLT,4D,4,17,3476,,0,1123,,G,,F,6,214,,,16R215,,,,,,0,0,000000000,00000000000,0,0,0,1,0,0,0,0,0,0,0,110,0,0,0,98,6,2,14,0,0,0,1,29,63112,0,0,0,0,0,0,999,999,99,99,99,99,99,99,9999,99,9999,1,0,0,0,0,1,4,35,1,5,2,2,0,0,1,10,1,1,4,6,1,0
29,290685,1,1,1,17,11,0,38,34,0,1,0,29,1,20,36,20036,2,2002,2G1WX15K9292,2,G,1,W,X,1,5,K,9,2,9,2,0,P,CHEV,MSS,CP,2,17,3395,,0,1105,,G,,F,6,231,,,16R225,,,,,,0,0,000000000,00000000000,0,0,0,1,0,0,0,0,0,0,0,998,0,1,5,5,6,2,1,0,0,0,1,29,65337,2,1,0,0,2,0,69,140,0,0,0,0,0,0,0,0,0,1,58,0,0,0,1,2,45,1,1,2,1,0,0,1,12,1,4,4,7,1,0
29,290687,1,1,2,29,10,7,58,53,0,1,0,29,1,20,16,20016,4,1998,1G1JC5249W73,1,G,1,J,C,5,2,4,9,W,7,3,0,P,CHEV,CAV,4D,98,17,2630,,0,1041,,G,,F,4,133,,,14R195,,,,,,0,0,000000000,00000000000,0,0,0,1,0,0,0,0,0,0,0,998,0,0,0,12,6,2,58,0,0,0,1,29,63051,6,1,0,0,3,0,59,120,0,0,0,0,0,0,0,0,0,0,0,0,0,0,5,2,30,1,6,2,1,0,0,1,13,7,1,4,1,1,0
29,290688,1,2,1,21,11,5,40,12,2,1,0,29,1,12,471,12471,30,1997,1FTCR10A1VPB,1,F,T,C,R,1,0,A,1,V,P,B,0,T,FORD,RNG,PK,97,17,,1,1140,1080,RNG,G,,,4,140,,,,B,2970,01,E,42,0,0,000000000,00000000000,0,0,0,1,0,0,0,0,0,0,0,43,0,0,0,12,6,2,12,0,0,0,1,29,63379,2,1,0,0,2,0,71,190,0,2,1,0,0,9,2011,6,2012,0,28,0,0,0,1,2,55,1,5,2,2,0,0,1,10,1,1,2,50,0,1
29,290688,2,2,4,21,11,5,40,12,2,1,0,29,1,14,17,14017,4,1997,1MELM50U3VA6,1,M,E,L,M,5,0,U,3,V,A,6,0,P,MERC,SGS,4D,97,17,3388,,0,1085,,G,,F,6,182,,,15R205,,,,,,0,0,000000000,00000000000,0,0,0,1,0,0,0,0,0,0,0,45,0,0,0,12,6,2,12,0,0,0,1,29,63389,6,1,6,0,3,0,62,175,0,0,0,0,0,0,0,0,0,0,0,0,0,0,1,2,55,1,6,2,2,0,0,1,62,1,1,1,51,1,0
29,290689,1,2,1,23,11,15,40,12,2,1,0,29,2,22,20,22020,2,1998,1G2WP12K2WF3,1,G,2,W,P,1,2,K,2,W,F,3,0,P,PONT,GPG,CP,98,17,3396,,0,1105,,G,,F,6,231,,,16R225,,,,,,0,0,000000000,00000000000,0,0,0,1,0,0,0,0,0,0,0,998,0,0,0,12,6,2,12,0,0,0,1,29,64075,6,2,0,0,3,0,71,160,0,0,0,1,0,6,2012,6,2012,0,28,0,0,0,1,2,35,1,3,2,1,0,0,1,10,1,1,2,50,1,0
29,290689,2,2,1,23,11,15,40,12,2,1,0,92,0,20,481,20481,40,1993,1GBHC34K1PE1,1,G,B,H,C,3,4,K,1,P,E,1,0,T,CHEV,GC3,CB,93,17,,2,1595,1315,GM4,G,,,8,350,,,,D,00000,00,,42,0,0,000000000,00000000000,0,0,0,1,0,0,0,0,0,0,0,998,0,0,0,12,6,2,12,0,0,0,1,29,64016,6,1,0,0,3,3,73,200,0,0,0,0,0,0,0,0,0,0,0,0,0,0,1,2,35,1,3,2,1,0,0,1,62,7,1,1,51,0,0
29,290690,1,1,1,27,11,4,35,42,0,1,0,29,2,20,16,20016,4,1998,1G1JF52T8W71,1,G,1,J,F,5,2,T,8,W,7,1,0,P,CHEV,CAS,4D,98,17,2729,,0,1041,,G,,F,4,146,,,15R195,,,,,,0,0,000000000,00000000000,0,0,0,1,0,0,0,0,0,0,0,998,0,0,0,9,6,2,42,0,0,0,1,29,64012,6,2,0,0,3,0,71,170,0,0,0,1,0,5,2012,5,2012,1,0,0,0,0,1,2,25,1,6,2,4,0,0,1,6,1,3,4,2,1,1
29,290691,1,1,1,27,11,14,5,1,0,1,0,29,2,87,881,87881,66,1995,1XPFDR8X3SN3,1,X,P,F,D,R,8,X,3,S,N,3,0,T,PTRB,378,TR,95,17,,8,0,0,CON,D,,,6,774,,,,,00000,00,,64,0,88,888888888,88888888888,3,2,97,2,2,3082,9,2,0,0,0,80,0,1,5,0,6,2,1,0,0,0,1,29,64067,6,1,5,3,2,0,73,230,1,0,0,0,0,1,2010,1,2010,0,58,0,0,0,1,2,55,3,6,2,1,0,0,14,12,8,3,4,7,1,0
29,290692,1,1,1,29,11,14,50,58,0,1,0,29,2,13,12,13012,4,2003,1LNHM87A23Y6,1,L,N,H,M,8,7,A,2,3,Y,6,0,P,LINC,LLS,4D,3,17,4156,,0,1145,,G,,F,8,240,,,16R225,,,,,,0,0,000000000,00000000000,0,0,0,1,0,0,0,0,0,0,0,998,0,1,5,12,6,2,1,0,0,0,1,29,63090,6,1,0,0,3,0,72,180,0,0,0,0,0,0,0,0,0,0,58,0,0,0,1,2,45,2,6,2,1,0,0,14,12,6,1,4,6,1,0
29,290693,1,2,1,29,11,14,55,12,2,1,0,29,2,12,3,12003,2,1998,1FAFP4040WF2,1,F,A,F,P,4,0,4,0,W,F,2,0,P,FORD,MUS,CP,98,17,3065,,0,1013,,G,,F,6,232,,,15R205,,,,,,0,0,000000000,00000000000,0,0,0,1,0,0,0,0,0,0,0,998,0,0,0,12,6,2,12,0,0,0,1,29,65061,6,1,0,0,3,0,69,165,1,0,0,1,0,2,2011,6,2012,0,28,0,0,0,1,2,55,2,6,2,1,0,0,14,10,1,1,2,50,1,0
29,290693,2,2,2,29,11,14,55,12,2,1,0,29,1,12,481,12481,31,1997,1FTHX26F0VED,1,F,T,H,X,2,6,F,0,V,E,D,1,T,FORD,F25,PC,97,17,,2,1550,1390,COF,D,,,8,444,,,,C,5236,00,A,44,1,0,000000000,00000000000,0,0,0,1,0,0,0,0,0,0,0,998,0,0,0,12,6,2,12,0,0,0,1,29,63363,6,1,0,0,3,3,72,230,0,0,0,0,0,0,0,0,0,0,0,0,0,0,1,2,55,3,5,2,1,0,0,14,62,4,1,1,51,0,0
29,290694,1,1,2,4,12,11,50,42,0,1,0,29,1,12,471,12471,30,1997,1FTCR10A3VPB,1,F,T,C,R,1,0,A,3,V,P,B,0,T,FORD,RNG,PK,97,17,,1,1140,1080,RNG,G,,,4,140,,,,B,2970,01,E,42,0,0,000000000,00000000000,0,0,0,1,0,0,0,0,0,0,0,998,0,0,0,12,6,2,42,0,0,0,1,29,65713,6,1,0,0,3,3,71,185,0,0,0,0,0,0,0,0,0,0,0,0,0,0,1,2,55,1,5,2,1,0,0,1,10,1,1,4,6,1,0
29,290695,1,1,1,4,12,18,0,35,0,1,0,29,1,20,39,20039,4,2008,KL1TD66608B0,K,L,1,T,D,6,6,6,0,8,B,0,0,P,CHEV,ABS,5D,8,17,2343,,0,976,,G,,F,4,098,,,14R185,,,,,,0,0,000000000,00000000000,0,0,0,1,0,0,0,0,0,0,0,998,0,1,5,12,6,2,1,0,0,0,1,29,65232,6,1,0,0,3,0,70,300,0,0,0,1,0,7,2012,7,2012,1,58,0,0,0,1,2,55,2,6,2,1,0,0,14,10,9,2,4,7,1,0
29,290696,1,1,1,6,12,16,58,25,0,1,0,29,3,12,422,12422,15,2000,1FMPU16L2YLA,1,F,M,P,U,1,6,L,2,Y,L,A,0,P,FORD,EPT,UT,0,17,5275,,0,1191,,G,,F,8,330,,,16R255,,,,,,0,0,000000000,00000000000,0,0,0,1,0,0,0,0,0,0,0,998,0,1,5,7,6,2,1,0,0,0,1,29,63128,6,1,0,0,3,3,66,120,0,0,0,0,0,0,0,0,0,0,58,0,0,0,3,4,60,3,6,2,1,0,0,14,12,7,1,4,6,1,0