STATE,ST_CASE,VEH_NO,VE_FORMS,NUMOCCS,DAY,MONTH,HOUR,MINUTE,HARM_EV,MAN_COLL,UNITTYPE,HIT_RUN,REG_STAT,OWNER,MAKE,MODEL,MAK_MOD,BODY_TYP,MOD_YEAR,VIN,VIN_1,VIN_2,VIN_3,VIN_4,VIN_5,VIN_6,VIN_7,VIN_8,VIN_9,VIN_10,VIN_11,VIN_12,TOW_VEH,VINTYPE,VINMAKE,VINA_MOD,VIN_BT,VINMODYR,VIN_LNGT,VIN_WGT,WGTCD_TR,WHLBS_LG,WHLBS_SH,SER_TR,FUELCODE,MCYCL_DS,CARBUR,CYLINDER,DISPLACE,MCYCL_CY,MCYCL_WT,TIRE_SZE,TON_RAT,TRK_WT,TRKWTVAR,VIN_REST,WHLDRWHL,J_KNIFE,MCARR_I1,MCARR_I2,MCARR_ID,GVWR,V_CONFIG,CARGO_BT,HAZ_INV,HAZ_PLAC,HAZ_ID,HAZ_CNO,HAZ_REL,BUS_USE,SPEC_USE,EMER_USE,TRAV_SP,UNDERIDE,ROLLOVER,ROLINLOC,IMPACT1,DEFORMED,TOWED,M_HARM,VEH_SC1,VEH_SC2,FIRE_EXP,DR_PRES,L_STATE,DR_ZIP,L_STATUS,L_TYPE,CDL_STAT,L_ENDORS,L_COMPL,L_RESTRI,DR_HGT,DR_WGT,PREV_ACC,PREV_SUS,PREV_DWI,PREV_SPD,PREV_OTH,FIRST_MO,FIRST_YR,LAST_MO,LAST_YR,SPEEDREL,DR_SF1,DR_SF2,DR_SF3,DR_SF4,VTRAFWAY,VNUM_LAN,VSPD_LIM,VALIGN,VPROFILE,VPAVETYP,VSURCOND,VTRAFCON,VTCONT_F,P_CRASH1,P_CRASH2,P_CRASH3,PCRASH4,PCRASH5,ACC_TYPE,DEATHS,DR_DRINK
29,290697,1,1,4,6,12,19,8,8,0,1,0,17,2,20,421,20421,15,1997,1GNEK13R5VJ3,1,G,N,E,K,1,3,R,5,V,J,3,0,P,CHEV,KTA,UT,97,17,5225,,0,1175,,G,,F,8,350,,,15R235,,,,,,0,0,000000000,00000000000,0,0,0,1,0,0,0,0,0,0,0,998,0,0,0,12,6,2,8,0,0,0,1,17,61469,6,2,0,0,3,0,64,130,0,0,0,0,0,0,0,0,0,0,0,0,0,0,1,2,45,1,1,2,1,0,0,1,80,1,1,1,13,0,0
29,290698,1,1,1,8,12,18,45,32,0,1,0,29,1,14,37,14037,4,1997,1MELM6531VK6,1,M,E,L,M,6,5,3,1,V,K,6,0,P,MERC,MSG,4D,97,17,0,,0,1065,,G,,F,4,121,,,14R185,,,,,,0,0,000000000,00000000000,0,0,0,1,0,0,0,0,0,0,0,998,0,1,5,3,6,2,1,0,0,0,1,29,65560,6,1,0,0,3,0,67,175,1,1,0,1,0,4,2010,12,2011,1,58,0,0,0,1,2,55,3,1,2,2,0,0,14,6,7,4,4,7,1,0
29,290699,1,1,1,9,12,15,30,32,0,1,0,29,2,2,404,2404,14,1998,1J4FJ68SXWL2,1,J,4,F,J,6,8,S,X,W,L,2,0,T,JEEP,SPC,4W,98,17,,1,0,1014,CHK,G,,,6,242,,,,,3249,00,E,44,0,0,000000000,00000000000,0,0,0,1,0,0,0,0,0,0,0,998,0,1,5,14,6,2,1,0,0,0,1,29,65438,2,1,0,0,2,0,63,101,2,5,0,3,0,7,2011,12,2012,0,0,0,0,0,1,2,55,1,1,2,2,0,0,1,13,1,1,4,1,1,0
29,290700,1,1,4,20,9,2,46,33,0,1,0,29,2,35,39,35039,4,1996,JN1CA21D2TT1,J,N,1,C,A,2,1,D,2,T,T,1,0,P,NISS,MGS,4D,96,17,2886,,0,1063,,G,,F,6,182,,,15R205,,,,,,0,0,000000000,00000000000,0,0,0,1,0,0,0,0,0,0,0,998,0,0,0,98,6,2,59,0,0,0,1,29,63136,6,1,0,0,3,0,74,180,0,2,0,0,0,4,2011,9,2012,1,0,0,0,0,2,2,35,1,1,2,1,0,0,1,10,1,1,4,6,3,0
29,290701,1,2,1,30,10,6,9,12,1,1,0,29,1,14,3,14003,1,1986,1MEBP79M7GF6,1,M,E,B,P,7,9,M,7,G,F,6,0,P,MERC,CAP,2H,86,17,2824,,0,1005,,G,,F,8,302,,,14R195,,,,,,0,0,000000000,00000000000,0,0,0,1,0,0,0,0,0,0,0,998,0,0,0,12,6,2,12,0,0,0,1,29,64089,6,1,0,0,3,0,71,225,0,0,0,0,0,0,0,0,0,1,0,0,0,0,2,2,60,1,1,2,1,3,3,1,50,1,1,1,20,1,0
29,290701,2,2,1,30,10,6,9,12,1,1,0,29,3,87,881,87881,66,2005,1XP5DB9X95D8,1,X,P,5,D,B,9,X,9,5,D,8,1,T,PTRB,379,TR,5,17,,8,0,0,CON,D,,,6,893,,,,,00000,00,,64,1,57,321869,57321869,3,6,1,1,0,0,0,0,0,0,0,0,0,0,0,6,4,1,12,0,0,0,1,29,64463,6,1,6,0,3,0,69,150,0,0,0,0,0,0,0,0,0,0,0,0,0,0,2,2,60,1,1,2,1,3,3,5,53,1,1,1,21,0,0
29,290702,1,2,1,2,11,13,35,12,6,1,0,20,1,2,404,2404,14,1999,1J4FF27P9XL5,1,J,4,F,F,2,7,P,9,X,L,5,0,T,JEEP,CSE,2W,99,17,,1,0,1014,CHK,G,,,4,150,,,,,3075,00,E,44,0,0,000000000,00000000000,0,0,0,1,0,0,0,0,0,0,0,998,0,0,0,12,4,3,12,0,0,0,1,29,64131,6,1,0,0,3,0,70,230,0,0,0,0,0,0,0,0,0,0,0,0,0,0,3,2,35,1,1,2,1,20,3,1,66,1,1,1,88,0,0
29,290702,2,2,2,2,11,13,35,12,6,1,0,29,1,12,37,12037,4,2013,1FADP3K25DL1,1,F,A,D,P,3,K,2,5,D,L,1,0,P,FORD,FSE,4H,13,17,2920,,0,1042,,G,,F,4,122,,,16R205,,,,,,0,0,000000000,00000000000,0,0,0,1,0,0,0,0,0,0,0,998,0,0,0,11,4,3,12,0,0,0,1,29,64133,6,1,0,0,3,3,71,200,0,0,0,0,0,0,0,0,0,0,39,0,0,0,1,2,25,1,1,2,1,20,3,1,17,1,1,1,89,1,0
29,290703,1,1,1,3,11,22,55,57,0,1,0,29,1,12,401,12401,14,2000,1FMZU83P2YZB,1,F,M,Z,U,8,3,P,2,Y,Z,B,0,P,FORD,EPR,UT,0,17,4274,,0,1116,,G,,F,8,302,,,15R235,,,,,,0,0,000000000,00000000000,0,0,0,1,0,0,0,0,0,0,0,998,0,1,3,12,6,2,1,0,0,0,1,29,64130,1,1,0,0,2,0,72,140,0,0,0,2,0,8,2012,10,2012,1,0,0,0,0,3,3,55,3,6,2,1,0,0,14,12,3,2,4,7,1,1
29,290704,1,2,1,4,11,20,57,12,6,1,0,29,1,12,461,12461,21,1993,1FDEE14H3PHA,1,F,D,E,E,1,4,H,3,P,H,A,0,T,FORD,15V,CG,93,17,,2,0,1380,VAN,G,,,8,351,,,,B,4450,01,B,42,0,0,000000000,00000000000,0,0,0,1,0,0,0,0,0,0,0,998,0,0,0,12,4,3,12,0,0,0,1,29,64151,6,1,0,0,3,0,74,180,0,0,0,0,0,0,0,0,0,0,0,0,0,0,2,2,45,1,1,2,1,3,3,1,66,1,1,1,86,0,0
29,290704,2,2,2,4,11,20,57,12,6,1,0,29,2,12,481,12481,31,1999,1FTZF1725XKB,1,F,T,Z,F,1,7,2,5,X,K,B,0,T,FORD,F15,PK,99,17,,1,1385,1199,COF,G,,,6,256,,,,B,00000,00,U,42,0,0,000000000,00000000000,0,0,0,1,0,0,0,0,0,0,0,998,0,0,0,2,4,3,12,0,0,0,1,29,64024,1,1,0,0,2,0,69,210,1,1,0,0,0,10,2010,1,2012,0,39,0,0,0,2,2,40,1,1,2,1,3,3,1,17,1,1,1,87,1,0
29,290705,1,1,1,5,11,18,5,31,0,1,0,29,1,48,34,48034,6,1998,4S3BG685XW76,4,S,3,B,G,6,8,5,X,W,7,6,0,P,SUBA,UK3,SW,98,17,3155,,0,1035,,G,,F,4,150,,,15R205,,,,,,0,0,000000000,00000000000,0,0,0,1,0,0,0,0,0,0,0,998,0,0,0,12,6,2,42,0,0,0,1,29,64018,6,1,0,0,3,0,63,190,0,0,0,0,0,0,0,0,0,0,0,0,0,0,1,4,30,1,1,2,1,0,0,1,10,1,1,4,6,1,0
29,290706,1,1,1,8,11,22,56,33,0,1,0,20,1,24,2,24002,2,2001,1G8ZP12801Z3,1,G,8,Z,P,1,2,8,0,1,Z,3,0,P,STRN,SC1,3P,1,17,2396,,0,1024,,G,,F,4,116,,,14R185,,,,,,0,0,000000000,00000000000,0,0,0,1,0,0,0,0,0,0,0,85,0,0,0,12,6,2,39,0,0,0,1,20,66030,6,1,0,0,3,0,71,220,0,0,0,1,0,4,2012,4,2012,1,0,0,0,0,1,4,35,2,3,2,1,0,0,14,13,1,1,4,1,1,1
29,290707,1,1,1,10,11,3,0,1,0,1,0,92,0,53,706,53706,80,2005,JS1VS56A9521,J,S,1,V,S,5,6,A,9,5,2,1,0,M,SUZI,MBK,RS,5,17,,,,,,,805,,2,,4,542,,,,,,,0,0,000000000,00000000000,0,0,0,1,0,0,0,0,0,0,0,998,0,0,0,0,9,4,1,0,0,0,1,29,64055,6,1,0,0,2,0,65,180,0,0,0,0,0,0,0,0,0,0,0,0,0,0,1,2,25,1,6,2,1,0,0,1,9,1,1,1,98,1,1
29,290708,1,2,1,13,11,14,29,1,0,1,0,92,0,72,706,72706,80,2012,1HD1GPM10CC3,1,H,D,1,G,P,M,1,0,C,C,3,0,M,HD,FWG,RS,12,17,,,,,,,1690,,2,,4,650,,,,,,,0,0,000000000,00000000000,0,0,0,1,0,0,0,0,0,0,0,998,0,0,0,0,4,3,12,0,0,0,1,29,64468,6,1,0,0,3,0,71,190,0,0,0,2,0,1,2010,10,2010,0,0,0,0,0,1,2,40,1,1,2,1,3,3,1,66,1,1,1,98,1,0
29,290708,2,2,1,13,11,14,29,1,0,1,0,93,3,85,881,85881,66,2000,1XKADR9X0YR8,1,X,K,A,D,R,9,X,0,Y,R,8,1,T,KW,T60,TR,0,17,,8,2600,1600,CON,D,,,6,774,,,,,00000,00,,64,1,57,455903,57455903,3,6,8,1,0,0,0,0,0,0,0,998,0,0,0,2,2,1,12,0,0,0,1,29,64085,6,1,6,0,3,3,72,141,0,0,0,0,0,0,0,0,0,0,39,0,0,0,1,2,40,1,1,2,1,3,3,11,15,1,1,1,98,0,0
29,290709,1,1,3,16,11,2,45,24,0,1,0,29,1,12,401,12401,14,1997,1FMDU35P0VZC,1,F,M,D,U,3,5,P,0,V,Z,C,0,P,FORD,EPR,UT,97,17,4166,,0,1115,,G,,F,8,302,,,15R225,,,,,,0,0,000000000,00000000000,0,0,0,1,0,0,0,0,0,0,0,998,0,1,5,12,6,2,1,0,0,0,1,29,64056,2,1,0,0,2,0,61,200,0,4,0,0,2,6,2011,10,2012,1,0,0,0,0,3,3,55,1,5,2,1,0,0,1,6,1,3,4,2,1,0
29,290710,1,1,2,20,11,13,37,25,0,1,0,29,1,6,441,6441,20,2008,2A8HR64X68R1,2,A,8,H,R,6,4,X,6,8,R,1,0,T,CHRY,LMT,ES,8,17,,2,0,1212,TWC,G,,,6,244,,,,,4621,00,,42,0,0,000000000,00000000000,0,0,0,1,0,0,0,0,0,0,0,998,0,1,3,9,6,2,1,0,0,0,1,29,65441,6,1,0,0,3,0,74,160,0,0,0,0,0,0,0,0,0,0,58,0,0,0,3,2,60,1,1,2,1,0,0,1,8,6,1,4,6,1,0
29,290711,1,2,1,21,11,17,47,12,2,1,0,29,1,49,40,49040,2,1996,4T1CG12K5TU7,4,T,1,C,G,1,2,K,5,T,U,7,0,P,TOYT,UDL,CP,96,17,2910,,0,1031,,G,,F,4,132,,,14R195,,,,,,0,0,000000000,00000000000,0,0,0,1,0,0,0,0,0,0,0,998,0,0,0,12,6,2,12,0,0,0,1,29,64118,6,1,0,0,3,0,66,165,0,0,0,0,0,0,0,0,0,0,28,0,0,0,2,2,65,1,1,2,1,0,0,1,10,1,1,6,50,1,0
29,290711,2,2,1,21,11,17,47,12,2,1,0,29,3,84,881,84881,62,2007,1HTMMAAL87H3,1,H,T,M,M,A,A,L,8,7,H,3,0,T,INTL,430,CC,7,17,,6,0,0,40S,D,,,6,466,,,,,00000,00,,42,0,57,1391104,571391104,2,1,1,1,0,0,0,0,0,0,0,998,0,0,0,12,6,2,12,0,0,0,1,29,64133,6,1,0,0,3,0,71,225,0,0,0,0,0,0,0,0,0,0,0,0,0,0,1,2,65,1,1,2,1,0,0,1,62,1,1,1,51,0,0
29,290712,1,2,1,22,11,16,57,12,2,1,0,92,0,98,706,98706,80,1993,VBKMXK203PM4,V,B,K,M,X,K,2,0,3,P,M,4,0,U,,,,93,17,,,,,,,,,,,,,,,,,,,0,0,000000000,00000000000,0,0,0,1,0,0,0,0,0,0,0,998,0,0,0,12,6,2,12,0,0,0,1,29,64119,2,1,0,0,2,0,71,180,0,6,0,0,0,3,2010,8,2012,0,38,0,0,0,1,2,25,1,6,2,98,0,0,1,67,3,2,1,69,1,0
29,290712,2,2,1,22,11,16,57,12,2,1,0,29,2,2,403,2403,14,2006,1J4FA39S76P7,1,J,4,F,A,3,9,S,7,6,P,7,0,T,JEEP,WXR,2W,6,17,,1,0,934,WRA,G,,,6,244,,,,,3331,00,E,44,0,0,000000000,00000000000,0,0,0,1,0,0,0,0,0,0,0,998,0,0,0,12,6,2,12,0,0,0,1,29,64118,6,1,0,0,3,0,65,160,0,0,0,1,0,9,2011,9,2011,0,39,0,0,0,1,2,25,1,6,2,98,20,3,11,15,1,1,1,68,0,0
29,290713,1,2,1,2,12,0,23,8,0,1,0,29,1,49,403,49403,14,2010,5TDJK3EH3AS0,5,T,D,J,K,3,E,H,3,A,S,0,0,P,TOYT,HIG,UT,10,17,0,,0,1220,,G,,F,6,214,,,20R275,,,,,,0,0,000000000,00000000000,0,0,0,1,0,0,0,0,0,0,0,998,0,0,0,12,6,2,8,0,0,0,1,29,64015,6,1,0,0,3,0,69,190,0,0,0,0,0,0,0,0,0,0,0,0,0,0,3,4,45,1,1,2,1,0,0,1,80,1,1,1,13,0,0
29,290713,2,2,4,2,12,0,23,8,0,1,0,29,1,7,472,7472,30,2005,1D7HW48N65S2,1,D,7,H,W,4,8,N,6,5,S,2,0,T,DODG,DQS,CW,5,17,,2,0,1309,DAK,G,,,8,287,,,,B,4430,00,E,44,0,0,000000000,00000000000,0,0,0,1,0,0,0,0,0,0,0,998,0,0,0,12,6,2,12,0,0,0,1,29,64057,6,1,0,0,3,0,61,130,0,0,0,1,0,6,2010,6,2010,0,0,0,0,0,3,4,45,1,1,2,1,0,0,1,51,1,1,1,98,0,0
29,290714,1,1,3,12,12,1,15,35,0,1,0,29,1,20,20,20020,4,1990,2G1WN54T0L92,2,G,1,W,N,5,4,T,0,L,9,2,0,P,CHEV,EUR,4D,90,17,3042,,0,1075,,G,,F,6,191,,,15R195,,,,,,0,0,000000000,00000000000,0,0,0,1,0,0,0,0,0,0,0,64,0,0,0,12,6,2,35,0,0,0,1,29,65724,6,1,0,0,3,0,69,149,0,0,0,0,0,0,0,0,0,1,0,0,0,0,1,2,55,3,4,2,1,0,0,14,13,1,3,4,2,1,1
29,290715,1,2,1,13,12,8,40,12,6,1,0,29,1,12,481,12481,31,2006,1FTRF12276NA,1,F,T,R,F,1,2,2,7,6,N,A,0,T,FORD,F15,PK,6,17,,2,1450,1260,COF,G,,,6,256,,,,B,4615,02,E,42,0,0,000000000,00000000000,0,0,0,1,0,0,0,0,0,0,0,998,0,0,0,9,6,2,12,0,0,0,1,29,64747,6,1,0,0,3,0,70,170,0,0,0,0,0,0,0,0,0,0,38,39,0,0,1,2,35,1,1,2,1,20,3,1,17,1,1,1,89,1,0
29,290715,2,2,1,13,12,8,40,12,6,1,0,20,3,7,442,7442,20,2010,2D4RN1AEXAR4,2,D,4,R,N,1,A,E,X,A,R,4,0,T,DODG,GVC,CG,10,17,,2,0,1212,CAR,F,,,6,201,,,,,4321,00,3,42,0,0,000000000,00000000000,0,0,0,1,0,0,0,0,0,0,0,998,0,0,0,12,6,2,12,0,0,0,1,20,66210,6,1,0,0,3,0,67,172,0,0,0,0,0,0,0,0,0,0,0,0,0,0,2,2,70,1,1,1,1,0,0,1,66,1,1,1,88,0,0
29,290716,1,1,2,17,11,15,35,35,0,1,0,29,4,12,17,12017,4,2002,1FAFP58U42A2,1,F,A,F,P,5,8,U,4,2,A,2,0,P,FORD,TSE,SW,2,17,3502,,0,1085,,G,,F,6,182,,,16R215,,,,,,0,0,000000000,00000000000,0,0,0,1,0,0,0,0,0,0,0,57,0,1,5,12,6,2,1,0,0,0,1,20,67218,2,1,0,0,2,0,70,179,0,0,0,0,0,0,0,0,0,1,6,0,0,0,1,2,55,3,6,2,1,0,0,14,13,1,1,4,1,1,1
29,290717,1,1,1,23,11,2,57,8,0,1,0,92,0,37,32,37032,2,2002,1HGCG22582A0,1,H,G,C,G,2,2,5,8,2,A,0,0,P,HOND,UEX,CP,2,17,3283,,0,1051,,G,,F,6,183,,,16R205,,,,,,0,0,000000000,00000000000,0,0,0,1,0,0,0,0,0,0,0,29,0,0,0,12,6,2,8,0,0,0,1,29,63109,6,1,0,0,3,0,73,140,0,0,0,0,1,10,2011,10,2011,0,91,0,0,0,1,4,35,1,1,2,1,0,0,1,80,1,1,1,13,0,1
29,290718,1,2,1,3,12,7,54,12,2,1,0,29,1,2,404,2404,14,2004,1J4GX58N14C4,1,J,4,G,X,5,8,N,1,4,C,4,0,T,JEEP,LMT,4W,4,17,,1,0,1059,GCK,G,,,8,287,,,,,3789,00,E,42,0,0,000000000,00000000000,0,0,0,1,0,0,0,0,0,0,0,998,0,0,0,12,6,2,12,0,0,0,1,29,65349,6,1,0,0,3,3,63,165,0,0,0,1,0,11,2010,11,2010,1,28,0,0,0,1,2,55,3,3,2,2,0,0,14,10,1,1,2,50,1,0
29,290718,2,2,1,3,12,7,54,12,2,1,0,29,1,2,404,2404,14,1993,1J4GZ78S4PC1,1,J,4,G,Z,7,8,S,4,P,C,1,0,T,JEEP,LMT,4W,93,17,,1,0,1059,GCK,G,,,6,242,,,,,3574,00,B,44,0,0,000000000,00000000000,0,0,0,1,0,0,0,0,0,0,0,998,0,0,0,12,6,2,12,0,0,0,1,29,65330,6,1,0,0,3,0,74,225,0,0,0,0,0,0,0,0,0,0,0,0,0,0,1,2,55,2,3,2,2,0,0,14,62,7,1,1,51,1,0
29,290719,1,2,1,7,12,3,0,12,2,1,0,29,2,35,402,35402,14,2004,5N1ED28Y54C6,5,N,1,E,D,2,8,Y,5,4,C,6,0,P,NISS,XTR,UT,4,17,3924,,0,1043,,G,,F,6,201,,,16R265,,,,,,0,0,000000000,00000000000,0,0,0,1,0,0,0,0,0,0,0,998,0,0,0,12,6,2,12,0,0,0,1,29,63122,6,2,0,0,3,2,64,112,0,0,0,1,0,9,2010,9,2010,0,51,73,0,0,3,2,70,3,1,2,1,0,0,14,54,1,1,1,52,1,1
29,290719,2,2,1,7,12,3,0,12,2,1,0,93,3,98,806,98806,63,2009,5PVNV8JT194S,5,P,V,N,V,8,J,T,1,9,4,S,0,T,HINO,338,CC,9,17,,7,0,0,HIN,D,,,6,469,,,,,00000,00,,42,0,57,00100835,5700100835,3,1,1,1,0,0,0,0,0,0,0,998,0,0,0,12,6,2,2,0,0,1,1,29,63376,6,1,6,0,3,0,74,290,0,0,0,0,0,0,0,0,0,0,0,0,0,0,3,2,70,2,1,2,1,0,0,14,54,7,1,1,52,0,0
29,290720,1,1,1,7,12,22,15,52,0,1,0,29,1,12,17,12017,4,1996,1FALP52U0TA1,1,F,A,L,P,5,2,U,0,T,A,1,0,P,FORD,TAG,4D,96,17,3347,,0,1085,,G,,F,6,182,,,15R205,,,,,,0,0,000000000,00000000000,0,0,0,1,0,0,0,0,0,0,0,998,0,1,5,12,6,2,1,0,0,0,1,29,64012,6,1,0,0,3,0,66,150,0,0,0,2,0,5,2010,6,2010,0,0,0,0,0,1,2,45,1,1,2,1,0,0,1,10,1,1,4,6,1,1
29,290721,1,2,1,8,12,2,10,12,2,1,0,29,1,20,481,20481,31,2008,2GCEK19J0811,2,G,C,E,K,1,9,J,0,8,1,1,0,T,CHEV,SK1,4C,8,17,,2,1575,1339,SIL,G,,,8,323,,,,B,5226,02,,44,0,0,000000000,00000000000,0,0,0,1,0,0,0,0,0,0,0,58,0,0,0,12,6,2,12,0,0,0,1,29,65632,6,1,0,0,3,3,64,130,0,0,0,0,0,0,0,0,0,0,28,51,0,0,2,2,65,3,1,2,2,0,0,14,54,1,1,1,52,0,1
29,290721,2,2,1,8,12,2,10,12,2,1,0,29,2,2,404,2404,14,1998,1J4GZ78Y9WC2,1,J,4,G,Z,7,8,Y,9,W,C,2,0,T,JEEP,LMT,4W,98,17,,1,0,1059,GCK,G,,,8,318,,,,,3708,01,E,44,0,0,000000000,00000000000,0,0,0,1,0,0,0,0,0,0,0,998,0,1,5,12,6,2,1,0,0,0,1,29,65648,6,1,0,0,3,0,72,240,0,0,0,0,0,0,0,0,0,0,0,0,0,0,2,2,65,2,1,2,2,0,0,14,54,6,1,1,52,1,0
29,290722,1,1,2,8,12,4,50,57,0,1,0,93,3,85,881,85881,66,2012,1XKAD49X7CJ3,1,X,K,A,D,4,9,X,7,C,J,3,1,T,KW,T60,TR,12,17,,8,2600,1600,CON,D,,,6,915,,,,,00000,00,,64,1,57,054283,57054283,3,6,1,1,0,0,0,0,0,0,0,998,0,1,1,11,6,2,1,0,0,0,1,22,70065,6,1,6,0,3,0,67,175,0,2,0,0,0,4,2012,5,2012,0,0,0,0,0,3,2,70,2,6,2,2,0,0,14,12,1,1,4,6,1,0
29,290723,1,1,1,8,12,7,15,1,0,1,0,29,1,37,32,37032,4,2006,1HGCM56776A0,1,H,G,C,M,5,6,7,7,6,A,0,0,P,HOND,UEX,4D,6,17,3142,,0,1079,,G,,F,4,146,,,16R205,,,,,,0,0,000000000,00000000000,0,0,0,1,0,0,0,0,0,0,0,998,0,2,5,0,6,2,1,0,0,0,1,29,64078,6,1,0,0,3,0,69,190,0,0,0,2,0,1,2012,10,2012,1,0,0,0,0,1,2,55,3,1,2,1,0,0,14,13,1,1,4,1,1,0
29,290724,1,2,2,9,8,15,15,12,6,1,0,92,0,20,461,20461,21,2006,1GAHG39U4611,1,G,A,H,G,3,9,U,4,6,1,1,0,T,CHEV,E35,ES,6,17,,2,0,1550,EXP,G,,,8,366,,,,D,6330,00,,42,0,0,000000000,00000000000,0,0,0,1,0,0,0,0,0,0,0,998,0,0,0,81,6,2,12,0,0,0,1,29,65536,6,1,0,0,3,0,66,165,0,0,0,0,0,0,0,0,0,0,38,0,0,0,2,2,55,1,1,1,1,21,3,1,17,1,1,1,87,0,0
29,290724,2,2,2,9,8,15,15,12,6,1,0,92,0,49,441,49441,20,1989,JT4YR29V2K50,J,T,4,Y,R,2,9,V,2,K,5,0,0,P,TOYT,VWG,SV,89,17,0,,0,880,,G,,F,4,122,,,000000,,,,,,0,0,000000000,00000000000,0,0,0,1,0,0,0,0,0,0,0,998,0,0,0,1,6,2,12,0,0,0,1,29,63051,6,1,0,0,3,3,74,270,0,0,0,0,0,0,0,0,0,0,0,0,0,0,2,2,55,1,1,1,1,0,0,1,66,1,1,1,86,1,0
29,290725,1,2,1,10,11,13,29,12,6,1,0,29,1,7,482,7482,31,2011,1D7RV1GP9BS6,1,D,7,R,V,1,G,P,9,B,S,6,0,T,DODG,Q15,CW,11,17,,2,0,1400,RPC,G,,,8,287,,,,B,5200,00,K,44,0,0,000000000,00000000000,0,0,0,1,0,0,0,0,0,0,0,998,0,0,0,1,6,2,12,0,0,0,1,29,64804,6,1,0,0,3,3,74,215,0,0,0,0,0,0,0,0,0,1,38,0,0,0,1,2,45,1,6,2,1,0,0,11,15,10,1,1,68,0,0
29,290725,2,2,2,10,11,13,29,12,6,1,0,92,0,35,51,35051,6,2013,JN8AS5MTXDW5,J,N,8,A,S,5,M,T,X,D,W,5,0,P,NISS,ROG,UT,13,17,3276,,0,1059,,G,,F,4,153,,,16R215,,,,,,0,0,000000000,00000000000,0,0,0,1,0,0,0,0,0,0,0,998,0,0,0,12,6,2,12,0,0,0,1,29,64870,6,1,0,0,3,0,72,145,0,0,0,1,0,8,2010,8,2010,0,0,0,0,0,1,2,45,1,6,2,1,0,0,1,62,4,1,1,69,1,0
29,290726,1,2,2,9,12,19,40,12,6,1,0,29,1,63,402,63402,14,2005,KNDJC7330554,K,N,D,J,C,7,3,3,0,5,5,4,0,P,KIA,SOR,UT,5,17,4306,,0,1067,,G,,F,6,213,,,16R245,,,,,,0,0,000000000,00000000000,0,0,0,1,0,0,0,0,0,0,0,998,0,0,0,4,6,2,12,0,0,0,1,29,63664,6,1,0,0,3,3,68,122,0,0,0,0,0,0,0,0,0,1,58,0,0,0,1,2,55,1,5,2,2,0,0,1,6,1,1,2,64,1,0
29,290726,2,2,5,9,12,19,40,12,6,1,0,29,1,7,482,7482,31,2005,3D7KS28C35G7,3,D,7,K,S,2,8,C,3,5,G,7,0,T,DODG,SQ2,CW,5,17,,2,1605,1405,RPC,D,,,6,359,,,,C,5886,12,E,44,0,0,000000000,00000000000,0,0,0,1,0,0,0,0,0,0,0,998,0,0,0,12,6,2,12,0,0,0,1,29,63660,6,1,6,0,3,0,74,240,0,0,0,0,0,0,0,0,0,0,0,0,0,0,1,2,55,1,5,2,2,0,0,1,62,1,1,1,65,0,0
29,290727,1,3,2,12,12,8,5,12,1,1,9,29,2,6,441,6441,20,2001,2C4GP44G51R1,2,C,4,G,P,4,4,G,5,1,R,1,0,T,CHRY,TLX,ES,1,17,,1,0,1193,TWC,G,,,6,201,,,,,3993,00,,42,0,0,000000000,00000000000,0,0,0,1,0,0,0,0,0,0,0,998,0,0,0,12,6,2,12,0,0,0,1,29,63664,6,1,0,0,3,0,72,220,0,0,0,0,0,0,0,0,0,0,26,0,0,0,1,2,45,1,5,2,1,0,0,1,52,1,1,1,28,0,0
29,290727,2,3,1,12,12,8,5,12,1,1,0,29,1,12,13,12013,2,1996,1FASP11J3TW1,1,F,A,S,P,1,1,J,3,T,W,1,0,P,FORD,LXE,2H,96,17,2356,,0,984,,G,,F,4,113,,,14R175,,,,,,0,0,000000000,00000000000,0,0,0,1,0,0,0,0,0,0,0,998,0,0,0,6,6,2,12,0,0,0,1,29,63660,6,1,0,0,3,0,65,200,0,0,0,0,0,0,0,0,0,0,0,0,0,0,1,2,45,1,5,2,1,0,0,2,53,1,1,1,29,1,0
29,290727,3,3,1,12,12,8,5,12,1,1,0,29,1,20,481,20481,31,1998,1GCEK14R1WZ1,1,G,C,E,K,1,4,R,1,W,Z,1,0,T,CHEV,GK1,PK,98,17,,2,1315,1175,GM4,G,,,8,350,,,,B,4837,00,,44,0,0,000000000,00000000000,0,0,0,1,0,0,0,0,0,0,0,998,0,0,0,12,6,2,12,0,0,0,1,29,63664,6,1,0,0,3,0,68,190,0,0,0,0,0,0,0,0,0,0,0,0,0,0,1,2,45,1,6,2,1,0,0,1,62,1,1,1,98,0,0
29,290728,1,1,3,15,12,0,30,34,0,1,0,29,1,20,22,20022,2,2007,1G1AK15F3773,1,G,1,A,K,1,5,F,3,7,7,3,0,P,CHEV,BLS,CP,7,17,2991,,0,1033,,G,,F,4,134,,,15R195,,,,,,0,0,000000000,00000000000,0,0,0,1,0,0,0,0,0,0,0,998,0,1,5,5,6,2,1,0,0,0,1,29,65401,6,2,0,0,3,2,63,130,0,0,1,0,0,10,2011,10,2011,1,58,73,0,0,3,2,70,2,1,2,2,0,0,14,6,6,4,4,2,2,0