STATE,ST_CASE,VEH_NO,VE_FORMS,NUMOCCS,DAY,MONTH,HOUR,MINUTE,HARM_EV,MAN_COLL,UNITTYPE,HIT_RUN,REG_STAT,OWNER,MAKE,MODEL,MAK_MOD,BODY_TYP,MOD_YEAR,VIN,VIN_1,VIN_2,VIN_3,VIN_4,VIN_5,VIN_6,VIN_7,VIN_8,VIN_9,VIN_10,VIN_11,VIN_12,TOW_VEH,VINTYPE,VINMAKE,VINA_MOD,VIN_BT,VINMODYR,VIN_LNGT,VIN_WGT,WGTCD_TR,WHLBS_LG,WHLBS_SH,SER_TR,FUELCODE,MCYCL_DS,CARBUR,CYLINDER,DISPLACE,MCYCL_CY,MCYCL_WT,TIRE_SZE,TON_RAT,TRK_WT,TRKWTVAR,VIN_REST,WHLDRWHL,J_KNIFE,MCARR_I1,MCARR_I2,MCARR_ID,GVWR,V_CONFIG,CARGO_BT,HAZ_INV,HAZ_PLAC,HAZ_ID,HAZ_CNO,HAZ_REL,BUS_USE,SPEC_USE,EMER_USE,TRAV_SP,UNDERIDE,ROLLOVER,ROLINLOC,IMPACT1,DEFORMED,TOWED,M_HARM,VEH_SC1,VEH_SC2,FIRE_EXP,DR_PRES,L_STATE,DR_ZIP,L_STATUS,L_TYPE,CDL_STAT,L_ENDORS,L_COMPL,L_RESTRI,DR_HGT,DR_WGT,PREV_ACC,PREV_SUS,PREV_DWI,PREV_SPD,PREV_OTH,FIRST_MO,FIRST_YR,LAST_MO,LAST_YR,SPEEDREL,DR_SF1,DR_SF2,DR_SF3,DR_SF4,VTRAFWAY,VNUM_LAN,VSPD_LIM,VALIGN,VPROFILE,VPAVETYP,VSURCOND,VTRAFCON,VTCONT_F,P_CRASH1,P_CRASH2,P_CRASH3,PCRASH4,PCRASH5,ACC_TYPE,DEATHS,DR_DRINK
29,290729,1,1,1,15,12,13,13,10,0,1,0,29,1,20,481,20481,31,1997,2GCEK19RXV12,2,G,C,E,K,1,9,R,X,V,1,2,0,T,CHEV,GK1,PC,97,17,,2,1555,1415,GM4,G,,,8,350,,,,B,4544,00,,44,0,0,000000000,00000000000,0,0,0,1,0,0,0,0,0,0,0,998,0,0,0,5,6,2,10,0,0,0,1,29,64093,6,1,0,0,3,3,73,175,0,0,0,0,0,0,0,0,0,0,39,0,0,0,1,2,40,2,1,4,1,65,3,14,90,1,1,1,15,1,0
29,290730,1,1,1,16,12,3,15,8,0,1,0,17,1,12,481,12481,31,1993,1FTDF15R2PLA,1,F,T,D,F,1,5,R,2,P,L,A,0,T,FORD,F15,PK,93,17,,1,1330,1170,COF,G,,,8,351,,,,B,00000,00,A,42,0,0,000000000,00000000000,0,0,0,1,0,0,0,0,0,0,0,998,0,0,0,12,6,2,8,0,0,0,1,17,62301,6,1,0,0,3,3,69,240,1,2,0,4,0,2,2011,5,2012,0,0,0,0,0,2,2,65,1,1,1,1,0,0,1,80,4,1,1,13,0,0
29,290731,1,1,1,17,12,19,24,42,0,1,0,29,1,7,442,7442,20,1996,2B4GP4432TR7,2,B,4,G,P,4,4,3,2,T,R,7,0,T,DODG,GCS,ES,96,17,,1,0,1193,CAR,G,,,6,181,,,,,3663,03,E,42,0,0,000000000,00000000000,0,0,0,1,0,0,0,0,0,0,0,998,0,1,5,12,6,2,42,0,0,0,1,29,63080,6,1,0,0,3,0,70,175,0,0,0,1,0,8,2011,8,2011,0,0,0,0,0,1,2,55,1,1,2,2,0,0,1,11,1,1,4,1,1,0
29,290732,1,1,1,1,11,1,15,30,0,1,0,20,1,18,2,18002,4,1997,1G4HR52KXVH4,1,G,4,H,R,5,2,K,X,V,H,4,0,P,BUIC,LLF,4D,97,17,3488,,0,1108,,G,,F,6,231,,,15R205,,,,,,0,0,000000000,00000000000,0,0,0,1,0,0,0,0,0,0,0,998,0,1,5,5,6,2,1,0,0,0,1,29,64048,6,1,0,0,3,0,71,200,0,0,0,0,0,0,0,0,0,1,0,0,0,0,1,4,35,3,1,2,1,0,0,14,6,1,4,4,2,1,1
29,290733,1,1,2,17,12,17,13,10,0,1,0,4,1,35,43,35043,4,2006,3N1CB51D46L5,3,N,1,C,B,5,1,D,4,6,L,5,0,P,NISS,S18,4D,6,17,2509,,0,998,,G,,F,4,108,,,15R195,,,,,,0,0,000000000,00000000000,0,0,0,1,0,0,0,0,0,0,0,998,0,0,0,3,6,2,10,0,0,0,1,4,65705,6,1,0,0,3,0,70,199,0,0,0,0,0,0,0,0,0,0,38,0,0,0,1,2,25,1,5,2,1,65,3,1,90,1,1,1,15,1,1
29,290734,1,1,1,18,12,7,0,24,0,1,0,29,1,12,481,12481,31,2003,1FTRX18L33NA,1,F,T,R,X,1,8,L,3,3,N,A,0,T,FORD,F15,4C,3,17,,2,1574,1388,COF,G,,,8,330,,,,B,4640,00,U,44,0,0,000000000,00000000000,0,0,0,1,0,0,0,0,0,0,0,998,0,1,5,12,6,2,1,0,0,0,1,29,65734,6,1,0,0,3,0,72,260,0,0,0,0,0,0,0,0,0,1,0,0,0,0,3,2,70,1,1,2,1,0,0,1,6,1,1,4,1,1,0
29,290735,1,2,1,19,12,8,10,12,6,1,0,93,3,85,881,85881,66,1999,1XKDD69X7XR7,1,X,K,D,D,6,9,X,7,X,R,7,1,T,KW,T80,TR,99,17,,8,2600,1600,CON,D,,,6,855,,,,,00000,00,,64,1,57,003942,57003942,3,6,1,1,0,0,0,0,0,0,0,63,0,0,0,12,6,2,12,0,0,0,1,29,64747,6,1,6,3,3,3,69,160,0,0,0,0,0,0,0,0,0,0,0,0,0,0,2,2,65,1,3,2,1,0,0,1,66,3,2,1,86,0,0
29,290735,2,2,1,19,12,8,10,12,6,1,0,29,1,12,37,12037,4,2011,1FAHP3FN9BW1,1,F,A,H,P,3,F,N,9,B,W,1,0,P,FORD,FSE,4D,11,17,2623,,0,1029,,G,,F,4,122,,,15R195,,,,,,0,0,000000000,00000000000,0,0,0,1,0,0,0,0,0,0,0,14,0,0,0,3,6,2,12,0,0,0,1,29,65640,6,1,0,0,3,0,64,300,0,0,0,0,0,0,0,0,0,0,38,0,0,0,1,2,55,2,3,2,1,21,3,4,17,1,1,1,87,1,0
29,290736,1,2,1,19,12,17,40,12,2,1,0,29,1,35,401,35401,14,2007,5N1AR18W77C6,5,N,1,A,R,1,8,W,7,7,C,6,0,P,NISS,PFI,UT,7,17,4505,,0,1122,,G,,F,6,244,,,16R245,,,,,,0,0,000000000,00000000000,0,0,0,1,0,0,0,0,0,0,0,56,0,0,0,12,6,2,12,0,0,0,1,29,64850,6,1,6,3,3,0,67,190,0,0,0,0,0,0,0,0,0,0,27,0,0,0,1,2,55,2,6,2,1,0,0,14,52,6,1,2,50,0,0
29,290736,2,2,1,19,12,17,40,12,2,1,0,29,2,20,37,20037,4,2009,1G1ZK57769F1,1,G,1,Z,K,5,7,7,6,9,F,1,0,P,CHEV,M/Z,4D,9,17,3649,,0,1123,,G,,F,6,220,,,18R225,,,,,,0,0,000000000,00000000000,0,0,0,1,0,0,0,0,0,0,0,56,0,0,0,12,6,2,12,0,0,0,1,29,64804,6,1,0,0,3,3,63,130,0,0,0,0,0,0,0,0,0,0,0,0,0,0,1,2,55,3,5,2,1,0,0,14,62,1,1,1,51,1,0
29,290737,1,1,1,20,12,99,99,42,0,1,0,29,2,12,481,12481,31,1997,1FTDF1721VNA,1,F,T,D,F,1,7,2,1,V,N,A,6,T,FORD,F15,PK,97,17,,1,1390,1200,COF,G,,,6,256,,,,B,3850,01,E,42,2,0,000000000,00000000000,0,0,0,1,0,0,0,0,0,0,0,998,0,1,5,12,6,2,1,0,0,0,1,29,63071,1,1,0,0,2,3,73,180,0,1,0,1,0,4,2012,11,2012,1,58,0,0,0,1,2,55,3,6,2,1,0,0,14,6,1,4,4,7,1,1
29,290738,1,2,2,20,12,18,45,12,6,1,0,29,1,7,43,7043,4,1999,1B3EJ46X7XN6,1,B,3,E,J,4,6,X,7,X,N,6,0,P,DODG,STR,4D,99,17,2857,,0,1080,,G,,F,4,148,,,14R195,,,,,,0,0,000000000,00000000000,0,0,0,1,0,0,0,0,0,0,0,998,0,0,0,3,6,2,12,0,0,0,1,29,63091,6,1,0,0,3,0,64,150,0,0,0,0,0,0,0,0,0,1,28,0,0,0,1,2,55,1,5,2,3,0,0,1,5,1,1,2,64,2,0
29,290738,2,2,2,20,12,18,45,12,6,1,0,29,1,23,481,23481,31,2012,1GT120C88CF1,1,G,T,1,2,0,C,8,8,C,F,1,0,T,GMC,3NK,CW,12,17,,2,1677,1537,SIE,D,,,8,403,,,,C,7208,02,E,44,0,0,000000000,00000000000,0,0,0,1,0,0,0,0,0,0,0,998,0,0,0,12,6,2,12,0,0,0,1,29,65014,6,1,6,3,3,0,75,230,3,0,0,1,1,12,2011,4,2012,0,0,0,0,0,1,2,55,1,6,2,3,0,0,1,62,1,1,1,65,0,0
29,290739,1,2,1,22,12,4,40,12,2,1,0,29,1,20,25,20025,4,2011,1G1PE5S9XB72,1,G,1,P,E,5,S,9,X,B,7,2,0,P,CHEV,CZT,4D,11,17,3102,,0,1057,,G,,T,4,085,,,16R215,,,,,,0,0,000000000,00000000000,0,0,0,1,0,0,0,0,0,0,0,998,0,0,0,12,6,2,12,0,0,1,1,29,65712,6,1,0,0,3,3,71,190,0,0,0,0,0,0,0,0,0,0,28,0,0,0,1,2,55,3,6,2,1,0,0,14,10,1,1,2,50,0,0
29,290739,2,2,1,22,12,4,40,12,2,1,0,29,2,20,2,20002,4,2009,2G1WT57K1911,2,G,1,W,T,5,7,K,1,9,1,1,0,P,CHEV,ILT,4D,9,17,3555,,0,1105,,F,,F,6,214,,,16R225,,,,,,0,0,000000000,00000000000,0,0,0,1,0,0,0,0,0,0,0,998,0,0,0,12,6,2,12,0,0,0,1,29,64862,6,1,0,0,3,3,63,140,0,0,0,0,0,0,0,0,0,0,0,0,0,0,1,2,55,3,5,2,1,0,0,14,62,1,1,1,51,1,0
29,290740,1,1,1,23,12,16,10,38,0,1,0,29,2,24,1,24001,4,1996,1G8ZK5276TZ3,1,G,8,Z,K,5,2,7,6,T,Z,3,0,P,STRN,SL2,4D,96,17,2350,,0,1024,,G,,F,4,116,,,15R185,,,,,,0,0,000000000,00000000000,0,0,0,1,0,0,0,0,0,0,0,998,0,0,0,12,6,2,42,0,0,0,1,29,65803,1,1,0,0,2,0,69,205,0,0,0,0,0,0,0,0,0,1,0,0,0,0,1,2,45,1,6,2,1,0,0,1,12,1,2,4,7,1,0
29,290741,1,2,0,17,12,21,40,12,1,1,0,29,6,19,3,19003,4,1996,1G6KD52Y5TU2,1,G,6,K,D,5,2,Y,5,T,U,2,0,P,CADI,DFW,4D,96,17,3758,,0,1138,,G,,F,8,279,,,15R225,,,,,,0,0,000000000,00000000000,0,0,0,1,0,0,0,0,0,0,0,998,0,0,0,6,6,2,12,0,0,0,0,0,99997,7,6,97,7,6,7,998,997,998,998,998,998,998,98,9998,98,9998,8,0,0,0,0,1,2,55,1,1,2,1,0,0,0,53,0,0,0,32,0,0
29,290741,2,2,1,17,12,21,40,12,1,1,0,29,1,9,442,9442,20,1998,1P4GP44G1WB6,1,P,4,G,P,4,4,G,1,W,B,6,0,T,PLYM,GSX,ES,98,17,,1,0,1193,VOF,F,,,6,201,,,,,3675,00,E,42,0,0,000000000,00000000000,0,0,0,1,0,0,0,0,0,0,0,998,0,0,0,12,6,2,8,0,0,0,1,29,63447,6,1,0,0,3,3,68,250,0,0,0,0,0,0,0,0,0,0,6,0,0,0,1,2,55,1,1,2,1,0,0,1,50,1,1,1,32,0,0
29,290742,1,2,2,21,12,12,32,12,6,1,0,29,1,19,3,19003,4,1999,1G6KD54Y3XU7,1,G,6,K,D,5,4,Y,3,X,U,7,0,P,CADI,DFW,4D,99,17,4012,,0,1138,,G,,F,8,279,,,16R225,,,,,,0,0,000000000,00000000000,0,0,0,1,0,0,0,0,0,0,0,998,0,0,0,3,6,2,12,0,0,0,1,29,65793,6,1,0,0,3,3,68,150,0,0,0,0,0,0,0,0,0,0,38,0,0,0,1,2,45,1,1,2,1,0,0,11,10,1,1,1,68,1,0
29,290742,2,2,2,21,12,12,32,12,6,1,0,29,1,20,481,20481,31,1996,2GCEK19R6T12,2,G,C,E,K,1,9,R,6,T,1,2,0,T,CHEV,GK1,PC,96,17,,2,1555,1415,GM4,G,,,8,350,,,,B,4495,08,,44,0,0,000000000,00000000000,0,0,0,1,0,0,0,0,0,0,0,998,0,0,0,12,4,3,12,0,0,0,1,29,65689,6,1,0,0,3,3,69,160,0,0,0,0,0,0,0,0,0,0,0,0,0,0,1,2,45,1,1,2,1,0,0,1,62,4,1,1,69,0,0
29,290743,1,1,1,26,12,13,50,42,0,1,0,29,2,22,18,22018,4,1996,1G2NE52MXTC7,1,G,2,N,E,5,2,M,X,T,C,7,0,P,PONT,GAS,4D,96,17,2719,,0,1034,,G,,F,6,191,,,14R195,,,,,,0,0,000000000,00000000000,0,0,0,1,0,0,0,0,0,0,0,998,0,1,5,6,6,2,1,0,0,0,1,29,65560,6,1,6,0,3,0,71,272,0,0,0,0,0,0,0,0,0,0,0,0,0,0,1,2,55,3,5,2,1,0,0,14,10,6,3,4,7,1,1
29,290744,1,2,1,25,10,18,47,12,6,1,0,29,1,12,443,12443,20,2005,2FMDA582X5BA,2,F,M,D,A,5,8,2,X,5,B,A,0,P,FORD,FRE,SV,5,17,4275,,0,1208,,G,,F,6,256,,,16R235,,,,,,0,0,000000000,00000000000,0,0,0,1,0,0,0,0,0,0,0,998,0,0,0,9,6,2,12,0,0,0,1,29,63134,6,1,0,0,3,0,67,240,0,0,0,0,0,0,0,0,0,0,38,48,0,0,1,2,40,1,1,2,2,0,0,12,98,1,1,1,98,1,0
29,290744,2,2,1,25,10,18,47,12,6,1,0,29,3,84,881,84881,62,2005,1HTMMAAM45H1,1,H,T,M,M,A,A,M,4,5,H,1,0,T,INTL,430,CC,5,17,,6,0,0,40S,D,,,6,466,,,,,00000,00,,42,0,57,737340,57737340,2,1,3,1,0,0,0,0,0,0,0,998,0,0,0,12,6,2,12,0,0,0,1,29,63114,6,1,0,0,3,0,68,165,0,0,0,0,1,12,2009,12,2009,0,0,0,0,0,1,2,40,1,1,2,2,0,0,1,63,3,2,1,98,0,0
29,290745,1,1,1,28,12,17,35,1,0,1,0,40,1,12,471,12471,30,2001,1FTYR14U21PA,1,F,T,Y,R,1,4,U,2,1,P,A,0,T,FORD,RNS,PC,1,17,,1,0,1257,RNG,G,,,6,182,,,,B,3271,00,U,42,0,0,000000000,00000000000,0,0,0,1,0,0,0,0,0,0,0,998,0,1,5,0,6,2,1,0,0,0,1,40,73132,6,1,0,0,3,3,72,215,0,0,0,0,0,0,0,0,0,0,0,0,0,0,3,2,70,1,1,1,1,0,0,1,13,7,2,4,2,1,0
29,290746,1,1,1,10,12,14,20,46,0,1,0,29,1,12,481,12481,31,2004,1FTRF14554NA,1,F,T,R,F,1,4,5,5,4,N,A,0,T,FORD,F15,PK,4,17,,2,1450,1260,COF,G,,,8,330,,,,B,5110,00,U,44,0,0,000000000,00000000000,0,0,0,1,0,0,0,0,0,0,0,998,0,0,0,12,6,2,46,0,0,0,1,29,65742,6,1,0,0,3,0,70,180,0,0,0,1,0,7,2012,7,2012,0,0,0,0,0,5,4,35,1,1,2,1,3,3,1,13,1,1,4,1,1,1
29,290747,1,1,3,30,12,2,15,1,0,1,0,29,2,7,482,7482,31,2008,3D7KS28A58G1,3,D,7,K,S,2,8,A,5,8,G,1,0,T,DODG,SQ2,CW,8,17,,2,1605,1405,RPC,D,,,6,408,,,,C,6034,00,E,44,0,0,000000000,00000000000,0,0,0,1,0,0,0,0,0,0,0,998,0,1,5,0,6,2,1,0,0,0,1,29,64681,6,1,0,0,3,0,69,140,1,0,0,0,0,5,2010,5,2010,1,0,0,0,0,1,2,55,1,6,2,4,0,0,1,5,1,4,4,7,1,1
29,290748,1,1,1,31,12,17,35,32,0,1,0,18,3,82,881,82881,66,2005,1FUJA6CK95PU,1,F,U,J,A,6,C,K,9,5,P,U,1,T,FRHT,COL,TR,5,17,,8,0,0,CON,D,,,6,858,,,,,00000,00,,64,1,57,54283,5754283,3,6,1,1,0,0,0,0,0,0,0,70,0,0,0,12,6,2,32,0,0,0,1,47,38301,6,1,6,0,3,3,69,210,0,0,0,0,0,0,0,0,0,0,0,0,0,0,2,2,70,1,1,2,2,0,0,1,13,1,1,4,1,1,0
29,290749,1,2,1,8,11,5,30,12,1,1,0,29,2,49,40,49040,4,2005,4T1BF30K65U0,4,T,1,B,F,3,0,K,6,5,U,0,0,P,TOYT,XLL,4D,5,17,3108,,0,1071,,G,,F,6,183,,,15R205,,,,,,0,0,000000000,00000000000,0,0,0,1,0,0,0,0,0,0,0,998,0,0,0,12,6,2,12,0,0,0,1,29,63034,6,2,0,0,3,0,71,185,1,0,0,0,0,6,2012,6,2012,0,81,0,0,0,3,3,55,1,3,1,1,0,0,1,50,4,1,1,32,0,0
29,290749,2,2,1,8,11,5,30,12,1,1,0,29,2,49,40,49040,4,2002,4T1BE32K52U5,4,T,1,B,E,3,2,K,5,2,U,5,0,P,TOYT,LXS,4D,2,17,3086,,0,1071,,G,,F,4,144,,,15R205,,,,,,0,0,000000000,00000000000,0,0,0,1,0,0,0,0,0,0,0,0,0,0,0,6,6,2,12,0,0,0,1,29,63034,6,1,0,0,3,0,65,218,1,0,0,2,0,4,2010,6,2012,0,54,0,0,0,3,3,55,1,3,1,1,0,0,7,53,1,1,1,32,0,0
29,290750,1,2,1,22,11,16,40,12,6,1,0,92,0,37,706,37706,80,2000,JH2RC4603YM2,J,H,2,R,C,4,6,0,3,Y,M,2,0,M,HOND,V8F,RC,0,17,,,,,,,782,,4,,4,459,,,,,,,0,0,000000000,00000000000,0,0,0,1,0,0,0,0,0,0,0,998,0,0,0,12,6,2,12,0,0,1,1,29,63116,2,1,0,0,2,0,68,210,4,15,0,2,2,12,2010,11,2012,1,28,0,0,0,1,4,30,1,1,2,1,0,0,1,10,1,1,2,64,1,1
29,290750,2,2,2,22,11,16,40,12,6,1,0,29,3,37,31,37031,2,2003,1HGEM21003L0,1,H,G,E,M,2,1,0,0,3,L,0,0,P,HOND,UAX,CP,3,17,2553,,0,1031,,G,,F,4,102,,,14R185,,,,,,0,0,000000000,00000000000,0,0,0,1,0,0,0,0,0,0,0,998,0,0,0,3,6,2,12,0,0,0,1,29,63123,6,2,0,0,2,0,64,115,0,0,0,0,0,0,0,0,0,0,0,0,0,0,1,4,30,1,1,2,1,0,0,1,62,99,1,1,65,0,0
29,290752,1,1,1,12,12,2,17,1,0,1,0,29,2,38,405,38405,14,2004,4S2DE58Y8446,4,S,2,D,E,5,8,Y,8,4,4,6,0,P,ISU,AXM,UT,4,17,4004,,0,1064,,G,,F,6,213,,,000000,,,,,,0,0,000000000,00000000000,0,0,0,1,0,0,0,0,0,0,0,998,0,1,5,0,6,2,1,0,0,0,1,29,65721,6,2,0,0,2,0,71,210,0,1,0,4,0,8,2010,3,2011,1,58,0,0,0,2,2,65,1,1,1,1,0,0,6,13,7,3,4,2,1,1
29,290753,1,1,1,15,12,17,58,8,0,1,0,29,2,20,401,20401,14,2000,1GNCT18W3YK2,1,G,N,C,T,1,8,W,3,Y,K,2,0,P,CHEV,BZR,UT,0,17,3848,,0,1005,,G,,F,6,262,,,15R205,,,,,,0,0,000000000,00000000000,0,0,0,1,0,0,0,0,0,0,0,998,0,0,0,12,4,3,8,0,0,0,1,29,63115,6,1,0,0,3,3,71,180,0,0,0,1,0,8,2012,8,2012,0,0,0,0,0,1,4,35,1,1,2,1,0,0,1,80,1,1,1,13,0,0
29,290754,1,2,1,26,12,19,6,12,6,1,0,29,1,20,461,20461,21,2012,1GCSGAFX5C11,1,G,C,S,G,A,F,X,5,C,1,1,0,T,CHEV,E15,CG,12,17,,2,0,1350,EXP,G,,,6,262,,,,B,4918,00,,42,0,0,000000000,00000000000,0,0,0,1,0,0,0,0,0,0,0,10,0,0,0,12,6,2,12,0,0,0,1,29,64068,6,1,0,0,3,0,69,180,2,1,0,1,1,4,2011,11,2012,0,38,0,0,0,2,2,65,1,6,2,1,98,3,11,15,1,1,1,68,0,1
29,290754,2,2,1,26,12,19,6,12,6,1,0,92,0,63,37,63037,6,2012,KNDJT2A69C74,K,N,D,J,T,2,A,6,9,C,7,4,0,P,KIA,SOU,UT,12,17,2707,,0,1004,,G,,F,4,122,,,16R205,,,,,,0,0,000000000,00000000000,0,0,0,1,0,0,0,0,0,0,0,58,0,1,5,9,6,2,1,0,0,0,1,29,64133,9,9,99,9,9,9,999,999,99,99,99,99,99,99,9999,99,9999,0,0,0,0,0,2,2,65,1,6,2,1,0,0,1,66,1,1,1,69,1,0
29,290755,1,1,2,28,12,4,56,35,0,1,0,29,1,12,481,12481,31,2005,1FTSW21P55ED,1,F,T,S,W,2,1,P,5,5,E,D,0,T,FORD,F2S,CW,5,17,,2,1724,1562,SRW,D,,,8,366,,,,C,6538,00,E,44,0,0,000000000,00000000000,0,0,0,1,0,0,0,0,0,0,0,99,0,1,5,1,6,2,1,0,0,0,1,29,63348,2,1,5,0,2,0,73,175,0,2,0,0,0,6,2010,6,2010,0,58,0,0,0,1,2,55,1,1,2,1,0,0,1,13,7,4,4,2,1,1
29,290756,1,2,2,28,12,10,5,12,1,1,0,29,1,22,18,22018,4,2002,1G2NF52F22C1,1,G,2,N,F,5,2,F,2,2,C,1,0,P,PONT,SE1,4D,2,17,3116,,0,1070,,G,,F,4,134,,,15R215,,,,,,0,0,000000000,00000000000,0,0,0,1,0,0,0,0,0,0,0,98,0,0,0,6,6,2,12,0,0,0,1,29,63042,6,1,0,0,3,0,74,300,0,0,0,1,0,9,2012,9,2012,0,0,0,0,0,3,4,60,1,5,2,1,0,0,98,53,1,1,1,25,1,0
29,290756,2,2,1,28,12,10,5,12,1,1,0,92,0,87,881,87881,63,1997,1NPFLB9X0VN4,1,N,P,F,L,B,9,X,0,V,N,4,0,T,PTRB,378,CC,97,17,,8,0,0,CON,D,,,6,893,,,,,00000,00,,64,0,57,485154,57485154,3,1,97,1,0,0,0,0,0,0,0,60,0,0,0,12,6,2,12,0,0,0,1,29,63031,6,1,6,0,3,0,71,240,1,0,0,0,0,1,2011,1,2011,0,0,0,0,0,3,4,60,1,5,2,1,0,0,15,51,9,1,1,24,0,0
29,290757,1,2,1,28,12,12,45,12,6,1,0,29,1,12,401,12401,14,1996,1FMDU34X1TZA,1,F,M,D,U,3,4,X,1,T,Z,A,0,P,FORD,EPR,UT,96,17,4189,,0,1115,,G,,F,6,245,,,15R225,,,,,,0,0,000000000,00000000000,0,0,0,1,0,0,0,0,0,0,0,998,0,0,0,12,6,2,12,0,0,0,1,29,63028,6,1,0,0,3,0,71,170,0,0,0,0,0,0,0,0,0,0,0,0,0,0,2,2,65,1,1,2,1,0,0,1,66,8,2,1,88,0,0
29,290757,2,2,2,28,12,12,45,12,6,1,0,92,0,35,43,35043,4,2006,3N1CB51D56L5,3,N,1,C,B,5,1,D,5,6,L,5,0,P,NISS,S18,4D,6,17,2509,,0,998,,G,,F,4,108,,,15R195,,,,,,0,0,000000000,00000000000,0,0,0,1,0,0,0,0,0,0,0,998,0,0,0,10,6,2,12,0,0,0,1,29,63028,6,1,0,0,3,0,65,145,0,0,0,0,0,0,0,0,0,0,38,0,0,0,1,2,30,2,9,2,1,20,3,4,17,1,1,1,89,1,0
29,290758,1,1,1,29,12,23,0,34,0,1,0,29,1,12,481,12481,31,1999,1FTNW21S5XED,1,F,T,N,W,2,1,S,5,X,E,D,0,T,FORD,F2S,CW,99,17,,2,1724,1562,SRW,G,,,10,415,,,,C,5935,01,E,44,0,0,000000000,00000000000,0,0,0,1,0,0,0,0,0,0,0,998,0,1,5,12,6,2,1,0,0,0,1,29,65349,2,1,0,0,2,0,72,230,0,1,1,0,0,8,2012,12,2012,1,0,0,0,0,1,2,55,3,6,2,1,0,0,14,12,8,4,4,7,1,1
29,290759,1,2,1,29,12,23,55,12,2,1,0,29,2,20,403,20403,14,2006,1GNDT13S4622,1,G,N,D,T,1,3,S,4,6,2,2,0,P,CHEV,TRL,UT,6,17,4594,,0,1130,,G,,F,6,256,,,16R235,,,,,,0,0,000000000,00000000000,0,0,0,1,0,0,0,0,0,0,0,998,0,0,0,12,6,2,12,0,0,0,1,29,63056,6,1,6,0,3,0,65,140,0,0,0,1,0,10,2012,10,2012,0,28,0,0,0,1,2,55,2,6,2,1,0,0,14,10,1,1,4,50,0,0
29,290759,2,2,2,29,12,23,55,12,2,1,0,29,1,20,401,20401,14,2002,1GNDT13W02K2,1,G,N,D,T,1,3,W,0,2,K,2,0,P,CHEV,BZR,UT,2,17,4114,,0,1070,,G,,F,6,262,,,000000,,,,,,0,0,000000000,00000000000,0,0,0,1,0,0,0,0,0,0,0,998,0,0,0,12,6,2,12,0,0,0,1,29,63089,6,1,0,0,3,3,64,200,0,0,0,0,0,0,0,0,0,0,0,0,0,0,1,2,55,3,5,2,1,0,0,14,62,7,1,4,51,1,0
29,290760,1,2,1,30,12,1,57,12,1,1,0,29,2,20,471,20471,30,1999,1GCCS144XXK1,1,G,C,C,S,1,4,4,X,X,K,1,0,T,CHEV,S14,PK,99,17,,1,1179,1083,S,G,,,4,133,,,,B,3015,01,,42,0,0,000000000,00000000000,0,0,0,1,0,0,0,0,0,0,0,73,0,1,5,6,6,2,1,0,0,0,1,29,65793,6,1,0,0,3,0,71,180,0,0,0,1,0,4,2012,4,2012,0,0,0,0,0,2,2,65,4,6,1,1,0,0,14,53,1,1,1,25,1,0
29,290760,2,2,1,30,12,1,57,12,1,1,1,29,2,7,442,7442,20,2003,1D4GP25393B1,1,D,4,G,P,2,5,3,9,3,B,1,0,P,DODG,CAR,SV,3,17,3758,,0,1133,,F,,F,6,201,,,16R215,,,,,,0,0,000000000,00000000000,0,0,0,1,0,0,0,0,0,0,0,81,0,0,0,12,6,2,12,0,0,0,1,29,65711,6,1,0,0,3,0,72,260,0,0,0,0,0,0,0,0,0,0,26,0,0,0,2,2,65,4,6,1,1,0,0,14,51,1,1,1,24,0,1
29,290761,1,1,3,31,12,9,55,42,0,1,0,29,2,12,37,12037,4,2003,1FAFP36393W2,1,F,A,F,P,3,6,3,9,3,W,2,0,P,FORD,FST,SW,3,17,2564,,0,1030,,G,,F,4,121,,,14R185,,,,,,0,0,000000000,00000000000,0,0,0,1,0,0,0,0,0,0,0,998,0,1,5,9,6,2,42,0,0,0,1,29,63445,6,1,0,0,3,0,65,130,0,0,0,0,0,0,0,0,0,1,0,0,0,0,1,2,60,1,6,2,10,0,0,1,13,1,1,4,1,1,0
29,290762,1,1,2,13,10,18,50,43,0,1,0,29,1,22,8,22008,2,2006,6G2VX12U36L8,6,G,2,V,X,1,2,U,3,6,L,8,0,P,PONT,GTO,CP,6,17,3725,,0,1098,,G,,F,8,366,,,17R245,,,,,,0,0,000000000,00000000000,0,0,0,1,0,0,0,0,0,0,0,998,0,1,5,98,6,2,1,0,0,0,1,29,64506,6,1,0,0,3,0,68,135,2,0,0,2,1,7,2010,1,2012,1,0,0,0,0,1,2,40,1,1,2,2,0,0,1,5,1,4,4,7,1,0
29,290763,1,1,1,6,11,9,56,8,0,1,0,29,6,2,404,2404,14,2001,1J4GW58N81C7,1,J,4,G,W,5,8,N,8,1,C,7,0,T,JEEP,LMT,4W,1,17,,1,0,1059,GCK,G,,,8,287,,,,,3959,01,E,44,0,0,000000000,00000000000,0,0,0,1,0,0,0,0,0,0,0,998,0,0,0,98,4,3,8,0,0,0,0,0,99997,7,6,97,7,6,7,998,997,998,998,998,998,998,98,9998,98,9998,8,0,0,0,0,1,2,25,1,6,2,1,0,0,0,80,0,0,0,15,0,0