STATE,ST_CASE,VEH_NO,VE_FORMS,NUMOCCS,DAY,MONTH,HOUR,MINUTE,HARM_EV,MAN_COLL,UNITTYPE,HIT_RUN,REG_STAT,OWNER,MAKE,MODEL,MAK_MOD,BODY_TYP,MOD_YEAR,VIN,VIN_1,VIN_2,VIN_3,VIN_4,VIN_5,VIN_6,VIN_7,VIN_8,VIN_9,VIN_10,VIN_11,VIN_12,TOW_VEH,VINTYPE,VINMAKE,VINA_MOD,VIN_BT,VINMODYR,VIN_LNGT,VIN_WGT,WGTCD_TR,WHLBS_LG,WHLBS_SH,SER_TR,FUELCODE,MCYCL_DS,CARBUR,CYLINDER,DISPLACE,MCYCL_CY,MCYCL_WT,TIRE_SZE,TON_RAT,TRK_WT,TRKWTVAR,VIN_REST,WHLDRWHL,J_KNIFE,MCARR_I1,MCARR_I2,MCARR_ID,GVWR,V_CONFIG,CARGO_BT,HAZ_INV,HAZ_PLAC,HAZ_ID,HAZ_CNO,HAZ_REL,BUS_USE,SPEC_USE,EMER_USE,TRAV_SP,UNDERIDE,ROLLOVER,ROLINLOC,IMPACT1,DEFORMED,TOWED,M_HARM,VEH_SC1,VEH_SC2,FIRE_EXP,DR_PRES,L_STATE,DR_ZIP,L_STATUS,L_TYPE,CDL_STAT,L_ENDORS,L_COMPL,L_RESTRI,DR_HGT,DR_WGT,PREV_ACC,PREV_SUS,PREV_DWI,PREV_SPD,PREV_OTH,FIRST_MO,FIRST_YR,LAST_MO,LAST_YR,SPEEDREL,DR_SF1,DR_SF2,DR_SF3,DR_SF4,VTRAFWAY,VNUM_LAN,VSPD_LIM,VALIGN,VPROFILE,VPAVETYP,VSURCOND,VTRAFCON,VTCONT_F,P_CRASH1,P_CRASH2,P_CRASH3,PCRASH4,PCRASH5,ACC_TYPE,DEATHS,DR_DRINK
29,290764,1,2,2,7,12,17,34,8,0,1,0,29,1,14,17,14017,4,2004,1MEFM50U94A6,1,M,E,F,M,5,0,U,9,4,A,6,0,P,MERC,SGS,4D,4,17,3369,,0,1085,,G,,F,6,182,,,16R215,,,,,,0,0,000000000,00000000000,0,0,0,1,0,0,0,0,0,0,0,998,0,0,0,12,4,3,8,0,0,0,1,29,64137,6,1,0,0,3,0,65,135,0,0,0,0,0,0,0,0,0,0,0,0,0,0,3,2,65,1,1,2,1,0,0,1,80,1,1,1,13,0,0
29,290764,2,2,1,7,12,17,34,8,0,1,0,29,1,23,402,23402,14,2011,2CTFLXE50B63,2,C,T,F,L,X,E,5,0,B,6,3,0,T,GMC,TET,4W,11,17,,1,0,1125,TER,G,,,6,183,,,,,4049,00,S,44,0,0,000000000,00000000000,0,0,0,1,0,0,0,0,0,0,0,998,0,0,0,12,4,3,8,0,0,0,1,29,64506,6,1,0,0,3,0,64,120,0,0,0,0,0,0,0,0,0,0,0,0,0,0,3,2,65,1,1,2,1,0,0,1,80,1,1,1,98,0,0
29,290765,1,1,1,10,12,17,6,59,0,1,0,29,1,23,481,23481,31,1995,1GTEK14K7SZ5,1,G,T,E,K,1,4,K,7,S,Z,5,0,T,GMC,SK1,PK,95,17,,2,1315,1175,SIE,G,,,8,350,,,,B,4068,00,M,44,0,0,000000000,00000000000,0,0,0,1,0,0,0,0,0,0,0,998,0,2,5,7,6,2,1,0,0,0,1,29,65459,6,1,0,0,3,3,70,190,3,0,0,0,0,4,2010,8,2010,0,0,0,0,0,3,2,70,1,1,2,1,0,0,1,13,1,1,4,1,1,0
29,290766,1,2,1,30,12,0,19,12,7,1,0,29,2,37,705,37705,80,2006,JH2PC37026M3,J,H,2,P,C,3,7,0,2,6,M,3,0,M,HOND,B60,RC,6,17,,,,,,,599,,4,,4,361,,,,,,,0,0,000000000,00000000000,0,0,0,1,0,0,0,0,0,0,0,70,0,0,0,3,6,2,12,0,0,0,1,29,64111,1,1,0,0,2,0,74,205,0,1,0,1,0,3,2011,11,2012,1,0,0,0,0,5,4,35,1,1,2,1,0,0,1,72,8,2,1,69,1,1
29,290766,2,2,3,30,12,0,19,12,7,1,0,20,1,37,31,37031,3,1990,2HGED6352LH5,2,H,G,E,D,6,3,5,2,L,H,5,0,P,HOND,CID,2H,90,17,1927,,0,984,,G,,F,4,091,,,13R175,,,,,,0,0,000000000,00000000000,0,0,0,1,0,0,0,0,0,0,0,998,0,0,0,9,6,2,12,0,0,0,1,20,64134,6,1,0,0,3,0,62,115,0,0,0,0,0,0,0,0,0,0,0,0,0,0,0,0,0,0,0,0,0,0,0,11,15,99,1,1,68,0,0
29,290767,1,1,1,29,10,13,41,8,0,1,0,29,1,2,407,2407,14,2011,1J4NF1GB1BD1,1,J,4,N,F,1,G,B,1,B,D,1,0,T,JEEP,SPO,4W,11,17,,1,0,1037,PRT,G,,,4,146,,,,,3261,00,W,44,0,0,000000000,00000000000,0,0,0,1,0,0,0,0,0,0,0,998,0,0,0,6,2,1,8,0,0,0,1,29,63025,6,1,0,0,3,0,68,160,1,0,0,0,0,8,2011,8,2011,0,31,0,0,0,1,2,20,1,1,2,1,0,0,13,80,1,1,1,92,0,0
29,290768,1,1,2,4,11,18,14,8,0,1,0,29,2,20,22,20022,2,2007,1G1AL15F3772,1,G,1,A,L,1,5,F,3,7,7,2,0,P,CHEV,BLT,CP,7,17,2991,,0,1033,,G,,F,4,134,,,15R195,,,,,,0,0,000000000,00000000000,0,0,0,1,0,0,0,0,0,0,0,998,0,0,0,12,2,1,8,0,0,0,1,29,63071,6,1,0,0,3,0,61,130,1,0,0,0,0,9,2011,9,2011,0,0,0,0,0,1,2,55,1,1,2,1,0,0,1,80,3,2,1,13,0,0
29,290769,1,2,2,6,12,23,55,12,6,1,0,29,1,30,47,30047,3,2000,3VWCA21C0YM4,3,V,W,C,A,2,1,C,0,Y,M,4,0,P,VOLK,NGS,2H,0,17,2742,,0,989,,G,,F,4,121,,,16R205,,,,,,0,0,000000000,00000000000,0,0,0,1,0,0,0,0,0,0,0,998,0,0,0,11,6,2,12,0,0,0,1,29,65201,6,1,0,0,3,0,72,220,0,0,0,0,0,0,0,0,0,0,28,0,0,0,3,2,55,2,5,1,1,0,0,15,10,1,1,2,47,0,1
29,290769,2,2,3,6,12,23,55,12,6,1,0,29,2,12,481,12481,31,2000,1FTRX18L0YKB,1,F,T,R,X,1,8,L,0,Y,K,B,0,T,FORD,F15,4C,0,17,,2,1574,1388,COF,G,,,8,330,,,,B,4611,04,U,44,0,0,000000000,00000000000,0,0,0,1,0,0,0,0,0,0,0,998,0,1,5,5,6,2,1,0,0,0,1,29,65202,6,1,0,0,3,0,74,150,0,0,0,0,0,0,0,0,0,0,0,0,0,0,3,2,55,2,5,1,1,0,0,14,60,1,1,1,45,1,0
29,290770,1,2,2,31,12,15,48,8,0,1,0,92,0,2,403,2403,14,2004,1J4FA49S34P7,1,J,4,F,A,4,9,S,3,4,P,7,0,T,JEEP,SPW,2W,4,17,,1,0,934,W/T,G,,,6,244,,,,,3343,00,E,44,0,0,000000000,00000000000,0,0,0,1,0,0,0,0,0,0,0,998,0,0,0,12,6,2,8,0,0,0,1,29,64158,6,1,0,0,3,0,77,195,1,0,0,0,0,2,2010,2,2010,1,0,0,0,0,3,2,70,1,6,1,3,0,0,1,5,1,2,4,13,0,0
29,290770,2,2,0,31,12,15,48,8,0,1,0,19,6,20,37,20037,4,2010,1G1ZD5EB1AF2,1,G,1,Z,D,5,E,B,1,A,F,2,0,P,CHEV,ML2,4D,10,17,3436,,0,1123,,G,,F,4,146,,,17R215,,,,,,0,0,000000000,00000000000,0,0,0,1,0,0,0,0,0,0,0,998,0,0,0,6,6,2,12,0,0,0,0,0,99997,7,6,97,7,6,7,998,997,998,998,998,998,998,98,9998,98,9998,8,0,0,0,0,3,2,70,1,6,1,3,0,0,0,53,0,0,0,98,0,0
29,290771,1,2,1,15,10,21,7,12,2,1,0,29,2,22,16,22016,2,2002,1G2JB124X271,1,G,2,J,B,1,2,4,X,2,7,1,0,P,PONT,SFS,CP,2,17,2606,,0,1041,,G,,F,4,133,,,14R195,,,,,,0,0,000000000,00000000000,0,0,0,1,0,0,0,0,0,0,0,998,0,0,0,12,6,2,12,0,0,0,1,29,64119,6,2,0,0,3,2,66,135,0,0,0,1,1,12,2011,9,2012,0,35,73,0,0,1,2,55,1,1,2,1,0,0,6,54,1,1,2,50,0,1
29,290771,2,2,1,15,10,21,7,12,2,1,0,29,2,24,1,24001,4,2000,1G8ZK5271YZ2,1,G,8,Z,K,5,2,7,1,Y,Z,2,0,P,STRN,SL2,4D,0,17,2425,,0,1024,,G,,F,4,116,,,15R185,,,,,,0,0,000000000,00000000000,0,0,0,1,0,0,0,0,0,0,0,998,0,0,0,12,6,2,12,0,0,0,1,29,64089,6,1,0,0,3,0,72,160,1,0,0,0,0,9,2011,9,2011,0,0,0,0,0,1,2,55,1,1,2,1,0,0,1,62,1,1,1,51,1,0
29,290772,1,1,1,28,10,2,58,31,0,1,0,29,3,20,481,20481,31,1997,1FTEX17LXVKD,1,F,T,E,X,1,7,L,X,V,K,D,0,T,FORD,F15,3C,97,17,,2,1570,1390,COF,G,,,8,330,,,,B,4045,03,E,42,0,0,000000000,00000000000,0,0,0,1,0,0,0,0,0,0,0,998,0,0,0,12,6,2,31,0,0,1,1,29,63017,6,1,0,0,3,0,74,189,1,0,0,1,1,5,2010,7,2011,1,0,0,0,0,1,2,25,1,1,1,1,0,0,1,12,1,1,4,6,1,1
29,290774,1,1,3,28,12,3,3,42,0,1,0,29,9,20,481,20481,31,2007,1GCHK29D27E1,1,G,C,H,K,2,9,D,2,7,E,1,0,T,CHEV,2KH,4C,7,17,,2,1575,1435,SIL,D,,,8,403,,,,C,5659,02,,44,0,0,000000000,00000000000,0,0,0,1,0,0,0,0,0,0,0,998,0,0,0,12,6,2,42,0,0,0,1,29,64440,6,2,0,0,2,0,71,125,0,0,0,1,0,6,2012,6,2012,1,0,0,0,0,1,2,25,1,6,2,2,0,0,1,12,1,4,4,7,1,1
29,290775,1,2,1,29,12,16,51,12,2,1,0,29,3,20,461,20461,21,2012,1GCSGAFX5C12,1,G,C,S,G,A,F,X,5,C,1,2,0,T,CHEV,E15,CG,12,17,,2,0,1350,EXP,G,,,6,262,,,,B,4918,00,,42,0,0,000000000,00000000000,0,0,0,1,0,0,0,0,0,0,0,66,0,0,0,12,6,2,12,0,0,0,1,29,65807,6,1,0,0,3,0,74,205,1,0,0,1,0,9,2010,12,2012,1,28,0,0,0,1,2,55,1,1,2,1,0,0,1,10,1,1,2,50,1,0
29,290775,2,2,1,29,12,16,51,12,2,1,0,29,3,87,881,87881,66,2009,2NPLHN7XX9M7,2,N,P,L,H,N,7,X,X,9,M,7,1,T,PTRB,335,CC,9,17,,7,0,0,CON,D,,,6,506,,,,,00000,00,,42,1,57,650935,57650935,3,6,3,1,0,0,0,0,0,0,0,998,0,1,5,12,6,2,12,0,0,0,1,29,65613,6,1,6,0,3,0,77,207,0,0,0,0,0,0,0,0,0,0,0,0,0,0,1,2,55,1,1,2,1,0,0,1,62,7,1,1,51,0,0
29,290776,1,2,2,15,12,1,33,12,2,1,0,29,2,49,43,49043,4,2002,4T1BF28B72U2,4,T,1,B,F,2,8,B,7,2,U,2,0,P,TOYT,UVS,4D,2,17,3417,,0,1071,,G,,F,6,183,,,15R205,,,,,,0,0,000000000,00000000000,0,0,0,1,0,0,0,0,0,0,0,998,0,0,0,12,6,2,12,0,0,0,1,29,64124,6,1,0,0,3,3,61,130,0,0,0,0,0,0,0,0,0,0,51,0,0,0,3,3,55,2,1,2,2,0,0,14,54,1,1,1,52,1,1
29,290776,2,2,5,15,12,1,33,12,2,1,0,18,1,23,422,23422,15,2004,1GKFK66U84J1,1,G,K,F,K,6,6,U,8,4,J,1,0,T,GMC,DXL,4W,4,17,,2,0,1300,YUK,G,,,8,364,,,,B,5740,00,4,44,0,0,000000000,00000000000,0,0,0,1,0,0,0,0,0,0,0,998,0,0,0,12,6,2,12,0,0,0,1,18,46256,6,2,0,0,3,3,63,125,0,1,0,0,1,6,2010,10,2012,0,0,0,0,0,3,3,55,3,1,2,2,0,0,14,54,6,1,1,52,0,0
29,290777,1,1,2,7,12,21,44,8,0,1,0,29,2,12,37,12037,4,2003,1FAFP38313W1,1,F,A,F,P,3,8,3,1,3,W,1,0,P,FORD,FZT,4D,3,17,2564,,0,1030,,G,,F,4,121,,,16R205,,,,,,0,0,000000000,00000000000,0,0,0,1,0,0,0,0,0,0,0,998,0,0,0,12,4,3,8,0,0,0,1,29,63129,6,1,0,0,3,3,61,93,0,0,0,0,0,0,0,0,0,0,0,0,0,0,5,2,40,1,1,2,2,2,3,1,80,3,2,1,13,0,0
29,290778,1,1,1,25,12,21,55,42,0,1,0,92,0,12,481,12481,31,2000,1FTSW31F3YED,1,F,T,S,W,3,1,F,3,Y,E,D,0,T,FORD,F3S,CW,0,17,,2,1724,1562,SRW,D,,,8,444,,,,D,5942,07,E,44,0,0,000000000,00000000000,0,0,0,1,0,0,0,0,0,0,0,998,0,1,5,98,6,2,1,0,0,0,1,29,65240,2,1,0,0,2,0,70,165,1,2,1,0,1,6,2012,12,2012,1,58,0,0,0,1,2,35,1,1,4,1,0,0,1,6,7,1,4,6,1,1
29,290779,1,2,1,16,11,0,38,12,6,1,0,29,2,20,16,20016,2,1998,1G1JC1241WM1,1,G,1,J,C,1,2,4,1,W,M,1,0,P,CHEV,C/S,CP,98,17,2584,,0,1041,,G,,F,4,133,,,14R195,,,,,,0,0,000000000,00000000000,0,0,0,1,0,0,0,0,0,0,0,998,0,1,1,9,6,2,12,0,0,0,1,29,65802,6,2,0,0,3,0,62,105,0,0,0,1,0,4,2010,4,2010,0,38,0,0,0,1,2,25,1,1,1,1,20,3,11,15,1,1,1,68,1,1
29,290779,2,2,1,16,11,0,38,12,6,1,0,29,1,20,431,20431,16,1995,1GNFK16K5SJ3,1,G,N,F,K,1,6,K,5,S,J,3,0,P,CHEV,K15,UT,95,17,0,,0,1315,,G,,F,8,350,,,16R245,,,,,,0,0,000000000,00000000000,0,0,0,1,0,0,0,0,0,0,0,998,0,0,0,12,6,2,12,0,0,0,1,29,65803,2,1,0,0,2,0,68,140,0,0,0,0,0,0,0,0,0,0,0,0,0,0,2,2,40,1,1,1,1,0,0,1,67,1,1,1,69,0,1
29,290780,1,2,1,27,11,12,45,12,2,1,0,29,1,12,442,12442,20,2000,2FMZA5148YBA,2,F,M,Z,A,5,1,4,8,Y,B,A,0,T,FORD,WLX,ES,0,17,,1,0,1207,WIN,G,,,6,232,,,,B,3910,00,E,42,0,0,000000000,00000000000,0,0,0,1,0,0,0,0,0,0,0,998,0,0,0,12,6,2,12,0,0,0,1,29,64119,6,1,0,0,3,0,64,180,0,0,0,0,0,0,0,0,0,0,28,0,0,0,1,2,35,2,1,2,1,0,0,14,10,1,1,2,50,0,0
29,290780,2,2,2,27,11,12,45,12,2,1,0,29,1,20,37,20037,4,2003,1G1NE52J03M6,1,G,1,N,E,5,2,J,0,3,M,6,0,P,CHEV,M/L,4D,3,17,3106,,0,1070,,G,,F,6,191,,,15R215,,,,,,0,0,000000000,00000000000,0,0,0,1,0,0,0,0,0,0,0,998,0,0,0,12,6,2,12,0,0,0,1,29,64119,6,1,0,0,3,0,72,195,0,0,0,0,0,0,0,0,0,0,0,0,0,0,1,2,45,3,1,2,1,0,0,14,62,1,1,1,51,1,0
29,290781,1,1,1,23,12,4,0,59,0,1,0,29,2,20,36,20036,2,2003,2G1WW12EX391,2,G,1,W,W,1,2,E,X,3,9,1,0,P,CHEV,MLS,CP,3,17,3340,,0,1105,,G,,F,6,207,,,16R225,,,,,,0,0,000000000,00000000000,0,0,0,1,0,0,0,0,0,0,0,998,0,1,5,12,6,2,1,0,0,0,1,29,65201,1,1,0,0,2,0,71,233,0,1,1,0,0,11,2012,11,2012,1,0,0,0,0,1,2,35,2,1,2,2,0,0,14,10,1,4,4,7,1,1
29,290782,1,1,1,23,12,9,22,33,0,1,0,29,2,18,20,18020,4,2001,2G4WB55K2111,2,G,4,W,B,5,5,K,2,1,1,1,0,P,BUIC,RLS,4D,1,17,3438,,0,1090,,G,,F,6,231,,,15R215,,,,,,0,0,000000000,00000000000,0,0,0,1,0,0,0,0,0,0,0,998,0,0,0,12,6,2,3,0,0,0,1,29,64110,1,1,0,0,2,0,68,225,1,0,0,1,0,1,2012,3,2012,0,0,0,0,0,1,2,35,1,1,2,1,0,0,1,13,1,1,4,1,1,0
29,290783,1,2,1,21,7,17,2,12,2,1,0,92,0,76,703,76703,80,2005,JYACG20C55A0,J,Y,A,C,G,2,0,C,5,5,A,0,0,M,YAMA,Y25,MX,5,17,,,,,,,249,,1,,4,211,,,,,,,0,0,000000000,00000000000,0,0,0,1,0,0,0,0,0,0,0,998,0,0,0,12,6,2,12,0,0,0,1,29,64504,2,1,0,0,2,0,73,170,3,3,0,0,0,10,2009,1,2012,1,39,0,0,0,1,2,25,1,1,2,1,20,3,1,50,1,1,1,51,1,0
29,290783,2,2,4,21,7,17,2,12,2,1,0,29,1,12,481,12481,31,2003,1FTSW31P93EB,1,F,T,S,W,3,1,P,9,3,E,B,0,T,FORD,F3S,CW,3,17,,2,1724,1562,SRW,D,,,8,366,,,,D,6267,00,E,44,0,0,000000000,00000000000,0,0,0,1,0,0,0,0,0,0,0,0,0,0,0,12,6,2,12,0,0,0,1,29,64504,6,1,0,0,3,0,66,122,0,0,0,0,0,0,0,0,0,0,54,0,0,0,1,2,25,1,1,2,1,20,3,5,54,1,1,2,50,0,0
29,290784,1,3,4,28,11,15,52,12,6,1,0,29,5,20,481,20481,31,1996,1GCGK29R4TE1,1,G,C,G,K,2,9,R,4,T,E,1,0,T,CHEV,GK2,PC,96,17,,2,0,1555,GM4,G,,,8,350,,,,C,5742,00,,44,0,0,000000000,00000000000,0,0,0,1,0,0,0,0,0,0,0,998,0,0,0,12,6,2,12,0,0,0,1,29,64504,6,2,0,0,3,2,69,154,0,0,0,0,0,0,0,0,0,1,39,73,0,0,1,2,25,1,1,2,1,20,3,1,17,1,1,1,86,0,0
29,290784,2,3,1,28,11,15,52,12,6,1,0,29,1,9,442,9442,20,1996,2P4GP44RXTR7,2,P,4,G,P,4,4,R,X,T,R,7,0,T,PLYM,GVS,ES,96,17,,1,0,1193,VOF,G,,,6,201,,,,,3663,00,E,42,0,0,000000000,00000000000,0,0,0,1,0,0,0,0,0,0,0,998,0,0,0,3,6,2,12,0,0,0,1,29,64504,6,1,0,0,3,3,64,300,0,0,0,0,0,0,0,0,0,0,0,0,0,0,1,2,30,1,5,2,1,0,0,1,66,1,1,1,87,1,0
29,290784,3,3,1,28,11,15,52,12,6,1,0,29,1,37,32,37032,4,1999,JHMCG5640XC0,J,H,M,C,G,5,6,4,0,X,C,0,0,P,HOND,ULX,4D,99,17,3053,,0,1069,,G,,F,4,138,,,15R195,,,,,,0,0,000000000,00000000000,0,0,0,1,0,0,0,0,0,0,0,998,0,0,0,6,4,3,12,0,0,0,1,29,64503,6,1,0,0,3,3,64,135,0,0,0,0,0,0,0,0,0,0,0,0,0,0,1,2,25,1,1,2,1,0,0,1,66,1,1,1,98,0,0
29,290785,1,4,3,20,12,15,33,33,0,1,0,29,1,47,34,47034,4,1997,YS3CF68M9V10,Y,S,3,C,F,6,8,M,9,V,1,0,0,P,SAA,CST,4H,97,17,3310,,0,1052,,G,,T,4,140,,,15R205,,,,,,0,0,000000000,00000000000,0,0,0,1,0,0,0,0,0,0,0,998,0,0,0,12,6,2,12,0,0,0,1,29,63088,6,1,0,0,3,0,72,130,0,0,0,0,0,0,0,0,0,0,0,0,0,0,1,4,40,1,8,2,2,3,3,1,13,1,1,4,1,1,0
29,290785,2,4,2,20,12,15,33,33,0,1,0,29,1,20,421,20421,15,1999,1GNEK13R2XJ4,1,G,N,E,K,1,3,R,2,X,J,4,0,P,CHEV,KTA,UT,99,17,5268,,0,1175,,G,,F,8,350,,,16R245,,,,,,0,0,000000000,00000000000,0,0,0,1,0,0,0,0,0,0,0,0,0,0,0,4,6,2,12,0,0,0,1,29,63026,6,1,0,0,3,0,68,160,0,0,0,2,0,5,2011,7,2012,0,0,0,0,0,5,6,35,1,8,2,2,3,3,5,66,1,1,1,98,0,0
29,290785,3,4,1,20,12,15,33,33,0,1,0,29,1,7,26,7026,4,2011,1B3BD1FG4BN5,1,B,3,B,D,1,F,G,4,B,N,5,0,P,DODG,AMN,4D,11,17,3394,,0,1089,,F,,F,6,220,,,17R225,,,,,,0,0,000000000,00000000000,0,0,0,1,0,0,0,0,0,0,0,998,0,0,0,1,6,2,12,0,0,0,1,29,63052,6,1,0,0,3,0,66,120,0,0,0,0,0,0,0,0,0,0,0,0,0,0,5,6,35,1,8,2,2,3,3,1,66,1,1,1,98,0,0
29,290785,4,4,1,20,12,15,33,33,0,1,0,29,1,12,37,12037,4,2001,1FAFP34341W1,1,F,A,F,P,3,4,3,4,1,W,1,0,P,FORD,FSS,4D,1,17,2563,,0,1030,,G,,F,4,121,,,15R195,,,,,,0,0,000000000,00000000000,0,0,0,1,0,0,0,0,0,0,0,998,0,0,0,12,6,2,12,0,0,0,1,29,63026,6,1,0,0,3,0,71,200,0,0,0,0,0,0,0,0,0,0,0,0,0,0,5,6,35,1,8,2,2,3,3,1,66,1,1,1,98,0,0
29,290786,1,2,2,28,11,13,48,54,11,1,0,29,2,7,442,7442,20,2002,1B4GP24312B5,1,B,4,G,P,2,4,3,1,2,B,5,0,T,DODG,GCS,ES,2,17,,1,0,1193,CAR,F,,,6,201,,,,,3906,00,E,42,0,0,000000000,00000000000,0,0,0,1,0,0,0,0,0,0,0,998,0,0,0,12,6,2,54,0,0,0,1,29,65251,6,1,0,0,3,3,67,145,0,0,0,0,0,0,0,0,0,0,0,0,0,0,1,2,30,3,6,2,1,0,0,14,98,1,1,1,98,1,0
29,290786,2,2,1,28,11,13,48,54,11,1,1,99,9,99,999,99999,99,9999,999999999999,9,9,9,9,9,9,9,9,9,9,9,9,0,,,,,,,,,,,,,,,,,,,,,,,,,0,0,000000000,00000000000,0,0,0,1,0,0,0,0,0,0,0,998,0,0,0,18,0,1,54,0,0,0,1,99,99999,9,9,99,9,9,9,999,999,99,99,99,99,99,99,9999,99,9999,9,99,99,99,99,1,2,30,3,6,2,1,0,0,14,98,1,1,1,98,0,0
29,290787,1,4,1,23,12,14,17,12,2,1,0,29,1,55,33,55033,4,2004,KMHWF25H04A0,K,M,H,W,F,2,5,H,0,4,A,0,0,P,HYUN,SOL,4D,4,17,3181,,0,1063,,G,,F,6,162,,,15R205,,,,,,0,0,000000000,00000000000,0,0,0,1,0,0,0,0,0,0,0,998,0,0,0,12,6,2,12,0,0,0,1,29,64133,6,1,0,0,3,0,63,195,0,0,0,0,0,0,0,0,0,0,51,0,0,0,3,4,55,1,5,2,1,0,0,1,54,1,1,1,52,1,0
29,290787,2,4,1,23,12,14,17,12,2,1,0,29,2,20,481,20481,31,1997,1GCEK14R3VZ2,1,G,C,E,K,1,4,R,3,V,Z,2,0,T,CHEV,GK1,PK,97,17,,2,1315,1175,GM4,G,,,8,350,,,,B,00000,00,,44,0,0,000000000,00000000000,0,0,0,1,0,0,0,0,0,0,0,998,0,1,1,12,6,2,12,0,0,0,1,29,64506,6,1,0,0,3,3,72,185,0,0,0,3,0,6,2010,10,2011,0,0,0,0,0,3,4,55,1,6,2,1,0,0,1,54,1,1,1,52,0,0
29,290787,3,4,1,23,12,14,17,12,2,1,0,20,1,63,402,63402,14,2005,KNDJC7330553,K,N,D,J,C,7,3,3,0,5,5,3,0,P,KIA,SOR,UT,5,17,4306,,0,1067,,G,,F,6,213,,,16R245,,,,,,0,0,000000000,00000000000,0,0,0,1,0,0,0,0,0,0,0,998,0,0,0,12,4,3,12,0,0,0,1,20,66203,6,1,0,0,3,3,65,270,0,0,0,0,0,0,0,0,0,0,0,0,0,0,3,4,55,1,6,2,1,0,0,1,54,1,1,1,98,0,0
29,290787,4,4,3,23,12,14,17,12,2,1,0,29,2,38,402,38402,14,2000,4S2DM58W6Y43,4,S,2,D,M,5,8,W,6,Y,4,3,0,P,ISU,ROD,UT,0,17,4104,,0,1064,,G,,F,6,195,,,16R245,,,,,,0,0,000000000,00000000000,0,0,0,1,0,0,0,0,0,0,0,998,0,0,0,11,4,1,12,0,0,0,1,29,64128,6,1,0,0,3,3,67,155,0,0,0,0,0,0,0,0,0,0,0,0,0,0,3,4,55,1,6,2,1,0,0,1,54,1,1,1,98,0,0
30,300001,1,2,1,1,1,14,30,12,2,1,0,30,1,49,40,49040,4,1995,4T1SK12C1SU5,4,T,1,S,K,1,2,C,1,S,U,5,0,P,TOYT,CLE,CP,95,17,3064,,0,1031,,G,,F,4,132,,,14R195,,,,,,0,0,000000000,00000000000,0,0,0,1,0,0,0,0,0,0,0,998,0,0,0,12,6,2,12,0,0,0,1,30,59715,6,1,0,0,3,1,70,185,98,0,0,0,0,0,0,0,0,0,28,0,0,0,1,2,60,2,1,2,2,0,0,14,10,1,1,2,50,1,1
30,300001,2,2,2,1,1,14,30,12,2,1,0,30,2,12,481,12481,31,2004,1FTPX14574NA,1,F,T,P,X,1,4,5,7,4,N,A,0,T,FORD,F15,4C,4,17,,2,1450,1260,COF,G,,,8,330,,,,B,5480,00,U,44,0,0,000000000,00000000000,0,0,0,1,0,0,0,0,0,0,0,998,0,0,0,12,6,2,12,0,0,0,1,30,59758,6,1,0,0,3,1,68,155,98,0,0,0,0,0,0,0,0,0,0,0,0,0,1,2,60,3,1,2,2,0,0,14,62,6,1,1,51,0,0
30,300002,1,1,1,5,1,15,22,42,0,1,0,30,1,13,1,13001,4,2003,1LNHM82W83Y6,1,L,N,H,M,8,2,W,8,3,Y,6,0,P,LINC,SIG,4D,3,17,4156,,0,1177,,G,,F,8,281,,,17R225,,,,,,0,0,000000000,00000000000,0,0,0,1,0,0,0,0,0,0,0,998,0,0,0,12,6,2,42,0,0,0,1,30,59102,6,1,0,0,3,1,72,225,98,0,0,0,0,0,0,0,0,1,39,0,0,0,1,2,25,1,1,2,1,0,0,1,12,1,1,4,6,1,1
30,300003,1,1,34,8,1,7,12,34,0,1,0,30,3,98,981,98981,51,2000,2PCH33415Y10,2,P,C,H,3,3,4,1,5,Y,1,0,0,U,,,,0,17,,,,,,,,,,,,,,,,,,,0,57,301580000,57301580000,3,21,22,1,0,0,0,0,4,0,0,998,0,1,3,7,6,2,1,0,0,0,1,30,59872,6,1,6,1,3,1,72,290,98,0,0,0,0,0,0,0,0,0,6,0,0,0,2,2,75,1,1,2,4,0,0,1,12,99,4,4,7,2,0
30,300004,1,1,1,10,1,12,20,1,0,1,0,6,1,49,401,49401,14,1992,JT3VN39W7N00,J,T,3,V,N,3,9,W,7,N,0,0,0,P,TOYT,RUN,UT,92,17,0,,0,1033,,G,,F,6,180,,,000000,,,,,,0,0,000000000,00000000000,0,0,0,1,0,0,0,0,0,0,0,998,0,1,5,0,6,2,1,0,0,0,1,6,96158,6,1,0,0,3,2,64,115,0,0,0,0,0,0,0,0,0,0,74,0,0,0,1,2,70,3,6,2,2,0,0,14,13,1,1,4,1,1,0
30,300005,1,1,1,10,1,16,15,30,0,1,0,12,1,7,28,7028,2,2009,2B3LJ74W39H5,2,B,3,L,J,7,4,W,3,9,H,5,0,P,DODG,CS8,CP,9,17,4170,,0,1160,,G,,F,8,372,,,20R245,,,,,,0,0,000000000,00000000000,0,0,0,1,0,0,0,0,0,0,0,998,0,1,5,11,6,2,1,0,0,1,1,30,59106,6,1,0,0,3,0,72,200,98,0,0,0,0,0,0,0,0,1,36,39,0,0,1,2,60,2,1,2,1,40,3,14,12,3,2,4,6,1,1