STATE,ST_CASE,VEH_NO,VE_FORMS,NUMOCCS,DAY,MONTH,HOUR,MINUTE,HARM_EV,MAN_COLL,UNITTYPE,HIT_RUN,REG_STAT,OWNER,MAKE,MODEL,MAK_MOD,BODY_TYP,MOD_YEAR,VIN,VIN_1,VIN_2,VIN_3,VIN_4,VIN_5,VIN_6,VIN_7,VIN_8,VIN_9,VIN_10,VIN_11,VIN_12,TOW_VEH,VINTYPE,VINMAKE,VINA_MOD,VIN_BT,VINMODYR,VIN_LNGT,VIN_WGT,WGTCD_TR,WHLBS_LG,WHLBS_SH,SER_TR,FUELCODE,MCYCL_DS,CARBUR,CYLINDER,DISPLACE,MCYCL_CY,MCYCL_WT,TIRE_SZE,TON_RAT,TRK_WT,TRKWTVAR,VIN_REST,WHLDRWHL,J_KNIFE,MCARR_I1,MCARR_I2,MCARR_ID,GVWR,V_CONFIG,CARGO_BT,HAZ_INV,HAZ_PLAC,HAZ_ID,HAZ_CNO,HAZ_REL,BUS_USE,SPEC_USE,EMER_USE,TRAV_SP,UNDERIDE,ROLLOVER,ROLINLOC,IMPACT1,DEFORMED,TOWED,M_HARM,VEH_SC1,VEH_SC2,FIRE_EXP,DR_PRES,L_STATE,DR_ZIP,L_STATUS,L_TYPE,CDL_STAT,L_ENDORS,L_COMPL,L_RESTRI,DR_HGT,DR_WGT,PREV_ACC,PREV_SUS,PREV_DWI,PREV_SPD,PREV_OTH,FIRST_MO,FIRST_YR,LAST_MO,LAST_YR,SPEEDREL,DR_SF1,DR_SF2,DR_SF3,DR_SF4,VTRAFWAY,VNUM_LAN,VSPD_LIM,VALIGN,VPROFILE,VPAVETYP,VSURCOND,VTRAFCON,VTCONT_F,P_CRASH1,P_CRASH2,P_CRASH3,PCRASH4,PCRASH5,ACC_TYPE,DEATHS,DR_DRINK
30,300006,1,1,1,12,1,18,20,1,0,1,0,30,1,20,481,20481,31,1998,2GCEK19RXW11,2,G,C,E,K,1,9,R,X,W,1,1,0,T,CHEV,GK1,PC,98,17,,2,1555,1415,GM4,G,,,8,350,,,,B,00000,00,,44,0,0,000000000,00000000000,0,0,0,1,0,0,0,0,0,0,0,65,0,1,5,0,6,2,1,0,0,0,1,30,59749,6,1,0,0,3,0,73,190,98,0,0,0,0,0,0,0,0,0,36,0,0,0,1,2,65,2,1,2,1,0,0,14,13,99,4,4,7,1,0
30,300007,1,1,2,6,1,13,0,35,0,1,0,30,1,49,40,49040,4,2011,4T1BK3EK7BU1,4,T,1,B,K,3,E,K,7,B,U,1,0,P,TOYT,LXS,4D,11,17,3461,,0,1093,,G,,F,6,214,,,16R215,,,,,,0,0,000000000,00000000000,0,0,0,1,0,0,0,0,0,0,0,55,0,0,0,1,6,2,34,0,0,0,1,30,59422,6,1,0,0,3,1,62,216,98,0,0,0,0,0,0,0,0,0,0,0,0,0,1,2,70,3,5,2,1,0,0,14,13,1,1,4,1,1,0
30,300008,1,2,1,17,1,5,45,12,6,1,0,30,1,21,2,21002,2,1987,1G3HY1432H18,1,G,3,H,Y,1,4,3,2,H,1,8,0,P,OLDS,FRB,CP,87,17,3204,,0,1108,,G,,F,6,231,,,14R205,,,,,,0,0,000000000,00000000000,0,0,0,1,0,0,0,0,0,0,0,998,0,0,0,3,6,2,12,0,0,0,1,30,59453,6,1,0,0,3,0,74,210,98,0,0,0,0,0,0,0,0,1,36,28,0,0,1,2,65,2,6,2,4,40,3,14,10,1,4,2,64,1,1
30,300008,2,2,1,17,1,5,45,12,6,1,0,95,3,98,804,98804,66,2004,5KJJALCV74PM,5,K,J,J,A,L,C,V,7,4,P,M,1,T,WSTR,49S,TR,4,17,,8,0,0,CNV,D,,,6,782,,,,,00000,00,,64,1,57,020016500,57020016500,3,6,1,1,0,0,0,0,0,0,0,55,0,0,0,12,6,2,12,0,0,0,1,95,0,6,1,6,1,3,0,999,999,99,99,99,99,99,99,9999,99,9999,0,0,0,0,0,1,2,55,3,5,2,1,40,3,14,62,1,1,1,65,0,0
30,300009,1,1,2,25,1,1,50,24,0,1,0,30,1,7,482,7482,31,2011,3D73Y3HL4BG5,3,D,7,3,Y,3,H,L,4,B,G,5,0,T,DODG,ME3,CW,11,17,,3,0,1600,RPC,D,,,6,408,,,,D,7775,00,K,44,0,0,000000000,00000000000,0,0,0,1,0,0,0,0,0,0,0,100,0,1,1,12,6,2,1,0,0,0,1,30,59241,6,1,0,0,3,0,71,180,98,0,0,2,0,3,2009,3,2009,0,36,0,0,0,3,2,75,1,5,1,2,0,0,1,13,7,1,4,98,1,1
30,300010,1,2,1,27,1,14,0,12,2,1,0,30,1,49,472,49472,30,2006,5TENX22N76Z2,5,T,E,N,X,2,2,N,7,6,Z,2,0,T,TOYT,REG,PK,6,17,,1,0,1033,TAC,G,,,4,164,,,,B,3180,00,U,42,0,0,000000000,00000000000,0,0,0,1,0,0,0,0,0,0,0,15,0,0,0,12,6,2,12,0,0,0,1,30,59935,6,1,0,0,3,1,70,280,98,0,0,0,0,0,0,0,0,0,38,0,0,0,1,2,70,1,1,2,1,0,0,11,15,1,1,2,68,0,0
30,300010,2,2,2,27,1,14,0,12,2,1,0,30,1,12,16,12016,4,1997,2FALP74W8VX2,2,F,A,L,P,7,4,W,8,V,X,2,0,P,FORD,CVL,4D,97,17,0,,0,1144,,G,,F,8,281,,,15R215,,,,,,0,0,000000000,00000000000,0,0,0,1,0,0,0,0,0,0,0,65,0,0,0,12,6,2,12,0,0,0,1,30,59923,6,1,0,0,3,1,74,200,98,0,0,0,0,0,0,0,0,0,0,0,0,0,1,2,70,1,1,2,1,0,0,1,62,3,1,1,69,1,0
30,300011,1,1,1,1,2,15,2,1,0,1,0,16,1,35,473,35473,31,2006,1N6AA07B26N5,1,N,6,A,A,0,7,B,2,6,N,5,0,T,NISS,TXS,CW,6,17,,2,0,1398,TTN,G,,,8,342,,,,C,4952,00,E,44,0,0,000000000,00000000000,0,0,0,1,0,0,0,0,0,0,0,998,0,1,1,0,6,2,1,0,0,0,1,16,83709,6,1,0,0,3,0,67,130,0,1,1,0,2,2,2009,9,2009,0,36,58,0,0,2,2,75,1,6,2,1,0,0,1,12,7,3,6,98,1,0
30,300012,1,1,1,7,2,21,0,39,0,1,0,30,1,14,6,14006,4,1997,2MELM75W2VX6,2,M,E,L,M,7,5,W,2,V,X,6,0,P,MERC,MGL,4D,97,17,3796,,0,1144,,G,,F,8,281,,,15R215,,,,,,0,0,000000000,00000000000,0,0,0,1,0,0,0,0,0,0,0,998,0,1,6,1,6,2,39,0,0,0,1,30,59524,6,1,4,0,3,0,68,190,98,0,0,1,0,4,2010,4,2010,1,48,39,0,0,1,2,45,1,1,2,1,0,0,1,12,4,2,4,7,1,1
30,300013,1,1,2,15,2,1,25,1,0,1,0,30,1,84,481,84481,31,1965,SB5175936AC,S,B,5,1,7,5,9,3,6,A,C,,0,T,INTL,,,65,11,,,,,,,,,,,,,,,,,,,0,0,000000000,00000000000,0,0,0,1,0,0,0,0,0,0,0,998,0,1,5,0,6,2,1,0,0,0,1,30,59801,6,1,0,0,3,0,70,150,98,0,0,0,0,0,0,0,0,0,58,0,0,0,1,2,65,1,1,2,1,0,0,1,13,7,3,4,2,1,1
30,300014,1,1,2,18,2,1,13,35,0,1,0,30,1,23,401,23401,14,2005,1GKET16M3561,1,G,K,E,T,1,6,M,3,5,6,1,0,T,GMC,EXL,4W,5,17,,2,0,1290,ENV,G,,,8,323,,,,B,4954,00,E,44,0,0,000000000,00000000000,0,0,0,1,0,0,0,0,0,0,0,998,0,1,5,12,6,2,35,0,0,0,1,30,59901,1,1,0,0,2,2,67,285,98,1,0,0,0,3,2009,3,2009,1,36,58,39,74,1,2,45,2,6,2,1,0,0,14,12,6,4,4,7,1,1
30,300015,1,1,2,18,2,2,40,1,0,1,0,38,0,82,881,82881,66,2001,1FUJAHBG31PH,1,F,U,J,A,H,B,G,3,1,P,H,1,T,FRHT,FLD,TR,1,17,,8,0,0,CON,D,,,6,915,,,,,00000,00,,64,1,57,911282000,57911282000,3,6,2,1,0,0,0,0,0,0,0,55,0,1,5,0,6,2,1,0,0,0,1,38,58554,6,1,6,1,3,1,67,130,1,0,0,5,0,2,2010,2,2012,0,83,88,58,0,1,2,55,2,1,2,1,0,0,14,87,9,3,4,8,1,0
30,300016,1,1,3,18,2,2,0,35,0,1,0,30,2,20,403,20403,14,2005,1GNET16S7561,1,G,N,E,T,1,6,S,7,5,6,1,0,P,CHEV,TRL,UT,5,17,4954,,0,1290,,G,,F,6,256,,,17R245,,,,,,0,0,000000000,00000000000,0,0,0,1,0,0,0,0,0,0,0,46,0,1,5,99,6,2,3,0,0,0,1,95,0,0,0,0,0,0,0,66,120,99,99,99,99,99,99,9999,99,9999,0,36,39,58,0,1,2,35,2,1,2,1,0,0,14,12,7,3,4,7,1,1
30,300017,1,2,1,13,2,13,10,12,6,1,0,30,1,35,43,35043,4,2006,3N1CB51D56L5,3,N,1,C,B,5,1,D,5,6,L,5,0,P,NISS,S18,4D,6,17,2509,,0,998,,G,,F,4,108,,,15R195,,,,,,0,0,000000000,00000000000,0,0,0,1,0,0,0,0,0,0,0,998,0,0,0,11,6,2,12,0,0,0,1,30,59937,6,1,0,0,3,1,67,173,98,0,0,0,0,0,0,0,0,0,38,0,0,0,3,6,98,1,1,2,1,0,0,4,17,1,1,1,86,1,0
30,300017,2,2,1,13,2,13,10,12,6,1,0,30,2,49,46,49046,4,2009,JTDKB20U8978,J,T,D,K,B,2,0,U,8,9,7,8,0,P,TOYT,PRI,4H,9,17,2932,,0,1063,,B,,F,4,091,,,15R185,,,,,,0,0,000000000,00000000000,0,0,0,1,0,0,0,0,0,0,0,998,0,0,0,1,6,2,12,0,0,0,1,30,59912,6,1,0,0,3,1,60,120,98,0,0,0,0,0,0,0,0,0,0,0,0,0,2,2,65,1,1,2,1,0,0,1,66,1,1,1,87,0,0
30,300018,1,1,1,26,2,22,30,35,0,1,0,30,0,23,481,23481,31,1993,2GTEK19Z3P15,2,G,T,E,K,1,9,Z,3,P,1,5,0,T,GMC,SK1,PC,93,17,,2,1555,1415,SIE,G,,,6,262,,,,B,00000,00,A,44,0,0,000000000,00000000000,0,0,0,1,0,0,0,0,0,0,0,998,0,0,0,12,6,2,35,0,0,0,1,53,98366,1,1,0,0,2,2,72,208,0,3,0,1,2,11,2010,7,2011,1,36,39,74,0,1,2,35,3,1,2,1,40,3,14,13,3,2,4,2,1,1
30,300019,1,1,1,27,2,1,30,1,0,1,0,30,2,49,401,49401,14,1988,JT3VN66W1J00,J,T,3,V,N,6,6,W,1,J,0,0,0,P,TOYT,RUN,UT,88,17,3641,,0,1030,,G,,F,6,180,,,000000,,,,,,0,0,000000000,00000000000,0,0,0,1,0,0,0,0,0,0,0,998,0,1,1,0,6,2,38,0,0,0,1,30,59644,1,1,0,0,2,2,71,155,98,0,1,0,1,6,2010,12,2010,0,58,74,0,0,1,2,65,1,1,2,1,0,0,1,13,6,4,6,98,1,1
30,300020,1,1,1,27,2,8,14,38,0,1,0,30,2,49,401,49401,14,1995,JT3VN39W8S02,J,T,3,V,N,3,9,W,8,S,0,2,0,P,TOYT,RUN,UT,95,17,4105,,0,1033,,G,,F,6,180,,,15R225,,,,,,0,0,000000000,00000000000,0,0,0,1,0,0,0,0,0,0,0,998,0,0,0,12,6,2,38,0,0,0,1,30,59828,6,1,0,0,3,0,65,119,98,0,0,0,0,0,0,0,0,0,0,0,0,0,1,2,65,3,1,2,1,0,0,14,13,99,1,4,1,1,0
30,300021,1,1,1,3,3,2,0,59,0,1,0,30,1,12,481,12481,31,1997,1FTDX18W3VKD,1,F,T,D,X,1,8,W,3,V,K,D,0,T,FORD,F15,3C,97,17,,1,1570,1390,COF,G,,,8,281,,,,B,4480,01,E,44,0,0,000000000,00000000000,0,0,0,1,0,0,0,0,0,0,0,60,0,1,5,9,6,2,1,0,0,0,1,30,59405,6,1,0,0,3,0,71,205,98,0,0,0,0,0,0,0,0,0,58,0,0,0,1,2,65,2,1,2,1,0,0,14,12,7,3,4,6,1,1
30,300022,1,1,4,4,3,3,11,59,0,1,0,30,1,19,14,19014,4,1998,1G6KS54Y5WU9,1,G,6,K,S,5,4,Y,5,W,U,9,0,P,CADI,SLS,4D,98,17,3863,,0,1122,,G,,F,8,279,,,16R235,,,,,,0,0,000000000,00000000000,0,0,0,1,0,0,0,0,0,0,0,91,0,1,6,61,6,2,1,0,0,0,1,30,59804,6,1,0,0,2,2,68,155,98,1,0,2,2,10,2009,8,2011,0,36,39,74,0,1,2,25,2,6,2,1,0,0,14,12,99,4,4,7,2,1
30,300023,1,1,1,9,3,5,41,1,0,1,0,30,1,18,7,18007,4,2004,2G4WS52J7412,2,G,4,W,S,5,2,J,7,4,1,2,0,P,BUIC,CCU,4D,4,17,3342,,0,1090,,G,,F,6,189,,,15R205,,,,,,0,0,000000000,00000000000,0,0,0,1,0,0,0,0,0,0,0,75,0,1,5,0,6,2,1,0,0,0,1,30,59101,6,1,0,0,3,0,61,170,98,0,0,0,0,0,0,0,0,0,81,58,0,0,2,2,75,1,1,2,1,0,0,1,90,7,4,4,2,1,0
30,300024,1,1,1,12,3,14,49,10,0,1,0,30,1,12,481,12481,31,2010,1FTFW1EV6AFD,1,F,T,F,W,1,E,V,6,A,F,D,0,T,FORD,F1S,CW,10,17,,2,1570,1450,COF,F,,,8,329,,,,B,5345,00,7,44,0,0,000000000,00000000000,0,0,0,1,0,0,0,0,0,0,0,998,0,1,6,82,6,2,10,0,0,0,1,30,59522,6,1,0,0,3,1,64,170,98,0,0,0,0,0,0,0,0,0,36,38,39,0,1,2,10,1,3,4,1,65,3,1,17,3,1,1,98,1,0
30,300025,1,1,1,16,3,18,39,11,0,1,0,30,1,37,706,37706,80,1975,GL11014071,G,L,1,1,0,1,4,0,7,1,,,0,M,HOND,GL1,RS,75,10,,,,,,,1000,,4,,4,584,,,,,,,0,0,000000000,00000000000,0,0,0,1,0,0,0,0,0,0,0,998,0,0,0,12,6,2,11,0,0,0,1,30,59827,6,1,0,0,3,0,72,275,98,0,0,0,0,0,0,0,0,0,0,0,0,0,1,2,70,1,1,2,1,0,0,1,87,3,1,1,13,1,0
30,300026,1,1,1,18,3,1,50,24,0,1,0,95,3,87,881,87881,66,2006,1XP7DB9X96D8,1,X,P,7,D,B,9,X,9,6,D,8,1,T,PTRB,387,TR,6,17,,8,0,0,CON,D,,,6,893,,,,,00000,00,,64,1,57,1021117,571021117,3,6,1,1,0,0,0,0,0,0,0,998,0,1,5,1,6,2,1,0,0,0,1,95,0,6,1,6,1,3,0,999,999,99,99,99,99,99,99,9999,99,9999,0,36,0,0,0,3,2,65,3,1,2,1,0,0,14,13,1,1,4,1,1,1
30,300027,1,1,3,18,3,22,14,8,0,1,0,30,1,7,41,7041,4,2001,2B3HD46R21H7,2,B,3,H,D,4,6,R,2,1,H,7,0,P,DODG,ISE,4D,1,17,3393,,0,1130,,G,,F,6,167,,,16R225,,,,,,0,0,000000000,00000000000,0,0,0,1,0,0,0,0,0,0,0,998,0,0,0,12,4,1,8,0,0,0,1,30,59526,6,1,6,0,3,1,71,200,98,0,0,0,0,0,0,0,0,0,0,0,0,0,1,2,65,1,1,2,1,0,0,1,80,1,1,1,13,0,1
30,300028,1,1,1,24,3,14,53,1,0,1,0,30,2,20,421,20421,15,2005,1GNDT13S0521,1,G,N,D,T,1,3,S,0,5,2,1,0,P,CHEV,TRL,UT,5,17,4612,,0,1130,,G,,F,6,256,,,16R245,,,,,,0,0,000000000,00000000000,0,0,0,1,0,0,0,0,0,0,0,56,0,1,5,0,6,2,1,0,0,0,1,30,59521,6,1,0,0,3,1,73,268,98,0,0,0,0,0,0,0,0,1,36,39,0,0,1,2,45,2,6,2,1,0,0,14,13,7,3,4,2,1,1
30,300029,1,2,1,28,3,6,45,12,2,1,0,30,1,20,481,20481,31,2005,1GCHK23235F9,1,G,C,H,K,2,3,2,3,5,F,9,0,T,CHEV,2KH,CW,5,17,,2,1670,1530,SIL,D,,,8,403,,,,C,6056,03,,44,0,0,000000000,00000000000,0,0,0,1,0,0,0,0,0,0,0,998,0,0,0,12,6,2,12,0,0,0,1,30,59330,6,1,0,0,3,0,60,112,98,0,0,3,5,2,2010,12,2011,0,33,35,28,0,1,2,60,2,5,2,1,0,0,6,54,1,1,2,50,1,0
30,300029,2,2,1,28,3,6,45,12,2,1,0,30,3,87,881,87881,66,2004,1XP5DB9X54N8,1,X,P,5,D,B,9,X,5,4,N,8,2,T,PTRB,379,TR,4,17,,8,0,0,CON,D,,,6,893,,,,,00000,00,,64,1,57,002360600,57002360600,3,7,2,2,2,1267,8,2,0,0,0,998,0,0,0,12,6,2,12,0,0,0,1,30,59330,6,1,6,1,3,1,72,250,98,0,0,1,0,2,2010,2,2010,0,0,0,0,0,1,2,60,3,6,2,1,0,0,14,62,4,1,1,51,0,0
30,300030,1,1,2,4,4,2,0,1,0,1,0,30,1,20,481,20481,31,1990,2GCEK19K8L12,2,G,C,E,K,1,9,K,8,L,1,2,0,T,CHEV,GK1,PC,90,17,,2,1555,1415,GM4,G,,,8,350,,,,B,4584,06,,44,0,0,000000000,00000000000,0,0,0,1,0,0,0,0,0,0,0,998,0,1,5,0,6,2,1,0,0,0,1,30,59043,6,1,0,0,3,1,69,210,98,0,0,0,0,0,0,0,0,1,58,0,0,0,1,2,55,2,1,2,1,0,0,14,13,7,3,4,2,1,1
30,300031,1,1,2,6,4,23,42,1,0,1,0,30,1,49,472,49472,30,2003,5TEHN72NX3Z2,5,T,E,H,N,7,2,N,X,3,Z,2,0,T,TOYT,DCL,CW,3,17,,1,0,1219,TAC,G,,,6,206,,,,B,3692,00,U,44,0,0,000000000,00000000000,0,0,0,1,0,0,0,0,0,0,0,60,0,1,1,0,6,2,1,0,0,0,1,30,59404,6,1,0,0,3,0,70,170,98,0,0,0,0,0,0,0,0,0,58,87,0,0,2,2,65,1,1,2,4,0,0,1,5,7,3,6,98,1,0
30,300032,1,2,2,7,4,17,12,12,6,1,0,30,1,63,31,63031,4,2001,KNAFB121X150,K,N,A,F,B,1,2,1,X,1,5,0,0,P,KIA,SPL,4D,1,17,2478,,0,1008,,G,,F,4,109,,,14R185,,,,,,0,0,000000000,00000000000,0,0,0,1,0,0,0,0,0,0,0,998,0,0,0,9,6,2,12,0,0,0,1,30,59457,4,1,0,0,2,0,999,999,98,0,0,0,1,4,2012,4,2012,0,39,0,0,0,1,2,25,1,1,2,1,20,3,98,55,1,1,1,89,1,1
30,300032,2,2,1,7,4,17,12,12,6,1,0,30,1,7,482,7482,31,2008,3D7KS28AX8G1,3,D,7,K,S,2,8,A,X,8,G,1,0,T,DODG,SQ2,CW,8,17,,2,1605,1405,RPC,D,,,6,408,,,,C,6034,00,E,44,0,0,000000000,00000000000,0,0,0,1,0,0,0,0,0,0,0,998,0,0,0,12,6,2,12,0,0,0,1,30,59105,6,1,0,0,3,1,73,205,98,0,0,2,0,2,2010,4,2010,0,0,0,0,0,1,2,25,1,1,2,1,0,0,1,55,1,1,1,88,0,0
30,300033,1,1,2,8,4,1,45,1,0,1,0,38,2,24,1,24001,4,1996,1G8ZH5280TZ1,1,G,8,Z,H,5,2,8,0,T,Z,1,0,P,STRN,SL1,4D,96,17,2277,,0,1024,,G,,F,4,116,,,14R175,,,,,,0,0,000000000,00000000000,0,0,0,1,0,0,0,0,0,0,0,998,0,2,5,0,6,2,1,0,0,0,1,30,59213,4,1,0,0,2,2,65,160,98,0,0,0,1,1,2012,1,2012,1,39,58,74,0,1,2,55,2,1,2,1,0,0,14,12,7,3,4,6,1,1
30,300034,1,1,1,9,4,12,15,35,0,1,0,30,1,12,481,12481,31,1994,1FTEF15N9RNB,1,F,T,E,F,1,5,N,9,R,N,B,0,T,FORD,F15,PK,94,17,,2,1330,1170,COF,G,,,8,302,,,,B,3886,01,M,42,0,0,000000000,00000000000,0,0,0,1,0,0,0,0,0,0,0,70,0,0,0,12,6,2,35,0,0,1,1,30,59105,6,1,0,0,3,0,74,214,98,0,0,0,0,0,0,0,0,0,0,0,0,0,1,2,70,1,1,2,1,0,0,1,13,1,1,4,1,1,0
30,300035,1,2,1,11,4,17,40,12,2,1,0,30,1,20,37,20037,4,2003,1G1ND52J33M6,1,G,1,N,D,5,2,J,3,3,M,6,0,P,CHEV,MAL,4D,3,17,3106,,0,1070,,G,,F,6,191,,,15R215,,,,,,0,0,000000000,00000000000,0,0,0,1,0,0,0,0,0,0,0,70,0,0,0,12,6,2,12,0,0,1,1,30,59221,6,1,0,0,3,0,69,125,98,0,1,0,0,6,2009,6,2009,0,28,0,0,0,1,2,70,1,1,2,1,0,0,1,10,1,1,2,50,1,1
30,300035,2,2,1,11,4,17,40,12,2,1,0,38,3,87,881,87881,66,2012,1XPWP49X1CD1,1,X,P,W,P,4,9,X,1,C,D,1,1,T,PTRB,388,TR,12,17,,8,0,0,CON,D,,,6,915,,,,,00000,00,,,1,57,120304700,57120304700,3,6,2,2,2,1993,3,1,0,0,0,60,0,9,2,12,6,2,1,0,0,0,1,38,58368,6,1,6,1,3,0,73,195,0,0,0,0,0,0,0,0,0,0,0,0,0,0,1,2,60,1,1,2,1,0,0,1,62,9,1,1,51,0,0
30,300036,1,1,1,14,4,19,5,35,0,1,0,30,2,72,706,72706,80,2009,1HD1JD5129Y0,1,H,D,1,J,D,5,1,2,9,Y,0,0,M,HD,FLN,RS,9,17,,,,,,,1584,,2,,4,724,,,,,,,0,0,000000000,00000000000,0,0,0,1,0,0,0,0,0,0,0,998,0,0,0,12,6,2,35,0,0,0,1,30,59270,6,1,0,0,3,1,71,270,98,0,0,0,0,0,0,0,0,1,36,0,0,0,1,2,70,2,5,2,1,0,0,14,12,3,1,4,6,1,1
30,300037,1,1,1,17,4,23,2,24,0,1,0,30,1,23,481,23481,31,1997,2GTEK19R3V15,2,G,T,E,K,1,9,R,3,V,1,5,0,T,GMC,SK1,PC,97,17,,2,1555,1415,SIE,G,,,8,350,,,,B,00000,00,E,44,0,0,000000000,00000000000,0,0,0,1,0,0,0,0,0,0,0,70,0,2,1,5,6,2,1,0,0,0,1,30,59457,6,1,6,0,3,0,74,210,98,0,0,0,0,0,0,0,0,0,58,36,0,0,1,2,65,1,6,2,1,0,0,1,13,6,1,4,98,1,1
30,300038,1,1,2,27,3,19,30,5,0,1,1,30,2,7,442,7442,20,2000,1B4GP44L4YB7,1,B,4,G,P,4,4,L,4,Y,B,7,0,T,DODG,GSS,ES,0,17,,1,0,1193,CAR,G,,,6,230,,,,,3863,00,E,42,0,0,000000000,00000000000,0,0,0,1,0,0,0,0,0,0,0,999,0,0,0,0,0,3,5,0,0,0,1,30,59101,6,1,0,0,3,1,69,168,98,0,0,0,0,0,0,0,0,0,0,0,0,0,1,2,70,1,1,2,1,0,0,1,98,1,1,1,0,1,0
30,300039,1,1,2,22,4,2,40,1,0,1,0,30,1,7,482,7482,31,2003,1D7HG48NX3S2,1,D,7,H,G,4,8,N,X,3,S,2,0,T,DODG,DQS,CW,3,17,,2,0,1309,DAK,G,,,8,287,,,,B,4359,00,E,44,0,0,000000000,00000000000,0,0,0,1,0,0,0,0,0,0,0,84,0,9,5,0,6,2,1,0,0,0,1,30,59715,6,1,0,0,3,0,70,145,98,0,0,0,0,0,0,0,0,1,36,0,0,0,1,2,65,3,3,2,1,0,0,14,12,1,4,4,7,1,1
30,300040,1,1,1,12,4,1,0,30,0,1,1,30,1,35,43,35043,4,2007,3N1AB61E57L6,3,N,1,A,B,6,1,E,5,7,L,6,0,P,NISS,SL2,4D,7,17,2853,,0,1057,,G,,F,4,122,,,15R205,,,,,,0,0,000000000,00000000000,0,0,0,1,0,0,0,0,0,0,0,999,0,0,0,12,6,2,42,0,0,0,1,30,59901,6,1,0,0,3,0,65,130,98,0,0,0,0,0,0,0,0,1,36,0,0,0,1,2,35,2,1,2,1,0,0,14,12,1,1,4,6,1,1
30,300041,1,3,1,8,4,0,28,8,0,1,1,99,9,99,999,99999,99,9999,999999999999,9,9,9,9,9,9,9,9,9,9,9,9,9,,,,,,,,,,,,,,,,,,,,,,,,,0,99,999999999,99999999999,9,99,99,1,0,0,0,0,99,99,9,999,0,0,0,99,9,1,8,99,99,0,1,30,59620,6,1,0,0,3,1,63,117,98,0,0,4,0,99,9999,99,9999,9,99,99,99,99,1,2,40,1,1,2,1,0,0,1,80,99,1,1,13,0,0
30,300041,2,3,1,8,4,0,28,8,0,1,0,30,2,7,482,7482,31,2001,1B7KF23721J2,1,B,7,K,F,2,3,7,2,1,J,2,0,T,DODG,Q25,4C,1,17,,2,1547,1387,RPC,D,,,6,359,,,,C,5586,01,U,44,0,0,000000000,00000000000,0,0,0,1,0,0,0,0,0,0,0,998,0,0,0,14,9,1,8,0,0,0,1,30,59634,6,1,0,0,3,0,66,195,98,0,0,0,0,0,0,0,0,0,0,0,0,0,1,2,40,1,1,2,1,0,0,1,80,6,1,1,98,0,0
30,300041,3,3,1,8,4,0,28,8,0,1,0,30,1,22,20,22020,4,2001,1G2WP52K11F2,1,G,2,W,P,5,2,K,1,1,F,2,0,P,PONT,GPG,4D,1,17,3496,,0,1105,,G,,F,6,231,,,16R225,,,,,,0,0,000000000,00000000000,0,0,0,1,0,0,0,0,0,0,0,998,0,0,0,14,4,1,8,0,0,0,1,30,59601,6,1,0,0,3,0,65,185,98,0,0,0,0,0,0,0,0,0,0,0,0,0,1,2,40,1,1,2,1,0,0,1,80,99,1,1,98,0,0
30,300042,1,1,2,24,4,16,15,1,0,1,0,30,1,12,473,12473,30,2003,1FMZU67E03UB,1,F,M,Z,U,6,7,E,0,3,U,B,0,P,FORD,EPR,UT,3,17,3761,,0,1259,,G,,F,6,245,,,16R235,,,,,,0,0,000000000,00000000000,0,0,0,1,0,0,0,0,0,0,0,998,0,1,1,0,6,2,1,0,0,0,1,30,59101,6,1,0,0,3,1,69,294,98,0,0,0,0,0,0,0,0,0,58,0,0,0,2,2,75,1,1,2,1,0,0,1,12,7,4,6,98,1,0
30,300043,1,1,1,29,4,3,45,1,0,1,0,30,1,63,33,63033,4,2008,KNAFE1218855,K,N,A,F,E,1,2,1,8,8,5,5,0,P,KIA,SXC,4D,8,17,2919,,0,1028,,G,,F,4,122,,,15R195,,,,,,0,0,000000000,00000000000,0,0,0,1,0,0,0,0,0,0,0,998,0,1,5,0,6,2,1,0,0,0,1,30,59034,6,1,0,0,2,2,64,135,98,1,1,1,0,2,2011,4,2012,1,36,51,74,0,1,2,65,3,1,2,2,0,0,14,13,4,4,4,2,1,0
30,300044,1,1,2,29,4,2,15,59,0,1,0,30,2,22,20,22020,2,2002,1G2WP12K12F2,1,G,2,W,P,1,2,K,1,2,F,2,0,P,PONT,GPG,CP,2,17,3429,,0,1105,,G,,F,6,231,,,16R225,,,,,,0,0,000000000,00000000000,0,0,0,1,0,0,0,0,0,0,0,76,0,1,5,9,6,2,1,0,0,0,1,30,59860,6,1,0,0,3,0,69,150,98,0,0,0,0,0,0,0,0,1,39,59,0,0,1,2,65,2,6,2,1,0,0,14,12,7,3,4,6,2,1
30,300045,1,1,1,30,4,20,10,1,0,1,0,30,2,53,705,53705,80,1999,JS1GR7DA7X21,J,S,1,G,R,7,D,A,7,X,2,1,0,M,SUZI,SX7,RC,99,17,,,,,,,749,,4,,4,394,,,,,,,0,0,000000000,00000000000,0,0,0,1,0,0,0,0,0,0,0,998,0,0,0,0,6,2,1,0,0,0,1,30,59068,6,1,0,0,3,0,71,190,98,0,0,0,2,8,2009,8,2011,1,39,36,0,0,1,2,70,3,6,2,1,0,0,14,13,1,1,4,1,1,1