STATE,ST_CASE,VEH_NO,VE_FORMS,NUMOCCS,DAY,MONTH,HOUR,MINUTE,HARM_EV,MAN_COLL,UNITTYPE,HIT_RUN,REG_STAT,OWNER,MAKE,MODEL,MAK_MOD,BODY_TYP,MOD_YEAR,VIN,VIN_1,VIN_2,VIN_3,VIN_4,VIN_5,VIN_6,VIN_7,VIN_8,VIN_9,VIN_10,VIN_11,VIN_12,TOW_VEH,VINTYPE,VINMAKE,VINA_MOD,VIN_BT,VINMODYR,VIN_LNGT,VIN_WGT,WGTCD_TR,WHLBS_LG,WHLBS_SH,SER_TR,FUELCODE,MCYCL_DS,CARBUR,CYLINDER,DISPLACE,MCYCL_CY,MCYCL_WT,TIRE_SZE,TON_RAT,TRK_WT,TRKWTVAR,VIN_REST,WHLDRWHL,J_KNIFE,MCARR_I1,MCARR_I2,MCARR_ID,GVWR,V_CONFIG,CARGO_BT,HAZ_INV,HAZ_PLAC,HAZ_ID,HAZ_CNO,HAZ_REL,BUS_USE,SPEC_USE,EMER_USE,TRAV_SP,UNDERIDE,ROLLOVER,ROLINLOC,IMPACT1,DEFORMED,TOWED,M_HARM,VEH_SC1,VEH_SC2,FIRE_EXP,DR_PRES,L_STATE,DR_ZIP,L_STATUS,L_TYPE,CDL_STAT,L_ENDORS,L_COMPL,L_RESTRI,DR_HGT,DR_WGT,PREV_ACC,PREV_SUS,PREV_DWI,PREV_SPD,PREV_OTH,FIRST_MO,FIRST_YR,LAST_MO,LAST_YR,SPEEDREL,DR_SF1,DR_SF2,DR_SF3,DR_SF4,VTRAFWAY,VNUM_LAN,VSPD_LIM,VALIGN,VPROFILE,VPAVETYP,VSURCOND,VTRAFCON,VTCONT_F,P_CRASH1,P_CRASH2,P_CRASH3,PCRASH4,PCRASH5,ACC_TYPE,DEATHS,DR_DRINK
30,300046,1,1,1,3,5,99,99,43,0,1,0,30,1,20,421,20421,15,1997,1GNEK13R2VJ4,1,G,N,E,K,1,3,R,2,V,J,4,0,P,CHEV,KTA,UT,97,17,5225,,0,1175,,G,,F,8,350,,,15R235,,,,,,0,0,000000000,00000000000,0,0,0,1,0,0,0,0,0,0,0,86,0,1,6,98,6,2,1,0,0,0,1,30,59066,1,1,0,0,2,0,69,150,98,0,0,1,2,8,2009,11,2011,1,58,6,0,0,1,2,65,3,1,2,1,0,0,14,6,6,4,4,7,1,1
30,300047,1,2,1,3,5,11,38,12,6,1,0,30,1,23,401,23401,14,1998,1GKDT13W7W25,1,G,K,D,T,1,3,W,7,W,2,5,0,T,GMC,JMY,4W,98,17,,1,0,1070,JMY,G,,,6,262,,,,B,3999,00,E,44,0,0,000000000,00000000000,0,0,0,1,0,0,0,0,0,0,0,998,0,1,1,12,6,2,1,0,0,0,1,30,59715,6,1,0,0,3,0,69,260,98,0,0,0,0,0,0,0,0,9,58,0,0,0,1,2,60,1,1,2,1,0,0,1,13,6,9,6,48,1,0
30,300047,2,2,1,3,5,11,38,12,6,1,0,30,1,34,402,34402,14,2007,WBXPC93427WF,W,B,X,P,C,9,3,4,2,7,W,F,0,P,BMW,BX3,UT,7,17,4012,,0,1101,,G,,F,6,183,,,17R235,,,,,,0,0,000000000,00000000000,0,0,0,1,0,0,0,0,0,0,0,999,0,0,0,4,4,3,12,0,0,0,1,30,59715,6,1,0,0,3,0,74,175,98,0,0,1,0,9,2010,9,2010,0,0,0,0,0,1,2,60,1,1,2,1,0,0,2,53,1,1,1,48,0,0
30,300048,1,1,5,3,5,18,40,35,0,1,0,30,2,22,20,22020,4,2003,1G2WK52J83F1,1,G,2,W,K,5,2,J,8,3,F,1,0,P,PONT,GFS,4D,3,17,3384,,0,1105,,G,,F,6,191,,,15R205,,,,,,0,0,000000000,00000000000,0,0,0,1,0,0,0,0,0,0,0,80,0,1,5,5,6,2,1,0,0,0,1,30,59701,6,1,0,0,3,0,71,195,98,0,0,0,0,0,0,0,0,1,36,58,0,0,1,2,70,3,1,2,1,0,0,14,13,6,4,4,1,1,1
30,300049,1,1,1,4,5,11,25,38,0,1,0,30,1,20,481,20481,31,1999,2GCEK19V2X12,2,G,C,E,K,1,9,V,2,X,1,2,0,T,CHEV,SK1,3C,99,17,,2,1575,1435,SIL,G,,,8,293,,,,B,4621,00,,44,0,0,000000000,00000000000,0,0,0,1,0,0,0,0,0,0,0,998,0,0,0,12,6,2,35,0,0,1,1,30,59718,6,1,0,0,3,0,75,170,98,0,0,0,0,0,0,0,0,9,0,0,0,0,2,2,75,1,6,2,1,0,0,1,12,7,1,5,6,1,0
30,300050,1,1,1,4,5,20,10,1,0,1,0,30,2,23,481,23481,31,2002,2GTEK19T5211,2,G,T,E,K,1,9,T,5,2,1,1,0,T,GMC,NK1,4C,2,17,,2,1575,1435,SIE,G,,,8,325,,,,B,4910,02,U,44,0,0,000000000,00000000000,0,0,0,1,0,0,0,0,0,0,0,999,0,1,2,0,6,2,1,0,0,0,1,30,59327,6,1,0,0,3,3,67,120,98,0,0,1,0,4,2012,4,2012,9,58,0,0,0,1,2,70,1,1,2,1,0,0,1,13,8,4,4,2,1,1
30,300051,1,1,1,6,5,99,99,41,0,1,0,30,2,2,403,2403,14,1995,1J4FY19PXSP3,1,J,4,F,Y,1,9,P,X,S,P,3,0,T,JEEP,WSR,2W,95,17,,1,0,934,W/Y,G,,,4,150,,,,,2861,00,A,44,0,0,000000000,00000000000,0,0,0,1,0,0,0,0,0,0,0,998,0,1,6,14,6,2,1,0,0,0,1,30,59901,6,1,0,0,3,0,71,185,98,0,0,0,0,0,0,0,0,0,58,0,0,0,1,2,55,2,6,2,1,0,0,14,90,6,1,4,8,1,0
30,300052,1,2,1,8,5,12,25,24,0,1,0,30,2,42,401,42401,14,2000,4JGAB72E7YA1,4,J,G,A,B,7,2,E,7,Y,A,1,0,P,MERZ,ML4,UT,0,17,4310,,0,1110,,G,,F,8,260,,,17R275,,,,,,0,0,000000000,00000000000,0,0,0,1,0,0,0,0,0,0,0,70,0,0,0,61,6,2,12,0,0,0,1,30,59729,6,1,0,0,3,9,65,225,98,0,0,0,0,0,0,0,0,0,36,0,0,0,1,2,70,2,1,2,1,0,0,14,12,1,1,4,6,1,0
30,300052,2,2,2,8,5,12,25,24,0,1,0,30,1,20,473,20473,30,2011,1GCHTDFE6B81,1,G,C,H,T,D,F,E,6,B,8,1,1,T,CHEV,RLT,CW,11,17,,1,0,1260,CAL,G,,,5,226,,,,B,4070,00,,44,1,0,000000000,00000000000,0,0,0,1,0,0,0,0,0,0,0,55,0,0,0,12,6,2,12,0,0,0,1,30,59105,6,1,0,0,3,0,71,200,98,0,0,0,0,0,0,0,0,0,0,0,0,0,1,2,70,3,1,2,1,0,0,14,63,2,1,1,98,0,0
30,300053,1,1,1,8,5,18,5,24,0,1,0,30,1,53,706,53706,80,1980,GS850121656,G,S,8,5,0,1,2,1,6,5,6,,0,M,SUZI,GS8,RS,80,11,,,,,,,843,,4,,4,558,,,,,,,0,0,000000000,00000000000,0,0,0,1,0,0,0,0,0,0,0,998,0,0,0,12,6,2,24,0,0,0,1,30,59634,6,1,0,0,2,0,74,500,98,0,0,0,0,0,0,0,0,9,52,0,0,0,1,2,55,3,4,2,1,40,3,14,13,1,1,4,1,1,0
30,300054,1,1,1,13,5,4,10,57,0,1,0,30,1,20,481,20481,31,1994,2GCEK19K9R12,2,G,C,E,K,1,9,K,9,R,1,2,0,T,CHEV,GK1,PC,94,17,,2,1555,1415,GM4,G,,,8,350,,,,B,4032,00,,44,0,0,000000000,00000000000,0,0,0,1,0,0,0,0,0,0,0,998,0,1,5,5,6,2,1,0,0,0,1,30,59101,6,1,0,0,3,3,72,190,98,0,0,0,0,0,0,0,0,9,36,58,0,0,3,2,65,3,1,2,1,0,0,14,13,6,4,4,7,1,1
30,300055,1,1,1,19,5,2,30,1,0,1,0,30,2,12,35,12035,4,1998,1FAFP66L5WK2,1,F,A,F,P,6,6,L,5,W,K,2,0,P,FORD,LSS,4D,98,17,2864,,0,1065,,G,,F,6,155,,,15R205,,,,,,0,0,000000000,00000000000,0,0,0,1,0,0,0,0,0,0,0,998,0,2,5,0,6,2,1,0,0,0,1,30,59215,6,1,0,0,3,0,68,122,98,0,0,0,1,8,2010,8,2010,9,58,0,0,0,1,2,65,2,1,2,1,0,0,14,10,7,4,4,7,1,1
30,300056,1,1,3,20,5,4,30,35,0,1,0,30,2,20,481,20481,31,2002,1GCEK19T92Z2,1,G,C,E,K,1,9,T,9,2,Z,2,0,T,CHEV,SK1,4C,2,17,,2,1575,1435,SIL,G,,,8,325,,,,B,4910,02,,44,0,0,000000000,00000000000,0,0,0,1,0,0,0,0,0,0,0,70,0,1,5,8,6,2,1,0,0,0,1,30,59430,6,1,0,0,3,0,72,180,98,0,0,0,0,0,0,0,0,1,58,0,0,0,1,2,65,1,6,4,1,0,0,1,6,7,3,4,2,2,1
30,300057,1,2,2,20,5,16,5,12,6,1,0,30,2,12,17,12017,4,2000,1FAFP5520YG2,1,F,A,F,P,5,5,2,0,Y,G,2,0,P,FORD,TSS,4D,0,17,3333,,0,1085,,F,,F,6,182,,,16R215,,,,,,0,0,000000000,00000000000,0,0,0,1,0,0,0,0,0,0,0,998,0,0,0,2,6,2,12,0,0,0,1,30,59014,0,0,0,0,0,0,68,150,98,0,0,0,0,0,0,0,0,0,38,0,0,0,1,2,70,3,1,2,1,0,0,11,15,1,1,1,68,1,1
30,300057,2,2,4,20,5,16,5,12,6,1,0,56,1,22,18,22018,4,1997,1G2NE52M3VC7,1,G,2,N,E,5,2,M,3,V,C,7,0,P,PONT,GAS,4D,97,17,2752,,0,1034,,G,,F,6,191,,,14R195,,,,,,0,0,000000000,00000000000,0,0,0,1,0,0,0,0,0,0,0,998,0,0,0,12,6,2,12,0,0,0,1,56,82426,6,1,0,0,3,3,69,142,0,0,0,0,0,0,0,0,0,0,0,0,0,0,1,2,70,1,1,2,1,0,0,1,62,1,1,1,69,0,0
30,300058,1,2,1,31,5,10,14,12,2,1,0,30,3,98,881,98881,63,1995,10T3R0HH3S10,1,0,T,3,R,0,H,H,3,S,1,0,0,T,OSHK,SSE,TM,95,17,,8,0,0,SSE,D,,,6,611,,,,,00000,00,,86,0,57,1322263,571322263,3,2,5,1,0,0,0,0,0,0,0,40,0,0,0,12,6,2,12,0,0,0,1,30,59752,6,1,6,2,3,3,72,255,98,0,0,0,0,0,0,0,0,0,0,0,0,0,1,2,55,1,1,2,1,40,3,1,62,9,1,1,51,0,0
30,300058,2,2,1,31,5,10,14,12,2,1,0,30,1,12,471,12471,30,2005,1FTYR15E55PA,1,F,T,Y,R,1,5,E,5,5,P,A,0,T,FORD,RNS,PC,5,17,,1,0,1259,RNG,G,,,6,245,,,,B,3697,00,U,44,0,0,000000000,00000000000,0,0,0,1,0,0,0,0,0,0,0,62,0,0,0,12,6,2,12,0,0,0,1,30,59715,6,1,0,0,3,0,68,140,98,0,0,0,1,6,2009,6,2009,0,28,0,0,0,1,2,55,1,1,2,1,40,3,1,10,1,1,2,50,1,0
30,300059,1,1,2,2,6,15,12,59,0,1,0,30,1,12,422,12422,15,1999,1FMPU18L1XLB,1,F,M,P,U,1,8,L,1,X,L,B,0,P,FORD,EPT,UT,99,17,5177,,0,1191,,G,,F,8,330,,,17R265,,,,,,0,0,000000000,00000000000,0,0,0,1,0,0,0,0,0,0,0,72,0,1,5,12,6,2,1,0,0,0,1,30,59417,6,1,0,0,3,0,69,200,98,0,0,0,1,5,2010,5,2010,1,58,0,0,0,1,2,45,3,5,2,1,0,0,14,13,6,4,4,1,1,1
30,300060,1,1,1,2,6,20,31,1,0,1,0,30,1,20,481,20481,31,2006,1GCEK19T66Z2,1,G,C,E,K,1,9,T,6,6,Z,2,0,T,CHEV,SK1,4C,6,17,,2,1575,1340,SIL,G,,,8,323,,,,B,5050,00,,44,0,0,000000000,00000000000,0,0,0,1,0,0,0,0,0,0,0,998,0,2,5,0,6,2,30,0,0,0,1,30,59250,6,1,6,0,3,0,68,190,98,0,0,0,0,0,0,0,0,9,58,0,0,0,1,2,70,1,1,2,1,0,0,1,13,6,4,4,7,1,1
30,300061,1,1,1,3,6,19,35,59,0,1,0,30,2,12,471,12471,30,1996,1FTDR15X3TPA,1,F,T,D,R,1,5,X,3,T,P,A,0,T,FORD,RNS,PC,96,17,,1,0,1250,RNG,G,,,6,245,,,,B,00000,00,B,44,0,0,000000000,00000000000,0,0,0,1,0,0,0,0,0,0,0,998,0,1,5,2,6,2,1,0,0,0,1,30,59759,6,1,0,0,3,0,63,120,98,0,0,0,0,0,0,0,0,1,58,0,0,0,1,2,70,3,5,2,1,0,0,14,6,6,4,4,1,1,1
30,300062,1,1,1,4,6,18,5,35,0,1,0,30,1,20,19,20019,2,1991,1G1LW13T1ME2,1,G,1,L,W,1,3,T,1,M,E,2,0,P,CHEV,BGT,CP,91,17,2719,,0,1034,,G,,F,6,191,,,15R205,,,,,,0,0,000000000,00000000000,0,0,0,1,0,0,0,0,0,0,0,42,0,1,5,12,6,2,1,0,0,0,1,30,59917,6,1,0,0,3,3,70,175,98,0,0,0,0,0,0,0,0,1,58,0,0,0,1,2,35,3,6,4,1,0,0,14,6,6,4,4,7,1,1
30,300063,1,2,1,4,6,10,26,12,6,1,0,30,1,59,402,59402,14,2007,JTJBT20X4701,J,T,J,B,T,2,0,X,4,7,0,1,0,P,LEXS,GX7,UT,7,17,4871,,0,1098,,G,,F,8,285,,,17R265,,,,,,0,0,000000000,00000000000,0,0,0,1,0,0,0,0,0,0,0,70,0,1,1,12,6,2,12,0,0,0,1,30,59106,6,1,0,0,3,1,70,190,98,0,0,0,1,4,2011,4,2011,1,51,0,0,0,2,2,45,1,1,2,1,98,3,1,8,1,1,2,98,0,0
30,300063,2,2,1,4,6,10,26,12,6,1,0,30,1,37,32,37032,4,2007,1HGCM66547A0,1,H,G,C,M,6,6,5,4,7,A,0,0,P,HOND,UEX,4D,7,17,3371,,0,1079,,G,,F,6,183,,,17R215,,,,,,0,0,000000000,00000000000,0,0,0,1,0,0,0,0,0,0,0,15,0,0,0,9,6,2,12,0,0,0,1,30,59101,6,1,0,0,3,1,64,150,98,0,0,0,0,0,0,0,0,0,0,0,0,0,2,2,45,1,1,2,1,98,3,10,66,1,1,1,98,1,0
30,300064,1,2,1,4,6,10,33,12,11,1,0,30,2,20,443,20443,20,2000,1GNDX03E3YD3,1,G,N,D,X,0,3,E,3,Y,D,3,0,T,CHEV,VTR,ES,0,17,,1,0,1200,VTR,G,,,6,207,,,,,3838,00,,42,0,0,000000000,00000000000,0,0,0,1,0,0,0,0,0,0,0,998,0,0,0,10,4,3,12,0,0,0,1,30,59714,6,1,0,0,3,0,66,300,98,0,0,1,1,4,2011,6,2012,0,6,38,0,0,1,2,45,1,1,2,1,4,3,11,15,1,1,1,82,0,0
30,300064,2,2,1,4,6,10,33,12,11,1,0,30,2,72,706,72706,80,1988,1HD1FAL15JY5,1,H,D,1,F,A,L,1,5,J,Y,5,0,M,HD,FHS,RS,88,17,,,,,,,1340,,2,,4,580,,,,,,,0,0,000000000,00000000000,0,0,0,1,0,0,0,0,0,0,0,998,0,0,0,2,6,2,12,0,0,0,1,30,59714,6,1,0,0,2,3,74,200,98,0,0,0,2,10,2011,10,2011,0,0,0,0,0,1,4,60,1,1,2,1,4,3,1,67,8,2,1,83,1,0
30,300065,1,1,1,6,6,12,40,1,0,1,0,49,1,23,481,23481,31,2006,3GTEK14Z76G2,3,G,T,E,K,1,4,Z,7,6,G,2,0,T,GMC,NK1,PK,6,17,,2,1330,1190,SIE,F,,,8,323,,,,B,4508,01,4,44,0,0,000000000,00000000000,0,0,0,1,0,0,0,0,0,0,0,998,0,1,5,0,6,2,1,0,0,0,1,4,85301,6,1,0,0,3,0,68,195,0,0,0,3,0,2,2010,9,2011,1,58,0,0,0,1,2,70,1,5,2,1,0,0,1,12,7,4,4,2,1,1
30,300066,1,1,6,7,6,9,35,1,0,1,0,30,2,7,402,7402,14,1998,1B4HS28Y8WF2,1,B,4,H,S,2,8,Y,8,W,F,2,0,P,DODG,DUR,UT,98,17,4349,,0,1159,,G,,F,8,318,,,15R235,,,,,,0,0,000000000,00000000000,0,0,0,1,0,0,0,0,0,0,0,998,0,2,1,0,6,2,1,0,0,0,1,30,59870,1,1,0,0,2,0,65,230,98,0,0,3,0,10,2009,2,2010,9,58,6,0,0,1,2,65,1,1,2,1,0,0,1,13,6,1,6,98,1,0
30,300067,1,1,1,7,6,20,20,35,0,1,0,30,1,98,739,98739,90,2012,4XAVH76A8CF3,4,X,A,V,H,7,6,A,8,C,F,3,0,M,POLS,RZ8,AT,12,17,,,,,,,760,,2,,4,978,,,,,,,0,0,000000000,00000000000,0,0,0,1,0,0,0,0,0,0,0,998,0,1,5,10,6,2,35,0,0,0,1,30,59632,6,1,0,0,1,0,70,265,98,0,0,0,0,0,0,0,0,1,8,0,0,0,1,2,25,3,1,4,1,0,0,14,6,7,3,4,7,1,1
30,300068,1,1,1,9,6,19,5,1,0,1,0,30,1,23,481,23481,31,1998,1GTEK14R4WZ5,1,G,T,E,K,1,4,R,4,W,Z,5,0,T,GMC,SK1,PK,98,17,,2,1315,1175,SIE,G,,,8,350,,,,B,4415,00,U,44,0,0,000000000,00000000000,0,0,0,1,0,0,0,0,0,0,0,79,0,1,5,0,6,2,1,0,0,0,1,30,59711,6,1,0,0,3,0,72,200,98,0,0,0,0,0,0,0,0,1,58,8,0,0,2,2,70,2,1,2,1,0,0,14,12,7,3,4,2,1,1
30,300069,1,2,3,14,6,2,26,12,1,1,0,30,2,7,43,7043,4,2003,1B3EL46X33N6,1,B,3,E,L,4,6,X,3,3,N,6,0,P,DODG,STX,4D,3,17,3099,,0,1080,,G,,F,4,148,,,16R205,,,,,,0,0,000000000,00000000000,0,0,0,1,0,0,0,0,0,0,0,998,2,1,5,6,6,2,12,0,0,0,1,13,31705,1,1,0,0,2,3,72,230,98,2,1,0,2,2,2010,11,2010,0,0,0,0,0,1,2,35,1,1,2,2,0,0,1,53,10,1,1,25,1,1
30,300069,2,2,1,14,6,2,26,12,1,1,0,30,2,22,22,22022,4,2006,1G2ZG5582641,1,G,2,Z,G,5,5,8,2,6,4,1,0,P,PONT,GS1,4D,6,17,3419,,0,1123,,G,,F,6,214,,,16R215,,,,,,0,0,000000000,00000000000,0,0,0,1,0,0,0,0,0,0,0,85,2,0,0,12,6,2,12,0,0,0,1,30,59521,6,1,0,0,3,2,71,210,98,0,0,0,0,0,0,0,0,1,8,74,0,0,1,2,35,1,1,2,2,0,0,1,51,3,1,1,24,0,1
30,300070,1,1,1,13,6,16,0,1,0,1,0,30,1,6,43,6043,4,2007,1C3LC56R17N5,1,C,3,L,C,5,6,R,1,7,N,5,0,P,CHRY,STO,4D,7,17,3290,,0,1089,,G,,F,6,167,,,17R215,,,,,,0,0,000000000,00000000000,0,0,0,1,0,0,0,0,0,0,0,998,0,2,1,0,6,2,1,0,0,0,1,38,58801,6,1,0,0,3,0,61,115,1,0,0,1,1,11,2009,4,2012,0,58,6,0,0,2,2,75,1,1,2,1,0,0,1,13,6,3,6,98,1,0
30,300071,1,2,1,15,6,20,50,12,2,1,0,30,1,72,706,72706,80,1981,1HD1BEK10BY0,1,H,D,1,B,E,K,1,0,B,Y,0,0,M,HD,FXW,RS,81,17,,,,,,,1340,,2,,4,780,,,,,,,0,0,000000000,00000000000,0,0,0,1,0,0,0,0,0,0,0,998,0,0,0,12,6,2,12,0,0,0,1,30,59602,6,1,6,0,3,0,70,205,98,0,0,0,0,0,0,0,0,1,28,39,0,0,1,2,60,3,5,2,1,0,0,14,10,1,1,2,50,1,0
30,300071,2,2,1,15,6,20,50,12,2,1,0,32,4,35,50,35050,4,2012,3N1CN7AP6CL8,3,N,1,C,N,7,A,P,6,C,L,8,0,P,NISS,VVS,4D,12,17,2350,,0,1024,,G,,F,4,098,,,15R185,,,,,,0,0,000000000,00000000000,0,0,0,1,0,0,0,0,0,0,0,998,0,0,0,12,4,3,12,0,0,0,1,22,70601,6,1,0,0,3,0,66,140,0,1,0,0,0,9,2011,9,2011,0,0,0,0,0,1,2,60,2,5,2,1,0,0,14,62,1,1,1,51,0,0
30,300072,1,1,3,16,6,6,10,1,0,1,0,30,1,20,401,20401,14,2003,1GNDT13X23K1,1,G,N,D,T,1,3,X,2,3,K,1,0,P,CHEV,BZR,UT,3,17,4114,,0,1070,,G,,F,6,262,,,16R235,,,,,,0,0,000000000,00000000000,0,0,0,1,0,0,0,0,0,0,0,998,0,1,1,0,6,2,1,0,0,0,1,30,59860,6,1,0,0,3,0,68,170,98,0,0,0,0,0,0,0,0,0,58,0,0,0,2,2,75,1,6,2,1,0,0,1,12,7,2,1,98,1,0
30,300073,1,2,1,17,6,22,42,12,6,1,0,30,2,48,401,48401,14,2006,JF1SG65666H7,J,F,1,S,G,6,5,6,6,6,H,7,0,P,SUBA,FOR,UT,6,17,3165,,0,994,,G,,F,4,152,,,16R215,,,,,,0,0,000000000,00000000000,0,0,0,1,0,0,0,0,0,0,0,50,0,1,1,9,6,2,12,0,0,0,1,2,99510,6,1,0,0,3,1,69,145,99,99,99,99,99,99,9999,99,9999,1,36,51,0,0,1,2,35,3,1,2,1,0,0,14,10,7,3,2,64,1,1
30,300073,2,2,2,17,6,22,42,12,6,1,0,30,3,37,32,37032,4,1989,JHMCA5647KC0,J,H,M,C,A,5,6,4,7,K,C,0,0,P,HOND,LXI,4D,89,17,2553,,0,1024,,G,,F,4,119,,,14R195,,,,,,0,0,000000000,00000000000,0,0,0,1,0,0,0,0,0,0,0,35,0,0,0,12,6,2,12,0,0,0,1,30,59865,6,1,0,0,3,1,68,195,98,0,0,0,0,0,0,0,0,0,0,0,0,0,1,2,35,2,1,2,1,0,0,14,62,7,1,1,65,0,0
30,300074,1,1,1,19,6,0,15,31,0,1,0,30,2,37,705,37705,80,1983,JH2RC1108DM0,J,H,2,R,C,1,1,0,8,D,M,0,0,M,HOND,CX6,RC,83,17,,,,,,,650,,2,,4,432,,,,,,,0,0,000000000,00000000000,0,0,0,1,0,0,0,0,0,0,0,998,0,0,0,14,6,2,1,0,0,0,1,30,59602,6,1,0,0,3,3,73,177,98,0,0,0,0,0,0,0,0,9,0,0,0,0,1,2,65,3,1,2,1,0,0,14,13,1,1,4,1,1,1
30,300075,1,2,1,9,6,0,43,12,1,1,1,30,1,37,32,37032,4,2003,JHMCM56643C0,J,H,M,C,M,5,6,6,4,3,C,0,0,P,HOND,UEX,4D,3,17,3109,,0,1079,,G,,F,4,146,,,16R205,,,,,,0,0,000000000,00000000000,0,0,0,1,0,0,0,0,0,0,0,998,0,0,0,12,9,4,12,0,0,0,1,30,59105,6,1,0,0,3,0,71,165,98,0,0,0,1,6,2010,6,2010,9,26,0,0,0,1,2,60,1,1,2,1,0,0,1,51,1,1,1,24,0,1
30,300075,2,2,1,9,6,0,43,12,1,1,0,30,1,72,706,72706,80,1979,3A54228H9,3,A,5,4,2,2,8,H,9,,,,0,M,HD,XLH,RS,79,9,,,,,,,1000,,2,,4,504,,,,,,,0,0,000000000,00000000000,0,0,0,1,0,0,0,0,0,0,0,998,0,0,0,6,6,2,12,0,0,0,1,30,59102,6,1,0,0,3,1,73,190,98,0,0,0,0,0,0,0,0,9,0,0,0,0,1,2,60,1,1,2,1,0,0,1,53,1,1,1,25,1,0
30,300076,1,1,2,20,6,6,51,8,0,1,0,30,1,20,481,20481,31,1985,1GCEC14H3FF3,1,G,C,E,C,1,4,H,3,F,F,3,0,T,CHEV,C10,PK,85,17,,2,1315,1175,C10,G,,,8,305,,,,B,3319,07,,42,0,0,000000000,00000000000,0,0,0,1,0,0,0,0,0,0,0,998,0,0,0,1,6,2,8,0,0,0,1,30,59105,6,1,0,0,3,1,71,230,98,0,0,1,0,1,2012,1,2012,1,79,58,0,0,1,3,35,2,1,2,2,20,3,10,6,98,9,4,2,0,0
30,300077,1,1,1,21,6,21,30,1,0,1,0,30,1,7,482,7482,31,1996,3B7HF13Y8TG1,3,B,7,H,F,1,3,Y,8,T,G,1,0,T,DODG,150,PC,96,17,,2,1547,1387,RPC,G,,,8,318,,,,B,4725,01,M,44,0,0,000000000,00000000000,0,0,0,1,0,0,0,0,0,0,0,80,0,1,5,0,6,2,1,0,0,0,1,30,59523,6,1,6,0,3,0,65,170,98,0,0,0,0,0,0,0,0,1,58,6,0,0,1,2,70,2,1,2,1,0,0,14,12,7,4,4,1,1,1
30,300078,1,1,1,22,6,16,55,26,0,1,0,30,1,73,706,73706,80,2003,JKBVNCA113B5,J,K,B,V,N,C,A,1,1,3,B,5,0,M,KAWK,VN8,RS,3,17,,,,,,,800,,2,,4,496,,,,,,,0,0,000000000,00000000000,0,0,0,1,0,0,0,0,0,0,0,998,0,0,0,12,6,2,26,0,0,0,1,47,38068,6,1,0,0,2,3,69,195,0,0,0,0,0,0,0,0,0,0,77,0,0,0,1,2,70,3,5,2,1,0,0,14,8,3,2,4,1,1,0
30,300079,1,1,1,23,6,17,40,53,0,1,0,30,2,20,431,20431,16,1998,1GNFK16R3WJ3,1,G,N,F,K,1,6,R,3,W,J,3,0,P,CHEV,K15,UT,98,17,4825,,0,1315,,G,,F,8,350,,,16R245,,,,,,0,0,000000000,00000000000,0,0,0,1,0,0,0,0,0,0,0,998,0,2,5,11,6,2,1,0,0,0,1,30,59901,6,1,0,0,3,0,71,150,98,0,0,0,1,4,2012,4,2012,1,58,8,0,0,1,2,35,3,1,2,1,0,0,14,13,6,4,4,2,1,1
30,300080,1,1,2,1,6,22,29,5,0,1,0,16,1,37,421,37421,15,2005,2HKYF18695H5,2,H,K,Y,F,1,8,6,9,5,H,5,0,P,HOND,PIL,UT,5,17,4431,,0,1063,,G,,F,6,212,,,16R235,,,,,,0,0,000000000,00000000000,0,0,0,1,0,0,0,0,0,0,0,30,0,0,0,0,0,1,5,0,0,0,1,16,83406,6,1,6,0,3,0,69,180,0,0,0,1,0,9,2011,9,2011,0,0,0,0,0,1,2,30,1,1,2,1,0,0,1,98,1,1,1,0,1,1
30,300081,1,2,1,26,6,0,5,12,2,1,0,30,1,20,402,20402,14,2000,2CNBJ13C2Y69,2,C,N,B,J,1,3,C,2,Y,6,9,0,P,CHEV,TKR,UT,0,17,2987,,0,976,,G,,F,4,122,,,15R205,,,,,,0,0,000000000,00000000000,0,0,0,1,0,0,0,0,0,0,0,998,0,0,0,12,6,2,12,0,0,0,1,30,59802,6,1,0,0,3,0,66,115,98,0,0,1,2,9,2011,3,2012,0,39,28,0,0,2,2,75,1,1,2,1,0,0,1,10,1,1,2,50,1,1
30,300081,2,2,2,26,6,0,5,12,2,1,0,35,2,12,481,12481,31,1996,1FTEF15Y2TLA,1,F,T,E,F,1,5,Y,2,T,L,A,0,T,FORD,F15,PK,96,17,,2,1330,1170,COF,G,,,6,300,,,,B,4065,00,M,42,0,0,000000000,00000000000,0,0,0,1,0,0,0,0,0,0,0,70,0,0,0,12,6,2,12,0,0,0,1,35,87505,6,1,0,0,3,1,68,160,98,0,0,0,0,0,0,0,0,0,0,0,0,0,2,2,75,1,1,2,1,0,0,6,54,1,1,1,51,0,0
30,300082,1,1,2,27,6,23,18,14,0,1,0,30,1,2,403,2403,14,2005,1J4FA49S25P3,1,J,4,F,A,4,9,S,2,5,P,3,0,T,JEEP,SPW,2W,5,17,,1,0,934,W/T,G,,,6,244,,,,,3366,00,E,44,0,0,000000000,00000000000,0,0,0,1,0,0,0,0,0,0,0,71,0,0,0,12,6,2,14,0,0,0,1,30,59401,6,1,6,0,3,0,69,185,98,0,0,0,1,2,2012,2,2012,1,8,0,0,0,1,2,25,1,1,2,1,0,0,1,50,1,1,4,11,1,1
30,300083,2,1,2,29,6,12,44,18,0,1,0,29,1,49,46,49046,4,2009,JTDKB20U4935,J,T,D,K,B,2,0,U,4,9,3,5,0,P,TOYT,PRI,4H,9,17,2932,,0,1063,,B,,F,4,091,,,15R185,,,,,,0,0,000000000,00000000000,0,0,0,1,0,0,0,0,0,0,0,998,0,0,0,1,6,2,8,0,0,0,1,29,65201,6,1,0,0,3,0,69,190,0,0,0,0,0,0,0,0,0,9,6,0,0,0,3,2,75,1,5,2,1,0,0,1,11,1,1,4,1,0,0