STATE,ST_CASE,VEH_NO,VE_FORMS,NUMOCCS,DAY,MONTH,HOUR,MINUTE,HARM_EV,MAN_COLL,UNITTYPE,HIT_RUN,REG_STAT,OWNER,MAKE,MODEL,MAK_MOD,BODY_TYP,MOD_YEAR,VIN,VIN_1,VIN_2,VIN_3,VIN_4,VIN_5,VIN_6,VIN_7,VIN_8,VIN_9,VIN_10,VIN_11,VIN_12,TOW_VEH,VINTYPE,VINMAKE,VINA_MOD,VIN_BT,VINMODYR,VIN_LNGT,VIN_WGT,WGTCD_TR,WHLBS_LG,WHLBS_SH,SER_TR,FUELCODE,MCYCL_DS,CARBUR,CYLINDER,DISPLACE,MCYCL_CY,MCYCL_WT,TIRE_SZE,TON_RAT,TRK_WT,TRKWTVAR,VIN_REST,WHLDRWHL,J_KNIFE,MCARR_I1,MCARR_I2,MCARR_ID,GVWR,V_CONFIG,CARGO_BT,HAZ_INV,HAZ_PLAC,HAZ_ID,HAZ_CNO,HAZ_REL,BUS_USE,SPEC_USE,EMER_USE,TRAV_SP,UNDERIDE,ROLLOVER,ROLINLOC,IMPACT1,DEFORMED,TOWED,M_HARM,VEH_SC1,VEH_SC2,FIRE_EXP,DR_PRES,L_STATE,DR_ZIP,L_STATUS,L_TYPE,CDL_STAT,L_ENDORS,L_COMPL,L_RESTRI,DR_HGT,DR_WGT,PREV_ACC,PREV_SUS,PREV_DWI,PREV_SPD,PREV_OTH,FIRST_MO,FIRST_YR,LAST_MO,LAST_YR,SPEEDREL,DR_SF1,DR_SF2,DR_SF3,DR_SF4,VTRAFWAY,VNUM_LAN,VSPD_LIM,VALIGN,VPROFILE,VPAVETYP,VSURCOND,VTRAFCON,VTCONT_F,P_CRASH1,P_CRASH2,P_CRASH3,PCRASH4,PCRASH5,ACC_TYPE,DEATHS,DR_DRINK
30,300084,1,1,1,29,6,18,12,31,0,1,0,30,2,20,20,20020,9,1993,1GNDU06D2PT1,1,G,N,D,U,0,6,D,2,P,T,1,0,P,CHEV,L/M,SV,93,17,3100,,0,1098,,G,,F,6,191,,,15R205,,,,,,0,0,000000000,00000000000,0,0,0,1,0,0,0,0,0,0,0,64,0,1,5,9,6,2,1,0,0,1,1,30,59417,2,1,0,0,2,3,70,130,98,0,0,0,0,0,0,0,0,0,58,6,0,0,1,2,70,3,6,2,1,0,0,14,13,6,4,4,7,1,1
30,300085,1,1,1,30,6,12,10,1,0,1,0,38,2,23,401,23401,14,2000,1GKDT13W1Y22,1,G,K,D,T,1,3,W,1,Y,2,2,0,T,GMC,J/E,4W,0,17,,1,0,1070,J/E,G,,,6,262,,,,B,4049,01,E,44,0,0,000000000,00000000000,0,0,0,1,0,0,0,0,0,0,0,998,0,1,1,0,6,2,1,0,0,0,1,38,58601,6,1,0,0,3,0,999,999,1,0,0,0,1,5,2012,5,2012,0,58,0,0,0,2,2,75,1,6,2,1,0,0,1,12,7,3,6,98,1,0
30,300086,1,1,2,1,7,23,3,31,0,1,0,30,1,20,481,20481,31,2004,1GCEK19TX4E2,1,G,C,E,K,1,9,T,X,4,E,2,0,T,CHEV,SK1,4C,4,17,,2,1575,1435,SIL,G,,,8,325,,,,B,4925,00,,44,0,0,000000000,00000000000,0,0,0,1,0,0,0,0,0,0,0,82,0,1,3,12,6,2,1,0,0,0,1,30,59808,6,1,0,0,3,0,67,170,98,0,1,0,1,11,2011,11,2011,1,36,58,0,0,2,2,75,2,1,2,1,0,0,14,12,7,4,4,7,1,1
30,300087,1,1,1,3,7,13,24,1,0,1,0,30,2,7,25,7025,5,2008,1B3HB48B48D6,1,B,3,H,B,4,8,B,4,8,D,6,0,P,DODG,CXT,4D,8,17,3039,,0,1037,,G,,F,4,122,,,17R215,,,,,,0,0,000000000,00000000000,0,0,0,1,0,0,0,0,0,0,0,998,0,2,3,0,6,2,1,0,0,0,1,30,59851,6,1,0,0,3,3,60,120,98,0,0,0,0,0,0,0,0,9,58,0,0,0,2,2,75,1,5,2,1,0,0,1,12,7,1,4,6,1,0
30,300088,1,3,2,3,7,15,12,12,1,1,0,53,1,72,706,72706,80,2006,1HD1FFW3X6Y7,1,H,D,1,F,F,W,3,X,6,Y,7,1,M,HD,TCI,RS,6,17,,,,,,,1450,,2,,4,776,,,,,,,1,0,000000000,00000000000,0,0,0,1,0,0,0,0,0,0,0,998,0,0,0,12,6,2,12,0,0,0,1,53,99354,6,1,0,0,3,0,69,190,0,0,0,0,0,0,0,0,0,0,6,0,0,0,1,2,55,1,1,2,1,0,0,1,52,3,2,1,28,1,0
30,300088,2,3,1,3,7,15,12,12,1,1,0,30,1,49,401,49401,14,1989,JT4VN62N2K00,J,T,4,V,N,6,2,N,2,K,0,0,0,P,TOYT,RUN,UT,89,17,0,,0,1030,,G,,F,6,180,,,000000,,,,,,0,0,000000000,00000000000,0,0,0,1,0,0,0,0,0,0,0,998,0,0,0,6,2,1,12,0,0,0,1,30,59047,6,1,0,0,3,3,69,150,98,0,0,0,0,0,0,0,0,0,0,0,0,0,1,2,55,1,1,2,1,0,0,2,53,7,1,1,29,0,0
30,300088,3,3,1,3,7,15,12,12,1,1,0,30,1,21,20,21020,4,1989,2G3AM51N5K24,2,G,3,A,M,5,1,N,5,K,2,4,0,P,OLDS,CSL,4D,89,17,2671,,0,1049,,G,,F,6,204,,,14R185,,,,,,0,0,000000000,00000000000,0,0,0,1,0,0,0,0,0,0,0,998,0,0,0,12,4,1,54,0,0,0,1,30,59047,6,1,0,0,3,0,67,160,98,0,0,0,0,0,0,0,0,0,0,0,0,0,1,2,55,1,1,2,1,0,0,1,62,3,1,1,98,0,0
30,300089,1,1,2,4,7,2,0,1,0,1,0,30,2,7,482,7482,31,2003,1D7HU18D73S3,1,D,7,H,U,1,8,D,7,3,S,3,0,T,DODG,SQ1,CW,3,17,,2,1605,1405,RPC,G,,,8,345,,,,B,5005,02,E,44,0,0,000000000,00000000000,0,0,0,1,0,0,0,0,0,0,0,74,0,1,5,0,6,2,1,0,0,0,1,30,59501,6,1,0,0,3,0,74,165,98,0,0,1,0,8,2011,8,2011,1,0,0,0,0,1,2,65,1,5,2,1,0,0,1,6,6,4,4,1,1,1
30,300090,1,1,1,4,7,21,0,38,0,1,0,30,1,12,16,12016,4,1994,2FALP74WXRX1,2,F,A,L,P,7,4,W,X,R,X,1,0,P,FORD,CVL,4D,94,17,3786,,0,1144,,G,,F,8,281,,,15R215,,,,,,0,0,000000000,00000000000,0,0,0,1,0,0,0,0,0,0,0,50,0,1,5,12,6,2,1,0,0,0,1,30,59864,6,1,0,0,3,0,66,200,98,0,0,0,4,7,2011,12,2011,1,39,58,0,0,1,2,45,1,1,4,1,0,0,1,12,7,4,4,7,1,1
30,300091,1,2,2,5,7,15,58,12,6,1,0,30,3,20,481,20481,31,1997,1GBHK34J0VE1,1,G,B,H,K,3,4,J,0,V,E,1,0,T,CHEV,GK3,CB,97,17,,2,1595,1315,GM4,G,,,8,454,,,,D,00000,00,,44,0,0,000000000,00000000000,0,0,0,1,0,0,0,0,0,0,0,40,0,0,0,12,6,2,12,0,0,0,1,30,59715,6,1,6,0,3,0,67,140,98,0,0,0,0,0,0,0,0,0,0,0,0,0,1,2,45,1,1,2,2,0,0,1,66,1,1,1,86,0,0
30,300091,2,2,2,5,7,15,58,12,6,1,0,46,2,9,20,9020,4,1997,1P3ES47CXVD1,1,P,3,E,S,4,7,C,X,V,D,1,0,P,PLYM,NHE,4D,97,17,2517,,0,1040,,G,,F,4,122,,,14R185,,,,,,0,0,000000000,00000000000,0,0,0,1,0,0,0,0,0,0,0,60,0,0,0,3,6,2,12,0,0,0,1,46,57758,2,1,0,0,2,2,69,125,0,0,0,0,0,0,0,0,0,1,39,36,38,74,1,2,45,1,1,2,2,20,3,1,17,1,1,1,87,1,1
30,300092,1,1,2,5,7,21,30,1,0,1,0,56,1,12,471,12471,30,1997,1FTCR10A4VPB,1,F,T,C,R,1,0,A,4,V,P,B,0,T,FORD,RNG,PK,97,17,,1,1140,1080,RNG,G,,,4,140,,,,B,2970,01,E,42,0,0,000000000,00000000000,0,0,0,1,0,0,0,0,0,0,0,998,0,2,1,0,6,2,52,0,0,0,1,56,82414,1,1,0,0,2,0,999,99,0,5,2,0,2,11,2009,6,2012,1,58,0,0,0,1,2,70,1,1,2,1,0,0,6,6,7,4,6,98,1,1
30,300093,1,2,1,5,7,23,45,12,6,1,0,30,2,73,703,73703,83,2006,JSKDF43E9621,J,S,K,D,F,4,3,E,9,6,2,1,0,M,KAWK,LXB,EN,6,17,,,,,,,125,,1,,4,179,,,,,,,0,0,000000000,00000000000,0,0,0,1,0,0,0,0,0,0,0,998,0,0,0,12,6,2,12,0,0,0,1,30,59728,0,0,0,0,1,0,999,999,98,0,0,0,0,0,0,0,0,0,6,51,52,0,1,2,65,2,6,2,1,0,0,99,99,99,1,3,98,1,1
30,300093,2,2,2,5,7,23,45,12,6,1,0,30,2,76,702,76702,83,2005,9C6CE12YX500,9,C,6,C,E,1,2,Y,X,5,0,0,0,M,YAMA,R5L,T,5,17,,,,,,,124,,1,,4,999,,,,,,,0,0,000000000,00000000000,0,0,0,1,0,0,0,0,0,0,0,998,0,0,0,82,6,2,12,0,0,0,1,30,59728,0,0,0,0,1,0,999,999,98,0,0,0,0,0,0,0,0,9,6,52,0,0,1,2,65,3,6,2,1,0,0,99,99,9,1,3,98,1,1
30,300094,1,1,1,29,6,23,55,1,0,1,0,16,2,20,25,20025,4,2012,1G1PF5SCXC73,1,G,1,P,F,5,S,C,X,C,7,3,0,P,CHEV,CZT,4D,12,17,3102,,0,1057,,G,,T,4,085,,,16R215,,,,,,0,0,000000000,00000000000,0,0,0,1,0,0,0,0,0,0,0,998,0,2,5,0,6,2,3,0,0,0,1,30,59873,6,1,0,0,3,0,65,175,98,0,0,0,0,0,0,0,0,0,6,0,0,0,1,2,35,3,5,2,1,0,0,14,13,1,1,4,1,1,1
30,300095,1,1,2,7,7,5,27,53,0,1,0,30,2,12,481,12481,31,1997,1FTEX18L1VKC,1,F,T,E,X,1,8,L,1,V,K,C,0,T,FORD,F15,3C,97,17,,2,1570,1390,COF,G,,,8,330,,,,B,4480,01,E,44,0,0,000000000,00000000000,0,0,0,1,0,0,0,0,0,0,0,998,0,0,0,12,6,2,58,0,0,0,1,30,59521,6,1,0,0,3,0,68,192,98,0,0,0,0,0,0,0,0,0,6,0,0,0,1,2,65,1,1,2,1,0,0,1,13,1,1,4,1,1,0
30,300096,1,1,3,7,7,10,55,1,0,1,0,30,2,20,482,20482,31,2004,3GNEK12T64G1,3,G,N,E,K,1,2,T,6,4,G,1,0,T,CHEV,KAV,CW,4,17,,2,0,1300,AVL,G,,,8,325,,,,B,5678,00,,44,0,0,000000000,00000000000,0,0,0,1,0,0,0,0,0,0,0,998,0,1,1,0,6,2,1,0,0,0,1,30,59474,1,1,0,0,2,0,65,170,98,0,0,0,0,0,0,0,0,1,6,8,58,0,2,2,65,2,1,2,1,0,0,6,12,7,4,2,98,2,0
30,300097,1,1,1,8,7,10,15,30,0,1,0,95,1,72,706,72706,80,2006,5HD1FCW156Y7,5,H,D,1,F,C,W,1,5,6,Y,7,0,M,HD,FLU,RS,6,17,,,,,,,1450,,2,,4,788,,,,,,,0,0,000000000,00000000000,0,0,0,1,0,0,0,0,0,0,0,998,0,0,0,3,6,2,1,0,0,0,1,95,0,6,1,0,0,3,0,999,999,99,99,99,99,99,99,9999,99,9999,0,0,0,0,0,6,2,75,1,6,2,1,0,0,2,11,1,1,4,1,1,0
30,300098,1,1,1,10,7,18,15,1,0,1,0,30,1,72,706,72706,80,2010,1HD1KEM12AB6,1,H,D,1,K,E,M,1,2,A,B,6,0,M,HD,FTK,RS,10,17,,,,,,,1690,,2,,4,901,,,,,,,0,0,000000000,00000000000,0,0,0,1,0,0,0,0,0,0,0,80,0,0,0,0,6,2,1,0,0,0,1,30,59102,6,1,6,0,3,3,70,270,98,0,0,1,0,7,2011,7,2011,1,0,0,0,0,2,2,75,2,6,2,1,0,0,6,12,2,1,4,6,1,0
30,300099,1,2,1,14,7,18,35,11,0,1,0,30,1,72,706,72706,80,2010,1HD1KH412AB6,1,H,D,1,K,H,4,1,2,A,B,6,0,M,HD,LRX,RS,10,17,,,,,,,1584,,2,,4,805,,,,,,,0,0,000000000,00000000000,0,0,0,1,0,0,0,0,0,0,0,65,0,0,0,12,2,3,54,0,0,0,1,30,59808,6,1,6,0,3,0,68,165,98,0,0,0,0,0,0,0,0,0,0,0,0,0,1,2,70,1,3,2,1,40,3,1,87,3,1,1,13,1,0
30,300099,2,2,6,14,7,18,35,11,0,1,0,16,1,12,422,12422,15,2000,1FMPU18L2YLB,1,F,M,P,U,1,8,L,2,Y,L,B,1,P,FORD,EPT,UT,0,17,5401,,0,1191,,G,,F,8,330,,,16R255,,,,,,1,0,000000000,00000000000,0,0,0,1,0,0,0,0,0,0,0,998,0,0,0,12,6,2,35,0,0,0,1,49,84078,6,1,0,0,3,0,62,130,98,0,0,0,0,0,0,0,0,0,0,0,0,0,1,2,70,1,3,2,1,0,0,1,90,9,1,2,98,0,0
30,300100,1,1,1,17,7,4,10,1,0,1,0,30,1,2,404,2404,14,1994,1J4GZ58S6RC1,1,J,4,G,Z,5,8,S,6,R,C,1,0,T,JEEP,LRO,4W,94,17,,1,0,1059,GCK,G,,,6,242,,,,,3552,00,B,44,0,0,000000000,00000000000,0,0,0,1,0,0,0,0,0,0,0,65,0,2,5,0,6,2,42,0,0,0,1,30,59749,6,1,0,0,3,3,65,250,98,0,0,0,0,0,0,0,0,0,58,0,0,0,1,2,65,2,6,2,1,0,0,14,12,7,4,4,7,1,0
30,300101,1,2,1,19,7,17,50,12,8,1,0,30,1,21,21,21021,4,2004,1G3NL52F24C1,1,G,3,N,L,5,2,F,2,4,C,1,0,P,OLDS,A/G,4D,4,17,2950,,0,1070,,G,,F,4,134,,,15R215,,,,,,0,0,000000000,00000000000,0,0,0,1,0,0,0,0,0,0,0,998,0,0,0,11,6,2,12,0,0,0,1,30,59601,6,1,0,0,3,3,64,150,98,0,0,0,0,0,0,0,0,0,28,0,0,0,1,2,70,1,1,2,1,0,0,1,10,1,1,2,64,1,0
30,300101,2,2,2,19,7,17,50,12,8,1,0,30,2,7,482,7482,31,2004,3D7LU38C44G1,3,D,7,L,U,3,8,C,4,4,G,1,1,T,DODG,SQ3,CW,4,17,,2,1605,1405,RPC,D,,,6,359,,,,D,5640,00,E,44,1,0,000000000,00000000000,0,0,0,1,0,0,0,0,0,0,0,998,0,0,0,10,6,2,12,0,0,0,1,30,59440,6,1,6,0,3,3,67,145,98,0,0,0,1,5,2012,5,2012,0,0,0,0,0,1,2,70,1,1,2,1,0,0,1,62,1,1,1,65,0,0
30,300102,1,1,1,22,7,1,45,35,0,1,0,30,2,23,481,23481,31,1999,1GTEK14WXXZ5,1,G,T,E,K,1,4,W,X,X,Z,5,0,T,GMC,NK1,PK,99,17,,2,1330,1190,SIE,G,,,6,262,,,,B,5287,00,U,44,0,0,000000000,00000000000,0,0,0,1,0,0,0,0,0,0,0,57,0,1,5,11,6,2,1,0,0,0,1,30,59034,6,1,0,0,3,0,70,190,98,0,0,0,0,0,0,0,0,0,58,0,0,0,1,2,65,1,1,2,1,0,0,1,13,6,3,4,2,1,1
30,300103,1,1,1,23,7,16,9,9,0,1,0,30,3,12,481,12481,31,2011,1FT7X2B6XBED,1,F,T,7,X,2,B,6,X,B,E,D,0,T,FORD,F2S,4C,11,17,,2,1580,1420,SRW,F,,,8,378,,,,C,6385,01,7,44,0,0,000000000,00000000000,0,0,0,1,0,0,0,0,0,0,0,998,0,0,0,12,2,3,9,0,0,0,1,30,59230,6,1,0,0,3,0,68,250,98,0,0,0,0,0,0,0,0,9,6,0,0,0,1,2,25,1,1,2,1,0,0,1,83,1,1,1,13,0,0
30,300104,1,1,2,17,7,19,55,1,0,1,0,30,1,72,706,72706,80,1995,1HD1FCR15SY6,1,H,D,1,F,C,R,1,5,S,Y,6,0,M,HD,FLU,RS,95,17,,,,,,,1340,,2,,4,999,,,,,,,0,0,000000000,00000000000,0,0,0,1,0,0,0,0,0,0,0,998,0,0,0,0,6,2,1,0,0,0,1,30,59327,2,1,0,0,2,0,74,210,98,2,0,1,0,8,2010,7,2012,0,6,39,0,0,1,2,70,3,6,2,1,40,3,14,13,8,1,4,1,1,1
30,300105,1,1,1,26,7,20,0,11,0,1,0,16,2,37,706,37706,80,2003,1HFSC46013A1,1,H,F,S,C,4,6,0,1,3,A,1,0,M,HOND,XT8,RS,3,17,,,,,,,1795,,2,,4,705,,,,,,,0,0,000000000,00000000000,0,0,0,1,0,0,0,0,0,0,0,998,0,0,0,12,6,2,11,0,0,0,1,16,83864,6,1,0,0,3,1,75,210,0,0,0,1,0,7,2012,7,2012,1,39,83,0,0,1,2,70,1,3,2,1,0,0,1,88,1,1,1,13,1,0
30,300106,1,1,1,27,7,2,30,59,0,1,0,30,1,12,481,12481,31,2002,2FTRF18L02CA,2,F,T,R,F,1,8,L,0,2,C,A,0,T,FORD,F15,PK,2,17,,2,1388,1202,COF,G,,,8,330,,,,B,4345,03,U,44,0,0,000000000,00000000000,0,0,0,1,0,0,0,0,0,0,0,998,0,0,0,12,6,2,42,0,0,0,1,30,59718,6,1,0,0,3,1,76,210,98,0,0,0,1,12,2011,12,2011,1,6,36,0,0,1,2,35,3,1,2,1,40,3,14,13,1,1,4,1,1,1
30,300107,1,1,2,28,7,17,45,1,0,1,0,30,1,48,38,48038,4,2008,JF1GE74668G5,J,F,1,G,E,7,4,6,6,8,G,5,0,P,SUBA,IWX,4D,8,17,3142,,0,1031,,G,,T,4,150,,,17R205,,,,,,0,0,000000000,00000000000,0,0,0,1,0,0,0,0,0,0,0,998,0,1,5,0,6,2,1,0,0,0,1,30,59405,6,1,0,0,3,0,62,125,98,0,0,0,0,0,0,0,0,0,36,58,0,0,1,2,70,1,6,2,1,0,0,1,13,6,3,4,2,1,0
30,300108,1,1,2,29,7,5,30,35,0,1,0,30,1,7,25,7025,5,2007,1B3HB48B17D3,1,B,3,H,B,4,8,B,1,7,D,3,0,P,DODG,CXT,4D,7,17,3038,,0,1037,,G,,F,4,122,,,17R215,,,,,,0,0,000000000,00000000000,0,0,0,1,0,0,0,0,0,0,0,104,0,2,5,5,6,2,35,0,0,0,1,30,59417,6,1,0,0,3,3,73,200,98,0,0,0,0,0,0,0,0,1,58,8,6,0,1,2,70,3,1,2,1,0,0,14,13,6,4,4,7,1,1
30,300109,1,2,2,1,8,3,24,12,2,1,0,30,2,21,21,21021,4,1992,1G3NL5433NM4,1,G,3,N,L,5,4,3,3,N,M,4,0,P,OLDS,ACS,4D,92,17,2704,,0,1034,,G,,F,4,138,,,14R185,,,,,,0,0,000000000,00000000000,0,0,0,1,0,0,0,0,0,0,0,998,0,0,0,12,6,2,12,0,0,0,1,30,59066,6,1,0,0,3,0,72,235,98,0,1,0,0,6,2012,6,2012,0,51,0,0,0,2,2,35,1,2,2,1,0,0,1,54,1,1,2,50,1,1
30,300109,2,2,1,1,8,3,24,12,2,1,0,30,1,7,482,7482,31,2009,1D3HV13T09J5,1,D,3,H,V,1,3,T,0,9,J,5,0,T,DODG,150,CW,9,17,,2,0,1400,RPC,G,,,8,348,,,,B,5200,00,K,44,0,0,000000000,00000000000,0,0,0,1,0,0,0,0,0,0,0,998,0,0,0,12,6,2,12,0,0,0,1,30,59105,6,1,0,0,3,1,72,185,98,0,0,3,0,9,2009,1,2012,0,0,0,0,0,1,2,35,1,2,2,1,0,0,1,54,1,1,1,51,0,0
30,300110,1,1,1,2,8,17,10,1,0,1,0,30,2,12,401,12401,14,2001,1FMZU73E81ZA,1,F,M,Z,U,7,3,E,8,1,Z,A,0,P,FORD,EPR,UT,1,17,4045,,0,1116,,G,,F,6,245,,,15R235,,,,,,0,0,000000000,00000000000,0,0,0,1,0,0,0,0,0,0,0,998,0,1,1,0,6,2,1,0,0,0,1,30,59472,6,1,0,0,3,0,61,117,98,0,0,2,0,3,2011,7,2012,9,6,58,0,0,1,2,70,3,6,2,1,0,0,14,11,6,3,2,98,1,0
30,300111,1,1,1,3,8,19,15,52,0,1,0,53,1,72,706,72706,80,2004,1HD1HAZ154K8,1,H,D,1,H,A,Z,1,5,4,K,8,0,M,HD,VRA,RS,4,17,,,,,,,1130,,2,,4,596,,,,,,,0,0,000000000,00000000000,0,0,0,1,0,0,0,0,0,0,0,998,0,0,0,12,6,2,52,0,0,0,1,53,98117,6,1,0,0,3,0,66,153,0,0,0,1,0,2,2011,2,2011,0,36,39,0,0,3,2,75,2,1,2,1,0,0,14,12,1,1,4,6,1,0
30,300112,1,1,1,5,8,21,0,1,0,1,0,30,2,72,706,72706,80,1993,1HD4CAM13PY2,1,H,D,4,C,A,M,1,3,P,Y,2,0,M,HD,XL8,RS,93,17,,,,,,,883,,2,,4,465,,,,,,,0,0,000000000,00000000000,0,0,0,1,0,0,0,0,0,0,0,35,0,0,0,0,6,2,31,0,0,0,1,30,59487,6,1,0,0,2,0,70,190,98,0,1,0,0,3,2010,3,2010,1,6,0,0,0,1,2,35,2,6,2,1,40,3,14,6,99,7,4,6,1,1
30,300113,1,1,6,4,8,20,25,1,0,1,0,30,2,37,402,37402,14,1999,JHLRD1761XC0,J,H,L,R,D,1,7,6,1,X,C,0,0,P,HOND,CRV,UT,99,17,3219,,0,1032,,G,,F,4,120,,,15R205,,,,,,0,0,000000000,00000000000,0,0,0,1,0,0,0,0,0,0,0,998,0,2,5,0,6,2,1,0,0,0,1,6,92660,6,1,0,0,3,0,71,165,0,0,0,0,0,0,0,0,0,1,6,53,0,0,1,2,35,2,1,4,1,40,3,6,6,1,3,4,7,1,1
30,300114,1,3,1,5,8,4,27,12,8,1,0,92,5,20,999,20999,49,1971,CE141Z604334,C,E,1,4,1,Z,6,0,4,3,3,4,0,T,CHEV,C10,PK,71,12,,1,1270,1040,C10,G,,,8,,,,,B,,,,42,0,0,000000000,00000000000,0,0,0,1,0,0,0,0,0,0,0,998,0,0,0,10,6,2,12,0,0,0,1,30,59840,1,1,0,0,2,0,71,275,98,0,0,0,0,0,0,0,0,0,8,51,0,0,2,2,75,3,1,2,1,28,3,14,54,1,1,2,64,1,1
30,300114,2,3,4,5,8,4,27,12,8,1,0,53,1,37,39,37039,5,2007,JHMGD38617S0,J,H,M,G,D,3,8,6,1,7,S,0,0,P,HOND,FIS,4H,7,17,2551,,0,965,,G,,F,4,091,,,15R195,,,,,,0,0,000000000,00000000000,0,0,0,1,0,0,0,0,0,0,0,998,0,0,0,10,6,2,12,0,0,0,1,53,98117,6,1,0,0,3,3,70,190,0,0,0,0,0,0,0,0,0,0,0,0,0,0,2,2,75,2,1,2,1,0,0,14,60,7,1,1,65,1,0
30,300114,3,3,1,5,8,4,27,12,8,1,1,99,9,99,999,99999,99,9999,999999999999,9,9,9,9,9,9,9,9,9,9,9,9,9,,,,,,,,,,,,,,,,,,,,,,,,,0,99,999999999,99999999999,9,99,99,1,0,0,0,0,0,99,0,999,0,0,0,98,9,1,54,99,99,0,1,99,99999,9,9,99,9,9,9,999,999,99,99,99,99,99,99,9999,99,9999,0,0,0,0,0,2,2,75,2,1,2,1,0,0,14,90,1,1,1,98,0,0
30,300115,1,2,1,6,8,6,22,12,2,1,0,30,1,12,481,12481,31,1978,F26HRAG76501,F,2,6,H,R,A,G,7,6,5,0,1,0,T,FORD,F25,PK,78,12,,2,1665,1170,COF,G,,,8,351,,,,BC,4452,05,,44,0,0,000000000,00000000000,0,0,0,1,0,0,0,0,0,0,0,50,0,0,0,12,6,2,12,0,0,1,1,30,59863,6,1,0,0,3,0,72,200,98,0,0,0,0,0,0,0,0,0,28,51,36,0,1,2,70,2,1,2,1,0,0,14,10,7,1,2,50,1,0
30,300115,2,2,2,6,8,6,22,12,2,1,0,28,3,82,881,82881,63,2002,1FUJAHCG72LK,1,F,U,J,A,H,C,G,7,2,L,K,1,T,FRHT,FLD,TR,2,17,,8,0,0,CON,D,,,6,774,,,,,00000,00,,64,1,57,603802000,57603802000,3,4,1,1,0,0,0,0,0,0,0,55,0,0,0,12,6,2,12,0,0,1,1,28,39367,6,1,6,1,3,0,75,298,0,0,0,1,0,5,2012,5,2012,0,51,0,0,0,1,2,55,3,1,2,1,0,0,14,62,6,1,2,51,0,0
30,300116,1,1,3,7,8,23,55,1,0,1,0,30,2,12,36,12036,3,1995,KNJLT05H0S61,K,N,J,L,T,0,5,H,0,S,6,1,0,P,FORD,ASP,2H,95,17,2004,,0,907,,G,,F,4,081,,,13R165,,,,,,0,0,000000000,00000000000,0,0,0,1,0,0,0,0,0,0,0,998,0,2,1,0,6,2,1,0,0,0,1,30,59201,6,1,0,0,3,0,75,175,98,0,0,0,0,0,0,0,0,0,8,0,0,0,2,2,75,1,1,2,1,0,0,1,12,7,1,2,98,1,1
30,300117,1,1,1,12,7,22,5,1,0,1,0,30,1,72,706,72706,80,2005,1HD1FCW135Y6,1,H,D,1,F,C,W,1,3,5,Y,6,0,M,HD,FLU,RS,5,17,,,,,,,1450,,2,,4,788,,,,,,,0,0,000000000,00000000000,0,0,0,1,0,0,0,0,0,0,0,55,0,0,0,0,4,3,1,0,0,0,1,30,59923,6,1,0,0,3,3,74,280,98,0,0,0,0,0,0,0,0,0,0,0,0,0,1,2,55,1,1,2,1,0,0,1,89,3,2,1,98,1,0
30,300118,1,1,1,7,7,21,20,38,0,1,0,30,2,37,706,37706,82,1980,JH8TE0427PM0,J,H,8,T,E,0,4,2,7,P,M,0,0,M,HOND,,,80,17,,,,,,,,,,,,,,,,,,,0,0,000000000,00000000000,0,0,0,1,0,0,0,0,0,0,0,998,0,0,0,12,4,4,38,0,0,0,1,30,59912,1,1,0,0,1,0,66,170,98,2,0,0,4,7,2009,7,2011,0,6,0,0,0,1,2,99,1,1,4,1,0,0,1,13,1,1,4,1,1,0
30,300119,1,1,4,8,8,18,40,31,0,1,0,30,2,20,421,20421,15,1992,1GNCS13W4N21,1,G,N,C,S,1,3,W,4,N,2,1,0,P,CHEV,S10,UT,92,17,3312,,0,1070,,G,,F,6,262,,,15R205,,,,,,0,0,000000000,00000000000,0,0,0,1,0,0,0,0,0,0,0,998,0,2,5,12,6,2,1,0,0,0,1,30,59421,6,1,0,0,3,0,74,230,98,0,0,0,0,0,0,0,0,0,58,6,0,0,1,2,70,3,1,2,1,0,0,14,13,6,3,4,1,1,0
30,300120,1,1,4,12,8,19,30,17,0,1,0,30,1,22,2,22002,4,2001,1G2HX54K5142,1,G,2,H,X,5,4,K,5,1,4,2,0,P,PONT,BVS,4D,1,17,3633,,0,1122,,G,,F,6,231,,,16R225,,,,,,0,0,000000000,00000000000,0,0,0,1,0,0,0,0,0,0,0,59,0,1,5,12,6,2,1,0,0,0,1,30,59101,1,1,0,0,2,3,62,200,98,1,0,0,2,9,2011,2,2012,1,8,0,0,0,1,2,45,3,6,4,1,0,0,14,12,7,3,4,7,1,1
30,300121,1,2,3,14,8,10,55,12,6,1,0,30,1,48,45,48045,6,2008,4S4BP61C5863,4,S,4,B,P,6,1,C,5,8,6,3,0,P,SUBA,O2I,SW,8,17,3350,,0,1051,,G,,F,4,150,,,17R225,,,,,,0,0,000000000,00000000000,0,0,0,1,0,0,0,0,0,0,0,25,0,0,0,11,4,3,12,0,0,0,1,30,59715,6,1,0,0,3,0,64,150,98,0,0,0,1,5,2010,5,2010,0,0,0,0,0,1,2,70,1,1,2,1,0,0,11,78,1,1,2,72,0,0