STATE,ST_CASE,VEH_NO,VE_FORMS,NUMOCCS,DAY,MONTH,HOUR,MINUTE,HARM_EV,MAN_COLL,UNITTYPE,HIT_RUN,REG_STAT,OWNER,MAKE,MODEL,MAK_MOD,BODY_TYP,MOD_YEAR,VIN,VIN_1,VIN_2,VIN_3,VIN_4,VIN_5,VIN_6,VIN_7,VIN_8,VIN_9,VIN_10,VIN_11,VIN_12,TOW_VEH,VINTYPE,VINMAKE,VINA_MOD,VIN_BT,VINMODYR,VIN_LNGT,VIN_WGT,WGTCD_TR,WHLBS_LG,WHLBS_SH,SER_TR,FUELCODE,MCYCL_DS,CARBUR,CYLINDER,DISPLACE,MCYCL_CY,MCYCL_WT,TIRE_SZE,TON_RAT,TRK_WT,TRKWTVAR,VIN_REST,WHLDRWHL,J_KNIFE,MCARR_I1,MCARR_I2,MCARR_ID,GVWR,V_CONFIG,CARGO_BT,HAZ_INV,HAZ_PLAC,HAZ_ID,HAZ_CNO,HAZ_REL,BUS_USE,SPEC_USE,EMER_USE,TRAV_SP,UNDERIDE,ROLLOVER,ROLINLOC,IMPACT1,DEFORMED,TOWED,M_HARM,VEH_SC1,VEH_SC2,FIRE_EXP,DR_PRES,L_STATE,DR_ZIP,L_STATUS,L_TYPE,CDL_STAT,L_ENDORS,L_COMPL,L_RESTRI,DR_HGT,DR_WGT,PREV_ACC,PREV_SUS,PREV_DWI,PREV_SPD,PREV_OTH,FIRST_MO,FIRST_YR,LAST_MO,LAST_YR,SPEEDREL,DR_SF1,DR_SF2,DR_SF3,DR_SF4,VTRAFWAY,VNUM_LAN,VSPD_LIM,VALIGN,VPROFILE,VPAVETYP,VSURCOND,VTRAFCON,VTCONT_F,P_CRASH1,P_CRASH2,P_CRASH3,PCRASH4,PCRASH5,ACC_TYPE,DEATHS,DR_DRINK
31,310135,1,2,2,14,9,5,55,12,2,1,0,31,1,55,35,55035,4,2005,KMHDN46D25U1,K,M,H,D,N,4,6,D,2,5,U,1,0,P,HYUN,EST,4D,5,17,2635,,0,1027,,G,,F,4,121,,,15R195,,,,,,0,0,000000000,00000000000,0,0,0,1,0,0,0,0,0,0,0,998,0,0,0,12,6,2,12,0,0,0,1,31,68340,6,1,0,0,3,3,60,120,0,0,0,0,0,0,0,0,0,9,58,28,0,0,1,2,60,3,1,2,1,0,0,14,13,8,2,6,50,0,0
31,310135,2,2,1,14,9,5,55,12,2,1,0,20,1,63,33,63033,4,2005,KNAFE1217550,K,N,A,F,E,1,2,1,7,5,5,0,0,P,KIA,SLE,4D,5,17,2701,,0,1028,,G,,F,4,122,,,15R195,,,,,,0,0,000000000,00000000000,0,0,0,1,0,0,0,0,0,0,0,998,0,0,0,12,6,2,12,0,0,0,1,35,87109,6,1,0,0,3,0,72,260,98,0,0,0,0,0,0,0,0,0,0,0,0,0,1,2,60,2,1,2,1,0,0,14,62,1,1,1,51,1,0
31,310136,1,2,2,12,9,20,57,12,6,1,0,31,2,49,442,49442,20,2000,4T3GF19C7YU2,4,T,3,G,F,1,9,C,7,Y,U,2,0,P,TOYT,SIE,SV,0,17,3758,,0,1142,,G,,F,6,183,,,15R205,,,,,,0,0,000000000,00000000000,0,0,0,1,0,0,0,0,0,0,0,998,0,0,0,9,6,2,12,0,0,0,1,31,68601,6,1,0,0,3,0,63,140,0,0,0,1,0,5,2011,5,2011,9,87,58,28,0,2,4,45,1,1,1,2,0,0,1,5,8,4,2,64,2,0
31,310136,2,2,1,12,9,20,57,12,6,1,0,46,3,84,881,84881,66,2011,1HSHXSJR1BJ3,1,H,S,H,X,S,J,R,1,B,J,3,1,T,INTL,860,TR,11,17,,8,0,0,80S,D,,,6,793,,,,,00000,00,,64,1,57,164259,57164259,3,6,8,1,0,0,0,0,0,0,0,998,0,0,0,12,6,2,12,0,0,0,1,31,68601,6,1,6,1,3,3,74,400,2,0,0,0,0,10,2011,3,2012,0,0,0,0,0,2,4,45,1,1,1,2,0,0,1,62,99,1,1,65,0,0
31,310137,1,2,1,19,9,10,27,12,6,1,0,31,1,49,401,49401,14,1988,JT3RN63W4J01,J,T,3,R,N,6,3,W,4,J,0,1,0,P,TOYT,RUN,UT,88,17,3456,,0,1030,,G,,F,4,144,,,000000,,,,,,0,0,000000000,00000000000,0,0,0,1,0,0,0,0,0,0,0,998,0,0,0,11,6,2,12,0,0,0,1,31,68111,6,1,0,0,3,0,68,160,0,0,0,0,0,0,0,0,0,0,0,0,0,0,1,2,60,1,1,1,1,0,0,1,54,9,1,1,66,0,0
31,310137,2,2,1,19,9,10,27,12,6,1,0,17,1,30,46,30046,6,2005,WVWSL61J75W0,W,V,W,S,L,6,1,J,7,5,W,0,0,P,VOLK,JGW,SW,5,17,2972,,0,989,,G,,F,4,121,,,15R195,,,,,,0,0,000000000,00000000000,0,0,0,1,0,0,0,0,0,0,0,998,0,0,0,11,6,2,12,0,0,0,1,17,62702,6,1,6,0,3,0,74,176,0,0,0,0,1,6,2011,6,2011,9,51,0,0,0,1,2,60,1,1,1,1,0,0,1,54,1,1,1,66,1,0
31,310138,1,1,1,21,9,7,29,8,0,1,0,31,2,41,51,41051,4,2004,JM1BK123X411,J,M,1,B,K,1,2,3,X,4,1,1,0,P,MAZD,M3S,4D,4,17,2762,,0,1039,,G,,F,4,140,,,16R205,,,,,,0,0,000000000,00000000000,0,0,0,1,0,0,0,0,0,0,0,998,0,0,0,11,2,3,8,0,0,0,1,31,68025,6,1,0,0,3,3,64,150,0,0,0,0,0,0,0,0,0,0,0,0,0,0,2,2,45,1,1,1,1,3,3,1,80,1,1,1,13,0,0
31,310139,1,1,1,23,9,8,54,1,0,1,0,31,1,22,18,22018,4,2002,1G2NW52E02M6,1,G,2,N,W,5,2,E,0,2,M,6,0,P,PONT,GAG,4D,2,17,3168,,0,1070,,G,,F,6,207,,,16R225,,,,,,0,0,000000000,00000000000,0,0,0,1,0,0,0,0,0,0,0,998,0,2,5,0,6,2,1,0,0,0,1,31,68310,6,1,0,0,3,0,68,180,0,0,0,1,0,7,2012,7,2012,1,58,0,0,0,1,2,60,1,1,2,1,0,0,1,9,99,2,4,2,1,1
31,310140,1,1,1,26,9,99,99,34,0,1,0,31,1,72,706,72706,80,2002,1HD1GHV1X2K4,1,H,D,1,G,H,V,1,X,2,K,4,0,M,HD,FDX,RS,2,17,,,,,,,1450,,2,,4,612,,,,,,,0,0,000000000,00000000000,0,0,0,1,0,0,0,0,0,0,0,998,0,0,0,3,6,2,34,0,0,0,1,31,68008,6,1,6,0,3,0,73,215,0,0,0,0,0,0,0,0,0,9,99,99,99,99,1,3,60,3,2,2,1,3,3,14,9,3,2,4,2,1,0
31,310141,1,3,1,12,8,19,18,8,0,1,0,31,1,20,481,20481,31,1995,1GCEC14ZXSZ1,1,G,C,E,C,1,4,Z,X,S,Z,1,0,T,CHEV,GC1,PK,95,17,,2,1315,1175,GM4,G,,,6,262,,,,B,3742,02,,42,0,0,000000000,00000000000,0,0,0,1,0,0,0,0,0,0,0,998,0,0,0,1,2,3,8,0,0,0,1,29,65049,6,1,0,0,3,0,72,180,0,0,0,0,0,0,0,0,0,9,0,0,0,0,1,2,25,1,1,2,1,0,0,1,80,1,1,1,13,0,0
31,310141,2,3,1,12,8,19,18,8,0,1,0,31,2,35,32,35032,2,1996,1N4BB42D1TC5,1,N,4,B,B,4,2,D,1,T,C,5,0,P,NISS,2SR,CP,96,17,2413,,0,998,,G,,F,4,122,,,15R195,,,,,,0,0,000000000,00000000000,0,0,0,1,0,0,0,0,0,0,0,998,0,0,0,14,0,3,8,0,0,0,1,31,68901,6,1,0,0,3,0,71,170,0,0,0,0,0,0,0,0,0,0,0,0,0,0,1,2,25,1,1,2,1,0,0,1,80,1,1,1,98,0,0
31,310141,3,3,1,12,8,19,18,8,0,1,0,31,1,18,2,18002,4,2000,1G4HP54K3Y42,1,G,4,H,P,5,4,K,3,Y,4,2,0,P,BUIC,LCF,4D,0,17,3567,,0,1122,,G,,F,6,231,,,15R215,,,,,,0,0,000000000,00000000000,0,0,0,1,0,0,0,0,0,0,0,998,0,0,0,14,0,3,8,0,0,0,1,31,68901,6,1,0,0,3,0,69,140,0,0,0,0,0,0,0,0,0,0,0,0,0,0,1,2,25,1,1,2,1,0,0,1,80,1,1,1,98,0,0
31,310142,1,2,1,25,9,7,48,12,1,1,0,31,1,37,32,37032,4,2008,1HGCP26818A0,1,H,G,C,P,2,6,8,1,8,A,0,0,P,HOND,AXL,4D,8,17,3416,,0,1102,,G,,F,4,146,,,17R225,,,,,,0,0,000000000,00000000000,0,0,0,1,0,0,0,0,0,0,0,998,0,0,0,6,6,2,12,0,0,0,1,31,68122,6,1,0,0,3,0,66,120,0,0,0,1,0,7,2010,7,2010,0,0,0,0,0,3,6,60,1,1,1,1,0,0,2,53,1,1,1,29,0,0
31,310142,2,2,1,25,9,7,48,12,1,1,0,31,1,12,24,12024,6,2010,2FMDK4KC5ABA,2,F,M,D,K,4,K,C,5,A,B,A,0,P,FORD,EDG,UT,10,17,4288,,0,1112,,G,,F,6,214,,,18R245,,,,,,0,0,000000000,00000000000,0,0,0,1,0,0,0,0,0,0,0,998,0,1,5,12,6,2,1,0,0,0,1,31,68134,6,1,0,0,3,0,66,200,0,0,0,0,0,0,0,0,0,9,26,0,0,0,3,6,60,1,1,1,1,0,0,1,51,4,2,1,28,1,0
31,310143,1,1,1,30,9,19,24,24,0,1,0,31,2,47,36,47036,4,1999,YS3EF48Z6X30,Y,S,3,E,F,4,8,Z,6,X,3,0,0,P,SAA,9/E,4D,99,17,3670,,0,1064,,G,,T,6,181,,,16R215,,,,,,0,0,000000000,00000000000,0,0,0,1,0,0,0,0,0,0,0,998,0,0,0,9,6,2,24,0,0,0,1,31,68112,2,1,0,0,2,0,69,175,0,2,1,0,0,2,2010,6,2012,1,28,0,0,0,3,3,55,3,2,1,1,0,0,14,10,1,1,4,1,1,1
31,310144,1,1,1,30,9,0,27,42,0,1,0,31,2,12,3,12003,2,2003,1FAFP40423F4,1,F,A,F,P,4,0,4,2,3,F,4,0,P,FORD,MUS,CP,3,17,3114,,0,1013,,G,,F,6,232,,,16R225,,,,,,0,0,000000000,00000000000,0,0,0,1,0,0,0,0,0,0,0,998,0,0,0,3,6,2,42,0,0,0,1,31,68128,6,1,0,0,3,0,71,185,0,0,0,0,1,1,2011,1,2011,1,0,0,0,0,1,2,25,1,3,1,1,0,0,1,6,1,1,4,6,1,1
31,310145,1,1,2,30,9,5,20,1,0,1,0,48,0,49,401,49401,14,2002,JT3GN86R9202,J,T,3,G,N,8,6,R,9,2,0,2,0,P,TOYT,RUN,UT,2,17,3740,,0,1053,,G,,F,6,206,,,15R225,,,,,,0,0,000000000,00000000000,0,0,0,1,0,0,0,0,0,0,0,998,0,2,3,0,6,2,1,0,0,0,1,26,48461,6,1,0,0,3,3,73,200,0,7,0,1,0,3,2010,12,2011,9,0,0,0,0,2,2,75,1,1,1,1,0,0,1,12,1,1,4,6,1,1
31,310146,1,2,1,30,9,5,50,12,6,1,0,31,2,24,2,24002,2,2002,1G8ZY127X2Z1,1,G,8,Z,Y,1,2,7,X,2,Z,1,0,P,STRN,SC2,3P,2,17,2465,,0,1024,,G,,F,4,116,,,15R195,,,,,,0,0,000000000,00000000000,0,0,0,1,0,0,0,0,0,0,0,998,0,1,5,11,6,2,12,0,0,0,1,31,69343,6,1,0,0,3,0,71,130,0,0,0,0,0,0,0,0,0,0,28,0,0,0,1,2,55,1,1,2,1,0,0,1,10,1,1,2,64,1,1
31,310146,2,2,1,30,9,5,50,12,6,1,0,31,3,82,881,82881,66,2001,1FUJAPBD51PG,1,F,U,J,A,P,B,D,5,1,P,G,1,T,FRHT,FL3,TR,1,17,,8,0,0,CON,D,,,6,855,,,,,00000,00,,64,1,57,2263766,572263766,3,6,97,1,0,0,0,0,0,0,0,998,0,0,0,9,6,2,12,0,0,0,1,31,69343,6,1,6,0,3,0,74,260,0,2,0,0,0,8,2011,3,2012,0,0,0,0,0,1,2,55,1,1,2,1,0,0,1,62,1,1,1,65,0,0
31,310147,1,2,1,9,9,4,30,12,1,1,0,93,3,87,881,87881,66,2011,1XPHDP9X0BD1,1,X,P,H,D,P,9,X,0,B,D,1,1,T,PTRB,386,TR,11,17,,8,0,0,CON,D,,,6,787,,,,,00000,00,,64,1,57,282451,57282451,3,6,1,1,0,0,0,0,0,0,0,998,0,0,0,12,6,2,12,0,0,1,1,27,55309,6,1,6,0,3,0,999,999,0,0,0,0,0,0,0,0,0,0,0,0,0,0,2,2,75,1,1,2,1,0,0,1,50,1,1,1,20,1,0
31,310147,2,2,1,9,9,4,30,12,1,1,0,93,3,51,881,51881,66,2003,4V4NC9JH53N3,4,V,4,N,C,9,J,H,5,3,N,3,1,T,VOLV,VNL,TR,3,17,,8,0,0,VVN,D,,,6,855,,,,,00000,00,,64,1,57,1332114,571332114,3,6,1,1,0,0,0,0,0,0,0,0,0,0,0,6,6,2,12,0,0,1,1,17,60302,6,1,6,0,3,0,999,999,0,0,0,0,0,0,0,0,0,0,54,0,0,0,2,2,75,1,1,2,1,0,0,5,53,1,1,1,21,0,0
31,310148,1,4,1,9,9,5,19,12,1,1,0,93,3,85,881,85881,66,2003,1XKTDB9X13J7,1,X,K,T,D,B,9,X,1,3,J,7,1,T,KW,T20,TR,3,17,,8,2600,1900,CON,D,,,6,893,,,,,00000,00,,64,1,57,1985782,571985782,3,6,1,1,0,0,0,0,0,0,0,998,0,0,0,12,6,2,12,0,0,1,1,17,60171,6,1,6,0,3,0,70,210,0,0,0,0,0,0,0,0,0,1,0,0,0,0,2,2,75,1,2,2,1,0,0,1,50,1,1,1,20,0,0
31,310148,2,4,1,9,9,5,19,12,1,1,0,6,1,12,3,12003,2,2010,1ZVBP8AN7A51,1,Z,V,B,P,8,A,N,7,A,5,1,0,P,FORD,MUS,CP,10,17,3401,,0,1071,,G,,F,6,244,,,16R215,,,,,,0,0,000000000,00000000000,0,0,0,1,0,0,0,0,0,0,0,0,1,0,0,6,6,2,12,0,0,1,1,6,95961,6,1,0,0,3,3,70,175,0,0,0,1,0,6,2011,6,2011,0,0,0,0,0,2,2,75,1,2,2,1,0,0,5,50,1,1,1,98,1,1
31,310148,3,4,3,9,9,5,19,12,1,1,0,6,1,49,32,49032,4,2007,1NXBR32E27Z9,1,N,X,B,R,3,2,E,2,7,Z,9,0,P,TOYT,UCS,4D,7,17,2530,,0,1024,,G,,F,4,109,,,15R185,,,,,,0,0,000000000,00000000000,0,0,0,1,0,0,0,0,0,0,0,0,0,0,0,6,6,2,12,0,0,1,1,6,95678,6,1,0,0,3,0,66,130,0,0,0,0,0,0,0,0,0,0,0,0,0,0,2,2,75,1,2,2,1,0,0,5,53,1,1,1,21,3,1
31,310148,4,4,1,9,9,5,19,12,1,1,0,93,3,82,881,82881,66,2006,1FUJF6CK86DW,1,F,U,J,F,6,C,K,8,6,D,W,1,T,FRHT,CLC,TR,6,17,,8,0,0,CON,D,,,6,855,,,,,00000,00,,64,1,57,204452,57204452,3,6,1,1,0,0,0,0,0,0,0,0,7,0,0,6,6,2,12,0,0,1,1,19,50536,6,1,6,0,3,0,999,999,0,0,0,0,0,0,0,0,0,0,0,0,0,0,2,2,75,1,2,2,1,0,0,5,50,1,1,1,98,0,0
31,310149,1,3,1,8,8,16,28,12,1,1,0,93,3,82,881,82881,66,2005,1FUJBBCK45PU,1,F,U,J,B,B,C,K,4,5,P,U,1,T,FRHT,ST2,TR,5,17,,8,0,0,CON,D,,,6,858,,,,,00000,00,,64,3,57,1821340,571821340,3,6,1,1,0,0,0,0,0,0,0,998,0,0,0,12,6,2,12,0,0,1,1,6,93706,6,1,6,0,3,3,999,999,0,0,0,0,0,0,0,0,0,9,0,0,0,0,2,2,75,1,1,2,1,0,0,1,52,8,2,1,28,1,0
31,310149,2,3,1,8,8,16,28,12,1,1,0,55,3,82,881,82881,66,2007,1FUJCRCK27PY,1,F,U,J,C,R,C,K,2,7,P,Y,1,T,FRHT,COR,TR,7,17,,8,0,0,CON,D,,,6,855,,,,,00000,00,,64,1,57,1098480,571098480,3,6,1,1,0,0,0,0,0,0,0,998,0,0,0,6,6,2,12,0,0,0,1,55,54956,6,1,6,1,3,3,71,145,0,0,0,0,0,0,0,0,0,0,0,0,0,0,2,2,75,1,1,2,1,0,0,2,53,1,1,1,29,0,0
31,310149,3,3,1,8,8,16,28,12,1,1,0,56,3,87,881,87881,66,2010,1XPXD49X2AD1,1,X,P,X,D,4,9,X,2,A,D,1,1,T,PTRB,389,TR,10,17,,8,0,0,CON,D,,,6,915,,,,,00000,00,,64,1,99,999999999,99999999999,3,6,1,1,0,0,0,0,0,0,0,998,0,0,0,6,4,1,12,0,0,0,1,8,80922,6,1,6,1,3,3,76,235,0,0,0,1,0,7,2011,7,2011,0,0,0,0,0,2,2,75,1,1,2,1,0,0,1,53,1,1,1,98,0,0
31,310150,1,3,1,31,8,14,40,12,6,1,0,31,1,21,21,21021,4,1997,1G3NL52T3VM3,1,G,3,N,L,5,2,T,3,V,M,3,0,P,OLDS,ASL,4D,97,17,2813,,0,1034,,G,,F,4,146,,,15R195,,,,,,0,0,000000000,00000000000,0,0,0,1,0,0,0,0,0,0,0,998,0,0,0,11,6,2,12,0,0,0,1,31,68352,6,1,0,0,3,0,69,250,0,0,0,0,0,0,0,0,0,0,28,0,0,0,1,2,55,1,1,2,1,0,0,1,10,1,1,2,64,1,0
31,310150,2,3,1,31,8,14,40,12,6,1,0,40,3,89,882,89882,63,2009,5VCDC6JF29H2,5,V,C,D,C,6,J,F,2,9,H,2,0,T,AUTC,WXA,TB,9,17,,8,0,0,XPD,D,,,6,540,,,,,00000,00,,64,0,57,893654,57893654,3,1,7,1,0,0,0,0,0,0,0,998,0,0,0,11,6,2,12,0,0,0,1,31,68057,6,1,6,1,3,0,74,210,0,0,0,0,0,0,0,0,0,0,0,0,0,0,1,2,55,1,1,2,1,0,0,1,62,1,1,1,65,0,0
31,310150,3,3,1,31,8,14,40,12,6,1,0,40,3,89,882,89882,63,2007,5VCDC6MF37H2,5,V,C,D,C,6,M,F,3,7,H,2,0,T,AUTC,WXA,TB,7,17,,8,0,0,XPD,D,,,6,540,,,,,00000,00,,64,0,57,893654,57893654,3,1,7,1,0,0,0,0,0,0,0,998,0,0,0,12,6,2,12,0,0,0,1,31,68025,6,1,6,0,3,0,72,300,0,0,0,0,0,0,0,0,0,0,0,0,0,0,1,2,55,1,1,2,1,0,0,1,62,1,1,1,98,0,0
31,310151,1,2,1,4,10,6,55,12,6,1,0,38,1,12,481,12481,31,1988,1FTHX26G7JKA,1,F,T,H,X,2,6,G,7,J,K,A,0,T,FORD,F25,PC,88,17,,2,0,1550,COF,G,,,8,460,,,,C,00000,00,A,44,0,0,000000000,00000000000,0,0,0,1,0,0,0,0,0,0,0,998,0,0,0,1,6,2,12,0,0,0,1,38,58711,6,1,6,0,3,0,72,195,0,0,0,1,0,5,2011,5,2011,9,28,58,0,0,1,2,60,1,1,1,1,0,0,1,13,8,2,6,64,0,0
31,310151,2,2,1,4,10,6,55,12,6,1,0,31,1,12,461,12461,21,2007,1FDWE35L97DB,1,F,D,W,E,3,5,L,9,7,D,B,0,T,FORD,3DC,YY,7,17,,3,1760,1380,CTV,G,,,8,330,,,,D,4802,02,K,42,0,0,000000000,00000000000,0,0,0,1,0,0,0,0,0,0,0,998,0,0,0,11,6,2,12,0,0,0,1,31,68669,6,1,0,0,3,3,72,205,0,0,0,0,0,0,0,0,0,0,0,0,0,0,1,2,60,1,1,1,1,0,0,1,62,99,1,1,65,1,0
31,310152,1,2,1,4,10,15,19,12,6,1,0,31,1,7,482,7482,31,1997,1B7HF16ZXVS2,1,B,7,H,F,1,6,Z,X,V,S,2,0,T,DODG,150,PK,97,17,,2,1347,1187,RPC,G,,,8,360,,,,B,4527,01,M,44,0,0,000000000,00000000000,0,0,0,1,0,0,0,0,0,0,0,998,0,0,0,1,6,2,12,0,0,0,1,31,68666,6,1,0,0,3,0,69,200,0,0,0,0,0,0,0,0,0,0,38,0,0,0,1,2,60,1,1,2,1,0,0,11,15,1,1,2,68,1,0
31,310152,2,2,1,4,10,15,19,12,6,1,0,46,3,87,881,87881,66,2010,1XPHD49X2AD7,1,X,P,H,D,4,9,X,2,A,D,7,1,T,PTRB,386,TR,10,17,,8,0,0,CON,D,,,6,915,,,,,00000,00,,64,1,57,178331,57178331,3,6,8,1,0,0,0,0,0,0,0,998,0,0,0,12,6,2,12,0,0,0,1,46,57319,6,1,6,1,3,0,69,230,0,0,0,0,0,0,0,0,0,0,0,0,0,0,1,2,60,1,1,2,1,0,0,1,66,1,1,1,69,0,0
31,310153,1,1,1,6,10,20,25,30,0,1,0,31,1,20,16,20016,2,1994,1G1JF14T8R71,1,G,1,J,F,1,4,T,8,R,7,1,0,P,CHEV,CZ2,CP,94,17,2695,,0,1013,,G,,F,6,191,,,15R205,,,,,,0,0,000000000,00000000000,0,0,0,1,0,0,0,0,0,0,0,998,0,1,5,12,6,2,1,0,0,0,1,31,68467,6,1,0,0,3,3,70,280,0,0,0,0,0,0,0,0,0,9,28,0,0,0,1,2,65,1,1,2,1,0,0,1,10,1,1,4,6,1,0
31,310154,1,1,5,10,10,0,16,33,0,1,0,31,1,12,401,12401,14,1997,1FMDU34X6VUA,1,F,M,D,U,3,4,X,6,V,U,A,0,P,FORD,EPR,UT,97,17,4166,,0,1115,,G,,F,6,245,,,15R225,,,,,,0,0,000000000,00000000000,0,0,0,1,0,0,0,0,0,0,0,998,0,1,5,1,6,2,1,0,0,0,1,31,68122,6,1,6,0,3,3,69,160,0,0,0,2,1,9,2010,5,2012,0,36,0,0,0,1,2,25,2,1,1,1,20,3,14,12,9,2,4,7,2,1
31,310155,1,2,1,10,10,14,9,12,1,1,0,31,3,58,38,58038,4,2006,JNKAY01F46M2,J,N,K,A,Y,0,1,F,4,6,M,2,0,P,INFI,M3A,4D,6,17,3878,,0,1142,,G,,F,6,214,,,18R245,,,,,,0,0,000000000,00000000000,0,0,0,1,0,0,0,0,0,0,0,998,0,0,0,12,6,2,12,0,0,0,1,31,68022,6,1,0,0,3,0,68,145,0,0,0,0,1,9,2012,9,2012,9,26,0,0,0,1,2,45,1,1,2,1,0,0,1,52,4,1,1,28,0,0
31,310155,2,2,1,10,10,14,9,12,1,1,0,31,2,35,47,35047,4,2008,1N4AL21E78N5,1,N,4,A,L,2,1,E,7,8,N,5,0,P,NISS,ATS,4D,8,17,3028,,0,1093,,G,,F,4,153,,,16R215,,,,,,0,0,000000000,00000000000,0,0,0,1,0,0,0,0,0,0,0,998,0,0,0,6,6,2,12,0,0,0,1,31,68130,6,1,0,0,3,3,68,168,0,0,0,0,0,0,0,0,0,0,0,0,0,0,1,2,45,1,1,2,1,0,0,2,53,1,1,1,29,1,0
31,310156,1,1,1,11,10,5,55,11,0,1,0,31,1,72,706,72706,80,2009,1HD1KB4119Y6,1,H,D,1,K,B,4,1,1,9,Y,6,0,M,HD,FHX,RS,9,17,,,,,,,1584,,2,,4,810,,,,,,,0,0,000000000,00000000000,0,0,0,1,0,0,0,0,0,0,0,998,0,0,0,12,6,2,24,0,0,0,1,31,68111,6,1,3,0,3,0,69,220,0,0,0,1,1,6,2010,9,2012,0,0,0,0,0,1,2,60,3,2,1,1,0,0,14,87,1,1,1,13,1,0
31,310157,1,3,1,13,10,0,10,12,6,1,0,31,2,37,31,37031,2,1999,1HGEJ8148XL0,1,H,G,E,J,8,1,4,8,X,L,0,0,P,HOND,UAX,CP,99,17,2513,,0,1032,,G,,F,4,097,,,14R185,,,,,,0,0,000000000,00000000000,0,0,0,1,0,0,0,0,0,0,0,998,0,0,0,12,6,2,12,0,0,0,1,31,68107,0,0,0,0,0,0,999,999,0,2,0,1,0,2,2012,8,2012,0,39,36,0,0,2,3,40,1,1,1,1,3,3,1,17,1,1,1,88,0,1
31,310157,2,3,1,13,10,0,10,12,6,1,0,31,1,52,37,52037,2,2001,4A3AC84H81E0,4,A,3,A,C,8,4,H,8,1,E,0,0,P,MITS,ECG,2H,1,17,3120,,0,1008,,G,,F,6,181,,,17R215,,,,,,0,0,000000000,00000000000,0,0,0,1,0,0,0,0,0,0,0,998,0,0,0,9,6,2,12,0,0,0,1,31,68106,6,1,0,0,3,3,63,125,0,0,0,0,0,0,0,0,0,0,0,0,0,0,2,3,35,1,1,1,1,3,3,1,55,1,1,1,89,1,0
31,310157,3,3,1,13,10,0,10,12,6,1,0,31,2,7,20,7020,4,2005,1B3ES56C15D2,1,B,3,E,S,5,6,C,1,5,D,2,0,P,DODG,NXT,4D,5,17,2634,,0,1040,,G,,F,4,122,,,15R185,,,,,,0,0,000000000,00000000000,0,0,0,1,0,0,0,0,0,0,0,0,0,0,0,11,6,2,12,0,0,0,1,31,68124,6,1,0,0,3,0,70,210,0,0,0,0,0,0,0,0,0,0,0,0,0,0,2,3,40,1,1,1,1,3,3,5,66,1,1,1,98,0,0
31,310158,1,1,1,17,10,3,22,1,0,1,0,31,1,20,2,20002,4,2001,2G1WF55E0192,2,G,1,W,F,5,5,E,0,1,9,2,0,P,CHEV,IMP,4D,1,17,3389,,0,1105,,G,,F,6,207,,,16R225,,,,,,0,0,000000000,00000000000,0,0,0,1,0,0,0,0,0,0,0,100,0,2,3,0,6,2,1,0,0,0,1,31,69101,6,1,0,0,3,3,70,200,0,4,2,0,2,3,2010,3,2011,1,36,0,0,0,2,2,75,2,1,2,1,0,0,14,12,1,1,4,6,1,1
31,310159,1,1,1,19,10,21,30,34,0,1,0,31,1,12,481,12481,31,2008,1FTWW31R68EB,1,F,T,W,W,3,1,R,6,8,E,B,0,T,FORD,F3S,CW,8,17,,3,1720,1560,SRW,D,,,8,390,,,,D,6556,02,E,44,0,0,000000000,00000000000,0,0,0,1,0,0,0,0,0,0,0,998,0,1,5,12,6,2,1,0,0,0,1,31,68352,6,1,0,0,3,0,69,160,0,0,1,0,0,3,2011,3,2011,0,58,0,0,0,1,2,50,1,2,4,1,0,0,1,8,8,2,4,7,1,1
31,310160,1,2,4,19,10,20,16,12,6,1,0,31,1,21,23,21023,4,1998,1G3WS52K2WF3,1,G,3,W,S,5,2,K,2,W,F,3,6,P,OLDS,IGL,4D,98,17,3455,,0,1090,,G,,F,6,231,,,16R225,,,,,,2,0,000000000,00000000000,0,0,0,1,0,0,0,0,0,0,0,998,0,0,0,9,6,2,12,0,0,0,1,31,68933,6,1,0,0,3,3,60,145,0,0,0,2,0,6,2012,7,2012,0,38,0,0,0,1,2,50,1,1,2,1,20,3,1,17,1,1,1,89,1,1
31,310160,2,2,1,19,10,20,16,12,6,1,0,31,3,20,481,20481,31,2004,1GCEK19T24E1,1,G,C,E,K,1,9,T,2,4,E,1,0,T,CHEV,SK1,4C,4,17,,2,1575,1435,SIL,G,,,8,325,,,,B,4925,00,,44,0,0,000000000,00000000000,0,0,0,1,0,0,0,0,0,0,0,998,0,0,0,12,6,2,12,0,0,0,1,31,68935,6,1,6,0,3,3,69,160,0,0,0,0,0,0,0,0,0,0,0,0,0,0,1,2,60,1,1,2,1,20,3,1,66,1,1,1,88,0,1
31,310161,1,1,3,22,10,11,58,1,0,1,0,31,3,20,481,20481,31,2001,1GCEC14W81Z1,1,G,C,E,C,1,4,W,8,1,Z,1,0,T,CHEV,SC1,PK,1,17,,2,1330,1190,SIL,G,,,6,262,,,,B,4135,00,,42,0,0,000000000,00000000000,0,0,0,1,0,0,0,0,0,0,0,998,0,2,5,0,6,2,1,0,0,0,1,31,68066,6,1,0,0,3,0,67,230,0,0,0,0,0,0,0,0,0,1,0,0,0,0,1,2,50,1,2,4,2,0,0,1,12,1,1,4,6,1,1
31,310162,1,2,2,25,10,7,22,12,6,1,0,31,2,63,401,63401,14,1999,KNDJA7230X55,K,N,D,J,A,7,2,3,0,X,5,5,0,P,KIA,SPO,UT,99,17,3352,,0,1043,,G,,F,4,122,,,15R205,,,,,,0,0,000000000,00000000000,0,0,0,1,0,0,0,0,0,0,0,998,0,0,0,3,6,2,2,0,0,1,1,31,69101,6,7,0,0,3,0,63,145,0,0,0,0,0,0,0,0,0,1,87,28,0,0,1,2,65,1,3,1,4,0,0,1,6,1,2,2,64,2,0