STATE,ST_CASE,VEH_NO,VE_FORMS,NUMOCCS,DAY,MONTH,HOUR,MINUTE,HARM_EV,MAN_COLL,UNITTYPE,HIT_RUN,REG_STAT,OWNER,MAKE,MODEL,MAK_MOD,BODY_TYP,MOD_YEAR,VIN,VIN_1,VIN_2,VIN_3,VIN_4,VIN_5,VIN_6,VIN_7,VIN_8,VIN_9,VIN_10,VIN_11,VIN_12,TOW_VEH,VINTYPE,VINMAKE,VINA_MOD,VIN_BT,VINMODYR,VIN_LNGT,VIN_WGT,WGTCD_TR,WHLBS_LG,WHLBS_SH,SER_TR,FUELCODE,MCYCL_DS,CARBUR,CYLINDER,DISPLACE,MCYCL_CY,MCYCL_WT,TIRE_SZE,TON_RAT,TRK_WT,TRKWTVAR,VIN_REST,WHLDRWHL,J_KNIFE,MCARR_I1,MCARR_I2,MCARR_ID,GVWR,V_CONFIG,CARGO_BT,HAZ_INV,HAZ_PLAC,HAZ_ID,HAZ_CNO,HAZ_REL,BUS_USE,SPEC_USE,EMER_USE,TRAV_SP,UNDERIDE,ROLLOVER,ROLINLOC,IMPACT1,DEFORMED,TOWED,M_HARM,VEH_SC1,VEH_SC2,FIRE_EXP,DR_PRES,L_STATE,DR_ZIP,L_STATUS,L_TYPE,CDL_STAT,L_ENDORS,L_COMPL,L_RESTRI,DR_HGT,DR_WGT,PREV_ACC,PREV_SUS,PREV_DWI,PREV_SPD,PREV_OTH,FIRST_MO,FIRST_YR,LAST_MO,LAST_YR,SPEEDREL,DR_SF1,DR_SF2,DR_SF3,DR_SF4,VTRAFWAY,VNUM_LAN,VSPD_LIM,VALIGN,VPROFILE,VPAVETYP,VSURCOND,VTRAFCON,VTCONT_F,P_CRASH1,P_CRASH2,P_CRASH3,PCRASH4,PCRASH5,ACC_TYPE,DEATHS,DR_DRINK
31,310162,2,2,2,25,10,7,22,12,6,1,0,31,1,20,20,20020,2,1994,2G1WN14TXR91,2,G,1,W,N,1,4,T,X,R,9,1,0,P,CHEV,EUR,CP,94,17,3269,,0,1075,,G,,F,6,191,,,15R205,,,,,,0,0,000000000,00000000000,0,0,0,1,0,0,0,0,0,0,0,998,0,0,0,12,6,2,2,0,0,1,1,31,69123,6,1,0,0,3,3,70,195,0,0,0,1,0,4,2011,4,2011,0,0,0,0,0,1,2,65,1,3,1,4,0,0,1,62,1,1,1,65,1,0
31,310163,1,1,3,29,10,12,55,20,0,1,0,31,2,20,421,20421,15,2000,1GNEK13T1YJ1,1,G,N,E,K,1,3,T,1,Y,J,1,0,P,CHEV,KTA,UT,0,17,5333,,0,1160,,G,,F,8,325,,,16R265,,,,,,0,0,000000000,00000000000,0,0,0,1,0,0,0,0,0,0,0,998,0,1,5,1,6,2,1,0,0,0,1,31,69162,0,0,0,0,0,0,68,190,0,0,0,0,0,0,0,0,0,1,0,0,0,0,1,2,50,1,3,5,1,0,0,1,13,8,2,4,2,1,0
31,310164,1,2,5,4,11,1,33,12,6,1,0,31,1,19,18,19018,4,2005,1G6DN56S3501,1,G,6,D,N,5,6,S,3,5,0,1,0,P,CADI,CTV,4D,5,17,3850,,0,1134,,G,,F,8,348,,,18R245,,,,,,0,0,000000000,00000000000,0,0,0,1,0,0,0,0,0,0,0,998,0,1,5,1,6,2,1,0,0,0,1,31,68508,6,1,0,0,3,3,69,240,0,0,0,0,0,0,0,0,0,1,0,0,0,0,1,2,55,1,2,2,1,20,3,1,67,8,2,2,83,1,1
31,310164,2,2,2,4,11,1,33,12,6,1,0,31,2,24,401,24401,14,2002,5GZCZ63B72S8,5,G,Z,C,Z,6,3,B,7,2,S,8,0,P,STRN,VUE,UT,2,17,3491,,0,1066,,G,,F,6,181,,,16R235,,,,,,0,0,000000000,00000000000,0,0,0,1,0,0,0,0,0,0,0,998,0,0,0,12,6,2,12,0,0,0,1,31,68524,6,1,0,0,3,0,74,265,0,0,0,0,0,0,0,0,0,9,39,0,0,0,1,2,55,1,2,2,1,20,3,11,15,99,1,1,82,0,1
31,310165,1,1,2,6,11,15,51,8,0,1,0,31,1,20,421,20421,15,1997,1GNDT13W2V21,1,G,N,D,T,1,3,W,2,V,2,1,0,P,CHEV,BZR,UT,97,17,4046,,0,1070,,G,,F,6,262,,,15R205,,,,,,0,0,000000000,00000000000,0,0,0,1,0,0,0,0,0,0,0,998,0,0,0,1,2,1,8,0,0,0,1,31,68410,6,1,0,0,3,0,67,230,0,0,0,0,0,0,0,0,0,0,99,99,99,99,1,3,99,1,1,3,1,3,3,11,80,1,1,2,13,0,0
31,310166,1,1,1,11,11,99,99,30,0,1,0,31,1,12,481,12481,31,1999,1FTNF20L5XEB,1,F,T,N,F,2,0,L,5,X,E,B,0,T,FORD,F2S,PK,99,17,,2,0,1370,SRW,G,,,8,330,,,,C,4960,00,U,42,0,0,000000000,00000000000,0,0,0,1,0,0,0,0,0,0,0,998,0,0,0,12,6,2,42,0,0,0,1,31,68134,6,1,0,0,3,0,69,200,0,0,0,0,0,0,0,0,0,0,0,0,0,0,1,4,40,1,2,2,99,0,0,1,13,1,1,4,1,1,1
31,310167,1,2,1,20,11,10,55,12,6,1,0,19,3,89,881,89881,66,2008,2HSCEAPR78C6,2,H,S,C,E,A,P,R,7,8,C,6,1,T,INTL,92I,TR,8,17,,8,0,0,920,D,,,6,915,,,,,00000,00,,64,1,57,162648,57162648,3,6,1,1,0,0,0,0,0,0,0,998,0,0,0,11,6,2,12,0,0,0,1,31,69101,6,1,6,1,3,3,72,200,0,0,0,0,0,0,0,0,0,0,0,0,0,0,1,2,65,1,1,2,1,0,0,1,62,8,1,1,64,0,0
31,310167,2,2,1,20,11,10,55,12,6,1,0,31,2,20,16,20016,2,1996,3G1JF12T7TS8,3,G,1,J,F,1,2,T,7,T,S,8,0,P,CHEV,CZ2,CP,96,17,2788,,0,1041,,G,,F,4,146,,,16R205,,,,,,0,0,000000000,00000000000,0,0,0,1,0,0,0,0,0,0,0,998,0,0,0,9,6,2,12,0,0,0,1,31,69154,6,1,0,0,3,3,66,145,0,0,0,0,0,0,0,0,0,0,28,0,0,0,1,2,65,1,1,2,1,0,0,1,10,1,1,2,65,1,0
31,310168,1,2,2,20,11,13,15,12,6,1,0,12,2,35,399,35399,4,2004,JN8AZ08T94W2,J,N,8,A,Z,0,8,T,9,4,W,2,0,P,NISS,MUR,UT,4,17,3690,,0,1112,,G,,F,6,213,,,18R235,,,,,,0,0,000000000,00000000000,0,0,0,1,0,0,0,0,0,0,0,998,0,0,0,9,6,2,12,0,0,0,1,12,33012,6,1,0,0,3,0,68,999,0,1,0,0,0,11,2011,11,2011,0,0,0,0,0,2,2,75,1,1,2,1,0,0,1,62,1,1,1,64,2,0
31,310168,2,2,1,20,11,13,15,12,6,1,0,19,3,12,881,12881,63,2006,3FRPF75H06V3,3,F,R,P,F,7,5,H,0,6,V,3,0,T,FORD,F77,CC,6,17,,7,2810,1460,COF,D,,,6,360,,,,D,00000,00,A,42,0,57,336808,57336808,3,1,1,1,0,0,0,0,0,0,0,998,0,0,0,12,6,2,12,0,0,0,1,19,51201,6,1,6,0,3,0,999,999,0,0,0,0,0,0,0,0,0,0,0,0,0,0,2,4,75,1,1,2,1,0,0,1,10,1,1,6,65,0,0
31,310169,1,1,4,22,11,2,22,1,0,1,0,31,1,19,21,19021,4,2005,1G6DW6779502,1,G,6,D,W,6,7,7,9,5,0,2,0,P,CADI,CST,4D,5,17,3960,,0,1164,,G,,F,6,220,,,17R235,,,,,,0,0,000000000,00000000000,0,0,0,1,0,0,0,0,0,0,0,998,0,2,5,0,6,2,1,0,0,0,1,31,68803,6,1,0,0,3,3,66,165,0,0,0,0,1,4,2011,4,2011,1,28,58,0,0,1,2,50,1,1,4,1,0,0,1,6,9,2,4,7,1,1
31,310170,1,1,1,25,11,17,0,1,0,1,0,31,2,6,441,6441,20,1997,1C4GP54L7VB4,1,C,4,G,P,5,4,L,7,V,B,4,0,T,CHRY,TLX,ES,97,17,,1,0,1193,TWC,G,,,6,230,,,,,3973,00,,42,0,0,000000000,00000000000,0,0,0,1,0,0,0,0,0,0,0,998,0,2,5,0,6,2,1,0,0,0,1,31,68315,6,1,0,0,3,0,63,113,0,0,0,0,0,0,0,0,0,0,58,0,0,0,1,2,50,1,2,4,1,0,0,1,9,8,3,4,2,1,1
31,310171,1,1,1,25,11,2,57,30,0,1,0,31,1,55,35,55035,4,2000,KMHJF35F2YU9,K,M,H,J,F,3,5,F,2,Y,U,9,0,P,HYUN,EGS,4D,0,17,2626,,0,1004,,G,,F,4,121,,,14R195,,,,,,0,0,000000000,00000000000,0,0,0,1,0,0,0,0,0,0,0,48,0,0,0,9,6,2,30,0,0,0,1,31,68154,6,1,0,0,3,0,67,140,1,0,0,2,2,1,2010,11,2011,1,0,0,0,0,1,4,40,1,1,1,1,0,0,1,9,4,3,4,2,1,1
31,310172,1,1,1,26,11,99,99,23,0,1,0,31,1,23,481,23481,31,2002,2GTEK19T0211,2,G,T,E,K,1,9,T,0,2,1,1,0,T,GMC,NK1,4C,2,17,,2,1575,1435,SIE,G,,,8,325,,,,B,4910,02,U,44,0,0,000000000,00000000000,0,0,0,1,0,0,0,0,0,0,0,998,0,1,5,11,6,2,35,0,0,0,1,31,69201,6,1,6,0,3,3,70,160,0,0,0,0,0,0,0,0,0,9,99,99,99,99,1,2,35,1,2,2,3,0,0,1,9,1,3,4,7,1,1
31,310173,1,2,1,27,11,8,15,12,6,1,0,31,2,7,482,7482,31,2002,3B7KF23692M3,3,B,7,K,F,2,3,6,9,2,M,3,0,T,DODG,Q25,4C,2,17,,2,1547,1387,RPC,D,,,6,359,,,,C,5579,01,E,44,0,0,000000000,00000000000,0,0,0,1,0,0,0,0,0,0,0,998,0,1,5,1,6,2,12,0,0,0,1,31,68818,6,1,6,0,3,0,69,145,0,0,0,1,0,10,2011,10,2011,9,38,0,0,0,1,2,50,1,1,4,1,0,0,1,17,1,1,1,88,0,0
31,310173,2,2,2,27,11,8,15,12,6,1,0,31,2,20,9,20009,2,1979,1Q87G9L53240,1,Q,8,7,G,9,L,5,3,2,4,0,0,P,CHEV,CAM,CP,79,13,3305,,0,1080,,G,,2,8,305,,,14FR78,,,,,,0,0,000000000,00000000000,0,0,0,1,0,0,0,0,0,0,0,998,0,1,5,9,6,2,12,0,0,0,1,31,68818,6,1,0,0,3,3,69,140,0,1,0,0,0,4,2011,4,2011,0,0,0,0,0,1,2,50,1,1,4,1,0,0,1,66,1,1,1,89,1,0
31,310174,1,2,1,27,11,9,33,12,6,1,0,31,1,7,41,7041,4,2004,2B3HD46R94H5,2,B,3,H,D,4,6,R,9,4,H,5,0,P,DODG,ISE,4D,4,17,3329,,0,1130,,G,,F,6,167,,,16R225,,,,,,0,0,000000000,00000000000,0,0,0,1,0,0,0,0,0,0,0,998,0,0,0,3,6,2,12,0,0,0,1,31,68057,6,1,0,0,3,3,67,165,0,0,0,0,0,0,0,0,0,0,38,0,0,0,1,2,25,1,1,1,1,20,3,1,17,1,1,1,87,1,0
31,310174,2,2,1,27,11,9,33,12,6,1,0,31,3,86,881,86881,63,1980,RD68657263,R,D,6,8,6,5,7,2,6,3,,,0,T,MACK,,,80,10,,,,,,,,,,,,,,,,,,,0,57,716,57716,3,2,98,1,0,0,0,0,0,0,0,998,0,0,0,12,4,1,12,0,0,0,1,31,68031,6,1,6,0,3,3,78,300,1,0,0,0,0,6,2011,6,2011,0,0,0,0,0,1,2,35,1,1,1,1,20,3,1,66,1,1,1,86,0,0
31,310175,1,1,1,29,11,5,40,11,0,1,0,31,1,7,43,7043,4,2003,1B3EL76R03N5,1,B,3,E,L,7,6,R,0,3,N,5,0,P,DODG,SRS,4D,3,17,3150,,0,1080,,G,,F,6,167,,,17R215,,,,,,0,0,000000000,00000000000,0,0,0,1,0,0,0,0,0,0,0,998,0,0,0,12,6,2,11,0,0,0,1,31,68418,6,1,0,0,3,0,72,190,0,0,0,0,0,0,0,0,0,0,83,0,0,0,1,2,60,1,1,2,1,0,0,1,87,1,1,1,13,1,0
31,310176,1,2,1,1,12,13,33,33,0,1,0,31,1,7,472,7472,30,2006,1D7HW48N26S7,1,D,7,H,W,4,8,N,2,6,S,7,0,T,DODG,DQS,CW,6,17,,2,0,1309,DAK,G,,,8,287,,,,B,4430,00,E,44,0,0,000000000,00000000000,0,0,0,1,0,0,0,0,0,0,0,998,0,0,0,11,6,2,12,0,0,0,1,31,68522,6,1,0,0,3,3,68,215,0,0,0,0,0,0,0,0,0,0,0,0,0,0,1,4,40,1,1,1,1,0,0,1,62,1,1,1,98,0,0
31,310176,2,2,2,1,12,13,33,33,0,1,0,31,1,49,40,49040,4,1989,4T1SV21E4KU0,4,T,1,S,V,2,1,E,4,K,U,0,0,P,TOYT,CMD,4D,89,17,0,,0,1024,,G,,F,4,122,,,14R185,,,,,,0,0,000000000,00000000000,0,0,0,1,0,0,0,0,0,0,0,998,0,0,0,12,6,2,12,0,0,0,1,31,68634,6,1,0,0,3,0,76,230,0,0,0,0,1,11,2010,11,2010,9,28,0,0,0,1,4,40,1,1,1,1,0,0,1,13,1,1,4,1,2,0
31,310177,1,1,1,1,12,1,10,1,0,1,0,31,1,7,482,7482,31,2007,1D3KS28C87J5,1,D,3,K,S,2,8,C,8,7,J,5,0,T,DODG,SQ2,CW,7,17,,2,1605,1405,RPC,D,,,6,359,,,,C,6271,07,K,44,0,0,000000000,00000000000,0,0,0,1,0,0,0,0,0,0,0,998,0,2,5,0,6,2,1,0,0,0,1,31,69154,6,1,0,0,3,0,75,240,0,0,0,2,0,3,2012,6,2012,1,0,0,0,0,1,2,50,1,1,4,1,0,0,1,12,1,1,4,6,1,1
31,310178,1,1,3,1,12,0,25,1,0,1,0,31,1,12,13,12013,4,1995,3FASP13J1SR1,3,F,A,S,P,1,3,J,1,S,R,1,0,P,FORD,EST,4D,95,17,2404,,0,984,,G,,F,4,113,,,14R175,,,,,,0,0,000000000,00000000000,0,0,0,1,0,0,0,0,0,0,0,998,0,2,5,0,6,2,1,0,0,0,1,31,68781,6,1,0,0,3,3,67,170,0,0,0,2,0,2,2011,6,2012,0,58,0,0,0,1,2,60,1,2,2,1,0,0,1,13,8,3,4,2,1,1
31,310179,1,3,1,3,12,17,41,12,1,1,0,31,3,87,881,87881,66,2000,1XKDPR0X9YR8,1,X,K,D,P,R,0,X,9,Y,R,8,1,T,KW,T80,TR,0,17,,8,2600,1600,CON,D,,,6,774,,,,,00000,00,,,1,57,2013307,572013307,3,6,8,1,0,0,0,0,0,0,0,998,0,0,0,6,4,1,12,0,0,0,1,31,68845,6,1,6,0,3,3,69,212,0,0,0,0,0,0,0,0,0,0,0,0,0,0,1,2,60,1,1,2,1,0,0,2,18,1,1,1,29,0,0
31,310179,2,3,1,3,12,17,41,12,1,1,0,31,1,12,471,12471,30,1994,1FTCR15X3RPC,1,F,T,C,R,1,5,X,3,R,P,C,0,T,FORD,RNS,PC,94,17,,1,0,1250,RNG,G,,,6,245,,,,B,3479,00,A,44,0,0,000000000,00000000000,0,0,0,1,0,0,0,0,0,0,0,998,0,0,0,12,6,2,12,0,0,0,1,31,68840,6,1,0,0,3,3,75,210,1,0,0,0,0,10,2012,10,2012,0,0,0,0,0,1,2,60,1,1,2,1,0,0,1,52,1,1,1,28,1,0
31,310179,3,3,2,3,12,17,41,12,1,1,0,31,1,23,422,23422,15,2011,1GKS2CE05BR2,1,G,K,S,2,C,E,0,5,B,R,2,0,T,GMC,YLT,4W,11,17,,2,0,1160,YUK,F,,,8,323,,,,B,5894,00,S,44,0,0,000000000,00000000000,0,0,0,1,0,0,0,0,0,0,0,998,0,0,0,9,2,1,12,0,0,0,1,31,68840,6,1,6,0,3,0,70,195,0,0,0,1,0,2,2011,2,2011,0,0,0,0,0,1,2,60,1,1,2,1,0,0,1,98,1,1,1,98,0,0
31,310180,1,1,2,3,12,1,13,1,0,1,0,31,2,24,7,24007,4,2004,1G8AJ52F44Z2,1,G,8,A,J,5,2,F,4,4,Z,2,0,P,STRN,SI2,4D,4,17,2808,,0,1032,,G,,F,4,134,,,15R195,,,,,,0,0,000000000,00000000000,0,0,0,1,0,0,0,0,0,0,0,998,0,2,3,0,6,2,1,0,0,0,1,31,68064,6,1,0,0,3,0,70,170,1,1,0,0,2,4,2011,8,2012,0,36,0,0,0,2,4,65,1,2,1,2,0,0,6,9,1,2,4,7,1,1
31,310181,1,1,1,3,12,99,99,1,0,1,0,31,1,12,481,12481,31,2007,1FTPF12V27KB,1,F,T,P,F,1,2,V,2,7,K,B,0,T,FORD,F15,PK,7,17,,2,1450,1260,COF,F,,,8,329,,,,B,4615,01,E,42,0,0,000000000,00000000000,0,0,0,1,0,0,0,0,0,0,0,998,0,2,5,0,6,2,1,0,0,0,1,31,69045,6,1,0,0,3,3,71,180,0,0,0,0,0,0,0,0,0,9,99,99,99,99,1,2,60,1,1,2,1,0,0,1,13,8,2,4,2,1,0
31,310182,1,2,1,5,12,99,99,12,6,1,0,31,2,3,431,3431,16,2006,5GTDN1363683,5,G,T,D,N,1,3,6,3,6,8,3,0,T,HUMM,HH3,4W,6,17,,1,0,1119,HUM,G,,,5,214,,,,,4700,00,R,44,0,0,000000000,00000000000,0,0,0,1,0,0,0,0,0,0,0,998,0,0,0,3,6,2,12,0,0,0,1,31,68133,6,2,0,0,3,3,67,120,0,0,0,0,0,0,0,0,0,0,0,0,0,0,1,2,50,1,2,4,1,20,3,1,55,1,1,1,87,0,0
31,310182,2,2,1,5,12,99,99,12,6,1,0,46,1,7,482,7482,31,1998,3B7HF16Y4WM2,3,B,7,H,F,1,6,Y,4,W,M,2,0,T,DODG,150,PK,98,17,,2,1347,1187,RPC,G,,,8,318,,,,B,4552,01,U,44,0,0,000000000,00000000000,0,0,0,1,0,0,0,0,0,0,0,998,0,0,0,12,6,2,12,0,0,0,1,46,57104,0,0,0,0,0,0,72,160,0,0,0,0,0,0,0,0,0,0,39,0,0,0,1,2,50,1,2,4,1,20,3,1,17,1,1,1,86,1,1
31,310183,1,2,1,18,12,23,14,12,6,1,0,31,1,14,402,14402,14,2008,4M2CU97128KJ,4,M,2,C,U,9,7,1,2,8,K,J,0,P,MERC,MRN,UT,8,17,3526,,0,1031,,G,,F,6,183,,,16R235,,,,,,0,0,000000000,00000000000,0,0,0,1,0,0,0,0,0,0,0,998,0,0,0,3,6,2,12,0,0,0,1,31,68748,6,1,6,0,3,0,75,250,0,0,0,3,0,5,2011,4,2012,0,38,0,0,0,1,2,30,1,2,2,1,20,3,1,17,1,1,1,87,1,1
31,310183,2,2,1,18,12,23,14,12,6,1,0,19,3,87,881,87881,66,2003,1XP5DB9X93D8,1,X,P,5,D,B,9,X,9,3,D,8,1,T,PTRB,379,TR,3,17,,8,0,0,CON,D,,,6,893,,,,,00000,00,,64,1,57,1855895,571855895,3,6,8,1,0,0,0,0,0,0,0,998,0,0,0,12,6,2,12,0,0,0,1,19,51035,6,1,6,0,3,0,999,999,0,0,0,0,0,0,0,0,0,0,0,0,0,0,1,2,65,1,2,2,1,20,3,1,55,1,1,1,86,0,0
31,310184,1,2,1,19,12,15,20,12,6,1,0,31,3,87,881,87881,66,2005,1XP5DB9X65D8,1,X,P,5,D,B,9,X,6,5,D,8,1,T,PTRB,379,TR,5,17,,8,0,0,CON,D,,,6,893,,,,,00000,00,,64,1,57,729565,57729565,3,6,97,1,0,0,0,0,0,0,0,998,0,0,0,12,6,2,12,0,0,0,1,31,69001,6,1,6,0,3,3,67,200,0,0,0,2,0,9,2010,7,2011,0,0,0,0,0,1,2,50,1,1,1,3,0,0,1,62,4,1,1,65,0,0
31,310184,2,2,1,19,12,15,20,12,6,1,0,27,1,20,2,20002,4,2007,2G1WT55NX792,2,G,1,W,T,5,5,N,X,7,9,2,0,P,CHEV,IMT,4D,7,17,3674,,0,1105,,G,,F,6,214,,,16R225,,,,,,0,0,000000000,00000000000,0,0,0,1,0,0,0,0,0,0,0,998,0,0,0,3,6,2,12,0,0,0,1,39,44102,6,1,0,0,3,0,72,190,1,0,0,0,1,2,2010,3,2010,9,87,28,0,0,1,2,50,1,1,1,3,0,0,1,5,8,4,2,64,1,0
31,310185,1,2,2,19,12,12,50,12,1,1,0,40,3,51,881,51881,66,2013,4V4NC9EH4DN5,4,V,4,N,C,9,E,H,4,D,N,5,1,T,VOLV,VNL,TR,13,17,,8,0,0,VVN,D,,,6,793,,,,,00000,00,,64,1,57,53773,5753773,3,6,1,1,0,0,0,0,0,0,0,0,0,0,0,6,4,1,12,0,0,0,1,19,51501,6,1,6,0,3,0,999,999,0,0,0,0,0,0,0,0,0,0,0,0,0,0,2,4,75,1,1,1,4,0,0,5,53,1,1,1,21,0,0
31,310185,2,2,2,19,12,12,50,12,1,1,0,27,1,35,443,35443,20,2008,5N1BV28U88N1,5,N,1,B,V,2,8,U,8,8,N,1,0,P,NISS,QST,SV,8,17,4174,,0,1240,,G,,F,6,214,,,16R225,,,,,,0,0,000000000,00000000000,0,0,0,1,0,0,0,0,0,0,0,998,0,0,0,12,6,2,12,0,0,0,1,27,55427,6,1,0,0,3,0,66,150,0,0,0,0,0,0,0,0,0,0,0,0,0,0,2,4,75,1,1,1,4,0,0,1,50,4,2,2,20,1,0
31,310186,1,1,1,26,12,13,10,1,0,1,0,31,1,7,482,7482,31,1999,1B7HF16Z1XS2,1,B,7,H,F,1,6,Z,1,X,S,2,0,T,DODG,150,PK,99,17,,2,1347,1187,RPC,G,,,8,360,,,,B,4531,01,U,44,0,0,000000000,00000000000,0,0,0,1,0,0,0,0,0,0,0,998,0,2,5,0,6,2,1,0,0,0,1,31,68020,6,1,6,0,3,3,74,245,0,0,0,0,0,0,0,0,0,9,87,0,0,0,1,2,55,1,3,2,4,0,0,1,5,1,2,4,2,1,0
31,310187,1,2,2,21,12,13,20,12,6,1,0,31,2,18,2,18002,4,1995,1G4HR52L9SH5,1,G,4,H,R,5,2,L,9,S,H,5,0,P,BUIC,LLF,4D,95,17,3442,,0,1108,,G,,F,6,231,,,15R205,,,,,,0,0,000000000,00000000000,0,0,0,1,0,0,0,0,0,0,0,998,0,0,0,12,6,2,12,0,0,0,1,31,68524,6,1,0,0,3,3,73,250,0,0,0,0,0,0,0,0,0,9,99,99,99,99,2,4,45,1,2,1,2,0,0,1,66,1,1,1,69,1,0
31,310187,2,2,2,21,12,13,20,12,6,1,0,40,3,82,881,82881,66,2010,1FUJA6DR8ADA,1,F,U,J,A,6,D,R,8,A,D,A,1,T,FRHT,COL,TR,10,17,,8,0,0,CON,D,,,6,903,,,,,00000,00,,64,1,57,0053773,570053773,3,6,1,1,0,0,0,0,0,0,0,998,0,0,0,3,2,3,12,0,0,0,1,13,30909,6,1,6,0,3,0,999,999,98,0,0,0,0,0,0,0,0,0,38,0,0,0,2,4,45,1,2,1,2,0,0,11,15,1,1,2,68,0,0
31,310188,1,2,2,25,12,11,25,12,6,1,0,31,2,7,482,7482,31,1997,1B7HC13ZXVJ5,1,B,7,H,C,1,3,Z,X,V,J,5,0,T,DODG,150,PC,97,17,,2,1547,1387,RPC,G,,,8,360,,,,B,4379,01,M,42,0,0,000000000,00000000000,0,0,0,1,0,0,0,0,0,0,0,998,0,0,0,11,6,2,12,0,0,0,1,31,69040,6,2,0,0,3,3,65,120,0,0,0,0,0,0,0,0,0,1,28,87,0,0,1,2,60,1,1,2,4,0,0,1,5,8,2,2,64,0,0
31,310188,2,2,3,25,12,11,25,12,6,1,0,31,1,9,4,9004,4,1985,1P3BB26P4FX5,1,P,3,B,B,2,6,P,4,F,X,5,0,P,PLYM,G/C,4D,85,17,3553,,0,1127,,G,,2,8,318,,,15R205,,,,,,0,0,000000000,00000000000,0,0,0,1,0,0,0,0,0,0,0,998,0,0,0,11,6,2,12,0,0,0,1,31,69034,6,1,0,0,3,3,68,148,0,0,0,0,0,0,0,0,0,0,0,0,0,0,1,2,60,1,1,2,4,0,0,1,62,9,1,1,65,2,0
31,310189,1,2,1,31,12,12,12,12,2,1,0,27,1,24,401,24401,14,2010,3GSFLKE75AS5,3,G,S,F,L,K,E,7,5,A,S,5,0,P,STRN,VUE,UT,10,17,4076,,0,1066,,G,,F,6,220,,,17R235,,,,,,0,0,000000000,00000000000,0,0,0,1,0,0,0,0,0,0,0,998,0,0,0,12,6,2,12,0,0,0,1,27,55416,6,1,0,0,3,3,64,125,0,0,0,0,0,0,0,0,0,1,28,87,0,0,1,2,60,1,1,2,3,0,0,1,5,1,2,2,50,0,0
31,310189,2,2,1,31,12,12,12,12,2,1,0,31,1,20,443,20443,20,2004,1GNDX03E04D2,1,G,N,D,X,0,3,E,0,4,D,2,0,T,CHEV,VTR,ES,4,17,,1,0,1200,VTR,G,,,6,207,,,,,3838,00,,42,0,0,000000000,00000000000,0,0,0,1,0,0,0,0,0,0,0,998,0,0,0,12,6,2,12,0,0,0,1,31,68450,6,1,0,0,3,0,75,245,0,0,0,0,0,0,0,0,0,0,0,0,0,0,1,2,60,1,1,2,3,0,0,1,62,1,1,1,51,1,0
31,310190,1,2,2,8,10,23,55,12,6,1,0,20,1,7,482,7482,31,2004,1D7HU18D44S7,1,D,7,H,U,1,8,D,4,4,S,7,0,T,DODG,SQ1,CW,4,17,,2,1605,1405,RPC,G,,,8,345,,,,B,5043,02,E,44,0,0,000000000,00000000000,0,0,0,1,0,0,0,0,0,0,0,998,0,0,0,12,6,2,12,0,0,0,1,20,67028,6,1,0,0,3,0,999,999,0,0,0,0,0,0,0,0,0,0,39,0,0,0,1,2,45,1,1,1,1,3,3,1,17,1,1,1,86,0,1
31,310190,2,2,1,8,10,23,55,12,6,1,0,31,1,12,481,12481,31,1995,1FTEF14HXSLB,1,F,T,E,F,1,4,H,X,S,L,B,0,T,FORD,F15,PK,95,17,,2,1330,1170,COF,G,,,8,351,,,,B,00000,00,M,44,0,0,000000000,00000000000,0,0,0,1,0,0,0,0,0,0,0,998,0,0,0,4,6,2,2,0,0,1,1,31,68850,6,1,0,0,3,0,66,194,0,0,0,0,0,0,0,0,0,0,0,0,0,0,1,2,45,1,1,1,1,3,3,1,55,1,1,1,87,1,0
32,320001,1,2,1,1,1,0,40,8,0,1,0,6,3,12,422,12422,15,2011,1FMJU1G53BEF,1,F,M,J,U,1,G,5,3,B,E,F,0,P,FORD,EPT,UT,11,17,5805,,0,1190,,F,,F,8,329,,,17R265,,,,,,0,0,000000000,00000000000,0,0,0,1,0,0,0,0,0,5,0,998,0,0,0,11,4,3,8,0,0,0,1,6,96161,6,1,0,0,3,0,72,165,0,0,0,0,0,0,0,0,0,0,16,0,0,0,1,4,45,1,5,2,1,0,0,1,80,9,1,1,13,0,0
32,320001,2,2,1,1,1,0,40,8,0,1,0,32,3,12,870,12870,55,1998,1FDXE40SXWHA,1,F,D,X,E,4,0,S,X,W,H,A,0,T,FORD,RVC,MH,98,17,,4,1760,1580,CTV,G,,,10,415,,,,,00000,00,E,42,0,77,777777777,77777777777,2,21,22,1,0,0,0,0,7,3,0,43,0,0,0,14,0,1,8,0,0,0,1,32,89436,6,1,6,1,3,1,73,225,0,0,0,1,0,11,2010,11,2010,0,0,0,0,0,1,4,45,1,6,2,1,0,0,1,80,1,1,1,98,0,0
32,320002,1,2,2,1,1,2,15,12,1,1,1,32,5,19,3,19003,4,2004,1G6KD54Y24U1,1,G,6,K,D,5,4,Y,2,4,U,1,0,P,CADI,DFW,4D,4,17,3978,,0,1153,,G,,F,8,279,,,16R225,,,,,,0,0,000000000,00000000000,0,0,0,1,0,0,0,0,0,0,0,69,0,1,3,12,6,2,12,0,0,0,1,32,89110,6,1,0,0,3,0,69,145,0,3,0,0,1,9,2010,12,2011,1,36,0,0,0,2,4,35,1,1,2,1,0,0,1,51,1,1,1,24,0,0