STATE,ST_CASE,VEH_NO,VE_FORMS,NUMOCCS,DAY,MONTH,HOUR,MINUTE,HARM_EV,MAN_COLL,UNITTYPE,HIT_RUN,REG_STAT,OWNER,MAKE,MODEL,MAK_MOD,BODY_TYP,MOD_YEAR,VIN,VIN_1,VIN_2,VIN_3,VIN_4,VIN_5,VIN_6,VIN_7,VIN_8,VIN_9,VIN_10,VIN_11,VIN_12,TOW_VEH,VINTYPE,VINMAKE,VINA_MOD,VIN_BT,VINMODYR,VIN_LNGT,VIN_WGT,WGTCD_TR,WHLBS_LG,WHLBS_SH,SER_TR,FUELCODE,MCYCL_DS,CARBUR,CYLINDER,DISPLACE,MCYCL_CY,MCYCL_WT,TIRE_SZE,TON_RAT,TRK_WT,TRKWTVAR,VIN_REST,WHLDRWHL,J_KNIFE,MCARR_I1,MCARR_I2,MCARR_ID,GVWR,V_CONFIG,CARGO_BT,HAZ_INV,HAZ_PLAC,HAZ_ID,HAZ_CNO,HAZ_REL,BUS_USE,SPEC_USE,EMER_USE,TRAV_SP,UNDERIDE,ROLLOVER,ROLINLOC,IMPACT1,DEFORMED,TOWED,M_HARM,VEH_SC1,VEH_SC2,FIRE_EXP,DR_PRES,L_STATE,DR_ZIP,L_STATUS,L_TYPE,CDL_STAT,L_ENDORS,L_COMPL,L_RESTRI,DR_HGT,DR_WGT,PREV_ACC,PREV_SUS,PREV_DWI,PREV_SPD,PREV_OTH,FIRST_MO,FIRST_YR,LAST_MO,LAST_YR,SPEEDREL,DR_SF1,DR_SF2,DR_SF3,DR_SF4,VTRAFWAY,VNUM_LAN,VSPD_LIM,VALIGN,VPROFILE,VPAVETYP,VSURCOND,VTRAFCON,VTCONT_F,P_CRASH1,P_CRASH2,P_CRASH3,PCRASH4,PCRASH5,ACC_TYPE,DEATHS,DR_DRINK
32,320102,2,2,3,7,4,20,52,12,1,1,0,6,2,37,421,37421,15,2011,5FNYF4H94BB0,5,F,N,Y,F,4,H,9,4,B,B,0,0,P,HOND,PIL,UT,11,17,4608,,0,1092,,G,,F,6,213,,,17R245,,,,,,0,0,000000000,00000000000,0,0,0,1,0,0,0,0,0,0,0,0,0,0,0,6,4,1,12,0,0,0,1,6,94509,6,1,0,0,3,3,60,105,0,0,0,0,0,0,0,0,0,0,0,0,0,0,2,3,45,1,1,2,1,3,3,5,53,1,1,1,21,0,0
32,320103,1,1,1,14,7,0,10,1,0,1,0,32,2,49,40,49040,4,2000,4T1BG22K8YU6,4,T,1,B,G,2,2,K,8,Y,U,6,0,P,TOYT,UEX,4D,0,17,2998,,0,1051,,G,,F,4,132,,,14R195,,,,,,0,0,000000000,00000000000,0,0,0,1,0,0,0,0,0,0,0,55,0,1,5,0,6,2,1,0,0,0,1,32,89131,1,1,0,0,2,3,71,175,0,2,0,0,0,3,2011,5,2012,0,0,0,0,0,1,4,55,3,5,2,99,40,3,14,13,1,4,4,1,1,0
32,320104,1,2,1,10,7,12,40,12,6,1,0,32,1,37,402,37402,14,2000,JHLRD1869YS0,J,H,L,R,D,1,8,6,9,Y,S,0,0,P,HOND,CRV,UT,0,17,3245,,0,1032,,G,,F,4,120,,,15R205,,,,,,0,0,000000000,00000000000,0,0,0,1,0,0,0,0,0,0,0,43,0,1,5,9,6,2,12,0,0,0,1,32,89135,6,1,0,0,3,0,58,105,0,0,0,0,0,0,0,0,0,0,39,38,0,0,4,2,45,1,1,2,1,2,3,1,17,1,1,1,89,1,0
32,320104,2,2,1,10,7,12,40,12,6,1,0,32,3,59,403,59403,14,2011,2T2BK1BA5BC1,2,T,2,B,K,1,B,A,5,B,C,1,0,P,LEXS,RX5,UT,11,17,4343,,0,1079,,G,,F,6,211,,,18R235,,,,,,0,0,000000000,00000000000,0,0,0,1,0,0,0,0,0,0,0,43,0,0,0,12,6,2,2,0,0,1,1,32,89117,6,1,0,0,3,0,69,140,0,0,0,0,0,0,0,0,0,0,0,0,0,0,2,3,40,1,6,2,1,2,3,1,66,1,1,1,88,0,0
32,320105,1,3,3,16,3,22,17,12,6,1,0,32,1,12,3,12003,2,2007,1ZVHT80N3752,1,Z,V,H,T,8,0,N,3,7,5,2,0,P,FORD,MUS,CP,7,17,3352,,0,1071,,G,,F,6,244,,,16R215,,,,,,0,0,000000000,00000000000,0,0,0,1,0,0,0,0,0,0,0,55,0,0,0,83,6,2,30,0,0,0,1,32,89120,6,1,0,0,3,0,67,170,0,0,0,0,0,0,0,0,0,1,39,38,0,0,2,3,45,1,1,2,1,2,3,1,17,1,1,1,87,1,1
32,320105,2,3,2,16,3,22,17,12,6,1,0,32,1,12,13,12013,4,1999,3FAKP1136XR1,3,F,A,K,P,1,1,3,6,X,R,1,0,P,FORD,ZCH,CP,99,17,2478,,0,984,,G,,F,4,121,,,14R185,,,,,,0,0,000000000,00000000000,0,0,0,1,0,0,0,0,0,0,0,30,0,0,0,12,6,2,12,0,0,0,1,32,89117,6,1,0,0,3,0,60,105,0,0,0,0,0,0,0,0,0,0,0,0,0,0,2,2,45,1,1,2,1,2,3,1,66,1,1,1,86,0,0
32,320105,3,3,1,16,3,22,17,12,6,1,0,32,1,20,473,20473,30,2005,1GCCS1368581,1,G,C,C,S,1,3,6,8,5,8,1,0,T,CHEV,RDO,CW,5,17,,1,0,1260,CAL,G,,,5,214,,,,,3511,00,,42,0,0,000000000,00000000000,0,0,0,1,0,0,0,0,0,0,0,998,0,0,0,13,2,1,54,0,0,0,1,32,89146,6,1,0,0,3,0,67,163,0,0,0,0,0,0,0,0,0,0,0,0,0,0,2,3,45,1,1,2,1,2,3,1,62,99,1,1,98,0,0
32,320106,1,1,2,16,6,6,10,31,0,1,0,32,1,54,38,54038,3,2003,JH4DC53053C0,J,H,4,D,C,5,3,0,5,3,C,0,0,P,ACUR,RST,2H,3,17,2767,,0,1012,,G,,F,4,122,,,16R205,,,,,,0,0,000000000,00000000000,0,0,0,1,0,0,0,0,0,0,0,998,0,1,6,12,6,2,43,0,0,0,1,32,89521,6,1,0,0,3,0,70,165,0,1,0,0,0,9,2009,9,2009,1,0,0,0,0,2,2,40,3,1,2,1,0,0,14,6,99,9,4,2,1,1
32,320107,1,1,2,6,6,0,9,8,0,1,0,32,1,2,404,2404,14,1999,1J4GW68NXXC6,1,J,4,G,W,6,8,N,X,X,C,6,0,T,JEEP,LMT,4W,99,17,,1,0,1059,GCK,G,,,8,287,,,,,3809,00,E,44,0,0,000000000,00000000000,0,0,0,1,0,0,0,0,0,0,0,998,0,0,0,1,4,3,8,0,0,0,1,32,89434,6,1,0,0,3,0,72,190,0,0,0,0,0,0,0,0,0,0,0,0,0,0,2,2,45,1,1,2,1,0,0,1,80,1,1,1,13,0,0
32,320108,1,1,1,3,7,22,58,8,0,1,1,32,1,35,43,35043,4,2004,3N1CB51DX4L8,3,N,1,C,B,5,1,D,X,4,L,8,0,P,NISS,S18,4D,4,17,2387,,0,998,,G,,F,4,108,,,15R195,,,,,,0,0,000000000,00000000000,0,0,0,1,0,0,0,0,0,0,0,28,0,0,0,11,4,3,8,0,0,0,1,32,89121,6,1,0,0,3,3,67,180,0,0,0,0,0,0,0,0,0,0,0,0,0,0,2,3,45,1,1,2,1,0,0,1,80,1,1,1,13,0,1
32,320109,1,3,1,29,3,9,22,12,6,1,0,32,1,3,431,3431,16,2007,5GRGN22U77H1,5,G,R,G,N,2,2,U,7,7,H,1,0,T,HUMM,SUT,4W,7,17,,2,0,1227,HUM,G,,,8,364,,,,C,6400,00,U,44,0,0,000000000,00000000000,0,0,0,1,0,0,0,0,0,0,0,70,0,1,1,12,6,2,12,0,0,0,1,32,89119,6,1,0,0,3,3,71,199,0,1,0,0,0,3,2011,3,2011,1,39,38,0,0,2,3,45,1,1,2,1,2,3,1,17,1,1,1,69,1,0
32,320109,2,3,1,29,3,9,22,12,6,1,0,32,1,49,32,49032,4,2010,1NXBU4EE5AZ2,1,N,X,B,U,4,E,E,5,A,Z,2,0,P,TOYT,CBL,4D,10,17,2723,,0,1024,,G,,F,4,110,,,15R195,,,,,,0,0,000000000,00000000000,0,0,0,1,0,0,0,0,0,0,0,998,0,0,0,3,6,2,12,0,0,0,1,32,89130,6,1,0,0,3,0,75,198,0,0,0,0,0,0,0,0,0,0,0,0,0,0,2,3,35,1,1,2,1,2,3,11,15,1,1,1,68,1,0
32,320109,3,3,3,29,3,9,22,12,6,1,0,32,3,20,461,20461,21,2005,1GAHG39U8511,1,G,A,H,G,3,9,U,8,5,1,1,0,T,CHEV,E35,ES,5,17,,2,0,1550,EXP,G,,,8,366,,,,D,6321,00,,42,0,0,000000000,00000000000,0,0,0,1,0,0,0,0,0,0,0,998,0,0,0,9,6,2,12,0,0,0,1,32,89130,6,1,0,0,3,0,68,140,0,0,0,1,1,4,2009,8,2009,0,0,0,0,0,2,3,35,1,1,2,1,3,3,10,16,1,1,1,98,0,0
32,320110,1,1,4,15,5,5,42,31,0,1,0,6,1,35,402,35402,14,2000,5N1ED28T7YC5,5,N,1,E,D,2,8,T,7,Y,C,5,0,P,NISS,XTR,UT,0,17,3546,,0,1043,,G,,F,6,201,,,15R235,,,,,,0,0,000000000,00000000000,0,0,0,1,0,0,0,0,0,0,0,75,0,1,1,12,6,2,1,0,0,0,1,6,90650,6,1,0,0,3,0,62,145,0,0,0,0,0,0,0,0,0,0,58,0,0,0,1,2,70,1,1,2,1,0,0,1,13,6,1,4,1,1,0
32,320111,1,1,3,10,7,17,21,30,0,1,0,32,2,20,481,20481,31,2001,1GCEC14V11Z2,1,G,C,E,C,1,4,V,1,1,Z,2,0,T,CHEV,SC1,PK,1,17,,2,1330,1190,SIL,G,,,8,293,,,,B,4135,00,,42,0,0,000000000,00000000000,0,0,0,1,0,0,0,0,0,0,0,49,0,1,6,11,6,2,1,0,0,0,1,6,89117,3,1,0,0,2,0,77,250,0,0,0,1,0,8,2011,8,2011,1,58,36,0,0,2,3,45,1,1,2,1,0,0,15,13,6,1,4,1,1,0
32,320112,1,2,1,7,7,22,54,12,1,1,1,32,1,49,401,49401,14,2003,JTEBU14R5300,J,T,E,B,U,1,4,R,5,3,0,0,0,P,TOYT,RUN,UT,3,17,4280,,0,1098,,G,,F,6,244,,,17R265,,,,,,0,0,000000000,00000000000,0,0,0,1,0,0,0,0,0,0,0,998,0,0,0,12,9,1,12,0,0,0,1,32,89512,6,1,0,0,3,0,65,185,0,0,0,0,0,0,0,0,0,9,28,0,0,0,2,3,45,1,2,2,1,0,0,1,11,99,1,2,32,0,0
32,320112,2,2,1,7,7,22,54,12,1,1,0,0,0,98,701,98701,88,2011,LD6TCB078BL9,L,D,6,T,C,B,0,7,8,B,L,9,0,U,,,,11,17,,,,,,,,,,,,,,,,,,,0,0,000000000,00000000000,0,0,0,1,0,0,0,0,0,0,0,998,0,0,0,6,6,2,12,0,0,0,1,32,89523,6,1,0,0,1,0,72,195,0,0,0,0,0,0,0,0,0,0,0,0,0,0,2,3,45,1,2,2,1,0,0,1,60,1,1,1,32,1,0
32,320113,1,2,3,11,7,13,45,1,0,1,0,32,2,20,481,20481,31,2004,1GCHK23254F2,1,G,C,H,K,2,3,2,5,4,F,2,1,T,CHEV,2KH,CW,4,17,,2,1670,1530,SIL,D,,,8,403,,,,C,6056,03,,44,1,0,000000000,00000000000,0,0,0,1,0,0,0,0,0,0,0,45,0,2,2,0,6,2,12,0,0,0,1,32,89031,6,1,0,0,3,0,69,135,0,0,0,0,0,0,0,0,0,0,28,58,0,0,1,2,70,3,5,2,1,0,0,14,60,7,4,4,8,1,0
32,320113,2,2,2,11,7,13,45,1,0,1,0,32,1,52,47,52047,6,2008,JA4LS31W28Z0,J,A,4,L,S,3,1,W,2,8,Z,0,0,P,MITS,OUT,UT,8,17,3395,,0,1051,,G,,F,4,146,,,16R215,,,,,,0,0,000000000,00000000000,0,0,0,1,0,0,0,0,0,0,0,30,0,1,2,12,6,2,12,0,0,0,1,32,89052,6,1,0,0,3,0,73,185,0,0,0,0,0,0,0,0,0,0,85,0,0,0,1,2,70,2,6,2,1,0,0,14,62,9,1,1,98,0,0
32,320114,1,2,1,10,7,23,30,12,1,1,0,49,2,20,401,20401,14,2001,1GNDT13W61K2,1,G,N,D,T,1,3,W,6,1,K,2,0,P,CHEV,BZR,UT,1,17,4133,,0,1070,,G,,F,6,262,,,15R235,,,,,,0,0,000000000,00000000000,0,0,0,1,0,0,0,0,0,0,0,70,1,0,0,12,6,2,12,0,0,0,1,49,84721,6,1,0,0,3,3,72,235,98,0,0,0,0,0,0,0,0,0,6,0,0,0,2,2,75,1,6,2,1,0,0,1,51,99,1,1,24,1,0
32,320114,2,2,1,10,7,23,30,12,1,1,0,6,3,87,881,87881,66,2008,1XPHD49XX8D7,1,X,P,H,D,4,9,X,X,8,D,7,1,T,PTRB,386,TR,8,17,,8,0,0,CON,D,,,6,915,,,,,00000,00,,64,1,57,1468911,571468911,3,6,11,1,0,0,0,0,0,0,0,25,7,0,0,6,6,2,12,0,0,0,1,6,93015,6,1,6,0,3,0,67,140,0,0,0,1,0,5,2011,5,2011,0,24,0,0,0,2,2,75,1,6,2,1,0,0,1,53,1,1,1,25,0,0
32,320115,1,1,5,18,7,16,3,31,0,1,0,32,1,12,481,12481,31,2010,1FTSW21P46EB,1,F,T,S,W,2,1,P,4,6,E,B,1,T,FORD,F2S,CW,6,17,,2,1720,1560,SRW,D,,,8,366,,,,C,6395,01,E,44,1,0,000000000,00000000000,0,0,0,1,0,0,0,0,0,0,0,65,0,1,3,3,6,2,1,0,0,0,1,32,89017,6,1,6,0,3,1,73,175,0,0,0,0,0,0,0,0,0,0,91,21,80,0,2,2,55,3,1,2,1,0,0,14,1,99,4,4,7,2,0
32,320116,1,1,2,19,7,3,22,42,0,1,0,32,2,12,3,12003,2,2005,1ZVHT82H2552,1,Z,V,H,T,8,2,H,2,5,5,2,0,P,FORD,MGT,CP,5,17,3450,,0,1071,,G,,F,8,280,,,17R235,,,,,,0,0,000000000,00000000000,0,0,0,1,0,0,0,0,0,0,0,64,0,0,0,3,6,2,42,0,0,0,1,32,89138,6,1,0,0,3,3,71,182,0,0,0,0,0,0,0,0,0,1,91,0,0,0,2,2,35,2,5,2,1,0,0,14,6,1,4,4,7,1,1
32,320117,1,1,1,23,7,3,8,1,0,1,0,32,1,53,705,53705,80,2003,JS1VP53A0321,J,S,1,V,P,5,3,A,0,3,2,1,0,M,SUZI,SV6,RC,3,17,,,,,,,645,,2,,4,645,,,,,,,0,0,000000000,00000000000,0,0,0,1,0,0,0,0,0,0,0,55,0,0,0,0,6,2,1,0,0,0,1,32,89086,6,1,0,0,2,0,71,155,0,0,0,0,0,0,0,0,0,0,0,0,0,0,2,2,55,3,6,2,1,0,0,14,13,1,4,4,1,1,1
32,320118,1,1,1,21,7,20,0,31,0,1,0,32,2,12,880,12880,67,2002,1FTWW33F12EB,1,F,T,W,W,3,3,F,1,2,E,B,0,T,FORD,F3D,CW,2,17,,3,1720,1560,DRW,D,,,8,444,,,,D,6603,06,E,44,0,88,888888888,88888888888,2,1,97,1,0,0,0,0,0,0,0,94,0,1,5,12,6,2,1,0,0,1,1,32,89005,6,1,0,0,3,3,68,210,0,0,0,0,0,0,0,0,0,1,58,0,0,0,1,2,70,3,6,2,1,0,0,14,6,99,9,4,2,1,1
32,320119,1,1,1,5,8,5,51,17,0,1,0,32,2,37,402,37402,14,2001,JHLRD18661C0,J,H,L,R,D,1,8,6,6,1,C,0,0,P,HOND,CRV,UT,1,17,3245,,0,1032,,G,,F,4,120,,,15R205,,,,,,0,0,000000000,00000000000,0,0,0,1,0,0,0,0,0,0,0,998,0,1,5,12,6,2,1,0,0,0,1,32,89436,6,1,0,0,3,0,63,115,0,1,0,0,0,10,2009,10,2009,0,99,99,99,99,2,2,40,3,1,2,1,0,0,14,11,1,1,4,1,1,1
32,320120,1,1,1,23,7,14,24,31,0,1,0,18,1,37,706,37706,80,1999,1HFSC4106XA0,1,H,F,S,C,4,1,0,6,X,A,0,0,M,HOND,GLF,RS,99,17,,,,,,,1520,,6,,4,774,,,,,,,0,0,000000000,00000000000,0,0,0,1,0,0,0,0,0,0,0,65,0,0,0,3,6,2,1,0,0,0,1,18,46158,6,1,0,0,3,0,68,300,0,0,0,0,0,0,0,0,0,0,58,0,0,0,1,2,70,1,1,2,1,0,0,1,13,6,4,4,1,1,0
32,320121,1,3,4,18,7,17,22,12,6,1,0,39,3,35,50,35050,5,2012,3N1BC1CPXCK2,3,N,1,B,C,1,C,P,X,C,K,2,0,P,NISS,VSL,4H,12,17,2693,,0,1024,,G,,F,4,110,,,15R185,,,,,,0,0,000000000,00000000000,0,0,0,1,0,0,0,0,0,0,0,17,0,1,1,5,6,2,12,0,0,0,1,39,44012,6,1,0,0,3,0,63,123,0,0,0,0,0,0,0,0,0,0,38,39,53,0,1,2,35,1,1,2,1,20,3,1,17,1,1,1,87,1,0
32,320121,2,3,2,18,7,17,22,12,6,1,0,32,1,12,481,12481,31,1999,1FTRF17W8XKA,1,F,T,R,F,1,7,W,8,X,K,A,0,T,FORD,F15,PK,99,17,,2,1385,1199,COF,G,,,8,281,,,,B,00000,00,U,42,0,0,000000000,00000000000,0,0,0,1,0,0,0,0,0,0,0,40,0,0,0,12,6,2,12,0,0,0,1,32,89011,6,1,0,0,3,0,69,245,0,0,0,0,0,0,0,0,0,0,0,0,0,0,2,2,45,1,1,2,1,0,0,1,66,9,9,3,86,0,0
32,320121,3,3,3,18,7,17,22,12,6,1,0,32,1,7,442,7442,20,2005,1D4GP25B55B4,1,D,4,G,P,2,5,B,5,5,B,4,0,P,DODG,CAR,SV,5,17,3725,,0,1133,,G,,F,4,148,,,15R215,,,,,,0,0,000000000,00000000000,0,0,0,1,0,0,0,0,0,0,0,0,0,0,0,12,6,2,12,0,0,0,1,32,89015,6,1,0,0,3,0,63,123,0,0,0,0,0,0,0,0,0,0,0,0,0,0,1,2,25,1,1,2,1,20,3,5,62,1,1,1,98,0,0
32,320122,1,2,1,19,7,16,47,12,6,1,0,32,2,37,706,37706,80,2008,JH2SC59028M0,J,H,2,S,C,5,9,0,2,8,M,0,0,M,HOND,CBS,RC,8,17,,,,,,,998,,4,,4,439,,,,,,,0,0,000000000,00000000000,0,0,0,1,0,0,0,0,0,0,0,67,0,0,0,12,6,2,12,0,0,0,1,32,89108,6,1,0,0,3,0,68,135,0,0,0,1,0,8,2010,8,2010,1,36,0,0,0,5,3,45,1,1,2,1,1,3,1,17,1,1,1,69,1,0
32,320122,2,2,2,19,7,16,47,12,6,1,0,32,2,37,31,37031,4,1992,JHMEG8658NS0,J,H,M,E,G,8,6,5,8,N,S,0,0,P,HOND,CLE,4D,92,17,2319,,0,1031,,G,,F,4,091,,,13R175,,,,,,0,0,000000000,00000000000,0,0,0,1,0,0,0,0,0,0,0,998,0,0,0,4,6,2,12,0,0,0,1,32,89117,6,1,0,0,3,3,66,160,0,0,0,0,0,0,0,0,0,0,38,0,0,0,5,3,45,1,1,2,1,1,3,11,15,1,1,1,68,0,0
32,320123,1,1,1,15,3,6,21,8,0,1,1,32,2,20,481,20481,31,2001,2GCEC19V1111,2,G,C,E,C,1,9,V,1,1,1,1,0,T,CHEV,SC1,4C,1,17,,2,1575,1435,SIL,G,,,8,293,,,,B,4413,00,,42,0,0,000000000,00000000000,0,0,0,1,0,0,0,0,0,0,0,49,0,0,0,12,4,3,8,0,0,0,1,32,89121,6,1,0,0,3,0,66,255,0,0,0,0,0,0,0,0,0,0,0,0,0,0,2,2,35,1,6,2,1,0,0,1,13,1,1,4,1,0,0
32,320124,1,1,1,27,8,17,53,35,0,1,0,41,1,30,40,30040,4,2006,3VWST71K06M7,3,V,W,S,T,7,1,K,0,6,M,7,0,P,VOLK,JD1,4D,6,17,3085,,0,1015,,D,,T,4,116,,,16R205,,,,,,0,0,000000000,00000000000,0,0,0,1,0,0,0,0,0,0,0,79,0,1,5,12,6,2,1,0,0,1,1,53,98335,6,1,0,0,3,0,64,155,0,0,0,0,0,0,0,0,0,1,58,0,0,0,1,2,55,2,1,2,1,0,0,14,6,7,3,4,7,1,1
32,320125,1,1,2,25,8,11,17,1,0,1,0,32,2,14,37,14037,4,2000,1MEFM6531YK6,1,M,E,F,M,6,5,3,1,Y,K,6,0,P,MERC,MSP,4D,0,17,2805,,0,1065,,G,,F,4,121,,,14R185,,,,,,0,0,000000000,00000000000,0,0,0,1,0,0,0,0,0,0,0,81,0,1,5,0,6,2,1,0,0,0,1,32,89049,6,1,6,0,3,0,70,170,0,0,0,0,0,0,0,0,0,1,0,0,0,0,1,2,70,1,3,2,1,0,0,1,98,9,3,4,1,1,0
32,320126,1,1,2,3,9,15,13,31,0,1,0,6,1,72,706,72706,80,2004,1HD1BWB354Y0,1,H,D,1,B,W,B,3,5,4,Y,0,0,M,HD,FSI,RS,4,17,,,,,,,1450,,2,,4,696,,,,,,,0,0,000000000,00000000000,0,0,0,1,0,0,0,0,0,0,0,45,0,0,0,12,6,2,1,0,0,0,1,6,96150,3,1,0,0,2,0,69,200,0,0,0,0,1,3,2011,3,2011,0,91,0,0,0,1,4,45,3,6,2,1,0,0,14,13,3,2,4,2,1,0
32,320127,1,1,1,16,9,4,35,33,0,1,0,32,1,2,403,2403,14,1991,2J4FY19P7MJ1,2,J,4,F,Y,1,9,P,7,M,J,1,0,T,JEEP,W/S,2W,91,17,,1,0,934,W/Y,G,,,4,150,,,,,2932,01,A,44,0,0,000000000,00000000000,0,0,0,1,0,0,0,0,0,0,0,42,0,1,5,14,6,2,1,0,0,0,1,32,89701,2,1,0,0,2,0,70,235,0,1,1,0,0,3,2012,6,2012,1,6,0,0,0,1,2,35,1,1,2,1,0,0,1,13,9,3,4,2,1,1
32,320128,1,1,1,19,8,13,44,42,0,1,0,32,2,34,35,34035,4,1997,WBADD6329VBW,W,B,A,D,D,6,3,2,9,V,B,W,0,P,BMW,52A,4D,97,17,3505,,0,1114,,G,,F,6,170,,,15R225,,,,,,0,0,000000000,00000000000,0,0,0,1,0,0,0,0,0,0,0,45,0,1,5,12,6,2,42,0,0,0,1,53,98354,6,1,0,0,3,0,68,170,0,0,0,0,0,0,0,0,0,1,0,0,0,0,1,2,45,2,1,2,1,0,0,14,6,1,1,4,6,1,0
32,320129,1,1,1,4,9,9,53,31,0,1,0,32,1,49,40,49040,4,1995,JT2SK12E7S02,J,T,2,S,K,1,2,E,7,S,0,2,0,P,TOYT,CLE,4D,95,17,3086,,0,1031,,G,,F,4,132,,,14R195,,,,,,0,0,000000000,00000000000,0,0,0,1,0,0,0,0,0,0,0,73,0,1,6,1,6,2,1,0,0,0,1,32,89445,6,1,0,0,3,0,62,150,0,0,0,0,0,0,0,0,0,0,58,0,0,0,2,2,75,1,1,2,1,0,0,1,12,7,3,4,6,1,0
32,320130,1,1,1,25,8,15,15,1,0,1,0,53,1,72,706,72706,80,2009,1HD1FV4199Y6,1,H,D,1,F,V,4,1,9,9,Y,6,0,M,HD,FHT,RS,9,17,,,,,,,1584,,2,,4,811,,,,,,,0,0,000000000,00000000000,0,0,0,1,0,0,0,0,0,0,0,65,0,0,0,0,6,2,1,0,0,0,1,53,98944,6,1,0,0,3,3,68,230,0,0,0,0,0,0,0,0,0,0,58,0,0,0,1,2,70,1,1,2,1,0,0,1,13,6,3,4,1,1,0
32,320131,1,1,1,24,8,5,55,25,0,1,0,32,1,22,32,22032,6,2005,5Y2SL63865Z4,5,Y,2,S,L,6,3,8,6,5,Z,4,0,P,PONT,VIB,4H,5,17,2700,,0,1024,,G,,F,4,110,,,16R205,,,,,,0,0,000000000,00000000000,0,0,0,1,0,0,0,0,0,0,0,68,0,1,6,14,6,2,1,0,0,0,1,32,89183,6,1,0,0,3,0,72,205,0,0,0,0,0,0,0,0,0,0,58,0,0,0,3,3,70,1,1,1,1,0,0,1,10,1,1,4,6,1,0
32,320132,1,1,1,16,8,13,50,31,0,1,0,32,1,12,481,12481,31,2003,1FTRW08L13KD,1,F,T,R,W,0,8,L,1,3,K,D,0,T,FORD,F1S,CW,3,17,,2,0,1388,COF,G,,,8,330,,,,B,5005,00,U,44,0,0,000000000,00000000000,0,0,0,1,0,0,0,0,0,0,0,73,0,1,3,12,6,2,1,0,0,0,1,32,89801,6,1,0,0,3,3,63,140,0,0,0,0,0,0,0,0,0,0,58,0,0,0,2,2,75,1,1,2,1,0,0,1,12,1,1,4,6,1,0
32,320133,1,1,2,2,9,17,58,1,0,1,0,32,1,12,3,12003,2,2001,1FAFP42X61F2,1,F,A,F,P,4,2,X,6,1,F,2,0,P,FORD,MGT,CP,1,17,3241,,0,1013,,G,,F,8,281,,,17R245,,,,,,0,0,000000000,00000000000,0,0,0,1,0,0,0,0,0,0,0,74,0,1,5,0,6,2,1,0,0,0,1,32,89110,6,1,0,0,3,3,73,180,0,0,0,0,0,0,0,0,0,1,36,0,0,0,1,2,50,3,5,2,1,0,0,14,6,1,4,4,7,1,1
32,320134,1,3,2,14,8,8,49,12,2,1,0,32,2,7,481,7481,31,1989,1B7HM26Y1KS0,1,B,7,H,M,2,6,Y,1,K,S,0,1,T,DODG,W20,PK,89,17,,2,0,1310,W20,G,,,8,318,,,,C,00000,00,A,44,1,0,000000000,00000000000,0,0,0,1,0,0,0,0,0,0,0,57,0,1,1,12,6,2,12,0,0,1,1,32,89403,6,1,0,0,3,3,74,185,0,0,0,0,0,0,0,0,0,0,28,88,21,0,1,2,65,1,6,2,1,0,0,1,10,1,1,2,50,1,0
32,320134,2,3,3,14,8,8,49,12,2,1,0,32,2,23,421,23421,15,2004,1GTGC23U74F1,1,G,T,G,C,2,3,U,7,4,F,1,1,T,GMC,2CW,CW,4,17,,2,0,1530,SIE,G,,,8,364,,,,C,5506,00,E,42,1,0,000000000,00000000000,0,0,0,1,0,0,0,0,0,0,0,60,0,0,0,12,6,2,12,0,0,1,1,32,89408,6,1,0,0,3,0,72,200,0,0,0,1,1,12,2010,3,2011,0,99,99,99,99,1,2,65,1,5,2,1,0,0,1,62,1,1,1,51,3,1
32,320134,3,3,2,14,8,8,49,12,2,1,0,32,1,12,481,12481,32,1995,1FTJW36G0SEA,1,F,T,J,W,3,6,G,0,S,E,A,1,T,FORD,F35,CW,95,17,,2,0,1680,COF,G,,,8,460,,,,D,00000,00,A,44,1,0,000000000,00000000000,0,0,0,1,0,0,0,0,0,0,0,57,0,1,5,12,6,2,12,0,0,0,1,32,89403,6,1,0,0,3,1,72,205,0,0,0,0,0,0,0,0,0,0,21,0,0,0,1,2,65,1,6,2,1,0,0,1,62,1,1,1,98,0,0
32,320135,1,2,1,3,9,15,25,12,2,1,0,32,1,76,706,76706,80,2006,JYAVP21Y46A0,J,Y,A,V,P,2,1,Y,4,6,A,0,0,M,YAMA,X19,RS,6,17,,,,,,,1854,,2,,4,999,,,,,,,0,0,000000000,00000000000,0,0,0,1,0,0,0,0,0,0,0,17,0,0,0,12,6,2,12,0,0,0,1,32,89436,6,1,0,0,3,3,70,220,0,0,0,0,0,0,0,0,0,0,28,0,0,0,1,2,45,2,6,2,1,28,3,14,10,1,1,2,50,1,0
32,320135,2,2,1,3,9,15,25,12,2,1,0,8,2,12,850,12850,65,1985,1FDKE30L2FHB,1,F,D,K,E,3,0,L,2,F,H,B,0,T,FORD,35C,MH,85,17,,3,1760,1380,CTV,G,,,8,460,,,,D,3893,03,A,42,0,0,000000000,00000000000,0,0,0,1,0,0,0,0,0,0,0,17,0,0,0,12,6,2,12,0,0,0,1,2,99567,6,1,0,0,3,0,69,165,0,0,0,1,0,7,2011,7,2011,0,0,0,0,0,1,2,45,3,5,2,1,28,3,14,62,1,1,1,51,0,0
32,320136,1,5,1,21,9,18,50,12,1,1,1,32,2,20,421,20421,15,2003,1GNEK13T43R1,1,G,N,E,K,1,3,T,4,3,R,1,0,P,CHEV,KTA,UT,3,17,5050,,0,1160,,G,,F,8,325,,,16R265,,,,,,0,0,000000000,00000000000,0,0,0,1,0,0,0,0,0,0,0,998,0,0,0,12,6,2,12,0,0,0,1,32,89129,6,1,0,0,3,0,74,190,0,0,0,0,0,0,0,0,0,1,6,38,0,0,3,3,65,1,1,1,1,0,0,1,50,99,1,1,20,0,0