STATE,ST_CASE,VEH_NO,VE_FORMS,NUMOCCS,DAY,MONTH,HOUR,MINUTE,HARM_EV,MAN_COLL,UNITTYPE,HIT_RUN,REG_STAT,OWNER,MAKE,MODEL,MAK_MOD,BODY_TYP,MOD_YEAR,VIN,VIN_1,VIN_2,VIN_3,VIN_4,VIN_5,VIN_6,VIN_7,VIN_8,VIN_9,VIN_10,VIN_11,VIN_12,TOW_VEH,VINTYPE,VINMAKE,VINA_MOD,VIN_BT,VINMODYR,VIN_LNGT,VIN_WGT,WGTCD_TR,WHLBS_LG,WHLBS_SH,SER_TR,FUELCODE,MCYCL_DS,CARBUR,CYLINDER,DISPLACE,MCYCL_CY,MCYCL_WT,TIRE_SZE,TON_RAT,TRK_WT,TRKWTVAR,VIN_REST,WHLDRWHL,J_KNIFE,MCARR_I1,MCARR_I2,MCARR_ID,GVWR,V_CONFIG,CARGO_BT,HAZ_INV,HAZ_PLAC,HAZ_ID,HAZ_CNO,HAZ_REL,BUS_USE,SPEC_USE,EMER_USE,TRAV_SP,UNDERIDE,ROLLOVER,ROLINLOC,IMPACT1,DEFORMED,TOWED,M_HARM,VEH_SC1,VEH_SC2,FIRE_EXP,DR_PRES,L_STATE,DR_ZIP,L_STATUS,L_TYPE,CDL_STAT,L_ENDORS,L_COMPL,L_RESTRI,DR_HGT,DR_WGT,PREV_ACC,PREV_SUS,PREV_DWI,PREV_SPD,PREV_OTH,FIRST_MO,FIRST_YR,LAST_MO,LAST_YR,SPEEDREL,DR_SF1,DR_SF2,DR_SF3,DR_SF4,VTRAFWAY,VNUM_LAN,VSPD_LIM,VALIGN,VPROFILE,VPAVETYP,VSURCOND,VTRAFCON,VTCONT_F,P_CRASH1,P_CRASH2,P_CRASH3,PCRASH4,PCRASH5,ACC_TYPE,DEATHS,DR_DRINK
33,330060,1,1,2,24,8,20,35,8,0,1,0,10,1,39,34,39034,4,2000,SAJDA01DXYGL,S,A,J,D,A,0,1,D,X,Y,G,L,0,P,JAGU,STP,4D,0,17,3770,,0,1145,,G,,F,8,244,,,16R225,,,,,,0,0,000000000,00000000000,0,0,0,1,0,0,0,0,0,0,0,998,0,0,0,12,2,3,8,0,0,0,1,10,19808,6,1,0,0,3,1,70,240,0,0,0,0,0,0,0,0,0,0,86,0,0,0,1,2,40,1,1,2,1,0,0,1,80,2,1,1,13,0,0
33,330061,1,5,2,25,8,11,48,12,2,1,0,33,1,49,43,49043,4,1998,4T1BF18B8WU2,4,T,1,B,F,1,8,B,8,W,U,2,0,P,TOYT,UVS,4D,98,17,3340,,0,1071,,G,,F,6,183,,,15R205,,,,,,0,0,000000000,00000000000,0,0,0,1,0,0,0,0,0,0,0,998,0,0,0,12,6,2,12,0,0,0,1,33,3608,6,1,0,0,3,1,69,185,0,0,0,0,0,0,0,0,0,0,28,0,0,0,1,2,45,1,1,2,1,0,0,1,10,1,1,2,50,1,0
33,330061,2,5,1,25,8,11,48,12,2,1,0,33,1,72,706,72706,80,2009,1HD1JD5139Y0,1,H,D,1,J,D,5,1,3,9,Y,0,0,M,HD,FLN,RS,9,17,,,,,,,1584,,2,,4,724,,,,,,,0,0,000000000,00000000000,0,0,0,1,0,0,0,0,0,0,0,998,0,0,0,12,6,2,12,0,0,0,1,33,3602,6,1,0,0,3,1,67,185,0,0,0,1,0,11,2011,11,2011,0,0,0,0,0,1,2,45,1,1,2,1,0,0,1,62,1,1,1,51,1,0
33,330061,3,5,1,25,8,11,48,12,2,1,0,33,1,53,706,53706,80,2004,JS1VY51A9421,J,S,1,V,Y,5,1,A,9,4,2,1,0,M,SUZI,VL1,RS,4,17,,,,,,,1462,,2,,4,524,,,,,,,0,0,000000000,00000000000,0,0,0,1,0,0,0,0,0,0,0,998,0,0,0,12,6,2,12,0,0,0,1,33,3773,6,1,0,0,3,0,72,250,1,0,0,1,0,10,2009,2,2012,0,0,0,0,0,1,2,45,1,1,2,1,0,0,1,62,1,1,1,98,1,0
33,330061,4,5,1,25,8,11,48,12,2,1,0,33,1,72,706,72706,80,2003,1HD1FCW163Y6,1,H,D,1,F,C,W,1,6,3,Y,6,0,M,HD,FLU,RS,3,17,,,,,,,1450,,2,,4,788,,,,,,,0,0,000000000,00000000000,0,0,0,1,0,0,0,0,0,0,0,998,0,0,0,12,4,3,12,0,0,0,1,33,3603,6,1,6,0,3,0,67,195,0,0,0,1,1,1,2010,4,2012,0,0,0,0,0,1,2,45,1,1,2,1,0,0,1,52,3,2,1,98,0,0
33,330061,5,5,1,25,8,11,48,12,2,1,0,33,1,72,706,72706,80,1994,1HD1DML10RY5,1,H,D,1,D,M,L,1,0,R,Y,5,0,M,HD,ULB,RS,94,17,,,,,,,1340,,2,,4,765,,,,,,,0,0,000000000,00000000000,0,0,0,1,0,0,0,0,0,0,0,998,0,0,0,12,4,3,12,0,0,0,1,33,3743,6,1,6,0,3,1,75,290,0,0,0,0,0,0,0,0,0,0,0,0,0,0,1,2,45,1,1,2,1,0,0,1,52,3,2,1,98,0,0
33,330062,1,2,1,27,8,22,1,12,2,1,0,9,1,20,39,20039,4,2010,KL1TD5DE5AB1,K,L,1,T,D,5,D,E,5,A,B,1,0,P,CHEV,LTS,4D,10,17,2568,,0,976,,G,,F,4,098,,,14R185,,,,,,0,0,000000000,00000000000,0,0,0,1,0,0,0,0,0,0,0,998,0,0,0,12,6,2,12,0,0,0,1,9,6511,6,1,0,0,3,0,999,999,98,0,0,0,0,0,0,0,0,1,50,0,0,0,3,3,65,1,1,2,1,0,0,1,54,1,1,1,50,1,0
33,330062,2,2,1,27,8,22,1,12,2,1,0,25,1,30,40,30040,4,2008,3VWRZ71K28M0,3,V,W,R,Z,7,1,K,2,8,M,0,0,P,VOLK,JSE,4D,8,17,3202,,0,1015,,G,,F,5,151,,,16R205,,,,,,0,0,000000000,00000000000,0,0,0,1,0,0,0,0,0,0,0,998,0,1,1,12,6,2,12,0,0,0,1,25,1532,6,1,0,0,3,0,68,999,0,0,0,0,0,0,0,0,0,0,0,0,0,0,3,3,65,1,1,2,1,0,0,1,54,8,1,1,51,0,0
33,330063,1,1,1,29,8,2,8,35,0,1,0,33,2,98,706,98706,80,2004,4B7H846914S0,4,B,7,H,8,4,6,9,1,4,S,0,0,U,,,,4,17,,,,,,,,,,,,,,,,,,,0,0,000000000,00000000000,0,0,0,1,0,0,0,0,0,0,0,998,0,0,0,12,6,2,35,0,0,0,1,25,1463,6,1,0,0,2,0,69,999,0,0,0,0,0,0,0,0,0,1,36,0,0,0,1,2,35,1,1,2,1,0,0,1,12,1,1,4,6,1,1
33,330064,1,2,1,18,8,6,12,12,2,1,0,33,2,2,404,2404,14,2000,1J4GW48S3YC2,1,J,4,G,W,4,8,S,3,Y,C,2,0,T,JEEP,LRO,4W,0,17,,1,0,1059,GCK,G,,,6,244,,,,,3847,01,E,44,0,0,000000000,00000000000,0,0,0,1,0,0,0,0,0,0,0,998,0,0,0,12,6,2,12,0,0,0,1,33,3873,6,2,0,0,3,0,74,160,0,0,0,0,0,0,0,0,0,0,28,0,0,0,1,2,50,1,2,2,1,0,0,1,10,1,1,2,50,1,0
33,330064,2,2,4,18,8,6,12,12,2,1,0,33,1,6,441,6441,20,2002,2C4GP443X2R7,2,C,4,G,P,4,4,3,X,2,R,7,0,T,CHRY,TLX,ES,2,17,,1,0,1193,TWC,F,,,6,201,,,,,4003,00,,42,0,0,000000000,00000000000,0,0,0,1,0,0,0,0,0,0,0,998,0,0,0,12,6,2,12,0,0,0,1,33,3865,6,1,0,0,3,1,67,180,0,0,0,0,0,0,0,0,0,0,0,0,0,0,1,2,50,1,2,2,1,0,0,1,62,9,1,2,51,0,0
33,330065,1,2,1,31,8,9,52,12,6,1,0,33,2,2,405,2405,14,2004,1J4GL48K74W1,1,J,4,G,L,4,8,K,7,4,W,1,0,T,JEEP,SPR,4W,4,17,,1,0,1043,LIB,G,,,6,226,,,,,3656,01,E,44,0,0,000000000,00000000000,0,0,0,1,0,0,0,0,0,0,0,998,0,0,0,9,4,3,12,0,0,0,1,33,3054,6,1,0,0,3,0,60,150,0,0,0,0,0,0,0,0,0,0,0,0,0,0,1,2,30,1,1,2,1,0,0,11,15,1,1,1,72,0,0
33,330065,2,2,1,31,8,9,52,12,6,1,0,33,1,72,706,72706,80,2002,1HD1FLW182Y6,1,H,D,1,F,L,W,1,8,2,Y,6,0,M,HD,CUS,RS,2,17,,,,,,,1450,,2,,4,788,,,,,,,0,0,000000000,00000000000,0,0,0,1,0,0,0,0,0,0,0,998,0,0,0,12,6,2,12,0,0,0,1,33,3051,6,1,0,0,3,0,68,180,0,0,0,0,0,0,0,0,0,0,28,38,0,0,1,2,30,1,1,2,1,0,0,1,17,1,1,2,73,1,0
33,330066,1,1,2,2,9,2,52,42,0,1,0,33,2,20,2,20002,4,2012,2G1WB5E33C11,2,G,1,W,B,5,E,3,3,C,1,1,0,P,CHEV,IMT,4D,12,17,3555,,0,1105,,F,,F,6,220,,,17R225,,,,,,0,0,000000000,00000000000,0,0,0,1,0,0,0,0,0,0,0,70,0,0,0,12,6,2,42,0,0,0,1,33,3246,6,1,0,0,3,0,67,165,0,0,0,0,1,7,2012,7,2012,1,28,36,37,0,6,1,25,2,2,2,1,0,0,14,6,9,2,4,7,1,0
33,330067,1,2,1,24,8,21,15,12,2,1,0,33,2,30,40,30040,4,2004,3VWRK69M24M0,3,V,W,R,K,6,9,M,2,4,M,0,0,P,VOLK,UJG,4D,4,17,2818,,0,989,,G,,F,4,121,,,15R195,,,,,,0,0,000000000,00000000000,0,0,0,1,0,0,0,0,0,0,0,15,0,0,0,12,6,2,12,0,0,0,1,33,3867,6,1,0,0,3,0,68,150,1,1,0,1,0,9,2011,11,2011,0,38,0,0,0,1,2,50,1,1,2,1,0,0,11,15,1,1,2,68,0,0
33,330067,2,2,1,24,8,21,15,12,2,1,0,33,1,73,706,73706,80,2012,JKBZGNC16CA0,J,K,B,Z,G,N,C,1,6,C,A,0,0,M,KAWK,ZC4,RS,12,17,,,,,,,1352,,4,,4,688,,,,,,,0,0,000000000,00000000000,0,0,0,1,0,0,0,0,0,0,0,55,0,0,0,12,6,2,12,0,0,0,1,33,3833,6,1,0,0,3,0,67,155,0,0,0,0,0,0,0,0,0,0,0,0,0,0,1,2,50,1,1,2,1,0,0,1,62,3,2,1,69,1,1
33,330068,1,3,3,3,9,11,23,12,6,1,0,25,4,35,39,35039,4,2010,1N4AA5AP0AC8,1,N,4,A,A,5,A,P,0,A,C,8,0,P,NISS,MSV,4D,10,17,3556,,0,1093,,G,,F,6,214,,,18R245,,,,,,0,0,000000000,00000000000,0,0,0,1,0,0,0,0,0,0,0,998,0,0,0,1,6,2,12,0,0,0,1,25,1778,6,1,0,0,3,0,67,999,0,0,0,1,0,10,2009,10,2009,0,38,0,0,0,1,2,40,1,2,2,1,0,0,11,15,1,1,1,68,0,0
33,330068,2,3,1,3,9,11,23,12,6,1,0,33,1,76,706,76706,80,2006,JYAVP22E66A0,J,Y,A,V,P,2,2,E,6,6,A,0,0,M,YAMA,XCT,RS,6,17,,,,,,,1854,,2,,4,999,,,,,,,0,0,000000000,00000000000,0,0,0,1,0,0,0,0,0,0,0,998,0,0,0,12,6,2,12,0,0,0,1,33,3235,6,1,0,0,3,0,71,220,0,0,0,0,0,0,0,0,0,0,0,0,0,0,1,2,40,1,2,2,1,0,0,1,62,3,2,1,69,1,0
33,330068,3,3,1,3,9,11,23,12,6,1,0,33,1,76,706,76706,80,2007,JYAVP11E97A1,J,Y,A,V,P,1,1,E,9,7,A,1,0,M,YAMA,XVS,RS,7,17,,,,,,,1063,,2,,4,571,,,,,,,0,0,000000000,00000000000,0,0,0,1,0,0,0,0,0,0,0,998,0,0,0,12,4,3,12,0,0,0,1,33,3235,6,1,0,0,3,0,63,220,0,0,0,0,0,0,0,0,0,0,0,0,0,0,1,2,40,1,2,2,1,0,0,1,62,3,2,1,98,0,0
33,330069,1,2,1,4,9,18,43,12,2,1,0,33,1,37,32,37032,4,2003,1HGCM55343A1,1,H,G,C,M,5,5,3,4,3,A,1,0,P,HOND,ULX,4D,3,17,3053,,0,1079,,G,,F,4,146,,,15R205,,,,,,0,0,000000000,00000000000,0,0,0,1,0,0,0,0,0,0,0,998,0,0,0,12,6,2,12,0,0,0,1,33,3054,6,1,0,0,3,0,69,190,0,0,0,0,0,0,0,0,0,0,28,0,0,0,1,2,55,1,2,2,2,0,0,1,10,1,1,2,50,1,0
33,330069,2,2,1,4,9,18,43,12,2,1,0,45,2,85,881,85881,66,2003,1XKTDB9X93J8,1,X,K,T,D,B,9,X,9,3,J,8,1,T,KW,T20,TR,3,17,,8,2600,1900,CON,D,,,6,893,,,,,00000,00,,64,1,77,777777777,77777777777,3,6,1,1,0,0,0,0,0,0,0,998,0,0,0,12,4,3,12,0,0,0,1,25,2740,6,1,6,1,3,0,70,999,0,0,0,0,0,0,0,0,0,0,0,0,0,0,1,2,55,1,2,2,2,0,0,1,62,3,2,1,51,0,0
33,330070,1,1,1,19,8,15,53,30,0,1,0,33,1,12,473,12473,30,2002,1FMZU77E52UC,1,F,M,Z,U,7,7,E,5,2,U,C,0,P,FORD,EPR,UT,2,17,4340,,0,1259,,G,,F,6,245,,,16R235,,,,,,0,0,000000000,00000000000,0,0,0,1,0,0,0,0,0,0,0,998,0,0,0,12,6,2,42,0,0,0,1,33,3217,6,1,0,0,3,1,73,220,0,0,0,0,0,0,0,0,0,0,0,0,0,0,1,2,30,1,1,2,1,0,0,1,12,1,1,4,6,1,0
33,330071,1,1,2,4,9,0,30,59,0,1,0,33,1,76,706,76706,80,2007,JYARN20E07A0,J,Y,A,R,N,2,0,E,0,7,A,0,0,M,YAMA,YFR,RC,7,17,,,,,,,998,,4,,4,381,,,,,,,0,0,000000000,00000000000,0,0,0,1,0,0,0,0,0,0,0,119,0,0,0,12,6,2,5,0,0,0,1,33,3077,6,1,0,0,3,0,70,180,0,0,0,1,0,7,2012,7,2012,1,0,0,0,0,2,2,65,3,2,2,1,0,0,14,6,6,1,4,1,2,1
33,330072,1,2,1,10,9,10,47,12,2,1,0,33,1,41,50,41050,4,2009,1YVHP82BX95M,1,Y,V,H,P,8,2,B,X,9,5,M,0,P,MAZD,M6S,4D,9,17,3547,,0,1098,,G,,F,6,226,,,17R215,,,,,,0,0,000000000,00000000000,0,0,0,1,0,0,0,0,0,0,0,998,0,0,0,12,6,2,12,0,0,0,1,33,3087,6,1,0,0,3,1,66,155,1,0,0,0,0,2,2012,2,2012,0,28,0,0,0,1,2,50,1,2,2,1,0,0,1,10,1,1,2,50,1,0
33,330072,2,2,1,10,9,10,47,12,2,1,0,25,3,85,881,85881,66,2002,1XKWDB0X92J8,1,X,K,W,D,B,0,X,9,2,J,8,1,T,KW,W90,TR,2,17,,8,2850,1600,CON,D,,,6,893,,,,,00000,00,,64,1,57,849297,57849297,3,6,1,1,0,0,0,0,0,0,0,998,0,0,0,12,6,2,12,0,0,0,1,33,3275,6,1,6,1,3,0,70,165,1,2,1,0,0,7,2010,1,2012,0,0,0,0,0,1,2,50,1,2,2,1,0,0,1,62,9,1,1,51,0,0
33,330073,1,1,1,22,9,18,30,42,0,1,0,25,2,20,9,20009,2,1985,1G1FP87F3FN1,1,G,1,F,P,8,7,F,3,F,N,1,0,P,CHEV,CAM,CP,85,17,2801,,0,1010,,G,,F,8,305,,,14R195,,,,,,0,0,000000000,00000000000,0,0,0,1,0,0,0,0,0,0,0,998,0,0,0,9,6,2,42,0,0,0,1,25,1453,6,1,0,0,3,0,71,999,0,0,0,0,0,0,0,0,0,1,36,58,0,0,1,2,50,2,1,2,1,0,0,6,6,9,3,4,2,1,0
33,330074,1,1,1,20,9,13,6,5,0,1,0,33,1,37,706,37706,80,1994,JH2SC2808RM2,J,H,2,S,C,2,8,0,8,R,M,2,0,M,HOND,CR9,RC,94,17,,,,,,,900,,4,,4,407,,,,,,,0,0,000000000,00000000000,0,0,0,1,0,0,0,0,0,0,0,998,0,0,0,0,0,1,5,0,0,0,1,33,3301,6,1,0,0,3,0,72,200,0,0,0,0,0,0,0,0,0,1,36,0,0,0,1,2,30,1,1,2,1,0,0,1,98,1,1,1,0,1,0
33,330075,1,1,3,12,9,17,4,35,0,1,0,33,2,12,17,12017,4,1998,1FAFP52U5WG1,1,F,A,F,P,5,2,U,5,W,G,1,0,P,FORD,TLS,4D,98,17,3359,,0,1085,,G,,F,6,182,,,15R205,,,,,,0,0,000000000,00000000000,0,0,0,1,0,0,0,0,0,0,0,998,0,1,5,12,6,2,1,0,0,0,1,33,3251,6,1,0,0,3,0,71,180,0,1,0,3,1,6,2010,4,2012,0,0,0,0,0,2,2,65,3,5,2,1,0,0,14,13,1,1,4,1,1,0
33,330076,1,1,1,23,9,12,55,8,0,1,0,33,2,23,421,23421,15,2011,1GKS2EEF8BR2,1,G,K,S,2,E,E,F,8,B,R,2,0,T,GMC,NAL,4W,11,17,,2,0,1160,YUK,F,,,8,378,,,,B,5894,00,S,44,0,0,000000000,00000000000,0,0,0,1,0,0,0,0,0,0,0,998,0,0,0,6,2,3,8,0,0,0,1,33,3036,6,1,0,0,3,1,66,156,0,0,0,0,0,0,0,0,0,0,31,38,86,0,0,0,0,0,0,0,0,0,0,8,98,1,1,5,92,0,0
33,330077,1,1,1,26,9,9,41,52,0,1,0,33,1,63,38,63038,4,2012,KNAFU4A22C55,K,N,A,F,U,4,A,2,2,C,5,5,0,P,KIA,FEX,4D,12,17,2791,,0,1043,,G,,F,4,122,,,15R195,,,,,,0,0,000000000,00000000000,0,0,0,1,0,0,0,0,0,0,0,998,0,0,0,12,6,2,52,0,0,0,1,33,3842,6,1,0,0,3,0,69,185,0,0,0,0,0,0,0,0,0,0,0,0,0,0,1,2,30,1,1,2,1,0,0,1,12,1,1,4,6,1,0
33,330078,1,1,1,27,9,14,25,1,0,1,0,33,1,20,481,20481,31,2001,1GCEC14V11E1,1,G,C,E,C,1,4,V,1,1,E,1,1,T,CHEV,SC1,PK,1,17,,2,1330,1190,SIL,G,,,8,293,,,,B,4135,00,,42,1,0,000000000,00000000000,0,0,0,1,0,0,0,0,0,0,0,998,0,1,5,0,6,2,1,0,0,0,1,33,3585,6,1,0,0,3,0,70,182,0,0,0,0,1,4,2012,4,2012,1,88,0,0,0,3,2,65,1,1,2,1,0,0,1,6,9,7,4,2,1,1
33,330079,1,2,2,8,10,12,46,12,2,1,0,33,2,49,32,49032,4,1999,2T1BR18E0XC2,2,T,1,B,R,1,8,E,0,X,C,2,0,P,TOYT,UVL,4D,99,17,2414,,0,970,,G,,F,4,109,,,14R175,,,,,,0,0,000000000,00000000000,0,0,0,1,0,0,0,0,0,0,0,998,0,0,0,12,4,3,12,0,0,0,1,33,3229,6,1,0,0,3,1,70,235,0,1,0,0,1,12,2009,12,2010,0,28,36,0,0,1,2,45,1,2,2,1,0,0,1,10,1,1,2,50,0,0
33,330079,2,2,2,8,10,12,46,12,2,1,0,33,1,34,706,34706,80,2009,WB10559AX9ZL,W,B,1,0,5,5,9,A,X,9,Z,L,0,M,BMW,K1T,RS,9,17,,,,,,,1172,,4,,4,835,,,,,,,0,0,000000000,00000000000,0,0,0,1,0,0,0,0,0,0,0,998,0,0,0,12,6,2,12,0,0,0,1,33,3858,6,1,0,0,3,1,70,210,0,0,0,0,0,0,0,0,0,0,0,0,0,0,1,2,45,1,2,2,1,0,0,1,62,2,1,1,51,1,0
33,330080,1,1,1,9,10,5,31,11,0,1,0,33,1,48,38,48038,6,2002,JF1GG65552H8,J,F,1,G,G,6,5,5,5,2,H,8,0,P,SUBA,ITS,SW,2,17,3045,,0,994,,G,,F,4,150,,,15R195,,,,,,0,0,000000000,00000000000,0,0,0,1,0,0,0,0,0,0,0,998,0,1,3,1,6,2,42,0,0,0,1,33,3106,6,1,0,0,3,0,66,200,0,0,0,1,0,10,2011,10,2011,0,58,83,0,0,2,2,65,1,1,2,1,0,0,1,87,8,4,2,13,1,0
33,330081,1,1,1,24,10,23,55,53,0,1,0,33,1,37,402,37402,14,2003,JHLRD77803C0,J,H,L,R,D,7,7,8,0,3,C,0,0,P,HOND,CRV,UT,3,17,3287,,0,1031,,G,,F,4,146,,,15R205,,,,,,0,0,000000000,00000000000,0,0,0,1,0,0,0,0,0,0,0,998,0,1,5,12,6,2,30,0,0,0,1,33,3857,6,1,0,0,3,1,72,200,1,0,0,1,0,12,2010,4,2012,1,0,0,0,0,1,2,45,1,1,2,1,0,0,1,6,9,3,4,2,1,1
33,330082,1,2,3,19,10,19,35,12,6,1,0,33,1,49,40,49040,2,1996,4T1CG12K3TU7,4,T,1,C,G,1,2,K,3,T,U,7,0,P,TOYT,UDL,CP,96,17,2910,,0,1031,,G,,F,4,132,,,14R195,,,,,,0,0,000000000,00000000000,0,0,0,1,0,0,0,0,0,0,0,998,0,0,0,9,6,2,12,0,0,0,1,33,3301,6,1,0,0,3,0,73,170,1,0,1,2,0,4,2010,9,2012,0,38,0,0,0,1,2,35,1,5,2,2,20,3,11,15,1,1,1,82,2,0
33,330082,2,2,1,19,10,19,35,12,6,1,0,33,2,12,473,12473,30,2001,1FMYU70E01UC,1,F,M,Y,U,7,0,E,0,1,U,C,0,P,FORD,EPR,UT,1,17,3959,,0,1018,,G,,F,6,245,,,15R235,,,,,,0,0,000000000,00000000000,0,0,0,1,0,0,0,0,0,0,0,998,0,0,0,12,6,2,12,0,0,0,1,33,3301,6,2,0,0,3,0,67,135,0,0,0,0,0,0,0,0,0,0,0,0,0,0,1,2,35,1,6,2,2,0,0,1,66,3,2,1,83,0,0
33,330083,1,2,1,26,10,11,22,12,2,1,0,33,1,55,402,55402,14,2006,KM8JM12B06U3,K,M,8,J,M,1,2,B,0,6,U,3,0,P,HYUN,TUC,UT,6,17,3425,,0,1035,,G,,F,4,121,,,16R215,,,,,,0,0,000000000,00000000000,0,0,0,1,0,0,0,0,0,0,0,998,0,0,0,12,6,2,12,0,0,0,1,33,3303,6,1,0,0,3,0,66,195,1,1,0,0,1,7,2012,10,2012,0,28,0,0,0,1,2,30,3,1,2,1,0,0,14,10,1,1,2,50,1,0
33,330083,2,2,1,26,10,11,22,12,2,1,0,33,3,90,981,90981,50,2006,1BAKGCKH76F2,1,B,A,K,G,C,K,H,7,6,F,2,0,T,BLUI,,,6,17,,,,,,,,,,,,,,,,,,,0,88,888888888,88888888888,2,21,22,1,0,0,0,0,1,0,0,998,0,0,0,12,4,3,12,0,0,0,1,33,3301,6,1,6,1,3,0,68,185,0,0,0,0,0,0,0,0,0,0,0,0,0,0,1,2,30,2,1,2,1,0,0,14,62,9,1,1,51,0,0
33,330084,1,1,1,22,10,21,27,39,0,1,0,33,1,23,481,23481,31,2008,1GTHK29698E1,1,G,T,H,K,2,9,6,9,8,E,1,0,T,GMC,2KH,4C,8,17,,2,1575,1435,SIE,D,,,8,403,,,,C,5735,02,4,44,0,0,000000000,00000000000,0,0,0,1,0,0,0,0,0,0,0,998,0,1,5,12,6,2,1,0,0,0,1,33,3036,6,1,0,0,3,0,70,245,0,0,0,0,0,0,0,0,0,1,36,58,0,0,1,2,35,1,5,2,1,0,0,1,6,7,1,4,6,1,1
33,330085,1,1,2,10,11,12,39,1,0,1,0,25,1,18,2,18002,4,2005,1G4HP52K05U2,1,G,4,H,P,5,2,K,0,5,U,2,0,P,BUIC,LCF,4D,5,17,3567,,0,1122,,G,,F,6,232,,,15R215,,,,,,0,0,000000000,00000000000,0,0,0,1,0,0,0,0,0,0,0,998,0,1,5,0,6,2,42,0,0,0,1,25,2453,6,1,0,0,3,0,65,999,1,0,0,0,0,12,2010,12,2010,0,0,0,0,0,2,2,65,1,1,2,1,0,0,1,12,1,1,4,6,1,0
33,330086,1,2,2,10,11,12,54,12,2,1,0,33,1,2,405,2405,14,2002,1J4GL48K82W3,1,J,4,G,L,4,8,K,8,2,W,3,0,T,JEEP,SPR,4W,2,17,,1,0,1043,LIB,G,,,6,226,,,,,3682,02,E,44,0,0,000000000,00000000000,0,0,0,1,0,0,0,0,0,0,0,998,0,0,0,12,6,2,12,0,0,0,1,33,3833,6,1,0,0,3,0,73,245,0,0,0,1,0,8,2010,8,2010,0,28,38,0,0,1,2,40,1,1,2,1,0,0,11,15,2,1,1,68,0,0
33,330086,2,2,1,10,11,12,54,12,2,1,0,33,1,72,706,72706,80,2004,1HD1FFW1X4Y6,1,H,D,1,F,F,W,1,X,4,Y,6,0,M,HD,TCI,RS,4,17,,,,,,,1450,,2,,4,776,,,,,,,0,0,000000000,00000000000,0,0,0,1,0,0,0,0,0,0,0,998,0,0,0,12,6,2,12,0,0,0,1,33,3042,6,1,0,0,3,0,72,305,0,0,0,2,0,1,2010,3,2012,0,0,0,0,0,1,2,40,1,1,2,1,0,0,1,62,3,2,1,69,1,0
33,330087,1,1,1,5,11,8,30,35,0,1,0,25,4,76,705,76705,80,2010,JYAVM01E0AA1,J,Y,A,V,M,0,1,E,0,A,A,1,0,M,YAMA,VS6,RS,10,17,,,,,,,649,,2,,4,474,,,,,,,0,0,000000000,00000000000,0,0,0,1,0,0,0,0,0,0,0,998,0,0,0,12,6,2,42,0,0,0,1,25,2169,6,1,0,0,3,0,72,999,0,0,0,0,0,0,0,0,0,9,0,0,0,0,1,2,45,3,2,2,1,0,0,14,13,1,1,4,1,1,0
33,330088,1,1,1,12,11,17,36,15,0,1,0,33,2,6,441,6441,20,1999,1C4GP64L8XB8,1,C,4,G,P,6,4,L,8,X,B,8,0,T,CHRY,LMT,ES,99,17,,1,0,1193,TWC,G,,,6,230,,,,,4087,00,,42,0,0,000000000,00000000000,0,0,0,1,0,0,0,0,0,0,0,35,0,0,0,12,4,3,15,0,0,0,1,33,3865,6,1,0,0,3,0,70,192,0,0,0,0,0,0,0,0,0,0,0,0,0,0,1,2,35,1,1,2,1,0,0,1,80,1,1,1,13,0,0
33,330089,1,1,1,19,11,7,0,42,0,1,0,33,2,37,31,37031,4,1997,2HGEJ657XVH5,2,H,G,E,J,6,5,7,X,V,H,5,0,P,HOND,UCL,4D,97,17,2375,,0,1032,,G,,F,4,097,,,14R185,,,,,,0,0,000000000,00000000000,0,0,0,1,0,0,0,0,0,0,0,998,0,0,0,12,6,2,42,0,0,0,1,33,3033,6,1,0,0,3,0,72,260,0,1,0,2,0,8,2011,6,2012,0,0,0,0,0,1,2,50,1,1,2,1,0,0,1,12,1,1,4,6,1,0
33,330090,1,1,2,16,11,19,9,8,0,1,0,50,1,12,471,12471,30,1997,1FTCR10AXVTA,1,F,T,C,R,1,0,A,X,V,T,A,0,T,FORD,RNG,PK,97,17,,1,1140,1080,RNG,G,,,4,140,,,,B,2970,01,E,42,0,0,000000000,00000000000,0,0,0,1,0,0,0,0,0,0,0,998,0,0,0,12,4,3,8,0,0,0,1,50,5156,6,1,0,0,3,0,68,160,0,0,0,0,0,0,0,0,0,0,86,0,0,0,1,2,55,1,2,2,1,0,0,1,50,9,1,4,13,0,0
33,330091,1,1,2,28,11,22,34,24,0,1,0,33,2,24,7,24007,4,2005,1G8AG52F15Z1,1,G,8,A,G,5,2,F,1,5,Z,1,0,P,STRN,SI1,4D,5,17,2781,,0,1032,,G,,F,4,134,,,14R185,,,,,,0,0,000000000,00000000000,0,0,0,1,0,0,0,0,0,0,0,998,0,1,3,62,6,2,1,0,0,0,1,33,3052,6,2,0,0,3,0,63,130,1,0,0,0,0,6,2012,6,2012,0,52,0,0,0,3,2,65,2,2,2,1,0,0,14,12,7,1,4,6,1,0
33,330092,1,1,2,1,12,23,25,42,0,1,0,25,2,7,24,7024,4,2012,2C3CDXJG0CH2,2,C,3,C,D,X,J,G,0,C,H,2,0,P,DODG,CXA,4D,12,17,4450,,0,1200,,F,,F,6,220,,,19R235,,,,,,0,0,000000000,00000000000,0,0,0,1,0,0,0,0,0,0,0,998,0,0,0,12,6,2,42,0,0,0,1,25,1571,6,1,0,0,3,0,69,999,0,1,0,0,0,12,2010,12,2010,1,36,0,0,0,1,2,25,3,2,2,2,0,0,14,13,1,1,4,1,1,1