STATE,ST_CASE,VEH_NO,VE_FORMS,NUMOCCS,DAY,MONTH,HOUR,MINUTE,HARM_EV,MAN_COLL,UNITTYPE,HIT_RUN,REG_STAT,OWNER,MAKE,MODEL,MAK_MOD,BODY_TYP,MOD_YEAR,VIN,VIN_1,VIN_2,VIN_3,VIN_4,VIN_5,VIN_6,VIN_7,VIN_8,VIN_9,VIN_10,VIN_11,VIN_12,TOW_VEH,VINTYPE,VINMAKE,VINA_MOD,VIN_BT,VINMODYR,VIN_LNGT,VIN_WGT,WGTCD_TR,WHLBS_LG,WHLBS_SH,SER_TR,FUELCODE,MCYCL_DS,CARBUR,CYLINDER,DISPLACE,MCYCL_CY,MCYCL_WT,TIRE_SZE,TON_RAT,TRK_WT,TRKWTVAR,VIN_REST,WHLDRWHL,J_KNIFE,MCARR_I1,MCARR_I2,MCARR_ID,GVWR,V_CONFIG,CARGO_BT,HAZ_INV,HAZ_PLAC,HAZ_ID,HAZ_CNO,HAZ_REL,BUS_USE,SPEC_USE,EMER_USE,TRAV_SP,UNDERIDE,ROLLOVER,ROLINLOC,IMPACT1,DEFORMED,TOWED,M_HARM,VEH_SC1,VEH_SC2,FIRE_EXP,DR_PRES,L_STATE,DR_ZIP,L_STATUS,L_TYPE,CDL_STAT,L_ENDORS,L_COMPL,L_RESTRI,DR_HGT,DR_WGT,PREV_ACC,PREV_SUS,PREV_DWI,PREV_SPD,PREV_OTH,FIRST_MO,FIRST_YR,LAST_MO,LAST_YR,SPEEDREL,DR_SF1,DR_SF2,DR_SF3,DR_SF4,VTRAFWAY,VNUM_LAN,VSPD_LIM,VALIGN,VPROFILE,VPAVETYP,VSURCOND,VTRAFCON,VTCONT_F,P_CRASH1,P_CRASH2,P_CRASH3,PCRASH4,PCRASH5,ACC_TYPE,DEATHS,DR_DRINK
34,340024,2,2,1,24,1,12,17,12,6,1,0,34,2,6,441,6441,20,1999,1C4GP64L0XB7,1,C,4,G,P,6,4,L,0,X,B,7,0,T,CHRY,LMT,ES,99,17,,1,0,1193,TWC,G,,,6,230,,,,,4087,00,,42,0,0,000000000,00000000000,0,0,0,1,0,0,0,0,0,0,0,998,0,0,0,12,6,2,12,0,0,0,1,34,8065,6,1,0,0,3,0,63,999,0,0,0,0,1,10,2011,10,2011,0,0,0,0,0,1,2,45,1,1,2,1,0,0,1,55,3,1,1,88,0,0
34,340025,1,2,1,3,1,9,19,12,7,1,0,34,1,19,18,19018,4,2003,1G6DM57N3301,1,G,6,D,M,5,7,N,3,3,0,1,0,P,CADI,C/T,4D,3,17,3509,,0,1134,,G,,F,6,194,,,16R225,,,,,,0,0,000000000,00000000000,0,0,0,1,0,0,0,0,0,0,0,998,0,0,0,10,6,2,25,0,0,0,1,34,7834,6,1,0,0,3,3,72,999,0,0,0,0,1,12,2009,12,2009,0,28,0,0,0,3,2,65,1,1,2,1,0,0,15,10,1,1,1,47,1,0
34,340025,2,2,4,3,1,9,19,12,7,1,0,42,1,49,401,49401,14,2007,JTEZU14R4700,J,T,E,Z,U,1,4,R,4,7,0,0,0,P,TOYT,RUN,UT,7,17,4045,,0,1098,,G,,F,6,244,,,16R265,,,,,,0,0,000000000,00000000000,0,0,0,1,0,0,0,0,0,0,0,998,0,0,0,2,2,1,12,0,0,0,1,42,18326,6,1,0,0,3,3,69,999,0,0,0,0,0,0,0,0,0,0,0,0,0,0,3,2,65,1,1,2,1,0,0,1,61,1,1,1,45,0,0
34,340026,1,2,1,30,1,9,13,12,2,1,0,36,2,37,31,37031,4,2007,2HGFA16567H3,2,H,G,F,A,1,6,5,6,7,H,3,0,P,HOND,UCL,4D,7,17,2751,,0,1063,,G,,F,4,110,,,16R205,,,,,,0,0,000000000,00000000000,0,0,0,1,0,0,0,0,0,0,0,998,0,0,0,12,9,2,12,0,0,0,1,36,10956,6,1,0,0,3,3,67,999,0,0,0,1,0,12,2009,12,2009,0,28,0,0,0,1,2,45,4,2,2,1,0,0,14,10,1,1,4,50,1,0
34,340026,2,2,1,30,1,9,13,12,2,1,0,34,1,7,402,7402,14,2003,1D4HS48N33F5,1,D,4,H,S,4,8,N,3,3,F,5,0,P,DODG,DUR,UT,3,17,4606,,0,1160,,G,,F,8,287,,,16R245,,,,,,0,0,000000000,00000000000,0,0,0,1,0,0,0,0,0,0,0,998,0,0,0,12,9,2,12,0,0,0,1,34,7436,6,1,0,0,3,0,63,999,0,0,0,0,0,0,0,0,0,0,0,0,0,0,1,2,45,4,2,2,1,0,0,14,62,7,1,4,51,0,0
34,340027,1,2,1,24,1,1,39,12,6,1,0,34,3,82,881,82881,66,2003,1FUJA6CGX3LL,1,F,U,J,A,6,C,G,X,3,L,L,1,T,FRHT,COL,TR,3,17,,8,0,0,CON,D,,,6,774,,,,,00000,00,,64,1,57,1846573,571846573,3,6,2,2,8,8888,88,8,0,0,0,998,0,0,0,3,6,2,12,0,0,1,1,36,11423,1,1,1,0,2,0,69,999,0,0,0,0,0,0,0,0,0,0,0,0,0,0,3,2,45,1,1,2,2,3,3,1,55,1,1,1,87,0,0
34,340027,2,2,1,24,1,1,39,12,6,1,0,34,1,52,37,52037,2,2002,4A3AC34G32E0,4,A,3,A,C,3,4,G,3,2,E,0,0,P,MITS,ERS,2H,2,17,2855,,0,1008,,G,,F,4,143,,,15R195,,,,,,0,0,000000000,00000000000,0,0,0,1,0,0,0,0,0,0,0,998,1,0,0,12,6,2,12,0,0,1,1,34,7107,6,1,0,0,3,0,60,999,3,5,0,0,3,1,2009,9,2011,1,36,39,0,0,3,2,45,1,1,2,2,3,3,1,55,1,1,1,86,1,0
34,340028,1,1,2,2,1,13,24,19,0,1,0,34,2,6,52,6052,6,2003,3C4FY58B43T5,3,C,4,F,Y,5,8,B,4,3,T,5,0,P,CHRY,PTC,SV,3,17,3066,,0,1030,,G,,F,4,148,,,16R205,,,,,,0,0,000000000,00000000000,0,0,0,1,0,0,0,0,0,0,0,998,0,1,6,12,6,2,1,0,0,0,1,34,8332,6,1,0,0,3,3,65,999,1,0,0,0,3,8,2010,12,2011,1,33,0,0,0,1,2,50,2,1,2,1,0,0,14,6,1,4,5,7,1,0
34,340031,1,1,1,28,1,23,46,1,0,1,0,34,2,20,32,20032,4,2002,1Y1SK52822Z4,1,Y,1,S,K,5,2,8,2,2,Z,4,0,P,CHEV,P/L,4D,2,17,2403,,0,970,,G,,F,4,110,,,14R175,,,,,,0,0,000000000,00000000000,0,0,0,1,0,0,0,0,0,0,0,998,0,2,5,0,6,2,1,0,0,0,1,34,7735,6,2,0,0,3,0,65,999,0,0,0,0,0,0,0,0,0,1,0,0,0,0,1,2,40,4,2,2,1,0,0,14,6,1,2,4,98,1,0
34,340032,1,1,2,25,1,22,53,9,0,1,0,34,1,49,401,49401,14,1998,JT3HN87R5W01,J,T,3,H,N,8,7,R,5,W,0,1,0,P,TOYT,RUN,UT,98,17,3940,,0,1053,,G,,F,6,206,,,16R265,,,,,,0,0,000000000,00000000000,0,0,0,1,0,0,0,0,0,0,0,998,0,0,0,8,9,2,9,0,0,0,1,34,8901,6,1,0,0,3,0,73,999,4,0,0,0,1,7,2009,10,2011,0,86,0,0,0,1,2,25,4,1,2,1,0,0,14,83,1,1,9,13,0,0
34,340033,1,1,1,6,1,9,3,59,0,1,0,34,1,37,31,37031,4,1995,JHMEH9698SS0,J,H,M,E,H,9,6,9,8,S,S,0,0,P,HOND,CEX,4D,95,17,2459,,0,1032,,G,,F,4,097,,,14R175,,,,,,0,0,000000000,00000000000,0,0,0,1,0,0,0,0,0,0,0,998,0,0,0,9,6,2,30,0,0,0,1,34,8094,6,1,0,0,3,0,63,999,0,0,0,0,0,0,0,0,0,0,99,99,99,99,2,2,55,3,1,2,1,0,0,14,13,1,1,4,1,1,0
34,340034,1,2,1,25,1,18,5,8,0,1,0,34,1,20,16,20016,4,1997,1G1JF5241V72,1,G,1,J,F,5,2,4,1,V,7,2,0,P,CHEV,CAS,4D,97,17,2729,,0,1041,,G,,F,4,133,,,15R195,,,,,,0,0,000000000,00000000000,0,0,0,1,0,0,0,0,0,0,0,998,0,0,0,12,4,3,8,0,0,0,1,34,7090,6,1,0,0,3,0,66,999,0,0,0,0,0,0,0,0,0,0,38,0,0,0,1,2,35,1,1,2,1,0,0,1,80,1,1,3,13,0,1
34,340034,2,2,1,25,1,18,5,8,0,1,0,34,1,23,472,23472,30,2005,1GTDT136X581,1,G,T,D,T,1,3,6,X,5,8,1,0,T,GMC,CAN,CW,5,17,,1,0,1260,CAN,G,,,5,214,,,,B,3895,00,U,44,0,0,000000000,00000000000,0,0,0,1,0,0,0,0,0,0,0,999,0,0,0,14,2,3,8,0,0,0,1,34,7090,6,1,0,0,3,0,64,999,0,0,0,0,0,0,0,0,0,0,36,0,0,0,1,2,35,1,1,2,1,0,0,1,80,1,1,3,98,0,1
34,340035,1,2,2,4,2,17,43,8,0,1,0,34,1,35,49,35049,6,2009,JN8AZ18W39W2,J,N,8,A,Z,1,8,W,3,9,W,2,0,P,NISS,MUR,UT,9,17,4009,,0,1112,,G,,F,6,214,,,18R235,,,,,,0,0,000000000,00000000000,0,0,0,1,0,0,0,0,0,0,0,998,0,0,0,11,9,2,8,0,0,0,1,34,8077,6,1,0,0,3,0,66,999,0,0,0,0,0,0,0,0,0,0,0,0,0,0,3,2,50,1,2,2,1,3,3,1,80,1,1,1,13,0,0
34,340035,2,2,2,4,2,17,43,8,0,1,0,34,2,49,32,49032,4,2002,2T1BR12E62C5,2,T,1,B,R,1,2,E,6,2,C,5,0,P,TOYT,UCS,4D,2,17,2405,,0,970,,G,,F,4,109,,,14R175,,,,,,0,0,000000000,00000000000,0,0,0,1,0,0,0,0,0,0,0,998,0,0,0,12,9,2,8,0,0,0,1,34,8075,6,1,0,0,3,3,66,999,0,0,0,1,0,4,2011,4,2011,0,0,0,0,0,3,2,50,1,2,2,1,3,3,1,80,1,1,1,98,0,0
34,340036,1,1,4,4,2,16,33,14,0,1,0,36,2,35,39,35039,4,1995,JN1CA21D3ST6,J,N,1,C,A,2,1,D,3,S,T,6,0,P,NISS,MGS,4D,95,17,2886,,0,1063,,G,,F,6,182,,,15R215,,,,,,0,0,000000000,00000000000,0,0,0,1,0,0,0,0,0,0,0,998,0,0,0,11,6,2,14,0,0,0,1,36,10570,0,0,0,0,0,0,999,999,0,0,0,0,0,0,0,0,0,0,28,36,0,0,3,4,65,1,1,2,1,40,3,1,10,1,1,4,98,2,1
34,340037,1,1,3,4,2,2,28,41,0,1,0,34,2,58,37,58037,4,2011,JN1CV6AR8BM4,J,N,1,C,V,6,A,R,8,B,M,4,0,P,INFI,GAW,4D,11,17,3695,,0,0,,G,,F,6,226,,,000000,,,,,,0,0,000000000,00000000000,0,0,0,1,0,0,0,0,0,0,0,998,0,0,0,12,6,2,42,0,0,0,1,34,7470,6,1,0,0,3,3,70,999,0,0,0,0,1,4,2010,4,2010,0,28,36,0,0,1,2,35,1,2,2,1,0,0,1,13,7,1,5,1,1,0
34,340038,1,1,1,12,1,3,5,8,0,1,1,99,9,99,999,99999,99,9999,999999999999,9,9,9,9,9,9,9,9,9,9,9,9,0,,,,,,,,,,,,,,,,,,,,,,,,,0,99,999999999,99999999999,9,99,99,1,0,0,0,0,0,0,0,998,0,0,0,99,9,1,8,99,99,0,1,99,99999,9,9,99,9,9,9,999,999,99,99,99,99,99,99,9999,99,9999,9,38,0,0,0,3,3,50,1,1,2,3,3,3,1,80,1,1,1,13,0,0
34,340039,1,1,1,5,2,23,54,8,0,1,1,99,9,99,999,99999,99,9999,999999999999,9,9,9,9,9,9,9,9,9,9,9,9,9,,,,,,,,,,,,,,,,,,,,,,,,,0,99,999999999,99999999999,9,99,99,1,0,0,0,0,0,0,0,998,0,0,0,99,9,1,8,0,0,0,1,99,99999,9,9,99,9,9,9,999,999,99,99,99,99,99,99,9999,99,9999,0,36,0,0,0,1,2,25,1,1,2,1,3,3,1,80,99,1,9,13,0,0
34,340040,1,1,3,26,2,18,15,8,0,1,0,34,3,42,48,42048,4,2010,WDDNG8GB1AA3,W,D,D,N,G,8,G,B,1,A,A,3,0,P,MERZ,S5A,4D,10,17,4619,,0,1246,,G,,F,8,336,,,18R255,,,,,,0,0,000000000,00000000000,0,0,0,1,0,0,0,0,0,0,0,998,0,0,0,12,9,2,8,0,0,0,1,34,7632,6,1,0,0,3,0,69,999,0,0,0,0,0,0,0,0,0,0,6,0,0,0,1,2,25,1,1,2,1,3,3,1,80,1,1,1,13,0,0
34,340041,1,3,1,24,1,13,40,12,6,1,0,34,1,51,39,51039,4,1989,YV1FX8844K33,Y,V,1,F,X,8,8,4,4,K,3,3,0,P,VOLV,74L,4D,89,17,2954,,0,1091,,G,,F,4,141,,,15R185,,,,,,0,0,000000000,00000000000,0,0,0,1,0,0,0,0,0,0,0,998,0,0,0,11,6,2,12,0,0,0,1,34,7503,6,1,0,0,3,0,64,999,1,0,0,0,0,7,2011,7,2011,0,30,0,0,0,2,3,65,1,1,2,1,0,0,11,53,1,1,7,72,1,0
34,340041,2,3,1,24,1,13,40,12,6,1,0,34,1,35,47,35047,4,2001,1N4DL01D11C1,1,N,4,D,L,0,1,D,1,1,C,1,0,P,NISS,AXE,4D,1,17,2754,,0,1031,,G,,F,4,146,,,15R195,,,,,,0,0,000000000,00000000000,0,0,0,1,0,0,0,0,0,0,0,998,0,0,0,1,6,2,12,0,0,0,1,34,7410,6,1,0,0,3,0,64,999,0,0,0,0,0,0,0,0,0,0,0,0,0,0,2,3,65,1,1,2,1,0,0,1,64,3,2,1,73,0,0
34,340041,3,3,1,24,1,13,40,12,6,1,0,34,1,6,51,6051,4,2011,2C3CK6CT4BH6,2,C,3,C,K,6,C,T,4,B,H,6,0,P,CHRY,43C,4D,11,17,4251,,0,1200,,G,,F,8,348,,,19R235,,,,,,0,0,000000000,00000000000,0,0,0,1,0,0,0,0,0,0,0,998,0,0,0,12,6,2,12,0,0,0,1,34,7645,6,1,0,0,3,0,72,999,0,0,0,0,0,0,0,0,0,0,0,0,0,0,2,3,65,1,1,2,1,0,0,1,51,3,1,1,98,0,0
34,340042,1,3,1,6,2,15,17,12,8,1,0,34,1,58,37,58037,2,2007,JNKCV54E57M9,J,N,K,C,V,5,4,E,5,7,M,9,0,P,INFI,G35,CP,7,17,3388,,0,1122,,G,,F,6,214,,,17R225,,,,,,0,0,000000000,00000000000,0,0,0,1,0,0,0,0,0,0,0,998,0,0,0,11,6,2,12,0,0,0,1,34,8097,1,1,0,0,2,0,75,999,0,5,0,5,5,8,2009,12,2011,0,28,36,0,0,2,4,55,1,1,2,1,0,0,1,10,1,1,2,64,1,0
34,340042,2,3,1,6,2,15,17,12,8,1,0,34,2,37,31,37031,2,2004,1HGCM72684A0,1,H,G,C,M,7,2,6,8,4,A,0,0,P,HOND,UEX,CP,4,17,3060,,0,1051,,G,,F,4,146,,,15R205,,,,,,0,0,000000000,00000000000,0,0,0,1,0,0,0,0,0,0,0,998,0,0,0,11,6,2,12,0,0,0,1,34,8012,6,1,0,0,3,0,76,999,3,0,0,0,2,5,2010,1,2012,0,0,0,0,0,2,4,55,1,1,2,1,0,0,1,62,1,1,1,65,0,0
34,340042,3,3,1,6,2,15,17,12,8,1,0,34,1,7,482,7482,31,2004,3D7KA28D44G2,3,D,7,K,A,2,8,D,4,4,G,2,0,T,DODG,SQ2,CW,4,17,,2,1605,1405,RPC,G,,,8,345,,,,C,5040,13,E,42,0,0,000000000,00000000000,0,0,0,1,0,0,0,0,0,0,0,998,0,0,0,12,6,2,12,0,0,0,1,34,8062,6,1,0,0,3,0,67,999,0,0,0,0,2,3,2009,5,2009,0,0,0,0,0,2,4,55,1,1,2,1,0,0,1,62,7,1,2,98,0,0
34,340043,1,2,1,25,1,6,52,12,6,1,0,34,1,18,2,18002,4,2001,1G4HP54K81U1,1,G,4,H,P,5,4,K,8,1,U,1,0,P,BUIC,LCF,4D,1,17,3567,,0,1122,,G,,F,6,231,,,15R215,,,,,,0,0,000000000,00000000000,0,0,0,1,0,0,0,0,0,0,0,998,0,0,0,2,2,3,54,0,0,0,1,34,8812,6,1,0,0,3,3,66,999,0,0,0,0,0,0,0,0,0,0,38,6,0,0,1,4,40,1,2,2,1,3,3,11,55,1,1,1,68,0,0
34,340043,2,2,1,25,1,6,52,12,6,1,0,34,1,72,706,72706,80,2005,1HD4CJM135K4,1,H,D,4,C,J,M,1,3,5,K,4,0,M,HD,L8C,RS,5,17,,,,,,,883,,2,,4,558,,,,,,,0,0,000000000,00000000000,0,0,0,1,0,0,0,0,0,0,0,998,0,0,0,12,9,3,54,0,0,0,1,34,8817,6,1,0,0,3,0,67,132,0,0,0,0,2,7,2009,11,2009,0,0,0,0,0,1,4,40,1,2,2,1,3,3,1,66,3,2,1,69,1,0
34,340044,1,2,1,10,2,14,25,12,6,1,0,34,3,84,881,84881,63,1996,1HTSDAAN9TH3,1,H,T,S,D,A,A,N,9,T,H,3,0,T,INTL,490,CC,96,17,,7,2540,1280,40S,D,,,6,466,,,,,00000,00,,42,0,57,1249949,571249949,3,1,1,1,0,0,0,0,0,0,0,998,0,0,0,12,6,2,12,0,0,0,1,34,8805,6,1,6,1,3,0,70,999,0,0,0,0,0,0,0,0,0,0,0,0,0,0,1,4,45,1,1,2,1,0,0,1,55,9,1,2,98,0,0
34,340044,2,2,1,10,2,14,25,12,6,1,0,34,1,6,43,6043,4,2001,1C3EL46UX1N7,1,C,3,E,L,4,6,U,X,1,N,7,0,P,CHRY,SLX,4D,1,17,3175,,0,1080,,G,,F,6,167,,,15R205,,,,,,0,0,000000000,00000000000,0,0,0,1,0,0,0,0,0,0,0,998,0,0,0,9,6,2,12,0,0,0,1,34,8831,6,1,0,0,3,0,66,999,0,0,0,0,0,0,0,0,0,0,6,38,48,0,1,2,30,1,1,2,1,20,3,12,55,1,1,2,98,1,0
34,340045,1,1,2,23,1,14,28,8,0,1,0,34,3,12,481,12481,31,2003,1FTNF21L73ED,1,F,T,N,F,2,1,L,7,3,E,D,0,T,FORD,F2S,PK,3,17,,2,0,1370,SRW,G,,,8,330,,,,C,5857,00,U,44,0,0,000000000,00000000000,0,0,0,1,0,0,0,0,0,0,0,998,0,0,0,12,2,1,8,0,0,0,1,34,7022,6,1,0,0,3,0,68,999,1,0,0,0,0,8,2011,8,2011,0,6,38,0,0,1,2,25,1,1,2,2,3,3,11,80,1,1,1,13,0,0
34,340046,1,1,1,12,2,17,56,30,0,1,0,34,2,12,471,12471,30,2000,1FTYR10X9YTA,1,F,T,Y,R,1,0,X,9,Y,T,A,0,T,FORD,RNG,PK,0,17,,1,1175,1116,RNG,G,,,6,245,,,,B,3068,02,U,42,0,0,000000000,00000000000,0,0,0,1,0,0,0,0,0,0,0,998,0,0,0,9,6,2,30,0,0,0,1,34,8037,6,1,0,0,3,0,73,999,0,0,0,0,1,11,2011,11,2011,0,52,87,0,0,1,2,45,1,6,2,4,0,0,1,5,3,3,5,2,1,0
34,340047,1,1,1,1,2,17,53,8,0,1,0,34,1,20,401,20401,14,1991,1GNDT13Z6M22,1,G,N,D,T,1,3,Z,6,M,2,2,0,P,CHEV,S10,UT,91,17,3617,,0,1070,,G,,F,6,262,,,15R205,,,,,,0,0,000000000,00000000000,0,0,0,1,0,0,0,0,0,0,0,998,0,0,0,12,9,2,8,0,0,0,1,34,8210,6,1,0,0,3,3,67,999,1,0,0,0,0,12,2009,12,2009,0,0,0,0,0,2,2,40,1,1,2,1,0,0,1,80,1,1,1,13,0,0
34,340048,1,1,1,20,1,9,58,30,0,1,0,34,1,35,47,35047,4,2007,1N4AL21E17N4,1,N,4,A,L,2,1,E,1,7,N,4,0,P,NISS,ATS,4D,7,17,3042,,0,1093,,G,,F,4,153,,,16R215,,,,,,0,0,000000000,00000000000,0,0,0,1,0,0,0,0,0,0,0,998,0,0,0,9,6,2,42,0,0,0,1,34,7071,6,1,0,0,3,0,63,999,1,0,0,0,1,3,2011,5,2011,0,6,0,0,0,2,4,65,1,1,2,1,0,0,1,8,1,3,4,2,1,1
34,340049,1,1,2,2,1,23,2,35,0,1,0,34,2,37,31,37031,4,1999,2HGEJ8642XH5,2,H,G,E,J,8,6,4,2,X,H,5,0,P,HOND,UAX,4D,99,17,2562,,0,1032,,G,,F,4,097,,,14R185,,,,,,0,0,000000000,00000000000,0,0,0,1,0,0,0,0,0,0,0,998,0,1,6,14,6,2,42,0,0,0,1,34,7462,6,1,0,0,3,0,70,132,0,0,0,1,0,2,2011,2,2011,0,87,0,0,0,1,2,50,1,1,2,4,0,0,1,8,99,2,4,2,1,0
34,340050,1,1,1,14,1,21,16,8,0,1,0,34,1,12,4,12004,2,1995,1FALP6248SH1,1,F,A,L,P,6,2,4,8,S,H,1,0,P,FORD,THL,2D,95,17,3536,,0,1130,,G,,F,6,232,,,15R205,,,,,,0,0,000000000,00000000000,0,0,0,1,0,0,0,0,0,0,0,997,0,0,0,11,4,3,8,0,0,0,1,34,7080,6,1,0,0,3,0,67,999,0,0,0,0,0,0,0,0,0,0,0,0,0,0,1,4,45,2,1,2,1,0,0,14,80,1,1,1,13,0,0
34,340051,1,1,2,26,2,18,38,9,0,1,0,34,1,12,422,12422,15,2005,1FMPU16555LA,1,F,M,P,U,1,6,5,5,5,L,A,0,P,FORD,EPT,UT,5,17,5607,,0,1191,,G,,F,8,330,,,17R265,,,,,,0,0,000000000,00000000000,0,0,0,1,0,0,0,0,0,0,0,998,0,0,0,12,9,2,9,0,0,0,1,34,8234,6,1,0,0,3,0,71,999,0,0,0,0,0,0,0,0,0,0,0,0,0,0,3,2,50,1,1,2,1,0,0,1,83,1,1,1,13,0,0
34,340052,1,1,5,20,1,2,11,33,0,1,0,34,1,52,402,52402,14,2004,4A4MN21S94E1,4,A,4,M,N,2,1,S,9,4,E,1,0,P,MITS,END,UT,4,17,4079,,0,1083,,G,,F,6,231,,,17R235,,,,,,0,0,000000000,00000000000,0,0,0,1,0,0,0,0,0,0,0,998,0,0,0,14,6,2,42,0,0,0,1,34,7631,6,1,0,0,3,0,67,999,0,0,0,0,0,0,0,0,0,1,6,28,0,0,1,2,35,2,1,2,1,0,0,14,10,1,1,4,6,2,1
34,340053,1,4,1,25,2,13,55,54,11,1,0,34,1,7,472,7472,30,1996,1B7GG23Y9TS5,1,B,7,G,G,2,3,Y,9,T,S,5,0,T,DODG,DAK,PC,96,17,,1,0,1309,DAK,G,,,8,318,,,,B,3829,00,M,44,0,0,000000000,00000000000,0,0,0,1,0,0,0,0,0,0,0,998,0,0,0,18,9,2,54,0,0,0,1,34,7728,6,1,0,0,3,0,70,999,1,5,0,0,4,4,2009,8,2011,0,0,0,0,0,3,3,55,1,1,2,1,0,0,1,98,1,1,1,98,0,0
34,340053,2,4,1,25,2,13,55,54,11,1,0,34,2,49,40,49040,4,2011,4T1BF3EK0BU1,4,T,1,B,F,3,E,K,0,B,U,1,0,P,TOYT,CBA,4D,11,17,3263,,0,1093,,G,,F,4,152,,,16R215,,,,,,0,0,000000000,00000000000,0,0,0,1,0,0,0,0,0,0,0,998,0,0,0,12,6,2,54,0,0,0,1,34,7106,6,1,0,0,3,3,62,999,0,0,0,1,1,4,2010,6,2011,0,0,0,0,0,3,3,55,1,1,2,1,0,0,1,98,1,1,1,98,1,0
34,340053,3,4,1,25,2,13,55,54,11,1,0,34,2,37,441,37441,20,2002,2HKRL18902H5,2,H,K,R,L,1,8,9,0,2,H,5,0,P,HOND,UDY,SV,2,17,4376,,0,1181,,G,,F,6,212,,,16R225,,,,,,0,0,000000000,00000000000,0,0,0,1,0,0,0,0,0,0,0,998,0,0,0,9,6,2,39,0,0,0,1,34,7205,6,1,0,0,3,0,66,999,0,0,0,0,1,10,2010,10,2010,0,0,0,0,0,3,3,55,1,1,2,1,0,0,1,60,1,1,1,98,0,0
34,340053,4,4,3,25,2,13,55,54,11,1,0,34,1,12,402,12402,14,2003,1FMYU931X3KC,1,F,M,Y,U,9,3,1,X,3,K,C,0,P,FORD,SPE,UT,3,17,3458,,0,1031,,G,,F,6,181,,,16R235,,,,,,0,0,000000000,00000000000,0,0,0,1,0,0,0,0,0,0,0,998,0,0,0,5,9,1,12,0,0,0,1,34,8817,6,1,0,0,3,0,61,999,2,2,0,0,1,4,2009,7,2011,0,0,0,0,0,3,3,55,1,1,2,1,0,0,1,98,2,1,1,98,0,0
34,340054,1,2,1,27,1,16,22,12,6,1,0,34,2,20,481,20481,31,1996,1GCEC19R5TE1,1,G,C,E,C,1,9,R,5,T,E,1,0,T,CHEV,GC1,PC,96,17,,2,1555,1415,GM4,G,,,8,350,,,,B,4068,02,,42,0,0,000000000,00000000000,0,0,0,1,0,0,0,0,0,0,0,998,0,0,0,12,4,3,12,0,0,0,1,34,8244,6,1,0,0,3,0,74,999,1,0,0,0,1,3,2011,7,2011,0,0,0,0,0,1,2,45,1,1,2,2,0,0,1,66,1,1,1,86,0,0
34,340054,2,2,5,27,1,16,22,12,6,1,0,34,1,22,18,22018,4,2002,1G2NF52F92C3,1,G,2,N,F,5,2,F,9,2,C,3,0,P,PONT,SE1,4D,2,17,3116,,0,1070,,G,,F,4,134,,,15R215,,,,,,0,0,000000000,00000000000,0,0,0,1,0,0,0,0,0,0,0,998,0,0,0,2,6,2,12,0,0,0,1,34,8401,6,1,0,0,3,3,66,999,0,0,0,0,0,0,0,0,0,0,6,38,39,0,1,2,25,1,1,2,2,20,3,1,17,1,1,2,87,1,0
34,340055,1,1,2,13,1,20,30,8,0,1,0,34,2,12,37,12037,2,2001,3FAHP31321R2,3,F,A,H,P,3,1,3,2,1,R,2,0,P,FORD,FZX,3P,1,17,2550,,0,1030,,G,,F,4,121,,,15R195,,,,,,0,0,000000000,00000000000,0,0,0,1,0,0,0,0,0,0,0,998,0,0,0,12,2,3,8,0,0,0,1,34,8610,6,1,0,0,3,3,67,999,2,0,0,0,1,2,2009,7,2010,0,0,0,0,0,1,4,40,1,1,2,1,3,3,1,80,1,1,1,13,0,0
34,340056,1,1,1,14,2,6,1,8,0,1,0,34,3,37,32,37032,4,2012,1HGCP2F74CA0,1,H,G,C,P,2,F,7,4,C,A,0,0,P,HOND,UEX,4D,12,17,3311,,0,1102,,G,,F,4,146,,,17R225,,,,,,0,0,000000000,00000000000,0,0,0,1,0,0,0,0,0,0,0,998,0,0,0,12,9,2,8,0,0,0,1,34,7730,6,1,0,0,3,0,75,999,0,0,0,0,0,0,0,0,0,0,0,0,0,0,3,2,40,1,3,2,1,0,0,1,80,1,1,1,13,0,0
34,340058,1,3,1,18,1,10,4,1,0,1,0,34,3,98,898,98898,63,2000,2FZXEMCB1YAH,2,F,Z,X,E,M,C,B,1,Y,A,H,0,T,STRG,LT9,CC,0,17,,8,0,0,STE,D,,,6,661,,,,,00000,00,,64,0,88,888888888,88888888888,3,2,5,1,0,0,0,0,0,0,0,998,0,2,1,0,6,2,1,0,0,0,1,34,7524,6,1,6,0,3,0,69,154,0,0,0,0,3,1,2009,9,2011,0,39,0,0,0,1,2,25,1,1,2,1,20,3,11,9,1,4,2,98,1,0
34,340058,2,3,1,18,1,10,4,1,0,1,0,34,2,30,40,30040,4,2011,3VW2K7AJ7BM3,3,V,W,2,K,7,A,J,7,B,M,3,0,P,VOLK,JBS,4D,11,17,2881,,0,0,,G,,F,4,121,,,000000,,,,,,0,0,000000000,00000000000,0,0,0,1,0,0,0,0,0,0,0,998,0,0,0,10,6,2,12,0,0,0,1,34,7921,6,1,0,0,3,0,60,999,0,0,0,0,1,6,2009,6,2009,0,0,0,0,0,1,2,45,1,2,2,1,0,0,1,65,99,1,1,98,0,0