STATE,ST_CASE,VEH_NO,VE_FORMS,NUMOCCS,DAY,MONTH,HOUR,MINUTE,HARM_EV,MAN_COLL,UNITTYPE,HIT_RUN,REG_STAT,OWNER,MAKE,MODEL,MAK_MOD,BODY_TYP,MOD_YEAR,VIN,VIN_1,VIN_2,VIN_3,VIN_4,VIN_5,VIN_6,VIN_7,VIN_8,VIN_9,VIN_10,VIN_11,VIN_12,TOW_VEH,VINTYPE,VINMAKE,VINA_MOD,VIN_BT,VINMODYR,VIN_LNGT,VIN_WGT,WGTCD_TR,WHLBS_LG,WHLBS_SH,SER_TR,FUELCODE,MCYCL_DS,CARBUR,CYLINDER,DISPLACE,MCYCL_CY,MCYCL_WT,TIRE_SZE,TON_RAT,TRK_WT,TRKWTVAR,VIN_REST,WHLDRWHL,J_KNIFE,MCARR_I1,MCARR_I2,MCARR_ID,GVWR,V_CONFIG,CARGO_BT,HAZ_INV,HAZ_PLAC,HAZ_ID,HAZ_CNO,HAZ_REL,BUS_USE,SPEC_USE,EMER_USE,TRAV_SP,UNDERIDE,ROLLOVER,ROLINLOC,IMPACT1,DEFORMED,TOWED,M_HARM,VEH_SC1,VEH_SC2,FIRE_EXP,DR_PRES,L_STATE,DR_ZIP,L_STATUS,L_TYPE,CDL_STAT,L_ENDORS,L_COMPL,L_RESTRI,DR_HGT,DR_WGT,PREV_ACC,PREV_SUS,PREV_DWI,PREV_SPD,PREV_OTH,FIRST_MO,FIRST_YR,LAST_MO,LAST_YR,SPEEDREL,DR_SF1,DR_SF2,DR_SF3,DR_SF4,VTRAFWAY,VNUM_LAN,VSPD_LIM,VALIGN,VPROFILE,VPAVETYP,VSURCOND,VTRAFCON,VTCONT_F,P_CRASH1,P_CRASH2,P_CRASH3,PCRASH4,PCRASH5,ACC_TYPE,DEATHS,DR_DRINK
34,340058,3,3,1,18,1,10,4,1,0,1,0,34,1,49,40,49040,4,2006,JTDBE30KX630,J,T,D,B,E,3,0,K,X,6,3,0,0,P,TOYT,XLL,4D,6,17,3108,,0,1071,,G,,F,4,144,,,15R205,,,,,,0,0,000000000,00000000000,0,0,0,1,0,0,0,0,0,0,0,998,0,0,0,3,9,3,12,0,0,0,1,34,7921,6,1,0,0,3,3,64,999,0,0,0,1,0,9,2010,9,2010,0,0,0,0,0,1,2,45,1,2,2,1,0,0,1,66,1,1,3,98,0,0
34,340059,1,1,3,25,2,21,59,42,0,1,0,36,2,32,42,32042,4,1999,WAUBA24B4XN0,W,A,U,B,A,2,4,B,4,X,N,0,0,P,AUDI,A6Q,4D,99,17,3669,,0,1086,,G,,F,6,169,,,15R195,,,,,,0,0,000000000,00000000000,0,0,0,1,0,0,0,0,0,0,0,998,0,1,3,6,6,2,1,0,0,0,1,36,11210,6,1,0,0,3,0,68,999,0,0,0,0,0,0,0,0,0,1,36,28,0,0,2,3,65,1,6,2,1,0,0,1,6,1,3,5,7,1,0
34,340060,1,2,1,17,2,10,19,12,6,1,0,34,1,12,401,12401,14,1999,1FMZU34E3XZB,1,F,M,Z,U,3,4,E,3,X,Z,B,0,P,FORD,EPR,UT,99,17,4128,,0,1116,,G,,F,6,245,,,15R225,,,,,,0,0,000000000,00000000000,0,0,0,1,0,0,0,0,0,0,0,998,0,0,0,12,9,2,12,0,0,0,1,97,0,9,9,99,9,9,9,999,999,99,99,99,99,99,99,9999,99,9999,0,0,0,0,0,2,2,50,4,2,2,2,0,0,14,66,3,2,1,88,0,0
34,340060,2,2,1,17,2,10,19,12,6,1,0,34,1,20,37,20037,4,2004,1G1ZT54834F1,1,G,1,Z,T,5,4,8,3,4,F,1,0,P,CHEV,M/L,4D,4,17,3297,,0,1063,,G,,F,6,214,,,15R205,,,,,,0,0,000000000,00000000000,0,0,0,1,0,0,0,0,0,0,0,998,0,0,0,9,6,2,12,0,0,0,1,34,7836,6,1,0,0,3,0,72,999,3,0,0,0,1,10,2009,10,2010,0,38,0,0,0,1,2,35,1,1,2,2,20,3,1,66,1,1,1,89,1,0
34,340061,1,1,3,12,2,8,13,42,0,1,0,42,2,24,1,24001,4,1996,1G8ZH5282TZ1,1,G,8,Z,H,5,2,8,2,T,Z,1,0,P,STRN,SL1,4D,96,17,2277,,0,1024,,G,,F,4,116,,,14R175,,,,,,0,0,000000000,00000000000,0,0,0,1,0,0,0,0,0,0,0,998,0,0,0,12,6,2,42,0,0,0,1,42,19111,6,1,0,0,3,0,65,999,0,0,0,0,0,0,0,0,0,1,28,6,27,0,1,2,45,1,1,2,4,0,0,6,5,1,4,4,7,1,0
34,340062,1,1,1,2,3,2,14,35,0,1,0,34,1,37,32,37032,2,1997,1HGCD7200VA0,1,H,G,C,D,7,2,0,0,V,A,0,0,P,HOND,USE,CP,97,17,2820,,0,1069,,G,,F,4,132,,,15R185,,,,,,0,0,000000000,00000000000,0,0,0,1,0,0,0,0,0,0,0,998,0,0,0,14,9,3,42,0,0,0,1,34,8518,6,1,0,0,3,0,73,999,0,3,0,1,5,10,2009,2,2012,0,6,28,0,0,3,3,65,1,1,2,1,0,0,1,13,1,1,4,1,1,1
34,340063,1,1,1,2,3,3,50,8,0,1,0,34,2,49,401,49401,14,2001,JT3HN86R2190,J,T,3,H,N,8,6,R,2,1,9,0,0,P,TOYT,RUN,UT,1,17,3930,,0,1053,,G,,F,6,206,,,15R225,,,,,,0,0,000000000,00000000000,0,0,0,1,0,0,0,0,0,0,0,998,0,0,0,1,2,3,8,0,0,0,1,34,7860,6,1,0,0,3,3,67,999,1,1,2,0,2,1,2010,11,2010,0,0,0,0,0,1,2,45,1,1,2,1,0,0,1,81,1,1,1,13,0,0
34,340064,1,3,1,16,2,11,9,12,1,1,0,34,1,35,39,35039,4,2000,JN1CA31A2YT0,J,N,1,C,A,3,1,A,2,Y,T,0,0,P,NISS,MGS,4D,0,17,3071,,0,1083,,G,,F,6,182,,,15R205,,,,,,0,0,000000000,00000000000,0,0,0,1,0,0,0,0,0,0,0,998,0,0,0,12,6,2,12,0,0,0,1,34,8691,6,1,0,0,3,0,79,999,0,3,0,0,0,4,2009,2,2011,0,84,0,0,0,3,3,50,1,1,2,2,0,0,15,50,1,1,1,98,0,0
34,340064,2,3,0,16,2,11,9,12,1,1,0,42,6,7,472,7472,30,1992,1B7FL26X8NS6,1,B,7,F,L,2,6,X,8,N,S,6,0,T,DODG,DAK,PK,92,17,,1,1239,1119,DAK,G,,,6,239,,,,B,2890,01,A,42,0,0,000000000,00000000000,0,0,0,1,0,0,0,0,0,0,0,0,0,0,0,6,6,2,8,0,0,0,0,0,99997,7,6,97,7,6,7,998,997,998,998,998,998,998,98,9998,98,9998,8,0,0,0,0,3,3,50,1,1,2,2,0,0,0,80,0,0,0,98,0,0
34,340064,3,3,1,16,2,11,9,12,1,1,0,34,3,7,482,7482,31,2004,1D7HU18D14J1,1,D,7,H,U,1,8,D,1,4,J,1,0,T,DODG,SQ1,CW,4,17,,2,1605,1405,RPC,G,,,8,345,,,,B,5043,02,E,44,0,0,000000000,00000000000,0,0,0,1,0,0,0,0,0,0,0,998,0,0,0,12,6,2,12,0,0,0,1,34,8638,6,1,0,0,3,0,71,999,0,1,0,1,2,9,2010,1,2012,0,0,0,0,0,3,3,50,1,1,2,2,0,0,1,60,2,2,1,98,0,0
34,340065,1,2,1,4,3,1,42,12,7,1,0,34,1,20,471,20471,30,1998,1GCCS1949WK2,1,G,C,C,S,1,9,4,9,W,K,2,0,T,CHEV,S14,PC,98,17,,1,0,1229,S,G,,,4,133,,,,B,3222,00,,42,0,0,000000000,00000000000,0,0,0,1,0,0,0,0,0,0,0,998,0,1,1,11,6,2,1,0,0,0,1,34,8251,6,1,0,0,3,3,67,999,0,0,0,0,0,0,0,0,0,0,27,0,0,0,2,2,65,2,1,2,1,0,0,15,10,1,3,2,47,1,0
34,340065,2,2,4,4,3,1,42,12,7,1,0,34,1,34,35,34035,4,2011,WBAFU7C50BDU,W,B,A,F,U,7,C,5,0,B,D,U,0,P,BMW,XI5,4D,11,17,4233,,0,1169,,G,,T,6,183,,,18R245,,,,,,0,0,000000000,00000000000,0,0,0,1,0,0,0,0,0,0,0,998,0,0,0,1,6,2,12,0,0,0,1,34,7751,6,1,0,0,3,0,72,999,0,0,0,0,0,0,0,0,0,0,0,0,0,0,2,2,65,2,1,2,1,0,0,14,61,1,1,2,45,0,0
34,340066,1,1,1,21,2,19,7,42,0,1,0,34,2,12,17,12017,4,2002,1FAFP55282A2,1,F,A,F,P,5,5,2,8,2,A,2,0,P,FORD,TSS,4D,2,17,3392,,0,1085,,F,,F,6,182,,,16R215,,,,,,0,0,000000000,00000000000,0,0,0,1,0,0,0,0,0,0,0,998,0,1,6,12,6,2,1,0,0,0,1,34,8302,6,1,0,0,3,3,68,999,2,0,0,0,3,6,2010,8,2011,0,28,6,52,0,1,2,50,1,1,2,1,0,0,1,10,1,1,5,6,1,0
34,340067,1,1,1,16,2,4,9,9,0,1,0,34,1,20,481,20481,31,2000,1GCGK24U0YE2,1,G,C,G,K,2,4,U,0,Y,E,2,0,T,CHEV,SK2,PK,0,17,,2,0,1330,SIL,G,,,8,364,,,,C,5266,00,,44,0,0,000000000,00000000000,0,0,0,1,0,0,0,0,0,0,0,998,0,0,0,12,9,2,9,0,0,0,1,34,7031,6,1,6,0,3,0,76,999,1,0,0,0,1,9,2011,11,2011,0,0,0,0,0,4,3,50,4,2,2,1,0,0,14,83,1,1,1,13,0,0
34,340068,1,1,2,13,2,9,4,33,0,1,0,34,2,49,32,49032,4,1992,2T1AE97AXNC1,2,T,1,A,E,9,7,A,X,N,C,1,0,P,TOYT,CED,4D,92,17,2352,,0,957,,G,,F,4,097,,,000000,,,,,,0,0,000000000,00000000000,0,0,0,1,0,0,0,0,0,0,0,998,0,0,0,14,6,2,42,0,0,0,1,34,7105,6,1,0,0,3,0,62,999,0,0,0,0,0,0,0,0,0,0,6,0,0,0,1,2,35,4,2,2,1,0,0,14,13,1,1,4,1,1,0
34,340069,1,1,0,19,2,21,26,33,0,1,0,34,6,37,31,37031,2,1998,1HGEJ8143WL0,1,H,G,E,J,8,1,4,3,W,L,0,0,P,HOND,UAX,CP,98,17,2507,,0,1032,,G,,F,4,097,,,14R185,,,,,,0,0,000000000,00000000000,0,0,0,1,0,0,0,0,0,0,0,998,0,0,0,14,9,2,8,0,0,0,0,0,99997,7,6,97,7,6,7,998,997,998,998,998,998,998,98,9998,98,9998,8,0,0,0,0,1,2,25,1,1,2,1,0,0,0,98,0,0,0,98,0,0
34,340070,1,1,1,5,3,18,24,42,0,1,0,34,1,55,35,55035,4,2005,KMHDN46D35U0,K,M,H,D,N,4,6,D,3,5,U,0,0,P,HYUN,EST,4D,5,17,2635,,0,1027,,G,,F,4,121,,,15R195,,,,,,0,0,000000000,00000000000,0,0,0,1,0,0,0,0,0,0,0,998,0,1,5,11,6,2,42,0,0,0,1,34,8346,6,1,0,0,3,3,73,999,0,0,0,0,0,0,0,0,0,0,28,0,0,0,1,2,35,1,1,2,1,0,0,1,12,1,1,5,6,1,0
34,340071,1,1,1,20,2,15,44,8,0,1,0,34,1,49,32,49032,4,2009,2T1BU40E99C0,2,T,1,B,U,4,0,E,9,9,C,0,0,P,TOYT,CBL,4D,9,17,2723,,0,1024,,G,,F,4,110,,,15R195,,,,,,0,0,000000000,00000000000,0,0,0,1,0,0,0,0,0,0,0,998,0,0,0,12,2,1,8,0,0,0,1,34,7093,6,1,0,0,3,0,65,999,0,0,0,0,0,0,0,0,0,0,6,38,0,0,1,2,25,2,1,2,1,3,3,14,80,1,1,1,13,0,0
34,340072,1,1,2,5,3,10,49,42,0,1,0,34,2,20,481,20481,31,2003,1GCHK23163F1,1,G,C,H,K,2,3,1,6,3,F,1,0,T,CHEV,2KH,CW,3,17,,2,1670,1530,SIL,D,,,8,403,,,,C,5899,01,,44,0,0,000000000,00000000000,0,0,0,1,0,0,0,0,0,0,0,998,0,0,0,12,6,2,42,0,0,0,1,34,8735,6,1,0,0,3,0,66,350,0,0,0,0,0,0,0,0,0,0,28,0,0,0,1,2,55,1,1,2,1,0,0,1,12,1,1,4,6,2,0
34,340073,1,2,3,3,3,23,18,12,6,1,0,34,1,42,48,42048,4,2008,WDBUF87XX8B2,W,D,B,U,F,8,7,X,X,8,B,2,0,P,MERZ,ESM,4D,8,17,3925,,0,1124,,G,,F,6,213,,,17R245,,,,,,0,0,000000000,00000000000,0,0,0,1,0,0,0,0,0,0,0,998,0,0,0,9,6,2,12,0,0,0,1,34,8820,6,1,0,0,3,0,76,999,0,0,0,0,0,0,0,0,0,0,38,0,0,0,1,2,25,1,1,2,1,20,3,11,55,1,1,2,82,1,0
34,340073,2,2,1,3,3,23,18,12,6,1,0,34,2,48,401,48401,14,2004,JF1SG63664H7,J,F,1,S,G,6,3,6,6,4,H,7,0,P,SUBA,FOR,UT,4,17,3090,,0,994,,G,,F,4,150,,,16R215,,,,,,0,0,000000000,00000000000,0,0,0,1,0,0,0,0,0,0,0,998,0,0,0,12,6,2,12,0,0,0,1,34,8060,6,1,0,0,3,3,61,999,0,0,0,0,0,0,0,0,0,0,0,0,0,0,1,2,50,1,1,2,1,0,0,1,66,1,1,2,83,0,0
34,340074,1,2,1,23,2,16,29,12,6,1,0,34,1,41,50,41050,5,2005,1YVHP84D755M,1,Y,V,H,P,8,4,D,7,5,5,M,0,P,MAZD,M6S,4H,5,17,3395,,0,1053,,G,,F,6,181,,,17R215,,,,,,0,0,000000000,00000000000,0,0,0,1,0,0,0,0,0,0,0,998,0,0,0,3,9,2,12,0,0,0,1,34,8106,6,1,0,0,3,0,64,999,0,0,0,0,0,0,0,0,0,0,0,0,0,0,1,2,25,1,1,2,1,0,0,1,17,1,1,1,87,0,0
34,340074,2,2,2,23,2,16,29,12,6,1,0,0,0,76,739,76739,90,9999,999999999999,9,9,9,9,9,9,9,9,9,9,9,9,0,,,,,,,,,,,,,,,,,,,,,,,,,0,0,000000000,00000000000,0,0,0,1,0,0,0,0,0,0,0,998,0,0,0,12,9,2,12,0,0,0,1,34,8109,6,2,0,0,3,3,68,999,0,0,0,0,0,0,0,0,0,1,6,39,0,0,1,2,25,1,1,2,1,20,3,1,17,1,1,1,86,1,0
34,340075,1,2,3,24,2,17,7,12,2,1,0,34,3,98,981,98981,52,1999,4RKMNTFA9XR8,4,R,K,M,N,T,F,A,9,X,R,8,0,U,,,,99,17,,,,,,,,,,,,,,,,,,,0,57,074293,57074293,3,21,22,1,0,0,0,0,6,0,0,998,0,0,0,12,9,2,12,0,0,0,1,34,8205,6,1,6,1,3,3,69,999,1,0,0,0,0,8,2011,8,2011,0,0,0,0,0,1,2,50,1,1,2,2,0,0,1,62,1,1,1,51,0,0
34,340075,2,2,1,24,2,17,7,12,2,1,0,34,3,49,32,49032,4,2010,2T1BU4EE0AC4,2,T,1,B,U,4,E,E,0,A,C,4,0,P,TOYT,CBL,4D,10,17,2723,,0,1024,,G,,F,4,110,,,15R195,,,,,,0,0,000000000,00000000000,0,0,0,1,0,0,0,0,0,0,0,998,0,0,0,12,6,2,12,0,0,0,1,34,8205,6,1,0,0,3,0,64,999,2,0,0,0,0,5,2010,8,2010,0,6,28,0,0,1,2,50,1,1,2,2,0,0,1,10,1,1,2,50,1,0
34,340076,1,1,2,25,2,19,34,25,0,1,0,34,2,49,33,49033,2,1990,JT2ST87FXL00,J,T,2,S,T,8,7,F,X,L,0,0,0,P,TOYT,CGF,CP,90,17,2504,,0,994,,G,,F,4,132,,,13R185,,,,,,0,0,000000000,00000000000,0,0,0,1,0,0,0,0,0,0,0,998,0,1,3,99,6,2,1,0,0,0,1,34,7104,6,1,0,0,3,0,68,999,0,0,0,0,0,0,0,0,0,1,36,0,0,0,3,3,50,4,2,2,1,0,0,14,10,1,1,4,6,1,0
34,340077,1,1,2,26,2,2,35,9,0,1,0,34,1,12,401,12401,14,2001,1FMZU72E31ZA,1,F,M,Z,U,7,2,E,3,1,Z,A,0,P,FORD,EPR,UT,1,17,4045,,0,1116,,G,,F,6,245,,,15R235,,,,,,0,0,000000000,00000000000,0,0,0,1,0,0,0,0,0,0,0,998,0,0,0,12,9,2,9,0,0,0,1,34,7106,6,1,0,0,3,0,75,999,0,2,0,0,2,10,2009,9,2011,0,79,0,0,0,1,2,25,1,1,2,1,3,3,1,83,1,1,1,13,0,0
34,340078,1,2,6,3,3,21,0,12,2,1,0,34,1,34,402,34402,14,2006,WBXPA93426WD,W,B,X,P,A,9,3,4,2,6,W,D,0,P,BMW,BX3,UT,6,17,4023,,0,1101,,G,,F,6,183,,,17R235,,,,,,0,0,000000000,00000000000,0,0,0,1,0,0,0,0,0,0,0,998,0,0,0,12,9,3,12,0,0,0,1,34,7093,6,1,0,0,3,0,66,999,0,0,0,0,0,0,0,0,0,0,36,28,0,0,1,2,25,2,2,2,1,0,0,14,10,1,1,2,50,1,1
34,340078,2,2,5,3,3,21,0,12,2,1,0,36,2,32,43,32043,4,2010,WAUBFAFL5AN0,W,A,U,B,F,A,F,L,5,A,N,0,0,P,AUDI,4QP,4D,10,17,3704,,0,1106,,G,,T,4,121,,,17R225,,,,,,0,0,000000000,00000000000,0,0,0,1,0,0,0,0,0,0,0,998,0,0,0,12,9,3,12,0,0,0,1,36,10583,6,1,0,0,3,0,63,999,0,0,0,1,1,4,2009,7,2009,0,0,0,0,0,1,2,25,3,2,2,1,0,0,14,62,1,1,3,51,0,0
34,340079,1,1,1,24,2,10,52,8,0,1,1,34,1,2,405,2405,14,2002,1J4GL38K02W3,1,J,4,G,L,3,8,K,0,2,W,3,0,T,JEEP,RNG,4W,2,17,,1,0,1043,LIB,G,,,6,226,,,,,4172,00,E,44,0,0,000000000,00000000000,0,0,0,1,0,0,0,0,0,0,0,998,0,0,0,12,9,1,8,0,0,0,1,34,8854,6,1,0,0,3,0,72,999,0,0,0,0,0,0,0,0,0,0,36,0,0,0,1,2,15,1,1,2,1,0,0,1,82,1,1,9,13,0,0
34,340080,1,2,3,8,3,16,58,24,0,1,0,24,2,30,40,30040,4,2003,3VWSK69M43M0,3,V,W,S,K,6,9,M,4,3,M,0,0,P,VOLK,JGS,4D,3,17,2859,,0,989,,G,,F,4,121,,,15R195,,,,,,0,0,000000000,00000000000,0,0,0,1,0,0,0,0,0,0,0,999,0,1,1,9,6,2,1,0,0,0,1,24,21224,6,1,0,0,3,0,65,999,0,0,0,0,0,0,0,0,0,0,6,58,28,0,3,3,55,1,1,2,1,0,0,1,12,9,1,4,6,1,0
34,340080,2,2,2,8,3,16,58,24,0,1,0,9,2,32,401,32401,14,2011,WA1LGAFE2BD0,W,A,1,L,G,A,F,E,2,B,D,0,0,P,AUDI,AQ7,UT,11,17,5192,,0,0,,G,,Z,6,181,,,000000,,,,,,0,0,000000000,00000000000,0,0,0,1,0,0,0,0,0,0,0,998,0,0,0,3,4,3,12,0,0,0,1,9,6903,6,1,0,0,3,0,65,999,98,0,0,0,0,0,0,0,0,0,0,0,0,0,3,3,55,1,1,2,1,0,0,1,61,1,1,2,98,0,0
34,340081,1,2,1,10,3,13,11,12,2,1,0,42,1,18,3,18003,4,2002,1G4CW54K8241,1,G,4,C,W,5,4,K,8,2,4,1,0,P,BUIC,PKA,4D,2,17,3788,,0,1138,,G,,F,6,231,,,16R225,,,,,,0,0,000000000,00000000000,0,0,0,1,0,0,0,0,0,0,0,998,0,0,0,12,9,3,12,0,0,0,1,42,19124,6,1,6,0,3,0,67,999,0,0,0,0,0,0,0,0,0,0,6,48,38,0,1,4,40,2,1,2,1,0,0,11,54,1,1,2,68,0,0
34,340081,2,2,2,10,3,13,11,12,2,1,0,42,1,13,12,13012,4,2003,1LNHM86S63Y6,1,L,N,H,M,8,6,S,6,3,Y,6,0,P,LINC,LLS,4D,3,17,4156,,0,1145,,G,,F,6,182,,,16R225,,,,,,0,0,000000000,00000000000,0,0,0,1,0,0,0,0,0,0,0,998,0,0,0,12,9,3,12,0,0,0,1,42,18974,6,1,0,0,3,3,67,999,0,0,0,0,0,0,0,0,0,0,0,0,0,0,1,4,40,2,1,2,1,0,0,14,66,1,1,2,69,1,0
34,340082,1,3,1,27,2,19,20,12,6,1,0,34,1,49,32,49032,4,2001,1NXBR12E61Z4,1,N,X,B,R,1,2,E,6,1,Z,4,0,P,TOYT,UCS,4D,1,17,2410,,0,970,,G,,F,4,109,,,14R175,,,,,,0,0,000000000,00000000000,0,0,0,1,0,0,0,0,0,0,0,998,0,0,0,3,6,2,12,0,0,0,1,34,7001,6,1,0,0,3,0,62,999,0,0,0,0,0,0,0,0,0,0,38,0,0,0,1,2,45,1,2,2,1,3,3,11,15,1,1,1,68,1,0
34,340082,2,3,2,27,2,19,20,12,6,1,9,95,4,49,40,49040,4,2006,4T1BE32K36U1,4,T,1,B,E,3,2,K,3,6,U,1,0,P,TOYT,UXS,4D,6,17,3108,,0,1071,,G,,F,4,144,,,15R205,,,,,,0,0,000000000,00000000000,0,0,0,1,0,0,0,0,0,0,0,998,0,0,0,12,9,2,12,0,0,0,1,34,8863,6,2,0,0,3,3,65,999,0,0,0,0,0,0,0,0,0,0,0,0,0,0,1,2,45,1,2,2,1,3,3,1,55,1,1,1,69,0,0
34,340082,3,3,1,27,2,19,20,12,6,1,0,34,1,41,51,41051,5,2007,JM1BK34L3717,J,M,1,B,K,3,4,L,3,7,1,7,0,P,MAZD,MS3,4H,7,17,3153,,0,1039,,G,,T,4,138,,,18R215,,,,,,0,0,000000000,00000000000,0,0,0,1,0,0,0,0,0,0,0,0,0,0,0,11,2,1,12,0,0,0,1,34,7067,6,1,0,0,3,3,71,999,0,0,0,0,0,0,0,0,0,0,0,0,0,0,1,2,45,1,2,2,1,3,3,5,67,1,1,1,98,0,0
34,340083,1,1,1,11,3,23,1,33,0,1,0,34,2,55,33,55033,4,2011,5NPEB4AC0BH1,5,N,P,E,B,4,A,C,0,B,H,1,0,P,HYUN,SGL,4D,11,17,3161,,0,1100,,G,,F,4,144,,,16R205,,,,,,0,0,000000000,00000000000,0,0,0,1,0,0,0,0,0,0,0,998,0,0,0,14,6,2,42,0,0,0,1,34,8753,6,1,0,0,3,0,60,999,1,2,0,3,0,7,2010,5,2011,0,6,0,0,0,1,2,35,1,1,2,1,0,0,1,13,1,1,4,1,1,1
34,340084,1,2,1,28,2,15,32,12,2,1,0,34,1,37,31,37031,4,2002,2HGES26772H5,2,H,G,E,S,2,6,7,7,2,H,5,0,P,HOND,UAX,4D,2,17,2615,,0,1031,,G,,F,4,102,,,15R185,,,,,,0,0,000000000,00000000000,0,0,0,1,0,0,0,0,0,0,0,998,0,0,0,12,6,2,12,0,0,0,1,34,8057,6,1,0,0,3,3,65,999,0,0,0,0,1,6,2011,6,2011,0,0,0,0,0,1,2,50,4,1,2,1,0,0,14,62,7,1,1,50,1,0
34,340084,2,2,1,28,2,15,32,12,2,1,0,34,2,54,36,54036,4,1997,JH4KA9650VC0,J,H,4,K,A,9,6,5,0,V,C,0,0,P,ACUR,35R,4D,97,17,3591,,0,1146,,G,,F,6,212,,,16R215,,,,,,0,0,000000000,00000000000,0,0,0,1,0,0,0,0,0,0,0,998,0,0,0,12,6,2,12,0,0,0,1,34,8068,6,1,0,0,3,0,59,999,0,4,0,3,5,9,2009,2,2012,0,36,28,0,0,1,2,50,4,1,2,1,0,0,14,10,1,1,2,51,0,0
34,340085,1,1,1,15,3,1,51,24,0,1,0,34,1,19,480,19480,31,2005,1GYEK63N65R2,1,G,Y,E,K,6,3,N,6,5,R,2,0,P,CADI,ESC,UT,5,17,5571,,0,1160,,G,,F,8,366,,,17R265,,,,,,0,0,000000000,00000000000,0,0,0,1,0,0,0,0,0,0,0,998,0,0,0,11,6,2,24,0,0,0,1,34,7950,6,1,0,0,3,0,67,198,0,0,0,0,0,0,0,0,0,0,6,0,0,0,3,3,65,1,1,2,1,0,0,1,12,1,1,4,6,1,1
34,340086,1,1,1,26,2,3,24,14,0,1,0,34,2,20,2,20002,4,2008,2G1WT55N6892,2,G,1,W,T,5,5,N,6,8,9,2,0,P,CHEV,IMT,4D,8,17,3555,,0,1105,,G,,F,6,214,,,16R225,,,,,,0,0,000000000,00000000000,0,0,0,1,0,0,0,0,0,0,0,998,0,0,0,1,9,4,14,0,0,0,1,34,7504,1,2,0,0,2,0,68,999,3,5,0,0,2,4,2010,2,2012,1,36,0,0,0,1,2,25,1,1,2,1,0,0,1,11,1,1,4,98,0,1
34,340087,1,2,1,11,3,17,39,12,1,1,0,34,1,37,709,37709,80,2010,JH2PC4001AK3,J,H,2,P,C,4,0,0,1,A,K,3,0,M,HOND,B60,RC,10,17,,,,,,,599,,4,,4,410,,,,,,,0,0,000000000,00000000000,0,0,0,1,0,0,0,0,0,0,0,998,0,0,0,12,9,3,12,0,0,0,1,34,8080,6,1,0,0,3,0,68,165,0,4,0,1,3,4,2009,1,2012,1,6,57,0,0,1,2,25,1,1,2,1,0,0,1,51,3,2,2,24,1,0
34,340087,2,2,1,11,3,17,39,12,1,1,0,34,2,63,34,63034,4,2011,KNAGM4AD6B50,K,N,A,G,M,4,A,D,6,B,5,0,0,P,KIA,OHY,4D,11,17,3206,,0,1071,,B,,F,4,144,,,16R205,,,,,,0,0,000000000,00000000000,0,0,0,1,0,0,0,0,0,0,0,998,0,0,0,6,9,3,12,0,0,0,1,34,8014,6,1,0,0,3,0,74,999,0,0,0,0,1,6,2010,6,2010,0,0,0,0,0,1,2,25,1,1,2,1,0,0,11,53,1,1,2,26,0,0
34,340088,1,2,1,3,2,15,59,12,1,1,0,34,2,34,34,34034,4,2009,WBAPL33589A4,W,B,A,P,L,3,3,5,8,9,A,4,0,P,BMW,35X,4D,9,17,3825,,0,1087,,G,,T,6,183,,,17R225,,,,,,0,0,000000000,00000000000,0,0,0,1,0,0,0,0,0,0,0,0,0,0,0,6,9,2,12,0,0,0,1,34,7644,6,1,0,0,3,0,68,999,0,0,0,0,0,0,0,0,0,0,0,0,0,0,1,2,25,1,2,2,1,20,3,5,53,1,1,1,21,0,0
34,340088,2,2,1,3,2,15,59,12,1,1,0,34,1,20,2,20002,4,2004,2G1WF52E5494,2,G,1,W,F,5,2,E,5,4,9,4,0,P,CHEV,IMP,4D,4,17,3389,,0,1105,,G,,F,6,207,,,16R225,,,,,,0,0,000000000,00000000000,0,0,0,1,0,0,0,0,0,0,0,998,0,0,0,12,6,2,19,0,0,0,1,34,7604,6,1,0,0,3,0,73,999,0,0,0,0,0,0,0,0,0,1,6,0,0,0,1,2,25,1,2,2,1,20,3,1,50,1,1,1,20,1,1
34,340089,1,2,1,13,2,6,41,12,2,1,0,34,1,49,47,49047,6,2009,2T1KU40E59C1,2,T,1,K,U,4,0,E,5,9,C,1,0,P,TOYT,CTX,4H,9,17,2865,,0,1024,,G,,F,4,110,,,16R205,,,,,,0,0,000000000,00000000000,0,0,0,1,0,0,0,0,0,0,0,998,0,0,0,12,9,2,12,0,0,0,1,34,7456,6,1,0,0,3,0,72,999,0,2,0,0,0,1,2011,3,2011,0,28,0,0,0,1,2,40,4,2,2,1,0,0,14,10,1,1,2,50,1,0
34,340089,2,2,1,13,2,6,41,12,2,1,0,34,1,7,472,7472,30,2006,1D7HW22K36S6,1,D,7,H,W,2,2,K,3,6,S,6,0,T,DODG,KST,PC,6,17,,2,0,1309,DAK,G,,,6,225,,,,B,4329,00,E,44,0,0,000000000,00000000000,0,0,0,1,0,0,0,0,0,0,0,998,0,0,0,12,9,2,12,0,0,0,1,34,7456,6,1,0,0,3,0,73,999,0,0,0,0,0,0,0,0,0,0,0,0,0,0,1,2,40,4,2,2,1,0,0,14,62,1,1,1,51,0,0
34,340090,1,1,3,11,1,17,24,8,0,1,0,34,2,3,421,3421,15,2003,5GRGN23U83H1,5,G,R,G,N,2,3,U,8,3,H,1,0,T,HUMM,HH2,4W,3,17,,2,0,1228,HUM,G,,,8,364,,,,C,6400,00,U,44,0,0,000000000,00000000000,0,0,0,1,0,0,0,0,0,0,0,998,0,0,0,11,2,3,8,0,0,0,1,34,8638,6,1,0,0,3,3,71,999,0,0,0,0,1,4,2010,4,2010,0,0,0,0,0,1,4,35,1,1,2,1,3,3,1,80,1,1,1,13,0,0