STATE,ST_CASE,VEH_NO,VE_FORMS,NUMOCCS,DAY,MONTH,HOUR,MINUTE,HARM_EV,MAN_COLL,UNITTYPE,HIT_RUN,REG_STAT,OWNER,MAKE,MODEL,MAK_MOD,BODY_TYP,MOD_YEAR,VIN,VIN_1,VIN_2,VIN_3,VIN_4,VIN_5,VIN_6,VIN_7,VIN_8,VIN_9,VIN_10,VIN_11,VIN_12,TOW_VEH,VINTYPE,VINMAKE,VINA_MOD,VIN_BT,VINMODYR,VIN_LNGT,VIN_WGT,WGTCD_TR,WHLBS_LG,WHLBS_SH,SER_TR,FUELCODE,MCYCL_DS,CARBUR,CYLINDER,DISPLACE,MCYCL_CY,MCYCL_WT,TIRE_SZE,TON_RAT,TRK_WT,TRKWTVAR,VIN_REST,WHLDRWHL,J_KNIFE,MCARR_I1,MCARR_I2,MCARR_ID,GVWR,V_CONFIG,CARGO_BT,HAZ_INV,HAZ_PLAC,HAZ_ID,HAZ_CNO,HAZ_REL,BUS_USE,SPEC_USE,EMER_USE,TRAV_SP,UNDERIDE,ROLLOVER,ROLINLOC,IMPACT1,DEFORMED,TOWED,M_HARM,VEH_SC1,VEH_SC2,FIRE_EXP,DR_PRES,L_STATE,DR_ZIP,L_STATUS,L_TYPE,CDL_STAT,L_ENDORS,L_COMPL,L_RESTRI,DR_HGT,DR_WGT,PREV_ACC,PREV_SUS,PREV_DWI,PREV_SPD,PREV_OTH,FIRST_MO,FIRST_YR,LAST_MO,LAST_YR,SPEEDREL,DR_SF1,DR_SF2,DR_SF3,DR_SF4,VTRAFWAY,VNUM_LAN,VSPD_LIM,VALIGN,VPROFILE,VPAVETYP,VSURCOND,VTRAFCON,VTCONT_F,P_CRASH1,P_CRASH2,P_CRASH3,PCRASH4,PCRASH5,ACC_TYPE,DEATHS,DR_DRINK
34,340091,1,1,1,27,2,9,11,8,0,1,0,34,3,35,51,35051,6,2010,JN8AS5MV0AW1,J,N,8,A,S,5,M,V,0,A,W,1,0,P,NISS,ROG,UT,10,17,3435,,0,1059,,G,,F,4,153,,,16R215,,,,,,0,0,000000000,00000000000,0,0,0,1,0,0,0,0,0,0,0,998,0,0,0,6,9,4,8,0,0,0,1,34,7024,6,1,0,0,3,0,67,999,0,0,0,0,0,0,0,0,0,0,31,38,0,0,1,2,25,1,1,2,1,0,0,13,80,1,1,1,92,0,0
34,340092,1,1,1,22,1,3,8,8,0,1,1,34,2,49,401,49401,14,2003,JTEBT17R6300,J,T,E,B,T,1,7,R,6,3,0,0,0,P,TOYT,RUN,UT,3,17,4290,,0,1098,,G,,F,8,285,,,17R265,,,,,,0,0,000000000,00000000000,0,0,0,1,0,0,0,0,0,0,0,998,0,0,0,14,2,1,8,0,0,0,1,34,7307,6,2,0,0,3,2,64,999,0,0,0,1,1,2,2011,12,2011,0,73,0,0,0,3,3,45,1,1,2,10,0,0,1,80,1,1,1,13,0,0
34,340093,1,1,2,14,2,14,24,38,0,1,0,34,2,37,31,37031,2,1997,1HGEJ8141VL1,1,H,G,E,J,8,1,4,1,V,L,1,0,P,HOND,UAX,CP,97,17,2460,,0,1032,,G,,F,4,097,,,14R185,,,,,,0,0,000000000,00000000000,0,0,0,1,0,0,0,0,0,0,0,998,0,0,0,3,6,2,38,0,0,0,1,34,8043,6,2,0,0,3,2,72,999,0,0,0,2,2,8,2011,12,2011,0,6,28,73,0,1,2,50,3,5,2,1,0,0,14,9,99,4,5,7,1,0
34,340094,1,2,1,16,3,7,6,12,2,1,0,34,1,35,39,35039,4,2010,1N4AA5AP3AC8,1,N,4,A,A,5,A,P,3,A,C,8,0,P,NISS,MSV,4D,10,17,3556,,0,1093,,G,,F,6,214,,,18R245,,,,,,0,0,000000000,00000000000,0,0,0,1,0,0,0,0,0,0,0,999,0,0,0,12,6,2,12,0,0,0,1,34,8020,6,1,0,0,3,0,65,140,1,0,0,0,1,12,2009,12,2009,0,38,0,0,0,1,2,45,1,1,2,2,0,0,11,54,1,1,2,68,0,0
34,340094,2,2,1,16,3,7,6,12,2,1,0,34,1,98,709,98709,80,2010,999999999999,9,9,9,9,9,9,9,9,9,9,9,9,0,,,,,,,,,,,,,,,,,,,,,,,,,0,0,000000000,00000000000,0,0,0,1,0,0,0,0,0,0,0,998,0,0,0,12,6,2,12,0,0,0,1,34,8097,6,1,0,0,3,0,66,999,0,0,0,1,0,7,2010,7,2010,0,0,0,0,0,1,2,45,1,1,2,2,0,0,1,62,1,1,2,69,1,0
34,340095,1,2,3,15,2,13,18,12,6,1,0,34,2,7,422,7422,15,2011,1D4SD6GT5BC6,1,D,4,S,D,6,G,T,5,B,C,6,0,P,DODG,DUR,UT,11,17,5133,,0,1198,,G,,F,8,348,,,20R265,,,,,,0,0,000000000,00000000000,0,0,0,1,0,0,0,0,0,0,0,998,0,0,0,12,6,2,12,0,0,0,1,32,89436,6,1,0,0,3,0,72,175,1,0,0,0,0,2,2010,2,2010,1,36,0,0,0,1,2,40,1,1,2,1,0,0,1,17,1,1,1,69,0,0
34,340095,2,2,2,15,2,13,18,12,6,1,0,34,1,20,37,20037,4,2003,1G1ND52J63M6,1,G,1,N,D,5,2,J,6,3,M,6,0,P,CHEV,MAL,4D,3,17,3106,,0,1070,,G,,F,6,191,,,15R215,,,,,,0,0,000000000,00000000000,0,0,0,1,0,0,0,0,0,0,0,998,0,0,0,9,6,2,12,0,0,0,1,34,8360,6,1,0,0,3,0,68,999,0,0,0,0,0,0,0,0,0,0,0,0,0,0,1,2,40,1,1,2,1,20,3,11,55,1,1,1,68,2,0
34,340096,1,1,1,16,3,20,17,1,0,1,0,34,1,72,706,72706,80,1994,1HD1BNL17RY0,1,H,D,1,B,N,L,1,7,R,Y,0,0,M,HD,FLN,RS,94,17,,,,,,,1340,,2,,4,710,,,,,,,0,0,000000000,00000000000,0,0,0,1,0,0,0,0,0,0,0,998,0,0,0,0,9,3,1,0,0,0,1,34,7506,6,1,0,0,3,0,69,999,0,2,1,0,1,5,2009,8,2011,0,57,0,0,0,1,2,40,2,1,2,1,0,0,14,18,3,2,1,98,1,1
34,340097,1,2,2,18,3,1,9,12,6,1,0,34,1,20,482,20482,31,2003,3GNEK13T73G2,3,G,N,E,K,1,3,T,7,3,G,2,0,T,CHEV,KAV,CW,3,17,,2,0,1300,AVL,G,,,8,325,,,,B,5652,00,,44,0,0,000000000,00000000000,0,0,0,1,0,0,0,0,0,0,0,998,0,0,0,8,4,3,12,0,0,0,1,34,7106,6,1,6,0,3,0,71,999,1,0,0,0,1,8,2010,10,2010,0,0,0,0,0,3,3,50,2,2,2,1,0,0,2,62,9,1,4,65,0,0
34,340097,2,2,1,18,3,1,9,12,6,1,0,36,1,76,706,76706,80,2007,JYARJ12EX7A0,J,Y,A,R,J,1,2,E,X,7,A,0,0,M,YAMA,R6L,RC,7,17,,,,,,,599,,4,,4,357,,,,,,,0,0,000000000,00000000000,0,0,0,1,0,0,0,0,0,0,0,998,0,0,0,12,6,2,12,0,0,0,1,36,11434,6,1,0,0,3,0,74,999,0,0,0,1,0,9,2009,9,2009,1,36,27,57,0,3,3,50,2,2,2,1,0,0,15,6,3,2,4,64,1,1
34,340098,1,4,1,25,4,17,39,12,1,1,0,34,1,41,441,41441,20,2001,JM3LW28YX101,J,M,3,L,W,2,8,Y,X,1,0,1,0,P,MAZD,MWG,SV,1,17,3657,,0,1118,,G,,F,6,152,,,15R205,,,,,,0,0,000000000,00000000000,0,0,0,1,0,0,0,0,0,0,0,998,0,0,0,12,9,2,12,0,0,0,1,34,7028,6,1,0,0,3,0,68,999,0,1,0,0,1,11,2009,4,2012,0,6,0,0,0,1,2,45,1,3,2,1,0,0,1,51,1,1,1,24,0,0
34,340098,2,4,1,25,4,17,39,12,1,1,0,34,2,34,34,34034,4,1997,WBACG7326VAS,W,B,A,C,G,7,3,2,6,V,A,S,0,P,BMW,3TI,2H,97,17,2745,,0,1063,,G,,F,4,116,,,15R185,,,,,,0,0,000000000,00000000000,0,0,0,1,0,0,0,0,0,0,0,998,0,0,0,6,6,2,12,0,0,0,1,34,7031,6,1,0,0,3,3,64,999,0,0,0,0,0,0,0,0,0,0,0,0,0,0,1,2,45,1,3,2,1,0,0,1,53,1,1,1,26,1,0
34,340098,3,4,2,25,4,17,39,12,1,1,0,34,1,12,461,12461,21,2000,1FTNE2429YHB,1,F,T,N,E,2,4,2,9,Y,H,B,0,T,FORD,25V,CG,0,17,,2,0,1380,VAN,G,,,6,256,,,,C,5012,02,M,42,0,0,000000000,00000000000,0,0,0,1,0,0,0,0,0,0,0,998,0,0,0,10,6,2,12,0,0,0,1,34,7031,6,1,0,0,3,0,71,999,0,0,0,0,1,4,2011,4,2011,0,0,0,0,0,1,2,45,1,3,2,1,0,0,1,62,1,1,1,98,0,0
34,340098,4,4,1,25,4,17,39,12,1,1,0,34,3,12,401,12401,14,2008,1FMEU74E28UB,1,F,M,E,U,7,4,E,2,8,U,B,0,P,FORD,EPR,UT,8,17,4606,,0,1137,,G,,F,6,244,,,17R245,,,,,,0,0,000000000,00000000000,0,0,0,1,0,0,0,0,0,0,0,998,0,0,0,12,6,2,12,0,0,0,1,34,7663,6,1,0,0,3,0,70,999,0,0,0,0,0,0,0,0,0,0,0,0,0,0,1,2,45,1,3,2,1,0,0,1,62,1,1,1,98,0,0
34,340099,1,1,1,2,4,4,56,1,0,1,0,34,2,23,401,23401,14,1998,1GKDT13WXW25,1,G,K,D,T,1,3,W,X,W,2,5,0,T,GMC,JMY,4W,98,17,,1,0,1070,JMY,G,,,6,262,,,,B,3999,00,E,44,0,0,000000000,00000000000,0,0,0,1,0,0,0,0,0,0,0,998,0,2,6,0,6,2,1,0,0,0,1,34,8205,6,1,0,0,3,0,70,999,0,0,0,0,4,5,2009,11,2011,0,6,0,0,0,3,2,45,4,1,2,2,28,3,14,8,7,3,5,2,1,0
34,340100,1,1,1,8,4,16,47,30,0,1,0,34,2,6,51,6051,4,2005,2C3AA53G55H5,2,C,3,A,A,5,3,G,5,5,H,5,0,P,CHRY,3TR,4D,5,17,3675,,0,1200,,G,,F,6,214,,,17R215,,,,,,0,0,000000000,00000000000,0,0,0,1,0,0,0,0,0,0,0,998,0,1,6,11,6,2,1,0,0,0,1,34,8611,6,1,0,0,3,0,70,999,1,0,0,1,3,5,2010,4,2011,1,6,28,0,0,1,4,55,1,1,2,1,0,0,1,12,1,1,5,6,1,0
34,340101,1,1,2,9,3,1,15,33,0,1,0,34,1,37,31,37031,4,1997,2HGEJ6670VH5,2,H,G,E,J,6,6,7,0,V,H,5,0,P,HOND,UCL,4D,97,17,2426,,0,1032,,G,,F,4,097,,,14R185,,,,,,0,0,000000000,00000000000,0,0,0,1,0,0,0,0,0,0,0,998,0,1,6,14,6,2,1,0,0,0,1,34,8232,6,1,0,0,3,0,68,999,0,0,0,1,2,10,2009,10,2011,1,6,28,0,0,3,2,45,2,2,2,1,0,0,14,6,3,2,4,7,1,0
34,340102,1,1,1,11,4,5,34,33,0,1,0,34,1,58,37,58037,1,2011,JN1CV6FE6BM9,J,N,1,C,V,6,F,E,6,B,M,9,0,P,INFI,GBS,CV,11,17,4095,,0,1122,,G,,F,6,226,,,17R225,,,,,,0,0,000000000,00000000000,0,0,0,1,0,0,0,0,0,0,0,998,0,0,0,12,6,2,39,0,0,0,1,34,8505,6,1,0,0,3,0,73,999,0,0,0,0,1,4,2010,4,2010,1,6,28,0,0,1,2,30,1,1,2,1,98,3,99,19,1,1,9,1,1,0
34,340103,1,1,1,5,4,14,51,33,0,1,0,34,1,12,37,12037,4,2003,1FAFP34P13W2,1,F,A,F,P,3,4,P,1,3,W,2,0,P,FORD,FCS,4D,3,17,2564,,0,1030,,G,,F,4,122,,,15R195,,,,,,0,0,000000000,00000000000,0,0,0,1,0,0,0,0,0,0,0,998,0,0,0,14,6,2,42,0,0,0,1,34,7026,6,1,0,0,3,3,64,999,0,0,0,0,0,0,0,0,0,0,0,0,0,0,1,2,25,1,1,2,1,0,0,1,13,1,1,5,1,1,0
34,340104,1,1,1,26,4,23,9,8,0,1,1,34,1,12,881,12881,61,1995,1FDLF47F3SEA,1,F,D,L,F,4,7,F,3,S,E,A,0,T,FORD,FSD,CB,95,17,,4,1848,1368,COF,D,,,8,444,,,,E,5532,00,A,42,0,88,888888888,88888888888,2,1,4,1,0,0,0,0,0,0,0,998,0,0,0,2,9,1,8,0,0,0,1,34,8609,6,1,0,0,2,3,66,999,3,0,0,1,2,7,2010,12,2011,0,6,36,0,0,1,2,25,1,5,2,1,0,0,1,80,1,1,1,13,0,0
34,340105,1,2,1,7,4,6,5,12,7,1,0,34,1,37,31,37031,4,2007,2HGFG12627H5,2,H,G,F,G,1,2,6,2,7,H,5,0,P,HOND,UCL,CP,7,17,2718,,0,1043,,G,,F,4,110,,,16R205,,,,,,0,0,000000000,00000000000,0,0,0,1,0,0,0,0,0,0,0,998,0,0,0,9,6,2,25,0,0,0,1,34,7503,6,1,0,0,3,0,62,999,0,0,0,0,0,0,0,0,0,0,6,0,0,0,3,4,55,3,5,2,1,0,0,14,10,1,1,2,45,1,0
34,340105,2,2,2,7,4,6,5,12,7,1,0,34,2,35,39,35039,4,2008,1N4BA41E68C8,1,N,4,B,A,4,1,E,6,8,C,8,0,P,NISS,MEL,4D,8,17,3462,,0,1112,,G,,F,6,214,,,18R245,,,,,,0,0,000000000,00000000000,0,0,0,1,0,0,0,0,0,0,0,998,0,0,0,3,4,1,12,0,0,0,1,36,11747,6,1,0,0,3,3,71,999,0,0,0,0,0,0,0,0,0,0,0,0,0,0,3,4,55,3,5,2,1,0,0,14,60,1,1,1,44,0,0
34,340106,1,2,1,8,3,19,21,12,1,1,0,12,1,14,17,14017,4,2003,1MEFM55S23G6,1,M,E,F,M,5,5,S,2,3,G,6,0,P,MERC,SLP,4D,3,17,3369,,0,1085,,G,,F,6,182,,,16R215,,,,,,0,0,000000000,00000000000,0,0,0,1,0,0,0,0,0,0,0,998,0,1,6,12,6,2,42,0,0,0,1,34,8831,6,1,0,0,3,3,66,999,0,0,0,0,0,0,0,0,0,0,36,6,0,0,3,2,55,1,1,2,1,0,0,1,51,1,1,1,24,1,1
34,340106,2,2,1,8,3,19,21,12,1,1,0,34,1,6,43,6043,1,2002,1C3EL45X72N1,1,C,3,E,L,4,5,X,7,2,N,1,0,P,CHRY,SLX,CV,2,17,3309,,0,1060,,G,,F,4,148,,,15R205,,,,,,0,0,000000000,00000000000,0,0,0,1,0,0,0,0,0,0,0,998,0,0,0,6,9,2,12,0,0,0,1,34,8618,6,1,0,0,3,0,60,999,1,0,0,0,2,1,2012,2,2012,0,0,0,0,0,3,2,55,1,1,2,1,0,0,1,53,1,1,1,27,0,0
34,340107,1,1,1,4,4,5,26,33,0,1,0,34,1,20,471,20471,30,1987,1GCGV24K9HF3,1,G,C,G,V,2,4,K,9,H,F,3,0,T,CHEV,V20,PK,87,17,,2,0,1315,V20,G,,,8,350,,,,C,4286,06,,44,0,0,000000000,00000000000,0,0,0,1,0,0,0,0,0,0,0,998,0,0,0,12,6,2,30,0,0,0,1,34,8004,6,1,0,0,3,3,73,999,0,0,0,0,0,0,0,0,0,0,0,0,0,0,1,2,55,1,1,2,1,0,0,1,13,1,1,5,1,1,0
34,340108,1,1,2,12,4,18,40,42,0,1,0,34,1,6,441,6441,20,2005,2C8GP54L15R2,2,C,8,G,P,5,4,L,1,5,R,2,0,T,CHRY,TOU,ES,5,17,,1,0,1193,TWC,G,,,6,230,,,,,4256,00,,42,0,0,000000000,00000000000,0,0,0,1,0,0,0,0,0,0,0,998,0,1,6,12,6,2,1,0,0,0,1,34,7083,6,1,0,0,3,0,73,999,0,0,0,0,0,0,0,0,0,0,28,0,0,0,3,2,50,1,1,2,1,0,0,1,12,1,1,4,6,1,0
34,340109,1,1,1,17,4,18,43,14,0,1,0,34,2,53,705,53705,80,2002,JS1GN7BA8221,J,S,1,G,N,7,B,A,8,2,2,1,0,M,SUZI,G60,RC,2,17,,,,,,,599,,4,,4,359,,,,,,,0,0,000000000,00000000000,0,0,0,1,0,0,0,0,0,0,0,998,0,0,0,12,6,2,14,0,0,0,1,34,7114,1,1,0,0,2,0,73,999,0,2,0,0,0,5,2011,10,2011,0,6,0,0,0,1,2,25,1,1,2,1,0,0,1,11,1,1,4,1,1,1
34,340110,1,2,1,25,4,7,27,12,6,1,0,42,3,87,881,87881,66,2002,1XP5DB9X62D5,1,X,P,5,D,B,9,X,6,2,D,5,1,T,PTRB,379,TR,2,17,,8,0,0,CON,D,,,6,893,,,,,00000,00,,64,1,57,390568,57390568,3,6,1,1,0,0,0,0,0,0,0,998,0,0,0,12,9,2,12,0,0,0,1,42,17527,6,1,6,1,3,0,71,999,2,1,0,2,4,4,2009,9,2010,0,39,0,0,0,2,2,55,1,1,2,1,3,3,1,17,1,1,1,88,0,0
34,340110,2,2,3,25,4,7,27,12,6,1,0,34,2,23,421,23421,15,2001,3GKFK16T51G2,3,G,K,F,K,1,6,T,5,1,G,2,0,T,GMC,KX1,4W,1,17,,2,0,1300,YUK,G,,,8,325,,,,B,5219,00,E,44,0,0,000000000,00000000000,0,0,0,1,0,0,0,0,0,0,0,998,0,1,3,9,6,2,12,0,0,0,1,34,7726,6,1,0,0,3,0,69,999,0,0,0,0,0,0,0,0,0,0,0,0,0,0,2,2,55,1,1,2,1,3,3,1,55,1,1,1,89,1,0
34,340111,1,2,1,17,4,21,25,8,0,1,0,34,1,12,23,12023,4,2010,3FAHP0HA4AR1,3,F,A,H,P,0,H,A,4,A,R,1,0,P,FORD,F/E,4D,10,17,3285,,0,1074,,G,,F,4,152,,,16R205,,,,,,0,0,000000000,00000000000,0,0,0,1,0,0,0,0,0,0,0,998,0,0,0,12,6,2,8,0,0,0,1,34,8043,6,1,6,0,3,3,71,999,0,0,0,0,0,0,0,0,0,0,0,0,0,0,3,2,50,1,5,2,1,0,0,1,80,1,1,1,13,0,0
34,340111,2,2,2,17,4,21,25,8,0,1,0,34,1,37,31,37031,4,1998,2HGEJ6522WH5,2,H,G,E,J,6,5,2,2,W,H,5,0,P,HOND,UCD,4D,98,17,2256,,0,1032,,G,,F,4,097,,,14R185,,,,,,0,0,000000000,00000000000,0,0,0,1,0,0,0,0,0,0,0,998,0,0,0,12,9,2,12,0,0,0,1,34,8054,6,1,0,0,3,0,65,999,0,0,0,1,2,11,2010,7,2011,0,0,0,0,0,3,2,50,1,5,2,1,0,0,1,60,1,1,1,98,0,0
34,340112,1,1,1,19,3,22,55,8,0,1,0,34,2,12,471,12471,30,2006,1FTZR15E06PA,1,F,T,Z,R,1,5,E,0,6,P,A,0,T,FORD,RNS,PC,6,17,,1,0,1260,RNG,G,,,6,244,,,,B,3697,00,U,44,0,0,000000000,00000000000,0,0,0,1,0,0,0,0,0,0,0,998,0,0,0,12,6,2,8,0,0,0,1,34,8723,6,1,0,0,3,3,67,999,0,0,0,0,0,0,0,0,0,0,0,0,0,0,1,2,50,1,1,2,1,0,0,1,80,1,1,3,13,0,0
34,340113,1,1,1,16,3,6,43,8,0,1,0,34,2,55,36,55036,4,2012,KMHCU4AEXCU0,K,M,H,C,U,4,A,E,X,C,U,0,0,P,HYUN,ALE,4D,12,17,2396,,0,0,,G,,F,4,098,,,000000,,,,,,0,0,000000000,00000000000,0,0,0,1,0,0,0,0,0,0,0,998,0,0,0,12,9,3,8,0,0,0,1,34,8650,1,1,0,0,2,0,63,999,2,1,0,0,1,11,2009,10,2011,0,6,38,0,0,1,2,30,1,1,2,2,0,0,1,80,1,1,1,13,0,0
34,340115,1,1,1,23,3,18,16,8,0,1,0,34,3,12,481,12481,31,2010,1FTMF1CW9AKC,1,F,T,M,F,1,C,W,9,A,K,C,0,T,FORD,F15,PK,10,17,,2,1450,1260,COF,G,,,8,281,,,,B,4823,00,L,42,0,0,000000000,00000000000,0,0,0,1,0,0,0,0,0,0,0,998,0,0,0,12,2,3,8,0,0,0,1,34,8068,6,1,0,0,3,0,72,999,0,0,0,1,2,5,2009,11,2010,0,6,0,0,0,1,2,25,2,1,2,1,0,0,14,81,1,1,1,13,0,0
34,340116,1,1,2,16,3,2,5,33,0,1,0,34,2,58,37,58037,2,2011,JN1CV6EK0BM2,J,N,1,C,V,6,E,K,0,B,M,2,0,P,INFI,GBS,CP,11,17,3627,,0,1122,,G,,F,6,226,,,18R225,,,,,,0,0,000000000,00000000000,0,0,0,1,0,0,0,0,0,0,0,998,0,0,0,14,6,2,42,0,0,0,1,34,8822,6,1,0,0,3,0,78,220,0,0,0,0,1,2,2012,2,2012,1,36,0,0,0,1,2,35,3,1,2,2,0,0,14,6,1,2,4,2,1,1
34,340117,1,2,1,12,4,13,11,12,6,1,0,34,1,37,39,37039,5,2010,JHMGE8H46AS0,J,H,M,G,E,8,H,4,6,A,S,0,0,P,HOND,FIS,4H,10,17,2520,,0,984,,G,,F,4,091,,,16R205,,,,,,0,0,000000000,00000000000,0,0,0,1,0,0,0,0,0,0,0,998,0,0,0,12,6,2,12,0,0,0,1,34,8520,6,1,0,0,3,3,60,999,1,0,0,0,0,5,2010,5,2010,0,39,6,0,0,1,2,25,1,1,2,1,3,3,1,17,1,1,1,86,1,0
34,340117,2,2,1,12,4,13,11,12,6,1,0,34,3,84,881,84881,63,2007,1HTMPAFL27H4,1,H,T,M,P,A,F,L,2,7,H,4,0,T,INTL,420,CC,7,17,,6,0,0,40S,D,,,8,365,,,,,00000,00,,42,0,5,71310845,0571310845,3,1,1,1,0,0,0,0,0,0,0,998,0,0,0,3,6,2,12,0,0,0,1,34,7081,6,1,6,1,3,0,69,999,1,0,0,0,1,12,2009,9,2011,0,0,0,0,0,2,2,55,1,1,2,1,3,3,1,55,1,1,1,87,0,0
34,340118,1,1,2,24,3,20,57,9,0,1,0,34,2,18,401,18401,14,2003,3G5DA03E63S5,3,G,5,D,A,0,3,E,6,3,S,5,0,P,BUIC,RZV,UT,3,17,4024,,0,1122,,G,,F,6,204,,,16R215,,,,,,0,0,000000000,00000000000,0,0,0,1,0,0,0,0,0,0,0,998,0,0,0,12,6,2,9,0,0,0,1,34,8360,1,1,0,0,2,0,84,999,1,3,0,0,5,5,2009,12,2011,0,36,0,0,0,1,2,45,1,1,2,1,0,0,1,80,1,1,1,13,0,1
34,340119,1,2,1,14,3,15,42,12,6,1,0,34,2,51,47,51047,4,2003,YV1RS61T7322,Y,V,1,R,S,6,1,T,7,3,2,2,0,P,VOLV,S60,4D,3,17,3276,,0,1069,,G,,F,5,149,,,16R195,,,,,,0,0,000000000,00000000000,0,0,0,1,0,0,0,0,0,0,0,998,0,0,0,11,6,2,12,0,0,0,1,34,7720,6,1,0,0,3,0,60,999,0,0,0,0,1,8,2010,8,2010,0,6,0,0,0,1,2,25,1,1,2,1,0,0,11,54,1,1,2,68,1,0
34,340119,2,2,1,14,3,15,42,12,6,1,0,34,1,62,401,62401,14,2004,SALTW19454A8,S,A,L,T,W,1,9,4,5,4,A,8,0,T,LNDR,DSE,4W,4,17,,2,0,1000,DIS,G,,,8,278,,,,,4630,00,E,44,0,0,000000000,00000000000,0,0,0,1,0,0,0,0,0,0,0,998,0,0,0,11,6,2,12,0,0,0,1,34,7719,6,1,0,0,3,0,65,999,0,0,0,0,0,0,0,0,0,0,0,0,0,0,1,2,25,1,1,2,1,0,0,1,62,1,1,1,69,0,0
34,340120,1,1,1,15,4,13,25,33,0,1,0,34,1,73,705,73705,80,1994,JKAZXDL16RA0,J,K,A,Z,X,D,L,1,6,R,A,0,0,M,KAWK,Z7L,RC,94,17,,,,,,,750,,4,,4,430,,,,,,,0,0,000000000,00000000000,0,0,0,1,0,0,0,0,0,0,0,998,0,0,0,12,6,2,19,0,0,0,1,34,7012,6,1,0,0,3,0,68,999,0,0,0,0,0,0,0,0,0,1,28,6,0,0,1,2,25,4,1,2,1,0,0,6,12,1,1,5,6,1,0
34,340121,1,1,3,31,3,3,41,30,0,1,0,34,2,49,40,49040,4,1999,4T1BG22K3XU5,4,T,1,B,G,2,2,K,3,X,U,5,0,P,TOYT,UEX,4D,99,17,2998,,0,1051,,G,,F,4,132,,,14R195,,,,,,0,0,000000000,00000000000,0,0,0,1,0,0,0,0,0,0,0,998,0,1,6,12,6,2,1,0,0,0,1,34,8536,6,1,0,0,3,0,69,999,0,0,0,0,0,0,0,0,0,0,6,0,0,0,1,2,50,3,1,2,2,0,0,14,13,1,1,4,1,1,1
34,340122,1,1,1,13,3,21,59,8,0,1,0,34,1,49,40,49040,4,2007,4T1BE46K87U0,4,T,1,B,E,4,6,K,8,7,U,0,0,P,TOYT,CMB,4D,7,17,3108,,0,1093,,G,,F,4,146,,,15R205,,,,,,0,0,000000000,00000000000,0,0,0,1,0,0,0,0,0,0,0,998,0,0,0,12,2,3,8,0,0,0,1,34,7040,6,1,0,0,3,1,69,999,0,0,0,0,0,0,0,0,0,0,6,0,0,0,1,2,25,1,1,2,1,0,0,1,80,1,1,1,13,0,0
34,340123,1,1,2,26,4,20,54,8,0,1,0,34,2,37,31,37031,4,2000,1HGEJ6678YL0,1,H,G,E,J,6,6,7,8,Y,L,0,0,P,HOND,UCL,4D,0,17,2456,,0,1032,,G,,F,4,097,,,14R185,,,,,,0,0,000000000,00000000000,0,0,0,1,0,0,0,0,0,0,0,998,0,0,0,2,6,2,8,0,0,0,1,34,7060,6,1,0,0,3,0,66,999,0,0,0,0,3,7,2009,6,2011,0,0,0,0,0,3,2,50,1,1,2,2,3,3,1,80,6,1,1,13,0,0
34,340124,1,4,1,16,3,1,34,12,1,1,0,34,2,37,421,37421,15,2003,2HKYF18473H6,2,H,K,Y,F,1,8,4,7,3,H,6,0,P,HOND,PIL,UT,3,17,4439,,0,1063,,G,,F,6,212,,,16R235,,,,,,0,0,000000000,00000000000,0,0,0,1,0,0,0,0,0,0,0,998,0,0,0,6,6,2,12,0,0,0,1,34,7304,6,1,0,0,3,0,71,999,0,0,0,1,1,11,2009,3,2010,0,27,6,0,0,3,5,55,1,1,2,2,0,0,15,11,1,1,2,27,0,1
34,340124,2,4,3,16,3,1,34,12,1,1,0,34,2,49,45,49045,2,2000,JTDAT1230Y00,J,T,D,A,T,1,2,3,0,Y,0,0,0,P,TOYT,ECH,2D,0,17,2020,,0,934,,G,,F,4,091,,,14R175,,,,,,0,0,000000000,00000000000,0,0,0,1,0,0,0,0,0,0,0,998,0,0,0,12,6,2,12,0,0,0,1,34,8879,6,1,0,0,3,0,69,165,0,0,0,0,1,5,2009,5,2009,0,0,0,0,0,3,5,55,1,1,2,2,0,0,1,60,7,1,2,24,1,0
34,340124,3,4,1,16,3,1,34,12,1,1,0,34,1,42,50,42050,6,2012,4JGCB2FEXCA1,4,J,G,C,B,2,F,E,X,C,A,1,0,P,MERZ,R35,UT,12,17,5225,,0,1266,,D,,T,6,183,,,19R255,,,,,,0,0,000000000,00000000000,0,0,0,1,0,0,0,0,0,0,0,998,0,0,0,11,4,1,12,0,0,0,1,34,7735,6,1,0,0,3,0,69,999,0,0,0,0,3,4,2010,3,2011,0,0,0,0,0,3,5,55,1,1,2,2,0,0,1,60,7,1,2,98,0,0
34,340124,4,4,2,16,3,1,34,12,1,1,0,42,3,35,481,35481,31,2007,1N6BA07BX7N2,1,N,6,B,A,0,7,B,X,7,N,2,0,T,NISS,TXS,CW,7,17,,2,0,1398,TTN,F,,,8,342,,,,,4993,00,E,44,0,0,000000000,00000000000,0,0,0,1,0,0,0,0,0,0,0,998,0,0,0,12,6,2,12,0,0,0,1,42,17319,6,1,0,0,3,0,73,999,0,0,0,0,0,0,0,0,0,0,0,0,0,0,3,5,55,1,1,2,2,0,0,1,60,1,1,2,98,0,0