STATE,ST_CASE,VEH_NO,VE_FORMS,NUMOCCS,DAY,MONTH,HOUR,MINUTE,HARM_EV,MAN_COLL,UNITTYPE,HIT_RUN,REG_STAT,OWNER,MAKE,MODEL,MAK_MOD,BODY_TYP,MOD_YEAR,VIN,VIN_1,VIN_2,VIN_3,VIN_4,VIN_5,VIN_6,VIN_7,VIN_8,VIN_9,VIN_10,VIN_11,VIN_12,TOW_VEH,VINTYPE,VINMAKE,VINA_MOD,VIN_BT,VINMODYR,VIN_LNGT,VIN_WGT,WGTCD_TR,WHLBS_LG,WHLBS_SH,SER_TR,FUELCODE,MCYCL_DS,CARBUR,CYLINDER,DISPLACE,MCYCL_CY,MCYCL_WT,TIRE_SZE,TON_RAT,TRK_WT,TRKWTVAR,VIN_REST,WHLDRWHL,J_KNIFE,MCARR_I1,MCARR_I2,MCARR_ID,GVWR,V_CONFIG,CARGO_BT,HAZ_INV,HAZ_PLAC,HAZ_ID,HAZ_CNO,HAZ_REL,BUS_USE,SPEC_USE,EMER_USE,TRAV_SP,UNDERIDE,ROLLOVER,ROLINLOC,IMPACT1,DEFORMED,TOWED,M_HARM,VEH_SC1,VEH_SC2,FIRE_EXP,DR_PRES,L_STATE,DR_ZIP,L_STATUS,L_TYPE,CDL_STAT,L_ENDORS,L_COMPL,L_RESTRI,DR_HGT,DR_WGT,PREV_ACC,PREV_SUS,PREV_DWI,PREV_SPD,PREV_OTH,FIRST_MO,FIRST_YR,LAST_MO,LAST_YR,SPEEDREL,DR_SF1,DR_SF2,DR_SF3,DR_SF4,VTRAFWAY,VNUM_LAN,VSPD_LIM,VALIGN,VPROFILE,VPAVETYP,VSURCOND,VTRAFCON,VTCONT_F,P_CRASH1,P_CRASH2,P_CRASH3,PCRASH4,PCRASH5,ACC_TYPE,DEATHS,DR_DRINK
34,340161,1,2,1,18,4,1,8,12,2,1,0,34,2,59,35,59035,4,2001,JTHBD1820100,J,T,H,B,D,1,8,2,0,1,0,0,0,P,LEXS,IS3,4D,1,17,3270,,0,1051,,G,,F,6,183,,,16R205,,,,,,0,0,000000000,00000000000,0,0,0,1,0,0,0,0,0,0,0,998,0,0,0,12,6,2,12,0,0,0,1,34,8759,6,1,0,0,3,0,70,999,0,0,0,0,1,1,2011,1,2011,0,28,6,0,0,1,2,50,4,1,2,1,0,0,14,10,1,1,2,50,1,1
34,340161,2,2,2,18,4,1,8,12,2,1,0,34,1,35,47,35047,4,2000,1N4DL01A0YC2,1,N,4,D,L,0,1,A,0,Y,C,2,0,P,NISS,AGS,4D,0,17,2848,,0,1031,,G,,F,4,146,,,15R195,,,,,,0,0,000000000,00000000000,0,0,0,1,0,0,0,0,0,0,0,998,0,0,0,12,6,2,12,0,0,0,1,34,8733,6,1,0,0,3,0,66,999,0,0,0,0,0,0,0,0,0,0,0,0,0,0,1,2,50,4,1,2,1,0,0,14,62,1,1,1,51,0,0
34,340162,1,2,1,16,6,13,16,1,0,1,0,34,1,73,705,73705,80,2002,JKAZXDP132A0,J,K,A,Z,X,D,P,1,3,2,A,0,0,M,KAWK,Z7P,RC,2,17,,,,,,,750,,4,,4,448,,,,,,,0,0,000000000,00000000000,0,0,0,1,0,0,0,0,0,0,0,998,0,0,0,0,9,3,54,0,0,0,1,34,8731,6,1,0,0,3,3,68,999,0,0,0,0,2,9,2010,2,2012,1,6,0,0,0,1,2,35,1,1,2,1,0,0,2,6,3,2,2,98,1,0
34,340162,2,2,2,16,6,13,16,1,0,1,0,34,2,49,442,49442,20,2001,4T3ZF13C21U3,4,T,3,Z,F,1,3,C,2,1,U,3,0,P,TOYT,SIE,SV,1,17,3932,,0,1142,,G,,F,6,183,,,15R205,,,,,,0,0,000000000,00000000000,0,0,0,1,0,0,0,0,0,0,0,998,0,0,0,14,4,3,54,0,0,0,1,34,8731,6,1,0,0,3,3,70,999,0,0,0,0,0,0,0,0,0,0,0,0,0,0,1,2,35,1,1,2,1,0,0,1,62,1,1,1,98,0,0
34,340163,1,1,1,3,6,16,8,1,0,1,0,34,1,73,705,73705,80,2005,JKBZXJC125A0,J,K,B,Z,X,J,C,1,2,5,A,0,0,M,KAWK,X63,RC,5,17,,,,,,,636,,4,,4,362,,,,,,,0,0,000000000,00000000000,0,0,0,1,0,0,0,0,0,0,0,998,0,0,0,0,9,3,30,0,0,0,1,34,8562,6,1,0,0,3,0,72,220,0,0,0,1,3,8,2009,5,2011,1,6,0,0,0,1,2,50,1,2,2,1,0,0,1,6,3,2,1,98,1,0
34,340164,1,4,2,11,2,15,2,12,6,1,0,34,2,37,31,37031,4,2008,1HGFA55578H7,1,H,G,F,A,5,5,5,7,8,H,7,0,P,HOND,UCS,4D,8,17,2945,,0,1063,,G,,F,4,122,,,17R245,,,,,,0,0,000000000,00000000000,0,0,0,1,0,0,0,0,0,0,0,998,0,0,0,12,6,2,12,0,0,0,1,53,98121,6,1,0,0,3,0,68,130,0,0,0,0,0,0,0,0,0,1,36,28,0,0,1,4,50,1,1,2,2,0,0,1,6,3,4,2,64,2,0
34,340164,2,4,1,11,2,15,2,12,6,1,0,34,1,48,38,48038,4,2009,JF1GE60649H5,J,F,1,G,E,6,0,6,4,9,H,5,0,P,SUBA,I2P,4D,9,17,3064,,0,1031,,G,,F,4,150,,,17R205,,,,,,0,0,000000000,00000000000,0,0,0,1,0,0,0,0,0,0,0,998,0,0,0,9,6,2,12,0,0,0,1,34,8802,6,1,0,0,3,0,67,999,1,0,0,0,0,6,2011,6,2011,0,0,0,0,0,1,4,50,1,1,2,2,0,0,1,62,1,1,3,65,0,0
34,340164,3,4,2,11,2,15,2,12,6,1,0,34,1,12,402,12402,14,2011,1FMCU9EG7BKA,1,F,M,C,U,9,E,G,7,B,K,A,0,P,FORD,SPE,UT,11,17,3504,,0,1031,,F,,F,6,183,,,16R235,,,,,,0,0,000000000,00000000000,0,0,0,1,0,0,0,0,0,0,0,998,0,0,0,12,6,2,12,0,0,0,1,34,7731,6,1,0,0,3,0,72,999,0,0,0,0,0,0,0,0,0,0,0,0,0,0,1,4,50,1,1,2,2,0,0,1,54,99,1,1,98,0,0
34,340164,4,4,1,11,2,15,2,12,6,1,0,34,1,37,31,37031,4,2007,2HGFA16557H3,2,H,G,F,A,1,6,5,5,7,H,3,0,P,HOND,UCL,4D,7,17,2751,,0,1063,,G,,F,4,110,,,16R205,,,,,,0,0,000000000,00000000000,0,0,0,1,0,0,0,0,0,0,0,998,0,0,0,12,6,2,42,0,0,0,1,34,8816,6,1,0,0,3,0,68,999,0,0,0,1,0,3,2011,3,2011,0,0,0,0,0,1,4,50,1,1,2,2,0,0,1,8,7,2,4,98,0,0
34,340165,1,2,1,4,4,7,15,12,6,1,0,34,1,22,16,22016,2,1999,1G2JB1240X75,1,G,2,J,B,1,2,4,0,X,7,5,0,P,PONT,SFS,CP,99,17,2630,,0,1041,,G,,F,4,133,,,14R195,,,,,,0,0,000000000,00000000000,0,0,0,1,0,0,0,0,0,0,0,998,0,0,0,11,6,2,12,0,0,0,1,34,7731,6,1,0,0,3,0,71,999,1,0,0,0,0,7,2011,7,2011,0,0,0,0,0,1,4,50,1,1,2,1,3,3,1,62,1,1,3,69,1,0
34,340165,2,2,1,4,4,7,15,12,6,1,0,34,1,49,442,49442,20,2000,4T3GF19CXYU1,4,T,3,G,F,1,9,C,X,Y,U,1,0,P,TOYT,SIE,SV,0,17,3758,,0,1142,,G,,F,6,183,,,15R205,,,,,,0,0,000000000,00000000000,0,0,0,1,0,0,0,0,0,0,0,998,0,0,0,1,6,2,12,0,0,0,1,34,7728,6,2,0,0,3,1,66,999,0,0,0,0,0,0,0,0,0,0,38,0,0,0,1,4,50,1,1,2,1,3,3,11,55,1,1,3,68,0,0
34,340166,1,1,2,20,4,0,20,8,0,1,0,34,2,58,39,58039,6,2006,JNRAS08W26X2,J,N,R,A,S,0,8,W,2,6,X,2,0,P,INFI,IFX,UT,6,17,4203,,0,1122,,G,,F,6,213,,,18R265,,,,,,0,0,000000000,00000000000,0,0,0,1,0,0,0,0,0,0,0,998,0,0,0,12,6,2,8,0,0,0,1,34,7052,6,1,0,0,3,0,70,999,0,0,0,1,2,1,2010,4,2012,0,0,0,0,0,3,5,50,2,2,2,1,0,0,14,80,1,1,1,13,0,0
34,340167,1,1,1,23,1,6,48,8,0,1,0,34,3,98,981,98981,52,2000,4RKMNTFA2YR8,4,R,K,M,N,T,F,A,2,Y,R,8,0,U,,,,0,17,,,,,,,,,,,,,,,,,,,0,57,308119,57308119,3,21,22,1,0,0,0,0,6,0,0,998,0,0,0,1,9,2,8,0,0,0,1,34,8029,6,1,6,1,3,0,65,999,1,0,0,0,2,4,2011,9,2011,0,38,86,0,0,1,2,25,1,1,2,2,3,3,11,80,1,1,1,13,0,0
34,340168,1,2,1,26,5,16,20,1,0,1,0,36,1,72,706,72706,80,1972,999999999999,9,9,9,9,9,9,9,9,9,9,9,9,0,,,,,,,,,,,,,,,,,,,,,,,,,0,0,000000000,00000000000,0,0,0,1,0,0,0,0,0,0,0,998,0,0,0,0,6,2,1,0,0,0,1,36,12721,6,1,0,0,3,0,71,999,0,1,0,1,0,10,2009,11,2010,0,28,0,0,0,1,2,40,2,6,2,1,0,0,14,8,3,2,2,98,1,1
34,340168,2,2,1,26,5,16,20,1,0,1,0,34,1,12,23,12023,4,2006,3FAFP07Z16R1,3,F,A,F,P,0,7,Z,1,6,R,1,0,P,FORD,F/E,4D,6,17,3101,,0,1074,,G,,F,4,140,,,16R205,,,,,,0,0,000000000,00000000000,0,0,0,1,0,0,0,0,0,0,0,998,0,0,0,9,9,3,54,0,0,0,1,34,7461,6,1,0,0,3,0,68,999,0,0,0,0,1,4,2011,4,2011,0,0,0,0,0,1,2,40,3,5,2,1,0,0,14,62,9,1,2,98,0,0
34,340170,1,1,4,9,1,5,43,5,0,1,0,34,3,86,882,86882,63,2007,1M2K189C87M0,1,M,2,K,1,8,9,C,8,7,M,0,0,T,MACK,MR6,TB,7,17,,8,0,0,600,D,,,6,728,,,,,00000,00,,64,0,88,888888888,88888888888,3,1,7,1,0,0,0,0,0,0,0,998,0,0,0,0,0,3,5,0,0,0,1,34,7112,6,1,6,1,3,0,69,999,1,0,1,0,0,8,2009,5,2010,0,0,0,0,0,1,2,25,1,1,2,1,3,3,1,98,1,1,1,0,1,0
34,340171,1,2,1,13,5,19,50,12,6,1,0,34,1,37,706,37706,80,2006,JH2SC57046M2,J,H,2,S,C,5,7,0,4,6,M,2,0,M,HOND,CBS,RC,6,17,,,,,,,998,,4,,4,388,,,,,,,0,0,000000000,00000000000,0,0,0,1,0,0,0,0,0,0,0,998,0,0,0,12,9,3,12,0,0,0,1,34,7501,6,1,0,0,3,0,64,220,2,0,0,0,2,2,2010,9,2011,1,0,0,0,0,1,4,25,1,1,2,1,0,0,1,62,3,2,1,69,1,0
34,340171,2,2,1,13,5,19,50,12,6,1,0,34,1,20,404,20404,14,2010,2CNFLEEW1A63,2,C,N,F,L,E,E,W,1,A,6,3,0,P,CHEV,EQU,UT,10,17,3935,,0,1125,,G,,F,4,146,,,17R225,,,,,,0,0,000000000,00000000000,0,0,0,1,0,0,0,0,0,0,0,998,0,0,0,82,9,3,12,0,0,0,1,34,7018,6,1,0,0,3,0,67,999,2,0,0,0,0,5,2010,9,2010,0,0,0,0,0,1,4,25,1,1,2,1,0,0,11,55,1,1,3,68,0,0
34,340172,1,1,1,23,3,16,41,14,0,1,0,34,1,37,706,37706,80,2006,JH2SC570X6M2,J,H,2,S,C,5,7,0,X,6,M,2,0,M,HOND,CBS,RC,6,17,,,,,,,998,,4,,4,388,,,,,,,0,0,000000000,00000000000,0,0,0,1,0,0,0,0,0,0,0,998,0,0,0,12,9,2,14,0,0,0,1,34,7111,6,1,0,0,3,0,75,999,0,0,0,0,4,8,2009,6,2011,1,6,52,0,0,4,1,25,1,1,2,1,0,0,1,6,1,1,4,98,1,0
34,340173,1,2,1,18,5,3,10,12,2,1,0,34,1,51,881,51881,66,1998,4VG7DAJH9WN7,4,V,G,7,D,A,J,H,9,W,N,7,1,T,VOLV,VVN,TR,98,17,,8,0,0,VVN,D,,,6,855,,,,,00000,00,,64,1,57,1313338,571313338,3,6,1,1,0,0,0,0,0,0,0,998,0,0,0,12,9,3,12,0,0,0,1,34,7302,6,1,6,0,3,0,68,999,1,0,0,0,1,2,2010,10,2011,0,0,0,0,0,3,2,50,1,1,2,1,0,0,1,54,9,1,2,52,0,0
34,340173,2,2,2,18,5,3,10,12,2,1,0,34,1,35,43,35043,4,2007,3N1AB61E67L6,3,N,1,A,B,6,1,E,6,7,L,6,0,P,NISS,SL2,4D,7,17,2853,,0,1057,,G,,F,4,122,,,15R205,,,,,,0,0,000000000,00000000000,0,0,0,1,0,0,0,0,0,0,0,998,0,0,0,12,6,2,12,0,0,0,1,34,7071,6,1,0,0,3,0,61,154,1,0,0,0,0,11,2011,11,2011,0,51,6,0,0,3,2,50,1,1,2,1,0,0,1,54,1,1,3,52,1,1
34,340174,1,1,1,30,4,6,24,8,0,1,0,34,3,98,902,98902,51,2004,1N9TA3HA84L0,1,N,9,T,A,3,H,A,8,4,L,0,0,T,NEOP,,,4,17,,,,,,,,,,,,,,,,,,,0,88,888888888,88888888888,3,21,22,1,0,0,0,0,4,0,0,998,0,0,0,12,9,2,8,0,0,0,1,34,7111,6,1,6,1,3,0,64,999,5,0,0,0,1,3,2010,2,2012,0,0,0,0,0,1,4,25,1,1,2,1,3,3,1,80,1,1,1,13,0,0
34,340175,1,1,1,2,6,7,3,1,0,1,0,34,2,49,32,49032,4,2003,2T1BR32E83C0,2,T,1,B,R,3,2,E,8,3,C,0,0,P,TOYT,UCS,4D,3,17,2502,,0,1024,,G,,F,4,109,,,15R185,,,,,,0,0,000000000,00000000000,0,0,0,1,0,0,0,0,0,0,0,998,0,1,6,0,6,2,42,0,0,0,1,34,7652,6,1,0,0,3,0,71,999,0,0,0,0,2,10,2010,1,2012,0,28,0,0,0,2,3,55,3,1,2,1,0,0,14,8,9,3,4,2,1,1
34,340176,1,1,3,17,4,14,6,8,0,1,0,34,2,35,401,35401,14,2006,5N1AR18W36C6,5,N,1,A,R,1,8,W,3,6,C,6,0,P,NISS,PFI,UT,6,17,4373,,0,1122,,G,,F,6,244,,,16R265,,,,,,0,0,000000000,00000000000,0,0,0,1,0,0,0,0,0,0,0,998,0,0,0,12,9,4,8,0,0,0,1,34,7506,6,1,0,0,3,0,64,999,0,0,0,0,0,0,0,0,0,0,0,0,0,0,3,2,35,1,1,2,1,3,3,1,80,1,1,1,13,0,0
34,340177,1,2,1,17,4,14,6,12,6,1,0,34,3,12,881,12881,63,1995,1FDZW82EXSVA,1,F,D,Z,W,8,2,E,X,S,V,A,1,T,FORD,L0F,CC,95,17,,8,2580,1500,CON,D,,,6,505,,,,,11741,08,A,64,1,57,411955,57411955,3,4,1,1,0,0,0,0,0,0,0,998,0,0,0,12,6,2,12,0,0,0,1,34,8015,6,1,6,1,3,0,74,999,0,0,0,0,0,0,0,0,0,0,0,0,0,0,1,4,40,1,1,2,1,3,3,1,17,3,1,1,86,0,0
34,340177,2,2,1,17,4,14,6,12,6,1,0,34,1,49,40,49040,4,1998,JT2BG22K0W01,J,T,2,B,G,2,2,K,0,W,0,1,0,P,TOYT,CXL,4D,98,17,3120,,0,1051,,G,,F,4,132,,,14R195,,,,,,0,0,000000000,00000000000,0,0,0,1,0,0,0,0,0,0,0,998,0,0,0,3,6,2,12,0,0,0,1,34,8527,6,1,0,0,3,0,66,999,0,0,0,0,0,0,0,0,0,0,39,0,0,0,1,4,40,1,1,2,1,3,3,1,17,1,1,1,87,1,1
34,340178,1,1,2,20,4,22,38,5,0,1,0,0,0,37,734,37734,90,2006,1HFTE2304646,1,H,F,T,E,2,3,0,4,6,4,6,0,M,HOND,TRE,AT,6,17,,,,,,,229,,1,,4,386,,,,,,,0,0,000000000,00000000000,0,0,0,1,0,0,0,0,0,0,0,998,0,0,0,0,9,2,99,0,0,0,1,34,8050,0,0,0,0,0,0,999,999,0,0,0,0,0,0,0,0,0,1,36,0,0,0,1,2,25,1,1,2,1,0,0,98,98,1,1,5,0,1,1
34,340179,1,1,3,15,5,11,21,18,0,1,0,34,2,49,40,49040,4,2000,4T1BG22K4YU0,4,T,1,B,G,2,2,K,4,Y,U,0,0,P,TOYT,UEX,4D,0,17,2998,,0,1051,,G,,F,4,132,,,14R195,,,,,,0,0,000000000,00000000000,0,0,0,1,0,0,0,0,0,0,0,998,0,0,0,12,6,2,18,0,0,0,1,34,8873,6,1,0,0,3,0,71,187,0,0,0,0,0,0,0,0,0,1,35,36,0,0,1,2,35,1,1,2,2,0,0,6,98,1,1,2,12,1,0
34,340180,1,1,1,14,4,0,38,33,0,1,0,34,2,51,47,51047,4,2001,YV1RS61R8120,Y,V,1,R,S,6,1,R,8,1,2,0,0,P,VOLV,S60,4D,1,17,3230,,0,1069,,G,,F,5,149,,,15R195,,,,,,0,0,000000000,00000000000,0,0,0,1,0,0,0,0,0,0,0,998,0,0,0,14,6,2,30,0,0,0,1,34,8901,1,1,0,0,2,0,68,999,0,2,0,0,0,11,2010,10,2011,1,36,0,0,0,1,2,25,1,2,2,1,0,0,1,6,1,2,5,2,1,1
34,340181,1,3,1,13,6,21,49,12,1,1,0,36,1,7,482,7482,31,2007,1D7HU18217S1,1,D,7,H,U,1,8,2,1,7,S,1,0,T,DODG,SQ1,CW,7,17,,2,1605,1405,RPC,G,,,8,348,,,,B,5197,02,E,44,0,0,000000000,00000000000,0,0,0,1,0,0,0,0,0,0,0,998,0,1,2,12,6,2,1,0,0,0,1,36,12789,6,1,6,1,3,0,73,999,1,0,0,0,0,6,2010,6,2010,1,36,0,0,0,3,2,50,1,1,2,1,0,0,15,11,1,2,2,24,1,1
34,340181,2,3,1,13,6,21,49,12,1,1,0,34,2,58,35,58035,4,1998,JNKCA21A5WT6,J,N,K,C,A,2,1,A,5,W,T,6,0,P,INFI,I30,4D,98,17,3164,,0,1063,,G,,F,6,182,,,16R215,,,,,,0,0,000000000,00000000000,0,0,0,1,0,0,0,0,0,0,0,998,0,0,0,6,6,2,12,0,0,0,1,34,7631,6,1,0,0,3,3,70,999,0,0,0,0,2,11,2010,8,2011,0,0,0,0,0,3,2,50,1,1,2,1,0,0,1,53,1,1,1,25,0,0
34,340181,3,3,1,13,6,21,49,12,1,1,0,95,3,87,881,87881,66,2002,1XP5DB9X82D5,1,X,P,5,D,B,9,X,8,2,D,5,0,T,PTRB,379,TR,2,17,,8,0,0,CON,D,,,6,893,,,,,00000,00,,64,0,57,332369,57332369,3,5,96,1,0,0,0,0,0,0,0,998,0,0,0,6,2,1,12,0,0,0,1,95,0,9,9,99,9,9,9,999,999,99,99,99,99,99,99,9999,99,9999,0,0,0,0,0,3,2,50,1,1,2,1,0,0,1,60,1,1,1,98,0,0
34,340182,1,1,2,16,5,0,57,42,0,1,0,34,1,20,9,20009,2,1998,2G1FP22K0W21,2,G,1,F,P,2,2,K,0,W,2,1,0,P,CHEV,CAM,CP,98,17,3331,,0,1011,,G,,F,6,231,,,16R215,,,,,,0,0,000000000,00000000000,0,0,0,1,0,0,0,0,0,0,0,998,0,0,0,6,9,3,42,0,0,0,1,34,8562,6,1,0,0,3,3,73,999,1,0,0,3,2,4,2010,4,2012,1,36,28,0,0,1,2,50,2,1,2,1,0,0,14,12,1,1,4,6,1,0
34,340183,1,2,3,23,5,20,44,12,2,1,0,34,1,14,401,14401,14,1997,4M2DU55P0VUJ,4,M,2,D,U,5,5,P,0,V,U,J,0,P,MERC,MOU,UT,97,17,0,,0,1120,,G,,F,8,302,,,15R235,,,,,,0,0,000000000,00000000000,0,0,0,1,0,0,0,0,0,0,0,998,0,0,0,12,6,2,42,0,0,0,1,34,8215,6,1,0,0,3,0,67,999,1,0,0,1,2,8,2009,9,2011,0,0,0,0,0,1,2,50,1,1,2,1,0,0,1,54,1,1,2,51,0,0
34,340183,2,2,1,23,5,20,44,12,2,1,0,34,1,53,704,53704,80,2005,JS1SK43A0521,J,S,1,S,K,4,3,A,0,5,2,1,0,M,SUZI,DRS,T,5,17,,,,,,,398,,1,,4,291,,,,,,,0,0,000000000,00000000000,0,0,0,1,0,0,0,0,0,0,0,998,0,0,0,12,6,2,12,0,0,0,1,34,8330,6,1,0,0,3,0,69,999,0,1,0,0,0,2,2010,2,2010,0,51,36,0,0,1,2,50,1,1,2,1,0,0,1,54,1,1,1,50,1,1
34,340184,1,3,2,5,6,14,9,12,8,1,0,34,2,59,35,59035,4,2007,JTHCK262X720,J,T,H,C,K,2,6,2,X,7,2,0,0,P,LEXS,A25,4D,7,17,3651,,0,1074,,G,,F,6,153,,,17R225,,,,,,0,0,000000000,00000000000,0,0,0,1,0,0,0,0,0,0,0,998,0,0,0,10,6,2,42,0,0,0,1,34,8527,6,1,0,0,3,3,62,999,0,0,0,0,0,0,0,0,0,0,28,6,0,0,1,2,45,1,1,2,1,0,0,1,10,1,1,2,64,0,0
34,340184,2,3,1,5,6,14,9,12,8,1,0,34,1,20,441,20441,20,2000,1GCDM19W7YB1,1,G,C,D,M,1,9,W,7,Y,B,1,0,T,CHEV,AST,EC,0,17,,1,0,1112,AST,G,,,6,262,,,,B,4197,00,,42,0,0,000000000,00000000000,0,0,0,1,0,0,0,0,0,0,0,998,0,0,0,10,6,2,12,0,0,0,1,34,8527,6,1,0,0,3,0,68,999,1,0,0,0,0,10,2011,10,2011,0,0,0,0,0,1,2,45,1,1,2,1,0,0,1,62,1,1,1,65,1,0
34,340184,3,3,1,5,6,14,9,12,8,1,0,34,1,49,482,49482,31,2011,5TFHY5F14BX1,5,T,F,H,Y,5,F,1,4,B,X,1,0,T,TOYT,CRX,CW,11,17,,2,0,1457,TUN,G,,,8,348,,,,B,5645,00,7,44,0,0,000000000,00000000000,0,0,0,1,0,0,0,0,0,0,0,998,0,0,0,12,9,2,12,0,0,0,1,34,7726,6,1,0,0,3,3,69,999,0,0,0,0,2,5,2010,6,2011,0,0,0,0,0,1,2,45,1,1,2,1,0,0,1,62,1,1,1,98,0,0
34,340185,1,1,2,16,5,15,10,8,0,1,0,34,2,23,441,23441,20,1999,1GKEL19WXXB5,1,G,K,E,L,1,9,W,X,X,B,5,0,T,GMC,SXT,ES,99,17,,2,0,1112,SAF,G,,,6,262,,,,B,00000,00,E,44,0,0,000000000,00000000000,0,0,0,1,0,0,0,0,0,0,0,998,0,0,0,2,9,3,8,0,0,0,1,34,8901,6,1,0,0,3,0,66,999,0,0,0,0,0,0,0,0,0,0,0,0,0,0,1,2,25,1,1,2,1,0,0,1,80,1,1,1,13,0,0
34,340186,1,1,1,6,6,21,43,8,0,1,0,34,1,20,2,20002,6,1988,1G1BN81YXJR1,1,G,1,B,N,8,1,Y,X,J,R,1,0,P,CHEV,CCL,SW,88,17,4006,,0,1160,,G,,4,8,305,,,15R225,,,,,,0,0,000000000,00000000000,0,0,0,1,0,0,0,0,0,0,0,998,0,0,0,12,0,1,8,0,0,0,1,34,7003,6,1,0,0,3,3,72,999,0,0,0,0,0,0,0,0,0,0,24,0,0,0,1,2,25,1,1,2,2,0,0,1,80,1,1,1,13,0,0
34,340187,1,1,1,5,6,9,0,8,0,1,0,34,3,98,981,98981,52,2010,1N9416031AA1,1,N,9,4,1,6,0,3,1,A,A,1,0,U,,,,10,17,,,,,,,,,,,,,,,,,,,0,57,074293,57074293,3,21,22,1,0,0,0,0,6,0,0,998,0,0,0,4,2,3,8,0,0,0,1,34,7083,6,1,6,1,3,3,70,999,1,0,0,0,0,6,2011,6,2011,0,0,0,0,0,1,4,25,1,1,2,1,0,0,1,80,1,1,1,13,0,0
34,340189,1,1,1,5,3,17,22,14,0,1,0,42,1,20,482,20482,31,2010,3GNVKGE04AG2,3,G,N,V,K,G,E,0,4,A,G,2,0,T,CHEV,KTZ,SP,10,17,,2,0,1300,AVL,F,,,8,323,,,,B,5937,00,,44,0,0,000000000,00000000000,0,0,0,1,0,0,0,0,0,0,0,998,0,1,5,12,9,3,42,0,0,0,1,42,19403,6,1,0,0,3,0,73,999,0,0,0,1,0,2,2010,2,2010,0,6,0,0,0,2,2,65,1,6,2,1,0,0,1,13,1,1,4,1,0,1
34,340190,1,2,1,21,6,9,12,12,7,1,0,34,2,22,16,22016,2,2003,1G2JB12FX372,1,G,2,J,B,1,2,F,X,3,7,2,0,P,PONT,SFR,CP,3,17,2771,,0,1041,,G,,F,4,134,,,14R195,,,,,,0,0,000000000,00000000000,0,0,0,1,0,0,0,0,0,0,0,998,0,0,0,11,6,2,12,0,0,0,1,34,8215,6,1,0,0,3,0,67,999,0,0,0,0,0,0,0,0,0,0,6,51,0,0,1,4,50,1,1,2,1,0,0,1,54,1,1,2,98,1,0
34,340190,2,2,1,21,6,9,12,12,7,1,0,34,3,20,421,20421,15,2010,1GNUKAE08AR2,1,G,N,U,K,A,E,0,8,A,R,2,0,P,CHEV,KTA,UT,10,17,5524,,0,1160,,F,,F,8,323,,,18R265,,,,,,0,0,000000000,00000000000,0,0,0,1,0,0,0,0,0,0,0,998,0,1,2,10,6,2,12,0,0,0,1,34,8201,6,1,0,0,3,0,67,200,0,0,0,0,0,0,0,0,0,0,0,0,0,0,1,4,50,1,1,2,1,0,0,1,54,99,1,2,98,0,0
34,340191,1,2,1,20,5,4,54,12,8,1,0,34,1,20,401,20401,14,2001,2CNBE13C5169,2,C,N,B,E,1,3,C,5,1,6,9,0,P,CHEV,TKR,UT,1,17,2866,,0,976,,G,,F,4,122,,,15R195,,,,,,0,0,000000000,00000000000,0,0,0,1,0,0,0,0,0,0,0,998,0,0,0,11,6,2,12,0,0,0,1,34,8361,6,1,0,0,3,3,68,198,0,0,0,0,1,8,2011,8,2011,0,6,28,0,0,1,2,40,1,1,2,1,0,0,1,10,1,1,2,64,1,1
34,340191,2,2,1,20,5,4,54,12,8,1,0,34,3,51,881,51881,66,2006,4V4NC9TH56N4,4,V,4,N,C,9,T,H,5,6,N,4,1,T,VOLV,VNL,TR,6,17,,8,0,0,VVN,D,,,6,915,,,,,00000,00,,64,1,57,156123,57156123,3,6,2,2,2,1203,3,1,0,0,0,998,0,0,0,7,6,2,12,0,0,0,1,34,8094,6,1,6,1,3,0,68,999,0,0,0,0,1,11,2011,11,2011,0,0,0,0,0,1,2,40,1,1,2,1,0,0,1,62,7,1,2,65,0,0
34,340192,1,1,1,4,7,0,30,24,0,1,0,36,2,53,706,53706,80,2007,JS1GT77A0721,J,S,1,G,T,7,7,A,0,7,2,1,0,M,SUZI,XR1,RC,7,17,,,,,,,999,,4,,4,379,,,,,,,0,0,000000000,00000000000,0,0,0,1,0,0,0,0,0,0,0,998,0,0,0,12,6,2,24,0,0,0,1,36,10701,6,1,0,0,3,0,73,154,1,2,0,2,4,8,2009,4,2011,1,36,27,0,0,3,2,35,2,6,2,1,0,0,14,6,1,1,4,6,1,0
34,340193,1,1,1,21,6,1,15,8,0,1,0,34,1,20,461,20461,21,2005,1GCGG25V6512,1,G,C,G,G,2,5,V,6,5,1,2,0,T,CHEV,E25,CG,5,17,,2,0,1350,EXP,G,,,8,293,,,,C,5002,00,,42,0,0,000000000,00000000000,0,0,0,1,0,0,0,0,0,0,0,998,0,0,0,12,9,2,8,0,0,0,1,34,7055,6,1,0,0,3,0,68,999,1,0,0,0,0,11,2010,11,2010,0,0,0,0,0,4,3,50,1,1,2,1,0,0,1,80,1,1,1,13,0,0
34,340195,1,1,2,19,6,20,12,33,0,1,0,34,2,7,402,7402,14,1998,1B4HS28Y4WF2,1,B,4,H,S,2,8,Y,4,W,F,2,0,P,DODG,DUR,UT,98,17,4349,,0,1159,,G,,F,8,318,,,15R235,,,,,,0,0,000000000,00000000000,0,0,0,1,0,0,0,0,0,0,0,998,0,0,0,14,9,3,42,0,0,0,1,34,7828,6,1,0,0,3,0,68,999,1,0,0,0,1,7,2011,5,2012,1,36,28,0,0,1,2,40,1,2,2,1,0,0,1,12,1,1,4,6,2,0