STATE,ST_CASE,VEH_NO,VE_FORMS,NUMOCCS,DAY,MONTH,HOUR,MINUTE,HARM_EV,MAN_COLL,UNITTYPE,HIT_RUN,REG_STAT,OWNER,MAKE,MODEL,MAK_MOD,BODY_TYP,MOD_YEAR,VIN,VIN_1,VIN_2,VIN_3,VIN_4,VIN_5,VIN_6,VIN_7,VIN_8,VIN_9,VIN_10,VIN_11,VIN_12,TOW_VEH,VINTYPE,VINMAKE,VINA_MOD,VIN_BT,VINMODYR,VIN_LNGT,VIN_WGT,WGTCD_TR,WHLBS_LG,WHLBS_SH,SER_TR,FUELCODE,MCYCL_DS,CARBUR,CYLINDER,DISPLACE,MCYCL_CY,MCYCL_WT,TIRE_SZE,TON_RAT,TRK_WT,TRKWTVAR,VIN_REST,WHLDRWHL,J_KNIFE,MCARR_I1,MCARR_I2,MCARR_ID,GVWR,V_CONFIG,CARGO_BT,HAZ_INV,HAZ_PLAC,HAZ_ID,HAZ_CNO,HAZ_REL,BUS_USE,SPEC_USE,EMER_USE,TRAV_SP,UNDERIDE,ROLLOVER,ROLINLOC,IMPACT1,DEFORMED,TOWED,M_HARM,VEH_SC1,VEH_SC2,FIRE_EXP,DR_PRES,L_STATE,DR_ZIP,L_STATUS,L_TYPE,CDL_STAT,L_ENDORS,L_COMPL,L_RESTRI,DR_HGT,DR_WGT,PREV_ACC,PREV_SUS,PREV_DWI,PREV_SPD,PREV_OTH,FIRST_MO,FIRST_YR,LAST_MO,LAST_YR,SPEEDREL,DR_SF1,DR_SF2,DR_SF3,DR_SF4,VTRAFWAY,VNUM_LAN,VSPD_LIM,VALIGN,VPROFILE,VPAVETYP,VSURCOND,VTRAFCON,VTCONT_F,P_CRASH1,P_CRASH2,P_CRASH3,PCRASH4,PCRASH5,ACC_TYPE,DEATHS,DR_DRINK
34,340196,1,3,1,16,2,18,44,8,0,1,1,99,9,99,999,99999,99,9999,999999999999,9,9,9,9,9,9,9,9,9,9,9,9,0,,,,,,,,,,,,,,,,,,,,,,,,,0,0,000000000,00000000000,0,0,0,1,0,0,0,0,0,0,0,998,0,0,0,12,9,1,8,0,0,0,1,99,99999,9,9,99,9,9,9,999,999,99,99,99,99,99,99,9999,99,9999,1,6,38,0,0,1,2,25,1,1,2,2,0,0,1,80,1,1,1,13,0,0
34,340196,2,3,1,16,2,18,44,8,0,1,0,34,1,55,35,55035,4,2003,KMHDN45D93U5,K,M,H,D,N,4,5,D,9,3,U,5,0,P,HYUN,EST,4D,3,17,2635,,0,1027,,G,,F,4,121,,,15R205,,,,,,0,0,000000000,00000000000,0,0,0,1,0,0,0,0,0,0,0,998,0,0,0,12,9,2,8,0,0,0,1,34,7083,6,1,0,0,3,0,66,999,0,0,0,0,0,0,0,0,0,0,0,0,0,0,1,2,25,1,1,2,2,0,0,1,80,1,1,1,98,0,0
34,340196,3,3,1,16,2,18,44,8,0,1,1,99,9,99,999,99999,99,9999,999999999999,9,9,9,9,9,9,9,9,9,9,9,9,0,,,,,,,,,,,,,,,,,,,,,,,,,0,0,000000000,00000000000,0,0,0,1,0,0,0,0,0,0,0,998,0,0,0,12,9,1,8,0,0,0,1,99,99999,9,9,99,9,9,9,999,999,99,99,99,99,99,99,9999,99,9999,0,0,0,0,0,1,2,25,1,1,2,2,0,0,1,80,1,1,1,98,0,0
34,340197,1,2,1,22,3,15,43,12,6,1,0,17,3,87,881,87881,66,2011,1XPXDB9X5BD1,1,X,P,X,D,B,9,X,5,B,D,1,1,T,PTRB,389,TR,11,17,,8,0,0,CON,D,,,6,893,,,,,00000,00,,64,1,57,204961,57204961,3,6,3,1,0,0,0,0,0,0,0,998,0,0,0,8,9,2,12,0,0,0,1,39,45872,6,1,6,1,3,0,66,999,0,0,0,0,0,0,0,0,0,0,0,0,0,0,1,2,25,1,1,2,1,20,3,11,15,1,1,1,76,0,0
34,340197,2,2,1,22,3,15,43,12,6,1,0,34,1,37,705,37705,80,2006,JH2PC37066M3,J,H,2,P,C,3,7,0,6,6,M,3,0,M,HOND,B60,RC,6,17,,,,,,,599,,4,,4,361,,,,,,,0,0,000000000,00000000000,0,0,0,1,0,0,0,0,0,0,0,998,0,0,0,12,6,2,12,0,0,0,1,34,8857,6,1,6,0,3,3,68,999,0,0,0,0,0,0,0,0,0,1,6,0,0,0,1,2,40,1,1,2,1,0,0,1,17,1,1,1,77,1,0
34,340198,1,2,3,9,5,7,7,12,2,1,0,34,1,22,20,22020,4,1999,1G2WP52K6XF3,1,G,2,W,P,5,2,K,6,X,F,3,0,P,PONT,GPG,4D,99,17,3428,,0,1105,,G,,F,6,231,,,16R225,,,,,,0,0,000000000,00000000000,0,0,0,1,0,0,0,0,0,0,0,998,0,0,0,12,6,2,12,0,0,0,1,34,8318,1,1,0,0,2,0,72,999,1,5,0,0,1,5,2009,4,2012,9,36,28,0,0,1,2,50,1,1,2,2,0,0,1,10,1,1,2,51,2,1
34,340198,2,2,1,9,5,7,7,12,2,1,0,47,3,82,881,82881,66,2011,1FUJGLDR2BLA,1,F,U,J,G,L,D,R,2,B,L,A,1,T,FRHT,125,TR,11,17,,8,0,0,CSC,D,,,6,903,,,,,00000,00,,64,1,57,511412,57511412,3,6,1,1,0,0,0,0,0,0,0,998,0,0,0,12,6,2,12,0,0,0,1,47,37404,6,1,6,3,2,0,75,265,0,0,0,0,0,0,0,0,0,0,0,0,0,0,1,2,50,1,1,2,2,0,0,1,62,2,1,1,50,0,0
34,340199,1,2,1,29,5,16,19,33,0,1,0,36,1,53,706,53706,80,2007,JS1GW71A5721,J,S,1,G,W,7,1,A,5,7,2,1,0,M,SUZI,GRZ,RC,7,17,,,,,,,1299,,4,,4,478,,,,,,,0,0,000000000,00000000000,0,0,0,1,0,0,0,0,0,0,0,998,0,0,0,12,6,2,12,0,0,0,1,36,11717,6,1,0,0,3,0,74,999,0,0,0,0,0,0,0,0,0,0,6,28,0,0,6,2,35,2,5,2,1,0,0,14,9,1,1,4,6,1,0
34,340199,2,2,1,29,5,16,19,33,0,1,1,34,3,82,881,82881,66,2002,1FUJBBCG12LJ,1,F,U,J,B,B,C,G,1,2,L,J,1,T,FRHT,ST2,TR,2,17,,8,0,0,CON,D,,,6,774,,,,,00000,00,,64,1,57,1929537,571929537,3,6,1,1,0,0,0,0,0,0,0,998,0,0,0,12,2,1,12,0,0,0,1,34,7018,6,1,6,1,3,0,66,999,0,0,0,0,0,0,0,0,0,0,91,0,0,0,6,2,35,2,5,2,1,0,0,14,61,1,1,1,98,0,0
34,340201,1,2,1,17,5,16,31,12,6,1,0,36,1,6,17,6017,1,1995,1C3EU4531SF6,1,C,3,E,U,4,5,3,1,S,F,6,0,P,CHRY,LGC,CV,95,17,3122,,0,1006,,G,,F,6,181,,,15R205,,,,,,0,0,000000000,00000000000,0,0,0,1,0,0,0,0,0,0,0,998,0,0,0,9,6,2,12,0,0,0,1,36,13343,6,1,0,0,3,0,73,999,0,0,0,1,0,2,2010,2,2010,0,27,6,0,0,1,4,45,1,1,2,1,0,0,15,51,1,1,2,46,0,0
34,340201,2,2,1,17,5,16,31,12,6,1,0,34,1,73,705,73705,80,1997,JKAZX4F19VA0,J,K,A,Z,X,4,F,1,9,V,A,0,0,M,KAWK,ZXF,RC,97,17,,,,,,,600,,4,,4,431,,,,,,,0,0,000000000,00000000000,0,0,0,1,0,0,0,0,0,0,0,998,0,0,0,12,6,2,12,0,0,0,1,34,8816,6,1,0,0,3,0,68,999,1,0,0,1,0,2,2010,4,2012,0,0,0,0,0,1,4,45,1,1,2,1,0,0,1,60,3,2,2,45,1,0
34,340202,1,1,3,24,3,0,38,33,0,1,0,34,1,12,37,12037,5,2003,3FAFP37Z63R1,3,F,A,F,P,3,7,Z,6,3,R,1,0,P,FORD,FX5,5D,3,17,2600,,0,1030,,G,,F,4,140,,,15R195,,,,,,0,0,000000000,00000000000,0,0,0,1,0,0,0,0,0,0,0,998,0,1,1,12,6,2,1,0,0,0,1,34,7206,1,1,0,0,2,3,67,999,1,1,0,1,1,3,2011,3,2012,1,36,28,0,0,1,2,25,1,1,2,1,0,0,1,13,1,1,4,1,1,1
34,340203,1,1,1,29,6,21,26,8,0,1,0,34,2,34,37,34037,4,2001,WBAGH83431DP,W,B,A,G,H,8,3,4,3,1,D,P,0,P,BMW,7IL,4D,1,17,4288,,0,1209,,G,,F,8,268,,,16R235,,,,,,0,0,000000000,00000000000,0,0,0,1,0,0,0,0,0,0,0,998,0,0,0,12,9,3,8,0,0,0,1,34,7424,6,1,0,0,3,0,70,999,0,0,0,0,0,0,0,0,0,0,0,0,0,0,3,2,50,1,2,2,1,0,0,1,80,1,1,1,13,0,0
34,340204,1,1,1,12,3,10,44,1,0,1,0,34,1,12,17,12017,4,2007,1FAFP53U77A1,1,F,A,F,P,5,3,U,7,7,A,1,0,P,FORD,TSE,4D,7,17,3307,,0,1085,,G,,F,6,183,,,16R215,,,,,,0,0,000000000,00000000000,0,0,0,1,0,0,0,0,0,0,0,998,0,2,6,0,9,2,3,0,0,0,1,34,8869,6,1,0,0,3,0,67,999,1,0,0,0,0,11,2011,11,2011,0,6,0,0,0,1,2,25,1,1,5,2,0,0,1,13,1,1,5,1,1,1
34,340205,1,2,3,14,4,23,40,12,6,1,0,34,2,24,2,24002,2,1998,1G8ZF1289WZ1,1,G,8,Z,F,1,2,8,9,W,Z,1,0,P,STRN,SC1,CP,98,17,2338,,0,1024,,G,,F,4,116,,,14R175,,,,,,0,0,000000000,00000000000,0,0,0,1,0,0,0,0,0,0,0,998,0,0,0,4,6,2,12,0,0,0,1,34,8080,6,1,0,0,3,0,64,999,0,0,0,0,0,0,0,0,0,0,38,36,0,0,1,2,25,1,1,2,1,20,3,1,17,1,1,1,87,1,1
34,340205,2,2,2,14,4,23,40,12,6,1,0,34,2,12,481,12481,31,2006,1FTPW14526FB,1,F,T,P,W,1,4,5,2,6,F,B,0,T,FORD,F1S,CW,6,17,,2,1500,1390,COF,G,,,8,329,,,,B,5476,01,E,44,0,0,000000000,00000000000,0,0,0,1,0,0,0,0,0,0,0,998,0,0,0,12,6,2,12,0,0,0,1,34,8080,6,1,0,0,3,0,64,999,0,0,0,0,0,0,0,0,0,0,0,0,0,0,1,2,45,1,1,2,1,0,0,1,55,1,1,1,86,0,0
34,340206,1,2,1,13,5,7,43,12,2,1,0,34,1,50,706,50706,80,2011,SMTN00PK1BJ4,S,M,T,N,0,0,P,K,1,B,J,4,0,M,TRUM,SPD,RC,11,17,,,,,,,1050,,3,,4,471,,,,,,,0,0,000000000,00000000000,0,0,0,1,0,0,0,0,0,0,0,998,0,0,0,12,6,2,12,0,0,0,1,34,7405,6,1,0,0,3,0,70,999,0,0,0,0,1,3,2011,3,2011,0,0,0,0,0,1,2,25,4,1,2,1,0,0,14,62,1,1,1,50,1,0
34,340206,2,2,1,13,5,7,43,12,2,1,0,12,3,69,35,69035,1,2006,ZFFEW59A6601,Z,F,F,E,W,5,9,A,6,6,0,1,0,P,FERR,43S,CV,6,17,3351,,0,1024,,G,,F,8,262,,,19R225,,,,,,0,0,000000000,00000000000,0,0,0,1,0,0,0,0,0,0,0,998,0,0,0,12,6,2,12,0,0,0,1,34,7628,6,1,0,0,3,0,67,999,0,0,0,0,0,0,0,0,0,1,36,85,0,0,1,2,25,4,2,2,1,0,0,14,10,1,1,2,51,0,0
34,340207,1,1,1,28,5,15,22,25,0,1,0,34,1,72,706,72706,80,2002,1HD1BLY132Y0,1,H,D,1,B,L,Y,1,3,2,Y,0,0,M,HD,XST,RS,2,17,,,,,,,1450,,2,,4,645,,,,,,,0,0,000000000,00000000000,0,0,0,1,0,0,0,0,0,0,0,998,0,0,0,9,6,2,21,0,0,0,1,34,7077,6,1,0,0,3,0,70,999,1,0,0,0,0,3,2011,3,2011,0,85,0,0,0,3,3,55,3,5,1,1,0,0,14,60,6,2,4,7,1,0
34,340208,1,1,1,30,5,19,12,33,0,1,0,34,1,41,50,41050,4,2008,1YVHP80C085M,1,Y,V,H,P,8,0,C,0,8,5,M,0,P,MAZD,M6I,4D,8,17,3093,,0,1053,,G,,F,4,140,,,17R215,,,,,,0,0,000000000,00000000000,0,0,0,1,0,0,0,0,0,0,0,998,0,0,0,12,6,2,42,0,0,0,1,34,8010,6,1,0,0,3,0,61,999,0,0,0,0,0,0,0,0,0,0,6,0,0,0,2,2,40,2,1,2,1,0,0,14,11,1,1,4,1,1,0
34,340209,1,3,2,23,6,17,2,12,2,1,0,42,1,13,1,13001,4,2004,1LNHM81W84Y6,1,L,N,H,M,8,1,W,8,4,Y,6,0,P,LINC,EXS,4D,4,17,4359,,0,1177,,G,,F,8,281,,,000000,,,,,,0,0,000000000,00000000000,0,0,0,1,0,0,0,0,0,0,0,998,0,0,0,12,6,2,12,0,0,0,1,42,19138,6,1,6,1,3,0,70,999,0,0,0,0,0,0,0,0,0,0,6,28,0,0,2,2,50,1,1,2,1,0,0,1,10,1,1,2,50,1,0
34,340209,2,3,3,23,6,17,2,12,2,1,0,34,1,2,404,2404,14,2001,1J4GW58N71C7,1,J,4,G,W,5,8,N,7,1,C,7,0,T,JEEP,LMT,4W,1,17,,1,0,1059,GCK,G,,,8,287,,,,,3959,01,E,44,0,0,000000000,00000000000,0,0,0,1,0,0,0,0,0,0,0,998,0,0,0,12,6,2,12,0,0,0,1,34,8081,6,1,0,0,3,3,66,999,1,2,0,0,5,4,2010,3,2012,0,0,0,0,0,2,2,50,1,1,2,1,0,0,1,62,1,1,1,51,0,0
34,340209,3,3,1,23,6,17,2,12,2,1,0,34,2,54,421,54421,15,2011,2HNYD2H63BH5,2,H,N,Y,D,2,H,6,3,B,H,5,0,P,ACUR,MDX,UT,11,17,4550,,0,1083,,G,,F,6,226,,,18R255,,,,,,0,0,000000000,00000000000,0,0,0,1,0,0,0,0,0,0,0,998,0,0,0,11,4,1,12,0,0,0,1,34,8054,6,1,0,0,3,0,62,999,0,0,0,0,0,0,0,0,0,0,0,0,0,0,2,2,50,1,1,2,1,0,0,1,60,1,1,1,98,0,0
34,340210,1,2,1,19,5,6,21,24,0,1,0,34,2,37,32,37032,4,1997,1HGCD5658VA2,1,H,G,C,D,5,6,5,8,V,A,2,0,P,HOND,UEX,4D,97,17,2974,,0,1069,,G,,F,4,132,,,15R195,,,,,,0,0,000000000,00000000000,0,0,0,1,0,0,0,0,0,0,0,998,0,0,0,1,6,2,12,0,0,0,1,34,8822,6,1,0,0,3,0,67,165,0,0,0,0,2,3,2010,11,2011,0,28,6,0,0,2,2,55,1,2,2,1,0,0,1,13,1,1,4,1,1,1
34,340210,2,2,1,19,5,6,21,24,0,1,0,34,1,55,33,55033,4,2011,5NPEB4AC0BH1,5,N,P,E,B,4,A,C,0,B,H,1,0,P,HYUN,SGL,4D,11,17,3161,,0,1100,,G,,F,4,144,,,16R205,,,,,,0,0,000000000,00000000000,0,0,0,1,0,0,0,0,0,0,0,998,0,0,0,12,6,2,12,0,0,0,1,34,8822,6,1,0,0,3,0,72,240,0,0,0,0,0,0,0,0,0,0,0,0,0,0,2,2,55,1,2,2,1,0,0,1,64,99,1,4,98,0,0
34,340211,1,2,3,1,5,18,29,12,2,1,0,34,2,12,422,12422,15,1996,1FMDU34X8TUD,1,F,M,D,U,3,4,X,8,T,U,D,0,P,FORD,EPR,UT,96,17,4189,,0,1115,,G,,F,6,245,,,15R225,,,,,,0,0,000000000,00000000000,0,0,0,1,0,0,0,0,0,0,0,998,0,1,1,12,6,2,1,0,0,0,1,34,8360,6,1,0,0,3,3,67,94,0,0,0,0,4,8,2010,2,2012,0,28,36,0,0,1,2,45,1,1,2,1,0,0,1,54,3,4,2,50,0,1
34,340211,2,2,1,1,5,18,29,12,2,1,0,34,1,49,32,49032,4,2000,2T1BR12EXYC3,2,T,1,B,R,1,2,E,X,Y,C,3,0,P,TOYT,UVL,4D,0,17,2403,,0,970,,G,,F,4,109,,,14R175,,,,,,0,0,000000000,00000000000,0,0,0,1,0,0,0,0,0,0,0,998,0,0,0,12,6,2,42,0,0,0,1,34,8352,6,1,0,0,3,0,67,999,0,0,0,0,0,0,0,0,0,0,0,0,0,0,1,2,45,1,1,2,1,0,0,1,62,1,3,2,51,1,0
34,340212,1,2,1,2,6,17,32,12,6,1,0,34,1,12,402,12402,14,2002,1FMYU03142KC,1,F,M,Y,U,0,3,1,4,2,K,C,0,P,FORD,SPE,UT,2,17,3277,,0,1031,,G,,F,6,181,,,15R225,,,,,,0,0,000000000,00000000000,0,0,0,1,0,0,0,0,0,0,0,998,0,0,0,2,9,1,12,0,0,0,1,34,8232,6,1,0,0,3,0,63,999,0,0,0,0,0,0,0,0,0,0,0,0,0,0,1,2,25,1,1,2,1,20,3,1,66,1,1,1,87,0,0
34,340212,2,2,1,2,6,17,32,12,6,1,0,92,0,76,703,76703,83,1996,JYA4SRW07TA0,J,Y,A,4,S,R,W,0,7,T,A,0,0,M,YAMA,Y25,MX,96,17,,,,,,,249,,1,,2,214,,,,,,,0,0,000000000,00000000000,0,0,0,1,0,0,0,0,0,0,0,998,0,0,0,12,9,3,12,0,0,0,1,34,8232,6,1,0,0,3,0,71,999,0,0,0,0,1,10,2009,10,2009,1,36,0,0,0,1,2,25,1,1,2,1,0,0,1,55,1,1,1,86,1,0
34,340213,1,2,1,7,1,8,57,12,6,1,0,34,1,34,402,34402,14,2007,WBXPC93467WF,W,B,X,P,C,9,3,4,6,7,W,F,0,P,BMW,BX3,UT,7,17,4012,,0,1101,,G,,F,6,183,,,17R235,,,,,,0,0,000000000,00000000000,0,0,0,1,0,0,0,0,0,0,0,998,0,0,0,12,9,2,12,0,0,0,1,34,8701,6,1,0,0,3,0,60,999,0,0,0,0,1,4,2011,4,2011,0,39,0,0,0,1,4,50,1,2,1,1,3,3,1,17,1,1,1,86,0,1
34,340213,2,2,2,7,1,8,57,12,6,1,0,34,1,35,47,35047,4,2009,1N4AL21E49N5,1,N,4,A,L,2,1,E,4,9,N,5,0,P,NISS,ATS,4D,9,17,3179,,0,1093,,G,,F,4,153,,,16R215,,,,,,0,0,000000000,00000000000,0,0,0,1,0,0,0,0,0,0,0,998,0,0,0,3,6,2,12,0,0,0,1,34,8753,6,1,0,0,3,0,62,999,0,0,0,0,0,0,0,0,0,0,0,0,0,0,4,2,0,1,1,2,1,3,3,1,17,1,1,1,87,1,0
34,340214,1,1,2,4,7,16,51,24,0,1,0,34,1,72,706,72706,80,2006,1HD1GX1156K3,1,H,D,1,G,X,1,1,5,6,K,3,0,M,HD,FXI,RS,6,17,,,,,,,1450,,2,,4,634,,,,,,,0,0,000000000,00000000000,0,0,0,1,0,0,0,0,0,0,0,998,0,0,0,3,6,2,30,0,0,0,1,34,8831,6,1,6,0,3,3,74,999,0,1,0,0,0,6,2010,6,2010,1,6,0,0,0,1,2,45,4,1,2,1,0,0,14,6,1,2,5,2,1,1
34,340215,1,1,1,4,7,23,35,8,0,1,0,34,1,7,482,7482,31,2002,3D7HU18N62G1,3,D,7,H,U,1,8,N,6,2,G,1,0,T,DODG,Q15,CW,2,17,,2,1605,1405,RPC,G,,,8,287,,,,B,5000,02,E,44,0,0,000000000,00000000000,0,0,0,1,0,0,0,0,0,0,0,998,0,0,0,12,9,1,8,0,0,0,1,34,8270,6,1,0,0,3,0,73,999,0,0,0,0,1,6,2012,6,2012,0,0,0,0,0,1,2,35,1,1,2,1,0,0,1,80,1,1,1,13,0,0
34,340216,1,1,1,25,4,15,49,9,0,1,0,34,3,12,481,12481,31,2003,1FTSX31F83EA,1,F,T,S,X,3,1,F,8,3,E,A,0,T,FORD,F3S,4C,3,17,,2,1580,1418,SRW,D,,,8,444,,,,D,5976,02,U,44,0,0,000000000,00000000000,0,0,0,1,0,0,0,0,0,0,0,998,0,0,0,2,9,2,9,0,0,0,1,34,8817,6,1,0,0,3,3,71,999,0,0,0,0,0,0,0,0,0,0,85,0,0,0,1,2,0,1,1,2,1,0,0,1,13,1,1,4,1,0,0
34,340217,1,1,1,14,5,0,48,14,0,1,0,34,4,12,37,12037,4,2010,1FAHP3FN8AW2,1,F,A,H,P,3,F,N,8,A,W,2,0,P,FORD,FSE,4D,10,17,2623,,0,1029,,G,,F,4,122,,,15R195,,,,,,0,0,000000000,00000000000,0,0,0,1,0,0,0,0,0,0,0,998,0,0,0,12,6,2,14,0,0,0,1,36,10024,6,1,0,0,3,0,73,999,0,0,0,0,0,0,0,0,0,0,28,0,0,0,3,3,65,1,1,2,2,0,0,1,13,1,1,4,1,1,1
34,340218,1,2,1,17,3,21,39,8,0,1,1,12,2,23,431,23431,16,1998,1GKEK13RXWJ7,1,G,K,E,K,1,3,R,X,W,J,7,0,T,GMC,YUK,4W,98,17,,2,0,1175,YUK,G,,,8,350,,,,B,5331,00,E,44,0,0,000000000,00000000000,0,0,0,1,0,0,0,0,0,0,0,998,0,0,0,11,9,1,8,0,0,0,1,34,8105,0,0,0,0,0,0,999,999,0,0,0,0,0,0,0,0,0,0,36,0,0,0,1,2,35,1,1,2,1,0,0,1,80,1,1,1,13,0,0
34,340218,2,2,1,17,3,21,39,8,0,1,0,42,2,12,481,12481,31,1997,1FTDX176XVND,1,F,T,D,X,1,7,6,X,V,N,D,0,T,FORD,F15,3C,97,17,,1,1570,1390,COF,G,,,8,281,,,,B,4045,03,E,42,0,0,000000000,00000000000,0,0,0,1,0,0,0,0,0,0,0,998,0,0,0,14,2,3,8,0,0,0,1,34,8105,0,0,0,0,0,0,999,999,0,0,0,0,0,0,0,0,0,0,91,0,0,0,1,2,35,1,1,2,1,0,0,1,80,1,1,1,98,0,0
34,340219,1,1,1,12,6,5,15,24,0,1,0,34,1,7,472,7472,30,2006,1D7HW48K46S5,1,D,7,H,W,4,8,K,4,6,S,5,0,T,DODG,DQS,CW,6,17,,2,0,1309,DAK,G,,,6,225,,,,B,4430,00,E,44,0,0,000000000,00000000000,0,0,0,1,0,0,0,0,0,0,0,998,0,0,0,1,6,2,58,0,0,0,1,34,8021,6,1,0,0,3,0,69,180,1,1,0,0,4,8,2010,10,2011,0,6,58,28,0,3,3,55,1,1,2,1,0,0,1,8,7,2,4,2,1,1
34,340220,1,3,2,16,6,11,5,12,1,1,0,34,1,7,482,7482,31,1999,3B7HC13Z6XG2,3,B,7,H,C,1,3,Z,6,X,G,2,0,T,DODG,Q15,4C,99,17,,2,1547,1387,RPC,G,,,8,360,,,,B,4604,02,U,42,0,0,000000000,00000000000,0,0,0,1,0,0,0,0,0,0,0,998,0,0,0,12,6,2,12,0,0,0,1,34,8327,6,1,0,0,3,0,69,999,0,0,0,0,0,0,0,0,0,0,6,0,0,0,1,2,50,1,1,2,1,0,0,1,51,1,1,1,24,0,0
34,340220,2,3,1,16,6,11,5,12,1,1,0,34,1,35,472,35472,30,2008,1N6AD09W58C4,1,N,6,A,D,0,9,W,5,8,C,4,0,T,NISS,CEO,CW,8,17,,1,0,1399,FRT,G,,,6,244,,,,,4407,00,4,44,0,0,000000000,00000000000,0,0,0,1,0,0,0,0,0,0,0,998,0,0,0,6,6,2,12,0,0,0,1,34,8316,6,1,0,0,3,3,67,999,0,0,0,0,0,0,0,0,0,0,0,0,0,0,1,2,50,1,1,2,1,0,0,1,53,1,1,1,26,0,0
34,340220,3,3,1,16,6,11,5,12,1,1,0,24,1,53,705,53705,80,2008,JS1GR7LA8821,J,S,1,G,R,7,L,A,8,8,2,1,0,M,SUZI,SX7,RC,8,17,,,,,,,749,,4,,4,363,,,,,,,0,0,000000000,00000000000,0,0,0,1,0,0,0,0,0,0,0,998,0,0,0,12,6,2,12,0,0,0,1,24,21113,6,1,0,0,3,0,61,999,0,0,0,0,0,0,0,0,0,0,0,0,0,0,1,2,50,1,1,2,1,0,0,1,62,1,1,1,98,1,0
34,340221,1,1,1,3,7,21,7,8,0,1,0,34,2,49,51,49051,4,2012,JTDBT4K3XCL0,J,T,D,B,T,4,K,3,X,C,L,0,0,P,TOYT,YAR,4D,12,17,2315,,0,1003,,G,,F,4,091,,,15R175,,,,,,0,0,000000000,00000000000,0,0,0,1,0,0,0,0,0,0,0,998,0,0,0,12,4,3,8,0,0,0,1,34,7747,6,1,0,0,3,3,75,999,0,0,0,0,0,0,0,0,0,0,0,0,0,0,1,2,35,2,2,2,1,0,0,14,80,2,1,1,13,0,0
34,340222,1,4,1,24,6,13,27,12,1,1,0,34,1,72,706,72706,80,2003,1HD4CJM493K4,1,H,D,4,C,J,M,4,9,3,K,4,0,M,HD,L8A,RS,3,17,,,,,,,883,,2,,4,486,,,,,,,0,0,000000000,00000000000,0,0,0,1,0,0,0,0,0,0,0,998,0,0,0,12,6,2,12,0,0,0,1,34,7748,6,1,0,0,3,0,71,243,0,0,0,0,2,8,2010,1,2012,0,26,0,0,0,1,2,50,1,5,2,1,0,0,15,51,3,2,2,28,1,0
34,340222,2,4,1,24,6,13,27,12,1,1,0,34,1,72,706,72706,80,1992,1HD1BJL40NY0,1,H,D,1,B,J,L,4,0,N,Y,0,0,M,HD,STC,RS,92,17,,,,,,,1340,,2,,4,710,,,,,,,0,0,000000000,00000000000,0,0,0,1,0,0,0,0,0,0,0,998,0,0,0,6,6,2,12,0,0,0,1,34,7734,6,1,0,0,3,0,75,999,0,0,0,0,0,0,0,0,0,0,6,27,0,0,1,2,50,1,5,2,1,0,0,2,53,3,2,2,31,0,0
34,340222,3,4,3,24,6,13,27,12,1,1,0,34,2,49,403,49403,14,2006,JTEEW21AX600,J,T,E,E,W,2,1,A,X,6,0,0,0,P,TOYT,HIG,UT,6,17,4275,,0,1069,,B,,F,6,201,,,16R225,,,,,,0,0,000000000,00000000000,0,0,0,1,0,0,0,0,0,0,0,998,0,0,0,62,6,2,12,0,0,0,1,34,7728,6,2,0,0,3,3,66,999,0,0,0,0,0,0,0,0,0,0,0,0,0,0,1,2,50,1,6,2,1,0,0,1,62,7,1,1,98,0,0
34,340222,4,4,1,24,6,13,27,12,1,1,0,34,1,72,706,72706,80,1988,1HD4CFM11JY1,1,H,D,4,C,F,M,1,1,J,Y,1,0,M,HD,X8D,RS,88,17,,,,,,,883,,2,,4,465,,,,,,,0,0,000000000,00000000000,0,0,0,1,0,0,0,0,0,0,0,998,0,0,0,10,6,2,12,0,0,0,1,34,8861,6,1,0,0,3,3,68,999,1,0,0,0,1,2,2010,7,2011,0,0,0,0,0,1,2,50,1,5,2,1,0,0,1,60,1,1,1,98,0,0
34,340223,1,1,1,27,5,22,37,8,0,1,1,34,2,7,472,7472,30,2008,1D7HW38K28S5,1,D,7,H,W,3,8,K,2,8,S,5,0,T,DODG,SXT,CW,8,17,,2,0,1313,DAK,G,,,6,225,,,,B,4573,00,E,44,0,0,000000000,00000000000,0,0,0,1,0,0,0,0,0,0,0,998,0,0,0,7,0,3,8,0,0,0,1,34,8070,1,1,0,0,2,0,62,999,0,3,0,0,0,3,2010,10,2010,0,86,0,0,0,1,2,25,1,1,2,1,0,0,1,80,1,1,1,13,0,0
34,340224,1,2,5,3,5,4,2,12,1,1,0,34,2,37,441,37441,20,2010,5FNRL3H45AB0,5,F,N,R,L,3,H,4,5,A,B,0,0,P,HOND,UDY,SV,10,17,4475,,0,1181,,G,,F,6,214,,,16R235,,,,,,0,0,000000000,00000000000,0,0,0,1,0,0,0,0,0,0,0,998,0,0,0,12,6,2,12,0,0,0,1,34,8817,6,1,0,0,3,3,65,999,2,0,0,0,4,1,2010,3,2012,0,6,0,0,0,3,2,55,1,1,2,2,3,3,1,51,1,1,1,24,1,0
34,340224,2,2,1,3,5,4,2,12,1,1,0,34,3,86,881,86881,63,2002,1M2P270C92M0,1,M,2,P,2,7,0,C,9,2,M,0,0,T,MACK,RD6,CC,2,17,,8,0,0,600,D,,,6,728,,,,,00000,00,,64,0,57,600392,57600392,3,2,98,1,0,0,0,0,0,0,0,998,0,0,0,6,9,2,12,0,0,0,1,34,8638,6,1,6,1,3,0,68,999,0,0,0,0,1,7,2009,7,2009,0,0,0,0,0,3,2,55,1,1,2,2,3,3,1,53,1,1,1,25,0,1