STATE,ST_CASE,VEH_NO,VE_FORMS,NUMOCCS,DAY,MONTH,HOUR,MINUTE,HARM_EV,MAN_COLL,UNITTYPE,HIT_RUN,REG_STAT,OWNER,MAKE,MODEL,MAK_MOD,BODY_TYP,MOD_YEAR,VIN,VIN_1,VIN_2,VIN_3,VIN_4,VIN_5,VIN_6,VIN_7,VIN_8,VIN_9,VIN_10,VIN_11,VIN_12,TOW_VEH,VINTYPE,VINMAKE,VINA_MOD,VIN_BT,VINMODYR,VIN_LNGT,VIN_WGT,WGTCD_TR,WHLBS_LG,WHLBS_SH,SER_TR,FUELCODE,MCYCL_DS,CARBUR,CYLINDER,DISPLACE,MCYCL_CY,MCYCL_WT,TIRE_SZE,TON_RAT,TRK_WT,TRKWTVAR,VIN_REST,WHLDRWHL,J_KNIFE,MCARR_I1,MCARR_I2,MCARR_ID,GVWR,V_CONFIG,CARGO_BT,HAZ_INV,HAZ_PLAC,HAZ_ID,HAZ_CNO,HAZ_REL,BUS_USE,SPEC_USE,EMER_USE,TRAV_SP,UNDERIDE,ROLLOVER,ROLINLOC,IMPACT1,DEFORMED,TOWED,M_HARM,VEH_SC1,VEH_SC2,FIRE_EXP,DR_PRES,L_STATE,DR_ZIP,L_STATUS,L_TYPE,CDL_STAT,L_ENDORS,L_COMPL,L_RESTRI,DR_HGT,DR_WGT,PREV_ACC,PREV_SUS,PREV_DWI,PREV_SPD,PREV_OTH,FIRST_MO,FIRST_YR,LAST_MO,LAST_YR,SPEEDREL,DR_SF1,DR_SF2,DR_SF3,DR_SF4,VTRAFWAY,VNUM_LAN,VSPD_LIM,VALIGN,VPROFILE,VPAVETYP,VSURCOND,VTRAFCON,VTCONT_F,P_CRASH1,P_CRASH2,P_CRASH3,PCRASH4,PCRASH5,ACC_TYPE,DEATHS,DR_DRINK
34,340262,1,2,2,29,6,21,55,12,6,1,0,34,2,37,32,37032,2,2011,1HGCS1B34BA0,1,H,G,C,S,1,B,3,4,B,A,0,0,P,HOND,HAS,CP,11,17,3254,,0,1072,,G,,F,4,146,,,16R215,,,,,,0,0,000000000,00000000000,0,0,0,1,0,0,0,0,0,0,0,998,0,0,0,12,6,2,2,0,0,1,1,34,7114,6,1,0,0,3,0,70,999,0,5,0,0,4,7,2009,4,2012,1,36,0,0,0,1,2,25,1,1,2,1,0,0,1,65,1,1,1,69,1,1
34,340262,2,2,3,29,6,21,55,12,6,1,0,34,1,35,402,35402,14,2004,5N1ED28Y24C6,5,N,1,E,D,2,8,Y,2,4,C,6,0,P,NISS,XTR,UT,4,17,3924,,0,1043,,G,,F,6,201,,,16R265,,,,,,0,0,000000000,00000000000,0,0,0,1,0,0,0,0,0,0,0,998,0,0,0,1,9,2,12,0,0,0,1,34,7114,6,1,0,0,3,0,67,999,0,0,0,0,0,0,0,0,0,0,0,0,0,0,1,2,25,1,1,2,1,20,3,11,53,1,1,1,68,0,0
34,340263,1,3,1,3,7,10,39,12,7,1,0,34,2,55,35,55035,4,2003,KMHDN45DX3U6,K,M,H,D,N,4,5,D,X,3,U,6,0,P,HYUN,EST,4D,3,17,2635,,0,1027,,G,,F,4,121,,,15R205,,,,,,0,0,000000000,00000000000,0,0,0,1,0,0,0,0,0,0,0,998,0,0,0,1,6,2,12,0,0,1,1,34,8755,6,1,0,0,3,0,60,999,0,0,0,2,2,4,2010,6,2012,1,6,0,0,0,1,2,55,3,1,2,1,0,0,14,51,7,1,1,98,1,0
34,340263,2,3,2,3,7,10,39,12,7,1,0,24,1,12,402,12402,14,2012,1FMCU9EG5CKA,1,F,M,C,U,9,E,G,5,C,K,A,0,P,FORD,SPE,UT,12,17,3477,,0,1031,,F,,F,6,183,,,16R235,,,,,,0,0,000000000,00000000000,0,0,0,1,0,0,0,0,0,0,0,998,0,0,0,8,2,1,12,0,0,0,1,24,21014,6,1,0,0,3,0,73,230,0,0,0,0,1,1,2011,1,2011,0,0,0,0,0,1,2,55,3,1,2,1,0,0,14,53,1,1,1,98,0,0
34,340263,3,3,2,3,7,10,39,12,7,1,0,34,3,24,1,24001,4,2002,1G8ZK52792Z3,1,G,8,Z,K,5,2,7,9,2,Z,3,0,P,STRN,SL2,4D,2,17,2431,,0,1024,,G,,F,4,116,,,15R185,,,,,,0,0,000000000,00000000000,0,0,0,1,0,0,0,0,0,0,0,998,0,0,0,12,6,2,12,0,0,0,1,34,8054,6,2,0,0,3,0,65,999,0,0,0,0,0,0,0,0,0,0,0,0,0,0,1,2,55,2,1,2,1,0,0,14,62,1,1,2,98,0,0
34,340264,1,1,5,28,6,12,35,33,0,1,0,34,2,34,35,34035,4,1998,WBADD6322WGT,W,B,A,D,D,6,3,2,2,W,G,T,0,P,BMW,52A,4D,98,17,3505,,0,1114,,G,,F,6,170,,,15R225,,,,,,0,0,000000000,00000000000,0,0,0,1,0,0,0,0,0,0,0,998,0,0,0,12,6,2,30,0,0,0,1,34,7108,0,0,0,0,0,0,999,999,0,1,0,0,1,4,2012,5,2012,1,28,36,0,0,1,2,25,1,1,2,1,0,0,1,12,1,1,5,6,1,0
34,340265,1,1,1,15,7,21,35,33,0,1,0,34,1,55,35,55035,4,2008,KMHDU46D28U5,K,M,H,D,U,4,6,D,2,8,U,5,0,P,HYUN,GST,4D,8,17,2723,,0,1043,,G,,F,4,121,,,15R195,,,,,,0,0,000000000,00000000000,0,0,0,1,0,0,0,0,0,0,0,998,0,0,0,14,6,2,30,0,0,0,1,34,8724,6,1,0,0,3,0,70,999,1,0,0,0,0,5,2010,5,2010,0,6,28,0,0,1,4,35,2,6,2,1,0,0,14,12,1,1,4,6,1,1
34,340266,1,1,2,19,7,17,50,23,0,1,0,34,1,24,1,24001,4,2001,1G8ZH52841Z2,1,G,8,Z,H,5,2,8,4,1,Z,2,0,P,STRN,SL1,4D,1,17,2360,,0,1024,,G,,F,4,116,,,14R185,,,,,,0,0,000000000,00000000000,0,0,0,1,0,0,0,0,0,0,0,998,0,0,0,1,4,3,8,0,0,0,1,34,8753,6,1,0,0,3,0,66,999,0,0,0,1,1,5,2010,8,2010,0,6,35,0,0,1,2,35,1,1,2,1,0,0,6,13,1,1,4,1,0,0
34,340267,1,1,1,31,7,20,52,8,0,1,0,34,3,54,35,54035,4,2012,999999999999,9,9,9,9,9,9,9,9,9,9,9,9,0,,,,,,,,,,,,,,,,,,,,,,,,,0,0,000000000,00000000000,0,0,0,1,0,0,0,0,0,0,0,998,0,0,0,12,9,2,8,0,0,0,1,34,7936,6,1,0,0,3,0,72,999,0,0,0,0,1,8,2009,8,2009,0,0,0,0,0,1,2,35,1,2,2,1,0,0,1,80,1,1,1,13,0,0
34,340268,1,2,2,21,7,9,40,12,6,1,0,36,1,20,403,20403,14,2007,1GNDT13S1721,1,G,N,D,T,1,3,S,1,7,2,1,0,P,CHEV,TRL,UT,7,17,4523,,0,1130,,G,,F,6,256,,,17R245,,,,,,0,0,000000000,00000000000,0,0,0,1,0,0,0,0,0,0,0,998,0,0,0,12,9,2,12,0,0,0,1,36,12780,6,1,0,0,3,0,70,999,0,0,0,0,0,0,0,0,0,0,38,6,0,0,1,2,35,1,5,2,1,0,0,11,15,1,1,1,68,0,0
34,340268,2,2,1,21,7,9,40,12,6,1,0,36,1,72,706,72706,80,1993,1HD1BML16PY0,1,H,D,1,B,M,L,1,6,P,Y,0,0,M,HD,FLF,RS,93,17,,,,,,,1340,,2,,4,650,,,,,,,0,0,000000000,00000000000,0,0,0,1,0,0,0,0,0,0,0,998,0,0,0,10,9,2,12,0,0,0,1,36,12589,6,1,0,0,3,0,70,999,0,0,0,1,0,8,2011,8,2011,0,0,0,0,0,1,2,35,1,3,2,1,0,0,1,55,9,1,1,69,1,0
34,340269,1,1,1,13,6,16,1,8,0,1,0,42,3,7,462,7462,21,2005,WD0PD7449557,W,D,0,P,D,7,4,4,9,5,5,7,0,T,DODG,SNR,EC,5,17,,2,0,1580,SNR,D,,,5,165,,,,,4822,00,E,42,0,0,000000000,00000000000,0,0,0,1,0,0,0,0,0,0,0,998,0,0,0,11,9,3,8,0,0,0,1,42,19043,6,1,6,9,8,0,69,999,0,0,0,0,0,0,0,0,0,0,6,0,0,0,1,2,50,1,1,2,1,0,0,1,80,3,2,1,13,0,0
34,340270,1,2,1,19,1,11,49,1,0,1,0,34,3,86,881,86881,63,2004,1M2AG11C34M0,1,M,2,A,G,1,1,C,3,4,M,0,0,T,MACK,CV7,CC,4,17,,8,0,0,700,D,,,6,728,,,,,00000,00,,64,0,57,1009912,571009912,3,2,4,1,0,0,0,0,0,0,0,998,7,2,1,0,6,2,12,0,0,0,1,34,8105,6,1,6,0,3,0,72,220,0,0,0,0,1,6,2011,6,2011,0,6,58,0,0,1,4,40,1,1,1,1,0,0,17,8,7,1,2,98,0,0
34,340270,2,2,1,19,1,11,49,1,0,1,0,34,2,59,403,59403,14,2009,2T2HK31U99C1,2,T,2,H,K,3,1,U,9,9,C,1,0,P,LEXS,RX5,UT,9,17,4090,,0,1069,,G,,F,6,211,,,17R225,,,,,,0,0,000000000,00000000000,0,0,0,1,0,0,0,0,0,0,0,998,0,0,0,13,6,2,12,0,0,0,1,34,8077,6,1,0,0,3,0,65,999,0,0,0,0,0,0,0,0,0,0,0,0,0,0,1,4,40,1,1,1,1,0,0,2,62,1,1,1,98,1,0
34,340272,1,2,1,29,4,20,59,12,6,1,0,34,1,53,705,53705,80,2002,JS1GR7HA6221,J,S,1,G,R,7,H,A,6,2,2,1,0,M,SUZI,SX7,RC,2,17,,,,,,,749,,4,,4,365,,,,,,,0,0,000000000,00000000000,0,0,0,1,0,0,0,0,0,0,0,998,0,0,0,12,6,2,12,0,0,0,1,34,8043,6,1,0,0,3,0,68,999,0,0,0,0,3,4,2010,10,2010,1,39,6,0,0,1,2,40,1,2,2,1,3,3,1,17,1,1,1,69,1,0
34,340272,2,2,2,29,4,20,59,12,6,1,0,34,2,30,40,30040,4,2010,3VWRZ7AJ2AM0,3,V,W,R,Z,7,A,J,2,A,M,0,0,P,VOLK,JSE,4D,10,17,3202,,0,1015,,G,,F,5,151,,,16R205,,,,,,0,0,000000000,00000000000,0,0,0,1,0,0,0,0,0,0,0,998,0,0,0,4,9,2,12,0,0,0,1,34,8003,6,1,0,0,3,0,70,999,0,0,0,0,1,3,2012,3,2012,0,0,0,0,0,1,3,40,1,2,2,1,3,3,11,55,1,1,1,68,0,0
34,340273,1,1,1,21,3,10,48,8,0,1,0,34,3,12,17,12017,4,2011,1FAHP2EW3BG1,1,F,A,H,P,2,E,W,3,B,G,1,0,P,FORD,TEL,4D,11,17,4015,,0,0,,G,,F,6,214,,,18R235,,,,,,0,0,000000000,00000000000,0,0,0,1,0,0,0,0,0,0,0,998,0,0,0,12,9,2,8,0,0,0,1,34,8857,6,1,0,0,3,0,64,999,0,0,0,0,1,2,2012,2,2012,0,0,0,0,0,1,4,40,1,2,2,1,0,0,1,80,1,1,1,13,0,0
34,340274,1,1,1,3,5,0,55,30,0,1,0,34,2,55,36,55036,4,2011,KMHCN4AC7BU6,K,M,H,C,N,4,A,C,7,B,U,6,0,P,HYUN,ALS,4D,11,17,2365,,0,0,,G,,F,4,098,,,000000,,,,,,0,0,000000000,00000000000,0,0,0,1,0,0,0,0,0,0,0,998,0,0,0,12,6,2,19,0,0,0,1,34,8611,0,0,0,0,0,0,999,999,0,0,0,0,0,0,0,0,0,1,36,28,0,0,1,2,25,2,1,2,1,3,3,14,6,1,2,4,7,1,0
34,340275,1,1,1,23,3,23,43,8,0,1,1,99,9,99,999,99999,99,9999,999999999999,9,9,9,9,9,9,9,9,9,9,9,9,0,,,,,,,,,,,,,,,,,,,,,,,,,0,0,000000000,00000000000,0,0,0,1,0,0,0,0,0,0,0,998,0,0,0,99,9,1,8,0,0,0,1,99,99999,9,9,99,9,9,9,999,999,99,99,99,99,99,99,9999,99,9999,9,99,99,99,99,3,2,40,1,1,2,1,3,3,1,80,1,1,9,13,0,0
34,340276,1,1,2,14,4,2,27,33,0,1,0,34,2,19,17,19017,4,1997,W06VR54R8VR1,W,0,6,V,R,5,4,R,8,V,R,1,0,P,CADI,CTR,4D,97,17,3658,,0,1074,,G,,F,6,181,,,16R225,,,,,,0,0,000000000,00000000000,0,0,0,1,0,0,0,0,0,0,0,998,0,0,0,99,6,2,19,0,0,0,1,34,7206,1,1,0,0,2,0,74,999,0,5,0,0,0,5,2009,3,2012,1,36,0,0,0,1,2,99,1,1,2,1,0,0,99,6,3,3,9,2,1,1
34,340277,1,2,1,13,5,14,46,12,8,1,0,34,2,48,34,48034,6,2002,4S3BH6659276,4,S,3,B,H,6,6,5,9,2,7,6,0,P,SUBA,ULK,SW,2,17,3425,,0,1043,,G,,F,4,153,,,16R225,,,,,,0,0,000000000,00000000000,0,0,0,1,0,0,0,0,0,0,0,998,0,0,0,11,9,3,12,0,0,0,1,34,7462,6,1,0,0,3,0,74,999,0,0,0,0,1,5,2011,5,2011,0,6,0,0,0,1,2,45,2,1,2,1,0,0,14,54,1,1,2,64,0,0
34,340277,2,2,2,13,5,14,46,12,8,1,0,34,1,72,706,72706,80,2001,1HD1FCW171Y6,1,H,D,1,F,C,W,1,7,1,Y,6,0,M,HD,FLU,RS,1,17,,,,,,,1450,,2,,4,788,,,,,,,0,0,000000000,00000000000,0,0,0,1,0,0,0,0,0,0,0,998,0,0,0,10,9,3,12,0,0,0,1,34,7405,6,1,0,0,3,0,76,220,0,0,0,0,0,0,0,0,0,0,0,0,0,0,1,2,45,3,1,2,1,0,0,14,62,1,1,2,65,1,0
34,340278,1,1,1,28,4,14,29,8,0,1,1,99,9,99,999,99999,99,9999,999999999999,9,9,9,9,9,9,9,9,9,9,9,9,0,,,,,,,,,,,,,,,,,,,,,,,,,0,99,999999999,99999999999,9,99,99,1,0,0,0,0,99,99,9,999,9,0,0,99,9,1,8,0,0,0,1,99,99999,9,9,99,9,9,9,999,999,99,99,99,99,99,99,9999,99,9999,9,99,99,99,99,1,4,35,1,1,2,1,0,0,99,80,99,9,9,13,0,0
34,340279,1,1,1,18,5,21,42,8,0,1,0,34,2,49,401,49401,14,2005,JTEBU14R6580,J,T,E,B,U,1,4,R,6,5,8,0,0,P,TOYT,RUN,UT,5,17,4070,,0,1098,,G,,F,6,244,,,17R265,,,,,,0,0,000000000,00000000000,0,0,0,1,0,0,0,0,0,0,0,998,0,0,0,11,2,3,8,0,0,0,1,34,7055,6,1,6,0,3,0,67,999,1,0,0,0,0,6,2011,6,2011,0,0,0,0,0,3,2,50,1,1,2,1,0,0,1,80,1,1,1,13,0,0
34,340280,1,1,2,20,6,16,25,42,0,1,0,34,2,22,2,22002,4,2001,1G2HY54K9142,1,G,2,H,Y,5,4,K,9,1,4,2,0,P,PONT,BSL,4D,1,17,3678,,0,1122,,G,,F,6,231,,,17R235,,,,,,0,0,000000000,00000000000,0,0,0,1,0,0,0,0,0,0,0,998,0,0,0,1,6,2,42,0,0,0,1,34,7060,6,1,0,0,3,0,70,999,1,3,0,0,1,8,2009,9,2011,0,6,0,0,0,3,3,65,1,2,2,1,0,0,1,13,1,1,5,1,1,0
34,340281,1,1,1,15,5,16,58,50,0,1,0,36,3,82,881,82881,66,2001,1FUJAHBDX1LH,1,F,U,J,A,H,B,D,X,1,L,H,1,T,FRHT,FLD,TR,1,17,,8,0,0,CON,D,,,6,855,,,,,00000,00,,64,1,99,999999999,99999999999,3,6,11,1,0,0,0,0,0,0,0,998,0,0,0,13,9,2,50,0,0,0,1,36,11365,6,1,0,0,3,0,999,999,0,0,0,0,0,0,0,0,0,0,0,0,0,0,1,2,99,1,2,2,1,0,0,1,98,1,1,1,98,1,0
34,340282,1,2,2,10,6,23,40,12,1,1,0,34,1,20,421,20421,15,2005,1GNEK13T45R1,1,G,N,E,K,1,3,T,4,5,R,1,0,P,CHEV,KTA,UT,5,17,5192,,0,1160,,G,,F,8,325,,,16R265,,,,,,0,0,000000000,00000000000,0,0,0,1,0,0,0,0,0,0,0,998,0,0,0,6,9,2,12,0,0,0,1,34,7202,6,1,0,0,3,0,66,999,0,0,0,0,0,0,0,0,0,0,0,0,0,0,3,2,40,1,2,2,1,0,0,1,53,1,1,1,27,0,0
34,340282,2,2,2,10,6,23,40,12,1,1,0,34,2,49,32,49032,4,1992,2T1AE94A8NC1,2,T,1,A,E,9,4,A,8,N,C,1,0,P,TOYT,CDF,4D,92,17,2257,,0,957,,G,,F,4,097,,,000000,,,,,,0,0,000000000,00000000000,0,0,0,1,0,0,0,0,0,0,0,998,0,0,0,12,6,2,12,0,0,0,1,34,7304,1,1,0,0,2,0,69,999,0,2,0,0,0,6,2009,7,2011,1,36,0,0,0,3,2,40,1,2,2,1,0,0,1,51,1,1,1,24,1,0
34,340283,1,5,2,27,6,14,20,12,6,1,0,34,1,34,401,34401,14,2006,5UXFA13556LY,5,U,X,F,A,1,3,5,5,6,L,Y,0,P,BMW,BX5,UT,6,17,4652,,0,1110,,G,,F,6,183,,,17R235,,,,,,0,0,000000000,00000000000,0,0,0,1,0,0,0,0,0,0,0,998,0,1,1,9,6,2,12,0,0,0,1,34,8234,6,1,0,0,3,0,73,999,0,0,0,0,2,7,2011,10,2011,0,6,38,39,0,1,2,25,1,1,2,1,20,3,1,17,1,1,2,89,0,0
34,340283,2,5,1,27,6,14,20,12,6,1,0,34,3,20,481,20481,31,2007,1GCEC19T17Z1,1,G,C,E,C,1,9,T,1,7,Z,1,0,T,CHEV,SC1,4C,7,17,,2,1575,1340,SIL,G,,,8,323,,,,B,4760,02,,42,0,0,000000000,00000000000,0,0,0,1,0,0,0,0,0,0,0,998,0,0,0,11,6,2,12,0,0,0,1,34,8241,6,1,6,0,3,0,67,180,0,0,0,0,0,0,0,0,0,0,0,0,0,0,1,2,45,1,2,2,1,0,0,1,66,1,1,2,98,1,0
34,340283,3,5,1,27,6,14,20,12,6,1,0,34,2,37,402,37402,14,2000,JHLRD1865YC0,J,H,L,R,D,1,8,6,5,Y,C,0,0,P,HOND,CRV,UT,0,17,3245,,0,1032,,G,,F,4,120,,,15R205,,,,,,0,0,000000000,00000000000,0,0,0,1,0,0,0,0,0,0,0,998,0,0,0,12,6,2,12,0,0,0,1,34,8330,6,1,0,0,3,3,62,999,0,0,0,0,0,0,0,0,0,0,0,0,0,0,1,2,45,1,2,2,1,0,0,1,66,1,1,2,88,0,0
34,340283,4,5,1,27,6,14,20,12,6,1,0,34,1,41,50,41050,4,2003,1YVFP80C735M,1,Y,V,F,P,8,0,C,7,3,5,M,0,P,MAZD,M6I,4D,3,17,3042,,0,1053,,G,,F,4,138,,,16R205,,,,,,0,0,000000000,00000000000,0,0,0,1,0,0,0,0,0,0,0,998,0,0,0,11,9,3,12,0,0,0,1,34,8330,6,1,0,0,3,3,65,999,0,0,0,0,0,0,0,0,0,0,0,0,0,0,1,2,45,1,2,2,1,0,0,1,62,1,1,1,98,0,0
34,340283,5,5,2,27,6,14,20,12,6,1,0,34,1,37,31,37031,4,2008,2HGFA16938H3,2,H,G,F,A,1,6,9,3,8,H,3,0,P,HOND,CVL,4D,8,17,2806,,0,1063,,G,,F,4,110,,,16R205,,,,,,0,0,000000000,00000000000,0,0,0,1,0,0,0,0,0,0,0,998,0,0,0,14,2,4,33,0,0,0,1,34,8234,6,1,0,0,3,0,60,999,0,0,0,0,0,0,0,0,0,0,0,0,0,0,1,2,45,1,2,2,1,0,0,17,98,7,1,4,98,0,0
34,340284,1,1,5,29,6,14,18,25,0,1,0,12,1,20,403,20403,14,2004,1GNDS13S2423,1,G,N,D,S,1,3,S,2,4,2,3,0,P,CHEV,TRL,UT,4,17,4425,,0,1130,,G,,F,6,256,,,16R245,,,,,,0,0,000000000,00000000000,0,0,0,1,0,0,0,0,0,0,0,998,0,1,2,11,6,2,1,0,0,0,1,34,7008,6,1,0,0,3,0,61,999,0,0,0,0,0,0,0,0,0,0,80,0,0,0,3,2,65,1,1,2,1,0,0,1,1,99,2,4,7,1,0
34,340285,1,2,1,8,7,20,37,12,6,1,0,34,2,49,40,49040,4,2005,4T1BE32K35U0,4,T,1,B,E,3,2,K,3,5,U,0,0,P,TOYT,XLL,4D,5,17,3108,,0,1071,,G,,F,4,144,,,15R205,,,,,,0,0,000000000,00000000000,0,0,0,1,0,0,0,0,0,0,0,998,0,0,0,9,6,2,12,0,0,0,1,34,7836,6,1,0,0,3,3,66,999,1,0,0,1,2,5,2010,5,2012,0,38,0,0,0,1,2,45,1,1,2,1,0,0,11,54,1,1,2,82,0,0
34,340285,2,2,2,8,7,20,37,12,6,1,0,34,1,73,706,73706,80,1994,JKAZG9B14RB5,J,K,A,Z,G,9,B,1,4,R,B,5,0,M,KAWK,ZG2,RS,94,17,,,,,,,1200,,4,,4,699,,,,,,,0,0,000000000,00000000000,0,0,0,1,0,0,0,0,0,0,0,998,0,0,0,12,6,2,12,0,0,0,1,34,8757,6,1,0,0,3,0,68,220,0,0,0,0,0,0,0,0,0,0,0,0,0,0,1,2,45,1,1,2,1,0,0,1,71,6,1,2,83,1,0
34,340286,1,1,4,27,7,1,57,8,0,1,0,34,1,23,422,23422,15,2006,1GKFK66U56J1,1,G,K,F,K,6,6,U,5,6,J,1,0,T,GMC,DXL,4W,6,17,,2,0,1300,YUK,G,,,8,366,,,,B,5754,00,R,44,0,0,000000000,00000000000,0,0,0,1,0,0,0,0,0,0,0,998,0,0,0,11,2,3,8,0,0,0,1,34,8731,6,1,0,0,3,3,74,999,0,0,0,0,0,0,0,0,0,0,0,0,0,0,2,4,55,1,2,2,2,0,0,1,80,1,1,1,13,0,0
34,340287,1,1,1,24,8,21,39,8,0,1,0,34,2,63,402,63402,14,2011,5XYKT3A11BG0,5,X,Y,K,T,3,A,1,1,B,G,0,0,P,KIA,SOR,UT,11,17,3763,,0,1063,,G,,F,4,144,,,17R235,,,,,,0,0,000000000,00000000000,0,0,0,1,0,0,0,0,0,0,0,998,0,0,0,12,9,3,8,0,0,0,1,34,8109,6,1,0,0,3,0,64,999,0,0,0,0,0,0,0,0,0,0,0,0,0,0,3,3,50,1,1,2,1,3,3,1,80,1,1,1,13,0,0
34,340288,1,2,6,16,6,14,2,12,2,1,0,34,1,37,421,37421,15,2007,2HKYF18407H5,2,H,K,Y,F,1,8,4,0,7,H,5,0,P,HOND,PIL,UT,7,17,4497,,0,1063,,G,,F,6,213,,,16R235,,,,,,0,0,000000000,00000000000,0,0,0,1,0,0,0,0,0,0,0,998,0,0,0,12,9,2,12,0,0,0,1,34,7922,6,1,0,0,3,0,72,999,0,0,0,1,1,6,2009,4,2010,0,0,0,0,0,1,2,40,1,1,2,1,0,0,1,62,1,1,1,51,1,0
34,340288,2,2,1,16,6,14,2,12,2,1,0,12,2,12,17,12017,6,2000,1FAFP58U8YG1,1,F,A,F,P,5,8,U,8,Y,G,1,0,P,FORD,TSE,SW,0,17,3540,,0,1085,,G,,F,6,182,,,16R215,,,,,,0,0,000000000,00000000000,0,0,0,1,0,0,0,0,0,0,0,998,0,0,0,12,9,2,12,0,0,0,1,12,34103,6,1,0,0,3,0,71,999,1,0,0,2,4,7,2009,2,2011,0,38,0,0,0,1,2,40,1,1,2,1,0,0,1,10,1,1,2,50,0,0
34,340289,1,2,4,13,4,14,54,12,7,1,0,42,1,20,404,20404,14,2008,2CNDL23F5862,2,C,N,D,L,2,3,F,5,8,6,2,0,P,CHEV,EQU,UT,8,17,3699,,0,1125,,G,,F,6,207,,,16R235,,,,,,0,0,000000000,00000000000,0,0,0,1,0,0,0,0,0,0,0,998,0,0,0,2,9,3,12,0,0,0,1,42,19135,6,1,0,0,3,0,66,999,0,0,0,0,0,0,0,0,0,0,6,27,0,0,3,3,55,1,1,2,1,0,0,15,53,1,1,4,46,0,1
34,340289,2,2,1,13,4,14,54,12,7,1,0,34,1,37,705,37705,80,2004,JH2PC37084M1,J,H,2,P,C,3,7,0,8,4,M,1,0,M,HOND,B60,RC,4,17,,,,,,,599,,4,,4,370,,,,,,,0,0,000000000,00000000000,0,0,0,1,0,0,0,0,0,0,0,998,0,0,0,10,6,2,1,0,0,0,1,34,8083,6,1,0,0,2,0,72,176,0,3,2,0,5,3,2010,10,2011,1,36,34,0,0,3,3,55,1,1,2,1,0,0,6,51,1,2,4,47,1,0
34,340290,1,3,2,26,6,17,30,12,11,1,0,34,1,12,17,12017,4,2004,1FAFP55U04G1,1,F,A,F,P,5,5,U,0,4,G,1,0,P,FORD,TSS,4D,4,17,3306,,0,1085,,G,,F,6,182,,,16R215,,,,,,0,0,000000000,00000000000,0,0,0,1,0,0,0,0,0,0,0,998,0,0,0,3,6,2,12,0,0,0,1,34,8005,6,1,0,0,3,0,74,999,0,0,0,0,0,0,0,0,0,0,38,0,0,0,1,2,45,2,1,2,1,0,0,11,55,1,1,1,68,0,0
34,340290,2,3,1,26,6,17,30,12,11,1,0,34,2,72,706,72706,80,2001,1HD1FDV181Y6,1,H,D,1,F,D,V,1,8,1,Y,6,0,M,HD,FHR,RS,1,17,,,,,,,1450,,2,,4,723,,,,,,,0,0,000000000,00000000000,0,0,0,1,0,0,0,0,0,0,0,998,0,0,0,3,6,2,12,0,0,0,1,34,8758,6,1,0,0,3,0,71,999,0,0,0,0,0,0,0,0,0,0,0,0,0,0,1,2,45,2,1,2,1,0,0,14,62,1,1,1,69,1,0
34,340290,3,3,1,26,6,17,30,12,11,1,0,34,2,49,403,49403,14,2002,JTEHF21A5200,J,T,E,H,F,2,1,A,5,2,0,0,0,P,TOYT,HIG,UT,2,17,3880,,0,1069,,G,,F,6,183,,,16R225,,,,,,0,0,000000000,00000000000,0,0,0,1,0,0,0,0,0,0,0,998,0,0,0,10,2,1,54,0,0,0,1,34,8005,6,1,0,0,3,3,74,999,0,0,0,0,0,0,0,0,0,0,0,0,0,0,1,2,45,3,1,2,1,0,0,14,98,1,1,1,98,0,0
34,340291,1,4,1,5,6,17,59,12,1,1,0,34,1,2,405,2405,14,2004,1J4GL58K24W1,1,J,4,G,L,5,8,K,2,4,W,1,0,T,JEEP,LMD,4W,4,17,,1,0,1043,LIB,G,,,6,226,,,,,3892,00,E,44,0,0,000000000,00000000000,0,0,0,1,0,0,0,0,0,0,0,998,0,1,1,12,6,2,12,0,0,0,1,34,7901,6,1,0,0,3,0,73,999,1,0,0,0,0,8,2011,8,2011,0,6,26,0,0,3,5,50,1,1,1,1,0,0,1,52,1,1,1,24,1,0
34,340291,2,4,2,5,6,17,59,12,1,1,0,36,1,37,403,37403,14,2004,5J6YH28564L0,5,J,6,Y,H,2,8,5,6,4,L,0,0,P,HOND,ELE,UT,4,17,3527,,0,1014,,G,,F,4,146,,,16R215,,,,,,0,0,000000000,00000000000,0,0,0,1,0,0,0,0,0,0,0,998,0,0,0,6,6,2,12,0,0,0,1,36,11374,6,1,0,0,3,0,73,999,0,0,0,0,1,8,2011,8,2011,0,0,0,0,0,3,5,50,1,1,1,1,0,0,1,53,1,1,1,27,0,0
34,340291,3,4,2,5,6,17,59,12,1,1,0,36,1,2,405,2405,14,2006,1J4GL48K96W2,1,J,4,G,L,4,8,K,9,6,W,2,0,T,JEEP,SPR,4W,6,17,,1,0,1043,LIB,G,,,6,226,,,,,3857,00,E,44,0,0,000000000,00000000000,0,0,0,1,0,0,0,0,0,0,0,998,0,0,0,7,2,1,12,0,0,0,1,36,10314,6,1,0,0,3,0,69,999,0,0,0,0,0,0,0,0,0,0,0,0,0,0,3,5,50,1,1,1,1,0,0,1,61,1,1,1,98,0,0
34,340291,4,4,1,5,6,17,59,12,1,1,0,36,1,35,47,35047,4,2008,1N4AL21E98C1,1,N,4,A,L,2,1,E,9,8,C,1,0,P,NISS,ATS,4D,8,17,3028,,0,1093,,G,,F,4,153,,,16R215,,,,,,0,0,000000000,00000000000,0,0,0,1,0,0,0,0,0,0,0,998,0,0,0,12,2,1,12,0,0,0,1,36,10309,6,1,0,0,3,3,76,999,0,0,0,0,0,0,0,0,0,0,0,0,0,0,3,5,50,1,1,1,1,0,0,1,61,2,1,1,98,0,0