STATE,ST_CASE,VEH_NO,VE_FORMS,NUMOCCS,DAY,MONTH,HOUR,MINUTE,HARM_EV,MAN_COLL,UNITTYPE,HIT_RUN,REG_STAT,OWNER,MAKE,MODEL,MAK_MOD,BODY_TYP,MOD_YEAR,VIN,VIN_1,VIN_2,VIN_3,VIN_4,VIN_5,VIN_6,VIN_7,VIN_8,VIN_9,VIN_10,VIN_11,VIN_12,TOW_VEH,VINTYPE,VINMAKE,VINA_MOD,VIN_BT,VINMODYR,VIN_LNGT,VIN_WGT,WGTCD_TR,WHLBS_LG,WHLBS_SH,SER_TR,FUELCODE,MCYCL_DS,CARBUR,CYLINDER,DISPLACE,MCYCL_CY,MCYCL_WT,TIRE_SZE,TON_RAT,TRK_WT,TRKWTVAR,VIN_REST,WHLDRWHL,J_KNIFE,MCARR_I1,MCARR_I2,MCARR_ID,GVWR,V_CONFIG,CARGO_BT,HAZ_INV,HAZ_PLAC,HAZ_ID,HAZ_CNO,HAZ_REL,BUS_USE,SPEC_USE,EMER_USE,TRAV_SP,UNDERIDE,ROLLOVER,ROLINLOC,IMPACT1,DEFORMED,TOWED,M_HARM,VEH_SC1,VEH_SC2,FIRE_EXP,DR_PRES,L_STATE,DR_ZIP,L_STATUS,L_TYPE,CDL_STAT,L_ENDORS,L_COMPL,L_RESTRI,DR_HGT,DR_WGT,PREV_ACC,PREV_SUS,PREV_DWI,PREV_SPD,PREV_OTH,FIRST_MO,FIRST_YR,LAST_MO,LAST_YR,SPEEDREL,DR_SF1,DR_SF2,DR_SF3,DR_SF4,VTRAFWAY,VNUM_LAN,VSPD_LIM,VALIGN,VPROFILE,VPAVETYP,VSURCOND,VTRAFCON,VTCONT_F,P_CRASH1,P_CRASH2,P_CRASH3,PCRASH4,PCRASH5,ACC_TYPE,DEATHS,DR_DRINK
34,340292,1,2,1,16,2,8,18,12,6,1,0,34,3,86,881,86881,63,2004,1M2AG11C54M0,1,M,2,A,G,1,1,C,5,4,M,0,0,T,MACK,CV7,CC,4,17,,8,0,0,700,D,,,6,728,,,,,00000,00,,64,0,88,888888888,88888888888,3,2,4,1,0,0,0,0,0,0,0,998,0,0,0,12,9,2,12,0,0,0,1,34,8533,6,1,6,1,3,0,72,999,0,0,0,0,0,0,0,0,0,0,0,0,0,0,1,2,45,1,1,2,1,4,3,1,17,1,1,1,88,0,0
34,340292,2,2,19,16,2,8,18,12,6,1,0,34,3,84,981,84981,50,2012,4DRBUAAP7CB3,4,D,R,B,U,A,A,P,7,C,B,3,0,T,INTL,,,12,17,,,,,,,,,,,,,,,,,,,0,88,888888888,88888888888,3,21,22,1,0,0,0,0,1,0,0,998,0,0,0,7,6,2,12,0,0,0,1,34,8010,6,1,6,1,3,3,73,999,0,0,0,0,0,0,0,0,0,0,38,0,0,0,1,2,45,1,1,2,1,4,3,1,17,1,1,1,89,1,0
34,340293,1,2,2,22,7,17,2,12,7,1,0,34,1,49,40,49040,4,2007,JTNBE46K9730,J,T,N,B,E,4,6,K,9,7,3,0,0,P,TOYT,CMB,4D,7,17,3108,,0,1093,,G,,F,4,146,,,15R205,,,,,,0,0,000000000,00000000000,0,0,0,1,0,0,0,0,0,0,0,998,0,0,0,9,6,2,12,0,0,0,1,34,7304,6,1,0,0,3,0,61,999,0,2,0,0,5,6,2010,8,2011,0,0,0,0,0,3,3,50,1,1,2,1,0,0,15,51,1,1,2,46,0,0
34,340293,2,2,3,22,7,17,2,12,7,1,0,36,2,20,22,20022,4,2009,1G1AS58H2972,1,G,1,A,S,5,8,H,2,9,7,2,0,P,CHEV,BLS,4D,9,17,3216,,0,1033,,G,,F,4,134,,,15R195,,,,,,0,0,000000000,00000000000,0,0,0,1,0,0,0,0,0,0,0,999,0,1,5,5,6,2,1,0,0,0,1,36,10314,6,1,0,0,3,0,64,999,0,0,0,0,0,0,0,0,0,0,0,0,0,0,3,3,50,1,1,2,1,0,0,1,61,1,1,1,45,1,0
34,340294,1,3,1,26,6,19,5,12,6,1,0,34,1,72,706,72706,80,1997,1HD1BJL49VY0,1,H,D,1,B,J,L,4,9,V,Y,0,0,M,HD,STC,RS,97,17,,,,,,,1340,,2,,4,704,,,,,,,0,0,000000000,00000000000,0,0,0,1,0,0,0,0,0,0,0,998,0,0,0,9,6,2,12,0,0,0,1,34,8330,6,1,0,0,3,0,71,999,0,0,0,0,0,0,0,0,0,0,0,0,0,0,1,2,40,1,1,2,1,0,0,1,62,1,1,1,69,1,1
34,340294,2,3,1,26,6,19,5,12,6,1,0,34,1,72,706,72706,80,2012,1HD1JRV24CB0,1,H,D,1,J,R,V,2,4,C,B,0,0,M,HD,FSS,RS,12,17,,,,,,,1690,,2,,4,671,,,,,,,0,0,000000000,00000000000,0,0,0,1,0,0,0,0,0,0,0,998,0,0,0,9,6,2,12,0,0,0,1,34,8330,6,1,0,0,3,0,69,999,0,0,0,0,0,0,0,0,0,0,0,0,0,0,1,2,50,1,1,2,1,0,0,1,61,1,1,1,98,0,0
34,340294,3,3,1,26,6,19,5,12,6,1,0,34,1,48,34,48034,6,2001,4S3BH6654176,4,S,3,B,H,6,6,5,4,1,7,6,0,P,SUBA,ULK,SW,1,17,3425,,0,1043,,G,,F,4,153,,,16R225,,,,,,0,0,000000000,00000000000,0,0,0,1,0,0,0,0,0,0,0,998,0,0,0,12,9,2,12,0,0,0,1,34,8330,6,1,0,0,3,3,68,999,0,0,0,0,0,0,0,0,0,0,6,38,0,0,1,2,40,1,1,2,1,0,0,11,55,1,1,1,68,0,0
34,340295,1,1,1,24,6,19,30,9,0,1,0,34,1,32,45,32045,1,2001,TRUTC28N0110,T,R,U,T,C,2,8,N,0,1,1,0,0,P,AUDI,ATN,RD,1,17,3057,,0,954,,G,,T,4,109,,,16R205,,,,,,0,0,000000000,00000000000,0,0,0,1,0,0,0,0,0,0,0,998,0,0,0,12,6,2,9,0,0,0,1,34,8005,1,1,0,0,2,0,74,999,1,5,0,4,5,9,2009,3,2012,0,6,28,0,0,1,2,35,1,2,2,1,0,0,1,83,1,1,4,13,0,0
34,340296,1,1,1,4,7,2,48,33,0,1,0,34,1,53,705,53705,80,2007,JS1GN7DA9721,J,S,1,G,N,7,D,A,9,7,2,1,0,M,SUZI,G60,RC,7,17,,,,,,,599,,4,,4,354,,,,,,,0,0,000000000,00000000000,0,0,0,1,0,0,0,0,0,0,0,998,0,0,0,14,9,3,1,0,0,0,1,34,7753,6,1,0,0,3,0,65,999,0,0,0,0,1,7,2010,7,2010,1,36,0,0,0,3,2,35,2,3,1,1,0,0,3,12,1,1,4,6,1,1
34,340297,1,1,1,25,7,5,30,24,0,1,0,34,1,7,461,7461,21,1996,2B6HB21YXTK1,2,B,6,H,B,2,1,Y,X,T,K,1,0,T,DODG,25B,CG,96,17,,2,1272,1096,RMV,G,,,8,318,,,,C,3714,03,M,42,0,0,000000000,00000000000,0,0,0,1,0,0,0,0,0,0,0,998,0,0,0,6,9,3,21,0,0,0,1,34,8865,6,1,0,0,3,0,66,999,0,0,0,0,1,11,2010,11,2010,0,6,58,28,0,3,3,65,4,1,2,1,0,0,14,13,7,4,4,1,1,0
34,340298,1,2,1,11,7,0,25,9,0,1,1,34,2,7,442,7442,20,1999,2B4GP44R6XR4,2,B,4,G,P,4,4,R,6,X,R,4,0,T,DODG,GSS,ES,99,17,,1,0,1193,CAR,G,,,6,201,,,,,3856,00,E,42,0,0,000000000,00000000000,0,0,0,1,0,0,0,0,0,0,0,998,0,0,0,12,9,1,9,0,0,0,1,99,99999,9,9,99,9,9,9,999,999,99,99,99,99,99,99,9999,99,9999,9,99,99,99,99,1,2,25,1,1,2,1,0,0,99,83,99,9,9,13,0,0
34,340298,2,2,1,11,7,0,25,9,0,1,1,34,2,12,401,12401,14,2001,1FMDU72E21ZA,1,F,M,D,U,7,2,E,2,1,Z,A,0,P,FORD,EPR,UT,1,17,4045,,0,1116,,G,,F,6,245,,,15R235,,,,,,0,0,000000000,00000000000,0,0,0,1,0,0,0,0,0,0,0,998,0,0,0,12,9,1,9,0,0,0,1,34,7203,6,1,0,0,3,0,73,999,0,4,0,0,3,1,2010,5,2012,0,36,0,0,0,1,2,25,1,1,2,1,0,0,99,83,99,9,9,98,0,1
34,340299,1,2,1,1,8,20,38,12,6,1,0,34,2,20,431,20431,16,1995,1GNFK16K9SJ4,1,G,N,F,K,1,6,K,9,S,J,4,0,P,CHEV,K15,UT,95,17,0,,0,1315,,G,,F,8,350,,,16R245,,,,,,0,0,000000000,00000000000,0,0,0,1,0,0,0,0,0,0,0,998,0,0,0,12,6,2,2,0,0,1,1,34,8302,6,1,0,0,3,0,70,999,0,0,0,0,2,9,2010,11,2010,0,39,6,0,0,1,2,25,1,1,2,1,3,3,6,17,1,1,1,86,1,0
34,340299,2,2,1,1,8,20,38,12,6,1,0,34,3,51,881,51881,66,2004,4V4NC9GG64N3,4,V,4,N,C,9,G,G,6,4,N,3,1,T,VOLV,VNL,TR,4,17,,8,0,0,VVN,D,,,6,732,,,,,00000,00,,64,3,57,2059678,572059678,3,6,1,1,0,0,0,0,0,0,0,998,0,0,0,2,6,2,2,0,0,1,1,34,8302,6,1,6,0,3,0,75,999,0,0,0,0,0,0,0,0,0,0,0,0,0,0,1,2,50,1,1,2,1,0,0,1,66,1,1,1,87,0,0
34,340300,1,1,1,22,8,5,56,33,0,1,0,34,1,37,32,37032,4,1992,1HGCB7579NA0,1,H,G,C,B,7,5,7,9,N,A,0,0,P,HOND,AEX,4D,92,17,2987,,0,1071,,G,,F,4,132,,,15R195,,,,,,0,0,000000000,00000000000,0,0,0,1,0,0,0,0,0,0,0,998,0,0,0,14,6,2,58,0,0,0,1,34,7305,6,1,0,0,3,0,64,999,0,0,0,0,0,0,0,0,0,1,36,0,0,0,3,2,50,1,1,2,1,0,0,15,6,1,2,4,2,1,0
34,340301,1,1,1,11,9,6,39,9,0,1,0,34,2,12,17,12017,4,2000,1FAFP56SXYG1,1,F,A,F,P,5,6,S,X,Y,G,1,0,P,FORD,TEL,4D,0,17,3333,,0,1085,,G,,F,6,182,,,16R215,,,,,,0,0,000000000,00000000000,0,0,0,1,0,0,0,0,0,0,0,998,0,0,0,12,9,3,9,0,0,0,1,34,8108,6,1,0,0,3,0,69,999,0,0,0,0,0,0,0,0,0,0,0,0,0,0,4,1,25,2,3,2,1,0,0,14,80,6,1,1,13,0,0
34,340302,1,1,1,12,7,17,9,1,0,1,0,0,0,98,998,98998,92,1980,999999999999,9,9,9,9,9,9,9,9,9,9,9,9,1,,,,,,,,,,,,,,,,,,,,,,,,,1,0,000000000,00000000000,9,0,0,1,0,0,0,0,0,0,0,998,0,2,5,0,9,2,1,0,0,0,1,34,8062,6,1,0,0,3,0,65,999,0,0,0,0,0,0,0,0,0,0,0,0,0,0,1,2,50,1,6,2,1,0,0,98,98,99,1,5,98,1,1
34,340303,1,2,2,11,7,15,33,12,7,1,0,34,3,20,461,20461,21,2005,1GCGG25V0511,1,G,C,G,G,2,5,V,0,5,1,1,0,T,CHEV,E25,CG,5,17,,2,0,1350,EXP,G,,,8,293,,,,C,5002,00,,42,0,0,000000000,00000000000,0,0,0,1,0,0,0,0,0,0,0,998,0,0,0,1,9,3,12,0,0,0,1,34,8081,6,1,0,0,3,0,74,999,0,0,0,0,3,12,2010,4,2012,0,28,6,0,0,2,2,65,1,1,2,1,0,0,15,11,2,1,2,46,0,0
34,340303,2,2,2,11,7,15,33,12,7,1,0,42,1,48,401,48401,14,2003,JF1SG656X3H7,J,F,1,S,G,6,5,6,X,3,H,7,0,P,SUBA,FOR,UT,3,17,3095,,0,994,,G,,F,4,150,,,16R215,,,,,,0,0,000000000,00000000000,0,0,0,1,0,0,0,0,0,0,0,998,0,0,0,7,6,2,42,0,0,0,1,42,19403,6,1,0,0,3,3,74,999,0,0,0,0,0,0,0,0,0,0,0,0,0,0,2,2,65,1,1,2,1,0,0,1,61,1,3,2,45,2,0
34,340304,1,2,1,14,7,15,23,12,6,1,0,34,2,18,2,18002,4,1993,1G4HP53L3PH4,1,G,4,H,P,5,3,L,3,P,H,4,0,P,BUIC,L90,4D,93,17,3338,,0,1108,,G,,F,6,231,,,15R205,,,,,,0,0,000000000,00000000000,0,0,0,1,0,0,0,0,0,0,0,998,0,0,0,12,6,2,12,0,0,0,1,34,8302,6,1,0,0,3,0,66,999,0,3,0,0,0,4,2010,6,2010,0,38,0,0,0,1,2,50,1,1,2,1,0,0,1,17,1,1,1,88,0,0
34,340304,2,2,1,14,7,15,23,12,6,1,0,10,1,98,709,98709,80,1997,1C9S3B502VG5,1,C,9,S,3,B,5,0,2,V,G,5,0,U,,,,97,17,,,,,,,,,,,,,,,,,,,0,0,000000000,00000000000,0,0,0,1,0,0,0,0,0,0,0,998,0,0,0,9,6,2,12,0,0,0,1,10,19702,9,9,99,9,9,9,70,190,99,99,99,99,99,99,9999,99,9999,0,0,0,0,0,1,2,50,1,1,2,1,0,0,1,17,1,1,1,89,1,0
34,340305,1,1,3,23,7,3,14,31,0,1,0,42,2,41,47,41047,4,1998,JM1TA2216W14,J,M,1,T,A,2,2,1,6,W,1,4,0,P,MAZD,MIL,4D,98,17,3216,,0,1083,,G,,F,6,152,,,15R205,,,,,,0,0,000000000,00000000000,0,0,0,1,0,0,0,0,0,0,0,998,0,1,3,12,6,2,1,0,0,0,1,34,8210,6,2,0,0,3,2,65,999,0,0,0,0,0,0,0,0,0,1,36,73,0,0,3,2,65,1,1,2,1,0,0,1,6,6,4,4,7,1,1
34,340306,1,2,3,11,7,23,49,12,2,1,0,34,2,42,43,42043,4,2001,WDBNG75J11A1,W,D,B,N,G,7,5,J,1,1,A,1,0,P,MERZ,S50,4D,1,17,3925,,0,1215,,G,,F,8,303,,,16R225,,,,,,0,0,000000000,00000000000,0,0,0,1,0,0,0,0,0,0,0,998,0,0,0,12,9,3,12,0,0,0,1,34,7031,6,1,0,0,3,0,68,999,0,0,0,0,5,7,2011,2,2012,0,0,0,0,0,3,2,55,3,1,2,1,0,0,14,54,6,1,5,52,0,0
34,340306,2,2,4,11,7,23,49,12,2,1,0,34,2,12,23,12023,4,2011,3FAHP0HA9BR2,3,F,A,H,P,0,H,A,9,B,R,2,0,P,FORD,F/E,4D,11,17,3285,,0,1074,,G,,F,4,152,,,17R225,,,,,,0,0,000000000,00000000000,0,0,0,1,0,0,0,0,0,0,0,998,0,0,0,12,9,3,12,0,0,0,1,34,7643,6,7,0,0,3,2,67,999,0,0,0,0,0,0,0,0,0,0,51,73,36,0,3,2,55,2,1,2,1,0,0,14,54,7,1,5,52,1,0
34,340307,1,1,1,16,7,22,43,8,0,1,1,34,3,87,881,87881,66,2003,1XP7DB9XX3D5,1,X,P,7,D,B,9,X,X,3,D,5,1,T,PTRB,387,TR,3,17,,8,0,0,CON,D,,,6,893,,,,,00000,00,,64,1,57,1243338,571243338,3,6,1,1,0,0,0,0,0,0,0,998,0,0,0,14,0,1,8,0,0,0,1,34,7660,6,1,6,1,3,0,70,999,1,0,0,0,2,7,2009,11,2010,0,0,0,0,0,3,4,55,3,1,2,1,0,0,14,80,1,1,1,13,0,0
34,340308,1,4,1,25,7,10,49,12,2,1,0,34,1,22,22,22022,4,2008,1G2ZF57B1841,1,G,2,Z,F,5,7,B,1,8,4,1,0,P,PONT,6VB,4D,8,17,3305,,0,1123,,G,,F,4,146,,,16R215,,,,,,0,0,000000000,00000000000,0,0,0,1,0,0,0,0,0,0,0,998,0,0,0,12,6,2,12,0,0,0,1,34,7840,6,1,0,0,3,0,72,999,0,0,0,0,1,8,2010,8,2010,0,28,6,0,0,1,2,50,1,1,2,1,0,0,1,10,1,1,2,50,1,0
34,340308,2,4,1,25,7,10,49,12,2,1,0,42,1,41,471,41471,30,1998,4F4YR16U8WTM,4,F,4,Y,R,1,6,U,8,W,T,M,0,T,MAZD,3CP,PC,98,17,,1,0,1257,B30,G,,,6,182,,,,,3314,00,E,42,0,0,000000000,00000000000,0,0,0,1,0,0,0,0,0,0,0,998,0,0,0,12,6,2,12,0,0,0,1,42,18301,6,1,0,0,3,0,71,999,0,0,0,0,0,0,0,0,0,0,0,0,0,0,1,2,50,1,1,2,1,0,0,1,62,1,1,1,98,0,0
34,340308,3,4,1,25,7,10,49,12,2,1,0,34,1,20,404,20404,14,2006,2CNDL23F2661,2,C,N,D,L,2,3,F,2,6,6,1,0,P,CHEV,EQU,UT,6,17,3660,,0,1125,,G,,F,6,207,,,16R235,,,,,,0,0,000000000,00000000000,0,0,0,1,0,0,0,0,0,0,0,998,0,0,0,12,6,2,54,0,0,0,1,34,7871,6,1,0,0,3,0,67,999,1,0,0,0,2,7,2009,3,2011,0,0,0,0,0,1,2,50,1,1,2,1,0,0,1,62,1,1,1,98,0,0
34,340308,4,4,1,25,7,10,49,12,2,1,0,34,3,89,881,89881,63,1987,1WBUCCCE2HU3,1,W,B,U,C,C,C,E,2,H,U,3,0,T,AUTO,DKM,CC,87,17,,8,0,0,DKM,D,,,6,893,,,,,00000,00,,64,0,88,888888888,88888888888,3,2,4,1,0,0,0,0,0,0,0,998,0,1,2,12,6,2,12,0,0,0,1,34,7840,6,1,6,3,3,0,72,999,1,0,0,0,0,3,2012,3,2012,0,0,0,0,0,1,2,50,1,1,2,1,0,0,1,62,1,1,1,51,0,0
34,340309,1,1,2,26,7,20,20,30,0,1,0,34,2,37,31,37031,2,1995,2HGEJ1126SH5,2,H,G,E,J,1,1,2,6,S,H,5,0,P,HOND,CEX,CP,95,17,2371,,0,1032,,G,,F,4,097,,,14R185,,,,,,0,0,000000000,00000000000,0,0,0,1,0,0,0,0,0,0,0,998,0,0,0,12,6,2,30,0,0,0,1,34,8302,6,1,0,0,3,0,70,999,0,0,0,1,4,1,2010,3,2012,0,28,6,0,0,1,2,50,1,1,2,1,0,0,1,12,1,1,5,6,1,0
34,340310,1,1,3,25,7,2,47,8,0,1,0,34,3,12,16,12016,4,2008,2FAFP70V98X1,2,F,A,F,P,7,0,V,9,8,X,1,0,P,FORD,CVS,4D,8,17,0,,1207,1147,,F,,F,8,281,,,17R235,,,,,,0,0,000000000,00000000000,0,0,0,1,0,0,0,0,0,1,0,998,0,0,0,12,2,1,8,0,0,0,1,34,7036,1,1,0,0,2,0,70,999,5,3,0,1,3,8,2009,7,2012,0,0,0,0,0,1,2,25,1,1,2,1,0,0,1,80,1,1,1,13,0,0
34,340311,1,1,1,20,7,10,8,42,0,1,0,34,2,37,421,37421,15,2005,5FNYF18655B0,5,F,N,Y,F,1,8,6,5,5,B,0,0,P,HOND,PIL,UT,5,17,4431,,0,1063,,G,,F,6,212,,,16R235,,,,,,0,0,000000000,00000000000,0,0,0,1,0,0,0,0,0,0,0,998,0,0,0,9,6,2,42,0,0,0,1,34,8873,6,1,0,0,3,0,67,132,0,0,0,1,0,10,2011,10,2011,1,36,0,0,0,3,3,55,1,1,2,2,0,0,1,6,1,4,4,2,1,0
34,340312,1,1,1,17,7,8,34,24,0,1,0,34,1,55,401,55401,14,2005,KM8SC13D35U9,K,M,8,S,C,1,3,D,3,5,U,9,0,P,HYUN,SAN,UT,5,17,3549,,0,1031,,G,,F,6,162,,,16R225,,,,,,0,0,000000000,00000000000,0,0,0,1,0,0,0,0,0,0,0,998,0,1,5,2,6,2,1,0,0,0,1,34,8757,6,1,0,0,3,3,67,160,0,0,0,0,1,8,2011,8,2011,0,6,0,0,0,2,3,55,1,1,2,1,0,0,1,8,3,2,4,2,1,0
34,340313,1,1,1,18,7,10,47,8,0,1,0,34,3,98,981,98981,52,2012,1N9416056CA1,1,N,9,4,1,6,0,5,6,C,A,1,0,U,,,,12,17,,,,,,,,,,,,,,,,,,,0,88,888888888,88888888888,3,21,22,1,0,0,0,0,6,0,0,998,0,0,0,12,9,2,8,0,0,0,1,34,7017,6,1,6,1,3,0,66,999,0,0,0,0,0,0,0,0,0,0,0,0,0,0,1,2,25,1,1,2,1,0,0,1,80,1,1,1,13,0,0
34,340314,1,1,1,21,8,17,1,31,0,1,0,34,2,49,40,49040,4,2000,4T1BG22K8YU7,4,T,1,B,G,2,2,K,8,Y,U,7,0,P,TOYT,UEX,4D,0,17,2998,,0,1051,,G,,F,4,132,,,14R195,,,,,,0,0,000000000,00000000000,0,0,0,1,0,0,0,0,0,0,0,998,0,1,5,11,6,2,1,0,0,0,1,34,8019,6,1,0,0,3,3,59,265,0,0,0,0,0,0,0,0,0,0,6,58,0,0,1,2,50,2,1,2,1,0,0,14,8,8,3,4,2,1,0
34,340315,1,1,1,31,8,16,20,30,0,1,0,34,2,53,706,53706,80,1987,JS1VX51L3H21,J,S,1,V,X,5,1,L,3,H,2,1,0,M,SUZI,VSF,RS,87,17,,,,,,,1360,,2,,4,526,,,,,,,0,0,000000000,00000000000,0,0,0,1,0,0,0,0,0,0,0,998,0,0,0,99,6,2,30,0,0,0,1,34,8344,1,1,0,0,2,0,67,999,0,4,0,0,0,12,2009,4,2012,9,51,36,0,0,1,2,25,1,1,2,1,0,0,99,99,3,9,9,10,1,1
34,340316,1,1,3,4,8,1,52,5,0,1,0,34,1,23,431,23431,16,1993,1GKGK26K5PJ7,1,G,K,G,K,2,6,K,5,P,J,7,0,T,GMC,KSB,4W,93,17,,2,0,1315,K25,G,,,8,350,,,,C,00000,00,A,44,0,0,000000000,00000000000,0,0,0,1,0,0,0,0,0,0,0,998,0,0,0,0,0,1,5,0,0,0,1,34,8015,6,1,0,0,3,0,74,999,0,1,0,0,0,11,2010,11,2010,0,0,0,0,0,1,2,25,1,1,2,1,0,0,1,98,1,1,1,0,1,0
34,340317,1,3,1,9,8,23,27,12,1,1,0,34,2,52,882,52882,62,2007,JL6DGP1E67K0,J,L,6,D,G,P,1,E,6,7,K,0,0,T,MIFU,1MF,TB,7,17,,6,0,0,FM6,D,,,6,460,,,,,00000,00,,42,0,57,1666983,571666983,2,1,1,1,0,0,0,0,0,0,0,998,0,0,0,12,6,2,12,0,0,0,1,34,7001,6,1,0,0,3,0,66,999,1,0,0,1,5,10,2010,7,2012,0,6,0,0,0,3,3,65,1,1,2,1,0,0,1,51,1,1,1,24,1,0
34,340317,2,3,2,9,8,23,27,12,1,1,0,34,1,37,421,37421,15,2005,5FNYF18485B0,5,F,N,Y,F,1,8,4,8,5,B,0,0,P,HOND,PIL,UT,5,17,4431,,0,1063,,G,,F,6,212,,,16R235,,,,,,0,0,000000000,00000000000,0,0,0,1,0,0,0,0,0,0,0,998,0,0,0,6,9,3,12,0,0,0,1,34,7083,6,1,0,0,3,0,69,999,0,0,0,0,0,0,0,0,0,0,0,0,0,0,3,3,65,1,1,2,1,0,0,1,53,1,1,2,25,0,0
34,340317,3,3,2,9,8,23,27,12,1,1,0,39,2,51,881,51881,66,2006,4V4NC9GH36N4,4,V,4,N,C,9,G,H,3,6,N,4,1,T,VOLV,VNL,TR,6,17,,8,0,0,VVN,D,,,6,732,,,,,00000,00,,64,1,57,2168474,572168474,3,6,1,1,0,0,0,0,0,0,0,0,0,0,0,6,9,3,12,0,0,0,1,39,44077,6,1,6,1,3,0,72,250,99,99,99,99,99,99,9999,99,9999,0,0,0,0,0,3,3,65,1,1,2,1,0,0,5,53,1,1,1,98,0,0
34,340318,1,1,2,29,6,13,49,53,0,1,0,12,1,19,22,19022,4,2006,1G6KD57Y86U1,1,G,6,K,D,5,7,Y,8,6,U,1,0,P,CADI,TDS,4D,6,17,4009,,0,1156,,G,,F,8,281,,,17R225,,,,,,0,0,000000000,00000000000,0,0,0,1,0,0,0,0,0,0,0,998,0,0,0,1,6,2,30,0,0,0,1,12,33484,6,1,0,0,3,3,65,999,0,0,0,0,0,0,0,0,0,0,6,58,0,0,2,2,55,1,1,2,1,0,0,1,90,7,2,4,2,1,0
34,340319,1,2,2,8,8,16,58,12,1,1,0,34,2,19,480,19480,31,2004,1GYEK63N34R2,1,G,Y,E,K,6,3,N,3,4,R,2,0,P,CADI,ESC,UT,4,17,5571,,0,1160,,G,,F,8,364,,,17R265,,,,,,0,0,000000000,00000000000,0,0,0,1,0,0,0,0,0,0,0,998,0,0,0,6,9,3,12,0,0,0,1,34,8242,1,1,0,0,2,0,60,999,0,2,0,0,3,10,2010,2,2012,0,91,0,0,0,3,2,50,1,1,2,1,0,0,17,90,7,1,4,25,0,0
34,340319,2,2,1,8,8,16,58,12,1,1,0,12,2,53,706,53706,80,2007,JS1VS56A8721,J,S,1,V,S,5,6,A,8,7,2,1,0,M,SUZI,VZ8,RS,7,17,,,,,,,819,,2,,4,544,,,,,,,0,0,000000000,00000000000,0,0,0,1,0,0,0,0,0,0,0,998,0,0,0,12,9,3,12,0,0,0,1,34,8260,6,1,0,0,2,3,72,999,0,0,0,0,0,0,0,0,0,0,0,0,0,0,3,2,50,1,1,2,1,0,0,17,90,7,1,4,24,1,1
34,340320,1,1,5,19,8,18,9,33,0,1,0,34,2,37,31,37031,4,2008,2HGFA168X8H3,2,H,G,F,A,1,6,8,X,8,H,3,0,P,HOND,UAX,4D,8,17,2806,,0,1063,,G,,F,4,110,,,16R205,,,,,,0,0,000000000,00000000000,0,0,0,1,0,0,0,0,0,0,0,998,0,0,0,12,9,2,42,0,0,0,1,34,7201,6,1,0,0,3,0,61,999,0,0,0,1,0,1,2010,1,2010,0,6,0,0,0,1,2,25,4,1,2,1,0,0,14,13,1,1,5,1,1,0
34,340321,1,1,1,6,8,18,10,8,0,1,0,34,2,20,37,20037,4,1998,1G1NE52M7W61,1,G,1,N,E,5,2,M,7,W,6,1,0,P,CHEV,M/L,4D,98,17,3100,,0,1070,,G,,F,6,191,,,15R215,,,,,,0,0,000000000,00000000000,0,0,0,1,0,0,0,0,0,0,0,998,0,0,0,12,6,2,8,0,0,0,1,34,7107,6,2,0,0,3,0,74,999,0,0,0,0,0,0,0,0,0,1,6,0,0,0,1,2,25,1,3,2,1,0,0,1,80,1,1,1,13,0,0
34,340322,1,1,4,28,8,12,49,33,0,1,0,33,2,7,442,7442,20,2000,2B4GP25R3YR7,2,B,4,G,P,2,5,R,3,Y,R,7,0,P,DODG,CAR,SV,0,17,3432,,0,1133,,G,,F,6,201,,,14R205,,,,,,0,0,000000000,00000000000,0,0,0,1,0,0,0,0,0,0,0,998,0,0,0,14,9,3,31,0,0,0,1,33,3104,1,1,0,0,2,0,66,130,1,2,1,0,2,4,2011,8,2012,1,27,36,0,0,2,2,40,3,1,2,1,0,0,15,6,1,2,4,2,1,0
34,340323,1,1,2,11,8,21,4,8,0,1,0,42,2,54,35,54035,4,2005,19UUA662X5A0,1,9,U,U,A,6,6,2,X,5,A,0,0,P,ACUR,ATL,4D,5,17,3575,,0,1081,,G,,F,6,197,,,17R235,,,,,,0,0,000000000,00000000000,0,0,0,1,0,0,0,0,0,0,0,998,0,0,0,12,9,2,8,0,0,0,1,42,19027,6,1,0,0,3,3,70,999,0,0,0,0,0,0,0,0,0,0,0,0,0,0,2,2,50,1,1,2,1,0,0,1,80,8,1,2,13,0,0
34,340324,1,2,1,21,8,23,34,12,1,1,0,34,0,20,37,20037,4,2005,1G1ZS54835F2,1,G,1,Z,S,5,4,8,3,5,F,2,0,P,CHEV,MAL,4D,5,17,3174,,0,1063,,G,,F,6,214,,,15R205,,,,,,0,0,000000000,00000000000,0,0,0,1,0,0,0,0,0,0,0,998,0,0,0,12,6,2,2,0,0,1,1,34,8210,6,1,0,0,3,3,73,999,0,0,0,0,1,6,2010,6,2010,0,6,26,0,0,3,2,65,1,1,2,1,0,0,1,50,1,1,1,20,1,0