STATE,ST_CASE,VEH_NO,VE_FORMS,NUMOCCS,DAY,MONTH,HOUR,MINUTE,HARM_EV,MAN_COLL,UNITTYPE,HIT_RUN,REG_STAT,OWNER,MAKE,MODEL,MAK_MOD,BODY_TYP,MOD_YEAR,VIN,VIN_1,VIN_2,VIN_3,VIN_4,VIN_5,VIN_6,VIN_7,VIN_8,VIN_9,VIN_10,VIN_11,VIN_12,TOW_VEH,VINTYPE,VINMAKE,VINA_MOD,VIN_BT,VINMODYR,VIN_LNGT,VIN_WGT,WGTCD_TR,WHLBS_LG,WHLBS_SH,SER_TR,FUELCODE,MCYCL_DS,CARBUR,CYLINDER,DISPLACE,MCYCL_CY,MCYCL_WT,TIRE_SZE,TON_RAT,TRK_WT,TRKWTVAR,VIN_REST,WHLDRWHL,J_KNIFE,MCARR_I1,MCARR_I2,MCARR_ID,GVWR,V_CONFIG,CARGO_BT,HAZ_INV,HAZ_PLAC,HAZ_ID,HAZ_CNO,HAZ_REL,BUS_USE,SPEC_USE,EMER_USE,TRAV_SP,UNDERIDE,ROLLOVER,ROLINLOC,IMPACT1,DEFORMED,TOWED,M_HARM,VEH_SC1,VEH_SC2,FIRE_EXP,DR_PRES,L_STATE,DR_ZIP,L_STATUS,L_TYPE,CDL_STAT,L_ENDORS,L_COMPL,L_RESTRI,DR_HGT,DR_WGT,PREV_ACC,PREV_SUS,PREV_DWI,PREV_SPD,PREV_OTH,FIRST_MO,FIRST_YR,LAST_MO,LAST_YR,SPEEDREL,DR_SF1,DR_SF2,DR_SF3,DR_SF4,VTRAFWAY,VNUM_LAN,VSPD_LIM,VALIGN,VPROFILE,VPAVETYP,VSURCOND,VTRAFCON,VTCONT_F,P_CRASH1,P_CRASH2,P_CRASH3,PCRASH4,PCRASH5,ACC_TYPE,DEATHS,DR_DRINK
34,340390,1,2,1,7,7,13,1,12,6,1,0,34,2,2,404,2404,14,2004,1J4GW48S44C2,1,J,4,G,W,4,8,S,4,4,C,2,0,T,JEEP,LCF,4W,4,17,,1,0,1059,GCK,G,,,6,244,,,,,3888,02,E,44,0,0,000000000,00000000000,0,0,0,1,0,0,0,0,0,0,0,998,0,0,0,12,6,2,12,0,0,0,1,34,8012,6,1,6,0,3,0,76,999,3,0,0,1,2,7,2010,6,2012,0,36,39,0,0,1,4,40,1,1,2,1,3,3,1,17,1,1,1,86,0,0
34,340390,2,2,4,7,7,13,1,12,6,1,0,34,2,23,402,23402,14,2012,2GKALUEK6C62,2,G,K,A,L,U,E,K,6,C,6,2,0,T,GMC,TET,4W,12,17,,1,0,1125,TER,F,,,4,146,,,,,3867,00,S,42,0,0,000000000,00000000000,0,0,0,1,0,0,0,0,0,0,0,998,0,1,1,3,6,2,1,0,0,0,1,34,8343,6,1,0,0,3,0,69,999,0,0,0,0,0,0,0,0,0,0,0,0,0,0,1,4,40,1,1,2,1,3,3,1,55,1,1,1,87,2,0
34,340391,1,2,2,14,9,10,31,12,6,1,0,36,1,9,442,9442,20,1997,2P4GP4431VR1,2,P,4,G,P,4,4,3,1,V,R,1,0,T,PLYM,GVS,ES,97,17,,1,0,1193,VOF,G,,,6,181,,,,,3687,00,E,42,0,0,000000000,00000000000,0,0,0,1,0,0,0,0,0,0,0,998,0,0,0,3,9,3,12,0,0,0,1,36,10467,6,1,0,0,3,0,69,999,0,0,0,0,0,0,0,0,0,0,0,0,0,0,1,2,25,1,3,2,1,3,3,11,66,3,1,2,68,1,0
34,340391,2,2,1,14,9,10,31,12,6,1,0,34,3,12,481,12481,31,2002,1FDXF46S02EA,1,F,D,X,F,4,6,S,0,2,E,A,0,T,FORD,F4D,CB,2,17,,4,2010,1410,DRW,G,,,10,415,,,,,00000,00,E,42,0,0,000000000,00000000000,0,0,0,1,0,0,0,0,0,0,0,998,0,0,0,12,6,2,30,0,0,0,1,34,7017,6,1,0,0,3,0,70,999,0,0,0,0,3,6,2010,6,2011,1,36,51,0,0,1,2,25,1,3,2,1,0,0,1,17,1,1,3,69,0,0
34,340392,1,3,1,13,8,4,42,8,0,1,1,99,9,99,999,99999,99,9999,999999999999,9,9,9,9,9,9,9,9,9,9,9,9,9,,,,,,,,,,,,,,,,,,,,,,,,,0,99,999999999,99999999999,9,99,99,1,0,0,0,0,99,99,9,998,0,0,0,12,9,1,8,0,0,0,1,99,99999,9,9,99,9,9,9,999,999,99,99,99,99,99,99,9999,99,9999,9,6,0,0,0,3,2,50,1,1,2,1,0,0,1,82,1,1,9,13,0,0
34,340392,2,3,1,13,8,4,42,8,0,1,0,34,1,20,23,20023,6,2007,3GNDA13D07S6,3,G,N,D,A,1,3,D,0,7,S,6,0,P,CHEV,HHR,UT,7,17,3155,,0,1035,,G,,F,4,134,,,16R215,,,,,,0,0,000000000,00000000000,0,0,0,1,0,0,0,0,0,0,0,998,0,0,0,12,9,2,8,0,0,0,1,34,7070,6,1,0,0,3,0,70,999,0,0,0,0,0,0,0,0,0,0,0,0,0,0,3,2,50,1,1,2,1,0,0,1,80,1,1,1,98,0,0
34,340392,3,3,1,13,8,4,42,8,0,1,1,34,1,20,421,20421,15,1995,1GNEK13K8SJ4,1,G,N,E,K,1,3,K,8,S,J,4,0,P,CHEV,KTA,UT,95,17,5124,,0,1175,,G,,F,8,350,,,15R235,,,,,,0,0,000000000,00000000000,0,0,0,1,0,0,0,0,0,0,0,998,0,0,0,12,9,1,8,0,0,0,1,34,7514,6,1,0,0,3,0,74,999,0,0,0,0,2,5,2010,10,2011,0,6,0,0,0,3,2,50,1,1,2,1,0,0,1,80,99,1,9,98,0,0
34,340393,1,1,1,31,10,14,21,33,0,1,1,42,2,24,2,24002,2,1996,1G8ZH1279TZ2,1,G,8,Z,H,1,2,7,9,T,Z,2,0,P,STRN,SC2,CP,96,17,2294,,0,992,,G,,F,4,116,,,15R195,,,,,,0,0,000000000,00000000000,0,0,0,1,0,0,0,0,0,0,0,998,0,0,0,14,6,2,58,0,0,0,1,34,8302,0,0,0,0,0,0,999,999,0,0,0,0,0,0,0,0,0,0,36,0,0,0,1,2,45,1,1,2,1,0,0,1,13,1,1,4,1,0,1
34,340394,1,2,1,18,9,16,50,12,2,1,0,34,1,39,36,39036,4,2004,SAJEA51C54WD,S,A,J,E,A,5,1,C,5,4,W,D,0,P,JAGU,XT3,4D,4,17,3428,,0,1067,,G,,F,6,181,,,17R225,,,,,,0,0,000000000,00000000000,0,0,0,1,0,0,0,0,0,0,0,998,0,0,0,12,6,2,12,0,0,0,1,34,8753,6,1,0,0,3,3,61,999,0,0,0,0,0,0,0,0,0,0,28,6,0,0,1,2,55,1,3,2,1,0,0,1,10,1,1,2,50,0,0
34,340394,2,2,1,18,9,16,50,12,2,1,0,34,1,63,37,63037,6,2011,KNDJT2A23B72,K,N,D,J,T,2,A,2,3,B,7,2,0,P,KIA,SOU,UT,11,17,2800,,0,1004,,G,,F,4,122,,,16R205,,,,,,0,0,000000000,00000000000,0,0,0,1,0,0,0,0,0,0,0,998,0,0,0,12,6,2,12,0,0,0,1,34,8759,6,1,0,0,3,0,67,999,1,0,0,0,0,8,2010,8,2010,0,0,0,0,0,1,2,55,1,3,2,1,0,0,1,62,1,1,1,51,1,0
34,340395,1,2,1,28,10,19,51,12,1,1,0,36,3,35,898,35898,61,2004,JNAUZU1J04A5,J,N,A,U,Z,U,1,J,0,4,A,5,0,T,UD,U14,TB,4,17,,4,0,0,UDS,D,,,4,281,,,,,00000,00,,42,0,99,999999999,99999999999,2,1,1,1,0,0,0,0,0,0,0,998,0,0,0,6,9,2,12,0,0,0,1,36,11218,6,1,0,0,3,3,66,999,0,0,0,0,0,0,0,0,0,0,0,0,0,0,3,3,45,1,2,2,1,0,0,1,53,1,1,1,25,0,0
34,340395,2,2,1,28,10,19,51,12,1,1,0,9,2,30,40,30040,4,1999,3VWSC29MXXM0,3,V,W,S,C,2,9,M,X,X,M,0,0,P,VOLK,JGS,4D,99,17,2781,,0,989,,G,,F,4,121,,,15R195,,,,,,0,0,000000000,00000000000,0,0,0,1,0,0,0,0,0,0,0,998,0,0,0,12,6,2,12,0,0,0,1,34,7032,0,0,0,0,0,0,999,999,0,0,0,0,0,0,0,0,0,1,36,0,0,0,3,3,45,1,2,2,1,0,0,1,51,1,1,1,24,1,1
34,340396,1,1,1,20,10,23,59,30,0,1,0,34,1,72,706,72706,80,2009,1HD1GM41X9K3,1,H,D,1,G,M,4,1,X,9,K,3,0,M,HD,FXD,RS,9,17,,,,,,,1584,,2,,4,676,,,,,,,0,0,000000000,00000000000,0,0,0,1,0,0,0,0,0,0,0,998,0,0,0,12,6,2,30,0,0,0,1,34,8759,6,1,0,0,3,3,69,999,0,0,0,0,0,0,0,0,0,0,6,0,0,0,1,2,35,2,1,2,1,0,0,14,13,1,1,5,1,1,1
34,340397,1,1,1,15,10,15,50,33,0,1,0,34,1,35,47,35047,4,2008,1N4BL21E68C1,1,N,4,B,L,2,1,E,6,8,C,1,0,P,NISS,ATL,4D,8,17,3175,,0,1093,,G,,F,6,214,,,17R215,,,,,,0,0,000000000,00000000000,0,0,0,1,0,0,0,0,0,0,0,998,0,0,0,12,6,2,42,0,0,0,1,34,8062,6,1,0,0,3,0,67,999,0,0,0,1,1,12,2010,7,2012,1,6,28,0,0,1,2,40,2,1,2,2,0,0,14,6,1,2,5,2,1,1
34,340398,1,1,1,23,10,5,23,42,0,1,0,34,1,12,471,12471,30,1995,1FTCR14U0STA,1,F,T,C,R,1,4,U,0,S,T,A,0,T,FORD,RNS,PC,95,17,,1,0,1250,RNG,G,,,6,182,,,,B,00000,00,M,42,0,0,000000000,00000000000,0,0,0,1,0,0,0,0,0,0,0,998,0,0,0,12,6,2,42,0,0,0,1,34,8527,6,1,0,0,3,0,70,999,0,1,0,0,1,4,2010,5,2012,0,6,0,0,0,1,2,45,1,1,2,1,0,0,1,13,1,1,5,1,1,0
34,340399,1,1,1,31,10,18,20,8,0,1,0,34,1,49,401,49401,14,2008,JTEBU14R68K0,J,T,E,B,U,1,4,R,6,8,K,0,0,P,TOYT,RUN,UT,8,17,4300,,0,1098,,G,,F,6,244,,,16R265,,,,,,0,0,000000000,00000000000,0,0,0,1,0,0,0,0,0,0,0,998,0,0,0,12,9,3,8,0,0,0,1,34,7306,6,1,0,0,3,0,62,999,0,0,0,0,0,0,0,0,0,0,6,0,0,0,1,2,25,1,1,2,1,0,0,11,80,1,1,1,13,0,0
34,340400,1,1,1,21,10,20,6,8,0,1,0,34,1,12,16,12016,4,1999,2FAFP71W6XX1,2,F,A,F,P,7,1,W,6,X,X,1,0,P,FORD,CVP,4D,99,17,3917,,0,1147,,G,,F,8,281,,,16R225,,,,,,0,0,000000000,00000000000,0,0,0,1,0,0,0,0,0,0,0,998,0,0,0,12,9,3,8,0,0,0,1,34,7748,6,1,0,0,3,0,70,999,0,0,0,0,5,5,2010,6,2012,0,0,0,0,0,3,2,50,1,1,2,1,3,3,1,80,1,1,1,13,0,1
34,340402,1,2,2,15,7,17,56,12,8,1,0,34,2,9,11,9011,4,1988,1P3BP46D8JC2,1,P,3,B,P,4,6,D,8,J,C,2,0,P,PLYM,RLE,4D,88,17,2396,,0,1003,,G,,F,4,135,,,14R185,,,,,,0,0,000000000,00000000000,0,0,0,1,0,0,0,0,0,0,0,998,0,0,0,11,9,3,12,0,0,0,1,34,8731,6,1,0,0,3,0,60,999,0,0,0,0,0,0,0,0,0,0,0,0,0,0,1,2,25,3,1,2,2,0,0,14,62,1,1,1,65,1,0
34,340402,2,2,1,15,7,17,56,12,8,1,0,34,1,41,37,41037,4,1996,1YVGE22C1T55,1,Y,V,G,E,2,2,C,1,T,5,5,0,P,MAZD,UDL,4D,96,17,2749,,0,1028,,G,,F,4,122,,,14R195,,,,,,0,0,000000000,00000000000,0,0,0,1,0,0,0,0,0,0,0,998,0,0,0,11,9,3,12,0,0,0,1,34,8734,6,1,0,0,3,0,67,999,0,0,0,2,2,8,2010,2,2012,0,6,28,0,0,1,2,25,2,1,2,2,0,0,14,10,1,1,2,64,0,0
34,340403,1,1,1,26,9,18,30,42,0,1,0,34,1,7,43,7043,4,2002,1B3EL46R72N3,1,B,3,E,L,4,6,R,7,2,N,3,0,P,DODG,SSP,4D,2,17,3136,,0,1080,,G,,F,6,167,,,16R205,,,,,,0,0,000000000,00000000000,0,0,0,1,0,0,0,0,0,0,0,998,0,0,0,1,6,2,42,0,0,0,1,34,8611,6,1,0,0,3,0,69,999,1,2,0,1,3,5,2010,7,2012,0,36,28,0,0,1,2,50,1,1,2,1,0,0,1,12,1,1,4,6,1,0
34,340404,1,1,1,13,9,19,8,25,0,1,0,34,2,20,22,20022,2,2006,1G1AL15F0677,1,G,1,A,L,1,5,F,0,6,7,7,0,P,CHEV,BLT,CP,6,17,2991,,0,1033,,G,,F,4,134,,,15R195,,,,,,0,0,000000000,00000000000,0,0,0,1,0,0,0,0,0,0,0,998,0,0,0,12,6,2,42,0,0,0,1,34,7054,6,1,0,0,3,0,62,999,1,0,2,0,0,3,2010,10,2011,1,6,28,0,0,3,3,50,1,1,2,1,0,0,1,12,1,1,4,6,1,0
34,340405,1,3,5,26,10,21,4,12,1,1,0,34,1,7,482,7482,31,2002,3D7HA18N32G1,3,D,7,H,A,1,8,N,3,2,G,1,6,T,DODG,Q15,CW,2,17,,2,1605,1405,RPC,G,,,8,287,,,,B,4747,01,E,42,1,0,000000000,00000000000,0,0,0,1,0,0,0,0,0,0,0,999,0,0,0,6,2,1,12,0,0,0,1,34,8302,6,1,0,0,3,0,67,999,1,0,0,0,1,2,2010,6,2012,0,21,23,0,0,1,2,50,1,1,2,1,0,0,1,61,1,1,5,98,0,0
34,340405,2,3,1,26,10,21,4,12,1,1,0,34,1,53,706,53706,80,2001,JS1GW71A4121,J,S,1,G,W,7,1,A,4,1,2,1,0,M,SUZI,GXR,RC,1,17,,,,,,,1299,,4,,4,474,,,,,,,0,0,000000000,00000000000,0,0,0,1,0,0,0,0,0,0,0,998,0,0,0,12,6,2,12,0,0,0,1,34,8332,6,1,0,0,3,3,73,999,0,0,0,0,0,0,0,0,0,0,6,28,0,0,1,2,50,1,1,2,1,0,0,1,13,1,1,4,98,1,0
34,340405,3,3,5,26,10,21,4,12,1,1,0,34,1,54,31,54031,3,1998,19UYA324XWL0,1,9,U,Y,A,3,2,4,X,W,L,0,0,P,ACUR,23C,CP,98,17,3064,,0,1069,,G,,F,4,138,,,16R205,,,,,,0,0,000000000,00000000000,0,0,0,1,0,0,0,0,0,0,0,998,0,0,0,14,6,2,12,0,0,0,1,34,8302,6,1,0,0,3,0,66,999,0,0,0,0,0,0,0,0,0,0,0,0,0,0,1,2,50,1,1,2,1,0,0,1,62,1,1,1,98,0,0
34,340406,1,1,1,17,10,19,38,9,0,1,0,34,1,42,48,42048,4,2007,WDBUF87X07X2,W,D,B,U,F,8,7,X,0,7,X,2,0,P,MERZ,ESM,4D,7,17,3740,,0,1124,,G,,F,6,213,,,17R245,,,,,,0,0,000000000,00000000000,0,0,0,1,0,0,0,0,0,0,0,998,0,0,0,12,9,3,9,0,0,0,1,34,8527,6,1,0,0,3,0,67,999,0,0,0,1,1,5,2011,11,2011,0,0,0,0,0,1,2,45,1,1,2,1,0,0,1,80,1,1,1,13,0,0
34,340407,1,2,1,11,10,6,12,12,2,1,0,34,1,37,32,37032,2,2003,1HGCM82603A0,1,H,G,C,M,8,2,6,0,3,A,0,0,P,HOND,UEX,CP,3,17,3047,,0,1051,,G,,F,6,183,,,16R205,,,,,,0,0,000000000,00000000000,0,0,0,1,0,0,0,0,0,0,0,998,0,0,0,12,6,2,12,0,0,0,1,34,7823,6,1,0,0,3,0,70,160,1,0,0,0,3,2,2011,8,2012,0,28,6,0,0,1,4,45,4,1,2,1,0,0,14,10,1,1,2,50,1,0
34,340407,2,2,2,11,10,6,12,12,2,1,0,34,1,20,461,20461,21,1997,1GBFG15R2V10,1,G,B,F,G,1,5,R,2,V,1,0,0,P,CHEV,S/V,SV,97,17,0,,0,1350,,G,,F,8,350,,,000000,,,,,,0,0,000000000,00000000000,0,0,0,1,0,0,0,0,0,0,0,998,0,0,0,12,6,2,12,0,0,0,1,34,7834,6,1,0,0,3,0,71,999,0,0,0,0,0,0,0,0,0,0,0,0,0,0,1,4,45,4,1,2,1,0,0,14,62,1,1,1,51,0,0
34,340408,1,4,1,24,10,18,11,12,8,1,0,34,1,49,40,49040,4,1997,4T1BF22K6VU0,4,T,1,B,F,2,2,K,6,V,U,0,0,P,TOYT,UEX,4D,97,17,3086,,0,1051,,G,,F,6,183,,,15R205,,,,,,0,0,000000000,00000000000,0,0,0,1,0,0,0,0,0,0,0,998,0,0,0,9,6,2,12,0,0,0,1,34,7728,6,1,0,0,3,0,68,999,0,0,0,0,1,2,2011,2,2011,0,28,0,0,0,1,4,40,1,1,2,1,0,0,1,10,1,1,2,64,1,0
34,340408,2,4,1,24,10,18,11,12,8,1,0,34,1,49,40,49040,4,1993,4T1SK12E9PU1,4,T,1,S,K,1,2,E,9,P,U,1,0,P,TOYT,CLE,4D,93,17,3053,,0,1031,,G,,F,4,132,,,000000,,,,,,0,0,000000000,00000000000,0,0,0,1,0,0,0,0,0,0,0,998,0,0,0,9,6,2,12,0,0,0,1,34,8609,6,1,0,0,3,0,67,999,0,0,0,0,2,5,2010,8,2011,0,0,0,0,0,1,4,40,1,1,2,1,0,0,1,62,1,1,2,65,0,0
34,340408,3,4,1,24,10,18,11,12,8,1,0,34,3,49,46,49046,3,2010,JTDKN3DU4A01,J,T,D,K,N,3,D,U,4,A,0,1,0,P,TOYT,PRI,4H,10,17,3042,,0,1063,,B,,F,4,110,,,15R195,,,,,,0,0,000000000,00000000000,0,0,0,1,0,0,0,0,0,0,0,998,0,0,0,11,6,2,12,0,0,0,1,34,8527,6,1,0,0,3,0,70,999,0,0,0,1,2,4,2011,5,2012,0,0,0,0,0,1,4,40,1,1,2,1,0,0,1,54,1,4,4,98,0,0
34,340408,4,4,1,24,10,18,11,12,8,1,0,34,1,7,482,7482,31,2001,1B7HC13Y11J2,1,B,7,H,C,1,3,Y,1,1,J,2,0,T,DODG,Q15,4C,1,17,,2,1547,1387,RPC,G,,,8,318,,,,B,4688,01,U,42,0,0,000000000,00000000000,0,0,0,1,0,0,0,0,0,0,0,998,0,0,0,12,6,2,12,0,0,0,1,34,8510,6,1,0,0,3,0,69,999,2,0,0,1,2,5,2010,9,2012,0,0,0,0,0,1,4,40,1,1,2,1,0,0,1,54,1,1,2,98,0,0
34,340410,1,1,3,21,11,19,49,8,0,1,0,34,2,9,20,9020,4,1999,1P3ES47Y4XD1,1,P,3,E,S,4,7,Y,4,X,D,1,0,P,PLYM,NHE,4D,99,17,2416,,0,1040,,G,,F,4,122,,,14R175,,,,,,0,0,000000000,00000000000,0,0,0,1,0,0,0,0,0,0,0,998,0,0,0,12,9,3,8,0,0,0,1,34,8302,6,1,0,0,3,0,59,999,0,1,0,0,1,6,2010,5,2012,0,0,0,0,0,1,5,45,1,1,2,1,0,0,1,80,1,1,1,13,0,0
34,340411,1,2,1,22,10,2,13,8,0,1,0,34,1,2,405,2405,14,2006,1J4GL58K06W1,1,J,4,G,L,5,8,K,0,6,W,1,0,T,JEEP,LMD,4W,6,17,,1,0,1043,LIB,G,,,6,226,,,,,3892,00,E,44,0,0,000000000,00000000000,0,0,0,1,0,0,0,0,0,0,0,998,0,0,0,12,6,2,8,0,0,0,1,34,7104,6,1,0,0,3,0,67,999,0,0,0,0,0,0,0,0,0,0,0,0,0,0,3,4,55,3,3,2,1,0,0,14,80,1,1,1,13,0,0
34,340411,2,2,1,22,10,2,13,8,0,1,1,99,9,99,999,99999,99,9999,999999999999,9,9,9,9,9,9,9,9,9,9,9,9,9,,,,,,,,,,,,,,,,,,,,,,,,,0,99,999999999,99999999999,9,99,99,1,0,0,0,0,99,99,9,999,9,0,0,99,9,1,8,0,0,0,1,99,99999,9,9,99,9,9,9,999,999,99,99,99,99,99,99,9999,99,9999,0,99,99,99,99,3,4,55,3,3,2,1,0,0,14,80,99,1,9,98,0,0
34,340412,1,1,2,6,10,3,16,30,0,1,0,34,2,32,43,32043,4,1996,WAUDA88D5TA2,W,A,U,D,A,8,8,D,5,T,A,2,0,P,AUDI,AA4,4D,96,17,2917,,0,1030,,G,,F,6,169,,,16R205,,,,,,0,0,000000000,00000000000,0,0,0,1,0,0,0,0,0,0,0,998,0,0,0,3,6,2,30,0,0,0,1,34,7460,6,1,0,0,3,0,68,999,0,0,0,0,3,1,2012,9,2012,1,6,0,0,0,1,2,45,4,1,2,1,0,0,14,13,1,2,5,2,1,1
34,340413,1,1,1,28,10,15,28,33,0,1,0,34,1,72,706,72706,80,2012,1HD1TC813CB9,1,H,D,1,T,C,8,1,3,C,B,9,0,M,HD,LXE,RS,12,17,,,,,,,1800,,2,,4,807,,,,,,,0,0,000000000,00000000000,0,0,0,1,0,0,0,0,0,0,0,998,0,0,0,99,6,2,30,0,0,0,1,34,7849,6,1,0,0,3,0,71,999,0,0,0,0,0,0,0,0,0,1,6,0,0,0,1,2,40,4,3,2,1,0,0,14,13,1,1,5,1,1,1
34,340414,1,1,1,16,11,20,3,33,0,1,0,34,1,54,35,54035,4,2005,19UUA66285A0,1,9,U,U,A,6,6,2,8,5,A,0,0,P,ACUR,ATL,4D,5,17,3575,,0,1081,,G,,F,6,197,,,17R235,,,,,,0,0,000000000,00000000000,0,0,0,1,0,0,0,0,0,0,0,998,0,0,0,14,6,2,42,0,0,0,1,34,8857,6,2,0,0,3,3,67,999,1,2,0,0,5,6,2010,4,2012,0,6,0,0,0,1,2,35,1,1,2,1,0,0,1,13,1,1,4,1,1,0
34,340416,1,1,2,10,11,23,56,5,0,1,0,34,2,2,404,2404,14,2003,1J4GW48S53C5,1,J,4,G,W,4,8,S,5,3,C,5,0,T,JEEP,LRO,4W,3,17,,1,0,1059,GCK,G,,,6,244,,,,,3880,01,E,44,0,0,000000000,00000000000,0,0,0,1,0,0,0,0,0,0,0,998,0,0,0,0,0,1,5,0,0,0,1,34,7424,6,1,0,0,3,0,75,999,0,0,0,0,1,4,2011,4,2011,0,21,36,0,0,1,2,25,1,1,2,1,0,0,1,98,1,1,1,0,1,0
34,340417,1,2,2,7,11,12,23,12,6,1,0,42,1,58,37,58037,4,2007,JNKBV61F27M8,J,N,K,B,V,6,1,F,2,7,M,8,0,P,INFI,AWD,4D,7,17,3587,,0,1122,,G,,F,6,214,,,17R225,,,,,,0,0,000000000,00000000000,0,0,0,1,0,0,0,0,0,0,0,998,0,0,0,4,6,2,42,0,0,0,1,42,18104,6,1,0,0,3,0,72,999,0,0,0,0,0,0,0,0,0,1,6,28,0,0,2,2,65,1,1,2,2,0,0,1,6,3,3,2,48,0,0
34,340417,2,2,1,7,11,12,23,12,6,1,0,34,2,12,461,12461,21,2006,1FTNE24W06DA,1,F,T,N,E,2,4,W,0,6,D,A,0,T,FORD,25V,CG,6,17,,2,0,1380,VAN,G,,,8,281,,,,C,5141,00,E,42,0,0,000000000,00000000000,0,0,0,1,0,0,0,0,0,0,0,998,0,0,0,12,6,2,42,0,0,0,1,34,8251,1,1,0,0,2,0,71,999,0,2,0,0,2,8,2010,3,2012,0,0,0,0,0,2,2,65,1,1,2,2,0,0,1,61,1,1,1,48,1,0
34,340418,1,1,4,29,10,19,38,16,0,1,0,34,1,20,481,20481,31,2011,1GC4K1C88BF1,1,G,C,4,K,1,C,8,8,B,F,1,0,T,CHEV,3K3,CW,11,17,,3,1677,1537,SIL,D,,,8,403,,,,D,6573,02,,44,0,0,000000000,00000000000,0,0,0,1,0,0,0,0,0,0,0,998,0,0,0,0,6,2,16,0,0,0,1,34,7869,6,1,0,0,3,0,67,999,0,0,0,0,0,0,0,0,0,0,77,0,0,0,1,2,35,1,1,2,2,0,0,1,98,1,1,1,0,2,0
34,340419,1,3,1,3,10,9,45,25,0,1,0,34,3,85,881,85881,63,2007,1NKDXUEXX7J1,1,N,K,D,X,U,E,X,X,7,J,1,0,T,KW,T80,CC,7,17,,8,2600,1600,CON,D,,,6,763,,,,,00000,00,,,0,57,2336952,572336952,3,2,4,1,0,0,0,0,0,0,0,998,0,1,3,99,6,2,2,0,0,1,1,34,7109,6,1,6,0,3,0,64,999,1,0,0,0,3,9,2010,8,2011,0,80,0,0,0,3,4,55,1,1,2,1,0,0,1,1,99,3,4,7,1,0
34,340419,2,3,1,3,10,9,45,25,0,1,0,34,3,20,37,20037,4,2012,1G1ZC5E07CF2,1,G,1,Z,C,5,E,0,7,C,F,2,0,P,CHEV,ML1,4D,12,17,3436,,0,1123,,G,,F,4,146,,,17R215,,,,,,0,0,000000000,00000000000,0,0,0,1,0,0,0,0,0,0,0,998,0,0,0,10,2,1,12,0,0,0,1,34,8045,6,1,0,0,3,0,68,999,0,0,0,0,2,11,2010,6,2011,0,0,0,0,0,3,4,55,1,1,2,1,0,0,1,62,1,1,1,98,0,0
34,340419,3,3,1,3,10,9,45,25,0,1,0,34,1,12,24,12024,6,2010,2FMDK3JC9ABA,2,F,M,D,K,3,J,C,9,A,B,A,0,P,FORD,EDG,UT,10,17,4078,,0,1112,,G,,F,6,214,,,18R245,,,,,,0,0,000000000,00000000000,0,0,0,1,0,0,0,0,0,0,0,998,0,0,0,12,2,1,12,0,0,0,1,34,8619,6,1,0,0,3,0,63,999,0,0,0,0,1,2,2010,2,2010,0,0,0,0,0,3,4,55,1,1,2,1,0,0,1,62,1,1,1,98,0,0
34,340420,1,1,1,26,10,20,27,42,0,1,0,34,1,22,19,22019,2,2007,1G2AL15F9771,1,G,2,A,L,1,5,F,9,7,7,1,0,P,PONT,G/5,CP,7,17,2991,,0,1035,,G,,F,4,134,,,15R195,,,,,,0,0,000000000,00000000000,0,0,0,1,0,0,0,0,0,0,0,998,0,0,0,9,6,2,42,0,0,0,1,34,8731,6,1,0,0,3,0,64,999,0,1,0,1,0,1,2010,10,2012,0,28,6,0,0,2,3,55,1,1,2,1,0,0,1,8,7,4,4,2,1,0
34,340422,1,1,1,9,7,22,0,15,0,1,1,34,2,35,43,35043,4,1999,3N1BB41D6XL0,3,N,1,B,B,4,1,D,6,X,L,0,0,P,NISS,SSE,4D,99,17,2515,,0,998,,G,,F,4,122,,,15R195,,,,,,0,0,000000000,00000000000,0,0,0,1,0,0,0,0,0,0,0,998,0,0,0,12,4,1,15,0,0,0,1,34,8404,6,1,0,0,3,0,71,999,0,0,0,0,2,2,2010,2,2011,0,6,0,0,0,3,4,35,1,1,2,1,3,3,1,80,3,2,1,13,0,0
34,340423,1,1,2,22,10,3,11,33,0,1,0,12,2,2,404,2404,14,2008,1J8HR78388C1,1,J,8,H,R,7,8,3,8,8,C,1,0,T,JEEP,SR8,4W,8,17,,2,0,1095,GCK,G,,,8,372,,,,,4819,00,7,44,0,0,000000000,00000000000,0,0,0,1,0,0,0,0,0,0,0,998,0,1,6,14,6,2,1,0,0,0,1,12,34266,6,1,0,0,3,0,69,999,0,0,0,0,1,9,2010,9,2010,1,36,28,0,0,2,2,50,1,2,2,1,0,0,1,6,1,2,4,7,2,1
34,340424,1,2,1,19,11,0,11,25,0,1,0,34,1,20,2,20002,4,2000,2G1WF55E9Y91,2,G,1,W,F,5,5,E,9,Y,9,1,0,P,CHEV,IMP,4D,0,17,3389,,0,1110,,G,,F,6,207,,,16R225,,,,,,0,0,000000000,00000000000,0,0,0,1,0,0,0,0,0,0,0,998,0,0,0,12,6,2,54,0,0,0,1,34,7730,6,1,0,0,3,0,67,999,1,0,0,0,0,4,2011,4,2011,0,0,0,0,0,3,2,50,1,1,2,1,0,0,1,11,1,1,1,98,0,0