STATE,ST_CASE,VEH_NO,VE_FORMS,NUMOCCS,DAY,MONTH,HOUR,MINUTE,HARM_EV,MAN_COLL,UNITTYPE,HIT_RUN,REG_STAT,OWNER,MAKE,MODEL,MAK_MOD,BODY_TYP,MOD_YEAR,VIN,VIN_1,VIN_2,VIN_3,VIN_4,VIN_5,VIN_6,VIN_7,VIN_8,VIN_9,VIN_10,VIN_11,VIN_12,TOW_VEH,VINTYPE,VINMAKE,VINA_MOD,VIN_BT,VINMODYR,VIN_LNGT,VIN_WGT,WGTCD_TR,WHLBS_LG,WHLBS_SH,SER_TR,FUELCODE,MCYCL_DS,CARBUR,CYLINDER,DISPLACE,MCYCL_CY,MCYCL_WT,TIRE_SZE,TON_RAT,TRK_WT,TRKWTVAR,VIN_REST,WHLDRWHL,J_KNIFE,MCARR_I1,MCARR_I2,MCARR_ID,GVWR,V_CONFIG,CARGO_BT,HAZ_INV,HAZ_PLAC,HAZ_ID,HAZ_CNO,HAZ_REL,BUS_USE,SPEC_USE,EMER_USE,TRAV_SP,UNDERIDE,ROLLOVER,ROLINLOC,IMPACT1,DEFORMED,TOWED,M_HARM,VEH_SC1,VEH_SC2,FIRE_EXP,DR_PRES,L_STATE,DR_ZIP,L_STATUS,L_TYPE,CDL_STAT,L_ENDORS,L_COMPL,L_RESTRI,DR_HGT,DR_WGT,PREV_ACC,PREV_SUS,PREV_DWI,PREV_SPD,PREV_OTH,FIRST_MO,FIRST_YR,LAST_MO,LAST_YR,SPEEDREL,DR_SF1,DR_SF2,DR_SF3,DR_SF4,VTRAFWAY,VNUM_LAN,VSPD_LIM,VALIGN,VPROFILE,VPAVETYP,VSURCOND,VTRAFCON,VTCONT_F,P_CRASH1,P_CRASH2,P_CRASH3,PCRASH4,PCRASH5,ACC_TYPE,DEATHS,DR_DRINK
34,340424,2,2,1,19,11,0,11,25,0,1,0,34,3,6,18,6018,4,2013,1C3CCBCG9DN5,1,C,3,C,C,B,C,G,9,D,N,5,0,P,CHRY,2LM,4D,13,17,3389,,0,1089,,F,,F,6,220,,,18R225,,,,,,0,0,000000000,00000000000,0,0,0,1,0,0,0,0,0,0,0,998,0,0,0,12,6,2,25,0,0,0,1,34,7747,6,1,0,0,3,0,63,999,1,2,1,0,1,11,2009,10,2011,0,6,0,0,0,3,2,50,1,1,2,1,0,0,1,14,1,1,4,14,1,1
34,340425,1,1,1,16,11,17,47,8,0,1,0,34,2,35,47,35047,4,2010,1N4AL2AP4AN4,1,N,4,A,L,2,A,P,4,A,N,4,0,P,NISS,ATS,4D,10,17,3063,,0,1093,,G,,F,4,153,,,16R215,,,,,,0,0,000000000,00000000000,0,0,0,1,0,0,0,0,0,0,0,998,0,0,0,12,4,3,8,0,0,0,1,34,8648,6,1,0,0,3,0,67,999,0,0,0,1,0,5,2010,5,2010,0,0,0,0,0,1,2,35,1,1,2,1,0,0,1,80,98,1,1,13,0,0
34,340426,1,1,4,19,11,19,48,25,0,1,0,34,1,30,402,30402,14,2012,WVGBV7AX2CW5,W,V,G,B,V,7,A,X,2,C,W,5,0,P,VOLK,TIG,UT,12,17,3591,,0,0,,G,,T,4,121,,,000000,,,,,,0,0,000000000,00000000000,0,0,0,1,0,0,0,0,0,0,0,998,0,0,0,9,6,2,42,0,0,0,1,34,7092,6,1,0,0,3,0,79,999,0,0,0,0,0,0,0,0,0,0,28,0,0,0,3,2,45,4,1,2,1,0,0,14,12,1,1,4,6,1,0
34,340427,1,2,1,7,6,6,5,12,6,1,0,34,1,76,709,76709,80,2009,JYARN23E69A0,J,Y,A,R,N,2,3,E,6,9,A,0,0,M,YAMA,YFR,RC,9,17,,,,,,,998,,4,,4,454,,,,,,,0,0,000000000,00000000000,0,0,0,1,0,0,0,0,0,0,0,998,0,0,0,12,6,2,12,0,0,0,1,34,8091,6,1,0,0,3,0,70,999,0,0,0,0,2,6,2011,12,2011,1,6,0,0,0,1,4,45,2,1,2,1,0,0,14,17,1,1,1,69,1,0
34,340427,2,2,2,7,6,6,5,12,6,1,0,34,2,12,461,12461,21,1997,1FTHE24L2VHA,1,F,T,H,E,2,4,L,2,V,H,A,0,T,FORD,25V,CG,97,17,,2,0,1380,VAN,G,,,8,330,,,,C,5073,00,E,42,0,0,000000000,00000000000,0,0,0,1,0,0,0,0,0,0,0,998,0,0,0,11,6,2,12,0,0,0,1,34,8021,0,0,0,0,0,0,999,999,0,0,0,0,0,0,0,0,0,0,91,0,0,0,1,2,25,1,1,2,1,20,3,11,66,1,1,1,68,0,0
34,340428,1,1,2,31,8,18,35,7,0,1,0,36,3,82,989,82989,58,2008,4UZFCHCY18CZ,4,U,Z,F,C,H,C,Y,1,8,C,Z,0,T,FRHT,XMH,MH,8,17,,8,0,0,CHA,D,,,6,540,,,,,00000,00,,62,0,99,999999999,99999999999,3,21,22,1,0,0,0,0,5,0,0,998,0,0,0,0,0,9,7,0,0,0,1,36,11510,6,1,6,1,3,0,74,999,0,0,0,0,0,0,0,0,0,0,0,0,0,0,3,3,55,9,9,2,1,0,0,1,98,1,1,1,0,1,0
34,340429,1,1,1,1,8,4,12,15,0,1,1,36,3,87,881,87881,66,2005,1XP5DB0X75N8,1,X,P,5,D,B,0,X,7,5,N,8,1,T,PTRB,379,TR,5,17,,8,0,0,CON,D,,,6,893,,,,,00000,00,,64,1,57,1270011,571270011,3,6,1,1,0,0,0,0,0,0,0,998,0,0,0,99,2,1,15,0,0,0,1,36,11230,6,1,6,1,3,0,72,999,0,0,0,0,0,0,0,0,0,0,0,0,0,0,1,2,40,1,6,2,2,0,0,1,83,1,1,1,13,0,0
34,340430,1,2,3,30,9,10,9,33,0,1,0,34,1,48,45,48045,6,2006,4S4BP61C1673,4,S,4,B,P,6,1,C,1,6,7,3,0,P,SUBA,LOI,SW,6,17,3310,,0,1051,,G,,F,4,152,,,16R225,,,,,,0,0,000000000,00000000000,0,0,0,1,0,0,0,0,0,0,0,998,0,0,0,12,6,2,12,0,0,0,1,34,7748,6,1,0,0,3,0,64,999,0,1,0,2,3,5,2010,3,2012,1,6,28,0,0,1,2,45,4,2,2,1,0,0,14,13,1,1,4,1,2,0
34,340430,2,2,2,30,9,10,9,33,0,1,0,34,2,2,404,2404,14,2010,1J4PR4GK8AC1,1,J,4,P,R,4,G,K,8,A,C,1,0,T,JEEP,LRO,4W,10,17,,1,0,1095,GCK,G,,,6,225,,,,,4470,00,3,44,0,0,000000000,00000000000,0,0,0,1,0,0,0,0,0,0,0,998,0,0,0,12,6,2,12,0,0,0,1,34,7748,6,1,0,0,3,0,72,999,0,0,0,0,2,9,2010,1,2012,0,0,0,0,0,1,2,45,4,2,2,1,0,0,14,62,1,1,1,98,0,0
34,340431,1,1,1,15,11,15,58,24,0,1,0,34,1,18,2,18002,4,2000,1G4HP54K9YU1,1,G,4,H,P,5,4,K,9,Y,U,1,0,P,BUIC,LCF,4D,0,17,3567,,0,1122,,G,,F,6,231,,,15R215,,,,,,0,0,000000000,00000000000,0,0,0,1,0,0,0,0,0,0,0,998,0,0,0,3,6,2,30,0,0,0,1,34,7109,6,1,0,0,3,0,70,999,0,0,0,0,3,1,2010,7,2010,0,6,0,0,0,3,3,65,1,1,2,1,0,0,1,13,1,1,4,1,1,0
34,340432,1,2,2,18,11,12,35,12,6,1,0,34,1,54,36,54036,4,2005,JH4KB16585C0,J,H,4,K,B,1,6,5,8,5,C,0,0,P,ACUR,ARL,4D,5,17,3984,,0,1146,,G,,F,6,212,,,16R225,,,,,,0,0,000000000,00000000000,0,0,0,1,0,0,0,0,0,0,0,998,0,0,0,11,6,2,12,0,0,0,1,34,7826,6,1,0,0,3,0,66,999,1,0,0,0,1,11,2011,11,2011,0,6,38,0,0,1,4,50,1,1,2,1,20,3,11,55,1,1,1,82,1,0
34,340432,2,2,1,18,11,12,35,12,6,1,0,42,1,12,37,12037,4,2011,1FAHP3HNXBW1,1,F,A,H,P,3,H,N,X,B,W,1,0,P,FORD,FCL,4D,11,17,2642,,0,1029,,G,,F,4,122,,,16R205,,,,,,0,0,000000000,00000000000,0,0,0,1,0,0,0,0,0,0,0,998,0,0,0,1,6,2,12,0,0,0,1,42,18337,6,1,0,0,3,0,73,999,0,0,0,0,0,0,0,0,0,0,0,0,0,0,1,4,50,1,1,2,1,0,0,1,67,1,1,1,83,0,0
34,340433,1,2,1,2,11,20,13,12,7,1,0,34,1,22,2,22002,4,1997,1G2HX52K0VH2,1,G,2,H,X,5,2,K,0,V,H,2,0,P,PONT,BVS,4D,97,17,3350,,0,1108,,G,,F,6,231,,,15R215,,,,,,0,0,000000000,00000000000,0,0,0,1,0,0,0,0,0,0,0,998,0,0,0,1,6,2,42,0,0,0,1,34,7924,6,1,0,0,3,0,72,999,0,0,0,0,0,0,0,0,0,0,6,28,0,0,3,3,65,3,6,2,1,0,0,14,11,1,1,2,44,1,1
34,340433,2,2,3,2,11,20,13,12,7,1,0,34,1,49,442,49442,20,2003,4T3ZF13C53U5,4,T,3,Z,F,1,3,C,5,3,U,5,0,P,TOYT,SIE,SV,3,17,3932,,0,1142,,G,,F,6,183,,,15R215,,,,,,0,0,000000000,00000000000,0,0,0,1,0,0,0,0,0,0,0,998,0,0,0,7,2,1,12,0,0,0,1,34,7920,6,1,0,0,3,0,65,999,0,0,0,0,0,0,0,0,0,0,0,0,0,0,3,3,65,3,6,2,1,0,0,14,60,1,1,1,45,0,0
34,340434,1,1,1,14,12,2,59,52,0,1,0,34,1,34,37,34037,4,2006,WBAHN83526DT,W,B,A,H,N,8,3,5,2,6,D,T,0,P,BMW,50L,4D,6,17,4552,,0,1231,,G,,F,8,292,,,18R245,,,,,,0,0,000000000,00000000000,0,0,0,1,0,0,0,0,0,0,0,998,0,0,0,1,6,2,39,0,0,0,1,34,7109,6,1,0,0,3,0,69,999,1,0,0,0,5,3,2010,12,2011,1,36,0,0,0,3,2,45,3,1,2,1,0,0,14,13,1,1,4,1,1,1
34,340435,1,1,2,23,8,22,43,8,0,1,0,34,3,12,444,12444,20,2011,NM0LS6AN6BT0,N,M,0,L,S,6,A,N,6,B,T,0,0,T,FORD,CXL,CG,11,17,,1,0,1146,TRN,G,,,4,122,,,,B,3470,00,K,42,0,0,000000000,00000000000,0,0,0,1,0,0,0,0,0,0,0,998,0,0,0,12,6,2,8,0,0,0,1,34,7111,6,1,0,0,3,0,67,999,0,0,0,0,1,11,2011,11,2011,0,0,0,0,0,3,2,55,1,2,2,1,0,0,1,80,8,1,2,13,0,0
34,340436,1,1,1,15,8,8,58,9,0,1,0,34,3,84,881,84881,63,2007,1HSHXAHR97J4,1,H,S,H,X,A,H,R,9,7,J,4,1,T,INTL,860,TR,7,17,,8,0,0,80S,D,,,6,661,,,,,00000,00,,64,1,57,2718,572718,3,4,1,1,0,0,0,0,0,0,0,998,0,0,0,3,2,1,9,0,0,0,1,34,8080,6,1,6,1,3,3,71,999,0,1,0,0,0,10,2011,10,2011,0,0,0,0,0,2,4,35,1,1,2,1,3,3,10,83,1,1,1,13,0,0
34,340437,1,2,1,12,9,21,8,12,2,1,0,34,2,18,2,18002,4,1996,1G4HP52KXTH4,1,G,4,H,P,5,2,K,X,T,H,4,0,P,BUIC,LCF,4D,96,17,3430,,0,1108,,G,,F,6,231,,,15R205,,,,,,0,0,000000000,00000000000,0,0,0,1,0,0,0,0,0,0,0,70,0,0,0,12,6,2,12,0,0,0,1,34,7735,6,2,0,0,3,0,71,999,0,3,0,0,2,10,2009,3,2012,1,51,35,0,0,2,3,50,1,3,2,1,0,0,6,10,1,1,2,50,1,0
34,340437,2,2,1,12,9,21,8,12,2,1,0,34,1,37,32,37032,4,2012,1HGCP2F30CA1,1,H,G,C,P,2,F,3,0,C,A,1,0,P,HOND,ULX,4D,12,17,3216,,0,1102,,G,,F,4,146,,,16R215,,,,,,0,0,000000000,00000000000,0,0,0,1,0,0,0,0,0,0,0,55,0,0,0,12,6,2,12,0,0,0,1,34,7095,6,1,0,0,3,3,65,999,0,0,0,0,0,0,0,0,0,0,0,0,0,0,2,3,50,1,3,2,1,0,0,1,62,1,1,1,51,0,0
34,340438,1,1,1,14,9,17,1,33,0,1,0,34,1,37,31,37031,4,2000,2HGEJ6614YH5,2,H,G,E,J,6,6,1,4,Y,H,5,0,P,HOND,UCE,4D,0,17,2388,,0,1032,,G,,F,4,097,,,14R185,,,,,,0,0,000000000,00000000000,0,0,0,1,0,0,0,0,0,0,0,998,0,0,0,12,9,2,42,0,0,0,1,34,7054,6,1,0,0,3,0,72,999,0,0,0,0,0,0,0,0,0,0,6,0,0,0,2,2,50,1,1,2,1,0,0,1,13,1,1,5,1,1,1
34,340439,1,1,1,20,9,5,29,8,0,1,0,34,3,20,422,20422,15,2004,3GNGK26U04G1,3,G,N,G,K,2,6,U,0,4,G,1,0,P,CHEV,K25,UT,4,17,5796,,0,1300,,G,,F,8,364,,,16R245,,,,,,0,0,000000000,00000000000,0,0,0,1,0,0,0,0,0,0,0,998,0,0,0,12,9,2,8,0,0,0,1,34,8701,6,1,0,0,3,0,70,999,1,0,0,1,3,7,2010,10,2011,0,0,0,0,0,2,2,40,1,1,2,1,3,3,1,80,1,1,1,13,0,0
34,340440,1,1,2,22,9,0,31,33,0,1,0,34,2,72,706,72706,80,2012,1HD1GPM16CC3,1,H,D,1,G,P,M,1,6,C,C,3,0,M,HD,FWG,RS,12,17,,,,,,,1690,,2,,4,650,,,,,,,0,0,000000000,00000000000,0,0,0,1,0,0,0,0,0,0,0,998,0,0,0,12,9,2,33,0,0,0,1,13,30549,1,1,0,0,2,0,68,205,98,1,0,0,2,5,2011,7,2012,1,36,0,0,0,3,2,50,4,2,2,1,0,0,14,13,1,1,4,1,2,1
34,340441,1,2,1,20,10,3,56,12,1,1,0,34,3,82,881,82881,66,2003,1FUJBBAV73LJ,1,F,U,J,B,B,A,V,7,3,L,J,0,T,FRHT,ST2,TR,3,17,,8,0,0,CON,D,,,6,893,,,,,00000,00,,64,0,57,2115201,572115201,3,5,96,1,0,0,0,0,0,0,0,998,0,0,0,6,9,2,12,0,0,0,1,34,7083,6,1,6,1,3,0,71,999,1,0,0,0,3,7,2010,3,2012,0,0,0,0,0,2,3,65,1,1,2,2,0,0,1,53,1,1,1,25,0,0
34,340441,2,2,1,20,10,3,56,12,1,1,0,34,1,20,401,20401,14,1994,1GNDT13W9R21,1,G,N,D,T,1,3,W,9,R,2,1,0,P,CHEV,S10,UT,94,17,3811,,0,1070,,G,,F,6,262,,,000000,,,,,,0,0,000000000,00000000000,0,0,0,1,0,0,0,0,0,0,0,998,1,0,0,12,6,2,12,0,0,0,1,34,8096,6,1,0,0,3,0,74,999,0,1,0,0,1,3,2010,4,2012,1,6,0,0,0,2,3,65,1,1,2,2,0,0,1,51,1,1,1,24,1,1
34,340442,1,2,1,15,5,21,2,12,6,1,0,34,1,7,402,7402,14,2003,1D4HS58N63F5,1,D,4,H,S,5,8,N,6,3,F,5,0,P,DODG,DUR,UT,3,17,4687,,0,1160,,G,,F,8,287,,,16R245,,,,,,0,0,000000000,00000000000,0,0,0,1,0,0,0,0,0,0,0,998,0,0,0,12,6,2,12,0,0,0,1,34,8902,6,1,0,0,3,0,65,999,0,0,0,0,0,0,0,0,0,0,6,39,0,0,3,3,55,1,1,2,1,3,3,1,17,1,1,2,69,0,1
34,340442,2,2,1,15,5,21,2,12,6,1,0,34,1,35,43,35043,4,2000,3N1CB51D6YL3,3,N,1,C,B,5,1,D,6,Y,L,3,0,P,NISS,SXG,4D,0,17,2401,,0,998,,G,,F,4,108,,,14R185,,,,,,0,0,000000000,00000000000,0,0,0,1,0,0,0,0,0,0,0,998,0,0,0,9,6,2,12,0,0,0,1,34,8902,6,1,0,0,3,0,62,999,0,0,0,0,0,0,0,0,0,0,0,0,0,0,3,3,55,1,1,2,1,3,3,11,66,1,1,2,68,1,0
34,340443,1,1,1,15,5,16,25,24,0,1,0,34,1,12,442,12442,20,1996,2FMDA5140TBC,2,F,M,D,A,5,1,4,0,T,B,C,0,T,FORD,WWG,ES,96,17,,1,0,1207,WIN,G,,,6,232,,,,B,3733,00,E,42,0,0,000000000,00000000000,0,0,0,1,0,0,0,0,0,0,0,998,0,0,0,1,6,2,42,0,0,0,1,34,8880,6,1,0,0,3,0,67,999,2,0,0,0,1,1,2010,3,2012,1,36,0,0,0,1,2,25,3,3,2,1,20,3,14,14,1,1,4,14,1,1
34,340444,1,2,1,9,5,5,1,12,6,1,0,34,3,98,898,98898,63,1987,1D9RC3186H10,1,D,9,R,C,3,1,8,6,H,1,0,0,U,,,,87,17,,,,,,,,,,,,,,,,,,,0,57,393617,57393617,3,2,98,1,0,0,0,0,0,0,0,998,0,0,0,12,6,2,12,0,0,0,1,42,18343,6,1,6,9,3,0,70,999,0,0,0,0,1,8,2009,8,2009,0,6,39,0,0,3,4,50,1,1,2,2,3,3,1,17,1,1,1,88,0,0
34,340444,2,2,1,9,5,5,1,12,6,1,0,34,2,37,421,37421,15,2003,2HKYF18533H5,2,H,K,Y,F,1,8,5,3,3,H,5,0,P,HOND,PIL,UT,3,17,4439,,0,1063,,G,,F,6,212,,,16R235,,,,,,0,0,000000000,00000000000,0,0,0,1,0,0,0,0,0,0,0,998,0,0,0,9,6,2,12,0,0,0,1,34,8865,6,1,0,0,3,3,69,999,0,0,0,0,0,0,0,0,0,0,0,0,0,0,1,4,35,1,1,2,2,3,3,1,66,1,1,1,89,1,0
34,340445,1,1,2,28,9,20,21,42,0,1,0,34,1,49,32,49032,4,2010,2T1BU4EE9AC2,2,T,1,B,U,4,E,E,9,A,C,2,0,P,TOYT,CBL,4D,10,17,2723,,0,1024,,G,,F,4,110,,,15R195,,,,,,0,0,000000000,00000000000,0,0,0,1,0,0,0,0,0,0,0,998,0,0,0,12,9,2,42,0,0,0,1,34,8831,6,1,0,0,3,0,70,999,0,0,0,0,0,0,0,0,0,0,28,0,0,0,2,2,55,1,1,2,1,0,0,1,10,1,1,5,6,1,0
34,340446,1,1,1,15,7,19,47,8,0,1,0,34,2,49,482,49482,31,2010,5TFUY5F11AX1,5,T,F,U,Y,5,F,1,1,A,X,1,0,T,TOYT,DBS,CW,10,17,,2,0,1457,TUN,G,,,8,348,,,,B,5460,00,7,44,0,0,000000000,00000000000,0,0,0,1,0,0,0,0,0,0,0,998,0,0,0,11,0,3,8,0,0,0,1,34,8901,6,1,0,0,3,0,65,999,0,0,0,0,0,0,0,0,0,0,6,0,0,0,1,2,25,1,1,2,1,3,3,11,80,1,1,1,13,0,0
34,340447,1,1,2,8,5,17,43,46,0,1,0,34,1,35,401,35401,14,2001,JN8DR09Y81W5,J,N,8,D,R,0,9,Y,8,1,W,5,0,P,NISS,PFI,UT,1,17,3997,,0,1063,,G,,F,6,213,,,16R245,,,,,,0,0,000000000,00000000000,0,0,0,1,0,0,0,0,0,0,0,998,0,0,0,12,6,2,17,0,0,0,1,34,8823,6,1,0,0,3,0,60,999,0,1,0,0,0,1,2011,1,2011,0,6,0,0,0,1,4,50,1,2,2,2,3,3,1,13,1,1,4,1,2,0
34,340448,1,1,1,12,8,12,10,8,0,1,1,24,1,12,481,12481,31,2000,1FTRF18W7YNA,1,F,T,R,F,1,8,W,7,Y,N,A,0,T,FORD,F15,PK,0,17,,2,1388,1202,COF,G,,,8,281,,,,B,4299,04,U,44,0,0,000000000,00000000000,0,0,0,1,0,0,0,0,0,0,0,998,0,0,0,12,0,1,8,0,0,0,1,24,20902,6,1,0,0,3,0,72,200,0,0,0,0,2,10,2011,2,2012,0,6,38,0,0,1,2,25,1,1,2,1,3,3,11,80,1,1,1,13,0,0
34,340449,1,2,1,23,5,15,1,12,6,1,0,34,1,24,1,24001,4,2002,1G8ZH52872Z2,1,G,8,Z,H,5,2,8,7,2,Z,2,0,P,STRN,SL1,4D,2,17,2377,,0,1024,,G,,F,4,116,,,14R185,,,,,,0,0,000000000,00000000000,0,0,0,1,0,0,0,0,0,0,0,998,0,0,0,12,9,2,12,0,0,0,1,34,8805,6,1,0,0,3,0,62,999,1,0,0,0,0,2,2011,2,2011,0,0,0,0,0,3,2,40,1,1,2,2,3,3,11,15,1,1,1,82,1,0
34,340449,2,2,1,23,5,15,1,12,6,1,0,34,2,12,401,12401,14,2003,1FMZU73K73UB,1,F,M,Z,U,7,3,K,7,3,U,B,0,P,FORD,EPR,UT,3,17,4094,,0,1137,,F,,F,6,245,,,16R235,,,,,,0,0,000000000,00000000000,0,0,0,1,0,0,0,0,0,0,0,998,0,0,0,9,6,2,12,0,0,0,1,34,8844,6,1,0,0,3,0,68,999,0,0,0,0,0,0,0,0,0,0,39,0,0,0,3,2,40,1,1,2,2,3,3,1,55,1,1,1,83,0,0
34,340451,1,1,1,4,8,2,41,33,0,1,0,34,1,23,401,23401,14,2006,1GKET16S4661,1,G,K,E,T,1,6,S,4,6,6,1,0,T,GMC,EXL,4W,6,17,,2,0,1290,ENV,G,,,6,256,,,,B,4594,00,4,44,0,0,000000000,00000000000,0,0,0,1,0,0,0,0,0,0,0,998,0,0,0,12,6,2,38,0,0,0,1,34,7022,6,1,0,0,3,0,71,999,0,2,0,0,0,8,2009,8,2010,0,6,28,0,0,1,2,30,3,6,2,1,0,0,14,10,1,1,5,6,1,1
34,340452,1,1,1,23,10,20,32,8,0,1,0,34,1,59,401,59401,14,2000,JT6HF10U4Y01,J,T,6,H,F,1,0,U,4,Y,0,1,0,P,LEXS,RX3,UT,0,17,3900,,0,1031,,G,,F,6,183,,,16R225,,,,,,0,0,000000000,00000000000,0,0,0,1,0,0,0,0,0,0,0,998,0,0,0,12,2,3,8,0,0,0,1,34,7003,6,1,0,0,3,0,67,999,0,0,0,0,0,0,0,0,0,0,0,0,0,0,1,4,25,1,2,2,2,0,0,15,80,2,1,2,13,0,0
34,340453,1,2,2,11,8,4,17,12,6,1,0,34,1,58,37,58037,2,2003,JNKCV54E93M2,J,N,K,C,V,5,4,E,9,3,M,2,0,P,INFI,G35,CP,3,17,3290,,0,1122,,G,,F,6,214,,,17R235,,,,,,0,0,000000000,00000000000,0,0,0,1,0,0,0,0,0,0,0,998,0,0,0,9,9,3,12,0,0,0,1,34,8852,6,1,0,0,3,0,68,999,1,0,0,1,3,11,2010,5,2012,0,39,6,0,0,2,2,50,1,1,2,1,3,3,11,55,1,2,2,82,1,1
34,340453,2,2,2,11,8,4,17,12,6,1,0,34,1,12,473,12473,30,2003,1FMDU74W33UA,1,F,M,D,U,7,4,W,3,3,U,A,0,P,FORD,EPR,UT,3,17,4094,,0,1137,,G,,F,8,281,,,17R245,,,,,,0,0,000000000,00000000000,0,0,0,1,0,0,0,0,0,0,0,998,0,0,0,12,9,1,12,0,0,0,1,34,8831,6,1,0,0,3,0,65,999,0,1,0,2,3,1,2010,7,2012,0,0,0,0,0,2,2,50,1,1,2,1,3,3,1,66,1,1,2,83,0,0
34,340454,1,1,1,8,10,19,5,8,0,1,0,34,2,55,401,55401,14,2009,5NMSH13E89H3,5,N,M,S,H,1,3,E,8,9,H,3,0,P,HYUN,SAN,UT,9,17,3846,,0,1063,,G,,F,6,204,,,18R235,,,,,,0,0,000000000,00000000000,0,0,0,1,0,0,0,0,0,0,0,998,0,0,0,12,9,2,8,0,0,0,1,34,7013,6,1,0,0,3,0,70,999,0,0,0,0,0,0,0,0,0,0,0,0,0,0,1,6,35,1,1,2,1,0,0,1,80,1,1,1,13,0,0
34,340455,1,2,1,10,8,11,18,12,6,1,0,34,3,84,981,84981,50,2004,4DRBRAAP13A9,4,D,R,B,R,A,A,P,1,3,A,9,0,T,INTL,,BU,4,17,,7,,,,D,,,6,466,,,,,,,,42,0,88,888888888,88888888888,3,21,22,1,0,0,0,0,1,0,0,998,0,0,0,12,2,1,12,0,0,0,1,34,7208,6,1,6,1,3,0,72,999,0,0,0,0,1,12,2011,12,2011,0,0,0,0,0,1,2,35,1,1,2,2,0,0,1,73,1,1,1,88,0,0
34,340455,2,2,1,10,8,11,18,12,6,1,0,34,1,20,20,20020,4,1997,2G1WL52M8V91,2,G,1,W,L,5,2,M,8,V,9,1,0,P,CHEV,L/S,4D,97,17,3360,,0,1075,,G,,F,6,191,,,15R205,,,,,,0,0,000000000,00000000000,0,0,0,1,0,0,0,0,0,0,0,998,0,0,0,9,6,2,12,0,0,0,1,34,7090,6,1,0,0,3,0,62,999,0,0,0,0,0,0,0,0,0,0,38,0,0,0,1,2,35,1,1,2,2,0,0,1,55,1,1,1,89,1,0
34,340456,1,1,3,12,9,22,31,42,0,1,0,34,2,48,38,48038,6,2008,JF1GH75658G8,J,F,1,G,H,7,5,6,5,8,G,8,0,P,SUBA,WPR,SW,8,17,3142,,0,1031,,G,,T,4,150,,,17R205,,,,,,0,0,000000000,00000000000,0,0,0,1,0,0,0,0,0,0,0,998,0,0,0,11,6,2,42,0,0,0,1,34,7753,6,1,0,0,3,0,71,999,0,1,0,0,3,5,2012,8,2012,1,37,36,0,0,1,4,45,2,2,2,1,0,0,14,6,3,3,4,2,2,1
34,340457,1,1,1,28,9,13,23,8,0,1,0,34,3,82,461,82461,21,2006,WDRPD1441659,W,D,R,P,D,1,4,4,1,6,5,9,0,T,FRHT,SPR,SV,6,17,,2,0,1180,SPR,D,,,5,165,,,,,4501,00,E,42,0,0,000000000,00000000000,0,0,0,1,0,0,0,0,0,0,0,998,0,0,0,6,0,3,8,0,0,0,1,36,12603,6,1,0,0,3,3,66,999,0,0,0,0,0,0,0,0,0,0,6,0,0,0,4,1,25,1,3,2,1,0,0,13,98,1,1,1,92,0,0
34,340458,1,3,1,19,9,14,27,12,6,1,0,34,1,59,403,59403,14,2010,2T2BK1BA1AC0,2,T,2,B,K,1,B,A,1,A,C,0,0,P,LEXS,RX5,UT,10,17,4510,,0,1079,,G,,F,6,211,,,18R235,,,,,,0,0,000000000,00000000000,0,0,0,1,0,0,0,0,0,0,0,0,0,0,0,5,2,3,12,0,0,0,1,34,8902,6,1,0,0,3,0,60,999,0,0,0,0,0,0,0,0,0,0,0,0,0,0,2,2,55,1,1,2,1,3,3,5,61,1,1,1,98,0,0
34,340458,2,3,1,19,9,14,27,12,6,1,0,34,1,49,50,49050,3,2006,JTKDE1673601,J,T,K,D,E,1,6,7,3,6,0,1,0,P,TOYT,SXC,2H,6,17,2905,,0,1063,,G,,F,4,144,,,17R215,,,,,,0,0,000000000,00000000000,0,0,0,1,0,0,0,0,0,0,0,998,0,0,0,12,9,3,12,0,0,0,1,34,8902,6,1,0,0,3,0,62,999,1,0,0,0,2,4,2011,9,2012,0,0,0,0,0,2,2,55,1,1,2,1,3,3,1,61,1,1,1,45,0,0
34,340458,3,3,2,19,9,14,27,12,6,1,0,34,2,37,32,37032,4,2004,1HGCM66554A0,1,H,G,C,M,6,6,5,5,4,A,0,0,P,HOND,UEX,4D,4,17,3384,,0,1079,,G,,F,6,183,,,000000,,,,,,0,0,000000000,00000000000,0,0,0,1,0,0,0,0,0,0,0,998,0,0,0,9,9,3,12,0,0,0,1,34,8852,6,1,0,0,3,0,67,999,0,0,0,0,0,0,0,0,0,0,6,30,38,0,2,2,55,1,1,2,1,0,0,16,53,1,1,1,47,1,0
34,340459,1,1,1,7,9,8,8,8,0,1,1,34,2,20,482,20482,31,2008,3GNFK12388G1,3,G,N,F,K,1,2,3,8,8,G,1,0,T,CHEV,KAV,SP,8,17,,2,0,1300,AVL,F,,,8,323,,,,B,5803,00,,44,0,0,000000000,00000000000,0,0,0,1,0,0,0,0,0,0,0,83,0,0,0,2,4,3,8,0,0,0,1,42,19145,6,1,0,0,3,0,67,999,0,0,0,0,0,0,0,0,0,1,6,8,0,0,3,2,45,1,1,2,1,0,0,1,80,8,1,2,13,0,0