STATE,ST_CASE,VEH_NO,VE_FORMS,NUMOCCS,DAY,MONTH,HOUR,MINUTE,HARM_EV,MAN_COLL,UNITTYPE,HIT_RUN,REG_STAT,OWNER,MAKE,MODEL,MAK_MOD,BODY_TYP,MOD_YEAR,VIN,VIN_1,VIN_2,VIN_3,VIN_4,VIN_5,VIN_6,VIN_7,VIN_8,VIN_9,VIN_10,VIN_11,VIN_12,TOW_VEH,VINTYPE,VINMAKE,VINA_MOD,VIN_BT,VINMODYR,VIN_LNGT,VIN_WGT,WGTCD_TR,WHLBS_LG,WHLBS_SH,SER_TR,FUELCODE,MCYCL_DS,CARBUR,CYLINDER,DISPLACE,MCYCL_CY,MCYCL_WT,TIRE_SZE,TON_RAT,TRK_WT,TRKWTVAR,VIN_REST,WHLDRWHL,J_KNIFE,MCARR_I1,MCARR_I2,MCARR_ID,GVWR,V_CONFIG,CARGO_BT,HAZ_INV,HAZ_PLAC,HAZ_ID,HAZ_CNO,HAZ_REL,BUS_USE,SPEC_USE,EMER_USE,TRAV_SP,UNDERIDE,ROLLOVER,ROLINLOC,IMPACT1,DEFORMED,TOWED,M_HARM,VEH_SC1,VEH_SC2,FIRE_EXP,DR_PRES,L_STATE,DR_ZIP,L_STATUS,L_TYPE,CDL_STAT,L_ENDORS,L_COMPL,L_RESTRI,DR_HGT,DR_WGT,PREV_ACC,PREV_SUS,PREV_DWI,PREV_SPD,PREV_OTH,FIRST_MO,FIRST_YR,LAST_MO,LAST_YR,SPEEDREL,DR_SF1,DR_SF2,DR_SF3,DR_SF4,VTRAFWAY,VNUM_LAN,VSPD_LIM,VALIGN,VPROFILE,VPAVETYP,VSURCOND,VTRAFCON,VTCONT_F,P_CRASH1,P_CRASH2,P_CRASH3,PCRASH4,PCRASH5,ACC_TYPE,DEATHS,DR_DRINK
34,340460,1,1,1,3,10,23,18,8,0,1,0,42,1,48,38,48038,4,2008,JF1GE61628H5,J,F,1,G,E,6,1,6,2,8,H,5,0,P,SUBA,I25,4D,8,17,3064,,0,1031,,G,,F,4,150,,,16R205,,,,,,0,0,000000000,00000000000,0,0,0,1,0,0,0,0,0,0,0,998,0,0,0,12,6,2,8,0,0,0,1,42,19057,6,1,0,0,3,3,64,999,0,0,0,0,0,0,0,0,0,0,0,0,0,0,3,3,45,1,1,2,1,3,3,1,80,1,1,1,13,0,0
34,340461,1,1,1,4,10,16,53,30,0,1,0,34,2,12,401,12401,14,2001,1FMYU70E11UC,1,F,M,Y,U,7,0,E,1,1,U,C,0,P,FORD,EPR,UT,1,17,3959,,0,1018,,G,,F,6,245,,,15R235,,,,,,0,0,000000000,00000000000,0,0,0,1,0,0,0,0,0,0,0,998,0,2,6,12,6,2,1,0,0,0,1,34,7840,6,2,0,0,3,0,65,999,0,0,0,0,2,3,2010,8,2012,0,79,0,0,0,1,2,45,4,2,2,6,0,0,14,5,1,1,5,6,1,0
34,340462,1,1,5,4,11,22,22,8,0,1,0,34,2,52,37,52037,2,2003,4A3AC44G93E1,4,A,3,A,C,4,4,G,9,3,E,1,0,P,MITS,EGS,2H,3,17,2944,,0,1008,,G,,F,4,146,,,16R205,,,,,,0,0,000000000,00000000000,0,0,0,1,0,0,0,0,0,0,0,998,0,0,0,12,9,2,8,0,0,0,1,34,8330,6,1,0,0,3,3,73,999,0,0,0,0,0,0,0,0,0,0,0,0,0,0,3,3,45,1,1,2,1,3,3,1,80,1,1,1,13,0,0
34,340463,1,1,1,13,11,4,20,33,0,1,0,36,2,49,50,49050,3,2007,JTKDE1775701,J,T,K,D,E,1,7,7,5,7,0,1,0,P,TOYT,SXC,2H,7,17,2905,,0,1063,,G,,F,4,146,,,17R215,,,,,,0,0,000000000,00000000000,0,0,0,1,0,0,0,0,0,0,0,998,0,0,0,12,6,2,30,0,0,0,1,36,10458,6,8,0,0,3,0,71,999,0,1,0,0,0,2,2011,2,2011,1,6,0,0,0,1,2,25,1,1,2,2,0,0,1,6,1,4,4,2,1,0
34,340464,1,1,1,22,7,7,8,42,0,1,0,34,1,63,36,63036,6,2009,KNAFG5282972,K,N,A,F,G,5,2,8,2,9,7,2,0,P,KIA,ROL,SW,9,17,3333,,0,1063,,G,,F,4,144,,,16R205,,,,,,0,0,000000000,00000000000,0,0,0,1,0,0,0,0,0,0,0,998,0,0,0,12,6,2,42,0,0,0,1,34,8854,6,1,0,0,3,0,60,999,0,0,0,0,0,0,0,0,0,0,28,0,0,0,1,2,35,2,1,2,1,0,0,14,12,1,1,4,6,1,0
34,340465,1,1,1,25,7,21,12,8,0,1,0,34,1,41,51,41051,4,2008,JM1BK34M9811,J,M,1,B,K,3,4,M,9,8,1,1,0,P,MAZD,MS3,4H,8,17,3153,,0,1039,,G,,T,4,140,,,18R215,,,,,,0,0,000000000,00000000000,0,0,0,1,0,0,0,0,0,0,0,998,0,0,0,12,9,3,8,0,0,0,1,34,7083,6,1,0,0,3,0,71,999,0,0,0,2,1,5,2010,1,2011,0,0,0,0,0,3,3,50,1,1,2,1,0,0,1,80,1,1,1,13,0,0
34,340466,1,1,1,9,11,7,20,15,0,1,0,34,3,82,881,82881,63,1995,1FVNFXYB0SH8,1,F,V,N,F,X,Y,B,0,S,H,8,0,T,FRHT,FLD,CC,95,17,,8,0,0,CON,D,,,6,893,,,,,00000,00,,64,0,57,2061954,572061954,3,1,4,1,0,0,0,0,0,0,0,998,0,0,0,11,9,2,15,0,0,0,1,34,7206,1,1,1,9,2,0,65,999,0,5,0,0,5,11,2009,11,2012,0,6,38,0,0,1,2,25,1,1,2,1,0,0,11,83,1,1,1,13,0,0
34,340467,1,2,1,14,11,11,10,12,6,1,0,34,1,12,481,12481,31,2003,3FTNX21L83MB,3,F,T,N,X,2,1,L,8,3,M,B,0,T,FORD,F2S,4C,3,17,,2,1580,1418,SRW,G,,,8,330,,,,C,5982,02,U,44,0,0,000000000,00000000000,0,0,0,1,0,0,0,0,0,0,0,998,0,0,0,1,9,2,12,0,0,0,1,34,8535,6,1,0,0,3,0,67,999,0,0,0,0,0,0,0,0,0,0,0,0,0,0,2,3,50,1,1,2,1,0,0,1,55,1,1,1,87,0,0
34,340467,2,2,2,14,11,11,10,12,6,1,0,34,3,12,16,12016,4,2001,2FAFP71W41X1,2,F,A,F,P,7,1,W,4,1,X,1,0,P,FORD,CVP,4D,1,17,3996,,0,1147,,G,,F,8,281,,,16R225,,,,,,0,0,000000000,00000000000,0,0,0,1,0,0,0,0,0,1,0,998,0,0,0,12,9,2,12,0,0,0,1,34,7065,6,1,0,0,3,0,69,999,0,0,0,0,5,2,2011,9,2012,0,6,38,0,0,4,1,25,1,1,2,1,0,0,1,55,1,1,1,86,1,0
34,340468,1,1,4,22,9,23,0,8,0,1,0,34,2,34,401,34401,14,2005,5UXFA13545LY,5,U,X,F,A,1,3,5,4,5,L,Y,0,P,BMW,BX5,UT,5,17,4652,,0,1110,,G,,F,6,182,,,17R235,,,,,,0,0,000000000,00000000000,0,0,0,1,0,0,0,0,0,0,0,998,0,0,0,1,9,3,8,0,0,0,1,34,7514,6,1,0,0,3,0,66,999,0,0,0,0,1,6,2010,6,2010,0,0,0,0,0,3,3,50,1,3,2,2,0,0,1,80,1,1,1,13,0,0
34,340469,1,1,2,14,10,13,45,5,0,1,0,34,0,37,703,37703,83,2004,JH2ME03364M8,J,H,2,M,E,0,3,3,6,4,M,8,0,M,HOND,CR2,MX,4,17,,,,,,,249,,1,,2,213,,,,,,,0,0,000000000,00000000000,0,0,0,1,0,0,0,0,0,0,0,998,0,0,0,0,0,3,5,0,0,0,1,34,7045,6,1,0,0,3,0,72,999,0,0,0,1,1,5,2011,6,2012,0,36,21,0,0,1,2,25,1,1,2,1,0,0,1,98,1,1,1,0,1,0
34,340470,1,1,2,8,11,15,9,8,0,1,0,34,3,51,881,51881,63,2005,4V5KC9GG95N3,4,V,5,K,C,9,G,G,9,5,N,3,0,T,VOLV,VHD,CC,5,17,,8,0,0,VHD,D,,,6,732,,,,,00000,00,,64,0,99,999999999,99999999999,3,2,98,1,0,0,0,0,0,0,0,998,0,0,0,12,9,2,8,0,0,0,1,34,7060,6,1,6,1,3,0,69,999,0,0,0,0,0,0,0,0,0,0,38,0,0,0,1,2,25,1,1,2,1,3,3,10,82,1,1,1,13,0,0
34,340471,1,2,1,9,10,17,16,12,6,1,0,34,1,41,441,41441,20,2001,JM3LW28Y3101,J,M,3,L,W,2,8,Y,3,1,0,1,0,P,MAZD,MWG,SV,1,17,3657,,0,1118,,G,,F,6,152,,,15R205,,,,,,0,0,000000000,00000000000,0,0,0,1,0,0,0,0,0,0,0,998,0,0,0,12,6,2,12,0,0,0,1,34,8755,6,1,0,0,3,0,65,999,0,0,0,0,0,0,0,0,0,0,0,0,0,0,1,2,50,2,1,2,2,0,0,14,62,1,1,1,65,0,0
34,340471,2,2,2,9,10,17,16,12,6,1,0,34,2,42,39,42039,4,1987,WDBDA29D9HF3,W,D,B,D,A,2,9,D,9,H,F,3,0,P,MERZ,2.6,4D,87,17,2750,,0,1049,,G,,F,6,159,,,15R185,,,,,,0,0,000000000,00000000000,0,0,0,1,0,0,0,0,0,0,0,998,0,0,0,3,6,2,12,0,0,0,1,34,8527,6,2,0,0,3,3,64,999,0,0,0,0,0,0,0,0,0,1,6,28,0,0,1,2,50,3,1,2,2,0,0,14,6,1,4,2,64,2,0
34,340472,1,1,1,8,11,5,15,8,0,1,0,34,1,12,461,12461,21,2006,1FTRE14W56HA,1,F,T,R,E,1,4,W,5,6,H,A,0,T,FORD,15V,CG,6,17,,2,0,1380,VAN,G,,,8,281,,,,B,4773,00,E,42,0,0,000000000,00000000000,0,0,0,1,0,0,0,0,0,0,0,998,0,0,0,12,9,2,8,0,0,0,1,34,8089,6,1,6,0,3,3,72,999,0,0,0,0,1,11,2009,11,2009,0,0,0,0,0,2,2,50,1,1,2,2,0,0,1,80,6,1,1,13,0,0
34,340473,1,4,1,19,11,11,13,12,6,1,0,34,2,6,54,6054,6,2004,2C8GF68424R2,2,C,8,G,F,6,8,4,2,4,R,2,0,P,CHRY,PIF,UT,4,17,4546,,0,1163,,G,,F,6,214,,,17R235,,,,,,0,0,000000000,00000000000,0,0,0,1,0,0,0,0,0,0,0,998,0,0,0,12,6,2,12,0,0,0,1,34,7065,1,1,0,0,2,0,70,999,0,0,0,0,0,0,0,0,0,1,36,39,0,0,1,2,25,1,1,2,1,99,9,1,55,1,1,1,86,0,0
34,340473,2,4,3,19,11,11,13,12,6,1,0,34,3,12,461,12461,22,2011,1FDSS3ES9BDA,1,F,D,S,S,3,E,S,9,B,D,A,0,T,FORD,3SD,EC,11,17,,2,0,1380,VAN,G,,,10,415,,,,D,5485,00,E,42,0,0,000000000,00000000000,0,0,0,1,0,0,0,0,0,6,0,999,0,1,1,3,9,2,12,0,0,0,1,34,7052,1,1,0,0,2,0,69,999,1,5,0,0,4,5,2010,8,2012,0,0,0,0,0,1,2,25,1,1,2,1,0,0,1,55,1,1,1,87,1,0
34,340473,3,4,1,19,11,11,13,12,6,1,0,34,3,12,870,12870,61,2012,1FDEE3FSXCDA,1,F,D,E,E,3,F,S,X,C,D,A,0,T,FORD,3DC,YY,12,17,,3,1760,1380,CTV,G,,,10,415,,,,D,4782,00,M,42,0,88,888888888,88888888888,2,1,98,1,0,0,0,0,0,0,0,998,0,0,0,12,9,2,12,0,0,0,1,34,7018,6,1,0,0,3,0,67,999,1,0,0,0,2,12,2010,1,2012,0,0,0,0,0,1,2,25,1,1,2,1,0,0,1,50,1,1,1,98,0,0
34,340473,4,4,3,19,11,11,13,12,6,1,0,34,1,98,898,98898,60,2004,5B4JP42V6433,5,B,4,J,P,4,2,V,6,4,3,3,0,U,,,,4,17,,,,,,,,,,,,,,,,,,,0,88,888888888,88888888888,2,1,1,1,0,0,0,0,0,0,0,998,0,0,0,9,9,2,12,0,0,0,1,34,7109,6,1,0,0,3,0,69,999,0,0,0,0,0,0,0,0,0,0,0,0,0,0,1,2,25,1,1,2,1,0,0,1,50,1,1,1,98,0,0
34,340474,1,1,1,23,10,20,20,42,0,1,0,34,1,2,404,2404,14,1999,1J4GW68N7XC6,1,J,4,G,W,6,8,N,7,X,C,6,0,T,JEEP,LMT,4W,99,17,,1,0,1059,GCK,G,,,8,287,,,,,3809,00,E,44,0,0,000000000,00000000000,0,0,0,1,0,0,0,0,0,0,0,998,0,0,0,12,6,2,42,0,0,0,1,34,8823,6,1,0,0,3,0,75,999,1,0,0,0,1,12,2011,1,2012,0,6,0,0,0,1,2,50,1,1,2,2,0,0,1,13,1,1,4,1,1,1
34,340475,1,2,2,13,10,14,8,12,6,1,0,34,1,76,706,76706,80,2009,JYARN17E29A0,J,Y,A,R,N,1,7,E,2,9,A,0,0,M,YAMA,F1Z,RC,9,17,,,,,,,998,,4,,4,485,,,,,,,0,0,000000000,00000000000,0,0,0,1,0,0,0,0,0,0,0,998,0,0,0,12,9,3,1,0,0,0,1,34,8015,6,1,0,0,3,3,71,999,0,0,0,0,1,1,2012,1,2012,1,35,36,0,0,1,2,40,1,1,2,1,0,0,6,60,1,1,2,44,2,0
34,340475,2,2,1,13,10,14,8,12,6,1,0,34,1,98,706,98706,80,2006,VBKEXL2326M2,V,B,K,E,X,L,2,3,2,6,M,2,0,U,,,,6,17,,,,,,,,,,,,,,,,,,,0,0,000000000,00000000000,0,0,0,1,0,0,0,0,0,0,0,998,0,0,0,8,9,3,1,0,0,0,1,34,7481,6,1,0,0,3,0,72,999,1,0,0,0,3,3,2010,5,2012,0,27,6,0,0,1,2,40,1,1,2,1,0,0,15,10,1,1,2,45,0,0
34,340476,1,1,1,25,11,7,25,33,0,1,0,34,1,20,37,20037,4,1997,1G1ND52M7VY1,1,G,1,N,D,5,2,M,7,V,Y,1,0,P,CHEV,MAL,4D,97,17,2976,,0,1070,,G,,F,6,191,,,15R215,,,,,,0,0,000000000,00000000000,0,0,0,1,0,0,0,0,0,0,0,998,0,1,6,14,6,2,42,0,0,0,1,34,8840,6,1,0,0,3,0,64,999,0,0,0,0,0,0,0,0,0,0,6,0,0,0,1,2,25,1,1,2,1,0,0,1,13,1,1,4,1,1,1
34,340477,1,1,1,22,11,18,52,8,0,1,0,34,1,7,482,7482,31,2001,3B7KF23ZX1G2,3,B,7,K,F,2,3,Z,X,1,G,2,0,T,DODG,Q25,4C,1,17,,2,1547,1387,RPC,G,,,8,360,,,,C,5586,01,U,44,0,0,000000000,00000000000,0,0,0,1,0,0,0,0,0,0,0,998,0,0,0,2,4,3,8,0,0,0,1,34,8021,6,1,0,0,3,0,66,999,0,0,0,0,1,1,2010,1,2010,0,0,0,0,0,1,4,40,1,1,2,1,0,0,1,80,1,1,1,13,0,0
34,340478,1,1,1,19,11,19,8,8,0,1,0,34,1,22,20,22020,4,2006,2G2WP5528612,2,G,2,W,P,5,5,2,8,6,1,2,0,P,PONT,GRA,4D,6,17,3477,,0,1105,,G,,F,6,232,,,16R225,,,,,,0,0,000000000,00000000000,0,0,0,1,0,0,0,0,0,0,0,998,0,0,0,1,0,1,8,0,0,0,1,34,7601,6,1,0,0,3,0,67,999,0,0,0,0,0,0,0,0,0,0,6,38,0,0,1,2,35,1,1,2,1,20,3,10,80,1,1,1,13,0,0
34,340479,1,2,1,7,11,17,3,12,2,1,0,34,1,12,17,12017,4,1999,1FAFP53U0XA1,1,F,A,F,P,5,3,U,0,X,A,1,0,P,FORD,TSE,4D,99,17,3353,,0,1085,,G,,F,6,182,,,15R205,,,,,,0,0,000000000,00000000000,0,0,0,1,0,0,0,0,0,0,0,998,0,0,0,12,9,2,12,0,0,0,1,34,8251,6,1,0,0,3,0,68,999,0,0,0,0,1,1,2012,1,2012,0,0,0,0,0,1,2,50,1,1,2,3,0,0,1,62,1,1,1,51,1,0
34,340479,2,2,1,7,11,17,3,12,2,1,0,34,1,7,24,7024,4,2010,2B3CA3CV2AH1,2,B,3,C,A,3,C,V,2,A,H,1,0,P,DODG,CHS,4D,10,17,3820,,0,1200,,G,,F,6,214,,,17R215,,,,,,0,0,000000000,00000000000,0,0,0,1,0,0,0,0,0,0,0,998,0,0,0,12,9,2,12,0,0,0,1,34,8094,6,1,0,0,3,3,72,999,0,0,0,0,5,3,2011,10,2012,0,36,28,0,0,1,2,50,1,1,2,3,0,0,1,10,1,1,2,50,0,0
34,340480,1,2,1,5,11,8,53,18,0,1,0,34,1,12,16,12016,4,1998,2FAFP74W2WX1,2,F,A,F,P,7,4,W,2,W,X,1,0,P,FORD,CVL,4D,98,17,3927,,0,1144,,G,,F,8,281,,,15R225,,,,,,0,0,000000000,00000000000,0,0,0,1,0,0,0,0,0,0,0,0,0,0,0,12,9,2,54,0,0,0,1,34,8825,6,1,0,0,3,3,69,999,0,0,0,0,0,0,0,0,0,0,0,0,0,0,1,2,45,2,2,2,1,0,0,5,54,1,1,1,98,0,0
34,340480,2,2,1,5,11,8,53,18,0,1,0,34,1,20,481,20481,31,1995,2GCEC19H4S11,2,G,C,E,C,1,9,H,4,S,1,1,0,T,CHEV,GC1,PC,95,17,,2,1555,1415,GM4,G,,,8,305,,,,B,4071,02,,42,0,0,000000000,00000000000,0,0,0,1,0,0,0,0,0,0,0,998,0,0,0,2,9,2,8,0,0,0,1,34,8830,6,1,0,0,3,3,70,999,0,2,0,0,1,8,2010,2,2011,0,6,0,0,0,1,2,45,2,2,2,1,0,0,14,8,6,9,3,12,0,0
34,340481,1,1,5,25,11,1,4,8,0,1,1,34,1,37,421,37421,15,2007,5FNYF18407B0,5,F,N,Y,F,1,8,4,0,7,B,0,0,P,HOND,PIL,UT,7,17,4497,,0,1063,,G,,F,6,213,,,16R235,,,,,,0,0,000000000,00000000000,0,0,0,1,0,0,0,0,0,0,0,998,0,0,0,11,9,1,8,0,0,0,1,34,8052,6,1,0,0,3,0,71,999,1,0,0,0,2,5,2010,10,2010,0,6,0,0,0,2,3,50,1,1,2,1,0,0,1,80,1,1,1,13,0,0
34,340482,1,2,1,30,11,18,21,8,0,1,0,34,1,7,28,7028,2,2012,2C3CDYBTXCH1,2,C,3,C,D,Y,B,T,X,C,H,1,0,P,DODG,CRT,CP,12,17,4082,,0,1160,,G,,F,8,348,,,18R235,,,,,,0,0,000000000,00000000000,0,0,0,1,0,0,0,0,0,0,0,998,0,0,0,12,6,2,8,0,0,0,1,34,7094,6,1,0,0,3,0,73,999,1,0,0,0,0,3,2011,3,2011,0,0,0,0,0,2,2,40,1,1,2,1,0,0,1,80,1,1,1,13,0,0
34,340482,2,2,1,30,11,18,21,8,0,1,0,34,3,49,43,49043,4,2008,4T1BK36B88U2,4,T,1,B,K,3,6,B,8,8,U,2,0,P,TOYT,UTS,4D,8,17,3490,,0,1110,,G,,F,6,214,,,16R215,,,,,,0,0,000000000,00000000000,0,0,0,1,0,0,0,0,0,0,0,998,0,0,0,12,6,2,8,0,0,0,1,34,7675,6,1,0,0,3,3,71,999,0,0,0,0,0,0,0,0,0,0,0,0,0,0,2,2,40,1,1,2,1,0,0,1,80,1,1,1,98,0,0
34,340483,1,2,1,10,11,8,49,12,6,1,0,34,2,12,35,12035,4,1999,1FAFP6634XK1,1,F,A,F,P,6,6,3,4,X,K,1,0,P,FORD,CSE,4D,99,17,2774,,0,1065,,G,,F,4,121,,,14R185,,,,,,0,0,000000000,00000000000,0,0,0,1,0,0,0,0,0,0,0,998,0,0,0,9,6,2,12,0,0,0,1,34,8094,6,1,0,0,3,3,67,999,0,0,0,0,0,0,0,0,0,0,39,6,0,0,1,2,50,1,1,2,1,3,3,1,17,1,1,1,89,1,1
34,340483,2,2,1,10,11,8,49,12,6,1,0,34,1,7,402,7402,14,1999,1B4HS28Y1XF6,1,B,4,H,S,2,8,Y,1,X,F,6,0,P,DODG,DUR,UT,99,17,4397,,0,1159,,G,,F,8,318,,,15R235,,,,,,0,0,000000000,00000000000,0,0,0,1,0,0,0,0,0,0,0,998,0,0,0,12,6,2,12,0,0,0,1,34,8360,6,1,0,0,3,3,67,999,0,4,0,0,1,5,2010,8,2011,0,0,0,0,0,1,2,50,1,1,2,1,3,3,1,66,1,1,1,88,0,0
34,340484,1,1,1,16,11,19,34,59,0,1,0,34,1,20,401,20401,14,1999,1GCCS1448X81,1,G,C,C,S,1,4,4,8,X,8,1,0,T,CHEV,S14,PK,99,17,,1,1179,1083,S,G,,,4,133,,,,B,3015,01,,42,0,0,000000000,00000000000,0,0,0,1,0,0,0,0,0,0,0,998,0,0,0,12,6,2,42,0,0,0,1,34,8012,6,1,0,0,3,0,74,999,1,0,0,0,0,8,2012,8,2012,0,6,0,0,0,2,3,65,1,1,2,1,0,0,1,13,1,1,4,1,1,1
34,340485,1,1,2,11,11,6,2,24,0,1,0,34,0,52,46,52046,4,2011,JA32W8FV1BU0,J,A,3,2,W,8,F,V,1,B,U,0,0,P,MITS,LEG,4D,11,17,3517,,0,0,,G,,T,4,122,,,000000,,,,,,0,0,000000000,00000000000,0,0,0,1,0,0,0,0,0,0,0,998,0,1,6,8,6,2,1,0,0,0,1,34,7003,1,1,0,0,2,0,69,999,0,2,0,0,2,6,2012,10,2012,1,36,0,0,0,3,4,55,2,2,2,2,0,0,14,6,3,3,4,2,2,1
34,340486,1,2,1,3,11,12,59,12,6,1,0,34,1,42,48,42048,4,2000,WDBJF65J7YB1,W,D,B,J,F,6,5,J,7,Y,B,1,0,P,MERZ,E32,4D,0,17,3440,,0,1115,,G,,F,6,195,,,16R215,,,,,,0,0,000000000,00000000000,0,0,0,1,0,0,0,0,0,0,0,998,0,0,0,9,9,2,12,0,0,0,1,34,8750,6,1,0,0,3,0,64,999,0,0,0,0,0,0,0,0,0,0,0,0,0,0,1,2,40,1,1,2,1,3,3,1,66,1,1,1,89,1,0
34,340486,2,2,1,3,11,12,59,12,6,1,0,34,1,12,481,12481,31,2005,1FTSW215X5EA,1,F,T,S,W,2,1,5,X,5,E,A,0,T,FORD,F2S,CW,5,17,,2,1724,1562,SRW,G,,,8,330,,,,C,6538,00,E,44,0,0,000000000,00000000000,0,0,0,1,0,0,0,0,0,0,0,998,0,0,0,12,9,2,12,0,0,0,1,34,7728,6,1,0,0,3,0,72,999,0,0,0,1,1,8,2010,4,2011,0,6,39,0,0,3,2,50,1,1,2,1,3,3,1,17,1,1,1,88,0,0
34,340487,1,2,1,10,11,22,0,12,6,1,0,34,2,13,5,13005,4,2002,1LNHM97V02Y6,1,L,N,H,M,9,7,V,0,2,Y,6,0,P,LINC,CON,4D,2,17,3895,,0,1090,,G,,F,8,281,,,16R225,,,,,,0,0,000000000,00000000000,0,0,0,1,0,0,0,0,0,0,0,998,0,0,0,3,6,2,12,0,0,0,1,34,7108,1,1,0,0,2,0,71,999,0,2,0,0,5,1,2010,10,2012,1,36,39,37,38,1,2,25,1,1,2,1,3,3,1,55,1,1,2,87,0,0
34,340487,2,2,2,10,11,22,0,12,6,1,0,34,3,12,461,12461,21,2007,1FDWE35P27DA,1,F,D,W,E,3,5,P,2,7,D,A,0,T,FORD,3DC,YY,7,17,,3,1760,1380,CTV,D,,,8,366,,,,D,4802,02,K,42,0,0,000000000,00000000000,0,0,0,1,0,0,0,0,0,6,0,998,0,0,0,11,6,2,12,0,0,0,1,34,7070,6,1,0,0,3,0,72,999,2,0,0,0,1,1,2011,1,2012,0,0,0,0,0,1,2,30,1,1,2,1,3,3,1,55,1,1,2,86,0,0
34,340488,1,1,1,11,11,5,47,33,0,1,0,36,2,20,481,20481,31,2004,1GCEK14T84Z1,1,G,C,E,K,1,4,T,8,4,Z,1,0,T,CHEV,SK1,PK,4,17,,2,1330,1190,SIL,G,,,8,325,,,,B,4436,00,,44,0,0,000000000,00000000000,0,0,0,1,0,0,0,0,0,0,0,998,0,1,5,11,6,2,1,0,0,0,1,34,7874,6,1,0,0,3,0,60,999,0,0,0,0,1,4,2010,4,2010,0,6,0,0,0,3,4,55,3,1,2,2,0,0,14,9,1,3,4,2,1,0
34,340489,1,2,1,7,11,21,12,12,6,1,0,34,3,23,461,23461,21,2006,1GTHG35U8612,1,G,T,H,G,3,5,U,8,6,1,2,0,T,GMC,SA3,CG,6,17,,2,0,1350,SAV,G,,,8,366,,,,D,5453,00,U,42,0,0,000000000,00000000000,0,0,0,1,0,0,0,0,0,0,0,998,0,0,0,12,9,2,12,0,0,0,1,34,8088,6,1,0,0,3,0,67,999,0,0,0,0,0,0,0,0,0,0,0,0,0,0,1,2,50,1,2,2,3,0,0,1,62,1,1,1,65,0,0
34,340489,2,2,2,7,11,21,12,12,6,1,0,34,1,18,2,18002,4,2004,1G4HP52K2441,1,G,4,H,P,5,2,K,2,4,4,1,0,P,BUIC,LCF,4D,4,17,3567,,0,1122,,G,,F,6,231,,,15R215,,,,,,0,0,000000000,00000000000,0,0,0,1,0,0,0,0,0,0,0,998,0,0,0,3,6,2,12,0,0,0,1,34,8610,6,1,0,0,3,0,70,999,2,0,0,0,0,12,2009,3,2010,1,6,28,0,0,1,2,50,1,2,2,3,0,0,1,6,1,4,2,64,2,0
34,340490,1,1,2,17,11,3,57,42,0,1,0,34,2,41,50,41050,4,2004,1YVHP84D445N,1,Y,V,H,P,8,4,D,4,4,5,N,0,P,MAZD,M6S,4H,4,17,3336,,0,1053,,G,,F,6,181,,,17R215,,,,,,0,0,000000000,00000000000,0,0,0,1,0,0,0,0,0,0,0,998,0,0,0,12,6,2,42,0,0,0,1,34,8016,1,1,0,0,2,0,65,999,0,0,0,0,0,0,0,0,0,1,36,48,0,0,2,2,40,1,1,2,1,0,0,10,6,1,2,4,2,1,1
34,340491,1,1,1,12,11,18,52,8,0,1,0,34,1,49,40,49040,2,2000,2T1CF22P9YC3,2,T,1,C,F,2,2,P,9,Y,C,3,0,P,TOYT,CEE,CP,0,17,3230,,0,1051,,G,,F,6,183,,,15R205,,,,,,0,0,000000000,00000000000,0,0,0,1,0,0,0,0,0,0,0,998,0,0,0,12,9,2,8,0,0,0,1,34,7042,6,1,0,0,3,3,71,999,0,0,0,0,4,11,2009,7,2012,0,0,0,0,0,3,2,50,1,1,2,1,0,0,1,80,1,1,1,13,0,0
34,340492,1,2,1,3,11,11,12,12,6,1,0,34,3,82,498,82498,21,1999,4UZA3NT28XCB,4,U,Z,A,3,N,T,2,8,X,C,B,0,T,FRHT,MWV,SN,99,17,,2,0,0,CHA,D,,,4,239,,,,,00000,00,,42,0,0,000000000,00000000000,0,0,0,1,0,0,0,0,0,0,0,998,0,0,0,12,6,2,12,0,0,0,1,34,7885,6,1,0,0,3,0,71,999,0,0,0,0,0,0,0,0,0,0,6,0,0,0,1,3,45,1,2,2,1,0,0,11,55,1,1,1,68,0,0
34,340492,2,2,2,3,11,11,12,12,6,1,0,34,1,49,32,49032,4,1996,2T1BA02E0TC1,2,T,1,B,A,0,2,E,0,T,C,1,0,P,TOYT,COA,4D,96,17,2315,,0,970,,G,,F,4,097,,,14R175,,,,,,0,0,000000000,00000000000,0,0,0,1,0,0,0,0,0,0,0,998,0,0,0,9,6,2,12,0,0,0,1,34,7031,6,1,0,0,3,0,67,999,0,0,0,0,2,4,2012,7,2012,0,0,0,0,0,1,3,45,1,2,2,1,0,0,1,62,1,1,1,69,1,0
34,340493,1,1,1,18,11,14,37,24,0,1,0,34,1,52,34,52034,4,2002,6MMAP57P32T0,6,M,M,A,P,5,7,P,3,2,T,0,0,P,MITS,DES,4D,2,17,3439,,0,1071,,G,,F,6,213,,,16R215,,,,,,0,0,000000000,00000000000,0,0,0,1,0,0,0,0,0,0,0,998,0,0,0,1,6,2,24,0,0,0,1,34,8724,6,1,0,0,3,0,74,999,0,0,0,0,0,0,0,0,0,0,6,28,0,0,2,3,55,1,1,2,1,0,0,1,13,1,1,5,1,1,0
34,340494,1,2,1,15,11,23,10,12,1,1,0,34,1,10,41,10041,4,1993,2E3ED66F2PH5,2,E,3,E,D,6,6,F,2,P,H,5,0,P,EGIL,VTS,4D,93,17,3330,,0,1130,,G,,F,6,215,,,16R225,,,,,,0,0,000000000,00000000000,0,0,0,1,0,0,0,0,0,0,0,998,0,0,0,12,6,2,12,0,0,0,1,34,8690,6,1,0,0,3,0,66,999,0,0,0,0,3,2,2010,7,2010,0,6,0,0,0,3,3,55,1,1,2,1,0,0,1,51,1,1,1,24,1,0