STATE,ST_CASE,VEH_NO,VE_FORMS,NUMOCCS,DAY,MONTH,HOUR,MINUTE,HARM_EV,MAN_COLL,UNITTYPE,HIT_RUN,REG_STAT,OWNER,MAKE,MODEL,MAK_MOD,BODY_TYP,MOD_YEAR,VIN,VIN_1,VIN_2,VIN_3,VIN_4,VIN_5,VIN_6,VIN_7,VIN_8,VIN_9,VIN_10,VIN_11,VIN_12,TOW_VEH,VINTYPE,VINMAKE,VINA_MOD,VIN_BT,VINMODYR,VIN_LNGT,VIN_WGT,WGTCD_TR,WHLBS_LG,WHLBS_SH,SER_TR,FUELCODE,MCYCL_DS,CARBUR,CYLINDER,DISPLACE,MCYCL_CY,MCYCL_WT,TIRE_SZE,TON_RAT,TRK_WT,TRKWTVAR,VIN_REST,WHLDRWHL,J_KNIFE,MCARR_I1,MCARR_I2,MCARR_ID,GVWR,V_CONFIG,CARGO_BT,HAZ_INV,HAZ_PLAC,HAZ_ID,HAZ_CNO,HAZ_REL,BUS_USE,SPEC_USE,EMER_USE,TRAV_SP,UNDERIDE,ROLLOVER,ROLINLOC,IMPACT1,DEFORMED,TOWED,M_HARM,VEH_SC1,VEH_SC2,FIRE_EXP,DR_PRES,L_STATE,DR_ZIP,L_STATUS,L_TYPE,CDL_STAT,L_ENDORS,L_COMPL,L_RESTRI,DR_HGT,DR_WGT,PREV_ACC,PREV_SUS,PREV_DWI,PREV_SPD,PREV_OTH,FIRST_MO,FIRST_YR,LAST_MO,LAST_YR,SPEEDREL,DR_SF1,DR_SF2,DR_SF3,DR_SF4,VTRAFWAY,VNUM_LAN,VSPD_LIM,VALIGN,VPROFILE,VPAVETYP,VSURCOND,VTRAFCON,VTCONT_F,P_CRASH1,P_CRASH2,P_CRASH3,PCRASH4,PCRASH5,ACC_TYPE,DEATHS,DR_DRINK
34,340494,2,2,2,15,11,23,10,12,1,1,0,34,3,51,881,51881,66,1998,4VG7DACJ7WN7,4,V,G,7,D,A,C,J,7,W,N,7,1,T,VOLV,VVN,TR,98,17,,8,0,0,VVN,D,,,6,893,,,,,00000,00,,64,1,57,01762060,5701762060,3,6,1,1,0,0,0,0,0,0,0,998,0,0,0,6,6,2,12,0,0,0,1,36,11206,6,1,6,1,3,0,70,999,0,0,0,0,2,11,2012,11,2012,0,0,0,0,0,3,3,55,1,1,2,1,0,0,4,53,1,1,1,25,0,0
34,340495,1,1,2,29,11,6,19,25,0,1,0,34,3,98,881,98881,62,2011,5PVNE8JV1B4S,5,P,V,N,E,8,J,V,1,B,4,S,0,T,HINO,268,CC,11,17,,6,0,0,HIN,D,,,6,469,,,,,00000,00,,42,0,88,888888888,88888888888,2,1,1,1,0,0,0,0,0,0,0,998,0,0,0,12,6,2,25,0,0,0,1,34,8527,6,1,0,0,3,3,72,999,0,0,0,0,0,0,0,0,0,0,6,27,0,0,3,3,65,1,1,2,1,0,0,1,8,3,2,4,7,1,0
34,340496,1,2,1,8,11,7,23,12,2,1,0,34,3,86,881,86881,63,1996,1M2P264CXTM0,1,M,2,P,2,6,4,C,X,T,M,0,0,T,MACK,RD6,CC,96,17,,8,0,0,600,D,,,6,728,,,,,00000,00,,64,0,88,888888888,88888888888,3,2,96,1,0,0,0,0,0,0,0,998,0,0,0,12,9,3,12,0,0,0,1,34,8882,6,1,6,0,3,0,71,999,0,0,0,0,1,6,2011,6,2011,0,6,0,0,0,1,2,40,1,1,2,1,0,0,2,10,1,1,2,50,0,0
34,340496,2,2,1,8,11,7,23,12,2,1,0,34,1,20,38,20038,10,2005,1GCES14H75B1,1,G,C,E,S,1,4,H,7,5,B,1,0,P,CHEV,SSR,PK,5,17,4760,,0,1160,,G,,F,8,366,,,19R255,,,,,,0,0,000000000,00000000000,0,0,0,1,0,0,0,0,0,0,0,998,0,0,0,12,6,2,42,0,0,0,1,34,8901,6,1,0,0,3,3,66,999,0,0,0,0,0,0,0,0,0,0,0,0,0,0,1,2,40,1,1,2,1,0,0,1,62,1,1,2,51,1,0
34,340497,1,4,2,19,10,6,33,24,0,1,0,34,1,12,401,12401,14,1997,1FMDU34X3VZA,1,F,M,D,U,3,4,X,3,V,Z,A,0,P,FORD,EPR,UT,97,17,4166,,0,1115,,G,,F,6,245,,,15R225,,,,,,0,0,000000000,00000000000,0,0,0,1,0,0,0,0,0,0,0,998,0,0,0,5,6,2,12,0,0,0,1,34,8865,6,1,0,0,3,0,66,999,0,0,0,0,0,0,0,0,0,1,6,0,0,0,3,3,65,2,2,2,2,0,0,14,6,1,3,4,2,2,0
34,340497,2,4,1,19,10,6,33,24,0,1,0,34,1,82,881,82881,66,2002,1FUJBBCG92LJ,1,F,U,J,B,B,C,G,9,2,L,J,0,T,FRHT,ST2,TR,2,17,,8,0,0,CON,D,,,6,774,,,,,00000,00,,64,0,57,1857352,571857352,3,5,96,1,0,0,0,0,0,0,0,998,0,0,0,3,9,2,12,0,0,0,1,34,7008,6,1,3,1,3,3,67,999,0,0,0,1,2,9,2011,3,2012,0,0,0,0,0,3,3,65,2,2,2,2,0,0,14,61,1,1,1,98,0,0
34,340497,3,4,1,19,10,6,33,24,0,1,0,34,2,20,16,20016,4,2001,1G1JF5248173,1,G,1,J,F,5,2,4,8,1,7,3,0,P,CHEV,CAS,4D,1,17,2676,,0,1041,,G,,F,4,133,,,15R195,,,,,,0,0,000000000,00000000000,0,0,0,1,0,0,0,0,0,0,0,998,0,0,0,14,9,2,18,0,0,0,1,34,8865,6,1,0,0,3,0,76,999,1,2,0,0,1,3,2010,10,2011,0,0,0,0,0,3,3,65,2,2,2,2,0,0,14,90,1,1,1,98,0,0
34,340497,4,4,1,19,10,6,33,24,0,1,1,99,9,99,999,99999,99,9999,999999999999,9,9,9,9,9,9,9,9,9,9,9,9,9,,,,,,,,,,,,,,,,,,,,,,,,,0,99,999999999,99999999999,9,99,99,1,0,0,0,0,99,99,9,999,9,0,0,12,9,1,54,0,0,0,1,99,99999,9,9,99,9,9,9,999,999,99,99,99,99,99,99,9999,99,9999,0,0,0,0,0,3,3,65,2,2,2,2,0,0,14,90,1,1,1,98,0,0
34,340498,1,1,3,31,10,16,24,33,0,1,0,34,2,54,35,54035,4,2002,19UUA56872A0,1,9,U,U,A,5,6,8,7,2,A,0,0,P,ACUR,3TS,4D,2,17,3558,,0,1081,,G,,F,6,197,,,17R215,,,,,,0,0,000000000,00000000000,0,0,0,1,0,0,0,0,0,0,0,998,0,1,6,14,6,2,42,0,0,0,1,34,8901,6,1,0,0,3,0,67,999,0,1,0,1,3,3,2010,7,2011,1,36,28,0,0,6,1,50,2,6,2,1,0,0,14,6,3,3,4,2,1,1
34,340499,1,1,1,15,6,23,11,8,0,1,0,34,1,53,402,53402,14,2002,JS3TD62V8241,J,S,3,T,D,6,2,V,8,2,4,1,0,P,SUZI,GVT,UT,2,17,3285,,0,976,,G,,F,6,152,,,16R235,,,,,,0,0,000000000,00000000000,0,0,0,1,0,0,0,0,0,0,0,998,0,0,0,12,9,2,8,0,0,0,1,34,8902,6,1,0,0,3,3,64,999,0,0,0,1,0,4,2012,4,2012,0,6,0,0,0,1,2,35,1,1,2,1,0,0,1,80,1,1,1,13,0,0
34,340500,1,1,3,20,11,8,28,25,0,1,0,34,1,35,47,35047,4,1999,1N4DL01D1XC1,1,N,4,D,L,0,1,D,1,X,C,1,0,P,NISS,AGS,4D,99,17,2762,,0,1031,,G,,F,4,146,,,15R195,,,,,,0,0,000000000,00000000000,0,0,0,1,0,0,0,0,0,0,0,998,0,0,0,11,6,2,25,0,0,0,1,34,7502,6,1,0,0,3,0,68,999,1,0,0,0,1,4,2010,10,2012,0,6,0,0,0,3,4,55,1,1,2,1,0,0,1,9,1,4,4,7,1,0
34,340501,1,1,1,27,9,6,32,8,0,1,0,34,3,98,981,98981,52,2010,1N9U16033AA1,1,N,9,U,1,6,0,3,3,A,A,1,0,U,,,,10,17,,,,,,,,,,,,,,,,,,,0,88,888888888,88888888888,3,21,22,1,0,0,0,0,6,0,0,998,0,0,0,12,9,2,8,0,0,0,1,34,7055,6,1,6,1,3,0,70,999,1,0,0,0,0,5,2012,5,2012,0,36,39,0,0,1,2,25,1,1,2,2,3,3,1,80,1,1,1,13,0,0
34,340502,1,1,2,6,10,4,54,33,0,1,0,34,3,59,403,59403,14,2012,2T2BK1BA0CC1,2,T,2,B,K,1,B,A,0,C,C,1,0,P,LEXS,RX5,UT,12,17,4343,,0,1079,,G,,F,6,211,,,18R235,,,,,,0,0,000000000,00000000000,0,0,0,1,0,0,0,0,0,0,0,998,0,0,0,12,6,2,50,0,0,0,1,34,7502,6,1,0,0,3,0,65,999,0,5,0,1,5,12,2009,8,2012,0,6,0,0,0,1,2,25,1,1,2,1,0,0,15,13,1,1,4,1,1,1
34,340503,1,1,1,19,11,17,51,8,0,1,0,34,1,20,2,20002,4,2007,2G1WB58N9792,2,G,1,W,B,5,8,N,9,7,9,2,0,P,CHEV,IPL,4D,7,17,3674,,0,1105,,G,,F,6,214,,,16R225,,,,,,0,0,000000000,00000000000,0,0,0,1,0,0,0,0,0,0,0,998,0,0,0,12,9,2,8,0,0,0,1,34,8215,6,1,0,0,3,0,62,999,1,0,0,0,2,5,2012,11,2012,0,0,0,0,0,3,2,50,4,2,2,1,0,0,14,80,1,1,1,13,0,0
34,340504,1,1,1,18,11,17,51,8,0,1,0,34,4,84,881,84881,63,2007,2HSCNAPR37C4,2,H,S,C,N,A,P,R,3,7,C,4,0,T,INTL,94I,TR,7,17,,8,0,0,940,D,,,6,915,,,,,00000,00,,64,0,57,165420,57165420,3,2,1,1,0,0,0,0,0,0,0,998,0,0,0,12,9,3,8,0,0,0,1,34,7074,6,1,6,0,3,0,72,999,0,0,0,0,0,0,0,0,0,0,0,0,0,0,2,2,55,1,1,2,1,0,0,1,80,1,1,1,13,0,0
34,340505,1,2,1,5,11,8,37,12,1,1,0,34,3,12,461,12461,21,2003,1FTRE14203HB,1,F,T,R,E,1,4,2,0,3,H,B,0,T,FORD,15V,CG,3,17,,2,0,1380,VAN,G,,,6,256,,,,B,00000,00,E,42,0,0,000000000,00000000000,0,0,0,1,0,0,0,0,0,0,0,998,0,1,1,12,6,2,12,0,0,0,1,42,19111,6,1,0,0,3,0,71,999,0,0,0,0,0,0,0,0,0,0,6,0,0,0,1,2,55,1,1,2,1,0,0,1,50,1,1,1,20,0,0
34,340505,2,2,1,5,11,8,37,12,1,1,0,34,2,23,402,23402,14,2012,2GKFLVEK5C63,2,G,K,F,L,V,E,K,5,C,6,3,0,T,GMC,TET,4W,12,17,,1,0,1125,TER,F,,,4,146,,,,,4034,00,S,44,0,0,000000000,00000000000,0,0,0,1,0,0,0,0,0,0,0,0,0,0,0,6,6,2,12,0,0,0,1,34,8015,6,1,0,0,3,0,71,999,1,1,0,0,2,5,2012,8,2012,0,0,0,0,0,1,2,55,1,1,2,1,0,0,5,53,1,1,1,21,1,0
34,340506,1,2,1,10,12,13,58,12,6,1,0,34,1,18,22,18022,4,2006,2G4WC5527611,2,G,4,W,C,5,5,2,7,6,1,1,0,P,BUIC,LCX,4D,6,17,3495,,0,1105,,G,,F,6,232,,,16R225,,,,,,0,0,000000000,00000000000,0,0,0,1,0,0,0,0,0,0,0,998,0,0,0,9,6,2,12,0,0,0,1,34,8759,6,1,0,0,3,0,63,999,0,0,0,0,0,0,0,0,0,0,39,6,0,0,1,2,25,1,1,2,2,20,3,11,15,1,1,1,68,1,0
34,340506,2,2,1,10,12,13,58,12,6,1,0,34,1,12,16,12016,4,2004,2FAFP74W84X1,2,F,A,F,P,7,4,W,8,4,X,1,0,P,FORD,CVL,4D,4,17,4057,,0,1147,,G,,F,8,281,,,16R225,,,,,,0,0,000000000,00000000000,0,0,0,1,0,0,0,0,0,0,0,998,0,0,0,12,6,2,12,0,0,0,1,34,8757,6,1,0,0,3,0,71,999,0,0,0,0,0,0,0,0,0,0,0,0,0,0,1,2,35,1,1,2,2,0,0,1,55,1,1,1,69,0,0
34,340507,1,1,1,10,12,18,21,8,0,1,0,34,1,7,26,7026,4,2008,1B3LC46J28N1,1,B,3,L,C,4,6,J,2,8,N,1,0,P,DODG,AVN,4D,8,17,3355,,0,1089,,G,,F,4,144,,,16R215,,,,,,0,0,000000000,00000000000,0,0,0,1,0,0,0,0,0,0,0,998,0,0,0,12,9,2,8,0,0,0,1,34,8302,1,1,0,0,2,0,999,999,0,2,0,0,0,11,2012,12,2012,0,0,0,0,0,1,2,30,1,1,2,2,0,0,1,80,1,1,1,13,0,0
34,340508,1,1,1,7,11,9,52,33,0,1,0,34,1,12,23,12023,4,2011,3FAHP0JG4BR2,3,F,A,H,P,0,J,G,4,B,R,2,0,P,FORD,F/L,4D,11,17,3526,,0,1074,,F,,F,6,183,,,17R225,,,,,,0,0,000000000,00000000000,0,0,0,1,0,0,0,0,0,0,0,998,0,0,0,14,6,2,30,0,0,0,1,34,7932,6,1,0,0,3,0,64,999,0,0,0,0,0,0,0,0,0,0,6,0,0,0,1,2,35,3,1,2,1,0,0,14,13,1,1,4,1,1,0
34,340509,1,2,1,3,12,19,58,8,0,1,0,34,2,6,18,6018,4,2012,1C3CCBCG1CN1,1,C,3,C,C,B,C,G,1,C,N,1,0,P,CHRY,2LM,4D,12,17,3389,,0,1089,,F,,F,6,220,,,18R225,,,,,,0,0,000000000,00000000000,0,0,0,1,0,0,0,0,0,0,0,998,0,0,0,10,9,2,8,0,0,0,1,34,8046,6,1,0,0,3,0,63,999,0,0,0,0,0,0,0,0,0,0,0,0,0,0,3,2,50,1,1,2,1,3,3,1,80,1,1,1,13,0,0
34,340509,2,2,2,3,12,19,58,8,0,1,0,34,1,37,32,37032,4,1997,1HGCD5609VA1,1,H,G,C,D,5,6,0,9,V,A,1,0,P,HOND,USE,4D,97,17,2864,,0,1069,,G,,F,4,132,,,15R185,,,,,,0,0,000000000,00000000000,0,0,0,1,0,0,0,0,0,0,0,998,0,0,0,12,9,2,8,0,0,0,1,24,20906,6,1,0,0,3,0,71,999,0,0,0,1,0,10,2012,10,2012,0,0,0,0,0,3,2,50,1,1,2,1,0,0,1,80,1,1,1,98,0,0
34,340510,1,1,3,7,12,17,58,8,0,1,0,34,1,41,52,41052,6,2006,JM1CR2930601,J,M,1,C,R,2,9,3,0,6,0,1,0,P,MAZD,MA5,4H,6,17,3333,,0,1080,,G,,F,4,140,,,17R205,,,,,,0,0,000000000,00000000000,0,0,0,1,0,0,0,0,0,0,0,998,0,0,0,12,9,2,8,0,0,0,1,34,8753,6,1,0,0,3,0,76,999,0,0,0,0,0,0,0,0,0,0,6,0,0,0,1,4,50,1,1,2,1,0,0,1,80,1,1,1,13,0,1
34,340511,1,1,4,1,12,2,20,24,0,1,0,36,3,32,44,32044,4,2009,WAULV94E39N0,W,A,U,L,V,9,4,E,3,9,N,0,0,P,AUDI,A84,4D,9,17,4321,,0,0,,G,,F,8,254,,,000000,,,,,,0,0,000000000,00000000000,0,0,0,1,0,0,0,0,0,0,0,998,0,1,5,12,6,2,1,0,0,0,1,34,7848,6,1,6,0,3,0,73,999,0,0,0,1,1,12,2010,6,2012,1,36,28,0,0,1,2,35,1,1,2,1,0,0,1,6,1,9,4,2,1,1
34,340512,1,1,4,16,12,4,25,33,0,1,0,34,2,54,37,54037,2,2001,19UYA42671A0,1,9,U,Y,A,4,2,6,7,1,A,0,0,P,ACUR,32S,CP,1,17,3510,,0,1069,,G,,F,6,197,,,17R215,,,,,,0,0,000000000,00000000000,0,0,0,1,0,0,0,0,0,0,0,998,0,0,0,14,9,2,30,0,0,0,1,34,8861,6,1,0,0,3,0,68,999,1,0,0,0,1,4,2011,4,2011,1,36,0,0,0,3,2,50,2,1,2,1,0,0,14,13,1,1,5,1,2,1
34,340513,1,1,1,9,11,11,3,33,0,1,0,34,3,85,881,85881,66,2000,1XKWDB0X6YJ8,1,X,K,W,D,B,0,X,6,Y,J,8,1,T,KW,W90,TR,0,17,,8,2850,1600,CON,D,,,6,893,,,,,00000,00,,64,3,57,1593050,571593050,3,6,1,1,0,0,0,0,0,0,0,998,0,1,6,14,6,2,1,0,0,0,1,34,7885,6,1,6,3,3,0,74,999,0,0,0,0,0,0,0,0,0,0,6,28,0,0,6,1,65,2,6,2,1,0,0,14,12,99,1,4,6,1,0
34,340514,1,1,1,2,11,14,0,42,0,1,0,34,2,12,37,12037,4,2001,1FAFP34301W3,1,F,A,F,P,3,4,3,0,1,W,3,0,P,FORD,FSS,4D,1,17,2563,,0,1030,,G,,F,4,121,,,15R195,,,,,,0,0,000000000,00000000000,0,0,0,1,0,0,0,0,0,0,0,998,0,0,0,12,6,2,42,0,0,0,1,34,8533,6,1,0,0,3,0,67,999,0,1,0,0,3,4,2010,10,2011,1,36,0,0,0,1,2,25,1,1,9,1,0,0,1,13,1,1,4,1,1,0
34,340515,1,1,1,20,8,20,56,8,0,1,0,34,3,49,472,49472,30,2006,5TENX22N76Z2,5,T,E,N,X,2,2,N,7,6,Z,2,0,T,TOYT,REG,PK,6,17,,1,0,1033,TAC,G,,,4,164,,,,B,3180,00,U,42,0,0,000000000,00000000000,0,0,0,1,0,0,0,0,0,0,0,998,0,0,0,12,9,2,8,0,0,0,1,34,7112,6,1,0,0,3,3,70,999,0,0,0,0,5,9,2010,6,2012,0,86,0,0,0,1,4,30,1,1,2,1,0,0,1,80,1,1,1,13,0,0
34,340516,1,1,2,8,12,19,28,8,0,1,0,34,2,12,17,12017,4,2001,1FAFP55U41A1,1,F,A,F,P,5,5,U,4,1,A,1,0,P,FORD,TSS,4D,1,17,3343,,0,1085,,G,,F,6,182,,,16R215,,,,,,0,0,000000000,00000000000,0,0,0,1,0,0,0,0,0,0,0,998,0,0,0,12,6,2,8,0,0,0,1,34,8005,6,1,0,0,3,0,70,999,2,0,0,2,2,7,2010,10,2012,0,0,0,0,0,1,2,45,1,1,2,1,3,3,1,80,1,1,1,13,0,0
34,340517,1,1,2,24,11,1,51,30,0,1,0,34,2,58,37,58037,4,2009,JNKCV61F39M3,J,N,K,C,V,6,1,F,3,9,M,3,0,P,INFI,GAW,4D,9,17,3704,,0,1122,,G,,F,6,226,,,17R225,,,,,,0,0,000000000,00000000000,0,0,0,1,0,0,0,0,0,0,0,998,0,1,6,2,6,2,1,0,0,0,1,34,8724,6,1,0,0,3,0,71,999,0,0,2,0,1,5,2011,8,2012,1,36,28,0,0,1,2,40,3,1,2,2,0,0,14,6,3,4,4,7,2,1
34,340518,1,1,1,21,12,20,9,8,0,1,0,36,3,20,481,20481,31,2013,1GNSKKE79DR1,1,G,N,S,K,K,E,7,9,D,R,1,0,P,CHEV,K15,UT,13,17,5820,,0,1300,,F,,F,8,323,,,20R275,,,,,,0,0,000000000,00000000000,0,0,0,1,0,0,0,0,0,0,0,998,0,0,0,12,9,9,8,0,0,0,1,36,10019,6,1,6,0,3,0,72,999,0,0,0,0,0,0,0,0,0,0,0,0,0,0,1,2,35,1,1,2,1,0,0,1,80,1,1,1,13,0,0
34,340519,1,1,4,22,11,2,33,35,0,1,0,34,1,35,39,35039,4,2002,JN1DA31A52T3,J,N,1,D,A,3,1,A,5,2,T,3,0,P,NISS,MGL,4D,2,17,3146,,0,1083,,G,,F,6,214,,,16R215,,,,,,0,0,000000000,00000000000,0,0,0,1,0,0,0,0,0,0,0,998,0,0,0,14,6,2,42,0,0,0,1,34,8876,6,1,0,0,3,0,66,999,2,3,0,1,5,8,2010,8,2012,0,36,28,27,0,3,3,65,1,5,2,1,0,0,1,12,1,1,4,6,2,1
34,340520,1,1,3,6,11,16,16,9,0,1,0,34,2,2,403,2403,14,2000,1J4FA49S1YP7,1,J,4,F,A,4,9,S,1,Y,P,7,0,T,JEEP,SPW,2W,0,17,,1,0,934,W/T,G,,,6,244,,,,,3195,00,U,44,0,0,000000000,00000000000,0,0,0,1,0,0,0,0,0,0,0,998,0,0,0,12,6,2,9,0,0,0,1,34,8736,6,1,0,0,3,0,71,999,1,0,0,0,0,6,2012,6,2012,0,0,0,0,0,1,2,50,1,1,2,1,0,0,1,83,8,2,2,13,0,0
34,340521,1,1,1,29,11,8,47,33,0,1,0,34,1,20,2,20002,4,2008,2G1WT58K5892,2,G,1,W,T,5,8,K,5,8,9,2,0,P,CHEV,IMT,4D,8,17,3555,,0,1105,,F,,F,6,214,,,16R225,,,,,,0,0,000000000,00000000000,0,0,0,1,0,0,0,0,0,0,0,998,0,0,0,14,6,2,42,0,0,0,1,34,7016,6,1,0,0,3,0,69,999,1,0,0,0,0,1,2010,1,2010,0,28,0,0,0,1,2,35,1,1,2,1,0,0,1,8,1,2,4,2,1,0
34,340522,1,1,2,30,12,3,38,25,0,1,0,42,2,20,481,20481,31,2012,1GCPKSE77CF1,1,G,C,P,K,S,E,7,7,C,F,1,0,T,CHEV,2SK,CW,12,17,,2,0,1435,SIL,F,,,8,323,,,,B,5329,00,,44,0,0,000000000,00000000000,0,0,0,1,0,0,0,0,0,0,0,998,0,1,6,11,6,2,42,0,0,0,1,42,19149,6,2,0,0,3,0,68,999,0,0,0,0,0,0,0,0,0,0,6,28,0,0,3,3,45,3,1,2,2,0,0,14,12,3,4,4,6,1,0
34,340523,1,2,1,10,6,21,42,12,2,1,0,34,2,76,709,76709,80,2009,JYARN23E79A0,J,Y,A,R,N,2,3,E,7,9,A,0,0,M,YAMA,YFR,RC,9,17,,,,,,,998,,4,,4,454,,,,,,,0,0,000000000,00000000000,0,0,0,1,0,0,0,0,0,0,0,998,0,0,0,12,9,4,12,0,0,0,1,34,7503,6,1,0,0,3,0,69,999,0,0,0,0,2,3,2011,3,2011,9,99,99,99,99,1,2,25,1,1,2,1,0,0,99,99,99,9,9,53,1,0
34,340523,2,2,1,10,6,21,42,12,2,1,0,34,2,73,709,73709,80,2011,JKAZX4R13BA0,J,K,A,Z,X,4,R,1,3,B,A,0,0,M,KAWK,ZXP,RC,11,17,,,,,,,599,,4,,4,421,,,,,,,0,0,000000000,00000000000,0,0,0,1,0,0,0,0,0,0,0,998,0,0,0,12,9,4,12,0,0,0,1,34,7514,6,1,6,0,3,0,70,999,0,3,0,1,5,11,2009,3,2012,9,99,99,99,99,1,2,25,1,1,2,1,0,0,99,99,99,9,9,53,0,0
34,340524,1,1,2,6,12,16,47,8,0,1,0,34,1,49,402,49402,14,2007,JTMBK31V7750,J,T,M,B,K,3,1,V,7,7,5,0,0,P,TOYT,RG4,UT,7,17,3675,,0,1047,,G,,F,6,214,,,17R225,,,,,,0,0,000000000,00000000000,0,0,0,1,0,0,0,0,0,0,0,998,0,0,0,12,2,1,8,0,0,0,1,34,7109,6,1,0,0,3,3,71,999,0,0,0,0,1,5,2011,5,2011,0,86,0,0,0,1,2,25,1,1,2,1,0,0,1,80,1,1,1,13,0,0
34,340525,1,1,1,22,12,0,50,8,0,1,0,34,1,2,406,2406,14,2008,1J8HG68248C2,1,J,8,H,G,6,8,2,4,8,C,2,0,T,JEEP,OVL,4W,8,17,,2,0,1095,CMD,G,,,8,348,,,,,5239,00,L,44,0,0,000000000,00000000000,0,0,0,1,0,0,0,0,0,0,0,998,0,0,0,12,6,2,8,0,0,0,1,34,8046,6,1,0,0,3,3,68,999,0,0,0,0,0,0,0,0,0,0,0,0,0,0,3,3,50,1,1,2,1,0,0,1,80,1,1,1,13,0,0
34,340526,1,1,3,2,12,21,20,33,0,1,0,42,2,20,23,20023,6,2006,3GNDA23DX6S5,3,G,N,D,A,2,3,D,X,6,S,5,0,P,CHEV,HHR,SV,6,17,3155,,0,1035,,G,,F,4,134,,,16R215,,,,,,0,0,000000000,00000000000,0,0,0,1,0,0,0,0,0,0,0,998,0,0,0,11,6,2,42,0,0,0,1,42,18505,6,1,0,0,3,0,63,999,0,0,0,0,0,0,0,0,0,0,6,28,0,0,2,2,65,3,2,2,2,0,0,14,8,1,1,4,6,1,0
34,340527,1,1,1,3,12,17,50,8,0,1,0,34,2,12,401,12401,14,1994,1FMDU34X2RUB,1,F,M,D,U,3,4,X,2,R,U,B,0,P,FORD,EPR,UT,94,17,4053,,0,1120,,G,,F,6,245,,,15R225,,,,,,0,0,000000000,00000000000,0,0,0,1,0,0,0,0,0,0,0,998,0,0,0,1,9,3,8,0,0,0,1,34,8090,1,1,0,0,2,0,70,999,0,0,0,0,0,0,0,0,0,0,6,0,0,0,2,2,50,1,1,2,1,0,0,1,80,1,1,1,13,0,0
34,340528,1,2,1,10,12,11,28,12,2,1,0,34,1,49,402,49402,14,2000,JT3HP10V7Y71,J,T,3,H,P,1,0,V,7,Y,7,1,0,P,TOYT,RV4,UT,0,17,2844,,0,949,,G,,F,4,122,,,16R215,,,,,,0,0,000000000,00000000000,0,0,0,1,0,0,0,0,0,0,0,998,0,0,0,12,6,2,12,0,0,0,1,34,7110,6,1,0,0,3,0,72,999,0,0,0,0,1,3,2011,3,2011,0,6,0,0,0,6,2,65,2,6,2,2,0,0,14,8,1,4,2,98,1,0
34,340528,2,2,1,10,12,11,28,12,2,1,0,34,2,49,40,49040,4,2004,4T1BE32K64U8,4,T,1,B,E,3,2,K,6,4,U,8,0,P,TOYT,UXS,4D,4,17,3086,,0,1071,,G,,F,4,144,,,15R205,,,,,,0,0,000000000,00000000000,0,0,0,1,0,0,0,0,0,0,0,998,0,0,0,12,6,2,12,0,0,0,1,34,7105,6,1,0,0,3,0,67,999,2,0,0,0,0,3,2010,1,2012,0,0,0,0,0,3,5,65,1,5,2,2,0,0,1,61,1,1,1,98,0,0
34,340529,1,1,1,8,12,0,36,42,0,1,0,42,1,59,402,59402,14,2006,JTJBT20X4601,J,T,J,B,T,2,0,X,4,6,0,1,0,P,LEXS,GX7,UT,6,17,4871,,0,1098,,G,,F,8,285,,,17R265,,,,,,0,0,000000000,00000000000,0,0,0,1,0,0,0,0,0,0,0,998,0,0,0,9,6,2,42,0,0,0,1,42,18940,6,1,0,0,3,0,70,999,0,0,0,0,0,0,0,0,0,1,6,0,0,0,3,3,65,1,1,2,2,0,0,1,6,3,3,4,2,1,0
34,340530,1,1,1,3,12,9,48,15,0,1,1,34,3,86,882,86882,63,2005,1M2K189CX5M0,1,M,2,K,1,8,9,C,X,5,M,0,0,T,MACK,MR6,TB,5,17,,8,0,0,600,D,,,6,728,,,,,00000,00,,64,0,57,564041,57564041,3,2,1,1,0,0,0,0,0,0,0,998,0,0,0,3,2,1,15,0,0,0,1,34,8015,6,1,6,0,3,0,67,999,2,0,0,0,1,2,2010,12,2011,0,0,0,0,0,3,2,55,1,1,2,1,0,0,10,83,1,1,1,13,0,0
34,340531,1,1,1,12,12,1,27,42,0,1,0,34,1,12,17,12017,4,2002,1FAFP53U52G1,1,F,A,F,P,5,3,U,5,2,G,1,0,P,FORD,TSE,4D,2,17,3355,,0,1085,,G,,F,6,182,,,16R215,,,,,,0,0,000000000,00000000000,0,0,0,1,0,0,0,0,0,0,0,998,0,0,0,3,6,2,42,0,0,0,1,34,8332,6,1,0,0,3,0,71,999,1,0,0,0,0,7,2010,7,2010,0,6,28,0,0,1,2,0,1,1,2,1,0,0,1,13,6,4,5,1,1,0
34,340532,1,1,2,2,12,0,46,33,0,1,0,34,2,20,403,20403,14,2003,1GNDT13SX323,1,G,N,D,T,1,3,S,X,3,2,3,0,P,CHEV,TRL,UT,3,17,4600,,0,1130,,G,,F,6,256,,,16R245,,,,,,0,0,000000000,00000000000,0,0,0,1,0,0,0,0,0,0,0,99,0,1,1,14,6,2,39,0,0,0,1,34,7480,6,1,0,0,3,0,66,999,0,0,0,0,0,0,0,0,0,1,36,28,0,0,3,4,65,2,5,2,2,0,0,14,6,3,3,4,2,1,1