STATE,ST_CASE,VEH_NO,VE_FORMS,NUMOCCS,DAY,MONTH,HOUR,MINUTE,HARM_EV,MAN_COLL,UNITTYPE,HIT_RUN,REG_STAT,OWNER,MAKE,MODEL,MAK_MOD,BODY_TYP,MOD_YEAR,VIN,VIN_1,VIN_2,VIN_3,VIN_4,VIN_5,VIN_6,VIN_7,VIN_8,VIN_9,VIN_10,VIN_11,VIN_12,TOW_VEH,VINTYPE,VINMAKE,VINA_MOD,VIN_BT,VINMODYR,VIN_LNGT,VIN_WGT,WGTCD_TR,WHLBS_LG,WHLBS_SH,SER_TR,FUELCODE,MCYCL_DS,CARBUR,CYLINDER,DISPLACE,MCYCL_CY,MCYCL_WT,TIRE_SZE,TON_RAT,TRK_WT,TRKWTVAR,VIN_REST,WHLDRWHL,J_KNIFE,MCARR_I1,MCARR_I2,MCARR_ID,GVWR,V_CONFIG,CARGO_BT,HAZ_INV,HAZ_PLAC,HAZ_ID,HAZ_CNO,HAZ_REL,BUS_USE,SPEC_USE,EMER_USE,TRAV_SP,UNDERIDE,ROLLOVER,ROLINLOC,IMPACT1,DEFORMED,TOWED,M_HARM,VEH_SC1,VEH_SC2,FIRE_EXP,DR_PRES,L_STATE,DR_ZIP,L_STATUS,L_TYPE,CDL_STAT,L_ENDORS,L_COMPL,L_RESTRI,DR_HGT,DR_WGT,PREV_ACC,PREV_SUS,PREV_DWI,PREV_SPD,PREV_OTH,FIRST_MO,FIRST_YR,LAST_MO,LAST_YR,SPEEDREL,DR_SF1,DR_SF2,DR_SF3,DR_SF4,VTRAFWAY,VNUM_LAN,VSPD_LIM,VALIGN,VPROFILE,VPAVETYP,VSURCOND,VTRAFCON,VTCONT_F,P_CRASH1,P_CRASH2,P_CRASH3,PCRASH4,PCRASH5,ACC_TYPE,DEATHS,DR_DRINK
34,340533,1,1,1,20,12,15,23,42,0,1,0,34,1,37,32,37032,4,1999,1HGCG6679XA0,1,H,G,C,G,6,6,7,9,X,A,0,0,P,HOND,UEX,4D,99,17,3086,,0,1069,,G,,F,4,138,,,15R195,,,,,,0,0,000000000,00000000000,0,0,0,1,0,0,0,0,0,0,0,998,0,0,0,12,6,2,42,0,0,0,1,34,7932,6,1,0,0,3,3,64,999,0,0,0,1,0,6,2010,6,2010,0,6,28,0,0,1,2,30,2,2,2,1,0,0,14,12,1,1,4,6,1,0
34,340534,1,2,1,14,12,3,16,12,6,1,0,34,1,35,47,35047,4,2008,1N4AL21E08C1,1,N,4,A,L,2,1,E,0,8,C,1,0,P,NISS,ATS,4D,8,17,3028,,0,1093,,G,,F,4,153,,,16R215,,,,,,0,0,000000000,00000000000,0,0,0,1,0,0,0,0,0,0,0,998,0,0,0,3,6,2,12,0,0,0,1,34,8344,6,1,0,0,3,0,66,999,0,5,0,0,1,2,2010,7,2011,0,6,38,0,0,1,2,50,1,1,2,1,0,0,1,17,1,1,1,87,1,0
34,340534,2,2,1,14,12,3,16,12,6,1,0,34,3,87,881,87881,66,2002,1XPFDU9XX2D5,1,X,P,F,D,U,9,X,X,2,D,5,1,T,PTRB,378,TR,2,17,,8,0,0,CON,D,,,6,733,,,,,00000,00,,64,1,57,156123,57156123,3,6,2,2,2,1863,3,1,0,0,0,998,0,0,0,12,9,2,12,0,0,0,1,34,8343,6,1,6,1,3,3,67,999,0,0,0,0,0,0,0,0,0,0,0,0,0,0,1,2,50,1,1,2,1,0,0,1,55,3,1,1,86,0,0
34,340535,1,1,1,6,12,17,27,8,0,1,0,34,3,12,461,12461,21,2010,1FTSE3EL6ADA,1,F,T,S,E,3,E,L,6,A,D,A,0,T,FORD,3SD,CG,10,17,,2,0,1380,VAN,G,,,8,330,,,,D,5340,00,E,42,0,0,000000000,00000000000,0,0,0,1,0,0,0,0,0,0,0,998,0,0,0,12,9,3,8,0,0,0,1,34,7438,6,1,0,0,3,0,70,999,1,0,0,0,2,7,2011,5,2012,0,0,0,0,0,3,3,55,1,1,2,1,0,0,1,80,1,1,1,13,0,0
34,340536,1,1,1,22,12,1,54,8,0,1,0,34,1,24,1,24001,4,1998,1G8ZK5272WZ1,1,G,8,Z,K,5,2,7,2,W,Z,1,0,P,STRN,SL2,4D,98,17,2422,,0,1024,,G,,F,4,116,,,15R185,,,,,,0,0,000000000,00000000000,0,0,0,1,0,0,0,0,0,0,0,998,0,0,0,2,9,3,8,0,0,0,1,34,7801,6,1,0,0,3,3,68,999,0,0,0,0,0,0,0,0,0,0,0,0,0,0,3,2,50,1,1,2,3,0,0,1,80,1,1,1,13,0,1
34,340537,1,3,0,9,12,5,0,12,1,1,0,34,6,22,22,22022,4,2007,1G2ZF58B5741,1,G,2,Z,F,5,8,B,5,7,4,1,0,P,PONT,6VB,4D,7,17,3305,,0,1123,,G,,F,4,146,,,16R215,,,,,,0,0,000000000,00000000000,0,0,0,1,0,0,0,0,0,0,0,0,0,0,0,6,6,2,12,0,0,0,0,0,99997,7,6,97,7,6,7,998,997,998,998,998,998,998,98,9998,98,9998,8,0,0,0,0,3,3,65,1,1,2,2,0,0,0,53,0,0,0,32,0,0
34,340537,2,3,1,9,12,5,0,12,1,1,0,34,1,37,32,37032,4,2001,1HGCF86681A0,1,H,G,C,F,8,6,6,8,1,A,0,0,P,HOND,UVP,4D,1,17,3009,,0,1069,,G,,F,4,138,,,14R195,,,,,,0,0,000000000,00000000000,0,0,0,1,0,0,0,0,0,0,0,998,0,0,0,12,6,2,12,0,0,0,1,34,8816,6,1,0,0,3,0,72,999,0,0,0,0,0,0,0,0,0,0,0,0,0,0,3,3,65,1,1,2,2,0,0,1,50,1,1,1,32,0,0
34,340537,3,3,2,9,12,5,0,12,1,1,0,34,2,12,37,12037,4,2002,1FAFP38322W3,1,F,A,F,P,3,8,3,2,2,W,3,0,P,FORD,FZT,4D,2,17,2604,,0,1030,,G,,F,4,121,,,16R205,,,,,,0,0,000000000,00000000000,0,0,0,1,0,0,0,0,0,0,0,998,0,0,0,14,2,3,8,0,0,0,1,34,7666,6,1,0,0,3,0,71,999,0,0,0,0,0,0,0,0,0,0,86,0,0,0,3,3,65,1,1,2,2,0,0,1,80,7,1,2,98,0,0
34,340538,1,1,1,7,12,6,39,8,0,1,0,34,3,86,882,86882,63,2010,1M2AV02C7AM0,1,M,2,A,V,0,2,C,7,A,M,0,0,T,MACK,MRU,TB,10,17,,8,0,0,600,D,,,6,659,,,,,00000,00,,64,0,57,812033,57812033,3,2,1,1,0,0,0,0,0,0,0,998,0,0,0,12,2,1,8,0,0,0,1,36,99999,6,1,6,1,3,0,71,999,0,0,0,0,0,0,0,0,0,0,0,0,0,0,1,2,45,1,1,2,1,0,0,1,80,8,2,2,13,0,0
34,340539,1,1,2,17,12,7,6,8,0,1,0,42,1,37,31,37031,2,1994,2HGEJ112XRH5,2,H,G,E,J,1,1,2,X,R,H,5,0,P,HOND,CEX,CP,94,17,2371,,0,1032,,G,,F,4,097,,,14R185,,,,,,0,0,000000000,00000000000,0,0,0,1,0,0,0,0,0,0,0,998,0,0,0,12,4,3,8,0,0,0,1,42,19054,6,1,0,0,3,3,72,999,0,0,0,0,0,0,0,0,0,0,0,0,0,0,1,2,40,1,1,2,1,0,0,1,80,1,1,1,13,0,0
34,340540,1,2,1,7,12,0,35,12,2,1,0,34,3,7,470,7470,28,2012,2C4JDGAG1CR3,2,C,4,J,D,G,A,G,1,C,R,3,0,T,DODG,RMG,CG,12,17,,2,0,1212,RMV,F,,,6,220,,,,,4321,00,K,42,0,0,000000000,00000000000,0,0,0,1,0,0,0,0,0,0,0,998,0,0,0,12,6,2,12,0,0,0,1,34,7011,6,1,0,0,3,0,66,999,0,0,0,0,0,0,0,0,0,0,50,36,0,0,3,3,55,1,2,2,1,0,0,1,54,1,1,1,50,1,1
34,340540,2,2,2,7,12,0,35,12,2,1,0,9,2,12,402,12402,14,2005,1FMYU93175KE,1,F,M,Y,U,9,3,1,7,5,K,E,0,P,FORD,SPE,UT,5,17,3464,,0,1031,,G,,F,6,183,,,16R235,,,,,,0,0,000000000,00000000000,0,0,0,1,0,0,0,0,0,0,0,998,0,1,1,12,6,2,12,0,0,0,1,9,6877,9,9,99,9,9,9,999,999,99,99,99,99,99,99,9999,99,9999,0,0,0,0,0,3,3,55,1,1,2,1,0,0,1,54,1,1,1,51,1,0
34,340541,1,1,1,23,12,23,38,8,0,1,0,34,1,20,22,20022,4,2007,1G1AL55F4771,1,G,1,A,L,5,5,F,4,7,7,1,0,P,CHEV,BLT,4D,7,17,3216,,0,1033,,G,,F,4,134,,,15R195,,,,,,0,0,000000000,00000000000,0,0,0,1,0,0,0,0,0,0,0,998,0,0,0,1,9,3,8,0,0,0,1,34,7066,6,1,0,0,3,0,65,999,0,0,0,0,0,0,0,0,0,0,0,0,0,0,3,3,50,1,1,2,1,3,3,1,80,1,1,1,13,0,0
34,340542,1,2,1,26,10,17,26,12,6,1,0,0,0,99,709,99709,83,9999,999999999999,9,9,9,9,9,9,9,9,9,9,9,9,0,,,,,,,,,,,,,,,,,,,,,,,,,0,0,000000000,00000000000,0,0,0,1,0,0,0,0,0,0,0,998,0,0,0,12,6,2,12,0,0,0,1,34,8629,1,1,0,0,2,0,65,999,0,5,0,0,2,8,2010,8,2012,1,36,0,0,0,1,2,25,1,1,2,1,0,0,1,55,1,1,1,69,1,0
34,340542,2,2,1,26,10,17,26,12,6,1,0,34,1,35,47,35047,4,2010,1N4AL2AP5AC1,1,N,4,A,L,2,A,P,5,A,C,1,0,P,NISS,ATS,4D,10,17,3063,,0,1093,,G,,F,4,153,,,16R215,,,,,,0,0,000000000,00000000000,0,0,0,1,0,0,0,0,0,0,0,998,0,0,0,3,9,2,12,0,0,0,1,34,8824,6,1,0,0,3,3,70,999,1,0,0,0,2,5,2011,12,2011,0,38,0,0,0,1,2,25,1,1,2,1,0,0,11,55,1,1,1,68,0,0
34,340543,1,1,2,20,12,23,17,8,0,1,0,34,2,49,40,49040,4,2005,4T1BE32KX5U9,4,T,1,B,E,3,2,K,X,5,U,9,0,P,TOYT,XLL,4D,5,17,3108,,0,1071,,G,,F,4,144,,,15R205,,,,,,0,0,000000000,00000000000,0,0,0,1,0,0,0,0,0,0,0,998,0,0,0,12,6,2,8,0,0,0,1,34,7701,6,1,0,0,3,3,69,999,0,0,0,0,0,0,0,0,0,0,0,0,0,0,3,3,55,1,1,2,1,0,0,1,80,1,1,1,13,0,0
34,340544,1,2,2,21,10,13,35,12,6,1,0,34,2,2,404,2404,14,2000,1J4FF58S0YL1,1,J,4,F,F,5,8,S,0,Y,L,1,0,T,JEEP,CLC,4W,0,17,,1,0,1014,CHK,G,,,6,244,,,,,3247,00,E,44,0,0,000000000,00000000000,0,0,0,1,0,0,0,0,0,0,0,998,0,0,0,3,6,2,12,0,0,0,1,34,8527,6,1,0,0,3,0,69,999,0,0,0,0,0,0,0,0,0,0,6,38,0,0,1,2,50,1,2,2,1,0,0,11,55,1,1,1,68,0,0
34,340544,2,2,1,21,10,13,35,12,6,1,0,34,1,76,709,76709,80,2007,JYARJ10E07A0,J,Y,A,R,J,1,0,E,0,7,A,0,0,M,YAMA,YZF,RC,7,17,,,,,,,599,,4,,4,417,,,,,,,0,0,000000000,00000000000,0,0,0,1,0,0,0,0,0,0,0,998,0,0,0,12,6,2,12,0,0,0,1,34,7728,6,1,0,0,3,0,67,999,0,0,0,0,0,0,0,0,0,0,0,0,0,0,1,2,50,1,2,2,1,0,0,1,55,3,1,1,69,1,0
34,340545,1,2,6,8,12,19,37,12,7,1,0,36,1,55,33,55033,4,2011,5NPEB4AC9BH1,5,N,P,E,B,4,A,C,9,B,H,1,0,P,HYUN,SGL,4D,11,17,3161,,0,1100,,G,,F,4,144,,,16R205,,,,,,0,0,000000000,00000000000,0,0,0,1,0,0,0,0,0,0,0,998,0,1,3,2,6,2,1,0,0,0,1,36,10453,6,1,0,0,3,0,64,999,0,0,0,0,0,0,0,0,0,0,0,0,0,0,3,2,55,3,1,2,1,0,0,14,60,1,1,1,45,0,0
34,340545,2,2,2,8,12,19,37,12,7,1,0,42,2,37,31,37031,4,2006,2HGFA16826H5,2,H,G,F,A,1,6,8,2,6,H,5,0,P,HOND,UAX,4D,6,17,2804,,0,1063,,G,,F,4,110,,,16R205,,,,,,0,0,000000000,00000000000,0,0,0,1,0,0,0,0,0,0,0,998,0,1,3,11,6,2,1,0,0,0,1,34,7055,6,1,0,0,3,0,66,999,0,0,0,0,0,0,0,0,0,1,36,28,0,0,3,2,55,3,1,2,1,0,0,15,6,3,3,2,46,1,0
34,340546,1,2,2,9,11,10,47,12,2,1,0,34,1,54,402,54402,14,2013,5J8TB3H31DL0,5,J,8,T,B,3,H,3,1,D,L,0,0,P,ACUR,RDX,UT,13,17,3717,,0,1057,,G,,F,6,214,,,000000,,,,,,0,0,000000000,00000000000,0,0,0,1,0,0,0,0,0,0,0,998,0,0,0,12,6,2,12,0,0,0,1,34,8087,6,1,0,0,3,0,62,999,0,0,0,0,0,0,0,0,0,0,0,0,0,0,1,2,35,1,1,2,1,40,3,1,62,1,1,1,51,0,0
34,340546,2,2,1,9,11,10,47,12,2,1,0,34,1,49,42,49042,2,1992,JT2EL45F5N00,J,T,2,E,L,4,5,F,5,N,0,0,0,P,TOYT,PAS,CP,92,17,2070,,0,937,,G,,F,4,091,,,14R175,,,,,,0,0,000000000,00000000000,0,0,0,1,0,0,0,0,0,0,0,998,0,0,0,12,6,2,12,0,0,0,1,34,8087,6,1,0,0,3,3,74,999,0,0,0,0,0,0,0,0,0,0,6,28,0,0,1,2,35,1,1,2,1,40,3,1,10,1,1,2,50,1,0
34,340547,1,1,6,14,12,22,30,8,0,1,0,34,1,12,402,12402,14,2002,1FBSS31L82HA,1,F,B,S,S,3,1,L,8,2,H,A,0,T,FORD,WSD,ES,2,17,,2,0,1380,ECO,G,,,8,330,,,,D,6425,01,E,42,0,0,000000000,00000000000,0,0,0,1,0,0,0,0,0,0,0,998,0,0,0,1,9,3,8,0,0,0,1,34,7740,6,1,6,0,3,0,67,999,0,0,0,0,0,0,0,0,0,0,0,0,0,0,2,2,50,1,1,2,1,3,3,1,80,1,1,1,13,0,0
34,340548,1,1,1,8,12,3,25,8,0,1,1,34,2,34,37,34037,4,1998,WBAGJ8328WDM,W,B,A,G,J,8,3,2,8,W,D,M,0,P,BMW,7IL,4D,98,17,4288,,0,1209,,G,,F,8,268,,,16R235,,,,,,0,0,000000000,00000000000,0,0,0,1,0,0,0,0,0,0,0,998,0,0,0,12,9,1,8,0,0,0,1,34,7202,6,1,0,0,3,0,66,999,2,3,2,0,5,1,2010,8,2012,0,36,38,0,0,1,2,25,1,1,2,2,3,3,4,80,1,1,1,13,0,1
34,340549,1,2,2,16,12,21,30,12,6,1,0,34,2,37,31,37031,2,2004,1HGEM22124L0,1,H,G,E,M,2,2,1,2,4,L,0,0,P,HOND,CVP,CP,4,17,2456,,0,1031,,G,,F,4,102,,,14R185,,,,,,0,0,000000000,00000000000,0,0,0,1,0,0,0,0,0,0,0,998,0,0,0,3,6,2,42,0,0,0,1,34,7866,6,1,0,0,3,0,61,999,0,0,0,0,2,6,2012,11,2012,1,6,28,0,0,1,2,30,1,1,2,2,0,0,1,6,3,4,2,64,1,0
34,340549,2,2,2,16,12,21,30,12,6,1,0,34,1,19,18,19018,4,2006,1G6DN57U9601,1,G,6,D,N,5,7,U,9,6,0,1,0,P,CADI,CTV,4D,6,17,3850,,0,1134,,G,,F,8,366,,,18R245,,,,,,0,0,000000000,00000000000,0,0,0,1,0,0,0,0,0,0,0,998,0,0,0,12,9,3,12,0,0,0,1,34,7866,6,1,0,0,3,0,69,999,0,0,0,0,1,6,2010,6,2010,0,0,0,0,0,1,2,30,1,1,2,2,0,0,1,62,1,1,1,65,0,0
34,340550,1,3,1,27,12,10,11,12,1,1,0,24,3,82,881,82881,66,2009,1FUBA5CK49LA,1,F,U,B,A,5,C,K,4,9,L,A,1,T,FRHT,COL,TR,9,17,,7,0,0,CON,D,,,6,855,,,,,00000,00,,42,3,57,6943,576943,3,6,1,1,0,0,0,0,0,0,0,998,0,0,0,12,9,3,12,0,0,0,1,24,21215,6,1,6,3,8,0,67,220,0,0,0,0,2,10,2011,10,2011,0,0,0,0,0,3,3,65,1,1,2,2,0,0,2,52,8,3,2,28,0,0
34,340550,2,3,2,27,12,10,11,12,1,1,0,36,1,12,24,12024,6,2007,2FMDK48C87BA,2,F,M,D,K,4,8,C,8,7,B,A,0,P,FORD,EDG,UT,7,17,4282,,0,1112,,G,,F,6,214,,,17R235,,,,,,0,0,000000000,00000000000,0,0,0,1,0,0,0,0,0,0,0,998,0,0,0,83,6,2,12,0,0,0,1,36,10509,6,1,0,0,3,0,72,999,0,0,0,0,0,0,0,0,0,0,0,0,0,0,3,3,65,1,1,2,2,0,0,2,53,1,1,2,98,0,0
34,340550,3,3,4,27,12,10,11,12,1,1,0,13,1,49,40,49040,4,2003,4T1BE32K13U6,4,T,1,B,E,3,2,K,1,3,U,6,0,P,TOYT,UXS,4D,3,17,2993,,0,1071,,G,,F,4,144,,,15R205,,,,,,0,0,000000000,00000000000,0,0,0,1,0,0,0,0,0,0,0,998,0,0,0,6,6,2,12,0,0,0,1,13,30087,6,1,0,0,3,3,67,999,98,0,0,0,0,99,9999,99,9999,0,0,0,0,0,3,3,65,1,1,2,2,0,0,2,50,1,3,2,29,3,0
34,340551,1,1,1,30,3,19,6,8,0,1,1,34,3,12,24,12024,6,2012,2FMDK3GC3CBA,2,F,M,D,K,3,G,C,3,C,B,A,0,P,FORD,EDG,UT,12,17,4056,,0,1112,,G,,F,6,214,,,17R235,,,,,,0,0,000000000,00000000000,0,0,0,1,0,0,0,0,0,0,0,999,0,0,0,12,9,1,8,0,0,0,1,34,7726,1,1,0,0,2,0,74,999,0,0,0,0,1,2,2011,2,2011,1,36,38,0,0,1,2,25,1,1,2,1,0,0,1,80,1,1,1,13,0,0
34,340552,1,1,1,24,12,19,8,33,0,1,0,34,2,20,37,20037,4,2005,1G1ND52F15M1,1,G,1,N,D,5,2,F,1,5,M,1,0,P,CHEV,CLA,4D,5,17,3106,,0,1070,,G,,F,4,134,,,15R205,,,,,,0,0,000000000,00000000000,0,0,0,1,0,0,0,0,0,0,0,998,0,0,0,14,6,2,25,0,0,0,1,34,8873,6,1,0,0,3,0,68,999,0,0,0,0,0,0,0,0,0,0,28,6,0,0,6,1,55,2,6,2,2,0,0,14,9,1,1,4,6,1,1
34,340553,1,1,4,25,12,6,51,33,0,1,0,42,1,12,401,12401,14,2000,1FMZU72X7YUA,1,F,M,Z,U,7,2,X,7,Y,U,A,0,P,FORD,EPR,UT,0,17,4065,,0,1116,,G,,F,6,245,,,15R235,,,,,,0,0,000000000,00000000000,0,0,0,1,0,0,0,0,0,0,0,998,0,0,0,14,6,2,42,0,0,0,1,99,99999,9,9,99,9,9,9,999,999,99,99,99,99,99,99,9999,99,9999,0,6,28,0,0,2,2,40,2,1,2,2,0,0,14,12,1,1,5,6,1,1
34,340554,1,2,1,16,10,16,22,12,6,1,0,34,1,37,706,37706,80,2002,JH2SC50082M0,J,H,2,S,C,5,0,0,8,2,M,0,0,M,HOND,CR9,RC,2,17,,,,,,,954,,4,,4,999,,,,,,,0,0,000000000,00000000000,0,0,0,1,0,0,0,0,0,0,0,998,0,0,0,12,6,2,12,0,0,1,1,34,8002,6,2,0,0,3,0,70,999,0,0,0,0,0,0,0,0,0,1,36,0,0,0,1,5,45,1,2,2,1,0,0,1,17,3,1,1,88,1,0
34,340554,2,2,2,16,10,16,22,12,6,1,0,34,1,20,9,20009,2,1996,2G1FP22P5T21,2,G,1,F,P,2,2,P,5,T,2,1,0,P,CHEV,Z28,CP,96,17,3466,,0,1011,,G,,F,8,350,,,16R235,,,,,,0,0,000000000,00000000000,0,0,0,1,0,0,0,0,0,0,0,998,0,0,0,10,9,2,12,0,0,0,1,34,8346,6,1,0,0,3,0,68,999,1,0,0,0,2,5,2010,7,2012,0,0,0,0,0,1,2,25,1,1,2,1,20,3,1,55,3,1,1,89,0,0
34,340555,1,2,1,27,10,11,7,12,1,1,0,34,2,24,7,24007,4,2006,1G8AL55F06Z1,1,G,8,A,L,5,5,F,0,6,Z,1,0,P,STRN,SI3,4D,6,17,2831,,0,1035,,G,,F,4,134,,,16R205,,,,,,0,0,000000000,00000000000,0,0,0,1,0,0,0,0,0,0,0,998,0,0,0,6,9,2,12,0,0,0,1,34,8089,6,1,0,0,3,3,69,999,1,0,0,0,2,2,2011,6,2012,0,0,0,0,0,1,4,45,1,1,2,1,0,0,4,53,10,1,1,25,0,0
34,340555,2,2,2,27,10,11,7,12,1,1,0,1,1,30,47,30047,3,2001,3VWCK21C01M4,3,V,W,C,K,2,1,C,0,1,M,4,0,P,VOLK,NGS,2H,1,17,2783,,0,989,,G,,F,4,121,,,16R205,,,,,,0,0,000000000,00000000000,0,0,0,1,0,0,0,0,0,0,0,998,0,1,5,12,6,2,1,0,0,0,1,99,99999,9,9,99,9,9,9,999,999,99,99,99,99,99,99,9999,99,9999,1,36,0,0,0,1,4,45,1,1,2,1,0,0,1,51,1,1,1,24,1,1
34,340556,1,1,1,28,12,8,20,8,0,1,0,34,1,35,401,35401,14,2004,JN8DR09Y54W9,J,N,8,D,R,0,9,Y,5,4,W,9,0,P,NISS,PFI,UT,4,17,3997,,0,1063,,G,,F,6,213,,,16R255,,,,,,0,0,000000000,00000000000,0,0,0,1,0,0,0,0,0,0,0,998,0,0,0,12,9,2,8,0,0,0,1,34,8724,6,1,0,0,3,0,70,999,0,0,0,0,3,5,2011,2,2012,0,0,0,0,0,1,2,40,1,1,2,1,0,0,1,80,1,1,1,13,0,1
34,340557,1,1,1,24,12,20,46,24,0,1,0,34,1,12,481,12481,31,1997,1FTHX26H1VEA,1,F,T,H,X,2,6,H,1,V,E,A,0,T,FORD,F25,PC,97,17,,2,1550,1390,COF,G,,,8,351,,,,C,5236,00,A,44,0,0,000000000,00000000000,0,0,0,1,0,0,0,0,0,0,0,998,0,1,6,12,6,2,30,0,0,0,1,34,8027,6,1,0,0,3,0,70,999,0,0,0,0,0,0,0,0,0,0,6,28,0,0,1,2,35,2,5,2,2,0,0,14,12,1,1,4,6,1,1
34,340558,1,1,2,12,8,21,34,8,0,1,0,34,2,37,32,37032,4,1997,1HGCD5637VA0,1,H,G,C,D,5,6,3,7,V,A,0,0,P,HOND,ULE,4D,97,17,2864,,0,1069,,G,,F,4,132,,,15R185,,,,,,0,0,000000000,00000000000,0,0,0,1,0,0,0,0,0,0,0,998,0,0,0,12,9,2,8,0,0,0,1,34,8873,6,1,0,0,3,0,70,999,0,0,0,0,0,0,0,0,0,0,0,0,0,0,3,2,45,1,1,2,1,0,0,1,80,7,1,1,13,0,0
34,340559,1,1,1,9,10,18,32,8,0,1,0,34,2,12,481,12481,31,2011,1FTFW1ET9BFC,1,F,T,F,W,1,E,T,9,B,F,C,0,T,FORD,F1S,CW,11,17,,2,1570,1450,COF,G,,,6,214,,,,B,5577,01,7,44,0,0,000000000,00000000000,0,0,0,1,0,0,0,0,0,0,0,998,0,0,0,12,9,2,8,0,0,0,1,34,8869,6,1,0,0,3,3,74,999,0,0,0,0,0,0,0,0,0,0,0,0,0,0,1,4,30,1,1,2,2,0,0,1,80,1,1,1,13,0,0
34,340560,1,3,1,9,11,12,50,12,8,1,0,34,2,32,43,32043,4,2005,WAUDF78E85A5,W,A,U,D,F,7,8,E,8,5,A,5,0,P,AUDI,NAQ,4D,5,17,3428,,0,1043,,G,,T,4,122,,,16R215,,,,,,0,0,000000000,00000000000,0,0,0,1,0,0,0,0,0,0,0,998,0,0,0,11,6,2,12,0,0,0,1,34,7438,1,1,0,0,2,0,71,999,0,5,1,3,5,6,2010,10,2012,0,36,28,0,0,1,2,40,1,2,2,1,0,0,1,10,1,1,2,64,0,0
34,340560,2,3,1,9,11,12,50,12,8,1,0,34,1,12,17,12017,4,1997,1FALP52UXVA2,1,F,A,L,P,5,2,U,X,V,A,2,0,P,FORD,TAG,4D,97,17,3329,,0,1085,,G,,F,6,182,,,15R205,,,,,,0,0,000000000,00000000000,0,0,0,1,0,0,0,0,0,0,0,998,0,0,0,8,6,2,12,0,0,0,1,34,7480,6,1,0,0,3,0,62,999,0,0,0,0,0,0,0,0,0,0,0,0,0,0,1,2,40,1,2,2,1,0,0,1,62,1,1,1,65,0,0
34,340560,3,3,1,9,11,12,50,12,8,1,0,34,1,35,43,35043,4,2005,3N1CB51D55L5,3,N,1,C,B,5,1,D,5,5,L,5,0,P,NISS,S18,4D,5,17,2387,,0,998,,G,,F,4,108,,,15R195,,,,,,0,0,000000000,00000000000,0,0,0,1,0,0,0,0,0,0,0,998,0,0,0,12,6,2,12,0,0,0,1,34,7435,6,1,0,0,3,3,64,999,0,0,0,0,0,0,0,0,0,0,0,0,0,0,1,2,40,1,2,2,1,0,0,1,62,1,1,1,98,1,0
34,340561,1,1,1,20,12,18,2,8,0,1,0,34,1,37,31,37031,4,2002,2HGES26732H5,2,H,G,E,S,2,6,7,3,2,H,5,0,P,HOND,UAX,4D,2,17,2615,,0,1031,,G,,F,4,102,,,15R185,,,,,,0,0,000000000,00000000000,0,0,0,1,0,0,0,0,0,0,0,998,0,0,0,12,9,2,8,0,0,0,1,34,8550,6,1,0,0,3,0,68,999,0,0,0,1,0,1,2012,1,2012,0,0,0,0,0,2,2,55,1,1,2,1,0,0,1,80,1,1,1,13,0,0
34,340562,1,1,1,14,12,17,17,8,0,1,0,34,1,19,5,19005,2,1991,1G6EL13BXMU6,1,G,6,E,L,1,3,B,X,M,U,6,0,P,CADI,ELD,CP,91,17,3306,,0,1080,,G,,F,8,300,,,15R205,,,,,,0,0,000000000,00000000000,0,0,0,1,0,0,0,0,0,0,0,998,0,0,0,12,9,2,8,0,0,0,1,34,8080,6,1,0,0,3,0,67,999,0,0,0,0,0,0,0,0,0,0,0,0,0,0,2,2,45,1,1,2,1,3,3,1,80,1,1,1,13,0,0
34,340563,1,1,1,31,12,5,44,33,0,1,0,34,1,49,32,49032,4,2012,2T1BU4EE8CC7,2,T,1,B,U,4,E,E,8,C,C,7,0,P,TOYT,CBS,4D,12,17,2734,,0,1024,,G,,F,4,110,,,15R195,,,,,,0,0,000000000,00000000000,0,0,0,1,0,0,0,0,0,0,0,998,0,0,0,12,6,2,21,0,0,0,1,34,8887,6,1,0,0,3,0,68,999,2,0,0,0,1,9,2010,5,2012,0,6,0,0,0,2,3,55,1,1,2,1,0,0,1,13,1,1,4,1,1,0
34,340564,1,2,1,22,12,23,25,12,2,1,0,34,2,37,32,37032,4,2009,1HGCP26899A0,1,H,G,C,P,2,6,8,9,9,A,0,0,P,HOND,AXL,4D,9,17,3373,,0,1102,,G,,F,4,146,,,17R225,,,,,,0,0,000000000,00000000000,0,0,0,1,0,0,0,0,0,0,0,998,0,0,0,12,6,2,12,0,0,0,1,34,8502,6,2,0,0,3,2,72,999,0,0,0,0,0,0,0,0,0,0,6,28,73,0,1,2,45,2,2,2,1,0,0,14,10,1,1,2,50,0,1
34,340564,2,2,1,22,12,23,25,12,2,1,0,34,1,37,32,37032,4,2000,1HGCG6679YA1,1,H,G,C,G,6,6,7,9,Y,A,1,0,P,HOND,UEX,4D,0,17,3086,,0,1069,,G,,F,4,138,,,15R195,,,,,,0,0,000000000,00000000000,0,0,0,1,0,0,0,0,0,0,0,998,0,0,0,12,6,2,12,0,0,0,1,34,8528,6,1,0,0,3,0,68,999,0,0,0,0,0,0,0,0,0,0,0,0,0,0,1,2,45,3,2,2,1,0,0,14,62,1,1,1,51,1,0