STATE,ST_CASE,VEH_NO,VE_FORMS,NUMOCCS,DAY,MONTH,HOUR,MINUTE,HARM_EV,MAN_COLL,UNITTYPE,HIT_RUN,REG_STAT,OWNER,MAKE,MODEL,MAK_MOD,BODY_TYP,MOD_YEAR,VIN,VIN_1,VIN_2,VIN_3,VIN_4,VIN_5,VIN_6,VIN_7,VIN_8,VIN_9,VIN_10,VIN_11,VIN_12,TOW_VEH,VINTYPE,VINMAKE,VINA_MOD,VIN_BT,VINMODYR,VIN_LNGT,VIN_WGT,WGTCD_TR,WHLBS_LG,WHLBS_SH,SER_TR,FUELCODE,MCYCL_DS,CARBUR,CYLINDER,DISPLACE,MCYCL_CY,MCYCL_WT,TIRE_SZE,TON_RAT,TRK_WT,TRKWTVAR,VIN_REST,WHLDRWHL,J_KNIFE,MCARR_I1,MCARR_I2,MCARR_ID,GVWR,V_CONFIG,CARGO_BT,HAZ_INV,HAZ_PLAC,HAZ_ID,HAZ_CNO,HAZ_REL,BUS_USE,SPEC_USE,EMER_USE,TRAV_SP,UNDERIDE,ROLLOVER,ROLINLOC,IMPACT1,DEFORMED,TOWED,M_HARM,VEH_SC1,VEH_SC2,FIRE_EXP,DR_PRES,L_STATE,DR_ZIP,L_STATUS,L_TYPE,CDL_STAT,L_ENDORS,L_COMPL,L_RESTRI,DR_HGT,DR_WGT,PREV_ACC,PREV_SUS,PREV_DWI,PREV_SPD,PREV_OTH,FIRST_MO,FIRST_YR,LAST_MO,LAST_YR,SPEEDREL,DR_SF1,DR_SF2,DR_SF3,DR_SF4,VTRAFWAY,VNUM_LAN,VSPD_LIM,VALIGN,VPROFILE,VPAVETYP,VSURCOND,VTRAFCON,VTCONT_F,P_CRASH1,P_CRASH2,P_CRASH3,PCRASH4,PCRASH5,ACC_TYPE,DEATHS,DR_DRINK
35,350032,1,1,1,3,2,18,37,8,0,1,0,35,1,20,16,20016,2,2005,1G1JC12F5571,1,G,1,J,C,1,2,F,5,5,7,1,0,P,CHEV,CAV,CP,5,17,2617,,0,1041,,G,,F,4,134,,,14R195,,,,,,0,0,000000000,00000000000,0,0,0,1,0,0,0,0,0,0,0,998,0,0,0,12,6,2,8,0,0,0,1,35,87701,6,1,0,0,3,0,65,122,98,0,0,0,0,0,0,0,0,0,0,0,0,0,1,2,30,1,1,2,1,0,0,1,80,1,1,1,13,0,0
35,350033,1,1,2,5,2,15,18,1,0,1,0,35,2,21,21,21021,4,2001,1G3NF52E71C1,1,G,3,N,F,5,2,E,7,1,C,1,0,P,OLDS,AGS,4D,1,17,3022,,0,1070,,G,,F,6,207,,,16R225,,,,,,0,0,000000000,00000000000,0,0,0,1,0,0,0,0,0,0,0,998,0,1,2,0,6,2,1,0,0,0,1,35,87323,0,0,0,0,0,0,999,999,98,0,0,0,0,0,0,0,0,1,58,0,0,0,1,2,55,2,2,2,1,28,3,14,6,6,2,4,7,1,1
35,350034,1,1,4,11,2,3,32,34,0,1,0,35,2,12,401,12401,14,2000,1FMZU63E0YZB,1,F,M,Z,U,6,3,E,0,Y,Z,B,0,P,FORD,EPR,UT,0,17,3906,,0,1116,,G,,F,6,245,,,15R235,,,,,,0,0,000000000,00000000000,0,0,0,1,0,0,0,0,0,0,0,998,0,1,5,12,6,2,1,0,0,0,1,35,87537,6,1,0,0,3,0,999,999,98,0,0,0,0,0,0,0,0,1,0,0,0,0,1,2,45,1,1,2,1,28,3,1,12,1,4,5,7,1,1
35,350035,1,2,2,10,2,5,35,12,6,1,0,35,1,20,481,20481,31,1996,1GCEC14W9TZ2,1,G,C,E,C,1,4,W,9,T,Z,2,0,T,CHEV,GC1,PK,96,17,,2,1315,1175,GM4,G,,,6,262,,,,B,3801,01,,42,0,0,000000000,00000000000,0,0,0,1,0,0,0,0,0,0,0,998,0,0,0,3,6,2,12,0,0,0,1,35,88101,6,1,0,0,3,0,72,190,98,0,0,0,0,0,0,0,0,0,39,0,0,0,1,2,55,1,1,2,1,20,3,1,17,1,1,1,87,1,0
35,350035,2,2,2,10,2,5,35,12,6,1,0,35,1,14,17,14017,4,1999,1MEFM50U1XG6,1,M,E,F,M,5,0,U,1,X,G,6,0,P,MERC,SGS,4D,99,17,3299,,0,1085,,G,,F,6,182,,,15R205,,,,,,0,0,000000000,00000000000,0,0,0,1,0,0,0,0,0,0,0,998,0,0,0,12,6,2,12,0,0,0,1,35,88135,6,1,0,0,3,0,999,999,98,0,0,0,0,0,0,0,0,0,0,0,0,0,1,2,55,1,1,2,1,0,0,1,66,1,1,1,86,0,0
35,350036,1,1,1,12,2,11,15,24,0,1,0,35,1,42,48,42048,4,1999,WDBJF65H6XA7,W,D,B,J,F,6,5,H,6,X,A,7,0,P,MERZ,E32,4D,99,17,3340,,0,1115,,G,,F,6,195,,,16R215,,,,,,0,0,000000000,00000000000,0,0,0,1,0,0,0,0,0,0,0,998,0,0,0,12,6,2,24,0,0,0,1,35,87301,6,1,0,0,3,0,64,194,98,0,0,0,0,0,0,0,0,0,0,0,0,0,2,2,75,1,1,2,1,0,0,1,9,1,3,4,2,1,0
35,350037,1,1,1,12,2,16,49,1,0,1,0,35,2,12,401,12401,14,2000,1FMRU1565YLC,1,F,M,R,U,1,5,6,5,Y,L,C,0,P,FORD,EPT,UT,0,17,4886,,0,1191,,G,,F,8,281,,,16R255,,,,,,0,0,000000000,00000000000,0,0,0,1,0,0,0,0,0,0,0,998,0,1,5,0,6,2,1,0,0,0,1,35,88240,6,1,0,0,3,0,60,130,98,0,0,0,2,3,2011,10,2011,1,58,0,0,0,1,2,65,1,4,2,1,0,0,1,5,7,2,4,2,1,0
35,350038,1,2,1,12,2,10,25,12,6,1,0,35,1,20,403,20403,14,2003,1GNCS18X23K1,1,G,N,C,S,1,8,X,2,3,K,1,0,P,CHEV,BZR,UT,3,17,3612,,0,1005,,G,,F,6,262,,,16R235,,,,,,0,0,000000000,00000000000,0,0,0,1,0,0,0,0,0,0,0,998,0,0,0,61,6,2,12,0,0,0,1,35,88240,6,1,0,0,3,0,68,205,98,0,0,0,0,0,0,0,0,0,38,0,0,0,1,2,25,1,1,2,2,0,0,1,66,1,1,1,89,1,0
35,350038,2,2,2,12,2,10,25,12,6,1,0,35,2,7,482,7482,31,2008,3D7ML49A18G1,3,D,7,M,L,4,9,A,1,8,G,1,1,T,DODG,ME3,CW,8,17,,3,0,1605,RPC,D,,,6,408,,,,D,00000,00,E,42,1,0,000000000,00000000000,0,0,0,1,0,0,0,0,0,0,0,998,0,0,0,12,6,2,12,0,0,0,1,35,88240,6,1,0,0,3,0,67,220,98,0,0,0,0,0,0,0,0,0,0,0,0,0,1,2,25,1,1,2,2,0,0,1,66,8,1,1,88,0,0
35,350039,1,1,3,14,2,19,50,8,0,1,0,35,2,58,35,58035,4,2000,JNKCA31AXYT1,J,N,K,C,A,3,1,A,X,Y,T,1,0,P,INFI,I30,4D,0,17,3227,,0,1063,,G,,F,6,182,,,16R215,,,,,,0,0,000000000,00000000000,0,0,0,1,0,0,0,0,0,0,0,998,0,0,0,12,2,1,8,0,0,0,1,35,87121,6,1,0,0,3,0,71,190,98,0,0,0,0,0,0,0,0,0,86,0,0,0,1,3,40,1,1,2,1,0,0,1,80,1,1,1,13,0,0
35,350040,1,1,1,15,2,1,20,8,0,1,1,35,2,24,1,24001,4,1996,1G8ZK5277TZ2,1,G,8,Z,K,5,2,7,7,T,Z,2,0,P,STRN,SL2,4D,96,17,2350,,0,1024,,G,,F,4,116,,,15R185,,,,,,0,0,000000000,00000000000,0,0,0,1,0,0,0,0,0,0,0,998,0,0,0,12,2,1,8,0,0,0,1,35,87508,6,1,0,0,3,0,69,125,98,0,0,0,0,0,0,0,0,0,86,0,0,0,1,2,35,1,1,2,2,28,3,1,80,1,1,1,13,0,0
35,350041,1,2,1,16,2,6,0,12,2,1,0,35,2,49,472,49472,30,1999,4TAWN72N4XZ5,4,T,A,W,N,7,2,N,4,X,Z,5,0,T,TOYT,XTR,PC,99,17,,1,0,1219,TAC,G,,,6,206,,,,B,3412,00,U,44,0,0,000000000,00000000000,0,0,0,1,0,0,0,0,0,0,0,998,0,0,0,12,6,2,12,0,0,0,1,35,87123,6,1,0,0,3,0,67,145,98,0,0,0,0,0,0,0,0,1,28,0,0,0,2,3,45,1,3,2,1,98,3,1,10,1,1,2,50,1,0
35,350041,2,2,1,16,2,6,0,12,2,1,0,35,1,20,481,20481,31,1992,2GCEC19Z6N12,2,G,C,E,C,1,9,Z,6,N,1,2,0,T,CHEV,GC1,PC,92,17,,2,1555,1415,GM4,G,,,6,262,,,,B,4426,02,,42,0,0,000000000,00000000000,0,0,0,1,0,0,0,0,0,0,0,998,0,0,0,12,6,2,12,0,0,0,1,35,88011,6,1,0,0,3,0,71,155,98,0,0,1,0,10,2010,10,2010,0,0,0,0,0,2,3,45,1,1,2,1,98,3,1,62,1,1,1,51,1,0
35,350042,1,1,1,18,2,19,34,9,0,1,0,35,1,12,421,12421,15,1995,1FMEU15H6SLA,1,F,M,E,U,1,5,H,6,S,L,A,0,P,FORD,BRO,UT,95,17,4587,,0,1050,,G,,F,8,351,,,15R235,,,,,,0,0,000000000,00000000000,0,0,0,1,0,0,0,0,0,0,0,998,0,0,0,12,6,2,9,0,0,0,1,35,88310,6,1,0,0,3,0,75,300,98,1,0,1,0,4,2011,2,2012,0,86,0,0,0,1,2,25,1,1,2,1,0,0,1,83,1,1,1,13,0,1
35,350044,1,1,2,23,2,20,10,1,0,1,0,39,1,12,402,12402,14,2003,1FMYU93173KB,1,F,M,Y,U,9,3,1,7,3,K,B,0,P,FORD,SPE,UT,3,17,3458,,0,1031,,G,,F,6,181,,,16R235,,,,,,0,0,000000000,00000000000,0,0,0,1,0,0,0,0,0,0,0,998,0,1,3,0,6,2,1,0,0,0,1,39,45102,6,1,0,0,3,0,70,250,1,0,0,2,2,3,2009,11,2011,0,6,0,0,0,2,2,75,1,1,2,1,0,0,1,12,1,1,4,6,1,0
35,350045,1,2,1,25,2,10,24,12,6,1,0,35,1,37,706,37706,80,2004,1HFSC49H74A2,1,H,F,S,C,4,9,H,7,4,A,2,0,M,HOND,XTV,RS,4,17,,,,,,,1800,,2,,4,720,,,,,,,0,0,000000000,00000000000,0,0,0,1,0,0,0,0,0,0,0,998,0,0,0,11,6,2,12,0,0,0,1,35,88011,6,1,0,0,3,0,72,230,98,0,0,0,0,0,0,0,0,0,48,0,0,0,2,2,65,1,1,2,1,0,0,15,51,1,1,2,47,1,0
35,350045,2,2,5,25,2,10,24,12,6,1,0,48,2,20,422,20422,15,2007,1GNFC16067R2,1,G,N,F,C,1,6,0,6,7,R,2,0,P,CHEV,C15,UT,7,17,5613,,0,1300,,F,,F,8,323,,,17R265,,,,,,0,0,000000000,00000000000,0,0,0,1,0,0,0,0,0,0,0,998,0,0,0,81,6,2,12,0,0,0,1,48,88310,6,1,0,0,3,0,999,999,0,0,0,0,0,0,0,0,0,0,0,0,0,0,2,2,65,1,1,2,1,0,0,1,60,8,1,1,45,0,0
35,350046,1,3,1,25,2,7,46,12,6,1,0,35,1,7,482,7482,31,2009,1D3HV13T09S7,1,D,3,H,V,1,3,T,0,9,S,7,0,T,DODG,150,CW,9,17,,2,0,1400,RPC,G,,,8,348,,,,B,5200,00,K,44,0,0,000000000,00000000000,0,0,0,1,0,0,0,0,0,0,0,998,0,0,0,63,4,1,12,0,0,0,1,35,88240,6,1,0,0,3,0,68,190,98,0,0,0,0,0,0,0,0,0,0,0,0,0,1,2,45,1,1,2,1,3,3,1,17,1,1,1,98,0,0
35,350046,2,3,1,25,2,7,46,12,6,1,0,35,1,12,481,12481,31,2006,1FTWW33P66ED,1,F,T,W,W,3,3,P,6,6,E,D,0,T,FORD,F3D,CW,6,17,,3,1720,1560,DRW,D,,,8,366,,,,D,6989,01,E,44,0,0,000000000,00000000000,0,0,0,1,0,0,0,0,0,0,0,998,0,0,0,12,6,2,12,0,0,0,1,35,88240,6,1,0,0,3,0,69,116,98,0,0,5,0,9,2009,1,2012,0,38,39,0,0,1,2,45,1,1,2,1,3,3,1,54,1,1,1,88,0,0
35,350046,3,3,1,25,2,7,46,12,6,1,0,35,1,13,1,13001,4,2006,1LNHM82W46Y6,1,L,N,H,M,8,2,W,4,6,Y,6,0,P,LINC,SGL,4D,6,17,4359,,0,1177,,G,,F,8,281,,,17R225,,,,,,0,0,000000000,00000000000,0,0,0,1,0,0,0,0,0,0,0,998,0,0,0,9,6,2,12,0,0,0,1,35,88240,6,1,0,0,3,0,74,225,98,0,0,0,0,0,0,0,0,0,0,0,0,0,1,2,45,1,1,2,1,3,3,1,66,1,1,1,89,1,0
35,350047,1,2,3,4,1,12,51,12,6,1,0,35,2,18,7,18007,4,2001,2G4WS52J3112,2,G,4,W,S,5,2,J,3,1,1,2,0,P,BUIC,CCU,4D,1,17,3368,,0,1090,,G,,F,6,191,,,15R205,,,,,,0,0,000000000,00000000000,0,0,0,1,0,0,0,0,0,0,0,998,0,0,0,81,6,2,12,0,0,0,1,35,87124,6,1,0,0,3,0,67,148,98,1,1,1,0,3,2011,11,2011,0,38,91,0,0,1,3,45,1,1,2,1,3,3,11,15,1,1,1,68,1,1
35,350047,2,2,1,4,1,12,51,12,6,1,0,35,1,12,471,12471,30,2008,1FTZR14E08PA,1,F,T,Z,R,1,4,E,0,8,P,A,0,T,FORD,RNS,PC,8,17,,1,0,1260,RNG,G,,,6,244,,,,B,3210,00,4,42,0,0,000000000,00000000000,0,0,0,1,0,0,0,0,0,0,0,998,0,0,0,12,6,2,12,0,0,0,1,35,87111,6,1,0,0,3,0,72,200,98,0,0,0,0,0,0,0,0,0,0,0,0,0,1,3,45,1,1,2,1,3,3,1,66,1,1,1,69,0,0
35,350048,1,1,1,3,2,12,4,33,0,1,0,35,1,58,35,58035,4,1999,JNKCA21A9XT7,J,N,K,C,A,2,1,A,9,X,T,7,0,P,INFI,I30,4D,99,17,3035,,0,1063,,G,,F,6,182,,,15R205,,,,,,0,0,000000000,00000000000,0,0,0,1,0,0,0,0,0,0,0,998,0,0,0,14,6,2,31,0,0,0,1,35,87122,6,1,0,0,3,0,69,195,98,0,0,0,0,0,0,0,0,1,6,0,0,0,2,4,45,1,1,2,1,3,3,11,15,6,1,4,98,1,0
35,350049,1,2,1,1,3,17,5,12,6,1,0,35,1,72,706,72706,80,2001,1HD1BHY141Y0,1,H,D,1,B,H,Y,1,4,1,Y,0,0,M,HD,FXT,RS,1,17,,,,,,,1450,,2,,4,629,,,,,,,0,0,000000000,00000000000,0,0,0,1,0,0,0,0,0,0,0,998,0,0,0,11,6,2,12,0,0,0,1,35,88310,6,1,0,0,3,0,67,208,98,0,0,0,0,0,0,0,0,1,0,0,0,0,2,2,55,1,1,2,1,0,0,1,53,8,1,1,71,1,0
35,350049,2,2,2,1,3,17,5,12,6,1,0,35,1,98,850,98850,73,1999,4VZCN8091XC0,4,V,Z,C,N,8,0,9,1,X,C,0,1,U,,,,99,17,,,,,,,,,,,,,,,,,,,1,0,000000000,00000000000,0,0,0,1,0,0,0,0,0,0,0,998,0,0,0,7,2,1,12,0,0,0,1,35,88352,6,1,0,0,3,0,72,170,98,0,0,0,0,0,0,0,0,0,0,0,0,0,2,2,55,1,1,2,1,0,0,10,78,1,1,1,70,0,0
35,350050,1,1,1,3,3,0,30,8,0,1,1,99,9,99,999,99999,99,9999,999999999999,9,9,9,9,9,9,9,9,9,9,9,9,1,,,,,,,,,,,,,,,,,,,,,,,,,1,99,999999999,99999999999,9,99,99,1,0,0,0,0,0,0,0,999,0,0,0,12,4,1,8,0,0,0,1,99,99999,9,9,99,9,9,9,999,999,99,99,99,99,99,99,9999,99,9999,0,0,0,0,0,1,2,98,1,1,2,1,98,3,1,82,1,1,4,1,0,0
35,350051,1,1,1,4,3,19,20,1,0,1,0,48,1,72,706,72706,80,2008,1HD1PT91X8Y9,1,H,D,1,P,T,9,1,X,8,Y,9,0,M,HD,XSE,RS,8,17,,,,,,,1802,,2,,4,740,,,,,,,0,0,000000000,00000000000,0,0,0,1,0,0,0,0,0,0,0,998,0,0,0,0,6,2,1,0,0,0,1,48,79904,6,1,0,0,3,1,999,999,0,0,0,0,0,0,0,0,0,1,0,0,0,0,1,2,50,2,1,2,1,98,3,14,13,1,1,4,1,1,1
35,350052,1,1,1,6,3,19,26,8,0,1,0,35,2,35,47,35047,4,1999,1N4DL01D7XC1,1,N,4,D,L,0,1,D,7,X,C,1,0,P,NISS,AGS,4D,99,17,2762,,0,1031,,G,,F,4,146,,,15R195,,,,,,0,0,000000000,00000000000,0,0,0,1,0,0,0,0,0,0,0,998,0,0,0,12,6,2,8,0,0,0,1,35,87102,6,1,0,0,3,0,68,160,98,0,0,0,0,0,0,0,0,0,0,0,0,0,1,2,40,1,1,2,1,0,0,1,80,1,1,1,13,0,0
35,350053,1,2,2,9,3,10,20,12,2,1,0,18,3,82,881,82881,66,2010,1FUJGCDR3ASA,1,F,U,J,G,C,D,R,3,A,S,A,1,T,FRHT,,TR,10,17,,8,,,,D,,,6,903,,,,,,,,64,1,57,23406,5723406,3,6,97,1,0,0,0,0,0,0,0,998,0,0,0,12,6,2,12,0,0,0,1,49,84067,6,1,6,0,2,0,70,165,98,0,0,0,0,0,0,0,0,0,0,0,0,0,1,2,35,1,1,2,1,3,3,1,62,1,1,1,69,0,0
35,350053,2,2,1,9,3,10,20,12,2,1,0,8,1,63,36,63036,6,2007,KNAFG5253770,K,N,A,F,G,5,2,5,3,7,7,0,0,P,KIA,ROL,SW,7,17,3333,,0,1063,,G,,F,4,144,,,16R205,,,,,,0,0,000000000,00000000000,0,0,0,1,0,0,0,0,0,0,0,998,0,0,0,12,6,2,12,0,0,0,1,8,81301,6,1,99,9,9,9,999,999,99,99,99,99,99,99,9999,99,9999,0,38,0,0,0,1,2,35,1,1,2,1,3,3,11,62,1,1,1,68,1,0
35,350054,1,1,1,11,3,21,55,8,0,1,0,35,2,22,32,22032,6,2008,5Y2SL65808Z4,5,Y,2,S,L,6,5,8,0,8,Z,4,0,P,PONT,VIB,4H,8,17,2700,,0,1024,,G,,F,4,110,,,16R205,,,,,,0,0,000000000,00000000000,0,0,0,1,0,0,0,0,0,0,0,998,0,0,0,12,6,2,8,0,0,0,1,35,87413,6,1,0,0,3,0,74,155,98,0,0,0,0,0,0,0,0,0,0,0,0,0,2,2,70,1,1,2,1,98,3,1,80,7,1,2,13,0,0
35,350055,1,1,4,13,3,20,10,1,0,1,0,35,2,20,36,20036,2,2002,2G1WW12E5292,2,G,1,W,W,1,2,E,5,2,9,2,0,P,CHEV,MLS,CP,2,17,3340,,0,1105,,G,,F,6,207,,,16R225,,,,,,0,0,000000000,00000000000,0,0,0,1,0,0,0,0,0,0,0,998,0,1,5,0,6,2,1,0,0,0,1,35,87114,6,1,0,0,3,0,68,118,98,0,0,0,0,0,0,0,0,0,6,58,0,0,2,2,75,1,1,2,1,0,0,1,8,6,2,4,2,1,1
35,350056,1,2,1,15,3,21,23,12,1,1,0,48,2,72,706,72706,80,2003,1HD1CAP393K4,1,H,D,1,C,A,P,3,9,3,K,4,0,M,HD,L12,RS,3,17,,,,,,,1200,,2,,4,491,,,,,,,0,0,000000000,00000000000,0,0,0,1,0,0,0,0,0,0,0,998,0,0,0,12,6,2,12,0,0,0,1,48,88240,6,1,99,9,9,9,999,999,99,99,99,99,99,99,9999,99,9999,1,6,0,0,0,1,2,45,1,1,2,1,0,0,1,51,1,1,1,24,1,1
35,350056,2,2,2,15,3,21,23,12,1,1,0,35,3,3,431,3431,16,2004,5GRGN23U64H1,5,G,R,G,N,2,3,U,6,4,H,1,0,T,HUMM,HH2,4W,4,17,,2,0,1228,HUM,G,,,8,364,,,,C,6400,00,U,44,0,0,000000000,00000000000,0,0,0,1,0,0,0,0,0,0,0,998,0,0,0,6,6,2,12,0,0,0,1,35,88240,6,1,0,0,3,0,71,260,98,0,0,0,0,0,0,0,0,0,0,0,0,0,1,2,45,1,1,2,1,0,0,1,53,1,1,1,25,0,0
35,350057,1,1,1,16,3,13,0,1,0,1,0,27,1,20,471,20471,30,1991,1GCCS14A4M82,1,G,C,C,S,1,4,A,4,M,8,2,0,T,CHEV,S14,PK,91,17,,1,1179,1083,S,G,,,4,151,,,,B,2567,01,,42,0,0,000000000,00000000000,0,0,0,1,0,0,0,0,0,0,0,998,0,1,5,0,6,2,1,0,0,0,1,4,85086,6,1,99,9,9,9,999,999,99,99,99,99,99,99,9999,99,9999,0,58,0,0,0,2,2,75,1,1,2,1,0,0,1,12,7,1,4,6,1,1
35,350058,1,1,1,17,3,23,37,43,0,1,0,35,2,72,706,72706,80,1995,1HD1CAP17SY2,1,H,D,1,C,A,P,1,7,S,Y,2,0,M,HD,L12,RS,95,17,,,,,,,1200,,2,,4,470,,,,,,,0,0,000000000,00000000000,0,0,0,1,0,0,0,0,0,0,0,998,0,0,0,12,6,2,43,0,0,0,1,35,87326,6,1,0,0,3,0,71,190,98,1,1,0,0,2,2010,9,2010,1,6,0,0,0,1,2,45,1,1,2,1,98,3,1,6,1,2,4,7,1,1
35,350059,1,2,2,20,3,11,48,12,6,1,0,35,2,37,31,37031,4,1994,1HGEG8656RL0,1,H,G,E,G,8,6,5,6,R,L,0,0,P,HOND,CLX,4D,94,17,2340,,0,1032,,G,,F,4,091,,,14R175,,,,,,0,0,000000000,00000000000,0,0,0,1,0,0,0,0,0,0,0,998,0,0,0,3,6,2,12,0,0,0,1,35,88352,6,1,0,0,3,0,70,153,98,0,0,0,0,0,0,0,0,0,38,0,0,0,1,2,45,1,1,2,1,3,3,11,15,1,1,1,68,1,0
35,350059,2,2,2,20,3,11,48,12,6,1,0,8,2,23,471,23471,30,1997,1GTCT19W5V85,1,G,T,C,T,1,9,W,5,V,8,5,0,T,GMC,SON,PC,97,17,,1,0,1229,SON,G,,,6,262,,,,B,00000,00,M,44,0,0,000000000,00000000000,0,0,0,1,0,0,0,0,0,0,0,998,0,0,0,12,6,2,12,0,0,0,1,8,80501,6,1,99,9,9,9,999,999,99,99,99,99,99,99,9999,99,9999,0,0,0,0,0,1,2,45,1,1,2,1,3,3,1,62,9,1,1,69,0,0
35,350060,1,1,1,22,3,23,52,33,0,1,0,35,1,72,706,72706,80,2011,1HD1JP528BB0,1,H,D,1,J,P,5,2,8,B,B,0,0,M,HD,BLK,RS,11,17,,,,,,,1584,,2,,4,639,,,,,,,0,0,000000000,00000000000,0,0,0,1,0,0,0,0,0,0,0,998,0,0,0,1,6,2,33,0,0,0,1,35,88231,6,1,0,0,3,0,70,215,98,0,0,1,0,12,2011,12,2011,1,0,0,0,0,1,2,45,1,1,2,1,3,3,1,6,1,2,5,7,1,1
35,350061,1,1,1,28,3,22,7,8,0,1,0,35,1,7,481,7481,31,1991,1B7KE26C7MS3,1,B,7,K,E,2,6,C,7,M,S,3,0,T,DODG,D20,PK,91,17,,2,1490,1310,D20,D,,,6,359,,,,C,3930,01,A,42,0,0,000000000,00000000000,0,0,0,1,0,0,0,0,0,0,0,998,0,0,0,12,6,2,8,0,0,0,1,35,87505,6,1,0,0,3,0,71,180,98,0,0,0,0,0,0,0,0,0,86,0,0,0,2,3,45,1,1,2,1,2,3,1,80,6,1,1,13,0,0
35,350062,1,2,1,22,3,16,55,12,2,1,0,35,1,23,481,23481,31,2004,1GTJK33104F1,1,G,T,J,K,3,3,1,0,4,F,1,0,T,GMC,NK3,CW,4,17,,3,0,1670,SIE,D,,,8,403,,,,D,6459,00,U,44,0,0,000000000,00000000000,0,0,0,1,0,0,0,0,0,0,0,998,0,0,0,12,6,2,12,0,0,0,1,35,87059,6,1,0,0,3,0,70,145,98,0,0,0,1,7,2009,7,2009,0,28,0,0,0,1,2,55,1,1,2,1,98,3,1,10,1,1,2,50,0,1
35,350062,2,2,1,22,3,16,55,12,2,1,0,35,2,6,43,6043,1,2006,1C3EL45X26N1,1,C,3,E,L,4,5,X,2,6,N,1,0,P,CHRY,SEB,CV,6,17,3221,,0,1060,,G,,F,4,146,,,15R205,,,,,,0,0,000000000,00000000000,0,0,0,1,0,0,0,0,0,0,0,998,0,0,0,12,6,2,12,0,0,0,1,35,87059,6,1,0,0,3,0,63,160,98,0,0,1,0,2,2012,2,2012,0,0,0,0,0,1,2,55,1,1,2,1,98,3,1,62,1,1,1,51,1,0
35,350063,1,2,2,24,3,8,55,12,6,1,1,35,2,19,3,19003,4,1997,1G6KD54Y6VU2,1,G,6,K,D,5,4,Y,6,V,U,2,0,P,CADI,DFW,4D,97,17,3911,,0,1138,,G,,F,8,279,,,16R225,,,,,,0,0,000000000,00000000000,0,0,0,1,0,0,0,0,0,0,0,998,0,0,0,11,6,2,12,0,0,0,1,35,87104,6,1,0,0,3,0,66,180,98,0,0,0,0,0,0,0,0,0,38,0,0,0,2,2,98,1,1,2,1,0,0,11,66,1,1,1,68,0,0
35,350063,2,2,1,24,3,8,55,12,6,1,0,35,1,72,706,72706,80,1999,1HD1FRW13XY6,1,H,D,1,F,R,W,1,3,X,Y,6,0,M,HD,FCI,RS,99,17,,,,,,,1450,,2,,4,710,,,,,,,0,0,000000000,00000000000,0,0,0,1,0,0,0,0,0,0,0,998,0,0,0,12,6,2,12,0,0,0,1,35,87004,6,1,0,0,3,0,74,205,98,0,0,0,0,0,0,0,0,0,0,0,0,0,2,2,98,1,1,2,1,0,0,1,17,1,1,1,69,1,0
35,350064,1,1,2,27,3,10,35,1,0,1,0,27,2,20,2,20002,4,2007,2G1WT58K2793,2,G,1,W,T,5,8,K,2,7,9,3,0,P,CHEV,IMT,4D,7,17,3674,,0,1105,,F,,F,6,214,,,16R225,,,,,,0,0,000000000,00000000000,0,0,0,1,0,0,0,0,0,0,0,998,0,1,5,0,6,2,1,0,0,0,1,27,55901,6,1,99,9,9,9,999,999,99,99,99,99,99,99,9999,99,9999,0,0,0,0,0,2,2,75,1,1,2,1,0,0,1,11,1,1,4,1,2,0
35,350065,1,1,1,30,3,19,52,8,0,1,0,35,1,2,404,2404,14,1996,1J4EZ58Y1TC1,1,J,4,E,Z,5,8,Y,1,T,C,1,0,T,JEEP,LRO,4W,96,17,,1,0,1059,GCK,G,,,8,318,,,,,3686,00,E,44,0,0,000000000,00000000000,0,0,0,1,0,0,0,0,0,0,0,998,0,0,0,12,6,2,8,0,0,0,1,35,87508,6,2,0,0,3,0,67,125,98,0,0,0,0,0,0,0,0,0,0,0,0,0,2,3,45,1,1,2,1,0,0,1,80,1,1,1,13,0,0
35,350066,1,1,2,30,3,21,40,8,0,1,0,48,1,6,18,6018,4,2011,1C3BC1FGXBN6,1,C,3,B,C,1,F,G,X,B,N,6,0,P,CHRY,2TR,4D,11,17,3389,,0,1089,,F,,F,6,220,,,17R225,,,,,,0,0,000000000,00000000000,0,0,0,1,0,0,0,0,0,0,0,998,0,0,0,12,6,2,8,0,0,0,1,48,79934,6,1,0,0,3,1,999,999,0,0,0,0,0,0,0,0,0,0,0,0,0,0,2,2,45,1,1,2,1,0,0,1,80,1,1,1,13,0,0
35,350067,1,1,1,1,5,21,2,8,0,1,0,35,1,55,401,55401,14,2004,KM8SB12B84U7,K,M,8,S,B,1,2,B,8,4,U,7,0,P,HYUN,SAN,UT,4,17,3494,,0,1031,,G,,F,4,143,,,16R225,,,,,,0,0,000000000,00000000000,0,0,0,1,0,0,0,0,0,0,0,998,0,0,0,12,6,2,8,0,0,0,1,35,87108,6,1,0,0,3,0,71,165,98,0,0,0,0,0,0,0,0,0,0,0,0,0,2,2,40,1,1,2,1,0,0,1,80,1,1,1,13,0,0