STATE,ST_CASE,VEH_NO,VE_FORMS,NUMOCCS,DAY,MONTH,HOUR,MINUTE,HARM_EV,MAN_COLL,UNITTYPE,HIT_RUN,REG_STAT,OWNER,MAKE,MODEL,MAK_MOD,BODY_TYP,MOD_YEAR,VIN,VIN_1,VIN_2,VIN_3,VIN_4,VIN_5,VIN_6,VIN_7,VIN_8,VIN_9,VIN_10,VIN_11,VIN_12,TOW_VEH,VINTYPE,VINMAKE,VINA_MOD,VIN_BT,VINMODYR,VIN_LNGT,VIN_WGT,WGTCD_TR,WHLBS_LG,WHLBS_SH,SER_TR,FUELCODE,MCYCL_DS,CARBUR,CYLINDER,DISPLACE,MCYCL_CY,MCYCL_WT,TIRE_SZE,TON_RAT,TRK_WT,TRKWTVAR,VIN_REST,WHLDRWHL,J_KNIFE,MCARR_I1,MCARR_I2,MCARR_ID,GVWR,V_CONFIG,CARGO_BT,HAZ_INV,HAZ_PLAC,HAZ_ID,HAZ_CNO,HAZ_REL,BUS_USE,SPEC_USE,EMER_USE,TRAV_SP,UNDERIDE,ROLLOVER,ROLINLOC,IMPACT1,DEFORMED,TOWED,M_HARM,VEH_SC1,VEH_SC2,FIRE_EXP,DR_PRES,L_STATE,DR_ZIP,L_STATUS,L_TYPE,CDL_STAT,L_ENDORS,L_COMPL,L_RESTRI,DR_HGT,DR_WGT,PREV_ACC,PREV_SUS,PREV_DWI,PREV_SPD,PREV_OTH,FIRST_MO,FIRST_YR,LAST_MO,LAST_YR,SPEEDREL,DR_SF1,DR_SF2,DR_SF3,DR_SF4,VTRAFWAY,VNUM_LAN,VSPD_LIM,VALIGN,VPROFILE,VPAVETYP,VSURCOND,VTRAFCON,VTCONT_F,P_CRASH1,P_CRASH2,P_CRASH3,PCRASH4,PCRASH5,ACC_TYPE,DEATHS,DR_DRINK
35,350209,1,1,4,30,6,18,28,1,0,1,0,35,1,6,441,6441,20,1996,1C4GP64L2TB3,1,C,4,G,P,6,4,L,2,T,B,3,0,T,CHRY,LXI,ES,96,17,,1,0,1193,TWC,G,,,6,230,,,,,4051,00,,42,0,0,000000000,00000000000,0,0,0,1,0,0,0,0,0,0,0,998,0,1,5,0,6,2,1,0,0,0,1,35,87311,0,0,0,0,0,0,999,999,0,0,0,0,0,0,0,0,0,1,36,91,0,0,4,1,99,4,2,4,1,0,0,14,5,9,3,4,1,1,1
35,350210,1,1,1,1,10,21,50,42,0,1,0,8,1,72,709,72709,80,1979,6E52378H9,6,E,5,2,3,7,8,H,9,,,,0,M,HD,FXF,RS,79,9,,,,,,,1200,,2,,4,574,,,,,,,0,0,000000000,00000000000,0,0,0,1,0,0,0,0,0,0,0,998,0,0,0,12,6,2,42,0,0,0,1,8,80219,6,1,0,0,3,0,73,185,0,0,0,0,1,10,2010,10,2010,0,99,99,99,99,2,2,75,1,1,2,1,0,0,1,13,1,1,4,1,1,0
35,350211,1,1,1,12,10,16,15,58,0,1,0,35,2,20,2,20002,4,2005,2G1WF52E2593,2,G,1,W,F,5,2,E,2,5,9,3,0,P,CHEV,IMP,4D,5,17,3389,,0,1105,,G,,F,6,207,,,16R225,,,,,,0,0,000000000,00000000000,0,0,0,1,0,0,0,0,0,0,0,998,0,1,6,98,6,2,1,0,0,0,1,35,88220,6,1,0,0,3,2,61,183,98,0,0,0,0,0,0,0,0,1,74,0,0,0,1,2,30,4,2,2,2,0,0,14,6,1,1,4,1,1,0
35,350212,1,1,1,18,10,20,40,1,0,1,0,46,2,18,2,18002,4,2003,1G4HP52K73U1,1,G,4,H,P,5,2,K,7,3,U,1,0,P,BUIC,LCF,4D,3,17,3567,,0,1122,,G,,F,6,231,,,15R215,,,,,,0,0,000000000,00000000000,0,0,0,1,0,0,0,0,0,0,0,998,0,1,5,0,6,2,1,0,0,0,1,46,57702,6,1,0,0,3,0,64,190,0,0,0,0,0,0,0,0,0,0,0,0,0,0,1,2,70,3,2,2,1,0,0,14,12,1,1,4,6,1,1
35,350213,1,1,2,29,10,14,49,31,0,1,0,35,1,20,471,20471,30,1994,1GCCT14Z2R81,1,G,C,C,T,1,4,Z,2,R,8,1,0,T,CHEV,S14,PK,94,17,,1,1179,1083,S,G,,,6,262,,,,B,3352,00,,44,0,0,000000000,00000000000,0,0,0,1,0,0,0,0,0,0,0,998,0,1,1,98,6,2,1,0,0,0,1,35,87736,6,1,0,0,3,3,72,141,98,0,0,0,0,0,0,0,0,1,58,0,0,0,1,2,45,3,1,2,1,0,0,14,6,8,4,4,2,1,1
35,350214,1,1,9,4,5,20,12,35,0,1,0,35,1,20,35,20035,3,1990,1Y1SK5461EZ0,1,Y,1,S,K,5,4,6,1,E,Z,0,0,P,CHEV,GEP,4D,90,17,2321,,0,957,,G,,F,4,097,,,13R175,,,,,,0,0,000000000,00000000000,0,0,0,1,0,0,0,0,0,0,0,998,0,1,6,14,6,2,1,0,0,0,1,35,87013,0,0,0,0,0,0,60,98,98,1,0,0,0,0,0,0,0,1,0,0,0,0,4,1,99,2,2,4,1,0,0,14,13,99,1,4,1,2,1
35,350215,1,1,1,4,12,2,15,1,0,1,0,48,3,87,881,87881,66,2012,1XPWD49X8CD1,1,X,P,W,D,4,9,X,8,C,D,1,1,T,PTRB,388,TR,12,17,,8,0,0,CON,D,,,6,915,,,,,00000,00,,64,1,57,283481,57283481,3,6,2,1,0,0,0,0,0,0,0,998,0,1,6,0,6,2,2,0,0,1,1,41,97496,6,1,6,0,3,0,70,190,0,0,0,0,0,0,0,0,0,0,58,0,0,0,1,2,65,1,1,2,1,0,0,1,12,7,3,4,7,1,0
35,350216,1,1,2,7,7,3,13,1,0,1,0,48,1,12,481,12481,31,2003,1FTRW08L63KA,1,F,T,R,W,0,8,L,6,3,K,A,0,T,FORD,F1S,CW,3,17,,2,0,1388,COF,G,,,8,330,,,,B,5005,00,U,44,0,0,000000000,00000000000,0,0,0,1,0,0,0,0,0,0,0,998,0,1,3,0,6,2,1,0,0,0,1,48,79924,6,1,0,0,3,0,999,999,0,0,0,0,0,0,0,0,0,0,58,0,0,0,2,2,75,1,1,2,1,0,0,1,12,7,4,4,7,1,0
35,350217,1,1,1,24,10,17,10,8,0,1,1,35,2,12,401,12401,14,1994,1FMDU34X2RUA,1,F,M,D,U,3,4,X,2,R,U,A,0,P,FORD,EPR,UT,94,17,4053,,0,1120,,G,,F,6,245,,,15R225,,,,,,0,0,000000000,00000000000,0,0,0,1,0,0,0,0,0,0,0,998,0,0,0,12,2,3,8,0,0,0,1,35,87402,6,1,0,0,3,0,69,175,98,0,0,0,1,8,2012,8,2012,0,91,0,0,0,1,2,25,1,1,2,1,0,0,1,80,99,1,1,13,0,1
35,350218,1,2,2,18,7,14,10,12,1,1,0,35,3,20,25,20025,4,2012,1G1PC5SHXC71,1,G,1,P,C,5,S,H,X,C,7,1,0,P,CHEV,CZL,4D,12,17,3102,,0,1057,,G,,F,4,110,,,16R215,,,,,,0,0,000000000,00000000000,0,0,0,1,0,0,0,0,0,0,0,998,0,1,5,12,6,2,12,0,0,0,1,6,88011,6,1,0,0,3,3,66,185,0,0,0,0,0,0,0,0,0,0,0,0,0,0,3,2,65,1,1,2,99,0,0,1,51,8,1,1,24,1,0
35,350218,2,2,1,18,7,14,10,12,1,1,0,35,1,12,471,12471,30,2000,1FTYR10C9YPB,1,F,T,Y,R,1,0,C,9,Y,P,B,0,T,FORD,RNG,PK,0,17,,1,1175,1116,RNG,G,,,4,153,,,,B,3068,02,U,42,0,0,000000000,00000000000,0,0,0,1,0,0,0,0,0,0,0,998,0,1,5,6,6,2,12,0,0,0,1,35,88011,6,1,0,0,3,0,76,305,98,0,0,0,0,0,0,0,0,0,0,0,0,0,3,2,65,1,1,2,99,0,0,1,53,1,1,1,25,0,0
35,350220,1,3,2,25,8,23,29,12,1,1,0,93,3,85,881,85881,66,2012,1XKAD49X8CJ3,1,X,K,A,D,4,9,X,8,C,J,3,1,T,KW,T60,TR,12,17,,8,2600,1600,CON,D,,,6,915,,,,,00000,00,,64,1,57,294822,57294822,3,6,1,1,0,0,0,0,0,0,0,998,7,1,1,12,6,2,2,0,0,1,1,51,24574,6,1,6,0,3,0,70,227,0,0,0,1,0,12,2009,12,2009,0,28,0,0,0,2,2,75,1,3,2,1,0,0,1,50,1,1,1,20,1,0
35,350220,2,3,1,25,8,23,29,12,1,1,0,8,1,37,31,37031,4,2008,JHMFA36298S0,J,H,M,F,A,3,6,2,9,8,S,0,0,P,HOND,CHY,4D,8,17,2877,,0,1063,,B,,F,4,079,,,15R195,,,,,,0,0,000000000,00000000000,0,0,0,1,0,0,0,0,0,0,0,0,0,0,0,6,6,2,12,0,0,0,1,8,80465,6,1,0,0,3,0,66,140,0,0,0,0,0,0,0,0,0,0,0,0,0,0,2,2,75,1,3,2,1,0,0,5,53,1,1,1,21,1,0
35,350220,3,3,1,25,8,23,29,12,1,1,0,93,3,82,881,82881,66,2007,1FUJA6CK07LW,1,F,U,J,A,6,C,K,0,7,L,W,1,T,FRHT,COL,TR,7,17,,8,0,0,CON,D,,,6,855,,,,,00000,00,,64,1,57,2139341,572139341,3,6,1,1,0,0,0,0,0,0,0,998,0,0,0,8,6,2,12,0,0,0,1,6,91761,6,1,6,0,3,3,66,130,0,0,0,0,0,0,0,0,0,0,0,0,0,0,2,2,75,1,3,2,1,0,0,1,62,1,1,1,98,0,0
35,350221,1,1,1,31,12,9,19,8,0,1,0,35,1,37,402,37402,14,2008,JHLRE48328C0,J,H,L,R,E,4,8,3,2,8,C,0,0,P,HOND,CRV,UT,8,17,3501,,0,1031,,G,,F,4,146,,,17R225,,,,,,0,0,000000000,00000000000,0,0,0,1,0,0,0,0,0,0,0,999,0,0,0,6,2,1,8,0,0,0,1,35,87107,6,1,0,0,3,0,64,150,98,0,0,0,0,0,0,0,0,0,0,0,0,0,1,2,25,1,1,2,3,0,0,13,19,1,1,7,98,0,0
35,350222,1,2,1,12,9,21,56,12,2,1,0,35,3,20,481,20481,31,2006,1GCEC14V16Z2,1,G,C,E,C,1,4,V,1,6,Z,2,0,T,CHEV,SC1,PK,6,17,,2,1330,1190,SIL,G,,,8,293,,,,B,4211,00,,42,0,0,000000000,00000000000,0,0,0,1,0,0,0,0,0,0,0,998,0,0,0,12,6,2,12,0,0,1,1,35,87313,6,1,0,0,3,3,67,170,98,0,0,0,0,0,0,0,0,0,0,0,0,0,1,2,65,3,1,2,2,0,0,14,62,99,1,1,51,1,0
35,350222,2,2,1,12,9,21,56,12,2,1,0,35,2,20,481,20481,31,1992,1GCEK14K0NZ1,1,G,C,E,K,1,4,K,0,N,Z,1,0,T,CHEV,GK1,PK,92,17,,2,1315,1175,GM4,G,,,8,350,,,,B,4147,02,,44,0,0,000000000,00000000000,0,0,0,1,0,0,0,0,0,0,0,998,0,0,0,12,6,2,12,0,0,1,1,35,87313,2,1,0,0,2,0,68,132,98,5,0,0,0,10,2009,10,2011,1,28,0,0,0,1,2,65,1,1,2,2,0,0,1,10,1,1,2,50,1,1
35,350223,1,1,2,2,8,20,55,8,0,1,0,35,1,20,16,20016,2,2003,1G1JC12F5371,1,G,1,J,C,1,2,F,5,3,7,1,0,P,CHEV,CAV,CP,3,17,2617,,0,1041,,G,,F,4,134,,,14R195,,,,,,0,0,000000000,00000000000,0,0,0,1,0,0,0,0,0,0,0,998,0,0,0,12,2,3,8,0,0,0,1,35,87110,6,1,0,0,3,0,63,120,98,0,0,0,0,0,0,0,0,0,0,0,0,0,1,2,35,1,1,2,2,0,0,1,19,2,1,1,13,0,0
35,350224,1,1,5,25,10,17,30,1,0,1,0,35,2,12,481,12481,31,1997,1FTDX1769VKB,1,F,T,D,X,1,7,6,9,V,K,B,0,T,FORD,F15,3C,97,17,,1,1570,1390,COF,G,,,8,281,,,,B,4045,03,E,42,0,0,000000000,00000000000,0,0,0,1,0,0,0,0,0,0,0,998,0,1,5,0,6,2,1,0,0,0,1,35,87821,6,1,0,0,3,3,67,155,98,0,0,0,0,0,0,0,0,0,52,21,0,0,1,2,60,1,2,2,1,0,0,1,13,99,3,4,2,1,1
35,350225,1,3,1,27,8,22,9,12,6,1,0,35,1,19,14,19014,4,2002,1G6KY54992U2,1,G,6,K,Y,5,4,9,9,2,U,2,0,P,CADI,STS,4D,2,17,3992,,0,1122,,G,,F,8,279,,,16R235,,,,,,0,0,000000000,00000000000,0,0,0,1,0,0,0,0,0,0,0,998,0,0,0,12,6,2,12,0,0,0,1,35,87531,6,1,0,0,3,0,68,169,98,0,0,0,0,0,0,0,0,1,51,0,0,0,2,2,75,1,2,2,1,0,0,1,54,1,1,1,66,0,1
35,350225,2,3,4,27,8,22,9,12,6,1,0,48,2,37,31,37031,2,2003,1HGEM22093L0,1,H,G,E,M,2,2,0,9,3,L,0,0,P,HOND,UAX,CP,3,17,2553,,0,1031,,G,,F,4,102,,,14R185,,,,,,0,0,000000000,00000000000,0,0,0,1,0,0,0,0,0,0,0,998,0,1,3,3,6,2,12,0,0,0,1,48,79907,6,1,0,0,3,0,999,999,0,0,0,0,0,0,0,0,0,0,0,0,0,0,2,2,75,1,2,2,1,0,0,1,54,8,4,2,66,1,0
35,350225,3,3,2,27,8,22,9,12,6,1,0,48,2,23,461,23461,21,1997,1GDFG15R3V10,1,G,D,F,G,1,5,R,3,V,1,0,0,T,GMC,SV1,SV,97,17,,2,0,1350,S/V,G,,,8,350,,,,B,00000,00,E,42,0,0,000000000,00000000000,0,0,0,1,0,0,0,0,0,0,0,998,0,0,0,12,6,2,12,0,0,0,1,48,79925,9,9,99,9,9,9,999,999,99,99,99,99,99,99,9999,99,9999,0,0,0,0,0,2,2,75,1,2,2,1,0,0,1,50,1,1,1,98,0,0
35,350226,1,1,1,15,9,14,21,1,0,1,0,35,1,72,706,72706,80,2009,1HD1CT3189K4,1,H,D,1,C,T,3,1,8,9,K,4,0,M,HD,20C,RS,9,17,,,,,,,1202,,2,,4,589,,,,,,,0,0,000000000,00000000000,0,0,0,1,0,0,0,0,0,0,0,998,0,0,0,0,6,2,5,0,0,0,1,35,87558,6,1,0,0,3,3,65,140,98,0,0,0,1,8,2011,8,2011,0,0,0,0,0,1,2,55,1,6,2,1,0,0,1,8,2,7,2,98,1,0
35,350227,1,3,2,17,9,21,38,12,6,1,0,35,2,41,35,41035,4,1997,JM1BC1418V01,J,M,1,B,C,1,4,1,8,V,0,1,0,P,MAZD,PDS,4D,97,17,2385,,0,1026,,G,,F,4,091,,,13R175,,,,,,0,0,000000000,00000000000,0,0,0,1,0,0,0,0,0,0,0,998,0,0,0,3,6,2,12,0,0,0,1,35,88240,1,1,0,0,2,0,71,162,98,1,0,2,0,12,2010,10,2011,0,37,39,0,0,1,4,35,1,1,2,1,20,3,1,17,1,1,1,87,1,1
35,350227,2,3,3,17,9,21,38,12,6,1,0,35,1,35,481,35481,31,2008,1N6BA07D78N3,1,N,6,B,A,0,7,D,7,8,N,3,0,T,NISS,TXS,CW,8,17,,2,0,1398,TTN,F,,,8,342,,,,B,4908,00,4,42,0,0,000000000,00000000000,0,0,0,1,0,0,0,0,0,0,0,998,0,0,0,12,4,1,12,0,0,0,1,35,88240,6,1,0,0,3,0,66,180,98,0,0,0,0,0,0,0,0,0,0,0,0,0,1,4,35,1,1,2,1,0,0,1,66,1,1,1,86,0,0
35,350227,3,3,1,17,9,21,38,12,6,1,0,35,1,12,399,12399,4,2003,1FAFP53693G1,1,F,A,F,P,5,3,6,9,3,G,1,0,P,FORD,,4D,3,17,,,,,,,,,,,,,,,,,,,0,0,000000000,00000000000,0,0,0,1,0,0,0,0,0,0,0,998,0,0,0,9,6,2,12,0,0,0,1,35,88240,6,1,0,0,3,3,70,160,98,0,0,1,0,6,2011,6,2011,0,0,0,0,0,1,4,35,1,1,2,1,0,0,1,60,1,1,1,98,0,0
35,350228,1,1,1,13,11,11,34,1,0,1,0,8,1,49,401,49401,14,2006,JTEBT14R9600,J,T,E,B,T,1,4,R,9,6,0,0,0,P,TOYT,RUN,UT,6,17,4505,,0,1098,,G,,F,8,285,,,17R265,,,,,,0,0,000000000,00000000000,0,0,0,1,0,0,0,0,0,0,0,998,0,1,6,0,6,2,1,0,0,0,1,8,80134,6,1,0,0,3,3,70,200,0,0,0,0,0,0,0,0,0,1,0,0,0,0,1,1,25,4,1,8,1,0,0,14,6,99,9,4,1,1,1
35,350229,1,1,1,30,11,22,30,1,0,1,0,35,1,49,401,49401,14,1992,JT3VN39W4N00,J,T,3,V,N,3,9,W,4,N,0,0,0,P,TOYT,RUN,UT,92,17,0,,0,1033,,G,,F,6,180,,,000000,,,,,,0,0,000000000,00000000000,0,0,0,1,0,0,0,0,0,0,0,998,0,1,1,0,6,2,1,0,0,0,1,35,88039,6,1,0,0,3,0,64,135,98,0,0,0,0,0,0,0,0,1,58,0,0,0,1,2,50,3,2,2,1,0,0,14,6,6,4,6,98,1,1
35,350230,1,1,1,22,7,10,15,1,0,1,0,8,1,76,706,76706,80,2010,JYAVN01EXAA0,J,Y,A,V,N,0,1,E,X,A,A,0,0,M,YAMA,V95,RS,10,17,,,,,,,942,,2,,4,612,,,,,,,0,0,000000000,00000000000,0,0,0,1,0,0,0,0,0,0,0,998,0,0,0,0,2,3,1,0,0,0,1,8,81328,6,1,6,0,3,3,70,210,1,0,0,0,0,11,2010,11,2010,0,99,99,99,99,1,2,45,3,4,2,1,0,0,14,13,1,1,4,1,1,0
35,350231,1,2,3,28,10,11,32,12,2,1,0,8,1,20,481,20481,31,2000,1GCGK29U1YZ1,1,G,C,G,K,2,9,U,1,Y,Z,1,0,T,CHEV,SK2,3C,0,17,,2,1575,1435,SIL,G,,,8,364,,,,C,5485,00,,44,0,0,000000000,00000000000,0,0,0,1,0,0,0,0,0,0,0,998,0,0,0,12,6,2,12,0,0,0,1,8,81101,6,1,0,0,3,3,72,182,0,0,0,1,0,8,2010,8,2010,1,51,28,0,0,1,2,55,2,1,2,1,0,0,6,54,1,1,1,52,1,0
35,350231,2,2,3,28,10,11,32,12,2,1,0,35,1,52,401,52401,14,2003,JA4NW51S13J0,J,A,4,N,W,5,1,S,1,3,J,0,0,P,MITS,MON,UT,3,17,4784,,0,1095,,G,,F,6,231,,,16R265,,,,,,0,0,000000000,00000000000,0,0,0,1,0,0,0,0,0,0,0,998,0,0,0,12,6,2,12,0,0,1,1,8,81152,6,1,6,0,3,3,65,225,0,0,0,0,1,3,2012,3,2012,0,0,0,0,0,1,2,55,2,1,2,1,0,0,14,54,1,1,1,52,0,0
35,350232,1,2,1,28,11,17,39,12,6,1,0,35,2,72,706,72706,80,2005,1HD1JAB125Y0,1,H,D,1,J,A,B,1,2,5,Y,0,0,M,HD,TBI,RS,5,17,,,,,,,1450,,2,,4,630,,,,,,,0,0,000000000,00000000000,0,0,0,1,0,0,0,0,0,0,0,998,0,0,0,12,6,2,12,0,0,0,1,35,87016,6,1,0,0,3,0,68,220,98,0,0,0,0,0,0,0,0,0,0,0,0,0,1,2,55,1,1,2,1,0,0,1,67,3,1,1,83,1,0
35,350232,2,2,1,28,11,17,39,12,6,1,0,35,1,20,481,20481,31,2005,1GCEC19V45E1,1,G,C,E,C,1,9,V,4,5,E,1,0,T,CHEV,SC1,4C,5,17,,2,1575,1435,SIL,G,,,8,293,,,,B,4555,00,,42,0,0,000000000,00000000000,0,0,0,1,0,0,0,0,0,0,0,998,0,0,0,10,6,2,12,0,0,0,1,35,87035,6,1,0,0,3,0,68,155,98,0,0,0,0,0,0,0,0,0,6,38,42,0,1,2,35,1,1,2,1,20,3,11,15,1,1,1,82,0,0
35,350233,1,2,1,8,10,18,35,12,6,1,0,35,2,53,706,53706,80,2008,VTTGM51A7821,V,T,T,G,M,5,1,A,7,8,2,1,0,M,SUZI,G50,RC,8,17,,,,,,,487,,2,,4,397,,,,,,,0,0,000000000,00000000000,0,0,0,1,0,0,0,0,0,0,0,998,0,0,0,12,6,2,12,0,0,0,1,35,87004,6,1,0,0,3,0,68,165,98,0,0,0,0,0,0,0,0,0,0,0,0,0,2,4,50,1,1,2,1,3,3,1,17,1,1,1,69,1,0
35,350233,2,2,1,8,10,18,35,12,6,1,0,35,1,12,471,12471,30,2001,1FTYR14V51PB,1,F,T,Y,R,1,4,V,5,1,P,B,0,T,FORD,RNS,PC,1,17,,1,0,1257,RNG,F,,,6,182,,,,B,3271,00,U,42,0,0,000000000,00000000000,0,0,0,1,0,0,0,0,0,0,0,998,0,0,0,82,6,2,12,0,0,0,1,35,87111,6,1,0,0,3,0,74,200,98,0,0,0,0,0,0,0,0,0,39,38,0,0,2,4,50,1,1,2,1,3,3,11,15,99,1,1,68,0,0
35,350234,1,1,2,10,10,8,39,1,0,1,0,35,1,23,481,23481,31,1998,2GTEK19R7W15,2,G,T,E,K,1,9,R,7,W,1,5,0,T,GMC,SK1,PC,98,17,,2,1555,1415,SIE,G,,,8,350,,,,B,4561,00,U,44,0,0,000000000,00000000000,0,0,0,1,0,0,0,0,0,0,0,998,0,1,5,0,6,2,1,0,0,0,1,35,88401,2,1,0,0,2,0,69,245,98,0,0,0,0,0,0,0,0,1,6,91,0,0,1,1,0,4,1,8,1,0,0,14,6,7,3,4,2,1,1
35,350235,1,1,1,27,10,22,8,1,0,1,0,35,1,99,709,99709,80,2001,1A9BSWEG61N4,1,A,9,B,S,W,E,G,6,1,N,4,0,U,,,,1,17,,,,,,,,,,,,,,,,,,,0,0,000000000,00000000000,0,0,0,1,0,0,0,0,0,0,0,998,0,0,0,0,6,2,1,0,0,0,1,35,87105,6,1,0,0,3,1,68,180,98,0,0,0,0,0,0,0,0,1,0,0,0,0,1,2,35,3,1,2,1,0,0,14,6,98,9,4,2,1,0
35,350236,1,2,1,29,10,19,59,12,6,1,0,35,3,87,881,87881,66,2009,1XPWD49X09D7,1,X,P,W,D,4,9,X,0,9,D,7,1,T,PTRB,388,TR,9,17,,8,0,0,CON,D,,,6,915,,,,,00000,00,,64,1,57,00623520,5700623520,3,6,97,1,0,0,0,0,0,0,0,998,0,0,0,62,6,2,12,0,0,0,1,35,88240,9,9,99,9,9,9,999,999,99,99,99,99,99,99,9999,99,9999,0,0,0,0,0,1,2,45,1,1,2,1,0,0,11,15,1,1,1,72,0,0
35,350236,2,2,1,29,10,19,59,12,6,1,0,35,2,53,706,53706,80,2003,JS1VT54A7321,J,S,1,V,T,5,4,A,7,3,2,1,0,M,SUZI,SK3,RC,3,17,,,,,,,996,,2,,4,417,,,,,,,0,0,000000000,00000000000,0,0,0,1,0,0,0,0,0,0,0,998,0,0,0,12,6,2,12,0,0,0,1,35,88240,6,1,6,0,3,3,70,305,98,0,0,0,0,0,0,0,0,0,28,0,0,0,1,2,45,1,1,2,1,0,0,6,52,3,2,1,73,1,0
35,350237,1,1,1,10,5,11,31,1,0,1,0,35,1,72,706,72706,80,2008,1HD1FF4188Y6,1,H,D,1,F,F,4,1,8,8,Y,6,0,M,HD,FHC,RS,8,17,,,,,,,1584,,2,,4,828,,,,,,,0,0,000000000,00000000000,0,0,0,1,0,0,0,0,0,0,0,998,0,0,0,0,6,2,1,0,0,0,1,35,87020,6,1,0,0,3,1,71,235,98,0,0,0,0,0,0,0,0,0,84,0,0,0,1,2,60,1,4,2,1,0,0,1,52,3,9,1,98,1,0
35,350238,1,1,1,7,10,1,0,57,0,1,0,35,2,12,481,12481,31,1997,1FTDF1725VNB,1,F,T,D,F,1,7,2,5,V,N,B,0,T,FORD,F15,PK,97,17,,1,1390,1200,COF,G,,,6,256,,,,B,3850,01,E,42,0,0,000000000,00000000000,0,0,0,1,0,0,0,0,0,0,0,998,0,0,0,12,4,3,57,0,0,0,1,35,99999,9,9,99,9,9,9,999,999,99,99,99,99,99,99,9999,99,9999,0,0,0,0,0,3,2,50,1,1,2,1,0,0,1,12,6,1,4,6,1,1
35,350239,1,1,1,18,10,1,50,34,0,1,0,35,1,20,421,20421,15,2004,1GNEC13V94R1,1,G,N,E,C,1,3,V,9,4,R,1,0,P,CHEV,CTA,UT,4,17,4828,,0,1160,,G,,F,8,293,,,16R265,,,,,,0,0,000000000,00000000000,0,0,0,1,0,0,0,0,0,0,0,998,0,1,5,12,6,4,1,0,0,0,1,35,87051,6,1,0,0,3,3,72,185,98,0,0,0,0,0,0,0,0,0,58,0,0,0,3,2,75,1,1,2,1,0,0,1,13,7,3,4,2,1,0
35,350240,1,1,1,19,10,19,55,10,0,1,0,35,1,7,442,7442,20,1998,2B4GP45G0WR7,2,B,4,G,P,4,5,G,0,W,R,7,0,P,DODG,CAR,SV,98,17,3574,,0,1133,,F,,F,6,201,,,15R215,,,,,,0,0,000000000,00000000000,0,0,0,1,0,0,0,0,0,0,0,998,0,0,0,3,6,2,10,0,0,0,1,35,87121,6,1,0,0,3,0,67,173,98,0,0,0,0,0,0,0,0,1,33,39,0,0,1,2,35,1,1,2,1,65,3,6,98,2,1,1,98,1,1
35,350241,1,1,1,23,10,5,39,8,0,1,0,35,1,49,401,49401,14,1994,JT3RN37W7R00,J,T,3,R,N,3,7,W,7,R,0,0,0,P,TOYT,RUN,UT,94,17,3825,,0,1033,,G,,F,4,144,,,15R225,,,,,,0,0,000000000,00000000000,0,0,0,1,0,0,0,0,0,0,0,998,0,0,0,12,4,1,8,0,0,0,1,35,88012,6,1,0,0,3,3,67,160,98,0,0,0,1,9,2011,9,2011,0,0,0,0,0,1,2,65,1,1,2,1,0,0,3,80,1,1,1,13,0,0
35,350242,1,1,5,24,10,19,22,1,0,1,0,35,2,12,442,12442,20,1999,2FMZA5141XBB,2,F,M,Z,A,5,1,4,1,X,B,B,0,T,FORD,WLX,ES,99,17,,1,0,1207,WIN,G,,,6,232,,,,B,3890,00,E,42,0,0,000000000,00000000000,0,0,0,1,0,0,0,0,0,0,0,998,0,1,3,0,6,2,1,0,0,0,1,35,87507,6,1,0,0,3,0,72,170,98,1,0,0,0,10,2011,10,2011,0,28,0,0,0,2,2,75,1,1,2,1,0,0,1,50,6,4,4,7,1,0
35,350243,1,1,1,3,7,11,23,59,0,1,0,35,1,7,482,7482,31,2005,1D7HA18N85J5,1,D,7,H,A,1,8,N,8,5,J,5,0,T,DODG,SQ1,CW,5,17,,2,1605,1405,RPC,G,,,8,287,,,,B,4620,03,E,42,0,0,000000000,00000000000,0,0,0,1,0,0,0,0,0,0,0,998,0,0,0,12,6,2,8,0,0,0,1,35,87109,6,1,0,0,3,0,69,245,98,0,0,0,0,0,0,0,0,0,36,0,0,0,1,2,0,1,1,2,1,0,0,1,13,1,1,4,1,0,0
35,350244,1,2,1,8,11,17,20,12,6,1,0,8,3,12,881,12881,62,2007,3FRWF75SX7V5,3,F,R,W,F,7,5,S,X,7,V,5,0,T,FORD,F77,CC,7,17,,6,2810,1460,COF,D,,,6,439,,,,D,00000,00,A,42,0,57,817362,57817362,2,1,97,1,0,0,0,0,0,0,0,998,0,1,1,12,6,2,12,0,0,0,1,35,88030,9,9,99,9,9,9,999,999,99,99,99,99,99,99,9999,99,9999,0,0,0,0,0,2,2,55,1,2,2,1,0,0,1,73,8,2,1,88,0,0
35,350244,2,2,2,8,11,17,20,12,6,1,0,40,1,20,2,20002,4,2006,2G1WU5816691,2,G,1,W,U,5,8,1,6,6,9,1,0,P,CHEV,ITZ,4D,6,17,3477,,0,1105,,G,,F,6,238,,,17R225,,,,,,0,0,000000000,00000000000,0,0,0,1,0,0,0,0,0,0,0,998,0,0,0,9,6,2,12,0,0,0,1,40,73159,6,1,0,0,3,0,69,185,0,0,0,0,0,0,0,0,0,0,38,0,0,0,0,0,0,0,0,0,0,20,3,4,15,1,1,1,89,2,0