STATE,ST_CASE,VEH_NO,VE_FORMS,NUMOCCS,DAY,MONTH,HOUR,MINUTE,HARM_EV,MAN_COLL,UNITTYPE,HIT_RUN,REG_STAT,OWNER,MAKE,MODEL,MAK_MOD,BODY_TYP,MOD_YEAR,VIN,VIN_1,VIN_2,VIN_3,VIN_4,VIN_5,VIN_6,VIN_7,VIN_8,VIN_9,VIN_10,VIN_11,VIN_12,TOW_VEH,VINTYPE,VINMAKE,VINA_MOD,VIN_BT,VINMODYR,VIN_LNGT,VIN_WGT,WGTCD_TR,WHLBS_LG,WHLBS_SH,SER_TR,FUELCODE,MCYCL_DS,CARBUR,CYLINDER,DISPLACE,MCYCL_CY,MCYCL_WT,TIRE_SZE,TON_RAT,TRK_WT,TRKWTVAR,VIN_REST,WHLDRWHL,J_KNIFE,MCARR_I1,MCARR_I2,MCARR_ID,GVWR,V_CONFIG,CARGO_BT,HAZ_INV,HAZ_PLAC,HAZ_ID,HAZ_CNO,HAZ_REL,BUS_USE,SPEC_USE,EMER_USE,TRAV_SP,UNDERIDE,ROLLOVER,ROLINLOC,IMPACT1,DEFORMED,TOWED,M_HARM,VEH_SC1,VEH_SC2,FIRE_EXP,DR_PRES,L_STATE,DR_ZIP,L_STATUS,L_TYPE,CDL_STAT,L_ENDORS,L_COMPL,L_RESTRI,DR_HGT,DR_WGT,PREV_ACC,PREV_SUS,PREV_DWI,PREV_SPD,PREV_OTH,FIRST_MO,FIRST_YR,LAST_MO,LAST_YR,SPEEDREL,DR_SF1,DR_SF2,DR_SF3,DR_SF4,VTRAFWAY,VNUM_LAN,VSPD_LIM,VALIGN,VPROFILE,VPAVETYP,VSURCOND,VTRAFCON,VTCONT_F,P_CRASH1,P_CRASH2,P_CRASH3,PCRASH4,PCRASH5,ACC_TYPE,DEATHS,DR_DRINK
35,350245,1,1,2,30,9,21,36,24,0,1,0,29,1,12,16,12016,4,1998,2FAFP71W2WX1,2,F,A,F,P,7,1,W,2,W,X,1,0,P,FORD,CVP,4D,98,17,0,,0,1144,,G,,F,8,281,,,16R225,,,,,,0,0,000000000,00000000000,0,0,0,1,0,0,0,0,0,0,0,998,0,0,0,12,6,2,24,0,0,0,1,35,87701,2,1,0,0,2,0,72,175,98,0,0,0,0,0,0,0,0,1,0,0,0,0,1,2,98,1,1,4,11,0,0,11,13,1,1,4,1,1,1
35,350246,1,1,2,18,10,19,28,8,0,1,0,35,1,55,401,55401,14,2003,KM8SC13D93U5,K,M,8,S,C,1,3,D,9,3,U,5,0,P,HYUN,SAN,UT,3,17,3549,,0,1031,,G,,F,6,162,,,16R225,,,,,,0,0,000000000,00000000000,0,0,0,1,0,0,0,0,0,0,0,998,0,0,0,1,4,1,8,0,0,0,1,35,87121,6,1,0,0,3,3,61,142,98,0,0,0,0,0,0,0,0,0,0,0,0,0,5,4,35,1,1,2,1,0,0,1,80,3,1,1,13,0,0
35,350247,1,1,2,1,12,0,20,1,0,1,0,35,1,12,481,12481,31,1997,1FTDF172XVKC,1,F,T,D,F,1,7,2,X,V,K,C,0,T,FORD,F15,PK,97,17,,1,1390,1200,COF,G,,,6,256,,,,B,3850,01,E,42,0,0,000000000,00000000000,0,0,0,1,0,0,0,0,0,0,0,998,0,1,5,0,6,2,1,0,0,0,1,35,87045,6,1,0,0,3,0,69,185,98,0,0,0,0,0,0,0,0,0,58,0,0,0,2,2,75,1,2,2,1,0,0,1,13,7,1,4,1,1,1
35,350248,1,1,1,4,12,6,6,9,0,1,0,35,1,22,16,22016,2,2000,1G2JB1243Y74,1,G,2,J,B,1,2,4,3,Y,7,4,0,P,PONT,SFS,CP,0,17,2606,,0,1041,,G,,F,4,133,,,14R195,,,,,,0,0,000000000,00000000000,0,0,0,1,0,0,0,0,0,0,0,998,0,0,0,12,6,2,9,0,0,0,1,35,88220,6,1,0,0,3,0,71,195,98,0,0,0,0,0,0,0,0,0,0,0,0,0,2,2,65,1,1,2,1,0,0,1,83,1,1,1,13,0,0
35,350249,1,1,1,7,12,14,54,8,0,1,0,93,3,85,881,85881,66,2008,1XKADB9X48J2,1,X,K,A,D,B,9,X,4,8,J,2,1,T,KW,T60,TR,8,17,,8,2600,1600,CON,D,,,6,893,,,,,00000,00,,64,1,57,613885,57613885,3,6,1,1,0,0,0,0,0,0,0,998,0,0,0,12,2,1,8,0,0,0,1,27,55975,6,1,6,0,3,0,77,375,0,0,0,0,0,0,0,0,0,0,0,0,0,0,3,2,65,1,5,2,1,0,0,1,80,1,1,1,13,0,0
35,350250,1,2,1,9,12,18,46,24,0,1,0,35,1,20,22,20022,4,2009,1G1AT58H3971,1,G,1,A,T,5,8,H,3,9,7,1,0,P,CHEV,BLT,4D,9,17,3216,,0,1033,,G,,F,4,134,,,15R195,,,,,,0,0,000000000,00000000000,0,0,0,1,0,0,0,0,0,0,0,998,0,0,0,12,6,2,12,0,0,0,1,35,87507,6,1,0,0,3,3,59,115,98,0,0,0,0,0,0,0,0,1,54,87,0,0,3,2,75,1,1,2,4,0,0,1,5,7,3,4,2,1,0
35,350250,2,2,2,9,12,18,46,24,0,1,0,35,1,20,482,20482,31,2003,3GNEK13T53G2,3,G,N,E,K,1,3,T,5,3,G,2,0,T,CHEV,KAV,CW,3,17,,2,0,1300,AVL,G,,,8,325,,,,B,5652,00,,44,0,0,000000000,00000000000,0,0,0,1,0,0,0,0,0,0,0,998,0,0,0,12,6,2,12,0,0,0,1,35,88011,6,1,6,0,3,3,70,184,98,0,0,0,0,0,0,0,0,0,0,0,0,0,3,2,75,1,1,2,4,0,0,1,50,1,1,1,98,0,0
35,350251,1,1,1,7,11,10,36,1,0,1,0,35,1,48,34,48034,4,1992,4S3BC632XN66,4,S,3,B,C,6,3,2,X,N,6,6,0,P,SUBA,L44,4D,92,17,3040,,0,1016,,G,,F,4,135,,,14R185,,,,,,0,0,000000000,00000000000,0,0,0,1,0,0,0,0,0,0,0,998,0,2,3,0,6,2,1,0,0,0,1,35,87552,6,1,0,0,3,0,70,250,98,0,0,0,2,7,2010,3,2011,0,0,0,0,0,2,2,75,3,2,2,1,0,0,14,12,3,3,4,7,1,0
35,350252,1,1,2,29,11,23,58,8,0,1,0,18,3,51,881,51881,63,2013,4V4NC9TG8DN1,4,V,4,N,C,9,T,G,8,D,N,1,0,T,VOLV,VNL,TR,13,17,,8,0,0,VVN,D,,,6,915,,,,,00000,00,,64,0,57,136818,57136818,3,2,97,1,0,0,0,0,0,0,0,62,0,0,0,12,2,1,8,0,0,0,1,4,86335,6,1,6,9,3,0,73,185,0,0,0,0,0,0,0,0,0,0,0,0,0,0,2,2,75,1,1,2,1,0,0,1,80,1,1,1,13,0,0
35,350253,1,1,2,2,12,15,30,42,0,1,0,92,0,98,739,98739,90,2005,4XAMH50A85B4,4,X,A,M,H,5,0,A,8,5,B,4,0,M,POLS,SP0,AT,5,17,,,,,,,499,,1,,4,715,,,,,,,0,0,000000000,00000000000,0,0,0,1,0,0,0,0,0,0,0,998,0,0,0,12,6,8,42,0,0,0,1,35,88008,6,1,0,0,3,0,65,154,98,0,0,1,0,10,2010,10,2010,1,0,0,0,0,1,2,98,2,6,4,1,0,0,14,10,99,1,4,6,1,1
35,350254,1,1,5,15,12,23,11,1,0,1,0,6,1,12,423,12423,16,2001,1FMNU43S71EC,1,F,M,N,U,4,3,S,7,1,E,C,0,P,FORD,EXC,UT,1,17,7083,,0,1371,,G,,F,10,415,,,16R265,,,,,,0,0,000000000,00000000000,0,0,0,1,0,0,0,0,0,0,0,998,0,1,5,0,6,2,1,0,0,0,1,6,95060,6,1,0,0,3,0,62,125,0,0,0,0,0,0,0,0,0,0,0,0,0,0,2,2,75,1,1,2,1,0,0,1,13,1,1,4,1,1,0
35,350255,1,3,1,17,11,10,3,12,1,1,0,35,1,58,37,58037,2,2003,JNKCV54EX3M2,J,N,K,C,V,5,4,E,X,3,M,2,0,P,INFI,G35,CP,3,17,3290,,0,1122,,G,,F,6,214,,,17R235,,,,,,0,0,000000000,00000000000,0,0,0,1,0,0,0,0,0,0,0,998,0,0,0,12,6,2,12,0,0,0,1,35,87120,9,9,99,9,9,9,999,999,99,99,99,99,99,99,9999,99,9999,1,6,0,0,0,3,2,75,1,1,2,1,0,0,1,51,1,1,1,24,0,0
35,350255,2,3,5,17,11,10,3,12,1,1,0,32,2,7,482,7482,31,2006,1D7HA182X6S5,1,D,7,H,A,1,8,2,X,6,S,5,0,T,DODG,SQ1,CW,6,17,,2,1605,1405,RPC,G,,,8,348,,,,B,4929,02,E,42,0,0,000000000,00000000000,0,0,0,1,0,0,0,0,0,0,0,998,0,1,5,6,6,2,1,0,0,0,1,12,80829,6,1,0,0,3,0,67,999,0,0,0,0,0,0,0,0,0,0,0,0,0,0,3,2,75,1,1,2,1,0,0,1,53,1,1,1,25,1,0
35,350255,3,3,1,17,11,10,3,12,1,1,0,18,3,82,881,82881,66,2009,1FUJGLBG99LA,1,F,U,J,G,L,B,G,9,9,L,A,2,T,FRHT,125,TR,9,17,,8,0,0,CSC,D,,,6,915,,,,,00000,00,,64,1,57,179059,57179059,3,7,1,1,0,0,0,0,0,0,0,998,0,0,0,98,2,1,54,0,0,0,1,8,80235,6,1,6,1,3,0,75,230,0,0,0,0,2,2,2012,8,2012,0,0,0,0,0,3,2,75,1,1,2,1,0,0,1,98,1,1,1,98,0,0
35,350256,1,1,1,19,12,0,24,38,0,1,0,4,1,35,39,35039,4,2006,1N4BA41E86C8,1,N,4,B,A,4,1,E,8,6,C,8,0,P,NISS,MEL,4D,6,17,3359,,0,1112,,G,,F,6,214,,,000000,,,,,,0,0,000000000,00000000000,0,0,0,1,0,0,0,0,0,0,0,998,0,1,5,98,6,2,1,0,0,0,1,4,86042,6,1,0,0,3,3,71,190,0,0,0,0,0,0,0,0,0,0,0,0,0,0,4,3,45,1,2,8,1,0,0,1,13,99,1,4,1,1,1
35,350257,1,1,2,23,12,3,37,42,0,1,0,35,2,37,31,37031,4,1996,1HGEJ8543TL0,1,H,G,E,J,8,5,4,3,T,L,0,0,P,HOND,UAX,4D,96,17,2455,,0,1032,,G,,F,4,097,,,14R185,,,,,,0,0,000000000,00000000000,0,0,0,1,0,0,0,0,0,0,0,998,0,0,0,12,6,2,42,0,0,0,1,35,87553,1,1,0,0,2,3,69,130,98,1,0,0,0,7,2010,7,2010,1,0,0,0,0,1,2,45,2,2,2,1,0,0,1,12,1,1,4,6,1,0
35,350258,1,1,1,24,12,12,21,1,0,1,0,35,3,84,881,84881,63,2005,3HSCNAPR45N0,3,H,S,C,N,A,P,R,4,5,N,0,0,T,INTL,94I,TR,5,17,,8,0,0,940,D,,,6,915,,,,,00000,00,,64,0,57,2044017,572044017,3,2,1,1,0,0,0,0,0,0,0,998,0,1,1,0,6,2,1,0,0,0,1,35,88240,6,1,6,0,3,0,75,999,98,0,0,0,0,0,0,0,0,1,0,0,0,0,1,2,55,3,1,2,1,0,0,14,98,6,1,6,98,1,0
35,350259,1,1,1,27,12,5,55,8,0,1,1,99,9,99,999,99999,99,9999,999999999999,9,9,9,9,9,9,9,9,9,9,9,9,0,,,,,,,,,,,,,,,,,,,,,,,,,0,0,000000000,00000000000,0,0,0,1,0,0,0,0,0,0,0,998,0,0,0,14,9,1,8,0,0,0,1,99,99999,9,9,99,9,9,9,999,999,99,99,99,99,99,99,9999,99,9999,9,99,99,99,99,5,4,60,1,1,2,1,0,0,1,80,99,1,1,13,0,0
35,350260,1,3,1,27,7,14,55,12,8,1,0,35,1,55,33,55033,4,2008,5NPET46C58H3,5,N,P,E,T,4,6,C,5,8,H,3,0,P,HYUN,SGL,4D,8,17,3253,,0,1074,,G,,F,4,144,,,16R215,,,,,,0,0,000000000,00000000000,0,0,0,1,0,0,0,0,0,0,0,998,0,0,0,1,6,2,12,0,0,0,1,35,87121,6,1,0,0,3,0,65,180,98,0,0,0,0,0,0,0,0,0,28,0,0,0,2,2,55,1,1,2,1,0,0,1,11,1,1,2,98,1,0
35,350260,2,3,1,27,7,14,55,12,8,1,0,35,1,20,421,20421,15,1996,1GNEK13R7T1J,1,G,N,E,K,1,3,R,7,T,1,J,0,T,CHEV,KTA,4W,96,17,,2,0,1175,KTA,G,,,8,350,,,,B,5144,00,,44,0,0,000000000,00000000000,0,0,0,1,0,0,0,0,0,0,0,998,0,0,0,12,6,2,12,0,0,0,1,35,87121,1,1,0,0,2,0,71,170,98,1,0,0,0,10,2011,10,2011,0,0,0,0,0,2,2,55,1,1,2,1,0,0,1,11,1,1,1,98,0,0
35,350260,3,3,2,27,7,14,55,12,8,1,0,8,1,12,3,12003,2,2000,1FAFP444YF19,1,F,A,F,P,4,4,4,Y,F,1,9,0,P,FORD,MUS,CV,0,16,3208,,0,1013,,G,,F,6,232,,,15R205,,,,,,0,0,000000000,00000000000,0,0,0,1,0,0,0,0,0,0,0,998,0,0,0,7,2,1,12,0,0,0,1,8,87031,6,1,0,0,3,0,70,180,0,0,0,0,0,0,0,0,0,0,0,0,0,0,2,2,55,1,1,2,1,0,0,1,10,1,1,1,98,0,0
35,350261,1,1,2,28,4,21,16,8,0,1,0,35,1,35,39,35039,4,2002,JN1DA31D12T4,J,N,1,D,A,3,1,D,1,2,T,4,0,P,NISS,MGS,4D,2,17,3103,,0,1083,,G,,F,6,214,,,16R215,,,,,,0,0,000000000,00000000000,0,0,0,1,0,0,0,0,0,0,0,998,0,0,0,12,2,1,8,0,0,0,1,35,87111,6,1,0,0,3,0,72,140,98,0,0,0,0,0,0,0,0,0,0,0,0,0,2,2,35,1,1,2,1,2,3,1,11,1,1,1,13,0,0
35,350262,1,3,1,26,8,1,26,12,1,1,1,35,1,7,482,7482,31,2007,1D7KS28A47J5,1,D,7,K,S,2,8,A,4,7,J,5,0,T,DODG,SQ2,CW,7,17,,2,1605,1405,RPC,D,,,6,408,,,,C,6424,06,E,44,0,0,000000000,00000000000,0,0,0,1,0,0,0,0,0,0,0,998,0,0,0,12,6,2,12,0,0,0,1,35,87013,6,1,0,0,3,0,68,130,98,0,0,0,2,5,2010,5,2010,1,6,0,0,0,3,2,98,1,1,2,1,0,0,1,10,1,1,2,24,0,1
35,350262,2,3,3,26,8,1,26,12,1,1,0,35,2,58,35,58035,4,2000,JNKCA31A1YT2,J,N,K,C,A,3,1,A,1,Y,T,2,0,P,INFI,I30,4D,0,17,3227,,0,1063,,G,,F,6,182,,,16R215,,,,,,0,0,000000000,00000000000,0,0,0,1,0,0,0,0,0,0,0,998,0,0,0,6,6,2,12,0,0,0,1,35,87121,6,1,0,0,3,0,67,155,98,0,0,0,0,0,0,0,0,0,0,0,0,0,2,2,98,1,1,2,1,0,0,1,10,1,1,2,25,1,0
35,350262,3,3,1,26,8,1,26,12,1,1,0,35,1,19,3,19003,4,1996,1G6KD52Y6TU2,1,G,6,K,D,5,2,Y,6,T,U,2,0,P,CADI,DFW,4D,96,17,3758,,0,1138,,G,,F,8,279,,,15R225,,,,,,0,0,000000000,00000000000,0,0,0,1,0,0,0,0,0,0,0,999,0,0,0,2,6,2,12,0,0,0,1,35,87002,6,1,0,0,3,0,64,162,98,0,0,0,0,0,0,0,0,0,0,0,0,0,2,2,98,1,1,2,1,0,0,1,61,99,1,1,98,0,0
35,350263,1,2,2,16,11,1,18,12,1,1,0,31,3,82,881,82881,66,2012,1FUJGLDR1CSB,1,F,U,J,G,L,D,R,1,C,S,B,1,T,FRHT,125,TR,12,17,,8,0,0,CSC,D,,,6,903,,,,,00000,00,,64,1,57,138328,57138328,3,6,1,1,0,0,0,0,0,0,0,998,0,1,5,12,6,2,12,0,0,0,1,10,19806,6,1,6,0,3,0,70,198,0,0,0,1,0,4,2012,4,2012,9,0,0,0,0,2,2,75,1,1,2,1,0,0,1,51,1,1,1,24,0,0
35,350263,2,2,1,16,11,1,18,12,1,1,0,41,1,23,481,23481,31,2006,3GTEC14Z36G2,3,G,T,E,C,1,4,Z,3,6,G,2,0,T,GMC,NC1,PK,6,17,,2,1330,1190,SIE,F,,,8,323,,,,B,4211,01,4,42,0,0,000000000,00000000000,0,0,0,1,0,0,0,0,0,0,0,998,0,1,5,6,6,2,1,0,0,0,1,6,93451,6,1,0,0,3,3,70,250,0,0,0,0,0,0,0,0,0,0,0,0,0,0,2,2,75,1,1,2,1,0,0,1,53,1,1,1,25,1,0
35,350264,1,1,1,23,12,17,59,8,0,1,0,35,3,23,481,23481,31,2007,1GTHK34K57E5,1,G,T,H,K,3,4,K,5,7,E,5,0,T,GMC,SK3,PK,7,17,,2,0,1330,SIE,G,,,8,366,,,,D,5687,00,U,44,0,0,000000000,00000000000,0,0,0,1,0,0,0,0,0,0,0,998,0,0,0,2,2,1,8,0,0,0,1,35,87410,6,1,0,0,3,3,63,140,98,0,0,0,0,0,0,0,0,0,0,0,0,0,1,2,70,4,2,2,1,0,0,14,80,1,1,1,13,0,0
35,350265,1,1,1,4,11,7,52,1,0,1,0,35,2,59,35,59035,4,2004,JTHBD1927400,J,T,H,B,D,1,9,2,7,4,0,0,0,P,LEXS,IS3,4D,4,17,3255,,0,1051,,G,,F,6,183,,,17R215,,,,,,0,0,000000000,00000000000,0,0,0,1,0,0,0,0,0,0,0,998,0,1,5,0,6,2,1,0,0,0,1,35,87701,6,1,0,0,3,0,69,130,98,3,1,0,1,11,2010,11,2012,0,0,0,0,0,1,2,45,1,1,2,1,0,0,1,12,1,1,4,6,1,1
35,350266,1,1,1,25,8,15,20,14,0,1,0,35,1,72,706,72706,80,2009,1HD1FF4389Y6,1,H,D,1,F,F,4,3,8,9,Y,6,0,M,HD,FHC,RS,9,17,,,,,,,1584,,2,,4,864,,,,,,,0,0,000000000,00000000000,0,0,0,1,0,0,0,0,0,0,0,119,0,0,0,12,6,2,14,0,0,0,1,35,87108,2,1,0,0,2,2,68,160,98,0,0,0,0,0,0,0,0,1,29,34,74,0,3,3,65,1,1,2,1,0,0,1,50,2,1,5,11,1,0
35,350267,1,2,1,30,11,18,1,12,6,1,0,35,1,59,421,59421,15,2007,JTJHT00W9740,J,T,J,H,T,0,0,W,9,7,4,0,0,P,LEXS,LX7,UT,7,17,5590,,0,1122,,G,,F,8,285,,,18R275,,,,,,0,0,000000000,00000000000,0,0,0,1,0,0,0,0,0,0,0,998,0,0,0,12,6,2,12,0,0,0,1,35,87114,9,9,99,9,9,9,999,999,99,99,99,99,99,99,9999,99,9999,0,0,0,0,0,2,3,45,2,8,2,1,0,0,14,66,8,2,2,69,0,0
35,350267,2,2,2,30,11,18,1,12,6,1,0,35,1,20,22,20022,2,2005,1G1AP12PX576,1,G,1,A,P,1,2,P,X,5,7,6,0,P,CHEV,SSC,CP,5,17,2991,,0,1033,,G,,Z,4,122,,,18R215,,,,,,0,0,000000000,00000000000,0,0,0,1,0,0,0,0,0,0,0,998,0,0,0,3,6,2,12,0,0,0,1,35,87114,6,1,0,0,3,0,71,170,98,2,0,2,1,2,2011,11,2012,0,38,0,0,0,2,3,45,3,8,2,1,0,0,11,15,1,1,1,68,1,0
35,350268,1,1,2,9,7,16,14,1,0,1,0,35,2,49,40,49040,4,1999,JT2BF22K4X02,J,T,2,B,F,2,2,K,4,X,0,2,0,P,TOYT,XLL,4D,99,17,3175,,0,1051,,G,,F,6,183,,,15R205,,,,,,0,0,000000000,00000000000,0,0,0,1,0,0,0,0,0,0,0,998,0,1,5,0,6,2,1,0,0,0,1,35,87125,1,1,0,0,2,0,70,150,98,1,0,0,0,1,2011,1,2011,1,58,0,0,0,1,2,35,1,1,2,1,0,0,1,13,7,3,4,2,1,1
35,350269,1,1,2,4,7,17,50,42,0,1,0,35,2,12,13,12013,6,1995,3FASP15J5SR1,3,F,A,S,P,1,5,J,5,S,R,1,0,P,FORD,EST,SW,95,17,2451,,0,984,,G,,F,4,113,,,14R175,,,,,,0,0,000000000,00000000000,0,0,0,1,0,0,0,0,0,0,0,998,0,1,5,12,6,2,1,0,0,0,1,99,99999,9,9,99,9,9,9,999,999,99,99,99,99,99,99,9999,99,9999,1,0,0,0,0,1,2,25,1,3,2,1,0,0,1,12,6,1,4,6,1,0
35,350270,1,2,2,4,9,7,40,1,0,1,0,35,1,37,31,37031,2,2003,1HGEM21033L0,1,H,G,E,M,2,1,0,3,3,L,0,0,P,HOND,UAX,CP,3,17,2553,,0,1031,,G,,F,4,102,,,14R185,,,,,,0,0,000000000,00000000000,0,0,0,1,0,0,0,0,0,0,0,0,0,0,0,6,4,1,12,0,0,0,1,35,87401,6,1,0,0,3,3,66,175,98,0,0,1,0,4,2012,4,2012,0,0,0,0,0,1,2,45,1,1,2,1,2,3,5,53,1,1,1,98,0,0
35,350270,2,2,1,4,9,7,40,1,0,1,0,35,1,73,706,73706,80,2001,JKAZGCA101B5,J,K,A,Z,G,C,A,1,0,1,B,5,0,M,KAWK,ZG1,RS,1,17,,,,,,,1000,,4,,4,595,,,,,,,0,0,000000000,00000000000,0,0,0,1,0,0,0,0,0,0,0,998,0,0,0,0,6,2,12,0,0,0,1,35,87413,6,1,0,0,3,3,70,180,98,0,0,0,0,0,0,0,0,0,0,0,0,0,1,2,45,1,1,2,1,2,3,1,98,1,1,1,98,1,0
35,350271,1,1,1,1,12,22,20,8,0,1,0,4,1,49,46,49046,5,2008,JTDKB20U1833,J,T,D,K,B,2,0,U,1,8,3,3,0,P,TOYT,PRI,4H,8,17,2932,,0,1063,,B,,F,4,091,,,15R185,,,,,,0,0,000000000,00000000000,0,0,0,1,0,0,0,0,0,0,0,998,0,0,0,12,4,3,8,36,0,0,1,4,85624,6,1,0,0,3,0,66,150,0,0,0,0,0,0,0,0,0,0,91,0,0,0,1,2,45,1,1,2,1,0,0,1,80,1,1,1,13,0,0
35,350272,1,1,2,17,12,18,12,1,0,1,0,35,2,12,481,12481,31,2000,1FTZF1725YKB,1,F,T,Z,F,1,7,2,5,Y,K,B,0,T,FORD,F15,PK,0,17,,1,1385,1199,COF,G,,,6,256,,,,B,3923,04,U,42,0,0,000000000,00000000000,0,0,0,1,0,0,0,0,0,0,0,998,0,1,3,0,6,2,1,0,0,0,1,99,99999,9,9,99,9,9,9,999,999,99,99,99,99,99,99,9999,99,9999,0,99,99,99,99,2,2,75,1,6,2,1,0,0,1,12,1,1,4,6,1,0
35,350273,1,1,1,10,8,23,0,1,0,1,0,35,2,35,472,35472,30,1999,1N6DD26S8XC3,1,N,6,D,D,2,6,S,8,X,C,3,0,T,NISS,KXS,PC,99,17,,1,0,1161,FRT,G,,,4,146,,,,B,3052,01,U,42,0,0,000000000,00000000000,0,0,0,1,0,0,0,0,0,0,0,998,0,2,1,0,6,2,1,0,0,0,1,35,87937,6,1,0,0,3,0,68,150,98,0,0,0,0,0,0,0,0,0,58,0,0,0,1,2,35,1,1,2,1,98,3,1,13,6,4,6,98,1,1
35,350274,1,1,2,25,6,22,10,1,0,1,0,35,2,7,24,7024,4,2006,2B3KA73W86H2,2,B,3,K,A,7,3,W,8,6,H,2,0,P,DODG,RT8,4D,6,17,4088,,0,1200,,G,,F,8,372,,,18R225,,,,,,0,0,000000000,00000000000,0,0,0,1,0,0,0,0,0,0,0,998,0,1,5,0,6,2,2,0,0,1,1,35,87108,2,1,0,0,2,0,71,190,98,3,1,0,0,9,2011,2,2012,1,0,0,0,0,1,2,55,4,1,2,1,0,0,1,13,1,1,4,1,1,1
35,350275,1,2,1,1,10,10,16,12,6,1,0,35,1,20,403,20403,14,2003,1GNDS13SX321,1,G,N,D,S,1,3,S,X,3,2,1,0,P,CHEV,TRL,UT,3,17,4417,,0,1130,,G,,F,6,256,,,16R245,,,,,,0,0,000000000,00000000000,0,0,0,1,0,0,0,0,0,0,0,998,0,0,0,9,6,2,12,0,0,0,1,35,87002,6,1,0,0,3,3,68,200,98,0,0,0,0,0,0,0,0,0,27,0,0,0,2,2,75,1,1,2,1,0,0,15,11,1,1,2,46,1,0
35,350275,2,2,2,1,10,10,16,12,6,1,0,35,1,22,399,22399,9,2008,999999999999,9,9,9,9,9,9,9,9,9,9,9,9,0,,,,,,,,,,,,,,,,,,,,,,,,,0,0,000000000,00000000000,0,0,0,1,0,0,0,0,0,0,0,998,0,0,0,12,6,2,12,0,0,0,1,35,87552,6,1,0,0,3,3,68,999,98,0,0,0,0,0,0,0,0,0,0,0,0,0,2,2,75,1,1,2,1,0,0,1,60,1,1,1,45,0,0
35,350276,1,2,3,15,7,11,6,12,6,1,0,35,2,14,6,14006,4,1997,999999999999,9,9,9,9,9,9,9,9,9,9,9,9,0,,,,,,,,,,,,,,,,,,,,,,,,,0,0,000000000,00000000000,0,0,0,1,0,0,0,0,0,0,0,998,0,0,0,12,6,2,12,0,0,0,1,35,87002,6,1,0,0,3,0,61,190,98,0,0,0,0,0,0,0,0,0,0,0,0,0,1,4,55,1,1,2,1,0,0,1,62,2,1,1,69,1,0
35,350276,2,2,1,15,7,11,6,12,6,1,0,35,3,23,421,23421,15,2001,1GTHK23U61F1,1,G,T,H,K,2,3,U,6,1,F,1,0,T,GMC,2KH,CW,1,17,,2,1670,1530,SIE,G,,,8,364,,,,C,5792,00,E,44,0,0,000000000,00000000000,0,0,0,1,0,0,0,0,0,0,0,998,0,0,0,3,6,2,12,0,0,0,1,4,85533,6,1,0,0,3,0,71,170,0,1,0,0,1,3,2011,9,2011,0,38,0,0,0,1,4,55,1,1,2,1,0,0,11,15,1,1,1,68,0,0
35,350277,1,2,1,17,8,16,3,12,6,1,0,35,1,37,421,37421,15,2005,5FNYF18425B0,5,F,N,Y,F,1,8,4,2,5,B,0,0,P,HOND,PIL,UT,5,17,4431,,0,1063,,G,,F,6,212,,,16R235,,,,,,0,0,000000000,00000000000,0,0,0,1,0,0,0,0,0,0,0,998,0,0,0,12,6,2,12,0,0,0,1,35,87415,6,1,0,0,3,3,67,140,98,0,0,0,0,0,0,0,0,0,28,0,0,0,1,2,55,1,1,2,1,0,0,1,10,1,1,2,64,1,0
35,350277,2,2,1,17,8,16,3,12,6,1,0,93,3,87,881,87881,66,2004,1XP5DB0X64D8,1,X,P,5,D,B,0,X,6,4,D,8,1,T,PTRB,379,TR,4,17,,8,0,0,CON,D,,,6,893,,,,,00000,00,,64,1,57,00266044,5700266044,3,6,2,1,0,0,0,0,0,0,0,998,0,0,0,9,4,1,12,0,0,0,1,35,87401,6,1,6,0,3,9,999,999,99,99,99,99,99,99,9999,99,9999,0,0,0,0,0,1,2,55,1,1,2,1,0,0,1,62,1,1,1,65,0,0
35,350278,1,2,1,8,12,16,10,12,1,1,0,20,1,12,481,12481,31,2010,1FTFX1CV2AKE,1,F,T,F,X,1,C,V,2,A,K,E,0,T,FORD,F15,4C,10,17,,2,1630,1330,COF,F,,,8,329,,,,B,5137,00,7,42,0,0,000000000,00000000000,0,0,0,1,0,0,0,0,0,0,0,998,0,0,0,12,6,2,12,0,0,0,1,20,67846,6,1,0,0,3,3,75,270,0,0,0,0,0,0,0,0,0,0,99,99,99,99,2,2,75,8,1,2,1,0,0,1,51,1,1,4,24,1,1
35,350278,2,2,1,8,12,16,10,12,1,1,0,93,3,82,881,82881,66,2013,1FUJGLDR9DLB,1,F,U,J,G,L,D,R,9,D,L,B,2,T,FRHT,125,TR,13,17,,8,0,0,CSC,D,,,6,903,,,,,00000,00,,64,1,57,18562,5718562,3,7,1,1,0,0,0,0,0,0,0,998,0,0,0,6,4,9,12,0,0,0,1,48,75154,6,1,6,9,3,3,999,999,0,0,0,0,0,0,0,0,0,0,0,0,0,0,0,0,0,0,0,0,0,0,0,1,74,1,1,4,25,0,0
35,350279,1,3,1,1,12,15,10,12,98,1,0,35,2,72,706,72706,80,2008,1HD1FR4128Y6,1,H,D,1,F,R,4,1,2,8,Y,6,0,M,HD,FKC,RS,8,17,,,,,,,1584,,2,,4,775,,,,,,,0,0,000000000,00000000000,0,0,0,1,0,0,0,0,0,0,0,998,0,0,0,12,6,2,12,0,0,0,1,35,87311,6,1,6,0,2,3,70,210,98,0,0,0,0,0,0,0,0,0,0,0,0,0,5,4,45,8,1,2,1,3,3,1,62,99,1,1,69,1,0