STATE,ST_CASE,VEH_NO,VE_FORMS,NUMOCCS,DAY,MONTH,HOUR,MINUTE,HARM_EV,MAN_COLL,UNITTYPE,HIT_RUN,REG_STAT,OWNER,MAKE,MODEL,MAK_MOD,BODY_TYP,MOD_YEAR,VIN,VIN_1,VIN_2,VIN_3,VIN_4,VIN_5,VIN_6,VIN_7,VIN_8,VIN_9,VIN_10,VIN_11,VIN_12,TOW_VEH,VINTYPE,VINMAKE,VINA_MOD,VIN_BT,VINMODYR,VIN_LNGT,VIN_WGT,WGTCD_TR,WHLBS_LG,WHLBS_SH,SER_TR,FUELCODE,MCYCL_DS,CARBUR,CYLINDER,DISPLACE,MCYCL_CY,MCYCL_WT,TIRE_SZE,TON_RAT,TRK_WT,TRKWTVAR,VIN_REST,WHLDRWHL,J_KNIFE,MCARR_I1,MCARR_I2,MCARR_ID,GVWR,V_CONFIG,CARGO_BT,HAZ_INV,HAZ_PLAC,HAZ_ID,HAZ_CNO,HAZ_REL,BUS_USE,SPEC_USE,EMER_USE,TRAV_SP,UNDERIDE,ROLLOVER,ROLINLOC,IMPACT1,DEFORMED,TOWED,M_HARM,VEH_SC1,VEH_SC2,FIRE_EXP,DR_PRES,L_STATE,DR_ZIP,L_STATUS,L_TYPE,CDL_STAT,L_ENDORS,L_COMPL,L_RESTRI,DR_HGT,DR_WGT,PREV_ACC,PREV_SUS,PREV_DWI,PREV_SPD,PREV_OTH,FIRST_MO,FIRST_YR,LAST_MO,LAST_YR,SPEEDREL,DR_SF1,DR_SF2,DR_SF3,DR_SF4,VTRAFWAY,VNUM_LAN,VSPD_LIM,VALIGN,VPROFILE,VPAVETYP,VSURCOND,VTRAFCON,VTCONT_F,P_CRASH1,P_CRASH2,P_CRASH3,PCRASH4,PCRASH5,ACC_TYPE,DEATHS,DR_DRINK
35,350279,2,3,1,1,12,15,10,12,98,1,0,35,2,7,482,7482,31,1997,3B7HF13Y3VG7,3,B,7,H,F,1,3,Y,3,V,G,7,0,T,DODG,150,PC,97,17,,2,1547,1387,RPC,G,,,8,318,,,,B,4764,01,M,44,0,0,000000000,00000000000,0,0,0,1,0,0,0,0,0,0,0,998,0,0,0,81,6,2,12,0,0,0,1,4,86034,2,1,0,0,2,3,67,180,0,3,1,0,1,5,2012,11,2012,0,38,0,0,0,5,4,45,8,1,2,1,3,3,11,54,99,1,1,68,0,1
35,350279,3,3,2,1,12,15,10,12,98,1,0,35,2,72,706,72706,80,2007,1HD1CT3187K4,1,H,D,1,C,T,3,1,8,7,K,4,0,M,HD,20C,RS,7,17,,,,,,,1199,,2,,4,562,,,,,,,0,0,000000000,00000000000,0,0,0,1,0,0,0,0,0,0,0,998,0,0,0,98,6,2,1,0,0,0,1,35,87305,2,1,0,0,2,3,67,200,98,0,0,0,0,0,0,0,0,0,0,0,0,0,5,4,45,8,1,2,1,3,3,1,62,98,1,1,98,0,0
35,350280,1,1,1,7,4,15,5,24,0,1,0,35,2,72,706,72706,80,2004,1HD1BWB194Y0,1,H,D,1,B,W,B,1,9,4,Y,0,0,M,HD,FSI,RS,4,17,,,,,,,1450,,2,,4,696,,,,,,,0,0,000000000,00000000000,0,0,0,1,0,0,0,0,0,0,0,998,0,0,0,12,4,3,24,0,0,0,1,35,87571,6,1,0,0,3,3,70,140,98,0,0,0,0,0,0,0,0,0,52,0,0,0,1,3,55,3,3,2,1,0,0,1,13,1,1,4,1,1,0
35,350281,1,1,1,21,4,13,46,8,0,1,0,35,1,18,7,18007,4,2000,2G4WY55J2Y11,2,G,4,W,Y,5,5,J,2,Y,1,1,0,P,BUIC,CL2,4D,0,17,3368,,0,1090,,G,,F,6,191,,,15R205,,,,,,0,0,000000000,00000000000,0,0,0,1,0,0,0,0,0,0,0,998,0,0,0,12,4,1,8,0,0,0,1,35,87002,6,1,0,0,3,0,63,150,98,0,0,0,0,0,0,0,0,0,0,0,0,0,2,2,40,1,1,2,1,2,3,1,80,3,2,1,13,0,0
35,350282,1,1,3,16,6,14,37,35,0,1,0,39,2,20,461,20461,21,1997,1GBFG15R6V10,1,G,B,F,G,1,5,R,6,V,1,0,0,P,CHEV,S/V,SV,97,17,0,,0,1350,,G,,F,8,350,,,000000,,,,,,0,0,000000000,00000000000,0,0,0,1,0,0,0,0,0,0,0,998,0,1,5,12,6,2,1,0,0,0,1,39,44212,6,1,0,0,3,3,64,135,0,0,0,1,3,11,2009,7,2010,0,80,0,0,0,3,2,75,1,1,2,1,0,0,1,1,7,3,4,2,1,0
35,350283,1,1,1,31,8,4,15,8,0,1,1,99,9,99,884,99884,66,9999,999999999999,9,9,9,9,9,9,9,9,9,9,9,9,1,,,,,,,,,,,,,,,,,,,,,,,,,1,99,999999999,99999999999,3,6,8,1,0,0,0,0,0,0,0,998,0,0,0,12,9,1,8,0,0,0,1,98,99999,9,9,99,9,9,9,999,999,99,99,99,99,99,99,9999,99,9999,9,99,99,99,99,1,2,65,1,5,2,1,0,0,1,80,99,9,9,13,0,0
35,350284,1,2,1,2,9,12,28,12,6,1,0,48,2,72,706,72706,80,2012,1HD1KHM11CB6,1,H,D,1,K,H,M,1,1,C,B,6,0,M,HD,LRX,RS,12,17,,,,,,,1690,,2,,4,772,,,,,,,0,0,000000000,00000000000,0,0,0,1,0,0,0,0,0,0,0,998,0,0,0,12,4,3,12,0,0,0,1,48,78664,6,1,0,0,3,1,999,999,0,0,0,1,2,9,2009,2,2010,0,35,0,0,0,1,2,60,1,1,2,1,0,0,6,10,1,1,1,73,1,0
35,350284,2,2,1,2,9,12,28,12,6,1,0,92,0,37,32,37032,4,1993,1HGCB7672PA0,1,H,G,C,B,7,6,7,2,P,A,0,0,P,HOND,AEX,4D,93,17,2987,,0,1071,,G,,F,4,132,,,15R195,,,,,,0,0,000000000,00000000000,0,0,0,1,0,0,0,0,0,0,0,998,0,0,0,9,6,2,12,0,0,0,1,35,87527,6,1,0,0,3,0,68,165,98,0,0,0,0,0,0,0,0,0,0,0,0,0,1,2,60,1,1,2,1,0,0,11,15,1,1,1,72,0,0
35,350285,1,2,1,21,10,8,13,12,6,1,0,35,1,59,999,59999,49,2007,999999999999,9,9,9,9,9,9,9,9,9,9,9,9,0,,,,,,,,,,,,,,,,,,,,,,,,,0,0,000000000,00000000000,0,0,0,1,0,0,0,0,0,0,0,998,0,0,0,12,6,2,12,0,0,0,1,35,87505,6,1,0,0,3,3,62,150,98,0,0,0,0,0,0,0,0,0,0,0,0,0,1,2,25,1,1,2,1,0,0,1,62,1,1,1,69,0,0
35,350285,2,2,1,21,10,8,13,12,6,1,0,35,1,9,38,9038,4,1999,1P3EJ46X7XN6,1,P,3,E,J,4,6,X,7,X,N,6,0,P,PLYM,BEE,4D,99,17,2862,,0,1080,,G,,F,4,148,,,14R195,,,,,,0,0,000000000,00000000000,0,0,0,1,0,0,0,0,0,0,0,998,0,0,0,2,6,2,12,0,0,0,1,35,87505,6,1,0,0,3,0,73,200,98,0,0,0,0,0,0,0,0,0,38,0,0,0,1,2,25,1,1,2,1,0,0,11,15,1,1,1,68,1,0
35,350286,1,1,2,14,12,17,0,35,0,1,0,35,2,49,471,49471,30,1991,JT4RN93P8M50,J,T,4,R,N,9,3,P,8,M,5,0,0,T,TOYT,ELD,PC,91,17,,1,0,1215,HTP,G,,,4,144,,,,B,00000,00,A,42,0,0,000000000,00000000000,0,0,0,1,0,0,0,0,0,0,0,998,0,1,1,81,6,2,1,0,0,0,1,35,88267,6,1,0,0,3,0,68,185,98,0,0,2,0,1,2011,4,2011,1,0,0,0,0,1,2,45,1,1,5,11,0,0,1,6,99,3,4,2,1,0
35,350287,1,1,2,15,10,23,13,39,0,1,0,4,2,49,472,49472,30,1996,4TAVL52NXTZ0,4,T,A,V,L,5,2,N,X,T,Z,0,0,T,TOYT,XTR,PC,96,17,,1,0,1219,TAC,G,,,4,149,,,,B,2740,00,M,42,0,0,000000000,00000000000,0,0,0,1,0,0,0,0,0,0,0,998,0,0,0,98,6,2,19,0,0,0,1,4,86033,6,1,0,0,3,0,66,135,0,0,0,0,0,0,0,0,0,1,99,99,99,99,1,2,35,1,2,2,1,3,3,1,6,99,3,4,2,2,1
35,350288,1,2,1,14,11,17,9,12,6,1,0,35,1,6,54,6054,6,2005,2C8GF48465R4,2,C,8,G,F,4,8,4,6,5,R,4,6,P,CHRY,PIF,UT,5,17,4442,,0,1160,,G,,F,6,214,,,17R235,,,,,,2,0,000000000,00000000000,0,0,0,1,0,0,0,0,0,0,0,998,0,0,0,12,6,2,12,0,0,0,1,35,87557,6,1,0,0,3,3,61,105,98,0,0,0,0,0,0,0,0,0,0,0,0,0,2,2,50,1,1,2,1,0,0,1,71,1,1,1,69,0,0
35,350288,2,2,2,14,11,17,9,12,6,1,0,35,1,12,17,12017,4,2003,1FAFP55203G1,1,F,A,F,P,5,5,2,0,3,G,1,0,P,FORD,TSS,4D,3,17,3329,,0,1085,,F,,F,6,182,,,16R215,,,,,,0,0,000000000,00000000000,0,0,0,1,0,0,0,0,0,0,0,998,0,0,0,9,6,2,12,0,0,0,1,35,87566,6,1,0,0,3,3,66,165,98,0,0,0,0,0,0,0,0,0,38,0,0,0,0,0,0,0,0,0,0,0,0,11,15,1,1,1,68,1,0
35,350289,1,1,2,21,12,0,11,1,0,1,0,17,2,20,23,20023,6,2006,3GNDA23D56S6,3,G,N,D,A,2,3,D,5,6,S,6,0,P,CHEV,HHR,SV,6,17,3155,,0,1035,,G,,F,4,134,,,16R215,,,,,,0,0,000000000,00000000000,0,0,0,1,0,0,0,0,0,0,0,998,0,1,3,0,6,2,1,0,0,0,1,17,60014,6,1,0,0,3,3,62,150,0,0,0,0,0,0,0,0,0,0,58,0,0,0,2,2,75,3,1,2,1,0,0,14,12,6,3,4,7,1,0
35,350290,1,1,1,5,7,22,5,8,0,1,1,99,9,49,499,49499,39,9999,999999999999,9,9,9,9,9,9,9,9,9,9,9,9,0,,,,,,,,,,,,,,,,,,,,,,,,,0,0,000000000,00000000000,0,0,0,1,0,0,0,0,0,0,0,998,0,0,0,12,9,1,8,99,99,0,1,99,99999,9,9,99,9,9,9,999,999,99,99,99,99,99,99,9999,99,9999,9,99,99,99,99,2,3,40,1,1,2,1,0,0,1,80,99,1,1,13,0,0
35,350291,1,1,1,11,8,9,15,1,0,1,0,35,1,73,706,73706,80,2012,JKAZXCG16CA0,J,K,A,Z,X,C,G,1,6,C,A,0,0,M,KAWK,Z1G,RC,12,17,,,,,,,1043,,4,,4,502,,,,,,,0,0,000000000,00000000000,0,0,0,1,0,0,0,0,0,0,0,998,0,0,0,0,6,2,1,0,0,0,1,35,87112,6,1,0,0,3,3,71,195,98,0,0,0,0,0,0,0,0,1,0,0,0,0,1,2,35,1,2,2,1,0,0,2,6,3,1,1,98,1,0
35,350292,1,1,3,11,8,18,29,38,0,1,0,35,2,20,421,20421,15,2000,1GNEK13R8YR1,1,G,N,E,K,1,3,R,8,Y,R,1,0,P,CHEV,KTA,UT,0,17,5333,,0,1175,,G,,F,8,350,,,16R265,,,,,,0,0,000000000,00000000000,0,0,0,1,0,0,0,0,0,0,0,998,0,1,5,83,9,9,38,0,0,0,1,35,87121,0,0,0,0,0,0,999,999,98,0,0,0,0,0,0,0,0,1,0,0,0,0,1,2,45,1,1,2,1,0,0,1,13,99,4,4,2,1,1
35,350293,1,1,2,24,11,17,35,8,0,1,0,35,1,49,422,49422,15,2004,5TDZT34A74S2,5,T,D,Z,T,3,4,A,7,4,S,2,0,P,TOYT,SEQ,UT,4,17,5070,,0,1181,,G,,F,8,285,,,16R245,,,,,,0,0,000000000,00000000000,0,0,0,1,0,0,0,0,0,0,0,998,0,0,0,12,4,1,8,0,0,0,1,35,88201,6,1,0,0,3,0,72,200,98,0,0,0,0,0,0,0,0,0,0,0,0,0,2,2,60,3,1,2,1,0,0,14,80,1,1,1,13,0,0
35,350294,1,1,2,8,11,12,22,1,0,1,0,35,2,20,401,20401,14,1996,1GNDT13W9T22,1,G,N,D,T,1,3,W,9,T,2,2,0,P,CHEV,BZR,UT,96,17,4023,,0,1070,,G,,F,6,262,,,15R235,,,,,,0,0,000000000,00000000000,0,0,0,1,0,0,0,0,0,0,0,998,0,1,5,0,6,2,1,0,0,0,1,35,88030,6,1,0,0,3,0,72,215,98,0,0,0,0,0,0,0,0,1,58,0,0,0,1,2,35,1,2,2,1,0,0,1,8,7,4,4,7,1,0
35,350295,1,2,1,17,8,17,36,12,2,1,0,93,3,87,881,87881,66,2011,1XPWDP9X1BD1,1,X,P,W,D,P,9,X,1,B,D,1,1,T,PTRB,388,TR,11,17,,8,0,0,CON,D,,,6,787,,,,,00000,00,,64,1,57,1639839,571639839,3,6,2,2,2,1267,88,1,0,0,0,998,0,0,0,12,6,2,12,0,0,0,1,35,88240,6,1,6,3,3,3,70,130,98,0,0,0,0,0,0,0,0,0,0,0,0,0,1,4,45,3,1,2,2,0,0,14,62,1,1,1,51,0,0
35,350295,2,2,1,17,8,17,36,12,2,1,0,35,2,19,421,19421,15,2003,1GYEK63N33R1,1,G,Y,E,K,6,3,N,3,3,R,1,0,P,CADI,ESC,UT,3,17,5560,,0,1160,,G,,F,8,364,,,17R265,,,,,,0,0,000000000,00000000000,0,0,0,1,0,0,0,0,0,0,0,998,0,0,0,12,6,2,12,0,0,0,1,35,88240,6,1,0,0,3,0,68,130,98,0,0,0,3,7,2010,8,2011,1,28,0,0,0,1,4,45,2,1,2,2,0,0,14,10,1,1,2,50,1,1
35,350296,1,2,2,31,10,8,19,12,11,1,0,35,1,64,32,64032,4,2001,KLAJC52Z51K6,K,L,A,J,C,5,2,Z,5,1,K,6,0,P,DAEW,NSE,4D,1,17,2800,,0,1012,,G,,F,4,122,,,14R185,,,,,,0,0,000000000,00000000000,0,0,0,1,0,0,0,0,0,0,0,998,0,0,0,13,6,2,12,0,0,0,1,35,88012,6,1,0,0,3,0,62,105,98,0,0,0,0,0,0,0,0,0,0,0,0,0,2,2,65,1,1,2,1,0,0,1,64,1,1,6,62,2,0
35,350296,2,2,1,31,10,8,19,12,11,1,0,35,2,38,402,38402,14,2004,4S2CK58W5443,4,S,2,C,K,5,8,W,5,4,4,3,0,P,ISU,ROD,UT,4,17,3934,,0,1064,,G,,F,6,195,,,000000,,,,,,0,0,000000000,00000000000,0,0,0,1,0,0,0,0,0,0,0,998,0,1,5,14,6,2,1,0,0,0,1,35,88011,9,9,99,9,9,9,999,999,99,99,99,99,99,99,9999,99,9999,0,0,0,0,0,2,2,65,1,1,2,1,0,0,1,54,1,1,1,62,0,0
35,350297,1,3,1,26,6,15,49,12,6,1,0,35,1,41,50,41050,4,2010,1YVHZ8CH0A5M,1,Y,V,H,Z,8,C,H,0,A,5,M,0,P,MAZD,M6I,4D,10,17,3258,,0,1098,,G,,F,4,152,,,16R205,,,,,,0,0,000000000,00000000000,0,0,0,1,0,0,0,0,0,0,0,998,0,0,0,10,6,2,12,0,0,0,1,35,87121,6,1,0,0,3,0,59,85,98,0,0,0,0,0,0,0,0,0,38,0,0,0,2,2,55,1,1,2,1,20,3,1,17,1,1,1,89,1,0
35,350297,2,3,1,26,6,15,49,12,6,1,0,35,1,12,3,12003,2,2007,1ZVFT82H1753,1,Z,V,F,T,8,2,H,1,7,5,3,0,P,FORD,MGT,CP,7,17,3356,,0,1071,,G,,F,8,281,,,17R235,,,,,,0,0,000000000,00000000000,0,0,0,1,0,0,0,0,0,0,0,998,0,0,0,12,6,2,12,0,0,0,1,35,87121,6,1,0,0,3,0,68,145,98,0,0,0,0,0,0,0,0,1,0,0,0,0,2,2,55,1,1,2,1,0,0,1,66,2,1,1,88,0,0
35,350297,3,3,1,26,6,15,49,12,6,1,0,35,1,34,36,34036,1,2005,WBAEK73455B3,W,B,A,E,K,7,3,4,5,5,B,3,0,P,BMW,64C,CV,5,17,4178,,0,1094,,G,,F,8,268,,,18R245,,,,,,0,0,000000000,00000000000,0,0,0,1,0,0,0,0,0,0,0,998,0,0,0,12,4,3,12,0,0,0,1,35,87106,6,1,0,0,3,0,64,140,98,0,0,0,0,0,0,0,0,1,0,0,0,0,2,2,55,1,1,2,1,0,0,1,63,1,1,1,98,0,0
35,350298,1,1,1,3,7,0,25,24,0,1,0,35,1,23,481,23481,31,2002,2GTEC19V4211,2,G,T,E,C,1,9,V,4,2,1,1,0,T,GMC,NC1,4C,2,17,,2,1575,1435,SIE,G,,,8,293,,,,B,4534,03,U,42,0,0,000000000,00000000000,0,0,0,1,0,0,0,0,0,0,0,998,0,1,1,12,6,2,1,0,0,0,1,35,88310,6,1,0,0,3,0,66,140,98,0,0,0,0,0,0,0,0,1,58,0,0,0,1,4,45,3,3,2,1,0,0,14,6,7,3,4,2,1,0
35,350299,1,2,1,4,7,17,30,12,6,1,0,35,1,12,23,12023,4,2012,3FAHP0HA9CR2,3,F,A,H,P,0,H,A,9,C,R,2,0,P,FORD,F/E,4D,12,17,3285,,0,1074,,G,,F,4,152,,,17R225,,,,,,0,0,000000000,00000000000,0,0,0,1,0,0,0,0,0,0,0,0,0,0,0,10,6,2,12,0,0,0,1,35,88210,6,1,0,0,3,3,70,182,98,0,0,0,0,0,0,0,0,0,38,54,0,0,1,2,50,1,1,2,2,20,3,5,17,1,1,1,89,1,0
35,350299,2,2,5,4,7,17,30,12,6,1,0,48,1,12,422,12422,15,2006,1FMPU17516LA,1,F,M,P,U,1,7,5,1,6,L,A,0,P,FORD,EPT,UT,6,17,5353,,0,1190,,G,,F,8,329,,,17R265,,,,,,0,0,000000000,00000000000,0,0,0,1,0,0,0,0,0,0,0,998,0,0,0,12,6,2,12,0,0,0,1,48,78237,6,1,0,0,3,0,999,999,0,0,0,0,0,0,0,0,0,0,0,0,0,0,2,2,65,1,1,2,2,0,0,1,50,2,1,1,88,0,0
35,350300,1,1,2,4,7,19,35,42,0,1,0,35,1,72,706,72706,80,2003,1HD1BHY103Y1,1,H,D,1,B,H,Y,1,0,3,Y,1,0,M,HD,FXT,RS,3,17,,,,,,,1450,,2,,4,629,,,,,,,0,0,000000000,00000000000,0,0,0,1,0,0,0,0,0,0,0,998,0,0,0,12,2,3,42,0,0,0,1,35,88220,6,1,0,0,3,0,68,180,98,0,0,1,0,1,2011,1,2011,1,0,0,0,0,1,2,30,1,1,2,1,0,0,1,13,1,1,4,1,1,1
35,350301,1,1,1,20,7,17,41,8,0,1,0,35,1,37,705,37705,80,2003,JH2RC44593M7,J,H,2,R,C,4,4,5,9,3,M,7,0,M,HOND,T7B,RS,3,17,,,,,,,745,,2,,4,496,,,,,,,0,0,000000000,00000000000,0,0,0,1,0,0,0,0,0,0,0,998,0,0,0,12,4,3,8,0,0,0,1,35,87123,6,1,0,0,3,0,66,185,98,0,0,1,0,6,2012,6,2012,0,0,0,0,0,5,6,40,1,1,2,1,0,0,6,80,1,1,1,13,0,0
35,350302,1,2,1,6,9,6,19,1,0,1,0,35,1,59,35,59035,4,2009,JTHBK2628951,J,T,H,B,K,2,6,2,8,9,5,1,0,P,LEXS,I25,4D,9,17,3455,,0,1075,,G,,F,6,152,,,17R225,,,,,,0,0,000000000,00000000000,0,0,0,1,0,0,0,0,0,0,0,998,0,0,0,11,2,3,12,0,0,0,1,35,87505,6,1,0,0,3,0,69,155,98,0,0,0,0,0,0,0,0,0,38,0,0,0,2,1,25,1,1,2,1,20,3,11,15,1,1,1,98,0,0
35,350302,2,2,1,6,9,6,19,1,0,1,0,35,1,73,705,73705,80,2009,JKAEXVD149A1,J,K,A,E,X,V,D,1,4,9,A,1,0,M,KAWK,E5D,RC,9,17,,,,,,,498,,2,,4,434,,,,,,,0,0,000000000,00000000000,0,0,0,1,0,0,0,0,0,0,0,998,0,0,0,0,4,3,12,0,0,0,1,35,87507,6,1,0,0,3,0,63,150,98,0,0,0,0,0,0,0,0,0,0,0,0,0,2,1,25,1,1,2,1,0,0,1,67,4,2,1,98,1,0
35,350303,1,1,1,8,9,0,15,1,0,1,0,35,1,52,34,52034,4,2009,4A3AB36FX9E0,4,A,3,A,B,3,6,F,X,9,E,0,0,P,MITS,GES,4D,9,17,3395,,0,1083,,G,,F,4,145,,,16R215,,,,,,0,0,000000000,00000000000,0,0,0,1,0,0,0,0,0,0,0,998,0,1,5,0,6,2,1,0,0,0,1,35,87031,6,1,0,0,3,0,66,176,98,0,0,0,0,0,0,0,0,0,0,0,0,0,6,1,98,2,1,2,1,0,0,14,13,1,1,4,1,1,1
35,350304,1,1,2,14,9,22,19,8,0,1,0,35,1,20,37,20037,4,1998,1G1ND52T9W61,1,G,1,N,D,5,2,T,9,W,6,1,0,P,CHEV,MAL,4D,98,17,3100,,0,1070,,G,,F,4,146,,,15R215,,,,,,0,0,000000000,00000000000,0,0,0,1,0,0,0,0,0,0,0,998,0,0,0,12,4,3,8,0,0,0,1,35,87111,9,9,99,9,9,9,999,999,99,99,99,99,99,99,9999,99,9999,0,0,0,0,0,2,2,50,1,1,2,1,2,3,1,80,4,1,1,13,0,0
35,350305,1,2,1,27,12,10,10,12,6,1,0,35,1,37,31,37031,2,2007,2HGFG21577H7,2,H,G,F,G,2,1,5,7,7,H,7,0,P,HOND,CVS,CP,7,17,2886,,0,1043,,G,,F,4,122,,,17R215,,,,,,0,0,000000000,00000000000,0,0,0,1,0,0,0,0,0,0,0,998,0,0,0,98,6,2,12,0,0,0,1,35,88203,6,1,0,0,3,0,75,147,98,0,0,0,0,0,0,0,0,0,0,0,0,0,2,2,45,1,1,2,1,0,0,1,66,1,1,1,69,0,0
35,350305,2,2,1,27,12,10,10,12,6,1,0,35,1,49,403,49403,14,2006,JTEEP21A6601,J,T,E,E,P,2,1,A,6,6,0,1,0,P,TOYT,HIG,UT,6,17,3704,,0,1069,,G,,F,6,202,,,16R225,,,,,,0,0,000000000,00000000000,0,0,0,1,0,0,0,0,0,0,0,998,0,0,0,98,6,2,12,0,0,0,1,35,88201,6,1,0,0,3,0,64,175,98,0,0,0,0,0,0,0,0,0,48,0,0,0,2,2,45,1,1,2,1,0,0,11,15,1,1,1,68,1,0
35,350306,1,1,7,22,8,4,12,5,0,1,0,35,1,38,402,38402,14,2001,4S2CK58W0143,4,S,2,C,K,5,8,W,0,1,4,3,0,P,ISU,ROD,UT,1,17,3856,,0,1064,,G,,F,6,195,,,16R245,,,,,,0,0,000000000,00000000000,0,0,0,1,0,0,0,0,0,0,0,998,0,1,1,0,6,2,1,0,0,0,1,35,87124,6,1,0,0,3,3,66,210,98,0,0,0,0,0,0,0,0,1,36,91,21,0,1,2,98,8,8,5,1,0,0,1,98,1,1,1,0,1,1
35,350307,1,1,3,17,12,23,43,17,0,1,0,35,2,19,18,19018,4,2006,1G6DM57T0601,1,G,6,D,M,5,7,T,0,6,0,1,0,P,CADI,C/T,4D,6,17,3509,,0,1134,,G,,F,6,171,,,16R225,,,,,,0,0,000000000,00000000000,0,0,0,1,0,0,0,0,0,0,0,998,0,1,5,98,6,2,1,0,0,0,1,35,88203,1,1,0,0,2,0,70,210,98,8,0,0,0,4,2011,7,2012,1,6,58,0,0,2,2,75,1,1,2,1,0,0,1,12,7,4,4,7,1,0
35,350308,1,1,1,23,9,2,17,8,0,1,0,39,2,12,401,12401,14,2004,1FMZU62E64ZB,1,F,M,Z,U,6,2,E,6,4,Z,B,0,P,FORD,EPR,UT,4,17,4304,,0,1137,,G,,F,6,245,,,16R235,,,,,,0,0,000000000,00000000000,0,0,0,1,0,0,0,0,0,0,0,998,0,0,0,11,4,3,8,0,0,0,1,39,44709,1,1,0,0,2,3,68,160,0,2,0,1,1,4,2010,12,2010,0,0,0,0,0,2,2,60,4,2,2,1,0,0,14,80,1,1,1,13,0,0
35,350309,1,1,1,26,12,18,17,8,0,1,0,35,3,98,890,98890,66,1995,999999999999,9,9,9,9,9,9,9,9,9,9,9,9,1,,,,,,,,,,,,,,,,,,,,,,,,,1,57,482112,57482112,3,6,1,1,0,0,0,0,0,0,0,998,0,0,0,12,4,3,8,0,0,0,1,35,87401,6,1,6,0,3,3,67,220,98,0,0,1,0,10,2011,10,2011,0,0,0,0,0,2,2,45,1,1,2,1,0,0,1,80,1,1,1,13,0,0
35,350310,1,2,3,5,8,3,54,12,1,1,0,35,1,55,33,55033,4,2007,5NPEU46F07H2,5,N,P,E,U,4,6,F,0,7,H,2,0,P,HYUN,SLI,4D,7,17,3458,,0,1074,,G,,F,6,204,,,17R225,,,,,,0,0,000000000,00000000000,0,0,0,1,0,0,0,0,0,0,0,998,0,0,0,6,6,2,12,0,0,0,1,35,88201,6,1,0,0,3,0,60,140,98,0,0,0,0,0,0,0,0,0,0,0,0,0,1,4,45,1,1,2,1,2,3,1,60,1,1,1,25,2,1
35,350310,2,2,1,5,8,3,54,12,1,1,1,35,1,19,421,19421,15,2007,1GYEC63897R3,1,G,Y,E,C,6,3,8,9,7,R,3,0,P,CADI,ESC,UT,7,17,5555,,0,1160,,G,,F,8,378,,,18R265,,,,,,0,0,000000000,00000000000,0,0,0,1,0,0,0,0,0,0,0,998,7,1,1,12,6,2,1,0,0,0,1,35,88230,6,1,0,0,3,0,69,155,98,0,0,0,0,0,0,0,0,0,26,36,91,0,1,4,45,1,1,2,1,2,3,1,17,1,1,2,24,0,0
35,350311,1,2,1,17,8,18,37,12,6,1,0,35,3,84,881,84881,66,2007,1HSHXAHR17J4,1,H,S,H,X,A,H,R,1,7,J,4,1,T,INTL,860,TR,7,17,,8,0,0,80S,D,,,6,661,,,,,00000,00,,64,1,57,332135,57332135,3,6,1,1,0,0,0,0,0,0,0,998,0,0,0,3,4,3,12,0,0,0,1,35,87144,6,1,6,0,3,0,67,130,98,0,0,0,0,0,0,0,0,0,0,0,0,0,1,2,35,1,1,2,1,2,3,1,66,1,1,1,87,0,0
35,350311,2,2,1,17,8,18,37,12,6,1,0,35,2,51,401,51401,14,2012,YV4952BZ3C11,Y,V,4,9,5,2,B,Z,3,C,1,1,0,P,VOLV,XC7,UT,12,17,4147,,0,0,,G,,F,6,195,,,000000,,,,,,0,0,000000000,00000000000,0,0,0,1,0,0,0,0,0,0,0,998,0,0,0,12,6,2,12,0,0,0,1,35,87110,6,1,0,0,3,3,65,180,98,0,0,0,0,0,0,0,0,0,39,0,0,0,1,2,35,1,1,2,1,2,3,1,17,1,1,1,86,1,0
35,350312,1,2,1,18,8,13,2,12,6,1,0,35,1,76,703,76703,80,2004,JYA4BEE004A0,J,Y,A,4,B,E,E,0,0,4,A,0,0,M,YAMA,T25,T,4,17,,,,,,,223,,1,,4,238,,,,,,,0,0,000000000,00000000000,0,0,0,1,0,0,0,0,0,0,0,998,0,0,0,12,6,2,12,0,0,0,1,35,87031,6,1,0,0,3,3,67,140,98,0,0,0,0,0,0,0,0,0,0,0,0,0,5,4,40,1,1,2,1,0,0,1,63,1,1,1,83,1,0
35,350312,2,2,1,18,8,13,2,12,6,1,0,35,3,35,47,35047,4,2012,1N4AL2AP8CC2,1,N,4,A,L,2,A,P,8,C,C,2,0,P,NISS,ATS,4D,12,17,3180,,0,1093,,G,,F,4,153,,,16R215,,,,,,0,0,000000000,00000000000,0,0,0,1,0,0,0,0,0,0,0,998,0,0,0,10,6,2,12,0,0,0,1,35,87121,6,1,0,0,3,0,67,140,98,0,0,0,0,0,0,0,0,0,48,0,0,0,5,4,40,1,1,2,1,0,0,11,15,1,1,1,82,0,0
35,350313,1,2,1,20,8,0,14,12,6,1,0,35,2,37,706,37706,80,2005,JH2RC50325M1,J,H,2,R,C,5,0,3,2,5,M,1,0,M,HOND,VCA,RS,5,17,,,,,,,745,,2,,4,519,,,,,,,0,0,000000000,00000000000,0,0,0,1,0,0,0,0,0,0,0,998,0,0,0,3,6,2,12,0,0,0,1,35,88203,6,1,0,0,2,0,74,180,98,0,1,0,0,8,2011,8,2011,0,39,0,0,0,1,2,0,1,1,2,1,20,3,1,17,1,1,1,87,1,1