STATE,ST_CASE,VEH_NO,VE_FORMS,NUMOCCS,DAY,MONTH,HOUR,MINUTE,HARM_EV,MAN_COLL,UNITTYPE,HIT_RUN,REG_STAT,OWNER,MAKE,MODEL,MAK_MOD,BODY_TYP,MOD_YEAR,VIN,VIN_1,VIN_2,VIN_3,VIN_4,VIN_5,VIN_6,VIN_7,VIN_8,VIN_9,VIN_10,VIN_11,VIN_12,TOW_VEH,VINTYPE,VINMAKE,VINA_MOD,VIN_BT,VINMODYR,VIN_LNGT,VIN_WGT,WGTCD_TR,WHLBS_LG,WHLBS_SH,SER_TR,FUELCODE,MCYCL_DS,CARBUR,CYLINDER,DISPLACE,MCYCL_CY,MCYCL_WT,TIRE_SZE,TON_RAT,TRK_WT,TRKWTVAR,VIN_REST,WHLDRWHL,J_KNIFE,MCARR_I1,MCARR_I2,MCARR_ID,GVWR,V_CONFIG,CARGO_BT,HAZ_INV,HAZ_PLAC,HAZ_ID,HAZ_CNO,HAZ_REL,BUS_USE,SPEC_USE,EMER_USE,TRAV_SP,UNDERIDE,ROLLOVER,ROLINLOC,IMPACT1,DEFORMED,TOWED,M_HARM,VEH_SC1,VEH_SC2,FIRE_EXP,DR_PRES,L_STATE,DR_ZIP,L_STATUS,L_TYPE,CDL_STAT,L_ENDORS,L_COMPL,L_RESTRI,DR_HGT,DR_WGT,PREV_ACC,PREV_SUS,PREV_DWI,PREV_SPD,PREV_OTH,FIRST_MO,FIRST_YR,LAST_MO,LAST_YR,SPEEDREL,DR_SF1,DR_SF2,DR_SF3,DR_SF4,VTRAFWAY,VNUM_LAN,VSPD_LIM,VALIGN,VPROFILE,VPAVETYP,VSURCOND,VTRAFCON,VTCONT_F,P_CRASH1,P_CRASH2,P_CRASH3,PCRASH4,PCRASH5,ACC_TYPE,DEATHS,DR_DRINK
35,350313,2,2,1,20,8,0,14,12,6,1,0,35,1,22,20,22020,4,2006,2G2WC55C9612,2,G,2,W,C,5,5,C,9,6,1,2,0,P,PONT,GXP,4D,6,17,3600,,0,1105,,G,,F,8,323,,,18R255,,,,,,0,0,000000000,00000000000,0,0,0,1,0,0,0,0,0,0,0,998,0,0,0,12,4,3,12,0,0,0,1,35,88203,6,1,0,0,3,3,69,185,98,0,0,1,0,7,2012,7,2012,0,0,0,0,0,1,2,0,1,1,2,1,20,3,1,66,1,1,1,86,0,0
35,350314,1,2,2,30,9,1,58,12,6,1,0,35,1,7,422,7422,15,2005,1D4HD48N55F5,1,D,4,H,D,4,8,N,5,5,F,5,0,P,DODG,DUR,UT,5,17,4479,,0,1192,,G,,F,8,287,,,17R265,,,,,,0,0,000000000,00000000000,0,0,0,1,0,0,0,0,0,0,0,998,0,0,0,9,6,2,12,0,0,0,1,35,87123,6,1,0,0,3,0,71,170,98,0,0,0,0,0,0,0,0,0,0,0,0,0,4,2,98,1,3,2,1,2,3,1,66,1,1,1,89,0,0
35,350314,2,2,1,30,9,1,58,12,6,1,0,35,2,76,705,76705,80,2005,JYA5AHE045A0,J,Y,A,5,A,H,E,0,4,5,A,0,0,M,YAMA,YZF,RC,5,17,,,,,,,599,,4,,4,412,,,,,,,0,0,000000000,00000000000,0,0,0,1,0,0,0,0,0,0,0,998,0,0,0,12,6,2,12,0,0,0,1,99,99999,9,9,99,9,9,9,999,999,99,99,99,99,99,99,9999,99,9999,1,39,0,0,0,1,4,40,1,3,2,1,2,3,1,17,1,1,1,88,1,1
35,350315,1,2,1,3,10,6,40,8,0,1,0,35,1,12,481,12481,31,2008,1FTPW14V18FB,1,F,T,P,W,1,4,V,1,8,F,B,0,T,FORD,F1S,CW,8,17,,2,1500,1390,COF,F,,,8,329,,,,B,5361,01,E,44,0,0,000000000,00000000000,0,0,0,1,0,0,0,0,0,0,0,998,0,0,0,12,4,1,8,0,0,0,1,35,87112,6,1,0,0,3,0,72,155,98,0,0,0,0,0,0,0,0,0,38,0,0,0,1,6,40,1,1,2,1,2,3,1,80,1,1,1,13,0,0
35,350315,2,2,1,3,10,6,40,8,0,1,1,35,1,55,35,55035,4,2002,KMHDN45D42U2,K,M,H,D,N,4,5,D,4,2,U,2,0,P,HYUN,EST,4D,2,17,2635,,0,1027,,G,,F,4,121,,,15R195,,,,,,0,0,000000000,00000000000,0,0,0,1,0,0,0,0,0,0,0,998,0,0,0,12,4,1,8,0,0,0,1,35,87112,6,1,0,0,3,0,62,145,98,0,0,0,0,0,0,0,0,0,38,0,0,0,1,6,40,1,1,2,1,2,3,1,80,1,1,1,98,0,0
35,350316,1,2,1,30,12,0,13,12,1,1,0,35,2,22,22,22022,4,2007,1G2ZM5877742,1,G,2,Z,M,5,8,7,7,7,4,2,0,P,PONT,G/P,4D,7,17,3545,,0,1123,,G,,F,6,220,,,18R225,,,,,,0,0,000000000,00000000000,0,0,0,1,0,0,0,0,0,0,0,998,0,0,0,6,6,2,12,0,0,0,1,35,87123,6,1,0,0,3,0,64,140,98,0,0,0,0,0,0,0,0,0,0,0,0,0,5,6,35,1,1,2,1,0,0,1,53,1,1,1,25,0,0
35,350316,2,2,1,30,12,0,13,12,1,1,0,35,9,22,399,22399,9,1997,999999999999,9,9,9,9,9,9,9,9,9,9,9,9,0,,,,,,,,,,,,,,,,,,,,,,,,,0,0,000000000,00000000000,0,0,0,1,0,0,0,0,0,0,0,998,0,0,0,12,6,2,12,0,0,0,1,35,87144,6,1,0,0,3,0,999,999,99,99,99,99,99,99,9999,99,9999,1,26,0,0,0,5,6,35,1,1,2,1,0,0,1,51,1,1,1,24,1,1
35,350317,1,1,4,22,11,7,32,1,0,1,0,35,2,49,472,49472,30,2003,5TEGN92N93Z2,5,T,E,G,N,9,2,N,9,3,Z,2,0,T,TOYT,DCP,CW,3,17,,1,0,1219,TAC,G,,,6,206,,,,B,3462,00,U,42,0,0,000000000,00000000000,0,0,0,1,0,0,0,0,0,0,0,998,0,1,5,0,6,2,1,0,0,0,1,35,88201,6,1,0,0,3,3,64,150,98,0,0,0,0,0,0,0,0,1,58,0,0,0,1,2,65,1,1,2,1,0,0,6,12,6,4,4,7,1,0
35,350318,1,1,1,7,11,10,25,38,0,1,0,35,1,22,16,22016,4,2002,1G2JB5249274,1,G,2,J,B,5,2,4,9,2,7,4,0,P,PONT,SFS,4D,2,17,2644,,0,1041,,G,,F,4,133,,,14R195,,,,,,0,0,000000000,00000000000,0,0,0,1,0,0,0,0,0,0,0,998,0,1,5,12,6,2,1,0,0,0,1,35,87311,2,1,0,0,2,0,68,202,98,2,0,0,0,8,2012,9,2012,1,0,0,0,0,1,2,45,1,1,2,2,0,0,1,13,1,1,4,1,1,0
35,350319,1,2,1,26,9,4,15,12,2,1,0,35,1,9,20,9020,4,2001,1P3ES46C91D1,1,P,3,E,S,4,6,C,9,1,D,1,0,P,PLYM,NLX,4D,1,17,2585,,0,1050,,G,,F,4,122,,,14R185,,,,,,0,0,000000000,00000000000,0,0,0,1,0,0,0,0,0,0,0,998,0,0,0,12,6,2,12,0,0,0,1,35,88240,3,1,0,0,2,0,69,135,98,0,0,0,0,0,0,0,0,0,28,0,0,0,1,2,55,1,1,2,1,0,0,1,10,6,1,2,50,1,0
35,350319,2,2,1,26,9,4,15,12,2,1,0,35,3,87,881,87881,66,2002,1XPGDU9X32D5,1,X,P,G,D,U,9,X,3,2,D,5,1,T,PTRB,385,TR,2,17,,8,0,0,CON,D,,,6,733,,,,,00000,00,,64,1,57,781543,57781543,3,6,1,1,0,0,0,0,0,0,0,998,0,0,0,12,6,2,12,0,0,0,1,35,88401,9,9,99,9,9,9,999,999,99,99,99,99,99,99,9999,99,9999,0,0,0,0,0,1,2,55,1,1,2,1,0,0,1,62,98,1,1,51,0,0
35,350320,1,1,1,20,9,19,50,24,0,1,0,35,1,22,9,22009,2,1987,1G2FS21S8HN2,1,G,2,F,S,2,1,S,8,H,N,2,0,P,PONT,FBD,CP,87,17,3105,,0,1010,,G,,F,6,173,,,15R215,,,,,,0,0,000000000,00000000000,0,0,0,1,0,0,0,0,0,0,0,998,0,0,0,12,6,2,24,0,0,0,1,35,87511,6,1,0,0,3,0,69,187,98,0,0,1,0,5,2012,5,2012,0,0,0,0,0,2,2,60,1,1,2,1,0,0,1,13,1,1,4,1,1,1
35,350321,1,1,1,3,10,18,58,9,0,1,0,35,3,12,401,12401,14,2013,1FM5K8F87DGA,1,F,M,5,K,8,F,8,7,D,G,A,0,P,FORD,EPR,UT,13,17,4731,,0,1126,,G,,F,6,214,,,20R255,,,,,,0,0,000000000,00000000000,0,0,0,1,0,0,0,0,0,0,0,998,0,0,0,82,4,3,9,0,0,0,1,35,87059,6,1,0,0,3,0,68,150,98,0,0,0,0,0,0,0,0,0,0,0,0,0,1,2,55,1,2,2,1,0,0,1,83,1,1,1,13,0,0
35,350322,1,1,4,24,11,0,56,1,0,1,0,35,2,14,6,14006,4,2002,2MEFM75W02X6,2,M,E,F,M,7,5,W,0,2,X,6,0,P,MERC,MGL,4D,2,17,3970,,0,1147,,G,,F,8,281,,,16R225,,,,,,0,0,000000000,00000000000,0,0,0,1,0,0,0,0,0,0,0,998,0,1,5,0,6,2,1,0,0,0,1,35,87016,6,1,0,0,3,3,72,140,98,0,0,0,0,0,0,0,0,0,48,0,0,0,1,2,55,1,3,2,1,0,0,12,8,1,9,4,98,1,0
35,350323,1,1,1,20,11,5,48,8,0,1,0,35,1,12,481,12481,31,1988,2FTDF15N5JCB,2,F,T,D,F,1,5,N,5,J,C,B,0,T,FORD,F15,PK,88,17,,1,1330,1170,COF,G,,,8,302,,,,B,00000,00,A,42,0,0,000000000,00000000000,0,0,0,1,0,0,0,0,0,0,0,998,0,0,0,12,2,3,8,0,0,0,1,35,87048,6,1,0,0,3,0,76,180,99,99,99,99,99,99,9999,99,9999,0,0,0,0,0,2,5,45,1,1,2,1,0,0,1,80,8,2,1,13,0,1
35,350324,1,1,2,8,11,18,19,33,0,1,0,35,2,20,421,20421,15,2004,1GNEK13Z24R2,1,G,N,E,K,1,3,Z,2,4,R,2,0,P,CHEV,KTA,UT,4,17,5050,,0,1160,,F,,F,8,325,,,16R265,,,,,,0,0,000000000,00000000000,0,0,0,1,0,0,0,0,0,0,0,998,0,1,5,98,6,2,1,0,0,0,1,35,87124,6,1,0,0,3,3,64,155,98,0,0,0,0,0,0,0,0,1,0,0,0,0,6,1,55,2,2,2,1,0,0,14,13,99,4,4,2,1,0
35,350325,1,3,2,2,9,9,50,12,6,1,0,35,1,20,402,20402,14,1997,2CNBJ1863V69,2,C,N,B,J,1,8,6,3,V,6,9,0,P,GEO,GEO,UT,97,17,2555,,0,866,,G,,F,4,097,,,15R205,,,,,,0,0,000000000,00000000000,0,0,0,1,0,0,0,0,0,0,0,998,0,0,0,63,6,2,12,0,0,0,1,35,87410,3,1,0,0,2,3,67,190,98,0,0,0,0,0,0,0,0,0,38,39,0,0,1,2,25,1,4,2,1,20,3,1,17,1,1,1,89,1,0
35,350325,2,3,1,2,9,9,50,12,6,1,0,22,1,72,706,72706,80,2009,1HD1FV4109Y6,1,H,D,1,F,V,4,1,0,9,Y,6,0,M,HD,FHT,RS,9,17,,,,,,,1584,,2,,4,811,,,,,,,0,0,000000000,00000000000,0,0,0,1,0,0,0,0,0,0,0,998,0,0,0,12,6,2,12,0,0,0,1,22,70560,6,1,0,0,3,0,68,188,0,0,0,0,0,0,0,0,0,0,0,0,0,0,2,2,55,1,4,2,1,0,0,1,66,1,1,1,88,1,0
35,350325,3,3,1,2,9,9,50,12,6,1,0,22,1,72,706,72706,80,2012,1HD1KBM19CB6,1,H,D,1,K,B,M,1,9,C,B,6,0,M,HD,FHX,RS,12,17,,,,,,,1690,,2,,4,785,,,,,,,0,0,000000000,00000000000,0,0,0,1,0,0,0,0,0,0,0,998,0,0,0,12,6,2,12,0,0,0,1,22,70584,6,1,0,0,3,0,71,190,0,0,0,0,0,0,0,0,0,0,0,0,0,0,2,2,55,1,4,2,1,0,0,1,66,7,1,1,98,0,0
35,350326,1,1,1,20,9,16,42,8,0,1,0,35,2,30,40,30040,4,2011,3VWDZ7AJXBM3,3,V,W,D,Z,7,A,J,X,B,M,3,0,P,VOLK,JSA,4D,11,17,3082,,0,0,,G,,F,5,151,,,000000,,,,,,0,0,000000000,00000000000,0,0,0,1,0,0,0,0,0,0,0,998,0,0,0,1,2,1,8,0,0,0,1,35,87123,6,1,0,0,3,3,64,158,98,0,0,0,0,0,0,0,0,0,0,0,0,0,2,3,40,1,1,2,1,0,0,1,83,1,1,1,13,0,0
35,350328,1,2,1,20,10,16,30,12,2,1,0,35,1,2,404,2404,14,2004,1J4GW58N24C3,1,J,4,G,W,5,8,N,2,4,C,3,0,T,JEEP,LMT,4W,4,17,,1,0,1059,GCK,G,,,8,287,,,,,3975,00,E,44,0,0,000000000,00000000000,0,0,0,1,0,0,0,0,0,0,0,998,0,0,0,12,6,2,12,0,0,0,1,35,87059,6,1,0,0,3,3,62,142,98,0,0,0,0,0,0,0,0,0,28,0,0,0,8,2,45,4,2,2,1,0,0,14,10,1,1,2,50,1,0
35,350328,2,2,8,20,10,16,30,12,2,1,0,40,2,23,422,23422,15,2005,1GKFK16Z05J1,1,G,K,F,K,1,6,Z,0,5,J,1,0,T,GMC,KX1,4W,5,17,,2,0,1300,YUK,F,,,8,325,,,,B,5474,00,4,44,0,0,000000000,00000000000,0,0,0,1,0,0,0,0,0,0,0,998,0,0,0,12,6,2,12,0,0,0,1,40,74601,6,1,0,0,3,3,72,155,0,0,0,0,0,0,0,0,0,0,0,0,0,0,8,2,45,4,2,2,1,0,0,14,62,1,1,1,51,0,0
35,350329,1,1,1,24,10,15,24,1,0,1,0,35,1,72,706,72706,80,1998,1HD1BRL15WY0,1,H,D,1,B,R,L,1,5,W,Y,0,0,M,HD,LTS,RS,98,17,,,,,,,1340,,2,,4,690,,,,,,,0,0,000000000,00000000000,0,0,0,1,0,0,0,0,0,0,0,998,0,0,0,0,6,2,1,0,0,0,1,35,87532,6,1,0,0,3,0,69,230,98,0,0,0,0,0,0,0,0,0,77,0,0,0,1,2,45,1,1,2,1,0,0,1,13,1,1,4,1,1,0
35,350330,1,1,1,26,9,10,55,42,0,1,0,35,2,20,402,20402,14,1995,2CNBJ1867S69,2,C,N,B,J,1,8,6,7,S,6,9,0,P,GEO,GEO,UT,95,17,2365,,0,866,,G,,F,4,097,,,15R205,,,,,,0,0,000000000,00000000000,0,0,0,1,0,0,0,0,0,0,0,998,0,1,5,98,6,2,1,0,0,0,1,35,87020,6,7,0,0,3,3,64,110,98,0,0,0,0,0,0,0,0,0,58,0,0,0,1,2,45,1,2,2,1,0,0,1,13,6,4,4,2,1,0
35,350331,1,2,1,21,11,14,18,12,6,1,0,35,2,49,482,49482,31,2001,5TBBT441X1S2,5,T,B,B,T,4,4,1,X,1,S,2,0,T,TOYT,TRS,4C,1,17,,2,0,1283,TUN,G,,,8,285,,,,B,4518,00,U,44,0,0,000000000,00000000000,0,0,0,1,0,0,0,0,0,0,0,998,0,0,0,12,6,2,12,0,0,0,1,35,87507,6,1,0,0,3,0,70,235,98,0,0,0,0,0,0,0,0,0,6,28,0,0,1,3,98,2,5,2,98,0,0,14,10,99,1,2,64,0,0
35,350331,2,2,3,21,11,14,18,12,6,1,0,35,9,37,32,37032,4,2009,1HGCS12829A0,1,H,G,C,S,1,2,8,2,9,A,0,0,P,HOND,AXL,CP,9,17,3307,,0,1079,,G,,F,4,146,,,17R225,,,,,,0,0,000000000,00000000000,0,0,0,1,0,0,0,0,0,0,0,998,0,0,0,61,6,2,12,0,0,0,1,35,87544,6,1,0,0,3,0,64,155,98,0,0,0,0,0,0,0,0,0,0,0,0,0,1,3,98,3,6,2,98,0,0,14,62,99,1,1,65,1,0
35,350332,1,1,2,24,8,19,35,34,0,1,0,35,1,12,481,12481,31,2003,1FTRW07L83KD,1,F,T,R,W,0,7,L,8,3,K,D,0,T,FORD,F1S,CW,3,17,,2,0,1385,COF,G,,,8,330,,,,B,4655,00,U,42,0,0,000000000,00000000000,0,0,0,1,0,0,0,0,0,0,0,998,0,1,5,98,6,2,1,0,0,0,1,35,87038,2,1,0,0,2,3,66,205,98,0,0,0,0,0,0,0,0,1,0,0,0,0,1,2,98,1,1,4,11,0,0,1,10,7,3,4,7,1,1
35,350333,1,1,2,4,5,10,39,35,0,1,0,40,2,18,5,18005,2,1995,1G4GD2211S47,1,G,4,G,D,2,2,1,1,S,4,7,0,P,BUIC,RIV,CP,95,17,3742,,0,1138,,G,,Z,6,231,,,16R225,,,,,,0,0,000000000,00000000000,0,0,0,1,0,0,0,0,0,0,0,998,0,1,6,98,6,2,1,0,0,0,1,35,87582,2,1,0,0,2,0,60,98,98,2,0,0,0,7,2009,9,2009,1,0,0,0,0,2,2,55,1,1,2,1,0,0,1,13,1,3,4,2,1,1
35,350334,1,2,4,21,8,14,12,12,6,1,0,48,1,49,422,49422,15,2006,5TDZT34A86S2,5,T,D,Z,T,3,4,A,8,6,S,2,0,P,TOYT,SEQ,UT,6,17,5090,,0,1181,,G,,F,8,285,,,16R245,,,,,,0,0,000000000,00000000000,0,0,0,1,0,0,0,0,0,0,0,998,0,0,0,82,6,2,12,0,0,0,1,48,76054,6,1,0,0,3,0,65,122,0,0,0,0,0,0,0,0,0,0,38,30,0,0,1,2,50,3,2,2,1,0,0,11,15,1,1,1,98,0,0
35,350334,2,2,2,21,8,14,12,12,6,1,0,48,1,37,706,37706,80,2003,1HFSC49003A1,1,H,F,S,C,4,9,0,0,3,A,1,0,M,HOND,XTR,RS,3,17,,,,,,,1795,,2,,4,720,,,,,,,0,0,000000000,00000000000,0,0,0,1,0,0,0,0,0,0,0,998,0,0,0,12,6,2,12,0,0,0,1,48,79360,6,1,0,0,3,0,37,200,0,0,0,0,0,0,0,0,0,0,0,0,0,0,1,2,50,2,2,2,1,0,0,14,62,99,1,1,98,1,0
35,350335,1,2,2,13,3,5,30,12,6,1,0,18,3,82,881,82881,66,2012,1FUJGLBG0CSB,1,F,U,J,G,L,B,G,0,C,S,B,1,T,FRHT,125,TR,12,17,,8,0,0,CSC,D,,,6,915,,,,,00000,00,,64,1,57,202526,57202526,3,6,1,1,0,0,0,0,0,0,0,998,0,0,0,62,6,2,12,0,0,0,1,32,89014,6,1,6,0,3,3,999,999,0,0,0,0,0,0,0,0,0,0,0,0,0,0,2,2,75,1,1,2,1,0,0,1,62,7,9,1,66,0,0
35,350335,2,2,1,13,3,5,30,12,6,1,0,35,2,23,421,23421,15,2006,2GTEK13T1612,2,G,T,E,K,1,3,T,1,6,1,2,0,T,GMC,NK1,CW,6,17,,2,0,1435,SIE,G,,,8,323,,,,B,5284,00,4,44,0,0,000000000,00000000000,0,0,0,1,0,0,0,0,0,0,0,998,0,0,0,12,6,2,12,0,0,0,1,35,87323,6,1,0,0,3,0,999,999,98,0,0,0,0,0,0,0,0,1,28,36,0,0,2,2,75,1,1,2,1,0,0,1,12,99,1,4,66,1,1
35,350336,1,1,1,9,9,10,56,24,0,1,0,17,1,72,706,72706,80,2007,1HD1FC4177Y6,1,H,D,1,F,C,4,1,7,7,Y,6,0,M,HD,FLU,RS,7,17,,,,,,,1584,,2,,4,808,,,,,,,0,0,000000000,00000000000,0,0,0,1,0,0,0,0,0,0,0,35,0,0,0,81,4,3,1,0,0,0,1,17,60431,6,1,0,0,3,3,62,212,0,0,0,0,0,0,0,0,0,1,0,0,0,0,1,2,35,3,3,2,1,0,0,14,6,1,1,4,1,1,0
35,350337,1,1,3,19,9,9,24,18,0,1,0,18,1,12,850,12850,65,2005,1GBJG31U2511,1,G,B,J,G,3,1,U,2,5,1,1,0,T,CHEV,CT3,YY,5,17,,3,1770,1390,ETV,G,,,8,366,,,,D,4881,00,,42,0,0,000000000,00000000000,0,0,0,1,0,0,0,0,0,0,0,998,0,0,0,12,4,1,8,0,0,0,1,18,47665,6,1,0,0,3,0,71,180,0,0,0,0,0,0,0,0,0,0,0,0,0,0,2,2,65,1,1,2,1,98,3,1,12,1,1,4,6,0,0
35,350338,1,1,2,17,10,19,12,1,0,1,0,35,2,20,421,20421,15,2001,1GNEK13T31J1,1,G,N,E,K,1,3,T,3,1,J,1,0,P,CHEV,KTA,UT,1,17,5050,,0,1160,,G,,F,8,325,,,16R245,,,,,,0,0,000000000,00000000000,0,0,0,1,0,0,0,0,0,0,0,998,0,1,5,0,6,2,1,0,0,0,1,35,87417,0,0,0,0,0,0,72,188,98,0,0,0,0,0,0,0,0,9,99,99,99,99,1,2,98,1,1,3,1,0,0,1,10,1,1,4,6,1,1
35,350339,1,1,1,28,10,0,18,11,0,1,0,35,2,22,18,22018,4,2004,1G2NF52E34C1,1,G,2,N,F,5,2,E,3,4,C,1,0,P,PONT,SE1,4D,4,17,3066,,0,1070,,G,,F,6,207,,,15R215,,,,,,0,0,000000000,00000000000,0,0,0,1,0,0,0,0,0,0,0,999,0,0,0,12,6,2,11,0,0,0,1,6,87114,1,1,0,0,2,0,71,200,0,0,0,0,0,0,0,0,0,9,0,0,0,0,1,2,50,2,2,2,1,0,0,14,19,4,4,2,98,1,1
35,350340,1,2,1,30,5,17,0,12,1,1,9,99,9,99,999,99999,99,9999,999999999999,9,9,9,9,9,9,9,9,9,9,9,9,1,,,,,,,,,,,,,,,,,,,,,,,,,1,0,000000000,00000000000,0,0,0,1,0,0,0,0,0,0,0,999,0,0,0,12,9,1,12,0,0,0,1,99,99999,9,9,99,9,9,9,999,999,99,99,99,99,99,99,9999,99,9999,9,0,0,0,0,2,2,98,1,1,2,1,0,0,1,18,4,1,1,20,0,0
35,350340,2,2,2,30,5,17,0,12,1,1,1,99,9,99,999,99999,99,9999,999999999999,9,9,9,9,9,9,9,9,9,9,9,9,0,,,,,,,,,,,,,,,,,,,,,,,,,0,0,000000000,00000000000,0,0,0,1,0,0,0,0,0,0,0,0,0,0,0,6,9,9,12,0,0,0,1,99,99999,9,9,99,9,9,9,999,999,99,99,99,99,99,99,9999,99,9999,0,0,0,0,0,2,2,98,1,1,2,1,0,0,5,98,1,1,1,21,1,0
35,350341,1,1,5,15,9,19,14,1,0,1,0,35,2,12,422,12422,15,2001,1FMPU18L81LA,1,F,M,P,U,1,8,L,8,1,L,A,0,P,FORD,EPT,UT,1,17,5417,,0,1191,,G,,F,8,330,,,17R265,,,,,,0,0,000000000,00000000000,0,0,0,1,0,0,0,0,0,0,0,998,0,1,1,0,6,2,1,0,0,0,1,35,87701,6,1,0,0,3,0,67,284,98,0,0,0,0,0,0,0,0,0,0,0,0,0,2,4,75,1,1,2,1,0,0,1,10,1,1,2,98,1,0
35,350342,1,1,1,26,9,11,30,8,0,1,1,99,9,99,999,99999,99,9999,999999999999,9,9,9,9,9,9,9,9,9,9,9,9,0,,,,,,,,,,,,,,,,,,,,,,,,,0,0,000000000,00000000000,0,0,0,1,0,0,0,0,0,0,0,999,0,0,0,12,9,1,8,0,0,0,1,99,99999,9,9,99,9,9,9,999,999,99,99,99,99,99,99,9999,99,9999,9,0,0,0,0,1,4,65,1,1,2,2,0,0,1,10,99,1,1,98,0,0
35,350343,1,1,1,11,9,22,18,1,0,1,0,35,1,47,999,47999,49,2005,999999999999,9,9,9,9,9,9,9,9,9,9,9,9,0,,,,,,,,,,,,,,,,,,,,,,,,,0,0,000000000,00000000000,0,0,0,1,0,0,0,0,0,0,0,998,0,1,1,0,6,2,1,0,0,1,1,35,87106,6,1,0,0,3,0,66,130,98,0,0,0,0,0,0,0,0,1,0,0,0,0,3,4,75,1,1,2,1,0,0,1,10,6,3,2,98,1,0
35,350344,1,2,1,16,6,3,26,12,1,1,0,35,0,72,706,72706,80,1984,999999999999,9,9,9,9,9,9,9,9,9,9,9,9,0,,,,,,,,,,,,,,,,,,,,,,,,,0,0,000000000,00000000000,0,0,0,1,0,0,0,0,0,0,0,998,0,0,0,12,6,2,12,0,0,0,1,35,87111,6,1,0,0,3,0,69,175,98,0,0,0,0,0,0,0,0,9,0,0,0,0,2,2,75,1,1,2,1,0,0,1,19,99,1,1,33,1,1
35,350344,2,2,1,16,6,3,26,12,1,1,0,35,1,22,2,22002,4,2002,999999999999,9,9,9,9,9,9,9,9,9,9,9,9,0,,,,,,,,,,,,,,,,,,,,,,,,,0,0,000000000,00000000000,0,0,0,1,0,0,0,0,0,0,0,998,0,0,0,6,9,9,12,0,0,0,1,35,87112,6,1,0,0,3,0,70,175,98,0,0,0,0,99,9999,99,9999,0,0,0,0,0,1,2,75,1,1,2,1,0,0,1,19,1,1,1,33,0,0
36,360001,1,1,2,1,1,19,36,1,0,1,0,36,1,20,36,20036,2,1995,2G1WW12M8S91,2,G,1,W,W,1,2,M,8,S,9,1,0,P,CHEV,MLS,CP,95,17,3276,,0,1075,,G,,F,6,191,,,15R205,,,,,,0,0,000000000,00000000000,0,0,0,1,0,0,0,0,0,0,0,998,0,2,5,0,8,2,42,0,0,0,1,36,12087,6,1,0,0,3,0,71,999,0,0,0,0,0,0,0,0,0,1,0,0,0,0,1,2,45,1,2,2,2,0,0,1,13,1,1,4,1,1,1
36,360002,1,1,2,1,1,21,12,42,0,1,0,36,2,34,34,34034,4,1999,WBABK8331XEY,W,B,A,B,K,8,3,3,1,X,E,Y,0,P,BMW,8CA,CV,99,17,3472,,0,1063,,G,,F,6,170,,,15R205,,,,,,0,0,000000000,00000000000,0,0,0,1,0,0,0,0,0,0,0,998,0,0,0,9,8,2,42,0,0,0,1,36,10520,6,2,0,0,3,0,60,999,1,0,0,0,0,4,2011,4,2011,0,0,0,0,0,6,2,55,2,1,2,2,0,0,14,13,1,2,4,2,1,1
36,360003,1,2,1,1,1,5,7,12,1,1,0,36,2,52,34,52034,4,2002,4A3AA46H82E1,4,A,3,A,A,4,6,H,8,2,E,1,0,P,MITS,ELG,4D,2,17,3252,,0,1037,,G,,F,6,181,,,16R205,,,,,,0,0,000000000,00000000000,0,0,0,1,0,0,0,0,0,0,0,999,0,0,0,12,8,2,12,0,0,0,1,36,11368,2,1,2,0,2,0,70,999,0,2,1,0,1,5,2010,11,2011,1,27,0,0,0,3,4,50,1,1,1,2,0,0,15,10,1,1,2,98,0,0
36,360003,2,2,1,1,1,5,7,12,1,1,0,36,1,13,1,13001,4,2011,2LNBL8CV4BX7,2,L,N,B,L,8,C,V,4,B,X,7,0,P,LINC,SGL,4D,11,17,4352,,0,1177,,F,,F,8,281,,,17R225,,,,,,0,0,000000000,00000000000,0,0,0,1,0,0,0,0,0,0,0,0,0,0,0,6,8,2,12,0,0,0,1,36,11412,6,1,0,0,3,3,68,999,0,0,0,0,4,10,2010,12,2011,0,0,0,0,0,3,4,50,1,1,1,2,0,0,5,61,1,1,1,98,1,0
36,360004,1,1,1,2,1,17,6,53,0,1,0,36,1,41,49,41049,4,2008,JM1FE1731802,J,M,1,F,E,1,7,3,1,8,0,2,0,P,MAZD,RX8,C4,8,17,3045,,0,1064,,G,,F,R,080,,,18R225,,,,,,0,0,000000000,00000000000,0,0,0,1,0,0,0,0,0,0,0,68,0,0,0,11,6,2,2,0,0,1,1,36,14564,6,1,0,0,3,0,71,999,1,0,0,0,0,5,2010,5,2010,1,0,0,0,0,1,2,55,1,1,2,1,28,3,1,13,1,3,4,2,1,1
36,360005,1,1,1,1,1,11,15,8,0,1,0,34,2,20,401,20401,14,2000,1GNDT13W1Y23,1,G,N,D,T,1,3,W,1,Y,2,3,0,T,CHEV,BZR,4W,0,17,,1,0,1070,BZR,G,,,6,262,,,,B,4049,00,,44,0,0,000000000,00000000000,0,0,0,1,0,0,0,0,0,0,0,999,0,0,0,12,8,1,8,0,0,0,1,34,8088,6,1,0,0,3,0,73,999,0,5,0,0,5,1,2009,12,2011,0,0,0,0,0,1,4,30,1,6,2,1,3,3,11,80,1,1,1,13,0,0