STATE,ST_CASE,VEH_NO,VE_FORMS,NUMOCCS,DAY,MONTH,HOUR,MINUTE,HARM_EV,MAN_COLL,UNITTYPE,HIT_RUN,REG_STAT,OWNER,MAKE,MODEL,MAK_MOD,BODY_TYP,MOD_YEAR,VIN,VIN_1,VIN_2,VIN_3,VIN_4,VIN_5,VIN_6,VIN_7,VIN_8,VIN_9,VIN_10,VIN_11,VIN_12,TOW_VEH,VINTYPE,VINMAKE,VINA_MOD,VIN_BT,VINMODYR,VIN_LNGT,VIN_WGT,WGTCD_TR,WHLBS_LG,WHLBS_SH,SER_TR,FUELCODE,MCYCL_DS,CARBUR,CYLINDER,DISPLACE,MCYCL_CY,MCYCL_WT,TIRE_SZE,TON_RAT,TRK_WT,TRKWTVAR,VIN_REST,WHLDRWHL,J_KNIFE,MCARR_I1,MCARR_I2,MCARR_ID,GVWR,V_CONFIG,CARGO_BT,HAZ_INV,HAZ_PLAC,HAZ_ID,HAZ_CNO,HAZ_REL,BUS_USE,SPEC_USE,EMER_USE,TRAV_SP,UNDERIDE,ROLLOVER,ROLINLOC,IMPACT1,DEFORMED,TOWED,M_HARM,VEH_SC1,VEH_SC2,FIRE_EXP,DR_PRES,L_STATE,DR_ZIP,L_STATUS,L_TYPE,CDL_STAT,L_ENDORS,L_COMPL,L_RESTRI,DR_HGT,DR_WGT,PREV_ACC,PREV_SUS,PREV_DWI,PREV_SPD,PREV_OTH,FIRST_MO,FIRST_YR,LAST_MO,LAST_YR,SPEEDREL,DR_SF1,DR_SF2,DR_SF3,DR_SF4,VTRAFWAY,VNUM_LAN,VSPD_LIM,VALIGN,VPROFILE,VPAVETYP,VSURCOND,VTRAFCON,VTCONT_F,P_CRASH1,P_CRASH2,P_CRASH3,PCRASH4,PCRASH5,ACC_TYPE,DEATHS,DR_DRINK
36,360076,3,4,1,6,2,16,49,12,2,1,0,36,1,20,481,20481,31,1997,2GCEK19RXV12,2,G,C,E,K,1,9,R,X,V,1,2,0,T,CHEV,GK1,PC,97,17,,2,1555,1415,GM4,G,,,8,350,,,,B,4544,00,,44,0,0,000000000,00000000000,0,0,0,1,0,0,0,0,0,0,0,999,0,0,0,12,8,2,12,0,0,0,1,36,13608,6,1,0,0,3,0,70,999,0,0,0,0,0,0,0,0,0,0,0,0,0,0,1,2,99,4,1,2,1,0,0,14,62,1,1,1,98,0,0
36,360076,4,4,1,6,2,16,49,12,2,1,0,36,1,7,482,7482,31,2007,1D7HA16K07J5,1,D,7,H,A,1,6,K,0,7,J,5,0,T,DODG,S1T,PK,7,17,,2,1605,1405,RPC,G,,,6,225,,,,B,4451,01,E,42,0,0,000000000,00000000000,0,0,0,1,0,0,0,0,0,0,0,999,0,0,0,12,8,2,12,0,0,0,1,36,13606,6,1,0,0,3,3,70,999,0,0,0,0,0,0,0,0,0,0,0,0,0,0,1,2,99,4,1,2,1,0,0,14,60,1,1,1,98,1,1
36,360077,1,1,1,11,2,16,18,52,0,1,0,34,3,49,51,49051,3,2010,JTDJT4K35A53,J,T,D,J,T,4,K,3,5,A,5,3,0,P,TOYT,YAR,2H,10,17,2290,,0,969,,G,,F,4,091,,,14R175,,,,,,0,0,000000000,00000000000,0,0,0,1,0,0,0,0,0,0,0,999,0,0,0,12,8,2,43,0,0,0,1,36,12553,6,1,0,0,3,3,70,999,1,0,0,0,0,10,2011,10,2011,0,0,0,0,0,1,2,40,1,1,2,1,28,3,1,12,1,1,4,6,1,0
36,360078,1,1,1,8,2,16,5,8,0,1,0,36,2,2,405,2405,14,2005,1J4GL48K15W7,1,J,4,G,L,4,8,K,1,5,W,7,0,T,JEEP,SPR,4W,5,17,,1,0,1043,LIB,G,,,6,226,,,,,3731,00,E,44,0,0,000000000,00000000000,0,0,0,1,0,0,0,0,0,0,0,30,0,0,0,12,8,3,8,0,0,0,1,36,14738,6,1,0,0,3,3,62,999,0,0,0,0,0,0,0,0,0,0,0,0,0,0,1,2,30,1,3,2,1,0,0,1,80,1,1,1,13,0,0
36,360079,1,2,1,8,2,22,28,12,1,1,0,36,1,12,461,12461,21,2000,1FTNS24L8YHB,1,F,T,N,S,2,4,L,8,Y,H,B,0,T,FORD,25V,EC,0,17,,2,0,1380,VAN,G,,,8,330,,,,C,5145,02,M,42,0,0,000000000,00000000000,0,0,0,1,0,0,0,0,0,0,0,0,0,1,5,6,6,2,1,0,0,0,1,36,14212,6,1,0,0,3,0,70,999,0,0,0,0,0,0,0,0,0,0,0,0,0,0,3,2,65,4,1,2,1,0,0,5,53,1,1,1,21,1,0
36,360079,2,2,1,8,2,22,28,12,1,1,0,39,3,82,881,82881,66,2012,1FUJGHDV8CLB,1,F,U,J,G,H,D,V,8,C,L,B,1,T,FRHT,113,TR,12,17,,8,0,0,CSC,D,,,6,781,,,,,00000,00,,64,1,57,255968,57255968,3,6,4,1,0,0,0,0,0,0,0,999,0,1,5,12,6,2,1,0,0,0,1,39,44082,6,1,6,1,3,0,68,175,0,0,0,0,1,11,2009,11,2009,0,0,0,0,0,3,2,65,4,1,2,1,0,0,14,50,3,1,1,20,0,0
36,360080,1,2,2,7,2,17,44,12,6,1,0,36,1,12,471,12471,30,1997,1FTCR10A9VTA,1,F,T,C,R,1,0,A,9,V,T,A,0,T,FORD,RNG,PK,97,17,,1,1140,1080,RNG,G,,,4,140,,,,B,2970,01,E,42,0,0,000000000,00000000000,0,0,0,1,0,0,0,0,0,0,0,999,0,0,0,82,8,2,12,0,0,0,1,36,12121,6,1,0,0,3,0,70,999,0,0,0,0,0,0,0,0,0,0,38,0,0,0,1,2,30,1,2,2,1,0,0,11,15,1,1,1,68,1,0
36,360080,2,2,4,7,2,17,44,12,6,1,0,36,1,7,27,7027,6,2011,3D4PG1FG7BT5,3,D,4,P,G,1,F,G,7,B,T,5,0,P,DODG,JOU,UT,11,17,3884,,0,1138,,F,,F,6,220,,,17R225,,,,,,0,0,000000000,00000000000,0,0,0,1,0,0,0,0,0,0,0,999,0,0,0,12,8,2,12,0,0,0,1,36,12182,6,1,0,0,3,0,65,999,0,0,0,0,0,0,0,0,0,0,0,0,0,0,1,2,30,1,2,2,1,0,0,1,62,1,1,1,69,0,0
36,360081,1,1,1,11,2,23,0,8,0,1,0,36,1,20,481,20481,31,2002,2GCEK19T7211,2,G,C,E,K,1,9,T,7,2,1,1,0,T,CHEV,SK1,4C,2,17,,2,1575,1435,SIL,G,,,8,325,,,,B,4910,02,,44,0,0,000000000,00000000000,0,0,0,1,0,0,0,0,0,0,0,44,0,0,0,12,8,1,8,0,0,0,1,36,12538,6,1,6,0,3,3,74,999,1,0,0,0,0,11,2010,11,2010,0,0,0,0,0,1,2,45,1,2,2,1,0,0,1,80,1,1,4,13,0,1
36,360082,1,1,1,9,2,15,50,42,0,1,0,36,2,22,20,22020,4,2006,2G2WP5525611,2,G,2,W,P,5,5,2,5,6,1,1,0,P,PONT,GRA,4D,6,17,3477,,0,1105,,G,,F,6,232,,,16R225,,,,,,0,0,000000000,00000000000,0,0,0,1,0,0,0,0,0,0,0,999,0,0,0,9,6,2,42,0,0,0,1,36,13476,6,1,0,0,3,0,67,999,0,0,0,0,0,0,0,0,0,1,0,0,0,0,1,2,55,3,1,2,1,0,0,14,6,7,3,4,2,1,1
36,360083,1,2,1,11,2,15,29,12,6,1,0,36,2,18,20,18020,4,1996,2G4WB52K1T15,2,G,4,W,B,5,2,K,1,T,1,5,0,P,BUIC,RGC,4D,96,17,3331,,0,1075,,G,,F,6,231,,,15R205,,,,,,0,0,000000000,00000000000,0,0,0,1,0,0,0,0,0,0,0,999,0,0,0,9,8,2,12,0,0,0,1,36,14120,6,1,0,0,3,3,66,999,0,0,0,0,0,0,0,0,0,1,87,0,0,0,1,4,45,1,2,1,10,0,0,1,5,1,9,2,64,1,0
36,360083,2,2,2,11,2,15,29,12,6,1,0,36,1,12,471,12471,30,1998,1FTYR14U2WPA,1,F,T,Y,R,1,4,U,2,W,P,A,0,T,FORD,RNS,PC,98,17,,1,0,1257,RNG,G,,,6,182,,,,B,3210,01,E,42,0,0,000000000,00000000000,0,0,0,1,0,0,0,0,0,0,0,999,0,0,0,12,8,2,12,0,0,0,1,36,14228,6,1,0,0,3,0,70,999,0,0,0,0,0,0,0,0,0,0,0,0,0,0,1,4,45,1,2,1,10,0,0,1,62,1,1,1,65,0,0
36,360084,1,1,1,12,2,19,1,42,0,1,0,36,1,49,32,49032,4,2002,2T1BR12E32C5,2,T,1,B,R,1,2,E,3,2,C,5,0,P,TOYT,UCS,4D,2,17,2405,,0,970,,G,,F,4,109,,,14R175,,,,,,0,0,000000000,00000000000,0,0,0,1,0,0,0,0,0,0,0,55,0,0,0,12,6,2,42,0,0,0,1,36,12143,6,1,0,0,3,3,67,999,0,1,1,1,1,4,2010,6,2010,0,0,0,0,0,1,2,55,1,1,2,1,28,3,1,12,1,1,4,6,1,0
36,360085,1,1,3,13,2,6,4,31,0,1,0,95,1,35,398,35398,9,2005,999999999999,9,9,9,9,9,9,9,9,9,9,9,9,0,,,,,,,,,,,,,,,,,,,,,,,,,0,0,000000000,00000000000,0,0,0,1,0,0,0,0,0,0,0,999,0,0,0,12,6,2,39,0,0,0,1,95,0,9,9,99,9,9,9,999,999,99,99,99,99,99,99,9999,99,9999,0,0,0,0,0,3,2,65,1,1,2,1,0,0,1,13,1,1,4,6,1,1
36,360086,1,1,2,12,2,1,45,8,0,1,1,36,2,23,431,23431,16,1995,1GKEC16K1SJ7,1,G,K,E,C,1,6,K,1,S,J,7,0,T,GMC,SUB,4W,95,17,,2,0,1315,C15,G,,,8,350,,,,B,00000,00,M,42,0,0,000000000,00000000000,0,0,0,1,0,0,0,0,0,0,0,999,0,0,0,12,8,1,8,0,0,0,1,36,14472,1,1,0,0,2,2,66,999,0,0,0,0,0,0,0,0,0,0,74,87,0,0,1,2,55,1,1,2,3,0,0,1,80,1,1,1,13,0,0
36,360087,1,3,1,12,2,2,40,12,2,1,0,36,2,35,39,35039,4,1996,JN1CA21D4TT1,J,N,1,C,A,2,1,D,4,T,T,1,0,P,NISS,MGS,4D,96,17,2886,,0,1063,,G,,F,6,182,,,15R205,,,,,,0,0,000000000,00000000000,0,0,0,1,0,0,0,0,0,0,0,999,0,0,0,12,6,2,12,0,0,0,1,12,33068,6,1,0,0,3,0,66,999,0,0,0,0,0,0,0,0,0,0,51,0,0,0,3,3,40,1,1,2,1,0,0,1,98,1,1,1,52,1,1
36,360087,2,3,1,12,2,2,40,12,2,1,0,36,3,7,442,7442,20,2002,1B4GP243X2B6,1,B,4,G,P,2,4,3,X,2,B,6,0,T,DODG,GCS,ES,2,17,,1,0,1193,CAR,F,,,6,201,,,,,3906,00,E,42,0,0,000000000,00000000000,0,0,0,1,0,0,0,0,0,0,0,999,0,0,0,12,8,1,12,0,0,0,1,36,11218,6,1,0,0,3,0,69,999,0,0,0,0,0,0,0,0,0,0,0,0,0,0,3,3,40,1,1,2,1,0,0,1,54,1,1,1,52,1,0
36,360087,3,3,2,12,2,2,40,12,2,1,0,34,1,41,55,41055,5,2011,JM1DE1HZ2B01,J,M,1,D,E,1,H,Z,2,B,0,1,0,P,MAZD,MA2,4H,11,17,2306,,0,980,,G,,F,4,092,,,15R185,,,,,,0,0,000000000,00000000000,0,0,0,1,0,0,0,0,0,0,0,999,0,0,0,12,8,2,12,0,0,0,1,34,7205,6,1,0,0,3,3,65,999,2,0,0,0,2,9,2009,6,2011,0,0,0,0,0,3,3,40,1,1,2,1,0,0,1,98,1,1,1,98,0,0
36,360088,1,1,1,13,2,6,43,42,0,1,0,36,1,6,42,6042,4,1999,2C3HC56G1XH5,2,C,3,H,C,5,6,G,1,X,H,5,0,P,CHRY,LHS,4D,99,17,3492,,0,1130,,G,,F,6,215,,,17R225,,,,,,0,0,000000000,00000000000,0,0,0,1,0,0,0,0,0,0,0,999,0,0,0,3,6,2,42,0,0,0,1,36,13626,6,1,0,0,3,3,65,999,0,0,0,0,0,0,0,0,0,1,87,0,0,0,1,2,55,3,2,2,3,28,3,14,6,1,4,4,7,1,0
36,360089,1,1,2,13,2,19,11,8,0,1,0,36,2,49,40,49040,4,2006,JTDBE32K7630,J,T,D,B,E,3,2,K,7,6,3,0,0,P,TOYT,XLL,4D,6,17,3108,,0,1071,,G,,F,4,144,,,15R205,,,,,,0,0,000000000,00000000000,0,0,0,1,0,0,0,0,0,0,0,999,0,0,0,12,8,3,8,0,0,0,1,36,10989,6,2,0,0,3,3,69,999,0,0,0,0,0,0,0,0,0,0,0,0,0,0,3,3,40,1,1,2,1,0,0,1,80,1,1,1,13,0,0
36,360090,1,1,1,13,1,14,36,8,0,1,0,36,1,49,442,49442,20,2006,5TDZA23C56S4,5,T,D,Z,A,2,3,C,5,6,S,4,0,P,TOYT,SIE,SV,6,17,4120,,0,1193,,G,,F,6,201,,,15R205,,,,,,0,0,000000000,00000000000,0,0,0,1,0,0,0,0,0,0,0,999,0,0,0,12,8,1,8,0,0,0,1,36,11368,6,1,0,0,3,0,68,999,0,0,0,0,0,0,0,0,0,0,0,0,0,0,2,7,30,1,1,2,1,3,3,1,80,1,1,1,13,0,0
36,360091,1,1,3,15,2,21,18,1,0,1,0,36,2,20,16,20016,4,2002,1G1JF5249272,1,G,1,J,F,5,2,4,9,2,7,2,0,P,CHEV,CAS,4D,2,17,2676,,0,1041,,G,,F,4,133,,,15R195,,,,,,0,0,000000000,00000000000,0,0,0,1,0,0,0,0,0,0,0,999,0,1,1,0,8,2,30,0,0,0,1,36,12118,6,1,0,0,3,3,67,999,0,0,0,0,0,0,0,0,0,1,0,0,0,0,1,2,45,1,1,2,1,0,0,1,12,1,3,2,98,1,0
36,360092,1,1,1,12,1,6,40,8,0,1,0,36,3,12,461,12461,21,2008,1FBNE31L08DA,1,F,B,N,E,3,1,L,0,8,D,A,0,P,FORD,ECO,SV,8,17,0,,0,1380,,G,,F,8,330,,,16R225,,,,,,0,0,000000000,00000000000,0,0,0,1,0,0,0,0,0,0,0,30,0,0,0,12,8,1,8,0,0,0,1,36,11717,1,1,0,0,2,2,65,999,1,1,0,0,0,3,2009,5,2011,0,74,0,0,0,1,2,30,1,1,2,2,0,0,1,80,1,1,1,13,0,0
36,360093,1,2,1,16,2,11,50,12,6,1,0,36,1,37,31,37031,2,2003,1HGEM22973L0,1,H,G,E,M,2,2,9,7,3,L,0,0,P,HOND,UAX,CP,3,17,2553,,0,1031,,G,,F,4,102,,,14R185,,,,,,0,0,000000000,00000000000,0,0,0,1,0,0,0,0,0,0,0,999,0,0,0,12,8,2,12,0,0,0,1,36,10509,6,1,0,0,3,3,62,999,0,0,0,0,0,0,0,0,0,0,0,0,0,0,3,2,55,1,1,2,1,4,3,1,67,1,1,1,83,0,0
36,360093,2,2,1,16,2,11,50,12,6,1,0,9,1,14,6,14006,4,2001,2MEFM75W81X7,2,M,E,F,M,7,5,W,8,1,X,7,0,P,MERC,MGL,4D,1,17,3948,,0,1147,,G,,F,8,281,,,16R225,,,,,,0,0,000000000,00000000000,0,0,0,1,0,0,0,0,0,0,0,999,0,0,0,61,8,2,12,0,0,0,1,9,6776,6,1,0,0,3,0,69,999,98,0,0,0,0,0,0,0,0,0,38,0,0,0,3,2,55,1,1,2,1,4,3,11,15,1,1,1,82,1,0
36,360094,1,1,1,13,2,9,28,8,0,1,0,42,2,37,402,37402,14,1999,JHLRD1863XC0,J,H,L,R,D,1,8,6,3,X,C,0,0,P,HOND,CRV,UT,99,17,3245,,0,1032,,G,,F,4,120,,,15R205,,,,,,0,0,000000000,00000000000,0,0,0,1,0,0,0,0,0,0,0,999,0,0,0,12,8,1,8,0,0,0,1,36,11212,6,7,0,0,3,2,66,999,0,0,0,0,0,0,0,0,0,0,38,73,0,0,1,2,30,1,1,2,1,3,3,1,80,1,1,1,13,0,0
36,360095,1,2,1,12,1,7,35,12,2,1,0,36,3,84,881,84881,66,1995,1HSHBAHNXSH6,1,H,S,H,B,A,H,N,X,S,H,6,1,T,INTL,810,TR,95,17,,7,2560,1360,80S,D,,,6,661,,,,,00000,00,,42,1,99,999999999,99999999999,3,6,1,1,0,0,0,0,0,0,0,999,0,0,0,12,8,2,12,0,0,0,1,36,10522,6,1,6,1,3,0,70,999,0,0,0,0,0,0,0,0,0,0,0,0,0,0,1,4,99,1,1,2,2,0,0,1,62,1,1,1,51,0,0
36,360095,2,2,1,12,1,7,35,12,2,1,0,36,2,24,401,24401,14,2002,5GZCZ63B02S8,5,G,Z,C,Z,6,3,B,0,2,S,8,0,P,STRN,VUE,UT,2,17,3491,,0,1066,,G,,F,6,181,,,16R235,,,,,,0,0,000000000,00000000000,0,0,0,1,0,0,0,0,0,0,0,999,0,0,0,12,8,8,12,0,0,0,1,36,11736,6,1,0,0,3,0,68,999,1,0,0,0,0,9,2010,9,2010,0,28,0,0,0,1,4,99,1,1,2,2,0,0,1,10,1,1,2,50,1,0
36,360096,1,1,1,15,2,13,45,14,0,1,0,36,1,12,473,12473,30,2006,1FMEU73806UA,1,F,M,E,U,7,3,8,0,6,U,A,0,P,FORD,EPR,UT,6,17,4456,,0,1137,,G,,F,8,281,,,16R235,,,,,,0,0,000000000,00000000000,0,0,0,1,0,0,0,0,0,0,0,70,0,0,0,12,8,2,14,0,0,0,1,36,13440,6,1,0,0,3,0,74,999,0,0,0,0,1,6,2009,6,2009,0,0,0,0,0,3,2,65,1,1,2,2,0,0,1,13,1,1,4,1,1,0
36,360097,1,1,1,17,2,9,25,35,0,1,0,36,1,7,442,7442,20,1996,2B4FP253XTR5,2,B,4,F,P,2,5,3,X,T,R,5,0,P,DODG,CAR,SV,96,17,3425,,0,1133,,G,,F,6,181,,,14R205,,,,,,0,0,000000000,00000000000,0,0,0,1,0,0,0,0,0,0,0,999,0,0,0,12,8,2,18,0,0,0,1,36,12092,6,1,0,0,3,3,62,999,0,0,0,0,0,0,0,0,0,0,39,0,0,0,1,2,55,1,2,2,2,20,3,1,13,1,1,4,1,1,0
36,360098,1,1,1,17,2,16,13,42,0,1,0,36,1,55,36,55036,3,1998,KMHVD34N6WU3,K,M,H,V,D,3,4,N,6,W,U,3,0,P,HYUN,ASI,2H,98,17,2101,,0,945,,G,,F,4,091,,,13R175,,,,,,0,0,000000000,00000000000,0,0,0,1,0,0,0,0,0,0,0,999,0,0,0,12,6,2,2,0,0,1,1,36,12601,6,1,0,0,3,0,66,999,0,0,0,0,0,0,0,0,0,0,0,0,0,0,1,2,55,1,1,2,1,0,0,1,13,1,1,4,1,1,0
36,360099,1,1,3,17,2,22,30,8,0,1,0,36,2,37,32,37032,4,1997,1HGCD5689VA1,1,H,G,C,D,5,6,8,9,V,A,1,0,P,HOND,UVP,4D,97,17,2908,,0,1069,,G,,F,4,132,,,14R185,,,,,,0,0,000000000,00000000000,0,0,0,1,0,0,0,0,0,0,0,38,0,0,0,12,8,2,8,0,0,0,1,36,10579,6,1,0,0,3,0,68,999,2,2,0,0,1,1,2011,11,2011,1,0,0,0,0,1,3,30,1,2,2,1,0,0,1,80,1,1,1,13,0,0
36,360100,1,1,3,18,2,19,8,42,0,1,0,36,2,48,38,48038,4,2008,JF1GE61688H5,J,F,1,G,E,6,1,6,8,8,H,5,0,P,SUBA,I25,4D,8,17,3064,,0,1031,,G,,F,4,150,,,16R205,,,,,,0,0,000000000,00000000000,0,0,0,1,0,0,0,0,0,0,0,999,0,0,0,7,6,2,42,0,0,0,1,36,10976,6,1,0,0,3,0,75,999,0,0,0,0,0,0,0,0,0,0,0,0,0,0,3,2,65,1,1,2,2,0,0,1,13,1,3,4,2,1,0
36,360101,1,2,2,18,2,23,1,12,2,1,0,36,1,14,21,14021,4,2008,3MEHM08Z68R6,3,M,E,H,M,0,8,Z,6,8,R,6,0,P,MERC,MPR,4D,8,17,3117,,0,1074,,G,,F,4,140,,,17R225,,,,,,0,0,000000000,00000000000,0,0,0,1,0,0,0,0,0,0,0,999,0,0,0,12,6,2,12,0,0,0,1,36,12144,1,1,0,0,2,2,69,999,0,3,0,0,3,6,2009,2,2012,0,39,74,0,0,1,2,45,1,1,2,1,20,3,1,17,1,1,1,98,1,0
36,360101,2,2,4,18,2,23,1,12,2,1,0,36,1,20,482,20482,31,2003,3GNEK13T13G2,3,G,N,E,K,1,3,T,1,3,G,2,0,T,CHEV,KAV,CW,3,17,,2,0,1300,AVL,G,,,8,325,,,,B,5652,00,,44,0,0,000000000,00000000000,0,0,0,1,0,0,0,0,0,0,0,999,0,1,2,12,6,2,1,0,0,0,1,36,12095,6,1,0,0,3,0,73,999,0,0,0,0,0,0,0,0,0,0,0,0,0,0,1,2,45,3,1,2,1,0,0,14,66,1,1,1,98,0,0
36,360102,1,1,1,19,2,11,19,34,0,1,0,36,1,12,481,12481,31,2006,1FTSX21P26EC,1,F,T,S,X,2,1,P,2,6,E,C,0,T,FORD,F2S,4C,6,17,,2,1580,1420,SRW,D,,,8,366,,,,C,6207,01,U,44,0,0,000000000,00000000000,0,0,0,1,0,0,0,0,0,0,0,999,0,0,0,12,8,2,3,0,0,0,1,36,14487,6,1,0,0,3,3,68,999,0,0,0,0,0,0,0,0,0,0,0,0,0,0,1,2,45,1,1,2,2,0,0,1,13,1,1,4,1,1,0
36,360103,1,1,2,20,2,15,41,8,0,1,0,36,2,37,31,37031,2,2006,2HGFG12646H5,2,H,G,F,G,1,2,6,4,6,H,5,0,P,HOND,UCL,CP,6,17,2716,,0,1043,,G,,F,4,110,,,16R205,,,,,,0,0,000000000,00000000000,0,0,0,1,0,0,0,0,0,0,0,999,0,0,0,12,8,1,8,0,0,0,1,36,11738,6,1,0,0,3,3,67,999,0,0,0,0,0,0,0,0,0,0,0,0,0,0,3,3,99,1,1,2,1,3,3,11,80,1,1,1,13,0,0
36,360104,1,1,1,22,2,1,57,53,0,1,0,36,2,18,2,18002,4,1999,1G4HR52K7XH4,1,G,4,H,R,5,2,K,7,X,H,4,0,P,BUIC,LLF,4D,99,17,3468,,0,1108,,G,,F,6,231,,,15R205,,,,,,0,0,000000000,00000000000,0,0,0,1,0,0,0,0,0,0,0,999,0,0,0,12,6,2,2,0,0,1,1,36,14432,6,1,0,0,3,0,71,999,0,0,0,0,0,0,0,0,0,1,0,0,0,0,1,2,40,1,1,2,2,0,0,1,13,1,1,4,1,1,1
36,360105,1,1,1,23,2,1,22,8,0,1,0,36,3,98,907,98907,52,2008,1VHHH3P24867,1,V,H,H,H,3,P,2,4,8,6,7,0,U,,,,8,17,,,,,,,,,,,,,,,,,,,0,88,888888888,88888888888,3,21,22,1,0,0,0,0,6,0,0,999,0,0,0,12,8,3,8,0,0,0,1,36,11369,6,1,6,1,3,0,68,999,0,0,0,0,0,0,0,0,0,0,0,0,0,0,1,2,30,1,1,2,1,3,3,1,80,1,1,1,13,0,0
36,360106,1,1,1,23,2,18,38,8,0,1,0,36,2,22,18,22018,4,2004,1G2NE52F14M5,1,G,2,N,E,5,2,F,1,4,M,5,0,P,PONT,GAS,4D,4,17,3066,,0,1070,,G,,F,4,134,,,15R215,,,,,,0,0,000000000,00000000000,0,0,0,1,0,0,0,0,0,0,0,999,0,0,0,12,8,2,8,0,0,0,1,36,11709,6,1,0,0,3,0,72,999,0,0,0,0,1,12,2010,12,2010,0,0,0,0,0,2,2,99,1,1,2,1,0,0,1,80,1,1,1,13,0,0
36,360107,1,1,1,26,2,0,22,59,0,1,0,36,2,63,33,63033,4,2006,KNAFE1220653,K,N,A,F,E,1,2,2,0,6,5,3,0,P,KIA,SLE,4D,6,17,2701,,0,1028,,G,,F,4,122,,,15R195,,,,,,0,0,000000000,00000000000,0,0,0,1,0,0,0,0,0,0,0,999,0,0,0,9,8,2,30,0,0,0,1,36,13205,6,1,0,0,3,0,73,999,0,3,0,0,1,7,2009,7,2010,1,0,0,0,0,3,2,35,4,1,2,2,0,0,14,13,1,1,4,1,1,1
36,360108,1,1,1,24,2,9,46,8,0,1,0,36,2,12,481,12481,31,2010,1FTFW1EV3AFA,1,F,T,F,W,1,E,V,3,A,F,A,0,T,FORD,F1S,CW,10,17,,2,1570,1450,COF,F,,,8,329,,,,B,5345,00,7,44,0,0,000000000,00000000000,0,0,0,1,0,0,0,0,0,0,0,999,0,0,0,12,0,3,8,0,0,0,1,36,10940,2,1,0,0,2,2,66,999,0,21,0,2,1,4,2009,1,2012,0,74,0,0,0,1,2,20,1,1,2,2,0,0,11,80,1,1,1,13,0,0
36,360109,1,2,1,23,2,16,21,12,6,1,0,36,1,24,1,24001,4,2002,1G8ZF52842Z1,1,G,8,Z,F,5,2,8,4,2,Z,1,0,P,STRN,SSL,4D,2,17,2351,,0,1024,,G,,F,4,116,,,14R185,,,,,,0,0,000000000,00000000000,0,0,0,1,0,0,0,0,0,0,0,55,0,0,0,12,6,2,12,0,0,0,1,36,12953,6,1,0,0,3,0,64,999,0,0,0,0,0,0,0,0,0,1,87,0,0,0,1,2,55,2,2,2,3,0,0,14,10,1,1,2,64,0,0
36,360109,2,2,1,23,2,16,21,12,6,1,0,36,2,63,33,63033,4,2003,KNAFB1612350,K,N,A,F,B,1,6,1,2,3,5,0,0,P,KIA,SSX,4H,3,17,2686,,0,1008,,G,,F,4,109,,,14R185,,,,,,0,0,000000000,00000000000,0,0,0,1,0,0,0,0,0,0,0,999,0,0,0,62,6,2,12,0,0,0,1,36,12941,6,1,0,0,3,0,70,999,0,0,0,0,0,0,0,0,0,0,0,0,0,0,1,2,55,3,2,2,3,0,0,14,62,1,1,1,65,1,0
36,360110,1,2,1,22,2,16,32,12,6,1,0,36,1,73,705,73705,80,2001,JKAZXDP111A0,J,K,A,Z,X,D,P,1,1,1,A,0,0,M,KAWK,Z7P,RC,1,17,,,,,,,750,,4,,4,448,,,,,,,0,0,000000000,00000000000,0,0,0,1,0,0,0,0,0,0,0,999,0,0,0,12,8,2,12,0,0,0,1,36,12198,6,1,0,0,3,0,71,999,0,0,0,0,0,0,0,0,0,1,8,0,0,0,1,2,35,1,1,2,1,0,0,6,6,1,7,2,98,1,0
36,360110,2,2,1,22,2,16,32,12,6,1,0,36,1,12,402,12402,14,2003,1FMYU92113KB,1,F,M,Y,U,9,2,1,1,3,K,B,0,P,FORD,SPE,UT,3,17,3346,,0,1031,,G,,F,6,181,,,15R225,,,,,,0,0,000000000,00000000000,0,0,0,1,0,0,0,0,0,0,0,999,0,0,0,63,8,2,12,0,0,0,1,36,12180,6,1,0,0,3,0,64,999,0,0,0,0,0,0,0,0,0,0,0,0,0,0,1,2,35,1,1,2,1,0,0,11,15,1,1,1,98,0,0
36,360111,1,1,4,25,2,19,35,8,0,1,1,36,2,49,43,49043,4,2007,4T1BK36B57U2,4,T,1,B,K,3,6,B,5,7,U,2,0,P,TOYT,UTS,4D,7,17,3495,,0,1071,,G,,F,6,214,,,16R215,,,,,,0,0,000000000,00000000000,0,0,0,1,0,0,0,0,0,0,0,999,0,0,0,12,8,1,8,0,0,0,1,36,12054,6,8,0,0,2,2,64,999,3,1,0,3,2,7,2010,12,2011,1,74,0,0,0,2,2,30,1,1,2,1,0,0,1,80,1,1,1,13,0,0
36,360112,1,1,1,28,2,11,58,8,0,1,0,36,1,2,404,2404,14,2007,1J8GR48K57C6,1,J,8,G,R,4,8,K,5,7,C,6,0,T,JEEP,LCF,4W,7,17,,1,0,1095,GCK,G,,,6,226,,,,,4376,00,7,44,0,0,000000000,00000000000,0,0,0,1,0,0,0,0,0,0,0,999,0,0,0,12,8,3,8,0,0,0,1,36,13126,6,1,0,0,3,0,63,999,1,0,0,1,0,7,2009,10,2009,0,38,0,0,0,1,4,30,1,1,2,1,20,3,10,80,1,1,1,13,0,0