STATE,ST_CASE,VEH_NO,VE_FORMS,NUMOCCS,DAY,MONTH,HOUR,MINUTE,HARM_EV,MAN_COLL,UNITTYPE,HIT_RUN,REG_STAT,OWNER,MAKE,MODEL,MAK_MOD,BODY_TYP,MOD_YEAR,VIN,VIN_1,VIN_2,VIN_3,VIN_4,VIN_5,VIN_6,VIN_7,VIN_8,VIN_9,VIN_10,VIN_11,VIN_12,TOW_VEH,VINTYPE,VINMAKE,VINA_MOD,VIN_BT,VINMODYR,VIN_LNGT,VIN_WGT,WGTCD_TR,WHLBS_LG,WHLBS_SH,SER_TR,FUELCODE,MCYCL_DS,CARBUR,CYLINDER,DISPLACE,MCYCL_CY,MCYCL_WT,TIRE_SZE,TON_RAT,TRK_WT,TRKWTVAR,VIN_REST,WHLDRWHL,J_KNIFE,MCARR_I1,MCARR_I2,MCARR_ID,GVWR,V_CONFIG,CARGO_BT,HAZ_INV,HAZ_PLAC,HAZ_ID,HAZ_CNO,HAZ_REL,BUS_USE,SPEC_USE,EMER_USE,TRAV_SP,UNDERIDE,ROLLOVER,ROLINLOC,IMPACT1,DEFORMED,TOWED,M_HARM,VEH_SC1,VEH_SC2,FIRE_EXP,DR_PRES,L_STATE,DR_ZIP,L_STATUS,L_TYPE,CDL_STAT,L_ENDORS,L_COMPL,L_RESTRI,DR_HGT,DR_WGT,PREV_ACC,PREV_SUS,PREV_DWI,PREV_SPD,PREV_OTH,FIRST_MO,FIRST_YR,LAST_MO,LAST_YR,SPEEDREL,DR_SF1,DR_SF2,DR_SF3,DR_SF4,VTRAFWAY,VNUM_LAN,VSPD_LIM,VALIGN,VPROFILE,VPAVETYP,VSURCOND,VTRAFCON,VTCONT_F,P_CRASH1,P_CRASH2,P_CRASH3,PCRASH4,PCRASH5,ACC_TYPE,DEATHS,DR_DRINK
36,360113,1,1,1,27,2,7,9,8,0,1,0,36,2,12,401,12401,14,2005,1FMZU73W05UA,1,F,M,Z,U,7,3,W,0,5,U,A,0,P,FORD,EPR,UT,5,17,4094,,0,1137,,G,,F,8,281,,,16R235,,,,,,0,0,000000000,00000000000,0,0,0,1,0,0,0,0,0,0,0,999,0,0,0,12,8,3,8,0,0,0,1,36,10920,6,2,0,0,3,0,67,999,0,0,0,0,0,0,0,0,0,0,0,0,0,0,4,1,15,1,1,2,1,20,3,1,80,1,1,1,13,0,0
36,360115,1,2,1,28,2,6,56,12,1,1,0,36,1,12,37,12037,4,2000,1FAFP33P6YW1,1,F,A,F,P,3,3,P,6,Y,W,1,0,P,FORD,FOX,4D,0,17,2564,,0,1030,,G,,F,4,122,,,14R185,,,,,,0,0,000000000,00000000000,0,0,0,1,0,0,0,0,0,0,0,0,0,0,0,6,6,2,12,0,0,0,1,36,13090,6,1,0,0,3,0,67,999,0,0,0,0,0,0,0,0,0,0,0,0,0,0,1,4,50,1,1,2,2,0,0,5,53,1,1,1,21,1,0
36,360115,2,2,1,28,2,6,56,12,1,1,0,49,1,22,20,22020,4,2005,2G2WP5224512,2,G,2,W,P,5,2,2,4,5,1,2,0,P,PONT,GRA,4D,5,17,3477,,0,1105,,G,,F,6,231,,,16R225,,,,,,0,0,000000000,00000000000,0,0,0,1,0,0,0,0,0,0,0,999,0,0,0,12,8,3,12,0,0,0,1,49,84098,3,1,0,0,2,2,76,215,98,0,0,4,0,3,2011,10,2011,0,26,74,0,0,1,4,50,1,1,2,2,0,0,1,50,1,1,1,20,0,0
36,360116,1,1,1,29,2,2,20,30,0,1,0,36,1,49,53,49053,5,2010,4T3BA3BB1AU0,4,T,3,B,A,3,B,B,1,A,U,0,0,P,TOYT,VEN,UT,10,17,3945,,0,1093,,G,,F,4,164,,,19R245,,,,,,0,0,000000000,00000000000,0,0,0,1,0,0,0,0,0,0,0,999,0,0,0,12,8,3,30,0,0,0,1,36,12601,6,1,0,0,3,0,68,999,0,0,0,0,2,3,2010,5,2011,0,0,0,0,0,1,4,99,1,1,2,1,3,3,1,13,1,1,4,1,1,0
36,360117,1,1,1,29,2,20,47,8,0,1,0,36,2,12,481,12481,31,1997,1FTHF26F8VEB,1,F,T,H,F,2,6,F,8,V,E,B,0,T,FORD,F25,PK,97,17,,2,0,1330,COF,D,,,8,444,,,,C,4870,00,A,44,0,0,000000000,00000000000,0,0,0,1,0,0,0,0,0,0,0,999,0,0,0,12,8,3,8,0,0,0,1,36,14559,6,1,0,0,3,0,73,999,0,0,0,0,0,0,0,0,0,0,0,0,0,0,1,2,55,1,1,2,1,0,0,1,80,1,1,1,13,0,0
36,360118,1,1,1,29,2,17,52,8,0,1,0,36,1,30,42,30042,5,2000,WVWGC21J7YW2,W,V,W,G,C,2,1,J,7,Y,W,2,0,P,VOLK,GLS,4H,0,17,2790,,0,989,,G,,F,4,121,,,15R195,,,,,,0,0,000000000,00000000000,0,0,0,1,0,0,0,0,0,0,0,999,0,0,0,12,8,1,8,0,0,0,1,36,11432,6,1,0,0,3,0,66,999,1,0,0,0,0,8,2010,8,2010,0,0,0,0,0,3,2,30,1,1,2,2,3,3,1,80,1,1,1,13,0,0
36,360119,1,1,1,29,2,13,0,8,0,1,0,36,2,41,53,41053,5,2011,JM3ER2BM8B03,J,M,3,E,R,2,B,M,8,B,0,3,0,P,MAZD,MCX,UT,11,17,3496,,0,0,,G,,F,4,152,,,000000,,,,,,0,0,000000000,00000000000,0,0,0,1,0,0,0,0,0,0,0,999,0,0,0,12,8,8,8,0,0,0,1,36,10471,6,1,0,0,3,0,64,999,0,0,0,0,0,0,0,0,0,0,0,0,0,0,1,2,30,1,1,2,2,3,3,11,80,1,1,1,13,0,0
36,360120,1,2,6,29,2,13,25,12,2,1,0,36,3,12,461,12461,21,2009,1FTNS24W09DA,1,F,T,N,S,2,4,W,0,9,D,A,0,T,FORD,25V,EC,9,17,,2,0,1380,VAN,G,,,8,281,,,,B,5625,00,E,42,0,0,000000000,00000000000,0,0,0,1,0,0,0,0,0,0,0,999,0,0,0,12,8,3,12,0,0,0,1,36,10452,6,1,6,1,3,0,67,999,0,0,0,0,0,0,0,0,0,0,0,0,0,0,1,4,30,1,1,2,2,3,3,1,62,1,1,1,51,1,0
36,360120,2,2,1,29,2,13,25,12,2,1,0,36,3,20,481,20481,31,2011,1GC1KXCG9BF1,1,G,C,1,K,X,C,G,9,B,F,1,0,T,CHEV,2K2,CW,11,17,,2,1677,1537,SIL,F,,,8,366,,,,C,6377,01,,44,0,0,000000000,00000000000,0,0,0,1,0,0,0,0,0,0,0,999,0,0,0,12,8,1,12,0,0,0,1,36,10467,6,1,0,0,3,0,66,999,0,3,0,0,0,2,2010,9,2011,0,28,0,0,0,1,4,30,1,1,2,2,3,3,1,10,1,1,2,50,0,0
36,360121,1,1,1,2,3,21,29,8,0,1,0,36,1,35,443,35443,20,2007,5N1BV28U57N1,5,N,1,B,V,2,8,U,5,7,N,1,0,P,NISS,QST,SV,7,17,4291,,0,1240,,G,,F,6,214,,,16R225,,,,,,0,0,000000000,00000000000,0,0,0,1,0,0,0,0,0,0,0,31,0,0,0,12,8,1,8,0,0,0,1,36,12582,6,1,0,0,3,0,70,999,1,0,0,0,0,7,2010,7,2010,0,0,0,0,0,3,3,30,1,1,2,2,3,3,1,80,1,1,1,13,0,0
36,360122,1,1,1,18,2,21,5,8,0,1,0,36,3,98,907,98907,52,2009,1VHHH3P26967,1,V,H,H,H,3,P,2,6,9,6,7,0,T,ONTR,,,9,17,,,,,,,,,,,,,,,,,,,0,99,999999999,99999999999,3,21,22,1,0,0,0,0,6,0,0,5,0,0,0,12,8,1,8,0,0,0,1,36,10017,6,1,6,0,3,0,66,999,1,0,0,0,2,10,2010,5,2011,0,38,0,0,0,1,3,30,1,1,2,1,3,3,11,80,1,1,1,13,0,0
36,360123,1,1,5,3,3,2,4,35,0,1,0,36,2,52,39,52039,2,1997,JA3AM84J5VY0,J,A,3,A,M,8,4,J,5,V,Y,0,0,P,MITS,30S,2H,97,17,3263,,0,972,,G,,F,6,181,,,17R245,,,,,,0,0,000000000,00000000000,0,0,0,1,0,0,0,0,0,0,0,999,0,1,5,9,6,2,1,0,0,0,1,36,14437,6,1,0,0,3,0,75,999,0,2,0,0,2,3,2009,2,2012,1,91,0,0,0,1,2,30,4,1,2,2,0,0,14,12,1,1,4,6,1,1
36,360124,1,1,3,4,3,12,37,8,0,1,0,36,2,41,54,41054,6,2010,JM3TB3MV5A02,J,M,3,T,B,3,M,V,5,A,0,2,0,P,MAZD,CX9,UT,10,17,4546,,0,1132,,G,,F,6,226,,,18R245,,,,,,0,0,000000000,00000000000,0,0,0,1,0,0,0,0,0,0,0,999,0,0,0,12,0,1,8,0,0,0,1,36,10970,6,1,0,0,3,0,57,999,0,0,0,0,0,0,0,0,0,0,38,0,0,0,1,2,15,1,1,2,1,0,0,1,80,1,1,1,13,0,0
36,360125,1,1,3,5,3,11,14,42,0,1,0,36,2,13,1,13001,4,1999,1LNHM97VXXY7,1,L,N,H,M,9,7,V,X,X,Y,7,0,P,LINC,CON,4D,99,17,3868,,0,1090,,G,,F,8,281,,,16R225,,,,,,0,0,000000000,00000000000,0,0,0,1,0,0,0,0,0,0,0,30,0,0,0,12,8,2,42,0,0,0,1,36,14609,1,1,0,0,2,2,69,999,0,19,0,0,1,9,2009,2,2012,0,74,0,0,0,1,2,30,1,3,2,1,0,0,1,13,1,1,4,1,1,0
36,360126,1,1,1,4,3,5,45,14,0,1,0,36,2,37,32,37032,2,2003,1HGCM82663A0,1,H,G,C,M,8,2,6,6,3,A,0,0,P,HOND,UEX,CP,3,17,3047,,0,1051,,G,,F,6,183,,,16R205,,,,,,0,0,000000000,00000000000,0,0,0,1,0,0,0,0,0,0,0,999,0,0,0,12,8,2,19,0,0,0,1,36,11950,6,1,0,0,3,0,75,999,1,1,0,0,0,11,2010,6,2011,0,0,0,0,0,1,4,35,2,1,2,1,0,0,14,12,1,1,4,6,1,0
36,360127,1,1,1,4,1,19,31,8,0,1,1,36,3,12,461,12461,21,2001,1FTNE24271HB,1,F,T,N,E,2,4,2,7,1,H,B,0,T,FORD,25V,CG,1,17,,2,0,1380,VAN,G,,,6,256,,,,C,5012,02,E,42,0,0,000000000,00000000000,0,0,0,1,0,0,0,0,0,0,0,999,0,0,0,12,8,1,8,0,0,0,1,36,11236,2,1,0,0,2,2,65,999,0,11,0,0,2,7,2009,8,2010,0,74,0,0,0,1,4,99,1,1,2,1,0,0,1,80,1,1,1,13,0,0
36,360128,1,2,1,11,1,6,50,8,0,1,0,36,3,12,461,12461,21,2002,1FTSS34L82HA,1,F,T,S,S,3,4,L,8,2,H,A,0,T,FORD,3SD,EC,2,17,,2,0,1380,VAN,G,,,8,330,,,,D,5616,00,E,42,0,0,000000000,00000000000,0,0,0,1,0,0,0,0,0,0,0,999,0,0,0,12,8,1,8,0,0,0,1,36,10002,6,1,0,0,3,0,68,999,0,1,0,0,4,6,2009,8,2011,0,0,0,0,0,1,4,99,1,1,2,1,0,0,1,80,1,1,1,13,0,0
36,360128,2,2,1,11,1,6,50,8,0,1,0,36,1,37,441,37441,20,2005,5FNRL38285B0,5,F,N,R,L,3,8,2,8,5,B,0,0,P,HOND,UDY,SV,5,17,4378,,0,1181,,G,,F,6,212,,,16R225,,,,,,0,0,000000000,00000000000,0,0,0,1,0,0,0,0,0,0,0,999,0,0,0,12,8,1,8,0,0,0,1,36,10032,6,1,6,0,3,0,67,999,0,0,0,0,0,0,0,0,0,0,0,0,0,0,1,4,99,1,1,2,1,0,0,1,80,4,1,1,98,0,0
36,360129,1,1,1,14,1,17,55,9,0,1,0,12,3,7,24,7024,4,2010,2B3CA3CV6AH1,2,B,3,C,A,3,C,V,6,A,H,1,0,P,DODG,CHS,4D,10,17,3820,,0,1200,,G,,F,6,214,,,17R215,,,,,,0,0,000000000,00000000000,0,0,0,1,0,0,0,0,0,0,0,999,0,0,0,12,8,1,9,0,0,0,1,36,11207,6,1,0,0,3,3,70,999,0,0,0,0,0,0,0,0,0,0,0,0,0,0,3,2,99,1,1,2,1,3,3,1,83,1,1,1,13,0,0
36,360130,1,1,1,25,1,17,45,8,0,1,0,34,1,49,40,49040,4,2005,4T1BE32K85U0,4,T,1,B,E,3,2,K,8,5,U,0,0,P,TOYT,XLL,4D,5,17,3108,,0,1071,,G,,F,4,144,,,15R205,,,,,,0,0,000000000,00000000000,0,0,0,1,0,0,0,0,0,0,0,999,0,0,0,12,8,2,8,0,0,0,1,34,8701,6,1,0,0,3,3,68,999,0,0,0,0,1,10,2011,10,2011,0,0,0,0,0,3,3,50,1,1,2,1,0,0,1,80,1,1,1,13,0,0
36,360131,1,2,1,17,1,11,50,12,2,1,0,36,2,59,32,59032,4,2004,JTHBN36F3401,J,T,H,B,N,3,6,F,3,4,0,1,0,P,LEXS,L43,4D,4,17,3945,,0,1152,,G,,F,8,262,,,17R225,,,,,,0,0,000000000,00000000000,0,0,0,1,0,0,0,0,0,0,0,999,0,0,0,12,8,1,12,0,0,0,1,12,33140,6,1,0,0,3,0,64,999,1,0,0,1,0,2,2011,6,2011,0,39,38,0,0,4,1,99,1,1,2,2,20,3,11,15,1,1,1,76,0,0
36,360131,2,2,2,17,1,11,50,12,2,1,0,36,1,37,31,37031,4,2002,2HGES16532H5,2,H,G,E,S,1,6,5,3,2,H,5,0,P,HOND,UCL,4D,2,17,2515,,0,1031,,G,,F,4,102,,,14R185,,,,,,0,0,000000000,00000000000,0,0,0,1,0,0,0,0,0,0,0,999,0,0,0,12,8,2,12,0,0,0,1,36,11365,6,1,0,0,3,3,67,999,0,0,0,0,0,0,0,0,0,0,0,0,0,0,1,2,99,1,1,2,2,0,0,1,65,1,1,1,77,1,0
36,360132,1,3,1,5,1,20,23,12,6,1,1,36,2,35,47,35047,4,2008,1N4AL21E58C2,1,N,4,A,L,2,1,E,5,8,C,2,0,P,NISS,ATS,4D,8,17,3028,,0,1093,,G,,F,4,153,,,16R215,,,,,,0,0,000000000,00000000000,0,0,0,1,0,0,0,0,0,0,0,999,0,0,0,12,8,1,12,0,0,0,1,36,11694,6,1,0,0,3,0,64,999,0,0,0,0,0,0,0,0,0,0,39,0,0,0,2,1,30,1,1,2,1,3,3,1,17,1,1,1,86,0,0
36,360132,2,3,1,5,1,20,23,12,6,1,0,36,1,76,701,76701,80,2009,LPRSA20AX9A8,L,P,R,S,A,2,0,A,X,9,A,8,0,M,YAMA,Y50,MS,9,17,,,,,,,49,,1,,4,198,,,,,,,0,0,000000000,00000000000,0,0,0,1,0,0,0,0,0,0,0,999,0,0,0,81,8,2,12,0,0,0,1,36,11204,6,1,0,0,3,0,69,999,0,0,0,0,0,0,0,0,0,0,0,0,0,0,2,1,30,1,1,2,1,3,3,1,66,1,1,1,87,1,0
36,360132,3,3,1,5,1,20,23,12,6,1,0,36,2,7,402,7402,14,2003,1D4HS48N23F5,1,D,4,H,S,4,8,N,2,3,F,5,0,P,DODG,DUR,UT,3,17,4606,,0,1160,,G,,F,8,287,,,16R245,,,,,,0,0,000000000,00000000000,0,0,0,1,0,0,0,0,0,0,0,999,0,0,0,6,8,1,12,0,0,0,1,9,6850,1,1,0,0,2,0,74,999,98,2,1,0,0,1,2010,12,2010,0,0,0,0,0,2,1,30,1,1,2,1,3,3,1,53,1,1,1,98,0,0
36,360133,1,1,1,27,1,17,30,8,0,1,0,36,1,7,482,7482,31,2003,1D7HU18N33J6,1,D,7,H,U,1,8,N,3,3,J,6,0,T,DODG,SQ1,CW,3,17,,2,1605,1405,RPC,G,,,8,287,,,,B,5005,02,E,44,0,0,000000000,00000000000,0,0,0,1,0,0,0,0,0,0,0,999,0,0,0,12,0,1,8,0,0,0,1,36,10306,6,1,0,0,3,0,65,999,0,0,0,0,0,0,0,0,0,0,0,0,0,0,1,4,30,1,1,2,1,3,3,11,80,1,1,1,13,0,0
36,360134,1,1,2,7,3,22,7,34,0,1,0,36,2,20,2,20002,4,2000,2G1WH55K1Y93,2,G,1,W,H,5,5,K,1,Y,9,3,0,P,CHEV,IPL,4D,0,17,3466,,0,1110,,G,,F,6,231,,,16R225,,,,,,0,0,000000000,00000000000,0,0,0,1,0,0,0,0,0,0,0,999,0,1,5,12,6,2,1,0,0,0,1,36,14513,2,1,0,0,2,2,71,999,0,4,0,0,1,5,2011,11,2011,1,74,0,0,0,1,2,55,4,1,2,1,0,0,14,12,1,3,4,7,1,0
36,360135,1,2,1,4,3,14,15,12,7,1,0,36,3,20,481,20481,31,2008,2GCEK1332812,2,G,C,E,K,1,3,3,2,8,1,2,0,T,CHEV,SK1,CW,8,17,,2,0,1435,SIL,F,,,8,323,,,,B,5326,00,,44,0,0,000000000,00000000000,0,0,0,1,0,0,0,0,0,0,0,999,0,0,0,62,8,2,12,0,0,0,1,36,10547,6,1,0,0,3,0,63,999,0,0,0,0,0,0,0,0,0,0,27,48,0,0,1,3,50,2,2,2,1,0,0,11,15,1,1,2,98,0,0
36,360135,2,2,3,4,3,14,15,12,7,1,0,36,1,49,40,49040,4,2009,4T1BK46K49U0,4,T,1,B,K,4,6,K,4,9,U,0,0,P,TOYT,LXS,4D,9,17,3461,,0,1090,,G,,F,6,214,,,16R215,,,,,,0,0,000000000,00000000000,0,0,0,1,0,0,0,0,0,0,0,999,0,1,5,82,6,2,1,0,0,0,1,36,10566,6,1,0,0,3,3,60,999,1,0,0,0,0,5,2010,5,2010,0,0,0,0,0,1,3,50,2,2,2,1,0,0,6,61,10,1,1,98,1,0
36,360136,1,1,1,7,3,23,25,53,0,1,0,36,1,23,401,23401,14,2004,1GKDT13S1424,1,G,K,D,T,1,3,S,1,4,2,4,0,T,GMC,ENV,4W,4,17,,1,0,1130,ENV,G,,,6,256,,,,B,4616,00,E,44,0,0,000000000,00000000000,0,0,0,1,0,0,0,0,0,0,0,999,0,1,5,12,6,2,1,0,0,0,1,36,14063,6,1,0,0,3,0,68,999,0,0,0,0,0,0,0,0,0,0,0,0,0,0,1,2,45,1,1,2,1,0,0,1,12,1,1,4,6,1,1
36,360137,1,2,4,4,3,4,5,12,1,1,0,42,9,35,39,35039,4,2000,JN1CA31D2YT5,J,N,1,C,A,3,1,D,2,Y,T,5,0,P,NISS,MGS,4D,0,17,3071,,0,1083,,G,,F,6,182,,,15R205,,,,,,0,0,000000000,00000000000,0,0,0,1,0,0,0,0,0,0,0,999,0,1,1,12,6,2,1,0,0,0,1,36,11691,6,1,0,0,3,0,71,999,0,1,0,1,1,3,2011,6,2011,1,27,0,0,0,3,3,99,4,1,2,1,0,0,15,51,1,1,2,24,1,1
36,360137,2,2,1,4,3,4,5,12,1,1,0,36,3,52,882,52882,61,2007,JL6CCE1S37K0,J,L,6,C,C,E,1,S,3,7,K,0,0,T,MIFU,85D,TB,7,17,,5,0,0,FE8,D,,,4,299,,,,,00000,00,,42,0,57,397557,57397557,2,1,1,1,0,0,0,0,0,0,0,999,0,1,1,6,6,2,1,0,0,0,1,24,20783,6,1,0,0,3,0,63,160,0,0,0,0,0,0,0,0,0,0,0,0,0,0,3,3,99,4,1,2,1,0,0,14,53,1,1,1,25,0,0
36,360138,1,1,2,9,3,18,29,8,0,1,0,36,2,49,32,49032,4,2007,JTDBR32E7701,J,T,D,B,R,3,2,E,7,7,0,1,0,P,TOYT,UCS,4D,7,17,2530,,0,1024,,G,,F,4,109,,,15R185,,,,,,0,0,000000000,00000000000,0,0,0,1,0,0,0,0,0,0,0,999,0,0,0,12,8,3,8,0,0,0,1,36,13114,6,1,0,0,3,0,73,999,0,0,0,0,0,0,0,0,0,0,0,0,0,0,1,2,35,2,1,2,2,28,3,14,80,1,1,1,13,0,0
36,360139,1,1,3,11,3,1,43,43,0,1,0,36,1,20,481,20481,31,1998,1GCEK14R3WZ2,1,G,C,E,K,1,4,R,3,W,Z,2,0,T,CHEV,GK1,PK,98,17,,2,1315,1175,GM4,G,,,8,350,,,,B,4837,00,,44,0,0,000000000,00000000000,0,0,0,1,0,0,0,0,0,0,0,999,0,1,6,12,6,2,3,0,0,0,1,36,14867,6,1,6,0,3,0,68,999,0,0,0,0,1,8,2011,8,2011,1,0,0,0,0,1,2,55,1,1,4,1,0,0,1,13,1,1,4,1,3,1
36,360140,1,2,1,11,3,16,12,12,6,1,0,36,1,76,705,76705,80,2002,JYAVM01E72A0,J,Y,A,V,M,0,1,E,7,2,A,0,0,M,YAMA,V6A,RS,2,17,,,,,,,649,,2,,4,505,,,,,,,0,0,000000000,00000000000,0,0,0,1,0,0,0,0,0,0,0,999,0,0,0,12,6,2,12,0,0,0,1,36,12550,6,1,0,0,3,0,65,999,0,0,0,0,0,0,0,0,0,0,0,0,0,0,1,2,40,1,1,2,1,0,0,1,67,1,1,1,98,1,1
36,360140,2,2,1,11,3,16,12,12,6,1,0,36,1,14,401,14401,14,2006,4M2EU48806ZJ,4,M,2,E,U,4,8,8,0,6,Z,J,0,P,MERC,MOU,UT,6,17,4679,,0,1137,,G,,F,8,281,,,17R245,,,,,,0,0,000000000,00000000000,0,0,0,1,0,0,0,0,0,0,0,999,0,0,0,9,8,2,12,0,0,0,1,36,12553,6,1,0,0,3,3,72,999,0,0,0,0,0,0,0,0,0,0,38,0,0,0,1,2,40,1,1,2,1,20,3,1,17,1,1,1,98,0,0
36,360141,1,1,1,8,3,20,12,8,0,1,1,99,9,99,999,99999,99,9999,999999999999,9,9,9,9,9,9,9,9,9,9,9,9,0,,,,,,,,,,,,,,,,,,,,,,,,,0,0,000000000,00000000000,0,0,0,1,0,0,0,0,0,0,0,999,0,0,0,99,9,1,8,0,0,0,1,99,99999,9,9,99,9,9,9,999,999,99,99,99,99,99,99,9999,99,9999,0,0,0,0,0,1,2,30,1,1,2,1,3,3,1,80,1,1,1,13,0,0
36,360142,1,1,1,10,3,7,0,33,0,1,0,36,2,35,47,35047,4,2005,1N4AL11D35C3,1,N,4,A,L,1,1,D,3,5,C,3,0,P,NISS,ASL,4D,5,17,2915,,0,1102,,G,,F,4,153,,,16R215,,,,,,0,0,000000000,00000000000,0,0,0,1,0,0,0,0,0,0,0,80,0,1,3,14,6,2,1,0,0,0,1,36,11385,6,1,0,0,3,0,70,999,0,0,0,0,0,0,0,0,0,1,0,0,0,0,3,2,30,1,1,2,1,0,0,1,6,1,7,4,2,1,0
36,360143,1,1,2,12,3,15,4,24,0,1,0,36,1,12,17,12017,4,2003,1FAFP52253G1,1,F,A,F,P,5,2,2,5,3,G,1,0,P,FORD,TAX,4D,3,17,3336,,0,1085,,F,,F,6,182,,,16R215,,,,,,0,0,000000000,00000000000,0,0,0,1,0,0,0,0,0,0,0,999,0,1,5,12,6,2,1,0,0,0,1,36,12754,6,1,0,0,3,3,69,999,0,0,0,0,0,0,0,0,0,0,0,0,0,0,3,2,55,1,1,2,1,0,0,1,12,1,2,4,7,1,1
36,360144,1,1,3,12,3,12,33,8,0,1,0,36,2,12,461,12461,21,1997,1FBJS31LXVHB,1,F,B,J,S,3,1,L,X,V,H,B,0,P,FORD,CWS,SV,97,17,5915,,0,1380,,G,,F,8,330,,,16R245,,,,,,0,0,000000000,00000000000,0,0,0,1,0,0,0,0,0,0,0,999,0,0,0,12,8,1,8,0,0,0,1,36,11213,6,1,0,0,3,3,64,999,0,1,0,0,0,5,2009,5,2009,0,0,0,0,0,1,2,99,1,1,2,1,0,0,1,80,1,1,1,13,0,0
36,360145,1,1,1,13,3,3,19,30,0,1,0,36,2,37,31,37031,4,2012,2HGFB6E56CH7,2,H,G,F,B,6,E,5,6,C,H,7,0,P,HOND,UCS,4D,12,17,2895,,0,1051,,G,,F,4,146,,,17R215,,,,,,0,0,000000000,00000000000,0,0,0,1,0,0,0,0,0,0,0,999,0,0,0,9,6,2,30,0,0,0,1,36,14062,6,1,0,0,3,3,74,999,1,0,0,0,1,7,2009,3,2011,0,0,0,0,0,1,2,55,3,1,2,2,0,0,14,12,1,2,4,7,1,1
36,360146,1,3,1,13,3,6,37,12,8,1,0,36,1,48,34,48034,4,2000,4S3BE6355Y72,4,S,3,B,E,6,3,5,5,Y,7,2,0,P,SUBA,ULW,4D,0,17,3245,,0,1043,,G,,F,4,153,,,15R205,,,,,,0,0,000000000,00000000000,0,0,0,1,0,0,0,0,0,0,0,999,0,0,0,11,8,2,12,0,0,0,1,36,14612,6,1,0,0,3,0,70,999,0,0,0,0,0,0,0,0,0,0,28,0,0,0,1,2,99,1,1,2,2,0,0,1,10,1,1,2,64,1,0
36,360146,2,3,2,13,3,6,37,12,8,1,0,36,1,22,16,22016,2,2005,3G2JB12F35S1,3,G,2,J,B,1,2,F,3,5,S,1,0,P,PONT,SFR,CP,5,17,2771,,0,1041,,G,,F,4,134,,,15R195,,,,,,0,0,000000000,00000000000,0,0,0,1,0,0,0,0,0,0,0,999,0,0,0,9,8,1,12,0,0,0,1,36,14626,6,1,0,0,3,3,60,999,0,0,0,1,0,3,2010,3,2010,0,28,0,0,0,1,2,99,1,1,2,2,0,0,1,62,1,1,2,65,0,0
36,360146,3,3,1,13,3,6,37,12,8,1,0,36,1,37,32,37032,2,2003,1HGCM72633A0,1,H,G,C,M,7,2,6,3,3,A,0,0,P,HOND,UEX,CP,3,17,3047,,0,1051,,G,,F,4,146,,,16R205,,,,,,0,0,000000000,00000000000,0,0,0,1,0,0,0,0,0,0,0,999,0,0,0,12,8,2,12,0,0,0,1,36,14616,6,1,0,0,3,0,66,999,1,0,0,0,2,4,2010,2,2011,0,0,0,0,0,1,2,99,1,1,2,2,0,0,1,62,1,1,1,98,0,0
36,360147,1,2,1,12,3,23,23,12,6,1,0,36,2,14,6,14006,4,1994,2MELM74W4RX6,2,M,E,L,M,7,4,W,4,R,X,6,0,P,MERC,GMG,4D,94,17,3787,,0,1144,,G,,F,8,281,,,15R215,,,,,,0,0,000000000,00000000000,0,0,0,1,0,0,0,0,0,0,0,999,0,0,0,12,6,2,12,0,0,0,1,36,11735,2,1,0,0,2,0,77,999,0,9,2,1,0,5,2009,3,2010,1,0,0,0,0,3,2,40,1,1,2,1,0,0,1,68,1,1,1,88,1,1
36,360147,2,2,1,12,3,23,23,12,6,1,0,36,1,6,43,6043,4,2007,1C3LC56R57N5,1,C,3,L,C,5,6,R,5,7,N,5,0,P,CHRY,STO,4D,7,17,3290,,0,1089,,G,,F,6,167,,,17R215,,,,,,0,0,000000000,00000000000,0,0,0,1,0,0,0,0,0,0,0,999,0,0,0,9,6,2,12,0,0,0,1,13,31636,6,1,0,0,3,3,65,999,98,0,0,0,0,0,0,0,0,0,39,0,0,0,3,2,40,1,1,2,1,20,3,1,17,1,1,1,89,1,0
36,360148,1,1,4,9,2,23,26,39,0,1,0,36,2,49,50,49050,3,2005,JTKDE1773500,J,T,K,D,E,1,7,7,3,5,0,0,0,P,TOYT,SXC,2H,5,17,2905,,0,1063,,G,,F,4,144,,,17R215,,,,,,0,0,000000000,00000000000,0,0,0,1,0,0,0,0,0,0,0,999,0,1,5,12,8,2,1,0,0,0,1,36,11590,6,1,0,0,3,0,65,999,1,0,0,0,0,1,2012,1,2012,1,52,0,0,0,1,2,99,1,3,2,1,0,0,1,13,1,1,4,1,1,0
36,360149,1,2,2,11,2,22,45,8,0,1,0,36,2,35,43,35043,2,1989,1N4GB22S4KC7,1,N,4,G,B,2,2,S,4,K,C,7,0,P,NISS,SEN,2D,89,17,2087,,0,957,,G,,F,4,097,,,13R185,,,,,,0,0,000000000,00000000000,0,0,0,1,0,0,0,0,0,0,0,999,0,0,0,12,8,1,8,0,0,0,1,36,11706,6,1,0,0,3,0,71,999,0,0,0,0,0,0,0,0,0,0,0,0,0,0,1,2,99,1,1,2,1,0,0,1,80,1,1,1,13,0,0
36,360149,2,2,1,11,2,22,45,8,0,1,1,99,9,99,999,99999,99,9999,999999999999,9,9,9,9,9,9,9,9,9,9,9,9,0,,,,,,,,,,,,,,,,,,,,,,,,,0,0,000000000,00000000000,0,0,0,1,0,0,0,0,0,0,0,999,0,0,0,99,9,1,8,0,0,0,1,99,99999,9,9,99,9,9,9,999,999,99,99,99,99,99,99,9999,99,9999,0,0,0,0,0,1,2,99,1,1,2,1,0,0,1,80,1,1,1,98,0,0