STATE,ST_CASE,VEH_NO,VE_FORMS,NUMOCCS,DAY,MONTH,HOUR,MINUTE,HARM_EV,MAN_COLL,UNITTYPE,HIT_RUN,REG_STAT,OWNER,MAKE,MODEL,MAK_MOD,BODY_TYP,MOD_YEAR,VIN,VIN_1,VIN_2,VIN_3,VIN_4,VIN_5,VIN_6,VIN_7,VIN_8,VIN_9,VIN_10,VIN_11,VIN_12,TOW_VEH,VINTYPE,VINMAKE,VINA_MOD,VIN_BT,VINMODYR,VIN_LNGT,VIN_WGT,WGTCD_TR,WHLBS_LG,WHLBS_SH,SER_TR,FUELCODE,MCYCL_DS,CARBUR,CYLINDER,DISPLACE,MCYCL_CY,MCYCL_WT,TIRE_SZE,TON_RAT,TRK_WT,TRKWTVAR,VIN_REST,WHLDRWHL,J_KNIFE,MCARR_I1,MCARR_I2,MCARR_ID,GVWR,V_CONFIG,CARGO_BT,HAZ_INV,HAZ_PLAC,HAZ_ID,HAZ_CNO,HAZ_REL,BUS_USE,SPEC_USE,EMER_USE,TRAV_SP,UNDERIDE,ROLLOVER,ROLINLOC,IMPACT1,DEFORMED,TOWED,M_HARM,VEH_SC1,VEH_SC2,FIRE_EXP,DR_PRES,L_STATE,DR_ZIP,L_STATUS,L_TYPE,CDL_STAT,L_ENDORS,L_COMPL,L_RESTRI,DR_HGT,DR_WGT,PREV_ACC,PREV_SUS,PREV_DWI,PREV_SPD,PREV_OTH,FIRST_MO,FIRST_YR,LAST_MO,LAST_YR,SPEEDREL,DR_SF1,DR_SF2,DR_SF3,DR_SF4,VTRAFWAY,VNUM_LAN,VSPD_LIM,VALIGN,VPROFILE,VPAVETYP,VSURCOND,VTRAFCON,VTCONT_F,P_CRASH1,P_CRASH2,P_CRASH3,PCRASH4,PCRASH5,ACC_TYPE,DEATHS,DR_DRINK
36,360186,1,1,1,25,3,3,30,42,0,1,0,36,1,51,42,51042,4,1996,YV1LS5541T13,Y,V,1,L,S,5,5,4,1,T,1,3,0,P,VOLV,8/G,4D,96,17,3128,,0,1049,,G,,F,5,149,,,15R195,,,,,,0,0,000000000,00000000000,0,0,0,1,0,0,0,0,0,0,0,999,0,0,0,12,6,2,2,0,0,1,1,36,10990,6,1,0,0,3,3,70,999,0,0,1,0,0,7,2009,7,2009,0,0,0,0,0,1,2,55,1,1,2,1,0,0,1,10,1,4,4,2,1,1
36,360187,1,1,1,26,3,8,55,8,0,1,0,36,1,20,402,20402,14,2000,2CNBJ13C7Y69,2,C,N,B,J,1,3,C,7,Y,6,9,0,P,CHEV,TKR,UT,0,17,2987,,0,976,,G,,F,4,122,,,15R205,,,,,,0,0,000000000,00000000000,0,0,0,1,0,0,0,0,0,0,0,999,0,0,0,12,8,1,8,0,0,0,1,36,14081,6,1,0,0,3,3,65,999,0,0,0,0,0,0,0,0,0,0,0,0,0,0,1,2,55,1,1,2,1,0,0,1,80,6,1,2,13,0,0
36,360188,1,2,1,23,3,16,14,12,2,1,0,36,1,12,15,12015,4,1994,1FAPP36X9RK2,1,F,A,P,P,3,6,X,9,R,K,2,0,P,FORD,TGL,4D,94,17,2569,,0,999,,G,,F,4,141,,,14R185,,,,,,0,0,000000000,00000000000,0,0,0,1,0,0,0,0,0,0,0,999,0,0,0,12,8,2,12,0,0,0,1,36,10990,6,1,0,0,3,0,65,999,0,0,0,0,0,0,0,0,0,0,28,0,0,0,1,2,45,2,2,2,1,0,0,14,10,1,1,2,50,0,0
36,360188,2,2,2,23,3,16,14,12,2,1,0,36,2,59,35,59035,4,2007,JTHCK2627720,J,T,H,C,K,2,6,2,7,7,2,0,0,P,LEXS,A25,4D,7,17,3651,,0,1074,,G,,F,6,153,,,17R225,,,,,,0,0,000000000,00000000000,0,0,0,1,0,0,0,0,0,0,0,999,0,0,0,12,8,2,12,0,0,0,1,36,11596,6,1,0,0,3,0,73,999,1,0,0,0,2,10,2009,6,2011,0,0,0,0,0,1,2,45,3,2,2,1,0,0,14,62,1,1,1,51,1,0
36,360189,1,1,1,26,3,9,30,35,0,1,0,36,2,49,472,49472,30,2004,5TEWN72N34Z4,5,T,E,W,N,7,2,N,3,4,Z,4,0,T,TOYT,XTR,PC,4,17,,1,0,1219,TAC,G,,,6,206,,,,B,3515,00,U,44,0,0,000000000,00000000000,0,0,0,1,0,0,0,0,0,0,0,999,0,1,1,62,6,2,1,0,0,0,1,36,10708,6,1,0,0,3,0,69,999,0,4,0,0,0,4,2009,4,2010,1,0,0,0,0,3,2,55,3,2,2,1,0,0,14,12,1,1,4,6,1,0
36,360190,1,2,1,26,3,8,5,12,2,1,0,36,1,35,402,35402,14,2008,5N1AN08WX8C5,5,N,1,A,N,0,8,W,X,8,C,5,0,P,NISS,XTR,UT,8,17,4360,,0,1063,,G,,F,6,244,,,16R265,,,,,,0,0,000000000,00000000000,0,0,0,1,0,0,0,0,0,0,0,999,0,0,0,12,6,2,12,0,0,0,1,36,10541,6,1,0,0,3,0,64,999,0,0,0,0,0,0,0,0,0,0,51,28,0,0,1,2,55,2,2,2,1,0,0,14,10,1,1,2,50,0,0
36,360190,2,2,1,26,3,8,5,12,2,1,0,36,1,12,37,12037,2,2001,3FAFP31391R1,3,F,A,F,P,3,1,3,9,1,R,1,0,P,FORD,FZX,3P,1,17,2550,,0,1030,,G,,F,4,121,,,15R195,,,,,,0,0,000000000,00000000000,0,0,0,1,0,0,0,0,0,0,0,999,0,0,0,12,6,2,12,0,0,0,1,36,10509,6,1,0,0,3,0,74,999,0,0,0,0,0,0,0,0,0,0,0,0,0,0,1,2,55,3,2,2,1,0,0,14,62,1,1,1,51,1,0
36,360191,1,1,1,15,2,4,12,42,0,1,0,36,1,20,481,20481,31,1990,1GCDK14K4LZ1,1,G,C,D,K,1,4,K,4,L,Z,1,0,T,CHEV,GK1,PK,90,17,,1,1415,1175,GM4,G,,,8,350,,,,B,4117,05,,44,0,0,000000000,00000000000,0,0,0,1,0,0,0,0,0,0,0,999,0,0,0,81,6,2,2,0,0,1,1,36,12157,1,1,0,0,2,2,71,999,0,2,0,0,0,11,2011,12,2011,1,74,0,0,0,1,2,55,1,1,2,1,28,3,1,12,1,4,4,7,1,1
36,360192,1,2,1,14,2,18,10,8,0,1,1,99,9,99,999,99999,99,9999,999999999999,9,9,9,9,9,9,9,9,9,9,9,9,0,,,,,,,,,,,,,,,,,,,,,,,,,0,0,000000000,00000000000,0,0,0,1,0,0,0,0,0,0,0,999,0,0,0,12,9,1,8,0,0,0,1,99,99999,9,9,99,9,9,9,999,999,99,99,99,99,99,99,9999,99,9999,9,0,0,0,0,1,4,99,1,1,2,1,0,0,1,80,1,1,1,13,0,0
36,360192,2,2,1,14,2,18,10,8,0,1,0,36,1,18,22,18022,4,2008,2G4WC5825812,2,G,4,W,C,5,8,2,5,8,1,2,0,P,BUIC,LCX,4D,8,17,3495,,0,1105,,G,,F,6,232,,,16R225,,,,,,0,0,000000000,00000000000,0,0,0,1,0,0,0,0,0,0,0,999,0,0,0,14,8,1,8,0,0,0,1,36,11234,6,1,0,0,3,0,72,999,0,0,0,0,0,0,0,0,0,0,0,0,0,0,1,4,99,1,1,2,1,0,0,1,80,1,1,1,98,0,0
36,360193,1,1,1,26,3,0,9,52,0,1,0,36,3,20,481,20481,31,2006,2GCEK19B8613,2,G,C,E,K,1,9,B,8,6,1,3,0,T,CHEV,SK1,4C,6,17,,2,1575,1340,SIL,G,,,8,323,,,,B,5050,00,,44,0,0,000000000,00000000000,0,0,0,1,0,0,0,0,0,0,0,999,0,0,0,12,6,2,42,0,0,0,1,36,14559,0,0,0,0,0,0,999,999,0,0,0,0,1,2,2011,2,2011,1,0,0,0,0,1,2,45,1,1,2,1,0,0,1,13,1,1,4,1,1,1
36,360194,1,1,1,27,3,21,20,8,0,1,0,36,3,7,402,7402,14,2001,999999999999,9,9,9,9,9,9,9,9,9,9,9,9,0,U,,,,9,17,,,,,,,,,,,,,,,,,,,0,0,000000000,00000000000,0,0,0,1,0,0,0,0,0,0,0,999,0,0,0,12,8,3,8,0,0,0,1,36,11430,6,1,0,0,3,0,66,999,0,0,0,0,0,0,0,0,0,0,0,0,0,0,1,4,35,1,1,2,1,3,3,1,80,1,1,2,13,0,0
36,360195,1,1,1,27,3,16,39,8,0,1,0,36,1,12,402,12402,14,2006,1FMCU93176KA,1,F,M,C,U,9,3,1,7,6,K,A,0,P,FORD,SPE,UT,6,17,3407,,0,1031,,G,,F,6,183,,,16R235,,,,,,0,0,000000000,00000000000,0,0,0,1,0,0,0,0,0,0,0,999,0,0,0,12,8,1,8,0,0,0,1,36,10457,6,1,0,0,3,0,60,999,0,0,0,0,0,0,0,0,0,0,0,0,0,0,1,2,30,1,1,2,1,0,0,1,80,1,1,1,13,0,0
36,360196,1,1,1,28,3,1,33,42,0,1,0,36,1,12,461,12461,21,1998,1FTSE34L8WHB,1,F,T,S,E,3,4,L,8,W,H,B,0,T,FORD,35V,CG,98,17,,2,0,1380,VAN,G,,,8,330,,,,D,5356,00,M,42,0,0,000000000,00000000000,0,0,0,1,0,0,0,0,0,0,0,999,0,0,0,12,8,2,42,0,0,0,1,36,14880,6,1,0,0,3,3,72,999,2,0,0,0,1,6,2010,3,2011,0,0,0,0,0,1,2,55,1,1,2,1,0,0,1,12,1,1,4,6,1,1
36,360197,1,1,1,31,3,7,0,17,0,1,0,36,1,73,734,73734,90,2002,JKAVFEA182B5,J,K,A,V,F,E,A,1,8,2,B,5,0,M,KAWK,KV6,AT,2,17,,,,,,,650,,2,,4,604,,,,,,,0,0,000000000,00000000000,0,0,0,1,0,0,0,0,0,0,0,999,0,1,5,14,8,2,1,0,0,0,1,36,11755,6,1,0,0,3,3,70,999,0,0,0,0,0,0,0,0,0,1,0,0,0,0,1,2,45,3,2,4,2,0,0,14,13,1,4,4,2,1,1
36,360198,1,1,1,1,4,19,30,33,0,1,0,36,2,9,20,9020,4,2001,1P3ES46C71D2,1,P,3,E,S,4,6,C,7,1,D,2,0,P,PLYM,NLX,4D,1,17,2585,,0,1050,,G,,F,4,122,,,14R185,,,,,,0,0,000000000,00000000000,0,0,0,1,0,0,0,0,0,0,0,999,0,0,0,14,8,2,42,0,0,0,1,36,10465,6,1,0,0,3,0,66,999,0,0,0,0,0,0,0,0,0,0,0,0,0,0,3,3,50,1,2,2,2,0,0,1,13,1,1,4,1,1,0
36,360199,1,2,1,2,2,15,20,12,6,1,0,36,1,49,32,49032,4,2007,1NXBR32EX7Z8,1,N,X,B,R,3,2,E,X,7,Z,8,0,P,TOYT,UCS,4D,7,17,2530,,0,1024,,G,,F,4,109,,,15R185,,,,,,0,0,000000000,00000000000,0,0,0,1,0,0,0,0,0,0,0,999,0,0,0,1,6,2,12,0,0,0,1,36,10547,6,1,0,0,3,3,67,999,0,0,0,0,0,0,0,0,0,0,38,0,0,0,1,4,35,1,1,1,1,3,3,11,15,1,1,1,68,1,0
36,360199,2,2,2,2,2,15,20,12,6,1,0,36,1,12,17,12017,4,2009,1FAHP27W69G1,1,F,A,H,P,2,7,W,6,9,G,1,0,P,FORD,TSA,4D,9,17,3814,,0,1129,,G,,F,6,214,,,17R215,,,,,,0,0,000000000,00000000000,0,0,0,1,0,0,0,0,0,0,0,999,0,0,0,12,6,2,12,0,0,0,1,36,10587,6,1,0,0,3,3,74,999,2,0,0,0,0,4,2009,9,2011,0,0,0,0,0,1,4,35,1,1,1,1,3,3,1,17,1,1,1,69,0,0
36,360200,1,1,1,1,4,15,55,42,0,1,0,36,1,7,461,7461,21,1987,2B7GB13H2HK2,2,B,7,G,B,1,3,H,2,H,K,2,0,T,DODG,B15,CG,87,17,,1,1276,1096,RMV,G,,,6,225,,,,B,3486,01,A,42,0,0,000000000,00000000000,0,0,0,1,0,0,0,0,0,0,0,999,0,0,0,12,8,2,2,0,0,1,1,36,11972,6,1,0,0,3,0,72,999,0,0,0,0,0,0,0,0,0,0,0,0,0,0,1,2,30,1,2,2,1,0,0,1,12,1,1,4,6,1,0
36,360201,1,1,1,2,4,18,0,59,0,1,0,36,1,13,13,13013,4,2006,3LNHM26106R6,3,L,N,H,M,2,6,1,0,6,R,6,0,P,LINC,ZHR,4D,6,17,3406,,0,1074,,G,,F,6,183,,,17R225,,,,,,0,0,000000000,00000000000,0,0,0,1,0,0,0,0,0,0,0,999,0,0,0,12,8,2,42,0,0,0,1,36,11783,6,1,0,0,3,0,61,999,0,0,0,0,0,0,0,0,0,0,0,0,0,0,1,2,99,1,1,2,1,0,0,1,13,1,1,4,1,1,0
36,360202,1,2,1,2,4,5,53,12,2,1,0,36,2,2,1,2001,6,2011,1J4NF1FB1BD2,1,J,4,N,F,1,F,B,1,B,D,2,0,T,JEEP,CSP,4W,11,17,,1,0,1037,CMP,G,,,4,146,,,,,3247,00,W,44,0,0,000000000,00000000000,0,0,0,1,0,0,0,0,0,0,0,999,0,0,0,12,8,2,12,0,0,0,1,36,14143,6,1,6,0,3,0,69,999,1,0,0,0,0,10,2010,10,2010,0,0,0,0,0,1,4,40,1,1,2,4,0,0,1,62,1,1,1,51,0,0
36,360202,2,2,1,2,4,5,53,12,2,1,0,36,1,53,402,53402,14,2002,2S3TD52V4261,2,S,3,T,D,5,2,V,4,2,6,1,0,P,SUZI,VIT,UT,2,17,3053,,0,976,,G,,F,4,122,,,16R215,,,,,,0,0,000000000,00000000000,0,0,0,1,0,0,0,0,0,0,0,999,0,0,0,12,8,2,12,0,0,0,1,36,14621,6,1,0,0,3,0,60,999,0,0,0,0,0,0,0,0,0,1,87,0,0,0,1,4,40,1,1,2,4,0,0,1,10,1,1,2,50,1,0
36,360203,1,1,1,2,4,19,6,8,0,1,0,36,1,55,35,55035,4,2007,KMHDU46D77U2,K,M,H,D,U,4,6,D,7,7,U,2,0,P,HYUN,GST,4D,7,17,2723,,0,1043,,G,,F,4,121,,,15R195,,,,,,0,0,000000000,00000000000,0,0,0,1,0,0,0,0,0,0,0,999,0,0,0,12,8,3,8,0,0,0,1,36,11003,6,1,0,0,3,3,74,999,2,0,0,0,0,10,2010,8,2011,0,0,0,0,0,3,3,99,1,1,2,1,3,3,1,80,1,1,1,13,0,0
36,360204,1,1,1,2,4,20,0,8,0,1,0,36,1,34,35,34035,4,2012,WBAFU7C5XCDU,W,B,A,F,U,7,C,5,X,C,D,U,0,P,BMW,XI5,4D,12,17,4255,,0,1169,,G,,T,6,183,,,18R245,,,,,,0,0,000000000,00000000000,0,0,0,1,0,0,0,0,0,0,0,999,0,0,0,12,8,3,8,0,0,0,1,36,11568,6,1,0,0,3,3,68,999,0,0,0,0,0,0,0,0,0,0,0,0,0,0,5,3,40,1,1,2,1,0,0,1,80,1,1,1,13,0,0
36,360205,1,1,5,3,4,22,15,34,0,1,0,36,2,24,1,24001,4,2000,1G8ZH5284YZ2,1,G,8,Z,H,5,2,8,4,Y,Z,2,0,P,STRN,SL1,4D,0,17,2332,,0,1024,,G,,F,4,116,,,14R185,,,,,,0,0,000000000,00000000000,0,0,0,1,0,0,0,0,0,0,0,999,0,1,5,12,6,2,1,0,0,0,1,36,13068,0,0,0,0,0,0,72,999,0,0,0,0,0,0,0,0,0,1,0,0,0,0,1,2,55,1,1,2,1,0,0,1,13,1,1,4,1,1,0
36,360206,1,2,1,29,3,2,34,12,2,1,0,36,2,59,35,59035,4,2002,JTHBD1922200,J,T,H,B,D,1,9,2,2,2,0,0,0,P,LEXS,IS3,4D,2,17,3255,,0,1051,,G,,F,6,183,,,17R215,,,,,,0,0,000000000,00000000000,0,0,0,1,0,0,0,0,0,0,0,999,0,0,0,12,6,2,2,0,0,1,1,36,10467,6,1,0,0,3,0,68,999,0,0,0,0,0,0,0,0,0,0,0,0,0,0,6,1,50,2,2,2,1,0,0,14,54,1,1,1,98,1,1
36,360206,2,2,1,29,3,2,34,12,2,1,0,34,1,85,881,85881,66,2000,1XKWDB9X1YR8,1,X,K,W,D,B,9,X,1,Y,R,8,1,T,KW,W90,TR,0,17,,8,2850,1600,CON,D,,,6,893,,,,,00000,00,,64,1,99,999999999,99999999999,3,6,1,1,0,0,0,0,0,0,0,50,0,0,0,12,8,3,12,0,0,0,1,34,7506,6,1,6,0,8,0,69,999,2,4,0,0,3,11,2009,11,2011,0,0,0,0,0,3,3,50,1,1,2,1,0,0,1,54,1,1,1,98,0,0
36,360207,1,2,1,2,4,15,8,12,6,1,0,36,1,20,2,20002,4,2007,2G1WB58K6793,2,G,1,W,B,5,8,K,6,7,9,3,0,P,CHEV,IPL,4D,7,17,3674,,0,1105,,F,,F,6,214,,,16R225,,,,,,0,0,000000000,00000000000,0,0,0,1,0,0,0,0,0,0,0,999,0,0,0,12,8,2,12,0,0,0,1,36,14775,6,1,0,0,3,0,60,999,0,0,0,0,1,9,2009,9,2009,0,0,0,0,0,1,2,55,1,1,2,1,0,0,1,64,1,1,1,71,0,0
36,360207,2,2,2,2,4,15,8,12,6,1,0,36,1,20,2,20002,4,1994,1G1BN52W1RR1,1,G,1,B,N,5,2,W,1,R,R,1,0,P,CHEV,CLS,4D,94,17,4054,,0,1159,,G,,F,8,265,,,15R215,,,,,,0,0,000000000,00000000000,0,0,0,1,0,0,0,0,0,0,0,999,0,0,0,82,8,2,12,0,0,0,1,36,14716,6,1,6,0,3,3,67,999,0,0,0,0,0,0,0,0,0,0,38,0,0,0,1,2,55,1,1,2,1,0,0,10,16,1,1,7,70,1,0
36,360208,1,2,1,2,4,19,49,33,0,1,0,36,1,76,709,76709,80,2011,JYARJ16E0BA0,J,Y,A,R,J,1,6,E,0,B,A,0,0,M,YAMA,R6L,RC,11,17,,,,,,,599,,4,,4,417,,,,,,,0,0,000000000,00000000000,0,0,0,1,0,0,0,0,0,0,0,999,0,0,0,12,8,2,12,0,0,0,1,36,13069,6,1,0,0,3,0,69,999,1,1,0,0,1,9,2009,10,2009,1,0,0,0,0,1,2,30,1,1,2,1,0,0,1,17,1,9,4,1,1,0
36,360208,2,2,1,2,4,19,49,33,0,1,0,36,1,7,482,7482,31,1995,1B7HC16X2SS2,1,B,7,H,C,1,6,X,2,S,S,2,0,T,DODG,150,PK,95,17,,2,1347,1187,RPC,G,,,6,239,,,,B,3899,01,M,42,0,0,000000000,00000000000,0,0,0,1,0,0,0,0,0,0,0,999,0,0,0,14,8,3,12,0,0,0,1,36,13074,6,1,0,0,3,0,71,999,0,0,0,0,0,0,0,0,0,0,0,0,0,0,1,2,30,1,1,2,1,20,3,1,65,1,1,1,98,0,0
36,360209,1,2,1,3,4,19,55,12,2,1,0,95,3,84,881,84881,66,2011,3HSCWSJR1BN3,3,H,S,C,W,S,J,R,1,B,N,3,1,T,INTL,PLT,TR,11,17,,8,0,0,PRO,D,,,6,793,,,,,00000,00,,64,1,57,606732,57606732,3,6,1,1,0,0,0,0,0,0,0,999,0,0,0,12,6,2,2,0,0,1,1,95,0,9,9,99,9,9,9,999,999,99,99,99,99,99,99,9999,99,9999,0,0,0,0,0,1,2,55,1,1,2,1,0,0,1,62,1,1,1,51,0,0
36,360209,2,2,1,3,4,19,55,12,2,1,0,36,1,72,706,72706,80,1992,1HD1EAL16NY1,1,H,D,1,E,A,L,1,6,N,Y,1,0,M,HD,FXR,RS,92,17,,,,,,,1340,,2,,4,575,,,,,,,0,0,000000000,00000000000,0,0,0,1,0,0,0,0,0,0,0,999,0,0,0,12,6,2,12,0,0,0,1,36,14075,2,1,0,0,2,3,70,999,0,2,1,0,0,1,2010,9,2010,0,0,0,0,0,1,2,55,1,1,2,1,0,0,1,10,1,1,2,50,1,0
36,360210,1,2,1,3,4,7,10,12,6,1,0,36,2,35,50,35050,4,2008,3N1BC13E48L4,3,N,1,B,C,1,3,E,4,8,L,4,0,P,NISS,VSL,4H,8,17,2620,,0,1024,,G,,F,4,110,,,15R185,,,,,,0,0,000000000,00000000000,0,0,0,1,0,0,0,0,0,0,0,999,0,0,0,3,6,2,12,0,0,0,1,36,10950,6,1,0,0,3,0,67,999,0,0,0,0,0,0,0,0,0,0,28,0,0,0,3,2,55,4,2,2,1,0,0,14,13,1,1,6,64,1,0
36,360210,2,2,1,3,4,7,10,12,6,1,0,36,1,35,402,35402,14,2004,5N1ED28Y04C6,5,N,1,E,D,2,8,Y,0,4,C,6,0,P,NISS,XTR,UT,4,17,3924,,0,1043,,G,,F,6,201,,,16R265,,,,,,0,0,000000000,00000000000,0,0,0,1,0,0,0,0,0,0,0,999,0,0,0,12,2,1,12,0,0,0,1,36,10928,6,1,0,0,3,0,71,999,0,0,0,0,0,0,0,0,0,0,0,0,0,0,3,2,55,4,2,2,1,0,0,14,62,1,1,1,65,0,0
36,360211,1,1,1,4,4,0,37,8,0,1,0,36,2,55,35,55035,4,2005,KMHDN46D15U9,K,M,H,D,N,4,6,D,1,5,U,9,0,P,HYUN,EST,4D,5,17,2635,,0,1027,,G,,F,4,121,,,15R195,,,,,,0,0,000000000,00000000000,0,0,0,1,0,0,0,0,0,0,0,999,0,0,0,12,8,3,8,0,0,0,1,36,11720,6,1,0,0,3,0,69,999,0,0,0,0,1,10,2011,10,2011,0,0,0,0,0,3,3,55,1,2,1,1,0,0,1,80,1,1,1,13,0,0
36,360212,1,1,2,4,4,21,15,8,0,1,0,36,2,6,441,6441,20,2011,2A4RR8DGXBR7,2,A,4,R,R,8,D,G,X,B,R,7,0,P,CHRY,TWC,SV,11,17,4507,,0,1212,,F,,F,6,220,,,17R225,,,,,,0,0,000000000,00000000000,0,0,0,1,0,0,0,0,0,0,0,999,0,0,0,12,8,3,8,0,0,0,1,36,11554,6,1,0,0,3,3,64,999,0,0,0,0,0,0,0,0,0,0,0,0,0,0,2,3,40,1,1,2,1,0,0,1,80,1,1,1,13,0,0
36,360213,1,2,1,3,4,15,35,12,6,1,0,36,3,86,881,86881,63,2002,1M2AM20C22M0,1,M,2,A,M,2,0,C,2,2,M,0,0,T,MACK,RB6,CC,2,17,,8,0,0,600,D,,,6,728,,,,,00000,00,,64,0,57,1137058,571137058,3,2,3,1,0,0,0,0,0,0,0,999,0,0,0,12,8,2,12,0,0,0,1,36,13605,6,1,6,0,3,0,69,999,0,0,0,0,0,0,0,0,0,0,0,0,0,0,1,2,55,3,2,2,1,0,0,14,67,1,1,1,83,0,0
36,360213,2,2,1,3,4,15,35,12,6,1,0,36,1,6,52,6052,6,2010,3A4GY5F96AT1,3,A,4,G,Y,5,F,9,6,A,T,1,0,P,CHRY,PTC,SV,10,17,3222,,0,1030,,G,,F,4,148,,,16R205,,,,,,0,0,000000000,00000000000,0,0,0,1,0,0,0,0,0,0,0,5,0,0,0,61,8,2,12,0,0,0,1,36,13308,6,1,0,0,3,0,62,999,0,0,0,0,1,3,2012,3,2012,0,39,0,0,0,1,2,55,2,2,2,1,21,3,11,15,1,1,1,82,1,0
36,360214,1,1,1,4,4,15,59,1,0,1,0,36,1,24,5,24005,4,2001,1G8JT52F41Y5,1,G,8,J,T,5,2,F,4,1,Y,5,0,P,STRN,L20,4D,1,17,2965,,0,1065,,G,,F,4,134,,,15R195,,,,,,0,0,000000000,00000000000,0,0,0,1,0,0,0,0,0,0,0,999,0,1,5,0,6,2,1,0,0,0,1,36,13666,6,1,0,0,3,0,65,999,1,7,0,0,0,1,2011,4,2011,1,0,0,0,0,1,2,55,3,1,2,2,0,0,14,13,1,1,4,1,1,0
36,360215,1,1,2,6,4,20,0,8,0,1,0,36,2,6,54,6054,6,2004,2C8GM68414R5,2,C,8,G,M,6,8,4,1,4,R,5,0,P,CHRY,PIF,UT,4,17,4334,,0,1163,,G,,F,6,214,,,17R235,,,,,,0,0,000000000,00000000000,0,0,0,1,0,0,0,0,0,0,0,50,0,0,0,12,8,3,8,0,0,0,1,36,13365,6,1,0,0,3,3,73,999,0,2,0,0,2,6,2011,11,2011,0,0,0,0,0,1,2,55,1,2,2,1,0,0,1,80,1,1,1,13,0,0
36,360216,1,1,1,5,4,11,49,33,0,1,0,92,0,73,709,73709,80,2004,999999999999,9,9,9,9,9,9,9,9,9,9,9,9,0,,,,,,,,,,,,,,,,,,,,,,,,,0,0,000000000,00000000000,0,0,0,1,0,0,0,0,0,0,0,999,0,0,0,14,6,2,38,0,0,0,1,36,10456,6,1,0,0,3,0,69,999,0,2,0,0,0,11,2009,11,2009,0,52,0,0,0,4,1,30,1,1,2,1,20,3,1,13,1,1,4,1,1,0
36,360217,1,1,1,5,3,8,0,8,0,1,0,36,2,12,17,12017,4,2002,1FAFP55U12G1,1,F,A,F,P,5,5,U,1,2,G,1,0,P,FORD,TSS,4D,2,17,3392,,0,1085,,G,,F,6,182,,,16R215,,,,,,0,0,000000000,00000000000,0,0,0,1,0,0,0,0,0,0,0,999,0,0,0,3,8,1,8,0,0,0,1,36,11214,6,1,0,0,3,3,62,999,0,0,0,0,0,0,0,0,0,0,0,0,0,0,4,1,99,1,1,2,1,0,0,1,80,1,1,1,13,0,0
36,360218,1,2,2,17,3,9,40,12,6,1,0,36,3,38,402,38402,14,1994,4S2CG58V3R43,4,S,2,C,G,5,8,V,3,R,4,3,0,P,ISU,ROD,UT,94,17,3545,,0,1087,,G,,F,6,195,,,15R225,,,,,,0,0,000000000,00000000000,0,0,0,1,0,0,0,0,0,0,0,999,0,0,0,12,8,2,12,0,0,0,1,24,20783,6,1,0,0,3,0,68,190,0,0,0,1,3,11,2010,1,2012,0,0,0,0,0,4,1,30,1,1,2,1,0,0,1,66,1,1,1,88,0,0
36,360218,2,2,2,17,3,9,40,12,6,1,0,36,2,12,401,12401,14,1997,1FMDU34E2VUC,1,F,M,D,U,3,4,E,2,V,U,C,0,P,FORD,EPR,UT,97,17,4166,,0,1115,,G,,F,6,245,,,15R225,,,,,,0,0,000000000,00000000000,0,0,0,1,0,0,0,0,0,0,0,999,0,1,9,9,8,2,1,0,0,0,1,36,10303,6,1,0,0,3,0,68,999,0,0,0,0,0,0,0,0,0,0,38,0,0,0,1,2,30,1,1,2,1,20,3,1,17,1,1,1,89,1,0
36,360219,1,4,1,5,1,21,26,12,7,1,0,36,1,12,401,12401,14,2003,1FMZU74WX3UB,1,F,M,Z,U,7,4,W,X,3,U,B,0,P,FORD,EPR,UT,3,17,4094,,0,1137,,G,,F,8,281,,,17R245,,,,,,0,0,000000000,00000000000,0,0,0,1,0,0,0,0,0,0,0,999,0,0,0,83,8,2,12,0,0,0,1,36,10456,6,1,0,0,3,0,73,999,1,0,0,0,0,7,2011,7,2011,1,39,0,0,0,2,3,30,1,1,2,1,3,3,1,11,1,1,2,44,0,0
36,360219,2,4,1,5,1,21,26,12,7,1,0,36,2,20,421,20421,15,2003,1GNEK13Z43R2,1,G,N,E,K,1,3,Z,4,3,R,2,0,P,CHEV,KTA,UT,3,17,5050,,0,1160,,F,,F,8,325,,,16R265,,,,,,0,0,000000000,00000000000,0,0,0,1,0,0,0,0,0,0,0,0,0,0,0,62,0,1,12,0,0,0,1,36,11207,6,1,0,0,3,0,70,999,0,12,0,0,1,1,2009,3,2010,0,0,0,0,0,2,3,30,1,1,2,1,3,3,5,60,1,1,1,45,0,0
36,360219,3,4,1,5,1,21,26,12,7,1,0,36,3,13,1,13001,4,2003,1LNHM81W63Y6,1,L,N,H,M,8,1,W,6,3,Y,6,0,P,LINC,EXC,4D,3,17,4156,,0,1177,,G,,F,8,281,,,17R225,,,,,,0,0,000000000,00000000000,0,0,0,1,0,0,0,0,0,0,0,999,0,0,0,83,8,3,2,0,0,1,1,36,11213,6,1,0,0,3,0,68,999,0,1,0,0,3,9,2009,9,2011,0,0,0,0,0,2,3,30,1,1,2,1,3,3,1,66,1,1,1,98,1,0