STATE,ST_CASE,VEH_NO,VE_FORMS,NUMOCCS,DAY,MONTH,HOUR,MINUTE,HARM_EV,MAN_COLL,UNITTYPE,HIT_RUN,REG_STAT,OWNER,MAKE,MODEL,MAK_MOD,BODY_TYP,MOD_YEAR,VIN,VIN_1,VIN_2,VIN_3,VIN_4,VIN_5,VIN_6,VIN_7,VIN_8,VIN_9,VIN_10,VIN_11,VIN_12,TOW_VEH,VINTYPE,VINMAKE,VINA_MOD,VIN_BT,VINMODYR,VIN_LNGT,VIN_WGT,WGTCD_TR,WHLBS_LG,WHLBS_SH,SER_TR,FUELCODE,MCYCL_DS,CARBUR,CYLINDER,DISPLACE,MCYCL_CY,MCYCL_WT,TIRE_SZE,TON_RAT,TRK_WT,TRKWTVAR,VIN_REST,WHLDRWHL,J_KNIFE,MCARR_I1,MCARR_I2,MCARR_ID,GVWR,V_CONFIG,CARGO_BT,HAZ_INV,HAZ_PLAC,HAZ_ID,HAZ_CNO,HAZ_REL,BUS_USE,SPEC_USE,EMER_USE,TRAV_SP,UNDERIDE,ROLLOVER,ROLINLOC,IMPACT1,DEFORMED,TOWED,M_HARM,VEH_SC1,VEH_SC2,FIRE_EXP,DR_PRES,L_STATE,DR_ZIP,L_STATUS,L_TYPE,CDL_STAT,L_ENDORS,L_COMPL,L_RESTRI,DR_HGT,DR_WGT,PREV_ACC,PREV_SUS,PREV_DWI,PREV_SPD,PREV_OTH,FIRST_MO,FIRST_YR,LAST_MO,LAST_YR,SPEEDREL,DR_SF1,DR_SF2,DR_SF3,DR_SF4,VTRAFWAY,VNUM_LAN,VSPD_LIM,VALIGN,VPROFILE,VPAVETYP,VSURCOND,VTRAFCON,VTCONT_F,P_CRASH1,P_CRASH2,P_CRASH3,PCRASH4,PCRASH5,ACC_TYPE,DEATHS,DR_DRINK
36,360219,4,4,1,5,1,21,26,12,7,1,0,36,1,52,34,52034,4,2007,4A3AB36F87E0,4,A,3,A,B,3,6,F,8,7,E,0,0,P,MITS,GES,4D,7,17,3439,,0,1083,,G,,F,4,145,,,16R215,,,,,,0,0,000000000,00000000000,0,0,0,1,0,0,0,0,0,0,0,0,0,0,0,12,8,2,12,0,0,0,1,36,11412,6,1,0,0,3,0,66,999,0,15,0,0,3,2,2009,8,2011,0,0,0,0,0,2,3,30,1,1,2,1,3,3,5,54,1,1,1,98,0,0
36,360220,1,1,1,21,3,16,23,9,0,1,0,36,2,42,43,42043,4,1995,WDBGA33E9SA2,W,D,B,G,A,3,3,E,9,S,A,2,0,P,MERZ,S32,4D,95,17,4455,,0,1236,,G,,F,6,195,,,16R225,,,,,,0,0,000000000,00000000000,0,0,0,1,0,0,0,0,0,0,0,999,0,0,0,12,8,2,9,0,0,0,1,36,11234,6,1,0,0,3,0,69,999,0,0,0,2,0,4,2009,1,2012,0,39,28,0,0,1,2,99,1,1,2,1,0,0,6,83,1,1,2,13,0,0
36,360221,1,2,1,7,4,16,23,12,98,1,0,92,0,73,709,73709,80,2002,999999999999,9,9,9,9,9,9,9,9,9,9,9,9,0,U,,,,9,17,,,,,,,,,,,,,,,,,,,0,0,000000000,00000000000,0,0,0,1,0,0,0,0,0,0,0,100,0,0,0,99,8,2,12,0,0,0,1,36,14213,6,1,0,0,3,0,66,999,0,0,0,1,1,4,2009,9,2011,1,0,0,0,0,1,2,30,1,1,2,1,0,0,1,66,1,1,1,88,1,0
36,360221,2,2,2,7,4,16,23,12,98,1,0,36,1,20,404,20404,14,2012,2GNFLDE59C62,2,G,N,F,L,D,E,5,9,C,6,2,0,P,CHEV,EQU,UT,12,17,4036,,0,1125,,F,,F,6,183,,,17R225,,,,,,0,0,000000000,00000000000,0,0,0,1,0,0,0,0,0,0,0,999,0,0,0,63,8,2,12,0,0,0,1,36,14211,6,1,0,0,3,3,62,999,0,0,0,0,0,0,0,0,0,0,0,0,0,0,1,2,30,1,1,2,1,20,3,1,17,1,1,1,89,0,0
36,360222,1,1,1,5,4,22,5,8,0,1,1,36,1,12,402,12402,14,2005,1FMCU93145DA,1,F,M,C,U,9,3,1,4,5,D,A,0,P,FORD,SPE,UT,5,17,3464,,0,1031,,G,,F,6,183,,,16R235,,,,,,0,0,000000000,00000000000,0,0,0,1,0,0,0,0,0,0,0,999,0,0,0,12,8,1,8,0,0,0,1,36,10312,6,1,0,0,3,0,74,999,0,0,0,0,0,0,0,0,0,1,0,0,0,0,1,2,99,1,1,2,1,0,0,1,80,1,1,1,13,0,1
36,360223,1,1,1,7,4,3,24,42,0,1,0,36,2,2,404,2404,14,2005,1J8HR58215C6,1,J,8,H,R,5,8,2,1,5,C,6,0,T,JEEP,LMT,4W,5,17,,1,0,1095,GCK,G,,,8,348,,,,,4558,00,K,44,0,0,000000000,00000000000,0,0,0,1,0,0,0,0,0,0,0,999,0,1,5,9,6,2,1,0,0,0,1,36,12148,6,1,0,0,3,0,70,999,2,2,0,0,2,4,2010,1,2012,1,39,0,0,0,1,2,40,1,1,2,1,3,3,1,14,1,1,4,14,1,1
36,360224,1,2,1,7,4,19,57,12,2,1,0,36,2,24,1,24001,4,1991,1G8ZG5490MZ1,1,G,8,Z,G,5,4,9,0,M,Z,1,0,P,STRN,SL1,4D,91,17,2226,,0,1024,,G,,F,4,116,,,14R175,,,,,,0,0,000000000,00000000000,0,0,0,1,0,0,0,0,0,0,0,999,0,0,0,12,8,2,12,0,0,0,1,36,11950,6,1,0,0,3,0,65,999,1,1,0,1,1,3,2011,1,2012,0,28,0,0,0,1,3,35,1,1,2,1,0,0,1,10,1,1,2,50,1,1
36,360224,2,2,3,7,4,19,57,12,2,1,0,36,1,53,404,53404,14,2008,JS3TD9413841,J,S,3,T,D,9,4,1,3,8,4,1,0,P,SUZI,GVT,UT,8,17,3582,,0,1039,,G,,F,6,165,,,16R225,,,,,,0,0,000000000,00000000000,0,0,0,1,0,0,0,0,0,0,0,999,0,0,0,12,8,2,12,0,0,0,1,36,11901,6,1,0,0,3,3,65,999,0,0,0,0,0,0,0,0,0,0,0,0,0,0,1,3,35,1,1,2,1,0,0,1,62,1,1,1,51,0,0
36,360225,1,1,1,26,2,4,15,42,0,1,0,36,2,55,35,55035,4,2010,KMHDU4AD9AU1,K,M,H,D,U,4,A,D,9,A,U,1,0,P,HYUN,BGS,4D,10,17,2723,,0,1043,,G,,F,4,121,,,15R195,,,,,,0,0,000000000,00000000000,0,0,0,1,0,0,0,0,0,0,0,999,0,0,0,12,8,2,42,0,0,0,1,36,11746,6,1,0,0,3,0,70,999,0,1,0,1,0,9,2009,10,2009,1,0,0,0,0,1,2,99,2,1,2,1,0,0,14,6,1,3,4,7,1,1
36,360226,1,1,4,8,4,3,54,59,0,1,0,36,2,35,47,35047,4,2001,1N4DL01A01C1,1,N,4,D,L,0,1,A,0,1,C,1,0,P,NISS,AGE,4D,1,17,2848,,0,1031,,G,,F,4,146,,,15R205,,,,,,0,0,000000000,00000000000,0,0,0,1,0,0,0,0,0,0,0,85,0,0,0,12,6,2,30,0,0,0,1,36,14850,1,1,0,0,2,2,69,999,0,3,0,2,0,6,2010,1,2012,1,74,0,0,0,1,2,30,2,1,2,1,3,3,14,13,1,1,4,1,2,1
36,360227,1,2,2,14,3,17,54,12,6,1,0,36,2,35,39,35039,4,2010,1N4AA5AP7AC8,1,N,4,A,A,5,A,P,7,A,C,8,0,P,NISS,MSV,4D,10,17,3556,,0,1093,,G,,F,6,214,,,18R245,,,,,,0,0,000000000,00000000000,0,0,0,1,0,0,0,0,0,0,0,0,0,0,0,7,8,2,12,0,0,0,1,36,11720,6,1,0,0,3,0,60,999,0,0,0,0,0,0,0,0,0,0,0,0,0,0,3,2,99,1,1,2,1,0,0,5,98,1,1,5,98,0,0
36,360227,2,2,2,14,3,17,54,12,6,1,0,36,1,48,401,48401,14,2009,JF2SH61649H7,J,F,2,S,H,6,1,6,4,9,H,7,0,P,SUBA,FOR,UT,9,17,3250,,0,1030,,G,,F,4,150,,,16R215,,,,,,0,0,000000000,00000000000,0,0,0,1,0,0,0,0,0,0,0,999,0,0,0,12,8,2,12,0,0,0,1,36,11766,6,1,0,0,3,0,64,999,0,0,0,0,1,2,2012,2,2012,0,0,0,0,0,3,2,99,1,1,2,1,0,0,1,13,1,1,4,98,1,0
36,360228,2,1,1,9,4,10,21,14,0,1,0,42,3,85,881,85881,66,2011,1XKADP9X0BJ2,1,X,K,A,D,P,9,X,0,B,J,2,1,T,KW,T60,TR,11,17,,8,2600,1600,CON,D,,,6,787,,,,,00000,00,,64,1,57,1454112,571454112,3,6,1,1,0,0,0,0,0,0,0,999,0,1,5,12,6,2,1,0,0,0,1,24,21158,6,1,6,0,3,0,67,999,0,0,0,0,1,3,2012,3,2012,0,0,0,0,0,3,2,65,4,1,2,1,0,0,14,11,1,1,4,11,1,0
36,360229,1,1,1,11,4,3,22,24,0,1,0,9,1,35,401,35401,14,2003,999999999999,9,9,9,9,9,9,9,9,9,9,9,9,0,,,,,,,,,,,,,,,,,,,,,,,,,0,0,000000000,00000000000,0,0,0,1,0,0,0,0,0,0,0,999,0,1,5,12,6,2,1,0,0,0,1,9,6010,9,9,99,9,9,9,999,999,99,99,99,99,99,99,9999,99,9999,0,0,0,0,0,3,3,65,1,1,2,1,0,0,1,12,1,1,4,6,1,0
36,360230,1,1,1,13,3,6,50,8,0,1,0,36,1,37,401,37401,14,1994,4S6CY58V1R44,4,S,6,C,Y,5,8,V,1,R,4,4,0,P,HOND,PAS,UT,94,17,3907,,0,1085,,G,,F,6,193,,,15R225,,,,,,0,0,000000000,00000000000,0,0,0,1,0,0,0,0,0,0,0,999,0,0,0,12,8,3,8,0,0,0,1,36,11722,6,1,0,0,3,0,69,999,0,0,0,0,0,0,0,0,0,0,0,0,0,0,1,5,99,1,1,2,2,0,0,15,80,1,1,1,13,0,0
36,360231,1,1,1,11,4,0,33,42,0,1,0,36,2,54,31,54031,3,1998,JH4DC2382WS0,J,H,4,D,C,2,3,8,2,W,S,0,0,P,ACUR,GSR,2H,98,17,2603,,0,1012,,G,,F,4,110,,,15R195,,,,,,0,0,000000000,00000000000,0,0,0,1,0,0,0,0,0,0,0,90,0,0,0,9,6,2,42,0,0,0,1,36,11003,6,7,0,0,2,2,65,999,0,0,0,0,0,0,0,0,0,1,52,73,0,0,3,3,55,4,1,2,1,0,0,14,13,1,3,4,2,1,0
36,360232,1,1,1,12,2,21,13,9,0,1,1,99,9,99,999,99999,99,9999,999999999999,9,9,9,9,9,9,9,9,9,9,9,9,0,,,,,,,,,,,,,,,,,,,,,,,,,0,0,000000000,00000000000,0,0,0,1,0,0,0,0,0,0,0,999,0,0,0,12,9,1,9,0,0,0,1,99,99999,9,9,99,9,9,9,999,999,99,99,99,99,99,99,9999,99,9999,0,0,0,0,0,1,2,99,2,2,2,1,0,0,14,83,1,1,1,13,0,0
36,360233,1,1,1,11,4,19,5,9,0,1,0,36,2,34,401,34401,14,2008,5UXFE83598L1,5,U,X,F,E,8,3,5,9,8,L,1,0,P,BMW,BX5,UT,8,17,5247,,0,1155,,G,,F,8,293,,,18R255,,,,,,0,0,000000000,00000000000,0,0,0,1,0,0,0,0,0,0,0,999,0,0,0,12,8,1,9,0,0,0,1,36,10470,6,1,0,0,3,0,72,999,0,0,0,0,0,0,0,0,0,0,0,0,0,0,1,2,30,1,1,2,1,0,0,1,83,1,1,1,13,0,0
36,360234,1,1,1,13,3,17,14,8,0,1,0,36,2,22,20,22020,4,2004,2G2WP5228413,2,G,2,W,P,5,2,2,8,4,1,3,0,P,PONT,GPG,4D,4,17,3477,,0,1105,,G,,F,6,231,,,16R225,,,,,,0,0,000000000,00000000000,0,0,0,1,0,0,0,0,0,0,0,999,0,0,0,12,8,2,8,0,0,0,1,36,12078,6,1,0,0,3,3,70,999,0,0,0,0,0,0,0,0,0,0,38,0,0,0,1,2,30,1,1,2,1,0,0,11,80,1,1,1,13,0,0
36,360235,1,2,1,13,4,21,16,12,2,1,0,36,1,49,472,49472,30,2011,5TFUX4EN9BX0,5,T,F,U,X,4,E,N,9,B,X,0,0,T,TOYT,ACC,PC,11,17,,1,0,1278,TAC,G,,,4,164,,,,B,3870,00,W,44,0,0,000000000,00000000000,0,0,0,1,0,0,0,0,0,0,0,71,0,1,1,12,6,2,1,0,0,0,1,36,14094,6,1,0,0,3,0,69,999,0,1,0,0,0,6,2010,6,2010,1,28,0,0,0,1,2,55,3,1,2,1,0,0,14,6,1,7,2,50,1,1
36,360235,2,2,4,13,4,21,16,12,2,1,0,36,2,20,37,20037,4,2010,1G1ZC5EB9AF1,1,G,1,Z,C,5,E,B,9,A,F,1,0,P,CHEV,ML1,4D,10,17,3436,,0,1123,,G,,F,4,146,,,17R215,,,,,,0,0,000000000,00000000000,0,0,0,1,0,0,0,0,0,0,0,999,0,0,0,12,6,2,12,0,0,0,1,36,14094,6,1,0,0,3,0,63,999,1,0,0,0,0,3,2012,3,2012,0,0,0,0,0,1,2,55,2,1,2,1,0,0,14,62,1,1,1,51,0,0
36,360236,1,1,3,13,4,10,13,5,0,1,0,36,3,86,881,86881,63,1995,1M2B224C8SM0,1,M,2,B,2,2,4,C,8,S,M,0,0,T,MACK,DM6,CC,95,17,,8,0,0,600,D,,,6,728,,,,,00000,00,,64,0,99,999999999,99999999999,3,1,7,1,0,0,0,0,0,0,0,999,0,0,0,0,0,1,5,0,0,0,1,36,12590,6,1,6,1,3,0,72,999,0,0,0,0,0,0,0,0,0,0,0,0,0,0,1,2,99,1,1,2,1,3,3,4,98,1,1,1,0,1,0
36,360237,1,1,1,13,4,19,3,59,0,1,0,36,1,37,705,37705,80,2007,JH2PC40077M0,J,H,2,P,C,4,0,0,7,7,M,0,0,M,HOND,B60,RC,7,17,,,,,,,599,,4,,4,345,,,,,,,0,0,000000000,00000000000,0,0,0,1,0,0,0,0,0,0,0,999,0,0,0,12,6,2,59,0,0,0,1,36,11704,6,1,0,0,3,0,66,999,0,1,0,1,0,9,2009,7,2011,0,0,0,0,0,3,2,55,1,1,1,1,0,0,1,13,1,1,4,1,1,0
36,360238,1,1,2,14,3,17,56,8,0,1,0,36,2,12,461,12461,21,2003,1FBSS31L23HB,1,F,B,S,S,3,1,L,2,3,H,B,0,T,FORD,WSD,ES,3,17,,2,0,1380,ECO,G,,,8,330,,,,D,5147,00,E,42,0,0,000000000,00000000000,0,0,0,1,0,0,0,0,0,0,0,999,0,0,0,12,8,3,8,0,0,0,1,36,10453,6,1,0,0,3,0,64,999,0,2,0,0,0,7,2011,12,2011,0,38,0,0,0,1,4,30,1,1,2,1,3,3,11,80,1,1,1,13,0,0
36,360239,1,1,2,15,4,5,44,34,0,1,0,36,2,22,22,22022,4,2008,1G2ZF57B8841,1,G,2,Z,F,5,7,B,8,8,4,1,0,P,PONT,6VB,4D,8,17,3305,,0,1123,,G,,F,4,146,,,16R215,,,,,,0,0,000000000,00000000000,0,0,0,1,0,0,0,0,0,0,0,999,0,1,5,99,6,2,1,0,0,0,1,36,14301,6,1,0,0,3,0,65,999,0,4,0,0,1,5,2010,7,2010,0,0,0,0,0,1,2,99,1,1,2,2,0,0,1,12,1,1,4,6,1,0
36,360240,1,1,3,1,3,2,31,25,0,1,0,36,2,32,43,32043,4,2002,WAUJC68E52A0,W,A,U,J,C,6,8,E,5,2,A,0,0,P,AUDI,41T,4D,2,17,3150,,0,1043,,G,,T,4,109,,,15R205,,,,,,0,0,000000000,00000000000,0,0,0,1,0,0,0,0,0,0,0,999,0,1,5,12,6,2,1,0,0,0,1,36,10467,6,1,0,0,3,0,72,999,0,0,0,0,0,0,0,0,0,1,87,0,0,0,3,3,99,1,1,1,2,0,0,1,13,1,1,4,1,1,0
36,360241,1,1,1,15,4,17,38,42,0,1,0,36,2,12,23,12023,4,2007,3FAHP08197R1,3,F,A,H,P,0,8,1,9,7,R,1,0,P,FORD,F/L,4D,7,17,3101,,0,1074,,G,,F,6,183,,,17R225,,,,,,0,0,000000000,00000000000,0,0,0,1,0,0,0,0,0,0,0,86,0,0,0,12,6,2,42,0,0,0,1,36,14456,6,1,0,0,3,3,71,999,1,0,0,0,0,11,2010,11,2010,1,0,0,0,0,1,2,55,3,2,2,1,0,0,14,11,1,7,4,2,1,1
36,360242,1,1,1,15,4,20,30,8,0,1,0,36,1,54,421,54421,15,2003,2HNYD18773H5,2,H,N,Y,D,1,8,7,7,3,H,5,0,P,ACUR,MDX,UT,3,17,4473,,0,1063,,G,,F,6,212,,,17R235,,,,,,0,0,000000000,00000000000,0,0,0,1,0,0,0,0,0,0,0,999,0,0,0,12,8,1,8,0,0,0,1,36,10463,6,1,0,0,3,0,68,999,0,0,0,0,0,0,0,0,0,0,0,0,0,0,3,3,30,1,1,2,1,3,3,1,80,1,1,1,13,0,1
36,360243,1,4,1,15,4,11,2,12,6,1,0,36,1,53,706,53706,80,2006,JS1GT76A6621,J,S,1,G,T,7,6,A,6,6,2,1,0,M,SUZI,XR1,RC,6,17,,,,,,,999,,4,,4,365,,,,,,,0,0,000000000,00000000000,0,0,0,1,0,0,0,0,0,0,0,999,0,0,0,12,6,2,12,0,0,0,1,36,12065,6,1,0,0,3,0,71,999,0,0,0,0,2,8,2010,10,2010,1,0,0,0,0,1,4,40,1,1,2,1,3,3,1,66,1,1,1,69,1,0
36,360243,2,4,1,15,4,11,2,12,6,1,0,36,1,14,17,14017,4,1999,1MEFM53S0XG6,1,M,E,F,M,5,3,S,0,X,G,6,0,P,MERC,SLS,4D,99,17,3299,,0,1085,,G,,F,6,182,,,15R205,,,,,,0,0,000000000,00000000000,0,0,0,1,0,0,0,0,0,0,0,999,0,0,0,5,8,2,12,0,0,0,1,36,12065,6,1,0,0,3,3,69,999,0,0,0,1,1,10,2009,4,2011,0,0,0,0,0,1,4,40,1,1,2,1,3,3,11,15,1,1,1,68,0,0
36,360243,3,4,4,15,4,11,2,12,6,1,0,36,2,55,35,55035,4,2005,KMHDN46D65U1,K,M,H,D,N,4,6,D,6,5,U,1,0,P,HYUN,EST,4D,5,17,2635,,0,1027,,G,,F,4,121,,,15R195,,,,,,0,0,000000000,00000000000,0,0,0,1,0,0,0,0,0,0,0,0,0,0,0,9,8,1,12,0,0,0,1,36,12047,6,1,0,0,3,0,66,999,0,0,0,0,0,0,0,0,0,0,0,0,0,0,1,4,40,1,1,2,1,3,3,5,62,1,1,1,98,0,0
36,360243,4,4,1,15,4,11,2,12,6,1,0,36,1,55,401,55401,14,2009,5NMSG13D29H3,5,N,M,S,G,1,3,D,2,9,H,3,0,P,HYUN,SAN,UT,9,17,3727,,0,1063,,G,,F,6,162,,,16R235,,,,,,0,0,000000000,00000000000,0,0,0,1,0,0,0,0,0,0,0,0,0,0,0,12,8,1,12,0,0,0,1,36,12188,6,1,0,0,3,3,72,999,0,0,0,0,1,6,2009,6,2009,0,0,0,0,0,1,4,40,1,1,2,1,3,3,5,62,1,1,1,98,0,0
36,360244,1,1,1,7,3,18,24,8,0,1,1,36,1,41,35,41035,4,2000,JM1BJ2226Y02,J,M,1,B,J,2,2,2,6,Y,0,2,0,P,MAZD,PDL,4D,0,17,2434,,0,1028,,G,,F,4,097,,,14R185,,,,,,0,0,000000000,00000000000,0,0,0,1,0,0,0,0,0,0,0,999,0,0,0,12,8,3,8,0,0,0,1,36,11235,1,1,0,0,2,0,68,999,0,2,0,0,0,4,2009,2,2012,0,0,0,0,0,1,2,30,1,1,2,1,0,0,1,80,1,1,1,13,0,1
36,360245,1,1,1,16,4,17,22,52,0,1,0,36,1,20,16,20016,2,2004,1G1JC12F2471,1,G,1,J,C,1,2,F,2,4,7,1,0,P,CHEV,CAV,CP,4,17,2617,,0,1041,,G,,F,4,134,,,14R195,,,,,,0,0,000000000,00000000000,0,0,0,1,0,0,0,0,0,0,0,999,0,0,0,11,8,2,42,0,0,0,1,36,13439,6,1,0,0,3,0,68,999,0,0,0,1,1,5,2011,1,2012,1,0,0,0,0,1,2,55,1,1,2,1,0,0,1,12,1,1,4,6,1,0
36,360246,1,2,3,16,4,10,8,12,6,1,0,36,2,37,32,37032,4,2002,1HGCG668X2A1,1,H,G,C,G,6,6,8,X,2,A,1,0,P,HOND,UXS,4D,2,17,3120,,0,1069,,G,,F,4,138,,,15R195,,,,,,0,0,000000000,00000000000,0,0,0,1,0,0,0,0,0,0,0,14,0,0,0,9,6,2,12,0,0,0,1,36,12304,6,1,0,0,3,0,73,999,0,0,0,0,0,0,0,0,0,0,38,0,0,0,1,2,55,1,1,2,1,20,3,11,15,1,1,1,82,3,0
36,360246,2,2,1,16,4,10,8,12,6,1,0,36,2,37,32,37032,4,1996,1HGCD5538TA2,1,H,G,C,D,5,5,3,8,T,A,2,0,P,HOND,ULE,4D,96,17,2798,,0,1069,,G,,F,4,132,,,15R185,,,,,,0,0,000000000,00000000000,0,0,0,1,0,0,0,0,0,0,0,49,0,0,0,12,6,2,12,0,0,0,1,36,14532,6,8,0,0,0,0,76,999,1,1,0,0,1,2,2011,12,2011,0,0,0,0,0,1,2,55,1,1,2,1,0,0,1,67,1,1,1,83,0,0
36,360247,1,2,1,16,4,12,0,12,6,1,0,36,1,37,705,37705,80,2006,JH2PC37076M3,J,H,2,P,C,3,7,0,7,6,M,3,0,M,HOND,B60,RC,6,17,,,,,,,599,,4,,4,361,,,,,,,0,0,000000000,00000000000,0,0,0,1,0,0,0,0,0,0,0,80,0,0,0,12,6,2,12,0,0,0,1,36,14514,6,1,0,0,3,3,67,999,0,0,0,0,1,10,2010,10,2010,1,35,0,0,0,1,2,55,1,1,2,1,0,0,6,51,1,1,2,98,1,0
36,360247,2,2,1,16,4,12,0,12,6,1,0,36,2,49,422,49422,15,2007,5TDBT44A47S2,5,T,D,B,T,4,4,A,4,7,S,2,0,P,TOYT,SEQ,UT,7,17,5300,,0,1181,,G,,F,8,285,,,16R265,,,,,,0,0,000000000,00000000000,0,0,0,1,0,0,0,0,0,0,0,60,0,0,0,7,8,1,12,0,0,0,1,36,14020,6,1,0,0,3,0,64,999,0,0,0,0,0,0,0,0,0,0,0,0,0,0,1,2,55,1,1,2,1,0,0,1,53,1,1,1,98,0,0
36,360248,1,1,1,17,4,15,20,34,0,1,0,36,1,20,37,20037,4,2009,1G1ZJ57769F1,1,G,1,Z,J,5,7,7,6,9,F,1,0,P,CHEV,ML2,4D,9,17,3436,,0,1123,,G,,F,6,220,,,18R225,,,,,,0,0,000000000,00000000000,0,0,0,1,0,0,0,0,0,0,0,999,0,0,0,12,8,2,34,0,0,0,1,36,14532,6,1,0,0,3,3,70,999,0,0,0,0,0,0,0,0,0,0,0,0,0,0,1,2,55,1,1,2,1,0,0,1,13,1,1,4,1,1,0
36,360249,1,1,1,22,4,1,9,34,0,1,0,36,1,7,482,7482,31,2010,1D7RV1GT4AS1,1,D,7,R,V,1,G,T,4,A,S,1,0,T,DODG,Q15,CW,10,17,,2,0,1400,RPC,G,,,8,348,,,,B,5200,00,7,44,0,0,000000000,00000000000,0,0,0,1,0,0,0,0,0,0,0,999,0,0,0,12,6,2,42,0,0,0,1,36,13071,6,1,6,0,3,3,72,999,0,0,0,0,0,0,0,0,0,1,0,0,0,0,1,2,55,1,5,2,2,0,0,1,12,1,1,4,6,1,1
36,360250,1,1,1,18,4,5,22,8,0,1,0,42,2,49,32,49032,4,1990,JT2AE94A7L34,J,T,2,A,E,9,4,A,7,L,3,4,0,P,TOYT,CDF,4D,90,17,2207,,0,957,,G,,F,4,097,,,13R155,,,,,,0,0,000000000,00000000000,0,0,0,1,0,0,0,0,0,0,0,999,0,0,0,12,8,3,8,0,0,0,1,36,10459,6,1,6,0,3,3,64,999,0,0,0,0,3,1,2010,5,2010,0,0,0,0,0,3,4,50,1,1,2,1,0,0,1,80,1,1,1,13,0,0
36,360251,1,1,1,22,4,22,4,42,0,1,0,36,1,35,39,35039,4,2008,1N4BA41E18C8,1,N,4,B,A,4,1,E,1,8,C,8,0,P,NISS,MEL,4D,8,17,3462,,0,1112,,G,,F,6,214,,,18R245,,,,,,0,0,000000000,00000000000,0,0,0,1,0,0,0,0,0,0,0,999,0,0,0,9,8,2,42,0,0,0,1,36,10956,6,1,0,0,3,0,73,999,0,2,1,0,1,1,2011,5,2011,1,87,0,0,0,3,2,50,1,1,2,2,0,0,1,12,1,1,4,6,1,0
36,360252,1,2,1,21,4,4,48,12,6,1,0,36,2,20,481,20481,31,2004,1GCEK14T94Z2,1,G,C,E,K,1,4,T,9,4,Z,2,0,T,CHEV,SK1,PK,4,17,,2,1330,1190,SIL,G,,,8,325,,,,B,4436,00,,44,0,0,000000000,00000000000,0,0,0,1,0,0,0,0,0,0,0,50,0,1,5,12,8,2,1,0,0,0,1,36,10917,0,0,0,0,0,0,999,999,0,0,0,0,0,0,0,0,0,0,28,0,0,0,1,2,40,1,1,2,1,0,0,1,10,1,1,2,64,1,1
36,360252,2,2,1,21,4,4,48,12,6,1,0,36,3,84,881,84881,66,2010,1HSHWAHN5AJ2,1,H,S,H,W,A,H,N,5,A,J,2,1,T,INTL,860,TR,10,17,,7,0,0,80S,D,,,6,661,,,,,00000,00,,42,1,57,58436,5758436,3,6,1,1,0,0,0,0,0,0,0,20,0,0,0,7,8,1,12,0,0,0,1,36,12550,6,1,6,1,3,0,69,999,0,0,0,0,0,0,0,0,0,0,0,0,0,0,1,2,40,1,1,2,1,0,0,2,62,1,1,1,65,0,0
36,360253,1,1,2,10,1,20,53,8,0,1,0,36,2,20,421,20421,15,1997,3GNEK18R5VG1,3,G,N,E,K,1,8,R,5,V,G,1,0,P,CHEV,KTA,UT,97,17,4827,,0,1115,,G,,F,8,350,,,16R245,,,,,,0,0,000000000,00000000000,0,0,0,1,0,0,0,0,0,0,0,999,0,0,0,12,8,3,8,0,0,0,1,36,10594,6,1,0,0,3,3,64,999,0,0,0,0,0,0,0,0,0,0,0,0,0,0,2,2,99,1,1,2,1,0,0,1,80,1,1,1,13,0,0
36,360254,1,2,1,22,4,6,46,12,2,1,0,36,1,18,7,18007,4,1997,2G4WS52M9V14,2,G,4,W,S,5,2,M,9,V,1,4,0,P,BUIC,CCU,4D,97,17,3348,,0,1090,,G,,F,6,191,,,15R205,,,,,,0,0,000000000,00000000000,0,0,0,1,0,0,0,0,0,0,0,999,0,0,0,12,6,2,12,0,0,0,1,36,14103,6,1,0,0,3,0,72,999,0,0,0,1,0,10,2011,10,2011,0,28,0,0,0,1,2,55,1,1,2,2,0,0,1,10,1,1,2,50,1,1
36,360254,2,2,1,22,4,6,46,12,2,1,0,36,1,41,441,41441,20,2002,JM3LW28A0203,J,M,3,L,W,2,8,A,0,2,0,3,0,P,MAZD,MWG,SV,2,17,3794,,0,1118,,G,,F,6,181,,,15R205,,,,,,0,0,000000000,00000000000,0,0,0,1,0,0,0,0,0,0,0,999,0,1,1,12,6,2,1,0,0,0,1,36,14125,6,1,0,0,3,0,60,999,0,0,0,0,0,0,0,0,0,0,0,0,0,0,1,2,55,1,1,2,2,0,0,1,62,1,1,1,51,1,0
36,360255,1,1,2,23,4,4,59,42,0,1,0,36,2,23,471,23471,30,2000,1GTDT19W2YK1,1,G,T,D,T,1,9,W,2,Y,K,1,0,T,GMC,SON,PC,0,17,,1,0,1229,SON,G,,,6,262,,,,B,3759,00,U,44,0,0,000000000,00000000000,0,0,0,1,0,0,0,0,0,0,0,63,0,0,0,3,6,2,42,0,0,0,1,36,12033,6,1,0,0,3,3,64,999,0,0,0,0,0,0,0,0,0,1,0,0,0,0,1,2,55,1,1,2,2,0,0,1,13,1,1,4,1,1,1
36,360256,1,2,1,20,4,1,32,12,6,1,0,36,1,6,52,6052,6,2003,3C4FY78G03T6,3,C,4,F,Y,7,8,G,0,3,T,6,0,P,CHRY,PTC,SV,3,17,3231,,0,1030,,G,,T,4,148,,,17R205,,,,,,0,0,000000000,00000000000,0,0,0,1,0,0,0,0,0,0,0,999,0,0,0,62,8,3,12,0,0,0,1,36,14225,6,1,0,0,3,3,73,999,0,0,0,0,0,0,0,0,0,0,38,0,0,0,2,2,45,1,1,2,1,0,0,11,15,1,1,1,82,0,0