STATE,ST_CASE,VEH_NO,VE_FORMS,NUMOCCS,DAY,MONTH,HOUR,MINUTE,HARM_EV,MAN_COLL,UNITTYPE,HIT_RUN,REG_STAT,OWNER,MAKE,MODEL,MAK_MOD,BODY_TYP,MOD_YEAR,VIN,VIN_1,VIN_2,VIN_3,VIN_4,VIN_5,VIN_6,VIN_7,VIN_8,VIN_9,VIN_10,VIN_11,VIN_12,TOW_VEH,VINTYPE,VINMAKE,VINA_MOD,VIN_BT,VINMODYR,VIN_LNGT,VIN_WGT,WGTCD_TR,WHLBS_LG,WHLBS_SH,SER_TR,FUELCODE,MCYCL_DS,CARBUR,CYLINDER,DISPLACE,MCYCL_CY,MCYCL_WT,TIRE_SZE,TON_RAT,TRK_WT,TRKWTVAR,VIN_REST,WHLDRWHL,J_KNIFE,MCARR_I1,MCARR_I2,MCARR_ID,GVWR,V_CONFIG,CARGO_BT,HAZ_INV,HAZ_PLAC,HAZ_ID,HAZ_CNO,HAZ_REL,BUS_USE,SPEC_USE,EMER_USE,TRAV_SP,UNDERIDE,ROLLOVER,ROLINLOC,IMPACT1,DEFORMED,TOWED,M_HARM,VEH_SC1,VEH_SC2,FIRE_EXP,DR_PRES,L_STATE,DR_ZIP,L_STATUS,L_TYPE,CDL_STAT,L_ENDORS,L_COMPL,L_RESTRI,DR_HGT,DR_WGT,PREV_ACC,PREV_SUS,PREV_DWI,PREV_SPD,PREV_OTH,FIRST_MO,FIRST_YR,LAST_MO,LAST_YR,SPEEDREL,DR_SF1,DR_SF2,DR_SF3,DR_SF4,VTRAFWAY,VNUM_LAN,VSPD_LIM,VALIGN,VPROFILE,VPAVETYP,VSURCOND,VTRAFCON,VTCONT_F,P_CRASH1,P_CRASH2,P_CRASH3,PCRASH4,PCRASH5,ACC_TYPE,DEATHS,DR_DRINK
36,360329,1,1,1,16,5,5,15,8,0,1,1,99,9,99,999,99999,99,9999,999999999999,9,9,9,9,9,9,9,9,9,9,9,9,0,,,,,,,,,,,,,,,,,,,,,,,,,0,0,000000000,00000000000,0,0,0,1,0,0,0,0,0,0,0,999,0,0,0,12,9,1,8,0,0,0,1,99,99999,9,9,99,9,9,9,999,999,99,99,99,99,99,99,9999,99,9999,1,0,0,0,0,4,4,30,1,1,2,2,3,3,1,80,1,1,1,13,0,0
36,360330,1,1,2,18,5,9,34,42,0,1,0,36,2,21,23,21023,4,1999,1G3WS52KXXF3,1,G,3,W,S,5,2,K,X,X,F,3,0,P,OLDS,IGL,4D,99,17,3467,,0,1090,,G,,F,6,231,,,16R225,,,,,,0,0,000000000,00000000000,0,0,0,1,0,0,0,0,0,0,0,999,0,0,0,9,6,2,42,0,0,0,1,36,14527,6,1,0,0,3,3,70,999,1,2,0,1,2,7,2009,10,2011,1,0,0,0,0,1,2,40,1,2,2,1,0,0,1,13,1,2,4,2,1,0
36,360331,1,2,1,17,5,21,37,12,6,1,0,36,2,53,706,53706,80,2000,JS1VT51A4Y21,J,S,1,V,T,5,1,A,4,Y,2,1,0,M,SUZI,TL1,RC,0,17,,,,,,,996,,2,,4,421,,,,,,,0,0,000000000,00000000000,0,0,0,1,0,0,0,0,0,0,0,999,0,0,0,12,8,2,12,0,0,0,1,36,11756,2,1,0,0,2,0,70,999,0,3,0,0,0,12,2010,12,2011,1,0,0,0,0,3,2,30,1,1,2,1,0,0,1,17,1,1,1,88,1,0
36,360331,2,2,3,17,5,21,37,12,6,1,0,36,1,34,401,34401,14,2011,5UXZV4C53BL4,5,U,X,Z,V,4,C,5,3,B,L,4,0,P,BMW,BX5,UT,11,17,4960,,0,1155,,G,,T,6,183,,,18R255,,,,,,0,0,000000000,00000000000,0,0,0,1,0,0,0,0,0,0,0,999,0,0,0,9,8,2,12,0,0,0,1,36,11756,6,1,0,0,3,0,65,999,0,0,0,0,0,0,0,0,0,0,0,0,0,0,3,2,30,1,1,2,1,20,3,99,66,1,1,1,89,0,0
36,360332,1,2,1,17,5,21,35,8,0,1,0,2,1,12,481,12481,31,2009,1FTPW14V69FA,1,F,T,P,W,1,4,V,6,9,F,A,0,T,FORD,F1S,CW,9,17,,2,1570,1450,COF,F,,,8,329,,,,B,5546,01,L,44,0,0,000000000,00000000000,0,0,0,1,0,0,0,0,0,0,0,999,0,0,0,12,8,1,8,0,0,0,1,36,13616,6,1,0,0,3,0,68,999,0,0,0,0,0,0,0,0,0,0,0,0,0,0,3,3,65,1,1,2,1,0,0,1,80,99,1,1,13,0,0
36,360332,2,2,1,17,5,21,35,8,0,1,0,99,9,99,999,99999,99,9999,999999999999,9,9,9,9,9,9,9,9,9,9,9,9,0,,,,,,,,,,,,,,,,,,,,,,,,,0,0,000000000,00000000000,0,0,0,1,0,0,0,0,0,0,0,999,0,0,0,14,9,1,8,0,0,0,1,36,13036,6,1,0,0,3,0,60,999,0,0,0,0,0,0,0,0,0,0,0,0,0,0,3,3,65,1,1,2,1,0,0,1,80,98,1,1,98,0,0
36,360333,1,2,1,17,5,19,58,12,6,1,0,36,2,73,705,73705,80,2010,JKAZX4R12AA0,J,K,A,Z,X,4,R,1,2,A,A,0,0,M,KAWK,ZXP,RC,10,17,,,,,,,599,,4,,4,421,,,,,,,0,0,000000000,00000000000,0,0,0,1,0,0,0,0,0,0,0,999,0,0,0,12,6,2,12,0,0,0,1,36,10458,6,1,0,0,3,0,71,999,0,0,0,0,0,0,0,0,0,0,39,0,0,0,4,2,30,1,1,2,1,20,3,1,17,1,1,1,88,1,0
36,360333,2,2,2,17,5,19,58,12,6,1,0,36,3,84,981,84981,58,2010,4DRAMAAN2AA1,4,D,R,A,M,A,A,N,2,A,A,1,0,U,,,,,17,,,,,,,,,,,,,,,,,,,0,99,999999999,99999999999,2,21,22,1,0,0,0,0,8,3,0,999,0,0,0,62,8,3,12,0,0,0,1,36,10968,6,1,6,0,3,0,71,999,1,0,0,0,0,9,2009,9,2009,0,0,0,0,0,4,2,30,1,1,2,1,0,0,1,66,1,1,1,89,0,0
36,360334,1,1,1,31,1,15,33,8,0,1,0,34,2,37,399,37399,4,2007,1HGCM66527A0,1,H,G,C,M,6,6,5,2,7,A,0,0,P,HOND,UEX,4D,7,17,3371,,0,1079,,G,,F,6,183,,,17R215,,,,,,0,0,000000000,00000000000,0,0,0,1,0,0,0,0,0,0,0,999,0,0,0,12,8,1,8,0,0,0,1,36,11223,6,1,0,0,3,0,64,999,0,0,0,0,0,0,0,0,0,1,0,0,0,0,3,2,30,1,1,2,1,3,3,11,80,1,1,1,13,0,0
36,360335,1,1,1,19,5,16,0,42,0,1,0,36,2,53,706,53706,80,2006,JS1VY53A5621,J,S,1,V,Y,5,3,A,5,6,2,1,0,M,SUZI,VZR,RS,6,17,,,,,,,1783,,2,,4,695,,,,,,,0,0,000000000,00000000000,0,0,0,1,0,0,0,0,0,0,0,999,0,0,0,11,6,2,42,0,0,0,1,36,13421,6,1,0,0,3,0,70,999,1,0,0,1,3,6,2009,3,2011,1,0,0,0,0,1,2,55,2,2,2,1,0,0,14,12,1,1,4,6,1,1
36,360336,1,1,1,16,2,18,0,8,0,1,0,36,2,12,17,12017,4,1994,1FALP53U2RA2,1,F,A,L,P,5,3,U,2,R,A,2,0,P,FORD,TAX,4D,94,17,3147,,0,1060,,G,,F,6,182,,,15R205,,,,,,0,0,000000000,00000000000,0,0,0,1,0,0,0,0,0,0,0,999,0,0,0,12,8,1,8,0,0,0,1,36,11951,6,1,0,0,3,0,68,999,0,0,0,0,0,0,0,0,0,0,0,0,0,0,3,3,99,1,1,2,2,3,3,1,80,1,1,1,13,0,0
36,360337,1,1,2,19,5,22,20,1,0,1,0,36,1,14,443,14443,20,1995,4M2DV11W8SDJ,4,M,2,D,V,1,1,W,8,S,D,J,0,P,MERC,VLR,SV,95,17,3870,,0,1122,,G,,F,6,182,,,15R205,,,,,,0,0,000000000,00000000000,0,0,0,1,0,0,0,0,0,0,0,999,0,2,1,0,6,2,1,0,0,0,1,36,14513,6,1,0,0,3,0,65,999,0,0,0,0,0,0,0,0,0,0,0,0,0,0,1,2,45,1,1,2,1,0,0,1,8,7,3,2,98,1,1
36,360338,1,2,1,18,5,13,50,12,2,1,0,36,3,20,481,20481,31,2006,1GCEK14VX6E1,1,G,C,E,K,1,4,V,X,6,E,1,0,T,CHEV,SK1,PK,6,17,,2,1330,1190,SIL,G,,,8,293,,,,B,4508,00,,44,0,0,000000000,00000000000,0,0,0,1,0,0,0,0,0,0,0,43,0,0,0,12,6,2,12,0,0,0,1,36,13041,6,1,0,0,3,3,70,999,0,0,0,1,0,6,2011,6,2011,0,28,0,0,0,1,2,40,1,1,2,1,0,0,1,10,1,1,2,50,1,0
36,360338,2,2,1,18,5,13,50,12,2,1,0,36,3,82,881,82881,62,2008,1FVACWDT18HA,1,F,V,A,C,W,D,T,1,8,H,A,0,T,FRHT,16M,CC,8,17,,6,0,0,FM2,D,,,6,409,,,,,00000,00,,42,0,99,999999999,99999999999,2,1,1,1,0,0,0,0,0,0,0,999,0,0,0,12,8,2,12,0,0,0,1,36,13088,6,1,0,0,3,0,70,999,0,0,0,0,0,0,0,0,0,0,0,0,0,0,1,2,40,1,1,2,1,0,0,1,62,7,1,1,51,0,0
36,360339,1,2,2,19,5,12,36,12,6,1,0,36,3,20,422,20422,15,2012,3GNAL2EKXCS5,3,G,N,A,L,2,E,K,X,C,S,5,0,P,CHEV,CPT,UT,12,17,4325,,0,1066,,F,,F,4,146,,,17R235,,,,,,0,0,000000000,00000000000,0,0,0,1,0,0,0,0,0,0,0,999,0,0,0,82,6,2,12,0,0,0,1,36,13407,6,1,0,0,3,3,64,999,0,1,0,0,0,1,2012,1,2012,1,39,0,0,0,1,2,55,1,2,2,1,20,3,1,17,1,1,1,87,1,0
36,360339,2,2,3,19,5,12,36,12,6,1,0,36,1,12,401,12401,14,2005,1FMZU73E15UB,1,F,M,Z,U,7,3,E,1,5,U,B,0,P,FORD,EPR,UT,5,17,4094,,0,1137,,G,,F,6,245,,,16R235,,,,,,0,0,000000000,00000000000,0,0,0,1,0,0,0,0,0,0,0,999,0,0,0,12,6,2,12,0,0,0,1,36,13032,6,1,0,0,3,3,64,999,0,0,0,0,0,0,0,0,0,0,0,0,0,0,1,2,55,1,1,2,1,0,0,1,66,1,1,1,86,0,0
36,360340,1,1,1,19,5,12,31,42,0,1,0,36,1,7,442,7442,20,2002,1B4GP25352B6,1,B,4,G,P,2,5,3,5,2,B,6,0,P,DODG,CAR,SV,2,17,3766,,0,1133,,F,,F,6,201,,,17R215,,,,,,0,0,000000000,00000000000,0,0,0,1,0,0,0,0,0,0,0,999,0,0,0,12,8,2,42,0,0,0,1,36,13204,6,1,0,0,3,0,70,999,0,0,0,0,0,0,0,0,0,0,0,0,0,0,1,2,55,1,2,2,1,0,0,1,12,1,1,4,6,1,0
36,360341,1,2,2,20,5,18,25,12,1,1,0,36,1,22,32,22032,6,2009,5Y2SP67849Z4,5,Y,2,S,P,6,7,8,4,9,Z,4,0,P,PONT,VIB,4H,9,17,2856,,0,1024,,G,,F,4,110,,,16R205,,,,,,0,0,000000000,00000000000,0,0,0,1,0,0,0,0,0,0,0,999,0,0,0,6,8,1,12,0,0,0,1,36,14043,6,1,0,0,3,3,59,999,0,0,0,0,0,0,0,0,0,0,0,0,0,0,2,2,50,1,2,2,1,0,0,2,53,1,2,1,25,0,0
36,360341,2,2,1,20,5,18,25,12,1,1,0,36,1,37,709,37709,80,1970,999999999999,9,9,9,9,9,9,9,9,9,9,9,9,0,U,,,,9,17,,,,,,,,,,,,,,,,,,,0,0,000000000,00000000000,0,0,0,1,0,0,0,0,0,0,0,999,0,0,0,12,8,2,12,0,0,0,1,36,14086,6,1,6,0,3,0,73,999,1,0,0,0,1,10,2009,3,2011,0,26,0,0,0,2,2,50,1,2,2,1,0,0,1,51,4,1,1,24,1,0
36,360342,1,2,2,25,2,10,8,12,6,1,0,36,1,58,37,58037,4,2008,JNKBV61FX8M2,J,N,K,B,V,6,1,F,X,8,M,2,0,P,INFI,AWD,4D,8,17,3704,,0,1122,,G,,F,6,214,,,17R225,,,,,,0,0,000000000,00000000000,0,0,0,1,0,0,0,0,0,0,0,999,0,0,0,12,8,2,12,0,0,0,1,36,11236,6,1,0,0,3,0,71,999,1,0,0,1,0,5,2009,4,2011,0,0,0,0,0,3,2,30,1,1,2,1,3,3,1,62,1,1,1,69,0,0
36,360342,2,2,2,25,2,10,8,12,6,1,0,36,1,18,20,18020,4,1993,2G4WD54L7P14,2,G,4,W,D,5,4,L,7,P,1,4,0,P,BUIC,RGL,4D,93,17,3174,,0,1075,,G,,F,6,231,,,15R205,,,,,,0,0,000000000,00000000000,0,0,0,1,0,0,0,0,0,0,0,999,0,0,0,81,8,2,12,0,0,0,1,36,11236,6,1,0,0,3,0,71,999,0,0,0,0,0,0,0,0,0,0,38,0,0,0,3,2,30,1,1,2,1,3,3,11,15,1,1,1,68,1,0
36,360343,1,2,1,29,3,22,46,12,6,1,0,36,1,55,33,55033,4,2007,5NPEU46F57H2,5,N,P,E,U,4,6,F,5,7,H,2,0,P,HYUN,SLI,4D,7,17,3458,,0,1074,,G,,F,6,204,,,17R225,,,,,,0,0,000000000,00000000000,0,0,0,1,0,0,0,0,0,0,0,999,0,0,0,12,8,2,12,0,0,0,1,36,11230,6,1,0,0,3,3,67,999,0,0,0,0,0,0,0,0,0,0,38,0,0,0,6,4,99,1,1,2,1,3,3,11,15,1,1,1,68,0,0
36,360343,2,2,1,29,3,22,46,12,6,1,0,36,1,72,706,72706,80,2011,1HD1KBM10BB6,1,H,D,1,K,B,M,1,0,B,B,6,0,M,HD,FHX,RS,11,17,,,,,,,1690,,2,,4,785,,,,,,,0,0,000000000,00000000000,0,0,0,1,0,0,0,0,0,0,0,999,0,0,0,11,6,2,12,0,0,0,1,36,10305,6,1,0,0,3,0,70,999,0,0,0,1,0,10,2009,10,2009,0,0,0,0,0,1,4,99,1,1,2,1,3,3,1,67,1,1,1,69,1,0
36,360344,1,2,1,4,5,18,10,12,2,1,0,36,1,20,37,20037,4,2006,1G1ZS51F96F2,1,G,1,Z,S,5,1,F,9,6,F,2,0,P,CHEV,M/L,4D,6,17,3296,,0,1063,,G,,F,4,134,,,15R205,,,,,,0,0,000000000,00000000000,0,0,0,1,0,0,0,0,0,0,0,999,0,0,0,12,8,2,12,0,0,0,1,12,33467,6,1,0,0,3,3,74,999,0,0,0,0,0,0,0,0,0,0,0,0,0,0,3,2,55,1,1,2,1,3,3,1,62,1,1,1,69,0,0
36,360344,2,2,1,4,5,18,10,12,2,1,0,36,1,58,34,58034,4,1994,JNKAY21D4RM1,J,N,K,A,Y,2,1,D,4,R,M,1,0,P,INFI,J30,4D,94,17,3527,,0,1087,,G,,F,6,181,,,15R215,,,,,,0,0,000000000,00000000000,0,0,0,1,0,0,0,0,0,0,0,999,0,0,0,12,8,2,12,0,0,0,1,36,11787,6,1,0,0,3,3,68,999,1,0,0,0,0,7,2011,7,2011,0,38,0,0,0,3,2,55,1,1,2,1,3,3,11,15,1,1,1,68,1,0
36,360345,1,2,1,10,5,20,10,12,6,1,0,36,1,53,706,53706,80,2005,JS1GN7CA7521,J,S,1,G,N,7,C,A,7,5,2,1,0,M,SUZI,GSK,RC,5,17,,,,,,,599,,4,,4,355,,,,,,,0,0,000000000,00000000000,0,0,0,1,0,0,0,0,0,0,0,999,0,0,0,12,8,2,12,0,0,0,1,36,11731,6,1,0,0,3,0,71,999,0,0,0,0,0,0,0,0,0,0,0,0,0,0,5,4,30,1,1,2,1,0,0,1,60,7,1,2,71,1,0
36,360345,2,2,4,10,5,20,10,12,6,1,0,36,1,35,49,35049,6,2012,JN8AZ1MW8CW2,J,N,8,A,Z,1,M,W,8,C,W,2,0,P,NISS,MUR,UT,12,17,4025,,0,1112,,G,,F,6,214,,,18R235,,,,,,0,0,000000000,00000000000,0,0,0,1,0,0,0,0,0,0,0,999,0,0,0,82,8,2,12,0,0,0,1,36,11747,6,1,0,0,3,0,69,999,0,0,0,0,0,0,0,0,0,0,28,0,0,0,5,4,30,1,1,2,1,0,0,10,16,1,1,1,70,0,0
36,360346,1,1,1,21,5,16,17,21,0,1,0,36,1,37,31,37031,2,2006,2HGFG12646H5,2,H,G,F,G,1,2,6,4,6,H,5,0,P,HOND,UCL,CP,6,17,2716,,0,1043,,G,,F,4,110,,,16R205,,,,,,0,0,000000000,00000000000,0,0,0,1,0,0,0,0,0,0,0,999,0,0,0,12,6,2,21,0,0,0,1,36,14624,6,1,0,0,3,0,70,999,0,0,0,0,0,0,0,0,0,0,0,0,0,0,2,2,65,1,1,2,1,0,0,1,12,1,1,4,6,1,0
36,360347,1,2,1,11,5,12,13,12,6,1,0,36,1,20,37,20037,4,2010,1G1ZD5E78A41,1,G,1,Z,D,5,E,7,8,A,4,1,0,P,CHEV,ML2,4D,10,17,3436,,0,1123,,G,,F,6,220,,,18R225,,,,,,0,0,000000000,00000000000,0,0,0,1,0,0,0,0,0,0,0,999,0,0,0,12,8,8,12,0,0,0,1,36,11742,6,1,0,0,3,3,63,999,2,0,0,0,0,1,2010,7,2010,0,0,0,0,0,3,2,99,1,1,2,1,3,3,1,62,1,1,1,69,0,0
36,360347,2,2,2,11,5,12,13,12,6,1,0,36,1,24,7,24007,4,2004,1G8AJ52F14Z2,1,G,8,A,J,5,2,F,1,4,Z,2,0,P,STRN,SI2,4D,4,17,2808,,0,1032,,G,,F,4,134,,,15R195,,,,,,0,0,000000000,00000000000,0,0,0,1,0,0,0,0,0,0,0,999,0,0,0,82,8,8,12,0,0,0,1,36,11742,6,1,0,0,3,3,64,999,0,0,0,0,0,0,0,0,0,0,39,0,0,0,3,2,99,1,1,2,1,3,3,11,15,1,1,1,68,1,0
36,360348,1,1,1,21,5,21,4,8,0,1,1,99,9,99,999,99999,99,9999,999999999999,9,9,9,9,9,9,9,9,9,9,9,9,0,,,,,,,,,,,,,,,,,,,,,,,,,0,0,000000000,00000000000,0,0,0,1,0,0,0,0,0,0,0,999,0,0,0,99,9,1,8,0,0,0,1,99,99999,9,9,99,9,9,9,999,999,99,99,99,99,99,99,9999,99,9999,0,0,0,0,0,5,4,40,1,1,2,2,0,0,1,80,99,1,9,13,0,0
36,360349,1,2,1,21,5,6,47,12,6,1,0,42,1,72,709,72709,80,2007,1HD1FR4127Y7,1,H,D,1,F,R,4,1,2,7,Y,7,0,M,HD,FCI,RS,7,17,,,,,,,1584,,2,,4,732,,,,,,,0,0,000000000,00000000000,0,0,0,1,0,0,0,0,0,0,0,999,0,0,0,12,8,2,12,0,0,0,1,42,18812,6,1,6,0,3,3,76,999,0,0,0,0,1,12,2010,12,2010,0,0,0,0,0,1,2,30,1,2,2,1,0,0,1,62,1,1,1,69,1,0
36,360349,2,2,1,21,5,6,47,12,6,1,0,36,1,20,443,20443,20,1997,1GNDU06E6VD1,1,G,N,D,U,0,6,E,6,V,D,1,0,P,CHEV,VTR,SV,97,17,0,,0,1120,,G,,F,6,207,,,15R205,,,,,,0,0,000000000,00000000000,0,0,0,1,0,0,0,0,0,0,0,999,0,0,0,83,8,2,12,0,0,0,1,36,13850,6,1,0,0,3,3,66,999,0,0,0,1,0,4,2011,4,2011,0,38,0,0,0,1,2,30,1,2,2,1,0,0,11,15,1,1,1,68,0,0
36,360350,1,1,1,21,5,4,40,8,0,1,0,36,2,49,403,49403,14,2003,JTEGF21A0301,J,T,E,G,F,2,1,A,0,3,0,1,0,P,TOYT,HIG,UT,3,17,3660,,0,1069,,G,,F,6,183,,,16R225,,,,,,0,0,000000000,00000000000,0,0,0,1,0,0,0,0,0,0,0,999,0,0,0,12,8,3,8,0,0,0,1,36,11787,6,1,6,0,3,3,70,999,0,0,0,0,0,0,0,0,0,0,0,0,0,0,5,4,40,1,1,2,1,0,0,1,80,1,1,1,13,0,0
36,360351,1,1,1,18,5,1,1,8,0,1,0,34,2,54,31,54031,4,1997,JH4DB766XVS0,J,H,4,D,B,7,6,6,X,V,S,0,0,P,ACUR,IGS,4D,97,17,2687,,0,1031,,G,,F,4,112,,,14R195,,,,,,0,0,000000000,00000000000,0,0,0,1,0,0,0,0,0,0,0,999,0,0,0,12,8,1,8,0,0,0,1,34,7081,6,1,0,0,3,3,68,999,1,0,0,0,1,8,2010,1,2011,0,0,0,0,0,1,4,99,1,1,2,1,0,0,1,80,1,1,1,13,0,0
36,360352,1,3,3,4,5,7,40,12,6,1,0,36,3,12,481,12481,31,2003,1FTNW21F23EA,1,F,T,N,W,2,1,F,2,3,E,A,0,T,FORD,F2S,CW,3,17,,2,1724,1562,SRW,D,,,8,444,,,,C,5870,04,E,44,0,0,000000000,00000000000,0,0,0,1,0,0,0,0,0,0,0,999,0,0,0,12,8,1,12,0,0,0,1,36,11933,6,1,0,0,3,0,67,999,0,0,0,0,0,0,0,0,0,0,0,0,0,0,1,4,40,1,2,2,2,3,3,1,62,1,1,1,69,0,0
36,360352,2,3,6,4,5,7,40,12,6,1,0,36,3,12,461,12461,21,2007,1FMNE11W07DB,1,F,M,N,E,1,1,W,0,7,D,B,0,P,FORD,ECO,SV,7,17,5679,,0,1380,,G,,F,8,281,,,16R225,,,,,,0,0,000000000,00000000000,0,0,0,1,0,0,0,0,0,0,0,999,0,0,0,3,8,1,12,0,0,0,1,36,11520,6,1,0,0,3,0,70,999,1,0,0,0,0,8,2009,8,2009,0,38,0,0,0,1,4,40,1,3,2,2,3,3,11,15,1,1,2,68,0,0
36,360352,3,3,3,4,5,7,40,12,6,1,0,36,3,12,461,12461,21,2006,1FBNE31L26HA,1,F,B,N,E,3,1,L,2,6,H,A,0,P,FORD,ECO,SV,6,17,6231,,0,1380,,G,,F,8,330,,,000000,,,,,,0,0,000000000,00000000000,0,0,0,1,0,0,0,0,0,0,0,0,0,0,0,11,8,8,12,0,0,0,1,36,11554,6,1,0,0,3,0,67,999,0,0,0,0,0,0,0,0,0,0,0,0,0,0,1,4,40,1,3,2,2,3,3,5,98,1,1,1,98,1,0
36,360353,1,1,1,21,5,0,15,8,0,1,1,36,1,12,481,12481,31,2006,1FTPX145X6FB,1,F,T,P,X,1,4,5,X,6,F,B,0,T,FORD,F15,4C,6,17,,2,0,1450,COF,G,,,8,329,,,,B,4297,16,E,44,0,0,000000000,00000000000,0,0,0,1,0,0,0,0,0,0,0,999,0,0,0,12,8,1,8,0,0,0,1,36,13165,1,1,1,0,2,2,65,999,0,0,0,1,1,10,2011,2,2012,0,74,0,0,0,1,2,45,1,1,2,1,0,0,1,80,1,1,1,13,0,0
36,360354,1,2,1,22,5,21,18,12,2,1,0,36,1,37,31,37031,4,2003,2HGES16503H5,2,H,G,E,S,1,6,5,0,3,H,5,0,P,HOND,UCL,4D,3,17,2513,,0,1031,,G,,F,4,102,,,14R185,,,,,,0,0,000000000,00000000000,0,0,0,1,0,0,0,0,0,0,0,999,0,0,0,12,6,2,12,0,0,0,1,36,12118,6,1,0,0,3,0,64,999,3,0,0,0,0,4,2011,4,2012,0,28,0,0,0,1,2,55,1,1,2,1,0,0,1,10,1,1,2,50,1,0
36,360354,2,2,1,22,5,21,18,12,2,1,0,36,2,12,401,12401,14,2000,1FMZU72X0YUB,1,F,M,Z,U,7,2,X,0,Y,U,B,0,P,FORD,EPR,UT,0,17,4065,,0,1116,,G,,F,6,245,,,15R235,,,,,,0,0,000000000,00000000000,0,0,0,1,0,0,0,0,0,0,0,999,0,0,0,12,6,2,12,0,0,0,1,36,12302,6,8,0,0,3,0,70,999,0,7,0,0,0,11,2009,6,2011,0,0,0,0,0,1,2,55,1,1,2,1,0,0,1,62,1,1,1,51,0,0
36,360355,1,2,1,23,5,16,59,12,6,1,0,36,1,2,404,2404,14,2000,1J4FF48S0YL1,1,J,4,F,F,4,8,S,0,Y,L,1,0,T,JEEP,SPT,4W,0,17,,1,0,1014,CHK,G,,,6,244,,,,,3247,00,E,44,0,0,000000000,00000000000,0,0,0,1,0,0,0,0,0,0,0,999,0,1,1,12,8,2,12,0,0,0,1,36,12053,6,1,6,0,3,0,69,999,0,0,0,0,0,0,0,0,0,0,0,0,0,0,1,2,55,1,2,2,1,3,3,1,62,1,1,1,69,0,0
36,360355,2,2,2,23,5,16,59,12,6,1,0,36,1,48,401,48401,14,2002,JF1SF65652H7,J,F,1,S,F,6,5,6,5,2,H,7,0,P,SUBA,FOR,UT,2,17,3200,,0,994,,G,,F,4,150,,,16R215,,,,,,0,0,000000000,00000000000,0,0,0,1,0,0,0,0,0,0,0,999,0,0,0,3,8,2,12,0,0,0,1,36,12066,6,1,0,0,3,3,70,999,0,0,0,0,0,0,0,0,0,0,38,0,0,0,1,2,55,1,2,2,1,3,3,11,55,1,1,2,68,1,0
36,360356,1,1,1,21,5,20,55,35,0,1,0,36,1,37,706,37706,80,2006,1HFSC47F56A5,1,H,F,S,C,4,7,F,5,6,A,5,0,M,HOND,GL8,RS,6,17,,,,,,,1832,,6,,4,822,,,,,,,0,0,000000000,00000000000,0,0,0,1,0,0,0,0,0,0,0,999,0,0,0,12,6,2,35,0,0,0,1,36,13367,6,1,0,0,3,0,71,999,0,0,0,0,0,0,0,0,0,1,0,0,0,0,1,2,55,2,1,2,2,0,0,14,13,1,1,4,1,1,1
36,360357,1,2,1,22,5,22,49,12,6,1,0,36,2,73,705,73705,80,2004,JKBZXJB194A0,J,K,B,Z,X,J,B,1,9,4,A,0,0,M,KAWK,Z3B,RC,4,17,,,,,,,636,,4,,4,355,,,,,,,0,0,000000000,00000000000,0,0,0,1,0,0,0,0,0,0,0,999,0,0,0,12,6,2,12,0,0,0,1,36,14701,1,1,0,0,2,2,64,999,0,5,0,0,0,4,2011,5,2012,0,74,0,0,0,1,2,30,1,2,2,1,3,3,1,67,4,1,1,69,1,0
36,360357,2,2,2,22,5,22,49,12,6,1,0,36,2,12,402,12402,14,2005,1FMYU92Z35KA,1,F,M,Y,U,9,2,Z,3,5,K,A,0,P,FORD,SPE,UT,5,17,3340,,0,1031,,G,,F,4,140,,,15R225,,,,,,0,0,000000000,00000000000,0,0,0,1,0,0,0,0,0,0,0,999,0,0,0,1,8,2,12,0,0,0,1,42,16354,6,1,0,0,3,0,75,999,0,0,0,0,1,10,2010,10,2010,0,38,48,0,0,1,2,30,1,2,2,1,3,3,11,15,1,1,1,68,0,0
36,360358,1,1,1,24,5,0,18,33,0,1,0,36,1,72,709,72709,80,2003,1HD1CGP413K4,1,H,D,1,C,G,P,4,1,3,K,4,0,M,HD,20A,RS,3,17,,,,,,,1200,,2,,4,491,,,,,,,0,0,000000000,00000000000,0,0,0,1,0,0,0,0,0,0,0,999,0,0,0,12,8,2,19,0,0,0,1,36,12306,6,1,6,0,3,0,62,999,1,0,0,0,0,5,2011,5,2011,1,0,0,0,0,1,2,30,3,6,2,1,0,0,14,10,1,1,4,6,1,1
36,360359,1,1,1,21,5,20,53,8,0,1,1,99,9,99,999,99999,99,9999,999999999999,9,9,9,9,9,9,9,9,9,9,9,9,0,,,,,,,,,,,,,,,,,,,,,,,,,0,0,000000000,00000000000,0,0,0,1,0,0,0,0,0,0,0,999,0,0,0,12,9,1,8,0,0,0,1,99,99999,9,9,99,9,9,9,999,999,99,99,99,99,99,99,9999,99,9999,0,0,0,0,0,4,2,99,1,1,2,2,0,0,1,80,1,1,1,13,0,0
36,360360,1,1,1,25,5,23,26,24,0,1,0,36,3,20,421,20421,15,2009,999999999999,9,9,9,9,9,9,9,9,9,9,9,9,0,,,,,,,,,,,,,,,,,,,,,,,,,0,0,000000000,00000000000,0,0,0,1,0,0,0,0,0,5,8,999,0,1,5,12,6,2,21,0,0,0,1,36,13088,6,1,0,0,3,3,71,999,1,0,0,0,0,9,2011,9,2011,1,16,0,0,0,1,2,40,3,1,2,2,0,0,14,12,1,1,4,6,1,0