STATE,ST_CASE,VEH_NO,VE_FORMS,NUMOCCS,DAY,MONTH,HOUR,MINUTE,HARM_EV,MAN_COLL,UNITTYPE,HIT_RUN,REG_STAT,OWNER,MAKE,MODEL,MAK_MOD,BODY_TYP,MOD_YEAR,VIN,VIN_1,VIN_2,VIN_3,VIN_4,VIN_5,VIN_6,VIN_7,VIN_8,VIN_9,VIN_10,VIN_11,VIN_12,TOW_VEH,VINTYPE,VINMAKE,VINA_MOD,VIN_BT,VINMODYR,VIN_LNGT,VIN_WGT,WGTCD_TR,WHLBS_LG,WHLBS_SH,SER_TR,FUELCODE,MCYCL_DS,CARBUR,CYLINDER,DISPLACE,MCYCL_CY,MCYCL_WT,TIRE_SZE,TON_RAT,TRK_WT,TRKWTVAR,VIN_REST,WHLDRWHL,J_KNIFE,MCARR_I1,MCARR_I2,MCARR_ID,GVWR,V_CONFIG,CARGO_BT,HAZ_INV,HAZ_PLAC,HAZ_ID,HAZ_CNO,HAZ_REL,BUS_USE,SPEC_USE,EMER_USE,TRAV_SP,UNDERIDE,ROLLOVER,ROLINLOC,IMPACT1,DEFORMED,TOWED,M_HARM,VEH_SC1,VEH_SC2,FIRE_EXP,DR_PRES,L_STATE,DR_ZIP,L_STATUS,L_TYPE,CDL_STAT,L_ENDORS,L_COMPL,L_RESTRI,DR_HGT,DR_WGT,PREV_ACC,PREV_SUS,PREV_DWI,PREV_SPD,PREV_OTH,FIRST_MO,FIRST_YR,LAST_MO,LAST_YR,SPEEDREL,DR_SF1,DR_SF2,DR_SF3,DR_SF4,VTRAFWAY,VNUM_LAN,VSPD_LIM,VALIGN,VPROFILE,VPAVETYP,VSURCOND,VTRAFCON,VTCONT_F,P_CRASH1,P_CRASH2,P_CRASH3,PCRASH4,PCRASH5,ACC_TYPE,DEATHS,DR_DRINK
36,360426,1,2,1,22,2,18,38,8,0,1,1,99,9,99,999,99999,99,9999,999999999999,9,9,9,9,9,9,9,9,9,9,9,9,0,,,,,,,,,,,,,,,,,,,,,,,,,0,0,000000000,00000000000,0,0,0,1,0,0,0,0,0,0,0,999,0,0,0,99,9,1,8,0,0,0,1,99,99999,9,9,99,9,9,9,999,999,99,99,99,99,99,99,9999,99,9999,0,0,0,0,0,1,2,99,1,1,1,1,3,3,1,80,1,1,1,13,0,0
36,360426,2,2,1,22,2,18,38,8,0,1,0,36,2,49,32,49032,4,2010,2T1BU4EE5AC3,2,T,1,B,U,4,E,E,5,A,C,3,0,P,TOYT,CBL,4D,10,17,2723,,0,1024,,G,,F,4,110,,,15R195,,,,,,0,0,000000000,00000000000,0,0,0,1,0,0,0,0,0,0,0,999,0,0,0,7,8,1,8,0,0,0,1,36,12540,6,1,0,0,3,0,71,999,0,0,0,1,0,4,2009,4,2009,0,0,0,0,0,1,2,99,1,1,1,1,3,3,1,80,1,1,1,98,0,0
36,360427,1,1,1,1,6,10,28,42,0,1,0,36,1,54,31,54031,4,1996,JH4DC4369TS0,J,H,4,D,C,4,3,6,9,T,S,0,0,P,ACUR,ISE,2H,96,17,2567,,0,1012,,G,,F,4,112,,,15R195,,,,,,0,0,000000000,00000000000,0,0,0,1,0,0,0,0,0,0,0,999,0,0,0,4,6,2,5,0,0,0,1,36,12428,6,1,0,0,3,0,69,999,0,4,0,1,1,6,2009,2,2012,1,0,0,0,0,1,2,55,1,2,2,1,0,0,1,11,1,1,4,1,1,1
36,360428,1,1,1,11,6,7,20,42,0,1,0,36,1,13,1,13001,4,2000,1LNHM83W6YY8,1,L,N,H,M,8,3,W,6,Y,Y,8,0,P,LINC,CAR,4D,0,17,4121,,0,1177,,G,,F,8,281,,,16R225,,,,,,0,0,000000000,00000000000,0,0,0,1,0,0,0,0,0,0,0,55,0,0,0,9,8,2,42,0,0,0,1,36,11552,6,1,0,0,3,3,70,999,1,0,0,0,0,9,2011,9,2011,0,0,0,0,0,3,3,55,1,1,2,1,0,0,1,13,1,1,4,1,1,0
36,360429,1,2,2,11,6,9,40,12,2,1,0,34,1,12,442,12442,20,2003,2FMZA51403BA,2,F,M,Z,A,5,1,4,0,3,B,A,0,T,FORD,WLX,ES,3,17,,1,0,1207,WIN,G,,,6,232,,,,B,3762,00,E,42,0,0,000000000,00000000000,0,0,0,1,0,0,0,0,0,0,0,999,0,0,0,12,6,2,12,0,0,0,1,34,7076,6,1,0,0,3,0,64,999,0,0,0,0,0,0,0,0,0,0,0,0,0,0,1,2,55,2,2,2,1,0,0,14,62,1,1,1,51,0,0
36,360429,2,2,1,11,6,9,40,12,2,1,0,36,1,52,35,52035,2,2002,JA3AY11A22U0,J,A,3,A,Y,1,1,A,2,2,U,0,0,P,MITS,MDE,2D,2,17,2183,,0,951,,G,,F,4,090,,,14R175,,,,,,0,0,000000000,00000000000,0,0,0,1,0,0,0,0,0,0,0,999,0,0,0,12,6,2,12,0,0,0,1,36,14510,6,1,0,0,3,0,73,999,0,0,0,0,0,0,0,0,0,0,28,0,0,0,1,2,55,2,2,2,1,0,0,14,10,1,1,2,50,1,0
36,360430,1,1,1,11,6,4,30,10,0,1,0,36,2,7,402,7402,14,2000,1B4HS28N4YF2,1,B,4,H,S,2,8,N,4,Y,F,2,0,P,DODG,DUR,UT,0,17,4462,,0,1159,,G,,F,8,287,,,15R235,,,,,,0,0,000000000,00000000000,0,0,0,1,0,0,0,0,0,0,0,999,0,1,5,61,6,2,2,0,0,1,1,36,11717,0,0,0,0,0,0,999,999,0,0,0,0,0,0,0,0,0,0,39,0,0,0,2,2,99,1,1,2,2,65,3,1,91,1,1,1,15,1,1
36,360431,1,1,1,19,4,22,49,8,0,1,0,36,1,20,481,20481,31,2002,1GCHK29U72E2,1,G,C,H,K,2,9,U,7,2,E,2,0,T,CHEV,2KH,4C,2,17,,2,1575,1435,SIL,G,,,8,364,,,,C,5630,00,,44,0,0,000000000,00000000000,0,0,0,1,0,0,0,0,0,0,0,999,0,0,0,12,8,3,8,0,0,0,1,36,14094,6,1,6,0,3,3,71,999,0,0,0,0,0,0,0,0,0,0,86,0,0,0,1,4,55,1,1,2,1,0,0,1,80,1,1,1,13,0,0
36,360432,1,2,1,11,6,22,0,12,6,1,0,36,1,12,401,12401,14,1998,1FMZU24E9WUA,1,F,M,Z,U,2,4,E,9,W,U,A,0,P,FORD,EPR,UT,98,17,3919,,0,1017,,G,,F,6,245,,,15R225,,,,,,0,0,000000000,00000000000,0,0,0,1,0,0,0,0,0,0,0,999,0,0,0,1,8,2,12,0,0,0,1,36,11934,6,1,0,0,3,3,60,999,0,0,0,0,0,0,0,0,0,0,0,0,0,0,1,4,99,1,1,2,1,3,3,11,15,1,1,1,68,0,0
36,360432,2,2,1,11,6,22,0,12,6,1,0,36,1,53,705,53705,80,2007,JS1GR7KA4721,J,S,1,G,R,7,K,A,4,7,2,1,0,M,SUZI,SX7,RC,7,17,,,,,,,749,,4,,4,359,,,,,,,0,0,000000000,00000000000,0,0,0,1,0,0,0,0,0,0,0,999,0,0,0,12,8,2,12,0,0,0,1,36,11703,6,1,0,0,3,3,67,999,1,2,1,0,1,7,2010,5,2012,1,0,0,0,0,1,4,99,1,1,2,1,3,3,1,67,3,1,1,69,1,0
36,360433,1,1,1,12,6,0,8,42,0,1,0,36,2,34,709,34709,80,2010,WB1051706AZV,W,B,1,0,5,1,7,0,6,A,Z,V,0,M,BMW,S10,RC,10,17,,,,,,,999,,4,,4,403,,,,,,,0,0,000000000,00000000000,0,0,0,1,0,0,0,0,0,0,0,999,0,0,0,12,6,2,42,0,0,0,1,36,10032,1,1,0,0,2,3,69,999,0,8,0,1,1,9,2009,4,2012,1,0,0,0,0,3,3,55,3,1,2,1,0,0,14,13,1,1,4,1,1,0
36,360434,1,1,1,13,6,3,55,8,0,1,0,36,2,20,461,20461,21,2008,1GCGG25C9811,1,G,C,G,G,2,5,C,9,8,1,1,0,T,CHEV,E25,CG,8,17,,2,0,1350,EXP,G,,,8,293,,,,C,5338,00,,42,0,0,000000000,00000000000,0,0,0,1,0,0,0,0,0,0,0,999,0,0,0,12,8,1,8,0,0,0,1,36,10026,6,1,6,0,3,0,72,999,0,3,0,0,0,9,2009,9,2009,1,0,0,0,0,3,4,99,1,1,2,2,3,3,1,80,1,1,1,13,0,0
36,360435,1,2,2,13,6,12,34,12,6,1,0,92,0,76,739,76739,90,2007,999999999999,9,9,9,9,9,9,9,9,9,9,9,9,0,,,,,,,,,,,,,,,,,,,,,,,,,0,0,000000000,00000000000,0,0,0,1,0,0,0,0,0,0,0,999,0,0,0,62,6,2,12,0,0,0,1,36,12131,6,7,0,0,1,0,68,999,0,0,0,0,0,0,0,0,0,0,38,0,0,0,1,2,55,1,2,2,1,0,0,1,98,1,1,7,98,2,1
36,360435,2,2,1,13,6,12,34,12,6,1,0,36,3,85,881,85881,63,2000,1NKWXUTXXYJ8,1,N,K,W,X,U,T,X,X,Y,J,8,0,T,KW,W90,CC,0,17,,8,2850,1600,CON,D,,,6,733,,,,,00000,00,,,0,57,1133825,571133825,3,2,4,1,0,0,0,0,0,0,0,55,0,0,0,12,8,2,12,0,0,0,1,36,12056,6,1,6,1,3,0,72,999,0,0,0,0,0,0,0,0,0,0,0,0,0,0,1,2,55,1,2,2,1,0,0,1,64,1,1,1,98,0,0
36,360436,1,1,1,14,4,5,37,8,0,1,1,99,9,99,999,99999,99,9999,999999999999,9,9,9,9,9,9,9,9,9,9,9,9,0,,,,,,,,,,,,,,,,,,,,,,,,,0,0,000000000,00000000000,0,0,0,1,0,0,0,0,0,0,0,999,0,0,0,99,9,1,8,0,0,0,1,99,99999,9,9,99,9,9,9,999,999,99,99,99,99,99,99,9999,99,9999,1,0,0,0,0,1,2,35,1,6,2,1,0,0,1,80,1,1,1,13,0,0
36,360437,1,1,2,15,6,11,55,18,0,1,0,36,3,12,16,12016,4,2005,2FAHP71W35X1,2,F,A,H,P,7,1,W,3,5,X,1,0,P,FORD,CVP,4D,5,17,0,,0,1147,,G,,F,8,281,,,16R225,,,,,,0,0,000000000,00000000000,0,0,0,1,0,0,0,0,0,0,0,999,0,0,0,9,6,2,42,0,0,0,1,36,12508,6,1,0,0,3,3,67,999,3,4,0,0,2,3,2010,1,2012,0,0,0,0,0,6,2,99,1,2,2,1,0,0,1,12,1,1,4,6,1,0
36,360438,1,1,1,14,6,10,8,8,0,1,0,36,1,20,2,20002,4,2003,2G1WF55E5391,2,G,1,W,F,5,5,E,5,3,9,1,0,P,CHEV,IMP,4D,3,17,3389,,0,1105,,G,,F,6,207,,,16R225,,,,,,0,0,000000000,00000000000,0,0,0,1,0,0,0,0,0,0,0,999,0,0,0,14,8,1,8,0,0,0,1,36,14616,6,1,0,0,3,0,63,999,0,0,0,1,1,10,2010,1,2012,0,0,0,0,0,1,2,30,1,1,2,1,3,3,4,80,99,1,1,13,0,0
36,360439,1,2,1,15,6,5,44,12,6,1,0,36,1,12,37,12037,4,2012,1FAHP3F21CL3,1,F,A,H,P,3,F,2,1,C,L,3,0,P,FORD,FSE,4D,12,17,2918,,0,1042,,G,,F,4,122,,,16R205,,,,,,0,0,000000000,00000000000,0,0,0,1,0,0,0,0,0,0,0,999,0,0,0,12,6,2,12,0,0,0,1,36,11727,6,1,0,0,3,3,64,999,0,0,0,0,1,2,2010,2,2010,0,39,0,0,0,3,2,99,1,1,2,1,3,3,1,17,1,1,1,86,0,0
36,360439,2,2,2,15,6,5,44,12,6,1,0,36,1,35,51,35051,6,2011,JN8AS5MV8BW6,J,N,8,A,S,5,M,V,8,B,W,6,0,P,NISS,ROG,UT,11,17,3435,,0,1059,,G,,F,4,153,,,16R215,,,,,,0,0,000000000,00000000000,0,0,0,1,0,0,0,0,0,0,0,999,0,0,0,3,6,2,12,0,0,0,1,36,11776,6,1,0,0,3,0,66,999,0,0,0,1,0,3,2012,3,2012,0,0,0,0,0,1,4,30,1,1,2,1,3,3,1,66,1,1,1,87,1,0
36,360440,1,1,2,16,6,5,24,42,0,1,0,36,1,37,32,37032,4,1997,1HGCD5553VA0,1,H,G,C,D,5,5,5,3,V,A,0,0,P,HOND,UEX,4D,97,17,2919,,0,1069,,G,,F,4,132,,,15R195,,,,,,0,0,000000000,00000000000,0,0,0,1,0,0,0,0,0,0,0,999,0,0,0,12,6,2,42,0,0,0,1,37,27103,3,1,0,0,2,2,64,999,0,0,0,0,0,0,0,0,0,0,74,0,0,0,3,3,55,1,2,2,1,0,0,1,13,1,1,4,1,1,0
36,360441,1,2,1,15,6,9,28,12,6,1,0,36,1,37,32,37032,4,2004,1HGCM56304A1,1,H,G,C,M,5,6,3,0,4,A,1,0,P,HOND,ULX,4D,4,17,3113,,0,1079,,G,,F,4,146,,,15R205,,,,,,0,0,000000000,00000000000,0,0,0,1,0,0,0,0,0,0,0,15,0,0,0,9,6,2,12,0,0,0,1,36,14043,6,1,0,0,3,3,65,999,0,0,0,0,0,0,0,0,0,0,38,0,0,0,1,2,35,1,1,2,1,20,3,11,15,1,1,1,82,1,0
36,360441,2,2,2,15,6,9,28,12,6,1,0,36,2,12,473,12473,30,2001,1FMZU67EX1UB,1,F,M,Z,U,6,7,E,X,1,U,B,0,P,FORD,EPR,UT,1,17,4117,,0,1259,,G,,F,6,245,,,15R235,,,,,,0,0,000000000,00000000000,0,0,0,1,0,0,0,0,0,0,0,41,0,0,0,12,8,2,12,0,0,0,1,36,14043,6,1,0,0,3,3,69,999,1,0,0,1,1,11,2009,11,2010,0,0,0,0,0,1,2,35,1,1,2,1,0,0,1,67,8,1,3,83,0,0
36,360442,1,1,1,16,6,22,45,8,0,1,0,36,1,53,706,53706,80,2011,JS1GT78A2B21,J,S,1,G,T,7,8,A,2,B,2,1,0,M,SUZI,XR1,RC,11,17,,,,,,,999,,4,,4,448,,,,,,,0,0,000000000,00000000000,0,0,0,1,0,0,0,0,0,0,0,999,0,0,0,12,8,2,8,0,0,0,1,36,11758,6,1,6,0,3,0,76,999,0,0,0,0,0,0,0,0,0,0,0,0,0,0,1,4,30,1,1,2,1,3,3,1,80,1,1,1,13,1,1
36,360443,1,1,1,17,6,3,19,34,0,1,0,36,1,37,31,37031,4,2006,2HGFA168X6H5,2,H,G,F,A,1,6,8,X,6,H,5,0,P,HOND,UAX,4D,6,17,2804,,0,1063,,G,,F,4,110,,,16R205,,,,,,0,0,000000000,00000000000,0,0,0,1,0,0,0,0,0,0,0,50,0,1,5,14,6,2,1,0,0,0,1,36,14075,6,1,0,0,3,0,67,999,1,0,0,0,0,12,2011,12,2011,1,0,0,0,0,1,2,30,1,3,2,1,0,0,1,12,1,1,4,6,1,1
36,360444,1,2,1,18,6,6,41,12,1,1,0,36,3,85,881,85881,63,2000,1NKWXBEX7YJ8,1,N,K,W,X,B,E,X,7,Y,J,8,0,T,KW,W90,CC,0,17,,8,2850,1600,CON,D,,,6,893,,,,,00000,00,,,0,57,1151569,571151569,3,2,4,1,0,0,0,0,0,0,0,999,7,0,0,12,8,1,12,0,0,0,1,36,12106,6,1,6,1,3,3,69,999,0,0,0,0,0,0,0,0,0,0,0,0,0,0,5,5,55,1,1,2,1,1,3,4,51,1,1,1,24,0,0
36,360444,2,2,1,18,6,6,41,12,1,1,0,36,1,72,709,72709,80,2000,1HD1GHV14YY3,1,H,D,1,G,H,V,1,4,Y,Y,3,0,M,HD,FDX,RS,0,17,,,,,,,1450,,2,,4,612,,,,,,,0,0,000000000,00000000000,0,0,0,1,0,0,0,0,0,0,0,999,0,0,0,6,6,2,12,0,0,0,1,36,12065,6,1,6,0,3,0,62,999,0,0,0,0,0,0,0,0,0,0,27,0,0,0,5,5,55,1,1,2,1,1,3,4,53,1,1,1,25,1,0
36,360445,1,2,1,17,6,0,9,12,6,1,0,36,2,73,706,73706,80,2002,JKAZXDP102A0,J,K,A,Z,X,D,P,1,0,2,A,0,0,M,KAWK,Z7P,RC,2,17,,,,,,,750,,4,,4,448,,,,,,,0,0,000000000,00000000000,0,0,0,1,0,0,0,0,0,0,0,999,0,0,0,12,6,2,12,0,0,0,1,36,14611,0,0,0,0,0,0,999,999,0,0,0,0,0,0,0,0,0,0,0,0,0,0,1,2,30,1,1,2,1,0,0,1,68,98,7,3,83,1,0
36,360445,2,2,1,17,6,0,9,12,6,1,0,36,1,7,442,7442,20,2007,2D4GP44L87R3,2,D,4,G,P,4,4,L,8,7,R,3,0,T,DODG,GSX,ES,7,17,,1,0,1193,CAR,G,,,6,232,,,,,4252,00,E,42,0,0,000000000,00000000000,0,0,0,1,0,0,0,0,0,0,0,999,0,0,0,61,8,3,12,0,0,0,1,36,14611,6,1,0,0,3,0,61,999,0,0,0,0,0,0,0,0,0,0,39,0,0,0,1,2,30,1,1,2,1,20,3,11,15,1,1,1,82,0,0
36,360446,1,1,1,18,6,21,15,8,0,1,0,36,1,20,16,20016,2,2005,1G1JC12F5572,1,G,1,J,C,1,2,F,5,5,7,2,0,P,CHEV,CAV,CP,5,17,2617,,0,1041,,G,,F,4,134,,,14R195,,,,,,0,0,000000000,00000000000,0,0,0,1,0,0,0,0,0,0,0,30,0,0,0,12,8,2,8,0,0,0,1,36,14750,6,1,0,0,3,3,62,999,0,0,0,0,0,0,0,0,0,0,86,0,0,0,1,4,30,1,1,2,1,0,0,1,80,3,1,1,13,0,0
36,360447,1,2,4,16,6,2,15,12,2,1,0,36,1,49,40,49040,4,2010,4T1BF3EK6AU0,4,T,1,B,F,3,E,K,6,A,U,0,0,P,TOYT,CBA,4D,10,17,3263,,0,1093,,G,,F,4,152,,,16R215,,,,,,0,0,000000000,00000000000,0,0,0,1,0,0,0,0,0,0,0,91,0,1,6,12,6,2,1,0,0,0,1,36,11207,6,1,6,0,3,0,68,999,2,0,0,1,2,10,2010,10,2011,1,0,0,0,0,3,2,99,1,1,2,1,3,3,1,17,1,1,1,52,1,1
36,360447,2,2,1,16,6,2,15,12,2,1,0,36,3,14,6,14006,4,1998,2MEFM75W0WX7,2,M,E,F,M,7,5,W,0,W,X,7,0,P,MERC,MLL,4D,98,17,3922,,0,1144,,G,,F,8,281,,,16R225,,,,,,0,0,000000000,00000000000,0,0,0,1,0,0,0,0,0,0,0,999,0,0,0,12,6,2,12,0,0,0,1,36,11416,6,1,0,0,3,0,67,999,2,2,0,0,3,6,2009,3,2011,0,0,0,0,0,1,2,99,1,1,2,1,3,3,1,98,1,1,1,52,0,0
36,360448,1,1,1,19,6,18,3,8,0,1,0,36,1,6,441,6441,20,2010,2A4RR8D18AR4,2,A,4,R,R,8,D,1,8,A,R,4,0,P,CHRY,TWC,SV,10,17,4507,,0,1212,,G,,F,6,232,,,16R225,,,,,,0,0,000000000,00000000000,0,0,0,1,0,0,0,0,0,0,0,999,0,0,0,12,0,1,8,0,0,0,1,36,10032,6,1,0,0,3,3,74,999,0,0,0,0,0,0,0,0,0,0,86,0,0,0,4,1,30,1,2,2,1,0,0,1,80,1,1,1,13,0,0
36,360449,1,2,4,20,6,20,11,12,11,1,0,95,1,48,34,48034,4,2006,999999999999,9,9,9,9,9,9,9,9,9,9,9,9,0,U,,,,9,17,,,,,,,,,,,,,,,,,,,0,0,000000000,00000000000,0,0,0,1,0,0,0,0,0,0,0,999,0,0,0,7,8,3,12,0,0,0,1,95,0,9,9,99,0,9,9,999,999,99,99,99,99,99,99,9999,99,9999,0,48,0,0,0,1,2,55,1,1,2,1,0,0,12,98,1,1,2,98,0,1
36,360449,2,2,1,20,6,20,11,12,11,1,0,36,1,37,706,37706,80,2007,JH2SC57017M3,J,H,2,S,C,5,7,0,1,7,M,3,0,M,HOND,CBS,RC,7,17,,,,,,,998,,4,,4,388,,,,,,,0,0,000000000,00000000000,0,0,0,1,0,0,0,0,0,0,0,999,0,0,0,12,6,2,12,0,0,0,1,36,12921,6,1,0,0,3,0,71,999,0,0,1,0,1,11,2009,1,2011,1,0,0,0,0,1,2,55,1,1,2,1,0,0,1,52,1,1,1,98,1,0
36,360450,1,2,1,19,6,23,50,12,1,1,0,36,1,37,706,37706,80,2003,JH2SC50003M1,J,H,2,S,C,5,0,0,0,3,M,1,0,M,HOND,CR9,RC,3,17,,,,,,,954,,4,,4,370,,,,,,,0,0,000000000,00000000000,0,0,0,1,0,0,0,0,0,0,0,999,0,0,0,12,8,2,12,0,0,0,1,36,11104,6,1,6,0,3,3,72,999,0,0,0,0,0,0,0,0,0,0,0,0,0,0,3,4,50,1,1,1,1,0,0,1,51,1,1,1,24,1,0
36,360450,2,2,1,19,6,23,50,12,1,1,0,36,1,73,705,73705,80,2009,JKAZX4R189A0,J,K,A,Z,X,4,R,1,8,9,A,0,0,M,KAWK,ZXP,RC,9,17,,,,,,,599,,4,,4,421,,,,,,,0,0,000000000,00000000000,0,0,0,1,0,0,0,0,0,0,0,999,0,0,0,6,0,1,12,0,0,0,1,36,11385,6,1,0,0,3,3,68,999,0,0,0,0,0,0,0,0,0,0,0,0,0,0,3,4,50,1,1,1,1,0,0,1,53,1,1,1,25,0,0
36,360451,1,2,1,19,6,13,30,12,6,1,0,36,3,86,881,86881,63,2011,1M1AN07Y5BM0,1,M,1,A,N,0,7,Y,5,B,M,0,0,T,MACK,CHU,TR,11,17,,8,0,0,600,D,,,6,783,,,,,00000,00,,64,0,57,1672262,571672262,3,2,4,1,0,0,0,0,0,0,0,999,0,0,0,12,6,2,2,0,0,1,1,36,11779,6,1,6,0,3,0,67,999,0,0,0,0,0,0,0,0,0,0,28,0,0,0,1,2,45,1,1,2,1,0,0,1,10,1,1,2,64,1,0
36,360451,2,2,1,19,6,13,30,12,6,1,0,34,2,48,38,48038,4,2008,JF1GE61638H5,J,F,1,G,E,6,1,6,3,8,H,5,0,P,SUBA,I25,4D,8,17,3064,,0,1031,,G,,F,4,150,,,16R205,,,,,,0,0,000000000,00000000000,0,0,0,1,0,0,0,0,0,0,0,0,0,0,0,5,8,2,12,0,0,0,1,34,7040,6,1,0,0,3,0,69,999,0,0,0,0,0,0,0,0,0,0,0,0,0,0,1,2,45,1,1,2,1,0,0,1,62,6,1,2,65,0,0
36,360452,1,1,1,21,6,12,5,8,0,1,0,36,2,12,17,12017,6,1999,1FAFP58UXXA1,1,F,A,F,P,5,8,U,X,X,A,1,0,P,FORD,TSE,SW,99,17,3480,,0,1085,,G,,F,6,182,,,15R205,,,,,,0,0,000000000,00000000000,0,0,0,1,0,0,0,0,0,0,0,999,0,0,0,5,8,3,8,0,0,0,1,36,12845,6,1,0,0,3,0,69,999,0,0,0,0,0,0,0,0,0,1,28,0,0,0,1,2,40,1,6,2,1,0,0,1,81,8,1,4,1,0,0
36,360453,1,1,2,20,6,22,1,35,0,1,0,42,2,20,481,20481,31,1999,2GCEK19T7X11,2,G,C,E,K,1,9,T,7,X,1,1,0,T,CHEV,SK1,3C,99,17,,2,1575,1435,SIL,G,,,8,325,,,,B,4621,00,,44,0,0,000000000,00000000000,0,0,0,1,0,0,0,0,0,0,0,999,0,0,0,12,6,2,35,0,0,0,1,42,18833,1,1,0,0,2,2,75,999,0,4,0,2,4,9,2009,6,2012,1,74,0,0,0,1,2,55,1,1,2,1,20,3,1,14,1,1,4,14,1,0
36,360454,1,1,2,21,6,11,13,5,0,1,0,36,2,29,1,29001,31,1957,E40423,E,4,0,4,2,3,,,,,,,0,P,STU,,,57,6,,,,,,,,,,,,,,,,,,,0,88,888888888,88888888888,2,98,4,1,0,0,0,0,0,0,0,999,0,0,0,0,6,2,5,0,0,0,1,36,13104,6,1,0,0,3,0,74,999,0,0,0,0,0,0,0,0,0,0,0,0,0,0,1,2,15,2,6,2,1,0,0,14,98,1,1,1,0,1,0
36,360455,1,2,1,20,6,9,33,12,6,1,0,36,2,37,705,37705,80,2005,JH2PC35085M6,J,H,2,P,C,3,5,0,8,5,M,6,0,M,HOND,CF4,RC,5,17,,,,,,,599,,4,,4,370,,,,,,,0,0,000000000,00000000000,0,0,0,1,0,0,0,0,0,0,0,999,0,0,0,12,8,2,12,0,0,0,1,36,11704,1,1,0,0,2,0,65,999,0,4,0,0,1,8,2009,3,2012,0,0,0,0,0,1,2,30,1,1,2,1,0,0,1,66,1,1,1,86,1,0
36,360455,2,2,1,20,6,9,33,12,6,1,0,36,3,52,882,52882,61,2001,JW6CCH1G31L0,J,W,6,C,C,H,1,G,3,1,L,0,0,T,MIFU,211,TB,1,17,,5,0,0,FH2,D,,,6,358,,,,,00000,00,,42,0,99,999999999,99999999999,2,1,1,1,0,0,0,0,0,0,0,999,0,0,0,82,8,1,12,0,0,0,1,36,11704,6,1,0,0,3,0,71,999,1,3,0,0,0,8,2009,3,2012,0,39,0,0,0,1,2,30,1,1,2,1,20,3,1,17,1,1,1,87,0,0
36,360456,1,1,4,21,6,15,11,42,0,1,0,36,2,7,482,7482,31,2002,1D7HU16Z22J2,1,D,7,H,U,1,6,Z,2,2,J,2,0,T,DODG,150,PK,2,17,,2,1405,1205,RPC,G,,,8,360,,,,B,4676,01,E,44,0,0,000000000,00000000000,0,0,0,1,0,0,0,0,0,0,0,999,0,1,5,12,6,2,1,0,0,0,1,28,39662,6,1,0,0,3,0,70,999,0,0,0,0,0,0,0,0,0,1,0,0,0,0,1,2,55,2,2,2,1,0,0,14,13,1,3,4,2,1,0
36,360457,1,1,1,21,6,1,45,35,0,1,0,36,1,20,22,20022,4,2006,1G1AK58FX676,1,G,1,A,K,5,8,F,X,6,7,6,0,P,CHEV,BLS,4D,6,17,3216,,0,1033,,G,,F,4,134,,,15R195,,,,,,0,0,000000000,00000000000,0,0,0,1,0,0,0,0,0,0,0,999,0,0,0,12,6,2,2,0,0,1,1,36,12804,6,1,0,0,3,3,74,999,1,1,0,0,1,7,2009,10,2010,1,0,0,0,0,1,3,55,2,2,2,1,0,0,14,12,1,1,4,6,1,0
36,360458,1,1,1,21,6,1,50,1,0,1,0,36,2,53,739,53739,90,1989,999999999999,9,9,9,9,9,9,9,9,9,9,9,9,0,U,,,,9,17,,,,,,,,,,,,,,,,,,,0,0,000000000,00000000000,0,0,0,1,0,0,0,0,0,0,0,999,0,2,1,0,8,2,1,0,0,0,1,36,12776,1,1,0,0,2,2,65,999,0,2,0,0,0,7,2009,1,2010,1,74,0,0,0,1,2,55,2,2,2,1,0,0,14,8,1,7,1,98,1,1
36,360459,1,1,1,22,6,3,43,8,0,1,0,36,2,20,401,20401,14,2002,1GNDT13S1223,1,G,N,D,T,1,3,S,1,2,2,3,0,P,CHEV,TRL,UT,2,17,4628,,0,1130,,G,,F,6,256,,,16R245,,,,,,0,0,000000000,00000000000,0,0,0,1,0,0,0,0,0,0,0,999,0,0,0,14,0,3,8,0,0,0,1,36,14075,6,1,0,0,3,0,63,999,0,0,0,0,0,0,0,0,0,0,0,0,0,0,1,2,35,1,1,2,1,0,0,1,80,1,1,1,13,0,1
36,360460,1,1,1,22,6,2,57,34,0,1,0,36,1,24,1,24001,4,1998,1G8ZK5274WZ2,1,G,8,Z,K,5,2,7,4,W,Z,2,0,P,STRN,SL2,4D,98,17,2422,,0,1024,,G,,F,4,116,,,15R185,,,,,,0,0,000000000,00000000000,0,0,0,1,0,0,0,0,0,0,0,999,0,0,0,12,8,2,34,0,0,0,1,36,14860,6,1,0,0,3,3,65,999,0,0,0,0,0,0,0,0,0,0,0,0,0,0,1,2,55,1,1,2,1,0,0,1,12,1,1,4,6,1,1
36,360461,1,1,3,23,6,21,49,17,0,1,0,36,1,20,16,20016,4,1997,3G1JC5243VS8,3,G,1,J,C,5,2,4,3,V,S,8,0,P,CHEV,CAV,4D,97,17,2630,,0,1041,,G,,F,4,133,,,14R195,,,,,,0,0,000000000,00000000000,0,0,0,1,0,0,0,0,0,0,0,999,0,1,5,12,6,2,1,0,0,0,1,36,12932,6,1,0,0,3,0,72,999,1,0,0,0,0,2,2012,2,2012,1,0,0,0,0,1,2,55,3,1,2,1,0,0,14,12,1,4,4,7,1,0