STATE,ST_CASE,VEH_NO,VE_FORMS,NUMOCCS,DAY,MONTH,HOUR,MINUTE,HARM_EV,MAN_COLL,UNITTYPE,HIT_RUN,REG_STAT,OWNER,MAKE,MODEL,MAK_MOD,BODY_TYP,MOD_YEAR,VIN,VIN_1,VIN_2,VIN_3,VIN_4,VIN_5,VIN_6,VIN_7,VIN_8,VIN_9,VIN_10,VIN_11,VIN_12,TOW_VEH,VINTYPE,VINMAKE,VINA_MOD,VIN_BT,VINMODYR,VIN_LNGT,VIN_WGT,WGTCD_TR,WHLBS_LG,WHLBS_SH,SER_TR,FUELCODE,MCYCL_DS,CARBUR,CYLINDER,DISPLACE,MCYCL_CY,MCYCL_WT,TIRE_SZE,TON_RAT,TRK_WT,TRKWTVAR,VIN_REST,WHLDRWHL,J_KNIFE,MCARR_I1,MCARR_I2,MCARR_ID,GVWR,V_CONFIG,CARGO_BT,HAZ_INV,HAZ_PLAC,HAZ_ID,HAZ_CNO,HAZ_REL,BUS_USE,SPEC_USE,EMER_USE,TRAV_SP,UNDERIDE,ROLLOVER,ROLINLOC,IMPACT1,DEFORMED,TOWED,M_HARM,VEH_SC1,VEH_SC2,FIRE_EXP,DR_PRES,L_STATE,DR_ZIP,L_STATUS,L_TYPE,CDL_STAT,L_ENDORS,L_COMPL,L_RESTRI,DR_HGT,DR_WGT,PREV_ACC,PREV_SUS,PREV_DWI,PREV_SPD,PREV_OTH,FIRST_MO,FIRST_YR,LAST_MO,LAST_YR,SPEEDREL,DR_SF1,DR_SF2,DR_SF3,DR_SF4,VTRAFWAY,VNUM_LAN,VSPD_LIM,VALIGN,VPROFILE,VPAVETYP,VSURCOND,VTRAFCON,VTCONT_F,P_CRASH1,P_CRASH2,P_CRASH3,PCRASH4,PCRASH5,ACC_TYPE,DEATHS,DR_DRINK
36,360595,1,2,2,24,1,19,43,12,1,1,0,36,2,53,402,53402,14,2001,2S3TA52C2161,2,S,3,T,A,5,2,C,2,1,6,1,0,P,SUZI,VIT,UT,1,17,2811,,0,866,,G,,F,4,122,,,16R215,,,,,,0,0,000000000,00000000000,0,0,0,1,0,0,0,0,0,0,0,0,0,0,0,6,8,2,12,0,0,0,1,36,11729,6,1,0,0,3,0,66,999,0,4,0,0,0,7,2009,6,2010,0,0,0,0,0,1,2,99,1,1,2,1,3,3,5,53,1,1,1,21,0,0
36,360595,2,2,2,24,1,19,43,12,1,1,0,36,1,48,401,48401,14,1999,JF1SF6559XH7,J,F,1,S,F,6,5,5,9,X,H,7,0,P,SUBA,FOR,UT,99,17,3130,,0,994,,G,,F,4,150,,,16R215,,,,,,0,0,000000000,00000000000,0,0,0,1,0,0,0,0,0,0,0,999,0,0,0,12,8,2,12,0,0,0,1,36,11706,6,1,0,0,3,3,69,999,1,0,0,0,0,7,2010,7,2010,1,26,0,0,0,1,2,99,1,1,2,1,3,3,1,50,1,1,1,20,1,1
36,360596,1,1,1,14,7,21,16,8,0,1,0,36,3,49,46,49046,4,2010,JTDKN3DU0A11,J,T,D,K,N,3,D,U,0,A,1,1,0,P,TOYT,PRI,4H,10,17,3042,,0,1063,,B,,F,4,110,,,15R195,,,,,,0,0,000000000,00000000000,0,0,0,1,0,0,0,0,0,0,0,999,0,0,0,12,8,1,8,0,0,0,1,36,11432,6,1,0,0,3,0,68,999,1,0,0,0,1,11,2009,1,2012,0,0,0,0,0,3,3,30,1,1,2,1,3,3,1,80,1,1,1,13,0,0
36,360597,1,1,1,24,7,10,10,8,0,1,0,36,1,37,709,37709,80,2001,JH2RC44661M4,J,H,2,R,C,4,4,6,6,1,M,4,0,M,HOND,V7D,RS,1,17,,,,,,,745,,2,,4,505,,,,,,,0,0,000000000,00000000000,0,0,0,1,0,0,0,0,0,0,0,999,0,0,0,12,8,1,8,0,0,0,1,36,11377,6,1,0,0,3,3,66,999,0,1,0,0,1,5,2011,7,2012,0,86,0,0,0,1,2,30,1,1,2,1,2,3,1,80,1,1,1,13,0,0
36,360598,1,3,1,17,7,15,33,33,0,1,0,36,1,2,404,2404,14,1986,1JCHL7819GT1,1,J,C,H,L,7,8,1,9,G,T,1,0,P,AMER,CHK,UT,86,17,2711,,0,1010,,G,,F,4,150,,,000000,,,,,,0,0,000000000,00000000000,0,0,0,1,0,0,0,0,0,0,0,999,0,0,0,1,8,2,12,0,0,0,1,36,12701,6,1,6,0,3,0,74,999,0,0,0,0,0,0,0,0,0,1,27,0,0,0,1,2,40,1,1,2,1,0,0,6,13,1,1,4,1,1,0
36,360598,2,3,9,17,7,15,33,33,0,1,0,36,3,93,981,93981,52,1998,1M8PDMTA1WP0,1,M,8,P,D,M,T,A,1,W,P,0,0,U,,,,98,17,,,,,,,,,,,,,,,,,,,0,77,777777777,77777777777,3,21,22,1,0,0,0,0,6,0,0,999,0,0,0,12,8,2,12,0,0,0,1,42,18337,6,1,6,1,3,0,73,999,0,0,0,0,1,8,2009,8,2009,0,0,0,0,0,1,2,40,1,1,2,1,0,0,2,62,1,1,1,98,0,0
36,360598,3,3,2,17,7,15,33,33,0,1,0,36,3,12,481,12481,31,2006,1FDWF37P66EB,1,F,D,W,F,3,7,P,6,6,E,B,0,T,FORD,F3D,CB,6,17,,3,1650,1410,DRW,D,,,8,366,,,,D,6122,00,U,44,0,0,000000000,00000000000,0,0,0,1,0,0,0,0,0,0,0,999,0,0,0,1,8,1,12,0,0,0,1,36,12053,6,1,0,0,3,0,68,999,0,0,0,1,1,12,2011,4,2012,0,0,0,0,0,1,2,40,1,1,2,1,0,0,1,60,1,1,1,98,0,0
36,360599,1,1,1,26,7,19,56,8,0,1,0,51,2,7,482,7482,31,1998,1B7HF16Y2WS6,1,B,7,H,F,1,6,Y,2,W,S,6,0,T,DODG,150,PK,98,17,,2,1347,1187,RPC,G,,,8,318,,,,B,4552,01,U,44,0,0,000000000,00000000000,0,0,0,1,0,0,0,0,0,0,0,25,0,0,0,12,0,1,8,0,0,0,1,36,11717,6,1,0,0,3,0,69,999,0,0,0,0,0,0,0,0,0,0,86,0,0,0,1,2,25,1,1,2,1,0,0,1,80,1,1,1,13,0,0
36,360600,1,2,2,29,7,4,15,12,2,1,0,36,2,37,31,37031,4,2008,2HGFA16888H3,2,H,G,F,A,1,6,8,8,8,H,3,0,P,HOND,UAX,4D,8,17,2806,,0,1063,,G,,F,4,110,,,16R205,,,,,,0,0,000000000,00000000000,0,0,0,1,0,0,0,0,0,0,0,999,0,0,0,12,6,2,12,0,0,0,1,36,11901,0,0,0,0,0,0,999,999,99,99,99,99,99,99,9999,99,9999,0,50,0,0,0,3,2,55,1,1,2,2,0,0,1,54,1,1,1,52,1,1
36,360600,2,2,1,29,7,4,15,12,2,1,0,36,1,42,48,42048,4,2012,WDDHF8JB7CA6,W,D,D,H,F,8,J,B,7,C,A,6,0,P,MERZ,ESM,4D,12,17,3979,,0,1132,,G,,F,6,213,,,17R245,,,,,,0,0,000000000,00000000000,0,0,0,1,0,0,0,0,0,0,0,999,0,0,0,12,8,2,12,0,0,0,1,36,10503,6,1,0,0,3,0,68,999,0,0,0,0,0,0,0,0,0,0,0,0,0,0,3,2,55,1,1,2,2,0,0,1,54,1,1,1,52,0,0
36,360601,1,2,2,29,7,6,58,12,2,1,0,50,1,12,481,12481,31,1998,1FTZF1827WNA,1,F,T,Z,F,1,8,2,7,W,N,A,0,T,FORD,F15,PK,98,17,,1,1390,1200,COF,G,,,6,256,,,,B,4260,01,E,44,0,0,000000000,00000000000,0,0,0,1,0,0,0,0,0,0,0,999,0,1,5,12,6,2,1,0,0,0,1,50,5777,6,1,6,0,3,0,71,999,0,0,0,0,0,0,0,0,0,0,0,0,0,0,1,2,55,1,2,2,2,0,0,1,62,1,1,1,51,1,0
36,360601,2,2,1,29,7,6,58,12,2,1,0,50,2,49,472,49472,30,2010,3TMLU4EN9AM0,3,T,M,L,U,4,E,N,9,A,M,0,0,T,TOYT,DCL,CW,10,17,,1,0,1278,TAC,G,,,6,244,,,,B,4035,00,W,44,0,0,000000000,00000000000,0,0,0,1,0,0,0,0,0,0,0,999,0,0,0,12,8,2,12,0,0,0,1,50,5250,9,9,99,9,9,9,999,999,99,99,99,99,99,99,9999,99,9999,1,28,0,0,0,1,2,55,1,2,2,2,0,0,1,10,1,1,2,50,0,1
36,360602,1,1,3,16,7,23,17,14,0,1,0,36,2,35,39,35039,4,1998,JN1CA21AXWT4,J,N,1,C,A,2,1,A,X,W,T,4,0,P,NISS,MGS,4D,98,17,3026,,0,1063,,G,,F,6,182,,,15R205,,,,,,0,0,000000000,00000000000,0,0,0,1,0,0,0,0,0,0,0,999,0,0,0,5,8,2,14,0,0,0,1,36,10466,6,1,0,0,3,0,68,999,0,0,0,0,0,0,0,0,0,1,0,0,0,0,1,4,99,1,1,2,1,0,0,1,13,1,1,4,11,1,1
36,360603,1,1,1,30,7,20,46,14,0,1,0,36,1,7,482,7482,31,2002,3B7KF23612M2,3,B,7,K,F,2,3,6,1,2,M,2,0,T,DODG,Q25,4C,2,17,,2,1547,1387,RPC,D,,,6,359,,,,C,5579,01,E,44,0,0,000000000,00000000000,0,0,0,1,0,0,0,0,0,0,0,999,0,1,5,5,6,2,1,0,0,0,1,36,14572,6,1,0,0,3,0,66,999,0,0,0,0,0,0,0,0,0,1,0,0,0,0,1,2,55,3,2,2,1,0,0,14,13,1,1,4,1,1,1
36,360604,1,1,1,20,7,16,32,9,0,1,0,36,2,12,401,12401,14,1997,1FMDU34E0VZB,1,F,M,D,U,3,4,E,0,V,Z,B,0,P,FORD,EPR,UT,97,17,4166,,0,1115,,G,,F,6,245,,,15R225,,,,,,0,0,000000000,00000000000,0,0,0,1,0,0,0,0,0,0,0,999,0,0,0,62,8,1,9,0,0,0,1,36,11717,6,1,0,0,3,0,66,999,0,0,0,0,0,0,0,0,0,0,0,0,0,0,3,2,99,1,1,2,2,0,0,1,83,7,1,3,13,0,0
36,360605,1,1,1,30,7,21,50,14,0,1,0,36,2,37,709,37709,80,2004,JH2PC37004M1,J,H,2,P,C,3,7,0,0,4,M,1,0,M,HOND,B60,RC,4,17,,,,,,,599,,4,,4,370,,,,,,,0,0,000000000,00000000000,0,0,0,1,0,0,0,0,0,0,0,999,0,0,0,12,6,2,5,0,0,0,1,36,10031,6,1,0,0,3,0,72,999,0,0,0,0,0,0,0,0,0,1,36,0,0,0,1,2,99,1,1,2,1,0,0,1,11,1,1,2,11,1,1
36,360606,1,1,1,30,7,7,5,33,0,1,0,36,2,49,402,49402,14,2010,JTMBF4DV2AD0,J,T,M,B,F,4,D,V,2,A,D,0,0,P,TOYT,RG4,UT,10,17,3444,,0,1047,,G,,F,4,153,,,16R215,,,,,,0,0,000000000,00000000000,0,0,0,1,0,0,0,0,0,0,0,999,0,0,0,12,8,2,19,0,0,0,1,36,14086,6,1,0,0,3,0,71,999,2,0,0,0,0,8,2011,2,2012,0,86,0,0,0,1,2,30,1,1,2,1,0,0,1,12,1,1,4,6,0,0
36,360607,1,1,1,30,7,1,23,8,0,1,0,36,2,24,401,24401,14,2004,5GZCZ33DX4S8,5,G,Z,C,Z,3,3,D,X,4,S,8,0,P,STRN,VUE,UT,4,17,3299,,0,1066,,G,,F,4,134,,,16R215,,,,,,0,0,000000000,00000000000,0,0,0,1,0,0,0,0,0,0,0,999,0,0,0,12,8,3,8,0,0,0,1,36,14227,6,1,0,0,3,0,75,999,0,0,0,0,0,0,0,0,0,1,0,0,0,0,5,4,40,1,1,2,1,0,0,1,80,1,1,1,13,0,0
36,360608,1,2,1,1,8,16,16,12,2,1,0,36,2,2,405,2405,14,2005,1J4GL38K55W7,1,J,4,G,L,3,8,K,5,5,W,7,0,T,JEEP,RNG,4W,5,17,,1,0,1043,LIB,G,,,6,226,,,,,4011,00,E,44,0,0,000000000,00000000000,0,0,0,1,0,0,0,0,0,0,0,999,0,0,0,12,6,2,12,0,0,0,1,36,12533,1,1,1,0,2,0,67,999,1,11,0,0,1,9,2009,4,2012,1,0,0,0,0,1,2,55,1,1,2,2,0,0,1,10,1,1,2,50,1,0
36,360608,2,2,1,1,8,16,16,12,2,1,0,9,1,12,481,12481,31,9999,999999999999,9,9,9,9,9,9,9,9,9,9,9,9,0,,,,,,,,,,,,,,,,,,,,,,,,,0,0,000000000,00000000000,0,0,0,1,0,0,0,0,0,0,0,999,0,0,0,12,6,2,12,0,0,0,1,9,99999,9,9,99,9,9,9,999,999,99,99,99,99,99,99,9999,99,9999,0,0,0,0,0,1,2,55,1,1,2,2,0,0,1,62,1,1,1,51,0,0
36,360609,1,2,1,1,8,12,5,12,1,1,0,36,1,37,403,37403,14,2005,5J6YH28635L0,5,J,6,Y,H,2,8,6,3,5,L,0,0,P,HOND,ELE,UT,5,17,3587,,0,1014,,G,,F,4,146,,,16R215,,,,,,0,0,000000000,00000000000,0,0,0,1,0,0,0,0,0,0,0,0,0,0,0,6,8,2,12,0,0,0,1,36,12581,6,1,0,0,3,0,66,999,0,0,0,0,0,0,0,0,0,0,0,0,0,0,1,2,40,1,1,2,1,0,0,5,53,1,1,1,22,1,0
36,360609,2,2,1,1,8,12,5,12,1,1,0,36,2,84,881,84881,66,1998,2HSFMAHT4WC0,2,H,S,F,M,A,H,T,4,W,C,0,0,T,INTL,920,TR,98,17,,8,2340,1600,920,D,,,6,661,,,,,00000,00,,64,0,57,1123544,571123544,3,2,4,1,0,0,0,0,0,0,0,999,0,0,0,12,8,2,12,0,0,0,1,36,12515,6,1,6,1,3,0,68,999,1,0,0,0,1,2,2012,3,2012,1,0,0,0,0,1,2,40,1,1,2,1,0,0,1,50,1,1,1,20,0,0
36,360610,1,2,1,1,8,14,26,12,2,1,0,36,1,35,43,35043,4,2004,3N1CB51D34L9,3,N,1,C,B,5,1,D,3,4,L,9,0,P,NISS,S18,4D,4,17,2387,,0,998,,G,,F,4,108,,,15R195,,,,,,0,0,000000000,00000000000,0,0,0,1,0,0,0,0,0,0,0,999,0,0,0,12,8,2,12,0,0,0,1,36,14208,6,1,0,0,3,3,64,999,0,0,0,0,0,0,0,0,0,0,28,0,0,0,1,2,30,1,1,2,1,0,0,1,10,1,1,2,50,1,0
36,360610,2,2,3,1,8,14,26,12,2,1,0,36,2,12,402,12402,14,2010,1FMCU9D78AKC,1,F,M,C,U,9,D,7,8,A,K,C,0,P,FORD,SPE,UT,10,17,3504,,0,1031,,G,,F,4,153,,,16R235,,,,,,0,0,000000000,00000000000,0,0,0,1,0,0,0,0,0,0,0,999,0,0,0,12,8,2,12,0,0,0,1,36,14208,6,1,0,0,3,0,61,999,0,0,0,0,0,0,0,0,0,0,0,0,0,0,1,2,30,1,1,2,1,0,0,1,62,1,1,1,51,0,0
36,360611,1,2,3,1,8,16,38,12,6,1,0,36,2,20,37,20037,4,2002,1G1ND52J62M5,1,G,1,N,D,5,2,J,6,2,M,5,0,P,CHEV,MAL,4D,2,17,3053,,0,1070,,G,,F,6,191,,,15R215,,,,,,0,0,000000000,00000000000,0,0,0,1,0,0,0,0,0,0,0,999,0,0,0,12,8,2,12,0,0,0,1,36,12601,6,1,0,0,3,3,74,999,0,0,0,0,0,0,0,0,0,0,38,39,0,0,1,2,99,1,1,2,1,3,3,1,55,1,1,1,88,0,0
36,360611,2,2,4,1,8,16,38,12,6,1,0,12,1,63,34,63034,4,2008,KNAGE1236852,K,N,A,G,E,1,2,3,6,8,5,2,0,P,KIA,OLE,4D,8,17,3142,,0,1071,,G,,F,4,146,,,16R205,,,,,,0,0,000000000,00000000000,0,0,0,1,0,0,0,0,0,0,0,999,0,0,0,9,8,2,12,0,0,0,1,36,12603,6,1,0,0,3,0,74,999,0,0,0,0,0,0,0,0,0,0,0,0,0,0,4,3,30,1,1,2,1,3,3,1,66,1,1,1,89,2,1
36,360612,1,1,1,21,7,20,8,30,0,1,0,36,2,76,733,76733,90,2001,JY43GG0331C0,J,Y,4,3,G,G,0,3,3,1,C,0,0,M,YAMA,YFZ,AT,1,17,,,,,,,347,,2,,2,386,,,,,,,0,0,000000000,00000000000,0,0,0,1,0,0,0,0,0,0,0,999,0,0,0,12,8,4,30,0,0,0,1,36,11420,6,1,0,0,3,0,70,999,0,2,0,0,2,12,2010,11,2011,1,0,0,0,0,3,2,99,1,1,2,1,0,0,1,13,1,1,4,1,1,0
36,360613,1,1,2,30,7,19,50,9,0,1,0,36,3,12,402,12402,14,2009,1FMCU49339KA,1,F,M,C,U,4,9,3,3,9,K,A,0,P,FORD,SPE,UT,9,17,3638,,0,1031,,B,,F,4,153,,,16R235,,,,,,0,0,000000000,00000000000,0,0,0,1,0,0,0,0,0,0,0,999,0,0,0,12,8,3,9,0,0,0,1,36,11706,6,1,0,0,3,0,67,999,1,2,0,0,2,7,2011,6,2012,0,0,0,0,0,3,1,99,1,1,2,1,3,3,1,80,1,1,1,13,0,0
36,360614,1,2,1,2,8,14,39,12,6,1,0,36,2,12,481,12481,31,1999,1FTNW20F6XEE,1,F,T,N,W,2,0,F,6,X,E,E,0,T,FORD,F2S,CW,99,17,,2,1724,1562,SRW,D,,,8,444,,,,C,5490,01,E,42,0,0,000000000,00000000000,0,0,0,1,0,0,0,0,0,0,0,999,0,0,0,12,8,2,12,0,0,0,1,36,14423,6,1,0,0,3,0,74,999,0,0,0,0,1,10,2009,10,2009,0,0,0,0,0,1,2,55,1,1,2,1,0,0,1,64,6,1,2,98,0,0
36,360614,2,2,1,2,8,14,39,12,6,1,0,36,1,49,40,49040,4,2002,4T1BE32K12U5,4,T,1,B,E,3,2,K,1,2,U,5,0,P,TOYT,LXS,4D,2,17,3086,,0,1071,,G,,F,4,144,,,15R205,,,,,,0,0,000000000,00000000000,0,0,0,1,0,0,0,0,0,0,0,999,0,0,0,9,6,2,12,0,0,0,1,36,14454,6,1,0,0,3,3,61,999,0,0,0,0,0,0,0,0,0,0,38,0,0,0,1,2,55,1,1,2,1,0,0,12,53,1,1,2,98,1,0
36,360615,1,2,1,2,8,11,19,12,7,1,0,36,1,37,31,37031,2,2010,2HGFG1B86AH5,2,H,G,F,G,1,B,8,6,A,H,5,0,P,HOND,UAX,CP,10,17,2771,,0,1043,,G,,F,4,110,,,16R205,,,,,,0,0,000000000,00000000000,0,0,0,1,0,0,0,0,0,0,0,999,0,0,0,63,6,2,42,0,0,0,1,36,11731,6,1,0,0,3,0,62,999,0,0,0,0,0,0,0,0,0,0,28,0,0,0,3,2,55,2,1,2,1,0,0,14,8,1,3,2,47,1,0
36,360615,2,2,4,2,8,11,19,12,7,1,0,36,1,37,32,37032,4,2003,1HGCM56383A0,1,H,G,C,M,5,6,3,8,3,A,0,0,P,HOND,ULX,4D,3,17,3053,,0,1079,,G,,F,4,146,,,15R205,,,,,,0,0,000000000,00000000000,0,0,0,1,0,0,0,0,0,0,0,999,0,0,0,82,8,1,24,0,0,0,1,36,11706,1,1,0,0,2,0,64,999,0,2,0,0,0,1,2012,7,2012,0,0,0,0,0,3,2,55,2,1,2,1,0,0,14,61,1,1,1,45,0,0
36,360616,1,1,2,4,8,15,40,8,0,1,0,54,4,2,407,2407,14,2012,999999999999,9,9,9,9,9,9,9,9,9,9,9,9,0,U,,,,9,17,,,,,,,,,,,,,,,,,,,0,0,000000000,00000000000,0,0,0,1,0,0,0,0,0,0,0,999,0,0,0,12,8,2,8,0,0,0,1,36,14103,6,1,0,0,3,0,66,999,0,0,0,0,0,0,0,0,0,0,86,0,0,0,1,2,40,1,1,2,1,0,0,1,80,1,1,1,13,0,0
36,360617,1,3,1,2,8,9,27,12,1,1,0,36,2,55,401,55401,14,2006,KM8SC73E06U0,K,M,8,S,C,7,3,E,0,6,U,0,0,P,HYUN,SAN,UT,6,17,3549,,0,1031,,G,,F,6,213,,,16R225,,,,,,0,0,000000000,00000000000,0,0,0,1,0,0,0,0,0,0,0,999,0,0,0,12,8,3,12,0,0,0,1,36,14612,6,1,0,0,3,0,66,999,0,0,0,0,0,0,0,0,0,0,26,0,0,0,1,2,55,1,2,2,1,0,0,1,51,9,1,1,24,0,0
36,360617,2,3,2,2,8,9,27,12,1,1,0,36,1,49,45,49045,4,2001,JTDBT1235101,J,T,D,B,T,1,2,3,5,1,0,1,0,P,TOYT,ECH,4D,1,17,2030,,0,934,,G,,F,4,091,,,14R175,,,,,,0,0,000000000,00000000000,0,0,0,1,0,0,0,0,0,0,0,999,0,0,0,6,6,2,12,0,0,0,1,36,14468,6,1,0,0,3,3,68,999,0,0,0,0,0,0,0,0,0,0,0,0,0,0,1,2,55,1,2,2,1,0,0,1,53,1,2,1,25,1,0
36,360617,3,3,1,2,8,9,27,12,1,1,0,36,3,20,999,20999,99,1997,999999999999,9,9,9,9,9,9,9,9,9,9,9,9,0,U,,,,9,17,,,,,,,,,,,,,,,,,,,0,0,000000000,00000000000,0,0,0,1,0,0,0,0,0,0,0,999,0,0,0,12,8,2,12,0,0,0,1,36,14612,6,1,6,0,3,0,72,999,0,0,0,0,0,0,0,0,0,0,0,0,0,0,1,2,55,1,2,2,1,0,0,1,62,1,1,1,98,0,0
36,360618,1,2,1,4,8,15,57,12,2,1,0,36,1,37,32,37032,4,1991,1HGCB7550MA1,1,H,G,C,B,7,5,5,0,M,A,1,0,P,HOND,ALE,4D,91,17,2504,,0,1071,,G,,F,4,132,,,14R185,,,,,,0,0,000000000,00000000000,0,0,0,1,0,0,0,0,0,0,0,999,0,0,0,12,8,2,12,0,0,0,1,36,12871,6,1,0,0,3,3,69,999,0,0,0,0,0,0,0,0,0,1,28,0,0,0,1,2,45,2,2,2,1,0,0,14,11,1,1,2,50,1,1
36,360618,2,2,1,4,8,15,57,12,2,1,0,36,1,12,17,12017,4,2002,1FAFP55U32A1,1,F,A,F,P,5,5,U,3,2,A,1,0,P,FORD,TSS,4D,2,17,3392,,0,1085,,G,,F,6,182,,,16R215,,,,,,0,0,000000000,00000000000,0,0,0,1,0,0,0,0,0,0,0,999,0,0,0,12,8,2,12,0,0,0,1,36,12309,6,1,0,0,3,3,66,999,0,0,0,1,0,5,2011,5,2011,0,0,0,0,0,1,2,45,3,2,2,1,0,0,14,63,1,1,1,51,0,0
36,360619,1,1,1,3,8,16,15,8,0,1,0,36,1,19,18,19018,4,2011,1G6DK5ED1B01,1,G,6,D,K,5,E,D,1,B,0,1,0,P,CADI,CPC,4D,11,17,3861,,0,1134,,G,,F,6,220,,,18R235,,,,,,0,0,000000000,00000000000,0,0,0,1,0,0,0,0,0,0,0,999,0,0,0,82,8,1,8,0,0,0,1,36,10305,6,1,0,0,3,0,68,999,0,0,0,0,0,0,0,0,0,0,0,0,0,0,1,2,30,1,1,2,1,3,3,1,80,1,1,1,13,0,0
36,360620,1,1,3,3,8,17,57,8,0,1,0,42,1,49,43,49043,4,2008,4T1BK36B68U3,4,T,1,B,K,3,6,B,6,8,U,3,0,P,TOYT,UTS,4D,8,17,3490,,0,1110,,G,,F,6,214,,,16R215,,,,,,0,0,000000000,00000000000,0,0,0,1,0,0,0,0,0,0,0,999,0,0,0,12,8,3,8,0,0,0,1,42,17050,6,1,0,0,3,3,78,999,0,0,0,0,0,0,0,0,0,0,0,0,0,0,1,2,45,1,1,2,1,0,0,1,80,1,1,1,13,0,0
36,360621,1,2,1,4,8,13,48,12,6,1,0,36,1,53,709,53709,80,2006,JS1VS55A9621,J,S,1,V,S,5,5,A,9,6,2,1,0,M,SUZI,C50,RS,6,17,,,,,,,805,,2,,4,542,,,,,,,0,0,000000000,00000000000,0,0,0,1,0,0,0,0,0,0,0,999,0,0,0,12,6,2,12,0,0,0,1,36,14845,6,1,0,0,1,0,71,999,0,1,0,0,1,9,2011,12,2011,0,28,52,0,0,1,2,45,2,2,2,1,0,0,14,10,1,1,2,64,1,0
36,360621,2,2,4,4,8,13,48,12,6,1,0,36,2,20,443,20443,20,2000,1GNDX03EXYD2,1,G,N,D,X,0,3,E,X,Y,D,2,0,T,CHEV,VTR,ES,0,17,,1,0,1200,VTR,G,,,6,207,,,,,3838,00,,42,0,0,000000000,00000000000,0,0,0,1,0,0,0,0,0,0,0,999,0,0,0,10,8,2,12,0,0,0,1,36,14865,6,1,0,0,3,0,62,999,0,0,0,0,0,0,0,0,0,0,0,0,0,0,1,2,45,2,2,2,1,0,0,14,62,1,1,1,65,0,0
36,360622,1,1,1,4,8,9,59,8,0,1,0,36,2,12,471,12471,30,2008,1FTYR10D78PA,1,F,T,Y,R,1,0,D,7,8,P,A,0,T,FORD,RNG,PK,8,17,,1,1180,1120,RNG,G,,,4,140,,,,B,3028,00,4,42,0,0,000000000,00000000000,0,0,0,1,0,0,0,0,0,0,0,999,0,0,0,12,8,1,8,0,0,0,1,36,13440,6,1,0,0,3,3,65,999,0,0,0,0,0,0,0,0,0,0,0,0,0,0,1,2,30,1,1,2,1,0,0,1,80,6,1,3,13,0,0
36,360623,1,1,1,8,7,12,40,9,0,1,0,36,2,37,32,37032,2,2003,1HGCM71613A0,1,H,G,C,M,7,1,6,1,3,A,0,0,P,HOND,UEX,CP,3,17,3047,,0,1051,,G,,F,4,146,,,16R205,,,,,,0,0,000000000,00000000000,0,0,0,1,0,0,0,0,0,0,0,999,0,0,0,12,8,1,9,0,0,0,1,36,10510,1,1,0,0,2,0,65,999,0,7,0,0,1,7,2009,5,2012,0,38,0,0,0,1,2,30,1,1,2,1,0,0,11,83,1,1,2,13,0,0
36,360624,1,2,1,4,8,10,32,12,1,1,0,36,1,6,441,6441,20,2006,2A4GP44R66R8,2,A,4,G,P,4,4,R,6,6,R,8,0,T,CHRY,TLX,ES,6,17,,1,0,1193,TWC,G,,,6,201,,,,,4163,00,,42,0,0,000000000,00000000000,0,0,0,1,0,0,0,0,0,0,0,2,0,0,0,6,8,2,12,0,0,0,1,36,13039,6,1,0,0,3,3,64,999,0,0,0,0,0,0,0,0,0,0,0,0,0,0,1,2,55,1,1,2,1,0,0,11,53,1,1,1,25,0,0
36,360624,2,2,1,4,8,10,32,12,1,1,0,36,1,22,19,22019,2,2009,1G2AL18H7972,1,G,2,A,L,1,8,H,7,9,7,2,0,P,PONT,G/5,CP,9,17,2752,,0,1035,,G,,F,4,134,,,15R195,,,,,,0,0,000000000,00000000000,0,0,0,1,0,0,0,0,0,0,0,55,0,0,0,12,8,2,12,0,0,0,1,36,13316,6,1,0,0,3,0,68,999,0,0,0,0,1,7,2012,7,2012,0,0,0,0,0,1,2,55,1,1,2,1,0,0,1,51,1,1,1,24,1,0
36,360625,1,1,1,7,8,18,19,20,0,1,0,36,1,18,3,18003,4,1999,1G4CW52K1X46,1,G,4,C,W,5,2,K,1,X,4,6,0,P,BUIC,PKA,4D,99,17,3778,,0,1138,,G,,F,6,231,,,16R225,,,,,,0,0,000000000,00000000000,0,0,0,1,0,0,0,0,0,0,0,999,0,0,0,12,8,2,24,0,0,0,1,36,14150,6,1,0,0,3,0,65,999,0,0,0,0,0,0,0,0,0,0,0,0,0,0,3,2,55,1,1,2,1,0,0,1,13,1,1,4,1,1,0
36,360626,1,1,2,7,8,20,18,11,0,1,0,36,1,72,709,72709,80,2003,1HD1FCW403Y6,1,H,D,1,F,C,W,4,0,3,Y,6,0,M,HD,FUA,RS,3,17,,,,,,,1450,,2,,4,788,,,,,,,0,0,000000000,00000000000,0,0,0,1,0,0,0,0,0,0,0,999,0,0,0,12,6,2,11,0,0,0,1,36,13155,6,1,6,0,3,3,76,999,0,0,0,0,0,0,0,0,0,0,83,0,0,0,1,2,55,1,2,2,1,0,0,1,87,1,1,1,13,1,0
36,360627,1,1,1,6,8,7,46,33,0,1,0,36,1,49,32,49032,4,2006,2T1BR32E06C7,2,T,1,B,R,3,2,E,0,6,C,7,0,P,TOYT,UCS,4D,6,17,2530,,0,1024,,G,,F,4,109,,,15R185,,,,,,0,0,000000000,00000000000,0,0,0,1,0,0,0,0,0,0,0,50,0,0,0,14,8,2,19,0,0,0,1,36,14482,6,1,0,0,3,3,63,999,0,0,0,0,0,0,0,0,0,0,0,0,0,0,5,4,30,1,2,2,1,0,0,1,13,1,1,4,1,1,0