STATE,ST_CASE,VEH_NO,VE_FORMS,NUMOCCS,DAY,MONTH,HOUR,MINUTE,HARM_EV,MAN_COLL,UNITTYPE,HIT_RUN,REG_STAT,OWNER,MAKE,MODEL,MAK_MOD,BODY_TYP,MOD_YEAR,VIN,VIN_1,VIN_2,VIN_3,VIN_4,VIN_5,VIN_6,VIN_7,VIN_8,VIN_9,VIN_10,VIN_11,VIN_12,TOW_VEH,VINTYPE,VINMAKE,VINA_MOD,VIN_BT,VINMODYR,VIN_LNGT,VIN_WGT,WGTCD_TR,WHLBS_LG,WHLBS_SH,SER_TR,FUELCODE,MCYCL_DS,CARBUR,CYLINDER,DISPLACE,MCYCL_CY,MCYCL_WT,TIRE_SZE,TON_RAT,TRK_WT,TRKWTVAR,VIN_REST,WHLDRWHL,J_KNIFE,MCARR_I1,MCARR_I2,MCARR_ID,GVWR,V_CONFIG,CARGO_BT,HAZ_INV,HAZ_PLAC,HAZ_ID,HAZ_CNO,HAZ_REL,BUS_USE,SPEC_USE,EMER_USE,TRAV_SP,UNDERIDE,ROLLOVER,ROLINLOC,IMPACT1,DEFORMED,TOWED,M_HARM,VEH_SC1,VEH_SC2,FIRE_EXP,DR_PRES,L_STATE,DR_ZIP,L_STATUS,L_TYPE,CDL_STAT,L_ENDORS,L_COMPL,L_RESTRI,DR_HGT,DR_WGT,PREV_ACC,PREV_SUS,PREV_DWI,PREV_SPD,PREV_OTH,FIRST_MO,FIRST_YR,LAST_MO,LAST_YR,SPEEDREL,DR_SF1,DR_SF2,DR_SF3,DR_SF4,VTRAFWAY,VNUM_LAN,VSPD_LIM,VALIGN,VPROFILE,VPAVETYP,VSURCOND,VTRAFCON,VTCONT_F,P_CRASH1,P_CRASH2,P_CRASH3,PCRASH4,PCRASH5,ACC_TYPE,DEATHS,DR_DRINK
36,360628,1,1,3,8,8,21,17,34,0,1,0,36,2,20,37,20037,4,1998,1G1ND52M6WY1,1,G,1,N,D,5,2,M,6,W,Y,1,0,P,CHEV,MAL,4D,98,17,3100,,0,1070,,G,,F,6,191,,,15R215,,,,,,0,0,000000000,00000000000,0,0,0,1,0,0,0,0,0,0,0,999,0,1,1,12,6,2,1,0,0,0,1,36,14516,6,7,0,0,2,0,68,999,0,0,0,0,0,0,0,0,0,0,52,0,0,0,1,2,55,1,3,2,1,0,0,1,87,6,3,4,2,1,0
36,360629,1,1,2,8,8,20,0,24,0,1,0,36,2,2,405,2405,14,2011,1J4PN2GK0BW5,1,J,4,P,N,2,G,K,0,B,W,5,0,T,JEEP,SPR,4W,11,17,,1,0,1061,LIB,G,,,6,225,,,,,4269,00,R,44,0,0,000000000,00000000000,0,0,0,1,0,0,0,0,0,0,0,999,0,0,0,12,8,2,24,0,0,0,1,36,14623,6,1,0,0,3,0,71,999,0,0,0,0,0,0,0,0,0,0,0,0,0,0,1,2,30,2,1,2,1,0,0,14,12,1,1,4,6,1,0
36,360630,1,1,1,9,8,20,58,1,0,1,0,92,0,98,739,98739,90,1990,999999999999,9,9,9,9,9,9,9,9,9,9,9,9,0,U,,,,9,17,,,,,,,,,,,,,,,,,,,0,0,000000000,00000000000,0,0,0,1,0,0,0,0,0,0,0,999,0,9,1,0,8,2,1,0,0,0,1,36,13440,6,1,6,0,1,0,69,999,1,0,0,0,0,2,2012,2,2012,1,24,0,0,0,1,2,40,3,1,2,1,0,0,14,98,1,1,1,98,1,1
36,360631,1,2,4,23,7,23,25,12,6,1,0,36,2,49,40,49040,4,1997,4T1BG22K4VU8,4,T,1,B,G,2,2,K,4,V,U,8,0,P,TOYT,UEX,4D,97,17,2976,,0,1051,,G,,F,4,132,,,14R195,,,,,,0,0,000000000,00000000000,0,0,0,1,0,0,0,0,0,0,0,999,0,0,0,3,8,2,12,0,0,0,1,36,11553,6,2,0,0,3,0,71,999,0,0,0,0,0,0,0,0,0,1,28,0,0,0,1,4,99,1,2,2,2,0,0,1,10,1,1,2,98,0,0
36,360631,2,2,1,23,7,23,25,12,6,1,0,36,1,37,32,37032,4,1996,1HGCD5695TA2,1,H,G,C,D,5,6,9,5,T,A,2,0,P,HOND,UVP,4D,96,17,2818,,0,1069,,G,,F,4,132,,,14R185,,,,,,0,0,000000000,00000000000,0,0,0,1,0,0,0,0,0,0,0,999,0,0,0,12,8,2,12,0,0,0,1,36,11553,6,1,0,0,3,3,74,999,1,0,0,0,0,11,2011,11,2011,0,0,0,0,0,1,4,99,1,2,2,2,0,0,1,62,1,1,1,98,1,0
36,360632,1,1,1,9,8,22,30,8,0,1,0,36,3,86,881,86881,63,2001,1M2P264C21M0,1,M,2,P,2,6,4,C,2,1,M,0,0,T,MACK,RD6,CC,1,17,,8,0,0,600,D,,,6,728,,,,,00000,00,,64,0,77,777777777,77777777777,3,2,7,1,0,0,0,0,0,0,0,999,0,0,0,12,0,1,8,0,0,0,1,36,11221,6,1,6,1,3,0,66,999,1,0,0,0,0,2,2010,2,2010,0,86,0,0,0,4,2,99,1,1,2,1,3,3,1,80,1,1,1,13,0,0
36,360633,1,2,2,8,8,2,9,12,1,1,0,36,3,86,882,86882,63,1994,1M2K195C4RM0,1,M,2,K,1,9,5,C,4,R,M,0,0,T,MACK,MR6,TB,94,17,,8,0,0,600,D,,,6,728,,,,,00000,00,,64,0,99,999999999,99999999999,3,2,4,1,0,0,0,0,0,0,0,999,0,1,1,6,8,2,14,0,0,0,1,36,11233,6,1,6,0,3,0,69,999,1,0,0,0,1,3,2010,11,2011,0,0,0,0,0,1,2,30,1,1,2,1,0,0,1,66,1,1,1,98,0,0
36,360633,2,2,2,8,8,2,9,12,1,1,0,36,2,2,404,2404,14,1995,1J4GZ78YXSC7,1,J,4,G,Z,7,8,Y,X,S,C,7,0,T,JEEP,L/O,4W,95,17,,1,0,1059,GCK,G,,,8,318,,,,,3552,00,M,44,0,0,000000000,00000000000,0,0,0,1,0,0,0,0,0,0,0,999,0,0,0,12,8,2,12,0,0,0,1,36,11223,2,1,0,0,2,0,69,999,0,0,0,0,0,0,0,0,0,0,39,0,0,0,4,1,30,1,1,2,1,20,3,1,17,1,1,1,98,1,0
36,360634,1,1,1,5,8,7,28,59,0,1,0,36,2,12,481,12481,31,2008,1FTWX31R88EB,1,F,T,W,X,3,1,R,8,8,E,B,0,T,FORD,F3S,4C,8,17,,3,1580,1420,SRW,D,,,8,390,,,,D,6379,02,U,44,0,0,000000000,00000000000,0,0,0,1,0,0,0,0,0,0,0,999,0,0,0,12,8,2,3,0,0,0,1,36,12581,6,1,0,0,3,0,74,999,0,0,0,0,0,0,0,0,0,0,0,0,0,0,1,2,40,3,1,2,1,0,0,14,13,1,1,4,1,1,1
36,360635,1,1,2,9,8,21,15,32,0,1,0,36,1,12,3,12003,2,1987,1FABP42E4HF1,1,F,A,B,P,4,2,E,4,H,F,1,0,P,FORD,MGT,2H,87,17,3080,,0,1005,,G,,F,8,302,,,15R225,,,,,,0,0,000000000,00000000000,0,0,0,1,0,0,0,0,0,0,0,100,0,1,5,1,6,2,1,0,0,0,1,36,14873,6,1,0,0,3,0,70,999,0,1,0,0,0,8,2009,8,2009,1,0,0,0,0,1,2,45,1,1,2,1,0,0,1,13,1,4,4,1,1,1
36,360636,1,2,2,5,8,2,0,12,1,1,0,36,1,37,31,37031,4,1996,1HGEJ6508TL0,1,H,G,E,J,6,5,0,8,T,L,0,0,P,HOND,UCL,4D,96,17,2325,,0,1032,,G,,F,4,097,,,14R185,,,,,,0,0,000000000,00000000000,0,0,0,1,0,0,0,0,0,0,0,999,0,0,0,6,8,1,12,0,0,0,1,36,10956,6,1,0,0,3,0,69,999,0,2,0,1,0,10,2009,10,2010,0,28,0,0,0,3,3,55,1,1,2,1,0,0,15,98,1,1,2,98,0,0
36,360636,2,2,1,5,8,2,0,12,1,1,0,36,1,73,709,73709,80,2012,JKAZXCJ10CA0,J,K,A,Z,X,C,J,1,0,C,A,0,0,M,KAWK,Z1J,RC,12,17,,,,,,,998,,4,,4,437,,,,,,,0,0,000000000,00000000000,0,0,0,1,0,0,0,0,0,0,0,999,0,0,0,12,6,2,12,0,0,0,1,36,10977,6,1,0,0,3,0,66,999,0,6,0,0,0,11,2009,8,2011,1,28,0,0,0,3,3,55,1,1,2,1,0,0,15,98,1,1,2,98,1,0
36,360637,1,2,1,10,8,20,25,8,0,1,1,99,9,99,999,99999,99,9999,999999999999,9,9,9,9,9,9,9,9,9,9,9,9,0,,,,,,,,,,,,,,,,,,,,,,,,,0,0,000000000,00000000000,0,0,0,1,0,0,0,0,0,0,0,999,0,0,0,12,9,1,8,0,0,0,1,99,99999,9,9,99,9,9,9,999,999,99,99,99,99,99,99,9999,99,9999,9,86,0,0,0,1,4,99,1,1,2,1,2,3,1,80,1,1,1,13,0,0
36,360637,2,2,1,10,8,20,25,8,0,1,0,36,1,52,401,52401,14,1996,JA4MR41H3TJ0,J,A,4,M,R,4,1,H,3,T,J,0,0,P,MITS,MON,UT,96,17,4290,,0,1073,,G,,F,6,181,,,15R235,,,,,,0,0,000000000,00000000000,0,0,0,1,0,0,0,0,0,0,0,999,0,0,0,14,0,1,8,0,0,0,1,36,11580,6,1,0,0,3,0,70,999,0,0,0,0,0,0,0,0,0,0,86,0,0,0,1,4,99,1,1,2,1,2,3,1,80,1,1,1,98,0,0
36,360638,1,3,1,5,8,0,59,12,2,1,0,36,1,18,2,18002,4,1992,1G4NJ54N3NC6,1,G,4,N,J,5,4,N,3,N,C,6,0,P,BUIC,SKY,4D,92,17,2782,,0,1034,,G,,F,6,204,,,14R185,,,,,,0,0,000000000,00000000000,0,0,0,1,0,0,0,0,0,0,0,72,0,0,0,12,8,2,12,0,0,0,1,36,14623,1,1,0,0,2,0,69,999,1,2,0,1,0,12,2010,4,2012,0,51,0,0,0,3,3,55,1,1,1,1,0,0,1,54,1,1,1,98,1,0
36,360638,2,3,1,5,8,0,59,12,2,1,0,36,1,53,706,53706,80,2007,JS1GT77A0721,J,S,1,G,T,7,7,A,0,7,2,1,0,M,SUZI,XR1,RC,7,17,,,,,,,999,,4,,4,379,,,,,,,0,0,000000000,00000000000,0,0,0,1,0,0,0,0,0,0,0,999,0,0,0,12,8,2,12,0,0,0,1,36,14615,1,1,0,0,2,0,69,999,0,5,0,0,2,12,2009,6,2012,1,0,0,0,0,3,3,55,1,1,1,1,0,0,1,54,1,1,1,98,1,1
36,360638,3,3,2,5,8,0,59,12,2,1,0,36,2,65,31,65031,2,2008,WMEEK31X38K1,W,M,E,E,K,3,1,X,3,8,K,1,0,P,SMRT,SMS,CV,8,17,1852,,0,735,,G,,F,3,061,,,15R155,,,,,,0,0,000000000,00000000000,0,0,0,1,0,0,0,0,0,0,0,999,0,0,0,63,8,1,54,0,0,0,1,36,14580,6,1,0,0,3,3,69,999,0,0,0,0,0,0,0,0,0,0,0,0,0,0,3,3,55,1,1,1,1,0,0,1,98,1,1,1,98,0,0
36,360639,1,2,1,10,8,0,19,12,2,1,0,36,2,20,37,20037,4,2000,1G1NE52J5Y63,1,G,1,N,E,5,2,J,5,Y,6,3,0,P,CHEV,M/L,4D,0,17,3077,,0,1070,,G,,F,6,191,,,15R215,,,,,,0,0,000000000,00000000000,0,0,0,1,0,0,0,0,0,0,0,999,0,0,0,12,6,2,12,0,0,0,1,36,13148,6,1,0,0,3,0,74,999,0,0,0,0,1,9,2011,9,2011,0,28,0,0,0,1,2,55,1,1,2,2,0,0,1,10,1,1,3,50,1,0
36,360639,2,2,1,10,8,0,19,12,2,1,0,36,2,49,471,49471,30,1993,4TARN01P0PZ1,4,T,A,R,N,0,1,P,0,P,Z,1,0,T,TOYT,SDX,PK,93,17,,1,0,1029,HTP,G,,,4,144,,,,B,3335,00,A,44,0,0,000000000,00000000000,0,0,0,1,0,0,0,0,0,0,0,999,0,0,0,12,6,2,12,0,0,0,1,36,14804,6,1,0,0,3,0,72,999,0,0,0,0,0,0,0,0,0,0,0,0,0,0,1,2,55,1,1,2,2,0,0,1,62,7,1,1,51,0,0
36,360640,1,2,1,11,8,12,18,12,6,1,0,36,3,20,399,20399,4,2010,999999999999,9,9,9,9,9,9,9,9,9,9,9,9,0,U,,,,9,17,,,,,,,,,,,,,,,,,,,0,0,000000000,00000000000,0,0,0,1,0,0,0,0,0,5,1,999,0,0,0,12,8,3,12,0,0,0,1,36,10474,6,1,0,0,3,0,72,999,0,0,0,0,0,0,0,0,0,0,16,0,0,0,3,4,99,1,2,2,1,3,3,1,60,1,1,1,45,0,0
36,360640,2,2,2,11,8,12,18,12,6,1,0,92,0,37,709,37709,80,9999,999999999999,9,9,9,9,9,9,9,9,9,9,9,9,0,U,,,,9,17,,,,,,,,,,,,,,,,,,,0,0,000000000,00000000000,0,0,0,1,0,0,0,0,0,0,0,999,0,0,0,3,8,2,12,0,0,0,1,36,10469,6,1,0,0,2,0,68,999,0,6,0,1,0,5,2010,4,2011,0,52,0,0,0,2,4,99,1,2,2,1,3,3,15,11,1,1,2,46,1,0
36,360641,1,2,1,11,8,13,0,12,6,1,0,36,2,49,402,49402,14,2012,2T3BF4DV0CW1,2,T,3,B,F,4,D,V,0,C,W,1,0,P,TOYT,RG4,UT,12,17,3494,,0,1047,,G,,F,4,153,,,17R215,,,,,,0,0,000000000,00000000000,0,0,0,1,0,0,0,0,0,0,0,999,1,1,1,12,8,2,1,0,0,0,1,36,12816,6,1,0,0,3,3,64,999,0,0,0,0,0,0,0,0,0,0,28,87,0,0,1,2,55,1,1,2,2,0,0,1,10,1,1,3,64,0,0
36,360641,2,2,2,11,8,13,0,12,6,1,0,36,2,20,2,20002,4,2008,2G1WB55K1891,2,G,1,W,B,5,5,K,1,8,9,1,0,P,CHEV,IPL,4D,8,17,3555,,0,1105,,F,,F,6,214,,,16R225,,,,,,0,0,000000000,00000000000,0,0,0,1,0,0,0,0,0,0,0,999,0,0,0,11,8,2,12,0,0,0,1,36,12816,6,1,0,0,3,0,72,999,0,0,0,0,0,0,0,0,0,0,0,0,0,0,1,2,55,1,1,2,2,0,0,1,62,1,1,1,65,1,0
36,360642,1,1,1,12,8,13,8,35,0,1,0,36,1,72,709,72709,80,2008,1HD1JK5188Y0,1,H,D,1,J,K,5,1,8,8,Y,0,0,M,HD,FWC,RS,8,17,,,,,,,1584,,2,,4,720,,,,,,,0,0,000000000,00000000000,0,0,0,1,0,0,0,0,0,0,0,999,0,0,0,1,6,2,35,0,0,0,1,36,14095,6,1,0,0,3,0,72,999,1,0,0,0,0,7,2010,7,2010,1,0,0,0,0,6,1,45,2,1,2,1,0,0,14,12,1,1,4,6,1,0
36,360643,1,2,1,11,8,22,30,12,7,1,0,92,0,37,709,37709,80,2003,JH2PC35023M4,J,H,2,P,C,3,5,0,2,3,M,4,0,M,HOND,CF4,RC,3,17,,,,,,,599,,4,,4,370,,,,,,,0,0,000000000,00000000000,0,0,0,1,0,0,0,0,0,0,0,999,0,0,0,83,8,2,12,0,0,0,1,36,10456,2,1,0,0,2,2,70,999,0,11,0,1,0,9,2009,2,2012,0,8,28,74,0,3,3,99,1,1,2,1,0,0,1,11,1,1,2,44,1,0
36,360643,2,2,2,11,8,22,30,12,7,1,0,36,2,49,43,49043,4,2000,4T1BF28B9YU0,4,T,1,B,F,2,8,B,9,Y,U,0,0,P,TOYT,UVS,4D,0,17,3335,,0,1071,,G,,F,6,183,,,15R205,,,,,,0,0,000000000,00000000000,0,0,0,1,0,0,0,0,0,0,0,999,0,0,0,62,8,1,12,0,0,0,1,37,28207,6,1,0,0,3,0,69,999,0,0,0,0,0,0,0,0,0,0,0,0,0,0,3,3,99,1,1,2,1,0,0,1,60,1,1,1,45,0,0
36,360644,1,1,1,16,8,20,0,42,0,1,0,36,2,59,401,59401,14,2002,JTJHF10U9202,J,T,J,H,F,1,0,U,9,2,0,2,0,P,LEXS,RX3,UT,2,17,3924,,0,1031,,G,,F,6,183,,,16R225,,,,,,0,0,000000000,00000000000,0,0,0,1,0,0,0,0,0,0,0,999,0,0,0,12,8,2,42,0,0,0,1,36,12422,6,1,0,0,3,3,74,999,0,0,0,0,0,0,0,0,0,0,0,0,0,0,1,2,35,1,2,2,1,0,0,1,12,1,1,4,6,1,1
36,360645,1,1,1,12,8,4,0,8,0,1,1,99,9,99,999,99999,99,9999,999999999999,9,9,9,9,9,9,9,9,9,9,9,9,0,,,,,,,,,,,,,,,,,,,,,,,,,0,0,000000000,00000000000,0,0,0,1,0,0,0,0,0,0,0,999,0,0,0,99,9,1,8,0,0,0,1,99,99999,9,9,99,9,9,9,999,999,99,99,99,99,99,99,9999,99,9999,9,0,0,0,0,1,2,30,1,1,2,1,0,0,1,80,1,1,1,13,0,0
36,360646,1,2,6,29,4,8,57,12,2,1,0,36,2,12,443,12443,20,2004,2FMZA51644BB,2,F,M,Z,A,5,1,6,4,4,B,B,0,P,FORD,FRE,SV,4,17,4275,,0,1208,,G,,F,6,238,,,16R225,,,,,,0,0,000000000,00000000000,0,0,0,1,0,0,0,0,0,0,0,999,0,0,0,12,6,2,12,0,0,0,1,36,14091,6,1,0,0,3,0,62,999,0,0,0,0,0,0,0,0,0,0,28,0,0,0,1,2,55,1,3,2,1,0,0,1,10,1,1,2,50,0,0
36,360646,2,2,1,29,4,8,57,12,2,1,0,36,1,49,51,49051,3,2010,JTDJT4K32A53,J,T,D,J,T,4,K,3,2,A,5,3,0,P,TOYT,YAR,2H,10,17,2290,,0,969,,G,,F,4,091,,,14R175,,,,,,0,0,000000000,00000000000,0,0,0,1,0,0,0,0,0,0,0,999,0,0,0,12,6,2,12,0,0,0,1,36,14904,6,1,0,0,3,0,65,999,0,0,0,1,0,1,2012,1,2012,0,0,0,0,0,1,2,55,1,3,2,1,0,0,1,62,1,1,1,51,1,0
36,360647,1,1,1,14,8,18,35,31,0,1,0,36,1,12,401,12401,14,2000,1FMZU85P7YZA,1,F,M,Z,U,8,5,P,7,Y,Z,A,0,P,FORD,EPR,UT,0,17,4321,,0,1116,,G,,F,8,302,,,16R255,,,,,,0,0,000000000,00000000000,0,0,0,1,0,0,0,0,0,0,0,100,0,0,0,12,6,2,42,0,0,0,1,36,12203,6,1,0,0,3,0,74,999,0,0,0,0,0,0,0,0,0,1,0,0,0,0,3,3,65,1,1,2,2,0,0,2,13,1,1,4,1,1,1
36,360648,1,1,1,17,8,11,32,1,0,1,0,36,1,76,706,76706,80,2012,JYAVP33E1CA0,J,Y,A,V,P,3,3,E,1,C,A,0,0,M,YAMA,VCU,RS,12,17,,,,,,,1304,,2,,4,668,,,,,,,0,0,000000000,00000000000,0,0,0,1,0,0,0,0,0,0,0,999,0,0,0,0,8,2,1,0,0,0,1,36,13136,6,1,6,0,3,3,71,999,0,0,0,0,0,0,0,0,0,0,0,0,0,0,3,3,65,1,2,2,1,0,0,1,8,8,4,4,98,1,0
36,360649,1,1,2,17,8,18,28,38,0,1,0,36,2,7,482,7482,31,2006,3D7KS26C36G2,3,D,7,K,S,2,6,C,3,6,G,2,0,T,DODG,S25,PK,6,17,,2,0,1405,RPC,D,,,6,359,,,,C,6446,00,E,44,0,0,000000000,00000000000,0,0,0,1,0,0,0,0,0,0,0,999,0,0,0,10,8,2,42,0,0,0,1,36,13116,6,1,0,0,3,0,61,999,0,0,0,0,0,0,0,0,0,1,0,0,0,0,1,2,40,2,1,2,1,0,0,14,12,3,3,4,6,2,0
36,360650,1,1,1,18,8,14,44,42,0,1,0,36,1,20,22,20022,4,2009,1G1AT58HX971,1,G,1,A,T,5,8,H,X,9,7,1,0,P,CHEV,BLT,4D,9,17,3216,,0,1033,,G,,F,4,134,,,15R195,,,,,,0,0,000000000,00000000000,0,0,0,1,0,0,0,0,0,0,0,999,0,0,0,12,6,2,42,0,0,0,1,36,11701,6,1,0,0,3,0,61,999,0,0,0,0,2,6,2010,8,2011,1,0,0,0,0,3,3,55,1,1,2,1,0,0,1,13,7,1,4,1,1,0
36,360651,1,2,1,19,8,6,10,12,2,1,0,36,2,2,405,2405,14,2005,1J8GR48K75C5,1,J,8,G,R,4,8,K,7,5,C,5,0,T,JEEP,LCF,4W,5,17,,1,0,1095,GCK,G,,,6,226,,,,,4335,00,K,44,0,0,000000000,00000000000,0,0,0,1,0,0,0,0,0,0,0,999,0,0,0,12,8,2,12,0,0,0,1,36,12601,6,1,0,0,3,0,66,999,0,0,0,0,0,0,0,0,0,0,28,0,0,0,1,2,55,1,1,2,1,0,0,1,10,1,1,2,50,0,0
36,360651,2,2,4,19,8,6,10,12,2,1,0,34,1,37,441,37441,20,2009,999999999999,9,9,9,9,9,9,9,9,9,9,9,9,0,U,,,,9,17,,,,,,,,,,,,,,,,,,,0,0,000000000,00000000000,0,0,0,1,0,0,0,0,0,0,0,999,0,0,0,12,8,2,12,0,0,0,1,34,7054,6,1,0,0,3,0,64,999,0,0,0,0,0,0,0,0,0,0,0,0,0,0,1,2,55,1,1,2,1,0,0,1,62,1,1,1,51,1,0
36,360652,1,1,1,19,8,21,25,34,0,1,0,36,1,41,34,41034,2,1981,JM1FB3313B05,J,M,1,F,B,3,3,1,3,B,0,5,0,P,MAZD,RX7,CP,81,17,2345,,0,953,,G,,4,R,070,,,13R165,,,,,,0,0,000000000,00000000000,0,0,0,1,0,0,0,0,0,0,0,999,0,0,0,12,8,2,42,0,0,0,1,36,14420,6,1,0,0,3,0,69,999,0,0,0,0,0,0,0,0,0,1,0,0,0,0,1,2,55,1,1,2,1,0,0,6,8,9,7,4,98,1,1
36,360653,1,1,1,20,8,19,16,30,0,1,0,36,1,6,52,6052,6,2008,3A8FY48B78T1,3,A,8,F,Y,4,8,B,7,8,T,1,0,P,CHRY,PTC,SV,8,17,3076,,0,1030,,G,,F,4,148,,,15R195,,,,,,0,0,000000000,00000000000,0,0,0,1,0,0,0,0,0,0,0,999,0,0,0,12,8,2,30,0,0,0,1,36,14001,6,1,0,0,3,3,73,999,0,0,0,0,0,0,0,0,0,1,0,0,0,0,1,2,55,1,1,2,1,0,0,1,6,1,7,4,7,1,1
36,360654,1,2,3,21,8,21,32,12,2,1,0,36,1,52,34,52034,4,2000,4A3AA46G5YE0,4,A,3,A,A,4,6,G,5,Y,E,0,0,P,MITS,GES,4D,0,17,3075,,0,1037,,G,,F,4,143,,,15R195,,,,,,0,0,000000000,00000000000,0,0,0,1,0,0,0,0,0,0,0,999,0,0,0,12,8,2,12,0,0,0,1,36,10469,6,1,0,0,3,3,67,999,0,0,0,0,0,0,0,0,0,0,38,0,0,0,1,2,30,1,1,2,1,0,0,11,55,1,1,2,68,1,0
36,360654,2,2,1,21,8,21,32,12,2,1,0,36,3,37,441,37441,20,1999,2HKRL1856XH5,2,H,K,R,L,1,8,5,6,X,H,5,0,P,HOND,UDY,SV,99,17,4233,,0,1181,,G,,F,6,212,,,16R215,,,,,,0,0,000000000,00000000000,0,0,0,1,0,0,0,0,0,0,0,999,0,0,0,12,8,2,12,0,0,0,1,36,10469,6,1,6,0,3,0,67,999,0,3,0,0,0,4,2011,10,2011,0,0,0,0,0,1,2,30,1,1,2,1,0,0,1,62,1,1,1,69,0,0
36,360655,1,3,1,20,8,2,59,12,1,1,0,92,0,34,34,34034,2,1996,999999999999,9,9,9,9,9,9,9,9,9,9,9,9,0,,,,,,,,,,,,,,,,,,,,,,,,,0,0,000000000,00000000000,0,0,0,1,0,0,0,0,0,0,0,999,0,0,0,12,6,2,12,0,0,0,1,36,10960,0,0,0,0,0,0,999,999,0,0,0,0,0,0,0,0,0,0,26,0,0,0,1,2,45,1,2,2,1,0,0,1,51,1,1,2,24,1,1
36,360655,2,3,1,20,8,2,59,12,1,1,0,36,3,13,1,13001,4,2006,1LNHM84WX6Y6,1,L,N,H,M,8,4,W,X,6,Y,6,0,P,LINC,EXL,4D,6,17,4359,,0,1237,,G,,F,8,281,,,17R225,,,,,,0,0,000000000,00000000000,0,0,0,1,0,0,0,0,0,0,0,999,0,0,0,12,6,2,12,0,0,0,1,36,10927,6,1,0,0,3,0,65,999,0,1,0,0,0,1,2012,1,2012,0,0,0,0,0,1,2,45,1,2,2,1,0,0,1,62,1,1,1,98,0,0
36,360655,3,3,1,20,8,2,59,12,1,1,0,36,2,52,37,52037,2,2001,4A3AC44G01E0,4,A,3,A,C,4,4,G,0,1,E,0,0,P,MITS,EGS,2H,1,17,2944,,0,1008,,G,,F,4,143,,,16R205,,,,,,0,0,000000000,00000000000,0,0,0,1,0,0,0,0,0,0,0,999,0,0,0,6,6,2,12,0,0,0,1,36,10976,0,0,0,0,0,0,999,999,0,0,0,0,0,0,0,0,0,0,85,0,0,0,1,2,45,1,2,2,1,0,0,1,53,4,1,1,25,0,0
36,360656,1,3,1,7,6,16,11,8,0,1,0,36,3,12,16,12016,4,2007,2FAHP71W57X1,2,F,A,H,P,7,1,W,5,7,X,1,0,P,FORD,CVP,4D,7,17,4129,,0,1146,,G,,F,8,281,,,17R235,,,,,,0,0,000000000,00000000000,0,0,0,1,0,0,0,0,0,1,0,0,0,0,0,9,8,1,12,0,0,0,1,36,11229,6,1,0,0,3,0,68,999,1,0,0,0,0,7,2010,7,2010,0,0,0,0,0,1,4,99,1,1,2,1,0,0,5,53,1,1,1,98,0,0
36,360656,2,3,1,7,6,16,11,8,0,1,0,36,3,12,461,12461,21,2007,1FTNS24LX7DA,1,F,T,N,S,2,4,L,X,7,D,A,0,T,FORD,25V,EC,7,17,,2,0,1380,VAN,G,,,8,330,,,,C,00000,00,E,42,0,0,000000000,00000000000,0,0,0,1,0,0,0,0,0,6,0,999,0,0,0,3,0,1,12,0,0,0,1,36,11229,6,1,6,0,3,0,69,999,0,0,0,0,2,6,2010,8,2010,0,0,0,0,0,1,4,99,1,1,2,1,0,0,1,60,1,1,1,98,0,0
36,360656,3,3,2,7,6,16,11,8,0,1,0,36,1,21,2,21002,4,1997,1G3HY52K0V48,1,G,3,H,Y,5,2,K,0,V,4,8,0,P,OLDS,LSS,4D,97,17,3502,,0,1108,,G,,F,6,231,,,16R225,,,,,,0,0,000000000,00000000000,0,0,0,1,0,0,0,0,0,0,0,999,0,0,0,12,8,1,12,0,0,0,1,12,33019,6,1,0,0,3,3,66,999,0,0,0,0,1,10,2011,10,2011,1,26,86,0,0,1,4,99,1,1,2,1,0,0,1,80,1,1,1,13,0,0
36,360657,1,1,2,21,8,23,6,52,0,1,0,95,2,12,481,12481,31,2001,999999999999,9,9,9,9,9,9,9,9,9,9,9,9,0,,,,,,,,,,,,,,,,,,,,,,,,,0,0,000000000,00000000000,0,0,0,1,0,0,0,0,0,0,0,999,0,1,5,12,6,2,1,0,0,0,1,95,0,9,9,99,9,9,9,999,999,99,99,99,99,99,99,9999,99,9999,0,0,0,0,0,3,2,65,1,1,2,1,0,0,1,13,1,1,4,1,1,0
36,360658,1,2,3,21,8,13,20,12,2,1,0,42,3,20,404,20404,14,2012,2GNFLNE5XC63,2,G,N,F,L,N,E,5,X,C,6,3,0,P,CHEV,EQU,UT,12,17,4180,,0,1125,,F,,F,6,183,,,17R225,,,,,,0,0,000000000,00000000000,0,0,0,1,0,0,0,0,0,0,0,45,0,0,0,12,8,2,12,0,0,0,1,33,3064,6,1,0,0,3,0,74,999,0,0,0,0,0,0,0,0,0,0,28,0,0,0,1,2,45,1,1,2,1,0,0,1,10,1,1,2,50,0,0
36,360658,2,2,3,21,8,13,20,12,2,1,0,36,1,6,442,6442,20,2002,1C4GJ45352B7,1,C,4,G,J,4,5,3,5,2,B,7,0,P,CHRY,VOV,SV,2,17,3923,,0,1133,,F,,F,6,201,,,16R215,,,,,,0,0,000000000,00000000000,0,0,0,1,0,0,0,0,0,0,0,45,0,0,0,12,8,2,12,0,0,0,1,36,14867,6,1,0,0,3,3,65,999,1,0,0,0,0,2,2012,2,2012,0,0,0,0,0,1,2,45,1,1,2,1,0,0,1,62,1,1,1,51,1,0