STATE,ST_CASE,VEH_NO,VE_FORMS,NUMOCCS,DAY,MONTH,HOUR,MINUTE,HARM_EV,MAN_COLL,UNITTYPE,HIT_RUN,REG_STAT,OWNER,MAKE,MODEL,MAK_MOD,BODY_TYP,MOD_YEAR,VIN,VIN_1,VIN_2,VIN_3,VIN_4,VIN_5,VIN_6,VIN_7,VIN_8,VIN_9,VIN_10,VIN_11,VIN_12,TOW_VEH,VINTYPE,VINMAKE,VINA_MOD,VIN_BT,VINMODYR,VIN_LNGT,VIN_WGT,WGTCD_TR,WHLBS_LG,WHLBS_SH,SER_TR,FUELCODE,MCYCL_DS,CARBUR,CYLINDER,DISPLACE,MCYCL_CY,MCYCL_WT,TIRE_SZE,TON_RAT,TRK_WT,TRKWTVAR,VIN_REST,WHLDRWHL,J_KNIFE,MCARR_I1,MCARR_I2,MCARR_ID,GVWR,V_CONFIG,CARGO_BT,HAZ_INV,HAZ_PLAC,HAZ_ID,HAZ_CNO,HAZ_REL,BUS_USE,SPEC_USE,EMER_USE,TRAV_SP,UNDERIDE,ROLLOVER,ROLINLOC,IMPACT1,DEFORMED,TOWED,M_HARM,VEH_SC1,VEH_SC2,FIRE_EXP,DR_PRES,L_STATE,DR_ZIP,L_STATUS,L_TYPE,CDL_STAT,L_ENDORS,L_COMPL,L_RESTRI,DR_HGT,DR_WGT,PREV_ACC,PREV_SUS,PREV_DWI,PREV_SPD,PREV_OTH,FIRST_MO,FIRST_YR,LAST_MO,LAST_YR,SPEEDREL,DR_SF1,DR_SF2,DR_SF3,DR_SF4,VTRAFWAY,VNUM_LAN,VSPD_LIM,VALIGN,VPROFILE,VPAVETYP,VSURCOND,VTRAFCON,VTCONT_F,P_CRASH1,P_CRASH2,P_CRASH3,PCRASH4,PCRASH5,ACC_TYPE,DEATHS,DR_DRINK
36,360691,1,2,1,27,8,15,13,12,6,1,0,36,2,12,471,12471,30,1993,1FTCR10A0PTA,1,F,T,C,R,1,0,A,0,P,T,A,0,T,FORD,RNG,PK,93,17,,1,1139,1079,RNG,G,,,4,140,,,,B,2918,01,A,42,0,0,000000000,00000000000,0,0,0,1,0,0,0,0,0,0,0,999,0,0,0,12,8,2,12,0,0,0,1,37,28097,6,1,0,0,3,0,70,999,0,0,0,0,2,3,2011,6,2011,0,0,0,0,0,3,3,30,1,1,2,2,0,0,1,67,1,1,1,83,0,0
36,360691,2,2,1,27,8,15,13,12,6,1,0,36,1,55,33,55033,4,2011,5NPEB4AC4BH2,5,N,P,E,B,4,A,C,4,B,H,2,0,P,HYUN,SGL,4D,11,17,3161,,0,1100,,G,,F,4,144,,,16R205,,,,,,0,0,000000000,00000000000,0,0,0,1,0,0,0,0,0,0,0,999,0,0,0,61,8,2,12,0,0,0,1,36,11554,6,1,0,0,3,0,66,999,0,0,0,0,1,6,2010,6,2010,0,0,0,0,0,3,3,30,1,1,2,2,20,3,11,15,1,1,1,82,1,0
36,360692,1,1,1,26,8,21,8,9,0,1,0,36,2,49,40,49040,4,2011,4T4BF3EK4BR1,4,T,4,B,F,3,E,K,4,B,R,1,0,P,TOYT,CBA,4D,11,17,3263,,0,1093,,G,,F,4,152,,,16R215,,,,,,0,0,000000000,00000000000,0,0,0,1,0,0,0,0,0,0,0,999,0,0,0,12,8,3,9,0,0,0,1,36,11206,6,1,0,0,3,3,74,999,0,0,0,0,0,0,0,0,0,0,0,0,0,0,1,2,99,1,1,2,1,3,3,1,83,1,1,1,13,0,0
36,360693,1,2,4,27,8,16,38,12,6,1,0,36,2,55,35,55035,4,2010,KMHDU4AD7AU0,K,M,H,D,U,4,A,D,7,A,U,0,0,P,HYUN,BGS,4D,10,17,2723,,0,1043,,G,,F,4,121,,,15R195,,,,,,0,0,000000000,00000000000,0,0,0,1,0,0,0,0,0,0,0,999,0,0,0,3,6,2,12,0,0,0,1,36,13144,6,1,0,0,3,0,61,999,0,0,0,0,0,0,0,0,0,0,0,0,0,0,1,2,55,3,3,2,2,0,0,14,10,1,4,2,98,1,0
36,360693,2,2,2,27,8,16,38,12,6,1,0,12,1,20,25,20025,4,2012,1G1JE5SH3C42,1,G,1,J,E,5,S,H,3,C,4,2,0,P,CHEV,SNZ,4D,12,17,2721,,0,994,,G,,F,4,110,,,17R205,,,,,,0,0,000000000,00000000000,0,0,0,1,0,0,0,0,0,0,0,999,0,0,0,12,6,2,12,0,0,0,1,12,33542,6,1,0,0,3,0,64,999,0,0,0,0,0,0,0,0,0,0,0,0,0,0,1,2,55,2,2,2,2,0,0,14,62,1,1,1,98,0,0
36,360694,1,3,1,27,8,19,5,12,2,1,0,36,2,34,401,34401,14,2009,5UXFE43579L2,5,U,X,F,E,4,3,5,7,9,L,2,0,P,BMW,BX5,UT,9,17,4916,,0,1155,,G,,F,6,183,,,18R255,,,,,,0,0,000000000,00000000000,0,0,0,1,0,0,0,0,0,0,0,999,0,1,1,12,8,2,12,0,0,0,1,36,10312,6,1,0,0,3,3,72,999,0,0,0,0,0,0,0,0,0,1,0,0,0,0,3,2,99,1,1,2,1,0,0,1,10,1,1,2,50,1,0
36,360694,2,3,3,27,8,19,5,12,2,1,0,36,3,12,870,12870,61,2003,1FDWE35F43HA,1,F,D,W,E,3,5,F,4,3,H,A,0,T,FORD,3DC,YY,3,17,,3,1760,1380,CTV,D,,,8,444,,,,,00000,00,E,42,0,77,777777777,77777777777,2,1,1,1,0,0,0,0,0,6,8,999,0,0,0,12,8,2,12,0,0,0,1,36,10314,6,1,0,0,3,0,67,999,0,0,0,0,0,0,0,0,0,0,0,0,0,0,3,2,99,1,1,2,1,0,0,1,62,1,1,1,51,1,0
36,360694,3,3,1,27,8,19,5,12,2,1,0,36,1,7,20,7020,4,2005,1B3ES56C75D2,1,B,3,E,S,5,6,C,7,5,D,2,0,P,DODG,NXT,4D,5,17,2634,,0,1040,,G,,F,4,122,,,15R185,,,,,,0,0,000000000,00000000000,0,0,0,1,0,0,0,0,0,0,0,999,0,0,0,10,8,1,12,0,0,0,1,36,10312,6,1,0,0,3,0,71,999,0,0,0,0,0,0,0,0,0,0,0,0,0,0,3,2,99,1,1,2,1,0,0,1,62,1,1,1,98,0,0
36,360695,1,1,1,29,8,18,34,9,0,1,0,36,1,20,482,20482,31,2004,3GNEK12T14G1,3,G,N,E,K,1,2,T,1,4,G,1,0,T,CHEV,KAV,CW,4,17,,2,0,1300,AVL,G,,,8,325,,,,B,5678,00,,44,0,0,000000000,00000000000,0,0,0,1,0,0,0,0,0,0,0,999,0,0,0,12,8,3,9,0,0,0,1,36,14621,6,1,0,0,3,3,72,999,0,0,0,1,0,3,2012,3,2012,0,0,0,0,0,1,4,30,1,1,2,1,3,3,1,83,4,1,1,13,0,0
36,360696,1,1,1,30,8,12,54,35,0,1,0,36,2,6,441,6441,20,2002,1C8GJ25382B7,1,C,8,G,J,2,5,3,8,2,B,7,0,P,CHRY,VOV,SV,2,17,3766,,0,1133,,F,,F,6,201,,,16R215,,,,,,0,0,000000000,00000000000,0,0,0,1,0,0,0,0,0,0,0,999,0,1,5,12,6,2,1,0,0,0,1,36,12508,6,1,0,0,3,3,74,999,0,0,0,0,0,0,0,0,0,0,27,0,0,0,3,2,65,1,2,2,1,0,0,1,13,1,1,4,1,1,0
36,360697,1,2,1,29,8,12,26,12,2,1,0,36,1,7,472,7472,30,2001,1B7GG22X41S2,1,B,7,G,G,2,2,X,4,1,S,2,0,T,DODG,DAK,PC,1,17,,1,0,1309,DAK,G,,,6,239,,,,B,3933,00,U,44,0,0,000000000,00000000000,0,0,0,1,0,0,0,0,0,0,0,999,0,0,0,12,8,2,12,0,0,0,1,36,13101,6,1,0,0,3,0,62,999,0,0,0,0,0,0,0,0,0,0,28,0,0,0,1,2,40,3,1,2,1,0,0,14,10,1,1,2,50,0,1
36,360697,2,2,1,29,8,12,26,12,2,1,0,36,2,30,40,30040,4,1999,3VWSC29M8XM0,3,V,W,S,C,2,9,M,8,X,M,0,0,P,VOLK,JGS,4D,99,17,2781,,0,989,,G,,F,4,121,,,15R195,,,,,,0,0,000000000,00000000000,0,0,0,1,0,0,0,0,0,0,0,999,0,0,0,12,8,2,12,0,0,0,1,36,13101,6,1,0,0,3,3,67,999,0,0,0,0,0,0,0,0,0,0,0,0,0,0,1,2,40,2,1,2,1,0,0,14,62,1,1,1,51,1,0
36,360699,1,1,2,30,8,6,7,8,0,1,0,36,1,6,18,6018,4,2011,1C3BC1FG4BN6,1,C,3,B,C,1,F,G,4,B,N,6,0,P,CHRY,2TR,4D,11,17,3389,,0,1089,,F,,F,6,220,,,17R225,,,,,,0,0,000000000,00000000000,0,0,0,1,0,0,0,0,0,0,0,55,0,0,0,12,8,3,8,0,0,0,1,36,13656,6,1,0,0,3,0,74,999,0,0,0,0,0,0,0,0,0,0,86,0,0,0,1,2,55,1,1,2,1,50,3,1,80,1,1,1,13,0,0
36,360700,1,2,1,29,8,17,55,12,6,1,0,92,0,99,709,99709,80,9999,999999999999,9,9,9,9,9,9,9,9,9,9,9,9,0,U,,,,9,17,,,,,,,,,,,,,,,,,,,0,0,000000000,00000000000,0,0,0,1,0,0,0,0,0,0,0,999,0,0,0,81,8,2,12,0,0,0,1,36,12953,0,0,0,0,0,0,999,999,0,0,0,0,0,0,0,0,0,0,0,0,0,0,1,2,55,1,1,2,1,20,3,1,17,1,1,1,87,1,0
36,360700,2,2,2,29,8,17,55,12,6,1,0,36,2,7,422,7422,15,2011,1D4RE4GG6BC7,1,D,4,R,E,4,G,G,6,B,C,7,0,P,DODG,DUR,UT,11,17,4987,,0,1198,,F,,F,6,220,,,18R265,,,,,,0,0,000000000,00000000000,0,0,0,1,0,0,0,0,0,0,0,999,0,0,0,12,8,3,12,0,0,0,1,36,12926,6,1,0,0,3,0,67,999,0,0,0,0,0,0,0,0,0,0,0,0,0,0,1,2,55,1,1,2,1,20,3,1,66,7,1,1,86,0,0
36,360701,1,3,1,31,8,0,41,12,6,1,0,36,1,23,401,23401,14,2008,1GKDT13S0822,1,G,K,D,T,1,3,S,0,8,2,2,0,T,GMC,ENV,4W,8,17,,1,0,1130,ENV,G,,,6,256,,,,B,4404,00,S,44,0,0,000000000,00000000000,0,0,0,1,0,0,0,0,0,0,0,999,0,0,0,11,8,2,12,0,0,0,1,36,14830,6,1,0,0,3,3,71,999,0,0,0,0,0,0,0,0,0,0,0,0,0,0,3,2,55,1,1,2,1,3,3,11,15,1,1,1,82,0,0
36,360701,2,3,1,31,8,0,41,12,6,1,0,36,1,73,709,73709,80,2005,JKAZXCC135A0,J,K,A,Z,X,C,C,1,3,5,A,0,0,M,KAWK,Z1R,RC,5,17,,,,,,,998,,4,,4,375,,,,,,,0,0,000000000,00000000000,0,0,0,1,0,0,0,0,0,0,0,999,0,0,0,12,8,2,12,0,0,0,1,36,14858,6,1,0,0,3,0,71,999,0,1,0,2,3,10,2009,4,2012,1,38,39,0,0,3,2,55,1,1,2,1,3,3,1,55,1,1,1,83,1,1
36,360701,3,3,1,31,8,0,41,12,6,1,0,36,1,73,709,73709,80,2012,JKAZXCJ17CA0,J,K,A,Z,X,C,J,1,7,C,A,0,0,M,KAWK,Z1J,RC,12,17,,,,,,,998,,4,,4,437,,,,,,,0,0,000000000,00000000000,0,0,0,1,0,0,0,0,0,0,0,999,0,0,0,12,8,2,12,0,0,0,1,36,14830,6,1,0,0,3,0,74,999,0,1,0,1,2,12,2009,8,2011,1,0,0,0,0,3,2,55,1,1,2,1,3,3,1,55,1,1,1,98,0,0
36,360702,1,1,1,2,9,17,42,1,0,1,0,36,1,73,709,73709,80,2008,JKBVNMJ128A0,J,K,B,V,N,M,J,1,2,8,A,0,0,M,KAWK,VNJ,RS,8,17,,,,,,,2053,,2,,4,796,,,,,,,0,0,000000000,00000000000,0,0,0,1,0,0,0,0,0,0,0,999,0,0,0,0,6,2,1,0,0,0,1,36,13501,6,1,6,0,3,0,76,999,1,0,0,0,1,9,2011,6,2012,1,0,0,0,0,3,2,55,2,1,2,1,0,0,14,12,1,1,4,6,1,0
36,360703,1,2,1,3,9,18,24,12,2,1,0,36,1,55,35,55035,4,1999,KMHJF25F2XU8,K,M,H,J,F,2,5,F,2,X,U,8,0,P,HYUN,ELL,4D,99,17,2560,,0,1004,,G,,F,4,121,,,14R175,,,,,,0,0,000000000,00000000000,0,0,0,1,0,0,0,0,0,0,0,999,0,0,0,12,8,2,12,0,0,0,1,36,12550,6,1,0,0,3,3,67,999,0,0,0,0,0,0,0,0,0,0,28,0,0,0,1,4,30,2,2,2,1,0,0,14,10,1,1,2,50,1,1
36,360703,2,2,1,3,9,18,24,12,2,1,0,36,1,49,40,49040,4,2007,JTNBE46K2730,J,T,N,B,E,4,6,K,2,7,3,0,0,P,TOYT,CMB,4D,7,17,3108,,0,1093,,G,,F,4,146,,,15R205,,,,,,0,0,000000000,00000000000,0,0,0,1,0,0,0,0,0,0,0,30,0,0,0,12,8,2,12,0,0,0,1,36,12553,6,1,0,0,3,3,66,999,1,0,0,0,0,11,2010,11,2010,0,0,0,0,0,1,4,30,3,2,2,1,0,0,14,62,1,1,1,51,0,0
36,360704,1,1,5,2,9,9,35,35,0,1,0,36,2,49,422,49422,15,2002,JTEHT05J6220,J,T,E,H,T,0,5,J,6,2,2,0,0,P,TOYT,LCW,UT,2,17,5115,,0,1122,,G,,F,8,285,,,16R275,,,,,,0,0,000000000,00000000000,0,0,0,1,0,0,0,0,0,0,0,999,0,1,5,12,8,2,1,0,0,0,1,36,11358,6,1,0,0,3,0,68,999,0,1,0,0,1,3,2010,4,2010,0,80,0,0,0,3,3,55,1,2,2,1,0,0,1,13,1,9,4,1,1,0
36,360705,1,1,1,4,9,13,6,8,0,1,0,36,2,12,401,12401,14,2004,1FMZU73E34UB,1,F,M,Z,U,7,3,E,3,4,U,B,0,P,FORD,EPR,UT,4,17,4094,,0,1137,,G,,F,6,245,,,16R235,,,,,,0,0,000000000,00000000000,0,0,0,1,0,0,0,0,0,0,0,35,0,0,0,12,0,1,8,0,0,0,1,36,11561,6,1,0,0,3,3,66,999,1,3,0,1,0,9,2009,2,2012,0,86,0,0,0,3,3,35,1,1,2,2,0,0,1,80,2,2,1,13,0,0
36,360706,1,4,1,6,9,8,41,12,1,1,0,36,1,37,421,37421,15,2011,5FNYF4H70BB0,5,F,N,Y,F,4,H,7,0,B,B,0,0,P,HOND,PIL,UT,11,17,4561,,0,1092,,G,,F,6,213,,,17R245,,,,,,0,0,000000000,00000000000,0,0,0,1,0,0,0,0,0,0,0,999,0,0,0,12,8,2,12,0,0,0,1,36,14586,6,1,0,0,3,3,70,999,2,0,0,2,2,12,2009,7,2012,0,26,0,0,0,1,3,40,1,1,2,1,0,0,1,50,1,1,1,20,0,0
36,360706,2,4,1,6,9,8,41,12,1,1,0,36,1,49,472,49472,30,2006,5TELU42N26Z2,5,T,E,L,U,4,2,N,2,6,Z,2,0,T,TOYT,DCL,CW,6,17,,1,0,1219,TAC,G,,,6,244,,,,B,4055,00,U,44,0,0,000000000,00000000000,0,0,0,1,0,0,0,0,0,0,0,0,0,0,0,6,8,2,12,0,0,0,1,36,14545,6,1,6,0,3,0,68,999,0,2,0,0,0,11,2009,1,2011,0,0,0,0,0,1,3,40,1,1,2,1,0,0,5,53,1,1,1,22,0,0
36,360706,3,4,1,6,9,8,41,12,1,1,0,36,1,37,709,37709,80,1998,JH2SC3601WM0,J,H,2,S,C,3,6,0,1,W,M,0,0,M,HOND,VTF,RC,98,17,,,,,,,996,,2,,4,423,,,,,,,0,0,000000000,00000000000,0,0,0,1,0,0,0,0,0,0,0,999,0,0,0,11,8,2,12,0,0,0,1,36,14613,6,1,0,0,3,0,72,999,0,0,0,0,0,0,0,0,0,0,0,0,0,0,1,3,40,1,1,2,1,0,0,1,63,1,1,1,98,1,0
36,360706,4,4,1,6,9,8,41,12,1,1,0,36,3,12,461,12461,21,2006,1FDSE35L36HA,1,F,D,S,E,3,5,L,3,6,H,A,0,T,FORD,3DC,YY,6,17,,2,1760,1380,CTV,G,,,8,330,,,,,00000,00,K,42,0,88,888888888,88888888888,1,20,22,1,0,0,0,0,1,0,0,999,0,0,0,10,8,1,12,0,0,0,1,36,14522,6,1,6,1,3,3,65,999,0,0,0,0,0,0,0,0,0,0,0,0,0,0,1,3,40,1,1,2,1,0,0,11,13,7,1,4,98,0,0
36,360707,1,1,1,6,9,0,30,1,0,1,0,36,1,72,706,72706,80,2007,1HD1JL5157Y0,1,H,D,1,J,L,5,1,5,7,Y,0,0,M,HD,XTC,RS,7,17,,,,,,,1584,,2,,4,672,,,,,,,0,0,000000000,00000000000,0,0,0,1,0,0,0,0,0,0,0,999,0,0,0,0,8,2,1,0,0,0,1,36,13327,6,1,6,0,3,3,74,999,1,0,0,0,0,11,2010,11,2010,1,0,0,0,0,1,2,30,2,1,2,1,0,0,14,12,1,9,4,6,1,1
36,360708,1,2,1,7,9,5,49,12,6,1,0,36,1,12,13,12013,2,1999,3FAKP1137XR1,3,F,A,K,P,1,1,3,7,X,R,1,0,P,FORD,ZCH,CP,99,17,2478,,0,984,,G,,F,4,121,,,14R185,,,,,,0,0,000000000,00000000000,0,0,0,1,0,0,0,0,0,0,0,999,0,0,0,9,6,2,12,0,0,0,1,36,14709,6,1,6,0,3,0,70,999,0,2,0,1,0,9,2009,5,2011,0,0,0,0,0,1,3,55,2,5,2,1,0,0,14,62,1,1,1,66,1,0
36,360708,2,2,2,7,9,5,49,12,6,1,0,36,1,12,481,12481,31,2004,1FTNF21L44EC,1,F,T,N,F,2,1,L,4,4,E,C,0,T,FORD,F2S,PK,4,17,,2,0,1370,SRW,G,,,8,330,,,,C,5828,00,U,44,0,0,000000000,00000000000,0,0,0,1,0,0,0,0,0,0,0,999,0,0,0,12,8,2,12,0,0,0,1,36,14737,6,1,0,0,3,3,73,999,1,0,0,0,0,6,2012,6,2012,0,28,0,0,0,1,3,55,3,6,2,1,0,0,14,10,1,1,2,66,0,0
36,360709,1,1,1,8,9,3,7,24,0,1,0,34,1,53,709,53709,80,2006,999999999999,9,9,9,9,9,9,9,9,9,9,9,9,0,,,,,,,,,,,,,,,,,,,,,,,,,0,0,000000000,00000000000,0,0,0,1,0,0,0,0,0,0,0,999,0,0,0,12,6,2,24,0,0,0,1,34,7446,6,1,0,0,2,0,72,999,0,0,0,0,0,0,0,0,0,1,52,0,0,0,1,2,40,2,3,2,1,0,0,14,12,1,1,4,6,1,0
36,360710,1,2,1,7,9,5,20,12,1,1,0,36,2,23,401,23401,14,2001,1GKDT13W0122,1,G,K,D,T,1,3,W,0,1,2,2,0,T,GMC,JMY,4W,1,17,,1,0,1070,JMY,G,,,6,262,,,,B,4133,00,E,44,0,0,000000000,00000000000,0,0,0,1,0,0,0,0,0,0,0,999,0,0,0,6,8,1,12,0,0,0,1,36,14818,6,1,0,0,3,0,69,999,0,0,0,0,0,0,0,0,0,0,0,0,0,0,1,2,30,1,1,2,1,0,0,10,53,1,1,1,31,0,0
36,360710,2,2,1,7,9,5,20,12,1,1,0,36,1,37,706,37706,80,1988,1HFRC280XJA1,1,H,F,R,C,2,8,0,X,J,A,1,0,M,HOND,F7C,RS,88,17,,,,,,,750,,4,,4,506,,,,,,,0,0,000000000,00000000000,0,0,0,1,0,0,0,0,0,0,0,999,0,0,0,12,8,2,12,0,0,0,1,36,14891,6,1,6,0,3,3,71,999,0,0,0,0,0,0,0,0,0,0,26,0,0,0,1,2,30,1,1,2,1,0,0,1,51,98,1,1,28,1,0
36,360711,1,4,1,31,1,2,5,12,7,1,1,99,9,99,999,99999,99,9999,999999999999,9,9,9,9,9,9,9,9,9,9,9,9,0,,,,,,,,,,,,,,,,,,,,,,,,,0,0,000000000,00000000000,0,0,0,1,0,0,0,0,0,0,0,999,0,0,0,11,9,1,12,0,0,0,1,99,99999,9,9,99,9,9,9,999,999,99,99,99,99,99,99,9999,99,9999,0,8,27,0,0,3,3,99,1,1,2,1,0,0,1,10,1,1,1,45,0,0
36,360711,2,4,1,31,1,2,5,12,7,1,0,36,2,13,1,13001,4,2006,1LNHM81W06Y6,1,L,N,H,M,8,1,W,0,6,Y,6,0,P,LINC,SIG,4D,6,17,4359,,0,1177,,G,,F,8,281,,,17R225,,,,,,0,0,000000000,00000000000,0,0,0,1,0,0,0,0,0,0,0,999,0,0,0,3,8,1,12,0,0,0,1,36,11361,6,1,0,0,3,0,73,999,0,0,0,0,0,0,0,0,0,0,0,0,0,0,3,3,99,1,1,2,1,0,0,1,60,1,1,1,44,0,0
36,360711,3,4,1,31,1,2,5,12,7,1,0,36,3,13,1,13001,4,2009,2LNHM84VX9X6,2,L,N,H,M,8,4,V,X,9,X,6,0,P,LINC,EXL,4D,9,17,4359,,0,1237,,F,,F,8,281,,,17R225,,,,,,0,0,000000000,00000000000,0,0,0,1,0,0,0,0,0,0,0,999,0,0,0,6,8,2,25,0,0,0,1,36,10543,6,1,0,0,3,0,73,999,0,0,0,0,0,0,0,0,0,0,0,0,0,0,3,3,99,1,1,2,1,0,0,1,53,1,1,1,98,0,0
36,360711,4,4,2,31,1,2,5,12,7,1,0,25,1,49,40,49040,4,2001,4T1BG22K31U0,4,T,1,B,G,2,2,K,3,1,U,0,0,P,TOYT,CXL,4D,1,17,2998,,0,1051,,G,,F,4,132,,,15R205,,,,,,0,0,000000000,00000000000,0,0,0,1,0,0,0,0,0,0,0,999,0,0,0,6,8,2,25,0,0,0,1,36,10457,6,1,0,0,3,0,72,999,0,0,0,0,0,0,0,0,0,0,0,0,0,0,3,3,99,1,1,2,1,0,0,1,53,1,1,1,98,1,0
36,360712,1,1,2,1,9,20,40,35,0,1,0,36,2,20,4,20004,2,2000,1G1YY32G4Y51,1,G,1,Y,Y,3,2,G,4,Y,5,1,0,P,CHEV,CVT,CV,0,17,3248,,0,1045,,G,,F,8,350,,,17R245,,,,,,0,0,000000000,00000000000,0,0,0,1,0,0,0,0,0,0,0,123,0,1,5,6,6,2,1,0,0,0,1,36,13601,6,1,0,0,3,0,70,999,0,0,0,0,0,0,0,0,0,1,0,0,0,0,1,2,55,1,2,2,1,0,0,1,6,1,4,4,7,1,0
36,360713,1,1,1,22,7,20,48,8,0,1,1,44,3,34,35,34035,4,2007,WBANF73567CU,W,B,A,N,F,7,3,5,6,7,C,U,0,P,BMW,53X,4D,7,17,3638,,0,1137,,G,,F,6,182,,,17R225,,,,,,0,0,000000000,00000000000,0,0,0,1,0,0,0,0,0,0,0,999,0,0,0,11,8,3,8,0,0,0,1,36,11233,0,0,0,0,0,0,69,999,0,3,0,0,0,7,2009,8,2010,0,0,0,0,0,1,2,99,1,1,2,1,3,3,1,80,1,1,1,13,0,0
36,360714,1,2,1,22,8,18,14,12,6,1,0,36,2,53,705,53705,80,2004,JS1GR7JA9421,J,S,1,G,R,7,J,A,9,4,2,1,0,M,SUZI,SRK,RC,4,17,,,,,,,749,,4,,4,465,,,,,,,0,0,000000000,00000000000,0,0,0,1,0,0,0,0,0,0,0,999,0,0,0,12,6,2,12,0,0,0,1,36,11233,6,1,0,0,3,0,72,999,0,0,0,0,1,2,2011,2,2011,1,0,0,0,0,3,3,30,1,1,2,1,3,3,1,62,1,1,1,69,1,1
36,360714,2,2,1,22,8,18,14,12,6,1,0,36,1,42,401,42401,14,2001,4JGAB54E31A2,4,J,G,A,B,5,4,E,3,1,A,2,0,P,MERZ,ML3,UT,1,17,4586,,0,1110,,G,,F,6,195,,,16R255,,,,,,0,0,000000000,00000000000,0,0,0,1,0,0,0,0,0,0,0,999,0,0,0,81,8,3,12,0,0,0,1,36,11590,6,1,0,0,3,3,68,999,0,0,0,0,0,0,0,0,0,0,0,0,0,0,3,3,30,1,1,2,1,3,3,11,15,1,1,1,68,0,0
36,360715,1,2,1,31,8,14,40,12,6,1,0,36,1,9,20,9020,4,1997,3P3ES47C6VT5,3,P,3,E,S,4,7,C,6,V,T,5,0,P,PLYM,NHE,4D,97,17,2517,,0,1040,,G,,F,4,122,,,14R185,,,,,,0,0,000000000,00000000000,0,0,0,1,0,0,0,0,0,0,0,999,0,0,0,1,8,2,12,0,0,0,1,36,10705,6,1,0,0,3,0,68,999,0,0,0,0,0,0,0,0,0,0,48,0,0,0,1,4,99,1,2,2,1,3,3,11,15,1,1,2,68,1,0
36,360715,2,2,1,31,8,14,40,12,6,1,0,36,3,98,907,98907,52,2009,1VHHH3P27967,1,V,H,H,H,3,P,2,7,9,6,7,0,U,,,,9,17,,,,,,,,,,,,,,,,,,,0,88,888888888,88888888888,8,21,22,1,0,0,0,0,6,0,0,999,0,0,0,12,8,3,12,0,0,0,1,36,12548,6,1,6,1,3,0,73,999,0,0,0,0,1,9,2009,9,2009,0,0,0,0,0,1,4,99,1,2,2,1,3,3,1,66,1,1,1,69,0,0
36,360716,1,2,1,8,9,18,45,12,8,1,0,36,2,98,706,98706,80,2006,4MZAX14J6630,4,M,Z,A,X,1,4,J,6,6,3,0,0,U,,,,6,17,,,,,,,,,,,,,,,,,,,0,0,000000000,00000000000,0,0,0,1,0,0,0,0,0,0,0,999,0,0,0,62,8,2,12,0,0,0,1,36,13460,6,1,0,0,3,0,70,999,0,0,0,0,0,0,0,0,0,1,28,0,0,0,1,2,55,3,1,2,1,0,0,14,10,1,1,2,64,1,1
36,360716,2,2,2,8,9,18,45,12,8,1,0,36,1,20,22,20022,4,2010,1G1AF5F50A71,1,G,1,A,F,5,F,5,0,A,7,1,0,P,CHEV,BL2,4D,10,17,3216,,0,1033,,G,,F,4,134,,,17R205,,,,,,0,0,000000000,00000000000,0,0,0,1,0,0,0,0,0,0,0,999,0,0,0,62,8,1,12,0,0,0,1,36,13460,6,1,0,0,3,0,68,999,1,0,0,0,0,11,2011,11,2011,0,0,0,0,0,1,2,55,2,1,2,1,0,0,14,62,7,1,2,65,0,0
36,360717,1,1,6,8,9,3,8,5,0,1,0,36,2,21,20,21020,4,1996,1G3WH52M7TF3,1,G,3,W,H,5,2,M,7,T,F,3,0,P,OLDS,SUL,4D,96,17,3388,,0,1075,,G,,F,6,191,,,15R205,,,,,,0,0,000000000,00000000000,0,0,0,1,0,0,0,0,0,0,0,45,0,0,0,0,0,3,5,0,0,0,1,36,14482,6,1,0,0,3,0,71,999,0,7,0,0,0,8,2010,8,2012,0,0,0,0,0,1,2,55,1,1,2,1,0,0,1,98,1,1,1,0,1,0
36,360718,1,1,1,9,9,14,13,24,0,1,0,36,1,72,706,72706,80,1997,1HD1BRL12VY0,1,H,D,1,B,R,L,1,2,V,Y,0,0,M,HD,LTS,RS,97,17,,,,,,,1340,,2,,4,690,,,,,,,0,0,000000000,00000000000,0,0,0,1,0,0,0,0,0,0,0,999,0,0,0,12,8,2,24,0,0,0,1,36,12032,6,1,0,0,3,3,69,999,0,0,0,0,0,0,0,0,0,1,0,0,0,0,1,2,45,4,2,2,1,0,0,14,13,1,1,4,1,1,0
36,360719,1,2,1,9,9,15,30,12,2,1,0,36,2,18,3,18003,4,2004,1G4CW54K1441,1,G,4,C,W,5,4,K,1,4,4,1,0,P,BUIC,PKA,4D,4,17,3778,,0,1138,,G,,F,6,231,,,16R225,,,,,,0,0,000000000,00000000000,0,0,0,1,0,0,0,0,0,0,0,55,0,0,0,12,8,2,12,0,0,0,1,36,14720,6,1,0,0,3,3,68,999,0,0,0,0,0,0,0,0,0,0,28,0,0,0,1,2,55,1,2,2,1,0,0,1,10,1,1,2,50,1,0
36,360719,2,2,1,9,9,15,30,12,2,1,0,36,2,63,402,63402,14,2005,KNDJC7332553,K,N,D,J,C,7,3,3,2,5,5,3,0,P,KIA,SOR,UT,5,17,4306,,0,1067,,G,,F,6,213,,,16R245,,,,,,0,0,000000000,00000000000,0,0,0,1,0,0,0,0,0,0,0,45,0,0,0,12,8,2,12,0,0,0,1,36,13827,6,1,0,0,3,0,64,999,1,0,0,0,0,12,2011,12,2011,0,0,0,0,0,1,2,55,1,2,2,1,0,0,1,62,1,1,1,51,0,0