STATE,ST_CASE,VEH_NO,VE_FORMS,NUMOCCS,DAY,MONTH,HOUR,MINUTE,HARM_EV,MAN_COLL,UNITTYPE,HIT_RUN,REG_STAT,OWNER,MAKE,MODEL,MAK_MOD,BODY_TYP,MOD_YEAR,VIN,VIN_1,VIN_2,VIN_3,VIN_4,VIN_5,VIN_6,VIN_7,VIN_8,VIN_9,VIN_10,VIN_11,VIN_12,TOW_VEH,VINTYPE,VINMAKE,VINA_MOD,VIN_BT,VINMODYR,VIN_LNGT,VIN_WGT,WGTCD_TR,WHLBS_LG,WHLBS_SH,SER_TR,FUELCODE,MCYCL_DS,CARBUR,CYLINDER,DISPLACE,MCYCL_CY,MCYCL_WT,TIRE_SZE,TON_RAT,TRK_WT,TRKWTVAR,VIN_REST,WHLDRWHL,J_KNIFE,MCARR_I1,MCARR_I2,MCARR_ID,GVWR,V_CONFIG,CARGO_BT,HAZ_INV,HAZ_PLAC,HAZ_ID,HAZ_CNO,HAZ_REL,BUS_USE,SPEC_USE,EMER_USE,TRAV_SP,UNDERIDE,ROLLOVER,ROLINLOC,IMPACT1,DEFORMED,TOWED,M_HARM,VEH_SC1,VEH_SC2,FIRE_EXP,DR_PRES,L_STATE,DR_ZIP,L_STATUS,L_TYPE,CDL_STAT,L_ENDORS,L_COMPL,L_RESTRI,DR_HGT,DR_WGT,PREV_ACC,PREV_SUS,PREV_DWI,PREV_SPD,PREV_OTH,FIRST_MO,FIRST_YR,LAST_MO,LAST_YR,SPEEDREL,DR_SF1,DR_SF2,DR_SF3,DR_SF4,VTRAFWAY,VNUM_LAN,VSPD_LIM,VALIGN,VPROFILE,VPAVETYP,VSURCOND,VTRAFCON,VTCONT_F,P_CRASH1,P_CRASH2,P_CRASH3,PCRASH4,PCRASH5,ACC_TYPE,DEATHS,DR_DRINK
36,360822,1,1,1,10,10,21,1,8,0,1,0,36,1,54,35,54035,4,2002,19UUA56662A0,1,9,U,U,A,5,6,6,6,2,A,0,0,P,ACUR,32T,4D,2,17,3492,,0,1081,,G,,F,6,197,,,16R205,,,,,,0,0,000000000,00000000000,0,0,0,1,0,0,0,0,0,0,0,999,0,0,0,12,8,3,8,0,0,0,1,36,12428,6,1,0,0,3,0,73,999,0,0,0,0,0,0,0,0,0,0,0,0,0,0,1,2,55,1,1,2,2,0,0,1,80,1,1,1,13,0,0
36,360823,1,2,1,11,10,23,4,12,6,1,0,92,0,20,36,20036,2,1996,999999999999,9,9,9,9,9,9,9,9,9,9,9,9,0,,,,,,,,,,,,,,,,,,,,,,,,,0,0,000000000,00000000000,0,0,0,1,0,0,0,0,0,0,0,999,0,0,0,9,6,2,12,0,0,0,1,36,13754,1,1,1,0,2,3,75,999,0,1,0,0,0,7,2012,7,2012,0,38,0,0,0,3,2,55,3,1,2,1,0,0,16,19,1,1,1,89,1,1
36,360823,2,2,1,11,10,23,4,12,6,1,0,95,3,51,881,51881,63,2012,999999999999,9,9,9,9,9,9,9,9,9,9,9,9,1,U,,,,9,17,,,,,,,,,,,,,,,,,,,1,77,777777777,77777777777,3,4,1,1,0,0,0,0,0,0,0,999,0,0,0,12,8,2,12,0,0,0,1,95,0,9,9,99,9,9,9,999,999,99,99,99,99,99,99,9999,99,9999,0,0,0,0,0,3,2,55,3,1,2,1,0,0,14,68,98,1,1,88,0,0
36,360824,1,3,1,12,10,10,3,12,6,1,0,36,3,48,401,48401,14,2012,JF2SHAEC3CH4,J,F,2,S,H,A,E,C,3,C,H,4,0,P,SUBA,FOR,UT,12,17,3360,,0,0,,G,,F,4,152,,,000000,,,,,,0,0,000000000,00000000000,0,0,0,1,0,0,0,0,0,0,0,999,0,0,0,12,6,2,12,0,0,0,1,12,34119,6,1,0,0,3,0,67,999,0,0,0,0,1,6,2011,6,2011,0,28,0,0,0,1,2,55,1,1,2,2,0,0,1,10,1,1,2,64,1,0
36,360824,2,3,1,12,10,10,3,12,6,1,0,36,3,51,881,51881,66,2008,4V4NC9EJ18N2,4,V,4,N,C,9,E,J,1,8,N,2,1,T,VOLV,VNL,TR,8,17,,8,0,0,VVN,D,,,6,793,,,,,00000,00,,64,1,57,00157649,5700157649,3,6,2,1,0,0,0,0,0,0,0,999,0,0,0,63,8,2,12,0,0,0,1,36,14467,6,1,6,1,3,3,71,999,0,0,0,0,0,0,0,0,0,0,0,0,0,0,1,2,55,1,1,2,2,0,0,1,62,7,1,1,65,0,0
36,360824,3,3,1,12,10,10,3,12,6,1,0,36,1,54,421,54421,15,2001,2HNYD18281H5,2,H,N,Y,D,1,8,2,8,1,H,5,0,P,ACUR,MDX,UT,1,17,4323,,0,1063,,G,,F,6,212,,,17R235,,,,,,0,0,000000000,00000000000,0,0,0,1,0,0,0,0,0,0,0,999,0,0,0,12,6,2,12,0,0,0,1,36,14609,6,1,0,0,3,0,72,999,0,0,0,0,0,0,0,0,0,0,0,0,0,0,1,2,55,1,1,2,2,0,0,1,62,1,1,1,98,0,0
36,360825,1,1,3,13,10,0,10,42,0,1,0,36,2,34,34,34034,4,1997,WBACD3322VAV,W,B,A,C,D,3,3,2,2,V,A,V,0,P,BMW,28I,4D,97,17,3120,,0,1063,,G,,F,6,170,,,15R205,,,,,,0,0,000000000,00000000000,0,0,0,1,0,0,0,0,0,0,0,999,0,0,0,3,6,2,2,0,0,1,1,36,11976,6,1,0,0,3,0,65,999,0,0,0,1,2,11,2011,8,2012,1,83,0,0,0,1,2,30,1,1,2,1,0,0,1,87,7,1,4,1,1,0
36,360826,1,1,1,13,10,19,2,8,0,1,0,36,3,98,907,98907,52,2004,1VHBH3C21465,1,V,H,B,H,3,C,2,1,4,6,5,0,T,ONTR,,,4,17,,,,,,,,,,,,,,,,,,,0,99,999999999,99999999999,3,21,22,1,0,0,0,0,6,0,0,999,0,0,0,62,0,1,8,0,0,0,1,36,11520,6,1,6,0,3,0,73,999,0,0,0,0,0,0,0,0,0,0,38,0,0,0,5,4,30,1,1,2,1,3,3,11,80,1,1,1,13,0,0
36,360827,1,1,1,12,8,12,4,24,0,1,0,23,2,87,881,87881,66,2006,1XP7DB9XX6D6,1,X,P,7,D,B,9,X,X,6,D,6,1,T,PTRB,387,TR,6,17,,8,0,0,CON,D,,,6,893,,,,,00000,00,,64,3,57,294306,57294306,3,6,1,1,0,0,0,0,0,0,0,999,0,1,5,12,6,2,2,0,0,1,1,23,4736,6,1,6,1,3,0,72,999,0,0,0,1,1,5,2010,8,2010,0,0,0,0,0,3,2,65,1,2,2,1,0,0,1,10,1,1,4,6,1,0
36,360828,1,2,1,14,10,3,21,8,0,1,0,36,2,48,34,48034,6,2003,4S3BH686X376,4,S,3,B,H,6,8,6,X,3,7,6,0,P,SUBA,UBK,SW,3,17,3510,,0,1043,,G,,F,4,153,,,16R225,,,,,,0,0,000000000,00000000000,0,0,0,1,0,0,0,0,0,0,0,999,0,0,0,12,8,1,8,0,0,0,1,36,14424,6,1,0,0,3,0,68,999,0,0,0,0,0,0,0,0,0,0,86,0,0,0,3,2,55,1,2,2,2,0,0,1,80,1,1,1,13,0,0
36,360828,2,2,5,14,10,3,21,8,0,1,0,36,1,55,33,55033,4,2003,KMHWF25S93A7,K,M,H,W,F,2,5,S,9,3,A,7,0,P,HYUN,SOL,4D,3,17,3181,,0,1063,,G,,F,4,143,,,15R205,,,,,,0,0,000000000,00000000000,0,0,0,1,0,0,0,0,0,0,0,999,0,0,0,14,0,1,8,0,0,0,1,36,13165,6,1,0,0,3,0,70,999,0,0,0,0,0,0,0,0,0,0,86,0,0,0,3,2,55,1,2,2,2,0,0,1,80,1,1,1,98,0,0
36,360829,1,1,1,15,10,16,38,31,0,1,0,36,1,2,404,2404,14,2007,1J8HR58N67C6,1,J,8,H,R,5,8,N,6,7,C,6,0,T,JEEP,LMT,4W,7,17,,2,0,1095,GCK,G,,,8,287,,,,,4580,00,7,44,0,0,000000000,00000000000,0,0,0,1,0,0,0,0,0,0,0,999,0,1,5,12,6,2,1,0,0,0,1,36,12760,6,1,0,0,3,3,77,999,0,0,0,0,0,0,0,0,0,1,0,0,0,0,1,2,55,3,2,2,2,0,0,14,13,1,1,4,1,1,0
36,360830,1,1,1,15,10,17,49,8,0,1,0,36,3,20,870,20870,55,2012,1GB3G2BG0C11,1,G,B,3,G,2,B,G,0,C,1,1,0,T,CHEV,CT3,YY,12,17,,3,0,1390,ETV,F,,,8,366,,,,D,4496,00,,42,0,77,777777777,77777777777,2,20,22,1,0,0,0,0,1,0,0,999,0,0,0,12,0,1,8,0,0,0,1,36,11377,6,1,6,1,3,3,67,999,1,0,0,0,1,4,2011,3,2012,0,86,38,0,0,1,2,30,1,2,2,2,2,3,11,80,1,1,2,13,0,0
36,360831,1,1,3,13,10,14,34,9,0,1,0,36,1,14,8,14008,6,1964,4H34F587133,4,H,3,4,F,5,8,7,1,3,3,,0,P,,,,,,,,,,,,,,,,,,,,,,,,0,0,000000000,00000000000,0,0,0,1,0,0,0,0,0,0,0,999,0,0,0,12,8,3,9,0,0,0,1,36,13732,6,1,6,0,3,3,70,999,1,0,0,0,0,5,2011,5,2011,0,27,0,0,0,1,2,55,1,1,2,1,0,0,1,13,1,1,4,13,0,0
36,360832,1,2,2,11,10,12,30,12,2,1,0,17,3,82,881,82881,66,2006,1FUJA6CK76LX,1,F,U,J,A,6,C,K,7,6,L,X,1,T,FRHT,COL,TR,6,17,,8,0,0,CON,D,,,6,855,,,,,00000,00,,64,1,57,1062727,571062727,3,6,1,1,0,0,0,0,0,0,0,999,0,0,0,12,8,2,12,0,0,0,1,36,13033,6,1,6,1,3,0,72,999,0,0,0,0,0,0,0,0,0,0,28,0,0,0,2,2,45,1,1,2,1,0,0,1,10,1,1,2,50,0,0
36,360832,2,2,2,11,10,12,30,12,2,1,0,36,1,37,441,37441,20,2009,5FNRL38489B0,5,F,N,R,L,3,8,4,8,9,B,0,0,P,HOND,UDY,SV,9,17,4475,,0,1181,,G,,F,6,214,,,16R235,,,,,,0,0,000000000,00000000000,0,0,0,1,0,0,0,0,0,0,0,999,0,0,0,12,6,2,12,0,0,0,1,36,14226,6,1,0,0,3,3,71,999,0,0,0,0,0,0,0,0,0,0,0,0,0,0,2,2,45,1,1,2,1,0,0,1,62,1,1,1,51,2,0
36,360833,1,1,3,18,10,19,22,8,0,1,0,36,2,6,43,6043,4,2007,1C3LC46K67N6,1,C,3,L,C,4,6,K,6,7,N,6,0,P,CHRY,SEB,4D,7,17,3201,,0,1089,,G,,F,4,144,,,16R215,,,,,,0,0,000000000,00000000000,0,0,0,1,0,0,0,0,0,0,0,999,0,0,0,12,8,3,8,0,0,0,1,36,14215,6,1,0,0,3,3,76,999,0,0,0,0,1,12,2011,12,2011,0,86,87,0,0,1,4,30,1,1,2,2,3,3,1,80,1,1,1,13,0,0
36,360834,1,2,1,18,10,19,15,12,2,1,0,36,1,12,481,12481,31,2004,1FTRX14W44NA,1,F,T,R,X,1,4,W,4,4,N,A,0,T,FORD,F15,4C,4,17,,2,1450,1260,COF,G,,,8,281,,,,B,5480,00,U,44,0,0,000000000,00000000000,0,0,0,1,0,0,0,0,0,0,0,999,0,0,0,12,6,2,12,0,0,0,1,36,13760,6,1,0,0,3,3,69,999,0,0,0,0,0,0,0,0,0,0,33,28,0,0,1,2,55,1,1,2,1,28,3,6,54,1,1,2,50,0,0
36,360834,2,2,2,18,10,19,15,12,2,1,0,36,1,55,36,55036,4,2011,KMHCN4AC7BU6,K,M,H,C,N,4,A,C,7,B,U,6,0,P,HYUN,ALS,4D,11,17,2365,,0,0,,G,,F,4,098,,,000000,,,,,,0,0,000000000,00000000000,0,0,0,1,0,0,0,0,0,0,0,999,0,0,0,12,6,2,12,0,0,0,1,36,13679,6,1,0,0,3,0,71,999,0,0,0,0,0,0,0,0,0,0,0,0,0,0,1,2,55,1,1,2,1,28,3,1,62,1,1,1,51,1,0
36,360835,1,1,2,17,10,0,6,24,0,1,0,36,1,20,401,20401,14,2002,1GNCT18W22K1,1,G,N,C,T,1,8,W,2,2,K,1,0,P,CHEV,BZR,UT,2,17,3869,,0,1005,,G,,F,6,262,,,000000,,,,,,0,0,000000000,00000000000,0,0,0,1,0,0,0,0,0,0,0,999,0,1,1,61,6,2,2,0,0,1,1,36,13760,6,1,0,0,3,0,64,999,0,0,0,0,0,0,0,0,0,1,0,0,0,0,1,2,55,1,1,2,1,0,0,1,12,1,1,4,6,2,1
36,360836,1,2,2,19,10,17,40,12,7,1,0,36,1,12,17,12017,4,2011,1FAHP2EW1BG1,1,F,A,H,P,2,E,W,1,B,G,1,0,P,FORD,TEL,4D,11,17,4015,,0,0,,G,,F,6,214,,,18R235,,,,,,0,0,000000000,00000000000,0,0,0,1,0,0,0,0,0,0,0,999,0,0,0,61,6,2,25,0,0,0,1,36,11421,6,1,0,0,3,0,66,999,0,0,0,0,0,0,0,0,0,1,0,0,0,0,1,3,30,1,1,2,2,0,0,1,10,1,1,2,45,1,0
36,360836,2,2,1,19,10,17,40,12,7,1,0,36,2,12,3,12003,2,2005,1ZVHT82H4551,1,Z,V,H,T,8,2,H,4,5,5,1,0,P,FORD,MGT,CP,5,17,3450,,0,1071,,G,,F,8,280,,,17R235,,,,,,0,0,000000000,00000000000,0,0,0,1,0,0,0,0,0,0,0,999,0,0,0,1,8,2,12,0,0,0,1,36,11378,6,1,0,0,3,0,68,999,0,0,0,2,1,9,2011,8,2012,1,0,0,0,0,1,3,30,1,1,2,2,0,0,15,60,1,1,1,47,0,0
36,360837,1,2,1,20,10,10,54,12,1,1,0,36,2,73,709,73709,80,2009,JKAEXEC159DA,J,K,A,E,X,E,C,1,5,9,D,A,0,M,KAWK,E6C,RC,9,17,,,,,,,649,,2,,4,441,,,,,,,0,0,000000000,00000000000,0,0,0,1,0,0,0,0,0,0,0,999,0,0,0,12,8,2,12,0,0,0,1,36,11725,0,0,0,0,0,0,999,999,99,99,99,99,99,99,9999,99,9999,0,0,0,0,0,3,3,55,1,1,2,1,0,0,1,56,1,1,1,93,1,0
36,360837,2,2,1,20,10,10,54,12,1,1,0,36,1,37,32,37032,4,2009,1HGCP26369A0,1,H,G,C,P,2,6,3,6,9,A,0,0,P,HOND,ULX,4D,9,17,3230,,0,1102,,G,,F,4,146,,,16R215,,,,,,0,0,000000000,00000000000,0,0,0,1,0,0,0,0,0,0,0,999,0,0,0,6,8,3,12,0,0,0,1,36,11727,6,1,0,0,3,3,65,999,1,0,0,0,0,9,2010,9,2010,0,31,0,0,0,3,3,55,1,1,2,1,0,0,13,53,1,1,1,92,0,0
36,360838,1,1,1,19,10,19,33,8,0,1,0,36,1,34,34,34034,4,2011,WBAPK5C53BA9,W,B,A,P,K,5,C,5,3,B,A,9,0,P,BMW,2XS,4D,11,17,3649,,0,1087,,G,,F,6,183,,,16R205,,,,,,0,0,000000000,00000000000,0,0,0,1,0,0,0,0,0,0,0,999,0,0,0,12,8,3,8,0,0,0,1,36,10506,6,1,0,0,3,0,68,999,0,0,0,0,0,0,0,0,0,0,0,0,0,0,1,2,40,1,1,2,2,0,0,1,80,1,1,1,13,0,0
36,360839,1,1,1,20,10,6,8,21,0,1,0,51,2,13,421,13421,15,2001,999999999999,9,9,9,9,9,9,9,9,9,9,9,9,0,U,,,,9,17,,,,,,,,,,,,,,,,,,,0,0,000000000,00000000000,0,0,0,1,0,0,0,0,0,0,0,999,0,0,0,12,8,2,21,0,0,0,1,36,11693,0,0,0,0,0,0,999,999,99,99,99,99,99,99,9999,99,9999,1,87,0,0,0,3,2,25,4,1,2,2,0,0,14,6,1,7,4,7,1,1
36,360840,1,1,1,20,10,14,25,8,0,1,0,36,1,35,47,35047,4,2002,1N4AL11E82C2,1,N,4,A,L,1,1,E,8,2,C,2,0,P,NISS,ABS,4D,2,17,2920,,0,1102,,G,,F,4,153,,,16R205,,,,,,0,0,000000000,00000000000,0,0,0,1,0,0,0,0,0,0,0,999,0,0,0,1,0,1,8,0,0,0,1,36,11352,6,1,0,0,3,3,64,999,0,0,0,0,0,0,0,0,0,0,86,0,0,0,3,3,30,1,1,2,1,0,0,1,80,1,1,1,13,0,0
36,360841,1,1,4,20,10,6,0,8,0,1,1,36,2,49,402,49402,14,2007,JTMBD33V4760,J,T,M,B,D,3,3,V,4,7,6,0,0,P,TOYT,RG4,UT,7,17,3444,,0,1047,,G,,F,4,144,,,16R215,,,,,,0,0,000000000,00000000000,0,0,0,1,0,0,0,0,0,0,0,999,0,0,0,12,8,3,8,0,0,0,1,36,10920,6,1,0,0,3,3,70,999,0,0,0,0,0,0,0,0,0,0,0,0,0,0,3,2,99,3,2,2,1,0,0,14,13,1,1,4,1,0,0
36,360842,1,3,1,21,10,15,8,12,1,1,0,36,1,6,51,6051,4,2007,2C3KA63H87H8,2,C,3,K,A,6,3,H,8,7,H,8,0,P,CHRY,30C,4D,7,17,3998,,0,1200,,G,,F,8,348,,,18R225,,,,,,0,0,000000000,00000000000,0,0,0,1,0,0,0,0,0,0,0,999,0,0,0,12,6,2,12,0,0,0,1,36,14086,6,1,0,0,3,0,69,999,0,0,0,1,0,7,2011,7,2011,0,28,0,0,0,1,2,55,1,1,2,1,0,0,1,50,6,1,1,20,0,0
36,360842,2,3,1,21,10,15,8,12,1,1,0,36,2,20,403,20403,14,2007,1GNDT13S7721,1,G,N,D,T,1,3,S,7,7,2,1,0,P,CHEV,TRL,UT,7,17,4523,,0,1130,,G,,F,6,256,,,17R245,,,,,,0,0,000000000,00000000000,0,0,0,1,0,0,0,0,0,0,0,0,0,0,0,6,8,1,12,0,0,0,1,36,14040,6,1,0,0,3,0,60,999,0,0,0,0,0,0,0,0,0,0,0,0,0,0,1,2,55,1,1,2,1,0,0,5,53,1,1,1,21,0,0
36,360842,3,3,3,21,10,15,8,12,1,1,0,36,1,49,402,49402,14,2006,JTMBD31V7650,J,T,M,B,D,3,1,V,7,6,5,0,0,P,TOYT,RG4,UT,6,17,3512,,0,1050,,G,,F,4,144,,,17R225,,,,,,0,0,000000000,00000000000,0,0,0,1,0,0,0,0,0,0,0,999,0,0,0,12,6,2,12,0,0,0,1,36,13027,6,1,0,0,3,0,73,999,0,0,0,0,0,0,0,0,0,0,0,0,0,0,1,2,55,1,1,2,1,0,0,1,62,1,1,1,98,1,0
36,360843,1,1,1,19,10,6,16,14,0,1,0,36,1,55,402,55402,14,2007,KM8JN72D17U6,K,M,8,J,N,7,2,D,1,7,U,6,0,P,HYUN,TUC,UT,7,17,3548,,0,1035,,G,,F,6,162,,,16R235,,,,,,0,0,000000000,00000000000,0,0,0,1,0,0,0,0,0,0,0,999,0,0,0,12,8,2,14,0,0,0,1,36,10310,6,1,6,0,3,3,68,999,0,0,0,0,0,0,0,0,0,1,0,0,0,0,4,1,99,1,1,2,2,0,0,1,6,1,7,4,7,1,0
36,360844,1,1,1,21,10,13,15,8,0,1,1,99,9,99,999,99999,99,9999,999999999999,9,9,9,9,9,9,9,9,9,9,9,9,0,,,,,,,,,,,,,,,,,,,,,,,,,0,0,000000000,00000000000,0,0,0,1,0,0,0,0,0,0,0,999,0,0,0,12,9,1,8,0,0,0,1,99,99999,9,9,99,9,9,9,999,999,99,99,99,99,99,99,9999,99,9999,9,86,0,0,0,1,2,99,1,1,2,1,3,3,1,80,1,1,1,13,0,0
36,360845,1,1,1,23,10,23,0,8,0,1,0,36,2,41,51,41051,4,2012,JM1BL1L42C15,J,M,1,B,L,1,L,4,2,C,1,5,0,P,MAZD,MS3,4H,12,17,3281,,0,1039,,G,,T,4,140,,,18R225,,,,,,0,0,000000000,00000000000,0,0,0,1,0,0,0,0,0,0,0,999,0,0,0,12,8,1,8,0,0,0,1,36,11354,6,1,0,0,3,3,67,999,0,0,0,0,0,0,0,0,0,0,38,86,0,0,1,2,99,1,1,2,2,0,0,1,80,1,1,1,13,0,0
36,360846,1,1,1,23,10,19,52,8,0,1,1,36,1,2,404,2404,14,2004,1J4GW48SX4C3,1,J,4,G,W,4,8,S,X,4,C,3,0,T,JEEP,LCF,4W,4,17,,1,0,1059,GCK,G,,,6,244,,,,,3888,02,E,44,0,0,000000000,00000000000,0,0,0,1,0,0,0,0,0,0,0,999,0,0,0,12,8,1,8,0,0,0,1,36,11954,6,1,0,0,3,0,73,999,0,0,0,0,0,0,0,0,0,9,86,0,0,0,1,2,30,1,1,2,1,0,0,1,80,99,1,1,13,0,0
36,360847,1,1,2,24,10,5,24,42,0,1,0,36,2,58,37,58037,4,2003,JNKCV51E53M3,J,N,K,C,V,5,1,E,5,3,M,3,0,P,INFI,G35,4D,3,17,3336,,0,1122,,G,,F,6,214,,,16R205,,,,,,0,0,000000000,00000000000,0,0,0,1,0,0,0,0,0,0,0,45,0,0,0,12,8,2,42,0,0,0,1,36,11520,6,1,0,0,3,0,69,999,0,0,0,0,1,1,2011,1,2011,0,0,0,0,0,1,4,30,1,1,2,2,0,0,1,13,1,1,4,1,1,1
36,360848,1,2,2,21,10,14,56,12,6,1,0,36,1,37,32,37032,2,2007,1HGCM82677A0,1,H,G,C,M,8,2,6,7,7,A,0,0,P,HOND,UEX,CP,7,17,3360,,0,1051,,G,,F,6,183,,,17R215,,,,,,0,0,000000000,00000000000,0,0,0,1,0,0,0,0,0,0,0,999,0,0,0,62,6,2,12,0,0,0,1,36,12118,6,1,0,0,3,0,66,999,0,0,0,0,0,0,0,0,0,0,38,0,0,0,1,2,55,1,2,2,2,20,3,99,19,1,1,1,89,1,0
36,360848,2,2,1,21,10,14,56,12,6,1,0,5,3,87,881,87881,66,2003,1XP7DB9XX3D5,1,X,P,7,D,B,9,X,X,3,D,5,1,T,PTRB,387,TR,3,17,,8,0,0,CON,D,,,6,893,,,,,00000,00,,64,1,57,2108568,572108568,3,6,1,1,0,0,0,0,0,0,0,999,0,0,0,12,8,2,12,0,0,0,1,5,72764,6,1,6,1,3,3,74,999,0,0,0,0,0,0,0,0,0,0,0,0,0,0,1,2,55,1,2,2,2,0,0,1,68,1,1,1,88,0,0
36,360849,1,1,1,22,10,3,6,34,0,1,0,36,2,7,482,7482,31,1996,1B7HF16Y6TS5,1,B,7,H,F,1,6,Y,6,T,S,5,0,T,DODG,150,PK,96,17,,2,1347,1187,RPC,G,,,8,318,,,,B,4512,01,M,44,0,0,000000000,00000000000,0,0,0,1,0,0,0,0,0,0,0,82,0,1,5,12,6,2,1,0,0,0,1,36,14532,6,1,0,0,3,0,74,999,0,0,0,0,0,0,0,0,0,0,0,0,0,0,1,2,55,4,2,2,1,0,0,14,13,1,1,4,1,1,0
36,360850,1,1,1,25,10,23,17,30,0,1,0,36,2,39,34,39034,4,2000,SAJDA01D1YGL,S,A,J,D,A,0,1,D,1,Y,G,L,0,P,JAGU,STP,4D,0,17,3770,,0,1145,,G,,F,8,244,,,16R225,,,,,,0,0,000000000,00000000000,0,0,0,1,0,0,0,0,0,0,0,999,0,0,0,12,6,2,30,0,0,0,1,36,10469,6,1,0,0,3,0,67,999,1,3,0,1,0,1,2010,12,2011,1,0,0,0,0,1,4,99,1,1,2,1,3,3,1,13,1,1,4,1,1,1
36,360851,1,1,1,26,10,6,12,8,0,1,0,36,1,58,39,58039,6,2009,JNRBS18W59M2,J,N,R,B,S,1,8,W,5,9,M,2,0,P,INFI,IFX,UT,9,17,4575,,0,0,,G,,F,8,305,,,000000,,,,,,0,0,000000000,00000000000,0,0,0,1,0,0,0,0,0,0,0,999,0,0,0,12,8,1,8,0,0,0,1,36,11228,6,1,0,0,3,3,77,999,0,0,0,0,0,0,0,0,0,0,0,0,0,0,3,3,30,1,1,2,1,0,0,1,80,1,1,1,13,1,0
36,360852,1,2,1,26,10,19,35,12,2,1,0,39,3,84,881,84881,63,2005,1HTMMAAN85H1,1,H,T,M,M,A,A,N,8,5,H,1,1,T,INTL,430,CC,5,17,,7,0,0,40S,D,,,6,466,,,,,00000,00,,42,1,57,1441260,571441260,3,4,9,1,0,0,0,0,0,0,0,999,0,0,0,12,8,2,12,0,0,0,1,26,49269,6,1,6,1,3,3,75,999,1,0,0,0,0,3,2011,3,2011,0,0,0,0,0,3,2,65,1,1,2,1,0,0,1,54,1,1,1,51,0,0
36,360852,2,2,1,26,10,19,35,12,2,1,0,36,1,48,401,48401,14,2012,JF2SHABC8CH4,J,F,2,S,H,A,B,C,8,C,H,4,0,P,SUBA,FOR,UT,12,17,3250,,0,0,,G,,F,4,152,,,000000,,,,,,0,0,000000000,00000000000,0,0,0,1,0,0,0,0,0,0,0,999,0,0,0,12,8,2,12,0,0,0,1,36,14845,6,1,0,0,3,3,72,999,0,2,0,0,0,4,2012,4,2012,0,39,50,0,0,3,2,65,1,1,2,1,0,0,1,54,1,1,1,50,1,0
36,360853,1,1,1,26,10,18,28,30,0,1,0,36,1,59,31,59031,4,2011,JTHBK1EG5B24,J,T,H,B,K,1,E,G,5,B,2,4,0,P,LEXS,E35,4D,11,17,3605,,0,1093,,G,,F,6,213,,,17R215,,,,,,0,0,000000000,00000000000,0,0,0,1,0,0,0,0,0,0,0,999,0,0,0,12,6,2,30,0,0,0,1,36,11554,6,1,0,0,3,3,69,999,0,0,0,0,0,0,0,0,0,0,0,0,0,0,1,4,40,1,1,2,1,0,0,1,13,1,1,4,1,1,0
36,360854,1,1,1,26,10,15,20,1,0,1,0,36,1,72,706,72706,80,2006,1HD1BWB136Y0,1,H,D,1,B,W,B,1,3,6,Y,0,0,M,HD,FSI,RS,6,17,,,,,,,1450,,2,,4,719,,,,,,,0,0,000000000,00000000000,0,0,0,1,0,0,0,0,0,0,0,999,0,0,0,0,6,2,24,0,0,0,1,36,13682,6,1,0,0,3,3,66,999,0,0,0,0,0,0,0,0,0,0,52,0,0,0,1,2,55,3,2,2,1,0,0,14,13,1,1,1,98,1,0
36,360855,1,1,2,27,10,22,15,9,0,1,0,36,2,37,31,37031,4,2008,1HGFA16588L0,1,H,G,F,A,1,6,5,8,8,L,0,0,P,HOND,UCL,4D,8,17,2751,,0,1063,,G,,F,4,110,,,16R205,,,,,,0,0,000000000,00000000000,0,0,0,1,0,0,0,0,0,0,0,999,0,0,0,12,8,3,9,0,0,0,1,36,11003,1,1,0,0,2,3,74,999,0,6,0,0,2,11,2010,7,2011,0,86,38,0,0,1,4,30,1,1,2,1,3,3,1,83,4,1,1,13,0,0
36,360856,1,1,1,28,10,1,33,11,0,1,0,36,1,12,471,12471,30,1990,1FTCR10A3LUB,1,F,T,C,R,1,0,A,3,L,U,B,0,T,FORD,RNG,PK,90,17,,1,1140,1080,RNG,G,,,4,140,,,,B,2674,01,A,42,0,0,000000000,00000000000,0,0,0,1,0,0,0,0,0,0,0,999,0,0,0,12,8,2,11,0,0,0,1,36,12083,6,1,0,0,3,0,70,999,0,0,0,0,0,0,0,0,0,0,83,0,0,0,1,2,55,1,3,2,1,0,0,1,87,4,1,1,13,1,1
36,360857,1,1,1,29,10,17,18,34,0,1,0,36,2,20,461,20461,29,2003,1GCGG25VX312,1,G,C,G,G,2,5,V,X,3,1,2,0,T,CHEV,E25,CG,3,17,,2,0,1350,EXP,G,,,8,293,,,,C,5017,00,,42,0,0,000000000,00000000000,0,0,0,1,0,0,0,0,0,0,0,999,0,1,5,12,6,2,1,0,0,0,1,36,13028,6,1,0,0,3,3,71,999,0,0,0,0,0,0,0,0,0,0,87,0,0,0,1,2,55,1,1,2,2,0,0,1,13,1,1,4,1,1,0
36,360858,1,1,3,28,10,17,55,32,0,1,0,36,1,21,21,21021,4,2003,1G3NL52E93C1,1,G,3,N,L,5,2,E,9,3,C,1,0,P,OLDS,A/G,4D,3,17,3016,,0,1070,,G,,F,6,207,,,15R215,,,,,,0,0,000000000,00000000000,0,0,0,1,0,0,0,0,0,0,0,999,0,1,5,12,6,2,1,0,0,0,1,36,14094,6,1,0,0,3,0,66,999,0,0,0,0,0,0,0,0,0,0,0,0,0,0,1,2,55,1,1,2,2,0,0,1,12,1,1,4,6,1,0