STATE,ST_CASE,VEH_NO,VE_FORMS,NUMOCCS,DAY,MONTH,HOUR,MINUTE,HARM_EV,MAN_COLL,UNITTYPE,HIT_RUN,REG_STAT,OWNER,MAKE,MODEL,MAK_MOD,BODY_TYP,MOD_YEAR,VIN,VIN_1,VIN_2,VIN_3,VIN_4,VIN_5,VIN_6,VIN_7,VIN_8,VIN_9,VIN_10,VIN_11,VIN_12,TOW_VEH,VINTYPE,VINMAKE,VINA_MOD,VIN_BT,VINMODYR,VIN_LNGT,VIN_WGT,WGTCD_TR,WHLBS_LG,WHLBS_SH,SER_TR,FUELCODE,MCYCL_DS,CARBUR,CYLINDER,DISPLACE,MCYCL_CY,MCYCL_WT,TIRE_SZE,TON_RAT,TRK_WT,TRKWTVAR,VIN_REST,WHLDRWHL,J_KNIFE,MCARR_I1,MCARR_I2,MCARR_ID,GVWR,V_CONFIG,CARGO_BT,HAZ_INV,HAZ_PLAC,HAZ_ID,HAZ_CNO,HAZ_REL,BUS_USE,SPEC_USE,EMER_USE,TRAV_SP,UNDERIDE,ROLLOVER,ROLINLOC,IMPACT1,DEFORMED,TOWED,M_HARM,VEH_SC1,VEH_SC2,FIRE_EXP,DR_PRES,L_STATE,DR_ZIP,L_STATUS,L_TYPE,CDL_STAT,L_ENDORS,L_COMPL,L_RESTRI,DR_HGT,DR_WGT,PREV_ACC,PREV_SUS,PREV_DWI,PREV_SPD,PREV_OTH,FIRST_MO,FIRST_YR,LAST_MO,LAST_YR,SPEEDREL,DR_SF1,DR_SF2,DR_SF3,DR_SF4,VTRAFWAY,VNUM_LAN,VSPD_LIM,VALIGN,VPROFILE,VPAVETYP,VSURCOND,VTRAFCON,VTCONT_F,P_CRASH1,P_CRASH2,P_CRASH3,PCRASH4,PCRASH5,ACC_TYPE,DEATHS,DR_DRINK
36,360895,1,2,4,19,11,7,5,12,6,1,0,36,2,32,43,32043,4,1999,WAUED28D8XA3,W,A,U,E,D,2,8,D,8,X,A,3,0,P,AUDI,42Q,4D,99,17,3296,,0,1026,,G,,F,6,169,,,16R205,,,,,,0,0,000000000,00000000000,0,0,0,1,0,0,0,0,0,0,0,999,0,1,5,9,6,2,1,0,0,0,1,36,12589,6,1,0,0,3,0,70,999,1,0,0,0,1,6,2011,7,2011,0,27,0,0,0,1,2,55,1,2,2,1,0,0,6,8,7,3,2,64,1,0
36,360895,2,2,1,19,11,7,5,12,6,1,0,36,1,20,37,20037,4,2005,1G1ZT62865F1,1,G,1,Z,T,6,2,8,6,5,F,1,0,P,CHEV,XLS,4D,5,17,3476,,0,1123,,G,,F,6,214,,,16R215,,,,,,0,0,000000000,00000000000,0,0,0,1,0,0,0,0,0,0,0,999,0,0,0,12,8,2,12,0,0,0,1,36,12550,6,1,0,0,3,3,75,999,0,0,0,0,0,0,0,0,0,0,0,0,0,0,1,2,55,1,2,2,1,0,0,1,54,1,1,1,65,0,0
36,360896,1,1,3,19,11,13,17,1,0,1,0,36,2,12,471,12471,30,2002,1FTZR45E62TA,1,F,T,Z,R,4,5,E,6,2,T,A,0,T,FORD,RNS,4C,2,17,,1,0,1259,RNG,G,,,6,245,,,,B,3760,03,E,44,0,0,000000000,00000000000,0,0,0,1,0,0,0,0,0,0,0,999,0,2,5,0,6,2,1,0,0,0,1,36,12834,6,1,0,0,3,0,63,999,1,0,0,0,0,8,2010,8,2010,1,0,0,0,0,1,2,40,2,2,2,4,0,0,14,6,1,4,4,7,1,0
36,360897,1,2,1,12,11,12,7,12,6,1,0,36,2,37,441,37441,20,2002,2HKRL18692H5,2,H,K,R,L,1,8,6,9,2,H,5,0,P,HOND,UDY,SV,2,17,4354,,0,1181,,G,,F,6,212,,,16R225,,,,,,0,0,000000000,00000000000,0,0,0,1,0,0,0,0,0,0,0,999,0,0,0,12,6,2,12,0,0,0,1,36,14469,6,1,0,0,3,0,69,999,1,2,0,0,1,4,2010,12,2011,0,28,0,0,0,1,2,55,4,1,2,1,0,0,14,10,1,1,2,64,0,0
36,360897,2,2,2,12,11,12,7,12,6,1,0,36,3,23,999,23999,99,2009,999999999999,9,9,9,9,9,9,9,9,9,9,9,9,0,,,,,,,,,,,,,,,,,,,,,,,,,0,0,000000000,00000000000,0,0,0,1,0,0,0,0,0,0,0,999,0,0,0,63,8,1,8,0,0,0,1,36,14522,6,1,0,0,3,0,63,999,0,0,0,1,1,5,2010,11,2010,0,0,0,0,0,1,2,55,4,1,2,1,0,0,14,62,1,1,1,65,0,0
36,360898,1,1,2,19,11,15,22,14,0,1,0,12,2,49,40,49040,4,2006,999999999999,9,9,9,9,9,9,9,9,9,9,9,9,0,U,,,,9,17,,,,,,,,,,,,,,,,,,,0,0,000000000,00000000000,0,0,0,1,0,0,0,0,0,0,0,999,0,0,0,12,8,3,8,0,0,0,1,36,14611,6,1,0,0,3,0,63,999,0,0,0,0,0,0,0,0,0,0,38,86,85,0,1,2,30,1,1,2,1,0,0,11,15,7,1,2,11,0,0
36,360899,1,1,1,17,11,21,28,8,0,1,0,36,2,35,43,35043,4,2006,3N1CB51D86L4,3,N,1,C,B,5,1,D,8,6,L,4,0,P,NISS,S18,4D,6,17,2509,,0,998,,G,,F,4,108,,,15R195,,,,,,0,0,000000000,00000000000,0,0,0,1,0,0,0,0,0,0,0,999,0,0,0,12,8,1,8,0,0,0,1,36,14504,6,1,0,0,3,0,66,999,1,0,0,0,0,12,2010,12,2010,0,0,0,0,0,1,2,55,1,1,2,1,0,0,1,80,1,1,1,13,0,0
36,360900,1,2,2,19,11,15,45,12,6,1,0,36,1,20,20,20020,4,1997,2G1WL52M9V93,2,G,1,W,L,5,2,M,9,V,9,3,0,P,CHEV,L/S,4D,97,17,3360,,0,1075,,G,,F,6,191,,,15R205,,,,,,0,0,000000000,00000000000,0,0,0,1,0,0,0,0,0,0,0,999,0,0,0,12,8,2,12,0,0,0,1,36,14847,6,1,0,0,3,3,69,999,0,0,0,1,0,4,2011,4,2011,0,28,0,0,0,1,2,30,2,1,2,1,0,0,14,10,1,1,2,64,1,0
36,360900,2,2,1,19,11,15,45,12,6,1,0,36,3,90,981,90981,50,2009,1BAKFCKA79F2,1,B,A,K,F,C,K,A,7,9,F,2,0,T,BLUI,,,9,17,,,,,,,,,,,,,,,,,,,0,57,401506,57401506,2,21,22,1,0,0,0,0,1,0,0,999,0,0,0,61,8,1,12,0,0,0,1,36,14886,6,1,6,0,3,0,63,999,1,0,0,0,0,4,2010,4,2010,0,0,0,0,0,1,2,30,3,1,2,1,0,0,14,62,1,1,1,65,0,0
36,360901,1,1,1,20,11,7,51,49,0,1,0,36,1,30,40,30040,4,2012,3VWLL7AJ9CM0,3,V,W,L,L,7,A,J,9,C,M,0,0,P,VOLK,JTD,4D,12,17,3210,,0,0,,D,,T,4,120,,,000000,,,,,,0,0,000000000,00000000000,0,0,0,1,0,0,0,0,0,0,0,999,0,0,0,12,8,2,49,0,0,0,1,36,13367,6,1,0,0,3,0,68,999,1,0,0,0,0,12,2011,12,2011,0,26,86,0,0,1,2,55,1,2,2,1,0,0,1,98,1,1,1,13,0,0
36,360902,1,1,2,20,11,22,53,41,0,1,0,92,0,99,739,99739,90,9999,999999999999,9,9,9,9,9,9,9,9,9,9,9,9,0,U,,,,9,17,,,,,,,,,,,,,,,,,,,0,0,000000000,00000000000,0,0,0,1,0,0,0,0,0,0,0,999,0,0,0,12,8,2,41,0,0,0,1,36,14806,6,2,0,0,3,0,69,999,0,0,0,0,0,0,0,0,0,0,0,0,0,0,1,2,40,2,6,2,1,0,0,14,12,1,1,4,6,1,0
36,360903,1,3,1,20,11,17,56,12,2,1,0,36,2,35,49,35049,1,2007,JN8AZ08W07W6,J,N,8,A,Z,0,8,W,0,7,W,6,0,P,NISS,MUR,UT,7,17,3855,,0,1112,,G,,F,6,213,,,000000,,,,,,0,0,000000000,00000000000,0,0,0,1,0,0,0,0,0,0,0,999,0,1,1,12,6,2,1,0,0,0,1,36,13140,6,1,0,0,3,0,64,999,0,0,0,0,0,0,0,0,0,0,28,0,0,0,1,2,55,2,1,2,1,0,0,14,10,1,1,2,50,1,0
36,360903,2,3,2,20,11,17,56,12,2,1,0,36,3,84,981,84981,50,2008,4DRBUAFN88B5,4,D,R,B,U,A,F,N,8,8,B,5,0,U,,,,8,17,,,,,,,,,,,,,,,,,,,0,77,777777777,77777777777,3,21,22,1,0,0,0,0,1,0,0,999,0,0,0,12,8,2,12,0,0,0,1,36,13148,6,1,6,1,3,0,71,999,1,0,0,0,0,7,2012,7,2012,0,0,0,0,0,1,2,55,3,1,2,1,0,0,14,62,1,1,1,51,0,0
36,360903,3,3,3,20,11,17,56,12,2,1,0,36,2,63,34,63034,4,2011,KNAGM4A71B51,K,N,A,G,M,4,A,7,1,B,5,1,0,P,KIA,OLX,4D,11,17,3206,,0,1071,,G,,F,4,144,,,16R205,,,,,,0,0,000000000,00000000000,0,0,0,1,0,0,0,0,0,0,0,999,0,0,0,12,6,2,12,0,0,0,1,36,14432,6,1,0,0,3,0,64,999,0,0,0,0,0,0,0,0,0,0,0,0,0,0,1,2,55,3,1,2,1,0,0,14,62,1,1,1,98,1,0
36,360904,1,1,1,21,11,6,55,8,0,1,0,36,1,7,482,7482,31,2006,1D7HU18N06S6,1,D,7,H,U,1,8,N,0,6,S,6,0,T,DODG,SQ1,CW,6,17,,2,1405,1205,RPC,G,,,8,287,,,,B,5113,02,E,44,0,0,000000000,00000000000,0,0,0,1,0,0,0,0,0,0,0,999,0,0,0,12,8,3,8,0,0,0,1,36,12205,6,1,6,0,3,0,65,999,0,0,0,0,0,0,0,0,0,0,86,0,0,0,1,2,30,1,1,2,1,0,0,11,80,1,1,1,13,0,0
36,360905,1,2,3,20,11,11,10,12,6,1,0,36,1,55,36,55036,3,2002,KMHCG35C42U1,K,M,H,C,G,3,5,C,4,2,U,1,0,P,HYUN,AGS,2H,2,17,2349,,0,961,,G,,F,4,098,,,13R175,,,,,,0,0,000000000,00000000000,0,0,0,1,0,0,0,0,0,0,0,999,0,0,0,12,6,2,12,0,0,0,1,36,11710,6,1,0,0,3,0,70,999,1,0,0,0,0,3,2011,3,2011,0,39,0,0,0,5,2,30,1,1,2,1,3,3,1,17,1,1,1,88,2,0
36,360905,2,2,1,20,11,11,10,12,6,1,0,36,3,86,882,86882,63,1998,1M2K185C3WM0,1,M,2,K,1,8,5,C,3,W,M,0,0,T,MACK,MR6,TB,98,17,,8,0,0,600,D,,,6,728,,,,,00000,00,,64,0,99,999999999,99999999999,3,2,7,1,0,0,0,0,0,0,0,999,0,0,0,62,8,3,12,0,0,0,1,36,11967,6,1,6,0,3,0,65,999,0,0,0,1,0,3,2011,3,2011,0,0,0,0,0,5,2,30,1,1,2,1,3,3,1,66,1,1,1,89,0,0
36,360906,1,2,1,21,11,0,35,12,6,1,0,36,3,82,881,82881,66,2012,1FUJGLDRXCLB,1,F,U,J,G,L,D,R,X,C,L,B,1,T,FRHT,125,TR,12,17,,8,0,0,CSC,D,,,6,903,,,,,00000,00,,64,1,77,777777777,77777777777,3,6,1,1,0,0,0,0,0,0,0,5,0,0,0,8,8,1,12,0,0,0,1,36,11738,6,1,6,1,3,0,70,999,0,0,0,1,1,1,2011,2,2011,0,38,0,0,0,1,4,40,1,1,1,1,0,0,11,98,1,1,1,98,0,0
36,360906,2,2,1,21,11,0,35,12,6,1,0,36,1,14,17,14017,4,2005,1MEFM55S95A6,1,M,E,F,M,5,5,S,9,5,A,6,0,P,MERC,SLP,4D,5,17,3369,,0,1085,,G,,F,6,183,,,16R215,,,,,,0,0,000000000,00000000000,0,0,0,1,0,0,0,0,0,0,0,999,2,0,0,12,6,2,12,0,0,0,1,36,11714,6,1,0,0,3,3,71,999,0,0,0,0,0,0,0,0,0,0,0,0,0,0,1,4,40,1,1,2,1,0,0,1,72,1,1,1,98,1,0
36,360907,1,1,1,22,11,2,0,8,0,1,0,36,3,7,442,7442,20,2004,2D4GP44L14R5,2,D,4,G,P,4,4,L,1,4,R,5,0,T,DODG,GSX,ES,4,17,,1,0,1193,CAR,G,,,6,230,,,,,4033,00,E,42,0,0,000000000,00000000000,0,0,0,1,0,0,0,0,0,0,0,999,0,0,0,12,8,3,8,0,0,0,1,36,11433,6,1,6,0,3,0,74,999,3,5,0,1,0,8,2010,6,2011,1,0,0,0,0,1,2,30,1,1,2,1,0,0,1,80,1,1,2,13,0,0
36,360908,1,1,2,23,11,23,53,42,0,1,0,36,1,22,16,22016,2,1998,1G2JB1241W75,1,G,2,J,B,1,2,4,1,W,7,5,0,P,PONT,SFS,CP,98,17,2637,,0,1041,,G,,F,4,133,,,14R195,,,,,,0,0,000000000,00000000000,0,0,0,1,0,0,0,0,0,0,0,999,0,0,0,9,6,2,42,0,0,0,1,36,13069,6,1,0,0,3,0,63,999,0,0,0,0,0,0,0,0,0,1,87,0,0,0,1,2,55,1,1,2,2,0,0,1,13,1,1,4,1,1,1
36,360910,1,1,1,25,11,16,23,18,0,1,0,34,1,59,34,59034,4,2011,JTHCE1KS8B00,J,T,H,C,E,1,K,S,8,B,0,0,0,P,LEXS,GSA,4D,11,17,3965,,0,1122,,G,,F,6,211,,,17R225,,,,,,0,0,000000000,00000000000,0,0,0,1,0,0,0,0,0,0,0,999,0,0,0,12,8,2,18,0,0,0,1,34,7450,6,1,0,0,3,0,75,999,0,0,0,0,1,5,2010,5,2010,0,0,0,0,0,1,2,55,2,1,2,2,0,0,14,13,1,1,4,1,1,0
36,360911,1,1,4,23,11,12,32,19,0,1,0,36,2,55,33,55033,4,2004,KMHWF35H54A0,K,M,H,W,F,3,5,H,5,4,A,0,0,P,HYUN,SGX,4D,4,17,3212,,0,1063,,G,,F,6,162,,,16R205,,,,,,0,0,000000000,00000000000,0,0,0,1,0,0,0,0,0,0,0,999,0,0,0,12,8,2,19,0,0,0,1,36,13903,1,1,0,0,2,2,69,999,0,6,0,0,0,12,2010,2,2012,0,74,0,0,0,1,2,30,1,2,2,1,3,3,1,4,1,1,4,14,1,0
36,360912,1,2,1,25,11,19,59,12,2,1,0,36,2,37,402,37402,14,2012,JHLRM4H55CC0,J,H,L,R,M,4,H,5,5,C,C,0,0,P,HOND,CRV,UT,12,17,3490,,0,1031,,G,,F,4,146,,,17R225,,,,,,0,0,000000000,00000000000,0,0,0,1,0,0,0,0,0,0,0,999,0,0,0,12,8,2,12,0,0,0,1,36,11577,6,1,0,0,3,3,74,999,1,0,0,0,0,3,2010,3,2010,0,28,0,0,0,1,2,30,2,1,2,1,0,0,14,10,1,1,2,50,1,1
36,360912,2,2,2,25,11,19,59,12,2,1,0,36,2,34,401,34401,14,2013,5UXZV4C51D0B,5,U,X,Z,V,4,C,5,1,D,0,B,0,P,BMW,BX5,UT,13,17,4960,,0,1155,,G,,T,6,183,,,18R255,,,,,,0,0,000000000,00000000000,0,0,0,1,0,0,0,0,0,0,0,999,0,0,0,12,8,2,12,0,0,0,1,36,11577,6,1,0,0,3,0,64,999,0,0,0,0,0,0,0,0,0,0,0,0,0,0,1,2,30,3,1,2,1,0,0,14,62,1,1,1,51,0,0
36,360913,1,1,1,24,11,0,53,9,0,1,0,36,1,20,481,20481,31,1997,1GCHC39F4VF0,1,G,C,H,C,3,9,F,4,V,F,0,0,T,CHEV,GC3,PC,97,17,,2,0,1555,GM4,D,,,8,397,,,,D,5395,00,,42,0,0,000000000,00000000000,0,0,0,1,0,0,0,0,0,0,0,999,0,0,0,12,8,3,9,0,0,0,1,36,12306,6,1,0,0,3,0,72,999,0,1,0,0,0,11,2009,11,2009,9,37,0,0,0,1,2,30,1,1,2,1,0,0,1,80,1,1,1,13,0,1
36,360914,1,2,2,24,11,18,45,12,2,1,0,36,3,20,404,20404,14,2011,2CNFLGEC7B64,2,C,N,F,L,G,E,C,7,B,6,4,0,P,CHEV,EQU,UT,11,17,3987,,0,1125,,G,,F,4,146,,,17R225,,,,,,0,0,000000000,00000000000,0,0,0,1,0,0,0,0,0,0,0,999,0,0,0,12,8,2,12,0,0,0,1,36,14305,6,1,0,0,3,0,67,999,0,0,0,0,0,0,0,0,0,0,39,0,0,0,1,2,30,1,2,2,3,21,3,1,17,1,1,1,98,0,0
36,360914,2,2,4,24,11,18,45,12,2,1,0,36,1,53,40,53040,4,2011,JS2YC5A29B63,J,S,2,Y,C,5,A,2,9,B,6,3,0,P,SUZI,SLE,4D,11,17,2748,,0,984,,G,,F,4,122,,,15R195,,,,,,0,0,000000000,00000000000,0,0,0,1,0,0,0,0,0,0,0,999,0,0,0,12,8,2,12,0,0,0,1,36,14777,6,1,6,0,3,0,67,999,0,0,0,0,0,0,0,0,0,0,0,0,0,0,1,2,30,3,2,2,3,0,0,14,67,1,1,1,98,1,0
36,360915,1,1,1,8,8,0,40,20,0,1,0,36,1,34,34,34034,4,2009,WBAPK53509A5,W,B,A,P,K,5,3,5,0,9,A,5,0,P,BMW,2XS,4D,9,17,3649,,0,1087,,G,,F,6,183,,,16R205,,,,,,0,0,000000000,00000000000,0,0,0,1,0,0,0,0,0,0,0,999,0,0,0,12,8,2,20,0,0,0,1,36,14779,6,1,0,0,3,0,71,999,0,0,0,0,0,0,0,0,0,0,0,0,0,0,6,1,99,2,1,2,1,0,0,14,12,1,1,4,6,1,0
36,360916,1,2,1,29,11,13,40,12,1,1,0,36,1,18,2,18002,4,2000,1G4HP54K7YU1,1,G,4,H,P,5,4,K,7,Y,U,1,0,P,BUIC,LCF,4D,0,17,3567,,0,1122,,G,,F,6,231,,,15R215,,,,,,0,0,000000000,00000000000,0,0,0,1,0,0,0,0,0,0,0,999,0,0,0,12,8,2,12,0,0,0,1,36,11510,6,1,0,0,3,0,70,999,0,0,0,0,0,0,0,0,0,0,0,0,0,0,3,3,55,1,1,2,1,0,0,1,51,1,1,1,24,1,0
36,360916,2,2,1,29,11,13,40,12,1,1,0,36,3,82,881,82881,66,2009,1FUBCYBSX9HA,1,F,U,B,C,Y,B,S,X,9,H,A,1,T,FRHT,16M,TR,9,17,,8,0,0,FM2,D,,,6,505,,,,,00000,00,,42,1,77,777777777,77777777777,3,6,1,1,0,0,0,0,0,0,0,999,0,0,0,6,8,1,12,0,0,0,1,36,11758,6,1,6,1,3,0,71,999,2,0,0,0,0,5,2010,2,2011,0,0,0,0,0,3,3,55,1,1,2,1,0,0,1,53,1,1,1,25,0,0
36,360917,1,2,1,30,11,19,6,12,2,1,0,36,1,37,421,37421,15,2009,5FNYF48889B0,5,F,N,Y,F,4,8,8,8,9,B,0,0,P,HOND,PIL,UT,9,17,4590,,0,1092,,G,,F,6,213,,,000000,,,,,,0,0,000000000,00000000000,0,0,0,1,0,0,0,0,0,0,0,999,0,0,0,12,8,3,12,0,0,0,1,36,11219,6,1,6,0,3,0,71,999,0,0,0,0,0,0,0,0,0,0,38,0,0,0,1,4,30,1,1,2,1,3,3,11,55,1,1,2,68,0,0
36,360917,2,2,1,30,11,19,6,12,2,1,0,36,2,37,709,37709,80,2005,JH2PC37035M2,J,H,2,P,C,3,7,0,3,5,M,2,0,M,HOND,B60,RC,5,17,,,,,,,599,,4,,4,361,,,,,,,0,0,000000000,00000000000,0,0,0,1,0,0,0,0,0,0,0,999,0,0,0,12,8,2,12,0,0,0,1,36,10310,6,1,0,0,3,0,71,999,1,3,0,2,0,12,2009,10,2011,1,28,0,0,0,1,4,30,1,1,2,1,3,3,1,62,1,1,1,69,1,0
36,360918,1,1,1,30,11,14,18,8,0,1,0,9,1,12,443,12443,20,2005,999999999999,9,9,9,9,9,9,9,9,9,9,9,9,0,U,,,,9,17,,,,,,,,,,,,,,,,,,,0,0,000000000,00000000000,0,0,0,1,0,0,0,0,0,0,0,999,0,0,0,12,6,2,8,0,0,0,1,9,6905,9,9,99,9,9,9,999,999,99,99,99,99,99,99,9999,99,9999,0,0,0,0,0,1,2,30,3,2,2,1,0,0,14,13,1,1,4,1,0,0
36,360919,1,1,8,27,11,21,35,8,0,1,0,36,3,98,907,98907,52,2009,1VHGH3W28967,1,V,H,G,H,3,W,2,8,9,6,7,0,U,,,,9,17,,,,,,,,,,,,,,,,,,,0,99,999999999,99999999999,3,21,22,1,0,0,0,0,6,0,0,999,0,0,0,12,8,2,8,0,0,0,1,36,11520,6,1,6,1,3,0,69,999,3,0,0,1,0,12,2010,8,2012,0,87,0,0,0,1,4,35,1,1,2,2,3,3,1,80,7,1,1,13,0,0
36,360920,1,1,1,1,12,19,47,33,0,1,0,36,2,49,402,49402,14,2006,JTMBD33V1650,J,T,M,B,D,3,3,V,1,6,5,0,0,P,TOYT,RG4,UT,6,17,3444,,0,1050,,G,,F,4,144,,,15R215,,,,,,0,0,000000000,00000000000,0,0,0,1,0,0,0,0,0,0,0,999,0,0,0,12,8,2,30,0,0,0,1,36,10940,6,1,6,0,3,0,65,999,0,0,0,0,0,0,0,0,0,0,0,0,0,0,1,2,30,1,1,2,2,0,0,1,13,1,1,4,1,1,1
36,360921,1,1,3,1,12,3,30,30,0,1,0,36,2,12,401,12401,14,1997,1FMDU35P0VUD,1,F,M,D,U,3,5,P,0,V,U,D,0,P,FORD,EPR,UT,97,17,4166,,0,1115,,G,,F,8,302,,,15R225,,,,,,0,0,000000000,00000000000,0,0,0,1,0,0,0,0,0,0,0,999,0,0,0,81,8,2,30,0,0,0,1,36,12542,6,1,0,0,3,3,71,999,0,0,0,0,0,0,0,0,0,1,0,0,0,0,1,2,35,3,2,2,1,0,0,14,1,1,4,4,2,1,0
36,360922,1,2,1,1,12,22,18,12,1,1,0,36,1,51,47,51047,4,2004,YV1RS64A7424,Y,V,1,R,S,6,4,A,7,4,2,4,0,P,VOLV,S60,4D,4,17,3286,,0,1070,,G,,F,5,149,,,16R215,,,,,,0,0,000000000,00000000000,0,0,0,1,0,0,0,0,0,0,0,999,0,0,0,12,8,2,12,0,0,0,1,36,12065,6,1,0,0,3,3,74,999,1,3,0,0,4,2,2010,1,2012,0,8,27,0,0,3,3,55,1,2,2,2,0,0,15,51,1,1,2,24,0,1
36,360922,2,2,4,1,12,22,18,12,1,1,0,36,1,12,401,12401,14,2000,1FMZU72X9YUA,1,F,M,Z,U,7,2,X,9,Y,U,A,0,P,FORD,EPR,UT,0,17,4065,,0,1116,,G,,F,6,245,,,15R235,,,,,,0,0,000000000,00000000000,0,0,0,1,0,0,0,0,0,0,0,999,0,1,3,6,6,2,1,0,0,0,1,36,12065,6,1,0,0,3,0,72,999,0,0,0,0,0,0,0,0,0,0,0,0,0,0,3,3,55,1,2,2,2,0,0,1,53,1,1,1,25,2,0
36,360923,1,2,4,2,12,7,43,12,2,1,0,36,1,37,31,37031,4,2009,2HGFA16679H3,2,H,G,F,A,1,6,6,7,9,H,3,0,P,HOND,ULS,4D,9,17,2687,,0,1063,,G,,F,4,110,,,16R205,,,,,,0,0,000000000,00000000000,0,0,0,1,0,0,0,0,0,0,0,999,0,0,0,12,8,2,12,0,0,0,1,36,11226,6,1,0,0,3,0,71,999,0,0,0,0,0,0,0,0,0,0,28,0,0,0,1,2,55,1,2,2,2,0,0,1,10,1,1,2,50,0,0
36,360923,2,2,1,2,12,7,43,12,2,1,0,36,2,12,13,12013,4,1999,1FAFP13P6XW1,1,F,A,F,P,1,3,P,6,X,W,1,0,P,FORD,ESE,4D,99,17,2468,,0,984,,G,,F,4,122,,,14R185,,,,,,0,0,000000000,00000000000,0,0,0,1,0,0,0,0,0,0,0,999,0,0,0,12,8,2,12,0,0,0,1,36,12543,6,1,0,0,3,0,68,999,0,0,0,0,0,0,0,0,0,0,0,0,0,0,1,2,55,1,2,2,2,0,0,1,62,1,1,1,51,1,0
36,360924,1,1,4,1,12,2,55,42,0,1,0,36,1,35,47,35047,4,2006,1N4BL11E56C1,1,N,4,B,L,1,1,E,5,6,C,1,0,P,NISS,ASR,4D,6,17,3101,,0,1102,,G,,F,6,214,,,17R215,,,,,,0,0,000000000,00000000000,0,0,0,1,0,0,0,0,0,0,0,999,0,0,0,11,6,2,42,0,0,0,1,36,11550,6,1,0,0,3,0,71,999,1,2,0,0,2,12,2010,9,2012,1,0,0,0,0,3,3,55,1,1,2,1,0,0,1,13,1,3,4,2,1,1
36,360925,1,1,1,2,12,15,21,8,0,1,0,36,1,20,2,20002,4,2011,2G1WA5EKXB11,2,G,1,W,A,5,E,K,X,B,1,1,0,P,CHEV,IPL,4D,11,17,3555,,0,1105,,F,,F,6,214,,,17R225,,,,,,0,0,000000000,00000000000,0,0,0,1,0,0,0,0,0,0,0,999,0,0,0,12,8,3,8,0,0,0,1,36,14220,6,1,0,0,3,0,65,999,0,0,0,0,0,0,0,0,0,0,0,0,0,0,1,2,35,1,1,2,2,0,0,1,80,1,1,1,13,0,0
36,360926,1,1,1,3,12,17,9,8,0,1,0,92,0,84,881,84881,66,1997,1HTSDAAN7VH4,1,H,T,S,D,A,A,N,7,V,H,4,0,T,INTL,490,CC,97,17,,7,2540,1280,40S,D,,,6,466,,,,,00000,00,,42,0,77,777777777,77777777777,3,5,96,1,0,0,0,0,0,0,0,999,0,0,0,12,0,1,8,0,0,0,1,36,14086,6,1,6,1,3,0,74,999,0,0,0,0,0,0,0,0,0,0,86,0,0,0,1,2,45,1,1,2,1,0,0,1,80,1,1,1,13,0,0
36,360927,1,2,2,4,12,19,45,12,6,1,0,36,1,55,33,55033,4,2008,5NPET46C58H3,5,N,P,E,T,4,6,C,5,8,H,3,0,P,HYUN,SGL,4D,8,17,3253,,0,1074,,G,,F,4,144,,,16R215,,,,,,0,0,000000000,00000000000,0,0,0,1,0,0,0,0,0,0,0,23,0,0,0,3,8,2,12,0,0,0,1,36,14424,6,1,0,0,3,3,70,999,0,0,0,0,0,0,0,0,0,0,38,39,0,0,1,2,55,1,1,2,2,20,3,1,17,1,1,1,87,1,0
36,360927,2,2,1,4,12,19,45,12,6,1,0,36,1,20,481,20481,31,2000,2GCEK19T6Y12,2,G,C,E,K,1,9,T,6,Y,1,2,0,T,CHEV,SK1,3C,0,17,,2,1575,1435,SIL,G,,,8,325,,,,B,4621,02,,44,0,0,000000000,00000000000,0,0,0,1,0,0,0,0,0,0,0,30,0,0,0,12,8,2,12,0,0,0,1,36,14548,6,1,0,0,3,0,69,999,0,3,0,1,1,12,2009,9,2012,0,0,0,0,0,1,2,55,1,1,2,2,0,0,1,55,1,1,1,86,0,0
36,360928,1,1,1,4,12,6,16,8,0,1,0,36,1,55,35,55035,4,2004,KMHDN46D54U8,K,M,H,D,N,4,6,D,5,4,U,8,0,P,HYUN,EST,4D,4,17,2635,,0,1027,,G,,F,4,121,,,15R195,,,,,,0,0,000000000,00000000000,0,0,0,1,0,0,0,0,0,0,0,45,0,0,0,12,8,2,8,0,0,0,1,36,14609,6,1,0,0,3,3,66,999,0,0,0,0,0,0,0,0,0,0,0,0,0,0,2,2,45,1,1,2,2,0,0,1,80,1,1,1,13,0,0
36,360929,1,1,1,4,12,17,3,9,0,1,0,36,2,37,32,37032,4,2006,1HGCM56806A0,1,H,G,C,M,5,6,8,0,6,A,0,0,P,HOND,UEX,4D,6,17,3239,,0,1079,,G,,F,4,146,,,16R205,,,,,,0,0,000000000,00000000000,0,0,0,1,0,0,0,0,0,0,0,999,0,0,0,12,8,3,9,0,0,0,1,36,12901,6,1,0,0,3,0,63,999,0,0,0,0,0,0,0,0,0,0,38,0,0,0,2,2,40,1,2,2,1,0,0,11,83,1,1,2,13,0,0
36,360930,1,1,1,5,12,11,54,42,0,1,0,36,2,7,482,7482,31,1997,999999999999,9,9,9,9,9,9,9,9,9,9,9,9,0,U,,,,9,17,,,,,,,,,,,,,,,,,,,0,0,000000000,00000000000,0,0,0,1,0,0,0,0,0,0,0,999,0,0,0,12,8,2,42,0,0,0,1,36,13838,6,1,0,0,3,0,72,999,0,0,0,0,0,0,0,0,0,0,0,0,0,0,1,2,55,1,2,2,1,0,0,1,13,1,1,4,1,1,0