STATE,ST_CASE,VEH_NO,VE_FORMS,NUMOCCS,DAY,MONTH,HOUR,MINUTE,HARM_EV,MAN_COLL,UNITTYPE,HIT_RUN,REG_STAT,OWNER,MAKE,MODEL,MAK_MOD,BODY_TYP,MOD_YEAR,VIN,VIN_1,VIN_2,VIN_3,VIN_4,VIN_5,VIN_6,VIN_7,VIN_8,VIN_9,VIN_10,VIN_11,VIN_12,TOW_VEH,VINTYPE,VINMAKE,VINA_MOD,VIN_BT,VINMODYR,VIN_LNGT,VIN_WGT,WGTCD_TR,WHLBS_LG,WHLBS_SH,SER_TR,FUELCODE,MCYCL_DS,CARBUR,CYLINDER,DISPLACE,MCYCL_CY,MCYCL_WT,TIRE_SZE,TON_RAT,TRK_WT,TRKWTVAR,VIN_REST,WHLDRWHL,J_KNIFE,MCARR_I1,MCARR_I2,MCARR_ID,GVWR,V_CONFIG,CARGO_BT,HAZ_INV,HAZ_PLAC,HAZ_ID,HAZ_CNO,HAZ_REL,BUS_USE,SPEC_USE,EMER_USE,TRAV_SP,UNDERIDE,ROLLOVER,ROLINLOC,IMPACT1,DEFORMED,TOWED,M_HARM,VEH_SC1,VEH_SC2,FIRE_EXP,DR_PRES,L_STATE,DR_ZIP,L_STATUS,L_TYPE,CDL_STAT,L_ENDORS,L_COMPL,L_RESTRI,DR_HGT,DR_WGT,PREV_ACC,PREV_SUS,PREV_DWI,PREV_SPD,PREV_OTH,FIRST_MO,FIRST_YR,LAST_MO,LAST_YR,SPEEDREL,DR_SF1,DR_SF2,DR_SF3,DR_SF4,VTRAFWAY,VNUM_LAN,VSPD_LIM,VALIGN,VPROFILE,VPAVETYP,VSURCOND,VTRAFCON,VTCONT_F,P_CRASH1,P_CRASH2,P_CRASH3,PCRASH4,PCRASH5,ACC_TYPE,DEATHS,DR_DRINK
36,360998,1,2,2,29,12,13,34,12,6,1,0,36,2,12,471,12471,30,1998,1FTYR10C6WTA,1,F,T,Y,R,1,0,C,6,W,T,A,0,T,FORD,RNG,PK,98,17,,1,1175,1116,RNG,G,,,4,153,,,,B,3030,01,E,42,0,0,000000000,00000000000,0,0,0,1,0,0,0,0,0,0,0,999,0,0,0,5,8,2,12,0,0,0,1,36,14840,6,1,0,0,3,0,68,999,0,2,0,0,0,2,2011,2,2011,1,87,0,0,0,1,2,55,1,3,2,3,0,0,1,10,1,1,2,64,1,0
36,360998,2,2,1,29,12,13,34,12,6,1,0,40,3,82,881,82881,66,2010,1FUJGLDR6ASA,1,F,U,J,G,L,D,R,6,A,S,A,1,T,FRHT,125,TR,10,17,,8,0,0,CSC,D,,,6,903,,,,,00000,00,,64,1,57,303024,57303024,3,6,1,1,0,0,0,0,0,0,0,999,0,0,0,12,8,2,12,0,0,0,1,36,13624,6,1,6,1,3,3,67,999,0,0,0,0,0,0,0,0,0,0,0,0,0,0,1,2,55,1,3,2,3,0,0,1,62,1,1,1,65,0,0
36,360999,1,2,1,31,12,9,59,12,6,1,0,36,3,12,881,12881,61,2001,1FDAF56F01EC,1,F,D,A,F,5,6,F,0,1,E,C,0,T,FORD,F5D,CB,1,17,,5,2010,1410,DRW,D,,,8,444,,,,,6072,08,E,42,0,57,1870634,571870634,2,1,3,1,0,0,0,0,0,0,0,999,0,0,0,12,8,2,12,0,0,0,1,36,12831,6,1,0,0,3,0,69,999,1,0,0,0,0,12,2011,12,2011,0,0,0,0,0,1,2,45,1,2,2,2,20,3,1,66,1,1,1,86,0,0
36,360999,2,2,1,31,12,9,59,12,6,1,0,36,1,48,401,48401,14,2005,JF1SG63685H7,J,F,1,S,G,6,3,6,8,5,H,7,0,P,SUBA,FOR,UT,5,17,3090,,0,994,,G,,F,4,152,,,16R215,,,,,,0,0,000000000,00000000000,0,0,0,1,0,0,0,0,0,0,0,999,0,0,0,3,8,2,12,0,0,0,1,36,12828,6,1,0,0,3,3,69,999,0,0,0,0,0,0,0,0,0,0,38,39,0,0,1,2,45,1,2,2,2,20,3,1,17,1,1,2,87,1,0
36,361000,1,1,1,8,7,21,54,8,0,1,0,36,2,49,43,49043,4,2006,4T1BK36B66U0,4,T,1,B,K,3,6,B,6,6,U,0,0,P,TOYT,UTS,4D,6,17,3490,,0,1071,,G,,F,6,213,,,15R205,,,,,,0,0,000000000,00000000000,0,0,0,1,0,0,0,0,0,0,0,999,0,0,0,12,8,1,8,0,0,0,1,36,11208,6,1,6,0,3,0,67,999,2,0,0,0,3,11,2011,3,2012,0,86,0,0,0,1,4,99,1,1,2,1,0,0,1,80,1,1,1,13,0,0
36,361001,1,1,2,31,8,23,8,8,0,1,0,36,3,12,16,12016,4,2005,2FAHP71W25X1,2,F,A,H,P,7,1,W,2,5,X,1,0,P,FORD,CVP,4D,5,17,0,,0,1147,,G,,F,8,281,,,16R225,,,,,,0,0,000000000,00000000000,0,0,0,1,0,0,0,0,0,1,0,999,0,0,0,12,8,3,8,0,0,0,1,36,10033,6,1,0,0,3,0,66,999,0,3,0,1,1,3,2010,12,2011,1,86,0,0,0,5,4,99,1,1,2,1,3,3,1,80,3,1,1,13,0,0
36,361002,1,1,1,25,11,18,51,8,0,1,0,34,3,6,51,6051,4,2007,2C3KA63H57H8,2,C,3,K,A,6,3,H,5,7,H,8,0,P,CHRY,30C,4D,7,17,3998,,0,1200,,G,,F,8,348,,,18R225,,,,,,0,0,000000000,00000000000,0,0,0,1,0,0,0,0,0,0,0,999,0,0,0,6,8,3,8,0,0,0,1,36,11224,6,1,6,0,3,0,68,999,0,0,0,0,1,3,2011,3,2011,0,86,31,0,0,1,2,99,1,1,2,1,0,0,13,80,98,1,1,92,0,1
36,361003,1,2,1,22,11,3,15,12,6,1,0,36,1,37,32,37032,4,2011,1HGCP2F40BA0,1,H,G,C,P,2,F,4,0,B,A,0,0,P,HOND,LXP,4D,11,17,3287,,0,1102,,G,,F,4,146,,,16R215,,,,,,0,0,000000000,00000000000,0,0,0,1,0,0,0,0,0,0,0,0,0,0,0,3,8,2,12,0,0,0,1,36,11432,6,1,0,0,3,0,71,999,0,0,0,0,0,0,0,0,0,0,54,0,0,0,3,2,99,1,1,2,2,0,0,5,53,1,1,1,48,1,1
36,361003,2,2,1,22,11,3,15,12,6,1,0,36,1,22,22,22022,4,2007,1G2ZH58N9742,1,G,2,Z,H,5,8,N,9,7,4,2,0,P,PONT,GGT,4D,7,17,3457,,0,1123,,G,,F,6,214,,,17R225,,,,,,0,0,000000000,00000000000,0,0,0,1,0,0,0,0,0,0,0,999,0,0,0,12,8,2,12,0,0,0,1,36,11432,6,1,0,0,3,0,70,999,0,0,0,0,0,0,0,0,0,0,0,0,0,0,3,2,99,1,1,2,2,0,0,1,50,1,1,1,48,0,0
36,361004,1,4,1,5,9,23,54,8,0,1,1,36,2,12,461,12461,21,2001,1FBNE31S91HB,1,F,B,N,E,3,1,S,9,1,H,B,0,P,FORD,ECO,SV,1,17,5793,,0,1380,,G,,F,10,415,,,000000,,,,,,0,0,000000000,00000000000,0,0,0,1,0,0,0,0,0,0,0,999,0,0,0,12,8,2,8,0,0,0,1,99,99999,9,9,99,9,9,9,999,999,99,99,99,99,99,99,9999,99,9999,0,0,0,0,0,1,4,99,1,1,2,1,0,0,1,80,1,1,1,13,0,0
36,361004,3,4,1,5,9,23,54,8,0,1,0,42,2,35,47,35047,4,1997,1N4BU31D9VC2,1,N,4,B,U,3,1,D,9,V,C,2,0,P,NISS,AGS,4D,97,17,2756,,0,1031,,G,,F,4,146,,,15R205,,,,,,0,0,000000000,00000000000,0,0,0,1,0,0,0,0,0,0,0,999,0,0,0,12,8,2,12,0,0,0,1,36,11234,6,1,0,0,3,0,63,999,0,0,0,0,0,0,0,0,0,0,0,0,0,0,1,4,99,1,1,2,1,0,0,1,62,1,1,1,98,0,0
36,361004,5,4,1,5,9,23,54,8,0,1,0,36,3,12,16,12016,8,2008,2FAFP70V68X1,2,F,A,F,P,7,0,V,6,8,X,1,0,P,FORD,CVS,4D,8,17,0,,1207,1147,,F,,F,8,281,,,17R235,,,,,,0,0,000000000,00000000000,0,0,0,1,0,0,0,0,0,0,0,999,0,0,0,9,8,1,12,0,0,0,1,36,11223,6,1,0,0,3,0,69,999,1,0,0,0,3,4,2011,5,2012,0,0,0,0,0,1,4,99,1,1,2,1,0,0,1,62,1,1,1,98,0,0
36,361004,6,4,3,5,9,23,54,8,0,1,0,36,1,49,40,49040,4,2007,4T1BK46K27U0,4,T,1,B,K,4,6,K,2,7,U,0,0,P,TOYT,CJS,4D,7,17,3164,,0,1093,,G,,F,6,214,,,15R205,,,,,,0,0,000000000,00000000000,0,0,0,1,0,0,0,0,0,0,0,999,0,0,0,12,8,3,8,0,0,0,1,36,11234,6,1,0,0,3,3,68,999,0,0,0,0,0,0,0,0,0,0,0,0,0,0,1,4,99,1,1,2,1,0,0,1,80,1,1,1,98,0,0
36,361005,1,1,1,1,11,22,40,30,0,1,0,36,3,12,402,12402,14,2008,1FMCU93ZX8KD,1,F,M,C,U,9,3,Z,X,8,K,D,0,P,FORD,SPE,UT,8,17,3465,,0,1031,,G,,F,4,140,,,16R235,,,,,,0,0,000000000,00000000000,0,0,0,1,0,0,0,0,0,0,0,999,0,0,0,12,8,2,30,0,0,0,1,36,10312,6,1,0,0,3,3,70,999,0,0,0,0,0,0,0,0,0,0,0,0,0,0,1,2,99,1,2,2,1,0,0,1,13,1,1,4,1,1,0
36,361006,1,1,1,13,12,13,35,8,0,1,0,36,2,87,881,87881,63,1987,1XP5DB9X1HN2,1,X,P,5,D,B,9,X,1,H,N,2,1,T,PTRB,379,TR,87,17,,8,0,0,CON,D,,,6,893,,,,,00000,00,,64,1,77,777777777,77777777777,3,4,1,1,0,0,0,0,0,0,0,999,0,0,0,3,0,3,8,0,0,0,1,36,10301,6,1,6,1,3,0,71,999,0,3,1,0,0,3,2010,6,2010,0,86,0,0,0,1,2,99,1,1,2,1,2,3,10,80,1,1,1,13,0,0
36,361007,1,2,1,16,10,22,21,12,1,1,0,18,3,51,881,51881,66,2006,4V4M19GG56N4,4,V,4,M,1,9,G,G,5,6,N,4,1,T,VOLV,VNM,TR,6,17,,7,0,0,VVN,D,,,6,732,,,,,00000,00,,42,1,99,999999999,99999999999,3,6,1,1,0,0,0,0,0,0,0,999,0,0,0,12,8,3,12,0,0,0,1,34,8046,9,9,99,9,9,9,999,999,99,99,99,99,99,99,9999,99,9999,0,0,0,0,0,3,3,99,1,1,2,1,0,0,1,61,1,1,1,24,0,0
36,361007,2,2,1,16,10,22,21,12,1,1,0,42,1,51,881,51881,66,2006,4V4NC9GH86N4,4,V,4,N,C,9,G,H,8,6,N,4,1,T,VOLV,VNL,TR,6,17,,8,0,0,VVN,D,,,6,732,,,,,00000,00,,64,1,99,999999999,99999999999,3,6,1,1,0,0,0,0,0,0,0,999,0,0,0,6,8,2,12,0,0,0,1,42,18938,6,1,6,1,3,0,69,999,0,0,0,0,1,5,2010,5,2010,0,0,0,0,0,3,3,99,1,1,2,1,0,0,1,11,1,1,1,25,1,0
36,361008,1,1,1,3,9,22,37,8,0,1,1,99,9,99,999,99999,99,9999,999999999999,9,9,9,9,9,9,9,9,9,9,9,9,0,,,,,,,,,,,,,,,,,,,,,,,,,0,0,000000000,00000000000,0,0,0,1,0,0,0,0,0,0,0,999,0,0,0,12,9,1,8,0,0,0,1,99,99999,9,9,99,9,9,9,999,999,99,99,99,99,99,99,9999,99,9999,9,86,0,0,0,5,4,99,1,1,2,1,0,0,1,80,1,1,1,13,0,0
36,361009,1,1,2,16,12,18,42,8,0,1,0,36,1,12,17,12017,4,1990,1FACP52U7LA1,1,F,A,C,P,5,2,U,7,L,A,1,0,P,FORD,TAG,4D,90,17,2979,,0,1060,,G,,F,6,182,,,14R205,,,,,,0,0,000000000,00000000000,0,0,0,1,0,0,0,0,0,0,0,999,0,0,0,12,8,1,8,0,0,0,1,36,10913,6,1,0,0,3,3,67,999,0,0,0,0,0,0,0,0,0,0,0,0,0,0,4,1,30,1,1,2,2,20,3,10,80,1,1,1,13,0,0
36,361010,1,3,1,17,12,1,50,12,2,1,0,36,1,49,40,49040,4,2007,JTNBK46K0730,J,T,N,B,K,4,6,K,0,7,3,0,0,P,TOYT,CJS,4D,7,17,3164,,0,1093,,G,,F,6,214,,,15R205,,,,,,0,0,000000000,00000000000,0,0,0,1,0,0,0,0,0,0,0,999,0,0,0,12,8,2,12,0,0,0,1,36,10306,6,1,0,0,3,0,68,999,1,0,0,0,0,8,2011,8,2011,0,51,0,0,0,3,3,99,1,1,2,2,0,0,1,54,1,1,1,50,0,1
36,361010,2,3,2,17,12,1,50,12,2,1,0,25,4,49,40,49040,4,2012,4T1BF1FK5CU5,4,T,1,B,F,1,F,K,5,C,U,5,0,P,TOYT,CBA,4D,12,17,3190,,0,1093,,G,,F,4,152,,,16R205,,,,,,0,0,000000000,00000000000,0,0,0,1,0,0,0,0,0,0,0,999,0,0,0,12,8,2,12,0,0,0,1,97,0,9,9,99,9,9,9,999,999,99,99,99,99,99,99,9999,99,9999,0,0,0,0,0,3,3,99,1,1,2,2,0,0,1,54,1,1,1,51,1,0
36,361010,3,3,2,17,12,1,50,12,2,1,0,34,1,20,22,20022,4,2007,1G1AL55F2773,1,G,1,A,L,5,5,F,2,7,7,3,0,P,CHEV,BLT,4D,7,17,3216,,0,1033,,G,,F,4,134,,,15R195,,,,,,0,0,000000000,00000000000,0,0,0,1,0,0,0,0,0,0,0,999,0,0,0,12,8,2,12,0,0,0,1,34,8536,6,1,0,0,3,3,65,999,0,0,0,0,0,0,0,0,0,0,0,0,0,0,3,3,99,1,1,2,2,0,0,1,51,1,1,1,98,0,0
36,361011,1,1,2,20,12,19,32,8,0,1,0,36,3,12,402,12402,14,2012,1FMCU0D78CKB,1,F,M,C,U,0,D,7,8,C,K,B,0,P,FORD,SPE,UT,12,17,3332,,0,1031,,G,,F,4,153,,,16R235,,,,,,0,0,000000000,00000000000,0,0,0,1,0,0,0,0,0,0,0,999,0,0,0,12,0,1,8,0,0,0,1,36,10701,6,1,0,0,3,0,69,999,0,0,0,0,1,5,2011,5,2011,0,0,0,0,0,4,2,99,1,1,2,1,3,3,11,80,1,1,1,13,0,0
36,361012,1,2,2,27,12,7,3,12,2,1,0,36,2,12,481,12481,31,1997,1FTHF26H1VEB,1,F,T,H,F,2,6,H,1,V,E,B,0,T,FORD,F25,PK,97,17,,2,0,1330,COF,G,,,8,351,,,,C,4870,00,A,44,0,0,000000000,00000000000,0,0,0,1,0,0,0,0,0,0,0,999,0,0,0,12,8,2,12,0,0,0,1,36,13346,6,1,0,0,3,3,70,999,0,5,1,0,2,10,2010,4,2011,0,87,0,0,0,1,2,99,1,1,2,3,0,0,1,62,3,1,1,51,0,0
36,361012,2,2,1,27,12,7,3,12,2,1,0,36,1,7,442,7442,20,1994,1B4GH44R9RX3,1,B,4,G,H,4,4,R,9,R,X,3,0,T,DODG,GCS,ES,94,17,,1,0,1193,CAR,G,,,6,201,,,,,3580,00,E,42,0,0,000000000,00000000000,0,0,0,1,0,0,0,0,0,0,0,999,0,0,0,12,6,2,12,0,0,0,1,36,13332,6,1,0,0,3,0,69,999,0,0,0,0,0,0,0,0,0,0,28,87,0,0,1,2,99,1,1,2,3,0,0,1,10,1,1,2,50,1,0
36,361013,1,2,1,28,12,21,10,12,6,1,0,36,2,7,20,7020,4,2002,1C3ES46C82D5,1,C,3,E,S,4,6,C,8,2,D,5,0,P,CHRY,CNL,4D,2,17,0,,0,1050,,G,,F,4,122,,,16R205,,,,,,0,0,000000000,00000000000,0,0,0,1,0,0,0,0,0,0,0,999,0,0,0,7,6,2,12,0,0,0,1,36,11951,6,1,0,0,3,0,71,999,0,2,0,0,0,5,2010,5,2011,0,38,39,0,0,1,2,99,1,1,2,1,3,3,1,17,1,1,1,89,1,0
36,361013,2,2,1,28,12,21,10,12,6,1,0,36,1,12,461,12461,21,2004,1FTNE24W94HA,1,F,T,N,E,2,4,W,9,4,H,A,0,T,FORD,25V,CG,4,17,,2,0,1380,VAN,G,,,8,281,,,,C,00000,00,E,42,0,0,000000000,00000000000,0,0,0,1,0,0,0,0,0,0,0,999,0,0,0,12,8,2,12,0,0,0,1,36,10452,6,1,0,0,3,0,66,999,0,3,0,0,1,2,2012,9,2012,0,0,0,0,0,1,2,99,1,1,2,1,3,3,1,66,1,1,1,88,0,0
36,361014,1,1,1,29,12,4,29,8,0,1,1,99,9,99,999,99999,99,9999,999999999999,9,9,9,9,9,9,9,9,9,9,9,9,0,,,,,,,,,,,,,,,,,,,,,,,,,0,0,000000000,00000000000,0,0,0,1,0,0,0,0,0,0,0,999,0,0,0,12,9,1,8,0,0,0,1,99,99999,9,9,99,9,9,9,999,999,99,99,99,99,99,99,9999,99,9999,1,86,0,0,0,1,2,99,1,1,2,1,0,0,1,80,1,1,1,13,0,0
36,361015,1,2,1,30,12,13,27,12,6,1,0,36,2,7,43,7043,4,1996,1B3EJ46X1TN1,1,B,3,E,J,4,6,X,1,T,N,1,0,P,DODG,STR,4D,96,17,2859,,0,1080,,G,,F,4,148,,,14R195,,,,,,0,0,000000000,00000000000,0,0,0,1,0,0,0,0,0,0,0,999,0,0,0,3,8,2,12,0,0,0,1,36,14850,6,1,0,0,3,3,62,999,0,0,0,0,0,0,0,0,0,1,28,0,0,0,1,2,55,3,1,2,2,0,0,14,10,1,4,2,66,1,0
36,361015,2,2,1,30,12,13,27,12,6,1,0,36,1,7,482,7482,31,2012,1C6RD7PTXCS1,1,C,6,R,D,7,P,T,X,C,S,1,0,T,DODG,LON,CW,12,17,,2,0,1400,RPC,G,,,8,348,,,,B,5654,00,K,44,0,0,000000000,00000000000,0,0,0,1,0,0,0,0,0,0,0,999,0,0,0,12,8,2,12,0,0,0,1,36,14901,6,1,0,0,3,3,72,999,1,0,0,0,0,7,2010,7,2010,0,0,0,0,0,1,2,55,2,1,2,2,0,0,14,62,1,1,1,66,0,0
36,361016,1,1,6,30,12,5,10,1,0,1,0,36,1,12,37,12037,4,2000,1FAFP34P5YW2,1,F,A,F,P,3,4,P,5,Y,W,2,0,P,FORD,FSC,4D,0,17,2564,,0,1030,,G,,F,4,122,,,15R195,,,,,,0,0,000000000,00000000000,0,0,0,1,0,0,0,0,0,0,0,999,0,2,5,0,8,2,3,0,0,0,1,36,11692,6,1,0,0,3,0,67,999,0,0,0,0,0,0,0,0,0,0,0,0,0,0,1,2,99,3,1,2,2,0,0,14,13,1,1,4,1,1,1
36,361017,1,1,3,31,12,1,15,48,0,1,0,36,2,49,40,49040,4,2003,4T1BE32KX3U6,4,T,1,B,E,3,2,K,X,3,U,6,0,P,TOYT,UXS,4D,3,17,2993,,0,1071,,G,,F,4,144,,,15R205,,,,,,0,0,000000000,00000000000,0,0,0,1,0,0,0,0,0,0,0,999,0,1,5,3,6,2,1,0,0,0,1,36,12526,6,1,0,0,3,0,70,999,1,0,0,1,0,8,2011,5,2012,1,0,0,0,0,1,2,55,1,2,2,3,0,0,1,12,1,1,4,6,1,1
36,361018,1,2,1,31,12,7,52,12,2,1,0,36,1,58,37,58037,4,2011,JN1CV6AR2BM4,J,N,1,C,V,6,A,R,2,B,M,4,0,P,INFI,GAW,4D,11,17,3695,,0,1122,,G,,F,6,226,,,000000,,,,,,0,0,000000000,00000000000,0,0,0,1,0,0,0,0,0,0,0,999,0,0,0,12,8,2,12,0,0,0,1,36,10504,6,1,0,0,3,0,62,999,0,0,0,0,0,0,0,0,0,0,87,80,0,0,1,4,55,4,2,2,2,0,0,14,10,98,3,2,50,0,0
36,361018,2,2,1,31,12,7,52,12,2,1,0,36,2,49,38,49038,2,1991,JT2EL43B6M00,J,T,2,E,L,4,3,B,6,M,0,0,0,P,TOYT,TDX,2D,91,17,1975,,0,937,,G,,F,4,089,,,13R155,,,,,,0,0,000000000,00000000000,0,0,0,1,0,0,0,0,0,0,0,999,0,0,0,12,6,2,12,0,0,0,1,36,10603,6,1,0,0,3,3,66,999,0,1,0,0,1,5,2011,8,2012,0,0,0,0,0,1,4,55,4,2,2,2,0,0,14,62,1,1,1,51,1,0
36,361019,1,2,1,31,12,13,13,12,2,1,0,36,1,20,403,20403,14,2008,1GNDT13S5822,1,G,N,D,T,1,3,S,5,8,2,2,0,P,CHEV,TRL,UT,8,17,4523,,0,1130,,G,,F,6,256,,,17R245,,,,,,0,0,000000000,00000000000,0,0,0,1,0,0,0,0,0,0,0,999,0,0,0,12,6,2,12,0,0,0,1,36,13672,6,1,0,0,3,0,61,999,1,0,0,0,0,1,2010,1,2010,0,28,0,0,0,1,2,55,1,2,2,2,0,0,1,10,1,1,4,50,0,0
36,361019,2,2,1,31,12,13,13,12,2,1,0,36,2,12,461,12461,21,1994,1FDEE14N3RHA,1,F,D,E,E,1,4,N,3,R,H,A,0,T,FORD,15V,CG,94,17,,2,0,1380,VAN,G,,,8,302,,,,B,4470,00,B,42,0,0,000000000,00000000000,0,0,0,1,0,0,0,0,0,0,0,999,0,0,0,12,6,2,12,0,0,0,1,36,13697,6,1,0,0,3,3,75,999,0,0,0,0,0,0,0,0,0,0,0,0,0,0,1,2,55,1,2,2,2,0,0,1,62,6,1,4,51,1,0
36,361020,1,1,1,29,12,2,37,30,0,1,0,36,2,37,31,37031,4,1996,1HGEJ6603TL0,1,H,G,E,J,6,6,0,3,T,L,0,0,P,HOND,UCL,4D,96,17,2375,,0,1032,,G,,F,4,097,,,14R185,,,,,,0,0,000000000,00000000000,0,0,0,1,0,0,0,0,0,0,0,999,0,0,0,12,8,2,30,0,0,0,1,36,10302,6,1,0,0,3,0,51,999,2,7,0,0,1,4,2010,11,2012,0,0,0,0,0,1,2,99,1,2,2,1,3,3,1,13,1,1,4,1,1,1
36,361021,1,1,1,1,10,5,10,9,0,1,1,99,9,99,999,99999,99,9999,999999999999,9,9,9,9,9,9,9,9,9,9,9,9,0,,,,,,,,,,,,,,,,,,,,,,,,,0,0,000000000,00000000000,0,0,0,1,0,0,0,0,0,0,0,999,0,0,0,99,9,1,9,0,0,0,1,99,99999,9,9,99,9,9,9,999,999,99,99,99,99,99,99,9999,99,9999,0,48,0,0,0,3,2,99,1,1,2,1,3,3,10,83,1,1,1,13,0,0
36,361022,1,1,1,20,12,19,20,8,0,1,0,37,1,20,481,20481,31,2007,999999999999,9,9,9,9,9,9,9,9,9,9,9,9,0,U,,,,9,17,,,,,,,,,,,,,,,,,,,0,0,000000000,00000000000,0,0,0,1,0,0,0,0,0,0,0,999,0,0,0,12,8,2,8,0,0,0,1,36,11772,6,1,0,0,3,0,72,999,0,0,0,0,0,0,0,0,0,0,0,0,0,0,1,2,99,1,1,2,1,0,0,1,80,1,1,1,13,0,0
36,361023,1,2,1,30,10,1,33,12,6,1,0,36,3,20,399,20399,4,2008,999999999999,9,9,9,9,9,9,9,9,9,9,9,9,0,U,,,,9,17,,,,,,,,,,,,,,,,,,,0,0,000000000,00000000000,0,0,0,1,0,0,0,0,0,5,1,999,0,0,0,12,8,2,12,0,0,0,1,36,11980,6,1,0,0,3,0,67,999,0,0,0,0,0,0,0,0,0,0,16,0,0,0,5,4,99,1,1,2,2,3,1,1,55,1,1,1,86,0,0
36,361023,2,2,5,30,10,1,33,12,6,1,0,34,2,49,403,49403,14,2002,JTEHF21A1200,J,T,E,H,F,2,1,A,1,2,0,0,0,P,TOYT,HIG,UT,2,17,3880,,0,1069,,G,,F,6,183,,,16R225,,,,,,0,0,000000000,00000000000,0,0,0,1,0,0,0,0,0,0,0,999,0,0,0,2,8,2,12,0,0,0,1,34,7059,6,1,0,0,3,0,70,999,0,0,0,0,1,7,2012,7,2012,0,0,0,0,0,5,4,99,1,1,2,2,3,1,1,17,1,1,1,87,1,0
36,361024,1,3,1,3,12,19,6,12,1,1,0,36,3,84,881,84881,62,2003,1HTMPAFM23H5,1,H,T,M,P,A,F,M,2,3,H,5,0,T,INTL,420,CC,3,17,,6,0,0,40S,D,,,8,365,,,,,00000,00,,42,0,77,777777777,77777777777,2,1,97,1,0,0,0,0,0,0,0,999,0,0,0,6,0,1,12,0,0,0,1,36,11717,6,1,6,1,3,0,74,999,0,0,0,0,0,0,0,0,0,0,0,0,0,0,3,2,99,1,1,2,1,0,0,1,53,1,1,1,25,0,0
36,361024,2,3,1,3,12,19,6,12,1,1,0,36,1,53,705,53705,80,2006,JS1GN7DA2621,J,S,1,G,N,7,D,A,2,6,2,1,0,M,SUZI,K6R,RC,6,17,,,,,,,599,,4,,4,354,,,,,,,0,0,000000000,00000000000,0,0,0,1,0,0,0,0,0,0,0,999,0,0,0,12,8,2,12,0,0,0,1,36,11717,6,1,0,0,3,0,63,999,0,3,0,1,4,3,2010,4,2012,1,0,0,0,0,3,2,99,1,1,2,1,0,0,15,51,1,1,2,24,1,1
36,361024,3,3,1,3,12,19,6,12,1,1,1,99,9,99,999,99999,99,9999,999999999999,9,9,9,9,9,9,9,9,9,9,9,9,0,,,,,,,,,,,,,,,,,,,,,,,,,0,0,000000000,00000000000,0,0,0,1,0,0,0,0,0,0,0,999,0,0,0,14,9,1,12,0,0,0,1,99,99999,9,9,99,9,9,9,999,999,99,99,99,99,99,99,9999,99,9999,9,0,0,0,0,3,2,99,1,1,2,1,0,0,1,51,1,1,1,98,0,0
36,361025,1,2,2,24,11,15,52,12,1,1,0,36,1,7,403,7403,14,2007,1D8GU58KX7W6,1,D,8,G,U,5,8,K,X,7,W,6,0,P,DODG,NIT,UT,7,17,4161,,0,1088,,G,,F,6,225,,,17R235,,,,,,0,0,000000000,00000000000,0,0,0,1,0,0,0,0,0,0,0,0,0,0,0,6,6,2,12,0,0,0,1,36,11706,1,1,0,0,2,0,64,999,0,2,0,0,1,3,2012,9,2012,0,0,0,0,0,1,2,30,1,1,2,1,20,3,5,53,1,1,1,21,0,0
36,361025,2,2,1,24,11,15,52,12,1,1,0,37,1,76,709,76709,80,2005,999999999999,9,9,9,9,9,9,9,9,9,9,9,9,0,,,,,,,,,,,,,,,,,,,,,,,,,0,0,000000000,00000000000,0,0,0,1,0,0,0,0,0,0,0,60,0,0,0,12,6,2,12,0,0,0,1,36,11706,1,1,0,0,2,3,76,999,0,17,0,0,1,6,2010,11,2011,1,0,0,0,0,1,2,30,1,1,2,1,20,3,1,50,1,1,1,20,1,0
36,361026,1,1,1,3,12,18,10,8,0,1,0,36,1,12,17,12017,6,1994,1FALP57U2RA2,1,F,A,L,P,5,7,U,2,R,A,2,0,P,FORD,TAG,SW,94,17,3253,,0,1060,,G,,F,6,182,,,15R205,,,,,,0,0,000000000,00000000000,0,0,0,1,0,0,0,0,0,0,0,999,0,0,0,12,8,1,8,0,0,0,1,36,11772,6,1,0,0,3,3,73,999,0,0,0,0,0,0,0,0,0,0,86,0,0,0,5,4,99,1,1,2,1,0,0,1,80,1,1,1,13,0,0
36,361027,1,1,1,6,12,20,25,8,0,1,0,36,1,37,31,37031,2,2001,1HGEM22941L0,1,H,G,E,M,2,2,9,4,1,L,0,0,P,HOND,SIX,CP,1,17,2590,,0,1031,,G,,F,4,102,,,15R185,,,,,,0,0,000000000,00000000000,0,0,0,1,0,0,0,0,0,0,0,999,0,0,0,11,0,1,8,0,0,0,1,36,11772,6,1,0,0,3,0,67,999,0,0,0,1,1,3,2010,12,2010,0,86,0,0,0,1,4,45,1,1,2,1,3,3,1,80,1,1,1,13,0,0
36,361028,1,1,1,14,12,8,20,8,0,1,0,36,3,84,881,84881,63,2009,1HTMMAAN59H0,1,H,T,M,M,A,A,N,5,9,H,0,0,T,INTL,430,CC,9,17,,7,0,0,40S,D,,,6,466,,,,,00000,00,,42,0,77,777777777,77777777777,3,1,1,1,0,0,0,0,0,0,0,999,0,0,0,8,0,1,8,0,0,0,1,36,10461,6,1,6,1,3,0,67,999,0,3,0,0,1,12,2009,11,2011,0,86,0,0,0,1,3,99,1,1,2,1,0,0,1,80,1,1,1,13,0,0