STATE,ST_CASE,VEH_NO,VE_FORMS,NUMOCCS,DAY,MONTH,HOUR,MINUTE,HARM_EV,MAN_COLL,UNITTYPE,HIT_RUN,REG_STAT,OWNER,MAKE,MODEL,MAK_MOD,BODY_TYP,MOD_YEAR,VIN,VIN_1,VIN_2,VIN_3,VIN_4,VIN_5,VIN_6,VIN_7,VIN_8,VIN_9,VIN_10,VIN_11,VIN_12,TOW_VEH,VINTYPE,VINMAKE,VINA_MOD,VIN_BT,VINMODYR,VIN_LNGT,VIN_WGT,WGTCD_TR,WHLBS_LG,WHLBS_SH,SER_TR,FUELCODE,MCYCL_DS,CARBUR,CYLINDER,DISPLACE,MCYCL_CY,MCYCL_WT,TIRE_SZE,TON_RAT,TRK_WT,TRKWTVAR,VIN_REST,WHLDRWHL,J_KNIFE,MCARR_I1,MCARR_I2,MCARR_ID,GVWR,V_CONFIG,CARGO_BT,HAZ_INV,HAZ_PLAC,HAZ_ID,HAZ_CNO,HAZ_REL,BUS_USE,SPEC_USE,EMER_USE,TRAV_SP,UNDERIDE,ROLLOVER,ROLINLOC,IMPACT1,DEFORMED,TOWED,M_HARM,VEH_SC1,VEH_SC2,FIRE_EXP,DR_PRES,L_STATE,DR_ZIP,L_STATUS,L_TYPE,CDL_STAT,L_ENDORS,L_COMPL,L_RESTRI,DR_HGT,DR_WGT,PREV_ACC,PREV_SUS,PREV_DWI,PREV_SPD,PREV_OTH,FIRST_MO,FIRST_YR,LAST_MO,LAST_YR,SPEEDREL,DR_SF1,DR_SF2,DR_SF3,DR_SF4,VTRAFWAY,VNUM_LAN,VSPD_LIM,VALIGN,VPROFILE,VPAVETYP,VSURCOND,VTRAFCON,VTCONT_F,P_CRASH1,P_CRASH2,P_CRASH3,PCRASH4,PCRASH5,ACC_TYPE,DEATHS,DR_DRINK
36,361079,1,2,1,29,7,7,45,9,0,1,0,36,2,76,709,76709,80,2007,JYARJ12E67A0,J,Y,A,R,J,1,2,E,6,7,A,0,0,M,YAMA,R6L,RC,7,17,,,,,,,599,,4,,4,357,,,,,,,0,0,000000000,00000000000,0,0,0,1,0,0,0,0,0,0,0,999,0,0,0,12,6,2,9,0,0,0,1,36,14625,2,1,0,0,2,2,71,999,1,11,2,0,0,7,2010,2,2012,0,74,0,0,0,1,2,55,1,1,2,1,0,0,1,83,1,1,4,13,0,1
36,361079,2,2,4,29,7,7,45,9,0,1,0,36,2,35,47,35047,4,1999,1N4DL01D0XC2,1,N,4,D,L,0,1,D,0,X,C,2,0,P,NISS,AGS,4D,99,17,2762,,0,1031,,G,,F,4,146,,,15R195,,,,,,0,0,000000000,00000000000,0,0,0,1,0,0,0,0,0,0,0,999,0,0,0,12,8,3,12,0,0,0,1,36,14445,0,0,0,0,0,0,64,999,0,0,0,0,0,0,0,0,0,0,0,0,0,0,1,2,55,1,1,2,1,0,0,1,83,1,1,1,98,0,1
36,361080,1,1,1,29,12,12,22,42,0,1,0,36,1,20,2,20002,4,2003,2G1WF52E7391,2,G,1,W,F,5,2,E,7,3,9,1,0,P,CHEV,IMP,4D,3,17,3389,,0,1105,,G,,F,6,207,,,16R225,,,,,,0,0,000000000,00000000000,0,0,0,1,0,0,0,0,0,0,0,999,0,1,5,12,6,2,1,0,0,0,1,36,12414,6,1,6,0,3,0,73,999,0,0,0,0,0,0,0,0,0,1,0,0,0,0,1,2,99,2,1,2,1,0,0,14,12,1,1,4,6,1,0
36,361081,1,1,1,15,12,1,4,8,0,1,0,36,3,98,998,98998,97,2011,2A9AM4LK7BB1,2,A,9,A,M,4,L,K,7,B,B,1,0,U,,,,,17,,,,,,,,,,,,,,,,,,,0,0,000000000,00000000000,0,0,0,1,0,0,0,0,0,0,0,999,0,0,0,3,8,3,8,0,0,0,1,36,10302,6,1,0,0,3,0,68,999,0,0,0,0,0,0,0,0,0,0,0,0,0,0,1,4,30,1,1,2,1,0,0,1,80,1,1,1,13,0,0
36,361082,1,2,2,16,12,4,45,12,6,1,0,36,2,35,49,35049,9,2004,JN8AZ08W14W3,J,N,8,A,Z,0,8,W,1,4,W,3,0,P,NISS,MUR,UT,4,17,3822,,0,1112,,G,,F,6,213,,,18R235,,,,,,0,0,000000000,00000000000,0,0,0,1,0,0,0,0,0,0,0,999,0,0,0,3,8,2,12,0,0,0,1,36,11233,6,1,0,0,3,0,67,999,0,0,0,0,0,0,0,0,0,0,0,0,0,0,3,2,99,1,1,2,1,0,0,1,10,1,2,2,64,2,1
36,361082,2,2,1,16,12,4,45,12,6,1,0,36,2,12,401,12401,14,2006,1FMEU73E36UA,1,F,M,E,U,7,3,E,3,6,U,A,0,P,FORD,EPR,UT,6,17,4456,,0,1137,,G,,F,6,244,,,16R235,,,,,,0,0,000000000,00000000000,0,0,0,1,0,0,0,0,0,0,0,999,0,0,0,12,8,2,12,0,0,0,1,36,11203,6,1,0,0,3,0,78,999,1,0,0,0,0,1,2012,1,2012,0,0,0,0,0,3,2,99,1,1,2,1,0,0,1,62,1,1,1,65,0,0
36,361083,1,1,1,26,12,18,50,8,0,1,1,99,9,99,999,99999,99,9999,999999999999,9,9,9,9,9,9,9,9,9,9,9,9,0,,,,,,,,,,,,,,,,,,,,,,,,,0,0,000000000,00000000000,0,0,0,1,0,0,0,0,0,0,0,999,0,0,0,99,9,1,8,0,0,0,1,99,99999,9,9,99,9,9,9,999,999,99,99,99,99,99,99,9999,99,9999,9,0,0,0,0,1,2,30,1,1,2,1,0,0,1,80,1,9,9,13,0,0
36,361084,1,1,1,24,11,19,58,8,0,1,0,36,2,41,51,41051,4,2012,JM1BL1W89C16,J,M,1,B,L,1,W,8,9,C,1,6,0,P,MAZD,M3I,4D,12,17,2969,,0,1039,,G,,F,4,122,,,16R205,,,,,,0,0,000000000,00000000000,0,0,0,1,0,0,0,0,0,0,0,999,0,0,0,12,8,3,8,0,0,0,1,36,11572,6,1,0,0,3,0,61,999,0,0,0,0,0,0,0,0,0,0,0,0,0,0,1,4,99,1,1,2,1,3,3,1,80,1,1,1,13,0,0
36,361085,1,1,3,19,7,20,3,19,0,1,0,36,1,35,39,35039,4,2003,JN1DA31D63T5,J,N,1,D,A,3,1,D,6,3,T,5,0,P,NISS,MGS,4D,3,17,3118,,0,1083,,G,,F,6,214,,,16R225,,,,,,0,0,000000000,00000000000,0,0,0,1,0,0,0,0,0,0,0,998,0,0,0,12,6,2,19,0,0,0,1,36,11590,6,1,0,0,3,0,68,999,0,0,0,0,0,0,0,0,0,1,0,0,0,0,6,2,98,2,1,2,1,0,0,14,12,1,1,4,6,1,1
36,361086,1,1,3,17,12,5,15,30,0,1,0,36,2,35,39,35039,4,2000,JN1CA31D1YT7,J,N,1,C,A,3,1,D,1,Y,T,7,0,P,NISS,MGS,4D,0,17,3071,,0,1083,,G,,F,6,182,,,15R205,,,,,,0,0,000000000,00000000000,0,0,0,1,0,0,0,0,0,0,0,999,0,0,0,12,8,2,30,0,0,0,1,36,10301,1,1,0,0,2,2,73,999,1,4,0,0,1,7,2010,12,2012,1,74,0,0,0,1,2,30,1,1,2,2,0,0,1,13,1,1,4,1,1,1
36,361087,1,1,2,5,11,17,51,8,0,1,0,36,3,7,482,7482,31,1998,1B7MF3368WJ2,1,B,7,M,F,3,3,6,8,W,J,2,0,T,DODG,Q35,4C,98,17,,3,0,1547,RPC,D,,,6,359,,,,D,6068,00,U,44,0,0,000000000,00000000000,0,0,0,1,0,0,0,0,0,0,0,999,0,0,0,12,0,1,8,0,0,0,1,36,11520,6,1,0,0,3,0,66,999,0,0,0,0,0,0,0,0,0,0,38,0,0,0,1,4,98,1,1,2,1,3,3,11,80,1,1,1,13,0,0
36,361088,1,1,1,25,9,19,45,8,0,1,0,0,0,76,709,76709,80,9999,999999999999,9,9,9,9,9,9,9,9,9,9,9,9,0,,,,,,,,,,,,,,,,,,,,,,,,,0,0,000000000,00000000000,0,0,0,1,0,0,0,0,0,0,0,40,0,0,0,12,8,1,8,0,0,0,1,36,10456,0,0,0,0,0,0,70,999,0,2,0,0,0,1,2011,3,2011,1,38,39,0,0,4,1,99,1,1,2,1,3,3,1,80,98,1,1,13,0,0
36,361089,1,1,2,8,4,5,50,5,0,1,1,36,2,34,34,34034,2,2000,WBAAM3343YKC,W,B,A,A,M,3,3,4,3,Y,K,C,0,P,BMW,3I2,4D,0,17,3153,,0,1073,,G,,F,6,152,,,15R195,,,,,,0,0,000000000,00000000000,0,0,0,1,0,0,0,0,0,0,0,999,0,0,0,0,0,1,5,0,0,0,1,36,12568,0,0,0,0,0,0,999,999,0,0,0,0,0,0,0,0,0,0,8,0,0,0,6,1,20,4,1,2,1,0,0,14,98,1,1,1,0,1,0
36,361090,1,2,1,8,12,14,25,12,6,1,0,34,1,54,421,54421,15,2012,2HNYD2H31CH5,2,H,N,Y,D,2,H,3,1,C,H,5,0,P,ACUR,MDX,UT,12,17,4594,,0,1083,,G,,F,6,226,,,18R255,,,,,,0,0,000000000,00000000000,0,0,0,1,0,0,0,0,0,0,0,999,0,0,0,12,8,2,12,0,0,0,1,12,34120,6,1,0,0,3,0,72,999,0,3,1,0,0,5,2011,12,2011,0,38,0,0,0,4,1,99,1,1,2,2,20,3,1,55,1,1,1,88,0,0
36,361090,2,2,3,8,12,14,25,12,6,1,0,36,1,2,404,2404,14,1997,1J4GZ58S8VC5,1,J,4,G,Z,5,8,S,8,V,C,5,0,T,JEEP,LRT,4W,97,17,,1,0,1059,GCK,G,,,6,242,,,,,3700,00,E,44,0,0,000000000,00000000000,0,0,0,1,0,0,0,0,0,0,0,999,0,1,1,11,8,2,1,0,0,0,1,36,10305,6,1,0,0,3,3,66,999,0,0,0,0,1,3,2011,3,2011,0,0,0,0,0,1,2,99,1,1,1,2,0,0,1,66,1,1,1,89,0,0
36,361091,1,1,1,28,5,8,50,8,0,1,0,36,2,12,461,12461,21,1998,1FTSE34L1WHA,1,F,T,S,E,3,4,L,1,W,H,A,0,T,FORD,35V,CG,98,17,,2,0,1380,VAN,G,,,8,330,,,,D,5356,00,M,42,0,0,000000000,00000000000,0,0,0,1,0,0,0,0,0,0,0,998,0,0,0,9,8,3,8,0,0,0,1,36,10301,6,1,6,0,3,0,68,999,0,0,0,0,1,6,2011,6,2011,0,86,0,0,0,5,4,98,1,1,2,1,0,0,3,80,10,1,1,13,0,0
36,361092,1,1,1,18,7,9,45,8,0,1,0,36,2,49,442,49442,20,2007,5TDZK23C47S0,5,T,D,Z,K,2,3,C,4,7,S,0,0,P,TOYT,SIE,SV,7,17,4177,,0,1193,,G,,F,6,214,,,16R215,,,,,,0,0,000000000,00000000000,0,0,0,1,0,0,0,0,0,0,0,998,0,0,0,6,0,1,8,0,0,0,1,36,11379,6,1,0,0,3,3,67,999,0,0,0,0,0,0,0,0,0,0,86,0,0,0,4,1,98,1,1,2,1,0,0,13,80,1,1,1,92,0,0
36,361093,1,1,1,4,8,12,28,8,0,1,0,36,3,98,907,98907,52,2009,1VHHH3P2X967,1,V,H,H,H,3,P,2,X,9,6,7,0,T,ONTR,,,9,17,,,,,,,,,,,,,,,,,,,0,88,888888888,88888888888,2,21,22,1,0,0,0,0,6,0,0,998,0,0,0,14,0,1,8,0,0,0,1,36,10307,6,1,6,1,3,3,65,999,0,0,0,0,0,0,0,0,0,0,86,0,0,0,1,4,98,1,1,2,1,0,0,4,80,1,1,7,13,0,0
36,361094,1,1,2,28,9,3,38,8,0,1,0,36,3,12,16,12016,4,2008,2FAFP70V78X1,2,F,A,F,P,7,0,V,7,8,X,1,0,P,FORD,CVS,4D,8,17,0,,1207,1147,,F,,F,8,281,,,17R235,,,,,,0,0,000000000,00000000000,0,0,0,1,0,0,0,0,0,1,0,998,0,0,0,12,0,1,8,0,0,0,1,36,11356,6,1,0,0,3,3,68,999,0,0,0,0,0,0,0,0,0,0,86,79,0,0,1,4,98,1,1,2,2,1,3,1,80,1,1,1,13,0,0
36,361095,1,2,1,30,10,18,15,12,6,1,0,36,1,54,35,54035,4,2000,19UUA5668YA0,1,9,U,U,A,5,6,6,8,Y,A,0,0,P,ACUR,32T,4D,0,17,3483,,0,1081,,G,,F,6,197,,,16R205,,,,,,0,0,000000000,00000000000,0,0,0,1,0,0,0,0,0,0,0,998,0,0,0,12,8,2,12,0,0,0,1,36,11234,6,1,0,0,3,0,70,999,0,0,0,0,0,0,0,0,0,1,38,0,0,0,1,2,98,1,1,2,2,3,1,1,55,1,1,1,88,1,0
36,361095,2,2,2,30,10,18,15,12,6,1,0,36,3,13,1,13001,4,2001,1LNHM82W01Y6,1,L,N,H,M,8,2,W,0,1,Y,6,0,P,LINC,SIG,4D,1,17,4070,,0,1177,,G,,F,8,281,,,16R225,,,,,,0,0,000000000,00000000000,0,0,0,1,0,0,0,0,0,1,0,998,0,0,0,11,8,2,12,0,0,0,1,36,11209,6,1,0,0,3,1,67,999,1,0,0,0,0,1,2011,1,2011,0,0,0,0,0,3,3,98,1,1,2,2,3,1,1,17,1,1,1,89,0,0
36,361096,1,1,2,2,11,6,0,25,0,1,0,36,1,34,35,34035,4,2002,WBADT334X2GF,W,B,A,D,T,3,3,4,X,2,G,F,0,P,BMW,525,4D,2,17,3450,,0,1114,,G,,F,6,152,,,16R225,,,,,,0,0,000000000,00000000000,0,0,0,1,0,0,0,0,0,0,0,998,0,0,0,12,8,2,25,0,0,0,1,36,11590,6,1,0,0,3,0,76,999,0,0,0,0,0,0,0,0,0,0,85,0,0,0,3,3,98,1,1,2,1,0,0,1,12,6,1,4,8,1,0
36,361097,1,1,1,28,11,9,50,8,0,1,0,36,2,35,401,35401,14,2000,JN8AR07Y0YW4,J,N,8,A,R,0,7,Y,0,Y,W,4,0,P,NISS,PFI,UT,0,17,3977,,0,1063,,G,,F,6,201,,,16R255,,,,,,0,0,000000000,00000000000,0,0,0,1,0,0,0,0,0,0,0,998,0,0,0,3,8,2,8,0,0,0,1,36,11550,6,1,0,0,3,3,64,999,0,0,0,0,0,0,0,0,0,0,86,0,0,0,1,2,98,1,1,2,1,0,0,1,80,1,1,1,13,0,0
36,361098,1,2,1,29,12,9,30,12,2,1,0,36,2,12,402,12402,14,2005,1FMYU93145KA,1,F,M,Y,U,9,3,1,4,5,K,A,0,P,FORD,SPE,UT,5,17,3464,,0,1031,,G,,F,6,183,,,16R235,,,,,,0,0,000000000,00000000000,0,0,0,1,0,0,0,0,0,0,0,999,0,0,0,12,8,2,12,0,0,0,1,36,13619,6,1,0,0,3,3,66,999,1,0,0,0,0,3,2012,3,2012,1,87,0,0,0,1,2,55,1,1,2,3,0,0,1,10,1,1,2,50,0,0
36,361098,2,2,4,29,12,9,30,12,2,1,0,36,1,20,402,20402,14,2002,2CNBJ6346269,2,C,N,B,J,6,3,4,6,2,6,9,0,P,CHEV,TKR,UT,2,17,2987,,0,976,,G,,F,6,152,,,15R215,,,,,,0,0,000000000,00000000000,0,0,0,1,0,0,0,0,0,0,0,999,0,0,0,12,8,2,12,0,0,0,1,36,13619,6,1,0,0,3,0,68,999,1,0,0,0,0,11,2011,11,2011,0,0,0,0,0,1,2,55,1,1,2,3,0,0,1,62,1,1,1,51,2,0
36,361099,1,2,1,24,10,4,6,12,6,1,0,36,2,9,34,9034,4,1994,JP3EA11AXRU0,J,P,3,E,A,1,1,A,X,R,U,0,0,P,PLYM,COL,2D,94,17,2006,,0,961,,G,,F,4,090,,,13R145,,,,,,0,0,000000000,00000000000,0,0,0,1,0,0,0,0,0,0,0,999,0,0,0,3,8,2,12,0,0,0,1,36,12590,6,1,6,0,3,0,72,999,0,0,0,0,0,0,0,0,0,0,39,0,0,0,1,4,55,1,2,2,2,1,3,1,66,1,1,1,87,1,0
36,361099,2,2,1,24,10,4,6,12,6,1,0,36,1,7,482,7482,31,2009,1D3HV18P29S8,1,D,3,H,V,1,8,P,2,9,S,8,0,T,DODG,Q15,CW,9,17,,2,0,1400,RPC,G,,,8,287,,,,B,5200,00,K,44,0,0,000000000,00000000000,0,0,0,1,0,0,0,0,0,0,0,50,0,0,0,12,8,2,12,0,0,0,1,36,10958,6,1,6,0,3,0,71,999,0,0,0,0,0,0,0,0,0,0,0,0,0,0,1,4,55,1,2,2,2,1,3,1,17,1,1,1,86,0,0
37,370001,1,1,1,2,1,15,23,53,0,1,0,37,2,37,32,37032,4,2004,1HGCM56334A1,1,H,G,C,M,5,6,3,3,4,A,1,0,P,HOND,ULX,4D,4,17,3113,,0,1079,,G,,F,4,146,,,15R205,,,,,,0,0,000000000,00000000000,0,0,0,1,0,0,0,0,0,0,0,999,0,0,0,12,6,2,43,0,0,0,1,37,28443,6,1,0,0,3,3,64,999,0,3,0,1,3,1,2009,8,2011,9,99,99,99,99,1,2,35,1,1,2,1,0,0,1,13,1,1,4,6,1,0
37,370002,1,2,2,7,1,16,16,12,6,1,0,37,2,37,31,37031,4,2002,1HGES26732L0,1,H,G,E,S,2,6,7,3,2,L,0,0,P,HOND,UAX,4D,2,17,2615,,0,1031,,G,,F,4,102,,,15R185,,,,,,0,0,000000000,00000000000,0,0,0,1,0,0,0,0,0,0,0,5,0,0,0,11,6,2,12,0,0,0,1,37,28681,6,1,0,0,3,3,68,999,0,0,0,0,0,0,0,0,0,0,0,0,0,0,1,2,55,1,3,2,1,0,0,11,19,1,1,1,82,0,0
37,370002,2,2,1,7,1,16,16,12,6,1,0,37,2,76,705,76705,80,1996,JYA4NAE08TA0,J,Y,A,4,N,A,E,0,8,T,A,0,0,M,YAMA,YZF,RC,96,17,,,,,,,599,,4,,4,408,,,,,,,0,0,000000000,00000000000,0,0,0,1,0,0,0,0,0,0,0,70,0,0,0,12,6,2,12,0,0,0,1,37,28681,1,1,0,0,2,0,68,999,0,3,2,0,0,8,2009,7,2011,1,36,0,0,0,1,2,55,1,3,2,1,0,0,1,54,1,1,1,83,1,1
37,370003,1,1,1,23,1,23,28,8,0,1,0,37,1,6,441,6441,20,2003,2C8GP44R53R3,2,C,8,G,P,4,4,R,5,3,R,3,0,T,CHRY,TLX,ES,3,17,,1,0,1193,TWC,G,,,6,201,,,,,3963,00,,42,0,0,000000000,00000000000,0,0,0,1,0,0,0,0,0,0,0,45,0,0,0,12,6,2,8,0,0,0,1,37,27889,6,1,0,0,3,0,66,999,0,0,0,0,0,0,0,0,0,0,0,0,0,0,1,4,45,1,1,2,2,0,0,1,80,1,1,1,13,0,0
37,370004,1,1,1,8,1,23,31,42,0,1,0,37,3,23,481,23481,31,1993,1GTEK14Z8PE5,1,G,T,E,K,1,4,Z,8,P,E,5,0,T,GMC,SK1,PK,93,17,,2,1315,1175,SIE,G,,,6,262,,,,B,00000,00,A,44,0,0,000000000,00000000000,0,0,0,1,0,0,0,0,0,0,0,80,0,0,0,12,6,2,42,0,0,1,1,37,28420,1,1,0,0,2,0,72,999,1,3,0,0,2,1,2011,11,2011,1,36,0,0,0,1,2,55,3,1,2,1,0,0,14,6,1,1,4,1,1,1
37,370005,1,2,1,18,1,15,50,12,6,1,0,37,1,12,473,12473,30,2004,1FMDU77K64UA,1,F,M,D,U,7,7,K,6,4,U,A,0,P,FORD,EPR,UT,4,17,4349,,0,1259,,F,,F,6,245,,,16R235,,,,,,0,0,000000000,00000000000,0,0,0,1,0,0,0,0,0,0,0,55,0,0,0,12,6,2,12,0,0,0,1,37,28470,1,1,0,0,2,0,67,999,0,1,0,0,0,6,2009,6,2009,0,39,0,0,0,2,4,55,1,1,2,1,3,3,1,17,1,1,1,88,0,0
37,370005,2,2,1,18,1,15,50,12,6,1,0,37,1,41,45,41045,1,1994,JM1NA3535R05,J,M,1,N,A,3,5,3,5,R,0,5,0,P,MAZD,MIA,CV,94,17,2293,,0,892,,G,,F,4,112,,,14R185,,,,,,0,0,000000000,00000000000,0,0,0,1,0,0,0,0,0,0,0,10,0,0,0,9,6,2,12,0,0,0,1,37,28422,6,1,0,0,3,3,62,999,0,0,0,0,0,0,0,0,0,0,0,0,0,0,2,4,55,1,1,2,1,3,3,4,17,1,1,1,89,1,0
37,370006,1,1,2,16,1,2,13,35,0,1,0,37,1,55,33,55033,4,2011,5NPEC4AB3BH1,5,N,P,E,C,4,A,B,3,B,H,1,0,P,HYUN,SLI,4D,11,17,3338,,0,1100,,G,,T,4,121,,,17R215,,,,,,0,0,000000000,00000000000,0,0,0,1,0,0,0,0,0,0,0,100,0,1,5,2,6,2,42,0,0,0,1,37,28748,6,1,0,0,3,0,66,999,1,0,0,0,0,2,2010,2,2010,1,36,0,0,0,3,2,55,2,2,2,1,0,0,14,6,1,1,4,1,1,1
37,370007,1,3,1,18,1,11,20,12,6,1,0,37,1,35,43,35043,4,2006,3N1CB51D56L5,3,N,1,C,B,5,1,D,5,6,L,5,0,P,NISS,S18,4D,6,17,2509,,0,998,,G,,F,4,108,,,15R195,,,,,,0,0,000000000,00000000000,0,0,0,1,0,0,0,0,0,0,0,5,0,0,0,11,6,2,12,0,0,0,1,37,28730,6,1,0,0,3,0,69,999,1,0,0,0,0,8,2009,8,2009,0,0,0,0,0,1,5,50,1,1,2,1,20,3,11,15,1,1,1,82,0,0
37,370007,2,3,1,18,1,11,20,12,6,1,0,37,1,7,482,7482,31,2009,1D3HV13P79J5,1,D,3,H,V,1,3,P,7,9,J,5,0,T,DODG,150,CW,9,17,,2,0,1400,RPC,G,,,8,287,,,,B,5200,00,K,44,0,0,000000000,00000000000,0,0,0,1,0,0,0,0,0,0,0,96,0,0,0,12,6,2,54,0,0,0,1,37,28730,6,1,0,0,3,3,70,999,0,0,0,0,0,0,0,0,0,1,36,0,0,0,1,5,50,2,1,2,1,0,0,14,54,1,1,1,83,0,0
37,370007,3,3,2,18,1,11,20,12,6,1,0,37,1,49,49,49049,6,2006,JTLKT3346640,J,T,L,K,T,3,3,4,6,6,4,0,0,P,TOYT,SXB,UT,6,17,2395,,0,984,,G,,F,4,092,,,15R185,,,,,,0,0,000000000,00000000000,0,0,0,1,0,0,0,0,0,0,0,50,0,1,5,12,6,2,54,0,0,0,1,37,28803,6,1,0,0,3,0,69,999,0,0,0,1,0,11,2009,11,2009,0,0,0,0,0,1,5,50,3,1,2,1,0,0,14,54,1,1,1,98,1,0
37,370008,1,1,1,19,1,9,46,42,0,1,0,37,1,49,401,49401,14,1998,JT3HN87R2W90,J,T,3,H,N,8,7,R,2,W,9,0,0,P,TOYT,RUN,UT,98,17,3940,,0,1053,,G,,F,6,206,,,16R265,,,,,,0,0,000000000,00000000000,0,0,0,1,0,0,0,0,0,0,0,45,0,1,5,12,6,2,42,0,0,0,1,37,28730,6,1,0,0,3,0,61,999,0,0,0,0,0,0,0,0,0,0,58,0,0,0,1,2,45,3,2,2,1,0,0,14,13,1,1,4,1,1,0
37,370009,1,1,2,15,1,19,19,30,0,1,0,37,2,7,472,7472,30,2000,1B7FL26XXYS5,1,B,7,F,L,2,6,X,X,Y,S,5,0,T,DODG,DAK,PK,0,17,,1,0,1119,DAK,G,,,6,239,,,,B,3262,00,U,42,0,0,000000000,00000000000,0,0,0,1,0,0,0,0,0,0,0,60,0,0,0,9,6,2,30,0,0,0,1,37,28655,1,1,0,0,2,0,66,999,0,6,2,0,2,3,2009,7,2010,1,36,0,0,0,1,2,45,3,2,2,1,0,0,14,6,1,1,4,1,1,1
37,370010,1,2,1,23,1,16,3,12,6,1,0,37,2,7,41,7041,4,1996,2B3HD46T4TH2,2,B,3,H,D,4,6,T,4,T,H,2,0,P,DODG,INT,4D,96,17,3311,,0,1130,,G,,F,6,201,,,16R225,,,,,,0,0,000000000,00000000000,0,0,0,1,0,0,0,0,0,0,0,65,0,0,0,9,6,2,12,0,0,0,1,37,28025,6,1,0,0,3,0,71,999,1,0,0,0,0,1,2011,1,2011,1,28,36,0,0,1,2,55,3,2,2,2,0,0,14,6,1,1,2,64,1,0
37,370010,2,2,2,23,1,16,3,12,6,1,0,37,1,12,481,12481,31,1997,1FTJW36F6VEA,1,F,T,J,W,3,6,F,6,V,E,A,0,T,FORD,F35,CW,97,17,,2,0,1680,COF,D,,,8,444,,,,D,5660,01,A,44,0,0,000000000,00000000000,0,0,0,1,0,0,0,0,0,0,0,40,0,0,0,12,6,2,12,0,0,0,1,37,28025,6,1,0,0,3,3,60,999,0,0,0,0,0,0,0,0,0,0,0,0,0,0,1,2,55,2,2,2,2,0,0,14,62,1,1,1,65,0,0
37,370011,1,1,1,10,1,22,43,42,0,1,0,37,1,48,38,48038,4,2007,JF1GD75627G5,J,F,1,G,D,7,5,6,2,7,G,5,0,P,SUBA,WTR,4D,7,17,3192,,0,994,,G,,T,4,150,,,17R215,,,,,,0,0,000000000,00000000000,0,0,0,1,0,0,0,0,0,0,0,100,0,0,0,62,6,2,42,0,0,0,1,37,28645,6,1,0,0,3,0,72,999,0,0,0,0,0,0,0,0,0,1,36,0,0,0,1,2,35,2,1,2,1,0,0,14,6,1,1,4,6,1,0
37,370012,1,2,2,13,1,19,50,12,6,1,0,37,2,52,46,52046,4,2002,JA3AJ26E42U0,J,A,3,A,J,2,6,E,4,2,U,0,0,P,MITS,LES,4D,2,17,2646,,0,1024,,G,,F,4,122,,,14R185,,,,,,0,0,000000000,00000000000,0,0,0,1,0,0,0,0,0,0,0,10,0,1,5,81,6,2,12,0,0,0,1,37,28546,6,1,0,0,3,0,70,999,0,1,0,0,1,9,2011,12,2011,0,38,39,0,0,1,2,55,1,1,2,1,20,3,11,15,1,1,1,68,1,1
37,370012,2,2,2,13,1,19,50,12,6,1,0,37,1,37,32,37032,4,2009,1HGCP26789A1,1,H,G,C,P,2,6,7,8,9,A,1,0,P,HOND,UEX,4D,9,17,3349,,0,1102,,G,,F,4,146,,,17R225,,,,,,0,0,000000000,00000000000,0,0,0,1,0,0,0,0,0,0,0,55,0,0,0,12,6,2,12,0,0,0,1,37,27302,6,1,0,0,3,3,65,999,0,0,0,0,0,0,0,0,0,0,0,0,0,0,1,2,55,1,1,2,1,0,0,1,51,1,1,1,69,0,0
37,370013,1,1,3,15,1,21,18,24,0,1,0,37,1,12,422,12422,15,1998,1FMPU18L7WLA,1,F,M,P,U,1,8,L,7,W,L,A,0,P,FORD,EPT,UT,98,17,5177,,0,1190,,G,,F,8,330,,,16R255,,,,,,0,0,000000000,00000000000,0,0,0,1,0,0,0,0,0,0,0,70,0,1,5,12,6,2,1,0,0,0,1,37,27320,1,1,0,0,2,0,77,999,2,0,0,0,3,2,2009,5,2011,1,28,36,0,0,1,2,55,1,4,2,1,0,0,1,10,1,1,4,6,1,1
37,370014,1,1,1,17,1,9,48,42,0,1,0,37,3,12,402,12402,14,2011,1FMCU0C76BKA,1,F,M,C,U,0,C,7,6,B,K,A,0,P,FORD,SPE,UT,11,17,3299,,0,1031,,G,,F,4,153,,,16R235,,,,,,0,0,000000000,00000000000,0,0,0,1,0,0,0,0,0,0,0,45,0,0,0,12,6,2,2,0,0,1,1,37,28816,6,1,6,0,3,0,69,999,1,0,0,1,0,10,2009,2,2010,0,0,0,0,0,1,2,98,1,1,2,1,0,0,1,14,1,1,4,14,1,0
37,370015,1,2,1,10,1,13,27,12,6,1,0,92,0,37,701,37701,88,2009,000000000000,0,0,0,0,0,0,0,0,0,0,0,0,0,,,,,,,,,,,,,,,,,,,,,,,,,0,0,000000000,00000000000,0,0,0,1,0,0,0,0,0,0,0,15,0,0,0,12,6,2,12,0,0,0,1,37,28902,0,0,0,0,1,0,68,999,0,0,0,0,0,0,0,0,0,0,38,0,0,0,1,2,55,1,2,2,1,0,0,11,15,1,1,1,84,1,0
37,370015,2,2,1,10,1,13,27,12,6,1,0,37,1,12,401,12401,14,2004,1FMZU73KX4UB,1,F,M,Z,U,7,3,K,X,4,U,B,0,P,FORD,EPR,UT,4,17,4094,,0,1137,,F,,F,6,245,,,16R235,,,,,,0,0,000000000,00000000000,0,0,0,1,0,0,0,0,0,0,0,55,0,0,0,1,6,2,12,0,0,0,1,37,28906,6,1,0,0,3,3,67,999,0,0,0,0,0,0,0,0,0,0,0,0,0,0,1,2,55,1,2,2,1,0,0,1,54,1,1,1,84,0,0