STATE,ST_CASE,VEH_NO,VE_FORMS,NUMOCCS,DAY,MONTH,HOUR,MINUTE,HARM_EV,MAN_COLL,UNITTYPE,HIT_RUN,REG_STAT,OWNER,MAKE,MODEL,MAK_MOD,BODY_TYP,MOD_YEAR,VIN,VIN_1,VIN_2,VIN_3,VIN_4,VIN_5,VIN_6,VIN_7,VIN_8,VIN_9,VIN_10,VIN_11,VIN_12,TOW_VEH,VINTYPE,VINMAKE,VINA_MOD,VIN_BT,VINMODYR,VIN_LNGT,VIN_WGT,WGTCD_TR,WHLBS_LG,WHLBS_SH,SER_TR,FUELCODE,MCYCL_DS,CARBUR,CYLINDER,DISPLACE,MCYCL_CY,MCYCL_WT,TIRE_SZE,TON_RAT,TRK_WT,TRKWTVAR,VIN_REST,WHLDRWHL,J_KNIFE,MCARR_I1,MCARR_I2,MCARR_ID,GVWR,V_CONFIG,CARGO_BT,HAZ_INV,HAZ_PLAC,HAZ_ID,HAZ_CNO,HAZ_REL,BUS_USE,SPEC_USE,EMER_USE,TRAV_SP,UNDERIDE,ROLLOVER,ROLINLOC,IMPACT1,DEFORMED,TOWED,M_HARM,VEH_SC1,VEH_SC2,FIRE_EXP,DR_PRES,L_STATE,DR_ZIP,L_STATUS,L_TYPE,CDL_STAT,L_ENDORS,L_COMPL,L_RESTRI,DR_HGT,DR_WGT,PREV_ACC,PREV_SUS,PREV_DWI,PREV_SPD,PREV_OTH,FIRST_MO,FIRST_YR,LAST_MO,LAST_YR,SPEEDREL,DR_SF1,DR_SF2,DR_SF3,DR_SF4,VTRAFWAY,VNUM_LAN,VSPD_LIM,VALIGN,VPROFILE,VPAVETYP,VSURCOND,VTRAFCON,VTCONT_F,P_CRASH1,P_CRASH2,P_CRASH3,PCRASH4,PCRASH5,ACC_TYPE,DEATHS,DR_DRINK
37,370016,1,3,1,11,1,6,9,12,6,1,0,37,3,20,481,20481,31,2008,1GBJK34658E1,1,G,B,J,K,3,4,6,5,8,E,1,0,T,CHEV,SK3,CB,8,17,,3,1615,1370,SIL,D,,,8,403,,,,D,5999,00,,44,0,0,000000000,00000000000,0,0,0,1,0,0,0,0,0,0,0,50,0,0,0,62,6,2,12,0,0,0,1,37,28040,6,1,6,0,3,0,72,999,0,0,0,1,0,3,2010,3,2010,0,0,0,0,0,2,4,55,1,1,2,2,0,0,1,62,1,1,1,66,0,0
37,370016,2,3,1,11,1,6,9,12,6,1,0,37,1,22,16,22016,2,2003,1G2JB12F5372,1,G,2,J,B,1,2,F,5,3,7,2,0,P,PONT,SFR,CP,3,17,2771,,0,1041,,G,,F,4,134,,,14R195,,,,,,0,0,000000000,00000000000,0,0,0,1,0,0,0,0,0,0,0,50,0,0,0,9,6,2,54,0,0,0,1,37,28086,6,1,0,0,3,0,63,999,0,0,0,0,0,0,0,0,0,0,0,0,0,0,2,4,55,1,1,2,2,0,0,1,61,1,1,1,98,0,0
37,370016,3,3,1,11,1,6,9,12,6,1,0,37,2,47,35,47035,3,2000,YS3DF78K7Y70,Y,S,3,D,F,7,8,K,7,Y,7,0,0,P,SAA,93E,CV,0,17,3260,,0,1026,,G,,T,4,121,,,16R205,,,,,,0,0,000000000,00000000000,0,0,0,1,0,0,0,0,0,0,0,55,0,0,0,12,6,2,12,0,0,0,1,37,28073,6,1,6,0,3,3,69,999,1,0,0,1,0,1,2009,12,2010,0,28,0,0,0,2,4,55,1,1,2,2,0,0,1,10,1,1,2,66,1,0
37,370017,1,2,2,20,1,17,58,12,8,1,0,37,2,2,404,2404,14,2000,1J4G248S2YC3,1,J,4,G,2,4,8,S,2,Y,C,3,0,T,JEEP,LRO,4W,0,17,,1,0,1059,GCK,G,,,6,244,,,,,3664,00,E,42,0,0,000000000,00000000000,0,0,0,1,0,0,0,0,0,0,0,55,0,1,5,62,6,2,12,0,0,0,1,37,28455,6,1,0,0,3,0,61,999,0,0,0,0,0,0,0,0,0,0,0,0,0,0,1,2,55,2,1,2,1,0,0,14,62,1,1,1,66,1,0
37,370017,2,2,1,20,1,17,58,12,8,1,0,92,0,98,998,98998,92,9999,000000000000,0,0,0,0,0,0,0,0,0,0,0,0,0,,,,,,,,,,,,,,,,,,,,,,,,,0,0,000000000,00000000000,0,0,0,1,0,0,0,0,0,0,0,998,0,0,0,63,4,9,12,0,0,0,1,37,28472,6,1,6,0,1,0,68,999,0,0,0,0,1,11,2010,11,2010,0,28,0,0,0,1,2,55,3,1,2,1,0,0,14,10,1,1,2,66,0,0
37,370018,1,1,1,1,1,20,27,7,0,1,0,37,2,49,40,49040,4,1995,4T1SK12E1SU8,4,T,1,S,K,1,2,E,1,S,U,8,0,P,TOYT,CLE,4D,95,17,3086,,0,1031,,G,,F,4,132,,,14R195,,,,,,0,0,000000000,00000000000,0,0,0,1,0,0,0,0,0,0,0,45,0,0,0,0,0,3,7,0,0,0,1,37,28304,1,1,0,0,2,0,65,999,0,0,0,0,0,0,0,0,0,0,28,0,0,0,2,4,45,1,1,2,1,0,0,1,98,1,1,4,0,1,1
37,370019,1,2,1,22,1,19,47,12,2,1,0,37,1,63,34,63034,4,2009,KNAGE2285953,K,N,A,G,E,2,2,8,5,9,5,3,0,P,KIA,OLE,4D,9,17,3157,,0,1071,,G,,F,4,146,,,16R205,,,,,,0,0,000000000,00000000000,0,0,0,1,0,0,0,0,0,0,0,45,0,0,0,12,6,2,12,0,0,0,1,37,27107,6,1,0,0,3,0,73,999,0,0,0,0,0,0,0,0,0,0,28,0,0,0,1,2,45,2,1,2,1,0,0,14,10,1,1,2,50,1,1
37,370019,2,2,3,22,1,19,47,12,2,1,0,37,2,12,401,12401,14,2002,1FMZU73K72UD,1,F,M,Z,U,7,3,K,7,2,U,D,0,P,FORD,EPR,UT,2,17,4378,,0,1137,,F,,F,6,245,,,16R235,,,,,,0,0,000000000,00000000000,0,0,0,1,0,0,0,0,0,0,0,45,0,0,0,12,6,2,12,0,0,0,1,37,27107,1,1,0,0,2,0,67,999,0,0,0,0,1,2,2011,2,2011,0,91,0,0,0,1,2,45,3,1,2,1,0,0,14,62,1,1,1,51,0,0
37,370020,1,1,1,2,1,8,48,8,0,1,0,37,1,12,401,12401,14,2003,1FMZU72K53UA,1,F,M,Z,U,7,2,K,5,3,U,A,0,P,FORD,EPR,UT,3,17,4094,,0,1137,,F,,F,6,245,,,16R235,,,,,,0,0,000000000,00000000000,0,0,0,1,0,0,0,0,0,0,0,45,0,0,0,12,6,2,8,0,0,0,1,37,27705,6,1,0,0,3,3,62,999,0,0,0,0,0,0,0,0,0,0,0,0,0,0,1,2,45,1,1,2,1,0,0,1,80,1,1,1,13,0,0
37,370021,1,1,1,29,1,11,43,34,0,1,0,37,1,42,45,42045,1,2001,WDBKK65F21F2,W,D,B,K,K,6,5,F,2,1,F,2,0,P,MERZ,SK3,CV,1,17,3040,,0,946,,G,,F,6,195,,,16R205,,,,,,0,0,000000000,00000000000,0,0,0,1,0,0,0,0,0,0,0,55,0,1,5,12,6,2,1,0,0,0,1,37,27852,6,1,0,0,3,0,67,999,0,0,0,0,0,0,0,0,0,0,99,99,99,99,1,2,55,1,1,2,1,0,0,1,10,1,1,4,6,1,0
37,370022,1,3,4,5,1,18,32,12,6,1,0,37,1,18,7,18007,4,2002,2G4WS52J9212,2,G,4,W,S,5,2,J,9,2,1,2,0,P,BUIC,CCU,4D,2,17,3368,,0,1090,,G,,F,6,191,,,15R205,,,,,,0,0,000000000,00000000000,0,0,0,1,0,0,0,0,0,0,0,10,0,0,0,83,6,2,12,0,0,0,1,37,27127,6,1,0,0,3,9,69,999,0,0,0,0,0,0,0,0,0,0,38,0,0,0,2,4,55,1,2,2,1,3,3,11,15,1,1,1,68,1,0
37,370022,2,3,3,5,1,18,32,12,6,1,0,37,2,35,39,35039,4,2000,JN1CA31D8YT5,J,N,1,C,A,3,1,D,8,Y,T,5,0,P,NISS,MGS,4D,0,17,3071,,0,1083,,G,,F,6,182,,,15R205,,,,,,0,0,000000000,00000000000,0,0,0,1,0,0,0,0,0,0,0,55,0,0,0,12,6,2,12,0,0,0,1,37,27295,6,1,0,0,3,9,73,999,0,0,0,0,0,0,0,0,0,0,0,0,0,0,2,4,55,1,2,2,1,3,3,1,67,1,1,1,69,0,0
37,370022,3,3,3,5,1,18,32,12,6,1,0,37,1,54,35,54035,4,2007,19UUA66287A0,1,9,U,U,A,6,6,2,8,7,A,0,0,P,ACUR,ATL,4D,7,17,3623,,0,1079,,G,,F,6,195,,,17R235,,,,,,0,0,000000000,00000000000,0,0,0,1,0,0,0,0,0,0,0,0,0,0,0,11,4,1,12,0,0,0,1,37,27127,6,1,0,0,3,0,64,999,0,0,0,1,0,5,2010,5,2010,0,0,0,0,0,2,4,55,1,2,2,1,3,3,5,61,1,7,1,98,0,0
37,370023,1,2,1,6,1,22,43,12,2,1,0,37,1,12,422,12422,15,1997,1FMFU18L8VLA,1,F,M,F,U,1,8,L,8,V,L,A,0,P,FORD,EPT,UT,97,17,4827,,0,1190,,G,,F,8,330,,,16R255,,,,,,0,0,000000000,00000000000,0,0,0,1,0,0,0,0,0,0,0,35,0,0,0,12,6,2,12,0,0,0,1,37,27107,6,1,0,0,3,0,65,999,0,0,0,0,0,0,0,0,0,1,0,0,0,0,1,2,35,1,1,2,1,0,0,1,10,1,1,2,51,0,1
37,370023,2,2,3,6,1,22,43,12,2,1,0,37,2,7,442,7442,20,1997,2B4GP4431VR2,2,B,4,G,P,4,4,3,1,V,R,2,0,T,DODG,GSS,ES,97,17,,1,0,1193,CAR,G,,,6,181,,,,,3748,00,E,42,0,0,000000000,00000000000,0,0,0,1,0,0,0,0,0,0,0,35,0,0,0,12,6,2,12,0,0,0,1,37,27107,3,1,0,0,2,9,65,999,0,0,0,0,0,0,0,0,0,0,0,0,0,0,1,2,35,1,1,2,1,0,0,1,62,1,1,1,50,1,0
37,370024,1,1,1,6,1,5,10,1,0,1,0,37,2,12,473,12473,30,2001,1FMZU77E11UA,1,F,M,Z,U,7,7,E,1,1,U,A,0,P,FORD,EPR,UT,1,17,4332,,0,1259,,G,,F,6,245,,,15R235,,,,,,0,0,000000000,00000000000,0,0,0,1,0,0,0,0,0,0,0,55,0,2,1,0,6,2,1,0,0,0,1,37,27937,6,1,0,0,3,9,72,999,0,0,0,0,0,0,0,0,0,0,0,0,0,0,1,2,55,3,1,2,1,0,0,14,10,9,4,4,6,1,1
37,370025,1,2,1,6,1,14,2,12,6,1,0,37,1,12,870,12870,61,2006,1FDWE35L26HB,1,F,D,W,E,3,5,L,2,6,H,B,0,T,FORD,3DC,YY,6,17,,3,1760,1380,CTV,G,,,8,330,,,,,00000,00,K,42,0,88,888888888,88888888888,2,1,96,1,0,0,0,0,0,0,0,50,0,0,0,11,6,2,12,0,0,0,1,37,27565,6,1,0,0,3,3,70,999,0,0,0,1,0,2,2009,2,2009,0,28,0,0,0,1,2,55,3,2,2,1,0,0,14,10,1,1,2,64,1,0
37,370025,2,2,1,6,1,14,2,12,6,1,0,37,3,84,884,84884,61,1998,1HTMGABK3WA0,1,H,T,M,G,A,B,K,3,W,A,0,0,T,INTL,652,IC,98,17,,5,2540,1520,10S,D,,,8,444,,,,,00000,00,,42,0,88,888888888,88888888888,2,1,96,1,0,0,0,0,0,0,0,50,0,0,0,9,6,2,12,0,0,0,1,37,27713,6,1,0,0,3,0,74,999,0,0,0,0,0,0,0,0,0,0,0,0,0,0,1,2,55,2,2,2,1,0,0,14,62,1,1,1,65,0,0
37,370026,1,1,1,7,1,22,11,32,0,1,0,37,2,73,705,73705,80,1997,JKAZX4E18VB5,J,K,A,Z,X,4,E,1,8,V,B,5,0,M,KAWK,ZXE,RC,97,17,,,,,,,600,,4,,4,431,,,,,,,0,0,000000000,00000000000,0,0,0,1,0,0,0,0,0,0,0,70,0,0,0,12,6,2,32,0,0,0,1,37,27834,6,1,0,0,3,1,66,999,0,0,0,3,0,3,2010,4,2011,1,29,36,0,0,1,2,45,2,2,2,1,0,0,14,6,1,1,4,1,1,1
37,370027,1,1,1,20,1,22,40,8,0,1,0,37,1,20,16,20016,4,2000,1G1JC5242Y74,1,G,1,J,C,5,2,4,2,Y,7,4,0,P,CHEV,CAV,4D,0,17,2676,,0,1041,,G,,F,4,133,,,14R195,,,,,,0,0,000000000,00000000000,0,0,0,1,0,0,0,0,0,0,0,55,0,0,0,12,2,1,8,0,0,0,1,37,27405,6,1,0,0,3,3,72,999,0,0,0,0,0,0,0,0,0,0,0,0,0,0,3,3,55,1,1,2,6,0,0,1,80,1,1,1,13,0,0
37,370028,1,1,7,26,1,10,52,1,0,1,0,51,1,38,402,38402,14,1995,4S2CM58V6S43,4,S,2,C,M,5,8,V,6,S,4,3,0,P,ISU,ROD,UT,95,17,0,,0,1087,,G,,F,6,195,,,15R225,,,,,,0,0,000000000,00000000000,0,0,0,1,0,0,0,0,0,0,0,70,0,2,1,0,6,2,1,0,0,0,1,37,27406,1,1,0,0,2,0,60,999,0,2,0,1,0,11,2010,1,2012,1,27,0,0,0,3,4,65,1,1,2,1,0,0,6,51,6,1,2,98,1,0
37,370029,1,1,3,6,1,22,30,42,0,1,0,37,2,39,32,39032,4,1995,SAJMX1342SC7,S,A,J,M,X,1,3,4,2,S,C,7,0,P,JAGU,XJ2,4D,95,17,4420,,0,1130,,G,,F,12,366,,,17R255,,,,,,0,0,000000000,00000000000,0,0,0,1,0,0,0,0,0,0,0,70,0,0,0,9,6,2,42,0,0,0,1,37,28376,6,1,0,0,3,0,72,999,0,0,0,0,0,0,0,0,0,1,28,58,0,0,1,2,55,3,2,2,1,0,0,14,12,1,1,4,6,1,1
37,370030,1,1,2,2,1,3,3,42,0,1,0,37,2,24,1,24001,4,2001,1G8ZH52881Z3,1,G,8,Z,H,5,2,8,8,1,Z,3,0,P,STRN,SL1,4D,1,17,2360,,0,1024,,G,,F,4,116,,,14R185,,,,,,0,0,000000000,00000000000,0,0,0,1,0,0,0,0,0,0,0,70,0,0,0,83,6,2,42,0,0,0,1,37,28372,1,1,0,0,2,0,70,999,0,6,0,0,0,1,2010,6,2010,1,6,8,36,0,1,2,35,1,1,2,1,3,3,1,6,1,1,4,1,1,1
37,370031,1,2,4,28,1,17,52,12,6,1,0,37,1,22,22,22022,4,2006,1G2ZH5587641,1,G,2,Z,H,5,5,8,7,6,4,1,0,P,PONT,GGT,4D,6,17,3426,,0,1123,,G,,F,6,214,,,17R225,,,,,,0,0,000000000,00000000000,0,0,0,1,0,0,0,0,0,0,0,10,0,0,0,3,6,2,12,0,0,0,1,37,27592,6,1,0,0,3,0,72,999,1,0,0,1,0,12,2009,10,2011,0,38,0,0,0,1,2,55,1,1,2,1,3,3,11,15,1,1,1,68,0,0
37,370031,2,2,1,28,1,17,52,12,6,1,0,37,1,99,709,99709,80,2004,4K7S81353UC0,4,K,7,S,8,1,3,5,3,U,C,0,0,U,,,,4,17,,,,,,,,,,,,,,,,,,,0,0,000000000,00000000000,0,0,0,1,0,0,0,0,0,0,0,45,0,0,0,12,6,2,12,0,0,0,1,37,27592,6,1,0,0,3,0,76,999,0,0,0,0,0,0,0,0,0,0,0,0,0,0,1,2,45,1,1,2,1,3,3,1,67,1,1,1,69,1,1
37,370032,1,1,3,2,1,15,19,42,0,1,0,37,2,7,472,7472,30,2007,1D7HE48K17S1,1,D,7,H,E,4,8,K,1,7,S,1,0,T,DODG,DQS,CW,7,17,,2,0,1313,DAK,G,,,6,225,,,,B,4291,00,E,42,0,0,000000000,00000000000,0,0,0,1,0,0,0,0,0,0,0,65,0,0,0,12,6,2,42,0,0,0,1,37,28551,1,1,0,0,2,0,73,999,0,5,1,0,2,8,2009,2,2011,1,36,0,0,0,1,2,55,3,2,2,1,0,0,14,13,1,1,4,1,1,1
37,370033,1,1,2,24,1,20,12,8,0,1,0,37,3,7,442,7442,20,2007,2D4GP44L77R1,2,D,4,G,P,4,4,L,7,7,R,1,0,T,DODG,GSX,ES,7,17,,1,0,1193,CAR,G,,,6,232,,,,,4252,00,E,42,0,0,000000000,00000000000,0,0,0,1,0,0,0,0,0,0,0,55,0,0,0,12,4,9,8,0,0,0,1,37,28504,6,1,6,0,3,3,70,999,0,0,0,0,1,12,2010,12,2010,0,0,0,0,0,1,5,45,1,1,2,1,0,0,1,80,1,1,1,13,0,0
37,370034,1,1,2,31,1,16,10,24,0,1,0,4,4,23,881,23881,62,2007,1GDG5C1G07F9,1,G,D,G,5,C,1,G,0,7,F,9,0,T,GMC,C5C,CB,7,17,,6,2240,1280,C55,G,,,8,496,,,,,00000,00,,42,0,88,888888888,88888888888,2,1,1,1,0,0,0,0,0,0,0,50,0,0,0,82,6,2,42,0,0,0,1,37,28164,6,1,0,0,3,3,69,999,0,0,0,0,0,0,0,0,0,0,0,0,0,0,1,2,55,1,1,2,1,0,0,1,13,1,1,4,1,1,0
37,370035,1,2,1,5,1,13,16,12,6,1,0,37,1,20,17,20017,4,1989,1G1AW51W4K61,1,G,1,A,W,5,1,W,4,K,6,1,0,P,CHEV,CEL,4D,89,17,2751,,0,1049,,G,,F,6,173,,,14R185,,,,,,0,0,000000000,00000000000,0,0,0,1,0,0,0,0,0,0,0,40,0,0,0,12,6,2,12,0,0,0,1,37,28744,6,1,0,0,3,0,58,999,0,0,0,0,0,0,0,0,0,0,39,0,0,0,2,5,45,1,1,2,1,3,3,1,54,1,1,1,83,1,0
37,370035,2,2,1,5,1,13,16,12,6,1,0,37,3,12,481,12481,31,2005,1FDXF47P35EB,1,F,D,X,F,4,7,P,3,5,E,B,0,T,FORD,F4D,CB,5,17,,4,2010,1410,DRW,D,,,8,366,,,,,6726,00,E,44,0,0,000000000,00000000000,0,0,0,1,0,0,0,0,0,0,0,20,0,0,0,62,6,2,12,0,0,0,1,37,28734,6,1,6,0,3,3,76,999,0,0,0,0,0,0,0,0,0,0,0,0,0,0,2,5,45,1,1,2,1,3,3,11,15,1,1,1,82,0,0
37,370036,1,1,1,10,1,7,10,8,0,1,0,37,3,87,881,87881,63,2008,2NPRLN0X28M7,2,N,P,R,L,N,0,X,2,8,M,7,0,T,PTRB,340,CC,8,17,,8,0,0,CON,D,,,6,506,,,,,00000,00,,64,0,57,111989,57111989,3,2,8,1,0,0,0,0,0,0,0,998,0,0,0,12,2,3,8,0,0,0,1,37,28214,6,1,6,1,3,1,72,999,0,0,0,0,0,0,0,0,0,0,38,0,0,0,1,3,35,1,1,2,1,3,3,10,80,1,1,1,13,0,0
37,370037,1,1,1,26,1,12,26,8,0,1,0,37,2,53,34,53034,4,2008,KL5JD56Z18K9,K,L,5,J,D,5,6,Z,1,8,K,9,0,P,SUZI,FCP,4D,8,17,2756,,0,1024,,G,,F,4,122,,,15R195,,,,,,0,0,000000000,00000000000,0,0,0,1,0,0,0,0,0,0,0,40,0,0,0,12,4,1,8,0,0,0,1,37,28215,1,1,0,0,2,3,65,999,0,1,0,1,1,8,2011,11,2011,0,91,0,0,0,1,5,35,1,1,2,1,0,0,1,80,1,1,1,13,0,0
37,370039,1,1,1,23,1,12,23,42,0,1,0,37,1,37,471,37471,30,2006,2HJYK16576H5,2,H,J,Y,K,1,6,5,7,6,H,5,0,T,HOND,RTL,CW,6,17,,2,0,1220,RID,G,,,6,214,,,,,4498,00,S,44,0,0,000000000,00000000000,0,0,0,1,0,0,0,0,0,0,0,55,0,0,0,82,6,2,42,0,0,0,1,37,27306,6,1,0,0,3,3,71,999,0,0,0,0,0,0,0,0,0,0,0,0,0,0,1,2,55,3,2,2,2,0,0,14,13,1,1,4,1,1,0
37,370040,1,2,3,21,1,18,36,12,2,1,0,37,1,35,43,35043,4,1995,1N4AB41D1SC7,1,N,4,A,B,4,1,D,1,S,C,7,0,P,NISS,XGU,4D,95,17,2324,,0,998,,G,,F,4,097,,,13R155,,,,,,0,0,000000000,00000000000,0,0,0,1,0,0,0,0,0,0,0,20,0,0,0,12,6,2,12,0,0,0,1,37,27891,6,1,0,0,3,0,65,999,1,0,0,0,0,5,2011,5,2011,0,99,99,99,99,1,4,45,1,1,2,2,3,3,1,17,1,1,1,84,1,0
37,370040,2,2,1,21,1,18,36,12,2,1,0,37,2,7,442,7442,20,1997,1B4GP44R3VB3,1,B,4,G,P,4,4,R,3,V,B,3,0,T,DODG,GSS,ES,97,17,,1,0,1193,CAR,G,,,6,201,,,,,3748,00,E,42,0,0,000000000,00000000000,0,0,0,1,0,0,0,0,0,0,0,45,0,0,0,12,6,2,12,0,0,0,1,37,27804,0,0,0,0,0,0,999,999,0,0,0,0,1,8,2010,8,2010,0,99,99,99,99,1,4,45,1,1,2,2,3,3,11,15,1,1,1,84,0,0
37,370041,1,2,1,6,1,1,27,12,2,1,0,37,3,7,24,7024,4,2009,2B3KA43T89H5,2,B,3,K,A,4,3,T,8,9,H,5,0,P,DODG,CHA,4D,9,17,3820,,0,1200,,G,,F,8,348,,,17R215,,,,,,0,0,000000000,00000000000,0,0,0,1,0,0,0,0,0,5,0,50,0,0,0,12,6,2,12,0,0,0,1,37,28429,6,1,0,0,3,3,72,999,0,0,0,0,0,0,0,0,0,0,0,0,0,0,2,6,50,1,1,2,1,0,0,1,62,1,1,2,52,0,0
37,370041,2,2,1,6,1,1,27,12,2,1,0,37,2,63,33,63033,4,2002,KNAFB1218251,K,N,A,F,B,1,2,1,8,2,5,1,0,P,KIA,STL,4D,2,17,2661,,0,1008,,G,,F,4,109,,,14R185,,,,,,0,0,000000000,00000000000,0,0,0,1,0,0,0,0,0,0,0,50,0,0,0,12,6,2,12,0,0,0,1,37,28451,6,1,0,0,3,0,71,999,0,0,0,0,0,0,0,0,0,0,28,0,0,0,2,6,50,1,1,2,1,0,0,1,54,1,1,1,52,1,0
37,370042,1,1,1,7,1,15,39,43,0,1,0,37,1,23,481,23481,31,1997,2GTEK19R5V15,2,G,T,E,K,1,9,R,5,V,1,5,0,T,GMC,SK1,PC,97,17,,2,1555,1415,SIE,G,,,8,350,,,,B,00000,00,E,44,0,0,000000000,00000000000,0,0,0,1,0,0,0,0,0,0,0,70,0,1,5,11,6,2,1,0,0,0,1,37,28412,6,1,0,0,3,0,74,999,0,0,0,0,0,0,0,0,0,1,36,0,0,0,1,2,45,1,1,2,1,0,0,1,11,1,1,4,1,1,1
37,370043,1,1,5,6,1,0,37,34,0,1,0,37,2,30,40,30040,4,1997,3VWRB81H3VM0,3,V,W,R,B,8,1,H,3,V,M,0,0,P,VOLK,UJG,4D,97,17,2577,,0,974,,G,,F,4,121,,,14R195,,,,,,0,0,000000000,00000000000,0,0,0,1,0,0,0,0,0,0,0,75,0,1,5,12,6,2,1,0,0,0,1,37,28540,1,1,0,0,2,0,71,999,0,1,0,0,6,4,2011,12,2011,1,36,0,0,0,1,2,45,3,1,2,1,0,0,14,6,1,1,4,1,2,1
37,370044,1,1,5,21,1,2,0,42,0,1,0,45,1,2,404,2404,14,1995,1J4GZ78Y0SC6,1,J,4,G,Z,7,8,Y,0,S,C,6,0,T,JEEP,L/O,4W,95,17,,1,0,1059,GCK,G,,,8,318,,,,,3552,00,M,44,0,0,000000000,00000000000,0,0,0,1,0,0,0,0,0,0,0,50,0,0,0,82,6,2,42,0,0,0,1,37,28560,1,1,0,0,2,0,69,999,0,17,1,1,16,5,2009,7,2011,1,36,0,0,0,1,2,35,3,1,2,11,0,0,14,6,1,1,4,1,1,1
37,370045,1,1,1,19,1,21,50,34,0,1,0,37,2,19,3,19003,4,2000,1G6KD54Y1YU2,1,G,6,K,D,5,4,Y,1,Y,U,2,0,P,CADI,DFW,4D,0,17,4012,,0,1138,,G,,F,8,279,,,16R225,,,,,,0,0,000000000,00000000000,0,0,0,1,0,0,0,0,0,0,0,70,0,1,5,2,6,2,1,0,0,0,1,37,27909,6,1,0,0,3,0,64,999,0,0,0,0,2,5,2010,5,2010,1,36,58,0,0,1,2,55,3,2,2,1,0,0,14,6,1,1,4,1,1,1
37,370046,1,2,1,5,1,8,53,12,6,1,0,37,2,51,881,51881,66,1999,4VG7DBRH8XN7,4,V,G,7,D,B,R,H,8,X,N,7,1,T,VOLV,VVN,TR,99,17,,8,0,0,VVN,D,,,6,677,,,,,00000,00,,64,1,57,2058213,572058213,3,6,8,1,0,0,0,0,0,0,0,55,0,0,0,12,6,2,12,0,0,0,1,37,28328,6,1,6,0,3,0,71,999,0,0,0,0,1,8,2010,8,2010,0,0,0,0,0,1,2,55,2,1,2,1,0,0,14,54,1,1,1,83,0,0
37,370046,2,2,2,5,1,8,53,12,6,1,0,37,1,7,20,7020,4,2000,1B3ES46C0YD5,1,B,3,E,S,4,6,C,0,Y,D,5,0,P,DODG,NSE,4D,0,17,2515,,0,1050,,G,,F,4,122,,,14R185,,,,,,0,0,000000000,00000000000,0,0,0,1,0,0,0,0,0,0,0,20,0,0,0,62,6,2,12,0,0,0,1,37,28478,6,1,6,0,3,3,69,999,0,0,0,0,1,9,2009,9,2009,0,38,0,0,0,1,2,15,1,2,2,1,0,0,11,15,1,1,1,82,2,0
37,370047,1,2,2,16,1,18,12,12,6,1,0,37,1,22,18,22018,4,2001,1G2NF52TX1C1,1,G,2,N,F,5,2,T,X,1,C,1,0,P,PONT,SE1,4D,1,17,3116,,0,1070,,G,,F,4,146,,,15R215,,,,,,0,0,000000000,00000000000,0,0,0,1,0,0,0,0,0,0,0,15,0,0,0,62,6,2,12,0,0,0,1,37,27834,6,1,0,0,3,0,67,999,0,0,0,0,0,0,0,0,0,0,38,0,0,0,2,4,55,1,1,2,1,20,3,11,15,1,1,1,82,1,0
37,370047,2,2,4,16,1,18,12,12,6,1,0,37,3,12,481,12481,31,2006,1FDWX35516ED,1,F,D,W,X,3,5,5,1,6,E,D,0,T,FORD,F3S,4B,6,17,,3,0,1620,SRW,G,,,8,329,,,,D,6169,00,U,44,0,0,000000000,00000000000,0,0,0,1,0,0,0,0,0,0,0,50,0,0,0,12,6,2,12,0,0,0,1,53,98168,6,1,0,0,3,0,66,200,2,0,0,1,0,7,2009,2,2010,0,0,0,0,0,2,4,55,1,1,2,1,0,0,1,17,1,1,1,83,0,0
37,370048,1,1,5,21,1,23,32,42,0,1,0,45,2,18,2,18002,4,2004,1G4HP54K7441,1,G,4,H,P,5,4,K,7,4,4,1,0,P,BUIC,LCF,4D,4,17,3567,,0,1122,,G,,F,6,231,,,15R215,,,,,,0,0,000000000,00000000000,0,0,0,1,0,0,0,0,0,0,0,55,0,1,5,61,6,2,1,0,0,0,1,45,29520,6,1,0,0,3,0,67,150,0,1,0,0,0,1,2011,1,2011,0,58,0,0,0,1,2,55,1,2,2,2,0,0,1,13,1,1,4,1,2,1
37,370049,1,2,1,8,1,21,57,12,6,1,0,47,3,84,881,84881,66,2009,2HSCUAPR59C0,2,H,S,C,U,A,P,R,5,9,C,0,1,T,INTL,PPR,TR,9,17,,8,0,0,PRO,D,,,6,915,,,,,00000,00,,64,1,57,0546354,570546354,3,6,1,1,0,0,0,0,0,0,0,65,0,0,0,12,6,2,12,0,0,0,1,25,2114,6,1,6,0,3,3,66,999,0,0,0,0,0,0,0,0,0,0,0,0,0,0,3,4,70,1,1,2,2,0,0,1,54,1,1,1,98,0,0
37,370049,2,2,1,8,1,21,57,12,6,1,0,37,2,49,40,49040,4,1993,4T1SK12E6PU2,4,T,1,S,K,1,2,E,6,P,U,2,0,P,TOYT,CLE,4D,93,17,3053,,0,1031,,G,,F,4,132,,,000000,,,,,,0,0,000000000,00000000000,0,0,0,1,0,0,0,0,0,0,0,20,0,0,0,62,6,2,12,0,0,0,1,37,28364,6,1,0,0,3,0,68,999,0,0,0,0,0,0,0,0,0,0,48,0,0,0,3,4,70,1,1,2,2,0,0,12,54,1,1,2,98,1,0