STATE,ST_CASE,VEH_NO,VE_FORMS,NUMOCCS,DAY,MONTH,HOUR,MINUTE,HARM_EV,MAN_COLL,UNITTYPE,HIT_RUN,REG_STAT,OWNER,MAKE,MODEL,MAK_MOD,BODY_TYP,MOD_YEAR,VIN,VIN_1,VIN_2,VIN_3,VIN_4,VIN_5,VIN_6,VIN_7,VIN_8,VIN_9,VIN_10,VIN_11,VIN_12,TOW_VEH,VINTYPE,VINMAKE,VINA_MOD,VIN_BT,VINMODYR,VIN_LNGT,VIN_WGT,WGTCD_TR,WHLBS_LG,WHLBS_SH,SER_TR,FUELCODE,MCYCL_DS,CARBUR,CYLINDER,DISPLACE,MCYCL_CY,MCYCL_WT,TIRE_SZE,TON_RAT,TRK_WT,TRKWTVAR,VIN_REST,WHLDRWHL,J_KNIFE,MCARR_I1,MCARR_I2,MCARR_ID,GVWR,V_CONFIG,CARGO_BT,HAZ_INV,HAZ_PLAC,HAZ_ID,HAZ_CNO,HAZ_REL,BUS_USE,SPEC_USE,EMER_USE,TRAV_SP,UNDERIDE,ROLLOVER,ROLINLOC,IMPACT1,DEFORMED,TOWED,M_HARM,VEH_SC1,VEH_SC2,FIRE_EXP,DR_PRES,L_STATE,DR_ZIP,L_STATUS,L_TYPE,CDL_STAT,L_ENDORS,L_COMPL,L_RESTRI,DR_HGT,DR_WGT,PREV_ACC,PREV_SUS,PREV_DWI,PREV_SPD,PREV_OTH,FIRST_MO,FIRST_YR,LAST_MO,LAST_YR,SPEEDREL,DR_SF1,DR_SF2,DR_SF3,DR_SF4,VTRAFWAY,VNUM_LAN,VSPD_LIM,VALIGN,VPROFILE,VPAVETYP,VSURCOND,VTRAFCON,VTCONT_F,P_CRASH1,P_CRASH2,P_CRASH3,PCRASH4,PCRASH5,ACC_TYPE,DEATHS,DR_DRINK
37,370089,1,1,1,17,2,18,54,8,0,1,0,37,2,7,481,7481,31,1977,D14BJ7S23551,D,1,4,B,J,7,S,2,3,5,5,1,0,T,DODG,D10,PK,77,13,,2,1490,1150,D10,G,,,8,400,,,,B,3385,02,,42,0,0,000000000,00000000000,0,0,0,1,0,0,0,0,0,0,0,30,0,0,0,12,4,9,8,0,0,0,1,37,27101,6,1,0,0,3,0,70,999,0,0,0,0,0,0,0,0,0,0,0,0,0,0,1,4,35,1,1,2,1,3,3,1,80,1,1,1,13,0,0
37,370090,1,1,1,5,2,2,43,59,0,1,0,37,2,22,2,22002,4,1998,1G2HX52K1W42,1,G,2,H,X,5,2,K,1,W,4,2,0,P,PONT,BVS,4D,98,17,3487,,0,1108,,G,,F,6,231,,,15R215,,,,,,0,0,000000000,00000000000,0,0,0,1,0,0,0,0,0,0,0,80,0,0,0,83,6,2,42,0,0,0,1,37,28052,6,1,0,0,3,0,72,999,0,0,0,0,0,0,0,0,0,1,36,0,0,0,1,2,35,3,2,2,2,0,0,14,6,1,4,4,6,1,1
37,370091,1,2,1,20,2,11,12,12,1,1,0,37,3,51,882,51882,66,1997,4VAJBERE7VN8,4,V,A,J,B,E,R,E,7,V,N,8,1,T,VOLV,WGM,TR,97,17,,7,0,0,WCN,D,,,6,677,,,,,00000,00,,42,1,57,46480,5746480,3,6,1,1,0,0,0,0,0,0,0,55,0,0,0,12,6,2,12,0,0,0,1,37,28609,6,1,6,0,3,3,70,999,1,0,0,0,0,9,2011,9,2011,0,91,0,0,0,3,4,55,1,1,2,1,3,3,1,50,1,1,1,20,0,0
37,370091,2,2,4,20,2,11,12,12,1,1,0,37,2,6,43,6043,4,2009,1C3LC56B49N5,1,C,3,L,C,5,6,B,4,9,N,5,0,P,CHRY,STL,4D,9,17,3376,,0,1089,,G,,F,4,146,,,17R215,,,,,,0,0,000000000,00000000000,0,0,0,1,0,0,0,0,0,0,0,0,0,0,0,6,6,2,12,0,0,0,1,37,28037,6,1,0,0,3,0,72,999,0,0,0,1,3,7,2009,8,2011,0,0,0,0,0,3,4,55,1,1,2,1,3,3,5,18,1,1,1,21,1,0
37,370092,1,3,2,22,2,22,43,12,6,1,0,45,2,54,421,54421,15,2001,2HNYD188X1H5,2,H,N,Y,D,1,8,8,X,1,H,5,0,P,ACUR,MDX,UT,1,17,4383,,0,1063,,G,,F,6,212,,,17R235,,,,,,0,0,000000000,00000000000,0,0,0,1,0,0,0,0,0,0,0,80,0,0,0,12,6,2,12,0,0,0,1,37,28052,1,1,0,0,2,0,66,999,0,0,0,0,0,0,0,0,0,1,36,0,0,0,2,6,45,1,1,2,1,3,3,1,55,1,1,1,86,0,1
37,370092,2,3,2,22,2,22,43,12,6,1,0,37,1,32,43,32043,4,1999,WAUBB28D1XA2,W,A,U,B,B,2,8,D,1,X,A,2,0,P,AUDI,41T,4D,99,17,2910,,0,1030,,G,,T,4,109,,,15R205,,,,,,0,0,000000000,00000000000,0,0,0,1,0,0,0,0,0,0,0,20,0,0,0,3,6,2,12,0,0,0,1,37,28012,6,1,0,0,3,0,70,999,0,0,0,0,0,0,0,0,0,0,0,0,0,0,2,6,45,1,1,2,1,3,3,4,17,1,1,1,87,2,0
37,370092,3,3,2,22,2,22,43,12,6,1,0,37,1,6,52,6052,6,2006,3A4FY48BX6T2,3,A,4,F,Y,4,8,B,X,6,T,2,0,P,CHRY,PTC,SV,6,17,3018,,0,1030,,G,,F,4,148,,,17R205,,,,,,0,0,000000000,00000000000,0,0,0,1,0,0,0,0,0,0,0,0,0,0,0,12,6,2,54,0,0,0,1,37,28012,6,1,0,0,3,0,67,999,1,0,0,0,0,3,2009,3,2009,0,0,0,0,0,2,6,45,1,1,2,1,3,3,5,98,1,1,1,98,0,0
37,370093,1,1,1,4,2,3,49,30,0,1,0,37,2,37,402,37402,14,1999,JHLRD2843XC0,J,H,L,R,D,2,8,4,3,X,C,0,0,P,HOND,CRV,UT,99,17,3126,,0,1032,,G,,F,4,120,,,15R205,,,,,,0,0,000000000,00000000000,0,0,0,1,0,0,0,0,0,0,0,49,0,0,0,10,6,2,30,0,0,0,1,37,27360,6,1,0,0,3,0,64,999,1,0,0,0,0,3,2010,3,2010,1,36,0,0,0,1,4,35,1,2,2,1,0,0,1,13,1,1,4,1,1,1
37,370094,1,1,1,17,2,2,50,8,0,1,0,37,2,30,47,30047,3,2002,3VWCK21C92M4,3,V,W,C,K,2,1,C,9,2,M,4,0,P,VOLK,NGS,2H,2,17,2783,,0,989,,G,,F,4,121,,,16R205,,,,,,0,0,000000000,00000000000,0,0,0,1,0,0,0,0,0,0,0,40,0,0,0,12,6,2,8,0,0,0,1,37,27282,1,1,0,0,2,0,65,999,0,0,0,1,1,8,2009,11,2011,0,99,99,99,99,2,4,45,1,4,2,2,0,0,1,80,1,1,1,13,0,0
37,370095,1,1,1,18,2,1,40,35,0,1,0,37,1,59,32,59032,4,2001,JTHBN30F9100,J,T,H,B,N,3,0,F,9,1,0,0,0,P,LEXS,L43,4D,1,17,3957,,0,1152,,G,,F,8,262,,,16R225,,,,,,0,0,000000000,00000000000,0,0,0,1,0,0,0,0,0,0,0,110,0,1,5,12,6,2,1,0,0,0,1,37,27311,6,1,0,0,3,0,66,999,0,0,0,0,2,7,2011,7,2011,1,36,58,0,0,3,4,60,1,1,2,1,0,0,1,6,1,1,4,1,1,1
37,370096,1,2,3,1,2,14,24,12,2,1,0,37,1,12,17,12017,4,2006,1FAFP53U46A2,1,F,A,F,P,5,3,U,4,6,A,2,0,P,FORD,TSE,4D,6,17,3307,,0,1085,,G,,F,6,183,,,16R215,,,,,,0,0,000000000,00000000000,0,0,0,1,0,0,0,0,0,0,0,70,0,0,0,12,6,2,12,0,0,0,1,37,27843,6,1,0,0,3,3,70,999,0,0,0,1,0,1,2010,1,2010,0,51,91,0,0,3,4,70,1,1,2,1,0,0,1,54,1,1,2,52,1,0
37,370096,2,2,2,1,2,14,24,12,2,1,0,34,1,18,7,18007,4,2004,2G4WS52JX412,2,G,4,W,S,5,2,J,X,4,1,2,0,P,BUIC,CCU,4D,4,17,3342,,0,1090,,G,,F,6,189,,,15R205,,,,,,0,0,000000000,00000000000,0,0,0,1,0,0,0,0,0,0,0,70,0,0,0,12,6,2,12,0,0,0,1,34,8757,6,1,0,0,3,0,72,999,0,0,0,0,0,0,0,0,0,0,0,0,0,0,3,4,70,1,1,2,1,0,0,1,62,1,1,1,52,2,0
37,370097,1,2,1,1,2,19,20,12,2,1,0,37,2,12,13,12013,4,1998,1FALP13P2WW1,1,F,A,L,P,1,3,P,2,W,W,1,0,P,FORD,ESS,4D,98,17,2468,,0,984,,G,,F,4,122,,,14R185,,,,,,0,0,000000000,00000000000,0,0,0,1,0,0,0,0,0,0,0,45,0,0,0,12,6,2,12,0,0,0,1,37,27870,6,1,0,0,3,0,64,999,0,0,0,0,0,0,0,0,0,0,28,0,0,0,1,2,45,1,1,2,1,0,0,1,10,1,1,2,52,1,0
37,370097,2,2,1,1,2,19,20,12,2,1,0,37,1,7,482,7482,31,1998,3B7HC13Y6WG1,3,B,7,H,C,1,3,Y,6,W,G,1,0,T,DODG,Q15,4C,98,17,,2,1547,1387,RPC,G,,,8,318,,,,B,4617,01,U,42,0,0,000000000,00000000000,0,0,0,1,0,0,0,0,0,0,0,45,0,0,0,12,6,2,12,0,0,0,1,37,27870,6,1,0,0,3,0,71,999,0,0,0,2,2,4,2009,10,2011,0,0,0,0,0,1,2,45,1,1,2,1,0,0,1,62,6,1,2,52,0,0
37,370098,1,1,2,2,2,4,50,8,0,1,0,37,2,7,472,7472,30,2006,1D7HE22K76S6,1,D,7,H,E,2,2,K,7,6,S,6,0,T,DODG,KST,PC,6,17,,2,0,1309,DAK,G,,,6,225,,,,B,4153,00,E,42,0,0,000000000,00000000000,0,0,0,1,0,0,0,0,0,0,0,65,0,1,2,10,6,2,8,0,0,0,1,37,27330,1,1,0,0,2,0,66,999,0,0,0,0,1,7,2011,7,2011,1,36,0,0,0,1,2,55,1,2,2,2,0,0,1,10,1,1,4,13,0,1
37,370099,1,2,1,6,2,13,6,12,6,1,0,37,2,37,32,37032,4,2006,1HGCM66586A0,1,H,G,C,M,6,6,5,8,6,A,0,0,P,HOND,UEX,4D,6,17,3437,,0,1079,,G,,F,6,183,,,17R215,,,,,,0,0,000000000,00000000000,0,0,0,1,0,0,0,0,0,0,0,35,0,0,0,12,6,2,12,0,0,0,1,37,28655,6,1,0,0,3,3,65,999,0,0,0,0,0,0,0,0,0,0,0,0,0,0,1,3,35,1,1,2,1,0,0,1,55,1,1,1,86,0,0
37,370099,2,2,2,6,2,13,6,12,6,1,0,37,1,18,2,18002,4,2000,1G4HP54K2Y41,1,G,4,H,P,5,4,K,2,Y,4,1,0,P,BUIC,LCF,4D,0,17,3567,,0,1122,,G,,F,6,231,,,15R215,,,,,,0,0,000000000,00000000000,0,0,0,1,0,0,0,0,0,0,0,20,0,0,0,82,6,2,12,0,0,0,1,37,27501,6,1,0,0,3,3,62,999,0,0,0,0,0,0,0,0,0,0,0,0,0,0,1,3,35,1,1,2,1,20,3,1,17,1,1,1,87,1,0
37,370100,1,1,1,17,2,7,0,59,0,1,0,37,1,7,422,7422,15,2011,1D4SD5GT8BC6,1,D,4,S,D,5,G,T,8,B,C,6,0,P,DODG,DUR,UT,11,17,5200,,0,1198,,G,,F,8,348,,,20R265,,,,,,0,0,000000000,00000000000,0,0,0,1,0,0,0,0,0,0,0,55,0,0,0,12,6,2,42,0,0,0,1,37,28326,6,1,0,0,3,3,66,999,0,0,0,0,0,0,0,0,0,0,28,0,0,0,1,2,45,2,2,2,1,0,0,14,10,1,1,4,6,1,0
37,370101,1,1,1,27,2,10,14,32,0,1,0,37,1,63,33,63033,4,2006,KNAFE1211653,K,N,A,F,E,1,2,1,1,6,5,3,0,P,KIA,SLE,4D,6,17,2701,,0,1028,,G,,F,4,122,,,15R195,,,,,,0,0,000000000,00000000000,0,0,0,1,0,0,0,0,0,0,0,65,0,1,5,12,6,2,1,0,0,0,1,37,28115,6,1,0,0,3,3,64,999,0,0,0,0,1,6,2010,6,2010,1,36,0,0,0,1,2,45,3,2,2,2,0,0,14,6,1,1,4,6,1,0
37,370102,1,2,1,29,2,14,4,12,2,1,0,37,2,7,41,7041,4,1997,2B3HD46T8VH7,2,B,3,H,D,4,6,T,8,V,H,7,0,P,DODG,INT,4D,97,17,3319,,0,1130,,G,,F,6,201,,,16R225,,,,,,0,0,000000000,00000000000,0,0,0,1,0,0,0,0,0,0,0,50,0,0,0,12,6,2,12,0,0,0,1,37,28806,6,1,0,0,3,3,72,999,0,0,0,0,0,0,0,0,0,0,28,0,0,0,1,2,45,1,1,2,1,0,0,1,10,1,1,2,50,1,0
37,370102,2,2,2,29,2,14,4,12,2,1,0,37,1,20,481,20481,31,1996,1GCEK19R6TE1,1,G,C,E,K,1,9,R,6,T,E,1,0,T,CHEV,GK1,PC,96,17,,2,1555,1415,GM4,G,,,8,350,,,,B,4495,08,,44,0,0,000000000,00000000000,0,0,0,1,0,0,0,0,0,0,0,50,0,0,0,12,6,2,12,0,0,0,1,37,28715,6,1,0,0,3,0,70,999,0,0,0,1,1,4,2010,7,2010,0,0,0,0,0,1,2,45,1,1,2,1,0,0,1,62,1,1,1,51,0,0
37,370103,1,1,1,20,2,21,17,34,0,1,0,37,1,37,32,37032,4,2010,1HGCP2F80AA1,1,H,G,C,P,2,F,8,0,A,A,1,0,P,HOND,AXL,4D,10,17,3397,,0,1102,,G,,F,4,146,,,17R255,,,,,,0,0,000000000,00000000000,0,0,0,1,0,0,0,0,0,0,0,75,0,1,5,12,6,2,1,0,0,0,1,37,27603,6,1,0,0,3,0,74,999,1,0,0,0,0,3,2009,3,2009,1,36,0,0,0,1,2,45,2,2,2,1,0,0,14,6,1,1,4,1,1,1
37,370104,1,2,1,6,2,9,55,12,2,1,0,37,3,87,881,87881,66,2006,1XP5DU9X56N6,1,X,P,5,D,U,9,X,5,6,N,6,1,T,PTRB,379,TR,6,17,,8,0,0,CON,D,,,6,763,,,,,00000,00,,64,1,57,822517,57822517,3,6,8,1,0,0,0,0,0,0,0,50,0,0,0,12,6,2,12,0,0,1,1,37,28451,6,1,6,0,3,0,70,999,0,0,0,0,0,0,0,0,0,0,0,0,0,0,1,2,55,3,1,2,1,0,0,14,62,1,1,1,51,0,0
37,370104,2,2,1,6,2,9,55,12,2,1,0,37,1,38,401,38401,14,1989,LESCH58E2K69,L,E,S,C,H,5,8,E,2,K,6,9,0,P,ISU,TRO,UT,89,17,0,,0,1043,,G,,F,4,156,,,000000,,,,,,0,0,000000000,00000000000,0,0,0,1,0,0,0,0,0,0,0,50,0,0,0,12,6,2,12,0,0,1,1,37,27332,6,1,0,0,3,3,71,999,2,2,0,2,6,9,2009,11,2011,0,28,0,0,0,1,2,55,2,1,2,1,0,0,14,10,1,1,2,50,1,0
37,370105,1,1,1,15,2,21,43,8,0,1,0,37,1,21,2,21002,4,1996,1G3HN52K8T48,1,G,3,H,N,5,2,K,8,T,4,8,0,P,OLDS,8LW,4D,96,17,3455,,0,1108,,G,,F,6,231,,,15R205,,,,,,0,0,000000000,00000000000,0,0,0,1,0,0,0,0,0,0,0,45,0,0,0,12,4,9,8,0,0,0,1,37,28037,6,1,0,0,3,1,62,999,0,1,0,0,1,4,2009,5,2009,0,0,0,0,0,1,2,45,1,1,2,1,0,0,1,80,1,1,1,13,0,0
37,370106,1,1,1,7,2,0,31,34,0,1,0,37,2,20,403,20403,14,2005,1GNDS13S5523,1,G,N,D,S,1,3,S,5,5,2,3,0,P,CHEV,TRL,UT,5,17,4425,,0,1130,,G,,F,6,256,,,16R245,,,,,,0,0,000000000,00000000000,0,0,0,1,0,0,0,0,0,0,0,80,0,1,5,12,6,2,1,0,0,0,1,37,27843,6,1,0,0,3,3,69,999,1,0,0,0,1,3,2009,9,2009,1,58,0,0,0,1,2,55,2,1,2,1,0,0,14,6,1,1,4,6,1,1
37,370107,1,1,2,2,2,7,0,42,0,1,0,37,1,48,401,48401,14,1998,JF1SF6555WH7,J,F,1,S,F,6,5,5,5,W,H,7,0,P,SUBA,FOR,UT,98,17,3040,,0,994,,G,,F,4,150,,,16R215,,,,,,0,0,000000000,00000000000,0,0,0,1,0,0,0,0,0,0,0,45,0,1,5,11,6,2,1,0,0,0,1,37,28032,6,1,0,0,3,3,68,999,1,0,0,0,0,10,2010,10,2010,0,99,99,99,99,3,4,45,1,1,2,2,0,0,1,12,1,1,4,6,2,1
37,370108,1,2,1,2,2,14,33,12,1,1,0,37,1,54,35,54035,4,2008,19UUA66278A0,1,9,U,U,A,6,6,2,7,8,A,0,0,P,ACUR,ATL,4D,8,17,3623,,0,1079,,G,,F,6,195,,,17R235,,,,,,0,0,000000000,00000000000,0,0,0,1,0,0,0,0,0,0,0,35,0,0,0,12,6,2,12,0,0,0,1,37,28211,6,1,0,0,3,0,67,999,2,0,0,0,0,8,2009,10,2010,0,0,0,0,0,1,2,35,1,1,2,1,20,3,1,50,1,1,1,20,1,1
37,370108,2,2,1,2,2,14,33,12,1,1,0,37,2,34,34,34034,4,2007,WBAVA375X7NL,W,B,A,V,A,3,7,5,X,7,N,L,0,P,BMW,28I,4D,7,17,3406,,0,1087,,G,,F,6,183,,,17R225,,,,,,0,0,000000000,00000000000,0,0,0,1,0,0,0,0,0,0,0,0,0,0,0,6,4,3,12,0,0,0,1,37,28270,6,1,0,0,3,3,66,999,0,0,0,0,0,0,0,0,0,0,0,0,0,0,1,2,35,1,1,2,1,20,3,5,18,1,1,1,21,0,0
37,370109,1,2,1,6,2,5,1,12,1,1,0,37,3,84,881,84881,66,1999,2HSFHAMRXXC0,2,H,S,F,H,A,M,R,X,X,C,0,1,T,INTL,940,TR,99,17,,8,2340,1600,90S,D,,,6,774,,,,,00000,00,,64,1,57,1827567,571827567,3,6,1,1,0,0,0,0,0,0,0,0,0,0,0,6,6,2,12,0,0,0,1,37,27610,6,1,6,9,3,3,70,999,1,0,0,0,0,8,2011,8,2011,0,54,0,0,0,3,4,60,1,1,1,1,0,0,5,2,1,1,1,21,0,0
37,370109,2,2,1,6,2,5,1,12,1,1,0,40,3,23,881,23881,62,2007,1GDJ7C1347F9,1,G,D,J,7,C,1,3,4,7,F,9,0,T,GMC,C7C,CC,7,17,,6,2960,1400,C75,D,,,6,476,,,,,00000,00,,42,0,57,1380484,571380484,2,1,1,1,0,0,0,0,0,0,0,60,0,0,0,12,6,2,12,0,0,0,1,37,28052,3,1,0,0,2,3,69,999,0,0,0,1,0,10,2009,10,2009,0,99,99,99,99,3,4,60,1,1,1,1,0,0,1,50,1,1,1,20,1,1
37,370110,1,1,1,13,2,2,41,30,0,1,0,37,1,12,17,12017,4,1999,1FAFP53S0XG2,1,F,A,F,P,5,3,S,0,X,G,2,0,P,FORD,SCS,4D,99,17,3353,,0,1085,,G,,F,6,182,,,15R205,,,,,,0,0,000000000,00000000000,0,0,0,1,0,0,0,0,0,0,0,69,0,0,0,61,6,2,30,0,0,0,1,37,28211,6,1,0,0,3,0,72,999,1,1,0,0,1,4,2011,10,2011,1,36,0,0,0,1,4,40,2,1,2,1,0,0,14,6,1,1,4,1,1,1
37,370111,1,2,1,10,2,6,29,12,6,1,0,37,1,67,32,67032,3,2012,JTKJF5C73C30,J,T,K,J,F,5,C,7,3,C,3,0,0,P,TOYT,SXC,2H,12,17,3036,,0,1063,,G,,F,4,152,,,18R225,,,,,,0,0,000000000,00000000000,0,0,0,1,0,0,0,0,0,0,0,67,0,0,0,12,4,3,12,0,0,0,1,6,28173,0,0,0,0,0,0,999,999,0,0,0,0,0,0,0,0,0,1,36,39,0,0,2,5,45,1,1,2,1,3,3,1,17,1,1,2,88,0,0
37,370111,2,2,1,10,2,6,29,12,6,1,0,37,1,20,16,20016,2,1997,1G1JC1247V73,1,G,1,J,C,1,2,4,7,V,7,3,0,P,CHEV,C/S,CP,97,17,2584,,0,1041,,G,,F,4,133,,,14R195,,,,,,0,0,000000000,00000000000,0,0,0,1,0,0,0,0,0,0,0,20,0,0,0,61,6,2,12,0,0,0,1,37,28226,6,1,0,0,3,3,70,999,1,0,0,0,0,3,2011,3,2011,0,0,0,0,0,2,5,45,1,1,2,1,3,3,1,17,1,1,1,89,1,0
37,370112,1,1,1,13,2,23,32,42,0,1,0,37,2,12,461,12461,21,1993,1FTDE14YXPHA,1,F,T,D,E,1,4,Y,X,P,H,A,0,T,FORD,15V,CG,93,17,,1,0,1380,VAN,G,,,6,300,,,,B,4450,01,B,42,0,0,000000000,00000000000,0,0,0,1,0,0,0,0,0,0,0,65,0,0,0,82,6,2,42,0,0,0,1,37,28212,1,1,0,0,2,0,74,999,0,7,0,0,7,10,2009,12,2011,0,0,0,0,0,3,4,55,1,1,2,1,0,0,1,13,1,1,4,1,1,1
37,370113,1,2,1,16,2,15,8,12,1,1,0,37,1,20,2,20002,4,2004,2G1WF52E6492,2,G,1,W,F,5,2,E,6,4,9,2,0,P,CHEV,IMP,4D,4,17,3389,,0,1105,,G,,F,6,207,,,16R225,,,,,,0,0,000000000,00000000000,0,0,0,1,0,0,0,0,0,0,0,100,0,0,0,12,6,2,12,0,0,0,1,37,28216,6,1,0,0,3,3,71,999,0,0,0,1,2,3,2010,6,2011,1,36,0,0,0,2,2,45,1,1,2,2,0,0,1,51,1,1,1,24,0,1
37,370113,2,2,1,16,2,15,8,12,1,1,0,37,1,12,481,12481,31,1984,1FTCF15Y5ENA,1,F,T,C,F,1,5,Y,5,E,N,A,0,T,FORD,F15,PK,84,17,,1,1390,1170,COF,G,,,6,300,,,,B,3289,01,,42,0,0,000000000,00000000000,0,0,0,1,0,0,0,0,0,0,0,45,0,0,0,6,6,2,12,0,0,0,1,37,28078,6,1,0,0,3,0,67,999,0,0,0,0,0,0,0,0,0,0,0,0,0,0,2,2,45,1,1,2,2,0,0,1,18,1,1,1,25,1,0
37,370114,1,2,1,17,2,23,40,12,7,1,1,99,9,99,999,99999,99,9999,999999999999,9,9,9,9,9,9,9,9,9,9,9,9,0,,,,,,,,,,,,,,,,,,,,,,,,,0,0,000000000,00000000000,0,0,0,1,0,0,0,0,0,0,0,999,0,0,0,99,9,1,12,0,0,0,1,99,99999,9,9,99,9,9,9,999,999,99,99,99,99,99,99,9999,99,9999,9,29,36,0,0,3,6,65,1,1,2,1,0,0,6,98,1,1,5,44,0,0
37,370114,2,2,6,17,2,23,40,12,7,1,0,45,1,20,403,20403,14,2004,1GNDT13S6423,1,G,N,D,T,1,3,S,6,4,2,3,0,P,CHEV,TRL,UT,4,17,4612,,0,1130,,G,,F,6,256,,,16R245,,,,,,0,0,000000000,00000000000,0,0,0,1,0,0,0,0,0,0,0,75,0,1,5,63,6,2,1,0,0,0,1,45,29706,6,1,0,0,3,0,67,170,1,0,0,1,0,2,2010,5,2011,0,99,99,99,99,3,6,65,1,1,2,1,0,0,1,64,1,1,1,45,1,0
37,370115,1,1,1,21,2,11,17,42,0,1,0,37,2,49,401,49401,14,2000,JT3GN86R7Y01,J,T,3,G,N,8,6,R,7,Y,0,1,0,P,TOYT,RUN,UT,0,17,3600,,0,1053,,G,,F,6,206,,,15R225,,,,,,0,0,000000000,00000000000,0,0,0,1,0,0,0,0,0,0,0,48,0,0,0,12,6,2,42,0,0,0,1,37,28226,6,1,0,0,3,0,73,999,2,0,0,0,0,6,2009,4,2011,1,36,0,0,0,1,2,25,3,1,2,1,0,0,14,13,1,1,4,1,1,0
37,370116,1,1,2,22,2,8,10,8,0,1,0,37,3,84,881,84881,62,2006,1HTMMAAL56H2,1,H,T,M,M,A,A,L,5,6,H,2,0,T,INTL,430,CC,6,17,,6,0,0,40S,D,,,6,466,,,,,00000,00,,42,0,57,171886,57171886,2,99,1,1,0,0,0,0,0,0,0,998,0,0,0,2,2,3,8,0,0,0,1,37,28216,6,1,0,9,8,0,74,999,1,0,0,0,0,11,2011,11,2011,0,38,0,0,0,1,2,25,1,1,2,1,20,3,10,80,1,1,1,13,0,0
37,370117,1,1,1,25,2,4,28,42,0,1,0,37,1,9,20,9020,4,1999,1P3ES47C3XD1,1,P,3,E,S,4,7,C,3,X,D,1,0,P,PLYM,NEH,4D,99,17,2416,,0,1040,,G,,F,4,122,,,14R185,,,,,,0,0,000000000,00000000000,0,0,0,1,0,0,0,0,0,0,0,35,0,0,0,12,6,2,42,0,0,0,1,37,28273,6,1,0,0,3,0,74,999,0,0,0,0,0,0,0,0,0,0,0,0,0,0,1,4,35,3,4,2,1,0,0,14,13,1,1,4,1,1,0
37,370118,1,2,6,28,2,2,33,12,8,1,0,12,2,12,422,12422,15,2000,1FMRU17L6YLB,1,F,M,R,U,1,7,L,6,Y,L,B,0,P,FORD,EPT,UT,0,17,4833,,0,1191,,G,,F,8,330,,,16R255,,,,,,0,0,000000000,00000000000,0,0,0,1,0,0,0,0,0,0,0,55,0,1,5,9,6,2,1,0,0,0,1,37,28214,0,0,0,0,2,0,69,999,0,0,0,0,0,0,0,0,0,1,36,0,0,0,1,2,45,1,2,2,1,0,0,1,10,1,1,2,64,1,1
37,370118,2,2,1,28,2,2,33,12,8,1,0,37,3,12,881,12881,61,2011,1FDUF4GYXBEB,1,F,D,U,F,4,G,Y,X,B,E,B,0,T,FORD,F4D,CB,11,17,,5,2002,1408,DRW,G,,,10,415,,,,D,6688,04,Y,42,0,88,888888888,88888888888,2,1,96,1,0,0,0,0,0,0,0,45,0,0,0,9,4,1,12,0,0,0,1,37,28081,6,1,6,0,3,0,72,999,0,0,0,0,1,11,2010,11,2010,0,0,0,0,0,1,2,45,1,2,2,1,0,0,1,62,1,1,1,65,0,0
37,370119,1,1,2,23,2,0,19,38,0,1,0,37,2,12,13,12013,4,1998,1FAFP13P7WW1,1,F,A,F,P,1,3,P,7,W,W,1,0,P,FORD,ESS,4D,98,17,2468,,0,984,,G,,F,4,122,,,14R185,,,,,,0,0,000000000,00000000000,0,0,0,1,0,0,0,0,0,0,0,60,0,0,0,12,6,2,38,0,0,0,1,37,28777,6,1,0,0,3,0,69,999,0,0,0,0,0,0,0,0,0,0,36,0,0,0,1,2,35,3,1,2,2,0,0,14,13,1,1,4,1,1,1
37,370120,1,2,1,3,2,14,43,12,6,1,0,37,3,86,881,86881,66,2011,1M1AW07Y6BM0,1,M,1,A,W,0,7,Y,6,B,M,0,1,T,MACK,CXU,TR,11,17,,8,0,0,600,D,,,6,783,,,,,00000,00,,64,1,57,564280,57564280,3,6,2,1,0,0,0,0,0,0,0,65,0,0,0,7,6,2,12,0,0,0,1,37,28340,6,1,6,3,3,3,70,999,0,0,0,0,1,10,2011,10,2011,0,0,0,0,0,2,3,65,1,1,2,1,0,0,1,62,1,1,1,66,0,0
37,370120,2,2,1,3,2,14,43,12,6,1,0,37,1,22,20,22020,4,2007,2G2WP5529711,2,G,2,W,P,5,5,2,9,7,1,1,0,P,PONT,GRA,4D,7,17,3477,,0,1105,,G,,F,6,232,,,16R225,,,,,,0,0,000000000,00000000000,0,0,0,1,0,0,0,0,0,0,0,65,0,0,0,11,6,2,12,0,0,0,1,37,27229,6,1,0,0,3,0,73,999,1,0,0,0,0,8,2011,8,2011,0,0,0,0,0,2,3,65,1,1,2,1,0,0,1,12,1,1,6,66,1,0
37,370121,1,1,2,19,2,23,12,1,0,1,0,0,0,76,709,76709,88,9999,999999999999,9,9,9,9,9,9,9,9,9,9,9,9,0,,,,,,,,,,,,,,,,,,,,,,,,,0,0,000000000,00000000000,0,0,0,1,0,0,0,0,0,0,0,35,0,0,0,0,2,1,1,0,0,0,1,37,28391,1,1,0,0,1,0,999,999,0,0,0,0,0,0,0,0,0,0,0,0,0,0,1,2,35,1,1,2,2,0,0,1,9,1,1,1,98,1,1
37,370122,1,3,4,21,2,15,11,12,6,1,0,37,1,12,16,12016,4,2000,2FAFP71W5YX2,2,F,A,F,P,7,1,W,5,Y,X,2,0,P,FORD,CVP,4D,0,17,3946,,0,1147,,G,,F,8,281,,,16R225,,,,,,0,0,000000000,00000000000,0,0,0,1,0,0,0,0,0,0,0,40,0,0,0,12,6,2,12,0,0,0,1,37,27801,1,1,0,0,2,3,74,999,0,0,0,0,0,0,0,0,0,0,0,0,0,0,1,4,45,1,2,2,1,0,0,1,71,1,1,1,83,0,0