STATE,ST_CASE,VEH_NO,VE_FORMS,NUMOCCS,DAY,MONTH,HOUR,MINUTE,HARM_EV,MAN_COLL,UNITTYPE,HIT_RUN,REG_STAT,OWNER,MAKE,MODEL,MAK_MOD,BODY_TYP,MOD_YEAR,VIN,VIN_1,VIN_2,VIN_3,VIN_4,VIN_5,VIN_6,VIN_7,VIN_8,VIN_9,VIN_10,VIN_11,VIN_12,TOW_VEH,VINTYPE,VINMAKE,VINA_MOD,VIN_BT,VINMODYR,VIN_LNGT,VIN_WGT,WGTCD_TR,WHLBS_LG,WHLBS_SH,SER_TR,FUELCODE,MCYCL_DS,CARBUR,CYLINDER,DISPLACE,MCYCL_CY,MCYCL_WT,TIRE_SZE,TON_RAT,TRK_WT,TRKWTVAR,VIN_REST,WHLDRWHL,J_KNIFE,MCARR_I1,MCARR_I2,MCARR_ID,GVWR,V_CONFIG,CARGO_BT,HAZ_INV,HAZ_PLAC,HAZ_ID,HAZ_CNO,HAZ_REL,BUS_USE,SPEC_USE,EMER_USE,TRAV_SP,UNDERIDE,ROLLOVER,ROLINLOC,IMPACT1,DEFORMED,TOWED,M_HARM,VEH_SC1,VEH_SC2,FIRE_EXP,DR_PRES,L_STATE,DR_ZIP,L_STATUS,L_TYPE,CDL_STAT,L_ENDORS,L_COMPL,L_RESTRI,DR_HGT,DR_WGT,PREV_ACC,PREV_SUS,PREV_DWI,PREV_SPD,PREV_OTH,FIRST_MO,FIRST_YR,LAST_MO,LAST_YR,SPEEDREL,DR_SF1,DR_SF2,DR_SF3,DR_SF4,VTRAFWAY,VNUM_LAN,VSPD_LIM,VALIGN,VPROFILE,VPAVETYP,VSURCOND,VTRAFCON,VTCONT_F,P_CRASH1,P_CRASH2,P_CRASH3,PCRASH4,PCRASH5,ACC_TYPE,DEATHS,DR_DRINK
37,370122,2,3,1,21,2,15,11,12,6,1,0,37,1,37,32,37032,4,2005,1HGCM66875A0,1,H,G,C,M,6,6,8,7,5,A,0,0,P,HOND,UEX,4D,5,17,3384,,0,1079,,G,,F,6,183,,,16R205,,,,,,0,0,000000000,00000000000,0,0,0,1,0,0,0,0,0,0,0,5,0,0,0,9,6,2,12,0,0,0,1,37,27886,6,1,0,0,3,0,65,999,0,0,0,0,0,0,0,0,0,0,38,0,0,0,1,4,45,1,2,2,1,0,0,11,54,1,1,1,82,1,0
37,370122,3,3,3,21,2,15,11,12,6,1,0,37,2,20,422,20422,15,2010,1GNUKKE33AR2,1,G,N,U,K,K,E,3,3,A,R,2,0,P,CHEV,K15,UT,10,17,5743,,0,1300,,F,,F,8,323,,,20R275,,,,,,0,0,000000000,00000000000,0,0,0,1,0,0,0,0,0,0,0,40,0,0,0,12,6,2,12,0,0,0,1,37,27809,6,1,0,0,3,0,65,999,0,0,0,0,0,0,0,0,0,0,0,0,0,0,1,4,45,1,2,2,1,0,0,1,62,1,1,1,98,0,0
37,370123,1,1,1,8,2,20,27,8,0,1,0,37,1,22,22,22022,4,2007,1G2ZG58N0742,1,G,2,Z,G,5,8,N,0,7,4,2,0,P,PONT,6BS,4D,7,17,3305,,0,1123,,G,,F,6,214,,,17R225,,,,,,0,0,000000000,00000000000,0,0,0,1,0,0,0,0,0,0,0,45,0,0,0,12,4,1,8,0,0,0,1,37,28412,6,1,0,0,3,0,68,999,0,0,0,0,0,0,0,0,0,0,0,0,0,0,2,2,45,1,1,2,1,0,0,1,80,1,1,1,13,0,0
37,370124,1,1,4,13,2,22,22,42,0,1,0,51,3,7,27,7027,6,2011,3D4PG1FG3BT5,3,D,4,P,G,1,F,G,3,B,T,5,0,P,DODG,JOU,UT,11,17,3884,,0,1138,,F,,F,6,220,,,17R225,,,,,,0,0,000000000,00000000000,0,0,0,1,0,0,0,0,0,0,0,85,0,0,0,12,6,2,42,0,0,0,1,37,28401,0,0,0,0,0,0,72,999,0,0,0,0,0,0,0,0,0,1,36,58,0,0,1,2,25,9,9,2,1,0,0,1,13,1,1,4,1,3,0
37,370125,1,4,2,13,2,15,20,12,1,1,0,37,2,12,17,12017,4,2003,1FAFP53UX3A1,1,F,A,F,P,5,3,U,X,3,A,1,0,P,FORD,TSE,4D,3,17,3336,,0,1085,,G,,F,6,182,,,16R215,,,,,,0,0,000000000,00000000000,0,0,0,1,0,0,0,0,0,0,0,45,0,0,0,6,6,2,12,0,0,0,1,37,28574,6,1,0,0,3,0,70,999,0,0,0,0,0,0,0,0,0,0,0,0,0,0,1,2,45,1,1,2,1,0,0,2,18,1,1,1,98,0,0
37,370125,2,4,1,13,2,15,20,12,1,1,0,37,1,12,17,12017,4,2004,1FAFP532X4A2,1,F,A,F,P,5,3,2,X,4,A,2,0,P,FORD,TSE,4D,4,17,3306,,0,1085,,F,,F,6,182,,,16R215,,,,,,0,0,000000000,00000000000,0,0,0,1,0,0,0,0,0,0,0,45,0,0,0,6,6,2,12,0,0,0,1,37,28453,6,1,6,0,3,0,59,999,0,0,0,0,1,9,2009,9,2009,0,0,0,0,0,1,2,45,1,1,2,1,0,0,2,53,1,1,1,29,0,0
37,370125,3,4,1,13,2,15,20,12,1,1,0,37,2,30,40,30040,4,2001,3VWST29M91M0,3,V,W,S,T,2,9,M,9,1,M,0,0,P,VOLK,JGS,4D,1,17,2833,,0,989,,G,,F,4,121,,,15R195,,,,,,0,0,000000000,00000000000,0,0,0,1,0,0,0,0,0,0,0,50,0,0,0,12,6,2,12,0,0,0,1,37,28574,6,1,0,0,3,3,76,999,0,0,0,0,0,0,0,0,0,1,28,0,0,0,1,2,45,1,1,2,1,0,0,1,52,1,1,1,28,0,0
37,370125,4,4,3,13,2,15,20,12,1,1,0,37,1,21,2,21002,4,1988,1G3HY54C6JW3,1,G,3,H,Y,5,4,C,6,J,W,3,0,P,OLDS,FRB,4D,88,17,3134,,0,1108,,G,,F,6,231,,,14R205,,,,,,0,0,000000000,00000000000,0,0,0,1,0,0,0,0,0,0,0,45,0,0,0,12,6,2,12,0,0,0,1,37,28518,6,1,0,0,3,0,71,999,0,0,0,0,1,10,2011,10,2011,0,0,0,0,0,1,2,45,1,1,2,1,0,0,1,62,1,1,1,98,1,0
37,370126,1,2,2,23,2,15,52,12,6,1,0,37,2,12,17,12017,4,2002,1FAHP55S32A2,1,F,A,H,P,5,5,S,3,2,A,2,0,P,FORD,TSS,4D,2,17,3392,,0,1085,,G,,F,6,182,,,16R215,,,,,,0,0,000000000,00000000000,0,0,0,1,0,0,0,0,0,0,0,20,0,0,0,3,6,2,12,0,0,0,1,37,28540,6,1,0,0,3,0,72,999,0,0,0,0,0,0,0,0,0,0,38,0,0,0,2,2,55,1,1,2,1,3,3,11,15,1,1,1,68,1,0
37,370126,2,2,1,23,2,15,52,12,6,1,0,37,2,20,481,20481,31,2001,2GCEC19V6114,2,G,C,E,C,1,9,V,6,1,1,4,0,T,CHEV,SC1,4C,1,17,,2,1575,1435,SIL,G,,,8,293,,,,B,4413,00,,42,0,0,000000000,00000000000,0,0,0,1,0,0,0,0,0,0,0,55,0,0,0,12,6,2,12,0,0,0,1,37,28540,6,1,0,0,3,3,65,999,1,0,0,0,2,6,2010,5,2011,0,0,0,0,0,2,2,55,1,1,2,1,3,3,1,66,1,1,1,69,0,0
37,370127,1,1,2,11,2,11,54,42,0,1,0,37,2,49,40,49040,4,2005,4T1BE32KX5U3,4,T,1,B,E,3,2,K,X,5,U,3,0,P,TOYT,XLL,4D,5,17,3108,,0,1071,,G,,F,4,144,,,15R205,,,,,,0,0,000000000,00000000000,0,0,0,1,0,0,0,0,0,0,0,55,0,0,0,12,6,2,42,0,0,0,1,37,27278,6,2,0,0,3,3,63,999,0,0,0,0,0,0,0,0,0,1,58,0,0,0,1,2,45,1,2,4,11,0,0,1,12,1,1,4,6,2,0
37,370128,1,3,2,5,2,18,26,12,2,1,0,37,2,7,472,7472,30,1995,1B7GG23X9SW9,1,B,7,G,G,2,3,X,9,S,W,9,0,T,DODG,DAK,PC,95,17,,1,0,1309,DAK,G,,,6,239,,,,B,3827,00,M,44,0,0,000000000,00000000000,0,0,0,1,0,0,0,0,0,0,0,55,0,0,0,12,6,2,12,0,0,0,1,37,28457,6,1,0,0,3,0,71,999,1,1,0,1,0,6,2010,3,2011,0,28,0,0,0,1,2,55,1,1,2,1,0,0,1,10,7,1,2,50,1,1
37,370128,2,3,4,5,2,18,26,12,2,1,0,37,2,12,461,12461,21,1999,1FTPE2426XHB,1,F,T,P,E,2,4,2,6,X,H,B,0,T,FORD,25V,CG,99,17,,2,0,1380,VAN,G,,,6,256,,,,C,00000,00,E,42,0,0,000000000,00000000000,0,0,0,1,0,0,0,0,0,0,0,55,0,0,0,12,6,2,12,0,0,0,1,37,28429,6,1,0,0,3,3,72,999,0,0,0,0,0,0,0,0,0,0,0,0,0,0,1,2,55,1,1,2,1,0,0,1,62,6,1,2,51,0,0
37,370128,3,3,1,5,2,18,26,12,2,1,0,37,2,24,1,24001,4,1995,1G8ZH5282SZ1,1,G,8,Z,H,5,2,8,2,S,Z,1,0,P,STRN,SL1,4D,95,17,2252,,0,1024,,G,,F,4,116,,,14R175,,,,,,0,0,000000000,00000000000,0,0,0,1,0,0,0,0,0,0,0,55,0,0,0,11,6,2,12,0,0,0,1,37,28457,1,1,0,0,2,0,72,999,0,4,0,0,3,4,2009,10,2011,1,0,0,0,0,1,2,55,1,1,2,2,0,0,1,50,1,1,1,98,0,0
37,370129,1,1,1,20,2,22,20,8,0,1,1,37,2,20,431,20431,16,2001,3GNEC16T31G1,3,G,N,E,C,1,6,T,3,1,G,1,0,P,CHEV,C15,UT,1,17,4914,,0,1300,,G,,F,8,325,,,16R245,,,,,,0,0,000000000,00000000000,0,0,0,1,0,0,0,0,0,0,0,55,0,0,0,12,4,1,8,0,0,0,1,37,27343,6,1,0,0,3,0,73,999,0,0,0,0,0,0,0,0,0,1,0,0,0,0,1,2,55,2,2,2,1,0,0,14,80,1,1,2,13,0,0
37,370130,1,1,1,27,2,20,8,8,0,1,0,37,1,20,16,20016,4,2003,1G1JF52F6372,1,G,1,J,F,5,2,F,6,3,7,2,0,P,CHEV,CAS,4D,3,17,2676,,0,1041,,G,,F,4,134,,,15R195,,,,,,0,0,000000000,00000000000,0,0,0,1,0,0,0,0,0,0,0,35,0,0,0,12,4,3,8,0,0,0,1,37,27573,6,1,0,0,3,3,64,999,0,0,0,0,0,0,0,0,0,0,0,0,0,0,1,4,35,1,1,2,2,0,0,1,80,1,1,1,13,0,0
37,370131,1,1,1,5,2,3,2,38,0,1,0,37,1,73,705,73705,80,1997,JKAEXVD12VA0,J,K,A,E,X,V,D,1,2,V,A,0,0,M,KAWK,E5D,RC,97,17,,,,,,,500,,2,,4,380,,,,,,,0,0,000000000,00000000000,0,0,0,1,0,0,0,0,0,0,0,998,0,0,0,61,6,2,19,0,0,0,1,37,27858,6,1,0,0,3,3,74,999,0,0,0,0,0,0,0,0,0,1,0,0,0,0,1,2,25,3,1,2,2,4,3,14,13,1,1,4,1,1,0
37,370132,1,1,1,11,2,2,54,34,0,1,0,37,1,53,706,53706,80,2009,JS1VY55AX921,J,S,1,V,Y,5,5,A,X,9,2,1,0,M,SUZI,V15,RS,9,17,,,,,,,1462,,2,,4,0000,,,,,,,0,0,000000000,00000000000,0,0,0,1,0,0,0,0,0,0,0,60,0,0,0,12,6,2,34,0,0,0,1,37,27858,6,1,0,0,3,0,72,999,0,0,0,0,1,5,2009,5,2009,0,39,0,0,0,1,2,55,1,1,2,2,20,3,1,13,1,1,4,1,1,1
37,370133,1,1,1,8,2,22,39,32,0,1,0,37,1,12,13,12013,2,2002,3FAFP11362R1,3,F,A,F,P,1,1,3,6,2,R,1,0,P,FORD,ZX2,CP,2,17,2478,,0,984,,G,,F,4,121,,,15R185,,,,,,0,0,000000000,00000000000,0,0,0,1,0,0,0,0,0,0,0,50,0,0,0,14,6,2,42,0,0,0,1,37,27834,6,1,0,0,3,3,71,999,0,0,0,0,0,0,0,0,0,0,28,58,0,0,1,2,55,3,1,2,1,0,0,14,13,1,1,4,1,1,1
37,370134,1,1,2,12,2,1,13,8,0,1,0,37,1,35,47,35047,4,2001,1N4DL01D51C2,1,N,4,D,L,0,1,D,5,1,C,2,0,P,NISS,AXE,4D,1,17,2754,,0,1031,,G,,F,4,146,,,15R195,,,,,,0,0,000000000,00000000000,0,0,0,1,0,0,0,0,0,0,0,45,0,0,0,14,4,1,8,0,0,0,1,37,27886,6,1,0,0,3,0,65,999,2,1,1,0,1,8,2009,6,2011,0,0,0,0,0,1,2,55,1,1,2,1,0,0,1,80,1,1,1,13,0,0
37,370135,1,2,3,9,2,10,50,12,2,1,0,37,1,12,37,12037,4,2007,1FAFP34N57W1,1,F,A,F,P,3,4,N,5,7,W,1,0,P,FORD,X4S,4D,7,17,2636,,0,1029,,G,,F,4,122,,,15R195,,,,,,0,0,000000000,00000000000,0,0,0,1,0,0,0,0,0,0,0,25,0,0,0,12,6,2,12,0,0,0,1,37,27263,6,1,0,0,3,3,65,999,3,0,0,0,2,9,2009,10,2011,0,28,0,0,0,1,2,55,2,2,2,1,0,0,14,10,1,1,2,50,0,0
37,370135,2,2,2,9,2,10,50,12,2,1,0,37,1,37,32,37032,4,1991,1HGCB7555MA1,1,H,G,C,B,7,5,5,5,M,A,1,0,P,HOND,ALE,4D,91,17,2504,,0,1071,,G,,F,4,132,,,14R185,,,,,,0,0,000000000,00000000000,0,0,0,1,0,0,0,0,0,0,0,55,0,0,0,12,6,2,12,0,0,0,1,37,27205,6,1,0,0,3,3,69,999,0,0,0,1,0,1,2011,1,2011,0,0,0,0,0,1,2,55,3,2,2,1,0,0,14,62,1,1,1,51,1,0
37,370136,1,1,1,22,2,19,29,42,0,1,0,13,2,42,42,42042,4,2005,WDBRF40J45F7,W,D,B,R,F,4,0,J,4,5,F,7,0,P,MERZ,C2K,4D,5,17,3250,,0,1069,,G,,Z,4,108,,,17R225,,,,,,0,0,000000000,00000000000,0,0,0,1,0,0,0,0,0,0,0,60,0,0,0,12,6,2,42,0,0,0,1,37,28386,6,1,0,0,3,3,62,999,0,0,0,0,0,0,0,0,0,0,39,0,0,0,1,2,55,1,1,2,1,20,3,1,13,1,1,4,1,1,1
37,370137,1,1,1,16,2,15,5,59,0,1,0,37,1,2,404,2404,14,1989,1J4FJ38LXKL5,1,J,4,F,J,3,8,L,X,K,L,5,0,T,JEEP,PNR,4W,89,17,,1,0,1014,CHK,G,,,6,242,,,,,00000,00,A,44,0,0,000000000,00000000000,0,0,0,1,0,0,0,0,0,0,0,50,0,1,5,12,6,2,1,0,0,0,1,37,27311,6,1,0,0,3,3,69,999,0,0,0,0,0,0,0,0,0,0,99,99,99,99,1,2,50,2,2,2,2,0,0,14,10,1,1,4,6,1,0
37,370138,1,1,4,9,2,18,29,24,0,1,0,37,1,6,52,6052,6,2005,3C4FY58BX5T6,3,C,4,F,Y,5,8,B,X,5,T,6,0,P,CHRY,PTC,SV,5,17,3033,,0,1030,,G,,F,4,148,,,15R195,,,,,,0,0,000000000,00000000000,0,0,0,1,0,0,0,0,0,0,0,75,0,1,5,10,6,2,1,0,0,0,1,37,28105,6,1,0,0,3,0,66,999,1,0,0,0,0,6,2011,6,2011,1,36,0,0,0,3,4,55,1,1,2,1,0,0,1,6,1,1,4,1,1,0
37,370139,1,1,1,3,2,21,0,42,0,1,0,37,1,20,4,20004,2,1994,1G1YY22P9R51,1,G,1,Y,Y,2,2,P,9,R,5,1,0,P,CHEV,CVT,CP,94,17,3317,,0,962,,G,,F,8,350,,,17R255,,,,,,0,0,000000000,00000000000,0,0,0,1,0,0,0,0,0,0,0,100,0,0,0,82,6,2,42,0,0,1,1,37,28139,6,1,0,0,3,3,72,999,0,0,0,0,0,0,0,0,0,1,36,0,0,0,1,2,55,2,2,2,1,0,0,14,6,1,1,4,6,1,0
37,370140,1,1,2,15,2,8,2,34,0,1,0,37,2,6,44,6044,4,1999,1C3EJ56H9XN6,1,C,3,E,J,5,6,H,9,X,N,6,0,P,CHRY,CLI,4D,99,17,3089,,0,1080,,G,,F,6,152,,,15R195,,,,,,0,0,000000000,00000000000,0,0,0,1,0,0,0,0,0,0,0,70,0,1,5,12,6,2,1,0,0,0,1,37,28344,6,2,0,0,3,1,68,999,0,0,0,0,0,0,0,0,0,1,36,0,0,0,1,2,55,3,1,2,1,0,0,14,6,1,1,4,1,1,0
37,370141,1,1,1,10,2,12,0,24,0,1,0,12,3,82,881,82881,66,2007,1FUJA6AV77LX,1,F,U,J,A,6,A,V,7,7,L,X,1,T,FRHT,COL,TR,7,17,,8,0,0,CON,D,,,6,893,,,,,00000,00,,64,1,57,278516,57278516,3,6,1,1,0,0,0,0,0,0,0,60,0,0,0,12,6,2,35,0,0,1,1,12,32059,6,1,6,9,3,3,69,999,0,0,0,0,0,0,0,0,0,0,99,99,99,99,3,4,70,1,1,2,1,0,0,1,10,1,1,4,6,1,0
37,370142,1,1,4,20,2,7,31,31,0,1,0,29,4,6,441,6441,20,2005,2C4GP44R85R5,2,C,4,G,P,4,4,R,8,5,R,5,0,T,CHRY,TLX,ES,5,17,,1,0,1193,TWC,G,,,6,201,,,,,4121,00,,42,0,0,000000000,00000000000,0,0,0,1,0,0,0,0,0,0,0,65,0,0,0,82,6,2,31,0,0,0,1,95,0,9,9,99,9,9,9,999,999,99,99,99,99,99,99,9999,99,9999,1,36,0,0,0,2,4,65,1,1,2,4,0,0,1,6,1,1,4,6,1,0
37,370143,1,2,1,3,2,13,12,12,8,1,0,92,0,98,709,98709,81,2009,000000000000,0,0,0,0,0,0,0,0,0,0,0,0,0,,,,,,,,,,,,,,,,,,,,,,,,,0,0,000000000,00000000000,0,0,0,1,0,0,0,0,0,0,0,5,0,0,0,9,4,3,12,0,0,0,1,37,27589,1,1,0,0,1,0,68,999,0,1,0,0,1,5,2010,10,2010,0,99,99,99,99,1,3,35,1,1,2,1,3,3,11,15,1,1,1,84,1,1
37,370143,2,2,1,3,2,13,12,12,8,1,0,37,3,12,880,12880,67,1999,1FTWW32F6XEC,1,F,T,W,W,3,2,F,6,X,E,C,1,T,FORD,F3D,CW,99,17,,3,1720,1560,DRW,D,,,8,444,,,,D,5755,01,E,42,1,88,888888888,88888888888,2,4,1,1,0,0,0,0,0,0,0,35,0,0,0,9,2,1,12,0,0,0,1,37,27544,6,1,6,0,3,0,68,999,0,0,0,0,0,0,0,0,0,0,0,0,0,0,1,3,35,1,1,2,1,3,3,1,17,7,1,2,84,0,0
37,370144,1,1,1,6,2,0,36,42,0,1,0,37,2,37,421,37421,15,2003,2HKYF18543H5,2,H,K,Y,F,1,8,5,4,3,H,5,0,P,HOND,PIL,UT,3,17,4439,,0,1063,,G,,F,6,212,,,16R235,,,,,,0,0,000000000,00000000000,0,0,0,1,0,0,0,0,0,0,0,61,0,0,0,82,6,2,42,0,0,0,1,37,27604,6,1,0,0,3,0,69,999,0,0,0,0,0,0,0,0,0,1,36,0,0,0,2,4,45,2,1,2,1,0,0,14,6,1,1,4,1,1,1
37,370145,1,2,2,12,2,10,1,12,6,1,0,37,1,24,1,24001,4,2001,1G8ZH52891Z2,1,G,8,Z,H,5,2,8,9,1,Z,2,0,P,STRN,SL1,4D,1,17,2360,,0,1024,,G,,F,4,116,,,14R185,,,,,,0,0,000000000,00000000000,0,0,0,1,0,0,0,0,0,0,0,15,0,0,0,63,6,2,12,0,0,0,1,37,27606,6,1,0,0,3,0,67,999,1,0,0,0,1,10,2010,1,2012,0,39,0,0,0,2,4,35,1,1,2,1,20,3,11,15,1,1,1,82,2,0
37,370145,2,2,1,12,2,10,1,12,6,1,0,12,1,7,26,7026,4,2012,1C3CDZCB0CN1,1,C,3,C,D,Z,C,B,0,C,N,1,0,P,DODG,AXT,4D,12,17,3394,,0,1089,,G,,F,4,146,,,17R215,,,,,,0,0,000000000,00000000000,0,0,0,1,0,0,0,0,0,0,0,52,0,0,0,12,6,2,12,0,0,0,1,37,27539,6,1,0,0,3,0,67,999,1,0,0,2,0,11,2010,12,2011,0,0,0,0,0,2,4,45,1,1,2,1,0,0,1,54,1,1,1,83,0,0
37,370146,1,2,1,15,2,7,32,12,7,1,0,37,3,20,471,20471,30,2000,1GCCS144XYK1,1,G,C,C,S,1,4,4,X,Y,K,1,0,T,CHEV,S14,PK,0,17,,1,1179,1083,S,G,,,4,133,,,,B,3029,03,,42,0,0,000000000,00000000000,0,0,0,1,0,0,0,0,0,0,0,45,0,0,0,82,6,2,42,0,0,0,1,37,27615,6,1,0,0,3,3,71,999,0,0,0,0,0,0,0,0,0,0,0,0,0,0,2,4,45,1,1,2,1,0,0,1,11,1,1,2,44,1,0
37,370146,2,2,1,15,2,7,32,12,7,1,0,37,2,12,471,12471,30,1996,1FTCR10U8TTA,1,F,T,C,R,1,0,U,8,T,T,A,0,T,FORD,RNG,PK,96,17,,1,1140,1080,RNG,G,,,6,182,,,,B,2961,00,B,42,0,0,000000000,00000000000,0,0,0,1,0,0,0,0,0,0,0,45,0,0,0,63,4,9,12,0,0,0,1,37,27882,6,1,0,0,3,3,61,999,0,0,0,0,0,0,0,0,0,0,0,0,0,0,2,4,45,1,1,2,1,0,0,1,61,1,1,1,45,0,0
37,370147,1,1,1,14,2,18,44,8,0,1,0,37,3,37,31,37031,4,1996,2HGEJ6526TH5,2,H,G,E,J,6,5,2,6,T,H,5,0,P,HOND,UCD,4D,96,17,2256,,0,1032,,G,,F,4,097,,,13R175,,,,,,0,0,000000000,00000000000,0,0,0,1,0,0,0,0,0,0,0,55,0,0,0,12,4,1,8,0,0,0,1,37,27551,6,1,0,0,3,3,60,999,0,0,0,0,0,0,0,0,0,0,0,0,0,0,1,2,55,1,1,2,2,0,0,1,80,1,1,1,13,0,0
37,370148,1,1,1,21,3,10,25,8,0,1,0,37,2,32,43,32043,1,2004,WAUAT48HX4K0,W,A,U,A,T,4,8,H,X,4,K,0,0,P,AUDI,A4C,CV,4,17,3715,,0,1045,,G,,F,6,182,,,16R215,,,,,,0,0,000000000,00000000000,0,0,0,1,0,0,0,0,0,0,0,45,0,0,0,12,6,2,8,0,0,0,1,37,27215,6,1,0,0,3,3,66,999,0,0,0,0,0,0,0,0,0,0,91,0,0,0,1,2,45,1,1,2,1,0,0,1,80,1,1,1,13,0,0
37,370149,1,1,1,18,3,3,4,34,0,1,0,92,0,53,739,53739,90,2004,000000000000,0,0,0,0,0,0,0,0,0,0,0,0,0,,,,,,,,,,,,,,,,,,,,,,,,,0,0,000000000,00000000000,0,0,0,1,0,0,0,0,0,0,0,45,0,0,0,12,6,2,42,0,0,0,1,37,27808,6,1,6,0,1,0,70,999,1,0,0,1,2,6,2009,2,2012,0,0,0,0,0,1,2,55,3,1,2,1,0,0,14,13,1,1,4,1,1,1
37,370150,1,1,2,13,3,22,32,8,0,1,0,37,3,20,481,20481,31,1992,1GCEK14C0NE1,1,G,C,E,K,1,4,C,0,N,E,1,0,T,CHEV,GK1,PK,92,17,,2,1315,1175,GM4,D,,,8,379,,,,B,4147,02,,44,0,0,000000000,00000000000,0,0,0,1,0,0,0,0,0,0,0,55,0,0,0,12,4,1,8,0,0,0,1,37,28337,6,1,0,0,3,0,69,999,0,1,0,2,2,2,2010,12,2011,0,0,0,0,0,1,2,55,1,1,2,1,0,0,1,80,1,1,1,13,0,0
37,370151,1,2,3,2,3,13,30,12,6,1,0,37,1,49,472,49472,30,1999,4TANL42NXXZ5,4,T,A,N,L,4,2,N,X,X,Z,5,0,T,TOYT,REG,PK,99,17,,1,0,1033,TAC,G,,,4,149,,,,B,2567,00,U,42,0,0,000000000,00000000000,0,0,0,1,0,0,0,0,0,0,0,20,0,0,0,81,6,2,12,0,0,0,1,37,28711,6,1,0,0,3,0,70,999,1,0,0,0,0,10,2010,10,2010,0,38,91,0,0,2,4,55,1,1,2,1,20,3,4,17,1,1,1,87,1,0
37,370151,2,2,1,2,3,13,30,12,6,1,0,37,3,7,482,7482,31,2004,3D7KU28D64G1,3,D,7,K,U,2,8,D,6,4,G,1,0,T,DODG,SQ2,CW,4,17,,2,1605,1405,RPC,G,,,8,345,,,,C,5438,13,E,44,0,0,000000000,00000000000,0,0,0,1,0,0,0,0,0,0,0,55,0,0,0,12,6,2,12,0,0,0,1,37,28787,6,1,0,0,3,0,76,999,0,0,0,0,0,0,0,0,0,0,0,0,0,0,2,4,55,1,1,2,1,0,0,1,17,1,1,1,86,0,0
37,370152,1,2,2,7,3,14,46,12,6,1,0,37,1,6,441,6441,20,2005,2C4GP54L95R3,2,C,4,G,P,5,4,L,9,5,R,3,0,T,CHRY,TOU,ES,5,17,,1,0,1193,TWC,G,,,6,230,,,,,4256,00,,42,0,0,000000000,00000000000,0,0,0,1,0,0,0,0,0,0,0,15,0,0,0,83,6,2,12,0,0,0,1,37,28645,6,1,0,0,3,3,62,999,0,0,0,0,0,0,0,0,0,0,38,0,0,0,1,3,35,1,1,2,1,4,3,1,17,1,1,1,87,1,0
37,370152,2,2,1,7,3,14,46,12,6,1,0,37,2,23,481,23481,31,1985,1GTDC14H6FF7,1,G,T,D,C,1,4,H,6,F,F,7,0,T,GMC,C15,PK,85,17,,1,1315,1175,C15,G,,,8,305,,,,B,3319,07,A,42,0,0,000000000,00000000000,0,0,0,1,0,0,0,0,0,0,0,25,0,0,0,12,6,2,12,0,0,0,1,37,28655,6,1,6,0,3,0,73,999,0,0,0,0,0,0,0,0,0,0,0,0,0,0,1,3,35,1,1,2,1,4,3,1,17,1,1,1,86,0,0
37,370153,1,1,1,8,3,17,23,1,0,1,0,37,1,72,706,72706,80,2012,1HD1JDV13CB0,1,H,D,1,J,D,V,1,3,C,B,0,0,M,HD,FLN,RS,12,17,,,,,,,1690,,2,,4,695,,,,,,,0,0,000000000,00000000000,0,0,0,1,0,0,0,0,0,0,0,45,0,0,0,0,6,2,43,0,0,0,1,37,28025,6,1,0,0,3,0,68,999,0,0,0,0,0,0,0,0,0,0,6,0,0,0,1,2,45,2,2,2,1,0,0,14,13,1,1,4,1,1,0
37,370154,1,1,4,11,3,4,0,42,0,1,0,37,2,37,33,37033,2,1997,JHMBB6149VC0,J,H,M,B,B,6,1,4,9,V,C,0,0,P,HOND,PRE,CP,97,17,2861,,0,1017,,G,,F,4,132,,,16R205,,,,,,0,0,000000000,00000000000,0,0,0,1,0,0,0,0,0,0,0,85,0,0,0,61,6,2,42,0,0,0,1,37,28638,3,1,0,0,2,0,60,999,0,0,0,0,2,4,2009,10,2010,1,36,0,0,0,1,2,45,1,2,2,1,0,0,1,6,1,1,4,1,2,1
37,370155,1,1,4,6,3,22,45,42,0,1,0,37,1,51,46,51046,4,2000,YV1VS2556YF4,Y,V,1,V,S,2,5,5,6,Y,F,4,0,P,VOLV,S40,4D,0,17,3030,,0,1004,,G,,T,4,119,,,000000,,,,,,0,0,000000000,00000000000,0,0,0,1,0,0,0,0,0,0,0,60,0,0,0,12,6,2,42,0,0,1,1,37,28557,6,1,0,0,3,0,64,999,1,0,0,0,1,6,2010,12,2011,1,36,0,0,0,1,2,35,1,1,2,1,0,0,1,6,1,1,4,1,2,1
37,370156,1,1,1,13,3,3,50,42,0,1,0,37,3,82,881,82881,66,2007,1FUJA6DE67LW,1,F,U,J,A,6,D,E,6,7,L,W,1,T,FRHT,COL,TR,7,17,,8,0,0,CON,D,,,6,763,,,,,00000,00,,64,1,57,48104,5748104,3,6,1,1,0,0,0,0,0,0,0,65,0,0,0,12,6,2,21,0,0,1,1,37,28638,6,1,6,1,3,1,68,999,0,0,0,0,0,0,0,0,0,0,0,0,0,0,3,4,65,1,2,1,2,0,0,1,13,1,1,4,1,1,0