STATE,ST_CASE,VEH_NO,VE_FORMS,NUMOCCS,DAY,MONTH,HOUR,MINUTE,HARM_EV,MAN_COLL,UNITTYPE,HIT_RUN,REG_STAT,OWNER,MAKE,MODEL,MAK_MOD,BODY_TYP,MOD_YEAR,VIN,VIN_1,VIN_2,VIN_3,VIN_4,VIN_5,VIN_6,VIN_7,VIN_8,VIN_9,VIN_10,VIN_11,VIN_12,TOW_VEH,VINTYPE,VINMAKE,VINA_MOD,VIN_BT,VINMODYR,VIN_LNGT,VIN_WGT,WGTCD_TR,WHLBS_LG,WHLBS_SH,SER_TR,FUELCODE,MCYCL_DS,CARBUR,CYLINDER,DISPLACE,MCYCL_CY,MCYCL_WT,TIRE_SZE,TON_RAT,TRK_WT,TRKWTVAR,VIN_REST,WHLDRWHL,J_KNIFE,MCARR_I1,MCARR_I2,MCARR_ID,GVWR,V_CONFIG,CARGO_BT,HAZ_INV,HAZ_PLAC,HAZ_ID,HAZ_CNO,HAZ_REL,BUS_USE,SPEC_USE,EMER_USE,TRAV_SP,UNDERIDE,ROLLOVER,ROLINLOC,IMPACT1,DEFORMED,TOWED,M_HARM,VEH_SC1,VEH_SC2,FIRE_EXP,DR_PRES,L_STATE,DR_ZIP,L_STATUS,L_TYPE,CDL_STAT,L_ENDORS,L_COMPL,L_RESTRI,DR_HGT,DR_WGT,PREV_ACC,PREV_SUS,PREV_DWI,PREV_SPD,PREV_OTH,FIRST_MO,FIRST_YR,LAST_MO,LAST_YR,SPEEDREL,DR_SF1,DR_SF2,DR_SF3,DR_SF4,VTRAFWAY,VNUM_LAN,VSPD_LIM,VALIGN,VPROFILE,VPAVETYP,VSURCOND,VTRAFCON,VTCONT_F,P_CRASH1,P_CRASH2,P_CRASH3,PCRASH4,PCRASH5,ACC_TYPE,DEATHS,DR_DRINK
37,370157,1,1,1,8,3,11,55,59,0,1,0,37,2,82,881,82881,66,1996,2FUYDPYB1TA8,2,F,U,Y,D,P,Y,B,1,T,A,8,1,T,FRHT,FLD,TR,96,17,,8,0,0,CON,D,,,6,677,,,,,00000,00,,64,1,37,2290790,372290790,3,6,10,1,0,0,0,0,0,0,0,65,0,0,0,12,6,2,35,0,0,0,1,37,27330,6,1,6,9,3,0,70,999,0,0,0,2,2,4,2009,11,2011,0,99,99,99,99,3,4,65,1,1,2,1,0,0,1,13,1,1,4,1,1,0
37,370158,1,1,1,15,3,10,16,42,0,1,0,37,1,2,404,2404,14,1996,1J4GZ58S0TC2,1,J,4,G,Z,5,8,S,0,T,C,2,0,T,JEEP,LRO,4W,96,17,,1,0,1059,GCK,G,,,6,242,,,,,3686,00,E,44,0,0,000000000,00000000000,0,0,0,1,0,0,0,0,0,0,0,40,0,0,0,12,6,2,42,0,0,0,1,37,28906,6,1,0,0,3,3,63,999,0,0,0,0,0,0,0,0,0,0,58,0,0,0,1,2,35,1,2,2,1,0,0,1,13,1,1,4,1,1,0
37,370159,1,1,2,5,3,22,41,8,0,1,0,37,2,37,31,37031,2,1995,1HGEJ212XSL0,1,H,G,E,J,2,1,2,X,S,L,0,0,P,HOND,CID,CP,95,17,2168,,0,1032,,G,,F,4,091,,,13R175,,,,,,0,0,000000000,00000000000,0,0,0,1,0,0,0,0,0,0,0,998,0,0,0,12,6,9,8,0,0,0,1,37,28152,6,1,0,0,3,0,67,999,2,0,0,0,0,6,2011,11,2011,0,0,0,0,0,1,4,35,1,1,2,1,0,0,1,80,1,1,1,13,0,0
37,370160,1,1,1,17,3,7,45,42,0,1,0,37,2,12,481,12481,31,2006,1FTPX14576NA,1,F,T,P,X,1,4,5,7,6,N,A,0,T,FORD,F15,4C,6,17,,2,0,1450,COF,G,,,8,329,,,,B,4297,16,E,44,0,0,000000000,00000000000,0,0,0,1,0,0,0,0,0,0,0,75,0,0,0,12,6,2,42,0,0,0,1,37,28430,6,1,0,0,3,3,68,999,0,1,0,0,3,9,2009,8,2011,1,36,58,0,0,1,2,55,3,1,2,1,0,0,14,13,1,1,4,1,1,0
37,370161,1,3,1,22,3,16,4,12,6,1,0,37,1,20,471,20471,30,2000,1GCCS1452YK2,1,G,C,C,S,1,4,5,2,Y,K,2,0,T,CHEV,S14,PK,0,17,,1,1179,1083,S,F,,,4,133,,,,B,3029,03,,42,0,0,000000000,00000000000,0,0,0,1,0,0,0,0,0,0,0,70,0,0,0,12,6,2,12,0,0,0,1,37,28463,6,1,0,0,3,0,70,999,0,0,0,0,0,0,0,0,0,1,36,38,0,0,2,4,55,1,1,2,1,21,3,1,17,1,1,1,88,0,0
37,370161,2,3,1,22,3,16,4,12,6,1,0,37,1,35,39,35039,4,2002,JN1DA31D82T4,J,N,1,D,A,3,1,D,8,2,T,4,0,P,NISS,MGS,4D,2,17,3103,,0,1083,,G,,F,6,214,,,16R215,,,,,,0,0,000000000,00000000000,0,0,0,1,0,0,0,0,0,0,0,60,0,0,0,62,6,2,12,0,0,0,1,37,28431,6,1,0,0,3,0,66,999,0,0,0,0,0,0,0,0,0,0,0,0,0,0,2,4,60,1,1,2,1,0,0,1,17,1,1,1,89,1,0
37,370161,3,3,2,22,3,16,4,12,6,1,0,37,1,49,40,49040,4,2011,4T1BF3EK4BU7,4,T,1,B,F,3,E,K,4,B,U,7,0,P,TOYT,CBA,4D,11,17,3263,,0,1093,,G,,F,4,152,,,16R215,,,,,,0,0,000000000,00000000000,0,0,0,1,0,0,0,0,0,0,0,0,0,0,0,12,6,2,54,0,0,0,1,37,28472,6,1,0,0,3,0,69,999,0,0,0,1,0,11,2010,11,2010,0,0,0,0,0,2,4,55,1,1,2,1,21,3,5,18,1,1,1,98,0,0
37,370162,1,1,1,23,3,20,56,1,0,1,0,37,0,53,709,53709,81,9999,000000000000,0,0,0,0,0,0,0,0,0,0,0,0,0,,,,,,,,,,,,,,,,,,,,,,,,,0,0,000000000,00000000000,0,0,0,1,0,0,0,0,0,0,0,35,0,0,0,0,2,9,1,0,0,0,1,37,28463,1,1,0,0,1,0,68,999,0,0,0,0,0,0,0,0,0,0,0,0,0,0,1,2,55,3,1,2,1,0,0,14,9,1,1,1,98,1,1
37,370163,1,1,1,23,3,0,53,34,0,1,0,37,1,23,471,23471,30,1993,1GTCS14R4P85,1,G,T,C,S,1,4,R,4,P,8,5,0,T,GMC,SON,PK,93,17,,1,1179,1083,SON,G,,,6,173,,,,B,00000,00,A,42,0,0,000000000,00000000000,0,0,0,1,0,0,0,0,0,0,0,55,0,1,5,12,6,2,1,0,0,0,1,37,28431,6,1,0,0,3,0,74,999,0,2,0,1,1,11,2009,10,2010,0,28,58,0,0,1,2,55,3,1,2,1,0,0,14,12,1,1,4,6,1,1
37,370164,1,1,1,17,3,0,30,34,0,1,0,37,2,22,20,22020,4,2004,2G2WP5227413,2,G,2,W,P,5,2,2,7,4,1,3,0,P,PONT,GPG,4D,4,17,3477,,0,1105,,G,,F,6,231,,,16R225,,,,,,0,0,000000000,00000000000,0,0,0,1,0,0,0,0,0,0,0,100,0,1,5,12,6,2,1,0,0,0,1,45,29568,1,1,5,0,2,0,71,195,0,1,0,0,0,1,2012,1,2012,1,58,0,0,0,1,2,35,1,1,2,1,0,0,1,12,1,1,4,6,1,1
37,370165,1,2,1,6,3,13,5,12,6,1,0,37,3,12,481,12481,31,2003,1FTRF17223NA,1,F,T,R,F,1,7,2,2,3,N,A,0,T,FORD,F15,PK,3,17,,2,1385,1199,COF,G,,,6,256,,,,B,4060,00,U,42,0,0,000000000,00000000000,0,0,0,1,0,0,0,0,0,0,0,998,0,0,0,3,4,1,12,0,0,0,1,37,28376,6,1,0,0,3,0,71,999,1,0,0,0,0,10,2009,10,2009,0,38,0,0,0,2,4,98,1,3,2,1,0,0,11,15,1,1,1,68,0,0
37,370165,2,2,1,6,3,13,5,12,6,1,0,42,1,72,706,72706,80,2006,1HD4CKM176K4,1,H,D,4,C,K,M,1,7,6,K,4,0,M,HD,8XL,RS,6,17,,,,,,,883,,2,,4,560,,,,,,,0,0,000000000,00000000000,0,0,0,1,0,0,0,0,0,0,0,998,0,0,0,12,6,2,12,0,0,0,1,42,15084,6,1,6,0,3,3,70,999,0,0,0,0,0,0,0,0,0,0,0,0,0,0,2,4,98,1,3,2,1,0,0,1,17,1,1,1,69,1,0
37,370166,1,1,1,26,3,22,40,8,0,1,0,37,1,20,471,20471,30,2001,1GCCS19W7182,1,G,C,C,S,1,9,W,7,1,8,2,0,T,CHEV,S14,PC,1,17,,1,0,1229,S,G,,,6,262,,,,B,00000,00,,42,0,0,000000000,00000000000,0,0,0,1,0,0,0,0,0,0,0,45,0,0,0,12,6,2,8,0,0,0,1,37,28311,6,1,0,0,3,0,67,999,1,0,0,1,0,4,2010,10,2011,0,0,0,0,0,1,2,55,1,1,2,1,0,0,1,80,1,1,1,13,0,0
37,370167,1,2,1,13,3,15,0,9,0,1,0,37,1,49,472,49472,30,2008,5TELU42N98Z5,5,T,E,L,U,4,2,N,9,8,Z,5,0,T,TOYT,DCL,CW,8,17,,1,0,1278,TAC,G,,,6,244,,,,B,4065,00,U,44,0,0,000000000,00000000000,0,0,0,1,0,0,0,0,0,0,0,55,0,0,0,12,6,2,9,0,0,0,1,37,27360,6,1,0,0,3,0,68,999,0,0,0,0,0,0,0,0,0,0,0,0,0,0,2,2,55,1,1,2,1,0,0,1,83,1,1,2,13,0,1
37,370167,2,2,1,13,3,15,0,9,0,1,0,37,2,52,37,52037,3,1997,4A3AK54F3VE0,4,A,3,A,K,5,4,F,3,V,E,0,0,P,MITS,GST,2H,97,17,2899,,0,988,,G,,T,4,122,,,16R205,,,,,,0,0,000000000,00000000000,0,0,0,1,0,0,0,0,0,0,0,55,0,0,0,18,2,1,54,0,0,0,1,37,27360,6,1,0,0,3,0,62,999,0,0,0,0,0,0,0,0,0,0,0,0,0,0,2,2,55,1,1,2,1,0,0,1,98,1,1,1,98,0,0
37,370168,1,2,3,22,3,15,13,12,6,1,0,37,1,20,481,20481,31,2008,1GCHK23K58F1,1,G,C,H,K,2,3,K,5,8,F,1,0,T,CHEV,2KH,CW,8,17,,2,1670,1530,SIL,G,,,8,366,,,,C,5883,02,,44,0,0,000000000,00000000000,0,0,0,1,0,0,0,0,0,0,0,8,0,0,0,7,4,1,12,0,0,0,1,37,27295,6,1,6,0,3,0,70,999,0,0,0,0,0,0,0,0,0,0,0,0,0,0,1,2,45,1,1,2,1,20,3,11,15,1,1,1,82,0,0
37,370168,2,2,1,22,3,15,13,12,6,1,0,37,1,37,706,37706,80,1986,1HFSC1803GA1,1,H,F,S,C,1,8,0,3,G,A,1,0,M,HOND,VT1,RS,86,17,,,,,,,1100,,2,,4,540,,,,,,,0,0,000000000,00000000000,0,0,0,1,0,0,0,0,0,0,0,55,0,0,0,12,6,2,12,0,0,0,1,37,27295,6,1,0,0,3,3,66,999,1,0,0,0,1,8,2009,4,2010,1,0,0,0,0,1,2,45,2,1,2,1,0,0,14,67,1,1,1,83,1,0
37,370169,1,2,1,13,3,17,13,12,6,1,0,37,2,20,431,20431,16,2002,3GNEC16Z52G3,3,G,N,E,C,1,6,Z,5,2,G,3,0,P,CHEV,C15,UT,2,17,4914,,0,1300,,F,,F,8,325,,,16R265,,,,,,0,0,000000000,00000000000,0,0,0,1,0,0,0,0,0,0,0,5,0,0,0,12,4,1,12,0,0,0,1,37,27526,6,1,0,0,3,0,62,999,1,0,0,0,0,3,2010,3,2010,0,38,0,0,0,1,2,55,1,1,2,1,20,3,1,17,1,1,1,88,0,0
37,370169,2,2,2,13,3,17,13,12,6,1,0,37,1,21,401,21401,14,2003,1GHDT13S5321,1,G,H,D,T,1,3,S,5,3,2,1,0,P,OLDS,BRA,UT,3,17,4628,,0,1130,,G,,F,6,256,,,17R255,,,,,,0,0,000000000,00000000000,0,0,0,1,0,0,0,0,0,0,0,55,0,1,5,7,6,2,42,0,0,0,1,37,28365,6,1,0,0,3,0,71,999,0,0,0,0,0,0,0,0,0,0,0,0,0,0,1,2,55,1,1,2,1,0,0,1,66,1,1,1,89,1,0
37,370170,1,2,1,7,3,11,53,12,6,1,0,37,2,73,705,73705,80,2009,JKAZX4R129A0,J,K,A,Z,X,4,R,1,2,9,A,0,0,M,KAWK,ZXP,RC,9,17,,,,,,,599,,4,,4,421,,,,,,,0,0,000000000,00000000000,0,0,0,1,0,0,0,0,0,0,0,66,0,0,0,12,6,2,12,0,0,0,1,37,27713,0,0,0,0,0,0,999,999,1,0,0,0,0,5,2011,5,2011,1,0,0,0,0,1,4,45,1,1,2,1,0,0,1,67,4,1,1,83,1,0
37,370170,2,2,1,7,3,11,53,12,6,1,0,37,1,42,48,42048,4,2010,WDDHF5GB5AA0,W,D,D,H,F,5,G,B,5,A,A,0,0,P,MERZ,ESD,4D,10,17,3891,,0,1131,,G,,F,6,213,,,18R245,,,,,,0,0,000000000,00000000000,0,0,0,1,0,0,0,0,0,0,0,10,0,0,0,11,6,2,12,0,0,0,1,37,27713,6,1,0,0,3,3,67,999,1,0,0,0,0,4,2009,4,2009,0,38,0,0,0,1,2,35,1,1,2,1,20,3,11,15,1,1,1,82,0,0
37,370171,1,3,1,26,3,13,30,12,6,1,0,37,1,19,3,19003,4,2002,1G6KD54Y72U1,1,G,6,K,D,5,4,Y,7,2,U,1,0,P,CADI,DFW,4D,2,17,3978,,0,1153,,G,,F,8,279,,,16R225,,,,,,0,0,000000000,00000000000,0,0,0,1,0,0,0,0,0,0,0,25,0,0,0,9,6,2,12,0,0,0,1,37,27701,6,1,6,0,3,0,71,999,0,0,0,1,0,11,2009,11,2009,0,0,0,0,0,1,2,25,1,1,2,1,3,3,1,17,1,1,1,98,1,0
37,370171,2,3,1,26,3,13,30,12,6,1,0,37,1,53,41,53041,4,2011,JS2RE9A37B61,J,S,2,R,E,9,A,3,7,B,6,1,0,P,SUZI,KSE,4D,11,17,3329,,0,1063,,G,,F,4,146,,,18R235,,,,,,0,0,000000000,00000000000,0,0,0,1,0,0,0,0,0,0,0,30,0,0,0,3,6,2,12,0,0,0,1,37,27701,6,1,0,0,3,3,66,999,0,0,0,0,0,0,0,0,0,0,0,0,0,0,1,2,35,1,1,2,1,3,3,1,66,1,1,1,87,0,0
37,370171,3,3,3,26,3,13,30,12,6,1,0,37,3,12,24,12024,6,2012,2FMDK3KC4CBA,2,F,M,D,K,3,K,C,4,C,B,A,0,P,FORD,EDG,UT,12,17,4056,,0,1112,,G,,F,6,214,,,18R245,,,,,,0,0,000000000,00000000000,0,0,0,1,0,0,0,0,0,0,0,65,0,0,0,12,6,2,12,0,0,0,1,37,27707,1,1,0,0,2,0,71,999,1,11,0,0,0,3,2009,2,2012,1,39,0,0,0,1,2,25,1,1,2,1,3,3,1,66,1,1,1,86,0,1
37,370172,1,2,1,31,3,19,51,12,6,1,0,37,1,37,706,37706,80,1991,JH2PC2504MM0,J,H,2,P,C,2,5,0,4,M,M,0,0,M,HOND,RF2,RC,91,17,,,,,,,600,,4,,4,407,,,,,,,0,0,000000000,00000000000,0,0,0,1,0,0,0,0,0,0,0,50,0,0,0,12,6,2,12,0,0,0,1,37,27707,1,1,0,0,2,0,73,999,0,0,0,0,0,0,0,0,0,1,0,0,0,0,1,4,35,1,1,2,1,3,3,1,17,1,1,1,69,1,0
37,370172,2,2,2,31,3,19,51,12,6,1,0,37,1,12,17,12017,4,2003,1FAFP55253A1,1,F,A,F,P,5,5,2,5,3,A,1,0,P,FORD,TSS,4D,3,17,3329,,0,1085,,F,,F,6,182,,,16R215,,,,,,0,0,000000000,00000000000,0,0,0,1,0,0,0,0,0,0,0,15,0,0,0,1,6,2,12,0,0,0,1,37,27707,6,1,0,0,3,3,62,999,0,0,0,0,0,0,0,0,0,0,38,0,0,0,1,4,35,1,1,2,1,3,3,11,15,1,1,1,68,0,0
37,370173,1,1,1,14,3,7,13,34,0,1,0,37,1,7,402,7402,14,2000,1B4HR28Y1YF1,1,B,4,H,R,2,8,Y,1,Y,F,1,0,P,DODG,DUR,UT,0,17,4225,,0,1159,,G,,F,8,318,,,15R235,,,,,,0,0,000000000,00000000000,0,0,0,1,0,0,0,0,0,0,0,60,0,1,5,12,6,2,1,0,0,0,1,37,27804,6,1,0,0,3,0,65,999,0,0,0,1,0,11,2010,11,2010,0,99,99,99,99,1,2,55,3,2,2,1,0,0,14,13,1,1,4,1,1,0
37,370174,1,2,2,25,3,0,25,12,6,1,0,37,2,18,20,18020,4,2003,2G4WB52K5312,2,G,4,W,B,5,2,K,5,3,1,2,0,P,BUIC,RLS,4D,3,17,3543,,0,1090,,G,,F,6,231,,,15R215,,,,,,0,0,000000000,00000000000,0,0,0,1,0,0,0,0,0,0,0,40,0,0,0,12,6,2,12,0,0,0,1,37,27823,6,1,0,0,3,0,62,999,0,0,0,0,0,0,0,0,0,0,0,0,0,0,1,2,45,1,1,2,2,0,0,1,62,1,1,1,65,0,0
37,370174,2,2,1,25,3,0,25,12,6,1,0,37,1,24,2,24002,17,2000,1G8ZY1278YZ1,1,G,8,Z,Y,1,2,7,8,Y,Z,1,0,P,STRN,SC2,3P,0,17,2463,,0,1024,,G,,F,4,116,,,15R195,,,,,,0,0,000000000,00000000000,0,0,0,1,0,0,0,0,0,0,0,40,0,0,0,9,6,2,12,0,0,0,1,37,27807,6,1,0,0,3,0,60,999,0,0,0,0,0,0,0,0,0,0,28,58,0,0,1,2,45,1,1,2,2,0,0,1,10,1,1,2,64,1,0
37,370175,1,1,1,5,3,22,37,8,0,1,0,37,1,24,3,24003,6,1998,1G8ZK827XWZ2,1,G,8,Z,K,8,2,7,X,W,Z,2,0,P,STRN,SW2,SW,98,17,2482,,0,1024,,G,,F,4,116,,,15R185,,,,,,0,0,000000000,00000000000,0,0,0,1,0,0,0,0,0,0,0,15,0,0,0,12,4,3,8,0,0,0,1,37,27021,6,1,0,0,3,0,71,999,0,0,0,0,0,0,0,0,0,0,36,0,0,0,1,2,35,1,1,2,1,0,0,3,80,1,1,1,13,0,1
37,370176,1,3,1,11,3,12,35,12,1,1,0,37,3,82,881,82881,66,2006,1FUJA6CK16LU,1,F,U,J,A,6,C,K,1,6,L,U,1,T,FRHT,COL,TR,6,17,,8,0,0,CON,D,,,6,855,,,,,00000,00,,64,1,57,511986,57511986,3,6,3,1,0,0,0,0,0,0,0,45,0,0,0,18,2,1,54,0,0,0,1,37,28368,6,1,6,0,3,0,68,999,0,1,0,1,6,3,2009,5,2011,0,0,0,0,0,3,3,45,1,1,2,1,0,0,1,98,1,1,1,98,0,0
37,370176,2,3,1,11,3,12,35,12,1,1,0,37,1,37,706,37706,80,2004,1HFSC55034A0,1,H,F,S,C,5,5,0,3,4,A,0,0,M,HOND,13V,RS,4,17,,,,,,,1312,,2,,4,641,,,,,,,0,0,000000000,00000000000,0,0,0,1,0,0,0,0,0,0,0,45,0,0,0,12,6,2,12,0,0,0,1,37,27127,6,1,0,0,3,0,70,999,0,0,0,0,1,6,2011,6,2011,1,26,0,0,0,3,3,45,1,1,2,1,0,0,1,51,1,1,1,24,1,0
37,370176,3,3,2,11,3,12,35,12,1,1,0,25,2,2,404,2404,14,2003,1J4GW48S23C6,1,J,4,G,W,4,8,S,2,3,C,6,0,T,JEEP,LRO,4W,3,17,,1,0,1059,GCK,G,,,6,244,,,,,3880,01,E,44,0,0,000000000,00000000000,0,0,0,1,0,0,0,0,0,0,0,45,0,0,0,6,6,2,12,0,0,0,1,25,2659,6,1,0,0,3,0,65,999,0,0,0,0,0,0,0,0,0,0,0,0,0,0,3,3,45,1,1,2,1,0,0,1,53,1,1,1,25,0,0
37,370177,1,1,2,23,3,17,57,53,0,1,0,37,1,37,31,37031,2,1995,2HGEJ1125SH5,2,H,G,E,J,1,1,2,5,S,H,5,0,P,HOND,CEX,CP,95,17,2371,,0,1032,,G,,F,4,097,,,14R185,,,,,,0,0,000000000,00000000000,0,0,0,1,0,0,0,0,0,0,0,999,0,1,5,12,6,2,1,0,0,0,1,37,27107,1,1,0,0,2,3,70,999,0,1,0,1,1,3,2011,6,2011,0,36,0,0,0,1,2,35,1,2,2,1,0,0,1,13,1,1,4,1,1,1
37,370178,1,1,1,26,3,2,58,43,0,1,0,37,1,6,441,6441,20,1994,1C4GH54LXRX3,1,C,4,G,H,5,4,L,X,R,X,3,0,T,CHRY,TWC,ES,94,17,,1,0,1193,TWC,G,,,6,230,,,,,3873,00,,42,0,0,000000000,00000000000,0,0,0,1,0,0,0,0,0,0,0,35,0,0,0,12,6,2,43,0,0,0,1,37,27101,6,1,0,0,3,3,66,999,0,0,0,0,0,0,0,0,0,0,99,99,99,99,1,3,35,1,2,2,1,0,0,1,12,1,1,4,6,1,0
37,370179,1,3,1,27,3,11,19,12,6,1,0,37,3,84,881,84881,63,2002,2HSCEAMR22C0,2,H,S,C,E,A,M,R,2,2,C,0,1,T,INTL,92I,TR,2,17,,8,0,0,920,D,,,6,774,,,,,00000,00,,64,1,57,597857,57597857,3,4,1,1,0,0,0,0,0,0,0,55,0,0,0,12,6,2,12,0,0,0,1,37,27107,6,1,6,9,3,3,72,999,0,0,0,0,0,0,0,0,0,0,0,0,0,0,2,4,45,1,1,2,1,0,0,1,54,6,1,2,88,0,0
37,370179,2,3,2,27,3,11,19,12,6,1,0,37,1,20,442,20442,20,1995,1GNDU06L3ST1,1,G,N,D,U,0,6,L,3,S,T,1,0,P,CHEV,L/M,SV,95,17,3516,,0,1098,,G,,F,6,231,,,15R205,,,,,,0,0,000000000,00000000000,0,0,0,1,0,0,0,0,0,0,0,15,0,0,0,62,6,2,12,0,0,0,1,37,27107,6,1,0,0,3,0,65,999,0,0,0,0,1,10,2011,10,2011,0,38,0,0,0,2,4,45,1,1,2,1,20,3,4,17,1,1,1,89,1,1
37,370179,3,3,2,27,3,11,19,12,6,1,0,37,2,52,401,52401,14,2004,JA4LS21R64J0,J,A,4,L,S,2,1,R,6,4,J,0,0,P,MITS,MNS,UT,4,17,3945,,0,1073,,G,,F,6,213,,,16R255,,,,,,0,0,000000000,00000000000,0,0,0,1,0,0,0,0,0,0,0,35,0,0,0,81,6,2,12,0,0,0,1,37,27101,6,1,0,0,3,0,67,999,0,1,0,1,0,8,2011,8,2011,0,0,0,0,0,2,4,45,1,1,2,1,0,0,1,60,1,1,1,98,0,0
37,370180,1,1,3,28,3,2,38,46,0,1,0,51,2,37,31,37031,2,2005,1HGEM22985L0,1,H,G,E,M,2,2,9,8,5,L,0,0,P,HOND,UAX,CP,5,17,2657,,0,1031,,G,,F,4,102,,,15R195,,,,,,0,0,000000000,00000000000,0,0,0,1,0,0,0,0,0,0,0,85,0,0,0,62,6,2,30,0,0,0,1,37,27106,6,1,0,0,3,0,67,999,0,1,0,1,1,6,2009,5,2011,1,36,0,0,0,2,4,45,4,1,2,1,3,3,14,6,1,1,5,6,1,1
37,370181,1,1,1,28,3,13,2,1,0,1,0,37,1,20,421,20421,15,1996,1GNEK13R2TJ3,1,G,N,E,K,1,3,R,2,T,J,3,0,P,CHEV,KTA,UT,96,17,5144,,0,1175,,G,,F,8,350,,,16R245,,,,,,0,0,000000000,00000000000,0,0,0,1,0,0,0,0,0,0,0,60,0,2,5,0,6,2,1,0,0,0,1,37,27284,6,1,0,0,3,0,67,999,0,0,0,0,1,2,2012,2,2012,0,58,0,0,0,1,2,55,3,1,2,1,0,0,14,13,1,1,4,1,1,0
37,370182,1,2,1,17,3,20,36,12,6,1,0,37,2,30,46,30046,4,2004,WVWPD63B44E0,W,V,W,P,D,6,3,B,4,4,E,0,0,P,VOLK,PWS,4D,4,17,3155,,0,1064,,G,,T,4,109,,,15R195,,,,,,0,0,000000000,00000000000,0,0,0,1,0,0,0,0,0,0,0,20,0,0,0,82,6,2,12,0,0,0,1,37,27596,6,1,0,0,3,3,68,999,0,0,0,1,0,10,2010,10,2010,0,38,0,0,0,1,2,55,1,3,2,1,0,0,11,15,1,1,1,68,0,0
37,370182,2,2,1,17,3,20,36,12,6,1,0,37,1,37,706,37706,80,2003,JH2SC45373M3,J,H,2,S,C,4,5,3,7,3,M,3,0,M,HOND,RV1,RC,3,17,,,,,,,999,,2,,4,437,,,,,,,0,0,000000000,00000000000,0,0,0,1,0,0,0,0,0,0,0,50,0,0,0,12,6,2,12,0,0,0,1,37,27571,6,1,0,0,3,0,71,999,0,0,0,1,1,10,2010,9,2011,0,0,0,0,0,1,2,55,1,3,2,1,0,0,1,54,1,1,1,69,1,0
37,370183,1,1,1,16,3,15,39,30,0,1,0,37,1,23,481,23481,31,1995,2GTEC19H9S15,2,G,T,E,C,1,9,H,9,S,1,5,0,T,GMC,SC1,PC,95,17,,2,1555,1415,SIE,G,,,8,305,,,,B,4068,00,M,42,0,0,000000000,00000000000,0,0,0,1,0,0,0,0,0,0,0,45,0,0,0,12,6,2,30,0,0,0,1,37,28120,6,1,0,0,3,1,72,999,1,4,0,0,2,3,2010,10,2011,1,36,0,0,0,1,2,35,1,2,2,1,0,0,1,13,1,1,4,1,1,1
37,370184,1,1,3,23,3,18,54,16,0,1,0,45,2,20,404,20404,14,2008,2CNDL33F9862,2,C,N,D,L,3,3,F,9,8,6,2,0,P,CHEV,EQU,UT,8,17,3699,,0,1125,,G,,F,6,207,,,17R235,,,,,,0,0,000000000,00000000000,0,0,0,1,0,0,0,0,0,0,0,45,0,0,0,0,6,2,16,0,0,0,1,45,29710,6,1,0,0,3,3,70,250,0,0,0,0,0,0,0,0,0,0,0,0,0,0,1,2,45,1,1,2,1,0,0,1,98,1,1,1,0,2,0
37,370185,1,1,2,10,3,23,17,32,0,1,0,37,1,2,404,2404,14,1988,1JCMR7824JT0,1,J,C,M,R,7,8,2,4,J,T,0,0,T,JEEP,PNR,4W,88,17,,1,0,1010,CHK,G,,,6,242,,,,,00000,00,A,44,0,0,000000000,00000000000,0,0,0,1,0,0,0,0,0,0,0,65,0,1,5,12,6,2,1,0,0,0,1,37,27587,6,1,0,0,3,0,69,999,0,0,0,0,0,0,0,0,0,1,36,0,0,0,1,2,55,1,1,2,1,0,0,1,13,1,1,4,1,1,1
37,370186,1,2,2,15,3,16,4,12,6,1,0,37,1,9,442,9442,20,1998,1P4GP44G5WB5,1,P,4,G,P,4,4,G,5,W,B,5,0,T,PLYM,GSX,ES,98,17,,1,0,1193,VOF,F,,,6,201,,,,,3675,00,E,42,0,0,000000000,00000000000,0,0,0,1,0,0,0,0,0,0,0,25,0,0,0,82,6,2,12,0,0,0,1,37,27565,6,1,0,0,3,3,70,999,0,1,0,0,0,6,2011,6,2011,0,38,0,0,0,1,2,55,1,2,2,1,0,0,11,15,1,1,1,68,1,0
37,370186,2,2,1,15,3,16,4,12,6,1,0,37,3,12,481,12481,31,2012,1FT7W2BT3CEA,1,F,T,7,W,2,B,T,3,C,E,A,0,T,FORD,F2S,CW,12,17,,2,1724,1562,SRW,D,,,8,409,,,,C,6731,00,7,44,0,0,000000000,00000000000,0,0,0,1,0,0,0,0,0,0,0,55,0,0,0,12,4,9,12,0,0,0,1,37,27537,6,1,0,0,3,0,70,999,0,0,0,0,0,0,0,0,0,0,0,0,0,0,1,2,55,1,2,2,1,0,0,1,54,1,1,1,69,0,0
37,370187,1,1,1,25,3,18,40,32,0,1,0,37,2,52,47,52047,6,2004,JA4LX31F14U0,J,A,4,L,X,3,1,F,1,4,U,0,0,P,MITS,OUT,UT,4,17,3240,,0,1033,,G,,F,4,146,,,16R225,,,,,,0,0,000000000,00000000000,0,0,0,1,0,0,0,0,0,0,0,60,0,1,5,12,6,2,1,0,0,1,1,37,27565,1,1,0,0,2,0,71,999,0,7,5,0,3,4,2009,8,2011,1,36,0,0,0,1,2,55,1,1,2,1,0,0,1,13,1,1,4,1,1,1
37,370188,1,1,1,2,3,3,35,8,0,1,0,37,1,12,481,12481,31,1996,1FTEF14Y6TLB,1,F,T,E,F,1,4,Y,6,T,L,B,0,T,FORD,F15,PK,96,17,,2,1330,1170,COF,G,,,6,300,,,,B,4065,00,M,44,0,0,000000000,00000000000,0,0,0,1,0,0,0,0,0,0,0,35,0,0,0,82,4,1,8,0,0,0,1,37,27370,6,1,6,0,3,0,75,999,0,0,0,0,0,0,0,0,0,0,0,0,0,0,1,2,40,1,2,2,1,0,0,1,80,1,1,1,13,0,0