STATE,ST_CASE,VEH_NO,VE_FORMS,NUMOCCS,DAY,MONTH,HOUR,MINUTE,HARM_EV,MAN_COLL,UNITTYPE,HIT_RUN,REG_STAT,OWNER,MAKE,MODEL,MAK_MOD,BODY_TYP,MOD_YEAR,VIN,VIN_1,VIN_2,VIN_3,VIN_4,VIN_5,VIN_6,VIN_7,VIN_8,VIN_9,VIN_10,VIN_11,VIN_12,TOW_VEH,VINTYPE,VINMAKE,VINA_MOD,VIN_BT,VINMODYR,VIN_LNGT,VIN_WGT,WGTCD_TR,WHLBS_LG,WHLBS_SH,SER_TR,FUELCODE,MCYCL_DS,CARBUR,CYLINDER,DISPLACE,MCYCL_CY,MCYCL_WT,TIRE_SZE,TON_RAT,TRK_WT,TRKWTVAR,VIN_REST,WHLDRWHL,J_KNIFE,MCARR_I1,MCARR_I2,MCARR_ID,GVWR,V_CONFIG,CARGO_BT,HAZ_INV,HAZ_PLAC,HAZ_ID,HAZ_CNO,HAZ_REL,BUS_USE,SPEC_USE,EMER_USE,TRAV_SP,UNDERIDE,ROLLOVER,ROLINLOC,IMPACT1,DEFORMED,TOWED,M_HARM,VEH_SC1,VEH_SC2,FIRE_EXP,DR_PRES,L_STATE,DR_ZIP,L_STATUS,L_TYPE,CDL_STAT,L_ENDORS,L_COMPL,L_RESTRI,DR_HGT,DR_WGT,PREV_ACC,PREV_SUS,PREV_DWI,PREV_SPD,PREV_OTH,FIRST_MO,FIRST_YR,LAST_MO,LAST_YR,SPEEDREL,DR_SF1,DR_SF2,DR_SF3,DR_SF4,VTRAFWAY,VNUM_LAN,VSPD_LIM,VALIGN,VPROFILE,VPAVETYP,VSURCOND,VTRAFCON,VTCONT_F,P_CRASH1,P_CRASH2,P_CRASH3,PCRASH4,PCRASH5,ACC_TYPE,DEATHS,DR_DRINK
37,370189,1,2,1,13,3,11,44,12,6,1,0,37,1,18,33,18033,2,1969,941882814,9,4,1,8,8,2,8,1,4,,,,0,P,OPEL,OGT,CP,69,9,1780,,0,957,,G,,,4,065,,,13165,,,,,,0,0,000000000,00000000000,0,0,0,1,0,0,0,0,0,0,0,15,0,0,0,12,6,2,12,0,0,0,1,37,27284,6,1,0,0,3,3,74,999,2,0,0,0,0,7,2011,2,2012,0,38,0,0,0,1,4,45,1,2,2,1,3,3,11,15,1,1,1,76,1,0
37,370189,2,2,1,13,3,11,44,12,6,1,0,37,2,37,441,37441,20,2005,5FNRL38805B1,5,F,N,R,L,3,8,8,0,5,B,1,0,P,HOND,UDY,SV,5,17,4634,,0,1181,,G,,F,6,212,,,16R225,,,,,,0,0,000000000,00000000000,0,0,0,1,0,0,0,0,0,0,0,45,0,0,0,11,6,2,12,0,0,0,1,37,27265,6,1,0,0,3,3,66,999,0,0,0,0,0,0,0,0,0,0,0,0,0,0,1,4,45,1,2,2,1,3,3,1,54,1,1,1,77,0,0
37,370190,1,1,2,26,3,13,22,42,0,1,0,37,1,37,32,37032,2,2003,1HGCM81613A0,1,H,G,C,M,8,1,6,1,3,A,0,0,P,HOND,UEX,CP,3,17,3047,,0,1051,,G,,F,6,183,,,16R205,,,,,,0,0,000000000,00000000000,0,0,0,1,0,0,0,0,0,0,0,70,0,0,0,12,6,2,42,0,0,0,1,37,27317,6,1,0,0,3,0,73,999,3,0,0,0,0,1,2011,12,2011,1,36,0,0,0,2,4,65,1,1,2,1,0,0,1,13,1,1,4,1,1,1
37,370191,1,1,1,6,3,2,18,43,0,1,0,37,1,55,35,55035,4,2008,KMHDU46D48U4,K,M,H,D,U,4,6,D,4,8,U,4,0,P,HYUN,GST,4D,8,17,2723,,0,1043,,G,,F,4,121,,,15R195,,,,,,0,0,000000000,00000000000,0,0,0,1,0,0,0,0,0,0,0,80,0,0,0,12,6,2,43,0,0,0,1,37,28390,6,1,0,0,3,3,66,999,0,0,0,0,0,0,0,0,0,1,36,0,0,0,1,2,55,2,1,2,1,0,0,14,6,1,1,4,6,1,1
37,370192,1,1,2,8,3,15,38,8,0,1,0,37,2,20,403,20403,14,2004,1GNET16P0461,1,G,N,E,T,1,6,P,0,4,6,1,0,P,CHEV,TRL,UT,4,17,4954,,0,1290,,G,,F,8,325,,,17R245,,,,,,0,0,000000000,00000000000,0,0,0,1,0,0,0,0,0,0,0,55,0,0,0,1,4,9,8,0,0,0,1,37,27546,6,1,0,0,3,0,67,999,0,0,0,0,0,0,0,0,0,0,0,0,0,0,1,2,55,1,1,2,1,0,0,1,80,1,1,1,13,0,0
37,370193,1,1,3,24,3,13,59,34,0,1,0,37,1,37,31,37031,4,2009,2HGFA55589H7,2,H,G,F,A,5,5,5,8,9,H,7,0,P,HOND,UCS,4D,9,17,2959,,0,0,,G,,F,4,122,,,000000,,,,,,0,0,000000000,00000000000,0,0,0,1,0,0,0,0,0,0,0,55,0,1,5,12,6,2,1,0,0,0,1,48,78362,6,1,0,0,3,0,999,999,0,1,0,0,0,4,2011,4,2011,0,99,99,99,99,1,2,55,3,2,2,2,0,0,14,13,1,1,4,1,1,0
37,370194,1,1,1,18,3,15,21,9,0,1,0,37,2,20,401,20401,14,2002,1GNDT13S3221,1,G,N,D,T,1,3,S,3,2,2,1,0,P,CHEV,TRL,UT,2,17,4628,,0,1130,,G,,F,6,256,,,16R245,,,,,,0,0,000000000,00000000000,0,0,0,1,0,0,0,0,0,0,0,35,0,0,0,12,4,1,9,0,0,0,1,37,28334,6,1,0,0,3,0,65,999,0,0,0,0,0,0,0,0,0,0,0,0,0,0,1,2,35,1,1,2,1,20,3,1,80,1,1,1,13,0,0
37,370195,1,1,1,26,3,20,35,8,0,1,0,37,1,34,35,34035,4,2008,WBANV135X8CZ,W,B,A,N,V,1,3,5,X,8,C,Z,0,P,BMW,5XI,4D,8,17,3814,,0,1137,,G,,F,6,183,,,17R225,,,,,,0,0,000000000,00000000000,0,0,0,1,0,0,0,0,0,0,0,40,0,0,0,12,6,2,8,0,0,0,1,37,28376,6,1,0,0,3,0,67,999,0,1,0,0,3,10,2009,3,2011,0,0,0,0,0,1,2,45,1,1,2,1,0,0,1,80,1,1,1,13,0,0
37,370196,1,2,4,13,3,13,40,12,2,1,0,37,2,37,31,37031,4,2003,2HGES26753H5,2,H,G,E,S,2,6,7,5,3,H,5,0,P,HOND,UAX,4D,3,17,2601,,0,1031,,G,,F,4,102,,,15R185,,,,,,0,0,000000000,00000000000,0,0,0,1,0,0,0,0,0,0,0,45,0,0,0,12,6,2,12,0,0,0,1,37,28166,1,1,0,0,2,0,65,999,0,1,0,0,1,7,2010,9,2010,0,28,0,0,0,1,2,45,1,1,2,1,0,0,1,10,1,1,2,50,1,0
37,370196,2,2,2,13,3,13,40,12,2,1,0,37,1,20,880,20880,67,2005,1GCJK33295F9,1,G,C,J,K,3,3,2,9,5,F,9,1,T,CHEV,SK3,CW,5,17,,3,0,1670,SIL,D,,,8,403,,,,D,6459,00,,44,1,88,888888888,88888888888,2,19,97,1,0,0,0,0,0,0,0,45,0,0,0,12,6,2,12,0,0,0,1,37,28115,6,1,6,0,3,0,76,999,0,0,0,0,0,0,0,0,0,0,0,0,0,0,1,2,45,1,1,2,1,0,0,1,62,7,1,1,51,0,0
37,370197,1,1,1,16,3,3,22,34,0,1,0,37,1,49,472,49472,30,2008,5TEJU62N58Z5,5,T,E,J,U,6,2,N,5,8,Z,5,0,T,TOYT,DCP,CW,8,17,,1,0,1278,TAC,G,,,6,244,,,,B,3855,00,U,42,0,0,000000000,00000000000,0,0,0,1,0,0,0,0,0,0,0,25,0,1,5,1,6,2,1,0,0,0,1,37,28037,6,1,0,0,3,0,71,999,0,0,0,1,0,3,2009,3,2009,0,0,0,0,0,1,2,25,1,2,2,1,0,0,1,13,1,1,4,1,1,1
37,370198,1,1,2,25,3,13,8,42,0,1,0,37,2,55,37,55037,2,2007,KMHHM66D87U2,K,M,H,H,M,6,6,D,8,7,U,2,0,P,HYUN,TGS,CP,7,17,2898,,0,996,,G,,F,4,121,,,16R205,,,,,,0,0,000000000,00000000000,0,0,0,1,0,0,0,0,0,0,0,50,0,1,5,1,6,2,1,0,0,0,1,37,28025,6,1,0,0,3,0,72,999,0,0,0,0,0,0,0,0,0,1,36,58,0,0,1,2,30,3,2,2,1,0,0,14,6,1,1,4,1,1,0
37,370199,1,1,1,23,3,1,2,8,0,1,0,37,2,22,18,22018,4,1999,1G2NE52E6XM8,1,G,2,N,E,5,2,E,6,X,M,8,0,P,PONT,GAS,4D,99,17,3102,,0,1071,,G,,F,6,207,,,15R215,,,,,,0,0,000000000,00000000000,0,0,0,1,0,0,0,0,0,0,0,55,0,0,0,12,6,2,8,0,0,0,1,37,27569,6,1,0,0,3,0,62,999,1,0,0,0,0,7,2011,7,2011,0,0,0,0,0,2,4,55,1,1,2,1,0,0,1,80,1,1,1,13,0,0
37,370200,1,1,1,29,3,1,1,32,0,1,0,37,2,21,23,21023,4,1998,1G3WS52K9WF3,1,G,3,W,S,5,2,K,9,W,F,3,0,P,OLDS,IGL,4D,98,17,3455,,0,1090,,G,,F,6,231,,,16R225,,,,,,0,0,000000000,00000000000,0,0,0,1,0,0,0,0,0,0,0,50,0,1,5,4,6,2,1,0,0,0,1,37,28572,6,1,0,0,3,2,75,999,0,2,1,0,2,4,2009,4,2011,1,74,36,0,0,1,2,55,3,1,2,1,0,0,14,13,1,1,4,1,1,1
37,370201,1,1,1,11,3,16,0,42,0,1,0,37,1,53,705,53705,80,2005,JS1GN7CA4521,J,S,1,G,N,7,C,A,4,5,2,1,0,M,SUZI,GSK,RC,5,17,,,,,,,599,,4,,4,355,,,,,,,0,0,000000000,00000000000,0,0,0,1,0,0,0,0,0,0,0,70,0,0,0,12,6,2,42,0,0,0,1,37,28734,6,1,0,0,3,1,69,999,0,0,0,0,0,0,0,0,0,1,36,0,0,0,1,2,45,3,1,2,1,0,0,14,13,1,1,4,1,1,0
37,370202,1,1,1,18,3,17,28,34,0,1,0,37,2,35,43,35043,4,2004,3N1CB51D24L9,3,N,1,C,B,5,1,D,2,4,L,9,0,P,NISS,S18,4D,4,17,2387,,0,998,,G,,F,4,108,,,15R195,,,,,,0,0,000000000,00000000000,0,0,0,1,0,0,0,0,0,0,0,65,0,1,5,10,6,2,1,0,0,0,1,37,27846,0,0,0,0,0,0,74,999,0,0,0,0,0,0,0,0,0,1,36,58,0,0,1,2,55,3,2,2,1,0,0,14,13,1,1,4,1,1,1
37,370203,1,1,1,3,3,11,33,35,0,1,0,37,1,20,481,20481,39,1999,1GBJK34R6XF0,1,G,B,J,K,3,4,R,6,X,F,0,0,T,CHEV,GK3,CB,99,17,,3,1595,1315,GM4,G,,,8,350,,,,D,4785,07,,44,0,0,000000000,00000000000,0,0,0,1,0,0,0,0,0,0,0,30,0,0,0,12,2,1,35,0,0,0,1,37,28762,6,1,0,0,3,0,72,999,0,0,0,0,0,0,0,0,0,0,24,0,0,0,1,2,55,2,2,2,1,0,0,14,13,1,1,4,1,1,0
37,370204,1,1,1,29,3,13,36,35,0,1,0,37,1,12,13,12013,2,1998,3FAKP1131WR2,3,F,A,K,P,1,1,3,1,W,R,2,0,P,FORD,ZXS,CP,98,17,2478,,0,984,,G,,F,4,121,,,14R185,,,,,,0,0,000000000,00000000000,0,0,0,1,0,0,0,0,0,0,0,35,0,0,0,11,6,2,35,0,0,0,1,37,28762,6,1,0,0,3,3,70,999,1,0,0,0,1,11,2010,1,2011,0,28,0,0,0,1,2,35,3,2,2,1,0,0,14,10,1,1,4,6,1,0
37,370205,1,1,1,3,3,22,41,8,0,1,0,37,1,34,34,34034,2,2007,WBAWB73527P0,W,B,A,W,B,7,3,5,2,7,P,0,0,P,BMW,35I,CP,7,17,3571,,0,1087,,G,,T,6,183,,,17R225,,,,,,0,0,000000000,00000000000,0,0,0,1,0,0,0,0,0,0,0,35,0,0,0,12,2,1,8,0,0,0,1,37,28203,6,1,0,0,3,0,75,999,1,0,0,0,0,4,2010,4,2010,0,0,0,0,0,1,4,35,1,1,2,1,0,0,1,80,1,1,1,13,0,0
37,370206,1,1,1,5,3,19,13,8,0,1,0,24,1,22,20,22020,4,2004,2G2WP5223413,2,G,2,W,P,5,2,2,3,4,1,3,0,P,PONT,GPG,4D,4,17,3477,,0,1105,,G,,F,6,231,,,16R225,,,,,,0,0,000000000,00000000000,0,0,0,1,0,0,0,0,0,0,0,45,0,0,0,12,4,1,8,0,0,0,1,24,20772,6,1,0,0,3,0,81,195,0,0,0,0,0,0,0,0,0,0,0,0,0,0,2,4,45,1,1,2,1,0,0,1,80,1,1,1,13,0,0
37,370207,1,2,1,12,3,16,22,12,6,1,0,37,1,51,881,51881,66,2000,4V4ND3TL3YN2,4,V,4,N,D,3,T,L,3,Y,N,2,1,T,VOLV,VVN,TR,0,17,,8,0,0,VVN,D,,,6,915,,,,,00000,00,,64,1,57,857711,57857711,3,6,97,1,0,0,0,0,0,0,0,45,0,0,0,12,6,2,12,0,0,0,1,37,28273,6,1,6,0,3,3,69,999,1,0,0,0,0,10,2011,10,2011,0,0,0,0,0,1,2,45,1,1,2,1,0,0,1,98,1,1,1,98,0,0
37,370207,2,2,1,12,3,16,22,12,6,1,0,37,1,55,33,55033,4,2009,5NPET46C09H4,5,N,P,E,T,4,6,C,0,9,H,4,0,P,HYUN,SGL,4D,9,17,3292,,0,1074,,G,,F,4,144,,,16R215,,,,,,0,0,000000000,00000000000,0,0,0,1,0,0,0,0,0,0,0,6,0,0,0,9,6,2,12,0,0,0,1,37,28273,6,1,0,0,3,0,68,999,0,0,0,0,0,0,0,0,0,0,48,0,0,0,1,2,45,1,1,2,1,0,0,12,98,1,1,6,98,1,0
37,370208,1,1,1,13,3,16,25,8,0,1,0,37,1,2,404,2404,14,1996,1J4GZ78S2TC3,1,J,4,G,Z,7,8,S,2,T,C,3,0,T,JEEP,LMT,4W,96,17,,1,0,1059,GCK,G,,,6,242,,,,,3686,00,E,44,0,0,000000000,00000000000,0,0,0,1,0,0,0,0,0,0,0,40,0,0,0,12,4,1,8,0,0,0,1,37,28205,6,1,0,0,3,3,73,999,0,0,0,0,0,0,0,0,0,0,0,0,0,0,2,2,45,1,1,2,1,3,3,1,80,1,1,1,13,0,0
37,370209,1,1,1,19,3,20,3,33,0,1,0,0,0,99,709,99709,81,9999,000000000000,0,0,0,0,0,0,0,0,0,0,0,0,0,,,,,,,,,,,,,,,,,,,,,,,,,0,0,000000000,00000000000,0,0,0,1,0,0,0,0,0,0,0,45,0,0,0,1,6,2,24,0,0,0,1,37,28027,1,1,0,0,1,0,72,999,0,0,0,0,0,0,0,0,0,0,0,0,0,0,1,4,35,1,4,2,1,0,0,1,13,1,1,4,1,1,1
37,370210,1,1,1,21,3,6,33,8,0,1,0,45,2,20,2,20002,4,2006,2G1WD58C5691,2,G,1,W,D,5,8,C,5,6,9,1,0,P,CHEV,ISS,4D,6,17,3607,,0,1105,,G,,F,8,323,,,18R235,,,,,,0,0,000000000,00000000000,0,0,0,1,0,0,0,0,0,0,0,51,0,0,0,12,4,1,8,0,0,0,1,45,29710,6,1,0,0,3,0,60,120,0,0,0,0,0,0,0,0,0,0,0,0,0,0,2,2,45,1,1,2,1,0,0,1,80,1,1,1,13,0,0
37,370211,1,5,1,23,3,11,32,12,1,1,0,37,3,12,481,12481,31,2001,1FTNW21FX1ED,1,F,T,N,W,2,1,F,X,1,E,D,0,T,FORD,F2S,CW,1,17,,2,1724,1562,SRW,D,,,8,444,,,,C,5932,07,E,44,0,0,000000000,00000000000,0,0,0,1,0,0,0,0,0,0,0,55,0,1,1,12,6,2,1,0,0,0,1,37,28326,6,1,0,0,3,0,69,999,1,0,0,0,0,12,2009,12,2009,1,0,0,0,0,1,2,55,1,2,2,1,50,3,1,52,1,1,1,28,1,0
37,370211,2,5,1,23,3,11,32,12,1,1,0,37,2,49,40,49040,4,2003,4T1BF32K53U0,4,T,1,B,F,3,2,K,5,3,U,0,0,P,TOYT,UXS,4D,3,17,3203,,0,1071,,G,,F,6,183,,,15R205,,,,,,0,0,000000000,00000000000,0,0,0,1,0,0,0,0,0,0,0,30,0,0,0,6,6,2,12,0,0,0,1,37,27376,6,1,0,0,3,3,64,999,0,0,0,0,1,7,2010,7,2010,0,0,0,0,0,1,2,55,1,2,2,1,50,3,2,53,1,1,1,29,0,0
37,370211,3,5,1,23,3,11,32,12,1,1,0,37,2,12,401,12401,14,2004,1FMZU62K54UA,1,F,M,Z,U,6,2,K,5,4,U,A,0,P,FORD,EPR,UT,4,17,4304,,0,1137,,F,,F,6,245,,,16R235,,,,,,0,0,000000000,00000000000,0,0,0,1,0,0,0,0,0,0,0,0,0,0,0,6,6,2,12,0,0,0,1,37,28327,6,1,0,0,3,3,62,999,0,0,0,0,0,0,0,0,0,0,0,0,0,0,1,2,55,1,2,2,1,50,3,5,53,1,1,1,98,0,0
37,370211,4,5,1,23,3,11,32,12,1,1,0,37,1,49,40,49040,4,1995,4T1SK12E7SU6,4,T,1,S,K,1,2,E,7,S,U,6,0,P,TOYT,CLE,4D,95,17,3086,,0,1031,,G,,F,4,132,,,14R195,,,,,,0,0,000000000,00000000000,0,0,0,1,0,0,0,0,0,0,0,0,0,0,0,6,6,2,12,0,0,0,1,37,27376,6,1,0,0,3,0,67,999,0,0,0,0,0,0,0,0,0,0,0,0,0,0,1,2,55,1,2,2,1,50,3,5,53,1,1,1,98,0,0
37,370211,5,5,1,23,3,11,32,12,1,1,0,37,1,19,18,19018,6,2011,1G6DE8EY8B01,1,G,6,D,E,8,E,Y,8,B,0,1,0,P,CADI,CLC,SW,11,17,3860,,0,1134,,G,,F,6,183,,,17R235,,,,,,0,0,000000000,00000000000,0,0,0,1,0,0,0,0,0,0,0,0,0,0,0,6,2,1,12,0,0,0,1,37,27376,6,1,0,0,3,3,62,999,0,0,0,0,0,0,0,0,0,0,0,0,0,0,1,2,55,1,2,2,1,50,3,5,53,1,1,1,98,0,0
37,370212,1,2,1,6,3,23,5,12,6,1,0,37,1,7,43,7043,4,2002,1B3EL36X12N3,1,B,3,E,L,3,6,X,1,2,N,3,0,P,DODG,SSE,4D,2,17,3114,,0,1080,,G,,F,4,148,,,15R205,,,,,,0,0,000000000,00000000000,0,0,0,1,0,0,0,0,0,0,0,998,0,0,0,11,6,2,12,0,0,0,1,37,27803,6,1,0,0,3,0,63,999,0,0,0,0,0,0,0,0,0,0,38,0,0,0,2,2,45,8,8,2,1,20,3,1,17,1,1,1,89,1,0
37,370212,2,2,1,6,3,23,5,12,6,1,0,37,3,7,24,7024,4,2010,2B3AA4CT7AH1,2,B,3,A,A,4,C,T,7,A,H,1,0,P,DODG,CHA,4D,10,17,3820,,0,1200,,G,,F,8,348,,,17R215,,,,,,0,0,000000000,00000000000,0,0,0,1,0,0,0,0,0,0,0,53,0,0,0,12,6,2,12,0,0,0,1,37,27804,6,1,0,0,3,0,71,999,0,0,0,0,0,0,0,0,0,0,0,0,0,0,2,2,45,2,2,2,1,0,0,14,71,1,1,1,88,0,0
37,370213,1,2,1,15,3,14,20,12,6,1,0,37,1,20,481,20481,31,2004,1GCEK19T74E2,1,G,C,E,K,1,9,T,7,4,E,2,0,T,CHEV,SK1,4C,4,17,,2,1575,1435,SIL,G,,,8,325,,,,B,4925,00,,44,0,0,000000000,00000000000,0,0,0,1,0,0,0,0,0,0,0,45,0,0,0,12,6,2,12,0,0,0,1,37,28451,6,1,0,0,3,0,72,999,1,0,0,0,0,2,2012,2,2012,0,39,0,0,0,2,2,50,1,1,2,1,3,3,1,17,1,1,1,83,0,0
37,370213,2,2,1,15,3,14,20,12,6,1,0,37,2,49,32,49032,4,2005,1NXBR32E75Z3,1,N,X,B,R,3,2,E,7,5,Z,3,0,P,TOYT,UCS,4D,5,17,2530,,0,1024,,G,,F,4,109,,,15R185,,,,,,0,0,000000000,00000000000,0,0,0,1,0,0,0,0,0,0,0,5,0,0,0,9,6,2,12,0,0,0,1,37,28429,6,1,0,0,3,0,60,999,0,0,0,0,0,0,0,0,0,0,0,0,0,0,2,2,50,1,1,2,1,3,3,11,67,1,1,1,82,1,0
37,370214,1,1,1,25,3,19,30,42,0,1,0,37,1,23,471,23471,30,2001,1GTDT13W41K1,1,G,T,D,T,1,3,W,4,1,K,1,0,T,GMC,SON,CW,1,17,,1,0,1229,SON,G,,,6,262,,,,B,00000,00,E,44,0,0,000000000,00000000000,0,0,0,1,0,0,0,0,0,0,0,35,0,1,5,12,6,2,39,0,0,0,1,37,28403,6,1,0,0,3,0,68,999,0,0,0,0,1,2,2012,2,2012,0,99,99,99,99,1,2,35,1,1,2,2,0,0,1,12,1,1,4,6,1,0
37,370215,1,1,5,30,3,20,13,5,0,1,0,37,1,20,481,20481,31,2006,2GCEK19B0611,2,G,C,E,K,1,9,B,0,6,1,1,0,T,CHEV,SK1,4C,6,17,,2,1575,1340,SIL,G,,,8,323,,,,B,5050,00,,44,0,0,000000000,00000000000,0,0,0,1,0,0,0,0,0,0,0,40,0,0,0,0,0,1,5,0,0,0,1,37,28478,6,1,0,0,3,0,73,999,0,0,0,0,0,0,0,0,0,0,21,0,0,0,2,2,45,1,1,2,1,0,0,1,98,1,1,1,0,1,0
37,370216,1,3,1,17,3,21,12,12,2,1,0,37,1,23,481,23481,31,2002,2GTEC19V1211,2,G,T,E,C,1,9,V,1,2,1,1,0,T,GMC,NC1,4C,2,17,,2,1575,1435,SIE,G,,,8,293,,,,B,4534,03,U,42,0,0,000000000,00000000000,0,0,0,1,0,0,0,0,0,0,0,65,0,0,0,12,6,2,12,0,0,0,1,37,28546,1,1,5,0,2,0,74,999,0,3,0,0,0,11,2009,1,2012,0,28,36,0,0,1,2,55,1,1,2,1,0,0,1,10,1,1,2,50,0,1
37,370216,2,3,2,17,3,21,12,12,2,1,0,37,2,19,18,19018,4,2008,1G6DF5770801,1,G,6,D,F,5,7,7,0,8,0,1,0,P,CADI,C/T,4D,8,17,3568,,0,1134,,G,,F,6,220,,,17R235,,,,,,0,0,000000000,00000000000,0,0,0,1,0,0,0,0,0,0,0,55,0,0,0,12,6,2,12,0,0,0,1,37,28540,6,1,0,0,3,0,71,999,0,0,0,0,0,0,0,0,0,0,0,0,0,0,1,2,55,1,1,2,1,0,0,1,62,1,1,1,51,1,0
37,370216,3,3,3,17,3,21,12,12,2,1,0,37,2,20,404,20404,14,2005,2CNDL63FX561,2,C,N,D,L,6,3,F,X,5,6,1,0,P,CHEV,EQU,UT,5,17,3660,,0,1125,,G,,F,6,208,,,16R235,,,,,,0,0,000000000,00000000000,0,0,0,1,0,0,0,0,0,0,0,55,0,0,0,61,6,2,12,0,0,0,1,37,28560,6,1,0,0,3,0,67,999,0,0,0,0,0,0,0,0,0,0,0,0,0,0,1,2,55,1,1,2,1,0,0,1,62,7,1,4,98,0,0
37,370217,1,1,1,24,3,21,0,8,0,1,0,37,3,20,421,20421,15,2008,1GNFK13008R2,1,G,N,F,K,1,3,0,0,8,R,2,0,P,CHEV,KTA,UT,8,17,5524,,0,1160,,F,,F,8,323,,,17R265,,,,,,0,0,000000000,00000000000,0,0,0,1,0,0,0,0,0,0,0,45,0,0,0,12,2,1,8,0,0,0,1,37,27278,6,1,0,0,3,3,72,999,1,0,0,0,0,2,2011,2,2011,0,0,0,0,0,1,2,45,1,1,2,2,0,0,1,80,1,1,1,13,0,0
37,370218,1,2,1,6,3,7,37,12,1,1,0,37,3,82,881,82881,66,1999,1FUYDWEB0XLA,1,F,U,Y,D,W,E,B,0,X,L,A,1,T,FRHT,FLD,TR,99,17,,8,0,0,CON,D,,,6,733,,,,,00000,00,,64,1,77,777777777,77777777777,3,6,10,1,0,0,0,0,0,0,0,0,0,0,0,6,2,1,12,0,0,0,1,37,27292,6,1,6,0,3,0,68,999,2,0,0,0,0,11,2010,4,2011,0,0,0,0,0,1,2,55,4,2,2,1,0,0,5,53,1,1,1,21,0,0
37,370218,2,2,1,6,3,7,37,12,1,1,0,37,1,23,481,23481,31,2007,1GTHK24637E5,1,G,T,H,K,2,4,6,3,7,E,5,0,T,GMC,2KH,PK,7,17,,2,0,1330,SIE,D,,,8,403,,,,C,5398,00,U,44,0,0,000000000,00000000000,0,0,0,1,0,0,0,0,0,0,0,55,0,0,0,12,6,2,12,0,0,0,1,37,27239,6,1,0,0,3,0,73,999,0,0,0,0,0,0,0,0,0,1,0,0,0,0,1,2,55,4,2,2,1,0,0,14,50,1,1,1,20,1,0
37,370219,1,2,1,17,3,6,7,12,2,1,0,37,1,19,5,19005,2,1988,1G6EL1151JU6,1,G,6,E,L,1,1,5,1,J,U,6,0,P,CADI,ELD,CP,88,17,3281,,0,1080,,G,,F,8,276,,,15R215,,,,,,0,0,000000000,00000000000,0,0,0,1,0,0,0,0,0,0,0,35,0,0,0,12,6,2,12,0,0,0,1,37,28338,6,1,0,0,3,0,65,999,1,0,0,0,0,6,2009,6,2009,0,0,0,0,0,1,2,35,1,2,2,1,0,0,1,62,1,1,1,51,1,0
37,370219,2,2,2,17,3,6,7,12,2,1,0,37,2,41,35,41035,4,2000,JM1BJ2228Y02,J,M,1,B,J,2,2,2,8,Y,0,2,0,P,MAZD,PDL,4D,0,17,2434,,0,1028,,G,,F,4,097,,,14R185,,,,,,0,0,000000000,00000000000,0,0,0,1,0,0,0,0,0,0,0,35,0,0,0,12,6,2,12,0,0,0,1,37,28379,6,1,0,0,3,0,69,999,0,1,0,1,3,6,2009,1,2011,0,28,0,0,0,1,2,35,1,2,2,1,0,0,1,10,1,1,2,50,0,0
37,370220,1,3,1,7,3,16,58,12,6,1,0,37,1,73,705,73705,83,2000,JKAKXVEC4YA0,J,K,A,K,X,V,E,C,4,Y,A,0,0,M,KAWK,K5E,MX,0,17,,,,,,,500,,1,,2,220,,,,,,,0,0,000000000,00000000000,0,0,0,1,0,0,0,0,0,0,0,55,0,0,0,12,6,2,12,0,0,0,1,37,28386,1,1,0,0,2,0,65,999,0,2,0,0,0,9,2010,9,2010,0,0,0,0,0,1,2,55,1,1,2,1,0,0,1,62,1,1,1,69,1,0
37,370220,2,3,2,7,3,16,58,12,6,1,0,37,2,6,52,6052,6,2007,3A4FY48B07T5,3,A,4,F,Y,4,8,B,0,7,T,5,0,P,CHRY,PTC,SV,7,17,2985,,0,1030,,G,,F,4,148,,,15R195,,,,,,0,0,000000000,00000000000,0,0,0,1,0,0,0,0,0,0,0,15,0,0,0,5,6,2,12,0,0,0,1,37,28386,6,1,0,0,3,0,68,999,0,0,0,1,1,10,2010,5,2011,0,38,0,0,0,1,2,55,1,1,2,1,0,0,11,15,1,1,1,68,0,0
37,370220,3,3,1,7,3,16,58,12,6,1,0,37,1,20,471,20471,30,1996,1GCCS14X9T81,1,G,C,C,S,1,4,X,9,T,8,1,0,T,CHEV,S14,PK,96,17,,1,1179,1083,S,G,,,6,262,,,,B,2822,01,,42,0,0,000000000,00000000000,0,0,0,1,0,0,0,0,0,0,0,0,0,0,0,12,2,1,12,0,0,0,1,37,28386,1,1,0,0,2,0,69,999,0,2,0,0,0,1,2010,3,2011,0,0,0,0,0,1,2,55,1,1,2,1,20,3,5,19,1,1,1,98,0,0
37,370221,1,1,2,6,3,20,15,8,0,1,0,29,3,51,881,51881,66,2009,4V4NC9TJ89N2,4,V,4,N,C,9,T,J,8,9,N,2,1,T,VOLV,VNL,TR,9,17,,8,0,0,VVN,D,,,6,915,,,,,00000,00,,64,1,57,11367,5711367,3,6,1,1,0,0,0,0,0,0,0,65,0,0,0,12,6,2,8,0,0,0,1,39,44140,6,1,6,0,3,0,71,190,0,0,0,0,0,0,0,0,0,0,0,0,0,0,3,2,65,1,1,2,1,0,0,1,80,1,1,1,13,0,0