STATE,ST_CASE,VEH_NO,VE_FORMS,NUMOCCS,DAY,MONTH,HOUR,MINUTE,HARM_EV,MAN_COLL,UNITTYPE,HIT_RUN,REG_STAT,OWNER,MAKE,MODEL,MAK_MOD,BODY_TYP,MOD_YEAR,VIN,VIN_1,VIN_2,VIN_3,VIN_4,VIN_5,VIN_6,VIN_7,VIN_8,VIN_9,VIN_10,VIN_11,VIN_12,TOW_VEH,VINTYPE,VINMAKE,VINA_MOD,VIN_BT,VINMODYR,VIN_LNGT,VIN_WGT,WGTCD_TR,WHLBS_LG,WHLBS_SH,SER_TR,FUELCODE,MCYCL_DS,CARBUR,CYLINDER,DISPLACE,MCYCL_CY,MCYCL_WT,TIRE_SZE,TON_RAT,TRK_WT,TRKWTVAR,VIN_REST,WHLDRWHL,J_KNIFE,MCARR_I1,MCARR_I2,MCARR_ID,GVWR,V_CONFIG,CARGO_BT,HAZ_INV,HAZ_PLAC,HAZ_ID,HAZ_CNO,HAZ_REL,BUS_USE,SPEC_USE,EMER_USE,TRAV_SP,UNDERIDE,ROLLOVER,ROLINLOC,IMPACT1,DEFORMED,TOWED,M_HARM,VEH_SC1,VEH_SC2,FIRE_EXP,DR_PRES,L_STATE,DR_ZIP,L_STATUS,L_TYPE,CDL_STAT,L_ENDORS,L_COMPL,L_RESTRI,DR_HGT,DR_WGT,PREV_ACC,PREV_SUS,PREV_DWI,PREV_SPD,PREV_OTH,FIRST_MO,FIRST_YR,LAST_MO,LAST_YR,SPEEDREL,DR_SF1,DR_SF2,DR_SF3,DR_SF4,VTRAFWAY,VNUM_LAN,VSPD_LIM,VALIGN,VPROFILE,VPAVETYP,VSURCOND,VTRAFCON,VTCONT_F,P_CRASH1,P_CRASH2,P_CRASH3,PCRASH4,PCRASH5,ACC_TYPE,DEATHS,DR_DRINK
37,370256,2,2,1,23,4,16,7,12,6,1,0,37,1,22,18,22018,4,1993,1G2NE54N2PM5,1,G,2,N,E,5,4,N,2,P,M,5,0,P,PONT,GAS,4D,93,17,0,,0,1034,,G,,F,6,204,,,14R185,,,,,,0,0,000000000,00000000000,0,0,0,1,0,0,0,0,0,0,0,10,0,0,0,9,6,2,12,0,0,0,1,37,28655,6,1,0,0,3,3,70,999,0,0,0,0,1,4,2009,4,2009,0,38,0,0,0,1,2,35,1,2,2,1,0,0,11,15,1,1,1,82,1,0
37,370257,1,2,6,30,4,5,14,8,0,1,0,37,2,63,441,63441,20,2005,KNDUP132X567,K,N,D,U,P,1,3,2,X,5,6,7,0,P,KIA,SED,SV,5,17,4802,,0,1145,,G,,F,6,213,,,15R215,,,,,,0,0,000000000,00000000000,0,0,0,1,0,0,0,0,0,0,0,70,0,0,0,12,6,2,8,0,0,0,1,37,28761,6,1,6,0,3,3,67,999,0,0,0,0,0,0,0,0,0,0,0,0,0,0,3,2,70,1,2,2,1,0,0,1,80,7,1,2,13,0,0
37,370257,2,2,0,30,4,5,14,8,0,1,0,5,3,85,881,85881,66,1983,1XKADP9X2DJ3,1,X,K,A,D,P,9,X,2,D,J,3,1,T,KW,T60,TR,13,17,,8,2600,1600,CON,D,,,6,787,,,,,00000,00,,64,1,57,612506,57612506,3,6,1,1,0,0,0,0,0,0,0,0,0,0,0,6,2,1,12,0,0,0,0,0,99997,7,6,97,7,6,7,998,997,998,998,998,998,998,98,9998,98,9998,8,0,0,0,0,3,2,70,1,2,2,1,0,0,0,53,0,0,0,98,0,0
37,370258,1,1,2,8,4,16,49,1,0,1,0,37,1,2,404,2404,14,1998,1J4FX58S3WC1,1,J,4,F,X,5,8,S,3,W,C,1,0,T,JEEP,LRT,4W,98,17,,1,0,1059,GCK,G,,,6,242,,,,,3531,01,E,42,0,0,000000000,00000000000,0,0,0,1,0,0,0,0,0,0,0,55,0,2,5,0,6,2,1,0,0,0,1,37,28570,6,1,0,0,3,3,70,999,0,0,0,0,0,0,0,0,0,0,28,0,0,0,1,4,55,1,1,2,1,0,0,1,9,1,1,4,98,1,0
37,370259,1,1,1,27,4,22,8,1,0,1,0,37,2,12,401,12401,14,1992,1FMDU34X5NUB,1,F,M,D,U,3,4,X,5,N,U,B,0,P,FORD,EPR,UT,92,17,3879,,0,1120,,G,,F,6,245,,,15R225,,,,,,0,0,000000000,00000000000,0,0,0,1,0,0,0,0,0,0,0,80,0,2,5,0,6,2,1,0,0,0,1,37,28516,6,1,0,0,3,0,70,999,1,0,0,1,1,8,2010,3,2012,1,36,0,0,0,1,2,55,3,1,2,1,0,0,14,6,1,2,4,2,1,1
37,370260,1,2,1,13,4,15,13,12,2,1,0,37,1,20,9,20009,2,1987,1G1FP21F3HN1,1,G,1,F,P,2,1,F,3,H,N,1,0,P,CHEV,CAM,CP,87,17,3062,,0,1010,,G,,F,8,305,,,15R215,,,,,,0,0,000000000,00000000000,0,0,0,1,0,0,0,0,0,0,0,45,0,0,0,12,6,2,12,0,0,0,1,37,28601,6,1,0,0,3,3,70,999,0,0,0,0,0,0,0,0,0,0,0,0,0,0,1,4,45,1,1,2,1,0,0,1,62,1,1,1,51,1,0
37,370260,2,2,2,13,4,15,13,12,2,1,0,37,2,49,40,49040,4,1996,JT2BG12K1T03,J,T,2,B,G,1,2,K,1,T,0,3,0,P,TOYT,DLX,4D,96,17,2932,,0,1031,,G,,F,4,132,,,14R195,,,,,,0,0,000000000,00000000000,0,0,0,1,0,0,0,0,0,0,0,45,0,0,0,12,6,2,12,0,0,0,1,37,28630,6,1,0,0,3,0,61,999,0,0,0,0,0,0,0,0,0,0,28,0,0,0,1,4,45,1,1,2,1,0,0,1,10,1,1,1,50,0,0
37,370261,1,5,1,30,4,9,57,12,1,1,0,37,3,20,870,20870,61,2004,4KBC4B1U14J8,4,K,B,C,4,B,1,U,1,4,J,8,0,T,CHEV,W45,TB,4,17,,4,1760,1090,450,G,,,8,366,,,,,5315,00,,42,0,88,888888888,88888888888,2,1,98,1,0,0,0,0,0,0,0,55,0,0,0,12,6,2,12,0,0,1,1,37,28040,6,1,0,0,3,0,62,999,1,0,0,0,0,5,2009,5,2009,1,36,0,0,0,3,2,55,1,2,2,1,0,0,1,50,1,1,2,20,0,0
37,370261,2,5,1,30,4,9,57,12,1,1,0,37,3,35,472,35472,30,2009,1N6BD06T89C4,1,N,6,B,D,0,6,T,8,9,C,4,0,T,NISS,KXS,4C,9,17,,1,0,1259,FRT,G,,,4,153,,,,,3664,00,4,42,0,0,000000000,00000000000,0,0,0,1,0,0,0,0,0,0,0,0,0,0,0,6,6,2,12,0,0,1,1,37,28152,6,1,0,0,3,3,75,999,0,0,0,0,0,0,0,0,0,0,0,0,0,0,3,2,55,1,2,2,1,0,0,5,53,1,1,1,21,1,0
37,370261,3,5,2,30,4,9,57,12,1,1,0,37,1,12,481,12481,31,2010,1FTFW1CV6AFD,1,F,T,F,W,1,C,V,6,A,F,D,0,T,FORD,F1S,CW,10,17,,2,1570,1450,COF,F,,,8,329,,,,B,5048,00,7,42,0,0,000000000,00000000000,0,0,0,1,0,0,0,0,0,0,0,0,0,0,0,6,6,2,12,0,0,1,1,37,27110,6,1,0,0,3,3,71,999,1,0,0,0,1,8,2009,4,2010,0,0,0,0,0,3,2,55,1,2,2,1,0,0,5,53,1,1,1,98,0,0
37,370261,4,5,2,30,4,9,57,12,1,1,0,37,1,19,17,19017,4,1997,W06VR52R8VR9,W,0,6,V,R,5,2,R,8,V,R,9,0,P,CADI,CTR,4D,97,17,3658,,0,1074,,G,,F,6,181,,,16R225,,,,,,0,0,000000000,00000000000,0,0,0,1,0,0,0,0,0,0,0,0,0,0,0,6,6,2,12,0,0,1,1,37,28150,6,1,0,0,3,3,63,999,1,0,0,0,1,2,2010,1,2012,0,0,0,0,0,3,2,55,1,2,2,1,0,0,5,53,1,1,1,98,0,0
37,370261,5,5,1,30,4,9,57,12,1,1,0,37,2,2,404,2404,14,2003,1J4GW48S03C5,1,J,4,G,W,4,8,S,0,3,C,5,0,T,JEEP,LRO,4W,3,17,,1,0,1059,GCK,G,,,6,244,,,,,3880,01,E,44,0,0,000000000,00000000000,0,0,0,1,0,0,0,0,0,0,0,0,0,0,0,6,4,1,12,0,0,0,1,37,28226,6,1,0,0,3,3,64,999,0,0,0,0,0,0,0,0,0,0,0,0,0,0,3,2,55,1,2,2,1,0,0,5,53,1,1,1,98,0,0
37,370262,1,1,1,14,4,11,30,34,0,1,0,37,1,7,20,7020,4,2002,1B3ES26C12D6,1,B,3,E,S,2,6,C,1,2,D,6,0,P,DODG,NEO,4D,2,17,2604,,0,1050,,G,,F,4,122,,,14R185,,,,,,0,0,000000000,00000000000,0,0,0,1,0,0,0,0,0,0,0,90,0,1,5,12,6,2,42,0,0,0,1,37,28513,6,1,0,0,3,3,69,999,0,1,0,0,0,4,2012,4,2012,1,36,0,0,0,1,2,55,1,1,2,1,0,0,1,6,1,1,4,1,1,1
37,370263,1,1,1,25,4,20,18,1,0,1,0,0,0,98,739,98739,90,2010,000000000000,0,0,0,0,0,0,0,0,0,0,0,0,0,,,,,,,,,,,,,,,,,,,,,,,,,0,0,000000000,00000000000,0,0,0,1,0,0,0,0,0,0,0,40,0,2,1,0,6,2,1,0,0,0,1,37,28311,6,1,0,0,1,0,75,999,0,0,0,0,0,0,0,0,0,0,36,0,0,0,1,2,35,1,2,2,1,0,0,1,9,1,2,1,98,1,0
37,370264,1,1,2,19,4,22,44,53,0,1,0,37,1,52,34,52034,4,1994,4A3AJ56G6RE1,4,A,3,A,J,5,6,G,6,R,E,1,0,P,MITS,UEL,4D,94,17,3042,,0,1037,,G,,F,4,143,,,15R195,,,,,,0,0,000000000,00000000000,0,0,0,1,0,0,0,0,0,0,0,70,0,0,0,3,6,2,30,0,0,0,1,37,27292,6,1,0,0,3,0,62,999,1,0,0,0,0,8,2011,8,2011,1,36,0,0,0,1,2,55,1,1,2,1,0,0,1,12,1,1,4,6,1,1
37,370265,1,1,1,29,4,21,42,38,0,1,0,37,2,12,481,12481,31,2001,1FTRW08681KC,1,F,T,R,W,0,8,6,8,1,K,C,0,T,FORD,F1S,CW,1,17,,2,0,1388,COF,G,,,8,281,,,,B,4914,01,E,44,0,0,000000000,00000000000,0,0,0,1,0,0,0,0,0,0,0,90,0,0,0,12,6,2,42,0,0,0,1,37,27055,0,0,0,0,0,0,999,999,0,0,0,0,0,0,0,0,0,1,28,0,0,0,1,2,55,1,1,2,1,0,0,1,13,1,1,4,1,1,1
37,370266,1,1,1,8,4,0,30,42,0,1,0,37,2,35,39,35039,4,2007,1N4BA41E67C8,1,N,4,B,A,4,1,E,6,7,C,8,0,P,NISS,MEL,4D,7,17,3474,,0,1112,,G,,F,6,,,,18R245,,,,,,0,0,000000000,00000000000,0,0,0,1,0,0,0,0,0,0,0,80,0,0,0,9,6,2,42,0,0,0,1,37,28365,6,1,6,0,3,0,76,999,1,0,0,1,0,8,2011,11,2011,0,36,0,0,0,1,2,55,1,1,2,1,0,0,1,12,1,1,4,6,1,1
37,370267,1,2,6,7,4,22,41,12,2,1,0,37,3,18,24,18024,6,2012,5GAKVCED9CJ1,5,G,A,K,V,C,E,D,9,C,J,1,0,P,BUIC,ENC,UT,12,17,4980,,0,1189,,G,,F,6,220,,,19R255,,,,,,0,0,000000000,00000000000,0,0,0,1,0,0,0,0,0,0,0,65,0,0,0,12,6,2,12,0,0,0,1,37,27705,6,1,0,0,3,0,74,999,0,0,0,0,0,0,0,0,0,1,35,0,0,0,1,2,45,1,3,2,1,0,0,6,10,1,1,2,50,1,1
37,370267,2,2,2,7,4,22,41,12,2,1,0,37,1,6,41,6041,4,2000,2C3HD46R3YH4,2,C,3,H,D,4,6,R,3,Y,H,4,0,P,CHRY,CXL,4D,0,17,3402,,0,1130,,G,,F,6,167,,,16R225,,,,,,0,0,000000000,00000000000,0,0,0,1,0,0,0,0,0,0,0,45,0,0,0,12,6,2,12,0,0,0,1,37,27703,6,1,0,0,3,0,61,999,0,1,0,0,1,10,2010,1,2011,0,0,0,0,0,1,2,45,1,1,2,1,0,0,1,62,1,1,1,51,0,0
37,370268,1,2,2,8,4,13,10,12,6,1,0,37,2,12,3,12003,2,2004,1FAFP42X54F1,1,F,A,F,P,4,2,X,5,4,F,1,0,P,FORD,MGT,CP,4,17,3114,,0,1013,,G,,F,8,281,,,17R245,,,,,,0,0,000000000,00000000000,0,0,0,1,0,0,0,0,0,0,0,50,0,0,0,12,6,2,12,0,0,0,1,37,27809,6,1,0,0,3,0,76,999,3,1,0,0,1,1,2010,8,2011,0,0,0,0,0,1,2,55,1,1,2,1,0,0,1,66,1,1,1,86,0,0
37,370268,2,2,1,8,4,13,10,12,6,1,0,37,1,20,473,20473,30,2006,1GCCS1366682,1,G,C,C,S,1,3,6,6,6,8,2,0,T,CHEV,RDO,CW,6,17,,1,0,1260,CAL,G,,,5,214,,,,,3684,00,,42,0,0,000000000,00000000000,0,0,0,1,0,0,0,0,0,0,0,50,0,1,5,3,6,2,12,0,0,0,1,37,27891,6,1,0,0,3,0,67,999,1,0,0,1,1,2,2010,12,2010,0,38,0,0,0,1,2,55,1,1,2,1,20,3,1,17,1,1,1,87,1,0
37,370269,1,1,1,1,4,12,13,35,0,1,0,37,1,20,4,20004,1,1966,194676A10137,1,9,4,6,7,6,A,1,0,1,3,7,0,P,CHEV,CVT,CV,66,13,3005,,0,980,,G,,,8,,,,147.75,,,,,,0,0,000000000,00000000000,0,0,0,1,0,0,0,0,0,0,0,45,0,1,5,12,6,2,1,0,0,0,1,37,27284,6,1,0,0,3,3,65,999,1,0,0,0,0,3,2012,3,2012,0,58,0,0,0,3,2,45,1,1,2,1,0,0,3,13,1,1,4,1,1,0
37,370270,1,2,1,21,4,15,28,12,6,1,0,37,3,82,881,82881,66,2005,1FUJA6CV75LV,1,F,U,J,A,6,C,V,7,5,L,V,1,T,FRHT,COL,TR,5,17,,8,0,0,CON,D,,,6,782,,,,,00000,00,,64,1,57,2047595,572047595,3,6,1,1,0,0,0,0,0,0,0,12,0,0,0,5,2,1,12,0,0,0,1,37,27107,6,1,6,0,3,3,71,999,1,0,0,2,0,6,2010,3,2011,0,0,0,0,0,1,4,45,1,1,2,1,0,0,11,15,1,1,1,68,0,0
37,370270,2,2,1,21,4,15,28,12,6,1,0,37,1,37,705,37705,80,2001,JH2PC35061M2,J,H,2,P,C,3,5,0,6,1,M,2,0,M,HOND,CF4,RC,1,17,,,,,,,599,,4,,4,370,,,,,,,0,0,000000000,00000000000,0,0,0,1,0,0,0,0,0,0,0,80,0,0,0,12,6,2,12,0,0,0,1,37,27127,6,1,0,0,3,0,73,999,0,0,0,0,0,0,0,0,0,1,0,0,0,0,1,4,45,1,1,2,1,0,0,1,62,1,1,1,69,1,0
37,370271,1,2,2,2,4,17,14,12,6,1,0,37,2,22,2,22002,4,1989,1G2HX54C1KW2,1,G,2,H,X,5,4,C,1,K,W,2,0,P,PONT,BLE,4D,89,17,3275,,0,1108,,G,,F,6,231,,,14R205,,,,,,0,0,000000000,00000000000,0,0,0,1,0,0,0,0,0,0,0,20,0,0,0,9,6,2,12,0,0,0,1,37,27565,6,1,0,0,3,3,73,999,0,0,0,0,0,0,0,0,0,0,39,0,0,0,1,2,55,1,1,2,1,20,3,11,15,1,1,1,82,1,0
37,370271,2,2,1,2,4,17,14,12,6,1,0,37,1,12,471,12471,30,2003,1FTZR15E23PB,1,F,T,Z,R,1,5,E,2,3,P,B,0,T,FORD,RNS,PC,3,17,,1,0,1259,RNG,G,,,6,245,,,,B,3760,02,U,44,0,0,000000000,00000000000,0,0,0,1,0,0,0,0,0,0,0,55,0,0,0,12,6,2,12,0,0,0,1,37,27537,6,1,0,0,3,3,65,999,0,0,0,0,0,0,0,0,0,0,0,0,0,0,1,2,55,1,1,2,1,0,0,1,67,1,1,1,83,0,0
37,370272,1,2,3,11,4,18,4,12,6,1,0,37,2,37,31,37031,2,2000,1HGEJ6222YL0,1,H,G,E,J,6,2,2,2,Y,L,0,0,P,HOND,UCD,CP,0,17,2405,,0,1032,,G,,F,4,097,,,14R185,,,,,,0,0,000000000,00000000000,0,0,0,1,0,0,0,0,0,0,0,70,0,0,0,3,6,2,12,0,0,0,1,37,27107,6,1,0,0,3,3,66,999,0,0,0,0,0,0,0,0,0,1,28,36,0,0,1,2,45,3,2,2,1,0,0,14,10,1,4,2,64,2,0
37,370272,2,2,2,11,4,18,4,12,6,1,0,37,2,7,472,7472,30,2009,1D7HE28K99S7,1,D,7,H,E,2,8,K,9,9,S,7,0,T,DODG,KST,CW,9,17,,2,0,1313,DAK,G,,,6,225,,,,B,4344,00,E,42,0,0,000000000,00000000000,0,0,0,1,0,0,0,0,0,0,0,45,0,0,0,12,6,2,12,0,0,0,1,37,27310,6,1,0,0,3,0,71,999,0,0,0,0,0,0,0,0,0,0,0,0,0,0,1,2,45,2,2,2,1,0,0,14,62,7,1,1,65,0,0
37,370273,1,1,4,13,4,19,10,9,0,1,0,37,2,20,422,20422,15,2008,3GNFK16338G1,3,G,N,F,K,1,6,3,3,8,G,1,0,P,CHEV,K15,UT,8,17,5743,,0,1300,,F,,F,8,323,,,17R265,,,,,,0,0,000000000,00000000000,0,0,0,1,0,0,0,0,0,0,0,45,0,0,0,12,2,1,9,0,0,0,1,37,27358,6,1,0,0,3,3,64,999,0,0,0,0,0,0,0,0,0,1,0,0,0,0,1,2,45,1,3,2,1,0,0,1,80,1,1,1,13,0,0
37,370274,1,1,1,16,4,3,57,24,0,1,0,37,3,51,881,51881,66,2007,4V4NC9GH67N4,4,V,4,N,C,9,G,H,6,7,N,4,1,T,VOLV,VNL,TR,7,17,,8,0,0,VVN,D,,,6,732,,,,,00000,00,,64,1,57,142116,57142116,3,6,1,1,0,0,0,0,0,0,0,65,0,1,5,11,6,2,1,0,0,1,1,37,28159,6,1,6,0,3,0,67,999,0,0,0,0,1,5,2009,5,2009,0,36,0,0,0,3,4,65,1,1,1,1,0,0,1,12,1,1,4,6,1,0
37,370275,1,2,2,13,4,17,24,12,6,1,0,37,3,23,481,23481,31,2011,1GT125C87BF2,1,G,T,1,2,5,C,8,7,B,F,2,0,T,GMC,2KD,CW,11,17,,2,0,1537,SIE,D,,,8,403,,,,C,6562,00,U,44,0,0,000000000,00000000000,0,0,0,1,0,0,0,0,0,0,0,56,0,0,0,12,6,2,12,0,0,0,1,37,27265,6,1,0,0,3,3,66,999,0,0,0,0,0,0,0,0,0,0,36,0,0,0,1,2,35,1,2,2,1,0,0,15,67,1,1,1,83,0,0
37,370275,2,2,2,13,4,17,24,12,6,1,0,37,1,30,47,30047,3,2002,3VWCP21C72M4,3,V,W,C,P,2,1,C,7,2,M,4,0,P,VOLK,NGI,2H,2,17,2875,,0,989,,D,,T,4,116,,,16R205,,,,,,0,0,000000000,00000000000,0,0,0,1,0,0,0,0,0,0,0,10,0,0,0,9,6,2,12,0,0,0,1,37,27214,6,1,0,0,3,0,74,999,0,0,0,0,0,0,0,0,0,0,38,0,0,0,1,2,35,1,1,2,1,20,3,11,15,1,1,1,82,1,0
37,370276,1,1,2,24,4,12,20,42,0,1,0,13,3,41,50,41050,4,2012,1YVHZ8DH2C5M,1,Y,V,H,Z,8,D,H,2,C,5,M,0,P,MAZD,M6I,4D,12,17,3329,,0,1098,,G,,F,4,152,,,16R205,,,,,,0,0,000000000,00000000000,0,0,0,1,0,0,0,0,0,0,0,90,0,0,0,12,6,2,42,0,0,0,1,12,33328,1,1,0,0,2,0,72,999,0,1,0,1,0,6,2009,10,2009,1,36,0,0,0,1,4,35,3,1,2,1,0,0,14,13,1,1,4,1,1,0
37,370277,1,1,1,25,4,11,20,8,0,1,0,37,2,84,884,84884,62,2000,1HTMGABM8YA0,1,H,T,M,G,A,B,M,8,Y,A,0,0,T,INTL,652,IC,0,17,,6,2180,1520,10S,D,,,8,444,,,,,00000,00,,42,0,57,265752,57265752,2,1,1,1,0,0,0,0,0,0,0,5,0,0,0,1,2,1,8,0,0,0,1,37,27407,6,1,0,0,3,0,75,999,2,0,0,0,0,1,2010,11,2011,0,31,0,0,0,0,0,0,0,0,0,0,0,0,13,82,1,1,5,98,0,0
37,370278,1,2,1,30,4,0,28,12,2,1,0,37,1,34,34,34034,4,1993,WBACB3316PFE,W,B,A,C,B,3,3,1,6,P,F,E,0,P,BMW,325,4D,93,17,3087,,0,1063,,G,,F,6,152,,,15R205,,,,,,0,0,000000000,00000000000,0,0,0,1,0,0,0,0,0,0,0,52,0,0,0,12,6,2,12,0,0,0,1,37,27401,6,1,6,0,3,0,72,999,0,0,0,0,0,0,0,0,0,1,28,0,0,0,2,4,35,1,4,2,1,0,0,1,10,1,1,2,50,1,1
37,370278,2,2,2,30,4,0,28,12,2,1,0,37,1,12,3,12003,3,1993,1FACP41M7PF2,1,F,A,C,P,4,1,M,7,P,F,2,0,P,FORD,MLX,2H,93,17,2834,,0,1005,,G,,F,4,140,,,14R195,,,,,,0,0,000000000,00000000000,0,0,0,1,0,0,0,0,0,0,0,35,0,0,0,12,6,2,12,0,0,0,1,37,27217,6,1,0,0,3,3,63,999,1,0,0,0,0,4,2011,4,2011,0,0,0,0,0,2,4,35,1,4,2,1,0,0,1,62,1,1,1,51,0,0
37,370279,1,1,1,12,4,21,15,35,0,1,0,37,2,37,32,37032,4,1994,1HGCD5637RA0,1,H,G,C,D,5,6,3,7,R,A,0,0,P,HOND,ULE,4D,94,17,2809,,0,1069,,G,,F,4,132,,,14R185,,,,,,0,0,000000000,00000000000,0,0,0,1,0,0,0,0,0,0,0,65,0,1,5,12,6,2,3,0,0,0,1,37,27606,6,1,0,0,3,3,62,999,0,0,0,0,0,0,0,0,0,1,0,0,0,0,1,2,55,3,1,2,1,0,0,14,13,1,1,4,1,1,0
37,370280,1,1,2,6,4,7,11,34,0,1,0,37,2,12,401,12401,14,1998,1FMZU34E4WZB,1,F,M,Z,U,3,4,E,4,W,Z,B,0,P,FORD,EPR,UT,98,17,4146,,0,1115,,G,,F,6,245,,,15R225,,,,,,0,0,000000000,00000000000,0,0,0,1,0,0,0,0,0,0,0,70,0,1,5,12,6,2,1,0,0,0,1,37,27546,6,2,0,0,3,0,72,999,0,0,0,0,0,0,0,0,0,1,28,0,0,0,1,2,55,3,2,2,1,0,0,14,12,1,1,4,6,1,0
37,370281,1,2,1,12,4,5,55,12,2,1,0,37,1,12,17,12017,4,1998,1FAFP53S8WG1,1,F,A,F,P,5,3,S,8,W,G,1,0,P,FORD,TCS,4D,98,17,3294,,0,1085,,G,,F,6,182,,,15R205,,,,,,0,0,000000000,00000000000,0,0,0,1,0,0,0,0,0,0,0,55,0,1,5,12,6,2,12,0,0,0,1,37,27546,6,1,0,0,3,0,71,999,0,0,0,0,0,0,0,0,0,0,28,0,0,0,1,2,55,2,1,2,1,0,0,14,10,1,1,2,50,1,1
37,370281,2,2,1,12,4,5,55,12,2,1,0,37,1,35,471,35471,30,1996,1N6SD16S2TC3,1,N,6,S,D,1,6,S,2,T,C,3,0,T,NISS,KSX,PC,96,17,,1,0,1161,TRK,G,,,4,146,,,,B,00000,00,M,42,0,0,000000000,00000000000,0,0,0,1,0,0,0,0,0,0,0,55,0,0,0,12,6,2,12,0,0,0,1,37,27505,6,1,6,0,3,0,70,999,0,0,0,0,0,0,0,0,0,0,0,0,0,0,1,2,55,3,1,2,1,0,0,14,62,1,1,1,51,0,0
37,370282,1,1,1,17,4,6,37,8,0,1,0,37,3,23,421,23421,15,2001,1GKEK13TX1J1,1,G,K,E,K,1,3,T,X,1,J,1,0,T,GMC,YUK,4W,1,17,,2,0,1160,YUK,G,,,8,325,,,,B,5113,00,K,44,0,0,000000000,00000000000,0,0,0,1,0,0,0,0,0,0,0,55,0,0,0,12,4,1,8,0,0,0,1,37,28334,6,1,0,0,3,0,72,999,0,0,0,0,0,0,0,0,0,0,27,0,0,0,1,2,55,1,3,2,1,0,0,1,13,1,1,4,13,0,0
37,370283,1,1,2,15,4,4,30,42,0,1,0,37,2,41,35,41035,4,1994,JM1BG2248R07,J,M,1,B,G,2,2,4,8,R,0,7,0,P,MAZD,PDX,4D,94,17,2425,,0,984,,G,,F,4,112,,,13R175,,,,,,0,0,000000000,00000000000,0,0,0,1,0,0,0,0,0,0,0,54,0,0,0,12,6,2,42,0,0,0,1,37,28716,6,2,0,0,3,0,70,999,0,0,0,0,0,0,0,0,0,1,28,0,0,0,1,2,35,2,4,2,1,0,0,14,12,1,1,4,6,1,0
37,370284,1,1,2,16,4,4,59,42,0,1,0,37,2,42,47,42047,1,2000,WDBLK70GXYT0,W,D,B,L,K,7,0,G,X,Y,T,0,0,P,MERZ,CK4,CV,0,17,3650,,0,1059,,G,,F,8,260,,,17R225,,,,,,0,0,000000000,00000000000,0,0,0,1,0,0,0,0,0,0,0,55,0,0,0,12,6,2,42,0,0,1,1,37,28306,6,1,0,0,3,3,62,999,0,0,0,1,0,2,2010,2,2010,0,28,0,0,0,1,2,55,2,2,2,1,0,0,14,12,1,1,4,6,1,0
37,370285,1,1,1,21,4,4,8,1,0,1,0,37,2,22,22,22022,4,2007,1G2ZG58N0741,1,G,2,Z,G,5,8,N,0,7,4,1,0,P,PONT,6BS,4D,7,17,3305,,0,1123,,G,,F,6,214,,,17R225,,,,,,0,0,000000000,00000000000,0,0,0,1,0,0,0,0,0,0,0,55,0,2,5,0,6,2,42,0,0,0,1,15,96782,6,1,0,0,3,0,69,200,0,0,0,0,0,0,0,0,0,0,28,0,0,0,1,2,55,3,1,2,1,0,0,14,12,1,1,4,6,1,0
37,370286,1,1,2,23,4,6,41,34,0,1,0,37,2,20,421,20421,15,2000,1GNEC13R7YR1,1,G,N,E,C,1,3,R,7,Y,R,1,0,P,CHEV,CTA,UT,0,17,4419,,0,1175,,G,,F,8,350,,,16R255,,,,,,0,0,000000000,00000000000,0,0,0,1,0,0,0,0,0,0,0,70,0,0,0,12,6,2,42,0,0,0,1,37,28372,6,1,0,0,3,3,68,999,0,0,0,0,0,0,0,0,0,0,58,0,0,0,1,2,55,1,2,2,1,0,0,6,13,1,1,4,1,1,0
37,370287,1,1,2,2,4,12,6,42,0,1,0,39,2,20,441,20441,20,2000,1GBDM19W5YB1,1,G,B,D,M,1,9,W,5,Y,B,1,0,T,CHEV,AST,EC,0,17,,1,0,1112,AST,G,,,6,262,,,,B,00000,00,,42,0,0,000000000,00000000000,0,0,0,1,0,0,0,0,0,0,0,70,0,0,0,9,6,2,42,0,0,0,1,39,44255,6,1,0,0,3,0,68,126,0,0,0,0,0,0,0,0,0,0,0,0,0,0,3,2,70,1,2,2,1,0,0,1,1,1,1,4,1,1,0
37,370288,1,2,2,2,4,18,12,12,6,1,0,42,1,18,23,18023,4,2007,1G4HP57277U1,1,G,4,H,P,5,7,2,7,7,U,1,0,P,BUIC,UCX,4D,7,17,3764,,0,1156,,G,,F,6,232,,,16R225,,,,,,0,0,000000000,00000000000,0,0,0,1,0,0,0,0,0,0,0,15,0,0,0,3,6,2,12,0,0,0,1,42,18431,6,1,6,0,3,3,69,999,0,0,0,0,0,0,0,0,0,0,38,0,0,0,2,2,45,1,1,2,1,3,3,11,15,1,1,1,68,1,0
37,370288,2,2,1,2,4,18,12,12,6,1,0,37,3,20,481,20481,31,2007,1GCHK23D87F1,1,G,C,H,K,2,3,D,8,7,F,1,0,T,CHEV,2KH,CW,7,17,,2,1670,1530,SIL,D,,,8,403,,,,C,5883,02,,44,0,0,000000000,00000000000,0,0,0,1,0,0,0,0,0,0,0,45,0,0,0,12,6,2,12,0,0,0,1,37,28117,6,1,6,0,3,3,75,999,1,0,0,0,0,9,2011,9,2011,0,0,0,0,0,2,4,45,1,1,2,1,3,3,1,17,1,1,1,69,0,0