STATE,ST_CASE,VEH_NO,VE_FORMS,NUMOCCS,DAY,MONTH,HOUR,MINUTE,HARM_EV,MAN_COLL,UNITTYPE,HIT_RUN,REG_STAT,OWNER,MAKE,MODEL,MAK_MOD,BODY_TYP,MOD_YEAR,VIN,VIN_1,VIN_2,VIN_3,VIN_4,VIN_5,VIN_6,VIN_7,VIN_8,VIN_9,VIN_10,VIN_11,VIN_12,TOW_VEH,VINTYPE,VINMAKE,VINA_MOD,VIN_BT,VINMODYR,VIN_LNGT,VIN_WGT,WGTCD_TR,WHLBS_LG,WHLBS_SH,SER_TR,FUELCODE,MCYCL_DS,CARBUR,CYLINDER,DISPLACE,MCYCL_CY,MCYCL_WT,TIRE_SZE,TON_RAT,TRK_WT,TRKWTVAR,VIN_REST,WHLDRWHL,J_KNIFE,MCARR_I1,MCARR_I2,MCARR_ID,GVWR,V_CONFIG,CARGO_BT,HAZ_INV,HAZ_PLAC,HAZ_ID,HAZ_CNO,HAZ_REL,BUS_USE,SPEC_USE,EMER_USE,TRAV_SP,UNDERIDE,ROLLOVER,ROLINLOC,IMPACT1,DEFORMED,TOWED,M_HARM,VEH_SC1,VEH_SC2,FIRE_EXP,DR_PRES,L_STATE,DR_ZIP,L_STATUS,L_TYPE,CDL_STAT,L_ENDORS,L_COMPL,L_RESTRI,DR_HGT,DR_WGT,PREV_ACC,PREV_SUS,PREV_DWI,PREV_SPD,PREV_OTH,FIRST_MO,FIRST_YR,LAST_MO,LAST_YR,SPEEDREL,DR_SF1,DR_SF2,DR_SF3,DR_SF4,VTRAFWAY,VNUM_LAN,VSPD_LIM,VALIGN,VPROFILE,VPAVETYP,VSURCOND,VTRAFCON,VTCONT_F,P_CRASH1,P_CRASH2,P_CRASH3,PCRASH4,PCRASH5,ACC_TYPE,DEATHS,DR_DRINK
37,370289,1,1,1,25,4,20,27,35,0,1,0,37,2,7,41,7041,4,1993,2B3ED46T5PH6,2,B,3,E,D,4,6,T,5,P,H,6,0,P,DODG,INT,4D,93,17,3125,,0,1130,,G,,F,6,201,,,16R225,,,,,,0,0,000000000,00000000000,0,0,0,1,0,0,0,0,0,0,0,60,0,0,0,12,6,2,30,0,0,0,1,37,28634,6,1,6,0,3,0,70,999,0,0,0,0,0,0,0,0,0,0,28,58,0,0,1,2,55,1,1,2,1,0,0,1,12,1,1,4,6,1,0
37,370290,1,2,1,25,4,9,41,12,1,1,0,37,3,51,881,51881,66,2006,4V4NC9GH56N4,4,V,4,N,C,9,G,H,5,6,N,4,1,T,VOLV,VNL,TR,6,17,,8,0,0,VVN,D,,,6,732,,,,,00000,00,,64,1,57,593169,57593169,3,6,1,1,0,0,0,0,0,0,0,55,0,0,0,12,6,2,12,0,0,1,1,37,28147,6,1,6,0,3,0,70,999,0,0,0,0,0,0,0,0,0,1,0,0,0,0,1,2,55,1,1,2,1,50,3,1,50,1,1,1,20,1,0
37,370290,2,2,1,25,4,9,41,12,1,1,0,29,3,85,881,85881,66,2005,1XKWDB9X25J0,1,X,K,W,D,B,9,X,2,5,J,0,1,T,KW,W90,TR,5,17,,8,2850,1600,CON,D,,,6,893,,,,,00000,00,,64,1,57,279780,57279780,3,6,3,1,0,0,0,0,0,0,0,0,0,0,0,6,6,2,12,0,0,1,1,47,38253,6,1,6,0,3,0,67,142,0,0,0,0,0,0,0,0,0,0,0,0,0,0,1,2,55,1,1,2,1,50,3,5,53,1,1,1,21,0,0
37,370291,1,1,1,20,4,18,7,53,0,1,0,37,2,20,481,20481,31,1989,1GCDK14Z6KZ2,1,G,C,D,K,1,4,Z,6,K,Z,2,0,T,CHEV,GK1,PK,89,17,,1,1315,1175,GM4,G,,,6,262,,,,B,4553,06,,44,0,0,000000000,00000000000,0,0,0,1,0,0,0,0,0,0,0,60,0,1,5,9,6,2,42,0,0,0,1,37,28080,6,1,0,0,3,3,68,999,0,0,0,0,0,0,0,0,0,0,36,0,0,0,1,2,55,1,1,2,1,0,0,1,8,1,4,4,2,1,0
37,370292,1,1,3,15,4,1,26,1,0,1,0,37,2,12,422,12422,15,2001,1FMRU15W91LA,1,F,M,R,U,1,5,W,9,1,L,A,0,P,FORD,EPT,UT,1,17,4886,,0,1191,,G,,F,8,281,,,16R255,,,,,,0,0,000000000,00000000000,0,0,0,1,0,0,0,0,0,0,0,60,0,2,1,0,6,2,1,0,0,0,1,37,28205,0,0,0,0,0,0,999,999,0,0,0,0,0,0,0,0,0,1,36,0,0,0,1,2,25,3,1,2,1,0,0,14,6,1,1,2,98,1,1
37,370293,1,2,1,22,4,12,10,12,6,1,0,37,1,20,32,20032,4,1999,1Y1SK5282XZ4,1,Y,1,S,K,5,2,8,2,X,Z,4,0,P,CHEV,P/L,4D,99,17,2403,,0,971,,G,,F,4,110,,,14R175,,,,,,0,0,000000000,00000000000,0,0,0,1,0,0,0,0,0,0,0,30,0,0,0,9,6,2,12,0,0,0,1,37,28104,0,0,0,0,0,0,999,999,0,0,0,0,0,0,0,0,0,0,38,58,0,0,3,4,65,1,1,2,2,0,0,1,8,1,1,2,48,1,0
37,370293,2,2,1,22,4,12,10,12,6,1,0,37,1,12,401,12401,14,1992,1FMDU34X7NUD,1,F,M,D,U,3,4,X,7,N,U,D,0,P,FORD,EPR,UT,92,17,3879,,0,1120,,G,,F,6,245,,,15R225,,,,,,0,0,000000000,00000000000,0,0,0,1,0,0,0,0,0,0,0,60,0,0,0,12,6,2,12,0,0,0,1,37,27265,6,1,0,0,3,0,60,999,1,0,0,1,1,8,2011,1,2012,0,0,0,0,0,3,4,65,1,1,2,2,0,0,1,74,1,1,1,48,0,0
37,370294,1,1,2,16,4,15,48,8,0,1,0,37,1,41,35,41035,4,1988,JM1BF223XJ01,J,M,1,B,F,2,2,3,X,J,0,1,0,P,MAZD,323,4D,88,17,0,,0,945,,G,,T,4,097,,,13R155,,,,,,0,0,000000000,00000000000,0,0,0,1,0,0,0,0,0,0,0,34,0,0,0,11,4,1,8,0,0,0,1,37,28205,6,1,0,0,3,0,70,999,0,2,0,2,0,7,2009,9,2011,0,0,0,0,0,2,4,35,1,1,2,1,0,0,1,80,1,1,1,13,0,0
37,370295,1,1,1,7,4,13,31,59,0,1,0,37,1,53,705,53705,80,2008,JS1GN7EA2821,J,S,1,G,N,7,E,A,2,8,2,1,0,M,SUZI,G60,RC,8,17,,,,,,,599,,4,,4,359,,,,,,,0,0,000000000,00000000000,0,0,0,1,0,0,0,0,0,0,0,55,0,0,0,12,6,2,59,0,0,0,1,37,27314,6,1,0,0,3,0,62,999,0,0,0,0,1,11,2010,11,2010,0,28,0,0,0,1,2,55,2,1,2,1,0,0,14,10,1,1,4,6,1,0
37,370296,1,1,1,9,4,0,17,1,0,1,0,37,2,49,471,49471,30,1991,JT4RN93P5M50,J,T,4,R,N,9,3,P,5,M,5,0,0,T,TOYT,ELD,PC,91,17,,1,0,1215,HTP,G,,,4,144,,,,B,00000,00,A,42,0,0,000000000,00000000000,0,0,0,1,0,0,0,0,0,0,0,80,0,2,5,0,6,2,42,0,0,0,1,37,28327,3,1,0,0,2,0,65,999,0,0,0,0,3,12,2009,1,2012,1,36,0,0,0,1,2,55,1,2,2,1,0,0,1,13,1,1,4,1,1,1
37,370297,1,1,1,7,4,16,19,34,0,1,0,37,1,76,705,76705,80,1994,JYA3HHE04RA0,J,Y,A,3,H,H,E,0,4,R,A,0,0,M,YAMA,F6R,RC,94,17,,,,,,,599,,4,,4,395,,,,,,,0,0,000000000,00000000000,0,0,0,1,0,0,0,0,0,0,0,90,0,0,0,12,6,2,34,0,0,0,1,37,27822,6,1,6,0,3,0,73,999,0,0,0,0,0,0,0,0,0,1,36,0,0,0,1,2,45,2,2,2,1,0,0,14,6,1,1,4,6,1,1
37,370298,1,1,1,30,4,14,38,34,0,1,0,37,2,37,32,37032,4,2002,JHMCG56782C0,J,H,M,C,G,5,6,7,8,2,C,0,0,P,HOND,USE,4D,2,17,3120,,0,1069,,G,,F,4,138,,,15R195,,,,,,0,0,000000000,00000000000,0,0,0,1,0,0,0,0,0,0,0,55,0,2,5,12,6,2,1,0,0,0,1,37,27856,6,2,0,0,3,0,63,999,0,0,0,0,0,0,0,0,0,0,58,0,0,0,1,2,55,3,3,2,1,0,0,14,13,1,1,4,1,1,0
37,370299,1,1,1,18,4,20,55,8,0,1,0,37,1,12,481,12481,31,1998,1FTZF1727WNB,1,F,T,Z,F,1,7,2,7,W,N,B,0,T,FORD,F15,PK,98,17,,1,1390,1200,COF,G,,,6,256,,,,B,3800,02,E,42,0,0,000000000,00000000000,0,0,0,1,0,0,0,0,0,0,0,55,0,0,0,12,4,1,8,0,0,0,1,37,28425,6,1,6,0,3,0,73,999,0,0,0,0,1,1,2010,1,2010,0,0,0,0,0,2,5,55,1,1,2,1,0,0,1,80,1,1,1,13,0,0
37,370300,1,3,1,20,4,20,58,12,6,1,0,37,1,72,706,72706,80,2000,1HD1FDV18YY6,1,H,D,1,F,D,V,1,8,Y,Y,6,0,M,HD,FHR,RS,0,17,,,,,,,1450,,2,,4,723,,,,,,,0,0,000000000,00000000000,0,0,0,1,0,0,0,0,0,0,0,30,0,0,0,82,6,2,12,0,0,0,1,37,28479,6,1,0,0,3,3,68,999,0,0,0,0,0,0,0,0,0,0,38,0,0,0,2,2,35,1,1,2,1,0,0,12,98,1,1,2,98,1,0
37,370300,2,3,1,20,4,20,58,12,6,1,0,37,3,20,443,20443,20,2004,1GNDX03E44D1,1,G,N,D,X,0,3,E,4,4,D,1,0,T,CHEV,VTR,ES,4,17,,1,0,1200,VTR,G,,,6,207,,,,,3838,00,,42,0,0,000000000,00000000000,0,0,0,1,0,0,0,0,0,0,0,35,0,0,0,12,6,2,12,0,0,0,1,37,28456,6,1,6,0,3,0,70,999,0,6,0,2,10,7,2009,3,2012,0,0,0,0,0,2,2,35,1,1,2,1,0,0,1,52,1,1,1,98,0,0
37,370300,3,3,3,20,4,20,58,12,6,1,0,37,2,41,51,41051,4,2008,JM1BK3232811,J,M,1,B,K,3,2,3,2,8,1,1,0,P,MAZD,M3S,4D,8,17,2906,,0,1039,,G,,F,4,140,,,16R205,,,,,,0,0,000000000,00000000000,0,0,0,1,0,0,0,0,0,0,0,35,0,0,0,1,4,1,54,0,0,0,1,37,28479,6,1,0,0,3,3,67,999,1,0,0,0,2,7,2009,8,2010,0,0,0,0,0,2,2,35,1,1,2,1,0,0,1,52,1,1,1,98,0,0
37,370301,1,2,2,11,4,12,29,12,6,1,0,37,2,13,1,13001,4,1988,1LNBM81F6JY6,1,L,N,B,M,8,1,F,6,J,Y,6,0,P,LINC,TNC,4D,88,17,4093,,0,1174,,G,,F,8,302,,,15R215,,,,,,0,0,000000000,00000000000,0,0,0,1,0,0,0,0,0,0,0,10,0,0,0,8,2,1,12,0,0,0,1,37,27876,6,1,0,0,3,0,70,999,0,0,0,0,0,0,0,0,0,0,48,0,0,0,1,2,55,1,4,2,1,0,0,11,15,1,1,1,72,0,0
37,370301,2,2,4,11,4,12,29,12,6,1,0,37,1,42,47,42047,2,1999,WDBLJ65G5XF0,W,D,B,L,J,6,5,G,5,X,F,0,0,P,MERZ,CLK,CP,99,17,3165,,0,1059,,G,,F,6,195,,,16R205,,,,,,0,0,000000000,00000000000,0,0,0,1,0,0,0,0,0,0,0,55,0,0,0,12,6,2,42,0,0,0,1,37,27831,6,1,6,0,3,0,64,999,1,0,0,0,0,8,2011,8,2011,0,0,0,0,0,2,2,55,1,4,2,1,0,0,6,51,1,1,2,73,2,0
37,370302,1,2,1,12,4,15,29,12,6,1,0,37,2,99,999,99999,99,2002,999999999999,9,9,9,9,9,9,9,9,9,9,9,9,0,,,,,,,,,,,,,,,,,,,,,,,,,0,0,000000000,00000000000,0,0,0,1,0,0,0,0,0,0,0,10,0,0,0,12,6,2,12,0,0,0,1,37,27870,6,1,0,0,3,3,66,999,0,1,0,0,1,6,2009,2,2010,0,24,39,0,0,1,2,55,1,1,2,1,20,3,1,17,1,1,1,86,0,0
37,370302,2,2,1,12,4,15,29,12,6,1,0,37,1,2,404,2404,14,1997,1J4GZ58Y5VC5,1,J,4,G,Z,5,8,Y,5,V,C,5,0,T,JEEP,LRT,4W,97,17,,1,0,1059,GCK,G,,,8,318,,,,,3700,02,E,44,0,0,000000000,00000000000,0,0,0,1,0,0,0,0,0,0,0,55,0,0,0,2,6,2,12,0,0,0,1,37,28216,6,1,6,0,3,0,72,999,0,0,0,0,0,0,0,0,0,0,0,0,0,0,1,2,55,1,1,2,1,20,3,1,17,1,1,1,87,1,0
37,370303,1,1,5,15,4,0,36,1,0,1,0,37,1,12,481,12481,31,2008,1FTSW21R28EB,1,F,T,S,W,2,1,R,2,8,E,B,0,T,FORD,F2S,CW,8,17,,2,1720,1560,SRW,D,,,8,390,,,,C,6523,01,E,44,0,0,000000000,00000000000,0,0,0,1,0,0,0,0,0,0,0,60,0,2,1,0,6,2,1,0,0,0,1,37,27820,6,1,6,0,3,0,73,999,0,0,0,0,1,11,2010,11,2010,0,28,58,0,0,1,2,60,2,2,2,1,0,0,14,10,1,1,2,98,1,1
37,370304,1,1,2,1,4,1,53,59,0,1,0,37,1,7,482,7482,31,1997,3B7HF13Z1VG7,3,B,7,H,F,1,3,Z,1,V,G,7,0,T,DODG,150,PC,97,17,,2,1547,1387,RPC,G,,,8,360,,,,B,4764,01,M,44,0,0,000000000,00000000000,0,0,0,1,0,0,0,0,0,0,0,65,0,1,5,2,6,2,1,0,0,0,1,37,28540,6,1,0,0,3,0,71,999,0,0,0,0,0,0,0,0,0,1,36,0,0,0,1,2,45,3,1,2,1,0,0,14,13,1,1,4,1,1,1
37,370305,1,2,5,21,4,14,10,12,6,1,0,37,2,6,441,6441,20,2010,2A4RR4DE2AR1,2,A,4,R,R,4,D,E,2,A,R,1,0,P,CHRY,TWC,SV,10,17,4335,,0,1212,,F,,F,6,201,,,16R225,,,,,,0,0,000000000,00000000000,0,0,0,1,0,0,0,0,0,0,0,10,0,1,1,3,6,2,12,0,0,0,1,37,27217,6,1,0,0,3,0,64,999,1,0,0,0,0,9,2009,9,2009,0,38,0,0,0,1,2,55,1,1,2,1,20,3,1,17,1,1,1,87,1,0
37,370305,2,2,1,21,4,14,10,12,6,1,0,37,2,20,473,20473,30,2005,1GCDT1365582,1,G,C,D,T,1,3,6,5,5,8,2,0,T,CHEV,RDO,CW,5,17,,1,0,1260,CAL,G,,,5,214,,,,,3802,00,,44,0,0,000000000,00000000000,0,0,0,1,0,0,0,0,0,0,0,55,0,0,0,12,6,2,12,0,0,0,1,37,27302,0,0,0,0,0,0,999,999,0,0,0,0,0,0,0,0,0,0,0,0,0,0,1,2,55,1,1,2,1,20,3,1,54,1,1,1,86,0,0
37,370306,1,2,1,30,4,10,43,12,6,1,0,37,3,85,881,85881,66,1992,1XKDDR9XXNJ5,1,X,K,D,D,R,9,X,X,N,J,5,1,T,KW,T80,TR,92,17,,8,2600,1600,CON,D,,,6,774,,,,,00000,00,,64,1,57,981996,57981996,3,6,1,1,0,0,0,0,0,0,0,50,0,0,0,10,6,2,12,0,0,0,1,37,27581,6,1,6,0,3,0,69,999,0,0,0,0,0,0,0,0,0,0,0,0,0,0,1,2,55,1,1,2,1,0,0,1,62,1,1,1,65,0,0
37,370306,2,2,2,30,4,10,43,12,6,1,0,51,1,41,441,41441,20,2002,JM3LW28A3203,J,M,3,L,W,2,8,A,3,2,0,3,0,P,MAZD,MWG,SV,2,17,3794,,0,1118,,G,,F,6,181,,,15R205,,,,,,0,0,000000000,00000000000,0,0,0,1,0,0,0,0,0,0,0,55,0,0,0,12,6,2,12,0,0,0,1,51,24517,6,1,0,0,3,0,65,999,0,0,0,1,0,8,2010,8,2010,0,28,0,0,0,1,2,55,1,1,2,1,0,0,1,10,1,1,2,64,1,0
37,370307,1,1,1,22,4,3,54,42,0,1,0,48,1,49,472,49472,30,2012,5TFLU4EN6CX0,5,T,F,L,U,4,E,N,6,C,X,0,0,T,TOYT,DCL,CW,12,17,,1,0,1278,TAC,G,,,6,244,,,,B,4130,00,W,44,0,0,000000000,00000000000,0,0,0,1,0,0,0,0,0,0,0,50,0,0,0,12,6,2,42,0,0,0,1,48,78729,6,1,0,0,3,0,999,999,0,0,0,1,0,6,2009,6,2009,1,36,0,0,0,2,3,30,1,1,2,2,0,0,1,12,1,1,4,6,1,1
37,370308,1,1,1,18,4,12,15,1,0,1,0,37,1,37,31,37031,2,1993,2HGEH2355PH5,2,H,G,E,H,2,3,5,5,P,H,5,0,P,HOND,UCC,2H,93,17,2094,,0,1013,,G,,F,4,091,,,13R165,,,,,,0,0,000000000,00000000000,0,0,0,1,0,0,0,0,0,0,0,60,0,2,5,0,6,2,30,0,0,0,1,37,28782,6,1,0,0,3,3,74,999,0,0,0,0,2,3,2010,10,2010,1,36,0,0,0,1,2,40,2,1,2,2,0,0,14,6,1,1,4,1,1,0
37,370309,1,1,4,26,4,10,40,23,0,1,0,37,2,12,401,12401,14,2002,1FMZU62E02UA,1,F,M,Z,U,6,2,E,0,2,U,A,0,P,FORD,EPR,UT,2,17,4094,,0,1137,,G,,F,6,245,,,16R235,,,,,,0,0,000000000,00000000000,0,0,0,1,0,0,0,0,0,0,0,65,0,1,5,10,6,2,1,0,0,0,1,37,28704,0,0,0,0,0,0,999,999,0,0,0,0,0,0,0,0,0,0,24,0,0,0,3,4,65,1,1,1,2,0,0,1,12,1,1,4,6,1,0
37,370310,1,1,1,15,4,15,17,42,0,1,0,37,1,72,706,72706,80,1998,1HD4CEM11WY2,1,H,D,4,C,E,M,1,1,W,Y,2,0,M,HD,L8H,RS,98,17,,,,,,,883,,2,,4,489,,,,,,,0,0,000000000,00000000000,0,0,0,1,0,0,0,0,0,0,0,45,0,0,0,12,6,2,42,0,0,0,1,37,27350,6,1,0,0,3,0,69,999,0,0,0,0,0,0,0,0,0,0,0,0,0,0,1,2,45,3,2,2,1,0,0,14,13,1,1,4,1,1,0
37,370311,1,1,1,15,4,18,2,43,0,1,0,0,0,99,709,99709,81,9999,000000000000,0,0,0,0,0,0,0,0,0,0,0,0,0,,,,,,,,,,,,,,,,,,,,,,,,,0,0,000000000,00000000000,0,0,0,1,0,0,0,0,0,0,0,998,0,0,0,12,9,9,43,0,0,0,1,37,27205,0,0,0,0,1,0,68,999,0,0,0,0,1,3,2011,3,2011,0,28,0,0,0,1,2,98,2,2,2,1,0,0,14,10,1,1,4,6,1,0
37,370312,1,2,1,25,4,6,31,12,6,1,0,37,1,37,31,37031,4,2005,2HGES16525H5,2,H,G,E,S,1,6,5,2,5,H,5,0,P,HOND,UCL,4D,5,17,2606,,0,1031,,G,,F,4,102,,,15R195,,,,,,0,0,000000000,00000000000,0,0,0,1,0,0,0,0,0,0,0,55,0,0,0,3,6,2,12,0,0,0,1,37,28358,6,1,0,0,3,0,64,999,1,0,0,0,0,2,2010,2,2010,0,28,0,0,0,1,2,55,3,4,2,2,0,0,14,10,1,1,6,66,1,0
37,370312,2,2,1,25,4,6,31,12,6,1,0,37,1,49,32,49032,4,2010,1NXBU4EE5AZ3,1,N,X,B,U,4,E,E,5,A,Z,3,0,P,TOYT,CBL,4D,10,17,2723,,0,1024,,G,,F,4,110,,,15R195,,,,,,0,0,000000000,00000000000,0,0,0,1,0,0,0,0,0,0,0,55,0,0,0,12,6,2,12,0,0,0,1,37,28690,6,1,0,0,3,0,62,999,1,0,0,1,0,12,2009,7,2011,0,0,0,0,0,1,2,55,2,4,2,2,0,0,14,62,1,1,1,66,0,0
37,370313,1,1,1,8,4,1,20,35,0,1,0,37,2,2,404,2404,14,1998,1J4GZ58SXWC1,1,J,4,G,Z,5,8,S,X,W,C,1,0,T,JEEP,LRT,4W,98,17,,1,0,1059,GCK,G,,,6,242,,,,,3708,01,E,44,0,0,000000000,00000000000,0,0,0,1,0,0,0,0,0,0,0,65,0,1,5,12,6,2,42,0,0,0,1,37,27320,0,0,0,0,0,0,999,999,0,0,0,0,0,0,0,0,0,1,36,0,0,0,1,2,45,3,1,2,1,0,0,14,6,1,1,4,1,1,1
37,370314,1,2,1,11,4,10,34,12,8,1,0,37,2,41,34,41034,2,1990,JM1FC3528L07,J,M,1,F,C,3,5,2,8,L,0,7,0,P,MAZD,RX7,CV,90,17,2910,,0,957,,G,,F,R,080,,,15R205,,,,,,0,0,000000000,00000000000,0,0,0,1,0,0,0,0,0,0,0,55,0,0,0,10,6,2,12,0,0,0,1,51,23503,6,1,0,0,3,0,74,170,0,0,0,1,0,4,2011,4,2011,0,28,0,0,0,1,2,55,1,2,2,1,0,0,1,10,1,1,2,64,1,0
37,370314,2,2,4,11,4,10,34,12,8,1,0,37,1,6,441,6441,20,2010,2A4RR2D11AR3,2,A,4,R,R,2,D,1,1,A,R,3,0,P,CHRY,TWC,SV,10,17,4335,,0,1212,,G,,F,6,232,,,16R225,,,,,,0,0,000000000,00000000000,0,0,0,1,0,0,0,0,0,0,0,45,0,0,0,10,6,2,12,0,0,0,1,37,28071,6,1,0,0,3,0,66,999,0,0,0,0,0,0,0,0,0,0,0,0,0,0,1,2,55,1,2,2,1,0,0,1,62,1,1,1,65,0,0
37,370315,1,1,1,17,4,8,19,35,0,1,0,37,1,20,2,20002,4,2005,2G1WF52E8593,2,G,1,W,F,5,2,E,8,5,9,3,0,P,CHEV,IMP,4D,5,17,3389,,0,1105,,G,,F,6,207,,,16R225,,,,,,0,0,000000000,00000000000,0,0,0,1,0,0,0,0,0,0,0,35,0,1,5,12,6,2,34,0,0,0,1,37,28081,6,1,0,0,3,3,67,999,0,0,0,0,0,0,0,0,0,0,99,99,99,99,1,2,35,3,3,2,1,0,0,14,13,1,1,4,1,1,0
37,370316,1,1,1,26,4,14,6,43,0,1,0,37,2,12,36,12036,3,1995,KNJLT05H8S61,K,N,J,L,T,0,5,H,8,S,6,1,0,P,FORD,ASP,2H,95,17,2004,,0,907,,G,,F,4,081,,,13R165,,,,,,0,0,000000000,00000000000,0,0,0,1,0,0,0,0,0,0,0,50,0,0,0,12,6,2,43,0,0,0,1,37,28083,6,1,0,0,3,0,70,999,1,0,0,2,0,4,2010,1,2011,9,0,0,0,0,0,0,0,0,0,0,0,0,0,1,19,1,1,4,98,1,0
37,370317,1,2,3,18,4,9,55,12,6,1,0,37,3,20,481,20481,31,2007,1GCHK33D57F1,1,G,C,H,K,3,3,D,5,7,F,1,0,T,CHEV,SK3,CW,7,17,,2,0,1670,SIL,D,,,8,403,,,,D,6322,00,,44,0,0,000000000,00000000000,0,0,0,1,0,0,0,0,0,0,0,55,0,0,0,3,6,2,12,0,0,0,1,37,28018,6,1,6,0,3,0,72,999,0,0,0,0,0,0,0,0,0,0,28,0,0,0,1,2,55,4,1,2,2,0,0,14,10,1,1,2,66,0,0
37,370317,2,2,1,18,4,9,55,12,6,1,0,37,2,12,471,12471,30,1988,1FTBR10C4JUD,1,F,T,B,R,1,0,C,4,J,U,D,0,T,FORD,RNG,PK,88,17,,1,1140,1080,RNG,G,,,4,122,,,,B,2688,00,A,42,0,0,000000000,00000000000,0,0,0,1,0,0,0,0,0,0,0,55,0,0,0,12,6,2,12,0,0,0,1,37,28114,6,1,0,0,3,0,65,999,0,0,0,0,0,0,0,0,0,0,0,0,0,0,1,2,55,4,1,2,2,0,0,14,62,1,1,1,66,1,0
37,370318,1,1,2,8,4,19,32,53,0,1,0,1,1,23,399,23399,6,1979,TCD149A52054,T,C,D,1,4,9,A,5,2,0,5,4,0,T,GMC,C15,PK,79,13,,1,1315,1065,C15,G,,,6,250,,,,B,3572,06,,42,0,0,000000000,00000000000,0,0,0,1,0,0,0,0,0,0,0,70,0,1,5,11,6,2,1,0,0,0,1,37,28334,1,1,0,0,2,0,73,999,0,2,0,0,1,10,2009,10,2011,1,36,58,0,0,1,2,55,1,1,2,1,0,0,1,6,1,1,4,1,1,1
37,370319,1,1,1,20,4,4,23,8,0,1,0,37,1,37,32,37032,6,1991,1HGCB9759MA0,1,H,G,C,B,9,7,5,9,M,A,0,0,P,HOND,ALX,SW,91,17,3122,,0,1071,,G,,F,4,132,,,15R195,,,,,,0,0,000000000,00000000000,0,0,0,1,0,0,0,0,0,0,0,45,0,0,0,12,6,2,8,0,0,0,1,37,28001,6,1,0,0,3,0,70,999,0,0,0,1,1,2,2010,4,2010,0,99,99,99,99,1,5,45,1,1,2,1,0,0,15,80,1,1,2,13,0,0
37,370320,1,1,1,2,4,18,29,43,0,1,0,37,1,12,17,12017,4,2000,1FAFP53U9YA2,1,F,A,F,P,5,3,U,9,Y,A,2,0,P,FORD,TSE,4D,0,17,3333,,0,1085,,G,,F,6,182,,,16R215,,,,,,0,0,000000000,00000000000,0,0,0,1,0,0,0,0,0,0,0,30,0,0,0,12,6,2,43,0,0,0,1,37,27053,6,1,0,0,3,3,69,999,0,0,0,0,0,0,0,0,0,0,0,0,0,0,1,2,55,1,1,2,1,0,0,4,19,1,1,4,1,1,0
37,370321,1,1,1,7,4,22,15,8,0,1,1,37,2,59,403,59403,14,2011,2T2ZK1BA0BC0,2,T,2,Z,K,1,B,A,0,B,C,0,0,P,LEXS,RX5,UT,11,17,4178,,0,1079,,G,,F,6,211,,,18R235,,,,,,0,0,000000000,00000000000,0,0,0,1,0,0,0,0,0,0,0,58,0,0,0,12,4,1,8,0,0,0,1,37,28104,6,2,0,0,3,1,64,999,0,0,0,0,0,0,0,0,0,1,36,0,0,0,1,2,45,1,1,2,1,0,0,1,80,1,1,1,13,0,0
37,370322,1,1,1,16,4,15,33,42,0,1,0,45,2,20,16,20016,4,1999,1G1JC5243X71,1,G,1,J,C,5,2,4,3,X,7,1,0,P,CHEV,CAV,4D,99,17,2676,,0,1041,,G,,F,4,133,,,14R195,,,,,,0,0,000000000,00000000000,0,0,0,1,0,0,0,0,0,0,0,70,0,0,0,12,6,2,42,0,0,0,1,45,29530,6,1,0,0,3,0,63,130,2,2,0,1,1,7,2009,3,2012,1,36,0,0,0,1,2,45,3,1,2,1,0,0,14,11,1,1,4,1,1,1
37,370323,1,1,2,20,4,2,53,42,0,1,0,37,2,7,24,7024,4,2007,2B3KA53H87H6,2,B,3,K,A,5,3,H,8,7,H,6,0,P,DODG,CHR,4D,7,17,3976,,0,1200,,G,,F,8,348,,,18R225,,,,,,0,0,000000000,00000000000,0,0,0,1,0,0,0,0,0,0,0,90,0,0,0,12,6,2,14,0,0,0,1,37,28174,0,0,0,0,0,0,999,999,0,0,0,0,0,0,0,0,0,1,36,0,0,0,1,2,55,3,1,2,1,0,0,14,13,1,1,4,1,1,1
37,370324,1,2,3,16,4,15,21,12,7,1,0,24,3,13,16,13016,6,2012,2LMHJ5FR8CBL,2,L,M,H,J,5,F,R,8,C,B,L,0,P,LINC,MKT,UT,12,17,4637,,0,1179,,G,,F,6,226,,,19R235,,,,,,0,0,000000000,00000000000,0,0,0,1,0,0,0,0,0,0,0,70,0,1,5,3,6,2,1,0,0,0,1,11,20747,9,9,99,9,9,9,999,999,99,99,99,99,99,99,9999,99,9999,0,27,0,0,0,3,2,65,1,1,2,1,0,0,15,51,1,1,2,46,1,0
37,370324,2,2,1,16,4,15,21,12,7,1,0,37,1,22,20,22020,4,2000,1G2WR5219YF2,1,G,2,W,R,5,2,1,9,Y,F,2,0,P,PONT,GTP,4D,0,17,3523,,0,1105,,G,,Z,6,231,,,16R225,,,,,,0,0,000000000,00000000000,0,0,0,1,0,0,0,0,0,0,0,65,0,0,0,9,2,9,12,0,0,0,1,37,27537,6,1,0,0,3,3,70,999,0,0,0,0,0,0,0,0,0,0,0,0,0,0,3,2,65,1,1,2,1,0,0,1,61,1,1,1,45,0,0
37,370325,1,1,1,13,4,23,18,42,0,1,0,37,2,35,43,35043,4,2010,3N1AB6AP0AL6,3,N,1,A,B,6,A,P,0,A,L,6,0,P,NISS,SBL,4D,10,17,2862,,0,1057,,G,,F,4,122,,,15R205,,,,,,0,0,000000000,00000000000,0,0,0,1,0,0,0,0,0,0,0,60,0,0,0,12,6,2,42,0,0,0,1,37,28504,6,2,0,0,3,3,71,999,2,0,0,0,0,3,2012,3,2012,1,36,0,0,0,1,2,45,3,1,2,1,0,0,14,10,1,1,4,6,1,0