STATE,ST_CASE,VEH_NO,VE_FORMS,NUMOCCS,DAY,MONTH,HOUR,MINUTE,HARM_EV,MAN_COLL,UNITTYPE,HIT_RUN,REG_STAT,OWNER,MAKE,MODEL,MAK_MOD,BODY_TYP,MOD_YEAR,VIN,VIN_1,VIN_2,VIN_3,VIN_4,VIN_5,VIN_6,VIN_7,VIN_8,VIN_9,VIN_10,VIN_11,VIN_12,TOW_VEH,VINTYPE,VINMAKE,VINA_MOD,VIN_BT,VINMODYR,VIN_LNGT,VIN_WGT,WGTCD_TR,WHLBS_LG,WHLBS_SH,SER_TR,FUELCODE,MCYCL_DS,CARBUR,CYLINDER,DISPLACE,MCYCL_CY,MCYCL_WT,TIRE_SZE,TON_RAT,TRK_WT,TRKWTVAR,VIN_REST,WHLDRWHL,J_KNIFE,MCARR_I1,MCARR_I2,MCARR_ID,GVWR,V_CONFIG,CARGO_BT,HAZ_INV,HAZ_PLAC,HAZ_ID,HAZ_CNO,HAZ_REL,BUS_USE,SPEC_USE,EMER_USE,TRAV_SP,UNDERIDE,ROLLOVER,ROLINLOC,IMPACT1,DEFORMED,TOWED,M_HARM,VEH_SC1,VEH_SC2,FIRE_EXP,DR_PRES,L_STATE,DR_ZIP,L_STATUS,L_TYPE,CDL_STAT,L_ENDORS,L_COMPL,L_RESTRI,DR_HGT,DR_WGT,PREV_ACC,PREV_SUS,PREV_DWI,PREV_SPD,PREV_OTH,FIRST_MO,FIRST_YR,LAST_MO,LAST_YR,SPEEDREL,DR_SF1,DR_SF2,DR_SF3,DR_SF4,VTRAFWAY,VNUM_LAN,VSPD_LIM,VALIGN,VPROFILE,VPAVETYP,VSURCOND,VTRAFCON,VTCONT_F,P_CRASH1,P_CRASH2,P_CRASH3,PCRASH4,PCRASH5,ACC_TYPE,DEATHS,DR_DRINK
37,370430,1,1,1,23,5,9,43,8,0,1,0,37,2,12,461,12461,21,2000,1FTSE34L4YHA,1,F,T,S,E,3,4,L,4,Y,H,A,0,T,FORD,3SD,CG,0,17,,2,0,1380,VAN,G,,,8,330,,,,D,5378,06,M,42,0,0,000000000,00000000000,0,0,0,1,0,0,0,0,0,0,0,10,0,0,0,12,0,1,8,0,0,0,1,37,28215,6,1,0,0,3,1,67,999,0,0,0,0,3,8,2010,3,2011,0,38,0,0,0,1,4,35,1,1,2,1,3,3,11,80,1,1,1,13,0,0
37,370431,1,2,1,11,5,21,49,12,6,1,0,37,2,6,51,6051,4,2006,2C3KA43R56H2,2,C,3,K,A,4,3,R,5,6,H,2,0,P,CHRY,C30,4D,6,17,3623,,0,1200,,G,,F,6,165,,,17R215,,,,,,0,0,000000000,00000000000,0,0,0,1,0,0,0,0,0,0,0,15,0,0,0,9,6,2,12,0,0,0,1,6,93905,6,1,0,0,3,0,69,265,1,0,0,0,0,11,2011,11,2011,0,38,39,0,0,1,3,45,1,1,2,1,20,3,11,15,1,1,1,82,1,0
37,370431,2,2,1,11,5,21,49,12,6,1,0,37,2,49,40,49040,4,2008,4T1BE46K38U2,4,T,1,B,E,4,6,K,3,8,U,2,0,P,TOYT,XSL,4D,8,17,3263,,0,1093,,G,,F,4,146,,,16R215,,,,,,0,0,000000000,00000000000,0,0,0,1,0,0,0,0,0,0,0,45,0,0,0,12,6,2,12,0,0,0,1,37,28075,6,1,6,0,3,3,67,999,0,0,0,0,0,0,0,0,0,0,0,0,0,0,1,3,45,1,1,2,1,0,0,1,66,1,1,1,83,0,0
37,370432,1,3,1,31,5,17,24,12,2,1,0,37,3,87,881,87881,63,2005,1NPALT0X55N8,1,N,P,A,L,T,0,X,5,5,N,8,0,T,PTRB,357,CC,5,17,,8,0,0,CON,D,,,6,677,,,,,00000,00,,64,0,57,292091,57292091,3,2,4,1,0,0,0,0,0,0,0,40,0,0,0,12,6,2,12,0,0,0,1,45,29720,6,1,6,0,3,0,68,210,1,0,0,0,0,7,2010,7,2010,0,0,0,0,0,1,2,35,1,2,2,1,0,0,1,62,1,1,1,51,0,0
37,370432,2,3,1,31,5,17,24,12,2,1,0,37,1,20,421,20421,15,2009,1GNFC13589R1,1,G,N,F,C,1,3,5,8,9,R,1,0,P,CHEV,CTA,UT,9,17,5270,,0,1160,,B,,F,8,366,,,18R265,,,,,,0,0,000000000,00000000000,0,0,0,1,0,0,0,0,0,0,0,34,0,0,0,12,6,2,12,0,0,0,1,37,28277,6,1,0,0,3,0,73,999,0,0,0,1,0,3,2010,3,2010,0,28,0,0,0,1,2,35,1,2,2,1,0,0,1,10,1,1,2,50,0,0
37,370432,3,3,1,31,5,17,24,12,2,1,0,37,1,39,36,39036,4,2002,SAJEA51C32WC,S,A,J,E,A,5,1,C,3,2,W,C,0,P,JAGU,XT3,4D,2,17,3516,,0,1067,,G,,F,6,181,,,16R205,,,,,,0,0,000000000,00000000000,0,0,0,1,0,0,0,0,0,0,0,35,0,0,0,12,6,2,12,0,0,0,1,37,28277,6,1,0,0,3,3,69,999,0,0,0,0,0,0,0,0,0,0,0,0,0,0,1,2,35,1,2,2,1,0,0,1,62,1,1,1,98,1,0
37,370433,1,2,1,2,5,15,16,12,6,1,0,37,1,12,4,12004,2,1997,1FALP62W9VH1,1,F,A,L,P,6,2,W,9,V,H,1,0,P,FORD,THL,2D,97,17,3561,,0,1130,,G,,F,8,281,,,15R205,,,,,,0,0,000000000,00000000000,0,0,0,1,0,0,0,0,0,0,0,30,0,0,0,12,4,1,12,0,0,0,1,37,28401,6,1,0,0,3,3,67,999,0,0,0,0,0,0,0,0,0,0,0,0,0,0,4,3,35,1,2,2,2,3,3,1,54,2,1,1,66,0,0
37,370433,2,2,1,2,5,15,16,12,6,1,0,37,0,76,702,76702,88,2007,JYACB09C37A0,J,Y,A,C,B,0,9,C,3,7,A,0,0,M,YAMA,Z85,MX,7,17,,,,,,,85,,1,,2,146,,,,,,,0,0,000000000,00000000000,0,0,0,1,0,0,0,0,0,0,0,55,0,0,0,9,6,2,12,0,0,0,1,37,28401,1,1,0,0,2,0,75,999,0,2,0,0,2,2,2010,4,2012,0,36,51,0,0,4,4,35,1,2,2,2,3,3,1,54,2,1,1,66,1,0
37,370434,1,1,3,20,5,12,50,42,0,1,0,37,1,18,4,18004,4,1995,1G4BN52P8SR4,1,G,4,B,N,5,2,P,8,S,R,4,0,P,BUIC,RDM,4D,95,17,4211,,0,1159,,G,,F,8,350,,,15R235,,,,,,0,0,000000000,00000000000,0,0,0,1,0,0,0,0,0,0,0,70,0,0,0,3,6,2,42,0,0,0,1,37,27043,6,1,6,0,3,3,77,999,0,0,0,0,2,6,2009,3,2012,1,58,0,0,0,1,2,55,1,2,2,1,0,0,1,12,7,1,4,6,1,0
37,370435,1,2,2,3,5,18,54,12,1,1,0,37,1,69,54,69054,1,2006,WMWRH335X6TF,W,M,W,R,H,3,3,5,X,6,T,F,0,P,MNNI,COS,CV,6,17,3616,,0,971,,G,,Z,4,098,,,16R195,,,,,,0,0,000000000,00000000000,0,0,0,1,0,0,0,0,0,0,0,40,0,0,0,6,2,1,12,0,0,0,1,37,27519,6,1,0,0,3,0,64,999,0,0,0,0,1,1,2010,1,2010,0,27,0,0,0,1,4,35,1,1,2,1,0,0,15,10,1,1,2,47,0,0
37,370435,2,2,2,3,5,18,54,12,1,1,0,37,1,53,706,53706,80,2001,JS1VS53A4121,J,S,1,V,S,5,3,A,4,1,2,1,0,M,SUZI,VZ8,RS,1,17,,,,,,,805,,2,,4,456,,,,,,,0,0,000000000,00000000000,0,0,0,1,0,0,0,0,0,0,0,45,0,0,0,12,2,3,12,0,0,0,1,37,27560,6,1,0,0,2,3,74,999,1,0,0,0,0,4,2011,4,2011,0,0,0,0,0,1,4,35,1,1,2,1,0,0,1,60,1,1,2,45,1,0
37,370436,1,1,1,6,6,3,10,42,0,1,0,37,1,41,471,41471,30,1991,JM2UF1135M01,J,M,2,U,F,1,1,3,5,M,0,1,0,T,MAZD,22S,PK,91,17,,1,0,1087,B22,G,,,4,133,,,,,00000,00,A,42,0,0,000000000,00000000000,0,0,0,1,0,0,0,0,0,0,0,50,0,0,0,7,6,2,42,0,0,0,1,37,27302,6,1,0,0,3,0,60,999,0,2,0,0,1,5,2010,3,2012,0,28,0,0,0,1,2,40,2,1,2,1,0,0,14,12,1,1,4,6,1,1
37,370437,1,3,2,27,6,14,58,12,2,1,0,37,2,59,31,59031,4,2004,JTHBA30GX450,J,T,H,B,A,3,0,G,X,4,5,0,0,P,LEXS,E33,4D,4,17,3460,,0,1071,,G,,F,6,201,,,16R215,,,,,,0,0,000000000,00000000000,0,0,0,1,0,0,0,0,0,0,0,45,0,0,0,12,6,2,12,0,0,0,1,37,27215,6,1,0,0,3,0,69,999,0,0,0,0,0,0,0,0,0,0,28,0,0,0,2,4,35,1,1,2,1,3,3,1,10,1,1,2,50,1,0
37,370437,2,3,1,27,6,14,58,12,2,1,0,37,2,37,441,37441,20,2006,5FNRL38656B4,5,F,N,R,L,3,8,6,5,6,B,4,0,P,HOND,UDY,SV,6,17,4537,,0,1181,,G,,F,6,213,,,16R235,,,,,,0,0,000000000,00000000000,0,0,0,1,0,0,0,0,0,0,0,0,0,0,0,12,6,2,12,0,0,0,1,37,27249,6,1,0,0,3,3,62,999,0,0,0,0,0,0,0,0,0,0,0,0,0,0,2,4,35,1,1,2,1,3,3,5,62,1,1,1,51,0,0
37,370437,3,3,1,27,6,14,58,12,2,1,0,37,2,37,32,37032,4,2001,JHMCG56411C0,J,H,M,C,G,5,6,4,1,1,C,0,0,P,HOND,ULX,4D,1,17,3031,,0,1069,,G,,F,4,138,,,15R195,,,,,,0,0,000000000,00000000000,0,0,0,1,0,0,0,0,0,0,0,0,0,0,0,7,6,2,12,0,0,0,1,37,27258,6,1,0,0,3,0,70,999,0,0,0,0,0,0,0,0,0,0,0,0,0,0,2,4,35,1,1,2,1,3,3,5,62,1,1,1,98,0,0
37,370438,1,2,1,16,6,18,8,1,0,1,0,37,1,37,706,37706,80,2001,JH2SC44061M1,J,H,2,S,C,4,4,0,6,1,M,1,0,M,HOND,CR9,RC,1,17,,,,,,,929,,4,,4,379,,,,,,,0,0,000000000,00000000000,0,0,0,1,0,0,0,0,0,0,0,64,0,0,0,0,6,2,1,0,0,0,1,37,28616,6,1,0,0,3,1,73,999,1,0,0,0,0,11,2011,11,2011,1,0,0,0,0,1,2,20,1,3,2,1,0,0,1,62,1,1,1,98,1,0
37,370438,2,2,2,16,6,18,8,1,0,1,0,37,1,20,471,20471,30,2002,1GCDT13W42K1,1,G,C,D,T,1,3,W,4,2,K,1,0,T,CHEV,S14,CW,2,17,,1,0,1229,S,G,,,6,262,,,,B,4039,00,,44,0,0,000000000,00000000000,0,0,0,1,0,0,0,0,0,0,0,25,0,0,0,5,0,1,12,0,0,0,1,37,28644,1,1,0,0,2,0,65,999,0,1,0,0,0,3,2012,3,2012,0,99,99,99,99,1,2,25,1,3,2,1,0,0,11,54,1,1,2,98,0,0
37,370439,1,1,1,18,6,20,46,35,0,1,0,37,2,2,403,2403,14,2003,1J4FA69S13P3,1,J,4,F,A,6,9,S,1,3,P,3,0,T,JEEP,WRB,2W,3,17,,1,0,934,W/T,G,,,6,244,,,,,3648,00,E,44,0,0,000000000,00000000000,0,0,0,1,0,0,0,0,0,0,0,55,0,2,5,11,6,2,1,0,0,0,1,37,28277,1,1,0,0,2,0,70,999,0,1,0,0,0,3,2012,3,2012,0,0,0,0,0,1,2,45,1,2,2,2,0,0,1,12,1,1,4,6,1,1
37,370440,1,2,2,24,6,20,57,12,2,1,0,36,1,14,15,14015,4,1990,1MEPM36X8LK6,1,M,E,P,M,3,6,X,8,L,K,6,0,P,MERC,TGS,4D,90,17,2602,,0,999,,G,,F,4,140,,,14R185,,,,,,0,0,000000000,00000000000,0,0,0,1,0,0,0,0,0,0,0,55,0,0,0,12,6,2,12,0,0,0,1,36,10027,6,1,0,0,3,3,74,999,0,0,0,0,0,0,0,0,0,0,23,0,0,0,1,2,55,1,1,2,1,0,0,1,67,1,1,1,83,2,0
37,370440,2,2,3,24,6,20,57,12,2,1,0,37,1,23,481,23481,31,1997,2GTEK19R5V15,2,G,T,E,K,1,9,R,5,V,1,5,0,T,GMC,SK1,PC,97,17,,2,1555,1415,SIE,G,,,8,350,,,,B,00000,00,E,44,0,0,000000000,00000000000,0,0,0,1,0,0,0,0,0,0,0,20,0,0,0,12,6,2,12,0,0,0,1,37,27846,6,1,0,0,3,0,70,999,1,0,0,0,0,2,2011,2,2011,0,0,0,0,0,1,2,55,1,1,2,1,0,0,11,15,1,1,1,82,0,0
37,370441,1,1,1,8,6,22,38,35,0,1,0,37,3,12,16,12016,4,2009,2FAHP71V69X1,2,F,A,H,P,7,1,V,6,9,X,1,0,P,FORD,CVP,4D,9,17,0,,0,1147,,F,,F,8,281,,,17R235,,,,,,0,0,000000000,00000000000,0,0,0,1,0,0,0,0,0,0,0,90,0,0,0,3,6,2,42,0,0,0,1,37,28337,6,1,0,0,3,0,73,999,0,0,0,0,0,0,0,0,0,1,58,0,0,0,1,2,55,3,1,2,1,0,0,14,12,1,1,4,6,1,0
37,370442,1,1,1,10,6,0,53,42,0,1,0,37,1,35,47,35047,4,2002,1N4AL11D72C7,1,N,4,A,L,1,1,D,7,2,C,7,0,P,NISS,ABS,4D,2,17,2873,,0,1102,,G,,F,4,153,,,16R205,,,,,,0,0,000000000,00000000000,0,0,0,1,0,0,0,0,0,0,0,55,0,0,0,12,6,2,42,0,0,0,1,37,28472,6,1,0,0,3,3,63,999,0,0,0,0,0,0,0,0,0,0,36,0,0,0,1,2,55,3,1,2,1,0,0,14,13,1,1,4,1,1,1
37,370443,1,1,1,7,6,22,52,1,0,1,0,45,1,53,706,53706,80,2007,JS1GT77A2721,J,S,1,G,T,7,7,A,2,7,2,1,0,M,SUZI,XR1,RC,7,17,,,,,,,999,,4,,4,379,,,,,,,0,0,000000000,00000000000,0,0,0,1,0,0,0,0,0,0,0,100,0,0,0,0,6,2,30,0,0,0,1,45,29625,6,1,0,0,3,0,70,225,0,2,0,0,0,6,2010,8,2010,1,36,0,0,0,2,4,55,3,1,2,1,0,0,14,12,1,1,4,6,1,1
37,370444,1,2,2,18,6,7,39,12,2,1,0,37,2,12,17,12017,4,2008,1FAHP24W88G1,1,F,A,H,P,2,4,W,8,8,G,1,0,P,FORD,TEL,4D,8,17,3643,,0,1129,,G,,F,6,214,,,17R215,,,,,,0,0,000000000,00000000000,0,0,0,1,0,0,0,0,0,0,0,55,0,0,0,12,6,2,12,0,0,0,1,37,28405,6,1,0,0,3,0,70,999,0,0,0,0,0,0,0,0,0,0,28,0,0,0,1,2,55,2,1,2,1,0,0,14,10,1,1,2,50,0,0
37,370444,2,2,1,18,6,7,39,12,2,1,0,37,1,20,37,20037,4,2006,1G1ZT51F66F1,1,G,1,Z,T,5,1,F,6,6,F,1,0,P,CHEV,MLT,4D,6,17,3316,,0,1063,,G,,F,4,134,,,16R215,,,,,,0,0,000000000,00000000000,0,0,0,1,0,0,0,0,0,0,0,55,0,0,0,12,6,2,12,0,0,0,1,37,28461,6,1,0,0,3,3,60,999,0,0,0,0,0,0,0,0,0,0,0,0,0,0,1,2,55,3,1,2,1,0,0,14,62,1,1,1,51,1,0
37,370445,1,1,2,28,6,1,37,42,0,1,0,37,2,7,482,7482,31,2005,1D7HA16N35J6,1,D,7,H,A,1,6,N,3,5,J,6,0,T,DODG,S15,PK,5,17,,2,1405,1205,RPC,G,,,8,287,,,,B,4318,01,E,42,0,0,000000000,00000000000,0,0,0,1,0,0,0,0,0,0,0,55,0,1,5,12,6,2,42,0,0,0,1,37,28258,6,1,0,0,3,0,66,999,0,0,0,0,0,0,0,0,0,0,28,36,0,0,1,2,55,1,1,2,1,0,0,1,12,1,1,4,6,1,1
37,370446,1,2,2,8,6,12,42,12,6,1,0,37,2,37,705,37705,80,2002,JH2PC35032M3,J,H,2,P,C,3,5,0,3,2,M,3,0,M,HOND,CF4,RC,2,17,,,,,,,599,,4,,4,370,,,,,,,0,0,000000000,00000000000,0,0,0,1,0,0,0,0,0,0,0,55,0,0,0,12,6,2,12,0,0,0,1,37,28806,0,0,0,0,0,0,67,999,0,0,0,0,0,0,0,0,0,1,34,0,0,0,1,2,35,1,2,2,1,0,0,6,67,1,1,1,83,1,0
37,370446,2,2,5,8,6,12,42,12,6,1,0,37,1,12,442,12442,20,2001,2FMZA52481BB,2,F,M,Z,A,5,2,4,8,1,B,B,0,T,FORD,WSE,ES,1,17,,1,0,1207,WIN,G,,,6,232,,,,B,4250,00,E,42,0,0,000000000,00000000000,0,0,0,1,0,0,0,0,0,0,0,15,0,0,0,7,6,2,12,0,0,0,1,37,28711,6,1,0,0,3,0,62,999,0,0,0,0,0,0,0,0,0,0,0,0,0,0,1,2,35,1,2,2,1,0,0,11,15,1,1,1,82,0,0
37,370447,1,1,2,10,6,0,18,8,0,1,0,37,1,20,421,20421,15,2001,1GNEK13T21R1,1,G,N,E,K,1,3,T,2,1,R,1,0,P,CHEV,KTA,UT,1,17,5050,,0,1160,,G,,F,8,325,,,16R245,,,,,,0,0,000000000,00000000000,0,0,0,1,0,0,0,0,0,0,0,50,0,0,0,12,6,2,8,0,0,0,1,37,28730,6,1,0,0,3,0,63,999,1,2,0,0,2,9,2010,10,2011,0,0,0,0,0,1,4,50,1,2,2,1,0,0,1,80,1,1,1,13,0,0
37,370448,1,2,3,29,6,14,57,12,6,1,0,37,2,37,32,37032,4,1996,1HGCD5632TA1,1,H,G,C,D,5,6,3,2,T,A,1,0,P,HOND,ULE,4D,96,17,2864,,0,1069,,G,,F,4,132,,,15R185,,,,,,0,0,000000000,00000000000,0,0,0,1,0,0,0,0,0,0,0,10,0,0,0,3,6,2,12,0,0,0,1,37,28806,0,0,0,0,0,0,999,999,0,1,0,0,1,3,2010,4,2010,0,39,0,0,0,1,2,45,1,3,2,1,20,3,1,17,1,1,1,87,1,0
37,370448,2,2,2,29,6,14,57,12,6,1,0,37,2,12,401,12401,14,1998,1FMZU34E0WUC,1,F,M,Z,U,3,4,E,0,W,U,C,0,P,FORD,EPR,UT,98,17,4146,,0,1115,,G,,F,6,245,,,15R225,,,,,,0,0,000000000,00000000000,0,0,0,1,0,0,0,0,0,0,0,45,0,1,1,12,4,8,1,0,0,0,1,37,28749,6,2,0,0,3,0,72,999,0,0,0,1,0,10,2009,10,2009,0,0,0,0,0,1,2,45,1,3,2,1,0,0,1,66,1,1,1,86,0,0
37,370449,1,2,5,23,6,21,21,12,6,1,0,37,2,52,37,52037,3,2000,4A3AC34G6YE1,4,A,3,A,C,3,4,G,6,Y,E,1,0,P,MITS,ERS,2H,0,17,2935,,0,1008,,G,,F,4,143,,,15R195,,,,,,0,0,000000000,00000000000,0,0,0,1,0,0,0,0,0,0,0,15,0,0,0,1,6,2,12,0,0,0,1,37,28083,0,0,0,0,0,0,999,999,0,0,0,0,0,0,0,0,0,0,38,0,0,0,1,4,45,1,1,2,1,0,0,11,15,1,1,1,68,0,1
37,370449,2,2,1,23,6,21,21,12,6,1,0,37,2,72,706,72706,80,2010,1HD1FC418AB6,1,H,D,1,F,C,4,1,8,A,B,6,0,M,HD,FTU,RS,10,17,,,,,,,1584,,2,,4,889,,,,,,,0,0,000000000,00000000000,0,0,0,1,0,0,0,0,0,0,0,45,0,0,0,12,6,2,12,0,0,0,1,37,28215,6,1,0,0,3,3,75,999,0,0,0,0,0,0,0,0,0,0,0,0,0,0,1,2,45,1,1,2,1,0,0,1,66,1,1,1,69,1,0
37,370450,1,1,1,29,6,22,7,8,0,1,0,37,2,23,421,23421,15,1999,1GKEK13R8XJ7,1,G,K,E,K,1,3,R,8,X,J,7,0,T,GMC,YUK,4W,99,17,,2,0,1175,YUK,G,,,8,350,,,,B,5268,00,E,44,0,0,000000000,00000000000,0,0,0,1,0,0,0,0,0,0,0,35,0,0,0,12,4,1,8,0,0,0,1,37,28582,6,2,0,0,3,3,70,999,0,0,0,0,0,0,0,0,0,0,0,0,0,0,1,2,35,1,1,2,1,3,3,1,80,4,1,1,13,0,0
37,370451,1,1,1,5,6,19,0,42,0,1,0,37,1,76,705,76705,80,2001,JYAVM01E81A0,J,Y,A,V,M,0,1,E,8,1,A,0,0,M,YAMA,V6A,RS,1,17,,,,,,,649,,2,,4,495,,,,,,,0,0,000000000,00000000000,0,0,0,1,0,0,0,0,0,0,0,55,0,0,0,12,6,2,42,0,0,0,1,37,28092,6,1,0,0,3,0,67,999,1,0,0,0,2,3,2011,3,2012,0,28,0,0,0,1,2,55,2,2,2,1,0,0,14,12,1,1,4,6,1,1
37,370452,1,3,1,14,6,18,50,12,1,1,0,31,3,84,881,84881,66,2010,3HSCUAPR0AN2,3,H,S,C,U,A,P,R,0,A,N,2,1,T,INTL,PPR,TR,10,17,,8,0,0,PRO,D,,,6,915,,,,,00000,00,,64,1,57,337080,57337080,3,6,1,1,0,0,0,0,0,0,0,65,0,0,0,12,6,2,12,0,0,0,1,31,68110,6,1,6,0,3,0,68,150,0,0,0,0,0,0,0,0,0,0,0,0,0,0,3,2,65,1,2,2,1,40,3,1,50,1,1,1,20,1,0
37,370452,2,3,1,14,6,18,50,12,1,1,0,40,3,82,881,82881,66,2011,1FUJGLDR0BLA,1,F,U,J,G,L,D,R,0,B,L,A,1,T,FRHT,125,TR,11,17,,8,0,0,CSC,D,,,6,903,,,,,00000,00,,64,1,57,303024,57303024,3,6,1,1,0,0,0,0,0,0,0,0,0,0,0,6,6,2,12,0,0,0,1,37,27360,6,1,6,0,3,3,68,999,0,0,0,0,0,0,0,0,0,0,0,0,0,0,3,2,65,1,2,2,1,0,0,5,53,1,1,1,21,0,0
37,370452,3,3,2,14,6,18,50,12,1,1,0,37,2,49,403,49403,14,2005,JTEDP21AX500,J,T,E,D,P,2,1,A,X,5,0,0,0,P,TOYT,HIG,UT,5,17,3520,,0,1069,,G,,F,6,202,,,16R225,,,,,,0,0,000000000,00000000000,0,0,0,1,0,0,0,0,0,0,0,0,0,0,0,6,6,2,12,0,0,0,1,37,28025,6,1,0,0,3,3,72,999,0,0,0,0,0,0,0,0,0,0,0,0,0,0,3,2,65,1,2,2,1,0,0,5,53,1,1,1,98,0,0
37,370453,1,2,1,19,6,15,16,12,1,1,0,37,1,49,40,49040,4,2000,4T1BF22K4YU9,4,T,1,B,F,2,2,K,4,Y,U,9,0,P,TOYT,XLL,4D,0,17,3175,,0,1051,,G,,F,6,183,,,15R205,,,,,,0,0,000000000,00000000000,0,0,0,1,0,0,0,0,0,0,0,30,0,0,0,12,6,2,12,0,0,0,1,37,28658,6,1,0,0,3,3,64,999,0,0,0,0,0,0,0,0,0,0,0,0,0,0,1,2,35,1,2,2,1,0,0,1,50,1,1,4,20,0,0
37,370453,2,2,1,19,6,15,16,12,1,1,0,0,0,99,998,99998,97,9999,999999999999,9,9,9,9,9,9,9,9,9,9,9,9,0,,,,,,,,,,,,,,,,,,,,,,,,,0,0,000000000,00000000000,0,0,0,1,0,0,0,0,0,0,0,0,0,0,0,6,6,2,12,0,0,0,1,37,28658,6,1,0,0,3,3,73,999,0,0,0,0,0,0,0,0,0,0,0,0,0,0,1,2,35,1,2,2,1,0,0,5,53,1,1,4,21,1,0
37,370454,1,1,1,22,6,21,31,1,0,1,0,0,0,99,709,99709,81,2009,000000000000,0,0,0,0,0,0,0,0,0,0,0,0,0,,,,,,,,,,,,,,,,,,,,,,,,,0,0,000000000,00000000000,0,0,0,1,0,0,0,0,0,0,0,15,0,0,0,0,6,2,1,0,0,1,1,37,27207,1,1,0,0,1,0,67,999,0,0,0,0,0,0,0,0,0,0,58,0,0,0,1,2,55,1,1,2,1,0,0,1,19,1,1,1,98,1,0
37,370455,1,1,1,25,6,9,24,35,0,1,0,37,2,20,22,20022,4,2010,1G1AF5F53A71,1,G,1,A,F,5,F,5,3,A,7,1,0,P,CHEV,BL2,4D,10,17,3216,,0,1033,,G,,F,4,134,,,17R205,,,,,,0,0,000000000,00000000000,0,0,0,1,0,0,0,0,0,0,0,55,0,1,5,1,6,2,35,0,0,0,1,37,27208,6,1,0,0,3,0,67,999,0,0,0,0,1,9,2009,9,2009,1,28,58,0,0,1,2,55,2,2,2,1,0,0,14,12,1,1,4,6,1,0
37,370456,1,1,1,7,6,11,49,1,0,1,0,47,1,76,709,76709,80,2008,JYAVP18E98A0,J,Y,A,V,P,1,8,E,9,8,A,0,0,M,YAMA,XVT,RS,8,17,,,,,,,1294,,4,,4,787,,,,,,,0,0,000000000,00000000000,0,0,0,1,0,0,0,0,0,0,0,55,0,0,0,0,6,2,1,0,0,0,1,47,37416,6,1,6,0,3,3,71,195,0,0,0,0,0,0,0,0,0,0,0,0,0,0,2,2,55,2,1,2,1,0,0,14,12,1,1,6,98,1,0
37,370457,1,1,1,21,6,5,41,8,0,1,0,37,3,82,881,82881,66,2011,1XKAD49XXBJ2,1,X,K,A,D,4,9,X,X,B,J,2,1,T,KW,T60,TR,11,17,,8,2600,1600,CON,D,,,6,915,,,,,00000,00,,64,1,57,173072,57173072,3,6,1,1,0,0,0,0,0,0,0,40,0,0,0,14,0,1,8,0,0,0,1,37,28114,6,1,6,0,3,0,64,999,0,0,0,1,0,11,2011,11,2011,0,0,0,0,0,1,2,55,1,3,2,1,0,0,1,80,1,1,1,13,0,0
37,370458,1,1,1,23,6,2,18,1,0,1,0,37,1,37,705,37705,80,2003,JH2RC44023M7,J,H,2,R,C,4,4,0,2,3,M,7,0,M,HOND,T7D,RS,3,17,,,,,,,745,,2,,4,496,,,,,,,0,0,000000000,00000000000,0,0,0,1,0,0,0,0,0,0,0,50,0,0,0,0,6,2,59,0,0,0,1,37,28532,6,1,0,0,3,0,68,999,0,0,0,0,1,4,2011,4,2011,1,36,0,0,0,6,1,55,2,3,2,1,0,0,14,6,1,4,4,98,1,1
37,370459,1,2,1,28,6,14,2,11,0,1,0,37,1,76,706,76706,80,2008,JYAVP11EX8A1,J,Y,A,V,P,1,1,E,X,8,A,1,0,M,YAMA,XVS,RS,8,17,,,,,,,1063,,2,,4,600,,,,,,,0,0,000000000,00000000000,0,0,0,1,0,0,0,0,0,0,0,55,0,0,0,12,6,2,1,0,0,0,1,37,28560,6,1,0,0,3,0,61,999,0,0,0,0,0,0,0,0,0,0,0,0,0,0,1,2,55,1,1,2,1,0,0,1,87,1,1,1,13,0,0
37,370459,2,2,1,28,6,14,2,11,0,1,0,37,1,72,706,72706,80,2005,1HD1CGP1X5K4,1,H,D,1,C,G,P,1,X,5,K,4,0,M,HD,20C,RS,5,17,,,,,,,1199,,2,,4,554,,,,,,,0,0,000000000,00000000000,0,0,0,1,0,0,0,0,0,0,0,55,0,0,0,12,6,2,1,0,0,0,1,37,28560,6,1,0,0,3,3,66,999,0,0,0,0,0,0,0,0,0,0,0,0,0,0,1,2,55,1,1,2,1,0,0,1,10,1,1,1,98,1,0
37,370460,1,2,4,9,6,12,35,12,6,1,0,37,2,6,51,6051,4,2002,2C3HE66G02H2,2,C,3,H,E,6,6,G,0,2,H,2,0,P,CHRY,30M,4D,2,17,3484,,0,1130,,G,,F,6,215,,,17R225,,,,,,0,0,000000000,00000000000,0,0,0,1,0,0,0,0,0,0,0,20,0,0,0,3,6,2,12,0,0,0,1,37,28314,6,1,0,0,3,0,66,999,0,1,0,0,0,2,2011,2,2011,0,38,0,0,0,2,2,55,1,1,2,1,0,0,11,15,1,1,1,68,0,0
37,370460,2,2,2,9,6,12,35,12,6,1,0,37,1,72,706,72706,80,2012,1HD1FCM14CB6,1,H,D,1,F,C,M,1,4,C,B,6,0,M,HD,FTU,RS,12,17,,,,,,,1690,,2,,4,852,,,,,,,0,0,000000000,00000000000,0,0,0,1,0,0,0,0,0,0,0,55,0,0,0,12,6,2,12,0,0,0,1,37,28348,6,1,0,0,3,0,67,999,0,0,0,0,0,0,0,0,0,0,0,0,0,0,3,2,55,1,1,2,1,0,0,1,66,1,1,1,69,1,0