STATE,ST_CASE,VEH_NO,VE_FORMS,NUMOCCS,DAY,MONTH,HOUR,MINUTE,HARM_EV,MAN_COLL,UNITTYPE,HIT_RUN,REG_STAT,OWNER,MAKE,MODEL,MAK_MOD,BODY_TYP,MOD_YEAR,VIN,VIN_1,VIN_2,VIN_3,VIN_4,VIN_5,VIN_6,VIN_7,VIN_8,VIN_9,VIN_10,VIN_11,VIN_12,TOW_VEH,VINTYPE,VINMAKE,VINA_MOD,VIN_BT,VINMODYR,VIN_LNGT,VIN_WGT,WGTCD_TR,WHLBS_LG,WHLBS_SH,SER_TR,FUELCODE,MCYCL_DS,CARBUR,CYLINDER,DISPLACE,MCYCL_CY,MCYCL_WT,TIRE_SZE,TON_RAT,TRK_WT,TRKWTVAR,VIN_REST,WHLDRWHL,J_KNIFE,MCARR_I1,MCARR_I2,MCARR_ID,GVWR,V_CONFIG,CARGO_BT,HAZ_INV,HAZ_PLAC,HAZ_ID,HAZ_CNO,HAZ_REL,BUS_USE,SPEC_USE,EMER_USE,TRAV_SP,UNDERIDE,ROLLOVER,ROLINLOC,IMPACT1,DEFORMED,TOWED,M_HARM,VEH_SC1,VEH_SC2,FIRE_EXP,DR_PRES,L_STATE,DR_ZIP,L_STATUS,L_TYPE,CDL_STAT,L_ENDORS,L_COMPL,L_RESTRI,DR_HGT,DR_WGT,PREV_ACC,PREV_SUS,PREV_DWI,PREV_SPD,PREV_OTH,FIRST_MO,FIRST_YR,LAST_MO,LAST_YR,SPEEDREL,DR_SF1,DR_SF2,DR_SF3,DR_SF4,VTRAFWAY,VNUM_LAN,VSPD_LIM,VALIGN,VPROFILE,VPAVETYP,VSURCOND,VTRAFCON,VTCONT_F,P_CRASH1,P_CRASH2,P_CRASH3,PCRASH4,PCRASH5,ACC_TYPE,DEATHS,DR_DRINK
37,370497,1,1,2,14,6,19,57,34,0,1,0,37,2,20,403,20403,14,2004,1GNCS13X94K1,1,G,N,C,S,1,3,X,9,4,K,1,0,P,CHEV,BZR,UT,4,17,3792,,0,1070,,G,,F,6,262,,,16R235,,,,,,0,0,000000000,00000000000,0,0,0,1,0,0,0,0,0,0,0,60,0,0,0,9,6,2,42,0,0,0,1,37,27542,6,2,0,0,3,2,65,999,0,0,0,0,0,0,0,0,0,1,36,28,58,73,1,2,55,1,1,2,1,0,0,1,6,1,1,4,6,1,0
37,370498,1,1,1,23,6,19,7,1,0,1,0,37,1,72,706,72706,80,2002,1HD1GEV102K4,1,H,D,1,G,E,V,1,0,2,K,4,0,M,HD,FWG,RS,2,17,,,,,,,1450,,2,,4,614,,,,,,,0,0,000000000,00000000000,0,0,0,1,0,0,0,0,0,0,0,65,0,0,0,0,6,2,1,0,0,0,1,37,27591,6,1,0,0,3,0,74,999,0,0,0,0,0,0,0,0,0,0,0,0,0,0,3,4,65,1,1,2,1,0,0,1,9,1,1,2,98,1,1
37,370499,1,1,3,23,6,0,10,5,0,1,0,37,2,12,481,12481,31,1993,1FTDF15H4PNA,1,F,T,D,F,1,5,H,4,P,N,A,0,T,FORD,F15,PK,93,17,,1,1330,1170,COF,G,,,8,351,,,,B,00000,00,A,42,0,0,000000000,00000000000,0,0,0,1,0,0,0,0,0,0,0,40,0,0,0,0,0,3,5,0,0,0,1,37,27524,1,1,0,0,2,0,72,999,0,5,0,0,4,10,2010,5,2012,0,91,0,0,0,1,2,55,1,1,2,2,0,0,1,98,1,1,1,0,1,1
37,370500,1,1,1,28,6,21,44,57,0,1,0,37,1,76,706,76706,80,1999,JYARN02E4XA0,J,Y,A,R,N,0,2,E,4,X,A,0,0,M,YAMA,YFR,RC,99,17,,,,,,,998,,4,,4,390,,,,,,,0,0,000000000,00000000000,0,0,0,1,0,0,0,0,0,0,0,75,0,0,0,12,6,2,57,0,0,0,1,37,27529,6,1,0,0,3,1,63,999,0,0,0,1,2,9,2010,1,2012,0,58,0,0,0,3,4,70,2,2,1,1,0,0,14,10,1,1,4,6,1,1
37,370501,1,2,2,1,6,6,16,12,2,1,0,37,1,35,51,35051,6,2008,JN8AS58V18W1,J,N,8,A,S,5,8,V,1,8,W,1,0,P,NISS,ROG,UT,8,17,3426,,0,1059,,G,,F,4,153,,,16R215,,,,,,0,0,000000000,00000000000,0,0,0,1,0,0,0,0,0,0,0,55,0,0,0,12,6,2,12,0,0,0,1,45,29609,6,1,0,0,3,3,61,115,0,0,0,0,0,0,0,0,0,0,58,0,0,0,1,2,55,3,1,2,1,0,0,14,10,1,1,2,50,1,0
37,370501,2,2,1,1,6,6,16,12,2,1,0,37,3,12,881,12881,61,2008,1FDWF36R98ED,1,F,D,W,F,3,6,R,9,8,E,D,0,T,FORD,F3D,CB,8,17,,3,1650,1410,DRW,D,,,8,390,,,,D,5922,01,U,42,0,88,888888888,88888888888,2,1,97,1,0,0,0,0,0,0,0,55,0,0,0,12,6,2,12,0,0,0,1,37,28521,6,1,0,0,3,0,68,999,0,0,0,0,1,8,2009,8,2009,0,0,0,0,0,1,2,55,2,1,2,1,0,0,14,62,1,1,1,51,0,0
37,370502,1,1,1,14,6,7,2,30,0,1,0,37,1,21,21,21021,4,2003,1G3NL52E63C1,1,G,3,N,L,5,2,E,6,3,C,1,0,P,OLDS,A/G,4D,3,17,3016,,0,1070,,G,,F,6,207,,,15R215,,,,,,0,0,000000000,00000000000,0,0,0,1,0,0,0,0,0,0,0,55,0,0,0,1,6,2,30,0,0,0,1,37,28574,6,1,0,0,3,0,66,999,0,0,0,0,0,0,0,0,0,0,28,0,0,0,1,2,55,3,2,2,1,0,0,14,13,1,1,4,1,1,0
37,370503,1,2,1,7,6,10,2,12,6,1,0,37,2,52,35,52035,2,1997,JA3AY31CXVU0,J,A,3,A,Y,3,1,C,X,V,U,0,0,P,MITS,MLS,2D,97,17,2260,,0,951,,G,,F,4,112,,,14R185,,,,,,0,0,000000000,00000000000,0,0,0,1,0,0,0,0,0,0,0,55,0,0,0,1,6,2,12,0,0,0,1,37,28521,6,1,0,0,3,3,67,999,1,0,0,0,0,9,2010,9,2010,0,39,0,0,0,1,5,55,2,2,2,1,3,3,14,17,1,1,1,87,1,0
37,370503,2,2,1,7,6,10,2,12,6,1,0,37,1,52,402,52402,14,2004,4A4MM31S94E1,4,A,4,M,M,3,1,S,9,4,E,1,0,P,MITS,END,UT,4,17,3902,,0,1083,,G,,F,6,231,,,17R235,,,,,,0,0,000000000,00000000000,0,0,0,1,0,0,0,0,0,0,0,25,0,0,0,12,6,2,12,0,0,0,1,37,28504,6,1,0,0,3,0,62,999,0,0,0,0,0,0,0,0,0,0,0,0,0,0,1,5,35,1,1,2,1,3,3,4,55,1,1,1,86,0,0
37,370504,1,1,1,8,6,18,0,42,0,1,0,48,2,23,401,23401,14,2002,1GKDT13S2222,1,G,K,D,T,1,3,S,2,2,2,2,0,T,GMC,ENV,4W,2,17,,1,0,1130,ENV,G,,,6,256,,,,B,4628,00,K,44,0,0,000000000,00000000000,0,0,0,1,0,0,0,0,0,0,0,70,0,0,0,2,6,2,42,0,0,0,1,37,28168,6,1,0,0,3,0,71,999,0,0,0,0,0,0,0,0,0,1,36,58,0,0,1,2,55,3,1,2,1,0,0,14,6,1,1,4,1,1,1
37,370505,1,2,1,3,6,19,22,12,2,1,0,12,2,7,482,7482,31,2004,1D7HA18N34J2,1,D,7,H,A,1,8,N,3,4,J,2,0,T,DODG,SQ1,CW,4,17,,2,1605,1405,RPC,G,,,8,287,,,,B,4820,01,E,42,0,0,000000000,00000000000,0,0,0,1,0,0,0,0,0,0,0,55,0,0,0,12,6,2,12,0,0,0,1,12,33410,6,1,0,0,3,0,72,999,0,0,0,0,0,0,0,0,0,0,28,0,0,0,1,2,55,2,1,2,1,0,0,14,10,1,1,2,50,0,1
37,370505,2,2,3,3,6,19,22,12,2,1,0,37,1,37,441,37441,20,2003,5FNRL18633B0,5,F,N,R,L,1,8,6,3,3,B,0,0,P,HOND,UDY,SV,3,17,4354,,0,1181,,G,,F,6,212,,,16R225,,,,,,0,0,000000000,00000000000,0,0,0,1,0,0,0,0,0,0,0,55,0,0,0,12,6,2,12,0,0,0,1,37,28752,6,1,0,0,3,0,62,999,0,0,0,0,0,0,0,0,0,0,0,0,0,0,1,2,55,3,1,2,1,0,0,14,62,1,1,1,51,1,0
37,370506,1,1,4,11,6,21,43,8,0,1,0,45,3,12,401,12401,14,2013,1FM5K7F88DGA,1,F,M,5,K,7,F,8,8,D,G,A,0,P,FORD,EPR,UT,13,17,4557,,0,1126,,G,,F,6,214,,,20R255,,,,,,0,0,000000000,00000000000,0,0,0,1,0,0,0,0,0,0,0,45,0,0,0,12,6,2,8,0,0,0,1,37,28613,6,1,0,0,3,0,73,999,3,1,0,2,1,3,2010,12,2011,0,0,0,0,0,2,5,45,1,1,2,2,0,0,1,80,1,1,1,13,0,0
37,370507,1,1,1,4,6,0,27,24,0,1,0,37,2,20,401,20401,14,2002,1GNDT13S2222,1,G,N,D,T,1,3,S,2,2,2,2,0,P,CHEV,TRL,UT,2,17,4628,,0,1130,,G,,F,6,256,,,16R245,,,,,,0,0,000000000,00000000000,0,0,0,1,0,0,0,0,0,0,0,90,0,0,0,2,6,2,59,0,0,1,1,37,28226,4,1,0,0,2,2,69,999,0,3,0,0,1,9,2009,9,2011,1,36,58,74,0,3,5,65,1,1,1,1,0,0,15,6,1,1,4,6,1,1
37,370508,1,1,2,8,6,22,35,8,0,1,0,37,1,49,40,49040,4,1996,4T1BG12K4TU8,4,T,1,B,G,1,2,K,4,T,U,8,0,P,TOYT,DLX,4D,96,17,2932,,0,1031,,G,,F,4,132,,,14R195,,,,,,0,0,000000000,00000000000,0,0,0,1,0,0,0,0,0,0,0,35,0,0,0,12,4,9,8,0,0,0,1,37,28212,6,1,0,0,3,0,60,999,0,0,0,4,0,2,2010,1,2011,0,0,0,0,0,2,5,35,1,1,2,1,3,3,1,80,99,1,1,13,0,0
37,370509,1,1,2,16,6,1,55,8,0,1,1,37,1,20,481,20481,31,2002,1GCHK23112F1,1,G,C,H,K,2,3,1,1,2,F,1,0,T,CHEV,2KH,CW,2,17,,2,1670,1530,SIL,D,,,8,403,,,,C,5753,00,,44,0,0,000000000,00000000000,0,0,0,1,0,0,0,0,0,0,0,999,0,0,0,12,4,1,8,0,0,0,1,37,27107,1,1,0,0,2,0,72,999,2,14,1,1,12,7,2009,9,2011,9,36,0,0,0,2,2,45,1,1,2,1,0,0,1,80,1,1,1,13,0,1
37,370510,1,1,3,27,6,22,43,1,0,1,0,37,1,35,39,35039,4,2004,1N4BA41E04C8,1,N,4,B,A,4,1,E,0,4,C,8,0,P,NISS,MEL,4D,4,17,3310,,0,1112,,G,,F,6,214,,,17R225,,,,,,0,0,000000000,00000000000,0,0,0,1,0,0,0,0,0,0,0,80,0,2,5,0,6,2,1,0,0,0,1,37,27360,6,1,0,0,3,0,70,999,0,2,0,1,1,2,2010,11,2010,1,36,0,0,0,6,1,55,1,1,2,1,0,0,1,6,1,1,4,1,1,1
37,370511,1,2,1,16,6,1,6,12,2,1,0,37,2,2,404,2404,14,2005,1J4GR48K55C6,1,J,4,G,R,4,8,K,5,5,C,6,0,T,JEEP,LCF,4W,5,17,,1,0,1095,GCK,G,,,6,226,,,,,4335,00,E,44,0,0,000000000,00000000000,0,0,0,1,0,0,0,0,0,0,0,81,0,0,0,12,6,2,12,0,0,0,1,37,28104,1,1,0,0,2,0,68,999,0,1,0,0,2,6,2009,10,2009,1,28,36,0,0,1,2,45,2,3,2,1,0,0,14,10,1,1,2,50,0,1
37,370511,2,2,3,16,6,1,6,12,2,1,0,37,1,18,2,18002,4,2002,1G4HP54K5241,1,G,4,H,P,5,4,K,5,2,4,1,0,P,BUIC,LCF,4D,2,17,3567,,0,1122,,G,,F,6,231,,,15R215,,,,,,0,0,000000000,00000000000,0,0,0,1,0,0,0,0,0,0,0,43,0,0,0,12,6,2,12,0,0,0,1,37,28215,6,1,0,0,3,3,67,999,2,0,0,1,0,2,2011,10,2011,0,0,0,0,0,1,2,45,3,3,2,1,0,0,14,62,1,1,1,51,1,0
37,370512,1,1,2,29,6,2,22,42,0,1,0,37,1,35,49,35049,6,2007,JN8AZ08T17W5,J,N,8,A,Z,0,8,T,1,7,W,5,0,P,NISS,MUR,UT,7,17,3723,,0,1112,,G,,F,6,213,,,000000,,,,,,0,0,000000000,00000000000,0,0,0,1,0,0,0,0,0,0,0,65,0,0,0,12,6,2,42,0,0,0,1,37,28205,6,1,0,0,3,0,65,999,0,0,0,0,0,0,0,0,0,1,36,39,0,0,1,2,55,1,1,2,1,20,3,1,14,1,1,4,14,1,1
37,370513,1,1,1,19,6,21,7,1,0,1,0,37,2,20,401,20401,14,1995,1GNDT13W0SK1,1,G,N,D,T,1,3,W,0,S,K,1,0,P,CHEV,BZR,UT,95,17,4071,,0,1070,,G,,F,6,262,,,15R205,,,,,,0,0,000000000,00000000000,0,0,0,1,0,0,0,0,0,0,0,55,0,2,5,0,6,2,42,0,0,0,1,37,27557,6,1,0,0,3,3,63,999,0,0,0,0,0,0,0,0,0,0,0,0,0,0,1,2,55,3,1,2,1,0,0,14,13,1,1,4,1,1,0
37,370514,1,1,1,24,6,21,49,34,0,1,0,37,2,49,499,49499,31,1981,JT4RN34D1B00,J,T,4,R,N,3,4,D,1,B,0,0,0,T,TOYT,R3D,PK,81,17,,1,0,1018,HTP,G,,,4,146,,,,B,2307,01,,42,0,0,000000000,00000000000,0,0,0,1,0,0,0,0,0,0,0,70,0,1,5,12,6,2,1,0,0,0,1,37,27882,6,1,0,0,3,0,72,999,0,0,0,0,0,0,0,0,0,1,36,58,0,0,1,2,55,1,1,2,1,0,0,1,12,1,1,4,6,1,1
37,370515,1,1,1,5,6,7,24,35,0,1,0,37,1,13,1,13001,4,2002,1LNHM82WX2Y6,1,L,N,H,M,8,2,W,X,2,Y,6,0,P,LINC,SIG,4D,2,17,4075,,0,1177,,G,,F,8,281,,,16R225,,,,,,0,0,000000000,00000000000,0,0,0,1,0,0,0,0,0,0,0,50,0,0,0,2,6,2,35,0,0,0,1,37,28429,6,1,0,0,3,0,74,999,2,2,0,0,4,6,2009,10,2011,0,28,58,0,0,1,2,50,1,1,2,1,0,0,1,13,1,1,4,1,1,1
37,370516,1,1,1,17,6,23,21,1,0,1,0,37,1,23,401,23401,14,1997,1GKDT13W4V25,1,G,K,D,T,1,3,W,4,V,2,5,0,T,GMC,JMY,4W,97,17,,1,0,1070,JMY,G,,,6,262,,,,B,4046,00,M,44,0,0,000000000,00000000000,0,0,0,1,0,0,0,0,0,0,0,70,0,2,5,0,6,2,1,0,0,0,1,37,27526,6,1,0,0,3,0,74,999,0,0,0,0,0,0,0,0,0,1,36,58,0,0,2,6,55,1,1,2,1,0,0,1,6,1,1,4,6,1,1
37,370517,1,2,1,13,6,8,7,12,6,1,0,37,3,87,881,87881,63,1996,1XPALA9X5TN3,1,X,P,A,L,A,9,X,5,T,N,3,0,T,PTRB,357,CC,96,17,,8,0,0,CON,D,,,6,638,,,,,00000,00,,64,0,57,1848038,571848038,3,2,4,1,0,0,0,0,0,0,0,55,0,0,0,12,6,2,12,0,0,0,1,37,27850,6,1,6,0,3,3,73,999,0,0,0,0,0,0,0,0,0,0,0,0,0,0,1,2,55,1,1,2,1,0,0,1,17,1,1,1,86,0,0
37,370517,2,2,1,13,6,8,7,12,6,1,0,37,2,12,881,12881,61,1997,1FDKF37H5VEA,1,F,D,K,F,3,7,H,5,V,E,A,0,T,FORD,F35,CB,97,17,,3,1608,1370,COF,G,,,8,351,,,,D,4590,01,A,42,0,88,888888888,88888888888,2,1,98,1,0,0,0,0,0,0,0,20,0,0,0,3,6,2,12,0,0,0,1,37,27870,6,1,0,0,3,3,60,999,0,0,0,0,1,9,2009,9,2009,0,39,0,0,0,1,2,55,1,1,2,1,20,3,1,17,1,1,1,87,1,0
37,370518,1,1,1,11,6,17,40,1,0,1,0,0,0,98,732,98732,90,2010,000000000000,0,0,0,0,0,0,0,0,0,0,0,0,1,,,,,,,,,,,,,,,,,,,,,,,,,2,0,000000000,00000000000,0,0,0,1,0,0,0,0,0,0,0,25,0,2,1,0,9,9,1,0,0,0,1,37,28540,4,1,0,0,1,0,66,999,0,1,0,0,0,3,2011,3,2011,0,0,0,0,0,1,2,45,1,1,2,1,0,0,11,9,1,1,1,98,1,0
37,370519,1,2,1,24,6,2,55,12,2,1,0,37,2,49,33,49033,2,2001,JTDDR32T1101,J,T,D,D,R,3,2,T,1,1,0,1,0,P,TOYT,CGF,2H,1,17,2425,,0,1023,,G,,F,4,109,,,15R195,,,,,,0,0,000000000,00000000000,0,0,0,1,0,0,0,0,0,0,0,55,0,0,0,12,6,2,12,0,0,0,1,37,28409,0,0,0,0,0,0,999,999,0,0,0,0,0,0,0,0,0,0,28,0,0,0,2,4,55,1,1,2,2,0,0,1,10,1,1,2,50,1,1
37,370519,2,2,3,24,6,2,55,12,2,1,0,12,2,7,24,7024,4,2007,2B3KA43GX7H8,2,B,3,K,A,4,3,G,X,7,H,8,0,P,DODG,CTL,4D,7,17,3720,,0,1200,,G,,F,6,214,,,17R215,,,,,,0,0,000000000,00000000000,0,0,0,1,0,0,0,0,0,0,0,55,0,0,0,12,6,2,12,0,0,0,1,12,33076,6,1,0,0,3,0,72,999,0,0,0,0,0,0,0,0,0,0,0,0,0,0,2,4,55,1,1,2,2,0,0,1,62,1,1,1,51,1,0
37,370520,1,1,1,10,6,10,47,9,0,1,0,37,1,37,37,37037,5,2010,JHMZE2H58AS0,J,H,M,Z,E,2,H,5,8,A,S,0,0,P,HOND,ILX,4H,10,17,2723,,0,1004,,B,,F,4,079,,,15R175,,,,,,0,0,000000000,00000000000,0,0,0,1,0,0,0,0,0,0,0,15,0,0,0,3,2,9,9,0,0,0,1,37,28460,6,1,0,0,3,0,75,999,0,0,0,0,0,0,0,0,0,0,38,0,0,0,1,2,45,1,1,2,1,0,0,11,80,1,1,1,13,0,0
37,370521,1,1,1,3,6,0,42,9,0,1,0,37,1,24,1,24001,4,1996,1G8ZF528XTZ3,1,G,8,Z,F,5,2,8,X,T,Z,3,0,P,STRN,SSL,4D,96,17,0,,0,1024,,G,,F,4,116,,,14R175,,,,,,0,0,000000000,00000000000,0,0,0,1,0,0,0,0,0,0,0,55,0,0,0,12,2,9,9,0,0,0,1,37,27516,6,1,0,0,3,0,67,999,0,2,0,0,1,5,2010,2,2011,0,0,0,0,0,1,2,55,3,1,2,1,0,0,14,80,1,1,1,13,0,0
37,370522,1,1,2,1,6,22,18,8,0,1,0,37,1,6,52,6052,6,2004,3C4FY48B54T3,3,C,4,F,Y,4,8,B,5,4,T,3,0,P,CHRY,PTC,SV,4,17,3026,,0,1030,,G,,F,4,148,,,15R195,,,,,,0,0,000000000,00000000000,0,0,0,1,0,0,0,0,0,0,0,55,0,0,0,12,6,2,8,0,0,0,1,37,28560,6,1,0,0,3,0,66,999,1,0,0,0,0,8,2011,8,2011,0,0,0,0,0,2,4,55,1,1,2,1,0,0,1,80,1,1,1,13,0,0
37,370523,1,1,1,10,6,23,12,42,0,1,0,37,1,2,404,2404,14,1990,1J4FJ58L3LL1,1,J,4,F,J,5,8,L,3,L,L,1,0,T,JEEP,LAR,4W,90,17,,1,0,1014,CHK,G,,,6,242,,,,,2939,01,A,44,0,0,000000000,00000000000,0,0,0,1,0,0,0,0,0,0,0,90,0,1,5,12,6,2,42,0,0,1,1,37,27837,6,1,0,0,3,0,63,999,0,0,0,0,1,3,2012,3,2012,1,36,39,0,0,1,2,55,1,1,2,1,20,3,1,14,1,1,4,14,1,1
37,370524,1,1,1,24,6,18,6,8,0,1,0,37,1,12,21,12021,4,2006,1FAFP24166G1,1,F,A,F,P,2,4,1,6,6,G,1,0,P,FORD,5SL,4D,6,17,3664,,0,1129,,G,,F,6,183,,,17R215,,,,,,0,0,000000000,00000000000,0,0,0,1,0,0,0,0,0,0,0,45,0,0,0,12,4,9,8,0,0,0,1,37,27889,6,1,0,0,3,3,66,999,0,0,0,0,0,0,0,0,0,0,0,0,0,0,2,4,55,1,1,2,1,0,0,1,80,1,1,1,13,0,0
37,370525,1,1,5,14,6,0,11,1,0,1,0,37,2,49,401,49401,14,2001,JT3GN86R5102,J,T,3,G,N,8,6,R,5,1,0,2,0,P,TOYT,RUN,UT,1,17,3600,,0,1053,,G,,F,6,206,,,15R225,,,,,,0,0,000000000,00000000000,0,0,0,1,0,0,0,0,0,0,0,70,0,2,1,0,6,2,1,0,0,0,1,37,27317,6,1,0,0,3,0,70,999,0,0,0,0,1,6,2010,6,2010,1,36,0,0,0,1,2,45,3,2,2,1,0,0,14,6,1,1,6,98,1,0
37,370526,1,2,1,12,6,22,52,14,0,1,0,37,1,12,481,12481,31,2007,1FTPW12V77FA,1,F,T,P,W,1,2,V,7,7,F,A,0,T,FORD,F1S,CW,7,17,,2,0,1390,COF,F,,,8,329,,,,B,5176,01,E,42,0,0,000000000,00000000000,0,0,0,1,0,0,0,0,0,0,0,45,0,0,0,6,6,2,42,0,0,0,1,37,27203,6,1,0,0,3,3,72,999,0,0,0,0,0,0,0,0,0,1,36,0,0,0,0,0,0,0,0,0,0,0,0,13,19,1,1,4,92,1,0
37,370526,3,2,2,12,6,22,52,14,0,1,0,37,1,7,442,7442,20,2000,2B4GP24G6YR7,2,B,4,G,P,2,4,G,6,Y,R,7,0,T,DODG,GCV,ES,0,17,,1,0,1193,CAR,F,,,6,201,,,,,3695,00,E,42,0,0,000000000,00000000000,0,0,0,1,0,0,0,0,0,0,0,0,0,0,0,1,2,1,12,0,0,0,1,37,27203,6,1,0,0,3,0,67,999,1,0,0,1,4,1,2010,4,2012,0,0,0,0,0,0,0,0,0,0,0,0,0,0,5,56,1,1,1,98,0,0
37,370527,1,1,1,14,6,17,58,1,0,1,0,37,3,72,706,72706,80,2006,1HD1CGP166K4,1,H,D,1,C,G,P,1,6,6,K,4,0,M,HD,20C,RS,6,17,,,,,,,1200,,2,,4,554,,,,,,,0,0,000000000,00000000000,0,0,0,1,0,0,0,0,0,0,0,55,0,0,0,0,4,9,1,0,0,0,1,37,28372,1,1,0,0,2,0,999,999,0,6,1,0,5,9,2009,7,2011,0,58,0,0,0,1,2,55,3,1,2,1,0,0,14,13,1,1,4,1,1,1
37,370528,1,1,1,16,6,18,43,1,0,1,0,37,1,73,706,73706,80,2009,JKAVN2D149A0,J,K,A,V,N,2,D,1,4,9,A,0,0,M,KAWK,VD9,RS,9,17,,,,,,,903,,2,,4,657,,,,,,,0,0,000000000,00000000000,0,0,0,1,0,0,0,0,0,0,0,55,0,0,0,0,6,2,1,0,0,0,1,37,28352,6,1,0,0,3,3,72,999,1,0,0,0,0,11,2010,11,2010,0,0,0,0,0,1,2,55,3,4,2,1,0,0,14,13,1,1,4,1,1,0
37,370529,1,2,1,14,6,19,45,12,6,1,0,37,1,20,441,20441,20,1996,1GNDM19WXTB1,1,G,N,D,M,1,9,W,X,T,B,1,0,T,CHEV,AST,ES,96,17,,1,0,1110,AST,G,,,6,262,,,,B,3998,00,,42,0,0,000000000,00000000000,0,0,0,1,0,0,0,0,0,0,0,55,0,0,0,12,4,9,12,0,0,0,1,37,28383,6,1,0,0,3,3,71,999,0,0,0,0,0,0,0,0,0,0,0,0,0,0,1,2,55,1,1,2,1,0,0,1,54,1,1,1,88,0,0
37,370529,2,2,1,14,6,19,45,12,6,1,0,92,0,98,709,98709,83,2012,000000000000,0,0,0,0,0,0,0,0,0,0,0,0,0,,,,,,,,,,,,,,,,,,,,,,,,,0,0,000000000,00000000000,0,0,0,1,0,0,0,0,0,0,0,5,0,0,0,9,6,9,12,0,0,0,1,37,28383,0,0,0,0,1,0,999,999,0,0,0,0,0,0,0,0,0,0,38,0,0,0,1,2,55,1,1,2,1,0,0,98,19,1,1,1,89,1,0
37,370530,1,1,3,22,6,1,51,1,0,1,0,40,2,23,421,23421,15,2002,1GKEC13Z22R1,1,G,K,E,C,1,3,Z,2,2,R,1,0,T,GMC,YUK,4W,2,17,,2,0,1160,YUK,F,,,8,325,,,,B,4875,00,K,42,0,0,000000000,00000000000,0,0,0,1,0,0,0,0,0,0,0,70,0,2,1,0,6,2,1,0,0,0,1,37,28376,6,1,0,0,3,0,72,999,0,0,0,0,1,11,2009,11,2009,1,36,0,0,0,1,2,55,3,1,2,1,0,0,14,6,1,1,6,98,1,1
37,370531,1,1,1,15,6,22,5,8,0,1,0,37,1,35,471,35471,30,1987,1N6ND11SXHC3,1,N,6,N,D,1,1,S,X,H,C,3,0,T,NISS,U2S,PK,87,17,,1,0,1043,D21,G,,,4,146,,,,,2629,01,A,42,0,0,000000000,00000000000,0,0,0,1,0,0,0,0,0,0,0,45,0,0,0,12,6,2,8,0,0,0,1,37,28364,6,1,0,0,3,0,71,999,0,0,0,0,1,7,2009,7,2009,0,0,0,0,0,2,9,45,1,1,2,1,0,0,1,80,1,1,1,13,0,0
37,370532,1,2,1,17,6,18,53,12,2,1,1,37,2,24,1,24001,4,1996,1G8ZK5273TZ1,1,G,8,Z,K,5,2,7,3,T,Z,1,0,P,STRN,SL2,4D,96,17,2350,,0,1024,,G,,F,4,116,,,15R185,,,,,,0,0,000000000,00000000000,0,0,0,1,0,0,0,0,0,0,0,55,0,0,0,12,6,2,12,0,0,0,1,37,28147,1,1,0,0,2,0,68,999,0,0,0,0,0,0,0,0,0,1,28,36,91,0,1,2,45,3,2,2,1,0,0,14,10,1,1,2,50,0,1
37,370532,2,2,2,17,6,18,53,12,2,1,0,37,1,72,706,72706,80,2008,1HD1BW5138Y0,1,H,D,1,B,W,5,1,3,8,Y,0,0,M,HD,STC,RS,8,17,,,,,,,1584,,2,,4,750,,,,,,,0,0,000000000,00000000000,0,0,0,1,0,0,0,0,0,0,0,45,0,0,0,12,6,2,12,0,0,0,1,37,28146,6,1,0,0,3,0,73,999,0,0,0,0,0,0,0,0,0,0,0,0,0,0,1,2,45,2,2,2,1,0,0,14,62,1,1,1,51,2,0
37,370533,1,1,1,20,6,6,1,34,0,1,0,37,1,50,706,50706,80,2006,SMT600PK86J2,S,M,T,6,0,0,P,K,8,6,J,2,0,M,TRUM,TST,RC,6,17,,,,,,,1050,,2,,4,462,,,,,,,0,0,000000000,00000000000,0,0,0,1,0,0,0,0,0,0,0,75,0,0,0,12,6,2,1,0,0,0,1,37,28677,6,1,0,0,3,0,65,999,0,0,0,0,0,0,0,0,0,1,36,0,0,0,1,2,55,2,1,2,1,0,0,14,6,1,1,4,6,1,0
37,370534,1,1,1,8,6,8,7,1,0,1,0,37,1,72,706,72706,80,2001,1HD1BJY141Y0,1,H,D,1,B,J,Y,1,4,1,Y,0,0,M,HD,STC,RS,1,17,,,,,,,1450,,2,,4,696,,,,,,,0,0,000000000,00000000000,0,0,0,1,0,0,0,0,0,0,0,50,0,0,0,0,6,2,1,0,0,0,1,37,28446,6,1,6,0,3,3,65,999,0,0,0,0,0,0,0,0,0,0,99,99,99,99,1,2,55,2,1,2,1,0,0,14,10,1,1,2,98,1,0
37,370535,1,1,1,9,6,4,3,42,0,1,0,37,2,20,481,20481,31,1992,1GCEK14K3NE1,1,G,C,E,K,1,4,K,3,N,E,1,0,T,CHEV,GK1,PK,92,17,,2,1315,1175,GM4,G,,,8,350,,,,B,4147,02,,44,0,0,000000000,00000000000,0,0,0,1,0,0,0,0,0,0,0,70,0,0,0,12,6,2,42,0,0,0,1,37,27022,6,1,0,0,3,0,68,999,0,0,0,2,2,8,2009,2,2011,1,36,0,0,0,1,2,55,3,2,2,1,0,0,14,6,1,1,4,1,1,1
37,370536,1,1,1,13,6,21,55,24,0,1,0,37,1,53,706,53706,80,2011,JS1GX72A2B21,J,S,1,G,X,7,2,A,2,B,2,1,0,M,SUZI,GXR,RC,11,17,,,,,,,1340,,4,,4,573,,,,,,,0,0,000000000,00000000000,0,0,0,1,0,0,0,0,0,0,0,50,0,0,0,12,6,2,24,0,0,0,1,37,27017,6,1,0,0,3,0,70,999,1,0,0,2,0,4,2010,6,2011,1,36,0,0,0,1,2,35,3,2,2,1,0,0,14,13,1,1,4,1,1,0