STATE,ST_CASE,VEH_NO,VE_FORMS,NUMOCCS,DAY,MONTH,HOUR,MINUTE,HARM_EV,MAN_COLL,UNITTYPE,HIT_RUN,REG_STAT,OWNER,MAKE,MODEL,MAK_MOD,BODY_TYP,MOD_YEAR,VIN,VIN_1,VIN_2,VIN_3,VIN_4,VIN_5,VIN_6,VIN_7,VIN_8,VIN_9,VIN_10,VIN_11,VIN_12,TOW_VEH,VINTYPE,VINMAKE,VINA_MOD,VIN_BT,VINMODYR,VIN_LNGT,VIN_WGT,WGTCD_TR,WHLBS_LG,WHLBS_SH,SER_TR,FUELCODE,MCYCL_DS,CARBUR,CYLINDER,DISPLACE,MCYCL_CY,MCYCL_WT,TIRE_SZE,TON_RAT,TRK_WT,TRKWTVAR,VIN_REST,WHLDRWHL,J_KNIFE,MCARR_I1,MCARR_I2,MCARR_ID,GVWR,V_CONFIG,CARGO_BT,HAZ_INV,HAZ_PLAC,HAZ_ID,HAZ_CNO,HAZ_REL,BUS_USE,SPEC_USE,EMER_USE,TRAV_SP,UNDERIDE,ROLLOVER,ROLINLOC,IMPACT1,DEFORMED,TOWED,M_HARM,VEH_SC1,VEH_SC2,FIRE_EXP,DR_PRES,L_STATE,DR_ZIP,L_STATUS,L_TYPE,CDL_STAT,L_ENDORS,L_COMPL,L_RESTRI,DR_HGT,DR_WGT,PREV_ACC,PREV_SUS,PREV_DWI,PREV_SPD,PREV_OTH,FIRST_MO,FIRST_YR,LAST_MO,LAST_YR,SPEEDREL,DR_SF1,DR_SF2,DR_SF3,DR_SF4,VTRAFWAY,VNUM_LAN,VSPD_LIM,VALIGN,VPROFILE,VPAVETYP,VSURCOND,VTRAFCON,VTCONT_F,P_CRASH1,P_CRASH2,P_CRASH3,PCRASH4,PCRASH5,ACC_TYPE,DEATHS,DR_DRINK
37,370537,1,1,1,27,6,12,25,34,0,1,0,26,1,37,706,37706,80,2003,1HFSC47033A2,1,H,F,S,C,4,7,0,3,3,A,2,0,M,HOND,GL8,RS,3,17,,,,,,,1832,,6,,4,816,,,,,,,0,0,000000000,00000000000,0,0,0,1,0,0,0,0,0,0,0,30,0,0,0,3,6,2,34,0,0,0,1,26,48313,6,1,0,0,3,0,76,290,1,0,0,0,0,3,2012,3,2012,1,28,0,0,0,1,2,30,3,2,2,1,0,0,14,13,1,1,4,1,1,0
37,370538,1,2,2,2,6,20,26,12,6,1,0,37,2,42,45,42045,1,2001,WDBKK65F51F2,W,D,B,K,K,6,5,F,5,1,F,2,0,P,MERZ,SK3,CV,1,17,3040,,0,946,,G,,F,6,195,,,16R205,,,,,,0,0,000000000,00000000000,0,0,0,1,0,0,0,0,0,0,0,103,0,0,0,9,6,2,12,0,0,0,1,37,28104,6,1,0,0,3,0,72,999,0,0,0,0,0,0,0,0,0,1,28,0,0,0,1,2,35,4,1,2,1,0,0,14,10,1,1,2,64,0,1
37,370538,2,2,2,2,6,20,26,12,6,1,0,37,2,41,37,41037,4,1989,JM1GD2221K17,J,M,1,G,D,2,2,2,1,K,1,7,0,P,MAZD,626,4D,89,17,2590,,0,1014,,G,,F,4,133,,,14R185,,,,,,0,0,000000000,00000000000,0,0,0,1,0,0,0,0,0,0,0,32,0,0,0,12,6,2,12,0,0,0,1,37,28212,6,1,0,0,3,0,67,999,0,0,0,0,0,0,0,0,0,0,0,0,0,0,1,2,35,4,1,2,1,0,0,14,62,1,1,1,65,1,0
37,370539,1,2,2,16,6,17,19,12,6,1,0,37,2,41,441,41441,20,2000,JM3LW28G9Y01,J,M,3,L,W,2,8,G,9,Y,0,1,0,P,MAZD,MWG,SV,0,17,3657,,0,1118,,G,,F,6,152,,,15R205,,,,,,0,0,000000000,00000000000,0,0,0,1,0,0,0,0,0,0,0,60,0,0,0,9,6,2,12,0,0,0,1,37,28112,6,1,0,0,3,0,63,999,0,0,0,0,0,0,0,0,0,0,0,0,0,0,1,2,55,1,1,2,1,20,3,1,17,1,1,1,89,1,0
37,370539,2,2,1,16,6,17,19,12,6,1,0,37,1,49,472,49472,30,2002,5TESN92N22Z0,5,T,E,S,N,9,2,N,2,2,Z,0,0,T,TOYT,XPR,PC,2,17,,1,0,1219,TAC,G,,,6,206,,,,B,3355,00,U,42,0,0,000000000,00000000000,0,0,0,1,0,0,0,0,0,0,0,55,0,9,5,12,6,2,12,0,0,0,1,37,28112,6,1,0,0,3,3,71,999,0,0,0,0,0,0,0,0,0,0,0,0,0,0,1,2,55,1,1,2,1,20,3,1,17,1,1,1,88,0,0
37,370540,1,2,1,8,6,16,5,12,2,1,0,37,1,12,23,12023,4,2007,3FAHP06Z07R2,3,F,A,H,P,0,6,Z,0,7,R,2,0,P,FORD,F/S,4D,7,17,3101,,0,1074,,G,,F,4,140,,,16R205,,,,,,0,0,000000000,00000000000,0,0,0,1,0,0,0,0,0,0,0,45,0,0,0,12,6,2,12,0,0,0,1,37,27610,6,1,0,0,3,0,73,999,0,1,0,0,0,2,2012,2,2012,0,0,0,0,0,1,2,45,1,1,2,1,0,0,1,10,1,1,2,50,0,0
37,370540,2,2,5,8,6,16,5,12,2,1,0,37,2,51,45,51045,4,2000,YV1TS94D6Y10,Y,V,1,T,S,9,4,D,6,Y,1,0,0,P,VOLV,S80,4D,0,17,3589,,0,1099,,G,,F,6,178,,,000000,,,,,,0,0,000000000,00000000000,0,0,0,1,0,0,0,0,0,0,0,40,0,0,0,12,6,2,12,0,0,0,1,37,27529,0,0,0,0,0,0,999,999,0,0,0,0,0,0,0,0,0,0,0,0,0,0,1,2,40,1,1,2,1,0,0,1,62,1,1,1,51,1,0
37,370541,1,2,2,6,6,14,28,12,6,1,0,37,3,98,998,98998,95,9999,999999999999,9,9,9,9,9,9,9,9,9,9,9,9,0,,,,,,,,,,,,,,,,,,,,,,,,,0,0,000000000,00000000000,0,0,0,1,0,0,0,0,0,0,0,5,0,0,0,63,6,2,12,0,0,0,1,37,27616,6,1,0,0,1,0,65,999,0,0,0,0,0,0,0,0,0,0,0,0,0,0,1,2,45,1,1,2,1,21,3,1,17,1,1,1,89,1,0
37,370541,2,2,2,6,6,14,28,12,6,1,0,37,1,20,481,20481,31,2002,1GNDX13E82D2,1,G,N,D,X,1,3,E,8,2,D,2,0,T,CHEV,LUX,ES,2,17,,1,0,1200,VTR,G,,,6,207,,,,B,3838,00,,42,0,0,000000000,00000000000,0,0,0,1,0,0,0,0,0,0,0,45,0,0,0,12,2,1,12,0,0,0,1,37,27882,6,1,0,0,3,3,60,999,1,0,0,1,0,5,2010,9,2010,0,0,0,0,0,1,2,45,1,1,2,1,21,3,1,66,1,1,1,88,0,0
37,370542,1,1,2,10,6,4,20,1,0,1,0,37,2,20,39,20039,4,2010,KL1TD5D59AB0,K,L,1,T,D,5,D,5,9,A,B,0,0,P,CHEV,,,10,17,,,,,,,,,,,,,,,,,,,0,0,000000000,00000000000,0,0,0,1,0,0,0,0,0,0,0,57,0,1,1,0,6,2,1,0,0,0,1,37,27613,6,1,0,0,3,3,71,999,0,0,0,0,0,0,0,0,0,0,0,0,0,0,3,6,55,1,1,2,1,0,0,1,62,7,1,6,98,1,0
37,370543,1,1,1,11,6,0,47,42,0,1,0,37,1,37,706,37706,80,2006,JH2SC57036M2,J,H,2,S,C,5,7,0,3,6,M,2,0,M,HOND,CBS,RC,6,17,,,,,,,998,,4,,4,388,,,,,,,0,0,000000000,00000000000,0,0,0,1,0,0,0,0,0,0,0,60,0,0,0,12,6,2,42,99,99,0,1,37,27616,6,1,6,0,3,3,70,999,0,0,0,0,1,11,2010,11,2010,1,0,0,0,0,6,1,45,4,2,2,1,0,0,14,12,1,1,4,6,1,1
37,370544,1,2,2,9,6,17,10,12,6,1,0,37,2,37,32,37032,4,2006,1HGCM563X6A0,1,H,G,C,M,5,6,3,X,6,A,0,0,P,HOND,ASE,4D,6,17,3197,,0,1079,,G,,F,4,146,,,15R205,,,,,,0,0,000000000,00000000000,0,0,0,1,0,0,0,0,0,0,0,0,0,0,0,3,6,2,12,99,99,0,1,37,27607,0,0,0,0,0,0,62,999,0,0,0,0,0,0,0,0,0,0,38,0,0,0,2,6,45,1,1,2,1,3,3,11,51,1,1,4,82,0,0
37,370544,2,2,1,9,6,17,10,12,6,1,0,37,2,32,399,32399,4,1999,WAUBA24BXXN0,W,A,U,B,A,2,4,B,X,X,N,0,0,P,AUDI,A6Q,4D,99,17,3669,,0,1086,,G,,F,6,169,,,15R195,,,,,,0,0,000000000,00000000000,0,0,0,1,0,0,0,0,0,0,0,45,0,0,0,12,6,2,8,0,0,0,1,37,27612,6,1,0,0,3,0,72,999,0,0,0,0,0,0,0,0,0,0,0,0,0,0,2,6,45,1,1,2,1,3,3,1,51,6,1,4,83,0,0
37,370545,1,2,1,1,6,3,0,12,6,1,0,37,1,49,402,49402,14,1999,JT3GP10VXX70,J,T,3,G,P,1,0,V,X,X,7,0,0,P,TOYT,RV4,UT,99,17,2585,,0,949,,G,,F,4,122,,,16R215,,,,,,0,0,000000000,00000000000,0,0,0,1,0,0,0,0,0,0,0,65,0,1,1,62,6,2,1,0,0,0,1,37,28501,6,1,0,0,3,0,67,999,0,0,0,0,0,0,0,0,0,0,0,0,0,0,3,4,70,1,1,2,1,0,0,1,51,1,1,3,45,0,0
37,370545,2,2,2,1,6,3,0,12,6,1,1,99,9,12,481,12481,31,2001,1FTRX17W61KC,1,F,T,R,X,1,7,W,6,1,K,C,0,T,FORD,F15,4C,1,17,,2,1571,1385,COF,G,,,8,281,,,,B,4204,05,U,42,0,0,000000000,00000000000,0,0,0,1,0,0,0,0,0,0,0,100,0,1,1,1,6,2,1,0,0,0,1,99,99999,9,9,99,9,9,9,999,999,99,99,99,99,99,99,9999,99,9999,9,0,0,0,0,3,4,70,1,1,2,1,0,0,1,11,1,1,2,44,1,0
37,370546,1,2,1,28,6,7,36,12,6,1,0,37,2,24,1,24001,4,2001,1G8ZH52841Z2,1,G,8,Z,H,5,2,8,4,1,Z,2,0,P,STRN,SL1,4D,1,17,2360,,0,1024,,G,,F,4,116,,,14R185,,,,,,0,0,000000000,00000000000,0,0,0,1,0,0,0,0,0,0,0,65,0,0,0,81,6,2,12,0,0,0,1,37,27560,6,1,0,0,3,3,64,999,0,0,0,0,0,0,0,0,0,0,0,0,0,0,3,5,65,1,2,2,1,0,0,15,10,1,1,3,45,1,0
37,370546,2,2,1,28,6,7,36,12,6,1,0,37,1,20,482,20482,31,2005,3GNEK12ZX5G2,3,G,N,E,K,1,2,Z,X,5,G,2,0,T,CHEV,KAV,CW,5,17,,2,0,1300,AVL,F,,,8,323,,,,B,5678,00,,44,0,0,000000000,00000000000,0,0,0,1,0,0,0,0,0,0,0,65,0,0,0,12,6,2,12,0,0,0,1,37,28147,1,1,0,0,2,0,70,999,0,2,0,1,0,2,2012,6,2012,0,0,0,0,0,3,5,65,1,2,2,1,0,0,1,60,1,1,3,44,0,0
37,370547,1,1,1,23,6,22,7,34,0,1,0,37,1,2,403,2403,14,1992,1J4FT28S8NL2,1,J,4,F,T,2,8,S,8,N,L,2,0,T,JEEP,CHK,4W,92,17,,1,0,1014,CHK,G,,,6,242,,,,,2850,01,A,42,0,0,000000000,00000000000,0,0,0,1,0,0,0,0,0,0,0,60,0,2,5,61,6,2,1,0,0,0,1,37,27844,1,1,0,0,2,0,73,999,0,2,1,0,0,6,2010,6,2011,0,0,0,0,0,1,2,45,4,2,2,1,0,0,14,12,1,1,4,6,1,1
37,370548,1,1,5,14,6,22,40,34,0,1,0,37,2,12,471,12471,30,1998,1FTZR15U0WTA,1,F,T,Z,R,1,5,U,0,W,T,A,0,T,FORD,RNS,PC,98,17,,1,0,1259,RNG,G,,,6,182,,,,B,3597,00,E,44,0,0,000000000,00000000000,0,0,0,1,0,0,0,0,0,0,0,55,0,2,5,82,6,2,1,0,0,0,1,37,28607,6,2,0,0,3,0,70,999,0,0,0,0,0,0,0,0,0,0,0,0,0,0,1,2,55,4,2,2,1,0,0,14,13,6,1,4,6,1,1
37,370549,1,1,1,2,6,5,16,42,0,1,0,37,1,12,37,12037,4,2001,1FAFP34301W2,1,F,A,F,P,3,4,3,0,1,W,2,0,P,FORD,FSS,4D,1,17,2563,,0,1030,,G,,F,4,121,,,15R195,,,,,,0,0,000000000,00000000000,0,0,0,1,0,0,0,0,0,0,0,55,0,0,0,61,6,2,42,0,0,0,1,37,28659,6,1,0,0,3,0,66,999,0,0,0,0,0,0,0,0,0,0,0,0,0,0,1,2,55,4,1,2,1,0,0,14,10,1,1,4,6,1,1
37,370550,1,1,1,22,6,14,15,32,0,1,0,37,1,99,709,99709,81,2011,999999999999,9,9,9,9,9,9,9,9,9,9,9,9,0,,,,,,,,,,,,,,,,,,,,,,,,,0,0,000000000,00000000000,0,0,0,1,0,0,0,0,0,0,0,35,0,0,0,12,4,9,32,0,0,0,1,37,27018,1,1,0,0,2,0,69,999,0,3,1,0,0,12,2011,12,2011,0,0,0,0,0,1,2,55,1,1,2,1,0,0,1,13,1,1,4,1,1,1
37,370551,1,1,2,12,3,19,4,34,0,1,0,37,2,20,19,20019,4,1994,1G1LD55M7RY2,1,G,1,L,D,5,5,M,7,R,Y,2,0,P,CHEV,CSA,4D,94,17,2665,,0,1034,,G,,F,6,191,,,14R185,,,,,,0,0,000000000,00000000000,0,0,0,1,0,0,0,0,0,0,0,35,0,0,0,12,6,2,42,0,0,0,1,37,28052,1,1,0,0,2,0,67,999,0,0,0,0,0,0,0,0,0,0,39,0,0,0,1,2,35,1,2,2,1,20,3,1,14,1,1,4,14,1,1
37,370552,1,2,2,21,3,21,2,12,6,1,0,37,1,22,18,22018,4,1997,1G2NE52T7VC8,1,G,2,N,E,5,2,T,7,V,C,8,0,P,PONT,GAS,4D,97,17,2752,,0,1034,,G,,F,4,146,,,14R195,,,,,,0,0,000000000,00000000000,0,0,0,1,0,0,0,0,0,0,0,20,0,0,0,9,6,2,12,0,0,0,1,37,27946,6,1,0,0,3,0,64,999,1,0,0,0,1,11,2009,6,2010,0,39,0,0,0,1,2,55,1,1,2,1,20,3,11,15,1,1,1,82,1,1
37,370552,2,2,1,21,3,21,2,12,6,1,0,51,1,59,33,59033,2,1992,JT8UZ30C9N00,J,T,8,U,Z,3,0,C,9,N,0,0,0,P,LEXS,SC4,CP,92,17,3575,,0,1059,,G,,F,8,242,,,15R215,,,,,,0,0,000000000,00000000000,0,0,0,1,0,0,0,0,0,0,0,55,0,0,0,12,6,2,12,0,0,0,1,51,23434,6,1,0,0,3,0,71,178,0,1,0,0,0,4,2009,4,2009,0,0,0,0,0,1,2,55,1,1,2,1,0,0,1,55,1,1,1,83,0,0
37,370553,1,2,2,11,3,12,56,12,6,1,0,37,1,12,401,12401,14,2002,1FMDU74W72UC,1,F,M,D,U,7,4,W,7,2,U,C,0,P,FORD,EPR,UT,2,17,4388,,0,1137,,G,,F,8,281,,,16R245,,,,,,0,0,000000000,00000000000,0,0,0,1,0,0,0,0,0,0,0,41,0,0,0,12,6,2,12,0,0,0,1,37,27605,6,1,0,0,3,0,72,999,3,0,0,0,2,6,2009,9,2011,0,39,0,0,0,2,4,45,1,1,2,1,3,3,1,17,1,1,1,88,1,0
37,370553,2,2,1,11,3,12,56,12,6,1,0,37,1,23,421,23421,15,2004,1GKEK63U44J2,1,G,K,E,K,6,3,U,4,4,J,2,0,T,GMC,NAL,4W,4,17,,2,0,1160,YUK,G,,,8,364,,,,B,5534,00,4,44,0,0,000000000,00000000000,0,0,0,1,0,0,0,0,0,0,0,12,0,0,0,10,6,2,12,0,0,0,1,37,27609,6,1,0,0,3,0,74,999,0,0,0,0,0,0,0,0,0,0,0,0,0,0,2,4,35,1,1,2,1,3,3,4,17,1,1,1,89,0,0
37,370554,1,1,1,4,6,15,54,53,0,1,0,0,0,98,709,98709,81,2002,000000000000,0,0,0,0,0,0,0,0,0,0,0,0,0,,,,,,,,,,,,,,,,,,,,,,,,,0,0,000000000,00000000000,0,0,0,1,0,0,0,0,0,0,0,20,0,0,0,12,4,9,1,0,0,0,1,37,28306,1,1,0,0,1,0,69,999,0,6,2,0,2,10,2009,2,2012,0,58,0,0,0,1,2,35,1,1,2,1,0,0,1,8,1,1,4,1,1,0
37,370555,1,1,1,9,7,20,20,32,0,1,0,37,2,12,3,12003,2,1997,1FALP404XVF1,1,F,A,L,P,4,0,4,X,V,F,1,0,P,FORD,MUS,CP,97,17,3084,,0,1013,,G,,F,6,232,,,15R205,,,,,,0,0,000000000,00000000000,0,0,0,1,0,0,0,0,0,0,0,55,0,0,0,14,6,2,32,0,0,0,1,37,27258,6,1,0,0,3,0,72,999,0,0,0,1,0,8,2009,8,2009,0,24,0,0,0,1,2,55,1,2,2,6,0,0,1,10,1,1,4,6,1,1
37,370556,1,2,2,3,7,18,13,12,2,1,0,37,2,13,12,13012,4,2003,1LNHM87A93Y6,1,L,N,H,M,8,7,A,9,3,Y,6,0,P,LINC,LLS,4D,3,17,4156,,0,1145,,G,,F,8,240,,,16R225,,,,,,0,0,000000000,00000000000,0,0,0,1,0,0,0,0,0,0,0,85,0,0,0,12,6,2,12,0,0,0,1,37,28681,6,1,0,0,3,0,70,999,0,1,0,1,4,3,2010,5,2012,1,28,36,0,0,1,2,45,2,2,2,1,0,0,14,6,1,1,2,50,0,0
37,370556,2,2,5,3,7,18,13,12,2,1,0,37,2,49,32,49032,4,1990,1NXAE91AXLZ0,1,N,X,A,E,9,1,A,X,L,Z,0,0,P,TOYT,COA,4D,90,17,2390,,0,957,,G,,F,4,097,,,000000,,,,,,0,0,000000000,00000000000,0,0,0,1,0,0,0,0,0,0,0,45,0,0,0,12,6,2,12,0,0,0,1,37,28645,1,1,0,0,2,0,71,999,0,0,0,0,1,6,2010,6,2010,0,0,0,0,0,1,2,45,3,2,2,1,0,0,14,62,1,1,1,51,2,0
37,370557,1,2,1,15,7,10,51,12,2,1,0,37,2,6,441,6441,20,2007,2A4GP54L47R3,2,A,4,G,P,5,4,L,4,7,R,3,0,T,CHRY,TOU,ES,7,17,,1,0,1193,TWC,G,,,6,230,,,,B,4267,00,,42,0,0,000000000,00000000000,0,0,0,1,0,0,0,0,0,0,0,55,0,0,0,12,6,2,12,0,0,0,1,37,28170,6,1,0,0,3,3,61,999,1,0,0,0,0,3,2012,3,2012,0,28,0,0,0,1,2,55,2,2,2,1,0,0,14,10,1,1,2,50,0,0
37,370557,2,2,5,15,7,10,51,12,2,1,0,37,1,32,43,32043,4,2001,WAUDC68D41A0,W,A,U,D,C,6,8,D,4,1,A,0,0,P,AUDI,41Q,4D,1,17,3155,,0,1026,,G,,T,4,109,,,15R205,,,,,,0,0,000000000,00000000000,0,0,0,1,0,0,0,0,0,0,0,55,0,0,0,12,6,2,12,0,0,0,1,37,28007,6,1,0,0,3,0,76,999,0,0,0,0,0,0,0,0,0,0,0,0,0,0,1,2,55,3,2,2,1,0,0,14,62,1,1,1,51,4,0
37,370558,1,1,3,17,7,15,44,34,0,1,0,37,1,12,422,12422,15,2003,1FMFU18L23LB,1,F,M,F,U,1,8,L,2,3,L,B,0,P,FORD,EPT,UT,3,17,5686,,0,1191,,G,,F,8,330,,,17R265,,,,,,0,0,000000000,00000000000,0,0,0,1,0,0,0,0,0,0,0,75,0,1,5,14,6,2,1,0,0,0,1,37,28133,6,1,0,0,3,0,70,999,1,0,0,0,1,10,2011,11,2011,1,28,36,0,0,1,2,55,3,1,2,1,0,0,14,6,1,1,4,1,1,0
37,370559,1,3,2,24,7,10,34,72,0,1,0,45,2,20,481,20481,31,1997,1GCHC33R7VF0,1,G,C,H,C,3,3,R,7,V,F,0,0,T,CHEV,GC3,CW,97,17,,2,0,1685,GM4,G,,,8,350,,,,D,00000,00,,42,0,0,000000000,00000000000,0,0,0,1,0,0,0,0,0,0,0,60,0,0,0,0,6,2,72,0,0,0,1,45,29316,1,1,5,0,2,0,74,220,0,3,0,0,0,8,2010,5,2011,0,24,0,0,0,1,2,55,1,2,2,1,0,0,1,98,1,1,2,0,0,0
37,370559,2,3,1,24,7,10,34,72,0,1,0,37,1,2,403,2403,14,2011,1J4GA5D15BL5,1,J,4,G,A,5,D,1,5,B,L,5,0,T,JEEP,SAH,2W,11,17,,1,0,954,WRA,G,,,6,230,,,,,3951,00,R,44,0,0,000000000,00000000000,0,0,0,1,0,0,0,0,0,0,0,40,0,0,0,12,6,2,54,0,0,0,1,12,33547,6,1,0,0,3,0,67,999,0,0,0,0,0,0,0,0,0,0,0,0,0,0,1,2,55,1,2,2,1,0,0,1,98,1,1,1,98,1,0
37,370559,3,3,1,24,7,10,34,72,0,1,0,37,3,49,472,49472,30,2006,5TEUX42N56Z2,5,T,E,U,X,4,2,N,5,6,Z,2,0,T,TOYT,ACC,PC,6,17,,1,0,1219,TAC,G,,,4,164,,,,B,3875,00,U,44,0,0,000000000,00000000000,0,0,0,1,0,0,0,0,0,0,0,45,0,0,0,12,4,9,54,0,0,0,1,37,28630,6,1,0,0,3,0,73,999,0,0,0,0,0,0,0,0,0,0,0,0,0,0,1,2,55,1,2,2,1,0,0,1,98,1,1,1,98,0,0
37,370560,1,1,5,8,7,19,17,1,0,1,0,37,1,2,404,2404,14,2000,1J4G248S3YC3,1,J,4,G,2,4,8,S,3,Y,C,3,0,T,JEEP,LRO,4W,0,17,,1,0,1059,GCK,G,,,6,244,,,,,3664,00,E,42,0,0,000000000,00000000000,0,0,0,1,0,0,0,0,0,0,0,60,0,2,5,0,6,2,1,0,0,0,1,37,27889,6,1,0,0,3,3,68,999,0,0,0,0,0,0,0,0,0,1,36,28,0,0,1,2,55,3,1,2,1,0,0,14,6,1,1,4,14,1,0
37,370561,1,2,1,29,7,17,37,12,6,1,0,37,1,14,401,14401,14,2004,4M2ZU86K94UJ,4,M,2,Z,U,8,6,K,9,4,U,J,0,P,MERC,MOU,UT,4,17,4433,,0,1138,,F,,F,6,245,,,16R235,,,,,,0,0,000000000,00000000000,0,0,0,1,0,0,0,0,0,0,0,30,0,0,0,12,6,2,12,0,0,0,1,37,27983,6,1,0,0,3,0,71,999,0,0,0,0,0,0,0,0,0,0,38,0,0,0,2,4,55,1,1,2,1,3,3,11,15,1,1,1,68,0,0
37,370561,2,2,1,29,7,17,37,12,6,1,0,37,1,13,1,13001,4,2001,1LNHM81W01Y6,1,L,N,H,M,8,1,W,0,1,Y,6,0,P,LINC,EXC,4D,1,17,4057,,0,1177,,G,,F,8,281,,,16R225,,,,,,0,0,000000000,00000000000,0,0,0,1,0,0,0,0,0,0,0,55,0,0,0,10,6,2,12,0,0,1,1,37,27608,6,1,0,0,3,0,66,999,0,0,0,0,0,0,0,0,0,0,0,0,0,0,2,4,55,1,1,2,1,3,3,1,17,1,1,1,69,1,0
37,370562,1,1,1,4,7,19,18,59,0,1,0,37,1,20,401,20401,14,1999,1GNCT18W0XK2,1,G,N,C,T,1,8,W,0,X,K,2,0,P,CHEV,BZR,UT,99,17,3814,,0,1005,,G,,F,6,262,,,15R205,,,,,,0,0,000000000,00000000000,0,0,0,1,0,0,0,0,0,0,0,55,0,0,0,12,6,2,32,0,0,0,1,37,28420,6,1,0,0,3,0,69,999,0,0,0,0,0,0,0,0,0,0,28,0,0,0,1,2,55,1,1,2,1,0,0,1,10,1,1,4,6,1,0
37,370563,1,1,2,27,7,22,4,8,0,1,0,37,1,23,401,23401,14,1999,1GKDT13WXX29,1,G,K,D,T,1,3,W,X,X,2,9,0,T,GMC,ENV,4W,99,17,,1,0,1070,ENV,G,,,6,262,,,,B,4049,00,E,44,0,0,000000000,00000000000,0,0,0,1,0,0,0,0,0,0,0,55,0,0,0,12,6,2,8,0,0,0,1,37,28461,6,1,0,0,3,2,62,999,0,0,0,0,1,12,2010,12,2010,0,28,74,0,0,1,2,35,1,1,2,1,0,0,1,80,1,1,2,13,0,1
37,370564,1,1,1,27,7,20,44,43,0,1,0,37,1,23,481,23481,31,1990,1GTGK24K8LE5,1,G,T,G,K,2,4,K,8,L,E,5,0,T,GMC,SK2,PK,90,17,,2,1415,1315,SIE,G,,,8,350,,,,C,4348,10,A,44,0,0,000000000,00000000000,0,0,0,1,0,0,0,0,0,0,0,60,0,0,0,12,6,2,21,0,0,0,1,37,27244,6,1,6,0,3,0,70,999,0,0,0,0,0,0,0,0,0,1,36,0,0,0,1,2,55,3,2,2,1,0,0,14,6,1,1,4,1,1,1
37,370565,1,1,1,5,7,10,30,39,0,1,0,37,1,7,461,7461,21,2002,2B7HB11Y52K1,2,B,7,H,B,1,1,Y,5,2,K,1,0,T,DODG,15B,CG,2,17,,2,1272,1093,RMV,G,,,8,318,,,,B,00000,00,E,42,0,0,000000000,00000000000,0,0,0,1,0,0,0,0,0,0,0,40,0,0,0,12,6,2,39,0,0,0,1,37,28601,6,1,0,0,3,0,69,999,0,0,0,0,0,0,0,0,0,0,99,99,99,99,1,2,45,3,2,2,99,0,0,14,13,1,1,4,1,1,1
37,370566,1,2,1,29,7,14,16,12,1,1,0,37,1,76,706,76706,80,2010,JYAVP22E5AA0,J,Y,A,V,P,2,2,E,5,A,A,0,0,M,YAMA,XCT,RS,10,17,,,,,,,1854,,2,,4,758,,,,,,,0,0,000000000,00000000000,0,0,0,1,0,0,0,0,0,0,0,0,0,0,0,6,6,2,12,0,0,0,1,37,27040,6,1,0,0,2,0,66,999,0,0,0,0,0,0,0,0,0,0,0,0,0,0,1,4,45,1,2,2,1,3,3,4,98,1,1,1,21,1,0
37,370566,2,2,1,29,7,14,16,12,1,1,0,37,1,54,421,54421,15,2002,2HNYD18262H5,2,H,N,Y,D,1,8,2,6,2,H,5,0,P,ACUR,MDX,UT,2,17,4374,,0,1063,,G,,F,6,212,,,17R235,,,,,,0,0,000000000,00000000000,0,0,0,1,0,0,0,0,0,0,0,45,0,0,0,12,6,2,12,0,0,0,1,37,28681,6,1,0,0,3,0,64,999,1,0,0,1,1,8,2010,5,2012,1,36,0,0,0,1,4,45,1,2,2,1,3,3,1,50,1,1,1,20,0,0
37,370568,1,1,2,5,7,22,9,35,0,1,0,37,2,37,32,37032,4,2002,1HGCG16572A0,1,H,G,C,G,1,6,5,7,2,A,0,0,P,HOND,UEX,4D,2,17,3329,,0,1069,,G,,F,6,183,,,15R205,,,,,,0,0,000000000,00000000000,0,0,0,1,0,0,0,0,0,0,0,65,0,0,0,12,6,2,42,0,0,0,1,37,27312,1,1,0,0,2,0,73,999,0,5,0,0,6,7,2009,5,2012,0,58,0,0,0,1,2,55,1,1,2,1,0,0,1,10,1,1,4,6,1,0
37,370569,1,2,2,28,7,17,54,12,2,1,0,37,2,6,51,6051,4,2005,2C3JA53G65H6,2,C,3,J,A,5,3,G,6,5,H,6,0,P,CHRY,3TR,4D,5,17,3675,,0,1200,,G,,F,6,214,,,17R215,,,,,,0,0,000000000,00000000000,0,0,0,1,0,0,0,0,0,0,0,45,0,0,0,12,6,2,12,0,0,0,1,37,28021,6,1,0,0,3,3,71,999,0,0,0,0,1,1,2010,1,2010,0,28,0,0,0,1,2,45,1,1,2,1,0,0,1,10,1,1,2,50,0,0
37,370569,2,2,1,28,7,17,54,12,2,1,0,37,2,41,37,41037,4,1996,1YVGE22C9T55,1,Y,V,G,E,2,2,C,9,T,5,5,0,P,MAZD,UDL,4D,96,17,2749,,0,1028,,G,,F,4,122,,,14R195,,,,,,0,0,000000000,00000000000,0,0,0,1,0,0,0,0,0,0,0,40,0,0,0,12,6,2,12,0,0,0,1,37,28152,6,1,0,0,3,0,66,999,1,0,0,0,0,6,2010,6,2010,0,0,0,0,0,1,2,45,1,1,2,1,0,0,1,62,1,1,1,51,1,0
37,370570,1,2,2,6,7,16,0,12,6,1,0,37,1,13,2,13002,2,1994,1LNLM91VXRY7,1,L,N,L,M,9,1,V,X,R,Y,7,0,P,LINC,MK8,CP,94,17,3768,,0,1130,,G,,F,8,281,,,16R225,,,,,,0,0,000000000,00000000000,0,0,0,1,0,0,0,0,0,0,0,55,0,0,0,12,6,2,12,0,0,0,1,37,28328,6,1,0,0,3,3,70,999,0,0,0,0,0,0,0,0,0,0,28,0,0,0,1,2,55,1,1,2,1,0,0,1,10,1,1,2,65,1,0