STATE,ST_CASE,VEH_NO,VE_FORMS,NUMOCCS,DAY,MONTH,HOUR,MINUTE,HARM_EV,MAN_COLL,UNITTYPE,HIT_RUN,REG_STAT,OWNER,MAKE,MODEL,MAK_MOD,BODY_TYP,MOD_YEAR,VIN,VIN_1,VIN_2,VIN_3,VIN_4,VIN_5,VIN_6,VIN_7,VIN_8,VIN_9,VIN_10,VIN_11,VIN_12,TOW_VEH,VINTYPE,VINMAKE,VINA_MOD,VIN_BT,VINMODYR,VIN_LNGT,VIN_WGT,WGTCD_TR,WHLBS_LG,WHLBS_SH,SER_TR,FUELCODE,MCYCL_DS,CARBUR,CYLINDER,DISPLACE,MCYCL_CY,MCYCL_WT,TIRE_SZE,TON_RAT,TRK_WT,TRKWTVAR,VIN_REST,WHLDRWHL,J_KNIFE,MCARR_I1,MCARR_I2,MCARR_ID,GVWR,V_CONFIG,CARGO_BT,HAZ_INV,HAZ_PLAC,HAZ_ID,HAZ_CNO,HAZ_REL,BUS_USE,SPEC_USE,EMER_USE,TRAV_SP,UNDERIDE,ROLLOVER,ROLINLOC,IMPACT1,DEFORMED,TOWED,M_HARM,VEH_SC1,VEH_SC2,FIRE_EXP,DR_PRES,L_STATE,DR_ZIP,L_STATUS,L_TYPE,CDL_STAT,L_ENDORS,L_COMPL,L_RESTRI,DR_HGT,DR_WGT,PREV_ACC,PREV_SUS,PREV_DWI,PREV_SPD,PREV_OTH,FIRST_MO,FIRST_YR,LAST_MO,LAST_YR,SPEEDREL,DR_SF1,DR_SF2,DR_SF3,DR_SF4,VTRAFWAY,VNUM_LAN,VSPD_LIM,VALIGN,VPROFILE,VPAVETYP,VSURCOND,VTRAFCON,VTCONT_F,P_CRASH1,P_CRASH2,P_CRASH3,PCRASH4,PCRASH5,ACC_TYPE,DEATHS,DR_DRINK
37,370603,1,2,1,23,7,18,9,12,2,1,0,37,3,87,881,87881,66,1988,1XP5DB9XXJN2,1,X,P,5,D,B,9,X,X,J,N,2,1,T,PTRB,379,TR,88,17,,8,0,0,CON,D,,,6,893,,,,,00000,00,,64,1,57,845146,57845146,3,6,3,1,0,0,0,0,0,0,0,45,0,0,0,12,6,2,12,0,0,0,1,37,28739,6,1,6,1,3,3,72,999,0,0,0,0,0,0,0,0,0,0,0,0,0,0,1,5,45,1,2,2,1,0,0,1,54,1,1,3,51,0,0
37,370603,2,2,2,23,7,18,9,12,2,1,0,37,2,12,481,12481,31,1994,1FTEF14N5RNB,1,F,T,E,F,1,4,N,5,R,N,B,0,T,FORD,F15,PK,94,17,,2,1330,1170,COF,G,,,8,302,,,,B,3886,01,M,44,0,0,000000000,00000000000,0,0,0,1,0,0,0,0,0,0,0,45,0,0,0,12,6,2,12,0,0,0,1,37,28792,6,1,0,0,3,0,70,999,0,0,0,0,0,0,0,0,0,0,0,0,0,0,1,5,45,1,2,2,1,0,0,1,10,1,1,2,50,1,0
37,370604,1,1,1,25,7,11,20,34,0,1,0,37,1,30,47,30047,9,2007,3VWSF31Y57M4,3,V,W,S,F,3,1,Y,5,7,M,4,0,P,VOLK,CP2,CV,7,17,3153,,0,989,,G,,F,5,151,,,17R225,,,,,,0,0,000000000,00000000000,0,0,0,1,0,0,0,0,0,0,0,55,0,1,5,12,6,2,1,0,0,0,1,37,28357,6,1,0,0,3,0,74,999,0,0,0,0,1,8,2011,8,2011,0,0,0,0,0,1,2,55,4,1,2,1,0,0,14,12,1,1,4,6,1,1
37,370605,1,1,1,11,7,17,26,31,0,1,0,37,1,98,709,98709,81,2010,999999999999,9,9,9,9,9,9,9,9,9,9,9,9,0,,,,,,,,,,,,,,,,,,,,,,,,,0,0,000000000,00000000000,0,0,0,1,0,0,0,0,0,0,0,25,0,0,0,81,6,2,31,0,0,0,1,37,28115,1,1,0,0,1,0,72,999,0,1,0,0,0,11,2011,11,2011,0,0,0,0,0,1,2,25,1,1,1,1,0,0,1,13,1,1,4,1,1,1
37,370606,1,1,1,25,7,16,5,43,0,1,0,37,1,98,709,98709,81,2011,999999999999,9,9,9,9,9,9,9,9,9,9,9,9,0,,,,,,,,,,,,,,,,,,,,,,,,,0,0,000000000,00000000000,0,0,0,1,0,0,0,0,0,0,0,30,0,0,0,12,6,2,43,0,0,0,1,37,28677,1,1,0,0,1,0,72,999,0,0,0,0,0,0,0,0,0,0,0,0,0,0,1,2,35,4,1,2,1,0,0,14,90,1,1,1,12,1,1
37,370607,1,1,1,8,7,10,33,32,0,1,0,37,1,53,705,53705,80,2007,JS1GN7DA8721,J,S,1,G,N,7,D,A,8,7,2,1,0,M,SUZI,G60,RC,7,17,,,,,,,599,,4,,4,354,,,,,,,0,0,000000000,00000000000,0,0,0,1,0,0,0,0,0,0,0,80,0,0,0,12,6,2,32,0,0,0,1,37,27520,0,0,0,0,0,0,68,999,0,0,0,0,0,0,0,0,0,0,0,0,0,0,1,2,55,4,2,2,1,0,0,14,12,1,1,4,6,1,0
37,370608,1,2,2,26,7,8,35,12,6,1,0,37,3,84,881,84881,62,2002,1HTMMAAL02H5,1,H,T,M,M,A,A,L,0,2,H,5,0,T,INTL,430,CC,2,17,,6,0,0,40S,D,,,6,466,,,,,00000,00,,42,0,57,1678792,571678792,2,1,1,1,0,0,0,0,0,0,0,55,7,1,1,12,6,2,1,0,0,0,1,37,28110,6,1,0,0,3,0,68,999,1,0,0,1,0,3,2012,5,2012,0,39,0,0,0,1,4,55,1,1,2,1,20,3,1,55,1,1,4,65,0,0
37,370608,2,2,2,26,7,8,35,12,6,1,0,37,1,6,52,6052,1,2004,3C8FY68B34T3,3,C,8,F,Y,6,8,B,3,4,T,3,0,P,CHRY,PTC,SV,4,17,3105,,0,1030,,G,,F,4,148,,,16R205,,,,,,0,0,000000000,00000000000,0,0,0,1,0,0,0,0,0,0,0,55,0,0,0,63,6,2,34,0,0,0,1,37,28334,6,1,0,0,3,0,72,999,0,0,0,0,0,0,0,0,0,0,0,0,0,0,1,4,55,1,1,2,1,20,3,1,55,1,1,4,64,1,0
37,370609,1,2,1,31,7,12,22,12,2,1,0,37,1,7,482,7482,31,2005,1D7HA16D15J5,1,D,7,H,A,1,6,D,1,5,J,5,0,T,DODG,S15,PK,5,17,,2,1405,1205,RPC,G,,,8,348,,,,B,4318,01,E,42,0,0,000000000,00000000000,0,0,0,1,0,0,0,0,0,0,0,60,0,0,0,12,6,2,12,0,0,0,1,37,28779,6,1,0,0,3,0,74,999,0,0,0,0,0,0,0,0,0,0,0,0,0,0,1,5,55,1,2,2,1,0,0,1,10,1,1,2,62,0,0
37,370609,2,2,2,31,7,12,22,12,2,1,0,37,1,7,482,7482,31,2007,1D7HU16257J5,1,D,7,H,U,1,6,2,5,7,J,5,0,T,DODG,S15,PK,7,17,,2,1405,1205,RPC,G,,,8,348,,,,B,4824,02,E,44,0,0,000000000,00000000000,0,0,0,1,0,0,0,0,0,0,0,60,0,0,0,12,6,2,12,0,0,0,1,37,28734,6,1,0,0,3,3,71,999,0,0,0,0,0,0,0,0,0,0,0,0,0,0,1,5,55,1,2,2,1,0,0,1,54,6,2,2,62,1,0
37,370610,1,2,2,7,7,12,40,12,6,1,0,13,1,42,999,42999,49,2012,WDDKJ5KB5CF1,W,D,D,K,J,5,K,B,5,C,F,1,0,P,MERZ,ESD,CP,12,17,3759,,0,1087,,G,,F,6,213,,,17R235,,,,,,0,0,000000000,00000000000,0,0,0,1,0,0,0,0,0,0,0,15,0,0,0,63,6,2,12,0,0,0,1,13,30525,6,1,0,0,3,0,72,205,0,0,0,0,0,0,0,0,0,0,0,0,0,0,2,4,45,1,1,2,1,0,0,4,15,1,1,2,89,1,0
37,370610,2,2,2,7,7,12,40,12,6,1,0,13,1,7,482,7482,31,2002,1B7HA18N72J1,1,B,7,H,A,1,8,N,7,2,J,1,0,T,DODG,Q15,CW,2,17,,2,1605,1405,RPC,G,,,8,287,,,,B,4747,01,E,42,0,0,000000000,00000000000,0,0,0,1,0,0,0,0,0,0,0,50,0,0,0,12,6,2,12,0,0,0,1,13,30171,6,1,6,0,3,0,73,240,98,0,0,0,0,0,0,0,0,0,0,0,0,0,2,4,50,1,1,2,1,0,0,1,55,3,2,1,88,0,0
37,370611,1,1,1,1,7,7,31,34,0,1,0,37,2,22,18,22018,4,2000,1G2NF52E8YC5,1,G,2,N,F,5,2,E,8,Y,C,5,0,P,PONT,SE1,4D,0,17,3116,,0,1070,,G,,F,6,207,,,15R215,,,,,,0,0,000000000,00000000000,0,0,0,1,0,0,0,0,0,0,0,65,0,1,5,12,6,2,1,0,0,0,1,37,27957,6,1,0,0,3,0,70,999,1,0,0,0,0,11,2010,11,2010,0,28,58,0,0,1,2,55,3,2,2,1,0,0,14,13,1,1,4,1,1,0
37,370612,1,5,2,13,7,13,47,12,1,1,0,45,3,82,881,82881,66,2005,1FUJBBCK85LN,1,F,U,J,B,B,C,K,8,5,L,N,1,T,FRHT,ST2,TR,5,17,,8,0,0,CON,D,,,6,858,,,,,00000,00,,64,1,57,35568,5735568,3,6,1,1,0,0,0,0,0,0,0,55,0,0,0,12,6,2,2,0,0,1,1,37,28025,6,1,6,0,3,0,69,999,1,0,0,0,2,8,2009,6,2012,1,0,0,0,0,3,5,60,1,1,2,1,0,0,1,52,1,1,1,28,0,0
37,370612,2,5,1,13,7,13,47,12,1,1,0,37,1,38,401,38401,14,1995,JACDJ58V7S79,J,A,C,D,J,5,8,V,7,S,7,9,0,P,ISU,TRO,UT,95,17,0,,0,1087,,G,,F,6,195,,,16R245,,,,,,0,0,000000000,00000000000,0,0,0,1,0,0,0,0,0,0,0,55,0,0,0,6,6,2,12,0,0,1,1,37,27806,6,1,0,0,3,0,61,999,1,0,0,0,0,2,2011,2,2011,0,0,0,0,0,3,5,60,1,1,2,1,0,0,2,53,1,1,1,29,1,0
37,370612,3,5,2,13,7,13,47,12,1,1,0,37,1,13,401,13401,14,2005,5LMEU88H35ZJ,5,L,M,E,U,8,8,H,3,5,Z,J,0,P,LINC,AVI,UT,5,17,4975,,0,1137,,G,,F,8,281,,,17R245,,,,,,0,0,000000000,00000000000,0,0,0,1,0,0,0,0,0,0,0,55,0,0,0,6,6,2,12,0,0,0,1,37,28655,0,0,0,0,0,0,999,999,0,0,0,0,1,2,2012,2,2012,0,0,0,0,0,3,5,60,1,1,2,1,0,0,2,53,1,1,1,98,0,0
37,370612,4,5,1,13,7,13,47,12,1,1,0,37,1,2,404,2404,14,1999,1J4G258SXXC6,1,J,4,G,2,5,8,S,X,X,C,6,0,T,JEEP,LRO,4W,99,17,,1,0,1059,GCK,G,,,6,242,,,,,3632,00,E,42,0,0,000000000,00000000000,0,0,0,1,0,0,0,0,0,0,0,55,0,0,0,6,6,2,12,0,0,0,1,37,28226,6,1,0,0,3,3,65,999,0,0,0,0,0,0,0,0,0,0,0,0,0,0,3,5,60,1,1,2,1,0,0,2,53,1,1,1,98,0,0
37,370612,5,5,1,13,7,13,47,12,1,1,0,37,1,37,402,37402,14,2010,5J6RE3H74AL0,5,J,6,R,E,3,H,7,4,A,L,0,0,P,HOND,CRV,UT,10,17,3430,,0,1031,,G,,F,4,146,,,17R225,,,,,,0,0,000000000,00000000000,0,0,0,1,0,0,0,0,0,0,0,55,0,0,0,6,6,2,2,0,0,1,1,37,28216,6,1,0,0,3,3,64,999,0,0,0,0,0,0,0,0,0,0,0,0,0,0,3,5,60,1,1,2,1,0,0,2,53,1,1,1,98,0,0
37,370613,1,1,2,21,7,3,7,8,0,1,0,37,4,6,52,6052,6,2008,3A8FY48BX8T1,3,A,8,F,Y,4,8,B,X,8,T,1,0,P,CHRY,PTC,SV,8,17,3076,,0,1030,,G,,F,4,148,,,15R195,,,,,,0,0,000000000,00000000000,0,0,0,1,0,0,0,0,0,0,0,37,0,0,0,12,4,1,8,0,0,0,1,37,28214,6,1,0,0,3,3,66,999,0,1,0,0,2,12,2009,5,2011,0,0,0,0,0,1,4,35,1,1,2,1,0,0,1,80,1,1,1,13,0,1
37,370614,1,1,1,20,7,20,33,8,0,1,0,4,1,55,35,55035,4,2006,KMHDN46D16U2,K,M,H,D,N,4,6,D,1,6,U,2,0,P,HYUN,GTL,4D,6,17,2784,,0,1027,,G,,F,4,121,,,15R195,,,,,,0,0,000000000,00000000000,0,0,0,1,0,0,0,0,0,0,0,45,0,0,0,12,6,2,8,0,0,0,1,4,85710,6,1,0,0,3,0,68,145,0,0,0,0,0,0,0,0,0,0,27,0,0,0,1,4,35,1,1,2,2,0,0,17,13,7,1,4,1,0,0
37,370615,1,2,1,22,7,3,52,12,2,1,0,45,1,59,35,59035,4,2007,JTHCK2626750,J,T,H,C,K,2,6,2,6,7,5,0,0,P,LEXS,A25,4D,7,17,3651,,0,1074,,G,,F,6,153,,,17R225,,,,,,0,0,000000000,00000000000,0,0,0,1,0,0,0,0,0,0,0,70,0,0,0,12,6,2,12,0,0,0,1,45,29650,6,1,0,0,3,0,64,145,1,0,0,3,0,6,2010,3,2012,1,51,0,0,0,3,2,45,1,1,2,1,0,0,1,54,6,1,2,50,1,1
37,370615,2,2,1,22,7,3,52,12,2,1,0,37,2,20,431,20431,16,2001,3GNFK16T61G2,3,G,N,F,K,1,6,T,6,1,G,2,0,P,CHEV,K15,UT,1,17,5123,,0,1300,,G,,F,8,325,,,16R245,,,,,,0,0,000000000,00000000000,0,0,0,1,0,0,0,0,0,0,0,45,0,0,0,12,6,2,12,0,0,0,1,37,28269,0,0,0,0,0,0,68,999,0,0,0,0,0,0,0,0,0,0,0,0,0,0,3,2,45,1,1,2,1,0,0,1,54,7,1,1,51,0,1
37,370616,1,1,2,25,7,0,16,24,0,1,0,18,3,82,881,82881,66,2013,1FUJGLDR2DSB,1,F,U,J,G,L,D,R,2,D,S,B,1,T,FRHT,125,TR,13,17,,8,0,0,CSC,D,,,6,903,,,,,00000,00,,64,1,57,264184,57264184,3,6,1,1,0,0,0,0,0,0,0,74,0,1,5,5,6,2,24,0,0,0,1,95,0,9,9,99,9,9,9,999,999,99,99,99,99,99,99,9999,99,9999,1,36,0,0,0,6,2,65,3,1,2,1,0,0,14,13,1,1,4,1,1,0
37,370617,1,1,1,27,7,10,40,21,0,1,0,45,2,41,35,41035,4,1998,JM1BC1412W02,J,M,1,B,C,1,4,1,2,W,0,2,0,P,MAZD,PDS,4D,98,17,2385,,0,1026,,G,,F,4,091,,,13R175,,,,,,0,0,000000000,00000000000,0,0,0,1,0,0,0,0,0,0,0,65,0,0,0,12,6,2,21,0,0,0,1,37,28213,0,0,0,0,0,0,999,999,0,0,0,0,0,0,0,0,0,0,0,0,0,0,3,4,65,1,1,2,1,0,0,1,1,1,1,4,1,1,0
37,370618,1,1,3,11,7,19,53,42,0,1,0,37,1,55,33,55033,4,2006,5NPEU46FX6H0,5,N,P,E,U,4,6,F,X,6,H,0,0,P,HYUN,SGX,4D,6,17,3458,,0,1074,,G,,F,6,204,,,17R225,,,,,,0,0,000000000,00000000000,0,0,0,1,0,0,0,0,0,0,0,50,0,0,0,12,6,2,42,0,0,0,1,37,28227,6,1,0,0,3,0,70,999,4,1,0,0,1,1,2011,7,2012,1,36,0,0,0,1,2,35,2,1,2,1,0,0,14,12,1,1,4,6,1,1
37,370619,1,1,1,2,7,18,58,32,0,1,0,37,1,20,481,20481,31,1997,1GCEC14W0VZ1,1,G,C,E,C,1,4,W,0,V,Z,1,0,T,CHEV,GC1,PK,97,17,,2,1315,1175,GM4,G,,,6,262,,,,B,3869,02,,42,0,0,000000000,00000000000,0,0,0,1,0,0,0,0,0,0,0,65,0,1,5,1,6,2,1,0,0,0,1,37,27896,6,1,0,0,3,0,69,999,0,0,0,0,0,0,0,0,0,1,58,0,0,0,1,2,55,3,1,2,1,0,0,14,12,1,1,4,6,1,1
37,370620,1,1,4,5,7,12,53,42,0,1,0,36,1,63,38,63038,4,2010,KNAFU4A23A52,K,N,A,F,U,4,A,2,3,A,5,2,0,P,KIA,FEX,4D,10,17,2707,,0,1043,,G,,F,4,122,,,15R195,,,,,,0,0,000000000,00000000000,0,0,0,1,0,0,0,0,0,0,0,65,0,0,0,12,6,2,42,0,0,0,1,36,11216,6,1,0,0,3,3,69,999,0,0,0,0,0,0,0,0,0,0,58,0,0,0,3,2,70,1,1,1,1,0,0,1,13,1,1,4,1,1,0
37,370621,1,2,1,11,7,5,44,12,1,1,0,42,3,82,881,82881,66,2003,1FUJA6CG83LK,1,F,U,J,A,6,C,G,8,3,L,K,1,T,FRHT,COL,TR,3,17,,8,0,0,CON,D,,,6,774,,,,,00000,00,,64,1,57,1820114,571820114,3,6,1,1,0,0,0,0,0,0,0,69,0,0,0,12,6,2,12,0,0,0,1,42,17331,6,1,6,0,3,0,72,999,0,0,0,0,0,0,0,0,0,0,0,0,0,0,2,2,70,1,1,2,1,0,0,1,50,1,1,1,20,0,0
37,370621,2,2,2,11,7,5,44,12,1,1,0,37,1,37,32,37032,4,1990,1HGCB7656LA1,1,H,G,C,B,7,6,5,6,L,A,1,0,P,HOND,ALE,4D,90,17,2504,,0,1071,,G,,F,4,132,,,14R185,,,,,,0,0,000000000,00000000000,0,0,0,1,0,0,0,0,0,0,0,0,0,0,0,6,6,2,12,0,0,0,1,37,27823,6,1,0,0,3,0,65,999,0,0,0,0,0,0,0,0,0,0,0,0,0,0,2,2,70,1,1,2,1,0,0,5,53,1,1,1,21,2,0
37,370622,1,2,1,20,7,18,16,12,1,1,0,51,3,51,881,51881,66,2006,4V4NC9GH06N4,4,V,4,N,C,9,G,H,0,6,N,4,1,T,VOLV,VNL,TR,6,17,,8,0,0,VVN,D,,,6,732,,,,,00000,00,,64,1,57,1157489,571157489,3,6,1,1,0,0,0,0,0,0,0,5,0,0,0,6,2,1,12,0,0,0,1,51,23838,6,1,6,0,3,0,77,230,0,0,0,0,0,0,0,0,0,0,0,0,0,0,1,2,55,3,2,2,1,0,0,10,53,1,1,1,27,0,0
37,370622,2,2,1,20,7,18,16,12,1,1,0,37,1,72,706,72706,80,1992,1HD1DPL11NY5,1,H,D,1,D,P,L,1,1,N,Y,5,0,M,HD,UHB,RS,92,17,,,,,,,1340,,2,,4,765,,,,,,,0,0,000000000,00000000000,0,0,0,1,0,0,0,0,0,0,0,70,0,0,0,12,6,2,12,0,0,0,1,37,27893,6,1,0,0,3,3,71,999,1,0,0,0,1,2,2011,2,2011,1,36,0,0,0,1,2,55,2,2,2,1,0,0,14,51,1,1,1,24,1,0
37,370623,1,2,1,20,7,23,45,12,6,1,0,0,0,99,709,99709,81,2008,000000000000,0,0,0,0,0,0,0,0,0,0,0,0,0,,,,,,,,,,,,,,,,,,,,,,,,,0,0,000000000,00000000000,0,0,0,1,0,0,0,0,0,0,0,35,0,0,0,12,6,2,12,0,0,0,1,37,28655,0,0,0,0,0,0,70,999,0,0,0,0,0,0,0,0,0,0,23,0,0,0,1,2,35,1,1,2,1,0,0,1,62,1,1,1,69,1,0
37,370623,2,2,1,20,7,23,45,12,6,1,0,37,2,37,32,37032,2,2008,1HGCS128X8A0,1,H,G,C,S,1,2,8,X,8,A,0,0,P,HOND,AXL,CP,8,17,3443,,0,1079,,G,,F,4,146,,,17R225,,,,,,0,0,000000000,00000000000,0,0,0,1,0,0,0,0,0,0,0,35,0,0,0,1,6,2,12,0,0,0,1,37,27574,6,1,0,0,3,3,74,999,1,0,0,0,0,12,2010,12,2010,0,0,0,0,0,1,2,35,1,1,2,1,0,0,11,10,1,1,1,68,0,0
37,370624,1,2,1,6,7,22,0,1,0,1,0,37,3,59,421,59421,15,2002,JTJHT00W3235,J,T,J,H,T,0,0,W,3,2,3,5,0,P,LEXS,LX7,UT,2,17,5401,,0,1122,,G,,F,8,285,,,16R275,,,,,,0,0,000000000,00000000000,0,0,0,1,0,0,0,0,0,0,0,55,0,0,0,12,6,2,12,0,0,0,1,37,28540,6,1,0,0,3,0,67,999,0,0,0,0,3,12,2009,1,2012,0,0,0,0,0,1,2,45,1,1,2,1,0,0,1,62,1,1,1,98,0,0
37,370624,2,2,1,6,7,22,0,1,0,1,0,37,1,72,706,72706,80,2012,1HD1HHH10CC8,1,H,D,1,H,H,H,1,0,C,C,8,0,M,HD,VNS,RS,12,17,,,,,,,1250,,2,,4,637,,,,,,,0,0,000000000,00000000000,0,0,0,1,0,0,0,0,0,0,0,65,0,0,0,0,6,2,12,0,0,0,1,37,28443,6,1,0,0,3,0,69,999,0,0,0,0,0,0,0,0,0,1,28,0,0,0,1,2,45,1,1,2,1,0,0,1,6,1,2,2,98,1,1
37,370625,1,2,2,21,7,22,23,8,0,1,0,37,2,7,422,7422,15,2005,1D4HB48N25F5,1,D,4,H,B,4,8,N,2,5,F,5,0,P,DODG,DUR,UT,5,17,4958,,0,1192,,G,,F,8,287,,,17R265,,,,,,0,0,000000000,00000000000,0,0,0,1,0,0,0,0,0,0,0,35,0,0,0,12,2,1,8,0,0,0,1,37,27215,6,1,0,0,3,3,61,999,0,0,0,0,0,0,0,0,0,0,0,0,0,0,2,5,45,1,2,2,2,0,0,1,80,99,1,1,13,0,0
37,370625,2,2,1,21,7,22,23,8,0,1,0,37,2,37,39,37039,5,2011,JHMGE8H38BC0,J,H,M,G,E,8,H,3,8,B,C,0,0,P,HOND,FIT,4H,11,17,2489,,0,984,,G,,F,4,091,,,15R175,,,,,,0,0,000000000,00000000000,0,0,0,1,0,0,0,0,0,0,0,20,0,0,0,99,9,1,8,0,0,0,1,37,27514,6,1,0,0,3,3,66,999,0,0,0,0,0,0,0,0,0,0,0,0,0,0,2,5,45,1,2,2,2,0,0,1,80,99,1,1,98,0,0
37,370626,1,1,1,18,7,16,47,42,0,1,0,37,3,12,461,12461,21,2007,1FTSS34L77DA,1,F,T,S,S,3,4,L,7,7,D,A,0,T,FORD,3SD,EC,7,17,,2,0,1380,VAN,G,,,8,330,,,,D,00000,00,E,42,0,0,000000000,00000000000,0,0,0,1,0,0,0,0,0,0,0,45,0,0,0,12,6,2,42,0,0,0,1,37,27549,6,1,0,0,3,0,68,999,0,0,0,0,0,0,0,0,0,0,0,0,0,0,2,2,45,4,2,2,1,0,0,14,10,99,1,4,6,1,0
37,370627,1,1,1,8,7,1,25,11,0,1,0,37,1,72,706,72706,80,2011,1HD1KB414BB6,1,H,D,1,K,B,4,1,4,B,B,6,0,M,HD,FHX,RS,11,17,,,,,,,1584,,2,,4,785,,,,,,,0,0,000000000,00000000000,0,0,0,1,0,0,0,0,0,0,0,55,0,0,0,12,6,2,11,0,0,0,1,37,27203,6,1,0,0,3,3,70,999,0,1,1,0,0,1,2011,1,2011,0,0,0,0,0,1,2,55,1,2,2,1,0,0,1,88,99,1,3,13,1,1
37,370628,1,1,1,12,7,8,35,42,0,1,0,37,2,20,39,20039,4,2011,KL1TG5DE0BB2,K,L,1,T,G,5,D,E,0,B,B,2,0,P,CHEV,LTA,4D,11,17,2568,,0,976,,G,,F,4,098,,,15R185,,,,,,0,0,000000000,00000000000,0,0,0,1,0,0,0,0,0,0,0,80,0,0,0,9,6,2,42,0,0,0,1,37,28338,6,1,0,0,3,3,63,999,0,0,0,0,0,0,0,0,0,1,0,0,0,0,1,2,55,4,1,2,1,0,0,14,13,7,1,4,1,1,0
37,370629,1,1,1,3,7,20,55,8,0,1,0,37,2,20,23,20023,6,2009,3GNCA13B79S5,3,G,N,C,A,1,3,B,7,9,S,5,0,P,CHEV,HHR,UT,9,17,3155,,0,1035,,F,,F,4,134,,,16R215,,,,,,0,0,000000000,00000000000,0,0,0,1,0,0,0,0,0,0,0,55,0,0,0,12,6,2,8,0,0,0,1,37,28337,6,1,0,0,3,0,61,999,0,0,0,1,0,6,2012,6,2012,0,0,0,0,0,1,2,55,1,1,2,1,0,0,1,80,99,1,1,13,0,0
37,370630,1,1,3,5,7,4,6,34,0,1,0,37,2,49,399,49399,9,2005,1NXBR32E85Z4,1,N,X,B,R,3,2,E,8,5,Z,4,0,P,TOYT,UCS,4D,5,17,2530,,0,1024,,G,,F,4,109,,,15R185,,,,,,0,0,000000000,00000000000,0,0,0,1,0,0,0,0,0,0,0,55,0,2,1,6,6,2,34,0,0,0,1,37,28642,1,1,0,0,2,0,64,999,0,2,2,1,0,8,2011,2,2012,0,0,0,0,0,1,2,55,4,1,2,1,0,0,14,11,99,1,4,1,1,1
37,370631,1,1,5,9,7,19,32,42,0,1,0,37,2,12,4,12004,4,1994,1FALP62W8RH1,1,F,A,L,P,6,2,W,8,R,H,1,0,P,FORD,THL,2D,94,17,3570,,0,1130,,G,,F,8,281,,,15R205,,,,,,0,0,000000000,00000000000,0,0,0,1,0,0,0,0,0,0,0,55,0,0,0,63,6,2,42,0,0,0,1,45,29563,6,1,0,0,3,0,72,179,0,0,0,0,0,0,0,0,0,0,0,0,0,0,1,2,55,1,1,2,2,0,0,1,13,99,1,4,1,2,0
37,370632,1,3,1,21,7,2,10,54,11,1,1,37,2,20,2,20002,4,1994,1G1BL52W1RR2,1,G,1,B,L,5,2,W,1,R,R,2,0,P,CHEV,CCL,4D,94,17,4036,,0,1159,,G,,F,8,265,,,15R215,,,,,,0,0,000000000,00000000000,0,0,0,1,0,0,0,0,0,0,0,80,0,0,0,81,6,2,54,0,0,0,1,37,28372,1,1,0,0,2,3,72,999,0,1,0,1,0,2,2011,5,2012,1,6,0,0,0,1,2,55,1,1,2,2,0,0,1,54,7,1,2,98,0,0
37,370632,2,3,1,21,7,2,10,54,11,1,0,37,1,21,21,21021,9,2004,1G3NL52E04C2,1,G,3,N,L,5,2,E,0,4,C,2,0,P,OLDS,A/G,4D,4,17,2950,,0,1070,,G,,F,6,207,,,15R215,,,,,,0,0,000000000,00000000000,0,0,0,1,0,0,0,0,0,0,0,45,0,0,0,61,6,2,54,0,0,0,1,37,28383,6,1,0,0,3,0,63,999,0,0,0,0,0,0,0,0,0,0,0,0,0,0,1,2,55,1,1,2,2,0,0,1,54,99,1,1,98,0,0
37,370632,3,3,2,21,7,2,10,54,11,1,0,37,1,24,2,24002,9,1999,1G8ZR1271XZ2,1,G,8,Z,R,1,2,7,1,X,Z,2,0,P,STRN,SC2,3P,99,17,0,,0,1024,,G,,F,4,116,,,15R195,,,,,,0,0,000000000,00000000000,0,0,0,1,0,0,0,0,0,0,0,55,0,0,0,11,6,2,12,0,0,0,1,37,28358,6,1,0,0,3,0,61,999,0,0,0,2,0,2,2010,2,2011,0,0,0,0,0,1,2,55,1,1,2,2,0,0,1,62,99,1,1,98,1,0
37,370633,1,1,2,23,7,23,56,34,0,1,0,24,2,37,32,37032,4,2003,1HGCM72603A0,1,H,G,C,M,7,2,6,0,3,A,0,0,P,HOND,UEX,CP,3,17,3047,,0,1051,,G,,F,4,146,,,16R205,,,,,,0,0,000000000,00000000000,0,0,0,1,0,0,0,0,0,0,0,120,0,1,2,12,6,2,42,0,0,0,1,24,21217,6,1,0,0,3,0,66,200,0,0,0,0,0,0,0,0,0,1,0,0,0,0,3,4,65,1,1,2,1,0,0,1,13,1,1,4,1,2,1
37,370634,1,2,2,13,7,15,32,12,6,1,0,45,3,38,882,38882,61,2012,4KDC4B1U14J8,4,K,D,C,4,B,1,U,1,4,J,8,0,T,GMC,W45,TB,4,17,,4,1760,1090,4/5,G,,,8,366,,,,,5315,00,,42,0,99,999999999,99999999999,2,1,98,1,0,0,0,0,0,0,0,45,9,1,2,12,6,2,12,0,0,0,1,37,28212,6,1,0,0,3,0,72,999,0,0,0,0,0,0,0,0,0,0,39,0,0,0,1,5,45,1,3,2,1,1,3,1,17,99,1,3,86,0,0
37,370634,2,2,3,13,7,15,32,12,6,1,0,37,1,22,18,22018,9,2001,1G2NF52T41M6,1,G,2,N,F,5,2,T,4,1,M,6,0,P,PONT,SE1,4D,1,17,3116,,0,1070,,G,,F,4,146,,,15R215,,,,,,0,0,000000000,00000000000,0,0,0,1,0,0,0,0,0,0,0,35,0,0,0,3,6,2,12,0,0,0,1,37,27288,6,1,0,0,3,0,61,999,0,0,0,0,0,0,0,0,0,0,0,0,0,0,1,5,45,1,3,2,1,1,3,1,55,99,1,4,87,1,0