STATE,ST_CASE,VEH_NO,VE_FORMS,NUMOCCS,DAY,MONTH,HOUR,MINUTE,HARM_EV,MAN_COLL,UNITTYPE,HIT_RUN,REG_STAT,OWNER,MAKE,MODEL,MAK_MOD,BODY_TYP,MOD_YEAR,VIN,VIN_1,VIN_2,VIN_3,VIN_4,VIN_5,VIN_6,VIN_7,VIN_8,VIN_9,VIN_10,VIN_11,VIN_12,TOW_VEH,VINTYPE,VINMAKE,VINA_MOD,VIN_BT,VINMODYR,VIN_LNGT,VIN_WGT,WGTCD_TR,WHLBS_LG,WHLBS_SH,SER_TR,FUELCODE,MCYCL_DS,CARBUR,CYLINDER,DISPLACE,MCYCL_CY,MCYCL_WT,TIRE_SZE,TON_RAT,TRK_WT,TRKWTVAR,VIN_REST,WHLDRWHL,J_KNIFE,MCARR_I1,MCARR_I2,MCARR_ID,GVWR,V_CONFIG,CARGO_BT,HAZ_INV,HAZ_PLAC,HAZ_ID,HAZ_CNO,HAZ_REL,BUS_USE,SPEC_USE,EMER_USE,TRAV_SP,UNDERIDE,ROLLOVER,ROLINLOC,IMPACT1,DEFORMED,TOWED,M_HARM,VEH_SC1,VEH_SC2,FIRE_EXP,DR_PRES,L_STATE,DR_ZIP,L_STATUS,L_TYPE,CDL_STAT,L_ENDORS,L_COMPL,L_RESTRI,DR_HGT,DR_WGT,PREV_ACC,PREV_SUS,PREV_DWI,PREV_SPD,PREV_OTH,FIRST_MO,FIRST_YR,LAST_MO,LAST_YR,SPEEDREL,DR_SF1,DR_SF2,DR_SF3,DR_SF4,VTRAFWAY,VNUM_LAN,VSPD_LIM,VALIGN,VPROFILE,VPAVETYP,VSURCOND,VTRAFCON,VTCONT_F,P_CRASH1,P_CRASH2,P_CRASH3,PCRASH4,PCRASH5,ACC_TYPE,DEATHS,DR_DRINK
37,370635,1,1,3,21,7,5,36,35,0,1,0,37,2,12,3,12003,2,2004,1FAFP40404F1,1,F,A,F,P,4,0,4,0,4,F,1,0,P,FORD,MUS,CP,4,17,3114,,0,1013,,G,,F,6,232,,,16R225,,,,,,0,0,000000000,00000000000,0,0,0,1,0,0,0,0,0,0,0,90,0,0,0,12,6,2,42,0,0,0,1,37,27288,1,1,0,0,2,0,64,999,0,1,0,0,2,6,2011,10,2011,0,0,0,0,0,1,2,55,4,1,2,1,0,0,14,13,99,1,4,1,2,1
37,370636,1,1,2,28,7,5,49,35,0,1,0,37,1,12,3,12003,2,1987,1FABP42E9HF2,1,F,A,B,P,4,2,E,9,H,F,2,0,P,FORD,MGT,2H,87,17,3080,,0,1005,,G,,F,8,302,,,15R225,,,,,,0,0,000000000,00000000000,0,0,0,1,0,0,0,0,0,0,0,70,0,1,5,12,6,2,42,0,0,0,1,37,27288,6,1,0,0,3,3,71,999,0,0,0,0,1,12,2009,12,2009,0,0,0,0,0,1,2,45,4,1,2,1,0,0,14,13,99,1,4,1,1,1
37,370637,1,2,3,11,7,15,19,12,6,1,0,37,2,37,32,37032,4,1997,1HGCD5680VA1,1,H,G,C,D,5,6,8,0,V,A,1,0,P,HOND,UVP,4D,97,17,2908,,0,1069,,G,,F,4,132,,,14R185,,,,,,0,0,000000000,00000000000,0,0,0,1,0,0,0,0,0,0,0,20,0,0,0,3,6,2,12,0,0,0,1,37,28159,3,1,0,0,2,0,68,999,0,0,0,0,0,0,0,0,0,0,0,0,0,0,1,2,45,1,1,2,1,0,0,11,15,99,1,2,98,1,0
37,370637,2,2,3,11,7,15,19,12,6,1,0,37,2,2,404,2404,14,1994,1J4FT28S5RL1,1,J,4,F,T,2,8,S,5,R,L,1,0,T,JEEP,CSE,4W,94,17,,1,0,1014,CHK,G,,,6,242,,,,,2823,00,A,42,0,0,000000000,00000000000,0,0,0,1,0,0,0,0,0,0,0,41,0,0,0,12,6,2,12,0,0,0,1,37,28147,6,1,0,0,3,0,66,999,0,0,0,0,0,0,0,0,0,0,0,0,0,0,1,2,45,1,1,2,1,0,0,1,62,4,2,1,98,0,0
37,370638,1,2,3,23,7,6,40,12,6,1,0,37,1,12,461,12461,21,1983,1FTDE14F4DHA,1,F,T,D,E,1,4,F,4,D,H,A,0,T,FORD,15V,CG,83,17,,1,1380,1240,VAN,G,,,8,302,,,,BC,3626,01,,42,0,0,000000000,00000000000,0,0,0,1,0,0,0,0,0,0,0,27,0,1,5,12,6,2,1,0,0,0,1,37,27239,6,1,0,0,3,0,67,999,0,0,0,0,0,0,0,0,0,0,0,0,0,0,1,5,45,1,1,2,1,3,2,1,17,99,1,2,86,1,0
37,370638,2,2,1,23,7,6,40,12,6,1,0,37,1,6,14,6014,4,1991,1C3XY66R3MD1,1,C,3,X,Y,6,6,R,3,M,D,1,0,P,CHRY,NFA,4D,91,17,3345,,0,1093,,G,,F,6,201,,,14R195,,,,,,0,0,000000000,00000000000,0,0,0,1,0,0,0,0,0,0,0,53,0,0,0,82,6,2,12,0,0,0,1,37,28146,6,1,0,0,3,0,71,999,0,0,0,0,1,10,2009,10,2009,0,0,0,0,0,1,5,45,1,1,2,1,3,2,1,55,99,1,2,87,0,0
37,370639,1,2,1,6,7,12,10,12,6,1,0,37,3,82,881,82881,63,2013,1FVHCYBS7DHB,1,F,V,H,C,Y,B,S,7,D,H,B,0,T,FRHT,16M,CC,13,17,,8,0,0,FM2,D,,,6,505,,,,,00000,00,,64,0,88,888888888,88888888888,3,2,4,1,0,0,0,0,0,0,0,30,0,0,0,11,6,2,12,0,0,1,1,37,28328,6,1,6,0,3,0,78,999,0,0,0,0,0,0,0,0,0,0,0,0,0,0,1,2,55,1,1,2,1,20,3,1,17,99,1,2,90,1,0
37,370639,2,2,1,6,7,12,10,12,6,1,0,37,3,87,881,87881,66,1997,1XP5D68X7VN4,1,X,P,5,D,6,8,X,7,V,N,4,0,T,PTRB,379,TR,97,17,,8,0,0,CON,D,,,6,855,,,,,00000,00,,64,0,88,888888888,88888888888,3,5,96,1,0,0,0,0,0,0,0,55,0,0,0,12,6,2,12,0,0,1,1,37,28572,6,1,6,3,3,0,66,999,0,0,0,0,0,0,0,0,0,0,0,0,0,0,1,2,55,1,1,2,1,20,3,1,55,6,1,2,90,0,0
37,370640,1,1,1,27,7,22,27,34,0,1,0,37,2,20,461,20461,21,1991,2GBEG25H6M41,2,G,B,E,G,2,5,H,6,M,4,1,0,T,CHEV,SV2,CG,91,17,,2,1250,1110,S/V,G,,,8,305,,,,C,3278,10,,42,0,0,000000000,00000000000,0,0,0,1,0,0,0,0,0,0,0,80,0,1,2,12,6,2,1,0,0,0,1,37,28458,3,1,0,0,2,3,68,999,0,1,0,0,0,6,2011,6,2011,0,0,0,0,0,1,2,55,1,1,2,1,0,0,1,13,99,1,4,1,1,1
37,370641,1,2,2,9,7,12,33,12,1,1,0,48,3,87,881,87881,66,2008,1XPWDBEX08D7,1,X,P,W,D,B,E,X,0,8,D,7,1,T,PTRB,388,TR,8,17,,8,0,0,CON,D,,,6,893,,,,,00000,00,,64,1,48,377107,48377107,3,6,3,1,0,0,0,0,0,0,0,55,0,0,0,6,2,9,12,0,0,0,1,48,77584,6,1,6,3,3,3,999,999,0,0,0,0,0,0,0,0,0,0,0,0,0,0,1,2,55,1,1,2,1,0,0,1,17,99,1,1,98,0,0
37,370641,2,2,1,9,7,12,33,12,1,1,0,37,1,7,442,7442,20,2006,2D4GP44L36R7,2,D,4,G,P,4,4,L,3,6,R,7,0,T,DODG,GSX,ES,6,17,,1,0,1193,CAR,G,,,6,230,,,,,4252,00,E,42,0,0,000000000,00000000000,0,0,0,1,0,0,0,0,0,0,0,50,0,0,0,12,6,2,12,0,0,0,1,37,28363,6,1,0,0,3,3,72,999,0,0,0,0,0,0,0,0,0,0,0,0,0,0,1,2,55,1,1,2,1,0,0,1,50,99,1,1,98,1,0
37,370642,1,1,1,13,7,22,36,42,0,1,0,37,2,20,401,20401,14,2002,1GNDT13S6222,1,G,N,D,T,1,3,S,6,2,2,2,0,P,CHEV,TRL,UT,2,17,4628,,0,1130,,G,,F,6,256,,,16R245,,,,,,0,0,000000000,00000000000,0,0,0,1,0,0,0,0,0,0,0,60,0,0,0,11,6,2,42,0,0,0,1,37,28128,6,1,0,0,3,0,70,999,1,0,0,0,1,2,2011,1,2012,0,0,0,0,0,1,2,55,1,1,2,1,0,0,1,13,99,1,4,1,1,0
37,370643,1,1,1,19,7,1,0,42,0,1,0,37,1,22,2,22002,4,2000,1G2HX54K7Y41,1,G,2,H,X,5,4,K,7,Y,4,1,0,P,PONT,BVS,4D,0,17,3633,,0,1122,,G,,F,6,231,,,16R225,,,,,,0,0,000000000,00000000000,0,0,0,1,0,0,0,0,0,0,0,55,0,0,0,12,6,2,42,0,0,0,1,37,27021,6,1,0,0,3,3,62,999,1,0,0,0,3,9,2011,12,2011,0,0,0,0,0,1,2,55,4,2,2,1,0,0,14,13,99,1,4,1,1,0
37,370644,1,1,1,16,7,23,5,42,0,1,0,51,2,12,35,12035,4,1998,1FAFP6637WK2,1,F,A,F,P,6,6,3,7,W,K,2,0,P,FORD,LSS,4D,98,17,2864,,0,1065,,G,,F,4,121,,,15R205,,,,,,0,0,000000000,00000000000,0,0,0,1,0,0,0,0,0,0,0,60,0,0,0,12,6,2,42,0,0,0,1,51,24033,1,1,0,0,2,0,71,203,0,0,0,0,0,0,0,0,0,0,0,0,0,0,1,2,55,4,1,2,1,0,0,14,13,99,1,4,1,1,1
37,370645,1,1,1,15,7,0,37,8,0,1,0,37,1,55,36,55036,4,2008,KMHCN36C18U0,K,M,H,C,N,3,6,C,1,8,U,0,0,P,HYUN,ASE,2H,8,17,2496,,0,984,,G,,F,4,098,,,16R205,,,,,,0,0,000000000,00000000000,0,0,0,1,0,0,0,0,0,0,0,37,0,0,0,12,2,9,8,0,0,0,1,37,27030,6,1,0,0,3,0,70,999,0,0,0,0,0,0,0,0,0,0,0,0,0,0,1,5,35,1,2,2,1,0,0,1,80,1,1,1,13,0,0
37,370646,1,2,1,30,7,16,21,12,6,1,0,37,3,85,881,85881,66,2011,1XKAD09X9BJ2,1,X,K,A,D,0,9,X,9,B,J,2,1,T,KW,T60,TR,11,17,,8,2600,1600,CON,D,,,6,659,,,,,00000,00,,64,1,37,930885,37930885,3,6,2,2,2,1203,3,2,0,0,0,50,0,1,1,12,6,2,12,0,0,0,1,37,27870,6,1,6,3,3,3,70,999,0,0,0,0,0,0,0,0,0,0,0,0,0,0,1,2,55,1,1,2,1,0,0,1,62,99,1,4,98,0,0
37,370646,2,2,4,30,7,16,21,12,6,1,0,37,1,35,47,35047,4,2006,1N4AL11D76N4,1,N,4,A,L,1,1,D,7,6,N,4,0,P,NISS,ASL,4D,6,17,2915,,0,1102,,G,,F,4,153,,,16R215,,,,,,0,0,000000000,00000000000,0,0,0,1,0,0,0,0,0,0,0,55,0,0,0,63,6,2,12,0,0,0,1,37,27909,6,1,0,0,3,0,67,999,1,1,0,0,2,9,2009,5,2012,0,0,0,0,0,1,2,55,1,1,2,1,0,0,1,10,99,1,4,98,2,0
37,370647,1,2,1,11,7,15,18,12,6,1,0,37,2,20,481,20481,31,2008,1GCHK33628F1,1,G,C,H,K,3,3,6,2,8,F,1,0,T,CHEV,SK3,CW,8,17,,2,0,1670,SIL,D,,,8,403,,,,D,6400,00,,44,0,0,000000000,00000000000,0,0,0,1,0,0,0,0,0,0,0,55,0,0,0,12,6,2,12,0,0,0,1,36,28110,6,1,6,3,3,3,71,999,0,0,0,0,0,0,0,0,0,0,0,0,0,0,1,2,55,1,1,2,1,4,3,1,55,99,1,2,86,0,0
37,370647,2,2,2,11,7,15,18,12,6,1,0,37,2,41,51,41051,4,2010,JM1BL1SF6A11,J,M,1,B,L,1,S,F,6,A,1,1,0,P,MAZD,M3I,4D,10,17,2868,,0,1039,,G,,F,4,122,,,16R205,,,,,,0,0,000000000,00000000000,0,0,0,1,0,0,0,0,0,0,0,5,0,0,0,81,6,2,12,0,0,0,1,37,28079,6,1,6,0,3,0,71,999,0,0,0,0,0,0,0,0,0,0,38,0,0,0,1,2,55,1,1,2,1,4,3,1,17,99,1,4,87,1,0
37,370648,1,2,1,20,7,22,38,12,2,1,0,37,2,7,24,7024,4,2007,2B3KA43R77H6,2,B,3,K,A,4,3,R,7,7,H,6,0,P,DODG,CTL,4D,7,17,3648,,0,1200,,G,,F,6,165,,,17R215,,,,,,0,0,000000000,00000000000,0,0,0,1,0,0,0,0,0,0,0,65,0,0,0,12,6,2,12,0,0,0,1,37,27537,6,1,6,0,3,0,75,999,0,0,0,0,0,0,0,0,0,1,28,0,0,0,1,2,35,1,1,2,2,0,0,1,10,99,1,2,50,0,1
37,370648,2,2,2,20,7,22,38,12,2,1,0,37,1,42,398,42398,4,1995,WDBEA32E1SC1,W,D,B,E,A,3,2,E,1,S,C,1,0,P,MERZ,E3S,4D,95,17,3415,,0,1102,,G,,F,6,195,,,15R195,,,,,,0,0,000000000,00000000000,0,0,0,1,0,0,0,0,0,0,0,35,0,1,1,12,6,2,1,0,0,0,1,37,27589,6,1,0,0,3,0,70,999,0,0,0,0,0,0,0,0,0,0,0,0,0,0,1,2,35,1,1,2,2,0,0,1,62,99,1,1,51,1,0
37,370649,1,1,1,1,7,21,50,8,0,1,0,37,2,22,403,22403,14,2006,2CKDL63F0661,2,C,K,D,L,6,3,F,0,6,6,1,0,P,PONT,TOR,UT,6,17,3660,,0,1125,,G,,F,6,207,,,16R235,,,,,,0,0,000000000,00000000000,0,0,0,1,0,0,0,0,0,0,0,55,0,0,0,12,6,2,8,0,0,0,1,37,27529,6,1,0,0,3,0,70,999,0,0,0,0,0,0,0,0,0,0,0,0,0,0,2,7,55,1,1,2,1,0,0,1,80,99,1,1,13,0,0
37,370650,1,1,1,4,7,14,15,9,0,1,0,37,3,84,881,84881,63,2007,2HSCHAPR87C4,2,H,S,C,H,A,P,R,8,7,C,4,1,T,INTL,99I,TR,7,17,,8,0,0,990,D,,,6,915,,,,,00000,00,,64,1,37,592502,37592502,3,4,10,1,0,0,0,0,0,0,0,35,0,0,0,1,2,9,9,0,0,0,1,37,27542,6,1,6,3,3,3,66,999,0,0,0,0,3,2,2010,7,2011,1,38,0,0,0,2,6,50,4,2,2,1,0,0,14,83,99,1,1,13,0,0
37,370651,1,1,3,8,7,2,10,42,0,1,0,37,2,49,49,49049,6,2005,JTLKT3344540,J,T,L,K,T,3,3,4,4,5,4,0,0,P,TOYT,SXB,UT,5,17,2395,,0,984,,G,,F,4,092,,,15R185,,,,,,0,0,000000000,00000000000,0,0,0,1,0,0,0,0,0,0,0,65,0,0,0,12,6,2,42,0,0,1,1,37,27572,6,1,0,0,3,3,69,999,3,0,0,1,1,1,2010,6,2012,1,0,0,0,0,1,2,45,4,2,2,1,0,0,14,13,99,1,4,1,3,1
37,370652,1,1,3,12,7,23,29,8,0,1,0,37,2,6,51,6051,4,2008,2C3LA43R58H1,2,C,3,L,A,4,3,R,5,8,H,1,0,P,CHRY,3LX,4D,8,17,3725,,0,1200,,G,,F,6,165,,,17R215,,,,,,0,0,000000000,00000000000,0,0,0,1,0,0,0,0,0,0,0,55,0,0,0,12,6,2,8,0,0,0,1,37,28334,2,1,0,0,2,0,71,999,0,0,0,1,0,11,2011,11,2011,0,52,0,0,0,1,2,55,1,1,2,1,0,0,1,80,99,1,1,13,0,0
37,370653,1,2,1,15,7,2,21,12,2,1,0,37,1,49,32,49032,4,2009,JTDBL40E39J0,J,T,D,B,L,4,0,E,3,9,J,0,0,P,TOYT,CLB,4D,9,17,2723,,0,1024,,G,,F,4,110,,,15R195,,,,,,0,0,000000000,00000000000,0,0,0,1,0,0,0,0,0,0,0,65,0,0,0,12,6,2,12,0,0,0,1,37,27560,6,1,0,0,3,3,61,999,0,0,0,0,0,0,0,0,0,0,0,0,0,0,3,4,65,1,1,2,1,0,0,1,54,99,1,3,98,1,1
37,370653,2,2,2,15,7,2,21,12,2,1,0,37,1,12,442,12442,20,2002,2FMZA53462BA,2,F,M,Z,A,5,3,4,6,2,B,A,0,T,FORD,WSL,ES,2,17,,1,0,1207,WIN,G,,,6,232,,,,B,4291,00,E,42,0,0,000000000,00000000000,0,0,0,1,0,0,0,0,0,0,0,65,0,0,0,12,6,2,12,0,0,0,1,37,27610,6,1,0,0,3,0,71,999,1,0,0,1,0,1,2011,6,2012,0,0,0,0,0,3,4,65,1,1,2,1,0,0,1,54,99,1,3,98,1,0
37,370654,1,1,3,28,7,20,23,53,0,1,0,37,2,24,401,24401,14,2005,5GZCZ534X5S8,5,G,Z,C,Z,5,3,4,X,5,S,8,0,P,STRN,VUE,UT,5,17,3478,,0,1066,,G,,F,6,214,,,16R215,,,,,,0,0,000000000,00000000000,0,0,0,1,0,0,0,0,0,0,0,75,9,0,0,82,6,2,42,0,0,0,1,37,27527,6,1,0,0,3,0,73,999,0,0,0,0,4,6,2010,3,2012,1,0,0,0,0,1,2,45,1,1,2,1,0,0,1,10,99,1,4,6,3,1
37,370655,1,1,2,8,7,2,15,9,0,1,0,37,1,20,481,20481,31,2011,3GCPCREA4BG2,3,G,C,P,C,R,E,A,4,B,G,2,0,T,CHEV,4SC,CW,11,17,,2,0,1435,SIL,F,,,8,293,,,,B,5110,00,,42,0,0,000000000,00000000000,0,0,0,1,0,0,0,0,0,0,0,45,0,0,0,12,4,9,9,0,0,0,1,37,27962,6,1,0,0,3,0,72,999,1,0,0,0,3,6,2010,2,2012,0,0,0,0,0,1,2,45,1,1,2,1,0,0,1,83,99,1,1,13,0,0
37,370656,1,2,1,26,7,13,4,12,2,1,0,37,1,12,471,12471,30,2005,1FTYR15E65PA,1,F,T,Y,R,1,5,E,6,5,P,A,0,T,FORD,RNS,PC,5,17,,1,0,1259,RNG,G,,,6,245,,,,B,3697,00,U,44,0,0,000000000,00000000000,0,0,0,1,0,0,0,0,0,0,0,20,0,0,0,12,6,2,12,0,0,0,1,37,28607,6,1,0,0,3,3,72,999,1,0,0,0,0,11,2010,11,2010,0,38,0,0,0,1,2,55,1,2,2,1,0,0,11,15,99,1,3,68,0,0
37,370656,2,2,1,26,7,13,4,12,2,1,0,37,1,73,705,73705,80,2001,JKAKLEA181A0,J,K,A,K,L,E,A,1,8,1,A,0,0,M,KAWK,KL6,T,1,17,,,,,,,650,,1,,4,337,,,,,,,0,0,000000000,00000000000,0,0,0,1,0,0,0,0,0,0,0,55,0,0,0,12,6,2,12,0,0,0,1,37,28624,6,1,6,3,3,0,71,999,0,0,0,0,0,0,0,0,0,0,0,0,0,0,1,2,55,1,2,2,1,0,0,1,55,99,1,3,69,1,0
37,370657,1,2,1,21,7,10,11,12,6,1,0,37,2,20,23,20023,6,2007,3GNDA23D17S5,3,G,N,D,A,2,3,D,1,7,S,5,0,P,CHEV,HHR,UT,7,17,3155,,0,1035,,G,,F,4,134,,,16R215,,,,,,0,0,000000000,00000000000,0,0,0,1,0,0,0,0,0,0,0,45,0,0,0,3,6,2,12,0,0,1,1,37,27530,6,1,0,0,3,3,63,999,0,0,0,0,0,0,0,0,0,0,38,0,0,0,1,3,45,1,2,2,1,0,0,11,15,99,1,3,68,0,0
37,370657,2,2,2,21,7,10,11,12,6,1,0,39,1,72,706,72706,80,2004,1HD1FSW194Y6,1,H,D,1,F,S,W,1,9,4,Y,6,0,M,HD,TRI,RS,4,17,,,,,,,1450,,2,,4,731,,,,,,,0,0,000000000,00000000000,0,0,0,1,0,0,0,0,0,0,0,45,0,0,0,12,6,2,12,0,0,1,1,39,44128,6,1,0,0,3,3,72,240,1,0,0,2,0,6,2011,12,2011,0,0,0,0,0,1,3,45,1,2,2,1,0,0,1,55,99,1,3,69,1,0
37,370658,1,2,1,24,7,17,7,12,1,1,0,37,1,72,706,72706,80,2007,1HD1BW5137Y0,1,H,D,1,B,W,5,1,3,7,Y,0,0,M,HD,STC,RS,7,17,,,,,,,1584,,2,,4,725,,,,,,,0,0,000000000,00000000000,0,0,0,1,0,0,0,0,0,0,0,60,0,0,0,12,6,2,12,0,0,0,1,37,28578,6,1,0,0,3,0,70,999,0,0,0,0,0,0,0,0,0,0,0,0,0,0,1,2,45,1,1,2,1,0,0,1,51,99,1,3,98,1,1
37,370658,2,2,1,24,7,17,7,12,1,1,0,37,1,12,880,12880,67,1999,1FTWW32F0XEB,1,F,T,W,W,3,2,F,0,X,E,B,0,T,FORD,F3D,CW,99,17,,3,1720,1560,DRW,D,,,8,444,,,,D,5755,01,E,42,0,88,888888888,88888888888,2,1,97,1,0,0,0,0,0,0,0,25,0,0,0,6,6,2,12,0,0,0,1,37,28578,6,1,6,3,3,0,70,999,0,0,0,0,0,0,0,0,0,0,0,0,0,0,1,2,45,1,1,2,1,0,0,1,53,99,1,3,98,0,0
37,370659,1,1,1,31,7,22,16,8,0,1,0,37,1,52,401,52401,14,2004,JA4MT21R34J0,J,A,4,M,T,2,1,R,3,4,J,0,0,P,MITS,MNS,UT,4,17,4215,,0,1073,,G,,F,6,213,,,16R255,,,,,,0,0,000000000,00000000000,0,0,0,1,0,0,0,0,0,0,0,55,0,0,0,12,2,9,8,0,0,0,1,37,28333,6,1,0,0,3,0,68,999,0,0,0,1,1,3,2012,4,2012,0,0,0,0,0,3,4,55,1,2,2,1,0,0,1,80,99,1,1,13,0,0
37,370660,1,2,1,2,7,16,30,12,6,1,0,37,2,20,32,20032,4,2001,1Y1SK52851Z4,1,Y,1,S,K,5,2,8,5,1,Z,4,0,P,CHEV,P/L,4D,1,17,2403,,0,971,,G,,F,4,110,,,14R175,,,,,,0,0,000000000,00000000000,0,0,0,1,0,0,0,0,0,0,0,55,0,0,0,9,6,2,12,0,0,0,1,37,28645,6,1,0,0,3,3,67,999,0,0,0,0,0,0,0,0,0,0,0,0,0,0,1,2,55,4,2,2,1,0,0,14,62,99,1,2,98,1,0
37,370660,2,2,2,2,7,16,30,12,6,1,0,37,1,6,442,6442,20,2001,1C4GJ45311B1,1,C,4,G,J,4,5,3,1,1,B,1,0,P,CHRY,VOV,SV,1,17,3959,,0,1133,,F,,F,6,201,,,15R215,,,,,,0,0,000000000,00000000000,0,0,0,1,0,0,0,0,0,0,0,55,0,0,0,12,6,2,12,0,0,0,1,37,28606,6,1,0,0,3,3,62,999,0,0,0,0,0,0,0,0,0,0,0,0,0,0,1,2,55,4,2,2,1,0,0,14,10,99,1,2,98,0,0
37,370661,1,1,2,23,7,22,40,53,0,1,0,37,1,37,706,37706,80,2008,1HFSC49T38A6,1,H,F,S,C,4,9,T,3,8,A,6,0,M,HOND,TT1,RS,8,17,,,,,,,1795,,2,,4,0000,,,,,,,0,0,000000000,00000000000,0,0,0,1,0,0,0,0,0,0,0,45,0,0,0,82,6,2,30,0,0,0,1,37,28083,6,1,6,0,3,0,67,999,0,0,0,0,0,0,0,0,0,0,99,99,99,99,1,2,45,2,1,2,1,0,0,14,9,1,9,4,7,1,0
37,370662,1,2,1,23,7,19,54,12,6,1,0,30,1,72,706,72706,80,1993,1HD1CAP17PY2,1,H,D,1,C,A,P,1,7,P,Y,2,0,M,HD,XL2,RS,93,17,,,,,,,1200,,2,,4,457,,,,,,,0,0,000000000,00000000000,0,0,0,1,0,0,0,0,0,0,0,45,0,0,0,12,6,2,12,0,0,0,1,37,28348,1,1,0,0,2,0,72,999,0,2,0,0,0,4,2012,5,2012,0,38,0,0,0,1,4,45,1,1,2,1,3,3,1,17,1,1,1,86,1,0
37,370662,2,2,2,23,7,19,54,12,6,1,0,37,3,7,482,7482,31,2004,3D7KU28C94G1,3,D,7,K,U,2,8,C,9,4,G,1,0,T,DODG,SQ2,CW,4,17,,2,1605,1405,RPC,D,,,6,359,,,,C,5438,13,E,44,0,0,000000000,00000000000,0,0,0,1,0,0,0,0,0,0,0,12,0,0,0,3,4,1,12,0,0,0,1,37,28301,6,1,0,0,3,0,69,999,0,0,0,0,0,0,0,0,0,0,0,0,0,0,1,4,45,1,1,2,1,3,3,1,17,1,1,1,87,0,0
37,370663,1,1,1,13,7,99,99,8,0,1,0,37,2,20,2,20002,4,2004,2G1WF52E2491,2,G,1,W,F,5,2,E,2,4,9,1,0,P,CHEV,IMP,4D,4,17,3389,,0,1105,,G,,F,6,207,,,16R225,,,,,,0,0,000000000,00000000000,0,0,0,1,0,0,0,0,0,0,0,45,0,0,0,12,6,2,8,0,0,0,1,37,27890,6,1,0,0,3,3,66,999,0,0,0,0,0,0,0,0,0,0,0,0,0,0,1,2,45,1,1,2,1,0,0,6,80,1,1,2,13,0,0
37,370664,1,2,2,14,7,11,2,12,6,1,0,37,1,37,32,37032,4,2004,1HGCM66594A0,1,H,G,C,M,6,6,5,9,4,A,0,0,P,HOND,UEX,4D,4,17,3384,,0,1079,,G,,F,6,183,,,000000,,,,,,0,0,000000000,00000000000,0,0,0,1,0,0,0,0,0,0,0,45,0,0,0,12,6,2,12,0,0,0,1,37,28405,6,1,0,0,3,3,62,999,0,0,0,0,0,0,0,0,0,0,39,0,0,0,1,4,45,1,1,2,1,3,3,1,67,1,1,1,83,1,0
37,370664,2,2,1,14,7,11,2,12,6,1,0,37,1,37,32,37032,4,2008,1HGCP264X8A0,1,H,G,C,P,2,6,4,X,8,A,0,0,P,HOND,LXP,4D,8,17,3281,,0,1102,,G,,F,4,146,,,16R215,,,,,,0,0,000000000,00000000000,0,0,0,1,0,0,0,0,0,0,0,30,0,0,0,9,6,2,12,0,0,0,1,37,28405,6,1,0,0,3,0,67,999,0,0,0,0,0,0,0,0,0,0,0,0,0,0,1,2,45,1,1,2,1,3,3,11,15,1,1,1,82,0,0
37,370665,1,1,1,22,7,1,20,8,0,1,1,99,9,99,999,99999,99,9999,999999999999,9,9,9,9,9,9,9,9,9,9,9,9,9,,,,,,,,,,,,,,,,,,,,,,,,,0,0,000000000,00000000000,0,0,0,1,0,0,0,0,0,0,0,999,0,0,0,99,9,1,8,0,0,0,1,99,99999,9,9,99,9,9,9,999,999,99,99,99,99,99,99,9999,99,9999,9,0,0,0,0,1,2,45,4,1,2,1,0,0,1,82,1,1,9,13,0,0
37,370666,1,2,1,28,7,4,40,12,6,1,0,37,1,32,43,32043,4,2006,WAUDF78E46A0,W,A,U,D,F,7,8,E,4,6,A,0,0,P,AUDI,NAQ,4D,6,17,3461,,0,1043,,G,,T,4,121,,,17R235,,,,,,0,0,000000000,00000000000,0,0,0,1,0,0,0,0,0,0,0,60,0,0,0,12,6,2,12,0,0,0,1,37,27606,6,1,0,0,3,0,73,999,1,2,0,1,1,12,2009,5,2011,0,38,39,0,0,2,3,55,1,2,2,1,3,3,1,17,1,1,1,88,0,1
37,370666,2,2,2,28,7,4,40,12,6,1,0,12,3,7,26,7026,4,2012,1C3CDZCB4CN1,1,C,3,C,D,Z,C,B,4,C,N,1,0,P,DODG,AXT,4D,12,17,3394,,0,1089,,G,,F,4,146,,,17R215,,,,,,0,0,000000000,00000000000,0,0,0,1,0,0,0,0,0,0,0,55,0,0,0,9,6,2,12,0,0,0,1,37,27610,6,1,0,0,3,1,69,999,0,0,0,2,2,11,2009,1,2012,0,0,0,0,0,2,2,55,8,8,2,1,3,3,1,66,1,1,1,89,1,1
37,370667,1,1,1,22,8,23,24,32,0,1,0,37,2,37,706,37706,80,1997,JH2SC3304VM1,J,H,2,S,C,3,3,0,4,V,M,1,0,M,HOND,CR9,RC,97,17,,,,,,,919,,4,,4,407,,,,,,,0,0,000000000,00000000000,0,0,0,1,0,0,0,0,0,0,0,90,0,0,0,12,6,2,32,0,0,1,1,37,27837,6,1,0,0,3,0,70,999,1,0,0,0,0,3,2012,3,2012,1,36,0,0,0,1,2,55,2,1,2,1,0,0,14,12,1,1,4,6,1,0