STATE,ST_CASE,VEH_NO,VE_FORMS,NUMOCCS,DAY,MONTH,HOUR,MINUTE,HARM_EV,MAN_COLL,UNITTYPE,HIT_RUN,REG_STAT,OWNER,MAKE,MODEL,MAK_MOD,BODY_TYP,MOD_YEAR,VIN,VIN_1,VIN_2,VIN_3,VIN_4,VIN_5,VIN_6,VIN_7,VIN_8,VIN_9,VIN_10,VIN_11,VIN_12,TOW_VEH,VINTYPE,VINMAKE,VINA_MOD,VIN_BT,VINMODYR,VIN_LNGT,VIN_WGT,WGTCD_TR,WHLBS_LG,WHLBS_SH,SER_TR,FUELCODE,MCYCL_DS,CARBUR,CYLINDER,DISPLACE,MCYCL_CY,MCYCL_WT,TIRE_SZE,TON_RAT,TRK_WT,TRKWTVAR,VIN_REST,WHLDRWHL,J_KNIFE,MCARR_I1,MCARR_I2,MCARR_ID,GVWR,V_CONFIG,CARGO_BT,HAZ_INV,HAZ_PLAC,HAZ_ID,HAZ_CNO,HAZ_REL,BUS_USE,SPEC_USE,EMER_USE,TRAV_SP,UNDERIDE,ROLLOVER,ROLINLOC,IMPACT1,DEFORMED,TOWED,M_HARM,VEH_SC1,VEH_SC2,FIRE_EXP,DR_PRES,L_STATE,DR_ZIP,L_STATUS,L_TYPE,CDL_STAT,L_ENDORS,L_COMPL,L_RESTRI,DR_HGT,DR_WGT,PREV_ACC,PREV_SUS,PREV_DWI,PREV_SPD,PREV_OTH,FIRST_MO,FIRST_YR,LAST_MO,LAST_YR,SPEEDREL,DR_SF1,DR_SF2,DR_SF3,DR_SF4,VTRAFWAY,VNUM_LAN,VSPD_LIM,VALIGN,VPROFILE,VPAVETYP,VSURCOND,VTRAFCON,VTCONT_F,P_CRASH1,P_CRASH2,P_CRASH3,PCRASH4,PCRASH5,ACC_TYPE,DEATHS,DR_DRINK
37,370668,1,1,1,12,8,18,19,33,0,1,0,37,1,2,404,2404,14,1997,1J4GZ58SXVC6,1,J,4,G,Z,5,8,S,X,V,C,6,0,T,JEEP,LRT,4W,97,17,,1,0,1059,GCK,G,,,6,242,,,,,3700,02,E,44,0,0,000000000,00000000000,0,0,0,1,0,0,0,0,0,0,0,65,0,0,0,1,6,2,43,0,0,0,1,37,27889,6,1,0,0,3,3,69,999,0,0,0,0,0,0,0,0,0,0,0,0,0,0,1,4,45,3,1,2,1,0,0,15,13,1,1,4,1,1,1
37,370669,1,1,1,18,8,22,20,34,0,1,0,37,1,20,9,20009,2,1996,2G1FP22KXT21,2,G,1,F,P,2,2,K,X,T,2,1,0,P,CHEV,C/R,CP,96,17,3306,,0,1011,,G,,F,6,231,,,16R215,,,,,,0,0,000000000,00000000000,0,0,0,1,0,0,0,0,0,0,0,55,0,0,0,11,6,2,42,0,0,0,1,37,28465,6,1,0,0,3,0,70,999,1,0,0,0,0,8,2012,8,2012,1,0,0,0,0,1,2,55,2,1,2,1,0,0,14,12,1,1,4,6,1,0
37,370670,1,1,1,22,8,18,0,34,0,1,0,0,0,98,701,98701,81,1998,000000000000,0,0,0,0,0,0,0,0,0,0,0,0,0,,,,,,,,,,,,,,,,,,,,,,,,,0,0,000000000,00000000000,0,0,0,1,0,0,0,0,0,0,0,35,0,0,0,81,2,8,1,0,0,0,1,37,28602,0,0,0,0,0,0,69,999,0,0,0,0,0,0,0,0,0,0,36,0,0,0,1,2,45,1,2,2,1,0,0,1,13,1,1,4,1,1,1
37,370671,1,3,2,10,8,13,51,12,1,1,0,45,3,20,461,20461,21,2007,1GCGG29V2711,1,G,C,G,G,2,9,V,2,7,1,1,0,T,CHEV,E25,EC,7,17,,2,0,1550,EXP,G,,,8,293,,,,C,5547,00,,42,0,0,000000000,00000000000,0,0,0,1,0,0,0,0,0,0,0,65,0,0,0,12,6,2,12,0,0,0,1,45,29673,6,1,0,0,3,0,75,250,0,0,0,0,0,0,0,0,0,1,0,0,0,0,3,5,65,1,3,2,1,0,0,1,50,1,1,1,28,1,0
37,370671,2,3,2,10,8,13,51,12,1,1,0,37,3,20,481,20481,31,2000,2GCEC19V8Y14,2,G,C,E,C,1,9,V,8,Y,1,4,0,T,CHEV,SC1,3C,0,17,,2,1575,1435,SIL,G,,,8,293,,,,B,4134,03,,42,0,0,000000000,00000000000,0,0,0,1,0,0,0,0,0,0,0,65,0,0,0,6,6,2,12,0,0,0,1,45,29627,6,1,0,0,3,0,65,140,0,0,0,1,0,11,2010,11,2010,0,0,0,0,0,3,5,65,1,3,2,1,0,0,2,53,1,1,1,29,0,0
37,370671,3,3,1,10,8,13,51,12,1,1,0,13,3,98,809,98809,66,2009,2FZHCMCV69AA,2,F,Z,H,C,M,C,V,6,9,A,A,1,T,STRG,LCS,CC,9,17,,8,0,0,STE,D,,,6,782,,,,,00000,00,,64,1,57,438719,57438719,3,6,6,1,0,0,0,0,0,0,0,65,0,0,0,12,6,2,12,0,0,0,1,37,27301,6,1,6,0,3,0,74,999,0,0,0,0,1,12,2009,12,2009,0,0,0,0,0,3,5,65,1,3,2,1,0,0,1,62,1,1,1,98,0,0
37,370672,1,1,1,7,8,17,0,32,0,1,0,37,1,34,401,34401,14,2009,5UXFE43579L2,5,U,X,F,E,4,3,5,7,9,L,2,0,P,BMW,BX5,UT,9,17,4916,,0,1155,,G,,F,6,183,,,18R255,,,,,,0,0,000000000,00000000000,0,0,0,1,0,0,0,0,0,0,0,90,0,1,5,12,6,2,19,0,0,0,1,37,27534,6,1,5,0,3,0,68,999,1,2,1,0,0,1,2010,3,2011,1,36,0,0,0,1,2,45,2,1,2,1,0,0,14,12,1,1,4,6,1,1
37,370673,1,1,1,25,8,23,3,30,0,1,0,37,1,23,471,23471,30,2003,1GTDT13XX3K1,1,G,T,D,T,1,3,X,X,3,K,1,0,T,GMC,SON,CW,3,17,,1,0,1229,SON,G,,,6,262,,,,B,4039,00,U,44,0,0,000000000,00000000000,0,0,0,1,0,0,0,0,0,0,0,45,0,0,0,12,6,2,30,0,0,0,1,37,28546,6,1,0,0,3,3,70,999,0,0,0,0,0,0,0,0,0,0,29,0,0,0,1,2,45,1,1,2,1,0,0,1,13,1,1,4,1,1,0
37,370674,2,1,1,3,8,14,9,8,0,1,0,37,1,12,402,12402,14,2012,1FMCU0DG2CKC,1,F,M,C,U,0,D,G,2,C,K,C,0,P,FORD,SPE,UT,12,17,3332,,0,1031,,F,,F,6,183,,,16R235,,,,,,0,0,000000000,00000000000,0,0,0,1,0,0,0,0,0,0,0,55,0,0,0,12,6,2,8,0,0,0,1,37,28906,6,1,0,0,3,3,70,999,1,0,0,0,0,9,2011,9,2011,0,36,0,0,0,1,4,55,1,2,2,1,0,0,1,13,1,1,4,1,0,0
37,370675,1,1,2,28,8,8,15,57,0,1,0,37,2,20,444,20444,20,2008,1GNDV23W58D1,1,G,N,D,V,2,3,W,5,8,D,1,0,T,CHEV,DLS,ES,8,17,,1,0,1211,UPL,F,,,6,238,,,,B,4233,00,,42,0,0,000000000,00000000000,0,0,0,1,0,0,0,0,0,0,0,70,0,0,0,12,6,2,57,0,0,0,1,37,27962,6,1,0,0,3,0,60,999,0,0,0,0,0,0,0,0,0,0,0,0,0,0,3,2,70,1,1,2,1,0,0,1,12,1,1,4,6,1,0
37,370676,1,1,1,13,8,23,24,33,0,1,0,45,3,72,709,72709,80,2002,4K7S8135X2C0,4,K,7,S,8,1,3,5,X,2,C,0,0,M,HD,,,2,17,,,,,,,,,,,,,,,,,,,0,0,000000000,00000000000,0,0,0,1,0,0,0,0,0,0,0,80,0,0,0,12,6,2,30,0,0,0,1,37,28152,3,1,3,0,2,0,73,999,0,0,0,0,0,0,0,0,0,1,36,0,0,0,1,2,35,1,1,2,1,0,0,6,51,6,1,4,1,1,1
37,370677,1,2,1,13,8,23,24,12,1,1,0,37,1,53,706,53706,80,2002,JS1VS54A6221,J,S,1,V,S,5,4,A,6,2,2,1,0,M,SUZI,VL8,RS,2,17,,,,,,,805,,2,,4,526,,,,,,,0,0,000000000,00000000000,0,0,0,1,0,0,0,0,0,0,0,90,0,0,0,12,6,2,12,0,0,0,1,37,28150,6,1,0,0,2,0,70,999,0,0,0,0,0,0,0,0,0,1,36,0,0,0,1,2,35,1,1,2,1,0,0,1,51,4,1,1,28,1,1
37,370677,2,2,2,13,8,23,24,12,1,1,0,37,1,18,2,18002,4,2005,1G4HP52K65U2,1,G,4,H,P,5,2,K,6,5,U,2,0,P,BUIC,LCF,4D,5,17,3567,,0,1122,,G,,F,6,232,,,15R215,,,,,,0,0,000000000,00000000000,0,0,0,1,0,0,0,0,0,0,0,35,0,0,0,6,4,1,12,0,0,0,1,37,28168,6,1,0,0,3,0,65,999,1,0,0,0,0,2,2011,2,2011,0,0,0,0,0,1,2,35,1,1,2,1,0,0,2,53,1,1,1,29,0,0
37,370678,1,1,3,17,8,16,8,35,0,1,0,37,2,12,401,12401,14,1998,1FMYU22X2WUD,1,F,M,Y,U,2,2,X,2,W,U,D,0,P,FORD,EPR,UT,98,17,3692,,0,1017,,G,,F,6,245,,,15R225,,,,,,0,0,000000000,00000000000,0,0,0,1,0,0,0,0,0,0,0,45,0,1,5,12,6,2,1,0,0,0,1,37,28073,6,1,0,0,3,0,69,999,0,1,0,1,1,6,2010,12,2011,0,80,0,0,0,1,2,45,4,1,2,1,0,0,1,1,2,2,4,2,1,0
37,370679,1,2,2,2,8,14,19,12,6,1,0,37,3,85,881,85881,66,2003,3WKAD49X53F3,3,W,K,A,D,4,9,X,5,3,F,3,1,T,KW,T60,TR,3,17,,8,2600,1600,CON,D,,,6,915,,,,,00000,00,,64,1,57,1243015,571243015,3,6,8,1,0,0,0,0,0,0,0,55,0,0,0,12,6,2,12,0,0,0,1,37,28431,6,1,6,0,3,1,74,999,0,0,0,0,0,0,0,0,0,0,0,0,0,0,1,2,55,1,1,2,1,0,0,6,51,1,1,1,73,0,0
37,370679,2,2,4,2,8,14,19,12,6,1,0,37,2,12,17,12017,4,1997,1FALP52U5VA2,1,F,A,L,P,5,2,U,5,V,A,2,0,P,FORD,TAG,4D,97,17,3329,,0,1085,,G,,F,6,182,,,15R205,,,,,,0,0,000000000,00000000000,0,0,0,1,0,0,0,0,0,0,0,45,0,0,0,9,6,2,12,0,0,0,1,37,28439,6,1,0,0,3,3,63,999,0,0,0,0,0,0,0,0,0,0,48,0,0,0,1,2,55,1,1,2,1,0,0,11,15,1,1,1,72,2,0
37,370680,1,3,2,14,8,20,31,8,0,1,0,37,1,7,442,7442,20,2005,2D4GP44L55R4,2,D,4,G,P,4,4,L,5,5,R,4,0,T,DODG,GSX,ES,5,17,,1,0,1193,CAR,G,,,6,230,,,,,4222,00,E,42,0,0,000000000,00000000000,0,0,0,1,0,0,0,0,0,0,0,45,0,0,0,12,6,2,8,0,0,0,1,37,28562,6,1,0,0,3,3,71,999,0,0,0,0,1,3,2012,3,2012,0,0,0,0,0,1,2,55,1,1,2,1,0,0,1,80,1,1,1,13,0,0
37,370680,2,3,0,14,8,20,31,8,0,1,0,0,0,99,998,99998,92,9999,000000000000,0,0,0,0,0,0,0,0,0,0,0,0,0,,,,,,,,,,,,,,,,,,,,,,,,,0,0,000000000,00000000000,0,0,0,1,0,0,0,0,0,0,0,0,0,0,0,11,4,1,12,0,0,0,0,0,99997,7,6,97,7,6,7,998,997,998,998,998,998,998,98,9998,98,9998,8,54,0,0,0,1,2,55,1,1,2,1,0,0,0,62,0,0,0,98,0,0
37,370680,3,3,1,14,8,20,31,8,0,1,0,0,0,99,998,99998,92,9999,000000000000,0,0,0,0,0,0,0,0,0,0,0,0,0,,,,,,,,,,,,,,,,,,,,,,,,,0,0,000000000,00000000000,0,0,0,1,0,0,0,0,0,0,0,998,0,0,0,1,4,1,12,0,0,0,1,37,28526,0,0,0,0,0,0,999,999,0,0,0,0,0,0,0,0,0,0,35,0,0,0,1,2,55,1,1,2,1,0,0,6,54,1,1,2,98,0,0
37,370681,1,1,1,27,8,17,3,8,0,1,0,37,2,58,401,58401,14,2002,JNRDR09Y42W2,J,N,R,D,R,0,9,Y,4,2,W,2,0,P,INFI,QX4,UT,2,17,4218,,0,1063,,G,,F,6,213,,,16R245,,,,,,0,0,000000000,00000000000,0,0,0,1,0,0,0,0,0,0,0,45,0,0,0,12,4,3,8,0,0,0,1,37,28314,6,1,0,0,3,0,63,999,0,0,0,0,0,0,0,0,0,0,0,0,0,0,1,2,45,1,1,2,1,0,0,1,80,1,1,1,13,0,0
37,370682,1,2,1,9,8,14,39,12,8,1,0,37,1,35,402,35402,14,2003,5N1ED28Y43C6,5,N,1,E,D,2,8,Y,4,3,C,6,0,P,NISS,XTR,UT,3,17,3924,,0,1043,,G,,F,6,201,,,16R265,,,,,,0,0,000000000,00000000000,0,0,0,1,0,0,0,0,0,0,0,10,0,0,0,3,6,2,12,0,0,0,1,37,28356,6,1,0,0,3,0,67,999,0,0,0,0,0,0,0,0,0,0,38,0,0,0,3,7,45,1,1,2,1,3,3,99,99,1,9,9,99,0,0
37,370682,2,2,1,9,8,14,39,12,8,1,0,37,1,76,705,76705,80,1996,JYA4NAE07TA0,J,Y,A,4,N,A,E,0,7,T,A,0,0,M,YAMA,YZF,RC,96,17,,,,,,,599,,4,,4,408,,,,,,,0,0,000000000,00000000000,0,0,0,1,0,0,0,0,0,0,0,45,0,0,0,9,6,2,12,0,0,0,1,37,28311,6,1,0,0,3,0,67,999,0,0,0,0,0,0,0,0,0,0,0,0,0,0,3,7,45,1,1,2,1,3,3,99,99,1,9,9,99,1,0
37,370683,1,1,5,7,8,1,55,9,0,1,1,37,2,62,423,62423,15,2006,SALAE25496A3,S,A,L,A,E,2,5,4,9,6,A,3,0,T,LNDR,LRE,4W,6,17,,2,0,1136,LR3,G,,,8,268,,,,,5426,00,7,44,0,0,000000000,00000000000,0,0,0,1,0,0,0,0,0,0,0,45,0,0,0,12,6,2,9,0,0,0,1,37,27959,1,1,0,0,2,0,72,999,2,0,0,1,2,8,2010,2,2012,1,36,0,0,0,1,3,35,1,1,2,2,0,0,1,80,1,1,1,13,0,1
37,370684,1,2,1,2,8,11,0,12,6,1,0,37,2,52,37,52037,2,1992,4A3CS44R7NE0,4,A,3,C,S,4,4,R,7,N,E,0,0,P,MITS,EGS,2H,92,17,2572,,0,972,,G,,F,4,122,,,14R185,,,,,,0,0,000000000,00000000000,0,0,0,1,0,0,0,0,0,0,0,60,0,0,0,3,6,2,12,0,0,0,1,37,27295,6,1,6,0,3,0,69,999,0,0,0,0,1,4,2010,4,2010,1,28,36,0,0,1,2,55,3,1,2,1,0,0,14,6,1,2,4,66,1,0
37,370684,2,2,1,2,8,11,0,12,6,1,0,37,3,49,51,49051,3,2012,JTDJTUD33CD5,J,T,D,J,T,U,D,3,3,C,D,5,0,P,TOYT,YAR,2H,12,17,2295,,0,988,,G,,F,4,091,,,15R175,,,,,,0,0,000000000,00000000000,0,0,0,1,0,0,0,0,0,0,0,55,0,0,0,12,6,2,12,0,0,0,1,37,27295,6,1,0,0,3,0,71,999,0,0,0,0,0,0,0,0,0,0,0,0,0,0,1,2,5,2,1,2,1,0,0,14,62,7,1,5,66,0,0
37,370685,1,1,1,2,8,17,16,34,0,1,0,0,0,98,709,98709,81,2008,000000000000,0,0,0,0,0,0,0,0,0,0,0,0,0,,,,,,,,,,,,,,,,,,,,,,,,,0,0,000000000,00000000000,0,0,0,1,0,0,0,0,0,0,0,30,0,0,0,12,6,2,34,0,0,0,1,37,27127,1,1,0,0,1,0,67,999,1,4,0,0,1,10,2009,4,2012,0,0,0,0,0,1,2,45,1,1,2,1,0,0,1,13,1,1,4,1,1,1
37,370686,1,1,1,4,8,2,26,43,0,1,0,37,2,22,20,22020,4,2007,2G2WP5528712,2,G,2,W,P,5,5,2,8,7,1,2,0,P,PONT,GRA,4D,7,17,3477,,0,1105,,G,,F,6,232,,,16R225,,,,,,0,0,000000000,00000000000,0,0,0,1,0,0,0,0,0,0,0,60,0,1,5,12,6,2,42,0,0,1,1,37,27295,6,1,0,0,3,0,73,999,0,1,0,1,1,10,2009,10,2010,1,28,36,0,0,1,2,45,2,3,2,1,0,0,14,10,1,1,4,6,1,1
37,370687,1,1,1,3,8,12,57,34,0,1,0,37,1,2,404,2404,14,1999,1J4GW68N4XC5,1,J,4,G,W,6,8,N,4,X,C,5,0,T,JEEP,LMT,4W,99,17,,1,0,1059,GCK,G,,,8,287,,,,,3809,00,E,44,0,0,000000000,00000000000,0,0,0,1,0,0,0,0,0,0,0,70,0,0,0,14,6,2,30,0,0,0,1,37,27703,1,1,0,0,2,3,73,999,0,1,0,0,1,5,2012,5,2012,1,28,36,0,0,1,2,55,3,2,2,1,0,0,14,10,1,1,4,6,1,1
37,370688,1,2,1,19,8,15,50,12,6,1,0,37,1,20,37,20037,4,2007,1G1ZT58N97F3,1,G,1,Z,T,5,8,N,9,7,F,3,0,P,CHEV,MLT,4D,7,17,3155,,0,1063,,G,,F,6,214,,,16R215,,,,,,0,0,000000000,00000000000,0,0,0,1,0,0,0,0,0,0,0,35,0,0,0,10,6,2,12,0,0,0,1,37,27295,6,1,0,0,3,3,63,999,0,0,0,0,0,0,0,0,0,0,39,0,0,0,1,3,35,1,2,2,2,20,3,1,17,1,1,1,89,1,0
37,370688,2,2,2,19,8,15,50,12,6,1,0,37,1,12,850,12850,65,2006,1F6NF53Y360A,1,F,6,N,F,5,3,Y,3,6,0,A,0,T,FORD,F/5,MH,6,17,,6,2280,1780,DRW,G,,,10,415,,,,D,00000,00,A,42,0,0,000000000,00000000000,0,0,0,1,0,0,0,0,0,0,0,35,0,0,0,12,4,9,12,0,0,0,1,37,27292,6,1,0,0,3,0,70,999,0,0,0,0,1,5,2012,5,2012,0,0,0,0,0,1,3,35,1,2,2,2,0,0,1,17,1,1,1,88,0,0
37,370689,1,1,1,5,8,7,42,1,0,1,0,37,1,55,36,55036,4,2000,KMHCG45G5YU0,K,M,H,C,G,4,5,G,5,Y,U,0,0,P,HYUN,AGL,4D,0,17,2240,,0,961,,G,,F,4,091,,,13R175,,,,,,0,0,000000000,00000000000,0,0,0,1,0,0,0,0,0,0,0,75,0,2,5,0,6,2,1,0,0,0,1,37,28659,6,1,0,0,3,0,72,999,0,0,0,0,1,4,2012,4,2012,1,28,36,58,0,1,2,55,3,1,2,1,0,0,14,13,1,1,4,1,1,1
37,370690,1,2,4,17,8,9,18,12,6,1,0,37,2,49,33,49033,2,2002,JTDDR32T1201,J,T,D,D,R,3,2,T,1,2,0,1,0,P,TOYT,CGF,2H,2,17,2425,,0,1023,,G,,F,4,109,,,15R195,,,,,,0,0,000000000,00000000000,0,0,0,1,0,0,0,0,0,0,0,20,0,0,0,3,6,2,12,0,0,0,1,37,28508,0,0,0,0,0,0,999,999,0,1,0,0,6,1,2011,7,2012,0,38,0,0,0,1,2,55,1,1,2,1,20,3,4,17,1,1,1,87,1,0
37,370690,2,2,1,17,8,9,18,12,6,1,0,37,3,12,481,12481,31,2000,1FTNF20L1YEB,1,F,T,N,F,2,0,L,1,Y,E,B,0,T,FORD,F2S,PK,0,17,,2,0,1370,SRW,G,,,8,330,,,,C,4956,07,U,42,0,0,000000000,00000000000,0,0,0,1,0,0,0,0,0,0,0,55,0,0,0,12,6,2,12,0,0,0,1,37,27851,6,1,0,0,3,0,67,999,0,0,0,0,0,0,0,0,0,0,0,0,0,0,1,2,55,1,1,2,1,0,0,1,54,1,1,1,86,0,0
37,370691,1,1,1,26,8,16,30,42,0,1,0,37,1,20,37,20037,4,1998,1G1ND52M9WY1,1,G,1,N,D,5,2,M,9,W,Y,1,0,P,CHEV,MAL,4D,98,17,3100,,0,1070,,G,,F,6,191,,,15R215,,,,,,0,0,000000000,00000000000,0,0,0,1,0,0,0,0,0,0,0,75,0,1,5,12,6,2,1,0,0,0,1,37,28518,6,1,0,0,3,0,61,999,0,0,0,0,0,0,0,0,0,1,36,0,0,0,1,2,55,1,1,2,1,0,0,1,13,1,1,4,1,1,0
37,370692,1,1,1,12,8,18,44,15,0,1,0,37,2,52,37,52037,2,2001,4A3AE85H01E0,4,A,3,A,E,8,5,H,0,1,E,0,0,P,MITS,STG,CV,1,17,3241,,0,1008,,G,,F,6,181,,,17R215,,,,,,0,0,000000000,00000000000,0,0,0,1,0,0,0,0,0,0,0,25,0,0,0,12,4,9,15,0,0,0,1,37,27610,6,1,0,0,3,0,70,999,1,7,0,3,7,10,2009,2,2012,0,0,0,0,0,1,2,25,1,2,2,1,20,3,1,80,1,1,1,13,0,0
37,370693,1,1,1,26,8,2,26,8,0,1,1,37,2,35,47,35047,4,2003,1N4BL11D43C2,1,N,4,B,L,1,1,D,4,3,C,2,0,P,NISS,ABE,4D,3,17,3071,,0,1102,,G,,F,6,214,,,17R215,,,,,,0,0,000000000,00000000000,0,0,0,1,0,0,0,0,0,0,0,50,0,0,0,12,6,2,8,0,0,0,1,37,27704,2,1,0,0,2,0,69,999,1,0,0,0,1,11,2009,8,2011,1,36,0,0,0,1,4,35,1,1,2,1,0,0,1,80,1,1,1,13,0,0
37,370694,1,1,1,30,8,6,58,8,0,1,0,37,2,12,481,12481,31,2002,1FTRW08L02KD,1,F,T,R,W,0,8,L,0,2,K,D,0,T,FORD,F1S,CW,2,17,,2,0,1388,COF,G,,,8,330,,,,B,5005,02,E,44,0,0,000000000,00000000000,0,0,0,1,0,0,0,0,0,0,0,45,0,0,0,12,2,9,8,0,0,0,1,34,7721,6,1,6,9,3,0,69,999,0,0,0,0,0,0,0,0,0,0,0,0,0,0,1,2,55,1,2,2,1,0,0,1,80,1,1,1,13,0,0
37,370695,1,1,1,17,8,20,50,38,0,1,0,37,2,54,31,54031,3,1994,JH4DC4357RS0,J,H,4,D,C,4,3,5,7,R,S,0,0,P,ACUR,ILS,2H,94,17,2572,,0,1012,,G,,F,4,112,,,14R195,,,,,,0,0,000000000,00000000000,0,0,0,1,0,0,0,0,0,0,0,60,0,0,0,12,6,2,42,0,0,0,1,37,27127,1,1,0,0,2,0,68,999,0,1,0,2,2,5,2011,1,2012,1,36,0,0,0,1,2,55,1,1,2,1,0,0,1,10,1,1,4,6,1,0
37,370696,1,2,1,3,8,21,15,12,6,1,0,37,1,76,705,76705,80,2000,JYA5AHE03YA0,J,Y,A,5,A,H,E,0,3,Y,A,0,0,M,YAMA,YZF,RC,0,17,,,,,,,599,,4,,4,416,,,,,,,0,0,000000000,00000000000,0,0,0,1,0,0,0,0,0,0,0,25,0,0,0,9,6,2,12,0,0,0,1,37,27103,6,1,0,0,2,0,71,999,0,2,0,0,4,11,2009,1,2011,0,39,0,0,0,2,4,35,1,2,2,1,3,3,1,17,1,1,1,83,1,0
37,370696,2,2,1,3,8,21,15,12,6,1,0,37,1,49,43,49043,4,1997,4T1BF12BXVU2,4,T,1,B,F,1,2,B,X,V,U,2,0,P,TOYT,UVS,4D,97,17,3263,,0,1071,,G,,F,6,183,,,15R205,,,,,,0,0,000000000,00000000000,0,0,0,1,0,0,0,0,0,0,0,10,0,0,0,12,4,9,12,0,0,0,1,37,27103,6,1,0,0,3,3,65,999,0,0,0,0,1,6,2012,6,2012,0,0,0,0,0,2,4,35,1,2,2,1,3,3,11,15,1,1,1,82,0,0
37,370697,1,2,1,26,8,13,58,12,2,1,0,37,1,58,401,58401,14,2002,JNRDR09Y72W2,J,N,R,D,R,0,9,Y,7,2,W,2,0,P,INFI,QX4,UT,2,17,4218,,0,1063,,G,,F,6,213,,,16R245,,,,,,0,0,000000000,00000000000,0,0,0,1,0,0,0,0,0,0,0,10,0,0,0,12,6,2,12,0,0,0,1,37,27549,6,1,0,0,3,3,68,999,0,0,0,0,0,0,0,0,0,0,38,0,0,0,1,2,55,3,2,2,1,0,0,11,15,1,1,2,74,0,0
37,370697,2,2,4,26,8,13,58,12,2,1,0,37,1,37,32,37032,2,1988,1HGCA6180JA0,1,H,G,C,A,6,1,8,0,J,A,0,0,P,HOND,LXI,CP,88,17,2551,,0,1024,,G,,F,4,119,,,13R185,,,,,,0,0,000000000,00000000000,0,0,0,1,0,0,0,0,0,0,0,55,0,0,0,12,4,9,12,0,0,0,1,37,27252,6,1,0,0,3,0,66,999,0,0,0,1,0,7,2011,7,2011,0,0,0,0,0,1,2,55,2,2,2,1,0,0,1,62,1,1,1,74,1,0
37,370698,1,2,2,25,8,7,7,12,6,1,0,37,3,87,881,87881,66,2006,1XPFDB9X86N6,1,X,P,F,D,B,9,X,8,6,N,6,1,T,PTRB,378,TR,6,17,,8,0,0,CON,D,,,6,893,,,,,00000,00,,64,1,57,272675,57272675,3,6,1,1,0,0,0,0,0,0,0,55,0,1,5,12,6,2,12,0,0,0,1,37,27597,6,1,6,0,3,0,75,999,0,0,0,0,1,12,2010,12,2010,0,0,0,0,0,2,4,55,1,1,2,2,3,3,1,54,1,1,1,88,0,0
37,370698,2,2,1,25,8,7,7,12,6,1,0,37,1,49,43,49043,4,2007,4T1BK36B47U2,4,T,1,B,K,3,6,B,4,7,U,2,0,P,TOYT,UTS,4D,7,17,3495,,0,1071,,G,,F,6,214,,,16R215,,,,,,0,0,000000000,00000000000,0,0,0,1,0,0,0,0,0,0,0,5,0,0,0,9,6,2,12,0,0,0,1,37,27587,6,1,0,0,3,3,61,999,0,0,0,0,1,5,2011,5,2011,0,39,0,0,0,2,4,55,1,1,2,2,3,3,1,17,1,1,1,89,1,0
37,370699,1,1,1,4,8,5,15,34,0,1,0,37,1,12,401,12401,14,1998,1FMZU35P0WUB,1,F,M,Z,U,3,5,P,0,W,U,B,0,P,FORD,EPR,UT,98,17,4374,,0,1115,,G,,F,8,302,,,15R225,,,,,,0,0,000000000,00000000000,0,0,0,1,0,0,0,0,0,0,0,55,0,1,5,12,6,2,1,0,0,0,1,37,27572,6,1,0,0,3,0,72,999,1,0,0,0,0,3,2010,3,2010,0,28,58,0,0,1,2,55,3,1,2,1,0,0,14,13,1,1,4,1,1,1
37,370700,1,1,1,21,8,13,50,52,0,1,0,37,1,12,481,12481,31,2002,1FTRW07672KE,1,F,T,R,W,0,7,6,7,2,K,E,0,T,FORD,F1S,CW,2,17,,2,0,1385,COF,G,,,8,281,,,,B,4655,02,E,42,0,0,000000000,00000000000,0,0,0,1,0,0,0,0,0,0,0,55,0,0,0,12,6,2,42,0,0,0,1,37,27565,6,1,0,0,3,0,66,999,0,0,0,0,0,0,0,0,0,0,99,99,99,99,1,2,55,1,1,2,1,0,0,1,13,1,1,4,1,1,1
37,370701,1,2,5,27,8,13,57,12,6,1,0,37,2,20,403,20403,14,2005,1GNET16S0561,1,G,N,E,T,1,6,S,0,5,6,1,0,P,CHEV,TRL,UT,5,17,4954,,0,1290,,G,,F,6,256,,,17R245,,,,,,0,0,000000000,00000000000,0,0,0,1,0,0,0,0,0,0,0,55,0,0,0,3,6,2,12,0,0,0,1,37,27534,6,1,0,0,3,0,60,999,0,1,0,0,2,3,2011,8,2011,0,6,24,0,0,1,2,55,1,1,2,2,0,0,1,10,1,4,2,64,2,1
37,370701,2,2,1,27,8,13,57,12,6,1,0,37,3,12,481,12481,31,2010,1FTFW1EV8AFD,1,F,T,F,W,1,E,V,8,A,F,D,0,T,FORD,F1S,CW,10,17,,2,1570,1450,COF,F,,,8,329,,,,B,5345,00,7,44,0,0,000000000,00000000000,0,0,0,1,0,0,0,0,0,0,0,55,0,0,0,12,6,2,12,0,0,0,1,37,27888,6,1,0,0,3,0,72,999,0,0,0,0,0,0,0,0,0,0,0,0,0,0,1,2,55,1,1,2,2,0,0,1,62,1,1,1,65,0,1
37,370702,1,1,1,2,8,14,15,42,0,1,0,37,1,7,472,7472,30,1991,1B7FL26Y4MS3,1,B,7,F,L,2,6,Y,4,M,S,3,0,T,DODG,DAK,PK,91,17,,1,1239,1119,DAK,G,,,8,318,,,,B,2895,01,A,42,0,0,000000000,00000000000,0,0,0,1,0,0,0,0,0,0,0,45,0,1,5,3,6,2,1,0,0,0,1,37,27249,6,1,0,0,3,3,67,999,1,0,0,0,0,12,2011,12,2011,0,6,0,0,0,1,2,45,3,2,2,1,0,0,14,13,1,1,4,1,1,1