STATE,ST_CASE,VEH_NO,VE_FORMS,NUMOCCS,DAY,MONTH,HOUR,MINUTE,HARM_EV,MAN_COLL,UNITTYPE,HIT_RUN,REG_STAT,OWNER,MAKE,MODEL,MAK_MOD,BODY_TYP,MOD_YEAR,VIN,VIN_1,VIN_2,VIN_3,VIN_4,VIN_5,VIN_6,VIN_7,VIN_8,VIN_9,VIN_10,VIN_11,VIN_12,TOW_VEH,VINTYPE,VINMAKE,VINA_MOD,VIN_BT,VINMODYR,VIN_LNGT,VIN_WGT,WGTCD_TR,WHLBS_LG,WHLBS_SH,SER_TR,FUELCODE,MCYCL_DS,CARBUR,CYLINDER,DISPLACE,MCYCL_CY,MCYCL_WT,TIRE_SZE,TON_RAT,TRK_WT,TRKWTVAR,VIN_REST,WHLDRWHL,J_KNIFE,MCARR_I1,MCARR_I2,MCARR_ID,GVWR,V_CONFIG,CARGO_BT,HAZ_INV,HAZ_PLAC,HAZ_ID,HAZ_CNO,HAZ_REL,BUS_USE,SPEC_USE,EMER_USE,TRAV_SP,UNDERIDE,ROLLOVER,ROLINLOC,IMPACT1,DEFORMED,TOWED,M_HARM,VEH_SC1,VEH_SC2,FIRE_EXP,DR_PRES,L_STATE,DR_ZIP,L_STATUS,L_TYPE,CDL_STAT,L_ENDORS,L_COMPL,L_RESTRI,DR_HGT,DR_WGT,PREV_ACC,PREV_SUS,PREV_DWI,PREV_SPD,PREV_OTH,FIRST_MO,FIRST_YR,LAST_MO,LAST_YR,SPEEDREL,DR_SF1,DR_SF2,DR_SF3,DR_SF4,VTRAFWAY,VNUM_LAN,VSPD_LIM,VALIGN,VPROFILE,VPAVETYP,VSURCOND,VTRAFCON,VTCONT_F,P_CRASH1,P_CRASH2,P_CRASH3,PCRASH4,PCRASH5,ACC_TYPE,DEATHS,DR_DRINK
37,370736,1,1,1,13,8,20,40,8,0,1,0,37,1,51,46,51046,4,2007,YV1MS3824723,Y,V,1,M,S,3,8,2,4,7,2,3,0,P,VOLV,S42,4D,7,17,3223,,0,1039,,G,,F,5,149,,,16R205,,,,,,0,0,000000000,00000000000,0,0,0,1,0,0,0,0,0,0,0,43,0,0,0,12,6,9,8,0,0,0,1,37,28461,6,1,0,0,3,3,73,999,0,0,0,0,0,0,0,0,0,0,0,0,0,0,1,2,45,1,1,2,1,0,0,1,80,1,1,1,13,0,0
37,370737,1,1,1,18,8,2,45,1,0,1,0,37,1,53,402,53402,14,2001,JS3TX92V1141,J,S,3,T,X,9,2,V,1,1,4,1,0,P,SUZI,GVX,UT,1,17,3703,,0,1102,,G,,F,6,167,,,16R235,,,,,,0,0,000000000,00000000000,0,0,0,1,0,0,0,0,0,0,0,75,0,1,1,0,6,2,1,0,0,0,1,37,27107,6,1,0,0,3,3,67,999,0,0,0,0,0,0,0,0,0,1,0,0,0,0,1,2,55,4,1,2,1,0,0,14,13,99,1,3,98,1,0
37,370738,1,2,1,1,8,16,12,12,2,1,0,37,1,63,32,63032,4,2007,KNADE1638762,K,N,A,D,E,1,6,3,8,7,6,2,0,P,KIA,5SX,4H,7,17,2438,,0,984,,G,,F,4,098,,,15R195,,,,,,0,0,000000000,00000000000,0,0,0,1,0,0,0,0,0,0,0,55,0,0,0,12,6,2,12,0,0,0,1,37,27560,6,1,0,0,3,0,69,999,0,0,0,0,0,0,0,0,0,0,0,0,0,0,1,2,55,4,1,2,1,0,0,14,10,99,1,2,50,1,0
37,370738,2,2,1,1,8,16,12,12,2,1,0,39,2,23,471,23471,30,1998,1GTCT19W0W85,1,G,T,C,T,1,9,W,0,W,8,5,0,T,GMC,SON,PC,98,17,,1,0,1229,SON,G,,,6,262,,,,B,00000,00,E,44,0,0,000000000,00000000000,0,0,0,1,0,0,0,0,0,0,0,55,0,0,0,12,6,2,12,0,0,1,1,39,44691,1,1,0,0,2,0,68,165,1,5,1,0,2,2,2010,9,2010,0,0,0,0,0,1,2,55,4,1,2,1,0,0,14,60,99,1,1,51,0,0
37,370739,1,1,1,18,8,5,0,8,0,1,1,99,9,99,999,99999,99,9999,999999999999,9,9,9,9,9,9,9,9,9,9,9,9,0,,,,,,,,,,,,,,,,,,,,,,,,,0,0,000000000,00000000000,0,0,0,1,0,0,0,0,99,99,9,45,9,0,0,12,9,9,8,0,0,0,1,99,99999,9,9,99,9,9,9,999,999,99,99,99,99,99,99,9999,99,9999,0,0,0,0,0,1,3,55,1,1,2,1,0,0,99,99,99,9,9,13,0,0
37,370740,1,2,1,24,8,6,2,12,1,1,0,0,0,98,709,98709,81,2012,000000000000,0,0,0,0,0,0,0,0,0,0,0,0,0,,,,,,,,,,,,,,,,,,,,,,,,,0,0,000000000,00000000000,0,0,0,1,0,0,0,0,0,0,0,30,0,0,0,6,6,2,12,0,0,0,1,37,28526,3,1,0,0,1,0,66,999,0,0,0,0,1,7,2011,7,2011,0,0,0,0,0,3,4,70,1,1,2,1,0,0,1,53,99,1,1,98,1,0
37,370740,2,2,1,24,8,6,2,12,1,1,0,37,1,20,37,20037,4,2004,1G1ZS54834F2,1,G,1,Z,S,5,4,8,3,4,F,2,0,P,CHEV,MAL,4D,4,17,3174,,0,1063,,G,,F,6,214,,,15R205,,,,,,0,0,000000000,00000000000,0,0,0,1,0,0,0,0,0,0,0,70,0,0,0,12,6,2,12,0,0,0,1,37,27837,6,1,0,0,3,0,69,999,0,0,0,0,0,0,0,0,0,0,0,0,0,0,3,4,70,1,1,2,1,0,0,1,51,99,1,1,98,0,0
37,370741,1,1,2,10,8,23,25,5,0,1,0,37,2,20,25,20025,4,2012,1G1PC5SH5C71,1,G,1,P,C,5,S,H,5,C,7,1,0,P,CHEV,CZL,4D,12,17,3102,,0,1057,,G,,F,4,110,,,16R215,,,,,,0,0,000000000,00000000000,0,0,0,1,0,0,0,0,0,0,0,20,0,0,0,0,0,1,5,0,0,0,1,37,27858,6,1,0,0,3,0,70,999,0,0,0,0,0,0,0,0,0,0,0,0,0,0,1,2,25,1,1,2,1,0,0,1,98,6,1,1,0,1,1
37,370742,1,1,1,14,8,0,32,30,0,1,0,37,1,35,398,35398,3,1990,JN1RZ24AXLX0,J,N,1,R,Z,2,4,A,X,L,X,0,0,P,NISS,30X,2H,90,17,3125,,0,965,,G,,F,6,181,,,16R225,,,,,,0,0,000000000,00000000000,0,0,0,1,0,0,0,0,0,0,0,85,9,0,0,63,6,2,30,0,0,0,1,37,29349,6,1,0,0,3,0,70,999,2,0,0,1,0,2,2010,7,2010,0,0,0,0,0,1,2,50,4,1,2,1,0,0,14,13,99,1,4,1,1,1
37,370743,1,1,1,14,8,18,1,32,0,1,0,37,1,37,401,37401,14,1994,4S6CY58V8R44,4,S,6,C,Y,5,8,V,8,R,4,4,0,P,HOND,PAS,UT,94,17,3907,,0,1085,,G,,F,6,193,,,15R225,,,,,,0,0,000000000,00000000000,0,0,0,1,0,0,0,0,0,0,0,55,0,1,2,99,6,2,1,0,0,0,1,37,28722,6,1,0,0,3,0,68,999,0,0,0,2,0,8,2011,10,2011,0,0,0,0,0,1,2,55,1,3,2,1,0,0,1,13,99,1,4,1,1,0
37,370744,1,1,4,6,8,17,40,35,0,1,0,37,2,12,401,12401,14,1998,1FMZU32X6WZB,1,F,M,Z,U,3,2,X,6,W,Z,B,0,P,FORD,EPR,UT,98,17,3911,,0,1115,,G,,F,6,245,,,15R225,,,,,,0,0,000000000,00000000000,0,0,0,1,0,0,0,0,0,0,0,60,0,0,0,12,6,2,30,0,0,0,1,37,27316,1,1,0,0,2,0,72,999,1,0,0,0,0,9,2010,9,2010,1,28,0,0,0,1,2,55,1,2,2,2,0,0,1,13,99,1,4,1,1,1
37,370745,1,2,1,31,8,16,35,12,6,1,0,37,3,84,881,84881,63,2001,1HTSDAAN61H3,1,H,T,S,D,A,A,N,6,1,H,3,0,T,INTL,490,CC,1,17,,7,2540,1280,40S,D,,,6,466,,,,,00000,00,,42,0,37,242471895,37242471895,3,1,96,1,0,0,0,0,0,0,0,55,0,0,0,12,6,2,12,0,0,0,1,37,27370,6,1,6,3,3,3,73,999,0,0,0,0,0,0,0,0,0,0,0,0,0,0,1,2,55,1,1,2,1,0,0,1,15,99,1,2,69,0,0
37,370745,2,2,3,31,8,16,35,12,6,1,0,37,1,22,18,22018,9,2004,1G2NF52E84M5,1,G,2,N,F,5,2,E,8,4,M,5,0,P,PONT,SE1,4D,4,17,3066,,0,1070,,G,,F,6,207,,,15R215,,,,,,0,0,000000000,00000000000,0,0,0,1,0,0,0,0,0,0,0,10,0,0,0,3,6,2,12,0,0,0,1,37,27239,6,1,0,0,3,0,71,999,0,0,0,0,0,0,0,0,0,0,6,0,0,0,1,2,55,1,1,2,1,0,0,11,54,99,1,2,68,1,1
37,370746,1,1,1,12,8,11,57,59,0,1,0,37,2,22,18,22018,4,2002,1G2NV52E22M6,1,G,2,N,V,5,2,E,2,2,M,6,0,P,PONT,GT1,4D,2,17,3168,,0,1070,,G,,F,6,207,,,16R225,,,,,,0,0,000000000,00000000000,0,0,0,1,0,0,0,0,0,0,0,65,0,1,1,3,6,2,1,0,0,0,1,37,28384,0,0,0,0,0,0,999,999,99,99,99,99,99,99,9999,99,9999,0,0,0,0,0,1,2,55,1,1,2,1,0,0,1,13,99,1,4,1,1,1
37,370747,1,2,4,10,8,14,13,12,6,1,0,37,1,20,2,20002,4,2011,2G1WG5EK7B12,2,G,1,W,G,5,E,K,7,B,1,2,0,P,CHEV,IMT,4D,11,17,3555,,0,1105,,F,,F,6,214,,,16R225,,,,,,0,0,000000000,00000000000,0,0,0,1,0,0,0,0,0,0,0,10,0,1,1,9,6,2,12,0,0,0,1,37,28337,6,1,0,0,3,3,68,999,0,0,0,0,0,0,0,0,0,0,38,0,0,0,1,2,55,1,1,2,1,20,3,1,55,99,1,2,89,1,0
37,370747,2,2,1,10,8,14,13,12,6,1,0,37,2,6,441,6441,20,1994,1C4GH54L3RX3,1,C,4,G,H,5,4,L,3,R,X,3,0,T,CHRY,TWC,ES,94,17,,1,0,1193,TWC,G,,,6,230,,,,,3873,00,,42,0,0,000000000,00000000000,0,0,0,1,0,0,0,0,0,0,0,55,0,0,0,12,6,2,12,0,0,0,1,37,28358,1,1,0,0,2,0,64,999,0,1,0,0,1,3,2010,10,2011,0,38,0,0,0,1,2,55,1,1,2,1,20,3,1,55,99,1,2,88,0,1
37,370748,1,2,3,2,8,7,51,12,2,1,0,37,1,49,32,49032,4,2001,1NXBR12E71Z4,1,N,X,B,R,1,2,E,7,1,Z,4,0,P,TOYT,UCS,4D,1,17,2410,,0,970,,G,,F,4,109,,,14R175,,,,,,0,0,000000000,00000000000,0,0,0,1,0,0,0,0,0,0,0,55,0,0,0,12,6,2,12,0,0,0,1,37,28125,6,1,0,0,3,0,66,999,0,0,0,0,0,0,0,0,0,0,28,0,0,0,1,2,55,4,1,2,1,0,0,14,10,99,1,2,50,0,0
37,370748,2,2,1,2,8,7,51,12,2,1,0,37,1,20,23,20023,6,2008,3GNDA13D28S5,3,G,N,D,A,1,3,D,2,8,S,5,0,P,CHEV,HHR,UT,8,17,3155,,0,1035,,G,,F,4,134,,,16R215,,,,,,0,0,000000000,00000000000,0,0,0,1,0,0,0,0,0,0,0,55,0,0,0,12,6,2,42,0,0,0,1,37,27028,6,1,0,0,3,0,63,999,0,0,0,1,0,11,2009,11,2009,0,0,0,0,0,1,2,55,4,1,2,1,0,0,14,62,99,1,1,51,1,0
37,370749,1,1,1,8,8,21,52,32,0,1,0,37,1,20,20,20020,4,2001,2G1WL52J5111,2,G,1,W,L,5,2,J,5,1,1,1,0,P,CHEV,LUM,4D,1,17,3330,,0,1075,,G,,F,6,191,,,15R205,,,,,,0,0,000000000,00000000000,0,0,0,1,0,0,0,0,0,0,0,50,0,1,2,12,6,2,1,0,0,0,1,37,28146,6,1,0,0,3,3,69,999,0,0,1,0,1,6,2011,6,2011,0,0,0,0,0,1,2,45,4,1,2,1,0,0,14,12,99,1,5,6,1,0
37,370750,1,1,0,27,8,14,55,8,0,1,0,37,6,7,472,7472,30,1999,1B7GL22X8XS3,1,B,7,G,L,2,2,X,8,X,S,3,0,T,DODG,DAK,PC,99,17,,1,0,1309,DAK,G,,,6,239,,,,,3484,00,U,42,0,0,000000000,00000000000,0,0,0,1,0,0,0,0,0,0,0,10,0,0,0,6,6,2,8,0,0,0,0,0,99997,7,6,97,7,6,7,998,997,998,998,998,998,998,98,9998,98,9998,8,0,0,0,0,1,2,35,1,2,2,1,0,0,0,99,0,0,0,98,0,0
37,370751,1,2,2,27,8,14,37,23,0,1,0,37,2,41,45,41045,1,1990,JM1NA3514L01,J,M,1,N,A,3,5,1,4,L,0,1,0,P,MAZD,MIA,CV,90,17,2093,,0,892,,G,,F,4,098,,,14R185,,,,,,0,0,000000000,00000000000,0,0,0,1,0,0,0,0,0,0,0,70,9,0,0,12,6,2,23,0,0,0,1,37,27013,6,2,0,0,3,3,70,999,0,0,0,0,0,0,0,0,0,1,0,0,0,0,1,2,55,1,2,2,1,0,0,1,10,99,1,4,6,2,0
37,370751,2,2,1,27,8,14,37,23,0,1,0,37,1,20,403,20403,14,2008,1GNDS13S2821,1,G,N,D,S,1,3,S,2,8,2,1,0,P,CHEV,TRL,UT,8,17,4356,,0,1130,,G,,F,6,256,,,17R245,,,,,,0,0,000000000,00000000000,0,0,0,1,0,0,0,0,0,0,0,55,0,1,1,12,6,2,1,0,0,0,1,37,28147,6,1,0,0,3,3,65,999,0,0,0,0,0,0,0,0,0,0,0,0,0,0,1,2,55,1,2,2,1,0,0,1,62,1,1,2,98,0,0
37,370752,1,2,2,30,8,17,30,12,2,1,0,37,1,37,31,37031,2,2009,2HGFG12669H5,2,H,G,F,G,1,2,6,6,9,H,5,0,P,HOND,UCL,CP,9,17,2659,,0,1043,,G,,F,4,110,,,16R205,,,,,,0,0,000000000,00000000000,0,0,0,1,0,0,0,0,0,0,0,55,0,0,0,12,6,2,42,0,0,0,1,37,28138,6,1,0,0,3,0,71,999,0,0,0,0,3,1,2011,1,2012,0,28,0,0,0,1,2,55,4,1,2,1,0,0,14,10,99,1,2,50,0,0
37,370752,2,2,1,30,8,17,30,12,2,1,0,37,1,72,706,72706,80,1993,1HD1DFL13PY5,1,H,D,1,D,F,L,1,3,P,Y,5,0,M,HD,FHP,RS,93,17,,,,,,,1340,,2,,4,999,,,,,,,0,0,000000000,00000000000,0,0,0,1,0,0,0,0,0,0,0,55,0,0,0,12,6,2,12,0,0,0,1,37,28023,6,1,6,3,3,3,72,999,1,0,0,0,1,9,2010,2,2012,0,0,0,0,0,1,2,55,4,1,2,1,0,0,14,62,99,1,4,51,1,0
37,370753,1,1,2,12,8,16,59,42,0,1,0,37,1,7,41,7041,4,1997,2B3HD46F9VH7,2,B,3,H,D,4,6,F,9,V,H,7,0,P,DODG,INT,4D,97,17,3319,,0,1130,,G,,F,6,215,,,16R225,,,,,,0,0,000000000,00000000000,0,0,0,1,0,0,0,0,0,0,0,55,0,1,2,12,6,2,1,0,0,0,1,37,28018,6,1,0,0,3,3,68,999,1,0,0,0,0,7,2012,7,2012,0,0,0,0,0,1,2,55,4,2,2,1,0,0,14,12,99,1,4,6,1,0
37,370754,1,2,1,20,8,17,53,12,2,1,0,48,3,82,881,82881,66,2001,1FUJAHCG71PF,1,F,U,J,A,H,C,G,7,1,P,F,1,T,FRHT,FLD,TR,1,17,,8,0,0,CON,D,,,6,774,,,,,00000,00,,64,1,37,621366,37621366,3,6,1,1,0,0,0,0,0,0,0,45,0,0,0,12,2,9,12,0,0,0,1,48,78043,6,1,6,0,3,0,999,999,0,1,0,0,0,4,2010,4,2010,0,0,0,0,0,1,4,45,1,1,2,1,40,3,1,66,99,1,1,98,0,0
37,370754,2,2,1,20,8,17,53,12,2,1,0,37,1,99,701,99701,81,9999,999999999999,9,9,9,9,9,9,9,9,9,9,9,9,0,,,,,,,,,,,,,,,,,,,,,,,,,0,0,000000000,00000000000,0,0,0,1,0,0,0,0,0,0,0,25,0,0,0,12,6,9,12,0,0,0,1,37,28043,6,1,0,0,1,0,73,999,1,0,0,1,0,11,2011,5,2012,0,0,0,0,0,1,4,45,1,1,2,1,20,3,1,17,99,1,2,98,1,0
37,370755,1,2,1,11,8,10,38,12,6,1,0,37,3,49,471,49471,30,1992,4TARN81PXNZ0,4,T,A,R,N,8,1,P,X,N,Z,0,0,T,TOYT,USD,PK,92,17,,1,0,1029,UHT,G,,,4,144,,,,B,00000,00,A,42,0,0,000000000,00000000000,0,0,0,1,0,0,0,0,0,0,0,55,0,1,2,62,6,2,12,0,0,0,1,37,28328,6,1,0,0,3,0,65,999,0,0,0,0,0,0,0,0,0,0,0,0,0,0,1,2,55,1,1,2,1,20,3,1,17,1,1,1,89,1,0
37,370755,2,2,1,11,8,10,38,12,6,1,0,37,1,37,32,37032,4,2004,1HGCM66514A0,1,H,G,C,M,6,6,5,1,4,A,0,0,P,HOND,UEX,4D,4,17,3384,,0,1079,,G,,F,6,183,,,000000,,,,,,0,0,000000000,00000000000,0,0,0,1,0,0,0,0,0,0,0,60,0,0,0,12,6,2,12,0,0,0,1,37,28441,6,1,0,0,3,0,59,999,0,0,0,0,0,0,0,0,0,0,39,0,0,0,1,2,55,1,1,2,1,20,3,1,17,99,1,1,88,0,1
37,370756,1,1,1,12,8,1,20,8,0,1,1,37,2,20,471,20471,30,2001,1GCCT19W1181,1,G,C,C,T,1,9,W,1,1,8,1,0,T,CHEV,S14,PC,1,17,,1,0,1229,S,G,,,6,262,,,,B,00000,00,,44,0,0,000000000,00000000000,0,0,0,1,0,0,0,0,0,0,0,35,0,0,0,12,2,1,8,0,0,0,1,37,27021,6,1,0,0,3,0,70,999,0,0,0,0,2,10,2011,5,2012,0,38,0,0,0,1,2,55,4,2,2,1,0,0,14,80,99,1,1,13,0,1
37,370757,1,3,2,31,8,20,10,12,2,1,0,37,1,12,17,12017,4,2000,1FAFP56S3YA2,1,F,A,F,P,5,6,S,3,Y,A,2,0,P,FORD,TEL,4D,0,17,3333,,0,1085,,G,,F,6,182,,,16R215,,,,,,0,0,000000000,00000000000,0,0,0,1,0,0,0,0,0,0,0,50,3,0,0,12,6,2,12,0,0,0,1,37,28621,6,1,0,0,3,3,70,999,0,0,0,0,0,0,0,0,0,0,0,0,0,0,1,2,55,4,2,2,1,0,0,14,10,99,1,2,98,2,0
37,370757,2,3,1,31,8,20,10,12,2,1,0,37,2,7,880,7880,67,2000,1B7MF3369YJ1,1,B,7,M,F,3,3,6,9,Y,J,1,1,T,DODG,Q35,4C,0,17,,3,0,1547,RPC,D,,,6,359,,,,D,5982,00,U,44,1,88,888888888,88888888888,2,4,9,1,0,0,0,0,0,0,0,55,7,0,0,12,6,2,12,0,0,0,1,37,27017,6,1,0,0,3,0,65,999,0,0,0,1,0,9,2011,9,2011,0,0,0,0,0,1,2,55,4,2,2,1,0,0,14,62,99,1,1,98,0,0
37,370757,3,3,1,31,8,20,10,12,2,1,0,37,1,20,401,20401,14,1999,1GNCS18W5XK1,1,G,N,C,S,1,8,W,5,X,K,1,0,P,CHEV,BZR,UT,99,17,3536,,0,1005,,G,,F,6,262,,,15R205,,,,,,0,0,000000000,00000000000,0,0,0,1,0,0,0,0,0,0,0,50,0,0,0,12,6,2,12,0,0,0,1,37,27017,6,1,0,0,3,0,73,999,0,0,0,0,0,0,0,0,0,0,0,0,0,0,1,2,55,4,2,2,1,0,0,14,78,99,1,3,98,0,0
37,370758,1,2,1,3,8,12,41,12,2,1,0,37,2,20,39,20039,4,2006,KL1TD566X6B5,K,L,1,T,D,5,6,6,X,6,B,5,0,P,CHEV,ABS,4D,6,17,2365,,0,976,,G,,F,4,098,,,14R185,,,,,,0,0,000000000,00000000000,0,0,0,1,0,0,0,0,0,0,0,45,0,0,0,12,6,2,12,0,0,0,1,37,28772,6,1,0,0,3,0,66,999,0,0,0,1,3,10,2010,3,2012,0,0,0,0,0,1,4,45,1,2,2,1,0,0,1,10,99,1,2,50,1,0
37,370758,2,2,2,3,8,12,41,12,2,1,0,37,1,7,472,7472,30,2008,1D7HW38K38S5,1,D,7,H,W,3,8,K,3,8,S,5,0,T,DODG,SXT,CW,8,17,,2,0,1313,DAK,G,,,6,225,,,,B,4573,00,E,44,0,0,000000000,00000000000,0,0,0,1,0,0,0,0,0,0,0,45,0,0,0,12,6,2,12,0,0,0,1,37,28753,6,1,0,0,3,3,72,999,0,0,0,0,0,0,0,0,0,0,0,0,0,0,1,4,45,1,2,2,1,0,0,1,62,99,1,1,51,0,0
37,370759,1,1,4,18,8,2,46,35,0,1,0,37,2,12,442,12442,20,2002,2FMZA50452BB,2,F,M,Z,A,5,0,4,5,2,B,B,0,T,FORD,WLX,ES,2,17,,1,0,1207,WIN,G,,,6,232,,,,B,4017,00,E,42,0,0,000000000,00000000000,0,0,0,1,0,0,0,0,0,0,0,65,0,1,2,12,6,2,1,0,0,0,1,37,28801,0,0,0,0,0,0,71,999,0,0,0,0,1,11,2011,11,2011,1,36,0,0,0,1,2,50,4,2,2,1,0,0,14,13,99,1,4,1,1,1
37,370760,1,1,1,12,8,17,41,59,0,1,0,45,1,53,405,53405,14,2003,JS3TX92V0341,J,S,3,T,X,9,2,V,0,3,4,1,0,P,SUZI,XL7,UT,3,17,3533,,0,1102,,G,,F,6,167,,,16R235,,,,,,0,0,000000000,00000000000,0,0,0,1,0,0,0,0,0,0,0,55,0,1,1,12,6,2,1,0,0,0,1,48,29707,6,1,0,0,3,3,70,250,0,0,0,0,0,0,0,0,0,0,0,0,0,0,2,4,55,1,2,2,1,0,0,1,9,99,1,1,98,1,0
37,370761,1,2,1,14,8,6,45,12,8,1,0,37,2,49,47,49047,6,2009,2T1KU40E39C0,2,T,1,K,U,4,0,E,3,9,C,0,0,P,TOYT,CTX,4H,9,17,2865,,0,1024,,G,,F,4,110,,,16R205,,,,,,0,0,000000000,00000000000,0,0,0,1,0,0,0,0,0,0,0,45,0,0,0,61,6,2,12,0,0,0,1,37,28173,6,1,0,0,3,3,74,999,0,0,0,0,0,0,0,0,0,0,0,0,0,0,1,2,45,1,1,2,1,0,0,1,10,99,1,2,64,1,0
37,370761,2,2,1,14,8,6,45,12,8,1,0,37,1,12,461,12461,21,2007,1FTNE24W47DA,1,F,T,N,E,2,4,W,4,7,D,A,0,T,FORD,25V,CG,7,17,,2,0,1380,VAN,G,,,8,281,,,,C,00000,00,E,42,0,0,000000000,00000000000,0,0,0,1,0,0,0,0,0,0,0,40,0,0,0,61,6,2,12,0,0,0,1,37,28173,6,1,0,0,3,3,72,999,0,0,0,0,0,0,0,0,0,0,0,0,0,0,1,2,45,1,1,2,1,0,0,1,62,99,1,1,65,0,0
37,370762,1,1,1,15,8,15,5,34,0,1,0,24,1,12,461,12461,21,2000,1FDNS24LXYHA,1,F,D,N,S,2,4,L,X,Y,H,A,0,T,FORD,25V,EC,0,17,,2,0,1380,VAN,G,,,8,330,,,,C,5145,02,M,42,0,0,000000000,00000000000,0,0,0,1,0,0,0,0,0,0,0,55,0,1,2,63,6,2,1,0,0,0,1,11,28112,6,1,0,0,3,0,64,160,0,0,0,0,0,0,0,0,0,0,0,0,0,0,1,2,55,4,2,2,1,0,0,14,12,99,1,4,6,1,1
37,370763,1,1,1,30,8,22,13,34,0,1,0,37,1,14,6,14006,9,1994,2MELM75W1RX6,2,M,E,L,M,7,5,W,1,R,X,6,0,P,MERC,MGL,4D,94,17,3796,,0,1144,,G,,F,8,281,,,15R215,,,,,,0,0,000000000,00000000000,0,0,0,1,0,0,0,0,0,0,0,25,0,0,0,12,6,2,42,0,0,0,1,37,27536,6,1,0,0,3,3,66,999,0,0,0,0,0,0,0,0,0,0,0,0,0,0,1,2,55,1,1,2,1,20,3,1,14,99,1,4,14,1,0
37,370764,1,2,1,31,8,7,54,12,8,1,0,37,1,98,701,98701,81,2012,000000000000,0,0,0,0,0,0,0,0,0,0,0,0,0,,,,,,,,,,,,,,,,,,,,,,,,,0,0,000000000,00000000000,0,0,0,1,0,0,0,0,0,0,0,998,0,0,0,11,6,2,12,0,0,0,1,37,27537,0,0,0,0,0,0,999,999,99,99,99,99,99,99,9999,99,9999,0,0,0,0,0,1,2,55,1,1,2,1,0,0,1,10,99,1,2,98,1,1
37,370764,2,2,1,31,8,7,54,12,8,1,0,37,3,12,881,12881,61,2012,1FT8W3DT5CEA,1,F,T,8,W,3,D,T,5,C,E,A,1,T,FORD,F3D,CW,12,17,,3,0,1724,DRW,D,,,8,409,,,,D,7459,00,7,44,1,88,888888888,88888888888,2,4,97,1,0,0,0,0,0,0,0,50,0,0,0,11,2,1,12,0,0,0,1,37,27549,6,1,6,0,3,0,68,999,0,0,0,0,0,0,0,0,0,0,0,0,0,0,1,2,55,1,1,2,1,0,0,1,62,1,1,1,98,0,0
37,370765,1,2,1,1,8,0,22,12,7,1,0,55,3,86,881,86881,66,2009,1M1AW07Y19N0,1,M,1,A,W,0,7,Y,1,9,N,0,1,T,MACK,CXU,TR,9,17,,8,0,0,600,D,,,6,783,,,,,00000,00,,64,1,37,224201,37224201,3,6,2,1,0,0,0,0,0,0,0,63,7,0,0,1,6,2,23,0,0,0,1,37,27012,6,1,6,3,3,3,71,999,1,0,0,0,0,3,2010,3,2010,0,0,0,0,0,3,3,70,1,1,2,1,0,0,1,60,6,1,2,44,0,0
37,370765,2,2,1,1,8,0,22,12,7,1,0,37,2,18,5,18005,9,1987,1G4EZ1133HU4,1,G,4,E,Z,1,1,3,3,H,U,4,0,P,BUIC,RIV,CP,87,17,3320,,0,1080,,G,,F,6,231,,,14R205,,,,,,0,0,000000000,00000000000,0,0,0,1,0,0,0,0,0,0,0,50,3,0,0,7,6,2,23,0,0,0,1,37,27524,6,1,0,0,3,3,67,999,0,1,0,1,0,11,2011,11,2011,0,0,0,0,0,3,3,70,1,1,2,1,0,0,1,53,99,1,2,45,1,0
37,370766,1,1,1,5,8,22,11,1,0,1,0,37,1,41,45,41045,1,2004,JM1NB354X404,J,M,1,N,B,3,5,4,X,4,0,4,0,P,MAZD,MSP,CV,4,17,2529,,0,892,,G,,T,4,112,,,17R205,,,,,,0,0,000000000,00000000000,0,0,0,1,0,0,0,0,0,0,0,60,0,1,5,0,6,2,42,0,0,0,1,37,27539,6,1,0,0,3,0,71,999,0,0,0,1,0,8,2009,8,2009,1,0,0,0,0,1,2,35,4,1,2,1,0,0,14,13,99,1,4,1,1,1
37,370767,1,1,1,4,8,17,12,42,0,1,0,37,1,2,404,2404,14,1993,1J4FT28S1PL5,1,J,4,F,T,2,8,S,1,P,L,5,0,T,JEEP,CHK,4W,93,17,,1,0,1014,CHK,G,,,6,242,,,,,2850,01,A,42,0,0,000000000,00000000000,0,0,0,1,0,0,0,0,0,0,0,31,0,0,0,12,6,2,42,0,0,0,1,37,27540,6,1,0,0,3,0,71,999,1,0,0,0,0,11,2009,11,2009,0,0,0,0,0,1,2,20,1,1,2,1,0,0,1,14,99,1,4,14,1,0
37,370768,1,2,1,11,8,13,9,12,8,1,0,4,3,12,870,12870,64,2007,1FDXE45S47DB,1,F,D,X,E,4,5,S,4,7,D,B,0,T,FORD,4DC,YY,7,17,,4,1760,1580,CTV,G,,,10,415,,,,,00000,00,K,42,0,88,888888888,88888888888,2,2,1,1,0,0,0,0,0,0,0,40,0,0,0,61,2,1,12,0,0,0,1,37,27526,6,1,8,0,3,0,70,999,0,0,0,0,0,0,0,0,0,0,0,0,0,0,1,2,45,4,1,2,1,0,0,14,62,99,1,1,98,0,0
37,370768,2,2,4,11,8,13,9,12,8,1,0,37,2,7,881,7881,61,1997,1B6MC36DXVJ5,1,B,6,M,C,3,6,D,X,V,J,5,0,T,DODG,350,CB,97,17,,3,1627,1387,RPC,D,,,6,359,,,,D,4888,01,M,42,0,88,888888888,88888888888,2,1,97,1,0,0,0,0,0,0,0,65,0,1,1,61,6,2,1,0,0,0,1,37,27511,1,1,0,0,2,0,999,999,0,0,0,0,0,0,0,0,0,0,6,0,0,0,1,2,45,4,1,2,1,0,0,14,10,99,1,2,98,2,0