STATE,ST_CASE,VEH_NO,VE_FORMS,NUMOCCS,DAY,MONTH,HOUR,MINUTE,HARM_EV,MAN_COLL,UNITTYPE,HIT_RUN,REG_STAT,OWNER,MAKE,MODEL,MAK_MOD,BODY_TYP,MOD_YEAR,VIN,VIN_1,VIN_2,VIN_3,VIN_4,VIN_5,VIN_6,VIN_7,VIN_8,VIN_9,VIN_10,VIN_11,VIN_12,TOW_VEH,VINTYPE,VINMAKE,VINA_MOD,VIN_BT,VINMODYR,VIN_LNGT,VIN_WGT,WGTCD_TR,WHLBS_LG,WHLBS_SH,SER_TR,FUELCODE,MCYCL_DS,CARBUR,CYLINDER,DISPLACE,MCYCL_CY,MCYCL_WT,TIRE_SZE,TON_RAT,TRK_WT,TRKWTVAR,VIN_REST,WHLDRWHL,J_KNIFE,MCARR_I1,MCARR_I2,MCARR_ID,GVWR,V_CONFIG,CARGO_BT,HAZ_INV,HAZ_PLAC,HAZ_ID,HAZ_CNO,HAZ_REL,BUS_USE,SPEC_USE,EMER_USE,TRAV_SP,UNDERIDE,ROLLOVER,ROLINLOC,IMPACT1,DEFORMED,TOWED,M_HARM,VEH_SC1,VEH_SC2,FIRE_EXP,DR_PRES,L_STATE,DR_ZIP,L_STATUS,L_TYPE,CDL_STAT,L_ENDORS,L_COMPL,L_RESTRI,DR_HGT,DR_WGT,PREV_ACC,PREV_SUS,PREV_DWI,PREV_SPD,PREV_OTH,FIRST_MO,FIRST_YR,LAST_MO,LAST_YR,SPEEDREL,DR_SF1,DR_SF2,DR_SF3,DR_SF4,VTRAFWAY,VNUM_LAN,VSPD_LIM,VALIGN,VPROFILE,VPAVETYP,VSURCOND,VTRAFCON,VTCONT_F,P_CRASH1,P_CRASH2,P_CRASH3,PCRASH4,PCRASH5,ACC_TYPE,DEATHS,DR_DRINK
37,370803,2,2,1,11,9,17,53,12,2,1,0,37,1,7,482,7482,31,2001,3B7HF13Y31G7,3,B,7,H,F,1,3,Y,3,1,G,7,0,T,DODG,Q15,4C,1,17,,2,1547,1387,RPC,G,,,8,318,,,,B,5008,01,U,44,0,0,000000000,00000000000,0,0,0,1,0,0,0,0,0,0,0,50,0,0,0,12,6,2,12,0,0,0,1,37,27127,6,1,0,0,3,3,71,999,0,0,0,0,0,0,0,0,0,0,0,0,0,0,1,2,45,1,1,2,1,0,0,1,54,99,1,2,51,0,0
37,370804,1,2,4,29,9,14,0,12,6,1,0,37,2,35,47,35047,4,2007,1N4AL21E07N4,1,N,4,A,L,2,1,E,0,7,N,4,0,P,NISS,ATS,4D,7,17,3042,,0,1093,,G,,F,4,153,,,16R215,,,,,,0,0,000000000,00000000000,0,0,0,1,0,0,0,0,0,0,0,55,0,0,0,1,6,2,12,0,0,0,1,37,27295,4,1,0,0,2,0,63,999,0,0,0,0,0,0,0,0,0,1,6,28,0,0,1,2,55,1,2,2,2,0,0,1,6,1,1,2,64,1,0
37,370804,2,2,1,29,9,14,0,12,6,1,0,55,3,82,881,82881,66,2007,1FUJA6CK37LW,1,F,U,J,A,6,C,K,3,7,L,W,1,T,FRHT,COL,TR,7,17,,8,0,0,CON,D,,,6,855,,,,,00000,00,,64,1,55,74481,5574481,3,6,1,1,0,0,0,0,0,0,0,55,0,0,0,11,6,2,12,0,0,0,1,37,28806,6,1,6,3,3,0,72,999,0,0,0,0,0,0,0,0,0,0,0,0,0,0,1,2,55,1,2,2,2,0,0,1,62,1,1,1,65,0,0
37,370805,1,2,2,3,9,12,44,12,2,1,0,37,1,59,403,59403,14,2011,JTJBC1BA3B20,J,T,J,B,C,1,B,A,3,B,2,0,0,P,LEXS,RX0,UT,11,17,4652,,0,1079,,B,,F,6,211,,,18R235,,,,,,0,0,000000000,00000000000,0,0,0,1,0,0,0,0,0,0,0,35,0,0,0,12,6,2,12,0,0,0,1,37,27596,6,1,0,0,3,0,64,999,1,0,0,0,1,3,2010,8,2010,0,28,0,0,0,1,2,35,1,1,2,1,0,0,1,13,99,1,4,50,0,0
37,370805,2,2,1,3,9,12,44,12,2,1,0,37,1,53,706,53706,80,2006,JS1GW71A4621,J,S,1,G,W,7,1,A,4,6,2,1,0,M,SUZI,GXR,RC,6,17,,,,,,,1298,,4,,4,478,,,,,,,0,0,000000000,00000000000,0,0,0,1,0,0,0,0,0,0,0,35,0,0,0,12,6,2,12,0,0,0,1,37,27703,6,1,0,0,3,0,72,999,0,0,0,2,0,10,2009,11,2010,0,0,0,0,0,1,2,35,1,1,2,1,0,0,1,62,99,1,4,51,1,0
37,370806,1,1,1,15,9,4,45,42,0,1,0,37,2,30,47,30047,3,1999,3VWCC21CXXM4,3,V,W,C,C,2,1,C,X,X,M,4,0,P,VOLK,NGS,2H,99,17,2748,,0,989,,G,,F,4,121,,,16R205,,,,,,0,0,000000000,00000000000,0,0,0,1,0,0,0,0,0,0,0,60,0,0,0,9,6,2,42,0,0,0,1,37,27704,6,2,0,0,3,0,68,999,0,0,0,0,0,0,0,0,0,1,0,0,0,0,1,2,35,1,1,2,1,0,0,1,13,99,1,4,1,1,1
37,370807,1,1,2,25,9,19,25,8,0,1,0,37,1,12,422,12422,15,1999,1FMPU18L9XLB,1,F,M,P,U,1,8,L,9,X,L,B,0,P,FORD,EPT,UT,99,17,5177,,0,1191,,G,,F,8,330,,,17R265,,,,,,0,0,000000000,00000000000,0,0,0,1,0,0,0,0,0,0,0,50,0,0,0,1,2,9,8,0,0,0,1,37,27581,6,1,6,3,3,3,72,999,0,0,0,0,0,0,0,0,0,1,0,0,0,0,1,2,35,1,2,2,1,0,0,1,80,99,1,1,13,0,0
37,370808,1,2,1,24,9,22,19,12,6,1,0,37,1,37,31,37031,4,2002,1HGES16542L0,1,H,G,E,S,1,6,5,4,2,L,0,0,P,HOND,UCL,4D,2,17,2515,,0,1031,,G,,F,4,102,,,14R185,,,,,,0,0,000000000,00000000000,0,0,0,1,0,0,0,0,0,0,0,50,7,1,5,3,6,2,1,0,0,0,1,37,27284,6,1,0,0,3,3,64,999,0,0,0,0,0,0,0,0,0,0,0,0,0,0,1,2,50,4,1,2,1,0,0,14,54,99,1,2,64,1,0
37,370808,2,2,1,24,9,22,19,12,6,1,0,37,1,37,31,37031,2,1993,JHMEH6169PS0,J,H,M,E,H,6,1,6,9,P,S,0,0,P,HOND,DSI,CP,93,17,2396,,0,933,,G,,F,4,097,,,14R185,,,,,,0,0,000000000,00000000000,0,0,0,1,0,0,0,0,0,0,0,50,0,0,0,12,6,2,12,0,0,0,1,37,27284,6,1,0,0,3,0,70,999,0,0,0,0,4,4,2011,8,2012,0,0,0,0,0,1,2,50,4,1,2,1,0,0,14,62,99,1,1,65,0,0
37,370809,1,1,1,8,9,3,36,32,0,1,0,37,3,63,34,63034,4,2012,KNAGM4AD3C50,K,N,A,G,M,4,A,D,3,C,5,0,0,P,KIA,OHY,4D,12,17,3490,,0,1100,,B,,F,4,144,,,16R205,,,,,,0,0,000000000,00000000000,0,0,0,1,0,0,0,0,0,0,0,100,0,0,0,12,6,2,42,0,0,0,1,37,28052,1,1,0,0,2,0,69,999,0,1,0,0,1,8,2010,12,2011,0,0,0,0,0,1,2,45,4,1,2,1,0,0,14,13,1,1,4,1,1,1
37,370810,1,1,1,21,9,23,8,30,0,1,0,37,2,37,31,37031,4,1997,2HGEJ6671VH5,2,H,G,E,J,6,6,7,1,V,H,5,0,P,HOND,UCL,4D,97,17,2426,,0,1032,,G,,F,4,097,,,14R185,,,,,,0,0,000000000,00000000000,0,0,0,1,0,0,0,0,0,0,0,100,0,0,0,11,6,2,30,0,0,0,1,37,28016,1,1,0,0,2,0,73,999,0,1,0,0,0,5,2011,5,2011,1,0,0,0,0,1,2,45,4,3,2,1,0,0,14,12,99,1,4,6,1,1
37,370811,1,1,1,15,9,19,5,1,0,1,0,37,2,49,472,49472,30,1999,4TANL42N6XZ4,4,T,A,N,L,4,2,N,6,X,Z,4,0,T,TOYT,REG,PK,99,17,,1,0,1033,TAC,G,,,4,149,,,,B,2567,00,U,42,0,0,000000000,00000000000,0,0,0,1,0,0,0,0,0,0,0,55,0,1,5,0,6,2,1,0,0,0,1,37,27583,6,1,0,0,3,3,64,999,2,0,0,0,0,12,2009,5,2011,1,0,0,0,0,1,2,35,4,3,2,1,0,0,14,12,99,1,4,6,1,1
37,370812,1,1,1,26,9,15,36,34,0,1,0,37,1,18,20,18020,2,1987,1G4GJ1179HP4,1,G,4,G,J,1,1,7,9,H,P,4,0,P,BUIC,REG,CP,87,17,3196,,0,1081,,G,,T,6,231,,,14R195,,,,,,0,0,000000000,00000000000,0,0,0,1,0,0,0,0,0,0,0,75,0,1,2,12,6,2,1,0,0,0,1,37,28580,6,1,0,0,3,0,74,999,0,0,0,0,0,0,0,0,0,1,0,0,0,0,1,2,55,1,1,2,1,0,0,1,13,99,1,4,1,1,0
37,370813,1,2,1,14,9,10,5,12,6,1,0,37,1,18,7,18007,4,2001,2G4WY55J3111,2,G,4,W,Y,5,5,J,3,1,1,1,0,P,BUIC,CLM,4D,1,17,3368,,0,1090,,G,,F,6,191,,,15R205,,,,,,0,0,000000000,00000000000,0,0,0,1,0,0,0,0,0,0,0,5,0,0,0,62,6,2,12,0,0,0,1,37,27358,6,1,0,0,3,3,62,999,0,0,0,0,0,0,0,0,0,0,0,0,0,0,1,2,50,1,2,2,1,20,3,11,15,1,1,2,68,1,0
37,370813,2,2,1,14,9,10,5,12,6,1,0,37,1,7,442,7442,20,2008,2D8HN54X68R1,2,D,8,H,N,5,4,X,6,8,R,1,0,T,DODG,GSX,ES,8,17,,2,0,1212,CAR,G,,,6,244,,,,,4483,00,7,42,0,0,000000000,00000000000,0,0,0,1,0,0,0,0,0,0,0,50,0,0,0,12,6,2,12,0,0,0,1,37,27310,6,1,0,0,3,0,64,999,0,0,0,0,0,0,0,0,0,0,0,0,0,0,1,2,50,1,2,2,1,0,0,1,55,99,1,2,69,0,0
37,370814,1,1,1,18,9,21,0,33,0,1,0,37,1,76,706,76706,80,2011,JYAVP33E5BA0,J,Y,A,V,P,3,3,E,5,B,A,0,0,M,YAMA,VCU,RS,11,17,,,,,,,1304,,2,,4,624,,,,,,,0,0,000000000,00000000000,0,0,0,1,0,0,0,0,0,0,0,40,0,0,0,12,6,2,33,0,0,0,1,37,27370,6,1,0,0,3,0,66,999,1,0,0,1,0,3,2010,2,2011,0,0,0,0,0,4,4,35,1,3,2,2,20,3,1,17,1,1,2,12,1,1
37,370815,1,1,1,25,9,20,45,8,0,1,1,37,2,30,46,30046,4,2000,WVWVD23BXYE3,W,V,W,V,D,2,3,B,X,Y,E,3,0,P,VOLK,PGX,SW,0,17,3186,,0,1066,,G,,F,6,169,,,15R195,,,,,,0,0,000000000,00000000000,0,0,0,1,0,0,0,0,0,0,0,45,0,0,0,12,2,1,8,0,0,0,1,37,27410,6,2,0,0,3,3,67,999,0,0,0,0,0,0,0,0,0,0,38,0,0,0,2,3,45,1,3,2,1,4,3,1,80,1,1,1,13,0,0
37,370816,1,2,1,5,9,22,45,12,6,1,0,37,1,20,39,20039,5,2009,KL1TD66EX9B3,K,L,1,T,D,6,6,E,X,9,B,3,0,P,CHEV,LTS,5D,9,17,2547,,0,976,,G,,F,4,098,,,14R185,,,,,,0,0,000000000,00000000000,0,0,0,1,0,0,0,0,0,0,0,55,0,0,0,3,6,2,12,0,0,0,1,37,27804,6,1,0,0,3,3,69,999,0,0,0,0,1,4,2012,4,2012,0,0,0,0,0,1,2,55,4,1,2,1,0,0,14,10,99,1,2,98,1,0
37,370816,2,2,1,5,9,22,45,12,6,1,0,37,3,7,881,7881,61,2011,3D6WU7EL3BG5,3,D,6,W,U,7,E,L,3,B,G,5,0,T,DODG,S5T,CB,11,17,,5,2045,1445,RPC,D,,,6,408,,,,E,8049,00,K,44,0,88,888888888,88888888888,2,1,96,1,0,0,0,0,0,0,0,55,0,0,0,12,6,2,12,0,0,0,1,37,27870,6,1,6,3,3,3,78,999,0,0,0,0,0,0,0,0,0,0,0,0,0,0,1,2,55,4,1,2,1,0,0,14,62,99,1,2,98,0,0
37,370817,1,1,1,15,9,6,28,8,0,1,0,37,1,37,32,37032,4,1996,1HGCD5520TA0,1,H,G,C,D,5,5,2,0,T,A,0,0,P,HOND,UDX,4D,96,17,2754,,0,1069,,G,,F,4,132,,,14R185,,,,,,0,0,000000000,00000000000,0,0,0,1,0,0,0,0,0,0,0,60,0,0,0,12,6,2,34,0,0,0,1,37,27844,6,1,0,0,2,0,68,999,0,0,0,0,0,0,0,0,0,0,86,0,0,0,1,2,55,1,1,2,1,0,0,1,80,1,1,1,13,0,1
37,370818,1,1,2,23,9,1,44,53,0,1,0,37,9,38,402,38402,14,1997,4S2CM58V9V43,4,S,2,C,M,5,8,V,9,V,4,3,0,P,ISU,ROD,UT,97,17,0,,0,1087,,G,,F,6,195,,,16R225,,,,,,0,0,000000000,00000000000,0,0,0,1,0,0,0,0,0,0,0,55,0,1,5,12,6,2,1,0,0,0,9,0,99997,7,6,97,7,6,7,998,997,998,998,998,998,998,98,9998,98,9998,8,0,0,0,0,1,2,55,1,1,2,2,0,0,0,13,0,0,0,1,1,0
37,370819,1,1,2,2,9,15,57,32,0,1,0,37,1,76,706,76706,80,2005,JYAVP17E25A0,J,Y,A,V,P,1,7,E,2,5,A,0,0,M,YAMA,X17,RS,5,17,,,,,,,1670,,2,,4,679,,,,,,,0,0,000000000,00000000000,0,0,0,1,0,0,0,0,0,0,0,55,0,0,0,12,6,2,32,0,0,0,1,37,28412,6,1,0,0,3,0,74,999,0,0,0,0,2,12,2009,10,2010,0,0,0,0,0,1,2,55,4,1,2,2,0,0,14,13,99,1,4,1,1,0
37,370820,1,1,1,10,9,20,24,9,0,1,1,37,1,7,472,7472,30,1998,1B7GL22X5WS6,1,B,7,G,L,2,2,X,5,W,S,6,0,T,DODG,DAK,PC,98,17,,1,0,1309,DAK,G,,,6,239,,,,,3434,00,U,42,0,0,000000000,00000000000,0,0,0,1,0,0,0,0,0,0,0,50,0,0,0,12,2,9,9,0,0,0,1,37,28334,6,1,0,0,3,0,67,999,0,0,0,0,0,0,0,0,0,0,86,0,0,0,1,2,55,1,1,2,1,0,0,1,83,6,1,2,13,0,0
37,370821,1,1,2,29,9,1,49,34,0,1,0,37,2,35,48,35048,2,2006,JN1AZ34D06M3,J,N,1,A,Z,3,4,D,0,6,M,3,0,P,NISS,3ZC,CP,6,17,3339,,0,1043,,G,,F,6,214,,,18R225,,,,,,0,0,000000000,00000000000,0,0,0,1,0,0,0,0,0,0,0,70,0,1,5,12,6,2,1,0,0,0,1,37,28390,1,1,0,0,2,3,70,999,0,1,0,0,0,4,2010,4,2010,1,36,28,0,0,1,2,55,4,2,2,2,0,0,14,13,99,1,4,1,1,1
37,370822,1,3,2,1,9,20,21,12,2,1,0,37,1,63,36,63036,6,2007,KNAFG5255770,K,N,A,F,G,5,2,5,5,7,7,0,0,P,KIA,ROL,SW,7,17,3333,,0,1063,,G,,F,4,144,,,16R205,,,,,,0,0,000000000,00000000000,0,0,0,1,0,0,0,0,0,0,0,45,0,0,0,12,6,2,12,0,0,0,1,37,28792,6,1,0,0,3,3,65,999,0,0,0,0,0,0,0,0,0,0,0,0,0,0,1,2,45,1,2,2,1,0,0,1,10,99,1,2,98,1,0
37,370822,2,3,2,1,9,20,21,12,2,1,0,37,2,20,481,20481,31,1988,1GCDK14K9JZ1,1,G,C,D,K,1,4,K,9,J,Z,1,0,T,CHEV,GK1,PK,88,17,,1,1315,1175,GM4,G,,,8,350,,,,B,4097,01,,44,0,0,000000000,00000000000,0,0,0,1,0,0,0,0,0,0,0,45,0,0,0,12,6,2,12,0,0,0,1,37,28726,6,1,0,0,3,3,75,999,0,1,1,0,0,5,2011,5,2011,0,0,0,0,0,1,2,45,1,2,2,1,0,0,1,62,99,1,1,98,0,0
37,370822,3,3,1,1,9,20,21,12,2,1,0,37,2,35,471,35471,30,1991,1N6SD11Y2MC3,1,N,6,S,D,1,1,Y,2,M,C,3,0,T,NISS,SWB,PK,91,17,,1,0,1043,TRK,G,,,4,146,,,,C,3349,01,A,44,0,0,000000000,00000000000,0,0,0,1,0,0,0,0,0,0,0,0,0,0,0,10,2,9,12,0,0,0,1,37,28732,6,1,0,0,3,3,68,999,0,0,0,0,0,0,0,0,0,0,0,0,0,0,1,2,45,1,2,2,1,0,0,11,15,1,1,1,98,0,0
37,370823,1,2,2,15,9,17,6,12,2,1,0,37,2,18,7,18007,4,2002,2G4WY55J7212,2,G,4,W,Y,5,5,J,7,2,1,2,0,P,BUIC,CLM,4D,2,17,3368,,0,1090,,G,,F,6,191,,,15R205,,,,,,0,0,000000000,00000000000,0,0,0,1,0,0,0,0,0,0,0,25,0,0,0,12,6,2,12,0,0,0,1,37,28742,6,1,0,0,3,0,71,999,0,0,0,1,0,6,2011,6,2011,0,0,0,0,0,1,2,45,1,1,2,1,0,0,11,15,1,1,2,68,0,0
37,370823,2,2,1,15,9,17,6,12,2,1,0,37,1,35,401,35401,14,1986,1N6ND06YXGC3,1,N,6,N,D,0,6,Y,X,G,C,3,0,T,NISS,K4U,PK,86,17,,1,0,1110,720,G,,,4,146,,,,B,3045,01,A,44,0,0,000000000,00000000000,0,0,0,1,0,0,0,0,0,0,0,45,0,0,0,12,6,2,12,0,0,0,1,37,28792,1,1,0,0,2,0,71,999,0,0,0,0,0,0,0,0,0,0,0,0,0,0,1,2,45,1,1,2,1,0,0,1,60,99,1,1,69,1,0
37,370824,1,1,1,1,9,4,41,42,0,1,0,37,3,23,421,23421,15,2005,1GTHC23U45F8,1,G,T,H,C,2,3,U,4,5,F,8,0,T,GMC,2CH,CW,5,17,,2,1670,1530,SIE,G,,,8,366,,,,C,5360,00,E,42,0,0,000000000,00000000000,0,0,0,1,0,0,0,0,0,0,0,65,0,0,0,12,6,2,2,0,0,1,1,37,28327,6,1,0,0,3,0,73,999,1,0,0,0,3,3,2010,9,2011,0,0,0,0,0,1,2,55,4,1,2,1,0,0,14,12,99,1,4,6,1,1
37,370825,1,1,4,14,9,21,52,34,0,1,0,37,2,22,16,22016,4,2001,1G2JB5246172,1,G,2,J,B,5,2,4,6,1,7,2,0,P,PONT,SFS,4D,1,17,2644,,0,1041,,G,,F,4,133,,,14R195,,,,,,0,0,000000000,00000000000,0,0,0,1,0,0,0,0,0,0,0,70,0,0,0,12,6,2,42,0,0,0,1,37,28377,1,1,0,0,2,0,69,999,0,1,0,0,1,4,2010,4,2010,1,0,0,0,0,1,2,55,1,1,2,1,20,3,1,14,1,1,4,14,1,1
37,370826,1,1,1,29,9,14,25,42,0,1,0,37,1,7,482,7482,31,1995,1B7HC16Z9SS1,1,B,7,H,C,1,6,Z,9,S,S,1,1,T,DODG,150,PK,95,17,,2,1347,1187,RPC,G,,,8,360,,,,B,3899,01,M,42,1,88,888888888,88888888888,1,4,99,1,0,0,0,0,0,0,0,55,0,0,0,12,6,2,2,0,0,1,1,37,28377,6,1,0,0,3,0,72,999,0,0,0,0,0,0,0,0,0,0,0,0,0,0,1,2,55,4,1,2,1,0,0,14,12,99,1,4,6,1,0
37,370827,1,2,1,28,9,1,52,12,2,1,0,37,3,84,881,84881,63,2013,1HSDHSJR2DH1,1,H,S,D,H,S,J,R,2,D,H,1,1,T,INTL,PRO,TR,13,17,,8,0,0,PRO,D,,,6,793,,,,,00000,00,,64,1,37,179985,37179985,3,4,3,1,0,0,0,0,0,0,0,55,0,0,0,12,6,9,12,0,0,0,1,37,28357,6,1,6,9,3,9,999,999,99,99,99,99,99,99,9999,99,9999,0,0,0,0,0,1,2,55,4,1,2,1,0,0,14,62,99,1,1,51,0,1
37,370827,2,2,1,28,9,1,52,12,2,1,0,36,1,20,471,20471,30,2001,1GCCT19W3181,1,G,C,C,T,1,9,W,3,1,8,1,0,T,CHEV,S14,PC,1,17,,1,0,1229,S,G,,,6,262,,,,B,00000,00,,44,0,0,000000000,00000000000,0,0,0,1,0,0,0,0,0,0,0,55,0,0,0,12,6,2,12,0,0,0,1,37,28376,6,1,0,0,3,0,68,999,0,0,0,0,0,0,0,0,0,0,0,0,0,0,1,2,55,4,1,2,1,0,0,14,10,99,1,2,50,1,1
37,370828,1,1,4,2,9,20,16,8,0,1,0,37,1,6,43,6043,2,1997,4C3AU42N2VE1,4,C,3,A,U,4,2,N,2,V,E,1,0,P,CHRY,SLX,CP,97,17,2848,,0,1037,,G,,F,6,152,,,14R195,,,,,,0,0,000000000,00000000000,0,0,0,1,0,0,0,0,0,0,0,45,0,0,0,12,6,2,8,0,0,0,1,37,28625,6,1,6,0,3,3,72,999,1,0,0,0,2,5,2010,11,2011,0,0,0,0,0,1,5,45,1,1,2,1,0,0,1,80,99,1,1,13,0,0
37,370829,1,1,1,17,9,21,13,8,0,1,0,37,1,20,481,20481,31,2004,2GCEK13T7413,2,G,C,E,K,1,3,T,7,4,1,3,0,T,CHEV,SK1,CW,4,17,,2,0,1435,SIL,G,,,8,323,,,,B,5244,00,,44,0,0,000000000,00000000000,0,0,0,1,0,0,0,0,0,0,0,40,0,0,0,12,6,2,8,0,0,0,1,37,28789,6,1,0,0,3,0,71,999,0,0,0,0,0,0,0,0,0,0,0,0,0,0,2,5,45,1,1,2,2,0,0,1,80,99,1,1,13,0,0
37,370830,1,1,1,7,9,13,0,1,0,1,0,13,3,98,809,98809,63,2007,2FZHAZDE17AX,2,F,Z,H,A,Z,D,E,1,7,A,X,1,T,STRG,LT9,TR,7,17,,8,0,0,STE,D,,,6,763,,,,,00000,00,,64,1,13,703286,13703286,3,4,3,1,0,0,0,0,0,0,0,50,9,1,1,0,6,2,1,0,0,0,1,13,31408,6,1,6,3,3,0,72,999,98,0,0,0,0,0,0,0,0,1,0,0,0,0,1,2,45,4,2,2,1,0,0,14,6,99,1,2,98,1,0
37,370831,1,2,1,7,9,12,45,12,6,1,0,37,1,55,35,55035,4,2004,KMHDN46D64U8,K,M,H,D,N,4,6,D,6,4,U,8,0,P,HYUN,EST,4D,4,17,2635,,0,1027,,G,,F,4,121,,,15R195,,,,,,0,0,000000000,00000000000,0,0,0,1,0,0,0,0,0,0,0,20,0,0,0,11,6,2,12,0,0,0,1,37,27520,6,1,0,0,3,0,60,999,0,0,0,0,0,0,0,0,0,0,0,0,0,0,1,4,55,1,1,2,1,0,0,1,10,99,1,2,98,1,0
37,370831,2,2,2,7,9,12,45,12,6,1,0,37,2,49,40,49040,4,1997,4T1BG22K1VU0,4,T,1,B,G,2,2,K,1,V,U,0,0,P,TOYT,UEX,4D,97,17,2976,,0,1051,,G,,F,4,132,,,14R195,,,,,,0,0,000000000,00000000000,0,0,0,1,0,0,0,0,0,0,0,55,0,0,0,12,6,2,12,0,0,0,1,37,27608,6,1,0,0,3,3,65,999,0,0,0,0,0,0,0,0,0,0,0,0,0,0,1,4,55,1,1,2,1,0,0,1,60,99,1,2,98,0,0
37,370832,1,1,1,25,9,13,11,53,0,1,0,37,2,98,398,98398,4,1994,1Y1SK536XRZ0,1,Y,1,S,K,5,3,6,X,R,Z,0,0,P,GEO,GEP,4D,94,17,2348,,0,971,,G,,F,4,097,,,14R175,,,,,,0,0,000000000,00000000000,0,0,0,1,0,0,0,0,0,0,0,70,0,1,5,3,6,2,1,0,0,0,1,37,27330,6,2,0,0,3,3,69,999,0,0,0,0,0,0,0,0,0,0,0,0,0,0,1,2,55,4,1,2,1,0,0,14,12,99,1,4,6,1,0
37,370833,1,1,1,9,9,10,48,33,0,1,0,37,2,35,47,35047,4,1997,1N4BU31D7VC1,1,N,4,B,U,3,1,D,7,V,C,1,0,P,NISS,AGS,4D,97,17,2756,,0,1031,,G,,F,4,146,,,15R205,,,,,,0,0,000000000,00000000000,0,0,0,1,0,0,0,0,0,0,0,35,0,0,0,12,6,2,42,0,0,0,1,37,28501,3,1,0,0,2,0,70,999,0,0,0,0,0,0,0,0,0,0,0,0,0,0,1,2,35,1,1,2,1,0,0,1,9,99,1,4,1,1,1
37,370834,1,1,1,26,9,3,0,34,0,1,0,37,2,12,471,12471,30,1998,1FTYR10C3WUA,1,F,T,Y,R,1,0,C,3,W,U,A,0,T,FORD,RNG,PK,98,17,,1,1175,1116,RNG,G,,,4,153,,,,B,3030,01,E,42,0,0,000000000,00000000000,0,0,0,1,0,0,0,0,0,0,0,55,0,1,5,1,6,2,1,0,0,0,1,37,28501,1,1,0,0,2,0,999,999,1,0,0,0,1,3,2010,10,2011,0,0,0,0,0,1,2,55,4,1,2,1,0,0,14,12,99,1,4,6,1,1
37,370835,1,1,2,12,9,12,46,32,0,1,0,37,2,49,471,49471,30,1985,JT4RN60R8F50,J,T,4,R,N,6,0,R,8,F,5,0,0,T,TOYT,R60,PK,85,17,,1,0,1030,44P,G,,,4,144,,,,B,2945,01,A,44,0,0,000000000,00000000000,0,0,0,1,0,0,0,0,0,0,0,60,0,1,5,12,6,2,1,0,0,0,1,37,27055,1,1,0,0,2,0,69,999,0,4,1,0,1,9,2009,12,2010,1,36,0,0,0,1,2,45,1,1,2,1,0,0,1,13,1,1,4,1,2,1
37,370836,1,2,1,24,9,15,59,12,2,1,0,37,1,20,481,20481,31,1986,1GBHK34JXGS1,1,G,B,H,K,3,4,J,X,G,S,1,0,T,CHEV,K30,CB,86,17,,2,1645,1315,K30,D,,,8,379,,,,D,4341,14,,44,0,0,000000000,00000000000,0,0,0,1,0,0,0,0,0,0,0,45,0,0,0,12,6,2,12,0,0,0,1,37,28734,6,1,6,0,3,0,68,999,0,0,0,0,0,0,0,0,0,0,0,0,0,0,1,2,45,3,2,2,1,0,0,14,62,1,1,1,51,0,0
37,370836,2,2,1,24,9,15,59,12,2,1,0,37,1,41,35,41035,4,2002,JM1BJ2252205,J,M,1,B,J,2,2,5,2,2,0,5,0,P,MAZD,PDS,4D,2,17,2493,,0,1028,,G,,F,4,122,,,15R195,,,,,,0,0,000000000,00000000000,0,0,0,1,0,0,0,0,0,0,0,50,0,0,0,12,6,2,12,0,0,0,1,37,28734,6,1,0,0,3,0,66,999,2,0,0,0,0,12,2011,8,2012,0,28,0,0,0,1,2,45,2,2,2,1,0,0,14,10,1,1,2,50,1,0
37,370837,1,2,2,13,9,22,5,12,6,1,0,37,1,12,3,12003,2,2012,1ZVBP8JS7C52,1,Z,V,B,P,8,J,S,7,C,5,2,0,P,FORD,SGT,CP,12,17,3820,,0,1071,,G,,Z,8,329,,,19R255,,,,,,0,0,000000000,00000000000,0,0,0,1,0,0,0,0,0,0,0,124,0,1,5,12,6,2,12,0,0,0,1,37,28753,6,1,6,0,3,0,72,999,0,0,0,0,0,0,0,0,0,1,36,0,0,0,1,3,55,1,2,2,1,0,0,1,67,1,1,1,83,0,1
37,370837,2,2,1,13,9,22,5,12,6,1,0,37,1,12,37,12037,4,2009,1FAHP35N59W1,1,F,A,H,P,3,5,N,5,9,W,1,0,P,FORD,FSE,4D,9,17,2623,,0,1029,,G,,F,4,122,,,16R205,,,,,,0,0,000000000,00000000000,0,0,0,1,0,0,0,0,0,0,0,5,0,0,0,9,6,2,12,0,0,0,1,37,28787,6,1,0,0,3,3,70,999,0,0,0,0,0,0,0,0,0,0,0,0,0,0,1,2,55,1,1,2,1,20,3,11,15,1,1,1,82,1,0
37,370838,1,1,1,28,9,0,9,1,0,1,0,37,2,53,705,53705,80,2007,JS1GR7KA7721,J,S,1,G,R,7,K,A,7,7,2,1,0,M,SUZI,SX7,RC,7,17,,,,,,,749,,4,,4,359,,,,,,,0,0,000000000,00000000000,0,0,0,1,0,0,0,0,0,0,0,55,0,0,0,0,6,2,1,0,0,0,1,37,28711,6,1,0,0,3,0,72,999,0,0,0,0,0,0,0,0,0,0,36,0,0,0,1,2,35,3,2,2,1,0,0,14,13,1,1,4,98,1,0