STATE,ST_CASE,VEH_NO,VE_FORMS,NUMOCCS,DAY,MONTH,HOUR,MINUTE,HARM_EV,MAN_COLL,UNITTYPE,HIT_RUN,REG_STAT,OWNER,MAKE,MODEL,MAK_MOD,BODY_TYP,MOD_YEAR,VIN,VIN_1,VIN_2,VIN_3,VIN_4,VIN_5,VIN_6,VIN_7,VIN_8,VIN_9,VIN_10,VIN_11,VIN_12,TOW_VEH,VINTYPE,VINMAKE,VINA_MOD,VIN_BT,VINMODYR,VIN_LNGT,VIN_WGT,WGTCD_TR,WHLBS_LG,WHLBS_SH,SER_TR,FUELCODE,MCYCL_DS,CARBUR,CYLINDER,DISPLACE,MCYCL_CY,MCYCL_WT,TIRE_SZE,TON_RAT,TRK_WT,TRKWTVAR,VIN_REST,WHLDRWHL,J_KNIFE,MCARR_I1,MCARR_I2,MCARR_ID,GVWR,V_CONFIG,CARGO_BT,HAZ_INV,HAZ_PLAC,HAZ_ID,HAZ_CNO,HAZ_REL,BUS_USE,SPEC_USE,EMER_USE,TRAV_SP,UNDERIDE,ROLLOVER,ROLINLOC,IMPACT1,DEFORMED,TOWED,M_HARM,VEH_SC1,VEH_SC2,FIRE_EXP,DR_PRES,L_STATE,DR_ZIP,L_STATUS,L_TYPE,CDL_STAT,L_ENDORS,L_COMPL,L_RESTRI,DR_HGT,DR_WGT,PREV_ACC,PREV_SUS,PREV_DWI,PREV_SPD,PREV_OTH,FIRST_MO,FIRST_YR,LAST_MO,LAST_YR,SPEEDREL,DR_SF1,DR_SF2,DR_SF3,DR_SF4,VTRAFWAY,VNUM_LAN,VSPD_LIM,VALIGN,VPROFILE,VPAVETYP,VSURCOND,VTRAFCON,VTCONT_F,P_CRASH1,P_CRASH2,P_CRASH3,PCRASH4,PCRASH5,ACC_TYPE,DEATHS,DR_DRINK
37,370874,1,1,1,2,10,9,18,42,0,1,0,37,1,35,43,35043,4,1995,1N4AB41D8SC7,1,N,4,A,B,4,1,D,8,S,C,7,0,P,NISS,XGU,4D,95,17,2324,,0,998,,G,,F,4,097,,,13R155,,,,,,0,0,000000000,00000000000,0,0,0,1,0,0,0,0,0,0,0,70,0,0,0,12,6,2,42,0,0,0,1,37,27030,6,1,0,0,3,0,69,999,0,1,0,0,0,11,2009,11,2009,0,99,99,99,99,2,4,65,1,1,2,2,0,0,1,13,1,1,4,1,1,1
37,370875,1,1,1,1,9,20,15,38,0,1,0,51,3,20,4,20004,2,1991,1G1YY2382M51,1,G,1,Y,Y,2,3,8,2,M,5,1,0,P,CHEV,CVT,CP,91,17,3151,,0,962,,G,,F,8,350,,,17R275,,,,,,0,0,000000000,00000000000,0,0,0,1,0,0,0,0,0,0,0,45,0,1,5,10,6,2,1,0,0,0,1,51,24333,6,1,0,0,3,0,73,200,0,0,0,0,0,0,0,0,0,0,0,0,0,0,1,2,35,3,1,2,1,0,0,14,13,1,1,4,1,1,1
37,370876,1,2,1,23,9,10,46,12,8,1,0,37,2,76,705,76705,80,2002,JYARJ04E92A0,J,Y,A,R,J,0,4,E,9,2,A,0,0,M,YAMA,R6L,RC,2,17,,,,,,,599,,4,,4,365,,,,,,,0,0,000000000,00000000000,0,0,0,1,0,0,0,0,0,0,0,45,0,0,0,3,6,2,12,0,0,0,1,37,27030,6,1,0,0,3,3,73,999,0,0,0,0,1,1,2011,1,2011,0,0,0,0,0,1,2,55,1,3,2,1,0,0,1,54,3,2,1,69,1,0
37,370876,2,2,2,23,9,10,46,12,8,1,0,37,1,55,36,55036,3,1995,KMHVD14N7SU0,K,M,H,V,D,1,4,N,7,S,U,0,0,P,HYUN,ABL,2H,95,17,2163,,0,945,,G,,F,4,091,,,13R175,,,,,,0,0,000000000,00000000000,0,0,0,1,0,0,0,0,0,0,0,10,0,0,0,3,4,1,12,0,0,0,1,37,27030,6,1,6,0,3,3,67,999,0,0,0,0,0,0,0,0,0,0,38,0,0,0,1,2,55,1,3,2,1,0,0,11,15,1,1,2,68,0,0
37,370877,1,1,1,1,9,10,40,8,0,1,0,37,1,7,482,7482,31,2005,1D7HU18N25S2,1,D,7,H,U,1,8,N,2,5,S,2,0,T,DODG,SQ1,CW,5,17,,2,1605,1405,RPC,G,,,8,287,,,,B,4979,03,E,44,0,0,000000000,00000000000,0,0,0,1,0,0,0,0,0,0,0,2,0,0,0,6,0,4,8,0,0,0,1,37,28173,6,1,0,0,3,0,71,999,0,0,0,1,0,2,2012,2,2012,0,0,0,0,0,0,0,0,0,0,0,0,0,0,13,98,1,1,5,92,0,0
37,370878,1,2,1,25,9,13,35,12,6,1,0,18,3,84,881,84881,66,2008,1HSHXAHR88J6,1,H,S,H,X,A,H,R,8,8,J,6,1,T,INTL,860,TR,8,17,,8,0,0,80S,D,,,6,661,,,,,00000,00,,64,1,57,054283,57054283,3,6,1,1,0,0,0,0,0,0,0,45,0,0,0,12,6,2,12,0,0,0,1,37,27025,6,1,6,0,3,3,67,999,1,0,0,0,0,8,2011,8,2011,0,0,0,0,0,2,9,45,1,1,2,1,3,3,1,55,1,1,1,88,0,0
37,370878,2,2,2,25,9,13,35,12,6,1,0,45,3,12,461,12461,21,2005,1FDSS34P45HA,1,F,D,S,S,3,4,P,4,5,H,A,0,T,FORD,3SD,EC,5,17,,2,0,1380,VAN,D,,,8,366,,,,D,00000,00,E,42,0,0,000000000,00000000000,0,0,0,1,0,0,0,0,0,0,0,10,0,0,0,10,6,2,12,0,0,0,1,45,29520,6,1,6,9,3,3,74,300,0,0,0,1,0,3,2010,3,2010,0,39,0,0,0,2,9,45,1,1,2,1,3,3,4,17,1,1,1,89,1,0
37,370879,1,1,1,15,9,22,6,34,0,1,0,37,2,20,442,20442,20,1992,1GNDU06D6NT1,1,G,N,D,U,0,6,D,6,N,T,1,0,P,CHEV,L/M,SV,92,17,3557,,0,1098,,G,,F,6,191,,,15R205,,,,,,0,0,000000000,00000000000,0,0,0,1,0,0,0,0,0,0,0,75,0,1,5,12,6,2,1,0,0,0,1,37,27507,6,1,0,0,3,0,59,999,1,0,0,0,0,3,2010,3,2010,1,28,36,58,0,1,2,55,3,1,2,1,0,0,14,10,1,1,4,6,1,1
37,370880,1,1,1,2,9,9,45,59,0,1,0,37,1,12,37,12037,4,2003,1FAFP34393W3,1,F,A,F,P,3,4,3,9,3,W,3,0,P,FORD,FSP,4D,3,17,2564,,0,1030,,G,,F,4,121,,,15R195,,,,,,0,0,000000000,00000000000,0,0,0,1,0,0,0,0,0,0,0,55,0,0,0,12,6,2,42,0,0,0,1,37,27523,6,1,0,0,3,3,64,999,1,0,0,0,0,9,2011,9,2011,1,36,0,0,0,1,2,45,2,2,2,1,0,0,14,13,1,1,4,1,1,0
37,370881,1,1,1,25,9,18,29,34,0,1,0,37,1,72,706,72706,80,1999,1HD1BJL41XY0,1,H,D,1,B,J,L,4,1,X,Y,0,0,M,HD,STC,RS,99,17,,,,,,,1340,,2,,4,704,,,,,,,0,0,000000000,00000000000,0,0,0,1,0,0,0,0,0,0,0,45,0,0,0,9,6,2,1,0,0,0,1,37,27606,6,1,0,0,2,3,68,999,0,0,0,2,0,4,2010,3,2011,0,99,99,99,99,1,2,45,3,1,2,1,0,0,14,13,1,1,4,1,1,1
37,370882,1,1,1,4,9,22,38,8,0,1,0,37,1,20,16,20016,2,2004,1G1JC12F2473,1,G,1,J,C,1,2,F,2,4,7,3,0,P,CHEV,CAV,CP,4,17,2617,,0,1041,,G,,F,4,134,,,14R195,,,,,,0,0,000000000,00000000000,0,0,0,1,0,0,0,0,0,0,0,35,0,0,0,12,4,1,8,0,0,0,1,37,27563,1,1,0,0,2,0,68,999,0,1,0,0,2,7,2011,7,2012,0,0,0,0,0,1,2,45,1,1,2,1,0,0,1,80,1,1,1,13,0,0
37,370883,1,1,2,3,9,5,31,8,0,1,0,37,1,2,404,2404,14,1996,1J4GZ58Y3TC3,1,J,4,G,Z,5,8,Y,3,T,C,3,0,T,JEEP,LRO,4W,96,17,,1,0,1059,GCK,G,,,8,318,,,,,3686,00,E,44,0,0,000000000,00000000000,0,0,0,1,0,0,0,0,0,0,0,65,0,0,0,12,6,2,8,0,0,0,1,37,27962,6,1,0,0,3,0,63,999,0,0,0,1,3,7,2010,1,2012,0,0,0,0,0,3,4,70,1,1,2,1,0,0,1,80,1,1,1,13,0,0
37,370884,1,1,2,6,9,13,54,35,0,1,0,37,1,14,17,14017,4,2000,1MEFM53U8YA6,1,M,E,F,M,5,3,U,8,Y,A,6,0,P,MERC,SLS,4D,0,17,3375,,0,1085,,G,,F,6,182,,,16R215,,,,,,0,0,000000000,00000000000,0,0,0,1,0,0,0,0,0,0,0,55,0,1,5,12,6,2,42,0,0,0,1,37,27569,6,1,0,0,3,3,71,999,0,0,0,0,0,0,0,0,0,0,99,99,99,99,2,4,55,1,1,2,1,0,0,1,13,1,1,4,1,1,0
37,370885,1,1,1,8,9,13,44,43,0,1,0,37,1,53,706,53706,80,2007,JS1GW71A9721,J,S,1,G,W,7,1,A,9,7,2,1,0,M,SUZI,GRZ,RC,7,17,,,,,,,1299,,4,,4,478,,,,,,,0,0,000000000,00000000000,0,0,0,1,0,0,0,0,0,0,0,50,0,0,0,9,6,2,43,0,0,0,1,37,28504,6,1,6,0,3,0,66,999,0,0,0,0,0,0,0,0,0,1,36,0,0,0,1,2,25,2,1,2,1,0,0,14,6,3,2,4,7,1,1
37,370886,1,1,1,10,9,15,32,34,0,1,0,37,2,20,36,20036,2,2004,2G1WW12EX494,2,G,1,W,W,1,2,E,X,4,9,4,0,P,CHEV,MLS,CP,4,17,3340,,0,1105,,G,,F,6,207,,,16R225,,,,,,0,0,000000000,00000000000,0,0,0,1,0,0,0,0,0,0,0,100,0,0,0,12,6,2,50,0,0,0,1,37,28422,6,1,0,0,3,3,66,999,0,1,1,0,2,9,2010,9,2011,1,36,0,0,0,3,4,70,3,1,2,1,0,0,14,6,1,1,4,1,1,0
37,370887,1,1,5,15,9,3,7,35,0,1,0,37,2,12,401,12401,14,2001,1FMYU60E41UA,1,F,M,Y,U,6,0,E,4,1,U,A,0,P,FORD,EPR,UT,1,17,3769,,0,1018,,G,,F,6,245,,,15R235,,,,,,0,0,000000000,00000000000,0,0,0,1,0,0,0,0,0,0,0,50,0,0,0,6,6,2,42,0,0,0,1,37,27893,1,1,0,0,2,3,63,999,2,2,0,0,2,4,2011,2,2012,0,24,0,0,0,3,4,70,1,1,2,1,0,0,1,13,1,1,4,1,1,1
37,370888,1,1,1,2,9,14,44,1,0,1,0,37,1,73,706,73706,80,2008,JKBVNKD178A0,J,K,B,V,N,K,D,1,7,8,A,0,0,M,KAWK,DVN,RS,8,17,,,,,,,1552,,2,,4,772,,,,,,,0,0,000000000,00000000000,0,0,0,1,0,0,0,0,0,0,0,65,0,0,0,0,6,2,1,0,0,0,1,37,27358,6,1,0,0,3,3,75,999,0,0,0,0,0,0,0,0,0,0,24,0,0,0,3,4,65,1,1,2,1,0,0,1,1,1,1,4,1,1,0
37,370889,1,2,1,17,9,15,42,12,6,1,0,37,3,85,881,85881,66,1997,1XKDDB9X7VJ7,1,X,K,D,D,B,9,X,7,V,J,7,1,T,KW,T80,TR,97,17,,8,0,0,CON,D,,,6,893,,,,,00000,00,,64,1,57,149246,57149246,3,6,1,1,0,0,0,0,0,0,0,40,0,0,0,12,4,9,12,0,0,0,1,37,28651,6,1,6,0,3,0,73,999,0,0,0,0,2,11,2010,4,2012,0,0,0,0,0,1,2,55,1,3,2,2,0,0,1,54,1,1,1,83,0,0
37,370889,2,2,1,17,9,15,42,12,6,1,0,37,1,20,34,20034,4,1997,2C1MR5294V67,2,C,1,M,R,5,2,9,4,V,6,7,0,P,GEO,LSI,4D,97,17,1938,,0,931,,G,,F,4,079,,,13R155,,,,,,0,0,000000000,00000000000,0,0,0,1,0,0,0,0,0,0,0,15,0,0,0,9,6,2,12,0,0,0,1,37,28659,6,1,0,0,3,0,70,999,0,0,0,0,0,0,0,0,0,0,39,0,0,0,1,2,55,1,3,2,2,20,3,11,15,1,1,1,82,1,0
37,370890,1,1,1,15,9,2,0,1,0,1,0,37,1,72,706,72706,80,2008,1HD1CX3468K4,1,H,D,1,C,X,3,4,6,8,K,4,0,M,HD,C1A,RS,8,17,,,,,,,1202,,2,,4,581,,,,,,,0,0,000000000,00000000000,0,0,0,1,0,0,0,0,0,0,0,55,0,0,0,0,6,2,1,0,0,0,1,37,27822,6,1,0,0,3,0,69,999,0,0,0,0,0,0,0,0,0,0,28,0,0,0,1,2,55,3,1,2,1,0,0,14,10,1,1,4,6,1,1
37,370891,2,1,1,15,9,1,16,14,0,1,0,37,1,20,37,20037,4,2004,1G1ZS52F74F1,1,G,1,Z,S,5,2,F,7,4,F,1,0,P,CHEV,MAL,4D,4,17,3174,,0,1063,,G,,F,4,134,,,15R205,,,,,,0,0,000000000,00000000000,0,0,0,1,0,0,0,0,0,0,0,75,0,0,0,12,6,2,14,0,0,0,1,37,27020,6,1,0,0,3,3,69,999,0,1,0,0,0,3,2010,3,2010,0,0,0,0,0,3,4,70,1,1,1,1,0,0,1,50,1,1,4,98,1,1
37,370892,1,2,1,15,9,17,28,12,2,1,0,37,1,37,706,37706,80,2005,1HFSC46G35A3,1,H,F,S,C,4,6,G,3,5,A,3,0,M,HOND,VC8,RS,5,17,,,,,,,1795,,2,,4,719,,,,,,,0,0,000000000,00000000000,0,0,0,1,0,0,0,0,0,0,0,45,0,0,0,12,4,9,12,0,0,0,1,37,27028,6,1,0,0,3,3,75,999,0,0,0,0,0,0,0,0,0,0,28,0,0,0,1,2,55,2,1,2,1,0,0,14,10,1,1,2,50,1,0
37,370892,2,2,1,15,9,17,28,12,2,1,0,37,1,20,481,20481,31,2008,1GCHK23628F1,1,G,C,H,K,2,3,6,2,8,F,1,0,T,CHEV,2KH,CW,8,17,,2,1670,1530,SIL,D,,,8,403,,,,C,5883,02,,44,0,0,000000000,00000000000,0,0,0,1,0,0,0,0,0,0,0,45,0,0,0,12,6,2,12,0,0,0,1,37,27055,6,1,0,0,3,0,71,999,1,0,0,1,1,5,2010,5,2012,0,0,0,0,0,1,2,55,3,1,2,1,0,0,14,62,1,1,1,51,0,0
37,370893,1,1,2,7,9,22,28,38,0,1,0,92,0,76,734,76734,90,2003,JY4AM03Y73C0,J,Y,4,A,M,0,3,Y,7,3,C,0,0,M,YAMA,Y6W,AT,3,17,,,,,,,660,,1,,4,600,,,,,,,0,0,000000000,00000000000,0,0,0,1,0,0,0,0,0,0,0,50,0,2,5,12,6,2,1,0,0,0,1,37,28714,0,0,0,0,0,0,999,999,0,0,0,0,0,0,0,0,0,0,58,0,0,0,1,2,55,3,1,2,1,0,0,14,13,1,1,4,1,1,0
37,370894,1,1,1,13,9,17,11,35,0,1,0,37,1,49,471,49471,30,1990,JT4VN13G1L50,J,T,4,V,N,1,3,G,1,L,5,0,0,T,TOYT,EL5,PC,90,17,,1,0,1215,HTP,G,,,6,180,,,,B,00000,00,A,44,0,0,000000000,00000000000,0,0,0,1,0,0,0,0,0,0,0,45,0,1,5,12,6,2,1,0,0,0,1,37,28740,6,1,0,0,3,0,71,999,0,0,0,0,0,0,0,0,0,0,58,0,0,0,1,2,55,3,2,2,1,0,0,14,13,1,1,4,1,1,0
37,370895,1,1,3,20,4,2,14,5,0,1,0,37,2,30,42,30042,3,2005,9BWDE61J3540,9,B,W,D,E,6,1,J,3,5,4,0,0,P,VOLK,GTI,2H,5,17,2805,,0,989,,G,,T,4,109,,,16R205,,,,,,0,0,000000000,00000000000,0,0,0,1,0,0,0,0,0,0,0,25,0,0,0,0,0,3,5,0,0,0,1,37,27612,6,1,0,0,3,2,65,999,0,0,0,0,0,0,0,0,0,0,74,0,0,0,1,2,25,3,1,2,1,0,0,1,98,1,1,1,0,1,1
37,370896,1,1,1,11,5,22,28,9,0,1,0,37,1,12,3,12003,2,2007,1ZVHT82H7753,1,Z,V,H,T,8,2,H,7,7,5,3,0,P,FORD,MGT,CP,7,17,3356,,0,1071,,G,,F,8,281,,,17R235,,,,,,0,0,000000000,00000000000,0,0,0,1,0,0,0,0,0,0,0,50,0,0,0,12,6,2,9,0,0,0,1,37,28560,6,1,0,0,3,0,70,999,0,0,0,1,0,10,2009,10,2009,0,0,0,0,0,2,4,50,1,2,2,1,0,0,1,80,1,1,1,13,0,0
37,370897,1,1,1,30,5,5,59,42,0,1,0,37,2,12,15,12015,4,1989,1FAPP37X6KK1,1,F,A,P,P,3,7,X,6,K,K,1,0,P,FORD,TLX,4D,89,17,2628,,0,999,,G,,F,4,140,,,14R185,,,,,,0,0,000000000,00000000000,0,0,0,1,0,0,0,0,0,0,0,40,0,1,5,12,6,2,42,0,0,0,1,37,27704,1,1,0,0,2,0,74,999,0,0,0,0,0,0,0,0,0,1,28,36,0,0,1,2,25,1,1,2,2,0,0,1,10,1,1,4,6,1,1
37,370898,1,1,2,23,6,16,25,59,0,1,0,37,1,20,481,20481,31,2008,3GCEK13J78G2,3,G,C,E,K,1,3,J,7,8,G,2,0,T,CHEV,SK1,CW,8,17,,2,0,1435,SIL,G,,,8,323,,,,B,5326,00,,44,0,0,000000000,00000000000,0,0,0,1,0,0,0,0,0,0,0,35,0,0,0,12,6,2,21,0,0,0,1,37,27886,6,1,0,0,3,0,70,999,0,0,0,0,0,0,0,0,0,0,0,0,0,0,1,2,35,3,1,2,6,0,0,14,13,1,4,4,2,1,1
37,370899,1,1,1,3,6,0,14,32,0,1,0,37,2,20,402,20402,14,2001,2CNBJ13C6169,2,C,N,B,J,1,3,C,6,1,6,9,0,P,CHEV,TKR,UT,1,17,2987,,0,976,,G,,F,4,122,,,15R205,,,,,,0,0,000000000,00000000000,0,0,0,1,0,0,0,0,0,0,0,998,0,0,0,12,6,2,32,0,0,0,1,37,27613,1,1,0,0,2,0,63,999,2,2,0,0,3,9,2009,2,2012,0,99,99,99,99,2,4,45,1,1,2,1,0,0,1,13,1,1,4,1,1,0
37,370900,1,1,1,5,6,19,19,42,0,1,0,37,1,76,703,76703,80,2003,JYACG13C23A0,J,Y,A,C,G,1,3,C,2,3,A,0,0,M,YAMA,Y25,MX,3,17,,,,,,,249,,1,,4,208,,,,,,,0,0,000000000,00000000000,0,0,0,1,0,0,0,0,0,0,0,55,0,0,0,12,4,9,42,0,0,0,1,37,28364,3,1,0,0,2,0,75,999,0,0,0,0,1,7,2010,7,2010,1,36,0,0,0,1,2,55,1,1,2,1,0,0,1,98,1,1,5,98,1,1
37,370901,1,1,1,18,8,21,25,8,0,1,1,37,2,54,31,54031,3,1995,JH4DC4350SS0,J,H,4,D,C,4,3,5,0,S,S,0,0,P,ACUR,ILS,2H,95,17,2572,,0,1012,,G,,F,4,112,,,14R195,,,,,,0,0,000000000,00000000000,0,0,0,1,0,0,0,0,0,0,0,998,0,0,0,1,4,1,8,0,0,0,1,37,27576,6,1,0,0,3,2,63,999,0,3,0,0,1,8,2009,1,2011,9,74,0,0,0,1,2,35,1,2,2,1,0,0,1,80,1,1,1,13,0,1
37,370902,1,1,1,20,8,3,36,9,0,1,0,37,3,84,881,84881,62,2005,1HTMMAAM85H1,1,H,T,M,M,A,A,M,8,5,H,1,0,T,INTL,430,CC,5,17,,6,0,0,40S,D,,,6,466,,,,,00000,00,,42,0,57,515415,57515415,2,1,1,1,0,0,0,0,0,0,0,65,0,0,0,1,6,2,9,0,0,0,1,37,27610,6,1,6,0,3,0,71,999,0,1,0,0,1,7,2010,10,2010,0,0,0,0,0,3,3,65,2,1,2,2,0,0,14,80,1,1,1,13,0,0
37,370903,1,2,1,17,8,13,31,12,6,1,0,37,1,37,705,37705,80,1985,JH2RC2105FM1,J,H,2,R,C,2,1,0,5,F,M,1,0,M,HOND,F70,RS,85,17,,,,,,,700,,4,,4,497,,,,,,,0,0,000000000,00000000000,0,0,0,1,0,0,0,0,0,0,0,45,0,0,0,12,6,2,12,0,0,0,1,37,27545,6,1,0,0,3,3,68,999,0,0,0,0,0,0,0,0,0,0,0,0,0,0,1,2,45,1,1,2,1,0,0,1,54,1,1,1,98,1,0
37,370903,2,2,1,17,8,13,31,12,6,1,0,37,1,19,20,19020,6,2010,3GYFNAEY4AS6,3,G,Y,F,N,A,E,Y,4,A,S,6,0,P,CADI,SRX,UT,10,17,4224,,0,1105,,G,,F,6,183,,,18R235,,,,,,0,0,000000000,00000000000,0,0,0,1,0,0,0,0,0,0,0,10,0,0,0,9,4,8,12,0,0,0,1,37,27610,6,1,0,0,3,3,66,999,1,0,0,0,0,8,2010,8,2010,0,38,48,0,0,1,2,45,1,1,2,1,0,0,12,19,1,1,7,98,0,0
37,370904,1,3,1,22,9,10,58,12,9,1,0,37,1,53,706,53706,80,2008,JS1GT77A5821,J,S,1,G,T,7,7,A,5,8,2,1,0,M,SUZI,XR1,RC,8,17,,,,,,,999,,4,,4,379,,,,,,,0,0,000000000,00000000000,0,0,0,1,0,0,0,0,0,0,0,35,0,0,0,6,6,2,12,0,0,0,1,37,28269,6,1,0,0,3,0,70,999,0,0,0,0,1,3,2012,3,2012,0,0,0,0,0,1,2,55,1,1,2,1,3,3,2,18,1,2,1,48,0,0
37,370904,2,3,1,22,9,10,58,12,9,1,0,37,1,72,706,72706,80,2000,1HD1BRY17YY0,1,H,D,1,B,R,Y,1,7,Y,Y,0,0,M,HD,LTS,RS,0,17,,,,,,,1450,,2,,4,717,,,,,,,0,0,000000000,00000000000,0,0,0,1,0,0,0,0,0,0,0,35,0,0,0,12,6,2,54,0,0,0,1,37,27847,6,1,0,0,3,0,70,999,0,0,0,0,2,2,2011,9,2011,0,26,0,0,0,1,2,55,1,1,2,1,3,3,1,52,1,1,1,98,1,0
37,370904,3,3,2,22,9,10,58,12,9,1,0,37,1,37,706,37706,80,1995,1HFSC2236SA7,1,H,F,S,C,2,2,3,6,S,A,7,0,M,HOND,1/2,RS,95,17,,,,,,,1500,,6,,4,813,,,,,,,0,0,000000000,00000000000,0,0,0,1,0,0,0,0,0,0,0,35,0,0,0,9,4,1,12,0,0,0,1,37,27849,6,1,0,0,3,0,67,999,0,0,0,0,0,0,0,0,0,0,24,0,0,0,1,2,55,1,1,2,1,3,3,1,52,7,1,1,48,0,0
37,370905,1,1,1,18,9,19,56,1,0,1,0,37,1,73,706,73706,80,2006,JKBVNKA136A0,J,K,B,V,N,K,A,1,3,6,A,0,0,M,KAWK,V6A,RS,6,17,,,,,,,1552,,2,,4,675,,,,,,,0,0,000000000,00000000000,0,0,0,1,0,0,0,0,0,0,0,50,0,0,0,0,6,2,30,0,0,0,1,37,28906,6,1,0,0,3,0,72,999,1,0,0,1,0,9,2009,12,2010,1,36,58,0,0,1,2,35,3,2,2,2,0,0,14,6,1,2,4,2,1,0
37,370906,1,2,2,27,9,21,0,12,8,1,1,37,2,12,481,12481,31,1977,F10GNZ14402,F,1,0,G,N,Z,1,4,4,0,2,,0,T,FORD,F10,PK,77,11,,1,1665,1170,COF,G,,,8,302,,,,B,3485,01,,42,0,0,000000000,00000000000,0,0,0,1,0,0,0,0,0,0,0,50,0,0,0,11,4,1,12,0,0,0,1,37,27295,1,1,0,0,2,0,72,999,1,10,0,0,6,11,2009,9,2011,1,99,99,99,99,1,2,35,1,3,2,1,0,0,1,54,1,1,2,67,0,0
37,370906,2,2,1,27,9,21,0,12,8,1,0,92,0,98,709,98709,88,9999,000000000000,0,0,0,0,0,0,0,0,0,0,0,0,0,,,,,,,,,,,,,,,,,,,,,,,,,0,0,000000000,00000000000,0,0,0,1,0,0,0,0,0,0,0,25,0,0,0,9,6,2,12,0,0,0,1,37,27127,1,1,0,0,1,0,73,999,0,0,0,0,0,0,0,0,0,0,99,99,99,99,1,2,35,1,3,2,1,0,0,1,54,1,1,2,67,1,1
37,370907,1,1,2,6,9,8,41,30,0,1,0,37,1,35,47,35047,4,2006,1N4AL11D66N3,1,N,4,A,L,1,1,D,6,6,N,3,0,P,NISS,ASL,4D,6,17,2915,,0,1102,,G,,F,4,153,,,16R215,,,,,,0,0,000000000,00000000000,0,0,0,1,0,0,0,0,0,0,0,35,0,1,5,12,6,2,30,0,0,0,1,37,27893,6,1,0,0,3,0,68,999,0,1,0,0,1,3,2012,3,2012,0,99,99,99,99,1,4,35,1,1,2,1,0,0,1,13,1,1,4,1,1,0
37,370908,1,1,1,10,10,12,59,1,0,1,0,37,2,72,706,72706,80,2000,1HD1DJV19YY6,1,H,D,1,D,J,V,1,9,Y,Y,6,0,M,HD,FHC,RS,0,17,,,,,,,1450,,2,,4,758,,,,,,,0,0,000000000,00000000000,0,0,0,1,0,0,0,0,0,0,0,45,0,0,0,0,6,2,38,0,0,0,1,37,28681,6,1,0,0,3,0,73,999,0,0,0,0,1,2,2012,2,2012,0,0,0,0,0,1,2,45,4,1,2,1,0,0,14,13,1,1,4,1,1,0
37,370909,1,2,1,13,10,10,53,12,1,1,0,37,1,37,705,37705,80,1998,JH2RC4469WM0,J,H,2,R,C,4,4,6,9,W,M,0,0,M,HOND,V7D,RS,98,17,,,,,,,748,,2,,4,505,,,,,,,0,0,000000000,00000000000,0,0,0,1,0,0,0,0,0,0,0,45,0,0,0,12,6,2,12,0,0,0,1,37,28681,6,1,6,0,3,0,69,999,1,0,0,0,0,12,2011,12,2011,0,0,0,0,0,1,2,45,1,3,2,1,0,0,1,51,99,1,1,98,1,0
37,370909,2,2,1,13,10,10,53,12,1,1,0,0,0,99,998,99998,92,9999,000000000000,0,0,0,0,0,0,0,0,0,0,0,0,0,,,,,,,,,,,,,,,,,,,,,,,,,0,0,000000000,00000000000,0,0,0,1,0,0,0,0,0,0,0,999,0,0,0,6,9,9,12,0,0,0,1,37,28681,6,1,0,0,1,0,64,999,0,0,0,0,0,0,0,0,0,0,0,0,0,0,1,2,45,1,3,2,1,0,0,1,53,1,1,1,98,0,0
37,370910,1,1,2,14,10,14,30,34,0,1,0,37,2,20,399,20399,9,1976,1Z37L6S42971,1,Z,3,7,L,6,S,4,2,9,7,1,0,P,CHEV,CVT,CP,76,13,3445,,0,980,,G,,4,8,350,,,15GR70,,,,,,0,0,000000000,00000000000,0,0,0,1,0,0,0,0,0,0,0,75,0,1,5,12,6,2,1,0,0,0,1,37,28133,1,1,0,0,2,0,67,999,0,0,0,0,0,0,0,0,0,1,0,0,0,0,1,2,55,2,1,2,1,0,0,14,6,99,1,4,1,1,1
37,370911,1,1,1,12,10,10,0,1,0,1,0,37,2,35,43,35043,2,1986,JN1HZ14S2GX1,J,N,1,H,Z,1,4,S,2,G,X,1,0,P,NISS,30X,2H,86,17,2966,,0,913,,G,,F,6,181,,,15R215,,,,,,0,0,000000000,00000000000,0,0,0,1,0,0,0,0,0,0,0,55,0,2,5,0,6,2,1,0,0,0,1,37,28615,1,1,0,0,2,3,67,999,1,0,0,1,1,10,2010,6,2012,0,0,0,0,0,1,2,55,1,1,2,1,0,0,1,9,99,1,4,6,1,0
37,370912,1,3,1,25,10,6,36,12,2,1,0,37,2,49,40,49040,4,1995,4T1SK12E0SU5,4,T,1,S,K,1,2,E,0,S,U,5,0,P,TOYT,CLE,4D,95,17,3086,,0,1031,,G,,F,4,132,,,14R195,,,,,,0,0,000000000,00000000000,0,0,0,1,0,0,0,0,0,0,0,10,0,0,0,12,2,1,12,0,0,0,1,37,27889,6,1,0,0,3,0,60,999,0,0,0,0,0,0,0,0,0,0,38,0,0,0,1,2,45,1,1,2,1,20,3,11,15,1,1,1,98,0,0
37,370912,2,3,1,25,10,6,36,12,2,1,0,37,1,37,705,37705,80,2002,JH2RC44682M6,J,H,2,R,C,4,4,6,8,2,M,6,0,M,HOND,VCC,RS,2,17,,,,,,,745,,2,,4,505,,,,,,,0,0,000000000,00000000000,0,0,0,1,0,0,0,0,0,0,0,40,0,0,0,12,6,2,54,0,0,0,1,37,27817,1,1,0,0,2,0,68,999,0,1,0,2,0,6,2012,8,2012,0,0,0,0,0,1,2,45,1,1,2,1,0,0,1,55,99,1,2,98,1,0