STATE,ST_CASE,VEH_NO,VE_FORMS,NUMOCCS,DAY,MONTH,HOUR,MINUTE,HARM_EV,MAN_COLL,UNITTYPE,HIT_RUN,REG_STAT,OWNER,MAKE,MODEL,MAK_MOD,BODY_TYP,MOD_YEAR,VIN,VIN_1,VIN_2,VIN_3,VIN_4,VIN_5,VIN_6,VIN_7,VIN_8,VIN_9,VIN_10,VIN_11,VIN_12,TOW_VEH,VINTYPE,VINMAKE,VINA_MOD,VIN_BT,VINMODYR,VIN_LNGT,VIN_WGT,WGTCD_TR,WHLBS_LG,WHLBS_SH,SER_TR,FUELCODE,MCYCL_DS,CARBUR,CYLINDER,DISPLACE,MCYCL_CY,MCYCL_WT,TIRE_SZE,TON_RAT,TRK_WT,TRKWTVAR,VIN_REST,WHLDRWHL,J_KNIFE,MCARR_I1,MCARR_I2,MCARR_ID,GVWR,V_CONFIG,CARGO_BT,HAZ_INV,HAZ_PLAC,HAZ_ID,HAZ_CNO,HAZ_REL,BUS_USE,SPEC_USE,EMER_USE,TRAV_SP,UNDERIDE,ROLLOVER,ROLINLOC,IMPACT1,DEFORMED,TOWED,M_HARM,VEH_SC1,VEH_SC2,FIRE_EXP,DR_PRES,L_STATE,DR_ZIP,L_STATUS,L_TYPE,CDL_STAT,L_ENDORS,L_COMPL,L_RESTRI,DR_HGT,DR_WGT,PREV_ACC,PREV_SUS,PREV_DWI,PREV_SPD,PREV_OTH,FIRST_MO,FIRST_YR,LAST_MO,LAST_YR,SPEEDREL,DR_SF1,DR_SF2,DR_SF3,DR_SF4,VTRAFWAY,VNUM_LAN,VSPD_LIM,VALIGN,VPROFILE,VPAVETYP,VSURCOND,VTRAFCON,VTCONT_F,P_CRASH1,P_CRASH2,P_CRASH3,PCRASH4,PCRASH5,ACC_TYPE,DEATHS,DR_DRINK
37,371039,2,3,1,20,11,7,15,12,2,1,0,37,2,20,471,20471,30,1999,1GCCS1442X81,1,G,C,C,S,1,4,4,2,X,8,1,0,T,CHEV,S14,PK,99,17,,1,1179,1083,S,G,,,4,133,,,,B,3015,01,,42,0,0,000000000,00000000000,0,0,0,1,0,0,0,0,0,0,0,55,0,0,0,12,6,2,12,0,0,0,1,37,28463,6,1,0,0,3,3,62,999,0,0,0,0,0,0,0,0,0,0,0,0,0,0,1,2,55,1,1,2,1,0,0,1,62,1,1,1,51,0,0
37,371039,3,3,4,20,11,7,15,12,2,1,0,45,1,12,481,12481,31,2004,1FTVX14534NC,1,F,T,V,X,1,4,5,3,4,N,C,1,T,FORD,F15,4C,4,17,,2,1450,1260,COF,G,,,8,330,,,,B,5480,00,U,44,1,0,000000000,00000000000,0,0,0,1,0,0,0,0,0,0,0,55,0,0,0,63,6,2,12,0,0,0,1,45,29527,1,1,0,0,2,0,73,190,0,0,0,0,0,0,0,0,0,0,0,0,0,0,1,2,55,1,1,2,1,0,0,1,62,1,1,1,98,0,0
37,371040,1,1,1,28,11,11,20,32,0,1,0,37,2,23,481,23481,31,2004,1GTEC19X84Z2,1,G,T,E,C,1,9,X,8,4,Z,2,0,T,GMC,NC1,4C,4,17,,2,1575,1435,SIE,G,,,6,262,,,,B,4548,00,4,42,0,0,000000000,00000000000,0,0,0,1,0,0,0,0,0,0,0,45,0,0,0,12,6,2,42,0,0,0,1,37,28562,6,1,0,0,3,3,64,999,0,0,0,0,0,0,0,0,0,0,36,0,0,0,1,2,45,3,1,2,1,0,0,14,13,1,1,4,1,1,0
37,371041,1,1,1,2,11,20,46,38,0,1,0,37,1,72,706,72706,80,2007,1HD1KB4117Y7,1,H,D,1,K,B,4,1,1,7,Y,7,0,M,HD,FHX,RS,7,17,,,,,,,1584,,2,,4,733,,,,,,,0,0,000000000,00000000000,0,0,0,1,0,0,0,0,0,0,0,65,0,0,0,12,6,2,1,0,0,0,1,37,28348,6,1,0,0,3,0,76,999,0,0,0,0,0,0,0,0,0,0,36,0,0,0,2,2,45,2,3,2,1,0,0,14,12,1,1,4,6,1,1
37,371042,1,1,1,7,11,21,34,8,0,1,0,37,2,49,40,49040,4,2006,4T1BF32K26U6,4,T,1,B,F,3,2,K,2,6,U,6,0,P,TOYT,UXS,4D,6,17,3108,,0,1071,,G,,F,6,183,,,15R205,,,,,,0,0,000000000,00000000000,0,0,0,1,0,0,0,0,0,0,0,55,0,0,0,12,4,1,8,0,0,0,1,37,28339,6,1,0,0,3,0,67,999,0,0,0,0,0,0,0,0,0,0,0,0,0,0,1,4,55,1,1,2,1,0,0,1,80,1,1,1,13,0,0
37,371043,1,2,1,11,11,1,9,12,1,1,0,37,3,84,883,84883,63,2002,1HTGGAHR92H5,1,H,T,G,G,A,H,R,9,2,H,5,0,T,INTL,257,CC,2,17,,8,2520,1800,20S,D,,,6,661,,,,,00000,00,,64,0,88,888888888,88888888888,3,2,4,1,0,0,0,0,0,0,0,0,0,1,1,6,6,2,1,0,0,0,1,37,27979,6,1,6,0,3,0,72,999,1,0,0,0,2,9,2011,9,2012,0,0,0,0,0,1,2,55,1,1,2,1,0,0,1,3,1,1,1,21,0,0
37,371043,2,2,1,11,11,1,9,12,1,1,0,37,3,98,898,98898,63,2004,2FZHAZCV94AM,2,F,Z,H,A,Z,C,V,9,4,A,M,0,T,STRG,LT9,CC,4,17,,8,0,0,STE,D,,,6,782,,,,,00000,00,,64,0,88,888888888,88888888888,3,2,4,1,0,0,0,0,0,0,0,45,0,0,0,12,6,2,12,0,0,0,1,37,27944,6,1,6,0,3,3,75,999,0,0,0,0,0,0,0,0,0,0,0,0,0,0,1,2,55,1,1,2,1,0,0,1,50,99,1,1,20,1,0
37,371044,1,1,1,11,11,16,28,34,0,1,0,37,1,2,404,2404,14,1998,1J4GZ78Y9WC2,1,J,4,G,Z,7,8,Y,9,W,C,2,0,T,JEEP,LMT,4W,98,17,,1,0,1059,GCK,G,,,8,318,,,,,3708,01,E,44,0,0,000000000,00000000000,0,0,0,1,0,0,0,0,0,0,0,45,0,1,2,12,6,2,1,0,0,0,1,37,27295,6,1,0,0,3,3,69,999,1,0,0,0,0,1,2010,1,2010,0,0,0,0,0,1,2,45,4,1,2,1,0,0,14,13,99,1,4,1,1,0
37,371045,1,1,1,22,11,13,15,35,0,1,0,37,1,49,40,49040,4,1994,4T1SK12E6RU4,4,T,1,S,K,1,2,E,6,R,U,4,0,P,TOYT,CLE,4D,94,17,3086,,0,1031,,G,,F,4,132,,,14R195,,,,,,0,0,000000000,00000000000,0,0,0,1,0,0,0,0,0,0,0,55,0,1,5,12,6,2,1,0,0,0,1,37,27292,6,1,6,0,3,3,71,999,0,0,0,0,0,0,0,0,0,0,0,0,0,0,1,2,55,4,2,2,1,0,0,14,12,99,1,4,6,1,0
37,371046,1,4,1,17,11,2,42,12,2,1,0,37,2,6,55,6055,1,2005,1C3AN55L75X0,1,C,3,A,N,5,5,L,7,5,X,0,0,P,CHRY,CRF,CV,5,17,3006,,0,945,,G,,F,6,195,,,18R225,,,,,,0,0,000000000,00000000000,0,0,0,1,0,0,0,0,0,0,0,140,0,0,0,12,6,2,2,0,0,1,1,37,27703,1,1,0,0,2,0,72,999,0,1,0,0,1,11,2009,6,2010,1,0,0,0,0,1,2,55,1,2,2,1,0,0,1,54,1,1,2,50,1,0
37,371046,2,4,2,17,11,2,42,12,2,1,0,37,3,84,881,84881,62,1999,1HTSDAAL9XH6,1,H,T,S,D,A,A,L,9,X,H,6,0,T,INTL,490,CC,99,17,,6,2540,1280,40S,D,,,6,466,,,,,00000,00,,42,0,88,888888888,88888888888,2,1,96,1,0,0,0,0,0,0,0,55,0,0,0,12,6,2,12,0,0,0,1,37,27572,6,1,0,0,3,0,70,999,0,0,0,1,0,8,2012,8,2012,0,0,0,0,0,1,2,55,1,2,2,1,0,0,1,62,99,1,1,51,0,0
37,371046,3,4,1,17,11,2,42,12,2,1,0,37,3,7,24,7024,4,2009,2B3KA43T89H5,2,B,3,K,A,4,3,T,8,9,H,5,0,P,DODG,CHA,4D,9,17,3820,,0,1200,,G,,F,8,348,,,17R215,,,,,,0,0,000000000,00000000000,0,0,0,1,0,0,0,0,0,5,1,120,0,0,0,12,6,2,54,0,0,0,1,37,27610,6,1,0,0,3,0,68,999,0,0,0,0,0,0,0,0,0,1,0,0,0,0,1,2,55,1,2,2,1,0,0,1,50,7,1,1,98,0,0
37,371046,4,4,1,17,11,2,42,12,2,1,0,37,3,7,24,7024,4,2011,2B3CL1CT2BH5,2,B,3,C,L,1,C,T,2,B,H,5,0,P,DODG,CPO,4D,11,17,0,,0,1200,,G,,F,8,348,,,18R225,,,,,,0,0,000000000,00000000000,0,0,0,1,0,0,0,0,0,0,0,120,0,0,0,12,6,2,30,0,0,0,1,37,27317,6,1,0,0,3,0,70,999,0,0,0,0,0,0,0,0,0,1,0,0,0,0,1,2,55,1,2,2,1,0,0,1,50,7,1,1,98,0,0
37,371047,1,1,1,5,11,7,18,42,0,1,0,37,3,20,2,20002,4,2013,2G1WG5E31D11,2,G,1,W,G,5,E,3,1,D,1,1,0,P,CHEV,IMT,4D,13,17,3555,,0,1105,,F,,F,6,220,,,17R225,,,,,,0,0,000000000,00000000000,0,0,0,1,0,0,0,0,0,0,0,70,0,0,0,12,6,2,42,0,0,0,1,48,79119,6,1,0,0,3,3,999,999,1,0,0,0,0,8,2011,8,2011,0,0,0,0,0,3,2,70,1,1,2,1,0,0,1,13,99,1,4,1,1,0
37,371048,1,2,2,5,11,16,40,12,6,1,0,37,2,22,2,22002,4,1986,2G2GR69H2G22,2,G,2,G,R,6,9,H,2,G,2,2,0,P,PONT,BBR,4D,86,17,3173,,0,1081,,G,,4,8,305,,,14R195,,,,,,0,0,000000000,00000000000,0,0,0,1,0,0,0,0,0,0,0,70,0,0,0,12,6,2,12,0,0,0,1,37,27105,1,1,0,0,2,0,72,999,0,0,1,0,2,7,2010,6,2012,1,0,0,0,0,1,2,35,1,2,2,1,20,3,1,55,99,1,1,88,1,1
37,371048,2,2,4,5,11,16,40,12,6,1,0,37,2,20,37,20037,4,1998,1G1NE52M6WY1,1,G,1,N,E,5,2,M,6,W,Y,1,0,P,CHEV,M/L,4D,98,17,3100,,0,1070,,G,,F,6,191,,,15R215,,,,,,0,0,000000000,00000000000,0,0,0,1,0,0,0,0,0,0,0,43,0,1,5,11,6,2,1,0,0,0,1,37,27107,6,1,0,0,3,3,66,999,0,0,0,0,0,0,0,0,0,0,0,0,0,0,1,2,45,1,2,2,1,0,0,1,17,99,1,1,89,0,0
37,371049,1,1,1,25,11,1,44,53,0,1,0,37,2,20,20,20020,4,1998,2G1WL52MXW93,2,G,1,W,L,5,2,M,X,W,9,3,0,P,CHEV,L/S,4D,98,17,3330,,0,1075,,G,,F,6,191,,,15R205,,,,,,0,0,000000000,00000000000,0,0,0,1,0,0,0,0,0,0,0,95,0,0,0,8,6,2,42,0,0,0,1,37,27549,1,1,0,0,2,0,73,999,0,0,0,0,1,8,2010,8,2010,0,0,0,0,0,1,2,55,1,1,2,1,0,0,1,13,1,1,4,1,1,1
37,371050,1,1,1,13,11,3,34,32,0,1,0,13,1,7,472,7472,30,2004,1D7HL48NX4S7,1,D,7,H,L,4,8,N,X,4,S,7,0,T,DODG,DQS,CW,4,17,,2,0,1309,DAK,G,,,8,287,,,,B,4079,00,E,42,0,0,000000000,00000000000,0,0,0,1,0,0,0,0,0,0,0,45,0,0,0,12,6,2,42,0,0,0,1,13,31206,6,1,0,0,3,0,67,225,98,0,0,0,0,99,9999,99,9999,0,0,0,0,0,1,2,45,4,1,2,2,0,0,14,13,1,1,4,1,1,0
37,371051,1,2,1,16,11,14,47,12,1,1,0,37,1,12,481,12481,31,2003,1FTRW07L33KA,1,F,T,R,W,0,7,L,3,3,K,A,0,T,FORD,F1S,CW,3,17,,2,0,1385,COF,G,,,8,330,,,,B,4655,00,U,42,0,0,000000000,00000000000,0,0,0,1,0,0,0,0,0,0,0,85,0,1,1,12,6,2,1,0,0,0,1,37,28216,6,1,0,0,3,0,68,999,0,0,0,0,0,0,0,0,0,1,0,0,0,0,3,3,60,1,2,2,1,0,0,1,51,99,1,1,24,1,0
37,371051,2,2,1,16,11,14,47,12,1,1,0,37,2,12,461,12461,21,2007,1FTNE14W77DA,1,F,T,N,E,1,4,W,7,7,D,A,0,T,FORD,15V,CG,7,17,,2,0,1380,VAN,G,,,8,281,,,,B,00000,00,E,42,0,0,000000000,00000000000,0,0,0,1,0,0,0,0,0,0,0,60,0,0,0,6,6,2,12,0,0,0,1,37,28120,6,1,0,0,3,0,71,999,0,1,0,0,1,7,2010,7,2010,0,0,0,0,0,3,3,60,1,2,2,1,0,0,1,53,1,1,1,25,0,0
37,371052,1,1,1,23,11,9,53,11,0,1,0,37,1,72,706,72706,80,2012,1HD1FFM1XCB6,1,H,D,1,F,F,M,1,X,C,B,6,0,M,HD,HTF,RS,12,17,,,,,,,1690,,2,,4,827,,,,,,,0,0,000000000,00000000000,0,0,0,1,0,0,0,0,0,0,0,55,0,0,0,12,6,2,1,0,0,0,1,37,27944,6,1,0,0,3,3,71,999,0,0,0,0,0,0,0,0,0,0,0,0,0,0,1,2,55,1,1,2,1,0,0,1,88,99,1,1,13,1,0
37,371053,1,1,1,10,11,19,17,30,0,1,0,37,1,20,2,20002,4,2003,2G1WF52E4391,2,G,1,W,F,5,2,E,4,3,9,1,0,P,CHEV,IMP,4D,3,17,3389,,0,1105,,G,,F,6,207,,,16R225,,,,,,0,0,000000000,00000000000,0,0,0,1,0,0,0,0,0,0,0,50,0,0,0,9,6,2,30,0,0,0,1,37,27406,6,1,0,0,3,3,71,999,0,0,0,0,0,0,0,0,0,1,0,0,0,0,1,3,35,4,2,2,1,0,0,14,13,99,1,4,1,1,1
37,371054,1,1,2,25,11,13,3,1,0,1,0,51,2,23,481,23481,31,1994,1GTEC14Z0RZ5,1,G,T,E,C,1,4,Z,0,R,Z,5,0,T,GMC,SC1,PK,94,17,,2,1315,1175,SIE,G,,,6,262,,,,B,00000,00,A,42,0,0,000000000,00000000000,0,0,0,1,0,0,0,0,0,0,0,70,0,2,1,0,6,2,1,0,0,0,1,51,22309,6,1,0,0,3,0,69,152,0,0,0,0,0,0,0,0,0,0,0,0,0,0,3,4,70,1,1,2,1,0,0,1,12,99,1,2,98,1,0
37,371055,1,1,1,24,11,0,24,34,0,1,0,37,1,12,481,12481,31,1997,1FTEF17W0VND,1,F,T,E,F,1,7,W,0,V,N,D,0,T,FORD,F15,PK,97,17,,2,1390,1200,COF,G,,,8,281,,,,B,3850,01,E,42,0,0,000000000,00000000000,0,0,0,1,0,0,0,0,0,0,0,65,0,1,5,1,6,2,1,0,0,0,1,37,28390,6,1,0,0,3,3,70,999,0,0,0,0,0,0,0,0,0,0,0,0,0,0,1,2,55,4,1,2,1,0,0,14,12,99,1,4,6,1,0
37,371056,1,1,1,28,11,8,5,42,0,1,0,37,2,12,471,12471,30,1998,1FTYR14C9WTA,1,F,T,Y,R,1,4,C,9,W,T,A,0,T,FORD,RNS,PC,98,17,,1,0,1257,RNG,G,,,4,153,,,,B,3210,01,E,42,0,0,000000000,00000000000,0,0,0,1,0,0,0,0,0,0,0,60,0,0,0,9,6,2,42,0,0,0,1,37,27922,6,1,0,0,3,0,72,999,0,0,0,0,0,0,0,0,0,1,36,58,0,0,1,2,55,2,2,2,1,0,0,14,6,1,1,4,1,1,0
37,371057,1,2,1,8,11,8,6,12,6,1,0,37,2,20,481,20481,31,2003,1GCGK13U43F1,1,G,C,G,K,1,3,U,4,3,F,1,0,T,CHEV,1KH,CW,3,17,,2,0,1530,SIL,G,,,8,364,,,,B,5763,00,,44,0,0,000000000,00000000000,0,0,0,1,0,0,0,0,0,0,0,45,0,0,0,12,6,2,12,0,0,0,1,37,28625,6,1,0,0,3,3,73,999,0,0,0,0,0,0,0,0,0,0,0,0,0,0,1,2,45,1,2,2,1,0,0,1,59,1,1,1,88,0,0
37,371057,2,2,2,8,11,8,6,12,6,1,0,37,1,7,461,7461,21,1997,2B6HB21X9VK5,2,B,6,H,B,2,1,X,9,V,K,5,0,T,DODG,25B,CG,97,17,,2,1272,1096,RMV,G,,,6,239,,,,C,3692,03,M,42,0,0,000000000,00000000000,0,0,0,1,0,0,0,0,0,0,0,25,0,0,0,9,6,2,12,0,0,0,1,37,28625,6,1,0,0,3,0,69,999,0,0,0,0,0,0,0,0,0,0,39,0,0,0,1,2,35,1,2,2,1,20,3,1,19,1,1,1,89,1,0
37,371058,1,1,1,14,11,15,6,8,0,1,0,37,1,49,32,49032,4,1997,1NXBB02E0VZ6,1,N,X,B,B,0,2,E,0,V,Z,6,0,P,TOYT,USX,4D,97,17,2403,,0,970,,G,,F,4,108,,,14R185,,,,,,0,0,000000000,00000000000,0,0,0,1,0,0,0,0,0,0,0,35,0,0,0,12,4,9,8,0,0,0,1,37,28117,6,1,0,0,3,0,64,999,1,0,0,0,0,7,2010,7,2010,0,91,0,0,0,1,2,35,1,1,2,1,0,0,1,80,1,1,1,13,0,0
37,371059,1,1,1,28,11,9,46,8,0,1,0,37,1,49,472,49472,30,1998,4TAVL52N5WZ1,4,T,A,V,L,5,2,N,5,W,Z,1,0,T,TOYT,XTR,PK,98,17,,1,0,1219,TAC,G,,,4,149,,,,B,2746,00,U,42,0,0,000000000,00000000000,0,0,0,1,0,0,0,0,0,0,0,30,0,0,0,12,4,9,8,0,0,0,1,37,28036,6,1,0,0,3,0,67,999,0,0,0,0,0,0,0,0,0,0,38,48,0,0,1,2,35,1,2,2,1,3,3,11,80,1,1,1,13,0,0
37,371060,1,2,1,3,11,19,0,53,0,1,0,37,2,59,33,59033,2,1993,JT8UZ30C5P00,J,T,8,U,Z,3,0,C,5,P,0,0,0,P,LEXS,SC4,CP,93,17,3585,,0,1059,,G,,F,8,242,,,16R225,,,,,,0,0,000000000,00000000000,0,0,0,1,0,0,0,0,0,0,0,85,0,1,1,12,6,2,12,0,0,0,1,37,27557,1,1,0,0,2,0,69,999,0,1,0,0,3,12,2010,1,2012,1,36,0,0,0,1,2,55,3,1,2,1,0,0,14,6,1,2,4,2,1,1
37,371060,2,2,2,3,11,19,0,53,0,1,0,37,1,12,442,12442,20,2002,2FMZA52482BB,2,F,M,Z,A,5,2,4,8,2,B,B,0,T,FORD,WSE,ES,2,17,,1,0,1207,WIN,G,,,6,232,,,,B,4216,00,E,42,0,0,000000000,00000000000,0,0,0,1,0,0,0,0,0,0,0,45,0,0,0,11,6,2,12,0,0,0,1,37,27576,6,1,0,0,3,3,65,999,0,0,0,0,0,0,0,0,0,0,0,0,0,0,1,2,45,1,1,2,1,0,0,1,62,1,1,1,98,0,0
37,371061,1,1,1,6,11,20,29,9,0,1,0,37,2,18,7,18007,4,1998,2G4WS52M2W14,2,G,4,W,S,5,2,M,2,W,1,4,0,P,BUIC,CCU,4D,98,17,3255,,0,1090,,G,,F,6,191,,,15R205,,,,,,0,0,000000000,00000000000,0,0,0,1,0,0,0,0,0,0,0,55,0,0,0,12,6,2,9,0,0,0,1,37,27546,6,1,0,0,3,0,68,999,0,0,0,0,0,0,0,0,0,1,36,0,0,0,1,2,55,3,1,2,1,0,0,14,80,1,1,1,13,0,0
37,371062,1,2,1,3,11,9,28,12,2,1,0,37,1,12,481,12481,31,1979,F10GPFB1037,F,1,0,G,P,F,B,1,0,3,7,,0,T,FORD,F10,PK,79,11,,1,1670,1170,COF,G,,,8,302,,,,B,3452,01,,42,0,0,000000000,00000000000,0,0,0,1,0,0,0,0,0,0,0,45,0,0,0,12,6,2,12,0,0,0,1,37,27207,6,1,0,0,3,3,74,999,0,0,0,0,0,0,0,0,0,0,28,0,0,0,1,4,35,1,1,2,1,0,0,1,10,1,1,2,50,1,0
37,371062,2,2,1,3,11,9,28,12,2,1,0,37,2,2,404,2404,14,2001,1J4GX48S11C6,1,J,4,G,X,4,8,S,1,1,C,6,0,T,JEEP,LRO,4W,1,17,,1,0,1059,GCK,G,,,6,244,,,,,3675,01,E,42,0,0,000000000,00000000000,0,0,0,1,0,0,0,0,0,0,0,35,0,0,0,12,6,2,12,0,0,0,1,37,28368,6,1,0,0,3,0,66,999,0,0,0,0,0,0,0,0,0,0,0,0,0,0,1,4,35,1,1,2,1,0,0,1,62,1,1,1,51,0,0
37,371063,1,1,1,6,11,11,31,59,0,1,0,37,3,87,881,87881,66,2000,1XP5DB9X1YN5,1,X,P,5,D,B,9,X,1,Y,N,5,1,T,PTRB,379,TR,0,17,,8,0,0,CON,D,,,6,893,,,,,00000,00,,64,1,57,1166169,571166169,3,6,1,1,0,0,0,0,0,0,0,55,0,0,0,12,6,2,8,0,0,0,1,37,27370,6,1,6,0,3,0,74,999,0,0,0,0,2,3,2012,6,2012,0,0,0,0,0,2,5,55,1,1,2,1,4,3,1,61,7,1,4,3,0,0
37,371064,1,1,1,11,11,20,9,8,0,1,0,37,1,69,54,69054,3,2009,WMWMF33589TW,W,M,W,M,F,3,3,5,8,9,T,W,0,P,MNNI,COO,2H,9,17,2568,,0,971,,G,,F,4,098,,,15R175,,,,,,0,0,000000000,00000000000,0,0,0,1,0,0,0,0,0,0,0,45,0,0,0,12,6,2,8,0,0,0,1,37,28092,6,1,0,0,3,3,64,999,0,0,0,0,0,0,0,0,0,0,0,0,0,0,1,2,45,1,1,2,1,3,3,1,80,1,1,1,13,0,0
37,371065,1,2,1,19,11,10,15,12,1,1,0,37,3,84,881,84881,63,2010,3HSCTAPR1AN2,3,H,S,C,T,A,P,R,1,A,N,2,0,T,INTL,PRO,TR,10,17,,8,0,0,PRO,D,,,6,915,,,,,00000,00,,64,0,57,238700,57238700,3,2,1,1,0,0,0,0,0,0,0,65,0,0,0,12,6,2,12,0,0,0,1,37,28340,6,1,6,0,3,0,72,999,0,0,0,0,0,0,0,0,0,1,36,0,0,0,3,4,70,1,1,2,1,0,0,1,51,1,1,6,24,0,1
37,371065,2,2,1,19,11,10,15,12,1,1,0,92,0,99,999,99999,99,9999,000000000000,0,0,0,0,0,0,0,0,0,0,0,0,0,,,,,,,,,,,,,,,,,,,,,,,,,0,0,000000000,00000000000,0,0,0,1,0,0,0,0,0,0,0,998,0,0,0,6,4,9,12,0,0,0,1,37,28513,1,1,0,0,1,0,73,999,0,7,4,0,5,11,2009,10,2011,0,0,0,0,0,3,4,70,1,1,2,1,0,0,1,18,1,1,1,25,1,0
37,371066,1,3,1,17,11,0,52,24,0,1,0,37,1,52,37,52037,2,2001,4A3AE55H51E0,4,A,3,A,E,5,5,H,5,1,E,0,0,P,MITS,STG,CV,1,17,3219,,0,1008,,G,,F,6,181,,,17R215,,,,,,0,0,000000000,00000000000,0,0,0,1,0,0,0,0,0,0,0,120,0,0,0,1,6,2,12,0,0,1,1,37,28105,6,1,0,0,3,0,64,999,0,0,0,1,0,4,2012,4,2012,1,36,0,0,0,3,6,55,1,1,2,1,0,0,1,6,1,4,4,2,0,1
37,371066,2,3,3,17,11,0,52,24,0,1,0,45,1,52,37,52037,2,2001,4A3AC44G81E1,4,A,3,A,C,4,4,G,8,1,E,1,0,P,MITS,EGS,2H,1,17,2944,,0,1008,,G,,F,4,143,,,16R205,,,,,,0,0,000000000,00000000000,0,0,0,1,0,0,0,0,0,0,0,120,0,0,0,1,6,2,12,0,0,0,1,45,29745,6,1,0,0,3,3,66,182,1,0,0,1,1,3,2011,2,2012,1,36,0,0,0,3,6,55,1,1,2,1,0,0,1,60,1,1,1,98,1,1
37,371066,3,3,1,17,11,0,52,24,0,1,0,37,1,2,1,2001,6,2011,1J4NT1FB4BD2,1,J,4,N,T,1,F,B,4,B,D,2,0,T,JEEP,CSP,4W,11,17,,1,0,1037,CMP,G,,,4,146,,,,,3082,00,W,42,0,0,000000000,00000000000,0,0,0,1,0,0,0,0,0,0,0,55,0,0,0,12,2,1,54,0,0,0,1,37,28273,6,1,0,0,3,0,62,999,0,0,0,0,0,0,0,0,0,0,0,0,0,0,3,6,55,1,1,2,1,0,0,1,98,1,1,1,98,0,0
37,371067,1,1,1,22,11,14,15,57,0,1,0,37,1,37,31,37031,4,2003,2HGES165X3H6,2,H,G,E,S,1,6,5,X,3,H,6,0,P,HOND,UCL,4D,3,17,2513,,0,1031,,G,,F,4,102,,,14R185,,,,,,0,0,000000000,00000000000,0,0,0,1,0,0,0,0,0,0,0,90,0,1,3,12,6,2,57,0,0,0,1,37,28214,6,1,0,0,3,3,70,999,0,0,0,0,0,0,0,0,0,1,0,0,0,0,3,6,65,1,1,2,1,0,0,1,6,1,1,4,1,1,0
37,371068,1,2,1,5,11,14,2,12,6,1,0,37,3,85,881,85881,66,2005,1XKDDU9X25J0,1,X,K,D,D,U,9,X,2,5,J,0,1,T,KW,T80,TR,5,17,,8,2600,1600,CON,D,,,6,763,,,,,00000,00,,64,1,57,213616,57213616,3,6,2,1,0,0,0,0,0,0,0,55,0,0,0,12,6,2,12,0,0,0,1,37,27332,6,1,6,1,3,3,74,999,1,0,0,1,0,7,2011,10,2011,0,0,0,0,0,1,2,55,1,1,2,1,0,0,1,17,1,1,1,83,0,0
37,371068,2,2,1,5,11,14,2,12,6,1,0,37,1,20,9,20009,2,1989,1G1FP2186KL1,1,G,1,F,P,2,1,8,6,K,L,1,0,P,CHEV,CAM,CP,89,17,3082,,0,1010,,G,,F,8,350,,,15R215,,,,,,0,0,000000000,00000000000,0,0,0,1,0,0,0,0,0,0,0,55,0,0,0,9,6,2,12,0,0,0,1,37,28018,6,1,0,0,3,0,70,999,0,0,0,0,0,0,0,0,0,0,38,0,0,0,1,2,55,1,1,2,1,20,3,11,15,1,1,1,82,1,0
37,371069,1,2,2,27,11,17,41,12,6,1,0,37,3,82,881,82881,66,1996,1FUYDSEB1TH7,1,F,U,Y,D,S,E,B,1,T,H,7,1,T,FRHT,FLD,TR,96,17,,8,0,0,CON,D,,,6,774,,,,,00000,00,,64,1,37,2295166,372295166,3,6,10,1,0,0,0,0,0,0,0,5,0,0,0,8,6,2,12,0,0,0,1,37,27209,6,1,6,0,3,3,71,999,1,0,0,0,2,5,2010,8,2012,0,0,0,0,0,1,2,55,1,2,2,2,0,0,11,15,1,1,1,82,0,0
37,371069,2,2,1,27,11,17,41,12,6,1,0,37,1,20,421,20421,15,2007,1GNFK130X7J3,1,G,N,F,K,1,3,0,X,7,J,3,0,P,CHEV,KTA,UT,7,17,5706,,0,1160,,F,,F,8,323,,,17R265,,,,,,0,0,000000000,00000000000,0,0,0,1,0,0,0,0,0,0,0,55,0,0,0,12,6,2,12,0,0,0,1,37,28394,6,1,0,0,3,0,69,999,0,0,0,0,0,0,0,0,0,0,0,0,0,0,1,2,55,1,2,2,2,0,0,1,54,1,1,1,83,1,0
37,371070,1,1,1,21,11,22,39,42,0,1,0,37,1,20,39,20039,4,2006,KL1TD56646B6,K,L,1,T,D,5,6,6,4,6,B,6,0,P,CHEV,ABS,4D,6,17,2365,,0,976,,G,,F,4,098,,,14R185,,,,,,0,0,000000000,00000000000,0,0,0,1,0,0,0,0,0,0,0,100,0,1,5,12,6,2,23,0,0,0,1,37,28327,6,1,0,0,3,3,67,999,0,3,1,0,3,3,2010,3,2012,1,37,0,0,0,1,4,45,1,1,2,1,0,0,1,6,1,1,4,1,1,1
37,371071,1,1,1,29,11,13,7,9,0,1,0,37,2,20,37,20037,4,2011,1G1ZD5EU5BF2,1,G,1,Z,D,5,E,U,5,B,F,2,0,P,CHEV,ML2,4D,11,17,3436,,0,1123,,F,,F,4,146,,,17R215,,,,,,0,0,000000000,00000000000,0,0,0,1,0,0,0,0,0,0,0,55,0,0,0,12,2,1,9,0,0,0,1,37,27557,6,1,0,0,3,0,67,999,1,0,0,0,0,6,2011,6,2011,0,0,0,0,0,1,2,55,1,1,2,1,0,0,1,80,1,1,1,13,0,0
37,371072,1,1,1,4,11,17,58,8,0,1,1,37,2,38,882,38882,61,1995,JALB4B1K8S70,J,A,L,B,4,B,1,K,8,S,7,0,0,T,ISU,NPR,TB,95,17,,3,0,0,NPR,D,,,4,236,,,,,00000,00,,42,0,88,888888888,88888888888,2,1,98,1,0,0,0,0,0,0,0,55,0,0,0,2,2,1,8,0,0,0,1,37,28401,1,1,0,0,2,0,70,999,0,2,2,0,0,11,2011,11,2011,0,39,0,0,0,2,4,55,1,1,2,1,0,0,1,80,1,1,4,13,0,1