STATE,ST_CASE,VEH_NO,VE_FORMS,NUMOCCS,DAY,MONTH,HOUR,MINUTE,HARM_EV,MAN_COLL,UNITTYPE,HIT_RUN,REG_STAT,OWNER,MAKE,MODEL,MAK_MOD,BODY_TYP,MOD_YEAR,VIN,VIN_1,VIN_2,VIN_3,VIN_4,VIN_5,VIN_6,VIN_7,VIN_8,VIN_9,VIN_10,VIN_11,VIN_12,TOW_VEH,VINTYPE,VINMAKE,VINA_MOD,VIN_BT,VINMODYR,VIN_LNGT,VIN_WGT,WGTCD_TR,WHLBS_LG,WHLBS_SH,SER_TR,FUELCODE,MCYCL_DS,CARBUR,CYLINDER,DISPLACE,MCYCL_CY,MCYCL_WT,TIRE_SZE,TON_RAT,TRK_WT,TRKWTVAR,VIN_REST,WHLDRWHL,J_KNIFE,MCARR_I1,MCARR_I2,MCARR_ID,GVWR,V_CONFIG,CARGO_BT,HAZ_INV,HAZ_PLAC,HAZ_ID,HAZ_CNO,HAZ_REL,BUS_USE,SPEC_USE,EMER_USE,TRAV_SP,UNDERIDE,ROLLOVER,ROLINLOC,IMPACT1,DEFORMED,TOWED,M_HARM,VEH_SC1,VEH_SC2,FIRE_EXP,DR_PRES,L_STATE,DR_ZIP,L_STATUS,L_TYPE,CDL_STAT,L_ENDORS,L_COMPL,L_RESTRI,DR_HGT,DR_WGT,PREV_ACC,PREV_SUS,PREV_DWI,PREV_SPD,PREV_OTH,FIRST_MO,FIRST_YR,LAST_MO,LAST_YR,SPEEDREL,DR_SF1,DR_SF2,DR_SF3,DR_SF4,VTRAFWAY,VNUM_LAN,VSPD_LIM,VALIGN,VPROFILE,VPAVETYP,VSURCOND,VTRAFCON,VTCONT_F,P_CRASH1,P_CRASH2,P_CRASH3,PCRASH4,PCRASH5,ACC_TYPE,DEATHS,DR_DRINK
37,371104,1,2,1,5,11,6,35,57,0,1,0,37,2,21,5,21005,2,1991,1G3EZ13L8MU3,1,G,3,E,Z,1,3,L,8,M,U,3,0,P,OLDS,TOR,CP,91,17,3291,,0,1079,,G,,F,6,231,,,16R215,,,,,,0,0,000000000,00000000000,0,0,0,1,0,0,0,0,0,0,0,70,0,0,0,4,6,2,12,0,0,0,1,37,27896,6,1,0,0,3,0,69,999,1,0,0,0,0,6,2011,6,2011,0,28,0,0,0,3,4,70,1,1,2,1,0,0,1,10,1,1,4,6,1,0
37,371104,2,2,1,5,11,6,35,57,0,1,0,37,1,34,34,34034,4,1993,WBACB4310PFL,W,B,A,C,B,4,3,1,0,P,F,L,0,P,BMW,25I,4D,93,17,3087,,0,1063,,G,,F,6,152,,,15R205,,,,,,0,0,000000000,00000000000,0,0,0,1,0,0,0,0,0,0,0,70,0,0,0,12,6,2,12,0,0,0,1,37,27534,6,1,0,0,3,0,69,999,0,0,0,0,0,0,0,0,0,0,0,0,0,0,3,4,70,1,1,2,1,0,0,1,62,1,1,1,98,0,0
37,371105,1,1,1,25,11,16,39,42,0,1,0,37,1,20,37,20037,4,2006,1G1ZT51F96F1,1,G,1,Z,T,5,1,F,9,6,F,1,0,P,CHEV,MLT,4D,6,17,3316,,0,1063,,G,,F,4,134,,,16R215,,,,,,0,0,000000000,00000000000,0,0,0,1,0,0,0,0,0,0,0,55,0,0,0,12,6,2,42,0,0,0,1,37,27534,6,1,0,0,3,0,62,999,0,0,0,1,0,9,2012,9,2012,0,58,0,0,0,1,2,55,1,1,2,1,0,0,1,13,1,1,4,1,1,0
37,371106,1,1,3,30,11,18,31,24,0,1,0,37,1,20,403,20403,14,2003,1GNET16S0361,1,G,N,E,T,1,6,S,0,3,6,1,0,P,CHEV,TRL,UT,3,17,5020,,0,1290,,G,,F,6,256,,,17R245,,,,,,0,0,000000000,00000000000,0,0,0,1,0,0,0,0,0,0,0,60,0,0,0,12,6,2,24,0,0,0,1,37,28659,6,1,0,0,3,0,71,999,0,0,0,0,0,0,0,0,0,1,28,36,0,0,1,2,55,1,1,2,1,0,0,1,10,1,1,4,6,1,1
37,371107,1,2,2,3,11,11,53,12,6,1,0,37,2,24,1,24001,4,1997,1G8ZH5285VZ3,1,G,8,Z,H,5,2,8,5,V,Z,3,0,P,STRN,SL1,4D,97,17,2293,,0,1024,,G,,F,4,116,,,14R175,,,,,,0,0,000000000,00000000000,0,0,0,1,0,0,0,0,0,0,0,5,0,0,0,9,6,2,12,0,0,0,1,37,27360,6,2,0,0,3,3,62,999,0,0,0,0,0,0,0,0,0,0,38,0,0,0,1,2,35,1,1,2,1,20,3,1,17,1,1,1,89,1,0
37,371107,2,2,1,3,11,11,53,12,6,1,0,37,2,37,32,37032,4,1996,1HGCD5663TA2,1,H,G,C,D,5,6,6,3,T,A,2,0,P,HOND,UEX,4D,96,17,2985,,0,1069,,G,,F,4,132,,,15R195,,,,,,0,0,000000000,00000000000,0,0,0,1,0,0,0,0,0,0,0,34,0,0,0,12,6,2,12,0,0,0,1,37,27360,6,2,0,0,3,3,62,999,0,0,0,0,1,7,2012,7,2012,1,0,0,0,0,1,2,35,1,2,2,1,0,0,1,66,1,1,1,88,0,0
37,371108,1,1,1,30,11,18,52,8,0,1,0,37,1,7,482,7482,31,1996,3B7HC13Z7TG1,3,B,7,H,C,1,3,Z,7,T,G,1,0,T,DODG,150,PC,96,17,,2,1547,1387,RPC,G,,,8,360,,,,B,4333,01,M,42,0,0,000000000,00000000000,0,0,0,1,0,0,0,0,0,0,0,30,0,0,0,12,4,1,8,0,0,0,1,37,27577,6,1,0,0,3,0,78,999,0,0,0,0,0,0,0,0,0,0,0,0,0,0,1,4,35,1,1,2,1,0,0,1,80,1,1,1,13,0,0
37,371109,1,1,1,17,11,18,5,8,0,1,0,37,1,49,32,49032,4,2009,1NXBU40E29Z0,1,N,X,B,U,4,0,E,2,9,Z,0,0,P,TOYT,CBL,4D,9,17,2723,,0,1024,,G,,F,4,110,,,15R195,,,,,,0,0,000000000,00000000000,0,0,0,1,0,0,0,0,0,0,0,60,0,0,0,12,6,2,8,0,0,0,1,37,28504,6,1,0,0,3,3,74,999,0,0,0,0,1,4,2011,4,2011,0,0,0,0,0,2,2,60,1,1,2,1,0,0,1,80,1,1,1,13,0,0
37,371110,1,1,1,4,11,19,32,8,0,1,0,37,1,20,441,20441,20,2000,1GNDM19W3YB1,1,G,N,D,M,1,9,W,3,Y,B,1,0,T,CHEV,AST,ES,0,17,,1,0,1112,AST,G,,,6,262,,,,B,4186,00,,42,0,0,000000000,00000000000,0,0,0,1,0,0,0,0,0,0,0,40,0,0,0,12,4,1,8,0,0,0,1,37,27804,6,1,0,0,3,3,64,999,0,0,0,0,0,0,0,0,0,0,0,0,0,0,2,2,50,1,1,2,1,0,0,1,80,1,1,1,13,0,0
37,371111,1,1,1,26,11,22,2,30,0,1,0,37,1,12,422,12422,15,2004,1FMRU15W54LB,1,F,M,R,U,1,5,W,5,4,L,B,0,P,FORD,EPT,UT,4,17,5218,,0,1191,,G,,F,8,281,,,17R265,,,,,,0,0,000000000,00000000000,0,0,0,1,0,0,0,0,0,0,0,65,0,0,0,12,6,2,19,0,0,0,1,37,27804,1,1,0,0,2,3,70,999,0,1,1,0,0,4,2012,11,2012,1,58,0,0,0,1,2,45,1,2,2,1,0,0,1,13,1,1,4,1,1,1
37,371112,1,1,2,27,11,15,15,35,0,1,0,37,2,37,31,37031,4,1999,1HGEJ6679XL0,1,H,G,E,J,6,6,7,9,X,L,0,0,P,HOND,UCL,4D,99,17,2456,,0,1032,,G,,F,4,097,,,14R185,,,,,,0,0,000000000,00000000000,0,0,0,1,0,0,0,0,0,0,0,35,0,1,1,12,6,2,1,0,0,0,1,37,28379,1,2,0,0,2,0,56,999,0,2,0,0,1,10,2011,11,2012,1,36,0,0,0,1,2,25,3,6,2,2,0,0,14,13,1,1,4,98,1,0
37,371113,1,2,1,27,11,7,39,12,6,1,0,37,1,22,19,22019,2,2009,1G2AS18H0971,1,G,2,A,S,1,8,H,0,9,7,1,0,P,PONT,G/5,CP,9,17,2752,,0,1035,,G,,F,4,134,,,15R195,,,,,,0,0,000000000,00000000000,0,0,0,1,0,0,0,0,0,0,0,50,0,0,0,12,4,1,12,0,0,0,1,37,28352,6,1,0,0,3,0,69,999,0,0,0,0,0,0,0,0,0,0,35,0,0,0,1,2,55,1,1,2,2,0,0,1,51,1,1,2,73,0,0
37,371113,2,2,1,27,11,7,39,12,6,1,0,0,0,99,709,99709,81,2008,000000000000,0,0,0,0,0,0,0,0,0,0,0,0,0,,,,,,,,,,,,,,,,,,,,,,,,,0,0,000000000,00000000000,0,0,0,1,0,0,0,0,0,0,0,25,0,0,0,61,6,2,12,0,0,0,1,37,28343,0,0,0,0,0,0,67,999,0,0,0,0,0,0,0,0,0,0,0,0,0,0,1,2,55,1,1,2,2,0,0,11,15,1,1,1,72,1,0
37,371114,1,1,2,15,12,20,27,35,0,1,0,37,2,20,36,20036,2,1996,2G1WW12M1T91,2,G,1,W,W,1,2,M,1,T,9,1,0,P,CHEV,MLS,CP,96,17,3306,,0,1075,,G,,F,6,191,,,15R205,,,,,,0,0,000000000,00000000000,0,0,0,1,0,0,0,0,0,0,0,55,0,1,5,12,6,2,1,0,0,0,1,37,28681,6,2,0,0,3,3,62,999,0,0,0,0,0,0,0,0,0,1,36,0,0,0,1,2,55,3,1,2,1,0,0,14,13,1,1,4,1,1,0
37,371115,1,1,1,11,12,6,39,8,0,1,0,37,1,20,481,20481,31,1995,1GCEC14H6SZ2,1,G,C,E,C,1,4,H,6,S,Z,2,0,T,CHEV,GC1,PK,95,17,,2,1315,1175,GM4,G,,,8,305,,,,B,3742,02,,42,0,0,000000000,00000000000,0,0,0,1,0,0,0,0,0,0,0,55,0,0,0,12,4,1,8,0,0,0,1,37,28479,6,1,0,0,3,3,65,999,3,0,0,1,0,8,2010,12,2011,0,0,0,0,0,1,2,55,1,1,2,1,0,0,6,80,1,1,1,13,0,0
37,371116,1,1,2,12,12,16,40,30,0,1,0,37,2,12,23,12023,4,2007,3FAHP07Z67R1,3,F,A,H,P,0,7,Z,6,7,R,1,0,P,FORD,F/E,4D,7,17,3101,,0,1074,,G,,F,4,140,,,16R205,,,,,,0,0,000000000,00000000000,0,0,0,1,0,0,0,0,0,0,0,999,0,0,0,11,6,2,14,36,0,0,1,37,28754,1,1,0,0,2,0,70,999,1,4,1,0,0,7,2010,9,2012,1,36,0,0,0,1,2,20,3,2,2,1,0,0,14,13,1,1,4,1,1,0
37,371117,1,1,1,30,12,11,15,42,0,1,0,37,1,37,32,37032,4,2005,1HGCM56485A0,1,H,G,C,M,5,6,4,8,5,A,0,0,P,HOND,ULX,4D,5,17,3177,,0,1079,,G,,F,4,146,,,15R205,,,,,,0,0,000000000,00000000000,0,0,0,1,0,0,0,0,0,0,0,55,0,0,0,9,6,2,42,0,0,0,1,37,28761,6,1,0,0,3,0,62,999,1,0,0,0,0,8,2011,8,2011,1,58,0,0,0,1,2,55,1,1,2,1,0,0,1,13,1,1,4,1,1,0
37,371118,1,2,1,9,12,18,3,12,8,1,0,37,1,37,706,37706,80,2005,1HFSC550X5A1,1,H,F,S,C,5,5,0,X,5,A,1,0,M,HOND,13V,RS,5,17,,,,,,,1312,,2,,4,641,,,,,,,0,0,000000000,00000000000,0,0,0,1,0,0,0,0,0,0,0,40,0,0,0,61,6,2,12,0,0,0,1,37,28602,6,1,0,0,3,0,70,999,0,0,0,0,0,0,0,0,0,0,0,0,0,0,1,2,45,4,1,2,1,0,0,1,62,1,1,1,65,1,1
37,371118,2,2,1,9,12,18,3,12,8,1,0,37,1,12,471,12471,30,1991,1FTCR14U1MPA,1,F,T,C,R,1,4,U,1,M,P,A,0,T,FORD,RNS,PC,91,17,,1,0,1250,RNG,G,,,6,182,,,,B,2985,01,A,42,0,0,000000000,00000000000,0,0,0,1,0,0,0,0,0,0,0,40,0,0,0,62,6,2,12,0,0,0,1,37,28601,6,1,0,0,3,0,73,999,0,1,0,0,1,2,2010,7,2010,0,28,0,0,0,1,2,45,1,2,2,1,0,0,1,10,1,1,2,64,0,1
37,371119,1,3,1,10,12,19,17,8,0,1,0,45,1,12,461,12461,21,2010,1FTSE3EL0ADA,1,F,T,S,E,3,E,L,0,A,D,A,0,T,FORD,3SD,CG,10,17,,2,0,1380,VAN,G,,,8,330,,,,D,5340,00,E,42,0,0,000000000,00000000000,0,0,0,1,0,0,0,0,0,0,0,65,0,0,0,11,4,1,8,0,0,0,1,45,29485,6,1,0,0,3,0,60,260,0,0,0,3,0,6,2010,3,2012,0,0,0,0,0,2,2,65,1,1,2,2,0,0,1,80,1,1,1,13,0,0
37,371119,2,3,1,10,12,19,17,8,0,1,0,37,1,54,31,54031,3,1996,JH4DC4357TS0,J,H,4,D,C,4,3,5,7,T,S,0,0,P,ACUR,ILS,2H,96,17,2572,,0,1012,,G,,F,4,112,,,14R195,,,,,,0,0,000000000,00000000000,0,0,0,1,0,0,0,0,0,0,0,60,0,0,0,12,6,2,8,0,0,0,1,37,28612,6,1,0,0,3,3,72,999,0,1,0,0,1,2,2010,2,2010,0,0,0,0,0,2,2,65,1,1,2,2,0,0,1,80,1,1,1,98,0,0
37,371119,3,3,2,10,12,19,17,8,0,1,0,37,2,12,17,12017,4,1998,1FAFP52S6WA1,1,F,A,F,P,5,2,S,6,W,A,1,0,P,FORD,TLS,4D,98,17,3359,,0,1085,,G,,F,6,182,,,15R205,,,,,,0,0,000000000,00000000000,0,0,0,1,0,0,0,0,0,0,0,65,0,0,0,14,0,3,8,0,0,0,1,37,28613,6,1,0,0,3,0,69,999,2,0,0,0,0,2,2010,4,2012,0,0,0,0,0,2,2,65,1,1,2,2,0,0,1,80,1,1,1,98,0,0
37,371120,1,1,2,14,12,22,29,34,0,1,0,47,1,53,40,53040,5,2009,JS2YA4134962,J,S,2,Y,A,4,1,3,4,9,6,2,0,P,SUZI,STC,4H,9,17,2855,,0,0,,G,,F,4,122,,,000000,,,,,,0,0,000000000,00000000000,0,0,0,1,0,0,0,0,0,0,0,70,0,1,5,12,6,2,1,0,0,0,1,47,37601,6,1,0,0,3,0,68,230,0,0,0,0,0,0,0,0,0,1,28,0,0,0,1,2,55,2,1,2,1,0,0,14,12,1,1,4,6,1,1
37,371121,1,3,1,18,12,0,47,12,1,1,0,18,3,84,881,84881,66,2007,1HSHXAHR57J5,1,H,S,H,X,A,H,R,5,7,J,5,2,T,INTL,860,TR,7,17,,8,0,0,80S,D,,,6,661,,,,,00000,00,,64,3,57,003274574,57003274574,3,7,1,1,0,0,0,0,0,0,0,70,0,0,0,12,6,2,12,0,0,0,1,37,28277,6,1,6,3,3,3,72,999,0,1,0,1,1,8,2010,8,2011,1,0,0,0,0,2,2,60,1,1,2,2,0,0,1,50,1,1,1,98,1,0
37,371121,2,3,0,18,12,0,47,12,1,1,0,29,3,84,881,84881,66,2009,1HSHXAHR59J0,1,H,S,H,X,A,H,R,5,9,J,0,1,T,INTL,860,TR,9,17,,8,0,0,80S,D,,,6,661,,,,,00000,00,,64,1,57,00222024,5700222024,3,6,1,1,0,0,0,0,0,0,0,0,0,0,0,6,6,2,12,0,0,0,0,0,99997,7,6,97,7,6,7,998,997,998,998,998,998,998,98,9998,98,9998,8,0,0,0,0,2,2,60,1,1,2,2,0,0,0,53,0,0,0,98,0,0
37,371121,3,3,1,18,12,0,47,12,1,1,0,37,3,85,881,85881,66,2012,1XKAD49X6CJ3,1,X,K,A,D,4,9,X,6,C,J,3,1,T,KW,T60,TR,12,17,,8,2600,1600,CON,D,,,6,915,,,,,00000,00,,64,1,57,00951979,5700951979,3,6,1,1,0,0,0,0,0,0,0,0,0,0,0,6,2,1,12,0,0,0,1,37,28306,6,1,6,0,3,0,72,999,0,0,0,1,0,3,2012,3,2012,0,0,0,0,0,2,2,60,1,1,2,1,0,0,5,53,1,1,1,98,0,0
37,371122,1,2,1,12,12,2,49,8,0,1,0,37,2,55,33,55033,4,2013,5NPEB4AC3DH6,5,N,P,E,B,4,A,C,3,D,H,6,0,P,HYUN,SGL,4D,13,17,3199,,0,0,,G,,F,4,144,,,000000,,,,,,0,0,000000000,00000000000,0,0,0,1,0,0,0,0,0,0,0,45,0,0,0,12,6,2,8,0,0,0,1,37,28311,1,1,0,0,2,0,71,999,0,6,0,0,1,1,2010,9,2011,1,0,0,0,0,1,2,45,1,1,2,2,0,0,1,80,1,1,1,13,0,1
37,371122,2,2,0,12,12,2,49,8,0,1,0,13,6,12,401,12401,14,1995,1FMDU32X1SZB,1,F,M,D,U,3,2,X,1,S,Z,B,0,P,FORD,EPR,UT,95,17,3844,,0,1115,,G,,F,6,245,,,15R225,,,,,,0,0,000000000,00000000000,0,0,0,1,0,0,0,0,0,0,0,0,0,0,0,6,6,2,12,0,0,0,0,0,99997,7,6,97,7,6,7,998,997,998,998,998,998,998,98,9998,98,9998,8,0,0,0,0,1,2,45,1,1,2,2,0,0,0,53,0,0,0,98,0,0
37,371123,1,1,1,14,12,18,22,8,0,1,0,37,1,37,31,37031,4,2005,JHMES25755S0,J,H,M,E,S,2,5,7,5,5,S,0,0,P,HOND,UAX,4D,5,17,2579,,0,1031,,G,,F,4,102,,,15R195,,,,,,0,0,000000000,00000000000,0,0,0,1,0,0,0,0,0,0,0,50,0,0,0,12,6,2,8,0,0,0,1,37,28311,6,1,0,0,3,3,65,999,0,0,0,0,0,0,0,0,0,0,0,0,0,0,1,4,55,1,1,2,1,0,0,1,80,1,1,1,13,0,0
37,371124,1,1,1,22,12,4,15,34,0,1,0,37,2,35,402,35402,14,2003,5N1ED28YX3C6,5,N,1,E,D,2,8,Y,X,3,C,6,0,P,NISS,XTR,UT,3,17,3924,,0,1043,,G,,F,6,201,,,16R265,,,,,,0,0,000000000,00000000000,0,0,0,1,0,0,0,0,0,0,0,75,0,1,5,12,6,2,42,0,0,0,1,37,27292,6,1,0,0,3,0,66,999,0,0,0,0,1,8,2011,8,2011,1,58,0,0,0,1,2,55,3,1,2,1,0,0,14,13,1,1,4,1,1,0
37,371125,1,2,1,12,12,20,57,12,2,1,0,37,2,2,403,2403,14,2004,1J4FA39S64P7,1,J,4,F,A,3,9,S,6,4,P,7,0,T,JEEP,WXR,2W,4,17,,1,0,934,WRA,G,,,6,244,,,,,3299,00,E,44,0,0,000000000,00000000000,0,0,0,1,0,0,0,0,0,0,0,55,0,0,0,12,6,2,12,0,0,0,1,37,28521,6,2,0,0,3,3,68,999,0,1,0,0,0,7,2012,7,2012,0,28,0,0,0,1,2,55,1,1,2,2,0,0,1,10,1,1,2,50,0,0
37,371125,2,2,1,12,12,20,57,12,2,1,0,37,2,21,21,21021,4,1999,1G3NK52T0XC3,1,G,3,N,K,5,2,T,0,X,C,3,0,P,OLDS,AGX,4D,99,17,3022,,0,1070,,G,,F,4,146,,,15R215,,,,,,0,0,000000000,00000000000,0,0,0,1,0,0,0,0,0,0,0,55,0,0,0,12,6,2,12,0,0,0,1,37,28521,6,1,0,0,3,3,63,999,0,0,0,0,0,0,0,0,0,0,0,0,0,0,1,2,55,1,1,2,2,0,0,1,62,1,1,1,51,1,0
37,371126,1,2,1,8,12,17,33,12,2,1,0,37,2,49,40,49040,4,1994,4T1GK12E4RU0,4,T,1,G,K,1,2,E,4,R,U,0,0,P,TOYT,CLE,4D,94,17,3086,,0,1031,,G,,F,6,183,,,15R205,,,,,,0,0,000000000,00000000000,0,0,0,1,0,0,0,0,0,0,0,65,0,1,5,12,6,2,12,0,0,0,1,37,27707,1,1,1,0,2,0,74,999,0,3,0,0,2,2,2010,8,2011,0,33,35,58,0,1,2,45,1,3,2,1,0,0,16,54,6,1,2,58,1,1
37,371126,2,2,2,8,12,17,33,12,2,1,0,37,2,24,10,24010,6,2007,5GZER337X7J1,5,G,Z,E,R,3,3,7,X,7,J,1,0,P,STRN,OUT,UT,7,17,4722,,0,1189,,G,,F,6,220,,,18R225,,,,,,0,0,000000000,00000000000,0,0,0,1,0,0,0,0,0,0,0,45,0,0,0,12,6,2,12,0,0,0,1,37,27712,6,1,0,0,3,0,70,999,0,0,0,0,0,0,0,0,0,0,0,0,0,0,1,2,45,1,3,2,1,0,0,1,62,1,1,1,59,0,0
37,371127,1,1,1,10,12,15,9,9,0,1,0,37,3,12,471,12471,30,2002,1FTYR10D02TA,1,F,T,Y,R,1,0,D,0,2,T,A,0,T,FORD,RNG,PK,2,17,,1,1175,1116,RNG,G,,,4,140,,,,B,3085,03,E,42,0,0,000000000,00000000000,0,0,0,1,0,0,0,0,0,0,0,45,0,0,0,1,6,2,9,0,0,0,1,37,27258,6,1,0,0,3,3,74,999,0,0,0,1,0,8,2011,8,2011,0,0,0,0,0,1,2,45,1,3,2,1,0,0,1,84,1,1,1,15,0,0
37,371128,1,1,1,5,12,2,42,30,0,1,0,37,1,20,39,20039,4,2010,KL1TD5DE2AB1,K,L,1,T,D,5,D,E,2,A,B,1,0,P,CHEV,LTS,4D,10,17,2568,,0,976,,G,,F,4,098,,,14R185,,,,,,0,0,000000000,00000000000,0,0,0,1,0,0,0,0,0,0,0,60,0,0,0,9,6,2,30,0,0,0,1,37,27284,1,1,0,0,2,0,68,999,0,2,0,0,0,2,2011,8,2012,0,36,0,0,0,1,2,45,2,1,2,1,0,0,14,13,1,1,4,1,1,1
37,371129,1,1,1,8,12,1,55,42,0,1,0,37,2,7,442,7442,20,1999,1B4GP54L8XB9,1,B,4,G,P,5,4,L,8,X,B,9,0,T,DODG,GCL,ES,99,17,,1,0,1193,CAR,G,,,6,230,,,,,3940,00,E,42,0,0,000000000,00000000000,0,0,0,1,0,0,0,0,0,0,0,75,0,0,0,10,6,2,42,0,0,0,1,37,27284,1,1,0,0,2,0,68,999,0,4,1,0,0,12,2010,11,2012,0,0,0,0,0,4,2,65,1,1,2,1,0,0,1,13,99,1,4,1,1,1
37,371130,1,1,1,19,12,6,52,8,0,1,0,37,1,2,404,2404,14,1999,1J4FF68SXXL5,1,J,4,F,F,6,8,S,X,X,L,5,0,T,JEEP,SPC,4W,99,17,,1,0,1014,CHK,G,,,6,242,,,,,3255,00,E,44,0,0,000000000,00000000000,0,0,0,1,0,0,0,0,0,0,0,45,0,0,0,12,6,2,8,0,0,0,1,37,27284,6,1,0,0,3,0,70,999,0,0,0,0,0,0,0,0,0,0,0,0,0,0,1,2,45,4,1,2,1,0,0,14,80,99,1,1,13,0,0
37,371131,1,2,3,23,12,18,2,12,2,1,0,37,1,49,40,49040,4,1992,4T1SK12E0NU0,4,T,1,S,K,1,2,E,0,N,U,0,0,P,TOYT,CLE,4D,92,17,3053,,0,1031,,G,,F,4,132,,,000000,,,,,,0,0,000000000,00000000000,0,0,0,1,0,0,0,0,0,0,0,45,0,0,0,12,6,2,12,0,0,0,1,37,27009,6,2,0,0,3,3,72,999,0,0,0,0,0,0,0,0,0,0,0,0,0,0,1,2,45,1,1,2,1,0,0,1,17,1,1,1,69,0,0
37,371131,2,2,3,23,12,18,2,12,2,1,0,37,1,20,2,20002,4,2002,2G1WH55K3292,2,G,1,W,H,5,5,K,3,2,9,2,0,P,CHEV,IPL,4D,2,17,3466,,0,1105,,G,,F,6,231,,,16R225,,,,,,0,0,000000000,00000000000,0,0,0,1,0,0,0,0,0,0,0,3,0,0,0,12,6,2,12,0,0,0,1,37,27284,6,1,0,0,3,3,66,999,0,0,0,0,0,0,0,0,0,0,0,0,0,0,1,2,45,1,1,2,1,0,0,11,55,1,1,2,68,1,0
37,371132,1,2,1,22,12,15,49,12,2,1,0,37,1,49,32,49032,4,1993,JT2AE04E7P00,J,T,2,A,E,0,4,E,7,P,0,0,0,P,TOYT,COA,4D,93,17,2304,,0,957,,G,,F,4,097,,,14R175,,,,,,0,0,000000000,00000000000,0,0,0,1,0,0,0,0,0,0,0,25,0,0,0,12,6,2,30,0,0,0,1,37,28021,6,1,0,0,3,3,62,999,0,0,0,0,0,0,0,0,0,0,0,0,0,0,1,2,25,1,1,2,1,0,0,1,10,99,1,2,50,1,0
37,371132,2,2,1,22,12,15,49,12,2,1,0,37,1,37,31,37031,2,2002,1HGEM22952L0,1,H,G,E,M,2,2,9,5,2,L,0,0,P,HOND,UAX,CP,2,17,2590,,0,1031,,G,,F,4,102,,,15R185,,,,,,0,0,000000000,00000000000,0,0,0,1,0,0,0,0,0,0,0,25,0,0,0,12,6,2,12,0,0,0,1,37,28021,6,1,0,0,3,0,69,999,0,0,0,0,0,0,0,0,0,0,0,0,0,0,1,2,25,1,1,2,1,0,0,1,62,99,1,1,51,0,0
37,371133,1,2,1,25,12,22,8,12,6,1,0,37,1,20,471,20471,30,1988,1GCBS14RXJ21,1,G,C,B,S,1,4,R,X,J,2,1,0,T,CHEV,S14,PK,88,17,,1,1179,1083,S,G,,,6,173,,,,B,2568,03,,42,0,0,000000000,00000000000,0,0,0,1,0,0,0,0,0,0,0,55,0,1,1,3,6,2,1,0,0,0,1,37,27509,6,1,0,0,3,3,71,999,0,1,1,1,0,3,2011,7,2012,0,0,0,0,0,1,2,55,1,1,2,1,3,3,1,17,99,1,1,87,1,0
37,371133,2,2,2,25,12,22,8,12,6,1,0,37,2,12,23,12023,4,2006,3FAHP07176R1,3,F,A,H,P,0,7,1,7,6,R,1,0,P,FORD,F/E,4D,6,17,3101,,0,1074,,G,,F,6,183,,,16R205,,,,,,0,0,000000000,00000000000,0,0,0,1,0,0,0,0,0,0,0,55,0,0,0,12,6,2,12,0,0,0,1,37,27701,6,1,0,0,3,0,66,999,0,0,0,0,0,0,0,0,0,0,0,0,0,0,1,2,55,1,1,2,1,3,3,1,55,99,1,1,86,1,0
37,371134,1,2,2,1,12,3,41,12,6,1,0,37,2,49,471,49471,30,1993,4TARN81A9PZ1,4,T,A,R,N,8,1,A,9,P,Z,1,0,T,TOYT,USS,PK,93,17,,1,0,1029,UHT,G,,,4,144,,,,B,2640,00,A,42,0,0,000000000,00000000000,0,0,0,1,0,0,0,0,0,0,0,70,0,1,1,3,6,2,1,0,0,0,1,37,27313,6,1,0,0,3,0,72,999,0,0,0,0,0,0,0,0,0,1,0,0,0,0,1,2,45,1,3,2,1,0,0,1,10,99,1,2,64,2,1
37,371134,2,2,1,1,12,3,41,12,6,1,0,37,2,12,24,12024,6,2007,2FMDK36C47BB,2,F,M,D,K,3,6,C,4,7,B,B,0,P,FORD,EDG,UT,7,17,4073,,0,1112,,G,,F,6,214,,,17R235,,,,,,0,0,000000000,00000000000,0,0,0,1,0,0,0,0,0,0,0,45,0,0,0,12,6,2,12,0,0,0,1,37,27406,6,1,0,0,3,0,66,999,0,0,0,0,0,0,0,0,0,0,0,0,0,0,1,2,45,1,3,2,1,0,0,1,62,99,1,1,65,0,0
37,371135,1,1,3,12,12,17,27,8,0,1,0,37,2,12,401,12401,14,2007,1FMEU63E77UB,1,F,M,E,U,6,3,E,7,7,U,B,0,P,FORD,EPR,UT,7,17,4440,,0,1137,,G,,F,6,244,,,16R235,,,,,,0,0,000000000,00000000000,0,0,0,1,0,0,0,0,0,0,0,35,0,0,0,12,2,9,8,0,0,0,1,37,27405,6,1,0,0,3,3,69,999,0,0,0,0,0,0,0,0,0,0,0,0,0,0,2,2,35,1,2,2,1,0,0,1,80,99,1,1,13,0,0
37,371136,1,1,2,16,12,19,43,42,0,1,0,37,2,54,31,54031,3,1992,JH4DA936XNS0,J,H,4,D,A,9,3,6,X,N,S,0,0,P,ACUR,IGS,2H,92,17,2535,,0,1004,,G,,F,4,112,,,15R195,,,,,,0,0,000000000,00000000000,0,0,0,1,0,0,0,0,0,0,0,35,0,0,0,12,6,2,42,0,0,0,1,37,28726,6,1,0,0,3,3,74,999,1,0,0,1,1,12,2011,12,2012,1,28,0,0,0,1,2,35,1,1,2,2,0,0,1,12,99,1,4,6,1,0