STATE,ST_CASE,VEH_NO,VE_FORMS,NUMOCCS,DAY,MONTH,HOUR,MINUTE,HARM_EV,MAN_COLL,UNITTYPE,HIT_RUN,REG_STAT,OWNER,MAKE,MODEL,MAK_MOD,BODY_TYP,MOD_YEAR,VIN,VIN_1,VIN_2,VIN_3,VIN_4,VIN_5,VIN_6,VIN_7,VIN_8,VIN_9,VIN_10,VIN_11,VIN_12,TOW_VEH,VINTYPE,VINMAKE,VINA_MOD,VIN_BT,VINMODYR,VIN_LNGT,VIN_WGT,WGTCD_TR,WHLBS_LG,WHLBS_SH,SER_TR,FUELCODE,MCYCL_DS,CARBUR,CYLINDER,DISPLACE,MCYCL_CY,MCYCL_WT,TIRE_SZE,TON_RAT,TRK_WT,TRKWTVAR,VIN_REST,WHLDRWHL,J_KNIFE,MCARR_I1,MCARR_I2,MCARR_ID,GVWR,V_CONFIG,CARGO_BT,HAZ_INV,HAZ_PLAC,HAZ_ID,HAZ_CNO,HAZ_REL,BUS_USE,SPEC_USE,EMER_USE,TRAV_SP,UNDERIDE,ROLLOVER,ROLINLOC,IMPACT1,DEFORMED,TOWED,M_HARM,VEH_SC1,VEH_SC2,FIRE_EXP,DR_PRES,L_STATE,DR_ZIP,L_STATUS,L_TYPE,CDL_STAT,L_ENDORS,L_COMPL,L_RESTRI,DR_HGT,DR_WGT,PREV_ACC,PREV_SUS,PREV_DWI,PREV_SPD,PREV_OTH,FIRST_MO,FIRST_YR,LAST_MO,LAST_YR,SPEEDREL,DR_SF1,DR_SF2,DR_SF3,DR_SF4,VTRAFWAY,VNUM_LAN,VSPD_LIM,VALIGN,VPROFILE,VPAVETYP,VSURCOND,VTRAFCON,VTCONT_F,P_CRASH1,P_CRASH2,P_CRASH3,PCRASH4,PCRASH5,ACC_TYPE,DEATHS,DR_DRINK
37,371178,1,2,1,6,12,14,14,12,6,1,0,37,3,12,881,12881,61,1995,1FDLF47F2SEA,1,F,D,L,F,4,7,F,2,S,E,A,0,T,FORD,FSD,CB,95,17,,4,1848,1368,COF,D,,,8,444,,,,E,5532,00,A,42,0,88,888888888,88888888888,2,1,96,1,0,0,0,0,0,0,0,55,0,0,0,12,6,2,12,0,0,0,1,37,27549,6,1,6,0,3,3,69,999,0,0,0,0,2,2,2010,4,2011,0,0,0,0,0,2,4,55,1,1,2,1,0,0,1,66,99,1,1,69,0,0
37,371178,2,2,1,6,12,14,14,12,6,1,0,37,1,12,37,12037,6,2003,1FAFP36343W1,1,F,A,F,P,3,6,3,4,3,W,1,0,P,FORD,FST,SW,3,17,2564,,0,1030,,G,,F,4,121,,,14R185,,,,,,0,0,000000000,00000000000,0,0,0,1,0,0,0,0,0,0,0,10,0,0,0,3,6,2,12,0,0,0,1,37,27530,6,1,0,0,3,0,68,999,0,0,0,0,1,5,2011,5,2011,0,0,0,0,0,2,4,55,1,1,2,1,21,3,11,55,1,1,2,68,1,1
37,371179,1,1,1,20,12,17,51,9,0,1,0,37,1,23,481,23481,31,1993,2GTEK19K0P15,2,G,T,E,K,1,9,K,0,P,1,5,0,T,GMC,SK1,PC,93,17,,2,1555,1415,SIE,G,,,8,350,,,,B,00000,00,A,44,0,0,000000000,00000000000,0,0,0,1,0,0,0,0,0,0,0,30,0,0,0,12,6,2,9,0,0,0,1,37,27569,6,1,6,0,3,3,70,999,0,0,0,0,0,0,0,0,0,0,0,0,0,0,1,5,35,1,1,2,1,0,0,1,83,7,1,1,13,0,0
37,371180,1,2,4,30,12,22,38,12,2,1,0,37,2,6,51,6051,4,2007,2C3KA43R87H6,2,C,3,K,A,4,3,R,8,7,H,6,0,P,CHRY,C30,4D,7,17,3632,,0,1200,,G,,F,6,165,,,17R215,,,,,,0,0,000000000,00000000000,0,0,0,1,0,0,0,0,0,0,0,55,0,0,0,12,6,2,12,0,0,0,1,37,28580,6,1,0,0,3,0,74,999,0,0,0,1,0,8,2012,8,2012,0,0,0,0,0,1,2,55,1,1,2,1,0,0,1,67,1,1,1,98,0,0
37,371180,2,2,1,30,12,22,38,12,2,1,0,37,1,12,481,12481,31,1995,1FTEF15N4SNA,1,F,T,E,F,1,5,N,4,S,N,A,0,T,FORD,F15,PK,95,17,,2,1330,1170,COF,G,,,8,302,,,,B,00000,00,M,42,0,0,000000000,00000000000,0,0,0,1,0,0,0,0,0,0,0,20,0,0,0,12,6,2,12,0,0,0,1,37,27534,6,1,0,0,3,0,69,999,0,0,0,0,0,0,0,0,0,0,0,0,0,0,1,2,45,1,1,2,1,20,3,11,15,1,1,2,98,1,1
37,371181,1,1,1,26,12,12,15,24,0,1,0,37,3,20,870,20870,61,2010,1GB9G5AG8A11,1,G,B,9,G,5,A,G,8,A,1,1,0,T,CHEV,CT4,YY,10,17,,4,0,1590,ETV,F,,,8,366,,,,D,5150,00,,42,0,57,2123187,572123187,2,1,1,1,0,0,0,0,0,0,0,55,0,0,0,82,6,2,43,0,0,0,1,37,28602,6,1,0,0,3,3,74,999,0,0,0,0,0,0,0,0,0,0,0,0,0,0,1,2,55,1,1,2,2,0,0,1,12,99,1,5,6,1,0
37,371182,1,2,5,2,12,21,5,12,6,1,0,37,1,12,422,12422,15,2002,1FMPU16L12LA,1,F,M,P,U,1,6,L,1,2,L,A,0,P,FORD,EPT,UT,2,17,5345,,0,1191,,G,,F,8,330,,,16R255,,,,,,0,0,000000000,00000000000,0,0,0,1,0,0,0,0,0,0,0,10,0,0,0,9,2,3,12,0,0,0,1,37,27893,6,1,0,0,3,0,68,999,1,0,0,0,0,2,2010,2,2010,0,24,0,0,0,1,5,35,1,3,2,1,20,3,1,55,1,1,1,89,0,0
37,371182,2,2,1,2,12,21,5,12,6,1,0,37,1,98,709,98709,81,9999,000000000000,0,0,0,0,0,0,0,0,0,0,0,0,0,,,,,,,,,,,,,,,,,,,,,,,,,0,0,000000000,00000000000,0,0,0,1,0,0,0,0,0,0,0,999,0,0,0,12,6,2,12,0,0,0,1,37,27893,1,1,0,0,1,0,68,999,0,0,0,0,0,0,0,0,0,0,0,0,0,0,1,5,45,1,3,2,1,0,0,1,17,1,1,1,88,1,0
37,371183,1,1,1,20,12,4,8,43,0,1,0,37,1,22,16,22016,2,1996,3G2JD12T9TS8,3,G,2,J,D,1,2,T,9,T,S,8,0,P,PONT,SFG,CP,96,17,2761,,0,1041,,G,,F,4,146,,,16R205,,,,,,0,0,000000000,00000000000,0,0,0,1,0,0,0,0,0,0,0,55,0,1,5,12,6,2,1,0,0,0,1,37,28714,6,1,0,0,3,0,72,999,0,0,0,0,0,0,0,0,0,0,0,0,0,0,1,2,55,1,1,2,1,0,0,1,12,99,1,4,6,1,1
37,371184,1,1,1,26,10,12,15,42,0,1,0,0,0,98,739,98739,90,2004,4XACH50A94B2,4,X,A,C,H,5,0,A,9,4,B,2,0,M,POLS,SP5,AT,4,17,,,,,,,499,,1,,4,999,,,,,,,0,0,000000000,00000000000,0,0,0,1,0,0,0,0,0,0,0,45,0,1,5,12,6,2,1,0,0,0,1,37,28792,6,1,0,0,3,0,78,999,1,0,0,0,1,8,2010,9,2010,1,0,0,0,0,1,2,99,4,2,2,1,0,0,14,12,99,1,4,6,1,0
37,371185,1,3,3,14,10,17,17,12,1,1,0,37,1,34,37,34037,4,2006,WBAHN83566DT,W,B,A,H,N,8,3,5,6,6,D,T,0,P,BMW,50L,4D,6,17,4552,,0,1231,,G,,F,8,292,,,18R245,,,,,,0,0,000000000,00000000000,0,0,0,1,0,0,0,0,0,0,0,70,0,0,0,12,6,2,12,0,0,0,1,37,27886,6,1,6,0,3,3,67,999,0,0,0,0,0,0,0,0,0,0,0,0,0,0,3,3,70,1,1,1,1,0,0,1,50,1,1,4,98,0,0
37,371185,2,3,1,14,10,17,17,12,1,1,0,37,1,20,32,20032,4,1991,1Y1SK5467MZ0,1,Y,1,S,K,5,4,6,7,M,Z,0,0,P,GEO,GEP,4D,91,17,2364,,0,957,,G,,F,4,097,,,13R175,,,,,,0,0,000000000,00000000000,0,0,0,1,0,0,0,0,0,0,0,0,3,0,0,6,6,2,12,0,0,0,1,37,27803,6,1,6,3,3,0,66,999,0,0,0,0,2,9,2010,11,2010,0,0,0,0,0,3,3,70,1,1,1,1,0,0,98,98,99,1,5,98,1,0
37,371185,3,3,0,14,10,17,17,12,1,1,0,37,6,20,37,20037,4,2003,1G1ND52J53M5,1,G,1,N,D,5,2,J,5,3,M,5,0,P,CHEV,MAL,4D,3,17,3106,,0,1070,,G,,F,6,191,,,15R215,,,,,,0,0,000000000,00000000000,0,0,0,1,0,0,0,0,0,0,0,0,0,0,0,6,6,2,12,0,0,0,0,0,99997,7,6,97,7,6,7,998,997,998,998,998,998,998,98,9998,98,9998,8,0,0,0,0,3,3,70,1,1,1,1,0,0,0,98,0,0,0,98,0,0
37,371186,1,1,1,26,10,22,13,8,0,1,0,37,3,92,981,92981,52,2009,15GGD2711911,1,5,G,G,D,2,7,1,1,9,1,1,0,T,GILL,,,9,17,,,,,,,,,,,,,,,,,,,0,88,888888888,88888888888,3,21,22,1,0,0,0,0,6,3,0,7,0,0,0,5,2,1,8,0,0,0,1,37,27610,6,1,6,3,3,3,71,999,1,0,0,0,0,4,2011,4,2011,0,0,0,0,0,4,4,35,1,2,2,2,0,0,4,80,99,1,1,13,0,0
37,371187,1,1,1,2,11,20,22,30,0,1,0,37,2,73,705,73705,80,1995,JKAZX4E12SB5,J,K,A,Z,X,4,E,1,2,S,B,5,0,M,KAWK,ZXE,RC,95,17,,,,,,,600,,4,,4,431,,,,,,,0,0,000000000,00000000000,0,0,0,1,0,0,0,0,0,0,0,60,0,0,0,12,6,2,30,0,0,0,1,37,27217,6,1,0,0,3,0,72,999,0,0,0,0,0,0,0,0,0,0,0,0,0,0,1,2,35,1,1,2,1,0,0,1,12,99,1,4,6,1,0
37,371188,1,1,2,15,11,15,52,8,0,1,0,37,1,12,471,12471,30,1990,1FTCR14T8LPB,1,F,T,C,R,1,4,T,8,L,P,B,0,T,FORD,RNS,PC,90,17,,1,0,1250,RNG,G,,,6,177,,,,B,2985,01,A,42,0,0,000000000,00000000000,0,0,0,1,0,0,0,0,0,0,0,45,0,0,0,12,6,2,8,0,0,0,1,37,28778,6,1,0,0,3,3,69,999,0,0,0,0,0,0,0,0,0,0,0,0,0,0,1,4,45,1,2,2,1,0,0,1,80,8,1,2,13,0,0
37,371189,1,1,1,12,11,17,59,8,0,1,0,37,1,9,17,9017,5,1994,1P3AP28K3RN1,1,P,3,A,P,2,8,K,3,R,N,1,0,P,PLYM,SUN,4H,94,17,2597,,0,972,,G,,F,4,153,,,14R185,,,,,,0,0,000000000,00000000000,0,0,0,1,0,0,0,0,0,0,0,20,0,0,0,12,6,2,8,0,0,0,1,37,28012,6,1,0,0,3,0,70,999,0,0,0,0,0,0,0,0,0,0,0,0,0,0,2,5,45,1,2,1,2,0,0,1,80,99,1,1,13,0,0
37,371190,1,2,1,19,11,16,37,12,6,1,0,37,2,23,441,23441,20,1994,1GTDM19Z9RB5,1,G,T,D,M,1,9,Z,9,R,B,5,0,T,GMC,SXT,EC,94,17,,1,0,1110,SAF,G,,,6,262,,,,B,00000,00,B,42,0,0,000000000,00000000000,0,0,0,1,0,0,0,0,0,0,0,55,0,1,5,11,6,2,1,0,0,0,1,37,28344,0,0,0,0,0,0,999,999,0,0,0,0,0,0,0,0,0,0,0,0,0,0,1,2,55,1,1,2,1,0,0,1,65,99,1,1,77,0,0
37,371190,2,2,2,19,11,16,37,12,6,1,0,37,2,51,43,51043,6,1998,YV1LW5649W24,Y,V,1,L,W,5,6,4,9,W,2,4,0,P,VOLV,VGA,SW,98,17,3402,,0,1049,,G,,T,5,149,,,15R195,,,,,,0,0,000000000,00000000000,0,0,0,1,0,0,0,0,0,0,0,25,0,0,0,1,6,2,12,0,0,0,1,37,28339,6,1,0,0,3,0,67,999,0,0,0,0,1,11,2010,11,2010,0,0,0,0,0,1,2,55,1,1,2,1,20,3,11,15,1,1,2,76,1,0
37,371191,1,2,1,1,11,9,8,12,6,1,0,37,3,84,881,84881,63,2005,2HSCHAPR35C0,2,H,S,C,H,A,P,R,3,5,C,0,1,T,INTL,99I,TR,5,17,,8,0,0,990,D,,,6,915,,,,,00000,00,,64,1,57,312257,57312257,3,4,10,1,0,0,0,0,0,0,0,45,0,0,0,63,2,8,12,0,0,0,1,37,27850,6,1,6,3,3,0,78,999,0,0,0,0,1,5,2010,5,2010,0,0,0,0,0,1,2,45,1,1,2,1,0,0,1,66,1,1,1,89,0,0
37,371191,2,2,1,1,11,9,8,12,6,1,0,37,2,49,40,49040,4,2001,4T1BG22K41U0,4,T,1,B,G,2,2,K,4,1,U,0,0,P,TOYT,CXL,4D,1,17,2998,,0,1051,,G,,F,4,132,,,15R205,,,,,,0,0,000000000,00000000000,0,0,0,1,0,0,0,0,0,0,0,10,0,1,5,12,6,2,1,0,0,0,1,37,27563,6,1,0,0,3,3,68,999,0,0,0,0,0,0,0,0,0,0,0,0,0,0,1,2,45,1,1,2,1,20,3,1,55,1,1,1,88,1,0
37,371192,1,1,1,17,11,7,17,42,0,1,0,37,1,37,31,37031,2,1995,1HGEJ1225SL0,1,H,G,E,J,1,2,2,5,S,L,0,0,P,HOND,CEX,CP,95,17,2371,,0,1032,,G,,F,4,097,,,14R185,,,,,,0,0,000000000,00000000000,0,0,0,1,0,0,0,0,0,0,0,35,0,0,0,9,6,2,42,0,0,0,1,37,27529,6,1,0,0,3,0,61,999,0,0,0,0,0,0,0,0,0,0,0,0,0,0,1,2,35,4,1,2,1,0,0,14,13,99,1,4,1,1,1
37,371193,1,1,2,24,12,17,57,8,0,1,0,37,2,32,36,32036,4,1994,WAUDK88C5RA1,W,A,U,D,K,8,8,C,5,R,A,1,0,P,AUDI,9CS,4D,94,17,3182,,0,1028,,G,,F,6,169,,,15R195,,,,,,0,0,000000000,00000000000,0,0,0,1,0,0,0,0,0,0,0,40,0,0,0,12,6,2,8,0,0,0,1,37,27302,1,1,0,0,2,0,73,999,0,1,0,0,0,2,2011,2,2011,0,38,0,0,0,1,5,40,1,2,2,2,0,0,1,80,1,1,1,13,0,1
37,371194,1,1,1,31,12,20,29,38,0,1,0,12,1,59,403,59403,14,2008,2T2GK31U78C0,2,T,2,G,K,3,1,U,7,8,C,0,0,P,LEXS,RX5,UT,8,17,3870,,0,1069,,G,,F,6,211,,,17R225,,,,,,0,0,000000000,00000000000,0,0,0,1,0,0,0,0,0,0,0,55,0,1,5,12,6,2,1,0,0,0,1,12,32210,6,1,0,0,3,0,72,999,0,1,0,0,1,11,2010,8,2012,0,0,0,0,0,1,2,35,4,1,2,1,0,0,14,13,99,1,4,1,1,1
37,371195,1,1,4,22,12,18,8,8,0,1,0,37,2,49,472,49472,30,2006,5TEUX42N16Z2,5,T,E,U,X,4,2,N,1,6,Z,2,0,T,TOYT,ACC,PC,6,17,,1,0,1219,TAC,G,,,4,164,,,,B,3875,00,U,44,0,0,000000000,00000000000,0,0,0,1,0,0,0,0,0,0,0,45,0,0,0,12,6,2,8,0,0,0,1,37,28727,6,1,0,0,3,0,75,999,0,0,0,0,1,7,2011,7,2011,0,0,0,0,0,1,5,45,4,1,2,1,0,0,14,80,99,1,1,13,0,0
37,371196,1,1,2,22,12,18,17,8,0,1,0,37,2,37,31,37031,2,2002,1HGEM21982L0,1,H,G,E,M,2,1,9,8,2,L,0,0,P,HOND,UAX,CP,2,17,2553,,0,1031,,G,,F,4,102,,,15R185,,,,,,0,0,000000000,00000000000,0,0,0,1,0,0,0,0,0,0,0,45,0,0,0,12,6,2,8,0,0,0,1,37,28715,6,1,0,0,3,0,74,999,2,0,0,0,0,5,2010,8,2012,0,0,0,0,0,2,5,45,1,1,2,1,0,0,1,80,1,1,1,13,0,0
37,371197,1,1,2,28,12,10,47,34,0,1,0,37,2,53,40,53040,4,2008,JS2YC4120851,J,S,2,Y,C,4,1,2,0,8,5,1,0,P,SUZI,SXC,4D,8,17,2668,,0,984,,G,,F,4,122,,,15R195,,,,,,0,0,000000000,00000000000,0,0,0,1,0,0,0,0,0,0,0,65,0,0,0,14,6,2,42,0,0,0,1,37,28472,1,1,0,0,2,0,68,999,0,0,0,0,0,0,0,0,0,1,24,28,36,0,1,2,55,2,1,2,1,0,0,14,13,1,1,4,1,1,0
37,371198,1,1,1,29,12,4,48,34,0,1,0,37,1,30,42,30042,3,1998,3VWDA81H4WM1,3,V,W,D,A,8,1,H,4,W,M,1,0,P,VOLK,GTI,2H,98,17,2477,,0,974,,G,,F,4,121,,,14R195,,,,,,0,0,000000000,00000000000,0,0,0,1,0,0,0,0,0,0,0,75,0,1,5,14,6,2,1,0,0,0,1,37,28356,6,1,0,0,3,0,73,999,0,0,0,1,0,1,2012,1,2012,1,36,0,0,0,1,2,55,3,1,2,2,0,0,14,10,1,1,4,6,1,1
37,371199,1,2,1,24,12,15,25,12,2,1,0,37,2,49,40,49040,2,2005,4T1CE38P05U9,4,T,1,C,E,3,8,P,0,5,U,9,0,P,TOYT,CEE,CP,5,17,3470,,0,1051,,G,,F,4,144,,,16R205,,,,,,0,0,000000000,00000000000,0,0,0,1,0,0,0,0,0,0,0,45,0,0,0,12,6,2,12,0,0,0,1,13,30363,6,1,0,0,3,0,68,130,98,0,0,0,0,0,0,0,0,0,28,0,0,0,1,2,45,4,2,2,2,0,0,14,10,1,1,2,50,0,1
37,371199,2,2,3,24,12,15,25,12,2,1,0,37,1,59,34,59034,4,1998,JT8BD68S7W00,J,T,8,B,D,6,8,S,7,W,0,0,0,P,LEXS,GS3,4D,98,17,3635,,0,1102,,G,,F,6,183,,,16R215,,,,,,0,0,000000000,00000000000,0,0,0,1,0,0,0,0,0,0,0,45,0,0,0,12,6,2,12,0,0,0,1,37,27265,6,1,0,0,3,0,69,999,0,0,0,0,2,1,2010,8,2010,0,0,0,0,0,1,2,45,4,2,2,2,0,0,14,62,1,1,1,51,1,0
37,371200,1,1,1,16,12,23,39,8,0,1,0,37,2,51,42,51042,4,1994,YV1LS5524R21,Y,V,1,L,S,5,5,2,4,R,2,1,0,P,VOLV,850,4D,94,17,3109,,0,1049,,G,,F,5,149,,,15R195,,,,,,0,0,000000000,00000000000,0,0,0,1,0,0,0,0,0,0,0,40,0,0,0,12,6,2,8,0,0,0,1,37,28677,6,1,0,0,3,0,73,999,0,0,0,0,0,0,0,0,0,0,0,0,0,0,2,4,40,1,2,2,2,3,3,1,80,1,1,1,13,0,0
37,371201,1,1,1,21,12,20,59,53,0,1,0,37,1,20,481,20481,31,2001,1GCGK13UX1F1,1,G,C,G,K,1,3,U,X,1,F,1,0,T,CHEV,1KH,CW,1,17,,2,0,1530,SIL,G,,,8,364,,,,B,4776,00,,44,0,0,000000000,00000000000,0,0,0,1,0,0,0,0,0,0,0,85,0,1,5,9,6,2,53,0,0,0,1,37,28027,6,1,0,0,3,0,67,999,1,3,0,2,3,5,2010,6,2012,1,28,36,58,0,1,2,35,2,3,2,1,0,0,14,6,1,2,4,7,1,0
37,371202,1,2,1,26,12,21,33,12,2,1,0,37,1,20,403,20403,14,2004,1GNDS13S3424,1,G,N,D,S,1,3,S,3,4,2,4,0,P,CHEV,TRL,UT,4,17,4425,,0,1130,,G,,F,6,256,,,16R245,,,,,,0,0,000000000,00000000000,0,0,0,1,0,0,0,0,0,0,0,81,0,0,0,12,6,2,12,0,0,0,1,37,28105,6,1,0,0,3,0,70,999,0,3,0,0,4,1,2010,5,2012,1,36,0,0,0,2,6,45,1,3,2,1,3,3,1,54,1,1,1,84,0,1
37,371202,2,2,4,26,12,21,33,12,2,1,0,37,1,37,402,37402,14,2010,5J6RE3H37AL0,5,J,6,R,E,3,H,3,7,A,L,0,0,P,HOND,CRV,UT,10,17,3389,,0,1031,,G,,F,4,146,,,17R225,,,,,,0,0,000000000,00000000000,0,0,0,1,0,0,0,0,0,0,0,23,0,0,0,12,6,2,12,0,0,0,1,37,28104,6,1,0,0,3,3,64,999,1,0,0,0,0,10,2010,10,2010,0,0,0,0,0,2,6,45,1,3,2,1,3,3,11,15,1,1,1,84,2,0
37,371203,1,1,1,30,12,23,28,30,0,1,0,37,2,20,481,20481,31,1993,2GCEC19K3P11,2,G,C,E,C,1,9,K,3,P,1,1,0,T,CHEV,GC1,PC,93,17,,2,1555,1415,GM4,G,,,8,350,,,,B,3998,02,,42,0,0,000000000,00000000000,0,0,0,1,0,0,0,0,0,0,0,65,0,0,0,12,6,2,42,0,0,0,1,37,28443,6,1,6,0,3,0,72,999,1,0,0,0,1,2,2011,3,2011,0,28,0,0,0,1,2,55,3,1,2,1,0,0,14,13,1,1,4,1,1,1
37,371204,1,1,1,14,12,19,29,8,0,1,0,37,1,38,401,38401,14,1999,JACDJ58XXX79,J,A,C,D,J,5,8,X,X,X,7,9,0,P,ISU,TRO,UT,99,17,4390,,0,1087,,G,,F,6,213,,,16R245,,,,,,0,0,000000000,00000000000,0,0,0,1,0,0,0,0,0,0,0,30,0,0,0,12,4,1,8,0,0,0,1,37,27203,6,1,0,0,3,0,66,999,1,0,0,0,0,3,2010,3,2010,0,0,0,0,0,1,5,35,1,1,2,1,0,0,1,80,1,1,1,13,0,0
37,371205,1,2,1,17,12,15,9,12,1,1,0,37,1,12,481,12481,31,2005,1FTPX12585NA,1,F,T,P,X,1,2,5,8,5,N,A,0,T,FORD,F15,4C,5,17,,2,1450,1260,COF,G,,,8,330,,,,B,5065,04,U,42,0,0,000000000,00000000000,0,0,0,1,0,0,0,0,0,0,0,75,0,0,0,12,6,2,8,0,0,0,1,37,27360,6,1,6,0,3,3,63,999,1,0,0,0,0,10,2010,10,2010,1,36,0,0,0,3,6,70,1,2,1,1,0,0,1,50,1,1,1,32,0,0
37,371205,2,2,0,17,12,15,9,12,1,1,0,18,6,12,13,12013,2,2000,3FAKP1139YR1,3,F,A,K,P,1,1,3,9,Y,R,1,0,P,FORD,ZX2,CP,0,17,2478,,0,984,,G,,F,4,121,,,15R185,,,,,,0,0,000000000,00000000000,0,0,0,1,0,0,0,0,0,0,0,0,0,0,0,6,6,2,12,0,0,0,0,0,99997,7,6,97,7,6,7,998,997,998,998,998,998,998,98,9998,98,9998,8,20,0,0,0,3,6,70,1,2,1,1,0,0,0,98,0,0,0,32,0,0
37,371206,1,1,1,15,12,1,46,9,0,1,0,37,1,3,431,3431,16,2005,5GRGN23U45H1,5,G,R,G,N,2,3,U,4,5,H,1,0,T,HUMM,HH2,4W,5,17,,2,0,1228,HUM,G,,,8,364,,,,C,6400,00,U,44,0,0,000000000,00000000000,0,0,0,1,0,0,0,0,0,0,0,45,0,0,0,12,2,1,9,0,0,0,1,37,27025,6,1,0,0,3,0,68,999,1,0,0,0,0,10,2012,10,2012,0,0,0,0,0,1,2,45,1,1,2,1,0,0,1,80,1,1,1,13,0,0
37,371207,1,1,2,15,12,23,55,42,0,1,0,37,2,12,35,12035,4,1999,1FAFP6639XK1,1,F,A,F,P,6,6,3,9,X,K,1,0,P,FORD,CSE,4D,99,17,2774,,0,1065,,G,,F,4,121,,,14R185,,,,,,0,0,000000000,00000000000,0,0,0,1,0,0,0,0,0,0,0,102,0,0,0,12,6,2,42,0,0,0,1,37,27041,6,2,0,0,3,2,62,999,0,0,0,0,0,0,0,0,0,1,73,0,0,0,1,2,35,3,1,2,1,0,0,14,13,1,1,4,1,1,0
37,371208,2,1,1,22,12,3,40,14,0,1,0,92,0,76,739,76739,90,2005,000000000000,0,0,0,0,0,0,0,0,0,0,0,0,0,,,,,,,,,,,,,,,,,,,,,,,,,0,0,000000000,00000000000,0,0,0,1,0,0,0,0,0,0,0,53,0,0,0,12,6,2,14,0,0,0,1,37,27609,6,1,0,0,3,0,72,999,0,0,0,0,0,0,0,0,0,1,36,0,0,0,1,2,35,1,2,2,1,0,0,1,50,1,1,4,98,1,1
37,371209,1,2,1,8,12,17,49,12,1,1,0,37,2,20,481,20481,31,2002,2GCEC19T4212,2,G,C,E,C,1,9,T,4,2,1,2,0,T,CHEV,SC1,4C,2,17,,2,1575,1435,SIL,G,,,8,325,,,,B,4534,03,,42,0,0,000000000,00000000000,0,0,0,1,0,0,0,0,0,0,0,45,0,0,0,12,6,2,12,0,0,0,1,37,27970,6,1,0,0,3,0,65,999,0,0,0,1,0,6,2011,6,2011,0,0,0,0,0,1,2,45,1,1,2,1,0,0,1,51,1,1,1,24,0,0
37,371209,2,2,1,8,12,17,49,12,1,1,0,92,0,99,709,99709,81,9999,000000000000,0,0,0,0,0,0,0,0,0,0,0,0,0,,,,,,,,,,,,,,,,,,,,,,,,,0,0,000000000,00000000000,0,0,0,1,0,0,0,0,0,0,0,10,0,0,0,6,6,2,12,0,0,0,1,37,27970,6,1,0,0,1,0,65,999,0,0,0,0,0,0,0,0,0,0,99,99,99,99,1,2,45,1,1,2,1,0,0,1,18,1,1,1,25,1,0
37,371210,1,1,3,29,12,3,3,32,0,1,0,37,2,20,481,20481,31,2002,2GCEC19V6211,2,G,C,E,C,1,9,V,6,2,1,1,0,T,CHEV,SC1,4C,2,17,,2,1575,1435,SIL,G,,,8,293,,,,B,4534,03,,42,0,0,000000000,00000000000,0,0,0,1,0,0,0,0,0,0,0,60,0,1,5,12,6,2,1,0,0,0,1,37,27011,6,1,6,0,3,3,64,999,1,1,0,0,2,4,2010,10,2011,1,36,0,0,0,1,2,55,2,2,2,2,0,0,14,5,1,9,4,2,1,1
37,371211,1,1,1,30,9,1,49,42,0,1,0,37,2,20,403,20403,14,2003,1GNDS13S6321,1,G,N,D,S,1,3,S,6,3,2,1,0,P,CHEV,TRL,UT,3,17,4417,,0,1130,,G,,F,6,256,,,16R245,,,,,,0,0,000000000,00000000000,0,0,0,1,0,0,0,0,0,0,0,85,0,0,0,9,6,2,42,0,0,0,1,37,27023,6,1,0,0,3,0,64,999,0,0,0,1,0,6,2011,6,2011,1,28,58,0,0,1,2,35,4,1,2,1,0,0,1,13,1,1,4,1,1,1
37,371212,1,3,1,10,11,19,18,12,6,1,0,37,2,63,441,63441,20,2006,KNDMB2330660,K,N,D,M,B,2,3,3,0,6,6,0,0,P,KIA,SED,SV,6,17,0,,0,1145,,G,,F,6,231,,,15R215,,,,,,0,0,000000000,00000000000,0,0,0,1,0,0,0,0,0,0,0,55,0,0,0,12,4,1,12,0,0,0,1,37,28349,6,1,0,0,3,0,74,999,0,0,0,0,1,3,2010,3,2010,0,0,0,0,0,2,2,55,1,1,2,1,3,3,1,66,1,1,1,69,0,0
37,371212,2,3,3,10,11,19,18,12,6,1,0,37,1,2,405,2405,14,2006,1J4GL48K56W2,1,J,4,G,L,4,8,K,5,6,W,2,0,T,JEEP,SPR,4W,6,17,,1,0,1043,LIB,G,,,6,226,,,,,3857,00,E,44,0,0,000000000,00000000000,0,0,0,1,0,0,0,0,0,0,0,55,0,0,0,12,6,2,12,0,0,0,1,37,28365,6,1,0,0,3,3,64,999,0,0,0,0,0,0,0,0,0,0,0,0,0,0,2,2,55,1,1,2,1,3,3,1,66,1,1,1,98,0,0
37,371212,3,3,1,10,11,19,18,12,6,1,0,37,1,37,32,37032,4,2005,1HGCM56875A1,1,H,G,C,M,5,6,8,7,5,A,1,0,P,HOND,UEX,4D,5,17,3203,,0,1079,,G,,F,4,146,,,16R205,,,,,,0,0,000000000,00000000000,0,0,0,1,0,0,0,0,0,0,0,35,0,0,0,83,6,2,12,0,0,0,1,37,28570,6,1,0,0,3,3,67,999,0,0,0,0,0,0,0,0,0,0,38,0,0,0,2,2,55,1,1,2,1,3,3,11,15,1,1,1,68,1,0