STATE,ST_CASE,VEH_NO,VE_FORMS,NUMOCCS,DAY,MONTH,HOUR,MINUTE,HARM_EV,MAN_COLL,UNITTYPE,HIT_RUN,REG_STAT,OWNER,MAKE,MODEL,MAK_MOD,BODY_TYP,MOD_YEAR,VIN,VIN_1,VIN_2,VIN_3,VIN_4,VIN_5,VIN_6,VIN_7,VIN_8,VIN_9,VIN_10,VIN_11,VIN_12,TOW_VEH,VINTYPE,VINMAKE,VINA_MOD,VIN_BT,VINMODYR,VIN_LNGT,VIN_WGT,WGTCD_TR,WHLBS_LG,WHLBS_SH,SER_TR,FUELCODE,MCYCL_DS,CARBUR,CYLINDER,DISPLACE,MCYCL_CY,MCYCL_WT,TIRE_SZE,TON_RAT,TRK_WT,TRKWTVAR,VIN_REST,WHLDRWHL,J_KNIFE,MCARR_I1,MCARR_I2,MCARR_ID,GVWR,V_CONFIG,CARGO_BT,HAZ_INV,HAZ_PLAC,HAZ_ID,HAZ_CNO,HAZ_REL,BUS_USE,SPEC_USE,EMER_USE,TRAV_SP,UNDERIDE,ROLLOVER,ROLINLOC,IMPACT1,DEFORMED,TOWED,M_HARM,VEH_SC1,VEH_SC2,FIRE_EXP,DR_PRES,L_STATE,DR_ZIP,L_STATUS,L_TYPE,CDL_STAT,L_ENDORS,L_COMPL,L_RESTRI,DR_HGT,DR_WGT,PREV_ACC,PREV_SUS,PREV_DWI,PREV_SPD,PREV_OTH,FIRST_MO,FIRST_YR,LAST_MO,LAST_YR,SPEEDREL,DR_SF1,DR_SF2,DR_SF3,DR_SF4,VTRAFWAY,VNUM_LAN,VSPD_LIM,VALIGN,VPROFILE,VPAVETYP,VSURCOND,VTRAFCON,VTCONT_F,P_CRASH1,P_CRASH2,P_CRASH3,PCRASH4,PCRASH5,ACC_TYPE,DEATHS,DR_DRINK
38,380010,3,3,1,21,2,10,51,12,1,1,0,30,3,84,881,84881,63,2011,1HTWPAZT9BJ3,1,H,T,W,P,A,Z,T,9,B,J,3,0,T,INTL,750,CC,11,17,,8,0,0,70S,D,,,6,570,,,,,00000,00,,64,0,57,215259,57215259,3,2,5,1,0,0,0,0,0,0,0,60,0,0,0,12,6,2,12,0,0,0,1,30,59270,6,1,6,0,3,0,65,175,98,0,0,0,0,0,0,0,0,0,0,0,0,0,1,2,65,1,1,2,1,0,0,1,62,2,1,1,98,0,0
38,380011,1,2,4,23,2,8,37,12,9,1,0,38,2,2,404,2404,14,1995,1J4GZ58S7SC5,1,J,4,G,Z,5,8,S,7,S,C,5,0,T,JEEP,LRO,4W,95,17,,1,0,1059,GCK,G,,,6,242,,,,,3552,00,M,44,0,0,000000000,00000000000,0,0,0,1,0,0,0,0,0,0,0,998,0,0,0,61,6,2,12,0,0,0,1,97,58801,9,9,99,0,9,9,999,999,99,99,99,99,99,99,9999,99,9999,1,87,0,0,0,1,2,65,1,1,2,4,0,0,6,5,6,3,2,32,1,0
38,380011,2,2,1,23,2,8,37,12,9,1,0,29,3,85,881,85881,66,2012,1XKAA49X1CJ2,1,X,K,A,A,4,9,X,1,C,J,2,1,T,KW,T60,TR,12,17,,8,2600,1600,CON,D,,,6,915,,,,,00000,00,,42,1,57,00070289,5700070289,3,6,1,1,0,0,0,0,0,0,0,998,0,0,0,6,2,1,12,0,0,0,1,1,35967,6,1,6,0,3,0,67,180,1,0,0,0,1,7,2011,7,2011,0,87,0,0,0,1,2,65,1,1,2,4,0,0,1,53,1,1,1,32,0,0
38,380012,1,1,1,23,2,23,47,31,0,1,0,38,1,20,481,20481,31,2004,1GCEK19T84E2,1,G,C,E,K,1,9,T,8,4,E,2,0,T,CHEV,SK1,4C,4,17,,2,1575,1435,SIL,G,,,8,325,,,,B,4925,00,,44,0,0,000000000,00000000000,0,0,0,1,0,0,0,0,0,0,0,998,0,1,5,11,6,2,31,0,0,0,1,38,58072,6,1,0,0,3,0,72,220,1,0,0,1,0,10,2010,2,2012,1,36,0,0,0,1,2,25,4,1,2,1,0,0,14,3,2,1,4,6,1,1
38,380013,1,3,2,8,2,17,7,12,6,1,0,38,2,12,13,12013,6,1997,3FALP15P5VR1,3,F,A,L,P,1,5,P,5,V,R,1,0,P,FORD,LXE,SW,97,17,2571,,0,984,,G,,F,4,122,,,14R185,,,,,,0,0,000000000,00000000000,0,0,0,1,0,0,0,0,0,0,0,998,0,0,0,12,6,2,12,0,0,0,1,38,58244,6,1,6,0,3,1,73,180,1,0,0,3,0,5,2009,1,2012,0,0,0,0,0,3,2,40,1,1,1,1,0,0,1,66,2,1,1,88,1,0
38,380013,2,3,1,8,2,17,7,12,6,1,1,27,2,35,39,35039,4,2001,JN1CA31A31T3,J,N,1,C,A,3,1,A,3,1,T,3,0,P,NISS,M20,4D,1,17,3084,,0,1083,,G,,F,6,182,,,15R205,,,,,,0,0,000000000,00000000000,0,0,0,1,0,0,0,0,0,0,0,998,0,0,0,62,6,2,12,0,0,0,1,38,58201,0,0,0,0,0,0,64,111,0,0,0,0,0,0,0,0,0,0,36,38,0,0,1,2,25,1,1,1,1,0,0,1,17,1,1,1,89,0,1
38,380013,3,3,3,8,2,17,7,12,6,1,0,38,1,63,402,63402,14,2008,KNDJC7354858,K,N,D,J,C,7,3,5,4,8,5,8,0,P,KIA,SOR,UT,8,17,4274,,0,1067,,G,,F,6,201,,,16R245,,,,,,0,0,000000000,00000000000,0,0,0,1,0,0,0,0,0,0,0,998,0,0,0,11,4,3,12,0,0,0,1,38,58203,3,1,0,0,2,1,70,235,0,0,0,0,0,0,0,0,0,0,0,0,0,0,3,2,40,1,1,1,1,0,0,1,60,2,1,1,98,0,0
38,380014,1,2,1,1,3,6,37,12,6,1,0,8,1,23,421,23421,15,2000,1GTGK23J2YF4,1,G,T,G,K,2,3,J,2,Y,F,4,0,T,GMC,SK2,CW,0,17,,2,0,1545,SIE,G,,,8,454,,,,C,5744,00,A,44,0,0,000000000,00000000000,0,0,0,1,0,0,0,0,0,0,0,998,0,0,0,12,6,2,12,0,0,0,1,38,58503,6,1,0,0,3,1,69,230,0,0,0,0,0,0,0,0,0,0,0,0,0,0,1,2,55,1,1,2,2,0,0,1,66,1,1,1,88,0,0
38,380014,2,2,5,1,3,6,37,12,6,1,0,38,1,7,442,7442,20,1998,1B4GP44G3WB6,1,B,4,G,P,4,4,G,3,W,B,6,0,T,DODG,GSS,ES,98,17,,1,0,1193,CAR,F,,,6,201,,,,,3675,00,E,42,0,0,000000000,00000000000,0,0,0,1,0,0,0,0,0,0,0,998,0,0,0,9,6,2,12,0,0,0,1,38,58554,6,1,0,0,3,1,73,240,1,1,1,1,0,1,2010,11,2011,0,39,0,0,0,1,2,45,1,2,2,2,20,3,1,17,1,1,1,89,3,0
38,380015,1,2,1,1,3,16,57,12,6,1,0,56,3,7,482,7482,31,2010,1D7RV1GP1AS1,1,D,7,R,V,1,G,P,1,A,S,1,0,T,DODG,Q15,CW,10,17,,2,0,1400,RPC,G,,,8,287,,,,B,5200,00,7,44,0,0,000000000,00000000000,0,0,0,1,0,0,0,0,0,0,0,53,0,0,0,12,6,2,12,0,0,0,1,38,58601,6,1,0,0,3,0,70,165,0,0,0,0,0,0,0,0,0,0,0,0,0,0,1,2,65,3,2,2,4,0,0,14,62,2,1,1,66,0,0
38,380015,2,2,3,1,3,16,57,12,6,1,0,40,1,20,481,20481,31,2004,2GCEC13T5413,2,G,C,E,C,1,3,T,5,4,1,3,0,T,CHEV,SC1,CW,4,17,,2,0,1435,SIL,G,,,8,323,,,,B,4946,00,,42,0,0,000000000,00000000000,0,0,0,1,0,0,0,0,0,0,0,999,0,0,0,3,6,2,12,0,0,0,1,40,73023,6,1,0,0,3,1,73,200,0,0,0,2,2,4,2009,8,2011,1,58,0,0,0,1,2,65,2,2,2,4,0,0,14,6,7,4,2,66,1,1
38,380016,1,1,2,2,3,8,35,1,0,1,0,38,2,12,35,12035,4,2000,1FAFP6637YK1,1,F,A,F,P,6,6,3,7,Y,K,1,0,P,FORD,CSE,4D,0,17,2769,,0,1065,,G,,F,4,121,,,14R185,,,,,,0,0,000000000,00000000000,0,0,0,1,0,0,0,0,0,0,0,998,0,1,5,0,6,9,1,0,0,0,1,38,58528,0,0,0,0,0,0,61,158,0,0,0,0,0,0,0,0,0,0,0,0,0,0,1,2,98,1,1,2,99,0,0,1,13,6,4,4,2,1,1
38,380017,1,2,1,3,3,23,1,12,6,1,0,16,1,12,481,12481,31,2002,1FTSX31S02EC,1,F,T,S,X,3,1,S,0,2,E,C,0,T,FORD,F3S,4C,2,17,,2,1580,1418,SRW,G,,,10,415,,,,D,5943,05,U,44,0,0,000000000,00000000000,0,0,0,1,0,0,0,0,0,0,0,999,0,0,0,12,6,2,12,0,0,0,1,16,83815,6,1,6,0,3,0,70,140,0,0,0,0,2,2,2011,10,2011,0,38,0,0,0,1,2,65,1,1,2,1,20,3,1,17,1,1,1,86,1,0
38,380017,2,2,1,3,3,23,1,12,6,1,0,22,3,85,881,85881,66,2012,1XKDD49X3CR3,1,X,K,D,D,4,9,X,3,C,R,3,1,T,KW,T80,TR,12,17,,8,2600,1600,CON,D,,,6,915,,,,,00000,00,,64,1,57,803994,57803994,3,6,2,1,0,0,0,0,0,0,0,998,0,0,0,4,4,1,12,0,0,0,1,16,83860,6,1,6,1,3,0,72,240,0,0,0,0,0,0,0,0,0,0,0,0,0,0,3,2,65,1,1,2,1,0,0,1,66,1,1,1,87,0,0
38,380018,1,1,1,19,3,21,30,1,0,1,0,40,1,20,431,20431,16,1996,1GNEC16R0TJ3,1,G,N,E,C,1,6,R,0,T,J,3,0,P,CHEV,C15,UT,96,17,4634,,0,1315,,G,,F,8,350,,,15R235,,,,,,0,0,000000000,00000000000,0,0,0,1,0,0,0,0,0,0,0,999,0,1,5,0,6,2,1,0,0,0,1,40,73074,6,1,0,0,3,0,69,146,0,0,0,0,0,0,0,0,0,0,0,0,0,0,1,2,45,1,1,2,1,0,0,1,12,1,1,4,6,1,1
38,380019,1,1,1,21,3,20,38,1,0,1,0,27,2,12,481,12481,31,1999,1FTZX1729XNB,1,F,T,Z,X,1,7,2,9,X,N,B,0,T,FORD,F15,4C,99,17,,1,1571,1385,COF,G,,,6,256,,,,B,00000,00,U,42,0,0,000000000,00000000000,0,0,0,1,0,0,0,0,0,0,0,998,0,1,1,0,6,2,1,0,0,0,1,27,55303,6,1,0,0,3,2,71,150,0,0,0,0,0,0,0,0,0,1,37,36,74,0,1,2,55,1,1,4,1,0,0,1,6,1,4,2,98,1,1
38,380020,1,2,1,22,3,15,12,12,2,1,0,38,2,12,13,12013,4,1998,1FAFP13P2WW2,1,F,A,F,P,1,3,P,2,W,W,2,0,P,FORD,ESS,4D,98,17,2468,,0,984,,G,,F,4,122,,,14R185,,,,,,0,0,000000000,00000000000,0,0,0,1,0,0,0,0,0,0,0,998,0,0,0,12,6,2,12,0,0,0,1,38,58540,6,1,0,0,3,0,66,130,0,0,0,0,0,0,0,0,0,0,51,0,0,0,1,2,65,1,2,2,1,0,0,1,10,1,1,2,50,1,0
38,380020,2,2,1,22,3,15,12,12,2,1,0,38,3,84,881,84881,63,2011,1HTWNAZT8BJ3,1,H,T,W,N,A,Z,T,8,B,J,3,0,T,INTL,750,CC,11,17,,8,0,0,70S,D,,,6,570,,,,,00000,00,,64,0,77,777777777,77777777777,3,2,2,2,1,1203,3,8,0,0,0,998,0,0,0,12,6,2,12,0,0,1,1,38,58540,6,1,6,1,3,0,64,220,0,0,0,0,0,0,0,0,0,0,0,0,0,0,1,2,65,1,2,2,1,0,0,1,62,7,1,1,51,0,0
38,380021,1,1,1,24,3,23,40,1,0,1,0,38,1,12,481,12481,31,2006,1FTSW21596EB,1,F,T,S,W,2,1,5,9,6,E,B,0,T,FORD,F2S,CW,6,17,,2,1720,1560,SRW,G,,,8,329,,,,C,6395,01,E,44,0,0,000000000,00000000000,0,0,0,1,0,0,0,0,0,0,0,999,0,1,5,0,6,2,1,0,0,0,1,38,58640,6,1,6,0,3,9,72,195,0,0,0,0,0,0,0,0,0,1,0,0,0,0,1,2,45,3,2,4,1,0,0,14,13,6,1,4,1,1,1
38,380022,1,1,2,30,3,3,26,1,0,1,0,38,1,20,481,20481,31,1995,2GCEK19K6S11,2,G,C,E,K,1,9,K,6,S,1,1,0,T,CHEV,GK1,PC,95,17,,2,1555,1415,GM4,G,,,8,350,,,,B,4514,00,,44,0,0,000000000,00000000000,0,0,0,1,0,0,0,0,0,0,0,998,0,1,5,0,6,2,1,0,0,0,1,38,58365,6,1,0,0,3,0,74,260,0,0,0,2,0,8,2010,5,2011,1,0,0,0,0,1,2,55,1,1,4,2,0,0,1,6,6,3,4,2,1,1
38,380023,1,2,1,30,3,17,4,12,1,1,0,38,1,77,706,77706,80,2007,5VPXB26D3730,5,V,P,X,B,2,6,D,3,7,3,0,0,M,VCTY,VJD,RS,7,17,,,,,,,1634,,2,,4,659,,,,,,,0,0,000000000,00000000000,0,0,0,1,0,0,0,0,0,0,0,999,0,0,0,12,6,2,12,0,0,0,1,38,58801,6,1,1,0,3,0,74,220,2,2,0,0,3,7,2009,8,2010,0,0,0,0,0,1,2,65,1,1,2,1,0,0,1,51,2,1,1,24,1,1
38,380023,2,2,1,30,3,17,4,12,1,1,0,30,1,20,16,20016,4,2003,1G1JC52F3372,1,G,1,J,C,5,2,F,3,3,7,2,0,P,CHEV,CAV,4D,3,17,2971,,0,1041,,G,,F,4,134,,,14R195,,,,,,0,0,000000000,00000000000,0,0,0,1,0,0,0,0,0,0,0,998,0,0,0,6,6,2,12,0,0,0,1,30,59101,6,1,0,0,3,9,67,150,98,0,0,0,0,0,0,0,0,0,0,0,0,0,1,2,65,1,1,2,1,0,0,1,53,1,1,1,25,0,0
38,380024,1,1,1,30,3,1,30,33,0,1,0,38,2,72,706,72706,80,2011,1HD1GX415BC3,1,H,D,1,G,X,4,1,5,B,C,3,0,M,HD,FFB,RS,11,17,,,,,,,1584,,2,,4,634,,,,,,,0,0,000000000,00000000000,0,0,0,1,0,0,0,0,0,0,0,998,0,0,0,12,6,2,21,0,0,0,1,38,58554,6,1,0,0,2,3,69,145,0,0,0,1,1,8,2011,10,2011,1,0,0,0,0,2,2,40,3,1,1,1,0,0,14,12,6,1,4,98,1,1
38,380025,1,2,1,31,3,19,10,12,1,1,0,30,3,85,881,85881,66,2000,1XKWDB9X9YR8,1,X,K,W,D,B,9,X,9,Y,R,8,1,T,KW,W90,TR,0,17,,8,2850,1600,CON,D,,,6,893,,,,,00000,00,,64,1,57,1613268,571613268,3,6,2,1,0,0,0,0,0,0,0,998,0,1,1,12,6,2,1,0,0,0,1,30,59457,6,1,6,1,3,0,68,200,98,0,0,0,0,0,0,0,0,0,26,0,0,0,1,2,65,1,1,2,1,0,0,1,52,2,1,1,24,1,0
38,380025,2,2,1,31,3,19,10,12,1,1,0,30,3,87,881,87881,66,1996,1XP5DB0X7TD4,1,X,P,5,D,B,0,X,7,T,D,4,1,T,PTRB,379,TR,96,17,,8,0,0,CON,D,,,6,893,,,,,00000,00,,64,1,57,1613268,571613268,3,6,2,1,0,0,0,0,0,0,0,35,0,0,0,6,6,2,12,0,0,0,1,30,59405,6,1,6,1,3,0,69,200,98,0,0,0,0,0,0,0,0,0,26,85,0,0,1,2,65,1,1,2,1,0,0,2,18,1,1,1,25,0,0
38,380026,1,1,1,3,4,12,29,10,0,1,0,38,3,82,881,82881,66,1998,2FUYFMDB5WA9,2,F,U,Y,F,M,D,B,5,W,A,9,1,T,FRHT,FLD,TR,98,17,,8,0,0,CON,D,,,6,661,,,,,00000,00,,64,1,57,119773,57119773,3,6,8,1,0,0,0,0,0,0,0,998,0,0,0,9,6,2,10,0,0,1,1,38,58781,6,1,6,0,3,1,69,185,1,0,0,0,0,7,2011,7,2011,0,38,0,0,0,1,2,25,1,2,5,1,65,3,1,98,1,1,1,15,1,0
38,380027,1,2,2,6,4,16,41,12,6,1,0,27,1,23,481,23481,31,1994,1GTDC14Z8RZ5,1,G,T,D,C,1,4,Z,8,R,Z,5,0,T,GMC,SC1,PK,94,17,,1,1315,1175,SIE,G,,,6,262,,,,B,00000,00,A,42,0,0,000000000,00000000000,0,0,0,1,0,0,0,0,0,0,0,998,0,0,0,12,6,2,12,0,0,0,1,27,56308,6,1,6,0,3,0,70,200,0,0,0,1,0,2,2011,2,2011,0,0,0,0,0,3,2,70,2,1,2,1,0,0,14,66,2,1,1,86,0,0
38,380027,2,2,1,6,4,16,41,12,6,1,0,38,1,14,6,14006,4,1987,2MEBM75F8HX6,2,M,E,B,M,7,5,F,8,H,X,6,0,P,MERC,MGL,4D,87,17,3764,,0,1143,,G,,F,8,302,,,15R205,,,,,,0,0,000000000,00000000000,0,0,0,1,0,0,0,0,0,0,0,998,0,0,0,3,6,2,12,0,0,0,1,38,58559,6,1,6,0,3,1,67,244,0,0,0,1,1,7,2011,8,2011,0,38,0,0,0,1,2,40,1,1,2,1,20,3,1,17,1,1,1,87,1,0
38,380028,1,1,1,8,4,15,35,1,0,1,0,38,1,49,472,49472,30,2008,5TEUX42N08Z5,5,T,E,U,X,4,2,N,0,8,Z,5,0,T,TOYT,ACC,PC,8,17,,1,0,1278,TAC,G,,,4,164,,,,B,3905,00,U,44,0,0,000000000,00000000000,0,0,0,1,0,0,0,0,0,0,0,999,0,2,5,0,6,2,1,0,0,0,1,21,42064,6,1,0,0,3,0,75,260,0,0,0,1,0,4,2009,4,2009,1,0,0,0,0,1,2,98,3,2,2,1,0,0,11,13,6,1,5,1,1,1
38,380029,1,2,2,12,4,13,36,12,6,1,0,38,1,20,37,20037,4,2005,1G1ZT54825F2,1,G,1,Z,T,5,4,8,2,5,F,2,0,P,CHEV,M/L,4D,5,17,3297,,0,1063,,G,,F,6,214,,,15R205,,,,,,0,0,000000000,00000000000,0,0,0,1,0,0,0,0,0,0,0,998,0,0,0,12,6,2,12,0,0,0,1,38,58201,6,1,0,0,3,0,64,214,0,0,0,2,0,10,2009,9,2010,0,0,0,0,0,1,2,65,1,1,2,1,0,0,1,67,6,1,1,83,0,0
38,380029,2,2,1,12,4,13,36,12,6,1,0,38,1,14,6,14006,4,2009,2MEHM75V89X6,2,M,E,H,M,7,5,V,8,9,X,6,0,P,MERC,MGL,4D,9,17,4117,,0,1146,,F,,F,8,281,,,17R225,,,,,,0,0,000000000,00000000000,0,0,0,1,0,0,0,0,0,0,0,998,0,0,0,9,6,2,12,0,0,0,1,38,58361,6,1,0,0,3,1,65,160,0,0,0,0,1,11,2009,11,2009,0,38,0,0,0,1,2,55,1,1,2,1,20,3,11,15,1,1,1,82,1,0
38,380030,1,1,1,13,4,5,0,1,0,1,0,38,1,20,481,20481,31,1991,2GCEK19K1M11,2,G,C,E,K,1,9,K,1,M,1,1,0,T,CHEV,GK1,PC,91,17,,2,1555,1415,GM4,G,,,8,350,,,,B,00000,00,,44,0,0,000000000,00000000000,0,0,0,1,0,0,0,0,0,0,0,998,0,1,5,0,6,2,3,0,0,0,1,38,58370,0,0,0,0,0,0,74,210,0,0,0,0,0,0,0,0,0,9,0,0,0,0,1,2,98,1,1,4,2,0,0,1,5,6,3,4,2,1,1
38,380031,1,2,1,14,4,1,49,12,2,1,0,98,9,7,26,7026,4,2009,999999999999,9,9,9,9,9,9,9,9,9,9,9,9,0,,,,,,,,,,,,,,,,,,,,,,,,,0,0,000000000,00000000000,0,0,0,1,0,0,0,0,0,0,0,998,0,0,0,12,6,2,12,0,0,0,1,27,55711,6,1,0,0,3,3,74,255,0,0,0,0,0,0,0,0,0,9,0,0,0,0,1,2,65,3,5,2,99,0,0,14,10,1,1,2,50,1,1
38,380031,2,2,2,14,4,1,49,12,2,1,0,38,1,20,24,20024,6,2009,1GNEV23D39S1,1,G,N,E,V,2,3,D,3,9,S,1,0,P,CHEV,TRV,UT,9,17,5066,,0,1189,,G,,F,6,220,,,18R255,,,,,,0,0,000000000,00000000000,0,0,0,1,0,0,0,0,0,0,0,998,0,0,0,12,6,2,12,0,0,0,1,38,58757,6,1,0,0,3,1,66,238,1,0,0,2,1,7,2010,4,2011,9,0,0,0,0,1,2,65,2,6,2,1,0,0,14,62,99,1,1,51,1,1
38,380032,1,1,1,15,4,8,30,35,0,1,0,38,1,48,402,48402,14,2008,4S4WX92D9844,4,S,4,W,X,9,2,D,9,8,4,4,0,P,SUBA,TRB,UT,8,17,4129,,0,1082,,G,,F,6,220,,,18R255,,,,,,0,0,000000000,00000000000,0,0,0,1,0,0,0,0,0,0,0,998,0,1,5,12,6,2,1,0,0,0,1,38,58601,1,1,0,0,2,1,71,160,0,1,0,0,1,5,2009,5,2009,1,6,0,0,0,1,2,55,1,2,4,1,0,0,1,6,1,9,4,4,1,1
38,380033,1,2,5,20,4,16,28,12,6,1,0,38,2,7,442,7442,20,2003,1D4GP44383B3,1,D,4,G,P,4,4,3,8,3,B,3,0,T,DODG,GSP,ES,3,17,,1,0,1193,CAR,F,,,6,201,,,,,3975,01,E,42,0,0,000000000,00000000000,0,0,0,1,0,0,0,0,0,0,0,998,0,0,0,11,6,2,12,0,0,0,1,48,58601,6,1,0,0,3,0,74,230,0,0,0,0,0,0,0,0,0,1,0,0,0,0,1,2,45,1,1,2,1,0,0,1,66,2,1,1,86,1,0
38,380033,2,2,1,20,4,16,28,12,6,1,0,38,1,20,481,20481,31,2004,1GCHK29U94E3,1,G,C,H,K,2,9,U,9,4,E,3,0,T,CHEV,2KH,4C,4,17,,2,1575,1435,SIL,G,,,8,364,,,,C,5631,00,,44,0,0,000000000,00000000000,0,0,0,1,0,0,0,0,0,0,0,998,0,0,0,3,6,2,12,0,0,0,1,38,58763,6,1,6,0,3,0,74,225,1,0,0,0,0,11,2011,11,2011,0,38,0,0,0,1,2,25,1,1,2,1,20,3,1,17,1,1,1,87,0,1
38,380034,1,2,1,21,4,0,42,12,2,1,0,8,1,20,421,20421,15,1999,1GNDT13W1XK1,1,G,N,D,T,1,3,W,1,X,K,1,0,P,CHEV,BZR,UT,99,17,4023,,0,1070,,G,,F,6,262,,,15R205,,,,,,0,0,000000000,00000000000,0,0,0,1,0,0,0,0,0,0,0,999,0,0,0,12,6,2,12,0,0,0,1,8,80634,6,1,0,0,3,1,67,180,0,0,0,0,0,0,0,0,0,0,0,0,0,0,1,2,65,1,1,2,2,0,0,1,10,1,1,2,50,1,1
38,380034,2,2,1,21,4,0,42,12,2,1,0,38,3,85,881,85881,66,2005,1XKDD49X75J0,1,X,K,D,D,4,9,X,7,5,J,0,1,T,KW,T80,TR,5,17,,8,2600,1600,CON,D,,,6,915,,,,,00000,00,,64,3,57,275379,57275379,3,6,3,1,0,0,0,0,0,0,0,998,0,0,0,12,6,2,2,0,0,1,1,53,99206,6,1,6,0,3,1,65,180,0,0,0,0,0,0,0,0,0,0,0,0,0,0,1,2,65,1,1,2,2,0,0,1,62,7,1,1,51,0,0
38,380035,1,2,1,22,4,20,13,12,6,1,0,38,1,37,705,37705,80,2008,JH2RC53428K1,J,H,2,R,C,5,3,4,2,8,K,1,0,M,HOND,VC7,RS,8,17,,,,,,,745,,2,,4,503,,,,,,,0,0,000000000,00000000000,0,0,0,1,0,0,0,0,0,0,0,999,0,0,0,12,6,2,12,0,0,0,1,38,58801,6,1,0,0,3,0,67,145,3,0,0,0,4,6,2009,2,2012,0,0,0,0,0,3,2,45,3,1,2,1,0,0,14,66,2,1,2,88,1,1
38,380035,2,2,1,22,4,20,13,12,6,1,0,38,1,18,2,18002,4,2003,1G4HP52K03U2,1,G,4,H,P,5,2,K,0,3,U,2,0,P,BUIC,LCF,4D,3,17,3567,,0,1122,,G,,F,6,231,,,15R215,,,,,,0,0,000000000,00000000000,0,0,0,1,0,0,0,0,0,0,0,998,0,0,0,9,6,2,12,0,0,0,1,38,58801,6,1,0,0,3,0,66,135,1,0,0,1,0,6,2011,10,2011,1,0,0,0,0,1,2,35,1,1,4,11,20,3,1,17,2,1,1,89,0,0
38,380036,1,2,1,27,4,5,47,12,2,1,0,38,1,7,482,7482,31,2010,3D7TT2CT0AG1,3,D,7,T,T,2,C,T,0,A,G,1,0,T,DODG,250,CW,10,17,,2,1690,1490,RPC,G,,,8,348,,,,C,6232,02,7,44,0,0,000000000,00000000000,0,0,0,1,0,0,0,0,0,0,0,75,0,0,0,12,6,2,12,0,0,0,1,38,58503,6,1,6,0,3,0,72,230,0,0,0,1,0,6,2010,6,2010,0,0,0,0,0,2,2,70,1,2,2,2,0,0,1,98,1,1,6,52,0,0
38,380036,2,2,1,27,4,5,47,12,2,1,0,12,1,7,402,7402,14,1998,1B4HS28Y2WF1,1,B,4,H,S,2,8,Y,2,W,F,1,0,P,DODG,DUR,UT,98,17,4349,,0,1159,,G,,F,8,318,,,15R235,,,,,,0,0,000000000,00000000000,0,0,0,1,0,0,0,0,0,0,0,999,0,0,0,12,6,2,12,0,0,0,1,12,33566,6,1,6,0,3,0,70,999,0,0,0,0,0,0,0,0,0,0,0,0,0,0,2,2,70,1,2,2,2,0,0,1,64,2,1,1,52,1,0
38,380037,1,2,2,28,4,22,2,12,6,1,0,38,1,20,481,20481,31,2001,1GCEK19T81Z2,1,G,C,E,K,1,9,T,8,1,Z,2,0,T,CHEV,SK1,4C,1,17,,2,1575,1435,SIL,G,,,8,325,,,,B,4776,00,,44,0,0,000000000,00000000000,0,0,0,1,0,0,0,0,0,0,0,998,0,0,0,12,6,2,12,0,0,0,1,38,58652,6,1,0,0,3,1,70,180,0,0,0,4,0,3,2010,6,2011,0,39,0,0,0,2,3,40,1,1,2,2,3,3,1,17,1,1,1,88,0,0
38,380037,2,2,1,28,4,22,2,12,6,1,0,38,1,20,16,20016,2,1998,1G1JF12T1W71,1,G,1,J,F,1,2,T,1,W,7,1,0,P,CHEV,CZ2,CP,98,17,2749,,0,1041,,G,,F,4,146,,,16R205,,,,,,0,0,000000000,00000000000,0,0,0,1,0,0,0,0,0,0,0,998,0,0,0,9,6,2,12,0,0,0,1,38,58501,6,1,0,0,3,1,69,175,0,0,0,2,1,11,2010,8,2011,0,0,0,0,0,1,2,25,1,1,2,2,3,3,1,66,1,1,1,89,1,0
38,380038,1,2,1,3,5,9,47,12,6,1,0,38,3,87,881,87881,66,1994,1XP5DB8X0RD3,1,X,P,5,D,B,8,X,0,R,D,3,1,T,PTRB,379,TR,94,17,,8,0,0,CON,D,,,6,893,,,,,00000,00,,64,1,57,390610,57390610,3,6,28,1,0,0,0,0,0,0,0,998,0,0,0,12,6,2,12,0,0,0,1,38,58790,6,1,6,0,3,0,72,200,0,0,0,0,0,0,0,0,0,0,0,0,0,0,2,2,50,1,2,2,1,0,0,1,66,3,2,1,86,0,0
38,380038,2,2,2,3,5,9,47,12,6,1,0,38,1,14,17,14017,4,2002,1MEFM50U22G6,1,M,E,F,M,5,0,U,2,2,G,6,0,P,MERC,SGP,4D,2,17,3379,,0,1085,,G,,F,6,182,,,16R215,,,,,,0,0,000000000,00000000000,0,0,0,1,0,0,0,0,0,0,0,998,0,0,0,82,6,2,12,0,0,0,1,38,58727,6,1,0,0,3,1,72,208,0,0,0,0,1,4,2012,4,2012,0,38,0,0,0,1,2,98,1,1,2,1,20,3,1,17,1,1,1,87,1,0
38,380039,1,2,1,4,5,18,7,12,6,1,0,38,1,12,481,12481,31,1998,1FTZX1864WKA,1,F,T,Z,X,1,8,6,4,W,K,A,0,T,FORD,F15,3C,98,17,,1,1570,1390,COF,G,,,8,281,,,,B,4480,01,E,44,0,0,000000000,00000000000,0,0,0,1,0,0,0,0,0,0,0,998,0,0,0,12,6,2,12,0,0,0,1,38,58282,6,1,0,0,3,1,67,165,0,0,0,0,0,0,0,0,0,0,38,0,0,0,1,2,40,1,1,4,1,0,0,1,17,1,1,1,88,0,1