STATE,ST_CASE,VEH_NO,VE_FORMS,NUMOCCS,DAY,MONTH,HOUR,MINUTE,HARM_EV,MAN_COLL,UNITTYPE,HIT_RUN,REG_STAT,OWNER,MAKE,MODEL,MAK_MOD,BODY_TYP,MOD_YEAR,VIN,VIN_1,VIN_2,VIN_3,VIN_4,VIN_5,VIN_6,VIN_7,VIN_8,VIN_9,VIN_10,VIN_11,VIN_12,TOW_VEH,VINTYPE,VINMAKE,VINA_MOD,VIN_BT,VINMODYR,VIN_LNGT,VIN_WGT,WGTCD_TR,WHLBS_LG,WHLBS_SH,SER_TR,FUELCODE,MCYCL_DS,CARBUR,CYLINDER,DISPLACE,MCYCL_CY,MCYCL_WT,TIRE_SZE,TON_RAT,TRK_WT,TRKWTVAR,VIN_REST,WHLDRWHL,J_KNIFE,MCARR_I1,MCARR_I2,MCARR_ID,GVWR,V_CONFIG,CARGO_BT,HAZ_INV,HAZ_PLAC,HAZ_ID,HAZ_CNO,HAZ_REL,BUS_USE,SPEC_USE,EMER_USE,TRAV_SP,UNDERIDE,ROLLOVER,ROLINLOC,IMPACT1,DEFORMED,TOWED,M_HARM,VEH_SC1,VEH_SC2,FIRE_EXP,DR_PRES,L_STATE,DR_ZIP,L_STATUS,L_TYPE,CDL_STAT,L_ENDORS,L_COMPL,L_RESTRI,DR_HGT,DR_WGT,PREV_ACC,PREV_SUS,PREV_DWI,PREV_SPD,PREV_OTH,FIRST_MO,FIRST_YR,LAST_MO,LAST_YR,SPEEDREL,DR_SF1,DR_SF2,DR_SF3,DR_SF4,VTRAFWAY,VNUM_LAN,VSPD_LIM,VALIGN,VPROFILE,VPAVETYP,VSURCOND,VTRAFCON,VTCONT_F,P_CRASH1,P_CRASH2,P_CRASH3,PCRASH4,PCRASH5,ACC_TYPE,DEATHS,DR_DRINK
38,380039,2,2,1,4,5,18,7,12,6,1,0,38,3,20,481,20481,31,2006,1GCHK29D26E1,1,G,C,H,K,2,9,D,2,6,E,1,0,T,CHEV,2KH,4C,6,17,,2,1575,1435,SIL,D,,,8,403,,,,C,5659,02,,44,0,0,000000000,00000000000,0,0,0,1,0,0,0,0,0,0,0,998,0,1,9,9,6,2,1,0,0,0,1,38,58249,6,1,0,0,3,1,68,175,0,0,0,6,0,6,2009,4,2012,0,0,0,0,0,1,2,98,1,1,4,1,0,0,1,66,2,1,1,89,1,0
38,380040,1,1,1,7,5,20,16,32,0,1,0,38,3,12,481,12481,31,2012,1FTFW1ET2CFA,1,F,T,F,W,1,E,T,2,C,F,A,0,T,FORD,F1S,CW,12,17,,2,1570,1450,COF,G,,,6,214,,,,B,5586,02,7,44,0,0,000000000,00000000000,0,0,0,1,0,0,0,0,0,0,0,998,0,1,5,12,6,2,1,0,0,0,1,38,58104,6,8,0,0,3,1,72,250,0,1,0,1,1,11,2009,4,2012,1,0,0,0,0,1,2,65,3,1,2,2,0,0,14,13,1,1,4,1,1,1
38,380041,1,1,2,9,5,12,11,43,0,1,0,38,1,49,482,49482,31,2012,5TFDW5F12CX2,5,T,F,D,W,5,F,1,2,C,X,2,0,T,TOYT,CRW,CW,12,17,,2,0,1457,TUN,F,,,8,348,,,,B,5625,00,7,44,0,0,000000000,00000000000,0,0,0,1,0,0,0,0,0,0,0,998,0,1,3,12,6,2,1,0,0,0,1,38,58367,6,1,0,0,3,0,62,150,1,0,0,0,0,7,2011,7,2011,0,0,0,0,0,2,4,70,1,1,2,1,0,0,1,12,1,1,4,6,1,0
38,380042,1,1,2,12,5,1,20,31,0,1,0,48,1,12,481,12481,31,2003,1FTNW21P23EC,1,F,T,N,W,2,1,P,2,3,E,C,0,T,FORD,F2S,CW,3,17,,2,1724,1562,SRW,D,,,8,366,,,,C,5870,04,E,44,0,0,000000000,00000000000,0,0,0,1,0,0,0,0,0,0,0,998,0,1,5,99,6,2,1,0,0,1,1,48,76689,6,1,0,0,3,1,68,160,0,0,0,1,2,8,2010,8,2011,1,36,0,0,0,1,2,65,2,2,2,1,0,0,14,12,7,3,4,7,1,1
38,380043,1,1,1,19,5,16,30,1,0,1,0,38,2,20,481,20481,31,1996,2GCEK19MXT11,2,G,C,E,K,1,9,M,X,T,1,1,0,T,CHEV,GK1,PC,96,17,,2,1555,1415,GM4,G,,,8,305,,,,B,4495,08,,44,0,0,000000000,00000000000,0,0,0,1,0,0,0,0,0,0,0,999,0,1,5,0,6,2,1,0,0,0,1,38,58763,2,1,0,0,2,9,70,200,0,2,1,0,0,12,2010,4,2011,1,58,0,0,0,1,2,98,2,6,2,1,0,0,14,13,6,4,4,7,1,1
38,380044,1,2,2,21,5,10,38,12,6,1,0,30,1,20,481,20481,31,2001,1GCJK39G81F1,1,G,C,J,K,3,9,G,8,1,F,1,2,T,CHEV,SK3,4C,1,17,,3,0,1575,SIL,G,,,8,496,,,,D,6318,00,,44,1,0,000000000,00000000000,0,0,0,1,0,0,0,0,0,0,0,998,0,0,0,12,6,2,12,0,0,0,1,30,59262,6,1,0,0,3,1,72,200,98,0,0,0,0,0,0,0,0,0,0,0,0,0,2,2,45,1,1,2,1,0,0,1,62,6,1,2,69,1,0
38,380044,2,2,1,21,5,10,38,12,6,1,0,30,3,85,881,85881,66,1981,S194377GL,S,1,9,4,3,7,7,G,L,,,,1,T,KW,,,81,9,,,,,,,,,,,,,,,,,,,1,57,2112998,572112998,3,6,3,1,0,0,0,0,0,0,0,998,0,0,0,4,2,1,12,0,0,0,1,16,83536,6,1,6,0,3,0,72,250,0,0,0,0,0,0,0,0,0,0,38,0,0,0,2,2,45,1,1,2,1,20,3,11,15,1,1,1,68,0,0
38,380045,1,1,2,22,5,19,7,32,0,1,0,38,1,2,404,2404,14,1998,1J4GZ48S7WC3,1,J,4,G,Z,4,8,S,7,W,C,3,0,T,JEEP,LSE,4W,98,17,,1,0,1059,GCK,G,,,6,242,,,,,3708,01,E,44,0,0,000000000,00000000000,0,0,0,1,0,0,0,0,0,0,0,70,0,1,3,12,6,2,1,0,0,0,1,12,32503,6,1,0,0,3,0,72,999,0,1,0,0,0,9,2011,9,2011,0,0,0,0,0,2,2,70,1,1,2,1,0,0,1,10,1,1,4,6,2,0
38,380046,1,1,3,2,6,22,8,8,0,1,0,38,3,20,422,20422,15,2008,1GNFK16338R2,1,G,N,F,K,1,6,3,3,8,R,2,0,P,CHEV,K15,UT,8,17,5743,,0,1300,,F,,F,8,323,,,17R265,,,,,,0,0,000000000,00000000000,0,0,0,1,0,0,0,0,0,0,0,63,0,0,0,62,4,3,8,0,0,0,1,38,58554,6,1,0,0,3,1,68,200,0,0,0,0,0,0,0,0,0,0,0,0,0,0,2,2,75,1,2,1,1,0,0,15,80,9,1,2,13,0,0
38,380047,1,2,1,4,6,2,0,12,2,1,0,38,1,12,402,12402,14,2011,1FMCU9DG9BKA,1,F,M,C,U,9,D,G,9,B,K,A,0,P,FORD,SPE,UT,11,17,3504,,0,1031,,F,,F,6,183,,,16R235,,,,,,0,0,000000000,00000000000,0,0,0,1,0,0,0,0,0,0,0,998,0,1,5,12,6,2,12,0,0,0,1,38,58757,6,1,0,0,3,0,73,220,1,0,0,0,1,10,2009,10,2009,0,35,0,0,0,1,2,65,2,2,2,1,0,0,6,10,1,1,2,50,1,1
38,380047,2,2,1,4,6,2,0,12,2,1,0,16,3,87,881,87881,66,1998,1XP5DB9X4WD4,1,X,P,5,D,B,9,X,4,W,D,4,1,T,PTRB,379,TR,98,17,,8,0,0,CON,D,,,6,893,,,,,00000,00,,64,1,57,2118933,572118933,3,6,2,1,0,0,0,0,0,0,0,998,0,0,0,12,6,2,12,0,0,0,1,16,83301,6,1,6,1,3,0,67,170,0,0,0,0,0,0,0,0,0,0,0,0,0,0,1,2,65,3,2,2,1,0,0,14,62,2,1,1,51,0,0
38,380048,1,2,2,4,6,7,0,12,6,1,0,38,1,37,705,37705,80,2002,JH2PC35052M3,J,H,2,P,C,3,5,0,5,2,M,3,0,M,HOND,CF4,RC,2,17,,,,,,,599,,4,,4,370,,,,,,,0,0,000000000,00000000000,0,0,0,1,0,0,0,0,0,0,0,998,0,0,0,12,4,1,12,0,0,0,1,38,58103,6,1,0,0,3,1,67,150,0,0,0,0,0,0,0,0,0,0,0,0,0,0,1,4,35,1,1,2,1,3,8,1,61,1,1,1,71,1,0
38,380048,2,2,1,4,6,7,0,12,6,1,0,38,3,82,881,82881,66,2000,1FUYSSZBXYLB,1,F,U,Y,S,S,Z,B,X,Y,L,B,1,T,FRHT,FC2,TR,0,17,,8,0,0,CON,D,,,6,774,,,,,00000,00,,64,1,57,1261799,571261799,3,6,3,1,0,0,0,0,0,0,0,998,0,0,0,3,4,3,12,0,0,0,1,27,56347,6,1,6,0,3,0,71,158,0,0,0,0,0,0,0,0,0,0,48,0,0,0,1,4,35,1,1,2,1,3,8,10,16,1,1,2,70,0,0
38,380049,1,1,1,4,6,13,55,34,0,1,0,27,1,72,709,72709,80,1952,52EL2678,5,2,E,L,2,6,7,8,,,,,0,M,HD,,,52,8,,,,,,,,,,,,,,,,,,,0,0,000000000,00000000000,0,0,0,1,0,0,0,0,0,0,0,998,0,0,0,12,2,8,34,0,0,0,1,38,58258,1,1,0,0,2,1,74,180,0,1,0,0,0,2,2012,2,2012,1,36,0,0,0,1,2,55,1,1,4,1,0,0,1,13,1,1,4,1,1,1
38,380050,1,1,1,5,6,20,38,24,0,1,0,38,1,72,706,72706,80,2002,1HD1BMY102Y0,1,H,D,1,B,M,Y,1,0,2,Y,0,0,M,HD,FLF,RS,2,17,,,,,,,1450,,2,,4,666,,,,,,,0,0,000000000,00000000000,0,0,0,1,0,0,0,0,0,0,0,998,0,0,0,12,6,2,24,0,0,0,1,38,58540,6,1,0,0,2,1,73,220,1,0,0,2,1,1,2010,12,2011,1,35,0,0,0,1,2,40,3,1,2,1,0,0,6,9,2,9,4,2,1,1
38,380051,1,2,1,16,6,13,50,12,6,1,0,55,1,37,706,37706,80,2007,JH2SC51437M5,J,H,2,S,C,5,1,4,3,7,M,5,0,M,HOND,13A,RC,7,17,,,,,,,1261,,4,,4,659,,,,,,,0,0,000000000,00000000000,0,0,0,1,0,0,0,0,0,0,0,998,0,0,0,12,6,2,12,0,0,0,1,55,53072,6,1,0,0,3,0,69,190,0,0,0,3,0,9,2009,7,2011,0,0,0,0,0,1,2,65,1,2,2,1,0,0,1,62,1,1,1,74,1,0
38,380051,2,2,3,16,6,13,50,12,6,1,0,95,1,7,482,7482,31,2010,1D7RV1GPXAS2,1,D,7,R,V,1,G,P,X,A,S,2,1,T,DODG,Q15,CW,10,17,,2,0,1400,RPC,G,,,8,287,,,,B,5200,00,7,44,1,0,000000000,00000000000,0,0,0,1,0,0,0,0,0,0,0,998,0,0,0,8,2,1,12,0,0,0,1,95,0,6,1,99,0,9,9,71,999,99,99,99,99,99,99,9999,99,9999,0,0,0,0,0,1,2,65,1,2,2,1,0,0,10,16,1,1,2,74,0,0
38,380052,1,1,2,17,6,3,30,1,0,1,0,38,2,18,7,18007,4,1999,2G4WS52M9X14,2,G,4,W,S,5,2,M,9,X,1,4,0,P,BUIC,CCU,4D,99,17,3353,,0,1090,,G,,F,6,191,,,15R205,,,,,,0,0,000000000,00000000000,0,0,0,1,0,0,0,0,0,0,0,998,0,1,5,0,6,2,1,0,0,0,1,47,37321,6,1,0,0,3,0,70,180,0,0,0,0,0,0,0,0,0,1,0,0,0,0,1,2,55,1,1,4,1,0,0,1,6,1,3,4,7,2,1
38,380053,1,2,1,21,6,17,30,12,6,1,0,38,1,12,481,12481,31,2010,1FTNF2B53AEA,1,F,T,N,F,2,B,5,3,A,E,A,0,T,FORD,F2S,PK,10,17,,2,0,1370,SRW,G,,,8,329,,,,B,6048,00,E,44,0,0,000000000,00000000000,0,0,0,1,0,0,0,0,0,0,0,998,0,0,0,11,2,1,12,0,0,0,1,38,58210,6,1,0,0,3,0,75,230,0,0,0,0,1,4,2010,4,2010,0,0,0,0,0,1,2,15,1,1,4,2,0,0,11,15,1,1,2,72,0,0
38,380053,2,2,1,21,6,17,30,12,6,1,0,38,2,98,734,98734,90,2005,2BVEGHF175V0,2,B,V,E,G,H,F,1,7,5,V,0,0,U,,,,5,17,,,,,,,,,,,,,,,,,,,0,0,000000000,00000000000,0,0,0,1,0,0,0,0,0,0,0,998,0,1,1,3,2,3,1,0,0,0,1,38,58210,6,1,0,0,3,0,66,135,0,0,0,0,0,0,0,0,0,0,26,35,0,0,1,2,15,1,1,4,2,0,0,1,60,1,1,1,73,1,0
38,380054,1,1,2,23,6,4,30,34,0,1,0,38,2,14,401,14401,14,1999,4M2ZU55P6XUJ,4,M,2,Z,U,5,5,P,6,X,U,J,0,P,MERC,MOU,UT,99,17,4348,,0,1120,,G,,F,8,302,,,15R235,,,,,,0,0,000000000,00000000000,0,0,0,1,0,0,0,0,0,0,0,998,0,1,5,99,6,2,1,0,0,0,1,38,58370,6,1,0,0,3,0,72,155,0,0,0,5,0,11,2009,5,2012,0,0,0,0,0,1,2,65,2,2,1,1,40,3,14,12,7,3,4,6,1,1
38,380055,1,2,3,24,6,12,7,12,2,1,0,8,2,52,34,52034,4,2002,4A3AA46G42E1,4,A,3,A,A,4,6,G,4,2,E,1,0,P,MITS,UEL,4D,2,17,3075,,0,1037,,G,,F,4,143,,,15R195,,,,,,0,0,000000000,00000000000,0,0,0,1,0,0,0,0,0,0,0,999,0,0,0,12,6,2,12,0,0,0,1,8,80526,6,2,0,0,3,0,73,230,0,0,0,0,0,0,0,0,0,0,58,0,0,0,2,2,70,1,1,2,1,0,0,1,10,1,1,2,50,3,0
38,380055,2,2,1,24,6,12,7,12,2,1,0,38,3,85,881,85881,66,2012,1XKDD40X3CR3,1,X,K,D,D,4,0,X,3,C,R,3,1,T,KW,T80,TR,12,17,,8,2600,1600,CON,D,,,6,915,,,,,00000,00,,64,1,57,57794,5757794,3,6,2,1,0,0,0,0,0,0,0,998,0,0,0,12,6,2,12,0,0,0,1,16,83277,6,1,6,1,3,1,72,240,0,0,0,0,0,0,0,0,0,0,0,0,0,0,2,2,70,1,1,2,1,0,0,1,62,1,1,1,51,0,0
38,380056,1,3,1,12,6,20,0,12,6,1,0,38,2,49,40,49040,4,2003,4T1BE32K73U7,4,T,1,B,E,3,2,K,7,3,U,7,0,P,TOYT,UXS,4D,3,17,2993,,0,1071,,G,,F,4,144,,,15R205,,,,,,0,0,000000000,00000000000,0,0,0,1,0,0,0,0,0,0,0,998,0,0,0,12,4,1,12,0,0,0,1,38,58845,6,1,0,0,3,0,63,120,0,0,0,0,0,0,0,0,0,0,38,0,0,0,1,2,35,1,1,1,1,21,3,1,17,1,1,1,88,0,0
38,380056,2,3,1,12,6,20,0,12,6,1,0,38,2,73,706,73706,80,2010,JKAZRCD19AA0,J,K,A,Z,R,C,D,1,9,A,A,0,0,M,KAWK,BZD,RC,10,17,,,,,,,1043,,4,,4,0000,,,,,,,0,0,000000000,00000000000,0,0,0,1,0,0,0,0,0,0,0,998,0,0,0,9,6,2,12,0,0,0,1,38,58801,1,1,1,0,2,2,70,195,1,10,1,4,3,9,2010,6,2012,0,89,74,0,0,1,4,35,1,1,1,1,0,0,1,66,1,1,1,89,1,0
38,380056,3,3,1,12,6,20,0,12,6,1,0,27,2,22,20,22020,4,2004,2G2WS5221413,2,G,2,W,S,5,2,2,1,4,1,3,0,P,PONT,GP2,4D,4,17,3484,,0,1105,,G,,F,6,231,,,16R225,,,,,,0,0,000000000,00000000000,0,0,0,1,0,0,0,0,0,0,0,998,0,0,0,9,2,1,12,0,0,0,1,38,58801,6,1,0,0,3,0,61,180,0,0,0,0,0,0,0,0,0,0,0,0,0,0,1,4,35,1,1,1,1,0,0,1,61,1,1,1,98,0,0
38,380057,1,1,1,13,6,20,42,1,0,1,0,0,0,99,739,99739,90,9999,999999999999,9,9,9,9,9,9,9,9,9,9,9,9,0,,,,,,,,,,,,,,,,,,,,,,,,,0,0,000000000,00000000000,0,0,0,1,0,0,0,0,0,0,0,999,0,9,5,0,9,9,1,0,0,0,1,38,58757,0,0,0,0,0,0,999,999,0,0,0,0,0,0,0,0,0,9,99,99,99,99,1,2,25,1,1,2,99,0,0,1,13,99,1,4,1,1,1
38,380058,1,2,1,27,6,11,53,12,6,1,0,55,3,12,481,12481,31,2005,1FTPX14565NB,1,F,T,P,X,1,4,5,6,5,N,B,0,T,FORD,F15,4C,5,17,,2,1450,1260,COF,G,,,8,330,,,,B,5363,05,U,44,0,0,000000000,00000000000,0,0,0,1,0,0,0,0,0,0,0,998,0,0,0,12,6,2,12,0,0,0,1,27,55812,6,1,0,0,3,0,74,205,0,0,0,0,0,0,0,0,0,0,0,0,0,0,2,2,55,1,1,2,1,0,0,1,66,8,1,2,88,0,0
38,380058,2,2,2,27,6,11,53,12,6,1,0,38,1,20,23,20023,6,2006,3GNDA23P96S5,3,G,N,D,A,2,3,P,9,6,S,5,0,P,CHEV,HHR,SV,6,17,3155,,0,1035,,G,,F,4,146,,,16R215,,,,,,0,0,000000000,00000000000,0,0,0,1,0,0,0,0,0,0,0,998,0,0,0,9,6,2,12,32,0,0,1,38,58701,6,1,0,0,3,1,63,200,0,0,0,0,0,0,0,0,0,0,38,0,0,0,1,2,30,1,1,2,1,20,3,1,17,1,1,1,89,2,0
38,380059,1,1,1,1,7,23,10,11,0,1,0,38,2,12,401,12401,14,2000,1FMDU85P9YZA,1,F,M,D,U,8,5,P,9,Y,Z,A,0,P,FORD,EPR,UT,0,17,4321,,0,1116,,G,,F,8,302,,,16R255,,,,,,0,0,000000000,00000000000,0,0,0,1,0,0,0,0,0,0,0,998,0,1,5,12,6,2,1,0,0,0,1,38,58368,6,1,0,0,3,0,66,160,0,0,0,0,0,0,0,0,0,0,83,0,0,0,1,2,55,1,1,4,1,0,0,1,87,6,4,4,98,1,0
38,380060,1,2,1,6,7,19,16,12,2,1,0,38,2,20,481,20481,31,1994,2GCEK19K5R11,2,G,C,E,K,1,9,K,5,R,1,1,0,T,CHEV,GK1,PC,94,17,,2,1555,1415,GM4,G,,,8,350,,,,B,4032,00,,44,0,0,000000000,00000000000,0,0,0,1,0,0,0,0,0,0,0,998,0,0,0,12,6,2,12,0,0,0,1,38,58401,6,1,0,0,3,0,72,180,1,1,1,0,2,12,2009,2,2011,0,50,51,89,0,2,2,75,1,1,1,1,0,0,1,54,6,1,2,50,1,1
38,380060,2,2,3,6,7,19,16,12,2,1,0,38,1,48,401,48401,14,2009,JF2SH63629H7,J,F,2,S,H,6,3,6,2,9,H,7,0,P,SUBA,FOR,UT,9,17,3300,,0,1030,,G,,F,4,150,,,000000,,,,,,0,0,000000000,00000000000,0,0,0,1,0,0,0,0,0,0,0,998,0,0,0,12,6,2,12,0,0,0,1,38,58078,6,1,0,0,3,1,71,205,0,0,0,1,0,2,2010,2,2010,0,0,0,0,0,2,2,75,1,1,1,1,0,0,1,54,6,1,1,51,3,0
38,380061,1,1,3,8,7,1,10,8,0,1,0,38,2,12,481,12481,31,2006,1FTSW21P06ED,1,F,T,S,W,2,1,P,0,6,E,D,0,T,FORD,F2S,CW,6,17,,2,1720,1560,SRW,D,,,8,366,,,,C,6395,01,E,44,0,0,000000000,00000000000,0,0,0,1,0,0,0,0,0,0,0,998,0,0,0,12,6,2,8,0,0,0,1,38,58762,6,1,0,0,3,0,67,185,0,0,0,0,0,0,0,0,0,1,0,0,0,0,1,2,15,3,1,4,1,0,0,14,6,2,4,4,7,0,1
38,380062,1,1,2,12,7,14,53,1,0,1,0,27,3,20,481,20481,31,2000,2GCEK19T1Y12,2,G,C,E,K,1,9,T,1,Y,1,2,0,T,CHEV,SK1,3C,0,17,,2,1575,1435,SIL,G,,,8,325,,,,B,4621,02,,44,0,0,000000000,00000000000,0,0,0,1,0,0,0,0,0,0,0,998,0,1,5,0,6,2,1,0,0,0,1,27,56364,6,1,6,0,3,1,69,180,0,0,0,0,0,0,0,0,0,1,31,0,0,0,1,2,55,1,1,2,1,50,8,13,6,1,4,4,98,1,0
38,380063,1,1,1,12,7,16,33,24,0,1,0,38,1,72,706,72706,80,2011,1HD1KBM18BB6,1,H,D,1,K,B,M,1,8,B,B,6,0,M,HD,FHX,RS,11,17,,,,,,,1690,,2,,4,785,,,,,,,0,0,000000000,00000000000,0,0,0,1,0,0,0,0,0,0,0,998,0,0,0,12,2,3,24,0,0,0,1,38,58504,6,1,0,0,3,0,71,180,0,0,0,0,0,0,0,0,0,0,0,0,0,0,2,2,40,1,1,1,1,0,0,1,8,1,1,4,6,1,0
38,380064,1,1,2,14,7,4,33,59,0,1,0,8,3,19,20,19020,6,2012,3GYFNDE32CS5,3,G,Y,F,N,D,E,3,2,C,S,5,0,P,CADI,SRX,UT,12,17,4442,,0,1105,,F,,F,6,220,,,18R235,,,,,,0,0,000000000,00000000000,0,0,0,1,0,0,0,0,0,0,0,999,0,1,5,12,6,2,1,0,0,0,1,26,48187,6,1,6,0,3,0,72,190,0,0,0,0,0,0,0,0,0,0,39,0,0,0,1,2,65,1,1,2,1,20,3,1,14,1,1,4,14,2,1
38,380065,1,1,3,20,7,21,25,1,0,1,0,38,2,23,471,23471,30,1997,1GTCT19W7V85,1,G,T,C,T,1,9,W,7,V,8,5,0,T,GMC,SON,PC,97,17,,1,0,1229,SON,G,,,6,262,,,,B,00000,00,M,44,0,0,000000000,00000000000,0,0,0,1,0,0,0,0,0,0,0,998,0,1,5,0,6,2,1,0,0,0,1,41,58504,2,1,0,0,2,0,70,185,0,2,0,0,0,10,2010,10,2010,1,83,0,0,0,1,2,55,1,1,4,1,0,0,1,87,6,2,4,8,1,1
38,380066,1,1,2,23,7,21,10,1,0,1,0,22,1,22,9,22009,3,1999,2G2FV22G3X22,2,G,2,F,V,2,2,G,3,X,2,2,0,P,PONT,FTA,2H,99,17,3455,,0,1011,,G,,F,8,350,,,16R245,,,,,,0,0,000000000,00000000000,0,0,0,1,0,0,0,0,0,0,0,999,0,1,5,0,6,2,1,0,0,0,1,22,70515,0,0,0,0,0,0,69,125,0,0,0,0,0,0,0,0,0,1,0,0,0,0,2,2,65,1,2,2,1,0,0,1,9,7,3,4,2,1,1
38,380067,1,1,1,28,7,18,0,1,0,1,0,38,1,20,481,20481,31,1990,2GCFK29KXL12,2,G,C,F,K,2,9,K,X,L,1,2,0,T,CHEV,GK2,PC,90,17,,2,0,1555,GM4,G,,,8,350,,,,C,4533,11,,44,0,0,000000000,00000000000,0,0,0,1,0,0,0,0,0,0,0,999,0,1,5,0,6,2,1,0,0,0,1,38,58249,6,1,0,0,3,0,68,160,0,0,0,0,0,0,0,0,0,1,58,0,0,0,1,2,55,2,1,4,1,0,0,14,12,7,3,4,7,1,1
38,380068,1,1,2,29,7,22,50,1,0,1,0,38,3,12,401,12401,14,1997,1FMDU35P5VUB,1,F,M,D,U,3,5,P,5,V,U,B,0,P,FORD,EPR,UT,97,17,4166,,0,1115,,G,,F,8,302,,,15R225,,,,,,0,0,000000000,00000000000,0,0,0,1,0,0,0,0,0,0,0,998,0,1,5,0,6,2,1,0,0,0,1,38,58501,6,1,0,0,3,1,62,135,1,0,0,3,0,9,2009,1,2012,0,0,0,0,0,1,2,45,1,1,2,1,20,3,1,14,2,1,4,98,1,0
38,380069,1,1,2,31,7,1,30,35,0,1,0,30,1,7,402,7402,14,1999,1B4HS28Y0XF7,1,B,4,H,S,2,8,Y,0,X,F,7,0,P,DODG,DUR,UT,99,17,4397,,0,1159,,G,,F,8,318,,,15R235,,,,,,0,0,000000000,00000000000,0,0,0,1,0,0,0,0,0,0,0,998,0,1,5,12,6,2,1,0,0,0,1,6,58718,1,1,1,0,2,0,72,260,0,1,0,0,1,9,2011,9,2011,1,0,0,0,0,1,2,55,3,2,2,1,0,0,14,13,1,1,4,1,1,1
38,380070,1,1,1,2,8,22,45,1,0,1,0,38,1,20,401,20401,14,2000,1GNDT13W8Y21,1,G,N,D,T,1,3,W,8,Y,2,1,0,P,CHEV,BZR,UT,0,17,4049,,0,1070,,G,,F,6,262,,,15R205,,,,,,0,0,000000000,00000000000,0,0,0,1,0,0,0,0,0,0,0,998,0,1,5,0,6,2,1,0,0,0,1,38,58332,6,1,0,0,3,0,69,160,0,0,0,1,0,1,2012,1,2012,1,0,0,0,0,1,2,55,2,1,2,1,0,0,14,12,1,1,4,6,1,1
38,380071,1,1,1,4,8,13,31,30,0,1,0,38,2,53,706,53706,80,1997,JS1VT51A0V21,J,S,1,V,T,5,1,A,0,V,2,1,0,M,SUZI,TL1,RC,97,17,,,,,,,996,,2,,4,392,,,,,,,0,0,000000000,00000000000,0,0,0,1,0,0,0,0,0,0,0,998,0,0,0,12,6,2,30,0,0,0,1,38,58103,1,7,0,0,2,1,72,280,0,6,0,0,0,4,2010,7,2011,1,36,0,0,0,1,2,25,1,1,2,1,0,0,1,6,3,2,4,7,1,0
38,380072,1,1,1,4,8,17,51,1,0,1,0,95,1,76,706,76706,80,2009,JYAVP29NX9A0,J,Y,A,V,P,2,9,N,X,9,A,0,0,M,YAMA,V7C,RS,9,17,,,,,,,1679,,4,,4,683,,,,,,,0,0,000000000,00000000000,0,0,0,1,0,0,0,0,0,0,0,998,0,0,0,0,4,3,1,0,0,0,1,95,0,6,1,0,0,2,9,999,999,99,99,99,99,99,99,9999,99,9999,0,77,0,0,0,2,2,75,1,1,1,1,0,0,1,8,2,1,4,1,1,0
38,380073,1,1,1,4,8,23,35,1,0,1,0,38,1,72,706,72706,80,1992,1HD1BKL18NY0,1,H,D,1,B,K,L,1,8,N,Y,0,0,M,HD,XTC,RS,92,17,,,,,,,1340,,2,,4,710,,,,,,,0,0,000000000,00000000000,0,0,0,1,0,0,0,0,0,0,0,998,0,0,0,0,2,3,1,0,0,0,1,38,58492,6,1,0,0,3,0,71,190,0,0,0,2,0,7,2011,9,2011,0,0,0,0,0,1,2,55,3,1,2,1,0,0,14,12,1,1,4,6,1,1
38,380074,1,2,1,6,8,9,15,12,1,1,0,38,2,85,881,85881,66,2004,1XKDP40X64J0,1,X,K,D,P,4,0,X,6,4,J,0,2,T,KW,T80,TR,4,17,,8,2600,1600,CON,D,,,6,915,,,,,00000,00,,,1,57,646428,57646428,3,7,8,1,0,0,0,0,0,0,0,998,0,1,5,12,6,2,1,0,0,0,1,38,58631,6,1,6,1,3,0,67,220,0,0,0,0,0,0,0,0,0,0,85,0,0,0,2,2,75,1,1,1,1,0,0,1,52,3,2,1,28,0,0
38,380074,2,2,1,6,8,9,15,12,1,1,0,38,2,12,481,12481,31,2004,1FTSW31P84EC,1,F,T,S,W,3,1,P,8,4,E,C,0,T,FORD,F3S,CW,4,17,,2,1724,1562,SRW,D,,,8,366,,,,D,6267,00,E,44,0,0,000000000,00000000000,0,0,0,1,0,0,0,0,0,0,0,998,0,1,5,6,6,2,1,0,0,0,1,38,58413,6,1,0,0,3,1,71,240,0,2,0,0,0,8,2010,3,2011,0,0,0,0,0,2,2,75,3,1,1,1,0,0,2,18,1,1,2,29,1,0
38,380075,1,2,1,6,8,16,23,12,2,1,0,38,1,12,481,12481,31,1995,1FTEX14H0SKB,1,F,T,E,X,1,4,H,0,S,K,B,0,T,FORD,F15,PC,95,17,,2,1550,1390,COF,G,,,8,351,,,,B,00000,00,M,44,0,0,000000000,00000000000,0,0,0,1,0,0,0,0,0,0,0,998,0,0,0,12,4,3,12,0,0,0,1,38,58492,1,1,1,0,2,3,69,230,0,10,1,0,1,6,2010,5,2012,0,0,0,0,0,1,2,55,1,3,2,1,0,0,1,62,7,1,1,51,0,1
38,380075,2,2,1,6,8,16,23,12,2,1,0,38,1,76,706,76706,80,2008,JYARN17E18A0,J,Y,A,R,N,1,7,E,1,8,A,0,0,M,YAMA,F1Z,RC,8,17,,,,,,,998,,4,,4,439,,,,,,,0,0,000000000,00000000000,0,0,0,1,0,0,0,0,0,0,0,998,0,0,0,12,6,2,12,0,0,0,1,38,58072,6,1,0,0,3,0,71,200,0,0,0,0,0,0,0,0,0,0,0,0,0,0,1,2,55,1,3,2,1,0,0,1,10,1,1,2,50,1,1