STATE,ST_CASE,VEH_NO,VE_FORMS,NUMOCCS,DAY,MONTH,HOUR,MINUTE,HARM_EV,MAN_COLL,UNITTYPE,HIT_RUN,REG_STAT,OWNER,MAKE,MODEL,MAK_MOD,BODY_TYP,MOD_YEAR,VIN,VIN_1,VIN_2,VIN_3,VIN_4,VIN_5,VIN_6,VIN_7,VIN_8,VIN_9,VIN_10,VIN_11,VIN_12,TOW_VEH,VINTYPE,VINMAKE,VINA_MOD,VIN_BT,VINMODYR,VIN_LNGT,VIN_WGT,WGTCD_TR,WHLBS_LG,WHLBS_SH,SER_TR,FUELCODE,MCYCL_DS,CARBUR,CYLINDER,DISPLACE,MCYCL_CY,MCYCL_WT,TIRE_SZE,TON_RAT,TRK_WT,TRKWTVAR,VIN_REST,WHLDRWHL,J_KNIFE,MCARR_I1,MCARR_I2,MCARR_ID,GVWR,V_CONFIG,CARGO_BT,HAZ_INV,HAZ_PLAC,HAZ_ID,HAZ_CNO,HAZ_REL,BUS_USE,SPEC_USE,EMER_USE,TRAV_SP,UNDERIDE,ROLLOVER,ROLINLOC,IMPACT1,DEFORMED,TOWED,M_HARM,VEH_SC1,VEH_SC2,FIRE_EXP,DR_PRES,L_STATE,DR_ZIP,L_STATUS,L_TYPE,CDL_STAT,L_ENDORS,L_COMPL,L_RESTRI,DR_HGT,DR_WGT,PREV_ACC,PREV_SUS,PREV_DWI,PREV_SPD,PREV_OTH,FIRST_MO,FIRST_YR,LAST_MO,LAST_YR,SPEEDREL,DR_SF1,DR_SF2,DR_SF3,DR_SF4,VTRAFWAY,VNUM_LAN,VSPD_LIM,VALIGN,VPROFILE,VPAVETYP,VSURCOND,VTRAFCON,VTCONT_F,P_CRASH1,P_CRASH2,P_CRASH3,PCRASH4,PCRASH5,ACC_TYPE,DEATHS,DR_DRINK
38,380076,1,1,1,6,8,5,35,33,0,1,0,38,1,12,481,12481,31,1996,1FTEF14H3TLB,1,F,T,E,F,1,4,H,3,T,L,B,0,T,FORD,F15,PK,96,17,,2,1330,1170,COF,G,,,8,351,,,,B,4065,00,M,44,0,0,000000000,00000000000,0,0,0,1,0,0,0,0,0,0,0,998,0,1,6,12,6,2,42,0,0,0,1,38,58237,6,1,0,0,3,1,70,180,0,0,0,0,0,0,0,0,0,0,0,0,0,0,1,2,25,1,1,2,1,0,0,1,10,1,1,4,6,1,0
38,380077,1,2,1,9,8,5,43,12,6,1,0,13,1,37,706,37706,80,2007,1HFSC52687A4,1,H,F,S,C,5,2,6,8,7,A,4,0,M,HOND,13R,RS,7,17,,,,,,,1312,,2,,4,669,,,,,,,0,0,000000000,00000000000,0,0,0,1,0,0,0,0,0,0,0,998,0,0,0,12,6,2,12,0,0,0,1,13,31503,6,1,6,0,3,0,72,285,98,0,0,0,0,0,0,0,0,0,0,0,0,0,5,2,65,1,5,2,1,0,0,1,62,1,1,1,69,1,0
38,380077,2,2,1,9,8,5,43,12,6,1,0,48,2,49,40,49040,4,2000,JT2BG22K0Y04,J,T,2,B,G,2,2,K,0,Y,0,4,0,P,TOYT,CXL,4D,0,17,3120,,0,1051,,G,,F,4,132,,,14R195,,,,,,0,0,000000000,00000000000,0,0,0,1,0,0,0,0,0,0,0,998,0,0,0,4,6,8,12,0,0,0,1,37,27610,6,1,0,0,3,0,67,999,0,0,0,0,0,0,0,0,0,0,0,0,0,0,5,2,65,1,5,2,1,0,0,11,15,1,1,2,68,0,0
38,380078,1,2,1,9,8,23,23,12,2,1,0,38,3,20,481,20481,31,2006,3GCEK14V76G1,3,G,C,E,K,1,4,V,7,6,G,1,0,T,CHEV,SK1,PK,6,17,,2,1330,1190,SIL,G,,,8,293,,,,B,4508,00,,44,0,0,000000000,00000000000,0,0,0,1,0,0,0,0,0,0,0,998,0,0,0,12,6,2,12,0,0,0,1,38,58623,6,1,0,0,3,0,73,200,0,0,0,2,0,6,2010,2,2011,0,0,0,0,0,1,2,65,1,1,2,1,0,0,1,10,1,1,2,50,0,0
38,380078,2,2,1,9,8,23,23,12,2,1,0,38,2,22,20,22020,4,2003,1G2WK52J43F1,1,G,2,W,K,5,2,J,4,3,F,1,0,P,PONT,GFS,4D,3,17,3384,,0,1105,,G,,F,6,191,,,15R205,,,,,,0,0,000000000,00000000000,0,0,0,1,0,0,0,0,0,0,0,998,0,0,0,12,6,2,12,0,0,0,1,38,58652,6,1,0,0,3,1,71,278,0,0,0,0,0,0,0,0,0,0,0,0,0,0,1,2,65,1,1,2,1,0,0,1,62,6,1,1,51,1,0
38,380079,1,1,2,11,8,0,12,1,0,1,0,38,1,41,37,41037,4,2001,1YVGF22D9152,1,Y,V,G,F,2,2,D,9,1,5,2,0,P,MAZD,U6X,4D,1,17,3023,,0,1051,,G,,F,6,152,,,15R205,,,,,,0,0,000000000,00000000000,0,0,0,1,0,0,0,0,0,0,0,998,0,1,5,0,6,2,1,0,0,0,1,38,58554,1,1,0,0,2,0,73,195,0,2,2,0,0,6,2012,8,2012,0,0,0,0,0,1,2,55,1,1,2,1,0,0,1,9,4,4,4,2,1,1
38,380080,1,1,1,13,8,7,20,10,0,1,0,30,3,85,881,85881,66,2006,1XKWDB0X56R1,1,X,K,W,D,B,0,X,5,6,R,1,1,T,KW,W90,TR,6,17,,8,2850,1600,CON,D,,,6,893,,,,,00000,00,,64,1,57,1408773,571408773,3,6,28,1,0,0,0,0,0,0,0,999,0,0,0,2,6,2,10,0,0,0,1,38,58770,6,1,6,0,3,1,72,235,1,0,0,0,1,4,2010,4,2010,0,0,0,0,0,1,2,98,2,2,4,1,65,8,14,98,1,1,1,15,1,0
38,380081,1,1,3,16,8,21,5,1,0,1,0,38,2,12,481,12481,31,2001,1FTNX21LX1EC,1,F,T,N,X,2,1,L,X,1,E,C,0,T,FORD,F2S,4C,1,17,,2,1580,1418,SRW,G,,,8,330,,,,C,5635,07,U,44,0,0,000000000,00000000000,0,0,0,1,0,0,0,0,0,0,0,998,0,1,2,0,6,2,1,0,0,0,1,38,58701,0,0,0,0,0,0,999,999,0,0,0,0,0,0,0,0,0,0,0,0,0,0,1,2,55,1,1,4,1,0,0,1,9,6,4,4,2,1,1
38,380082,1,2,1,22,8,16,16,12,6,1,0,38,1,7,482,7482,31,2004,1D7HU18D44S5,1,D,7,H,U,1,8,D,4,4,S,5,0,T,DODG,SQ1,CW,4,17,,2,1605,1405,RPC,G,,,8,345,,,,B,5043,02,E,44,0,0,000000000,00000000000,0,0,0,1,0,0,0,0,0,0,0,998,0,1,5,12,6,2,12,0,0,0,1,19,58705,6,1,0,0,3,1,66,144,0,0,0,4,0,3,2010,5,2012,0,0,0,0,0,2,2,70,1,1,2,1,0,0,1,66,1,1,1,69,0,0
38,380082,2,2,1,22,8,16,16,12,6,1,0,38,1,20,16,20016,2,2003,1G1JC12F8372,1,G,1,J,C,1,2,F,8,3,7,2,0,P,CHEV,CAV,CP,3,17,2617,,0,1041,,G,,F,4,134,,,14R195,,,,,,0,0,000000000,00000000000,0,0,0,1,0,0,0,0,0,0,0,998,0,0,0,3,6,2,12,0,0,0,1,38,58703,6,1,6,0,3,0,70,230,1,0,0,0,2,4,2010,5,2011,0,0,0,0,0,1,2,98,1,1,2,1,8,8,11,15,1,1,1,68,1,0
38,380083,1,1,1,23,8,1,50,1,0,1,0,38,1,20,481,20481,31,1995,2GCEK19K4S13,2,G,C,E,K,1,9,K,4,S,1,3,0,T,CHEV,GK1,PC,95,17,,2,1555,1415,GM4,G,,,8,350,,,,B,4514,00,,44,0,0,000000000,00000000000,0,0,0,1,0,0,0,0,0,0,0,998,0,1,5,0,6,2,1,0,0,0,1,38,58341,6,1,6,0,3,1,72,167,1,2,0,0,0,1,2011,5,2012,0,0,0,0,0,1,2,55,2,1,4,1,0,0,14,13,1,1,4,1,1,1
38,380084,1,1,1,26,8,2,0,1,0,1,0,38,1,7,482,7482,31,2006,1D7KS28C56J2,1,D,7,K,S,2,8,C,5,6,J,2,0,T,DODG,SQ2,CW,6,17,,2,1605,1405,RPC,D,,,6,359,,,,C,6218,01,E,44,0,0,000000000,00000000000,0,0,0,1,0,0,0,0,0,0,0,998,0,1,5,0,6,2,1,0,0,0,1,38,58429,6,1,6,0,3,0,69,200,0,0,0,1,0,9,2009,9,2009,1,0,0,0,0,1,2,55,1,1,2,1,0,0,1,12,6,1,4,6,1,1
38,380085,1,2,1,27,8,1,19,12,1,1,0,38,1,23,481,23481,31,2009,1GTHK636X9F1,1,G,T,H,K,6,3,6,X,9,F,1,0,T,GMC,4NK,CW,9,17,,2,1670,1530,SIE,D,,,8,403,,,,C,5960,02,E,44,0,0,000000000,00000000000,0,0,0,1,0,0,0,0,0,0,0,999,0,0,0,12,6,2,12,0,0,0,1,38,58852,6,1,6,0,3,0,71,195,0,0,0,1,0,1,2010,1,2010,0,0,0,0,0,2,2,50,2,1,2,1,0,0,14,10,1,1,2,33,1,1
38,380085,2,2,1,27,8,1,19,12,1,1,0,16,3,82,881,82881,66,2004,1FUJALAV34DM,1,F,U,J,A,L,A,V,3,4,D,M,1,T,FRHT,FLD,TR,4,17,,8,0,0,CON,D,,,6,893,,,,,00000,00,,64,1,57,1432084,571432084,3,6,2,1,0,0,0,0,0,0,0,998,0,0,0,6,4,1,12,0,0,0,1,38,58601,6,1,6,1,3,0,73,195,0,0,0,0,0,0,0,0,0,0,0,0,0,0,2,2,50,2,1,2,1,0,0,14,60,1,1,1,33,0,0
38,380086,1,1,2,28,8,19,20,1,0,1,0,38,1,72,706,72706,80,2006,1HD1KBW156Y6,1,H,D,1,K,B,W,1,5,6,Y,6,0,M,HD,FHI,RS,6,17,,,,,,,1450,,2,,4,745,,,,,,,0,0,000000000,00000000000,0,0,0,1,0,0,0,0,0,0,0,998,0,0,0,0,6,2,1,0,0,0,1,38,58730,6,1,0,0,3,0,67,175,0,2,0,5,0,3,2011,8,2012,1,0,0,0,0,1,2,65,3,1,2,1,0,0,14,13,1,1,4,1,1,1
38,380087,1,1,1,30,8,2,30,1,0,1,0,8,1,7,482,7482,31,2008,3D7KS28A48G1,3,D,7,K,S,2,8,A,4,8,G,1,0,T,DODG,SQ2,CW,8,17,,2,1605,1405,RPC,D,,,6,408,,,,C,6034,00,E,44,0,0,000000000,00000000000,0,0,0,1,0,0,0,0,0,0,0,999,0,1,5,0,6,2,1,0,0,0,1,8,80620,6,1,0,0,3,0,69,220,0,2,0,0,0,1,2011,6,2011,0,0,0,0,0,1,2,65,2,2,2,1,0,0,14,13,6,1,4,6,1,1
38,380088,1,1,1,2,9,6,50,35,0,1,0,38,1,22,20,22020,4,2002,1G2WK52J32F2,1,G,2,W,K,5,2,J,3,2,F,2,0,P,PONT,GFS,4D,2,17,3384,,0,1105,,G,,F,6,191,,,15R205,,,,,,0,0,000000000,00000000000,0,0,0,1,0,0,0,0,0,0,0,998,0,1,5,12,6,2,1,0,0,0,1,38,58341,6,1,0,0,3,1,69,200,1,0,0,0,0,12,2010,12,2010,0,58,0,0,0,1,2,65,1,1,2,1,0,0,1,9,7,1,4,1,1,1
38,380089,1,1,2,5,9,7,50,35,0,1,0,38,1,20,481,20481,31,1996,2GCEK19M8T11,2,G,C,E,K,1,9,M,8,T,1,1,0,T,CHEV,GK1,PC,96,17,,2,1555,1415,GM4,G,,,8,305,,,,B,4495,08,,44,0,0,000000000,00000000000,0,0,0,1,0,0,0,0,0,0,0,998,0,0,0,12,6,2,35,0,0,0,1,38,58233,6,1,6,0,3,1,69,230,1,0,0,0,1,2,2010,2,2010,0,0,0,0,0,1,2,55,1,1,2,1,0,0,1,13,6,1,4,1,1,0
38,380090,1,1,1,5,9,16,38,1,0,1,0,48,3,86,881,86881,66,2011,1M1AN09Y1BM0,1,M,1,A,N,0,9,Y,1,B,M,0,1,T,MACK,CHU,TR,11,17,,8,0,0,600,D,,,6,783,,,,,00000,00,,64,1,57,1315580,571315580,3,6,2,1,0,0,0,0,0,0,0,998,0,2,1,0,6,2,1,0,0,0,1,48,79936,6,1,6,1,3,1,72,230,0,0,0,0,0,0,0,0,0,0,58,0,0,0,1,2,65,3,1,2,1,0,0,14,8,8,1,2,98,1,0
38,380091,1,1,1,8,9,23,12,21,0,1,0,38,2,63,441,63441,20,2004,KNDUP1318465,K,N,D,U,P,1,3,1,8,4,6,5,0,P,KIA,SED,SV,4,17,4802,,0,1145,,G,,F,6,213,,,15R215,,,,,,0,0,000000000,00000000000,0,0,0,1,0,0,0,0,0,0,0,998,0,0,0,12,6,2,21,0,0,1,1,38,58012,6,1,0,0,3,0,67,160,0,0,0,0,0,0,0,0,0,0,0,0,0,0,2,2,75,1,1,1,1,0,0,1,12,1,1,4,6,1,1
38,380092,1,1,1,8,9,23,30,1,0,1,0,27,1,23,481,23481,31,2005,1GTEK14V35Z2,1,G,T,E,K,1,4,V,3,5,Z,2,0,T,GMC,NK1,PK,5,17,,2,1330,1190,SIE,G,,,8,293,,,,B,4523,01,4,44,0,0,000000000,00000000000,0,0,0,1,0,0,0,0,0,0,0,998,0,1,5,0,6,2,1,0,0,0,1,27,56523,2,1,0,0,2,1,75,185,0,2,2,0,2,11,2009,2,2012,1,0,0,0,0,1,2,55,2,1,2,1,28,3,14,12,1,1,4,6,1,1
38,380093,1,1,1,9,9,20,58,1,0,1,0,4,2,20,481,20481,31,2001,2GCEC19T7111,2,G,C,E,C,1,9,T,7,1,1,1,0,T,CHEV,SC1,4C,1,17,,2,1575,1435,SIL,G,,,8,325,,,,B,4413,00,,42,0,0,000000000,00000000000,0,0,0,1,0,0,0,0,0,0,0,999,0,1,3,0,6,2,1,0,0,0,1,4,86020,0,0,0,0,0,0,69,155,0,0,0,0,0,0,0,0,0,0,58,0,0,0,2,2,70,1,1,2,1,0,0,1,12,7,4,4,6,1,1
38,380094,1,2,1,12,9,23,57,12,2,1,0,98,1,20,481,20481,31,1993,999999999999,9,9,9,9,9,9,9,9,9,9,9,9,0,,,,,,,,,,,,,,,,,,,,,,,,,0,0,000000000,00000000000,0,0,0,1,0,0,0,0,0,0,0,998,0,1,1,12,6,2,12,0,0,0,1,38,58316,6,1,0,0,3,1,62,130,0,0,0,0,0,0,0,0,0,0,0,0,0,0,1,2,65,1,1,1,1,0,0,1,10,1,1,2,50,1,1
38,380094,2,2,1,12,9,23,57,12,2,1,0,38,1,20,481,20481,31,2003,1GCHK29153E3,1,G,C,H,K,2,9,1,5,3,E,3,0,T,CHEV,2KH,4C,3,17,,2,1575,1435,SIL,D,,,8,403,,,,C,5630,01,,44,0,0,000000000,00000000000,0,0,0,1,0,0,0,0,0,0,0,998,0,1,5,12,6,2,12,0,0,0,1,38,58316,6,1,0,0,3,1,68,145,0,0,0,3,0,4,2010,6,2011,0,0,0,0,0,1,2,65,1,1,1,1,0,0,1,62,1,1,1,51,0,1
38,380095,1,1,4,13,9,0,1,42,0,1,0,21,1,12,23,12023,4,2007,3FAHP07Z07R2,3,F,A,H,P,0,7,Z,0,7,R,2,0,P,FORD,F/E,4D,7,17,3101,,0,1074,,G,,F,4,140,,,16R205,,,,,,0,0,000000000,00000000000,0,0,0,1,0,0,0,0,0,0,0,88,0,1,5,12,6,2,1,0,0,0,1,21,41232,6,1,0,0,3,0,69,200,0,0,0,0,0,0,0,0,0,1,36,0,0,0,2,2,30,1,1,2,1,0,0,1,12,1,2,4,7,2,1
38,380096,1,3,1,13,9,6,10,12,6,1,0,38,1,22,18,22018,2,1999,1G2NE12TXXM7,1,G,2,N,E,1,2,T,X,X,M,7,0,P,PONT,GAS,CP,99,17,3052,,0,1071,,G,,F,4,146,,,15R215,,,,,,0,0,000000000,00000000000,0,0,0,1,0,0,0,0,0,0,0,998,0,0,0,12,6,2,12,0,0,0,1,38,58601,4,7,4,0,2,2,68,225,1,3,0,0,1,11,2010,9,2012,1,39,73,0,0,1,2,25,1,1,2,1,3,3,1,17,6,1,1,86,1,0
38,380096,2,3,1,13,9,6,10,12,6,1,0,38,2,3,431,3431,16,2006,5GRGN23U36H1,5,G,R,G,N,2,3,U,3,6,H,1,0,T,HUMM,HH2,4W,6,17,,2,0,1228,HUM,G,,,8,364,,,,C,6400,00,U,44,0,0,000000000,00000000000,0,0,0,1,0,0,0,0,0,0,0,998,0,1,1,3,6,2,12,0,0,0,1,38,58601,6,1,0,0,3,1,62,140,0,0,0,0,0,0,0,0,0,0,0,0,0,0,1,2,25,1,1,2,1,3,3,1,66,1,1,1,87,0,0
38,380096,3,3,1,13,9,6,10,12,6,1,0,8,3,12,880,12880,67,2008,1FTWW31RX8ED,1,F,T,W,W,3,1,R,X,8,E,D,1,T,FORD,F3S,CW,8,17,,3,1720,1560,SRW,D,,,8,390,,,,D,6556,02,E,44,1,57,126693,57126693,2,4,3,1,0,0,0,0,0,0,0,0,0,0,0,10,6,2,12,0,0,0,1,8,80021,6,1,0,0,3,0,72,235,0,0,0,0,0,0,0,0,0,0,54,0,0,0,1,2,25,1,1,2,1,3,3,5,66,1,1,1,98,0,0
38,380097,1,1,1,14,9,16,30,1,0,1,0,38,3,85,881,85881,66,1994,1XKWDB9X7RR6,1,X,K,W,D,B,9,X,7,R,R,6,2,T,KW,W90,TR,94,17,,8,0,1600,CON,D,,,6,893,,,,,00000,00,,64,1,57,1798150,571798150,3,7,3,1,0,0,0,0,0,0,0,998,0,1,5,0,6,2,1,0,0,0,1,38,58623,6,1,6,1,3,1,74,275,0,0,0,1,0,5,2012,5,2012,0,48,0,0,0,1,2,45,2,1,5,1,0,0,10,16,7,1,4,6,1,1
38,380098,1,1,2,15,9,13,0,1,0,1,0,38,2,22,441,22441,20,1998,1GMDX03E9WD3,1,G,M,D,X,0,3,E,9,W,D,3,0,T,PONT,TSP,ES,98,17,,1,0,1200,TSP,G,,,6,207,,,,B,3920,00,K,42,0,0,000000000,00000000000,0,0,0,1,0,0,0,0,0,0,0,998,0,1,5,0,6,2,1,0,0,0,1,38,58318,0,0,0,0,0,0,73,270,0,0,0,0,0,0,0,0,0,0,58,0,0,0,1,2,55,1,1,4,1,0,0,1,9,1,9,4,7,1,0
38,380099,1,2,1,17,9,12,5,12,6,1,0,38,3,85,881,85881,66,2012,1XKDP4EX7CJ3,1,X,K,D,P,4,E,X,7,C,J,3,1,T,KW,T80,TR,12,17,,8,2600,1600,CON,D,,,6,915,,,,,00000,00,,,1,57,01432084,5701432084,3,6,2,1,0,0,0,0,0,0,0,998,0,0,0,12,6,2,12,0,0,0,1,38,58854,6,1,6,1,3,0,69,190,0,0,0,0,0,0,0,0,0,0,0,0,0,0,1,2,65,1,2,2,1,0,0,1,66,6,1,1,88,0,0
38,380099,2,2,1,17,9,12,5,12,6,1,0,38,1,22,20,22020,4,2003,1G2WK52JX3F1,1,G,2,W,K,5,2,J,X,3,F,1,0,P,PONT,GFS,4D,3,17,3384,,0,1105,,G,,F,6,191,,,15R205,,,,,,0,0,000000000,00000000000,0,0,0,1,0,0,0,0,0,0,0,998,0,0,0,10,6,2,12,0,0,0,1,38,58601,6,1,0,0,3,1,62,168,1,0,0,0,0,1,2011,1,2011,0,38,39,0,0,1,2,65,1,9,2,1,20,3,1,17,1,1,1,89,1,0
38,380100,1,1,1,18,9,23,30,1,0,1,0,38,3,2,404,2404,14,1997,1J4FJ28S4VL5,1,J,4,F,J,2,8,S,4,V,L,5,0,T,JEEP,CSE,4W,97,17,,1,0,1014,CHK,G,,,6,242,,,,,3072,00,E,44,0,0,000000000,00000000000,0,0,0,1,0,0,0,0,0,0,0,998,0,1,5,0,6,2,1,0,0,0,1,38,58348,6,1,0,0,3,1,74,210,0,0,0,0,0,0,0,0,0,0,58,0,0,0,1,2,65,3,1,2,1,0,0,14,8,6,4,4,7,1,1
38,380101,1,1,1,21,9,9,35,10,0,1,0,38,2,12,881,12881,66,1986,1FDYA92W3GVA,1,F,D,Y,A,9,2,W,3,G,V,A,1,T,FORD,TL9,CC,86,17,,8,2460,1740,COL,D,,,6,855,,,,,13975,04,A,64,1,99,999999999,99999999999,3,6,4,1,0,0,0,0,0,0,0,998,0,1,5,9,6,2,10,0,0,0,1,38,58761,6,1,0,0,3,1,73,210,0,0,0,2,1,11,2009,12,2011,0,38,0,0,0,1,2,25,1,1,2,1,65,3,1,98,1,1,1,15,1,0
38,380102,1,1,1,23,9,1,10,35,0,1,0,38,1,20,421,20421,15,1999,1GNEK13R3XR1,1,G,N,E,K,1,3,R,3,X,R,1,0,P,CHEV,KTA,UT,99,17,5268,,0,1175,,G,,F,8,350,,,16R245,,,,,,0,0,000000000,00000000000,0,0,0,1,0,0,0,0,0,0,0,55,0,1,5,12,6,2,1,0,0,0,1,38,58218,6,1,6,0,3,1,70,180,0,0,0,0,0,0,0,0,0,0,0,0,0,0,2,2,55,1,1,2,1,0,0,1,13,1,1,4,1,1,1
38,380103,1,2,3,25,9,8,55,12,8,1,0,38,2,20,16,20016,4,1998,1G1JF52T7W71,1,G,1,J,F,5,2,T,7,W,7,1,0,P,CHEV,CAS,4D,98,17,2729,,0,1041,,G,,F,4,146,,,15R195,,,,,,0,0,000000000,00000000000,0,0,0,1,0,0,0,0,0,0,0,998,0,0,0,11,6,2,12,0,0,0,1,38,58367,0,0,0,0,0,0,72,190,0,1,0,0,3,9,2009,10,2009,1,35,0,0,0,2,2,65,1,1,2,1,0,0,1,10,1,1,2,64,2,0
38,380103,2,2,2,25,9,8,55,12,8,1,0,38,2,84,881,84881,66,1985,1HSZEHUR6FHA,1,H,S,Z,E,H,U,R,6,F,H,A,1,T,INTL,F75,TR,85,17,,8,2560,1440,SS,D,,,6,611,,,,,12945,01,,64,3,77,777777777,77777777777,3,6,3,1,0,0,0,0,0,0,0,998,0,0,0,8,6,2,12,0,0,0,1,38,58793,6,1,6,0,3,3,68,225,0,0,0,2,0,4,2011,8,2012,0,0,0,0,0,2,2,65,1,1,2,1,0,0,1,62,7,1,2,65,0,0
38,380104,1,1,3,25,9,23,35,1,0,1,0,92,0,12,481,12481,31,1986,1FTHF2610GPA,1,F,T,H,F,2,6,1,0,G,P,A,0,T,FORD,F25,PK,86,17,,2,0,1330,COF,D,,,8,420,,,,C,00000,00,A,44,0,0,000000000,00000000000,0,0,0,1,0,0,0,0,0,0,0,998,0,1,5,0,6,2,1,0,0,0,1,38,58794,6,1,0,0,3,1,72,290,0,0,0,0,0,0,0,0,0,1,48,0,0,0,1,2,55,1,1,4,1,0,0,11,13,1,1,4,1,1,1
38,380105,1,2,2,30,9,6,27,12,6,1,0,30,3,7,482,7482,31,2012,3C63D3GLXCG2,3,C,6,3,D,3,G,L,X,C,G,2,1,T,DODG,ST3,CW,12,17,,3,0,1690,RPC,D,,,6,408,,,,D,6440,00,K,44,1,0,000000000,00000000000,0,0,0,1,0,0,0,0,0,0,0,999,3,0,0,12,6,2,12,0,0,0,1,29,64730,6,1,0,0,3,0,69,165,0,0,0,0,0,0,0,0,0,0,0,0,0,0,1,2,65,1,1,2,1,0,0,1,66,9,1,1,98,1,0
38,380105,2,2,1,30,9,6,27,12,6,1,0,38,3,87,881,87881,66,2006,1XP5DB9X46D8,1,X,P,5,D,B,9,X,4,6,D,8,1,T,PTRB,379,TR,6,17,,8,0,0,CON,D,,,6,893,,,,,00000,00,,64,1,77,777777777,77777777777,3,6,2,1,0,0,0,0,0,0,0,998,0,0,0,8,6,2,12,0,0,0,1,16,83858,6,1,6,1,3,0,72,200,0,0,0,0,0,0,0,0,0,0,0,0,0,0,1,2,65,1,1,2,1,0,0,13,98,98,1,1,98,0,0
38,380106,1,2,1,30,9,14,14,12,7,1,0,38,1,50,706,50706,80,1998,SMT502FK1WJ0,S,M,T,5,0,2,F,K,1,W,J,0,0,M,TRUM,T5D,RC,98,17,,,,,,,955,,3,,4,436,,,,,,,0,0,000000000,00000000000,0,0,0,1,0,0,0,0,0,0,0,998,0,0,0,3,4,3,12,0,0,0,1,56,58763,6,1,6,0,2,1,72,250,0,0,0,1,0,2,2011,2,2011,0,35,0,0,0,2,2,65,3,2,2,1,0,0,6,9,1,1,2,44,1,0
38,380106,2,2,1,30,9,14,14,12,7,1,1,48,3,82,881,82881,66,2012,1FVMGNDR9CDB,1,F,V,M,G,N,D,R,9,C,D,B,1,T,FRHT,122,CC,12,17,,8,0,0,CON,D,,,6,903,,,,,00000,00,,84,1,57,00879345,5700879345,3,6,2,1,0,0,0,0,0,0,0,998,0,0,0,8,6,2,12,0,0,0,1,6,95648,6,1,6,3,3,1,66,196,0,0,0,0,0,0,0,0,0,0,0,0,0,0,2,2,65,3,2,2,1,0,0,14,61,2,1,1,45,0,0
38,380107,1,2,1,5,10,2,4,12,6,1,0,30,3,82,881,82881,66,2006,1FUJA6CK86LW,1,F,U,J,A,6,C,K,8,6,L,W,1,T,FRHT,COL,TR,6,17,,8,0,0,CON,D,,,6,855,,,,,00000,00,,64,1,57,2269822,572269822,3,6,2,1,0,0,0,0,0,0,0,998,0,0,0,12,6,2,12,0,0,0,1,8,80831,6,1,6,1,3,0,71,225,0,0,0,0,0,0,0,0,0,0,38,39,0,0,1,2,65,2,1,2,1,20,3,14,55,1,1,1,88,1,0
38,380107,2,2,1,5,10,2,4,12,6,1,0,38,3,87,881,87881,66,2006,1XP5DB9X76D8,1,X,P,5,D,B,9,X,7,6,D,8,1,T,PTRB,379,TR,6,17,,8,0,0,CON,D,,,6,893,,,,,00000,00,,64,1,57,789259,57789259,3,6,2,1,0,0,0,0,0,0,0,998,0,1,5,11,6,2,12,0,0,0,1,38,58463,6,1,6,1,3,1,74,250,0,0,0,1,0,9,2010,9,2010,0,0,0,0,0,1,2,65,2,1,2,1,0,0,14,68,1,1,1,89,0,0
38,380108,1,2,1,6,10,22,35,12,2,1,0,49,2,20,481,20481,31,2005,1GCHK23255F9,1,G,C,H,K,2,3,2,5,5,F,9,0,T,CHEV,2KH,CW,5,17,,2,1670,1530,SIL,D,,,8,403,,,,C,6056,03,,44,0,0,000000000,00000000000,0,0,0,1,0,0,0,0,0,0,0,999,0,1,1,12,6,2,12,0,0,0,1,49,84029,6,1,0,0,3,0,999,999,98,0,0,0,0,0,0,0,0,0,36,51,0,0,1,2,55,2,1,2,1,0,0,14,54,1,1,2,50,1,1
38,380108,2,2,1,6,10,22,35,12,2,1,0,8,2,12,481,12481,31,2003,1FTNW21FX3EA,1,F,T,N,W,2,1,F,X,3,E,A,0,T,FORD,F2S,CW,3,17,,2,1724,1562,SRW,D,,,8,444,,,,C,5870,04,E,44,0,0,000000000,00000000000,0,0,0,1,0,0,0,0,0,0,0,50,0,0,0,12,6,2,12,0,0,0,1,8,80003,6,1,0,0,3,1,79,310,0,0,0,0,1,12,2009,12,2009,0,0,0,0,0,1,2,55,2,1,2,1,0,0,14,62,1,1,1,51,0,0
38,380109,1,2,1,7,10,20,32,12,6,1,0,48,3,12,481,12481,31,2011,1FT7W2BTXBEC,1,F,T,7,W,2,B,T,X,B,E,C,0,T,FORD,F2S,CW,11,17,,2,1724,1562,SRW,D,,,8,409,,,,C,6560,01,7,44,0,0,000000000,00000000000,0,0,0,1,0,0,0,0,0,0,0,998,0,0,0,12,6,2,12,0,0,0,1,48,76110,6,1,0,0,3,1,74,250,0,2,0,0,1,2,2012,6,2012,0,0,0,0,0,1,2,65,2,1,2,1,0,0,14,54,7,1,1,66,0,0
38,380109,2,2,3,7,10,20,32,12,6,1,0,41,2,7,481,7481,31,1985,1B7FD14H8FS5,1,B,7,F,D,1,4,H,8,F,S,5,0,T,DODG,D51,PK,85,17,,1,1310,1150,D51,G,,,6,225,,,,B,3351,05,A,42,0,0,000000000,00000000000,0,0,0,1,0,0,0,0,0,0,0,999,0,0,0,3,6,2,12,0,0,0,1,6,92564,6,1,0,0,3,0,73,200,0,0,0,1,1,5,2012,5,2012,0,58,0,0,0,1,2,65,2,1,2,1,0,0,14,8,6,4,2,66,1,1