STATE,ST_CASE,VEH_NO,VE_FORMS,NUMOCCS,DAY,MONTH,HOUR,MINUTE,HARM_EV,MAN_COLL,UNITTYPE,HIT_RUN,REG_STAT,OWNER,MAKE,MODEL,MAK_MOD,BODY_TYP,MOD_YEAR,VIN,VIN_1,VIN_2,VIN_3,VIN_4,VIN_5,VIN_6,VIN_7,VIN_8,VIN_9,VIN_10,VIN_11,VIN_12,TOW_VEH,VINTYPE,VINMAKE,VINA_MOD,VIN_BT,VINMODYR,VIN_LNGT,VIN_WGT,WGTCD_TR,WHLBS_LG,WHLBS_SH,SER_TR,FUELCODE,MCYCL_DS,CARBUR,CYLINDER,DISPLACE,MCYCL_CY,MCYCL_WT,TIRE_SZE,TON_RAT,TRK_WT,TRKWTVAR,VIN_REST,WHLDRWHL,J_KNIFE,MCARR_I1,MCARR_I2,MCARR_ID,GVWR,V_CONFIG,CARGO_BT,HAZ_INV,HAZ_PLAC,HAZ_ID,HAZ_CNO,HAZ_REL,BUS_USE,SPEC_USE,EMER_USE,TRAV_SP,UNDERIDE,ROLLOVER,ROLINLOC,IMPACT1,DEFORMED,TOWED,M_HARM,VEH_SC1,VEH_SC2,FIRE_EXP,DR_PRES,L_STATE,DR_ZIP,L_STATUS,L_TYPE,CDL_STAT,L_ENDORS,L_COMPL,L_RESTRI,DR_HGT,DR_WGT,PREV_ACC,PREV_SUS,PREV_DWI,PREV_SPD,PREV_OTH,FIRST_MO,FIRST_YR,LAST_MO,LAST_YR,SPEEDREL,DR_SF1,DR_SF2,DR_SF3,DR_SF4,VTRAFWAY,VNUM_LAN,VSPD_LIM,VALIGN,VPROFILE,VPAVETYP,VSURCOND,VTRAFCON,VTCONT_F,P_CRASH1,P_CRASH2,P_CRASH3,PCRASH4,PCRASH5,ACC_TYPE,DEATHS,DR_DRINK
39,390027,1,2,1,31,1,22,46,12,2,1,0,39,2,12,37,12037,4,2001,1FAFP33P71W3,1,F,A,F,P,3,3,P,7,1,W,3,0,P,FORD,FOX,4D,1,17,2563,,0,1030,,G,,F,4,122,,,14R185,,,,,,0,0,000000000,00000000000,0,0,0,1,0,0,0,0,0,0,0,998,0,0,0,12,6,2,2,0,0,1,1,39,44839,6,1,0,0,3,0,71,245,1,0,0,0,1,2,2011,2,2011,0,28,0,0,0,1,2,45,2,2,2,1,0,0,14,10,1,1,2,50,1,0
39,390027,2,2,1,31,1,22,46,12,2,1,0,39,2,84,881,84881,66,2006,2HSCESBR46C2,2,H,S,C,E,S,B,R,4,6,C,2,1,T,INTL,92I,TR,6,17,,8,0,0,920,D,,,6,763,,,,,00000,00,,64,1,57,604435,57604435,3,6,3,1,0,0,0,0,0,0,0,45,0,0,0,12,6,2,2,0,0,1,1,39,44460,6,1,6,0,3,0,68,165,0,0,0,1,0,4,2011,4,2011,0,0,0,0,0,1,2,45,3,2,2,1,0,0,14,62,1,1,1,51,0,0
39,390028,1,2,1,10,2,7,43,12,6,1,0,39,1,37,31,37031,2,2002,1HGEM21582L0,1,H,G,E,M,2,1,5,8,2,L,0,0,P,HOND,UCL,CP,2,17,2465,,0,1031,,G,,F,4,102,,,14R185,,,,,,0,0,000000000,00000000000,0,0,0,1,0,0,0,0,0,0,0,998,0,0,0,9,6,2,12,0,0,0,1,39,45209,6,1,0,0,3,3,73,198,0,0,0,0,0,0,0,0,0,0,38,0,0,0,2,2,60,3,1,2,1,20,3,11,15,1,1,1,82,1,0
39,390028,2,2,1,10,2,7,43,12,6,1,0,21,1,35,48,35048,2,2006,JN1AZ34D06M3,J,N,1,A,Z,3,4,D,0,6,M,3,0,P,NISS,3ZC,CP,6,17,3339,,0,1043,,G,,F,6,214,,,18R225,,,,,,0,0,000000000,00000000000,0,0,0,1,0,0,0,0,0,0,0,998,0,0,0,12,6,2,12,0,0,0,1,21,41076,6,1,0,0,3,3,64,145,0,0,0,0,0,0,0,0,0,0,0,0,0,0,2,2,60,3,1,2,1,0,0,14,67,1,1,1,83,0,0
39,390029,1,1,1,11,2,4,17,40,0,1,0,39,1,49,472,49472,30,2009,5TEUX42N29Z6,5,T,E,U,X,4,2,N,2,9,Z,6,0,T,TOYT,ACC,PC,9,17,,1,0,1278,TAC,G,,,4,164,,,,B,3870,00,W,44,0,0,000000000,00000000000,0,0,0,1,0,0,0,0,0,0,0,25,0,0,0,11,6,2,30,0,0,0,1,39,45236,6,1,0,0,3,0,72,200,4,3,0,3,2,9,2009,12,2011,0,87,0,0,0,1,2,25,1,1,2,3,0,0,1,12,1,4,4,7,1,0
39,390030,1,1,1,13,1,6,35,42,0,1,0,39,1,23,471,23471,30,1996,1GKDT13WXT25,1,G,K,D,T,1,3,W,X,T,2,5,0,T,GMC,JMY,4W,96,17,,1,0,1070,JMY,G,,,6,262,,,,B,4007,00,M,44,0,0,000000000,00000000000,0,0,0,1,0,0,0,0,0,0,0,55,0,0,0,9,6,2,42,0,0,0,1,39,43326,6,1,0,0,3,0,74,279,0,0,0,0,0,0,0,0,0,0,87,0,0,0,1,2,55,1,1,2,3,0,0,1,13,1,3,4,2,1,0
39,390031,1,2,2,15,1,0,6,12,2,1,0,39,1,12,37,12037,4,2005,1FAFP34N55W1,1,F,A,F,P,3,4,N,5,5,W,1,0,P,FORD,ZX4,4D,5,17,2677,,0,1030,,G,,F,4,122,,,15R195,,,,,,0,0,000000000,00000000000,0,0,0,1,0,0,0,0,0,0,0,998,0,0,0,12,6,9,12,0,0,0,1,39,43228,6,1,0,0,3,3,64,135,0,0,0,0,0,0,0,0,0,0,0,0,0,0,3,2,55,2,2,2,1,0,0,14,54,1,1,1,53,1,0
39,390031,2,2,1,15,1,0,6,12,2,1,0,39,2,2,404,2404,14,1998,1J4GZ48S8WC2,1,J,4,G,Z,4,8,S,8,W,C,2,0,T,JEEP,LSE,4W,98,17,,1,0,1059,GCK,G,,,6,242,,,,,3708,01,E,44,0,0,000000000,00000000000,0,0,0,1,0,0,0,0,0,0,0,998,0,0,0,12,6,9,12,0,0,0,1,39,43204,1,1,0,0,2,3,67,135,0,1,0,1,1,2,2010,11,2011,0,51,0,0,0,3,2,55,3,2,2,1,0,0,14,98,1,1,1,53,1,1
39,390032,1,7,1,17,1,21,15,8,0,1,0,39,2,12,16,12016,4,2003,2FAHP71W43X1,2,F,A,H,P,7,1,W,4,3,X,1,0,P,FORD,CVP,4D,3,17,3946,,0,1147,,G,,F,8,281,,,16R225,,,,,,0,0,000000000,00000000000,0,0,0,1,0,0,0,0,0,0,0,35,0,0,0,11,4,9,8,0,0,0,1,39,43147,6,1,0,0,3,0,73,175,1,4,0,3,3,3,2009,1,2011,0,0,0,0,0,1,4,35,1,1,2,3,0,0,1,80,1,1,1,13,0,0
39,390032,2,7,1,17,1,21,15,8,0,1,0,39,1,14,402,14402,14,2010,3MEHM0HA3AR6,3,M,E,H,M,0,H,A,3,A,R,6,0,P,MERC,MLN,4D,10,17,3117,,0,1074,,G,,F,4,152,,,16R205,,,,,,0,0,000000000,00000000000,0,0,0,1,0,0,0,0,0,0,0,35,0,0,0,14,2,9,8,0,0,0,1,39,43213,6,1,0,0,3,3,60,175,0,0,0,0,0,0,0,0,0,0,0,0,0,0,1,4,35,1,1,2,3,0,0,1,80,1,1,1,98,0,0
39,390032,3,7,1,17,1,21,15,8,0,1,0,39,1,49,32,49032,4,2001,2T1BR12EX1C5,2,T,1,B,R,1,2,E,X,1,C,5,0,P,TOYT,UCS,4D,1,17,2410,,0,970,,G,,F,4,109,,,14R175,,,,,,0,0,000000000,00000000000,0,0,0,1,0,0,0,0,0,0,0,35,0,0,0,99,0,1,8,0,0,0,1,39,43004,6,1,0,0,3,3,68,152,0,0,0,0,0,0,0,0,0,0,0,0,0,0,1,4,35,1,1,2,3,0,0,1,80,1,1,1,98,0,0
39,390032,4,7,1,17,1,21,15,8,0,1,0,39,1,49,40,49040,4,2010,1NXBU4EE4AZ2,1,N,X,B,U,4,E,E,4,A,Z,2,0,P,TOYT,CBL,4D,10,17,2723,,0,1024,,G,,F,4,110,,,15R195,,,,,,0,0,000000000,00000000000,0,0,0,1,0,0,0,0,0,0,0,35,0,0,0,99,0,1,8,0,0,0,1,39,43004,6,1,0,0,3,0,63,155,0,0,0,0,0,0,0,0,0,0,0,0,0,0,1,4,35,1,1,2,3,0,0,1,80,1,1,1,98,0,0
39,390032,5,7,2,17,1,21,15,8,0,1,0,39,1,37,32,37032,9,2007,999999999999,9,9,9,9,9,9,9,9,9,9,9,9,0,,,,,,,,,,,,,,,,,,,,,,,,,0,0,000000000,00000000000,0,0,0,1,0,0,0,0,0,0,0,35,0,0,0,99,0,1,8,0,0,0,1,39,43068,0,0,0,0,0,0,999,999,0,0,0,0,0,0,0,0,0,0,0,0,0,0,1,4,35,1,1,2,3,0,0,1,80,1,1,1,98,0,0
39,390032,6,7,2,17,1,21,15,8,0,1,0,39,2,20,471,20471,30,2000,1GCCS1449YK1,1,G,C,C,S,1,4,4,9,Y,K,1,0,T,CHEV,S14,PK,0,17,,1,1179,1083,S,G,,,4,133,,,,B,3029,03,,42,0,0,000000000,00000000000,0,0,0,1,0,0,0,0,0,0,0,35,0,0,0,99,0,1,8,0,0,0,1,39,43023,6,1,0,0,3,3,73,230,1,0,0,0,0,2,2009,2,2009,0,0,0,0,0,1,4,35,1,1,2,3,0,0,1,80,1,1,1,98,0,0
39,390032,7,7,1,17,1,21,15,8,0,1,0,39,1,49,32,49032,4,1992,JT2SK11E1N00,J,T,2,S,K,1,1,E,1,N,0,0,0,P,TOYT,CMD,4D,92,17,2943,,0,1031,,G,,F,4,132,,,000000,,,,,,0,0,000000000,00000000000,0,0,0,1,0,0,0,0,0,0,0,35,0,0,0,99,0,1,8,0,0,0,1,39,43213,6,1,0,0,3,0,70,165,0,0,0,1,0,4,2009,4,2009,0,0,0,0,0,1,4,35,1,1,2,3,0,0,1,80,1,1,1,98,0,0
39,390033,1,4,1,27,1,11,32,24,0,1,0,24,3,51,881,51881,66,2011,4V4NC9EJ2BN5,4,V,4,N,C,9,E,J,2,B,N,5,1,T,VOLV,VNL,TR,11,17,,8,0,0,VVN,D,,,6,793,,,,,00000,00,,64,1,57,247537,57247537,3,6,1,1,0,0,0,0,0,0,0,50,0,0,0,62,6,2,12,0,0,0,1,24,21213,6,1,6,0,3,0,71,170,0,0,0,2,0,9,2010,9,2010,0,0,0,0,0,3,3,65,1,1,2,2,0,0,1,62,99,1,1,98,0,0
39,390033,2,4,1,27,1,11,32,24,0,1,0,39,1,9,442,9442,20,1997,2P4FP25B7VR3,2,P,4,F,P,2,5,B,7,V,R,3,0,P,PLYM,VOF,SV,97,17,3431,,0,1133,,G,,F,4,148,,,14R205,,,,,,0,0,000000000,00000000000,0,0,0,1,0,0,0,0,0,0,0,65,0,0,0,81,6,2,12,0,0,0,1,39,43123,6,1,0,0,3,3,66,225,0,0,0,0,1,3,2010,3,2010,0,0,0,0,0,3,3,65,1,1,2,2,0,0,1,78,99,1,1,98,1,0
39,390033,3,4,1,27,1,11,32,24,0,1,0,39,1,12,401,12401,14,2008,1FMEU64E28UA,1,F,M,E,U,6,4,E,2,8,U,A,0,P,FORD,EPR,UT,8,17,4436,,0,1137,,G,,F,6,244,,,17R245,,,,,,0,0,000000000,00000000000,0,0,0,1,0,0,0,0,0,0,0,65,0,0,0,12,6,2,12,0,0,0,1,39,43147,6,1,0,0,3,0,72,250,0,2,0,0,0,6,2011,11,2011,0,0,0,0,0,3,3,65,1,1,2,2,0,0,1,51,1,1,1,98,0,0
39,390033,4,4,2,27,1,11,32,24,0,1,0,39,2,7,422,7422,15,2006,1D4HB48266F1,1,D,4,H,B,4,8,2,6,6,F,1,0,P,DODG,DUR,UT,6,17,4859,,0,1192,,G,,F,8,348,,,17R245,,,,,,0,0,000000000,00000000000,0,0,0,1,0,0,0,0,0,0,0,65,0,1,1,81,6,2,12,0,0,0,1,39,43206,1,1,0,0,2,0,68,192,1,7,0,0,1,2,2009,10,2011,0,28,0,0,0,3,3,65,1,1,2,2,0,0,1,12,99,9,4,7,0,0
39,390034,1,1,2,7,2,17,45,33,0,1,0,39,1,20,481,20481,31,2006,3GCEC14X46G1,3,G,C,E,C,1,4,X,4,6,G,1,0,T,CHEV,SC1,PK,6,17,,2,1330,1190,SIL,G,,,6,262,,,,B,4211,00,,42,0,0,000000000,00000000000,0,0,0,1,0,0,0,0,0,0,0,998,0,1,5,9,6,2,1,0,0,0,1,18,45002,6,1,0,0,3,0,71,185,0,0,0,0,0,0,0,0,0,0,0,0,0,0,1,2,45,1,1,2,1,0,0,15,13,6,3,4,2,1,1
39,390035,1,2,2,14,2,16,36,12,6,1,0,39,1,13,1,13001,4,2005,1LNHM81W45Y6,1,L,N,H,M,8,1,W,4,5,Y,6,0,P,LINC,SIG,4D,5,17,4359,,0,1177,,G,,F,8,281,,,17R225,,,,,,0,0,000000000,00000000000,0,0,0,1,0,0,0,0,0,0,0,15,0,0,0,3,6,2,12,0,0,0,1,39,44089,6,1,0,0,3,3,65,145,0,0,0,0,0,0,0,0,0,0,38,0,0,0,1,2,55,1,2,2,2,20,3,1,17,1,1,1,87,1,0
39,390035,2,2,1,14,2,16,36,12,6,1,0,39,2,20,22,20022,9,2009,999999999999,9,9,9,9,9,9,9,9,9,9,9,9,0,,,,,,,,,,,,,,,,,,,,,,,,,0,0,000000000,00000000000,0,0,0,1,0,0,0,0,0,0,0,65,0,0,0,12,6,2,12,0,0,0,1,39,43201,6,1,0,0,3,0,73,215,0,0,0,1,1,7,2009,8,2009,0,0,0,0,0,2,2,65,1,2,2,2,0,0,1,66,1,1,1,86,0,0
39,390036,1,1,1,25,1,22,25,8,0,1,0,39,2,55,35,55035,4,2003,KMHDN45D53U6,K,M,H,D,N,4,5,D,5,3,U,6,0,P,HYUN,EST,4D,3,17,2635,,0,1027,,G,,F,4,121,,,15R205,,,,,,0,0,000000000,00000000000,0,0,0,1,0,0,0,0,0,0,0,45,0,0,0,1,4,3,8,0,0,0,1,39,44452,6,1,0,0,3,0,60,92,1,0,0,0,1,1,2011,1,2011,0,0,0,0,0,1,4,45,1,1,2,2,0,0,1,80,1,1,1,13,0,0
39,390037,1,4,1,31,1,14,25,12,2,1,0,39,1,72,706,72706,80,2003,1HD1FRW583Y7,1,H,D,1,F,R,W,5,8,3,Y,7,0,M,HD,FCA,RS,3,17,,,,,,,1450,,2,,4,710,,,,,,,0,0,000000000,00000000000,0,0,0,1,0,0,0,0,0,0,0,998,0,0,0,12,6,2,12,0,0,1,1,39,45157,6,1,0,0,3,0,70,205,1,1,0,1,2,5,2009,10,2011,0,28,0,0,0,1,2,50,2,1,2,1,0,0,14,10,1,1,2,50,1,0
39,390037,2,4,1,31,1,14,25,12,2,1,0,39,1,72,706,72706,80,2005,1HD1FFW175Y6,1,H,D,1,F,F,W,1,7,5,Y,6,0,M,HD,TCI,RS,5,17,,,,,,,1450,,2,,4,776,,,,,,,0,0,000000000,00000000000,0,0,0,1,0,0,0,0,0,0,0,998,0,0,0,11,6,2,12,0,0,0,1,39,45106,6,1,0,0,3,0,69,230,0,0,0,0,0,0,0,0,0,0,0,0,0,0,1,2,50,2,1,2,1,0,0,14,62,1,1,1,98,1,0
39,390037,3,4,1,31,1,14,25,12,2,1,0,39,1,72,706,72706,80,2007,1HD1FC41X7Y7,1,H,D,1,F,C,4,1,X,7,Y,7,0,M,HD,FLU,RS,7,17,,,,,,,1584,,2,,4,808,,,,,,,0,0,000000000,00000000000,0,0,0,1,0,0,0,0,0,0,0,35,0,0,0,12,6,2,12,0,0,1,1,39,45118,6,1,0,0,3,0,70,200,0,0,0,0,0,0,0,0,0,0,0,0,0,0,1,2,50,2,1,2,1,0,0,14,62,1,1,1,98,0,0
39,390037,4,4,1,31,1,14,25,12,2,1,0,39,3,98,881,98881,63,2005,5DG8AC6T3500,5,D,G,8,A,C,6,T,3,5,0,0,0,U,,,,5,17,,,,,,,,,,,,,,,,,,,0,57,00470551,5700470551,3,2,5,1,0,0,0,0,0,0,0,45,0,1,1,12,6,2,1,0,0,0,1,39,45679,6,1,6,0,3,3,70,265,0,0,0,0,0,0,0,0,0,0,0,0,0,0,1,2,50,3,1,2,1,0,0,14,62,1,1,1,51,0,0
39,390038,1,1,1,31,1,23,21,35,0,1,0,39,1,20,22,20022,4,2010,1G1AE5F55A71,1,G,1,A,E,5,F,5,5,A,7,1,0,P,CHEV,BL2,4D,10,17,3216,,0,1033,,G,,F,4,134,,,17R205,,,,,,0,0,000000000,00000000000,0,0,0,1,0,0,0,0,0,0,0,998,0,1,5,9,6,2,42,0,0,0,1,39,43342,6,1,0,0,3,3,66,110,1,0,0,1,1,2,2010,2,2011,0,0,0,0,0,1,2,55,2,1,3,1,0,0,14,12,1,1,4,6,1,1
39,390039,1,2,1,1,2,22,24,12,6,1,0,39,1,54,37,54037,2,1998,19UYA225XWL0,1,9,U,Y,A,2,2,5,X,W,L,0,0,P,ACUR,30C,CP,98,17,3186,,0,1069,,G,,F,6,183,,,16R205,,,,,,0,0,000000000,00000000000,0,0,0,1,0,0,0,0,0,0,0,20,0,0,0,1,6,2,12,0,0,0,1,39,45896,6,1,0,0,3,0,71,175,0,0,0,1,0,5,2011,5,2011,0,38,0,0,0,1,2,55,1,1,2,1,0,0,11,15,1,1,2,68,0,1
39,390039,2,2,1,1,2,22,24,12,6,1,0,39,2,55,36,55036,4,2003,KMHCG45C93U4,K,M,H,C,G,4,5,C,9,3,U,4,0,P,HYUN,AGL,4D,3,17,2280,,0,961,,G,,F,4,098,,,13R175,,,,,,0,0,000000000,00000000000,0,0,0,1,0,0,0,0,0,0,0,998,0,0,0,12,6,2,12,0,0,0,1,39,43310,6,1,0,0,3,0,66,200,0,2,1,0,0,4,2010,4,2010,0,0,0,0,0,1,2,55,1,1,2,1,0,0,1,62,1,1,1,69,1,1
39,390040,1,1,1,11,2,2,20,59,0,1,0,39,1,20,401,20401,14,2002,1GNDT13S4223,1,G,N,D,T,1,3,S,4,2,2,3,0,P,CHEV,TRL,UT,2,17,4628,,0,1130,,G,,F,6,256,,,16R245,,,,,,0,0,000000000,00000000000,0,0,0,1,0,0,0,0,0,0,0,998,0,1,3,1,6,2,1,0,0,0,1,39,44004,6,1,0,0,3,0,73,200,1,0,0,0,0,9,2009,9,2009,0,87,0,0,0,3,2,55,1,1,2,2,40,3,1,12,1,4,4,7,1,1
39,390041,1,5,1,16,2,12,55,12,7,1,0,39,2,20,37,20037,4,2002,1G1ND52J02M7,1,G,1,N,D,5,2,J,0,2,M,7,0,P,CHEV,MAL,4D,2,17,3053,,0,1070,,G,,F,6,191,,,15R215,,,,,,0,0,000000000,00000000000,0,0,0,1,0,0,0,0,0,0,0,0,0,0,0,6,2,3,12,0,0,0,1,39,43620,6,1,0,0,3,0,61,105,2,0,0,0,0,9,2009,9,2009,0,0,0,0,0,1,4,35,1,1,2,1,3,3,5,53,1,1,1,98,0,0
39,390041,2,5,1,16,2,12,55,12,7,1,0,39,1,22,20,22020,4,2008,2G2WP5520811,2,G,2,W,P,5,5,2,0,8,1,1,0,P,PONT,GRA,4D,8,17,3477,,0,1105,,G,,F,6,232,,,16R225,,,,,,0,0,000000000,00000000000,0,0,0,1,0,0,0,0,0,0,0,0,0,0,0,6,6,2,12,0,0,0,1,39,43615,6,1,0,0,3,3,75,350,1,0,0,0,0,10,2010,10,2010,0,0,0,0,0,1,4,35,1,1,2,1,3,3,5,53,1,1,1,98,0,0
39,390041,3,5,4,16,2,12,55,12,7,1,0,39,3,12,461,12461,21,1998,1FBSS31L9WHC,1,F,B,S,S,3,1,L,9,W,H,C,0,P,FORD,CWS,SV,98,17,6117,,0,1380,,G,,F,8,330,,,16R245,,,,,,0,0,000000000,00000000000,0,0,0,1,0,0,0,0,0,0,0,0,0,0,0,6,6,2,12,0,0,0,1,39,43614,6,1,0,0,3,0,69,152,1,0,0,1,1,2,2010,2,2011,0,0,0,0,0,1,4,35,1,1,2,1,3,3,5,53,1,1,1,98,0,0
39,390041,4,5,2,16,2,12,55,12,7,1,0,39,1,3,402,3402,14,2006,5GTDN1367681,5,G,T,D,N,1,3,6,7,6,8,1,0,T,HUMM,HH3,4W,6,17,,1,0,1119,HUM,G,,,5,214,,,,,4700,00,R,44,0,0,000000000,00000000000,0,0,0,1,0,0,0,0,0,0,0,998,0,0,0,9,6,2,12,0,0,0,1,39,43560,6,1,0,0,3,3,67,175,1,0,0,0,1,5,2009,6,2009,0,0,0,0,0,1,4,35,1,1,2,1,3,3,2,60,1,1,1,45,0,0
39,390041,5,5,1,16,2,12,55,12,7,1,0,39,1,7,442,7442,20,2003,1D4GP25313B1,1,D,4,G,P,2,5,3,1,3,B,1,0,P,DODG,CAR,SV,3,17,3758,,0,1133,,F,,F,6,201,,,16R215,,,,,,0,0,000000000,00000000000,0,0,0,1,0,0,0,0,0,0,0,50,0,0,0,3,6,2,12,0,0,0,1,39,43605,6,1,0,0,3,0,69,210,0,0,0,0,0,0,0,0,0,0,26,0,0,0,1,4,35,1,1,2,1,3,3,1,11,1,1,2,44,1,0
39,390042,1,1,1,23,2,1,2,30,0,1,0,39,2,12,17,12017,4,2000,1FAFP55U4YA1,1,F,A,F,P,5,5,U,4,Y,A,1,0,P,FORD,TSS,4D,0,17,3333,,0,1085,,G,,F,6,182,,,16R215,,,,,,0,0,000000000,00000000000,0,0,0,1,0,0,0,0,0,0,0,998,0,1,5,12,6,9,30,0,0,0,1,39,43227,1,1,0,0,2,0,69,140,0,1,0,0,2,6,2009,6,2009,0,0,0,0,0,3,4,45,2,2,2,1,0,0,14,13,1,1,4,1,1,1
39,390043,1,3,2,17,2,16,13,12,8,1,0,39,2,12,471,12471,30,1996,1FTCR10A9TUA,1,F,T,C,R,1,0,A,9,T,U,A,0,T,FORD,RNG,PK,96,17,,1,1140,1080,RNG,G,,,4,140,,,,B,2961,00,B,42,0,0,000000000,00000000000,0,0,0,1,0,0,0,0,0,0,0,50,0,1,1,1,6,2,12,0,0,0,1,39,43160,6,7,0,0,3,0,70,180,0,0,0,0,0,0,0,0,0,0,24,0,0,0,2,2,65,1,1,2,1,0,0,1,10,1,1,6,66,1,0
39,390043,2,3,1,17,2,16,13,12,8,1,0,39,1,7,27,7027,6,2010,3D4PG5FV6AT1,3,D,4,P,G,5,F,V,6,A,T,1,0,P,DODG,JOU,UT,10,17,4229,,0,1138,,G,,F,6,214,,,17R225,,,,,,0,0,000000000,00000000000,0,0,0,1,0,0,0,0,0,0,0,65,0,0,0,1,6,2,12,0,0,0,1,39,43460,6,1,0,0,3,0,70,180,0,0,0,0,0,0,0,0,0,0,0,0,0,0,2,2,65,1,1,2,1,0,0,1,62,1,1,1,66,0,0
39,390043,3,3,1,17,2,16,13,12,8,1,0,26,1,23,481,23481,31,2003,2GTEK19T3311,2,G,T,E,K,1,9,T,3,3,1,1,0,T,GMC,NK1,4C,3,17,,2,1575,1435,SIE,G,,,8,325,,,,B,4910,02,4,44,0,0,000000000,00000000000,0,0,0,1,0,0,0,0,0,0,0,65,0,0,0,11,6,2,12,0,0,0,1,26,48144,6,1,0,0,3,0,73,350,0,0,0,0,0,0,0,0,0,0,0,0,0,0,2,2,65,1,1,2,1,0,0,1,62,1,1,1,98,0,0
39,390044,1,2,1,3,2,14,37,12,1,1,0,39,2,55,36,55036,3,2007,KMHCM36C77U0,K,M,H,C,M,3,6,C,7,7,U,0,0,P,HYUN,AGS,2H,7,17,2467,,0,984,,G,,F,4,098,,,14R175,,,,,,0,0,000000000,00000000000,0,0,0,1,0,0,0,0,0,0,0,0,0,1,5,6,6,2,8,0,0,0,1,39,43140,6,1,0,0,3,0,69,190,0,0,0,0,0,0,0,0,0,0,54,0,0,0,1,2,55,1,2,2,1,0,0,5,53,1,1,1,21,0,0
39,390044,2,2,3,3,2,14,37,12,1,1,0,39,1,55,35,55035,4,2002,KMHDN45D02U4,K,M,H,D,N,4,5,D,0,2,U,4,0,P,HYUN,EST,4D,2,17,2635,,0,1027,,G,,F,4,121,,,15R195,,,,,,0,0,000000000,00000000000,0,0,0,1,0,0,0,0,0,0,0,70,0,0,0,12,6,2,12,0,0,0,1,39,43140,6,1,0,0,3,3,74,170,0,0,0,0,0,0,0,0,0,1,26,58,0,0,1,2,55,1,2,2,1,0,0,6,6,7,1,2,20,0,1
39,390045,1,2,1,6,2,16,37,12,7,1,0,39,2,98,739,98739,90,2011,999999999999,9,9,9,9,9,9,9,9,9,9,9,9,0,,,,,,,,,,,,,,,,,,,,,,,,,0,0,000000000,00000000000,0,0,0,1,0,0,0,0,0,0,0,998,0,1,5,11,6,2,12,0,0,0,1,39,43332,6,1,6,0,3,3,71,175,2,0,0,0,2,5,2009,3,2011,1,26,0,0,0,1,2,55,1,1,2,1,0,0,1,6,1,1,1,45,1,1
39,390045,2,2,3,6,2,16,37,12,7,1,0,39,3,90,981,90981,50,2010,1BAKGCPA4AF2,1,B,A,K,G,C,P,A,4,A,F,2,0,T,BLUI,,,10,17,,,,,,,,,,,,,,,,,,,0,88,888888888,88888888888,3,21,22,1,0,0,0,0,1,2,0,0,0,0,0,5,4,3,12,0,0,0,1,39,43340,6,1,6,1,3,3,70,190,1,0,0,0,0,11,2009,11,2009,0,0,0,0,0,1,2,55,1,1,2,1,40,3,5,53,1,1,1,44,0,0
39,390046,1,1,1,12,2,18,1,9,0,1,0,39,1,12,17,12017,4,2005,1FAFP53U25A2,1,F,A,F,P,5,3,U,2,5,A,2,0,P,FORD,TSE,4D,5,17,3306,,0,1085,,G,,F,6,182,,,16R215,,,,,,0,0,000000000,00000000000,0,0,0,1,0,0,0,0,0,0,0,45,0,0,0,12,4,3,9,0,0,0,1,39,44907,6,1,0,0,3,3,60,190,0,1,0,1,1,9,2009,9,2010,1,26,0,0,0,1,2,45,1,2,2,1,0,0,1,80,1,1,1,13,0,0
39,390047,1,2,1,13,2,8,48,12,8,1,0,39,2,12,481,12481,31,1995,2FTHF26HXSCA,2,F,T,H,F,2,6,H,X,S,C,A,0,T,FORD,F25,PK,95,17,,2,0,1330,COF,G,,,8,351,,,,C,00000,00,A,44,0,0,000000000,00000000000,0,0,0,1,0,0,0,0,0,0,0,998,0,0,0,11,6,2,12,0,0,0,1,39,43009,6,1,0,0,3,0,64,115,2,1,0,4,2,8,2010,1,2012,0,28,0,0,0,1,2,55,1,2,3,1,0,0,1,10,1,1,2,64,1,0
39,390047,2,2,1,13,2,8,48,12,8,1,0,39,1,98,998,98998,92,1996,999999999999,9,9,9,9,9,9,9,9,9,9,9,9,0,,,,,,,,,,,,,,,,,,,,,,,,,0,0,000000000,00000000000,0,0,0,1,0,0,0,0,0,0,0,998,0,0,0,9,2,1,12,0,0,0,1,39,43084,6,1,6,0,3,3,74,210,1,0,0,1,1,3,2009,7,2010,0,0,0,0,0,1,2,55,1,2,3,1,0,0,1,62,1,1,1,65,0,0
39,390048,1,2,4,4,2,10,28,12,6,1,0,39,2,20,473,20473,30,2005,1GCDT1364582,1,G,C,D,T,1,3,6,4,5,8,2,0,T,CHEV,RDO,CW,5,17,,1,0,1260,CAL,G,,,5,214,,,,,3802,00,,44,0,0,000000000,00000000000,0,0,0,1,0,0,0,0,0,0,0,45,0,1,1,2,6,2,12,0,0,0,1,39,43040,6,1,0,0,3,3,60,110,0,0,0,0,0,0,0,0,0,1,87,0,0,0,1,2,55,1,1,2,3,0,0,1,6,1,4,2,66,0,0
39,390048,2,2,3,4,2,10,28,12,6,1,0,39,2,20,37,20037,4,2010,1G1ZB5EB7AF1,1,G,1,Z,B,5,E,B,7,A,F,1,0,P,CHEV,M/L,4D,10,17,3415,,0,1123,,G,,F,4,146,,,17R215,,,,,,0,0,000000000,00000000000,0,0,0,1,0,0,0,0,0,0,0,998,0,0,0,12,6,2,12,0,0,0,1,39,43040,6,1,6,0,3,0,75,210,0,0,0,0,0,0,0,0,0,0,0,0,0,0,1,2,55,1,1,2,3,0,0,1,62,1,1,1,66,2,0