STATE,ST_CASE,VEH_NO,VE_FORMS,NUMOCCS,DAY,MONTH,HOUR,MINUTE,HARM_EV,MAN_COLL,UNITTYPE,HIT_RUN,REG_STAT,OWNER,MAKE,MODEL,MAK_MOD,BODY_TYP,MOD_YEAR,VIN,VIN_1,VIN_2,VIN_3,VIN_4,VIN_5,VIN_6,VIN_7,VIN_8,VIN_9,VIN_10,VIN_11,VIN_12,TOW_VEH,VINTYPE,VINMAKE,VINA_MOD,VIN_BT,VINMODYR,VIN_LNGT,VIN_WGT,WGTCD_TR,WHLBS_LG,WHLBS_SH,SER_TR,FUELCODE,MCYCL_DS,CARBUR,CYLINDER,DISPLACE,MCYCL_CY,MCYCL_WT,TIRE_SZE,TON_RAT,TRK_WT,TRKWTVAR,VIN_REST,WHLDRWHL,J_KNIFE,MCARR_I1,MCARR_I2,MCARR_ID,GVWR,V_CONFIG,CARGO_BT,HAZ_INV,HAZ_PLAC,HAZ_ID,HAZ_CNO,HAZ_REL,BUS_USE,SPEC_USE,EMER_USE,TRAV_SP,UNDERIDE,ROLLOVER,ROLINLOC,IMPACT1,DEFORMED,TOWED,M_HARM,VEH_SC1,VEH_SC2,FIRE_EXP,DR_PRES,L_STATE,DR_ZIP,L_STATUS,L_TYPE,CDL_STAT,L_ENDORS,L_COMPL,L_RESTRI,DR_HGT,DR_WGT,PREV_ACC,PREV_SUS,PREV_DWI,PREV_SPD,PREV_OTH,FIRST_MO,FIRST_YR,LAST_MO,LAST_YR,SPEEDREL,DR_SF1,DR_SF2,DR_SF3,DR_SF4,VTRAFWAY,VNUM_LAN,VSPD_LIM,VALIGN,VPROFILE,VPAVETYP,VSURCOND,VTRAFCON,VTCONT_F,P_CRASH1,P_CRASH2,P_CRASH3,PCRASH4,PCRASH5,ACC_TYPE,DEATHS,DR_DRINK
39,390049,1,1,4,12,2,20,40,35,0,1,0,39,2,49,40,49040,4,2005,4T1BE32KX5U0,4,T,1,B,E,3,2,K,X,5,U,0,0,P,TOYT,XLL,4D,5,17,3108,,0,1071,,G,,F,4,144,,,15R205,,,,,,0,0,000000000,00000000000,0,0,0,1,0,0,0,0,0,0,0,69,0,1,5,12,6,2,1,0,0,0,1,39,43160,0,0,0,0,0,0,70,125,0,2,0,0,0,9,2011,12,2011,1,0,0,0,0,1,2,55,1,2,2,1,0,0,1,6,1,4,4,2,1,0
39,390050,1,2,1,14,2,6,0,12,2,1,0,39,3,98,809,98809,63,2003,2FZAATAK33AL,2,F,Z,A,A,T,A,K,3,3,A,L,0,T,STRG,L70,CC,3,17,,8,0,0,STE,D,,,6,439,,,,,00000,00,,42,0,88,888888888,88888888888,3,1,4,1,0,0,0,0,0,0,0,50,0,0,0,12,6,2,12,0,0,0,1,39,44637,6,1,6,0,3,3,73,250,0,0,0,0,1,2,2010,2,2010,0,0,0,0,0,1,2,55,2,2,2,2,0,0,14,62,1,1,1,51,0,0
39,390050,2,2,1,14,2,6,0,12,2,1,0,39,1,20,16,20016,2,1996,1G1JC1244TM1,1,G,1,J,C,1,2,4,4,T,M,1,0,P,CHEV,CAV,CP,96,17,2617,,0,1041,,G,,F,4,133,,,14R195,,,,,,0,0,000000000,00000000000,0,0,0,1,0,0,0,0,0,0,0,998,0,0,0,12,6,2,12,0,0,0,1,39,44654,6,1,0,0,3,3,68,140,0,0,0,0,0,0,0,0,0,0,28,0,0,0,1,2,55,3,2,2,2,0,0,14,10,1,1,2,50,1,0
39,390051,1,1,1,9,2,10,33,8,0,1,0,39,3,86,882,86882,63,2004,1M2K195C34M0,1,M,2,K,1,9,5,C,3,4,M,0,0,T,MACK,MR6,TB,4,17,,8,0,0,600,D,,,6,728,,,,,00000,00,,64,0,57,367679,57367679,3,2,7,1,0,0,0,0,0,0,0,10,0,0,0,11,2,1,8,0,0,0,1,39,44041,6,1,6,0,3,0,72,195,0,0,0,0,1,1,2010,1,2010,0,38,0,0,0,1,4,35,1,1,2,1,2,3,11,80,1,1,1,13,0,0
39,390052,1,2,1,13,2,17,19,12,6,1,0,39,1,49,482,49482,31,2002,5TBBT44182S2,5,T,B,B,T,4,4,1,8,2,S,2,0,T,TOYT,TRS,4C,2,17,,2,0,1283,TUN,G,,,8,285,,,,B,4320,00,U,44,0,0,000000000,00000000000,0,0,0,1,0,0,0,0,0,0,0,998,0,0,0,12,6,2,12,0,0,0,1,39,45247,6,1,0,0,3,3,71,185,0,0,0,1,0,4,2010,4,2010,0,0,0,0,0,1,4,50,1,2,2,1,3,3,1,62,2,1,1,69,0,0
39,390052,2,2,2,13,2,17,19,12,6,1,0,39,2,6,441,6441,20,1994,1C4GH54L4RX3,1,C,4,G,H,5,4,L,4,R,X,3,0,T,CHRY,TWC,ES,94,17,,1,0,1193,TWC,G,,,6,230,,,,,3873,00,,42,0,0,000000000,00000000000,0,0,0,1,0,0,0,0,0,0,0,998,0,1,1,3,6,2,12,0,0,0,1,39,45030,6,1,0,0,3,0,62,140,0,0,0,0,0,0,0,0,0,0,38,0,0,0,1,4,50,1,2,2,1,3,3,11,15,1,1,2,68,1,0
39,390053,1,1,1,22,2,20,15,8,0,1,0,39,1,12,481,12481,31,1989,1FTEX15N9KKB,1,F,T,E,X,1,5,N,9,K,K,B,0,T,FORD,F15,PC,89,17,,2,1550,1390,COF,G,,,8,302,,,,B,3892,02,A,42,0,0,000000000,00000000000,0,0,0,1,0,0,0,0,0,0,0,998,0,0,0,12,4,1,8,0,0,0,1,12,45247,6,1,0,0,3,0,68,130,0,0,0,1,0,3,2010,3,2010,0,0,0,0,0,1,4,35,1,1,2,1,0,0,1,80,3,2,1,13,0,0
39,390054,1,1,1,15,2,9,33,42,0,1,0,39,3,20,481,20481,31,2004,2GCEK19T1412,2,G,C,E,K,1,9,T,1,4,1,2,0,T,CHEV,SK1,4C,4,17,,2,1575,1435,SIL,G,,,8,325,,,,B,4925,00,,44,0,0,000000000,00000000000,0,0,0,1,0,0,0,0,0,0,0,998,0,0,0,12,6,2,42,0,0,0,1,39,44089,6,1,6,0,3,0,70,190,1,0,0,1,0,5,2011,6,2011,0,0,0,0,0,1,2,55,1,1,2,1,0,0,1,13,1,1,4,1,1,0
39,390055,1,1,1,17,2,21,34,8,0,1,0,39,1,7,442,7442,20,2000,1B4GP44GXYB7,1,B,4,G,P,4,4,G,X,Y,B,7,0,T,DODG,GSS,ES,0,17,,1,0,1193,CAR,F,,,6,201,,,,,3863,00,E,42,0,0,000000000,00000000000,0,0,0,1,0,0,0,0,0,0,0,35,0,0,0,1,4,3,8,0,0,0,1,39,45011,6,1,0,0,3,0,65,270,0,0,0,0,0,0,0,0,0,0,0,0,0,0,1,2,40,1,1,2,1,0,0,1,80,1,1,1,13,0,0
39,390056,1,1,2,19,2,20,46,8,0,1,1,39,2,20,2,20002,4,2008,2G1WD58C0892,2,G,1,W,D,5,8,C,0,8,9,2,0,P,CHEV,ISS,4D,8,17,3711,,0,1105,,G,,F,8,323,,,18R235,,,,,,0,0,000000000,00000000000,0,0,0,1,0,0,0,0,0,0,0,70,0,0,0,1,4,3,8,0,0,0,1,39,45408,6,1,0,0,3,3,71,260,0,0,0,0,0,0,0,0,0,1,0,0,0,0,1,2,98,1,1,2,1,0,0,1,80,1,1,1,13,0,1
39,390057,1,2,1,21,2,20,33,8,0,1,0,39,1,20,16,20016,4,1997,1G1JC5246V72,1,G,1,J,C,5,2,4,6,V,7,2,0,P,CHEV,CAV,4D,97,17,2630,,0,1041,,G,,F,4,133,,,14R195,,,,,,0,0,000000000,00000000000,0,0,0,1,0,0,0,0,0,0,0,45,0,0,0,12,4,3,8,0,0,0,1,39,44085,6,1,0,0,3,0,74,200,1,0,0,3,2,7,2010,11,2011,0,0,0,0,0,1,2,55,1,1,2,2,0,0,6,80,1,1,1,13,0,0
39,390057,2,2,1,21,2,20,33,8,0,1,0,39,1,7,482,7482,31,1997,3B7KC23D2VM5,3,B,7,K,C,2,3,D,2,V,M,5,0,T,DODG,250,PC,97,17,,2,1547,1387,RPC,D,,,6,359,,,,C,4787,01,M,42,0,0,000000000,00000000000,0,0,0,1,0,0,0,0,0,0,0,30,0,0,0,9,4,3,8,0,0,0,1,39,44085,6,1,0,0,3,0,70,145,0,0,0,0,1,6,2011,6,2011,0,0,0,0,0,1,2,55,1,1,2,2,0,0,1,80,2,1,1,98,0,1
39,390058,1,1,1,24,2,3,15,32,0,1,0,39,1,7,20,7020,4,2001,1B3ES46C51D1,1,B,3,E,S,4,6,C,5,1,D,1,0,P,DODG,NSS,4D,1,17,2585,,0,1050,,G,,F,4,122,,,14R185,,,,,,0,0,000000000,00000000000,0,0,0,1,0,0,0,0,0,0,0,998,0,1,5,9,6,2,42,0,0,0,1,39,44010,6,1,0,0,3,0,70,160,1,0,0,0,1,9,2010,9,2010,1,0,0,0,0,1,2,55,3,1,2,2,0,0,14,6,1,1,4,1,1,1
39,390059,1,1,1,24,2,21,30,35,0,1,0,39,2,6,52,6052,6,2008,3A8FY48B38T1,3,A,8,F,Y,4,8,B,3,8,T,1,0,P,CHRY,PTC,SV,8,17,3076,,0,1030,,G,,F,4,148,,,15R195,,,,,,0,0,000000000,00000000000,0,0,0,1,0,0,0,0,0,0,0,998,0,1,5,3,6,2,1,0,0,0,1,39,44851,6,1,0,0,3,0,72,160,0,0,0,0,0,0,0,0,0,1,0,0,0,0,1,2,55,1,2,2,3,0,0,1,6,1,4,4,7,1,0
39,390060,1,1,1,25,2,23,0,1,0,1,0,39,1,22,18,22018,4,2004,1G2NW52E14C1,1,G,2,N,W,5,2,E,1,4,C,1,0,P,PONT,GAG,4D,4,17,3168,,0,1070,,G,,F,6,207,,,16R225,,,,,,0,0,000000000,00000000000,0,0,0,1,0,0,0,0,0,0,0,998,0,2,5,0,6,2,1,0,0,0,1,39,43906,6,1,0,0,3,0,64,180,0,0,0,0,0,0,0,0,0,1,0,0,0,0,1,2,55,3,1,2,1,0,0,14,6,6,3,4,2,1,1
39,390061,1,1,2,26,2,9,40,53,0,1,0,39,1,20,9,20009,2,2010,2G1FC1EV3A91,2,G,1,F,C,1,E,V,3,A,9,1,0,P,CHEV,CLT,CP,10,17,3750,,0,1123,,G,,F,6,220,,,19R245,,,,,,0,0,000000000,00000000000,0,0,0,1,0,0,0,0,0,0,0,998,0,1,5,1,6,2,42,0,0,0,1,39,46706,1,1,0,0,2,0,73,190,0,0,0,0,0,0,0,0,0,1,28,58,0,0,1,2,55,1,2,2,1,0,0,1,6,6,4,4,7,2,1
39,390062,1,1,3,27,2,22,7,30,0,1,0,39,2,21,23,21023,4,2000,1G3WS52H0YF2,1,G,3,W,S,5,2,H,0,Y,F,2,0,P,OLDS,IGL,4D,0,17,3455,,0,1090,,G,,F,6,211,,,16R225,,,,,,0,0,000000000,00000000000,0,0,0,1,0,0,0,0,0,0,0,999,0,0,0,9,6,2,30,0,0,0,1,39,43605,0,0,0,0,0,0,72,194,0,3,1,0,0,12,2009,3,2011,1,36,0,0,0,1,2,35,2,1,2,1,0,0,14,6,99,3,4,7,1,1
39,390063,1,2,1,28,2,22,4,12,6,1,0,39,2,98,998,98998,92,1986,000000000000,0,0,0,0,0,0,0,0,0,0,0,0,0,,,,,,,,,,,,,,,,,,,,,,,,,0,0,000000000,00000000000,0,0,0,1,0,0,0,0,0,0,0,10,0,0,0,7,2,1,12,0,0,0,1,39,45327,6,1,0,0,3,0,70,190,0,0,0,2,0,3,2010,10,2010,0,99,99,99,99,1,2,25,1,1,2,98,0,0,10,16,1,1,1,74,0,0
39,390063,2,2,1,28,2,22,4,12,6,1,0,39,2,12,37,12037,2,2008,1FAHP32N88W1,1,F,A,H,P,3,2,N,8,8,W,1,0,P,FORD,FSN,CP,8,17,2588,,0,1029,,G,,F,4,122,,,15R195,,,,,,0,0,000000000,00000000000,0,0,0,1,0,0,0,0,0,0,0,998,1,0,0,11,6,2,12,0,0,0,1,39,45327,6,1,0,0,3,3,63,250,0,0,0,0,2,1,2010,1,2010,0,99,99,99,99,1,2,55,1,1,2,98,0,0,1,54,1,1,1,74,1,0
39,390064,1,2,2,28,2,12,38,12,1,1,0,39,1,12,481,12481,31,2001,2FTZX17201CA,2,F,T,Z,X,1,7,2,0,1,C,A,0,T,FORD,F15,4C,1,17,,1,1571,1385,COF,G,,,6,256,,,,B,4204,05,U,42,0,0,000000000,00000000000,0,0,0,1,0,0,0,0,0,0,0,65,0,0,0,12,6,2,12,0,0,0,1,39,44142,1,1,0,0,2,0,70,190,0,6,0,2,3,3,2009,1,2012,1,26,0,0,0,3,3,60,1,1,2,1,0,0,1,6,1,1,1,24,0,0
39,390064,2,2,1,28,2,12,38,12,1,1,0,39,2,20,481,20481,31,1996,1GCGC34R2TE2,1,G,C,G,C,3,4,R,2,T,E,2,0,T,CHEV,GC3,PK,96,17,,2,0,1315,GM4,G,,,8,350,,,,D,4770,03,,42,0,0,000000000,00000000000,0,0,0,1,0,0,0,0,0,0,0,998,0,1,5,6,6,2,1,0,0,0,1,39,44128,6,1,0,0,3,0,69,210,0,1,0,0,2,6,2011,2,2012,0,0,0,0,0,3,3,60,1,1,2,1,0,0,1,53,1,1,1,25,1,0
39,390065,1,1,1,29,2,19,46,8,0,1,0,39,1,12,471,12471,30,2000,1FTYR14V0YTA,1,F,T,Y,R,1,4,V,0,Y,T,A,0,T,FORD,RNS,PC,0,17,,1,0,1257,RNG,F,,,6,182,,,,B,3271,01,U,42,0,0,000000000,00000000000,0,0,0,1,0,0,0,0,0,0,0,30,0,0,0,11,2,1,8,0,0,0,1,39,43223,6,1,0,0,3,3,70,195,0,0,0,0,0,0,0,0,0,0,0,0,0,0,1,2,35,1,1,2,1,0,0,1,80,1,1,1,13,0,0
39,390066,1,2,3,1,3,17,35,12,2,1,0,39,1,49,38,49038,9,1994,999999999999,9,9,9,9,9,9,9,9,9,9,9,9,0,,,,,,,,,,,,,,,,,,,,,,,,,0,0,000000000,00000000000,0,0,0,1,0,0,0,0,0,0,0,998,0,0,0,12,6,2,12,0,0,0,1,39,45601,6,1,0,0,3,3,66,150,1,0,0,0,1,6,2011,10,2011,0,0,0,0,0,1,2,55,1,1,2,1,0,0,1,62,1,1,1,51,1,0
39,390066,2,2,1,1,3,17,35,12,2,1,0,39,2,21,21,21021,9,2002,999999999999,9,9,9,9,9,9,9,9,9,9,9,9,0,,,,,,,,,,,,,,,,,,,,,,,,,0,0,000000000,00000000000,0,0,0,1,0,0,0,0,0,0,0,55,0,0,0,12,6,2,12,0,0,0,1,39,45644,6,1,0,0,3,0,71,160,1,0,0,0,0,8,2009,8,2009,0,28,0,0,0,1,2,55,1,1,2,1,0,0,1,10,1,1,2,50,0,1
39,390067,1,2,3,4,3,17,45,12,6,1,0,39,1,14,6,14006,4,1999,2MEFM75W6XX6,2,M,E,F,M,7,5,W,6,X,X,6,0,P,MERC,MGL,4D,99,17,3922,,0,1147,,G,,F,8,281,,,16R225,,,,,,0,0,000000000,00000000000,0,0,0,1,0,0,0,0,0,0,0,998,0,0,0,9,6,2,12,0,0,0,1,39,44270,6,1,0,0,3,3,72,130,0,0,0,0,0,0,0,0,0,0,38,48,0,0,1,2,55,1,2,2,2,20,3,12,15,1,1,1,82,1,0
39,390067,2,2,1,4,3,17,45,12,6,1,0,39,3,82,881,82881,66,2005,1FUJA6CK95LN,1,F,U,J,A,6,C,K,9,5,L,N,1,T,FRHT,COL,TR,5,17,,8,0,0,CON,D,,,6,858,,,,,00000,00,,64,1,57,157262,57157262,3,6,1,1,0,0,0,0,0,0,0,35,0,0,0,12,6,2,12,0,0,0,1,39,44287,6,1,6,0,3,0,73,265,0,0,0,0,0,0,0,0,0,0,0,0,0,0,1,2,55,1,2,2,2,0,0,1,67,6,1,2,83,0,0
39,390068,1,1,2,4,3,8,40,35,0,1,0,39,1,20,481,20481,31,2005,1GCEK19T45E1,1,G,C,E,K,1,9,T,4,5,E,1,0,T,CHEV,SK1,4C,5,17,,2,1575,1435,SIL,G,,,8,323,,,,B,4661,00,,44,0,0,000000000,00000000000,0,0,0,1,0,0,0,0,0,0,0,64,0,1,3,11,6,2,1,0,0,0,1,39,45320,6,1,0,0,3,3,68,225,0,0,0,0,0,0,0,0,0,1,87,0,0,0,2,2,65,1,1,2,4,0,0,1,6,1,4,4,7,1,0
39,390069,1,2,2,5,3,21,17,12,2,1,0,48,2,12,481,12481,31,2002,1FTRW07L02KB,1,F,T,R,W,0,7,L,0,2,K,B,0,T,FORD,F1S,CW,2,17,,2,0,1385,COF,G,,,8,330,,,,B,4655,02,E,42,0,0,000000000,00000000000,0,0,0,1,0,0,0,0,0,0,0,35,0,0,0,12,6,9,12,0,0,0,1,39,43215,0,0,0,0,0,0,999,999,0,0,0,0,0,0,0,0,0,0,0,0,0,0,1,4,35,1,1,2,1,0,0,1,62,1,1,1,51,0,0
39,390069,2,2,2,5,3,21,17,12,2,1,0,39,1,49,43,49043,4,2000,4T1BF28B1YU0,4,T,1,B,F,2,8,B,1,Y,U,0,0,P,TOYT,UVS,4D,0,17,3335,,0,1071,,G,,F,6,183,,,15R205,,,,,,0,0,000000000,00000000000,0,0,0,1,0,0,0,0,0,0,0,55,0,0,0,12,6,9,12,0,0,0,1,39,43209,1,1,0,0,2,0,63,150,1,4,0,1,2,2,2010,3,2012,1,99,99,99,99,1,4,35,1,1,2,1,0,0,1,10,1,1,2,50,1,1
39,390070,1,2,1,6,3,5,32,12,2,1,0,39,1,20,401,20401,14,2000,1GNDT13W2Y22,1,G,N,D,T,1,3,W,2,Y,2,2,0,P,CHEV,BZR,UT,0,17,4049,,0,1070,,G,,F,6,262,,,15R205,,,,,,0,0,000000000,00000000000,0,0,0,1,0,0,0,0,0,0,0,998,0,0,0,12,6,2,12,0,0,0,1,39,44667,6,1,0,0,3,3,66,129,2,1,0,0,0,6,2009,10,2011,0,28,0,0,0,1,2,55,1,2,2,1,0,0,6,10,1,1,2,50,1,0
39,390070,2,2,1,6,3,5,32,12,2,1,0,39,3,23,881,23881,61,2007,1GDJK39G57E1,1,G,D,J,K,3,9,G,5,7,E,1,0,T,GMC,NK3,4B,7,17,,3,0,1615,SIE,G,,,8,494,,,,D,6272,00,U,44,0,88,888888888,88888888888,2,1,96,1,0,0,0,0,0,0,0,998,0,0,0,12,6,2,12,0,0,0,1,39,44606,6,1,6,0,3,0,71,220,0,0,0,0,0,0,0,0,0,0,0,0,0,0,1,2,55,1,2,2,1,0,0,1,62,1,1,1,51,0,0
39,390071,1,1,3,6,3,5,50,38,0,1,0,39,1,22,18,22018,2,1998,1G2NW12M1WC7,1,G,2,N,W,1,2,M,1,W,C,7,0,P,PONT,GAG,CP,98,17,2945,,0,1034,,G,,F,6,191,,,16R205,,,,,,0,0,000000000,00000000000,0,0,0,1,0,0,0,0,0,0,0,998,0,1,5,12,6,2,42,0,0,0,1,39,44902,6,1,0,0,3,0,66,175,0,0,0,0,0,0,0,0,0,1,36,0,0,0,1,2,35,1,3,2,1,0,0,1,6,1,1,4,1,1,0
39,390072,1,2,3,7,3,18,45,12,2,1,0,39,2,55,35,55035,4,2002,KMHDN45D72U4,K,M,H,D,N,4,5,D,7,2,U,4,0,P,HYUN,EST,4D,2,17,2635,,0,1027,,G,,F,4,121,,,15R195,,,,,,0,0,000000000,00000000000,0,0,0,1,0,0,0,0,0,0,0,998,0,0,0,12,6,2,12,0,0,0,1,39,45140,6,1,0,0,3,0,66,130,0,0,0,0,0,0,0,0,0,0,28,0,0,0,1,2,55,1,1,2,1,0,0,1,10,1,1,2,50,1,0
39,390072,2,2,2,7,3,18,45,12,2,1,0,39,1,58,421,58421,15,2012,JN8AZ2NE4C90,J,N,8,A,Z,2,N,E,4,C,9,0,0,P,INFI,QX5,UT,12,17,5850,,0,1211,,G,,F,8,342,,,20R275,,,,,,0,0,000000000,00000000000,0,0,0,1,0,0,0,0,0,0,0,45,0,0,0,12,6,2,12,0,0,0,1,39,45039,6,1,0,0,3,0,69,130,0,0,0,0,0,0,0,0,0,0,0,0,0,0,1,2,55,1,1,2,1,0,0,1,62,1,1,1,51,0,0
39,390073,1,1,1,10,3,15,36,30,0,1,0,39,1,14,17,14017,4,2003,1MEFM55S43A6,1,M,E,F,M,5,5,S,4,3,A,6,0,P,MERC,SLP,4D,3,17,3369,,0,1085,,G,,F,6,182,,,16R215,,,,,,0,0,000000000,00000000000,0,0,0,1,0,0,0,0,0,0,0,55,0,0,0,3,6,2,30,0,0,0,1,39,43078,6,1,0,0,3,3,67,145,0,0,0,0,0,0,0,0,0,0,58,0,0,0,1,2,55,1,1,2,1,0,0,1,12,7,1,4,6,1,0
39,390074,1,1,1,13,3,18,45,8,0,1,0,39,1,49,32,49032,4,2000,2T1BR12EXYC2,2,T,1,B,R,1,2,E,X,Y,C,2,0,P,TOYT,UVL,4D,0,17,2403,,0,970,,G,,F,4,109,,,14R175,,,,,,0,0,000000000,00000000000,0,0,0,1,0,0,0,0,0,0,0,35,0,0,0,1,2,3,8,0,0,0,1,39,43412,6,1,0,0,3,3,64,155,0,0,0,0,0,0,0,0,0,0,0,0,0,0,1,2,35,1,1,2,1,0,0,1,80,8,1,2,13,0,0
39,390075,1,2,2,14,3,12,18,12,6,1,0,39,1,37,402,37402,14,1998,JHLRD1863WC1,J,H,L,R,D,1,8,6,3,W,C,1,0,P,HOND,CRV,UT,98,17,3155,,0,1032,,G,,F,4,120,,,15R205,,,,,,0,0,000000000,00000000000,0,0,0,1,0,0,0,0,0,0,0,5,0,1,2,3,6,2,12,0,0,0,1,39,45002,6,1,0,0,3,3,59,122,0,0,0,0,0,0,0,0,0,0,48,0,0,0,1,4,45,1,1,2,1,3,3,11,15,1,1,1,68,1,0
39,390075,2,2,1,14,3,12,18,12,6,1,0,26,3,20,481,20481,31,2011,1GCPKPE39BF1,1,G,C,P,K,P,E,3,9,B,F,1,0,T,CHEV,SK1,CW,11,17,,2,0,1435,SIL,F,,,8,323,,,,B,5346,00,,44,0,0,000000000,00000000000,0,0,0,1,0,0,0,0,0,0,0,42,0,0,0,12,6,2,12,0,0,0,1,39,45002,6,1,6,0,3,3,69,165,0,0,0,0,0,0,0,0,0,0,0,0,0,0,1,4,45,1,1,2,1,3,3,1,62,1,1,1,69,0,0
39,390076,1,1,2,17,3,20,10,38,0,1,1,39,2,12,401,12401,14,1996,1FMCU24X4TUC,1,F,M,C,U,2,4,X,4,T,U,C,0,P,FORD,EPR,UT,96,17,3981,,0,1017,,G,,F,6,245,,,15R225,,,,,,0,0,000000000,00000000000,0,0,0,1,0,0,0,0,0,0,0,65,0,1,5,11,6,2,1,0,0,0,1,39,45244,1,1,0,0,2,0,73,205,0,6,0,0,0,4,2009,5,2011,1,0,0,0,0,1,4,35,1,1,2,1,0,0,1,6,1,3,4,2,1,1
39,390077,1,2,1,14,2,15,10,12,6,1,0,39,1,7,26,7026,4,2010,1B3CC5FB7AN2,1,B,3,C,C,5,F,B,7,A,N,2,0,P,DODG,ART,4D,10,17,3568,,0,1089,,G,,F,4,146,,,17R215,,,,,,0,0,000000000,00000000000,0,0,0,1,0,0,0,0,0,0,0,35,0,0,0,12,6,2,12,0,0,0,1,39,44601,6,1,0,0,3,3,63,180,0,0,0,1,0,7,2010,7,2010,0,39,0,0,0,1,4,35,1,2,2,2,3,3,1,17,1,1,1,86,0,0
39,390077,2,2,2,14,2,15,10,12,6,1,0,39,1,20,2,20002,4,2008,2G1WB58N1892,2,G,1,W,B,5,8,N,1,8,9,2,0,P,CHEV,IPL,4D,8,17,3555,,0,1105,,G,,F,6,214,,,16R225,,,,,,0,0,000000000,00000000000,0,0,0,1,0,0,0,0,0,0,0,30,0,0,0,3,6,2,30,0,0,0,1,39,44509,6,1,0,0,3,0,62,150,0,0,0,0,0,0,0,0,0,0,0,0,0,0,1,4,35,1,2,2,2,3,3,1,66,1,1,1,87,1,0
39,390078,1,1,1,7,3,17,40,59,0,1,0,18,9,72,706,72706,80,1999,999999999999,9,9,9,9,9,9,9,9,9,9,9,9,0,,,,,,,,,,,,,,,,,,,,,,,,,0,0,000000000,00000000000,0,0,0,1,0,0,0,0,0,0,0,998,0,0,0,12,6,2,1,0,0,0,1,39,45311,6,1,0,0,3,0,71,200,0,0,0,0,0,0,0,0,0,0,0,0,0,0,1,2,98,3,1,2,1,0,0,14,13,1,1,4,1,1,1
39,390079,1,1,1,8,3,22,44,10,0,1,0,39,1,12,13,12013,3,1995,1FASP11J7SW1,1,F,A,S,P,1,1,J,7,S,W,1,0,P,FORD,EST,2H,95,17,2355,,0,984,,G,,F,4,113,,,14R175,,,,,,0,0,000000000,00000000000,0,0,0,1,0,0,0,0,0,0,0,0,0,0,0,11,6,2,10,0,0,0,1,39,45840,6,1,0,0,3,0,67,251,1,0,0,0,1,1,2010,1,2010,0,38,0,0,0,1,2,55,1,2,2,1,65,3,5,98,1,1,1,98,1,0
39,390080,1,1,3,9,3,4,36,30,0,1,0,39,2,51,45,51045,4,2000,YV1TS94DXY10,Y,V,1,T,S,9,4,D,X,Y,1,0,0,P,VOLV,S80,4D,0,17,3589,,0,1099,,G,,F,6,178,,,000000,,,,,,0,0,000000000,00000000000,0,0,0,1,0,0,0,0,0,0,0,998,0,0,0,1,6,2,30,0,0,0,1,39,45207,6,1,0,0,3,0,66,110,1,3,0,2,2,5,2009,9,2010,0,36,0,0,0,1,4,35,1,1,2,1,0,0,1,13,1,1,4,1,1,1
39,390081,1,2,5,16,3,22,56,12,6,1,0,39,2,20,22,20022,4,2007,1G1AL58F3772,1,G,1,A,L,5,8,F,3,7,7,2,0,P,CHEV,BLT,4D,7,17,3216,,0,1033,,G,,F,4,134,,,15R195,,,,,,0,0,000000000,00000000000,0,0,0,1,0,0,0,0,0,0,0,998,0,0,0,1,6,2,12,0,0,0,1,39,45011,6,1,0,0,3,3,72,174,0,0,0,0,0,0,0,0,0,0,38,0,0,0,1,4,55,1,2,2,1,3,3,11,15,1,1,1,68,1,0
39,390081,2,2,1,16,3,22,56,12,6,1,0,39,1,19,3,19003,4,2001,1G6KD54Y71U1,1,G,6,K,D,5,4,Y,7,1,U,1,0,P,CADI,DFW,4D,1,17,3978,,0,1138,,G,,F,8,279,,,16R225,,,,,,0,0,000000000,00000000000,0,0,0,1,0,0,0,0,0,0,0,998,0,0,0,12,6,2,12,0,0,0,1,39,45044,6,1,0,0,3,0,74,270,0,0,0,0,0,0,0,0,0,0,0,0,0,0,1,4,55,1,2,2,1,3,3,1,62,1,1,1,69,0,0
39,390082,1,2,1,17,3,18,55,12,6,1,0,39,1,7,482,7482,31,2003,3D7KU28653G7,3,D,7,K,U,2,8,6,5,3,G,7,0,T,DODG,SQ2,CW,3,17,,2,1605,1405,RPC,D,,,6,359,,,,C,5837,07,E,44,0,0,000000000,00000000000,0,0,0,1,0,0,0,0,0,0,0,55,0,1,5,12,6,2,12,0,0,0,1,39,43357,6,1,6,0,3,1,72,150,1,0,0,0,0,1,2011,1,2011,0,0,0,0,0,1,2,55,1,1,2,1,0,0,1,66,1,1,1,88,0,0
39,390082,2,2,2,17,3,18,55,12,6,1,0,39,2,30,47,30047,3,2000,3VWCA21C2YM4,3,V,W,C,A,2,1,C,2,Y,M,4,0,P,VOLK,NGS,2H,0,17,2742,,0,989,,G,,F,4,121,,,16R205,,,,,,0,0,000000000,00000000000,0,0,0,1,0,0,0,0,0,0,0,10,0,0,0,9,6,2,12,0,0,0,1,39,43311,6,1,0,0,3,0,63,135,0,0,0,0,0,0,0,0,0,0,38,0,0,0,1,2,55,1,1,2,1,20,3,1,17,1,1,1,89,2,1