STATE,ST_CASE,VEH_NO,VE_FORMS,NUMOCCS,DAY,MONTH,HOUR,MINUTE,HARM_EV,MAN_COLL,UNITTYPE,HIT_RUN,REG_STAT,OWNER,MAKE,MODEL,MAK_MOD,BODY_TYP,MOD_YEAR,VIN,VIN_1,VIN_2,VIN_3,VIN_4,VIN_5,VIN_6,VIN_7,VIN_8,VIN_9,VIN_10,VIN_11,VIN_12,TOW_VEH,VINTYPE,VINMAKE,VINA_MOD,VIN_BT,VINMODYR,VIN_LNGT,VIN_WGT,WGTCD_TR,WHLBS_LG,WHLBS_SH,SER_TR,FUELCODE,MCYCL_DS,CARBUR,CYLINDER,DISPLACE,MCYCL_CY,MCYCL_WT,TIRE_SZE,TON_RAT,TRK_WT,TRKWTVAR,VIN_REST,WHLDRWHL,J_KNIFE,MCARR_I1,MCARR_I2,MCARR_ID,GVWR,V_CONFIG,CARGO_BT,HAZ_INV,HAZ_PLAC,HAZ_ID,HAZ_CNO,HAZ_REL,BUS_USE,SPEC_USE,EMER_USE,TRAV_SP,UNDERIDE,ROLLOVER,ROLINLOC,IMPACT1,DEFORMED,TOWED,M_HARM,VEH_SC1,VEH_SC2,FIRE_EXP,DR_PRES,L_STATE,DR_ZIP,L_STATUS,L_TYPE,CDL_STAT,L_ENDORS,L_COMPL,L_RESTRI,DR_HGT,DR_WGT,PREV_ACC,PREV_SUS,PREV_DWI,PREV_SPD,PREV_OTH,FIRST_MO,FIRST_YR,LAST_MO,LAST_YR,SPEEDREL,DR_SF1,DR_SF2,DR_SF3,DR_SF4,VTRAFWAY,VNUM_LAN,VSPD_LIM,VALIGN,VPROFILE,VPAVETYP,VSURCOND,VTRAFCON,VTCONT_F,P_CRASH1,P_CRASH2,P_CRASH3,PCRASH4,PCRASH5,ACC_TYPE,DEATHS,DR_DRINK
39,390120,2,2,1,23,1,18,50,12,2,1,0,39,2,20,2,20002,4,2004,2G1WF52K3493,2,G,1,W,F,5,2,K,3,4,9,3,0,P,CHEV,IMP,4D,4,17,3389,,0,1105,,G,,F,6,231,,,16R225,,,,,,0,0,000000000,00000000000,0,0,0,1,0,0,0,0,0,0,0,998,0,0,0,12,6,2,12,0,0,0,1,39,44429,6,1,0,0,3,0,66,260,0,0,0,0,0,0,0,0,0,0,0,0,0,0,3,4,65,1,2,2,1,0,0,1,18,1,1,1,51,1,0
39,390121,1,1,1,25,1,4,55,52,0,1,0,18,3,82,881,82881,66,2011,999999999999,9,9,9,9,9,9,9,9,9,9,9,9,1,,,,,,,,,,,,,,,,,,,,,,,,,1,57,187774,57187774,3,6,1,1,0,0,0,0,0,0,0,53,0,0,0,12,6,2,59,0,0,0,1,39,45415,6,1,6,1,3,3,71,150,0,0,0,0,0,0,0,0,0,0,51,0,0,0,2,2,55,4,1,2,1,0,0,14,12,1,1,4,6,1,0
39,390122,1,1,1,23,2,21,48,8,0,1,0,39,1,20,37,20037,4,2006,1G1ZS51F36F2,1,G,1,Z,S,5,1,F,3,6,F,2,0,P,CHEV,M/L,4D,6,17,3296,,0,1063,,G,,F,4,134,,,15R205,,,,,,0,0,000000000,00000000000,0,0,0,1,0,0,0,0,0,0,0,998,0,0,0,12,4,3,8,0,0,0,1,39,45150,6,1,0,0,3,0,59,160,0,0,0,0,2,5,2009,7,2010,0,0,0,0,0,1,2,40,1,2,2,1,0,0,1,80,2,1,1,13,0,0
39,390123,1,1,1,2,3,11,10,8,0,1,0,39,1,18,7,18007,4,2000,2G4WS52J9Y12,2,G,4,W,S,5,2,J,9,Y,1,2,0,P,BUIC,CCU,4D,0,17,3368,,0,1090,,G,,F,6,191,,,15R205,,,,,,0,0,000000000,00000000000,0,0,0,1,0,0,0,0,0,0,0,33,0,0,0,12,4,3,8,0,0,0,1,39,44883,6,1,0,0,3,3,64,175,0,0,0,0,0,0,0,0,0,1,0,0,0,0,1,4,25,1,1,2,2,40,3,1,80,1,1,1,13,0,0
39,390124,1,1,2,19,3,2,51,33,0,1,0,39,2,12,471,12471,30,2001,1FTYR14U81TA,1,F,T,Y,R,1,4,U,8,1,T,A,0,T,FORD,RNS,PC,1,17,,1,0,1257,RNG,G,,,6,182,,,,B,3271,00,U,42,0,0,000000000,00000000000,0,0,0,1,0,0,0,0,0,0,0,59,0,0,0,12,6,2,2,0,0,1,1,39,44094,3,8,0,0,2,0,66,170,0,0,0,0,0,0,0,0,0,1,0,0,0,0,1,2,25,3,1,2,2,20,3,14,6,1,3,4,2,2,1
39,390125,1,1,1,21,3,0,30,25,0,1,0,39,1,53,705,53705,80,1982,JS1GP71L6C21,J,S,1,G,P,7,1,L,6,C,2,1,0,M,SUZI,G6L,RS,82,17,,,,,,,673,,4,,4,448,,,,,,,0,0,000000000,00000000000,0,0,0,1,0,0,0,0,0,0,0,998,0,0,0,3,6,2,25,0,0,0,1,39,45385,3,1,0,0,2,0,68,200,5,1,0,1,5,5,2009,12,2011,0,0,0,0,0,3,4,50,1,1,2,1,0,0,1,12,1,1,4,6,1,1
39,390126,1,2,1,21,3,17,4,12,6,1,0,39,1,2,406,2406,14,2008,1J8HG48N18C1,1,J,8,H,G,4,8,N,1,8,C,1,0,T,JEEP,SPT,4W,8,17,,2,0,1095,CMD,G,,,8,287,,,,,4826,00,L,44,0,0,000000000,00000000000,0,0,0,1,0,0,0,0,0,0,0,55,0,0,0,12,6,2,12,0,0,0,1,39,44460,6,1,0,0,3,3,64,150,0,0,0,0,0,0,0,0,0,0,0,0,0,0,1,2,55,1,2,2,1,0,0,1,66,1,1,1,88,0,0
39,390126,2,2,1,21,3,17,4,12,6,1,0,39,1,20,401,20401,14,1999,1GNDT13W4X21,1,G,N,D,T,1,3,W,4,X,2,1,0,P,CHEV,BZR,UT,99,17,4023,,0,1070,,G,,F,6,262,,,15R205,,,,,,0,0,000000000,00000000000,0,0,0,1,0,0,0,0,0,0,0,998,0,0,0,9,6,2,12,0,0,0,1,39,44460,6,1,0,0,3,0,72,175,0,0,0,0,0,0,0,0,0,0,39,0,0,0,1,2,55,1,2,2,1,20,3,1,17,1,1,1,89,1,0
39,390127,1,1,1,21,3,19,10,8,0,1,0,39,1,22,2,22002,4,1996,1G2HX52K4TH2,1,G,2,H,X,5,2,K,4,T,H,2,0,P,PONT,BVS,4D,96,17,3351,,0,1108,,G,,F,6,231,,,15R215,,,,,,0,0,000000000,00000000000,0,0,0,1,0,0,0,0,0,0,0,70,0,0,0,1,6,2,8,0,0,0,1,39,44137,1,1,0,0,2,3,72,190,0,4,0,0,0,7,2009,3,2012,1,36,0,0,0,1,4,35,2,1,2,1,0,0,14,12,1,1,4,6,1,0
39,390128,1,1,1,25,3,4,15,25,0,1,0,39,1,18,20,18020,4,2000,2G4WF5514Y13,2,G,4,W,F,5,5,1,4,Y,1,3,0,P,BUIC,R/G,4D,0,17,3543,,0,1090,,G,,Z,6,231,,,16R225,,,,,,0,0,000000000,00000000000,0,0,0,1,0,0,0,0,0,0,0,90,0,0,0,9,6,2,30,0,0,0,1,39,44111,6,1,0,0,3,0,70,156,0,0,0,0,0,0,0,0,0,1,36,0,0,0,3,4,60,1,1,2,1,0,0,1,12,1,1,4,6,1,1
39,390129,1,2,1,27,3,1,25,12,2,1,0,39,3,20,37,20037,5,2012,1G1ZG5E77CF2,1,G,1,Z,G,5,E,7,7,C,F,2,0,P,CHEV,M2Z,4D,12,17,3649,,0,1123,,G,,F,6,220,,,18R225,,,,,,0,0,000000000,00000000000,0,0,0,1,0,0,0,0,0,0,0,998,4,0,0,12,6,2,12,0,0,0,1,39,43015,6,1,6,0,3,0,75,250,0,0,0,0,0,0,0,0,0,0,28,36,0,0,2,2,65,1,1,2,1,0,0,1,12,99,9,4,50,1,1
39,390129,2,2,1,27,3,1,25,12,2,1,0,95,3,82,881,82881,66,2005,999999999999,9,9,9,9,9,9,9,9,9,9,9,9,1,U,,,,9,17,,,,,,,,,,,,,,,,,,,1,57,1849393,571849393,3,6,1,1,0,0,0,0,0,0,0,60,0,0,0,12,6,2,12,0,0,0,1,95,0,9,9,99,9,9,9,999,999,99,99,99,99,99,99,9999,99,9999,0,0,0,0,0,2,2,65,1,1,2,1,0,0,1,62,99,1,1,51,0,0
39,390130,1,1,1,28,3,20,36,8,0,1,0,39,2,12,402,12402,14,2007,1FMYU931X7KA,1,F,M,Y,U,9,3,1,X,7,K,A,0,P,FORD,SPE,UT,7,17,3318,,0,1031,,G,,F,6,183,,,16R235,,,,,,0,0,000000000,00000000000,0,0,0,1,0,0,0,0,0,0,0,45,0,0,0,1,6,9,8,0,0,0,1,39,43068,6,1,0,0,3,0,75,195,0,0,0,0,0,0,0,0,0,0,0,0,0,0,1,6,45,1,1,2,1,0,0,1,80,1,1,1,13,0,0
39,390131,1,2,1,26,1,20,47,12,6,1,0,39,2,20,401,20401,14,2001,1GNDT13W21K1,1,G,N,D,T,1,3,W,2,1,K,1,0,P,CHEV,BZR,UT,1,17,4133,,0,1070,,G,,F,6,262,,,15R235,,,,,,0,0,000000000,00000000000,0,0,0,1,0,0,0,0,0,0,0,60,0,0,0,12,6,2,12,0,0,0,1,39,45068,6,1,0,0,3,0,71,190,0,0,0,1,0,6,2011,6,2011,0,0,0,0,0,1,2,50,1,1,2,2,0,0,1,66,1,1,1,86,0,0
39,390131,2,2,4,26,1,20,47,12,6,1,0,39,2,22,18,22018,2,1999,1G2NE12T7XM7,1,G,2,N,E,1,2,T,7,X,M,7,0,P,PONT,GAS,CP,99,17,3052,,0,1071,,G,,F,4,146,,,15R215,,,,,,0,0,000000000,00000000000,0,0,0,1,0,0,0,0,0,0,0,10,0,0,0,3,6,2,12,0,0,0,1,39,45431,6,1,0,0,3,3,65,135,0,0,0,0,0,0,0,0,0,0,38,91,0,0,1,2,25,1,1,2,2,2,3,1,17,1,1,1,87,1,0
39,390132,1,2,3,29,3,17,6,12,2,1,0,39,1,21,1,21001,2,1981,1G3AR47A7BM5,1,G,3,A,R,4,7,A,7,B,M,5,0,P,OLDS,CSU,CP,81,17,3137,,0,1081,,G,,2,6,231,,,14R185,,,,,,0,0,000000000,00000000000,0,0,0,1,0,0,0,0,0,0,0,60,0,0,0,12,6,9,12,0,0,0,1,39,43232,6,1,0,0,3,0,75,300,0,1,0,0,0,6,2010,6,2010,1,0,0,0,0,1,2,45,1,1,2,1,0,0,1,6,6,1,2,74,2,0
39,390132,2,2,3,29,3,17,6,12,2,1,0,39,1,18,7,18007,4,2000,2G4WS52J1Y11,2,G,4,W,S,5,2,J,1,Y,1,1,0,P,BUIC,CCU,4D,0,17,3368,,0,1090,,G,,F,6,191,,,15R205,,,,,,0,0,000000000,00000000000,0,0,0,1,0,0,0,0,0,0,0,10,0,0,0,12,6,9,12,0,0,0,1,39,43062,1,1,0,0,2,0,63,120,2,2,0,0,0,9,2009,3,2012,0,38,0,0,0,1,2,45,1,1,2,1,0,0,11,15,1,1,1,74,0,0
39,390133,1,1,1,20,3,21,47,9,0,1,0,39,1,37,441,37441,20,2003,5FNRL18593B0,5,F,N,R,L,1,8,5,9,3,B,0,0,P,HOND,UDY,SV,3,17,4299,,0,1181,,G,,F,6,212,,,16R225,,,,,,0,0,000000000,00000000000,0,0,0,1,0,0,0,0,0,0,0,30,0,0,0,9,4,9,9,0,0,0,1,39,44641,6,1,0,0,3,3,69,175,0,0,0,0,0,0,0,0,0,0,0,0,0,0,1,2,35,1,2,2,1,0,0,1,83,1,1,1,13,0,0
39,390134,1,2,2,24,3,18,35,12,2,1,0,39,1,41,37,41037,4,2002,1YVGF22F2252,1,Y,V,G,F,2,2,F,2,2,5,2,0,P,MAZD,U6X,4D,2,17,3023,,0,1051,,G,,F,6,152,,,15R205,,,,,,0,0,000000000,00000000000,0,0,0,1,0,0,0,0,0,0,0,25,0,0,0,12,6,2,12,0,0,0,1,39,44133,6,1,0,0,3,3,72,205,0,0,0,0,0,0,0,0,0,0,0,0,0,0,1,2,25,1,2,2,1,0,0,1,62,1,1,1,51,0,0
39,390134,2,2,1,24,3,18,35,12,2,1,0,39,2,20,22,20022,4,2010,1G1AB5F59A71,1,G,1,A,B,5,F,5,9,A,7,1,0,P,CHEV,BLS,4D,10,17,3216,,0,1033,,G,,F,4,134,,,15R195,,,,,,0,0,000000000,00000000000,0,0,0,1,0,0,0,0,0,0,0,25,0,0,0,12,6,2,12,0,0,0,1,39,44113,6,1,6,0,3,0,73,230,0,0,0,0,0,0,0,0,0,0,28,0,0,0,1,2,25,1,2,2,1,0,0,1,10,1,1,2,50,1,0
39,390136,1,1,1,27,1,0,20,18,0,1,0,39,1,21,21,21021,4,2002,1G3NK52F52C2,1,G,3,N,K,5,2,F,5,2,C,2,0,P,OLDS,AGX,4D,2,17,3021,,0,1070,,G,,F,4,134,,,15R215,,,,,,0,0,000000000,00000000000,0,0,0,1,0,0,0,0,0,0,0,55,0,0,0,3,6,2,18,0,0,0,1,39,44473,6,1,0,0,3,3,72,230,0,1,0,2,1,3,2009,11,2011,0,99,99,99,99,1,4,55,1,1,2,2,40,3,1,13,1,1,4,1,1,1
39,390137,1,1,2,28,1,20,55,35,0,1,0,39,2,22,20,22020,4,2005,2G2WS5229511,2,G,2,W,S,5,2,2,9,5,1,1,0,P,PONT,GPG,4D,5,17,3484,,0,1105,,G,,F,6,231,,,16R225,,,,,,0,0,000000000,00000000000,0,0,0,1,0,0,0,0,0,0,0,100,0,1,5,10,6,2,1,0,0,0,1,39,45679,6,1,0,0,3,0,68,180,0,0,0,0,0,0,0,0,0,1,36,51,0,0,1,2,55,1,2,2,1,0,0,1,6,2,2,4,7,1,0
39,390138,1,2,1,17,1,13,40,12,6,1,0,39,1,14,37,14037,4,1997,1MELM6538VK6,1,M,E,L,M,6,5,3,8,V,K,6,0,P,MERC,MSG,4D,97,17,0,,0,1065,,G,,F,4,121,,,14R185,,,,,,0,0,000000000,00000000000,0,0,0,1,0,0,0,0,0,0,0,35,0,0,0,9,6,9,12,0,0,0,1,39,43085,6,1,0,0,3,3,71,190,0,0,0,3,0,8,2010,7,2011,0,0,0,0,0,1,2,35,1,1,2,2,0,0,1,62,1,1,1,74,1,0
39,390138,2,2,1,17,1,13,40,12,6,1,0,39,3,12,998,12998,93,2000,000000000000,0,0,0,0,0,0,0,0,0,0,0,0,0,,,,,,,,,,,,,,,,,,,,,,,,,0,88,888888888,88888888888,8,98,28,1,0,0,0,0,0,0,0,15,0,0,0,12,2,1,12,0,0,0,1,39,43209,1,1,0,0,2,3,68,161,2,7,0,1,3,2,2009,9,2011,0,38,0,0,0,1,2,35,1,1,2,2,0,0,11,15,1,1,1,74,0,0
39,390139,1,2,2,1,4,0,40,34,0,1,0,39,1,42,36,42036,4,1994,WDBGB34E4RA1,W,D,B,G,B,3,4,E,4,R,A,1,0,P,MERZ,S35,4D,94,17,4430,,0,1197,,D,,T,6,211,,,16R225,,,,,,0,0,000000000,00000000000,0,0,0,1,0,0,0,0,0,0,0,998,0,0,0,12,6,2,12,0,0,0,1,39,44201,6,1,0,0,3,0,70,165,1,0,0,1,1,10,2010,8,2011,0,28,58,0,0,1,2,55,3,1,2,1,20,3,14,13,6,1,4,1,1,1
39,390139,2,2,1,1,4,0,40,34,0,1,0,39,3,51,881,51881,66,1999,4VG7DAGGXXN7,4,V,G,7,D,A,G,G,X,X,N,7,1,T,VOLV,VVN,TR,99,17,,8,0,0,VVN,D,,,6,732,,,,,00000,00,,64,1,57,14480,5714480,3,6,1,1,0,0,0,0,0,0,0,50,0,0,0,12,6,2,12,0,0,0,1,39,44662,6,1,6,0,3,0,68,170,0,0,0,0,0,0,0,0,0,0,0,0,0,0,1,2,55,1,1,2,1,0,0,1,62,1,1,1,98,0,0
39,390140,1,1,1,13,4,23,4,1,0,1,0,39,1,76,705,76705,80,2005,JYARJ06E95A0,J,Y,A,R,J,0,6,E,9,5,A,0,0,M,YAMA,R6L,RC,5,17,,,,,,,599,,4,,4,357,,,,,,,0,0,000000000,00000000000,0,0,0,1,0,0,0,0,0,0,0,55,0,0,0,0,6,2,42,0,0,0,1,39,45140,6,1,0,0,3,0,70,165,0,0,0,1,0,4,2011,4,2011,1,0,0,0,0,1,2,35,3,2,2,1,0,0,14,6,1,1,4,1,1,0
39,390141,1,2,1,27,1,8,43,24,0,1,0,39,1,63,38,63038,4,2010,KNAFU4A22A53,K,N,A,F,U,4,A,2,2,A,5,3,0,P,KIA,FEX,4D,10,17,2707,,0,1043,,G,,F,4,122,,,15R195,,,,,,0,0,000000000,00000000000,0,0,0,1,0,0,0,0,0,0,0,998,0,0,0,12,6,2,12,0,0,0,1,39,44052,6,1,0,0,3,0,76,279,0,0,0,1,0,9,2011,9,2011,1,36,0,0,0,3,3,70,4,2,2,2,0,0,14,5,1,2,4,2,1,0
39,390141,2,2,1,27,1,8,43,24,0,1,0,18,3,84,881,84881,66,2007,2HSCEAPR47C4,2,H,S,C,E,A,P,R,4,7,C,4,1,T,INTL,92I,TR,7,17,,8,0,0,920,D,,,6,915,,,,,00000,00,,64,1,57,0258277,570258277,3,6,3,1,0,0,0,0,0,0,0,65,0,0,0,2,6,2,12,0,0,0,1,42,15010,6,1,6,3,3,3,72,999,0,0,0,0,0,0,0,0,0,0,0,0,0,0,3,3,65,4,2,2,2,0,0,14,60,1,1,1,98,0,0
39,390142,1,2,3,27,1,11,26,12,6,1,0,39,1,20,441,20441,20,1994,1GNDM19Z4RB2,1,G,N,D,M,1,9,Z,4,R,B,2,0,T,CHEV,AST,ES,94,17,,1,0,1110,AST,G,,,6,262,,,,B,4064,00,,42,0,0,000000000,00000000000,0,0,0,1,0,0,0,0,0,0,0,998,2,0,0,12,6,2,12,0,0,0,1,39,43302,6,1,0,0,3,0,72,300,0,0,0,1,2,3,2010,8,2010,0,26,0,0,0,1,2,55,1,1,2,2,0,0,1,56,1,1,1,98,1,0
39,390142,2,2,1,27,1,11,26,12,6,1,0,39,3,82,881,82881,66,2007,1FUJBBCK77LW,1,F,U,J,B,B,C,K,7,7,L,W,1,T,FRHT,ST2,TR,7,17,,8,0,0,CON,D,,,6,855,,,,,00000,00,,64,1,57,01897654,5701897654,3,6,3,1,0,0,0,0,0,0,0,998,0,0,0,8,2,1,12,0,0,0,1,39,43302,6,1,6,1,3,0,73,220,1,0,0,0,0,10,2010,10,2010,0,0,0,0,0,1,2,55,1,1,2,2,0,0,13,98,1,1,2,98,0,0
39,390143,1,1,1,31,1,20,30,8,0,1,0,39,1,51,401,51401,14,2004,YV1CZ59H2410,Y,V,1,C,Z,5,9,H,2,4,1,0,0,P,VOLV,XC9,UT,4,17,4493,,0,1125,,G,,T,5,153,,,17R235,,,,,,0,0,000000000,00000000000,0,0,0,1,0,0,0,0,0,0,0,998,0,0,0,12,6,2,8,0,0,0,1,39,43119,6,1,0,0,3,0,69,180,0,0,0,1,0,1,2012,1,2012,0,0,0,0,0,1,3,99,1,1,2,1,0,0,1,80,1,1,1,13,0,0
39,390144,1,1,1,31,1,22,1,8,0,1,0,39,1,30,47,30047,1,2004,3VWCM31YX4M3,3,V,W,C,M,3,1,Y,X,4,M,3,0,P,VOLK,NGS,CV,4,17,3008,,0,989,,G,,F,4,121,,,16R205,,,,,,0,0,000000000,00000000000,0,0,0,1,0,0,0,0,0,0,0,26,0,0,0,12,4,1,8,0,0,0,1,39,44223,6,1,0,0,3,0,64,140,0,0,0,0,0,0,0,0,0,1,99,99,99,99,1,2,25,1,2,2,2,3,3,1,80,1,1,1,13,0,0
39,390145,1,2,1,1,2,5,30,12,6,1,0,13,1,82,884,82884,66,2007,1FUJA6CV67LX,1,F,U,J,A,6,C,V,6,7,L,X,1,T,FRHT,COL,TR,7,17,,8,0,0,CON,D,,,6,782,,,,,00000,00,,64,1,57,2163050,572163050,3,6,1,1,0,0,0,0,0,0,0,998,0,0,0,9,2,3,12,0,0,0,1,13,30519,6,1,6,1,3,3,69,160,98,5,0,1,5,3,2009,6,2011,0,38,51,0,0,3,4,55,1,1,2,2,0,0,13,98,1,1,2,92,0,0
39,390145,2,2,1,1,2,5,30,12,6,1,0,39,3,23,481,23481,31,2008,1GTHC29K88E2,1,G,T,H,C,2,9,K,8,8,E,2,0,T,GMC,2CH,4C,8,17,,2,1575,1435,SIE,G,,,8,366,,,,C,5596,03,4,42,0,0,000000000,00000000000,0,0,0,1,0,0,0,0,0,0,0,998,1,0,0,12,6,2,12,0,0,0,1,39,45102,6,1,0,0,3,3,66,160,3,0,0,0,2,10,2009,8,2011,0,0,0,0,0,3,4,60,1,1,2,2,0,0,1,56,2,1,1,93,1,0
39,390146,1,2,1,1,2,7,15,12,6,1,0,39,2,20,471,20471,30,2000,1GCCS14W9YK2,1,G,C,C,S,1,4,W,9,Y,K,2,0,T,CHEV,S14,PK,0,17,,1,1179,1083,S,G,,,6,262,,,,B,3029,03,,42,0,0,000000000,00000000000,0,0,0,1,0,0,0,0,0,0,0,40,0,0,0,3,6,2,12,0,0,0,1,39,43413,6,1,0,0,3,0,62,105,0,0,0,0,0,0,0,0,0,0,39,0,0,0,1,4,55,1,1,2,2,2,3,1,17,1,1,1,87,1,0
39,390146,2,2,1,1,2,7,15,12,6,1,0,39,1,49,51,49051,4,2008,999999999999,9,9,9,9,9,9,9,9,9,9,9,9,0,,,,,,,,,,,,,,,,,,,,,,,,,0,0,000000000,00000000000,0,0,0,1,0,0,0,0,0,0,0,55,0,0,0,12,6,2,12,0,0,0,1,39,44857,6,1,0,0,3,3,68,240,0,0,0,0,0,0,0,0,0,0,0,0,0,0,1,2,55,1,1,2,2,0,0,1,66,1,1,1,86,0,0
39,390147,1,2,1,2,2,22,27,8,0,1,0,39,1,18,2,18002,4,1997,1G4HR52K9VH5,1,G,4,H,R,5,2,K,9,V,H,5,0,P,BUIC,LLF,4D,97,17,3488,,0,1108,,G,,F,6,231,,,15R205,,,,,,0,0,000000000,00000000000,0,0,0,1,0,0,0,0,0,0,0,45,0,0,0,2,4,1,8,0,0,0,1,39,43214,6,1,0,0,3,0,72,150,0,1,0,0,1,9,2011,10,2011,0,0,0,0,0,1,4,45,1,1,2,1,0,0,1,17,1,1,1,98,0,0
39,390147,2,2,1,2,2,22,27,8,0,1,1,99,9,99,499,99499,14,9999,999999999999,9,9,9,9,9,9,9,9,9,9,9,9,0,,,,,,,,,,,,,,,,,,,,,,,,,0,0,000000000,00000000000,0,0,0,1,0,0,0,0,0,0,0,999,0,0,0,99,9,1,8,0,0,0,1,99,99999,9,9,99,9,9,9,999,999,99,99,99,99,99,99,9999,99,9999,9,99,99,99,99,1,4,45,1,1,2,1,0,0,1,17,1,1,1,13,0,0
39,390148,1,2,1,3,2,17,56,12,6,1,0,39,2,52,37,52037,3,2002,4A3AC84H82E0,4,A,3,A,C,8,4,H,8,2,E,0,0,P,MITS,ECG,2H,2,17,3120,,0,1008,,G,,F,6,181,,,17R215,,,,,,0,0,000000000,00000000000,0,0,0,1,0,0,0,0,0,0,0,998,0,0,0,61,6,2,12,0,0,0,1,39,45245,6,1,0,0,3,3,66,179,0,0,0,2,0,4,2009,10,2011,0,38,0,0,0,6,1,55,1,1,2,1,20,3,11,15,99,1,1,82,1,0
39,390148,2,2,1,3,2,17,56,12,6,1,0,39,1,7,482,7482,31,2003,3D7KU28C93G8,3,D,7,K,U,2,8,C,9,3,G,8,0,T,DODG,SQ2,CW,3,17,,2,1605,1405,RPC,D,,,6,359,,,,C,5837,07,E,44,0,0,000000000,00000000000,0,0,0,1,0,0,0,0,0,0,0,45,0,0,0,12,6,2,12,0,0,0,1,39,45103,6,1,0,0,3,0,72,230,0,0,0,2,1,12,2010,5,2011,0,0,0,0,0,1,2,55,1,1,2,1,0,0,1,67,3,2,1,83,0,0
39,390150,1,1,1,5,2,11,0,59,0,1,0,39,1,82,881,82881,66,1993,1FUYDZYB0PP4,1,F,U,Y,D,Z,Y,B,0,P,P,4,1,T,FRHT,FLD,TR,93,17,,8,0,0,CON,D,,,6,774,,,,,00000,00,,64,1,57,1122942,571122942,3,6,1,1,0,0,0,0,0,0,0,998,0,1,5,2,2,3,1,0,0,0,1,39,44626,1,1,1,1,2,3,71,180,2,1,0,0,1,7,2010,5,2011,0,35,0,0,0,1,2,55,4,2,4,1,0,0,14,13,1,1,4,1,1,1
39,390151,1,2,2,7,2,14,54,12,1,1,0,39,1,14,401,14401,14,2002,4M2ZU86E62UJ,4,M,2,Z,U,8,6,E,6,2,U,J,0,P,MERC,MOU,UT,2,17,4410,,0,1138,,G,,F,6,245,,,16R245,,,,,,0,0,000000000,00000000000,0,0,0,1,0,0,0,0,0,0,0,40,0,0,0,12,6,2,12,0,0,0,1,39,45601,6,1,0,0,3,0,71,225,0,0,0,0,0,0,0,0,0,0,0,0,0,0,1,2,55,4,2,2,1,0,0,14,62,1,1,1,65,0,0
39,390151,2,2,1,7,2,14,54,12,1,1,0,39,2,12,37,12037,5,2000,3FAHP3137YR1,3,F,A,H,P,3,1,3,7,Y,R,1,0,P,FORD,FZX,3P,0,17,2551,,0,1030,,G,,F,4,121,,,15R195,,,,,,0,0,000000000,00000000000,0,0,0,1,0,0,0,0,0,0,0,998,0,0,0,6,6,2,12,0,0,0,1,39,45601,6,1,0,0,3,0,62,150,0,2,0,0,0,4,2010,11,2011,0,36,51,0,0,1,2,55,4,2,2,1,0,0,14,8,1,2,2,64,1,0
39,390153,1,1,1,8,1,15,41,8,0,1,0,39,2,20,2,20002,4,2006,2G1WT58K4691,2,G,1,W,T,5,8,K,4,6,9,1,0,P,CHEV,IMT,4D,6,17,3477,,0,1105,,F,,F,6,214,,,16R225,,,,,,0,0,000000000,00000000000,0,0,0,1,0,0,0,0,0,0,0,10,0,0,0,9,2,3,8,0,0,0,1,99,99999,9,9,99,9,9,9,999,999,99,99,99,99,99,99,9999,99,9999,0,0,0,0,0,1,2,35,1,1,2,1,3,3,11,80,1,1,1,13,0,0
39,390154,1,1,1,3,2,6,40,8,0,1,0,39,1,49,32,49032,4,2002,4T1BE32K32U5,4,T,1,B,E,3,2,K,3,2,U,5,0,P,TOYT,LXS,4D,2,17,3086,,0,1071,,G,,F,4,144,,,15R205,,,,,,0,0,000000000,00000000000,0,0,0,1,0,0,0,0,0,0,0,15,0,0,0,12,4,3,8,0,0,0,1,39,44130,6,1,0,0,3,3,74,230,0,0,0,0,0,0,0,0,0,0,0,0,0,0,1,4,25,1,1,2,1,0,0,1,80,1,1,1,13,0,0
39,390155,1,1,4,4,3,1,55,34,0,1,0,39,2,54,38,54038,3,2003,JH4DC53023C0,J,H,4,D,C,5,3,0,2,3,C,0,0,P,ACUR,RST,2H,3,17,2767,,0,1012,,G,,F,4,122,,,16R205,,,,,,0,0,000000000,00000000000,0,0,0,1,0,0,0,0,0,0,0,75,0,0,0,12,6,2,42,0,0,0,1,39,43326,0,0,0,0,0,0,65,140,0,0,0,0,0,0,0,0,0,1,58,0,0,0,1,2,55,2,2,2,1,0,0,14,6,7,3,4,2,3,1
39,390156,1,2,1,16,3,20,30,12,2,1,0,39,1,20,22,20022,4,2007,1G1AL55F7773,1,G,1,A,L,5,5,F,7,7,7,3,0,P,CHEV,BLT,4D,7,17,3216,,0,1033,,G,,F,4,134,,,15R195,,,,,,0,0,000000000,00000000000,0,0,0,1,0,0,0,0,0,0,0,998,0,0,0,12,6,2,12,0,0,0,1,39,44688,6,1,0,0,3,3,67,135,0,0,0,0,0,0,0,0,0,0,0,0,0,0,1,2,55,2,2,2,1,0,0,14,62,1,1,1,51,1,0
39,390156,2,2,1,16,3,20,30,12,2,1,0,39,1,20,473,20473,30,2005,1GCDT1363582,1,G,C,D,T,1,3,6,3,5,8,2,0,T,CHEV,RDO,CW,5,17,,1,0,1260,CAL,G,,,5,214,,,,,3802,00,,44,0,0,000000000,00000000000,0,0,0,1,0,0,0,0,0,0,0,55,0,0,0,12,6,2,12,0,0,0,1,39,44620,1,1,0,0,2,3,68,165,0,7,0,5,0,4,2009,1,2010,0,28,0,0,0,1,2,55,3,2,2,1,0,0,14,10,1,1,2,50,0,1