STATE,ST_CASE,VEH_NO,VE_FORMS,NUMOCCS,DAY,MONTH,HOUR,MINUTE,HARM_EV,MAN_COLL,UNITTYPE,HIT_RUN,REG_STAT,OWNER,MAKE,MODEL,MAK_MOD,BODY_TYP,MOD_YEAR,VIN,VIN_1,VIN_2,VIN_3,VIN_4,VIN_5,VIN_6,VIN_7,VIN_8,VIN_9,VIN_10,VIN_11,VIN_12,TOW_VEH,VINTYPE,VINMAKE,VINA_MOD,VIN_BT,VINMODYR,VIN_LNGT,VIN_WGT,WGTCD_TR,WHLBS_LG,WHLBS_SH,SER_TR,FUELCODE,MCYCL_DS,CARBUR,CYLINDER,DISPLACE,MCYCL_CY,MCYCL_WT,TIRE_SZE,TON_RAT,TRK_WT,TRKWTVAR,VIN_REST,WHLDRWHL,J_KNIFE,MCARR_I1,MCARR_I2,MCARR_ID,GVWR,V_CONFIG,CARGO_BT,HAZ_INV,HAZ_PLAC,HAZ_ID,HAZ_CNO,HAZ_REL,BUS_USE,SPEC_USE,EMER_USE,TRAV_SP,UNDERIDE,ROLLOVER,ROLINLOC,IMPACT1,DEFORMED,TOWED,M_HARM,VEH_SC1,VEH_SC2,FIRE_EXP,DR_PRES,L_STATE,DR_ZIP,L_STATUS,L_TYPE,CDL_STAT,L_ENDORS,L_COMPL,L_RESTRI,DR_HGT,DR_WGT,PREV_ACC,PREV_SUS,PREV_DWI,PREV_SPD,PREV_OTH,FIRST_MO,FIRST_YR,LAST_MO,LAST_YR,SPEEDREL,DR_SF1,DR_SF2,DR_SF3,DR_SF4,VTRAFWAY,VNUM_LAN,VSPD_LIM,VALIGN,VPROFILE,VPAVETYP,VSURCOND,VTRAFCON,VTCONT_F,P_CRASH1,P_CRASH2,P_CRASH3,PCRASH4,PCRASH5,ACC_TYPE,DEATHS,DR_DRINK
39,390157,1,1,1,28,3,22,5,34,0,1,0,39,2,20,481,20481,31,2003,1GCHK24U93E3,1,G,C,H,K,2,4,U,9,3,E,3,0,T,CHEV,2KH,PK,3,17,,2,0,1330,SIL,G,,,8,364,,,,C,5484,00,,44,0,0,000000000,00000000000,0,0,0,1,0,0,0,0,0,0,0,71,0,1,5,1,6,2,2,0,0,1,1,39,45171,1,1,0,0,2,3,73,185,0,3,1,2,1,9,2009,9,2011,1,28,58,0,0,1,2,55,2,1,2,1,0,0,14,6,6,4,4,7,1,1
39,390158,1,2,1,30,3,9,20,12,2,1,0,39,1,20,2,20002,4,2010,2G1WB5EK2A12,2,G,1,W,B,5,E,K,2,A,1,2,0,P,CHEV,IMT,4D,10,17,3555,,0,1105,,F,,F,6,214,,,16R225,,,,,,0,0,000000000,00000000000,0,0,0,1,0,0,0,0,0,0,0,50,0,0,0,12,6,2,12,0,0,0,1,39,45628,6,1,0,0,3,0,68,223,0,0,0,0,0,0,0,0,0,0,0,0,0,0,1,2,55,1,1,2,2,0,0,1,62,1,1,1,51,0,0
39,390158,2,2,1,30,3,9,20,12,2,1,0,39,2,20,16,20016,4,1998,1G1JC5241W72,1,G,1,J,C,5,2,4,1,W,7,2,0,P,CHEV,CAV,4D,98,17,2630,,0,1041,,G,,F,4,133,,,14R195,,,,,,0,0,000000000,00000000000,0,0,0,1,0,0,0,0,0,0,0,998,0,1,5,12,6,2,12,0,0,0,1,39,45628,1,1,0,0,2,0,62,132,1,3,1,0,0,4,2010,3,2011,0,28,58,0,0,1,2,55,1,1,2,2,0,0,1,10,6,1,2,50,1,0
39,390159,1,2,4,1,4,8,30,12,7,1,0,39,1,37,31,37031,4,2004,1HGES16534L0,1,H,G,E,S,1,6,5,3,4,L,0,0,P,HOND,UCL,4D,4,17,2515,,0,1031,,G,,F,4,102,,,15R195,,,,,,0,0,000000000,00000000000,0,0,0,1,0,0,0,0,0,0,0,66,0,0,0,83,2,1,12,0,0,0,1,39,44720,6,1,6,0,3,0,68,180,0,0,0,0,0,0,0,0,0,0,0,0,0,0,2,2,65,1,2,2,1,0,0,1,61,1,1,1,45,0,0
39,390159,2,2,2,1,4,8,30,12,7,1,0,39,1,63,32,63032,6,2002,KNADC163X260,K,N,A,D,C,1,6,3,X,2,6,0,0,P,KIA,RIC,SW,2,17,2436,,0,949,,G,,F,4,091,,,14R175,,,,,,0,0,000000000,00000000000,0,0,0,1,0,0,0,0,0,0,0,65,0,0,0,62,6,2,42,0,0,0,1,39,44234,6,1,0,0,3,3,68,185,0,0,0,0,0,0,0,0,0,0,28,58,0,0,2,2,65,1,2,2,1,0,0,15,10,1,1,2,47,1,0
39,390160,1,1,4,3,4,0,5,32,0,1,0,39,2,18,2,18002,4,1997,1G4HP52K7VH5,1,G,4,H,P,5,2,K,7,V,H,5,0,P,BUIC,LCF,4D,97,17,3446,,0,1108,,G,,F,6,231,,,15R205,,,,,,0,0,000000000,00000000000,0,0,0,1,0,0,0,0,0,0,0,998,0,1,5,11,6,2,1,0,0,0,1,39,44842,6,1,0,0,3,3,73,200,1,5,2,0,1,4,2010,1,2012,1,0,0,0,0,1,2,55,2,1,2,1,0,0,14,6,1,1,4,6,1,1
39,390161,1,2,1,3,4,17,15,12,2,1,0,39,2,2,405,2405,14,2002,1J4GL58K12W2,1,J,4,G,L,5,8,K,1,2,W,2,0,T,JEEP,LMD,4W,2,17,,1,0,1043,LIB,G,,,6,226,,,,,3975,00,E,44,0,0,000000000,00000000000,0,0,0,1,0,0,0,0,0,0,0,55,0,0,0,12,6,2,12,0,0,0,1,39,45424,6,1,0,0,3,3,67,215,0,0,0,0,0,0,0,0,0,0,28,58,0,0,2,2,60,4,2,2,1,0,0,14,10,6,1,6,50,0,0
39,390161,2,2,2,3,4,17,15,12,2,1,0,42,2,55,35,55035,4,2010,KMHDU4ADXAU0,K,M,H,D,U,4,A,D,X,A,U,0,0,P,HYUN,BGS,4D,10,17,2723,,0,1043,,G,,F,4,121,,,15R195,,,,,,0,0,000000000,00000000000,0,0,0,1,0,0,0,0,0,0,0,65,0,0,0,12,6,2,12,0,0,0,1,42,15136,6,1,0,0,3,0,63,999,0,0,0,0,0,0,0,0,0,0,0,0,0,0,2,2,60,4,2,2,1,0,0,14,62,1,1,1,51,1,0
39,390162,1,1,1,6,4,15,59,14,0,1,0,39,1,37,31,37031,2,2001,1HGEM22551L0,1,H,G,E,M,2,2,5,5,1,L,0,0,P,HOND,UCL,CP,1,17,2496,,0,1031,,G,,F,4,102,,,14R185,,,,,,0,0,000000000,00000000000,0,0,0,1,0,0,0,0,0,0,0,50,0,0,0,11,6,2,31,0,0,0,1,39,44136,6,1,0,0,3,0,67,185,0,0,0,1,2,9,2009,1,2011,0,28,0,0,0,1,4,35,1,1,2,1,0,0,1,12,1,1,4,6,1,1
39,390163,1,1,1,16,3,15,52,8,0,1,0,39,1,19,18,19018,4,2010,1G6DS5EV9A01,1,G,6,D,S,5,E,V,9,A,0,1,0,P,CADI,CMA,4D,10,17,3861,,0,1134,,G,,F,6,220,,,18R235,,,,,,0,0,000000000,00000000000,0,0,0,1,0,0,0,0,0,0,0,35,0,0,0,1,2,3,8,0,0,0,1,39,44139,6,1,0,0,3,3,67,140,0,0,0,0,0,0,0,0,0,0,0,0,0,0,1,2,35,1,1,2,1,0,0,1,80,1,1,1,13,0,0
39,390164,1,1,2,31,3,2,32,40,0,1,0,39,1,12,17,12017,4,2001,1FAFP55281A2,1,F,A,F,P,5,5,2,8,1,A,2,0,P,FORD,TSS,4D,1,17,3343,,0,1085,,F,,F,6,182,,,16R215,,,,,,0,0,000000000,00000000000,0,0,0,1,0,0,0,0,0,0,0,998,0,0,0,13,6,2,42,0,0,0,1,39,44203,6,1,0,0,3,0,64,135,0,0,0,0,0,0,0,0,0,0,28,58,0,0,1,2,45,1,2,2,1,0,0,1,13,7,1,4,1,1,1
39,390165,1,1,1,8,2,16,39,39,0,1,0,39,2,49,40,49040,4,2008,4T1BE46K98U7,4,T,1,B,E,4,6,K,9,8,U,7,0,P,TOYT,XSL,4D,8,17,3263,,0,1093,,G,,F,4,146,,,16R215,,,,,,0,0,000000000,00000000000,0,0,0,1,0,0,0,0,0,0,0,60,0,0,0,11,6,2,39,0,0,0,1,39,44134,6,1,0,0,3,3,60,149,0,0,0,0,0,0,0,0,0,0,36,0,0,0,2,4,60,1,1,2,1,0,0,1,12,1,1,4,6,1,0
39,390166,1,1,1,9,2,23,25,30,0,1,0,39,2,7,482,7482,31,2002,1D7HA16N02J1,1,D,7,H,A,1,6,N,0,2,J,1,0,T,DODG,150,PK,2,17,,2,1405,1205,RPC,G,,,8,287,,,,B,4366,01,E,42,0,0,000000000,00000000000,0,0,0,1,0,0,0,0,0,0,0,998,0,0,0,3,6,2,30,0,0,0,1,39,44646,6,1,0,0,3,0,64,115,0,0,0,0,0,0,0,0,0,0,51,0,0,0,1,2,40,1,1,2,1,0,0,1,13,1,1,4,1,1,1
39,390167,1,1,1,11,2,9,0,34,0,1,0,39,2,7,442,7442,20,1999,2B4FP2530XR3,2,B,4,F,P,2,5,3,0,X,R,3,0,P,DODG,CAR,SV,99,17,3415,,0,1133,,G,,F,6,181,,,14R205,,,,,,0,0,000000000,00000000000,0,0,0,1,0,0,0,0,0,0,0,998,0,1,5,12,6,2,1,0,0,0,1,39,43157,6,1,0,0,3,3,62,220,0,0,0,0,0,0,0,0,0,1,36,0,0,0,1,2,55,4,1,2,3,0,0,14,6,1,2,4,7,1,0
39,390168,1,1,1,11,2,11,10,35,0,1,0,39,2,20,401,20401,14,2002,1GNDT13S3223,1,G,N,D,T,1,3,S,3,2,2,3,0,P,CHEV,TRL,UT,2,17,4628,,0,1130,,G,,F,6,256,,,16R245,,,,,,0,0,000000000,00000000000,0,0,0,1,0,0,0,0,0,0,0,998,0,1,5,10,6,2,1,0,0,0,1,39,45612,6,1,0,0,3,3,67,250,0,0,0,0,0,0,0,0,0,1,36,0,0,0,1,2,55,1,2,2,2,0,0,1,5,1,2,4,2,1,0
39,390169,1,2,1,11,2,14,5,12,6,1,0,39,3,20,881,20881,63,2006,1GBP8C1C56F4,1,G,B,P,8,C,1,C,5,6,F,4,0,T,CHEV,C8C,CC,6,17,,8,2960,1400,C85,D,,,6,439,,,,,00000,00,,42,0,99,999999999,99999999999,3,1,4,1,0,0,0,0,0,0,0,5,0,0,0,3,6,2,12,0,0,0,1,39,43551,6,1,6,1,3,0,69,175,0,0,0,0,0,0,0,0,0,0,48,0,0,0,1,4,55,1,1,2,4,0,0,10,17,1,1,3,98,0,0
39,390169,2,2,2,11,2,14,5,12,6,1,0,39,1,12,471,12471,30,1997,1FTCR10A2VUA,1,F,T,C,R,1,0,A,2,V,U,A,0,T,FORD,RNG,PK,97,17,,1,1140,1080,RNG,G,,,4,140,,,,B,2970,01,E,42,0,0,000000000,00000000000,0,0,0,1,0,0,0,0,0,0,0,50,0,0,0,12,6,2,12,0,0,0,1,39,43615,6,1,0,0,3,0,67,170,0,0,0,0,0,0,0,0,0,0,0,0,0,0,1,4,55,1,1,2,4,0,0,1,61,1,1,1,98,1,0
39,390170,1,2,2,12,2,2,45,12,7,1,0,39,2,22,398,22398,9,2003,1GMDX03E43D2,1,G,M,D,X,0,3,E,4,3,D,2,0,T,PONT,MON,ES,3,17,,1,0,1210,MON,G,,,6,207,,,,B,3942,00,K,42,0,0,000000000,00000000000,0,0,0,1,0,0,0,0,0,0,0,70,0,1,1,9,6,9,1,0,0,0,1,39,43204,0,0,0,0,0,0,999,999,0,0,0,0,1,4,2011,4,2011,1,0,0,0,0,3,3,65,1,1,2,1,0,0,1,61,1,1,1,45,2,0
39,390170,2,2,1,12,2,2,45,12,7,1,1,39,2,7,24,7024,4,2006,2B3LA73W36H4,2,B,3,L,A,7,3,W,3,6,H,4,0,P,DODG,RT8,4D,6,17,4088,,0,1200,,G,,F,8,372,,,18R225,,,,,,0,0,000000000,00000000000,0,0,0,1,0,0,0,0,0,0,0,75,0,0,0,3,4,1,12,0,0,0,1,39,43232,1,1,0,0,2,0,67,145,0,7,1,0,2,5,2009,4,2011,1,99,99,99,99,3,3,65,1,1,2,1,0,0,15,61,1,1,2,44,0,0
39,390171,1,1,3,13,2,11,0,17,0,1,0,39,1,20,19,20019,2,1996,1G1JC1247T72,1,G,1,J,C,1,2,4,7,T,7,2,0,P,CHEV,CAV,CP,96,17,2617,,0,1041,,G,,F,4,133,,,14R195,,,,,,0,0,000000000,00000000000,0,0,0,1,0,0,0,0,0,0,0,50,0,0,0,12,6,2,42,0,0,0,1,39,44444,1,1,0,0,2,0,73,160,0,5,0,2,2,3,2009,9,2010,1,36,91,0,0,1,2,45,1,1,2,1,40,3,1,6,1,2,4,7,2,0
39,390172,1,2,1,14,2,15,2,12,2,1,0,39,1,63,32,63032,5,2006,KNADE1634661,K,N,A,D,E,1,6,3,4,6,6,1,0,P,KIA,RI5,4H,6,17,2438,,0,984,,G,,F,4,098,,,14R175,,,,,,0,0,000000000,00000000000,0,0,0,1,0,0,0,0,0,0,0,45,0,0,0,12,6,2,12,0,0,0,1,39,44266,6,1,0,0,3,0,69,150,0,0,0,0,0,0,0,0,0,0,51,0,0,0,1,2,50,4,2,4,2,0,0,14,10,1,1,2,50,1,0
39,390172,2,2,1,14,2,15,2,12,2,1,0,39,1,63,38,63038,4,2011,KNAFU4A2XB54,K,N,A,F,U,4,A,2,X,B,5,4,0,P,KIA,FEX,4D,11,17,2707,,0,1043,,G,,F,4,122,,,15R195,,,,,,0,0,000000000,00000000000,0,0,0,1,0,0,0,0,0,0,0,45,0,0,0,12,6,2,12,0,0,0,1,39,44241,6,1,0,0,3,0,62,140,0,0,0,0,0,0,0,0,0,0,0,0,0,0,1,2,50,4,4,2,2,0,0,14,62,1,1,1,51,0,0
39,390173,1,1,2,14,2,7,42,53,0,1,0,39,1,20,16,20016,4,2003,1G1JC52F0373,1,G,1,J,C,5,2,F,0,3,7,3,0,P,CHEV,CAV,4D,3,17,2971,,0,1041,,G,,F,4,134,,,14R195,,,,,,0,0,000000000,00000000000,0,0,0,1,0,0,0,0,0,0,0,998,0,0,0,9,6,2,30,0,0,0,1,39,43506,6,1,0,0,3,3,66,172,0,0,0,0,0,0,0,0,0,0,84,0,0,0,1,2,55,1,1,2,3,0,0,1,13,1,1,4,1,1,0
39,390174,1,1,1,15,2,1,17,42,0,1,0,39,1,12,13,12013,2,1999,3FAKP1137XR1,3,F,A,K,P,1,1,3,7,X,R,1,0,P,FORD,ZCH,CP,99,17,2478,,0,984,,G,,F,4,121,,,14R185,,,,,,0,0,000000000,00000000000,0,0,0,1,0,0,0,0,0,0,0,998,0,0,0,10,6,2,2,0,0,1,1,39,45690,6,1,0,0,3,0,69,160,1,0,0,0,1,5,2010,6,2010,1,6,0,0,0,1,2,55,4,2,2,2,0,0,14,12,1,1,4,6,1,0
39,390175,1,4,4,14,2,17,50,12,7,1,0,39,2,41,50,41050,4,2003,1YVFP80C135M,1,Y,V,F,P,8,0,C,1,3,5,M,0,P,MAZD,M6I,4D,3,17,3042,,0,1053,,G,,F,4,138,,,16R205,,,,,,0,0,000000000,00000000000,0,0,0,1,0,0,0,0,0,0,0,15,0,0,0,8,4,3,12,0,0,0,1,39,43068,6,1,0,0,3,0,69,160,0,0,0,0,0,0,0,0,0,0,0,0,0,0,3,3,55,1,1,2,2,0,0,2,52,1,1,1,45,0,0
39,390175,2,4,1,14,2,17,50,12,7,1,0,39,1,7,42,7042,2,1997,4B3AU42Y6VE1,4,B,3,A,U,4,2,Y,6,V,E,1,0,P,DODG,A/E,CP,97,17,2778,,0,1037,,G,,F,4,122,,,14R195,,,,,,0,0,000000000,00000000000,0,0,0,1,0,0,0,0,0,0,0,15,0,0,0,8,6,2,12,0,0,0,1,39,43227,6,1,0,0,3,3,75,160,1,0,0,0,1,6,2009,7,2009,1,0,0,0,0,3,3,55,1,1,2,2,0,0,2,52,1,1,1,98,0,0
39,390175,3,4,1,14,2,17,50,12,7,1,0,39,3,49,442,49442,20,2002,4T3ZF13C92U4,4,T,3,Z,F,1,3,C,9,2,U,4,0,P,TOYT,SIE,SV,2,17,3932,,0,1142,,G,,F,6,183,,,15R205,,,,,,0,0,000000000,00000000000,0,0,0,1,0,0,0,0,0,0,0,15,0,0,0,9,6,2,12,0,0,0,1,39,43215,6,1,0,0,3,3,69,240,0,0,0,0,0,0,0,0,0,0,0,0,0,0,3,3,55,1,1,2,2,0,0,2,52,1,1,1,98,1,0
39,390175,4,4,1,14,2,17,50,12,7,1,0,27,3,82,881,82881,66,2002,999999999999,9,9,9,9,9,9,9,9,9,9,9,9,1,,,,,,,,,,,,,,,,,,,,,,,,,1,99,999999999,99999999999,3,6,1,1,0,0,0,0,0,0,0,65,0,0,0,12,6,2,12,0,0,0,1,55,54732,6,1,6,0,3,0,65,195,0,0,0,0,0,0,0,0,0,1,26,0,0,0,3,3,55,1,1,2,2,0,0,1,6,7,2,2,44,0,0
39,390176,1,1,1,16,2,19,28,8,0,1,0,39,1,20,16,20016,2,2003,1G1JC12F9371,1,G,1,J,C,1,2,F,9,3,7,1,0,P,CHEV,CAV,CP,3,17,2617,,0,1041,,G,,F,4,134,,,14R195,,,,,,0,0,000000000,00000000000,0,0,0,1,0,0,0,0,0,0,0,35,0,0,0,10,2,3,8,0,0,0,1,39,44641,6,1,0,0,3,0,73,170,0,0,0,0,1,6,2010,6,2010,0,0,0,0,0,1,2,35,1,1,2,2,0,0,1,80,1,1,1,13,0,0
39,390177,1,1,1,16,2,6,53,8,0,1,0,39,1,21,21,21021,4,2000,1G3NK52T4YC3,1,G,3,N,K,5,2,T,4,Y,C,3,0,P,OLDS,AGX,4D,0,17,3022,,0,1070,,G,,F,4,146,,,15R215,,,,,,0,0,000000000,00000000000,0,0,0,1,0,0,0,0,0,0,0,25,0,0,0,2,2,3,8,0,0,0,1,39,45216,6,1,0,0,3,0,73,145,0,0,0,0,0,0,0,0,0,0,0,0,0,0,1,2,25,1,1,2,2,0,0,1,80,1,1,1,13,0,0
39,390178,1,1,1,16,2,4,0,34,0,1,0,39,1,35,47,35047,4,2002,1N4AL11D32C2,1,N,4,A,L,1,1,D,3,2,C,2,0,P,NISS,ABS,4D,2,17,2873,,0,1102,,G,,F,4,153,,,16R205,,,,,,0,0,000000000,00000000000,0,0,0,1,0,0,0,0,0,0,0,55,0,0,0,12,6,2,32,0,0,0,1,39,43402,6,1,0,0,3,0,67,115,2,0,2,1,0,3,2010,7,2010,0,36,0,0,0,1,2,55,1,1,2,2,0,0,1,9,1,2,4,7,1,1
39,390179,1,1,1,4,4,3,11,30,0,1,0,39,1,37,31,37031,4,2009,2HGFA16609H5,2,H,G,F,A,1,6,6,0,9,H,5,0,P,HOND,ULS,4D,9,17,2687,,0,1063,,G,,F,4,110,,,16R205,,,,,,0,0,000000000,00000000000,0,0,0,1,0,0,0,0,0,0,0,998,0,0,0,1,6,2,30,0,0,0,1,39,45874,6,1,0,0,3,0,74,240,0,0,0,1,0,11,2011,11,2011,0,28,0,0,0,1,2,55,1,1,2,1,0,0,1,12,1,4,4,7,1,1
39,390180,1,1,1,7,4,1,0,24,0,1,0,39,1,23,431,23431,16,2001,3GKFK16T61G1,3,G,K,F,K,1,6,T,6,1,G,1,0,T,GMC,KX1,4W,1,17,,2,0,1300,YUK,G,,,8,325,,,,B,5219,00,E,44,0,0,000000000,00000000000,0,0,0,1,0,0,0,0,0,0,0,998,0,1,5,12,6,2,1,0,0,0,1,39,45177,6,1,0,0,3,3,79,205,0,1,0,0,0,12,2010,12,2010,0,0,0,0,0,1,2,55,3,1,2,1,0,0,14,13,1,1,4,1,1,1
39,390181,1,1,2,11,4,19,46,30,0,1,0,39,2,12,481,12481,31,1999,1FTNF21S7XEC,1,F,T,N,F,2,1,S,7,X,E,C,0,T,FORD,F2S,PK,99,17,,2,0,1370,SRW,G,,,10,415,,,,C,5440,00,U,44,0,0,000000000,00000000000,0,0,0,1,0,0,0,0,0,0,0,60,0,1,5,11,6,2,1,0,0,0,1,39,45346,6,1,0,0,3,0,67,161,0,0,0,0,2,9,2011,1,2012,1,28,58,0,0,1,2,55,2,2,2,1,0,0,14,6,6,1,4,6,1,0
39,390182,1,1,2,13,4,21,34,33,0,1,0,39,2,72,706,72706,80,1997,1HD1FFR13VY6,1,H,D,1,F,F,R,1,3,V,Y,6,0,M,HD,TCI,RS,97,17,,,,,,,1340,,2,,4,765,,,,,,,0,0,000000000,00000000000,0,0,0,1,0,0,0,0,0,0,0,30,0,0,0,3,4,3,1,0,0,0,1,39,44305,6,1,0,0,3,0,70,206,0,0,0,0,0,0,0,0,0,0,0,0,0,0,1,2,35,1,1,2,1,0,0,1,13,1,1,4,1,2,1
39,390183,1,2,1,13,4,16,35,12,6,1,0,39,2,24,5,24005,4,2003,1G8JW54RX3Y5,1,G,8,J,W,5,4,R,X,3,Y,5,0,P,STRN,L30,4D,3,17,3197,,0,1065,,G,,F,6,183,,,16R215,,,,,,0,0,000000000,00000000000,0,0,0,1,0,0,0,0,0,0,0,20,0,0,0,12,6,2,12,0,0,0,1,39,43701,6,1,0,0,3,0,73,145,0,4,0,0,1,7,2009,3,2012,0,38,0,0,0,1,4,55,1,1,2,1,3,3,11,15,1,1,1,74,0,1
39,390183,2,2,1,13,4,16,35,12,6,1,0,39,1,37,706,37706,80,2008,1HFSC47F68A7,1,H,F,S,C,4,7,F,6,8,A,7,0,M,HOND,GL8,RS,8,17,,,,,,,1832,,6,,4,822,,,,,,,0,0,000000000,00000000000,0,0,0,1,0,0,0,0,0,0,0,998,0,0,0,11,6,2,12,0,0,0,1,39,43701,6,1,6,0,3,0,72,290,0,0,0,0,0,0,0,0,0,0,0,0,0,0,1,4,55,1,1,2,1,3,3,1,62,1,1,1,74,1,0
39,390184,1,1,1,16,4,21,33,8,0,1,0,39,2,12,23,12023,4,2006,3FAFP06Z26R2,3,F,A,F,P,0,6,Z,2,6,R,2,0,P,FORD,F/S,4D,6,17,3101,,0,1074,,G,,F,4,140,,,16R205,,,,,,0,0,000000000,00000000000,0,0,0,1,0,0,0,0,0,0,0,65,0,0,0,11,6,2,8,0,0,0,1,39,43004,6,1,0,0,3,0,72,220,1,2,1,0,1,4,2010,7,2011,0,0,0,0,0,2,4,65,3,2,2,1,0,0,14,80,9,1,2,13,0,0
39,390185,1,1,1,19,4,8,18,10,0,1,0,39,1,20,22,20022,4,2007,1G1AZ58F5771,1,G,1,A,Z,5,8,F,5,7,7,1,0,P,CHEV,BTZ,4D,7,17,3216,,0,1033,,G,,F,4,134,,,16R205,,,,,,0,0,000000000,00000000000,0,0,0,1,0,0,0,0,0,0,0,10,0,0,0,3,6,2,10,0,0,0,1,39,43516,6,1,0,0,3,3,64,190,0,0,0,0,0,0,0,0,0,0,38,0,0,0,1,2,55,1,2,2,2,65,3,1,98,1,1,1,98,1,0
39,390186,1,2,1,16,3,7,15,8,0,1,0,39,1,49,441,49441,20,1993,JT3AC21SXP10,J,T,3,A,C,2,1,S,X,P,1,0,0,P,TOYT,PRE,SV,93,17,3765,,0,1128,,G,,F,4,149,,,14R205,,,,,,0,0,000000000,00000000000,0,0,0,1,0,0,0,0,0,0,0,30,0,0,0,12,4,3,8,0,0,0,1,8,45211,3,1,0,0,2,0,62,145,0,0,0,0,0,0,0,0,0,0,0,0,0,0,1,2,25,2,2,2,1,0,0,14,80,1,1,1,13,0,0
39,390186,2,2,1,16,3,7,15,8,0,1,0,39,3,98,981,98981,52,2008,5FYD4FS118C0,5,F,Y,D,4,F,S,1,1,8,C,0,0,U,,,,8,17,,,,,,,,,,,,,,,,,,,0,88,888888888,88888888888,3,21,22,1,0,0,0,0,6,3,0,15,0,0,0,7,2,1,8,0,0,0,1,39,45211,6,1,6,0,3,0,73,230,0,0,0,0,0,0,0,0,0,0,0,0,0,0,1,2,25,3,2,2,1,0,0,14,80,1,1,1,98,0,0
39,390187,1,1,4,17,2,3,2,35,0,1,0,39,1,22,403,22403,14,2006,2CKDL63F8661,2,C,K,D,L,6,3,F,8,6,6,1,0,P,PONT,TOR,UT,6,17,3660,,0,1125,,G,,F,6,207,,,16R235,,,,,,0,0,000000000,00000000000,0,0,0,1,0,0,0,0,0,0,0,50,0,0,0,12,6,2,42,0,0,0,1,39,44878,6,1,0,0,3,0,70,135,2,0,0,1,1,4,2010,1,2012,1,36,0,0,0,1,2,55,4,1,2,4,40,3,14,6,1,2,4,7,1,1
39,390188,1,2,1,17,2,21,4,12,6,1,0,39,2,20,16,20016,4,2003,1G1JC52FX371,1,G,1,J,C,5,2,F,X,3,7,1,0,P,CHEV,CAV,4D,3,17,2971,,0,1041,,G,,F,4,134,,,14R195,,,,,,0,0,000000000,00000000000,0,0,0,1,0,0,0,0,0,0,0,17,0,0,0,9,6,2,12,0,0,0,1,39,44601,6,1,0,0,3,0,71,130,0,1,0,0,1,4,2011,5,2011,0,38,0,0,0,1,2,55,1,1,2,1,20,3,1,17,1,1,1,89,1,0
39,390188,2,2,2,17,2,21,4,12,6,1,0,39,2,49,33,49033,3,1996,JT2DG02T4T00,J,T,2,D,G,0,2,T,4,T,0,0,0,P,TOYT,CGF,2H,96,17,2580,,0,999,,G,,F,4,132,,,15R205,,,,,,0,0,000000000,00000000000,0,0,0,1,0,0,0,0,0,0,0,80,0,0,0,12,6,2,12,0,0,0,1,39,44619,6,1,0,0,3,0,70,135,1,0,0,0,1,8,2009,10,2009,1,0,0,0,0,1,2,55,1,1,2,1,0,0,1,66,2,1,1,88,0,1
39,390189,1,2,1,20,2,15,29,12,6,1,0,39,1,18,7,18007,4,1997,2G4WS52M9V14,2,G,4,W,S,5,2,M,9,V,1,4,0,P,BUIC,CCU,4D,97,17,3348,,0,1090,,G,,F,6,191,,,15R205,,,,,,0,0,000000000,00000000000,0,0,0,1,0,0,0,0,0,0,0,10,0,0,0,3,6,2,12,0,0,0,1,39,43611,6,1,0,0,3,0,70,196,0,1,0,1,1,8,2010,1,2012,0,51,0,0,0,1,2,55,1,1,2,1,0,0,1,10,6,1,2,64,1,0
39,390189,2,2,1,20,2,15,29,12,6,1,0,39,3,6,441,6441,20,2006,2A4GP54L56R8,2,A,4,G,P,5,4,L,5,6,R,8,0,T,CHRY,TOU,ES,6,17,,1,0,1193,TWC,G,,,6,230,,,,,4267,00,,42,0,0,000000000,00000000000,0,0,0,1,0,0,0,0,0,0,0,55,0,0,0,12,6,2,12,0,0,0,1,39,44870,6,1,0,0,3,0,68,190,0,0,0,0,0,0,0,0,0,0,0,0,0,0,1,2,55,1,1,2,1,0,0,1,62,2,1,1,65,0,0
39,390190,1,2,3,20,2,12,55,12,6,1,0,39,1,35,473,35473,31,2004,1N6AA07B34N5,1,N,6,A,A,0,7,B,3,4,N,5,0,T,NISS,TXS,CW,4,17,,2,0,1398,TTN,G,,,8,342,,,,C,4889,03,E,44,0,0,000000000,00000000000,0,0,0,1,0,0,0,0,0,0,0,10,0,0,0,10,6,2,12,0,0,0,1,39,43701,6,1,0,0,3,0,72,225,0,0,0,0,0,0,0,0,0,0,99,99,99,99,1,2,55,1,1,4,1,0,0,11,15,1,1,1,72,0,0
39,390190,2,2,2,20,2,12,55,12,6,1,0,39,1,53,705,53705,80,2007,JS1GN7DA7721,J,S,1,G,N,7,D,A,7,7,2,1,0,M,SUZI,G60,RC,7,17,,,,,,,599,,4,,4,354,,,,,,,0,0,000000000,00000000000,0,0,0,1,0,0,0,0,0,0,0,998,0,0,0,12,6,2,1,0,0,0,1,39,43701,4,1,0,0,2,0,68,205,0,3,0,0,0,7,2010,9,2011,0,99,99,99,99,1,2,55,1,1,4,1,0,0,6,11,3,2,1,73,1,0
39,390191,1,2,1,22,2,20,50,12,2,1,0,39,2,12,421,12421,15,1980,U15GLHJ1624,U,1,5,G,L,H,J,1,6,2,4,,0,T,FORD,U10,UT,80,11,,2,0,1040,BRO,G,,,8,351,,,,B,4068,01,,44,0,0,000000000,00000000000,0,0,0,1,0,0,0,0,0,0,0,32,0,0,0,12,6,2,12,0,0,0,1,39,44314,6,1,0,0,3,3,70,225,0,0,0,1,0,7,2010,7,2010,0,0,0,0,0,1,2,35,1,2,2,2,0,0,1,62,1,1,1,51,0,0