STATE,ST_CASE,VEH_NO,VE_FORMS,NUMOCCS,DAY,MONTH,HOUR,MINUTE,HARM_EV,MAN_COLL,UNITTYPE,HIT_RUN,REG_STAT,OWNER,MAKE,MODEL,MAK_MOD,BODY_TYP,MOD_YEAR,VIN,VIN_1,VIN_2,VIN_3,VIN_4,VIN_5,VIN_6,VIN_7,VIN_8,VIN_9,VIN_10,VIN_11,VIN_12,TOW_VEH,VINTYPE,VINMAKE,VINA_MOD,VIN_BT,VINMODYR,VIN_LNGT,VIN_WGT,WGTCD_TR,WHLBS_LG,WHLBS_SH,SER_TR,FUELCODE,MCYCL_DS,CARBUR,CYLINDER,DISPLACE,MCYCL_CY,MCYCL_WT,TIRE_SZE,TON_RAT,TRK_WT,TRKWTVAR,VIN_REST,WHLDRWHL,J_KNIFE,MCARR_I1,MCARR_I2,MCARR_ID,GVWR,V_CONFIG,CARGO_BT,HAZ_INV,HAZ_PLAC,HAZ_ID,HAZ_CNO,HAZ_REL,BUS_USE,SPEC_USE,EMER_USE,TRAV_SP,UNDERIDE,ROLLOVER,ROLINLOC,IMPACT1,DEFORMED,TOWED,M_HARM,VEH_SC1,VEH_SC2,FIRE_EXP,DR_PRES,L_STATE,DR_ZIP,L_STATUS,L_TYPE,CDL_STAT,L_ENDORS,L_COMPL,L_RESTRI,DR_HGT,DR_WGT,PREV_ACC,PREV_SUS,PREV_DWI,PREV_SPD,PREV_OTH,FIRST_MO,FIRST_YR,LAST_MO,LAST_YR,SPEEDREL,DR_SF1,DR_SF2,DR_SF3,DR_SF4,VTRAFWAY,VNUM_LAN,VSPD_LIM,VALIGN,VPROFILE,VPAVETYP,VSURCOND,VTRAFCON,VTCONT_F,P_CRASH1,P_CRASH2,P_CRASH3,PCRASH4,PCRASH5,ACC_TYPE,DEATHS,DR_DRINK
39,390191,2,2,2,22,2,20,50,12,2,1,0,39,1,20,2,20002,4,1984,1G1AN69H1EH1,1,G,1,A,N,6,9,H,1,E,H,1,0,P,CHEV,CCL,4D,84,17,3532,,0,1160,,G,,4,8,305,,,15R205,,,,,,0,0,000000000,00000000000,0,0,0,1,0,0,0,0,0,0,0,70,0,0,0,12,6,2,12,0,0,0,1,39,44314,6,1,0,0,3,0,71,180,0,0,0,0,0,0,0,0,0,1,28,0,0,0,1,2,35,1,2,2,2,0,0,1,10,1,1,2,50,2,1
39,390192,1,2,2,23,2,11,12,12,6,1,0,39,2,14,6,14006,4,2005,2MEFM74W25X6,2,M,E,F,M,7,4,W,2,5,X,6,0,P,MERC,GMG,4D,5,17,4038,,0,1147,,G,,F,8,281,,,16R225,,,,,,0,0,000000000,00000000000,0,0,0,1,0,0,0,0,0,0,0,31,0,0,0,3,6,2,12,0,0,0,1,39,45692,6,1,0,0,3,0,69,206,0,0,0,0,0,0,0,0,0,0,38,0,0,0,1,2,55,1,2,2,1,20,3,1,17,2,1,1,87,1,0
39,390192,2,2,2,23,2,11,12,12,6,1,0,39,1,12,401,12401,14,1996,1FMDU34X8TUC,1,F,M,D,U,3,4,X,8,T,U,C,0,P,FORD,EPR,UT,96,17,4189,,0,1115,,G,,F,6,245,,,15R225,,,,,,0,0,000000000,00000000000,0,0,0,1,0,0,0,0,0,0,0,31,0,0,0,12,6,2,12,0,0,0,1,39,45686,6,1,0,0,3,0,61,155,0,0,0,0,0,0,0,0,0,0,0,0,0,0,2,2,60,1,2,2,1,0,0,1,68,2,1,1,86,0,0
39,390193,1,2,2,24,2,20,50,12,6,1,0,39,2,63,33,63033,5,2001,KNAFB1612150,K,N,A,F,B,1,6,1,2,1,5,0,0,P,KIA,SSX,4H,1,17,2560,,0,1008,,G,,F,4,109,,,14R185,,,,,,0,0,000000000,00000000000,0,0,0,1,0,0,0,0,0,0,0,55,0,0,0,3,6,2,12,0,0,0,1,39,45068,6,1,0,0,3,0,63,120,2,0,0,0,1,9,2011,2,2012,0,36,51,0,0,1,2,55,1,1,2,2,0,0,1,10,1,1,2,64,2,0
39,390193,2,2,2,24,2,20,50,12,6,1,0,39,3,7,482,7482,31,2005,3D7KR26D35G8,3,D,7,K,R,2,6,D,3,5,G,8,0,T,DODG,S25,PK,5,17,,2,0,1405,RPC,G,,,8,348,,,,C,5259,09,E,42,0,0,000000000,00000000000,0,0,0,1,0,0,0,0,0,0,0,50,0,0,0,12,6,2,12,0,0,0,1,39,45068,6,1,0,0,3,0,74,195,0,0,0,0,0,0,0,0,0,0,0,0,0,0,1,2,55,1,1,2,2,0,0,1,62,1,1,1,65,0,0
39,390194,1,2,3,25,2,6,35,12,6,1,0,39,2,12,401,12401,14,1994,1FMDU34X6RUB,1,F,M,D,U,3,4,X,6,R,U,B,0,P,FORD,EPR,UT,94,17,4053,,0,1120,,G,,F,6,245,,,15R225,,,,,,0,0,000000000,00000000000,0,0,0,1,0,0,0,0,0,0,0,50,0,0,0,2,6,2,12,0,0,0,1,39,44683,1,8,0,0,2,0,73,150,0,5,0,0,1,12,2009,9,2011,0,36,51,0,0,1,2,50,4,2,2,4,0,0,14,10,2,2,2,64,1,0
39,390194,2,2,1,25,2,6,35,12,6,1,0,39,1,20,481,20481,31,2007,1GCHK24K07E5,1,G,C,H,K,2,4,K,0,7,E,5,0,T,CHEV,2KH,PK,7,17,,2,0,1330,SIL,G,,,8,366,,,,C,5398,00,,44,0,0,000000000,00000000000,0,0,0,1,0,0,0,0,0,0,0,45,0,0,0,12,6,2,12,0,0,0,1,39,44621,6,1,0,0,3,3,66,210,1,0,0,0,0,3,2010,3,2010,0,0,0,0,0,1,2,45,4,2,2,4,0,0,14,62,1,1,1,65,0,0
39,390196,1,1,2,25,2,3,23,42,0,1,0,39,2,12,481,12481,31,1997,1FTDX1765VNA,1,F,T,D,X,1,7,6,5,V,N,A,0,T,FORD,F15,3C,97,17,,1,1570,1390,COF,G,,,8,281,,,,B,4045,03,E,42,0,0,000000000,00000000000,0,0,0,1,0,0,0,0,0,0,0,998,0,0,0,12,6,2,42,0,0,1,1,39,43452,1,1,0,0,2,0,65,140,0,2,0,0,0,12,2011,1,2012,0,99,99,99,99,1,2,35,4,1,2,1,0,0,14,11,1,1,4,1,2,1
39,390197,1,2,1,27,2,14,59,1,0,1,0,39,1,37,705,37705,80,1983,JH2RC071XDM1,J,H,2,R,C,0,7,1,X,D,M,1,0,M,HOND,F7C,RS,83,17,,,,,,,750,,4,,4,483,,,,,,,0,0,000000000,00000000000,0,0,0,1,0,0,0,0,0,0,0,50,0,0,0,0,6,2,12,0,0,0,1,39,44134,6,1,0,0,3,3,70,160,0,0,0,1,1,7,2011,11,2011,1,24,0,0,0,2,3,35,1,1,2,1,0,0,1,98,2,1,1,98,1,0
39,390197,2,2,1,27,2,14,59,1,0,1,0,39,1,20,23,20023,6,2010,3GCAAEDB1AS5,3,G,C,A,A,E,D,B,1,A,S,5,0,T,CHEV,PLS,CG,10,17,,1,0,1035,HHR,F,,,4,134,,,,B,00000,00,,42,0,0,000000000,00000000000,0,0,0,1,0,0,0,0,0,0,0,15,0,0,0,6,2,3,12,0,0,0,1,39,44107,6,1,0,0,3,0,71,185,1,0,0,0,0,9,2011,9,2011,0,0,0,0,0,2,3,35,1,1,2,1,0,0,10,18,1,1,1,98,0,0
39,390198,1,2,4,27,2,20,5,12,6,1,0,17,1,12,24,12024,6,2007,2FMDK38C47BB,2,F,M,D,K,3,8,C,4,7,B,B,0,P,FORD,EDG,UT,7,17,4073,,0,1112,,G,,F,6,214,,,17R235,,,,,,0,0,000000000,00000000000,0,0,0,1,0,0,0,0,0,0,0,56,0,0,0,1,6,2,12,0,0,0,1,17,45133,6,1,0,0,3,0,69,170,0,0,0,0,0,0,0,0,0,1,0,0,0,0,2,2,60,1,1,2,1,0,0,1,66,2,1,1,88,0,0
39,390198,2,2,1,27,2,20,5,12,6,1,0,39,1,20,481,20481,31,1994,1GCEC14Z7RZ1,1,G,C,E,C,1,4,Z,7,R,Z,1,0,T,CHEV,GC1,PK,94,17,,2,1315,1175,GM4,G,,,6,262,,,,B,3675,02,,42,0,0,000000000,00000000000,0,0,0,1,0,0,0,0,0,0,0,24,0,0,0,11,6,2,12,0,0,0,1,39,45171,6,1,0,0,3,0,66,185,0,0,0,0,0,0,0,0,0,0,38,0,0,0,1,2,55,1,1,2,1,20,3,1,17,1,1,1,89,1,0
39,390199,1,1,4,27,2,18,10,35,0,1,0,39,2,12,13,12013,4,1999,1FAFP13P3XW2,1,F,A,F,P,1,3,P,3,X,W,2,0,P,FORD,ESE,4D,99,17,2468,,0,984,,G,,F,4,122,,,14R185,,,,,,0,0,000000000,00000000000,0,0,0,1,0,0,0,0,0,0,0,80,0,1,5,5,6,2,1,0,0,0,1,39,44053,6,1,0,0,3,0,59,110,1,0,0,0,0,8,2011,8,2011,1,36,0,0,0,1,4,65,1,2,2,1,0,0,1,6,6,2,4,7,1,0
39,390200,1,2,1,28,3,17,40,12,6,1,0,39,1,49,402,49402,14,2006,JTMZD32VX660,J,T,M,Z,D,3,2,V,X,6,6,0,0,P,TOYT,RG4,UT,6,17,3373,,0,1050,,G,,F,4,144,,,18R235,,,,,,0,0,000000000,00000000000,0,0,0,1,0,0,0,0,0,0,0,55,0,0,0,12,6,2,12,0,0,0,1,39,45506,6,1,0,0,3,0,63,130,0,0,0,0,0,0,0,0,0,0,0,0,0,0,1,2,55,1,1,2,1,0,0,1,62,2,1,1,86,0,0
39,390200,2,2,1,28,3,17,40,12,6,1,0,39,1,49,45,49045,2,2002,JTDAT1235202,J,T,D,A,T,1,2,3,5,2,0,2,0,P,TOYT,ECH,2D,2,17,2035,,0,934,,G,,F,4,091,,,14R175,,,,,,0,0,000000000,00000000000,0,0,0,1,0,0,0,0,0,0,0,20,0,0,0,3,6,2,12,0,0,0,1,39,45505,6,1,0,0,3,3,69,184,0,0,0,0,1,9,2010,9,2010,0,38,0,0,0,1,2,55,1,1,2,1,20,3,1,17,1,1,1,87,1,0
39,390202,1,1,1,23,4,6,44,42,0,1,0,39,1,23,481,23481,31,2007,2GTEC19J3716,2,G,T,E,C,1,9,J,3,7,1,6,0,T,GMC,NC1,4C,7,17,,2,1575,1340,SIE,G,,,8,323,,,,B,4743,05,4,42,0,0,000000000,00000000000,0,0,0,1,0,0,0,0,0,0,0,48,0,0,0,12,6,2,42,0,0,0,1,39,44070,6,1,0,0,3,0,76,320,0,0,0,1,0,7,2010,7,2010,0,0,0,0,0,1,4,35,1,1,2,1,0,0,1,12,1,1,4,6,1,0
39,390203,1,1,1,23,4,5,51,8,0,1,0,39,1,7,41,7041,4,1997,2B3HD46FXVH6,2,B,3,H,D,4,6,F,X,V,H,6,0,P,DODG,INT,4D,97,17,3319,,0,1130,,G,,F,6,215,,,16R225,,,,,,0,0,000000000,00000000000,0,0,0,1,0,0,0,0,0,0,0,40,0,0,0,14,2,1,8,0,0,0,1,39,45030,6,1,0,0,3,0,72,165,1,0,0,2,1,9,2010,8,2011,0,0,0,0,0,1,4,45,1,1,2,1,0,0,1,80,2,1,1,13,0,0
39,390204,1,1,1,25,4,0,54,33,0,1,0,39,1,20,2,20002,4,2002,2G1WF55K3291,2,G,1,W,F,5,5,K,3,2,9,1,0,P,CHEV,IMP,4D,2,17,3389,,0,1105,,G,,F,6,231,,,16R225,,,,,,0,0,000000000,00000000000,0,0,0,1,0,0,0,0,0,0,0,65,0,0,0,9,6,2,46,0,0,0,1,39,43229,6,1,0,0,3,3,63,125,0,0,0,2,0,11,2009,12,2009,0,30,0,0,0,3,3,65,3,2,2,1,0,0,14,13,1,3,4,2,1,1
39,390205,1,1,1,29,4,6,17,34,0,1,0,39,2,41,37,41037,4,2002,1YVGF22CX252,1,Y,V,G,F,2,2,C,X,2,5,2,0,P,MAZD,U6L,4D,2,17,2864,,0,1051,,G,,F,4,122,,,15R205,,,,,,0,0,000000000,00000000000,0,0,0,1,0,0,0,0,0,0,0,55,0,0,0,12,6,2,42,0,0,0,1,39,45304,1,1,0,0,2,3,64,160,1,1,0,0,0,2,2010,8,2011,0,0,0,0,0,1,2,55,3,1,2,99,0,0,14,13,1,1,4,1,1,1
39,390206,1,2,1,6,3,12,19,12,6,1,0,39,1,18,441,18441,20,2007,999999999999,9,9,9,9,9,9,9,9,9,9,9,9,0,,,,,,,,,,,,,,,,,,,,,,,,,0,0,000000000,00000000000,0,0,0,1,0,0,0,0,0,0,0,55,0,0,0,12,6,2,12,0,0,0,1,39,45333,6,1,0,0,3,3,69,192,0,0,0,0,0,0,0,0,0,0,0,0,0,0,1,2,55,1,1,2,1,0,0,1,66,1,1,1,88,0,0
39,390206,2,2,1,6,3,12,19,12,6,1,0,39,1,18,2,18002,4,2003,1G4HP52K53U2,1,G,4,H,P,5,2,K,5,3,U,2,0,P,BUIC,LCF,4D,3,17,3567,,0,1122,,G,,F,6,231,,,15R215,,,,,,0,0,000000000,00000000000,0,0,0,1,0,0,0,0,0,0,0,5,0,0,0,9,6,2,12,0,0,0,1,39,45883,6,1,0,0,3,3,65,145,0,0,0,0,1,1,2010,1,2010,0,38,0,0,0,1,2,55,1,1,2,1,20,3,1,17,1,1,1,89,1,0
39,390207,1,1,1,13,3,21,30,9,0,1,0,39,3,12,401,12401,14,2010,999999999999,9,9,9,9,9,9,9,9,9,9,9,9,0,U,,,,9,17,,,,,,,,,,,,,,,,,,,0,0,000000000,00000000000,0,0,0,1,0,0,0,0,0,0,0,45,0,0,0,12,6,2,9,0,0,0,1,26,43604,6,1,0,0,3,0,66,180,0,0,0,0,0,0,0,0,0,0,0,0,0,0,2,2,50,1,1,2,1,3,3,1,83,1,1,1,13,0,0
39,390208,1,2,1,18,4,16,29,12,1,1,0,39,3,84,881,84881,66,1999,2HSFRAMR3XC0,2,H,S,F,R,A,M,R,3,X,C,0,0,T,INTL,910,TR,99,17,,8,2220,1580,910,D,,,6,774,,,,,00000,00,,64,0,57,632448,57632448,3,2,8,1,0,0,0,0,0,0,0,5,0,0,0,6,4,3,12,0,0,0,1,39,45368,6,1,6,0,3,3,66,150,0,0,0,0,2,4,2012,4,2012,0,0,0,0,0,1,2,55,1,1,2,1,0,0,11,60,1,1,1,25,0,0
39,390208,2,2,1,18,4,16,29,12,1,1,0,39,1,20,401,20401,14,2002,1GNDT13SX224,1,G,N,D,T,1,3,S,X,2,2,4,0,P,CHEV,TRL,UT,2,17,4628,,0,1130,,G,,F,6,256,,,16R245,,,,,,0,0,000000000,00000000000,0,0,0,1,0,0,0,0,0,0,0,55,1,0,0,12,6,2,12,0,0,0,1,39,45169,6,1,0,0,3,0,63,130,0,0,0,0,0,0,0,0,0,1,27,0,0,0,1,2,55,1,1,2,1,0,0,6,6,9,1,2,24,1,0
39,390209,1,1,1,21,4,3,30,30,0,1,0,39,2,20,2,20002,4,1989,1G1BL51E4KR1,1,G,1,B,L,5,1,E,4,K,R,1,0,P,CHEV,CAP,4D,89,17,3693,,0,1160,,G,,F,8,305,,,15R205,,,,,,0,0,000000000,00000000000,0,0,0,1,0,0,0,0,0,0,0,998,0,0,0,9,6,2,30,0,0,0,1,39,43082,1,1,0,0,2,0,70,185,0,4,1,0,1,5,2009,6,2011,0,0,0,0,0,1,2,55,2,1,2,2,0,0,14,13,1,1,4,1,1,1
39,390210,1,1,1,29,4,2,17,42,0,1,0,39,2,12,18,12018,3,1994,1ZVLT22B1R51,1,Z,V,L,T,2,2,B,1,R,5,1,0,P,FORD,PGT,2H,94,17,2921,,0,1028,,G,,F,6,152,,,16R225,,,,,,0,0,000000000,00000000000,0,0,0,1,0,0,0,0,0,0,0,998,0,0,0,9,6,2,42,0,0,0,1,39,43605,1,1,0,0,2,0,72,255,0,9,3,0,0,8,2009,10,2011,1,0,0,0,0,1,2,35,1,1,2,1,0,0,1,6,1,4,4,7,1,1
39,390211,1,1,1,6,4,15,30,30,0,1,0,39,1,20,481,20481,31,2009,1GCEK29099Z2,1,G,C,E,K,2,9,0,9,9,Z,2,0,T,CHEV,2SK,4C,9,17,,2,1575,1339,SIL,F,,,8,323,,,,B,5263,02,,44,0,0,000000000,00000000000,0,0,0,1,0,0,0,0,0,0,0,45,0,0,0,12,6,2,42,0,0,0,1,39,45142,6,1,0,0,3,0,72,265,0,0,0,0,0,0,0,0,0,0,0,0,0,0,1,2,45,1,1,2,1,0,0,1,12,1,1,4,6,1,0
39,390212,1,1,1,8,4,2,52,10,0,1,0,39,2,12,17,12017,4,1993,1FALP54P7PA2,1,F,A,L,P,5,4,P,7,P,A,2,0,P,FORD,SHO,4D,93,17,3309,,0,1060,,G,,F,6,195,,,16R215,,,,,,0,0,000000000,00000000000,0,0,0,1,0,0,0,0,0,0,0,998,0,0,0,11,6,2,10,0,0,0,1,39,43516,1,1,0,0,2,0,62,130,0,2,1,1,1,11,2010,4,2012,0,38,0,0,0,1,2,55,1,2,2,1,65,3,1,9,1,1,1,15,1,1
39,390213,1,1,2,14,4,15,19,10,0,1,0,39,1,20,37,20037,4,2000,1G1ND52J1Y61,1,G,1,N,D,5,2,J,1,Y,6,1,0,P,CHEV,MAL,4D,0,17,3051,,0,1070,,G,,F,6,191,,,15R215,,,,,,0,0,000000000,00000000000,0,0,0,1,0,0,0,0,0,0,0,50,0,0,0,1,6,2,10,0,0,0,1,39,44849,6,1,0,0,3,0,67,130,0,0,0,0,0,0,0,0,0,0,38,0,0,0,1,2,55,1,2,2,2,65,3,1,9,1,1,1,15,2,1
39,390214,1,1,1,23,4,13,15,18,0,1,0,39,1,2,404,2404,14,1996,1J4GZ58S4TC3,1,J,4,G,Z,5,8,S,4,T,C,3,0,T,JEEP,LRO,4W,96,17,,1,0,1059,GCK,G,,,6,242,,,,,3686,00,E,44,0,0,000000000,00000000000,0,0,0,1,0,0,0,0,0,0,0,998,0,1,5,1,6,2,1,0,0,0,1,39,43756,1,1,0,0,2,0,67,250,0,1,0,0,1,1,2012,2,2012,0,28,58,0,0,1,2,55,1,2,2,1,0,0,1,12,6,4,4,2,1,0
39,390215,1,1,1,27,4,16,30,24,0,1,0,39,2,73,705,73705,80,2005,JKBVNCB1X5B5,J,K,B,V,N,C,B,1,X,5,B,5,0,M,KAWK,V8B,RS,5,17,,,,,,,800,,2,,4,496,,,,,,,0,0,000000000,00000000000,0,0,0,1,0,0,0,0,0,0,0,998,0,0,0,3,4,3,1,0,0,0,1,39,43907,6,1,0,0,3,0,69,220,0,0,0,0,0,0,0,0,0,0,0,0,0,0,1,2,55,3,2,2,1,0,0,14,13,1,1,4,1,1,1
39,390216,1,2,1,27,4,17,40,12,6,1,0,39,1,12,481,12481,31,2005,1FTPW12585FB,1,F,T,P,W,1,2,5,8,5,F,B,0,T,FORD,F1S,CW,5,17,,2,1450,1260,COF,G,,,8,330,,,,B,5281,00,U,42,0,0,000000000,00000000000,0,0,0,1,0,0,0,0,0,0,0,998,0,0,0,3,6,2,12,0,0,0,1,39,45420,6,1,0,0,3,0,71,220,1,0,0,0,0,8,2011,8,2011,0,39,0,0,0,2,2,55,1,1,2,1,3,3,11,15,1,1,1,68,1,0
39,390216,2,2,1,27,4,17,40,12,6,1,0,18,1,12,481,12481,31,2000,1FTNX21F4YEA,1,F,T,N,X,2,1,F,4,Y,E,A,0,T,FORD,F2S,4C,0,17,,2,1580,1418,SRW,D,,,8,444,,,,C,5635,07,E,44,0,0,000000000,00000000000,0,0,0,1,0,0,0,0,0,0,0,60,0,0,0,12,6,2,12,0,0,0,1,18,46069,6,1,0,0,3,0,70,230,0,0,0,1,2,7,2009,4,2010,0,0,0,0,0,2,2,55,1,1,2,1,3,3,1,62,3,1,1,69,0,0
39,390217,1,2,1,27,4,9,30,12,2,1,0,39,3,98,881,98881,61,2000,JNAUZV1J9YG4,J,N,A,U,Z,V,1,J,9,Y,G,4,0,T,UD,U14,TB,0,17,,4,0,0,UDS,D,,,4,281,,,,,00000,00,,42,0,88,888888888,88888888888,2,1,1,1,0,0,0,0,0,0,0,35,0,0,0,12,6,2,12,0,0,0,1,39,44820,6,1,0,0,3,0,72,180,0,0,0,0,0,0,0,0,0,0,0,0,0,0,1,2,35,2,1,2,1,0,0,14,62,6,1,1,51,0,0
39,390217,2,2,1,27,4,9,30,12,2,1,0,39,1,22,20,22020,4,1992,1G2WH54T4NF2,1,G,2,W,H,5,4,T,4,N,F,2,0,P,PONT,GFL,4D,92,17,3243,,0,1075,,G,,F,6,191,,,15R205,,,,,,0,0,000000000,00000000000,0,0,0,1,0,0,0,0,0,0,0,998,0,0,0,12,6,2,12,0,0,0,1,39,44820,6,1,0,0,3,0,68,230,1,0,0,0,0,5,2010,5,2010,0,28,0,0,0,1,2,35,3,1,2,1,0,0,14,10,1,1,2,50,1,0
39,390218,1,1,1,10,5,8,44,33,0,1,0,39,1,20,401,20401,14,1996,1GNDT13W2T21,1,G,N,D,T,1,3,W,2,T,2,1,0,P,CHEV,BZR,UT,96,17,4023,,0,1070,,G,,F,6,262,,,15R235,,,,,,0,0,000000000,00000000000,0,0,0,1,0,0,0,0,0,0,0,50,0,0,0,12,6,2,42,0,0,0,1,39,43040,6,1,0,0,3,1,71,180,0,0,0,0,0,0,0,0,0,0,99,99,99,99,1,2,25,1,2,2,1,20,3,1,13,1,1,4,1,1,0
39,390220,1,1,1,2,3,20,30,8,0,1,0,39,2,20,32,20032,4,1996,1Y1SK5264TZ0,1,Y,1,S,K,5,2,6,4,T,Z,0,0,P,GEO,GEP,4D,96,17,2359,,0,971,,G,,F,4,097,,,14R175,,,,,,0,0,000000000,00000000000,0,0,0,1,0,0,0,0,0,0,0,20,0,0,0,12,4,3,8,0,0,0,1,39,44055,6,1,0,0,3,0,68,155,0,1,0,0,0,5,2010,5,2010,0,0,0,0,0,1,2,35,1,1,2,2,0,0,1,80,1,1,1,13,0,0
39,390221,1,2,2,2,3,2,40,8,0,1,0,39,1,20,36,20036,2,1995,2G1WW12M8S92,2,G,1,W,W,1,2,M,8,S,9,2,0,P,CHEV,MLS,CP,95,17,3276,,0,1075,,G,,F,6,191,,,15R205,,,,,,0,0,000000000,00000000000,0,0,0,1,0,0,0,0,0,0,0,65,0,0,0,12,2,3,8,0,0,0,1,39,45342,6,1,0,0,3,0,66,140,0,2,0,0,1,9,2010,12,2010,0,0,0,0,0,2,3,65,1,1,2,1,0,0,1,80,1,1,1,13,0,0
39,390221,2,2,1,2,3,2,40,8,0,1,0,39,1,37,31,37031,4,2011,19XFA1F55BE0,1,9,X,F,A,1,F,5,5,B,E,0,0,P,HOND,UCL,4D,11,17,2754,,0,1063,,G,,F,4,110,,,16R205,,,,,,0,0,000000000,00000000000,0,0,0,1,0,0,0,0,0,0,0,60,0,0,0,14,2,3,8,0,0,0,1,39,45005,6,1,0,0,3,0,74,180,0,1,0,4,0,10,2009,3,2011,0,0,0,0,0,2,3,65,1,1,2,1,0,0,1,80,1,1,1,98,0,0
39,390222,1,3,1,2,3,6,57,12,2,1,0,39,1,12,401,12401,14,2000,1FMZU83P7YZC,1,F,M,Z,U,8,3,P,7,Y,Z,C,0,P,FORD,EPR,UT,0,17,4274,,0,1116,,G,,F,8,302,,,15R235,,,,,,0,0,000000000,00000000000,0,0,0,1,0,0,0,0,0,0,0,50,0,0,0,12,6,2,12,0,0,0,1,39,44001,6,1,0,0,3,0,67,140,1,3,0,1,6,11,2009,9,2011,0,36,51,0,0,1,2,50,4,1,2,1,0,0,14,9,1,2,2,50,0,1
39,390222,2,3,1,2,3,6,57,12,2,1,0,39,1,47,401,47401,14,2007,5S3ET13M0728,5,S,3,E,T,1,3,M,0,7,2,8,0,P,SAA,97X,UT,7,17,4781,,0,1130,,G,,F,8,325,,,18R225,,,,,,0,0,000000000,00000000000,0,0,0,1,0,0,0,0,0,0,0,50,0,0,0,12,6,2,12,0,0,0,1,39,44052,6,1,0,0,3,0,63,135,0,0,0,0,1,1,2012,1,2012,0,0,0,0,0,1,2,50,4,1,2,1,0,0,14,62,6,1,1,51,1,0
39,390222,3,3,1,2,3,6,57,12,2,1,0,39,2,18,2,18002,4,1997,1G4HP52K8VH4,1,G,4,H,P,5,2,K,8,V,H,4,0,P,BUIC,LCF,4D,97,17,3446,,0,1108,,G,,F,6,231,,,15R205,,,,,,0,0,000000000,00000000000,0,0,0,1,0,0,0,0,0,0,0,50,0,0,0,12,6,2,12,0,0,0,1,39,44052,6,1,0,0,3,3,66,140,0,0,0,1,0,4,2011,4,2011,0,0,0,0,0,1,2,50,4,1,2,1,0,0,14,62,1,1,1,98,0,0
39,390223,1,2,1,2,3,2,17,12,2,1,0,39,1,9,38,9038,4,1999,1P3EJ46C0XN5,1,P,3,E,J,4,6,C,0,X,N,5,0,P,PLYM,BEE,4D,99,17,2862,,0,1080,,G,,F,4,122,,,14R195,,,,,,0,0,000000000,00000000000,0,0,0,1,0,0,0,0,0,0,0,998,0,0,0,12,6,2,12,0,0,1,1,39,43551,6,1,0,0,3,3,66,190,0,0,0,0,0,0,0,0,0,0,51,0,0,0,2,2,65,4,2,2,1,0,0,14,98,1,1,2,52,1,0
39,390223,2,2,5,2,3,2,17,12,2,1,0,26,2,22,20,22020,4,2004,2G2WS522X413,2,G,2,W,S,5,2,2,X,4,1,3,0,P,PONT,GP2,4D,4,17,3484,,0,1105,,G,,F,6,231,,,16R225,,,,,,0,0,000000000,00000000000,0,0,0,1,0,0,0,0,0,0,0,998,0,0,0,12,6,2,12,0,0,0,1,26,48706,6,1,0,0,3,0,62,115,0,0,0,0,0,0,0,0,0,0,0,0,0,0,2,2,65,4,2,2,1,0,0,14,54,1,1,1,52,3,0
39,390224,1,2,1,16,4,11,45,12,8,1,0,39,1,20,22,20022,2,2007,1G1AK15F7773,1,G,1,A,K,1,5,F,7,7,7,3,0,P,CHEV,BLS,CP,7,17,2991,,0,1033,,G,,F,4,134,,,15R195,,,,,,0,0,000000000,00000000000,0,0,0,1,0,0,0,0,0,0,0,998,1,0,0,11,6,2,12,0,0,0,1,39,45822,6,1,0,0,3,0,66,200,0,0,0,1,0,11,2010,11,2010,0,99,99,99,99,1,2,55,1,1,2,1,0,0,1,10,1,1,2,64,1,0
39,390224,2,2,1,16,4,11,45,12,8,1,0,39,3,84,881,84881,66,2002,2HSCEAER32C0,2,H,S,C,E,A,E,R,3,2,C,0,1,T,INTL,92I,TR,2,17,,8,0,0,920,D,,,6,855,,,,,00000,00,,64,1,57,351910,57351910,3,6,8,1,0,0,0,0,0,0,0,50,0,0,0,9,4,3,12,0,0,0,1,39,45860,6,1,6,0,3,3,78,240,1,0,0,0,0,8,2011,8,2011,0,0,0,0,0,1,2,55,1,1,2,1,0,0,1,62,3,2,1,65,0,0
39,390225,1,1,1,30,4,10,25,35,0,1,0,39,1,55,36,55036,4,2001,KMHCG45C01U2,K,M,H,C,G,4,5,C,0,1,U,2,0,P,HYUN,AGL,4D,1,17,2290,,0,961,,G,,F,4,098,,,13R175,,,,,,0,0,000000000,00000000000,0,0,0,1,0,0,0,0,0,0,0,998,0,1,5,11,6,2,1,0,0,0,1,39,44657,6,1,0,0,3,3,67,200,0,0,0,1,1,10,2009,2,2012,1,28,58,0,0,1,2,55,3,2,2,2,0,0,14,6,6,3,4,7,1,0
39,390226,1,2,1,2,5,5,30,12,2,1,0,39,1,7,43,7043,4,2001,1B3EJ46X81N6,1,B,3,E,J,4,6,X,8,1,N,6,0,P,DODG,SSE,4D,1,17,3151,,0,1080,,G,,F,4,148,,,15R205,,,,,,0,0,000000000,00000000000,0,0,0,1,0,0,0,0,0,0,0,998,0,0,0,12,6,2,12,0,0,0,1,39,43011,6,1,0,0,3,3,72,220,1,2,0,2,1,1,2011,1,2012,0,28,87,0,0,1,2,55,1,1,2,6,0,0,1,10,1,1,2,50,0,0