STATE,ST_CASE,VEH_NO,VE_FORMS,NUMOCCS,DAY,MONTH,HOUR,MINUTE,HARM_EV,MAN_COLL,UNITTYPE,HIT_RUN,REG_STAT,OWNER,MAKE,MODEL,MAK_MOD,BODY_TYP,MOD_YEAR,VIN,VIN_1,VIN_2,VIN_3,VIN_4,VIN_5,VIN_6,VIN_7,VIN_8,VIN_9,VIN_10,VIN_11,VIN_12,TOW_VEH,VINTYPE,VINMAKE,VINA_MOD,VIN_BT,VINMODYR,VIN_LNGT,VIN_WGT,WGTCD_TR,WHLBS_LG,WHLBS_SH,SER_TR,FUELCODE,MCYCL_DS,CARBUR,CYLINDER,DISPLACE,MCYCL_CY,MCYCL_WT,TIRE_SZE,TON_RAT,TRK_WT,TRKWTVAR,VIN_REST,WHLDRWHL,J_KNIFE,MCARR_I1,MCARR_I2,MCARR_ID,GVWR,V_CONFIG,CARGO_BT,HAZ_INV,HAZ_PLAC,HAZ_ID,HAZ_CNO,HAZ_REL,BUS_USE,SPEC_USE,EMER_USE,TRAV_SP,UNDERIDE,ROLLOVER,ROLINLOC,IMPACT1,DEFORMED,TOWED,M_HARM,VEH_SC1,VEH_SC2,FIRE_EXP,DR_PRES,L_STATE,DR_ZIP,L_STATUS,L_TYPE,CDL_STAT,L_ENDORS,L_COMPL,L_RESTRI,DR_HGT,DR_WGT,PREV_ACC,PREV_SUS,PREV_DWI,PREV_SPD,PREV_OTH,FIRST_MO,FIRST_YR,LAST_MO,LAST_YR,SPEEDREL,DR_SF1,DR_SF2,DR_SF3,DR_SF4,VTRAFWAY,VNUM_LAN,VSPD_LIM,VALIGN,VPROFILE,VPAVETYP,VSURCOND,VTRAFCON,VTCONT_F,P_CRASH1,P_CRASH2,P_CRASH3,PCRASH4,PCRASH5,ACC_TYPE,DEATHS,DR_DRINK
39,390226,2,2,1,2,5,5,30,12,2,1,0,39,1,37,33,37033,2,1990,JHMBA4215LC0,J,H,M,B,A,4,2,1,5,L,C,0,0,P,HOND,P20,CP,90,17,2566,,0,1010,,G,,2,4,119,,,13R185,,,,,,0,0,000000000,00000000000,0,0,0,1,0,0,0,0,0,0,0,998,0,0,0,12,6,2,12,0,0,0,1,39,43011,6,1,6,0,3,0,73,250,0,0,0,0,2,7,2009,10,2009,0,0,0,0,0,1,2,55,1,1,2,6,0,0,1,62,1,1,1,51,1,0
39,390227,1,1,1,3,5,18,14,32,0,1,0,39,1,20,19,20019,4,1995,1G1LD554XSY2,1,G,1,L,D,5,5,4,X,S,Y,2,0,P,CHEV,CSA,4D,95,17,2745,,0,1034,,G,,F,4,133,,,14R195,,,,,,0,0,000000000,00000000000,0,0,0,1,0,0,0,0,0,0,0,998,0,0,0,12,6,2,32,0,0,0,1,39,45827,6,1,0,0,3,0,70,150,0,0,0,0,0,0,0,0,0,1,0,0,0,0,1,2,55,1,1,2,1,0,0,1,6,1,1,4,1,1,1
39,390228,1,1,2,5,5,1,39,24,0,1,0,39,2,30,40,30040,9,1997,999999999999,9,9,9,9,9,9,9,9,9,9,9,9,0,,,,,,,,,,,,,,,,,,,,,,,,,0,0,000000000,00000000000,0,0,0,1,0,0,0,0,0,0,0,998,0,1,5,11,6,2,1,0,0,0,1,39,44004,1,1,0,0,2,0,71,170,0,3,0,1,2,8,2009,11,2011,1,0,0,0,0,2,2,65,1,1,2,1,0,0,1,6,1,1,4,6,1,1
39,390229,1,2,2,5,5,13,4,12,2,1,0,39,2,12,471,12471,30,1992,1FTCR14U5NTA,1,F,T,C,R,1,4,U,5,N,T,A,0,T,FORD,RNS,PC,92,17,,1,0,1250,RNG,G,,,6,182,,,,B,3174,09,A,42,0,0,000000000,00000000000,0,0,0,1,0,0,0,0,0,0,0,998,0,0,0,12,6,2,12,0,0,0,1,39,44903,3,7,0,0,2,0,67,140,0,0,0,0,0,0,0,0,0,1,28,0,0,0,1,2,55,2,2,2,1,0,0,14,10,1,1,2,50,1,0
39,390229,2,2,1,5,5,13,4,12,2,1,0,39,3,12,880,12880,67,2002,1FTWF33SX2EB,1,F,T,W,F,3,3,S,X,2,E,B,0,T,FORD,F3D,PK,2,17,,3,0,1370,DRW,G,,,10,415,,,,D,6121,01,U,44,0,88,888888888,88888888888,2,1,97,1,0,0,0,0,0,0,0,40,0,0,0,12,6,2,12,0,0,0,1,39,44903,6,1,0,0,3,0,73,175,0,0,0,1,0,12,2010,12,2010,0,0,0,0,0,1,2,55,3,2,2,1,0,0,14,62,1,1,1,51,0,0
39,390230,2,1,2,6,5,2,56,14,0,1,0,39,2,12,471,12471,30,1993,999999999999,9,9,9,9,9,9,9,9,9,9,9,9,0,,,,,,,,,,,,,,,,,,,,,,,,,0,0,000000000,00000000000,0,0,0,1,0,0,0,0,0,0,0,65,0,1,1,11,6,2,14,0,0,0,1,39,45812,1,1,0,0,2,0,73,200,0,3,0,0,0,9,2010,9,2011,1,36,51,0,0,1,2,25,1,1,2,1,0,0,1,6,1,1,4,11,1,1
39,390231,1,1,1,6,5,12,38,38,0,1,0,39,1,12,481,12481,31,1997,1FTDX1729VNB,1,F,T,D,X,1,7,2,9,V,N,B,0,T,FORD,F15,3C,97,17,,1,1570,1390,COF,G,,,6,256,,,,B,4045,03,E,42,0,0,000000000,00000000000,0,0,0,1,0,0,0,0,0,0,0,998,0,0,0,12,6,2,42,0,0,0,1,39,45685,1,1,0,0,2,0,65,180,1,5,0,0,2,3,2010,11,2011,0,0,0,0,0,1,2,55,3,6,2,1,0,0,14,13,1,1,4,1,1,1
39,390232,1,1,1,29,5,14,55,42,0,1,0,39,1,20,16,20016,4,1999,1G1JC5248X73,1,G,1,J,C,5,2,4,8,X,7,3,0,P,CHEV,CAV,4D,99,17,2676,,0,1041,,G,,F,4,133,,,14R195,,,,,,0,0,000000000,00000000000,0,0,0,1,0,0,0,0,0,0,0,998,0,0,0,9,6,9,42,0,0,0,1,39,45318,6,1,0,0,3,0,70,190,0,0,0,0,0,0,0,0,0,0,0,0,0,0,1,2,55,1,2,2,1,0,0,1,13,1,1,4,1,1,0
39,390234,1,2,4,3,3,23,42,12,6,1,0,39,1,2,404,2404,14,2004,1J4GW48N54C1,1,J,4,G,W,4,8,N,5,4,C,1,0,T,JEEP,LCF,4W,4,17,,1,0,1059,GCK,G,,,8,287,,,,,3888,02,E,44,0,0,000000000,00000000000,0,0,0,1,0,0,0,0,0,0,0,998,0,0,0,12,6,2,12,0,0,0,1,39,43614,6,1,0,0,3,3,68,125,0,1,0,4,0,6,2009,12,2010,0,0,0,0,0,2,3,40,1,2,2,4,0,0,1,62,1,1,1,65,0,0
39,390234,2,2,2,3,3,23,42,12,6,1,0,39,1,52,401,52401,14,1998,JA4MT31P9WP0,J,A,4,M,T,3,1,P,9,W,P,0,0,P,MITS,MNS,UT,98,17,3980,,0,1073,,G,,F,6,181,,,15R225,,,,,,0,0,000000000,00000000000,0,0,0,1,0,0,0,0,0,0,0,998,0,0,0,10,6,2,12,0,0,0,1,39,43614,6,1,0,0,3,0,71,190,0,0,0,0,0,0,0,0,0,0,36,51,0,0,2,3,40,1,2,2,4,0,0,1,9,1,2,3,64,1,0
39,390235,1,1,1,4,3,0,55,8,0,1,1,39,2,38,404,38404,14,2000,4S2DM58WXY43,4,S,2,D,M,5,8,W,X,Y,4,3,0,P,ISU,ROD,UT,0,17,4104,,0,1064,,G,,F,6,195,,,16R245,,,,,,0,0,000000000,00000000000,0,0,0,1,0,0,0,0,0,0,0,998,0,0,0,12,4,3,8,0,0,0,1,39,44507,1,1,0,0,2,0,67,160,0,0,0,0,0,0,0,0,0,0,99,99,99,99,1,4,35,1,1,2,1,0,0,1,80,1,1,9,13,0,0
39,390236,1,1,1,5,3,5,0,25,0,1,0,39,1,20,402,20402,14,2004,2CNBJ1347469,2,C,N,B,J,1,3,4,7,4,6,9,0,P,CHEV,TKR,UT,4,17,3027,,0,976,,G,,F,6,152,,,15R215,,,,,,0,0,000000000,00000000000,0,0,0,1,0,0,0,0,0,0,0,998,0,0,0,62,6,2,25,0,0,0,1,39,45432,6,1,0,0,3,3,62,280,0,0,0,0,0,0,0,0,0,0,36,0,0,0,3,4,55,1,1,2,3,0,0,1,5,1,2,4,7,1,0
39,390237,1,1,1,6,3,3,17,8,0,1,0,39,2,20,22,20022,2,2006,1G1AK15F3678,1,G,1,A,K,1,5,F,3,6,7,8,0,P,CHEV,BLS,CP,6,17,2991,,0,1033,,G,,F,4,134,,,15R195,,,,,,0,0,000000000,00000000000,0,0,0,1,0,0,0,0,0,0,0,50,0,0,0,10,4,3,8,0,0,0,1,39,45402,6,1,0,0,3,0,66,185,0,1,0,1,1,10,2011,2,2012,1,0,0,0,0,1,4,35,1,2,2,1,0,0,1,80,1,1,1,13,0,0
39,390238,1,1,3,6,3,21,32,30,0,1,0,39,2,18,2,18002,4,1993,1G4AG55N6P64,1,G,4,A,G,5,5,N,6,P,6,4,0,P,BUIC,CSP,4D,93,17,2870,,0,1047,,G,,F,6,204,,,14R185,,,,,,0,0,000000000,00000000000,0,0,0,1,0,0,0,0,0,0,0,998,0,0,0,10,6,2,30,0,0,0,1,39,45033,6,1,0,0,3,0,66,125,0,0,0,1,0,1,2012,1,2012,0,36,0,0,0,1,2,55,4,1,2,1,0,0,14,12,1,2,4,7,1,1
39,390239,1,2,1,7,3,14,49,12,6,1,0,39,1,37,499,37499,14,2011,5J6RE4H46BL0,5,J,6,R,E,4,H,4,6,B,L,0,0,P,HOND,CRV,UT,11,17,3503,,0,0,,G,,F,4,146,,,000000,,,,,,0,0,000000000,00000000000,0,0,0,1,0,0,0,0,0,0,0,35,0,0,0,1,6,2,12,0,0,0,1,39,44515,6,1,0,0,3,3,64,150,0,0,0,0,0,0,0,0,0,0,0,0,0,0,1,4,40,1,1,2,1,3,3,1,62,1,1,1,69,0,0
39,390239,2,2,3,7,3,14,49,12,6,1,0,39,2,20,22,20022,2,2006,1G1AL18F3677,1,G,1,A,L,1,8,F,3,6,7,7,0,P,CHEV,BLT,CP,6,17,2991,,0,1033,,G,,F,4,134,,,15R195,,,,,,0,0,000000000,00000000000,0,0,0,1,0,0,0,0,0,0,0,10,0,0,0,3,6,2,12,0,0,0,1,39,44483,6,1,0,0,3,3,68,195,0,0,0,0,0,0,0,0,0,0,38,0,0,0,1,4,40,1,1,2,1,3,3,11,15,1,1,2,68,1,0
39,390240,1,1,1,7,3,23,11,42,0,1,0,39,1,22,18,22018,4,2001,1G2WK52J31F1,1,G,2,W,K,5,2,J,3,1,F,1,0,P,PONT,GFS,4D,1,17,3384,,0,1105,,G,,F,6,191,,,15R205,,,,,,0,0,000000000,00000000000,0,0,0,1,0,0,0,0,0,0,0,998,0,0,0,2,6,2,42,0,0,0,1,39,45371,1,1,0,0,2,0,62,112,0,4,1,0,1,6,2009,1,2012,1,36,0,0,0,1,2,35,4,1,4,1,0,0,14,6,1,2,4,2,1,1
39,390241,1,2,1,7,3,6,43,12,1,1,0,39,1,12,471,12471,30,1991,1FTCR10X3MTA,1,F,T,C,R,1,0,X,3,M,T,A,0,T,FORD,RNG,PK,91,17,,1,1140,1080,RNG,G,,,6,245,,,,B,2674,01,A,42,0,0,000000000,00000000000,0,0,0,1,0,0,0,0,0,0,0,998,0,0,0,6,6,2,12,0,0,0,1,39,44637,6,1,0,0,3,3,68,175,1,0,0,0,0,9,2011,9,2011,0,0,0,0,0,2,2,55,1,1,2,1,0,0,1,18,1,1,1,25,1,0
39,390241,2,2,1,7,3,6,43,12,1,1,1,39,1,49,472,49472,30,2007,5TENX22N67Z3,5,T,E,N,X,2,2,N,6,7,Z,3,0,T,TOYT,REG,PK,7,17,,1,0,1094,TAC,G,,,4,164,,,,B,3200,00,E,42,0,0,000000000,00000000000,0,0,0,1,0,0,0,0,0,0,0,998,0,0,0,12,4,3,12,0,0,0,1,39,44667,6,1,0,0,3,3,72,200,1,0,0,2,0,12,2009,1,2012,0,26,91,0,0,2,2,55,1,1,2,1,0,0,15,98,1,1,2,24,0,0
39,390242,1,2,1,7,3,4,27,12,2,1,0,39,1,7,20,7020,4,2002,1B3ES66F92D5,1,B,3,E,S,6,6,F,9,2,D,5,0,P,DODG,ACR,4D,2,17,2566,,0,1050,,G,,F,4,122,,,15R185,,,,,,0,0,000000000,00000000000,0,0,0,1,0,0,0,0,0,0,0,998,0,0,0,12,6,2,12,0,0,0,1,39,45644,6,1,0,0,3,3,70,180,2,0,0,3,3,5,2009,5,2011,0,51,0,0,0,1,2,55,1,1,2,1,0,0,1,10,1,1,2,50,1,0
39,390242,2,2,1,7,3,4,27,12,2,1,0,39,2,20,32,20032,4,1996,1Y1SK5269TZ0,1,Y,1,S,K,5,2,6,9,T,Z,0,0,P,GEO,GEP,4D,96,17,2359,,0,971,,G,,F,4,097,,,14R175,,,,,,0,0,000000000,00000000000,0,0,0,1,0,0,0,0,0,0,0,998,0,0,0,12,6,2,12,0,0,0,1,39,45601,6,1,0,0,3,3,66,264,0,2,0,2,1,12,2010,12,2011,0,0,0,0,0,1,2,55,1,1,2,1,0,0,1,62,1,1,1,51,1,0
39,390243,1,1,1,9,3,21,47,53,0,1,0,39,3,23,461,23461,21,2005,1GTHG35U3511,1,G,T,H,G,3,5,U,3,5,1,1,0,T,GMC,SA3,SV,5,17,,2,0,1350,SAV,G,,,8,366,,,,D,5470,00,U,42,0,0,000000000,00000000000,0,0,0,1,0,0,0,0,0,0,0,998,0,0,0,12,6,2,2,0,0,1,1,39,44074,6,1,0,0,3,0,73,175,0,0,0,0,1,12,2009,12,2009,0,35,0,0,0,1,2,55,1,1,2,1,0,0,1,13,1,1,4,1,1,1
39,390244,1,1,2,10,3,1,50,24,0,1,0,39,3,59,398,59398,4,2007,JTHBL46F0750,J,T,H,B,L,4,6,F,0,7,5,0,0,P,LEXS,L46,4D,7,17,4244,,0,1169,,G,,F,8,281,,,18R235,,,,,,0,0,000000000,00000000000,0,0,0,1,0,0,0,0,0,0,0,65,0,0,0,98,6,9,31,0,0,0,1,39,43015,6,1,0,0,3,3,71,195,0,0,0,0,0,0,0,0,0,0,36,0,0,0,2,3,65,1,1,2,1,0,0,1,9,1,2,4,2,1,0
39,390245,1,2,2,12,3,3,6,12,2,1,0,26,1,7,24,7024,4,2007,999999999999,9,9,9,9,9,9,9,9,9,9,9,9,0,,,,,,,,,,,,,,,,,,,,,,,,,0,0,000000000,00000000000,0,0,0,1,0,0,0,0,0,0,0,998,0,0,0,12,6,2,12,0,0,0,1,26,48162,6,1,0,0,3,0,70,195,0,3,1,0,0,3,2010,2,2012,0,51,0,0,0,3,4,60,4,2,2,1,0,0,14,98,1,1,2,50,2,1
39,390245,2,2,1,12,3,3,6,12,2,1,0,39,3,84,881,84881,62,2007,1HTMMAAL07H4,1,H,T,M,M,A,A,L,0,7,H,4,0,T,INTL,430,CC,7,17,,6,0,0,40S,D,,,6,466,,,,,00000,00,,42,0,57,187774,57187774,2,1,1,1,0,0,0,0,0,0,0,998,0,0,0,12,6,2,12,0,0,0,1,39,43611,6,1,0,0,3,3,62,110,0,2,0,1,2,10,2009,3,2011,0,0,0,0,0,3,4,60,4,2,2,1,0,0,14,54,1,1,1,51,0,0
39,390246,1,2,1,24,4,14,7,12,8,1,0,18,3,84,881,84881,66,2010,3HSCUAPR0AN1,3,H,S,C,U,A,P,R,0,A,N,1,0,T,INTL,PPR,TR,10,17,,8,0,0,PRO,D,,,6,915,,,,,00000,00,,64,0,57,273818,57273818,3,5,96,1,0,0,0,0,0,0,0,49,0,0,0,9,6,2,12,0,0,0,1,53,98327,6,1,6,0,3,0,61,165,0,0,0,0,1,9,2009,9,2009,0,0,0,0,0,1,2,55,1,1,2,1,0,0,1,62,7,1,1,65,0,0
39,390246,2,2,1,24,4,14,7,12,8,1,0,39,2,22,20,22020,4,1995,1G2WJ52M2SF3,1,G,2,W,J,5,2,M,2,S,F,3,0,P,PONT,GFS,4D,95,17,3370,,0,1075,,G,,F,6,191,,,15R205,,,,,,0,0,000000000,00000000000,0,0,0,1,0,0,0,0,0,0,0,998,0,0,0,11,6,2,12,0,0,0,1,39,45822,6,1,0,0,3,3,72,225,0,3,0,3,1,6,2009,3,2012,0,28,0,0,0,1,2,55,1,1,2,1,0,0,1,10,1,1,2,64,1,0
39,390247,1,1,3,12,5,13,55,14,0,1,0,39,1,37,403,37403,14,2008,5J6YH28798L0,5,J,6,Y,H,2,8,7,9,8,L,0,0,P,HOND,ELE,UT,8,17,3661,,0,1014,,G,,F,4,146,,,16R215,,,,,,0,0,000000000,00000000000,0,0,0,1,0,0,0,0,0,0,0,65,0,0,0,12,6,2,14,0,0,0,1,39,44004,6,1,0,0,3,3,72,155,1,0,0,0,0,12,2009,12,2009,1,28,0,0,0,1,2,25,1,1,2,1,0,0,1,6,1,1,4,11,1,0
39,390248,1,1,3,21,5,17,19,5,0,1,0,39,1,53,34,53034,4,2005,KL5JD56ZX5K1,K,L,5,J,D,5,6,Z,X,5,K,1,0,P,SUZI,FZS,4D,5,17,2700,,0,1024,,G,,F,4,122,,,15R195,,,,,,0,0,000000000,00000000000,0,0,0,1,0,0,0,0,0,0,0,998,0,0,0,0,0,3,5,0,0,0,1,39,43207,1,1,0,0,2,3,68,170,0,1,0,0,1,9,2011,3,2012,0,99,99,99,99,1,2,45,1,1,2,1,20,3,10,98,1,1,1,0,1,0
39,390249,1,1,1,7,4,10,42,18,0,1,0,39,2,20,481,20481,31,1991,1GCDC14Z7ME2,1,G,C,D,C,1,4,Z,7,M,E,2,0,T,CHEV,GC1,PK,91,17,,1,1315,1175,GM4,G,,,6,262,,,,B,00000,00,,42,0,0,000000000,00000000000,0,0,0,1,0,0,0,0,0,0,0,998,0,0,0,12,6,2,18,0,0,0,1,39,45424,6,1,0,0,3,0,68,193,0,0,0,0,2,10,2010,10,2010,0,0,0,0,0,1,4,35,1,1,2,1,0,0,1,8,1,1,1,15,1,1
39,390251,1,1,1,15,5,23,55,33,0,1,0,39,1,37,705,37705,80,1982,JH2RC0103CM3,J,H,2,R,C,0,1,0,3,C,M,3,0,M,HOND,CB7,RS,82,17,,,,,,,750,,4,,4,516,,,,,,,0,0,000000000,00000000000,0,0,0,1,0,0,0,0,0,0,0,998,0,0,0,14,6,2,33,0,0,0,1,39,43605,6,1,0,0,3,0,70,160,1,0,0,1,2,10,2010,5,2012,0,0,0,0,0,1,2,35,2,1,2,1,0,0,14,8,1,1,4,98,1,1
39,390252,1,2,1,16,5,15,21,12,6,1,0,39,1,6,441,6441,20,2004,2C4GP44RX4R6,2,C,4,G,P,4,4,R,X,4,R,6,0,T,CHRY,TLX,ES,4,17,,1,0,1193,TWC,G,,,6,201,,,,,3962,00,,42,0,0,000000000,00000000000,0,0,0,1,0,0,0,0,0,0,0,20,0,0,0,12,4,3,12,0,0,0,1,39,45133,6,1,0,0,3,3,63,170,0,0,0,0,0,0,0,0,0,0,38,0,0,0,1,2,55,1,1,2,1,0,0,12,10,1,1,2,98,0,0
39,390252,2,2,2,16,5,15,21,12,6,1,0,39,2,37,706,37706,80,2004,1HFSC180X4A8,1,H,F,S,C,1,8,0,X,4,A,8,0,M,HOND,VT1,RS,4,17,,,,,,,1099,,2,,4,573,,,,,,,0,0,000000000,00000000000,0,0,0,1,0,0,0,0,0,0,0,998,0,0,0,9,6,2,12,0,0,0,1,39,45133,6,1,0,0,3,0,68,165,0,0,0,0,0,0,0,0,0,0,0,0,0,0,1,2,55,1,1,2,1,0,0,1,62,1,1,1,98,2,0
39,390253,1,1,2,28,5,16,40,1,0,1,0,18,1,37,705,37705,80,1983,JH2RC0713DM1,J,H,2,R,C,0,7,1,3,D,M,1,0,M,HOND,F7C,RS,83,17,,,,,,,750,,4,,4,483,,,,,,,0,0,000000000,00000000000,0,0,0,1,0,0,0,0,0,0,0,998,0,0,0,0,4,3,1,0,0,0,1,18,47374,6,1,0,0,2,0,70,160,0,1,0,0,1,10,2010,10,2010,0,33,0,0,0,1,2,55,2,2,2,1,0,0,6,8,1,3,2,98,1,0
39,390254,1,2,2,13,3,13,57,12,2,1,0,39,2,7,19,7019,4,1995,1B3AA46K0SF5,1,B,3,A,A,4,6,K,0,S,F,5,0,P,DODG,SPI,4D,95,17,2784,,0,1035,,G,,F,4,153,,,14R185,,,,,,0,0,000000000,00000000000,0,0,0,1,0,0,0,0,0,0,0,45,0,1,6,12,6,2,12,0,0,0,1,39,44413,6,1,0,0,3,0,62,120,0,0,0,0,0,0,0,0,0,0,0,0,0,0,1,2,55,1,1,2,1,0,0,1,62,1,1,1,51,1,0
39,390254,2,2,3,13,3,13,57,12,2,1,0,39,1,7,442,7442,20,1999,1B4GP44G5XB8,1,B,4,G,P,4,4,G,5,X,B,8,0,T,DODG,GSS,ES,99,17,,1,0,1193,CAR,F,,,6,201,,,,,3856,00,E,42,0,0,000000000,00000000000,0,0,0,1,0,0,0,0,0,0,0,45,0,0,0,12,6,2,12,0,0,0,1,39,44455,6,1,0,0,3,0,62,135,0,0,0,0,0,0,0,0,0,0,0,0,0,0,1,2,55,1,1,2,1,0,0,1,10,1,1,2,50,0,0
39,390255,1,2,1,14,3,9,45,12,1,1,0,39,3,23,881,23881,62,2007,1GDJ7C1G97F4,1,G,D,J,7,C,1,G,9,7,F,4,0,T,GMC,C7C,CC,7,17,,6,2960,1400,C75,G,,,8,496,,,,,00000,00,,42,0,57,300951,57300951,2,1,3,1,0,0,0,0,0,0,0,0,0,0,0,6,4,3,12,0,0,0,1,39,45628,6,1,0,0,3,3,74,260,0,0,0,0,0,0,0,0,0,0,0,0,0,0,1,2,55,4,1,2,1,0,0,5,53,1,1,1,21,0,0
39,390255,2,2,2,14,3,9,45,12,1,1,0,39,3,12,461,12461,21,1999,1FTNE2424XHA,1,F,T,N,E,2,4,2,4,X,H,A,0,T,FORD,25V,CG,99,17,,2,0,1380,VAN,G,,,6,256,,,,C,00000,00,M,42,0,0,000000000,00000000000,0,0,0,1,0,0,0,0,0,0,0,998,0,0,0,12,6,2,12,0,0,0,1,39,45601,6,1,0,0,3,3,66,160,0,0,0,0,0,0,0,0,0,0,26,0,0,0,1,2,35,4,1,2,1,0,0,14,50,1,1,1,20,2,0
39,390256,1,3,1,14,3,3,45,12,6,1,0,21,3,20,37,20037,4,2011,1G1ZE5EU0BF3,1,G,1,Z,E,5,E,U,0,B,F,3,0,P,CHEV,M/Z,4D,11,17,3649,,0,1123,,F,,F,4,146,,,18R225,,,,,,0,0,000000000,00000000000,0,0,0,1,0,0,0,0,0,0,0,998,0,0,0,12,6,2,12,0,0,0,1,39,45417,1,1,0,0,2,0,66,140,0,3,0,0,1,11,2009,5,2010,1,39,0,0,0,2,3,40,1,1,2,1,3,3,1,17,1,1,1,88,0,1
39,390256,2,3,2,14,3,3,45,12,6,1,0,37,2,37,32,37032,4,2004,1HGCM56354A1,1,H,G,C,M,5,6,3,5,4,A,1,0,P,HOND,ULX,4D,4,17,3113,,0,1079,,G,,F,4,146,,,15R205,,,,,,0,0,000000000,00000000000,0,0,0,1,0,0,0,0,0,0,0,998,0,0,0,9,6,2,12,0,0,0,1,53,99207,6,1,0,0,3,0,74,240,0,0,0,1,1,6,2010,7,2011,0,0,0,0,0,2,3,50,1,1,2,1,3,3,1,66,1,1,1,89,1,0
39,390256,3,3,1,14,3,3,45,12,6,1,0,39,1,49,401,49401,14,1994,JT3VN39W6R01,J,T,3,V,N,3,9,W,6,R,0,1,0,P,TOYT,RUN,UT,94,17,4165,,0,1033,,G,,F,6,180,,,15R225,,,,,,0,0,000000000,00000000000,0,0,0,1,0,0,0,0,0,0,0,0,0,0,0,2,2,1,12,0,0,0,1,39,45417,6,1,0,0,3,0,68,200,2,4,1,0,1,6,2009,3,2011,0,0,0,0,0,2,3,40,1,1,2,1,3,3,5,62,1,1,1,98,0,0
39,390257,1,1,1,15,3,12,15,8,0,1,0,39,1,20,471,20471,30,2003,1GCCS14H5381,1,G,C,C,S,1,4,H,5,3,8,1,0,T,CHEV,S14,PK,3,17,,1,0,1083,S,G,,,4,133,,,,B,3016,01,,42,0,0,000000000,00000000000,0,0,0,1,0,0,0,0,0,0,0,25,0,0,0,10,6,2,8,0,0,0,1,39,44491,6,1,0,0,3,3,68,165,0,0,0,0,0,0,0,0,0,0,99,99,99,99,0,0,0,0,0,0,0,0,0,1,80,1,1,1,13,0,0
39,390258,1,1,1,16,3,15,34,8,0,1,0,39,1,21,20,21020,4,1990,1G3NL54U8LM7,1,G,3,N,L,5,4,U,8,L,M,7,0,P,OLDS,CCA,4D,90,17,2408,,0,1034,,G,,F,4,151,,,000000,,,,,,0,0,000000000,00000000000,0,0,0,1,0,0,0,0,0,0,0,45,0,0,0,10,6,2,8,0,0,0,1,39,43977,6,1,0,0,3,0,68,180,0,0,0,0,0,0,0,0,0,1,0,0,0,0,1,2,40,1,1,2,1,0,0,1,80,2,1,1,13,0,0
39,390259,1,2,1,16,3,2,9,12,6,1,0,39,2,18,18,18018,4,1997,1G4NJ52T7VC4,1,G,4,N,J,5,2,T,7,V,C,4,0,P,BUIC,SCL,4D,97,17,2985,,0,1034,,G,,F,4,146,,,14R195,,,,,,0,0,000000000,00000000000,0,0,0,1,0,0,0,0,0,0,0,40,0,0,0,3,6,2,30,0,0,0,1,39,44112,6,1,0,0,3,0,62,165,0,2,0,0,1,5,2009,1,2011,1,0,0,0,0,1,4,30,1,1,2,2,3,3,1,66,1,1,1,87,1,0
39,390259,2,2,1,16,3,2,9,12,6,1,1,39,2,12,422,12422,15,2000,1FMPU16L7YLA,1,F,M,P,U,1,6,L,7,Y,L,A,0,P,FORD,EPT,UT,0,17,5275,,0,1191,,G,,F,8,330,,,16R255,,,,,,0,0,000000000,00000000000,0,0,0,1,0,0,0,0,0,0,0,30,0,0,0,12,6,2,12,0,0,0,1,39,44110,1,1,0,0,2,0,70,270,0,1,0,0,0,10,2011,10,2011,0,39,0,0,0,1,4,35,1,1,2,2,3,3,1,17,1,1,1,86,0,1
39,390260,1,1,2,17,3,0,30,8,0,1,0,39,1,20,403,20403,14,2007,1GNDT13S8723,1,G,N,D,T,1,3,S,8,7,2,3,0,P,CHEV,TRL,UT,7,17,4523,,0,1130,,G,,F,6,256,,,17R245,,,,,,0,0,000000000,00000000000,0,0,0,1,0,0,0,0,0,0,0,25,0,0,0,12,2,3,8,0,0,0,1,39,44485,1,1,0,0,2,3,66,190,1,1,0,0,2,1,2010,5,2010,0,0,0,0,0,1,2,25,1,1,2,1,0,0,1,80,1,1,1,13,0,1
39,390262,1,3,5,13,5,16,55,12,7,1,0,39,2,41,37,41037,4,1995,1YVGE22C4S53,1,Y,V,G,E,2,2,C,4,S,5,3,0,P,MAZD,UDL,4D,95,17,2743,,0,1028,,G,,F,4,122,,,14R195,,,,,,0,0,000000000,00000000000,0,0,0,1,0,0,0,0,0,0,0,35,0,0,0,1,6,2,12,0,0,0,1,39,45231,6,7,0,0,3,0,63,160,0,1,0,0,0,2,2012,2,2012,1,26,0,0,0,1,4,35,1,1,2,2,0,0,1,6,6,1,1,44,1,0
39,390262,2,3,3,13,5,16,55,12,7,1,0,39,1,37,32,37032,4,2006,1HGCM56396A1,1,H,G,C,M,5,6,3,9,6,A,1,0,P,HOND,ASE,4D,6,17,3197,,0,1079,,G,,F,4,146,,,15R205,,,,,,0,0,000000000,00000000000,0,0,0,1,0,0,0,0,0,0,0,0,0,0,0,7,2,9,12,0,0,0,1,39,45239,6,1,0,0,3,0,66,175,1,6,0,0,2,9,2009,3,2012,0,0,0,0,0,1,4,35,1,1,2,2,0,0,5,53,1,1,1,45,0,0
39,390262,3,3,3,13,5,16,55,12,7,1,0,39,3,92,981,92981,52,2002,15GCD2711211,1,5,G,C,D,2,7,1,1,2,1,1,0,T,GILL,,,2,17,,,,,,,,,,,,,,,,,,,0,77,777777777,77777777777,3,21,22,1,0,0,0,0,6,0,0,25,0,0,0,11,6,2,12,0,0,0,1,39,45216,6,1,6,0,3,0,66,174,0,0,0,0,0,0,0,0,0,0,0,0,0,0,1,4,35,1,1,2,2,0,0,1,62,1,1,1,98,0,0