STATE,ST_CASE,VEH_NO,VE_FORMS,NUMOCCS,DAY,MONTH,HOUR,MINUTE,HARM_EV,MAN_COLL,UNITTYPE,HIT_RUN,REG_STAT,OWNER,MAKE,MODEL,MAK_MOD,BODY_TYP,MOD_YEAR,VIN,VIN_1,VIN_2,VIN_3,VIN_4,VIN_5,VIN_6,VIN_7,VIN_8,VIN_9,VIN_10,VIN_11,VIN_12,TOW_VEH,VINTYPE,VINMAKE,VINA_MOD,VIN_BT,VINMODYR,VIN_LNGT,VIN_WGT,WGTCD_TR,WHLBS_LG,WHLBS_SH,SER_TR,FUELCODE,MCYCL_DS,CARBUR,CYLINDER,DISPLACE,MCYCL_CY,MCYCL_WT,TIRE_SZE,TON_RAT,TRK_WT,TRKWTVAR,VIN_REST,WHLDRWHL,J_KNIFE,MCARR_I1,MCARR_I2,MCARR_ID,GVWR,V_CONFIG,CARGO_BT,HAZ_INV,HAZ_PLAC,HAZ_ID,HAZ_CNO,HAZ_REL,BUS_USE,SPEC_USE,EMER_USE,TRAV_SP,UNDERIDE,ROLLOVER,ROLINLOC,IMPACT1,DEFORMED,TOWED,M_HARM,VEH_SC1,VEH_SC2,FIRE_EXP,DR_PRES,L_STATE,DR_ZIP,L_STATUS,L_TYPE,CDL_STAT,L_ENDORS,L_COMPL,L_RESTRI,DR_HGT,DR_WGT,PREV_ACC,PREV_SUS,PREV_DWI,PREV_SPD,PREV_OTH,FIRST_MO,FIRST_YR,LAST_MO,LAST_YR,SPEEDREL,DR_SF1,DR_SF2,DR_SF3,DR_SF4,VTRAFWAY,VNUM_LAN,VSPD_LIM,VALIGN,VPROFILE,VPAVETYP,VSURCOND,VTRAFCON,VTCONT_F,P_CRASH1,P_CRASH2,P_CRASH3,PCRASH4,PCRASH5,ACC_TYPE,DEATHS,DR_DRINK
39,390263,1,1,2,17,3,21,46,8,0,1,0,39,2,55,401,55401,14,2002,KM8SC73D42U1,K,M,8,S,C,7,3,D,4,2,U,1,0,P,HYUN,SAN,UT,2,17,3752,,0,1031,,G,,F,6,162,,,16R225,,,,,,0,0,000000000,00000000000,0,0,0,1,0,0,0,0,0,0,0,55,0,0,0,1,4,3,8,0,0,0,1,39,43140,6,1,0,0,3,3,70,200,0,2,0,0,0,11,2009,11,2009,0,0,0,0,0,2,2,55,1,1,2,1,0,0,1,80,1,1,1,13,0,1
39,390264,1,1,2,18,3,14,15,30,0,1,0,39,1,7,442,7442,20,2000,2B4GP25R1YR5,2,B,4,G,P,2,5,R,1,Y,R,5,0,P,DODG,CAR,SV,0,17,3432,,0,1133,,G,,F,6,201,,,14R205,,,,,,0,0,000000000,00000000000,0,0,0,1,0,0,0,0,0,0,0,60,0,0,0,12,6,9,30,0,0,0,1,39,43119,6,1,0,0,3,0,69,178,3,0,0,0,3,7,2010,10,2011,1,51,0,0,0,1,2,45,1,1,2,1,0,0,1,13,1,1,4,1,1,0
39,390265,1,1,1,18,3,5,45,8,0,1,0,39,1,37,31,37031,4,2002,1HGES26752L0,1,H,G,E,S,2,6,7,5,2,L,0,0,P,HOND,UAX,4D,2,17,2615,,0,1031,,G,,F,4,102,,,15R185,,,,,,0,0,000000000,00000000000,0,0,0,1,0,0,0,0,0,0,0,50,0,0,0,2,4,1,8,0,0,0,1,39,45150,6,1,0,0,3,0,74,140,0,0,0,0,0,0,0,0,0,0,99,99,99,99,1,4,50,1,1,2,1,0,0,1,80,99,1,4,13,0,0
39,390266,1,2,4,19,3,15,45,12,2,1,0,39,2,12,17,12017,4,1998,1FAFP52U7WG1,1,F,A,F,P,5,2,U,7,W,G,1,0,P,FORD,TLS,4D,98,17,3359,,0,1085,,G,,F,6,182,,,15R205,,,,,,0,0,000000000,00000000000,0,0,0,1,0,0,0,0,0,0,0,50,0,0,0,12,6,2,12,0,0,0,1,39,45044,1,1,0,0,2,0,72,175,0,3,0,0,1,11,2009,1,2012,0,28,0,0,0,1,2,55,1,1,2,1,0,0,1,10,1,1,2,50,1,0
39,390266,2,2,1,19,3,15,45,12,2,1,0,39,1,7,461,7461,21,2002,3B7KF23C52M2,3,B,7,K,F,2,3,C,5,2,M,2,0,T,DODG,Q25,4C,2,17,,2,1547,1387,RPC,D,,,6,359,,,,C,5579,01,E,44,0,0,000000000,00000000000,0,0,0,1,0,0,0,0,0,0,0,50,0,0,0,12,6,2,12,0,0,0,1,39,45036,6,1,0,0,3,0,75,200,0,0,0,0,0,0,0,0,0,0,0,0,0,0,1,2,55,1,1,2,1,0,0,1,62,1,1,1,51,0,0
39,390267,1,2,1,19,3,12,30,12,6,1,0,39,1,23,471,23471,30,2001,1GTCS19W2181,1,G,T,C,S,1,9,W,2,1,8,1,0,T,GMC,SON,PC,1,17,,1,0,1229,SON,G,,,6,262,,,,B,00000,00,U,42,0,0,000000000,00000000000,0,0,0,1,0,0,0,0,0,0,0,998,0,0,0,2,6,2,12,0,0,0,1,39,43506,6,1,0,0,3,0,68,186,0,0,0,0,0,0,0,0,0,0,38,0,0,0,1,2,55,1,1,2,1,0,0,11,10,1,1,2,68,1,1
39,390267,2,2,1,19,3,12,30,12,6,1,0,18,1,87,881,87881,66,2000,1XP5DB9XXYN4,1,X,P,5,D,B,9,X,X,Y,N,4,1,T,PTRB,379,TR,0,17,,8,0,0,CON,D,,,6,893,,,,,00000,00,,64,3,57,257062,57257062,3,6,2,1,0,0,0,0,0,0,0,56,0,0,0,12,6,2,12,0,0,0,1,18,46383,6,1,6,1,3,0,72,165,0,2,0,2,0,8,2009,5,2010,1,0,0,0,0,1,2,55,1,1,2,1,0,0,1,62,1,1,1,69,0,0
39,390269,1,3,1,20,3,14,4,12,6,1,0,39,1,53,705,53705,80,2007,JS1GN7DA9721,J,S,1,G,N,7,D,A,9,7,2,1,0,M,SUZI,G60,RC,7,17,,,,,,,599,,4,,4,354,,,,,,,0,0,000000000,00000000000,0,0,0,1,0,0,0,0,0,0,0,998,0,0,0,12,6,2,12,0,0,0,1,39,45248,6,1,0,0,3,0,70,200,0,0,0,1,1,8,2009,10,2010,1,99,99,99,99,5,4,35,1,1,2,1,0,0,1,62,99,1,1,69,1,0
39,390269,2,3,1,20,3,14,4,12,6,1,0,39,1,37,31,37031,2,2001,1HGEM22521L0,1,H,G,E,M,2,2,5,2,1,L,0,0,P,HOND,UCL,CP,1,17,2496,,0,1031,,G,,F,4,102,,,14R185,,,,,,0,0,000000000,00000000000,0,0,0,1,0,0,0,0,0,0,0,998,0,0,0,3,6,2,12,0,0,0,1,39,45248,6,1,0,0,3,0,64,125,0,0,0,0,0,0,0,0,0,0,38,0,0,0,5,4,35,1,1,2,1,0,0,11,15,1,1,1,68,0,0
39,390269,3,3,1,20,3,14,4,12,6,1,0,39,2,6,441,6441,20,2001,2C8GP54L81R3,2,C,8,G,P,5,4,L,8,1,R,3,0,T,CHRY,LXI,ES,1,17,,1,0,1193,TWC,G,,,6,230,,,,,4183,00,,42,0,0,000000000,00000000000,0,0,0,1,0,0,0,0,0,0,0,0,0,0,0,11,2,1,54,0,0,0,1,39,45248,6,1,0,0,3,3,63,150,0,1,1,3,0,7,2009,11,2009,0,0,0,0,0,5,4,35,1,1,2,1,20,3,5,98,1,1,1,98,0,0
39,390270,1,1,1,20,3,8,31,9,0,1,0,39,1,35,443,35443,20,1997,4N2DN1113VD8,4,N,2,D,N,1,1,1,3,V,D,8,0,P,NISS,QST,SV,97,17,3745,,0,1122,,G,,F,6,181,,,15R205,,,,,,0,0,000000000,00000000000,0,0,0,1,0,0,0,0,0,0,0,41,0,0,0,2,6,2,9,0,0,0,1,39,45601,6,1,0,0,3,3,69,185,1,0,0,0,1,9,2009,9,2009,0,0,0,0,0,2,2,55,1,1,2,1,0,0,1,80,1,1,1,13,0,0
39,390271,1,1,1,21,3,18,20,8,0,1,1,99,9,20,2,20002,9,9999,999999999999,9,9,9,9,9,9,9,9,9,9,9,9,0,,,,,,,,,,,,,,,,,,,,,,,,,0,0,000000000,00000000000,0,0,0,1,0,0,0,0,0,0,0,999,0,0,0,12,2,1,8,0,0,0,1,99,99999,9,9,99,9,9,9,999,999,99,99,99,99,99,99,9999,99,9999,0,99,99,99,99,1,2,25,1,2,2,1,0,0,1,80,1,1,1,13,0,0
39,390272,1,1,3,21,3,22,6,32,0,1,0,39,2,21,401,21401,14,2000,1GHDT13W3Y23,1,G,H,D,T,1,3,W,3,Y,2,3,0,P,OLDS,BRA,UT,0,17,4068,,0,1070,,G,,F,6,262,,,15R235,,,,,,0,0,000000000,00000000000,0,0,0,1,0,0,0,0,0,0,0,998,0,1,5,2,6,2,1,0,0,0,1,39,43543,1,1,0,0,2,0,69,200,3,1,0,1,4,9,2011,2,2012,0,0,0,0,0,1,2,55,1,1,2,1,0,0,1,13,1,1,4,1,1,1
39,390273,1,2,1,21,3,16,30,12,6,1,0,39,1,37,705,37705,80,2004,JH2PC213X4M5,J,H,2,P,C,2,1,3,X,4,M,5,0,M,HOND,VCD,RS,4,17,,,,,,,583,,2,,4,458,,,,,,,0,0,000000000,00000000000,0,0,0,1,0,0,0,0,0,0,0,998,0,0,0,12,6,2,12,0,0,0,1,39,43920,6,1,0,0,3,0,72,170,0,0,0,0,0,0,0,0,0,0,0,0,0,0,1,2,40,1,1,2,1,0,0,1,62,1,1,1,69,1,0
39,390273,2,2,1,21,3,16,30,12,6,1,0,39,2,9,442,9442,20,1998,1P4GP44G3WB5,1,P,4,G,P,4,4,G,3,W,B,5,0,T,PLYM,GSX,ES,98,17,,1,0,1193,VOF,F,,,6,201,,,,,3675,00,E,42,0,0,000000000,00000000000,0,0,0,1,0,0,0,0,0,0,0,10,0,0,0,9,2,3,12,0,0,0,1,39,44406,6,1,0,0,3,0,65,170,0,0,0,0,0,0,0,0,0,0,38,91,0,0,1,2,40,1,1,2,1,20,3,11,15,1,1,2,68,0,0
39,390274,1,2,3,23,3,12,24,32,0,1,0,39,1,2,405,2405,14,2002,1J4GL48K92W3,1,J,4,G,L,4,8,K,9,2,W,3,0,T,JEEP,SPR,4W,2,17,,1,0,1043,LIB,G,,,6,226,,,,,3682,02,E,44,0,0,000000000,00000000000,0,0,0,1,0,0,0,0,0,0,0,50,0,0,0,9,6,2,12,0,0,0,1,39,44264,6,1,0,0,3,0,71,145,0,0,0,0,0,0,0,0,0,0,51,0,0,0,1,2,50,1,2,2,1,0,0,1,13,1,1,4,1,1,0
39,390274,2,2,1,23,3,12,24,32,0,1,0,39,3,84,881,84881,62,2001,1HTSCAAM61H3,1,H,T,S,C,A,A,M,6,1,H,3,0,T,INTL,470,CC,1,17,,6,2540,1280,40S,D,,,6,466,,,,,00000,00,,42,0,99,999999999,99999999999,2,1,1,1,0,0,0,0,0,0,0,40,0,0,0,9,6,2,12,0,0,0,1,39,44319,6,1,6,1,3,3,69,220,1,0,0,0,1,3,2010,3,2010,0,0,0,0,0,1,2,50,1,2,2,1,0,0,1,62,1,1,1,98,0,0
39,390275,1,1,1,25,3,20,26,42,0,1,0,39,1,30,40,30040,4,2003,3VWSP69M83M0,3,V,W,S,P,6,9,M,8,3,M,0,0,P,VOLK,JSI,4D,3,17,2925,,0,989,,D,,T,4,116,,,15R195,,,,,,0,0,000000000,00000000000,0,0,0,1,0,0,0,0,0,0,0,50,0,0,0,9,6,2,42,0,0,0,1,39,43812,6,1,0,0,3,3,68,175,0,0,0,0,0,0,0,0,0,0,36,0,0,0,1,2,55,1,2,2,1,0,0,1,9,7,2,4,7,1,1
39,390276,1,1,1,21,4,2,39,25,0,1,0,39,1,37,32,37032,2,2001,1HGCG32421A0,1,H,G,C,G,3,2,4,2,1,A,0,0,P,HOND,ULX,CP,1,17,2967,,0,1051,,G,,F,4,138,,,15R195,,,,,,0,0,000000000,00000000000,0,0,0,1,0,0,0,0,0,0,0,65,0,0,0,12,6,2,25,0,0,0,1,39,44117,6,1,0,0,3,0,67,185,1,5,1,0,0,5,2009,1,2012,0,29,0,0,0,3,3,60,1,1,2,2,0,0,1,13,1,1,4,1,1,1
39,390277,1,3,1,29,4,16,28,12,2,1,0,39,1,37,705,37705,80,2008,JH2PC40408M1,J,H,2,P,C,4,0,4,0,8,M,1,0,M,HOND,B60,RC,8,17,,,,,,,599,,4,,4,410,,,,,,,0,0,000000000,00000000000,0,0,0,1,0,0,0,0,0,0,0,80,0,0,0,12,6,2,12,0,0,0,1,39,44663,6,1,0,0,3,3,74,180,0,0,0,1,0,7,2009,7,2009,1,28,0,0,0,1,2,55,1,3,2,1,0,0,1,10,1,1,2,50,1,0
39,390277,2,3,1,29,4,16,28,12,2,1,0,39,1,12,481,12481,31,2002,1FTNX21F52ED,1,F,T,N,X,2,1,F,5,2,E,D,0,T,FORD,F2S,4C,2,17,,2,1580,1418,SRW,D,,,8,444,,,,C,5949,05,U,44,0,0,000000000,00000000000,0,0,0,1,0,0,0,0,0,0,0,45,0,0,0,12,6,2,12,0,0,0,1,39,43832,6,1,0,0,3,0,66,170,1,0,0,0,1,3,2010,3,2010,0,0,0,0,0,1,2,55,1,3,2,1,0,0,1,62,1,1,1,51,0,0
39,390277,3,3,1,29,4,16,28,12,2,1,0,39,2,37,706,37706,80,2008,JH2SC590X8M0,J,H,2,S,C,5,9,0,X,8,M,0,0,M,HOND,CBS,RC,8,17,,,,,,,998,,4,,4,439,,,,,,,0,0,000000000,00000000000,0,0,0,1,0,0,0,0,0,0,0,998,0,0,0,12,6,2,12,0,0,0,1,39,44622,6,1,6,0,3,1,78,175,1,0,0,0,1,10,2011,12,2011,0,84,0,0,0,1,2,55,1,3,2,1,0,0,1,62,8,1,2,98,0,0
39,390278,1,2,1,2,5,6,58,12,6,1,0,39,2,12,481,12481,31,1997,1FTHW25FXVEB,1,F,T,H,W,2,5,F,X,V,E,B,0,T,FORD,F25,CW,97,17,,2,0,1520,COF,D,,,8,444,,,,C,00000,00,A,42,0,0,000000000,00000000000,0,0,0,1,0,0,0,0,0,0,0,998,0,0,0,12,6,2,12,0,0,0,1,39,45013,6,1,0,0,3,0,71,160,0,1,0,1,0,1,2012,3,2012,0,39,0,0,0,1,2,55,1,1,2,2,20,3,1,17,1,1,1,88,0,0
39,390278,2,2,1,2,5,6,58,12,6,1,0,39,1,72,706,72706,80,2008,1HD4CP2188K4,1,H,D,4,C,P,2,1,8,8,K,4,0,M,HD,L8C,RS,8,17,,,,,,,883,,2,,4,591,,,,,,,0,0,000000000,00000000000,0,0,0,1,0,0,0,0,0,0,0,55,0,0,0,9,6,2,12,0,0,0,1,39,45311,6,1,6,0,3,3,73,200,0,0,0,0,0,0,0,0,0,0,0,0,0,0,1,2,55,1,1,2,2,0,0,1,66,1,1,1,89,1,0
39,390279,1,1,2,4,5,1,50,34,0,1,0,39,2,30,40,30040,9,2003,999999999999,9,9,9,9,9,9,9,9,9,9,9,9,0,,,,,,,,,,,,,,,,,,,,,,,,,0,0,000000000,00000000000,0,0,0,1,0,0,0,0,0,0,0,100,0,0,0,9,6,2,42,0,0,0,1,39,44905,6,1,0,0,3,0,74,235,0,1,0,1,2,6,2009,4,2011,1,36,0,0,0,1,2,55,1,1,2,1,0,0,1,6,1,1,4,6,1,1
39,390280,1,1,1,6,5,14,45,1,0,1,0,39,1,98,709,98709,80,2009,LXMTCKPF7901,L,X,M,T,C,K,P,F,7,9,0,1,0,U,,,,9,17,,,,,,,,,,,,,,,,,,,0,0,000000000,00000000000,0,0,0,1,0,0,0,0,0,0,0,998,0,0,0,0,6,2,1,0,0,0,1,39,44663,6,1,0,0,3,3,65,180,0,0,0,0,0,0,0,0,0,1,0,0,0,0,1,2,55,3,1,2,1,0,0,14,6,1,1,4,1,1,0
39,390281,1,2,1,10,5,7,7,12,6,1,0,39,3,51,881,51881,66,2007,4V4NC9GH57N4,4,V,4,N,C,9,G,H,5,7,N,4,1,T,VOLV,VNL,TR,7,17,,8,0,0,VVN,D,,,6,732,,,,,00000,00,,64,1,57,12787113,5712787113,3,6,1,1,0,0,0,0,0,0,0,45,0,0,0,12,4,3,12,0,0,0,1,39,44256,6,1,6,0,3,0,75,220,0,0,0,0,0,0,0,0,0,0,0,0,0,0,1,2,55,1,1,2,1,0,0,1,66,1,1,1,86,0,0
39,390281,2,2,1,10,5,7,7,12,6,1,0,39,1,2,405,2405,14,2002,1J4GL48K72W1,1,J,4,G,L,4,8,K,7,2,W,1,0,T,JEEP,SPR,4W,2,17,,1,0,1043,LIB,G,,,6,226,,,,,3682,02,E,44,0,0,000000000,00000000000,0,0,0,1,0,0,0,0,0,0,0,998,0,0,0,3,6,2,12,0,0,0,1,39,44044,6,1,0,0,3,3,63,135,0,0,0,0,0,0,0,0,0,0,39,0,0,0,1,2,55,1,1,2,1,20,3,1,17,1,1,1,87,1,0
39,390282,1,2,1,12,5,14,7,12,8,1,0,39,2,20,16,20016,2,2001,1G1JC1245171,1,G,1,J,C,1,2,4,5,1,7,1,0,P,CHEV,CAV,CP,1,17,2617,,0,1041,,G,,F,4,133,,,14R195,,,,,,0,0,000000000,00000000000,0,0,0,1,0,0,0,0,0,0,0,998,0,0,0,11,6,2,12,0,0,0,1,39,43844,6,1,0,0,3,3,63,130,0,0,0,0,0,0,0,0,0,0,0,0,0,0,1,2,55,2,2,2,1,0,0,14,62,7,1,2,65,1,0
39,390282,2,2,4,12,5,14,7,12,8,1,0,39,1,20,403,20403,14,2007,1GNDT13S8721,1,G,N,D,T,1,3,S,8,7,2,1,0,P,CHEV,TRL,UT,7,17,4523,,0,1130,,G,,F,6,256,,,17R245,,,,,,0,0,000000000,00000000000,0,0,0,1,0,0,0,0,0,0,0,998,0,0,0,11,6,2,12,0,0,0,1,39,43843,6,1,0,0,3,0,69,130,0,0,0,1,0,7,2011,7,2011,0,28,0,0,0,1,2,55,3,2,2,1,0,0,14,10,7,1,2,64,0,1
39,390283,1,1,3,16,5,9,50,52,0,1,0,17,2,49,53,49053,5,2010,4T3ZA3BB4AU0,4,T,3,Z,A,3,B,B,4,A,U,0,0,P,TOYT,VEN,UT,10,17,3760,,0,1093,,G,,F,4,164,,,19R245,,,,,,0,0,000000000,00000000000,0,0,0,1,0,0,0,0,0,0,0,998,0,1,5,1,6,2,1,0,0,0,1,17,60631,6,1,0,0,3,0,66,250,0,0,0,0,0,0,0,0,0,0,0,0,0,0,3,3,70,3,2,2,1,0,0,14,13,1,1,4,1,1,0
39,390284,1,1,2,16,5,1,15,34,0,1,0,39,1,22,22,22022,2,2006,1G2ZH1581641,1,G,2,Z,H,1,5,8,1,6,4,1,0,P,PONT,GGT,CP,6,17,3428,,0,1123,,G,,F,6,214,,,17R225,,,,,,0,0,000000000,00000000000,0,0,0,1,0,0,0,0,0,0,0,998,0,1,5,3,6,2,30,0,0,0,1,39,44044,6,1,0,0,3,0,62,140,0,0,0,0,1,10,2011,10,2011,1,0,0,0,0,1,2,55,1,2,2,1,0,0,1,6,1,1,4,6,1,1
39,390285,1,1,2,19,5,1,56,1,0,1,0,39,2,2,404,2404,14,1995,1J4GZ78Y5SC7,1,J,4,G,Z,7,8,Y,5,S,C,7,0,T,JEEP,L/O,4W,95,17,,1,0,1059,GCK,G,,,8,318,,,,,3552,00,M,44,0,0,000000000,00000000000,0,0,0,1,0,0,0,0,0,0,0,60,0,2,5,0,6,2,1,0,0,0,1,39,43545,6,1,0,0,3,3,66,135,0,0,0,1,0,6,2011,6,2011,0,28,58,0,0,1,2,55,1,1,2,1,0,0,1,13,7,3,4,2,1,1
39,390286,1,2,1,22,5,10,20,12,6,1,0,39,2,89,881,89881,66,1992,4V1WDBCF3NU5,4,V,1,W,D,B,C,F,3,N,U,5,1,T,WHGM,WIA,TR,92,17,,8,0,0,ARO,D,,,6,893,,,,,00000,00,,64,1,88,888888888,88888888888,3,6,1,1,0,0,0,0,0,0,0,55,0,0,0,12,6,2,12,0,0,0,1,39,45887,6,1,6,0,3,3,68,180,0,0,0,0,0,0,0,0,0,0,0,0,0,0,1,2,55,1,1,2,1,0,0,1,66,1,1,1,88,0,0
39,390286,2,2,1,22,5,10,20,12,6,1,0,39,2,13,1,13001,4,1998,1LNFM82W4WY7,1,L,N,F,M,8,2,W,4,W,Y,7,0,P,LINC,SIG,4D,98,17,0,,0,1177,,G,,F,8,281,,,16R225,,,,,,0,0,000000000,00000000000,0,0,0,1,0,0,0,0,0,0,0,5,0,0,0,9,6,2,12,0,0,0,1,39,45895,6,1,0,0,3,0,71,135,0,0,0,1,1,9,2009,8,2011,0,38,0,0,0,1,2,55,1,1,2,1,20,3,4,17,1,1,1,89,1,0
39,390287,1,1,1,24,5,0,13,34,0,1,0,39,1,18,20,18020,4,2002,2G4WF5516211,2,G,4,W,F,5,5,1,6,2,1,1,0,P,BUIC,R/G,4D,2,17,3543,,0,1090,,G,,Z,6,231,,,16R225,,,,,,0,0,000000000,00000000000,0,0,0,1,0,0,0,0,0,0,0,998,0,1,5,11,6,2,1,0,0,0,1,39,43558,6,1,0,0,3,0,67,168,0,0,0,2,1,12,2009,4,2012,0,0,0,0,0,1,2,55,1,1,2,1,0,0,1,12,1,1,4,6,1,1
39,390288,1,1,5,29,5,21,56,8,0,1,0,39,2,49,33,49033,3,2000,JTDDY32T4Y00,J,T,D,D,Y,3,2,T,4,Y,0,0,0,P,TOYT,GTF,2H,0,17,2500,,0,1023,,G,,F,4,110,,,15R205,,,,,,0,0,000000000,00000000000,0,0,0,1,0,0,0,0,0,0,0,35,0,0,0,12,6,9,8,0,0,0,1,39,43130,6,1,0,0,3,0,66,140,0,0,0,0,0,0,0,0,0,0,0,0,0,0,1,4,35,1,1,2,1,0,0,1,80,1,1,1,13,0,0
39,390289,1,2,1,28,3,10,30,12,8,1,0,39,3,82,881,82881,62,2007,1FVACWDD77HX,1,F,V,A,C,W,D,D,7,7,H,X,0,T,FRHT,16M,CC,7,17,,6,0,0,FM2,D,,,6,439,,,,,00000,00,,42,0,99,999999999,99999999999,2,1,3,1,0,0,0,0,0,0,0,50,0,0,0,10,6,2,12,0,0,0,1,39,45424,6,1,0,0,3,0,74,230,0,1,0,2,1,7,2009,9,2010,0,28,0,0,0,1,2,55,1,1,2,1,0,0,1,10,1,1,2,64,0,0
39,390289,2,2,1,28,3,10,30,12,8,1,0,39,1,37,32,37032,4,2006,1HGCM56776A0,1,H,G,C,M,5,6,7,7,6,A,0,0,P,HOND,UEX,4D,6,17,3142,,0,1079,,G,,F,4,146,,,16R205,,,,,,0,0,000000000,00000000000,0,0,0,1,0,0,0,0,0,0,0,50,0,0,0,10,6,2,12,0,0,0,1,39,45331,6,1,0,0,3,3,60,125,0,0,0,0,0,0,0,0,0,0,0,0,0,0,1,2,55,1,1,2,1,0,0,1,62,1,1,1,65,1,0
39,390290,1,1,1,29,3,6,59,9,0,1,0,39,1,7,442,7442,20,1997,1B4GP44R8VB2,1,B,4,G,P,4,4,R,8,V,B,2,0,T,DODG,GSS,ES,97,17,,1,0,1193,CAR,G,,,6,201,,,,,3748,00,E,42,0,0,000000000,00000000000,0,0,0,1,0,0,0,0,0,0,0,45,0,0,0,12,6,2,9,0,0,0,1,39,44449,6,1,0,0,3,3,68,195,0,0,0,0,0,0,0,0,0,0,0,0,0,0,1,2,55,1,1,2,1,0,0,1,83,1,1,1,13,0,0
39,390292,1,1,1,29,3,18,20,34,0,1,0,39,2,53,705,53705,80,2000,JS1GN7AAXY21,J,S,1,G,N,7,A,A,X,Y,2,1,0,M,SUZI,GF6,RS,0,17,,,,,,,600,,4,,4,999,,,,,,,0,0,000000000,00000000000,0,0,0,1,0,0,0,0,0,0,0,74,0,0,0,12,6,2,30,0,0,0,1,39,45356,6,1,0,0,3,0,64,145,0,0,0,0,1,8,2010,8,2010,1,35,84,0,0,1,2,45,4,1,2,1,0,0,14,13,1,1,4,1,1,0
39,390293,1,3,2,18,5,20,27,12,1,1,0,39,2,7,20,7020,4,2003,1B3ES26C13D2,1,B,3,E,S,2,6,C,1,3,D,2,0,P,DODG,SEN,4D,3,17,2587,,0,1040,,G,,F,4,122,,,14R175,,,,,,0,0,000000000,00000000000,0,0,0,1,0,0,0,0,0,0,0,65,0,0,0,6,6,2,12,0,0,0,1,39,44312,6,1,0,0,3,0,67,185,0,0,0,0,0,0,0,0,0,0,0,0,0,0,2,3,65,1,1,2,1,0,0,1,60,1,1,1,98,0,0
39,390293,2,3,1,18,5,20,27,12,1,1,0,39,1,6,52,6052,6,2003,3C4FY48B33T6,3,C,4,F,Y,4,8,B,3,3,T,6,0,P,CHRY,PTC,SV,3,17,3049,,0,1030,,G,,F,4,148,,,15R195,,,,,,0,0,000000000,00000000000,0,0,0,1,0,0,0,0,0,0,0,65,0,0,0,6,6,2,12,0,0,0,1,39,44646,6,1,0,0,3,3,68,130,0,0,0,0,0,0,0,0,0,0,0,0,0,0,2,3,65,1,1,2,1,0,0,1,53,1,1,2,25,0,0
39,390293,3,3,1,18,5,20,27,12,1,1,0,39,1,2,403,2403,14,2012,1C4AJWAG1CL1,1,C,4,A,J,W,A,G,1,C,L,1,0,T,JEEP,WRS,2W,12,17,,1,0,954,WRA,F,,,6,220,,,,,3760,00,4,44,0,0,000000000,00000000000,0,0,0,1,0,0,0,0,0,0,0,85,0,1,1,12,6,2,1,0,0,0,1,39,44321,1,1,0,0,2,0,75,195,0,2,1,1,0,4,2011,4,2012,1,26,0,0,0,2,3,65,1,1,2,1,0,0,1,6,1,1,1,24,1,1
39,390294,1,1,1,19,5,0,52,33,0,1,0,39,1,53,706,53706,80,2005,JS1GT76A4521,J,S,1,G,T,7,6,A,4,5,2,1,0,M,SUZI,XR1,RC,5,17,,,,,,,999,,4,,4,365,,,,,,,0,0,000000000,00000000000,0,0,0,1,0,0,0,0,0,0,0,998,0,0,0,12,6,2,42,0,0,0,1,39,44281,6,1,6,0,3,0,69,165,0,0,0,1,2,12,2010,11,2011,1,0,0,0,0,1,4,25,3,1,2,1,0,0,14,13,1,1,4,1,1,1
39,390295,1,1,1,21,5,12,30,30,0,1,0,39,1,14,37,14037,4,1995,1MELM6535SK6,1,M,E,L,M,6,5,3,5,S,K,6,0,P,MERC,MGS,4D,95,17,2824,,0,1065,,G,,F,4,121,,,14R185,,,,,,0,0,000000000,00000000000,0,0,0,1,0,0,0,0,0,0,0,998,0,0,0,1,4,3,42,0,0,0,1,39,44695,6,1,0,0,3,0,64,130,0,0,0,0,0,0,0,0,0,0,0,0,0,0,1,2,55,3,2,2,1,0,0,14,13,1,1,4,1,1,0
39,390296,1,2,3,26,5,20,41,12,6,1,0,39,1,63,32,63032,4,2005,KNADC1259563,K,N,A,D,C,1,2,5,9,5,6,3,0,P,KIA,RIO,4D,5,17,2403,,0,949,,G,,F,4,098,,,14R175,,,,,,0,0,000000000,00000000000,0,0,0,1,0,0,0,0,0,0,0,20,0,0,0,3,6,2,12,0,0,0,1,39,43015,6,1,0,0,3,0,71,180,0,0,0,0,0,0,0,0,0,0,38,0,0,0,1,2,55,1,1,2,1,20,3,4,17,1,1,1,87,1,0
39,390296,2,2,2,26,5,20,41,12,6,1,0,39,2,2,403,2403,14,2008,1J4GB39108L5,1,J,4,G,B,3,9,1,0,8,L,5,0,T,JEEP,WUX,4W,8,17,,1,0,1160,WUL,G,,,6,230,,,,,3999,00,4,42,0,0,000000000,00000000000,0,0,0,1,0,0,0,0,0,0,0,55,0,0,0,12,6,2,12,0,0,0,1,39,43015,6,1,6,0,3,0,69,200,0,0,0,2,1,11,2009,9,2011,0,0,0,0,0,1,2,55,1,1,2,1,0,0,1,66,1,1,1,86,0,0