STATE,ST_CASE,VEH_NO,VE_FORMS,NUMOCCS,DAY,MONTH,HOUR,MINUTE,HARM_EV,MAN_COLL,UNITTYPE,HIT_RUN,REG_STAT,OWNER,MAKE,MODEL,MAK_MOD,BODY_TYP,MOD_YEAR,VIN,VIN_1,VIN_2,VIN_3,VIN_4,VIN_5,VIN_6,VIN_7,VIN_8,VIN_9,VIN_10,VIN_11,VIN_12,TOW_VEH,VINTYPE,VINMAKE,VINA_MOD,VIN_BT,VINMODYR,VIN_LNGT,VIN_WGT,WGTCD_TR,WHLBS_LG,WHLBS_SH,SER_TR,FUELCODE,MCYCL_DS,CARBUR,CYLINDER,DISPLACE,MCYCL_CY,MCYCL_WT,TIRE_SZE,TON_RAT,TRK_WT,TRKWTVAR,VIN_REST,WHLDRWHL,J_KNIFE,MCARR_I1,MCARR_I2,MCARR_ID,GVWR,V_CONFIG,CARGO_BT,HAZ_INV,HAZ_PLAC,HAZ_ID,HAZ_CNO,HAZ_REL,BUS_USE,SPEC_USE,EMER_USE,TRAV_SP,UNDERIDE,ROLLOVER,ROLINLOC,IMPACT1,DEFORMED,TOWED,M_HARM,VEH_SC1,VEH_SC2,FIRE_EXP,DR_PRES,L_STATE,DR_ZIP,L_STATUS,L_TYPE,CDL_STAT,L_ENDORS,L_COMPL,L_RESTRI,DR_HGT,DR_WGT,PREV_ACC,PREV_SUS,PREV_DWI,PREV_SPD,PREV_OTH,FIRST_MO,FIRST_YR,LAST_MO,LAST_YR,SPEEDREL,DR_SF1,DR_SF2,DR_SF3,DR_SF4,VTRAFWAY,VNUM_LAN,VSPD_LIM,VALIGN,VPROFILE,VPAVETYP,VSURCOND,VTRAFCON,VTCONT_F,P_CRASH1,P_CRASH2,P_CRASH3,PCRASH4,PCRASH5,ACC_TYPE,DEATHS,DR_DRINK
39,390297,1,1,2,27,5,15,58,34,0,1,0,39,1,72,706,72706,80,2009,1HD1PV81X9Y9,1,H,D,1,P,V,8,1,X,9,Y,9,0,M,HD,S3I,RS,9,17,,,,,,,1802,,2,,4,846,,,,,,,0,0,000000000,00000000000,0,0,0,1,0,0,0,0,0,0,0,30,0,0,0,7,4,3,34,0,0,0,1,39,45640,6,1,0,0,3,0,69,175,0,0,0,0,1,3,2012,3,2012,0,0,0,0,0,1,2,55,3,2,2,1,0,0,14,13,1,1,4,1,1,1
39,390298,1,5,1,1,5,20,58,12,2,1,0,39,1,12,481,12481,31,1989,2FTDF15Y4KCB,2,F,T,D,F,1,5,Y,4,K,C,B,0,T,FORD,F15,PK,89,17,,1,1330,1170,COF,G,,,6,300,,,,B,3535,01,A,42,0,0,000000000,00000000000,0,0,0,1,0,0,0,0,0,0,0,55,0,0,0,12,6,2,12,0,0,0,1,39,43964,6,1,0,0,3,0,74,270,0,0,0,0,0,0,0,0,0,0,28,58,0,0,1,2,55,1,1,2,2,0,0,1,10,6,1,2,50,1,1
39,390298,2,5,1,1,5,20,58,12,2,1,0,54,3,87,881,87881,66,2012,1XPWD40X5CD1,1,X,P,W,D,4,0,X,5,C,D,1,1,T,PTRB,388,TR,12,17,,8,0,0,CON,D,,,6,915,,,,,00000,00,,64,3,57,1339963,571339963,3,6,97,2,2,1268,3,1,0,0,0,45,0,0,0,12,6,2,12,0,0,0,1,54,26301,6,1,6,1,3,3,72,200,1,0,0,0,1,3,2010,7,2011,0,0,0,0,0,1,2,55,1,1,2,2,0,0,1,62,1,1,1,51,0,0
39,390298,3,5,1,1,5,20,58,12,2,1,0,39,1,7,442,7442,20,1999,1B4GP44GXXB8,1,B,4,G,P,4,4,G,X,X,B,8,0,T,DODG,GSS,ES,99,17,,1,0,1193,CAR,F,,,6,201,,,,,3856,00,E,42,0,0,000000000,00000000000,0,0,0,1,0,0,0,0,0,0,0,50,0,0,0,9,6,2,12,0,0,0,1,39,43812,6,1,0,0,3,3,66,126,0,0,0,1,0,5,2009,5,2009,0,0,0,0,0,1,2,55,1,1,2,2,0,0,1,62,1,1,1,98,0,0
39,390298,4,5,1,1,5,20,58,12,2,1,0,39,3,19,18,19018,4,2012,1G6DL5E31C01,1,G,6,D,L,5,E,3,1,C,0,1,0,P,CADI,CPA,4D,12,17,3858,,0,1134,,G,,F,6,220,,,18R235,,,,,,0,0,000000000,00000000000,0,0,0,1,0,0,0,0,0,0,0,45,0,0,0,3,4,9,12,0,0,0,1,39,43844,6,1,0,0,3,3,66,145,0,0,0,0,0,0,0,0,0,0,0,0,0,0,1,2,55,1,1,2,2,0,0,1,50,1,1,1,98,0,0
39,390298,5,5,3,1,5,20,58,12,2,1,0,39,1,22,16,22016,3,2000,1G2JB1248Y73,1,G,2,J,B,1,2,4,8,Y,7,3,0,P,PONT,SFS,CP,0,17,2606,,0,1041,,G,,F,4,133,,,14R195,,,,,,0,0,000000000,00000000000,0,0,0,1,0,0,0,0,0,0,0,45,0,0,0,12,6,2,18,0,0,0,1,39,43812,6,1,0,0,3,0,65,118,0,0,0,0,0,0,0,0,0,0,0,0,0,0,1,2,55,1,1,2,2,0,0,1,98,1,1,1,98,0,0
39,390299,1,1,1,2,6,7,4,42,0,1,0,39,1,6,43,6043,4,2004,1C3EL46X74N3,1,C,3,E,L,4,6,X,7,4,N,3,0,P,CHRY,SLX,4D,4,17,3106,,0,1080,,G,,F,4,148,,,15R205,,,,,,0,0,000000000,00000000000,0,0,0,1,0,0,0,0,0,0,0,50,0,0,0,12,6,2,31,0,0,0,1,39,44138,6,1,0,0,3,0,73,210,1,0,0,0,1,11,2010,2,2012,1,0,0,0,0,1,4,35,2,1,2,1,0,0,14,6,1,1,4,6,1,1
39,390300,1,1,1,20,5,1,30,14,0,1,0,39,2,12,481,12481,31,2002,1FTRX17232NA,1,F,T,R,X,1,7,2,3,2,N,A,0,T,FORD,F15,4C,2,17,,2,1571,1385,COF,G,,,6,256,,,,B,4224,06,U,42,0,0,000000000,00000000000,0,0,0,1,0,0,0,0,0,0,0,998,0,1,7,9,6,2,1,0,0,0,1,39,45410,0,0,0,0,0,0,999,999,0,0,0,0,0,0,0,0,0,1,36,0,0,0,1,2,30,1,1,2,1,0,0,1,10,1,1,2,15,1,1
39,390301,1,1,1,25,5,20,18,57,0,1,0,39,1,52,34,52034,4,2000,4A3AA46GXYE1,4,A,3,A,A,4,6,G,X,Y,E,1,0,P,MITS,GES,4D,0,17,3075,,0,1037,,G,,F,4,143,,,15R195,,,,,,0,0,000000000,00000000000,0,0,0,1,0,0,0,0,0,0,0,65,0,0,0,9,6,8,57,0,0,0,1,39,44314,6,1,0,0,3,0,69,195,0,0,0,0,0,0,0,0,0,0,99,99,99,99,3,2,65,3,1,2,1,0,0,14,12,99,9,4,10,1,0
39,390302,1,1,1,30,3,3,43,53,0,1,0,39,1,14,401,14401,14,1997,4M2DU55P8VUJ,4,M,2,D,U,5,5,P,8,V,U,J,0,P,MERC,MOU,UT,97,17,0,,0,1120,,G,,F,8,302,,,15R235,,,,,,0,0,000000000,00000000000,0,0,0,1,0,0,0,0,0,0,0,65,0,1,6,10,6,2,1,0,0,0,1,39,43545,1,1,0,0,2,0,69,140,0,3,0,2,0,9,2010,2,2012,1,36,0,0,0,1,2,55,1,1,2,1,0,0,1,6,6,2,4,2,1,1
39,390303,1,2,4,31,3,20,17,12,2,1,0,39,2,18,2,18002,4,1997,1G4HP52KXVH4,1,G,4,H,P,5,2,K,X,V,H,4,0,P,BUIC,LCF,4D,97,17,3446,,0,1108,,G,,F,6,231,,,15R205,,,,,,0,0,000000000,00000000000,0,0,0,1,0,0,0,0,0,0,0,998,0,0,0,12,6,2,12,0,0,0,1,39,45846,6,1,0,0,3,3,72,260,0,0,0,0,0,0,0,0,0,0,0,0,0,0,1,2,55,1,1,2,1,0,0,1,62,1,1,1,51,4,0
39,390303,2,2,1,31,3,20,17,12,2,1,0,39,2,20,443,20443,20,2004,1GNDX03E94D1,1,G,N,D,X,0,3,E,9,4,D,1,0,T,CHEV,VTR,ES,4,17,,1,0,1200,VTR,G,,,6,207,,,,,3838,00,,42,0,0,000000000,00000000000,0,0,0,1,0,0,0,0,0,0,0,998,0,0,0,12,6,2,12,0,0,0,1,39,45380,6,1,0,0,3,0,72,265,0,0,0,0,0,0,0,0,0,0,51,0,0,0,1,2,55,1,1,2,1,0,0,1,10,1,1,2,50,1,0
39,390304,1,1,1,18,5,0,41,43,0,1,0,39,3,55,33,55033,4,2012,5NPEB4AC6CH4,5,N,P,E,B,4,A,C,6,C,H,4,0,P,HYUN,SGL,4D,12,17,3161,,0,1100,,G,,F,4,144,,,16R205,,,,,,0,0,000000000,00000000000,0,0,0,1,0,0,0,0,0,0,0,70,0,0,0,12,6,2,43,0,0,0,1,39,44320,1,1,0,0,2,0,69,224,1,9,0,0,0,11,2009,4,2012,1,0,0,0,0,1,2,25,3,2,2,1,0,0,14,6,1,1,4,1,1,1
39,390305,1,2,1,3,6,16,55,12,7,1,0,39,1,76,705,76705,80,2011,JYARJ16E9BA0,J,Y,A,R,J,1,6,E,9,B,A,0,0,M,YAMA,R6L,RC,11,17,,,,,,,599,,4,,4,417,,,,,,,0,0,000000000,00000000000,0,0,0,1,0,0,0,0,0,0,0,998,0,0,0,1,6,2,1,0,0,0,1,39,44827,6,1,0,0,3,0,74,250,0,0,0,0,0,0,0,0,0,1,26,0,0,0,1,2,55,1,1,2,1,0,0,1,6,1,1,1,44,1,0
39,390305,2,2,1,3,6,16,55,12,7,1,0,39,1,30,40,30040,6,2002,WVWSB61J12W1,W,V,W,S,B,6,1,J,1,2,W,1,0,P,VOLK,JGW,SW,2,17,2973,,0,989,,G,,F,4,121,,,15R195,,,,,,0,0,000000000,00000000000,0,0,0,1,0,0,0,0,0,0,0,0,0,0,0,5,2,1,12,0,0,0,1,39,44833,6,1,6,0,3,0,76,200,0,0,0,2,0,7,2010,12,2010,0,0,0,0,0,1,2,55,1,1,2,1,0,0,5,53,1,1,1,45,0,0
39,390306,1,2,1,31,5,12,44,12,2,1,0,39,3,12,402,12402,14,2011,1FMCU9DG0BKB,1,F,M,C,U,9,D,G,0,B,K,B,0,P,FORD,SPE,UT,11,17,3504,,0,1031,,F,,F,6,183,,,16R235,,,,,,0,0,000000000,00000000000,0,0,0,1,0,0,0,0,0,0,0,55,0,0,0,12,6,2,12,0,0,0,1,39,44089,6,1,0,0,3,0,71,200,0,0,0,0,0,0,0,0,0,0,28,0,0,0,1,2,55,1,1,2,1,0,0,1,10,1,1,2,50,1,0
39,390306,2,2,1,31,5,12,44,12,2,1,0,39,3,84,881,84881,66,2007,2HSCHAPR97C4,2,H,S,C,H,A,P,R,9,7,C,4,1,T,INTL,99I,TR,7,17,,8,0,0,990,D,,,6,915,,,,,00000,00,,64,1,57,00285442,5700285442,3,6,3,1,0,0,0,0,0,0,0,55,0,0,0,12,6,2,12,0,0,0,1,39,44471,6,1,6,0,3,0,68,225,0,0,0,1,2,4,2010,4,2012,0,0,0,0,0,1,2,55,1,1,2,1,0,0,1,62,1,1,1,51,1,0
39,390307,1,2,2,28,5,13,56,12,1,1,0,39,1,6,43,6043,2,2001,1C3EL55U21N7,1,C,3,E,L,5,5,U,2,1,N,7,0,P,CHRY,SLI,CV,1,17,3433,,0,1060,,G,,F,6,167,,,16R205,,,,,,0,0,000000000,00000000000,0,0,0,1,0,0,0,0,0,0,0,0,0,0,0,6,6,2,12,0,0,0,1,39,43449,6,1,0,0,3,3,72,215,0,0,0,0,0,0,0,0,0,0,0,0,0,0,1,2,55,1,1,2,1,0,0,5,53,1,1,1,21,0,0
39,390307,2,2,1,28,5,13,56,12,1,1,0,39,1,20,481,20481,31,2005,1GCEC19T75E1,1,G,C,E,C,1,9,T,7,5,E,1,0,T,CHEV,SC1,4C,5,17,,2,1575,1435,SIL,G,,,8,323,,,,B,4555,00,,42,0,0,000000000,00000000000,0,0,0,1,0,0,0,0,0,0,0,998,0,0,0,12,6,2,43,0,0,1,1,39,43612,6,1,0,0,3,0,73,290,0,0,0,0,0,0,0,0,0,1,26,0,0,0,1,2,55,1,1,2,1,0,0,1,6,1,1,1,20,1,0
39,390308,1,2,2,20,5,14,5,1,0,1,0,39,2,73,705,73705,80,1986,JKAENGA16GA0,J,K,A,E,N,G,A,1,6,G,A,0,0,M,KAWK,EN4,RS,86,17,,,,,,,450,,2,,4,397,,,,,,,0,0,000000000,00000000000,0,0,0,1,0,0,0,0,0,0,0,998,0,0,0,0,6,9,12,0,0,0,1,39,44614,6,1,6,0,3,3,65,115,0,0,0,0,0,0,0,0,0,1,0,0,0,0,1,2,55,2,1,2,1,0,0,14,6,1,2,2,98,1,0
39,390308,2,2,2,20,5,14,5,1,0,1,0,39,1,20,9,20009,2,1989,1G1FP21S0KL1,1,G,1,F,P,2,1,S,0,K,L,1,0,P,CHEV,CAM,CP,89,17,3082,,0,1010,,G,,F,6,173,,,15R215,,,,,,0,0,000000000,00000000000,0,0,0,1,0,0,0,0,0,0,0,30,0,0,0,11,2,1,12,0,0,0,1,39,44666,6,1,0,0,3,0,71,220,0,0,0,0,0,0,0,0,0,0,0,0,0,0,1,2,55,3,1,2,1,0,0,14,62,7,1,1,98,0,0
39,390309,1,2,1,13,5,1,17,12,1,1,0,39,1,98,709,98709,80,2004,999999999999,9,9,9,9,9,9,9,9,9,9,9,9,0,,,,,,,,,,,,,,,,,,,,,,,,,0,0,000000000,00000000000,0,0,0,1,0,0,0,0,0,0,0,998,0,0,0,6,6,2,12,0,0,0,1,39,44280,6,1,0,0,3,0,68,175,0,0,0,0,0,0,0,0,0,0,0,0,0,0,1,2,45,1,1,2,1,0,0,1,53,1,1,1,25,1,1
39,390309,2,2,1,13,5,1,17,12,1,1,0,39,1,20,481,20481,31,2008,2GCEK1903813,2,G,C,E,K,1,9,0,3,8,1,3,0,T,CHEV,SK1,4C,8,17,,2,1575,1339,SIL,F,,,8,323,,,,B,5226,02,,44,0,0,000000000,00000000000,0,0,0,1,0,0,0,0,0,0,0,45,0,0,0,12,2,3,12,0,0,0,1,39,44028,6,1,0,0,3,3,72,190,0,0,0,1,0,10,2010,10,2010,1,26,0,0,0,1,2,45,1,1,2,1,0,0,1,6,1,1,1,24,0,1
39,390310,1,1,1,13,6,7,3,42,0,1,0,39,2,20,16,20016,2,2003,1G1JC12F7371,1,G,1,J,C,1,2,F,7,3,7,1,0,P,CHEV,CAV,CP,3,17,2617,,0,1041,,G,,F,4,134,,,14R195,,,,,,0,0,000000000,00000000000,0,0,0,1,0,0,0,0,0,0,0,58,0,0,0,3,6,2,42,0,0,0,1,39,45309,6,1,0,0,3,0,68,150,0,0,0,1,0,11,2010,11,2010,0,28,58,0,0,1,2,55,1,1,2,1,0,0,1,12,6,4,4,7,1,0
39,390312,1,1,4,1,4,6,50,35,0,1,0,18,1,21,441,21441,20,1994,1GHDU06LXRT3,1,G,H,D,U,0,6,L,X,R,T,3,0,P,OLDS,SIL,SV,94,17,3597,,0,1098,,G,,F,6,231,,,15R205,,,,,,0,0,000000000,00000000000,0,0,0,1,0,0,0,0,0,0,0,65,0,1,5,10,6,2,1,0,0,0,1,42,15469,1,1,0,0,2,0,70,999,0,1,0,0,0,11,2010,11,2010,0,6,0,0,0,2,2,65,1,1,2,1,0,0,1,12,7,1,4,6,1,0
39,390313,1,2,1,3,4,10,40,12,6,1,0,39,2,7,442,7442,20,2005,1D4GP24R25B1,1,D,4,G,P,2,4,R,2,5,B,1,0,T,DODG,GCS,ES,5,17,,1,0,1193,CAR,G,,,6,201,,,,,3867,00,E,42,0,0,000000000,00000000000,0,0,0,1,0,0,0,0,0,0,0,10,0,0,0,12,6,2,12,0,0,0,1,39,45304,6,1,0,0,3,0,67,245,1,0,0,1,1,7,2010,12,2011,0,38,0,0,0,1,2,55,4,1,2,1,20,3,14,17,1,1,1,88,0,0
39,390313,2,2,1,3,4,10,40,12,6,1,0,39,1,18,401,18401,14,2007,3G5DA03L17S5,3,G,5,D,A,0,3,L,1,7,S,5,0,P,BUIC,RZV,UT,7,17,4096,,0,1122,,G,,F,6,214,,,17R225,,,,,,0,0,000000000,00000000000,0,0,0,1,0,0,0,0,0,0,0,998,0,1,6,7,6,2,1,0,0,0,1,39,45304,6,1,0,0,3,0,67,245,1,0,0,1,1,7,2010,12,2011,0,0,0,0,0,1,2,55,4,1,2,1,0,0,14,66,1,1,1,89,1,0
39,390314,1,1,1,3,4,21,47,24,0,1,0,39,2,20,481,20481,31,1989,1GCDC14Z7KE2,1,G,C,D,C,1,4,Z,7,K,E,2,0,T,CHEV,GC1,PK,89,17,,1,1315,1175,GM4,G,,,6,262,,,,B,4114,08,,42,0,0,000000000,00000000000,0,0,0,1,0,0,0,0,0,0,0,998,0,0,0,2,6,2,35,0,0,0,1,39,44412,1,1,0,0,2,0,68,170,0,1,0,0,0,6,2010,6,2010,0,18,37,0,0,1,2,45,1,1,4,1,40,3,1,13,2,1,4,1,1,1
39,390315,1,1,1,4,4,20,45,8,0,1,0,39,1,18,22,18022,4,2006,2G4WC5826611,2,G,4,W,C,5,8,2,6,6,1,1,0,P,BUIC,LCX,4D,6,17,3495,,0,1105,,G,,F,6,232,,,16R225,,,,,,0,0,000000000,00000000000,0,0,0,1,0,0,0,0,0,0,0,55,0,0,0,2,4,3,8,0,0,0,1,39,43502,6,1,0,0,3,0,69,280,0,0,0,0,0,0,0,0,0,0,0,0,0,0,1,2,55,1,1,2,1,0,0,1,80,1,1,1,13,0,0
39,390316,1,2,1,5,4,18,5,12,2,1,0,39,1,35,43,35043,4,2002,3N1AB51D62L7,3,N,1,A,B,5,1,D,6,2,L,7,0,P,NISS,SSR,4D,2,17,2652,,0,998,,G,,F,4,153,,,16R195,,,,,,0,0,000000000,00000000000,0,0,0,1,0,0,0,0,0,0,0,55,0,0,0,12,6,2,12,0,0,0,1,39,45657,6,1,0,0,3,3,72,140,0,0,0,0,1,8,2010,8,2010,0,84,0,0,0,1,2,55,1,1,2,1,0,0,1,8,2,2,6,50,0,0
39,390316,2,2,2,5,4,18,5,12,2,1,0,39,1,37,31,37031,4,1996,1HGEJ6677TL0,1,H,G,E,J,6,6,7,7,T,L,0,0,P,HOND,UCL,4D,96,17,2426,,0,1032,,G,,F,4,097,,,14R185,,,,,,0,0,000000000,00000000000,0,0,0,1,0,0,0,0,0,0,0,998,0,0,0,12,6,2,12,0,0,0,1,39,45214,6,1,0,0,3,0,76,255,1,1,0,1,1,8,2011,2,2012,0,0,0,0,0,1,2,55,1,1,2,1,0,0,1,62,1,1,1,51,1,0
39,390317,1,1,1,5,4,0,14,8,0,1,0,39,3,12,16,12016,9,2009,999999999999,9,9,9,9,9,9,9,9,9,9,9,9,0,,,,,,,,,,,,,,,,,,,,,,,,,0,0,000000000,00000000000,0,0,0,1,0,0,0,0,0,0,0,998,0,0,0,2,4,3,8,0,0,0,1,39,45414,6,1,0,0,3,0,67,200,0,0,0,0,0,0,0,0,0,0,0,0,0,0,1,4,35,1,1,2,1,0,0,1,80,2,1,1,13,0,0
39,390318,1,2,1,6,4,19,38,12,8,1,0,39,1,20,404,20404,14,2012,2GNALDEK2C12,2,G,N,A,L,D,E,K,2,C,1,2,0,P,CHEV,EQU,UT,12,17,3779,,0,1125,,F,,F,4,146,,,17R225,,,,,,0,0,000000000,00000000000,0,0,0,1,0,0,0,0,0,0,0,48,0,0,0,10,6,2,12,0,0,0,1,39,43504,6,1,0,0,3,3,64,160,0,0,0,0,0,0,0,0,0,0,51,0,0,0,1,2,55,1,1,2,1,0,0,1,10,1,1,2,64,0,0
39,390318,2,2,3,6,4,19,38,12,8,1,0,39,2,55,36,55036,4,2009,KMHCM46C89U2,K,M,H,C,M,4,6,C,8,9,U,2,0,P,HYUN,ALS,4D,9,17,2365,,0,984,,G,,F,4,098,,,16R205,,,,,,0,0,000000000,00000000000,0,0,0,1,0,0,0,0,0,0,0,55,0,1,6,10,6,2,59,0,0,0,1,39,43502,1,1,0,0,2,0,69,162,0,1,0,0,0,2,2010,2,2010,0,0,0,0,0,1,2,55,1,1,2,1,0,0,1,62,2,1,1,65,1,0
39,390319,1,2,1,7,4,15,4,12,6,1,0,39,2,20,481,20481,31,2003,1GCEK19T13E2,1,G,C,E,K,1,9,T,1,3,E,2,0,T,CHEV,SK1,4C,3,17,,2,1575,1435,SIL,G,,,8,325,,,,B,4910,02,,44,0,0,000000000,00000000000,0,0,0,1,0,0,0,0,0,0,0,67,0,0,0,2,6,2,12,0,0,0,1,39,43140,6,1,0,0,3,0,69,154,0,0,0,1,1,8,2009,12,2011,0,51,0,0,0,1,2,55,1,1,2,1,0,0,1,10,6,2,2,87,0,1
39,390319,2,2,2,7,4,15,4,12,6,1,0,39,2,53,706,53706,80,1999,JS1VY51A4X21,J,S,1,V,Y,5,1,A,4,X,2,1,0,M,SUZI,VL1,RS,99,17,,,,,,,1462,,2,,4,652,,,,,,,0,0,000000000,00000000000,0,0,0,1,0,0,0,0,0,0,0,998,0,0,0,12,6,2,12,0,0,0,1,39,43162,6,1,0,0,3,0,73,196,0,1,0,0,1,1,2011,11,2011,0,0,0,0,0,1,2,55,1,1,2,2,0,0,1,62,1,1,1,86,2,0
39,390320,1,1,1,8,4,20,4,24,0,1,0,39,1,49,482,49482,31,2005,5TBRU34185S4,5,T,B,R,U,3,4,1,8,5,S,4,0,T,TOYT,TT5,4C,5,17,,1,0,1283,TUN,G,,,6,244,,,,B,4215,00,U,42,0,0,000000000,00000000000,0,0,0,1,0,0,0,0,0,0,0,998,0,0,0,2,6,2,24,0,0,0,1,39,45211,6,1,0,0,3,3,67,210,0,0,0,1,0,2,2011,2,2011,0,36,0,0,0,2,3,55,4,2,2,1,0,0,14,8,1,2,4,2,1,0
39,390321,1,2,1,9,4,15,7,12,6,1,0,39,1,18,401,18401,14,2003,3G5DA03EX3S5,3,G,5,D,A,0,3,E,X,3,S,5,0,P,BUIC,RZV,UT,3,17,4024,,0,1122,,G,,F,6,204,,,16R215,,,,,,0,0,000000000,00000000000,0,0,0,1,0,0,0,0,0,0,0,60,0,0,0,12,6,2,12,0,0,0,1,39,45171,6,1,0,0,3,3,65,130,0,0,0,0,0,0,0,0,0,0,39,91,0,0,2,2,60,1,1,2,1,3,3,1,17,1,1,1,88,0,0
39,390321,2,2,2,9,4,15,7,12,6,1,0,39,1,20,37,20037,4,2003,1G1NE52J53M5,1,G,1,N,E,5,2,J,5,3,M,5,0,P,CHEV,M/L,4D,3,17,3106,,0,1070,,G,,F,6,191,,,15R215,,,,,,0,0,000000000,00000000000,0,0,0,1,0,0,0,0,0,0,0,998,0,0,0,9,6,2,12,0,0,0,1,39,45176,6,1,0,0,3,0,70,185,0,0,0,0,1,3,2011,3,2011,0,0,0,0,0,2,2,60,1,1,2,1,3,3,1,66,1,1,1,89,2,0
39,390322,1,2,1,28,5,22,33,12,6,1,0,39,2,76,705,76705,80,1982,JYA5N8008CA0,J,Y,A,5,N,8,0,0,8,C,A,0,0,M,YAMA,X65,RS,82,17,,,,,,,650,,4,,4,447,,,,,,,0,0,000000000,00000000000,0,0,0,1,0,0,0,0,0,0,0,35,0,0,0,11,6,9,12,0,0,0,1,39,43219,6,1,0,0,3,0,69,150,1,5,0,0,2,8,2009,12,2010,0,0,0,0,0,1,4,35,1,1,2,1,0,0,1,62,1,1,1,69,1,1
39,390322,2,2,1,28,5,22,33,12,6,1,0,39,2,63,34,63034,4,2008,KNAGE1234852,K,N,A,G,E,1,2,3,4,8,5,2,0,P,KIA,OLE,4D,8,17,3142,,0,1071,,G,,F,4,146,,,16R205,,,,,,0,0,000000000,00000000000,0,0,0,1,0,0,0,0,0,0,0,5,0,0,0,1,6,9,12,0,0,0,1,39,43229,6,1,0,0,3,0,66,155,0,0,0,0,0,0,0,0,0,0,38,0,0,0,1,4,35,1,1,2,1,0,0,11,15,1,1,2,68,0,0
39,390323,1,1,1,31,5,10,40,32,0,1,0,39,1,20,443,20443,20,2003,1GNDX13E53D2,1,G,N,D,X,1,3,E,5,3,D,2,0,T,CHEV,LUX,ES,3,17,,1,0,1200,VTR,G,,,6,207,,,,,3699,01,,42,0,0,000000000,00000000000,0,0,0,1,0,0,0,0,0,0,0,998,0,0,0,11,6,2,43,0,0,0,1,39,43613,6,1,0,0,3,3,66,165,0,0,0,0,0,0,0,0,0,0,0,0,0,0,1,2,55,1,1,2,1,0,0,1,12,1,1,4,6,1,0
39,390324,1,1,2,2,6,0,22,8,0,1,1,39,2,49,47,49047,6,2009,2T1KU40E79C1,2,T,1,K,U,4,0,E,7,9,C,1,0,P,TOYT,CTX,4H,9,17,2865,,0,1024,,G,,F,4,110,,,16R205,,,,,,0,0,000000000,00000000000,0,0,0,1,0,0,0,0,0,0,0,50,0,0,0,11,2,1,8,0,0,0,1,39,44035,6,1,0,0,3,3,67,138,0,0,0,0,0,0,0,0,0,0,26,0,0,0,1,2,55,1,1,2,1,0,0,1,80,1,1,1,13,0,0
39,390325,1,2,1,3,6,18,44,12,2,1,0,39,1,14,17,14017,6,2002,1MEFM59S22A6,1,M,E,F,M,5,9,S,2,2,A,6,0,P,MERC,SLP,SW,2,17,3573,,0,1085,,G,,F,6,182,,,16R215,,,,,,0,0,000000000,00000000000,0,0,0,1,0,0,0,0,0,0,0,35,0,0,0,12,6,2,12,0,0,0,1,39,43224,6,1,0,0,3,3,68,150,0,0,0,0,0,0,0,0,0,0,0,0,0,0,1,4,35,1,1,2,1,0,0,1,62,1,1,1,51,1,0
39,390325,2,2,1,3,6,18,44,12,2,1,0,39,1,63,35,63035,4,2005,KNALD1245550,K,N,A,L,D,1,2,4,5,5,5,0,0,P,KIA,AV6,4D,5,17,4021,,0,1102,,G,,F,6,213,,,16R225,,,,,,0,0,000000000,00000000000,0,0,0,1,0,0,0,0,0,0,0,35,0,0,0,12,6,2,12,0,0,0,1,39,43229,6,1,0,0,3,3,70,180,0,0,0,0,0,0,0,0,0,0,28,0,0,0,1,4,35,1,1,2,1,0,0,1,10,1,1,2,50,0,0
39,390326,1,2,2,8,6,13,50,12,6,1,0,39,2,49,442,49442,20,2000,4T3ZF19C9YU2,4,T,3,Z,F,1,9,C,9,Y,U,2,0,P,TOYT,SIE,SV,0,17,3879,,0,1142,,G,,F,6,183,,,15R205,,,,,,0,0,000000000,00000000000,0,0,0,1,0,0,0,0,0,0,0,15,0,0,0,3,6,2,12,0,0,0,1,39,43230,6,1,0,0,3,0,75,163,0,0,0,1,0,12,2011,12,2011,0,38,0,0,0,1,2,55,1,1,2,1,20,3,4,17,1,1,1,87,1,0
39,390326,2,2,1,8,6,13,50,12,6,1,0,39,1,20,881,20881,63,1991,1GBL7H1J8MJ1,1,G,B,L,7,H,1,J,8,M,J,1,0,T,CHEV,C7H,CB,91,17,,7,2090,1440,KOD,D,,,6,403,,,,,00000,00,,42,0,88,888888888,88888888888,3,1,96,1,0,0,0,0,0,0,0,45,0,1,1,12,6,2,12,0,0,0,1,39,43113,6,1,0,0,3,0,67,145,0,0,0,3,1,9,2009,11,2011,0,0,0,0,0,1,2,55,1,1,2,1,0,0,1,66,2,1,1,86,0,0
39,390327,1,2,2,9,6,10,53,12,8,1,0,39,1,20,421,20421,15,2003,1GNEK13Z53J1,1,G,N,E,K,1,3,Z,5,3,J,1,1,P,CHEV,KTA,UT,3,17,5050,,0,1160,,F,,F,8,325,,,16R265,,,,,,1,0,000000000,00000000000,0,0,0,1,0,0,0,0,0,0,0,50,0,0,0,7,4,3,12,0,0,0,1,39,44903,6,1,0,0,3,0,67,210,1,0,0,0,2,8,2009,2,2012,0,0,0,0,0,1,2,55,1,1,2,1,0,0,1,62,1,1,1,65,0,0
39,390327,2,2,1,9,6,10,53,12,8,1,0,39,1,34,706,34706,80,2002,WB10439B62ZF,W,B,1,0,4,3,9,B,6,2,Z,F,0,M,BMW,R15,RC,2,17,,,,,,,1150,,2,,4,525,,,,,,,0,0,000000000,00000000000,0,0,0,1,0,0,0,0,0,0,0,998,0,0,0,11,6,2,2,0,0,1,1,39,44314,6,1,6,0,3,3,66,178,1,0,0,1,2,5,2011,2,2012,0,28,0,0,0,1,2,55,1,1,2,1,0,0,1,10,1,1,2,64,1,0