STATE,ST_CASE,VEH_NO,VE_FORMS,NUMOCCS,DAY,MONTH,HOUR,MINUTE,HARM_EV,MAN_COLL,UNITTYPE,HIT_RUN,REG_STAT,OWNER,MAKE,MODEL,MAK_MOD,BODY_TYP,MOD_YEAR,VIN,VIN_1,VIN_2,VIN_3,VIN_4,VIN_5,VIN_6,VIN_7,VIN_8,VIN_9,VIN_10,VIN_11,VIN_12,TOW_VEH,VINTYPE,VINMAKE,VINA_MOD,VIN_BT,VINMODYR,VIN_LNGT,VIN_WGT,WGTCD_TR,WHLBS_LG,WHLBS_SH,SER_TR,FUELCODE,MCYCL_DS,CARBUR,CYLINDER,DISPLACE,MCYCL_CY,MCYCL_WT,TIRE_SZE,TON_RAT,TRK_WT,TRKWTVAR,VIN_REST,WHLDRWHL,J_KNIFE,MCARR_I1,MCARR_I2,MCARR_ID,GVWR,V_CONFIG,CARGO_BT,HAZ_INV,HAZ_PLAC,HAZ_ID,HAZ_CNO,HAZ_REL,BUS_USE,SPEC_USE,EMER_USE,TRAV_SP,UNDERIDE,ROLLOVER,ROLINLOC,IMPACT1,DEFORMED,TOWED,M_HARM,VEH_SC1,VEH_SC2,FIRE_EXP,DR_PRES,L_STATE,DR_ZIP,L_STATUS,L_TYPE,CDL_STAT,L_ENDORS,L_COMPL,L_RESTRI,DR_HGT,DR_WGT,PREV_ACC,PREV_SUS,PREV_DWI,PREV_SPD,PREV_OTH,FIRST_MO,FIRST_YR,LAST_MO,LAST_YR,SPEEDREL,DR_SF1,DR_SF2,DR_SF3,DR_SF4,VTRAFWAY,VNUM_LAN,VSPD_LIM,VALIGN,VPROFILE,VPAVETYP,VSURCOND,VTRAFCON,VTCONT_F,P_CRASH1,P_CRASH2,P_CRASH3,PCRASH4,PCRASH5,ACC_TYPE,DEATHS,DR_DRINK
39,390328,1,1,2,10,6,19,11,50,0,1,0,39,1,12,3,12003,2,1967,7R01C115827,7,R,0,1,C,1,1,5,8,2,7,,0,P,FORD,MUS,2T,67,11,2624,,0,1080,,G,,2,8,289,,,146.95,,,,,,0,0,000000000,00000000000,0,0,0,1,0,0,0,0,0,0,0,998,0,0,0,12,6,2,23,0,0,0,1,39,44870,6,1,0,0,3,0,72,180,0,0,0,2,1,5,2010,12,2011,0,0,0,0,0,1,2,55,3,2,2,1,0,0,14,12,1,1,4,6,1,1
39,390329,1,2,1,10,6,10,49,12,6,1,0,39,1,20,481,20481,31,1994,1GCEC14Z2RZ1,1,G,C,E,C,1,4,Z,2,R,Z,1,0,T,CHEV,GC1,PK,94,17,,2,1315,1175,GM4,G,,,6,262,,,,B,3675,02,,42,0,0,000000000,00000000000,0,0,0,1,0,0,0,0,0,0,0,998,0,0,0,3,6,2,12,0,0,0,1,39,44805,6,1,0,0,3,0,73,185,0,0,0,0,0,0,0,0,0,0,38,0,0,0,1,2,55,1,1,2,1,20,3,1,17,1,1,1,87,1,0
39,390329,2,2,2,10,6,10,49,12,6,1,0,39,2,7,482,7482,31,2002,3B7KF23612M2,3,B,7,K,F,2,3,6,1,2,M,2,0,T,DODG,Q25,4C,2,17,,2,1547,1387,RPC,D,,,6,359,,,,C,5579,01,E,44,0,0,000000000,00000000000,0,0,0,1,0,0,0,0,0,0,0,55,0,0,0,12,6,2,12,0,0,0,1,39,44805,6,1,0,0,3,3,72,140,0,0,0,0,0,0,0,0,0,0,0,0,0,0,1,2,55,1,1,2,1,0,0,1,66,1,1,1,86,0,0
39,390330,1,1,1,15,6,0,2,21,0,1,0,39,2,18,7,18007,4,1999,2G4WS52M5X14,2,G,4,W,S,5,2,M,5,X,1,4,0,P,BUIC,CCU,4D,99,17,3353,,0,1090,,G,,F,6,191,,,15R205,,,,,,0,0,000000000,00000000000,0,0,0,1,0,0,0,0,0,0,0,65,0,0,0,11,6,2,21,0,0,0,1,39,43211,6,1,6,0,3,0,71,230,0,0,0,0,0,0,0,0,0,0,0,0,0,0,3,3,65,1,2,2,1,0,0,1,13,1,1,4,1,1,1
39,390331,1,1,1,25,6,13,54,24,0,1,0,39,2,55,35,55035,4,2009,KMHDU46D79U7,K,M,H,D,U,4,6,D,7,9,U,7,0,P,HYUN,HEL,4D,9,17,2723,,0,1043,,G,,F,4,121,,,15R195,,,,,,0,0,000000000,00000000000,0,0,0,1,0,0,0,0,0,0,0,998,0,0,0,1,6,2,25,0,0,0,1,39,43224,6,1,0,0,3,0,65,155,0,0,0,0,0,0,0,0,0,0,36,0,0,0,6,1,65,2,1,2,1,0,0,14,13,1,1,4,1,1,1
39,390333,1,1,1,7,6,18,54,24,0,1,0,39,2,20,401,20401,14,1996,1GNDT13W7T21,1,G,N,D,T,1,3,W,7,T,2,1,0,P,CHEV,BZR,UT,96,17,4023,,0,1070,,G,,F,6,262,,,15R235,,,,,,0,0,000000000,00000000000,0,0,0,1,0,0,0,0,0,0,0,998,0,1,5,1,6,2,2,0,0,1,1,39,44473,6,1,0,0,3,0,76,185,0,0,0,2,0,10,2009,6,2011,1,28,58,0,0,1,2,45,3,2,2,1,0,0,14,6,6,4,4,7,1,0
39,390334,1,2,2,14,6,2,50,12,2,1,0,39,3,82,881,82881,66,2007,1FUJA6DE07LX,1,F,U,J,A,6,D,E,0,7,L,X,1,T,FRHT,COL,TR,7,17,,8,0,0,CON,D,,,6,763,,,,,00000,00,,64,1,57,251206,57251206,3,6,1,1,0,0,0,0,0,0,0,45,7,0,0,12,6,2,12,0,0,0,1,39,45309,6,1,6,0,3,0,69,265,0,1,0,0,1,5,2010,7,2010,0,84,0,0,0,1,2,40,3,5,2,1,0,0,14,62,6,1,2,51,0,0
39,390334,2,2,1,14,6,2,50,12,2,1,0,39,1,22,16,22016,5,2001,1G2JB5244173,1,G,2,J,B,5,2,4,4,1,7,3,0,P,PONT,SFS,4D,1,17,2644,,0,1041,,G,,F,4,133,,,14R195,,,,,,0,0,000000000,00000000000,0,0,0,1,0,0,0,0,0,0,0,998,1,0,0,12,6,2,12,0,0,0,1,39,43973,6,1,0,0,3,0,72,130,1,0,0,0,1,9,2010,10,2010,0,28,0,0,0,1,2,40,2,6,2,1,0,0,14,10,1,1,2,50,1,0
39,390335,1,1,1,14,6,15,42,1,0,1,0,39,1,72,706,72706,80,2001,1HD1GLV101Y3,1,H,D,1,G,L,V,1,0,1,Y,3,0,M,HD,DXT,RS,1,17,,,,,,,1450,,2,,4,642,,,,,,,0,0,000000000,00000000000,0,0,0,1,0,0,0,0,0,0,0,998,0,0,0,0,6,2,1,0,0,0,1,39,43571,6,1,0,0,3,0,72,220,1,0,0,0,1,2,2012,3,2012,0,0,0,0,0,1,2,55,3,1,2,1,0,0,14,13,1,1,4,1,1,1
39,390336,1,1,2,15,6,21,35,8,0,1,0,39,2,35,43,35043,4,1994,1N4EB31P8RC8,1,N,4,E,B,3,1,P,8,R,C,8,0,P,NISS,SEL,4D,94,17,2346,,0,957,,G,,F,4,098,,,13R185,,,,,,0,0,000000000,00000000000,0,0,0,1,0,0,0,0,0,0,0,20,0,0,0,12,2,1,8,0,0,0,1,39,43113,6,1,0,0,3,0,65,126,0,0,0,0,0,0,0,0,0,0,0,0,0,0,1,2,25,1,1,2,1,0,0,1,80,1,1,1,13,0,0
39,390337,1,1,1,16,6,3,0,59,0,1,0,39,1,20,481,20481,31,1996,1GCEK19R2TE1,1,G,C,E,K,1,9,R,2,T,E,1,0,T,CHEV,GK1,PC,96,17,,2,1555,1415,GM4,G,,,8,350,,,,B,4495,08,,44,0,0,000000000,00000000000,0,0,0,1,0,0,0,0,0,0,0,998,0,2,5,1,6,2,1,0,0,0,1,39,44802,6,1,0,0,3,3,73,220,0,0,0,0,0,0,0,0,0,0,0,0,0,0,1,2,55,1,1,2,1,0,0,1,13,1,1,4,1,1,1
39,390338,1,2,5,17,6,12,29,12,2,1,0,39,1,20,23,20023,6,2006,3GNDA23D06S5,3,G,N,D,A,2,3,D,0,6,S,5,0,P,CHEV,HHR,SV,6,17,3155,,0,1035,,G,,F,4,134,,,16R215,,,,,,0,0,000000000,00000000000,0,0,0,1,0,0,0,0,0,0,0,998,0,0,0,12,6,2,12,0,0,0,1,39,44030,6,1,0,0,3,0,60,168,0,0,0,1,0,6,2012,6,2012,0,33,36,0,0,1,2,40,2,1,2,1,0,0,6,10,7,1,2,50,1,0
39,390338,2,2,2,17,6,12,29,12,2,1,0,39,2,20,481,20481,31,1987,1GCEV14K7HF3,1,G,C,E,V,1,4,K,7,H,F,3,0,T,CHEV,V10,PK,87,17,,2,1315,1175,V10,G,,,8,350,,,,B,3901,06,,44,0,0,000000000,00000000000,0,0,0,1,0,0,0,0,0,0,0,998,0,0,0,12,6,2,12,0,0,0,1,39,44030,6,1,0,0,3,3,63,148,0,0,0,0,1,6,2012,6,2012,0,0,0,0,0,1,2,40,3,1,2,1,0,0,14,62,1,1,1,51,1,0
39,390339,1,1,2,18,6,17,0,32,0,1,0,39,1,98,709,98709,80,2012,2BXJBRC11CV0,2,B,X,J,B,R,C,1,1,C,V,0,0,U,,,,12,17,,,,,,,,,,,,,,,,,,,0,0,000000000,00000000000,0,0,0,1,0,0,0,0,0,0,0,998,0,0,0,1,6,2,1,0,0,0,1,39,43076,6,1,0,0,3,3,65,120,0,2,1,0,0,6,2009,7,2010,0,0,0,0,0,1,2,55,1,1,2,1,0,0,1,13,1,1,4,1,2,1
39,390340,1,2,1,20,6,15,0,12,2,1,0,29,3,84,881,84881,66,2004,3HSCHAPR24N0,3,H,S,C,H,A,P,R,2,4,N,0,1,T,INTL,99I,TR,4,17,,8,0,0,990,D,,,6,915,,,,,00000,00,,64,1,57,2059045,572059045,3,6,1,1,0,0,0,0,0,0,0,55,0,0,0,12,6,2,12,0,0,0,1,29,63664,6,1,6,0,3,3,999,999,0,0,0,0,0,0,0,0,0,0,0,0,0,0,1,2,55,1,2,2,1,0,0,1,62,1,1,1,51,0,0
39,390340,2,2,1,20,6,15,0,12,2,1,0,39,2,20,16,20016,2,1997,1G1JC1248V73,1,G,1,J,C,1,2,4,8,V,7,3,0,P,CHEV,C/S,CP,97,17,2584,,0,1041,,G,,F,4,133,,,14R195,,,,,,0,0,000000000,00000000000,0,0,0,1,0,0,0,0,0,0,0,55,0,0,0,12,6,2,12,0,0,0,1,39,43135,6,1,0,0,3,0,61,130,0,0,0,0,0,0,0,0,0,0,28,0,0,0,1,2,55,1,2,2,1,0,0,1,10,1,1,2,50,1,0
39,390341,1,1,1,23,6,3,5,42,0,1,0,39,1,12,3,12003,9,2007,999999999999,9,9,9,9,9,9,9,9,9,9,9,9,0,,,,,,,,,,,,,,,,,,,,,,,,,0,0,000000000,00000000000,0,0,0,1,0,0,0,0,0,0,0,117,0,0,0,9,6,2,42,0,0,0,1,39,45133,6,1,0,0,3,0,73,202,0,0,0,2,0,12,2009,8,2011,1,28,58,0,0,1,2,55,1,1,2,1,0,0,1,6,7,1,4,1,1,1
39,390342,1,1,3,24,6,16,45,32,0,1,0,39,1,7,482,7482,31,2005,3D7KS28C35G8,3,D,7,K,S,2,8,C,3,5,G,8,0,T,DODG,SQ2,CW,5,17,,2,1605,1405,RPC,D,,,6,359,,,,C,5886,12,E,44,0,0,000000000,00000000000,0,0,0,1,0,0,0,0,0,0,0,998,0,1,5,12,6,2,1,0,0,0,1,39,44906,6,1,6,0,3,3,70,170,0,0,0,1,1,4,2011,8,2011,1,0,0,0,0,1,2,50,3,1,2,1,0,0,14,6,1,1,4,1,2,1
39,390343,1,1,1,12,5,22,55,1,0,1,0,26,1,37,709,37709,80,2007,999999999999,9,9,9,9,9,9,9,9,9,9,9,9,0,U,,,,9,17,,,,,,,,,,,,,,,,,,,0,0,000000000,00000000000,0,0,0,1,0,0,0,0,0,0,0,40,0,0,0,0,6,2,24,0,0,0,1,26,48910,6,1,0,0,3,0,68,150,0,0,0,0,0,0,0,0,0,0,0,0,0,0,6,1,65,2,5,2,1,0,0,14,98,1,7,1,98,1,0
39,390344,1,1,1,26,5,16,47,59,0,1,0,39,1,53,705,53705,80,1991,JS1GN72A6M21,J,S,1,G,N,7,2,A,6,M,2,1,0,M,SUZI,GX6,RC,91,17,,,,,,,599,,4,,4,438,,,,,,,0,0,000000000,00000000000,0,0,0,1,0,0,0,0,0,0,0,998,0,0,0,12,6,2,30,0,0,0,1,39,44484,6,1,0,0,3,0,72,180,0,0,0,0,0,0,0,0,0,0,0,0,0,0,1,2,25,2,1,2,1,0,0,14,12,99,9,4,10,1,0
39,390345,1,2,1,7,6,3,7,12,6,1,0,39,2,53,706,53706,80,2006,JS1GT76A9621,J,S,1,G,T,7,6,A,9,6,2,1,0,M,SUZI,XR1,RC,6,17,,,,,,,999,,4,,4,365,,,,,,,0,0,000000000,00000000000,0,0,0,1,0,0,0,0,0,0,0,30,0,0,0,12,6,2,12,0,0,0,1,39,43610,1,1,0,0,2,0,73,260,0,5,0,1,1,1,2010,12,2011,0,0,0,0,0,5,4,35,1,1,2,1,3,3,1,60,1,1,1,84,1,0
39,390345,2,2,2,7,6,3,7,12,6,1,0,39,1,20,36,20036,2,2002,2G1WW12E9291,2,G,1,W,W,1,2,E,9,2,9,1,0,P,CHEV,MLS,CP,2,17,3340,,0,1105,,G,,F,6,207,,,16R225,,,,,,0,0,000000000,00000000000,0,0,0,1,0,0,0,0,0,0,0,20,0,0,0,3,6,2,12,0,0,0,1,39,43609,6,1,0,0,3,0,67,148,0,0,0,0,0,0,0,0,0,0,47,0,0,0,5,4,35,1,1,2,1,3,3,10,16,1,1,2,84,0,0
39,390346,1,1,1,1,7,3,9,18,0,1,0,39,1,37,702,37702,83,1996,JH2HE0309TK5,J,H,2,H,E,0,3,0,9,T,K,5,0,M,HOND,XR0,T,96,17,,,,,,,100,,1,,4,149,,,,,,,0,0,000000000,00000000000,0,0,0,1,0,0,0,0,0,0,0,998,0,0,0,12,2,3,18,0,0,0,1,39,45810,1,1,0,0,2,0,70,150,1,11,2,0,2,9,2009,2,2012,0,36,0,0,0,1,2,98,1,1,1,1,0,0,1,90,1,1,1,12,1,1
39,390347,1,1,1,11,4,5,25,32,0,1,0,18,3,82,881,82881,66,2006,1FUBA5CG56LV,1,F,U,B,A,5,C,G,5,6,L,V,1,T,FRHT,COL,TR,6,17,,7,0,0,CON,D,,,6,774,,,,,00000,00,,42,1,57,0091369,570091369,3,6,1,1,0,0,0,0,0,0,0,55,0,0,0,2,6,2,2,0,0,1,1,26,48180,6,1,6,1,3,0,70,200,0,0,0,0,0,0,0,0,0,0,0,0,0,0,1,2,55,1,1,2,1,0,0,1,13,1,1,4,1,1,0
39,390348,1,2,4,11,4,6,0,12,6,1,0,39,2,12,17,12017,4,2005,1FAHP53U75A1,1,F,A,H,P,5,3,U,7,5,A,1,0,P,FORD,TSE,4D,5,17,3306,,0,1085,,G,,F,6,182,,,16R215,,,,,,0,0,000000000,00000000000,0,0,0,1,0,0,0,0,0,0,0,45,0,0,0,12,6,2,12,0,0,0,1,39,44260,6,8,0,0,3,0,67,120,0,1,0,0,0,12,2011,12,2011,0,0,0,0,0,3,4,55,1,1,2,2,3,3,1,66,1,1,1,86,0,0
39,390348,2,2,1,11,4,6,0,12,6,1,0,39,1,53,40,53040,5,2009,JS2YB4131962,J,S,2,Y,B,4,1,3,1,9,6,2,0,P,SUZI,STC,4H,9,17,2855,,0,984,,G,,F,4,122,,,16R205,,,,,,0,0,000000000,00000000000,0,0,0,1,0,0,0,0,0,0,0,998,0,0,0,3,6,2,12,0,0,0,1,39,44278,6,1,0,0,3,0,65,170,0,0,0,1,0,12,2009,12,2009,0,39,0,0,0,3,4,40,1,1,2,2,3,3,1,17,1,1,1,87,1,0
39,390349,1,2,3,12,4,17,35,12,8,1,0,39,1,20,404,20404,14,2005,2CNDL23FX560,2,C,N,D,L,2,3,F,X,5,6,0,0,P,CHEV,EQU,UT,5,17,3776,,0,1125,,G,,F,6,208,,,16R235,,,,,,0,0,000000000,00000000000,0,0,0,1,0,0,0,0,0,0,0,48,0,0,0,10,6,2,12,0,0,0,1,39,43920,6,1,0,0,3,3,65,130,1,0,0,0,0,6,2011,6,2011,0,0,0,0,0,1,2,55,4,2,2,1,0,0,14,62,1,1,1,65,1,1
39,390349,2,2,1,12,4,17,35,12,8,1,0,39,1,7,422,7422,15,2011,1D4SE5GT4BC6,1,D,4,S,E,5,G,T,4,B,C,6,0,P,DODG,DUR,UT,11,17,5397,,0,1198,,G,,F,8,348,,,20R265,,,,,,0,0,000000000,00000000000,0,0,0,1,0,0,0,0,0,0,0,51,0,0,0,10,6,2,12,0,0,0,1,39,44455,6,1,0,0,3,3,63,160,1,0,0,0,1,10,2010,10,2010,0,51,0,0,0,1,2,55,4,2,2,1,0,0,14,10,1,1,2,64,0,0
39,390350,1,1,2,13,4,2,27,53,0,1,0,39,2,12,17,12017,4,2004,1FAFP55U14G1,1,F,A,F,P,5,5,U,1,4,G,1,0,P,FORD,TSS,4D,4,17,3306,,0,1085,,G,,F,6,182,,,16R215,,,,,,0,0,000000000,00000000000,0,0,0,1,0,0,0,0,0,0,0,998,0,0,0,1,6,2,42,0,0,0,1,39,44041,1,1,0,0,2,0,73,205,0,3,0,1,2,11,2009,10,2010,0,0,0,0,0,1,2,45,1,1,2,1,0,0,1,13,1,1,4,1,2,1
39,390351,1,1,1,15,4,16,15,35,0,1,0,42,1,50,706,50706,80,2007,SMT700PD57J3,S,M,T,7,0,0,P,D,5,7,J,3,0,M,TRUM,TIG,RC,7,17,,,,,,,1050,,3,,4,436,,,,,,,0,0,000000000,00000000000,0,0,0,1,0,0,0,0,0,0,0,998,0,0,0,12,6,2,1,0,0,0,1,42,15301,6,1,0,0,3,0,74,999,0,0,0,0,0,0,0,0,0,1,41,0,0,0,1,2,55,4,5,2,1,40,3,14,12,2,2,4,6,1,0
39,390352,1,1,2,17,4,10,51,33,0,1,0,39,2,22,18,22018,4,1999,1G2NE52T3XM9,1,G,2,N,E,5,2,T,3,X,M,9,0,P,PONT,GAS,4D,99,17,3102,,0,1071,,G,,F,4,146,,,15R215,,,,,,0,0,000000000,00000000000,0,0,0,1,0,0,0,0,0,0,0,56,0,1,6,9,6,2,1,0,0,0,1,39,43015,6,1,0,0,3,0,71,215,0,0,0,0,0,0,0,0,0,1,24,36,91,0,1,2,35,4,1,2,1,0,0,14,6,2,2,4,1,1,0
39,390353,1,1,3,18,4,14,46,17,0,1,0,39,2,6,51,6051,4,1999,2C3HE66G7XH7,2,C,3,H,E,6,6,G,7,X,H,7,0,P,CHRY,30M,4D,99,17,3474,,0,1130,,G,,F,6,215,,,17R225,,,,,,0,0,000000000,00000000000,0,0,0,1,0,0,0,0,0,0,0,65,0,1,9,3,6,2,2,0,0,1,1,12,44667,1,1,0,0,2,0,69,999,1,1,0,0,0,7,2011,12,2011,1,51,0,0,0,1,2,55,1,2,4,1,0,0,1,6,8,2,4,7,1,0
39,390354,1,2,3,18,4,15,45,12,6,1,0,39,2,7,20,7020,4,2003,1B3ES26C33D2,1,B,3,E,S,2,6,C,3,3,D,2,0,P,DODG,SEN,4D,3,17,2587,,0,1040,,G,,F,4,122,,,14R175,,,,,,0,0,000000000,00000000000,0,0,0,1,0,0,0,0,0,0,0,998,0,0,0,3,6,2,12,0,0,0,1,39,45403,1,1,0,0,2,0,63,125,0,3,0,0,0,12,2009,2,2012,0,0,0,0,0,2,2,40,1,1,2,1,3,3,11,15,1,1,1,68,1,0
39,390354,2,2,1,18,4,15,45,12,6,1,0,39,2,20,481,20481,31,1989,1GCDC14Z9KE2,1,G,C,D,C,1,4,Z,9,K,E,2,0,T,CHEV,GC1,PK,89,17,,1,1315,1175,GM4,G,,,6,262,,,,B,4114,08,,42,0,0,000000000,00000000000,0,0,0,1,0,0,0,0,0,0,0,998,0,0,0,12,6,2,12,0,0,0,1,39,45405,1,1,0,0,2,0,75,190,0,1,0,0,1,7,2011,9,2011,0,0,0,0,0,2,2,40,1,1,2,1,3,3,1,62,1,1,1,69,0,0
39,390355,1,1,1,13,7,20,40,40,0,1,0,39,3,37,403,37403,14,2003,5J6YH28583L0,5,J,6,Y,H,2,8,5,8,3,L,0,0,P,HOND,ELE,UT,3,17,3544,,0,1014,,G,,F,4,146,,,16R215,,,,,,0,0,000000000,00000000000,0,0,0,1,0,0,0,0,0,0,0,80,0,1,5,1,6,2,1,0,0,0,1,39,45244,6,1,6,0,3,0,78,325,2,1,0,0,2,10,2009,4,2012,1,36,0,0,0,1,4,30,2,2,2,1,0,0,14,6,7,3,4,2,1,1
39,390356,1,1,1,3,7,18,28,19,0,1,0,39,1,23,401,23401,14,1998,1GKCT18W7WK5,1,G,K,C,T,1,8,W,7,W,K,5,0,T,GMC,JMY,2W,98,17,,1,0,1005,JMY,G,,,6,262,,,,B,3848,00,E,44,0,0,000000000,00000000000,0,0,0,1,0,0,0,0,0,0,0,50,0,0,0,11,6,2,19,0,0,0,1,39,44601,6,1,0,0,3,0,68,119,0,0,0,1,0,2,2011,2,2011,1,6,0,0,0,1,2,35,1,1,2,1,0,0,1,6,1,4,4,7,1,1
39,390357,1,3,1,23,6,4,20,12,8,1,0,39,2,20,481,20481,31,2009,1GCJK83649F1,1,G,C,J,K,8,3,6,4,9,F,1,0,T,CHEV,3K2,CW,9,17,,3,0,1670,SIL,D,,,8,403,,,,D,6672,00,,44,0,0,000000000,00000000000,0,0,0,1,0,0,0,0,0,0,0,100,1,0,0,11,6,2,12,0,0,0,1,39,43558,6,1,0,0,3,0,71,180,0,0,0,0,1,10,2010,10,2010,1,28,0,0,0,1,2,55,1,1,2,1,0,0,1,10,1,1,2,64,1,1
39,390357,2,3,1,23,6,4,20,12,8,1,0,18,3,85,881,85881,66,2010,1XKAD49X2AJ2,1,X,K,A,D,4,9,X,2,A,J,2,2,T,KW,T60,TR,10,17,,8,2600,1600,CON,D,,,6,915,,,,,00000,00,,64,1,57,457780,57457780,3,7,98,1,0,0,0,0,0,0,0,55,0,0,0,10,4,3,12,0,0,0,1,18,46816,6,1,6,1,3,0,72,238,0,0,0,0,0,0,0,0,0,0,0,0,0,0,1,2,55,1,1,2,1,0,0,1,62,1,1,1,65,0,0
39,390357,3,3,1,23,6,4,20,12,8,1,0,18,3,82,881,82881,66,2004,1FUJA6DEX4LN,1,F,U,J,A,6,D,E,X,4,L,N,2,T,FRHT,COL,TR,4,17,,8,0,0,CON,D,,,6,763,,,,,00000,00,,64,1,88,888888888,88888888888,3,7,98,1,0,0,0,0,0,0,0,55,7,0,0,12,6,2,12,0,0,0,1,18,46742,6,1,6,1,3,3,70,250,0,0,0,0,1,5,2010,5,2010,0,0,0,0,0,1,2,55,1,1,2,1,0,0,1,62,7,1,1,98,0,0
39,390358,1,1,1,13,6,22,57,8,0,1,0,39,1,2,404,2404,14,2004,1J4GW48S24C3,1,J,4,G,W,4,8,S,2,4,C,3,0,T,JEEP,LCF,4W,4,17,,1,0,1059,GCK,G,,,6,244,,,,,3888,02,E,44,0,0,000000000,00000000000,0,0,0,1,0,0,0,0,0,0,0,55,0,0,0,1,2,3,8,0,0,0,1,39,44230,6,1,0,0,3,3,68,205,0,0,0,0,0,0,0,0,0,0,0,0,0,0,3,2,60,1,1,2,1,3,3,1,80,6,1,1,13,0,0
39,390359,1,2,1,1,4,9,40,12,2,1,0,39,2,7,472,7472,30,2000,1B7GG2AN4YS7,1,B,7,G,G,2,A,N,4,Y,S,7,0,T,DODG,QAD,CW,0,17,,1,0,1309,DAK,G,,,8,287,,,,B,4262,00,U,44,0,0,000000000,00000000000,0,0,0,1,0,0,0,0,0,0,0,998,0,0,0,12,6,2,12,0,0,0,1,39,45506,6,1,0,0,3,0,65,200,0,0,0,0,0,0,0,0,0,0,51,0,0,0,1,2,35,1,1,2,1,0,0,1,10,1,1,2,50,0,0
39,390359,2,2,2,1,4,9,40,12,2,1,0,39,1,20,39,20039,5,2006,KL1TD666X6B5,K,L,1,T,D,6,6,6,X,6,B,5,0,P,CHEV,ABS,5D,6,17,2343,,0,976,,G,,F,4,098,,,14R185,,,,,,0,0,000000000,00000000000,0,0,0,1,0,0,0,0,0,0,0,35,0,0,0,12,6,2,12,0,0,0,1,39,45506,6,1,0,0,3,3,74,240,1,0,0,0,0,5,2009,5,2009,0,99,99,99,99,1,2,35,1,1,2,1,0,0,1,62,1,1,9,51,1,0
39,390360,1,2,4,19,4,3,21,12,6,1,0,39,1,12,401,12401,14,2002,1FMZU73E02UB,1,F,M,Z,U,7,3,E,0,2,U,B,0,P,FORD,EPR,UT,2,17,4378,,0,1137,,G,,F,6,245,,,16R235,,,,,,0,0,000000000,00000000000,0,0,0,1,0,0,0,0,0,0,0,49,0,0,0,9,6,2,12,0,0,0,1,39,44320,6,1,0,0,3,0,65,130,1,4,0,0,1,8,2010,12,2011,1,39,0,0,0,1,4,35,1,2,2,1,3,3,1,17,2,2,1,89,1,0
39,390360,2,2,3,19,4,3,21,12,6,1,0,39,2,12,461,12461,21,2005,1FDSS34P95HA,1,F,D,S,S,3,4,P,9,5,H,A,0,T,FORD,3SD,EC,5,17,,2,0,1380,VAN,D,,,8,366,,,,D,00000,00,E,42,0,0,000000000,00000000000,0,0,0,1,0,0,0,0,0,0,0,19,0,0,0,12,4,3,12,0,0,0,1,39,44094,6,1,0,0,3,3,67,115,0,0,0,0,0,0,0,0,0,0,0,0,0,0,1,4,25,1,2,2,1,3,1,1,66,1,1,1,88,0,0
39,390361,1,2,1,21,4,3,34,25,0,1,0,39,1,20,37,20037,4,2011,1G1ZC5E14BF1,1,G,1,Z,C,5,E,1,4,B,F,1,0,P,CHEV,ML1,4D,11,17,3436,,0,1123,,G,,F,4,146,,,17R215,,,,,,0,0,000000000,00000000000,0,0,0,1,0,0,0,0,0,0,0,45,0,0,0,12,6,2,12,0,0,0,1,39,45150,6,1,0,0,3,0,65,130,0,0,0,0,0,0,0,0,0,0,30,0,0,0,6,1,65,1,1,4,2,0,0,1,9,6,2,4,15,1,1
39,390361,2,2,2,21,4,3,34,25,0,1,0,18,3,82,884,82884,66,2007,1FUJA6CK37LY,1,F,U,J,A,6,C,K,3,7,L,Y,1,T,FRHT,COL,TR,7,17,,8,0,0,CON,D,,,6,855,,,,,00000,00,,64,1,57,327574,57327574,3,6,1,1,0,0,0,0,0,0,0,55,7,0,0,12,6,2,12,0,0,0,1,47,38104,6,1,6,1,3,0,69,185,0,1,0,1,0,7,2011,1,2012,0,0,0,0,0,6,1,65,1,1,2,2,0,0,1,74,7,1,1,98,0,0
39,390362,1,1,1,21,4,13,51,34,0,1,0,39,2,59,31,59031,4,1992,JT8VK13T3N00,J,T,8,V,K,1,3,T,3,N,0,0,0,P,LEXS,ES3,4D,92,17,3406,,0,1031,,G,,F,6,180,,,15R205,,,,,,0,0,000000000,00000000000,0,0,0,1,0,0,0,0,0,0,0,998,0,1,6,2,6,2,1,0,0,0,1,39,45169,6,1,0,0,3,0,61,120,0,0,0,0,0,0,0,0,0,1,36,0,0,0,1,2,55,4,2,2,2,0,0,14,6,9,2,4,6,1,0
39,390363,1,1,1,21,4,14,0,59,0,1,0,39,1,7,442,7442,20,1994,1B4GH54L5RX3,1,B,4,G,H,5,4,L,5,R,X,3,0,T,DODG,GEL,ES,94,17,,1,0,1193,CAR,G,,,6,230,,,,,3684,00,E,42,0,0,000000000,00000000000,0,0,0,1,0,0,0,0,0,0,0,998,0,1,5,2,6,2,30,0,0,0,1,39,44663,6,1,0,0,3,3,66,135,1,0,0,1,0,10,2009,10,2010,1,36,0,0,0,1,2,55,2,2,4,2,0,0,14,13,2,2,4,2,1,1