STATE,ST_CASE,VEH_NO,VE_FORMS,NUMOCCS,DAY,MONTH,HOUR,MINUTE,HARM_EV,MAN_COLL,UNITTYPE,HIT_RUN,REG_STAT,OWNER,MAKE,MODEL,MAK_MOD,BODY_TYP,MOD_YEAR,VIN,VIN_1,VIN_2,VIN_3,VIN_4,VIN_5,VIN_6,VIN_7,VIN_8,VIN_9,VIN_10,VIN_11,VIN_12,TOW_VEH,VINTYPE,VINMAKE,VINA_MOD,VIN_BT,VINMODYR,VIN_LNGT,VIN_WGT,WGTCD_TR,WHLBS_LG,WHLBS_SH,SER_TR,FUELCODE,MCYCL_DS,CARBUR,CYLINDER,DISPLACE,MCYCL_CY,MCYCL_WT,TIRE_SZE,TON_RAT,TRK_WT,TRKWTVAR,VIN_REST,WHLDRWHL,J_KNIFE,MCARR_I1,MCARR_I2,MCARR_ID,GVWR,V_CONFIG,CARGO_BT,HAZ_INV,HAZ_PLAC,HAZ_ID,HAZ_CNO,HAZ_REL,BUS_USE,SPEC_USE,EMER_USE,TRAV_SP,UNDERIDE,ROLLOVER,ROLINLOC,IMPACT1,DEFORMED,TOWED,M_HARM,VEH_SC1,VEH_SC2,FIRE_EXP,DR_PRES,L_STATE,DR_ZIP,L_STATUS,L_TYPE,CDL_STAT,L_ENDORS,L_COMPL,L_RESTRI,DR_HGT,DR_WGT,PREV_ACC,PREV_SUS,PREV_DWI,PREV_SPD,PREV_OTH,FIRST_MO,FIRST_YR,LAST_MO,LAST_YR,SPEEDREL,DR_SF1,DR_SF2,DR_SF3,DR_SF4,VTRAFWAY,VNUM_LAN,VSPD_LIM,VALIGN,VPROFILE,VPAVETYP,VSURCOND,VTRAFCON,VTCONT_F,P_CRASH1,P_CRASH2,P_CRASH3,PCRASH4,PCRASH5,ACC_TYPE,DEATHS,DR_DRINK
39,390364,1,2,1,23,4,13,56,12,6,1,0,18,3,82,884,82884,66,1999,1FUYSSZB3XLA,1,F,U,Y,S,S,Z,B,3,X,L,A,1,T,FRHT,FC2,TR,99,17,,8,0,0,CON,D,,,6,774,,,,,00000,00,,64,1,57,192897,57192897,3,6,3,1,0,0,0,0,0,0,0,5,0,0,0,2,6,2,12,0,0,0,1,48,78550,6,1,6,3,3,3,999,999,0,0,0,1,0,1,2011,1,2011,0,38,0,0,0,2,2,45,1,1,2,1,3,3,11,15,1,1,1,68,0,0
39,390364,2,2,1,23,4,13,56,12,6,1,0,39,2,20,22,20022,2,2008,1G1AM18B7871,1,G,1,A,M,1,8,B,7,8,7,1,0,P,CHEV,BSP,CP,8,17,2991,,0,1033,,G,,F,4,146,,,17R205,,,,,,0,0,000000000,00000000000,0,0,0,1,0,0,0,0,0,0,0,45,1,0,0,12,6,2,12,0,0,0,1,39,45044,6,1,0,0,3,0,67,130,0,0,0,1,0,5,2010,5,2010,0,99,99,99,99,2,2,45,1,1,2,1,3,3,1,62,1,1,1,69,1,0
39,390365,1,2,1,24,4,15,0,12,6,1,0,39,2,82,881,82881,66,2001,1FUJAHCG21LJ,1,F,U,J,A,H,C,G,2,1,L,J,1,T,FRHT,FLD,TR,1,17,,8,0,0,CON,D,,,6,774,,,,,00000,00,,64,1,57,122443,57122443,3,6,3,1,0,0,0,0,0,0,0,52,7,0,0,12,6,2,12,0,0,0,1,42,16137,6,1,6,0,3,0,67,999,0,0,0,0,0,0,0,0,0,0,0,0,0,0,2,2,55,1,2,2,1,0,0,1,66,2,1,1,88,0,0
39,390365,2,2,1,24,4,15,0,12,6,1,0,39,1,24,7,24007,4,2004,1G8AL52FX4Z1,1,G,8,A,L,5,2,F,X,4,Z,1,0,P,STRN,SI3,4D,4,17,2830,,0,1032,,G,,F,4,134,,,16R205,,,,,,0,0,000000000,00000000000,0,0,0,1,0,0,0,0,0,0,0,998,0,0,0,9,6,2,12,0,0,0,1,39,44440,6,1,0,0,3,0,64,104,0,0,0,0,0,0,0,0,0,0,38,0,0,0,2,2,45,1,2,2,1,20,3,1,17,1,1,1,89,1,0
39,390366,1,2,2,24,4,7,50,12,6,1,0,54,1,35,443,35443,20,2007,5N1BV28UX7N1,5,N,1,B,V,2,8,U,X,7,N,1,0,P,NISS,QST,SV,7,17,4291,,0,1240,,G,,F,6,214,,,16R225,,,,,,0,0,000000000,00000000000,0,0,0,1,0,0,0,0,0,0,0,14,0,0,0,3,2,3,12,0,0,0,1,39,44708,6,1,0,0,3,0,59,185,0,0,0,0,0,0,0,0,0,0,39,0,0,0,1,2,25,1,1,2,1,20,3,1,17,1,1,1,87,0,0
39,390366,2,2,3,24,4,7,50,12,6,1,0,39,1,7,442,7442,20,1996,1B4GP45R3TB3,1,B,4,G,P,4,5,R,3,T,B,3,0,P,DODG,CAR,SV,96,17,3578,,0,1133,,G,,F,6,201,,,15R215,,,,,,0,0,000000000,00000000000,0,0,0,1,0,0,0,0,0,0,0,22,0,0,0,12,4,3,12,0,0,0,1,39,44708,6,1,0,0,3,0,65,200,1,0,0,0,1,3,2012,3,2012,0,0,0,0,0,1,2,25,1,1,2,1,0,0,1,66,1,1,1,86,1,0
39,390367,1,2,1,25,4,10,0,12,6,1,0,39,3,84,881,84881,66,2007,2HSCNSBR97C4,2,H,S,C,N,S,B,R,9,7,C,4,1,T,INTL,94I,TR,7,17,,8,0,0,940,D,,,6,763,,,,,00000,00,,64,1,57,911163,57911163,3,6,1,1,0,0,0,0,0,0,0,55,0,0,0,12,6,2,12,0,0,0,1,39,43231,6,1,6,1,3,3,67,300,0,0,0,0,0,0,0,0,0,0,0,0,0,0,1,2,55,4,2,2,1,0,0,14,66,2,1,1,88,0,0
39,390367,2,2,1,25,4,10,0,12,6,1,0,39,1,9,442,9442,20,1998,1P4GP44G8WB7,1,P,4,G,P,4,4,G,8,W,B,7,0,T,PLYM,GSX,ES,98,17,,1,0,1193,VOF,F,,,6,201,,,,,3675,00,E,42,0,0,000000000,00000000000,0,0,0,1,0,0,0,0,0,0,0,45,0,0,0,9,6,2,12,0,0,0,1,39,44672,6,1,0,0,3,3,68,200,0,0,0,0,0,0,0,0,0,0,38,39,0,0,1,2,45,4,2,2,1,20,3,14,17,1,1,1,89,1,0
39,390368,1,2,1,30,1,14,58,12,2,1,0,39,1,14,17,14017,6,2001,1MEFM59S41A6,1,M,E,F,M,5,9,S,4,1,A,6,0,P,MERC,SLP,SW,1,17,3539,,0,1085,,G,,F,6,182,,,16R215,,,,,,0,0,000000000,00000000000,0,0,0,1,0,0,0,0,0,0,0,998,0,0,0,12,6,2,42,0,0,0,1,39,45662,6,1,0,0,3,0,65,180,0,0,0,0,0,0,0,0,0,0,99,99,99,99,1,4,99,1,2,2,1,0,0,99,99,1,1,1,52,1,0
39,390368,2,2,2,30,1,14,58,12,2,1,0,39,1,53,33,53033,4,2002,JS2RC41H7251,J,S,2,R,C,4,1,H,7,2,5,1,0,P,SUZI,ASX,4H,2,17,2668,,0,976,,G,,F,4,122,,,15R195,,,,,,0,0,000000000,00000000000,0,0,0,1,0,0,0,0,0,0,0,998,0,0,0,12,2,1,12,0,0,0,1,39,45694,1,1,0,0,2,3,72,255,0,5,1,0,1,5,2009,11,2011,0,0,0,0,0,1,4,99,1,2,2,1,0,0,13,54,1,1,1,52,0,0
39,390369,1,1,1,26,4,20,50,35,0,1,0,39,1,55,37,55037,2,2007,KMHHM66DX7U2,K,M,H,H,M,6,6,D,X,7,U,2,0,P,HYUN,TGS,CP,7,17,2898,,0,996,,G,,F,4,121,,,16R205,,,,,,0,0,000000000,00000000000,0,0,0,1,0,0,0,0,0,0,0,55,0,1,5,12,6,2,1,0,0,1,1,39,45347,6,1,0,0,3,3,69,122,0,0,0,0,1,6,2010,6,2010,1,36,51,0,0,1,2,55,1,2,2,1,0,0,1,12,8,2,4,2,1,0
39,390370,1,2,1,27,4,13,47,12,6,1,0,26,3,84,881,84881,63,2006,2HSCNAPR96C2,2,H,S,C,N,A,P,R,9,6,C,2,1,T,INTL,94I,TR,6,17,,8,0,0,940,D,,,6,915,,,,,00000,00,,64,1,57,186721,57186721,3,4,1,1,0,0,0,0,0,0,0,3,0,0,0,9,2,3,12,0,0,0,1,39,44203,6,1,6,1,3,3,74,285,1,0,0,0,2,5,2009,3,2010,0,38,0,0,0,1,2,55,1,1,2,1,20,3,11,15,1,1,2,68,0,0
39,390370,2,2,1,27,4,13,47,12,6,1,0,39,2,30,40,30040,4,1995,3VWRC81H8SM0,3,V,W,R,C,8,1,H,8,S,M,0,0,P,VOLK,JG3,4D,95,17,2627,,0,974,,G,,F,4,121,,,14R185,,,,,,0,0,000000000,00000000000,0,0,0,1,0,0,0,0,0,0,0,998,1,0,0,12,6,2,12,0,0,0,1,39,43334,6,1,0,0,3,3,68,260,0,0,0,0,0,0,0,0,0,0,0,0,0,0,1,2,55,1,1,4,1,0,0,1,62,1,1,1,69,1,0
39,390371,1,1,1,27,4,23,48,30,0,1,0,39,1,20,471,20471,30,1987,1GCCS14R0H22,1,G,C,C,S,1,4,R,0,H,2,2,0,T,CHEV,S14,PK,87,17,,1,1229,1083,S,G,,,6,173,,,,B,2492,01,,42,0,0,000000000,00000000000,0,0,0,1,0,0,0,0,0,0,0,998,0,0,0,12,6,2,30,0,0,0,1,39,43160,6,1,0,0,3,0,69,155,0,1,0,0,1,10,2010,12,2010,0,36,0,0,0,1,2,55,1,1,2,1,0,0,1,9,1,2,4,2,1,1
39,390373,1,1,1,27,4,2,54,42,0,1,0,39,2,23,8,23008,6,2007,1GKEV33727J1,1,G,K,E,V,3,3,7,2,7,J,1,0,T,GMC,S2A,4W,7,17,,2,0,1189,ACA,G,,,6,220,,,,B,4936,00,W,44,0,0,000000000,00000000000,0,0,0,1,0,0,0,0,0,0,0,75,0,0,0,3,6,2,42,0,0,1,1,39,44882,6,1,0,0,3,0,70,165,0,0,0,2,0,4,2010,3,2012,1,36,0,0,0,1,2,55,4,1,2,1,0,0,14,6,1,2,4,7,1,0
39,390374,1,2,1,28,4,14,48,12,7,1,0,39,2,13,482,13482,31,2006,5LTPW18576FJ,5,L,T,P,W,1,8,5,7,6,F,J,0,T,LINC,MLT,CW,6,17,,2,0,1385,MRK,G,,,8,330,,,,,5677,00,E,44,0,0,000000000,00000000000,0,0,0,1,0,0,0,0,0,0,0,60,0,0,0,5,6,2,12,0,0,0,1,39,45767,6,1,0,0,3,0,70,135,0,1,0,0,1,9,2011,9,2011,1,36,51,0,0,1,4,55,4,1,2,2,0,0,14,6,1,2,2,98,0,0
39,390374,2,2,2,28,4,14,48,12,7,1,0,39,1,53,405,53405,14,2004,JS3TX92V2441,J,S,3,T,X,9,2,V,2,4,4,1,0,P,SUZI,XL7,UT,4,17,3632,,0,1102,,G,,F,6,167,,,16R235,,,,,,0,0,000000000,00000000000,0,0,0,1,0,0,0,0,0,0,0,60,0,0,0,2,6,2,12,0,0,0,1,39,45768,6,1,0,0,3,3,66,180,0,0,0,0,0,0,0,0,0,0,0,0,0,0,1,4,55,4,1,2,2,0,0,14,62,1,1,1,98,1,0
39,390375,1,2,1,29,4,19,22,12,2,1,0,39,1,49,43,49043,4,1998,4T1BF18B3WU2,4,T,1,B,F,1,8,B,3,W,U,2,0,P,TOYT,UVS,4D,98,17,3340,,0,1071,,G,,F,6,183,,,15R205,,,,,,0,0,000000000,00000000000,0,0,0,1,0,0,0,0,0,0,0,998,0,0,0,12,6,2,12,0,0,0,1,39,45223,6,1,0,0,3,0,71,210,0,0,0,0,0,0,0,0,0,0,0,0,0,0,1,2,35,4,2,2,1,0,0,14,62,7,1,1,50,0,0
39,390375,2,2,1,29,4,19,22,12,2,1,0,39,1,72,706,72706,80,1986,1HD1CAN10GY1,1,H,D,1,C,A,N,1,0,G,Y,1,0,M,HD,XL1,RS,86,17,,,,,,,1100,,2,,4,466,,,,,,,0,0,000000000,00000000000,0,0,0,1,0,0,0,0,0,0,0,998,0,0,0,12,6,2,12,0,0,0,1,39,45002,6,1,0,0,3,0,68,200,1,0,0,0,0,12,2011,12,2011,1,36,51,0,0,1,2,35,2,5,2,1,0,0,14,6,2,2,2,51,1,1
39,390376,1,1,2,29,4,2,10,30,0,1,0,39,2,6,52,6052,6,2001,3C8FY4BB11T5,3,C,8,F,Y,4,B,B,1,1,T,5,0,P,CHRY,PTC,SV,1,17,3109,,0,1030,,G,,F,4,148,,,15R195,,,,,,0,0,000000000,00000000000,0,0,0,1,0,0,0,0,0,0,0,998,0,1,6,9,6,2,30,0,0,0,1,39,45306,6,1,0,0,3,3,68,195,0,0,0,0,0,0,0,0,0,0,36,39,0,0,1,2,55,1,1,2,1,0,0,1,9,2,2,4,7,1,1
39,390377,1,2,1,29,4,18,25,12,7,1,0,39,1,72,709,72709,80,2002,1HD1GEV132Y3,1,H,D,1,G,E,V,1,3,2,Y,3,0,M,HD,FWG,RS,2,17,,,,,,,1450,,2,,4,614,,,,,,,0,0,000000000,00000000000,0,0,0,1,0,0,0,0,0,0,0,50,0,0,0,9,6,2,12,0,0,0,1,39,43213,6,1,0,0,3,0,70,205,0,0,0,0,0,0,0,0,0,0,99,99,99,99,1,4,50,1,2,2,1,2,3,1,63,1,1,2,45,0,0
39,390377,2,2,1,29,4,18,25,12,7,1,0,39,1,72,706,72706,80,2004,1HD4CJM184K4,1,H,D,4,C,J,M,1,8,4,K,4,0,M,HD,L8C,RS,4,17,,,,,,,883,,2,,4,558,,,,,,,0,0,000000000,00000000000,0,0,0,1,0,0,0,0,0,0,0,50,0,0,0,9,6,2,12,0,0,0,1,39,43211,6,1,0,0,3,3,69,175,2,0,0,0,1,10,2010,3,2012,0,99,99,99,99,1,4,50,1,2,2,1,2,3,1,9,2,2,1,44,1,1
39,390378,1,1,1,30,4,14,58,23,0,1,0,39,1,22,18,22018,4,2004,1G2NE52FX4C2,1,G,2,N,E,5,2,F,X,4,C,2,0,P,PONT,GAS,4D,4,17,3066,,0,1070,,G,,F,4,134,,,15R215,,,,,,0,0,000000000,00000000000,0,0,0,1,0,0,0,0,0,0,0,65,0,0,0,12,6,2,23,0,0,0,1,39,43113,6,1,0,0,3,3,65,130,0,0,0,0,0,0,0,0,0,1,36,0,0,0,1,2,55,1,1,2,1,0,0,1,6,1,2,5,9,1,0
39,390379,1,1,1,3,5,2,30,33,0,1,0,39,3,12,471,12471,30,2002,1FTYR10D82TA,1,F,T,Y,R,1,0,D,8,2,T,A,0,T,FORD,RNG,PK,2,17,,1,1175,1116,RNG,G,,,4,140,,,,B,3085,03,E,42,0,0,000000000,00000000000,0,0,0,1,0,0,0,0,0,0,0,998,0,1,5,2,6,2,1,0,0,0,1,39,44026,6,1,0,0,3,0,71,162,0,0,0,3,2,9,2010,11,2011,0,36,0,0,0,1,2,45,1,2,2,1,0,0,1,9,1,2,4,2,1,1
39,390380,1,1,2,3,5,21,32,42,0,1,0,39,2,20,2,20002,4,2005,2G1WF52E8591,2,G,1,W,F,5,2,E,8,5,9,1,0,P,CHEV,IMP,4D,5,17,3389,,0,1105,,G,,F,6,207,,,16R225,,,,,,0,0,000000000,00000000000,0,0,0,1,0,0,0,0,0,0,0,35,0,0,0,10,6,2,42,0,0,0,1,39,45245,1,1,0,0,2,0,69,170,0,2,0,0,2,6,2009,1,2012,0,36,0,0,0,1,4,35,4,1,2,1,0,0,14,9,1,2,4,2,1,1
39,390381,1,3,2,3,5,16,16,12,6,1,0,39,2,37,31,37031,4,2007,1HGFA16577L1,1,H,G,F,A,1,6,5,7,7,L,1,0,P,HOND,UCL,4D,7,17,2751,,0,1063,,G,,F,4,110,,,16R205,,,,,,0,0,000000000,00000000000,0,0,0,1,0,0,0,0,0,0,0,998,0,0,0,9,6,2,12,0,0,0,1,39,45251,6,1,0,0,3,0,67,150,0,0,0,0,0,0,0,0,0,0,38,0,0,0,1,2,55,1,1,2,1,20,3,1,17,1,1,1,89,2,0
39,390381,2,3,1,3,5,16,16,12,6,1,0,39,3,82,881,82881,66,2007,1FUJA6DEX7LX,1,F,U,J,A,6,D,E,X,7,L,X,1,T,FRHT,COL,TR,7,17,,8,0,0,CON,D,,,6,763,,,,,00000,00,,64,1,57,330224,57330224,3,6,1,1,0,0,0,0,0,0,0,0,0,0,0,12,4,3,12,0,0,0,1,18,47060,6,1,3,0,3,3,73,170,0,0,0,0,0,0,0,0,0,0,0,0,0,0,1,2,55,1,1,2,1,0,0,1,66,1,1,1,88,0,0
39,390381,3,3,1,3,5,16,16,12,6,1,0,39,1,12,471,12471,30,2008,1FTZR11U28PA,1,F,T,Z,R,1,1,U,2,8,P,A,0,T,FORD,RNG,PK,8,17,,1,1180,1120,RNG,G,,,6,183,,,,B,3300,00,4,44,0,0,000000000,00000000000,0,0,0,1,0,0,0,0,0,0,0,0,0,1,4,12,6,2,12,0,0,0,1,39,45013,6,1,0,0,3,0,72,235,0,0,0,0,0,0,0,0,0,0,0,0,0,0,1,2,55,1,1,2,1,0,0,5,62,1,1,1,98,0,0
39,390382,1,2,1,4,5,18,20,12,2,1,0,39,1,12,17,12017,4,2002,1FAFP55U32A2,1,F,A,F,P,5,5,U,3,2,A,2,0,P,FORD,TSS,4D,2,17,3392,,0,1085,,G,,F,6,182,,,16R215,,,,,,0,0,000000000,00000000000,0,0,0,1,0,0,0,0,0,0,0,30,0,0,0,12,6,2,12,0,0,0,1,39,44471,6,1,0,0,3,0,68,180,1,0,0,0,2,2,2011,6,2011,0,51,91,0,0,1,2,55,4,1,2,1,0,0,14,10,1,1,2,50,0,1
39,390382,2,2,1,4,5,18,20,12,2,1,0,39,2,72,706,72706,80,2003,1HD1CGP413K4,1,H,D,1,C,G,P,4,1,3,K,4,0,M,HD,20A,RS,3,17,,,,,,,1200,,2,,4,491,,,,,,,0,0,000000000,00000000000,0,0,0,1,0,0,0,0,0,0,0,25,0,0,0,12,6,2,12,0,0,0,1,39,44436,6,1,0,0,3,3,68,125,0,0,0,0,0,0,0,0,0,0,0,0,0,0,1,2,55,4,1,2,1,0,0,14,62,1,1,1,51,1,0
39,390383,1,1,1,5,5,11,22,42,0,1,0,39,1,20,481,20481,31,1988,2GCDC19H1J11,2,G,C,D,C,1,9,H,1,J,1,1,0,T,CHEV,GC1,PC,88,17,,1,0,1555,GM4,G,,,8,305,,,,B,4074,01,,42,0,0,000000000,00000000000,0,0,0,1,0,0,0,0,0,0,0,35,0,0,0,2,6,2,42,0,0,0,1,39,43844,6,1,0,0,3,0,65,140,0,0,0,0,0,0,0,0,0,0,0,0,0,0,1,2,55,3,2,2,1,0,0,14,13,1,1,4,1,1,0
39,390384,1,2,1,6,5,17,52,12,6,1,0,39,1,73,709,73709,80,2009,JKAVN2C159A0,J,K,A,V,N,2,C,1,5,9,A,0,0,M,KAWK,V9C,RS,9,17,,,,,,,903,,2,,4,611,,,,,,,0,0,000000000,00000000000,0,0,0,1,0,0,0,0,0,0,0,45,0,0,0,12,6,2,12,0,0,0,1,39,44310,6,1,0,0,3,0,70,185,0,0,0,0,0,0,0,0,0,0,36,51,0,0,1,2,55,4,2,2,1,0,0,14,9,1,2,2,64,1,0
39,390384,2,2,3,6,5,17,52,12,6,1,0,39,2,37,402,37402,14,1999,JHLRD1869XC0,J,H,L,R,D,1,8,6,9,X,C,0,0,P,HOND,CRV,UT,99,17,3245,,0,1032,,G,,F,4,120,,,15R205,,,,,,0,0,000000000,00000000000,0,0,0,1,0,0,0,0,0,0,0,20,0,0,0,7,6,2,12,0,0,0,1,39,44223,6,1,0,0,3,0,70,200,0,0,0,0,0,0,0,0,0,0,0,0,0,0,1,2,55,4,2,2,1,0,0,14,10,1,1,1,65,0,0
39,390385,1,1,1,8,5,16,11,34,0,1,0,39,1,63,32,63032,4,2010,KNADH4A30A66,K,N,A,D,H,4,A,3,0,A,6,6,0,P,KIA,RBL,4D,10,17,2365,,0,0,,G,,F,4,098,,,000000,,,,,,0,0,000000000,00000000000,0,0,0,1,0,0,0,0,0,0,0,998,0,1,5,10,6,2,42,0,0,0,1,39,44041,6,1,0,0,3,3,70,160,0,1,1,0,0,5,2011,5,2011,0,0,0,0,0,1,2,55,2,1,2,1,0,0,14,12,1,1,4,6,1,1
39,390386,1,2,1,11,5,19,5,12,2,1,0,39,2,12,37,12037,4,2000,1FAFP3431YW3,1,F,A,F,P,3,4,3,1,Y,W,3,0,P,FORD,FSS,4D,0,17,2564,,0,1030,,G,,F,4,121,,,15R195,,,,,,0,0,000000000,00000000000,0,0,0,1,0,0,0,0,0,0,0,998,0,0,0,12,6,2,12,0,0,0,1,39,43522,6,1,0,0,3,0,71,150,1,3,0,0,1,8,2010,12,2011,0,51,0,0,0,1,2,55,1,1,2,1,0,0,6,10,2,1,2,50,1,1
39,390386,2,2,1,11,5,19,5,12,2,1,0,39,1,49,40,49040,4,1990,4T1SV22EXLU1,4,T,1,S,V,2,2,E,X,L,U,1,0,P,TOYT,CLE,4D,90,17,0,,0,1024,,G,,F,4,122,,,14R185,,,,,,0,0,000000000,00000000000,0,0,0,1,0,0,0,0,0,0,0,50,0,0,0,12,6,2,12,0,0,0,1,39,43566,6,1,0,0,3,0,69,148,0,0,0,0,0,0,0,0,0,0,0,0,0,0,1,2,55,1,1,2,1,0,0,1,62,1,1,1,51,0,0
39,390387,1,1,1,12,5,16,0,35,0,1,0,39,2,37,734,37734,90,2004,478TE2604443,4,7,8,T,E,2,6,0,4,4,4,3,0,M,HOND,TFA,AT,4,17,,,,,,,499,,1,,4,600,,,,,,,0,0,000000000,00000000000,0,0,0,1,0,0,0,0,0,0,0,998,0,0,0,99,0,3,35,0,0,0,1,39,45385,6,1,0,0,3,3,64,130,0,4,0,0,1,12,2009,5,2011,1,0,0,0,0,1,2,55,1,1,2,1,0,0,1,13,2,1,4,1,1,0
39,390388,1,1,1,12,5,22,59,24,0,1,0,39,1,20,16,20016,4,2005,1G1JC52F5571,1,G,1,J,C,5,2,F,5,5,7,1,0,P,CHEV,CAV,4D,5,17,2676,,0,1041,,G,,F,4,134,,,14R195,,,,,,0,0,000000000,00000000000,0,0,0,1,0,0,0,0,0,0,0,998,0,1,6,2,6,2,1,0,0,0,1,39,44833,6,1,0,0,3,0,67,135,0,0,0,2,2,1,2010,6,2011,0,0,0,0,0,1,2,55,1,2,4,1,0,0,1,12,6,1,4,6,1,1
39,390389,1,1,1,12,5,21,39,8,0,1,1,99,9,9,999,9999,49,9999,999999999999,9,9,9,9,9,9,9,9,9,9,9,9,0,,,,,,,,,,,,,,,,,,,,,,,,,0,0,000000000,00000000000,0,0,0,1,0,0,0,0,0,0,0,999,0,0,0,99,9,1,8,0,0,0,1,99,99999,9,9,99,9,9,9,999,999,99,99,99,99,99,99,9999,99,9999,9,99,99,99,99,1,2,45,4,2,2,1,0,0,14,80,1,1,2,13,0,0
39,390390,1,1,2,13,5,5,30,8,0,1,0,17,1,20,403,20403,14,2009,1GNET53H1921,1,G,N,E,T,5,3,H,1,9,2,1,0,P,CHEV,TRL,UT,9,17,4663,,0,1130,,G,,F,8,366,,,20R255,,,,,,0,0,000000000,00000000000,0,0,0,1,0,0,0,0,0,0,0,71,0,0,0,10,2,1,8,0,0,0,1,17,60630,6,1,0,0,3,3,72,230,0,0,0,0,0,0,0,0,0,1,0,0,0,0,3,6,70,1,1,2,1,0,0,1,80,1,1,1,13,0,0
39,390391,1,1,1,15,5,7,56,30,0,1,0,39,2,55,33,55033,4,2000,KMHWF35V7YA1,K,M,H,W,F,3,5,V,7,Y,A,1,0,P,HYUN,SGL,4D,0,17,3069,,0,1063,,G,,F,6,152,,,15R205,,,,,,0,0,000000000,00000000000,0,0,0,1,0,0,0,0,0,0,0,75,0,1,5,3,6,2,30,0,0,0,1,39,43351,6,1,0,0,3,0,63,122,0,0,0,0,1,3,2011,3,2011,1,36,0,0,0,1,2,55,1,2,2,1,0,0,1,9,1,2,4,2,1,0
39,390392,1,3,1,16,5,16,17,12,2,1,0,39,1,7,472,7472,30,2004,1D7GL42K84S7,1,D,7,G,L,4,2,K,8,4,S,7,0,T,DODG,DSL,PC,4,17,,1,0,1309,DAK,G,,,6,225,,,,B,3725,01,E,42,0,0,000000000,00000000000,0,0,0,1,0,0,0,0,0,0,0,998,0,0,0,12,6,2,12,0,0,0,1,39,43612,6,1,0,0,3,0,71,240,0,0,0,0,0,0,0,0,0,0,51,0,0,0,1,2,55,4,1,2,1,0,0,14,10,2,1,2,50,1,0
39,390392,2,3,1,16,5,16,17,12,2,1,0,39,1,12,37,12037,4,2002,1FAFP33P72W2,1,F,A,F,P,3,3,P,7,2,W,2,0,P,FORD,FOX,4D,2,17,2604,,0,1030,,G,,F,4,122,,,14R185,,,,,,0,0,000000000,00000000000,0,0,0,1,0,0,0,0,0,0,0,50,0,0,0,9,6,2,12,0,0,0,1,39,45133,6,1,0,0,3,0,68,150,0,0,0,0,0,0,0,0,0,0,0,0,0,0,1,2,55,4,1,2,1,0,0,14,98,1,1,1,98,0,0
39,390392,3,3,1,16,5,16,17,12,2,1,0,39,3,87,881,87881,66,2005,1XP5DB9X75N8,1,X,P,5,D,B,9,X,7,5,N,8,1,T,PTRB,379,TR,5,17,,8,0,0,CON,D,,,6,893,,,,,00000,00,,64,1,57,241653,57241653,3,6,3,1,0,0,0,0,0,0,0,50,0,0,0,12,6,2,12,0,0,0,1,39,44811,6,1,6,0,3,0,72,215,0,0,0,0,2,9,2009,8,2010,0,0,0,0,0,1,2,55,4,1,2,1,0,0,14,62,2,1,1,51,0,0
39,390393,1,2,1,16,5,10,10,12,1,1,0,39,1,72,706,72706,80,1987,1HD1BJL21HY0,1,H,D,1,B,J,L,2,1,H,Y,0,0,M,HD,FST,RS,87,17,,,,,,,1340,,2,,4,580,,,,,,,0,0,000000000,00000000000,0,0,0,1,0,0,0,0,0,0,0,0,0,0,0,6,6,2,12,0,0,0,1,39,44089,6,1,0,0,3,0,70,210,0,0,0,0,0,0,0,0,0,0,0,0,0,0,1,2,50,1,1,2,2,0,0,1,18,1,1,1,21,1,0
39,390393,2,2,1,16,5,10,10,12,1,1,0,39,1,6,52,6052,6,2008,3A8FY48B28T1,3,A,8,F,Y,4,8,B,2,8,T,1,0,P,CHRY,PTC,SV,8,17,3076,,0,1030,,G,,F,4,148,,,15R195,,,,,,0,0,000000000,00000000000,0,0,0,1,0,0,0,0,0,0,0,55,0,0,0,12,6,2,12,0,0,0,1,39,44814,6,1,0,0,3,3,63,215,3,0,0,0,1,1,2011,1,2012,0,26,0,0,0,1,2,50,1,1,2,2,0,0,1,50,2,1,1,20,0,0
39,390394,1,1,1,18,5,11,5,31,0,1,0,39,1,49,40,49040,4,2000,4T1BG22K2YU6,4,T,1,B,G,2,2,K,2,Y,U,6,0,P,TOYT,UEX,4D,0,17,2998,,0,1051,,G,,F,4,132,,,14R195,,,,,,0,0,000000000,00000000000,0,0,0,1,0,0,0,0,0,0,0,35,0,0,0,12,6,2,31,0,0,0,1,39,45246,6,1,0,0,3,0,70,180,0,0,0,0,0,0,0,0,0,0,0,0,0,0,1,4,35,1,1,2,1,0,0,1,13,1,1,4,1,1,0
39,390395,1,2,1,18,5,22,5,12,6,1,0,39,3,85,884,85884,66,2000,999999999999,9,9,9,9,9,9,9,9,9,9,9,9,1,,,,,,,,,,,,,,,,,,,,,,,,,1,99,999999999,99999999999,3,6,1,1,0,0,0,0,0,0,0,998,0,0,0,3,6,2,12,0,0,0,1,39,44312,6,1,6,3,3,0,72,185,0,0,0,0,0,0,0,0,0,0,0,0,0,0,1,4,55,1,1,2,1,0,0,13,71,1,1,2,92,0,0
39,390395,2,2,2,18,5,22,5,12,6,1,0,39,1,21,2,21002,4,1996,1G3CX52K5T43,1,G,3,C,X,5,2,K,5,T,4,3,0,P,OLDS,9RE,4D,96,17,3515,,0,1107,,G,,F,6,231,,,15R205,,,,,,0,0,000000000,00000000000,0,0,0,1,0,0,0,0,0,0,0,998,0,0,0,12,6,2,12,0,0,0,1,39,44646,6,1,0,0,3,3,67,190,0,0,0,0,0,0,0,0,0,0,26,0,0,0,1,4,55,1,1,2,1,0,0,1,18,2,1,1,93,2,0