STATE,ST_CASE,VEH_NO,VE_FORMS,NUMOCCS,DAY,MONTH,HOUR,MINUTE,HARM_EV,MAN_COLL,UNITTYPE,HIT_RUN,REG_STAT,OWNER,MAKE,MODEL,MAK_MOD,BODY_TYP,MOD_YEAR,VIN,VIN_1,VIN_2,VIN_3,VIN_4,VIN_5,VIN_6,VIN_7,VIN_8,VIN_9,VIN_10,VIN_11,VIN_12,TOW_VEH,VINTYPE,VINMAKE,VINA_MOD,VIN_BT,VINMODYR,VIN_LNGT,VIN_WGT,WGTCD_TR,WHLBS_LG,WHLBS_SH,SER_TR,FUELCODE,MCYCL_DS,CARBUR,CYLINDER,DISPLACE,MCYCL_CY,MCYCL_WT,TIRE_SZE,TON_RAT,TRK_WT,TRKWTVAR,VIN_REST,WHLDRWHL,J_KNIFE,MCARR_I1,MCARR_I2,MCARR_ID,GVWR,V_CONFIG,CARGO_BT,HAZ_INV,HAZ_PLAC,HAZ_ID,HAZ_CNO,HAZ_REL,BUS_USE,SPEC_USE,EMER_USE,TRAV_SP,UNDERIDE,ROLLOVER,ROLINLOC,IMPACT1,DEFORMED,TOWED,M_HARM,VEH_SC1,VEH_SC2,FIRE_EXP,DR_PRES,L_STATE,DR_ZIP,L_STATUS,L_TYPE,CDL_STAT,L_ENDORS,L_COMPL,L_RESTRI,DR_HGT,DR_WGT,PREV_ACC,PREV_SUS,PREV_DWI,PREV_SPD,PREV_OTH,FIRST_MO,FIRST_YR,LAST_MO,LAST_YR,SPEEDREL,DR_SF1,DR_SF2,DR_SF3,DR_SF4,VTRAFWAY,VNUM_LAN,VSPD_LIM,VALIGN,VPROFILE,VPAVETYP,VSURCOND,VTRAFCON,VTCONT_F,P_CRASH1,P_CRASH2,P_CRASH3,PCRASH4,PCRASH5,ACC_TYPE,DEATHS,DR_DRINK
39,390396,1,1,1,18,5,23,51,42,0,1,0,39,5,35,402,35402,14,2001,5N1ED28Y11C5,5,N,1,E,D,2,8,Y,1,1,C,5,0,P,NISS,XTR,UT,1,17,3811,,0,1043,,G,,F,6,201,,,15R235,,,,,,0,0,000000000,00000000000,0,0,0,1,0,0,0,0,0,0,0,998,0,0,0,12,6,2,42,0,0,0,1,39,45230,6,1,0,0,3,0,70,150,0,0,0,0,1,11,2011,11,2011,0,36,51,0,0,1,4,40,3,2,2,1,0,0,14,9,1,2,4,7,1,0
39,390397,1,2,2,19,5,17,50,12,6,1,0,39,1,72,706,72706,80,2007,1HD1FC4197Y6,1,H,D,1,F,C,4,1,9,7,Y,6,0,M,HD,FLU,RS,7,17,,,,,,,1584,,2,,4,808,,,,,,,0,0,000000000,00000000000,0,0,0,1,0,0,0,0,0,0,0,998,0,0,0,3,2,3,12,0,0,0,1,39,43976,6,1,6,1,3,3,72,140,0,0,0,0,0,0,0,0,0,0,0,0,0,0,1,4,55,1,1,2,1,0,0,1,10,1,1,1,69,1,0
39,390397,2,2,3,19,5,17,50,12,6,1,0,39,1,7,482,7482,31,2003,1D7HU18N33J6,1,D,7,H,U,1,8,N,3,3,J,6,0,T,DODG,SQ1,CW,3,17,,2,1605,1405,RPC,G,,,8,287,,,,B,5005,02,E,44,0,0,000000000,00000000000,0,0,0,1,0,0,0,0,0,0,0,10,0,0,0,12,2,3,12,0,0,0,1,39,44130,6,1,0,0,3,0,67,195,0,0,0,0,1,5,2012,5,2012,0,38,0,0,0,1,4,55,1,1,2,1,0,0,11,10,1,1,1,68,0,0
39,390398,1,2,1,20,5,18,42,12,6,1,0,39,1,72,706,72706,80,2005,1HD1HBZ135K8,1,H,D,1,H,B,Z,1,3,5,K,8,0,M,HD,VRS,RS,5,17,,,,,,,1130,,2,,4,999,,,,,,,0,0,000000000,00000000000,0,0,0,1,0,0,0,0,0,0,0,998,0,0,0,9,2,1,12,0,0,0,1,39,44691,6,1,0,0,3,0,74,225,0,0,0,0,0,0,0,0,0,0,0,0,0,0,1,4,35,1,1,2,1,3,3,11,62,2,1,1,84,1,0
39,390398,2,2,1,20,5,18,42,12,6,1,1,99,9,99,999,99999,99,9999,999999999999,9,9,9,9,9,9,9,9,9,9,9,9,0,U,,,,9,17,,,,,,,,,,,,,,,,,,,0,0,000000000,00000000000,0,0,0,1,0,0,0,0,0,0,0,999,0,0,0,11,9,1,12,0,0,0,1,99,99999,9,9,99,9,9,9,999,999,99,99,99,99,99,99,9999,99,9999,9,39,0,0,0,1,4,55,1,1,2,1,3,3,10,16,1,1,2,84,0,0
39,390399,1,1,2,20,5,2,20,42,0,1,0,39,1,20,481,20481,31,2006,2GCEC19Z8613,2,G,C,E,C,1,9,Z,8,6,1,3,0,T,CHEV,SC1,4C,6,17,,2,1575,1340,SIL,F,,,8,323,,,,B,4760,00,,42,0,0,000000000,00000000000,0,0,0,1,0,0,0,0,0,0,0,998,0,0,0,9,6,2,42,0,0,0,1,39,44053,6,1,0,0,3,3,69,185,0,5,0,3,2,3,2010,1,2012,1,0,0,0,0,6,1,65,4,2,2,1,0,0,14,13,1,1,4,1,1,1
39,390400,1,1,1,20,5,18,21,30,0,1,0,39,1,37,705,37705,80,2006,JH2RC44426M0,J,H,2,R,C,4,4,4,2,6,M,0,0,M,HOND,V7A,RS,6,17,,,,,,,745,,2,,4,496,,,,,,,0,0,000000000,00000000000,0,0,0,1,0,0,0,0,0,0,0,998,0,0,0,3,6,2,2,0,0,1,1,39,45862,6,1,0,0,3,0,70,165,0,0,0,0,0,0,0,0,0,0,36,51,0,0,1,2,55,4,2,2,1,40,3,14,12,2,2,4,7,1,1
39,390401,1,1,1,3,6,23,3,1,0,1,0,39,1,76,706,76706,80,2008,JYAVP04E88A0,J,Y,A,V,P,0,4,E,8,8,A,0,0,M,YAMA,ZTF,RS,8,17,,,,,,,1294,,4,,4,807,,,,,,,0,0,000000000,00000000000,0,0,0,1,0,0,0,0,0,0,0,998,0,0,0,0,4,3,1,0,0,0,1,39,45692,6,1,0,0,3,3,71,240,0,0,0,0,0,0,0,0,0,0,0,0,0,0,1,2,55,3,2,2,1,0,0,14,98,1,2,2,98,1,0
39,390402,1,2,1,26,6,15,57,12,6,1,0,39,1,12,35,12035,4,1998,3FALP6530WM1,3,F,A,L,P,6,5,3,0,W,M,1,0,P,FORD,LSG,4D,98,17,2769,,0,1065,,G,,F,4,121,,,14R185,,,,,,0,0,000000000,00000000000,0,0,0,1,0,0,0,0,0,0,0,998,0,0,0,9,6,2,12,0,0,0,1,39,45371,6,1,0,0,3,3,73,260,0,0,0,1,1,3,2010,8,2011,0,0,0,0,0,1,2,55,1,1,2,1,3,3,1,62,1,1,1,74,1,0
39,390402,2,2,1,26,6,15,57,12,6,1,0,39,1,2,404,2404,14,2000,1J4GW58N1YC4,1,J,4,G,W,5,8,N,1,Y,C,4,0,T,JEEP,LMT,4W,0,17,,1,0,1059,GCK,G,,,8,287,,,,,3917,01,E,44,0,0,000000000,00000000000,0,0,0,1,0,0,0,0,0,0,0,25,0,0,0,11,6,2,12,0,0,0,1,39,45344,6,1,0,0,3,3,68,139,1,3,0,0,2,7,2009,7,2011,0,38,0,0,0,1,2,55,1,1,2,1,3,3,11,15,1,1,2,74,0,0
39,390403,1,1,1,27,6,3,12,31,0,1,0,39,1,12,401,12401,14,2000,1FMZU73E0YUB,1,F,M,Z,U,7,3,E,0,Y,U,B,0,P,FORD,EPR,UT,0,17,4106,,0,1116,,G,,F,6,245,,,15R235,,,,,,0,0,000000000,00000000000,0,0,0,1,0,0,0,0,0,0,0,998,0,1,5,9,6,2,42,0,0,0,1,39,43147,6,1,0,0,3,3,72,165,0,0,0,1,0,10,2010,10,2010,0,0,0,0,0,1,2,55,1,1,2,1,0,0,1,12,1,1,4,6,1,1
39,390404,1,1,1,28,6,2,20,34,0,1,0,39,1,37,706,37706,80,2005,1HFSC52325A2,1,H,F,S,C,5,2,3,2,5,A,2,0,M,HOND,X13,RS,5,17,,,,,,,1312,,2,,4,669,,,,,,,0,0,000000000,00000000000,0,0,0,1,0,0,0,0,0,0,0,998,0,0,0,3,6,2,1,0,0,0,1,39,45820,6,1,0,0,3,0,69,285,0,0,0,1,0,10,2011,10,2011,0,0,0,0,0,1,2,55,3,1,2,1,0,0,14,13,1,1,4,1,1,1
39,390405,1,1,1,29,6,11,44,35,0,1,0,39,2,2,403,2403,14,1987,2BCCZ8112HB5,2,B,C,C,Z,8,1,1,2,H,B,5,0,P,AMER,WRA,UT,87,17,2862,,0,935,,G,,2,6,258,,,000000,,,,,,0,0,000000000,00000000000,0,0,0,1,0,0,0,0,0,0,0,998,0,1,5,11,6,2,1,0,0,0,1,39,45648,1,1,0,0,2,0,72,180,0,11,2,0,2,9,2009,10,2011,0,58,0,0,0,1,2,55,3,1,2,1,0,0,14,12,6,4,4,7,1,1
39,390406,1,1,2,29,6,17,56,43,0,1,0,39,1,12,3,12003,1,1995,1FALP45T1SF2,1,F,A,L,P,4,5,T,1,S,F,2,0,P,FORD,MGG,CV,95,17,3451,,0,1013,,G,,F,8,302,,,16R225,,,,,,0,0,000000000,00000000000,0,0,0,1,0,0,0,0,0,0,0,998,0,0,0,1,6,2,42,0,0,0,1,39,45659,1,1,0,0,2,0,75,200,0,3,0,0,1,9,2009,7,2010,1,0,0,0,0,1,2,55,1,1,2,1,0,0,1,6,7,3,4,2,1,1
39,390407,1,3,1,29,6,16,35,1,0,1,0,39,1,98,706,98706,80,2002,5CDNNCAJ42G0,5,C,D,N,N,C,A,J,4,2,G,0,0,U,,,,2,17,,,,,,,,,,,,,,,,,,,0,0,000000000,00000000000,0,0,0,1,0,0,0,0,0,0,0,998,0,0,0,0,4,3,12,0,0,0,1,39,45503,6,1,0,0,3,3,67,240,0,0,0,1,0,6,2010,6,2010,1,26,0,0,0,1,2,55,1,2,2,2,0,0,1,6,3,1,1,98,1,1
39,390407,2,3,1,29,6,16,35,1,0,1,0,39,1,37,32,37032,3,1996,1HGEJ6228TL0,1,H,G,E,J,6,2,2,8,T,L,0,0,P,HOND,UCD,CP,96,17,2274,,0,1032,,G,,F,4,097,,,13R175,,,,,,0,0,000000000,00000000000,0,0,0,1,0,0,0,0,0,0,0,0,0,0,0,7,2,1,12,0,0,0,1,39,43119,6,1,0,0,3,3,71,180,0,0,0,0,0,0,0,0,0,0,0,0,0,0,1,2,55,1,2,2,2,0,0,5,53,1,1,1,98,0,0
39,390407,3,3,1,29,6,16,35,1,0,1,0,39,1,20,401,20401,14,2002,1GNDT13W72K1,1,G,N,D,T,1,3,W,7,2,K,1,0,P,CHEV,BZR,UT,2,17,4114,,0,1070,,G,,F,6,262,,,000000,,,,,,0,0,000000000,00000000000,0,0,0,1,0,0,0,0,0,0,0,25,0,0,0,12,2,1,12,0,0,0,1,39,45503,6,1,0,0,3,3,67,230,0,0,0,0,0,0,0,0,0,0,0,0,0,0,1,2,55,1,2,2,2,0,0,2,62,2,1,1,98,0,0
39,390408,1,1,1,1,7,3,25,1,0,1,0,39,1,37,733,37733,90,1988,JH3TE1504JK0,J,H,3,T,E,1,5,0,4,J,K,0,0,M,HOND,T3F,AT,88,17,,,,,,,300,,1,,4,474,,,,,,,0,0,000000000,00000000000,0,0,0,1,0,0,0,0,0,0,0,998,0,2,1,0,4,3,1,0,0,0,1,39,45784,3,1,0,0,2,0,71,145,0,0,0,0,0,0,0,0,0,1,0,0,0,0,1,2,55,2,2,2,1,0,0,14,6,1,7,2,98,1,1
39,390409,1,1,2,1,7,13,24,34,0,1,0,39,2,72,706,72706,80,2001,1HD1GLV181Y3,1,H,D,1,G,L,V,1,8,1,Y,3,0,M,HD,DXT,RS,1,17,,,,,,,1450,,2,,4,642,,,,,,,0,0,000000000,00000000000,0,0,0,1,0,0,0,0,0,0,0,20,0,0,0,12,4,3,1,0,0,0,1,39,44041,6,1,0,0,3,3,64,128,0,0,0,0,0,0,0,0,0,1,6,0,0,0,1,2,40,1,1,2,1,0,0,1,6,1,1,4,1,1,0
39,390410,1,4,1,2,7,19,39,12,7,1,0,39,3,12,442,12442,20,2001,2FMDA52461BB,2,F,M,D,A,5,2,4,6,1,B,B,0,T,FORD,WSE,ES,1,17,,1,0,1207,WIN,G,,,6,232,,,,B,4250,00,E,42,0,0,000000000,00000000000,0,0,0,1,0,0,0,0,0,0,0,998,1,0,0,7,6,2,12,0,0,0,1,39,45318,6,1,6,0,3,0,74,240,0,0,0,0,0,0,0,0,0,1,26,0,0,0,2,2,65,1,2,2,1,0,0,1,60,1,1,1,45,1,0
39,390410,2,4,1,2,7,19,39,12,7,1,0,39,3,84,881,84881,66,2007,2HSCNAPR67C3,2,H,S,C,N,A,P,R,6,7,C,3,1,T,INTL,94I,TR,7,17,,8,0,0,940,D,,,6,915,,,,,00000,00,,64,1,57,00131246,5700131246,3,6,1,1,0,0,0,0,0,0,0,64,0,0,0,1,4,3,12,0,0,0,1,39,44875,6,1,6,0,3,0,80,280,1,0,0,0,1,7,2010,8,2010,1,26,0,0,0,2,2,65,1,2,2,1,0,0,15,10,1,1,2,44,0,0
39,390410,3,4,1,2,7,19,39,12,7,1,0,29,3,82,881,82881,66,2001,1FUJA6CG51PH,1,F,U,J,A,6,C,G,5,1,P,H,1,T,FRHT,COL,TR,1,17,,8,0,0,CON,D,,,6,774,,,,,00000,00,,64,1,57,00241966,5700241966,3,6,1,1,0,0,0,0,0,0,0,65,0,0,0,1,6,2,12,0,0,0,1,28,38618,6,1,6,0,3,0,70,200,0,0,0,0,0,0,0,0,0,0,84,0,0,0,2,2,65,1,2,2,1,0,0,1,50,6,1,2,98,0,0
39,390410,4,4,2,2,7,19,39,12,7,1,0,40,3,82,881,82881,66,2010,1FUJA6DR2ADA,1,F,U,J,A,6,D,R,2,A,D,A,1,T,FRHT,COL,TR,10,17,,8,0,0,CON,D,,,6,903,,,,,00000,00,,64,1,57,00053773,5700053773,3,6,1,1,0,0,0,0,0,0,0,63,0,0,0,7,6,2,12,0,0,0,1,40,73401,6,1,6,0,3,0,64,251,0,0,0,0,0,0,0,0,0,0,0,0,0,0,2,2,65,1,2,2,1,0,0,2,53,1,1,1,98,0,0
39,390411,1,2,1,30,6,14,43,12,11,1,0,39,1,12,16,12016,4,1995,2FALP73W6SX1,2,F,A,L,P,7,3,W,6,S,X,1,0,P,FORD,CVI,4D,95,17,3762,,0,1144,,G,,F,8,281,,,15R215,,,,,,0,0,000000000,00000000000,0,0,0,1,0,0,0,0,0,0,0,10,0,0,0,9,2,3,12,0,0,0,1,39,43302,6,1,0,0,3,0,76,250,0,0,0,0,0,0,0,0,0,0,99,99,99,99,1,2,35,1,1,2,1,20,3,11,15,1,1,1,84,0,1
39,390411,2,2,1,30,6,14,43,12,11,1,0,39,2,53,706,53706,80,2006,JS1VT54A4621,J,S,1,V,T,5,4,A,4,6,2,1,0,M,SUZI,SK3,RC,6,17,,,,,,,996,,2,,4,412,,,,,,,0,0,000000000,00000000000,0,0,0,1,0,0,0,0,0,0,0,999,0,0,0,5,6,2,12,0,0,0,1,39,43302,1,1,0,0,2,0,69,170,0,2,0,1,2,12,2009,3,2012,0,99,99,99,99,1,2,35,1,1,2,1,0,0,1,67,3,3,2,84,1,0
39,390413,1,3,1,7,7,19,5,12,6,1,0,39,2,12,481,12481,31,1998,1FTZF1722WNB,1,F,T,Z,F,1,7,2,2,W,N,B,0,T,FORD,F15,PK,98,17,,1,1390,1200,COF,G,,,6,256,,,,B,3800,02,E,42,0,0,000000000,00000000000,0,0,0,1,0,0,0,0,0,0,0,998,7,0,0,11,4,3,12,0,0,0,1,39,45502,1,1,0,0,2,0,69,190,1,5,1,0,2,9,2009,4,2011,0,28,0,0,0,1,2,35,1,1,2,1,3,3,99,10,1,1,2,66,0,1
39,390413,2,3,2,7,7,19,5,12,6,1,0,39,1,72,706,72706,80,2005,1HD1BWB175Y0,1,H,D,1,B,W,B,1,7,5,Y,0,0,M,HD,FSI,RS,5,17,,,,,,,1450,,2,,4,696,,,,,,,0,0,000000000,00000000000,0,0,0,1,0,0,0,0,0,0,0,0,0,0,0,9,6,2,12,0,0,0,1,39,45503,6,1,6,0,3,3,69,225,0,0,0,0,0,0,0,0,0,0,0,0,0,0,1,2,35,1,1,2,1,3,3,5,62,1,1,1,66,1,0
39,390413,3,3,2,7,7,19,5,12,6,1,0,39,2,20,404,20404,14,2012,2GNALDEK9C12,2,G,N,A,L,D,E,K,9,C,1,2,0,P,CHEV,EQU,UT,12,17,3779,,0,1125,,F,,F,4,146,,,17R225,,,,,,0,0,000000000,00000000000,0,0,0,1,0,0,0,0,0,0,0,0,0,0,0,1,4,3,12,0,0,0,1,39,45344,6,1,0,0,3,3,63,135,1,1,0,0,2,8,2009,3,2012,0,0,0,0,0,1,2,35,1,1,2,1,3,3,5,62,1,1,1,98,0,0
39,390414,1,1,6,12,7,20,15,5,0,1,0,39,2,12,481,12481,31,2004,1FTNW21P94EB,1,F,T,N,W,2,1,P,9,4,E,B,0,T,FORD,F2S,CW,4,17,,2,1724,1562,SRW,D,,,8,366,,,,C,6234,00,E,44,0,0,000000000,00000000000,0,0,0,1,0,0,0,0,0,0,0,10,0,0,0,0,0,1,5,0,0,0,1,39,44883,6,1,0,0,3,3,64,170,0,0,0,1,0,6,2010,6,2010,0,36,0,0,0,1,2,55,1,3,2,1,0,0,11,98,1,1,1,0,1,1
39,390415,1,1,1,10,7,22,10,33,0,1,0,39,1,98,709,98709,80,2008,4MZHL04D083B,4,M,Z,H,L,0,4,D,0,8,3,B,0,U,,,,8,17,,,,,,,,,,,,,,,,,,,0,0,000000000,00000000000,0,0,0,1,0,0,0,0,0,0,0,998,0,0,0,12,6,2,31,0,0,0,1,39,44708,6,1,0,0,3,0,73,175,0,0,0,0,2,5,2010,5,2012,0,0,0,0,0,1,4,35,3,1,2,1,0,0,14,13,1,1,4,1,1,1
39,390416,1,5,2,16,7,16,27,12,6,1,1,39,2,7,442,7442,20,2001,1B4GP24321B2,1,B,4,G,P,2,4,3,2,1,B,2,0,T,DODG,GCS,ES,1,17,,1,0,1193,CAR,F,,,6,201,,,,,3917,00,E,42,0,0,000000000,00000000000,0,0,0,1,0,0,0,0,0,0,0,998,0,0,0,12,6,2,12,0,0,0,1,39,45410,6,1,0,0,3,0,73,210,0,0,0,0,2,6,2010,6,2010,0,6,0,0,0,2,3,65,1,2,2,1,3,3,1,11,1,1,1,84,0,1
39,390416,2,5,1,16,7,16,27,12,6,1,0,39,2,20,22,20022,4,2008,1G1AL58F6872,1,G,1,A,L,5,8,F,6,8,7,2,0,P,CHEV,BLT,4D,8,17,3216,,0,1033,,G,,F,4,134,,,15R195,,,,,,0,0,000000000,00000000000,0,0,0,1,0,0,0,0,0,0,0,25,0,0,0,5,6,2,12,0,0,0,1,39,45324,6,1,0,0,3,3,71,215,1,0,0,0,1,9,2010,10,2010,0,0,0,0,0,2,3,65,1,2,2,1,3,3,10,61,1,1,1,84,0,0
39,390416,3,5,1,16,7,16,27,12,6,1,0,39,1,12,17,12017,4,1997,1FALP52U4VG2,1,F,A,L,P,5,2,U,4,V,G,2,0,P,FORD,TAG,4D,97,17,3329,,0,1085,,G,,F,6,182,,,15R205,,,,,,0,0,000000000,00000000000,0,0,0,1,0,0,0,0,0,0,0,0,0,0,0,11,2,9,12,0,0,0,1,39,45424,6,1,0,0,3,3,69,165,0,0,0,0,0,0,0,0,0,0,0,0,0,0,2,3,45,1,1,2,1,3,3,5,62,1,1,1,98,0,0
39,390416,4,5,2,16,7,16,27,12,6,1,0,39,1,18,401,18401,14,2004,3G5DB03754S5,3,G,5,D,B,0,3,7,5,4,S,5,0,P,BUIC,RZV,UT,4,17,4250,,0,1122,,G,,F,6,220,,,16R215,,,,,,0,0,000000000,00000000000,0,0,0,1,0,0,0,0,0,0,0,0,0,0,0,9,6,2,12,0,0,0,1,39,45324,6,1,0,0,3,0,71,260,0,0,0,0,0,0,0,0,0,0,0,0,0,0,2,3,45,1,1,2,1,3,3,5,62,1,1,1,98,1,0
39,390416,5,5,3,16,7,16,27,12,6,1,0,39,1,42,47,42047,2,2004,WDBTJ75J94F0,W,D,B,T,J,7,5,J,9,4,F,0,0,P,MERZ,C5K,CP,4,17,3585,,0,1069,,G,,F,8,303,,,17R225,,,,,,0,0,000000000,00000000000,0,0,0,1,0,0,0,0,0,0,0,0,0,0,0,11,6,2,12,0,0,0,1,39,45409,6,1,0,0,3,3,70,145,0,0,0,0,0,0,0,0,0,0,0,0,0,0,2,3,45,1,2,2,1,3,3,5,62,1,1,1,98,0,0
39,390417,1,1,1,1,7,17,15,20,0,1,0,39,2,72,706,72706,80,1986,1HD4CAM18GY1,1,H,D,4,C,A,M,1,8,G,Y,1,0,M,HD,XL8,RS,86,17,,,,,,,883,,2,,4,466,,,,,,,0,0,000000000,00000000000,0,0,0,1,0,0,0,0,0,0,0,998,0,0,0,12,6,2,20,0,0,0,1,39,45404,1,1,0,0,2,0,67,190,1,6,1,0,1,10,2010,4,2011,1,8,0,0,0,3,3,45,1,1,2,1,0,0,15,6,1,1,4,12,1,1
39,390418,1,1,1,8,7,3,24,38,0,1,0,39,2,20,2,20002,4,2002,2G1WH55K0292,2,G,1,W,H,5,5,K,0,2,9,2,0,P,CHEV,IPL,4D,2,17,3466,,0,1105,,G,,F,6,231,,,16R225,,,,,,0,0,000000000,00000000000,0,0,0,1,0,0,0,0,0,0,0,999,0,1,6,12,6,2,19,0,0,0,1,39,44035,1,1,0,0,2,0,70,160,0,2,0,0,0,2,2010,2,2011,1,0,0,0,0,1,2,35,2,2,2,1,0,0,14,6,1,4,4,7,1,1
39,390419,1,1,1,9,5,19,40,9,0,1,0,39,1,7,472,7472,30,1997,1B7GG23Y0VS1,1,B,7,G,G,2,3,Y,0,V,S,1,0,T,DODG,DAK,PC,97,17,,1,0,1309,DAK,G,,,8,318,,,,B,3937,00,E,44,0,0,000000000,00000000000,0,0,0,1,0,0,0,0,0,0,0,20,0,0,0,12,2,1,9,0,0,0,1,39,43224,6,1,0,0,3,0,72,225,1,0,0,1,0,6,2010,12,2010,0,0,0,0,0,1,2,25,1,1,2,1,0,0,1,80,1,1,1,13,0,0
39,390420,1,2,3,13,5,16,19,12,6,1,0,39,2,20,16,20016,4,1995,1G1JF5241S71,1,G,1,J,F,5,2,4,1,S,7,1,0,P,CHEV,CAS,4D,95,17,2736,,0,1041,,G,,F,4,133,,,15R195,,,,,,0,0,000000000,00000000000,0,0,0,1,0,0,0,0,0,0,0,10,0,0,0,9,6,2,12,0,0,0,1,39,43326,3,1,0,0,2,0,66,125,0,0,0,0,0,0,0,0,0,0,12,38,0,0,1,2,55,1,2,2,1,20,3,1,17,1,1,1,89,1,0
39,390420,2,2,3,13,5,16,19,12,6,1,0,39,1,12,481,12481,31,1993,999999999999,9,9,9,9,9,9,9,9,9,9,9,9,0,,,,,,,,,,,,,,,,,,,,,,,,,0,0,000000000,00000000000,0,0,0,1,0,0,0,0,0,0,0,50,0,0,0,12,6,2,12,0,0,0,1,39,45333,6,1,0,0,3,3,60,185,1,0,0,0,0,1,2010,1,2010,0,0,0,0,0,1,2,55,1,2,2,1,0,0,1,66,2,2,1,88,0,0
39,390421,1,1,1,17,5,11,13,24,0,1,0,39,2,12,37,12037,4,2011,1FAHP3FN8BW1,1,F,A,H,P,3,F,N,8,B,W,1,0,P,FORD,FSE,4D,11,17,2623,,0,1029,,G,,F,4,122,,,15R195,,,,,,0,0,000000000,00000000000,0,0,0,1,0,0,0,0,0,0,0,998,0,1,5,10,6,2,43,0,0,0,1,39,45322,6,1,0,0,3,3,66,140,0,0,0,0,0,0,0,0,0,0,0,0,0,0,1,2,45,4,2,2,1,0,0,14,12,1,1,4,6,1,0
39,390422,1,1,1,17,5,0,14,32,0,1,0,39,3,20,481,20481,31,2002,1GCHK23U92F1,1,G,C,H,K,2,3,U,9,2,F,1,0,T,CHEV,2KH,CW,2,17,,2,1670,1530,SIL,G,,,8,364,,,,C,5753,00,,44,0,0,000000000,00000000000,0,0,0,1,0,0,0,0,0,0,0,115,0,1,5,12,6,2,1,0,0,0,1,39,45845,6,1,0,0,3,3,74,200,0,0,0,0,0,0,0,0,0,1,36,0,0,0,1,2,55,1,1,2,1,0,0,1,6,2,2,5,2,1,1
39,390423,1,2,1,21,5,16,50,12,6,1,0,39,1,12,481,12481,31,2007,1FTRF12W17KC,1,F,T,R,F,1,2,W,1,7,K,C,0,T,FORD,F15,PK,7,17,,2,1450,1260,COF,G,,,8,281,,,,B,4615,01,E,42,0,0,000000000,00000000000,0,0,0,1,0,0,0,0,0,0,0,998,0,0,0,12,6,2,12,0,0,0,1,39,44333,6,1,0,0,3,0,71,205,0,0,0,0,0,0,0,0,0,0,38,39,0,0,2,2,35,1,1,2,1,20,3,1,17,1,1,1,86,0,0
39,390423,2,2,1,21,5,16,50,12,6,1,0,39,1,23,481,23481,31,2006,2GTEK13T7612,2,G,T,E,K,1,3,T,7,6,1,2,0,T,GMC,NK1,CW,6,17,,2,0,1435,SIE,G,,,8,323,,,,B,5284,00,4,44,0,0,000000000,00000000000,0,0,0,1,0,0,0,0,0,0,0,46,0,1,1,3,6,2,1,0,0,0,1,39,44310,6,1,0,0,3,0,70,205,1,0,0,0,3,7,2010,9,2011,0,0,0,0,0,2,2,45,1,1,2,1,0,0,1,66,1,1,1,87,1,0
39,390424,1,1,3,22,5,16,45,16,0,1,0,39,2,20,421,20421,15,2011,1GNSKAE08BR1,1,G,N,S,K,A,E,0,8,B,R,1,0,P,CHEV,KTA,UT,11,17,5894,,0,1160,,F,,F,8,323,,,18R265,,,,,,0,0,000000000,00000000000,0,0,0,1,0,0,0,0,0,0,0,998,0,0,0,0,2,3,16,0,0,0,1,39,43713,6,1,0,0,3,0,70,200,1,1,1,0,0,9,2011,11,2011,0,0,0,0,0,1,2,35,4,1,2,1,0,0,14,98,1,1,1,0,1,0
39,390425,1,2,1,22,5,11,33,12,6,1,0,39,1,59,31,59031,4,2005,JTHBA30G4551,J,T,H,B,A,3,0,G,4,5,5,1,0,P,LEXS,E33,4D,5,17,3472,,0,1071,,G,,F,6,201,,,17R215,,,,,,0,0,000000000,00000000000,0,0,0,1,0,0,0,0,0,0,0,998,0,0,0,9,6,2,12,0,0,0,1,39,43209,6,1,0,0,3,3,60,106,0,0,0,0,0,0,0,0,0,0,38,0,0,0,3,4,60,1,1,2,1,20,3,1,17,1,1,1,89,1,0
39,390425,2,2,1,22,5,11,33,12,6,1,0,39,3,12,461,12461,21,2007,1FTNE24W77DB,1,F,T,N,E,2,4,W,7,7,D,B,0,T,FORD,25V,CG,7,17,,2,0,1380,VAN,G,,,8,281,,,,C,00000,00,E,42,0,0,000000000,00000000000,0,0,0,1,0,0,0,0,0,0,0,998,0,0,0,12,6,2,12,0,0,0,1,39,43138,6,1,0,0,3,0,74,235,0,1,0,0,1,10,2010,3,2012,0,0,0,0,0,3,4,60,1,1,2,1,0,0,1,66,2,1,1,88,0,0
39,390426,1,2,1,25,5,12,48,12,6,1,0,39,3,12,881,12881,63,2007,3FRNF65E17V4,3,F,R,N,F,6,5,E,1,7,V,4,0,T,FORD,F66,CC,7,17,,6,2600,1460,COF,D,,,6,360,,,,D,00000,00,A,42,0,99,999999999,99999999999,3,1,3,1,0,0,0,0,0,0,0,998,0,0,0,2,6,2,12,0,0,0,1,39,45846,6,1,0,0,3,0,68,140,0,0,0,0,0,0,0,0,0,0,38,0,0,0,1,2,55,1,1,2,1,0,0,11,15,1,1,1,68,0,0
39,390426,2,2,1,25,5,12,48,12,6,1,0,39,1,73,709,73709,80,1980,KZ750A009046,K,Z,7,5,0,A,0,0,9,0,4,6,0,M,KAWK,KE2,RT,80,12,,,,,,,124,,1,,2,220,,,,,,,0,0,000000000,00000000000,0,0,0,1,0,0,0,0,0,0,0,998,0,0,0,12,6,2,12,0,0,0,1,39,45826,6,1,0,0,3,0,75,175,0,0,0,2,1,1,2010,4,2012,0,0,0,0,0,1,2,55,1,1,2,1,0,0,1,17,1,1,1,69,1,0