STATE,ST_CASE,VEH_NO,VE_FORMS,NUMOCCS,DAY,MONTH,HOUR,MINUTE,HARM_EV,MAN_COLL,UNITTYPE,HIT_RUN,REG_STAT,OWNER,MAKE,MODEL,MAK_MOD,BODY_TYP,MOD_YEAR,VIN,VIN_1,VIN_2,VIN_3,VIN_4,VIN_5,VIN_6,VIN_7,VIN_8,VIN_9,VIN_10,VIN_11,VIN_12,TOW_VEH,VINTYPE,VINMAKE,VINA_MOD,VIN_BT,VINMODYR,VIN_LNGT,VIN_WGT,WGTCD_TR,WHLBS_LG,WHLBS_SH,SER_TR,FUELCODE,MCYCL_DS,CARBUR,CYLINDER,DISPLACE,MCYCL_CY,MCYCL_WT,TIRE_SZE,TON_RAT,TRK_WT,TRKWTVAR,VIN_REST,WHLDRWHL,J_KNIFE,MCARR_I1,MCARR_I2,MCARR_ID,GVWR,V_CONFIG,CARGO_BT,HAZ_INV,HAZ_PLAC,HAZ_ID,HAZ_CNO,HAZ_REL,BUS_USE,SPEC_USE,EMER_USE,TRAV_SP,UNDERIDE,ROLLOVER,ROLINLOC,IMPACT1,DEFORMED,TOWED,M_HARM,VEH_SC1,VEH_SC2,FIRE_EXP,DR_PRES,L_STATE,DR_ZIP,L_STATUS,L_TYPE,CDL_STAT,L_ENDORS,L_COMPL,L_RESTRI,DR_HGT,DR_WGT,PREV_ACC,PREV_SUS,PREV_DWI,PREV_SPD,PREV_OTH,FIRST_MO,FIRST_YR,LAST_MO,LAST_YR,SPEEDREL,DR_SF1,DR_SF2,DR_SF3,DR_SF4,VTRAFWAY,VNUM_LAN,VSPD_LIM,VALIGN,VPROFILE,VPAVETYP,VSURCOND,VTRAFCON,VTCONT_F,P_CRASH1,P_CRASH2,P_CRASH3,PCRASH4,PCRASH5,ACC_TYPE,DEATHS,DR_DRINK
39,390532,1,2,1,18,6,16,12,12,1,1,0,39,1,50,706,50706,80,2003,SMT905JNX3J1,S,M,T,9,0,5,J,N,X,3,J,1,0,M,TRUM,BNA,RS,3,17,,,,,,,800,,2,,4,497,,,,,,,0,0,000000000,00000000000,0,0,0,1,0,0,0,0,0,0,0,50,0,0,0,12,6,2,12,0,0,0,1,39,43015,6,1,0,0,3,0,73,240,0,0,0,0,0,0,0,0,0,0,26,36,0,0,1,4,50,1,1,2,1,0,0,1,9,2,2,1,24,1,0
39,390532,2,2,2,18,6,16,12,12,1,1,0,39,2,37,32,37032,2,1998,1HGCG2244WA0,1,H,G,C,G,2,2,4,4,W,A,0,0,P,HOND,ULX,CP,98,17,2950,,0,1051,,G,,F,6,183,,,15R205,,,,,,0,0,000000000,00000000000,0,0,0,1,0,0,0,0,0,0,0,5,0,0,0,6,2,1,12,0,0,0,1,39,43016,6,1,0,0,3,0,69,135,0,0,0,0,0,0,0,0,0,0,0,0,0,0,1,4,50,1,1,2,1,0,0,2,18,1,1,1,25,0,0
39,390533,1,2,1,19,6,13,53,12,2,1,0,39,1,98,709,98709,80,2000,999999999999,9,9,9,9,9,9,9,9,9,9,9,9,0,,,,,,,,,,,,,,,,,,,,,,,,,0,0,000000000,00000000000,0,0,0,1,0,0,0,0,0,0,0,998,0,0,0,12,6,2,12,0,0,0,1,39,45690,6,1,0,0,3,0,76,220,0,0,0,0,1,9,2011,9,2011,0,0,0,0,0,1,2,55,1,1,2,1,0,0,1,62,1,1,1,83,1,0
39,390533,2,2,1,19,6,13,53,12,2,1,0,39,2,20,16,20016,2,2001,1G1JC1249173,1,G,1,J,C,1,2,4,9,1,7,3,0,P,CHEV,CAV,CP,1,17,2617,,0,1041,,G,,F,4,133,,,14R195,,,,,,0,0,000000000,00000000000,0,0,0,1,0,0,0,0,0,0,0,3,0,0,0,12,6,2,12,0,0,0,1,39,45661,1,1,0,0,2,0,75,190,1,4,0,0,1,1,2010,10,2011,0,38,0,0,0,1,2,55,1,1,2,1,0,0,11,10,1,1,2,82,0,0
39,390534,1,2,1,20,6,2,0,12,2,1,0,39,1,7,482,7482,31,2005,1D7HU18N25J6,1,D,7,H,U,1,8,N,2,5,J,6,0,T,DODG,SQ1,CW,5,17,,2,1605,1405,RPC,G,,,8,287,,,,B,4979,03,E,44,0,0,000000000,00000000000,0,0,0,1,0,0,0,0,0,0,0,998,0,0,0,12,6,2,12,0,0,0,1,39,44830,6,1,0,0,3,0,63,150,0,0,0,1,0,7,2011,7,2011,0,58,0,0,0,1,2,55,1,1,2,1,0,0,1,10,1,1,1,50,1,1
39,390534,2,2,2,20,6,2,0,12,2,1,0,26,3,84,884,84884,66,2004,2HSCKAPR44C0,2,H,S,C,K,A,P,R,4,4,C,0,1,T,INTL,99X,TR,4,17,,8,0,0,990,D,,,6,915,,,,,00000,00,,64,1,57,145408,57145408,3,6,3,1,0,0,0,0,0,0,0,57,0,0,0,12,4,3,12,0,0,0,1,39,44882,6,1,6,0,3,0,71,250,0,0,0,0,1,9,2011,9,2011,1,0,0,0,0,1,2,55,1,1,2,1,0,0,1,62,2,1,2,51,0,0
39,390535,1,3,1,21,6,23,19,12,1,1,0,39,2,20,20,20020,6,1996,1GNDU06E3TT1,1,G,N,D,U,0,6,E,3,T,T,1,0,P,CHEV,L/M,SV,96,17,3593,,0,1098,,G,,F,6,207,,,15R205,,,,,,0,0,000000000,00000000000,0,0,0,1,0,0,0,0,0,0,0,998,0,0,0,12,6,2,12,0,0,0,1,39,43223,6,1,0,0,3,0,67,175,0,3,0,0,0,8,2010,2,2012,0,36,0,0,0,2,2,55,1,1,2,1,0,0,1,9,1,4,2,20,1,0
39,390535,2,3,1,21,6,23,19,12,1,1,0,39,2,12,481,12481,31,2008,1FDXF46R98EC,1,F,D,X,F,4,6,R,9,8,E,C,0,T,FORD,F4D,CB,8,17,,4,2010,1410,DRW,D,,,8,390,,,,D,6696,04,U,42,0,0,000000000,00000000000,0,0,0,1,0,0,0,0,0,0,0,0,0,0,0,6,4,1,12,0,0,0,1,39,43026,6,1,0,0,3,0,74,245,0,0,0,1,1,2,2010,4,2011,0,0,0,0,0,2,2,55,1,1,2,1,3,3,5,61,1,1,1,21,0,0
39,390535,3,3,2,21,6,23,19,12,1,1,0,18,3,51,884,51884,66,2012,4V4NC9TG8CN5,4,V,4,N,C,9,T,G,8,C,N,5,1,T,VOLV,VNL,TR,12,17,,8,0,0,VVN,D,,,6,915,,,,,00000,00,,64,1,57,054283,57054283,3,6,1,1,0,0,0,0,0,0,0,0,0,0,0,9,2,1,12,0,0,0,1,4,85743,6,1,6,0,3,0,73,330,0,0,0,0,0,0,0,0,0,0,0,0,0,0,2,2,55,1,1,2,1,3,3,5,51,1,1,1,98,0,0
39,390536,1,2,1,23,6,5,15,12,2,1,0,39,2,22,2,22002,4,1989,1G2HX54C9KW2,1,G,2,H,X,5,4,C,9,K,W,2,0,P,PONT,BLE,4D,89,17,3275,,0,1108,,G,,F,6,231,,,14R205,,,,,,0,0,000000000,00000000000,0,0,0,1,0,0,0,0,0,0,0,998,0,0,0,12,6,2,12,0,0,0,1,39,45311,6,1,0,0,3,0,63,205,2,0,0,0,1,4,2012,4,2012,0,51,0,0,0,1,2,55,1,2,2,1,0,0,1,10,1,1,2,50,1,0
39,390536,2,2,1,23,6,5,15,12,2,1,0,39,1,6,441,6441,20,2007,2A8GP54L57R3,2,A,8,G,P,5,4,L,5,7,R,3,0,T,CHRY,TOU,ES,7,17,,1,0,1193,TWC,G,,,6,230,,,,B,4267,00,,42,0,0,000000000,00000000000,0,0,0,1,0,0,0,0,0,0,0,45,0,0,0,12,6,2,12,0,0,0,1,39,45070,6,1,0,0,3,0,62,350,0,0,0,0,0,0,0,0,0,0,0,0,0,0,1,2,55,1,2,2,1,0,0,1,62,1,1,1,51,0,0
39,390537,1,1,2,23,6,14,43,31,0,1,0,39,2,22,22,22022,4,2008,1G2ZF57B1842,1,G,2,Z,F,5,7,B,1,8,4,2,0,P,PONT,6VB,4D,8,17,3305,,0,1123,,G,,F,4,146,,,16R215,,,,,,0,0,000000000,00000000000,0,0,0,1,0,0,0,0,0,0,0,998,0,0,0,12,6,2,30,0,0,0,1,39,44041,6,1,0,0,3,3,73,200,0,3,0,0,0,8,2010,6,2011,1,36,0,0,0,1,2,55,3,1,2,1,0,0,14,9,2,2,5,2,1,0
39,390539,1,2,2,23,6,19,59,12,2,1,0,39,3,12,481,12481,31,2005,1FTNF20505EA,1,F,T,N,F,2,0,5,0,5,E,A,0,T,FORD,F2S,PK,5,17,,2,0,1370,SRW,G,,,8,330,,,,C,5648,00,U,42,0,0,000000000,00000000000,0,0,0,1,0,0,0,0,0,0,0,55,0,0,0,12,6,2,12,0,0,0,1,39,45135,6,1,0,0,3,0,62,140,0,0,0,1,0,1,2010,1,2010,0,51,0,0,0,1,2,55,3,2,2,1,0,0,14,10,8,2,2,50,0,0
39,390539,2,2,2,23,6,19,59,12,2,1,0,39,2,38,472,38472,30,1997,1GGCS1941V86,1,G,G,C,S,1,9,4,1,V,8,6,0,T,ISU,HOM,PC,97,17,,1,0,1229,HOM,G,,,4,133,,,,B,00000,00,M,42,0,0,000000000,00000000000,0,0,0,1,0,0,0,0,0,0,0,998,0,1,5,12,6,2,12,0,0,0,1,39,45371,6,1,0,0,3,3,70,170,0,0,0,0,0,0,0,0,0,0,0,0,0,0,1,2,55,3,2,2,1,0,0,14,62,1,1,1,51,2,0
39,390540,1,1,1,24,6,18,23,33,0,1,0,39,2,23,421,23421,15,1994,999999999999,9,9,9,9,9,9,9,9,9,9,9,9,0,U,,,,9,17,,,,,,,,,,,,,,,,,,,0,0,000000000,00000000000,0,0,0,1,0,0,0,0,0,0,0,55,0,0,0,14,6,2,8,0,0,0,1,39,45503,1,1,0,0,2,0,67,200,6,13,1,1,8,5,2010,4,2012,1,36,37,91,51,1,2,25,3,1,2,1,0,0,14,6,99,1,4,1,0,1
39,390541,1,2,2,26,6,12,33,1,0,1,0,42,1,72,709,72709,80,2002,1HD1FCW1X2Y6,1,H,D,1,F,C,W,1,X,2,Y,6,0,M,HD,FLU,RS,2,17,,,,,,,1450,,2,,4,788,,,,,,,0,0,000000000,00000000000,0,0,0,1,0,0,0,0,0,0,0,998,0,0,0,0,4,3,12,0,0,0,1,42,16125,6,1,6,1,3,0,72,999,0,0,0,0,2,4,2010,4,2010,0,39,0,0,0,1,2,55,1,2,2,1,3,3,1,98,1,1,1,98,2,0
39,390541,2,2,1,26,6,12,33,1,0,1,0,17,3,87,884,87884,78,2011,1XPHD49X8BD1,1,X,P,H,D,4,9,X,8,B,D,1,1,T,PTRB,386,TR,11,17,,8,0,0,CON,D,,,6,915,,,,,00000,00,,64,1,57,759493,57759493,3,19,98,1,0,0,0,0,0,0,0,20,0,0,0,9,4,3,12,0,0,0,1,39,44076,6,1,6,1,3,0,72,235,1,0,0,0,1,1,2011,1,2011,0,0,0,0,0,1,2,35,1,2,2,1,3,3,1,17,1,1,1,98,0,0
39,390542,1,2,1,26,6,23,9,12,6,1,0,39,1,2,404,2404,14,2000,1J4FF48SXYL1,1,J,4,F,F,4,8,S,X,Y,L,1,0,T,JEEP,SPT,4W,0,17,,1,0,1014,CHK,G,,,6,244,,,,,3247,00,E,44,0,0,000000000,00000000000,0,0,0,1,0,0,0,0,0,0,0,55,0,0,0,12,6,2,12,0,0,0,1,39,45840,6,1,0,0,3,0,74,205,0,1,0,1,0,2,2011,5,2012,0,0,0,0,0,1,2,55,1,1,2,1,0,0,1,66,1,1,1,86,0,0
39,390542,2,2,1,26,6,23,9,12,6,1,0,26,1,72,709,72709,80,2004,1HD1GNW194K3,1,H,D,1,G,N,W,1,9,4,K,3,0,M,HD,DLI,RS,4,17,,,,,,,1450,,2,,4,623,,,,,,,0,0,000000000,00000000000,0,0,0,1,0,0,0,0,0,0,0,55,0,0,0,3,6,2,12,0,0,0,1,26,49037,3,1,0,0,2,3,70,170,0,0,0,0,0,0,0,0,0,0,39,0,0,0,1,2,55,1,1,2,1,20,3,1,17,1,1,1,87,1,0
39,390543,1,1,1,26,6,2,56,52,0,1,0,39,2,20,401,20401,14,1997,1GNDT13W3V21,1,G,N,D,T,1,3,W,3,V,2,1,0,P,CHEV,BZR,UT,97,17,4046,,0,1070,,G,,F,6,262,,,15R205,,,,,,0,0,000000000,00000000000,0,0,0,1,0,0,0,0,0,0,0,65,0,1,5,3,6,2,52,0,0,0,1,39,43062,1,1,0,0,2,0,68,120,0,5,1,1,0,8,2009,11,2011,0,36,0,0,0,3,3,65,1,1,2,1,0,0,1,9,8,2,5,2,1,0
39,390544,1,2,1,18,7,1,57,12,6,1,0,39,2,37,32,37032,2,2002,1HGCG22562A0,1,H,G,C,G,2,2,5,6,2,A,0,0,P,HOND,UEX,CP,2,17,3283,,0,1051,,G,,F,6,183,,,16R205,,,,,,0,0,000000000,00000000000,0,0,0,1,0,0,0,0,0,0,0,65,0,0,0,12,6,2,12,0,0,0,1,39,43207,6,1,0,0,3,0,69,175,0,0,0,0,0,0,0,0,0,0,0,0,0,0,3,3,65,1,1,2,1,0,0,1,54,1,1,1,66,0,0
39,390544,2,2,1,18,7,1,57,12,6,1,0,39,1,7,41,7041,4,1997,2B3HD46T1VH7,2,B,3,H,D,4,6,T,1,V,H,7,0,P,DODG,INT,4D,97,17,3319,,0,1130,,G,,F,6,201,,,16R225,,,,,,0,0,000000000,00000000000,0,0,0,1,0,0,0,0,0,0,0,90,0,0,0,3,6,2,12,0,0,0,1,39,43224,6,1,0,0,3,0,66,158,0,2,0,0,2,9,2009,1,2012,1,51,0,0,0,3,3,65,1,1,2,1,0,0,98,6,1,1,1,66,1,1
39,390545,1,1,1,4,8,7,46,23,0,1,0,39,1,76,705,76705,80,2001,JYARJ04E61A0,J,Y,A,R,J,0,4,E,6,1,A,0,0,M,YAMA,R6L,RC,1,17,,,,,,,599,,4,,4,365,,,,,,,0,0,000000000,00000000000,0,0,0,1,0,0,0,0,0,0,0,999,0,0,0,5,6,2,24,0,0,0,1,39,44905,6,1,0,0,3,0,70,130,0,0,0,2,0,9,2009,4,2011,0,0,0,0,0,3,2,55,1,2,2,1,0,0,15,13,1,1,4,1,1,0
39,390546,1,1,2,4,8,23,5,9,0,1,0,39,1,22,18,22018,2,2002,1G2NW52E12M5,1,G,2,N,W,5,2,E,1,2,M,5,0,P,PONT,GAG,4D,2,17,3168,,0,1070,,G,,F,6,207,,,16R225,,,,,,0,0,000000000,00000000000,0,0,0,1,0,0,0,0,0,0,0,998,0,0,0,1,4,3,9,0,0,0,1,39,45324,6,1,0,0,3,0,62,120,1,1,0,3,0,5,2010,4,2012,0,26,0,0,0,2,2,45,1,1,2,1,0,0,1,83,99,1,1,13,0,0
39,390547,1,1,2,17,8,0,4,24,0,1,0,39,1,7,482,7482,31,2007,1D7HA16K27J5,1,D,7,H,A,1,6,K,2,7,J,5,0,T,DODG,S1T,PK,7,17,,2,1605,1405,RPC,G,,,6,225,,,,B,4451,01,E,42,0,0,000000000,00000000000,0,0,0,1,0,0,0,0,0,0,0,998,0,1,5,1,6,2,1,0,0,0,1,39,44028,6,1,0,0,3,0,71,185,0,8,1,0,1,3,2010,7,2011,0,36,58,0,0,1,2,45,2,6,2,1,0,0,14,12,6,4,4,7,1,1
39,390548,1,1,1,23,8,21,45,35,0,1,0,39,1,20,23,20023,6,2009,3GNCA33BX9S5,3,G,N,C,A,3,3,B,X,9,S,5,0,P,CHEV,HHR,UT,9,17,3155,,0,1035,,F,,F,4,134,,,16R215,,,,,,0,0,000000000,00000000000,0,0,0,1,0,0,0,0,0,0,0,998,0,1,5,12,6,2,34,0,0,0,1,39,43616,6,1,0,0,3,0,71,270,0,0,0,0,1,2,2011,2,2011,0,39,0,0,0,1,2,35,1,1,2,1,20,3,1,14,1,1,4,14,1,1
39,390549,1,1,1,27,8,5,15,9,0,1,0,39,1,52,34,52034,4,1996,4A3AJ46G5TE4,4,A,3,A,J,4,6,G,5,T,E,4,0,P,MITS,GAS,4D,96,17,2755,,0,1037,,G,,F,4,143,,,14R185,,,,,,0,0,000000000,00000000000,0,0,0,1,0,0,0,0,0,0,0,50,0,0,0,12,2,3,9,0,0,0,1,39,43213,6,1,0,0,3,3,53,110,0,0,0,0,0,0,0,0,0,1,26,0,0,0,1,4,50,1,1,2,1,0,0,1,83,1,1,1,13,0,0
39,390550,1,1,2,29,8,21,50,42,0,1,0,39,2,22,20,22020,4,2002,1G2WP52K92F1,1,G,2,W,P,5,2,K,9,2,F,1,0,P,PONT,GPG,4D,2,17,3496,,0,1105,,G,,F,6,231,,,16R225,,,,,,0,0,000000000,00000000000,0,0,0,1,0,0,0,0,0,0,0,998,0,0,0,1,6,2,42,0,0,1,1,39,43551,1,1,0,0,2,0,70,160,3,2,1,0,0,10,2009,7,2011,0,0,0,0,0,1,2,55,1,1,2,1,0,0,1,13,1,1,4,1,1,1
39,390551,1,2,1,1,9,6,54,12,8,1,0,39,1,23,481,23481,31,2002,1GTEC14V42E1,1,G,T,E,C,1,4,V,4,2,E,1,0,T,GMC,NC1,PK,2,17,,2,1330,1190,SIE,G,,,8,293,,,,B,4073,01,U,42,0,0,000000000,00000000000,0,0,0,1,0,0,0,0,0,0,0,998,0,0,0,11,6,2,12,0,0,0,1,39,44870,6,1,0,0,3,0,69,192,0,0,0,0,0,0,0,0,0,0,0,0,0,0,1,2,55,1,2,2,1,0,0,1,62,1,1,1,65,0,0
39,390551,2,2,1,1,9,6,54,12,8,1,0,39,2,9,442,9442,20,2000,2P4GP2433YR5,2,P,4,G,P,2,4,3,3,Y,R,5,0,T,PLYM,GVY,ES,0,17,,1,0,1193,VOF,G,,,6,181,,,,,3695,00,E,42,0,0,000000000,00000000000,0,0,0,1,0,0,0,0,0,0,0,998,0,0,0,11,6,2,12,0,0,0,1,39,44811,6,1,0,0,3,0,65,190,0,0,0,0,0,0,0,0,0,0,28,0,0,0,1,2,55,1,2,2,1,0,0,1,10,1,1,2,64,1,1
39,390552,1,2,1,27,6,19,0,12,2,1,0,39,1,18,20,18020,4,1994,2G4WB55L3R14,2,G,4,W,B,5,5,L,3,R,1,4,0,P,BUIC,RGC,4D,94,17,3240,,0,1075,,G,,F,6,231,,,15R205,,,,,,0,0,000000000,00000000000,0,0,0,1,0,0,0,0,0,0,0,998,0,0,0,12,6,2,12,0,0,0,1,39,44805,6,1,0,0,3,3,62,135,0,0,0,0,0,0,0,0,0,0,57,0,0,0,1,2,55,1,1,2,1,0,0,1,10,1,1,2,50,1,0
39,390552,2,2,1,27,6,19,0,12,2,1,0,39,2,12,481,12481,31,2005,1FTSX21P05EA,1,F,T,S,X,2,1,P,0,5,E,A,0,T,FORD,F2S,4C,5,17,,2,1580,1418,SRW,D,,,8,366,,,,C,6299,00,U,44,0,0,000000000,00000000000,0,0,0,1,0,0,0,0,0,0,0,50,0,0,0,12,6,2,12,0,0,0,1,39,44842,6,1,0,0,3,3,66,150,0,0,0,0,0,0,0,0,0,0,0,0,0,0,1,2,55,1,1,2,1,0,0,1,62,9,1,1,51,0,0
39,390553,1,2,1,28,6,1,47,12,1,1,0,39,1,53,706,53706,80,2012,JS1GT78A6C21,J,S,1,G,T,7,8,A,6,C,2,1,0,M,SUZI,XR1,RC,12,17,,,,,,,999,,4,,4,448,,,,,,,0,0,000000000,00000000000,0,0,0,1,0,0,0,0,0,0,0,998,0,0,0,12,6,2,12,0,0,1,1,39,45449,6,1,0,0,3,0,66,170,0,0,0,2,1,7,2010,4,2011,1,26,27,36,0,2,3,65,1,1,2,1,0,0,1,6,2,2,1,24,1,1
39,390553,2,2,1,28,6,1,47,12,1,1,0,18,3,51,884,51884,66,2013,4V4N19EG1DN1,4,V,4,N,1,9,E,G,1,D,N,1,2,T,VOLV,VNL,TR,13,17,,7,0,0,VVN,D,,,6,793,,,,,00000,00,,42,1,57,121058,57121058,3,7,1,2,2,8888,88,8,0,0,0,64,0,0,0,6,4,3,12,0,0,1,1,21,40505,6,1,6,1,3,0,75,220,0,0,0,0,0,0,0,0,0,0,0,0,0,0,2,3,65,1,1,2,1,0,0,1,18,1,1,1,25,0,0
39,390554,1,2,2,29,6,9,54,12,1,1,0,39,2,24,401,24401,14,2002,5GZCZ63B72S8,5,G,Z,C,Z,6,3,B,7,2,S,8,0,P,STRN,VUE,UT,2,17,3491,,0,1066,,G,,F,6,181,,,16R235,,,,,,0,0,000000000,00000000000,0,0,0,1,0,0,0,0,0,0,0,45,0,0,0,6,6,2,12,0,0,1,1,39,45365,6,1,0,0,3,0,62,130,1,0,0,1,0,4,2011,7,2011,0,39,0,0,0,1,2,55,1,1,2,1,20,3,1,53,1,1,1,25,1,0
39,390554,2,2,2,29,6,9,54,12,1,1,0,39,1,20,2,20002,4,2003,1G1NE52J33M6,1,G,1,N,E,5,2,J,3,3,M,6,0,P,CHEV,M/L,4D,3,17,3106,,0,1070,,G,,F,6,191,,,15R215,,,,,,0,0,000000000,00000000000,0,0,0,1,0,0,0,0,0,0,0,60,0,0,0,12,6,2,12,0,0,0,1,39,45334,6,1,0,0,3,0,60,160,0,0,0,3,2,2,2010,2,2012,1,0,0,0,0,1,2,55,1,1,2,1,0,0,1,17,1,1,1,24,0,0
39,390555,1,3,1,29,6,14,30,12,2,1,0,39,1,19,3,19003,4,2001,1G6KD54Y31U1,1,G,6,K,D,5,4,Y,3,1,U,1,0,P,CADI,DFW,4D,1,17,3978,,0,1138,,G,,F,8,279,,,16R225,,,,,,0,0,000000000,00000000000,0,0,0,1,0,0,0,0,0,0,0,55,0,0,0,12,6,2,12,0,0,0,1,39,44706,6,1,0,0,3,3,69,194,0,0,0,0,0,0,0,0,0,0,0,0,0,0,1,2,55,1,1,2,1,0,0,1,62,1,1,2,51,0,0
39,390555,2,3,1,29,6,14,30,12,2,1,0,39,1,37,706,37706,80,1985,1HFSC1419FA1,1,H,F,S,C,1,4,1,9,F,A,1,0,M,HOND,G12,RS,85,17,,,,,,,1200,,4,,4,701,,,,,,,0,0,000000000,00000000000,0,0,0,1,0,0,0,0,0,0,0,55,0,0,0,12,4,3,12,0,0,0,1,39,44688,6,1,0,0,3,3,70,203,0,0,0,0,0,0,0,0,0,0,0,0,0,0,1,2,55,1,1,2,1,0,0,1,62,1,1,2,98,0,0
39,390555,3,3,1,29,6,14,30,12,2,1,0,39,1,20,2,20002,4,2001,2G1WF55E3191,2,G,1,W,F,5,5,E,3,1,9,1,0,P,CHEV,IMP,4D,1,17,3389,,0,1105,,G,,F,6,207,,,16R225,,,,,,0,0,000000000,00000000000,0,0,0,1,0,0,0,0,0,0,0,55,0,0,0,12,6,2,12,0,0,0,1,39,44626,6,1,0,0,3,0,70,190,1,0,0,0,0,11,2011,11,2011,0,51,0,0,0,1,2,55,1,1,2,1,0,0,1,10,2,2,2,50,1,0
39,390556,1,1,2,29,6,8,17,30,0,1,0,6,3,82,884,82884,66,2006,1FUJBBCK06LU,1,F,U,J,B,B,C,K,0,6,L,U,1,T,FRHT,ST2,TR,6,17,,8,0,0,CON,D,,,6,855,,,,,00000,00,,64,3,57,1665495,571665495,3,6,1,2,1,8888,88,8,0,0,0,55,0,0,0,12,6,2,50,0,0,0,1,6,90003,6,1,6,0,3,0,65,160,0,0,0,0,0,0,0,0,0,0,36,0,0,0,3,4,55,1,6,2,1,0,0,1,9,2,2,4,2,2,0
39,390557,1,1,1,30,6,16,26,38,0,1,0,39,1,20,473,20473,30,2004,1GCDT1360481,1,G,C,D,T,1,3,6,0,4,8,1,0,T,CHEV,RDO,CW,4,17,,1,0,1260,CAL,G,,,5,214,,,,,5300,00,,44,0,0,000000000,00000000000,0,0,0,1,0,0,0,0,0,0,0,998,0,0,0,12,6,2,34,0,0,0,1,39,43232,6,1,0,0,3,3,76,270,0,0,0,0,0,0,0,0,0,0,36,0,0,0,2,2,65,1,1,2,1,0,0,1,9,2,2,5,7,1,0
39,390558,1,2,1,30,6,3,20,12,2,1,0,39,3,87,881,87881,66,2005,1XPFDU9X75D8,1,X,P,F,D,U,9,X,7,5,D,8,1,T,PTRB,378,TR,5,17,,8,0,0,CON,D,,,6,763,,,,,00000,00,,64,1,57,401385,57401385,3,6,8,1,0,0,0,0,0,0,0,54,1,1,5,12,6,2,12,0,0,1,1,39,44830,6,1,6,0,3,0,69,265,1,0,0,0,0,12,2011,12,2011,0,0,0,0,0,1,2,55,1,1,2,1,0,0,1,62,1,1,1,51,0,0
39,390558,2,2,1,30,6,3,20,12,2,1,0,39,2,22,8,22008,2,2004,6G2VX12G24L2,6,G,2,V,X,1,2,G,2,4,L,2,0,P,PONT,GTO,CP,4,17,3725,,0,1098,,G,,F,8,350,,,17R225,,,,,,0,0,000000000,00000000000,0,0,0,1,0,0,0,0,0,0,0,998,0,0,0,12,6,2,12,0,0,0,1,39,44135,1,1,0,0,2,0,72,190,0,4,1,0,1,9,2009,3,2012,0,51,0,0,0,1,2,55,1,2,2,1,0,0,1,10,9,2,2,50,1,1
39,390559,1,2,4,30,6,16,56,12,6,1,0,12,2,7,482,7482,31,2003,1D7HA18N23S2,1,D,7,H,A,1,8,N,2,3,S,2,0,T,DODG,SQ1,CW,3,17,,2,1605,1405,RPC,G,,,8,287,,,,B,4665,03,E,42,0,0,000000000,00000000000,0,0,0,1,0,0,0,0,0,0,0,5,0,0,0,9,2,3,12,0,0,0,1,12,32792,6,1,0,0,3,0,65,999,0,0,0,0,0,0,0,0,0,0,38,91,0,0,1,2,55,1,1,2,1,20,3,1,17,1,1,1,89,0,0
39,390559,2,2,1,30,6,16,56,12,6,1,0,39,1,72,706,72706,80,1998,1HD1BML12WY0,1,H,D,1,B,M,L,1,2,W,Y,0,0,M,HD,FLF,RS,98,17,,,,,,,1340,,2,,4,631,,,,,,,0,0,000000000,00000000000,0,0,0,1,0,0,0,0,0,0,0,998,0,0,0,12,6,2,12,0,0,0,1,39,45504,6,1,0,0,3,0,73,235,0,0,0,0,0,0,0,0,0,0,0,0,0,0,1,2,55,1,1,2,1,0,0,1,66,2,1,1,88,1,1
39,390560,1,2,1,1,7,7,20,12,6,1,0,39,1,37,31,37031,2,2000,1HGEJ8145YL0,1,H,G,E,J,8,1,4,5,Y,L,0,0,P,HOND,UAX,CP,0,17,2513,,0,1032,,G,,F,4,097,,,14R185,,,,,,0,0,000000000,00000000000,0,0,0,1,0,0,0,0,0,0,0,72,0,0,0,12,6,2,12,0,0,0,1,39,43110,4,1,0,0,2,0,74,155,0,2,0,0,0,7,2010,3,2012,1,0,0,0,0,3,4,35,1,2,2,1,3,3,1,62,2,1,1,83,1,1
39,390560,2,2,1,1,7,7,20,12,6,1,0,39,1,22,18,22018,2,2000,1G2NE12T2YM7,1,G,2,N,E,1,2,T,2,Y,M,7,0,P,PONT,GAS,CP,0,17,3066,,0,1070,,G,,F,4,146,,,15R215,,,,,,0,0,000000000,00000000000,0,0,0,1,0,0,0,0,0,0,0,13,0,0,0,3,6,2,12,0,0,0,1,39,43068,6,1,0,0,3,3,67,175,0,0,0,0,0,0,0,0,0,0,0,0,0,0,1,4,35,1,2,2,1,3,3,11,15,1,1,1,82,1,0
39,390561,1,2,2,1,7,19,12,12,2,1,0,39,2,49,40,49040,4,2011,4T4BF3EKXBR1,4,T,4,B,F,3,E,K,X,B,R,1,0,P,TOYT,CBA,4D,11,17,3263,,0,1093,,G,,F,4,152,,,16R215,,,,,,0,0,000000000,00000000000,0,0,0,1,0,0,0,0,0,0,0,998,0,0,0,12,6,2,12,0,0,0,1,39,44708,6,1,0,0,3,0,71,290,0,0,0,0,0,0,0,0,0,0,0,0,0,0,1,2,45,1,2,2,1,0,0,1,62,1,1,1,51,1,0
39,390561,2,2,3,1,7,19,12,12,2,1,0,39,2,24,7,24007,4,2003,1G8AJ52F13Z1,1,G,8,A,J,5,2,F,1,3,Z,1,0,P,STRN,SI2,4D,3,17,2683,,0,1032,,G,,F,4,134,,,15R195,,,,,,0,0,000000000,00000000000,0,0,0,1,0,0,0,0,0,0,0,998,0,0,0,12,6,2,12,0,0,0,1,39,44720,6,1,0,0,3,3,69,160,0,0,0,0,0,0,0,0,0,1,36,51,0,0,1,2,45,1,3,2,1,0,0,6,6,2,2,2,50,1,0