STATE,ST_CASE,VEH_NO,VE_FORMS,NUMOCCS,DAY,MONTH,HOUR,MINUTE,HARM_EV,MAN_COLL,UNITTYPE,HIT_RUN,REG_STAT,OWNER,MAKE,MODEL,MAK_MOD,BODY_TYP,MOD_YEAR,VIN,VIN_1,VIN_2,VIN_3,VIN_4,VIN_5,VIN_6,VIN_7,VIN_8,VIN_9,VIN_10,VIN_11,VIN_12,TOW_VEH,VINTYPE,VINMAKE,VINA_MOD,VIN_BT,VINMODYR,VIN_LNGT,VIN_WGT,WGTCD_TR,WHLBS_LG,WHLBS_SH,SER_TR,FUELCODE,MCYCL_DS,CARBUR,CYLINDER,DISPLACE,MCYCL_CY,MCYCL_WT,TIRE_SZE,TON_RAT,TRK_WT,TRKWTVAR,VIN_REST,WHLDRWHL,J_KNIFE,MCARR_I1,MCARR_I2,MCARR_ID,GVWR,V_CONFIG,CARGO_BT,HAZ_INV,HAZ_PLAC,HAZ_ID,HAZ_CNO,HAZ_REL,BUS_USE,SPEC_USE,EMER_USE,TRAV_SP,UNDERIDE,ROLLOVER,ROLINLOC,IMPACT1,DEFORMED,TOWED,M_HARM,VEH_SC1,VEH_SC2,FIRE_EXP,DR_PRES,L_STATE,DR_ZIP,L_STATUS,L_TYPE,CDL_STAT,L_ENDORS,L_COMPL,L_RESTRI,DR_HGT,DR_WGT,PREV_ACC,PREV_SUS,PREV_DWI,PREV_SPD,PREV_OTH,FIRST_MO,FIRST_YR,LAST_MO,LAST_YR,SPEEDREL,DR_SF1,DR_SF2,DR_SF3,DR_SF4,VTRAFWAY,VNUM_LAN,VSPD_LIM,VALIGN,VPROFILE,VPAVETYP,VSURCOND,VTRAFCON,VTCONT_F,P_CRASH1,P_CRASH2,P_CRASH3,PCRASH4,PCRASH5,ACC_TYPE,DEATHS,DR_DRINK
39,390562,1,1,1,2,7,18,17,24,0,1,0,39,1,37,709,37709,80,2000,999999999999,9,9,9,9,9,9,9,9,9,9,9,9,0,,,,,,,,,,,,,,,,,,,,,,,,,0,0,000000000,00000000000,0,0,0,1,0,0,0,0,0,0,0,998,0,0,0,12,4,3,24,0,0,0,1,39,45660,6,1,0,0,3,0,72,260,0,0,0,1,0,3,2011,3,2011,1,0,0,0,0,1,2,55,3,2,2,1,0,0,14,6,2,2,4,1,1,0
39,390563,1,2,4,2,7,12,10,12,6,1,0,39,1,20,37,20037,4,2009,1G1ZH57B8942,1,G,1,Z,H,5,7,B,8,9,4,2,0,P,CHEV,ML1,4D,9,17,3436,,0,1123,,G,,F,4,146,,,17R215,,,,,,0,0,000000000,00000000000,0,0,0,1,0,0,0,0,0,0,0,40,0,0,0,3,6,2,12,0,0,0,1,39,44442,6,1,0,0,3,0,66,125,0,0,0,0,0,0,0,0,0,0,0,0,0,0,1,2,45,1,1,2,1,0,0,1,66,1,1,1,87,1,0
39,390563,2,2,2,2,7,12,10,12,6,1,0,39,2,20,37,20037,4,2007,1G1ZS68N27F1,1,G,1,Z,S,6,8,N,2,7,F,1,0,P,CHEV,XLS,4D,7,17,0,,0,1123,,G,,F,6,214,,,16R215,,,,,,0,0,000000000,00000000000,0,0,0,1,0,0,0,0,0,0,0,998,0,0,0,12,6,2,12,0,0,0,1,39,44512,6,1,0,0,3,3,62,96,0,4,0,2,2,10,2009,3,2012,0,39,91,0,0,1,2,45,1,1,2,1,20,3,1,17,1,1,1,86,0,0
39,390564,1,2,1,2,7,21,32,12,6,1,0,39,1,12,881,12881,62,2000,3FDNF65A8YMA,3,F,D,N,F,6,5,A,8,Y,M,A,0,T,FORD,F6S,CC,0,17,,6,2600,1580,COF,D,,,6,439,,,,,00000,00,,42,0,99,999999999,99999999999,2,1,1,1,0,0,0,0,0,0,0,998,0,0,0,12,6,2,12,0,0,0,1,39,44720,1,1,0,0,2,0,71,170,1,0,0,0,2,2,2012,2,2012,1,36,0,0,0,1,2,45,1,1,2,1,0,0,1,6,2,2,2,71,0,1
39,390564,2,2,2,2,7,21,32,12,6,1,0,39,1,22,20,22020,4,2002,1G2WK52J42F2,1,G,2,W,K,5,2,J,4,2,F,2,0,P,PONT,GFS,4D,2,17,3384,,0,1105,,G,,F,6,191,,,15R205,,,,,,0,0,000000000,00000000000,0,0,0,1,0,0,0,0,0,0,0,998,0,0,0,9,6,2,12,0,0,0,1,39,44721,6,1,0,0,3,3,65,130,0,0,0,0,0,0,0,0,0,0,0,0,0,0,1,2,45,1,1,2,1,20,3,10,17,1,1,1,70,1,0
39,390565,1,2,2,22,5,5,45,12,6,1,0,39,3,7,24,7024,4,2012,2C3CDXBG5CH2,2,C,3,C,D,X,B,G,5,C,H,2,0,P,DODG,CGS,4D,12,17,3961,,0,1200,,F,,F,6,220,,,17R215,,,,,,0,0,000000000,00000000000,0,0,0,1,0,0,0,0,0,0,0,60,0,0,0,12,6,2,12,0,0,0,1,39,44105,6,1,0,0,3,0,71,160,1,2,0,0,1,11,2009,7,2010,1,36,39,0,0,1,4,25,1,1,2,1,3,3,1,62,1,2,1,69,1,1
39,390565,2,2,1,22,5,5,45,12,6,1,0,18,1,84,884,84884,66,2004,999999999999,9,9,9,9,9,9,9,9,9,9,9,9,1,,,,,,,,,,,,,,,,,,,,,,,,,1,57,671605,57671605,3,6,3,1,0,0,0,0,0,0,0,20,1,0,0,9,6,2,12,0,0,0,1,18,46382,6,1,6,1,3,0,71,241,0,0,0,0,0,0,0,0,0,0,0,0,0,0,1,4,25,1,1,2,2,3,3,11,15,1,2,2,68,0,0
39,390566,1,1,2,3,7,10,4,53,0,1,0,39,3,12,881,12881,61,2011,1FDUF5HT5BEC,1,F,D,U,F,5,H,T,5,B,E,C,0,T,FORD,F5D,CB,11,17,,5,2010,1410,DRW,D,,,8,409,,,,D,6945,04,Y,44,0,57,2157574,572157574,2,1,97,1,0,0,0,0,0,0,0,45,0,1,5,3,6,2,42,0,0,0,1,39,44436,6,1,0,0,3,0,70,165,0,2,0,0,0,11,2010,1,2011,0,36,0,0,0,1,2,40,1,1,2,1,0,0,1,9,8,2,4,2,1,0
39,390567,1,1,1,3,7,20,2,33,0,1,0,39,1,53,705,53705,80,1995,JS1GN72A4S21,J,S,1,G,N,7,2,A,4,S,2,1,0,M,SUZI,GX6,RC,95,17,,,,,,,599,,4,,4,438,,,,,,,0,0,000000000,00000000000,0,0,0,1,0,0,0,0,0,0,0,41,0,0,0,9,6,2,43,0,0,0,1,39,45215,6,1,0,0,3,0,70,220,1,0,0,0,0,1,2010,1,2010,1,36,0,0,0,3,2,35,4,2,2,1,0,0,14,6,2,2,5,7,1,0
39,390568,1,2,1,5,7,13,25,25,0,1,0,39,1,12,471,12471,30,2004,1FTYR14U94TA,1,F,T,Y,R,1,4,U,9,4,T,A,0,T,FORD,RNS,PC,4,17,,1,0,1257,RNG,G,,,6,182,,,,B,3864,00,U,42,0,0,000000000,00000000000,0,0,0,1,0,0,0,0,0,0,0,998,0,0,0,12,6,2,12,0,0,0,1,39,44425,6,1,0,0,3,0,68,170,0,0,0,0,0,0,0,0,0,0,0,0,0,0,3,2,65,1,2,2,1,0,0,1,62,1,1,1,98,1,0
39,390568,2,2,1,5,7,13,25,25,0,1,0,42,3,51,881,51881,66,2010,4V4NC9EJ2AN2,4,V,4,N,C,9,E,J,2,A,N,2,1,T,VOLV,VNL,TR,10,17,,8,0,0,VVN,D,,,6,793,,,,,00000,00,,64,1,57,10715,5710715,3,6,1,1,0,0,0,0,0,0,0,65,0,0,0,12,6,2,12,0,0,1,1,37,27020,6,1,6,0,3,3,68,999,0,0,0,0,0,0,0,0,0,0,6,0,0,0,3,2,65,1,2,2,1,0,0,1,10,2,2,4,6,0,0
39,390569,1,2,2,5,7,12,53,12,6,1,0,39,2,6,43,6043,4,2002,1C3EL56R92N3,1,C,3,E,L,5,6,R,9,2,N,3,0,P,CHRY,SLI,4D,2,17,3180,,0,1080,,G,,F,6,167,,,16R205,,,,,,0,0,000000000,00000000000,0,0,0,1,0,0,0,0,0,0,0,30,0,0,0,3,6,2,12,0,0,0,1,39,44805,6,1,0,0,3,0,64,180,0,1,0,0,0,9,2010,9,2010,0,0,0,0,0,1,2,55,2,5,2,1,0,0,14,10,1,1,2,64,1,0
39,390569,2,2,1,5,7,12,53,12,6,1,0,39,3,82,881,82881,66,2003,1FUJALCK33DM,1,F,U,J,A,L,C,K,3,3,D,M,1,T,FRHT,FLD,TR,3,17,,8,0,0,CON,D,,,6,858,,,,,00000,00,,64,1,99,999999999,99999999999,3,6,4,1,0,0,0,0,0,0,0,25,0,0,0,12,6,2,12,0,0,0,1,39,44281,6,1,6,0,3,0,69,185,0,0,0,0,0,0,0,0,0,0,0,0,0,0,1,2,55,2,2,2,1,0,0,14,62,2,1,1,65,0,0
39,390570,1,2,1,5,7,6,58,12,6,1,0,39,1,37,32,37032,4,1999,1HGCG1657XA0,1,H,G,C,G,1,6,5,7,X,A,0,0,P,HOND,UEX,4D,99,17,3285,,0,1069,,G,,F,6,183,,,15R205,,,,,,0,0,000000000,00000000000,0,0,0,1,0,0,0,0,0,0,0,50,0,0,0,9,6,2,12,0,0,0,1,39,43160,6,1,0,0,3,0,65,185,0,0,0,0,0,0,0,0,0,0,36,0,0,0,1,2,55,1,2,2,1,0,0,1,9,9,2,2,64,1,0
39,390570,2,2,1,5,7,6,58,12,6,1,0,39,3,12,481,12481,31,1997,1FTJW35F0VEC,1,F,T,J,W,3,5,F,0,V,E,C,0,T,FORD,F35,CW,97,17,,2,0,1680,COF,D,,,8,444,,,,D,5215,01,A,42,0,0,000000000,00000000000,0,0,0,1,0,0,0,0,0,0,0,55,0,0,0,12,6,2,12,0,0,0,1,39,43146,6,1,0,0,3,3,69,200,0,0,0,0,0,0,0,0,0,0,0,0,0,0,1,2,55,1,2,2,1,0,0,1,62,1,1,1,65,0,0
39,390571,1,1,1,5,7,11,8,42,0,1,0,39,3,98,809,98809,63,2004,2FZHAZCV34AM,2,F,Z,H,A,Z,C,V,3,4,A,M,0,T,STRG,LT9,CC,4,17,,8,0,0,STE,D,,,6,782,,,,,00000,00,,64,0,57,77146,5777146,3,2,4,1,0,0,0,0,0,0,0,50,0,1,5,12,6,2,1,0,0,0,1,39,44266,6,1,6,1,3,0,74,350,0,0,0,0,1,12,2009,12,2009,0,0,0,0,0,1,2,35,1,6,2,1,0,0,1,12,1,1,4,6,1,0
39,390572,1,2,1,6,7,16,34,12,2,1,0,39,1,49,43,49043,4,2004,4T1BF28B54U3,4,T,1,B,F,2,8,B,5,4,U,3,0,P,TOYT,UVS,4D,4,17,3417,,0,1071,,G,,F,6,183,,,15R205,,,,,,0,0,000000000,00000000000,0,0,0,1,0,0,0,0,0,0,0,55,0,0,0,12,6,2,12,0,0,0,1,39,45679,6,1,0,0,3,3,66,150,0,0,0,1,0,6,2011,6,2011,0,0,0,0,0,1,2,55,1,1,2,1,0,0,1,17,2,2,1,50,0,0
39,390572,2,2,2,6,7,16,34,12,2,1,0,39,1,22,20,22020,2,1992,1G2WJ14TXNF2,1,G,2,W,J,1,4,T,X,N,F,2,0,P,PONT,GFS,CP,92,17,3214,,0,1075,,G,,F,6,191,,,15R205,,,,,,0,0,000000000,00000000000,0,0,0,1,0,0,0,0,0,0,0,55,0,0,0,12,6,2,12,0,0,0,1,39,45166,6,1,0,0,3,0,60,140,0,0,0,0,0,0,0,0,0,0,0,0,0,0,1,2,55,1,1,2,1,0,0,1,17,1,1,1,51,1,0
39,390573,1,1,1,7,7,23,20,34,0,1,0,39,0,72,706,72706,80,2008,1HD1CZ3108K4,1,H,D,1,C,Z,3,1,0,8,K,4,0,M,HD,XLN,RS,8,17,,,,,,,1202,,2,,4,562,,,,,,,0,0,000000000,00000000000,0,0,0,1,0,0,0,0,0,0,0,998,0,0,0,3,6,2,30,0,0,0,1,39,45005,6,1,0,0,3,0,69,185,0,0,0,0,0,0,0,0,0,1,0,0,0,0,1,2,45,3,2,2,1,0,0,14,11,1,1,4,1,1,1
39,390574,1,1,1,7,7,1,45,8,0,1,0,39,1,20,421,20421,15,2001,1GNEK13T21R1,1,G,N,E,K,1,3,T,2,1,R,1,0,P,CHEV,KTA,UT,1,17,5050,,0,1160,,G,,F,8,325,,,16R245,,,,,,0,0,000000000,00000000000,0,0,0,1,0,0,0,0,0,0,0,65,0,0,0,2,4,3,8,0,0,0,1,39,44641,6,1,0,0,3,0,68,148,0,0,0,2,1,6,2010,6,2012,1,29,0,0,0,2,2,55,1,2,2,1,0,0,1,80,7,1,4,13,0,0
39,390575,1,2,1,7,7,20,50,12,6,1,0,39,1,72,706,72706,80,2012,1HD1KBM14CB6,1,H,D,1,K,B,M,1,4,C,B,6,0,M,HD,FHX,RS,12,17,,,,,,,1690,,2,,4,785,,,,,,,0,0,000000000,00000000000,0,0,0,1,0,0,0,0,0,0,0,69,0,0,0,12,6,2,12,0,0,0,1,39,44240,6,1,0,0,3,3,70,220,0,0,0,0,0,0,0,0,0,1,36,0,0,0,1,2,45,1,1,2,1,0,0,1,6,1,2,1,69,1,1
39,390575,2,2,1,7,7,20,50,12,6,1,0,39,1,12,870,12870,61,1997,1FDLE47FXVHB,1,F,D,L,E,4,7,F,X,V,H,B,0,T,FORD,CMC,YY,97,17,,4,1760,1580,CTV,D,,,8,444,,,,,4834,02,M,42,0,99,999999999,99999999999,2,1,1,1,0,0,0,0,0,0,0,10,0,0,0,3,6,2,12,0,0,0,1,39,44272,6,1,0,0,3,3,70,320,0,0,0,0,0,0,0,0,0,0,0,0,0,0,1,2,45,1,1,2,1,0,0,11,10,1,1,1,68,0,0
39,390576,1,2,3,9,7,13,55,12,6,1,0,39,2,20,20,20020,6,1997,2G1WL52M6V91,2,G,1,W,L,5,2,M,6,V,9,1,0,P,CHEV,L/S,4D,97,17,3360,,0,1075,,G,,F,6,191,,,15R205,,,,,,0,0,000000000,00000000000,0,0,0,1,0,0,0,0,0,0,0,60,0,0,0,3,6,2,12,0,0,0,1,39,43080,6,1,0,0,3,0,67,135,0,0,0,1,1,12,2011,6,2012,1,36,0,0,0,1,2,55,1,1,2,1,0,0,1,9,8,2,2,64,1,0
39,390576,2,2,1,9,7,13,55,12,6,1,0,39,3,20,444,20444,20,2007,1GBDV13W97D2,1,G,B,D,V,1,3,W,9,7,D,2,0,T,CHEV,I/C,CG,7,17,,1,0,1211,UPL,F,,,6,238,,,,,4470,00,,42,0,0,000000000,00000000000,0,0,0,1,0,0,0,0,0,0,0,40,0,0,0,12,6,2,12,0,0,0,1,39,43055,6,1,0,0,3,3,65,195,1,0,0,0,0,3,2012,3,2012,0,0,0,0,0,1,2,55,1,1,2,1,0,0,1,62,1,1,1,65,0,0
39,390577,1,2,1,9,7,17,51,12,6,1,0,39,2,7,472,7472,30,1998,1B7FL26X4WS7,1,B,7,F,L,2,6,X,4,W,S,7,0,T,DODG,DAK,PK,98,17,,1,1239,1119,DAK,G,,,6,239,,,,B,3230,01,U,42,0,0,000000000,00000000000,0,0,0,1,0,0,0,0,0,0,0,998,0,0,0,3,6,2,12,0,0,0,1,39,45011,6,1,0,0,3,3,69,150,0,0,0,0,0,0,0,0,0,0,38,0,0,0,1,2,40,1,1,2,1,0,0,11,18,1,1,1,68,0,0
39,390577,2,2,1,9,7,17,51,12,6,1,0,39,1,72,709,72709,80,2005,999999999999,9,9,9,9,9,9,9,9,9,9,9,9,0,,,,,,,,,,,,,,,,,,,,,,,,,0,0,000000000,00000000000,0,0,0,1,0,0,0,0,0,0,0,998,0,0,0,12,6,2,12,0,0,0,1,39,45011,6,1,0,0,3,3,74,290,0,0,0,0,0,0,0,0,0,0,0,0,0,0,1,2,40,1,1,2,1,0,0,1,62,1,1,1,69,1,1
39,390578,1,1,4,19,8,1,15,8,0,1,0,39,1,20,16,20016,4,1999,1G1JC5248X71,1,G,1,J,C,5,2,4,8,X,7,1,0,P,CHEV,CAV,4D,99,17,2676,,0,1041,,G,,F,4,133,,,14R195,,,,,,0,0,000000000,00000000000,0,0,0,1,0,0,0,0,0,0,0,65,0,0,0,14,4,3,8,0,0,0,1,39,44105,6,1,0,0,3,3,70,380,0,0,0,0,0,0,0,0,0,0,0,0,0,0,3,4,60,1,1,2,1,0,0,1,80,7,1,1,13,0,0
39,390579,1,1,1,25,8,0,20,42,0,1,0,39,1,18,7,18007,4,2000,2G4WS52J1Y11,2,G,4,W,S,5,2,J,1,Y,1,1,0,P,BUIC,CCU,4D,0,17,3368,,0,1090,,G,,F,6,191,,,15R205,,,,,,0,0,000000000,00000000000,0,0,0,1,0,0,0,0,0,0,0,998,0,1,5,11,6,2,2,0,0,1,1,39,44320,6,1,0,0,3,0,71,172,0,0,0,0,0,0,0,0,0,0,36,0,0,0,2,2,65,1,2,2,1,0,0,1,13,1,3,4,2,1,1
39,390580,1,1,1,1,9,0,14,9,0,1,1,39,1,37,31,37031,2,1998,1HGEJ8142WL0,1,H,G,E,J,8,1,4,2,W,L,0,0,P,HOND,UAX,CP,98,17,2507,,0,1032,,G,,F,4,097,,,14R185,,,,,,0,0,000000000,00000000000,0,0,0,1,0,0,0,0,0,0,0,60,0,0,0,1,6,2,9,0,0,0,1,39,43302,1,1,0,0,2,0,65,150,1,3,1,2,1,11,2009,8,2012,0,0,0,0,0,1,2,55,1,1,2,1,0,0,6,83,1,1,2,13,0,0
39,390581,1,1,1,10,7,14,30,1,0,1,0,39,1,37,705,37705,80,2002,JH2PC35022M3,J,H,2,P,C,3,5,0,2,2,M,3,0,M,HOND,CF4,RC,2,17,,,,,,,599,,4,,4,370,,,,,,,0,0,000000000,00000000000,0,0,0,1,0,0,0,0,0,0,0,67,0,0,0,0,2,3,24,0,0,0,1,39,44320,6,1,0,0,3,0,69,180,0,0,0,1,1,6,2012,6,2012,9,0,0,0,0,2,2,55,1,1,1,1,0,0,1,98,99,9,3,98,1,0
39,390582,1,1,5,10,7,20,38,34,0,1,0,39,2,2,404,2404,14,1994,1J4GZ58S5RC2,1,J,4,G,Z,5,8,S,5,R,C,2,0,T,JEEP,LRO,4W,94,17,,1,0,1059,GCK,G,,,6,242,,,,,3552,00,B,44,0,0,000000000,00000000000,0,0,0,1,0,0,0,0,0,0,0,998,0,0,0,12,6,2,42,0,0,0,1,39,43551,6,1,0,0,3,3,64,160,3,0,0,0,0,4,2011,10,2011,1,36,0,0,0,1,2,50,1,1,2,1,0,0,1,6,9,2,4,2,1,0
39,390583,1,1,1,12,7,15,21,34,0,1,0,39,1,37,706,37706,80,2002,1HFSC18092A6,1,H,F,S,C,1,8,0,9,2,A,6,0,M,HOND,VT1,RS,2,17,,,,,,,1099,,2,,4,553,,,,,,,0,0,000000000,00000000000,0,0,0,1,0,0,0,0,0,0,0,998,0,0,0,12,6,2,1,0,0,0,1,39,45652,6,1,0,0,3,0,70,180,0,0,0,0,0,0,0,0,0,1,0,0,0,0,1,2,55,3,2,2,1,40,3,14,13,2,1,4,1,1,0
39,390584,1,2,1,12,7,22,48,12,2,1,0,18,3,7,26,7026,4,2012,1C3CDZAB9CN1,1,C,3,C,D,Z,A,B,9,C,N,1,0,P,DODG,AVN,4D,12,17,3394,,0,1089,,G,,F,4,146,,,17R215,,,,,,0,0,000000000,00000000000,0,0,0,1,0,0,0,0,0,0,0,55,0,0,0,12,6,2,12,0,0,0,1,39,44044,6,1,0,0,3,0,69,160,0,0,0,1,0,4,2011,4,2011,0,51,0,0,0,1,2,55,1,2,2,1,0,0,1,10,1,1,2,50,0,1
39,390584,2,2,1,12,7,22,48,12,2,1,0,39,1,30,42,30042,1,1986,WVWCA0152GK0,W,V,W,C,A,0,1,5,2,G,K,0,0,P,VOLK,CAB,CV,86,17,2254,,0,945,,G,,F,4,109,,,13R175,,,,,,0,0,000000000,00000000000,0,0,0,1,0,0,0,0,0,0,0,998,0,0,0,12,6,2,12,0,0,0,1,39,44090,6,1,0,0,3,3,72,230,0,0,0,0,0,0,0,0,0,0,0,0,0,0,1,2,55,1,2,2,1,0,0,1,62,1,1,1,51,1,0
39,390585,1,2,4,13,7,3,12,12,1,1,0,26,2,12,23,12023,4,2007,3FAHP01167R1,3,F,A,H,P,0,1,1,6,7,R,1,0,P,FORD,FAE,4D,7,17,0,,0,1074,,G,,F,6,183,,,16R205,,,,,,0,0,000000000,00000000000,0,0,0,1,0,0,0,0,0,0,0,998,0,0,0,12,6,2,43,0,0,0,1,26,48336,6,1,0,0,3,3,78,292,0,0,0,0,0,0,0,0,0,0,0,0,0,0,3,3,55,1,1,2,1,0,0,1,18,1,1,1,98,1,0
39,390585,2,2,1,13,7,3,12,12,1,1,0,39,1,49,471,49471,30,1986,JT4RN55R7G01,J,T,4,R,N,5,5,R,7,G,0,1,0,T,TOYT,55R,PK,86,17,,1,0,1122,HTP,G,,,4,144,,,,B,2631,01,A,42,0,0,000000000,00000000000,0,0,0,1,0,0,0,0,0,0,0,0,0,0,0,6,6,2,12,0,0,0,1,39,45013,6,1,0,0,3,3,71,177,1,0,0,0,1,9,2011,10,2011,0,0,0,0,0,3,3,55,1,1,2,1,0,0,5,18,1,1,1,98,0,0
39,390586,1,3,2,13,7,17,14,12,8,1,0,39,1,22,16,22016,2,1998,1G2JB1249W75,1,G,2,J,B,1,2,4,9,W,7,5,0,P,PONT,SFS,CP,98,17,2637,,0,1041,,G,,F,4,133,,,14R195,,,,,,0,0,000000000,00000000000,0,0,0,1,0,0,0,0,0,0,0,40,0,0,0,8,6,2,12,0,0,0,1,39,45130,6,1,0,0,3,0,69,195,1,3,1,1,2,6,2010,11,2011,1,51,0,0,0,1,4,55,2,2,2,2,0,0,14,6,2,2,2,64,2,0
39,390586,2,3,1,13,7,17,14,12,8,1,0,37,3,84,884,84884,66,2002,1HSHCAHR42H3,1,H,S,H,C,A,H,R,4,2,H,3,1,T,INTL,810,TR,2,17,,8,2560,1440,80S,D,,,6,661,,,,,00000,00,,64,1,57,121018,57121018,3,6,1,1,0,0,0,0,0,0,0,30,0,0,0,9,2,1,12,0,0,0,1,21,40509,6,1,6,1,3,3,68,220,0,0,0,0,0,0,0,0,0,0,0,0,0,0,1,4,55,2,2,2,2,0,0,14,62,1,1,1,65,0,0
39,390586,3,3,1,13,7,17,14,12,8,1,0,39,1,12,481,12481,31,2003,1FTNW21L93ED,1,F,T,N,W,2,1,L,9,3,E,D,0,T,FORD,F2S,CW,3,17,,2,1724,1562,SRW,G,,,8,330,,,,C,5870,04,E,44,0,0,000000000,00000000000,0,0,0,1,0,0,0,0,0,0,0,35,0,0,0,12,6,2,12,0,0,0,1,39,45693,6,1,6,1,3,0,70,220,0,0,0,0,0,0,0,0,0,1,0,0,0,0,1,4,55,2,2,2,2,0,0,14,62,1,1,1,98,0,0
39,390587,1,2,2,13,7,13,11,12,6,1,0,39,2,37,402,37402,14,2001,JHLRD174X1S0,J,H,L,R,D,1,7,4,X,1,S,0,0,P,HOND,CRV,UT,1,17,3210,,0,1032,,G,,F,4,120,,,15R205,,,,,,0,0,000000000,00000000000,0,0,0,1,0,0,0,0,0,0,0,5,0,0,0,9,6,2,12,0,0,0,1,39,45701,6,1,0,0,3,0,69,180,0,0,0,0,0,0,0,0,0,0,0,0,0,0,1,2,55,1,1,2,1,0,0,11,17,1,1,1,82,0,0
39,390587,2,2,1,13,7,13,11,12,6,1,0,39,1,76,703,76703,80,2000,JYA4BEE09YA0,J,Y,A,4,B,E,E,0,9,Y,A,0,0,M,YAMA,T25,T,0,17,,,,,,,223,,1,,4,999,,,,,,,0,0,000000000,00000000000,0,0,0,1,0,0,0,0,0,0,0,998,0,0,0,12,6,2,12,0,0,0,1,39,43028,3,1,0,0,2,3,68,130,0,1,0,0,0,11,2010,11,2010,0,27,0,0,0,1,2,55,1,1,2,1,0,0,6,17,1,1,2,83,1,0
39,390588,1,1,1,13,7,5,37,43,0,1,0,39,1,20,20,20020,4,1999,2G1WL52M1X91,2,G,1,W,L,5,2,M,1,X,9,1,0,P,CHEV,L/S,4D,99,17,3330,,0,1075,,G,,F,6,191,,,15R205,,,,,,0,0,000000000,00000000000,0,0,0,1,0,0,0,0,0,0,0,998,0,0,0,2,6,2,30,0,0,0,1,39,45840,6,1,0,0,3,3,74,260,0,0,0,0,0,0,0,0,0,0,0,0,0,0,1,2,45,1,1,2,1,0,0,1,13,2,1,4,1,1,0
39,390589,1,2,1,12,9,12,33,12,8,1,0,39,2,6,54,6054,6,2004,2C8GM684X4R3,2,C,8,G,M,6,8,4,X,4,R,3,0,P,CHRY,PIF,UT,4,17,4334,,0,1163,,G,,F,6,214,,,17R235,,,,,,0,0,000000000,00000000000,0,0,0,1,0,0,0,0,0,0,0,50,1,0,0,11,6,2,12,0,0,0,1,39,45251,1,1,0,0,2,0,67,125,2,8,0,3,0,11,2009,9,2012,0,28,0,0,0,1,4,35,4,2,1,1,0,0,14,10,1,1,2,64,1,0
39,390589,2,2,3,12,9,12,33,12,8,1,0,39,3,12,461,12461,21,2002,999999999999,9,9,9,9,9,9,9,9,9,9,9,9,0,,,,,,,,,,,,,,,,,,,,,,,,,0,0,000000000,00000000000,0,0,0,1,0,0,0,0,0,0,0,35,0,0,0,11,6,2,12,0,0,0,1,39,45239,6,1,0,0,3,0,71,190,0,0,0,0,0,0,0,0,0,0,0,0,0,0,1,4,35,4,2,1,1,0,0,14,62,1,1,1,65,0,0
39,390590,1,1,1,15,2,6,13,8,0,1,0,39,3,82,881,82881,62,2007,1FVACWCS47HY,1,F,V,A,C,W,C,S,4,7,H,Y,0,T,FRHT,16M,CC,7,17,,6,0,0,FM2,D,,,6,391,,,,,00000,00,,42,0,57,567682,57567682,2,1,1,1,0,0,0,0,0,0,0,5,0,0,0,12,0,1,8,0,0,0,1,39,45872,1,1,0,0,2,3,71,200,0,1,0,0,0,2,2012,2,2012,0,0,0,0,0,2,3,55,1,1,2,1,0,0,11,80,1,1,1,13,0,0
39,390591,1,1,3,20,4,22,52,14,0,1,0,39,3,12,24,12024,6,2008,2FMDK36C08BA,2,F,M,D,K,3,6,C,0,8,B,A,0,P,FORD,EDG,UT,8,17,4073,,0,1112,,G,,F,6,214,,,17R235,,,,,,0,0,000000000,00000000000,0,0,0,1,0,0,0,0,0,0,0,74,0,0,0,12,6,2,14,0,0,0,1,39,44070,6,1,0,0,3,0,67,135,0,0,0,0,0,0,0,0,0,1,26,0,0,0,3,6,70,1,2,2,2,0,0,1,12,1,1,5,11,0,0
39,390592,1,1,1,14,7,6,28,42,0,1,0,39,1,12,17,12017,4,2003,1FAFP55S83A1,1,F,A,F,P,5,5,S,8,3,A,1,0,P,FORD,TSS,4D,3,17,3329,,0,1085,,G,,F,6,182,,,16R215,,,,,,0,0,000000000,00000000000,0,0,0,1,0,0,0,0,0,0,0,998,0,0,0,3,6,2,42,0,0,0,1,39,45167,6,1,0,0,3,0,70,150,2,2,0,2,2,9,2010,8,2011,0,0,0,0,0,1,2,55,1,1,2,1,0,0,1,9,6,2,5,1,1,0
39,390593,1,3,1,15,7,11,40,33,0,1,0,39,2,6,43,6043,1,2004,1C3EL65R54N1,1,C,3,E,L,6,5,R,5,4,N,1,0,P,CHRY,SLT,CV,4,17,3380,,0,1060,,G,,F,6,167,,,16R205,,,,,,0,0,000000000,00000000000,0,0,0,1,0,0,0,0,0,0,0,998,0,0,0,12,6,2,12,0,0,0,1,39,45431,1,1,0,0,2,3,71,150,0,1,0,0,1,3,2010,4,2010,1,36,0,0,0,3,3,50,2,2,2,1,0,0,14,6,8,2,4,2,1,1
39,390593,2,3,3,15,7,11,40,33,0,1,0,39,1,20,481,20481,31,2002,1GCEC14W32Z2,1,G,C,E,C,1,4,W,3,2,Z,2,0,T,CHEV,SC1,PK,2,17,,2,1330,1190,SIL,G,,,6,262,,,,B,4073,01,,42,0,0,000000000,00000000000,0,0,0,1,0,0,0,0,0,0,0,55,0,0,0,12,6,2,12,0,0,0,1,39,45432,6,1,0,0,3,0,70,250,0,0,0,0,0,0,0,0,0,1,0,0,0,0,3,3,50,2,2,2,1,0,0,14,62,1,1,1,98,0,0