STATE,ST_CASE,VEH_NO,VE_FORMS,NUMOCCS,DAY,MONTH,HOUR,MINUTE,HARM_EV,MAN_COLL,UNITTYPE,HIT_RUN,REG_STAT,OWNER,MAKE,MODEL,MAK_MOD,BODY_TYP,MOD_YEAR,VIN,VIN_1,VIN_2,VIN_3,VIN_4,VIN_5,VIN_6,VIN_7,VIN_8,VIN_9,VIN_10,VIN_11,VIN_12,TOW_VEH,VINTYPE,VINMAKE,VINA_MOD,VIN_BT,VINMODYR,VIN_LNGT,VIN_WGT,WGTCD_TR,WHLBS_LG,WHLBS_SH,SER_TR,FUELCODE,MCYCL_DS,CARBUR,CYLINDER,DISPLACE,MCYCL_CY,MCYCL_WT,TIRE_SZE,TON_RAT,TRK_WT,TRKWTVAR,VIN_REST,WHLDRWHL,J_KNIFE,MCARR_I1,MCARR_I2,MCARR_ID,GVWR,V_CONFIG,CARGO_BT,HAZ_INV,HAZ_PLAC,HAZ_ID,HAZ_CNO,HAZ_REL,BUS_USE,SPEC_USE,EMER_USE,TRAV_SP,UNDERIDE,ROLLOVER,ROLINLOC,IMPACT1,DEFORMED,TOWED,M_HARM,VEH_SC1,VEH_SC2,FIRE_EXP,DR_PRES,L_STATE,DR_ZIP,L_STATUS,L_TYPE,CDL_STAT,L_ENDORS,L_COMPL,L_RESTRI,DR_HGT,DR_WGT,PREV_ACC,PREV_SUS,PREV_DWI,PREV_SPD,PREV_OTH,FIRST_MO,FIRST_YR,LAST_MO,LAST_YR,SPEEDREL,DR_SF1,DR_SF2,DR_SF3,DR_SF4,VTRAFWAY,VNUM_LAN,VSPD_LIM,VALIGN,VPROFILE,VPAVETYP,VSURCOND,VTRAFCON,VTCONT_F,P_CRASH1,P_CRASH2,P_CRASH3,PCRASH4,PCRASH5,ACC_TYPE,DEATHS,DR_DRINK
39,390629,1,1,4,22,7,1,7,42,0,1,0,39,1,20,2,20002,4,2000,2G1WF52E8Y91,2,G,1,W,F,5,2,E,8,Y,9,1,0,P,CHEV,IMP,4D,0,17,3389,,0,1110,,G,,F,6,207,,,16R225,,,,,,0,0,000000000,00000000000,0,0,0,1,0,0,0,0,0,0,0,998,0,1,5,13,6,2,1,0,0,0,1,39,44320,6,1,0,0,3,0,70,165,0,1,0,1,0,10,2011,10,2011,0,36,0,0,0,1,2,30,4,1,2,1,0,0,14,9,2,2,4,2,2,1
39,390630,1,1,1,22,7,16,42,59,0,1,0,39,1,7,471,7471,30,1991,1B7KM2682MS2,1,B,7,K,M,2,6,8,2,M,S,2,0,T,DODG,W20,PK,91,17,,2,0,1310,W20,D,,,6,359,,,,C,4155,02,A,44,0,0,000000000,00000000000,0,0,0,1,0,0,0,0,0,0,0,40,0,1,5,12,6,2,42,0,0,0,1,39,44216,6,1,0,0,3,3,70,225,0,0,0,0,0,0,0,0,0,0,36,0,0,0,1,2,45,1,1,2,1,0,0,1,11,1,2,4,2,1,0
39,390631,1,1,1,22,7,8,50,34,0,1,0,39,1,12,442,12442,20,2003,2FMZA51463BB,2,F,M,Z,A,5,1,4,6,3,B,B,0,T,FORD,WLX,ES,3,17,,1,0,1207,WIN,G,,,6,232,,,,B,3762,00,E,42,0,0,000000000,00000000000,0,0,0,1,0,0,0,0,0,0,0,998,0,1,5,9,6,2,1,0,0,0,1,39,43612,6,1,0,0,3,0,71,270,1,2,0,2,0,3,2010,8,2011,0,0,0,0,0,1,2,55,1,2,2,1,0,0,1,9,8,2,4,1,1,0
39,390632,1,1,2,22,7,22,53,9,0,1,0,39,2,55,401,55401,14,2003,KM8SC13D33U3,K,M,8,S,C,1,3,D,3,3,U,3,0,P,HYUN,SAN,UT,3,17,3549,,0,1031,,G,,F,6,162,,,16R225,,,,,,0,0,000000000,00000000000,0,0,0,1,0,0,0,0,0,0,0,50,0,0,0,12,6,2,9,0,0,0,1,39,43026,6,1,0,0,3,0,70,165,0,1,0,1,0,10,2011,11,2011,0,0,0,0,0,1,4,45,1,1,2,1,20,3,1,17,1,1,1,13,0,1
39,390633,1,2,1,23,7,16,46,12,6,1,0,39,2,63,401,63401,14,2008,KNDJF7244875,K,N,D,J,F,7,2,4,4,8,7,5,0,P,KIA,SPO,UT,8,17,3230,,0,1035,,G,,F,4,122,,,16R215,,,,,,0,0,000000000,00000000000,0,0,0,1,0,0,0,0,0,0,0,50,0,0,0,12,6,2,12,0,0,0,1,39,45806,6,1,0,0,3,0,63,137,0,0,0,0,0,0,0,0,0,0,0,0,0,0,1,2,55,1,1,2,1,0,0,1,66,1,1,1,88,0,0
39,390633,2,2,2,23,7,16,46,12,6,1,0,39,1,18,401,18401,14,2003,3G5DA03E93S5,3,G,5,D,A,0,3,E,9,3,S,5,0,P,BUIC,RZV,UT,3,17,4024,,0,1122,,G,,F,6,204,,,16R215,,,,,,0,0,000000000,00000000000,0,0,0,1,0,0,0,0,0,0,0,5,0,0,0,9,6,2,12,0,0,0,1,39,45806,6,1,0,0,3,3,72,220,0,0,0,0,0,0,0,0,0,0,38,0,0,0,1,2,55,1,1,2,1,20,3,1,17,2,1,1,89,1,1
39,390634,1,1,1,23,7,18,56,33,0,1,0,39,3,76,709,76709,80,2008,JYAVG04E58A0,J,Y,A,V,G,0,4,E,5,8,A,0,0,M,YAMA,XV2,RS,8,17,,,,,,,249,,2,,4,302,,,,,,,0,0,000000000,00000000000,0,0,0,1,0,0,0,0,0,0,0,998,0,0,0,12,6,8,1,0,0,0,1,39,43119,0,0,0,0,0,0,999,999,0,0,0,0,0,0,0,0,0,0,36,0,0,0,1,2,25,3,1,2,1,0,0,14,8,1,2,4,2,1,0
39,390635,1,2,2,24,7,11,2,12,1,1,0,39,2,12,402,12402,14,2010,1FMCU9EG0AKD,1,F,M,C,U,9,E,G,0,A,K,D,0,P,FORD,SPE,UT,10,17,3504,,0,1031,,F,,F,6,183,,,16R235,,,,,,0,0,000000000,00000000000,0,0,0,1,0,0,0,0,0,0,0,65,0,0,0,12,6,2,12,0,0,0,1,39,44287,6,1,0,0,3,0,72,200,1,0,0,0,0,11,2010,11,2010,0,0,0,0,0,2,3,65,1,1,2,1,0,0,1,18,1,1,1,93,0,0
39,390635,2,2,4,24,7,11,2,12,1,1,0,39,2,22,403,22403,14,2006,2CKDL63F9661,2,C,K,D,L,6,3,F,9,6,6,1,0,P,PONT,TOR,UT,6,17,3660,,0,1125,,G,,F,6,207,,,16R235,,,,,,0,0,000000000,00000000000,0,0,0,1,0,0,0,0,0,0,0,998,0,0,0,6,6,2,12,0,0,0,1,39,44129,6,1,0,0,3,3,72,265,0,1,0,0,1,12,2011,12,2011,0,31,0,0,0,2,3,65,1,1,2,1,0,0,13,98,1,1,1,92,1,0
39,390636,1,2,2,24,7,9,5,12,6,1,0,26,2,7,472,7472,30,2005,999999999999,9,9,9,9,9,9,9,9,9,9,9,9,0,,,,,,,,,,,,,,,,,,,,,,,,,0,0,000000000,00000000000,0,0,0,1,0,0,0,0,0,0,0,998,0,1,6,10,6,2,12,0,0,0,1,26,49232,6,1,0,0,3,3,70,215,0,0,0,0,0,0,0,0,0,0,0,0,0,0,1,2,55,1,1,2,2,0,0,1,66,1,1,1,90,1,0
39,390636,2,2,2,24,7,9,5,12,6,1,0,39,2,20,2,20002,4,2006,2G1WT58K4694,2,G,1,W,T,5,8,K,4,6,9,4,0,P,CHEV,IMT,4D,6,17,3477,,0,1105,,F,,F,6,214,,,16R225,,,,,,0,0,000000000,00000000000,0,0,0,1,0,0,0,0,0,0,0,998,0,0,0,12,6,2,12,0,0,0,1,39,43506,6,1,0,0,3,0,61,125,0,0,0,0,0,0,0,0,0,0,39,0,0,0,1,2,55,1,1,2,2,20,3,1,17,1,1,1,90,0,0
39,390637,1,1,1,24,7,14,14,10,0,1,0,39,1,12,15,12015,2,1994,1FAPP31X0RK1,1,F,A,P,P,3,1,X,0,R,K,1,0,P,FORD,TGL,2D,94,17,2511,,0,999,,G,,F,4,141,,,14R185,,,,,,0,0,000000000,00000000000,0,0,0,1,0,0,0,0,0,0,0,998,0,0,0,3,6,2,10,0,0,0,1,39,44867,6,1,0,0,3,0,65,250,0,0,0,0,0,0,0,0,0,1,38,0,0,0,1,2,25,1,1,2,1,65,3,1,18,1,1,1,15,1,0
39,390638,1,1,1,22,7,12,57,33,0,1,0,39,2,14,17,14017,4,2002,1MEFM50U92A6,1,M,E,F,M,5,0,U,9,2,A,6,0,P,MERC,SGP,4D,2,17,3379,,0,1085,,G,,F,6,182,,,16R215,,,,,,0,0,000000000,00000000000,0,0,0,1,0,0,0,0,0,0,0,35,0,0,0,2,6,2,8,0,0,0,1,39,45405,6,1,0,0,3,0,69,172,0,0,0,0,0,0,0,0,0,0,36,0,0,0,1,4,98,1,2,2,1,0,0,1,18,1,2,4,98,0,1
39,390639,1,1,1,25,7,22,41,30,0,1,0,39,1,72,709,72709,80,1999,999999999999,9,9,9,9,9,9,9,9,9,9,9,9,0,,,,,,,,,,,,,,,,,,,,,,,,,0,0,000000000,00000000000,0,0,0,1,0,0,0,0,0,0,0,998,0,0,0,12,6,2,30,0,0,0,1,39,43302,6,1,0,0,3,0,68,165,0,2,1,0,0,3,2011,5,2011,0,0,0,0,0,1,2,55,2,1,2,1,0,0,14,13,2,1,4,1,1,1
39,390640,1,1,1,26,7,23,30,32,0,1,0,39,1,12,481,12481,31,1999,1FTRX18L4XNC,1,F,T,R,X,1,8,L,4,X,N,C,0,T,FORD,F15,4C,99,17,,2,1574,1388,COF,G,,,8,330,,,,B,00000,00,U,44,0,0,000000000,00000000000,0,0,0,1,0,0,0,0,0,0,0,55,0,0,0,12,6,2,32,0,0,0,1,39,44483,6,1,0,0,3,3,72,250,0,3,0,0,2,3,2011,11,2011,0,0,0,0,0,2,2,55,1,2,2,1,0,0,1,13,1,1,4,1,1,0
39,390641,1,1,3,26,7,15,46,30,0,1,0,39,2,20,22,20022,4,2007,1G1AK55FX772,1,G,1,A,K,5,5,F,X,7,7,2,0,P,CHEV,BLS,4D,7,17,3216,,0,1033,,G,,F,4,134,,,15R195,,,,,,0,0,000000000,00000000000,0,0,0,1,0,0,0,0,0,0,0,91,0,1,5,3,6,2,30,0,0,0,1,39,43338,6,1,0,0,3,3,60,95,0,0,0,0,0,0,0,0,0,1,36,0,0,0,1,2,55,1,2,2,1,0,0,1,6,2,2,4,2,1,0
39,390642,1,2,1,26,7,16,58,12,6,1,0,39,2,53,404,53404,14,2003,JS3TX92V0341,J,S,3,T,X,9,2,V,0,3,4,1,0,P,SUZI,XL7,UT,3,17,3533,,0,1102,,G,,F,6,167,,,16R235,,,,,,0,0,000000000,00000000000,0,0,0,1,0,0,0,0,0,0,0,998,0,0,0,9,6,2,12,0,0,0,1,12,32256,6,1,0,0,3,3,73,999,0,0,0,0,0,0,0,0,0,0,38,0,0,0,1,2,55,1,1,2,1,0,0,11,18,1,1,2,68,0,0
39,390642,2,2,1,26,7,16,58,12,6,1,0,39,1,34,706,34706,80,1984,WB1044805E61,W,B,1,0,4,4,8,0,5,E,6,1,0,M,BMW,R8T,RS,84,17,,,,,,,798,,2,,4,472,,,,,,,0,0,000000000,00000000000,0,0,0,1,0,0,0,0,0,0,0,998,0,0,0,12,6,2,12,0,0,0,1,39,44680,1,1,0,0,2,0,70,210,0,0,1,0,2,10,2009,10,2009,0,0,0,0,0,1,2,55,1,1,2,1,0,0,1,72,1,1,1,69,1,1
39,390643,1,1,3,26,7,19,57,42,0,1,0,39,1,20,2,20002,4,2009,2G1WT57K3911,2,G,1,W,T,5,7,K,3,9,1,1,0,P,CHEV,ILT,4D,9,17,3555,,0,1105,,F,,F,6,214,,,16R225,,,,,,0,0,000000000,00000000000,0,0,0,1,0,0,0,0,0,0,0,998,0,0,0,9,6,2,42,0,0,0,1,39,45682,6,1,0,0,3,3,72,230,1,0,0,1,0,8,2009,12,2010,1,36,0,0,0,1,2,55,3,2,2,2,0,0,14,13,2,2,4,2,2,0
39,390644,1,1,1,22,7,20,55,42,0,1,0,39,1,76,709,76709,80,2002,999999999999,9,9,9,9,9,9,9,9,9,9,9,9,0,,,,,,,,,,,,,,,,,,,,,,,,,0,0,000000000,00000000000,0,0,0,1,0,0,0,0,0,0,0,35,0,0,0,12,6,2,42,0,0,0,1,39,44278,6,1,0,0,3,0,75,240,0,0,0,0,0,0,0,0,0,0,0,0,0,0,1,2,35,1,1,2,1,0,0,1,13,1,1,4,1,1,1
39,390646,1,2,2,30,8,9,46,12,6,1,0,26,2,35,47,35047,4,2011,1N4AL2AP7BN4,1,N,4,A,L,2,A,P,7,B,N,4,0,P,NISS,ATS,4D,11,17,3180,,0,1093,,G,,F,4,153,,,16R215,,,,,,0,0,000000000,00000000000,0,0,0,1,0,0,0,0,0,0,0,43,0,0,0,12,6,2,12,0,0,0,1,39,44870,6,1,0,0,3,0,65,250,0,2,0,0,1,1,2010,4,2010,0,38,0,0,0,1,2,55,1,1,2,1,20,3,1,17,1,1,1,88,0,0
39,390646,2,2,1,30,8,9,46,12,6,1,0,39,1,7,472,7472,30,2002,1B7GL32X62S6,1,B,7,G,L,3,2,X,6,2,S,6,0,T,DODG,DSX,PC,2,17,,1,0,1309,DAK,G,,,6,239,,,,B,3538,02,E,42,0,0,000000000,00000000000,0,0,0,1,0,0,0,0,0,0,0,52,0,1,5,9,6,2,12,0,0,0,1,39,44820,6,1,0,0,3,3,72,200,0,0,0,0,0,0,0,0,0,0,0,0,0,0,1,2,55,1,1,2,1,0,0,1,66,1,1,1,89,1,0
39,390647,1,1,2,28,7,16,15,30,0,1,0,39,2,53,706,53706,80,2007,JS1VS56A1721,J,S,1,V,S,5,6,A,1,7,2,1,0,M,SUZI,VZ8,RS,7,17,,,,,,,819,,2,,4,544,,,,,,,0,0,000000000,00000000000,0,0,0,1,0,0,0,0,0,0,0,50,0,0,0,2,6,2,24,0,0,0,1,39,43103,6,1,0,0,3,0,71,290,0,0,0,0,0,0,0,0,0,0,36,0,0,0,2,2,55,2,1,2,1,0,0,14,8,1,2,5,2,1,0
39,390648,1,1,1,28,7,21,23,1,0,1,0,39,1,76,706,76706,80,2003,JYAVP11E73A0,J,Y,A,V,P,1,1,E,7,3,A,0,0,M,YAMA,XVA,RS,3,17,,,,,,,1063,,2,,4,600,,,,,,,0,0,000000000,00000000000,0,0,0,1,0,0,0,0,0,0,0,998,0,0,0,0,4,3,1,0,0,0,1,39,44010,6,1,0,0,3,3,68,180,1,0,0,0,0,3,2011,3,2011,0,83,0,0,0,1,2,55,1,1,2,1,0,0,1,98,2,1,2,98,1,0
39,390649,1,2,1,28,7,13,19,12,2,1,0,39,2,22,18,22018,2,1995,1G2NE15D3SM6,1,G,2,N,E,1,5,D,3,S,M,6,0,P,PONT,GAS,CP,95,17,2881,,0,1034,,G,,F,4,138,,,14R195,,,,,,0,0,000000000,00000000000,0,0,0,1,0,0,0,0,0,0,0,30,0,0,0,12,6,2,12,0,0,0,1,39,45013,6,1,0,0,3,3,73,180,0,0,0,0,0,0,0,0,0,0,51,0,0,0,2,2,35,1,1,2,1,0,0,1,10,1,1,2,50,1,0
39,390649,2,2,3,28,7,13,19,12,2,1,0,39,1,20,421,20421,15,2005,1GNEK13T15J1,1,G,N,E,K,1,3,T,1,5,J,1,0,P,CHEV,KTA,UT,5,17,5192,,0,1160,,G,,F,8,325,,,16R265,,,,,,0,0,000000000,00000000000,0,0,0,1,0,0,0,0,0,0,0,30,0,0,0,12,6,2,12,0,0,0,1,39,45013,6,1,0,0,3,3,66,140,0,0,0,0,0,0,0,0,0,0,0,0,0,0,2,2,35,1,1,2,1,0,0,1,62,1,1,1,51,0,0
39,390650,1,2,1,30,7,9,26,12,2,1,0,39,1,24,1,24001,4,1994,1G8ZK5571RZ2,1,G,8,Z,K,5,5,7,1,R,Z,2,0,P,STRN,SL2,4D,94,17,2338,,0,1024,,G,,F,4,116,,,15R195,,,,,,0,0,000000000,00000000000,0,0,0,1,0,0,0,0,0,0,0,998,0,0,0,12,6,2,12,0,0,0,1,39,44903,6,1,0,0,3,3,65,200,0,0,0,0,0,0,0,0,0,0,51,0,0,0,1,2,55,1,3,2,1,0,0,1,10,1,1,2,50,1,0
39,390650,2,2,1,30,7,9,26,12,2,1,0,39,3,86,882,86882,63,2006,1M2AC08C76M0,1,M,2,A,C,0,8,C,7,6,M,0,0,T,MACK,LE6,GG,6,17,,8,0,0,600,D,,,6,728,,,,,00000,00,,64,0,57,330912,57330912,3,2,7,1,0,0,0,0,0,0,0,25,0,0,0,12,6,2,12,0,0,0,1,39,44905,6,1,6,1,3,0,68,225,1,0,0,0,0,2,2010,2,2010,0,0,0,0,0,1,2,55,1,3,2,1,0,0,1,62,1,1,1,51,0,0
39,390651,1,2,2,1,8,11,30,12,2,1,0,39,1,22,22,22022,4,2007,1G2ZG58NX742,1,G,2,Z,G,5,8,N,X,7,4,2,0,P,PONT,6BS,4D,7,17,3305,,0,1123,,G,,F,6,214,,,17R225,,,,,,0,0,000000000,00000000000,0,0,0,1,0,0,0,0,0,0,0,998,0,0,0,12,6,2,12,0,0,0,1,39,44644,6,1,0,0,3,0,66,155,0,0,0,1,0,5,2012,5,2012,0,0,0,0,0,1,2,55,1,1,2,1,0,0,1,62,1,1,1,51,1,0
39,390651,2,2,1,1,8,11,30,12,2,1,0,39,1,20,481,20481,31,1996,1GCEK14RXTE1,1,G,C,E,K,1,4,R,X,T,E,1,0,T,CHEV,GK1,PK,96,17,,2,1315,1175,GM4,G,,,8,350,,,,B,4210,01,,44,0,0,000000000,00000000000,0,0,0,1,0,0,0,0,0,0,0,998,0,0,0,12,6,2,12,0,0,0,1,39,44644,6,1,0,0,3,3,73,205,0,0,0,0,0,0,0,0,0,0,51,0,0,0,1,2,55,1,1,2,1,0,0,1,10,1,1,2,50,0,0
39,390652,1,2,2,1,8,13,20,12,8,1,0,39,1,23,441,23441,20,1994,1GKEL19W8RB5,1,G,K,E,L,1,9,W,8,R,B,5,0,T,GMC,SXT,ES,94,17,,2,0,1110,SAF,G,,,6,262,,,,B,00000,00,B,44,0,0,000000000,00000000000,0,0,0,1,0,0,0,0,0,0,0,50,0,0,0,10,6,2,12,0,0,0,1,39,44615,6,1,0,0,3,0,68,137,1,0,0,0,1,11,2010,4,2012,0,51,0,0,0,1,2,55,3,2,2,1,0,0,14,10,1,1,2,64,0,0
39,390652,2,2,1,1,8,13,20,12,8,1,0,39,2,2,403,2403,14,2000,1J4FA49S8YP7,1,J,4,F,A,4,9,S,8,Y,P,7,0,T,JEEP,SPW,2W,0,17,,1,0,934,W/T,G,,,6,244,,,,,3195,00,U,44,0,0,000000000,00000000000,0,0,0,1,0,0,0,0,0,0,0,998,0,1,6,8,6,2,1,0,0,0,1,39,44615,6,1,0,0,3,0,65,200,0,0,0,0,1,12,2009,12,2009,0,0,0,0,0,1,2,55,3,2,2,1,0,0,14,62,1,1,1,65,1,0
39,390654,1,1,1,4,8,6,11,34,0,1,0,39,1,20,401,20401,14,1998,1GNCT18W5WK2,1,G,N,C,T,1,8,W,5,W,K,2,0,P,CHEV,BZR,UT,98,17,3874,,0,1005,,G,,F,6,262,,,15R235,,,,,,0,0,000000000,00000000000,0,0,0,1,0,0,0,0,0,0,0,998,0,1,5,12,6,2,1,0,0,0,1,39,45304,6,1,0,0,3,3,75,230,0,0,0,0,0,0,0,0,0,0,36,0,0,0,1,2,55,1,1,2,1,0,0,1,9,2,2,5,7,1,0
39,390655,1,1,1,4,8,20,40,43,0,1,0,39,1,73,706,73706,80,2001,JKBVNAL111A0,J,K,B,V,N,A,L,1,1,1,A,0,0,M,KAWK,V5L,RS,1,17,,,,,,,1500,,2,,4,739,,,,,,,0,0,000000000,00000000000,0,0,0,1,0,0,0,0,0,0,0,998,0,0,0,2,6,2,30,0,0,0,1,39,43718,6,1,0,0,3,0,71,175,0,0,0,0,0,0,0,0,0,1,0,0,0,0,1,2,55,3,1,2,1,0,0,14,13,1,1,4,1,1,1
39,390657,1,2,1,6,8,14,43,12,6,1,0,39,1,20,471,20471,30,2003,1GCCS19X3381,1,G,C,C,S,1,9,X,3,3,8,1,0,T,CHEV,S14,3C,3,17,,1,0,1229,S,G,,,6,262,,,,B,3198,00,,42,0,0,000000000,00000000000,0,0,0,1,0,0,0,0,0,0,0,55,0,0,0,9,6,2,12,0,0,0,1,39,45843,6,1,0,0,3,3,74,189,0,0,0,0,0,0,0,0,0,0,39,0,0,0,1,2,55,1,1,2,1,20,3,1,17,1,1,1,89,1,0
39,390657,2,2,1,6,8,14,43,12,6,1,0,39,1,49,40,49040,4,2003,4T1BE32K33U1,4,T,1,B,E,3,2,K,3,3,U,1,0,P,TOYT,UXS,4D,3,17,2993,,0,1071,,G,,F,4,144,,,15R205,,,,,,0,0,000000000,00000000000,0,0,0,1,0,0,0,0,0,0,0,55,0,0,0,12,6,2,12,0,0,0,1,39,45814,6,1,0,0,3,3,67,130,0,0,0,0,0,0,0,0,0,0,0,0,0,0,1,2,55,1,1,2,1,0,0,1,66,1,1,1,88,0,0
39,390658,1,6,1,6,8,9,50,12,1,1,0,18,5,51,884,51884,66,2006,4V4NC9GF56N4,4,V,4,N,C,9,G,F,5,6,N,4,1,T,VOLV,VNL,TR,6,17,,8,0,0,VVN,D,,,6,732,,,,,00000,00,,64,3,57,223377,57223377,3,6,1,1,0,0,0,0,0,0,0,55,0,0,0,12,6,2,12,0,0,0,1,47,30121,6,1,6,0,3,3,72,202,1,0,0,1,2,11,2009,4,2012,0,26,91,0,0,2,2,65,1,1,2,1,0,0,1,51,2,1,1,20,0,0
39,390658,2,6,1,6,8,9,50,12,1,1,0,39,1,6,52,6052,6,2001,3C8FY4BB61T6,3,C,8,F,Y,4,B,B,6,1,T,6,0,P,CHRY,PTC,SV,1,17,3109,,0,1030,,G,,F,4,148,,,15R195,,,,,,0,0,000000000,00000000000,0,0,0,1,0,0,0,0,0,0,0,0,2,0,0,6,6,2,12,0,0,0,1,39,45152,6,1,0,0,3,0,72,185,0,1,0,0,1,2,2010,4,2010,0,54,0,0,0,2,2,65,1,1,2,1,0,0,5,18,1,1,1,21,1,0
39,390658,3,6,1,6,8,9,50,12,1,1,0,18,3,51,881,51881,66,2009,4V4N19TG99N2,4,V,4,N,1,9,T,G,9,9,N,2,1,T,VOLV,VNL,TR,9,17,,7,0,0,VVN,D,,,6,915,,,,,00000,00,,42,1,57,239039,57239039,3,6,1,1,0,0,0,0,0,0,0,998,0,0,0,9,2,1,12,0,0,0,1,39,45011,6,1,6,1,3,0,70,190,0,0,0,0,0,0,0,0,0,0,0,0,0,0,2,2,65,1,1,2,1,0,0,1,98,1,1,1,98,0,0
39,390658,4,6,1,6,8,9,50,12,1,1,0,39,2,12,402,12402,14,2009,1FMCU03749KC,1,F,M,C,U,0,3,7,4,9,K,C,0,P,FORD,SPE,UT,9,17,3355,,0,1031,,G,,F,4,153,,,16R235,,,,,,0,0,000000000,00000000000,0,0,0,1,0,0,0,0,0,0,0,10,0,0,0,9,6,2,12,0,0,0,1,39,45113,6,1,0,0,3,0,66,175,0,0,0,0,0,0,0,0,0,0,0,0,0,0,2,2,65,1,1,2,1,0,0,2,51,1,1,1,98,0,0
39,390658,5,6,1,6,8,9,50,12,1,1,0,21,3,49,40,49040,8,2005,999999999999,9,9,9,9,9,9,9,9,9,9,9,9,0,,,,,,,,,,,,,,,,,,,,,,,,,0,0,000000000,00000000000,0,0,0,1,0,0,0,0,0,0,0,5,0,0,0,6,6,2,12,0,0,0,1,39,45011,6,1,0,0,3,0,70,204,0,0,0,0,0,0,0,0,0,0,54,0,0,0,2,2,65,1,1,2,1,0,0,2,50,2,1,1,98,0,0
39,390658,6,6,1,6,8,9,50,12,1,1,0,39,1,55,401,55401,14,2007,5NMSG13D87H0,5,N,M,S,G,1,3,D,8,7,H,0,0,P,HYUN,SAN,UT,7,17,3727,,0,1063,,G,,F,6,162,,,16R235,,,,,,0,0,000000000,00000000000,0,0,0,1,0,0,0,0,0,0,0,5,0,0,0,2,2,1,12,0,0,0,1,39,45140,6,1,0,0,3,3,67,135,0,0,0,0,0,0,0,0,0,0,0,0,0,0,2,2,65,1,1,2,1,0,0,1,51,1,1,1,98,0,0
39,390659,1,2,2,7,8,14,43,12,6,1,0,39,1,12,481,12481,31,2001,2FTZX17291CA,2,F,T,Z,X,1,7,2,9,1,C,A,0,T,FORD,F15,4C,1,17,,1,1571,1385,COF,G,,,6,256,,,,B,4204,05,U,42,0,0,000000000,00000000000,0,0,0,1,0,0,0,0,0,0,0,15,0,0,0,10,6,2,12,0,0,0,1,39,43537,6,1,0,0,3,3,70,225,0,0,0,2,1,6,2011,6,2012,0,38,0,0,0,1,2,45,1,1,2,1,0,0,11,15,1,1,2,68,0,0
39,390659,2,2,1,7,8,14,43,12,6,1,0,39,1,72,706,72706,80,2005,1HD1GVW165K3,1,H,D,1,G,V,W,1,6,5,K,3,0,M,HD,DCI,RS,5,17,,,,,,,1450,,2,,4,622,,,,,,,0,0,000000000,00000000000,0,0,0,1,0,0,0,0,0,0,0,998,0,0,0,12,6,2,12,0,0,0,1,39,43614,6,1,0,0,3,3,71,180,0,0,0,1,0,9,2011,9,2011,0,0,0,0,0,1,2,45,1,1,2,1,0,0,1,67,1,1,1,69,1,0
39,390660,1,1,1,8,8,14,38,59,0,1,0,26,3,12,481,12481,31,2007,1FTRF12W17NA,1,F,T,R,F,1,2,W,1,7,N,A,0,T,FORD,F15,PK,7,17,,2,1450,1260,COF,G,,,8,281,,,,B,4615,01,E,42,0,0,000000000,00000000000,0,0,0,1,0,0,0,0,0,0,0,998,0,0,0,9,6,2,30,0,0,0,1,39,45814,6,1,0,0,3,3,71,180,0,0,0,1,0,3,2011,3,2011,0,0,0,0,0,3,4,70,1,1,2,1,0,0,1,13,2,2,4,1,1,0
39,390661,1,1,1,8,8,1,30,8,0,1,1,39,1,20,401,20401,14,2003,1GCCS14X3381,1,G,C,C,S,1,4,X,3,3,8,1,0,T,CHEV,S14,PK,3,17,,1,0,1083,S,G,,,6,262,,,,B,3016,01,,42,0,0,000000000,00000000000,0,0,0,1,0,0,0,0,0,0,0,998,0,0,0,2,2,1,8,0,0,0,1,39,43950,6,1,0,0,3,3,69,210,0,2,1,0,0,12,2010,2,2011,0,26,0,0,0,1,2,40,3,1,2,1,0,0,14,80,1,1,1,13,0,1
39,390662,1,2,1,10,8,20,55,12,2,1,0,39,2,12,401,12401,14,1999,1FMZU34EXXZB,1,F,M,Z,U,3,4,E,X,X,Z,B,0,P,FORD,EPR,UT,99,17,4128,,0,1116,,G,,F,6,245,,,15R225,,,,,,0,0,000000000,00000000000,0,0,0,1,0,0,0,0,0,0,0,998,0,0,0,12,6,2,12,0,0,0,1,39,43119,1,1,0,0,2,0,76,285,0,4,1,0,1,3,2010,10,2010,0,51,0,0,0,1,4,45,1,1,2,1,0,0,1,10,1,1,2,50,1,1
39,390662,2,2,2,10,8,20,55,12,2,1,0,39,1,22,18,22018,4,2005,1G2NE52EX5M1,1,G,2,N,E,5,2,E,X,5,M,1,0,P,PONT,GAS,4D,5,17,3066,,0,1070,,G,,F,6,207,,,15R215,,,,,,0,0,000000000,00000000000,0,0,0,1,0,0,0,0,0,0,0,998,0,0,0,12,6,2,12,0,0,0,1,39,43123,6,1,0,0,3,0,64,250,0,0,0,0,1,6,2010,6,2010,0,0,0,0,0,1,4,45,1,1,2,1,0,0,1,62,1,1,2,51,1,0
39,390663,1,1,4,25,8,22,20,43,0,1,0,39,1,35,39,35039,4,2000,JN1CA31A1YT2,J,N,1,C,A,3,1,A,1,Y,T,2,0,P,NISS,MGS,4D,0,17,3071,,0,1083,,G,,F,6,182,,,15R205,,,,,,0,0,000000000,00000000000,0,0,0,1,0,0,0,0,0,0,0,40,0,0,0,12,6,2,52,0,0,0,1,39,43135,6,1,0,0,3,3,61,200,0,0,0,1,0,4,2010,4,2010,1,0,0,0,0,1,2,35,1,2,2,1,0,0,1,6,1,1,1,12,1,1