STATE,ST_CASE,VEH_NO,VE_FORMS,NUMOCCS,DAY,MONTH,HOUR,MINUTE,HARM_EV,MAN_COLL,UNITTYPE,HIT_RUN,REG_STAT,OWNER,MAKE,MODEL,MAK_MOD,BODY_TYP,MOD_YEAR,VIN,VIN_1,VIN_2,VIN_3,VIN_4,VIN_5,VIN_6,VIN_7,VIN_8,VIN_9,VIN_10,VIN_11,VIN_12,TOW_VEH,VINTYPE,VINMAKE,VINA_MOD,VIN_BT,VINMODYR,VIN_LNGT,VIN_WGT,WGTCD_TR,WHLBS_LG,WHLBS_SH,SER_TR,FUELCODE,MCYCL_DS,CARBUR,CYLINDER,DISPLACE,MCYCL_CY,MCYCL_WT,TIRE_SZE,TON_RAT,TRK_WT,TRKWTVAR,VIN_REST,WHLDRWHL,J_KNIFE,MCARR_I1,MCARR_I2,MCARR_ID,GVWR,V_CONFIG,CARGO_BT,HAZ_INV,HAZ_PLAC,HAZ_ID,HAZ_CNO,HAZ_REL,BUS_USE,SPEC_USE,EMER_USE,TRAV_SP,UNDERIDE,ROLLOVER,ROLINLOC,IMPACT1,DEFORMED,TOWED,M_HARM,VEH_SC1,VEH_SC2,FIRE_EXP,DR_PRES,L_STATE,DR_ZIP,L_STATUS,L_TYPE,CDL_STAT,L_ENDORS,L_COMPL,L_RESTRI,DR_HGT,DR_WGT,PREV_ACC,PREV_SUS,PREV_DWI,PREV_SPD,PREV_OTH,FIRST_MO,FIRST_YR,LAST_MO,LAST_YR,SPEEDREL,DR_SF1,DR_SF2,DR_SF3,DR_SF4,VTRAFWAY,VNUM_LAN,VSPD_LIM,VALIGN,VPROFILE,VPAVETYP,VSURCOND,VTRAFCON,VTCONT_F,P_CRASH1,P_CRASH2,P_CRASH3,PCRASH4,PCRASH5,ACC_TYPE,DEATHS,DR_DRINK
39,390699,1,2,1,25,9,14,55,12,6,1,0,39,1,20,481,20481,31,2009,1GCEC14X19Z1,1,G,C,E,C,1,4,X,1,9,Z,1,0,T,CHEV,SC1,PK,9,17,,2,1330,1190,SIL,G,,,6,262,,,,B,4558,02,,42,0,0,000000000,00000000000,0,0,0,1,0,0,0,0,0,0,0,2,0,0,0,11,6,2,12,0,0,0,1,39,43078,6,1,6,0,3,3,68,174,0,0,0,2,0,11,2010,8,2012,0,38,0,0,0,1,2,45,1,2,2,2,20,3,11,15,1,1,1,84,0,0
39,390699,2,2,2,25,9,14,55,12,6,1,0,39,2,12,471,12471,30,2004,1FTYR44E24PB,1,F,T,Y,R,4,4,E,2,4,P,B,0,T,FORD,RNS,4C,4,17,,1,0,1257,RNG,G,,,6,245,,,,B,3945,00,U,42,0,0,000000000,00000000000,0,0,0,1,0,0,0,0,0,0,0,35,0,0,0,1,6,2,12,0,0,0,1,39,43084,6,1,0,0,3,0,60,135,0,0,0,1,0,9,2012,9,2012,0,0,0,0,0,1,2,45,1,2,2,2,0,0,1,67,1,1,1,84,1,0
39,390700,1,1,1,28,9,19,57,11,0,1,0,39,1,72,706,72706,80,2005,1HD1DDV115Y6,1,H,D,1,D,D,V,1,1,5,Y,6,0,M,HD,FHT,RS,5,17,,,,,,,1450,,2,,4,758,,,,,,,0,0,000000000,00000000000,0,0,0,1,0,0,0,0,0,0,0,998,0,0,0,12,4,3,11,0,0,0,1,39,44870,6,1,0,0,3,0,74,240,0,0,0,0,0,0,0,0,0,0,0,0,0,0,1,2,55,1,1,2,1,0,0,1,87,1,1,1,13,1,1
39,390701,1,2,1,29,4,14,12,12,6,1,0,39,2,12,442,12442,20,2002,2FMZA50492BA,2,F,M,Z,A,5,0,4,9,2,B,A,0,T,FORD,WLX,ES,2,17,,1,0,1207,WIN,G,,,6,232,,,,B,4017,00,E,42,0,0,000000000,00000000000,0,0,0,1,0,0,0,0,0,0,0,34,0,0,0,3,2,3,12,0,0,0,1,39,44129,6,1,0,0,3,0,64,125,1,0,0,3,2,3,2010,2,2012,0,38,91,0,0,1,4,25,1,1,2,1,0,0,11,17,1,1,3,68,0,0
39,390701,2,2,1,29,4,14,12,12,6,1,0,39,1,53,705,53705,80,2000,JS1GR7HA9Y21,J,S,1,G,R,7,H,A,9,Y,2,1,0,M,SUZI,SX7,RC,0,17,,,,,,,749,,4,,4,366,,,,,,,0,0,000000000,00000000000,0,0,0,1,0,0,0,0,0,0,0,14,0,0,0,12,6,2,12,0,0,0,1,39,44130,6,1,0,0,3,0,70,150,1,1,0,3,1,6,2010,8,2011,0,0,0,0,0,1,4,25,1,1,2,1,0,0,1,17,1,1,1,69,1,0
39,390702,1,1,5,2,7,23,7,8,0,1,0,39,1,21,20,21020,4,1990,1G3WH54T2LD3,1,G,3,W,H,5,4,T,2,L,D,3,0,P,OLDS,CSF,4D,90,17,3043,,0,1075,,G,,F,6,191,,,14R195,,,,,,0,0,000000000,00000000000,0,0,0,1,0,0,0,0,0,0,0,998,0,0,0,10,4,1,8,0,0,0,1,39,45652,6,1,0,0,3,0,67,207,0,1,0,1,0,8,2010,11,2010,0,0,0,0,0,1,2,25,1,1,2,1,0,0,1,80,1,1,2,13,0,0
39,390703,1,2,1,8,7,20,14,12,8,1,0,39,2,20,9,20009,2,1999,2G1FP22K1X21,2,G,1,F,P,2,2,K,1,X,2,1,0,P,CHEV,CAM,CP,99,17,3306,,0,1011,,G,,F,6,231,,,16R215,,,,,,0,0,000000000,00000000000,0,0,0,1,0,0,0,0,0,0,0,75,0,1,1,10,6,2,12,0,0,0,1,39,43812,6,1,0,0,3,0,73,169,0,1,0,1,0,4,2012,4,2012,1,35,51,0,0,1,2,55,3,1,2,1,0,0,14,10,1,1,2,64,0,0
39,390703,2,2,1,8,7,20,14,12,8,1,0,39,1,53,706,53706,80,2005,JS1VY52AX521,J,S,1,V,Y,5,2,A,X,5,2,1,0,M,SUZI,C90,RS,5,17,,,,,,,1462,,2,,4,665,,,,,,,0,0,000000000,00000000000,0,0,0,1,0,0,0,0,0,0,0,60,0,0,0,10,6,2,12,0,0,0,1,39,43844,6,1,0,0,3,3,67,160,0,0,0,0,0,0,0,0,0,1,0,0,0,0,1,2,55,3,1,2,1,0,0,14,62,1,1,1,65,1,0
39,390704,1,1,1,15,7,10,25,1,0,1,0,39,1,37,706,37706,80,2007,JH2SC48077M5,J,H,2,S,C,4,8,0,7,7,M,5,0,M,HOND,CB9,RS,7,17,,,,,,,919,,4,,4,428,,,,,,,0,0,000000000,00000000000,0,0,0,1,0,0,0,0,0,0,0,55,0,0,0,0,6,2,3,0,0,0,1,39,45365,6,1,0,0,3,0,65,140,0,0,0,0,0,0,0,0,0,0,36,0,0,0,1,2,55,3,2,2,2,0,0,14,8,2,2,5,2,1,0
39,390705,1,1,2,22,7,3,23,30,0,1,0,39,2,53,739,53739,90,2011,5SAAM46A3B71,5,S,A,A,M,4,6,A,3,B,7,1,0,M,SUZI,LPP,AT,11,17,,,,,,,493,,1,,4,672,,,,,,,0,0,000000000,00000000000,0,0,0,1,0,0,0,0,0,0,0,998,0,0,0,12,6,2,30,0,0,0,1,39,43773,6,1,0,0,3,3,65,85,0,1,0,0,0,7,2010,7,2010,0,36,0,0,0,1,2,98,2,2,4,1,0,0,14,8,2,2,4,2,1,1
39,390706,1,1,1,29,7,3,33,33,0,1,0,39,2,48,34,48034,4,2000,4S3BE6562Y72,4,S,3,B,E,6,5,6,2,Y,7,2,0,P,SUBA,UGL,4D,0,17,3360,,0,1043,,G,,F,4,153,,,16R205,,,,,,0,0,000000000,00000000000,0,0,0,1,0,0,0,0,0,0,0,65,0,0,0,12,6,2,19,0,0,0,1,39,44141,6,1,0,0,3,0,70,140,0,0,0,0,0,0,0,0,0,1,0,0,0,0,1,3,25,1,1,2,1,0,0,1,13,1,1,4,1,1,0
39,390707,1,2,1,10,6,13,4,12,2,1,0,39,1,20,2,20002,4,2009,2G1WT57KX912,2,G,1,W,T,5,7,K,X,9,1,2,0,P,CHEV,ILT,4D,9,17,3555,,0,1105,,F,,F,6,214,,,16R225,,,,,,0,0,000000000,00000000000,0,0,0,1,0,0,0,0,0,0,0,30,0,0,0,12,6,2,12,0,0,0,1,39,43078,6,1,0,0,3,3,70,205,0,0,0,1,0,3,2012,3,2012,0,28,0,0,0,1,2,35,1,1,2,1,0,0,1,10,1,1,2,50,1,0
39,390707,2,2,2,10,6,13,4,12,2,1,0,39,2,55,401,55401,14,2007,999999999999,9,9,9,9,9,9,9,9,9,9,9,9,0,,,,,,,,,,,,,,,,,,,,,,,,,0,0,000000000,00000000000,0,0,0,1,0,0,0,0,0,0,0,30,0,0,0,12,6,2,12,0,0,0,1,39,43078,6,1,0,0,3,0,67,200,0,0,0,0,0,0,0,0,0,0,0,0,0,0,1,2,35,1,1,2,1,0,0,1,62,1,1,1,51,0,0
39,390708,1,2,3,3,8,13,35,34,0,1,0,39,2,6,51,6051,4,1999,2C3HE66G5XH2,2,C,3,H,E,6,6,G,5,X,H,2,0,P,CHRY,30M,4D,99,17,3474,,0,1130,,G,,F,6,215,,,17R225,,,,,,0,0,000000000,00000000000,0,0,0,1,0,0,0,0,0,0,0,70,0,0,0,3,6,2,12,0,0,0,1,47,37917,6,1,0,0,3,0,66,150,0,0,0,1,0,8,2011,8,2011,1,36,0,0,0,1,2,55,1,2,2,1,0,0,1,6,2,2,4,2,2,0
39,390708,2,2,2,3,8,13,35,34,0,1,0,21,3,20,461,20461,21,2004,1GCHG39U5412,1,G,C,H,G,3,9,U,5,4,1,2,0,T,CHEV,E35,EC,4,17,,2,0,1550,EXP,G,,,8,364,,,,D,5613,00,,42,0,0,000000000,00000000000,0,0,0,1,0,0,0,0,0,0,0,55,0,0,0,12,6,2,12,0,0,0,1,39,45130,6,1,0,0,3,0,70,200,0,0,0,1,0,5,2011,5,2011,0,0,0,0,0,1,2,55,1,2,2,1,0,0,1,10,1,1,1,98,0,0
39,390709,1,2,2,12,8,14,7,12,6,1,0,39,1,35,402,35402,14,2011,5N1AN0NU9BC5,5,N,1,A,N,0,N,U,9,B,C,5,0,P,NISS,XTR,UT,11,17,4154,,0,1063,,G,,F,6,244,,,16R265,,,,,,0,0,000000000,00000000000,0,0,0,1,0,0,0,0,0,0,0,50,0,0,0,12,6,2,12,0,0,0,1,39,45373,6,1,0,0,3,3,71,220,0,0,0,0,0,0,0,0,0,0,38,39,0,0,1,2,55,1,1,2,1,20,3,1,17,1,1,1,88,0,0
39,390709,2,2,1,12,8,14,7,12,6,1,0,39,1,20,2,20002,4,2007,2G1WB58K4794,2,G,1,W,B,5,8,K,4,7,9,4,0,P,CHEV,IPL,4D,7,17,3674,,0,1105,,F,,F,6,214,,,16R225,,,,,,0,0,000000000,00000000000,0,0,0,1,0,0,0,0,0,0,0,55,0,0,0,9,6,2,12,0,0,0,1,39,45318,6,1,0,0,3,3,64,145,0,0,0,0,0,0,0,0,0,0,0,0,0,0,1,2,55,1,1,2,1,0,0,1,66,1,1,1,89,1,0
39,390710,1,1,1,19,8,3,38,8,0,1,1,99,9,99,999,99999,99,9999,999999999999,9,9,9,9,9,9,9,9,9,9,9,9,0,,,,,,,,,,,,,,,,,,,,,,,,,0,0,000000000,00000000000,0,0,0,1,0,0,0,0,0,0,0,999,0,0,0,99,9,1,8,0,0,0,1,99,99999,9,9,99,9,9,9,999,999,99,99,99,99,99,99,9999,99,9999,9,0,0,0,0,1,2,35,1,1,2,1,0,0,1,80,1,1,1,13,0,0
39,390711,1,2,2,21,8,12,25,12,6,1,0,39,3,12,870,12870,61,1996,1FDKE30F0THA,1,F,D,K,E,3,0,F,0,T,H,A,0,T,FORD,35C,MH,96,17,,3,1760,1380,CTV,D,,,8,444,,,,D,00000,00,A,42,0,88,888888888,88888888888,2,1,1,1,0,0,0,0,0,6,1,50,0,0,0,12,6,2,12,0,0,0,1,39,43123,6,1,0,0,3,3,71,160,0,0,0,1,0,10,2011,10,2011,0,38,39,0,0,2,2,50,1,1,2,1,3,3,1,17,1,1,2,83,0,0
39,390711,2,2,1,21,8,12,25,12,6,1,0,39,2,20,2,20002,4,2003,2G1WH55K0392,2,G,1,W,H,5,5,K,0,3,9,2,0,P,CHEV,IPL,4D,3,17,3466,,0,1105,,G,,F,6,231,,,16R225,,,,,,0,0,000000000,00000000000,0,0,0,1,0,0,0,0,0,0,0,998,0,0,0,9,6,8,12,0,0,0,1,39,43137,6,1,0,0,3,0,69,182,0,0,0,0,0,0,0,0,0,0,0,0,0,0,2,2,25,1,1,2,1,3,3,11,66,1,1,1,82,1,0
39,390712,1,2,2,27,8,12,17,34,0,1,0,39,2,22,20,22020,4,2002,1G2WP52K32F1,1,G,2,W,P,5,2,K,3,2,F,1,0,P,PONT,GPG,4D,2,17,3496,,0,1105,,G,,F,6,231,,,16R225,,,,,,0,0,000000000,00000000000,0,0,0,1,0,0,0,0,0,0,0,60,0,0,0,9,6,2,12,0,0,0,1,39,45424,6,1,0,0,3,0,61,113,0,1,0,0,0,1,2012,1,2012,1,36,0,0,0,3,6,55,4,1,2,1,0,0,14,9,2,2,4,7,1,0
39,390712,2,2,2,27,8,12,17,34,0,1,0,26,2,49,32,49032,8,1998,2T1BR18E2WC0,2,T,1,B,R,1,8,E,2,W,C,0,0,P,TOYT,UVL,4D,98,17,2414,,0,970,,G,,F,4,109,,,14R175,,,,,,0,0,000000000,00000000000,0,0,0,1,0,0,0,0,0,0,0,60,0,0,0,12,6,2,12,0,0,0,1,26,48088,6,1,0,0,3,3,70,165,1,0,0,1,0,11,2009,6,2010,1,0,0,0,0,3,6,55,4,1,2,1,0,0,14,62,1,1,1,98,1,0
39,390713,1,1,1,29,7,19,0,26,0,1,0,39,1,49,49,49049,6,2005,JTLKT3247540,J,T,L,K,T,3,2,4,7,5,4,0,0,P,TOYT,SXB,UT,5,17,2395,,0,984,,G,,F,4,092,,,15R185,,,,,,0,0,000000000,00000000000,0,0,0,1,0,0,0,0,0,0,0,30,0,0,0,12,6,2,8,0,0,0,1,39,44107,1,1,0,0,2,0,68,170,0,1,0,0,0,4,2011,4,2011,0,40,0,0,0,1,6,35,1,1,1,2,0,0,1,80,1,1,5,14,0,1
39,390714,1,1,1,9,8,2,15,8,0,1,0,39,1,55,37,55037,2,1997,KMHJG24M8VU0,K,M,H,J,G,2,4,M,8,V,U,0,0,P,HYUN,TIB,CP,97,17,2566,,0,974,,G,,F,4,110,,,14R195,,,,,,0,0,000000000,00000000000,0,0,0,1,0,0,0,0,0,0,0,25,0,0,0,1,2,3,8,0,0,0,1,39,44105,6,1,0,0,3,3,59,110,3,0,0,0,3,8,2010,7,2012,0,91,0,0,0,1,4,35,1,1,1,1,0,0,1,80,1,1,1,13,0,1
39,390715,1,2,2,18,8,9,53,12,6,1,0,18,1,20,2,20002,8,2004,2G1WF52E9493,2,G,1,W,F,5,2,E,9,4,9,3,0,P,CHEV,IMP,4D,4,17,3389,,0,1105,,G,,F,6,207,,,16R225,,,,,,0,0,000000000,00000000000,0,0,0,1,0,0,0,0,0,0,0,10,0,0,0,7,4,3,12,0,0,0,1,18,46268,6,1,0,0,3,0,68,150,0,0,0,0,0,0,0,0,0,0,38,0,0,0,2,2,35,1,1,2,1,3,3,11,15,1,1,1,68,0,0
39,390715,2,2,1,18,8,9,53,12,6,1,0,39,1,72,706,72706,80,2005,1HD1BWB155Y0,1,H,D,1,B,W,B,1,5,5,Y,0,0,M,HD,FSI,RS,5,17,,,,,,,1450,,2,,4,696,,,,,,,0,0,000000000,00000000000,0,0,0,1,0,0,0,0,0,0,0,30,0,0,0,12,6,2,12,0,0,0,1,39,45053,6,1,0,0,3,3,73,220,0,0,0,0,1,4,2011,4,2011,1,0,0,0,0,2,2,35,1,1,2,1,3,3,1,62,1,1,1,69,1,0
39,390716,1,1,2,26,8,3,57,34,0,1,0,39,1,20,2,20002,4,2001,2G1WF55E9192,2,G,1,W,F,5,5,E,9,1,9,2,0,P,CHEV,IMP,4D,1,17,3389,,0,1105,,G,,F,6,207,,,16R225,,,,,,0,0,000000000,00000000000,0,0,0,1,0,0,0,0,0,0,0,55,0,1,5,99,6,2,1,0,0,0,1,39,45846,6,1,0,0,3,3,70,140,2,0,0,0,1,2,2010,3,2012,0,0,0,0,0,1,2,55,1,1,2,1,0,0,1,12,1,1,4,6,1,1
39,390717,1,1,1,27,8,16,25,33,0,1,0,39,1,12,402,12402,14,2002,1FMCU041X2KA,1,F,M,C,U,0,4,1,X,2,K,A,0,P,FORD,SPE,UT,2,17,3511,,0,1031,,G,,F,6,181,,,15R225,,,,,,0,0,000000000,00000000000,0,0,0,1,0,0,0,0,0,0,0,40,0,0,0,10,6,2,42,0,0,0,1,39,45324,6,1,0,0,3,3,71,174,0,0,0,0,0,0,0,0,0,1,0,0,0,0,1,4,98,1,1,2,1,0,0,1,13,1,1,4,1,1,1
39,390718,1,1,1,2,9,22,21,34,0,1,0,39,2,72,706,72706,80,2010,1HD1HPH13AC8,1,H,D,1,H,P,H,1,3,A,C,8,0,M,HD,VRF,RS,10,17,,,,,,,1250,,2,,4,673,,,,,,,0,0,000000000,00000000000,0,0,0,1,0,0,0,0,0,0,0,998,0,0,0,12,6,2,1,0,0,0,1,39,44805,3,1,0,0,2,0,76,225,0,0,0,1,0,7,2012,7,2012,1,0,0,0,0,1,2,55,3,2,2,1,40,3,14,13,2,1,4,1,1,1
39,390719,1,2,1,2,9,16,47,12,2,1,0,13,3,55,36,55036,4,2011,KMHCN4AC5BU6,K,M,H,C,N,4,A,C,5,B,U,6,0,P,HYUN,ALS,4D,11,17,2365,,0,0,,G,,F,4,098,,,000000,,,,,,0,0,000000000,00000000000,0,0,0,1,0,0,0,0,0,0,0,998,0,0,0,12,6,2,12,0,0,0,1,39,43614,6,1,0,0,3,3,66,172,0,0,0,0,0,0,0,0,0,0,51,0,0,0,1,2,55,1,1,2,1,0,0,1,10,1,1,1,50,1,0
39,390719,2,2,1,2,9,16,47,12,2,1,0,39,2,7,482,7482,31,2003,1D7HU18DX3J5,1,D,7,H,U,1,8,D,X,3,J,5,0,T,DODG,SQ1,CW,3,17,,2,1605,1405,RPC,G,,,8,345,,,,B,5005,02,E,44,0,0,000000000,00000000000,0,0,0,1,0,0,0,0,0,0,0,55,0,0,0,12,6,2,12,0,0,0,1,39,43406,6,1,0,0,3,3,69,175,0,0,0,0,0,0,0,0,0,0,0,0,0,0,1,2,55,1,1,2,1,0,0,4,10,4,1,1,51,0,0
39,390720,1,1,3,3,9,9,58,24,0,1,0,18,2,22,441,22441,20,1999,1GMDX03E5XD2,1,G,M,D,X,0,3,E,5,X,D,2,0,T,PONT,M/T,ES,99,17,,1,0,1200,M/T,G,,,6,207,,,,B,3942,00,K,42,0,0,000000000,00000000000,0,0,0,1,0,0,0,0,0,0,0,998,0,1,5,10,6,2,42,0,0,0,1,18,46571,1,1,0,0,2,0,68,165,0,2,1,1,2,7,2011,5,2012,1,0,0,0,0,1,2,55,3,2,2,1,0,0,14,11,6,2,4,1,1,1
39,390721,1,2,1,4,9,9,56,12,6,1,0,39,1,49,32,49032,4,1999,1NXBR12E9XZ1,1,N,X,B,R,1,2,E,9,X,Z,1,0,P,TOYT,UVL,4D,99,17,2414,,0,970,,G,,F,4,109,,,14R175,,,,,,0,0,000000000,00000000000,0,0,0,1,0,0,0,0,0,0,0,998,0,0,0,12,6,2,12,0,0,0,1,39,44846,6,1,0,0,3,0,61,200,0,0,0,0,1,5,2012,5,2012,0,38,39,0,0,1,2,55,1,1,2,2,20,3,1,17,1,1,1,86,1,0
39,390721,2,2,1,4,9,9,56,12,6,1,0,39,3,84,884,84884,66,2012,3HSDJSJR1CN5,3,H,S,D,J,S,J,R,1,C,N,5,1,T,INTL,PRO,TR,12,17,,8,0,0,PRO,D,,,6,793,,,,,00000,00,,64,1,57,179752,57179752,3,6,98,1,0,0,0,0,0,0,0,55,0,1,5,3,6,2,12,0,0,0,1,18,46804,6,1,6,3,3,3,78,220,0,0,0,0,0,0,0,0,0,0,0,0,0,0,1,2,55,1,1,2,2,0,0,1,66,2,1,1,87,0,0
39,390722,1,2,1,4,9,3,37,12,1,1,0,39,2,72,706,72706,80,2004,1HD1FYW1X4Y7,1,H,D,1,F,Y,W,1,X,4,Y,7,0,M,HD,RSI,RS,4,17,,,,,,,1450,,2,,4,721,,,,,,,0,0,000000000,00000000000,0,0,0,1,0,0,0,0,0,0,0,998,0,0,0,12,6,2,12,0,0,0,1,39,45344,6,1,0,0,3,0,69,195,0,6,1,0,1,10,2009,8,2010,0,26,0,0,0,2,3,65,1,1,2,1,0,0,1,52,1,1,1,24,1,0
39,390722,2,2,2,4,9,3,37,12,1,1,0,48,3,98,809,98809,66,2003,2FWJA6CG93AK,2,F,W,J,A,6,C,G,9,3,A,K,1,T,STRG,ST9,TR,3,17,,8,0,0,STE,D,,,6,774,,,,,00000,00,,64,1,57,0198,570198,3,6,3,1,0,0,0,0,0,0,0,40,0,0,0,6,6,2,12,0,0,0,1,48,75115,9,9,99,9,9,9,999,999,99,99,99,99,99,99,9999,99,9999,0,0,0,0,0,2,3,65,1,1,2,1,0,0,4,18,1,1,1,25,0,0
39,390723,1,1,1,7,9,21,15,30,0,1,0,39,1,7,482,7482,31,1999,3B7HC12Z5XG1,3,B,7,H,C,1,2,Z,5,X,G,1,0,T,DODG,150,PC,99,17,,2,1547,1387,RPC,G,,,8,360,,,,B,4525,02,U,42,0,0,000000000,00000000000,0,0,0,1,0,0,0,0,0,0,0,998,0,1,5,2,6,2,30,0,0,0,1,39,45133,1,1,0,0,2,0,72,320,0,1,0,0,0,7,2010,7,2010,0,0,0,0,0,1,2,40,1,1,2,1,0,0,1,13,2,1,4,1,1,1
39,390724,1,2,1,2,9,21,47,8,0,1,0,39,1,12,442,12442,20,2001,2FMDA58401BA,2,F,M,D,A,5,8,4,0,1,B,A,0,T,FORD,WLM,ES,1,17,,1,0,1207,WIN,G,,,6,232,,,,B,4281,00,K,42,0,0,000000000,00000000000,0,0,0,1,0,0,0,0,0,0,0,60,0,0,0,9,4,3,8,0,0,0,1,39,44281,6,1,0,0,3,0,75,220,0,0,0,2,0,5,2010,8,2010,0,0,0,0,0,3,3,60,1,1,2,1,0,0,1,80,1,1,1,13,0,0
39,390724,2,2,3,2,9,21,47,8,0,1,0,39,1,6,51,6051,4,2007,2C3LA43R27H8,2,C,3,L,A,4,3,R,2,7,H,8,0,P,CHRY,C30,4D,7,17,3632,,0,1200,,G,,F,6,165,,,17R215,,,,,,0,0,000000000,00000000000,0,0,0,1,0,0,0,0,0,0,0,60,0,0,0,9,2,1,54,0,0,0,1,39,44067,6,1,0,0,3,0,67,170,0,0,0,0,0,0,0,0,0,0,0,0,0,0,3,3,60,1,1,2,1,0,0,1,80,1,1,1,98,0,0
39,390725,1,3,1,2,9,17,54,12,7,1,0,39,1,49,32,49032,4,2007,2T1BR32E47C8,2,T,1,B,R,3,2,E,4,7,C,8,0,P,TOYT,UCS,4D,7,17,2530,,0,1024,,G,,F,4,109,,,15R185,,,,,,0,0,000000000,00000000000,0,0,0,1,0,0,0,0,0,0,0,35,0,0,0,9,4,1,12,0,0,0,1,39,43040,6,1,0,0,3,0,66,150,0,0,0,0,0,0,0,0,0,0,0,0,0,0,1,2,35,1,1,2,1,0,0,1,17,1,1,1,45,0,0
39,390725,2,3,3,2,9,17,54,12,7,1,0,39,2,12,402,12402,14,2003,1FMCU03143KC,1,F,M,C,U,0,3,1,4,3,K,C,0,P,FORD,SPE,UT,3,17,3252,,0,1031,,G,,F,6,181,,,15R225,,,,,,0,0,000000000,00000000000,0,0,0,1,0,0,0,0,0,0,0,5,0,0,0,2,4,1,12,0,0,0,1,39,43204,6,1,0,0,3,0,65,140,0,0,0,0,0,0,0,0,0,0,0,0,0,0,1,2,35,1,1,2,1,0,0,1,63,1,1,1,98,0,0
39,390725,3,3,1,2,9,17,54,12,7,1,0,39,2,53,705,53705,80,2003,JS1GN7BA5321,J,S,1,G,N,7,B,A,5,3,2,1,0,M,SUZI,G60,RC,3,17,,,,,,,599,,4,,4,359,,,,,,,0,0,000000000,00000000000,0,0,0,1,0,0,0,0,0,0,0,70,0,0,0,3,6,2,12,0,0,0,1,39,43219,1,1,0,0,2,0,72,175,1,3,0,0,1,7,2010,6,2012,1,0,0,0,0,1,2,35,1,1,2,1,0,0,1,11,1,1,2,44,1,0
39,390726,1,1,0,4,9,17,37,8,0,1,0,39,6,20,2,20002,4,1989,1G1BU51E8KR1,1,G,1,B,U,5,1,E,8,K,R,1,0,P,CHEV,CCB,4D,89,17,3770,,0,1160,,G,,F,8,305,,,15R205,,,,,,0,0,000000000,00000000000,0,0,0,1,0,0,0,0,0,0,0,998,0,0,0,6,0,3,8,0,0,0,0,0,99997,7,6,97,7,6,7,998,997,998,998,998,998,998,98,9998,98,9998,8,0,0,0,0,2,2,25,1,1,2,2,0,0,0,80,0,0,0,98,0,0
39,390727,1,2,1,8,9,19,8,24,0,1,0,17,3,87,884,87884,66,2007,1XP7DB9X47D7,1,X,P,7,D,B,9,X,4,7,D,7,1,T,PTRB,387,TR,7,17,,8,0,0,CON,D,,,6,893,,,,,00000,00,,64,1,57,01528101,5701528101,3,6,1,1,0,0,0,0,0,0,0,50,0,0,0,2,6,2,12,0,0,0,1,26,49301,0,0,0,0,0,0,999,999,0,0,0,0,0,0,0,0,0,0,0,0,0,0,2,2,65,1,2,2,1,0,0,1,62,1,1,1,98,0,0
39,390727,2,2,2,8,9,19,8,24,0,1,0,39,1,37,32,37032,2,2000,1HGCG2251YA0,1,H,G,C,G,2,2,5,1,Y,A,0,0,P,HOND,UEX,CP,0,17,3241,,0,1051,,G,,F,6,183,,,16R205,,,,,,0,0,000000000,00000000000,0,0,0,1,0,0,0,0,0,0,0,65,0,0,0,9,6,2,12,0,0,0,1,39,43068,6,1,0,0,3,3,68,165,0,0,0,0,0,0,0,0,0,0,51,0,0,0,2,2,65,1,2,2,1,0,0,1,10,1,1,4,6,1,0
39,390728,1,2,4,8,9,1,36,12,6,1,0,39,2,20,39,20039,5,2007,KL1TD66657B7,K,L,1,T,D,6,6,6,5,7,B,7,0,P,CHEV,ABS,5D,7,17,2343,,0,976,,G,,F,4,098,,,14R185,,,,,,0,0,000000000,00000000000,0,0,0,1,0,0,0,0,0,0,0,10,0,0,0,3,6,2,12,0,0,0,1,39,45661,6,1,0,0,3,0,68,152,0,1,0,3,1,6,2012,8,2012,0,38,0,0,0,2,2,60,1,1,2,2,20,3,1,62,1,1,1,69,1,1
39,390728,2,2,2,8,9,1,36,12,6,1,0,42,1,12,481,12481,31,2004,1FTRX14W84NC,1,F,T,R,X,1,4,W,8,4,N,C,0,T,FORD,F15,4C,4,17,,2,1450,1260,COF,G,,,8,281,,,,B,5480,00,U,44,0,0,000000000,00000000000,0,0,0,1,0,0,0,0,0,0,0,62,0,0,0,12,4,3,12,0,0,0,1,42,16233,6,1,0,0,3,0,70,999,0,0,0,0,0,0,0,0,0,1,0,0,0,0,2,2,60,1,1,2,2,0,0,11,15,1,1,1,68,0,0
39,390729,1,1,2,9,9,1,56,30,0,1,0,39,2,12,3,12003,2,2002,1FAFP42X52F1,1,F,A,F,P,4,2,X,5,2,F,1,0,P,FORD,MGT,CP,2,17,3241,,0,1013,,G,,F,8,281,,,17R245,,,,,,0,0,000000000,00000000000,0,0,0,1,0,0,0,0,0,0,0,998,0,1,5,12,6,2,42,0,0,0,1,39,45459,6,1,0,0,3,0,75,185,1,5,0,4,2,5,2011,6,2012,1,36,0,0,0,1,2,25,1,2,2,1,0,0,1,9,2,2,4,7,1,1
39,390730,1,1,4,9,9,5,30,42,0,1,0,39,1,14,17,14017,4,2002,1MEFM50U22G6,1,M,E,F,M,5,0,U,2,2,G,6,0,P,MERC,SGP,4D,2,17,3379,,0,1085,,G,,F,6,182,,,16R215,,,,,,0,0,000000000,00000000000,0,0,0,1,0,0,0,0,0,0,0,50,0,0,0,2,6,2,42,0,0,0,1,39,43130,6,1,0,0,3,0,62,115,1,2,0,2,1,3,2010,8,2012,1,26,36,0,0,1,2,55,3,1,2,1,40,3,14,6,2,2,4,2,1,0