STATE,ST_CASE,VEH_NO,VE_FORMS,NUMOCCS,DAY,MONTH,HOUR,MINUTE,HARM_EV,MAN_COLL,UNITTYPE,HIT_RUN,REG_STAT,OWNER,MAKE,MODEL,MAK_MOD,BODY_TYP,MOD_YEAR,VIN,VIN_1,VIN_2,VIN_3,VIN_4,VIN_5,VIN_6,VIN_7,VIN_8,VIN_9,VIN_10,VIN_11,VIN_12,TOW_VEH,VINTYPE,VINMAKE,VINA_MOD,VIN_BT,VINMODYR,VIN_LNGT,VIN_WGT,WGTCD_TR,WHLBS_LG,WHLBS_SH,SER_TR,FUELCODE,MCYCL_DS,CARBUR,CYLINDER,DISPLACE,MCYCL_CY,MCYCL_WT,TIRE_SZE,TON_RAT,TRK_WT,TRKWTVAR,VIN_REST,WHLDRWHL,J_KNIFE,MCARR_I1,MCARR_I2,MCARR_ID,GVWR,V_CONFIG,CARGO_BT,HAZ_INV,HAZ_PLAC,HAZ_ID,HAZ_CNO,HAZ_REL,BUS_USE,SPEC_USE,EMER_USE,TRAV_SP,UNDERIDE,ROLLOVER,ROLINLOC,IMPACT1,DEFORMED,TOWED,M_HARM,VEH_SC1,VEH_SC2,FIRE_EXP,DR_PRES,L_STATE,DR_ZIP,L_STATUS,L_TYPE,CDL_STAT,L_ENDORS,L_COMPL,L_RESTRI,DR_HGT,DR_WGT,PREV_ACC,PREV_SUS,PREV_DWI,PREV_SPD,PREV_OTH,FIRST_MO,FIRST_YR,LAST_MO,LAST_YR,SPEEDREL,DR_SF1,DR_SF2,DR_SF3,DR_SF4,VTRAFWAY,VNUM_LAN,VSPD_LIM,VALIGN,VPROFILE,VPAVETYP,VSURCOND,VTRAFCON,VTCONT_F,P_CRASH1,P_CRASH2,P_CRASH3,PCRASH4,PCRASH5,ACC_TYPE,DEATHS,DR_DRINK
39,390818,2,3,1,2,10,7,5,12,2,1,0,39,1,18,23,18023,4,2007,1G4HP572X7U2,1,G,4,H,P,5,7,2,X,7,U,2,0,P,BUIC,UCX,4D,7,17,3764,,0,1156,,G,,F,6,232,,,16R225,,,,,,0,0,000000000,00000000000,0,0,0,1,0,0,0,0,0,0,0,47,0,0,0,12,6,2,12,0,0,0,1,39,43130,6,1,0,0,3,0,74,220,0,0,0,0,0,0,0,0,0,0,0,0,0,0,1,2,55,1,2,2,2,0,0,1,62,1,1,1,51,0,0
39,390818,3,3,1,2,10,7,5,12,2,1,0,39,2,6,42,6042,4,1996,2C3HC56F9TH1,2,C,3,H,C,5,6,F,9,T,H,1,0,P,CHRY,LHS,4D,96,17,3560,,0,1130,,G,,F,6,215,,,16R225,,,,,,0,0,000000000,00000000000,0,0,0,1,0,0,0,0,0,0,0,55,0,0,0,2,6,2,54,0,0,0,1,18,45331,6,1,0,0,3,0,76,210,0,0,0,0,0,0,0,0,0,0,0,0,0,0,1,2,55,1,2,2,2,0,0,1,62,1,1,1,98,0,0
39,390819,1,1,2,3,10,20,48,8,0,1,0,39,2,12,3,12003,1,2000,1FAFP4441YF1,1,F,A,F,P,4,4,4,1,Y,F,1,0,P,FORD,MUS,CV,0,17,3208,,0,1013,,G,,F,6,232,,,15R205,,,,,,0,0,000000000,00000000000,0,0,0,1,0,0,0,0,0,0,0,65,0,0,0,12,2,1,8,0,0,0,1,39,45768,6,1,0,0,3,0,67,116,0,0,0,1,0,4,2012,4,2012,1,0,0,0,0,2,2,65,3,1,2,1,0,0,14,80,2,1,1,13,0,0
39,390820,1,1,1,6,10,2,50,42,0,1,0,39,2,37,31,37031,2,2003,1HGEM212X3L0,1,H,G,E,M,2,1,2,X,3,L,0,0,P,HOND,UCD,CP,3,17,2403,,0,1031,,G,,F,4,102,,,14R185,,,,,,0,0,000000000,00000000000,0,0,0,1,0,0,0,0,0,0,0,998,0,0,0,12,6,2,42,0,0,1,1,39,43615,6,1,0,0,3,0,72,150,0,0,0,1,1,5,2012,9,2012,1,36,0,0,0,1,2,55,1,1,2,2,0,0,1,8,1,2,4,2,1,1
39,390821,1,2,1,8,10,7,25,12,6,1,0,39,1,2,403,2403,14,2002,1J4FA39S12P7,1,J,4,F,A,3,9,S,1,2,P,7,0,T,JEEP,WRX,2W,2,17,,1,0,934,W/T,G,,,6,244,,,,,3255,00,E,44,0,0,000000000,00000000000,0,0,0,1,0,0,0,0,0,0,0,45,0,0,0,12,6,2,12,0,0,0,1,39,44024,6,1,0,0,3,0,67,160,0,0,0,0,0,0,0,0,0,0,38,39,0,0,1,2,45,1,1,2,1,20,3,1,17,1,1,1,88,0,0
39,390821,2,2,1,8,10,7,25,12,6,1,0,39,1,12,13,12013,7,1993,1FAPP15J6PW2,1,F,A,P,P,1,5,J,6,P,W,2,0,P,FORD,LXE,SW,93,17,2411,,0,984,,G,,F,4,113,,,13R175,,,,,,0,0,000000000,00000000000,0,0,0,1,0,0,0,0,0,0,0,45,0,1,5,9,6,2,12,0,0,0,1,39,44024,6,1,0,0,3,0,79,240,0,0,0,0,0,0,0,0,0,0,0,0,0,0,1,2,45,1,2,2,1,20,3,1,66,1,1,1,89,1,0
39,390822,1,1,1,10,10,17,55,24,0,1,0,39,2,20,32,20032,4,1990,1Y1SK5160LZ0,1,Y,1,S,K,5,1,6,0,L,Z,0,0,P,GEO,GEP,4D,90,17,2321,,0,957,,G,,F,4,097,,,13R175,,,,,,0,0,000000000,00000000000,0,0,0,1,0,0,0,0,0,0,0,32,0,0,0,12,6,2,24,0,0,0,1,39,44505,6,1,0,0,3,0,76,170,0,0,0,0,0,0,0,0,0,1,36,37,0,0,1,2,45,1,2,2,1,0,0,1,6,1,2,4,2,1,1
39,390823,1,2,1,11,10,9,1,12,6,1,0,39,1,12,3,12003,2,1995,1FALP42T4SF1,1,F,A,L,P,4,2,T,4,S,F,1,0,P,FORD,MGG,CP,95,17,3280,,0,1013,,G,,F,8,302,,,16R225,,,,,,0,0,000000000,00000000000,0,0,0,1,0,0,0,0,0,0,0,998,0,0,0,9,6,2,12,0,0,0,1,39,43068,6,1,0,0,3,0,72,200,1,3,0,0,2,4,2010,7,2011,0,38,0,0,0,3,2,35,1,1,2,1,20,3,1,17,1,1,1,89,1,0
39,390823,2,2,1,11,10,9,1,12,6,1,0,31,3,87,881,87881,66,2012,1XPHD49X6CD1,1,X,P,H,D,4,9,X,6,C,D,1,1,T,PTRB,386,TR,12,17,,8,0,0,CON,D,,,6,915,,,,,00000,00,,64,1,57,53467,5753467,3,6,1,1,0,0,0,0,0,0,0,998,0,0,0,12,4,3,12,0,0,0,1,36,13365,6,1,6,1,3,0,71,999,1,0,0,0,0,3,2010,3,2010,0,0,0,0,0,3,4,50,1,1,2,1,0,0,1,66,1,1,1,88,0,0
39,390824,1,1,1,12,10,19,56,8,0,1,0,39,1,20,404,20404,14,2010,2CNFLPEYXA62,2,C,N,F,L,P,E,Y,X,A,6,2,0,P,CHEV,EQU,UT,10,17,3944,,0,1125,,G,,F,6,183,,,17R225,,,,,,0,0,000000000,00000000000,0,0,0,1,0,0,0,0,0,0,0,35,0,0,0,12,4,1,8,0,0,0,1,39,43204,6,1,0,0,3,3,63,135,0,0,0,1,0,6,2011,6,2011,0,0,0,0,0,1,2,35,1,1,2,1,0,0,1,80,1,1,1,13,0,0
39,390825,1,1,1,13,10,19,20,34,0,1,0,39,1,20,35,20035,3,1992,2CNBJ18U4N69,2,C,N,B,J,1,8,U,4,N,6,9,0,P,GEO,GEO,UT,92,17,2365,,0,866,,G,,F,4,097,,,15R205,,,,,,0,0,000000000,00000000000,0,0,0,1,0,0,0,0,0,0,0,998,0,1,5,12,6,2,1,0,0,0,1,39,44883,6,1,0,0,3,0,69,180,0,0,0,0,0,0,0,0,0,0,36,0,0,0,1,2,55,1,1,2,2,0,0,1,9,8,2,4,2,1,0
39,390827,1,1,1,11,10,19,52,8,0,1,0,39,2,24,401,24401,14,2007,5GZCZ53417S8,5,G,Z,C,Z,5,3,4,1,7,S,8,0,P,STRN,VUE,UT,7,17,3534,,0,1066,,G,,F,6,214,,,16R235,,,,,,0,0,000000000,00000000000,0,0,0,1,0,0,0,0,0,0,0,40,0,0,0,12,4,1,8,0,0,0,1,39,43230,6,1,0,0,3,3,66,160,0,0,0,0,0,0,0,0,0,0,0,0,0,0,1,2,45,1,1,2,1,0,0,1,80,1,1,1,13,0,0
39,390828,1,1,1,11,10,2,47,8,0,1,0,39,1,12,13,12013,4,1997,1FALP13P1VW3,1,F,A,L,P,1,3,P,1,V,W,3,0,P,FORD,EST,4D,97,17,2503,,0,984,,G,,F,4,122,,,14R185,,,,,,0,0,000000000,00000000000,0,0,0,1,0,0,0,0,0,0,0,45,0,0,0,12,2,3,8,0,0,0,1,39,45013,6,1,0,0,3,0,65,165,0,0,0,0,0,0,0,0,0,1,0,0,0,0,1,4,50,1,1,2,1,0,0,1,80,1,1,1,13,0,0
39,390829,1,3,1,14,10,10,0,12,2,1,0,39,1,49,32,49032,4,2000,2T1BR12E0YC3,2,T,1,B,R,1,2,E,0,Y,C,3,0,P,TOYT,UVL,4D,0,17,2403,,0,970,,G,,F,4,109,,,14R175,,,,,,0,0,000000000,00000000000,0,0,0,1,0,0,0,0,0,0,0,50,0,0,0,12,6,2,12,0,0,0,1,39,43130,6,1,0,0,3,3,67,165,0,0,0,0,0,0,0,0,0,0,0,0,0,0,1,2,55,1,2,2,1,0,0,1,10,1,1,2,51,0,0
39,390829,2,3,2,14,10,10,0,12,2,1,0,39,1,37,31,37031,3,2005,SHHEP33625U5,S,H,H,E,P,3,3,6,2,5,U,5,0,P,HOND,CVS,2H,5,17,2782,,0,1012,,G,,F,4,121,,,16R205,,,,,,0,0,000000000,00000000000,0,0,0,1,0,0,0,0,0,0,0,60,0,0,0,12,6,2,12,0,0,0,1,39,43207,6,1,0,0,3,3,70,155,0,0,0,0,0,0,0,0,0,1,34,0,0,0,1,2,55,1,2,2,1,0,0,6,62,1,1,2,50,1,0
39,390829,3,3,1,14,10,10,0,12,2,1,0,39,1,7,472,7472,30,1997,1B7GL23X4VS2,1,B,7,G,L,2,3,X,4,V,S,2,0,T,DODG,DAK,PC,97,17,,1,0,1309,DAK,G,,,6,239,,,,B,3683,00,E,42,0,0,000000000,00000000000,0,0,0,1,0,0,0,0,0,0,0,50,0,0,0,9,6,2,54,0,0,0,1,39,43207,6,1,0,0,3,0,66,280,0,0,0,0,0,0,0,0,0,0,0,0,0,0,1,2,55,1,2,2,1,0,0,1,62,1,1,1,98,0,0
39,390830,1,1,2,16,10,0,58,33,0,1,0,39,1,20,2,20002,4,2003,2G1WH52K9393,2,G,1,W,H,5,2,K,9,3,9,3,0,P,CHEV,IPL,4D,3,17,3466,,0,1105,,G,,F,6,231,,,16R225,,,,,,0,0,000000000,00000000000,0,0,0,1,0,0,0,0,0,0,0,60,0,0,0,5,6,2,2,0,0,1,1,39,47031,6,1,0,0,3,3,68,140,0,0,0,0,2,7,2012,8,2012,1,36,0,0,0,1,2,99,4,1,2,1,0,0,14,6,1,2,4,7,1,1
39,390831,1,1,1,16,10,16,35,9,0,1,0,39,1,3,402,3402,14,2008,5GTEN43E2882,5,G,T,E,N,4,3,E,2,8,8,2,0,T,HUMM,LUX,4W,8,17,,2,0,1119,HUM,G,,,5,226,,,,B,4700,00,7,44,0,0,000000000,00000000000,0,0,0,1,0,0,0,0,0,0,0,10,0,0,0,12,4,1,9,0,0,0,1,39,45432,6,1,0,0,3,3,64,250,0,0,0,0,0,0,0,0,0,0,38,0,0,0,1,2,35,1,1,2,1,0,0,10,80,1,1,1,13,0,0
39,390832,1,1,1,16,10,13,58,30,0,1,0,39,1,21,20,21020,4,1996,1G3AJ55M2T63,1,G,3,A,J,5,5,M,2,T,6,3,0,P,OLDS,CRL,4D,96,17,2924,,0,1049,,G,,F,6,191,,,14R185,,,,,,0,0,000000000,00000000000,0,0,0,1,0,0,0,0,0,0,0,998,0,0,0,12,4,3,30,0,0,0,1,39,44260,6,1,0,0,3,3,62,100,0,0,0,0,0,0,0,0,0,0,0,0,0,0,6,1,65,2,1,2,1,0,0,14,13,1,1,4,1,1,0
39,390833,1,2,1,17,10,20,38,1,0,1,0,39,1,37,709,37709,80,2007,1HFSC46097A5,1,H,F,S,C,4,6,0,9,7,A,5,0,M,HOND,XC1,RS,7,17,,,,,,,1795,,2,,4,734,,,,,,,0,0,000000000,00000000000,0,0,0,1,0,0,0,0,0,0,0,50,0,0,0,0,6,2,1,0,0,0,1,39,44420,6,1,0,0,3,3,71,215,0,0,0,0,1,11,2010,11,2010,1,36,0,0,0,1,2,35,3,1,2,1,0,0,14,6,1,2,4,2,1,1
39,390833,2,2,1,17,10,20,38,1,0,1,0,39,2,77,706,77706,80,2006,5VPCB26D8630,5,V,P,C,B,2,6,D,8,6,3,0,0,M,VCTY,CBD,RS,6,17,,,,,,,1634,,2,,4,639,,,,,,,0,0,000000000,00000000000,0,0,0,1,0,0,0,0,0,0,0,50,0,0,0,0,6,2,1,0,0,0,1,39,44425,6,1,0,0,3,0,76,240,0,0,0,0,0,0,0,0,0,1,84,0,0,0,1,2,35,3,1,2,1,0,0,14,6,1,1,4,98,0,1
39,390834,1,1,2,19,10,19,35,17,0,1,0,39,2,37,32,37032,4,1994,1HGCD555XRA0,1,H,G,C,D,5,5,5,X,R,A,0,0,P,HOND,UER,4D,94,17,2908,,0,1069,,G,,F,4,132,,,15R195,,,,,,0,0,000000000,00000000000,0,0,0,1,0,0,0,0,0,0,0,70,0,0,0,10,6,2,17,0,0,0,1,39,44659,1,1,0,0,2,0,75,200,0,4,0,0,1,12,2009,9,2010,1,33,36,0,0,1,2,55,1,1,2,2,0,0,6,6,1,2,4,7,1,0
39,390835,1,2,1,22,10,11,0,12,1,1,0,39,3,98,998,98998,92,2008,999999999999,9,9,9,9,9,9,9,9,9,9,9,9,0,,,,,,,,,,,,,,,,,,,,,,,,,0,0,000000000,00000000000,0,0,0,1,0,0,0,0,0,0,0,3,0,0,0,6,2,1,12,0,0,0,1,39,43767,6,1,0,0,3,3,62,140,0,0,0,0,0,0,0,0,0,0,0,0,0,0,1,2,45,1,1,2,1,0,0,1,18,1,1,1,25,0,0
39,390835,2,2,1,22,10,11,0,12,1,1,0,39,1,20,398,20398,9,2012,1G1JC6SH5C41,1,G,1,J,C,6,S,H,5,C,4,1,0,P,CHEV,SNT,4H,12,17,2684,,0,994,,G,,F,4,110,,,15R195,,,,,,0,0,000000000,00000000000,0,0,0,1,0,0,0,0,0,0,0,47,0,0,0,12,6,2,12,0,0,0,1,39,43767,6,1,0,0,3,3,62,140,0,0,0,0,0,0,0,0,0,1,26,0,0,0,1,2,45,1,1,2,1,0,0,1,51,1,1,1,24,1,0
39,390836,1,2,1,22,10,19,0,12,6,1,0,39,1,49,40,49040,4,1994,4T1SK12E8RU3,4,T,1,S,K,1,2,E,8,R,U,3,0,P,TOYT,CLE,4D,94,17,3086,,0,1031,,G,,F,4,132,,,14R195,,,,,,0,0,000000000,00000000000,0,0,0,1,0,0,0,0,0,0,0,5,0,0,0,9,6,2,12,0,0,0,1,39,45212,6,1,0,0,3,3,66,160,0,0,0,0,0,0,0,0,0,0,38,0,0,0,1,4,35,1,2,2,1,0,0,11,18,1,1,1,68,0,0
39,390836,2,2,1,22,10,19,0,12,6,1,0,39,1,37,706,37706,80,2001,999999999999,9,9,9,9,9,9,9,9,9,9,9,9,0,,,,,,,,,,,,,,,,,,,,,,,,,0,0,000000000,00000000000,0,0,0,1,0,0,0,0,0,0,0,60,0,0,0,12,6,2,12,0,0,0,1,39,45227,6,1,0,0,3,0,68,152,0,0,0,0,0,0,0,0,0,1,0,0,0,0,1,4,35,1,2,2,1,0,0,1,54,1,1,1,69,1,1
39,390837,1,2,1,27,10,5,29,12,6,1,0,39,1,2,403,2403,14,2002,1J4FA59S82P7,1,J,4,F,A,5,9,S,8,2,P,7,0,T,JEEP,SAW,2W,2,17,,1,0,934,W/T,G,,,6,244,,,,,3426,00,E,44,0,0,000000000,00000000000,0,0,0,1,0,0,0,0,0,0,0,60,0,1,5,12,6,2,12,0,0,0,1,39,45303,6,1,0,0,3,0,72,205,0,0,0,0,0,0,0,0,0,1,39,0,0,0,1,2,55,1,1,2,1,20,3,1,17,1,1,1,88,0,0
39,390837,2,2,1,27,10,5,29,12,6,1,0,39,2,20,32,20032,4,2000,1Y1SK5286YZ4,1,Y,1,S,K,5,2,8,6,Y,Z,4,0,P,CHEV,P/L,4D,0,17,2403,,0,971,,G,,F,4,110,,,14R175,,,,,,0,0,000000000,00000000000,0,0,0,1,0,0,0,0,0,0,0,55,0,0,0,9,6,2,12,0,0,0,1,39,45301,6,1,0,0,3,0,72,163,0,0,0,0,0,0,0,0,0,0,0,0,0,0,1,2,55,1,1,2,1,0,0,1,66,1,1,1,89,1,0
39,390838,1,1,3,27,10,17,16,1,0,1,0,39,1,22,2,22002,4,1994,1G2HX52L2R42,1,G,2,H,X,5,2,L,2,R,4,2,0,P,PONT,BVS,4D,94,17,3446,,0,1108,,G,,F,6,231,,,15R215,,,,,,0,0,000000000,00000000000,0,0,0,1,0,0,0,0,0,0,0,998,0,1,6,0,6,2,42,0,0,0,1,39,45331,6,1,0,0,3,0,64,155,0,0,0,0,0,0,0,0,0,1,36,0,0,0,1,2,55,1,2,2,1,0,0,1,6,8,1,4,98,3,0
39,390839,1,1,2,27,10,0,52,23,0,1,0,17,2,12,461,12461,21,1998,1FTNE2428WHA,1,F,T,N,E,2,4,2,8,W,H,A,0,T,FORD,25V,CG,98,17,,2,0,1380,VAN,G,,,6,256,,,,C,5080,00,E,42,0,0,000000000,00000000000,0,0,0,1,0,0,0,0,0,0,0,60,0,0,0,9,6,2,23,0,0,0,1,39,43081,3,1,0,0,2,0,72,144,0,0,0,0,0,0,0,0,0,0,36,0,0,0,2,3,65,4,1,2,2,0,0,14,9,1,2,4,2,2,0
39,390840,1,1,1,10,8,14,20,59,0,1,0,39,1,23,481,23481,31,1994,1GTGC34F3RE5,1,G,T,G,C,3,4,F,3,R,E,5,0,T,GMC,SC3,PK,94,17,,2,1595,1315,SIE,D,,,8,397,,,,D,00000,00,A,42,0,0,000000000,00000000000,0,0,0,1,0,0,0,0,0,0,0,45,0,0,0,12,6,2,34,0,0,0,1,39,45894,6,1,0,0,3,3,65,185,0,0,0,0,0,0,0,0,0,0,0,0,0,0,1,2,55,1,1,2,1,0,0,1,13,1,1,4,1,1,0
39,390841,1,1,1,1,11,6,22,34,0,1,0,39,2,12,16,12016,4,2005,2FAFP71W45X1,2,F,A,F,P,7,1,W,4,5,X,1,0,P,FORD,CVP,4D,5,17,0,,0,1147,,G,,F,8,281,,,16R225,,,,,,0,0,000000000,00000000000,0,0,0,1,0,0,0,0,0,0,0,61,0,0,0,9,6,2,30,0,0,0,1,39,45066,6,1,0,0,3,0,70,260,0,0,0,0,0,0,0,0,0,0,58,0,0,0,1,2,55,3,2,2,2,0,0,14,13,6,1,4,1,1,0
39,390842,1,2,1,14,5,16,20,12,7,1,0,39,2,41,471,41471,30,2000,4F4ZR17X2YTM,4,F,4,Z,R,1,7,X,2,Y,T,M,0,T,MAZD,PTL,PC,0,17,,1,0,1259,B40,G,,,6,245,,,,,3600,00,U,44,0,0,000000000,00000000000,0,0,0,1,0,0,0,0,0,0,0,50,0,0,0,2,4,3,24,0,0,0,1,39,44305,6,1,0,0,3,0,74,200,0,0,0,0,0,0,0,0,0,0,36,0,0,0,2,3,55,1,1,2,1,0,0,1,8,1,2,2,44,1,1
39,390842,2,2,1,14,5,16,20,12,7,1,0,39,1,48,34,48034,6,2007,4S4BP61C8763,4,S,4,B,P,6,1,C,8,7,6,3,0,P,SUBA,LOI,SW,7,17,3330,,0,1051,,G,,F,4,150,,,000000,,,,,,0,0,000000000,00000000000,0,0,0,1,0,0,0,0,0,0,0,50,0,0,0,9,2,1,12,0,0,0,1,39,44310,6,1,0,0,3,0,73,180,1,0,0,0,1,11,2011,11,2011,0,0,0,0,0,2,3,55,1,1,2,1,0,0,1,61,1,1,1,45,0,0
39,390843,1,1,1,19,10,16,22,35,0,1,0,39,2,20,401,20401,14,2004,1GNCT18X54K1,1,G,N,C,T,1,8,X,5,4,K,1,0,P,CHEV,BZR,UT,4,17,3885,,0,1005,,G,,F,6,262,,,16R235,,,,,,0,0,000000000,00000000000,0,0,0,1,0,0,0,0,0,0,0,998,0,1,5,12,6,2,1,0,0,0,1,39,45230,1,1,0,0,2,0,68,160,0,2,1,2,2,12,2009,6,2011,0,36,0,0,0,1,2,40,3,1,2,2,0,0,14,8,2,2,4,7,1,0
39,390844,1,2,1,22,10,20,0,12,6,1,0,39,1,22,9,22009,2,1999,2G2FS32K5X22,2,G,2,F,S,3,2,K,5,X,2,2,0,P,PONT,FBD,CV,99,17,3492,,0,1011,,G,,F,6,231,,,16R215,,,,,,0,0,000000000,00000000000,0,0,0,1,0,0,0,0,0,0,0,55,0,0,0,12,6,2,12,0,0,0,1,39,44420,6,1,0,0,3,3,72,210,0,0,0,2,0,5,2010,4,2011,0,0,0,0,0,2,2,60,1,1,2,1,0,0,1,62,1,1,1,66,0,0
39,390844,2,2,1,22,10,20,0,12,6,1,0,39,1,41,44,41044,2,1993,1YVGE31B3P51,1,Y,V,G,E,3,1,B,3,P,5,1,0,P,MAZD,UML,CP,93,17,2700,,0,1028,,G,,F,6,152,,,15R205,,,,,,0,0,000000000,00000000000,0,0,0,1,0,0,0,0,0,0,0,998,0,0,0,3,6,2,12,0,0,0,1,39,44706,1,1,0,0,2,0,65,142,1,5,0,0,2,9,2010,9,2012,0,28,0,0,0,2,2,60,1,1,2,1,0,0,1,10,1,1,6,66,1,0
39,390845,1,3,1,10,11,15,52,12,6,1,0,39,1,24,2,24002,17,1999,1G8ZP1286XZ3,1,G,8,Z,P,1,2,8,6,X,Z,3,0,P,STRN,SC1,3P,99,17,0,,0,1024,,G,,F,4,116,,,14R175,,,,,,0,0,000000000,00000000000,0,0,0,1,0,0,0,0,0,0,0,10,0,0,0,5,6,2,12,0,0,0,1,39,43617,6,1,0,0,3,3,63,135,1,0,0,1,0,5,2010,1,2012,0,38,0,0,0,1,2,55,1,2,2,1,0,0,11,15,1,1,1,74,0,0
39,390845,2,3,1,10,11,15,52,12,6,1,0,39,1,72,706,72706,80,2001,1HD1FRW131Y6,1,H,D,1,F,R,W,1,3,1,Y,6,0,M,HD,FCI,RS,1,17,,,,,,,1450,,2,,4,710,,,,,,,0,0,000000000,00000000000,0,0,0,1,0,0,0,0,0,0,0,998,0,0,0,12,6,2,12,0,0,0,1,39,43551,6,1,0,0,3,0,75,270,1,0,0,0,1,8,2010,8,2010,0,0,0,0,0,1,2,55,1,2,2,1,0,0,1,62,1,1,1,74,1,1
39,390845,3,3,1,10,11,15,52,12,6,1,0,39,1,72,706,72706,80,2004,1HD1FHW124Y7,1,H,D,1,F,H,W,1,2,4,Y,7,0,M,HD,HPI,RS,4,17,,,,,,,1450,,2,,4,999,,,,,,,0,0,000000000,00000000000,0,0,0,1,0,0,0,0,0,0,0,45,0,0,0,0,2,3,1,0,0,0,1,39,43551,6,1,0,0,3,0,74,190,0,1,0,0,0,5,2010,5,2010,0,0,0,0,0,1,2,55,1,2,2,1,0,0,1,62,6,1,1,98,0,0
39,390846,1,1,3,21,10,0,51,1,0,1,0,39,2,20,401,20401,14,1991,1GNCS18Z1M82,1,G,N,C,S,1,8,Z,1,M,8,2,0,P,CHEV,S10,UT,91,17,3085,,0,1005,,G,,F,6,262,,,15R205,,,,,,0,0,000000000,00000000000,0,0,0,1,0,0,0,0,0,0,0,998,0,2,3,0,6,2,1,0,0,0,1,39,43837,6,1,0,0,3,0,68,220,0,0,0,0,2,3,2010,3,2012,0,36,0,0,0,3,4,65,1,2,2,1,0,0,1,9,8,2,4,7,1,1
39,390847,1,1,2,24,10,20,0,8,0,1,0,39,1,12,481,12481,31,2012,1FTFX1EFXCFC,1,F,T,F,X,1,E,F,X,C,F,C,0,T,FORD,F15,4C,12,17,,2,0,1450,COF,F,,,8,305,,,,B,5333,06,7,44,0,0,000000000,00000000000,0,0,0,1,0,0,0,0,0,0,0,10,0,0,0,12,2,3,8,0,0,0,1,39,44710,6,1,0,0,3,0,77,240,0,0,0,0,0,0,0,0,0,0,0,0,0,0,1,4,35,1,1,2,1,3,3,1,80,1,1,1,13,0,0
39,390848,1,2,1,25,10,8,50,12,2,1,0,36,1,48,34,48034,6,2002,4S3BH6659276,4,S,3,B,H,6,6,5,9,2,7,6,0,P,SUBA,ULK,SW,2,17,3425,,0,1043,,G,,F,4,153,,,16R225,,,,,,0,0,000000000,00000000000,0,0,0,1,0,0,0,0,0,0,0,55,0,0,0,12,6,2,12,0,0,0,1,36,12525,6,1,0,0,3,0,64,999,3,0,0,0,0,12,2009,6,2011,1,0,0,0,0,1,2,55,1,1,2,1,0,0,1,10,1,1,2,50,0,1
39,390848,2,2,1,25,10,8,50,12,2,1,0,39,2,20,19,20019,5,1989,1G1LT6417KY2,1,G,1,L,T,6,4,1,7,K,Y,2,0,P,CHEV,CSA,4H,89,17,2648,,0,1034,,G,,F,4,121,,,14R185,,,,,,0,0,000000000,00000000000,0,0,0,1,0,0,0,0,0,0,0,998,0,0,0,12,6,2,12,0,0,0,1,39,44691,6,1,0,0,3,0,66,130,0,0,0,0,0,0,0,0,0,1,0,0,0,0,1,2,55,1,1,2,1,0,0,1,62,1,1,2,51,1,0
39,390849,1,2,2,3,11,18,36,12,2,1,0,39,2,63,33,63033,4,2007,KNAFE1211750,K,N,A,F,E,1,2,1,1,7,5,0,0,P,KIA,SXC,4D,7,17,2701,,0,1028,,G,,F,4,122,,,15R195,,,,,,0,0,000000000,00000000000,0,0,0,1,0,0,0,0,0,0,0,998,0,0,0,12,6,2,12,0,0,0,1,39,45657,6,1,0,0,3,0,73,200,0,2,0,0,0,10,2010,2,2011,0,0,0,0,0,1,2,55,3,2,2,2,0,0,14,10,1,1,2,50,1,1
39,390849,2,2,1,3,11,18,36,12,2,1,0,21,2,12,422,12422,15,2011,1FMJU1J55BEF,1,F,M,J,U,1,J,5,5,B,E,F,1,P,FORD,EPT,UT,11,17,5805,,0,1190,,F,,F,8,329,,,17R265,,,,,,1,0,000000000,00000000000,0,0,0,1,0,0,0,0,0,0,0,998,0,0,0,12,6,2,12,0,0,0,1,21,41101,6,1,0,0,3,0,66,150,0,0,0,0,0,0,0,0,0,0,0,0,0,0,1,2,55,3,2,2,2,0,0,14,62,1,1,1,51,0,0
39,390850,1,2,1,25,10,19,20,12,6,1,0,39,2,24,1,24001,4,2000,1G8ZH5284YZ1,1,G,8,Z,H,5,2,8,4,Y,Z,1,0,P,STRN,SL1,4D,0,17,2332,,0,1024,,G,,F,4,116,,,14R185,,,,,,0,0,000000000,00000000000,0,0,0,1,0,0,0,0,0,0,0,45,0,0,0,10,6,2,12,0,0,0,1,39,45152,6,1,0,0,3,3,70,150,0,0,0,0,0,0,0,0,0,0,0,0,0,0,1,4,45,1,1,2,1,3,3,1,62,1,1,1,69,0,0
39,390850,2,2,1,25,10,19,20,12,6,1,0,39,1,49,32,49032,4,2003,1NXBR38EX3Z0,1,N,X,B,R,3,8,E,X,3,Z,0,0,P,TOYT,UCS,4D,3,17,2502,,0,1024,,G,,F,4,109,,,15R185,,,,,,0,0,000000000,00000000000,0,0,0,1,0,0,0,0,0,0,0,998,0,0,0,12,6,2,12,0,0,0,1,39,45039,6,1,0,0,3,3,64,110,1,0,0,0,1,11,2010,11,2010,0,38,0,0,0,1,4,45,1,1,2,1,3,3,11,15,1,1,2,68,1,0
39,390851,1,1,1,6,11,23,5,11,0,1,0,39,1,12,481,12481,31,2010,1FTEX1EW7AFC,1,F,T,E,X,1,E,W,7,A,F,C,0,T,FORD,F15,4C,10,17,,2,1630,1330,COF,G,,,8,281,,,,B,5522,00,7,44,0,0,000000000,00000000000,0,0,0,1,0,0,0,0,0,0,0,998,0,0,0,12,6,2,11,0,0,0,1,39,44052,6,1,0,0,3,0,72,200,0,0,0,0,0,0,0,0,0,0,83,0,0,0,1,2,55,1,1,2,1,0,0,1,87,1,1,1,13,1,0