STATE,ST_CASE,VEH_NO,VE_FORMS,NUMOCCS,DAY,MONTH,HOUR,MINUTE,HARM_EV,MAN_COLL,UNITTYPE,HIT_RUN,REG_STAT,OWNER,MAKE,MODEL,MAK_MOD,BODY_TYP,MOD_YEAR,VIN,VIN_1,VIN_2,VIN_3,VIN_4,VIN_5,VIN_6,VIN_7,VIN_8,VIN_9,VIN_10,VIN_11,VIN_12,TOW_VEH,VINTYPE,VINMAKE,VINA_MOD,VIN_BT,VINMODYR,VIN_LNGT,VIN_WGT,WGTCD_TR,WHLBS_LG,WHLBS_SH,SER_TR,FUELCODE,MCYCL_DS,CARBUR,CYLINDER,DISPLACE,MCYCL_CY,MCYCL_WT,TIRE_SZE,TON_RAT,TRK_WT,TRKWTVAR,VIN_REST,WHLDRWHL,J_KNIFE,MCARR_I1,MCARR_I2,MCARR_ID,GVWR,V_CONFIG,CARGO_BT,HAZ_INV,HAZ_PLAC,HAZ_ID,HAZ_CNO,HAZ_REL,BUS_USE,SPEC_USE,EMER_USE,TRAV_SP,UNDERIDE,ROLLOVER,ROLINLOC,IMPACT1,DEFORMED,TOWED,M_HARM,VEH_SC1,VEH_SC2,FIRE_EXP,DR_PRES,L_STATE,DR_ZIP,L_STATUS,L_TYPE,CDL_STAT,L_ENDORS,L_COMPL,L_RESTRI,DR_HGT,DR_WGT,PREV_ACC,PREV_SUS,PREV_DWI,PREV_SPD,PREV_OTH,FIRST_MO,FIRST_YR,LAST_MO,LAST_YR,SPEEDREL,DR_SF1,DR_SF2,DR_SF3,DR_SF4,VTRAFWAY,VNUM_LAN,VSPD_LIM,VALIGN,VPROFILE,VPAVETYP,VSURCOND,VTRAFCON,VTCONT_F,P_CRASH1,P_CRASH2,P_CRASH3,PCRASH4,PCRASH5,ACC_TYPE,DEATHS,DR_DRINK
39,390951,2,2,2,12,12,12,32,12,1,1,0,39,3,20,981,20981,58,2010,1GB9G5AL7A11,1,G,B,9,G,5,A,L,7,A,1,1,0,T,CHEV,CT4,YY,10,17,,4,0,1590,ETV,D,,,8,403,,,,D,5150,00,,42,0,99,999999999,99999999999,3,21,22,1,0,0,0,0,8,0,0,10,0,0,0,12,0,1,12,0,0,0,1,39,44306,6,1,6,1,3,3,67,195,1,0,0,0,2,10,2011,8,2012,0,26,0,0,0,1,4,35,1,2,1,1,0,0,1,50,1,1,1,20,1,0
39,390952,1,2,1,25,12,3,7,12,2,1,0,39,1,18,20,18020,4,1995,2G4WB52L5S14,2,G,4,W,B,5,2,L,5,S,1,4,0,P,BUIC,RGC,4D,95,17,3335,,0,1075,,G,,F,6,231,,,15R205,,,,,,0,0,000000000,00000000000,0,0,0,1,0,0,0,0,0,0,0,998,0,0,0,12,6,2,12,0,0,0,1,39,43604,0,0,0,0,0,0,999,999,0,0,0,0,0,0,0,0,0,0,0,0,0,0,2,2,65,1,1,2,1,0,0,1,18,1,1,1,52,1,0
39,390952,2,2,1,25,12,3,7,12,2,1,0,26,2,12,422,12422,15,2006,1FMFU16596LA,1,F,M,F,U,1,6,5,9,6,L,A,0,P,FORD,EPT,UT,6,17,5606,,0,1190,,G,,F,8,329,,,17R265,,,,,,0,0,000000000,00000000000,0,0,0,1,0,0,0,0,0,0,0,998,0,0,0,12,6,2,12,0,0,0,1,26,48145,0,0,0,0,0,0,77,270,0,0,0,0,0,0,0,0,0,0,36,51,0,0,2,2,65,1,1,2,1,0,0,1,98,1,1,2,52,0,1
39,390953,1,2,1,29,12,6,11,12,6,1,0,39,1,6,41,6041,4,1993,2C3EL56F1PH5,2,C,3,E,L,5,6,F,1,P,H,5,0,P,CHRY,CND,4D,93,17,3235,,0,1130,,G,,F,6,215,,,15R205,,,,,,0,0,000000000,00000000000,0,0,0,1,0,0,0,0,0,0,0,998,0,0,0,3,6,2,12,0,0,0,1,39,43015,6,1,0,0,3,3,64,225,0,1,0,0,0,5,2012,5,2012,0,36,0,0,0,1,2,45,1,1,2,3,0,0,1,5,1,2,2,64,1,1
39,390953,2,2,2,29,12,6,11,12,6,1,0,39,1,23,401,23401,14,2007,1GKDT13SX721,1,G,K,D,T,1,3,S,X,7,2,1,0,T,GMC,ENV,4W,7,17,,1,0,1130,ENV,G,,,6,256,,,,B,4541,00,4,44,0,0,000000000,00000000000,0,0,0,1,0,0,0,0,0,0,0,30,0,0,0,12,6,2,12,0,0,0,1,39,43035,6,1,0,0,3,3,72,200,0,0,0,0,0,0,0,0,0,0,0,0,0,0,1,2,45,1,1,2,3,0,0,1,62,1,1,1,65,0,0
39,390954,1,1,1,30,12,10,50,8,0,1,0,39,2,20,481,20481,31,2005,1GCEK19B25E1,1,G,C,E,K,1,9,B,2,5,E,1,0,T,CHEV,SK1,4C,5,17,,2,1575,1435,SIL,G,,,8,325,,,,B,4661,00,,44,0,0,000000000,00000000000,0,0,0,1,0,0,0,0,0,0,0,25,0,0,0,12,4,3,8,0,0,0,1,39,45324,1,1,0,0,2,3,71,200,0,3,0,0,1,12,2011,10,2012,0,99,99,99,99,1,2,55,1,1,2,2,0,0,1,80,7,1,1,13,0,0
39,390955,1,2,1,31,12,16,10,12,6,1,0,39,1,20,20,20020,2,1995,2G1WW12M4S92,2,G,1,W,W,1,2,M,4,S,9,2,0,P,CHEV,MLS,CP,95,17,3276,,0,1075,,G,,F,6,191,,,15R205,,,,,,0,0,000000000,00000000000,0,0,0,1,0,0,0,0,0,0,0,998,0,0,0,3,6,2,12,0,0,0,1,39,44643,6,1,0,0,3,0,61,126,0,0,0,0,0,0,0,0,0,1,87,0,0,0,1,2,55,1,2,2,3,0,0,1,6,1,4,2,66,1,0
39,390955,2,2,1,31,12,16,10,12,6,1,0,39,1,22,2,22002,4,2002,1G2HX54K1241,1,G,2,H,X,5,4,K,1,2,4,1,0,P,PONT,BVS,4D,2,17,3633,,0,1122,,G,,F,6,231,,,16R225,,,,,,0,0,000000000,00000000000,0,0,0,1,0,0,0,0,0,0,0,50,0,0,0,12,6,2,12,0,0,0,1,39,44626,6,1,0,0,3,3,66,260,0,0,0,0,0,0,0,0,0,0,0,0,0,0,1,2,55,1,2,2,3,0,0,1,62,1,1,1,66,0,0
39,390956,1,3,3,23,10,19,30,7,0,1,0,39,2,22,16,22016,2,1999,1G2JB1247X75,1,G,2,J,B,1,2,4,7,X,7,5,0,P,PONT,SFS,CP,99,17,2630,,0,1041,,G,,F,4,133,,,14R195,,,,,,0,0,000000000,00000000000,0,0,0,1,0,0,0,0,0,0,0,50,2,0,0,0,6,2,12,0,0,0,1,39,45385,1,1,0,0,2,3,70,160,0,1,0,0,0,10,2010,10,2010,1,34,36,0,0,1,2,25,1,2,2,1,0,0,6,6,1,1,2,0,1,1
39,390956,2,3,2,23,10,19,30,7,0,1,0,39,3,12,481,12481,31,2012,1FTFX1EFXCFA,1,F,T,F,X,1,E,F,X,C,F,A,0,T,FORD,F15,4C,12,17,,2,0,1450,COF,F,,,8,305,,,,B,5333,06,7,44,0,0,000000000,00000000000,0,0,0,1,0,0,0,0,0,0,0,25,0,0,0,7,4,3,12,0,0,0,1,39,45066,6,1,0,0,3,0,72,215,1,0,0,0,1,10,2009,11,2009,0,0,0,0,0,1,2,25,1,2,2,1,0,0,1,53,1,1,1,98,0,0
39,390956,3,3,1,23,10,19,30,7,0,1,0,39,1,55,35,55035,4,2005,KMHDN46D25U0,K,M,H,D,N,4,6,D,2,5,U,0,0,P,HYUN,EST,4D,5,17,2635,,0,1027,,G,,F,4,121,,,15R195,,,,,,0,0,000000000,00000000000,0,0,0,1,0,0,0,0,0,0,0,25,0,0,0,11,6,2,12,0,0,0,1,21,45066,6,1,0,0,3,0,61,135,0,0,0,0,0,0,0,0,0,0,0,0,0,0,1,2,25,1,2,2,1,0,0,1,62,1,1,1,98,0,0
39,390957,1,1,2,28,11,14,57,30,0,1,0,39,1,6,41,6041,4,1999,2C3HD46J5XH7,2,C,3,H,D,4,6,J,5,X,H,7,0,P,CHRY,CIX,4D,99,17,3474,,0,1130,,G,,F,6,197,,,15R205,,,,,,0,0,000000000,00000000000,0,0,0,1,0,0,0,0,0,0,0,45,0,0,0,12,6,2,30,0,0,0,1,39,44437,6,1,0,0,3,0,70,270,0,0,0,0,0,0,0,0,0,1,6,0,0,0,1,4,25,1,2,2,1,20,3,1,6,7,1,4,14,1,0
39,390958,1,4,1,19,5,15,18,12,1,1,0,12,3,99,999,99999,79,2007,999999999999,9,9,9,9,9,9,9,9,9,9,9,9,0,,,,,,,,,,,,,,,,,,,,,,,,,0,99,999999999,99999999999,9,1,96,1,0,0,0,0,0,0,0,50,0,0,0,12,6,2,12,0,0,0,1,41,97060,6,1,6,0,3,0,71,245,0,0,0,1,0,7,2011,7,2011,1,26,0,0,0,3,2,55,1,1,2,1,0,0,2,52,2,1,1,28,0,0
39,390958,2,4,1,19,5,15,18,12,1,1,0,39,2,18,7,18007,4,2005,2G4WS52J1511,2,G,4,W,S,5,2,J,1,5,1,1,0,P,BUIC,CCU,4D,5,17,3342,,0,1090,,G,,F,6,189,,,15R205,,,,,,0,0,000000000,00000000000,0,0,0,1,0,0,0,0,0,0,0,50,0,0,0,6,6,2,12,0,0,0,1,39,43055,6,1,0,0,3,3,70,240,0,0,0,0,0,0,0,0,0,0,0,0,0,0,3,2,55,1,1,2,1,0,0,2,53,1,1,1,29,1,0
39,390958,3,4,1,19,5,15,18,12,1,1,0,39,2,20,16,20016,2,1998,1G1JC1245W72,1,G,1,J,C,1,2,4,5,W,7,2,0,P,CHEV,C/S,CP,98,17,2584,,0,1041,,G,,F,4,133,,,14R195,,,,,,0,0,000000000,00000000000,0,0,0,1,0,0,0,0,0,0,0,45,0,0,0,6,6,2,12,0,0,0,1,39,43701,6,1,0,0,3,0,68,130,0,0,0,0,0,0,0,0,0,0,0,0,0,0,3,2,55,1,1,2,1,0,0,2,53,1,1,1,98,0,0
39,390958,4,4,1,19,5,15,18,12,1,1,0,39,3,82,881,82881,66,2002,1FUJA6CG42LJ,1,F,U,J,A,6,C,G,4,2,L,J,1,T,FRHT,COL,TR,2,17,,8,0,0,CON,D,,,6,774,,,,,00000,00,,64,1,88,888888888,88888888888,3,6,98,1,0,0,0,0,0,0,0,45,0,0,0,6,2,1,12,0,0,0,1,39,43822,6,1,6,0,3,3,69,206,2,0,0,0,1,4,2011,4,2011,0,0,0,0,0,3,2,55,1,1,2,1,0,0,2,53,1,1,1,98,0,0
39,390959,1,2,1,24,8,20,20,12,2,1,0,39,1,20,36,20036,2,2002,999999999999,9,9,9,9,9,9,9,9,9,9,9,9,0,,,,,,,,,,,,,,,,,,,,,,,,,0,0,000000000,00000000000,0,0,0,1,0,0,0,0,0,0,0,998,0,0,0,12,6,2,12,0,0,0,1,39,45011,6,1,0,0,3,0,76,170,0,1,0,1,0,12,2009,9,2010,0,28,0,0,0,1,2,55,1,2,2,1,0,0,1,10,7,1,2,50,0,0
39,390959,2,2,2,24,8,20,20,12,2,1,0,39,2,20,22,20022,2,2005,1G1AK12F0575,1,G,1,A,K,1,2,F,0,5,7,5,0,P,CHEV,CBT,CP,5,17,2991,,0,1033,,G,,F,4,134,,,15R195,,,,,,0,0,000000000,00000000000,0,0,0,1,0,0,0,0,0,0,0,998,0,0,0,12,6,2,12,0,0,0,1,39,45311,6,1,6,0,3,3,73,250,0,0,0,0,0,0,0,0,0,0,0,0,0,0,1,2,55,1,2,2,1,0,0,1,62,6,1,2,51,1,0
39,390960,1,1,1,30,6,17,50,35,0,1,0,39,2,53,739,53739,90,2007,5SAAM44A6771,5,S,A,A,M,4,4,A,6,7,7,1,0,M,SUZI,L5F,AT,7,17,,,,,,,493,,1,,4,604,,,,,,,0,0,000000000,00000000000,0,0,0,1,0,0,0,0,0,0,0,50,0,0,0,5,2,3,35,0,0,0,1,39,44880,6,1,0,0,3,0,66,150,0,0,0,0,0,0,0,0,0,0,0,0,0,0,1,2,55,2,2,2,1,0,0,14,11,1,1,4,1,1,1
39,390961,1,3,1,12,9,9,12,12,7,1,0,39,1,2,405,2405,14,2006,1J4GL48K06W2,1,J,4,G,L,4,8,K,0,6,W,2,0,T,JEEP,SPR,4W,6,17,,1,0,1043,LIB,G,,,6,226,,,,,3857,00,E,44,0,0,000000000,00000000000,0,0,0,1,0,0,0,0,0,0,0,65,0,0,0,1,6,2,8,0,0,0,1,39,44147,6,1,0,0,3,0,72,210,0,1,0,2,2,9,2009,6,2011,1,26,0,0,0,3,3,65,1,1,2,1,98,3,1,6,1,1,1,44,0,0
39,390961,2,3,1,12,9,9,12,12,7,1,0,39,1,37,441,37441,20,2008,5FNRL38698B0,5,F,N,R,L,3,8,6,9,8,B,0,0,P,HOND,UDY,SV,8,17,4550,,0,1181,,G,,F,6,214,,,16R235,,,,,,0,0,000000000,00000000000,0,0,0,1,0,0,0,0,0,0,0,55,0,0,0,7,4,3,12,0,0,0,1,39,44011,6,1,0,0,3,3,72,185,0,0,0,0,0,0,0,0,0,0,0,0,0,0,3,3,65,1,1,2,1,98,3,1,53,1,1,1,45,0,0
39,390961,3,3,1,12,9,9,12,12,7,1,0,39,3,7,482,7482,31,1999,3B7HF13Z6XG1,3,B,7,H,F,1,3,Z,6,X,G,1,0,T,DODG,Q15,4C,99,17,,2,1547,1387,RPC,G,,,8,360,,,,B,4956,01,U,44,0,0,000000000,00000000000,0,0,0,1,0,0,0,0,0,0,0,0,0,0,0,6,4,1,12,0,0,0,1,39,44131,6,1,0,0,3,0,72,220,0,0,0,0,1,6,2010,6,2010,0,0,0,0,0,3,3,65,1,1,2,1,98,3,5,61,1,1,1,98,0,0
39,390962,1,1,1,25,10,99,99,8,0,1,1,39,2,12,471,12471,30,1999,1FTYR14V1XPA,1,F,T,Y,R,1,4,V,1,X,P,A,0,T,FORD,RNS,PC,99,17,,1,0,1257,RNG,F,,,6,182,,,,B,00000,00,U,42,0,0,000000000,00000000000,0,0,0,1,0,0,0,0,0,0,0,999,0,0,0,1,2,1,8,0,0,0,1,39,43347,6,1,0,0,3,3,60,125,0,0,0,0,0,0,0,0,0,0,6,0,0,0,1,2,55,1,2,2,1,0,0,1,13,1,1,4,1,0,1
39,390963,1,2,2,11,11,16,42,12,6,1,0,39,1,72,706,72706,80,2007,1HD1KB4157Y6,1,H,D,1,K,B,4,1,5,7,Y,6,0,M,HD,FHX,RS,7,17,,,,,,,1584,,2,,4,733,,,,,,,0,0,000000000,00000000000,0,0,0,1,0,0,0,0,0,0,0,998,0,0,0,1,4,9,12,0,0,0,1,39,44709,6,1,0,0,3,0,73,220,0,0,0,3,0,4,2010,5,2012,0,0,0,0,0,1,2,35,1,1,2,1,0,0,1,67,1,1,1,83,1,0
39,390963,2,2,1,11,11,16,42,12,6,1,0,39,1,19,22,19022,4,2007,1G6KD57Y77U2,1,G,6,K,D,5,7,Y,7,7,U,2,0,P,CADI,TDS,4D,7,17,4009,,0,1156,,G,,F,8,281,,,17R235,,,,,,0,0,000000000,00000000000,0,0,0,1,0,0,0,0,0,0,0,998,0,0,0,7,2,9,12,0,0,0,1,39,44319,6,1,0,0,3,0,73,175,0,3,1,0,0,4,2011,4,2012,0,38,0,0,0,1,2,35,1,1,2,1,20,3,11,15,1,1,1,82,0,0
39,390964,1,2,1,26,12,15,9,57,0,1,0,39,2,18,2,18002,4,2003,1G4HP52K73U1,1,G,4,H,P,5,2,K,7,3,U,1,0,P,BUIC,LCF,4D,3,17,3567,,0,1122,,G,,F,6,231,,,15R215,,,,,,0,0,000000000,00000000000,0,0,0,1,0,0,0,0,0,0,0,75,0,0,0,9,6,2,12,0,0,0,1,39,45040,6,1,0,0,3,0,62,116,0,1,0,1,0,8,2011,8,2011,1,52,0,0,0,3,4,65,1,2,2,3,0,0,1,6,1,4,4,7,1,0
39,390964,2,2,1,26,12,15,9,57,0,1,0,39,3,84,883,84883,63,2000,1HTGCADTXYH2,1,H,T,G,C,A,D,T,X,Y,H,2,0,T,INTL,254,CC,0,17,,8,2920,1800,20S,D,,,6,530,,,,,00000,00,,64,0,88,888888888,88888888888,3,2,4,1,0,0,0,0,0,0,0,40,0,0,0,14,4,3,12,0,0,0,1,39,45177,6,1,6,0,3,0,73,290,0,0,0,0,0,0,0,0,0,0,0,0,0,0,3,4,65,1,2,2,3,0,0,1,62,1,1,1,98,0,0
39,390965,1,2,2,30,12,1,19,12,7,1,0,1,1,20,473,20473,30,2005,1GCDS1963582,1,G,C,D,S,1,9,6,3,5,8,2,0,T,CHEV,RDO,4C,5,17,,1,0,1259,CAL,G,,,5,214,,,,,3346,00,,42,0,0,000000000,00000000000,0,0,0,1,0,0,0,0,0,0,0,50,0,0,0,1,6,2,12,0,0,0,1,39,45014,6,1,0,0,3,0,70,180,0,0,0,0,0,0,0,0,0,1,26,0,0,0,1,4,35,1,1,2,1,3,3,1,6,1,1,1,48,1,1
39,390965,2,2,1,30,12,1,19,12,7,1,0,21,3,51,881,51881,66,2013,4V4NC9EH7DN1,4,V,4,N,C,9,E,H,7,D,N,1,1,T,VOLV,VNL,TR,13,17,,8,0,0,VVN,D,,,6,793,,,,,00000,00,,64,1,57,148192,57148192,3,6,1,1,0,0,0,0,0,0,0,3,0,0,0,7,2,1,12,0,0,0,1,39,45387,6,1,6,0,3,3,71,175,0,0,0,0,3,9,2010,4,2011,0,0,0,0,0,1,4,35,1,1,2,1,3,3,4,53,1,1,1,48,0,0
39,390966,1,1,1,20,10,21,42,42,0,1,0,39,2,12,481,12481,31,1995,1FTDF15Y6SLC,1,F,T,D,F,1,5,Y,6,S,L,C,0,T,FORD,F15,PK,95,17,,1,1330,1170,COF,G,,,6,300,,,,B,00000,00,M,42,0,0,000000000,00000000000,0,0,0,1,0,0,0,0,0,0,0,50,0,0,0,12,6,2,42,0,0,0,1,39,43725,6,1,0,0,3,0,67,200,0,0,0,0,0,0,0,0,0,0,0,0,0,0,1,2,55,1,1,2,1,0,0,1,10,1,1,4,6,1,0
39,390967,1,2,3,29,10,6,58,12,6,1,0,39,2,49,38,49038,2,1994,JT2EL46S6R04,J,T,2,E,L,4,6,S,6,R,0,4,0,P,TOYT,TSD,2D,94,17,1950,,0,937,,G,,F,4,089,,,13R145,,,,,,0,0,000000000,00000000000,0,0,0,1,0,0,0,0,0,0,0,5,0,0,0,9,6,2,12,0,0,0,1,39,43771,6,1,0,0,3,0,62,210,0,0,0,0,0,0,0,0,0,0,0,0,0,0,1,2,35,1,2,2,2,3,3,1,66,1,1,1,89,1,0
39,390967,2,2,1,29,10,6,58,12,6,1,0,39,3,86,881,86881,64,1995,1M2P267C6SM0,1,M,2,P,2,6,7,C,6,S,M,0,0,T,MACK,RD6,CC,95,17,,8,0,0,600,D,,,6,728,,,,,00000,00,,64,0,5,752115,05752115,3,2,5,1,0,0,0,0,0,0,0,25,0,0,0,12,2,1,12,0,0,0,1,39,43764,0,0,0,0,0,0,999,999,0,0,0,0,0,0,0,0,0,0,39,0,0,0,1,2,35,1,2,2,2,3,3,1,17,1,1,1,88,0,0
39,390968,1,1,1,3,11,23,25,8,0,1,0,99,9,99,999,99999,99,9999,999999999999,9,9,9,9,9,9,9,9,9,9,9,9,0,,,,,,,,,,,,,,,,,,,,,,,,,0,0,000000000,00000000000,0,0,0,1,0,0,0,0,0,0,0,999,0,0,0,12,9,1,8,0,0,0,1,99,99999,9,9,99,9,9,9,999,999,99,99,99,99,99,99,9999,99,9999,0,0,0,0,0,1,4,30,3,1,2,1,0,0,14,80,1,1,1,13,0,0
39,390969,1,1,1,19,11,1,38,43,0,1,0,39,1,20,481,20481,31,1996,2GCEC19M3T11,2,G,C,E,C,1,9,M,3,T,1,1,0,T,CHEV,GC1,PC,96,17,,2,1555,1415,GM4,G,,,8,305,,,,B,4068,02,,42,0,0,000000000,00000000000,0,0,0,1,0,0,0,0,0,0,0,65,0,0,0,9,6,2,42,0,0,0,1,39,45320,1,1,0,0,2,3,64,190,0,1,0,0,0,8,2011,8,2011,1,36,0,0,0,1,2,55,1,1,2,1,0,0,1,6,1,2,4,7,1,0
39,390970,1,2,1,30,11,13,58,12,1,1,0,39,3,20,461,20461,21,2010,1GCZGFBA9A11,1,G,C,Z,G,F,B,A,9,A,1,1,0,T,CHEV,E25,CG,10,17,,2,0,1350,EXP,F,,,8,293,,,,C,5338,00,,42,0,0,000000000,00000000000,0,0,0,1,0,0,0,0,0,0,0,0,0,0,0,6,4,3,12,0,0,0,1,39,44685,6,1,0,0,3,0,72,215,0,0,0,0,0,0,0,0,0,0,0,0,0,0,1,4,35,1,2,2,1,0,0,5,18,1,1,1,21,0,0
39,390970,2,2,2,30,11,13,58,12,1,1,0,39,2,49,47,49047,6,2004,2T1KR32E74C1,2,T,1,K,R,3,2,E,7,4,C,1,0,P,TOYT,CTR,4H,4,17,2701,,0,1024,,G,,F,4,109,,,16R205,,,,,,0,0,000000000,00000000000,0,0,0,1,0,0,0,0,0,0,0,35,0,0,0,12,6,2,12,0,0,0,1,47,44614,6,1,0,0,3,3,67,250,0,0,0,0,0,0,0,0,0,0,26,0,0,0,1,4,35,1,2,2,1,0,0,1,50,2,1,1,20,1,0
39,390971,1,1,1,14,12,6,11,8,0,1,0,39,1,12,481,12481,31,1994,1FTEF15N5RLB,1,F,T,E,F,1,5,N,5,R,L,B,0,T,FORD,F15,PK,94,17,,2,1330,1170,COF,G,,,8,302,,,,B,3886,01,M,42,0,0,000000000,00000000000,0,0,0,1,0,0,0,0,0,0,0,35,0,0,0,10,2,1,8,0,0,0,1,39,43567,6,1,0,0,3,0,72,300,0,0,0,1,0,8,2010,8,2010,0,0,0,0,0,1,2,35,1,2,2,1,0,0,1,80,1,1,2,13,0,0
39,390972,1,1,2,17,12,12,20,33,0,1,0,39,1,20,401,20401,14,1996,1GNDT13WXT21,1,G,N,D,T,1,3,W,X,T,2,1,0,P,CHEV,BZR,UT,96,17,4023,,0,1070,,G,,F,6,262,,,15R235,,,,,,0,0,000000000,00000000000,0,0,0,1,0,0,0,0,0,0,0,35,0,0,0,12,6,2,42,0,0,0,1,39,44708,6,1,0,0,3,0,68,160,0,0,0,0,0,0,0,0,0,0,36,51,0,0,2,2,35,1,2,2,1,0,0,1,9,1,2,4,7,1,0
39,390973,1,2,1,21,12,14,30,12,6,1,0,54,1,20,471,20471,30,2001,1GCDT19W0181,1,G,C,D,T,1,9,W,0,1,8,1,0,T,CHEV,S14,PC,1,17,,1,0,1229,S,G,,,6,262,,,,B,00000,00,,44,0,0,000000000,00000000000,0,0,0,1,0,0,0,0,0,0,0,1,0,0,0,12,6,2,12,0,0,0,1,54,43746,6,1,0,0,3,3,73,205,0,0,0,0,0,0,0,0,0,0,0,0,0,0,1,2,55,1,2,2,4,0,0,1,62,1,1,1,65,0,0
39,390973,2,2,3,21,12,14,30,12,6,1,0,39,1,21,441,21441,20,2004,999999999999,9,9,9,9,9,9,9,9,9,9,9,9,0,,,,,,,,,,,,,,,,,,,,,,,,,0,0,000000000,00000000000,0,0,0,1,0,0,0,0,0,0,0,20,0,0,0,3,6,2,12,0,0,0,1,39,43056,6,1,0,0,3,0,71,200,1,0,0,0,1,7,2010,5,2012,0,51,0,0,0,1,2,55,1,2,2,4,0,0,1,5,2,3,2,64,1,0
39,390974,1,1,1,24,12,1,13,42,0,1,0,39,2,20,401,20401,14,2000,1GNDT13W9Y22,1,G,N,D,T,1,3,W,9,Y,2,2,0,P,CHEV,BZR,UT,0,17,4049,,0,1070,,G,,F,6,262,,,15R205,,,,,,0,0,000000000,00000000000,0,0,0,1,0,0,0,0,0,0,0,65,0,0,0,12,6,2,30,0,0,0,1,39,45238,6,1,0,0,3,3,72,230,0,0,0,0,0,0,0,0,0,1,36,51,0,0,1,2,35,2,2,2,1,0,0,14,6,1,2,4,7,1,1
39,390975,1,2,3,26,12,15,22,12,6,1,0,39,1,20,401,20401,14,2005,1GNDT13S3522,1,G,N,D,T,1,3,S,3,5,2,2,0,P,CHEV,TRL,UT,5,17,4612,,0,1130,,G,,F,6,256,,,16R245,,,,,,0,0,000000000,00000000000,0,0,0,1,0,0,0,0,0,0,0,40,0,1,6,3,6,2,12,0,0,0,1,39,43515,6,1,0,0,3,0,70,210,0,0,0,0,0,0,0,0,0,0,51,0,0,0,1,2,55,1,1,2,4,0,0,1,5,1,3,2,64,1,0
39,390975,2,2,3,26,12,15,22,12,6,1,0,39,2,23,481,23481,31,1993,2GTEC19K6P15,2,G,T,E,C,1,9,K,6,P,1,5,0,T,GMC,SC1,PC,93,17,,2,1555,1415,SIE,G,,,8,350,,,,B,00000,00,A,42,0,0,000000000,00000000000,0,0,0,1,0,0,0,0,0,0,0,40,0,0,0,12,6,2,12,0,0,0,1,39,43558,6,1,0,0,3,3,72,195,0,1,0,0,0,2,2010,2,2010,0,0,0,0,0,1,2,55,1,1,2,4,0,0,1,62,1,1,1,65,0,0
39,390976,1,1,1,30,12,2,41,9,0,1,0,39,1,20,481,20481,31,2004,1GCEK19T64Z2,1,G,C,E,K,1,9,T,6,4,Z,2,0,T,CHEV,SK1,4C,4,17,,2,1575,1435,SIL,G,,,8,325,,,,B,4925,00,,44,0,0,000000000,00000000000,0,0,0,1,0,0,0,0,0,0,0,998,0,0,0,2,4,3,9,0,0,0,1,39,43207,6,1,0,0,3,0,73,300,2,3,0,3,3,8,2010,10,2012,0,36,0,0,0,1,2,45,1,1,2,2,0,0,1,80,1,1,1,13,0,1
39,390977,1,2,2,30,12,14,57,12,6,1,0,39,2,21,17,21017,4,1996,1G3AJ85M7T64,1,G,3,A,J,8,5,M,7,T,6,4,0,P,OLDS,CRL,SW,96,17,3229,,0,1049,,G,,F,6,191,,,14R185,,,,,,0,0,000000000,00000000000,0,0,0,1,0,0,0,0,0,0,0,998,0,0,0,9,6,2,12,0,0,0,1,39,43074,6,1,0,0,3,0,73,200,0,0,0,0,0,0,0,0,0,0,38,0,0,0,1,2,55,1,1,2,1,20,3,1,17,1,1,1,89,1,0
39,390977,2,2,1,30,12,14,57,12,6,1,0,39,2,12,473,12473,30,2003,1FMZU77E63UA,1,F,M,Z,U,7,7,E,6,3,U,A,0,P,FORD,EPR,UT,3,17,3962,,0,1259,,G,,F,6,245,,,16R235,,,,,,0,0,000000000,00000000000,0,0,0,1,0,0,0,0,0,0,0,50,0,1,6,12,6,2,12,0,0,0,1,39,43430,6,1,0,0,3,0,69,125,0,0,0,0,0,0,0,0,0,0,0,0,0,0,1,2,55,1,1,2,1,0,0,1,66,1,1,1,88,0,0
39,390978,1,2,1,31,12,18,26,12,6,1,0,39,3,20,404,20404,14,2010,2CNALFEW4A63,2,C,N,A,L,F,E,W,4,A,6,3,0,P,CHEV,EQU,UT,10,17,3838,,0,1125,,G,,F,4,146,,,17R225,,,,,,0,0,000000000,00000000000,0,0,0,1,0,0,0,0,0,0,0,998,0,0,0,12,6,2,12,0,0,0,1,39,43617,6,1,0,0,3,0,76,240,0,0,0,0,0,0,0,0,0,0,38,39,0,0,3,6,45,1,1,2,2,3,3,11,17,1,1,2,68,1,0
39,390978,2,2,1,31,12,18,26,12,6,1,0,26,2,63,401,63401,14,2007,KNDJE7234773,K,N,D,J,E,7,2,3,4,7,7,3,0,P,KIA,SPO,UT,7,17,3527,,0,1035,,G,,F,6,165,,,16R235,,,,,,0,0,000000000,00000000000,0,0,0,1,0,0,0,0,0,0,0,40,0,0,0,10,6,2,12,0,0,0,1,26,43615,1,1,0,0,2,3,77,210,0,1,0,0,0,12,2010,12,2010,0,0,0,0,0,3,6,45,1,1,2,2,0,0,1,67,1,1,1,69,0,1