STATE,ST_CASE,VEH_NO,VE_FORMS,NUMOCCS,DAY,MONTH,HOUR,MINUTE,HARM_EV,MAN_COLL,UNITTYPE,HIT_RUN,REG_STAT,OWNER,MAKE,MODEL,MAK_MOD,BODY_TYP,MOD_YEAR,VIN,VIN_1,VIN_2,VIN_3,VIN_4,VIN_5,VIN_6,VIN_7,VIN_8,VIN_9,VIN_10,VIN_11,VIN_12,TOW_VEH,VINTYPE,VINMAKE,VINA_MOD,VIN_BT,VINMODYR,VIN_LNGT,VIN_WGT,WGTCD_TR,WHLBS_LG,WHLBS_SH,SER_TR,FUELCODE,MCYCL_DS,CARBUR,CYLINDER,DISPLACE,MCYCL_CY,MCYCL_WT,TIRE_SZE,TON_RAT,TRK_WT,TRKWTVAR,VIN_REST,WHLDRWHL,J_KNIFE,MCARR_I1,MCARR_I2,MCARR_ID,GVWR,V_CONFIG,CARGO_BT,HAZ_INV,HAZ_PLAC,HAZ_ID,HAZ_CNO,HAZ_REL,BUS_USE,SPEC_USE,EMER_USE,TRAV_SP,UNDERIDE,ROLLOVER,ROLINLOC,IMPACT1,DEFORMED,TOWED,M_HARM,VEH_SC1,VEH_SC2,FIRE_EXP,DR_PRES,L_STATE,DR_ZIP,L_STATUS,L_TYPE,CDL_STAT,L_ENDORS,L_COMPL,L_RESTRI,DR_HGT,DR_WGT,PREV_ACC,PREV_SUS,PREV_DWI,PREV_SPD,PREV_OTH,FIRST_MO,FIRST_YR,LAST_MO,LAST_YR,SPEEDREL,DR_SF1,DR_SF2,DR_SF3,DR_SF4,VTRAFWAY,VNUM_LAN,VSPD_LIM,VALIGN,VPROFILE,VPAVETYP,VSURCOND,VTRAFCON,VTCONT_F,P_CRASH1,P_CRASH2,P_CRASH3,PCRASH4,PCRASH5,ACC_TYPE,DEATHS,DR_DRINK
39,390980,1,2,1,19,9,15,46,12,6,1,0,39,1,72,706,72706,80,2007,1HD1CX3127K4,1,H,D,1,C,X,3,1,2,7,K,4,0,M,HD,C1U,RS,7,17,,,,,,,1199,,2,,4,557,,,,,,,0,0,000000000,00000000000,0,0,0,1,0,0,0,0,0,0,0,998,0,0,0,9,6,2,12,0,0,0,1,39,43504,6,1,0,0,3,0,70,170,0,0,0,0,0,0,0,0,0,1,0,0,0,0,1,2,55,1,1,2,1,0,0,1,6,1,1,2,62,1,1
39,390980,2,2,2,19,9,15,46,12,6,1,0,39,3,7,482,7482,32,2012,1C6RD6FK2CS2,1,C,6,R,D,6,F,K,2,C,S,2,0,T,DODG,S1T,CW,12,17,,2,0,1400,RPC,G,,,6,225,,,,B,4890,00,K,42,0,0,000000000,00000000000,0,0,0,1,0,0,0,0,0,0,0,10,0,0,0,12,4,3,12,0,0,0,1,39,43558,6,1,0,0,3,0,70,180,0,0,0,0,0,0,0,0,0,0,0,0,0,0,1,2,55,1,1,2,1,0,0,1,62,1,1,1,62,0,0
39,390981,1,1,2,18,10,7,45,42,0,1,0,39,2,37,31,37031,4,2002,1HGES16502L0,1,H,G,E,S,1,6,5,0,2,L,0,0,P,HOND,UCL,4D,2,17,2515,,0,1031,,G,,F,4,102,,,14R185,,,,,,0,0,000000000,00000000000,0,0,0,1,0,0,0,0,0,0,0,998,0,0,0,3,6,2,42,0,0,0,1,39,45690,6,1,0,0,3,3,67,130,0,0,0,0,0,0,0,0,0,1,0,0,0,0,1,2,55,2,2,2,1,0,0,14,6,1,1,4,6,1,0
39,390982,1,2,1,20,10,16,47,12,6,1,0,39,2,30,40,30040,4,1998,3VWSA81HXWM1,3,V,W,S,A,8,1,H,X,W,M,1,0,P,VOLK,JGS,4D,98,17,2590,,0,974,,G,,F,4,121,,,14R195,,,,,,0,0,000000000,00000000000,0,0,0,1,0,0,0,0,0,0,0,55,0,0,0,3,6,2,12,0,0,0,1,39,45679,6,1,0,0,3,0,68,165,0,0,0,0,0,0,0,0,0,0,58,0,0,0,1,2,55,1,6,2,2,0,0,1,10,6,4,6,62,1,1
39,390982,2,2,1,20,10,16,47,12,6,1,0,39,1,12,471,12471,30,2001,1FTYR14U31TB,1,F,T,Y,R,1,4,U,3,1,T,B,0,T,FORD,RNS,PC,1,17,,1,0,1257,RNG,G,,,6,182,,,,B,3271,00,U,42,0,0,000000000,00000000000,0,0,0,1,0,0,0,0,0,0,0,40,0,0,0,12,6,2,12,0,0,0,1,39,45679,6,1,0,0,3,0,66,145,0,0,0,0,0,0,0,0,0,0,0,0,0,0,1,2,55,1,5,2,2,0,0,1,62,7,1,1,62,0,0
39,390983,1,2,1,24,10,22,31,12,6,1,0,39,2,12,401,12401,14,1995,1FMDU34X8SUB,1,F,M,D,U,3,4,X,8,S,U,B,0,P,FORD,EPR,UT,95,17,4053,,0,1115,,G,,F,6,245,,,15R225,,,,,,0,0,000000000,00000000000,0,0,0,1,0,0,0,0,0,0,0,998,0,0,0,12,6,2,12,0,0,0,1,39,43701,6,1,0,0,3,3,76,130,0,0,0,0,1,8,2010,8,2010,0,36,0,0,0,1,4,55,1,2,2,1,0,0,1,66,1,1,1,88,0,1
39,390983,2,2,1,24,10,22,31,12,6,1,0,39,1,2,404,2404,14,2003,1J8GW58J93C5,1,J,8,G,W,5,8,J,9,3,C,5,0,T,JEEP,LMT,4W,3,17,,1,0,1059,GCK,G,,,8,287,,,,,3972,01,K,44,0,0,000000000,00000000000,0,0,0,1,0,0,0,0,0,0,0,998,0,0,0,9,6,2,12,0,0,0,1,39,43767,6,1,0,0,3,0,68,133,0,3,0,1,2,4,2010,8,2012,0,38,0,0,0,1,4,55,1,2,2,1,20,3,1,17,1,1,1,89,1,1
39,390984,1,1,4,27,10,3,30,34,0,1,0,39,2,12,481,12481,31,2000,1FTNX21F7YEC,1,F,T,N,X,2,1,F,7,Y,E,C,0,T,FORD,F2S,4C,0,17,,2,1580,1418,SRW,D,,,8,444,,,,C,5635,07,E,44,0,0,000000000,00000000000,0,0,0,1,0,0,0,0,0,0,0,70,0,1,5,12,6,2,1,0,0,0,1,39,44809,6,1,0,0,3,3,73,195,0,0,0,0,0,0,0,0,0,1,39,0,0,0,1,2,55,1,1,2,2,20,3,1,6,1,1,4,6,1,1
39,390985,1,2,1,6,11,12,50,12,6,1,0,39,2,63,37,63037,6,2011,KNDJT2A22B72,K,N,D,J,T,2,A,2,2,B,7,2,0,P,KIA,SOU,UT,11,17,2800,,0,1004,,G,,F,4,122,,,16R205,,,,,,0,0,000000000,00000000000,0,0,0,1,0,0,0,0,0,0,0,35,0,0,0,3,6,2,12,0,0,0,1,39,44101,6,1,0,0,3,3,64,143,0,0,0,0,0,0,0,0,0,0,39,0,0,0,1,2,55,1,1,2,1,20,3,1,17,1,1,1,87,0,0
39,390985,2,2,2,6,11,12,50,12,6,1,0,39,1,12,17,12017,4,1999,1FAFP53S3XG1,1,F,A,F,P,5,3,S,3,X,G,1,0,P,FORD,SCS,4D,99,17,3353,,0,1085,,G,,F,6,182,,,15R205,,,,,,0,0,000000000,00000000000,0,0,0,1,0,0,0,0,0,0,0,40,0,0,0,12,6,2,12,0,0,0,1,39,44281,6,1,0,0,3,3,71,214,0,0,0,0,0,0,0,0,0,0,0,0,0,0,1,2,55,1,1,2,1,0,0,1,66,1,1,1,86,1,0
39,390986,1,1,1,15,11,17,35,8,0,1,0,39,1,7,482,7482,31,2006,1D7HU18266S6,1,D,7,H,U,1,8,2,6,6,S,6,0,T,DODG,SQ1,CW,6,17,,2,1605,1405,RPC,G,,,8,348,,,,B,5233,02,E,44,0,0,000000000,00000000000,0,0,0,1,0,0,0,0,0,0,0,30,0,0,0,12,4,3,8,0,0,0,1,39,44830,1,1,0,0,2,3,67,180,0,0,0,1,0,7,2011,7,2011,0,0,0,0,0,1,2,35,1,1,2,1,0,0,1,80,1,1,1,13,0,1
39,390987,1,2,1,22,11,15,10,12,2,1,0,54,2,73,705,73705,80,2006,JKBZXJC166A0,J,K,B,Z,X,J,C,1,6,6,A,0,0,M,KAWK,X63,RC,6,17,,,,,,,636,,4,,4,362,,,,,,,0,0,000000000,00000000000,0,0,0,1,0,0,0,0,0,0,0,998,0,0,0,12,6,2,12,0,0,0,1,39,45634,6,1,0,0,3,0,72,240,0,1,0,0,2,8,2010,1,2011,0,28,0,0,0,1,2,35,2,2,2,1,0,0,14,10,1,1,2,50,1,0
39,390987,2,2,3,22,11,15,10,12,2,1,0,39,2,53,34,53034,4,2007,KL5JD56Z67K5,K,L,5,J,D,5,6,Z,6,7,K,5,0,P,SUZI,FCP,4D,7,17,2700,,0,1024,,G,,F,4,122,,,15R195,,,,,,0,0,000000000,00000000000,0,0,0,1,0,0,0,0,0,0,0,50,0,0,0,12,6,2,12,0,0,0,1,39,45651,6,1,0,0,3,0,62,93,0,0,0,1,2,5,2011,3,2012,0,0,0,0,0,1,2,35,3,2,2,1,0,0,14,62,1,1,1,51,0,0
39,390988,1,2,5,27,11,19,10,12,6,1,0,39,1,13,12,13012,4,2001,1LNHM87A21Y6,1,L,N,H,M,8,7,A,2,1,Y,6,0,P,LINC,LLS,4D,1,17,3666,,0,1145,,G,,F,8,240,,,16R215,,,,,,0,0,000000000,00000000000,0,0,0,1,0,0,0,0,0,0,0,998,0,0,0,3,6,2,12,0,0,0,1,39,44830,6,1,0,0,3,0,69,180,1,0,0,1,1,12,2009,8,2010,0,39,0,0,0,1,2,55,1,1,2,1,20,3,1,17,1,1,1,87,3,0
39,390988,2,2,1,27,11,19,10,12,6,1,0,39,1,7,402,7402,14,1998,1B4HS28Y1WF1,1,B,4,H,S,2,8,Y,1,W,F,1,0,P,DODG,DUR,UT,98,17,4349,,0,1159,,G,,F,8,318,,,15R235,,,,,,0,0,000000000,00000000000,0,0,0,1,0,0,0,0,0,0,0,998,0,1,5,12,6,2,1,0,0,0,1,39,44883,6,1,0,0,3,0,76,305,0,0,0,0,0,0,0,0,0,0,0,0,0,0,1,2,55,1,1,2,1,0,0,1,66,1,1,1,86,0,0
39,390989,1,1,1,5,12,10,0,53,0,1,0,39,1,58,36,58036,4,2004,JNKDA31AX4T2,J,N,K,D,A,3,1,A,X,4,T,2,0,P,INFI,I35,4D,4,17,3306,,0,1083,,G,,F,6,214,,,17R215,,,,,,0,0,000000000,00000000000,0,0,0,1,0,0,0,0,0,0,0,998,0,0,0,1,6,2,35,0,0,0,1,39,44824,1,1,0,0,2,0,70,170,0,3,0,2,6,5,2010,10,2012,0,6,0,0,0,1,2,55,1,2,2,1,0,0,1,13,6,1,4,1,1,0
39,390990,1,3,1,13,12,21,43,12,2,1,0,39,2,19,22,19022,4,2006,1G6KD57Y26U1,1,G,6,K,D,5,7,Y,2,6,U,1,0,P,CADI,TDS,4D,6,17,4009,,0,1156,,G,,F,8,281,,,17R225,,,,,,0,0,000000000,00000000000,0,0,0,1,0,0,0,0,0,0,0,998,0,0,0,12,6,2,12,0,0,0,1,39,45875,6,1,0,0,3,3,74,190,0,6,1,0,1,12,2009,8,2011,0,28,0,0,0,1,2,55,1,1,2,1,0,0,1,10,1,1,2,50,1,0
39,390990,2,3,1,13,12,21,43,12,2,1,0,17,3,82,881,82881,66,2010,999999999999,9,9,9,9,9,9,9,9,9,9,9,9,1,,,,,,,,,,,,,,,,,,,,,,,,,1,57,105790,57105790,3,6,3,1,0,0,0,0,0,0,0,50,0,0,0,12,6,2,12,0,0,0,1,18,47265,6,1,6,0,3,3,69,155,0,0,0,0,1,6,2011,6,2011,0,0,0,0,0,1,2,55,1,1,2,1,0,0,1,62,1,1,1,51,0,0
39,390990,3,3,1,13,12,21,43,12,2,1,0,39,1,20,461,20461,21,2000,1GCFG15W5Y12,1,G,C,F,G,1,5,W,5,Y,1,2,0,T,CHEV,E15,CG,0,17,,2,0,1350,EXP,G,,,6,262,,,,B,4660,00,,42,0,0,000000000,00000000000,0,0,0,1,0,0,0,0,0,0,0,50,0,0,0,11,4,3,12,0,0,0,1,39,45895,6,1,6,0,3,0,71,250,0,0,0,0,0,0,0,0,0,0,0,0,0,0,1,2,55,1,1,2,1,0,0,1,51,1,1,1,98,0,0
39,390991,1,2,1,20,12,11,50,12,8,1,0,33,3,20,461,20461,21,2012,1GCSGAFXXC11,1,G,C,S,G,A,F,X,X,C,1,1,0,T,CHEV,E15,CG,12,17,,2,0,1350,EXP,G,,,6,262,,,,B,4918,00,,42,0,0,000000000,00000000000,0,0,0,1,0,0,0,0,0,0,0,998,0,0,0,11,6,2,12,0,0,0,1,34,8012,1,1,0,0,2,3,68,999,1,2,1,0,3,10,2010,5,2012,0,28,0,0,0,1,2,55,1,2,2,1,0,0,1,10,1,1,2,64,1,0
39,390991,2,2,1,20,12,11,50,12,8,1,0,39,3,86,881,86881,63,2005,1M2AG10Y15M0,1,M,2,A,G,1,0,Y,1,5,M,0,0,T,MACK,CV7,TR,5,17,,8,0,0,700,D,,,6,728,,,,,00000,00,,64,0,57,0177337,570177337,3,2,4,1,0,0,0,0,0,0,0,50,0,0,0,11,6,2,12,0,0,0,1,16,43719,9,9,99,9,9,9,71,194,99,99,99,99,99,99,9999,99,9999,0,0,0,0,0,1,2,55,1,2,2,1,0,0,1,62,1,1,1,65,0,0
39,390992,1,3,5,23,12,13,38,12,8,1,0,39,1,7,442,7442,20,2008,1D8HN54P28B1,1,D,8,H,N,5,4,P,2,8,B,1,0,T,DODG,GSX,ES,8,17,,2,0,1212,CAR,G,,,6,232,,,,,4483,00,7,42,0,0,000000000,00000000000,0,0,0,1,0,0,0,0,0,0,0,998,0,0,0,11,6,2,12,0,0,0,1,39,44217,6,1,0,0,3,3,70,235,1,0,0,0,0,1,2012,1,2012,0,0,0,0,0,1,2,55,1,1,2,1,0,0,1,62,1,1,1,65,0,0
39,390992,2,3,4,23,12,13,38,12,8,1,0,39,2,7,442,7442,20,2005,2D4GP44L15R1,2,D,4,G,P,4,4,L,1,5,R,1,0,T,DODG,GSX,ES,5,17,,1,0,1193,CAR,G,,,6,230,,,,,4222,00,E,42,0,0,000000000,00000000000,0,0,0,1,0,0,0,0,0,0,0,55,0,0,0,1,6,2,12,0,0,0,1,39,44687,6,1,0,0,3,3,71,170,1,0,0,0,0,6,2011,6,2011,0,0,0,0,0,1,2,55,1,1,2,1,0,0,1,51,1,1,1,98,0,0
39,390992,3,3,2,23,12,13,38,12,8,1,0,39,4,20,405,20405,14,2012,3GNAL3E52CS6,3,G,N,A,L,3,E,5,2,C,S,6,0,P,CHEV,CPT,UT,12,17,4325,,0,1066,,F,,F,6,183,,,17R235,,,,,,0,0,000000000,00000000000,0,0,0,1,0,0,0,0,0,0,0,998,0,0,0,11,6,2,12,0,0,0,1,48,76179,6,1,0,0,3,3,999,999,0,0,0,0,0,0,0,0,0,0,28,0,0,0,1,2,55,1,1,2,1,0,0,1,10,1,1,2,64,1,0
39,390993,1,1,1,25,12,18,49,1,0,1,0,39,1,20,401,20401,14,2000,1GNDT13W0Y21,1,G,N,D,T,1,3,W,0,Y,2,1,0,P,CHEV,BZR,UT,0,17,4049,,0,1070,,G,,F,6,262,,,15R205,,,,,,0,0,000000000,00000000000,0,0,0,1,0,0,0,0,0,0,0,998,0,2,5,0,6,2,1,0,0,0,1,39,43543,6,1,0,0,3,0,67,236,1,1,0,0,2,3,2010,11,2012,0,58,0,0,0,1,2,55,2,1,2,1,0,0,14,13,7,1,4,1,1,1
39,390994,1,2,2,28,12,13,26,12,7,1,0,21,2,22,22,22022,1,2007,1G2ZH3616741,1,G,2,Z,H,3,6,1,6,7,4,1,0,P,PONT,GGT,CV,7,17,3855,,0,1123,,G,,F,6,238,,,18R225,,,,,,0,0,000000000,00000000000,0,0,0,1,0,0,0,0,0,0,0,65,0,0,0,11,6,2,12,0,0,0,1,21,40071,6,1,0,0,3,0,72,135,0,0,0,0,0,0,0,0,0,0,58,0,0,0,2,2,65,1,1,2,1,0,0,1,11,6,1,2,45,1,0
39,390994,2,2,1,28,12,13,26,12,7,1,0,39,3,98,804,98804,66,1999,2WKEDDXH5XK9,2,W,K,E,D,D,X,H,5,X,K,9,1,T,WSTR,49E,TR,99,17,,8,0,0,CNV,D,,,6,774,,,,,00000,00,,64,3,57,2181521,572181521,3,6,1,1,0,0,0,0,0,0,0,63,0,0,0,4,2,3,12,0,0,0,1,39,43123,6,1,6,0,3,3,73,185,0,0,0,1,2,2,2010,11,2012,0,0,0,0,0,2,2,65,1,1,2,1,0,0,1,61,1,1,1,44,0,0
39,390995,1,2,2,31,12,20,34,12,8,1,0,39,1,98,739,98739,90,2011,3JBKXLP19BJ0,3,J,B,K,X,L,P,1,9,B,J,0,0,U,,,,11,17,,,,,,,,,,,,,,,,,,,0,0,000000000,00000000000,0,0,0,1,0,0,0,0,0,0,0,998,0,1,1,11,6,2,12,0,0,0,1,39,45760,6,1,0,0,3,0,69,220,0,0,0,0,0,0,0,0,0,0,28,0,0,0,1,2,55,1,5,2,2,0,0,1,10,1,1,2,64,2,1
39,390995,2,2,2,31,12,20,34,12,8,1,0,39,2,55,33,55033,4,1999,KMHWF35V4XA1,K,M,H,W,F,3,5,V,4,X,A,1,0,P,HYUN,SGL,4D,99,17,3128,,0,1063,,G,,F,6,152,,,15R205,,,,,,0,0,000000000,00000000000,0,0,0,1,0,0,0,0,0,0,0,45,0,0,0,11,6,2,12,0,0,0,1,39,45760,6,1,0,0,3,0,67,150,0,1,0,0,0,5,2010,5,2010,0,0,0,0,0,1,2,55,1,5,2,2,0,0,1,62,1,1,1,65,0,0
39,390996,1,2,1,9,8,0,8,12,1,1,0,39,1,37,706,37706,80,1986,1HFSC1805GA1,1,H,F,S,C,1,8,0,5,G,A,1,0,M,HOND,VT1,RS,86,17,,,,,,,1100,,2,,4,540,,,,,,,0,0,000000000,00000000000,0,0,0,1,0,0,0,0,0,0,0,50,0,0,0,12,6,2,12,0,0,0,1,39,44714,6,1,0,0,3,3,70,190,0,0,0,1,0,2,2010,2,2010,1,36,0,0,0,1,4,35,1,1,2,1,0,0,1,6,1,1,1,32,1,1
39,390996,2,2,0,9,8,0,8,12,1,1,0,39,6,20,441,20441,20,1997,1GNDM19W8VB2,1,G,N,D,M,1,9,W,8,V,B,2,0,T,CHEV,AST,ES,97,17,,1,0,1110,AST,G,,,6,262,,,,B,4198,00,,42,0,0,000000000,00000000000,0,0,0,1,0,0,0,0,0,0,0,0,0,0,0,6,4,3,12,0,0,0,0,0,99997,7,6,97,7,6,7,998,997,998,998,998,998,998,98,9998,98,9998,8,20,0,0,0,1,4,35,1,1,2,1,0,0,0,53,0,0,0,32,0,0
39,390997,1,2,1,2,10,6,59,12,1,1,0,39,1,20,471,20471,30,2004,1GCDT13X44K1,1,G,C,D,T,1,3,X,4,4,K,1,0,T,CHEV,S14,CW,4,17,,1,0,1229,S,G,,,6,262,,,,B,4083,00,,44,0,0,000000000,00000000000,0,0,0,1,0,0,0,0,0,0,0,63,0,0,0,12,6,2,12,0,0,0,1,39,45107,6,1,6,0,3,0,72,300,0,0,0,1,0,10,2011,10,2011,1,26,0,0,0,2,2,55,1,1,2,2,0,0,1,6,1,1,1,20,1,0
39,390997,2,2,1,2,10,6,59,12,1,1,0,39,3,23,881,23881,62,2001,1GDJ7H1E11J5,1,G,D,J,7,H,1,E,1,1,J,5,0,T,GMC,7H4,CB,1,17,,6,2810,1450,CSR,G,,,8,494,,,,,00000,00,,42,0,57,300951,57300951,2,1,3,1,0,0,0,0,0,0,0,0,0,0,0,6,6,2,12,0,0,0,1,39,45106,6,1,0,0,3,0,73,255,0,1,0,1,0,2,2010,3,2010,0,0,0,0,0,2,2,55,1,1,2,2,0,0,5,53,1,1,1,21,0,0
39,390998,1,1,1,17,10,8,18,42,0,1,0,39,2,7,482,7482,31,1999,1B7HC13Y2XJ6,1,B,7,H,C,1,3,Y,2,X,J,6,0,T,DODG,Q15,4C,99,17,,2,1547,1387,RPC,G,,,8,318,,,,B,4604,02,U,42,0,0,000000000,00000000000,0,0,0,1,0,0,0,0,0,0,0,45,0,0,0,9,6,2,42,0,0,0,1,39,43566,6,1,0,0,3,3,72,200,0,0,0,0,0,0,0,0,0,0,87,0,0,0,1,2,45,2,2,2,2,0,0,14,13,1,3,4,2,1,0
39,390999,1,1,3,15,11,3,48,33,0,1,0,12,2,20,404,20404,14,2005,2CNDL63F6560,2,C,N,D,L,6,3,F,6,5,6,0,0,P,CHEV,EQU,UT,5,17,3660,,0,1125,,G,,F,6,208,,,16R235,,,,,,0,0,000000000,00000000000,0,0,0,1,0,0,0,0,0,0,0,55,0,0,0,11,6,2,42,0,0,0,1,12,44121,6,1,0,0,3,0,67,999,0,0,0,0,0,0,0,0,0,1,0,0,0,0,2,2,25,1,1,2,1,0,0,10,6,1,1,4,6,1,1
39,391000,1,1,1,25,11,4,52,39,0,1,0,39,1,14,401,14401,14,2004,4M2DU86W84UJ,4,M,2,D,U,8,6,W,8,4,U,J,0,P,MERC,MOU,UT,4,17,4433,,0,1138,,G,,F,8,281,,,16R235,,,,,,0,0,000000000,00000000000,0,0,0,1,0,0,0,0,0,0,0,52,0,0,0,11,6,2,39,0,0,0,1,39,44135,6,1,0,0,3,3,65,185,0,0,0,0,0,0,0,0,0,1,6,0,0,0,6,2,35,2,2,2,1,3,3,14,6,1,1,4,14,1,1
39,391001,1,1,1,25,12,21,45,38,0,1,0,39,1,7,461,7461,21,2002,2B7JB21Y52K1,2,B,7,J,B,2,1,Y,5,2,K,1,0,T,DODG,25B,CG,2,17,,2,0,1272,RMV,G,,,8,318,,,,C,4537,01,E,42,0,0,000000000,00000000000,0,0,0,1,0,0,0,0,0,0,0,20,0,0,0,11,4,9,38,0,0,0,1,39,44105,3,1,0,0,2,0,67,215,0,0,0,0,2,7,2010,7,2010,0,99,99,99,99,1,2,25,1,1,2,4,0,0,99,12,1,1,4,6,1,0
39,391002,1,1,1,2,9,22,30,8,0,1,1,99,9,99,999,99999,99,9999,999999999999,9,9,9,9,9,9,9,9,9,9,9,9,0,,,,,,,,,,,,,,,,,,,,,,,,,0,0,000000000,00000000000,0,0,0,1,0,0,0,0,0,0,0,35,0,0,0,1,0,1,8,0,0,0,1,99,99999,9,9,99,9,9,9,999,999,99,99,99,99,99,99,9999,99,9999,0,99,99,99,99,1,4,35,1,2,2,2,0,0,1,80,1,1,1,13,0,0
39,391003,1,1,1,8,10,4,30,30,0,1,0,39,2,37,32,37032,5,2000,1HGCG5641YA0,1,H,G,C,G,5,6,4,1,Y,A,0,0,P,HOND,ULX,4D,0,17,3053,,0,1069,,G,,F,4,138,,,15R195,,,,,,0,0,000000000,00000000000,0,0,0,1,0,0,0,0,0,0,0,30,0,0,0,12,6,2,8,0,0,0,1,39,45238,6,1,0,0,3,0,63,272,0,0,0,1,0,8,2011,8,2011,0,6,0,0,0,1,2,35,1,1,2,98,0,0,1,12,1,1,4,6,0,1
39,391004,1,4,1,12,11,15,19,12,7,1,0,39,1,22,16,22016,2,2000,1G2JB1240Y74,1,G,2,J,B,1,2,4,0,Y,7,4,0,P,PONT,SFS,CP,0,17,2606,,0,1041,,G,,F,4,133,,,14R195,,,,,,0,0,000000000,00000000000,0,0,0,1,0,0,0,0,0,0,0,35,0,0,0,9,6,2,12,0,0,0,1,39,45404,6,1,0,0,3,0,63,133,2,0,0,3,1,4,2010,4,2011,0,27,0,0,0,2,2,45,1,2,2,2,0,0,15,11,1,1,2,47,1,0
39,391004,2,4,1,12,11,15,19,12,7,1,0,39,1,37,32,37032,3,2001,1HGCG32571A0,1,H,G,C,G,3,2,5,7,1,A,0,0,P,HOND,UEX,CP,1,17,3014,,0,1051,,G,,F,4,138,,,15R195,,,,,,0,0,000000000,00000000000,0,0,0,1,0,0,0,0,0,0,0,35,0,0,0,1,2,1,12,0,0,0,1,39,45403,6,1,0,0,3,3,72,175,1,0,0,2,0,2,2011,6,2012,0,0,0,0,0,2,2,45,1,2,2,2,0,0,1,61,1,1,1,45,0,0
39,391004,3,4,1,12,11,15,19,12,7,1,0,39,2,59,401,59401,14,2000,JT6HF10U2Y01,J,T,6,H,F,1,0,U,2,Y,0,1,0,P,LEXS,RX3,UT,0,17,3900,,0,1031,,G,,F,6,183,,,16R225,,,,,,0,0,000000000,00000000000,0,0,0,1,0,0,0,0,0,0,0,40,0,0,0,12,6,2,12,0,0,0,1,39,45377,6,1,0,0,3,0,70,168,0,0,0,0,1,5,2011,5,2011,0,0,0,0,0,2,2,45,1,2,2,2,0,0,1,62,1,1,1,98,0,0
39,391004,4,4,1,12,11,15,19,12,7,1,0,39,2,7,25,7025,5,2007,1B3HB48B17D5,1,B,3,H,B,4,8,B,1,7,D,5,0,P,DODG,CXT,4D,7,17,3038,,0,1037,,G,,F,4,122,,,17R215,,,,,,0,0,000000000,00000000000,0,0,0,1,0,0,0,0,0,0,0,35,0,0,0,11,2,3,12,0,0,0,1,39,45420,6,1,0,0,3,3,65,175,0,0,0,0,0,0,0,0,0,0,0,0,0,0,2,2,45,1,2,2,2,0,0,1,62,1,1,1,98,0,0
39,391006,1,2,2,26,8,15,17,12,6,1,0,39,1,7,472,7472,30,1995,1B7GG23X5SS3,1,B,7,G,G,2,3,X,5,S,S,3,0,T,DODG,DAK,PC,95,17,,1,0,1309,DAK,G,,,6,239,,,,B,3827,00,M,44,0,0,000000000,00000000000,0,0,0,1,0,0,0,0,0,0,0,25,0,0,0,1,6,2,12,0,0,0,1,39,43204,6,1,0,0,3,0,72,200,2,0,0,0,0,12,2010,2,2011,0,0,0,0,0,1,2,25,1,1,2,1,0,0,1,66,1,1,1,90,1,0
39,391006,3,2,1,26,8,15,17,12,6,1,0,13,3,7,24,7024,4,2012,2C3CDXBG0CH2,2,C,3,C,D,X,B,G,0,C,H,2,0,P,DODG,CGS,4D,12,17,3961,,0,1200,,F,,F,6,220,,,17R215,,,,,,0,0,000000000,00000000000,0,0,0,1,0,0,0,0,0,0,0,46,0,0,0,12,6,2,12,0,0,0,1,26,48439,6,1,0,0,3,0,66,215,0,0,0,2,0,5,2012,8,2012,0,39,0,0,0,1,2,25,1,1,2,1,20,3,1,17,1,1,1,90,0,1
39,391007,1,2,1,11,11,14,12,12,8,1,0,39,1,53,705,53705,80,1996,JS1GN77A4T21,J,S,1,G,N,7,7,A,4,T,2,1,0,M,SUZI,GF6,RS,96,17,,,,,,,599,,4,,4,445,,,,,,,0,0,000000000,00000000000,0,0,0,1,0,0,0,0,0,0,0,35,0,0,0,9,6,2,12,0,0,0,1,39,43207,6,1,0,0,3,0,71,220,0,0,0,0,0,0,0,0,0,0,0,0,0,0,1,2,35,1,1,2,1,0,0,1,62,1,1,1,65,1,0
39,391007,2,2,2,11,11,14,12,12,8,1,1,39,2,18,20,18020,4,2002,2G4WB55K7211,2,G,4,W,B,5,5,K,7,2,1,1,0,P,BUIC,RLS,4D,2,17,3438,,0,1090,,G,,F,6,231,,,15R215,,,,,,0,0,000000000,00000000000,0,0,0,1,0,0,0,0,0,0,0,35,0,0,0,9,4,3,12,0,0,0,1,39,43085,6,1,0,0,3,0,65,120,1,3,0,0,3,11,2009,8,2012,0,28,0,0,0,1,2,35,1,1,2,1,0,0,15,10,1,1,2,64,0,0
39,391008,1,1,2,17,11,20,12,30,0,1,0,47,2,55,35,55035,4,1997,KMHJF34M0VU5,K,M,H,J,F,3,4,M,0,V,U,5,0,P,HYUN,EGS,4D,97,17,2668,,0,1004,,G,,F,4,110,,,14R195,,,,,,0,0,000000000,00000000000,0,0,0,1,0,0,0,0,0,0,0,998,0,0,0,5,6,2,30,0,0,0,1,39,45373,1,1,0,0,2,0,71,190,0,3,0,0,1,3,2010,2,2012,1,0,0,0,0,1,2,55,2,1,2,1,0,0,14,6,6,4,4,7,1,1
39,391009,1,2,2,2,8,17,7,24,0,1,0,95,3,51,884,51884,66,2005,999999999999,9,9,9,9,9,9,9,9,9,9,9,9,1,,,,,,,,,,,,,,,,,,,,,,,,,1,99,999999999,99999999999,3,6,1,1,0,0,0,0,0,0,0,998,0,0,0,10,9,2,12,0,0,0,1,95,0,9,9,99,9,9,9,999,999,99,99,99,99,99,99,9999,99,9999,0,0,0,0,0,2,2,60,1,1,2,1,0,0,1,62,1,1,2,98,0,0