STATE,ST_CASE,VEH_NO,VE_FORMS,NUMOCCS,DAY,MONTH,HOUR,MINUTE,HARM_EV,MAN_COLL,UNITTYPE,HIT_RUN,REG_STAT,OWNER,MAKE,MODEL,MAK_MOD,BODY_TYP,MOD_YEAR,VIN,VIN_1,VIN_2,VIN_3,VIN_4,VIN_5,VIN_6,VIN_7,VIN_8,VIN_9,VIN_10,VIN_11,VIN_12,TOW_VEH,VINTYPE,VINMAKE,VINA_MOD,VIN_BT,VINMODYR,VIN_LNGT,VIN_WGT,WGTCD_TR,WHLBS_LG,WHLBS_SH,SER_TR,FUELCODE,MCYCL_DS,CARBUR,CYLINDER,DISPLACE,MCYCL_CY,MCYCL_WT,TIRE_SZE,TON_RAT,TRK_WT,TRKWTVAR,VIN_REST,WHLDRWHL,J_KNIFE,MCARR_I1,MCARR_I2,MCARR_ID,GVWR,V_CONFIG,CARGO_BT,HAZ_INV,HAZ_PLAC,HAZ_ID,HAZ_CNO,HAZ_REL,BUS_USE,SPEC_USE,EMER_USE,TRAV_SP,UNDERIDE,ROLLOVER,ROLINLOC,IMPACT1,DEFORMED,TOWED,M_HARM,VEH_SC1,VEH_SC2,FIRE_EXP,DR_PRES,L_STATE,DR_ZIP,L_STATUS,L_TYPE,CDL_STAT,L_ENDORS,L_COMPL,L_RESTRI,DR_HGT,DR_WGT,PREV_ACC,PREV_SUS,PREV_DWI,PREV_SPD,PREV_OTH,FIRST_MO,FIRST_YR,LAST_MO,LAST_YR,SPEEDREL,DR_SF1,DR_SF2,DR_SF3,DR_SF4,VTRAFWAY,VNUM_LAN,VSPD_LIM,VALIGN,VPROFILE,VPAVETYP,VSURCOND,VTRAFCON,VTCONT_F,P_CRASH1,P_CRASH2,P_CRASH3,PCRASH4,PCRASH5,ACC_TYPE,DEATHS,DR_DRINK
39,391042,1,2,2,15,12,8,14,12,2,1,0,39,2,12,461,12461,21,1998,1FTPE24L4WHA,1,F,T,P,E,2,4,L,4,W,H,A,0,T,FORD,25V,CG,98,17,,2,0,1380,VAN,G,,,8,330,,,,C,5080,00,E,42,0,0,000000000,00000000000,0,0,0,1,0,0,0,0,0,0,0,45,0,0,0,12,6,2,12,0,0,0,1,39,43230,0,0,0,0,0,0,999,999,0,0,0,0,0,0,0,0,0,0,0,0,0,0,1,4,45,1,2,2,1,0,0,1,62,1,1,1,51,0,0
39,391042,2,2,1,15,12,8,14,12,2,1,0,39,2,20,22,20022,4,2005,1G1AK52F8575,1,G,1,A,K,5,2,F,8,5,7,5,0,P,CHEV,CBT,4D,5,17,3216,,0,1033,,G,,F,4,134,,,15R195,,,,,,0,0,000000000,00000000000,0,0,0,1,0,0,0,0,0,0,0,45,0,0,0,12,6,2,12,0,0,0,1,39,43147,6,1,0,0,3,0,67,157,2,9,1,2,1,3,2010,11,2011,0,51,0,0,0,1,4,45,1,2,2,1,0,0,1,10,2,1,2,50,1,0
39,391043,1,1,1,10,10,0,36,33,0,1,0,39,2,49,50,49050,3,2010,JTKDE3B77A03,J,T,K,D,E,3,B,7,7,A,0,3,0,P,TOYT,SXC,2H,10,17,2905,,0,1063,,G,,F,4,144,,,17R215,,,,,,0,0,000000000,00000000000,0,0,0,1,0,0,0,0,0,0,0,80,0,0,0,11,6,2,42,0,0,0,1,39,44125,6,1,0,0,3,0,72,155,0,2,0,0,2,7,2010,2,2012,1,36,0,0,0,1,2,25,1,2,2,1,0,0,1,6,1,4,4,7,1,1
39,391044,1,1,2,1,12,5,33,33,0,1,1,39,2,12,35,12035,4,1998,1FAFP6637WK3,1,F,A,F,P,6,6,3,7,W,K,3,0,P,FORD,LSS,4D,98,17,2864,,0,1065,,G,,F,4,121,,,15R205,,,,,,0,0,000000000,00000000000,0,0,0,1,0,0,0,0,0,0,0,70,0,0,0,12,6,2,30,0,0,0,1,39,43701,1,1,0,0,2,3,69,160,0,2,1,0,2,7,2010,4,2012,1,0,0,0,0,1,2,35,1,1,2,1,0,0,1,6,1,1,4,1,1,1
39,391045,1,1,1,3,12,15,19,18,0,1,0,39,1,76,706,76706,80,2001,JYAVP07E11A0,J,Y,A,V,P,0,7,E,1,1,A,0,0,M,YAMA,XTL,RS,1,17,,,,,,,1602,,2,,4,710,,,,,,,0,0,000000000,00000000000,0,0,0,1,0,0,0,0,0,0,0,50,0,0,0,9,6,2,18,0,0,0,1,39,44060,6,1,0,0,3,3,72,250,1,0,0,0,0,6,2012,6,2012,1,0,0,0,0,1,2,25,2,1,1,1,0,0,14,6,1,1,4,6,1,1
39,391046,1,2,2,5,12,22,54,12,6,1,0,39,2,12,401,12401,14,1994,1FMDU34X4RUB,1,F,M,D,U,3,4,X,4,R,U,B,0,P,FORD,EPR,UT,94,17,4053,,0,1120,,G,,F,6,245,,,15R225,,,,,,0,0,000000000,00000000000,0,0,0,1,0,0,0,0,0,0,0,35,0,0,0,12,6,2,12,0,0,0,1,39,43206,6,1,0,0,3,0,69,350,0,2,0,0,0,11,2010,5,2012,0,0,0,0,0,1,2,35,1,1,2,1,0,0,1,66,1,1,1,88,0,0
39,391046,2,2,1,5,12,22,54,12,6,1,0,39,1,20,36,20036,2,2005,2G1WW12E7591,2,G,1,W,W,1,2,E,7,5,9,1,0,P,CHEV,MLS,CP,5,17,3340,,0,1105,,G,,F,6,207,,,16R225,,,,,,0,0,000000000,00000000000,0,0,0,1,0,0,0,0,0,0,0,35,0,0,0,9,6,2,12,0,0,0,1,39,43232,6,1,0,0,3,3,61,118,0,0,0,0,0,0,0,0,0,0,39,0,0,0,1,2,25,1,1,2,1,20,3,1,17,1,1,1,89,1,1
39,391047,1,1,3,15,10,15,50,34,0,1,0,39,1,21,401,21401,14,2000,1GHDT13W5Y23,1,G,H,D,T,1,3,W,5,Y,2,3,0,P,OLDS,BRA,UT,0,17,4068,,0,1070,,G,,F,6,262,,,15R235,,,,,,0,0,000000000,00000000000,0,0,0,1,0,0,0,0,0,0,0,998,0,1,5,11,6,2,30,0,0,0,1,39,43545,3,1,0,0,2,0,70,150,0,5,0,0,1,12,2009,5,2012,0,6,0,0,0,1,2,55,1,1,2,1,0,0,1,12,1,1,4,6,1,0
39,391049,1,3,1,10,11,18,5,12,6,1,0,54,1,12,25,12025,6,2012,1G1PJ5SC2C71,1,G,1,P,J,5,S,C,2,C,7,1,0,P,CHEV,CEO,4D,12,17,3009,,0,1057,,G,,T,4,085,,,17R215,,,,,,0,0,000000000,00000000000,0,0,0,1,0,0,0,0,0,0,0,55,0,0,0,12,6,2,12,0,0,0,1,54,25701,6,1,0,0,3,3,75,220,0,0,0,0,0,0,0,0,0,0,0,0,0,0,1,4,55,1,2,2,1,3,3,1,66,1,1,1,86,0,0
39,391049,2,3,5,10,11,18,5,12,6,1,0,39,1,6,442,6442,20,2002,1C4GJ45302B7,1,C,4,G,J,4,5,3,0,2,B,7,0,P,CHRY,VOV,SV,2,17,3923,,0,1133,,F,,F,6,201,,,16R215,,,,,,0,0,000000000,00000000000,0,0,0,1,0,0,0,0,0,0,0,50,0,0,0,11,4,3,12,0,0,0,1,39,45619,6,1,0,0,3,0,71,180,0,0,0,0,0,0,0,0,0,1,0,0,0,0,1,4,55,1,2,2,1,3,3,1,60,1,1,1,98,0,0
39,391049,3,3,2,10,11,18,5,12,6,1,0,13,2,20,2,20002,4,2012,2G1WG5E38C12,2,G,1,W,G,5,E,3,8,C,1,2,0,P,CHEV,IMT,4D,12,17,3555,,0,1105,,F,,F,6,220,,,17R225,,,,,,0,0,000000000,00000000000,0,0,0,1,0,0,0,0,0,0,0,998,0,0,0,3,6,2,12,0,0,0,1,21,25701,6,1,0,0,3,0,73,50,0,0,0,0,0,0,0,0,0,0,38,39,0,0,1,4,55,1,2,2,1,3,3,1,17,1,1,1,87,1,0
39,391050,1,1,1,12,11,22,48,32,0,1,0,42,3,12,481,12481,31,2011,1FTFX1EF1BFC,1,F,T,F,X,1,E,F,1,B,F,C,0,T,FORD,F15,4C,11,17,,2,0,1450,COF,F,,,8,305,,,,B,5333,04,7,44,0,0,000000000,00000000000,0,0,0,1,0,0,0,0,0,0,0,998,0,0,0,2,6,2,30,0,0,0,1,39,44273,6,1,0,0,3,0,72,175,0,0,0,0,0,0,0,0,0,0,0,0,0,0,1,2,55,1,1,2,1,0,0,1,13,1,1,4,1,1,1
39,391051,1,1,1,3,12,19,25,34,0,1,0,39,1,7,482,7482,31,2006,3D7LX38C26G1,3,D,7,L,X,3,8,C,2,6,G,1,0,T,DODG,SQ3,CW,6,17,,2,1605,1405,RPC,D,,,6,359,,,,D,6848,02,E,44,0,0,000000000,00000000000,0,0,0,1,0,0,0,0,0,0,0,67,0,1,5,12,6,2,42,0,0,0,1,39,43357,6,1,0,0,3,0,72,250,0,0,0,0,0,0,0,0,0,1,0,0,0,0,1,2,55,3,2,2,2,0,0,14,13,1,1,4,1,1,1
39,391052,1,2,1,4,12,10,35,12,2,1,0,39,1,13,1,13001,4,2000,1LNHM82W5YY8,1,L,N,H,M,8,2,W,5,Y,Y,8,0,P,LINC,SIG,4D,0,17,4075,,0,1177,,G,,F,8,281,,,16R225,,,,,,0,0,000000000,00000000000,0,0,0,1,0,0,0,0,0,0,0,15,0,0,0,12,6,2,12,0,0,0,1,39,44142,6,1,0,0,3,3,66,109,0,0,0,0,0,0,0,0,0,0,0,0,0,0,5,4,25,1,1,2,1,0,0,1,10,1,1,1,69,0,0
39,391052,2,2,1,4,12,10,35,12,2,1,0,39,1,12,13,12013,2,1981,1FABP052XBT2,1,F,A,B,P,0,5,2,X,B,T,2,0,P,FORD,ESC,2H,81,17,1962,,0,942,,G,,2,4,098,,,13R155,,,,,,0,0,000000000,00000000000,0,0,0,1,0,0,0,0,0,0,0,45,0,0,0,12,6,2,12,0,0,0,1,39,44133,6,1,0,0,3,0,62,120,0,0,0,0,0,0,0,0,0,0,38,0,0,0,5,4,25,1,1,2,1,0,0,11,10,1,1,2,68,1,0
39,391053,1,1,2,8,12,17,50,8,0,1,0,4,3,12,881,12881,61,2011,1FDXE4FS5BDA,1,F,D,X,E,4,F,S,5,B,D,A,0,T,FORD,4DC,YY,11,17,,4,1760,1580,CTV,G,,,10,415,,,,D,5613,00,E,42,0,99,999999999,99999999999,2,1,1,1,0,0,0,0,0,0,0,20,0,0,0,2,4,1,8,0,0,0,1,39,44128,6,1,0,0,3,3,70,218,0,0,0,0,1,1,2010,1,2010,0,0,0,0,0,1,4,25,1,1,2,2,3,3,1,80,1,1,1,13,0,0
39,391054,1,1,2,20,11,19,27,8,0,1,0,39,1,23,401,23401,14,2003,1GKDT13S2322,1,G,K,D,T,1,3,S,2,3,2,2,0,T,GMC,ENV,4W,3,17,,1,0,1130,ENV,G,,,6,256,,,,B,4600,00,E,44,0,0,000000000,00000000000,0,0,0,1,0,0,0,0,0,0,0,35,0,0,0,1,4,9,8,0,0,0,1,39,43224,6,1,6,0,3,0,66,230,0,0,0,0,0,0,0,0,0,0,0,0,0,0,1,4,25,1,1,2,1,0,0,1,80,98,1,1,13,0,0
39,391055,1,1,1,30,6,18,20,26,0,1,0,39,1,72,706,72706,80,1976,9D53535H6,9,D,5,3,5,3,5,H,6,,,,0,M,HD,FXE,RS,76,9,,,,,,,1200,,2,,4,574,,,,,,,0,0,000000000,00000000000,0,0,0,1,0,0,0,0,0,0,0,40,0,0,0,11,6,2,26,0,0,0,1,39,44109,6,1,6,0,3,0,70,207,0,0,1,0,1,9,2009,6,2012,1,36,0,0,0,3,2,25,2,2,1,1,0,0,14,6,1,1,4,6,1,1
39,391056,1,2,2,20,12,14,12,12,8,1,0,39,2,20,16,20016,2,2001,1G1JC1247171,1,G,1,J,C,1,2,4,7,1,7,1,0,P,CHEV,CAV,CP,1,17,2617,,0,1041,,G,,F,4,133,,,14R195,,,,,,0,0,000000000,00000000000,0,0,0,1,0,0,0,0,0,0,0,998,0,0,0,11,6,2,42,0,0,0,1,39,44235,6,1,0,0,3,3,67,210,0,0,0,0,0,0,0,0,0,0,28,0,0,0,1,2,55,2,1,2,2,0,0,14,10,1,1,2,64,1,0
39,391056,2,2,1,20,12,14,12,12,8,1,0,39,3,86,882,86882,63,2013,1M2AU02C9DM0,1,M,2,A,U,0,2,C,9,D,M,0,0,T,MACK,LEU,TB,13,17,,8,0,0,600,D,,,6,659,,,,,00000,00,,64,0,88,888888888,88888888888,3,2,7,1,0,0,0,0,0,0,0,30,0,0,0,7,4,1,12,0,0,0,1,39,44035,6,1,6,0,3,3,67,155,1,0,0,1,1,9,2012,11,2012,0,0,0,0,0,1,2,55,3,1,2,2,0,0,14,62,1,1,1,65,0,0
39,391057,1,1,1,4,10,0,23,38,0,1,0,39,1,49,44,49044,2,2001,2T1CG22PX1C5,2,T,1,C,G,2,2,P,X,1,C,5,0,P,TOYT,CRE,CP,1,17,3120,,0,1051,,G,,F,4,132,,,15R205,,,,,,0,0,000000000,00000000000,0,0,0,1,0,0,0,0,0,0,0,65,0,0,0,12,4,3,42,0,0,0,1,39,43235,6,1,0,0,3,3,73,400,0,0,0,0,0,0,0,0,0,0,99,99,99,99,3,3,65,1,1,2,1,0,0,1,13,1,1,4,1,1,0
39,391058,1,2,4,12,10,21,1,12,2,1,0,39,2,55,35,55035,4,2003,KMHDN45D43U5,K,M,H,D,N,4,5,D,4,3,U,5,0,P,HYUN,EST,4D,3,17,2635,,0,1027,,G,,F,4,121,,,15R205,,,,,,0,0,000000000,00000000000,0,0,0,1,0,0,0,0,0,0,0,55,0,0,0,12,6,2,12,0,0,0,1,39,45695,6,1,0,0,3,3,63,155,0,0,0,0,0,0,0,0,0,0,0,0,0,0,1,2,55,1,2,2,1,0,0,1,62,1,1,1,69,0,0
39,391058,2,2,1,12,10,21,1,12,2,1,0,42,1,99,999,99999,99,1990,999999999999,9,9,9,9,9,9,9,9,9,9,9,9,0,,,,,,,,,,,,,,,,,,,,,,,,,0,0,000000000,00000000000,0,0,0,1,0,0,0,0,0,0,0,998,0,0,0,12,6,2,12,0,0,0,1,39,45701,6,1,0,0,3,3,72,174,0,0,0,0,0,0,0,0,0,0,38,0,0,0,1,2,55,1,2,2,1,0,0,11,15,1,1,2,68,1,0
39,391059,1,1,1,15,10,14,0,33,0,1,0,39,1,18,2,18002,4,2005,1G4HP52K15U1,1,G,4,H,P,5,2,K,1,5,U,1,0,P,BUIC,LCF,4D,5,17,3567,,0,1122,,G,,F,6,232,,,15R215,,,,,,0,0,000000000,00000000000,0,0,0,1,0,0,0,0,0,0,0,25,0,0,0,9,6,2,30,0,0,0,1,39,44131,6,1,0,0,3,3,73,245,0,0,0,0,0,0,0,0,0,0,36,0,0,0,1,4,35,1,1,1,2,0,0,1,9,1,2,5,7,1,0
39,391060,1,1,1,29,10,16,48,8,0,1,0,39,1,20,32,20032,4,2002,1Y1SK52882Z4,1,Y,1,S,K,5,2,8,8,2,Z,4,0,P,CHEV,P/L,4D,2,17,2403,,0,970,,G,,F,4,110,,,14R175,,,,,,0,0,000000000,00000000000,0,0,0,1,0,0,0,0,0,0,0,55,0,0,0,12,6,2,8,0,0,0,1,39,44833,6,1,0,0,3,3,70,129,0,0,0,0,0,0,0,0,0,0,0,0,0,0,1,2,55,1,1,2,2,0,0,1,80,1,1,1,13,0,0
39,391061,1,1,1,13,10,18,52,8,0,1,0,39,2,23,421,23421,15,2005,1GKFK66U25J2,1,G,K,F,K,6,6,U,2,5,J,2,0,T,GMC,DXL,4W,5,17,,2,0,1300,YUK,G,,,8,366,,,,B,5760,00,4,44,0,0,000000000,00000000000,0,0,0,1,0,0,0,0,0,0,0,10,0,0,0,12,2,1,8,0,0,0,1,39,44092,6,1,0,0,3,0,63,115,1,2,1,0,0,4,2010,4,2010,0,38,39,0,0,1,4,25,1,1,2,2,3,3,11,80,1,1,2,13,0,0
39,391062,1,1,1,2,11,14,11,34,0,1,0,39,1,7,27,7027,6,2012,3C4PDCBB1CT3,3,C,4,P,D,C,B,B,1,C,T,3,0,P,DODG,JOU,UT,12,17,4153,,0,1138,,G,,F,4,146,,,17R225,,,,,,0,0,000000000,00000000000,0,0,0,1,0,0,0,0,0,0,0,998,0,0,0,11,6,2,34,0,0,0,1,39,43412,6,1,0,0,3,3,65,170,0,0,0,0,0,0,0,0,0,0,58,0,0,0,1,2,55,1,1,2,1,0,0,1,12,6,1,4,6,1,0
39,391063,1,2,1,1,6,0,7,12,6,1,0,39,1,20,482,20482,31,2009,3GNFK22019G2,3,G,N,F,K,2,2,0,1,9,G,2,0,T,CHEV,KTL,SP,9,17,,2,0,1300,AVL,F,,,8,323,,,,B,5767,00,,44,0,0,000000000,00000000000,0,0,0,1,0,0,0,0,0,0,0,998,0,0,0,12,6,8,12,0,0,0,1,39,43623,6,1,0,0,3,0,66,235,1,0,0,1,0,3,2011,6,2012,0,0,0,0,0,3,4,40,1,1,2,2,3,3,1,62,1,1,1,69,0,0
39,391063,2,2,1,1,6,0,7,12,6,1,0,39,1,14,4,14004,2,1977,7A93F579174,7,A,9,3,F,5,7,9,1,7,4,,0,P,,,,,,,,,,,,,,,,,,,,,,,,0,0,000000000,00000000000,0,0,0,1,0,0,0,0,0,0,0,998,0,0,0,3,6,8,12,0,0,0,1,39,43613,6,1,0,0,3,0,72,225,0,0,0,0,0,0,0,0,0,0,0,0,0,0,3,4,40,1,1,2,2,3,3,11,15,1,1,1,68,1,0
40,400002,1,1,2,2,1,6,15,34,0,1,0,40,3,20,481,20481,31,2001,1GCHK29U71Z2,1,G,C,H,K,2,9,U,7,1,Z,2,0,T,CHEV,2KH,4C,1,17,,2,1575,1435,SIL,G,,,8,364,,,,C,5342,00,,44,0,0,000000000,00000000000,0,0,0,1,0,0,0,0,0,0,0,998,0,1,5,12,6,2,34,0,0,0,1,40,73801,6,1,0,0,3,0,66,210,0,0,0,0,0,0,0,0,0,0,91,0,0,0,1,2,65,1,1,2,1,0,0,1,12,1,1,4,6,1,0
40,400003,1,1,2,1,1,10,20,42,0,1,0,40,1,12,481,12481,31,1999,1FTRX17L3XKA,1,F,T,R,X,1,7,L,3,X,K,A,0,T,FORD,F15,4C,99,17,,2,1571,1385,COF,G,,,8,330,,,,B,00000,00,U,42,0,0,000000000,00000000000,0,0,0,1,0,0,0,0,0,0,0,998,0,0,0,10,6,2,42,0,0,0,1,40,73159,9,9,99,9,9,9,999,999,99,99,99,99,99,99,9999,99,9999,1,0,0,0,0,1,2,45,1,1,4,11,0,0,1,6,1,3,4,2,1,1
40,400004,1,2,1,7,1,19,50,12,1,1,0,40,2,13,1,13001,4,1997,1LNLM82W0VY7,1,L,N,L,M,8,2,W,0,V,Y,7,0,P,LINC,SET,4D,97,17,3977,,0,1174,,G,,F,8,281,,,15R215,,,,,,0,0,000000000,00000000000,0,0,0,1,0,0,0,0,0,0,0,998,0,0,0,12,6,2,12,0,0,0,1,40,73034,6,1,0,0,3,3,70,144,0,0,0,0,1,12,2009,12,2009,1,0,0,0,0,2,2,50,1,1,1,1,0,0,1,52,1,1,1,28,1,1
40,400004,2,2,2,7,1,19,50,12,1,1,0,40,1,20,422,20422,15,2010,1GNUKJE30AR2,1,G,N,U,K,J,E,3,0,A,R,2,0,P,CHEV,K15,UT,10,17,5743,,0,1300,,F,,F,8,323,,,17R265,,,,,,0,0,000000000,00000000000,0,0,0,1,0,0,0,0,0,0,0,998,0,0,0,6,6,2,12,0,0,0,1,40,73025,6,1,0,0,3,0,68,210,0,0,0,1,0,8,2010,8,2010,0,0,0,0,0,2,2,50,1,1,1,1,20,3,2,53,1,1,1,29,0,0
40,400005,1,2,2,4,1,12,45,43,0,1,0,40,2,23,880,23880,67,1996,1GDHG31KXTF5,1,G,D,H,G,3,1,K,X,T,F,5,0,T,GMC,CUT,YY,96,17,,2,1460,1250,CTV,G,,,8,350,,,,D,4224,04,A,42,0,88,888888888,88888888888,2,1,97,1,0,0,0,0,0,0,0,998,0,1,5,12,6,2,1,0,0,0,1,40,73107,6,1,0,0,3,3,70,130,0,0,0,0,0,0,0,0,0,0,0,0,0,0,1,2,65,1,1,2,1,28,3,1,13,1,1,4,6,2,0
40,400005,2,2,1,4,1,12,45,43,0,1,0,40,3,51,881,51881,66,2003,4V4NC9TH73N3,4,V,4,N,C,9,T,H,7,3,N,3,1,T,VOLV,VNL,TR,3,17,,8,0,0,VVN,D,,,6,915,,,,,00000,00,,64,1,57,1045259,571045259,3,6,2,1,0,0,0,0,0,0,0,998,0,0,0,13,2,1,54,0,0,0,1,40,73160,6,1,6,0,3,3,74,220,0,0,0,1,1,6,2011,12,2011,0,0,0,0,0,1,2,65,1,1,2,1,28,3,1,98,1,1,1,98,0,0
40,400006,1,1,2,4,1,16,59,30,0,1,0,40,1,20,442,20442,20,1994,1GNDU06DXRT1,1,G,N,D,U,0,6,D,X,R,T,1,0,P,CHEV,L/M,SV,94,17,3554,,0,1098,,G,,F,6,191,,,15R205,,,,,,0,0,000000000,00000000000,0,0,0,1,0,0,0,0,0,0,0,998,0,0,0,12,6,2,30,0,0,0,1,40,74956,6,1,0,0,3,3,65,150,0,0,0,0,0,0,0,0,0,0,0,0,0,0,1,2,45,1,1,2,1,0,0,1,13,1,1,4,1,1,0
40,400007,1,1,1,2,1,23,50,59,0,1,0,40,1,38,402,38402,14,1994,4S2CY58V0R43,4,S,2,C,Y,5,8,V,0,R,4,3,0,P,ISU,ROD,UT,94,17,3970,,0,1087,,G,,F,6,195,,,16R245,,,,,,0,0,000000000,00000000000,0,0,0,1,0,0,0,0,0,0,0,998,0,2,5,4,6,2,1,0,0,0,1,45,29115,6,1,0,0,3,0,74,160,0,1,0,1,0,12,2009,12,2009,1,0,0,0,0,2,2,65,3,1,2,1,0,0,14,13,1,1,4,1,1,0
40,400008,1,1,1,1,1,0,20,35,0,1,0,54,1,20,35,20035,2,1991,J81RT2357M75,J,8,1,R,T,2,3,5,7,M,7,5,0,P,GEO,GG2,CP,91,17,2392,,0,965,,G,,F,4,097,,,000000,,,,,,0,0,000000000,00000000000,0,0,0,1,0,0,0,0,0,0,0,998,0,2,1,6,6,2,35,0,0,0,1,54,26452,1,1,0,0,2,0,999,999,99,99,99,99,99,99,9999,99,9999,1,0,0,0,0,1,2,45,1,5,2,1,0,0,1,13,1,1,4,1,1,1
40,400009,1,2,1,2,1,13,34,12,6,1,0,40,1,49,43,49043,4,2001,4T1BF28B21U1,4,T,1,B,F,2,8,B,2,1,U,1,0,P,TOYT,UVS,4D,1,17,3428,,0,1071,,G,,F,6,183,,,15R205,,,,,,0,0,000000000,00000000000,0,0,0,1,0,0,0,0,0,0,0,998,3,0,0,11,6,2,12,0,0,0,1,40,73114,6,1,0,0,3,0,67,200,0,0,0,0,0,0,0,0,0,1,39,0,0,0,1,4,40,1,5,1,1,3,3,1,17,1,1,2,89,1,0
40,400009,2,2,1,2,1,13,34,12,6,1,0,40,3,84,881,84881,63,2010,1HTJTSKN5AH1,1,H,T,J,T,S,K,N,5,A,H,1,0,T,INTL,430,CC,10,17,,7,0,0,40S,D,,,8,390,,,,,00000,00,,42,0,57,125845,57125845,3,1,96,1,0,0,0,0,0,0,0,998,7,1,1,12,6,2,12,0,0,0,1,40,73044,6,1,6,9,3,0,68,178,0,0,0,0,0,0,0,0,0,0,0,0,0,0,1,4,55,1,5,1,1,3,3,1,66,6,1,2,88,0,0
40,400010,1,2,1,6,1,14,20,12,6,1,0,40,3,98,809,98809,63,2006,2FZAAVDC56AX,2,F,Z,A,A,V,D,C,5,6,A,X,0,T,STRG,L80,CC,6,17,,7,0,0,STE,D,,,6,439,,,,,00000,00,,42,0,88,888888888,88888888888,3,1,4,1,0,0,0,0,0,0,0,998,0,0,0,1,6,2,12,39,0,0,1,40,73641,6,1,6,1,3,3,69,190,0,0,0,0,0,0,0,0,0,0,30,91,0,0,1,2,65,1,1,2,1,0,0,98,16,1,1,7,70,0,0
40,400010,2,2,1,6,1,14,20,12,6,1,0,40,1,82,881,82881,66,2000,1FUYDSEB9YLB,1,F,U,Y,D,S,E,B,9,Y,L,B,1,T,FRHT,FLD,TR,0,17,,8,0,0,CON,D,,,6,774,,,,,00000,00,,64,3,57,350601,57350601,3,6,4,1,0,0,0,0,0,0,0,998,0,1,5,12,6,2,12,0,0,1,1,40,73601,6,1,6,1,3,0,68,185,0,0,0,0,0,0,0,0,0,0,0,0,0,0,1,2,65,1,1,1,1,40,3,1,60,7,1,2,71,1,0
40,400011,1,2,1,10,1,17,1,12,6,1,0,20,3,87,881,87881,66,2012,1XPHD49X0CD1,1,X,P,H,D,4,9,X,0,C,D,1,1,T,PTRB,386,TR,12,17,,8,0,0,CON,D,,,6,915,,,,,00000,00,,64,1,57,2045830,572045830,3,6,2,1,0,0,0,0,0,0,0,998,0,0,0,10,6,2,12,0,0,0,1,40,73052,6,1,6,0,3,3,76,285,0,0,0,0,0,0,0,0,0,0,0,0,0,0,1,2,65,3,1,2,1,0,0,14,62,7,1,2,65,0,0
40,400011,2,2,2,10,1,17,1,12,6,1,0,40,1,20,16,20016,4,1999,1G1JC5241X73,1,G,1,J,C,5,2,4,1,X,7,3,0,P,CHEV,CAV,4D,99,17,2676,,0,1041,,G,,F,4,133,,,14R195,,,,,,0,0,000000000,00000000000,0,0,0,1,0,0,0,0,0,0,0,998,0,0,0,11,6,2,12,0,0,0,1,40,73057,6,1,0,0,3,0,63,107,0,0,0,0,0,0,0,0,0,0,0,0,0,0,2,2,65,2,1,2,1,28,3,14,10,1,1,2,64,1,0
40,400012,1,1,2,12,1,21,49,8,0,1,0,40,1,7,880,7880,67,2003,3D7MU48C83G8,3,D,7,M,U,4,8,C,8,3,G,8,0,T,DODG,SQ3,CW,3,17,,3,0,1600,RPC,D,,,6,359,,,,D,6544,06,E,44,0,88,888888888,88888888888,2,1,97,1,0,0,0,0,0,0,0,998,0,0,0,1,2,1,8,0,0,0,1,40,73119,6,1,0,0,3,0,66,183,0,0,0,0,0,0,0,0,0,0,0,0,0,0,1,4,40,1,1,2,1,0,0,1,80,1,1,1,13,0,0
40,400013,1,2,2,14,1,20,25,9,0,1,0,40,2,24,401,24401,14,2009,3GSCL33PX9S6,3,G,S,C,L,3,3,P,X,9,S,6,0,P,STRN,VUE,UT,9,17,3825,,0,1066,,G,,F,4,146,,,16R235,,,,,,0,0,000000000,00000000000,0,0,0,1,0,0,0,0,0,0,0,998,0,0,0,82,2,1,9,0,0,0,1,40,73139,0,0,0,0,0,0,70,174,0,0,0,0,0,0,0,0,0,0,0,0,0,0,1,4,40,1,5,2,1,0,0,1,83,1,1,1,13,0,0
40,400013,2,2,1,14,1,20,25,9,0,1,0,40,1,35,51,35051,6,2008,JN8AS58T18W0,J,N,8,A,S,5,8,T,1,8,W,0,0,P,NISS,ROG,UT,8,17,3267,,0,1059,,G,,F,4,153,,,16R215,,,,,,0,0,000000000,00000000000,0,0,0,1,0,0,0,0,0,0,0,998,0,0,0,14,2,1,9,0,0,0,1,40,73159,6,1,0,0,3,0,64,130,0,0,0,0,0,0,0,0,0,0,0,0,0,0,1,4,40,1,5,2,1,0,0,1,90,9,1,2,98,0,0
40,400014,1,2,2,8,1,1,8,12,6,1,0,40,1,20,9,20009,2,1998,2G1FP22K8W21,2,G,1,F,P,2,2,K,8,W,2,1,0,P,CHEV,CAM,CP,98,17,3331,,0,1011,,G,,F,6,231,,,16R215,,,,,,0,0,000000000,00000000000,0,0,0,1,0,0,0,0,0,0,0,998,0,0,0,9,6,2,12,0,0,0,1,40,74127,6,1,0,0,3,0,65,120,0,0,0,0,1,2,2010,2,2010,0,38,0,0,0,1,2,50,1,1,2,1,20,3,1,17,1,1,2,89,1,1
40,400014,2,2,2,8,1,1,8,12,6,1,0,40,3,12,17,12017,4,2011,1FAHP2HW4BG1,1,F,A,H,P,2,H,W,4,B,G,1,0,P,FORD,TSA,4D,11,17,4224,,0,0,,G,,F,6,214,,,18R235,,,,,,0,0,000000000,00000000000,0,0,0,1,0,0,0,0,0,0,0,998,0,0,0,12,6,2,12,0,0,0,1,40,73003,6,1,0,0,3,0,74,190,0,0,0,1,0,5,2011,5,2011,0,0,0,0,0,3,2,65,1,1,2,1,0,0,1,66,4,1,1,88,0,0