STATE,ST_CASE,VEH_NO,VE_FORMS,NUMOCCS,DAY,MONTH,HOUR,MINUTE,HARM_EV,MAN_COLL,UNITTYPE,HIT_RUN,REG_STAT,OWNER,MAKE,MODEL,MAK_MOD,BODY_TYP,MOD_YEAR,VIN,VIN_1,VIN_2,VIN_3,VIN_4,VIN_5,VIN_6,VIN_7,VIN_8,VIN_9,VIN_10,VIN_11,VIN_12,TOW_VEH,VINTYPE,VINMAKE,VINA_MOD,VIN_BT,VINMODYR,VIN_LNGT,VIN_WGT,WGTCD_TR,WHLBS_LG,WHLBS_SH,SER_TR,FUELCODE,MCYCL_DS,CARBUR,CYLINDER,DISPLACE,MCYCL_CY,MCYCL_WT,TIRE_SZE,TON_RAT,TRK_WT,TRKWTVAR,VIN_REST,WHLDRWHL,J_KNIFE,MCARR_I1,MCARR_I2,MCARR_ID,GVWR,V_CONFIG,CARGO_BT,HAZ_INV,HAZ_PLAC,HAZ_ID,HAZ_CNO,HAZ_REL,BUS_USE,SPEC_USE,EMER_USE,TRAV_SP,UNDERIDE,ROLLOVER,ROLINLOC,IMPACT1,DEFORMED,TOWED,M_HARM,VEH_SC1,VEH_SC2,FIRE_EXP,DR_PRES,L_STATE,DR_ZIP,L_STATUS,L_TYPE,CDL_STAT,L_ENDORS,L_COMPL,L_RESTRI,DR_HGT,DR_WGT,PREV_ACC,PREV_SUS,PREV_DWI,PREV_SPD,PREV_OTH,FIRST_MO,FIRST_YR,LAST_MO,LAST_YR,SPEEDREL,DR_SF1,DR_SF2,DR_SF3,DR_SF4,VTRAFWAY,VNUM_LAN,VSPD_LIM,VALIGN,VPROFILE,VPAVETYP,VSURCOND,VTRAFCON,VTCONT_F,P_CRASH1,P_CRASH2,P_CRASH3,PCRASH4,PCRASH5,ACC_TYPE,DEATHS,DR_DRINK
40,400049,1,2,1,13,2,7,54,12,6,1,0,40,2,20,441,20441,20,2002,1GNDM19X32B1,1,G,N,D,M,1,9,X,3,2,B,1,0,T,CHEV,AST,ES,2,17,,1,0,1112,AST,G,,,6,262,,,,B,4323,00,,42,0,0,000000000,00000000000,0,0,0,1,0,0,0,0,0,0,0,998,0,0,0,12,6,2,12,0,0,0,1,40,73434,6,1,0,0,3,1,66,120,0,0,0,0,0,0,0,0,0,1,0,0,0,0,1,2,65,1,5,2,3,0,0,1,10,1,1,1,64,0,0
40,400049,2,2,1,13,2,7,54,12,6,1,0,40,3,12,471,12471,30,2009,1FTYR10D29PA,1,F,T,Y,R,1,0,D,2,9,P,A,0,T,FORD,RNG,PK,9,17,,1,1180,1120,RNG,G,,,4,140,,,,B,3030,00,4,42,0,0,000000000,00000000000,0,0,0,1,0,0,0,0,0,0,0,998,0,0,0,11,6,2,12,0,0,0,1,40,73533,6,1,0,0,3,0,68,160,0,0,0,0,0,0,0,0,0,0,0,0,0,0,1,2,65,1,6,2,3,0,0,1,54,1,1,1,65,1,0
40,400050,1,4,1,1,2,16,55,12,2,1,0,40,1,7,25,7025,5,2007,1B3HB28B87D5,1,B,3,H,B,2,8,B,8,7,D,5,0,P,DODG,CLB,4D,7,17,3000,,0,1037,,G,,F,4,122,,,15R205,,,,,,0,0,000000000,00000000000,0,0,0,1,0,0,0,0,0,0,0,998,0,0,0,12,6,2,12,0,0,0,1,40,73142,6,1,0,0,3,3,66,155,0,0,0,0,0,0,0,0,0,0,0,0,0,0,1,2,65,1,6,1,1,28,3,1,10,1,1,2,50,1,0
40,400050,2,4,1,1,2,16,55,12,2,1,0,40,1,35,472,35472,30,2001,1N6ED27T61C3,1,N,6,E,D,2,7,T,6,1,C,3,0,T,NISS,XSC,CW,1,17,,1,0,1161,FRT,G,,,6,201,,,,B,3695,01,U,42,0,0,000000000,00000000000,0,0,0,1,0,0,0,0,0,0,0,998,0,1,1,12,6,2,12,0,0,0,1,40,74059,6,1,6,0,3,0,68,245,0,0,0,1,0,7,2009,7,2009,0,0,0,0,0,1,2,65,1,5,1,1,28,3,1,54,1,1,1,51,1,0
40,400050,3,4,1,1,2,16,55,12,2,1,0,40,3,20,461,20461,21,2009,1GCGG29K5911,1,G,C,G,G,2,9,K,5,9,1,1,0,T,CHEV,E25,EC,9,17,,2,0,1550,EXP,G,,,8,366,,,,C,5547,00,,42,0,0,000000000,00000000000,0,0,0,1,0,0,0,0,0,0,0,998,0,0,0,7,6,2,12,0,0,0,1,40,74074,6,1,0,0,3,3,69,135,1,0,0,1,1,10,2009,11,2009,0,0,0,0,0,1,2,65,1,5,1,1,28,3,1,54,7,1,2,98,0,0
40,400050,4,4,3,1,2,16,55,12,2,1,0,40,1,7,442,7442,20,2007,1D4GP24R07B1,1,D,4,G,P,2,4,R,0,7,B,1,0,T,DODG,GCS,ES,7,17,,1,0,1193,CAR,G,,,6,201,,,,,4095,00,E,42,0,0,000000000,00000000000,0,0,0,1,0,0,0,0,0,0,0,998,0,0,0,7,4,1,12,0,0,0,1,40,74059,6,1,0,0,3,3,64,180,1,0,0,0,1,12,2009,12,2009,0,0,0,0,0,1,2,65,1,6,1,1,28,3,1,62,1,1,1,98,0,0
40,400051,1,1,1,14,2,13,50,42,0,1,0,40,1,9,20,9020,4,1996,1P3ES47C4TD5,1,P,3,E,S,4,7,C,4,T,D,5,0,P,PLYM,NEH,4D,96,17,2443,,0,1040,,G,,F,4,122,,,14R185,,,,,,0,0,000000000,00000000000,0,0,0,1,0,0,0,0,0,0,0,998,0,0,0,12,6,2,42,0,0,0,1,40,74034,6,1,0,0,3,3,72,174,0,0,0,0,0,0,0,0,0,0,0,0,0,0,1,2,65,1,6,2,1,28,3,1,13,1,1,4,1,1,0
40,400052,1,2,1,24,2,18,13,12,2,1,0,40,1,12,481,12481,31,2004,1FTSW31P44EC,1,F,T,S,W,3,1,P,4,4,E,C,0,T,FORD,F3S,CW,4,17,,2,1724,1562,SRW,D,,,8,366,,,,D,6267,00,E,44,0,0,000000000,00000000000,0,0,0,1,0,0,0,0,0,0,0,998,0,0,0,12,6,2,12,0,0,0,1,40,74070,1,1,0,0,2,3,70,130,0,0,0,1,1,2,2010,2,2011,0,0,0,0,0,1,2,65,1,5,2,1,28,3,1,54,6,1,2,52,0,0
40,400052,2,2,1,24,2,18,13,12,2,1,0,40,1,6,43,6043,4,1996,3C3EL45X1TT2,3,C,3,E,L,4,5,X,1,T,T,2,0,P,CHRY,SJX,CV,96,17,3262,,0,1060,,G,,F,4,148,,,15R205,,,,,,0,0,000000000,00000000000,0,0,0,1,0,0,0,0,0,0,0,998,0,0,0,12,6,2,12,0,0,0,1,40,74020,6,1,0,0,3,3,71,195,0,0,0,0,0,0,0,0,0,0,28,0,0,0,1,2,65,1,6,2,1,28,3,1,11,1,1,2,52,1,0
40,400055,1,1,1,7,2,11,1,42,0,1,0,40,1,20,37,20037,4,2007,1G1ZS58F47F1,1,G,1,Z,S,5,8,F,4,7,F,1,0,P,CHEV,M/L,4D,7,17,3122,,0,1063,,G,,F,4,134,,,15R205,,,,,,0,0,000000000,00000000000,0,0,0,1,0,0,0,0,0,0,0,998,0,0,0,11,6,2,35,0,0,0,1,40,73098,6,1,6,0,3,3,68,170,0,0,0,0,1,11,2011,11,2011,9,0,0,0,0,1,2,65,1,6,2,1,0,0,1,12,1,1,4,6,1,0
40,400056,1,1,2,20,2,1,59,42,0,1,0,40,2,41,43,41043,4,1993,JM1HD4611P02,J,M,1,H,D,4,6,1,1,P,0,2,0,P,MAZD,929,4D,93,17,3596,,0,1122,,G,,F,6,180,,,15R205,,,,,,0,0,000000000,00000000000,0,0,0,1,0,0,0,0,0,0,0,998,0,0,0,2,6,2,42,0,0,1,1,40,74112,1,1,0,0,2,0,75,200,1,6,2,0,7,11,2009,11,2011,1,0,0,0,0,3,2,25,1,1,2,1,28,3,1,6,99,2,4,7,1,1
40,400057,1,2,1,27,2,7,59,12,6,1,0,40,2,6,43,6043,2,2000,3C3EL55H6YT2,3,C,3,E,L,5,5,H,6,Y,T,2,0,P,CHRY,SJI,CV,0,17,3364,,0,1060,,G,,F,6,152,,,16R215,,,,,,0,0,000000000,00000000000,0,0,0,1,0,0,0,0,0,0,0,998,0,0,0,3,6,2,12,0,0,0,1,40,74066,6,1,0,0,3,0,66,130,1,0,0,1,1,12,2010,1,2011,0,0,0,0,0,1,2,65,2,1,2,1,28,3,14,12,1,1,4,66,1,0
40,400057,2,2,1,27,2,7,59,12,6,1,0,40,1,20,421,20421,15,2004,1GNEK13ZX4R1,1,G,N,E,K,1,3,Z,X,4,R,1,0,P,CHEV,KTA,UT,4,17,5050,,0,1160,,F,,F,8,325,,,16R265,,,,,,0,0,000000000,00000000000,0,0,0,1,0,0,0,0,0,0,0,998,0,0,0,12,6,2,12,0,0,0,1,40,74441,6,1,0,0,3,0,73,190,0,0,0,0,0,0,0,0,0,0,0,0,0,0,1,2,65,3,1,2,1,28,3,14,54,7,1,4,66,0,0
40,400058,1,1,1,3,3,11,38,1,0,1,0,40,1,13,401,13401,14,2004,5LMEU68H14ZJ,5,L,M,E,U,6,8,H,1,4,Z,J,0,P,LINC,AVI,UT,4,17,4818,,0,1137,,G,,F,8,281,,,17R245,,,,,,0,0,000000000,00000000000,0,0,0,1,0,0,0,0,0,0,0,998,0,1,5,0,6,2,1,0,0,0,1,40,73034,6,1,0,0,3,3,74,200,0,0,0,0,0,0,0,0,0,1,0,0,0,0,1,2,65,3,2,2,1,0,0,14,13,1,9,4,2,1,1
40,400059,1,2,1,23,1,11,9,12,2,1,0,40,1,14,21,14021,4,2010,3MEHM0JG7AR6,3,M,E,H,M,0,J,G,7,A,R,6,0,P,MERC,MPR,4D,10,17,3303,,0,1074,,F,,F,6,183,,,17R225,,,,,,0,0,000000000,00000000000,0,0,0,1,0,0,0,0,0,0,0,998,0,1,2,12,6,2,12,0,0,0,1,40,74868,6,1,0,0,3,3,75,150,0,0,0,0,0,0,0,0,0,0,0,0,0,0,1,4,55,1,1,2,1,0,0,1,10,1,1,2,50,0,0
40,400059,2,2,3,23,1,11,9,12,2,1,0,40,1,22,32,22032,6,2003,5Y2SL62893Z4,5,Y,2,S,L,6,2,8,9,3,Z,4,0,P,PONT,VIB,4H,3,17,2700,,0,1024,,G,,F,4,110,,,16R205,,,,,,0,0,000000000,00000000000,0,0,0,1,0,0,0,0,0,0,0,998,0,1,5,12,6,2,12,0,0,0,1,40,74868,6,1,0,0,3,3,68,180,0,0,0,0,0,0,0,0,0,0,0,0,0,0,1,2,55,1,1,2,1,0,0,1,54,4,1,1,51,1,0
40,400060,1,6,1,14,2,5,45,43,0,1,0,40,1,20,481,20481,31,1994,1GCDT19W5RK1,1,G,C,D,T,1,9,W,5,R,K,1,0,T,CHEV,S14,PC,94,17,,1,1229,1083,S,G,,,6,262,,,,B,3604,00,,44,0,0,000000000,00000000000,0,0,0,1,0,0,0,0,0,0,0,998,0,0,0,98,4,1,12,0,0,0,1,40,74851,6,1,0,0,3,0,67,128,0,0,0,0,0,0,0,0,0,1,0,0,0,0,3,2,65,1,1,1,4,0,0,1,5,1,9,2,12,0,0
40,400060,2,6,1,14,2,5,45,43,0,1,0,40,3,82,881,82881,66,1999,1FUPCXYB4XLA,1,F,U,P,C,X,Y,B,4,X,L,A,0,T,FRHT,FLD,TR,99,17,,8,0,0,CON,D,,,6,893,,,,,00000,00,,64,0,77,777777777,77777777777,3,1,1,1,0,0,0,0,0,0,0,998,0,0,0,10,4,1,12,0,0,0,1,40,74538,6,1,6,1,3,0,70,195,0,0,0,0,0,0,0,0,0,1,0,0,0,0,3,2,65,1,1,1,4,0,0,1,61,1,1,1,98,0,0
40,400060,3,6,1,14,2,5,45,43,0,1,0,40,1,23,481,23481,31,2007,3GTEC14X47G1,3,G,T,E,C,1,4,X,4,7,G,1,0,T,GMC,NC1,PK,7,17,,2,1330,1190,SIE,G,,,6,262,,,,B,4211,01,4,42,0,0,000000000,00000000000,0,0,0,1,0,0,0,0,0,0,0,998,0,0,0,12,6,2,12,0,0,0,1,40,74804,6,1,0,0,3,0,69,145,0,0,0,0,0,0,0,0,0,1,0,0,0,0,3,2,65,1,1,1,4,0,0,1,50,4,1,3,98,0,0
40,400060,4,6,1,14,2,5,45,43,0,1,0,40,1,35,43,35043,4,2010,3N1AB6AP3AL7,3,N,1,A,B,6,A,P,3,A,L,7,0,P,NISS,SBL,4D,10,17,2862,,0,1057,,G,,F,4,122,,,15R205,,,,,,0,0,000000000,00000000000,0,0,0,1,0,0,0,0,0,0,0,998,0,0,0,12,6,2,12,0,0,0,1,40,74820,6,1,0,0,3,0,74,195,0,0,0,0,0,0,0,0,0,1,0,0,0,0,3,2,65,1,1,1,4,0,0,1,50,4,1,3,98,1,0
40,400060,5,6,1,14,2,5,45,43,0,1,0,40,1,12,17,12017,4,1995,1FALP52UXSA1,1,F,A,L,P,5,2,U,X,S,A,1,0,P,FORD,TGS,4D,95,17,3118,,0,1060,,G,,F,6,182,,,15R205,,,,,,0,0,000000000,00000000000,0,0,0,1,0,0,0,0,0,0,0,998,0,0,0,12,6,2,12,0,0,0,1,40,74854,6,1,0,0,3,0,71,220,0,0,0,1,0,11,2011,11,2011,1,0,0,0,0,3,2,65,1,1,1,4,0,0,1,50,4,1,1,98,0,0
40,400060,6,6,1,14,2,5,45,43,0,1,0,40,1,14,39,14039,4,2003,2MEHM75V73X6,2,M,E,H,M,7,5,V,7,3,X,6,0,P,MERC,MAU,4D,3,17,4165,,0,1147,,G,,F,8,281,,,18R235,,,,,,0,0,000000000,00000000000,0,0,0,1,0,0,0,0,0,0,0,998,0,0,0,9,2,1,12,0,0,0,1,40,74873,6,1,0,0,3,0,65,140,0,0,0,1,0,10,2009,10,2009,1,0,0,0,0,3,2,65,1,1,1,4,0,0,1,50,7,1,2,98,0,0
40,400061,1,1,1,17,2,21,23,42,0,1,0,40,2,49,472,49472,30,1998,4TAWN72N4WZ0,4,T,A,W,N,7,2,N,4,W,Z,0,0,T,TOYT,XTR,PK,98,17,,1,0,1219,TAC,G,,,6,206,,,,B,3411,00,U,44,0,0,000000000,00000000000,0,0,0,1,0,0,0,0,0,0,0,998,0,0,0,11,6,2,42,0,0,0,1,40,73628,6,1,0,0,3,0,64,130,0,0,0,1,0,10,2009,10,2009,0,0,0,0,0,1,2,65,1,1,2,1,0,0,1,12,1,1,4,6,1,0
40,400062,1,1,3,25,2,7,43,52,0,1,0,40,3,82,881,82881,62,2009,1FVACWBS49HA,1,F,V,A,C,W,B,S,4,9,H,A,0,T,FRHT,16M,CC,9,17,,6,0,0,FM2,D,,,6,505,,,,,00000,00,,42,0,57,1722231,571722231,2,1,3,1,0,0,0,0,0,0,0,998,0,1,5,98,6,2,1,0,0,0,1,40,74020,6,1,6,0,3,0,65,130,0,0,0,0,0,0,0,0,0,0,0,0,0,0,1,2,65,1,6,2,1,0,0,1,13,1,1,4,1,1,0
40,400063,1,2,1,27,2,17,29,12,6,1,0,40,2,12,481,12481,31,2002,1FTNF21F22EA,1,F,T,N,F,2,1,F,2,2,E,A,0,T,FORD,F2S,PK,2,17,,2,0,1370,SRW,D,,,8,444,,,,C,5823,01,U,44,0,0,000000000,00000000000,0,0,0,1,0,0,0,0,0,0,0,998,0,0,0,12,6,2,12,0,0,0,1,40,74935,6,1,0,0,3,0,68,170,0,0,0,1,0,11,2011,11,2011,0,0,0,0,0,1,2,45,1,3,2,1,0,0,1,10,1,1,2,64,1,0
40,400063,2,2,1,27,2,17,29,12,6,1,0,40,2,20,880,20880,67,2001,1GCJK39171F1,1,G,C,J,K,3,9,1,7,1,F,1,0,T,CHEV,SK3,4C,1,17,,3,0,1575,SIL,D,,,8,403,,,,D,6318,00,,44,0,88,888888888,88888888888,2,1,97,1,0,0,0,0,0,0,0,998,0,1,1,11,6,2,1,0,0,0,1,40,74570,6,1,6,0,3,3,69,200,0,0,0,1,0,7,2010,7,2010,1,0,0,0,0,1,2,45,1,3,2,1,0,0,1,54,1,1,1,65,0,0
40,400064,1,1,1,4,3,1,19,1,0,1,0,40,1,12,473,12473,30,2002,1FMYU60E02UC,1,F,M,Y,U,6,0,E,0,2,U,C,0,P,FORD,EPR,UT,2,17,3860,,0,1018,,G,,F,6,245,,,16R235,,,,,,0,0,000000000,00000000000,0,0,0,1,0,0,0,0,0,0,0,998,0,1,4,0,6,2,1,0,0,0,1,40,74012,6,1,0,0,3,0,65,115,0,0,0,1,2,5,2009,5,2009,1,58,0,0,0,6,1,65,3,5,1,1,0,0,14,13,6,4,4,7,1,1
40,400065,1,1,2,2,2,22,45,1,0,1,0,40,1,20,421,20421,15,2005,1GNEC13V25R1,1,G,N,E,C,1,3,V,2,5,R,1,0,P,CHEV,CTA,UT,5,17,4975,,0,1160,,G,,F,8,293,,,16R265,,,,,,0,0,000000000,00000000000,0,0,0,1,0,0,0,0,0,0,0,998,0,1,5,0,6,2,1,0,0,0,1,40,74301,6,1,0,0,3,0,71,240,0,0,0,0,2,10,2010,10,2010,1,0,0,0,0,1,2,65,3,1,2,1,28,3,14,13,6,4,4,7,1,0
40,400066,1,1,2,7,2,18,45,8,0,1,0,40,1,7,403,7403,14,2007,1D8GT58K97W5,1,D,8,G,T,5,8,K,9,7,W,5,0,P,DODG,NIT,UT,7,17,3982,,0,1088,,G,,F,6,225,,,17R235,,,,,,0,0,000000000,00000000000,0,0,0,1,0,0,0,0,0,0,0,998,0,0,0,12,2,3,8,0,0,0,1,40,74651,6,1,0,0,3,3,68,120,0,0,0,0,0,0,0,0,0,0,0,0,0,0,1,4,40,1,1,2,2,0,0,1,80,1,1,1,13,0,0
40,400067,1,1,1,16,2,20,5,43,0,1,0,40,3,23,880,23880,67,2006,1GBJK34U46E1,1,G,B,J,K,3,4,U,4,6,E,1,0,T,CHEV,SK3,CB,6,17,,3,1615,1370,SIL,G,,,8,366,,,,D,5774,01,,44,0,88,888888888,88888888888,2,1,97,1,0,0,0,0,0,0,0,998,0,0,0,12,6,2,2,0,0,1,1,40,73801,6,1,6,0,3,0,72,225,0,0,0,0,1,4,2011,4,2011,0,0,0,0,0,1,2,65,1,1,2,1,0,0,1,13,1,1,4,1,1,1
40,400068,1,2,1,23,2,4,45,12,1,1,0,40,1,7,461,7461,21,2003,2D7JB21TX3K5,2,D,7,J,B,2,1,T,X,3,K,5,0,T,DODG,25B,CG,3,17,,2,0,1272,RMV,N,,,8,318,,,,C,00000,00,E,42,0,0,000000000,00000000000,0,0,0,1,0,0,0,0,0,0,0,998,0,0,0,12,6,2,12,0,0,0,1,40,74044,6,1,0,0,3,0,69,160,1,0,0,2,1,3,2009,9,2010,1,0,0,0,0,3,2,75,1,5,2,1,0,0,1,51,1,1,1,24,1,0
40,400068,2,2,1,23,2,4,45,12,1,1,0,17,3,51,881,51881,66,2004,4V4NC9GH64N3,4,V,4,N,C,9,G,H,6,4,N,3,1,T,VOLV,VNL,TR,4,17,,8,0,0,VVN,D,,,6,732,,,,,00000,00,,64,1,57,1853372,571853372,3,6,1,1,0,0,0,0,0,0,0,998,0,0,0,6,4,3,12,0,0,0,1,36,11385,6,1,6,0,3,0,69,999,0,1,0,0,1,11,2009,2,2010,0,0,0,0,0,3,2,75,1,5,2,1,0,0,1,53,1,1,1,25,0,0
40,400069,1,2,1,24,2,9,0,12,7,1,0,40,3,82,881,82881,66,2007,1FUJA6CK77LY,1,F,U,J,A,6,C,K,7,7,L,Y,1,T,FRHT,COL,TR,7,17,,8,0,0,CON,D,,,6,855,,,,,00000,00,,64,3,57,031816,57031816,3,6,2,2,2,1789,8,1,0,0,0,998,0,1,5,2,6,2,1,0,0,0,1,40,74820,6,1,6,1,3,0,68,185,0,0,0,0,0,0,0,0,0,0,0,0,0,0,1,2,65,1,6,2,1,0,0,99,61,1,1,1,45,1,0
40,400069,2,2,1,24,2,9,0,12,7,1,0,40,3,12,481,12481,31,2007,1FTNF20527EA,1,F,T,N,F,2,0,5,2,7,E,A,0,T,FORD,F2S,PK,7,17,,2,0,1370,SRW,G,,,8,329,,,,C,5648,00,U,42,0,0,000000000,00000000000,0,0,0,1,0,0,0,0,0,0,0,998,0,0,0,11,6,2,12,0,0,0,1,40,73763,6,1,0,0,3,0,69,145,0,0,0,0,0,0,0,0,0,0,0,0,0,0,1,2,65,1,6,2,1,0,0,15,10,1,1,1,47,0,0
40,400070,1,1,1,26,2,10,44,38,0,1,0,40,1,63,33,63033,4,2003,KNAFB1217352,K,N,A,F,B,1,2,1,7,3,5,2,0,P,KIA,STL,4D,3,17,2661,,0,1008,,G,,F,4,109,,,14R185,,,,,,0,0,000000000,00000000000,0,0,0,1,0,0,0,0,0,0,0,998,0,0,0,12,6,2,42,0,0,0,1,40,73055,6,1,0,0,3,0,66,200,0,0,0,0,0,0,0,0,0,1,0,0,0,0,1,2,55,1,6,2,1,28,3,1,13,1,1,4,1,1,0
40,400071,1,1,3,26,2,12,41,1,0,1,0,40,2,20,421,20421,15,1995,1GNDT13W0SK1,1,G,N,D,T,1,3,W,0,S,K,1,0,P,CHEV,BZR,UT,95,17,4071,,0,1070,,G,,F,6,262,,,15R205,,,,,,0,0,000000000,00000000000,0,0,0,1,0,0,0,0,0,0,0,998,0,1,5,0,6,2,1,0,0,0,1,40,74501,0,0,0,0,0,0,999,999,0,0,0,0,0,0,0,0,0,0,6,0,0,0,1,2,65,1,1,2,1,0,0,1,13,9,3,4,2,1,0
40,400072,1,1,4,27,2,5,29,8,0,1,0,40,3,7,880,7880,67,2011,3D6WF4CL8BG5,3,D,6,W,F,4,C,L,8,B,G,5,0,T,DODG,S3L,CH,11,17,,3,0,1724,RPC,D,,,6,408,,,,D,6476,00,K,42,0,57,1424403,571424403,2,1,97,1,0,0,0,0,0,0,0,998,0,0,0,1,4,1,8,0,0,0,1,35,73750,6,1,0,0,3,3,999,999,98,0,0,0,0,0,0,0,0,0,0,0,0,0,1,2,55,1,1,2,1,0,0,1,80,1,1,1,13,0,0
40,400073,1,2,1,5,3,3,55,12,6,1,0,40,1,24,1,24001,4,1995,1G8ZF5289SZ4,1,G,8,Z,F,5,2,8,9,S,Z,4,0,P,STRN,SSL,4D,95,17,2210,,0,1024,,G,,F,4,116,,,14R175,,,,,,0,0,000000000,00000000000,0,0,0,1,0,0,0,0,0,0,0,998,0,0,0,3,6,2,12,0,0,0,1,40,74337,6,1,6,0,3,0,70,160,0,0,0,1,0,4,2011,4,2011,0,38,0,0,0,2,2,70,1,1,1,1,21,3,1,17,1,1,1,87,1,1
40,400073,2,2,1,5,3,3,55,12,6,1,0,40,1,23,401,23401,14,2004,1GKES16S0461,1,G,K,E,S,1,6,S,0,4,6,1,0,T,GMC,EXL,4W,4,17,,2,0,1290,ENV,G,,,6,256,,,,B,4787,00,E,42,0,0,000000000,00000000000,0,0,0,1,0,0,0,0,0,0,0,998,0,1,5,12,6,2,12,0,0,0,1,40,74365,6,1,0,0,3,3,64,153,0,0,0,0,0,0,0,0,0,0,0,0,0,0,2,2,70,1,1,1,1,0,0,1,66,1,1,1,86,0,0
40,400074,1,1,1,13,1,10,32,42,0,1,0,40,1,21,23,21023,4,1999,1G3WX52H8XF3,1,G,3,W,X,5,2,H,8,X,F,3,0,P,OLDS,ILS,4D,99,17,3434,,0,1090,,G,,F,6,211,,,16R225,,,,,,0,0,000000000,00000000000,0,0,0,1,0,0,0,0,0,0,0,998,0,0,0,12,4,3,42,0,0,0,1,40,74145,6,1,0,0,3,0,64,105,0,0,0,0,0,0,0,0,0,0,0,0,0,0,1,2,25,1,1,2,1,0,0,1,13,1,1,4,1,1,0
40,400075,1,1,1,16,1,17,8,57,0,1,0,40,3,20,461,20461,21,2005,1GBHG31U3511,1,G,B,H,G,3,1,U,3,5,1,1,0,T,CHEV,CT3,YY,5,17,,2,1770,1390,ETV,G,,,8,366,,,,D,4623,00,,42,0,0,000000000,00000000000,0,0,0,1,0,0,0,0,0,0,0,998,0,1,3,1,6,2,1,0,0,0,1,40,73044,6,1,0,0,3,0,70,204,0,0,0,0,1,12,2009,12,2009,0,80,0,0,0,3,2,70,1,1,1,1,0,0,1,1,1,4,4,7,1,0
40,400076,1,1,1,3,2,18,23,8,0,1,0,48,2,20,431,20431,16,1999,3GNEC16R2XG1,3,G,N,E,C,1,6,R,2,X,G,1,0,P,CHEV,C15,UT,99,17,4825,,0,1315,,G,,F,8,350,,,15R235,,,,,,0,0,000000000,00000000000,0,0,0,1,0,0,0,0,0,0,0,40,0,0,0,1,2,1,8,0,0,0,1,48,77373,6,1,0,0,3,0,999,999,0,0,0,0,0,0,0,0,0,0,0,0,0,0,1,4,40,1,1,2,2,0,0,1,80,4,1,1,13,0,0
40,400077,1,1,1,5,2,13,39,14,0,1,0,40,1,13,1,13001,4,1989,1LNBM82FXKY7,1,L,N,B,M,8,2,F,X,K,Y,7,0,P,LINC,SIG,4D,89,17,4070,,0,1173,,G,,F,8,302,,,15R215,,,,,,0,0,000000000,00000000000,0,0,0,1,0,0,0,0,0,0,0,998,0,0,0,12,6,2,14,0,0,0,1,40,73703,6,1,0,0,3,0,70,200,0,0,0,0,0,0,0,0,0,0,28,0,0,0,1,2,30,1,1,2,1,0,0,1,10,1,1,4,11,1,0
40,400078,1,2,2,14,2,8,32,12,7,1,0,40,1,35,471,35471,30,1995,1N6SD16Y9SC3,1,N,6,S,D,1,6,Y,9,S,C,3,0,T,NISS,KXE,PC,95,17,,1,0,1161,TRK,G,,,4,146,,,,B,3503,00,A,44,0,0,000000000,00000000000,0,0,0,1,0,0,0,0,0,0,0,998,0,1,5,5,6,2,1,0,0,0,1,40,73018,6,1,6,0,3,3,72,250,0,0,0,0,0,0,0,0,0,1,87,0,0,0,2,2,70,1,1,1,4,0,0,1,5,1,1,2,48,1,0
40,400078,2,2,2,14,2,8,32,12,7,1,0,40,2,37,31,37031,2,2007,2HGFG12697H5,2,H,G,F,G,1,2,6,9,7,H,5,0,P,HOND,UCL,CP,7,17,2718,,0,1043,,G,,F,4,110,,,16R205,,,,,,0,0,000000000,00000000000,0,0,0,1,0,0,0,0,0,0,0,998,0,0,0,11,4,1,12,0,0,0,1,40,73036,6,1,0,0,3,0,69,142,0,0,0,0,1,4,2011,4,2011,0,0,0,0,0,2,2,70,1,1,1,4,0,0,1,60,1,1,1,48,0,0
40,400079,1,1,1,24,2,15,10,8,0,1,1,40,2,37,32,37032,4,1996,1HGCD5662TA0,1,H,G,C,D,5,6,6,2,T,A,0,0,P,HOND,UEX,4D,96,17,2985,,0,1069,,G,,F,4,132,,,15R195,,,,,,0,0,000000000,00000000000,0,0,0,1,0,0,0,0,0,0,0,998,0,0,0,12,4,1,8,0,0,0,1,40,73118,6,1,0,0,3,0,60,95,0,0,0,0,0,0,0,0,0,0,0,0,0,0,2,3,35,3,1,2,1,0,0,14,80,1,1,1,13,0,0
40,400080,1,1,1,24,2,21,45,8,0,1,0,40,1,7,21,7021,6,2006,2D4FV47T56H3,2,D,4,F,V,4,7,T,5,6,H,3,0,P,DODG,MGN,UT,6,17,3751,,0,1200,,G,,F,6,165,,,17R215,,,,,,0,0,000000000,00000000000,0,0,0,1,0,0,0,0,0,0,0,998,0,0,0,12,4,1,8,0,0,0,1,40,73107,6,1,0,0,3,0,72,220,0,0,0,3,0,6,2009,10,2011,0,0,0,0,0,1,4,40,1,5,2,1,0,0,1,80,4,1,1,13,0,0
40,400081,1,2,1,29,2,17,47,12,2,1,0,40,2,73,706,73706,80,2004,JKBVNAE124A1,J,K,B,V,N,A,E,1,2,4,A,1,0,M,KAWK,V5E,RS,4,17,,,,,,,1500,,2,,4,644,,,,,,,0,0,000000000,00000000000,0,0,0,1,0,0,0,0,0,0,0,998,0,0,0,12,6,2,12,0,0,0,1,40,74651,6,1,6,0,3,3,69,260,0,0,0,0,0,0,0,0,0,0,28,0,0,0,1,2,65,1,6,2,1,0,0,1,10,1,1,2,50,1,0