STATE,ST_CASE,VEH_NO,VE_FORMS,NUMOCCS,DAY,MONTH,HOUR,MINUTE,HARM_EV,MAN_COLL,UNITTYPE,HIT_RUN,REG_STAT,OWNER,MAKE,MODEL,MAK_MOD,BODY_TYP,MOD_YEAR,VIN,VIN_1,VIN_2,VIN_3,VIN_4,VIN_5,VIN_6,VIN_7,VIN_8,VIN_9,VIN_10,VIN_11,VIN_12,TOW_VEH,VINTYPE,VINMAKE,VINA_MOD,VIN_BT,VINMODYR,VIN_LNGT,VIN_WGT,WGTCD_TR,WHLBS_LG,WHLBS_SH,SER_TR,FUELCODE,MCYCL_DS,CARBUR,CYLINDER,DISPLACE,MCYCL_CY,MCYCL_WT,TIRE_SZE,TON_RAT,TRK_WT,TRKWTVAR,VIN_REST,WHLDRWHL,J_KNIFE,MCARR_I1,MCARR_I2,MCARR_ID,GVWR,V_CONFIG,CARGO_BT,HAZ_INV,HAZ_PLAC,HAZ_ID,HAZ_CNO,HAZ_REL,BUS_USE,SPEC_USE,EMER_USE,TRAV_SP,UNDERIDE,ROLLOVER,ROLINLOC,IMPACT1,DEFORMED,TOWED,M_HARM,VEH_SC1,VEH_SC2,FIRE_EXP,DR_PRES,L_STATE,DR_ZIP,L_STATUS,L_TYPE,CDL_STAT,L_ENDORS,L_COMPL,L_RESTRI,DR_HGT,DR_WGT,PREV_ACC,PREV_SUS,PREV_DWI,PREV_SPD,PREV_OTH,FIRST_MO,FIRST_YR,LAST_MO,LAST_YR,SPEEDREL,DR_SF1,DR_SF2,DR_SF3,DR_SF4,VTRAFWAY,VNUM_LAN,VSPD_LIM,VALIGN,VPROFILE,VPAVETYP,VSURCOND,VTRAFCON,VTCONT_F,P_CRASH1,P_CRASH2,P_CRASH3,PCRASH4,PCRASH5,ACC_TYPE,DEATHS,DR_DRINK
40,400081,2,2,1,29,2,17,47,12,2,1,0,37,3,86,881,86881,66,2006,1M1AK02Y66N0,1,M,1,A,K,0,2,Y,6,6,N,0,1,T,MACK,CXN,TR,6,17,,8,0,0,600,D,,,6,728,,,,,00000,00,,42,1,57,00020293,5700020293,3,6,1,1,0,0,0,0,0,0,0,998,0,0,0,12,6,2,2,0,0,1,1,20,67213,6,1,6,0,3,0,71,160,0,0,0,0,1,8,2011,8,2011,0,0,0,0,0,1,2,65,1,5,2,1,28,3,1,62,4,1,1,51,0,0
40,400082,1,2,2,2,3,13,31,12,1,1,0,40,1,20,23,20023,6,2006,3GNDA23D26S6,3,G,N,D,A,2,3,D,2,6,S,6,0,P,CHEV,HHR,SV,6,17,3155,,0,1035,,G,,F,4,134,,,16R215,,,,,,0,0,000000000,00000000000,0,0,0,1,0,0,0,0,0,0,0,998,0,0,0,12,6,2,12,0,0,0,1,40,73057,6,1,0,0,3,0,62,95,0,0,0,0,0,0,0,0,0,0,26,0,0,0,1,2,65,1,1,2,1,28,3,1,52,1,1,1,28,1,0
40,400082,2,2,2,2,3,13,31,12,1,1,0,40,2,12,37,12037,4,2000,1FAFP33P6YW3,1,F,A,F,P,3,3,P,6,Y,W,3,0,P,FORD,FOX,4D,0,17,2564,,0,1030,,G,,F,4,122,,,14R185,,,,,,0,0,000000000,00000000000,0,0,0,1,0,0,0,0,0,0,0,998,0,0,0,6,6,2,12,0,0,0,1,40,73433,6,1,0,0,3,0,70,135,0,0,0,0,0,0,0,0,0,0,0,0,0,0,1,2,65,1,1,2,1,28,3,2,53,1,1,1,29,0,0
40,400083,1,1,1,4,3,2,25,8,0,1,0,40,1,20,481,20481,31,1999,1GCEC14W3XZ1,1,G,C,E,C,1,4,W,3,X,Z,1,0,T,CHEV,SC1,PK,99,17,,2,1330,1190,SIL,G,,,6,262,,,,B,3923,01,,42,0,0,000000000,00000000000,0,0,0,1,0,0,0,0,0,0,0,998,0,0,0,12,4,1,8,0,0,0,1,40,73099,6,1,0,0,3,0,74,200,1,0,0,0,0,6,2010,6,2010,0,0,0,0,0,3,4,60,2,1,2,1,0,0,14,80,1,1,1,13,0,0
40,400084,1,2,1,26,1,18,40,12,6,1,0,40,1,19,3,19003,4,1991,1G6DW5475MR7,1,G,6,D,W,5,4,7,5,M,R,7,0,P,CADI,BRO,4D,91,17,4151,,0,1215,,G,,F,8,350,,,15R225,,,,,,0,0,000000000,00000000000,0,0,0,1,0,0,0,0,0,0,0,998,0,0,0,11,6,2,12,0,0,0,1,40,73162,6,1,0,0,3,0,74,275,0,0,0,1,1,2,2009,12,2011,0,0,0,0,0,3,4,65,1,1,1,1,0,0,1,54,1,1,1,66,1,0
40,400084,2,2,1,26,1,18,40,12,6,1,0,40,1,20,481,20481,31,1999,1GCEK19T5XZ1,1,G,C,E,K,1,9,T,5,X,Z,1,0,T,CHEV,SK1,3C,99,17,,2,1575,1435,SIL,G,,,8,325,,,,B,4621,00,,44,0,0,000000000,00000000000,0,0,0,1,0,0,0,0,0,0,0,998,0,0,0,11,6,2,12,0,0,0,1,40,73020,6,1,0,0,3,0,75,210,0,0,0,0,0,0,0,0,0,0,51,0,0,0,3,4,65,1,1,1,1,0,0,1,54,1,1,1,66,0,1
40,400085,1,1,1,5,3,8,18,38,0,1,0,40,1,12,422,12422,15,2003,1FMFU17L03LB,1,F,M,F,U,1,7,L,0,3,L,B,0,P,FORD,EPT,UT,3,17,5416,,0,1191,,G,,F,8,330,,,17R265,,,,,,0,0,000000000,00000000000,0,0,0,1,0,0,0,0,0,0,0,998,0,1,5,12,6,2,1,0,0,0,1,40,73448,0,0,0,0,0,0,999,999,0,0,0,0,0,0,0,0,0,1,8,0,0,0,1,2,65,1,6,2,1,0,0,6,8,6,4,4,7,1,0
40,400086,1,3,1,5,3,16,44,12,1,1,0,40,1,20,482,20482,31,2003,3GNEK13T53G1,3,G,N,E,K,1,3,T,5,3,G,1,0,T,CHEV,KAV,CW,3,17,,2,0,1300,AVL,G,,,8,325,,,,B,5652,00,,44,0,0,000000000,00000000000,0,0,0,1,0,0,0,0,0,0,0,998,0,0,0,12,6,2,12,0,0,0,1,40,74848,6,1,0,0,3,3,71,200,0,0,0,1,0,9,2011,9,2011,0,6,0,0,0,1,2,65,1,1,2,1,0,0,1,52,1,1,1,28,0,0
40,400086,2,3,1,5,3,16,44,12,1,1,0,40,1,35,52,35052,6,2010,JN8AZ2KR7AT1,J,N,8,A,Z,2,K,R,7,A,T,1,0,P,NISS,CUB,UT,10,17,2762,,0,996,,G,,F,4,110,,,15R195,,,,,,0,0,000000000,00000000000,0,0,0,1,0,0,0,0,0,0,0,998,0,0,0,6,6,2,12,0,0,0,1,40,74883,6,1,0,0,3,0,64,140,0,0,0,0,0,0,0,0,0,0,0,0,0,0,1,2,65,1,1,2,1,0,0,2,53,1,1,1,30,1,0
40,400086,3,3,2,5,3,16,44,12,1,1,0,40,3,12,481,12481,31,2005,1FTNX20595ED,1,F,T,N,X,2,0,5,9,5,E,D,0,T,FORD,F2S,4C,5,17,,2,1580,1418,SRW,G,,,8,330,,,,C,5841,00,U,42,0,0,000000000,00000000000,0,0,0,1,0,0,0,0,0,0,0,998,0,0,0,2,4,1,12,0,0,0,1,40,74848,6,1,0,0,3,0,67,185,0,0,0,0,0,0,0,0,0,0,0,0,0,0,1,2,65,1,1,2,1,28,3,1,62,1,1,1,98,0,0
40,400087,1,1,1,7,3,1,2,33,0,1,0,40,2,59,32,59032,4,1994,JT8UF11E8R02,J,T,8,U,F,1,1,E,8,R,0,2,0,P,LEXS,LS4,4D,94,17,3859,,0,1108,,G,,F,8,242,,,16R225,,,,,,0,0,000000000,00000000000,0,0,0,1,0,0,0,0,0,0,0,998,0,0,0,14,6,2,2,0,0,1,1,51,73505,6,1,0,0,3,3,69,185,0,0,0,0,0,0,0,0,0,0,28,0,0,0,2,2,40,1,6,1,1,98,3,1,12,1,1,4,6,1,0
40,400088,1,1,2,8,3,0,49,38,0,1,0,40,1,12,481,12481,31,1997,1FTDX1768VKB,1,F,T,D,X,1,7,6,8,V,K,B,0,T,FORD,F15,3C,97,17,,1,1570,1390,COF,G,,,8,281,,,,B,4045,03,E,42,0,0,000000000,00000000000,0,0,0,1,0,0,0,0,0,0,0,998,0,0,0,12,6,2,42,0,0,0,1,40,74464,6,1,0,0,3,0,70,212,1,0,0,1,0,1,2011,2,2011,0,58,0,0,0,1,2,45,3,1,2,1,0,0,14,13,6,1,4,1,1,0
40,400089,1,1,1,9,3,4,58,32,0,1,0,48,3,86,881,86881,66,1998,1M1AA13Y1WW0,1,M,1,A,A,1,3,Y,1,W,W,0,1,T,MACK,CH6,TR,98,17,,8,0,0,600,D,,,6,728,,,,,00000,00,,64,1,57,798953,57798953,3,6,3,1,0,0,0,0,0,0,0,998,0,1,5,12,6,2,1,0,0,0,1,40,73624,6,1,6,0,3,0,69,216,0,2,2,1,3,3,2009,8,2011,0,28,0,0,0,1,2,65,1,1,2,1,0,0,1,12,1,1,4,6,1,0
40,400090,1,1,2,10,3,7,0,38,0,1,0,40,1,49,482,49482,31,2006,5TBET34196S5,5,T,B,E,T,3,4,1,9,6,S,5,0,T,TOYT,DBS,CW,6,17,,2,0,1283,TUN,G,,,8,285,,,,B,4765,00,U,42,0,0,000000000,00000000000,0,0,0,1,0,0,0,0,0,0,0,998,0,1,5,11,6,2,1,0,0,0,1,40,74436,6,1,0,0,3,3,74,175,0,0,0,1,0,5,2011,5,2011,1,0,0,0,0,1,2,45,1,1,4,1,0,0,1,6,1,2,4,2,1,1
40,400091,1,2,1,10,3,8,37,12,2,1,0,40,1,7,482,7482,31,2001,1B7HC16X21S2,1,B,7,H,C,1,6,X,2,1,S,2,0,T,DODG,150,PK,1,17,,2,1347,1187,RPC,G,,,6,239,,,,B,4010,02,U,42,0,0,000000000,00000000000,0,0,0,1,0,0,0,0,0,0,0,998,0,0,0,12,6,2,12,0,0,0,1,40,74071,6,1,0,0,3,0,64,150,0,0,0,0,1,9,2010,9,2010,0,28,0,0,0,1,2,65,1,6,2,1,28,3,1,10,1,1,2,50,1,0
40,400091,2,2,1,10,3,8,37,12,2,1,0,26,3,51,881,51881,66,2003,4V4NC9GHX3N3,4,V,4,N,C,9,G,H,X,3,N,3,1,T,VOLV,VNL,TR,3,17,,8,0,0,VVN,D,,,6,732,,,,,00000,00,,64,1,57,2076532,572076532,3,6,6,1,0,0,0,0,0,0,0,998,0,0,0,12,6,2,12,0,0,0,1,26,48237,6,1,6,0,3,0,72,229,1,0,0,0,0,9,2011,9,2011,0,0,0,0,0,1,2,65,1,1,2,1,28,3,1,62,1,1,1,51,0,0
40,400092,1,1,1,10,3,20,51,34,0,1,0,40,1,20,481,20481,31,1997,1GCEC14RXVZ1,1,G,C,E,C,1,4,R,X,V,Z,1,0,T,CHEV,GC1,PK,97,17,,2,1315,1175,GM4,G,,,8,350,,,,B,3869,02,,42,0,0,000000000,00000000000,0,0,0,1,0,0,0,0,0,0,0,998,0,1,5,11,6,2,1,0,0,0,1,40,73020,6,1,0,0,3,0,74,260,0,0,0,0,0,0,0,0,0,0,28,0,0,0,1,2,45,1,6,2,2,0,0,1,12,1,1,4,6,1,1
40,400093,1,2,1,10,3,21,28,12,6,1,0,40,2,7,880,7880,67,2005,3D7MS48C85G8,3,D,7,M,S,4,8,C,8,5,G,8,0,T,DODG,SQ3,CW,5,17,,3,0,1600,RPC,D,,,6,359,,,,D,6586,00,E,44,0,88,888888888,88888888888,2,1,97,1,0,0,0,0,0,0,0,998,0,0,0,12,6,4,12,0,0,0,1,40,74370,6,1,0,0,3,3,70,220,0,0,0,0,0,0,0,0,0,0,38,0,0,0,1,2,45,1,1,2,1,20,3,1,17,1,1,1,88,0,0
40,400093,2,2,2,10,3,21,28,12,6,1,0,29,1,35,39,35039,4,1997,JN1CA21D3VT8,J,N,1,C,A,2,1,D,3,V,T,8,0,P,NISS,MGS,4D,97,17,2886,,0,1063,,G,,F,6,182,,,15R205,,,,,,0,0,000000000,00000000000,0,0,0,1,0,0,0,0,0,0,0,998,0,0,0,9,6,2,12,0,0,0,1,29,64865,6,1,0,0,3,3,68,168,0,0,0,0,0,0,0,0,0,0,0,0,0,0,1,2,65,1,6,2,1,28,3,1,66,1,1,1,89,1,0
40,400094,1,1,3,29,2,17,20,1,0,1,0,40,3,12,21,12021,4,2005,1FAFP25165G1,1,F,A,F,P,2,5,1,6,5,G,1,0,P,FORD,5LM,4D,5,17,3643,,0,1129,,G,,F,6,183,,,18R225,,,,,,0,0,000000000,00000000000,0,0,0,1,0,0,0,0,0,0,0,998,0,1,1,0,6,2,1,0,0,0,1,40,73624,6,1,0,0,3,3,65,140,0,1,0,0,2,10,2010,7,2011,1,28,58,0,0,1,2,55,1,1,2,1,0,0,1,12,7,2,6,98,1,0
40,400095,1,3,1,12,3,21,24,12,1,1,0,40,3,86,881,86881,66,1998,1M1AA12Y5WW0,1,M,1,A,A,1,2,Y,5,W,W,0,1,T,MACK,CH6,TR,98,17,,8,0,0,600,D,,,6,728,,,,,00000,00,,64,1,57,275275,57275275,3,6,11,1,0,0,0,0,0,0,0,998,0,0,0,6,6,2,12,0,0,0,1,48,75416,6,1,6,0,3,0,999,999,0,0,0,0,1,11,2010,11,2010,0,30,0,0,0,2,2,70,1,1,1,1,0,0,16,98,1,1,7,32,0,0
40,400095,2,3,1,12,3,21,24,12,1,1,0,40,1,7,442,7442,20,2006,2D4GP44LX6R6,2,D,4,G,P,4,4,L,X,6,R,6,0,T,DODG,GSX,ES,6,17,,1,0,1193,CAR,G,,,6,230,,,,,4252,00,E,42,0,0,000000000,00000000000,0,0,0,1,0,0,0,0,0,0,0,998,0,0,0,12,6,2,12,0,0,0,1,27,56081,6,1,6,0,3,3,64,190,0,0,0,0,0,0,0,0,0,0,0,0,0,0,2,2,70,1,1,1,1,0,0,1,51,1,1,1,32,1,0
40,400095,3,3,1,12,3,21,24,12,1,1,0,20,2,49,401,49401,14,1997,JT3GN86R7V00,J,T,3,G,N,8,6,R,7,V,0,0,0,P,TOYT,RUN,UT,97,17,3565,,0,1053,,G,,F,6,206,,,15R225,,,,,,0,0,000000000,00000000000,0,0,0,1,0,0,0,0,0,0,0,998,0,1,5,1,6,2,1,0,0,0,1,20,67210,6,1,0,0,3,3,70,175,0,0,0,0,0,0,0,0,0,0,0,0,0,0,2,2,70,1,1,1,1,0,0,1,61,6,1,3,98,0,0
40,400096,1,2,1,14,3,14,55,12,6,1,0,40,2,63,32,63032,4,2001,KNADC1239160,K,N,A,D,C,1,2,3,9,1,6,0,0,P,KIA,RIO,4D,1,17,2242,,0,949,,G,,F,4,091,,,13R175,,,,,,0,0,000000000,00000000000,0,0,0,1,0,0,0,0,0,0,0,998,0,0,0,11,6,2,12,0,0,0,1,35,87105,6,1,0,0,3,3,62,230,98,0,0,0,0,0,0,0,0,0,38,0,0,0,1,2,99,1,5,5,11,0,0,11,98,1,1,1,82,1,1
40,400096,2,2,1,14,3,14,55,12,6,1,0,40,1,85,881,85881,66,2000,1XKWDB9X7YJ8,1,X,K,W,D,B,9,X,7,Y,J,8,1,T,KW,W90,TR,0,17,,8,2850,1600,CON,D,,,6,893,,,,,00000,00,,64,1,57,775487,57775487,3,6,2,1,0,0,0,0,0,0,0,998,0,0,0,12,6,2,12,0,0,0,1,40,73801,6,1,6,1,3,3,71,140,0,0,0,0,1,11,2009,11,2009,0,0,0,0,0,1,2,65,1,1,2,1,0,0,1,72,98,1,1,83,0,0
40,400097,1,1,2,4,3,19,54,33,0,1,0,40,2,20,22,20022,2,2007,1G1AK15F5773,1,G,1,A,K,1,5,F,5,7,7,3,0,P,CHEV,BLS,CP,7,17,2991,,0,1033,,G,,F,4,134,,,15R195,,,,,,0,0,000000000,00000000000,0,0,0,1,0,0,0,0,0,0,0,998,0,1,5,12,6,2,31,0,0,0,1,40,73110,6,1,0,0,3,0,66,115,0,0,0,0,0,0,0,0,0,0,0,0,0,0,2,4,45,1,1,2,1,0,0,17,4,4,2,4,2,1,0
40,400098,1,1,1,15,3,17,39,59,0,1,0,40,1,7,482,7482,31,1996,1B7HF16Z8TJ1,1,B,7,H,F,1,6,Z,8,T,J,1,0,T,DODG,150,PK,96,17,,2,1347,1187,RPC,G,,,8,360,,,,B,4512,01,M,44,0,0,000000000,00000000000,0,0,0,1,0,0,0,0,0,0,0,998,0,1,5,12,6,2,1,0,0,0,1,40,74301,2,1,0,0,2,0,70,175,0,0,1,0,3,10,2009,2,2010,1,0,0,0,0,1,2,65,3,6,2,1,0,0,1,13,1,1,4,1,1,1
40,400099,1,1,1,15,3,19,30,59,0,1,0,40,2,12,401,12401,14,2007,1FMFU155X7LA,1,F,M,F,U,1,5,5,X,7,L,A,0,P,FORD,EPT,UT,7,17,5578,,0,1190,,G,,F,8,329,,,17R265,,,,,,0,0,000000000,00000000000,0,0,0,1,0,0,0,0,0,0,0,998,0,1,4,12,6,2,1,0,0,0,1,40,73112,1,1,0,0,2,0,65,116,0,1,0,0,2,9,2009,9,2009,1,0,0,0,0,6,1,65,1,5,1,1,0,0,1,13,1,1,4,1,1,0
40,400100,1,1,1,15,3,22,38,1,0,1,0,40,3,84,881,84881,66,2000,3HSCEAMR8YN0,3,H,S,C,E,A,M,R,8,Y,N,0,1,T,INTL,92I,TR,0,17,,8,0,0,920,D,,,6,774,,,,,00000,00,,64,1,57,2115775,572115775,3,6,2,1,0,0,0,0,0,0,0,63,0,1,2,0,6,2,1,0,0,0,1,40,73668,6,1,6,0,3,3,74,200,1,1,0,1,0,2,2011,4,2011,0,0,0,0,0,1,2,65,1,5,2,1,0,0,1,13,6,4,4,2,1,0
40,400101,1,1,1,16,3,5,41,8,0,1,0,40,1,41,50,41050,4,2008,1YVHP80C785M,1,Y,V,H,P,8,0,C,7,8,5,M,0,P,MAZD,M6I,4D,8,17,3093,,0,1053,,G,,F,4,140,,,17R215,,,,,,0,0,000000000,00000000000,0,0,0,1,0,0,0,0,0,0,0,998,0,0,0,12,4,1,8,0,0,0,1,40,74052,6,1,0,0,3,3,66,142,0,0,0,0,0,0,0,0,0,0,0,0,0,0,2,2,65,1,6,2,1,0,0,1,80,6,1,1,13,0,0
40,400102,1,1,2,16,3,15,10,1,0,1,0,40,1,12,401,12401,14,2000,1FMZU63E7YUB,1,F,M,Z,U,6,3,E,7,Y,U,B,0,P,FORD,EPR,UT,0,17,3906,,0,1116,,G,,F,6,245,,,15R235,,,,,,0,0,000000000,00000000000,0,0,0,1,0,0,0,0,0,0,0,998,0,1,5,0,6,2,1,0,0,0,1,40,73036,6,1,0,0,3,0,72,200,0,0,0,0,2,3,2009,3,2009,0,28,80,0,0,2,2,70,1,1,1,1,0,0,1,1,8,4,4,7,1,0
40,400103,1,1,3,1,3,19,24,1,0,1,0,40,1,37,32,37032,6,1991,1HGCB9855MA0,1,H,G,C,B,9,8,5,5,M,A,0,0,P,HOND,ALX,SW,91,17,3122,,0,1071,,G,,F,4,132,,,15R195,,,,,,0,0,000000000,00000000000,0,0,0,1,0,0,0,0,0,0,0,90,0,1,5,0,6,2,1,0,0,0,1,40,73116,6,1,0,0,3,0,74,160,0,1,0,0,1,1,2011,3,2011,1,0,0,0,0,1,2,45,1,6,2,1,28,3,1,12,7,3,4,7,2,1
40,400104,1,1,1,16,3,20,13,1,0,1,0,40,1,20,481,20481,31,2002,1GCEC14T92E1,1,G,C,E,C,1,4,T,9,2,E,1,0,T,CHEV,SC1,PK,2,17,,2,1330,1190,SIL,G,,,8,325,,,,B,4073,01,,42,0,0,000000000,00000000000,0,0,0,1,0,0,0,0,0,0,0,998,0,1,5,0,6,2,1,0,0,0,1,40,73401,6,1,0,0,3,0,72,200,0,1,0,0,1,5,2009,5,2009,0,58,0,0,0,1,2,65,1,1,2,1,28,3,1,12,6,4,4,2,1,1
40,400105,1,1,1,18,3,4,38,1,0,1,0,40,1,7,482,7482,31,2002,3D7HU18N42G1,3,D,7,H,U,1,8,N,4,2,G,1,0,T,DODG,Q15,CW,2,17,,2,1605,1405,RPC,G,,,8,287,,,,B,5000,02,E,44,0,0,000000000,00000000000,0,0,0,1,0,0,0,0,0,0,0,998,0,1,5,0,6,2,1,0,0,0,1,40,74728,6,1,6,0,3,0,69,175,0,1,0,0,3,9,2009,7,2011,0,58,0,0,0,1,2,55,1,1,2,1,0,0,1,12,7,3,4,2,1,1
40,400106,1,2,1,20,3,2,45,12,6,1,0,40,3,85,881,85881,66,2005,1XKDDB9XX5J1,1,X,K,D,D,B,9,X,X,5,J,1,1,T,KW,T80,TR,5,17,,8,2600,1600,CON,D,,,6,893,,,,,00000,00,,64,1,57,1665070,571665070,3,6,2,1,0,0,0,0,0,0,0,998,0,0,0,9,2,1,12,0,0,0,1,28,67124,6,1,6,0,3,0,70,200,0,0,0,0,0,0,0,0,0,0,0,0,0,0,1,2,65,1,1,2,1,0,0,13,98,1,1,1,92,0,0
40,400106,2,2,1,20,3,2,45,12,6,1,0,99,9,20,481,20481,31,2004,1GCEC19X34Z3,1,G,C,E,C,1,9,X,3,4,Z,3,0,T,CHEV,SC1,4C,4,17,,2,1575,1435,SIL,G,,,6,262,,,,B,4555,00,,42,0,0,000000000,00000000000,0,0,0,1,0,0,0,0,0,0,0,998,0,0,0,12,6,2,12,0,0,0,1,22,71334,6,1,0,0,3,0,70,200,0,4,1,0,0,8,2009,12,2010,0,0,0,0,0,1,2,65,1,1,2,1,0,0,1,56,1,1,1,93,1,0
40,400107,1,1,2,24,3,23,36,8,0,1,0,17,3,51,881,51881,66,2006,4V4NC9GHX6N4,4,V,4,N,C,9,G,H,X,6,N,4,1,T,VOLV,VNL,TR,6,17,,8,0,0,VVN,D,,,6,732,,,,,00000,00,,64,1,57,1251595,571251595,3,6,1,1,0,0,0,0,0,0,0,998,0,0,0,12,6,2,8,0,0,0,1,17,60625,6,1,6,0,3,0,999,999,0,0,0,0,0,0,0,0,0,0,0,0,0,0,3,2,75,1,5,2,1,0,0,1,80,1,1,1,13,0,0
40,400108,1,1,2,25,3,2,35,20,0,1,0,40,1,9,442,9442,20,1998,2P4FP2537WR6,2,P,4,F,P,2,5,3,7,W,R,6,0,P,PLYM,VOF,SV,98,17,3428,,0,1133,,G,,F,6,181,,,14R205,,,,,,0,0,000000000,00000000000,0,0,0,1,0,0,0,0,0,0,0,81,0,0,0,11,6,2,20,0,0,1,1,40,74126,6,1,0,0,3,0,64,175,0,0,0,0,0,0,0,0,0,1,8,0,0,0,6,2,50,1,5,2,1,28,3,1,12,1,1,4,6,1,1
40,400109,1,1,1,25,3,2,46,38,0,1,0,40,3,12,481,12481,31,2011,1FT7W2BT5BEB,1,F,T,7,W,2,B,T,5,B,E,B,0,T,FORD,F2S,CW,11,17,,2,1724,1562,SRW,D,,,8,409,,,,C,6560,01,7,44,0,0,000000000,00000000000,0,0,0,1,0,0,0,0,0,0,0,998,0,0,0,12,6,2,43,0,0,0,1,40,74802,6,1,0,0,3,0,76,230,0,0,0,0,0,0,0,0,0,0,0,0,0,0,6,1,75,2,1,1,1,0,0,14,12,1,1,4,6,1,1
40,400110,1,1,1,25,3,21,31,38,0,1,0,40,2,7,442,7442,20,1997,1B4GP44R8VB3,1,B,4,G,P,4,4,R,8,V,B,3,0,T,DODG,GSS,ES,97,17,,1,0,1193,CAR,G,,,6,201,,,,,3748,00,E,42,0,0,000000000,00000000000,0,0,0,1,0,0,0,0,0,0,0,998,0,1,5,4,6,2,1,0,0,0,1,40,73160,6,1,0,0,3,3,72,385,0,0,0,0,0,0,0,0,0,0,58,0,0,0,1,2,65,1,1,2,1,28,3,1,13,6,4,4,7,1,0
40,400111,1,2,1,26,3,18,58,12,6,1,0,40,3,85,881,85881,66,2005,1XKDDB9X45R0,1,X,K,D,D,B,9,X,4,5,R,0,1,T,KW,T80,TR,5,17,,8,2600,1600,CON,D,,,6,893,,,,,00000,00,,64,1,57,1818167,571818167,3,6,8,1,0,0,0,0,0,0,0,998,0,0,0,11,6,2,12,0,0,0,1,40,73542,6,1,6,0,3,3,69,165,0,0,0,0,0,0,0,0,0,0,0,0,0,0,2,2,65,1,6,2,1,28,3,1,62,7,1,1,65,0,0
40,400111,2,2,1,26,3,18,58,12,6,1,0,40,1,7,482,7482,31,1998,1B7HC13Y0WJ2,1,B,7,H,C,1,3,Y,0,W,J,2,0,T,DODG,Q15,4C,98,17,,2,1547,1387,RPC,G,,,8,318,,,,B,4617,01,U,42,0,0,000000000,00000000000,0,0,0,1,0,0,0,0,0,0,0,998,0,0,0,11,6,2,12,0,0,0,1,40,73644,6,1,0,0,3,0,72,185,1,4,0,4,3,10,2009,11,2011,1,28,0,0,0,2,2,65,1,5,2,1,28,3,1,10,1,1,2,64,1,0
40,400112,1,1,1,28,3,14,8,42,0,1,0,40,3,20,461,20461,21,2008,1GBHG39C8811,1,G,B,H,G,3,9,C,8,8,1,1,0,T,CHEV,E/6,EC,8,17,,2,0,1550,E/X,G,,,8,293,,,,D,5642,00,,42,0,0,000000000,00000000000,0,0,0,1,0,0,0,0,0,0,0,998,0,0,0,12,6,2,42,0,0,1,1,40,74578,6,1,0,0,3,0,73,240,0,0,0,0,0,0,0,0,0,0,28,0,0,0,1,2,55,1,1,2,1,28,3,1,12,1,1,4,6,1,0
40,400113,1,1,1,29,3,0,37,8,0,1,0,40,2,7,442,7442,20,2000,1B4GP44GXYB5,1,B,4,G,P,4,4,G,X,Y,B,5,0,T,DODG,GSS,ES,0,17,,1,0,1193,CAR,F,,,6,201,,,,,3863,00,E,42,0,0,000000000,00000000000,0,0,0,1,0,0,0,0,0,0,0,998,0,0,0,12,4,3,8,0,0,0,1,40,73008,6,1,0,0,3,0,74,180,0,1,1,0,1,3,2009,5,2011,0,0,0,0,0,6,1,65,1,5,1,1,0,0,1,80,1,1,1,13,0,0
40,400114,1,3,1,16,2,8,9,12,6,1,0,40,1,73,706,73706,80,2000,JKAZRBC14YA0,J,K,A,Z,R,B,C,1,4,Y,A,0,0,M,KAWK,Z0C,RS,0,17,,,,,,,1100,,4,,4,490,,,,,,,0,0,000000000,00000000000,0,0,0,1,0,0,0,0,0,0,0,998,0,0,0,12,6,2,2,0,0,1,1,40,73086,6,1,0,0,3,0,74,265,0,0,0,0,0,0,0,0,0,1,0,0,0,0,2,2,55,1,1,2,1,0,0,1,62,1,1,1,69,1,0
40,400114,2,3,1,16,2,8,9,12,6,1,0,93,3,87,881,87881,66,2006,1XP5DB9X16D8,1,X,P,5,D,B,9,X,1,6,D,8,1,T,PTRB,379,TR,6,17,,8,0,0,CON,D,,,6,893,,,,,00000,00,,64,1,57,973667,57973667,3,6,3,1,0,0,0,0,0,0,0,998,0,0,0,5,2,1,12,0,0,0,1,40,74030,6,1,6,0,3,3,71,190,0,0,0,0,0,0,0,0,0,0,0,0,0,0,2,2,55,1,1,2,1,21,3,11,15,1,1,1,68,0,0
40,400114,3,3,1,16,2,8,9,12,6,1,0,40,2,73,705,73705,80,1999,JKAZX4G17XA0,J,K,A,Z,X,4,G,1,7,X,A,0,0,M,KAWK,ZXG,RC,99,17,,,,,,,600,,4,,4,388,,,,,,,0,0,000000000,00000000000,0,0,0,1,0,0,0,0,0,0,0,998,0,0,0,12,2,1,54,0,0,0,1,40,73086,6,1,0,0,3,0,71,229,0,0,0,3,0,9,2010,12,2011,1,0,0,0,0,2,2,55,1,1,2,1,0,0,1,98,1,1,1,98,0,0
40,400115,1,1,2,31,3,18,24,1,0,1,0,40,2,73,706,73706,80,2000,JKBVNAL13YA0,J,K,B,V,N,A,L,1,3,Y,A,0,0,M,KAWK,V5L,RS,0,17,,,,,,,1500,,2,,4,732,,,,,,,0,0,000000000,00000000000,0,0,0,1,0,0,0,0,0,0,0,998,0,0,0,0,6,2,1,0,0,0,1,40,73772,6,1,0,0,3,0,70,170,0,0,0,0,0,0,0,0,0,0,80,0,0,0,1,2,65,1,1,2,1,28,3,1,1,1,1,1,98,1,0