STATE,ST_CASE,VEH_NO,VE_FORMS,NUMOCCS,DAY,MONTH,HOUR,MINUTE,HARM_EV,MAN_COLL,UNITTYPE,HIT_RUN,REG_STAT,OWNER,MAKE,MODEL,MAK_MOD,BODY_TYP,MOD_YEAR,VIN,VIN_1,VIN_2,VIN_3,VIN_4,VIN_5,VIN_6,VIN_7,VIN_8,VIN_9,VIN_10,VIN_11,VIN_12,TOW_VEH,VINTYPE,VINMAKE,VINA_MOD,VIN_BT,VINMODYR,VIN_LNGT,VIN_WGT,WGTCD_TR,WHLBS_LG,WHLBS_SH,SER_TR,FUELCODE,MCYCL_DS,CARBUR,CYLINDER,DISPLACE,MCYCL_CY,MCYCL_WT,TIRE_SZE,TON_RAT,TRK_WT,TRKWTVAR,VIN_REST,WHLDRWHL,J_KNIFE,MCARR_I1,MCARR_I2,MCARR_ID,GVWR,V_CONFIG,CARGO_BT,HAZ_INV,HAZ_PLAC,HAZ_ID,HAZ_CNO,HAZ_REL,BUS_USE,SPEC_USE,EMER_USE,TRAV_SP,UNDERIDE,ROLLOVER,ROLINLOC,IMPACT1,DEFORMED,TOWED,M_HARM,VEH_SC1,VEH_SC2,FIRE_EXP,DR_PRES,L_STATE,DR_ZIP,L_STATUS,L_TYPE,CDL_STAT,L_ENDORS,L_COMPL,L_RESTRI,DR_HGT,DR_WGT,PREV_ACC,PREV_SUS,PREV_DWI,PREV_SPD,PREV_OTH,FIRST_MO,FIRST_YR,LAST_MO,LAST_YR,SPEEDREL,DR_SF1,DR_SF2,DR_SF3,DR_SF4,VTRAFWAY,VNUM_LAN,VSPD_LIM,VALIGN,VPROFILE,VPAVETYP,VSURCOND,VTRAFCON,VTCONT_F,P_CRASH1,P_CRASH2,P_CRASH3,PCRASH4,PCRASH5,ACC_TYPE,DEATHS,DR_DRINK
40,400152,1,2,1,3,4,10,50,12,6,1,0,40,1,13,13,13013,4,2009,3LNHM26TX9R6,3,L,N,H,M,2,6,T,X,9,R,6,0,P,LINC,MKZ,4D,9,17,3469,,0,1074,,G,,F,6,214,,,17R225,,,,,,0,0,000000000,00000000000,0,0,0,1,0,0,0,0,0,0,0,998,0,0,0,9,6,2,12,0,0,0,1,40,74834,6,1,0,0,3,3,65,190,0,0,0,0,0,0,0,0,0,0,48,0,0,0,1,2,65,2,5,2,2,28,3,10,98,1,1,7,84,1,0
40,400152,2,2,1,3,4,10,50,12,6,1,0,40,1,87,881,87881,63,1993,1XP5DB9X8PD3,1,X,P,5,D,B,9,X,8,P,D,3,0,T,PTRB,379,TR,93,17,,8,2750,1310,CON,D,,,6,893,,,,,00000,00,,64,0,57,9719941,579719941,3,2,4,1,0,0,0,0,0,0,0,998,0,0,0,12,6,2,12,0,0,0,1,40,74834,6,1,6,0,3,0,71,212,0,0,0,0,0,0,0,0,0,0,0,0,0,0,1,2,65,3,5,2,2,28,3,14,63,8,1,2,84,0,0
40,400153,1,1,1,18,4,21,49,8,0,1,0,40,1,20,481,20481,31,1997,2GCEC19M7V12,2,G,C,E,C,1,9,M,7,V,1,2,0,T,CHEV,GC1,PC,97,17,,2,1555,1415,GM4,G,,,8,305,,,,B,4160,00,,42,0,0,000000000,00000000000,0,0,0,1,0,0,0,0,0,0,0,998,0,0,0,10,4,1,8,0,0,0,1,40,74107,6,1,0,0,3,3,64,110,0,0,0,0,1,8,2010,8,2010,0,0,0,0,0,3,4,65,1,1,2,1,0,0,1,80,1,1,1,13,0,0
40,400154,1,1,1,24,4,18,11,1,0,1,0,40,1,23,401,23401,14,2004,1GKES16S9461,1,G,K,E,S,1,6,S,9,4,6,1,0,T,GMC,EXL,4W,4,17,,2,0,1290,ENV,G,,,6,256,,,,B,4787,00,E,42,0,0,000000000,00000000000,0,0,0,1,0,0,0,0,0,0,0,998,0,1,5,0,6,2,1,0,0,0,1,40,74848,2,1,0,0,2,0,64,115,0,2,1,0,2,8,2010,2,2012,0,28,58,0,0,1,2,55,2,6,2,1,28,3,14,12,98,4,4,2,1,0
40,400155,1,1,1,20,4,14,22,35,0,1,0,40,2,52,471,52471,30,1994,JA7LT21H7RP0,J,A,7,L,T,2,1,H,7,R,P,0,0,T,MITS,MAX,PK,94,17,,1,0,1055,MAX,G,,,6,181,,,,,3205,00,A,44,0,0,000000000,00000000000,0,0,0,1,0,0,0,0,0,0,0,998,0,1,5,12,6,2,1,0,0,0,1,40,74346,6,1,0,0,3,0,69,250,0,0,0,0,1,4,2012,4,2012,1,28,58,0,0,1,2,45,3,1,2,1,0,0,14,13,8,1,4,6,1,1
40,400156,1,1,1,24,4,6,25,42,0,1,0,51,1,20,481,20481,31,2010,1GC5KYBG0AZ2,1,G,C,5,K,Y,B,G,0,A,Z,2,0,T,CHEV,2K3,4C,10,17,,2,1575,1435,SIL,F,,,8,366,,,,C,5840,01,,44,0,0,000000000,00000000000,0,0,0,1,0,0,0,0,0,0,0,998,0,0,0,12,6,2,42,0,0,0,1,51,22046,6,1,0,0,3,0,75,250,0,0,0,0,0,0,0,0,0,0,0,0,0,0,3,2,70,1,1,1,1,0,0,1,13,1,1,4,1,1,1
40,400157,1,1,1,23,4,16,29,1,0,1,0,35,2,48,34,48034,6,2004,4S3BH6253473,4,S,3,B,H,6,2,5,3,4,7,3,0,P,SUBA,LSE,SW,4,17,3395,,0,1043,,G,,F,4,153,,,16R205,,,,,,0,0,000000000,00000000000,0,0,0,1,0,0,0,0,0,0,0,998,0,1,5,0,6,2,1,0,0,0,1,35,87109,6,1,0,0,3,3,65,130,98,0,0,0,0,0,0,0,0,0,58,28,80,0,3,2,70,1,1,2,1,0,0,1,1,7,3,4,2,1,0
40,400158,1,1,1,27,4,18,18,59,0,1,0,40,1,20,37,20037,4,2006,1G1ZT51846F1,1,G,1,Z,T,5,1,8,4,6,F,1,0,P,CHEV,MLT,4D,6,17,3316,,0,1063,,G,,F,6,214,,,16R215,,,,,,0,0,000000000,00000000000,0,0,0,1,0,0,0,0,0,0,0,998,0,1,1,9,6,2,1,0,0,0,1,40,74955,6,1,0,0,3,0,68,165,0,0,0,1,0,6,2011,6,2011,0,28,0,0,0,2,2,65,2,1,1,1,28,3,14,12,1,1,4,6,1,1
40,400159,1,1,1,28,4,15,50,21,0,1,0,40,2,7,28,7028,2,2012,2C3CDYBT3CH1,2,C,3,C,D,Y,B,T,3,C,H,1,0,P,DODG,CRT,CP,12,17,4082,,0,1160,,G,,F,8,348,,,18R235,,,,,,0,0,000000000,00000000000,0,0,0,1,0,0,0,0,0,0,0,998,0,1,5,4,6,2,1,0,0,0,1,40,74571,2,1,0,0,2,0,66,160,0,2,1,0,0,9,2010,11,2010,0,0,0,0,0,1,2,65,1,1,2,1,28,3,1,13,1,1,4,1,1,1
40,400160,1,1,1,27,3,8,3,21,0,1,0,48,1,20,481,20481,31,1995,2GCEK19K9S11,2,G,C,E,K,1,9,K,9,S,1,1,0,T,CHEV,GK1,PC,95,17,,2,1555,1415,GM4,G,,,8,350,,,,B,4514,00,,44,0,0,000000000,00000000000,0,0,0,1,0,0,0,0,0,0,0,998,0,0,0,12,6,2,21,0,0,0,1,48,75376,6,1,0,0,3,3,999,999,0,0,0,0,0,0,0,0,0,0,0,0,0,0,3,3,60,1,1,1,1,0,0,1,13,1,1,4,1,1,0
40,400161,1,2,1,27,3,8,0,12,6,1,0,40,1,35,39,35039,4,2007,1N4BA41E17C8,1,N,4,B,A,4,1,E,1,7,C,8,0,P,NISS,MEL,4D,7,17,3474,,0,1112,,G,,F,6,,,,18R245,,,,,,0,0,000000000,00000000000,0,0,0,1,0,0,0,0,0,0,0,998,0,0,0,1,6,2,12,0,0,0,1,40,73099,6,1,0,0,3,0,65,120,0,0,0,0,0,0,0,0,0,0,48,0,0,0,1,4,45,1,1,2,1,3,3,11,15,1,1,1,68,0,0
40,400161,2,2,1,27,3,8,0,12,6,1,0,40,1,72,706,72706,80,2007,1HD1FV4377Y6,1,H,D,1,F,V,4,3,7,7,Y,6,0,M,HD,FHT,RS,7,17,,,,,,,1584,,2,,4,738,,,,,,,0,0,000000000,00000000000,0,0,0,1,0,0,0,0,0,0,0,998,0,0,0,12,6,2,12,0,0,0,1,40,73049,6,1,0,0,3,0,67,200,0,0,0,0,0,0,0,0,0,1,0,0,0,0,1,4,45,1,1,2,1,3,3,1,62,1,1,1,69,1,0
40,400162,1,2,1,15,4,11,50,12,6,1,0,40,1,63,441,63441,20,2005,KNDUP1320567,K,N,D,U,P,1,3,2,0,5,6,7,0,P,KIA,SED,SV,5,17,4802,,0,1145,,G,,F,6,213,,,15R215,,,,,,0,0,000000000,00000000000,0,0,0,1,0,0,0,0,0,0,0,998,0,0,0,12,6,2,12,0,0,0,1,40,73160,6,1,0,0,3,0,64,195,0,0,0,0,0,0,0,0,0,0,39,0,0,0,2,6,45,1,1,2,1,3,3,1,17,1,1,1,88,0,0
40,400162,2,2,1,15,4,11,50,12,6,1,0,40,1,18,2,18002,4,2001,1G4HP54K5142,1,G,4,H,P,5,4,K,5,1,4,2,0,P,BUIC,LCF,4D,1,17,3567,,0,1122,,G,,F,6,231,,,15R215,,,,,,0,0,000000000,00000000000,0,0,0,1,0,0,0,0,0,0,0,998,0,0,0,9,6,2,12,0,0,0,1,40,73149,6,1,0,0,3,3,63,150,0,0,0,0,0,0,0,0,0,0,0,0,0,0,1,2,30,1,1,2,1,3,3,1,66,1,1,1,89,1,0
40,400163,1,2,1,22,4,1,57,12,1,1,0,40,2,23,421,23421,15,2002,3GKGK26G82G1,3,G,K,G,K,2,6,G,8,2,G,1,0,T,GMC,KX2,4W,2,17,,2,0,1300,YUK,G,,,8,496,,,,C,5796,00,K,44,0,0,000000000,00000000000,0,0,0,1,0,0,0,0,0,0,0,998,0,0,0,12,4,1,12,0,0,0,1,40,73064,6,1,0,0,3,3,64,141,0,0,0,0,0,0,0,0,0,0,0,0,0,0,1,4,45,1,1,1,1,3,3,1,50,1,1,1,20,0,0
40,400163,2,2,2,22,4,1,57,12,1,1,0,40,1,77,706,77706,80,2007,5VPXB26D0740,5,V,P,X,B,2,6,D,0,7,4,0,0,M,VCTY,VJD,RS,7,17,,,,,,,1634,,2,,4,659,,,,,,,0,0,000000000,00000000000,0,0,0,1,0,0,0,0,0,0,0,0,0,0,0,6,6,2,12,0,0,0,1,40,73160,6,1,0,0,3,0,72,200,0,0,0,1,0,8,2009,8,2009,0,0,0,0,0,1,4,45,1,1,1,1,3,3,5,53,1,1,1,21,1,0
40,400164,1,2,1,23,4,12,19,12,2,1,0,40,1,12,37,12037,4,2002,1FAFP34P52W2,1,F,A,F,P,3,4,P,5,2,W,2,0,P,FORD,FSC,4D,2,17,2604,,0,1030,,G,,F,4,122,,,15R195,,,,,,0,0,000000000,00000000000,0,0,0,1,0,0,0,0,0,0,0,998,0,0,0,12,6,2,12,0,0,0,1,40,73169,6,1,0,0,3,0,63,130,0,0,0,0,0,0,0,0,0,0,28,0,0,0,1,2,45,1,1,2,1,28,3,1,10,1,1,2,50,1,0
40,400164,2,2,1,23,4,12,19,12,2,1,0,40,1,12,481,12481,31,2000,1FTSW31F4YEA,1,F,T,S,W,3,1,F,4,Y,E,A,0,T,FORD,F3S,CW,0,17,,2,1724,1562,SRW,D,,,8,444,,,,D,5942,07,E,44,0,0,000000000,00000000000,0,0,0,1,0,0,0,0,0,0,0,998,0,0,0,12,6,2,12,0,0,0,1,40,73059,6,1,0,0,3,0,76,320,0,0,0,0,0,0,0,0,0,0,0,0,0,0,1,2,45,1,1,2,1,28,3,1,62,8,1,1,51,0,0
40,400165,1,2,2,14,3,14,33,12,6,1,0,40,1,12,401,12401,14,1996,1FMDU32X9TUD,1,F,M,D,U,3,2,X,9,T,U,D,0,P,FORD,EPR,UT,96,17,3952,,0,1115,,G,,F,6,245,,,15R225,,,,,,0,0,000000000,00000000000,0,0,0,1,0,0,0,0,0,0,0,998,0,0,0,11,6,2,12,0,0,0,1,40,73119,6,1,0,0,3,0,60,160,0,0,0,0,0,0,0,0,0,0,38,0,0,0,1,4,40,1,1,2,1,0,0,11,98,1,1,1,82,1,0
40,400165,2,2,5,14,3,14,33,12,6,1,0,40,2,18,2,18002,4,1989,1G4HR54C9KH4,1,G,4,H,R,5,4,C,9,K,H,4,0,P,BUIC,LLF,4D,89,17,3153,,0,1108,,G,,F,6,231,,,14R205,,,,,,0,0,000000000,00000000000,0,0,0,1,0,0,0,0,0,0,0,998,0,0,0,1,6,2,12,0,0,0,1,40,73119,0,0,0,0,0,0,63,170,0,0,0,0,0,0,0,0,0,0,0,0,0,0,1,4,40,1,1,2,1,0,0,1,72,1,1,1,83,0,0
40,400166,1,1,2,15,4,5,14,1,0,1,0,40,1,63,33,63033,4,2006,KNAFE1214652,K,N,A,F,E,1,2,1,4,6,5,2,0,P,KIA,SLE,4D,6,17,2701,,0,1028,,G,,F,4,122,,,15R195,,,,,,0,0,000000000,00000000000,0,0,0,1,0,0,0,0,0,0,0,998,0,1,3,0,6,2,1,0,0,0,1,40,74859,1,1,0,0,2,3,72,235,0,1,0,0,1,10,2009,3,2011,1,87,58,0,0,2,2,60,1,1,2,2,40,3,1,12,7,3,4,7,1,1
40,400167,1,1,1,24,4,23,44,42,0,1,0,93,3,87,881,87881,66,2000,1XP5DB9X4YD4,1,X,P,5,D,B,9,X,4,Y,D,4,1,T,PTRB,379,TR,0,17,,8,0,0,CON,D,,,6,893,,,,,00000,00,,64,1,57,01058705,5701058705,3,6,2,1,0,0,0,0,0,0,0,998,0,0,0,10,6,2,42,0,0,1,1,5,72956,6,1,6,0,3,0,73,200,1,0,0,2,0,5,2009,11,2011,0,0,0,0,0,2,2,65,1,1,2,1,0,0,1,13,1,1,4,1,1,0
40,400168,1,1,1,26,4,20,29,1,0,1,0,40,3,20,481,20481,31,2008,1GCEK19J98Z2,1,G,C,E,K,1,9,J,9,8,Z,2,0,T,CHEV,SK1,4C,8,17,,2,1575,1339,SIL,G,,,8,323,,,,B,5226,02,,44,0,0,000000000,00000000000,0,0,0,1,0,0,0,0,0,0,0,998,0,1,1,0,6,2,1,0,0,0,1,40,74561,6,1,6,0,3,0,75,240,0,0,0,0,1,8,2009,8,2009,1,0,0,0,0,1,2,45,1,1,5,1,0,0,1,13,6,1,6,98,1,1
40,400169,1,1,1,24,3,16,1,1,0,1,0,40,1,76,706,76706,80,2007,JYAVP21E07A0,J,Y,A,V,P,2,1,E,0,7,A,0,0,M,YAMA,XVV,RS,7,17,,,,,,,1854,,2,,4,705,,,,,,,0,0,000000000,00000000000,0,0,0,1,0,0,0,0,0,0,0,998,0,0,0,0,2,1,1,0,0,0,1,40,74801,6,1,0,0,3,0,77,300,0,0,0,0,2,7,2009,9,2010,0,84,0,0,0,1,2,30,1,1,2,1,0,0,1,66,7,1,1,98,1,0
40,400170,1,1,1,7,4,3,29,59,0,1,0,40,1,20,481,20481,31,1989,1GCDC14HXKE2,1,G,C,D,C,1,4,H,X,K,E,2,0,T,CHEV,GC1,PK,89,17,,1,1315,1175,GM4,G,,,8,305,,,,B,4114,08,,42,0,0,000000000,00000000000,0,0,0,1,0,0,0,0,0,0,0,998,0,1,5,12,6,2,1,0,0,0,1,40,74008,6,1,0,0,3,3,67,215,0,0,0,0,0,0,0,0,0,0,0,0,0,0,3,2,50,1,1,2,1,40,3,1,12,1,1,4,6,1,1
40,400171,1,1,2,10,4,5,13,14,0,1,0,22,1,23,481,23481,31,1996,2GTEC19M9T15,2,G,T,E,C,1,9,M,9,T,1,5,0,T,GMC,SC1,PC,96,17,,2,1555,1415,SIE,G,,,8,305,,,,B,4068,02,M,42,0,0,000000000,00000000000,0,0,0,1,0,0,0,0,0,0,0,998,0,0,0,1,6,2,14,0,0,0,1,22,70767,1,1,0,0,2,0,62,165,0,0,0,0,2,5,2010,1,2012,0,0,0,0,0,3,2,70,1,1,1,1,0,0,1,13,1,1,4,1,1,0
40,400172,1,1,2,15,4,18,28,1,0,1,0,40,1,72,706,72706,80,2002,1HD1FCW182Y6,1,H,D,1,F,C,W,1,8,2,Y,6,0,M,HD,FLU,RS,2,17,,,,,,,1450,,2,,4,788,,,,,,,0,0,000000000,00000000000,0,0,0,1,0,0,0,0,0,0,0,998,0,0,0,0,6,2,1,0,0,0,1,40,74134,6,1,0,0,3,3,66,170,0,0,0,0,0,0,0,0,0,0,80,0,0,0,2,2,65,1,1,1,1,0,0,1,1,1,2,4,2,1,0
40,400173,1,1,1,18,4,10,6,1,0,1,0,40,1,72,706,72706,80,2008,1HD1JL5188Y0,1,H,D,1,J,L,5,1,8,8,Y,0,0,M,HD,XTC,RS,8,17,,,,,,,1584,,2,,4,703,,,,,,,0,0,000000000,00000000000,0,0,0,1,0,0,0,0,0,0,0,998,0,0,0,0,6,2,1,0,0,0,1,40,73446,6,1,0,0,3,0,71,225,0,0,0,0,0,0,0,0,0,0,0,0,0,0,2,3,70,2,5,2,1,0,0,14,12,1,1,4,6,1,0
40,400174,1,2,1,19,4,20,22,12,6,1,0,40,3,20,481,20481,31,2005,2GCEC13T1512,2,G,C,E,C,1,3,T,1,5,1,2,0,T,CHEV,SC1,CW,5,17,,2,0,1435,SIL,G,,,8,323,,,,B,4986,00,,42,0,0,000000000,00000000000,0,0,0,1,0,0,0,0,0,5,1,998,0,0,0,9,6,2,12,0,0,0,1,40,74756,6,1,0,0,3,0,72,196,0,0,0,0,0,0,0,0,0,0,48,0,0,0,1,2,65,1,1,2,1,28,3,11,10,1,1,1,72,1,0
40,400174,2,2,1,19,4,20,22,12,6,1,0,40,3,12,16,12016,4,2008,2FAFP71V98X1,2,F,A,F,P,7,1,V,9,8,X,1,0,P,FORD,CVP,4D,8,17,0,,0,1146,,F,,F,8,281,,,17R235,,,,,,0,0,000000000,00000000000,0,0,0,1,0,0,0,0,0,5,1,998,0,0,0,12,6,2,12,0,0,1,1,40,74743,6,1,0,0,3,0,73,230,0,0,0,0,0,0,0,0,0,1,0,0,0,0,1,2,65,1,1,2,1,28,3,1,61,1,1,1,73,0,0
40,400175,1,2,1,26,4,21,45,12,1,1,0,39,3,51,881,51881,66,2007,4V4NC9TJX7N4,4,V,4,N,C,9,T,J,X,7,N,4,1,T,VOLV,VNL,TR,7,17,,8,0,0,VVN,D,,,6,915,,,,,00000,00,,64,1,57,0193073,570193073,3,6,1,1,0,0,0,0,0,0,0,998,0,0,0,12,6,2,12,0,0,0,1,29,65453,6,1,6,0,3,0,72,152,0,0,0,0,0,0,0,0,0,0,0,0,0,0,1,4,45,1,6,2,1,0,0,1,52,1,1,1,28,0,0
40,400175,2,2,1,26,4,21,45,12,1,1,0,12,1,20,421,20421,15,1997,3GNEK18R9VG1,3,G,N,E,K,1,8,R,9,V,G,1,0,P,CHEV,KTA,UT,97,17,4827,,0,1115,,G,,F,8,350,,,16R245,,,,,,0,0,000000000,00000000000,0,0,0,1,0,0,0,0,0,0,0,998,0,1,5,6,6,2,1,0,0,0,1,12,33065,6,1,0,0,3,0,62,999,0,0,0,0,0,0,0,0,0,0,0,0,0,0,1,4,45,1,6,2,1,0,0,2,53,1,1,1,29,1,0
40,400176,1,1,3,2,5,2,8,11,0,1,0,29,2,49,401,49401,14,1998,JT3HN87R4W01,J,T,3,H,N,8,7,R,4,W,0,1,0,P,TOYT,RUN,UT,98,17,3940,,0,1053,,G,,F,6,206,,,16R265,,,,,,0,0,000000000,00000000000,0,0,0,1,0,0,0,0,0,0,0,998,0,1,1,12,6,2,1,0,0,0,1,29,63147,2,1,0,0,2,0,65,135,0,8,1,0,2,5,2009,3,2012,0,83,58,0,0,3,2,75,1,1,2,1,0,0,1,87,7,1,2,13,1,0
40,400177,1,2,1,22,4,9,40,12,6,1,0,40,2,7,482,7482,31,1999,3B7KC2365XG2,3,B,7,K,C,2,3,6,5,X,G,2,0,T,DODG,Q25,4C,99,17,,2,1547,1387,RPC,D,,,6,359,,,,C,5161,01,U,42,0,0,000000000,00000000000,0,0,0,1,0,0,0,0,0,0,0,998,0,0,0,2,6,2,12,0,0,0,1,40,74331,0,0,0,0,0,0,61,100,0,0,0,0,0,0,0,0,0,0,38,0,0,0,1,2,45,1,5,4,1,0,0,1,17,1,1,1,87,0,0
40,400177,2,2,3,22,4,9,40,12,6,1,0,40,1,7,472,7472,30,1991,1B7GL23YXMS2,1,B,7,G,L,2,3,Y,X,M,S,2,0,T,DODG,DAK,PC,91,17,,1,0,1309,DAK,G,,,8,318,,,,B,3189,01,A,42,0,0,000000000,00000000000,0,0,0,1,0,0,0,0,0,0,0,998,0,0,0,12,6,2,12,0,0,0,1,29,74349,6,1,0,0,3,0,65,200,1,0,0,1,0,2,2011,3,2011,1,0,0,0,0,1,2,45,1,1,4,1,0,0,1,66,1,1,1,86,1,0
40,400178,1,1,3,9,3,16,55,1,0,1,0,40,1,23,481,23481,31,1996,1GTEC14W8TZ5,1,G,T,E,C,1,4,W,8,T,Z,5,0,T,GMC,SC1,PK,96,17,,2,1315,1175,SIE,G,,,6,262,,,,B,3726,04,M,42,0,0,000000000,00000000000,0,0,0,1,0,0,0,0,0,0,0,998,0,1,1,0,6,2,1,0,0,0,1,40,74421,6,1,0,0,3,0,72,130,0,0,0,0,0,0,0,0,0,1,91,0,0,0,1,2,45,1,1,4,1,0,0,1,12,7,3,6,98,1,0
40,400179,1,1,4,15,3,20,40,8,0,1,0,40,1,20,444,20444,20,2006,1GNDV23L06D1,1,G,N,D,V,2,3,L,0,6,D,1,0,P,CHEV,UPL,SV,6,17,4470,,0,1211,,G,,F,6,214,,,000000,,,,,,0,0,000000000,00000000000,0,0,0,1,0,0,0,0,0,0,0,998,0,0,0,1,6,2,8,0,0,0,1,40,74948,6,1,6,0,3,0,74,230,0,0,0,0,0,0,0,0,0,0,0,0,0,0,1,5,65,1,1,2,1,0,0,1,80,1,1,1,13,0,0
40,400180,1,2,1,27,3,12,21,12,2,1,0,40,1,20,2,20002,4,1995,1G1BL52W5SR1,1,G,1,B,L,5,2,W,5,S,R,1,0,P,CHEV,CCL,4D,95,17,4061,,0,1159,,G,,F,8,265,,,15R215,,,,,,0,0,000000000,00000000000,0,0,0,1,0,0,0,0,0,0,0,998,1,0,0,12,6,2,12,0,0,0,1,40,74604,6,1,0,0,3,3,65,128,0,0,0,0,0,0,0,0,0,0,28,0,0,0,1,5,40,1,5,2,1,0,0,1,10,1,1,2,50,1,0
40,400180,2,2,1,27,3,12,21,12,2,1,0,40,2,84,881,84881,66,1998,2HSFHAMRXWC0,2,H,S,F,H,A,M,R,X,W,C,0,1,T,INTL,940,TR,98,17,,8,2340,1600,90S,D,,,6,774,,,,,00000,00,,64,1,88,888888888,88888888888,3,6,4,1,0,0,0,0,0,0,0,30,0,0,0,12,6,2,12,0,0,0,1,40,74647,6,1,6,0,3,0,66,212,0,0,0,0,0,0,0,0,0,0,0,0,0,0,1,5,40,1,6,2,1,0,0,1,62,4,1,1,51,0,0
40,400181,1,2,1,20,2,18,29,12,6,1,0,40,1,7,482,7482,31,2005,1D7HU18D45J5,1,D,7,H,U,1,8,D,4,5,J,5,0,T,DODG,SQ1,CW,5,17,,2,1605,1405,RPC,G,,,8,348,,,,B,4979,03,E,44,0,0,000000000,00000000000,0,0,0,1,0,0,0,0,0,0,0,998,0,0,0,11,6,2,12,0,0,0,1,40,73071,6,1,0,0,3,0,67,200,2,0,0,1,2,7,2010,1,2012,0,28,91,0,0,1,2,65,1,5,2,1,0,0,1,10,1,1,2,64,0,0
40,400181,2,2,1,20,2,18,29,12,6,1,0,40,1,49,422,49422,15,2001,5TDBT48A31S0,5,T,D,B,T,4,8,A,3,1,S,0,0,P,TOYT,SEQ,UT,1,17,5295,,0,1181,,G,,F,8,285,,,16R265,,,,,,0,0,000000000,00000000000,0,0,0,1,0,0,0,0,0,0,0,998,0,1,1,11,6,2,1,0,0,0,1,40,73106,6,1,0,0,3,0,64,130,0,0,0,0,0,0,0,0,0,0,0,0,0,0,1,2,65,1,6,2,1,0,0,1,62,7,1,1,65,1,0
40,400182,1,1,1,22,4,16,49,1,0,1,0,40,1,2,403,2403,14,2002,1J4FA49S62P7,1,J,4,F,A,4,9,S,6,2,P,7,0,T,JEEP,SPW,2W,2,17,,1,0,934,W/T,G,,,6,244,,,,,3299,00,E,44,0,0,000000000,00000000000,0,0,0,1,0,0,0,0,0,0,0,998,0,1,5,0,6,2,1,0,0,0,1,40,74014,6,1,0,0,3,0,73,215,0,0,0,0,2,7,2009,2,2012,1,58,0,0,0,1,2,45,1,6,2,1,28,3,1,13,6,4,4,7,1,1
40,400183,1,1,2,29,4,3,2,8,0,1,0,5,1,20,16,20016,4,2003,1G1JC52F2371,1,G,1,J,C,5,2,F,2,3,7,1,0,P,CHEV,CAV,4D,3,17,2971,,0,1041,,G,,F,4,134,,,14R195,,,,,,0,0,000000000,00000000000,0,0,0,1,0,0,0,0,0,0,0,998,0,0,0,14,2,1,8,0,0,0,1,5,71833,6,1,0,0,3,3,71,145,0,0,0,0,0,0,0,0,0,0,0,0,0,0,2,2,65,1,1,2,1,0,0,1,80,1,1,1,13,0,0
40,400184,1,2,1,3,5,20,27,12,9,1,0,40,1,53,706,53706,80,2007,JS1GT77A7721,J,S,1,G,T,7,7,A,7,7,2,1,0,M,SUZI,XR1,RC,7,17,,,,,,,999,,4,,4,379,,,,,,,0,0,000000000,00000000000,0,0,0,1,0,0,0,0,0,0,0,998,0,0,0,11,6,2,1,0,0,0,1,40,74960,6,1,0,0,3,3,74,170,0,0,0,1,0,11,2011,11,2011,1,0,0,0,0,1,2,65,1,1,2,1,28,3,1,51,7,1,3,48,1,0
40,400184,2,2,2,3,5,20,27,12,9,1,0,40,2,20,481,20481,31,2001,2GCEK19T6113,2,G,C,E,K,1,9,T,6,1,1,3,0,T,CHEV,SK1,4C,1,17,,2,1575,1435,SIL,G,,,8,325,,,,B,4776,00,,44,0,0,000000000,00000000000,0,0,0,1,0,0,0,0,0,0,0,998,0,0,0,6,2,1,12,0,0,0,1,40,74960,6,1,0,0,3,0,63,160,0,0,0,0,0,0,0,0,0,0,0,0,0,0,1,2,65,1,1,2,1,28,3,1,53,1,1,1,48,0,0
40,400185,1,2,2,6,5,15,39,12,6,1,0,40,2,20,481,20481,31,2000,1GCGK23J6YF4,1,G,C,G,K,2,3,J,6,Y,F,4,0,T,CHEV,GK2,CW,0,17,,2,0,1545,GM4,G,,,8,454,,,,C,5744,00,,44,0,0,000000000,00000000000,0,0,0,1,0,0,0,0,0,0,0,998,0,0,0,9,6,2,12,0,0,0,1,40,73801,2,1,0,0,2,0,68,180,0,0,0,0,0,0,0,0,0,0,38,0,0,0,1,2,55,1,1,5,1,20,3,1,17,1,1,1,89,1,1
40,400185,2,2,2,6,5,15,39,12,6,1,0,40,1,7,880,7880,67,2004,3D7MU48C94G1,3,D,7,M,U,4,8,C,9,4,G,1,0,T,DODG,SQ3,CW,4,17,,3,0,1600,RPC,D,,,6,359,,,,D,6751,00,E,44,0,88,888888888,88888888888,2,1,97,1,0,0,0,0,0,0,0,998,0,0,0,12,6,2,12,0,0,0,1,40,73860,6,1,0,0,3,0,71,230,0,0,0,0,0,0,0,0,0,0,0,0,0,0,1,2,55,1,1,5,1,0,0,1,66,1,1,1,88,0,0
40,400186,1,1,1,1,5,20,20,42,0,1,0,40,1,23,481,23481,31,1998,1GTEC14W3WZ5,1,G,T,E,C,1,4,W,3,W,Z,5,0,T,GMC,SC1,PK,98,17,,2,1315,1175,SIE,G,,,6,262,,,,B,3869,02,U,42,0,0,000000000,00000000000,0,0,0,1,0,0,0,0,0,0,0,998,0,0,0,3,6,2,42,0,0,0,1,40,73491,6,1,0,0,3,0,70,165,0,1,0,0,1,6,2009,1,2010,0,58,0,0,0,1,2,25,1,1,2,1,0,0,1,13,6,4,4,7,1,1