STATE,ST_CASE,VEH_NO,VE_FORMS,NUMOCCS,DAY,MONTH,HOUR,MINUTE,HARM_EV,MAN_COLL,UNITTYPE,HIT_RUN,REG_STAT,OWNER,MAKE,MODEL,MAK_MOD,BODY_TYP,MOD_YEAR,VIN,VIN_1,VIN_2,VIN_3,VIN_4,VIN_5,VIN_6,VIN_7,VIN_8,VIN_9,VIN_10,VIN_11,VIN_12,TOW_VEH,VINTYPE,VINMAKE,VINA_MOD,VIN_BT,VINMODYR,VIN_LNGT,VIN_WGT,WGTCD_TR,WHLBS_LG,WHLBS_SH,SER_TR,FUELCODE,MCYCL_DS,CARBUR,CYLINDER,DISPLACE,MCYCL_CY,MCYCL_WT,TIRE_SZE,TON_RAT,TRK_WT,TRKWTVAR,VIN_REST,WHLDRWHL,J_KNIFE,MCARR_I1,MCARR_I2,MCARR_ID,GVWR,V_CONFIG,CARGO_BT,HAZ_INV,HAZ_PLAC,HAZ_ID,HAZ_CNO,HAZ_REL,BUS_USE,SPEC_USE,EMER_USE,TRAV_SP,UNDERIDE,ROLLOVER,ROLINLOC,IMPACT1,DEFORMED,TOWED,M_HARM,VEH_SC1,VEH_SC2,FIRE_EXP,DR_PRES,L_STATE,DR_ZIP,L_STATUS,L_TYPE,CDL_STAT,L_ENDORS,L_COMPL,L_RESTRI,DR_HGT,DR_WGT,PREV_ACC,PREV_SUS,PREV_DWI,PREV_SPD,PREV_OTH,FIRST_MO,FIRST_YR,LAST_MO,LAST_YR,SPEEDREL,DR_SF1,DR_SF2,DR_SF3,DR_SF4,VTRAFWAY,VNUM_LAN,VSPD_LIM,VALIGN,VPROFILE,VPAVETYP,VSURCOND,VTRAFCON,VTCONT_F,P_CRASH1,P_CRASH2,P_CRASH3,PCRASH4,PCRASH5,ACC_TYPE,DEATHS,DR_DRINK
40,400187,1,1,1,9,4,13,3,32,0,1,0,40,1,18,7,18007,4,1996,1G4AG55M0T64,1,G,4,A,G,5,5,M,0,T,6,4,0,P,BUIC,CSL,4D,96,17,2951,,0,1049,,G,,F,6,191,,,14R185,,,,,,0,0,000000000,00000000000,0,0,0,1,0,0,0,0,0,0,0,998,0,0,0,12,6,2,32,0,0,0,1,40,74032,6,1,0,0,3,0,62,210,0,0,0,0,0,0,0,0,0,0,28,0,0,0,1,2,65,1,1,2,1,0,0,1,12,1,1,4,6,1,0
40,400188,1,1,1,2,5,17,38,38,0,1,0,40,1,20,481,20481,31,2010,1GCPCPEX2AZ2,1,G,C,P,C,P,E,X,2,A,Z,2,0,T,CHEV,SC1,PK,10,17,,2,1330,1190,SIL,G,,,6,262,,,,B,4443,01,,42,0,0,000000000,00000000000,0,0,0,1,0,0,0,0,0,0,0,998,0,0,0,12,6,2,42,0,0,0,1,40,73066,6,1,0,0,3,0,71,184,0,0,0,0,0,0,0,0,0,0,0,0,0,0,1,2,65,1,4,2,1,0,0,1,13,1,1,4,1,1,0
40,400189,1,1,1,5,5,21,10,59,0,1,0,40,1,20,481,20481,31,1999,2GCEK19T9X12,2,G,C,E,K,1,9,T,9,X,1,2,0,T,CHEV,SK1,3C,99,17,,2,1575,1435,SIL,G,,,8,325,,,,B,4621,00,,44,0,0,000000000,00000000000,0,0,0,1,0,0,0,0,0,0,0,998,0,1,5,12,6,2,1,0,0,0,1,40,74802,6,1,0,0,3,3,70,175,0,0,0,0,0,0,0,0,0,1,0,0,0,0,1,2,40,1,1,2,1,28,3,1,13,1,1,4,1,1,0
40,400190,1,1,1,28,4,10,0,35,0,1,0,48,1,37,32,37032,4,2004,1HGCM56644A0,1,H,G,C,M,5,6,6,4,4,A,0,0,P,HOND,UEX,4D,4,17,3109,,0,1079,,G,,F,4,146,,,000000,,,,,,0,0,000000000,00000000000,0,0,0,1,0,0,0,0,0,0,0,998,0,1,5,1,6,2,1,0,0,0,1,48,75460,6,1,0,0,3,0,999,999,0,0,0,0,0,0,0,0,0,0,58,0,0,0,1,2,65,3,6,2,1,28,3,14,13,6,4,4,7,1,0
40,400191,1,1,1,5,5,7,9,31,0,1,0,40,1,12,481,12481,31,2011,1FT7W2BT1BEA,1,F,T,7,W,2,B,T,1,B,E,A,0,T,FORD,F2S,CW,11,17,,2,1724,1562,SRW,D,,,8,409,,,,C,6560,01,7,44,0,0,000000000,00000000000,0,0,0,1,0,0,0,0,0,0,0,998,0,1,6,12,6,2,3,0,0,0,1,40,73064,6,1,0,0,3,0,68,190,0,0,0,0,0,0,0,0,0,0,28,0,0,0,1,2,55,1,6,1,1,0,0,1,12,1,1,4,6,1,1
40,400192,1,1,1,7,5,23,6,1,0,1,0,40,2,20,481,20481,31,2006,1GCEK19Z36Z1,1,G,C,E,K,1,9,Z,3,6,Z,1,0,T,CHEV,SK1,4C,6,17,,2,1575,1340,SIL,F,,,8,323,,,,B,5050,00,,44,0,0,000000000,00000000000,0,0,0,1,0,0,0,0,0,0,0,998,0,1,5,0,6,2,1,0,0,0,1,40,74848,2,1,0,0,2,3,78,280,1,0,0,0,2,6,2009,1,2010,1,58,0,0,0,2,2,45,1,6,2,1,28,3,1,12,7,3,4,2,1,1
40,400193,1,2,1,6,5,17,52,12,2,1,0,40,3,20,481,20481,31,2011,3GCPKTE38BG4,3,G,C,P,K,T,E,3,8,B,G,4,0,T,CHEV,3SK,CW,11,17,,2,0,1435,SIL,F,,,8,323,,,,B,5346,00,,44,0,0,000000000,00000000000,0,0,0,1,0,0,0,0,0,0,0,998,0,0,0,12,6,2,12,0,0,1,1,40,74070,6,1,0,0,3,0,72,155,0,0,0,0,0,0,0,0,0,0,28,0,0,0,1,2,65,1,1,2,1,0,0,1,10,1,1,2,50,1,0
40,400193,2,2,2,6,5,17,52,12,2,1,0,17,3,82,881,82881,66,2002,1FUJBBCG12LJ,1,F,U,J,B,B,C,G,1,2,L,J,1,T,FRHT,ST2,TR,2,17,,8,0,0,CON,D,,,6,774,,,,,00000,00,,64,3,57,75525,5775525,3,6,1,1,0,0,0,0,0,0,0,998,0,0,0,12,6,2,2,0,0,1,1,20,66112,6,1,6,0,3,3,73,215,0,0,0,0,0,0,0,0,0,0,0,0,0,0,1,2,65,1,1,2,1,0,0,1,62,7,1,3,51,0,0
40,400194,1,2,2,12,5,15,48,12,1,1,0,40,2,12,481,12481,31,2012,1FTFW1ETXCKD,1,F,T,F,W,1,E,T,X,C,K,D,0,T,FORD,F1S,CW,12,17,,2,1570,1450,COF,G,,,6,214,,,,B,5586,02,7,44,0,0,000000000,00000000000,0,0,0,1,0,0,0,0,0,0,0,998,0,0,0,6,2,1,12,0,0,0,1,40,73008,6,1,0,0,3,3,67,135,0,0,0,0,0,0,0,0,0,0,0,0,0,0,3,3,60,1,3,1,1,0,0,2,53,1,1,1,29,0,0
40,400194,2,2,1,12,5,15,48,12,1,1,0,40,1,72,706,72706,80,2009,1HD1BW5149Y0,1,H,D,1,B,W,5,1,4,9,Y,0,0,M,HD,STC,RS,9,17,,,,,,,1584,,2,,4,765,,,,,,,0,0,000000000,00000000000,0,0,0,1,0,0,0,0,0,0,0,998,0,0,0,12,6,2,12,0,0,0,1,40,73143,6,1,6,0,3,0,70,200,0,0,0,0,0,0,0,0,0,0,26,0,0,0,3,3,60,1,3,1,1,0,0,1,52,3,1,1,28,1,0
40,400195,1,1,2,14,5,12,16,1,0,1,0,40,1,49,41,49041,2,1986,JT2AW15CXG00,J,T,2,A,W,1,5,C,X,G,0,0,0,P,TOYT,MR2,CP,86,17,2231,,0,913,,G,,F,4,097,,,14R185,,,,,,0,0,000000000,00000000000,0,0,0,1,0,0,0,0,0,0,0,998,0,1,5,0,6,2,1,0,0,0,1,40,73159,2,1,0,0,2,0,60,120,0,2,0,0,0,5,2010,5,2010,1,28,0,0,0,3,3,60,1,1,2,1,0,0,15,13,7,2,4,2,1,0
40,400196,1,1,4,15,4,4,0,35,0,1,0,40,1,23,401,23401,14,2004,1GKDT13S1421,1,G,K,D,T,1,3,S,1,4,2,1,0,T,GMC,ENV,4W,4,17,,1,0,1130,ENV,G,,,6,256,,,,B,4616,00,E,44,0,0,000000000,00000000000,0,0,0,1,0,0,0,0,0,0,0,998,0,1,5,11,6,2,1,0,0,0,1,5,74728,6,1,0,0,3,0,64,125,0,0,0,0,0,0,0,0,0,0,28,0,0,0,1,2,65,1,5,2,1,28,3,1,12,1,1,4,6,1,0
40,400197,1,1,1,18,5,22,47,52,0,1,0,40,1,72,706,72706,80,2009,1HD1GX4179K3,1,H,D,1,G,X,4,1,7,9,K,3,0,M,HD,FXI,RS,9,17,,,,,,,1584,,2,,4,667,,,,,,,0,0,000000000,00000000000,0,0,0,1,0,0,0,0,0,0,0,998,0,0,0,11,6,2,52,0,0,0,1,40,74145,6,1,0,0,2,3,81,230,0,2,0,1,1,6,2009,9,2010,1,0,0,0,0,6,1,50,3,5,1,1,0,0,14,13,1,1,4,1,1,1
40,400198,1,1,1,28,4,17,29,32,0,1,0,40,2,23,481,23481,31,1988,1GTDC14Z6JZ5,1,G,T,D,C,1,4,Z,6,J,Z,5,0,T,GMC,GC1,PK,88,17,,1,1315,1175,GM4,G,,,6,262,,,,B,3655,01,A,42,0,0,000000000,00000000000,0,0,0,1,0,0,0,0,0,0,0,998,0,1,5,1,6,2,1,0,0,0,1,40,73043,0,0,0,0,0,0,69,245,0,0,0,0,0,0,0,0,0,1,0,0,0,0,1,2,45,1,1,1,1,0,0,6,12,1,1,4,6,1,0
40,400199,1,2,1,1,5,7,45,12,2,1,0,40,1,20,401,20401,14,2002,1GNDS13S0221,1,G,N,D,S,1,3,S,0,2,2,1,0,P,CHEV,TRL,UT,2,17,4442,,0,1130,,G,,F,6,256,,,16R245,,,,,,0,0,000000000,00000000000,0,0,0,1,0,0,0,0,0,0,0,998,0,0,0,12,6,2,12,0,0,0,1,40,74756,6,1,0,0,3,0,68,230,0,0,0,0,0,0,0,0,0,0,0,0,0,0,1,2,55,1,1,2,1,28,3,1,62,7,1,1,52,1,0
40,400199,2,2,1,1,5,7,45,12,2,1,0,40,2,20,481,20481,31,2000,1GCGK29U4YE1,1,G,C,G,K,2,9,U,4,Y,E,1,0,T,CHEV,SK2,3C,0,17,,2,1575,1435,SIL,G,,,8,364,,,,C,5485,00,,44,0,0,000000000,00000000000,0,0,0,1,0,0,0,0,0,0,0,998,0,0,0,12,6,2,12,0,0,0,1,40,74743,6,1,0,0,3,0,66,175,0,0,0,0,1,2,2011,2,2011,0,27,0,0,0,1,2,55,1,1,2,1,28,3,6,10,1,1,2,52,0,0
40,400200,1,1,1,2,5,5,56,15,0,1,0,40,1,7,482,7482,31,1999,3B7HC13ZXXM5,3,B,7,H,C,1,3,Z,X,X,M,5,0,T,DODG,Q15,4C,99,17,,2,1547,1387,RPC,G,,,8,360,,,,B,4604,02,U,42,0,0,000000000,00000000000,0,0,0,1,0,0,0,0,0,0,0,998,0,0,0,1,2,9,15,0,0,0,1,40,74576,6,1,0,0,3,0,68,155,0,0,0,0,0,0,0,0,0,0,0,0,0,0,2,2,30,1,5,2,1,0,0,1,80,6,1,1,13,0,0
40,400201,1,1,1,2,5,13,55,33,0,1,0,40,1,73,705,73705,80,2009,JKAZX4R139A0,J,K,A,Z,X,4,R,1,3,9,A,0,0,M,KAWK,ZXP,RC,9,17,,,,,,,599,,4,,4,421,,,,,,,0,0,000000000,00000000000,0,0,0,1,0,0,0,0,0,0,0,998,0,0,0,12,6,2,42,0,0,0,1,40,74075,6,1,0,0,3,0,71,150,0,0,0,0,0,0,0,0,0,1,0,0,0,0,1,4,35,1,5,1,1,0,0,1,13,1,1,4,1,1,0
40,400202,1,1,1,17,5,9,41,42,0,1,0,40,2,22,22,22022,4,2010,1G2ZA5E02A41,1,G,2,Z,A,5,E,0,2,A,4,1,0,P,PONT,G/6,4D,10,17,3305,,0,1123,,F,,F,4,146,,,17R215,,,,,,0,0,000000000,00000000000,0,0,0,1,0,0,0,0,0,0,0,998,0,0,0,10,6,2,42,0,0,0,1,40,74956,6,2,0,0,3,3,65,110,0,0,0,0,0,0,0,0,0,0,28,0,0,0,1,2,35,2,1,1,1,0,0,14,12,1,1,4,6,1,0
40,400203,1,1,1,24,4,16,10,1,0,1,0,40,1,37,705,37705,80,2004,JH2RC50384K0,J,H,2,R,C,5,0,3,8,4,K,0,0,M,HOND,VCA,RS,4,17,,,,,,,745,,2,,4,519,,,,,,,0,0,000000000,00000000000,0,0,0,1,0,0,0,0,0,0,0,998,0,0,0,0,6,2,1,0,0,0,1,40,74403,6,1,0,0,2,0,72,170,0,1,0,0,2,2,2010,5,2010,1,0,0,0,0,1,2,65,1,1,2,1,0,0,1,6,1,1,1,98,1,0
40,400204,1,1,1,15,4,22,48,8,0,1,0,40,1,12,3,12003,2,1996,1FALP4040TF1,1,F,A,L,P,4,0,4,0,T,F,1,0,P,FORD,MUS,CP,96,17,3057,,0,1013,,G,,F,6,232,,,15R205,,,,,,0,0,000000000,00000000000,0,0,0,1,0,0,0,0,0,0,0,998,0,0,0,12,4,1,8,0,0,0,1,40,73701,6,1,6,0,3,3,71,280,0,0,0,2,1,9,2010,10,2011,0,0,0,0,0,1,4,35,1,1,1,1,3,3,1,80,4,1,1,13,0,0
40,400205,1,2,1,17,4,16,28,12,6,1,0,40,2,30,47,30047,3,2002,3VWCB21C42M4,3,V,W,C,B,2,1,C,4,2,M,4,0,P,VOLK,NGS,2H,2,17,2783,,0,989,,G,,F,4,121,,,16R205,,,,,,0,0,000000000,00000000000,0,0,0,1,0,0,0,0,0,0,0,998,0,0,0,9,6,2,12,0,0,0,1,40,73045,6,2,0,0,3,3,67,130,0,0,0,0,0,0,0,0,0,0,38,0,0,0,1,4,45,1,1,2,1,0,0,11,98,1,1,1,82,1,0
40,400205,2,2,1,17,4,16,28,12,6,1,0,40,1,2,404,2404,14,2007,1J8GS48K17C5,1,J,8,G,S,4,8,K,1,7,C,5,0,T,JEEP,LCF,4W,7,17,,1,0,1095,GCK,G,,,6,226,,,,,4205,00,7,42,0,0,000000000,00000000000,0,0,0,1,0,0,0,0,0,0,0,998,0,0,0,12,6,2,12,0,0,0,1,40,73049,6,1,0,0,3,0,61,123,0,0,0,1,0,3,2010,3,2010,0,0,0,0,0,1,4,45,1,3,2,1,0,0,1,72,1,1,1,83,0,0
40,400206,1,1,1,10,4,10,11,5,0,1,0,40,2,12,481,12481,31,1981,1FDJF37Z2BKA,1,F,D,J,F,3,7,Z,2,B,K,A,0,T,FORD,F35,CB,81,17,,2,1610,1330,COF,G,,,8,400,,,,C,3906,01,,42,0,0,000000000,00000000000,0,0,0,1,0,0,0,0,0,0,0,998,0,0,0,0,0,3,5,0,0,0,1,40,73019,6,1,0,0,3,0,76,270,0,1,0,0,0,3,2012,3,2012,0,0,0,0,0,1,4,45,3,6,2,1,0,0,14,98,1,1,2,0,1,0
40,400207,1,2,3,4,5,23,0,12,6,1,0,40,2,22,22,22022,4,2007,1G2ZG58N3741,1,G,2,Z,G,5,8,N,3,7,4,1,0,P,PONT,6BS,4D,7,17,3305,,0,1123,,G,,F,6,214,,,17R225,,,,,,0,0,000000000,00000000000,0,0,0,1,0,0,0,0,0,0,0,998,0,0,0,10,6,2,12,0,0,0,1,40,73644,6,1,0,0,3,3,64,170,1,1,1,0,2,7,2009,4,2011,0,0,0,0,0,1,2,45,1,1,1,1,20,3,11,66,1,1,1,82,1,0
40,400207,2,2,1,4,5,23,0,12,6,1,0,40,1,20,481,20481,31,2007,1GCEC14C87Z5,1,G,C,E,C,1,4,C,8,7,Z,5,0,T,CHEV,SC1,PK,7,17,,2,1330,1190,SIL,G,,,8,293,,,,B,4448,01,,42,0,0,000000000,00000000000,0,0,0,1,0,0,0,0,0,0,0,998,0,0,0,12,6,2,12,0,0,0,1,40,73601,6,1,0,0,3,0,71,160,0,0,0,0,1,9,2011,9,2011,1,39,0,0,0,1,4,45,1,5,1,1,20,3,1,17,1,1,1,83,0,1
40,400208,1,2,1,8,5,17,11,12,2,1,0,40,1,12,481,12481,31,2002,1FTRW08L72KA,1,F,T,R,W,0,8,L,7,2,K,A,0,T,FORD,F1S,CW,2,17,,2,0,1388,COF,G,,,8,330,,,,B,5005,02,E,44,0,0,000000000,00000000000,0,0,0,1,0,0,0,0,0,0,0,998,0,0,0,12,6,2,12,0,0,0,1,40,74066,6,1,0,0,3,0,67,160,0,0,0,0,1,11,2011,11,2011,0,0,0,0,0,1,2,55,1,1,1,1,0,0,1,62,1,1,1,51,0,0
40,400208,2,2,2,8,5,17,11,12,2,1,0,40,2,12,17,12017,4,1996,1FALP52U6TA2,1,F,A,L,P,5,2,U,6,T,A,2,0,P,FORD,TAG,4D,96,17,3347,,0,1085,,G,,F,6,182,,,15R205,,,,,,0,0,000000000,00000000000,0,0,0,1,0,0,0,0,0,0,0,998,0,0,0,12,6,2,12,0,0,0,1,40,74120,6,1,0,0,3,0,63,190,1,1,0,0,2,1,2011,6,2011,0,28,0,0,0,1,2,55,1,1,1,1,0,0,1,10,1,1,2,50,1,1
40,400209,1,1,1,19,5,21,22,32,0,1,0,40,1,98,709,98709,80,2006,5TMAB14406C0,5,T,M,A,B,1,4,4,0,6,C,0,0,U,,,,6,17,,,,,,,,,,,,,,,,,,,0,0,000000000,00000000000,0,0,0,1,0,0,0,0,0,0,0,998,0,0,0,14,6,2,32,0,0,0,1,40,74340,6,1,0,0,2,0,69,226,0,0,0,0,0,0,0,0,0,1,0,0,0,0,1,2,55,1,6,2,1,28,3,1,13,1,1,4,1,1,1
40,400210,1,1,1,22,5,14,21,42,0,1,0,40,1,20,481,20481,31,2010,3GCRKSE30AG2,3,G,C,R,K,S,E,3,0,A,G,2,0,T,CHEV,2SK,CW,10,17,,2,0,1435,SIL,F,,,8,323,,,,B,5346,00,,44,0,0,000000000,00000000000,0,0,0,1,0,0,0,0,0,0,0,998,0,0,0,12,6,2,42,0,0,0,1,40,74331,6,1,0,0,3,3,68,248,0,0,0,0,0,0,0,0,0,0,28,0,0,0,1,2,65,2,1,2,1,28,3,1,12,1,1,4,6,1,0
40,400211,1,1,1,23,5,13,50,24,0,1,0,48,1,37,706,37706,80,1995,JH2RC3400SM3,J,H,2,R,C,3,4,0,0,S,M,3,0,M,HOND,PC8,RS,95,17,,,,,,,800,,2,,4,577,,,,,,,0,0,000000000,00000000000,0,0,0,1,0,0,0,0,0,0,0,998,0,0,0,11,6,2,24,0,0,0,1,48,75402,6,1,0,0,3,3,999,999,0,0,0,0,0,0,0,0,0,1,28,0,0,0,1,2,35,2,6,2,1,28,3,14,12,1,1,4,6,1,0
40,400212,1,1,1,26,5,6,20,1,0,1,0,20,2,20,481,20481,31,1991,2GCEC19K4M12,2,G,C,E,C,1,9,K,4,M,1,2,0,T,CHEV,GC1,PC,91,17,,2,1555,1415,GM4,G,,,8,350,,,,B,00000,00,,42,0,0,000000000,00000000000,0,0,0,1,0,0,0,0,0,0,0,998,0,1,5,0,6,2,1,0,0,0,1,20,67140,6,1,0,0,3,3,77,240,0,0,0,0,0,0,0,0,0,1,28,0,0,0,1,2,55,1,5,4,1,0,0,1,12,3,4,4,7,1,1
40,400213,1,1,1,26,5,10,24,1,0,1,0,36,1,34,706,34706,80,2011,WB1048002BZX,W,B,1,0,4,8,0,0,2,B,Z,X,0,M,BMW,RGA,EN,11,17,,,,,,,1170,,2,,4,491,,,,,,,0,0,000000000,00000000000,0,0,0,1,0,0,0,0,0,0,0,998,0,0,0,0,6,2,1,0,0,0,1,36,10541,6,1,6,0,3,0,71,999,0,0,0,0,0,0,0,0,0,0,0,0,0,0,3,2,70,1,6,2,1,0,0,1,12,1,1,4,6,1,0
40,400214,1,1,1,27,5,3,10,35,0,1,0,48,1,12,3,12003,2,1994,1FALP4045RF1,1,F,A,L,P,4,0,4,5,R,F,1,0,P,FORD,MUS,CP,94,17,3055,,0,1013,,G,,F,6,232,,,15R205,,,,,,0,0,000000000,00000000000,0,0,0,1,0,0,0,0,0,0,0,998,0,1,5,12,6,2,1,0,0,0,1,40,74743,6,1,0,0,3,0,73,179,0,2,0,0,4,6,2009,3,2012,0,58,0,0,0,1,2,45,1,1,2,1,0,0,1,13,6,4,4,7,1,1
40,400215,1,2,1,12,4,9,32,12,1,1,0,40,3,84,881,84881,62,2002,1HTSCAAM52H4,1,H,T,S,C,A,A,M,5,2,H,4,0,T,INTL,470,CC,2,17,,6,2540,1280,40S,D,,,6,466,,,,,00000,00,,42,0,88,888888888,88888888888,2,1,96,1,0,0,0,0,0,0,0,998,0,0,0,12,6,2,12,0,0,0,1,40,73026,6,1,0,0,3,0,70,252,0,0,0,0,0,0,0,0,0,0,26,0,0,0,3,2,70,1,1,2,1,0,0,1,50,1,1,1,20,0,0
40,400215,2,2,1,12,4,9,32,12,1,1,0,40,2,20,481,20481,31,1996,1GCHC39J3TE1,1,G,C,H,C,3,9,J,3,T,E,1,0,T,CHEV,GC3,PC,96,17,,2,0,1555,GM4,G,,,8,454,,,,D,5250,00,,42,0,0,000000000,00000000000,0,0,0,1,0,0,0,0,0,0,0,0,0,0,0,6,6,2,12,0,0,0,1,40,73110,6,1,0,0,3,0,78,215,0,0,0,0,0,0,0,0,0,0,54,0,0,0,3,2,70,1,1,2,1,0,0,5,53,1,1,1,21,1,0
40,400216,1,3,1,28,4,16,49,12,6,1,0,40,1,49,422,49422,15,2012,5TDDW5G11CS0,5,T,D,D,W,5,G,1,1,C,S,0,0,P,TOYT,SEQ,UT,12,17,6045,,0,1220,,F,,F,8,348,,,20R275,,,,,,0,0,000000000,00000000000,0,0,0,1,0,0,0,0,0,0,0,998,0,1,1,12,6,2,12,0,0,0,1,40,73013,6,1,0,0,3,3,73,170,0,0,0,0,0,0,0,0,0,0,28,0,0,0,1,2,45,1,6,2,1,28,3,1,10,1,1,2,64,0,0
40,400216,2,3,1,28,4,16,49,12,6,1,0,40,1,35,472,35472,30,2010,1N6AD0EV8AC4,1,N,6,A,D,0,E,V,8,A,C,4,1,T,NISS,CEN,CW,10,17,,1,0,0,FRT,G,,,6,244,,,,,4216,00,7,44,1,0,000000000,00000000000,0,0,0,1,0,0,0,0,0,0,0,998,0,0,0,11,6,2,12,0,0,0,1,40,73034,6,1,0,0,3,0,68,175,0,0,0,0,0,0,0,0,0,0,0,0,0,0,1,2,45,1,5,2,1,28,3,1,62,1,1,1,65,1,0
40,400216,3,3,1,28,4,16,49,12,6,1,0,40,1,35,51,35051,6,2010,JN8AS5MVXAW1,J,N,8,A,S,5,M,V,X,A,W,1,0,P,NISS,ROG,UT,10,17,3435,,0,1059,,G,,F,4,153,,,16R215,,,,,,0,0,000000000,00000000000,0,0,0,1,0,0,0,0,0,0,0,998,0,0,0,12,4,3,12,0,0,0,1,40,73034,6,1,0,0,3,0,64,165,0,0,0,0,0,0,0,0,0,0,0,0,0,0,1,2,45,1,5,2,1,28,3,1,62,1,1,1,98,0,0
40,400217,1,1,2,9,5,21,20,8,0,1,0,40,2,13,1,13001,4,1991,1LNCM82W0MY7,1,L,N,C,M,8,2,W,0,M,Y,7,0,P,LINC,SIG,4D,91,17,4055,,0,1174,,G,,F,8,281,,,15R215,,,,,,0,0,000000000,00000000000,0,0,0,1,0,0,0,0,0,0,0,998,0,0,0,12,2,1,8,0,0,0,1,40,73129,6,1,0,0,3,3,68,160,0,1,0,0,0,1,2010,1,2010,0,0,0,0,0,2,3,40,1,1,2,1,0,0,1,80,1,1,1,13,0,0
40,400218,1,2,2,2,4,16,42,12,1,1,0,5,1,20,16,20016,2,1998,1G1JC1247W72,1,G,1,J,C,1,2,4,7,W,7,2,0,P,CHEV,C/S,CP,98,17,2584,,0,1041,,G,,F,4,133,,,14R195,,,,,,0,0,000000000,00000000000,0,0,0,1,0,0,0,0,0,0,0,998,0,0,0,12,6,2,12,0,0,0,1,5,72745,6,1,0,0,3,3,65,124,0,0,0,0,0,0,0,0,0,1,0,0,0,0,1,2,65,1,1,2,1,28,3,1,50,1,1,1,20,1,0
40,400218,2,2,1,2,4,16,42,12,1,1,0,40,1,23,481,23481,31,2007,1GTHK29K07E5,1,G,T,H,K,2,9,K,0,7,E,5,0,T,GMC,2KH,4C,7,17,,2,1575,1435,SIE,G,,,8,366,,,,C,5659,02,U,44,0,0,000000000,00000000000,0,0,0,1,0,0,0,0,0,0,0,0,0,0,0,6,4,4,12,0,0,0,1,40,74346,6,1,0,0,3,0,75,200,0,0,0,0,0,0,0,0,0,0,0,0,0,0,1,2,65,1,1,2,1,28,3,5,53,1,1,1,22,0,0
40,400219,1,2,1,15,5,13,30,12,6,1,0,40,1,7,482,7482,31,2008,1D7HA18N78J2,1,D,7,H,A,1,8,N,7,8,J,2,0,T,DODG,SQ1,CW,8,17,,2,1605,1405,RPC,G,,,8,287,,,,B,4889,00,E,42,0,0,000000000,00000000000,0,0,0,1,0,0,0,0,0,0,0,998,0,0,0,9,6,2,12,0,0,0,1,40,73761,6,1,0,0,3,0,69,150,0,0,0,0,0,0,0,0,0,0,38,0,0,0,1,2,55,1,1,4,1,20,3,1,17,1,1,1,89,1,0
40,400219,2,2,2,15,5,13,30,12,6,1,0,40,3,86,881,86881,66,2006,1M1AG11Y96M0,1,M,1,A,G,1,1,Y,9,6,M,0,2,T,MACK,CV7,TR,6,17,,8,0,0,700,D,,,6,728,,,,,00000,00,,64,1,57,845493,57845493,3,7,97,1,0,0,0,0,0,0,0,998,0,0,0,12,2,3,12,0,0,0,1,40,73750,6,1,6,0,3,0,66,165,0,0,0,0,1,12,2009,12,2009,0,0,0,0,0,1,2,65,1,1,2,1,0,0,1,66,7,1,1,88,0,0
40,400220,1,2,1,19,5,10,6,12,6,1,0,40,1,12,481,12481,31,2004,1FTNW21S44ED,1,F,T,N,W,2,1,S,4,4,E,D,1,T,FORD,F2S,CW,4,17,,2,1724,1562,SRW,G,,,10,415,,,,C,6234,00,E,44,1,0,000000000,00000000000,0,0,0,1,0,0,0,0,0,0,0,998,0,0,0,4,4,1,12,0,0,0,1,40,74868,6,1,0,0,3,0,60,115,0,0,0,0,0,0,0,0,0,0,48,0,0,0,1,2,65,1,1,2,1,28,3,11,15,1,1,1,68,0,0
40,400220,2,2,1,19,5,10,6,12,6,1,0,40,1,76,706,76706,80,2006,JYAVP11E26A0,J,Y,A,V,P,1,1,E,2,6,A,0,0,M,YAMA,XVA,RS,6,17,,,,,,,1063,,2,,4,571,,,,,,,0,0,000000000,00000000000,0,0,0,1,0,0,0,0,0,0,0,998,0,0,0,12,6,2,12,0,0,0,1,40,74884,6,1,0,0,3,0,69,140,0,0,0,0,0,0,0,0,0,0,0,0,0,0,1,2,65,1,1,2,1,28,3,1,62,3,1,1,69,1,0
40,400221,1,2,1,13,4,6,25,12,1,1,0,5,3,85,881,85881,66,2005,1XKWDB9X45J0,1,X,K,W,D,B,9,X,4,5,J,0,1,T,KW,W90,TR,5,17,,8,2850,1600,CON,D,,,6,893,,,,,00000,00,,64,1,57,01870425,5701870425,3,6,3,1,0,0,0,0,0,0,0,0,0,0,0,6,4,1,12,0,0,0,1,5,72834,6,1,6,0,3,3,999,999,0,0,0,0,0,0,0,0,0,0,54,0,0,0,1,2,65,1,6,2,1,28,3,5,53,1,1,1,23,0,0
40,400221,2,2,1,13,4,6,25,12,1,1,0,40,1,63,32,63032,6,2003,KNADC1657361,K,N,A,D,C,1,6,5,7,3,6,1,0,P,KIA,RIC,SW,3,17,2447,,0,949,,G,,F,4,097,,,14R175,,,,,,0,0,000000000,00000000000,0,0,0,1,0,0,0,0,0,0,0,998,0,0,0,12,6,2,12,0,0,0,1,40,74857,6,1,0,0,3,3,63,130,0,0,0,1,0,5,2010,5,2010,1,0,0,0,0,1,2,65,1,6,2,2,28,3,1,50,1,1,1,20,1,0
40,400222,1,2,1,22,4,13,55,12,6,1,0,17,1,18,7,18007,4,1994,3G4AG55M8RS6,3,G,4,A,G,5,5,M,8,R,S,6,0,P,BUIC,CSP,4D,94,17,2974,,0,1049,,G,,F,6,191,,,14R185,,,,,,0,0,000000000,00000000000,0,0,0,1,0,0,0,0,0,0,0,998,0,0,0,9,6,2,12,0,0,0,1,17,60425,6,1,0,0,3,0,999,999,0,0,0,0,0,0,0,0,0,0,38,0,0,0,1,2,35,1,1,2,1,20,3,1,17,1,1,1,89,1,0