STATE,ST_CASE,VEH_NO,VE_FORMS,NUMOCCS,DAY,MONTH,HOUR,MINUTE,HARM_EV,MAN_COLL,UNITTYPE,HIT_RUN,REG_STAT,OWNER,MAKE,MODEL,MAK_MOD,BODY_TYP,MOD_YEAR,VIN,VIN_1,VIN_2,VIN_3,VIN_4,VIN_5,VIN_6,VIN_7,VIN_8,VIN_9,VIN_10,VIN_11,VIN_12,TOW_VEH,VINTYPE,VINMAKE,VINA_MOD,VIN_BT,VINMODYR,VIN_LNGT,VIN_WGT,WGTCD_TR,WHLBS_LG,WHLBS_SH,SER_TR,FUELCODE,MCYCL_DS,CARBUR,CYLINDER,DISPLACE,MCYCL_CY,MCYCL_WT,TIRE_SZE,TON_RAT,TRK_WT,TRKWTVAR,VIN_REST,WHLDRWHL,J_KNIFE,MCARR_I1,MCARR_I2,MCARR_ID,GVWR,V_CONFIG,CARGO_BT,HAZ_INV,HAZ_PLAC,HAZ_ID,HAZ_CNO,HAZ_REL,BUS_USE,SPEC_USE,EMER_USE,TRAV_SP,UNDERIDE,ROLLOVER,ROLINLOC,IMPACT1,DEFORMED,TOWED,M_HARM,VEH_SC1,VEH_SC2,FIRE_EXP,DR_PRES,L_STATE,DR_ZIP,L_STATUS,L_TYPE,CDL_STAT,L_ENDORS,L_COMPL,L_RESTRI,DR_HGT,DR_WGT,PREV_ACC,PREV_SUS,PREV_DWI,PREV_SPD,PREV_OTH,FIRST_MO,FIRST_YR,LAST_MO,LAST_YR,SPEEDREL,DR_SF1,DR_SF2,DR_SF3,DR_SF4,VTRAFWAY,VNUM_LAN,VSPD_LIM,VALIGN,VPROFILE,VPAVETYP,VSURCOND,VTRAFCON,VTCONT_F,P_CRASH1,P_CRASH2,P_CRASH3,PCRASH4,PCRASH5,ACC_TYPE,DEATHS,DR_DRINK
40,400292,1,2,1,5,7,17,33,12,2,1,0,31,3,84,881,84881,66,2006,2HSCESBR46C1,2,H,S,C,E,S,B,R,4,6,C,1,1,T,INTL,92I,TR,6,17,,8,0,0,920,D,,,6,763,,,,,00000,00,,64,1,57,266865,57266865,3,6,2,1,0,0,0,0,0,0,0,998,0,0,0,12,6,2,12,0,0,0,1,20,66756,6,1,6,0,3,3,70,220,0,0,0,0,0,0,0,0,0,0,0,0,0,0,1,4,35,1,1,1,1,0,0,1,62,6,1,2,52,0,0
40,400292,2,2,1,5,7,17,33,12,2,1,0,40,1,14,4,14004,2,1979,9H93H688843,9,H,9,3,H,6,8,8,8,4,3,,0,P,MERC,XR7,2T,79,11,3883,,0,1139,,G,,2,8,351,,,15GR78,,,,,,0,0,000000000,00000000000,0,0,0,1,0,0,0,0,0,0,0,998,0,0,0,12,6,2,12,0,0,0,1,40,74029,6,1,6,0,3,3,71,150,1,0,0,0,3,10,2011,7,2012,0,51,28,0,0,1,4,35,1,1,1,1,0,0,1,54,1,1,3,52,1,1
40,400293,1,1,4,27,6,20,7,31,0,1,0,40,1,35,47,35047,4,2005,1N4AL11D35N4,1,N,4,A,L,1,1,D,3,5,N,4,0,P,NISS,ASL,4D,5,17,2915,,0,1102,,G,,F,4,153,,,16R215,,,,,,0,0,000000000,00000000000,0,0,0,1,0,0,0,0,0,0,0,998,0,1,5,12,6,2,1,0,0,0,1,40,74820,6,1,0,0,3,0,65,150,0,0,0,0,2,8,2011,2,2012,1,0,0,0,0,1,2,65,1,1,2,1,0,0,1,13,1,1,4,1,1,1
40,400294,1,4,1,11,7,16,23,12,1,1,0,40,2,23,401,23401,14,2004,1GKDS13SX423,1,G,K,D,S,1,3,S,X,4,2,3,0,T,GMC,ENV,4W,4,17,,1,0,1130,ENV,G,,,6,256,,,,B,4432,00,E,42,0,0,000000000,00000000000,0,0,0,1,0,0,0,0,0,0,0,0,0,0,0,6,6,2,12,0,0,0,1,40,74063,6,1,0,0,3,0,67,150,0,0,0,0,0,0,0,0,0,0,0,0,0,0,3,2,45,1,1,1,1,0,0,5,50,1,1,1,21,0,0
40,400294,2,4,1,11,7,16,23,12,1,1,0,40,3,38,890,38890,62,2001,JALF5C133177,J,A,L,F,5,C,1,3,3,1,7,7,0,T,ISU,FRR,TB,1,17,,5,0,0,FRR,D,,,6,475,,,,,00000,00,,42,0,88,888888888,88888888888,2,1,7,1,0,0,0,0,0,0,0,998,0,0,0,12,4,1,8,0,0,0,1,40,74066,6,1,0,0,3,0,72,170,0,0,0,0,0,0,0,0,0,0,0,0,0,0,3,2,45,1,1,1,1,0,0,1,50,3,1,1,20,0,0
40,400294,3,4,2,11,7,16,23,12,1,1,0,40,6,52,34,52034,4,2002,4A3AA46G62E0,4,A,3,A,A,4,6,G,6,2,E,0,0,P,MITS,UEL,4D,2,17,3075,,0,1037,,G,,F,4,143,,,15R195,,,,,,0,0,000000000,00000000000,0,0,0,1,0,0,0,0,0,0,0,0,0,0,0,7,4,3,12,0,0,0,0,0,99997,7,6,97,7,6,7,998,997,998,998,998,998,998,98,9998,98,9998,8,54,0,0,0,3,2,45,1,1,1,1,0,0,0,98,0,0,0,98,0,0
40,400294,4,4,2,11,7,16,23,12,1,1,0,40,1,12,37,12037,4,2006,1FAHP34N66W1,1,F,A,H,P,3,4,N,6,6,W,1,0,P,FORD,ZX4,4D,6,17,2676,,0,1029,,G,,F,4,122,,,15R195,,,,,,0,0,000000000,00000000000,0,0,0,1,0,0,0,0,0,0,0,998,0,0,0,12,2,1,12,0,0,0,1,40,74127,6,1,0,0,3,0,65,134,0,0,0,0,0,0,0,0,0,0,0,0,0,0,3,2,45,1,1,1,1,0,0,1,50,2,1,1,98,0,0
40,400295,1,2,1,4,6,19,3,33,0,1,0,40,3,87,881,87881,66,2002,1XP5DB9X62D5,1,X,P,5,D,B,9,X,6,2,D,5,1,T,PTRB,379,TR,2,17,,8,0,0,CON,D,,,6,893,,,,,00000,00,,64,1,88,888888888,88888888888,3,6,1,1,0,0,0,0,0,0,0,998,0,0,0,2,6,2,12,0,0,0,1,40,73055,6,1,6,0,3,3,72,194,0,0,0,0,1,3,2010,3,2010,0,0,0,0,0,2,4,45,1,6,2,1,4,3,1,68,1,1,1,98,0,0
40,400295,2,2,7,4,6,19,3,33,0,1,0,40,2,20,481,20481,31,1989,1GCDC14K8KZ1,1,G,C,D,C,1,4,K,8,K,Z,1,0,T,CHEV,GC1,PK,89,17,,1,1315,1175,GM4,G,,,8,350,,,,B,4114,08,,42,0,0,000000000,00000000000,0,0,0,1,0,0,0,0,0,0,0,998,3,0,0,12,6,2,12,0,0,0,1,40,73129,6,1,0,0,3,0,73,220,0,0,0,0,0,0,0,0,0,0,38,0,0,0,1,2,45,2,6,2,1,21,3,14,3,7,3,4,2,2,0
40,400296,1,1,1,23,6,19,49,35,0,1,0,40,2,14,37,14037,4,1995,1MELM66L7SK6,1,M,E,L,M,6,6,L,7,S,K,6,0,P,MERC,MLY,4D,95,17,2873,,0,1065,,G,,F,6,155,,,15R205,,,,,,0,0,000000000,00000000000,0,0,0,1,0,0,0,0,0,0,0,998,0,1,5,11,6,2,1,0,0,0,1,40,74720,2,1,0,0,2,0,73,185,0,0,0,0,0,0,0,0,0,0,28,0,0,0,1,2,35,1,1,4,11,0,0,1,12,1,1,4,6,1,1
40,400297,1,1,2,2,7,12,45,1,0,1,0,40,0,12,481,12481,31,2000,1FTZF1729YNA,1,F,T,Z,F,1,7,2,9,Y,N,A,0,T,FORD,F15,PK,0,17,,1,1385,1199,COF,G,,,6,256,,,,B,3923,04,U,42,0,0,000000000,00000000000,0,0,0,1,0,0,0,0,0,0,0,998,0,1,5,0,6,2,1,0,0,0,1,40,74553,0,0,0,0,0,0,999,999,0,0,0,0,0,0,0,0,0,1,82,0,0,0,1,2,45,1,1,4,1,0,0,1,6,1,4,4,7,1,0
40,400298,1,2,2,3,7,19,10,12,6,1,0,40,1,35,50,35050,5,2011,3N1BC1CP9BL4,3,N,1,B,C,1,C,P,9,B,L,4,0,P,NISS,VSL,4H,11,17,2693,,0,1024,,G,,F,4,110,,,15R185,,,,,,0,0,000000000,00000000000,0,0,0,1,0,0,0,0,0,0,0,998,0,0,0,3,6,2,12,0,0,0,1,40,73139,6,1,0,0,3,0,71,150,0,0,0,0,0,0,0,0,0,0,39,0,0,0,1,2,45,1,6,2,1,3,3,1,17,1,1,1,87,2,0
40,400298,2,2,1,3,7,19,10,12,6,1,0,40,3,12,461,12461,21,2003,1FTRE14283HB,1,F,T,R,E,1,4,2,8,3,H,B,0,T,FORD,15V,CG,3,17,,2,0,1380,VAN,G,,,6,256,,,,B,00000,00,E,42,0,0,000000000,00000000000,0,0,0,1,0,0,0,0,0,0,0,998,0,0,0,12,6,2,12,0,0,0,1,40,73129,6,1,0,0,3,0,76,230,0,0,0,0,0,0,0,0,0,0,0,0,0,0,1,4,50,3,3,2,1,3,3,14,66,1,1,1,86,0,0
40,400299,1,1,2,12,7,20,40,1,0,1,0,40,0,37,733,37733,90,9999,000000000000,0,0,0,0,0,0,0,0,0,0,0,0,0,,,,,,,,,,,,,,,,,,,,,,,,,0,0,000000000,00000000000,0,0,0,1,0,0,0,0,0,0,0,998,0,1,1,0,2,3,1,0,0,0,1,40,74730,2,1,0,0,1,0,71,150,0,1,0,0,2,8,2009,7,2010,1,0,0,0,0,1,2,55,1,1,5,1,0,0,1,6,1,4,3,98,1,1
40,400300,1,2,1,6,7,16,39,12,6,1,0,40,3,82,881,82881,66,2005,1FUJA6AVX5DN,1,F,U,J,A,6,A,V,X,5,D,N,1,T,FRHT,COL,TR,5,17,,8,0,0,CON,D,,,6,893,,,,,00000,00,,64,1,57,1639839,571639839,3,6,2,2,2,1268,3,1,0,0,0,998,0,0,0,4,6,2,2,0,0,1,1,40,73848,6,1,6,1,3,0,73,230,0,0,0,0,0,0,0,0,0,0,48,0,0,0,1,2,65,1,1,2,1,28,3,11,15,1,1,1,68,0,0
40,400300,2,2,2,6,7,16,39,12,6,1,0,40,2,7,880,7880,67,1996,1B7MC36W0TS6,1,B,7,M,C,3,6,W,0,T,S,6,0,T,DODG,350,PK,96,17,,3,0,1347,RPC,G,,,10,488,,,,D,4964,00,M,42,0,88,888888888,88888888888,2,1,97,1,0,0,0,0,0,0,0,998,0,0,0,12,6,2,2,0,0,1,1,40,73654,6,1,6,0,3,0,68,220,0,0,0,1,0,4,2011,4,2011,0,0,0,0,0,1,2,65,1,1,2,1,28,3,1,62,3,1,1,69,1,0
40,400301,1,1,1,7,7,10,2,35,0,1,0,40,1,12,401,12401,14,1999,1FMZU32EXXZB,1,F,M,Z,U,3,2,E,X,X,Z,B,0,P,FORD,EPR,UT,99,17,3891,,0,1116,,G,,F,6,245,,,15R225,,,,,,0,0,000000000,00000000000,0,0,0,1,0,0,0,0,0,0,0,998,0,1,5,12,6,2,1,0,0,0,1,40,74020,6,1,0,0,3,0,72,170,0,0,0,0,0,0,0,0,0,0,28,0,0,0,1,2,65,3,6,1,1,28,3,14,12,1,1,4,6,1,0
40,400302,1,1,3,1,7,13,46,1,0,1,0,48,2,20,403,20403,14,2004,1GNDS13S8421,1,G,N,D,S,1,3,S,8,4,2,1,0,P,CHEV,TRL,UT,4,17,4425,,0,1130,,G,,F,6,256,,,16R245,,,,,,0,0,000000000,00000000000,0,0,0,1,0,0,0,0,0,0,0,998,0,1,5,0,6,2,1,0,0,0,1,48,76117,0,0,0,0,0,0,999,999,0,0,0,0,0,0,0,0,0,0,58,0,0,0,3,2,70,2,1,1,1,0,0,14,13,6,4,4,2,2,0
40,400303,1,2,1,6,7,15,43,12,2,1,0,40,1,20,481,20481,31,1996,2GCEK19R6T12,2,G,C,E,K,1,9,R,6,T,1,2,0,T,CHEV,GK1,PC,96,17,,2,1555,1415,GM4,G,,,8,350,,,,B,4495,08,,44,0,0,000000000,00000000000,0,0,0,1,0,0,0,0,0,0,0,998,0,0,0,12,6,2,12,0,0,0,1,40,74422,6,1,0,0,3,0,66,115,0,0,0,0,0,0,0,0,0,0,28,0,0,0,1,2,65,1,6,2,1,0,0,1,10,1,1,2,50,1,1
40,400303,2,2,1,6,7,15,43,12,2,1,0,40,2,23,431,23431,16,1999,1GKFK16R8XJ7,1,G,K,F,K,1,6,R,8,X,J,7,0,T,GMC,KSU,4W,99,17,,2,0,1315,K15,G,,,8,350,,,,B,5226,00,E,44,0,0,000000000,00000000000,0,0,0,1,0,0,0,0,0,0,0,998,0,0,0,12,6,2,12,0,0,0,1,40,74422,6,1,6,0,3,0,80,310,0,0,0,1,1,4,2011,12,2011,0,0,0,0,0,1,2,65,1,5,2,1,28,3,1,62,1,1,1,51,1,0
40,400304,1,1,2,8,7,11,4,42,0,1,0,5,2,12,481,12481,31,2004,1FTPW14594KD,1,F,T,P,W,1,4,5,9,4,K,D,0,T,FORD,F1S,CW,4,17,,2,1450,1260,COF,G,,,8,330,,,,B,5560,00,U,44,0,0,000000000,00000000000,0,0,0,1,0,0,0,0,0,0,0,998,0,1,5,2,6,2,42,0,0,0,1,5,74960,6,1,0,0,3,3,72,186,0,2,0,0,0,1,2012,4,2012,0,0,0,0,0,1,2,65,1,1,2,1,28,3,1,13,1,1,4,1,1,0
40,400305,1,1,2,11,7,22,13,8,0,1,0,40,1,20,2,20002,4,2006,2G1WD58C7692,2,G,1,W,D,5,8,C,7,6,9,2,0,P,CHEV,ISS,4D,6,17,3607,,0,1105,,G,,F,8,323,,,18R235,,,,,,0,0,000000000,00000000000,0,0,0,1,0,0,0,0,0,0,0,998,0,0,0,12,6,2,8,0,0,0,1,40,73857,6,1,0,0,3,0,67,125,0,0,0,0,0,0,0,0,0,0,0,0,0,0,1,2,65,1,6,2,1,28,3,1,80,1,1,1,13,0,0
40,400306,1,1,1,20,7,13,40,34,0,1,0,40,1,20,421,20421,15,2003,1GNEC13Z93R1,1,G,N,E,C,1,3,Z,9,3,R,1,0,P,CHEV,CTA,UT,3,17,4828,,0,1160,,F,,F,8,325,,,16R265,,,,,,0,0,000000000,00000000000,0,0,0,1,0,0,0,0,0,0,0,998,0,1,5,9,6,2,1,0,0,0,1,40,74954,6,1,0,0,3,0,67,200,0,1,0,0,1,10,2009,2,2010,0,0,0,0,0,1,2,45,1,1,4,1,0,0,10,9,1,3,4,7,1,1
40,400307,1,1,1,20,7,20,36,42,0,1,0,40,1,7,482,7482,31,2003,1D7HA18N53J6,1,D,7,H,A,1,8,N,5,3,J,6,0,T,DODG,SQ1,CW,3,17,,2,1605,1405,RPC,G,,,8,287,,,,B,4665,03,E,42,0,0,000000000,00000000000,0,0,0,1,0,0,0,0,0,0,0,998,0,1,5,12,6,2,42,0,0,0,1,40,74462,6,2,0,0,3,3,68,215,0,0,0,0,0,0,0,0,0,0,28,0,0,0,1,2,55,1,1,2,1,28,3,1,12,1,1,4,6,1,1
40,400308,1,1,2,30,6,11,1,1,0,1,0,40,1,72,706,72706,80,2002,1HD1BZB102Y0,1,H,D,1,B,Z,B,1,0,2,Y,0,0,M,HD,XTS,RS,2,17,,,,,,,1450,,2,,4,645,,,,,,,0,0,000000000,00000000000,0,0,0,1,0,0,0,0,0,0,0,998,0,0,0,0,6,2,1,0,0,0,1,40,73533,6,1,0,0,3,0,70,275,0,0,0,0,0,0,0,0,0,0,33,0,0,0,1,2,65,1,6,2,1,0,0,6,9,1,7,2,98,1,0
40,400309,1,1,1,6,7,22,28,34,0,1,0,40,1,12,481,12481,31,1980,F10EPHG3058,F,1,0,E,P,H,G,3,0,5,8,,0,T,FORD,F10,PK,80,11,,1,1610,1170,COF,G,,,6,300,,,,B,3309,01,,42,0,0,000000000,00000000000,0,0,0,1,0,0,0,0,0,0,0,998,0,1,5,12,6,2,1,0,0,0,1,40,74047,6,1,6,0,3,0,70,170,1,0,0,0,1,3,2011,4,2011,0,28,0,0,0,1,2,45,1,1,2,1,0,0,1,12,1,1,4,6,1,1
40,400310,1,1,1,7,7,3,24,42,0,1,0,40,1,20,481,20481,31,1990,1GCDC14H4LZ2,1,G,C,D,C,1,4,H,4,L,Z,2,0,T,CHEV,GC1,PK,90,17,,1,1415,1175,GM4,G,,,8,305,,,,B,3717,07,,42,0,0,000000000,00000000000,0,0,0,1,0,0,0,0,0,0,0,998,0,0,0,1,6,2,39,0,0,1,1,40,73108,6,1,0,0,3,3,72,210,0,8,0,0,2,12,2009,1,2012,0,0,0,0,0,1,2,45,1,1,2,1,0,0,1,13,1,1,4,1,1,0
40,400311,1,1,1,14,7,1,49,1,0,1,0,92,0,73,706,73706,80,2012,JKAZXCJ10CA0,J,K,A,Z,X,C,J,1,0,C,A,0,0,M,KAWK,Z1J,RC,12,17,,,,,,,998,,4,,4,437,,,,,,,0,0,000000000,00000000000,0,0,0,1,0,0,0,0,0,0,0,998,0,0,0,0,6,2,24,0,0,0,1,48,73099,6,1,0,0,3,0,999,999,0,1,0,1,0,8,2010,3,2012,1,0,0,0,0,3,2,60,2,6,2,1,0,0,14,12,1,7,4,7,1,1
40,400312,1,1,1,16,7,0,0,1,0,1,0,92,0,20,481,20481,31,2001,1GCHK23U61F1,1,G,C,H,K,2,3,U,6,1,F,1,1,T,CHEV,2KH,CW,1,17,,2,1670,1530,SIL,G,,,8,364,,,,C,5766,00,,44,1,0,000000000,00000000000,0,0,0,1,0,0,0,0,0,0,0,998,0,1,1,0,6,2,1,0,0,0,1,40,74955,6,1,0,0,3,3,69,185,0,0,0,0,0,0,0,0,0,1,0,0,0,0,3,2,70,1,5,2,1,0,0,1,12,7,3,6,98,1,0
40,400313,1,1,1,17,7,20,35,32,0,1,0,40,1,12,481,12481,31,2003,1FTNW21S23EB,1,F,T,N,W,2,1,S,2,3,E,B,0,T,FORD,F2S,CW,3,17,,2,1724,1562,SRW,G,,,10,415,,,,C,5870,04,E,44,0,0,000000000,00000000000,0,0,0,1,0,0,0,0,0,0,0,998,0,0,0,11,6,2,21,0,0,0,1,40,74063,6,1,0,0,3,0,69,220,1,0,0,1,2,10,2009,2,2012,0,0,0,0,0,3,3,65,1,1,1,1,0,0,1,12,1,1,4,6,1,0
40,400314,1,1,1,9,6,9,26,8,0,1,0,40,1,37,32,37032,4,1989,JHMCA5547KC0,J,H,M,C,A,5,5,4,7,K,C,0,0,P,HOND,LXI,4D,89,17,2553,,0,1024,,G,,F,4,119,,,14R195,,,,,,0,0,000000000,00000000000,0,0,0,1,0,0,0,0,0,0,0,998,0,0,0,8,6,2,8,0,0,0,1,40,73075,6,1,0,0,3,3,65,135,0,0,0,0,0,0,0,0,0,0,0,0,0,0,3,2,70,1,3,2,1,0,0,1,8,9,3,4,13,0,0
40,400315,1,1,7,25,6,12,35,14,0,1,0,92,0,98,850,98850,65,2006,4VZBN1D956C0,4,V,Z,B,N,1,D,9,5,6,C,0,0,U,,,,6,17,,,,,,,,,,,,,,,,,,,0,0,000000000,00000000000,0,0,0,1,0,0,0,0,0,0,0,998,0,0,0,12,6,2,14,0,0,0,1,16,83669,6,1,6,0,3,0,999,999,0,0,0,0,0,0,0,0,0,0,0,0,0,0,2,2,70,1,1,1,1,40,3,1,13,1,1,4,1,0,0
40,400316,1,1,1,17,7,3,45,8,0,1,0,40,1,41,51,41051,4,2010,JM1BL1S56A12,J,M,1,B,L,1,S,5,6,A,1,2,0,P,MAZD,M3S,4D,10,17,2963,,0,1039,,G,,F,4,152,,,17R205,,,,,,0,0,000000000,00000000000,0,0,0,1,0,0,0,0,0,0,0,998,0,0,0,12,6,2,8,0,0,0,1,40,73533,6,1,0,0,3,0,68,165,0,0,0,0,0,0,0,0,0,0,0,0,0,0,2,2,55,1,6,2,1,0,0,1,80,1,1,1,13,0,0
40,400317,1,2,1,12,7,16,5,12,6,1,0,92,0,98,998,98998,92,2009,000000000000,0,0,0,0,0,0,0,0,0,0,0,0,0,,,,,,,,,,,,,,,,,,,,,,,,,0,0,000000000,00000000000,0,0,0,1,0,0,0,0,0,0,0,998,0,0,0,10,2,1,12,0,0,0,1,40,73945,6,1,0,0,1,0,77,175,0,0,0,0,0,0,0,0,0,0,0,0,0,0,1,2,55,1,1,5,1,0,0,1,66,1,1,1,90,0,0
40,400317,2,2,2,12,7,16,5,12,6,1,0,20,2,20,481,20481,31,1997,1GCEC14W2VZ1,1,G,C,E,C,1,4,W,2,V,Z,1,0,T,CHEV,GC1,PK,97,17,,2,1315,1175,GM4,G,,,6,262,,,,B,3869,02,,42,0,0,000000000,00000000000,0,0,0,1,0,0,0,0,0,0,0,998,0,0,0,12,6,2,12,0,0,0,1,40,73945,0,0,0,0,0,0,999,999,0,0,0,0,0,0,0,0,0,0,38,0,0,0,1,2,55,1,1,5,1,0,0,1,17,1,1,1,90,1,0
40,400318,1,2,1,9,6,1,30,12,7,1,0,40,1,20,481,20481,31,2011,3GCPKSE33BG1,3,G,C,P,K,S,E,3,3,B,G,1,0,T,CHEV,2SK,CW,11,17,,2,0,1435,SIL,F,,,8,323,,,,B,5346,00,,44,0,0,000000000,00000000000,0,0,0,1,0,0,0,0,0,0,0,998,0,0,0,10,6,2,12,0,0,0,1,40,73703,6,1,0,0,3,0,70,170,0,0,0,1,0,8,2011,8,2011,0,38,0,0,0,2,2,40,1,1,2,1,3,3,10,16,1,1,1,84,1,1
40,400318,2,2,1,9,6,1,30,12,7,1,0,29,1,87,881,87881,66,2000,1XP5D49X1YD4,1,X,P,5,D,4,9,X,1,Y,D,4,1,T,PTRB,379,TR,0,17,,8,0,0,CON,D,,,6,915,,,,,00000,00,,64,1,57,520892,57520892,3,6,1,1,0,0,0,0,0,0,0,998,0,0,0,4,4,1,12,0,0,0,1,29,65738,6,1,6,0,3,0,999,999,0,0,0,0,0,0,0,0,0,0,0,0,0,0,2,2,35,1,1,1,1,3,3,1,65,1,1,1,84,0,0
40,400319,1,1,1,30,6,2,17,33,0,1,0,40,1,73,705,73705,80,2003,JKBZXJB163A0,J,K,B,Z,X,J,B,1,6,3,A,0,0,M,KAWK,Z3B,RC,3,17,,,,,,,636,,4,,4,377,,,,,,,0,0,000000000,00000000000,0,0,0,1,0,0,0,0,0,0,0,998,0,0,0,1,6,2,1,0,0,0,1,40,73572,6,1,0,0,2,3,76,202,0,0,0,1,2,5,2010,3,2011,0,0,0,0,0,2,4,40,3,1,1,1,0,0,14,13,1,1,4,1,1,1
40,400320,1,1,2,4,7,12,7,1,0,1,0,40,1,2,404,2404,14,1997,1J4FX58S1VC6,1,J,4,F,X,5,8,S,1,V,C,6,0,T,JEEP,LRT,4W,97,17,,1,0,1059,GCK,G,,,6,242,,,,,3513,02,E,42,0,0,000000000,00000000000,0,0,0,1,0,0,0,0,0,0,0,998,0,1,1,0,6,2,1,0,0,0,1,40,73034,6,1,0,0,3,3,73,180,0,0,0,0,0,0,0,0,0,0,58,0,0,0,1,2,45,1,6,2,1,0,0,1,13,6,3,6,98,1,0
40,400321,1,1,1,14,7,0,52,1,0,1,0,40,2,12,401,12401,14,1997,1FMDU32X5VUD,1,F,M,D,U,3,2,X,5,V,U,D,0,P,FORD,EPR,UT,97,17,3939,,0,1115,,G,,F,6,245,,,15R225,,,,,,0,0,000000000,00000000000,0,0,0,1,0,0,0,0,0,0,0,998,0,1,5,0,6,2,1,0,0,0,1,40,74501,6,1,0,0,3,0,65,115,0,0,0,1,0,11,2009,11,2009,0,58,0,0,0,6,1,45,2,1,2,1,0,0,14,12,7,4,4,7,1,1
40,400322,1,3,1,20,7,16,55,12,2,1,0,40,2,12,401,12401,14,2009,1FMEU63E49UA,1,F,M,E,U,6,3,E,4,9,U,A,0,P,FORD,EPR,UT,9,17,4455,,0,1137,,G,,F,6,244,,,16R235,,,,,,0,0,000000000,00000000000,0,0,0,1,0,0,0,0,0,0,0,998,0,0,0,12,6,2,12,0,0,0,1,40,74012,6,1,0,0,3,0,67,180,0,0,0,0,0,0,0,0,0,0,0,0,0,0,1,4,40,1,1,1,1,0,0,1,10,1,1,2,50,0,0
40,400322,2,3,2,20,7,16,55,12,2,1,0,40,0,20,421,20421,15,1999,1GNEC13R3XJ5,1,G,N,E,C,1,3,R,3,X,J,5,0,P,CHEV,CTA,UT,99,17,4865,,0,1175,,G,,F,8,350,,,15R235,,,,,,0,0,000000000,00000000000,0,0,0,1,0,0,0,0,0,0,0,998,0,0,0,12,6,2,12,0,0,0,1,40,74051,6,1,6,0,3,0,70,150,0,0,0,0,0,0,0,0,0,0,0,0,0,0,1,4,40,1,1,1,1,0,0,1,62,1,1,1,51,1,1
40,400322,3,3,1,20,7,16,55,12,2,1,0,40,1,59,36,59036,1,2003,JTHFN48Y9300,J,T,H,F,N,4,8,Y,9,3,0,0,0,P,LEXS,S43,CV,3,17,3840,,0,1031,,G,,F,8,262,,,18R245,,,,,,0,0,000000000,00000000000,0,0,0,1,0,0,0,0,0,0,0,998,0,0,0,8,2,1,54,0,0,0,1,40,74011,6,1,0,0,3,3,72,185,0,0,0,0,0,0,0,0,0,0,0,0,0,0,1,4,40,1,1,1,1,0,0,1,98,1,1,1,98,0,0
40,400323,1,1,1,25,7,7,0,1,0,1,0,40,1,20,421,20421,15,2004,1GNDT13X04K1,1,G,N,D,T,1,3,X,0,4,K,1,0,P,CHEV,BZR,UT,4,17,4134,,0,1070,,G,,F,6,262,,,16R235,,,,,,0,0,000000000,00000000000,0,0,0,1,0,0,0,0,0,0,0,998,0,1,1,0,6,2,1,0,0,0,1,40,73701,6,1,0,0,3,3,62,150,0,0,0,0,0,0,0,0,0,0,58,0,0,0,1,2,55,1,1,2,1,0,0,1,13,6,3,6,98,1,0
40,400324,1,1,2,26,7,2,39,53,0,1,0,40,1,23,481,23481,31,1982,1GTCW80H4CR5,1,G,T,C,W,8,0,H,4,C,R,5,0,T,GMC,CAB,PK,82,17,,1,0,1171,CAB,G,,,8,305,,,,B,3144,01,,42,0,0,000000000,00000000000,0,0,0,1,0,0,0,0,0,0,0,998,0,1,5,99,6,2,1,0,0,0,1,40,73110,2,1,0,0,2,0,69,185,0,0,0,0,0,0,0,0,0,0,58,0,0,0,1,2,45,1,1,2,1,0,0,1,12,7,3,4,7,1,1
40,400325,1,2,1,4,7,18,1,12,6,1,0,40,2,14,6,14006,4,2003,2MEFM75W63X6,2,M,E,F,M,7,5,W,6,3,X,6,0,P,MERC,MGL,4D,3,17,3958,,0,1147,,G,,F,8,281,,,16R225,,,,,,0,0,000000000,00000000000,0,0,0,1,0,0,0,0,0,0,0,998,0,0,0,10,6,2,12,0,0,0,1,40,73533,6,1,0,0,3,0,61,125,0,0,0,0,0,0,0,0,0,0,28,0,0,0,1,2,65,1,1,2,1,28,3,1,11,7,1,6,66,1,1
40,400325,2,2,2,4,7,18,1,12,6,1,0,40,1,6,441,6441,20,2010,2A4RR5DX6AR2,2,A,4,R,R,5,D,X,6,A,R,2,0,P,CHRY,TWC,SV,10,17,4507,,0,1212,,G,,F,6,244,,,16R225,,,,,,0,0,000000000,00000000000,0,0,0,1,0,0,0,0,0,0,0,998,0,0,0,11,6,2,12,0,0,0,1,40,73055,6,1,0,0,3,3,60,150,0,0,0,0,0,0,0,0,0,0,0,0,0,0,1,2,65,1,1,2,1,28,3,1,63,4,1,1,66,0,0
40,400326,1,1,2,15,7,11,2,24,0,1,0,40,2,12,18,12018,3,1995,1ZVLT20AXS51,1,Z,V,L,T,2,0,A,X,S,5,1,0,P,FORD,PBS,2H,95,17,2690,,0,1028,,G,,F,4,122,,,14R195,,,,,,0,0,000000000,00000000000,0,0,0,1,0,0,0,0,0,0,0,998,0,1,5,9,6,2,1,0,0,0,1,40,73075,6,1,0,0,3,0,69,140,0,0,0,0,0,0,0,0,0,1,0,0,0,0,1,2,55,3,2,2,1,28,3,14,13,6,3,4,2,1,0