STATE,ST_CASE,VEH_NO,VE_FORMS,NUMOCCS,DAY,MONTH,HOUR,MINUTE,HARM_EV,MAN_COLL,UNITTYPE,HIT_RUN,REG_STAT,OWNER,MAKE,MODEL,MAK_MOD,BODY_TYP,MOD_YEAR,VIN,VIN_1,VIN_2,VIN_3,VIN_4,VIN_5,VIN_6,VIN_7,VIN_8,VIN_9,VIN_10,VIN_11,VIN_12,TOW_VEH,VINTYPE,VINMAKE,VINA_MOD,VIN_BT,VINMODYR,VIN_LNGT,VIN_WGT,WGTCD_TR,WHLBS_LG,WHLBS_SH,SER_TR,FUELCODE,MCYCL_DS,CARBUR,CYLINDER,DISPLACE,MCYCL_CY,MCYCL_WT,TIRE_SZE,TON_RAT,TRK_WT,TRKWTVAR,VIN_REST,WHLDRWHL,J_KNIFE,MCARR_I1,MCARR_I2,MCARR_ID,GVWR,V_CONFIG,CARGO_BT,HAZ_INV,HAZ_PLAC,HAZ_ID,HAZ_CNO,HAZ_REL,BUS_USE,SPEC_USE,EMER_USE,TRAV_SP,UNDERIDE,ROLLOVER,ROLINLOC,IMPACT1,DEFORMED,TOWED,M_HARM,VEH_SC1,VEH_SC2,FIRE_EXP,DR_PRES,L_STATE,DR_ZIP,L_STATUS,L_TYPE,CDL_STAT,L_ENDORS,L_COMPL,L_RESTRI,DR_HGT,DR_WGT,PREV_ACC,PREV_SUS,PREV_DWI,PREV_SPD,PREV_OTH,FIRST_MO,FIRST_YR,LAST_MO,LAST_YR,SPEEDREL,DR_SF1,DR_SF2,DR_SF3,DR_SF4,VTRAFWAY,VNUM_LAN,VSPD_LIM,VALIGN,VPROFILE,VPAVETYP,VSURCOND,VTRAFCON,VTCONT_F,P_CRASH1,P_CRASH2,P_CRASH3,PCRASH4,PCRASH5,ACC_TYPE,DEATHS,DR_DRINK
40,400454,2,2,1,5,10,17,10,12,6,1,0,40,2,22,20,22020,4,2001,1G2WK52J21F1,1,G,2,W,K,5,2,J,2,1,F,1,0,P,PONT,GFS,4D,1,17,3384,,0,1105,,G,,F,6,191,,,15R205,,,,,,0,0,000000000,00000000000,0,0,0,1,0,0,0,0,0,0,0,998,0,1,5,9,6,2,12,0,0,0,1,40,73747,6,1,0,0,3,0,74,200,0,0,0,0,0,0,0,0,0,0,0,0,0,0,1,2,45,1,1,5,1,0,0,1,66,1,1,1,89,1,0
40,400455,1,1,3,28,6,15,58,1,0,1,0,40,3,20,481,20481,31,2000,1GBGK24R8YF4,1,G,B,G,K,2,4,R,8,Y,F,4,0,T,CHEV,GK2,CB,0,17,,2,0,1315,GM4,G,,,8,350,,,,C,4785,00,,44,0,0,000000000,00000000000,0,0,0,1,0,0,0,0,0,0,0,998,0,1,5,0,6,2,1,0,0,0,1,40,73463,6,1,0,0,3,0,69,179,0,0,0,0,0,0,0,0,0,0,28,58,0,0,1,2,60,1,1,2,1,0,0,1,13,6,4,4,2,2,0
40,400456,1,1,1,6,9,2,9,57,0,1,0,40,2,73,703,73703,80,2006,JKAEXMF156DA,J,K,A,E,X,M,F,1,5,6,D,A,0,M,KAWK,EXF,RC,6,17,,,,,,,250,,2,,4,307,,,,,,,0,0,000000000,00000000000,0,0,0,1,0,0,0,0,0,0,0,998,0,0,0,11,6,2,57,0,0,0,1,40,73110,6,1,0,0,3,3,70,180,0,0,0,0,0,0,0,0,0,0,0,0,0,0,3,3,65,2,1,1,1,0,0,14,12,1,1,4,6,1,0
40,400457,1,4,3,11,10,18,54,33,0,1,0,22,1,12,481,12481,31,2007,1FTRF14V47KC,1,F,T,R,F,1,4,V,4,7,K,C,0,T,FORD,F15,PK,7,17,,2,1450,1260,COF,F,,,8,329,,,,B,5004,01,E,44,0,0,000000000,00000000000,0,0,0,1,0,0,0,0,0,0,0,998,0,1,5,1,6,2,21,0,0,0,1,22,74137,6,1,0,0,3,0,72,265,0,0,0,0,1,6,2011,6,2011,1,0,0,0,0,1,4,40,1,6,1,1,0,0,1,13,1,1,4,1,1,0
40,400457,2,4,1,11,10,18,54,33,0,1,0,40,3,12,481,12481,31,2011,1FTFW1E66BFD,1,F,T,F,W,1,E,6,6,B,F,D,0,T,FORD,F1S,CW,11,17,,2,1570,1450,COF,F,,,8,378,,,,B,5577,01,7,44,0,0,000000000,00000000000,0,0,0,1,0,0,0,0,0,0,0,998,0,0,0,6,4,1,54,0,0,0,1,40,74136,6,1,0,0,3,0,72,240,0,0,0,0,0,0,0,0,0,0,0,0,0,0,1,4,40,1,1,2,1,0,0,1,98,1,1,1,98,0,0
40,400457,3,4,1,11,10,18,54,33,0,1,0,35,1,30,398,30398,4,2003,WVWRH63B73P1,W,V,W,R,H,6,3,B,7,3,P,1,0,P,VOLK,PGX,4D,3,17,3327,,0,1064,,G,,F,6,169,,,16R205,,,,,,0,0,000000000,00000000000,0,0,0,1,0,0,0,0,0,0,0,998,0,0,0,1,4,1,54,0,0,0,1,35,74105,6,1,0,0,3,3,67,130,98,0,0,0,0,0,0,0,0,0,0,0,0,0,1,4,40,1,1,2,1,0,0,1,98,1,1,1,98,0,0
40,400457,4,4,4,11,10,18,54,33,0,1,0,40,0,13,13,13013,4,2007,3LNHM26T47R6,3,L,N,H,M,2,6,T,4,7,R,6,0,P,LINC,MKZ,4D,7,17,3469,,0,1074,,G,,F,6,214,,,17R225,,,,,,0,0,000000000,00000000000,0,0,0,1,0,0,0,0,0,0,0,998,0,0,0,12,4,1,54,0,0,0,1,40,74136,6,1,0,0,3,3,69,138,0,0,0,0,0,0,0,0,0,0,0,0,0,0,1,4,40,1,1,2,1,0,0,1,98,1,1,1,98,0,0
40,400458,1,2,7,26,9,6,29,12,2,1,0,40,2,12,442,12442,20,2003,2FMZA53453BA,2,F,M,Z,A,5,3,4,5,3,B,A,0,T,FORD,WSL,ES,3,17,,1,0,1207,WIN,G,,,6,232,,,,B,3762,00,E,42,0,0,000000000,00000000000,0,0,0,1,0,0,0,0,0,0,0,998,0,0,0,12,6,2,12,0,0,0,1,20,67901,0,0,0,0,0,0,999,999,0,0,0,0,0,0,0,0,0,0,0,0,0,0,1,2,65,1,5,2,1,28,3,1,62,1,1,1,51,6,0
40,400458,2,2,1,26,9,6,29,12,2,1,0,40,3,20,422,20422,15,2012,1GNSKHE77CR3,1,G,N,S,K,H,E,7,7,C,R,3,0,P,CHEV,K15,UT,12,17,5824,,0,1300,,F,,F,8,323,,,17R265,,,,,,0,0,000000000,00000000000,0,0,0,1,0,0,0,0,0,0,0,998,0,0,0,12,6,2,12,0,0,0,1,40,73801,6,1,6,0,3,0,79,300,0,0,0,1,0,12,2011,12,2011,0,28,0,0,0,1,2,65,1,6,2,1,0,0,1,10,1,1,2,50,1,0
40,400459,1,2,1,2,10,22,55,12,2,1,0,20,3,12,23,12023,4,2012,3FAHP0JG0CR2,3,F,A,H,P,0,J,G,0,C,R,2,0,P,FORD,F/L,4D,12,17,3342,,0,1074,,F,,F,6,183,,,17R225,,,,,,0,0,000000000,00000000000,0,0,0,1,0,0,0,0,0,0,0,998,0,0,0,12,6,2,12,0,0,0,1,40,73950,6,1,0,0,3,0,73,230,0,0,0,0,0,0,0,0,0,0,0,0,0,0,1,2,65,1,5,2,1,28,3,1,62,4,1,1,51,1,0
40,400459,2,2,1,2,10,22,55,12,2,1,0,40,1,12,481,12481,31,2010,1FTFW1EV4AFA,1,F,T,F,W,1,E,V,4,A,F,A,0,T,FORD,F1S,CW,10,17,,2,1570,1450,COF,F,,,8,329,,,,B,5345,00,7,44,0,0,000000000,00000000000,0,0,0,1,0,0,0,0,0,0,0,998,0,0,0,12,6,2,12,0,0,0,1,40,73669,6,1,6,0,3,3,73,205,0,0,0,1,0,12,2010,12,2010,0,28,0,0,0,1,2,65,1,6,2,1,0,0,1,10,1,1,2,50,1,1
40,400460,1,1,2,20,9,2,7,1,0,1,0,40,2,37,705,37705,80,2002,JH2RC44032M6,J,H,2,R,C,4,4,0,3,2,M,6,0,M,HOND,T7D,RS,2,17,,,,,,,745,,2,,4,496,,,,,,,0,0,000000000,00000000000,0,0,0,1,0,0,0,0,0,0,0,998,0,0,0,0,6,2,14,0,0,0,1,40,74055,6,1,0,0,2,0,70,150,0,0,0,1,0,12,2009,12,2009,1,0,0,0,0,1,2,99,3,1,2,1,0,0,14,6,1,1,1,98,2,1
40,400461,1,2,1,14,9,18,30,12,6,1,0,40,1,7,482,7482,31,2007,1D7HA18257J5,1,D,7,H,A,1,8,2,5,7,J,5,0,T,DODG,SQ1,CW,7,17,,2,1605,1405,RPC,G,,,8,348,,,,B,4954,02,E,42,0,0,000000000,00000000000,0,0,0,1,0,0,0,0,0,0,0,998,0,0,0,1,6,2,12,0,0,0,1,40,73014,6,1,0,0,3,0,72,170,0,0,0,0,2,11,2010,11,2010,0,28,0,0,0,1,2,65,2,5,2,2,0,0,14,10,1,1,2,66,0,0
40,400461,2,2,2,14,9,18,30,12,6,1,0,40,2,9,442,9442,20,1999,2P4GP44G2XR4,2,P,4,G,P,4,4,G,2,X,R,4,0,T,PLYM,GSX,ES,99,17,,1,0,1193,VOF,F,,,6,201,,,,,3856,00,E,42,0,0,000000000,00000000000,0,0,0,1,0,0,0,0,0,0,0,998,0,0,0,1,6,2,12,0,0,0,1,40,74058,6,1,0,0,3,3,79,300,0,1,0,0,1,7,2010,9,2010,0,28,0,0,0,1,2,65,3,6,2,2,28,3,14,10,1,1,2,66,1,0
40,400462,1,2,1,5,10,17,30,12,2,1,0,40,1,20,404,20404,14,2013,2GNALDEK9D11,2,G,N,A,L,D,E,K,9,D,1,1,0,P,CHEV,EQU,UT,13,17,3758,,0,1125,,F,,F,4,146,,,17R225,,,,,,0,0,000000000,00000000000,0,0,0,1,0,0,0,0,0,0,0,998,0,1,5,12,6,2,12,0,0,0,1,40,73737,6,1,0,0,3,0,70,130,0,0,0,0,0,0,0,0,0,0,33,0,0,0,1,2,65,1,6,2,1,28,3,6,10,8,1,4,52,0,0
40,400462,2,2,2,5,10,17,30,12,2,1,0,40,1,6,51,6051,4,2007,2C3LA43R57H6,2,C,3,L,A,4,3,R,5,7,H,6,0,P,CHRY,C30,4D,7,17,3632,,0,1200,,G,,F,6,165,,,17R215,,,,,,0,0,000000000,00000000000,0,0,0,1,0,0,0,0,0,0,0,998,0,1,5,12,6,2,12,0,0,0,1,40,73772,6,1,0,0,3,0,71,185,0,0,0,0,0,0,0,0,0,0,0,0,0,0,1,2,65,1,5,2,1,28,3,1,62,7,1,4,52,1,0
40,400463,1,1,4,12,10,4,44,8,0,1,0,40,1,6,18,6018,4,2011,1C3BC2FG8BN5,1,C,3,B,C,2,F,G,8,B,N,5,0,P,CHRY,2LM,4D,11,17,3389,,0,1089,,F,,F,6,220,,,18R225,,,,,,0,0,000000000,00000000000,0,0,0,1,0,0,0,0,0,0,0,998,0,0,0,12,6,2,8,0,0,0,1,40,73601,6,1,0,0,3,3,67,150,0,0,0,0,0,0,0,0,0,0,0,0,0,0,2,2,70,1,6,1,1,0,0,1,80,1,1,1,13,0,0
40,400464,1,1,1,8,10,7,20,42,0,1,0,40,2,49,401,49401,14,1999,JT3GN86R2X00,J,T,3,G,N,8,6,R,2,X,0,0,0,P,TOYT,RUN,UT,99,17,3600,,0,1053,,G,,F,6,206,,,15R225,,,,,,0,0,000000000,00000000000,0,0,0,1,0,0,0,0,0,0,0,998,0,1,5,1,6,2,1,0,0,0,1,40,74701,6,1,0,0,3,3,63,150,0,0,0,0,0,0,0,0,0,0,0,0,0,0,1,2,45,3,1,2,1,28,3,14,13,1,1,4,1,1,1
40,400465,1,1,1,15,10,2,0,35,0,1,0,92,0,98,734,98734,90,2007,000000000000,0,0,0,0,0,0,0,0,0,0,0,0,0,,,,,,,,,,,,,,,,,,,,,,,,,0,0,000000000,00000000000,0,0,0,1,0,0,0,0,0,0,0,998,0,0,0,12,4,1,35,0,0,0,1,40,74578,6,1,0,0,1,0,72,200,0,0,0,0,0,0,0,0,0,0,28,0,0,0,1,2,45,1,1,2,1,0,0,1,12,1,1,4,6,1,1
40,400466,1,1,1,15,10,18,38,1,0,1,0,40,1,2,404,2404,14,1998,1J4FT68S3WL1,1,J,4,F,T,6,8,S,3,W,L,1,0,T,JEEP,SCL,4W,98,17,,1,0,1014,CHK,G,,,6,242,,,,,3094,00,E,42,0,0,000000000,00000000000,0,0,0,1,0,0,0,0,0,0,0,998,0,1,5,0,6,2,1,0,0,0,1,40,74962,6,1,0,0,3,3,60,130,0,0,0,0,0,0,0,0,0,0,28,0,0,0,1,2,55,1,1,2,1,28,3,1,12,1,1,4,6,1,0
40,400467,1,1,1,29,9,14,20,33,0,1,0,40,2,12,481,12481,31,2001,2FTZF07361CA,2,F,T,Z,F,0,7,3,6,1,C,A,0,T,FORD,1SV,PK,1,17,,1,0,1200,COF,G,,,8,330,,,,B,4596,00,U,42,0,0,000000000,00000000000,0,0,0,1,0,0,0,0,0,0,0,998,0,1,5,12,6,2,34,0,0,0,1,40,73119,0,0,0,0,0,0,999,999,0,0,0,0,0,0,0,0,0,1,87,0,0,0,1,4,45,1,1,2,2,0,0,1,6,1,3,4,2,1,0
40,400468,1,2,1,30,9,5,6,12,6,1,0,40,1,7,442,7442,20,2010,2D4RN5D19AR1,2,D,4,R,N,5,D,1,9,A,R,1,0,P,DODG,CAR,SV,10,17,4483,,0,1212,,G,,F,6,232,,,16R225,,,,,,0,0,000000000,00000000000,0,0,0,1,0,0,0,0,0,0,0,998,0,0,0,12,6,2,12,0,0,0,1,40,73099,6,1,0,0,3,0,64,158,0,0,0,0,0,0,0,0,0,0,99,99,99,99,2,3,50,1,1,2,2,3,3,1,17,1,1,1,86,0,0
40,400468,2,2,2,30,9,5,6,12,6,1,0,40,1,12,17,12017,4,2007,1FAFP53U67A1,1,F,A,F,P,5,3,U,6,7,A,1,0,P,FORD,TSE,4D,7,17,3307,,0,1085,,G,,F,6,183,,,16R215,,,,,,0,0,000000000,00000000000,0,0,0,1,0,0,0,0,0,0,0,998,0,0,0,3,6,2,12,0,0,0,1,40,73099,6,1,0,0,3,0,67,160,0,0,0,0,0,0,0,0,0,0,99,99,99,99,1,4,40,1,1,2,2,3,3,1,66,1,1,1,87,1,0
40,400469,1,3,1,4,10,16,14,12,2,1,0,40,1,20,421,20421,15,1997,1GNEC13R4VJ4,1,G,N,E,C,1,3,R,4,V,J,4,0,P,CHEV,CTA,UT,97,17,4816,,0,1175,,G,,F,8,350,,,15R235,,,,,,0,0,000000000,00000000000,0,0,0,1,0,0,0,0,0,0,0,998,0,1,1,12,6,2,12,0,0,0,1,40,74429,0,0,0,0,0,0,73,210,0,1,0,0,3,8,2011,9,2011,0,27,0,0,0,1,2,65,2,1,1,1,28,3,6,10,1,1,1,50,1,0
40,400469,2,3,2,4,10,16,14,12,2,1,0,40,1,20,37,20037,4,2003,1G1NE52J23M6,1,G,1,N,E,5,2,J,2,3,M,6,0,P,CHEV,M/L,4D,3,17,3106,,0,1070,,G,,F,6,191,,,15R215,,,,,,0,0,000000000,00000000000,0,0,0,1,0,0,0,0,0,0,0,998,0,0,0,12,6,2,12,0,0,0,1,40,74133,6,1,0,0,3,0,76,210,0,0,0,2,0,8,2010,1,2011,0,0,0,0,0,1,2,65,3,1,1,1,28,3,14,62,1,1,1,51,2,0
40,400469,3,3,1,4,10,16,14,12,2,1,0,22,3,84,881,84881,66,2012,3HSDJSJR7CN0,3,H,S,D,J,S,J,R,7,C,N,0,1,T,INTL,PRO,TR,12,17,,8,0,0,PRO,D,,,6,793,,,,,00000,00,,64,1,57,375956,57375956,3,6,3,1,0,0,0,0,0,0,0,998,0,0,0,7,2,1,12,0,0,0,1,40,74134,6,1,6,0,3,0,67,155,0,0,0,0,0,0,0,0,0,0,0,0,0,0,1,2,65,2,1,1,1,28,3,14,60,1,1,1,98,0,0
40,400470,1,1,1,6,10,0,50,59,0,1,0,40,1,12,481,12481,31,2007,1FTPW14V77KB,1,F,T,P,W,1,4,V,7,7,K,B,0,T,FORD,F1S,CW,7,17,,2,0,1390,COF,F,,,8,329,,,,B,5476,01,E,44,0,0,000000000,00000000000,0,0,0,1,0,0,0,0,0,0,0,998,0,0,0,12,6,2,35,0,0,1,1,40,73533,2,1,0,0,2,0,68,200,0,0,2,0,0,10,2009,10,2009,1,0,0,0,0,1,2,55,2,1,2,1,40,3,14,14,1,1,4,14,1,1
40,400471,1,1,1,14,10,6,26,35,0,1,0,40,1,7,482,7482,31,2002,1D7HU18ZX2J1,1,D,7,H,U,1,8,Z,X,2,J,1,0,T,DODG,Q15,CW,2,17,,2,1605,1405,RPC,G,,,8,360,,,,B,5000,02,E,44,0,0,000000000,00000000000,0,0,0,1,0,0,0,0,0,0,0,998,0,1,5,12,6,2,1,0,0,0,1,40,73650,6,1,0,0,3,0,66,195,0,1,0,0,1,2,2012,4,2012,0,0,0,0,0,1,2,65,3,1,2,1,28,3,14,13,1,3,4,2,1,1
40,400472,1,2,1,16,10,0,14,12,6,1,0,40,1,49,32,49032,4,1994,1NXAE04B4RZ1,1,N,X,A,E,0,4,B,4,R,Z,1,0,P,TOYT,COA,4D,94,17,2359,,0,970,,G,,F,4,097,,,14R175,,,,,,0,0,000000000,00000000000,0,0,0,1,0,0,0,0,0,0,0,0,0,0,0,3,6,2,12,0,0,0,1,40,74804,6,1,0,0,3,0,71,170,0,0,0,0,0,0,0,0,0,0,54,0,0,0,2,2,70,1,1,2,1,0,0,5,53,1,1,1,48,1,1
40,400472,2,2,1,16,10,0,14,12,6,1,0,40,3,7,442,7442,20,1998,1B4GP54L0WB6,1,B,4,G,P,5,4,L,0,W,B,6,0,T,DODG,GEL,ES,98,17,,1,0,1193,CAR,G,,,6,230,,,,,3935,00,E,42,0,0,000000000,00000000000,0,0,0,1,0,0,0,0,0,0,0,998,0,0,0,12,6,2,12,0,0,0,1,40,74873,6,1,6,0,3,0,75,270,0,0,0,0,0,0,0,0,0,0,0,0,0,0,2,2,70,1,1,2,1,0,0,1,50,1,1,1,48,0,0
40,400473,1,1,2,20,10,23,6,42,0,1,0,40,2,22,20,22020,4,1993,1G2WH54T3PF2,1,G,2,W,H,5,4,T,3,P,F,2,0,P,PONT,GFL,4D,93,17,3219,,0,1075,,G,,F,6,191,,,15R205,,,,,,0,0,000000000,00000000000,0,0,0,1,0,0,0,0,0,0,0,998,0,1,5,12,6,2,42,0,0,0,1,40,74868,6,1,0,0,3,0,66,189,0,0,0,0,1,11,2011,11,2011,1,28,0,0,0,1,2,45,1,1,4,1,0,0,1,6,1,4,4,7,1,1
40,400474,1,1,3,6,10,22,45,59,0,1,0,40,2,20,471,20471,30,1998,1GCCS14X7W82,1,G,C,C,S,1,4,X,7,W,8,2,0,T,CHEV,S14,PK,98,17,,1,1179,1083,S,G,,,6,262,,,,B,3003,00,,42,0,0,000000000,00000000000,0,0,0,1,0,0,0,0,0,0,0,998,0,1,4,9,6,2,59,0,0,0,1,40,74134,1,1,0,0,2,0,64,120,0,2,0,0,1,12,2010,7,2012,0,0,0,0,0,3,4,65,1,1,2,1,0,0,1,13,1,3,4,2,1,1
40,400475,1,2,11,1,7,16,2,12,6,1,0,48,1,12,461,12461,21,1997,1FBJS31L3VHA,1,F,B,J,S,3,1,L,3,V,H,A,0,P,FORD,CWS,SV,97,17,5915,,0,1380,,G,,F,8,330,,,16R245,,,,,,0,0,000000000,00000000000,0,0,0,1,0,0,0,0,0,0,0,998,0,0,0,12,6,2,12,0,0,0,1,48,77378,6,1,0,0,3,3,999,999,0,0,0,0,0,0,0,0,0,0,0,0,0,0,2,2,40,1,1,2,1,3,3,1,62,1,1,1,69,0,0
40,400475,2,2,2,1,7,16,2,12,6,1,0,40,1,20,25,20025,4,2011,1G1PF5S92B72,1,G,1,P,F,5,S,9,2,B,7,2,0,P,CHEV,CZT,4D,11,17,3102,,0,1057,,G,,T,4,085,,,16R215,,,,,,0,0,000000000,00000000000,0,0,0,1,0,0,0,0,0,0,0,998,0,0,0,1,6,2,12,0,0,0,1,40,74017,6,1,0,0,3,3,64,160,0,0,0,0,0,0,0,0,0,0,48,0,0,0,2,2,40,1,1,2,1,3,2,11,15,1,1,1,68,1,0
40,400476,1,1,2,9,8,17,9,18,0,1,0,40,1,20,404,20404,14,2008,2CNDL13F5863,2,C,N,D,L,1,3,F,5,8,6,3,0,P,CHEV,EQU,UT,8,17,3699,,0,1125,,G,,F,6,207,,,16R235,,,,,,0,0,000000000,00000000000,0,0,0,1,0,0,0,0,0,0,0,70,0,1,5,1,6,2,1,0,0,0,1,40,74301,6,1,0,0,3,0,63,125,0,0,0,0,0,0,0,0,0,1,0,0,0,0,1,2,45,2,6,2,1,40,3,14,13,6,4,4,7,1,0
40,400477,1,2,1,20,8,14,54,12,6,1,0,40,1,12,481,12481,31,2003,1FTRW07603KA,1,F,T,R,W,0,7,6,0,3,K,A,0,T,FORD,F1S,CW,3,17,,2,0,1385,COF,G,,,8,281,,,,B,4655,00,U,42,0,0,000000000,00000000000,0,0,0,1,0,0,0,0,0,0,0,998,0,0,0,12,6,2,12,0,0,0,1,40,73130,1,1,0,0,2,0,67,180,0,2,0,1,3,10,2010,2,2012,0,0,0,0,0,1,2,45,1,1,2,1,0,0,1,62,1,1,1,69,0,0
40,400477,2,2,2,20,8,14,54,12,6,1,0,40,1,2,405,2405,14,2004,1J4GL48K24W2,1,J,4,G,L,4,8,K,2,4,W,2,0,T,JEEP,SPR,4W,4,17,,1,0,1043,LIB,G,,,6,226,,,,,3656,01,E,44,0,0,000000000,00000000000,0,0,0,1,0,0,0,0,0,0,0,998,1,0,0,2,6,2,12,0,0,0,1,40,74437,6,1,0,0,3,3,64,125,0,0,0,0,0,0,0,0,0,0,48,0,0,0,1,2,45,1,1,2,1,0,0,11,15,1,1,1,68,1,0
40,400478,1,1,2,27,10,20,18,8,0,1,0,40,1,37,31,37031,4,2007,1HGFA16557L0,1,H,G,F,A,1,6,5,5,7,L,0,0,P,HOND,UCL,4D,7,17,2751,,0,1063,,G,,F,4,110,,,16R205,,,,,,0,0,000000000,00000000000,0,0,0,1,0,0,0,0,0,0,0,998,0,0,0,11,4,3,8,0,0,0,1,40,74114,6,1,0,0,3,3,63,132,0,0,0,0,0,0,0,0,0,0,0,0,0,0,2,4,40,1,1,2,1,0,0,1,80,1,1,1,13,0,0
40,400479,1,2,1,6,10,10,26,12,6,1,0,40,1,7,482,7482,31,2001,3B7KF23721G2,3,B,7,K,F,2,3,7,2,1,G,2,0,T,DODG,Q25,4C,1,17,,2,1547,1387,RPC,D,,,6,359,,,,C,5586,01,U,44,0,0,000000000,00000000000,0,0,0,1,0,0,0,0,0,0,0,998,0,1,5,1,6,2,12,0,0,0,1,40,74337,6,1,0,0,3,3,68,120,0,0,0,0,0,0,0,0,0,0,38,0,0,0,1,2,45,1,1,1,1,21,3,1,17,1,1,1,88,0,0
40,400479,2,2,1,6,10,10,26,12,6,1,0,40,1,55,35,55035,5,2002,KMHDN55D32U0,K,M,H,D,N,5,5,D,3,2,U,0,0,P,HYUN,EST,4H,2,17,2635,,0,1027,,G,,F,4,121,,,15R195,,,,,,0,0,000000000,00000000000,0,0,0,1,0,0,0,0,0,0,0,998,0,0,0,11,6,2,12,0,0,0,1,40,74467,6,1,6,0,3,0,70,278,0,0,0,0,0,0,0,0,0,0,0,0,0,0,2,4,65,1,1,1,1,0,0,1,66,1,1,1,89,1,0
40,400480,1,1,1,27,10,18,23,1,0,1,0,5,1,42,36,42036,4,1988,WDBCA35D3JA4,W,D,B,C,A,3,5,D,3,J,A,4,0,P,MERZ,42S,4D,88,17,3740,,0,1211,,G,,F,8,256,,,15R205,,,,,,0,0,000000000,00000000000,0,0,0,1,0,0,0,0,0,0,0,998,0,1,5,0,6,2,1,0,0,0,1,5,72601,6,1,0,0,3,0,73,215,0,0,0,0,0,0,0,0,0,1,28,0,0,0,1,2,55,2,1,2,1,28,3,14,13,1,4,4,2,1,0
40,400481,1,2,1,4,10,7,28,12,2,1,0,40,1,12,880,12880,67,2001,1FDWX37F81EC,1,F,D,W,X,3,7,F,8,1,E,C,0,T,FORD,F3D,4B,1,17,,3,0,1620,DRW,D,,,8,444,,,,D,5993,05,E,44,0,88,888888888,88888888888,2,1,97,1,0,0,0,0,0,0,0,998,0,0,0,12,6,2,12,0,0,0,1,40,74074,6,1,0,0,3,0,71,165,0,0,0,0,0,0,0,0,0,0,0,0,0,0,1,2,45,1,5,2,1,0,0,1,54,6,1,2,52,0,0
40,400481,2,2,1,4,10,7,28,12,2,1,0,40,2,12,481,12481,31,1997,1FTDF18W1VKB,1,F,T,D,F,1,8,W,1,V,K,B,0,T,FORD,F15,PK,97,17,,1,1390,1200,COF,G,,,8,281,,,,B,4235,02,E,44,0,0,000000000,00000000000,0,0,0,1,0,0,0,0,0,0,0,998,0,0,0,12,6,2,12,0,0,0,1,40,73033,6,7,0,0,3,3,69,159,0,0,0,0,0,0,0,0,0,0,28,0,0,0,1,2,45,1,5,2,1,0,0,1,54,6,1,2,52,1,0
40,400482,1,1,1,14,10,12,13,1,0,1,0,40,1,19,18,19018,4,2005,1G6DM56T2502,1,G,6,D,M,5,6,T,2,5,0,2,0,P,CADI,C/T,4D,5,17,3509,,0,1134,,G,,F,6,171,,,16R225,,,,,,0,0,000000000,00000000000,0,0,0,1,0,0,0,0,0,0,0,998,0,1,5,0,6,2,1,0,0,0,1,40,73132,6,1,0,0,3,0,67,125,0,0,0,0,0,0,0,0,0,1,28,58,0,0,1,2,65,1,6,2,1,0,0,1,13,6,4,4,7,1,1
40,400483,1,1,3,15,9,7,28,1,0,1,0,40,2,12,481,12481,31,2005,1FDSF35P35EA,1,F,D,S,F,3,5,P,3,5,E,A,0,T,FORD,F3S,CB,5,17,,2,0,1410,SRW,D,,,8,366,,,,D,5746,00,E,44,0,0,000000000,00000000000,0,0,0,1,0,0,0,0,0,0,0,998,0,1,5,0,6,2,1,0,0,0,1,40,73564,6,1,6,0,3,0,67,175,0,0,0,0,1,3,2011,3,2011,1,28,58,0,0,1,2,45,1,6,5,11,0,0,1,6,7,3,4,2,2,1
40,400484,1,1,1,30,9,15,15,34,0,1,0,40,1,12,481,12481,31,2008,1FTSW21R38EE,1,F,T,S,W,2,1,R,3,8,E,E,0,T,FORD,F2S,CW,8,17,,2,1720,1560,SRW,D,,,8,390,,,,C,6523,01,E,44,0,0,000000000,00000000000,0,0,0,1,0,0,0,0,0,0,0,998,0,1,5,1,6,2,42,0,0,0,1,40,74028,6,1,0,0,3,0,74,180,0,0,0,0,0,0,0,0,0,0,28,58,0,0,1,2,45,3,1,2,1,0,0,14,13,6,4,4,7,1,1
40,400485,1,1,3,3,8,15,24,1,0,1,0,40,3,20,421,20421,15,1996,1GNDT13W4T22,1,G,N,D,T,1,3,W,4,T,2,2,0,P,CHEV,BZR,UT,96,17,4023,,0,1070,,G,,F,6,262,,,15R235,,,,,,0,0,000000000,00000000000,0,0,0,1,0,0,0,0,0,0,0,998,0,1,1,0,6,2,1,0,0,0,1,40,74110,6,1,0,0,3,3,58,159,0,0,0,0,0,0,0,0,0,0,26,0,0,0,3,3,60,1,1,1,1,0,0,1,51,6,4,2,98,1,0
40,400486,1,2,1,29,9,11,15,12,2,1,0,40,1,20,2,20002,4,2007,2G1WT58K9792,2,G,1,W,T,5,8,K,9,7,9,2,0,P,CHEV,IMT,4D,7,17,3674,,0,1105,,F,,F,6,214,,,16R225,,,,,,0,0,000000000,00000000000,0,0,0,1,0,0,0,0,0,0,0,998,0,0,0,12,6,2,12,0,0,1,1,40,73858,6,1,0,0,3,0,72,190,0,0,0,0,0,0,0,0,0,0,28,0,0,0,1,2,65,1,1,2,1,28,3,1,10,1,1,1,50,1,0