STATE,ST_CASE,VEH_NO,VE_FORMS,NUMOCCS,DAY,MONTH,HOUR,MINUTE,HARM_EV,MAN_COLL,UNITTYPE,HIT_RUN,REG_STAT,OWNER,MAKE,MODEL,MAK_MOD,BODY_TYP,MOD_YEAR,VIN,VIN_1,VIN_2,VIN_3,VIN_4,VIN_5,VIN_6,VIN_7,VIN_8,VIN_9,VIN_10,VIN_11,VIN_12,TOW_VEH,VINTYPE,VINMAKE,VINA_MOD,VIN_BT,VINMODYR,VIN_LNGT,VIN_WGT,WGTCD_TR,WHLBS_LG,WHLBS_SH,SER_TR,FUELCODE,MCYCL_DS,CARBUR,CYLINDER,DISPLACE,MCYCL_CY,MCYCL_WT,TIRE_SZE,TON_RAT,TRK_WT,TRKWTVAR,VIN_REST,WHLDRWHL,J_KNIFE,MCARR_I1,MCARR_I2,MCARR_ID,GVWR,V_CONFIG,CARGO_BT,HAZ_INV,HAZ_PLAC,HAZ_ID,HAZ_CNO,HAZ_REL,BUS_USE,SPEC_USE,EMER_USE,TRAV_SP,UNDERIDE,ROLLOVER,ROLINLOC,IMPACT1,DEFORMED,TOWED,M_HARM,VEH_SC1,VEH_SC2,FIRE_EXP,DR_PRES,L_STATE,DR_ZIP,L_STATUS,L_TYPE,CDL_STAT,L_ENDORS,L_COMPL,L_RESTRI,DR_HGT,DR_WGT,PREV_ACC,PREV_SUS,PREV_DWI,PREV_SPD,PREV_OTH,FIRST_MO,FIRST_YR,LAST_MO,LAST_YR,SPEEDREL,DR_SF1,DR_SF2,DR_SF3,DR_SF4,VTRAFWAY,VNUM_LAN,VSPD_LIM,VALIGN,VPROFILE,VPAVETYP,VSURCOND,VTRAFCON,VTCONT_F,P_CRASH1,P_CRASH2,P_CRASH3,PCRASH4,PCRASH5,ACC_TYPE,DEATHS,DR_DRINK
40,400486,2,2,1,29,9,11,15,12,2,1,0,40,3,85,881,85881,66,2007,1NKDL40X17J2,1,N,K,D,L,4,0,X,1,7,J,2,1,T,KW,T80,CC,7,17,,8,2600,1600,CON,D,,,6,915,,,,,00000,00,,64,1,57,675240,57675240,3,6,3,1,0,0,0,0,0,0,0,998,0,0,0,12,6,2,12,0,0,0,1,40,73801,6,1,6,0,3,0,73,222,0,0,0,0,2,3,2010,10,2010,0,0,0,0,0,1,2,65,1,1,2,1,0,0,1,62,1,1,1,51,0,0
40,400487,1,1,1,1,11,15,34,1,0,1,0,40,1,76,706,76706,80,2003,JYAVP11E23A0,J,Y,A,V,P,1,1,E,2,3,A,0,0,M,YAMA,XVA,RS,3,17,,,,,,,1063,,2,,4,600,,,,,,,0,0,000000000,00000000000,0,0,0,1,0,0,0,0,0,0,0,998,0,0,0,0,4,3,1,0,0,0,1,40,73443,6,1,0,0,2,3,69,150,0,0,0,1,0,3,2011,3,2011,0,0,0,0,0,1,2,45,1,1,2,1,0,0,1,13,1,1,4,1,1,0
40,400488,1,2,1,25,10,17,2,1,0,1,0,40,2,73,706,73706,80,1995,JKAZXBE13SA0,J,K,A,Z,X,B,E,1,3,S,A,0,0,M,KAWK,Z1E,RC,95,17,,,,,,,1100,,4,,4,534,,,,,,,0,0,000000000,00000000000,0,0,0,1,0,0,0,0,0,0,0,998,0,0,0,0,6,2,12,0,0,0,1,40,74107,0,0,0,0,0,0,70,220,0,1,0,0,3,10,2010,12,2010,1,0,0,0,0,1,4,40,1,1,2,1,0,0,1,72,3,1,1,98,1,0
40,400488,2,2,2,25,10,17,2,1,0,1,0,40,2,12,23,12023,4,2009,3FAHP08149R1,3,F,A,H,P,0,8,1,4,9,R,1,0,P,FORD,F/L,4D,9,17,3325,,0,1074,,G,,F,6,183,,,17R225,,,,,,0,0,000000000,00000000000,0,0,0,1,0,0,0,0,0,0,0,998,0,0,0,9,4,3,12,0,0,0,1,40,74063,6,1,0,0,3,0,67,175,0,0,0,0,0,0,0,0,0,0,0,0,0,0,1,4,40,1,1,2,1,0,0,11,98,1,1,1,98,0,0
40,400489,1,1,1,28,10,1,45,43,0,1,0,40,1,20,481,20481,31,1997,1GCEC19R8VE2,1,G,C,E,C,1,9,R,8,V,E,2,0,T,CHEV,GC1,PC,97,17,,2,1555,1415,GM4,G,,,8,350,,,,B,4160,00,,42,0,0,000000000,00000000000,0,0,0,1,0,0,0,0,0,0,0,998,0,1,5,11,6,2,1,0,0,0,1,40,74006,6,1,0,0,3,0,73,230,0,0,0,0,0,0,0,0,0,1,28,0,0,0,1,2,45,2,6,2,1,28,3,14,12,1,3,4,7,1,1
40,400490,1,1,2,1,8,11,36,35,0,1,0,13,2,7,482,7482,31,2005,1D7HU18D85S3,1,D,7,H,U,1,8,D,8,5,S,3,0,T,DODG,SQ1,CW,5,17,,2,1605,1405,RPC,G,,,8,348,,,,B,4979,03,E,44,0,0,000000000,00000000000,0,0,0,1,0,0,0,0,0,0,0,998,0,1,5,12,6,2,1,0,0,1,1,40,74469,6,1,0,0,3,3,65,140,0,0,0,0,0,0,0,0,0,0,28,0,0,0,1,2,55,1,1,1,1,0,0,1,12,1,1,4,6,1,0
40,400491,1,1,1,1,10,3,35,25,0,1,0,40,1,20,481,20481,31,2003,2GCEC19T8312,2,G,C,E,C,1,9,T,8,3,1,2,0,T,CHEV,SC1,4C,3,17,,2,1575,1435,SIL,G,,,8,325,,,,B,4534,03,,42,0,0,000000000,00000000000,0,0,0,1,0,0,0,0,0,0,0,998,0,0,0,11,6,2,25,0,0,0,1,40,74021,6,1,6,0,3,0,73,225,0,0,0,0,0,0,0,0,0,1,0,0,0,0,6,1,55,2,1,1,1,40,3,14,12,1,3,4,7,1,1
40,400492,1,1,1,5,10,1,50,33,0,1,0,40,1,49,472,49472,30,2001,5TEGN92N21Z8,5,T,E,G,N,9,2,N,2,1,Z,8,0,T,TOYT,DCP,CW,1,17,,1,0,1219,TAC,G,,,6,206,,,,B,3475,00,E,42,0,0,000000000,00000000000,0,0,0,1,0,0,0,0,0,0,0,998,0,1,3,2,6,2,1,0,0,0,1,40,73401,6,1,0,0,3,0,66,160,0,1,0,0,1,6,2010,7,2010,0,0,0,0,0,2,2,60,1,1,2,1,0,0,1,13,1,1,4,1,1,1
40,400493,1,2,1,10,10,10,54,1,0,1,0,40,3,98,809,98809,63,2006,2FZHAZDE46AV,2,F,Z,H,A,Z,D,E,4,6,A,V,0,T,STRG,L90,CC,6,17,,8,0,0,STE,D,,,6,763,,,,,00000,00,,64,0,57,1165000,571165000,3,2,5,1,0,0,0,0,0,0,0,998,0,1,1,0,6,2,12,0,0,0,1,40,73505,6,1,6,0,3,0,68,165,0,0,0,0,0,0,0,0,0,1,28,0,0,0,2,4,40,1,6,1,1,3,3,10,10,1,1,2,98,0,0
40,400493,2,2,1,10,10,10,54,1,0,1,0,40,1,37,32,37032,4,2011,1HGCP3F85BA0,1,H,G,C,P,3,F,8,5,B,A,0,0,P,HOND,AXL,4D,11,17,3593,,0,1102,,G,,F,6,214,,,17R225,,,,,,0,0,000000000,00000000000,0,0,0,1,0,0,0,0,0,0,0,0,0,0,0,8,6,2,12,0,0,0,1,40,73538,6,1,0,0,3,3,63,130,1,0,0,0,1,11,2011,3,2012,0,0,0,0,0,2,4,40,1,5,1,1,3,3,5,62,1,1,1,98,1,0
40,400494,1,2,1,29,10,6,52,12,6,1,0,40,1,7,880,7880,67,2005,3D7MS48C55G8,3,D,7,M,S,4,8,C,5,5,G,8,0,T,DODG,SQ3,CW,5,17,,3,0,1600,RPC,D,,,6,359,,,,D,6586,00,E,44,0,88,888888888,88888888888,2,1,97,1,0,0,0,0,0,0,0,998,0,0,0,1,6,2,12,0,0,0,1,40,73772,6,1,0,0,3,0,69,200,0,0,0,1,1,4,2010,1,2012,0,48,0,0,0,1,4,65,1,1,2,1,0,0,11,15,1,1,1,68,0,0
40,400494,2,2,2,29,10,6,52,12,6,1,0,40,1,7,442,7442,20,2004,1D4GP25R14B5,1,D,4,G,P,2,5,R,1,4,B,5,0,P,DODG,CAR,SV,4,17,3672,,0,1133,,G,,F,6,201,,,15R215,,,,,,0,0,000000000,00000000000,0,0,0,1,0,0,0,0,0,0,0,998,0,0,0,12,6,2,12,0,0,0,1,40,73802,6,1,0,0,3,0,69,157,0,0,0,0,0,0,0,0,0,0,0,0,0,0,1,4,65,1,1,2,1,0,0,1,13,7,1,6,69,1,0
40,400495,1,1,3,31,10,6,59,8,0,1,0,40,1,42,48,42048,6,1998,WDBJH65F9WA6,W,D,B,J,H,6,5,F,9,W,A,6,0,P,MERZ,E32,SW,98,17,3560,,0,1115,,G,,F,6,195,,,16R215,,,,,,0,0,000000000,00000000000,0,0,0,1,0,0,0,0,0,0,0,998,0,0,0,11,4,3,8,0,0,0,1,40,74115,6,1,0,0,3,3,68,190,0,0,0,0,0,0,0,0,0,0,0,0,0,0,1,4,40,1,5,2,1,0,0,1,80,1,1,1,13,0,0
40,400496,1,1,1,30,9,2,55,32,0,1,0,40,1,22,22,22022,4,2005,1G2ZH5483541,1,G,2,Z,H,5,4,8,3,5,4,1,0,P,PONT,GGT,4D,5,17,3425,,0,1123,,G,,F,6,214,,,17R225,,,,,,0,0,000000000,00000000000,0,0,0,1,0,0,0,0,0,0,0,998,0,0,0,12,6,2,32,0,0,0,1,40,73055,6,1,0,0,3,0,63,115,0,0,0,1,1,12,2009,10,2011,1,28,0,0,0,1,2,65,1,5,2,2,0,0,1,12,1,1,4,6,1,1
40,400497,1,2,1,15,10,15,37,12,1,1,0,40,1,12,471,12471,30,1991,1FTCR14U4MTA,1,F,T,C,R,1,4,U,4,M,T,A,0,T,FORD,RNS,PC,91,17,,1,0,1250,RNG,G,,,6,182,,,,B,2985,01,A,42,0,0,000000000,00000000000,0,0,0,1,0,0,0,0,0,0,0,998,0,0,0,12,6,2,12,0,0,0,1,40,73010,6,1,6,0,3,3,71,200,0,0,0,1,3,7,2010,3,2012,0,0,0,0,0,1,2,65,1,1,2,1,0,0,1,50,9,1,3,20,1,0
40,400497,2,2,1,15,10,15,37,12,1,1,0,40,3,84,981,84981,50,1998,1HVBBABN4WH5,1,H,V,B,B,A,B,N,4,W,H,5,0,T,INTL,380,BU,98,17,,7,2760,1520,30S,D,,,8,444,,,,,00000,00,,42,0,88,888888888,88888888888,3,21,22,1,0,0,0,0,1,0,0,0,0,0,0,6,4,3,12,0,0,0,1,40,73004,6,1,6,1,3,0,70,160,0,0,0,0,1,9,2011,9,2011,0,0,0,0,0,1,2,65,1,1,2,1,0,0,5,53,1,1,1,22,0,0
40,400498,1,1,2,19,10,21,2,32,0,1,0,40,1,20,25,20025,4,2012,1G1PE5SC9C71,1,G,1,P,E,5,S,C,9,C,7,1,0,P,CHEV,CZT,4D,12,17,3102,,0,1057,,G,,T,4,085,,,16R215,,,,,,0,0,000000000,00000000000,0,0,0,1,0,0,0,0,0,0,0,998,0,1,5,12,6,2,1,0,0,0,1,40,74014,6,1,0,0,3,0,67,170,0,0,0,0,0,0,0,0,0,1,0,0,0,0,1,2,50,3,1,2,1,0,0,14,89,7,9,4,1,1,1
40,400499,1,1,1,3,11,3,8,35,0,1,0,20,2,20,481,20481,31,1994,2GCEK19K5R11,2,G,C,E,K,1,9,K,5,R,1,1,0,T,CHEV,GK1,PC,94,17,,2,1555,1415,GM4,G,,,8,350,,,,B,4032,00,,44,0,0,000000000,00000000000,0,0,0,1,0,0,0,0,0,0,0,998,0,1,5,11,6,2,1,0,0,0,1,40,74062,6,1,6,0,3,0,68,228,0,0,0,0,0,0,0,0,0,0,28,58,0,0,1,2,45,1,6,2,1,28,3,1,12,6,1,4,6,1,1
40,400500,1,3,1,9,10,13,51,12,6,1,0,40,1,20,481,20481,31,2000,2GCEC19T6Y11,2,G,C,E,C,1,9,T,6,Y,1,1,0,T,CHEV,SC1,3C,0,17,,2,1575,1435,SIL,G,,,8,325,,,,B,4134,03,,42,0,0,000000000,00000000000,0,0,0,1,0,0,0,0,0,0,0,998,0,0,0,11,6,2,12,0,0,0,1,40,74331,6,1,0,0,3,3,61,190,0,0,0,0,0,0,0,0,0,0,28,0,0,0,1,2,55,2,6,2,1,28,3,14,10,1,1,2,64,0,0
40,400500,2,3,1,9,10,13,51,12,6,1,0,40,1,20,4,20004,2,1997,1G1YY22G9V51,1,G,1,Y,Y,2,2,G,9,V,5,1,0,P,CHEV,CVT,CP,97,17,3201,,0,1045,,G,,F,8,350,,,17R245,,,,,,0,0,000000000,00000000000,0,0,0,1,0,0,0,0,0,0,0,998,0,0,0,8,6,2,12,0,0,0,1,40,74301,6,1,0,0,3,0,71,200,0,0,0,0,0,0,0,0,0,0,0,0,0,0,1,2,55,3,1,2,1,28,3,14,62,1,1,1,65,1,0
40,400500,3,3,1,9,10,13,51,12,6,1,0,26,3,51,881,51881,66,2005,4V4NC9TJ35N3,4,V,4,N,C,9,T,J,3,5,N,3,1,T,VOLV,VNL,TR,5,17,,8,0,0,VVN,D,,,6,915,,,,,00000,00,,64,1,57,1630209,571630209,3,6,1,1,0,0,0,0,0,0,0,998,0,0,0,12,6,2,12,0,0,0,1,12,32953,6,1,6,0,3,0,65,999,0,0,0,0,0,0,0,0,0,0,0,0,0,0,1,2,55,2,6,2,1,28,3,14,62,8,1,1,98,0,0
40,400501,1,2,1,21,10,12,39,12,2,1,0,16,3,82,881,82881,66,2009,1FUJGLCK39LA,1,F,U,J,G,L,C,K,3,9,L,A,1,T,FRHT,125,TR,9,17,,8,0,0,CSC,D,,,6,855,,,,,00000,00,,64,1,57,553451,57553451,3,6,1,1,0,0,0,0,0,0,0,998,0,0,0,12,6,2,12,0,0,0,1,16,83402,6,1,6,0,3,0,68,310,0,0,0,0,0,0,0,0,0,0,0,0,0,0,1,3,65,1,1,2,1,0,0,1,62,1,1,1,51,0,0
40,400501,2,2,1,21,10,12,39,12,2,1,0,40,1,12,17,12017,4,2002,1FAFP53U02G2,1,F,A,F,P,5,3,U,0,2,G,2,0,P,FORD,TSE,4D,2,17,3355,,0,1085,,G,,F,6,182,,,16R215,,,,,,0,0,000000000,00000000000,0,0,0,1,0,0,0,0,0,0,0,998,0,0,0,12,6,2,12,0,0,0,1,40,73801,6,1,0,0,3,3,71,210,0,1,0,0,0,12,2009,12,2009,0,28,0,0,0,1,3,65,1,1,2,1,28,3,1,10,1,1,2,50,1,0
40,400502,1,2,2,24,10,17,26,12,6,1,0,40,1,2,405,2405,14,2003,1J4GK48K33W6,1,J,4,G,K,4,8,K,3,3,W,6,0,T,JEEP,LSF,4W,3,17,,1,0,1043,LIB,G,,,6,226,,,,,3463,02,E,42,0,0,000000000,00000000000,0,0,0,1,0,0,0,0,0,0,0,998,0,0,0,11,6,2,12,0,0,0,1,40,74464,6,1,0,0,3,0,68,190,0,0,0,0,0,0,0,0,0,0,38,0,0,0,2,4,45,1,1,1,1,0,0,11,98,1,1,1,82,0,0
40,400502,2,2,1,24,10,17,26,12,6,1,0,40,1,72,706,72706,80,2002,1HD1FWW102Y7,1,H,D,1,F,W,W,1,0,2,Y,7,0,M,HD,FHT,RS,2,17,,,,,,,1450,,2,,4,758,,,,,,,0,0,000000000,00000000000,0,0,0,1,0,0,0,0,0,0,0,998,0,0,0,12,6,2,12,0,0,0,1,40,74434,6,1,6,0,3,3,68,185,0,0,0,0,0,0,0,0,0,0,0,0,0,0,2,4,45,1,5,1,1,0,0,1,72,1,1,1,83,1,0
40,400503,1,2,1,24,10,21,59,12,6,1,0,35,2,12,401,12401,14,2000,1FMDU75E8YZC,1,F,M,D,U,7,5,E,8,Y,Z,C,0,P,FORD,EPR,UT,0,17,4168,,0,1116,,G,,F,6,245,,,16R255,,,,,,0,0,000000000,00000000000,0,0,0,1,0,0,0,0,0,0,0,998,0,1,1,11,6,2,1,0,0,0,1,35,87109,6,1,0,0,3,0,77,190,98,0,0,0,0,0,0,0,0,0,28,0,0,0,1,4,65,1,1,2,1,0,0,1,10,1,1,2,64,1,0
40,400503,2,2,1,24,10,21,59,12,6,1,0,93,1,82,881,82881,66,2007,1FUJCRCK57PX,1,F,U,J,C,R,C,K,5,7,P,X,1,T,FRHT,COR,TR,7,17,,8,0,0,CON,D,,,6,855,,,,,00000,00,,64,1,57,888086,57888086,3,6,1,1,0,0,0,0,0,0,0,998,0,0,0,10,4,1,12,0,0,0,1,48,76401,6,1,6,0,3,0,999,999,0,0,0,1,0,3,2012,3,2012,0,0,0,0,0,1,4,65,1,1,2,1,0,0,1,62,1,1,1,65,0,0
40,400504,1,1,1,25,10,12,13,9,0,1,0,20,3,23,481,23481,31,2012,1GTR2UEA0CZ3,1,G,T,R,2,U,E,A,0,C,Z,3,0,T,GMC,6NK,4C,12,17,,2,1575,1435,SIE,F,,,8,293,,,,B,5267,02,S,44,0,0,000000000,00000000000,0,0,0,1,0,0,0,0,0,0,0,998,0,0,0,12,2,1,9,0,0,0,1,6,74601,6,1,6,0,3,0,999,999,0,0,0,0,1,8,2011,8,2011,0,35,0,0,0,1,2,45,1,1,2,1,0,0,6,83,1,1,1,13,0,0
40,400505,1,1,2,30,10,12,7,38,0,1,0,40,1,22,18,22018,4,2001,1G2NF52T21M5,1,G,2,N,F,5,2,T,2,1,M,5,0,P,PONT,SE1,4D,1,17,3116,,0,1070,,G,,F,4,146,,,15R215,,,,,,0,0,000000000,00000000000,0,0,0,1,0,0,0,0,0,0,0,998,0,1,5,1,6,2,1,0,0,0,1,40,74027,6,1,0,0,3,0,65,165,0,0,0,0,0,0,0,0,0,0,28,58,0,0,1,2,65,3,1,2,1,28,3,14,13,7,1,4,1,1,0
40,400506,1,1,2,6,11,16,25,42,0,1,0,40,1,20,481,20481,31,2001,1GCGC24UX1Z1,1,G,C,G,C,2,4,U,X,1,Z,1,0,T,CHEV,SC2,PK,1,17,,2,0,1330,SIL,G,,,8,364,,,,C,4746,00,,42,0,0,000000000,00000000000,0,0,0,1,0,0,0,0,0,0,0,998,0,0,0,1,6,2,42,0,0,0,1,40,73567,6,1,0,0,3,0,67,168,0,0,0,0,0,0,0,0,0,0,0,0,0,0,1,2,55,1,1,2,1,0,0,1,13,1,1,4,1,1,0
40,400507,1,3,1,26,5,20,52,12,1,1,0,40,1,35,472,35472,30,2004,1N6DD26T94C4,1,N,6,D,D,2,6,T,9,4,C,4,0,T,NISS,FKX,PC,4,17,,1,0,1161,FRT,G,,,4,146,,,,B,3143,00,E,42,0,0,000000000,00000000000,0,0,0,1,0,0,0,0,0,0,0,0,0,0,0,6,6,2,12,0,0,0,1,40,74960,6,1,0,0,3,0,72,180,0,0,0,0,0,0,0,0,0,0,0,0,0,0,1,4,45,2,5,1,1,28,3,5,15,1,1,1,22,1,0
40,400507,2,3,1,26,5,20,52,12,1,1,0,40,1,23,481,23481,31,2003,1GTEC14V43Z1,1,G,T,E,C,1,4,V,4,3,Z,1,0,T,GMC,NC1,PK,3,17,,2,1330,1190,SIE,G,,,8,293,,,,B,4073,01,4,42,0,0,000000000,00000000000,0,0,0,1,0,0,0,0,0,0,0,998,0,0,0,12,6,2,12,0,0,0,1,40,74960,6,1,0,0,3,0,70,150,0,0,0,0,0,0,0,0,0,0,0,0,0,0,1,4,45,2,5,1,1,28,3,14,50,3,1,1,20,0,0
40,400507,3,3,2,26,5,20,52,12,1,1,0,40,1,12,481,12481,31,1990,1FTHF26HXLLA,1,F,T,H,F,2,6,H,X,L,L,A,0,T,FORD,F25,PK,90,17,,2,0,1330,COF,G,,,8,351,,,,C,4419,01,A,44,0,0,000000000,00000000000,0,0,0,1,0,0,0,0,0,0,0,998,0,0,0,12,6,2,12,0,0,0,1,40,74960,6,1,0,0,3,0,74,189,0,0,0,0,1,2,2011,2,2011,0,0,0,0,0,1,4,45,2,6,1,1,28,3,14,62,9,1,2,98,0,0
40,400508,1,2,2,29,9,10,22,12,6,1,0,48,1,98,850,98850,65,1994,4SLA5EK23R11,4,S,L,A,5,E,K,2,3,R,1,1,1,U,,,,94,17,,,,,,,,,,,,,,,,,,,1,0,000000000,00000000000,0,0,0,1,0,0,0,0,0,0,0,998,0,0,0,1,6,2,2,0,0,1,1,48,76019,6,1,6,0,3,0,999,999,0,0,0,1,1,6,2010,12,2011,0,35,0,0,0,1,2,65,1,1,2,2,0,0,6,61,1,1,2,73,2,0
40,400508,2,2,2,29,9,10,22,12,6,1,0,40,1,20,498,20498,30,1978,CCL448S13595,C,C,L,4,4,8,S,1,3,5,9,5,0,T,CHEV,C10,PK,78,13,,2,1315,1065,C10,G,,,8,350,,,,B,,,,42,0,0,000000000,00000000000,0,0,0,1,0,0,0,0,0,0,0,998,0,0,0,10,6,2,2,0,0,1,1,40,73110,6,1,0,0,3,0,62,140,0,0,0,0,0,0,0,0,0,0,0,0,0,0,1,2,65,1,1,2,2,0,0,11,15,1,1,1,72,2,0
40,400509,1,1,1,23,10,14,12,1,0,1,0,40,1,12,481,12481,31,1999,1FTRX18W2XKA,1,F,T,R,X,1,8,W,2,X,K,A,0,T,FORD,F15,4C,99,17,,2,1574,1388,COF,G,,,8,281,,,,B,00000,00,U,44,0,0,000000000,00000000000,0,0,0,1,0,0,0,0,0,0,0,998,0,1,5,0,6,2,1,0,0,0,1,40,73096,2,1,0,0,2,0,72,180,0,0,0,0,0,0,0,0,0,0,28,0,0,0,1,2,45,1,1,4,1,0,0,1,12,1,4,4,7,1,1
40,400510,1,1,2,10,10,22,40,9,0,1,1,40,1,20,37,20037,4,2011,1G1ZC5E13BF1,1,G,1,Z,C,5,E,1,3,B,F,1,0,P,CHEV,ML1,4D,11,17,3436,,0,1123,,G,,F,4,146,,,17R215,,,,,,0,0,000000000,00000000000,0,0,0,1,0,0,0,0,0,0,0,998,0,0,0,12,4,1,9,0,0,0,1,40,74128,6,1,0,0,3,0,72,220,0,0,0,0,1,5,2010,5,2010,0,0,0,0,0,1,2,40,1,6,2,1,0,0,1,80,1,1,1,13,0,0
40,400511,1,2,2,27,10,9,30,12,6,1,0,40,2,20,481,20481,31,1991,2GCEC19K7M11,2,G,C,E,C,1,9,K,7,M,1,1,0,T,CHEV,GC1,PC,91,17,,2,1555,1415,GM4,G,,,8,350,,,,B,00000,00,,42,0,0,000000000,00000000000,0,0,0,1,0,0,0,0,0,0,0,998,0,0,0,3,6,2,12,0,0,0,1,40,73773,6,1,0,0,3,0,72,195,0,0,0,0,0,0,0,0,0,0,38,0,0,0,1,2,45,1,1,4,1,0,0,1,17,1,1,1,87,1,0
40,400511,2,2,1,27,10,9,30,12,6,1,0,40,3,87,881,87881,66,1989,1XP5DB9X1KN2,1,X,P,5,D,B,9,X,1,K,N,2,1,T,PTRB,379,TR,89,17,,8,0,0,CON,D,,,6,893,,,,,00000,00,,64,1,57,552567,57552567,3,6,2,2,1,9999,3,2,0,0,0,998,0,1,1,12,6,2,12,0,0,0,1,5,73737,6,1,6,0,3,3,70,378,0,0,0,0,0,0,0,0,0,0,0,0,0,0,1,2,45,1,1,4,1,0,0,1,66,1,1,1,86,0,0
40,400512,1,1,1,3,11,1,45,1,0,1,0,40,1,20,481,20481,31,2001,1GCEC19T81Z2,1,G,C,E,C,1,9,T,8,1,Z,2,0,T,CHEV,SC1,4C,1,17,,2,1575,1435,SIL,G,,,8,325,,,,B,4413,00,,42,0,0,000000000,00000000000,0,0,0,1,0,0,0,0,0,0,0,998,0,1,5,0,6,2,1,0,0,0,1,40,73036,6,1,0,0,3,0,65,220,0,0,0,0,0,0,0,0,0,1,28,58,0,0,1,2,45,1,6,2,1,0,0,1,13,6,3,4,7,1,1
40,400513,1,1,3,10,11,1,46,52,0,1,0,40,2,52,35,52035,4,2000,JA3AY26C1YU0,J,A,3,A,Y,2,6,C,1,Y,U,0,0,P,MITS,MDE,4D,0,17,2437,,0,984,,G,,F,4,112,,,14R175,,,,,,0,0,000000000,00000000000,0,0,0,1,0,0,0,0,0,0,0,998,0,1,5,8,6,2,52,0,0,0,1,40,73034,6,1,0,0,3,0,71,150,0,0,0,0,0,0,0,0,0,0,83,58,0,0,3,2,75,1,1,2,1,0,0,17,87,7,3,4,2,1,0
40,400514,1,1,1,26,9,99,99,31,0,1,0,40,1,7,43,7043,4,2006,1B3EL46X66N2,1,B,3,E,L,4,6,X,6,6,N,2,0,P,DODG,SRX,4D,6,17,3106,,0,1080,,G,,F,4,146,,,16R205,,,,,,0,0,000000000,00000000000,0,0,0,1,0,0,0,0,0,0,0,998,0,1,5,12,6,2,1,0,0,0,1,40,74063,6,1,0,0,3,3,65,205,0,0,0,0,0,0,0,0,0,0,0,0,0,0,1,2,65,1,1,2,99,28,3,1,13,1,1,4,1,1,0
40,400515,1,1,2,29,10,18,0,38,0,1,0,40,1,7,880,7880,67,2011,3D73Y4CLXBG5,3,D,7,3,Y,4,C,L,X,B,G,5,0,T,DODG,350,CW,11,17,,3,1690,1490,RPC,D,,,6,408,,,,D,6948,07,K,44,0,88,888888888,88888888888,2,1,97,1,0,0,0,0,0,0,0,998,0,0,0,12,6,2,38,0,0,0,1,40,74731,6,1,6,0,3,3,72,300,0,0,0,0,0,0,0,0,0,0,28,0,0,0,1,2,45,1,6,2,1,0,0,1,13,1,1,4,1,1,0
40,400516,1,1,1,29,10,22,18,9,0,1,0,40,2,20,22,20022,2,2007,1G1AL15F4771,1,G,1,A,L,1,5,F,4,7,7,1,0,P,CHEV,BLT,CP,7,17,2991,,0,1033,,G,,F,4,134,,,15R195,,,,,,0,0,000000000,00000000000,0,0,0,1,0,0,0,0,0,0,0,998,0,0,0,12,4,3,9,0,0,0,1,40,74131,6,1,0,0,3,3,66,165,0,0,0,0,0,0,0,0,0,0,0,0,0,0,1,4,45,1,4,2,1,0,0,1,80,1,1,1,13,0,0
40,400517,1,2,1,10,11,13,16,12,6,1,0,40,1,20,9,20009,2,2002,2G1FP22K7221,2,G,1,F,P,2,2,K,7,2,2,1,0,P,CHEV,CAM,CP,2,17,3323,,0,1011,,G,,F,6,231,,,16R235,,,,,,0,0,000000000,00000000000,0,0,0,1,0,0,0,0,0,0,0,998,0,0,0,1,6,2,12,0,0,0,1,40,74403,6,1,0,0,3,0,65,120,0,0,0,0,0,0,0,0,0,0,58,28,0,0,2,4,65,1,5,2,1,0,0,1,13,6,4,6,64,1,0
40,400517,2,2,1,10,11,13,16,12,6,1,0,40,1,20,481,20481,31,1998,2GCEC19MXW12,2,G,C,E,C,1,9,M,X,W,1,2,0,T,CHEV,GC1,PC,98,17,,2,1555,1415,GM4,G,,,8,305,,,,B,4145,03,,42,0,0,000000000,00000000000,0,0,0,1,0,0,0,0,0,0,0,998,0,0,0,12,6,2,12,0,0,0,1,40,74469,6,1,0,0,3,0,62,160,0,0,0,0,0,0,0,0,0,0,0,0,0,0,2,4,65,1,6,2,1,0,0,1,62,1,1,1,65,1,0
40,400518,1,1,3,12,11,22,49,38,0,1,0,40,1,20,481,20481,31,2004,2GCEC13T4413,2,G,C,E,C,1,3,T,4,4,1,3,0,T,CHEV,SC1,CW,4,17,,2,0,1435,SIL,G,,,8,323,,,,B,4946,00,,42,0,0,000000000,00000000000,0,0,0,1,0,0,0,0,0,0,0,998,0,1,5,12,6,2,1,0,0,0,1,40,74023,6,1,0,0,3,3,72,200,0,0,0,0,1,6,2011,6,2011,0,0,0,0,0,1,2,45,1,5,4,1,0,0,1,12,1,1,4,6,1,1
40,400519,1,1,1,6,8,2,8,8,0,1,1,99,9,99,999,99999,99,9999,999999999999,9,9,9,9,9,9,9,9,9,9,9,9,0,,,,,,,,,,,,,,,,,,,,,,,,,0,0,000000000,00000000000,0,0,0,1,0,0,0,0,99,99,9,998,0,0,0,12,9,1,8,0,0,0,1,99,99999,9,9,99,9,9,9,999,999,99,99,99,99,99,99,9999,99,9999,9,0,0,0,0,2,2,65,1,1,2,1,0,0,1,80,99,9,9,13,0,0