STATE,ST_CASE,VEH_NO,VE_FORMS,NUMOCCS,DAY,MONTH,HOUR,MINUTE,HARM_EV,MAN_COLL,UNITTYPE,HIT_RUN,REG_STAT,OWNER,MAKE,MODEL,MAK_MOD,BODY_TYP,MOD_YEAR,VIN,VIN_1,VIN_2,VIN_3,VIN_4,VIN_5,VIN_6,VIN_7,VIN_8,VIN_9,VIN_10,VIN_11,VIN_12,TOW_VEH,VINTYPE,VINMAKE,VINA_MOD,VIN_BT,VINMODYR,VIN_LNGT,VIN_WGT,WGTCD_TR,WHLBS_LG,WHLBS_SH,SER_TR,FUELCODE,MCYCL_DS,CARBUR,CYLINDER,DISPLACE,MCYCL_CY,MCYCL_WT,TIRE_SZE,TON_RAT,TRK_WT,TRKWTVAR,VIN_REST,WHLDRWHL,J_KNIFE,MCARR_I1,MCARR_I2,MCARR_ID,GVWR,V_CONFIG,CARGO_BT,HAZ_INV,HAZ_PLAC,HAZ_ID,HAZ_CNO,HAZ_REL,BUS_USE,SPEC_USE,EMER_USE,TRAV_SP,UNDERIDE,ROLLOVER,ROLINLOC,IMPACT1,DEFORMED,TOWED,M_HARM,VEH_SC1,VEH_SC2,FIRE_EXP,DR_PRES,L_STATE,DR_ZIP,L_STATUS,L_TYPE,CDL_STAT,L_ENDORS,L_COMPL,L_RESTRI,DR_HGT,DR_WGT,PREV_ACC,PREV_SUS,PREV_DWI,PREV_SPD,PREV_OTH,FIRST_MO,FIRST_YR,LAST_MO,LAST_YR,SPEEDREL,DR_SF1,DR_SF2,DR_SF3,DR_SF4,VTRAFWAY,VNUM_LAN,VSPD_LIM,VALIGN,VPROFILE,VPAVETYP,VSURCOND,VTRAFCON,VTCONT_F,P_CRASH1,P_CRASH2,P_CRASH3,PCRASH4,PCRASH5,ACC_TYPE,DEATHS,DR_DRINK
40,400520,1,2,1,28,9,8,7,12,1,1,0,40,2,14,6,14006,4,1997,2MELM74W8VX6,2,M,E,L,M,7,4,W,8,V,X,6,0,P,MERC,GMG,4D,97,17,3792,,0,1144,,G,,F,8,281,,,15R215,,,,,,0,0,000000000,00000000000,0,0,0,1,0,0,0,0,0,0,0,998,0,0,0,12,6,2,12,0,0,0,1,40,73127,1,1,0,0,2,0,72,163,0,4,0,0,1,11,2009,9,2011,1,26,0,0,0,3,3,60,1,5,2,1,0,0,1,51,1,1,1,24,0,0
40,400520,2,2,4,28,9,8,7,12,1,1,0,40,1,12,471,12471,30,2002,1FTYR44U62PA,1,F,T,Y,R,4,4,U,6,2,P,A,0,T,FORD,RNS,4C,2,17,,1,0,1257,RNG,G,,,6,182,,,,B,3394,04,E,42,0,0,000000000,00000000000,0,0,0,1,0,0,0,0,0,0,0,998,0,0,0,6,6,2,12,0,0,1,1,40,74851,6,1,0,0,3,0,69,210,0,0,0,0,0,0,0,0,0,0,0,0,0,0,3,3,60,1,5,2,1,0,0,1,53,1,1,1,25,1,0
40,400521,1,2,1,11,10,22,35,12,6,1,0,40,1,20,431,20431,16,1996,2GCEC19M4T11,2,G,C,E,C,1,9,M,4,T,1,1,0,T,CHEV,GC1,PC,96,17,,2,1555,1415,GM4,G,,,8,305,,,,B,4068,02,,42,0,0,000000000,00000000000,0,0,0,1,0,0,0,0,0,0,0,998,0,1,5,2,6,2,1,0,0,0,1,40,73108,6,1,6,0,3,0,67,150,0,1,0,0,2,8,2011,4,2012,0,39,0,0,0,1,2,45,1,1,2,1,20,3,1,17,1,1,1,87,1,1
40,400521,2,2,2,11,10,22,35,12,6,1,0,40,1,20,421,20421,15,2001,1GNEC13T01J1,1,G,N,E,C,1,3,T,0,1,J,1,0,P,CHEV,CTA,UT,1,17,4828,,0,1160,,G,,F,8,325,,,16R245,,,,,,0,0,000000000,00000000000,0,0,0,1,0,0,0,0,0,0,0,998,0,0,0,12,6,2,12,0,0,0,1,40,73119,6,1,0,0,3,0,68,200,0,0,0,0,0,0,0,0,0,0,0,0,0,0,2,4,55,1,1,2,1,0,0,1,66,1,1,1,86,0,0
40,400522,1,1,1,18,10,23,14,24,0,1,0,48,1,49,50,49050,3,2008,JTKDE1677802,J,T,K,D,E,1,6,7,7,8,0,2,0,P,TOYT,SXC,2H,8,17,2905,,0,1063,,G,,F,4,146,,,17R215,,,,,,0,0,000000000,00000000000,0,0,0,1,0,0,0,0,0,0,0,998,0,1,5,11,6,2,24,0,0,0,1,48,75243,6,1,0,0,3,0,999,999,0,0,0,0,0,0,0,0,0,0,58,0,0,0,2,2,70,1,1,1,1,0,0,1,12,7,3,4,2,1,0
40,400523,1,1,1,19,10,17,34,38,0,1,0,40,1,24,5,24005,4,2003,1G8JU54F53Y5,1,G,8,J,U,5,4,F,5,3,Y,5,0,P,STRN,L20,4D,3,17,3033,,0,1065,,G,,F,4,134,,,15R195,,,,,,0,0,000000000,00000000000,0,0,0,1,0,0,0,0,0,0,0,998,0,0,0,1,6,2,42,0,0,0,1,40,74864,6,1,0,0,3,3,64,185,0,0,0,0,0,0,0,0,0,0,0,0,0,0,2,2,65,1,6,2,1,0,0,1,13,1,1,4,1,1,0
40,400524,1,1,6,21,10,0,6,33,0,1,0,40,2,22,22,22022,4,2006,1G2ZG5583641,1,G,2,Z,G,5,5,8,3,6,4,1,0,P,PONT,GS1,4D,6,17,3419,,0,1123,,G,,F,6,214,,,16R215,,,,,,0,0,000000000,00000000000,0,0,0,1,0,0,0,0,0,0,0,59,0,1,3,1,6,2,1,0,0,0,1,40,74055,6,1,0,0,3,0,67,150,0,0,0,0,0,0,0,0,0,0,0,0,0,0,2,4,55,1,1,1,1,28,3,17,87,7,4,4,7,1,0
40,400525,1,1,3,23,10,16,25,32,0,1,0,40,2,12,401,12401,14,1997,1FMDU35P3VUD,1,F,M,D,U,3,5,P,3,V,U,D,0,P,FORD,EPR,UT,97,17,4166,,0,1115,,G,,F,8,302,,,15R225,,,,,,0,0,000000000,00000000000,0,0,0,1,0,0,0,0,0,0,0,998,0,0,0,12,6,2,42,0,0,0,1,40,74401,0,0,0,0,0,0,67,170,0,2,0,0,2,1,2012,7,2012,1,28,0,0,0,1,2,45,1,1,4,1,0,0,1,13,1,1,4,6,1,1
40,400526,1,2,2,31,10,12,20,12,2,1,0,40,3,20,37,20037,4,2003,1G1ND52J23M5,1,G,1,N,D,5,2,J,2,3,M,5,0,P,CHEV,MAL,4D,3,17,3106,,0,1070,,G,,F,6,191,,,15R215,,,,,,0,0,000000000,00000000000,0,0,0,1,0,0,0,0,0,0,0,998,0,0,0,12,6,2,12,0,0,0,1,40,74301,6,1,0,0,3,3,65,184,0,0,0,0,0,0,0,0,0,0,28,0,0,0,1,2,65,1,1,2,1,28,3,1,10,1,1,2,50,1,0
40,400526,2,2,1,31,10,12,20,12,2,1,0,29,3,87,881,87881,66,2003,2XP5DB9X13M5,2,X,P,5,D,B,9,X,1,3,M,5,1,T,PTRB,379,TR,3,17,,8,0,0,CON,D,,,6,893,,,,,00000,00,,64,1,57,380145,57380145,3,6,2,1,0,0,0,0,0,0,0,998,0,0,0,12,6,2,12,0,0,1,1,29,64873,6,1,6,1,3,3,72,170,1,0,0,0,0,10,2011,10,2011,0,0,0,0,0,1,2,65,1,1,2,1,28,3,1,62,1,1,1,51,0,0
40,400527,1,1,1,31,10,19,30,8,0,1,0,40,1,20,16,20016,2,2002,1G1JC1244273,1,G,1,J,C,1,2,4,4,2,7,3,0,P,CHEV,CAV,CP,2,17,2617,,0,1041,,G,,F,4,133,,,14R195,,,,,,0,0,000000000,00000000000,0,0,0,1,0,0,0,0,0,0,0,998,0,0,0,12,4,1,8,0,0,0,1,40,73013,6,1,0,0,3,3,67,165,0,0,0,0,1,7,2011,7,2011,0,0,0,0,0,1,4,45,1,1,1,1,0,0,1,80,1,1,1,13,0,0
40,400528,1,1,1,23,10,23,23,53,0,1,0,40,0,76,706,76706,80,2012,JYARN23EXCA0,J,Y,A,R,N,2,3,E,X,C,A,0,0,M,YAMA,YFR,RC,12,17,,,,,,,998,,4,,4,454,,,,,,,0,0,000000000,00000000000,0,0,0,1,0,0,0,0,0,0,0,998,0,0,0,99,6,2,53,0,0,0,1,40,73109,6,1,6,0,2,0,69,210,0,0,0,0,0,0,0,0,0,1,0,0,0,0,2,4,40,1,1,1,1,20,3,1,14,4,9,4,14,1,0
40,400529,1,2,1,3,11,19,48,8,0,1,1,99,9,99,999,99999,99,9999,999999999999,9,9,9,9,9,9,9,9,9,9,9,9,0,,,,,,,,,,,,,,,,,,,,,,,,,0,0,000000000,00000000000,0,0,0,1,0,0,0,0,99,99,9,998,0,0,0,12,9,1,8,0,0,0,1,99,99999,9,9,99,9,9,9,999,999,99,99,99,99,99,99,9999,99,9999,9,0,0,0,0,2,6,40,1,1,2,1,0,0,1,80,99,9,9,13,0,0
40,400529,2,2,1,3,11,19,48,8,0,1,1,40,2,6,43,6043,1,2004,1C3EL75R64N1,1,C,3,E,L,7,5,R,6,4,N,1,0,P,CHRY,STC,CV,4,17,3311,,0,1060,,G,,F,6,167,,,16R205,,,,,,0,0,000000000,00000000000,0,0,0,1,0,0,0,0,0,0,0,998,0,0,0,12,4,1,8,0,0,0,1,40,73119,0,0,0,0,0,0,999,999,0,0,0,0,0,0,0,0,0,0,0,0,0,0,2,6,40,1,1,2,1,0,0,1,80,99,9,9,98,0,0
40,400530,1,1,1,4,11,8,59,34,0,1,0,40,1,23,401,23401,14,2003,1GKET16S5361,1,G,K,E,T,1,6,S,5,3,6,1,0,T,GMC,EXL,4W,3,17,,2,0,1290,ENV,G,,,6,256,,,,B,5020,00,E,44,0,0,000000000,00000000000,0,0,0,1,0,0,0,0,0,0,0,998,0,1,5,9,6,2,1,0,0,0,1,40,74462,6,1,0,0,3,0,69,210,0,0,0,0,0,0,0,0,0,1,0,0,0,0,2,4,65,1,1,1,1,0,0,1,13,1,1,4,1,1,0
40,400531,1,2,1,4,11,10,40,12,6,1,0,48,1,24,7,24007,4,2007,1G8AZ55F37Z1,1,G,8,A,Z,5,5,F,3,7,Z,1,0,P,STRN,SI2,4D,7,17,2752,,0,1032,,G,,F,4,134,,,15R195,,,,,,0,0,000000000,00000000000,0,0,0,1,0,0,0,0,0,0,0,998,0,0,0,11,6,2,12,0,0,0,1,40,73106,1,1,0,0,2,0,64,149,0,2,0,2,1,1,2010,1,2012,0,91,38,0,0,1,2,25,1,1,2,1,20,3,4,17,1,1,1,89,0,1
40,400531,2,2,1,4,11,10,40,12,6,1,0,40,2,37,705,37705,80,1982,JH2PC0544CM0,J,H,2,P,C,0,5,4,4,C,M,0,0,M,HOND,B45,RS,82,17,,,,,,,450,,2,,4,377,,,,,,,0,0,000000000,00000000000,0,0,0,1,0,0,0,0,0,0,0,998,0,0,0,12,6,2,12,0,0,0,1,40,73034,6,1,0,0,2,0,71,155,0,1,0,1,0,6,2010,7,2010,0,0,0,0,0,1,2,30,1,1,2,1,0,0,1,66,6,1,3,88,1,0
40,400532,1,2,4,2,9,18,45,12,6,1,0,40,2,2,404,2404,14,2007,1J8GR48K37C5,1,J,8,G,R,4,8,K,3,7,C,5,0,T,JEEP,LCF,4W,7,17,,1,0,1095,GCK,G,,,6,226,,,,,4376,00,7,44,0,0,000000000,00000000000,0,0,0,1,0,0,0,0,0,0,0,998,0,0,0,4,2,3,12,0,0,0,1,40,74962,6,1,6,0,3,0,66,145,0,0,0,0,0,0,0,0,0,0,48,0,0,0,3,4,45,1,1,2,1,3,3,10,16,1,1,2,70,0,0
40,400532,2,2,1,2,9,18,45,12,6,1,0,40,1,37,706,37706,80,2002,1HFSC46002A0,1,H,F,S,C,4,6,0,0,2,A,0,0,M,HOND,XT8,RS,2,17,,,,,,,1795,,2,,4,705,,,,,,,0,0,000000000,00000000000,0,0,0,1,0,0,0,0,0,0,0,998,0,0,0,12,6,2,12,0,0,0,1,40,73115,6,1,0,0,2,0,72,200,0,0,0,1,0,12,2011,12,2011,0,0,0,0,0,3,4,45,1,1,2,1,3,3,1,60,1,1,1,71,1,0
40,400534,1,1,1,10,11,2,50,35,0,1,0,40,1,72,706,72706,80,2012,1HD1BWV19CB0,1,H,D,1,B,W,V,1,9,C,B,0,0,M,HD,STC,RS,12,17,,,,,,,1690,,2,,4,730,,,,,,,0,0,000000000,00000000000,0,0,0,1,0,0,0,0,0,0,0,998,0,0,0,2,6,2,35,0,0,0,1,40,74345,6,1,0,0,2,0,71,210,0,0,0,0,0,0,0,0,0,1,0,0,0,0,1,2,55,3,1,2,1,28,3,14,13,1,1,4,1,1,1
40,400535,1,1,3,10,11,12,54,38,0,1,0,17,1,49,32,49032,4,2008,1NXBR30E78Z9,1,N,X,B,R,3,0,E,7,8,Z,9,0,P,TOYT,UCS,4D,8,17,2530,,0,1024,,G,,F,4,110,,,15R185,,,,,,0,0,000000000,00000000000,0,0,0,1,0,0,0,0,0,0,0,998,0,1,5,12,6,2,35,0,0,0,1,17,60440,6,1,0,0,3,3,67,227,0,0,0,0,1,5,2010,5,2010,0,0,0,0,0,3,2,75,1,6,2,1,0,0,1,13,1,1,4,1,1,0
40,400536,1,1,1,14,11,19,27,1,0,1,0,40,2,76,705,76705,80,2006,JYARJ06E66A0,J,Y,A,R,J,0,6,E,6,6,A,0,0,M,YAMA,R6L,RC,6,17,,,,,,,599,,4,,4,357,,,,,,,0,0,000000000,00000000000,0,0,0,1,0,0,0,0,0,0,0,998,0,0,0,0,6,2,1,0,0,0,1,40,74820,6,1,0,0,3,0,72,245,0,0,0,0,0,0,0,0,0,0,0,0,0,0,2,2,55,1,6,2,1,28,3,1,98,1,1,1,98,1,0
40,400537,1,2,1,15,11,9,30,12,6,1,0,40,1,37,31,37031,4,2009,1HGFA16319L0,1,H,G,F,A,1,6,3,1,9,L,0,0,P,HOND,CVP,4D,9,17,2648,,0,1063,,G,,F,4,110,,,15R195,,,,,,0,0,000000000,00000000000,0,0,0,1,0,0,0,0,0,0,0,998,0,0,0,9,6,2,12,0,0,0,1,40,73170,6,1,0,0,3,0,67,185,0,0,0,0,0,0,0,0,0,0,0,0,0,0,2,2,60,1,6,2,1,28,3,17,63,6,4,6,66,1,0
40,400537,2,2,1,15,11,9,30,12,6,1,0,95,3,87,881,87881,66,2004,1XP5DB9X44D8,1,X,P,5,D,B,9,X,4,4,D,8,1,T,PTRB,379,TR,4,17,,8,0,0,CON,D,,,6,893,,,,,00000,00,,64,1,57,402125,57402125,3,6,1,1,0,0,0,0,0,0,0,998,0,0,0,12,6,2,12,0,0,0,1,95,0,9,1,99,9,9,9,999,999,99,99,99,99,99,99,9999,99,9999,0,0,0,0,0,2,2,70,1,5,2,1,28,3,1,62,6,1,3,66,0,0
40,400538,1,1,1,15,11,18,59,1,0,1,0,40,1,12,481,12481,31,2006,1FTPW14V96KE,1,F,T,P,W,1,4,V,9,6,K,E,0,T,FORD,F1S,CW,6,17,,2,1500,1390,COF,F,,,8,329,,,,B,5476,01,E,44,0,0,000000000,00000000000,0,0,0,1,0,0,0,0,0,0,0,998,0,1,5,0,6,2,1,0,0,0,1,15,73481,6,1,0,0,3,0,68,170,0,0,0,0,0,0,0,0,0,0,58,28,0,0,1,2,65,1,1,2,1,28,3,1,13,8,4,4,7,1,1
40,400539,1,1,1,17,11,17,5,35,0,1,0,40,3,20,37,20037,4,2001,1G1ND52J4162,1,G,1,N,D,5,2,J,4,1,6,2,0,P,CHEV,MAL,4D,1,17,3051,,0,1070,,G,,F,6,191,,,15R215,,,,,,0,0,000000000,00000000000,0,0,0,1,0,0,0,0,0,0,0,998,0,0,0,14,6,2,42,0,0,0,1,40,74063,2,1,0,0,2,3,70,210,0,1,0,0,2,7,2011,1,2012,1,0,0,0,0,1,2,45,3,6,2,1,40,3,14,13,1,1,4,1,1,1
40,400540,1,2,1,19,11,8,17,12,6,1,0,48,1,2,405,2405,14,2006,1J4GK48K86W1,1,J,4,G,K,4,8,K,8,6,W,1,0,T,JEEP,SPR,4W,6,17,,1,0,1043,LIB,G,,,6,226,,,,,3665,00,E,42,0,0,000000000,00000000000,0,0,0,1,0,0,0,0,0,0,0,998,0,1,5,11,6,2,12,0,0,0,1,48,76310,6,1,0,0,3,0,999,999,0,2,0,2,0,11,2010,4,2012,0,28,0,0,0,1,2,65,1,1,2,1,28,3,1,10,1,1,2,66,1,0
40,400540,2,2,1,19,11,8,17,12,6,1,0,93,3,87,881,87881,66,2006,1XP5DB9X16D6,1,X,P,5,D,B,9,X,1,6,D,6,1,T,PTRB,379,TR,6,17,,8,0,0,CON,D,,,6,893,,,,,00000,00,,64,1,57,01262808,5701262808,3,6,1,1,0,0,0,0,0,0,0,998,0,1,5,9,6,2,12,0,0,0,1,48,76367,6,1,6,0,3,0,999,999,0,0,0,0,0,0,0,0,0,0,0,0,0,0,1,2,65,1,1,2,1,0,0,1,62,7,1,2,66,0,0
40,400541,1,1,1,22,11,11,17,43,0,1,0,14,0,73,706,73706,80,2006,JKBZXNA186A0,J,K,B,Z,X,N,A,1,8,6,A,0,0,M,KAWK,X4A,RC,6,17,,,,,,,1352,,4,,4,474,,,,,,,0,0,000000000,00000000000,0,0,0,1,0,0,0,0,0,0,0,998,0,0,0,12,6,2,32,0,0,0,1,40,73554,6,1,6,0,3,0,68,175,0,0,0,0,0,0,0,0,0,1,28,0,0,0,1,2,55,2,1,2,1,0,0,14,12,1,1,4,6,1,1
40,400542,1,1,1,17,11,20,46,8,0,1,0,40,1,12,471,12471,30,2004,1FTYR14U44PA,1,F,T,Y,R,1,4,U,4,4,P,A,0,T,FORD,RNS,PC,4,17,,1,0,1257,RNG,G,,,6,182,,,,B,3864,00,U,42,0,0,000000000,00000000000,0,0,0,1,0,0,0,0,0,0,0,998,0,0,0,12,4,1,8,0,0,0,1,40,73127,6,1,0,0,3,0,64,145,0,0,0,0,1,3,2010,3,2010,0,0,0,0,0,1,4,40,1,5,2,1,0,0,1,80,1,1,1,13,0,0
40,400543,1,2,1,21,11,10,40,12,6,1,0,17,3,85,881,85881,66,2000,1XKADB9X6YS8,1,X,K,A,D,B,9,X,6,Y,S,8,2,T,KW,T60,TR,0,17,,8,2600,1600,CON,D,,,6,893,,,,,00000,00,,64,1,57,02129132,5702129132,3,7,97,1,0,0,0,0,0,0,0,998,0,0,0,7,2,1,12,0,0,0,1,12,75102,6,1,6,0,3,0,74,999,0,0,0,0,0,0,0,0,0,0,48,0,0,0,1,2,65,1,1,2,1,28,3,10,16,1,1,2,74,0,0
40,400543,2,2,1,21,11,10,40,12,6,1,0,40,1,20,23,20023,6,2006,3GNDA23P96S5,3,G,N,D,A,2,3,P,9,6,S,5,0,P,CHEV,HHR,SV,6,17,3155,,0,1035,,G,,F,4,146,,,16R215,,,,,,0,0,000000000,00000000000,0,0,0,1,0,0,0,0,0,0,0,998,0,0,0,12,6,2,12,0,0,0,1,40,73651,6,1,0,0,3,0,71,175,0,0,0,1,0,10,2012,10,2012,0,0,0,0,0,1,2,65,1,1,2,1,28,3,1,62,1,1,1,74,1,0
40,400544,1,2,1,22,11,0,22,12,2,1,0,92,0,76,702,76702,80,2004,999999999999,9,9,9,9,9,9,9,9,9,9,9,9,0,,,,,,,,,,,,,,,,,,,,,,,,,0,0,000000000,00000000000,0,0,0,1,0,0,0,0,0,0,0,998,0,0,0,12,6,2,12,0,0,0,1,40,74421,6,1,0,0,2,0,71,220,0,0,0,0,0,0,0,0,0,0,51,23,0,0,1,2,45,1,1,2,1,0,0,1,54,1,1,1,52,1,1
40,400544,2,2,1,22,11,0,22,12,2,1,0,40,3,12,481,12481,31,2008,1FTPX14V68FB,1,F,T,P,X,1,4,V,6,8,F,B,0,T,FORD,F15,4C,8,17,,2,1630,1330,COF,F,,,8,329,,,,B,5176,06,E,44,0,0,000000000,00000000000,0,0,0,1,0,0,0,0,0,0,0,998,0,0,0,12,4,3,12,0,0,0,1,40,74467,6,1,0,0,3,0,72,180,0,0,0,0,0,0,0,0,0,0,23,0,0,0,1,2,45,1,1,2,1,0,0,1,54,1,1,1,52,0,0
40,400545,1,1,2,22,11,19,17,1,0,1,0,40,1,18,401,18401,14,2006,3G5DA03L16S5,3,G,5,D,A,0,3,L,1,6,S,5,0,P,BUIC,RZV,UT,6,17,4096,,0,1122,,G,,F,6,214,,,17R225,,,,,,0,0,000000000,00000000000,0,0,0,1,0,0,0,0,0,0,0,998,0,1,3,0,6,2,1,0,0,0,1,40,74074,6,1,0,0,3,3,66,205,0,0,0,0,0,0,0,0,0,0,83,0,0,0,2,4,65,1,1,2,1,0,0,17,87,7,3,4,7,1,0
40,400546,1,1,2,23,11,20,56,1,0,1,0,20,2,12,481,12481,31,2006,1FTPW145X6KA,1,F,T,P,W,1,4,5,X,6,K,A,0,T,FORD,F1S,CW,6,17,,2,1500,1390,COF,G,,,8,329,,,,B,5476,01,E,44,0,0,000000000,00000000000,0,0,0,1,0,0,0,0,0,0,0,998,0,1,5,0,6,2,1,0,0,0,1,40,73059,6,1,0,0,3,0,68,165,0,0,0,0,0,0,0,0,0,0,28,0,0,0,1,2,65,1,6,2,1,0,0,1,12,7,4,4,7,1,0
40,400547,1,1,1,24,11,23,48,1,0,1,0,40,1,23,471,23471,30,1994,1GTCS1440R85,1,G,T,C,S,1,4,4,0,R,8,5,0,T,GMC,SON,PK,94,17,,1,1179,1083,SON,G,,,4,133,,,,B,2931,00,A,42,0,0,000000000,00000000000,0,0,0,1,0,0,0,0,0,0,0,998,0,1,5,0,6,2,1,0,0,0,1,40,74346,6,1,0,0,3,0,71,165,0,0,0,0,0,0,0,0,0,1,28,58,0,0,1,2,65,2,1,2,1,28,3,14,13,7,3,4,2,1,1
40,400548,1,1,3,7,11,20,6,8,0,1,0,40,1,12,481,12481,31,2006,1FTPW14V06FB,1,F,T,P,W,1,4,V,0,6,F,B,0,T,FORD,F1S,CW,6,17,,2,1500,1390,COF,F,,,8,329,,,,B,5476,01,E,44,0,0,000000000,00000000000,0,0,0,1,0,0,0,0,0,0,0,998,0,0,0,1,2,3,8,0,0,0,1,40,74021,6,1,0,0,3,0,68,190,0,0,0,1,0,1,2011,1,2011,0,0,0,0,0,1,2,45,1,1,2,1,0,0,1,80,1,1,1,13,0,1
40,400549,1,2,4,25,11,16,19,12,2,1,0,48,2,12,3,12003,1,2003,1FAFP45X73F4,1,F,A,F,P,4,5,X,7,3,F,4,0,P,FORD,MGT,CV,3,17,3254,,0,1013,,G,,F,8,281,,,17R245,,,,,,0,0,000000000,00000000000,0,0,0,1,0,0,0,0,0,0,0,998,0,0,0,12,6,2,12,0,0,0,1,29,64870,1,1,0,0,2,0,74,213,0,0,0,0,0,0,0,0,0,0,28,0,0,0,1,2,65,1,1,2,1,0,0,1,10,1,1,1,50,3,1
40,400549,2,2,2,25,11,16,19,12,2,1,0,40,1,12,471,12471,30,2000,1FTZR15V0YTA,1,F,T,Z,R,1,5,V,0,Y,T,A,0,T,FORD,RNS,PC,0,17,,1,0,1259,RNG,F,,,6,182,,,,B,3599,01,U,44,0,0,000000000,00000000000,0,0,0,1,0,0,0,0,0,0,0,998,0,0,0,12,6,2,12,0,0,0,1,40,74343,6,1,0,0,3,3,71,160,0,0,0,0,1,12,2010,12,2010,0,0,0,0,0,1,2,65,1,1,2,1,0,0,1,62,1,1,1,51,1,0
40,400550,1,1,1,27,11,19,5,8,0,1,0,40,1,12,471,12471,30,1999,1FTYR14X4XPB,1,F,T,Y,R,1,4,X,4,X,P,B,0,T,FORD,RNS,PC,99,17,,1,0,1257,RNG,G,,,6,245,,,,B,00000,00,U,42,0,0,000000000,00000000000,0,0,0,1,0,0,0,0,0,0,0,998,0,0,0,12,6,2,8,0,0,0,1,40,74743,6,1,0,0,3,0,56,155,0,0,0,0,0,0,0,0,0,0,0,0,0,0,1,2,55,1,1,2,1,0,0,1,80,1,1,1,13,0,0
40,400551,1,1,1,29,11,7,10,34,0,1,0,40,2,35,47,35047,4,2008,1N4AL21E88N5,1,N,4,A,L,2,1,E,8,8,N,5,0,P,NISS,ATS,4D,8,17,3028,,0,1093,,G,,F,4,153,,,16R215,,,,,,0,0,000000000,00000000000,0,0,0,1,0,0,0,0,0,0,0,998,0,1,5,14,6,2,1,0,0,0,1,40,73507,6,1,0,0,3,0,64,130,0,0,0,3,2,1,2010,7,2011,1,28,0,0,0,1,2,45,1,1,2,1,0,0,1,6,1,3,4,2,1,1
40,400552,1,3,1,29,11,14,21,12,6,1,0,40,1,20,37,20037,4,1999,1G1ND52M6X61,1,G,1,N,D,5,2,M,6,X,6,1,0,P,CHEV,MAL,4D,99,17,3051,,0,1070,,G,,F,6,191,,,15R215,,,,,,0,0,000000000,00000000000,0,0,0,1,0,0,0,0,0,0,0,998,0,0,0,9,6,2,12,0,0,0,1,40,73018,6,1,0,0,3,0,61,180,0,0,0,0,0,0,0,0,0,0,38,0,0,0,3,5,45,1,1,1,1,20,3,1,17,1,1,1,89,1,0
40,400552,2,3,5,29,11,14,21,12,6,1,0,40,1,20,481,20481,31,1994,2GCEC19H0R12,2,G,C,E,C,1,9,H,0,R,1,2,0,T,CHEV,GC1,PC,94,17,,2,1555,1415,GM4,G,,,8,305,,,,B,4110,01,,42,0,0,000000000,00000000000,0,0,0,1,0,0,0,0,0,0,0,998,0,0,0,12,6,2,12,0,0,0,1,40,73018,6,1,0,0,3,0,67,185,0,0,0,0,0,0,0,0,0,0,0,0,0,0,3,2,45,1,1,1,1,0,0,1,66,1,1,1,88,0,0
40,400552,3,3,1,29,11,14,21,12,6,1,0,40,3,87,881,87881,66,2009,1XPXDB9X29D7,1,X,P,X,D,B,9,X,2,9,D,7,1,T,PTRB,389,TR,9,17,,8,0,0,CON,D,,,6,893,,,,,00000,00,,64,1,57,829965,57829965,3,6,97,1,0,0,0,0,0,0,0,998,0,0,0,7,4,1,12,0,0,0,1,40,73533,6,1,6,0,3,3,70,185,0,0,0,1,0,12,2009,12,2009,0,0,0,0,0,3,2,45,1,1,1,1,0,0,1,62,1,1,1,98,0,0
40,400553,1,1,1,30,11,0,35,34,0,1,0,40,2,23,481,23481,31,1995,1GTEC14H0SZ5,1,G,T,E,C,1,4,H,0,S,Z,5,0,T,GMC,SC1,PK,95,17,,2,1315,1175,SIE,G,,,8,305,,,,B,4068,00,M,42,0,0,000000000,00000000000,0,0,0,1,0,0,0,0,0,0,0,998,0,1,6,10,6,2,1,0,0,0,1,40,73122,6,1,0,0,3,0,74,205,0,0,0,0,0,0,0,0,0,1,0,0,0,0,3,3,65,3,1,1,1,0,0,14,13,1,3,4,2,1,1
40,400554,1,1,1,30,11,23,55,38,0,1,0,40,2,20,481,20481,31,2006,2GCEK13T2612,2,G,C,E,K,1,3,T,2,6,1,2,0,T,CHEV,SK1,CW,6,17,,2,0,1435,SIL,G,,,8,323,,,,B,5284,00,,44,0,0,000000000,00000000000,0,0,0,1,0,0,0,0,0,0,0,998,0,1,6,1,6,2,1,0,0,1,1,40,73762,6,1,0,0,3,0,72,175,0,0,0,0,0,0,0,0,0,1,0,0,0,0,1,2,55,1,6,5,1,0,0,1,6,1,4,4,7,1,1
40,400555,1,2,2,7,12,15,43,12,7,1,0,40,1,12,422,12422,15,2003,1FMPU16L93LA,1,F,M,P,U,1,6,L,9,3,L,A,0,P,FORD,EPT,UT,3,17,5686,,0,1191,,G,,F,8,330,,,17R265,,,,,,0,0,000000000,00000000000,0,0,0,1,0,0,0,0,0,0,0,998,0,1,5,10,6,2,1,0,0,0,1,40,74070,6,1,0,0,3,0,65,150,0,0,0,0,0,0,0,0,0,0,27,0,0,0,2,2,65,1,1,2,1,0,0,99,10,6,1,2,47,1,0
40,400555,2,2,1,7,12,15,43,12,7,1,0,40,1,42,48,42048,4,2012,WDDHF8JBXCA5,W,D,D,H,F,8,J,B,X,C,A,5,0,P,MERZ,ESM,4D,12,17,3979,,0,1132,,G,,F,6,213,,,17R245,,,,,,0,0,000000000,00000000000,0,0,0,1,0,0,0,0,0,0,0,998,0,0,0,3,2,3,12,0,0,0,1,40,74006,6,1,0,0,3,0,77,245,0,0,0,0,0,0,0,0,0,0,0,0,0,0,2,2,65,1,1,2,1,0,0,1,61,1,1,1,45,0,0