STATE,ST_CASE,VEH_NO,VE_FORMS,NUMOCCS,DAY,MONTH,HOUR,MINUTE,HARM_EV,MAN_COLL,UNITTYPE,HIT_RUN,REG_STAT,OWNER,MAKE,MODEL,MAK_MOD,BODY_TYP,MOD_YEAR,VIN,VIN_1,VIN_2,VIN_3,VIN_4,VIN_5,VIN_6,VIN_7,VIN_8,VIN_9,VIN_10,VIN_11,VIN_12,TOW_VEH,VINTYPE,VINMAKE,VINA_MOD,VIN_BT,VINMODYR,VIN_LNGT,VIN_WGT,WGTCD_TR,WHLBS_LG,WHLBS_SH,SER_TR,FUELCODE,MCYCL_DS,CARBUR,CYLINDER,DISPLACE,MCYCL_CY,MCYCL_WT,TIRE_SZE,TON_RAT,TRK_WT,TRKWTVAR,VIN_REST,WHLDRWHL,J_KNIFE,MCARR_I1,MCARR_I2,MCARR_ID,GVWR,V_CONFIG,CARGO_BT,HAZ_INV,HAZ_PLAC,HAZ_ID,HAZ_CNO,HAZ_REL,BUS_USE,SPEC_USE,EMER_USE,TRAV_SP,UNDERIDE,ROLLOVER,ROLINLOC,IMPACT1,DEFORMED,TOWED,M_HARM,VEH_SC1,VEH_SC2,FIRE_EXP,DR_PRES,L_STATE,DR_ZIP,L_STATUS,L_TYPE,CDL_STAT,L_ENDORS,L_COMPL,L_RESTRI,DR_HGT,DR_WGT,PREV_ACC,PREV_SUS,PREV_DWI,PREV_SPD,PREV_OTH,FIRST_MO,FIRST_YR,LAST_MO,LAST_YR,SPEEDREL,DR_SF1,DR_SF2,DR_SF3,DR_SF4,VTRAFWAY,VNUM_LAN,VSPD_LIM,VALIGN,VPROFILE,VPAVETYP,VSURCOND,VTRAFCON,VTCONT_F,P_CRASH1,P_CRASH2,P_CRASH3,PCRASH4,PCRASH5,ACC_TYPE,DEATHS,DR_DRINK
40,400586,1,1,2,16,9,19,29,38,0,1,0,40,2,12,401,12401,14,1996,1FMDU34X2TZB,1,F,M,D,U,3,4,X,2,T,Z,B,0,P,FORD,EPR,UT,96,17,4189,,0,1115,,G,,F,6,245,,,15R225,,,,,,0,0,000000000,00000000000,0,0,0,1,0,0,0,0,0,0,0,998,0,1,5,1,6,2,1,0,0,0,1,40,73005,2,1,0,0,2,0,66,180,0,1,0,0,2,6,2011,2,2012,1,82,28,0,0,1,2,15,3,1,2,1,0,0,14,5,1,4,4,7,1,1
40,400587,1,1,2,24,9,21,31,38,0,1,0,40,2,23,481,23481,31,2005,1GTEC14T45Z2,1,G,T,E,C,1,4,T,4,5,Z,2,0,T,GMC,NC1,PK,5,17,,2,1330,1190,SIE,G,,,8,325,,,,B,4225,01,4,42,0,0,000000000,00000000000,0,0,0,1,0,0,0,0,0,0,0,998,0,1,5,12,6,2,1,0,0,0,1,40,73084,6,1,0,0,3,0,69,170,0,1,0,0,2,4,2010,4,2012,0,58,0,0,0,1,2,50,1,1,2,1,0,0,1,13,6,3,4,2,1,0
40,400588,1,1,2,29,9,21,40,15,0,1,1,40,1,6,52,6052,6,2004,3C4FY58B04T3,3,C,4,F,Y,5,8,B,0,4,T,3,0,P,CHRY,PTC,SV,4,17,3037,,0,1030,,G,,F,4,148,,,16R205,,,,,,0,0,000000000,00000000000,0,0,0,1,0,0,0,0,0,0,0,998,0,0,0,11,4,3,15,0,0,0,1,40,74361,6,1,0,0,3,0,66,145,0,0,0,0,0,0,0,0,0,0,0,0,0,0,2,2,55,1,6,2,1,0,0,1,83,1,1,1,13,0,0
40,400589,1,1,1,16,10,16,9,1,0,1,0,40,1,72,706,72706,80,2008,1HD1KB4108Y6,1,H,D,1,K,B,4,1,0,8,Y,6,0,M,HD,FHX,RS,8,17,,,,,,,1584,,2,,4,786,,,,,,,0,0,000000000,00000000000,0,0,0,1,0,0,0,0,0,0,0,998,0,0,0,0,6,2,1,0,0,0,1,40,74010,6,1,0,0,3,0,72,185,0,0,0,0,0,0,0,0,0,0,0,0,0,0,1,2,55,1,6,2,1,0,0,17,50,4,2,4,2,1,0
40,400590,1,1,1,27,10,1,20,59,0,1,0,40,1,20,4,20004,2,2011,1G1YW3DW3B51,1,G,1,Y,W,3,D,W,3,B,5,1,0,P,CHEV,CGS,CV,11,17,3289,,0,1057,,G,,F,8,378,,,18R275,,,,,,0,0,000000000,00000000000,0,0,0,1,0,0,0,0,0,0,0,998,0,1,5,12,6,2,1,0,0,0,1,40,73018,6,1,6,0,3,0,73,200,1,0,0,1,2,9,2010,2,2011,1,0,0,0,0,1,2,45,1,1,2,1,0,0,1,13,1,1,4,1,1,1
40,400591,1,1,1,23,10,8,34,38,0,1,0,40,2,12,481,12481,31,1977,F15GKY10551,F,1,5,G,K,Y,1,0,5,5,1,,0,T,FORD,F15,PK,77,11,,2,1665,1170,COF,G,,,8,302,,,,BC,3705,01,,42,0,0,000000000,00000000000,0,0,0,1,0,0,0,0,0,0,0,998,0,0,0,12,6,2,14,0,0,0,1,40,74048,6,1,0,0,3,3,75,200,0,0,0,0,0,0,0,0,0,0,0,0,0,0,1,2,15,1,1,2,1,23,3,99,12,1,1,4,6,1,0
40,400592,1,2,1,2,11,7,24,12,6,1,0,40,2,98,709,98709,80,2007,LSRYCNLAX7A6,L,S,R,Y,C,N,L,A,X,7,A,6,0,U,,,,7,17,,,,,,,,,,,,,,,,,,,0,0,000000000,00000000000,0,0,0,1,0,0,0,0,0,0,0,998,0,0,0,12,6,2,12,0,0,1,1,40,73135,6,2,0,0,2,3,64,120,0,0,0,0,1,9,2012,9,2012,0,0,0,0,0,1,4,45,1,1,2,1,0,0,1,66,1,1,1,69,1,0
40,400592,2,2,1,2,11,7,24,12,6,1,0,40,1,20,2,20002,4,2009,2G1WT57N4911,2,G,1,W,T,5,7,N,4,9,1,1,0,P,CHEV,ILT,4D,9,17,3555,,0,1105,,G,,F,6,214,,,16R225,,,,,,0,0,000000000,00000000000,0,0,0,1,0,0,0,0,0,0,0,998,0,0,0,3,6,2,12,0,0,1,1,40,73130,6,1,0,0,3,0,68,280,0,0,0,0,0,0,0,0,0,0,48,0,0,0,1,4,45,1,1,2,1,0,0,11,15,1,1,1,68,0,0
40,400593,1,1,2,2,11,23,27,8,0,1,1,40,2,20,471,20471,30,2000,1GCCS1954YK2,1,G,C,C,S,1,9,5,4,Y,K,2,0,T,CHEV,S14,PC,0,17,,1,0,1229,S,F,,,4,133,,,,B,3185,03,,42,0,0,000000000,00000000000,0,0,0,1,0,0,0,0,0,0,0,998,0,0,0,12,4,1,8,0,0,0,1,40,74429,6,1,0,0,3,0,71,265,0,0,0,0,2,1,2011,9,2012,0,0,0,0,0,1,2,40,1,1,2,1,0,0,1,80,1,1,1,13,0,0
40,400594,1,1,2,10,11,2,58,33,0,1,0,40,0,20,481,20481,31,2001,2GCEC19T2111,2,G,C,E,C,1,9,T,2,1,1,1,0,T,CHEV,SC1,4C,1,17,,2,1575,1435,SIL,G,,,8,325,,,,B,4413,00,,42,0,0,000000000,00000000000,0,0,0,1,0,0,0,0,0,0,0,998,0,0,0,12,6,2,39,0,0,0,1,40,73025,6,1,0,0,3,0,70,225,0,2,0,0,2,4,2010,2,2011,0,39,0,0,0,3,2,35,1,1,2,1,3,3,1,14,1,1,4,14,1,1
40,400595,1,1,4,15,11,22,2,1,0,1,0,40,1,37,31,37031,4,1999,1HGEJ667XXL0,1,H,G,E,J,6,6,7,X,X,L,0,0,P,HOND,UCL,4D,99,17,2456,,0,1032,,G,,F,4,097,,,14R185,,,,,,0,0,000000000,00000000000,0,0,0,1,0,0,0,0,0,0,0,998,0,1,5,0,6,2,1,0,0,0,1,40,73082,6,1,0,0,3,3,63,130,1,0,0,0,1,11,2009,12,2009,1,83,0,0,0,2,2,70,1,1,2,1,0,0,17,87,6,4,4,7,1,0
40,400596,1,1,2,21,9,20,15,8,0,1,0,40,1,24,2,24002,17,2001,1G8ZN14891Z2,1,G,8,Z,N,1,4,8,9,1,Z,2,0,P,STRN,SC1,3P,1,17,2368,,0,1024,,G,,F,4,116,,,14R185,,,,,,0,0,000000000,00000000000,0,0,0,1,0,0,0,0,0,0,0,26,0,0,0,13,4,3,8,0,0,0,1,40,74859,6,1,0,0,3,0,66,125,0,0,0,0,0,0,0,0,0,0,0,0,0,0,1,2,25,1,5,2,1,0,0,1,80,1,1,1,13,0,0
40,400597,1,1,1,6,12,6,30,8,0,1,0,40,1,20,431,20431,16,1996,3GNFK16R8TG1,3,G,N,F,K,1,6,R,8,T,G,1,0,P,CHEV,K15,UT,96,17,5082,,0,1315,,G,,F,8,350,,,16R245,,,,,,0,0,000000000,00000000000,0,0,0,1,0,0,0,0,0,0,0,998,0,0,0,9,4,1,8,0,0,0,1,40,74137,6,1,0,0,3,3,71,135,0,0,0,1,1,11,2010,12,2010,0,0,0,0,0,2,4,30,1,1,2,1,0,0,1,80,1,1,1,13,0,0
40,400598,1,1,1,22,12,15,53,59,0,1,0,40,1,20,421,20421,15,1998,1GNCS13W2W22,1,G,N,C,S,1,3,W,2,W,2,2,0,P,CHEV,BZR,UT,98,17,3685,,0,1070,,G,,F,6,262,,,15R235,,,,,,0,0,000000000,00000000000,0,0,0,1,0,0,0,0,0,0,0,998,0,1,5,12,6,2,1,0,0,0,1,40,74883,2,1,0,0,2,0,68,215,0,0,0,0,0,0,0,0,0,1,0,0,0,0,1,2,45,1,6,2,1,28,3,1,13,1,1,4,1,1,1
40,400599,1,3,2,21,9,15,20,12,7,1,0,29,3,51,881,51881,66,2007,4V4NC9GH97N4,4,V,4,N,C,9,G,H,9,7,N,4,1,T,VOLV,VNL,TR,7,17,,8,0,0,VVN,D,,,6,732,,,,,00000,00,,64,1,57,453625,57453625,3,6,1,1,0,0,0,0,0,0,0,998,0,0,0,11,4,1,12,0,0,0,1,29,63147,6,1,6,0,3,0,72,200,0,0,0,0,0,0,0,0,0,0,38,0,0,0,3,2,70,1,5,2,1,21,3,16,11,1,1,1,47,0,0
40,400599,2,3,8,21,9,15,20,12,7,1,0,48,3,12,870,12870,55,2011,1FDWE3FL4BDA,1,F,D,W,E,3,F,L,4,B,D,A,0,T,FORD,3DC,YY,11,17,,3,1760,1380,CTV,G,,,8,330,,,,D,4802,03,E,42,0,88,888888888,88888888888,2,21,22,1,0,0,0,0,8,0,0,998,0,1,5,4,6,2,1,0,0,0,1,48,75020,6,1,6,0,3,0,999,999,0,0,0,0,0,0,0,0,0,0,0,0,0,0,6,1,70,1,1,2,1,0,0,1,61,6,1,3,45,3,0
40,400599,3,3,1,21,9,15,20,12,7,1,0,48,3,87,881,87881,66,2004,1XP5DB9X44D8,1,X,P,5,D,B,9,X,4,4,D,8,1,T,PTRB,379,TR,4,17,,8,0,0,CON,D,,,6,893,,,,,00000,00,,64,1,57,1386445,571386445,3,6,8,1,0,0,0,0,0,0,0,998,0,0,0,3,4,1,12,0,0,0,1,48,75076,6,1,6,0,3,3,999,999,0,0,0,0,0,0,0,0,0,0,0,0,0,0,3,2,70,1,1,2,1,0,0,1,61,1,1,1,98,0,0
40,400600,1,1,1,19,12,18,25,1,0,1,0,40,1,12,398,12398,2,1933,000000000000,0,0,0,0,0,0,0,0,0,0,0,0,0,,,,,,,,,,,,,,,,,,,,,,,,,0,0,000000000,00000000000,0,0,0,1,0,0,0,0,0,0,0,998,0,1,5,0,6,2,1,0,0,0,1,40,74857,6,1,0,0,3,0,71,160,0,1,0,0,1,2,2010,2,2010,1,0,0,0,0,2,4,65,1,1,2,1,0,0,1,13,6,3,4,2,1,0
40,400601,1,2,1,21,12,6,5,12,1,1,0,40,3,12,481,12481,31,2008,1FTPW14V48KB,1,F,T,P,W,1,4,V,4,8,K,B,0,T,FORD,F1S,CW,8,17,,2,1500,1390,COF,F,,,8,329,,,,B,5361,01,E,44,0,0,000000000,00000000000,0,0,0,1,0,0,0,0,0,0,0,998,0,0,0,12,6,2,2,0,0,1,1,40,74872,6,1,6,0,3,0,75,218,0,0,0,0,0,0,0,0,0,0,0,0,0,0,2,2,70,1,1,2,1,0,0,1,51,1,1,1,24,1,0
40,400601,2,2,1,21,12,6,5,12,1,1,0,40,1,87,881,87881,66,1993,1XP5DB9X8PD3,1,X,P,5,D,B,9,X,8,P,D,3,1,T,PTRB,379,TR,93,17,,8,2750,1310,CON,D,,,6,893,,,,,00000,00,,64,1,57,2121215,572121215,3,6,4,1,0,0,0,0,0,0,0,998,0,0,0,6,6,2,12,0,0,0,1,40,73086,6,1,6,0,3,0,74,251,0,1,0,0,4,8,2010,5,2012,0,0,0,0,0,2,2,70,1,1,2,1,0,0,1,53,1,1,1,25,0,0
40,400602,1,1,3,24,12,16,37,1,0,1,0,48,0,12,422,12422,15,2001,1FMPU18L71LB,1,F,M,P,U,1,8,L,7,1,L,B,0,P,FORD,EPT,UT,1,17,5417,,0,1191,,G,,F,8,330,,,17R265,,,,,,0,0,000000000,00000000000,0,0,0,1,0,0,0,0,0,0,0,998,0,1,5,0,6,2,1,0,0,0,1,48,75602,6,1,0,0,3,0,999,999,0,0,0,0,0,0,0,0,0,1,58,0,0,0,1,2,45,3,1,2,1,28,3,14,13,6,3,4,7,1,0
40,400603,1,1,1,3,12,15,22,42,0,1,0,40,3,12,481,12481,31,2009,1FTPX14VX9FA,1,F,T,P,X,1,4,V,X,9,F,A,0,T,FORD,F15,4C,9,17,,2,1630,1330,COF,F,,,8,329,,,,B,5317,05,L,44,0,0,000000000,00000000000,0,0,0,1,0,0,0,0,0,0,0,998,0,0,0,12,6,2,42,0,0,0,1,40,74436,6,1,0,0,3,0,70,185,0,0,0,0,0,0,0,0,0,0,0,0,0,0,1,2,65,1,1,2,1,0,0,1,13,1,1,4,1,1,0
40,400604,1,2,3,25,12,10,35,12,6,1,0,40,1,12,422,12422,15,2004,1FMPU15L74LB,1,F,M,P,U,1,5,L,7,4,L,B,0,P,FORD,EPT,UT,4,17,5218,,0,1191,,G,,F,8,330,,,17R265,,,,,,0,0,000000000,00000000000,0,0,0,1,0,0,0,0,0,0,0,998,0,0,0,3,6,2,12,0,0,0,1,40,73801,6,1,0,0,3,0,77,240,0,0,0,0,0,0,0,0,0,1,87,28,0,0,1,2,65,1,5,2,3,28,3,1,6,1,4,2,64,2,0
40,400604,2,2,1,25,12,10,35,12,6,1,0,33,3,87,881,87881,66,2010,1XPHD49X8AD1,1,X,P,H,D,4,9,X,8,A,D,1,1,T,PTRB,386,TR,10,17,,8,0,0,CON,D,,,6,915,,,,,00000,00,,64,1,57,586237,57586237,3,6,1,1,0,0,0,0,0,0,0,998,0,0,0,12,6,2,12,0,0,0,1,39,44087,6,1,6,0,3,0,70,195,0,0,0,0,0,0,0,0,0,0,0,0,0,0,1,2,65,1,6,2,3,28,3,1,62,1,1,1,65,0,0
40,400605,1,2,3,26,12,19,5,5,0,1,0,40,1,20,431,20431,16,2003,3GNFK16Z33G3,3,G,N,F,K,1,6,Z,3,3,G,3,0,P,CHEV,K15,UT,3,17,5123,,0,1300,,F,,F,8,325,,,16R265,,,,,,0,0,000000000,00000000000,0,0,0,1,0,0,0,0,0,0,0,998,0,0,0,0,0,1,5,0,0,0,1,40,73071,6,1,0,0,3,0,69,200,0,0,0,0,0,0,0,0,0,0,0,0,0,0,1,4,40,1,1,2,1,0,0,11,98,1,1,1,0,1,0
40,400605,2,2,1,26,12,19,5,5,0,1,0,40,1,52,402,52402,14,2010,4A4JN3AS6AE0,4,A,4,J,N,3,A,S,6,A,E,0,0,P,MITS,END,UT,10,17,4178,,0,1083,,G,,F,6,232,,,18R255,,,,,,0,0,000000000,00000000000,0,0,0,1,0,0,0,0,0,0,0,998,0,0,0,14,2,1,54,0,0,0,1,40,73020,6,1,0,0,3,3,68,205,0,0,0,0,0,0,0,0,0,0,0,0,0,0,1,4,40,1,1,2,1,0,0,1,98,1,1,1,98,0,0
40,400606,1,1,1,26,12,20,23,8,0,1,0,40,3,24,7,24007,4,2004,1G8AL52F54Z1,1,G,8,A,L,5,2,F,5,4,Z,1,0,P,STRN,SI3,4D,4,17,2830,,0,1032,,G,,F,4,134,,,16R205,,,,,,0,0,000000000,00000000000,0,0,0,1,0,0,0,0,0,0,0,998,0,0,0,12,6,2,8,0,0,0,1,40,73119,0,0,0,0,0,0,68,174,0,0,0,0,0,0,0,0,0,0,0,0,0,0,1,4,40,1,1,2,1,0,0,1,80,1,1,1,13,0,0
40,400607,1,1,3,30,12,22,58,42,0,1,0,40,1,12,481,12481,31,1994,1FTEX15N9RKA,1,F,T,E,X,1,5,N,9,R,K,A,0,T,FORD,F15,PC,94,17,,2,1550,1390,COF,G,,,8,302,,,,B,4186,01,M,42,0,0,000000000,00000000000,0,0,0,1,0,0,0,0,0,0,0,998,0,0,0,12,6,2,2,0,0,1,1,40,74352,6,1,0,0,3,0,69,135,0,0,0,0,0,0,0,0,0,1,0,0,0,0,1,2,45,2,3,2,1,0,0,14,12,1,1,4,6,1,1
40,400608,1,2,1,7,9,19,42,59,0,1,0,40,1,20,481,20481,31,2010,3GCRKSEA3AG1,3,G,C,R,K,S,E,A,3,A,G,1,0,T,CHEV,2SK,CW,10,17,,2,0,1435,SIL,F,,,8,293,,,,B,5346,00,,44,0,0,000000000,00000000000,0,0,0,1,0,0,0,0,0,0,0,998,0,0,0,12,6,2,12,0,0,0,1,40,74745,6,1,0,0,3,0,69,145,0,0,0,1,1,10,2011,8,2012,0,28,0,0,0,1,2,55,3,1,2,1,0,0,14,13,1,1,4,1,1,1
40,400608,2,2,3,7,9,19,42,59,0,1,0,48,3,12,880,12880,67,2006,1FDWW36P06ED,1,F,D,W,W,3,6,P,0,6,E,D,1,T,FORD,F3D,CH,6,17,,3,0,1760,DRW,D,,,8,366,,,,D,6433,00,E,42,1,57,636937,57636937,2,4,3,1,0,0,0,0,0,0,0,998,0,1,1,12,6,2,12,0,0,0,1,48,75570,6,1,6,0,3,3,999,999,0,0,0,1,1,9,2012,9,2012,0,0,0,0,0,1,2,55,2,1,2,1,0,0,14,62,1,1,1,98,0,0
40,400609,1,1,1,7,11,19,29,8,0,1,0,40,1,23,461,23461,21,1992,2GTGG39K1N45,2,G,T,G,G,3,9,K,1,N,4,5,0,T,GMC,G3V,ES,92,17,,2,0,1460,VAN,G,,,8,350,,,,D,5143,01,A,42,0,0,000000000,00000000000,0,0,0,1,0,0,0,0,0,0,0,998,0,0,0,12,6,2,8,0,0,0,1,40,74014,6,1,0,0,3,0,70,230,0,0,0,0,0,0,0,0,0,0,0,0,0,0,1,6,40,1,6,1,1,0,0,1,80,1,1,1,13,0,0
40,400610,1,1,1,22,12,11,31,1,0,1,0,40,1,20,481,20481,31,1996,1GCEK19R0TE1,1,G,C,E,K,1,9,R,0,T,E,1,0,T,CHEV,GK1,PC,96,17,,2,1555,1415,GM4,G,,,8,350,,,,B,4495,08,,44,0,0,000000000,00000000000,0,0,0,1,0,0,0,0,0,0,0,998,0,1,5,0,6,2,1,0,0,0,1,40,73003,6,1,0,0,3,0,74,170,0,0,0,0,0,0,0,0,0,0,0,0,0,0,2,4,70,1,1,1,1,0,0,1,13,1,4,4,2,1,0
40,400611,1,2,2,29,12,23,26,12,6,1,0,40,3,12,17,12017,4,1998,1FAFP52UXWA1,1,F,A,F,P,5,2,U,X,W,A,1,0,P,FORD,TLS,4D,98,17,3359,,0,1085,,G,,F,6,182,,,15R205,,,,,,0,0,000000000,00000000000,0,0,0,1,0,0,0,0,0,0,0,998,0,0,0,1,6,2,12,0,0,0,1,40,74136,1,1,0,0,2,0,70,170,0,0,0,0,1,3,2011,3,2011,0,34,28,0,0,1,2,40,1,1,2,1,28,3,6,13,6,4,6,64,2,1
40,400611,2,2,1,29,12,23,26,12,6,1,0,40,1,20,403,20403,14,2006,1GNDT13S9621,1,G,N,D,T,1,3,S,9,6,2,1,0,P,CHEV,TRL,UT,6,17,4594,,0,1130,,G,,F,6,256,,,16R235,,,,,,0,0,000000000,00000000000,0,0,0,1,0,0,0,0,0,0,0,998,0,1,1,12,6,2,12,0,0,0,1,40,74136,6,1,0,0,3,3,70,150,0,0,0,1,0,7,2010,7,2010,0,0,0,0,0,1,2,40,1,1,2,1,28,3,1,62,1,1,1,65,0,0
40,400612,1,1,6,5,12,16,49,1,0,1,0,40,1,20,431,20431,16,1995,3GNEC16K8SG1,3,G,N,E,C,1,6,K,8,S,G,1,0,P,CHEV,C15,UT,95,17,4691,,0,1175,,G,,F,8,350,,,15R235,,,,,,0,0,000000000,00000000000,0,0,0,1,0,0,0,0,0,0,0,998,0,1,2,0,6,2,1,0,0,0,1,40,74403,6,1,0,0,3,0,66,180,0,0,0,0,2,8,2012,8,2012,0,85,0,0,0,3,2,75,1,1,1,1,0,0,17,52,7,4,4,2,2,0
40,400613,1,2,1,28,12,21,36,12,6,1,0,40,6,12,17,12017,4,1995,1FALP52U2SA2,1,F,A,L,P,5,2,U,2,S,A,2,0,P,FORD,TGS,4D,95,17,3118,,0,1060,,G,,F,6,182,,,15R205,,,,,,0,0,000000000,00000000000,0,0,0,1,0,0,0,0,0,0,0,0,0,0,0,4,6,2,12,0,0,0,0,0,99997,7,6,97,7,6,7,998,997,998,998,998,998,998,98,9998,98,9998,8,20,0,0,0,3,2,75,1,1,2,1,0,0,0,53,0,0,0,48,0,0
40,400613,2,2,4,28,12,21,36,12,6,1,0,29,3,35,481,35481,31,2012,1N6AA0EJ5CN3,1,N,6,A,A,0,E,J,5,C,N,3,0,T,NISS,SLP,CW,12,17,,2,0,0,TTN,G,,,8,342,,,,B,5300,00,4,44,0,0,000000000,00000000000,0,0,0,1,0,0,0,0,0,0,0,998,0,0,0,12,6,2,8,0,0,0,1,29,64132,6,1,0,0,3,0,71,182,1,0,0,1,0,1,2012,2,2012,0,0,0,0,0,3,2,75,1,1,2,1,0,0,17,52,6,1,3,48,0,0
40,400614,1,1,1,30,12,19,14,42,0,1,0,40,1,12,481,12481,31,2005,1FTPX14535FB,1,F,T,P,X,1,4,5,3,5,F,B,0,T,FORD,F15,4C,5,17,,2,1450,1260,COF,G,,,8,330,,,,B,5363,05,U,44,0,0,000000000,00000000000,0,0,0,1,0,0,0,0,0,0,0,998,0,0,0,1,6,2,2,0,0,1,1,40,74342,6,1,0,0,3,0,67,130,0,0,0,0,0,0,0,0,0,0,0,0,0,0,1,2,45,3,1,2,1,0,0,14,13,1,1,4,1,1,0
40,400615,1,2,2,30,10,19,12,12,2,1,0,40,2,12,481,12481,31,2009,1FTRW14869FB,1,F,T,R,W,1,4,8,6,9,F,B,0,T,FORD,F1S,CW,9,17,,2,1570,1450,COF,G,,,8,281,,,,B,5546,01,L,44,0,0,000000000,00000000000,0,0,0,1,0,0,0,0,0,0,0,998,0,0,0,12,6,2,12,0,0,0,1,40,74301,6,1,0,0,3,0,73,155,0,0,0,0,0,0,0,0,0,0,28,0,0,0,1,2,45,1,1,2,1,0,0,1,10,1,1,2,50,0,0
40,400615,2,2,4,30,10,19,12,12,2,1,0,19,1,12,24,12024,6,2008,2FMDK39C18BA,2,F,M,D,K,3,9,C,1,8,B,A,0,P,FORD,EDG,UT,8,17,4073,,0,1112,,G,,F,6,214,,,17R235,,,,,,0,0,000000000,00000000000,0,0,0,1,0,0,0,0,0,0,0,998,0,0,0,12,6,2,12,0,0,0,1,19,50854,6,1,0,0,3,0,68,185,0,0,0,0,0,0,0,0,0,0,0,0,0,0,1,2,45,1,1,2,1,0,0,1,62,1,1,1,51,1,0
40,400616,1,2,1,30,12,8,40,12,6,1,0,48,1,82,881,82881,66,2004,1FUJA6CG14LL,1,F,U,J,A,6,C,G,1,4,L,L,1,T,FRHT,COL,TR,4,17,,8,0,0,CON,D,,,6,774,,,,,00000,00,,64,1,57,2183001,572183001,3,6,2,1,0,0,0,0,0,0,0,998,0,0,0,8,6,2,12,0,0,0,1,48,79103,6,1,6,0,3,0,999,999,0,0,0,1,2,4,2010,11,2012,0,39,0,0,0,1,2,65,1,1,2,1,20,3,1,17,1,1,1,89,0,0
40,400616,2,2,5,30,12,8,40,12,6,1,0,40,2,7,482,7482,31,2009,3D7KS28T49G5,3,D,7,K,S,2,8,T,4,9,G,5,0,T,DODG,SQ2,CW,9,17,,2,1605,1405,RPC,G,,,8,348,,,,C,5984,00,E,44,0,0,000000000,00000000000,0,0,0,1,0,0,0,0,0,0,0,998,0,0,0,12,6,2,12,0,0,0,1,40,73064,6,1,0,0,3,0,73,157,0,0,0,0,0,0,0,0,0,0,0,0,0,0,1,2,65,1,1,2,1,0,0,1,66,1,1,1,88,1,0
40,400617,1,2,0,17,12,19,51,12,1,1,0,40,6,12,481,12481,31,2005,1FTRW14W05KD,1,F,T,R,W,1,4,W,0,5,K,D,0,T,FORD,F1S,CW,5,17,,2,1450,1260,COF,G,,,8,281,,,,B,5577,00,U,44,0,0,000000000,00000000000,0,0,0,1,0,0,0,0,0,0,0,0,0,0,0,6,6,2,12,0,0,0,0,0,99997,7,6,97,7,6,7,998,997,998,998,998,998,998,98,9998,98,9998,8,54,20,0,0,1,2,45,1,5,2,1,28,3,0,53,0,0,0,32,0,0
40,400617,2,2,2,17,12,19,51,12,1,1,0,40,1,41,50,41050,6,2005,1YVHP82D755M,1,Y,V,H,P,8,2,D,7,5,5,M,0,P,MAZD,M6S,SW,5,17,3404,,0,1053,,G,,F,6,181,,,17R215,,,,,,0,0,000000000,00000000000,0,0,0,1,0,0,0,0,0,0,0,998,0,0,0,12,6,2,12,0,0,0,1,40,74501,6,1,0,0,3,3,63,160,0,0,0,0,0,0,0,0,0,0,0,0,0,0,1,2,45,1,5,2,1,28,3,1,50,1,1,1,32,1,0
40,400619,1,1,1,25,11,2,46,19,0,1,0,40,1,12,401,12401,14,2004,1FMZU74WX4UB,1,F,M,Z,U,7,4,W,X,4,U,B,0,P,FORD,EPR,UT,4,17,4094,,0,1137,,G,,F,8,281,,,17R245,,,,,,0,0,000000000,00000000000,0,0,0,1,0,0,0,0,0,0,0,998,0,0,0,12,6,2,19,0,0,0,1,40,73112,6,1,0,0,3,0,70,165,0,0,0,1,0,8,2011,8,2011,0,28,0,0,0,1,2,30,1,1,2,1,0,0,1,12,1,1,4,6,1,1
40,400620,1,2,1,23,12,14,37,12,6,1,0,40,1,55,36,55036,4,2007,KMHCN46C87U0,K,M,H,C,N,4,6,C,8,7,U,0,0,P,HYUN,ALS,4D,7,17,2365,,0,984,,G,,F,4,098,,,14R185,,,,,,0,0,000000000,00000000000,0,0,0,1,0,0,0,0,0,0,0,998,0,0,0,12,6,2,12,0,0,0,1,40,73110,6,1,0,0,3,0,73,160,0,0,0,0,0,0,0,0,0,0,48,28,0,0,1,2,99,1,5,2,1,3,3,11,11,1,1,2,74,0,0
40,400620,2,2,4,23,12,14,37,12,6,1,0,40,1,18,7,18007,4,1998,2G4WS52M6W14,2,G,4,W,S,5,2,M,6,W,1,4,0,P,BUIC,CCU,4D,98,17,3255,,0,1090,,G,,F,6,191,,,15R205,,,,,,0,0,000000000,00000000000,0,0,0,1,0,0,0,0,0,0,0,998,0,0,0,7,6,2,12,0,0,0,1,40,73170,6,1,0,0,3,3,75,270,0,0,0,0,0,0,0,0,0,0,0,0,0,0,4,2,99,1,5,2,1,3,3,11,60,1,1,1,74,1,0
40,400621,1,2,1,15,12,8,37,12,6,1,0,40,2,41,51,41051,4,2008,JM1BK32G5818,J,M,1,B,K,3,2,G,5,8,1,8,0,P,MAZD,M3I,4D,8,17,2780,,0,1039,,G,,F,4,122,,,15R195,,,,,,0,0,000000000,00000000000,0,0,0,1,0,0,0,0,0,0,0,998,0,0,0,1,6,2,12,0,0,0,1,40,74066,6,1,0,0,3,0,63,110,0,0,0,0,0,0,0,0,0,0,38,0,0,0,2,2,65,1,1,2,2,20,3,4,17,1,1,1,88,0,0