STATE,ST_CASE,VEH_NO,VE_FORMS,NUMOCCS,DAY,MONTH,HOUR,MINUTE,HARM_EV,MAN_COLL,UNITTYPE,HIT_RUN,REG_STAT,OWNER,MAKE,MODEL,MAK_MOD,BODY_TYP,MOD_YEAR,VIN,VIN_1,VIN_2,VIN_3,VIN_4,VIN_5,VIN_6,VIN_7,VIN_8,VIN_9,VIN_10,VIN_11,VIN_12,TOW_VEH,VINTYPE,VINMAKE,VINA_MOD,VIN_BT,VINMODYR,VIN_LNGT,VIN_WGT,WGTCD_TR,WHLBS_LG,WHLBS_SH,SER_TR,FUELCODE,MCYCL_DS,CARBUR,CYLINDER,DISPLACE,MCYCL_CY,MCYCL_WT,TIRE_SZE,TON_RAT,TRK_WT,TRKWTVAR,VIN_REST,WHLDRWHL,J_KNIFE,MCARR_I1,MCARR_I2,MCARR_ID,GVWR,V_CONFIG,CARGO_BT,HAZ_INV,HAZ_PLAC,HAZ_ID,HAZ_CNO,HAZ_REL,BUS_USE,SPEC_USE,EMER_USE,TRAV_SP,UNDERIDE,ROLLOVER,ROLINLOC,IMPACT1,DEFORMED,TOWED,M_HARM,VEH_SC1,VEH_SC2,FIRE_EXP,DR_PRES,L_STATE,DR_ZIP,L_STATUS,L_TYPE,CDL_STAT,L_ENDORS,L_COMPL,L_RESTRI,DR_HGT,DR_WGT,PREV_ACC,PREV_SUS,PREV_DWI,PREV_SPD,PREV_OTH,FIRST_MO,FIRST_YR,LAST_MO,LAST_YR,SPEEDREL,DR_SF1,DR_SF2,DR_SF3,DR_SF4,VTRAFWAY,VNUM_LAN,VSPD_LIM,VALIGN,VPROFILE,VPAVETYP,VSURCOND,VTRAFCON,VTCONT_F,P_CRASH1,P_CRASH2,P_CRASH3,PCRASH4,PCRASH5,ACC_TYPE,DEATHS,DR_DRINK
40,400621,2,2,2,15,12,8,37,12,6,1,0,40,1,12,401,12401,14,1984,1FMCU14S8EUC,1,F,M,C,U,1,4,S,8,E,U,C,0,P,FORD,BII,UT,84,17,3073,,0,940,,G,,2,6,171,,,000000,,,,,,0,0,000000000,00000000000,0,0,0,1,0,0,0,0,0,0,0,998,0,1,5,11,6,2,1,0,0,0,1,40,74066,6,1,6,0,3,3,72,260,0,0,0,0,2,5,2011,7,2011,0,0,0,0,0,2,2,65,1,1,2,2,0,0,1,66,1,1,1,89,1,0
40,400622,1,1,1,1,12,20,31,1,0,1,0,92,0,53,739,53739,90,2006,000000000000,0,0,0,0,0,0,0,0,0,0,0,0,0,,,,,,,,,,,,,,,,,,,,,,,,,0,0,000000000,00000000000,0,0,0,1,0,0,0,0,0,0,0,998,0,1,1,0,4,1,1,0,0,0,1,40,73084,6,1,0,0,1,0,69,170,0,0,0,1,1,10,2011,1,2012,1,0,0,0,0,1,2,25,1,6,2,1,0,0,11,6,1,1,1,98,1,0
40,400623,1,1,1,16,12,12,12,18,0,1,0,48,1,49,482,49482,31,2012,5TFRM5F15CX0,5,T,F,R,M,5,F,1,5,C,X,0,0,T,TOYT,DBS,CW,12,17,,2,0,1457,TUN,G,,,8,281,,,,B,5085,00,7,42,0,0,000000000,00000000000,0,0,0,1,0,0,0,0,0,0,0,998,0,1,2,12,6,2,1,0,0,0,1,48,79081,6,1,0,0,3,0,999,999,1,1,0,3,0,7,2010,11,2011,0,0,0,0,0,3,3,70,1,5,1,1,0,0,1,12,1,1,4,6,1,0
40,400624,1,2,1,17,11,14,40,12,6,1,0,40,1,72,706,72706,80,2002,1HD1BSY152Y0,1,H,D,1,B,S,Y,1,5,2,Y,0,0,M,HD,XTD,RS,2,17,,,,,,,1450,,2,,4,653,,,,,,,0,0,000000000,00000000000,0,0,0,1,0,0,0,0,0,0,0,998,0,0,0,1,6,2,12,0,0,0,1,40,74128,6,1,0,0,3,0,73,180,0,0,0,0,0,0,0,0,0,1,0,0,0,0,2,2,45,1,1,1,1,3,2,1,50,7,1,3,48,1,0
40,400624,2,2,2,17,11,14,40,12,6,1,0,40,2,12,481,12481,31,2006,1FTRX14W66FA,1,F,T,R,X,1,4,W,6,6,F,A,0,T,FORD,F15,4C,6,17,,2,0,1450,COF,G,,,8,281,,,,B,4297,16,E,44,0,0,000000000,00000000000,0,0,0,1,0,0,0,0,0,0,0,0,0,0,0,5,4,1,12,0,0,0,1,40,74435,6,1,0,0,3,0,67,210,0,1,0,0,1,7,2010,8,2011,0,0,0,0,0,2,2,45,1,1,1,1,3,3,5,53,1,1,1,48,0,0
40,400625,1,2,1,22,12,9,41,12,6,1,0,40,1,12,481,12481,31,2012,1FTFW1EF1CKD,1,F,T,F,W,1,E,F,1,C,K,D,0,T,FORD,F1S,CW,12,17,,2,1570,1450,COF,F,,,8,305,,,,B,5586,02,7,44,0,0,000000000,00000000000,0,0,0,1,0,0,0,0,0,0,0,998,0,0,0,9,6,2,12,0,0,0,1,40,73669,6,1,0,0,3,3,68,140,0,0,0,0,0,0,0,0,0,0,38,0,0,0,1,2,45,1,5,2,1,20,3,11,15,1,1,1,82,1,0
40,400625,2,2,3,22,12,9,41,12,6,1,0,40,3,87,881,87881,66,1998,1XP5DB9X1WN4,1,X,P,5,D,B,9,X,1,W,N,4,1,T,PTRB,379,TR,98,17,,8,0,0,CON,D,,,6,893,,,,,00000,00,,64,1,57,1364572,571364572,3,6,4,1,0,0,0,0,0,0,0,998,0,0,0,12,6,2,12,0,0,0,1,40,73750,6,1,6,0,3,0,67,217,1,0,0,3,5,9,2010,12,2012,0,0,0,0,0,1,2,65,1,1,2,1,28,3,1,67,6,1,3,83,0,0
40,400626,1,1,2,5,12,2,44,35,0,1,0,40,2,45,31,45031,1,2011,WP0CD2A97BS7,W,P,0,C,D,2,A,9,7,B,S,7,0,P,PORS,9TC,CV,11,17,3627,,0,0,,G,,T,6,220,,,000000,,,,,,0,0,000000000,00000000000,0,0,0,1,0,0,0,0,0,0,0,998,0,1,5,12,6,2,1,0,0,0,1,40,73116,6,1,0,0,3,0,61,145,0,0,0,1,0,1,2011,1,2011,1,0,0,0,0,1,2,45,1,5,2,1,0,0,1,8,1,3,4,2,2,1
40,400627,1,2,1,21,11,21,56,12,6,1,0,40,1,12,24,12024,6,2010,2FMDK3JC2ABA,2,F,M,D,K,3,J,C,2,A,B,A,0,P,FORD,EDG,UT,10,17,4078,,0,1112,,G,,F,6,214,,,18R245,,,,,,0,0,000000000,00000000000,0,0,0,1,0,0,0,0,0,0,0,998,0,0,0,9,6,2,12,0,0,0,1,40,74960,6,1,0,0,3,0,65,210,0,0,0,0,0,0,0,0,0,0,38,0,0,0,6,2,25,1,1,1,1,20,3,11,15,1,1,1,82,1,0
40,400627,2,2,1,21,11,21,56,12,6,1,0,40,2,20,481,20481,31,2012,1GCRCREA4CZ2,1,G,C,R,C,R,E,A,4,C,Z,2,0,T,CHEV,4SC,4C,12,17,,2,1575,1435,SIL,F,,,8,293,,,,B,4906,03,,42,0,0,000000000,00000000000,0,0,0,1,0,0,0,0,0,0,0,998,0,0,0,12,6,2,12,0,0,0,1,40,74429,6,1,0,0,3,0,60,115,0,0,0,0,0,0,0,0,0,0,0,0,0,0,2,4,55,1,3,1,1,0,0,1,67,1,1,1,83,0,0
40,400628,1,3,1,24,11,18,42,12,1,1,0,40,1,22,2,22002,4,2004,1G2HX52K84U1,1,G,2,H,X,5,2,K,8,4,U,1,0,P,PONT,BVS,4D,4,17,3633,,0,1122,,G,,F,6,231,,,16R225,,,,,,0,0,000000000,00000000000,0,0,0,1,0,0,0,0,0,0,0,50,0,0,0,12,2,3,12,0,0,0,1,40,73501,6,1,0,0,3,0,67,120,0,1,0,1,0,8,2011,4,2012,0,26,0,0,0,1,2,45,1,1,2,1,0,0,1,52,1,1,3,28,0,0
40,400628,2,3,1,24,11,18,42,12,1,1,0,40,2,37,703,37703,80,2001,JH2MC13021K7,J,H,2,M,C,1,3,0,2,1,K,7,0,M,HOND,CMX,RS,1,17,,,,,,,234,,2,,4,306,,,,,,,0,0,000000000,00000000000,0,0,0,1,0,0,0,0,0,0,0,998,0,0,0,6,6,2,12,0,0,0,1,40,73527,6,7,0,0,3,2,65,130,0,0,0,0,0,0,0,0,0,0,73,0,0,0,1,2,45,1,1,2,1,0,0,2,53,1,1,1,29,1,0
40,400628,3,3,2,24,11,18,42,12,1,1,0,40,1,35,51,35051,6,2011,JN8AS5MT4BW5,J,N,8,A,S,5,M,T,4,B,W,5,0,P,NISS,ROG,UT,11,17,3281,,0,1059,,G,,F,4,153,,,16R215,,,,,,0,0,000000000,00000000000,0,0,0,1,0,0,0,0,0,0,0,998,0,0,0,6,2,1,12,0,0,0,1,40,73527,6,1,0,0,3,0,73,300,0,0,0,0,1,1,2010,1,2010,0,0,0,0,0,1,2,45,1,1,2,1,0,0,2,53,1,1,1,98,0,0
40,400629,1,2,1,28,11,10,6,12,6,1,0,99,9,2,403,2403,14,2003,1J4FA69S23P3,1,J,4,F,A,6,9,S,2,3,P,3,0,T,JEEP,WRB,2W,3,17,,1,0,934,W/T,G,,,6,244,,,,,3648,00,E,44,0,0,000000000,00000000000,0,0,0,1,0,0,0,0,0,0,0,998,0,1,1,12,6,2,12,0,0,0,1,8,80449,6,1,0,0,3,3,70,164,0,0,0,0,0,0,0,0,0,0,30,0,0,0,1,2,40,1,1,2,1,0,0,98,98,1,1,7,88,0,0
40,400629,2,2,1,28,11,10,6,12,6,1,0,99,9,49,32,49032,4,2009,JTDBL40E0990,J,T,D,B,L,4,0,E,0,9,9,0,0,P,TOYT,CLB,4D,9,17,2723,,0,1024,,G,,F,4,110,,,15R195,,,,,,0,0,000000000,00000000000,0,0,0,1,0,0,0,0,0,0,0,998,0,1,5,9,6,2,12,0,0,0,1,6,73503,6,1,0,0,3,3,67,165,0,0,0,0,0,0,0,0,0,0,0,0,0,0,1,2,40,1,1,2,1,0,0,1,64,1,1,1,89,1,0
40,400630,1,2,1,7,12,22,12,12,6,1,0,40,1,6,52,6052,6,2003,3C4FY48B83T6,3,C,4,F,Y,4,8,B,8,3,T,6,0,P,CHRY,PTC,SV,3,17,3049,,0,1030,,G,,F,4,148,,,15R195,,,,,,0,0,000000000,00000000000,0,0,0,1,0,0,0,0,0,0,0,998,0,0,0,9,6,2,12,0,0,0,1,40,73013,6,1,0,0,3,0,63,142,0,0,0,0,0,0,0,0,0,0,38,0,0,0,1,2,25,1,2,2,1,20,3,1,17,1,1,1,89,1,0
40,400630,2,2,6,7,12,22,12,12,6,1,0,40,0,35,47,35047,4,2001,1N4DL01D31C1,1,N,4,D,L,0,1,D,3,1,C,1,0,P,NISS,AXE,4D,1,17,2754,,0,1031,,G,,F,4,146,,,15R195,,,,,,0,0,000000000,00000000000,0,0,0,1,0,0,0,0,0,0,0,998,0,0,0,12,6,2,12,0,0,0,1,40,74115,2,1,0,0,2,0,61,110,0,0,0,0,0,0,0,0,0,0,0,0,0,0,3,2,70,1,1,2,1,0,0,1,66,2,1,1,88,0,0
40,400631,1,2,1,22,12,21,52,12,2,1,0,40,2,23,421,23421,15,1997,1GKEK13R6VJ7,1,G,K,E,K,1,3,R,6,V,J,7,0,T,GMC,YUK,4W,97,17,,2,0,1175,YUK,G,,,8,350,,,,B,5225,00,E,44,0,0,000000000,00000000000,0,0,0,1,0,0,0,0,0,0,0,998,0,0,0,12,6,2,12,0,0,0,1,40,74401,6,1,0,0,3,0,69,120,0,0,0,0,1,5,2010,5,2010,0,28,0,0,0,1,2,55,1,6,2,1,28,3,1,10,1,1,2,50,0,1
40,400631,2,2,1,22,12,21,52,12,2,1,0,40,1,19,3,19003,4,2001,1G6KD54Y71U1,1,G,6,K,D,5,4,Y,7,1,U,1,0,P,CADI,DFW,4D,1,17,3978,,0,1138,,G,,F,8,279,,,16R225,,,,,,0,0,000000000,00000000000,0,0,0,1,0,0,0,0,0,0,0,998,0,0,0,12,6,2,12,0,0,0,1,40,74116,6,1,0,0,3,0,65,240,0,0,0,0,0,0,0,0,0,0,0,0,0,0,1,2,55,1,5,2,1,28,3,1,62,1,1,1,51,1,0
40,400632,1,1,1,27,12,0,15,59,0,1,0,40,1,18,401,18401,14,2003,3G5DB03E53S5,3,G,5,D,B,0,3,E,5,3,S,5,0,P,BUIC,RZV,UT,3,17,4024,,0,1122,,G,,F,6,204,,,16R215,,,,,,0,0,000000000,00000000000,0,0,0,1,0,0,0,0,0,0,0,998,0,1,5,12,6,2,2,0,0,1,1,40,73747,6,1,0,0,3,0,69,150,0,0,0,1,1,6,2011,3,2012,0,39,0,0,0,1,2,35,1,1,2,1,20,3,1,14,1,1,4,14,1,1
40,400633,1,1,2,17,12,22,39,8,0,1,0,40,1,12,880,12880,67,2012,1FDRF3HT4CEB,1,F,D,R,F,3,H,T,4,C,E,B,0,T,FORD,F3D,CB,12,17,,3,1648,1408,DRW,D,,,8,409,,,,D,6427,00,Y,44,0,88,888888888,88888888888,2,1,97,1,0,0,0,0,0,0,0,998,0,0,0,12,2,1,8,0,0,0,1,40,73057,6,1,0,0,3,3,72,245,0,0,0,0,0,0,0,0,0,0,0,0,0,0,1,2,45,3,1,2,1,0,0,14,80,1,1,1,13,0,0
40,400634,1,1,1,20,12,5,13,8,0,1,1,99,9,99,999,99999,99,9999,999999999999,9,9,9,9,9,9,9,9,9,9,9,9,0,,,,,,,,,,,,,,,,,,,,,,,,,0,0,000000000,00000000000,0,0,0,1,0,0,0,0,0,0,0,998,0,0,0,12,9,1,8,0,0,0,1,99,99999,9,9,99,9,9,9,999,999,99,99,99,99,99,99,9999,99,9999,9,99,99,99,99,1,2,45,1,6,2,1,0,0,99,80,99,9,9,13,0,0
40,400635,1,2,2,29,12,19,23,12,6,1,0,40,2,12,481,12481,31,2002,1FTNF21L42EA,1,F,T,N,F,2,1,L,4,2,E,A,0,T,FORD,F2S,PK,2,17,,2,0,1370,SRW,G,,,8,330,,,,C,5823,01,U,44,0,0,000000000,00000000000,0,0,0,1,0,0,0,0,0,0,0,998,0,0,0,12,6,2,12,0,0,0,1,40,73056,6,2,0,0,3,3,74,145,1,0,0,0,1,5,2012,5,2012,0,0,0,0,0,1,2,45,1,1,4,11,0,0,1,66,1,1,1,86,0,0
40,400635,2,2,3,29,12,19,23,12,6,1,0,40,2,20,23,20023,6,2008,3GNDA23D08S5,3,G,N,D,A,2,3,D,0,8,S,5,0,P,CHEV,HHR,UT,8,17,3155,,0,1035,,G,,F,4,134,,,16R215,,,,,,0,0,000000000,00000000000,0,0,0,1,0,0,0,0,0,0,0,998,0,1,1,3,6,2,12,0,0,0,1,40,73056,6,1,0,0,3,0,66,115,0,0,2,0,0,2,2011,6,2011,0,38,91,0,0,1,2,45,1,1,4,11,0,0,1,17,1,1,1,87,1,1
40,400636,1,2,1,4,12,18,0,8,0,1,0,40,1,7,482,7482,31,1999,1B7HF16Y9XS1,1,B,7,H,F,1,6,Y,9,X,S,1,1,T,DODG,150,PK,99,17,,2,1347,1187,RPC,G,,,8,318,,,,B,4531,01,U,44,1,0,000000000,00000000000,0,0,0,1,0,0,0,0,0,0,0,0,0,0,0,6,2,3,12,0,0,0,1,40,74730,6,1,0,0,3,0,71,200,0,1,0,1,5,2,2010,9,2011,0,54,0,0,0,1,2,65,1,1,2,1,0,0,5,53,1,1,1,98,0,0
40,400636,2,2,1,4,12,18,0,8,0,1,0,40,2,12,481,12481,31,1991,1FTDF15Y6MNB,1,F,T,D,F,1,5,Y,6,M,N,B,0,T,FORD,F15,PK,91,17,,1,1330,1170,COF,G,,,6,300,,,,B,3535,01,A,42,0,0,000000000,00000000000,0,0,0,1,0,0,0,0,0,0,0,998,0,0,0,12,6,2,8,0,0,0,1,40,74701,6,1,0,0,3,0,69,160,0,0,0,0,0,0,0,0,0,0,0,0,0,0,1,2,65,1,1,2,1,0,0,1,80,1,1,1,13,0,0
40,400637,1,1,4,15,12,4,35,1,0,1,0,40,1,6,52,6052,6,2003,3C4FY58B23T5,3,C,4,F,Y,5,8,B,2,3,T,5,0,P,CHRY,PTC,SV,3,17,3066,,0,1030,,G,,F,4,148,,,16R205,,,,,,0,0,000000000,00000000000,0,0,0,1,0,0,0,0,0,0,0,998,0,1,5,0,6,2,1,0,0,0,1,40,74434,6,1,0,0,3,0,65,125,0,0,0,0,0,0,0,0,0,0,28,87,0,0,1,2,65,2,1,2,2,28,3,14,12,1,4,4,7,1,1
40,400638,1,1,1,17,11,14,51,1,0,1,0,40,2,53,706,53706,80,2002,JS1VT52A8221,J,S,1,V,T,5,2,A,8,2,2,1,0,M,SUZI,TLR,RC,2,17,,,,,,,996,,2,,4,434,,,,,,,0,0,000000000,00000000000,0,0,0,1,0,0,0,0,0,0,0,998,0,0,0,0,6,2,30,0,0,0,1,40,73018,6,1,0,0,2,0,66,160,0,0,0,0,2,3,2012,3,2012,1,0,0,0,0,1,2,30,1,5,2,1,0,0,99,8,1,1,1,98,1,0
40,400639,1,1,1,8,12,20,2,8,0,1,0,40,1,20,481,20481,31,2010,3GCRCSE08AG2,3,G,C,R,C,S,E,0,8,A,G,2,0,T,CHEV,2SC,CW,10,17,,2,0,1435,SIL,F,,,8,323,,,,B,5110,00,,42,0,0,000000000,00000000000,0,0,0,1,0,0,0,0,0,0,0,998,0,0,0,12,4,1,8,0,0,0,1,40,74948,6,1,0,0,3,0,72,205,0,0,0,0,0,0,0,0,0,0,0,0,0,0,1,4,45,1,1,2,1,0,0,1,13,1,1,4,13,0,0
40,400640,1,2,3,14,12,10,42,12,6,1,0,40,1,20,16,20016,4,1998,3G1JC5248WS8,3,G,1,J,C,5,2,4,8,W,S,8,0,P,CHEV,CAV,4D,98,17,2630,,0,1041,,G,,F,4,133,,,14R195,,,,,,0,0,000000000,00000000000,0,0,0,1,0,0,0,0,0,0,0,998,0,0,0,11,6,2,12,0,0,0,1,40,74429,6,1,0,0,3,0,65,180,0,0,0,0,0,0,0,0,0,0,38,0,0,0,1,4,45,1,1,2,1,0,0,11,98,1,1,1,82,1,0
40,400640,2,2,1,14,12,10,42,12,6,1,0,40,1,52,37,52037,3,2001,4A3AC44G31E2,4,A,3,A,C,4,4,G,3,1,E,2,0,P,MITS,EGS,2H,1,17,2944,,0,1008,,G,,F,4,143,,,16R205,,,,,,0,0,000000000,00000000000,0,0,0,1,0,0,0,0,0,0,0,998,0,0,0,12,6,2,12,0,0,0,1,40,74429,6,1,0,0,3,3,63,135,1,0,0,0,1,7,2010,9,2010,0,0,0,0,0,1,4,45,1,1,2,1,0,0,1,72,1,1,1,83,0,0
40,400641,1,2,1,6,12,15,46,12,6,1,0,40,2,18,7,18007,4,2000,2G4WS52JXY11,2,G,4,W,S,5,2,J,X,Y,1,1,0,P,BUIC,CCU,4D,0,17,3368,,0,1090,,G,,F,6,191,,,15R205,,,,,,0,0,000000000,00000000000,0,0,0,1,0,0,0,0,0,0,0,998,0,0,0,12,6,2,12,0,0,0,1,40,73068,6,2,0,0,3,3,67,170,0,0,0,0,0,0,0,0,0,0,27,0,0,0,1,2,65,1,6,7,1,0,0,15,62,1,1,2,69,0,0
40,400641,2,2,1,6,12,15,46,12,6,1,0,40,1,49,32,49032,4,2011,JTDBU4EE8B91,J,T,D,B,U,4,E,E,8,B,9,1,0,P,TOYT,CBS,4D,11,17,2734,,0,1024,,G,,F,4,110,,,15R195,,,,,,0,0,000000000,00000000000,0,0,0,1,0,0,0,0,0,0,0,998,0,0,0,1,6,2,12,0,0,0,1,40,73068,6,1,0,0,3,0,70,310,0,0,0,0,0,0,0,0,0,0,48,0,0,0,1,2,65,1,4,7,1,0,0,11,15,1,1,1,68,1,0
40,400642,1,1,1,31,12,3,53,43,0,1,0,40,2,18,2,18002,4,2002,1G4HP54K32U2,1,G,4,H,P,5,4,K,3,2,U,2,0,P,BUIC,LCF,4D,2,17,3567,,0,1122,,G,,F,6,231,,,15R215,,,,,,0,0,000000000,00000000000,0,0,0,1,0,0,0,0,0,0,0,998,0,1,5,12,6,2,21,0,0,1,1,22,70663,6,1,0,0,3,0,72,235,0,0,0,0,0,0,0,0,0,1,0,0,0,0,3,2,75,1,1,1,2,0,0,1,13,1,1,4,1,1,0
40,400643,1,1,1,1,12,16,55,42,0,1,0,40,1,7,482,7482,31,2003,1D7HA16N73J5,1,D,7,H,A,1,6,N,7,3,J,5,0,T,DODG,S15,PK,3,17,,2,1405,1205,RPC,G,,,8,287,,,,B,4378,03,E,42,0,0,000000000,00000000000,0,0,0,1,0,0,0,0,0,0,0,998,0,0,0,11,6,2,42,0,0,0,1,40,73045,6,1,0,0,3,0,72,170,0,0,0,0,0,0,0,0,0,1,28,0,0,0,1,2,45,1,1,2,1,0,0,1,12,1,3,4,7,1,1
40,400644,1,6,1,11,12,6,55,12,2,1,0,40,2,23,431,23431,16,2000,1GKEK13R2YR1,1,G,K,E,K,1,3,R,2,Y,R,1,0,T,GMC,Y/D,4W,0,17,,2,0,1160,Y/D,G,,,8,350,,,,B,5374,00,E,44,0,0,000000000,00000000000,0,0,0,1,0,0,0,0,0,0,0,998,0,0,0,12,6,2,12,0,0,0,1,40,73160,6,1,0,0,3,3,74,200,1,1,0,0,2,11,2010,2,2011,0,28,0,0,0,1,4,55,1,1,1,1,0,0,1,10,1,1,2,50,1,0
40,400644,2,6,1,11,12,6,55,12,2,1,0,40,2,63,37,63037,6,2012,KNDJT2A68C74,K,N,D,J,T,2,A,6,8,C,7,4,0,P,KIA,SOU,UT,12,17,2707,,0,1004,,G,,F,4,122,,,16R205,,,,,,0,0,000000000,00000000000,0,0,0,1,0,0,0,0,0,0,0,998,0,0,0,12,6,2,12,0,0,0,1,40,73069,6,1,0,0,3,0,70,250,0,0,0,0,0,0,0,0,0,0,0,0,0,0,1,4,55,1,1,1,1,0,0,1,62,7,1,3,51,1,0
40,400644,3,6,1,11,12,6,55,12,2,1,0,40,3,12,461,12461,21,2006,1FTRE14W36HA,1,F,T,R,E,1,4,W,3,6,H,A,0,T,FORD,15V,CG,6,17,,2,0,1380,VAN,G,,,8,281,,,,B,4773,00,E,42,0,0,000000000,00000000000,0,0,0,1,0,0,0,0,0,0,0,998,0,0,0,12,6,2,12,0,0,0,1,40,73071,6,1,0,0,3,0,66,180,0,0,0,0,0,0,0,0,0,0,0,0,0,0,1,4,55,1,1,1,1,0,0,1,62,4,1,1,98,0,0
40,400644,4,6,1,11,12,6,55,12,2,1,0,40,1,35,473,35473,31,2006,1N6BA07B96N5,1,N,6,B,A,0,7,B,9,6,N,5,0,T,NISS,TXS,CW,6,17,,2,0,1398,TTN,F,,,8,342,,,,C,4954,00,E,44,0,0,000000000,00000000000,0,0,0,1,0,0,0,0,0,0,0,998,0,0,0,1,6,2,12,0,0,0,1,40,73071,6,1,0,0,3,0,72,175,0,0,0,0,0,0,0,0,0,0,0,0,0,0,1,4,55,1,1,1,1,0,0,1,62,4,1,1,98,0,0
40,400644,5,6,1,11,12,6,55,12,2,1,0,40,1,41,51,41051,4,2009,JM1BK32F9912,J,M,1,B,K,3,2,F,9,9,1,2,0,P,MAZD,M3I,4D,9,17,2780,,0,1039,,G,,F,4,122,,,15R195,,,,,,0,0,000000000,00000000000,0,0,0,1,0,0,0,0,0,0,0,998,0,0,0,13,6,2,12,0,0,0,1,6,73071,6,1,0,0,3,0,70,190,0,0,0,0,0,0,0,0,0,0,0,0,0,0,1,4,55,1,1,1,1,0,0,1,98,1,1,1,98,0,0
40,400644,6,6,1,11,12,6,55,12,2,1,0,40,1,20,22,20022,4,2007,1G1AK15F3773,1,G,1,A,K,1,5,F,3,7,7,3,0,P,CHEV,BLS,CP,7,17,2991,,0,1033,,G,,F,4,134,,,15R195,,,,,,0,0,000000000,00000000000,0,0,0,1,0,0,0,0,0,0,0,998,0,0,0,13,6,2,12,0,0,0,1,40,73069,6,1,0,0,3,0,75,200,0,0,0,0,0,0,0,0,0,0,0,0,0,0,1,4,55,1,1,1,1,0,0,1,98,1,1,1,98,0,0
40,400646,1,1,2,10,12,22,27,33,0,1,0,40,2,7,422,7422,15,2005,1D4HD48N65F6,1,D,4,H,D,4,8,N,6,5,F,6,0,P,DODG,DUR,UT,5,17,4479,,0,1192,,G,,F,8,287,,,17R265,,,,,,0,0,000000000,00000000000,0,0,0,1,0,0,0,0,0,0,0,998,0,1,6,3,6,2,30,0,0,0,1,40,73505,0,0,0,0,0,0,64,135,0,0,0,0,0,0,0,0,0,1,28,0,0,0,1,2,25,1,1,1,1,0,0,99,12,1,4,4,7,2,1
40,400647,1,2,1,8,12,20,0,12,2,1,0,40,1,18,7,18007,4,2002,2G4WS52J5211,2,G,4,W,S,5,2,J,5,2,1,1,0,P,BUIC,CCU,4D,2,17,3368,,0,1090,,G,,F,6,191,,,15R205,,,,,,0,0,000000000,00000000000,0,0,0,1,0,0,0,0,0,0,0,998,0,0,0,12,6,2,12,0,0,0,1,40,73533,6,1,0,0,3,0,70,170,0,0,0,0,1,10,2012,10,2012,0,39,28,0,0,1,2,25,1,1,2,1,20,3,10,16,1,1,2,80,1,1
40,400647,2,2,1,8,12,20,0,12,2,1,0,40,3,87,881,87881,66,1995,1XP5D68X7SD3,1,X,P,5,D,6,8,X,7,S,D,3,1,T,PTRB,379,TR,95,17,,8,0,0,CON,D,,,6,855,,,,,00000,00,,64,3,77,777777777,77777777777,3,6,2,2,2,8888,3,2,0,0,0,998,0,0,0,12,6,2,12,0,0,0,1,40,73463,1,1,1,2,2,0,70,180,0,1,0,5,3,2,2010,5,2012,0,0,0,0,0,1,4,65,1,1,2,1,0,0,1,67,7,1,1,81,0,0
40,400648,1,2,1,17,12,10,47,12,6,1,0,40,2,12,481,12481,31,2009,1FTPW14V29FA,1,F,T,P,W,1,4,V,2,9,F,A,0,T,FORD,F1S,CW,9,17,,2,1570,1450,COF,F,,,8,329,,,,B,5546,01,L,44,0,0,000000000,00000000000,0,0,0,1,0,0,0,0,0,0,0,998,0,1,5,11,6,2,12,0,0,0,1,40,74033,6,1,0,0,3,0,59,105,0,0,0,0,0,0,0,0,0,0,0,0,0,0,1,4,55,1,5,2,1,0,0,1,62,1,1,1,65,0,0
40,400648,2,2,2,17,12,10,47,12,6,1,0,40,1,52,37,52037,3,2000,4A3AC84LXYE1,4,A,3,A,C,8,4,L,X,Y,E,1,0,P,MITS,ECG,2H,0,17,3120,,0,1008,,G,,F,6,181,,,17R215,,,,,,0,0,000000000,00000000000,0,0,0,1,0,0,0,0,0,0,0,998,0,0,0,1,6,2,12,0,0,0,1,40,74066,6,1,0,0,3,0,69,170,0,1,0,5,1,6,2010,12,2012,0,28,0,0,0,1,4,55,1,6,2,1,0,0,1,10,4,4,2,64,1,0
40,400649,1,1,1,11,12,6,0,33,0,1,0,40,3,20,421,20421,15,2002,1GNCS18W82K1,1,G,N,C,S,1,8,W,8,2,K,1,0,P,CHEV,BZR,UT,2,17,3603,,0,1005,,G,,F,6,262,,,000000,,,,,,0,0,000000000,00000000000,0,0,0,1,0,0,0,0,0,0,0,998,0,0,0,14,6,2,43,0,0,0,1,40,73105,0,0,0,0,0,0,66,210,0,0,0,0,0,0,0,0,0,1,80,37,0,0,1,4,35,1,6,2,1,0,0,1,13,1,1,4,1,1,1
40,400650,1,1,1,7,12,7,42,42,0,1,0,48,3,20,481,20481,31,2011,1GC2CXCG8BZ2,1,G,C,2,C,X,C,G,8,B,Z,2,0,T,CHEV,2C2,4C,11,17,,2,1582,1442,SIL,F,,,8,366,,,,C,5995,01,,42,0,0,000000000,00000000000,0,0,0,1,0,0,0,0,0,0,0,998,0,0,0,12,6,2,42,0,0,0,1,48,75707,6,1,0,0,3,0,999,999,0,0,0,1,0,11,2011,11,2011,0,28,0,0,0,1,2,45,1,6,2,1,28,3,1,12,1,1,4,6,1,0