STATE,ST_CASE,VEH_NO,VE_FORMS,NUMOCCS,DAY,MONTH,HOUR,MINUTE,HARM_EV,MAN_COLL,UNITTYPE,HIT_RUN,REG_STAT,OWNER,MAKE,MODEL,MAK_MOD,BODY_TYP,MOD_YEAR,VIN,VIN_1,VIN_2,VIN_3,VIN_4,VIN_5,VIN_6,VIN_7,VIN_8,VIN_9,VIN_10,VIN_11,VIN_12,TOW_VEH,VINTYPE,VINMAKE,VINA_MOD,VIN_BT,VINMODYR,VIN_LNGT,VIN_WGT,WGTCD_TR,WHLBS_LG,WHLBS_SH,SER_TR,FUELCODE,MCYCL_DS,CARBUR,CYLINDER,DISPLACE,MCYCL_CY,MCYCL_WT,TIRE_SZE,TON_RAT,TRK_WT,TRKWTVAR,VIN_REST,WHLDRWHL,J_KNIFE,MCARR_I1,MCARR_I2,MCARR_ID,GVWR,V_CONFIG,CARGO_BT,HAZ_INV,HAZ_PLAC,HAZ_ID,HAZ_CNO,HAZ_REL,BUS_USE,SPEC_USE,EMER_USE,TRAV_SP,UNDERIDE,ROLLOVER,ROLINLOC,IMPACT1,DEFORMED,TOWED,M_HARM,VEH_SC1,VEH_SC2,FIRE_EXP,DR_PRES,L_STATE,DR_ZIP,L_STATUS,L_TYPE,CDL_STAT,L_ENDORS,L_COMPL,L_RESTRI,DR_HGT,DR_WGT,PREV_ACC,PREV_SUS,PREV_DWI,PREV_SPD,PREV_OTH,FIRST_MO,FIRST_YR,LAST_MO,LAST_YR,SPEEDREL,DR_SF1,DR_SF2,DR_SF3,DR_SF4,VTRAFWAY,VNUM_LAN,VSPD_LIM,VALIGN,VPROFILE,VPAVETYP,VSURCOND,VTRAFCON,VTCONT_F,P_CRASH1,P_CRASH2,P_CRASH3,PCRASH4,PCRASH5,ACC_TYPE,DEATHS,DR_DRINK
41,410102,1,1,1,6,6,22,11,8,0,1,1,41,2,20,481,20481,31,2005,1GCHK23U45F9,1,G,C,H,K,2,3,U,4,5,F,9,0,T,CHEV,2KH,CW,5,17,,2,1670,1530,SIL,G,,,8,366,,,,C,6056,03,,44,0,0,000000000,00000000000,0,0,0,1,0,0,0,0,0,0,0,998,0,0,0,12,2,1,8,0,0,0,1,41,97424,6,1,0,0,3,0,72,215,0,0,0,1,0,9,2009,9,2009,0,36,91,0,0,5,4,55,1,2,2,1,0,0,1,13,1,1,4,1,0,0
41,410104,1,1,1,10,6,21,28,8,0,1,0,41,1,12,471,12471,30,2004,1FTZR45E34PA,1,F,T,Z,R,4,5,E,3,4,P,A,0,T,FORD,RNS,4C,4,17,,1,0,1259,RNG,G,,,6,245,,,,B,3945,00,U,44,0,0,000000000,00000000000,0,0,0,1,0,0,0,0,0,0,0,998,0,0,0,12,4,1,8,0,0,0,1,41,97202,6,1,0,0,3,1,72,200,0,0,0,0,1,2,2012,2,2012,0,0,0,0,0,5,4,35,1,1,2,1,0,0,1,80,1,1,1,13,0,0
41,410105,1,2,1,11,6,8,15,12,2,1,0,41,1,12,461,12461,21,1996,1FDJE34FXTHA,1,F,D,J,E,3,4,F,X,T,H,A,0,T,FORD,35V,CG,96,17,,2,0,1380,VAN,D,,,8,444,,,,D,00000,00,M,42,0,0,000000000,00000000000,0,0,0,1,0,0,0,0,0,0,0,998,0,0,0,12,6,2,12,0,0,0,1,41,97056,6,1,0,0,3,1,71,180,0,0,0,1,0,3,2012,3,2012,1,27,0,0,0,5,4,45,1,1,2,1,2,3,6,10,1,1,2,50,1,1
41,410105,2,2,1,11,6,8,15,12,2,1,0,93,3,12,881,12881,66,1998,1FDXF7086WVA,1,F,D,X,F,7,0,8,6,W,V,A,0,T,FORD,F70,CC,98,17,,7,2560,1290,MHV,P,,,8,429,,,,,00000,00,,42,0,57,702193,57702193,3,5,96,1,0,0,0,0,0,0,0,0,0,0,0,12,9,3,12,0,0,0,1,53,98607,6,1,6,0,3,0,72,235,0,0,0,0,0,0,0,0,0,0,0,0,0,0,5,2,45,1,1,2,1,2,3,5,62,1,1,1,51,0,0
41,410106,1,2,1,14,6,9,10,12,2,1,0,53,1,49,40,49040,4,1997,JT2BF22K0V00,J,T,2,B,F,2,2,K,0,V,0,0,0,P,TOYT,XLL,4D,97,17,3219,,0,1051,,G,,F,6,183,,,15R205,,,,,,0,0,000000000,00000000000,0,0,0,1,0,0,0,0,0,0,0,998,0,0,0,12,6,2,12,0,0,0,1,53,98632,6,1,0,0,3,1,65,100,0,0,0,0,0,0,0,0,0,0,28,0,0,0,1,2,55,1,6,2,1,0,0,1,10,1,1,1,50,1,0
41,410106,2,2,1,14,6,9,10,12,2,1,0,41,2,85,881,85881,66,2007,1XKDP40X27R1,1,X,K,D,P,4,0,X,2,7,R,1,1,T,KW,T80,TR,7,17,,8,2600,1600,CON,D,,,6,915,,,,,00000,00,,,1,57,163162,57163162,3,6,1,1,0,0,0,0,0,0,0,998,0,0,0,12,6,2,12,0,0,0,1,41,97107,6,1,6,0,3,0,72,295,0,0,0,1,0,1,2011,1,2011,0,0,0,0,0,1,2,55,1,5,2,1,0,0,1,62,1,1,1,51,0,0
41,410107,1,1,1,15,6,21,25,33,0,1,0,41,1,37,705,37705,80,2006,JH2RC44026M0,J,H,2,R,C,4,4,0,2,6,M,0,0,M,HOND,T7C,RS,6,17,,,,,,,745,,2,,4,496,,,,,,,0,0,000000000,00000000000,0,0,0,1,0,0,0,0,0,0,0,998,0,0,0,12,9,2,33,0,0,0,1,41,97007,6,1,0,0,3,1,73,200,0,0,0,0,1,7,2009,7,2009,0,27,39,0,0,3,2,40,1,1,2,1,2,3,1,12,1,1,4,6,1,1
41,410108,1,1,1,15,6,5,14,33,0,1,0,41,2,55,36,55036,3,1998,KMHVD34N5WU3,K,M,H,V,D,3,4,N,5,W,U,3,0,P,HYUN,ASI,2H,98,17,2101,,0,945,,G,,F,4,091,,,13R175,,,,,,0,0,000000000,00000000000,0,0,0,1,0,0,0,0,0,0,0,998,0,0,0,12,6,2,30,0,0,0,1,41,97211,6,1,0,0,3,0,68,140,0,0,0,0,0,0,0,0,0,9,99,99,99,99,1,4,45,1,1,2,1,0,0,1,12,1,1,4,6,1,1
41,410109,1,1,1,21,6,8,52,43,0,1,0,41,1,12,481,12481,31,1978,F25HRCF0825,F,2,5,H,R,C,F,0,8,2,5,,0,T,FORD,F25,PK,78,11,,2,1665,1170,COF,G,,,8,351,,,,BC,3813,06,,42,0,0,000000000,00000000000,0,0,0,1,0,0,0,0,0,0,0,998,0,0,0,12,6,2,43,0,0,0,1,41,97624,6,1,0,0,3,0,72,285,0,1,0,0,0,1,2011,1,2011,9,99,99,99,99,5,2,55,1,1,2,1,0,0,1,12,1,1,4,6,1,0
41,410110,1,1,1,21,6,15,23,15,0,1,0,41,1,24,441,24441,20,2007,5GZDV031X7D1,5,G,Z,D,V,0,3,1,X,7,D,1,0,P,STRN,RLY,SV,7,17,4282,,0,1211,,G,,F,6,238,,,17R225,,,,,,0,0,000000000,00000000000,0,0,0,1,0,0,0,0,0,0,0,998,0,0,0,12,4,3,15,0,0,0,1,41,97351,6,1,0,0,3,1,66,170,1,0,0,0,2,3,2010,2,2012,0,0,0,0,0,5,4,45,1,1,2,1,0,0,1,80,1,1,1,13,0,0
41,410111,1,1,4,21,6,21,2,1,0,1,0,48,1,12,481,12481,31,1998,1FTRX18L1WKB,1,F,T,R,X,1,8,L,1,W,K,B,0,T,FORD,F15,3C,98,17,,2,1570,1390,COF,G,,,8,330,,,,B,4480,01,E,44,0,0,000000000,00000000000,0,0,0,1,0,0,0,0,0,0,0,998,0,1,6,0,6,8,1,0,0,0,1,48,77586,6,1,0,0,3,0,999,999,0,2,0,0,0,7,2009,10,2009,0,0,0,0,0,1,2,98,3,8,4,1,0,0,14,13,1,1,4,1,1,1
41,410112,1,2,1,22,6,19,36,12,6,1,0,41,1,35,471,35471,30,1977,HL620234424,H,L,6,2,0,2,3,4,4,2,4,,0,T,DATS,STB,PK,77,11,,1,1100,1002,620,G,,,4,119,,,,,2292,01,,42,0,0,000000000,00000000000,0,0,0,1,0,0,0,0,0,0,0,998,0,0,0,12,4,1,12,0,0,0,1,41,97116,6,1,0,0,3,1,62,150,0,0,0,0,0,0,0,0,0,0,38,0,0,0,1,2,45,1,1,2,2,20,3,1,4,1,1,1,86,0,0
41,410112,2,2,1,22,6,19,36,12,6,1,0,41,1,77,706,77706,80,2010,5VPEB36D6A30,5,V,P,E,B,3,6,D,6,A,3,0,0,M,VCTY,VCR,RS,10,17,,,,,,,1731,,2,,4,745,,,,,,,0,0,000000000,00000000000,0,0,0,1,0,0,0,0,0,0,0,998,0,0,0,3,6,2,12,0,0,0,1,41,97015,6,1,0,0,3,0,70,260,0,0,0,0,0,0,0,0,0,0,0,0,0,0,1,2,45,1,1,2,2,0,0,1,17,1,1,1,87,1,0
41,410113,1,3,1,22,6,17,38,12,2,1,0,53,1,35,471,35471,30,1995,1N6SD16S5SC3,1,N,6,S,D,1,6,S,5,S,C,3,0,T,NISS,KXE,PC,95,17,,1,0,1161,TRK,G,,,4,146,,,,B,2813,01,A,42,0,0,000000000,00000000000,0,0,0,1,0,0,0,0,0,0,0,998,0,0,0,12,6,2,12,0,0,0,1,53,98607,6,1,0,0,3,1,73,165,0,0,0,0,0,0,0,0,0,0,28,91,0,0,1,4,45,1,1,2,2,0,0,1,10,1,1,2,50,0,0
41,410113,2,3,1,22,6,17,38,12,2,1,0,53,1,49,52,49052,5,2008,JTKKU10458J0,J,T,K,K,U,1,0,4,5,8,J,0,0,P,TOYT,SXD,4H,8,17,2625,,0,969,,G,,F,4,110,,,16R195,,,,,,0,0,000000000,00000000000,0,0,0,1,0,0,0,0,0,0,0,998,0,0,0,12,6,2,12,0,0,0,1,53,98682,0,0,0,0,0,0,66,275,0,0,0,0,1,5,2010,5,2010,0,0,0,0,0,1,4,45,1,1,2,2,0,0,1,62,1,1,1,51,1,0
41,410113,3,3,1,22,6,17,38,12,2,1,0,53,1,35,47,35047,4,2006,1N4BL11D56C2,1,N,4,B,L,1,1,D,5,6,C,2,0,P,NISS,ASR,4D,6,17,3101,,0,1102,,G,,F,6,214,,,17R215,,,,,,0,0,000000000,00000000000,0,0,0,1,0,0,0,0,0,0,0,998,0,0,0,12,2,3,12,0,0,0,1,53,98683,6,1,0,0,3,1,74,210,0,0,0,2,0,5,2010,1,2011,0,0,0,0,0,1,4,45,1,1,2,2,0,0,1,52,1,1,1,98,0,0
41,410114,1,3,2,22,6,14,56,12,6,1,0,41,1,49,40,49040,4,2006,4T1BE32K76U6,4,T,1,B,E,3,2,K,7,6,U,6,0,P,TOYT,UXS,4D,6,17,3108,,0,1071,,G,,F,4,144,,,15R205,,,,,,0,0,000000000,00000000000,0,0,0,1,0,0,0,0,0,0,0,998,0,0,0,3,6,2,12,0,0,0,1,41,97457,6,1,0,0,3,0,63,165,0,0,0,1,0,7,2009,7,2009,0,48,0,0,0,5,4,98,3,1,2,2,2,3,11,15,1,1,1,68,1,0
41,410114,2,3,1,22,6,14,56,12,6,1,0,41,1,35,443,35443,20,1995,4N2DN11W7SD8,4,N,2,D,N,1,1,W,7,S,D,8,0,P,NISS,QST,SV,95,17,3745,,0,1122,,G,,T,6,181,,,15R205,,,,,,0,0,000000000,00000000000,0,0,0,1,0,0,0,0,0,0,0,998,0,0,0,12,6,2,12,0,0,0,1,41,97471,6,1,0,0,3,1,59,125,0,0,0,0,0,0,0,0,0,0,0,0,0,0,5,4,98,2,1,2,2,2,3,14,62,1,1,1,69,0,0
41,410114,3,3,1,22,6,14,56,12,6,1,0,41,1,20,481,20481,31,2002,1GCEC14WX2Z1,1,G,C,E,C,1,4,W,X,2,Z,1,0,T,CHEV,SC1,PK,2,17,,2,1330,1190,SIL,G,,,6,262,,,,B,4073,01,,42,0,0,000000000,00000000000,0,0,0,1,0,0,0,0,0,0,0,0,0,0,0,11,2,3,12,0,0,0,1,41,97470,6,1,0,0,3,0,79,317,0,0,0,0,0,0,0,0,0,0,0,0,0,0,1,2,98,1,1,2,2,2,3,5,66,1,1,1,98,0,0
41,410115,1,1,1,24,6,1,59,42,0,1,0,92,0,37,31,37031,4,2004,2HGES26744H5,2,H,G,E,S,2,6,7,4,4,H,5,0,P,HOND,UAX,4D,4,17,2668,,0,1031,,G,,F,4,102,,,15R190,,,,,,0,0,000000000,00000000000,0,0,0,1,0,0,0,0,0,0,0,998,0,0,0,12,6,2,42,0,0,1,1,41,97306,1,1,0,0,2,3,64,120,1,6,0,3,0,9,2009,10,2011,1,0,0,0,0,1,2,25,3,1,2,1,0,0,14,13,1,1,4,1,1,1
41,410116,1,2,1,24,6,15,13,12,6,1,0,41,1,12,471,12471,30,2005,1FTYR14U15PB,1,F,T,Y,R,1,4,U,1,5,P,B,0,T,FORD,RNS,PC,5,17,,1,0,1257,RNG,G,,,6,182,,,,B,3179,00,U,42,0,0,000000000,00000000000,0,0,0,1,0,0,0,0,0,0,0,998,0,0,0,9,9,3,12,0,0,0,1,41,97396,6,1,0,0,3,1,70,175,0,0,0,1,0,4,2011,4,2011,9,28,58,0,0,1,2,55,4,1,2,1,0,0,14,10,1,1,1,64,1,0
41,410116,2,2,1,24,6,15,13,12,6,1,0,41,3,98,981,98981,50,1984,1C9AH12AXEL1,1,C,9,A,H,1,2,A,X,E,L,1,0,U,,,,84,17,,,,,,,,,,,,,,,,,,,0,88,888888888,88888888888,3,21,22,1,0,0,0,0,8,0,0,998,0,0,0,12,4,3,12,0,0,0,1,41,97132,6,1,6,0,3,1,75,255,1,0,0,0,0,5,2010,5,2010,0,0,0,0,0,1,2,55,4,1,2,1,0,0,14,62,1,1,1,65,0,0
41,410117,1,2,2,25,6,7,48,12,2,1,0,41,2,12,37,12037,4,2012,1FAHP3F26CL2,1,F,A,H,P,3,F,2,6,C,L,2,0,P,FORD,FSE,4D,12,17,2918,,0,1042,,G,,F,4,122,,,16R205,,,,,,0,0,000000000,00000000000,0,0,0,1,0,0,0,0,0,0,0,998,0,0,0,12,6,2,12,0,0,0,1,41,97449,0,0,0,0,0,0,62,165,0,0,0,0,0,0,0,0,0,9,28,0,0,0,1,2,55,2,1,2,1,0,0,14,10,1,1,2,50,1,0
41,410117,2,2,1,25,6,7,48,12,2,1,0,93,3,87,881,87881,66,1997,1XP5DB8X7VD4,1,X,P,5,D,B,8,X,7,V,D,4,1,T,PTRB,379,TR,97,17,,8,0,0,CON,D,,,6,893,,,,,00000,00,,64,1,57,0639137,570639137,3,6,1,1,0,0,0,0,0,0,0,998,0,0,0,12,6,2,12,0,0,0,1,41,97458,6,1,6,0,3,0,67,220,0,0,0,0,1,5,2012,5,2012,0,0,0,0,0,1,2,55,3,1,2,1,0,0,14,62,1,1,1,51,0,0
41,410118,1,2,3,25,6,9,43,12,2,1,0,41,2,35,50,35050,4,2009,3N1BC13E19L3,3,N,1,B,C,1,3,E,1,9,L,3,0,P,NISS,VSL,4H,9,17,2693,,0,1024,,G,,F,4,110,,,15R185,,,,,,0,0,000000000,00000000000,0,0,0,1,0,0,0,0,0,0,0,998,0,0,0,12,6,2,12,0,0,0,1,41,97502,6,1,0,0,3,0,70,175,0,0,0,0,0,0,0,0,0,0,28,0,0,0,1,2,55,1,2,2,2,0,0,1,5,6,1,2,50,1,0
41,410118,2,2,1,25,6,9,43,12,2,1,0,41,3,87,881,87881,63,1999,1NP5GGGGX0D4,1,N,P,5,G,G,G,G,X,0,D,4,0,T,PTRB,379,GL,99,17,,8,0,0,CON,,,,,,,,,,00000,00,,,0,57,1341034,571341034,3,2,1,1,0,0,0,0,0,0,0,998,0,0,0,12,6,2,12,0,0,0,1,41,97423,6,1,6,0,3,0,70,225,0,0,0,0,0,0,0,0,0,0,0,0,0,0,1,2,55,1,2,2,2,0,0,1,62,1,1,1,51,0,0
41,410121,1,1,1,24,6,11,58,1,0,1,0,95,1,74,706,74706,80,2000,ZGUKRAKR2YM1,Z,G,U,K,R,A,K,R,2,Y,M,1,0,M,MOGU,,,0,17,,,,,,,,,,,,,,,,,,,0,0,000000000,00000000000,0,0,0,1,0,0,0,0,0,0,0,998,0,0,0,0,6,2,1,0,0,0,1,95,0,9,9,99,9,9,9,999,999,99,99,99,99,99,99,9999,99,9999,9,99,99,99,99,1,2,55,1,4,2,1,0,0,1,13,1,1,4,1,1,0
41,410122,1,1,1,23,6,12,30,34,0,1,0,41,1,12,401,12401,14,1997,1FMDU35P7VZB,1,F,M,D,U,3,5,P,7,V,Z,B,0,P,FORD,EPR,UT,97,17,4166,,0,1115,,G,,F,8,302,,,15R225,,,,,,0,0,000000000,00000000000,0,0,0,1,0,0,0,0,0,0,0,998,0,0,0,12,4,3,34,0,0,0,1,41,97487,6,1,0,0,3,0,68,150,0,0,0,0,0,0,0,0,0,9,99,99,99,99,1,2,45,1,1,2,1,0,0,1,13,1,1,4,1,1,0
41,410123,1,2,2,23,6,18,24,12,2,1,0,41,2,12,401,12401,14,1988,1FMCU14T4JUD,1,F,M,C,U,1,4,T,4,J,U,D,0,P,FORD,BII,UT,88,17,0,,0,940,,G,,F,6,177,,,000000,,,,,,0,0,000000000,00000000000,0,0,0,1,0,0,0,0,0,0,0,998,0,1,1,12,6,2,12,0,0,0,1,41,97527,1,1,0,0,2,0,75,240,0,4,0,1,2,7,2009,3,2012,0,28,0,0,0,1,2,40,1,1,2,1,0,0,1,10,1,1,2,50,1,0
41,410123,2,2,2,23,6,18,24,12,2,1,0,6,4,7,26,7026,4,2012,2C3CDXBG0CH1,2,C,3,C,D,X,B,G,0,C,H,1,0,P,DODG,CGS,4D,12,17,3961,,0,1200,,F,,F,6,220,,,17R215,,,,,,0,0,000000000,00000000000,0,0,0,1,0,0,0,0,0,0,0,998,0,0,0,12,4,3,12,0,0,0,1,6,94546,6,1,0,0,3,0,66,130,0,0,0,0,0,0,0,0,0,0,0,0,0,0,1,2,40,1,1,2,1,0,0,1,62,1,1,1,51,0,0
41,410124,1,1,1,25,6,13,30,8,0,1,0,41,1,12,3,12003,2,1991,1FACP41M1MF1,1,F,A,C,P,4,1,M,1,M,F,1,0,P,FORD,MLX,2H,91,17,2824,,0,1005,,G,,F,4,140,,,14R195,,,,,,0,0,000000000,00000000000,0,0,0,1,0,0,0,0,0,0,0,998,0,0,0,12,0,1,8,0,0,0,1,41,97232,6,1,0,0,3,1,68,165,0,0,0,0,0,0,0,0,0,0,99,99,99,99,1,2,30,1,1,2,99,0,0,1,80,2,1,1,13,0,0
41,410125,1,1,1,25,6,9,50,14,0,1,0,41,1,54,35,54035,4,2000,19UUA5661YA0,1,9,U,U,A,5,6,6,1,Y,A,0,0,P,ACUR,32T,4D,0,17,3483,,0,1081,,G,,F,6,197,,,16R205,,,,,,0,0,000000000,00000000000,0,0,0,1,0,0,0,0,0,0,0,998,8,1,1,12,6,2,1,0,0,0,1,41,97701,6,1,0,0,3,1,72,190,0,0,0,0,0,0,0,0,0,0,36,0,0,0,1,2,98,1,1,2,1,0,0,1,13,1,1,4,1,1,0
41,410126,1,1,1,2,7,21,9,8,0,1,0,16,1,7,402,7402,14,1998,1B4HS28Z1WF2,1,B,4,H,S,2,8,Z,1,W,F,2,0,P,DODG,DUR,UT,98,17,4349,,0,1159,,G,,F,8,360,,,15R235,,,,,,0,0,000000000,00000000000,0,0,0,1,0,0,0,0,0,0,0,998,0,0,0,12,9,1,8,0,0,0,1,16,83211,6,1,0,0,3,0,78,230,0,0,0,0,0,0,0,0,0,0,0,0,0,0,5,4,40,1,1,2,1,0,0,1,80,2,1,1,13,0,0
41,410127,1,1,2,6,7,20,11,1,0,1,0,41,1,20,471,20471,30,1989,1GCCT14ZXK22,1,G,C,C,T,1,4,Z,X,K,2,2,0,T,CHEV,S14,PK,89,17,,1,1179,1083,S,G,,,6,262,,,,B,2954,01,,44,0,0,000000000,00000000000,0,0,0,1,0,0,0,0,0,0,0,998,0,1,6,0,6,2,1,0,0,0,1,41,97497,6,1,0,0,3,0,68,165,0,0,0,0,0,0,0,0,0,1,0,0,0,0,1,2,55,4,1,2,1,0,0,14,13,1,1,4,1,1,1
41,410128,1,1,1,6,7,9,0,11,0,1,0,6,1,72,706,72706,80,2005,1HD1FMW1X5Y6,1,H,D,1,F,M,W,1,X,5,Y,6,0,M,HD,TPI,RS,5,17,,,,,,,1450,,2,,4,999,,,,,,,0,0,000000000,00000000000,0,0,0,1,0,0,0,0,0,0,0,998,0,0,0,12,4,3,11,0,0,0,1,6,96039,6,1,0,0,3,0,71,195,0,0,0,0,0,0,0,0,0,0,0,0,0,0,1,2,55,1,1,2,1,0,0,1,87,6,1,2,13,1,0
41,410129,1,3,1,8,7,13,24,5,0,1,0,41,1,37,706,37706,80,2003,1HFSC520X3A0,1,H,F,S,C,5,2,0,X,3,A,0,0,M,HOND,V13,RS,3,17,,,,,,,1312,,2,,4,677,,,,,,,0,0,000000000,00000000000,0,0,0,1,0,0,0,0,0,0,0,998,0,0,0,0,4,3,5,0,0,0,1,41,97309,6,1,0,0,3,0,70,190,1,0,0,0,0,9,2010,9,2010,1,0,0,0,0,3,2,65,1,1,2,1,0,0,1,6,4,7,1,0,1,0
41,410129,2,3,2,8,7,13,24,5,0,1,0,41,1,52,402,52402,14,2006,4A4MN41S86E0,4,A,4,M,N,4,1,S,8,6,E,0,0,P,MITS,END,UT,6,17,4167,,0,1083,,G,,F,6,233,,,17R235,,,,,,0,0,000000000,00000000000,0,0,0,1,0,0,0,0,0,0,0,998,0,0,0,6,4,1,12,0,0,0,1,41,97225,6,1,0,0,3,0,73,220,0,0,0,1,0,11,2009,11,2009,1,0,0,0,0,3,2,65,1,1,2,1,0,0,2,53,1,1,1,98,0,0
41,410129,3,3,2,8,7,13,24,5,0,1,0,41,1,7,422,7422,15,2005,1D4HB48D25F5,1,D,4,H,B,4,8,D,2,5,F,5,0,P,DODG,DUR,UT,5,17,4958,,0,1192,,G,,F,8,348,,,17R265,,,,,,0,0,000000000,00000000000,0,0,0,1,0,0,0,0,0,0,0,998,0,0,0,12,4,1,12,0,0,0,1,41,97426,6,1,0,0,3,0,64,146,0,0,0,0,0,0,0,0,0,1,0,0,0,0,3,2,65,1,1,2,1,0,0,1,51,2,1,1,98,0,0
41,410131,1,1,2,13,7,20,15,42,0,1,0,41,2,41,54,41054,6,2010,JM3TB2MV5A02,J,M,3,T,B,2,M,V,5,A,0,2,0,P,MAZD,CX9,UT,10,17,4330,,0,1132,,G,,F,6,226,,,18R245,,,,,,0,0,000000000,00000000000,0,0,0,1,0,0,0,0,0,0,0,998,0,0,0,12,6,2,42,0,0,0,1,41,97526,0,0,0,0,0,0,66,135,0,0,0,0,0,0,0,0,0,9,99,99,99,99,1,2,55,3,1,2,1,0,0,1,13,1,1,4,1,1,0
41,410132,1,1,1,15,7,17,30,42,0,1,0,6,4,12,37,12037,4,2012,1FAHP3M25CL3,1,F,A,H,P,3,M,2,5,C,L,3,0,P,FORD,FCL,4H,12,17,2891,,0,1042,,G,,F,4,122,,,16R205,,,,,,0,0,000000000,00000000000,0,0,0,1,0,0,0,0,0,0,0,998,0,0,0,12,6,2,42,0,0,0,1,41,97502,6,1,0,0,3,0,68,173,0,0,0,0,0,0,0,0,0,1,99,99,99,99,1,2,45,1,1,2,1,0,0,1,13,1,1,4,1,1,0
41,410133,1,1,2,15,7,18,27,17,0,1,0,41,1,49,32,49032,4,2011,JTDBU4EE2BJ0,J,T,D,B,U,4,E,E,2,B,J,0,0,P,TOYT,CBS,4D,11,17,2734,,0,1024,,G,,F,4,110,,,15R195,,,,,,0,0,000000000,00000000000,0,0,0,1,0,0,0,0,0,0,0,998,0,0,0,12,4,3,17,0,0,0,1,41,97307,6,1,0,0,3,1,68,165,0,0,0,0,0,0,0,0,0,0,0,0,0,0,1,2,55,3,2,2,1,0,0,14,13,1,1,4,1,1,0
41,410134,1,1,1,16,7,20,14,8,0,1,0,41,1,7,472,7472,30,2004,1D7HG48N44S6,1,D,7,H,G,4,8,N,4,4,S,6,0,T,DODG,DQS,CW,4,17,,2,0,1309,DAK,G,,,8,287,,,,B,4334,00,E,44,0,0,000000000,00000000000,0,0,0,1,0,0,0,0,0,0,0,998,0,0,0,12,4,3,8,0,0,0,1,41,97308,6,1,0,0,3,0,69,170,0,0,0,1,0,11,2011,11,2011,0,39,0,0,0,5,4,50,1,1,2,1,2,3,1,80,1,1,1,13,0,0
41,410135,1,2,1,6,7,23,55,12,2,1,0,41,1,63,32,63032,4,2007,KNADE1236762,K,N,A,D,E,1,2,3,6,7,6,2,0,P,KIA,RBL,4D,7,17,2365,,0,984,,G,,F,4,098,,,14R175,,,,,,0,0,000000000,00000000000,0,0,0,1,0,0,0,0,0,0,0,998,0,0,0,12,6,2,12,0,0,0,1,41,97233,6,1,0,0,3,1,64,130,0,0,0,0,0,0,0,0,0,0,28,0,0,0,3,2,65,1,1,2,1,0,0,1,54,1,1,1,52,1,1
41,410135,2,2,1,6,7,23,55,12,2,1,0,41,1,35,472,35472,30,2005,1N6AD06W45C4,1,N,6,A,D,0,6,W,4,5,C,4,0,T,NISS,KEO,PC,5,17,,1,0,1259,FRT,G,,,6,244,,,,C,4189,00,K,44,0,0,000000000,00000000000,0,0,0,1,0,0,0,0,0,0,0,998,0,0,0,12,6,2,12,0,0,0,1,53,98672,6,1,0,0,3,0,68,185,0,0,0,0,0,0,0,0,0,0,0,0,0,0,3,2,65,1,1,2,1,0,0,1,54,1,1,1,52,0,0
41,410136,1,1,3,19,7,20,6,42,0,1,0,41,1,20,481,20481,31,2001,2GCEK19T1113,2,G,C,E,K,1,9,T,1,1,1,3,0,T,CHEV,SK1,4C,1,17,,2,1575,1435,SIL,G,,,8,325,,,,B,4776,00,,44,0,0,000000000,00000000000,0,0,0,1,0,0,0,0,0,0,0,998,0,0,0,12,6,2,42,0,0,0,1,41,97383,0,0,0,0,0,0,72,190,0,2,0,0,1,10,2011,6,2012,1,0,0,0,0,1,2,55,2,2,2,2,0,0,14,12,1,1,4,6,1,1
41,410138,1,1,1,20,5,22,26,42,0,1,0,41,1,49,34,49034,3,1990,JT2MA70N5L01,J,T,2,M,A,7,0,N,5,L,0,1,0,P,TOYT,SWS,2H,90,17,3459,,0,1022,,G,,F,6,180,,,16R225,,,,,,0,0,000000000,00000000000,0,0,0,1,0,0,0,0,0,0,0,998,0,0,0,12,6,2,30,0,0,0,1,41,97401,6,1,0,0,3,0,68,128,0,0,0,1,0,10,2010,10,2010,1,0,0,0,0,4,2,30,3,1,2,1,0,0,14,12,1,4,4,7,1,0
41,410139,1,1,1,2,6,11,14,1,0,1,0,41,1,72,706,72706,80,2001,1HD1BSY141Y0,1,H,D,1,B,S,Y,1,4,1,Y,0,0,M,HD,XTD,RS,1,17,,,,,,,1450,,2,,4,645,,,,,,,0,0,000000000,00000000000,0,0,0,1,0,0,0,0,0,0,0,998,0,0,0,0,4,3,1,0,0,0,1,41,97754,6,1,6,0,3,1,70,185,0,0,0,0,0,0,0,0,0,1,0,0,0,0,1,2,55,2,2,2,1,0,0,14,6,1,1,1,98,1,0
41,410140,1,2,4,20,6,16,9,12,2,1,0,41,2,49,401,49401,14,2000,JT3HN86R4Y02,J,T,3,H,N,8,6,R,4,Y,0,2,0,P,TOYT,RUN,UT,0,17,3885,,0,1053,,G,,F,6,206,,,15R225,,,,,,0,0,000000000,00000000000,0,0,0,1,0,0,0,0,0,0,0,998,0,0,0,12,6,2,12,0,0,0,1,41,97361,6,2,0,0,3,0,67,200,0,0,0,0,0,0,0,0,0,0,28,0,0,0,1,3,55,2,2,2,1,0,0,14,10,7,1,2,50,1,0