STATE,ST_CASE,VEH_NO,VE_FORMS,NUMOCCS,DAY,MONTH,HOUR,MINUTE,HARM_EV,MAN_COLL,UNITTYPE,HIT_RUN,REG_STAT,OWNER,MAKE,MODEL,MAK_MOD,BODY_TYP,MOD_YEAR,VIN,VIN_1,VIN_2,VIN_3,VIN_4,VIN_5,VIN_6,VIN_7,VIN_8,VIN_9,VIN_10,VIN_11,VIN_12,TOW_VEH,VINTYPE,VINMAKE,VINA_MOD,VIN_BT,VINMODYR,VIN_LNGT,VIN_WGT,WGTCD_TR,WHLBS_LG,WHLBS_SH,SER_TR,FUELCODE,MCYCL_DS,CARBUR,CYLINDER,DISPLACE,MCYCL_CY,MCYCL_WT,TIRE_SZE,TON_RAT,TRK_WT,TRKWTVAR,VIN_REST,WHLDRWHL,J_KNIFE,MCARR_I1,MCARR_I2,MCARR_ID,GVWR,V_CONFIG,CARGO_BT,HAZ_INV,HAZ_PLAC,HAZ_ID,HAZ_CNO,HAZ_REL,BUS_USE,SPEC_USE,EMER_USE,TRAV_SP,UNDERIDE,ROLLOVER,ROLINLOC,IMPACT1,DEFORMED,TOWED,M_HARM,VEH_SC1,VEH_SC2,FIRE_EXP,DR_PRES,L_STATE,DR_ZIP,L_STATUS,L_TYPE,CDL_STAT,L_ENDORS,L_COMPL,L_RESTRI,DR_HGT,DR_WGT,PREV_ACC,PREV_SUS,PREV_DWI,PREV_SPD,PREV_OTH,FIRST_MO,FIRST_YR,LAST_MO,LAST_YR,SPEEDREL,DR_SF1,DR_SF2,DR_SF3,DR_SF4,VTRAFWAY,VNUM_LAN,VSPD_LIM,VALIGN,VPROFILE,VPAVETYP,VSURCOND,VTRAFCON,VTCONT_F,P_CRASH1,P_CRASH2,P_CRASH3,PCRASH4,PCRASH5,ACC_TYPE,DEATHS,DR_DRINK
41,410283,1,1,1,28,11,22,50,1,0,1,0,6,1,7,482,7482,31,1996,1B7HF16Z3TS6,1,B,7,H,F,1,6,Z,3,T,S,6,0,T,DODG,150,PK,96,17,,2,1347,1187,RPC,G,,,8,360,,,,B,4512,01,M,44,0,0,000000000,00000000000,0,0,0,1,0,0,0,0,0,0,0,998,0,1,5,0,6,2,1,0,0,0,1,6,95815,6,1,0,0,3,0,66,170,0,0,0,0,0,0,0,0,0,1,0,0,0,0,1,2,55,4,1,2,4,0,0,14,12,1,4,4,7,1,0
41,410284,1,1,1,28,11,18,38,8,0,1,0,41,1,49,51,49051,4,2008,JTDBT9037812,J,T,D,B,T,9,0,3,7,8,1,2,0,P,TOYT,YAR,4D,8,17,2293,,0,969,,G,,F,4,091,,,14R175,,,,,,0,0,000000000,00000000000,0,0,0,1,0,0,0,0,0,0,0,998,0,0,0,12,2,1,8,0,0,0,1,41,97006,6,1,0,0,3,1,72,185,0,0,0,0,0,0,0,0,0,0,0,0,0,0,5,4,35,1,1,2,2,0,0,10,80,1,1,1,13,0,0
41,410285,1,1,1,29,11,8,41,8,0,1,0,41,1,20,461,20461,21,1979,CGR259713269,C,G,R,2,5,9,7,1,3,2,6,9,0,T,CHEV,G20,VN,79,13,,2,1250,1100,VAN,G,,,8,400,,,,CD,3597,05,,42,0,0,000000000,00000000000,0,0,0,1,0,0,0,0,0,0,0,998,0,0,0,12,2,1,8,0,0,0,1,41,97403,6,1,0,0,3,0,65,160,0,0,0,0,0,0,0,0,0,0,6,38,0,0,5,4,30,1,1,2,2,2,3,10,80,1,1,1,13,0,0
41,410286,1,2,1,29,11,12,25,12,6,1,0,41,1,12,481,12481,31,1997,1FTHX25F7VEB,1,F,T,H,X,2,5,F,7,V,E,B,0,T,FORD,F25,PC,97,17,,2,1550,1390,COF,D,,,8,444,,,,C,4775,00,A,42,0,0,000000000,00000000000,0,0,0,1,0,0,0,0,0,0,0,998,0,0,0,9,4,3,12,0,0,0,1,41,97338,6,1,0,0,3,1,66,135,0,0,0,0,1,10,2011,10,2011,0,38,0,0,0,1,2,55,2,1,2,2,0,0,11,15,1,1,1,82,0,0
41,410286,2,2,2,29,11,12,25,12,6,1,0,41,1,63,32,63032,4,2003,KNADC1254362,K,N,A,D,C,1,2,5,4,3,6,2,0,P,KIA,RIO,4D,3,17,2403,,0,949,,G,,F,4,097,,,14R175,,,,,,0,0,000000000,00000000000,0,0,0,1,0,0,0,0,0,0,0,998,0,0,0,12,4,3,12,0,0,0,1,41,97338,6,1,0,0,3,1,64,184,0,0,0,0,0,0,0,0,0,0,0,0,0,0,1,2,55,3,2,2,2,0,0,14,17,1,1,1,83,1,0
41,410287,1,1,1,29,11,20,15,32,0,1,0,41,1,12,471,12471,30,2000,1FTZR15V6YTB,1,F,T,Z,R,1,5,V,6,Y,T,B,0,T,FORD,RNS,PC,0,17,,1,0,1259,RNG,F,,,6,182,,,,B,3599,01,U,44,0,0,000000000,00000000000,0,0,0,1,0,0,0,0,0,0,0,998,0,1,5,12,6,2,1,0,0,0,1,41,97023,6,1,0,0,3,0,72,230,0,0,0,0,2,11,2010,8,2011,0,0,0,0,0,1,2,98,1,1,2,2,0,0,1,12,3,2,4,6,1,1
41,410288,1,2,1,30,11,18,30,12,6,1,0,41,1,35,47,35047,4,2004,1N4AL11D04C1,1,N,4,A,L,1,1,D,0,4,C,1,0,P,NISS,ABS,4D,4,17,2913,,0,1102,,G,,F,4,153,,,16R205,,,,,,0,0,000000000,00000000000,0,0,0,1,0,0,0,0,0,0,0,998,0,0,0,9,6,2,12,0,0,0,1,41,97103,6,1,0,0,3,0,68,205,0,0,0,0,0,0,0,0,0,0,38,0,0,0,1,2,45,1,1,2,2,20,3,11,15,1,1,1,82,1,1
41,410288,2,2,2,30,11,18,30,12,6,1,0,41,2,52,34,52034,4,1999,4A3AA46G4XE0,4,A,3,A,A,4,6,G,4,X,E,0,0,P,MITS,GES,4D,99,17,2935,,0,1037,,G,,F,4,143,,,16R205,,,,,,0,0,000000000,00000000000,0,0,0,1,0,0,0,0,0,0,0,998,0,0,0,12,6,2,12,0,0,0,1,41,97103,6,1,0,0,3,0,69,170,0,0,0,0,0,0,0,0,0,0,0,0,0,0,1,2,55,1,1,2,2,0,0,1,66,1,1,1,83,0,0
41,410289,1,1,1,2,12,8,34,58,0,1,0,53,2,48,34,48034,4,1990,JF2BJ65C5LH9,J,F,2,B,J,6,5,C,5,L,H,9,0,P,SUBA,LP4,SW,90,17,3070,,0,1016,,G,,F,4,135,,,14R185,,,,,,0,0,000000000,00000000000,0,0,0,1,0,0,0,0,0,0,0,998,0,1,6,12,6,2,3,0,0,0,1,41,97112,1,1,0,0,2,1,68,170,0,1,0,1,0,10,2010,6,2011,1,0,0,0,0,1,2,55,1,1,2,2,0,0,1,13,1,1,4,1,1,1
41,410290,1,1,1,6,12,20,45,30,0,1,0,41,1,12,401,12401,14,1999,1FMZU34E4XZA,1,F,M,Z,U,3,4,E,4,X,Z,A,0,P,FORD,EPR,UT,99,17,4128,,0,1116,,G,,F,6,245,,,15R225,,,,,,0,0,000000000,00000000000,0,0,0,1,0,0,0,0,0,0,0,998,0,1,5,12,6,2,1,0,0,0,1,41,97478,6,1,0,0,3,0,66,140,0,2,1,0,0,5,2010,5,2011,1,0,0,0,0,1,2,55,3,1,2,2,0,0,1,13,1,1,4,1,1,1
41,410291,1,1,1,8,12,2,20,35,0,1,0,41,1,7,472,7472,30,2009,1D7HW38P29S7,1,D,7,H,W,3,8,P,2,9,S,7,0,T,DODG,SXT,CW,9,17,,2,0,1313,DAK,G,,,8,287,,,,B,4569,00,E,44,0,0,000000000,00000000000,0,0,0,1,0,0,0,0,0,0,0,998,0,1,5,3,6,2,1,0,0,0,1,41,97862,6,1,0,0,3,0,70,150,0,1,0,0,0,2,2011,2,2011,9,99,99,99,99,1,2,98,1,1,2,1,0,0,1,12,99,4,4,7,1,1
41,410292,1,1,4,8,12,23,19,1,0,1,0,41,2,63,401,63401,14,2000,KNDJA6235Y56,K,N,D,J,A,6,2,3,5,Y,5,6,0,P,KIA,SPO,UT,0,17,3230,,0,929,,G,,F,4,122,,,15R205,,,,,,0,0,000000000,00000000000,0,0,0,1,0,0,0,0,0,0,0,998,0,1,1,0,6,2,1,0,0,0,1,41,97471,6,1,0,0,3,0,64,115,0,0,0,0,0,0,0,0,0,0,0,0,0,0,1,2,55,3,1,2,1,0,0,14,98,7,3,2,98,1,0
41,410293,1,1,1,10,12,16,55,8,0,1,0,41,1,23,421,23421,15,2006,1GTHK23D76F2,1,G,T,H,K,2,3,D,7,6,F,2,0,T,GMC,2KH,CW,6,17,,2,1670,1530,SIE,D,,,8,403,,,,C,5907,01,E,44,0,0,000000000,00000000000,0,0,0,1,0,0,0,0,0,0,0,998,0,0,0,12,4,1,8,0,0,0,1,41,97338,6,1,0,0,3,0,69,215,1,0,0,0,1,12,2011,6,2012,0,0,0,0,0,1,2,45,1,1,2,2,0,0,1,80,1,1,1,13,0,0
41,410294,1,1,1,11,12,17,49,8,0,1,0,41,1,30,441,30441,20,1985,WV2XB0257FH0,W,V,2,X,B,0,2,5,7,F,H,0,0,P,VOLK,VGN,UT,85,17,0,,0,968,,G,,F,4,117,,,14R185,,,,,,0,0,000000000,00000000000,0,0,0,1,0,0,0,0,0,0,0,998,0,0,0,12,4,3,8,0,0,0,1,41,97402,6,1,0,0,3,1,65,125,0,0,0,0,0,0,0,0,0,0,0,0,0,0,1,2,35,1,1,2,2,0,0,1,80,1,1,1,13,0,1
41,410295,1,1,3,24,11,17,7,42,0,1,0,41,2,37,32,37032,4,2009,1HGCP264X9A0,1,H,G,C,P,2,6,4,X,9,A,0,0,P,HOND,LXP,4D,9,17,3236,,0,1102,,G,,F,4,146,,,16R215,,,,,,0,0,000000000,00000000000,0,0,0,1,0,0,0,0,0,0,0,998,0,0,0,12,6,2,42,0,0,0,1,41,97229,6,1,0,0,3,1,70,135,0,0,0,0,0,0,0,0,0,0,0,0,0,0,5,2,35,1,1,2,2,0,0,1,13,1,1,4,1,1,0
41,410296,1,2,3,15,12,18,28,12,6,1,0,41,1,12,37,12037,4,2012,1FAHP3F25CL1,1,F,A,H,P,3,F,2,5,C,L,1,0,P,FORD,FSE,4D,12,17,2918,,0,1042,,G,,F,4,122,,,16R205,,,,,,0,0,000000000,00000000000,0,0,0,1,0,0,0,0,0,0,0,998,0,0,0,9,4,3,12,0,0,0,1,16,97741,6,1,6,0,3,0,72,197,0,0,0,0,0,0,0,0,0,0,0,0,0,0,1,2,55,1,2,2,3,0,0,1,60,1,1,1,45,0,0
41,410296,2,2,3,15,12,18,28,12,6,1,0,53,1,12,481,12481,31,2000,1FTNW21F7YEB,1,F,T,N,W,2,1,F,7,Y,E,B,0,T,FORD,F2S,CW,0,17,,2,1724,1562,SRW,D,,,8,444,,,,C,5932,07,E,44,0,0,000000000,00000000000,0,0,0,1,0,0,0,0,0,0,0,998,0,1,5,12,6,2,12,0,0,0,1,53,98662,6,1,0,0,3,1,67,200,0,0,0,0,0,0,0,0,0,0,33,0,0,0,1,5,55,1,2,2,3,0,0,6,10,1,3,2,46,2,0
41,410297,1,1,2,15,12,13,25,1,0,1,0,41,1,12,481,12481,31,1979,F35JRFE7948,F,3,5,J,R,F,E,7,9,4,8,,0,T,FORD,F35,PK,79,11,,2,1670,1170,COF,G,,,8,460,,,,BC,4341,03,,42,0,0,000000000,00000000000,0,0,0,1,0,0,0,0,0,0,0,998,0,1,5,0,6,2,1,0,0,0,1,41,97477,6,1,0,0,3,1,66,147,0,0,0,0,0,0,0,0,0,1,0,0,0,0,1,2,45,3,1,2,3,0,0,14,13,1,3,4,2,1,0
41,410298,1,1,1,18,12,6,26,8,0,1,0,93,3,84,881,84881,62,2009,1HTMMAAM89H6,1,H,T,M,M,A,A,M,8,9,H,6,0,T,INTL,430,CC,9,17,,6,0,0,40S,D,,,6,466,,,,,00000,00,,42,0,99,999999999,99999999999,2,2,1,1,0,0,0,0,0,0,0,998,0,0,0,12,0,1,8,0,0,0,1,41,97221,6,1,0,0,3,0,69,250,0,0,0,0,0,0,0,0,0,0,38,0,0,0,2,4,40,1,2,2,2,0,0,11,80,1,1,1,13,0,0
41,410299,1,2,6,20,12,19,30,12,2,1,0,53,2,35,39,35039,4,1997,JN1CA21DXVT8,J,N,1,C,A,2,1,D,X,V,T,8,0,P,NISS,MGS,4D,97,17,2886,,0,1063,,G,,F,6,182,,,15R205,,,,,,0,0,000000000,00000000000,0,0,0,1,0,0,0,0,0,0,0,998,0,0,0,12,6,2,12,0,0,0,1,6,92113,6,1,0,0,3,0,60,155,1,0,0,0,0,6,2011,6,2011,1,28,0,0,0,1,2,55,2,2,2,4,0,0,14,10,1,1,2,50,0,0
41,410299,2,2,2,20,12,19,30,12,2,1,0,41,2,14,36,14036,4,1995,3MASM10J9SR6,3,M,A,S,M,1,0,J,9,S,R,6,0,P,MERC,TTO,4D,95,17,2418,,0,984,,G,,F,4,114,,,14R175,,,,,,0,0,000000000,00000000000,0,0,0,1,0,0,0,0,0,0,0,998,0,0,0,12,6,2,12,0,0,0,1,41,97739,1,1,0,0,2,0,72,187,0,2,0,0,0,10,2010,9,2011,0,0,0,0,0,1,2,55,3,2,2,4,0,0,14,62,1,1,1,51,1,0
41,410300,1,2,3,21,12,22,29,12,2,1,0,41,2,37,32,37032,4,1990,JHMCB7561LC0,J,H,M,C,B,7,5,6,1,L,C,0,0,P,HOND,AER,4D,90,17,2923,,0,1071,,G,,F,4,132,,,15R195,,,,,,0,0,000000000,00000000000,0,0,0,1,0,0,0,0,0,0,0,998,0,0,0,12,6,2,12,0,0,0,1,41,97132,0,0,0,0,0,0,66,135,0,2,0,0,1,11,2011,11,2012,0,28,0,0,0,1,2,55,1,1,2,2,0,0,1,10,1,1,2,50,1,1
41,410300,2,2,1,21,12,22,29,12,2,1,0,41,2,2,405,2405,14,2008,1J8GN58K68W1,1,J,8,G,N,5,8,K,6,8,W,1,0,T,JEEP,LMD,4W,8,17,,1,0,1061,LIB,G,,,6,226,,,,,4278,00,R,44,0,0,000000000,00000000000,0,0,0,1,0,0,0,0,0,0,0,998,0,0,0,12,6,2,12,0,0,0,1,41,97071,6,1,0,0,3,0,64,130,1,0,0,0,0,8,2012,8,2012,0,0,0,0,0,1,2,55,1,1,2,2,0,0,1,62,1,1,1,51,0,0
41,410301,1,1,2,6,10,3,38,42,0,1,1,41,2,22,18,22018,4,2000,1G2NF52TXYM8,1,G,2,N,F,5,2,T,X,Y,M,8,0,P,PONT,SE1,4D,0,17,3116,,0,1070,,G,,F,4,146,,,15R215,,,,,,0,0,000000000,00000000000,0,0,0,1,0,0,0,0,0,0,0,998,0,1,5,12,6,2,1,0,0,0,1,41,97007,1,1,0,0,2,0,71,220,1,11,0,0,3,7,2010,7,2012,1,91,0,0,0,1,2,40,4,2,2,1,0,0,1,13,1,1,4,1,1,1
41,410302,1,1,5,14,10,2,50,42,0,1,0,41,1,49,401,49401,14,1992,JT3VN39W1N80,J,T,3,V,N,3,9,W,1,N,8,0,0,P,TOYT,RUN,UT,92,17,0,,0,1033,,G,,F,6,180,,,000000,,,,,,0,0,000000000,00000000000,0,0,0,1,0,0,0,0,0,0,0,998,0,1,5,98,6,2,1,0,0,0,1,41,97526,6,1,0,0,3,0,71,215,1,0,0,0,1,6,2011,7,2011,1,36,91,0,0,1,2,98,2,2,2,1,0,0,14,13,1,1,4,1,1,1
41,410303,1,2,1,21,12,13,30,12,2,1,0,41,1,7,402,7402,14,2001,1B4HS28N31F5,1,B,4,H,S,2,8,N,3,1,F,5,0,P,DODG,DUR,UT,1,17,4512,,0,1159,,G,,F,8,287,,,15R235,,,,,,0,0,000000000,00000000000,0,0,0,1,0,0,0,0,0,0,0,998,0,0,0,12,6,2,12,0,0,0,1,41,97038,6,1,0,0,3,1,69,175,0,0,0,2,0,10,2011,11,2011,0,28,91,0,0,5,4,55,2,1,2,2,0,0,14,10,1,1,2,50,0,0
41,410303,2,2,1,21,12,13,30,12,2,1,0,41,2,12,13,12013,2,2001,3FAFP11311R1,3,F,A,F,P,1,1,3,1,1,R,1,0,P,FORD,ZX2,CP,1,17,2462,,0,984,,G,,F,4,121,,,15R185,,,,,,0,0,000000000,00000000000,0,0,0,1,0,0,0,0,0,0,0,998,0,0,0,12,6,2,12,0,0,0,1,41,97375,6,1,0,0,3,1,63,140,0,0,0,1,0,10,2010,10,2010,0,0,0,0,0,5,4,55,3,1,2,2,0,0,14,62,1,1,1,51,1,0
41,410304,1,1,1,21,12,0,50,42,0,1,0,41,2,20,37,20037,4,1998,1G1NE52M1W62,1,G,1,N,E,5,2,M,1,W,6,2,0,P,CHEV,M/L,4D,98,17,3100,,0,1070,,G,,F,6,191,,,15R215,,,,,,0,0,000000000,00000000000,0,0,0,1,0,0,0,0,0,0,0,46,0,0,0,9,6,2,42,0,0,0,1,41,97080,6,1,0,0,3,0,67,180,0,2,0,0,0,5,2010,5,2010,9,99,99,99,99,1,2,40,1,1,2,2,0,0,1,12,1,1,4,6,1,1
41,410305,1,2,3,23,12,14,27,12,6,1,0,41,2,48,401,48401,14,2003,JF1SG63613G7,J,F,1,S,G,6,3,6,1,3,G,7,0,P,SUBA,FOR,UT,3,17,3090,,0,994,,G,,F,4,150,,,16R215,,,,,,0,0,000000000,00000000000,0,0,0,1,0,0,0,0,0,0,0,998,0,0,0,4,4,3,12,0,0,0,1,41,97068,6,1,0,0,3,0,68,185,0,0,0,0,0,0,0,0,0,1,28,58,0,0,1,2,55,4,2,2,3,0,0,14,10,6,4,2,64,1,0
41,410305,2,2,2,23,12,14,27,12,6,1,0,41,1,12,24,12024,6,2012,2FMDK4KC8CBA,2,F,M,D,K,4,K,C,8,C,B,A,0,P,FORD,EDG,UT,12,17,4234,,0,1112,,G,,F,6,214,,,18R245,,,,,,0,0,000000000,00000000000,0,0,0,1,0,0,0,0,0,0,0,998,0,0,0,12,4,3,12,0,0,0,1,41,97236,6,1,0,0,3,0,68,185,0,0,0,0,0,0,0,0,0,0,0,0,0,0,1,2,55,4,2,2,3,0,0,14,62,1,1,1,65,0,0
41,410306,1,2,2,24,12,16,17,12,6,1,0,41,2,34,35,34035,4,1998,WBADD6322WBW,W,B,A,D,D,6,3,2,2,W,B,W,0,P,BMW,52A,4D,98,17,3505,,0,1114,,G,,F,6,170,,,15R225,,,,,,0,0,000000000,00000000000,0,0,0,1,0,0,0,0,0,0,0,998,0,0,0,3,4,3,12,0,0,0,1,41,97223,6,1,0,0,3,0,69,160,0,0,0,0,0,0,0,0,0,0,38,0,0,0,1,2,25,1,1,2,1,20,3,1,17,1,1,1,87,0,0
41,410306,2,2,1,24,12,16,17,12,6,1,0,41,2,74,706,74706,80,1997,ZGUKKAKK0VM1,Z,G,U,K,K,A,K,K,0,V,M,1,0,M,MOGU,,,97,17,,,,,,,,,,,,,,,,,,,0,0,000000000,00000000000,0,0,0,1,0,0,0,0,0,0,0,998,0,0,0,12,6,2,12,0,0,0,1,41,97221,3,1,0,0,2,0,83,165,0,2,0,1,0,8,2010,11,2012,1,0,0,0,0,1,2,30,1,1,2,1,0,0,1,66,1,1,1,86,1,0
41,410307,1,2,1,26,12,13,15,12,6,1,0,41,1,7,20,7020,4,2003,1B3ES26C13D1,1,B,3,E,S,2,6,C,1,3,D,1,0,P,DODG,SEN,4D,3,17,2587,,0,1040,,G,,F,4,122,,,14R175,,,,,,0,0,000000000,00000000000,0,0,0,1,0,0,0,0,0,0,0,998,0,0,0,3,6,2,12,0,0,0,1,41,97862,6,1,0,0,3,0,68,190,0,0,0,0,0,0,0,0,0,0,39,0,0,0,1,2,55,1,1,2,2,20,3,1,17,1,1,1,87,1,0
41,410307,2,2,3,26,12,13,15,12,6,1,0,41,2,37,32,37032,4,1992,1HGCB7543NA2,1,H,G,C,B,7,5,4,3,N,A,2,0,P,HOND,ADX,4D,92,17,2392,,0,1071,,G,,F,4,132,,,14R185,,,,,,0,0,000000000,00000000000,0,0,0,1,0,0,0,0,0,0,0,998,0,0,0,12,6,2,12,0,0,0,1,41,97862,6,1,0,0,3,0,70,165,0,1,0,1,0,6,2010,2,2011,0,0,0,0,0,5,4,55,1,1,2,2,0,0,1,66,4,1,1,86,0,0
41,410308,1,1,2,30,12,6,40,1,0,1,0,41,3,12,481,12481,31,2004,1FTSF31P24EB,1,F,T,S,F,3,1,P,2,4,E,B,0,T,FORD,F3S,PK,4,17,,2,0,1370,SRW,D,,,8,366,,,,D,5851,00,U,44,0,0,000000000,00000000000,0,0,0,1,0,0,0,0,0,0,0,998,0,1,3,0,6,2,1,0,0,0,1,41,97838,6,1,0,0,3,0,74,220,0,0,0,1,0,7,2011,7,2011,0,0,0,0,0,2,2,65,1,1,2,4,0,0,1,5,1,4,4,7,1,0
41,410309,1,1,47,30,12,10,10,24,0,1,0,95,3,98,981,98981,51,1998,2PCH3349XW10,2,P,C,H,3,3,4,9,X,W,1,0,0,U,,,,98,17,,,,,,,,,,,,,,,,,,,0,57,1608797,571608797,3,21,22,1,0,0,0,0,5,0,0,998,0,1,5,11,6,2,1,0,0,0,1,95,0,9,9,99,9,9,9,999,999,99,99,99,99,99,99,9999,99,9999,1,87,0,0,0,3,2,55,1,1,1,4,0,0,15,5,7,3,4,7,9,0
41,410310,1,1,1,31,12,15,15,8,0,1,0,41,2,18,3,18003,4,2000,1G4CW54K0Y42,1,G,4,C,W,5,4,K,0,Y,4,2,0,P,BUIC,PKA,4D,0,17,3778,,0,1138,,G,,F,6,231,,,16R225,,,,,,0,0,000000000,00000000000,0,0,0,1,0,0,0,0,0,0,0,998,0,0,0,12,4,3,8,0,0,0,1,41,97424,6,1,0,0,3,1,61,116,0,0,0,0,0,0,0,0,0,0,0,0,0,0,1,2,55,1,1,2,1,0,0,1,80,6,1,4,13,0,0
41,410311,1,1,2,31,12,16,36,24,0,1,0,41,1,49,482,49482,31,2005,5TBDT44165S4,5,T,B,D,T,4,4,1,6,5,S,4,0,T,TOYT,DBS,CW,5,17,,2,0,1283,TUN,G,,,8,285,,,,B,4765,02,U,44,0,0,000000000,00000000000,0,0,0,1,0,0,0,0,0,0,0,998,0,1,5,12,6,2,3,0,0,0,1,41,97015,6,1,0,0,3,0,69,190,0,1,0,1,1,1,2010,12,2011,1,0,0,0,0,3,2,65,3,1,2,4,0,0,14,6,7,3,4,2,1,0
41,410312,1,1,1,29,10,19,50,8,0,1,0,53,1,35,47,35047,4,2001,1N4DL01D81C1,1,N,4,D,L,0,1,D,8,1,C,1,0,P,NISS,AXE,4D,1,17,2754,,0,1031,,G,,F,4,146,,,15R195,,,,,,0,0,000000000,00000000000,0,0,0,1,0,0,0,0,0,0,0,998,0,0,0,12,9,3,8,0,0,0,1,53,97055,6,1,0,0,3,0,72,190,0,0,0,0,0,0,0,0,0,0,0,0,0,0,1,2,98,1,1,2,2,0,0,1,80,1,1,1,13,0,0
41,410313,1,1,1,19,9,16,56,42,0,1,0,41,2,35,50,35050,4,2008,3N1BC11E18L3,3,N,1,B,C,1,1,E,1,8,L,3,0,P,NISS,VSL,4D,8,17,2627,,0,1024,,G,,F,4,110,,,15R185,,,,,,0,0,000000000,00000000000,0,0,0,1,0,0,0,0,0,0,0,998,0,0,0,12,6,2,42,0,0,0,1,41,97080,6,1,0,0,3,1,67,248,1,0,0,0,0,8,2012,8,2012,0,0,0,0,0,1,2,35,1,2,2,1,0,0,1,13,1,1,4,1,1,0
41,410314,1,2,1,2,11,8,44,12,1,1,0,41,1,38,32,38032,2,1989,JABBR07F3K73,J,A,B,B,R,0,7,F,3,K,7,3,0,P,ISU,IMP,CP,89,17,2890,,0,961,,G,,T,4,121,,,14R205,,,,,,0,0,000000000,00000000000,0,0,0,1,0,0,0,0,0,0,0,998,0,0,0,12,6,2,12,0,0,0,1,41,97503,3,1,0,0,2,0,65,150,1,0,0,0,1,10,2010,1,2011,1,36,0,0,0,1,2,45,1,1,2,1,0,0,1,52,1,1,1,32,1,0
41,410314,2,2,1,2,11,8,44,12,1,1,0,41,3,85,881,85881,66,2001,1XKDDB9X91R8,1,X,K,D,D,B,9,X,9,1,R,8,1,T,KW,T80,TR,1,17,,8,2600,1600,CON,D,,,6,893,,,,,00000,00,,64,1,57,0158453,570158453,3,6,3,1,0,0,0,0,0,0,0,998,0,0,0,6,2,1,12,0,0,0,1,41,97524,6,1,6,0,3,0,74,220,0,0,0,0,0,0,0,0,0,0,0,0,0,0,1,2,45,1,1,2,1,0,0,10,53,1,1,1,32,0,0
41,410315,1,1,1,3,10,14,10,15,0,1,0,99,9,99,999,99999,99,9999,999999999999,9,9,9,9,9,9,9,9,9,9,9,9,0,U,,,,9,17,,,,,,,,,,,,,,,,,,,0,0,000000000,00000000000,0,0,0,1,0,0,0,0,0,0,0,998,0,0,0,12,9,8,15,0,0,0,1,41,97132,6,1,0,0,3,0,64,110,0,0,0,0,0,0,0,0,0,9,38,0,0,0,5,4,98,1,1,2,98,0,0,10,80,99,1,1,13,0,0
41,410316,1,1,1,3,10,17,0,99,0,1,0,99,9,99,709,99709,80,9999,999999999999,9,9,9,9,9,9,9,9,9,9,9,9,0,,,,,,,,,,,,,,,,,,,,,,,,,0,0,000000000,00000000000,0,0,0,1,0,0,0,0,0,0,0,998,0,0,0,98,9,9,99,0,0,0,1,41,97528,6,1,0,0,2,3,69,175,0,0,0,0,0,0,0,0,0,9,99,99,99,99,1,2,45,1,1,2,98,0,0,99,99,99,9,9,99,1,0
41,410317,1,1,2,8,10,99,99,58,0,1,0,99,9,99,999,99999,99,9999,999999999999,9,9,9,9,9,9,9,9,9,9,9,9,0,,,,,,,,,,,,,,,,,,,,,,,,,0,0,000000000,00000000000,0,0,0,1,0,0,0,0,0,0,0,998,0,0,0,98,9,9,99,0,0,0,1,41,97761,0,0,0,0,0,0,67,136,0,0,0,0,0,0,0,0,0,1,99,99,99,99,1,2,98,4,8,2,98,0,0,14,99,99,9,9,99,1,1
41,410318,1,2,1,20,11,15,0,12,1,1,0,99,9,99,999,99999,99,9999,999999999999,9,9,9,9,9,9,9,9,9,9,9,9,0,,,,,,,,,,,,,,,,,,,,,,,,,0,0,000000000,00000000000,0,0,0,1,0,0,0,0,0,0,0,998,0,0,0,12,9,9,12,0,0,0,1,98,99999,9,9,99,9,9,9,999,999,99,99,99,99,99,99,9999,99,9999,9,99,99,99,99,1,2,98,1,1,2,98,0,0,1,51,99,9,9,24,0,0
41,410318,2,2,2,20,11,15,0,12,1,1,0,99,9,99,999,99999,99,9999,999999999999,9,9,9,9,9,9,9,9,9,9,9,9,0,,,,,,,,,,,,,,,,,,,,,,,,,0,0,000000000,00000000000,0,0,0,1,0,0,0,0,0,0,0,998,0,0,0,6,9,9,12,0,0,0,1,99,99999,9,9,99,9,9,9,999,999,99,99,99,99,99,99,9999,99,9999,9,0,0,0,0,1,2,98,1,1,2,98,0,0,1,53,99,9,9,25,1,0
41,410319,1,1,1,11,12,19,39,31,0,1,0,41,1,12,17,12017,4,1999,1FAFP53U4XG2,1,F,A,F,P,5,3,U,4,X,G,2,0,P,FORD,TSE,4D,99,17,3353,,0,1085,,G,,F,6,182,,,15R205,,,,,,0,0,000000000,00000000000,0,0,0,1,0,0,0,0,0,0,0,998,0,1,5,12,6,2,1,0,0,0,1,41,97220,6,1,0,0,3,3,71,170,0,0,0,0,0,0,0,0,0,9,99,99,99,99,1,2,45,2,8,2,98,0,0,1,12,1,1,4,6,1,0