STATE,ST_CASE,VEH_NO,VE_FORMS,NUMOCCS,DAY,MONTH,HOUR,MINUTE,HARM_EV,MAN_COLL,UNITTYPE,HIT_RUN,REG_STAT,OWNER,MAKE,MODEL,MAK_MOD,BODY_TYP,MOD_YEAR,VIN,VIN_1,VIN_2,VIN_3,VIN_4,VIN_5,VIN_6,VIN_7,VIN_8,VIN_9,VIN_10,VIN_11,VIN_12,TOW_VEH,VINTYPE,VINMAKE,VINA_MOD,VIN_BT,VINMODYR,VIN_LNGT,VIN_WGT,WGTCD_TR,WHLBS_LG,WHLBS_SH,SER_TR,FUELCODE,MCYCL_DS,CARBUR,CYLINDER,DISPLACE,MCYCL_CY,MCYCL_WT,TIRE_SZE,TON_RAT,TRK_WT,TRKWTVAR,VIN_REST,WHLDRWHL,J_KNIFE,MCARR_I1,MCARR_I2,MCARR_ID,GVWR,V_CONFIG,CARGO_BT,HAZ_INV,HAZ_PLAC,HAZ_ID,HAZ_CNO,HAZ_REL,BUS_USE,SPEC_USE,EMER_USE,TRAV_SP,UNDERIDE,ROLLOVER,ROLINLOC,IMPACT1,DEFORMED,TOWED,M_HARM,VEH_SC1,VEH_SC2,FIRE_EXP,DR_PRES,L_STATE,DR_ZIP,L_STATUS,L_TYPE,CDL_STAT,L_ENDORS,L_COMPL,L_RESTRI,DR_HGT,DR_WGT,PREV_ACC,PREV_SUS,PREV_DWI,PREV_SPD,PREV_OTH,FIRST_MO,FIRST_YR,LAST_MO,LAST_YR,SPEEDREL,DR_SF1,DR_SF2,DR_SF3,DR_SF4,VTRAFWAY,VNUM_LAN,VSPD_LIM,VALIGN,VPROFILE,VPAVETYP,VSURCOND,VTRAFCON,VTCONT_F,P_CRASH1,P_CRASH2,P_CRASH3,PCRASH4,PCRASH5,ACC_TYPE,DEATHS,DR_DRINK
42,420001,1,1,3,7,1,2,10,42,0,1,0,42,1,12,401,12401,14,1986,1FMCU14T2GUD,1,F,M,C,U,1,4,T,2,G,U,D,0,P,FORD,BII,UT,86,17,0,,0,940,,G,,F,6,177,,,000000,,,,,,0,0,000000000,00000000000,0,0,0,1,0,0,0,0,0,0,0,91,0,1,5,12,6,2,1,0,0,0,1,42,17829,1,1,0,0,2,0,68,999,0,5,0,0,1,8,2010,1,2011,1,58,0,0,0,1,2,35,3,1,2,1,0,0,14,6,3,2,4,7,1,1
42,420002,1,1,1,29,1,7,30,42,0,1,0,34,1,12,401,12401,14,1999,1FMZU34E2XUA,1,F,M,Z,U,3,4,E,2,X,U,A,0,P,FORD,EPR,UT,99,17,4128,,0,1116,,G,,F,6,245,,,15R225,,,,,,0,0,000000000,00000000000,0,0,0,1,0,0,0,0,0,0,0,65,0,1,5,12,6,2,42,0,0,0,1,34,7055,6,1,0,0,3,3,72,999,0,0,0,0,0,0,0,0,0,0,0,0,0,0,2,2,65,1,5,2,1,0,0,1,13,1,1,4,1,1,0
42,420003,1,1,1,7,1,15,30,42,0,1,0,42,2,22,22,22022,4,2008,1G2ZF57B1841,1,G,2,Z,F,5,7,B,1,8,4,1,0,P,PONT,6VB,4D,8,17,3305,,0,1123,,G,,F,4,146,,,16R215,,,,,,0,0,000000000,00000000000,0,0,0,1,0,0,0,0,0,0,0,65,0,0,0,6,6,2,42,0,0,0,1,42,17946,6,1,0,0,3,0,67,999,1,0,0,1,1,3,2009,9,2011,1,58,0,0,0,1,2,45,3,6,2,1,0,0,14,11,6,4,4,7,1,1
42,420004,1,1,4,28,1,3,14,34,0,1,0,42,2,54,35,54035,4,2008,19UUA66268A0,1,9,U,U,A,6,6,2,6,8,A,0,0,P,ACUR,ATL,4D,8,17,3623,,0,1079,,G,,F,6,195,,,17R235,,,,,,0,0,000000000,00000000000,0,0,0,1,0,0,0,0,0,0,0,70,0,0,0,12,6,2,30,0,0,0,1,42,18067,6,1,0,0,3,0,71,999,0,0,0,0,0,0,0,0,0,1,99,99,99,99,1,2,45,3,1,2,1,0,0,14,12,3,2,4,7,1,1
42,420005,1,1,1,7,1,19,47,30,0,1,0,42,2,20,36,20036,2,1996,2G1WW12M0T92,2,G,1,W,W,1,2,M,0,T,9,2,0,P,CHEV,MLS,CP,96,17,3306,,0,1075,,G,,F,6,191,,,15R205,,,,,,0,0,000000000,00000000000,0,0,0,1,0,0,0,0,0,0,0,999,0,1,5,3,6,2,30,0,0,0,1,42,17317,6,1,0,0,3,0,61,999,3,0,0,0,0,5,2010,11,2011,1,0,0,0,0,1,2,45,3,1,2,1,0,0,14,6,9,3,4,2,1,1
42,420006,1,1,1,12,1,11,30,33,0,1,0,42,1,12,481,12481,31,2002,1FTNF21L12EA,1,F,T,N,F,2,1,L,1,2,E,A,0,T,FORD,F2S,PK,2,17,,2,0,1370,SRW,G,,,8,330,,,,C,5823,01,U,44,0,0,000000000,00000000000,0,0,0,1,0,0,0,0,0,0,0,65,0,0,0,2,6,2,42,0,0,0,1,42,17860,6,1,0,0,3,0,73,999,0,0,0,0,0,0,0,0,0,1,0,0,0,0,2,2,50,1,1,2,2,0,0,1,13,99,1,4,1,1,0
42,420007,1,1,1,24,1,7,0,42,0,1,0,42,1,20,22,20022,4,2009,1G1AT58H5972,1,G,1,A,T,5,8,H,5,9,7,2,0,P,CHEV,BLT,4D,9,17,3216,,0,1033,,G,,F,4,134,,,15R195,,,,,,0,0,000000000,00000000000,0,0,0,1,0,0,0,0,0,0,0,60,0,0,0,12,6,2,42,0,0,0,1,42,16405,6,1,0,0,3,3,67,999,0,0,0,0,0,0,0,0,0,1,99,99,99,99,1,2,45,1,1,2,1,0,0,1,13,1,1,4,1,1,0
42,420008,1,1,1,4,1,0,20,42,0,1,0,42,1,2,403,2403,14,2010,1J4BA3H10AL1,1,J,4,B,A,3,H,1,0,A,L,1,0,T,JEEP,WSS,4W,10,17,,1,0,1160,WUL,G,,,6,230,,,,,4075,00,E,44,0,0,000000000,00000000000,0,0,0,1,0,0,0,0,0,0,0,999,0,0,0,12,6,2,42,0,0,0,1,42,19390,6,1,0,0,3,0,65,999,0,0,0,0,0,0,0,0,0,0,99,99,99,99,1,2,35,2,1,2,1,0,0,1,12,1,1,4,6,1,1
42,420009,1,1,1,31,1,21,10,8,0,1,0,42,1,12,442,12442,20,1998,2FMZA51U4WBE,2,F,M,Z,A,5,1,U,4,W,B,E,0,T,FORD,WWG,ES,98,17,,1,0,1207,WIN,G,,,6,182,,,,B,3762,02,F,42,0,0,000000000,00000000000,0,0,0,1,0,0,0,0,0,0,0,35,0,0,0,12,2,1,8,0,0,0,1,42,17094,6,1,6,0,3,0,71,999,0,0,0,0,1,5,2009,5,2009,0,0,0,0,0,1,2,35,1,1,2,1,0,0,1,80,6,1,2,13,0,0
42,420010,1,1,1,24,1,19,48,25,0,1,0,42,1,20,401,20401,14,1999,1GNDT13W4X21,1,G,N,D,T,1,3,W,4,X,2,1,0,P,CHEV,BZR,UT,99,17,4023,,0,1070,,G,,F,6,262,,,15R205,,,,,,0,0,000000000,00000000000,0,0,0,1,0,0,0,0,0,0,0,999,0,1,6,11,6,2,1,0,0,0,1,42,19154,6,1,0,0,3,0,72,999,0,0,0,0,0,0,0,0,0,0,99,99,99,99,3,2,55,1,1,2,1,0,0,1,12,1,1,4,6,1,0
42,420011,1,1,1,8,1,16,39,31,0,1,0,42,1,7,28,7028,2,2010,2B3CJ5DT5AH2,2,B,3,C,J,5,D,T,5,A,H,2,0,P,DODG,CRT,CP,10,17,4041,,0,1160,,G,,F,8,348,,,18R235,,,,,,0,0,000000000,00000000000,0,0,0,1,0,0,0,0,0,0,0,999,0,1,6,7,6,2,1,0,0,0,1,42,15522,6,1,0,0,3,0,70,999,0,0,0,0,0,0,0,0,0,1,0,0,0,0,1,2,25,2,1,2,1,0,0,14,10,1,3,4,7,1,1
42,420012,1,1,1,12,1,16,21,8,0,1,0,42,1,19,3,19003,4,1998,1G6KD54Y2WU7,1,G,6,K,D,5,4,Y,2,W,U,7,0,P,CADI,DFW,4D,98,17,4012,,0,1138,,G,,F,8,279,,,16R225,,,,,,0,0,000000000,00000000000,0,0,0,1,0,0,0,0,0,0,0,999,0,0,0,11,2,1,8,99,99,0,1,42,15120,6,1,0,0,3,0,71,999,0,0,0,0,0,0,0,0,0,0,99,99,99,99,1,4,25,1,1,9,2,0,0,1,80,1,1,1,13,0,0
42,420013,1,2,1,8,1,11,41,12,2,1,0,42,1,20,398,20398,4,2009,KL1TD56E19B6,K,L,1,T,D,5,6,E,1,9,B,6,0,P,CHEV,LTS,4D,9,17,2569,,0,976,,G,,F,4,098,,,14R185,,,,,,0,0,000000000,00000000000,0,0,0,1,0,0,0,0,0,0,0,999,0,0,0,12,6,2,12,0,0,0,1,42,15120,6,1,0,0,3,0,64,999,0,0,0,0,0,0,0,0,0,0,99,99,99,99,1,2,35,1,5,2,1,0,0,1,10,1,1,2,50,1,0
42,420013,2,2,1,8,1,11,41,12,2,1,0,42,3,86,884,86884,72,2007,1M2AL02C77M0,1,M,2,A,L,0,2,C,7,7,M,0,0,T,MACK,CT7,CC,7,17,,8,0,0,700,D,,,6,728,,,,,00000,00,,64,0,57,002088083,57002088083,3,19,3,1,0,0,0,0,0,0,0,999,0,0,0,12,4,3,12,0,0,0,1,42,15642,6,1,6,0,3,1,70,999,0,0,0,0,0,0,0,0,0,0,0,0,0,0,1,2,35,1,6,2,1,0,0,1,62,3,1,1,51,0,0
42,420014,1,1,2,3,1,16,25,24,0,1,0,42,1,12,481,12481,31,1998,2FTZF08W6WCA,2,F,T,Z,F,0,8,W,6,W,C,A,0,T,FORD,F15,PK,98,17,,1,0,1200,COF,G,,,8,281,,,,B,4337,03,E,44,0,0,000000000,00000000000,0,0,0,1,0,0,0,0,0,0,0,40,0,0,0,12,4,3,24,0,0,0,1,42,15401,6,1,0,0,3,0,69,999,0,0,0,0,0,0,0,0,0,1,6,0,0,0,1,2,55,1,5,2,3,0,0,1,6,9,3,4,2,1,0
42,420015,1,1,1,1,1,23,5,42,0,1,0,0,0,98,739,98739,90,9999,000000000000,0,0,0,0,0,0,0,0,0,0,0,0,0,,,,,,,,,,,,,,,,,,,,,,,,,0,0,000000000,00000000000,0,0,0,1,0,0,0,0,0,0,0,45,0,0,0,12,6,2,42,99,99,0,1,42,15935,6,1,0,0,1,0,72,999,0,0,0,0,0,0,0,0,0,1,36,0,0,0,1,2,45,1,5,2,4,0,0,1,6,1,3,4,2,1,1
42,420016,1,1,2,25,1,2,40,24,0,1,0,42,2,12,402,12402,14,2002,1FMYU04142KB,1,F,M,Y,U,0,4,1,4,2,K,B,0,P,FORD,SPE,UT,2,17,3511,,0,1031,,G,,F,6,181,,,15R225,,,,,,0,0,000000000,00000000000,0,0,0,1,0,0,0,0,0,0,0,999,0,1,1,11,6,2,1,0,0,0,1,42,15137,6,1,0,0,3,0,69,999,0,0,0,0,0,0,0,0,0,1,36,0,0,0,1,4,25,2,1,2,1,0,0,14,6,8,9,4,7,1,0
42,420017,1,1,3,4,1,13,17,42,0,1,0,42,2,21,398,21398,4,2000,1G3NL52E6YC3,1,G,3,N,L,5,2,E,6,Y,C,3,0,P,OLDS,A/G,4D,0,17,3022,,0,1070,,G,,F,6,207,,,15R215,,,,,,0,0,000000000,00000000000,0,0,0,1,0,0,0,0,0,0,0,999,0,0,0,7,6,2,19,0,0,0,1,42,18331,6,1,0,0,3,1,68,999,0,0,0,0,0,0,0,0,0,1,36,0,0,0,1,2,35,2,1,2,1,0,0,14,6,1,4,4,7,1,0
42,420018,1,1,1,5,1,18,0,8,0,1,0,42,1,23,481,23481,31,2008,2GTEK19J4811,2,G,T,E,K,1,9,J,4,8,1,1,0,T,GMC,SK1,4C,8,17,,2,1575,1339,SIE,G,,,8,323,,,,B,5226,02,4,44,0,0,000000000,00000000000,0,0,0,1,0,0,0,0,0,0,0,40,0,0,0,1,6,2,8,0,0,0,1,42,16731,6,1,0,0,3,0,70,999,0,0,0,0,0,0,0,0,0,0,0,0,0,0,1,2,40,1,1,2,1,0,0,1,80,1,1,1,13,0,0
42,420019,1,1,1,27,1,18,6,8,0,1,0,42,2,49,40,49040,4,2001,4T1BG28K11U0,4,T,1,B,G,2,8,K,1,1,U,0,0,P,TOYT,CXL,4D,1,17,2998,,0,1051,,G,,F,4,132,,,15R205,,,,,,0,0,000000000,00000000000,0,0,0,1,0,0,0,0,0,0,0,55,0,0,0,3,2,3,8,0,0,0,1,42,18052,6,1,0,0,3,0,67,999,0,0,0,0,0,0,0,0,0,0,0,0,0,0,3,2,55,1,1,2,1,0,0,1,80,1,1,1,13,0,0
42,420020,1,1,1,6,1,99,99,30,0,1,0,42,1,59,32,59032,4,2007,JTHCE96S7700,J,T,H,C,E,9,6,S,7,7,0,0,0,P,LEXS,GSA,4D,7,17,3869,,0,1122,,G,,F,6,214,,,17R225,,,,,,0,0,000000000,00000000000,0,0,0,1,0,0,0,0,0,0,0,999,0,0,0,12,6,2,30,0,0,0,1,42,18323,6,1,0,0,3,0,69,999,0,0,0,0,0,0,0,0,0,0,36,0,0,0,1,2,45,1,1,2,1,0,0,1,10,1,1,4,6,1,0
42,420021,1,1,1,18,1,5,8,42,0,1,0,42,1,9,442,9442,20,1997,1P4GP44R4VB3,1,P,4,G,P,4,4,R,4,V,B,3,0,T,PLYM,GSR,ES,97,17,,1,0,1193,VOF,G,,,6,201,,,,,3687,00,E,42,0,0,000000000,00000000000,0,0,0,1,0,0,0,0,0,0,0,74,0,1,5,12,6,2,42,0,0,0,1,36,18444,6,1,0,0,3,0,71,999,0,7,1,1,0,3,2009,6,2011,1,0,0,0,0,1,2,25,2,5,2,1,0,0,14,6,7,3,4,7,1,0
42,420022,1,1,1,3,1,15,18,30,0,1,0,42,1,21,23,21023,4,1998,1G3WS52K5WF3,1,G,3,W,S,5,2,K,5,W,F,3,0,P,OLDS,IGL,4D,98,17,3455,,0,1090,,G,,F,6,231,,,16R225,,,,,,0,0,000000000,00000000000,0,0,0,1,0,0,0,0,0,0,0,30,0,0,0,8,6,2,42,0,0,0,1,42,15801,6,1,0,0,3,1,66,999,1,0,0,0,0,9,2011,9,2011,1,0,0,0,0,1,2,40,1,6,2,3,0,0,1,6,7,3,4,2,1,0
42,420023,1,1,1,13,1,10,55,59,0,1,0,42,1,35,49,35049,1,2011,JN8AZ1MW8BW1,J,N,8,A,Z,1,M,W,8,B,W,1,0,P,NISS,MUR,UT,11,17,4025,,0,1112,,G,,F,6,214,,,18R235,,,,,,0,0,000000000,00000000000,0,0,0,1,0,0,0,0,0,0,0,25,0,0,0,1,6,2,42,0,0,0,1,42,19131,6,1,0,0,3,0,69,999,0,0,0,0,0,0,0,0,0,0,0,0,0,0,1,2,25,1,1,2,1,0,0,1,10,1,1,4,6,1,0
42,420024,1,1,1,13,1,9,26,35,0,1,0,42,1,23,401,23401,14,2005,1GKDT13S9521,1,G,K,D,T,1,3,S,9,5,2,1,0,T,GMC,ENV,4W,5,17,,1,0,1130,ENV,G,,,6,256,,,,B,4594,00,E,44,0,0,000000000,00000000000,0,0,0,1,0,0,0,0,0,0,0,999,0,1,6,11,2,3,17,0,0,0,1,42,16323,6,1,0,0,3,1,71,999,0,0,0,0,0,0,0,0,0,0,99,99,99,99,1,2,45,1,2,2,3,0,0,1,5,99,4,4,7,1,0
42,420025,1,1,2,23,1,20,52,8,0,1,0,42,1,7,25,7025,5,2007,1B3HB48B77D1,1,B,3,H,B,4,8,B,7,7,D,1,0,P,DODG,CXT,4D,7,17,3038,,0,1037,,G,,F,4,122,,,17R215,,,,,,0,0,000000000,00000000000,0,0,0,1,0,0,0,0,0,0,0,999,0,0,0,12,4,3,8,0,0,0,1,42,19401,6,1,0,0,3,0,71,999,0,0,0,0,0,0,0,0,0,0,0,0,0,0,1,2,35,1,6,2,2,1,3,1,80,1,1,1,13,0,0
42,420026,1,1,2,16,1,18,39,8,0,1,0,42,1,7,442,7442,20,2000,2B4GP45G3YR5,2,B,4,G,P,4,5,G,3,Y,R,5,0,P,DODG,CAR,SV,0,17,3772,,0,1133,,F,,F,6,201,,,15R215,,,,,,0,0,000000000,00000000000,0,0,0,1,0,0,0,0,0,0,0,999,0,0,0,12,6,2,8,0,0,0,1,42,19056,6,1,0,0,3,3,68,999,0,0,0,0,0,0,0,0,0,0,0,0,0,0,1,2,40,1,1,2,1,0,0,1,80,1,1,1,13,0,1
42,420027,1,1,1,29,1,3,29,25,0,1,0,42,2,37,31,37031,4,2003,2HGES26793H5,2,H,G,E,S,2,6,7,9,3,H,5,0,P,HOND,UAX,4D,3,17,2601,,0,1031,,G,,F,4,102,,,15R185,,,,,,0,0,000000000,00000000000,0,0,0,1,0,0,0,0,0,0,0,999,0,1,1,2,6,2,1,0,0,0,1,42,19152,6,1,0,0,3,3,70,999,0,0,0,0,0,0,0,0,0,1,0,0,0,0,3,2,50,3,1,2,1,0,0,14,13,6,1,4,1,1,1
42,420028,1,1,1,6,1,7,46,8,0,1,0,42,1,18,20,18020,4,2000,2G4WB55K3Y11,2,G,4,W,B,5,5,K,3,Y,1,1,0,P,BUIC,RLS,4D,0,17,3438,,0,1090,,G,,F,6,231,,,15R215,,,,,,0,0,000000000,00000000000,0,0,0,1,0,0,0,0,0,0,0,999,0,0,0,10,4,1,8,0,0,0,1,42,18974,6,1,0,0,3,0,66,999,0,0,0,0,0,0,0,0,0,0,0,0,0,0,5,4,45,1,6,2,1,0,0,1,80,1,1,1,13,0,1
42,420029,1,1,4,20,1,22,45,35,0,1,0,42,1,34,34,34034,2,2003,WBSBL93473JR,W,B,S,B,L,9,3,4,7,3,J,R,0,P,BMW,M3S,CP,3,17,3415,,0,1075,,G,,F,6,198,,,18R225,,,,,,0,0,000000000,00000000000,0,0,0,1,0,0,0,0,0,0,0,62,0,0,0,12,6,2,42,0,0,0,1,42,19111,6,1,0,0,3,0,68,999,1,0,0,1,2,6,2010,5,2011,1,0,0,0,0,1,2,40,1,6,2,1,0,0,1,13,1,1,4,1,1,0
42,420030,1,1,3,28,1,2,52,9,0,1,1,42,2,24,1,24001,4,1997,1G8ZK5277VZ1,1,G,8,Z,K,5,2,7,7,V,Z,1,0,P,STRN,SL2,4D,97,17,2362,,0,1024,,G,,F,4,116,,,15R185,,,,,,0,0,000000000,00000000000,0,0,0,1,0,0,0,0,0,0,0,50,0,0,0,1,4,1,9,0,0,0,1,42,17103,0,0,0,0,0,0,73,999,0,1,0,0,1,4,2011,4,2011,1,99,99,99,99,1,3,35,1,1,2,1,0,0,1,80,7,1,1,13,0,1
42,420031,1,1,2,16,1,20,29,24,0,1,0,42,2,12,471,12471,30,2000,1FTZR15XXYTA,1,F,T,Z,R,1,5,X,X,Y,T,A,0,T,FORD,RNS,PC,0,17,,1,0,1259,RNG,G,,,6,245,,,,B,3599,01,U,44,0,0,000000000,00000000000,0,0,0,1,0,0,0,0,0,0,0,999,0,1,2,11,6,2,1,0,0,0,1,42,17872,6,1,0,0,3,0,64,999,0,0,0,0,0,0,0,0,0,1,87,58,0,0,1,2,55,3,1,2,4,0,0,14,6,99,4,4,7,1,0
42,420032,1,1,1,18,1,17,35,58,0,1,0,42,1,2,404,2404,14,2005,1J4GR48KX5C6,1,J,4,G,R,4,8,K,X,5,C,6,0,T,JEEP,LCF,4W,5,17,,1,0,1095,GCK,G,,,6,226,,,,,4335,00,E,44,0,0,000000000,00000000000,0,0,0,1,0,0,0,0,0,8,9,999,0,0,0,14,6,2,42,0,0,0,1,42,17301,6,1,0,0,3,0,70,999,0,0,0,0,0,0,0,0,0,1,0,0,0,0,1,2,35,1,4,2,1,0,0,1,6,1,1,1,98,1,0
42,420033,1,1,1,13,1,20,16,8,0,1,0,42,1,35,39,35039,4,2001,JN1CA31A61T1,J,N,1,C,A,3,1,A,6,1,T,1,0,P,NISS,M20,4D,1,17,3084,,0,1083,,G,,F,6,182,,,15R205,,,,,,0,0,000000000,00000000000,0,0,0,1,0,0,0,0,0,0,0,999,0,0,0,11,2,1,8,0,0,0,1,42,19050,6,1,0,0,3,0,61,999,0,0,0,0,0,0,0,0,0,0,99,99,99,99,1,4,25,1,5,2,1,0,0,1,80,1,1,1,13,0,0
42,420034,1,1,1,23,1,15,39,8,0,1,0,42,3,98,981,98981,52,2010,5FYH5FV11AB0,5,F,Y,H,5,F,V,1,1,A,B,0,0,U,,,,10,17,,,,,,,,,,,,,,,,,,,0,88,888888888,88888888888,3,21,22,1,0,0,0,0,6,0,0,999,0,0,0,5,0,1,8,0,0,0,1,42,19138,6,1,6,1,3,0,70,999,0,0,0,0,0,0,0,0,0,0,0,0,0,0,1,2,25,1,1,2,2,3,9,10,80,1,1,1,13,0,0
42,420035,1,1,1,10,1,17,34,8,0,1,0,42,1,6,52,6052,1,2001,3C8FY4BB71T2,3,C,8,F,Y,4,B,B,7,1,T,2,0,P,CHRY,PTC,SV,1,17,3109,,0,1030,,G,,F,4,148,,,15R195,,,,,,0,0,000000000,00000000000,0,0,0,1,0,0,0,0,0,0,0,30,0,0,0,11,2,3,8,0,0,0,1,42,19512,6,1,0,0,3,1,59,999,0,0,0,0,0,0,0,0,0,0,0,0,0,0,1,2,35,1,6,2,2,0,0,1,80,1,1,1,13,0,0
42,420036,1,1,3,29,1,3,48,30,0,1,0,42,1,7,472,7472,30,2004,1D7HG38K94S7,1,D,7,H,G,3,8,K,9,4,S,7,0,T,DODG,QSP,CW,4,17,,2,0,1309,DAK,G,,,6,225,,,,B,4331,00,E,44,0,0,000000000,00000000000,0,0,0,1,0,0,0,0,0,0,0,999,0,0,0,1,6,2,30,0,0,0,1,42,19136,6,1,0,0,3,0,66,999,0,0,0,2,0,1,2010,5,2011,0,99,99,99,99,1,2,30,1,1,2,1,0,0,99,13,1,1,4,1,2,1
42,420037,1,1,2,28,1,22,50,8,0,1,0,42,1,49,32,49032,4,2004,2T1BR32E14C2,2,T,1,B,R,3,2,E,1,4,C,2,0,P,TOYT,UCS,4D,4,17,2502,,0,1024,,G,,F,4,109,,,15R185,,,,,,0,0,000000000,00000000000,0,0,0,1,0,0,0,0,0,0,0,55,0,0,0,12,6,2,8,0,0,0,1,42,15012,6,1,0,0,3,1,63,999,0,1,0,0,0,9,2011,9,2011,1,0,0,0,0,2,2,55,1,2,2,1,0,0,1,82,1,1,1,13,0,0
42,420038,1,2,1,6,1,11,25,12,6,1,0,42,1,2,404,2404,14,1996,1J4FJ68S9TL1,1,J,4,F,J,6,8,S,9,T,L,1,0,T,JEEP,SPC,4W,96,17,,1,0,1014,CHK,G,,,6,242,,,,,3008,00,M,44,0,0,000000000,00000000000,0,0,0,1,0,0,0,0,0,0,0,15,0,0,0,3,6,2,12,0,0,0,1,42,16201,6,1,0,0,3,0,63,999,0,0,0,0,0,0,0,0,0,0,48,42,0,0,2,2,45,1,1,2,1,3,3,11,15,1,1,1,68,1,0
42,420038,2,2,1,6,1,11,25,12,6,1,0,42,1,84,881,84881,63,2005,1HTXRAPT55J1,1,H,T,X,R,A,P,T,5,5,J,1,0,T,INTL,59I,CC,5,17,,8,0,0,590,D,,,6,915,,,,,00000,00,,64,0,57,02146068,5702146068,3,2,4,1,0,0,0,0,0,0,0,45,0,0,0,12,4,3,12,0,0,0,1,42,15772,6,1,6,0,3,0,65,999,1,0,0,0,0,1,2009,1,2009,0,0,0,0,0,2,2,45,1,1,2,1,3,3,1,62,9,1,2,69,0,0
42,420039,1,2,1,19,1,7,39,12,6,1,0,42,1,6,43,6043,1,2006,1C3EL55RX6N1,1,C,3,E,L,5,5,R,X,6,N,1,0,P,CHRY,STO,CV,6,17,3178,,0,1060,,G,,F,6,165,,,16R205,,,,,,0,0,000000000,00000000000,0,0,0,1,0,0,0,0,0,0,0,999,0,0,0,9,6,2,12,0,0,0,1,42,19083,6,1,0,0,3,0,66,999,0,0,0,0,0,0,0,0,0,0,38,0,0,0,1,2,25,1,1,2,1,20,3,1,17,1,1,1,89,1,0
42,420039,2,2,1,19,1,7,39,12,6,1,0,42,1,2,404,2404,14,1998,1J4FJ68S9WL1,1,J,4,F,J,6,8,S,9,W,L,1,0,T,JEEP,SPC,4W,98,17,,1,0,1014,CHK,G,,,6,242,,,,,3249,00,E,44,0,0,000000000,00000000000,0,0,0,1,0,0,0,0,0,0,0,999,0,0,0,12,6,2,12,0,0,0,1,42,19083,6,1,0,0,3,1,67,999,0,0,0,0,0,0,0,0,0,0,0,0,0,0,1,2,35,1,1,2,1,0,0,1,66,1,1,1,88,0,0
42,420040,1,2,1,6,1,2,5,12,6,1,1,42,1,7,20,7020,4,2000,1B3ES46C0YD7,1,B,3,E,S,4,6,C,0,Y,D,7,0,P,DODG,NSE,4D,0,17,2515,,0,1050,,G,,F,4,122,,,14R185,,,,,,0,0,000000000,00000000000,0,0,0,1,0,0,0,0,0,0,0,999,0,0,0,12,6,2,12,0,0,0,1,42,16507,6,1,0,0,3,0,69,999,0,0,0,1,0,4,2011,4,2011,1,39,0,0,0,1,2,25,1,1,1,2,20,3,1,17,1,1,1,86,0,1
42,420040,2,2,2,6,1,2,5,12,6,1,0,21,4,55,36,55036,4,2011,KMHCN4AC4BU6,K,M,H,C,N,4,A,C,4,B,U,6,0,P,HYUN,ALS,4D,11,17,2365,,0,0,,G,,F,4,098,,,000000,,,,,,0,0,000000000,00000000000,0,0,0,1,0,0,0,0,0,0,0,999,0,0,0,1,6,2,12,0,0,0,1,42,16509,6,1,0,0,3,0,60,999,0,0,0,0,0,0,0,0,0,0,0,0,0,0,1,3,25,1,1,1,2,0,0,1,66,99,1,1,87,1,1
42,420041,1,1,1,19,1,3,50,41,0,1,0,42,1,20,481,20481,31,2002,1GCHK24U62E2,1,G,C,H,K,2,4,U,6,2,E,2,0,T,CHEV,2KH,PK,2,17,,2,0,1330,SIL,G,,,8,364,,,,C,5484,00,,44,0,0,000000000,00000000000,0,0,0,1,0,0,0,0,0,0,0,999,0,0,0,1,6,2,42,0,0,0,1,42,18453,6,1,0,0,3,0,73,999,0,0,0,0,0,0,0,0,0,0,99,99,99,99,1,2,45,1,1,2,1,0,0,1,11,7,1,4,1,1,1
42,420042,1,1,1,2,1,14,8,32,0,1,0,42,1,12,23,12023,4,2007,3FAHP07Z87R2,3,F,A,H,P,0,7,Z,8,7,R,2,0,P,FORD,F/E,4D,7,17,3101,,0,1074,,G,,F,4,140,,,16R205,,,,,,0,0,000000000,00000000000,0,0,0,1,0,0,0,0,0,0,0,35,0,0,0,11,4,3,34,0,0,0,1,42,16912,6,1,0,0,3,9,61,999,0,0,0,0,0,0,0,0,0,0,0,0,0,0,1,2,40,1,1,2,2,0,0,1,8,1,1,4,6,1,0
42,420043,1,1,1,17,1,11,2,38,0,1,0,42,1,20,2,20002,4,2000,2G1WF55K1Y92,2,G,1,W,F,5,5,K,1,Y,9,2,0,P,CHEV,IMP,4D,0,17,3389,,0,1110,,G,,F,6,231,,,16R225,,,,,,0,0,000000000,00000000000,0,0,0,1,0,0,0,0,0,0,0,999,0,0,0,12,6,2,39,0,0,0,1,42,15001,6,1,0,0,3,0,67,999,0,0,0,0,0,0,0,0,0,0,99,99,99,99,1,2,35,2,1,2,2,0,0,14,11,1,1,4,1,1,0
42,420044,1,1,3,4,1,20,0,99,99,1,0,42,2,22,398,22398,4,1995,1G2NE55M6SC7,1,G,2,N,E,5,5,M,6,S,C,7,0,P,PONT,GAS,4D,95,17,2945,,0,1034,,G,,F,6,191,,,14R195,,,,,,0,0,000000000,00000000000,0,0,0,1,0,0,0,0,0,0,0,999,0,1,2,99,6,2,1,99,99,0,1,42,19020,6,1,0,0,3,0,69,999,0,0,0,0,0,0,0,0,0,0,99,99,99,99,9,2,99,2,1,1,1,0,0,99,99,7,9,9,99,3,1
42,420045,1,1,1,20,1,16,10,35,0,1,0,42,1,37,402,37402,14,2004,JHLRD78864C0,J,H,L,R,D,7,8,8,6,4,C,0,0,P,HOND,CRV,UT,4,17,3347,,0,1031,,G,,F,4,146,,,15R205,,,,,,0,0,000000000,00000000000,0,0,0,1,0,0,0,0,0,0,0,999,0,0,0,14,4,3,35,0,0,0,1,42,17042,6,1,0,0,3,0,63,999,0,0,0,0,0,0,0,0,0,0,99,99,99,99,1,2,35,1,1,2,1,0,0,1,10,1,1,4,6,1,0