STATE,ST_CASE,VEH_NO,VE_FORMS,NUMOCCS,DAY,MONTH,HOUR,MINUTE,HARM_EV,MAN_COLL,UNITTYPE,HIT_RUN,REG_STAT,OWNER,MAKE,MODEL,MAK_MOD,BODY_TYP,MOD_YEAR,VIN,VIN_1,VIN_2,VIN_3,VIN_4,VIN_5,VIN_6,VIN_7,VIN_8,VIN_9,VIN_10,VIN_11,VIN_12,TOW_VEH,VINTYPE,VINMAKE,VINA_MOD,VIN_BT,VINMODYR,VIN_LNGT,VIN_WGT,WGTCD_TR,WHLBS_LG,WHLBS_SH,SER_TR,FUELCODE,MCYCL_DS,CARBUR,CYLINDER,DISPLACE,MCYCL_CY,MCYCL_WT,TIRE_SZE,TON_RAT,TRK_WT,TRKWTVAR,VIN_REST,WHLDRWHL,J_KNIFE,MCARR_I1,MCARR_I2,MCARR_ID,GVWR,V_CONFIG,CARGO_BT,HAZ_INV,HAZ_PLAC,HAZ_ID,HAZ_CNO,HAZ_REL,BUS_USE,SPEC_USE,EMER_USE,TRAV_SP,UNDERIDE,ROLLOVER,ROLINLOC,IMPACT1,DEFORMED,TOWED,M_HARM,VEH_SC1,VEH_SC2,FIRE_EXP,DR_PRES,L_STATE,DR_ZIP,L_STATUS,L_TYPE,CDL_STAT,L_ENDORS,L_COMPL,L_RESTRI,DR_HGT,DR_WGT,PREV_ACC,PREV_SUS,PREV_DWI,PREV_SPD,PREV_OTH,FIRST_MO,FIRST_YR,LAST_MO,LAST_YR,SPEEDREL,DR_SF1,DR_SF2,DR_SF3,DR_SF4,VTRAFWAY,VNUM_LAN,VSPD_LIM,VALIGN,VPROFILE,VPAVETYP,VSURCOND,VTRAFCON,VTCONT_F,P_CRASH1,P_CRASH2,P_CRASH3,PCRASH4,PCRASH5,ACC_TYPE,DEATHS,DR_DRINK
42,420242,2,2,3,30,3,21,55,12,6,1,0,42,1,37,32,37032,2,1995,1HGCD7233SA0,1,H,G,C,D,7,2,3,3,S,A,0,0,P,HOND,ALX,CP,95,17,2721,,0,1069,,G,,F,4,132,,,14R185,,,,,,0,0,000000000,00000000000,0,0,0,1,0,0,0,0,0,0,0,999,0,0,0,3,6,2,12,0,0,0,1,42,19120,6,1,0,0,3,0,56,999,0,0,0,0,0,0,0,0,0,0,0,0,0,0,4,1,99,1,1,2,4,20,3,1,66,1,1,1,87,1,0
42,420243,1,1,1,26,3,0,23,9,0,1,0,42,1,7,482,7482,31,2008,1D7HU182X8S5,1,D,7,H,U,1,8,2,X,8,S,5,0,T,DODG,SQ1,CW,8,17,,2,1605,1405,RPC,G,,,8,348,,,,B,5201,00,E,44,0,0,000000000,00000000000,0,0,0,1,0,0,0,0,0,0,0,999,0,0,0,3,2,1,9,0,0,0,1,42,19114,6,1,0,0,3,0,73,999,0,0,0,0,0,0,0,0,0,0,0,0,0,0,5,2,25,2,1,2,1,0,0,14,83,8,9,9,13,0,0
42,420244,1,2,1,18,3,20,9,12,6,1,0,42,1,37,31,37031,2,2000,1HGEJ8148YL0,1,H,G,E,J,8,1,4,8,Y,L,0,0,P,HOND,UAX,CP,0,17,2513,,0,1032,,G,,F,4,097,,,14R185,,,,,,0,0,000000000,00000000000,0,0,0,1,0,0,0,0,0,0,0,40,0,0,0,3,6,2,12,0,0,0,1,42,17560,6,1,0,0,3,0,62,999,0,1,0,0,1,4,2010,7,2011,0,28,0,0,0,1,2,35,3,1,2,1,0,0,14,10,3,4,2,64,1,0
42,420244,2,2,1,18,3,20,9,12,6,1,0,42,1,2,404,2404,14,2008,1J8HR48N08C1,1,J,8,H,R,4,8,N,0,8,C,1,0,T,JEEP,LRO,4W,8,17,,2,0,1095,GCK,G,,,8,287,,,,,4488,00,7,44,0,0,000000000,00000000000,0,0,0,1,0,0,0,0,0,0,0,40,0,0,0,12,6,2,12,0,0,0,1,42,17566,6,1,0,0,3,0,61,999,0,0,0,0,0,0,0,0,0,0,0,0,0,0,1,2,35,1,5,2,1,0,0,1,62,99,1,1,65,0,0
42,420245,1,2,3,19,3,15,55,12,2,1,0,42,2,24,7,24007,4,2003,1G8AG52F63Z1,1,G,8,A,G,5,2,F,6,3,Z,1,0,P,STRN,SI1,4D,3,17,2728,,0,1032,,G,,F,4,134,,,14R185,,,,,,0,0,000000000,00000000000,0,0,0,1,0,0,0,0,0,0,0,40,0,0,0,12,6,2,12,0,0,0,1,42,18353,6,1,0,0,3,3,64,999,0,0,0,0,0,0,0,0,0,0,58,28,0,0,1,2,35,3,1,2,1,0,0,14,10,1,1,2,50,1,0
42,420245,2,2,1,19,3,15,55,12,2,1,0,42,2,12,17,12017,6,2004,1FAHP58U74A1,1,F,A,H,P,5,8,U,7,4,A,1,0,P,FORD,TSE,SW,4,17,3306,,0,1085,,G,,F,6,182,,,16R215,,,,,,0,0,000000000,00000000000,0,0,0,1,0,0,0,0,0,0,0,40,0,0,0,12,6,2,12,0,0,0,1,42,18052,6,1,0,0,3,3,61,999,0,0,0,1,0,6,2009,6,2009,0,0,0,0,0,1,2,35,1,1,2,1,0,0,1,62,7,1,4,51,0,0
42,420246,1,2,2,13,3,11,37,12,7,1,0,42,1,55,401,55401,14,2004,KM8SC73D24U7,K,M,8,S,C,7,3,D,2,4,U,7,0,P,HYUN,SAN,UT,4,17,3720,,0,1031,,G,,F,6,162,,,16R225,,,,,,0,0,000000000,00000000000,0,0,0,1,0,0,0,0,0,0,0,55,0,1,1,9,6,2,1,0,0,0,1,42,18334,6,1,0,0,3,0,71,999,0,0,0,0,1,5,2009,5,2009,0,27,0,0,0,2,2,55,1,1,2,1,0,0,15,10,7,1,1,47,1,0
42,420246,2,2,1,13,3,11,37,12,7,1,0,18,3,85,881,85881,66,2005,1XKADB8X85J0,1,X,K,A,D,B,8,X,8,5,J,0,1,T,KW,T60,TR,5,17,,8,2600,1600,CON,D,,,6,893,,,,,00000,00,,64,3,57,01211932,5701211932,3,6,1,1,0,0,0,0,0,0,0,55,0,0,0,1,2,1,12,0,0,0,1,36,11419,6,1,6,0,3,0,65,999,0,0,0,0,0,0,0,0,0,0,0,0,0,0,2,2,55,1,1,2,1,0,0,1,61,1,1,1,45,0,0
42,420247,1,2,1,5,2,6,56,12,7,1,1,42,1,20,16,20016,4,1997,1G1JF5246V72,1,G,1,J,F,5,2,4,6,V,7,2,0,P,CHEV,CAS,4D,97,17,2729,,0,1041,,G,,F,4,133,,,15R195,,,,,,0,0,000000000,00000000000,0,0,0,1,0,0,0,0,0,0,0,999,0,0,0,99,9,1,12,0,0,0,1,42,19320,6,1,0,0,3,0,69,999,0,2,0,0,1,4,2011,6,2011,0,99,99,99,99,1,2,45,1,6,2,1,0,0,99,99,99,1,1,49,0,0
42,420247,2,2,1,5,2,6,56,12,7,1,0,42,1,53,704,53704,80,2005,JS1SK44A7521,J,S,1,S,K,4,4,A,7,5,2,1,0,M,SUZI,SMK,T,5,17,,,,,,,398,,1,,4,295,,,,,,,0,0,000000000,00000000000,0,0,0,1,0,0,0,0,0,0,0,999,0,0,0,7,6,2,12,0,0,0,1,42,19335,6,1,0,0,3,3,66,999,1,0,0,1,0,9,2010,1,2012,0,0,0,0,0,1,2,45,1,6,2,1,0,0,1,99,99,1,1,49,1,0
42,420248,1,2,1,3,3,0,50,8,0,1,0,36,3,82,881,82881,66,2004,1FUJA6CK14LN,1,F,U,J,A,6,C,K,1,4,L,N,1,T,FRHT,COL,TR,4,17,,8,0,0,CON,D,,,6,858,,,,,00000,00,,64,1,57,00575205,5700575205,3,6,1,1,0,0,0,0,0,0,0,60,0,0,0,11,2,1,8,0,0,0,1,36,13650,6,1,6,0,3,3,72,999,0,0,0,0,1,6,2010,6,2010,0,0,0,0,0,3,2,65,2,6,2,1,0,0,14,80,7,1,1,13,0,0
42,420248,2,2,1,3,3,0,50,8,0,1,1,99,9,99,884,99884,66,9999,999999999999,9,9,9,9,9,9,9,9,9,9,9,9,1,,,,,,,,,,,,,,,,,,,,,,,,,1,99,999999999,99999999999,3,99,98,1,0,0,0,0,0,0,0,999,0,0,0,14,9,1,24,0,0,0,1,99,99999,9,9,99,9,9,9,999,999,99,99,99,99,99,99,9999,99,9999,0,99,99,99,99,3,2,65,2,6,2,1,0,0,15,80,99,1,1,98,0,0
42,420249,1,2,2,21,3,12,10,8,0,1,0,42,6,22,20,22020,4,2001,1G2WK52JX1F1,1,G,2,W,K,5,2,J,X,1,F,1,0,P,PONT,GFS,4D,1,17,3384,,0,1105,,G,,F,6,191,,,15R205,,,,,,0,0,000000000,00000000000,0,0,0,1,0,0,0,0,0,0,0,0,0,0,0,6,6,2,12,0,0,0,0,0,99997,7,6,97,7,6,7,998,997,998,998,998,998,998,98,9998,98,9998,8,0,0,0,0,2,2,55,1,5,2,1,0,0,0,53,0,0,0,98,0,0
42,420249,2,2,1,21,3,12,10,8,0,1,0,18,3,84,881,84881,66,2009,2HSCDAPR89C0,2,H,S,C,D,A,P,R,8,9,C,0,2,T,INTL,92I,TR,9,17,,8,0,0,920,D,,,6,915,,,,,00000,00,,42,1,57,00021800,5700021800,3,7,98,1,0,0,0,0,0,0,0,55,0,0,0,12,4,3,12,0,0,0,1,54,25526,6,1,6,0,3,0,75,235,0,0,0,0,0,0,0,0,0,1,99,99,99,99,2,2,55,1,5,2,1,0,0,1,80,3,2,1,13,0,0
42,420250,1,2,1,20,3,2,3,12,1,1,0,42,1,23,472,23472,30,2005,1GKET63M8523,1,G,K,E,T,6,3,M,8,5,2,3,0,T,GMC,E/D,4W,5,17,,2,0,1130,E/D,G,,,8,323,,,,B,4594,00,4,44,0,0,000000000,00000000000,0,0,0,1,0,0,0,0,0,0,0,999,0,0,0,12,6,2,12,0,0,0,1,42,18301,6,1,0,0,3,0,66,999,0,0,0,0,0,0,0,0,0,1,27,0,0,0,2,2,55,1,1,2,1,0,0,15,11,1,1,1,24,0,1
42,420250,2,2,1,20,3,2,3,12,1,1,0,34,1,49,472,49472,30,1999,4TASM92N2XZ5,4,T,A,S,M,9,2,N,2,X,Z,5,0,T,TOYT,XPR,PC,99,17,,1,0,1219,TAC,G,,,4,164,,,,B,3175,00,U,42,0,0,000000000,00000000000,0,0,0,1,0,0,0,0,0,0,0,999,0,1,5,6,6,2,1,0,0,0,1,34,7840,6,1,0,0,3,0,71,999,0,0,0,0,1,5,2009,5,2009,0,0,0,0,0,2,2,55,1,1,2,1,0,0,1,60,1,1,1,25,1,0
42,420251,1,1,2,5,3,0,44,33,0,1,0,42,2,32,40,32040,4,2010,WAUBNAFBXAN0,W,A,U,B,N,A,F,B,X,A,N,0,0,P,AUDI,S6P,4D,10,17,4519,,0,1119,,G,,F,10,318,,,19R265,,,,,,0,0,000000000,00000000000,0,0,0,1,0,0,0,0,0,0,0,999,0,0,0,12,6,2,38,0,0,0,1,42,15208,0,0,0,0,0,0,72,999,0,0,0,0,0,0,0,0,0,0,37,0,0,0,1,3,25,2,5,2,2,20,3,99,10,99,9,4,6,2,0
42,420252,1,1,1,11,3,1,39,59,0,1,0,34,2,22,2,22002,4,2002,1G2WR52182F2,1,G,2,W,R,5,2,1,8,2,F,2,0,P,PONT,GTP,4D,2,17,3559,,0,1105,,G,,Z,6,231,,,16R225,,,,,,0,0,000000000,00000000000,0,0,0,1,0,0,0,0,0,0,0,68,0,0,0,9,6,2,42,0,0,0,1,34,8618,6,1,0,0,3,0,72,999,0,0,0,0,0,0,0,0,0,1,28,0,0,0,1,2,45,2,1,2,1,0,0,14,10,1,1,4,6,1,1
42,420253,1,2,1,24,3,11,13,12,1,1,0,42,1,12,401,12401,14,2003,1FMZU73K23UA,1,F,M,Z,U,7,3,K,2,3,U,A,0,P,FORD,EPR,UT,3,17,4094,,0,1137,,F,,F,6,245,,,16R235,,,,,,0,0,000000000,00000000000,0,0,0,1,0,0,0,0,0,0,0,5,0,1,2,12,6,2,12,0,0,0,1,42,15211,6,1,0,0,3,3,70,999,0,0,0,0,0,0,0,0,0,0,31,0,0,0,1,2,65,1,1,2,1,0,0,13,51,1,1,1,92,1,0
42,420253,2,2,1,24,3,11,13,12,1,1,0,39,2,84,884,84884,66,2010,3HSCTAPR3AN2,3,H,S,C,T,A,P,R,3,A,N,2,1,T,INTL,PRO,TR,10,17,,8,0,0,PRO,D,,,6,915,,,,,00000,00,,64,1,57,000335464,57000335464,3,6,1,1,0,0,0,0,0,0,0,65,0,0,0,6,6,2,12,0,0,0,1,42,16034,6,1,6,0,3,0,70,999,1,0,0,0,2,6,2010,4,2011,0,0,0,0,0,2,2,65,1,5,2,1,0,0,1,56,8,1,1,93,0,1
42,420254,1,2,2,11,3,22,39,12,2,1,0,42,2,48,45,48045,6,2003,JF1GG68523G8,J,F,1,G,G,6,8,5,2,3,G,8,0,P,SUBA,ISP,SW,3,17,3050,,0,994,,G,,F,4,150,,,16R205,,,,,,0,0,000000000,00000000000,0,0,0,1,0,0,0,0,0,0,0,999,9,0,0,12,6,2,12,0,0,0,1,42,18621,6,1,0,0,3,0,67,999,1,2,1,0,0,6,2009,12,2009,0,0,0,0,0,1,2,35,1,6,2,1,0,0,1,54,3,2,1,52,1,1
42,420254,2,2,1,11,3,22,39,12,2,1,0,42,1,6,442,6442,20,2000,2C4GJ25G9YR8,2,C,4,G,J,2,5,G,9,Y,R,8,0,P,CHRY,VOV,SV,0,17,3432,,0,1133,,F,,F,6,201,,,14R205,,,,,,0,0,000000000,00000000000,0,0,0,1,0,0,0,0,0,0,0,999,0,0,0,12,6,2,12,0,0,0,1,42,18656,6,1,0,0,3,1,72,999,0,0,0,0,0,0,0,0,0,0,0,0,0,0,1,2,35,1,5,2,1,0,0,1,54,2,1,1,52,0,0
42,420255,1,2,1,6,3,16,35,12,2,1,0,42,1,32,40,32040,4,2000,WAUDD68D4YA1,W,A,U,D,D,6,8,D,4,Y,A,1,0,P,AUDI,S4Q,4D,0,17,3296,,0,1026,,G,,T,6,163,,,17R225,,,,,,0,0,000000000,00000000000,0,0,0,1,0,0,0,0,0,0,0,55,0,0,0,12,6,2,12,0,0,0,1,42,16051,6,1,0,0,3,0,68,999,0,1,0,2,1,4,2009,1,2012,0,28,0,0,0,5,2,55,1,1,2,1,0,0,1,10,1,1,2,50,1,0
42,420255,2,2,1,6,3,16,35,12,2,1,0,42,1,49,472,49472,30,2009,5TEUX42N79Z6,5,T,E,U,X,4,2,N,7,9,Z,6,0,T,TOYT,ACC,PC,9,17,,1,0,1278,TAC,G,,,4,164,,,,B,3870,00,W,44,0,0,000000000,00000000000,0,0,0,1,0,0,0,0,0,0,0,55,0,0,0,12,6,2,12,0,0,0,1,42,16101,6,1,0,0,3,0,69,999,0,0,0,0,0,0,0,0,0,0,0,0,0,0,5,2,55,1,1,2,1,0,0,1,62,1,1,1,51,0,0
42,420256,1,1,1,6,4,3,0,24,0,1,0,42,1,72,706,72706,80,2004,1HD1BXB124Y0,1,H,D,1,B,X,B,1,2,4,Y,0,0,M,HD,ISF,RS,4,17,,,,,,,1450,,2,,4,666,,,,,,,0,0,000000000,00000000000,0,0,0,1,0,0,0,0,0,0,0,70,0,0,0,2,6,2,24,0,0,0,1,42,16123,0,0,0,0,0,0,71,999,0,1,0,0,0,2,2012,2,2012,1,36,0,0,0,1,2,45,2,2,2,1,0,0,14,6,99,3,4,2,1,1
42,420257,1,2,1,18,3,6,45,12,6,1,0,42,1,12,481,12481,31,2006,1FTPX14506FA,1,F,T,P,X,1,4,5,0,6,F,A,0,T,FORD,F15,4C,6,17,,2,0,1450,COF,G,,,8,329,,,,B,4297,16,E,44,0,0,000000000,00000000000,0,0,0,1,0,0,0,0,0,0,0,97,0,0,0,12,6,2,12,0,0,0,1,42,15425,6,1,0,0,3,0,69,999,0,0,0,0,0,0,0,0,0,1,0,0,0,0,2,2,45,1,4,2,1,0,0,1,66,1,1,1,86,1,1
42,420257,2,2,2,18,3,6,45,12,6,1,0,42,3,85,881,85881,63,2007,1NKDX4EX27J1,1,N,K,D,X,4,E,X,2,7,J,1,0,T,KW,T80,CC,7,17,,8,2600,1600,CON,D,,,6,915,,,,,00000,00,,,0,57,02119272,5702119272,3,2,4,1,0,0,0,0,0,0,0,10,0,1,1,4,6,2,12,0,0,0,1,42,15458,6,1,6,0,3,0,71,999,0,0,0,0,1,7,2010,7,2010,0,0,0,0,0,1,2,50,1,4,2,1,20,3,1,66,1,1,1,87,0,0
42,420258,1,2,1,7,3,15,46,1,0,1,0,34,1,53,706,53706,80,2006,JS1VY52A4621,J,S,1,V,Y,5,2,A,4,6,2,1,0,M,SUZI,C90,RS,6,17,,,,,,,1462,,2,,4,665,,,,,,,0,0,000000000,00000000000,0,0,0,1,0,0,0,0,0,0,0,999,0,0,0,0,6,2,12,0,0,0,1,34,8530,6,1,0,0,3,3,72,999,0,0,0,0,0,0,0,0,0,0,99,99,99,99,1,2,40,2,1,2,1,0,0,14,98,1,1,1,98,1,0
42,420258,2,2,1,7,3,15,46,1,0,1,0,42,1,37,402,37402,14,2005,JHLRD78925C0,J,H,L,R,D,7,8,9,2,5,C,0,0,P,HOND,CRV,UT,5,17,3494,,0,1033,,G,,F,4,146,,,15R205,,,,,,0,0,000000000,00000000000,0,0,0,1,0,0,0,0,0,0,0,40,0,0,0,12,6,2,12,0,0,0,1,42,18972,6,1,0,0,3,0,61,999,0,0,0,0,0,0,0,0,0,0,0,0,0,0,1,2,40,3,1,2,1,0,0,14,62,9,1,1,98,0,0
42,420259,1,1,1,30,4,10,34,30,0,1,0,42,1,19,22,19022,4,2007,1G6KD57Y07U2,1,G,6,K,D,5,7,Y,0,7,U,2,0,P,CADI,TDS,4D,7,17,4009,,0,1156,,G,,F,8,281,,,17R235,,,,,,0,0,000000000,00000000000,0,0,0,1,0,0,0,0,0,0,0,35,0,0,0,12,6,2,30,0,0,0,1,42,15301,6,1,0,0,3,3,65,999,0,0,0,0,0,0,0,0,0,0,0,0,0,0,1,2,25,1,1,2,1,0,0,1,13,1,1,4,1,1,0
42,420260,1,2,1,7,3,12,31,12,6,1,0,42,1,12,13,12013,4,1999,1FAFP13P9XW2,1,F,A,F,P,1,3,P,9,X,W,2,0,P,FORD,ESE,4D,99,17,2468,,0,984,,G,,F,4,122,,,14R185,,,,,,0,0,000000000,00000000000,0,0,0,1,0,0,0,0,0,0,0,10,0,0,0,3,4,1,12,0,0,0,1,42,15102,6,1,0,0,3,0,70,999,0,0,0,0,0,0,0,0,0,0,39,0,0,0,1,2,25,1,1,2,1,20,3,1,66,1,1,1,87,0,0
42,420260,2,2,1,7,3,12,31,12,6,1,0,42,1,37,706,37706,80,2002,JH2RC44042K6,J,H,2,R,C,4,4,0,4,2,K,6,0,M,HOND,T7D,RS,2,17,,,,,,,745,,2,,4,496,,,,,,,0,0,000000000,00000000000,0,0,0,1,0,0,0,0,0,0,0,30,0,0,0,12,6,2,12,0,0,0,1,42,15223,6,8,0,0,3,1,73,999,0,0,0,0,0,0,0,0,0,0,0,0,0,0,1,2,25,1,1,2,1,20,3,1,66,3,2,1,86,1,0
42,420261,1,2,1,14,3,13,1,12,2,1,0,42,1,53,32,53032,6,2000,JS2GB41W3Y51,J,S,2,G,B,4,1,W,3,Y,5,1,0,P,SUZI,ELX,SW,0,17,2359,,0,976,,G,,F,4,112,,,14R185,,,,,,0,0,000000000,00000000000,0,0,0,1,0,0,0,0,0,0,0,999,2,0,0,12,6,2,12,0,0,0,1,42,17543,6,1,6,0,3,0,60,999,0,0,0,0,0,0,0,0,0,0,28,0,0,0,1,2,40,1,1,2,1,0,0,1,10,1,1,2,50,1,0
42,420261,2,2,1,14,3,13,1,12,2,1,0,42,2,87,881,87881,66,2005,2XP5DB9XX5M8,2,X,P,5,D,B,9,X,X,5,M,8,1,T,PTRB,379,TR,5,17,,8,0,0,CON,D,,,6,893,,,,,00000,00,,64,1,57,02124898,5702124898,3,6,98,1,0,0,0,0,0,0,0,999,0,0,0,12,4,3,12,0,0,0,1,42,17543,6,1,6,0,3,0,73,999,0,0,0,0,0,0,0,0,0,0,99,99,99,99,1,2,40,1,1,2,1,0,0,1,62,9,2,1,51,0,0
42,420262,1,2,1,18,3,23,34,12,1,1,0,42,1,53,706,53706,80,2001,JS1GT74A6121,J,S,1,G,T,7,4,A,6,1,2,1,0,M,SUZI,XR1,RC,1,17,,,,,,,988,,4,,4,375,,,,,,,0,0,000000000,00000000000,0,0,0,1,0,0,0,0,0,0,0,999,0,0,0,12,6,2,12,0,0,0,1,42,19516,6,1,0,0,3,0,66,999,0,0,0,0,0,0,0,0,0,1,0,0,0,0,3,2,55,1,1,2,1,0,0,1,51,99,1,1,24,1,0
42,420262,2,2,1,18,3,23,34,12,1,1,0,42,2,20,39,20039,4,2006,KL1TD56646B5,K,L,1,T,D,5,6,6,4,6,B,5,0,P,CHEV,ABS,4D,6,17,2365,,0,976,,G,,F,4,098,,,14R185,,,,,,0,0,000000000,00000000000,0,0,0,1,0,0,0,0,0,0,0,999,0,0,0,6,2,1,12,0,0,0,1,42,19601,6,1,0,0,3,1,65,999,0,0,0,0,2,12,2010,12,2010,0,0,0,0,0,3,2,55,1,1,2,1,0,0,1,53,1,1,1,25,0,0
42,420263,1,3,1,13,3,12,50,12,8,1,0,42,1,22,19,22019,2,2007,1G2AN18B0771,1,G,2,A,N,1,8,B,0,7,7,1,0,P,PONT,5GT,CP,7,17,2991,,0,1035,,G,,F,4,146,,,17R205,,,,,,0,0,000000000,00000000000,0,0,0,1,0,0,0,0,0,0,0,999,0,0,0,11,6,2,12,0,0,0,1,42,15215,6,1,0,0,3,0,71,999,0,0,0,1,0,10,2009,10,2009,1,28,0,0,0,1,2,25,1,1,2,1,0,0,99,10,1,9,2,64,1,1
42,420263,2,3,1,13,3,12,50,12,8,1,0,42,1,55,402,55402,14,2007,KM8JM12B27U5,K,M,8,J,M,1,2,B,2,7,U,5,0,P,HYUN,TUC,UT,7,17,3240,,0,1035,,G,,F,4,121,,,16R215,,,,,,0,0,000000000,00000000000,0,0,0,1,0,0,0,0,0,0,0,999,0,1,1,7,6,2,12,0,0,0,1,42,15206,6,1,0,0,3,3,69,999,0,0,0,0,0,0,0,0,0,0,0,0,0,0,1,2,25,1,1,2,1,0,0,99,62,1,9,9,65,0,0
42,420263,3,3,1,13,3,12,50,12,8,1,0,42,1,35,51,35051,6,2009,JN8AS58V09W1,J,N,8,A,S,5,8,V,0,9,W,1,0,P,NISS,ROG,UT,9,17,3435,,0,1059,,G,,F,4,153,,,16R215,,,,,,0,0,000000000,00000000000,0,0,0,1,0,0,0,0,0,0,0,999,0,0,0,11,6,2,12,0,0,0,1,42,15221,6,1,0,0,3,0,62,999,0,0,0,0,0,0,0,0,0,0,0,0,0,0,1,2,25,1,1,2,1,0,0,99,62,99,9,9,98,0,0
42,420264,1,2,2,23,3,0,50,54,11,1,0,39,2,20,880,20880,67,2007,1GCJK39697E5,1,G,C,J,K,3,9,6,9,7,E,5,1,T,CHEV,SK3,4C,7,17,,3,0,1575,SIL,D,,,8,403,,,,D,6351,00,,44,1,88,888888888,88888888888,2,4,1,1,0,0,0,0,0,0,0,999,0,0,0,18,2,1,54,0,0,0,1,39,44842,1,2,0,0,2,0,69,140,0,0,0,0,0,0,0,0,0,0,52,0,0,0,2,2,65,1,1,1,2,0,0,1,98,1,1,1,98,0,0
42,420264,2,2,1,23,3,0,50,54,11,1,0,42,1,37,32,37032,4,2009,1HGCP26359A0,1,H,G,C,P,2,6,3,5,9,A,0,0,P,HOND,ULX,4D,9,17,3230,,0,1102,,G,,F,4,146,,,16R215,,,,,,0,0,000000000,00000000000,0,0,0,1,0,0,0,0,0,0,0,999,0,0,0,13,6,2,54,0,0,0,1,42,17070,6,1,0,0,3,3,66,999,0,0,0,1,0,6,2011,6,2011,0,0,0,0,0,2,2,65,1,6,1,2,0,0,1,91,4,1,1,98,1,0
42,420265,1,1,1,22,3,21,19,8,0,1,1,99,9,99,999,99999,99,9999,999999999999,9,9,9,9,9,9,9,9,9,9,9,9,0,,,,,,,,,,,,,,,,,,,,,,,,,0,0,000000000,00000000000,0,0,0,1,0,0,0,0,0,99,9,999,0,0,0,12,2,1,8,0,0,0,1,99,99999,9,9,99,9,9,9,999,999,99,99,99,99,99,99,9999,99,9999,9,99,99,99,99,1,2,35,1,1,1,1,0,0,99,80,99,9,1,13,0,0
42,420266,1,1,1,23,4,14,12,35,0,1,0,42,1,41,50,41050,4,2003,1YVFP80C235M,1,Y,V,F,P,8,0,C,2,3,5,M,0,P,MAZD,M6I,4D,3,17,3042,,0,1053,,G,,F,4,138,,,16R205,,,,,,0,0,000000000,00000000000,0,0,0,1,0,0,0,0,0,0,0,55,0,1,6,14,6,2,1,0,0,0,1,42,15108,6,1,0,0,3,3,76,999,0,0,0,0,0,0,0,0,0,0,36,0,0,0,3,2,55,2,6,2,1,0,0,14,13,1,1,4,1,1,0
42,420267,1,1,1,25,4,5,29,42,0,1,0,42,1,48,38,48038,4,2002,JF1GD67502H5,J,F,1,G,D,6,7,5,0,2,H,5,0,P,SUBA,IR4,4D,2,17,2965,,0,994,,G,,F,4,150,,,16R205,,,,,,0,0,000000000,00000000000,0,0,0,1,0,0,0,0,0,0,0,65,0,1,6,1,6,2,1,0,0,0,1,42,18066,6,1,0,0,3,0,65,999,0,0,0,0,0,0,0,0,0,1,36,0,0,0,1,2,45,2,4,2,1,0,0,14,12,6,4,4,6,1,1
42,420268,1,1,1,23,4,3,6,24,0,1,0,4,1,12,471,12471,30,1999,1FTYR10C5XTB,1,F,T,Y,R,1,0,C,5,X,T,B,0,T,FORD,RNG,PK,99,17,,1,1175,1116,RNG,G,,,4,153,,,,B,00000,00,U,42,0,0,000000000,00000000000,0,0,0,1,0,0,0,0,0,0,0,999,0,1,2,12,6,2,24,0,0,0,1,42,19063,6,1,0,0,3,3,71,999,0,0,0,0,1,12,2010,12,2010,1,36,0,0,0,1,2,35,2,1,2,2,0,0,14,13,99,1,4,1,1,1
42,420269,1,1,1,4,4,14,20,42,0,1,0,42,1,49,401,49401,14,2008,JTEBU14R5801,J,T,E,B,U,1,4,R,5,8,0,1,0,P,TOYT,RUN,UT,8,17,4300,,0,1098,,G,,F,6,244,,,16R265,,,,,,0,0,000000000,00000000000,0,0,0,1,0,0,0,0,0,0,0,25,0,0,0,2,6,2,42,0,0,0,1,42,15425,6,1,0,0,3,0,70,999,0,0,0,0,0,0,0,0,0,0,0,0,0,0,1,2,25,1,6,2,1,0,0,1,13,1,1,4,1,1,0
42,420270,1,1,1,6,4,6,6,8,0,1,0,42,1,37,32,37032,2,2010,1HGCS1B36AA0,1,H,G,C,S,1,B,3,6,A,A,0,0,P,HOND,ULX,CP,10,17,3245,,0,1079,,G,,F,4,146,,,17R255,,,,,,0,0,000000000,00000000000,0,0,0,1,0,0,0,0,0,0,0,999,0,0,0,1,2,3,8,0,0,0,1,42,15207,6,1,0,0,3,0,70,999,0,0,0,1,0,2,2011,2,2011,0,0,0,0,0,1,2,25,1,1,2,1,2,3,1,80,7,1,1,13,0,0
42,420271,1,1,1,2,4,3,29,8,0,1,1,99,9,99,999,99999,99,9999,999999999999,9,9,9,9,9,9,9,9,9,9,9,9,0,,,,,,,,,,,,,,,,,,,,,,,,,0,0,000000000,00000000000,0,0,0,1,0,0,0,0,0,0,0,999,0,0,0,12,4,1,8,0,0,0,1,99,99999,9,9,99,9,9,9,999,999,99,99,99,99,99,99,9999,99,9999,0,99,99,99,99,1,2,55,1,5,2,1,0,0,1,80,99,9,9,13,0,0