STATE,ST_CASE,VEH_NO,VE_FORMS,NUMOCCS,DAY,MONTH,HOUR,MINUTE,HARM_EV,MAN_COLL,UNITTYPE,HIT_RUN,REG_STAT,OWNER,MAKE,MODEL,MAK_MOD,BODY_TYP,MOD_YEAR,VIN,VIN_1,VIN_2,VIN_3,VIN_4,VIN_5,VIN_6,VIN_7,VIN_8,VIN_9,VIN_10,VIN_11,VIN_12,TOW_VEH,VINTYPE,VINMAKE,VINA_MOD,VIN_BT,VINMODYR,VIN_LNGT,VIN_WGT,WGTCD_TR,WHLBS_LG,WHLBS_SH,SER_TR,FUELCODE,MCYCL_DS,CARBUR,CYLINDER,DISPLACE,MCYCL_CY,MCYCL_WT,TIRE_SZE,TON_RAT,TRK_WT,TRKWTVAR,VIN_REST,WHLDRWHL,J_KNIFE,MCARR_I1,MCARR_I2,MCARR_ID,GVWR,V_CONFIG,CARGO_BT,HAZ_INV,HAZ_PLAC,HAZ_ID,HAZ_CNO,HAZ_REL,BUS_USE,SPEC_USE,EMER_USE,TRAV_SP,UNDERIDE,ROLLOVER,ROLINLOC,IMPACT1,DEFORMED,TOWED,M_HARM,VEH_SC1,VEH_SC2,FIRE_EXP,DR_PRES,L_STATE,DR_ZIP,L_STATUS,L_TYPE,CDL_STAT,L_ENDORS,L_COMPL,L_RESTRI,DR_HGT,DR_WGT,PREV_ACC,PREV_SUS,PREV_DWI,PREV_SPD,PREV_OTH,FIRST_MO,FIRST_YR,LAST_MO,LAST_YR,SPEEDREL,DR_SF1,DR_SF2,DR_SF3,DR_SF4,VTRAFWAY,VNUM_LAN,VSPD_LIM,VALIGN,VPROFILE,VPAVETYP,VSURCOND,VTRAFCON,VTCONT_F,P_CRASH1,P_CRASH2,P_CRASH3,PCRASH4,PCRASH5,ACC_TYPE,DEATHS,DR_DRINK
42,420304,1,1,1,17,4,15,57,8,0,1,0,42,1,37,32,37032,2,2003,1HGCM72683A0,1,H,G,C,M,7,2,6,8,3,A,0,0,P,HOND,UEX,CP,3,17,3047,,0,1051,,G,,F,4,146,,,16R205,,,,,,0,0,000000000,00000000000,0,0,0,1,0,0,0,0,0,0,0,40,0,0,0,2,2,1,8,0,0,0,1,42,17222,6,1,0,0,3,0,64,999,0,0,0,0,0,0,0,0,0,0,0,0,0,0,1,2,45,1,3,2,1,0,0,1,80,1,1,1,13,0,0
42,420305,1,3,1,11,3,3,20,24,0,1,0,42,2,55,35,55035,4,2006,KMHDN46D66U3,K,M,H,D,N,4,6,D,6,6,U,3,0,P,HYUN,GTL,4D,6,17,2784,,0,1027,,G,,F,4,121,,,15R195,,,,,,0,0,000000000,00000000000,0,0,0,1,0,0,0,0,0,0,0,80,0,1,1,2,4,3,1,0,0,0,1,42,18011,6,1,0,0,3,0,73,999,0,0,0,0,0,0,0,0,0,1,0,0,0,0,3,2,55,1,1,1,1,0,0,1,12,6,1,4,1,1,1
42,420305,2,3,1,11,3,3,20,24,0,1,0,42,1,37,31,37031,2,2000,1HGEJ8145YL1,1,H,G,E,J,8,1,4,5,Y,L,1,0,P,HOND,UAX,CP,0,17,2513,,0,1032,,G,,F,4,097,,,14R185,,,,,,0,0,000000000,00000000000,0,0,0,1,0,0,0,0,0,0,0,40,0,0,0,12,2,1,25,0,0,0,1,42,18106,6,1,0,0,3,0,65,999,0,0,0,0,0,0,0,0,0,0,0,0,0,0,3,2,55,1,1,1,1,0,0,1,90,6,1,1,98,0,0
42,420305,3,3,1,11,3,3,20,24,0,1,0,42,2,2,404,2404,14,1993,1J4GZ58YXPC5,1,J,4,G,Z,5,8,Y,X,P,C,5,0,T,JEEP,LRO,4W,93,17,,1,0,1059,GCK,G,,,8,318,,,,,3574,00,B,44,0,0,000000000,00000000000,0,0,0,1,0,0,0,0,0,0,0,999,0,0,0,14,2,1,18,0,0,0,1,42,19534,6,1,6,3,3,0,66,999,0,0,0,0,0,0,0,0,0,0,0,0,0,0,3,2,55,1,1,1,1,0,0,1,90,6,1,1,98,0,0
42,420306,1,2,1,29,4,4,52,12,6,1,0,42,1,20,37,20037,4,2006,1G1ZT51876F1,1,G,1,Z,T,5,1,8,7,6,F,1,0,P,CHEV,MLT,4D,6,17,3316,,0,1063,,G,,F,6,214,,,16R215,,,,,,0,0,000000000,00000000000,0,0,0,1,0,0,0,0,0,0,0,999,0,0,0,12,6,2,12,0,0,0,1,42,15522,6,1,0,0,3,0,68,999,0,0,0,0,1,10,2011,10,2011,1,28,0,0,0,1,2,35,2,1,2,1,0,0,14,10,1,1,2,64,0,1
42,420306,2,2,4,29,4,4,52,12,6,1,0,24,1,41,441,41441,20,2001,JM3LW28Y4101,J,M,3,L,W,2,8,Y,4,1,0,1,0,P,MAZD,MWG,SV,1,17,3657,,0,1118,,G,,F,6,152,,,15R205,,,,,,0,0,000000000,00000000000,0,0,0,1,0,0,0,0,0,0,0,999,0,0,0,11,6,2,12,0,0,0,1,24,21740,6,1,0,0,3,0,73,185,0,0,0,0,0,0,0,0,0,0,0,0,0,0,1,2,35,3,1,2,1,0,0,14,62,7,1,4,65,1,0
42,420307,1,1,1,30,4,15,50,42,0,1,0,42,1,55,33,55033,4,2002,KMHWF25S72A6,K,M,H,W,F,2,5,S,7,2,A,6,0,P,HYUN,SOL,4D,2,17,3181,,0,1063,,G,,F,4,143,,,15R205,,,,,,0,0,000000000,00000000000,0,0,0,1,0,0,0,0,0,0,0,999,0,0,0,12,6,2,42,0,0,0,1,42,15909,6,1,0,0,3,3,69,999,0,0,0,0,0,0,0,0,0,1,99,99,99,99,1,2,40,1,1,2,1,0,0,1,13,1,1,4,1,1,0
42,420308,1,1,1,27,2,1,31,21,0,1,0,42,2,19,18,19018,4,2010,1G6DV5EPXA01,1,G,6,D,V,5,E,P,X,A,0,1,0,P,CADI,CTV,4D,10,17,4222,,0,1134,,G,,Z,8,378,,,19R255,,,,,,0,0,000000000,00000000000,0,0,0,1,0,0,0,0,0,0,0,999,0,1,2,12,6,2,21,0,0,1,1,42,15131,6,1,0,0,3,3,66,999,0,5,0,2,0,4,2009,2,2010,1,0,0,0,0,1,2,55,2,6,2,1,0,0,14,13,1,1,4,1,1,1
42,420309,1,2,1,21,4,23,55,35,0,1,0,42,1,20,16,20016,4,2003,1G1JC52F6373,1,G,1,J,C,5,2,F,6,3,7,3,0,P,CHEV,CAV,4D,3,17,2971,,0,1041,,G,,F,4,134,,,14R195,,,,,,0,0,000000000,00000000000,0,0,0,1,0,0,0,0,0,0,0,55,0,0,0,12,6,2,12,0,0,0,1,42,16933,6,1,0,0,3,3,71,999,0,0,0,0,1,2,2010,2,2010,1,0,0,0,0,1,2,55,2,6,2,2,0,0,14,12,99,1,4,6,1,1
42,420309,2,2,1,21,4,23,55,35,0,1,0,13,1,12,17,12017,4,2000,1FAFP55SXYA2,1,F,A,F,P,5,5,S,X,Y,A,2,0,P,FORD,TSS,4D,0,17,3333,,0,1085,,G,,F,6,182,,,16R215,,,,,,0,0,000000000,00000000000,0,0,0,1,0,0,0,0,0,0,0,50,0,0,0,12,6,2,12,0,0,0,1,42,16933,6,1,6,0,3,3,70,999,0,0,0,0,0,0,0,0,0,0,0,0,0,0,1,2,55,1,5,2,2,0,0,1,62,6,1,1,98,0,0
42,420310,1,1,1,4,4,19,4,7,0,1,0,42,1,72,706,72706,80,1992,1HD1GCL22NY3,1,H,D,1,G,C,L,2,2,N,Y,3,0,M,HD,FDC,RS,92,17,,,,,,,1340,,2,,4,598,,,,,,,0,0,000000000,00000000000,0,0,0,1,0,0,0,0,0,0,0,999,0,0,0,0,4,3,7,0,0,0,1,42,18042,6,1,0,0,3,3,72,999,0,0,0,0,0,0,0,0,0,0,0,0,0,0,1,2,35,1,4,9,1,3,3,1,83,98,1,1,0,1,0
42,420311,1,1,1,3,4,18,40,42,0,1,0,42,2,54,38,54038,3,2002,JH4DC53082C0,J,H,4,D,C,5,3,0,8,2,C,0,0,P,ACUR,RST,2H,2,17,2767,,0,1012,,G,,F,4,122,,,16R205,,,,,,0,0,000000000,00000000000,0,0,0,1,0,0,0,0,0,0,0,999,0,0,0,1,6,2,42,0,0,0,1,42,19057,6,2,0,0,3,1,67,999,0,0,0,0,0,0,0,0,0,1,52,0,0,0,1,2,35,1,1,2,1,0,0,1,12,1,1,4,6,1,0
42,420312,1,1,1,20,4,9,19,8,0,1,0,42,3,98,981,98981,52,2001,5FYD2LL111U0,5,F,Y,D,2,L,L,1,1,1,U,0,0,U,,,,1,17,,,,,,,,,,,,,,,,,,,0,57,00010206,5700010206,3,21,22,1,0,0,0,0,6,3,0,999,0,0,0,3,2,1,8,0,0,0,1,42,19143,6,1,6,0,3,0,70,999,0,0,0,0,0,0,0,0,0,0,0,0,0,0,1,2,30,1,1,2,1,0,0,1,80,1,1,1,13,0,0
42,420313,1,1,1,15,4,23,40,24,0,1,0,42,1,49,51,49051,3,2010,JTDJT4K38A52,J,T,D,J,T,4,K,3,8,A,5,2,0,P,TOYT,YAR,2H,10,17,2290,,0,969,,G,,F,4,091,,,14R175,,,,,,0,0,000000000,00000000000,0,0,0,1,0,0,0,0,0,0,0,999,0,0,0,12,6,2,30,0,0,0,1,42,15122,6,1,0,0,3,3,70,999,1,0,0,1,1,4,2010,2,2012,0,99,99,99,99,1,2,25,3,5,2,1,0,0,1,8,1,1,4,1,1,0
42,420314,1,2,1,5,4,13,41,12,2,1,0,42,1,3,402,3402,14,2007,5GTDN13E0781,5,G,T,D,N,1,3,E,0,7,8,1,0,T,HUMM,HH3,4W,7,17,,1,0,1119,HUM,G,,,5,226,,,,,4700,00,4,44,0,0,000000000,00000000000,0,0,0,1,0,0,0,0,0,0,0,45,0,0,0,12,6,2,12,0,0,0,1,42,15670,6,1,0,0,3,0,71,999,0,0,0,0,0,0,0,0,0,0,28,0,0,0,1,2,45,3,5,2,1,0,0,14,10,99,1,2,50,1,0
42,420314,2,2,1,5,4,13,41,12,2,1,0,42,3,12,481,12481,31,2009,1FTNF21519EA,1,F,T,N,F,2,1,5,1,9,E,A,0,T,FORD,F2S,PK,9,17,,2,0,1370,SRW,G,,,8,329,,,,B,6092,00,U,44,0,0,000000000,00000000000,0,0,0,1,0,0,0,0,0,0,0,45,0,0,0,12,6,2,12,0,0,0,1,42,15670,6,1,0,0,3,0,62,999,0,0,0,0,0,0,0,0,0,0,99,99,99,99,1,2,45,2,6,2,1,0,0,14,62,8,3,2,51,0,0
42,420315,1,2,1,14,3,7,22,12,6,1,0,42,1,35,51,35051,6,2009,JN8AS58V29W1,J,N,8,A,S,5,8,V,2,9,W,1,0,P,NISS,ROG,UT,9,17,3435,,0,1059,,G,,F,4,153,,,16R215,,,,,,0,0,000000000,00000000000,0,0,0,1,0,0,0,0,0,0,0,999,0,0,0,9,6,2,12,0,0,0,1,42,15601,6,1,0,0,3,1,69,999,0,0,0,0,0,0,0,0,0,0,38,0,0,0,4,1,25,1,6,2,1,20,3,11,15,1,1,1,82,0,0
42,420315,2,2,1,14,3,7,22,12,6,1,0,42,1,76,709,76709,80,2007,JYARN20E57A0,J,Y,A,R,N,2,0,E,5,7,A,0,0,M,YAMA,YFR,RC,7,17,,,,,,,998,,4,,4,381,,,,,,,0,0,000000000,00000000000,0,0,0,1,0,0,0,0,0,0,0,999,0,0,0,12,6,2,12,0,0,0,1,42,15670,6,1,0,0,2,0,70,999,0,0,0,0,1,3,2009,3,2009,1,0,0,0,0,1,2,55,1,6,2,1,0,0,1,67,3,2,1,83,1,0
42,420316,1,2,2,23,4,15,36,12,6,1,0,42,1,63,32,63032,4,2001,KNADC1236160,K,N,A,D,C,1,2,3,6,1,6,0,0,P,KIA,RIO,4D,1,17,2242,,0,949,,G,,F,4,091,,,13R175,,,,,,0,0,000000000,00000000000,0,0,0,1,0,0,0,0,0,0,0,15,0,0,0,9,6,2,12,0,0,0,1,42,17243,6,1,0,0,3,0,65,999,1,0,0,0,0,6,2009,6,2009,0,38,0,0,0,1,2,25,1,1,2,2,20,3,11,15,1,1,1,82,1,0
42,420316,2,2,1,23,4,15,36,12,6,1,0,42,1,7,482,7482,31,1995,1B7KF26C3SS3,1,B,7,K,F,2,6,C,3,S,S,3,0,T,DODG,250,PK,95,17,,2,0,1347,RPC,D,,,6,359,,,,C,4714,00,M,44,0,0,000000000,00000000000,0,0,0,1,0,0,0,0,0,0,0,45,0,0,0,12,6,2,12,0,0,0,1,42,17264,6,1,0,0,3,0,67,999,0,0,0,0,0,0,0,0,0,1,0,0,0,0,1,2,25,1,1,2,2,0,0,1,67,1,1,1,83,0,0
42,420317,1,2,4,27,4,17,11,12,2,1,0,8,3,20,481,20481,31,2007,1GCHK23617F5,1,G,C,H,K,2,3,6,1,7,F,5,0,T,CHEV,2KH,CW,7,17,,2,1670,1530,SIL,D,,,8,403,,,,C,5883,02,,44,0,0,000000000,00000000000,0,0,0,1,0,0,0,0,0,0,0,65,7,0,0,12,6,2,12,0,0,0,1,5,72450,6,1,0,0,3,0,70,175,0,0,0,1,0,6,2010,6,2010,0,28,0,0,0,2,2,65,2,6,2,1,0,0,14,12,1,1,4,50,0,1
42,420317,2,2,1,27,4,17,11,12,2,1,0,42,1,23,421,23421,15,2004,1GKEK13Z84J1,1,G,K,E,K,1,3,Z,8,4,J,1,0,T,GMC,YUK,4W,4,17,,2,0,1160,YUK,F,,,8,325,,,,B,5269,00,4,44,0,0,000000000,00000000000,0,0,0,1,0,0,0,0,0,0,0,35,0,1,5,12,6,2,12,0,0,0,1,42,16316,6,1,0,0,3,0,69,999,0,0,0,0,0,0,0,0,0,0,0,0,0,0,2,2,65,3,5,2,1,0,0,14,62,7,1,4,51,1,0
42,420318,1,1,1,20,4,18,54,14,0,1,0,42,1,73,703,73703,80,2010,JKAEXMJ15ADA,J,K,A,E,X,M,J,1,5,A,D,A,0,M,KAWK,E2J,RC,10,17,,,,,,,249,,2,,4,374,,,,,,,0,0,000000000,00000000000,0,0,0,1,0,0,0,0,0,0,0,999,0,0,0,12,6,2,14,0,0,0,1,42,18103,6,7,6,0,3,3,70,999,0,0,0,0,0,0,0,0,0,1,99,99,99,99,1,2,25,3,1,2,1,0,0,14,11,99,1,4,11,1,1
42,420319,1,1,1,22,4,1,3,30,0,1,0,42,1,20,39,20039,5,2004,KL1TD62654B1,K,L,1,T,D,6,2,6,5,4,B,1,0,P,CHEV,AVO,5D,4,17,2365,,0,976,,G,,F,4,098,,,14R185,,,,,,0,0,000000000,00000000000,0,0,0,1,0,0,0,0,0,0,0,999,0,1,1,6,6,2,30,0,0,0,1,42,15644,1,1,0,0,2,0,64,999,0,2,0,1,0,11,2010,1,2011,1,0,0,0,0,1,2,45,3,1,2,2,0,0,14,11,99,7,4,7,1,0
42,420320,1,2,1,11,4,15,16,12,1,1,0,42,1,12,471,12471,30,1994,999999999999,9,9,9,9,9,9,9,9,9,9,9,9,0,,,,,,,,,,,,,,,,,,,,,,,,,0,0,000000000,00000000000,0,0,0,1,0,0,0,0,0,0,0,999,0,0,0,12,6,2,12,0,0,0,1,42,19076,6,1,0,0,3,0,68,999,0,0,0,0,0,0,0,0,0,0,0,0,0,0,1,4,40,1,5,2,1,0,0,1,50,4,9,1,20,1,0
42,420320,2,2,2,11,4,15,16,12,1,1,0,42,1,34,37,34037,4,1990,WBAGB4316LDB,W,B,A,G,B,4,3,1,6,L,D,B,0,P,BMW,75A,4D,90,17,3880,,0,1115,,G,,F,6,209,,,15R225,,,,,,0,0,000000000,00000000000,0,0,0,1,0,0,0,0,0,0,0,0,0,0,0,6,6,2,12,0,0,0,1,42,19076,6,1,6,0,3,0,66,999,0,0,0,1,0,7,2010,7,2010,0,0,0,0,0,1,4,40,1,5,2,1,0,0,5,53,1,1,1,22,0,0
42,420321,1,2,1,7,4,1,34,12,2,1,0,42,1,24,7,24007,4,2006,1G8AJ55F06Z1,1,G,8,A,J,5,5,F,0,6,Z,1,0,P,STRN,SI2,4D,6,17,2802,,0,1035,,G,,F,4,134,,,15R195,,,,,,0,0,000000000,00000000000,0,0,0,1,0,0,0,0,0,0,0,999,0,0,0,12,6,2,12,0,0,0,1,42,17022,6,1,0,0,3,0,67,999,1,1,2,0,0,6,2009,7,2010,1,28,0,0,0,1,2,45,3,5,2,1,0,0,14,6,1,4,2,52,1,1
42,420321,2,2,2,7,4,1,34,12,2,1,0,42,1,49,422,49422,15,2002,5TDZT34A72S1,5,T,D,Z,T,3,4,A,7,2,S,1,0,P,TOYT,SEQ,UT,2,17,5070,,0,1181,,G,,F,8,285,,,16R245,,,,,,0,0,000000000,00000000000,0,0,0,1,0,0,0,0,0,0,0,999,0,0,0,12,6,2,12,0,0,0,1,42,17547,6,1,0,0,3,3,75,999,0,0,0,0,0,0,0,0,0,0,0,0,0,0,1,2,45,2,6,2,1,0,0,14,62,1,1,1,52,0,1
42,420322,1,2,2,8,4,22,45,12,6,1,0,47,3,82,881,82881,66,2011,1FUJGLDR2BLA,1,F,U,J,G,L,D,R,2,B,L,A,0,T,FRHT,125,TR,11,17,,8,0,0,CSC,D,,,6,903,,,,,00000,00,,64,0,57,00511412,5700511412,3,5,96,1,0,0,0,0,0,0,0,999,0,0,0,12,4,1,12,0,0,0,1,42,19104,6,1,6,0,3,0,68,999,0,0,0,0,4,4,2009,6,2010,0,0,0,0,0,5,2,25,1,1,2,1,0,0,1,65,98,1,1,79,0,0
42,420322,2,2,6,8,4,22,45,12,6,1,0,42,1,12,401,12401,14,1998,1FMYU24E2WUD,1,F,M,Y,U,2,4,E,2,W,U,D,0,P,FORD,EPR,UT,98,17,3919,,0,1017,,G,,F,6,245,,,15R225,,,,,,0,0,000000000,00000000000,0,0,0,1,0,0,0,0,0,0,0,999,0,0,0,9,6,2,12,0,0,0,1,42,19082,1,1,0,0,2,0,65,999,0,8,0,0,3,5,2010,1,2012,0,39,0,0,0,1,2,25,1,1,2,1,20,3,10,16,1,1,1,78,1,1
42,420323,1,2,1,5,4,9,5,12,6,1,0,42,1,35,43,35043,2,1995,1N4AB42D4SC5,1,N,4,A,B,4,2,D,4,S,C,5,0,P,NISS,2SE,CP,95,17,2381,,0,998,,G,,F,4,097,,,13R175,,,,,,0,0,000000000,00000000000,0,0,0,1,0,0,0,0,0,0,0,999,0,0,0,9,6,2,12,0,0,0,1,42,18344,6,1,0,0,3,3,64,999,0,0,0,0,0,0,0,0,0,0,39,0,0,0,2,2,25,1,1,2,1,3,3,11,15,99,1,1,82,1,0
42,420323,2,2,5,5,4,9,5,12,6,1,0,95,1,37,441,37441,20,2008,5FNRL38298B5,5,F,N,R,L,3,8,2,9,8,B,5,0,P,HOND,UDY,SV,8,17,4385,,0,1181,,G,,F,6,214,,,16R235,,,,,,0,0,000000000,00000000000,0,0,0,1,0,0,0,0,0,0,0,45,0,0,0,12,6,2,12,0,0,0,1,95,0,9,9,99,0,9,9,999,999,99,99,99,99,99,99,9999,99,9999,0,0,0,0,0,1,2,45,1,1,2,1,3,3,1,67,99,1,1,83,0,0
42,420324,1,1,1,1,4,0,45,8,0,1,0,42,1,12,481,12481,31,2006,1FTRF12266NB,1,F,T,R,F,1,2,2,6,6,N,B,0,T,FORD,F15,PK,6,17,,2,1450,1260,COF,G,,,6,256,,,,B,4615,02,E,42,0,0,000000000,00000000000,0,0,0,1,0,0,0,0,0,0,0,999,0,0,0,1,2,3,8,0,0,0,1,42,19047,6,1,0,0,3,0,69,999,0,0,0,0,0,0,0,0,0,0,0,0,0,0,1,2,40,1,1,2,1,0,0,1,80,6,1,2,13,0,0
42,420325,1,2,1,14,4,15,40,12,6,1,0,42,1,98,709,98709,82,2012,2BXJAHA18CV0,2,B,X,J,A,H,A,1,8,C,V,0,0,U,,,,12,17,,,,,,,,,,,,,,,,,,,0,0,000000000,00000000000,0,0,0,1,0,0,0,0,0,0,0,50,0,0,0,12,6,2,12,0,0,0,1,42,19150,6,7,0,0,3,0,65,999,1,0,0,0,0,5,2011,5,2011,1,39,0,0,0,0,0,0,0,0,0,0,3,3,1,17,1,1,1,77,1,0
42,420325,2,2,2,14,4,15,40,12,6,1,0,42,2,49,40,49040,4,1996,4T1BG12K6TU7,4,T,1,B,G,1,2,K,6,T,U,7,0,P,TOYT,DLX,4D,96,17,2932,,0,1031,,G,,F,4,132,,,14R195,,,,,,0,0,000000000,00000000000,0,0,0,1,0,0,0,0,0,0,0,999,0,0,0,2,6,2,12,0,0,0,1,42,19150,6,1,0,0,3,0,75,999,0,0,0,0,0,0,0,0,0,0,0,0,0,0,2,2,40,1,1,2,1,3,3,11,71,1,1,1,76,0,0
42,420326,1,1,1,24,4,13,0,32,0,1,0,42,1,23,481,23481,31,2011,1GTN2TE06BZ1,1,G,T,N,2,T,E,0,6,B,Z,1,0,T,GMC,SK1,PK,11,17,,2,1330,1190,SIE,F,,,8,323,,,,B,4695,01,S,44,0,0,000000000,00000000000,0,0,0,1,0,0,0,0,0,0,0,55,0,1,6,1,6,2,32,0,0,0,1,42,16720,6,1,0,0,3,1,70,999,0,0,0,0,0,0,0,0,0,0,99,99,99,99,1,2,55,1,1,2,2,0,0,1,12,1,1,4,6,1,0
42,420327,1,1,1,29,4,19,9,33,0,1,0,42,1,76,705,76705,80,2006,JYARJ12EX6A0,J,Y,A,R,J,1,2,E,X,6,A,0,0,M,YAMA,R6L,RC,6,17,,,,,,,599,,4,,4,357,,,,,,,0,0,000000000,00000000000,0,0,0,1,0,0,0,0,0,0,0,999,0,0,0,1,6,2,30,0,0,0,1,42,16505,6,7,0,0,3,1,75,999,0,0,0,0,0,0,0,0,0,1,27,0,0,0,1,4,35,1,1,2,1,98,3,15,13,1,1,4,1,1,1
42,420328,1,2,1,1,4,2,17,12,6,1,0,42,2,14,398,14398,4,2000,2MEFM75W6YX6,2,M,E,F,M,7,5,W,6,Y,X,6,0,P,MERC,MGL,4D,0,17,3973,,0,1147,,G,,F,8,281,,,16R225,,,,,,0,0,000000000,00000000000,0,0,0,1,0,0,0,0,0,0,0,75,0,0,0,2,6,2,42,0,0,0,1,42,17104,6,1,0,0,3,0,74,999,0,0,0,0,0,0,0,0,0,1,39,0,0,0,1,2,25,1,1,2,2,3,3,1,17,1,1,1,69,1,0
42,420328,2,2,2,1,4,2,17,12,6,1,0,42,2,20,16,20016,2,1999,1G1JC124XX72,1,G,1,J,C,1,2,4,X,X,7,2,0,P,CHEV,C/S,CP,99,17,2617,,0,1041,,G,,F,4,133,,,14R195,,,,,,0,0,000000000,00000000000,0,0,0,1,0,0,0,0,0,0,0,999,0,0,0,1,4,3,12,0,0,0,1,42,17349,6,1,0,0,3,0,63,999,0,0,0,0,0,0,0,0,0,0,0,0,0,0,1,2,25,1,1,2,2,3,3,11,66,8,1,1,68,0,0
42,420329,1,2,3,7,3,18,57,12,6,1,1,42,3,38,882,38882,64,2002,JALE5B143279,J,A,L,E,5,B,1,4,3,2,7,9,0,T,ISU,NQR,TB,2,17,,5,0,0,NQR,D,,,4,290,,,,,00000,00,,42,0,99,999999999,99999999999,2,1,1,1,0,0,0,0,0,0,0,10,0,0,0,5,2,1,12,0,0,0,1,42,17236,6,1,0,0,2,0,67,999,0,3,0,0,4,12,2010,9,2011,0,48,0,0,0,1,2,55,1,1,2,1,0,0,11,62,1,1,1,68,0,0
42,420329,2,2,1,7,3,18,57,12,6,1,0,42,1,76,706,76706,80,2007,JYAVP11E17A1,J,Y,A,V,P,1,1,E,1,7,A,1,0,M,YAMA,XVS,RS,7,17,,,,,,,1063,,2,,4,571,,,,,,,0,0,000000000,00000000000,0,0,0,1,0,0,0,0,0,0,0,999,0,0,0,12,6,2,12,0,0,0,1,42,17225,6,1,6,0,3,3,70,999,0,0,0,2,1,4,2009,7,2011,0,0,0,0,0,1,3,55,1,1,2,1,0,0,1,62,2,1,1,69,1,0
42,420330,1,1,2,29,4,0,56,21,0,1,0,42,2,22,16,22016,4,1998,1G2JB524XW75,1,G,2,J,B,5,2,4,X,W,7,5,0,P,PONT,SFS,4D,98,17,2674,,0,1041,,G,,F,4,133,,,14R195,,,,,,0,0,000000000,00000000000,0,0,0,1,0,0,0,0,0,0,0,35,0,1,5,11,6,2,1,0,0,0,1,42,18041,0,0,0,0,0,0,69,999,0,0,0,0,0,0,0,0,0,0,36,0,0,0,1,2,35,3,4,2,1,0,0,14,13,1,1,4,1,1,1
42,420331,1,1,1,29,4,16,55,24,0,1,0,42,1,72,706,72706,80,2008,1HD1FC4198Y7,1,H,D,1,F,C,4,1,9,8,Y,7,0,M,HD,FLU,RS,8,17,,,,,,,1584,,2,,4,851,,,,,,,0,0,000000000,00000000000,0,0,0,1,0,0,0,0,0,0,0,60,0,0,0,4,6,2,1,0,0,0,1,42,16720,6,1,6,0,3,0,70,999,0,0,0,0,0,0,0,0,0,0,58,0,0,0,1,2,55,3,1,2,1,0,0,14,11,6,3,4,2,1,1
42,420332,1,2,1,3,4,3,15,12,6,1,0,42,2,55,33,55033,4,2006,5NPEU46C36H0,5,N,P,E,U,4,6,C,3,6,H,0,0,P,HYUN,SGX,4D,6,17,3458,,0,1074,,G,,F,4,144,,,17R225,,,,,,0,0,000000000,00000000000,0,0,0,1,0,0,0,0,0,0,0,10,0,0,0,9,6,2,12,0,0,0,1,42,15022,6,1,0,0,3,3,70,999,0,0,0,0,0,0,0,0,0,0,39,0,0,0,6,1,55,3,1,2,1,0,0,6,16,1,1,7,47,1,1
42,420332,2,2,2,3,4,3,15,12,6,1,0,20,4,84,884,84884,66,2011,3HSCUAPR6BN1,3,H,S,C,U,A,P,R,6,B,N,1,1,T,INTL,PPR,TR,11,17,,8,0,0,PRO,D,,,6,915,,,,,00000,00,,64,1,57,00016130,5700016130,3,6,1,1,0,0,0,0,0,0,0,55,0,0,0,12,6,2,12,0,0,0,1,29,64050,6,1,6,3,3,3,73,215,1,0,0,0,0,1,2012,1,2012,0,0,0,0,0,2,2,55,3,1,2,1,0,0,14,60,3,1,1,45,0,1
42,420333,1,3,1,18,4,18,44,12,6,1,0,42,1,23,421,23421,15,2004,2GTEK13T1413,2,G,T,E,K,1,3,T,1,4,1,3,0,T,GMC,NK1,CW,4,17,,2,0,1435,SIE,G,,,8,325,,,,B,5244,00,E,44,0,0,000000000,00000000000,0,0,0,1,0,0,0,0,0,0,0,999,0,0,0,11,6,2,12,0,0,0,1,42,16056,6,1,0,0,3,0,70,999,0,1,1,0,1,6,2009,7,2009,0,28,0,0,0,1,3,50,2,5,2,1,0,0,14,10,1,1,2,64,0,0
42,420333,2,3,2,18,4,18,44,12,6,1,0,42,1,12,13,12013,4,1999,1FAFP10P6XW1,1,F,A,F,P,1,0,P,6,X,W,1,0,P,FORD,LXE,4D,99,17,2468,,0,984,,G,,F,4,122,,,14R185,,,,,,0,0,000000000,00000000000,0,0,0,1,0,0,0,0,0,0,0,999,0,0,0,7,6,2,12,0,0,0,1,42,15656,6,1,0,0,3,1,65,999,0,0,0,0,1,3,2012,3,2012,0,0,0,0,0,1,3,50,2,6,2,1,0,0,14,62,1,1,1,65,0,0
42,420333,3,3,2,18,4,18,44,12,6,1,0,42,1,63,33,63033,4,2007,KNAFE121X754,K,N,A,F,E,1,2,1,X,7,5,4,0,P,KIA,SXC,4D,7,17,2701,,0,1028,,G,,F,4,122,,,15R195,,,,,,0,0,000000000,00000000000,0,0,0,1,0,0,0,0,0,0,0,999,0,0,0,12,6,2,12,0,0,0,1,42,15068,6,1,0,0,3,3,62,999,0,0,0,0,0,0,0,0,0,0,0,0,0,0,1,3,50,2,6,2,1,0,0,14,62,1,1,1,98,1,0
42,420334,1,1,2,12,4,22,51,52,0,1,0,42,1,12,471,12471,30,1994,1FTCR10X5RUA,1,F,T,C,R,1,0,X,5,R,U,A,0,T,FORD,RNG,PK,94,17,,1,1140,1080,RNG,G,,,6,245,,,,B,2918,00,A,42,0,0,000000000,00000000000,0,0,0,1,0,0,0,0,0,0,0,999,0,1,6,12,6,2,14,0,0,0,1,42,17404,6,1,0,0,3,0,67,999,0,0,0,0,0,0,0,0,0,1,58,0,0,0,1,2,40,2,3,2,1,0,0,14,12,1,1,4,6,1,1