STATE,ST_CASE,VEH_NO,VE_FORMS,NUMOCCS,DAY,MONTH,HOUR,MINUTE,HARM_EV,MAN_COLL,UNITTYPE,HIT_RUN,REG_STAT,OWNER,MAKE,MODEL,MAK_MOD,BODY_TYP,MOD_YEAR,VIN,VIN_1,VIN_2,VIN_3,VIN_4,VIN_5,VIN_6,VIN_7,VIN_8,VIN_9,VIN_10,VIN_11,VIN_12,TOW_VEH,VINTYPE,VINMAKE,VINA_MOD,VIN_BT,VINMODYR,VIN_LNGT,VIN_WGT,WGTCD_TR,WHLBS_LG,WHLBS_SH,SER_TR,FUELCODE,MCYCL_DS,CARBUR,CYLINDER,DISPLACE,MCYCL_CY,MCYCL_WT,TIRE_SZE,TON_RAT,TRK_WT,TRKWTVAR,VIN_REST,WHLDRWHL,J_KNIFE,MCARR_I1,MCARR_I2,MCARR_ID,GVWR,V_CONFIG,CARGO_BT,HAZ_INV,HAZ_PLAC,HAZ_ID,HAZ_CNO,HAZ_REL,BUS_USE,SPEC_USE,EMER_USE,TRAV_SP,UNDERIDE,ROLLOVER,ROLINLOC,IMPACT1,DEFORMED,TOWED,M_HARM,VEH_SC1,VEH_SC2,FIRE_EXP,DR_PRES,L_STATE,DR_ZIP,L_STATUS,L_TYPE,CDL_STAT,L_ENDORS,L_COMPL,L_RESTRI,DR_HGT,DR_WGT,PREV_ACC,PREV_SUS,PREV_DWI,PREV_SPD,PREV_OTH,FIRST_MO,FIRST_YR,LAST_MO,LAST_YR,SPEEDREL,DR_SF1,DR_SF2,DR_SF3,DR_SF4,VTRAFWAY,VNUM_LAN,VSPD_LIM,VALIGN,VPROFILE,VPAVETYP,VSURCOND,VTRAFCON,VTCONT_F,P_CRASH1,P_CRASH2,P_CRASH3,PCRASH4,PCRASH5,ACC_TYPE,DEATHS,DR_DRINK
42,420335,1,1,1,31,3,2,5,42,0,1,0,42,2,41,398,41398,2,2008,1YVHP80C085M,1,Y,V,H,P,8,0,C,0,8,5,M,0,P,MAZD,M6I,4D,8,17,3093,,0,1053,,G,,F,4,140,,,17R215,,,,,,0,0,000000000,00000000000,0,0,0,1,0,0,0,0,0,0,0,999,0,0,0,4,6,2,19,0,0,1,1,42,19504,6,1,0,0,3,0,63,999,0,1,0,0,0,3,2010,3,2010,1,0,0,0,0,2,2,55,1,1,1,2,0,0,1,13,1,1,4,1,1,1
42,420336,1,2,1,18,4,11,10,12,2,1,0,42,1,2,403,2403,14,2008,1J4GA59188L5,1,J,4,G,A,5,9,1,8,8,L,5,0,T,JEEP,WUS,4W,8,17,,1,0,1160,WUL,G,,,6,230,,,,,4320,00,4,44,0,0,000000000,00000000000,0,0,0,1,0,0,0,0,0,0,0,999,0,0,0,12,6,2,12,0,0,0,1,42,15834,6,1,0,0,3,3,66,999,0,0,0,0,0,0,0,0,0,0,35,33,0,0,1,2,45,2,1,2,1,0,0,6,54,1,1,1,52,1,0
42,420336,2,2,1,18,4,11,10,12,2,1,0,42,3,82,881,82881,63,2002,1FVHBGAS12HK,1,F,V,H,B,G,A,S,1,2,H,K,1,T,FRHT,F12,CC,2,17,,8,0,0,MCV,D,,,6,733,,,,,00000,00,,64,1,57,02184737,5702184737,3,4,1,1,0,0,0,0,0,0,0,999,0,0,0,12,6,2,12,0,0,0,1,42,15846,6,1,6,0,3,0,66,999,0,0,0,0,0,0,0,0,0,0,0,0,0,0,1,2,45,3,1,2,1,0,0,14,54,2,1,1,52,0,0
42,420337,1,1,1,21,4,0,6,7,0,1,0,42,1,37,705,37705,80,2007,JH2PC40057M0,J,H,2,P,C,4,0,0,5,7,M,0,0,M,HOND,B60,RC,7,17,,,,,,,599,,4,,4,345,,,,,,,0,0,000000000,00000000000,0,0,0,1,0,0,0,0,0,0,0,90,0,0,0,0,6,2,24,0,0,0,1,42,15052,6,1,0,0,3,3,72,999,0,0,0,0,0,0,0,0,0,1,0,0,0,0,2,2,65,3,6,2,1,0,0,14,12,1,1,1,0,1,1
42,420338,1,2,1,23,4,7,12,12,6,1,0,42,1,63,401,63401,14,2002,KNDJA7239251,K,N,D,J,A,7,2,3,9,2,5,1,0,P,KIA,SPO,UT,2,17,3352,,0,1043,,G,,F,4,122,,,15R205,,,,,,0,0,000000000,00000000000,0,0,0,1,0,0,0,0,0,0,0,999,0,0,0,2,6,2,12,0,0,0,1,42,17251,6,1,0,0,3,0,69,999,0,0,0,0,0,0,0,0,0,0,28,0,0,0,1,2,55,3,1,2,2,0,0,14,9,99,4,2,66,1,0
42,420338,2,2,1,23,4,7,12,12,6,1,0,42,1,23,421,23421,15,2007,1GKFK13007J1,1,G,K,F,K,1,3,0,0,7,J,1,0,T,GMC,YUK,4W,7,17,,2,0,1160,YUK,F,,,8,323,,,,B,5706,00,4,44,0,0,000000000,00000000000,0,0,0,1,0,0,0,0,0,0,0,999,0,0,0,11,6,2,12,0,0,0,1,42,17201,6,1,0,0,3,0,72,999,0,0,0,0,0,0,0,0,0,0,0,0,0,0,1,2,55,2,1,2,2,0,0,14,62,98,1,1,66,0,0
42,420339,1,2,1,3,4,5,48,12,2,1,0,42,1,12,481,12481,31,2004,1FTNX21P84ED,1,F,T,N,X,2,1,P,8,4,E,D,0,T,FORD,F2S,4C,4,17,,2,1580,1418,SRW,D,,,8,366,,,,C,5949,00,U,44,0,0,000000000,00000000000,0,0,0,1,0,0,0,0,0,0,0,999,0,0,0,12,6,2,12,0,0,0,1,42,15342,6,1,0,0,3,3,68,999,0,0,0,0,0,0,0,0,0,0,33,0,0,0,1,2,55,2,1,2,1,0,0,6,10,1,1,2,50,0,1
42,420339,2,2,1,3,4,5,48,12,2,1,0,42,1,37,706,37706,80,1996,1HFSC2209TA8,1,H,F,S,C,2,2,0,9,T,A,8,0,M,HOND,G/2,RS,96,17,,,,,,,1520,,6,,4,802,,,,,,,0,0,000000000,00000000000,0,0,0,1,0,0,0,0,0,0,0,999,0,0,0,12,6,2,12,0,0,0,1,42,15301,6,1,0,0,3,3,68,999,0,0,0,0,0,0,0,0,0,0,0,0,0,0,1,2,55,2,1,2,1,0,0,14,62,1,1,1,51,1,0
42,420340,1,2,1,26,4,8,21,12,6,1,0,42,4,20,9,20009,1,2012,2G1FK3DJ7C91,2,G,1,F,K,3,D,J,7,C,9,1,0,P,CHEV,SSM,CV,12,17,4116,,0,1123,,G,,F,8,378,,,20R245,,,,,,0,0,000000000,00000000000,0,0,0,1,0,0,0,0,0,0,0,999,0,0,0,12,6,2,12,0,0,0,1,42,19111,6,1,0,0,3,0,69,999,0,0,0,0,1,4,2012,4,2012,0,38,0,0,0,1,2,99,1,1,2,1,20,3,1,17,99,1,1,88,0,0
42,420340,2,2,2,26,4,8,21,12,6,1,0,42,1,63,33,63033,4,2004,KNAFB1217453,K,N,A,F,B,1,2,1,7,4,5,3,0,P,KIA,STL,4D,4,17,2661,,0,1008,,G,,F,4,109,,,14R185,,,,,,0,0,000000000,00000000000,0,0,0,1,0,0,0,0,0,0,0,999,0,0,0,10,6,2,12,0,0,0,1,42,18976,6,1,0,0,3,0,65,999,0,0,0,0,0,0,0,0,0,0,38,0,0,0,4,1,99,1,1,2,1,20,3,1,66,99,1,1,89,2,0
42,420341,1,2,1,29,4,2,40,12,1,1,0,42,2,37,705,37705,80,2005,JH2PF01115K3,J,H,2,P,F,0,1,1,1,5,K,3,0,M,HOND,FSD,MS,5,17,,,,,,,582,,2,,4,500,,,,,,,0,0,000000000,00000000000,0,0,0,1,0,0,0,0,0,0,0,999,0,0,0,12,6,2,12,0,0,0,1,42,19134,0,0,0,0,0,0,78,999,0,0,0,0,0,0,0,0,0,1,0,0,0,0,1,2,99,1,1,2,1,3,3,1,50,2,1,1,20,1,1
42,420341,2,2,1,29,4,2,40,12,1,1,0,42,1,14,401,14401,14,2005,4M2ZU86W65UJ,4,M,2,Z,U,8,6,W,6,5,U,J,0,P,MERC,MOU,UT,5,17,4428,,0,1138,,G,,F,8,281,,,16R235,,,,,,0,0,000000000,00000000000,0,0,0,1,0,0,0,0,0,0,0,0,0,0,0,6,2,1,12,0,0,0,1,42,19111,6,1,0,0,3,0,70,999,0,0,0,0,0,0,0,0,0,0,0,0,0,0,1,2,99,1,1,2,1,3,3,5,53,99,1,1,21,0,0
42,420342,1,2,2,14,4,12,39,59,0,1,0,42,3,98,890,98890,62,2009,JNAMA81H79AN,J,N,A,M,A,8,1,H,7,9,A,N,0,T,UD,UD8,TB,9,17,,5,0,0,UDS,D,,,6,469,,,,,00000,00,,42,0,99,999999999,99999999999,2,1,1,1,0,0,0,0,0,0,0,65,0,0,0,10,2,1,59,0,0,0,1,42,18969,6,1,0,0,3,0,73,999,0,0,0,1,1,4,2012,4,2012,0,35,0,0,0,3,4,65,1,1,2,1,0,0,15,10,1,1,4,6,0,0
42,420342,2,2,1,14,4,12,39,59,0,1,0,42,1,30,46,30046,4,2012,1VWBN7A38CC0,1,V,W,B,N,7,A,3,8,C,C,0,0,P,VOLK,PTE,4D,12,17,3393,,0,0,,D,,T,4,120,,,000000,,,,,,0,0,000000000,00000000000,0,0,0,1,0,0,0,0,0,0,0,999,0,0,0,13,6,2,34,0,0,0,1,42,19401,6,1,0,0,3,3,68,999,0,0,0,1,0,6,2011,6,2011,0,0,0,0,0,3,4,65,1,1,2,1,0,0,1,98,1,1,1,98,1,0
42,420343,1,1,1,11,4,13,0,14,0,1,0,42,1,20,2,20002,4,1996,1G1BL52W2TR1,1,G,1,B,L,5,2,W,2,T,R,1,0,P,CHEV,CCL,4D,96,17,4061,,0,1159,,G,,F,8,265,,,15R215,,,,,,0,0,000000000,00000000000,0,0,0,1,0,0,0,0,0,0,0,30,0,0,0,12,6,2,42,0,0,0,1,42,18966,1,1,0,0,2,0,67,999,0,1,0,0,7,3,2011,12,2011,1,6,0,0,0,1,2,25,3,1,2,1,0,0,14,13,1,1,4,1,1,0
42,420344,1,2,1,8,4,21,20,12,2,1,0,42,2,37,33,37033,2,1993,JHMBB2169PC0,J,H,M,B,B,2,1,6,9,P,C,0,0,P,HOND,4WS,CP,93,17,2932,,0,1004,,G,,F,4,138,,,15R205,,,,,,0,0,000000000,00000000000,0,0,0,1,0,0,0,0,0,0,0,50,0,0,0,12,6,2,12,0,0,0,1,42,99999,1,1,0,0,2,3,71,999,0,1,0,0,0,7,2011,7,2011,0,28,0,0,0,1,2,45,1,6,2,1,0,0,1,10,1,1,2,50,1,1
42,420344,2,2,3,8,4,21,20,12,2,1,0,42,1,20,22,20022,4,2005,1G1AK52F9576,1,G,1,A,K,5,2,F,9,5,7,6,0,P,CHEV,CBT,4D,5,17,3216,,0,1033,,G,,F,4,134,,,15R195,,,,,,0,0,000000000,00000000000,0,0,0,1,0,0,0,0,0,0,0,45,0,0,0,12,6,2,12,0,0,0,1,42,17040,6,1,0,0,3,0,64,999,1,0,0,0,0,1,2012,1,2012,0,0,0,0,0,1,2,45,1,5,2,1,0,0,1,62,1,1,1,51,0,0
42,420345,1,1,2,10,4,14,13,1,0,1,0,42,2,2,404,2404,14,1998,1J4GZ58Y6WC1,1,J,4,G,Z,5,8,Y,6,W,C,1,0,T,JEEP,LRT,4W,98,17,,1,0,1059,GCK,G,,,8,318,,,,,3708,01,E,44,0,0,000000000,00000000000,0,0,0,1,0,0,0,0,0,0,0,999,0,2,1,0,6,2,1,0,0,0,1,42,17744,6,1,0,0,3,0,70,999,0,1,0,1,2,11,2010,5,2011,0,0,0,0,0,3,2,55,1,1,2,1,0,0,1,8,1,4,6,98,1,0
42,420346,1,2,1,14,4,11,30,12,7,1,0,42,1,72,706,72706,80,2002,1HD1HAZ132K8,1,H,D,1,H,A,Z,1,3,2,K,8,0,M,HD,VRA,RS,2,17,,,,,,,1130,,2,,4,596,,,,,,,0,0,000000000,00000000000,0,0,0,1,0,0,0,0,0,0,0,999,0,0,0,1,6,2,12,0,0,0,1,42,17841,6,1,0,0,3,1,72,999,0,0,0,0,0,0,0,0,0,1,35,0,0,0,3,2,55,1,5,2,1,0,0,6,51,1,1,1,44,1,0
42,420346,2,2,2,14,4,11,30,12,7,1,0,42,1,2,999,2999,49,1974,J4F835TA2952,J,4,F,8,3,5,T,A,2,9,5,2,0,T,AMER,CJ5,UT,74,13,,1,0,840,JEE,G,,,6,258,,,,,2412,01,,44,0,0,000000000,00000000000,0,0,0,1,0,0,0,0,0,0,0,999,0,0,0,7,0,1,12,0,0,0,1,42,17044,6,1,0,0,3,1,69,999,0,0,0,1,0,1,2011,1,2011,0,0,0,0,0,3,2,55,1,5,2,1,0,0,1,53,1,1,1,45,0,0
42,420347,1,1,1,25,4,4,43,8,0,1,0,42,1,12,4,12004,2,1991,1FAPP62T6MH1,1,F,A,P,P,6,2,T,6,M,H,1,0,P,FORD,THL,2D,91,17,3572,,0,1130,,G,,F,8,302,,,15R205,,,,,,0,0,000000000,00000000000,0,0,0,1,0,0,0,0,0,0,0,999,0,0,0,12,4,3,8,0,0,0,1,42,19526,6,1,0,0,3,0,63,999,0,0,0,0,0,0,0,0,0,1,0,0,0,0,1,2,35,1,6,2,1,0,0,1,80,3,2,1,13,0,0
42,420348,1,1,1,21,3,20,30,8,0,1,0,42,3,20,481,20481,31,1999,1GCEC14WXXE2,1,G,C,E,C,1,4,W,X,X,E,2,0,T,CHEV,SC1,PK,99,17,,2,1330,1190,SIL,G,,,6,262,,,,B,3923,01,,42,0,0,000000000,00000000000,0,0,0,1,0,0,0,0,0,0,0,55,0,0,0,12,6,2,8,0,0,0,1,42,18707,6,1,0,0,3,0,71,999,0,0,0,0,0,0,0,0,0,0,0,0,0,0,2,3,55,1,6,2,1,0,0,1,80,1,1,1,13,0,0
42,420349,1,2,4,15,3,11,45,12,6,1,0,42,1,18,7,18007,4,2003,2G4WS55J5311,2,G,4,W,S,5,5,J,5,3,1,1,0,P,BUIC,CCU,4D,3,17,3368,,0,1090,,G,,F,6,191,,,15R205,,,,,,0,0,000000000,00000000000,0,0,0,1,0,0,0,0,0,0,0,15,0,0,0,1,6,2,12,0,0,0,1,42,16936,6,1,0,0,3,3,65,999,0,0,0,0,0,0,0,0,0,0,48,0,0,0,1,2,45,1,5,2,1,4,3,11,15,3,2,1,68,2,0
42,420349,2,2,1,15,3,11,45,12,6,1,0,42,3,12,481,12481,31,2010,1FTSX2BY8AEA,1,F,T,S,X,2,B,Y,8,A,E,A,0,T,FORD,F2S,4C,10,17,,2,1580,1418,SRW,G,,,10,415,,,,B,6267,00,E,44,0,0,000000000,00000000000,0,0,0,1,0,0,0,0,0,0,0,45,9,0,0,10,6,2,12,0,0,0,1,42,16932,6,1,0,0,3,0,67,999,0,0,0,0,0,0,0,0,0,0,0,0,0,0,1,2,45,1,6,2,1,4,3,1,62,3,2,1,69,0,0
42,420350,1,1,1,27,5,1,45,38,0,1,0,42,2,20,9,20009,2,1995,2G1FP22P7S22,2,G,1,F,P,2,2,P,7,S,2,2,0,P,CHEV,Z28,CP,95,17,3390,,0,1011,,G,,F,8,350,,,16R235,,,,,,0,0,000000000,00000000000,0,0,0,1,0,0,0,0,0,0,0,999,0,1,6,1,6,2,42,0,0,0,1,42,18830,6,1,0,0,3,0,71,999,0,0,0,0,0,0,0,0,0,1,0,0,0,0,1,2,35,1,6,2,1,0,0,1,6,3,4,4,7,1,1
42,420351,1,1,1,27,5,5,30,42,0,1,0,42,2,18,20,18020,2,1988,2G4WD14W5J14,2,G,4,W,D,1,4,W,5,J,1,4,0,P,BUIC,RGL,CP,88,17,2972,,0,1075,,G,,F,6,173,,,14R205,,,,,,0,0,000000000,00000000000,0,0,0,1,0,0,0,0,0,0,0,50,0,0,0,9,6,2,42,0,0,0,1,42,18834,6,1,0,0,3,0,74,999,0,0,0,0,0,0,0,0,0,1,58,0,0,0,1,2,35,2,6,2,1,0,0,14,12,1,1,4,6,1,0
42,420352,1,1,1,3,5,13,3,23,0,1,0,18,3,84,884,84884,72,1983,1HSHXSJR8DJ6,1,H,S,H,X,S,J,R,8,D,J,6,1,T,INTL,860,TR,13,17,,8,0,0,80S,D,,,6,793,,,,,00000,00,,64,1,57,00202526,5700202526,3,19,1,1,0,0,0,0,0,0,0,65,0,0,0,1,6,2,23,0,0,1,1,42,19014,6,1,6,0,3,3,75,999,0,0,0,0,0,0,0,0,0,0,0,0,0,0,2,2,65,1,1,2,1,0,0,1,11,1,1,4,1,1,0
42,420353,1,2,1,16,4,15,17,12,6,1,0,42,1,72,702,72702,80,1978,2A60175HB,2,A,6,0,1,7,5,H,B,,,,0,M,HD,FLH,RS,78,9,,,,,,,1200,,2,,4,722,,,,,,,0,0,000000000,00000000000,0,0,0,1,0,0,0,0,0,0,0,999,0,0,0,1,6,2,12,0,0,0,1,42,17034,6,1,0,0,3,0,66,999,0,0,0,0,0,0,0,0,0,0,0,0,0,0,1,2,45,1,1,2,1,0,0,1,99,5,1,1,44,1,0
42,420353,2,2,2,16,4,15,17,12,6,1,0,42,3,85,884,85884,72,2010,1XKDD48X7AJ2,1,X,K,D,D,4,8,X,7,A,J,2,1,T,KW,T80,TR,10,17,,8,2600,1600,CON,D,,,6,915,,,,,00000,00,,64,1,57,00943260,5700943260,3,19,2,2,2,8888,1,2,0,0,0,999,0,0,0,98,2,1,12,0,0,0,1,42,17370,6,1,6,1,3,1,69,999,0,0,0,0,0,0,0,0,0,0,0,0,0,0,1,2,45,1,1,2,1,0,0,99,99,99,1,1,45,0,1
42,420354,1,2,1,16,4,17,46,12,6,1,0,42,1,59,31,59031,4,1998,JT8BF28G7W01,J,T,8,B,F,2,8,G,7,W,0,1,0,P,LEXS,ES3,4D,98,17,3378,,0,1051,,G,,F,6,183,,,15R205,,,,,,0,0,000000000,00000000000,0,0,0,1,0,0,0,0,0,0,0,999,0,0,0,1,6,2,12,0,0,0,1,42,19114,6,1,0,0,3,0,63,999,0,0,0,0,0,0,0,0,0,0,0,0,0,0,1,2,30,1,1,9,1,0,0,1,60,1,1,1,73,0,0
42,420354,2,2,2,16,4,17,46,12,6,1,0,42,1,55,398,55398,4,2000,KMHJF35F6YU0,K,M,H,J,F,3,5,F,6,Y,U,0,0,P,HYUN,EGS,4D,0,17,2626,,0,1004,,G,,F,4,121,,,14R195,,,,,,0,0,000000000,00000000000,0,0,0,1,0,0,0,0,0,0,0,999,0,0,0,9,6,2,12,0,0,0,1,42,19154,6,1,0,0,3,3,71,999,0,0,0,0,0,0,0,0,0,0,48,0,0,0,1,2,30,1,1,9,1,0,0,11,15,1,1,2,72,1,0
42,420355,1,1,1,6,5,17,1,7,0,1,0,42,1,72,706,72706,80,2002,1HD4CEM112K1,1,H,D,4,C,E,M,1,1,2,K,1,0,M,HD,L8H,RS,2,17,,,,,,,883,,2,,4,489,,,,,,,0,0,000000000,00000000000,0,0,0,1,0,0,0,0,0,0,0,45,0,0,0,0,2,3,7,0,0,0,1,42,19541,6,1,0,0,3,3,70,999,0,0,0,1,0,4,2012,4,2012,0,36,0,0,0,1,2,25,3,2,8,1,0,0,14,13,99,1,4,0,1,1
42,420356,1,1,1,13,5,5,24,42,0,1,0,42,1,49,50,49050,3,2008,JTKDE1678802,J,T,K,D,E,1,6,7,8,8,0,2,0,P,TOYT,SXC,2H,8,17,2905,,0,1063,,G,,F,4,146,,,17R215,,,,,,0,0,000000000,00000000000,0,0,0,1,0,0,0,0,0,0,0,90,0,0,0,2,6,2,42,0,0,0,1,42,18058,6,1,0,0,3,0,71,999,0,0,0,0,0,0,0,0,0,1,0,0,0,0,1,2,45,2,1,2,1,0,0,14,11,8,4,4,7,1,1
42,420357,1,1,1,31,5,1,52,39,0,1,0,42,1,37,706,37706,80,2000,1HFSC3909YA2,1,H,F,S,C,3,9,0,9,Y,A,2,0,M,HOND,V3W,RS,0,17,,,,,,,1099,,2,,4,615,,,,,,,0,0,000000000,00000000000,0,0,0,1,0,0,0,0,0,0,0,999,0,0,0,12,6,2,39,0,0,0,1,42,18640,6,7,0,0,3,2,71,999,0,0,0,0,0,0,0,0,0,1,6,36,37,73,1,2,35,2,1,2,1,0,0,14,6,1,3,4,7,1,1
42,420358,1,1,1,19,5,17,0,59,0,1,0,42,1,72,706,72706,80,1958,58FL2583,5,8,F,L,2,5,8,3,,,,,0,M,HD,,,58,8,,,,,,,,,,,,,,,,,,,0,0,000000000,00000000000,0,0,0,1,0,0,0,0,0,0,0,60,0,0,0,9,2,1,59,0,0,0,1,42,16407,6,1,6,9,3,0,76,999,1,0,0,1,1,10,2011,11,2011,1,36,51,0,0,1,2,25,3,1,2,5,0,0,14,12,3,3,4,6,1,0
42,420359,1,2,1,21,4,2,48,12,7,1,0,42,2,73,706,73706,80,2006,JKAZXCD126A0,J,K,A,Z,X,C,D,1,2,6,A,0,0,M,KAWK,Z10,RC,6,17,,,,,,,998,,4,,4,386,,,,,,,0,0,000000000,00000000000,0,0,0,1,0,0,0,0,0,0,0,999,0,0,0,9,6,4,12,0,0,0,1,42,16124,0,0,0,0,0,0,67,999,0,3,0,0,0,4,2009,4,2011,0,27,0,0,0,1,2,55,1,5,2,1,0,0,1,10,99,1,2,45,0,1
42,420359,2,2,2,21,4,2,48,12,7,1,0,42,1,76,706,76706,80,2002,JYAVP11E12A0,J,Y,A,V,P,1,1,E,1,2,A,0,0,M,YAMA,XVA,RS,2,17,,,,,,,1063,,2,,4,600,,,,,,,0,0,000000000,00000000000,0,0,0,1,0,0,0,0,0,0,0,999,0,0,0,3,6,2,12,0,0,0,1,42,16125,6,1,0,0,3,0,70,999,0,0,0,0,0,0,0,0,0,0,0,0,0,0,1,2,55,1,5,2,1,0,0,1,60,99,1,1,44,2,1
42,420360,1,1,1,31,5,2,50,44,0,1,0,42,2,55,35,55035,4,2008,KMHDU46D18U4,K,M,H,D,U,4,6,D,1,8,U,4,0,P,HYUN,GST,4D,8,17,2723,,0,1043,,G,,F,4,121,,,15R195,,,,,,0,0,000000000,00000000000,0,0,0,1,0,0,0,0,0,0,0,999,0,1,6,0,6,2,2,0,0,1,1,42,16365,0,0,0,0,0,0,72,999,0,0,0,0,0,0,0,0,0,1,39,0,0,0,1,2,35,1,1,2,1,20,2,1,98,1,1,1,0,1,1
42,420361,1,2,1,26,4,21,20,12,2,1,0,42,1,12,481,12481,31,2005,1FTPW14525KE,1,F,T,P,W,1,4,5,2,5,K,E,0,T,FORD,F1S,CW,5,17,,2,1450,1260,COF,G,,,8,330,,,,B,5577,00,U,44,0,0,000000000,00000000000,0,0,0,1,0,0,0,0,0,0,0,999,0,0,0,12,6,2,12,0,0,0,1,42,15690,6,1,0,0,3,0,72,999,0,0,0,0,1,3,2011,3,2011,0,51,0,0,0,1,2,35,2,1,2,1,0,0,14,10,1,1,2,50,0,0
42,420361,2,2,2,26,4,21,20,12,2,1,0,42,1,12,481,12481,31,2000,2FTPX18Z5YCA,2,F,T,P,X,1,8,Z,5,Y,C,A,0,T,FORD,F15,4C,0,17,,2,1574,1388,COF,C,,,8,330,,,,B,4611,04,U,44,0,0,000000000,00000000000,0,0,0,1,0,0,0,0,0,0,0,35,0,0,0,12,6,2,12,0,0,0,1,42,15618,6,1,0,0,3,0,67,999,0,0,0,0,0,0,0,0,0,0,0,0,0,0,1,2,35,3,1,2,1,0,0,14,62,1,1,1,51,1,0
42,420362,1,1,2,5,5,20,45,1,0,1,0,42,2,7,25,7025,5,2007,1B3HB48B57D5,1,B,3,H,B,4,8,B,5,7,D,5,0,P,DODG,CXT,4D,7,17,3038,,0,1037,,G,,F,4,122,,,17R215,,,,,,0,0,000000000,00000000000,0,0,0,1,0,0,0,0,0,0,0,999,0,2,3,0,6,2,1,0,0,0,1,36,10960,1,1,0,0,2,0,68,999,1,10,0,0,0,1,2010,3,2012,0,99,99,99,99,2,3,55,1,1,2,2,0,0,1,12,99,3,4,7,1,0
42,420363,1,1,1,20,5,2,0,38,0,1,0,42,1,6,51,6051,4,2006,2C3KA53G66H1,2,C,3,K,A,5,3,G,6,6,H,1,0,P,CHRY,3TR,4D,6,17,3651,,0,1200,,G,,F,6,214,,,17R215,,,,,,0,0,000000000,00000000000,0,0,0,1,0,0,0,0,0,0,0,70,0,1,6,12,6,2,1,0,0,0,1,42,15666,6,1,0,0,3,0,70,999,0,1,1,0,0,8,2010,9,2010,1,0,0,0,0,1,2,35,1,3,2,1,0,0,1,12,7,1,4,6,1,1
42,420364,1,1,1,15,5,22,25,1,0,1,0,42,1,98,706,98706,80,2005,5J11RBJ165W0,5,J,1,1,R,B,J,1,6,5,W,0,0,U,,,,5,17,,,,,,,,,,,,,,,,,,,0,0,000000000,00000000000,0,0,0,1,0,0,0,0,0,0,0,70,0,0,0,0,6,2,1,0,0,0,1,42,15501,6,1,6,0,3,0,70,999,0,0,0,0,3,8,2010,7,2011,1,58,0,0,0,1,2,55,2,6,2,1,0,0,14,10,7,3,2,98,1,1
42,420365,1,1,1,16,5,2,30,24,0,1,0,17,3,84,881,84881,63,2005,1HSHWAHN75J0,1,H,S,H,W,A,H,N,7,5,J,0,0,T,INTL,860,TR,5,17,,7,0,0,80S,D,,,6,661,,,,,00000,00,,42,0,57,02064293,5702064293,3,2,2,1,0,0,0,0,0,0,0,999,0,1,5,4,6,2,24,0,0,0,1,42,17745,6,1,6,1,3,0,73,999,0,0,0,0,0,0,0,0,0,0,52,0,0,0,1,2,35,3,6,2,1,0,0,14,12,7,4,4,2,1,0
42,420366,1,1,3,22,5,0,51,35,0,1,0,42,1,55,37,55037,2,2008,KMHHN66F58U2,K,M,H,H,N,6,6,F,5,8,U,2,0,P,HYUN,GSL,CP,8,17,2969,,0,996,,G,,F,6,162,,,17R215,,,,,,0,0,000000000,00000000000,0,0,0,1,0,0,0,0,0,0,0,999,0,1,6,11,6,2,42,0,0,0,1,42,17751,6,1,0,0,3,0,69,999,1,2,0,1,1,10,2011,3,2012,1,0,0,0,0,1,2,25,2,3,2,2,0,0,14,12,1,1,4,6,1,0
42,420367,1,1,2,20,4,23,40,42,0,1,0,92,0,98,739,98739,90,2005,4XABG50A1545,4,X,A,B,G,5,0,A,1,5,4,5,0,M,POLS,S54,AT,5,17,,,,,,,499,,1,,4,571,,,,,,,0,0,000000000,00000000000,0,0,0,1,0,0,0,0,0,0,0,999,0,0,0,9,6,2,42,0,0,0,1,42,19512,0,0,0,0,1,0,72,999,0,0,0,0,0,0,0,0,0,1,18,58,0,0,1,2,55,2,6,2,1,0,0,14,12,1,1,4,6,1,1
42,420368,1,1,1,5,5,15,25,35,0,1,0,42,2,76,706,76706,80,1997,JYA4YWE09VA0,J,Y,A,4,Y,W,E,0,9,V,A,0,0,M,YAMA,Y1R,RC,97,17,,,,,,,1003,,4,,4,999,,,,,,,0,0,000000000,00000000000,0,0,0,1,0,0,0,0,0,0,0,55,0,0,0,14,6,2,35,0,0,0,1,42,17331,6,1,0,0,3,0,70,999,0,0,0,1,0,12,2010,12,2010,1,0,0,0,0,1,2,55,2,1,2,1,0,0,14,12,99,1,4,6,1,1
42,420369,1,1,1,30,5,14,59,42,0,1,0,42,4,35,47,35047,4,2012,1N4AL2AP4CC1,1,N,4,A,L,2,A,P,4,C,C,1,0,P,NISS,ATS,4D,12,17,3180,,0,1093,,G,,F,4,153,,,16R215,,,,,,0,0,000000000,00000000000,0,0,0,1,0,0,0,0,0,0,0,999,0,0,0,3,6,2,42,0,0,0,1,42,18610,6,1,0,0,3,0,62,999,2,0,0,0,1,7,2011,5,2012,0,58,0,0,0,1,2,45,2,1,2,1,0,0,14,13,1,1,4,1,1,0
42,420370,1,1,4,5,5,0,43,8,0,1,0,42,2,9,20,9020,4,1997,1P3ES27C6VD1,1,P,3,E,S,2,7,C,6,V,D,1,0,P,PLYM,NEX,4D,97,17,2419,,0,1040,,G,,F,4,122,,,14R175,,,,,,0,0,000000000,00000000000,0,0,0,1,0,0,0,0,0,0,0,999,0,0,0,12,6,2,8,0,0,0,1,42,15958,0,0,0,0,0,0,999,999,0,0,0,0,0,0,0,0,0,0,52,0,0,0,1,2,55,2,6,2,1,0,0,14,12,8,1,4,6,0,0