STATE,ST_CASE,VEH_NO,VE_FORMS,NUMOCCS,DAY,MONTH,HOUR,MINUTE,HARM_EV,MAN_COLL,UNITTYPE,HIT_RUN,REG_STAT,OWNER,MAKE,MODEL,MAK_MOD,BODY_TYP,MOD_YEAR,VIN,VIN_1,VIN_2,VIN_3,VIN_4,VIN_5,VIN_6,VIN_7,VIN_8,VIN_9,VIN_10,VIN_11,VIN_12,TOW_VEH,VINTYPE,VINMAKE,VINA_MOD,VIN_BT,VINMODYR,VIN_LNGT,VIN_WGT,WGTCD_TR,WHLBS_LG,WHLBS_SH,SER_TR,FUELCODE,MCYCL_DS,CARBUR,CYLINDER,DISPLACE,MCYCL_CY,MCYCL_WT,TIRE_SZE,TON_RAT,TRK_WT,TRKWTVAR,VIN_REST,WHLDRWHL,J_KNIFE,MCARR_I1,MCARR_I2,MCARR_ID,GVWR,V_CONFIG,CARGO_BT,HAZ_INV,HAZ_PLAC,HAZ_ID,HAZ_CNO,HAZ_REL,BUS_USE,SPEC_USE,EMER_USE,TRAV_SP,UNDERIDE,ROLLOVER,ROLINLOC,IMPACT1,DEFORMED,TOWED,M_HARM,VEH_SC1,VEH_SC2,FIRE_EXP,DR_PRES,L_STATE,DR_ZIP,L_STATUS,L_TYPE,CDL_STAT,L_ENDORS,L_COMPL,L_RESTRI,DR_HGT,DR_WGT,PREV_ACC,PREV_SUS,PREV_DWI,PREV_SPD,PREV_OTH,FIRST_MO,FIRST_YR,LAST_MO,LAST_YR,SPEEDREL,DR_SF1,DR_SF2,DR_SF3,DR_SF4,VTRAFWAY,VNUM_LAN,VSPD_LIM,VALIGN,VPROFILE,VPAVETYP,VSURCOND,VTRAFCON,VTCONT_F,P_CRASH1,P_CRASH2,P_CRASH3,PCRASH4,PCRASH5,ACC_TYPE,DEATHS,DR_DRINK
42,420432,2,2,1,3,5,11,21,12,7,1,0,42,1,37,32,37032,2,2005,1HGCM72725A0,1,H,G,C,M,7,2,7,2,5,A,0,0,P,HOND,UEX,CP,5,17,3124,,0,1051,,G,,F,4,146,,,15R205,,,,,,0,0,000000000,00000000000,0,0,0,1,0,0,0,0,0,0,0,50,0,0,0,9,2,1,12,0,0,0,1,42,19150,6,1,0,0,3,3,64,999,0,0,0,0,0,0,0,0,0,0,0,0,0,0,3,2,45,2,1,2,1,0,0,14,60,1,1,1,45,0,0
42,420433,1,1,2,29,5,20,53,15,0,1,0,42,2,20,16,20016,4,1997,1G1JF5245V72,1,G,1,J,F,5,2,4,5,V,7,2,0,P,CHEV,CAS,4D,97,17,2729,,0,1041,,G,,F,4,133,,,15R195,,,,,,0,0,000000000,00000000000,0,0,0,1,0,0,0,0,0,0,0,999,0,0,0,1,4,4,15,0,0,0,1,42,19053,1,1,0,0,2,0,73,999,0,26,0,1,9,7,2009,3,2012,0,0,0,0,0,1,2,25,1,1,2,2,0,0,1,80,1,1,1,13,0,0
42,420434,1,2,1,8,5,15,8,12,2,1,0,42,1,53,40,53040,4,2008,JS2YC4142851,J,S,2,Y,C,4,1,4,2,8,5,1,0,P,SUZI,SX4,4D,8,17,2668,,0,984,,G,,F,4,122,,,17R205,,,,,,0,0,000000000,00000000000,0,0,0,1,0,0,0,0,0,0,0,56,0,1,3,12,6,2,12,0,0,0,1,42,16803,6,1,0,0,3,0,67,999,0,0,0,0,0,0,0,0,0,0,51,0,0,0,2,3,55,1,1,1,2,0,0,1,54,7,1,1,52,1,0
42,420434,2,2,1,8,5,15,8,12,2,1,0,42,1,7,482,7482,31,2010,1D7RV1GT0AS1,1,D,7,R,V,1,G,T,0,A,S,1,0,T,DODG,Q15,CW,10,17,,2,0,1400,RPC,G,,,8,348,,,,B,5200,00,7,44,0,0,000000000,00000000000,0,0,0,1,0,0,0,0,0,0,0,60,0,0,0,12,6,2,12,0,0,0,1,42,16866,6,1,0,0,3,0,67,999,0,0,0,1,0,2,2012,2,2012,0,0,0,0,0,2,3,55,1,1,1,2,0,0,1,54,6,1,1,52,0,0
42,420435,1,2,1,8,5,9,53,12,1,1,0,42,2,37,706,37706,80,2001,JH2SC44391M1,J,H,2,S,C,4,4,3,9,1,M,1,0,M,HOND,C9R,RC,1,17,,,,,,,929,,4,,4,379,,,,,,,0,0,000000000,00000000000,0,0,0,1,0,0,0,0,0,0,0,999,0,0,0,12,6,2,12,0,0,0,1,42,17067,1,1,0,0,2,0,75,999,1,15,0,2,4,11,2009,1,2012,1,35,0,0,0,3,2,45,1,1,2,1,0,0,15,52,3,2,1,28,1,1
42,420435,2,2,1,8,5,9,53,12,1,1,0,34,3,98,808,98808,61,2000,JNAUXV1J9YG4,J,N,A,U,X,V,1,J,9,Y,G,4,0,T,UD,U12,TB,0,17,,3,0,0,UDS,D,,,4,281,,,,,00000,00,,42,0,88,888888888,88888888888,2,1,98,1,0,0,0,0,0,0,0,999,0,0,0,6,2,1,12,0,0,0,1,34,8102,6,1,0,0,3,0,69,999,0,0,0,0,0,0,0,0,0,0,0,0,0,0,3,2,45,1,1,2,1,0,0,2,53,1,1,1,29,0,0
42,420436,1,2,2,11,5,14,26,12,1,1,0,42,2,37,32,37032,5,2010,5J6TF2H59AL0,5,J,6,T,F,2,H,5,9,A,L,0,0,P,HOND,ACT,UT,10,17,4070,,0,1101,,G,,F,6,213,,,18R225,,,,,,0,0,000000000,00000000000,0,0,0,1,0,0,0,0,0,0,0,999,0,0,0,12,6,2,12,0,0,0,1,42,18504,6,1,0,0,3,0,63,999,0,0,0,1,0,8,2011,8,2011,0,0,0,0,0,1,2,35,1,1,2,1,0,0,1,50,1,1,1,20,0,0
42,420436,2,2,1,11,5,14,26,12,1,1,0,42,2,37,32,37032,5,2011,5J6TF2H59BL0,5,J,6,T,F,2,H,5,9,B,L,0,0,P,HOND,ACT,UT,11,17,4070,,0,1101,,G,,F,6,213,,,18R225,,,,,,0,0,000000000,00000000000,0,0,0,1,0,0,0,0,0,0,0,0,0,0,0,6,2,1,12,0,0,0,1,42,18512,6,1,0,0,3,0,65,999,0,0,0,0,0,0,0,0,0,0,0,0,0,0,1,2,35,1,1,2,1,0,0,5,53,1,1,1,21,1,0
42,420437,1,2,1,4,5,16,37,12,6,1,0,42,1,53,705,53705,80,2007,JS1GN7DA1721,J,S,1,G,N,7,D,A,1,7,2,1,0,M,SUZI,G60,RC,7,17,,,,,,,599,,4,,4,354,,,,,,,0,0,000000000,00000000000,0,0,0,1,0,0,0,0,0,0,0,100,0,0,0,12,6,2,12,0,0,0,1,42,16865,6,7,0,0,3,0,69,999,0,1,0,1,2,6,2009,9,2011,1,52,0,0,0,1,4,45,1,6,2,1,0,0,1,62,3,2,1,69,1,0
42,420437,2,2,2,4,5,16,37,12,6,1,0,42,1,12,880,12880,67,2003,1FTWW33P33EB,1,F,T,W,W,3,3,P,3,3,E,B,0,T,FORD,F3D,CW,3,17,,3,1720,1560,DRW,D,,,8,366,,,,D,6635,00,E,44,0,88,888888888,88888888888,2,1,96,1,0,0,0,0,0,0,0,999,0,0,0,2,6,2,12,0,0,0,1,42,15537,6,1,0,0,3,0,64,999,0,0,0,0,0,0,0,0,0,0,0,0,0,0,1,4,45,1,6,2,1,0,0,11,15,1,1,1,68,0,0
42,420438,1,1,1,29,5,14,39,35,0,1,0,42,1,53,705,53705,80,1992,JS1GN72A3N21,J,S,1,G,N,7,2,A,3,N,2,1,0,M,SUZI,GX6,RC,92,17,,,,,,,599,,4,,4,438,,,,,,,0,0,000000000,00000000000,0,0,0,1,0,0,0,0,0,0,0,999,0,0,0,3,6,2,42,0,0,0,1,42,18853,6,7,0,0,3,0,69,999,0,0,0,0,0,0,0,0,0,1,52,58,0,0,1,2,40,2,5,2,1,0,0,14,12,3,2,4,6,1,0
42,420439,1,2,4,3,5,18,19,1,0,1,0,42,1,37,32,37032,4,2010,1HGCP2F76AA1,1,H,G,C,P,2,F,7,6,A,A,1,0,P,HOND,UEX,4D,10,17,3362,,0,1102,,G,,F,4,146,,,17R255,,,,,,0,0,000000000,00000000000,0,0,0,1,0,0,0,0,0,0,0,999,0,0,0,8,6,2,54,0,0,0,1,42,15642,6,1,0,0,3,3,70,999,0,0,0,0,0,0,0,0,0,0,38,0,0,0,0,0,0,0,0,0,0,0,0,11,98,1,1,1,98,0,0
42,420439,2,2,1,3,5,18,19,1,0,1,0,42,1,37,706,37706,80,2001,JH2SC44011M1,J,H,2,S,C,4,4,0,1,1,M,1,0,M,HOND,CR9,RC,1,17,,,,,,,929,,4,,4,379,,,,,,,0,0,000000000,00000000000,0,0,0,1,0,0,0,0,0,0,0,999,0,0,0,0,2,3,54,0,0,0,1,42,15696,6,1,0,0,2,0,70,999,0,0,0,0,1,3,2011,3,2011,0,52,0,0,0,5,4,40,1,1,2,1,0,0,1,72,3,2,1,98,1,0
42,420440,1,1,1,1,5,14,0,38,0,1,0,42,1,37,706,37706,80,2002,JH2SC50022M0,J,H,2,S,C,5,0,0,2,2,M,0,0,M,HOND,CR9,RC,2,17,,,,,,,954,,4,,4,999,,,,,,,0,0,000000000,00000000000,0,0,0,1,0,0,0,0,0,0,0,89,0,0,0,12,6,2,38,0,0,0,1,42,17344,6,1,0,0,2,0,76,999,0,0,0,0,0,0,0,0,0,1,0,0,0,0,1,2,45,1,1,2,1,0,0,1,50,6,7,4,7,1,0
42,420441,1,1,4,26,5,18,17,42,0,1,0,42,1,20,37,20037,4,2005,1G1ZT52815F2,1,G,1,Z,T,5,2,8,1,5,F,2,0,P,CHEV,M/L,4D,5,17,3297,,0,1063,,G,,F,6,214,,,15R205,,,,,,0,0,000000000,00000000000,0,0,0,1,0,0,0,0,0,0,0,60,0,0,0,8,6,2,42,0,0,0,1,42,99999,6,1,0,0,3,1,67,999,0,0,0,0,0,0,0,0,0,0,85,0,0,0,2,2,55,1,1,1,2,0,0,1,74,6,3,4,2,1,0
42,420442,1,1,1,28,5,22,15,9,0,1,1,42,9,14,4,14004,2,1997,1MELM6243VH6,1,M,E,L,M,6,2,4,3,V,H,6,0,P,MERC,X73,2D,97,17,3536,,0,1130,,G,,F,6,232,,,15R205,,,,,,0,0,000000000,00000000000,0,0,0,1,0,0,0,0,0,0,0,999,0,0,0,12,4,3,9,0,0,0,1,99,99999,9,9,99,0,9,9,999,999,99,99,99,99,99,99,9999,99,9999,0,99,99,99,99,1,2,30,1,1,2,1,0,0,1,80,99,1,1,13,0,0
42,420443,1,1,1,19,5,2,0,1,0,1,0,42,1,72,706,72706,80,1999,1HD1BJL48XY0,1,H,D,1,B,J,L,4,8,X,Y,0,0,M,HD,STC,RS,99,17,,,,,,,1340,,2,,4,704,,,,,,,0,0,000000000,00000000000,0,0,0,1,0,0,0,0,0,0,0,60,0,0,0,0,6,2,1,0,0,0,1,42,15683,6,1,0,0,3,0,71,999,0,0,0,0,0,0,0,0,0,1,0,0,0,0,1,2,35,2,1,2,1,0,0,14,6,3,2,2,98,1,1
42,420444,1,1,1,19,5,6,35,8,0,1,0,42,2,20,2,20002,4,1991,1G1BN53E9MW1,1,G,1,B,N,5,3,E,9,M,W,1,0,P,CHEV,CLL,4D,91,17,3685,,0,1159,,G,,F,8,305,,,15R205,,,,,,0,0,000000000,00000000000,0,0,0,1,0,0,0,0,0,0,0,999,0,0,0,1,6,2,8,0,0,0,1,42,19120,6,1,0,0,3,0,70,999,0,0,0,0,0,0,0,0,0,0,99,99,99,99,2,2,35,3,1,2,1,0,0,14,13,1,1,4,1,0,0
42,420445,1,2,1,6,5,17,10,54,11,1,0,54,2,73,706,73706,80,2008,JKBZXNC128A0,J,K,B,Z,X,N,C,1,2,8,A,0,0,M,KAWK,X4C,RC,8,17,,,,,,,1352,,4,,4,485,,,,,,,0,0,000000000,00000000000,0,0,0,1,0,0,0,0,0,0,0,80,0,0,0,18,6,2,54,0,0,0,1,48,79549,6,1,6,3,3,3,999,999,0,0,0,0,0,0,0,0,0,1,0,0,0,0,1,2,50,2,6,2,1,0,0,14,6,8,2,2,98,1,1
42,420445,2,2,2,6,5,17,10,54,11,1,0,42,1,2,404,2404,14,2004,1J4GW58SX4C4,1,J,4,G,W,5,8,S,X,4,C,4,0,T,JEEP,LMT,4W,4,17,,1,0,1059,GCK,G,,,6,244,,,,,3975,00,E,44,0,0,000000000,00000000000,0,0,0,1,0,0,0,0,0,0,0,20,0,0,0,14,2,3,54,0,0,0,1,42,15001,6,1,0,0,3,0,67,999,1,0,0,0,0,5,2011,5,2011,0,0,0,0,0,1,2,50,3,3,2,1,0,0,14,62,9,1,2,98,0,0
42,420446,1,1,1,24,5,16,20,35,0,1,0,42,1,12,422,12422,15,2006,1FMFU16506LA,1,F,M,F,U,1,6,5,0,6,L,A,0,P,FORD,EPT,UT,6,17,5606,,0,1190,,G,,F,8,329,,,17R265,,,,,,0,0,000000000,00000000000,0,0,0,1,0,0,0,0,0,0,0,999,0,1,1,11,6,2,14,0,0,0,1,42,18508,6,1,0,0,3,0,67,999,0,0,0,0,0,0,0,0,0,0,0,0,0,0,6,1,25,1,6,2,1,0,0,1,61,7,1,4,1,0,0
42,420447,1,3,1,28,5,18,45,12,7,1,0,42,1,12,37,12037,4,2004,1FAFP33P24W1,1,F,A,F,P,3,3,P,2,4,W,1,0,P,FORD,FOX,4D,4,17,2604,,0,1030,,G,,F,4,122,,,17R215,,,,,,0,0,000000000,00000000000,0,0,0,1,0,0,0,0,0,0,0,60,0,0,0,3,6,2,12,0,0,0,1,42,15341,6,1,0,0,3,0,67,999,0,0,0,0,0,0,0,0,0,0,35,0,0,0,1,2,55,1,1,2,1,0,0,6,10,6,1,2,44,0,0
42,420447,2,3,3,28,5,18,45,12,7,1,0,42,2,2,1,2001,6,2011,1J4NF1FB2BD2,1,J,4,N,F,1,F,B,2,B,D,2,0,T,JEEP,CSP,4W,11,17,,1,0,1037,CMP,G,,,4,146,,,,,3247,00,W,44,0,0,000000000,00000000000,0,0,0,1,0,0,0,0,0,0,0,20,0,0,0,7,2,1,12,0,0,0,1,42,15341,6,1,0,0,3,3,68,999,0,0,0,0,0,0,0,0,0,0,38,0,0,0,1,2,55,1,1,2,1,0,0,1,53,1,1,1,45,0,0
42,420447,3,3,1,28,5,18,45,12,7,1,0,39,1,72,706,72706,80,2012,1HD1JRV25CB0,1,H,D,1,J,R,V,2,5,C,B,0,0,M,HD,FSS,RS,12,17,,,,,,,1690,,2,,4,671,,,,,,,0,0,000000000,00000000000,0,0,0,1,0,0,0,0,0,0,0,55,0,0,0,11,6,2,12,0,0,0,1,39,43338,6,1,0,0,3,0,70,210,0,0,0,0,0,0,0,0,0,0,0,0,0,0,1,2,55,1,1,2,1,0,0,1,62,1,1,1,98,1,0
42,420448,1,5,2,13,5,3,5,12,7,1,0,42,1,20,403,20403,14,2004,1GNDT13S8422,1,G,N,D,T,1,3,S,8,4,2,2,0,P,CHEV,TRL,UT,4,17,4612,,0,1130,,G,,F,6,256,,,16R245,,,,,,0,0,000000000,00000000000,0,0,0,1,0,0,0,0,0,0,0,63,2,0,0,2,6,2,54,0,0,0,1,42,18504,6,1,6,0,3,3,67,999,0,0,0,0,0,0,0,0,0,0,28,0,0,0,2,2,65,1,6,2,1,0,0,1,10,7,3,2,44,1,1
42,420448,2,5,1,13,5,3,5,12,7,1,0,36,3,86,881,86881,66,2012,1M1AW07Y5CM0,1,M,1,A,W,0,7,Y,5,C,M,0,1,T,MACK,CXU,TR,12,17,,8,0,0,600,D,,,6,783,,,,,00000,00,,64,1,57,01077110,5701077110,3,6,2,1,0,0,0,0,0,0,0,65,0,0,0,8,6,2,12,0,0,0,1,36,13354,6,1,6,1,3,3,70,999,2,0,0,0,0,9,2009,10,2011,0,0,0,0,0,2,2,65,1,6,2,1,0,0,1,60,9,2,2,45,0,0
42,420448,3,5,1,13,5,3,5,12,7,1,1,99,9,99,989,99989,51,9999,999999999999,9,9,9,9,9,9,9,9,9,9,9,9,0,,,,,,,,,,,,,,,,,,,,,,,,,0,88,888888888,88888888888,9,21,22,1,0,0,0,0,5,0,0,45,0,0,0,14,9,1,54,0,0,0,1,99,99999,9,9,99,9,9,9,999,999,99,99,99,99,99,99,9999,99,9999,0,99,99,99,99,2,2,65,1,6,2,1,0,0,1,50,7,1,2,98,0,0
42,420448,4,5,1,13,5,3,5,12,7,1,0,42,1,98,850,98850,65,2008,5KKHABAV88PZ,5,K,K,H,A,B,A,V,8,8,P,Z,1,T,WSTR,49X,CC,8,17,,8,0,0,CNV,D,,,6,893,,,,,00000,00,,64,1,0,000000000,00000000000,0,0,0,1,0,0,0,0,0,0,0,45,0,0,0,14,0,1,54,0,0,0,1,42,18826,6,1,6,0,3,0,72,999,0,0,0,0,0,0,0,0,0,0,0,0,0,0,2,2,65,1,6,2,1,0,0,1,50,7,1,2,98,0,0
42,420448,5,5,1,13,5,3,5,12,7,1,0,42,1,2,404,2404,14,2009,1J4FF47BX9D2,1,J,4,F,F,4,7,B,X,9,D,2,0,T,JEEP,CSP,4W,9,17,,1,0,1037,CMP,G,,,4,146,,,,,3326,00,E,44,0,0,000000000,00000000000,0,0,0,1,0,0,0,0,0,0,0,45,0,0,0,12,6,2,54,0,0,0,1,42,18834,6,1,0,0,3,0,62,999,0,0,0,0,0,0,0,0,0,0,0,0,0,0,2,2,65,1,6,2,1,0,0,1,50,6,1,2,98,0,0
42,420449,1,1,1,2,6,20,40,24,0,1,0,42,1,2,403,2403,14,1994,SW101648PA,S,W,1,0,1,6,4,8,P,A,,,0,T,JEEP,,,94,10,,,,,,,,,,,,,,,,,,,0,0,000000000,00000000000,0,0,0,1,0,0,0,0,0,0,0,55,0,0,0,10,6,2,24,0,0,0,1,42,17981,6,1,0,0,3,0,69,999,0,0,0,0,0,0,0,0,0,0,0,0,0,0,1,2,50,1,6,2,1,0,0,1,10,6,1,4,6,1,1
42,420450,1,1,1,2,6,8,0,42,0,1,0,42,1,7,482,7482,31,1997,1B7HF16Z7VS2,1,B,7,H,F,1,6,Z,7,V,S,2,0,T,DODG,150,PK,97,17,,2,1347,1187,RPC,G,,,8,360,,,,B,4527,01,M,44,0,0,000000000,00000000000,0,0,0,1,0,0,0,0,0,0,0,999,0,1,6,1,6,2,1,0,0,0,1,42,18256,6,1,0,0,3,3,70,999,2,0,0,0,0,8,2011,3,2012,0,0,0,0,0,1,2,55,1,6,2,8,0,0,1,13,1,1,4,1,1,1
42,420451,1,2,1,28,4,5,18,12,1,1,0,42,2,12,3,12003,2,1989,1FABP40E0KF3,1,F,A,B,P,4,0,E,0,K,F,3,0,P,FORD,MLX,2D,89,17,2754,,0,1005,,G,,F,8,302,,,000000,,,,,,0,0,000000000,00000000000,0,0,0,1,0,0,0,0,0,0,0,47,0,0,0,12,6,2,12,0,0,0,1,42,19104,6,1,0,0,3,0,67,999,1,1,0,0,2,10,2009,11,2011,0,99,99,99,99,3,3,55,1,1,1,1,0,0,1,50,1,1,1,20,1,1
42,420451,2,2,1,28,4,5,18,12,1,1,0,18,3,51,881,51881,66,2008,4V4NC9TGX8N4,4,V,4,N,C,9,T,G,X,8,N,4,0,T,VOLV,VNL,TR,8,17,,8,0,0,VVN,D,,,6,915,,,,,00000,00,,64,0,57,00054283,5700054283,3,5,96,1,0,0,0,0,0,0,0,0,0,0,0,6,6,2,12,0,0,0,1,42,19134,6,1,6,1,3,0,74,999,0,3,0,0,0,4,2010,9,2010,0,54,0,0,0,3,3,55,1,1,1,1,0,0,5,53,1,1,1,21,0,0
42,420452,1,1,1,7,6,18,0,38,0,1,0,42,1,37,706,37706,80,2010,1HFSC47G5AA9,1,H,F,S,C,4,7,G,5,A,A,9,0,M,HOND,GL8,RS,10,17,,,,,,,1832,,6,,4,895,,,,,,,0,0,000000000,00000000000,0,0,0,1,0,0,0,0,0,0,0,45,0,0,0,12,6,2,18,0,0,0,1,42,17507,6,1,0,0,3,1,77,999,0,0,0,0,0,0,0,0,0,1,58,0,0,0,1,2,35,2,1,2,1,0,0,14,10,3,2,4,7,1,0
42,420453,1,1,2,24,6,10,20,30,0,1,0,42,1,12,471,12471,30,1994,1FTCR10A3RTA,1,F,T,C,R,1,0,A,3,R,T,A,0,T,FORD,RNG,PK,94,17,,1,1140,1080,RNG,G,,,4,140,,,,B,2918,00,A,42,0,0,000000000,00000000000,0,0,0,1,0,0,0,0,0,0,0,70,0,0,0,1,6,2,30,0,0,0,1,42,15010,6,1,0,0,3,3,70,999,0,0,0,0,0,0,0,0,0,1,0,0,0,0,1,2,30,3,1,2,1,0,0,14,13,1,1,4,1,1,1
42,420454,1,1,1,17,6,1,55,42,0,1,0,42,1,72,706,72706,80,2000,1HD1FHW12YY6,1,H,D,1,F,H,W,1,2,Y,Y,6,0,M,HD,HPI,RS,0,17,,,,,,,1450,,2,,4,999,,,,,,,0,0,000000000,00000000000,0,0,0,1,0,0,0,0,0,0,0,45,0,0,0,18,6,2,42,0,0,0,1,42,16001,6,1,0,0,2,0,69,999,0,1,0,0,1,9,2011,12,2011,0,99,99,99,99,1,2,45,3,1,2,1,0,0,14,13,1,1,4,1,1,1
42,420455,1,1,1,2,5,23,24,8,0,1,1,42,1,10,37,10037,3,1991,4E3CT64U8ME0,4,E,3,C,T,6,4,U,8,M,E,0,0,P,EGIL,T44,2H,91,17,3039,,0,972,,G,,T,4,122,,,16R205,,,,,,0,0,000000000,00000000000,0,0,0,1,0,0,0,0,0,0,0,999,0,0,0,12,2,1,8,0,0,0,1,42,17754,6,1,0,0,3,0,66,999,0,0,0,0,0,0,0,0,0,0,99,99,99,99,1,2,35,1,1,2,2,0,0,1,80,1,1,1,13,0,1
42,420456,1,1,1,23,6,2,0,35,0,1,0,42,1,72,706,72706,80,2010,1HD1GP419AC3,1,H,D,1,G,P,4,1,9,A,C,3,0,M,HD,FWG,RS,10,17,,,,,,,1584,,2,,4,665,,,,,,,0,0,000000000,00000000000,0,0,0,1,0,0,0,0,0,0,0,999,0,0,0,11,6,2,42,0,0,0,1,42,15717,6,1,0,0,3,3,63,999,0,0,0,0,0,0,0,0,0,0,58,0,0,0,1,2,40,2,6,2,1,0,0,14,12,1,1,4,6,1,1
42,420457,1,1,2,30,6,23,0,35,0,1,0,37,2,37,32,37032,4,2009,1HGCP36829A0,1,H,G,C,P,3,6,8,2,9,A,0,0,P,HOND,AXL,4D,9,17,3600,,0,1102,,G,,F,6,214,,,17R225,,,,,,0,0,000000000,00000000000,0,0,0,1,0,0,0,0,0,0,0,55,0,1,6,14,6,2,1,0,0,0,1,37,28562,6,1,0,0,3,0,66,999,0,0,0,1,2,9,2009,5,2012,1,0,0,0,0,1,2,45,3,1,2,1,40,3,14,13,99,4,4,2,1,1
42,420458,1,1,1,2,6,15,10,30,0,1,0,42,1,53,402,53402,14,2000,JS3TD62V4Y41,J,S,3,T,D,6,2,V,4,Y,4,1,0,P,SUZI,GVT,UT,0,17,3197,,0,976,,G,,F,6,152,,,16R235,,,,,,0,0,000000000,00000000000,0,0,0,1,0,0,0,0,0,0,0,50,0,1,6,4,6,2,30,0,0,0,1,42,17844,6,1,0,0,3,0,61,999,0,0,0,0,0,0,0,0,0,0,58,0,0,0,1,2,55,3,3,2,1,0,0,14,11,6,4,4,7,1,0
42,420459,1,1,2,9,6,21,0,38,0,1,0,42,1,37,706,37706,80,2008,1HFSC47H58A7,1,H,F,S,C,4,7,H,5,8,A,7,0,M,HOND,GL8,RS,8,17,,,,,,,1832,,6,,4,822,,,,,,,0,0,000000000,00000000000,0,0,0,1,0,0,0,0,0,0,0,45,0,0,0,11,6,2,1,0,0,0,1,42,15550,6,1,0,0,3,0,67,999,0,0,0,0,0,0,0,0,0,1,83,0,0,0,1,2,35,1,1,2,1,0,0,1,87,7,9,4,1,1,0
42,420460,1,1,1,13,6,11,27,42,0,1,0,42,2,52,46,52046,4,2004,JA3AJ26E34U0,J,A,3,A,J,2,6,E,3,4,U,0,0,P,MITS,LES,4D,4,17,2656,,0,1024,,G,,F,4,122,,,14R185,,,,,,0,0,000000000,00000000000,0,0,0,1,0,0,0,0,0,0,0,55,0,0,0,10,6,2,42,0,0,0,1,42,16841,6,1,0,0,3,0,67,999,0,0,0,0,1,11,2011,11,2011,1,0,0,0,0,1,2,40,1,1,2,1,0,0,1,13,6,4,4,7,1,0
42,420461,1,1,2,29,6,18,13,32,0,1,0,42,1,12,3,12003,2,1967,7T02A284400,7,T,0,2,A,2,8,4,4,0,0,,0,P,FORD,MUS,2T,67,11,2624,,0,1080,,G,,4,8,289,,,146.95,,,,,,0,0,000000000,00000000000,0,0,0,1,0,0,0,0,0,0,0,65,0,0,0,12,6,2,32,0,0,0,1,42,15642,6,1,0,0,3,1,67,999,0,0,0,0,0,0,0,0,0,1,58,0,0,0,1,2,35,3,4,2,1,0,0,14,13,6,1,4,1,1,0
42,420462,1,4,1,10,5,11,33,12,6,1,0,42,1,20,404,20404,14,2011,2CNFLEEC5B62,2,C,N,F,L,E,E,C,5,B,6,2,0,P,CHEV,EQU,UT,11,17,3964,,0,1125,,G,,F,4,146,,,17R225,,,,,,0,0,000000000,00000000000,0,0,0,1,0,0,0,0,0,0,0,45,0,1,1,11,6,2,12,0,0,0,1,42,17046,6,1,0,0,3,0,72,999,1,0,0,0,0,9,2010,9,2010,0,28,0,0,0,1,2,45,1,6,2,1,0,0,1,10,1,1,2,64,0,0
42,420462,2,4,2,10,5,11,33,12,6,1,0,17,2,82,881,82881,66,2007,1FUJA6CK47LW,1,F,U,J,A,6,C,K,4,7,L,W,1,T,FRHT,COL,TR,7,17,,8,0,0,CON,D,,,6,855,,,,,00000,00,,64,3,57,01062707,5701062707,3,6,1,1,0,0,0,0,0,0,0,999,0,0,0,10,6,2,12,0,0,1,1,42,18202,6,1,6,0,3,0,72,999,1,0,0,0,0,10,2011,10,2011,0,0,0,0,0,1,2,45,1,5,2,1,0,0,1,62,1,1,1,65,2,0
42,420462,3,4,1,10,5,11,33,12,6,1,0,42,3,86,881,86881,63,1998,1M2P289C2WM0,1,M,2,P,2,8,9,C,2,W,M,0,0,T,MACK,RD6,CC,98,17,,8,0,0,600,D,,,6,728,,,,,00000,00,,64,0,57,00932863,5700932863,3,2,5,1,0,0,0,0,0,0,0,999,0,1,1,12,6,2,12,0,0,0,1,42,17042,6,1,6,1,3,1,72,999,0,0,0,1,1,6,2009,7,2009,0,0,0,0,0,1,2,45,1,5,2,1,0,0,1,51,99,1,1,98,0,0
42,420462,4,4,1,10,5,11,33,12,6,1,0,44,1,2,404,2404,14,2010,1J4PR4GK3AC1,1,J,4,P,R,4,G,K,3,A,C,1,0,T,JEEP,LRO,4W,10,17,,1,0,1095,GCK,G,,,6,225,,,,,4470,00,3,44,0,0,000000000,00000000000,0,0,0,1,0,0,0,0,0,0,0,45,0,0,0,12,2,1,54,0,0,0,1,44,2859,6,1,0,0,3,0,67,200,0,0,0,0,0,0,0,0,0,0,0,0,0,0,1,2,45,1,6,2,1,0,0,1,98,9,1,4,98,0,0
42,420463,1,1,4,2,6,20,6,30,0,1,0,42,2,24,3,24003,6,1997,1G8ZK8277VZ2,1,G,8,Z,K,8,2,7,7,V,Z,2,0,P,STRN,SW2,SW,97,17,2427,,0,1024,,G,,F,4,116,,,15R185,,,,,,0,0,000000000,00000000000,0,0,0,1,0,0,0,0,0,0,0,999,0,1,6,3,6,2,30,0,0,0,1,42,17325,1,1,0,0,2,0,70,999,0,1,0,0,0,11,2010,11,2010,1,0,0,0,0,1,2,45,1,6,2,1,0,0,1,6,1,4,4,7,2,1
42,420464,1,1,1,4,6,15,23,8,0,1,0,42,1,42,399,42399,9,2000,999999999999,9,9,9,9,9,9,9,9,9,9,9,9,0,,,,,,,,,,,,,,,,,,,,,,,,,0,0,000000000,00000000000,0,0,0,1,0,0,0,0,0,0,0,51,0,0,0,12,6,2,8,0,0,0,1,42,17257,6,1,0,0,3,1,62,999,0,0,0,1,0,8,2011,8,2011,1,0,0,0,0,1,2,40,1,6,2,1,0,0,1,80,99,9,1,13,0,0