STATE,ST_CASE,VEH_NO,VE_FORMS,NUMOCCS,DAY,MONTH,HOUR,MINUTE,HARM_EV,MAN_COLL,UNITTYPE,HIT_RUN,REG_STAT,OWNER,MAKE,MODEL,MAK_MOD,BODY_TYP,MOD_YEAR,VIN,VIN_1,VIN_2,VIN_3,VIN_4,VIN_5,VIN_6,VIN_7,VIN_8,VIN_9,VIN_10,VIN_11,VIN_12,TOW_VEH,VINTYPE,VINMAKE,VINA_MOD,VIN_BT,VINMODYR,VIN_LNGT,VIN_WGT,WGTCD_TR,WHLBS_LG,WHLBS_SH,SER_TR,FUELCODE,MCYCL_DS,CARBUR,CYLINDER,DISPLACE,MCYCL_CY,MCYCL_WT,TIRE_SZE,TON_RAT,TRK_WT,TRKWTVAR,VIN_REST,WHLDRWHL,J_KNIFE,MCARR_I1,MCARR_I2,MCARR_ID,GVWR,V_CONFIG,CARGO_BT,HAZ_INV,HAZ_PLAC,HAZ_ID,HAZ_CNO,HAZ_REL,BUS_USE,SPEC_USE,EMER_USE,TRAV_SP,UNDERIDE,ROLLOVER,ROLINLOC,IMPACT1,DEFORMED,TOWED,M_HARM,VEH_SC1,VEH_SC2,FIRE_EXP,DR_PRES,L_STATE,DR_ZIP,L_STATUS,L_TYPE,CDL_STAT,L_ENDORS,L_COMPL,L_RESTRI,DR_HGT,DR_WGT,PREV_ACC,PREV_SUS,PREV_DWI,PREV_SPD,PREV_OTH,FIRST_MO,FIRST_YR,LAST_MO,LAST_YR,SPEEDREL,DR_SF1,DR_SF2,DR_SF3,DR_SF4,VTRAFWAY,VNUM_LAN,VSPD_LIM,VALIGN,VPROFILE,VPAVETYP,VSURCOND,VTRAFCON,VTCONT_F,P_CRASH1,P_CRASH2,P_CRASH3,PCRASH4,PCRASH5,ACC_TYPE,DEATHS,DR_DRINK
42,420501,2,2,1,8,6,12,51,12,2,1,0,42,3,98,804,98804,63,2006,5KKMAEAVX6PV,5,K,K,M,A,E,A,V,X,6,P,V,0,T,WSTR,49F,CC,6,17,,8,0,0,CNV,D,,,6,893,,,,,00000,00,,84,0,57,01176088,5701176088,3,2,4,1,0,0,0,0,0,0,0,25,0,0,0,12,6,2,12,0,0,0,1,42,18831,6,1,6,0,3,1,72,999,0,0,0,0,3,9,2009,8,2011,0,0,0,0,0,1,2,40,1,1,2,1,0,0,1,54,8,2,2,52,0,0
42,420502,1,2,1,1,6,16,56,12,6,1,0,42,2,12,17,12017,4,2002,1FAFP55232A2,1,F,A,F,P,5,5,2,3,2,A,2,0,P,FORD,TSS,4D,2,17,3392,,0,1085,,F,,F,6,182,,,16R215,,,,,,0,0,000000000,00000000000,0,0,0,1,0,0,0,0,0,0,0,60,0,0,0,3,6,2,12,0,0,0,1,42,16335,6,1,0,0,3,0,63,999,0,0,0,0,0,0,0,0,0,1,28,87,0,0,1,2,55,1,5,2,6,0,0,1,6,1,4,2,66,1,0
42,420502,2,2,4,1,6,16,56,12,6,1,0,42,2,7,442,7442,20,2005,2D4GP44L55R2,2,D,4,G,P,4,4,L,5,5,R,2,0,T,DODG,GSX,ES,5,17,,1,0,1193,CAR,G,,,6,230,,,,,4222,00,E,42,0,0,000000000,00000000000,0,0,0,1,0,0,0,0,0,0,0,55,0,0,0,12,6,2,12,0,0,0,1,42,16131,6,1,0,0,3,3,64,999,0,0,0,0,0,0,0,0,0,0,0,0,0,0,1,2,55,1,6,2,6,0,0,1,62,99,1,1,66,0,0
42,420503,1,1,1,6,6,5,16,7,0,1,0,42,1,12,402,12402,14,2001,1FMYU01131KF,1,F,M,Y,U,0,1,1,3,1,K,F,0,P,FORD,SPE,UT,1,17,3027,,0,1031,,G,,F,6,181,,,15R225,,,,,,0,0,000000000,00000000000,0,0,0,1,0,0,0,0,0,0,0,70,0,1,1,0,6,2,24,0,0,0,1,42,19506,6,1,0,0,3,0,66,999,0,0,0,0,0,0,0,0,0,0,0,0,0,0,3,2,55,1,1,1,1,0,0,1,90,1,1,1,0,1,0
42,420504,1,2,2,4,4,22,56,12,6,1,0,42,1,12,481,12481,31,2002,1FTNW21L72EA,1,F,T,N,W,2,1,L,7,2,E,A,0,T,FORD,F2S,CW,2,17,,2,1724,1562,SRW,G,,,8,330,,,,C,6234,04,E,44,0,0,000000000,00000000000,0,0,0,1,0,0,0,0,0,0,0,999,0,0,0,2,4,3,12,0,0,0,1,42,18056,6,1,0,0,3,0,66,999,0,0,0,0,0,0,0,0,0,0,42,48,0,0,1,2,40,1,5,2,1,0,0,11,15,1,1,1,68,0,1
42,420504,2,2,1,4,4,22,56,12,6,1,0,42,1,73,706,73706,80,2009,JKAVN2D119A0,J,K,A,V,N,2,D,1,1,9,A,0,0,M,KAWK,VD9,RS,9,17,,,,,,,903,,2,,4,657,,,,,,,0,0,000000000,00000000000,0,0,0,1,0,0,0,0,0,0,0,999,0,0,0,12,6,2,12,0,0,0,1,42,18011,6,1,0,0,3,3,71,999,0,0,0,0,0,0,0,0,0,0,0,0,0,0,1,2,40,1,6,2,1,0,0,1,62,3,2,1,69,1,0
42,420505,1,2,1,21,6,21,29,12,2,1,0,42,1,98,706,98706,80,2005,4MZWX14J4530,4,M,Z,W,X,1,4,J,4,5,3,0,0,U,,,,5,17,,,,,,,,,,,,,,,,,,,0,0,000000000,00000000000,0,0,0,1,0,0,0,0,0,0,0,999,0,0,0,12,6,2,12,0,0,0,1,42,15074,6,1,0,0,3,0,71,999,0,0,0,0,0,0,0,0,0,0,0,0,0,0,1,2,35,1,1,2,1,0,0,1,10,1,1,2,50,1,1
42,420505,2,2,1,21,6,21,29,12,2,1,0,42,1,12,481,12481,31,2005,1FTSW21P25EC,1,F,T,S,W,2,1,P,2,5,E,C,0,T,FORD,F2S,CW,5,17,,2,1724,1562,SRW,D,,,8,366,,,,C,6538,00,E,44,0,0,000000000,00000000000,0,0,0,1,0,0,0,0,0,0,0,999,0,0,0,12,6,2,12,0,0,0,1,42,15066,6,1,0,0,3,0,74,999,0,0,0,0,0,0,0,0,0,0,0,0,0,0,1,2,35,1,1,2,1,0,0,1,62,1,1,1,51,0,0
42,420506,1,1,1,9,6,1,26,35,0,1,0,42,1,72,706,72706,80,1999,1HD1GDV12XY3,1,H,D,1,G,D,V,1,2,X,Y,3,0,M,HD,FDL,RS,99,17,,,,,,,1450,,2,,4,614,,,,,,,0,0,000000000,00000000000,0,0,0,1,0,0,0,0,0,0,0,999,0,0,0,1,6,2,35,0,0,0,1,42,17345,6,1,0,0,3,3,70,999,0,0,0,0,0,0,0,0,0,1,0,0,0,0,1,2,35,3,5,2,1,0,0,14,13,99,1,4,1,1,1
42,420507,1,2,0,14,5,13,25,8,0,1,0,42,6,13,1,13001,4,2000,1LNHM82W5YY8,1,L,N,H,M,8,2,W,5,Y,Y,8,0,P,LINC,SIG,4D,0,17,4075,,0,1177,,G,,F,8,281,,,16R225,,,,,,0,0,000000000,00000000000,0,0,0,1,0,0,0,0,0,0,0,0,0,0,0,6,6,2,8,0,0,0,0,0,99997,7,6,97,7,6,7,998,997,998,998,998,998,998,98,9998,98,9998,8,0,0,0,0,3,3,55,1,5,2,1,0,0,0,53,0,0,0,98,0,0
42,420507,2,2,1,14,5,13,25,8,0,1,0,42,1,59,403,59403,14,2010,2T2BK1BA1AC0,2,T,2,B,K,1,B,A,1,A,C,0,0,P,LEXS,RX5,UT,10,17,4510,,0,1079,,G,,F,6,211,,,18R235,,,,,,0,0,000000000,00000000000,0,0,0,1,0,0,0,0,0,0,0,55,0,0,0,12,6,2,8,0,0,0,1,42,19002,6,1,0,0,3,1,65,999,0,0,0,0,0,0,0,0,0,0,0,0,0,0,3,3,55,1,5,2,1,0,0,1,80,3,2,1,13,0,0
42,420508,1,1,5,20,6,19,34,42,0,1,0,42,2,41,50,41050,5,2004,1YVFP84C445N,1,Y,V,F,P,8,4,C,4,4,5,N,0,P,MAZD,M6I,4H,4,17,3166,,0,1053,,G,,F,4,138,,,17R215,,,,,,0,0,000000000,00000000000,0,0,0,1,0,0,0,0,0,0,0,999,0,0,0,10,6,2,42,0,0,0,1,42,15071,6,2,0,0,3,3,62,999,0,0,0,0,0,0,0,0,0,1,0,0,0,0,1,2,30,3,6,2,1,0,0,14,13,1,1,4,1,1,0
42,420509,1,1,1,28,6,22,8,33,0,1,0,42,1,37,705,37705,80,1995,JH2PC2108SM6,J,H,2,P,C,2,1,0,8,S,M,6,0,M,HOND,VT6,RS,95,17,,,,,,,600,,2,,4,438,,,,,,,0,0,000000000,00000000000,0,0,0,1,0,0,0,0,0,0,0,999,0,0,0,14,6,2,30,0,0,0,1,42,17056,6,1,0,0,3,3,67,999,0,0,0,0,0,0,0,0,0,0,0,0,0,0,1,2,35,3,6,2,1,0,0,14,13,1,1,4,1,1,1
42,420510,1,2,1,14,6,23,17,12,1,1,0,42,1,30,42,30042,3,2006,WVWEV71KX6W1,W,V,W,E,V,7,1,K,X,6,W,1,0,P,VOLK,NTI,2H,6,17,3025,,0,1015,,G,,T,4,121,,,16R205,,,,,,0,0,000000000,00000000000,0,0,0,1,0,0,0,0,0,0,0,100,3,0,0,12,6,2,12,0,0,1,1,42,15330,3,1,0,0,2,0,71,999,0,0,0,0,0,0,0,0,0,1,0,0,0,0,2,2,55,1,1,1,1,0,0,1,51,1,1,1,24,1,1
42,420510,2,2,1,14,6,23,17,12,1,1,0,17,3,82,881,82881,66,2007,1FUJF0DE47LY,1,F,U,J,F,0,D,E,4,7,L,Y,1,T,FRHT,112,TR,7,17,,8,0,0,COL,D,,,6,763,,,,,00000,00,,64,1,57,00264473,5700264473,3,6,2,2,2,8888,3,1,0,0,0,55,0,0,0,6,6,2,12,0,0,0,1,42,15227,6,1,6,1,3,0,74,999,0,0,0,0,1,5,2012,5,2012,0,0,0,0,0,2,2,55,1,1,1,1,0,0,1,53,1,1,1,25,0,0
42,420511,1,2,2,11,6,4,30,12,8,1,0,42,2,20,9,20009,2,1994,2G1FP22S6R22,2,G,1,F,P,2,2,S,6,R,2,2,0,P,CHEV,CAM,CP,94,17,3247,,0,1011,,G,,F,6,207,,,16R215,,,,,,0,0,000000000,00000000000,0,0,0,1,0,0,0,0,0,0,0,65,0,0,0,1,6,2,42,0,0,0,1,42,16061,6,1,0,0,3,0,75,999,0,0,0,0,2,2,2011,10,2011,1,28,0,0,0,1,2,45,1,1,2,1,0,0,1,10,1,1,2,64,1,0
42,420511,2,2,1,11,6,4,30,12,8,1,0,42,3,82,881,82881,63,2012,1FVMC5DV6CHB,1,F,V,M,C,5,D,V,6,C,H,B,0,T,FRHT,11M,CC,12,17,,8,0,0,FM2,D,,,6,781,,,,,00000,00,,84,0,57,00344050,5700344050,3,2,4,1,0,0,0,0,0,0,0,41,0,0,0,1,6,2,12,0,0,0,1,42,16049,6,1,6,0,3,0,73,999,0,0,0,0,0,0,0,0,0,0,0,0,0,0,1,2,45,1,1,2,1,0,0,1,62,9,2,1,65,0,0
42,420512,1,2,1,23,6,17,2,12,2,1,0,42,1,72,706,72706,80,2008,1HD1JK5158Y0,1,H,D,1,J,K,5,1,5,8,Y,0,0,M,HD,FWC,RS,8,17,,,,,,,1584,,2,,4,720,,,,,,,0,0,000000000,00000000000,0,0,0,1,0,0,0,0,0,0,0,65,0,0,0,12,6,2,12,0,0,0,1,42,15332,6,1,0,0,3,0,70,999,0,0,0,0,0,0,0,0,0,1,28,0,0,0,1,2,35,2,1,2,1,0,0,14,10,1,1,2,50,1,1
42,420512,2,2,1,23,6,17,2,12,2,1,0,42,1,20,37,20037,4,2007,2G1WB58K9792,2,G,1,W,B,5,8,K,9,7,9,2,0,P,CHEV,IPL,4D,7,17,3674,,0,1105,,F,,F,6,214,,,16R225,,,,,,0,0,000000000,00000000000,0,0,0,1,0,0,0,0,0,0,0,35,0,0,0,12,6,2,12,0,0,0,1,42,15332,6,1,6,0,3,1,67,999,0,0,0,0,0,0,0,0,0,0,0,0,0,0,1,2,35,3,1,2,1,0,0,14,62,6,1,1,51,0,0
42,420513,1,1,1,16,6,23,30,1,0,1,0,42,1,37,32,37032,4,1998,1HGCG1651WA0,1,H,G,C,G,1,6,5,1,W,A,0,0,P,HOND,UEX,4D,98,17,3184,,0,1069,,G,,F,6,183,,,15R205,,,,,,0,0,000000000,00000000000,0,0,0,1,0,0,0,0,0,0,0,60,0,2,6,0,6,2,14,0,0,0,1,42,17751,6,1,0,0,3,0,72,999,1,0,0,0,1,3,2012,4,2012,1,0,0,0,0,1,2,45,3,6,2,1,0,0,14,11,6,4,4,7,1,1
42,420514,1,2,2,13,6,99,99,12,1,1,0,42,1,12,37,12037,6,2002,1FAFP36322W3,1,F,A,F,P,3,6,3,2,2,W,3,0,P,FORD,FZS,SW,2,17,2759,,0,1030,,G,,F,4,121,,,15R195,,,,,,0,0,000000000,00000000000,0,0,0,1,0,0,0,0,0,0,0,25,0,0,0,12,6,2,12,0,0,0,1,42,17362,6,1,0,0,3,0,68,999,1,0,0,0,1,3,2012,3,2012,1,6,0,0,0,1,2,25,1,1,2,1,50,3,1,50,6,1,1,20,1,0
42,420514,2,2,1,13,6,99,99,12,1,1,0,42,1,20,2,20002,4,1981,1G1AN69J3BJ1,1,G,1,A,N,6,9,J,3,B,J,1,0,P,CHEV,CCL,4D,81,17,3363,,0,1160,,G,,2,8,267,,,15R205,,,,,,0,0,000000000,00000000000,0,0,0,1,0,0,0,0,0,0,0,0,0,0,0,6,6,2,12,0,0,0,1,42,17362,6,1,0,0,3,0,61,999,0,0,0,0,0,0,0,0,0,0,0,0,0,0,1,2,25,1,1,2,1,50,3,5,53,1,1,1,21,0,0
42,420515,1,2,1,30,6,15,32,12,6,1,0,42,1,14,38,14038,3,2000,1ZWHT61L0Y56,1,Z,W,H,T,6,1,L,0,Y,5,6,0,P,MERC,CU6,2H,0,17,2881,,0,1064,,G,,F,6,155,,,15R205,,,,,,0,0,000000000,00000000000,0,0,0,1,0,0,0,0,0,0,0,50,0,0,0,3,6,2,12,0,0,0,1,42,17844,6,1,0,0,3,3,62,999,0,0,0,1,0,5,2010,5,2010,1,28,0,0,0,1,2,40,2,6,2,1,0,0,14,11,6,4,4,66,1,0
42,420515,2,2,3,30,6,15,32,12,6,1,0,25,1,34,35,34035,6,1993,WBAHJ6317PGD,W,B,A,H,J,6,3,1,7,P,G,D,0,P,BMW,5TI,SW,93,17,3760,,0,1087,,G,,F,6,152,,,15R225,,,,,,0,0,000000000,00000000000,0,0,0,1,0,0,0,0,0,0,0,40,0,0,0,11,6,2,12,0,0,0,1,53,98661,1,1,1,0,2,3,69,175,0,1,1,0,1,9,2011,3,2012,0,0,0,0,0,1,2,40,3,5,2,1,0,0,14,62,9,1,4,66,0,0
42,420516,1,2,1,18,6,12,22,12,2,1,0,42,1,20,23,20023,6,2010,3GNBAADBXAS5,3,G,N,B,A,A,D,B,X,A,S,5,0,P,CHEV,HHR,UT,10,17,3155,,0,1035,,F,,F,4,134,,,16R215,,,,,,0,0,000000000,00000000000,0,0,0,1,0,0,0,0,0,0,0,50,1,1,1,12,6,2,12,0,0,0,1,42,16340,6,1,0,0,3,0,63,999,0,0,0,0,0,0,0,0,0,0,28,0,0,0,1,2,55,2,1,2,1,0,0,14,10,1,1,2,50,1,0
42,420516,2,2,1,18,6,12,22,12,2,1,0,42,3,84,881,84881,63,1993,2HSFHDZR2PC0,2,H,S,F,H,D,Z,R,2,P,C,0,0,T,INTL,940,TR,93,17,,8,2340,1600,90S,D,,,6,774,,,,,00000,00,,64,0,57,00330436,5700330436,3,2,2,1,0,0,0,0,0,0,0,45,0,1,5,12,6,2,12,0,0,0,1,42,16365,6,1,6,0,3,0,72,999,0,0,0,0,0,0,0,0,0,0,0,0,0,0,1,2,55,3,1,2,1,0,0,2,62,9,2,4,51,0,0
42,420517,1,2,1,7,6,8,40,12,2,1,0,42,1,20,25,20025,4,2011,1G1PC5SH4B72,1,G,1,P,C,5,S,H,4,B,7,2,0,P,CHEV,CZL,4D,11,17,3102,,0,1057,,G,,F,4,110,,,16R215,,,,,,0,0,000000000,00000000000,0,0,0,1,0,0,0,0,0,0,0,999,0,0,0,12,6,2,12,0,0,0,1,42,15215,6,1,0,0,3,3,69,999,0,0,0,0,0,0,0,0,0,0,28,0,0,0,1,2,25,1,3,2,1,0,0,1,8,1,1,2,50,1,0
42,420517,2,2,1,7,6,8,40,12,2,1,0,42,1,24,7,24007,4,2004,1G8AL52F84Z1,1,G,8,A,L,5,2,F,8,4,Z,1,0,P,STRN,SI3,4D,4,17,2830,,0,1032,,G,,F,4,134,,,16R205,,,,,,0,0,000000000,00000000000,0,0,0,1,0,0,0,0,0,0,0,999,0,0,0,12,6,2,12,0,0,0,1,42,15215,6,1,0,0,3,0,60,999,0,0,0,0,0,0,0,0,0,0,0,0,0,0,1,2,25,1,3,2,1,0,0,1,62,1,1,1,51,0,0
42,420518,1,2,1,18,5,22,2,12,1,1,0,42,1,49,472,49472,30,2003,5TEWN72N43Z2,5,T,E,W,N,7,2,N,4,3,Z,2,0,T,TOYT,XTR,PC,3,17,,1,0,1219,TAC,G,,,6,206,,,,B,3502,00,U,44,0,0,000000000,00000000000,0,0,0,1,0,0,0,0,0,0,0,999,0,0,0,12,6,2,12,0,0,1,1,42,19320,6,1,0,0,3,0,69,999,0,0,0,0,0,0,0,0,0,0,36,0,0,0,3,3,65,1,1,2,1,0,0,1,51,1,1,1,24,0,1
42,420518,2,2,1,18,5,22,2,12,1,1,0,42,2,13,1,13001,4,1997,1LNLM82W1VY7,1,L,N,L,M,8,2,W,1,V,Y,7,0,P,LINC,SET,4D,97,17,3977,,0,1174,,G,,F,8,281,,,15R215,,,,,,0,0,000000000,00000000000,0,0,0,1,0,0,0,0,0,0,0,999,0,0,0,6,6,2,12,0,0,1,1,42,19141,6,1,0,0,3,0,66,999,0,0,0,0,0,0,0,0,0,0,99,99,99,99,3,3,65,1,1,2,1,0,0,1,53,99,1,1,25,1,0
42,420519,1,2,2,21,6,13,53,12,6,1,0,42,2,12,23,12023,4,2011,3FAHP0HA1BR1,3,F,A,H,P,0,H,A,1,B,R,1,0,P,FORD,F/E,4D,11,17,3285,,0,1074,,G,,F,4,152,,,17R225,,,,,,0,0,000000000,00000000000,0,0,0,1,0,0,0,0,0,0,0,10,0,0,0,3,2,1,12,0,0,0,1,42,17020,6,1,0,0,3,3,69,999,0,0,0,0,0,0,0,0,0,0,48,0,0,0,5,4,40,1,1,2,1,0,0,11,63,1,1,1,68,0,0
42,420519,2,2,1,21,6,13,53,12,6,1,0,42,1,98,706,98706,80,2006,4MZDX03D5637,4,M,Z,D,X,0,3,D,5,6,3,7,0,U,,,,6,17,,,,,,,,,,,,,,,,,,,0,0,000000000,00000000000,0,0,0,1,0,0,0,0,0,0,0,40,0,0,0,12,4,3,12,0,0,0,1,42,17011,6,1,0,0,3,3,73,999,0,0,0,0,0,0,0,0,0,0,35,0,0,0,5,4,40,1,5,2,1,0,0,6,62,1,1,1,69,1,0
42,420520,1,2,1,16,6,17,8,12,6,1,0,42,2,22,16,22016,2,1997,1G2JD12TXV75,1,G,2,J,D,1,2,T,X,V,7,5,0,P,PONT,SFG,CP,97,17,2723,,0,1041,,G,,F,4,146,,,16R205,,,,,,0,0,000000000,00000000000,0,0,0,1,0,0,0,0,0,0,0,16,0,0,0,9,6,2,12,0,0,0,1,42,17042,6,1,0,0,3,0,64,999,0,0,0,0,0,0,0,0,0,0,33,48,0,0,0,0,0,0,0,0,0,0,0,11,98,99,1,1,82,0,0
42,420520,2,2,1,16,6,17,8,12,6,1,0,42,1,73,705,73705,80,2004,JKBZXJB124A0,J,K,B,Z,X,J,B,1,2,4,A,0,0,M,KAWK,Z3B,RC,4,17,,,,,,,636,,4,,4,355,,,,,,,0,0,000000000,00000000000,0,0,0,1,0,0,0,0,0,0,0,68,0,0,0,12,6,2,12,0,0,0,1,42,17545,6,1,0,0,2,2,71,999,0,1,2,1,0,6,2009,2,2010,1,74,0,0,0,1,2,45,1,6,2,1,0,0,1,72,3,2,1,83,1,1
42,420521,1,2,1,25,6,5,40,12,6,1,0,42,1,20,4,20004,2,1999,1G1YY22G3X51,1,G,1,Y,Y,2,2,G,3,X,5,1,0,P,CHEV,CVT,CP,99,17,3221,,0,1045,,G,,F,8,350,,,17R245,,,,,,0,0,000000000,00000000000,0,0,0,1,0,0,0,0,0,0,0,30,0,0,0,10,6,2,12,0,0,0,1,42,15902,6,1,0,0,3,3,71,999,0,0,0,0,0,0,0,0,0,1,28,58,0,0,1,2,25,2,5,2,2,0,0,14,6,1,3,2,66,1,0
42,420521,2,2,1,25,6,5,40,12,6,1,0,42,1,87,881,87881,63,2006,1NP5LB0X06N8,1,N,P,5,L,B,0,X,0,6,N,8,0,T,PTRB,379,CC,6,17,,8,0,0,CON,D,,,6,893,,,,,00000,00,,64,0,57,01497809,5701497809,3,2,2,1,0,0,0,0,0,0,0,25,0,0,0,12,6,2,12,0,0,0,1,42,15501,6,1,6,0,3,0,66,999,0,0,0,0,1,7,2010,7,2010,0,0,0,0,0,1,2,25,1,6,2,2,0,0,1,62,3,2,1,66,0,0
42,420522,1,2,1,10,6,15,36,12,6,1,0,42,1,2,1,2001,6,2010,1J4NF4FB1AD5,1,J,4,N,F,4,F,B,1,A,D,5,0,T,JEEP,CSP,4W,10,17,,1,0,1037,CMP,G,,,4,146,,,,,3226,00,W,44,0,0,000000000,00000000000,0,0,0,1,0,0,0,0,0,0,0,999,0,0,0,11,6,2,12,0,0,0,1,42,18951,6,1,0,0,3,0,65,999,0,0,0,0,0,0,0,0,0,0,38,48,0,0,0,0,0,0,0,0,0,0,0,11,98,1,1,1,82,1,0
42,420522,2,2,1,10,6,15,36,12,6,1,0,42,1,42,42,42042,4,2008,WDDGF81X78F1,W,D,D,G,F,8,1,X,7,8,F,1,0,P,MERZ,C4A,4D,8,17,3736,,0,1087,,G,,F,6,183,,,17R225,,,,,,0,0,000000000,00000000000,0,0,0,1,0,0,0,0,0,0,0,999,0,0,0,12,6,2,12,0,0,0,1,42,18015,6,1,0,0,3,3,72,999,0,0,0,0,2,9,2011,11,2011,0,0,0,0,0,1,4,55,1,1,2,1,0,0,1,72,6,1,2,83,0,0
42,420523,1,2,1,23,6,1,19,12,6,1,0,42,1,34,35,34035,4,1998,WBADD6320WBW,W,B,A,D,D,6,3,2,0,W,B,W,0,P,BMW,52A,4D,98,17,3505,,0,1114,,G,,F,6,170,,,15R225,,,,,,0,0,000000000,00000000000,0,0,0,1,0,0,0,0,0,0,0,999,1,0,0,11,6,2,12,0,0,0,1,42,18102,1,7,0,0,2,0,70,999,0,1,0,0,1,4,2011,5,2011,1,58,51,6,0,2,2,45,2,1,2,1,0,0,14,12,1,1,4,64,1,1
42,420523,2,2,1,23,6,1,19,12,6,1,0,18,3,85,881,85881,66,1998,1XKADB9X3WJ7,1,X,K,A,D,B,9,X,3,W,J,7,1,T,KW,T60,TR,98,17,,8,2600,1600,CON,D,,,6,893,,,,,00000,00,,64,1,57,00545167,5700545167,3,6,1,1,0,0,0,0,0,0,0,40,0,1,2,11,6,2,1,0,0,0,1,34,7631,6,1,6,3,3,0,71,999,1,0,0,0,0,12,2009,12,2009,0,0,0,0,0,2,2,45,3,1,2,1,0,0,14,62,9,1,2,65,0,0
42,420524,1,1,1,28,6,16,28,42,0,1,0,42,1,2,404,2404,14,2001,1J4GW48S41C6,1,J,4,G,W,4,8,S,4,1,C,6,0,T,JEEP,LRO,4W,1,17,,1,0,1059,GCK,G,,,6,244,,,,,3864,01,E,44,0,0,000000000,00000000000,0,0,0,1,0,0,0,0,0,0,0,999,0,0,0,11,6,2,42,0,0,0,1,42,15010,6,1,0,0,3,0,70,999,0,0,0,0,0,0,0,0,0,1,99,99,99,99,1,2,35,1,6,2,1,0,0,1,12,99,1,4,6,1,0
42,420525,1,1,1,27,6,9,48,8,0,1,0,42,1,49,32,49032,4,2001,2T1BR12E01C5,2,T,1,B,R,1,2,E,0,1,C,5,0,P,TOYT,UCS,4D,1,17,2410,,0,970,,G,,F,4,109,,,14R175,,,,,,0,0,000000000,00000000000,0,0,0,1,0,0,0,0,0,0,0,20,0,0,0,2,2,1,8,0,0,0,1,42,15027,6,1,0,0,3,3,64,999,0,0,0,0,0,0,0,0,0,0,99,99,99,99,1,2,25,1,5,2,1,0,0,1,80,1,1,1,13,0,0
42,420526,1,2,1,15,6,0,45,12,2,1,0,42,2,30,46,30046,6,2003,WVWZK63B03E3,W,V,W,Z,K,6,3,B,0,3,E,3,0,P,VOLK,PW8,SW,3,17,3866,,0,1064,,G,,F,8,244,,,16R215,,,,,,0,0,000000000,00000000000,0,0,0,1,0,0,0,0,0,0,0,999,1,0,0,12,6,2,12,0,0,0,1,42,19401,6,1,0,0,3,0,67,999,0,0,0,0,0,0,0,0,0,0,51,0,0,0,3,2,55,2,6,2,1,0,0,14,54,1,1,1,52,1,1
42,420526,2,2,1,15,6,0,45,12,2,1,0,42,4,38,882,38882,61,2012,JALC4W161C70,J,A,L,C,4,W,1,6,1,C,7,0,0,T,ISU,NPR,TB,12,17,,4,0,0,NPR,D,,,4,317,,,,,00000,00,,42,0,88,888888888,88888888888,2,1,1,1,0,0,0,0,0,0,0,999,0,1,1,12,6,2,12,0,0,0,1,42,19401,6,1,0,0,3,3,70,999,0,0,0,0,0,0,0,0,0,0,0,0,0,0,3,2,55,3,5,2,1,0,0,14,54,7,1,1,52,0,1
42,420527,1,1,1,9,6,2,13,42,0,1,0,42,1,19,22,19022,4,2007,1G6KD57Y77U1,1,G,6,K,D,5,7,Y,7,7,U,1,0,P,CADI,TDS,4D,7,17,4009,,0,1156,,G,,F,8,281,,,17R235,,,,,,0,0,000000000,00000000000,0,0,0,1,0,0,0,0,0,0,0,999,0,0,0,9,6,2,42,0,0,0,1,42,18702,6,1,0,0,3,0,70,999,0,0,0,0,0,0,0,0,0,1,0,0,0,0,1,2,55,1,1,2,1,0,0,1,10,1,1,4,6,1,0
42,420528,1,1,2,9,6,0,1,42,0,1,0,26,2,24,2,24002,2,1998,1G8ZE1280WZ2,1,G,8,Z,E,1,2,8,0,W,Z,2,0,P,STRN,SC1,CP,98,17,0,,0,1024,,G,,F,4,116,,,14R175,,,,,,0,0,000000000,00000000000,0,0,0,1,0,0,0,0,0,0,0,70,0,1,6,3,6,2,1,0,0,0,1,24,21532,6,1,0,0,3,0,71,135,0,0,0,0,0,0,0,0,0,1,0,0,0,0,1,2,55,2,5,2,1,0,0,14,10,8,4,4,6,1,1
42,420529,1,1,1,9,6,16,15,33,0,1,0,42,1,37,706,37706,80,2001,1HFSC180X1A5,1,H,F,S,C,1,8,0,X,1,A,5,0,M,HOND,VT1,RS,1,17,,,,,,,1099,,2,,4,554,,,,,,,0,0,000000000,00000000000,0,0,0,1,0,0,0,0,0,0,0,20,0,0,0,12,6,2,24,0,0,0,1,42,18642,6,1,0,0,3,3,75,999,0,0,0,0,0,0,0,0,0,0,36,0,0,0,1,2,25,1,1,2,1,0,0,3,3,6,4,4,7,1,1
42,420530,1,1,1,16,6,13,0,34,0,1,0,42,1,37,709,37709,80,1985,1HFSC1417FA1,1,H,F,S,C,1,4,1,7,F,A,1,0,M,HOND,G12,RS,85,17,,,,,,,1200,,4,,4,701,,,,,,,0,0,000000000,00000000000,0,0,0,1,0,0,0,0,0,0,0,999,0,0,0,12,6,2,35,0,0,0,1,42,17815,6,1,0,0,3,0,67,999,0,0,0,0,0,0,0,0,0,0,0,0,0,0,1,2,55,3,1,2,1,0,0,14,13,1,1,4,1,1,0
42,420531,1,1,1,20,6,16,15,53,0,1,0,42,1,72,709,72709,80,2007,1HD1FB41X7Y6,1,H,D,1,F,B,4,1,X,7,Y,6,0,M,HD,FHR,RS,7,17,,,,,,,1584,,2,,4,737,,,,,,,0,0,000000000,00000000000,0,0,0,1,0,0,0,0,0,0,0,999,0,0,0,12,6,2,18,0,0,0,1,42,17339,1,1,0,0,2,3,72,999,0,3,0,0,0,6,2009,11,2010,1,0,0,0,0,1,2,40,3,1,2,1,0,0,14,13,99,1,4,1,1,1