STATE,ST_CASE,VEH_NO,VE_FORMS,NUMOCCS,DAY,MONTH,HOUR,MINUTE,HARM_EV,MAN_COLL,UNITTYPE,HIT_RUN,REG_STAT,OWNER,MAKE,MODEL,MAK_MOD,BODY_TYP,MOD_YEAR,VIN,VIN_1,VIN_2,VIN_3,VIN_4,VIN_5,VIN_6,VIN_7,VIN_8,VIN_9,VIN_10,VIN_11,VIN_12,TOW_VEH,VINTYPE,VINMAKE,VINA_MOD,VIN_BT,VINMODYR,VIN_LNGT,VIN_WGT,WGTCD_TR,WHLBS_LG,WHLBS_SH,SER_TR,FUELCODE,MCYCL_DS,CARBUR,CYLINDER,DISPLACE,MCYCL_CY,MCYCL_WT,TIRE_SZE,TON_RAT,TRK_WT,TRKWTVAR,VIN_REST,WHLDRWHL,J_KNIFE,MCARR_I1,MCARR_I2,MCARR_ID,GVWR,V_CONFIG,CARGO_BT,HAZ_INV,HAZ_PLAC,HAZ_ID,HAZ_CNO,HAZ_REL,BUS_USE,SPEC_USE,EMER_USE,TRAV_SP,UNDERIDE,ROLLOVER,ROLINLOC,IMPACT1,DEFORMED,TOWED,M_HARM,VEH_SC1,VEH_SC2,FIRE_EXP,DR_PRES,L_STATE,DR_ZIP,L_STATUS,L_TYPE,CDL_STAT,L_ENDORS,L_COMPL,L_RESTRI,DR_HGT,DR_WGT,PREV_ACC,PREV_SUS,PREV_DWI,PREV_SPD,PREV_OTH,FIRST_MO,FIRST_YR,LAST_MO,LAST_YR,SPEEDREL,DR_SF1,DR_SF2,DR_SF3,DR_SF4,VTRAFWAY,VNUM_LAN,VSPD_LIM,VALIGN,VPROFILE,VPAVETYP,VSURCOND,VTRAFCON,VTCONT_F,P_CRASH1,P_CRASH2,P_CRASH3,PCRASH4,PCRASH5,ACC_TYPE,DEATHS,DR_DRINK
42,420623,1,1,1,1,7,14,55,43,0,1,0,42,1,34,34,34034,4,1988,WBABB2307J88,W,B,A,B,B,2,3,0,7,J,8,8,0,P,BMW,25I,CV,88,17,3055,,0,1012,,G,,F,6,152,,,14R195,,,,,,0,0,000000000,00000000000,0,0,0,1,0,0,0,0,0,0,0,60,0,0,0,12,6,2,43,0,0,0,1,42,18411,6,1,0,0,3,0,72,999,0,0,0,0,0,0,0,0,0,1,0,0,0,0,1,2,45,3,1,2,1,0,0,14,11,1,1,4,1,1,1
42,420624,1,1,1,6,7,11,45,43,0,1,0,42,1,72,706,72706,80,1989,1HD4CEM13KY1,1,H,D,4,C,E,M,1,3,K,Y,1,0,M,HD,X8H,RS,89,17,,,,,,,883,,2,,4,463,,,,,,,0,0,000000000,00000000000,0,0,0,1,0,0,0,0,0,0,0,999,0,0,0,14,2,3,59,0,0,0,1,42,19007,6,1,0,0,3,0,65,999,0,0,0,0,0,0,0,0,0,0,0,0,0,0,3,2,50,1,1,1,1,0,0,1,11,99,1,4,1,1,0
42,420625,1,1,2,14,7,0,35,33,0,1,0,42,2,2,404,2404,14,1997,1J4GZ58S6VC6,1,J,4,G,Z,5,8,S,6,V,C,6,0,T,JEEP,LRT,4W,97,17,,1,0,1059,GCK,G,,,6,242,,,,,3700,02,E,44,0,0,000000000,00000000000,0,0,0,1,0,0,0,0,0,0,0,999,0,0,0,1,6,2,30,0,0,0,1,42,15301,0,0,0,0,0,0,72,999,0,0,0,0,0,0,0,0,0,1,58,0,0,0,1,2,35,2,6,2,1,0,0,14,10,7,4,4,2,1,1
42,420626,1,2,1,29,3,9,15,12,7,1,0,42,1,48,34,48034,4,1999,4S3BD6850X72,4,S,3,B,D,6,8,5,0,X,7,2,0,P,SUBA,US3,4D,99,17,3130,,0,1035,,G,,F,4,150,,,15R205,,,,,,0,0,000000000,00000000000,0,0,0,1,0,0,0,0,0,0,0,60,0,1,6,1,6,2,1,0,0,0,1,42,16669,6,1,0,0,3,0,63,999,0,0,0,0,0,0,0,0,0,1,35,33,0,0,1,2,45,1,1,2,1,0,0,6,11,1,1,2,44,1,0
42,420626,2,2,1,29,3,9,15,12,7,1,0,42,2,20,402,20402,14,1993,2CNBJ18U1P69,2,C,N,B,J,1,8,U,1,P,6,9,0,P,GEO,GEO,UT,93,17,2365,,0,866,,G,,F,4,097,,,15R205,,,,,,0,0,000000000,00000000000,0,0,0,1,0,0,0,0,0,0,0,45,0,0,0,9,4,1,12,0,0,0,1,42,16669,6,1,6,0,3,3,72,999,0,0,0,0,1,2,2011,2,2011,0,0,0,0,0,1,2,45,1,1,2,1,0,0,1,60,1,1,1,45,0,0
42,420627,1,1,1,1,7,0,20,35,0,1,0,42,1,72,706,72706,80,2001,1HD1BXB101Y0,1,H,D,1,B,X,B,1,0,1,Y,0,0,M,HD,ISF,RS,1,17,,,,,,,1450,,2,,4,666,,,,,,,0,0,000000000,00000000000,0,0,0,1,0,0,0,0,0,0,0,999,0,0,0,3,4,3,35,0,0,0,1,42,15650,6,1,0,0,3,0,70,999,0,0,0,0,0,0,0,0,0,1,33,35,0,0,1,2,45,3,4,2,1,0,0,6,11,9,1,4,1,1,1
42,420628,1,1,1,11,7,17,2,7,0,1,0,42,2,53,706,53706,80,2006,JS1GT76A1621,J,S,1,G,T,7,6,A,1,6,2,1,0,M,SUZI,XR1,RC,6,17,,,,,,,999,,4,,4,365,,,,,,,0,0,000000000,00000000000,0,0,0,1,0,0,0,0,0,0,0,999,0,0,0,0,6,2,7,0,0,0,1,42,17603,1,1,0,0,2,0,68,999,1,3,0,1,0,8,2009,4,2012,1,0,0,0,0,1,2,25,1,5,2,1,0,0,1,67,3,1,1,0,1,0
42,420629,1,1,1,13,7,2,45,24,0,1,0,42,1,76,706,76706,80,1999,JYAVP11E8XA0,J,Y,A,V,P,1,1,E,8,X,A,0,0,M,YAMA,XVS,RS,99,17,,,,,,,1063,,2,,4,999,,,,,,,0,0,000000000,00000000000,0,0,0,1,0,0,0,0,0,0,0,80,0,0,0,3,6,2,24,0,0,0,1,42,15905,6,1,0,0,2,0,68,999,0,0,0,0,0,0,0,0,0,1,6,27,0,0,2,3,55,1,5,2,1,0,0,15,11,99,2,4,2,1,1
42,420630,1,1,1,22,7,3,13,35,0,1,0,42,2,12,471,12471,30,2000,1FTZR15V3YTA,1,F,T,Z,R,1,5,V,3,Y,T,A,0,T,FORD,RNS,PC,0,17,,1,0,1259,RNG,F,,,6,182,,,,B,3599,01,U,44,0,0,000000000,00000000000,0,0,0,1,0,0,0,0,0,0,0,55,0,1,2,1,6,2,1,0,0,0,1,42,16933,6,1,0,0,3,0,65,999,0,0,0,0,1,5,2011,5,2011,1,99,99,99,99,1,2,40,1,1,2,1,0,0,1,13,1,1,4,1,1,0
42,420631,1,1,1,30,7,11,25,42,0,1,0,42,1,55,401,55401,14,2005,KM8SC73E65U8,K,M,8,S,C,7,3,E,6,5,U,8,0,P,HYUN,SAN,UT,5,17,3752,,0,1031,,G,,F,6,213,,,16R225,,,,,,0,0,000000000,00000000000,0,0,0,1,0,0,0,0,0,0,0,999,0,0,0,14,6,2,42,0,0,0,1,42,15137,6,1,0,0,3,0,65,999,0,0,0,0,0,0,0,0,0,0,39,0,0,0,1,2,30,1,6,2,1,0,0,1,14,1,1,4,14,1,0
42,420632,1,1,1,31,7,23,44,33,0,1,0,42,1,72,706,72706,80,2003,1HD1FRW403Y7,1,H,D,1,F,R,W,4,0,3,Y,7,0,M,HD,FCA,RS,3,17,,,,,,,1450,,2,,4,710,,,,,,,0,0,000000000,00000000000,0,0,0,1,0,0,0,0,0,0,0,999,0,0,0,99,6,2,33,0,0,0,1,42,16066,6,1,0,0,3,0,73,999,0,0,0,0,0,0,0,0,0,1,0,0,0,0,1,2,25,4,6,2,1,0,0,14,10,3,1,4,6,1,1
42,420633,1,1,1,31,7,0,57,18,0,1,0,42,1,72,706,72706,80,2006,1HD1JAB186Y0,1,H,D,1,J,A,B,1,8,6,Y,0,0,M,HD,TBI,RS,6,17,,,,,,,1450,,2,,4,651,,,,,,,0,0,000000000,00000000000,0,0,0,1,0,0,0,0,0,0,0,999,0,0,0,12,4,3,39,0,0,0,1,42,16701,6,1,0,0,3,0,67,999,0,0,0,0,0,0,0,0,0,1,0,0,0,0,1,2,35,2,6,2,1,0,0,14,10,3,3,4,6,1,1
42,420634,1,1,1,14,7,3,15,18,0,1,0,42,2,37,31,37031,4,1995,1HGEG8558SL0,1,H,G,E,G,8,5,5,8,S,L,0,0,P,HOND,CLX,4D,95,17,2313,,0,1032,,G,,F,4,091,,,14R175,,,,,,0,0,000000000,00000000000,0,0,0,1,0,0,0,0,0,0,0,55,0,1,6,14,6,2,1,0,0,0,1,42,16428,1,1,0,0,2,2,69,999,0,0,0,0,0,0,0,0,0,1,79,39,48,6,1,2,55,1,9,2,1,20,3,10,6,9,3,4,2,1,1
42,420635,1,1,1,29,7,21,34,24,0,1,0,92,0,37,734,37734,90,2000,478TE2309Y40,4,7,8,T,E,2,3,0,9,Y,4,0,0,M,HOND,TRE,AT,0,17,,,,,,,397,,1,,4,375,,,,,,,0,0,000000000,00000000000,0,0,0,1,0,0,0,0,0,0,0,999,0,0,0,9,6,2,24,0,0,0,1,42,18651,1,1,0,0,1,0,71,999,0,1,2,0,0,1,2012,4,2012,1,18,0,0,0,1,2,35,2,6,2,1,0,0,14,10,7,1,4,6,1,1
42,420636,1,2,1,22,7,14,57,12,1,1,0,42,1,76,706,76706,80,1983,JYA31M002DA0,J,Y,A,3,1,M,0,0,2,D,A,0,0,M,YAMA,X1D,RS,83,17,,,,,,,1198,,4,,4,701,,,,,,,0,0,000000000,00000000000,0,0,0,1,0,0,0,0,0,0,0,10,0,0,0,6,6,2,12,0,0,0,1,42,17340,6,1,0,0,2,3,71,999,0,0,0,0,0,0,0,0,0,0,38,0,0,0,1,2,35,1,9,2,1,20,3,10,16,1,1,1,78,1,1
42,420636,2,2,3,22,7,14,57,12,1,1,0,42,1,49,32,49032,4,2005,2T1BR32E05C4,2,T,1,B,R,3,2,E,0,5,C,4,0,P,TOYT,UCS,4D,5,17,2530,,0,1024,,G,,F,4,109,,,15R185,,,,,,0,0,000000000,00000000000,0,0,0,1,0,0,0,0,0,0,0,50,0,0,0,12,6,2,12,0,0,0,1,42,17316,6,1,0,0,3,0,60,999,0,0,0,0,0,0,0,0,0,0,0,0,0,0,5,2,55,1,1,2,1,0,0,1,65,1,1,1,79,0,0
42,420638,1,1,1,5,7,14,40,58,0,1,0,42,1,53,706,53706,80,1982,JS1GU71L2C21,J,S,1,G,U,7,1,L,2,C,2,1,0,M,SUZI,S1L,RS,82,17,,,,,,,1074,,4,,4,0000,,,,,,,0,0,000000000,00000000000,0,0,0,1,0,0,0,0,0,0,0,45,0,0,0,14,2,3,58,0,0,0,1,42,16401,6,7,0,0,3,1,72,999,0,0,0,0,0,0,0,0,0,0,99,99,99,99,1,2,45,3,1,2,1,40,3,14,13,1,1,4,1,1,0
42,420639,1,1,1,11,7,6,0,42,0,1,0,42,2,20,441,20441,20,2000,1GNEL19W6YB1,1,G,N,E,L,1,9,W,6,Y,B,1,0,T,CHEV,AST,ES,0,17,,2,0,1112,AST,G,,,6,262,,,,B,4433,00,,44,0,0,000000000,00000000000,0,0,0,1,0,0,0,0,0,0,0,30,0,0,0,12,6,2,42,0,0,0,1,42,18848,6,1,0,0,3,3,67,999,0,0,0,0,0,0,0,0,0,1,83,0,0,0,1,2,40,1,1,2,1,0,0,1,87,8,1,4,8,1,0
42,420640,1,1,1,18,7,19,0,18,0,1,0,42,1,53,706,53706,80,2006,JS1VS55AX621,J,S,1,V,S,5,5,A,X,6,2,1,0,M,SUZI,C50,RS,6,17,,,,,,,805,,2,,4,542,,,,,,,0,0,000000000,00000000000,0,0,0,1,0,0,0,0,0,0,0,35,0,0,0,12,6,2,58,0,0,0,1,42,18328,6,7,6,0,3,0,69,999,0,0,0,0,1,10,2011,10,2011,1,0,0,0,0,1,2,35,2,5,2,1,0,0,14,12,1,1,4,6,1,0
42,420641,1,1,3,22,7,23,40,8,0,1,0,42,2,20,20,20020,4,1995,2G1WL52M4S11,2,G,1,W,L,5,2,M,4,S,1,1,0,P,CHEV,LUM,4D,95,17,3330,,0,1075,,G,,F,6,191,,,15R205,,,,,,0,0,000000000,00000000000,0,0,0,1,0,0,0,0,0,0,0,999,0,0,0,12,4,3,8,0,0,0,1,42,19013,1,1,0,0,2,0,69,999,0,6,0,0,3,8,2009,10,2010,0,0,0,0,0,1,2,35,1,1,2,1,0,0,1,80,1,1,1,13,0,0
42,420642,1,3,1,8,6,12,45,12,11,1,0,42,1,72,706,72706,80,2011,1HD1GY410BC3,1,H,D,1,G,Y,4,1,0,B,C,3,0,M,HD,FTB,RS,11,17,,,,,,,1584,,2,,4,670,,,,,,,0,0,000000000,00000000000,0,0,0,1,0,0,0,0,0,0,0,40,0,0,0,2,6,2,12,0,0,0,1,42,17901,6,1,0,0,2,3,74,999,0,0,0,0,0,0,0,0,0,0,52,35,0,0,1,4,45,2,1,2,1,0,0,6,50,3,2,1,48,1,0
42,420642,2,3,1,8,6,12,45,12,11,1,0,42,1,87,881,87881,66,1998,1XP5DR9X4WN4,1,X,P,5,D,R,9,X,4,W,N,4,1,T,PTRB,379,TR,98,17,,8,0,0,CON,D,,,6,774,,,,,00000,00,,64,1,57,01641351,5701641351,3,6,1,1,0,0,0,0,0,0,0,35,0,0,0,8,2,1,54,0,0,0,1,42,18424,6,1,6,0,3,1,74,999,0,0,0,0,0,0,0,0,0,0,0,0,0,0,1,4,45,2,1,2,1,0,0,2,60,1,1,1,98,0,0
42,420642,3,3,1,8,6,12,45,12,11,1,0,18,3,98,806,98806,63,2008,5PVNV8JVX82S,5,P,V,N,V,8,J,V,X,8,2,S,0,T,HINO,338,CC,8,17,,7,0,0,HIN,D,,,6,469,,,,,00000,00,,42,0,57,01402515,5701402515,3,1,1,1,0,0,0,0,0,0,0,0,0,0,0,6,2,1,12,0,0,0,1,42,17985,6,1,6,0,3,0,71,999,0,0,0,0,0,0,0,0,0,0,0,0,0,0,1,4,45,2,1,2,1,0,0,5,53,1,1,1,48,0,0
42,420643,1,1,1,14,7,12,6,8,0,1,0,34,2,20,473,20473,30,2007,1GCDT13E0781,1,G,C,D,T,1,3,E,0,7,8,1,0,T,CHEV,RDO,CW,7,17,,1,0,1260,CAL,G,,,5,226,,,,,3962,01,,44,0,0,000000000,00000000000,0,0,0,1,0,0,0,0,0,0,0,45,0,0,0,12,4,3,8,0,0,0,1,34,7801,6,1,0,0,3,0,74,999,1,3,0,0,2,11,2009,7,2012,0,0,0,0,0,1,2,45,1,1,2,1,0,0,1,80,3,2,4,13,0,0
42,420644,1,1,2,11,7,2,52,42,0,1,0,42,1,14,4,14004,2,1991,1MEPM60T8MH6,1,M,E,P,M,6,0,T,8,M,H,6,0,P,MERC,CLS,2D,91,17,3587,,0,1130,,G,,F,8,302,,,15R205,,,,,,0,0,000000000,00000000000,0,0,0,1,0,0,0,0,0,0,0,70,0,0,0,4,6,2,42,0,0,1,1,42,15827,6,1,0,0,3,0,61,999,0,0,0,0,0,0,0,0,0,1,0,0,0,0,1,2,40,2,1,2,1,0,0,14,13,1,1,4,1,1,1
42,420645,1,2,1,5,7,14,46,12,6,1,0,42,1,20,473,20473,30,2004,1GCDS1969481,1,G,C,D,S,1,9,6,9,4,8,1,0,T,CHEV,RDO,4C,4,17,,1,0,1259,CAL,G,,,5,214,,,,,4858,00,,42,0,0,000000000,00000000000,0,0,0,1,0,0,0,0,0,0,0,999,0,1,1,12,6,2,12,0,0,0,1,42,19363,6,1,0,0,3,3,71,999,0,0,0,0,0,0,0,0,0,1,0,0,0,0,1,2,35,1,1,2,1,0,0,1,17,99,9,9,88,0,0
42,420645,2,2,1,5,7,14,46,12,6,1,0,42,2,35,43,35043,4,2008,3N1AB61E28L6,3,N,1,A,B,6,1,E,2,8,L,6,0,P,NISS,SL2,4D,8,17,2804,,0,1057,,G,,F,4,122,,,15R205,,,,,,0,0,000000000,00000000000,0,0,0,1,0,0,0,0,0,0,0,999,0,0,0,9,6,2,12,0,0,0,1,42,19363,6,1,0,0,3,0,65,999,0,0,0,0,0,0,0,0,0,0,0,0,0,0,1,2,25,1,1,2,1,20,3,2,66,99,9,9,89,1,0
42,420646,1,1,2,11,7,23,12,1,0,1,0,42,2,20,401,20401,14,1999,1GNCT18W4XK2,1,G,N,C,T,1,8,W,4,X,K,2,0,P,CHEV,BZR,UT,99,17,3814,,0,1005,,G,,F,6,262,,,15R205,,,,,,0,0,000000000,00000000000,0,0,0,1,0,0,0,0,0,0,0,999,0,1,1,0,6,2,1,0,0,1,1,42,16001,6,2,0,0,3,0,74,999,0,0,0,0,0,0,0,0,0,1,58,0,0,0,1,2,35,3,6,2,1,0,0,14,11,6,4,6,98,1,1
42,420647,1,2,1,31,7,20,48,12,6,1,0,42,2,30,40,30040,4,2008,3VWRA71K48M1,3,V,W,R,A,7,1,K,4,8,M,1,0,P,VOLK,JWE,4D,8,17,3219,,0,1015,,G,,T,4,121,,,17R225,,,,,,0,0,000000000,00000000000,0,0,0,1,0,0,0,0,0,0,0,5,0,0,0,11,6,2,12,0,0,0,1,42,17972,6,2,0,0,3,0,64,999,0,0,0,0,1,6,2012,6,2012,0,48,6,38,0,0,0,0,0,0,0,0,0,0,11,98,2,1,1,82,0,0
42,420647,2,2,1,31,7,20,48,12,6,1,0,42,1,72,706,72706,80,1993,1HD1BJL40PY0,1,H,D,1,B,J,L,4,0,P,Y,0,0,M,HD,STC,RS,93,17,,,,,,,1340,,2,,4,710,,,,,,,0,0,000000000,00000000000,0,0,0,1,0,0,0,0,0,0,0,40,0,0,0,2,6,2,12,0,0,0,1,42,17961,6,1,0,0,3,0,74,999,0,0,0,0,0,0,0,0,0,0,0,0,0,0,1,2,40,1,1,2,1,0,0,1,72,3,4,2,83,1,0
42,420648,1,1,1,3,7,0,43,1,0,1,0,42,1,72,706,72706,80,2003,1HD1CGP403K4,1,H,D,1,C,G,P,4,0,3,K,4,0,M,HD,20A,RS,3,17,,,,,,,1200,,2,,4,491,,,,,,,0,0,000000000,00000000000,0,0,0,1,0,0,0,0,0,0,0,999,0,0,0,0,6,2,19,0,0,0,1,42,16679,0,0,0,0,0,0,74,999,0,0,0,0,0,0,0,0,0,1,0,0,0,0,1,2,35,2,1,2,1,0,0,14,12,1,1,4,6,1,1
42,420649,1,1,1,6,7,6,35,1,0,1,0,42,1,72,706,72706,80,2005,1HD1FRW145Y6,1,H,D,1,F,R,W,1,4,5,Y,6,0,M,HD,FCI,RS,5,17,,,,,,,1450,,2,,4,710,,,,,,,0,0,000000000,00000000000,0,0,0,1,0,0,0,0,0,0,0,999,0,0,0,0,4,3,1,0,0,0,1,42,19464,6,1,0,0,3,0,72,999,0,0,0,0,0,0,0,0,0,0,0,0,0,0,1,2,40,1,1,2,1,0,0,1,13,3,1,4,1,1,0
42,420650,1,2,1,7,7,13,2,12,2,1,0,42,1,55,36,55036,4,2002,KMHCG45CX2U3,K,M,H,C,G,4,5,C,X,2,U,3,0,P,HYUN,AGL,4D,2,17,2350,,0,961,,G,,F,4,098,,,13R175,,,,,,0,0,000000000,00000000000,0,0,0,1,0,0,0,0,0,0,0,999,0,0,0,12,6,2,12,0,0,0,1,42,15218,6,1,0,0,3,0,69,999,0,0,0,0,0,0,0,0,0,0,0,0,0,0,1,4,35,1,6,9,1,0,0,1,10,99,1,2,50,1,0
42,420650,2,2,1,7,7,13,2,12,2,1,0,42,1,12,23,12023,4,2012,3FAHP0HA4CR2,3,F,A,H,P,0,H,A,4,C,R,2,0,P,FORD,F/E,4D,12,17,3285,,0,1074,,G,,F,4,152,,,17R225,,,,,,0,0,000000000,00000000000,0,0,0,1,0,0,0,0,0,0,0,999,0,0,0,12,6,2,12,0,0,0,1,42,15215,6,1,0,0,3,3,72,999,0,0,0,0,0,0,0,0,0,0,0,0,0,0,1,4,35,1,5,9,1,0,0,1,62,99,1,1,51,0,0
42,420651,1,1,1,23,7,15,32,8,0,1,0,42,1,84,881,84881,62,2006,1HTMPAFMX6H2,1,H,T,M,P,A,F,M,X,6,H,2,0,T,INTL,420,CC,6,17,,6,0,0,40S,D,,,8,365,,,,,00000,00,,42,0,99,999999999,99999999999,2,1,1,1,0,0,0,0,0,0,0,999,0,0,0,12,2,3,8,0,0,0,1,42,18062,6,1,6,0,3,0,72,999,0,0,0,0,0,0,0,0,0,0,0,0,0,0,1,2,25,2,1,2,1,1,3,11,80,99,1,1,13,0,0
42,420652,1,1,1,25,7,5,10,15,0,1,1,42,2,20,23,20023,6,2010,3GNBABDBXAS5,3,G,N,B,A,B,D,B,X,A,S,5,0,P,CHEV,HHR,UT,10,17,3208,,0,1035,,F,,F,4,134,,,16R215,,,,,,0,0,000000000,00000000000,0,0,0,1,0,0,0,0,0,0,0,999,0,0,0,12,4,4,15,0,0,0,1,42,15239,6,1,0,0,3,0,69,999,2,5,0,0,0,10,2009,4,2012,0,26,0,0,0,1,2,35,1,1,2,1,0,0,1,51,1,1,1,13,0,0
42,420653,1,7,1,18,7,13,50,12,1,1,0,13,3,82,881,82881,66,2002,1FUJA6BD72LJ,1,F,U,J,A,6,B,D,7,2,L,J,1,T,FRHT,COL,TR,2,17,,8,0,0,CON,D,,,6,855,,,,,00000,00,,64,1,57,02098364,5702098364,3,6,1,1,0,0,0,0,0,0,0,62,0,0,0,12,6,2,12,0,0,0,1,37,27403,6,1,6,0,3,3,66,999,1,0,0,0,1,1,2012,2,2012,1,27,0,0,0,3,2,65,2,6,2,1,40,3,15,52,2,1,1,28,0,0
42,420653,2,7,1,18,7,13,50,12,1,1,0,3,1,30,40,30040,4,2002,3VWSE69M22M1,3,V,W,S,E,6,9,M,2,2,M,1,0,P,VOLK,JGS,4D,2,17,2899,,0,989,,G,,T,4,109,,,15R195,,,,,,0,0,000000000,00000000000,0,0,0,1,0,0,0,0,0,0,0,999,0,0,0,6,6,2,12,0,0,0,1,4,13601,6,1,0,0,3,0,83,180,0,0,0,0,0,0,0,0,0,0,0,0,0,0,3,2,65,2,6,2,1,40,3,2,53,7,1,2,29,0,0
42,420653,3,7,1,18,7,13,50,12,1,1,0,42,1,7,482,7482,31,2007,3D7KS26C47G7,3,D,7,K,S,2,6,C,4,7,G,7,0,T,DODG,S25,PK,7,17,,2,0,1405,RPC,D,,,6,359,,,,C,5995,05,E,44,0,0,000000000,00000000000,0,0,0,1,0,0,0,0,0,0,0,0,0,0,0,63,6,2,12,0,0,0,1,42,18826,6,1,6,0,3,0,70,999,0,0,0,0,0,0,0,0,0,0,0,0,0,0,3,2,65,2,6,2,1,40,3,5,60,1,1,1,98,0,0
42,420653,4,7,1,18,7,13,50,12,1,1,0,24,1,59,36,59036,1,2008,JTHFN45Y5890,J,T,H,F,N,4,5,Y,5,8,9,0,0,P,LEXS,S43,CV,8,17,3840,,0,1031,,G,,F,8,261,,,18R245,,,,,,0,0,000000000,00000000000,0,0,0,1,0,0,0,0,0,0,0,0,0,0,0,6,6,2,12,0,0,0,1,24,21093,6,1,0,0,3,0,72,200,0,0,0,1,0,5,2011,5,2011,0,0,0,0,0,3,2,65,2,6,2,1,40,3,5,53,1,1,1,98,1,0
42,420653,5,7,1,18,7,13,50,12,1,1,0,48,1,49,442,49442,20,2004,5TDBA22C14S0,5,T,D,B,A,2,2,C,1,4,S,0,0,P,TOYT,SIE,SV,4,17,4365,,0,1193,,G,,F,6,201,,,17R225,,,,,,0,0,000000000,00000000000,0,0,0,1,0,0,0,0,0,0,0,0,0,0,0,6,6,2,12,0,0,0,1,48,76126,9,9,99,9,9,9,999,999,99,99,99,99,99,99,9999,99,9999,0,0,0,0,0,3,2,65,2,6,2,1,40,3,5,53,1,1,1,98,0,0
42,420653,6,7,1,18,7,13,50,12,1,1,0,36,1,82,881,82881,66,2002,1FUJBBBG82PG,1,F,U,J,B,B,B,G,8,2,P,G,1,T,FRHT,ST2,TR,2,17,,8,0,0,CON,D,,,6,915,,,,,00000,00,,64,1,57,01578804,5701578804,3,6,1,1,0,0,0,0,0,0,0,0,0,0,0,6,4,1,12,0,0,0,1,36,12010,6,1,6,0,3,3,72,999,0,0,0,1,0,11,2009,11,2009,0,0,0,0,0,3,2,65,2,6,2,1,40,3,5,53,1,1,1,98,0,0
42,420653,7,7,1,18,7,13,50,12,1,1,0,36,1,51,43,51043,6,2004,YV1SZ59H0411,Y,V,1,S,Z,5,9,H,0,4,1,1,0,P,VOLV,XC0,SW,4,17,3833,,0,1088,,G,,T,5,153,,,16R215,,,,,,0,0,000000000,00000000000,0,0,0,1,0,0,0,0,0,0,0,10,0,0,0,7,6,2,12,0,0,0,1,36,11747,6,1,0,0,3,3,71,999,0,0,0,0,0,0,0,0,0,0,0,0,0,0,3,2,65,2,6,2,1,40,3,2,53,1,1,1,98,0,0
42,420654,1,1,1,9,7,12,20,30,0,1,0,42,1,21,21,21021,4,1995,1G3NL55D5SM3,1,G,3,N,L,5,5,D,5,S,M,3,0,P,OLDS,ACS,4D,95,17,2779,,0,1034,,G,,F,4,140,,,14R195,,,,,,0,0,000000000,00000000000,0,0,0,1,0,0,0,0,0,0,0,80,0,0,0,9,6,2,30,0,0,0,1,42,17048,6,1,0,0,3,1,64,999,1,4,0,0,1,12,2009,4,2011,1,0,0,0,0,1,2,40,3,6,2,1,0,0,14,11,8,3,4,2,1,0
42,420655,1,2,4,21,7,14,44,12,1,1,0,42,1,20,37,20037,4,1997,2G1WL52M4V93,2,G,1,W,L,5,2,M,4,V,9,3,0,P,CHEV,L/S,4D,97,17,3360,,0,1075,,G,,F,6,191,,,15R205,,,,,,0,0,000000000,00000000000,0,0,0,1,0,0,0,0,0,0,0,999,2,0,0,12,6,2,12,0,0,0,1,42,18517,1,1,0,0,2,2,69,999,0,1,2,0,0,7,2010,1,2011,1,26,74,0,0,1,2,35,1,6,2,1,0,0,1,51,3,2,2,24,0,1
42,420655,2,2,2,21,7,14,44,12,1,1,0,42,1,12,37,12037,4,2005,1FAFP34N15W3,1,F,A,F,P,3,4,N,1,5,W,3,0,P,FORD,ZX4,4D,5,17,2677,,0,1030,,G,,F,4,122,,,15R195,,,,,,0,0,000000000,00000000000,0,0,0,1,0,0,0,0,0,0,0,999,0,0,0,6,6,2,30,0,0,0,1,42,18517,6,1,0,0,3,0,59,999,0,0,0,0,0,0,0,0,0,0,0,0,0,0,1,2,35,1,6,2,1,0,0,1,53,1,1,1,25,2,0
42,420656,1,2,1,14,7,17,10,25,0,1,0,42,2,53,706,53706,80,2002,JS1GW71A3221,J,S,1,G,W,7,1,A,3,2,2,1,0,M,SUZI,GXR,RC,2,17,,,,,,,1299,,4,,4,478,,,,,,,0,0,000000000,00000000000,0,0,0,1,0,0,0,0,0,0,0,75,0,0,0,12,4,3,54,0,0,0,1,42,19601,6,1,0,0,2,0,71,999,0,1,0,0,0,7,2009,7,2009,1,0,0,0,0,3,2,55,2,1,2,1,0,0,14,12,1,1,4,6,1,0
42,420656,2,2,1,14,7,17,10,25,0,1,0,42,2,53,706,53706,80,2001,JS1GW71A0121,J,S,1,G,W,7,1,A,0,1,2,1,0,M,SUZI,GXR,RC,1,17,,,,,,,1299,,4,,4,474,,,,,,,0,0,000000000,00000000000,0,0,0,1,0,0,0,0,0,0,0,70,0,0,0,12,6,2,54,0,0,0,1,42,19601,6,1,0,0,3,0,63,999,0,0,0,1,3,8,2010,6,2012,1,0,0,0,0,3,2,55,2,1,2,1,0,0,14,60,1,1,1,98,0,0
42,420657,1,1,3,6,7,20,7,8,0,1,0,42,2,3,431,3431,16,2005,5GRGN23UX5H1,5,G,R,G,N,2,3,U,X,5,H,1,0,T,HUMM,HH2,4W,5,17,,2,0,1228,HUM,G,,,8,364,,,,C,6400,00,U,44,0,0,000000000,00000000000,0,0,0,1,0,0,0,0,0,0,0,50,0,0,0,12,2,3,8,0,0,0,1,42,17501,6,1,0,0,3,0,71,999,1,1,0,2,0,9,2009,3,2011,0,0,0,0,0,1,5,45,2,3,2,1,0,0,14,13,1,1,4,1,0,0