STATE,ST_CASE,VEH_NO,VE_FORMS,NUMOCCS,DAY,MONTH,HOUR,MINUTE,HARM_EV,MAN_COLL,UNITTYPE,HIT_RUN,REG_STAT,OWNER,MAKE,MODEL,MAK_MOD,BODY_TYP,MOD_YEAR,VIN,VIN_1,VIN_2,VIN_3,VIN_4,VIN_5,VIN_6,VIN_7,VIN_8,VIN_9,VIN_10,VIN_11,VIN_12,TOW_VEH,VINTYPE,VINMAKE,VINA_MOD,VIN_BT,VINMODYR,VIN_LNGT,VIN_WGT,WGTCD_TR,WHLBS_LG,WHLBS_SH,SER_TR,FUELCODE,MCYCL_DS,CARBUR,CYLINDER,DISPLACE,MCYCL_CY,MCYCL_WT,TIRE_SZE,TON_RAT,TRK_WT,TRKWTVAR,VIN_REST,WHLDRWHL,J_KNIFE,MCARR_I1,MCARR_I2,MCARR_ID,GVWR,V_CONFIG,CARGO_BT,HAZ_INV,HAZ_PLAC,HAZ_ID,HAZ_CNO,HAZ_REL,BUS_USE,SPEC_USE,EMER_USE,TRAV_SP,UNDERIDE,ROLLOVER,ROLINLOC,IMPACT1,DEFORMED,TOWED,M_HARM,VEH_SC1,VEH_SC2,FIRE_EXP,DR_PRES,L_STATE,DR_ZIP,L_STATUS,L_TYPE,CDL_STAT,L_ENDORS,L_COMPL,L_RESTRI,DR_HGT,DR_WGT,PREV_ACC,PREV_SUS,PREV_DWI,PREV_SPD,PREV_OTH,FIRST_MO,FIRST_YR,LAST_MO,LAST_YR,SPEEDREL,DR_SF1,DR_SF2,DR_SF3,DR_SF4,VTRAFWAY,VNUM_LAN,VSPD_LIM,VALIGN,VPROFILE,VPAVETYP,VSURCOND,VTRAFCON,VTCONT_F,P_CRASH1,P_CRASH2,P_CRASH3,PCRASH4,PCRASH5,ACC_TYPE,DEATHS,DR_DRINK
42,420658,1,1,1,6,7,20,55,8,0,1,0,42,1,69,54,69054,6,2012,WMWZB3C54CWM,W,M,W,Z,B,3,C,5,4,C,W,M,0,P,MNNI,CTY,SW,12,17,2954,,0,1022,,G,,F,4,098,,,17R205,,,,,,0,0,000000000,00000000000,0,0,0,1,0,0,0,0,0,0,0,999,0,0,0,11,4,3,8,0,0,0,1,42,19611,6,1,0,0,3,1,64,999,0,0,0,0,0,0,0,0,0,0,0,0,0,0,1,2,35,1,5,2,1,2,2,1,80,1,1,1,13,0,0
42,420659,1,1,1,8,7,23,9,8,0,1,0,42,1,7,442,7442,20,1999,2B4FP25B1XR3,2,B,4,F,P,2,5,B,1,X,R,3,0,P,DODG,CAR,SV,99,17,3415,,0,1133,,G,,F,4,148,,,14R205,,,,,,0,0,000000000,00000000000,0,0,0,1,0,0,0,0,0,0,0,999,0,0,0,1,4,1,8,0,0,0,1,42,19142,0,0,0,0,0,0,72,999,0,2,0,0,0,8,2011,8,2011,1,99,99,99,99,5,4,35,1,1,2,1,0,0,1,80,3,2,1,13,0,1
42,420660,1,1,3,10,7,22,51,39,0,1,0,42,2,2,403,2403,14,2005,1J4FA49S45P3,1,J,4,F,A,4,9,S,4,5,P,3,0,T,JEEP,SPW,2W,5,17,,1,0,934,W/T,G,,,6,244,,,,,3366,00,E,44,0,0,000000000,00000000000,0,0,0,1,0,0,0,0,0,0,0,999,0,1,1,2,6,2,1,0,0,0,1,42,16412,6,1,0,0,3,3,66,999,0,1,0,1,0,6,2010,5,2011,0,6,0,0,0,1,2,25,2,1,2,1,0,0,14,13,1,1,4,1,1,1
42,420661,1,2,0,27,7,14,49,8,0,1,0,34,6,22,20,22020,4,2004,2G2WR5241412,2,G,2,W,R,5,2,4,1,4,1,2,0,P,PONT,GTP,4D,4,17,3583,,0,1105,,G,,Z,6,231,,,17R225,,,,,,0,0,000000000,00000000000,0,0,0,1,0,0,0,0,0,0,0,999,0,0,0,6,2,3,8,0,0,0,0,0,99997,7,6,97,7,6,7,998,997,998,998,998,998,998,98,9998,98,9998,8,0,0,0,0,1,2,40,1,5,2,1,0,0,0,98,0,0,0,98,0,0
42,420661,2,2,1,27,7,14,49,8,0,1,0,42,2,37,31,37031,2,2009,2HGFG12889H5,2,H,G,F,G,1,2,8,8,9,H,5,0,P,HOND,UAX,CP,9,17,2703,,0,1043,,G,,F,4,110,,,16R205,,,,,,0,0,000000000,00000000000,0,0,0,1,0,0,0,0,0,0,0,999,0,0,0,12,2,1,12,0,0,0,1,42,15636,6,1,0,0,3,3,66,999,0,0,0,1,0,9,2010,9,2010,0,0,0,0,0,1,2,40,1,5,2,1,0,0,13,56,98,1,1,98,0,0
42,420662,1,1,1,28,7,8,7,30,0,1,0,42,1,20,401,20401,14,2000,1GNDT13W0Y21,1,G,N,D,T,1,3,W,0,Y,2,1,0,P,CHEV,BZR,UT,0,17,4049,,0,1070,,G,,F,6,262,,,15R205,,,,,,0,0,000000000,00000000000,0,0,0,1,0,0,0,0,0,0,0,999,0,1,5,1,6,2,30,0,0,0,1,42,16105,6,1,0,0,3,0,72,999,0,0,0,0,0,0,0,0,0,0,0,0,0,0,1,2,35,1,5,2,2,0,0,1,12,1,1,4,6,1,0
42,420663,1,1,2,5,7,3,20,35,0,1,0,42,2,6,42,6042,4,1999,2C3HC56G8XH7,2,C,3,H,C,5,6,G,8,X,H,7,0,P,CHRY,LHS,4D,99,17,3492,,0,1130,,G,,F,6,215,,,17R225,,,,,,0,0,000000000,00000000000,0,0,0,1,0,0,0,0,0,0,0,999,0,1,6,12,6,2,1,0,0,0,1,42,17543,6,1,0,0,3,0,65,999,0,0,0,0,1,9,2010,9,2010,0,99,99,99,99,1,2,35,1,1,2,1,0,0,1,13,1,3,4,2,1,1
42,420664,1,1,1,8,7,17,29,34,0,1,0,42,1,20,403,20403,14,2005,1GNDT13S3521,1,G,N,D,T,1,3,S,3,5,2,1,0,P,CHEV,TRL,UT,5,17,4612,,0,1130,,G,,F,6,256,,,16R245,,,,,,0,0,000000000,00000000000,0,0,0,1,0,0,0,0,0,0,0,999,0,1,5,2,6,2,1,0,0,0,1,42,18109,1,1,0,0,2,0,67,999,0,2,0,0,1,4,2011,8,2011,0,99,99,99,99,1,2,35,1,5,2,1,0,0,1,13,99,1,4,1,1,1
42,420665,1,2,1,18,7,18,13,24,0,1,0,42,1,52,37,52037,3,2002,4A3AC44G62E0,4,A,3,A,C,4,4,G,6,2,E,0,0,P,MITS,EGS,2H,2,17,2944,,0,1008,,G,,F,4,143,,,16R205,,,,,,0,0,000000000,00000000000,0,0,0,1,0,0,0,0,0,0,0,60,0,0,0,12,6,2,12,0,0,0,1,42,18944,6,1,0,0,3,0,65,999,0,0,0,0,0,0,0,0,0,1,28,0,0,0,1,2,55,3,3,2,1,0,0,14,11,8,4,4,7,1,0
42,420665,2,2,1,18,7,18,13,24,0,1,0,42,3,82,881,82881,66,2004,1FUJA6CK54LN,1,F,U,J,A,6,C,K,5,4,L,N,1,T,FRHT,COL,TR,4,17,,8,0,0,CON,D,,,6,858,,,,,00000,00,,64,1,57,01167776,5701167776,3,6,3,1,0,0,0,0,0,0,0,45,0,0,0,12,6,2,12,0,0,0,1,42,17845,6,1,6,0,3,1,73,999,0,0,0,0,1,11,2010,11,2010,0,0,0,0,0,1,2,55,2,3,2,1,0,0,14,62,8,2,1,98,0,0
42,420666,1,2,1,27,7,15,12,12,6,1,0,42,1,35,50,35050,5,2009,3N1BC13E99L4,3,N,1,B,C,1,3,E,9,9,L,4,0,P,NISS,VSL,4H,9,17,2693,,0,1024,,G,,F,4,110,,,15R185,,,,,,0,0,000000000,00000000000,0,0,0,1,0,0,0,0,0,0,0,30,0,0,0,9,6,2,21,0,0,0,1,42,15227,6,1,0,0,3,3,70,999,0,0,0,1,0,10,2011,10,2011,0,0,0,0,0,1,4,25,1,1,2,1,3,3,1,62,1,1,1,69,1,0
42,420666,2,2,1,27,7,15,12,12,6,1,0,42,1,20,481,20481,31,2007,2GCEK19C8716,2,G,C,E,K,1,9,C,8,7,1,6,0,T,CHEV,SK1,4C,7,17,,2,1575,1339,SIL,G,,,8,293,,,,B,5236,02,,44,0,0,000000000,00000000000,0,0,0,1,0,0,0,0,0,0,0,25,0,0,0,11,6,2,12,0,0,0,1,42,15108,6,1,0,0,3,0,71,999,0,0,0,0,0,0,0,0,0,0,48,0,0,0,1,4,25,1,1,2,1,3,3,11,15,1,1,1,68,0,0
42,420667,1,2,1,6,7,19,55,12,2,1,0,54,1,12,473,12473,30,2004,1FMDU72K04UB,1,F,M,D,U,7,2,K,0,4,U,B,0,P,FORD,EPR,UT,4,17,4469,,0,1137,,F,,F,6,245,,,16R235,,,,,,0,0,000000000,00000000000,0,0,0,1,0,0,0,0,0,0,0,10,0,0,0,12,2,3,12,0,0,0,1,54,26508,6,1,0,0,3,3,62,140,0,0,0,0,0,0,0,0,0,0,0,0,0,0,1,2,25,1,5,2,1,0,0,1,62,1,1,1,51,0,0
42,420667,2,2,2,6,7,19,55,12,2,1,0,42,2,76,709,76709,80,2006,9C6CE12Y1606,9,C,6,C,E,1,2,Y,1,6,0,6,0,M,YAMA,R5L,T,6,17,,,,,,,124,,1,,4,999,,,,,,,0,0,000000000,00000000000,0,0,0,1,0,0,0,0,0,0,0,35,0,0,0,12,6,2,12,0,0,0,1,42,15474,0,0,0,0,0,0,999,999,0,0,0,0,0,0,0,0,0,0,91,0,0,0,1,2,25,1,1,2,1,0,0,1,10,1,1,2,50,1,0
42,420668,1,1,1,11,7,21,53,9,0,1,0,42,2,49,32,49032,4,2010,2T1BU4EE4AC4,2,T,1,B,U,4,E,E,4,A,C,4,0,P,TOYT,CBL,4D,10,17,2723,,0,1024,,G,,F,4,110,,,15R195,,,,,,0,0,000000000,00000000000,0,0,0,1,0,0,0,0,0,0,0,45,0,0,0,1,4,3,9,0,0,0,1,42,19473,6,1,0,0,3,0,70,999,0,0,0,2,0,6,2011,8,2011,0,0,0,0,0,1,2,45,1,3,2,1,0,0,1,83,8,1,2,13,0,1
42,420669,1,2,2,30,7,23,16,25,0,1,0,42,1,2,404,2404,14,1995,1J4GZ58S2SC6,1,J,4,G,Z,5,8,S,2,S,C,6,0,T,JEEP,LRO,4W,95,17,,1,0,1059,GCK,G,,,6,242,,,,,3552,00,M,44,0,0,000000000,00000000000,0,0,0,1,0,0,0,0,0,0,0,55,0,0,0,18,6,2,54,0,0,0,1,42,15205,6,1,0,0,3,0,67,999,0,0,0,0,0,0,0,0,0,0,0,0,0,0,3,2,55,2,4,2,1,0,0,14,1,1,1,1,98,0,0
42,420669,2,2,2,30,7,23,16,25,0,1,0,42,2,55,35,55035,4,2010,KMHDU4AD8AU9,K,M,H,D,U,4,A,D,8,A,U,9,0,P,HYUN,BGS,4D,10,17,2723,,0,1043,,G,,F,4,121,,,15R195,,,,,,0,0,000000000,00000000000,0,0,0,1,0,0,0,0,0,0,0,55,0,0,0,13,6,2,54,0,0,0,1,42,15201,6,1,0,0,3,0,64,999,0,0,0,0,0,0,0,0,0,0,0,0,0,0,3,2,55,3,4,2,1,0,0,14,91,99,1,1,98,1,0
42,420670,1,1,1,22,7,0,27,8,0,1,1,42,2,19,3,19003,4,2001,1G6KD54Y01U2,1,G,6,K,D,5,4,Y,0,1,U,2,0,P,CADI,DFW,4D,1,17,3978,,0,1138,,G,,F,8,279,,,16R225,,,,,,0,0,000000000,00000000000,0,0,0,1,0,0,0,0,0,0,0,999,0,0,0,12,9,1,8,0,0,0,1,42,19007,1,1,0,0,2,3,73,999,0,5,0,0,1,2,2010,9,2010,0,99,99,99,99,2,2,40,1,1,2,1,0,0,1,80,99,1,1,13,0,0
42,420671,1,1,1,13,7,15,29,14,0,1,0,42,1,49,32,49032,4,2010,1NXBU4EE1AZ1,1,N,X,B,U,4,E,E,1,A,Z,1,0,P,TOYT,CBL,4D,10,17,2723,,0,1024,,G,,F,4,110,,,15R195,,,,,,0,0,000000000,00000000000,0,0,0,1,0,0,0,0,0,0,0,999,1,0,0,1,6,2,14,0,0,0,1,42,19114,6,1,0,0,3,0,61,999,0,0,0,0,0,0,0,0,0,0,0,0,0,0,3,2,55,1,1,2,1,0,0,1,11,1,1,4,1,1,0
42,420672,1,2,2,17,7,20,0,12,2,1,0,42,1,2,405,2405,14,2002,1J4GL48K02W3,1,J,4,G,L,4,8,K,0,2,W,3,0,T,JEEP,SPR,4W,2,17,,1,0,1043,LIB,G,,,6,226,,,,,3682,02,E,44,0,0,000000000,00000000000,0,0,0,1,0,0,0,0,0,0,0,40,0,0,0,12,6,2,12,0,0,0,1,42,17864,6,1,0,0,3,0,65,999,0,0,0,0,0,0,0,0,0,0,51,0,0,0,1,2,45,1,1,1,1,0,0,1,10,1,1,2,50,0,1
42,420672,2,2,2,17,7,20,0,12,2,1,0,42,1,20,404,20404,14,2005,2CNDL63FX561,2,C,N,D,L,6,3,F,X,5,6,1,0,P,CHEV,EQU,UT,5,17,3660,,0,1125,,G,,F,6,208,,,16R235,,,,,,0,0,000000000,00000000000,0,0,0,1,0,0,0,0,0,0,0,999,0,0,0,12,6,2,12,0,0,0,1,42,17857,6,1,0,0,3,0,74,999,0,0,0,0,0,0,0,0,0,0,0,0,0,0,1,2,45,1,1,1,1,0,0,1,62,1,1,1,51,2,0
42,420673,1,1,1,2,8,10,25,41,0,1,0,42,1,37,402,37402,14,2003,SHSRD78833U1,S,H,S,R,D,7,8,8,3,3,U,1,0,P,HOND,CRV,UT,3,17,3287,,0,1031,,G,,F,4,146,,,15R205,,,,,,0,0,000000000,00000000000,0,0,0,1,0,0,0,0,0,0,0,999,0,0,0,1,6,2,19,0,0,0,1,42,15044,6,1,0,0,3,0,63,999,0,0,0,0,0,0,0,0,0,0,99,99,99,99,1,2,35,3,6,2,1,0,0,14,11,1,1,4,1,1,1
42,420674,1,1,1,5,8,0,10,34,0,1,0,0,0,37,734,37734,90,2005,1HFTE2507544,1,H,F,T,E,2,5,0,7,5,4,4,0,M,HOND,TFM,AT,5,17,,,,,,,329,,1,,4,999,,,,,,,0,0,000000000,00000000000,0,0,0,1,0,0,0,0,0,0,0,40,0,1,6,10,6,2,34,0,0,0,1,42,15044,6,1,0,0,1,0,63,999,0,0,0,0,0,0,0,0,0,0,0,0,0,0,1,2,55,2,6,8,1,0,0,14,10,1,1,4,6,1,1
42,420675,1,1,1,25,7,9,42,52,0,1,0,42,1,48,34,48034,4,1995,4S3BD6555S72,4,S,3,B,D,6,5,5,5,S,7,2,0,P,SUBA,SI4,4D,95,17,3030,,0,1035,,G,,F,4,135,,,15R195,,,,,,0,0,000000000,00000000000,0,0,0,1,0,0,0,0,0,0,0,999,0,0,0,12,6,2,52,0,0,0,1,42,19540,6,1,0,0,3,0,68,999,0,0,0,0,0,0,0,0,0,1,27,0,0,0,2,2,65,1,1,2,1,0,0,15,11,1,1,4,1,1,0
42,420676,1,1,1,18,8,1,23,25,0,1,0,42,2,20,473,20473,30,2011,1GCJTDFP6B81,1,G,C,J,T,D,F,P,6,B,8,1,0,T,CHEV,RLT,4C,11,17,,1,0,1260,CAL,F,,,8,323,,,,B,3878,00,,44,0,0,000000000,00000000000,0,0,0,1,0,0,0,0,0,0,0,70,0,0,0,1,4,3,25,0,0,0,1,42,15131,6,1,0,0,3,0,76,999,1,1,0,1,0,9,2011,7,2012,0,99,99,99,99,3,3,65,3,1,2,1,0,0,14,11,1,1,4,1,1,1
42,420677,1,1,1,20,7,11,6,33,0,1,0,42,1,20,39,20039,4,2004,KL1TD52634B1,K,L,1,T,D,5,2,6,3,4,B,1,0,P,CHEV,AVO,4D,4,17,2343,,0,976,,G,,F,4,098,,,14R185,,,,,,0,0,000000000,00000000000,0,0,0,1,0,0,0,0,0,0,0,999,0,0,0,12,6,2,42,0,0,0,1,42,19520,6,1,0,0,3,0,66,999,0,0,0,0,0,0,0,0,0,1,0,0,0,0,1,2,35,2,6,2,2,40,3,14,10,9,1,4,1,1,0
42,420678,1,1,1,7,7,18,14,35,0,1,0,42,1,2,403,2403,14,1992,2J4FY29SXNJ5,2,J,4,F,Y,2,9,S,X,N,J,5,0,T,JEEP,W/Y,2W,92,17,,1,0,934,W/Y,G,,,6,242,,,,,3080,01,A,44,0,0,000000000,00000000000,0,0,0,1,0,0,0,0,0,0,0,45,0,1,5,14,6,2,1,0,0,0,1,42,17934,6,1,0,0,3,0,68,999,0,0,0,0,0,0,0,0,0,0,0,0,0,0,2,2,45,1,6,2,2,0,0,1,3,6,3,4,2,1,0
42,420679,1,1,1,3,8,22,18,35,0,1,0,42,2,37,403,37403,14,2004,5J6YH28644L0,5,J,6,Y,H,2,8,6,4,4,L,0,0,P,HOND,ELE,UT,4,17,3527,,0,1014,,G,,F,4,146,,,16R215,,,,,,0,0,000000000,00000000000,0,0,0,1,0,0,0,0,0,0,0,999,0,1,1,1,6,2,1,0,0,0,1,10,19711,6,1,0,0,3,0,71,185,0,0,0,0,0,0,0,0,0,1,99,99,99,99,1,2,45,1,6,2,1,0,0,1,10,9,2,4,2,1,1
42,420680,1,2,1,17,7,14,8,12,11,1,1,42,3,98,809,98809,63,2008,2FZMAZDE98AZ,2,F,Z,M,A,Z,D,E,9,8,A,Z,0,T,STRG,LT9,CC,8,17,,8,0,0,STE,D,,,6,763,,,,,00000,00,,84,0,57,01489817,5701489817,3,2,4,1,0,0,0,0,0,0,0,15,0,0,0,14,0,1,12,0,0,0,1,42,16048,6,1,6,9,3,0,70,999,0,0,0,0,0,0,0,0,0,0,35,6,0,0,5,2,55,1,1,2,1,0,0,6,50,1,1,1,88,0,0
42,420680,2,2,1,17,7,14,8,12,11,1,0,42,3,84,881,84881,63,2009,1HTMMAAN09H1,1,H,T,M,M,A,A,N,0,9,H,1,1,T,INTL,430,CC,9,17,,7,0,0,40S,D,,,6,466,,,,,00000,00,,42,1,57,00853862,5700853862,3,4,98,1,0,0,0,0,0,0,0,0,0,0,0,7,2,1,8,0,0,0,1,42,16620,6,1,6,0,3,0,72,999,1,0,0,0,1,9,2010,9,2010,0,21,0,0,0,0,0,0,0,0,0,0,0,0,5,98,1,1,5,89,0,0
42,420681,1,1,5,5,8,12,30,42,0,1,0,42,1,35,443,35443,20,1996,4N2DN11WXTD8,4,N,2,D,N,1,1,W,X,T,D,8,0,P,NISS,QST,SV,96,17,3745,,0,1122,,G,,F,6,181,,,15R205,,,,,,0,0,000000000,00000000000,0,0,0,1,0,0,0,0,0,0,0,55,0,0,0,1,6,2,42,0,0,0,1,42,17853,6,1,0,0,3,3,71,999,0,0,0,0,0,0,0,0,0,0,0,0,0,0,1,2,55,1,1,2,1,0,0,1,8,1,1,4,1,1,0
42,420682,1,1,1,13,8,0,20,34,0,1,0,42,1,41,51,41051,4,2008,JM1BK3248818,J,M,1,B,K,3,2,4,8,8,1,8,0,P,MAZD,M3S,4D,8,17,2906,,0,1039,,G,,F,4,140,,,16R205,,,,,,0,0,000000000,00000000000,0,0,0,1,0,0,0,0,0,0,0,80,0,0,0,14,6,2,42,0,0,1,1,42,16123,6,1,0,0,3,3,65,999,0,0,0,0,0,0,0,0,0,1,0,0,0,0,1,2,55,1,1,2,1,0,0,1,12,1,1,4,6,1,1
42,420683,1,1,1,20,8,7,20,34,0,1,0,42,1,20,401,20401,14,2002,1GNDT13W72K1,1,G,N,D,T,1,3,W,7,2,K,1,0,P,CHEV,BZR,UT,2,17,4114,,0,1070,,G,,F,6,262,,,000000,,,,,,0,0,000000000,00000000000,0,0,0,1,0,0,0,0,0,0,0,45,0,0,0,14,6,2,30,0,0,0,1,42,18951,6,1,0,0,3,0,66,999,2,0,0,1,2,4,2010,8,2012,0,99,99,99,99,1,2,45,2,5,2,1,0,0,14,13,6,1,4,1,1,0
42,420684,1,1,1,13,8,10,0,42,0,1,0,92,0,98,739,98739,90,2011,4XAMH50A7BA0,4,X,A,M,H,5,0,A,7,B,A,0,0,M,POLS,S5H,AT,11,17,,,,,,,498,,1,,4,740,,,,,,,0,0,000000000,00000000000,0,0,0,1,0,0,0,0,0,0,0,40,0,1,6,18,6,2,42,0,0,0,1,21,41524,1,1,0,0,1,0,71,220,0,0,0,0,0,0,0,0,0,1,18,0,0,0,1,2,55,2,3,2,1,0,0,1,12,1,1,4,6,1,0
42,420685,1,1,2,12,8,6,8,35,0,1,0,9,2,6,52,6052,1,2010,3A4GY5F95AT2,3,A,4,G,Y,5,F,9,5,A,T,2,0,P,CHRY,PTC,SV,10,17,3222,,0,1030,,G,,F,4,148,,,16R205,,,,,,0,0,000000000,00000000000,0,0,0,1,0,0,0,0,0,0,0,65,0,0,0,1,6,2,35,0,0,0,1,9,6040,6,1,0,0,3,0,72,999,98,0,0,0,0,0,0,0,0,0,6,0,0,0,2,2,65,1,1,2,1,0,0,1,12,7,2,4,2,1,0
42,420686,1,1,2,18,8,11,0,24,0,1,0,39,1,6,441,6441,20,2005,2C4GP54L55R4,2,C,4,G,P,5,4,L,5,5,R,4,0,T,CHRY,TOU,ES,5,17,,1,0,1193,TWC,G,,,6,230,,,,,4256,00,,42,0,0,000000000,00000000000,0,0,0,1,0,0,0,0,0,0,0,65,0,0,0,12,6,2,24,0,0,0,1,39,44313,6,1,0,0,3,3,61,155,0,0,0,0,2,5,2011,7,2012,0,6,0,0,0,2,2,65,1,1,2,1,0,0,1,12,99,1,4,6,1,0
42,420687,1,1,2,31,8,14,36,42,0,1,0,42,1,37,31,37031,3,1993,2HGEH2378PH5,2,H,G,E,H,2,3,7,8,P,H,5,0,P,HOND,UCX,2H,93,17,2094,,0,1013,,G,,F,4,091,,,13R175,,,,,,0,0,000000000,00000000000,0,0,0,1,0,0,0,0,0,0,0,73,0,1,5,9,6,2,42,0,0,0,1,42,18202,0,0,0,0,0,0,73,999,0,4,0,0,1,10,2009,7,2011,1,35,0,0,0,2,2,55,1,1,2,1,0,0,6,12,9,3,4,2,1,0
42,420688,1,1,1,4,8,4,48,53,0,1,0,42,2,12,481,12481,31,1994,1FTEX14H9RKA,1,F,T,E,X,1,4,H,9,R,K,A,0,T,FORD,F15,PC,94,17,,2,1550,1390,COF,G,,,8,351,,,,B,00000,00,M,44,0,0,000000000,00000000000,0,0,0,1,0,0,0,0,0,0,0,83,0,1,5,12,6,2,42,0,0,0,1,42,17032,6,1,0,0,3,0,64,999,1,0,0,0,1,4,2011,7,2011,1,0,0,0,0,1,2,55,1,1,2,1,0,0,1,12,1,1,4,6,1,0
42,420689,1,1,2,29,8,17,20,42,0,1,0,42,1,20,431,20431,16,2003,3GNFK16Z93G1,3,G,N,F,K,1,6,Z,9,3,G,1,0,P,CHEV,K15,UT,3,17,5123,,0,1300,,F,,F,8,325,,,16R265,,,,,,0,0,000000000,00000000000,0,0,0,1,0,0,0,0,0,0,0,60,0,0,0,11,6,2,42,0,0,0,1,42,16731,6,1,0,0,3,0,60,999,0,0,0,0,0,0,0,0,0,0,99,99,99,99,1,2,55,3,1,2,1,0,0,14,13,1,1,4,1,1,0
42,420690,1,1,1,22,8,23,40,1,0,1,0,42,2,2,404,2404,14,2004,1J4GW48S04C2,1,J,4,G,W,4,8,S,0,4,C,2,0,T,JEEP,LCF,4W,4,17,,1,0,1059,GCK,G,,,6,244,,,,,3888,02,E,44,0,0,000000000,00000000000,0,0,0,1,0,0,0,0,0,0,0,55,0,2,1,0,6,2,1,0,0,0,1,42,16845,6,1,0,0,3,1,64,999,1,0,0,0,0,3,2012,3,2012,1,6,0,0,0,1,2,45,1,1,2,1,0,0,1,98,1,4,2,98,1,1
42,420691,1,1,3,13,8,1,0,35,0,1,0,42,2,2,404,2404,14,1998,1J4GZ58S8WC3,1,J,4,G,Z,5,8,S,8,W,C,3,0,T,JEEP,LRT,4W,98,17,,1,0,1059,GCK,G,,,6,242,,,,,3708,01,E,44,0,0,000000000,00000000000,0,0,0,1,0,0,0,0,0,0,0,50,0,1,5,14,6,2,1,0,0,0,1,99,99999,9,9,99,0,9,9,999,999,99,99,99,99,99,99,9999,99,9999,1,0,0,0,0,1,2,45,2,6,2,1,0,0,14,13,6,1,4,1,1,0
42,420692,1,1,1,14,8,0,39,35,0,1,0,42,2,18,7,18007,4,2000,2G4WS52J1Y11,2,G,4,W,S,5,2,J,1,Y,1,1,0,P,BUIC,CCU,4D,0,17,3368,,0,1090,,G,,F,6,191,,,15R205,,,,,,0,0,000000000,00000000000,0,0,0,1,0,0,0,0,0,0,0,70,0,0,0,14,6,2,42,0,0,1,1,42,16424,6,1,0,0,3,0,71,999,0,3,0,1,1,11,2009,6,2010,1,0,0,0,0,1,2,55,3,1,2,2,0,0,14,6,3,4,4,7,1,1
42,420693,1,1,1,28,8,12,50,42,0,1,0,42,2,23,481,23481,31,2009,1GTEK14X39Z2,1,G,T,E,K,1,4,X,3,9,Z,2,0,T,GMC,SK1,PK,9,17,,2,1330,1190,SIE,G,,,6,262,,,,B,4798,02,4,44,0,0,000000000,00000000000,0,0,0,1,0,0,0,0,0,0,0,50,0,0,0,12,6,2,42,0,0,1,1,42,16335,6,1,0,0,3,0,74,999,0,0,0,0,0,0,0,0,0,0,0,0,0,0,1,2,55,1,1,2,1,0,0,1,12,1,1,4,6,1,0
42,420694,1,1,1,7,8,22,0,9,0,1,1,42,2,47,401,47401,14,2007,5S3ET13M9728,5,S,3,E,T,1,3,M,9,7,2,8,0,P,SAA,97X,UT,7,17,4781,,0,1130,,G,,F,8,325,,,18R225,,,,,,0,0,000000000,00000000000,0,0,0,1,0,0,0,0,0,0,0,40,0,0,0,2,2,1,9,0,0,0,1,42,18621,6,1,0,0,3,0,69,999,3,1,0,1,0,1,2011,5,2012,1,27,29,0,0,5,2,35,1,1,2,1,0,0,15,83,1,1,4,13,0,1
42,420695,1,1,1,3,8,14,30,35,0,1,0,42,3,12,471,12471,30,2008,1FTYR10UX8PA,1,F,T,Y,R,1,0,U,X,8,P,A,0,T,FORD,RNG,PK,8,17,,1,1180,1120,RNG,G,,,6,183,,,,B,3028,00,4,42,0,0,000000000,00000000000,0,0,0,1,0,0,0,0,0,0,0,45,0,0,0,11,6,2,42,0,0,1,1,42,17841,6,1,0,0,3,0,71,999,0,0,0,1,0,10,2010,10,2010,0,0,0,0,0,1,2,45,1,1,2,1,0,0,1,10,99,1,4,6,1,0
42,420696,1,1,1,20,8,19,27,35,0,1,0,34,1,14,401,14401,14,1999,4M2ZU54E9XUJ,4,M,2,Z,U,5,4,E,9,X,U,J,0,P,MERC,MOU,UT,99,17,4113,,0,1120,,G,,F,6,245,,,15R225,,,,,,0,0,000000000,00000000000,0,0,0,1,0,0,0,0,0,0,0,45,0,1,6,11,6,2,1,0,0,0,1,42,18324,6,1,0,0,3,0,67,999,0,0,0,0,0,0,0,0,0,0,0,0,0,0,1,2,35,2,1,2,2,0,0,14,10,99,1,4,6,1,0
42,420697,1,1,1,23,8,22,6,42,0,1,0,42,1,49,51,49051,3,2011,JTDJT4K32B53,J,T,D,J,T,4,K,3,2,B,5,3,0,P,TOYT,YAR,2H,11,17,2311,,0,969,,G,,F,4,091,,,14R175,,,,,,0,0,000000000,00000000000,0,0,0,1,0,0,0,0,0,0,0,40,0,0,0,12,6,2,42,0,0,0,1,42,19465,6,1,0,0,3,3,67,999,1,0,0,0,0,8,2011,8,2011,0,0,0,0,0,1,2,35,3,1,2,1,0,0,14,13,1,1,4,1,1,0
42,420698,1,2,2,9,6,0,45,12,1,1,0,92,0,98,739,98739,90,2010,4UF10ATV6AT2,4,U,F,1,0,A,T,V,6,A,T,2,0,U,,,,10,17,,,,,,,,,,,,,,,,,,,0,0,000000000,00000000000,0,0,0,1,0,0,0,0,0,0,0,25,0,1,1,12,6,2,1,0,0,0,1,42,15957,6,1,0,0,1,0,70,999,0,0,0,0,0,0,0,0,0,0,18,0,0,0,1,2,25,1,1,2,1,0,0,1,52,3,2,1,28,1,1