STATE,ST_CASE,VEH_NO,VE_FORMS,NUMOCCS,DAY,MONTH,HOUR,MINUTE,HARM_EV,MAN_COLL,UNITTYPE,HIT_RUN,REG_STAT,OWNER,MAKE,MODEL,MAK_MOD,BODY_TYP,MOD_YEAR,VIN,VIN_1,VIN_2,VIN_3,VIN_4,VIN_5,VIN_6,VIN_7,VIN_8,VIN_9,VIN_10,VIN_11,VIN_12,TOW_VEH,VINTYPE,VINMAKE,VINA_MOD,VIN_BT,VINMODYR,VIN_LNGT,VIN_WGT,WGTCD_TR,WHLBS_LG,WHLBS_SH,SER_TR,FUELCODE,MCYCL_DS,CARBUR,CYLINDER,DISPLACE,MCYCL_CY,MCYCL_WT,TIRE_SZE,TON_RAT,TRK_WT,TRKWTVAR,VIN_REST,WHLDRWHL,J_KNIFE,MCARR_I1,MCARR_I2,MCARR_ID,GVWR,V_CONFIG,CARGO_BT,HAZ_INV,HAZ_PLAC,HAZ_ID,HAZ_CNO,HAZ_REL,BUS_USE,SPEC_USE,EMER_USE,TRAV_SP,UNDERIDE,ROLLOVER,ROLINLOC,IMPACT1,DEFORMED,TOWED,M_HARM,VEH_SC1,VEH_SC2,FIRE_EXP,DR_PRES,L_STATE,DR_ZIP,L_STATUS,L_TYPE,CDL_STAT,L_ENDORS,L_COMPL,L_RESTRI,DR_HGT,DR_WGT,PREV_ACC,PREV_SUS,PREV_DWI,PREV_SPD,PREV_OTH,FIRST_MO,FIRST_YR,LAST_MO,LAST_YR,SPEEDREL,DR_SF1,DR_SF2,DR_SF3,DR_SF4,VTRAFWAY,VNUM_LAN,VSPD_LIM,VALIGN,VPROFILE,VPAVETYP,VSURCOND,VTRAFCON,VTCONT_F,P_CRASH1,P_CRASH2,P_CRASH3,PCRASH4,PCRASH5,ACC_TYPE,DEATHS,DR_DRINK
42,420785,1,1,1,23,8,22,42,32,0,1,0,17,1,12,481,12481,31,2008,1FTSW21528EA,1,F,T,S,W,2,1,5,2,8,E,A,0,T,FORD,F2S,CW,8,17,,2,1720,1560,SRW,G,,,8,329,,,,C,6523,01,E,44,0,0,000000000,00000000000,0,0,0,1,0,0,0,0,0,0,0,999,0,1,1,4,6,2,1,0,0,0,1,17,60402,0,0,0,0,0,0,71,191,0,0,0,0,0,0,0,0,0,1,0,0,0,0,1,2,35,3,1,2,1,0,0,14,13,99,1,4,1,1,1
42,420786,1,1,1,2,8,19,41,43,0,1,0,42,2,22,16,22016,2,1996,1G2JB124XT75,1,G,2,J,B,1,2,4,X,T,7,5,0,P,PONT,SFS,CP,96,17,2611,,0,1041,,G,,F,4,133,,,14R195,,,,,,0,0,000000000,00000000000,0,0,0,1,0,0,0,0,0,0,0,999,0,1,6,11,6,2,42,0,0,0,1,42,17821,6,1,0,0,3,0,65,999,0,0,0,0,0,0,0,0,0,1,6,0,0,0,1,2,35,1,1,2,1,0,0,1,13,1,1,4,6,1,1
42,420787,1,1,6,6,8,22,25,5,0,1,0,92,0,98,739,98739,90,2012,4XATH76A8C42,4,X,A,T,H,7,6,A,8,C,4,2,0,M,POLS,RX8,AT,12,17,,,,,,,760,,2,,4,1237,,,,,,,0,0,000000000,00000000000,0,0,0,1,0,0,0,0,0,0,0,999,0,0,0,0,0,1,5,0,0,0,1,42,15857,0,0,0,0,1,0,999,999,0,0,0,0,0,0,0,0,0,1,48,18,52,6,1,2,40,2,5,2,1,0,0,11,98,1,1,1,0,1,0
42,420788,1,1,4,30,8,21,50,25,0,1,0,42,2,12,401,12401,14,1999,1FMDU34E9XUA,1,F,M,D,U,3,4,E,9,X,U,A,0,P,FORD,EPR,UT,99,17,4128,,0,1116,,G,,F,6,245,,,15R225,,,,,,0,0,000000000,00000000000,0,0,0,1,0,0,0,0,0,0,0,60,0,1,1,1,6,2,1,0,0,0,1,42,19126,1,1,0,0,2,0,71,999,0,12,0,0,2,4,2010,6,2011,0,0,0,0,0,3,3,65,1,1,2,1,0,0,1,1,6,2,4,2,1,0
42,420789,1,1,2,30,8,8,53,33,0,1,0,42,1,12,17,12017,4,1993,1FACP52U3PG1,1,F,A,C,P,5,2,U,3,P,G,1,0,P,FORD,TAG,4D,93,17,3117,,0,1060,,G,,F,6,182,,,14R205,,,,,,0,0,000000000,00000000000,0,0,0,1,0,0,0,0,0,0,0,999,0,0,0,12,6,2,33,0,0,0,1,42,19143,6,1,0,0,3,3,62,999,0,0,0,0,0,0,0,0,0,0,99,99,99,99,1,2,25,1,1,2,1,0,0,1,12,1,1,4,6,1,0
42,420790,1,1,1,12,8,1,50,24,0,1,0,42,1,12,481,12481,31,1984,2FTJW35L9ECA,2,F,T,J,W,3,5,L,9,E,C,A,0,T,FORD,F35,CW,84,17,,2,0,1679,COF,G,,,8,460,,,,D,4437,01,,42,0,0,000000000,00000000000,0,0,0,1,0,0,0,0,0,0,0,999,0,1,9,98,6,2,1,0,0,0,1,42,19007,6,1,0,0,3,0,70,999,0,0,0,0,0,0,0,0,0,0,48,0,0,0,2,2,55,3,5,2,1,0,0,10,11,1,1,4,1,1,1
42,420791,1,1,1,15,8,14,55,14,0,1,0,42,2,20,481,20481,31,1994,2GCEK19H8R12,2,G,C,E,K,1,9,H,8,R,1,2,0,T,CHEV,GK1,PC,94,17,,2,1555,1415,GM4,G,,,8,305,,,,B,4032,00,,44,0,0,000000000,00000000000,0,0,0,1,0,0,0,0,0,0,0,999,6,0,0,12,6,2,8,0,0,0,1,42,19317,6,1,0,0,3,0,73,999,0,0,0,0,0,0,0,0,0,0,0,0,0,0,1,2,35,1,1,2,1,0,0,1,50,1,1,4,11,0,0
42,420792,1,1,1,17,9,14,25,24,0,1,0,36,1,72,706,72706,80,2007,1HD1JL5117Y0,1,H,D,1,J,L,5,1,1,7,Y,0,0,M,HD,XTC,RS,7,17,,,,,,,1584,,2,,4,672,,,,,,,0,0,000000000,00000000000,0,0,0,1,0,0,0,0,0,0,0,65,0,0,0,1,4,3,24,0,0,0,1,36,12863,6,1,0,0,3,0,69,999,0,0,0,0,1,5,2010,5,2010,0,0,0,0,0,2,2,65,3,5,1,1,0,0,14,11,3,2,4,1,1,0
42,420793,1,1,1,17,9,9,28,30,0,1,0,42,1,22,22,22022,4,2005,1G2ZG5287541,1,G,2,Z,G,5,2,8,7,5,4,1,0,P,PONT,G/6,4D,5,17,3420,,0,1123,,G,,F,6,214,,,16R215,,,,,,0,0,000000000,00000000000,0,0,0,1,0,0,0,0,0,0,0,80,0,0,0,9,6,2,42,0,0,0,1,42,17870,6,1,0,0,3,0,75,999,0,1,0,1,1,9,2010,6,2011,1,0,0,0,0,1,2,45,3,5,2,1,0,0,14,12,3,2,4,7,1,0
42,420794,1,1,1,24,9,7,0,24,0,1,0,42,3,7,442,7442,20,2005,1D4GP45R65B2,1,D,4,G,P,4,5,R,6,5,B,2,0,P,DODG,CAR,SV,5,17,3845,,0,1133,,G,,F,6,201,,,16R215,,,,,,0,0,000000000,00000000000,0,0,0,1,0,0,0,0,0,0,0,80,0,0,0,81,6,2,35,0,0,0,1,42,16801,6,1,0,0,3,0,75,999,0,0,0,1,1,6,2010,7,2012,1,99,99,99,99,3,2,65,1,1,2,1,0,0,1,11,1,1,4,1,1,0
42,420795,1,1,1,18,9,17,40,59,0,1,0,42,1,49,471,49471,30,1994,JT4RN13P7R60,J,T,4,R,N,1,3,P,7,R,6,0,0,T,TOYT,XLX,PC,94,17,,1,0,1219,HTP,G,,,4,144,,,,B,3540,00,A,44,0,0,000000000,00000000000,0,0,0,1,0,0,0,0,0,0,0,999,0,1,5,11,6,2,1,0,0,0,1,42,17307,6,1,6,0,3,3,69,999,0,0,0,0,0,0,0,0,0,1,87,0,0,0,1,2,45,1,3,2,2,0,0,1,13,99,1,4,1,1,1
42,420796,1,1,1,27,9,9,56,42,0,1,0,42,1,37,31,37031,4,1996,2HGEJ6576TH5,2,H,G,E,J,6,5,7,6,T,H,5,0,P,HOND,UCL,4D,96,17,2375,,0,1032,,G,,F,4,097,,,14R185,,,,,,0,0,000000000,00000000000,0,0,0,1,0,0,0,0,0,0,0,65,0,0,0,12,6,2,42,0,0,1,1,42,18810,6,1,0,0,3,3,65,999,0,0,0,0,0,0,0,0,0,1,0,0,0,0,1,2,50,3,6,2,2,0,0,14,6,1,3,4,2,1,0
42,420797,1,1,1,22,9,23,7,42,0,1,0,42,2,18,7,18007,4,2002,2G4WS52JX211,2,G,4,W,S,5,2,J,X,2,1,1,0,P,BUIC,CCU,4D,2,17,3368,,0,1090,,G,,F,6,191,,,15R205,,,,,,0,0,000000000,00000000000,0,0,0,1,0,0,0,0,0,0,0,60,0,0,0,12,6,2,42,0,0,0,1,42,15824,6,1,0,0,3,3,71,999,0,0,0,0,0,0,0,0,0,1,0,0,0,0,1,2,40,1,5,2,2,0,0,1,12,1,1,4,6,1,1
42,420798,1,1,2,30,9,2,35,59,0,1,0,42,2,2,403,2403,14,2011,1J4AA2D1XBL5,1,J,4,A,A,2,D,1,X,B,L,5,0,T,JEEP,WRS,2W,11,17,,1,0,954,WRA,G,,,6,230,,,,,3760,00,4,44,0,0,000000000,00000000000,0,0,0,1,0,0,0,0,0,0,0,75,0,1,5,9,6,2,30,0,0,0,1,42,17837,6,1,0,0,3,0,67,999,0,0,0,0,0,0,0,0,0,1,6,0,0,0,5,2,55,3,5,2,1,0,0,14,13,1,1,4,1,1,1
42,420799,1,1,1,16,9,3,24,33,0,1,0,42,2,14,38,14038,3,2000,1ZWHT61L8Y56,1,Z,W,H,T,6,1,L,8,Y,5,6,0,P,MERC,CU6,2H,0,17,2881,,0,1064,,G,,F,6,155,,,15R205,,,,,,0,0,000000000,00000000000,0,0,0,1,0,0,0,0,0,0,0,80,0,1,6,14,6,2,1,0,0,0,1,42,17401,1,1,0,0,2,0,72,999,0,8,0,0,4,8,2010,6,2012,1,37,0,0,0,1,2,35,2,1,2,1,0,0,14,6,7,3,4,7,1,0
42,420800,1,1,1,6,9,16,10,35,0,1,0,39,1,7,442,7442,20,2003,2D4GP44L73R2,2,D,4,G,P,4,4,L,7,3,R,2,0,T,DODG,GSP,ES,3,17,,1,0,1193,CAR,G,,,6,230,,,,,3975,01,E,42,0,0,000000000,00000000000,0,0,0,1,0,0,0,0,0,0,0,55,0,1,5,12,6,2,1,0,0,0,1,39,43755,6,1,0,0,3,3,70,230,0,1,0,0,0,2,2012,2,2012,0,99,99,99,99,3,2,55,1,6,2,1,0,0,1,13,1,1,4,1,1,0
42,420801,1,1,2,12,9,7,29,42,0,1,0,42,2,22,18,22018,4,2000,1G2NE52T4YM7,1,G,2,N,E,5,2,T,4,Y,M,7,0,P,PONT,GAS,4D,0,17,3116,,0,1070,,G,,F,4,146,,,15R215,,,,,,0,0,000000000,00000000000,0,0,0,1,0,0,0,0,0,0,0,60,0,1,6,12,6,2,1,0,0,0,1,42,15943,6,2,0,0,3,0,66,999,0,0,0,0,0,0,0,0,0,1,0,0,0,0,1,2,35,1,5,2,1,0,0,1,8,1,1,4,6,1,0
42,420802,1,1,5,16,9,21,0,42,0,1,0,36,2,49,43,49043,4,2005,4T1BK36B45U0,4,T,1,B,K,3,6,B,4,5,U,0,0,P,TOYT,UTS,4D,5,17,3417,,0,1071,,G,,F,6,213,,,15R205,,,,,,0,0,000000000,00000000000,0,0,0,1,0,0,0,0,0,0,0,65,0,0,0,2,6,2,42,0,0,0,1,36,11973,6,1,0,0,3,3,63,999,0,0,0,0,0,0,0,0,0,1,0,0,0,0,2,2,65,1,1,1,1,0,0,1,13,6,1,4,1,1,0
42,420803,1,1,1,8,9,19,28,42,0,1,0,42,1,23,481,23481,31,2002,1GTEK14V52Z3,1,G,T,E,K,1,4,V,5,2,Z,3,0,T,GMC,NK1,PK,2,17,,2,1330,1190,SIE,G,,,8,293,,,,B,4376,01,U,44,0,0,000000000,00000000000,0,0,0,1,0,0,0,0,0,0,0,55,0,1,5,10,6,2,1,0,0,0,1,42,16037,6,1,0,0,3,3,70,999,0,0,0,0,0,0,0,0,0,1,0,0,0,0,1,2,35,3,6,2,1,0,0,14,13,6,3,4,2,1,1
42,420804,1,1,2,3,9,22,15,18,0,1,0,42,2,49,45,49045,2,2000,JTDAT1230Y00,J,T,D,A,T,1,2,3,0,Y,0,0,0,P,TOYT,ECH,2D,0,17,2020,,0,934,,G,,F,4,091,,,14R175,,,,,,0,0,000000000,00000000000,0,0,0,1,0,0,0,0,0,0,0,65,0,1,5,7,6,2,1,0,0,0,1,42,18833,6,1,0,0,3,0,73,999,0,0,0,0,0,0,0,0,0,1,0,0,0,0,1,2,55,2,6,2,1,0,0,14,10,9,3,4,2,1,1
42,420805,1,2,2,9,8,15,10,12,11,1,0,42,2,18,7,18007,4,1989,1G4AH51R5KT4,1,G,4,A,H,5,1,R,5,K,T,4,0,P,BUIC,CCU,4D,89,17,2725,,0,1049,,G,,F,4,151,,,14R185,,,,,,0,0,000000000,00000000000,0,0,0,1,0,0,0,0,0,0,0,55,0,0,0,6,6,2,12,0,0,0,1,42,16935,6,2,0,0,3,1,76,999,0,0,0,0,0,0,0,0,0,1,28,0,0,0,1,2,55,2,1,2,2,0,0,14,6,3,4,2,98,2,0
42,420805,2,2,1,9,8,15,10,12,11,1,0,42,1,12,481,12481,31,1998,2FTZF0729WCA,2,F,T,Z,F,0,7,2,9,W,C,A,0,T,FORD,F15,PK,98,17,,1,0,1200,COF,G,,,6,256,,,,B,3958,03,E,42,0,0,000000000,00000000000,0,0,0,1,0,0,0,0,0,0,0,40,0,0,0,12,6,2,12,0,0,0,1,42,16935,6,1,0,0,3,0,64,999,0,0,0,0,0,0,0,0,0,0,0,0,0,0,1,2,55,3,1,2,2,0,0,14,62,1,1,1,98,0,0
42,420806,1,2,2,14,9,21,19,12,2,1,0,42,1,49,471,49471,30,1993,4TAVN13DXPZ1,4,T,A,V,N,1,3,D,X,P,Z,1,0,T,TOYT,ELX,PC,93,17,,1,0,1215,HTP,G,,,6,180,,,,B,00000,00,A,44,0,0,000000000,00000000000,0,0,0,1,0,0,0,0,0,0,0,20,0,0,0,12,6,2,12,0,0,0,1,42,17222,6,2,0,0,3,1,67,999,0,0,0,0,0,0,0,0,0,0,48,6,0,0,1,2,45,1,1,2,1,3,3,11,15,1,1,1,68,0,0
42,420806,2,2,1,14,9,21,19,12,2,1,0,42,1,72,706,72706,80,1994,1HD1CAP1XRY2,1,H,D,1,C,A,P,1,X,R,Y,2,0,M,HD,L12,RS,94,17,,,,,,,1200,,2,,4,470,,,,,,,0,0,000000000,00000000000,0,0,0,1,0,0,0,0,0,0,0,50,0,0,0,12,6,2,12,0,0,0,1,42,17222,6,1,0,0,3,0,69,999,0,0,0,0,1,2,2010,2,2010,0,0,0,0,0,1,2,45,1,1,2,1,3,3,1,62,3,2,1,69,1,0
42,420807,1,1,1,16,9,3,0,24,0,1,0,92,0,53,739,53739,90,2007,000000000000,0,0,0,0,0,0,0,0,0,0,0,0,0,,,,,,,,,,,,,,,,,,,,,,,,,0,0,000000000,00000000000,0,0,0,1,0,0,0,0,0,0,0,25,0,1,1,14,4,1,1,0,0,0,1,42,15377,6,1,0,0,1,0,68,999,0,0,0,0,0,0,0,0,0,0,6,0,0,0,1,2,40,1,6,2,1,0,0,1,11,1,1,4,1,1,1
42,420808,1,4,1,16,9,1,57,12,1,1,0,34,1,53,706,53706,80,2003,JS1VT54A9321,J,S,1,V,T,5,4,A,9,3,2,1,0,M,SUZI,SK3,RC,3,17,,,,,,,996,,2,,4,417,,,,,,,0,0,000000000,00000000000,0,0,0,1,0,0,0,0,0,0,0,80,0,0,0,12,2,3,54,0,0,0,1,34,7106,6,1,0,0,3,0,64,999,0,0,0,0,1,4,2012,4,2012,1,26,0,0,0,2,2,65,1,6,1,1,0,0,1,52,3,2,1,28,1,0
42,420808,2,4,1,16,9,1,57,12,1,1,0,34,1,73,706,73706,80,2008,JKAZXCE198A0,J,K,A,Z,X,C,E,1,9,8,A,0,0,M,KAWK,Z0E,RC,8,17,,,,,,,998,,4,,4,394,,,,,,,0,0,000000000,00000000000,0,0,0,1,0,0,0,0,0,0,0,80,0,0,0,6,4,3,12,0,0,1,1,34,7111,6,1,0,0,3,0,66,999,1,0,0,0,1,4,2011,5,2012,1,0,0,0,0,2,2,65,1,6,1,1,0,0,2,53,1,1,1,29,0,0
42,420808,3,4,1,16,9,1,57,12,1,1,0,34,1,73,705,73705,80,2002,JKAZX4E182B5,J,K,A,Z,X,4,E,1,8,2,B,5,0,M,KAWK,ZXE,RC,2,17,,,,,,,600,,4,,4,430,,,,,,,0,0,000000000,00000000000,0,0,0,1,0,0,0,0,0,0,0,70,0,0,0,0,2,3,1,0,0,0,1,34,7111,6,1,0,0,3,3,62,999,1,5,0,0,1,12,2009,7,2012,1,0,0,0,0,2,2,65,1,6,1,1,0,0,1,52,2,2,9,98,0,0
42,420808,4,4,1,16,9,1,57,12,1,1,0,42,3,85,881,85881,66,2009,1XKADU9X09J2,1,X,K,A,D,U,9,X,0,9,J,2,1,T,KW,T60,TR,9,17,,8,2600,1600,CON,D,,,6,763,,,,,00000,00,,64,1,57,01880751,5701880751,3,6,1,1,0,0,0,0,0,0,0,60,0,0,0,14,0,1,54,0,0,0,1,42,17516,6,1,6,0,3,0,70,999,0,0,0,0,0,0,0,0,0,0,0,0,0,0,2,2,65,1,6,1,1,0,0,1,60,9,1,1,98,0,0
42,420809,1,1,2,15,9,19,0,9,0,1,0,42,2,12,17,12017,4,1998,1FAFP52U3WA1,1,F,A,F,P,5,2,U,3,W,A,1,0,P,FORD,TLS,4D,98,17,3359,,0,1085,,G,,F,6,182,,,15R205,,,,,,0,0,000000000,00000000000,0,0,0,1,0,0,0,0,0,0,0,999,0,0,0,11,4,1,9,0,0,0,1,42,19143,6,1,0,0,3,0,60,999,0,8,0,0,2,9,2010,8,2011,0,99,99,99,99,6,2,99,3,6,2,1,21,3,16,83,1,1,1,13,0,0
42,420810,1,2,1,18,7,17,26,12,6,1,0,24,1,12,37,12037,4,2007,1FAFP34N77W3,1,F,A,F,P,3,4,N,7,7,W,3,0,P,FORD,X4S,4D,7,17,2636,,0,1029,,G,,F,4,122,,,15R195,,,,,,0,0,000000000,00000000000,0,0,0,1,0,0,0,0,0,0,0,0,0,0,0,9,6,2,12,0,0,0,1,24,21771,6,1,0,0,3,0,67,210,0,0,0,0,0,0,0,0,0,0,54,0,0,0,1,2,45,2,6,2,2,0,0,7,53,1,1,1,48,1,0
42,420810,2,2,2,18,7,17,26,12,6,1,0,24,3,84,881,84881,62,2004,1HTMMAAL74H6,1,H,T,M,M,A,A,L,7,4,H,6,0,T,INTL,430,CC,4,17,,6,0,0,40S,D,,,6,466,,,,,00000,00,,42,0,57,00348981,5700348981,2,2,1,1,0,0,0,0,0,0,0,35,0,0,0,12,4,3,12,0,0,0,1,24,21157,6,1,6,0,3,0,73,150,0,0,0,0,0,0,0,0,0,0,84,0,0,0,1,2,45,2,6,2,2,0,0,14,50,9,1,1,48,0,0
42,420811,1,2,2,21,9,16,39,12,11,1,0,42,1,12,481,12481,31,1997,1FTHF36F0VED,1,F,T,H,F,3,6,F,0,V,E,D,0,T,FORD,F35,PK,97,17,,2,0,1330,COF,D,,,8,444,,,,D,4970,03,A,44,0,0,000000000,00000000000,0,0,0,1,0,0,0,0,0,0,0,999,0,0,0,11,2,3,12,0,0,0,1,42,17315,6,1,0,0,3,1,66,999,0,0,0,0,0,0,0,0,0,0,48,6,0,0,1,2,25,1,1,2,1,0,0,12,98,1,1,1,98,0,0
42,420811,2,2,1,21,9,16,39,12,11,1,0,42,1,34,706,34706,80,2004,WB10555A74ZD,W,B,1,0,5,5,5,A,7,4,Z,D,0,M,BMW,K1T,RS,4,17,,,,,,,1171,,4,,4,796,,,,,,,0,0,000000000,00000000000,0,0,0,1,0,0,0,0,0,0,0,999,0,0,0,5,6,2,12,0,0,0,1,42,17019,3,1,0,0,2,1,75,999,0,0,0,0,0,0,0,0,0,0,0,0,0,0,1,2,25,1,1,2,1,0,0,1,98,6,1,1,98,1,0
42,420812,1,2,1,10,9,16,40,12,6,1,0,42,2,23,401,23401,14,2008,1GKDT13S1821,1,G,K,D,T,1,3,S,1,8,2,1,0,T,GMC,ENV,4W,8,17,,1,0,1130,ENV,G,,,6,256,,,,B,4404,00,S,44,0,0,000000000,00000000000,0,0,0,1,0,0,0,0,0,0,0,25,0,0,0,1,6,2,12,0,0,0,1,42,15825,6,1,0,0,3,0,63,999,0,0,0,0,0,0,0,0,0,0,48,6,0,0,1,2,55,1,5,2,1,0,0,11,15,1,1,1,68,0,0
42,420812,2,2,1,10,9,16,40,12,6,1,0,42,2,53,705,53705,80,1998,JS1GN79A2W21,J,S,1,G,N,7,9,A,2,W,2,1,0,M,SUZI,GX6,RC,98,17,,,,,,,600,,4,,4,440,,,,,,,0,0,000000000,00000000000,0,0,0,1,0,0,0,0,0,0,0,55,0,0,0,12,6,2,12,0,0,0,1,42,15829,6,1,0,0,2,0,72,999,0,4,1,0,0,11,2009,5,2012,0,0,0,0,0,1,2,55,1,6,2,1,0,0,1,62,3,2,1,69,1,0
42,420813,1,2,4,12,9,15,10,12,6,1,0,42,1,6,441,6441,20,1997,1C4GP54L4VB3,1,C,4,G,P,5,4,L,4,V,B,3,0,T,CHRY,TLX,ES,97,17,,1,0,1193,TWC,G,,,6,230,,,,,3973,00,,42,0,0,000000000,00000000000,0,0,0,1,0,0,0,0,0,0,0,10,0,0,0,12,6,2,12,0,0,0,1,42,15679,6,1,0,0,3,0,71,999,0,0,0,0,0,0,0,0,0,0,38,0,0,0,1,2,35,1,5,2,1,20,3,11,15,1,1,1,82,1,0
42,420813,2,2,2,12,9,15,10,12,6,1,0,42,1,55,33,55033,4,2008,5NPET46C48H2,5,N,P,E,T,4,6,C,4,8,H,2,0,P,HYUN,SGL,4D,8,17,3253,,0,1074,,G,,F,4,144,,,16R215,,,,,,0,0,000000000,00000000000,0,0,0,1,0,0,0,0,0,0,0,30,0,0,0,1,6,2,12,0,0,0,1,42,15601,6,1,0,0,3,0,64,999,0,0,0,0,0,0,0,0,0,0,0,0,0,0,1,2,35,1,6,2,1,0,0,1,67,6,1,2,83,0,0
42,420814,1,3,1,1,9,18,19,12,6,1,0,42,1,72,706,72706,80,2009,1HD1FF4189Y6,1,H,D,1,F,F,4,1,8,9,Y,6,0,M,HD,FHC,RS,9,17,,,,,,,1584,,2,,4,864,,,,,,,0,0,000000000,00000000000,0,0,0,1,0,0,0,0,0,0,0,999,0,0,0,12,6,2,12,0,0,0,1,42,18947,6,1,6,0,3,0,72,999,0,0,0,0,1,5,2011,5,2011,1,0,0,0,0,1,2,40,1,1,2,1,0,0,1,66,3,2,1,86,1,0
42,420814,2,3,2,1,9,18,19,12,6,1,0,12,1,59,31,59031,4,2007,JTHBJ46G7720,J,T,H,B,J,4,6,G,7,7,2,0,0,P,LEXS,E35,4D,7,17,3600,,0,1093,,G,,F,6,211,,,17R215,,,,,,0,0,000000000,00000000000,0,0,0,1,0,0,0,0,0,0,0,999,0,0,0,2,6,2,12,0,0,0,1,12,33019,6,1,0,0,3,3,72,999,0,0,0,0,0,0,0,0,0,0,38,89,0,0,1,2,40,1,1,2,1,20,3,1,17,1,1,1,87,0,0
42,420814,3,3,1,1,9,18,19,12,6,1,1,42,1,73,705,73705,80,1985,JKAZN6A19FA0,J,K,A,Z,N,6,A,1,9,F,A,0,0,M,KAWK,ZN7,RS,85,17,,,,,,,700,,4,,4,478,,,,,,,0,0,000000000,00000000000,0,0,0,1,0,0,0,0,0,0,0,999,0,0,0,1,4,3,12,0,0,0,1,42,18974,0,0,0,0,0,0,70,999,1,9,0,0,4,1,2010,1,2012,1,0,0,0,0,1,2,40,1,1,2,1,0,0,1,66,3,2,1,98,0,0
42,420815,1,2,1,16,9,21,20,12,2,1,0,42,2,12,471,12471,30,1999,1FTZR15V3XTA,1,F,T,Z,R,1,5,V,3,X,T,A,0,T,FORD,RNS,PC,99,17,,1,0,1259,RNG,F,,,6,182,,,,B,00000,00,U,44,0,0,000000000,00000000000,0,0,0,1,0,0,0,0,0,0,0,999,9,0,0,12,6,2,12,0,0,0,1,42,17522,6,2,0,0,3,0,74,999,0,0,0,0,0,0,0,0,0,0,52,28,0,0,1,2,45,3,6,2,1,0,0,14,10,7,1,2,50,0,0
42,420815,2,2,2,16,9,21,20,12,2,1,0,42,1,20,9,20009,2,1998,2G1FP22G9W21,2,G,1,F,P,2,2,G,9,W,2,1,0,P,CHEV,Z28,CP,98,17,3439,,0,1011,,G,,F,8,350,,,16R235,,,,,,0,0,000000000,00000000000,0,0,0,1,0,0,0,0,0,0,0,999,0,0,0,12,6,2,12,0,0,0,1,42,17581,6,1,0,0,3,0,73,999,0,0,0,0,0,0,0,0,0,0,0,0,0,0,1,2,45,1,5,2,1,0,0,1,62,1,1,1,51,1,0
42,420816,1,2,1,25,9,15,14,12,6,1,0,42,4,7,482,7482,32,2012,1C6RD7GP1CS2,1,C,6,R,D,7,G,P,1,C,S,2,0,T,DODG,SL1,CW,12,17,,2,0,1400,RPC,G,,,8,287,,,,B,5294,00,K,44,0,0,000000000,00000000000,0,0,0,1,0,0,0,0,0,0,0,20,0,0,0,12,4,1,12,0,0,0,1,42,19604,6,1,0,0,3,3,66,999,0,0,0,1,0,10,2011,10,2011,0,48,0,0,0,2,2,45,1,1,2,1,3,3,11,15,1,1,1,68,0,0
42,420816,2,2,1,25,9,15,14,12,6,1,0,42,1,37,705,37705,80,2007,JH2PC21497M8,J,H,2,P,C,2,1,4,9,7,M,8,0,M,HOND,VCD,RS,7,17,,,,,,,583,,2,,4,458,,,,,,,0,0,000000000,00000000000,0,0,0,1,0,0,0,0,0,0,0,40,0,0,0,11,6,2,12,0,0,0,1,42,18062,6,1,0,0,3,0,67,999,0,0,0,0,0,0,0,0,0,0,0,0,0,0,2,2,45,1,1,2,1,3,3,1,62,7,1,1,69,1,0
42,420817,1,1,2,30,9,2,13,33,0,1,0,42,2,12,17,12017,4,2006,1FAFP53U96A1,1,F,A,F,P,5,3,U,9,6,A,1,0,P,FORD,TSE,4D,6,17,3307,,0,1085,,G,,F,6,183,,,16R215,,,,,,0,0,000000000,00000000000,0,0,0,1,0,0,0,0,0,0,0,999,0,1,6,12,6,2,31,0,0,0,1,42,15215,6,1,6,0,3,0,70,999,0,0,0,0,0,0,0,0,0,0,6,0,0,0,3,2,40,1,1,2,1,0,0,1,13,1,1,4,1,1,1
42,420818,1,1,1,1,9,0,40,11,0,1,0,42,1,72,706,72706,80,1999,1HD1FCW18XY6,1,H,D,1,F,C,W,1,8,X,Y,6,0,M,HD,FLU,RS,99,17,,,,,,,1450,,2,,4,788,,,,,,,0,0,000000000,00000000000,0,0,0,1,0,0,0,0,0,0,0,50,0,0,0,12,4,3,11,0,0,0,1,42,15025,6,1,0,0,3,0,74,999,0,0,0,0,0,0,0,0,0,0,83,0,0,0,3,2,50,1,6,2,1,0,0,1,87,3,2,1,13,1,1
42,420819,1,1,1,7,9,18,30,53,0,1,0,42,1,50,709,50709,80,1970,CD45894TR6C,C,D,4,5,8,9,4,T,R,6,C,,0,M,TRUM,,,70,11,,,,,,,,,,,,,,,,,,,0,0,000000000,00000000000,0,0,0,1,0,0,0,0,0,0,0,45,0,0,0,1,6,2,30,0,0,0,1,42,15801,6,1,0,0,3,0,68,999,1,0,0,1,1,10,2009,6,2012,0,0,0,0,0,1,2,35,3,5,2,1,0,0,14,11,6,1,4,1,1,1
42,420820,1,1,5,4,8,2,15,35,0,1,0,95,2,37,441,37441,20,2008,5FNRL38498B5,5,F,N,R,L,3,8,4,9,8,B,5,0,P,HOND,UDY,SV,8,17,4473,,0,1181,,G,,F,6,214,,,16R235,,,,,,0,0,000000000,00000000000,0,0,0,1,0,0,0,0,0,0,0,65,0,1,3,12,6,2,21,0,0,0,1,95,0,6,1,0,0,3,0,999,999,99,99,99,99,99,99,9999,99,9999,0,36,0,0,0,2,2,65,1,1,2,1,0,0,1,10,1,1,4,6,3,0