STATE,ST_CASE,VEH_NO,VE_FORMS,NUMOCCS,DAY,MONTH,HOUR,MINUTE,HARM_EV,MAN_COLL,UNITTYPE,HIT_RUN,REG_STAT,OWNER,MAKE,MODEL,MAK_MOD,BODY_TYP,MOD_YEAR,VIN,VIN_1,VIN_2,VIN_3,VIN_4,VIN_5,VIN_6,VIN_7,VIN_8,VIN_9,VIN_10,VIN_11,VIN_12,TOW_VEH,VINTYPE,VINMAKE,VINA_MOD,VIN_BT,VINMODYR,VIN_LNGT,VIN_WGT,WGTCD_TR,WHLBS_LG,WHLBS_SH,SER_TR,FUELCODE,MCYCL_DS,CARBUR,CYLINDER,DISPLACE,MCYCL_CY,MCYCL_WT,TIRE_SZE,TON_RAT,TRK_WT,TRKWTVAR,VIN_REST,WHLDRWHL,J_KNIFE,MCARR_I1,MCARR_I2,MCARR_ID,GVWR,V_CONFIG,CARGO_BT,HAZ_INV,HAZ_PLAC,HAZ_ID,HAZ_CNO,HAZ_REL,BUS_USE,SPEC_USE,EMER_USE,TRAV_SP,UNDERIDE,ROLLOVER,ROLINLOC,IMPACT1,DEFORMED,TOWED,M_HARM,VEH_SC1,VEH_SC2,FIRE_EXP,DR_PRES,L_STATE,DR_ZIP,L_STATUS,L_TYPE,CDL_STAT,L_ENDORS,L_COMPL,L_RESTRI,DR_HGT,DR_WGT,PREV_ACC,PREV_SUS,PREV_DWI,PREV_SPD,PREV_OTH,FIRST_MO,FIRST_YR,LAST_MO,LAST_YR,SPEEDREL,DR_SF1,DR_SF2,DR_SF3,DR_SF4,VTRAFWAY,VNUM_LAN,VSPD_LIM,VALIGN,VPROFILE,VPAVETYP,VSURCOND,VTRAFCON,VTCONT_F,P_CRASH1,P_CRASH2,P_CRASH3,PCRASH4,PCRASH5,ACC_TYPE,DEATHS,DR_DRINK
42,420821,1,1,1,8,9,2,8,25,0,1,0,42,2,12,401,12401,14,2001,1FMYU70E41UC,1,F,M,Y,U,7,0,E,4,1,U,C,0,P,FORD,EPR,UT,1,17,3959,,0,1018,,G,,F,6,245,,,15R235,,,,,,0,0,000000000,00000000000,0,0,0,1,0,0,0,0,0,0,0,60,0,1,1,2,6,2,1,0,0,0,1,42,19154,6,1,0,0,3,3,66,999,0,0,0,0,0,0,0,0,0,1,0,0,0,0,3,4,55,1,1,2,1,0,0,1,13,1,1,4,1,1,1
42,420822,1,1,1,22,9,20,4,1,0,1,0,42,1,50,705,50705,80,2003,SMT805GF23J1,S,M,T,8,0,5,G,F,2,3,J,1,0,M,TRUM,SPF,RC,3,17,,,,,,,599,,4,,4,374,,,,,,,0,0,000000000,00000000000,0,0,0,1,0,0,0,0,0,0,0,45,0,0,0,0,2,3,1,0,0,0,1,42,18080,6,1,0,0,3,0,73,999,0,0,0,0,0,0,0,0,0,1,0,0,0,0,1,2,45,2,5,2,2,0,0,14,11,7,1,4,1,1,1
42,420823,1,1,2,11,7,14,55,42,0,1,0,42,1,18,401,18401,14,2004,3G5DB03E94S5,3,G,5,D,B,0,3,E,9,4,S,5,0,P,BUIC,RZV,UT,4,17,4250,,0,1122,,G,,F,6,207,,,16R215,,,,,,0,0,000000000,00000000000,0,0,0,1,0,0,0,0,0,0,0,40,0,0,0,12,6,2,42,0,0,0,1,42,17774,6,1,0,0,3,0,62,999,0,0,0,0,0,0,0,0,0,0,0,0,0,0,1,2,30,3,5,2,1,0,0,14,11,1,1,4,1,1,0
42,420824,1,1,1,9,9,17,44,30,0,1,0,42,1,98,398,98398,1,1966,B382000215,B,3,8,2,0,0,0,2,1,5,,,0,U,,,,66,10,,,,,,,,,,,,,,,,,,,0,0,000000000,00000000000,0,0,0,1,0,0,0,0,0,0,0,999,0,1,1,1,6,2,30,0,0,1,1,42,19335,6,1,0,0,3,3,72,999,0,0,0,0,0,0,0,0,0,1,0,0,0,0,1,2,35,3,5,2,1,0,0,14,13,1,1,4,1,1,1
42,420825,1,1,1,30,9,4,50,35,0,1,0,42,2,7,402,7402,14,2000,1B4HS28Z7YF1,1,B,4,H,S,2,8,Z,7,Y,F,1,0,P,DODG,DUR,UT,0,17,4462,,0,1159,,G,,F,8,360,,,15R235,,,,,,0,0,000000000,00000000000,0,0,0,1,0,0,0,0,0,0,0,999,0,1,6,14,6,2,1,0,0,0,1,42,15522,6,1,0,0,3,0,73,999,0,0,0,0,0,0,0,0,0,1,33,35,0,0,1,2,55,1,6,2,2,0,0,6,12,99,1,4,6,1,1
42,420826,1,1,1,12,7,3,20,1,0,1,0,42,1,20,482,20482,31,2002,3GNEK13T12G1,3,G,N,E,K,1,3,T,1,2,G,1,0,T,CHEV,KAV,CW,2,17,,2,0,1300,AVL,G,,,8,325,,,,B,5652,00,,44,0,0,000000000,00000000000,0,0,0,1,0,0,0,0,0,0,0,999,0,2,1,0,6,2,1,0,0,0,1,42,16686,6,1,0,0,3,0,72,999,0,0,0,0,0,0,0,0,0,0,6,0,0,0,2,2,65,2,6,1,1,0,0,14,12,7,3,6,98,1,0
42,420827,1,1,1,6,9,0,59,35,0,1,0,42,1,20,16,20016,2,2001,1G1JC1246174,1,G,1,J,C,1,2,4,6,1,7,4,0,P,CHEV,CAV,CP,1,17,2617,,0,1041,,G,,F,4,133,,,14R195,,,,,,0,0,000000000,00000000000,0,0,0,1,0,0,0,0,0,0,0,80,0,0,0,12,6,2,18,0,0,0,1,42,15658,1,1,0,0,2,0,64,999,0,3,0,1,2,11,2009,12,2011,1,0,0,0,0,1,2,45,3,5,2,1,0,0,14,6,1,4,4,7,1,1
42,420828,1,1,2,6,9,15,50,42,0,1,0,42,2,20,441,20441,20,2004,1GNEL19X24B1,1,G,N,E,L,1,9,X,2,4,B,1,0,T,CHEV,AST,ES,4,17,,2,0,1112,AST,G,,,6,262,,,,B,4605,00,,44,0,0,000000000,00000000000,0,0,0,1,0,0,0,0,1,2,0,45,0,1,1,1,6,2,42,0,0,0,1,42,16055,6,1,0,0,3,0,69,999,0,0,0,0,0,0,0,0,0,0,99,99,99,99,1,2,45,1,1,2,1,0,0,1,13,1,1,4,1,1,0
42,420829,1,1,1,1,9,18,47,42,0,1,0,92,0,76,734,76734,90,2005,JY4AM03Y65C0,J,Y,4,A,M,0,3,Y,6,5,C,0,0,M,YAMA,Y6W,AT,5,17,,,,,,,660,,1,,4,600,,,,,,,0,0,000000000,00000000000,0,0,0,1,0,0,0,0,0,0,0,999,0,0,0,12,4,3,42,0,0,0,1,42,18470,6,1,0,0,1,0,67,999,0,0,0,0,0,0,0,0,0,0,18,0,0,0,1,2,45,1,6,5,1,0,0,1,12,1,1,4,6,1,1
42,420830,1,1,1,13,9,19,0,30,0,1,0,42,1,12,21,12021,4,2006,1FAHP28126G1,1,F,A,H,P,2,8,1,2,6,G,1,0,P,FORD,5AM,4D,6,17,3814,,0,1129,,G,,F,6,183,,,18R225,,,,,,0,0,000000000,00000000000,0,0,0,1,0,0,0,0,0,0,0,60,0,0,0,11,6,2,42,0,0,0,1,42,15658,6,1,0,0,3,0,72,999,0,0,0,0,0,0,0,0,0,1,0,0,0,0,1,2,45,3,6,2,1,0,0,14,12,1,1,4,6,1,0
42,420831,1,2,2,29,9,23,15,12,6,1,0,42,2,48,401,48401,14,2000,JF1SF6353YG7,J,F,1,S,F,6,3,5,3,Y,G,7,0,P,SUBA,FOR,UT,0,17,3125,,0,994,,G,,F,4,150,,,15R205,,,,,,0,0,000000000,00000000000,0,0,0,1,0,0,0,0,0,0,0,5,0,0,0,9,6,2,12,0,0,0,1,42,17721,1,1,0,0,2,0,74,999,0,2,0,0,0,1,2011,2,2011,0,48,0,0,0,1,2,45,1,1,2,1,0,0,11,15,1,1,1,72,1,1
42,420831,2,2,5,29,9,23,15,12,6,1,0,42,1,49,482,49482,31,2010,5TFUM5F16AX0,5,T,F,U,M,5,F,1,6,A,X,0,0,T,TOYT,DBS,CW,10,17,,2,0,1457,TUN,G,,,8,281,,,,B,5385,00,7,44,0,0,000000000,00000000000,0,0,0,1,0,0,0,0,0,0,0,45,0,0,0,12,6,2,12,0,0,0,1,42,17844,6,1,0,0,3,0,72,999,0,0,0,1,1,9,2010,8,2011,0,0,0,0,0,1,2,45,1,1,2,1,0,0,1,64,6,1,2,73,0,0
42,420832,1,1,1,25,9,9,17,30,0,1,0,42,1,35,43,35043,2,1993,1N4EB32A1PC7,1,N,4,E,B,3,2,A,1,P,C,7,0,P,NISS,UES,2D,93,17,2246,,0,956,,G,,F,4,098,,,000000,,,,,,0,0,000000000,00000000000,0,0,0,1,0,0,0,0,0,0,0,999,0,0,0,3,6,2,30,0,0,0,1,42,19539,6,1,0,0,3,1,70,999,0,0,0,0,0,0,0,0,0,1,0,0,0,0,1,2,55,3,5,2,1,0,0,14,6,8,4,4,7,1,1
42,420833,1,1,1,1,9,14,32,35,0,1,0,42,2,20,16,20016,1,1999,4G1JF32TXXB9,4,G,1,J,F,3,2,T,X,X,B,9,0,P,CHEV,CZ2,CV,99,17,2826,,0,1041,,G,,F,4,146,,,15R195,,,,,,0,0,000000000,00000000000,0,0,0,1,0,0,0,0,0,0,0,999,0,1,1,12,6,2,1,0,0,0,1,42,15012,6,1,0,0,3,0,64,999,0,1,0,1,0,4,2012,7,2012,1,79,0,0,0,1,2,25,3,6,2,8,0,0,14,6,9,4,4,7,1,0
42,420834,1,1,1,1,9,16,55,42,0,1,0,92,0,37,734,37734,90,2002,478TE2305242,4,7,8,T,E,2,3,0,5,2,4,2,0,M,HOND,TRE,AT,2,17,,,,,,,397,,1,,4,375,,,,,,,0,0,000000000,00000000000,0,0,0,1,0,0,0,0,0,0,0,30,0,1,2,12,6,2,42,0,0,0,1,42,16342,6,1,0,0,1,0,66,999,0,1,0,0,0,5,2010,5,2010,1,18,0,0,0,1,2,55,3,6,5,1,0,0,14,13,1,1,4,1,1,1
42,420835,1,2,4,13,9,22,26,12,6,1,0,42,2,12,13,12013,2,1998,3FAFP1138WR1,3,F,A,F,P,1,1,3,8,W,R,1,0,P,FORD,ZXS,CP,98,17,2478,,0,984,,G,,F,4,121,,,14R185,,,,,,0,0,000000000,00000000000,0,0,0,1,0,0,0,0,0,0,0,999,0,0,0,10,6,2,12,0,0,0,1,42,16667,6,2,0,0,3,0,71,999,0,0,0,0,0,0,0,0,0,0,39,0,0,0,1,2,25,1,1,2,1,3,3,1,17,1,1,1,89,1,0
42,420835,2,2,1,13,9,22,26,12,6,1,0,42,1,22,18,22018,4,1999,1G2NE52E0XC5,1,G,2,N,E,5,2,E,0,X,C,5,0,P,PONT,GAS,4D,99,17,3102,,0,1071,,G,,F,6,207,,,15R215,,,,,,0,0,000000000,00000000000,0,0,0,1,0,0,0,0,0,0,0,999,0,0,0,12,6,2,12,0,0,0,1,42,15559,6,1,0,0,3,1,65,999,0,0,0,0,0,0,0,0,0,0,0,0,0,0,2,2,55,1,1,2,1,3,3,1,66,3,2,1,88,0,0
42,420836,1,2,1,24,9,11,17,12,6,1,0,42,1,23,481,23481,31,2005,1GTJK33265F9,1,G,T,J,K,3,3,2,6,5,F,9,0,T,GMC,NK3,CW,5,17,,3,0,1670,SIE,D,,,8,403,,,,D,6094,05,U,44,0,88,888888888,88888888888,2,1,96,1,0,0,0,0,0,0,0,10,0,0,0,1,4,3,12,0,0,0,1,42,17555,6,1,0,0,3,3,72,999,0,0,0,0,0,0,0,0,0,0,48,0,0,0,1,2,40,1,1,2,1,0,0,11,15,1,1,1,68,0,0
42,420836,2,2,1,24,9,11,17,12,6,1,0,42,1,72,706,72706,80,1993,1HD4CFM13PY2,1,H,D,4,C,F,M,1,3,P,Y,2,0,M,HD,X8D,RS,93,17,,,,,,,883,,2,,4,465,,,,,,,0,0,000000000,00000000000,0,0,0,1,0,0,0,0,0,0,0,30,0,0,0,12,6,2,12,0,0,0,1,42,19344,6,1,0,0,2,0,74,999,0,0,0,0,0,0,0,0,0,0,0,0,0,0,1,2,40,1,1,2,1,0,0,1,62,3,2,1,69,1,0
42,420837,1,1,3,12,7,9,40,9,0,1,0,42,2,7,472,7472,30,1998,1B7GG22Y7WS5,1,B,7,G,G,2,2,Y,7,W,S,5,0,T,DODG,DAK,PC,98,17,,1,0,1309,DAK,G,,,8,318,,,,,3907,00,U,44,0,0,000000000,00000000000,0,0,0,1,0,0,0,0,0,0,0,999,0,0,0,12,4,1,9,0,0,0,1,42,17872,6,7,0,0,3,2,71,999,0,1,0,0,1,8,2010,11,2010,0,73,0,0,0,1,2,25,2,4,2,1,0,0,14,83,2,1,1,13,0,0
42,420838,1,2,1,28,7,14,45,12,1,1,0,42,1,7,43,7043,2,2003,4B3AG42G53E1,4,B,3,A,G,4,2,G,5,3,E,1,0,P,DODG,SSE,CP,3,17,2960,,0,1037,,G,,F,4,146,,,16R205,,,,,,0,0,000000000,00000000000,0,0,0,1,0,0,0,0,0,0,0,55,1,0,0,12,6,2,12,0,0,0,1,42,15545,6,1,0,0,3,1,69,999,0,0,0,0,0,0,0,0,0,1,26,6,0,0,1,2,55,1,1,2,1,0,0,1,50,1,1,1,20,0,0
42,420838,2,2,2,28,7,14,45,12,1,1,0,42,2,14,17,14017,4,2002,1MEFM50U72G6,1,M,E,F,M,5,0,U,7,2,G,6,0,P,MERC,SGP,4D,2,17,3379,,0,1085,,G,,F,6,182,,,16R215,,,,,,0,0,000000000,00000000000,0,0,0,1,0,0,0,0,0,0,0,0,0,0,0,6,6,2,12,0,0,0,1,42,15501,6,1,0,0,3,0,66,999,0,0,0,0,0,0,0,0,0,0,0,0,0,0,1,2,55,1,1,2,1,0,0,5,53,1,1,1,22,1,0
42,420839,1,1,2,9,8,9,1,19,0,1,0,42,2,22,18,22018,4,2001,1G2NF52E01M5,1,G,2,N,F,5,2,E,0,1,M,5,0,P,PONT,SE1,4D,1,17,3116,,0,1070,,G,,F,6,207,,,15R215,,,,,,0,0,000000000,00000000000,0,0,0,1,0,0,0,0,0,0,0,999,0,0,0,12,6,2,19,0,0,0,1,42,16701,6,1,0,0,3,0,65,999,0,0,0,0,0,0,0,0,0,0,48,0,0,0,1,2,25,1,6,2,1,99,9,10,16,99,1,4,14,1,0
42,420840,1,1,1,4,8,14,57,24,0,1,0,42,1,53,706,53706,80,2003,JS1VT54A0321,J,S,1,V,T,5,4,A,0,3,2,1,0,M,SUZI,SK3,RC,3,17,,,,,,,996,,2,,4,417,,,,,,,0,0,000000000,00000000000,0,0,0,1,0,0,0,0,0,0,0,70,0,0,0,10,6,2,24,0,0,0,1,42,18428,6,1,0,0,3,0,65,999,0,0,0,0,0,0,0,0,0,1,0,0,0,0,1,2,55,2,6,2,1,0,0,14,10,8,2,4,7,1,0
42,420841,1,1,2,21,8,22,30,35,0,1,0,42,2,7,472,7472,30,2000,1B7GL22X6YS7,1,B,7,G,L,2,2,X,6,Y,S,7,0,T,DODG,DAK,PC,0,17,,1,0,1309,DAK,G,,,6,239,,,,B,3494,00,U,42,0,0,000000000,00000000000,0,0,0,1,0,0,0,0,0,0,0,999,0,0,0,12,6,2,8,0,0,0,1,42,16335,6,1,0,0,3,3,70,999,0,0,0,0,0,0,0,0,0,0,0,0,0,0,1,2,45,3,6,2,1,0,0,1,8,99,1,4,1,0,0
42,420842,1,1,1,8,9,2,29,33,0,1,0,42,1,49,40,49040,4,1998,4T1BG22K9WU2,4,T,1,B,G,2,2,K,9,W,U,2,0,P,TOYT,CXL,4D,98,17,2998,,0,1051,,G,,F,4,132,,,14R195,,,,,,0,0,000000000,00000000000,0,0,0,1,0,0,0,0,0,0,0,999,0,0,0,3,6,2,43,0,0,0,1,42,19438,6,1,0,0,3,0,68,999,0,0,0,0,0,0,0,0,0,1,0,0,0,0,3,2,40,3,1,2,1,0,0,14,10,1,1,4,6,1,1
42,420843,1,1,1,14,9,11,52,8,0,1,0,42,3,12,461,12461,29,2011,1FDEE3FL7BDA,1,F,D,E,E,3,F,L,7,B,D,A,0,T,FORD,3DC,YY,11,17,,3,1760,1380,CTV,G,,,8,330,,,,D,4802,03,M,42,0,0,000000000,00000000000,0,0,0,1,0,0,0,0,0,0,0,45,0,0,0,2,2,3,8,0,0,0,1,42,17222,6,1,0,0,3,3,69,999,0,0,0,1,0,7,2010,7,2010,0,0,0,0,0,1,2,35,1,5,2,1,28,3,1,80,1,1,1,13,0,0
42,420844,1,1,1,19,9,23,36,30,0,1,0,42,1,72,706,72706,80,2001,1HD4CJM141K1,1,H,D,4,C,J,M,1,4,1,K,1,0,M,HD,L8C,RS,1,17,,,,,,,883,,2,,4,489,,,,,,,0,0,000000000,00000000000,0,0,0,1,0,0,0,0,0,0,0,35,0,0,0,2,2,1,30,0,0,0,1,42,15312,6,1,0,0,3,0,69,999,0,0,0,0,1,8,2010,8,2010,0,0,0,0,0,1,2,35,3,1,2,1,0,0,14,11,1,1,4,1,1,1
42,420845,1,1,1,21,9,10,45,43,0,1,0,42,1,30,40,30040,4,2007,3VWHF71K17M0,3,V,W,H,F,7,1,K,1,7,M,0,0,P,VOLK,J25,4D,7,17,3193,,0,1015,,G,,F,5,151,,,16R205,,,,,,0,0,000000000,00000000000,0,0,0,1,0,0,0,0,0,0,0,55,0,0,0,12,6,2,43,0,0,0,1,42,15627,6,1,0,0,3,3,70,999,0,0,0,0,0,0,0,0,0,0,0,0,0,0,2,2,55,1,1,1,1,0,0,1,11,1,1,4,1,1,1
42,420846,1,1,1,20,9,2,0,1,0,1,0,40,2,53,706,53706,80,2003,JS1GW71A8321,J,S,1,G,W,7,1,A,8,3,2,1,0,M,SUZI,GXR,RC,3,17,,,,,,,1298,,4,,4,478,,,,,,,0,0,000000000,00000000000,0,0,0,1,0,0,0,0,0,0,0,999,0,0,0,0,6,2,33,0,0,0,1,48,75702,6,1,6,0,3,2,999,999,0,3,0,2,2,10,2009,2,2011,1,74,0,0,0,1,2,25,1,1,2,1,3,3,1,17,3,1,5,6,1,1
42,420847,1,1,1,6,9,10,11,8,0,1,0,42,1,84,884,84884,63,1986,1HTZVJUR8GHA,1,H,T,Z,V,J,U,R,8,G,H,A,0,T,INTL,F67,CC,86,17,,8,2560,1480,SS,D,,,6,855,,,,,14750,13,,64,0,57,02207195,5702207195,3,2,4,1,0,0,0,0,0,0,0,999,0,0,0,6,2,1,8,0,0,0,1,42,16101,6,1,6,3,3,3,74,999,0,0,0,0,1,11,2011,11,2011,0,0,0,0,0,1,2,35,1,1,2,1,0,0,13,80,1,1,1,92,0,1
42,420848,1,1,2,15,9,3,10,30,0,1,0,37,1,55,35,55035,4,2010,KMHDU4AD1AU0,K,M,H,D,U,4,A,D,1,A,U,0,0,P,HYUN,BGS,4D,10,17,2723,,0,1043,,G,,F,4,121,,,15R195,,,,,,0,0,000000000,00000000000,0,0,0,1,0,0,0,0,0,0,0,85,0,0,0,3,6,2,30,0,0,0,1,42,15468,6,1,0,0,3,0,67,999,0,0,0,0,0,0,0,0,0,1,0,0,0,0,1,2,35,1,5,1,1,20,3,1,10,6,4,4,6,1,1
42,420849,1,2,1,17,9,6,40,12,2,1,0,42,1,37,471,37471,30,2006,2HJYK16536H5,2,H,J,Y,K,1,6,5,3,6,H,5,0,T,HOND,RTL,CW,6,17,,2,0,1220,RID,G,,,6,214,,,,,4498,00,S,44,0,0,000000000,00000000000,0,0,0,1,0,0,0,0,0,0,0,5,0,0,0,12,6,2,12,0,0,0,1,42,16506,6,1,0,0,3,0,70,999,0,0,0,0,0,0,0,0,0,0,48,38,6,28,1,2,40,1,6,2,1,20,3,11,15,1,1,2,82,0,0
42,420849,2,2,1,17,9,6,40,12,2,1,0,42,1,37,706,37706,80,2005,1HFSC49L85A3,1,H,F,S,C,4,9,L,8,5,A,3,0,M,HOND,XT2,RS,5,17,,,,,,,1795,,2,,4,750,,,,,,,0,0,000000000,00000000000,0,0,0,1,0,0,0,0,0,0,0,999,0,0,0,12,6,2,12,0,0,0,1,42,16503,6,1,0,0,3,1,68,999,0,0,0,0,0,0,0,0,0,0,0,0,0,0,5,4,40,1,5,2,1,0,0,1,67,3,2,1,83,1,0
42,420850,1,2,1,4,9,15,23,12,6,1,0,42,1,22,16,22016,2,1991,1G2JC14K5M76,1,G,2,J,C,1,4,K,5,M,7,6,0,P,PONT,SUN,CP,91,17,2570,,0,1012,,G,,F,4,121,,,14R185,,,,,,0,0,000000000,00000000000,0,0,0,1,0,0,0,0,0,0,0,10,0,0,0,9,6,2,12,0,0,0,1,42,19504,6,1,0,0,3,0,66,999,0,0,0,0,0,0,0,0,0,0,38,0,0,0,1,2,25,1,4,2,2,20,3,11,15,1,1,1,82,1,0
42,420850,2,2,1,4,9,15,23,12,6,1,0,42,1,12,401,12401,14,1999,1FMZU34E7XZA,1,F,M,Z,U,3,4,E,7,X,Z,A,0,P,FORD,EPR,UT,99,17,4128,,0,1116,,G,,F,6,245,,,15R225,,,,,,0,0,000000000,00000000000,0,0,0,1,0,0,0,0,0,0,0,25,0,0,0,12,6,2,12,0,0,0,1,42,19525,6,1,0,0,3,1,62,999,0,0,0,0,0,0,0,0,0,0,0,0,0,0,1,2,25,1,4,2,2,0,0,1,67,2,1,1,83,0,0
42,420851,1,3,1,14,9,21,17,12,8,1,0,42,1,12,401,12401,14,2004,1FMZU73E54UB,1,F,M,Z,U,7,3,E,5,4,U,B,0,P,FORD,EPR,UT,4,17,4094,,0,1137,,G,,F,6,245,,,16R235,,,,,,0,0,000000000,00000000000,0,0,0,1,0,0,0,0,0,0,0,55,0,0,0,10,6,2,12,0,0,0,1,42,17268,6,1,0,0,3,0,69,999,0,2,2,0,0,10,2009,10,2011,0,28,0,0,0,1,3,55,1,5,2,1,0,0,1,10,1,1,2,64,0,1
42,420851,2,3,1,14,9,21,17,12,8,1,0,42,1,63,401,63401,14,2002,KNDJA7237251,K,N,D,J,A,7,2,3,7,2,5,1,0,P,KIA,SPO,UT,2,17,3352,,0,1043,,G,,F,4,122,,,15R205,,,,,,0,0,000000000,00000000000,0,0,0,1,0,0,0,0,0,0,0,55,0,0,0,9,6,2,12,0,0,0,1,42,17350,6,1,0,0,3,0,70,999,0,0,0,0,0,0,0,0,0,0,0,0,0,0,1,3,55,1,6,2,1,0,0,1,62,7,1,4,65,0,0
42,420851,3,3,1,14,9,21,17,12,8,1,0,42,1,53,34,53034,4,2005,KL5JD56Z25K2,K,L,5,J,D,5,6,Z,2,5,K,2,0,P,SUZI,FZS,4D,5,17,2700,,0,1024,,G,,F,4,122,,,15R195,,,,,,0,0,000000000,00000000000,0,0,0,1,0,0,0,0,0,0,0,55,0,0,0,12,6,2,12,0,0,0,1,42,17320,6,1,0,0,3,0,63,999,0,0,0,0,0,0,0,0,0,0,0,0,0,0,1,3,55,1,6,2,1,0,0,1,62,1,1,1,98,1,0
42,420852,1,2,1,19,9,19,34,12,6,1,0,42,1,54,39,54039,4,2010,JH4CU2F66AC0,J,H,4,C,U,2,F,6,6,A,C,0,0,P,ACUR,TSX,4D,10,17,3470,,0,1064,,G,,F,4,146,,,17R225,,,,,,0,0,000000000,00000000000,0,0,0,1,0,0,0,0,0,0,0,999,0,0,0,11,2,3,12,0,0,0,1,42,19020,6,1,0,0,3,0,68,999,0,0,0,0,0,0,0,0,0,0,38,0,0,0,1,2,25,1,1,2,1,20,3,11,15,1,1,1,82,0,1
42,420852,2,2,2,19,9,19,34,12,6,1,0,42,1,72,706,72706,80,1993,1HD1BLL19PY0,1,H,D,1,B,L,L,1,9,P,Y,0,0,M,HD,XST,RS,93,17,,,,,,,1340,,2,,4,625,,,,,,,0,0,000000000,00000000000,0,0,0,1,0,0,0,0,0,0,0,999,0,0,0,12,6,2,12,0,0,0,1,42,19007,1,1,0,0,2,3,71,999,0,5,0,0,1,9,2011,9,2012,0,0,0,0,0,1,2,35,3,1,2,1,0,0,14,67,98,1,1,83,1,1
42,420853,1,2,2,23,9,16,48,12,1,1,0,42,2,12,481,12481,31,2005,1FTPW14515FB,1,F,T,P,W,1,4,5,1,5,F,B,0,T,FORD,F1S,CW,5,17,,2,1450,1260,COF,G,,,8,330,,,,B,5577,00,U,44,0,0,000000000,00000000000,0,0,0,1,0,0,0,0,0,0,0,87,0,1,1,12,6,2,12,0,0,0,1,42,17025,6,1,0,0,3,0,72,999,0,0,0,0,1,5,2011,5,2011,1,52,0,0,0,1,2,35,1,4,2,1,0,0,1,51,6,1,1,24,1,0
42,420853,2,2,2,23,9,16,48,12,1,1,0,42,1,12,401,12401,14,2005,1FMZU73K85UA,1,F,M,Z,U,7,3,K,8,5,U,A,0,P,FORD,EPR,UT,5,17,4094,,0,1137,,F,,F,6,245,,,16R235,,,,,,0,0,000000000,00000000000,0,0,0,1,0,0,0,0,0,0,0,15,0,0,0,6,6,2,12,0,0,0,1,42,17011,6,1,0,0,3,1,72,999,0,0,0,0,0,0,0,0,0,0,0,0,0,0,1,2,35,1,4,2,1,0,0,1,53,1,1,1,25,0,0
42,420854,1,2,1,25,9,16,25,12,6,1,0,42,1,72,706,72706,80,2009,1HD1KB4179Y6,1,H,D,1,K,B,4,1,7,9,Y,6,0,M,HD,FHX,RS,9,17,,,,,,,1584,,2,,4,810,,,,,,,0,0,000000000,00000000000,0,0,0,1,0,0,0,0,0,0,0,40,0,0,0,12,6,2,12,0,0,0,1,42,16506,6,1,0,0,3,3,67,999,0,0,0,0,0,0,0,0,0,1,39,0,0,0,1,6,40,1,1,2,1,3,3,1,62,3,2,1,69,1,0
42,420854,2,2,2,25,9,16,25,12,6,1,0,42,3,12,461,12461,21,2002,1FTNE24212HB,1,F,T,N,E,2,4,2,1,2,H,B,0,T,FORD,25V,CG,2,17,,2,0,1380,VAN,G,,,6,256,,,,C,5270,00,E,42,0,0,000000000,00000000000,0,0,0,1,0,0,0,0,0,0,0,999,0,0,0,3,4,3,12,0,0,0,1,42,16401,6,1,0,0,3,3,70,999,0,0,0,0,0,0,0,0,0,0,0,0,0,0,1,6,40,1,1,2,1,3,3,11,15,1,1,1,68,0,0
42,420855,1,2,2,18,9,19,5,12,1,1,0,42,1,49,32,49032,4,2005,1NXBR32E65Z3,1,N,X,B,R,3,2,E,6,5,Z,3,0,P,TOYT,UCS,4D,5,17,2530,,0,1024,,G,,F,4,109,,,15R185,,,,,,0,0,000000000,00000000000,0,0,0,1,0,0,0,0,0,0,0,45,9,0,0,12,6,2,12,0,0,0,1,42,15425,6,1,0,0,3,0,71,999,0,0,0,0,0,0,0,0,0,0,26,6,0,0,2,2,55,1,1,2,2,0,0,1,51,1,1,1,24,1,0
42,420855,2,2,1,18,9,19,5,12,1,1,0,42,3,82,881,82881,66,2010,1FUJGEDV4ALA,1,F,U,J,G,E,D,V,4,A,L,A,1,T,FRHT,125,TR,10,17,,8,0,0,CSC,D,,,6,781,,,,,00000,00,,64,1,57,08111465,5708111465,3,6,2,2,2,8888,3,1,0,0,0,35,0,0,0,6,2,1,12,0,0,0,1,42,15010,6,1,6,1,3,0,71,999,0,0,0,0,0,0,0,0,0,0,0,0,0,0,2,2,55,1,1,2,2,0,0,1,53,1,1,1,25,0,0
42,420856,1,2,1,18,9,15,47,12,6,1,0,42,1,12,471,12471,30,2005,1FTYR15EX5PA,1,F,T,Y,R,1,5,E,X,5,P,A,0,T,FORD,RNS,PC,5,17,,1,0,1259,RNG,G,,,6,245,,,,B,3697,00,U,44,0,0,000000000,00000000000,0,0,0,1,0,0,0,0,0,0,0,45,9,0,0,1,6,2,12,0,0,0,1,42,15204,6,1,0,0,3,0,73,999,0,0,0,1,0,6,2011,6,2011,1,51,0,0,0,2,2,55,1,1,1,2,0,0,1,12,99,4,4,66,1,0
42,420856,2,2,1,18,9,15,47,12,6,1,0,18,3,82,881,82881,66,2012,1FUJGLDR8CSB,1,F,U,J,G,L,D,R,8,C,S,B,1,T,FRHT,125,TR,12,17,,8,0,0,CSC,D,,,6,903,,,,,00000,00,,64,1,57,00003706,5700003706,3,6,1,1,0,0,0,0,0,0,0,53,0,0,0,11,6,2,12,0,0,0,1,18,47715,6,1,6,0,3,3,72,205,0,1,0,1,2,9,2010,11,2011,0,0,0,0,0,2,2,55,1,1,1,2,0,0,1,62,7,1,2,66,0,0