STATE,ST_CASE,VEH_NO,VE_FORMS,NUMOCCS,DAY,MONTH,HOUR,MINUTE,HARM_EV,MAN_COLL,UNITTYPE,HIT_RUN,REG_STAT,OWNER,MAKE,MODEL,MAK_MOD,BODY_TYP,MOD_YEAR,VIN,VIN_1,VIN_2,VIN_3,VIN_4,VIN_5,VIN_6,VIN_7,VIN_8,VIN_9,VIN_10,VIN_11,VIN_12,TOW_VEH,VINTYPE,VINMAKE,VINA_MOD,VIN_BT,VINMODYR,VIN_LNGT,VIN_WGT,WGTCD_TR,WHLBS_LG,WHLBS_SH,SER_TR,FUELCODE,MCYCL_DS,CARBUR,CYLINDER,DISPLACE,MCYCL_CY,MCYCL_WT,TIRE_SZE,TON_RAT,TRK_WT,TRKWTVAR,VIN_REST,WHLDRWHL,J_KNIFE,MCARR_I1,MCARR_I2,MCARR_ID,GVWR,V_CONFIG,CARGO_BT,HAZ_INV,HAZ_PLAC,HAZ_ID,HAZ_CNO,HAZ_REL,BUS_USE,SPEC_USE,EMER_USE,TRAV_SP,UNDERIDE,ROLLOVER,ROLINLOC,IMPACT1,DEFORMED,TOWED,M_HARM,VEH_SC1,VEH_SC2,FIRE_EXP,DR_PRES,L_STATE,DR_ZIP,L_STATUS,L_TYPE,CDL_STAT,L_ENDORS,L_COMPL,L_RESTRI,DR_HGT,DR_WGT,PREV_ACC,PREV_SUS,PREV_DWI,PREV_SPD,PREV_OTH,FIRST_MO,FIRST_YR,LAST_MO,LAST_YR,SPEEDREL,DR_SF1,DR_SF2,DR_SF3,DR_SF4,VTRAFWAY,VNUM_LAN,VSPD_LIM,VALIGN,VPROFILE,VPAVETYP,VSURCOND,VTRAFCON,VTCONT_F,P_CRASH1,P_CRASH2,P_CRASH3,PCRASH4,PCRASH5,ACC_TYPE,DEATHS,DR_DRINK
42,420857,1,2,4,18,9,10,2,12,2,1,0,42,1,12,37,12037,4,2007,1FAFP34N17W3,1,F,A,F,P,3,4,N,1,7,W,3,0,P,FORD,X4S,4D,7,17,2636,,0,1029,,G,,F,4,122,,,15R195,,,,,,0,0,000000000,00000000000,0,0,0,1,0,0,0,0,0,0,0,45,0,0,0,12,6,2,12,0,0,0,1,42,15701,6,1,0,0,3,0,64,999,0,0,0,1,0,1,2012,1,2012,1,28,0,0,0,1,2,45,2,1,2,2,0,0,14,10,1,1,2,50,1,0
42,420857,2,2,1,18,9,10,2,12,2,1,0,42,2,2,404,2404,14,1998,1J4GZ88Z7WC1,1,J,4,G,Z,8,8,Z,7,W,C,1,0,T,JEEP,L59,4W,98,17,,1,0,1059,GCK,G,,,8,360,,,,,4096,00,E,44,0,0,000000000,00000000000,0,0,0,1,0,0,0,0,0,0,0,45,0,0,0,12,6,2,12,0,0,0,1,42,15904,6,1,6,0,3,1,62,999,0,0,0,0,0,0,0,0,0,0,0,0,0,0,1,2,45,3,1,2,2,0,0,14,62,99,1,1,51,0,0
42,420858,1,1,1,16,9,13,34,42,0,1,0,42,1,73,706,73706,80,2005,JKAZRDK175A0,J,K,A,Z,R,D,K,1,7,5,A,0,0,M,KAWK,ZRD,RC,5,17,,,,,,,749,,4,,4,431,,,,,,,0,0,000000000,00000000000,0,0,0,1,0,0,0,0,0,0,0,999,0,0,0,3,6,2,42,0,0,0,1,42,18972,3,1,0,0,2,3,66,999,0,0,0,0,0,0,0,0,0,1,0,0,0,0,1,2,55,3,1,2,1,40,3,14,12,3,4,4,7,1,1
42,420859,1,1,3,25,9,14,23,33,0,1,0,42,1,20,481,20481,31,1996,1GCEK19R0TE2,1,G,C,E,K,1,9,R,0,T,E,2,0,T,CHEV,GK1,PC,96,17,,2,1555,1415,GM4,G,,,8,350,,,,B,4495,08,,44,0,0,000000000,00000000000,0,0,0,1,0,0,0,0,0,0,0,999,0,1,6,12,6,2,1,0,0,0,1,42,18831,6,1,0,0,3,1,67,999,0,0,0,0,0,0,0,0,0,1,39,0,0,0,1,2,25,1,6,2,1,20,3,1,14,2,1,4,14,1,0
42,420860,1,2,2,1,9,17,29,12,1,1,0,42,1,12,401,12401,14,2007,1FMEU75807UA,1,F,M,E,U,7,5,8,0,7,U,A,0,P,FORD,EPR,UT,7,17,4706,,0,1137,,G,,F,8,281,,,18R235,,,,,,0,0,000000000,00000000000,0,0,0,1,0,0,0,0,0,0,0,25,9,0,0,12,6,2,12,0,0,0,1,42,15120,6,1,0,0,3,3,71,999,1,0,0,0,0,1,2010,1,2010,0,26,0,0,0,1,2,25,1,1,2,1,0,0,1,50,1,1,1,20,1,0
42,420860,2,2,2,1,9,17,29,12,1,1,0,42,2,37,31,37031,4,2006,JHMFA16596S0,J,H,M,F,A,1,6,5,9,6,S,0,0,P,HOND,UCL,4D,6,17,2751,,0,1063,,G,,F,4,110,,,16R205,,,,,,0,0,000000000,00000000000,0,0,0,1,0,0,0,0,0,0,0,0,0,0,0,6,4,1,12,0,0,0,1,42,15668,6,1,0,0,3,0,67,999,0,0,0,1,0,10,2011,10,2011,0,0,0,0,0,1,2,25,1,1,2,1,0,0,5,53,1,1,1,21,0,0
42,420861,1,1,1,16,9,5,0,43,0,1,0,42,1,35,39,35039,4,2000,JN1CA31D9YT7,J,N,1,C,A,3,1,D,9,Y,T,7,0,P,NISS,MGS,4D,0,17,3071,,0,1083,,G,,F,6,182,,,15R205,,,,,,0,0,000000000,00000000000,0,0,0,1,0,0,0,0,0,0,0,999,9,0,0,12,6,2,14,0,0,0,1,42,19146,6,1,0,0,3,0,71,999,0,0,0,0,0,0,0,0,0,0,99,99,99,99,5,4,35,1,1,2,1,0,0,1,13,3,9,4,2,1,0
42,420862,1,4,1,30,9,15,10,12,1,1,0,42,1,22,16,22016,2,1999,1G2JB1243X75,1,G,2,J,B,1,2,4,3,X,7,5,0,P,PONT,SFS,CP,99,17,2630,,0,1041,,G,,F,4,133,,,14R195,,,,,,0,0,000000000,00000000000,0,0,0,1,0,0,0,0,0,0,0,40,0,0,0,12,6,2,12,0,0,0,1,42,17745,6,1,0,0,3,0,73,999,0,0,0,0,0,0,0,0,0,1,6,26,0,0,1,4,35,1,1,2,1,3,3,1,50,1,1,1,20,1,1
42,420862,2,4,2,30,9,15,10,12,1,1,0,42,2,23,472,23472,30,2005,1GTDT1362582,1,G,T,D,T,1,3,6,2,5,8,2,0,T,GMC,CAN,CW,5,17,,1,0,1260,CAN,G,,,5,214,,,,B,3895,00,U,44,0,0,000000000,00000000000,0,0,0,1,0,0,0,0,0,0,0,0,0,0,0,6,6,2,12,0,0,0,1,42,17747,6,1,0,0,3,0,62,999,0,0,0,1,0,8,2011,8,2011,0,0,0,0,0,1,4,35,1,1,2,1,3,3,5,53,1,1,1,22,0,0
42,420862,3,4,4,30,9,15,10,12,1,1,0,42,2,2,404,2404,14,2003,1J4GW48S63C5,1,J,4,G,W,4,8,S,6,3,C,5,0,T,JEEP,LRO,4W,3,17,,1,0,1059,GCK,G,,,6,244,,,,,3880,01,E,44,0,0,000000000,00000000000,0,0,0,1,0,0,0,0,0,0,0,0,0,0,0,6,4,3,12,0,0,0,1,42,17745,6,1,0,0,3,0,71,999,0,0,0,0,0,0,0,0,0,0,0,0,0,0,1,4,35,1,1,2,1,3,3,5,53,1,1,1,98,0,0
42,420862,4,4,1,30,9,15,10,12,1,1,0,42,2,48,45,48045,6,2011,4S4BRBCC0B34,4,S,4,B,R,B,C,C,0,B,3,4,0,P,SUBA,O2P,SW,11,17,3428,,0,1079,,G,,F,4,150,,,17R225,,,,,,0,0,000000000,00000000000,0,0,0,1,0,0,0,0,0,0,0,0,0,0,0,6,2,1,12,0,0,0,1,42,17745,6,1,0,0,3,3,65,999,0,0,0,0,0,0,0,0,0,0,0,0,0,0,1,4,35,1,1,2,1,3,3,5,53,1,1,1,98,0,0
42,420863,1,2,1,5,9,9,42,12,2,1,0,42,1,48,45,48045,6,2005,4S4BP86C6543,4,S,4,B,P,8,6,C,6,5,4,3,0,P,SUBA,OHL,SW,5,17,3600,,0,1051,,G,,F,6,183,,,17R225,,,,,,0,0,000000000,00000000000,0,0,0,1,0,0,0,0,0,0,0,40,7,1,1,12,6,2,12,0,0,0,1,42,18014,6,1,0,0,3,0,66,999,1,0,0,0,0,11,2009,11,2009,0,28,6,0,0,1,2,35,1,1,2,2,0,0,1,10,7,1,6,50,0,0
42,420863,2,2,2,5,9,9,42,12,2,1,0,42,1,12,13,12013,6,1999,3FAFP15P6XR1,3,F,A,F,P,1,5,P,6,X,R,1,0,P,FORD,ESE,SW,99,17,2531,,0,984,,G,,F,4,122,,,14R185,,,,,,0,0,000000000,00000000000,0,0,0,1,0,0,0,0,0,0,0,40,0,0,0,12,6,2,12,0,0,0,1,42,18018,6,1,0,0,3,3,66,999,0,0,0,0,0,0,0,0,0,0,0,0,0,0,1,2,35,1,3,2,2,0,0,1,62,3,2,1,51,2,0
42,420864,1,2,1,14,9,9,46,12,6,1,0,42,2,37,31,37031,4,2005,JHMES96615S0,J,H,M,E,S,9,6,6,1,5,S,0,0,P,HOND,CHY,4D,5,17,2661,,0,1032,,B,,F,4,082,,,14R185,,,,,,0,0,000000000,00000000000,0,0,0,1,0,0,0,0,0,0,0,999,0,0,0,1,6,2,12,0,0,0,1,42,19403,6,1,0,0,3,3,72,999,0,0,0,0,0,0,0,0,0,0,48,0,0,0,1,2,40,1,1,2,1,0,0,11,8,1,1,1,68,1,0
42,420864,2,2,1,14,9,9,46,12,6,1,0,42,1,2,404,2404,14,2001,1J4GW48S41C5,1,J,4,G,W,4,8,S,4,1,C,5,0,T,JEEP,LRO,4W,1,17,,1,0,1059,GCK,G,,,6,244,,,,,3864,01,E,44,0,0,000000000,00000000000,0,0,0,1,0,0,0,0,0,0,0,999,0,1,1,12,6,2,12,0,0,0,1,42,19438,1,1,0,0,2,0,71,999,0,1,2,0,0,7,2012,7,2012,0,0,0,0,0,1,2,40,1,1,2,1,0,0,1,62,3,2,1,69,0,0
42,420865,1,2,1,15,9,22,52,12,2,1,0,51,1,37,705,37705,80,2005,JH2PC37005M2,J,H,2,P,C,3,7,0,0,5,M,2,0,M,HOND,B60,RC,5,17,,,,,,,599,,4,,4,361,,,,,,,0,0,000000000,00000000000,0,0,0,1,0,0,0,0,0,0,0,60,0,0,0,12,6,2,12,0,0,0,1,42,19055,6,1,0,0,2,0,70,999,0,0,0,0,0,0,0,0,0,1,0,0,0,0,1,2,25,1,1,2,1,0,0,1,50,1,1,1,52,1,1
42,420865,2,2,0,15,9,22,52,12,2,1,0,42,6,49,33,49033,3,2000,JTDDR32T5Y00,J,T,D,D,R,3,2,T,5,Y,0,0,0,P,TOYT,CGF,2H,0,17,2425,,0,1023,,G,,F,4,109,,,15R195,,,,,,0,0,000000000,00000000000,0,0,0,1,0,0,0,0,0,0,0,0,0,0,0,12,4,1,12,0,0,0,0,0,99997,7,6,97,7,6,7,998,997,998,998,998,998,998,98,9998,98,9998,8,20,0,0,0,1,2,25,1,1,2,1,0,0,0,98,0,0,0,52,0,0
42,420866,1,2,2,23,9,13,56,12,1,1,0,42,2,22,20,22020,4,2001,1G2WK52J21F1,1,G,2,W,K,5,2,J,2,1,F,1,0,P,PONT,GFS,4D,1,17,3384,,0,1105,,G,,F,6,191,,,15R205,,,,,,0,0,000000000,00000000000,0,0,0,1,0,0,0,0,0,0,0,999,0,0,0,12,6,2,12,0,0,0,1,42,18064,6,1,0,0,3,3,67,999,0,0,0,0,0,0,0,0,0,1,26,0,0,0,1,2,25,1,6,2,1,0,0,1,51,1,1,1,24,2,0
42,420866,2,2,1,23,9,13,56,12,1,1,0,42,1,30,40,30040,4,2012,3VWLL7AJ8CM3,3,V,W,L,L,7,A,J,8,C,M,3,0,P,VOLK,JTD,4D,12,17,3210,,0,0,,D,,T,4,120,,,000000,,,,,,0,0,000000000,00000000000,0,0,0,1,0,0,0,0,0,0,0,999,0,0,0,6,2,1,12,0,0,0,1,42,18013,6,1,0,0,3,3,70,999,0,0,0,0,0,0,0,0,0,0,0,0,0,0,1,2,25,1,1,2,1,0,0,1,53,1,1,1,25,0,0
42,420867,1,1,3,3,9,22,25,24,0,1,0,42,2,51,45,51045,4,2000,YV1TS90D7Y11,Y,V,1,T,S,9,0,D,7,Y,1,1,0,P,VOLV,S8T,4D,0,17,3695,,0,1099,,G,,T,6,170,,,000000,,,,,,0,0,000000000,00000000000,0,0,0,1,0,0,0,0,0,0,0,999,0,1,6,9,6,2,43,0,0,0,1,42,19134,6,1,0,0,3,3,72,999,1,0,0,1,0,11,2010,9,2011,1,0,0,0,0,3,3,50,1,1,2,1,0,0,1,10,9,3,4,6,1,0
42,420868,1,1,1,4,9,5,36,8,0,1,0,42,2,2,404,2404,14,2000,1J4FF48SXYL1,1,J,4,F,F,4,8,S,X,Y,L,1,0,T,JEEP,SPT,4W,0,17,,1,0,1014,CHK,G,,,6,244,,,,,3247,00,E,44,0,0,000000000,00000000000,0,0,0,1,0,0,0,0,0,0,0,40,0,0,0,12,2,3,8,0,0,0,1,42,18104,6,1,0,0,3,3,74,999,1,0,0,0,0,4,2012,4,2012,0,0,0,0,0,6,1,15,2,5,1,2,0,0,14,80,8,1,1,13,0,0
42,420869,1,1,1,26,9,18,56,42,0,1,0,42,2,49,40,49040,4,1997,4T1BG22K6VU0,4,T,1,B,G,2,2,K,6,V,U,0,0,P,TOYT,UEX,4D,97,17,2976,,0,1051,,G,,F,4,132,,,14R195,,,,,,0,0,000000000,00000000000,0,0,0,1,0,0,0,0,0,0,0,50,0,1,6,14,6,2,42,0,0,0,1,42,17814,6,2,0,0,3,3,60,999,0,0,0,0,0,0,0,0,0,1,52,0,0,0,1,2,40,1,1,2,2,0,0,1,11,99,1,4,1,1,0
42,420870,1,1,1,9,9,13,36,9,0,1,0,42,1,49,402,49402,14,2005,JTEHD20V3500,J,T,E,H,D,2,0,V,3,5,0,0,0,P,TOYT,RV4,UT,5,17,3119,,0,980,,G,,F,4,144,,,16R215,,,,,,0,0,000000000,00000000000,0,0,0,1,0,0,0,0,0,0,0,999,0,0,0,12,2,1,9,0,0,0,1,42,19149,6,1,0,0,3,0,69,999,0,0,0,0,1,6,2012,6,2012,0,0,0,0,0,1,2,35,1,1,2,1,0,0,1,83,6,1,2,13,0,0
42,420871,1,1,1,11,9,9,4,8,0,1,0,42,4,12,481,12481,31,2002,1FTNX21L82ED,1,F,T,N,X,2,1,L,8,2,E,D,0,T,FORD,F2S,4C,2,17,,2,1580,1418,SRW,G,,,8,330,,,,C,5949,05,U,44,0,0,000000000,00000000000,0,0,0,1,0,0,0,0,0,0,0,999,0,0,0,1,2,1,8,0,0,0,1,42,18220,6,1,0,0,3,0,60,999,0,0,0,0,0,0,0,0,0,0,0,0,0,0,1,2,25,1,1,2,1,1,3,11,80,2,1,1,13,0,0
42,420872,1,1,2,2,9,1,15,1,0,1,0,0,0,98,739,98739,90,2010,4XAVH76A5AD0,4,X,A,V,H,7,6,A,5,A,D,0,0,M,POLS,RZR,AT,10,17,,,,,,,760,,2,,4,945,,,,,,,0,0,000000000,00000000000,0,0,0,1,0,0,0,0,0,0,0,55,0,1,5,0,6,2,1,0,0,0,1,39,44410,6,1,6,3,3,0,70,999,0,0,0,0,0,0,0,0,0,0,0,0,0,0,1,2,98,3,6,4,1,0,0,14,11,99,1,4,1,1,1
42,420873,1,1,1,20,9,1,30,35,0,1,0,42,2,20,402,20402,14,2003,2CNBJ7342369,2,C,N,B,J,7,3,4,2,3,6,9,0,P,CHEV,TKR,UT,3,17,2987,,0,976,,G,,F,6,152,,,15R215,,,,,,0,0,000000000,00000000000,0,0,0,1,0,0,0,0,0,0,0,50,0,0,0,14,6,2,2,0,0,1,1,42,17020,6,1,0,0,3,0,71,999,0,0,0,1,0,3,2011,3,2011,1,0,0,0,0,1,2,45,3,1,2,1,0,0,14,11,1,1,4,1,1,1
42,420874,1,2,1,23,9,20,30,12,6,1,0,42,1,12,401,12401,14,1997,1FMDU35P6VUA,1,F,M,D,U,3,5,P,6,V,U,A,0,P,FORD,EPR,UT,97,17,4166,,0,1115,,G,,F,8,302,,,15R225,,,,,,0,0,000000000,00000000000,0,0,0,1,0,0,0,0,0,0,0,999,0,0,0,12,6,2,12,0,0,0,1,42,19120,6,1,0,0,3,0,68,999,0,1,0,1,0,10,2009,8,2011,0,99,99,99,99,1,2,30,1,1,1,1,3,3,1,66,99,1,1,88,0,0
42,420874,2,2,2,23,9,20,30,12,6,1,0,42,2,18,441,18441,20,2005,5GADV23L15D1,5,G,A,D,V,2,3,L,1,5,D,1,0,P,BUIC,TER,SV,5,17,4470,,0,1211,,G,,F,6,214,,,000000,,,,,,0,0,000000000,00000000000,0,0,0,1,0,0,0,0,0,0,0,999,0,0,0,8,6,2,12,0,0,0,1,42,19135,1,1,0,0,2,0,71,999,0,3,0,0,0,4,2010,10,2011,0,99,99,99,99,2,2,30,1,1,2,1,3,3,1,66,99,1,1,89,2,1
42,420875,1,1,1,6,9,22,47,21,0,1,0,42,1,7,461,7461,21,1998,2B6HB11X2WK1,2,B,6,H,B,1,1,X,2,W,K,1,0,T,DODG,15B,CG,98,17,,2,1272,1096,RMV,G,,,6,239,,,,B,3996,03,U,42,0,0,000000000,00000000000,0,0,0,1,0,0,0,0,0,0,0,999,0,0,0,12,6,2,21,0,0,1,1,42,18240,6,1,0,0,3,0,70,999,0,0,0,0,0,0,0,0,0,0,99,99,99,99,1,2,45,1,1,2,1,0,0,1,12,99,1,4,6,1,0
42,420876,1,2,1,4,9,10,35,12,6,1,0,42,1,49,398,49398,4,2011,4T1BF3EK2BU5,4,T,1,B,F,3,E,K,2,B,U,5,0,P,TOYT,CBA,4D,11,17,3263,,0,1093,,G,,F,4,152,,,16R215,,,,,,0,0,000000000,00000000000,0,0,0,1,0,0,0,0,0,0,0,20,0,0,0,3,4,3,12,0,0,0,1,42,16101,6,1,0,0,3,0,63,999,0,0,0,0,0,0,0,0,0,0,0,0,0,0,3,2,55,1,1,2,1,98,3,11,10,1,1,1,68,1,0
42,420876,2,2,1,4,9,10,35,12,6,1,0,42,1,2,499,2499,15,2004,1J4GL58K14W1,1,J,4,G,L,5,8,K,1,4,W,1,0,T,JEEP,LMD,4W,4,17,,1,0,1043,LIB,G,,,6,226,,,,,3892,00,E,44,0,0,000000000,00000000000,0,0,0,1,0,0,0,0,0,0,0,55,0,0,0,12,4,3,12,0,0,0,1,42,16136,6,1,0,0,3,0,65,999,0,0,0,0,0,0,0,0,0,0,0,0,0,0,3,2,55,1,1,2,1,98,3,1,62,1,1,1,69,0,0
42,420877,1,1,3,11,9,15,49,8,0,1,0,42,1,21,21,21021,4,2004,1G3NL52E14C1,1,G,3,N,L,5,2,E,1,4,C,1,0,P,OLDS,A/G,4D,4,17,2950,,0,1070,,G,,F,6,207,,,15R215,,,,,,0,0,000000000,00000000000,0,0,0,1,0,0,0,0,0,0,0,40,0,0,0,12,4,3,8,0,0,0,1,42,17842,6,1,0,0,3,1,66,999,0,0,0,0,0,0,0,0,0,0,0,0,0,0,1,2,55,1,1,2,1,0,0,1,80,2,1,1,13,0,0
42,420878,1,1,1,2,9,17,33,38,0,1,0,42,1,20,16,20016,4,2003,1G1JF52F2371,1,G,1,J,F,5,2,F,2,3,7,1,0,P,CHEV,CAS,4D,3,17,2676,,0,1041,,G,,F,4,134,,,15R195,,,,,,0,0,000000000,00000000000,0,0,0,1,0,0,0,0,0,0,0,60,0,0,0,2,6,2,42,0,0,0,1,42,18069,6,1,0,0,3,3,65,999,0,0,0,0,0,0,0,0,0,1,0,0,0,0,1,2,35,3,6,2,2,40,3,14,6,2,4,4,2,1,0
42,420879,1,1,1,18,9,5,47,30,0,1,0,42,1,14,6,14006,4,1996,2MELM74W6TX6,2,M,E,L,M,7,4,W,6,T,X,6,0,P,MERC,GMG,4D,96,17,3796,,0,1144,,G,,F,8,281,,,15R215,,,,,,0,0,000000000,00000000000,0,0,0,1,0,0,0,0,0,0,0,999,0,0,0,11,2,3,30,0,0,0,1,42,19018,6,1,0,0,3,3,67,999,0,0,0,0,0,0,0,0,0,0,59,0,0,0,4,1,25,2,6,2,2,0,0,1,98,1,1,4,98,1,0
42,420880,1,3,1,27,9,19,16,12,6,1,0,42,2,22,18,22018,4,1994,1G2NE5530RM6,1,G,2,N,E,5,5,3,0,R,M,6,0,P,PONT,GAS,4D,94,17,2793,,0,1034,,G,,F,4,138,,,14R185,,,,,,0,0,000000000,00000000000,0,0,0,1,0,0,0,0,0,0,0,999,0,0,0,99,6,2,12,0,0,0,1,42,16635,6,1,0,0,3,0,68,999,0,0,0,0,0,0,0,0,0,1,28,0,0,0,5,2,45,1,1,2,2,0,0,1,6,99,9,2,66,1,0
42,420880,2,3,1,27,9,19,16,12,6,1,0,42,1,42,31,42031,4,1984,999999999999,9,9,9,9,9,9,9,9,9,9,9,9,0,,,,,,,,,,,,,,,,,,,,,,,,,0,0,000000000,00000000000,0,0,0,1,0,0,0,0,0,0,0,999,0,0,0,3,4,1,12,0,0,0,1,42,16662,6,1,0,0,3,0,76,999,0,0,0,0,0,0,0,0,0,0,0,0,0,0,5,2,45,1,1,2,2,0,0,1,62,99,1,1,66,0,0
42,420880,3,3,2,27,9,19,16,12,6,1,0,42,1,12,481,12481,31,1994,1FTEX15Y0RKB,1,F,T,E,X,1,5,Y,0,R,K,B,0,T,FORD,F15,PC,94,17,,2,1550,1390,COF,G,,,6,300,,,,B,4186,01,M,42,0,0,000000000,00000000000,0,0,0,1,0,0,0,0,0,0,0,40,0,0,0,12,6,2,12,0,0,0,1,42,16601,6,1,0,0,3,3,69,999,0,0,0,0,0,0,0,0,0,0,0,0,0,0,5,2,45,1,1,2,2,0,0,1,62,2,1,1,98,0,0
42,420881,1,1,1,10,9,20,17,8,0,1,0,42,2,42,401,42401,14,2004,4JGAB57E74A4,4,J,G,A,B,5,7,E,7,4,A,4,0,P,MERZ,M35,UT,4,17,4819,,0,1110,,G,,F,6,227,,,17R255,,,,,,0,0,000000000,00000000000,0,0,0,1,0,0,0,0,0,0,0,999,0,0,0,2,2,1,8,0,0,0,1,42,17111,6,1,0,0,3,0,71,999,0,0,0,0,0,0,0,0,0,0,0,0,0,0,1,2,40,1,1,2,1,0,0,1,80,1,1,1,13,0,0
42,420882,1,1,1,29,9,19,5,8,0,1,0,42,2,12,402,12402,14,2008,1FMCU03148KB,1,F,M,C,U,0,3,1,4,8,K,B,0,P,FORD,SPE,UT,8,17,3313,,0,1031,,G,,F,6,183,,,16R235,,,,,,0,0,000000000,00000000000,0,0,0,1,0,0,0,0,0,0,0,999,0,0,0,12,2,3,8,0,0,0,1,42,19010,6,1,0,0,3,3,68,999,0,0,0,0,0,0,0,0,0,0,0,0,0,0,1,2,35,1,1,2,1,0,0,1,80,3,2,1,13,0,0
42,420883,1,1,2,25,9,15,11,33,0,1,0,42,1,14,17,14017,4,1989,1MEBM50U8KG6,1,M,E,B,M,5,0,U,8,K,G,6,0,P,MERC,SGS,4D,89,17,3112,,0,1060,,G,,F,6,182,,,14R205,,,,,,0,0,000000000,00000000000,0,0,0,1,0,0,0,0,0,0,0,999,0,1,6,12,6,2,35,0,0,0,1,42,15370,6,1,0,0,3,0,73,999,0,0,0,0,0,0,0,0,0,0,99,99,99,99,1,2,25,1,6,2,1,20,3,1,3,6,1,4,14,2,0
42,420884,1,1,1,12,9,21,42,1,0,1,0,42,1,73,705,73705,80,1986,JKAZL4A15GA0,J,K,A,Z,L,4,A,1,5,G,A,0,0,M,KAWK,ZL6,RS,86,17,,,,,,,600,,4,,4,428,,,,,,,0,0,000000000,00000000000,0,0,0,1,0,0,0,0,0,0,0,999,0,0,0,0,6,2,1,0,0,0,1,42,16229,6,7,0,0,3,0,72,999,1,0,0,0,0,5,2011,5,2011,0,99,99,99,99,3,3,45,1,5,2,1,0,0,1,98,99,4,3,98,1,0
42,420885,1,1,1,3,9,0,20,1,0,1,0,42,1,49,402,49402,14,1998,JT3HP10V7W01,J,T,3,H,P,1,0,V,7,W,0,1,0,P,TOYT,RV4,UT,98,17,2789,,0,949,,G,,F,4,122,,,16R215,,,,,,0,0,000000000,00000000000,0,0,0,1,0,0,0,0,0,0,0,75,0,2,5,0,6,2,1,0,0,0,1,42,15223,6,1,0,0,3,0,67,999,0,0,0,0,0,0,0,0,0,1,0,0,0,0,2,2,55,1,1,2,1,0,0,1,6,99,2,4,2,1,1
42,420886,1,2,2,17,9,14,57,12,2,1,0,42,1,73,703,73703,80,2005,JKAEXMF195DA,J,K,A,E,X,M,F,1,9,5,D,A,0,M,KAWK,EXF,RC,5,17,,,,,,,250,,2,,4,307,,,,,,,0,0,000000000,00000000000,0,0,0,1,0,0,0,0,0,0,0,999,0,0,0,12,6,2,12,0,0,0,1,42,19020,6,1,0,0,3,1,66,999,0,0,0,0,1,5,2010,5,2010,0,35,28,0,0,5,4,35,1,1,2,1,0,0,6,10,1,1,2,50,1,0
42,420886,2,2,1,17,9,14,57,12,2,1,0,42,2,21,1,21001,2,1979,3M47H9247184,3,M,4,7,H,9,2,4,7,1,8,4,0,P,OLDS,CBR,CP,79,13,3116,,0,1081,,G,,4,8,305,,,14R195,,,,,,0,0,000000000,00000000000,0,0,0,1,0,0,0,0,0,0,0,999,0,0,0,12,6,2,12,0,0,0,1,42,19021,6,1,6,0,3,3,73,999,0,0,0,0,0,0,0,0,0,0,0,0,0,0,5,4,35,1,1,2,1,0,0,1,62,99,1,1,51,0,0
42,420887,1,2,1,24,9,16,21,12,1,1,0,42,1,73,703,73703,80,2010,JKAZXCF12AA0,J,K,A,Z,X,C,F,1,2,A,A,0,0,M,KAWK,Z0F,RC,10,17,,,,,,,998,,4,,4,459,,,,,,,0,0,000000000,00000000000,0,0,0,1,0,0,0,0,0,0,0,65,0,0,0,12,6,2,12,0,0,0,1,42,15644,6,1,0,0,2,0,67,999,0,1,0,0,1,11,2010,11,2011,1,0,0,0,0,1,2,35,1,6,2,1,8,3,1,50,2,2,1,20,1,0
42,420887,2,2,1,24,9,16,21,12,1,1,0,42,2,6,51,6051,4,2012,2C3CCACGXCH2,2,C,3,C,C,A,C,G,X,C,H,2,0,P,CHRY,3LM,4D,12,17,4006,,0,1202,,F,,F,6,220,,,18R225,,,,,,0,0,000000000,00000000000,0,0,0,1,0,0,0,0,0,0,0,0,0,0,0,6,4,3,12,0,0,0,1,42,15642,6,1,0,0,3,0,70,999,0,0,0,0,1,6,2012,6,2012,0,0,0,0,0,1,2,35,1,6,2,1,8,3,5,53,1,1,1,21,0,0
42,420888,1,3,1,23,9,0,23,12,7,1,0,42,1,53,705,53705,80,2007,JS1GN7DA8721,J,S,1,G,N,7,D,A,8,7,2,1,0,M,SUZI,G60,RC,7,17,,,,,,,599,,4,,4,354,,,,,,,0,0,000000000,00000000000,0,0,0,1,0,0,0,0,0,0,0,999,0,0,0,11,6,2,25,0,0,0,1,42,15147,6,7,0,0,3,0,70,999,0,0,0,0,1,6,2012,6,2012,1,35,28,0,0,3,2,45,1,1,1,1,0,0,6,51,99,1,3,44,1,0
42,420888,2,3,1,23,9,0,23,12,7,1,1,99,9,99,499,99499,39,9999,999999999999,9,9,9,9,9,9,9,9,9,9,9,9,0,,,,,,,,,,,,,,,,,,,,,,,,,0,0,000000000,00000000000,0,0,0,1,0,0,0,0,0,0,0,999,0,0,0,5,9,1,12,0,0,0,1,99,99999,9,9,99,0,9,9,999,999,99,99,99,99,99,99,9999,99,9999,0,0,0,0,0,3,2,45,1,1,1,1,0,0,1,53,99,1,1,45,0,0
42,420888,3,3,1,23,9,0,23,12,7,1,0,42,1,49,403,49403,14,2008,JTEES41A8820,J,T,E,E,S,4,1,A,8,8,2,0,0,P,TOYT,HIG,UT,8,17,4178,,0,1098,,G,,F,6,214,,,17R245,,,,,,0,0,000000000,00000000000,0,0,0,1,0,0,0,0,0,0,0,999,0,0,0,10,2,1,12,0,0,0,1,42,15068,6,1,0,0,3,0,61,999,0,0,0,0,0,0,0,0,0,0,0,0,0,0,3,2,45,1,1,1,1,0,0,1,60,1,1,1,98,0,0