STATE,ST_CASE,VEH_NO,VE_FORMS,NUMOCCS,DAY,MONTH,HOUR,MINUTE,HARM_EV,MAN_COLL,UNITTYPE,HIT_RUN,REG_STAT,OWNER,MAKE,MODEL,MAK_MOD,BODY_TYP,MOD_YEAR,VIN,VIN_1,VIN_2,VIN_3,VIN_4,VIN_5,VIN_6,VIN_7,VIN_8,VIN_9,VIN_10,VIN_11,VIN_12,TOW_VEH,VINTYPE,VINMAKE,VINA_MOD,VIN_BT,VINMODYR,VIN_LNGT,VIN_WGT,WGTCD_TR,WHLBS_LG,WHLBS_SH,SER_TR,FUELCODE,MCYCL_DS,CARBUR,CYLINDER,DISPLACE,MCYCL_CY,MCYCL_WT,TIRE_SZE,TON_RAT,TRK_WT,TRKWTVAR,VIN_REST,WHLDRWHL,J_KNIFE,MCARR_I1,MCARR_I2,MCARR_ID,GVWR,V_CONFIG,CARGO_BT,HAZ_INV,HAZ_PLAC,HAZ_ID,HAZ_CNO,HAZ_REL,BUS_USE,SPEC_USE,EMER_USE,TRAV_SP,UNDERIDE,ROLLOVER,ROLINLOC,IMPACT1,DEFORMED,TOWED,M_HARM,VEH_SC1,VEH_SC2,FIRE_EXP,DR_PRES,L_STATE,DR_ZIP,L_STATUS,L_TYPE,CDL_STAT,L_ENDORS,L_COMPL,L_RESTRI,DR_HGT,DR_WGT,PREV_ACC,PREV_SUS,PREV_DWI,PREV_SPD,PREV_OTH,FIRST_MO,FIRST_YR,LAST_MO,LAST_YR,SPEEDREL,DR_SF1,DR_SF2,DR_SF3,DR_SF4,VTRAFWAY,VNUM_LAN,VSPD_LIM,VALIGN,VPROFILE,VPAVETYP,VSURCOND,VTRAFCON,VTCONT_F,P_CRASH1,P_CRASH2,P_CRASH3,PCRASH4,PCRASH5,ACC_TYPE,DEATHS,DR_DRINK
42,420889,1,3,1,27,9,8,53,12,2,1,0,13,4,49,32,49032,4,2012,2T1BU4EE2CC8,2,T,1,B,U,4,E,E,2,C,C,8,0,P,TOYT,CBS,4D,12,17,2734,,0,1024,,G,,F,4,110,,,15R195,,,,,,0,0,000000000,00000000000,0,0,0,1,0,0,0,0,0,0,0,999,0,0,0,12,6,2,12,0,0,0,1,42,18951,6,1,0,0,3,3,68,999,0,0,0,0,0,0,0,0,0,0,28,0,0,0,5,4,40,2,5,2,2,0,0,14,10,1,1,2,50,1,0
42,420889,2,3,1,27,9,8,53,12,2,1,0,42,1,48,401,48401,14,2003,JF1SG65603H7,J,F,1,S,G,6,5,6,0,3,H,7,0,P,SUBA,FOR,UT,3,17,3095,,0,994,,G,,F,4,150,,,16R215,,,,,,0,0,000000000,00000000000,0,0,0,1,0,0,0,0,0,0,0,999,0,0,0,12,6,2,12,0,0,0,1,42,18944,6,1,0,0,3,0,65,999,0,0,0,0,0,0,0,0,0,0,0,0,0,0,5,4,40,3,6,2,2,0,0,14,62,1,1,1,51,0,0
42,420889,3,3,1,27,9,8,53,12,2,1,0,42,2,63,402,63402,14,2012,5XYKWDA2XCG3,5,X,Y,K,W,D,A,2,X,C,G,3,0,P,KIA,SOR,UT,12,17,3935,,0,1063,,G,,F,6,213,,,18R235,,,,,,0,0,000000000,00000000000,0,0,0,1,0,0,0,0,0,0,0,999,0,0,0,11,2,1,12,0,0,0,1,42,18972,6,1,0,0,3,0,65,999,0,0,0,0,0,0,0,0,0,0,0,0,0,0,5,4,40,3,6,2,2,0,0,14,60,7,1,4,98,0,0
42,420890,1,1,4,14,9,8,45,35,0,1,0,42,2,12,401,12401,14,2004,1FMZU73W64ZA,1,F,M,Z,U,7,3,W,6,4,Z,A,0,P,FORD,EPR,UT,4,17,4094,,0,1137,,G,,F,8,281,,,16R235,,,,,,0,0,000000000,00000000000,0,0,0,1,0,0,0,0,0,0,0,80,0,1,5,11,6,2,1,0,0,0,1,42,17801,6,2,0,0,3,3,70,999,0,0,0,0,0,0,0,0,0,1,35,33,85,0,1,2,55,1,1,2,1,0,0,6,54,7,3,4,2,1,0
42,420891,1,1,1,20,9,18,25,35,0,1,0,42,1,20,16,20016,4,1997,1G1JC5249V71,1,G,1,J,C,5,2,4,9,V,7,1,0,P,CHEV,CAV,4D,97,17,2630,,0,1041,,G,,F,4,133,,,14R195,,,,,,0,0,000000000,00000000000,0,0,0,1,0,0,0,0,0,0,0,100,0,1,5,1,6,2,1,0,0,0,1,42,17812,6,1,0,0,3,0,70,999,0,0,0,1,0,4,2010,4,2010,1,27,0,0,0,2,2,65,3,5,2,1,0,0,15,11,1,4,4,7,1,1
42,420892,1,1,1,11,9,14,50,34,0,1,0,42,1,2,405,2405,14,2007,1J4GL48K27W5,1,J,4,G,L,4,8,K,2,7,W,5,0,T,JEEP,SPR,4W,7,17,,1,0,1043,LIB,G,,,6,226,,,,,3864,00,E,44,0,0,000000000,00000000000,0,0,0,1,0,0,0,0,0,0,0,50,0,1,5,14,6,2,1,0,0,0,1,42,18446,6,1,0,0,3,3,71,999,0,0,0,0,0,0,0,0,0,0,99,99,99,99,2,2,45,3,1,2,1,0,0,14,13,1,1,4,1,1,0
42,420893,1,1,1,16,9,5,30,8,0,1,1,42,2,12,401,12401,14,2000,1FMZU73E8YZC,1,F,M,Z,U,7,3,E,8,Y,Z,C,0,P,FORD,EPR,UT,0,17,4106,,0,1116,,G,,F,6,245,,,15R235,,,,,,0,0,000000000,00000000000,0,0,0,1,0,0,0,0,0,0,0,999,0,0,0,1,2,4,8,0,0,0,1,42,18603,0,0,0,0,0,0,67,999,0,1,0,0,0,2,2010,2,2010,1,0,0,0,0,1,2,35,1,6,2,1,0,0,1,80,1,1,1,13,0,1
42,420894,1,2,1,2,9,0,18,12,6,1,1,42,1,18,2,18002,4,1989,1G4HP54C7KH4,1,G,4,H,P,5,4,C,7,K,H,4,0,P,BUIC,LCF,4D,89,17,3155,,0,1108,,G,,F,6,231,,,14R205,,,,,,0,0,000000000,00000000000,0,0,0,1,0,0,0,0,0,0,0,999,0,0,0,3,4,1,12,0,0,0,1,42,18640,3,1,0,0,2,0,73,999,0,0,0,0,0,0,0,0,0,0,48,0,0,0,2,2,40,1,1,2,1,0,0,11,10,1,1,1,68,0,0
42,420894,2,2,2,2,9,0,18,12,6,1,0,42,1,76,706,76706,80,2012,JYARN27E4CA0,J,Y,A,R,N,2,7,E,4,C,A,0,0,M,YAMA,FZ8,RC,12,17,,,,,,,779,,4,,4,467,,,,,,,0,0,000000000,00000000000,0,0,0,1,0,0,0,0,0,0,0,999,0,0,0,12,6,2,12,0,0,0,1,42,18642,6,1,0,0,3,0,73,999,1,0,0,0,0,5,2010,5,2010,0,0,0,0,0,2,2,40,1,1,2,1,0,0,1,62,1,1,1,69,2,1
42,420895,1,2,1,10,9,13,2,12,6,1,0,42,1,73,705,73705,80,2006,JKAZX4J106A0,J,K,A,Z,X,4,J,1,0,6,A,0,0,M,KAWK,ZXJ,RC,6,17,,,,,,,600,,4,,4,377,,,,,,,0,0,000000000,00000000000,0,0,0,1,0,0,0,0,0,0,0,999,0,0,0,12,6,2,12,0,0,0,1,42,19002,6,1,0,0,2,0,67,999,0,0,0,0,0,0,0,0,0,0,0,0,0,0,1,2,40,1,6,2,1,0,0,1,51,3,3,1,98,1,0
42,420895,2,2,2,10,9,13,2,12,6,1,0,42,3,86,882,86882,63,2007,1M2AC08C47M0,1,M,2,A,C,0,8,C,4,7,M,0,0,T,MACK,LE6,GG,7,17,,8,0,0,600,D,,,6,728,,,,,00000,00,,64,0,99,999999999,99999999999,3,2,7,1,0,0,0,0,0,0,0,999,0,0,0,3,2,1,12,42,0,0,1,42,19438,6,1,6,0,3,0,69,999,0,0,0,0,0,0,0,0,0,0,0,0,0,0,1,2,40,1,6,2,1,0,0,10,53,1,1,1,98,0,0
42,420896,1,1,1,10,9,15,26,43,0,1,0,42,2,35,401,35401,14,1996,JN8AR05Y4TW0,J,N,8,A,R,0,5,Y,4,T,W,0,0,P,NISS,PFI,UT,96,17,4135,,0,1063,,G,,F,6,201,,,15R235,,,,,,0,0,000000000,00000000000,0,0,0,1,0,0,0,0,0,0,0,40,0,0,0,12,6,2,8,0,0,0,1,42,19036,6,1,0,0,3,0,65,999,0,2,0,1,0,5,2012,7,2012,0,6,0,0,0,1,2,45,1,1,2,1,0,0,1,11,6,1,4,1,0,0
42,420897,1,3,1,13,9,11,0,12,7,1,0,42,2,82,881,82881,66,1997,1FUY3WEB0VH8,1,F,U,Y,3,W,E,B,0,V,H,8,1,T,FRHT,FD1,TR,97,17,,8,0,0,CON,D,,,6,733,,,,,00000,00,,64,1,57,01320620,5701320620,3,6,3,1,0,0,0,0,0,0,0,55,0,0,0,11,2,3,12,0,0,0,1,42,16735,6,1,6,0,3,0,68,999,1,0,0,1,1,6,2010,4,2012,0,27,0,0,0,2,2,65,1,1,2,1,0,0,15,10,99,1,2,47,0,0
42,420897,2,3,1,13,9,11,0,12,7,1,0,42,2,20,16,20016,2,2002,1G1JC1240273,1,G,1,J,C,1,2,4,0,2,7,3,0,P,CHEV,CAV,CP,2,17,2617,,0,1041,,G,,F,4,133,,,14R195,,,,,,0,0,000000000,00000000000,0,0,0,1,0,0,0,0,0,0,0,999,0,0,0,3,6,2,12,0,0,0,1,42,17225,6,1,0,0,3,0,60,999,0,0,0,0,0,0,0,0,0,0,0,0,0,0,2,2,65,1,1,2,1,0,0,15,10,99,1,2,45,1,0
42,420897,3,3,1,13,9,11,0,12,7,1,0,42,2,7,482,7482,31,2003,1D7HU16DX3J6,1,D,7,H,U,1,6,D,X,3,J,6,1,T,DODG,S15,PK,3,17,,2,1405,1205,RPC,G,,,8,345,,,,B,4697,02,E,44,1,0,000000000,00000000000,0,0,0,1,0,0,0,0,0,0,0,55,0,0,0,12,6,2,12,0,0,0,1,42,18078,6,1,0,0,3,3,70,999,0,0,0,0,0,0,0,0,0,0,0,0,0,0,2,2,65,1,1,2,1,0,0,1,62,99,1,1,98,0,0
42,420898,1,1,1,5,10,13,23,25,0,1,0,26,1,72,706,72706,80,1999,1HD1DDV1XXY6,1,H,D,1,D,D,V,1,X,X,Y,6,0,M,HD,FHT,RS,99,17,,,,,,,1450,,2,,4,758,,,,,,,0,0,000000000,00000000000,0,0,0,1,0,0,0,0,0,0,0,50,0,0,0,12,4,3,1,0,0,0,1,26,49014,6,1,0,0,3,0,999,999,0,0,0,0,0,0,0,0,0,0,0,0,0,0,3,4,65,3,1,2,1,0,0,14,10,1,1,4,6,1,0
42,420899,1,1,1,25,10,22,25,35,0,1,0,42,1,20,9,20009,1,1988,1G1FP21S9JL1,1,G,1,F,P,2,1,S,9,J,L,1,0,P,CHEV,CAM,CP,88,17,2983,,0,1010,,G,,F,6,173,,,15R215,,,,,,0,0,000000000,00000000000,0,0,0,1,0,0,0,0,0,0,0,70,0,1,6,12,6,2,1,0,0,0,1,42,17320,1,1,0,0,2,0,73,999,0,1,0,0,0,3,2012,3,2012,1,42,0,0,0,1,2,55,1,6,2,1,0,0,1,11,1,1,4,1,1,1
42,420900,1,2,1,10,9,19,55,12,1,1,0,42,1,2,405,2405,14,2005,1J8GL48575W6,1,J,8,G,L,4,8,5,7,5,W,6,0,T,JEEP,SPR,4W,5,17,,1,0,1043,LIB,D,,,4,171,,,,,3731,00,K,44,0,0,000000000,00000000000,0,0,0,1,0,0,0,0,0,0,0,999,0,0,0,6,4,3,12,0,0,0,1,42,19046,6,1,6,0,3,3,71,999,0,0,0,0,0,0,0,0,0,0,48,0,0,0,0,0,0,0,0,0,0,0,0,11,98,1,1,1,76,0,0
42,420900,2,2,1,10,9,19,55,12,1,1,0,42,1,34,709,34709,80,2012,WB105340XCZL,W,B,1,0,5,3,4,0,X,C,Z,L,0,M,BMW,S10,RC,12,17,,,,,,,999,,4,,4,398,,,,,,,0,0,000000000,00000000000,0,0,0,1,0,0,0,0,0,0,0,999,0,0,0,12,6,2,12,0,0,0,1,42,18901,6,1,0,0,3,0,74,999,0,1,0,1,0,10,2009,5,2010,0,99,99,99,99,3,2,45,1,1,2,1,0,0,1,70,3,2,1,77,1,0
42,420901,1,2,1,18,9,15,43,12,2,1,0,42,3,20,461,20461,21,2008,1GCGG25C6811,1,G,C,G,G,2,5,C,6,8,1,1,0,T,CHEV,E25,CG,8,17,,2,0,1350,EXP,G,,,8,293,,,,C,5338,00,,42,0,0,000000000,00000000000,0,0,0,1,0,0,0,0,0,0,0,50,0,0,0,12,6,2,12,0,0,0,1,42,19567,6,1,0,0,3,0,66,999,0,0,0,0,0,0,0,0,0,1,28,87,0,0,1,2,55,3,5,2,6,40,3,14,11,8,2,6,52,0,0
42,420901,2,2,1,18,9,15,43,12,2,1,0,42,2,21,18,21018,4,1990,1G3NF54D8LM7,1,G,3,N,F,5,4,D,8,L,M,7,0,P,OLDS,CSS,4D,90,17,2409,,0,1034,,G,,F,4,138,,,13R185,,,,,,0,0,000000000,00000000000,0,0,0,1,0,0,0,0,0,0,0,999,0,0,0,12,6,2,12,0,0,0,1,42,17067,6,1,0,0,3,3,60,999,0,0,0,0,0,0,0,0,0,0,0,0,0,0,1,2,55,2,6,2,6,0,0,14,62,1,1,1,52,1,0
42,420902,1,2,1,13,9,6,45,12,6,1,0,42,2,7,482,7482,31,2003,1D7HU18D43S3,1,D,7,H,U,1,8,D,4,3,S,3,0,T,DODG,SQ1,CW,3,17,,2,1605,1405,RPC,G,,,8,345,,,,B,5005,02,E,44,0,0,000000000,00000000000,0,0,0,1,0,0,0,0,0,0,0,50,0,0,0,1,6,2,12,0,0,1,1,42,15721,6,1,0,0,3,1,65,999,0,0,0,1,0,6,2012,6,2012,0,28,0,0,0,1,2,55,2,5,2,1,0,0,14,10,1,1,4,64,1,1
42,420902,2,2,1,13,9,6,45,12,6,1,0,42,3,82,881,82881,63,2006,1FVHALCKX6DV,1,F,V,H,A,L,C,K,X,6,D,V,0,T,FRHT,FLD,CC,6,17,,8,0,0,CON,D,,,6,855,,,,,00000,00,,64,0,57,02118582,5702118582,3,2,4,1,0,0,0,0,0,0,0,45,0,0,0,12,6,2,12,0,0,1,1,42,15757,6,1,6,0,3,3,71,999,0,0,0,0,2,10,2011,9,2012,0,0,0,0,0,1,2,55,3,6,2,1,0,0,14,62,9,2,4,65,0,0
42,420903,1,2,6,2,9,11,18,12,6,1,0,42,1,20,481,20481,31,2009,1GCEK29J39E1,1,G,C,E,K,2,9,J,3,9,E,1,0,T,CHEV,2SK,4C,9,17,,2,1575,1339,SIL,G,,,8,323,,,,B,5263,02,,44,0,0,000000000,00000000000,0,0,0,1,0,0,0,0,0,0,0,5,0,0,0,12,4,1,12,0,0,0,1,42,17408,6,1,0,0,3,0,73,999,0,0,0,1,0,4,2010,4,2010,0,38,0,0,0,1,2,25,2,6,2,1,20,3,11,15,1,1,1,82,0,0
42,420903,2,2,1,2,9,11,18,12,6,1,0,92,0,98,703,98703,88,2008,LJ4TDNPAX8Y0,L,J,4,T,D,N,P,A,X,8,Y,0,0,U,,,,8,17,,,,,,,,,,,,,,,,,,,0,0,000000000,00000000000,0,0,0,1,0,0,0,0,0,0,0,999,0,0,0,3,6,2,12,0,0,0,1,42,17360,6,1,0,0,2,0,71,999,0,0,0,0,0,0,0,0,0,0,0,0,0,0,1,2,45,1,1,2,1,0,0,1,67,99,1,1,83,1,0
42,420904,1,2,1,10,9,21,53,12,2,1,0,42,1,22,16,22016,2,2002,1G2JB1243272,1,G,2,J,B,1,2,4,3,2,7,2,0,P,PONT,SFS,CP,2,17,2606,,0,1041,,G,,F,4,133,,,14R195,,,,,,0,0,000000000,00000000000,0,0,0,1,0,0,0,0,0,0,0,999,0,0,0,12,6,2,12,0,0,0,1,42,16323,6,1,0,0,3,3,75,999,0,0,0,0,0,0,0,0,0,0,28,83,0,0,1,2,55,1,5,2,1,0,0,1,87,8,4,2,52,1,0
42,420904,2,2,1,10,9,21,53,12,2,1,0,42,1,20,481,20481,31,2008,1GCEK19J08Z1,1,G,C,E,K,1,9,J,0,8,Z,1,0,T,CHEV,SK1,4C,8,17,,2,1575,1339,SIL,G,,,8,323,,,,B,5226,02,,44,0,0,000000000,00000000000,0,0,0,1,0,0,0,0,0,0,0,35,0,0,0,12,6,2,12,0,0,0,1,42,15044,6,1,0,0,3,0,68,999,0,0,0,0,0,0,0,0,0,0,0,0,0,0,1,2,55,1,6,2,1,0,0,1,62,2,1,1,52,0,0
42,420905,1,2,1,30,9,18,10,12,2,1,0,92,0,76,734,76734,90,2006,JY4AH12Y56C0,J,Y,4,A,H,1,2,Y,5,6,C,0,0,M,YAMA,YF3,AT,6,17,,,,,,,348,,1,,4,999,,,,,,,0,0,000000000,00000000000,0,0,0,1,0,0,0,0,0,0,0,50,0,0,0,12,6,2,12,0,0,0,1,42,18431,1,1,0,0,1,0,65,999,1,1,1,0,0,2,2011,3,2012,1,18,28,0,0,1,2,25,1,1,5,2,0,0,1,54,1,1,1,52,1,0
42,420905,2,2,1,30,9,18,10,12,2,1,0,92,0,76,739,76739,90,2009,JY4AM15Y29C0,J,Y,4,A,M,1,5,Y,2,9,C,0,0,M,YAMA,Y7A,AT,9,17,,,,,,,686,,1,,4,0000,,,,,,,0,0,000000000,00000000000,0,0,0,1,0,0,0,0,0,0,0,25,0,0,0,12,6,2,12,0,0,0,1,42,18417,6,1,0,0,1,0,74,999,0,0,0,0,0,0,0,0,0,0,18,0,0,0,1,2,25,1,1,5,2,0,0,1,54,1,1,1,52,0,0
42,420906,1,2,1,18,9,13,2,12,6,1,0,42,1,51,43,51043,6,2001,YV1SW53D2110,Y,V,1,S,W,5,3,D,2,1,1,0,0,P,VOLV,V7T,SW,1,17,3532,,0,1085,,G,,T,5,142,,,16R215,,,,,,0,0,000000000,00000000000,0,0,0,1,0,0,0,0,0,0,0,999,0,0,0,11,6,2,12,0,0,0,1,42,19047,6,1,6,0,3,0,72,999,0,0,0,0,1,8,2011,8,2011,0,28,0,0,0,1,2,40,1,1,2,1,0,0,1,10,1,1,2,64,1,0
42,420906,2,2,1,18,9,13,2,12,6,1,0,42,3,12,881,12881,61,2012,1FDUF4GY8CEB,1,F,D,U,F,4,G,Y,8,C,E,B,0,T,FORD,F4D,CB,12,17,,5,2002,1408,DRW,G,,,10,415,,,,D,6524,00,Y,42,0,88,888888888,88888888888,2,1,98,1,0,0,0,0,0,0,0,999,0,0,0,12,6,2,12,0,0,0,1,42,19146,6,1,0,0,3,1,70,999,1,0,0,0,0,3,2011,3,2011,0,0,0,0,0,1,2,40,1,1,2,1,0,0,1,62,1,1,1,65,0,0
42,420907,1,2,4,17,9,9,57,12,6,1,0,42,2,18,7,18007,4,2003,2G4WS52J5311,2,G,4,W,S,5,2,J,5,3,1,1,0,P,BUIC,CCU,4D,3,17,3368,,0,1090,,G,,F,6,191,,,15R205,,,,,,0,0,000000000,00000000000,0,0,0,1,0,0,0,0,0,0,0,999,0,0,0,3,6,2,12,0,0,0,1,42,15846,6,1,0,0,3,0,63,999,0,0,0,0,0,0,0,0,0,0,48,0,0,0,1,2,45,2,5,2,1,0,0,11,15,1,1,1,68,2,0
42,420907,2,2,1,17,9,9,57,12,6,1,0,42,1,98,881,98881,63,2006,1M2AG10CX6M0,1,M,2,A,G,1,0,C,X,6,M,0,0,T,MACK,CV7,CC,6,17,,8,0,0,700,D,,,6,728,,,,,00000,00,,64,0,57,00899566,5700899566,3,2,4,1,0,0,0,0,0,0,0,999,7,1,5,12,6,2,1,0,0,0,1,42,16836,6,1,6,1,3,0,70,999,0,0,0,0,0,0,0,0,0,0,0,0,0,0,1,2,45,3,6,2,1,0,0,14,62,3,2,1,69,0,0
42,420908,1,2,1,1,9,20,12,12,6,1,0,92,0,73,703,73703,83,1991,JKAKXMH18MA0,J,K,A,K,X,M,H,1,8,M,A,0,0,M,KAWK,K2X,MX,91,17,,,,,,,250,,1,,2,213,,,,,,,0,0,000000000,00000000000,0,0,0,1,0,0,0,0,0,0,0,999,0,0,0,12,6,2,12,0,0,0,1,42,16601,6,1,0,0,1,0,71,999,0,0,0,0,0,0,0,0,0,0,18,6,0,0,1,2,25,1,1,2,2,0,0,1,62,99,1,1,69,1,1
42,420908,2,2,1,1,9,20,12,12,6,1,0,42,1,18,2,18002,4,2002,1G4HP54K5241,1,G,4,H,P,5,4,K,5,2,4,1,0,P,BUIC,LCF,4D,2,17,3567,,0,1122,,G,,F,6,231,,,15R215,,,,,,0,0,000000000,00000000000,0,0,0,1,0,0,0,0,0,0,0,999,0,0,0,1,2,3,12,0,0,0,1,42,16601,6,1,0,0,3,1,74,999,0,0,0,0,0,0,0,0,0,0,0,0,0,0,1,2,25,1,1,2,2,0,0,11,15,1,1,1,68,0,1
42,420909,1,3,2,5,9,15,26,12,2,1,0,42,1,34,34,34034,4,2006,WBAVD13586KV,W,B,A,V,D,1,3,5,8,6,K,V,0,P,BMW,32X,4D,6,17,3560,,0,1087,,G,,F,6,182,,,16R205,,,,,,0,0,000000000,00000000000,0,0,0,1,0,0,0,0,0,0,0,999,0,0,0,12,6,2,12,0,0,0,1,42,19607,6,1,0,0,3,3,72,999,0,0,0,0,0,0,0,0,0,0,28,0,0,0,1,4,25,1,1,1,1,0,0,1,10,1,1,2,50,0,0
42,420909,2,3,2,5,9,15,26,12,2,1,0,42,2,37,32,37032,6,1994,1HGCE1829RA0,1,H,G,C,E,1,8,2,9,R,A,0,0,P,HOND,ULE,SW,94,17,3041,,0,1069,,G,,F,4,132,,,15R195,,,,,,0,0,000000000,00000000000,0,0,0,1,0,0,0,0,0,0,0,999,0,0,0,12,6,2,12,0,0,0,1,42,19602,0,0,0,0,0,0,69,999,0,2,0,0,2,2,2012,7,2012,0,0,0,0,0,1,4,25,1,1,1,1,0,0,6,62,1,1,1,51,1,0
42,420909,3,3,1,5,9,15,26,12,2,1,0,42,1,20,461,20461,21,1992,2GAFG35K7N41,2,G,A,F,G,3,5,K,7,N,4,1,0,P,CHEV,SPT,SV,92,17,4540,,0,1250,,G,,F,8,350,,,16R225,,,,,,0,0,000000000,00000000000,0,0,0,1,0,0,0,0,0,0,0,30,0,0,0,1,4,3,33,0,0,0,1,42,19602,6,1,0,0,3,0,69,999,0,0,0,0,0,0,0,0,0,0,0,0,0,0,1,4,25,1,1,1,1,0,0,1,60,9,1,4,98,0,0
42,420910,1,2,1,22,9,5,16,12,1,1,0,42,1,20,20,20020,4,1999,2G1WL52M7X91,2,G,1,W,L,5,2,M,7,X,9,1,0,P,CHEV,L/S,4D,99,17,3330,,0,1075,,G,,F,6,191,,,15R205,,,,,,0,0,000000000,00000000000,0,0,0,1,0,0,0,0,0,0,0,65,7,0,0,12,6,2,12,0,0,0,1,42,16443,1,1,0,0,2,0,70,999,0,3,1,0,2,1,2011,8,2012,1,28,0,0,0,2,2,55,1,1,2,2,0,0,1,11,1,1,2,24,0,1
42,420910,2,2,1,22,9,5,16,12,1,1,0,42,1,12,471,12471,30,2001,1FTYR10C11TA,1,F,T,Y,R,1,0,C,1,1,T,A,0,T,FORD,RNG,PK,1,17,,1,1175,1116,RNG,G,,,4,153,,,,B,3068,01,U,42,0,0,000000000,00000000000,0,0,0,1,0,0,0,0,0,0,0,40,0,1,6,6,6,2,1,0,0,0,1,42,16443,6,1,0,0,3,0,65,999,0,0,0,0,0,0,0,0,0,0,99,99,99,99,2,2,55,1,1,2,2,0,0,1,60,99,1,1,25,1,0
42,420911,1,2,2,12,9,0,0,12,1,1,0,42,1,72,706,72706,80,1998,1HD1FHR11WY6,1,H,D,1,F,H,R,1,1,W,Y,6,0,M,HD,HPI,RS,98,17,,,,,,,1340,,2,,4,999,,,,,,,0,0,000000000,00000000000,0,0,0,1,0,0,0,0,0,0,0,75,0,0,0,12,6,2,25,0,0,0,1,42,19078,6,1,6,0,3,0,68,999,0,0,0,1,0,6,2012,6,2012,1,35,0,0,0,3,2,55,2,1,2,1,0,0,6,51,99,1,6,24,1,1
42,420911,2,2,1,12,9,0,0,12,1,1,0,10,1,20,481,20481,31,2000,1GCEK19VXYE3,1,G,C,E,K,1,9,V,X,Y,E,3,0,T,CHEV,SK1,3C,0,17,,2,1575,1435,SIL,G,,,8,293,,,,B,4621,02,,44,0,0,000000000,00000000000,0,0,0,1,0,0,0,0,0,0,0,55,0,0,0,6,2,1,12,0,0,0,1,10,19713,6,1,0,0,3,3,67,150,0,0,0,0,0,0,0,0,0,0,0,0,0,0,3,2,55,2,1,2,1,0,0,14,53,99,1,1,25,0,0
42,420912,1,2,1,9,9,16,8,12,6,1,0,95,3,51,884,51884,66,2012,999999999999,9,9,9,9,9,9,9,9,9,9,9,9,1,,,,,,,,,,,,,,,,,,,,,,,,,1,57,00693164,5700693164,3,6,1,1,0,0,0,0,0,0,0,999,0,0,0,5,2,3,12,0,0,0,1,95,99999,9,9,99,9,9,9,999,999,99,99,99,99,99,99,9999,99,9999,0,39,0,0,0,1,2,55,1,1,2,1,3,3,1,17,3,9,3,79,0,0
42,420912,2,2,2,9,9,16,8,12,6,1,0,42,1,73,706,73706,80,1998,JKBVNCA18WB5,J,K,B,V,N,C,A,1,8,W,B,5,0,M,KAWK,VN8,RS,98,17,,,,,,,800,,2,,4,485,,,,,,,0,0,000000000,00000000000,0,0,0,1,0,0,0,0,0,0,0,999,0,0,0,12,6,2,12,0,0,0,1,42,17512,6,1,0,0,3,0,69,999,0,0,0,0,0,0,0,0,0,0,0,0,0,0,1,2,35,1,1,2,1,3,3,10,66,99,1,3,78,1,0
42,420913,1,4,1,17,9,18,1,12,2,1,0,42,2,12,3,12003,2,2003,1FAFP40463F4,1,F,A,F,P,4,0,4,6,3,F,4,0,P,FORD,MUS,CP,3,17,3114,,0,1013,,G,,F,6,232,,,16R225,,,,,,0,0,000000000,00000000000,0,0,0,1,0,0,0,0,0,0,0,65,0,0,0,12,6,2,12,0,0,0,1,42,19608,6,1,0,0,3,0,70,999,0,0,0,0,0,0,0,0,0,1,35,33,0,0,1,2,55,2,3,2,1,0,0,6,54,1,1,1,52,1,1
42,420913,2,4,2,17,9,18,1,12,2,1,0,42,2,20,16,20016,2,1994,1G1JF14T6R71,1,G,1,J,F,1,4,T,6,R,7,1,0,P,CHEV,CZ2,CP,94,17,2695,,0,1013,,G,,F,6,191,,,15R205,,,,,,0,0,000000000,00000000000,0,0,0,1,0,0,0,0,0,0,0,999,0,1,5,12,6,2,12,0,0,0,1,42,19567,6,1,0,0,3,0,70,999,0,0,0,0,0,0,0,0,0,0,0,0,0,0,1,2,55,3,3,2,1,0,0,14,54,1,1,1,52,0,0
42,420913,3,4,1,17,9,18,1,12,2,1,0,42,2,2,404,2404,14,2000,1J4GW48N2YC3,1,J,4,G,W,4,8,N,2,Y,C,3,0,T,JEEP,LRO,4W,0,17,,1,0,1059,GCK,G,,,8,287,,,,,3847,01,E,44,0,0,000000000,00000000000,0,0,0,1,0,0,0,0,0,0,0,50,0,0,0,12,6,2,12,0,0,0,1,42,19567,6,1,0,0,3,0,72,999,0,1,0,0,0,7,2011,7,2011,0,0,0,0,0,1,2,55,3,3,2,1,0,0,14,51,1,1,1,98,0,0
42,420913,4,4,1,17,9,18,1,12,2,1,0,92,0,98,998,98998,92,9999,000000000000,0,0,0,0,0,0,0,0,0,0,0,0,1,,,,,,,,,,,,,,,,,,,,,,,,,1,0,000000000,00000000000,0,0,0,1,0,0,0,0,0,0,0,20,0,0,0,11,2,1,12,0,0,0,1,42,19567,6,1,6,0,1,0,69,999,0,0,0,1,0,4,2012,4,2012,0,0,0,0,0,1,2,55,2,5,2,1,0,0,14,62,99,1,1,98,0,0