STATE,ST_CASE,VEH_NO,VE_FORMS,NUMOCCS,DAY,MONTH,HOUR,MINUTE,HARM_EV,MAN_COLL,UNITTYPE,HIT_RUN,REG_STAT,OWNER,MAKE,MODEL,MAK_MOD,BODY_TYP,MOD_YEAR,VIN,VIN_1,VIN_2,VIN_3,VIN_4,VIN_5,VIN_6,VIN_7,VIN_8,VIN_9,VIN_10,VIN_11,VIN_12,TOW_VEH,VINTYPE,VINMAKE,VINA_MOD,VIN_BT,VINMODYR,VIN_LNGT,VIN_WGT,WGTCD_TR,WHLBS_LG,WHLBS_SH,SER_TR,FUELCODE,MCYCL_DS,CARBUR,CYLINDER,DISPLACE,MCYCL_CY,MCYCL_WT,TIRE_SZE,TON_RAT,TRK_WT,TRKWTVAR,VIN_REST,WHLDRWHL,J_KNIFE,MCARR_I1,MCARR_I2,MCARR_ID,GVWR,V_CONFIG,CARGO_BT,HAZ_INV,HAZ_PLAC,HAZ_ID,HAZ_CNO,HAZ_REL,BUS_USE,SPEC_USE,EMER_USE,TRAV_SP,UNDERIDE,ROLLOVER,ROLINLOC,IMPACT1,DEFORMED,TOWED,M_HARM,VEH_SC1,VEH_SC2,FIRE_EXP,DR_PRES,L_STATE,DR_ZIP,L_STATUS,L_TYPE,CDL_STAT,L_ENDORS,L_COMPL,L_RESTRI,DR_HGT,DR_WGT,PREV_ACC,PREV_SUS,PREV_DWI,PREV_SPD,PREV_OTH,FIRST_MO,FIRST_YR,LAST_MO,LAST_YR,SPEEDREL,DR_SF1,DR_SF2,DR_SF3,DR_SF4,VTRAFWAY,VNUM_LAN,VSPD_LIM,VALIGN,VPROFILE,VPAVETYP,VSURCOND,VTRAFCON,VTCONT_F,P_CRASH1,P_CRASH2,P_CRASH3,PCRASH4,PCRASH5,ACC_TYPE,DEATHS,DR_DRINK
42,420914,1,1,3,20,10,21,35,8,0,1,0,42,1,12,423,12423,16,2003,1FMNU43S83EC,1,F,M,N,U,4,3,S,8,3,E,C,0,P,FORD,EXC,UT,3,17,6650,,0,1371,,G,,F,10,415,,,16R265,,,,,,0,0,000000000,00000000000,0,0,0,1,0,0,0,0,0,0,0,35,0,0,0,12,2,1,8,0,0,0,1,42,15610,6,1,0,0,3,0,69,999,0,0,0,0,0,0,0,0,0,0,0,0,0,0,1,2,40,1,1,2,1,0,0,1,80,1,1,1,13,0,0
42,420915,1,1,3,14,10,23,40,34,0,1,0,42,2,20,37,20037,4,2002,1G1ND52JX2M6,1,G,1,N,D,5,2,J,X,2,M,6,0,P,CHEV,MAL,4D,2,17,3053,,0,1070,,G,,F,6,191,,,15R215,,,,,,0,0,000000000,00000000000,0,0,0,1,0,0,0,0,0,0,0,65,0,1,5,1,6,2,1,0,0,0,1,42,18702,6,1,0,0,3,3,76,999,0,0,0,0,0,0,0,0,0,1,0,0,0,0,1,2,35,1,6,2,1,0,0,1,13,99,1,4,1,1,0
42,420916,1,1,1,17,10,12,0,35,0,1,0,42,1,12,402,12402,14,2011,1FMCU9DG2BKC,1,F,M,C,U,9,D,G,2,B,K,C,0,P,FORD,SPE,UT,11,17,3504,,0,1031,,F,,F,6,183,,,16R235,,,,,,0,0,000000000,00000000000,0,0,0,1,0,0,0,0,0,0,0,60,0,0,0,14,6,2,35,0,0,0,1,42,15552,6,1,0,0,3,0,64,999,0,0,0,1,0,8,2011,8,2011,1,0,0,0,0,1,2,35,3,5,2,1,0,0,14,8,1,1,4,1,1,0
42,420917,1,1,1,29,10,14,45,38,0,1,0,42,1,12,36,12036,3,1997,KNJLT06HXV62,K,N,J,L,T,0,6,H,X,V,6,2,0,P,FORD,ASP,4H,97,17,2091,,0,939,,G,,F,4,081,,,13R165,,,,,,0,0,000000000,00000000000,0,0,0,1,0,0,0,0,0,0,0,45,0,0,0,11,6,2,38,0,0,0,1,42,15420,6,1,0,0,3,0,68,999,0,0,0,0,0,0,0,0,0,1,0,0,0,0,1,2,20,1,1,2,2,0,0,1,10,1,1,4,6,1,0
42,420918,1,1,1,10,10,19,4,35,0,1,0,42,1,32,40,32040,4,1995,WAUBL88G6SA0,W,A,U,B,L,8,8,G,6,S,A,0,0,P,AUDI,CAB,CV,95,17,3325,,0,1006,,G,,F,6,169,,,15R195,,,,,,0,0,000000000,00000000000,0,0,0,1,0,0,0,0,0,0,0,45,0,1,6,12,6,2,1,0,0,0,1,42,16365,6,1,0,0,3,3,73,999,0,0,0,0,0,0,0,0,0,1,0,0,0,0,1,2,55,3,6,2,2,0,0,14,11,99,1,4,1,1,0
42,420919,1,1,1,14,10,15,6,1,0,1,0,42,1,98,703,98703,80,2010,999999999999,9,9,9,9,9,9,9,9,9,9,9,9,0,,,,,,,,,,,,,,,,,,,,,,,,,0,0,000000000,00000000000,0,0,0,1,0,0,0,0,0,0,0,25,0,0,0,0,4,3,1,0,0,0,1,42,16601,6,1,0,0,3,3,76,999,1,0,0,0,1,11,2009,11,2009,0,0,0,0,0,1,2,20,3,1,2,1,0,0,14,11,9,1,1,98,1,0
42,420920,1,1,1,31,10,18,45,42,0,1,0,42,1,20,481,20481,31,2007,1GCEK14C37Z5,1,G,C,E,K,1,4,C,3,7,Z,5,0,T,CHEV,SK1,PK,7,17,,2,1330,1190,SIL,G,,,8,293,,,,B,4687,01,,44,0,0,000000000,00000000000,0,0,0,1,0,0,0,0,0,0,0,50,0,0,0,12,6,2,42,0,0,0,1,42,17801,6,1,0,0,3,0,68,999,0,0,0,0,0,0,0,0,0,0,0,0,0,0,1,2,45,1,1,2,2,0,0,1,10,1,1,4,6,1,0
42,420921,1,1,1,28,10,1,9,30,0,1,0,42,1,72,706,72706,80,2007,1HD1CZ3407K4,1,H,D,1,C,Z,3,4,0,7,K,4,0,M,HD,XLN,RS,7,17,,,,,,,1199,,2,,4,545,,,,,,,0,0,000000000,00000000000,0,0,0,1,0,0,0,0,0,0,0,45,0,0,0,3,6,2,30,0,0,0,1,42,18106,6,1,0,0,3,0,67,999,1,0,0,0,0,10,2012,10,2012,1,0,0,0,0,1,2,55,3,1,2,1,0,0,14,11,1,1,4,1,1,1
42,420922,1,2,1,23,10,12,12,12,6,1,0,42,1,12,471,12471,30,2001,1FTZR15E21PB,1,F,T,Z,R,1,5,E,2,1,P,B,0,T,FORD,RNS,PC,1,17,,1,0,1259,RNG,G,,,6,245,,,,B,3599,00,U,44,0,0,000000000,00000000000,0,0,0,1,0,0,0,0,0,0,0,999,0,0,0,12,4,3,12,0,0,0,1,42,15344,6,1,0,0,3,0,69,999,0,0,0,0,0,0,0,0,0,0,48,0,0,0,1,2,45,1,1,2,1,0,0,11,15,1,1,1,68,0,0
42,420922,2,2,1,23,10,12,12,12,6,1,0,42,1,12,13,12013,4,1999,1FAFP13PXXW2,1,F,A,F,P,1,3,P,X,X,W,2,0,P,FORD,ESE,4D,99,17,2468,,0,984,,G,,F,4,122,,,14R185,,,,,,0,0,000000000,00000000000,0,0,0,1,0,0,0,0,0,0,0,999,0,0,0,11,6,2,12,0,0,0,1,42,15320,6,1,0,0,3,0,73,999,0,1,0,0,0,4,2012,4,2012,0,0,0,0,0,1,2,45,1,1,2,1,0,0,1,62,1,1,1,69,1,0
42,420923,1,1,1,21,10,4,35,30,0,1,0,42,1,32,42,32042,4,1999,WAUBA24BXXN0,W,A,U,B,A,2,4,B,X,X,N,0,0,P,AUDI,A6Q,4D,99,17,3669,,0,1086,,G,,F,6,169,,,15R195,,,,,,0,0,000000000,00000000000,0,0,0,1,0,0,0,0,0,0,0,999,0,0,0,3,6,2,30,0,0,0,1,42,15201,1,1,0,0,2,0,67,999,0,1,0,0,0,5,2012,5,2012,1,0,0,0,0,1,2,25,1,6,2,1,0,0,1,11,1,1,4,1,1,1
42,420924,1,1,1,6,10,15,38,25,0,1,0,42,1,20,398,20398,4,1996,2G1WN52MXT11,2,G,1,W,N,5,2,M,X,T,1,1,0,P,CHEV,LLS,4D,96,17,3372,,0,1075,,G,,F,6,191,,,15R205,,,,,,0,0,000000000,00000000000,0,0,0,1,0,0,0,0,0,0,0,999,0,0,0,12,6,2,25,0,0,0,1,42,18407,6,1,0,0,3,3,63,999,0,0,0,0,0,0,0,0,0,0,0,0,0,0,3,2,25,3,1,2,1,0,0,14,11,1,1,4,1,1,0
42,420925,1,1,1,20,10,22,17,42,0,1,0,11,2,12,17,12017,4,1992,1FACP50U6NA2,1,F,A,C,P,5,0,U,6,N,A,2,0,P,FORD,TAL,4D,92,17,3111,,0,1060,,G,,F,6,182,,,14R205,,,,,,0,0,000000000,00000000000,0,0,0,1,0,0,0,0,0,0,0,999,0,0,0,12,6,2,42,0,0,0,1,42,19032,6,1,0,0,3,0,70,999,0,0,0,0,0,0,0,0,0,1,0,0,0,0,1,2,35,2,3,2,1,0,0,14,10,99,1,4,6,1,1
42,420926,1,1,1,24,10,0,46,30,0,1,0,42,2,6,398,6398,4,2007,1C3LC56K27N6,1,C,3,L,C,5,6,K,2,7,N,6,0,P,CHRY,STO,4D,7,17,3419,,0,1089,,G,,F,4,144,,,16R215,,,,,,0,0,000000000,00000000000,0,0,0,1,0,0,0,0,0,0,0,86,0,1,6,12,6,2,39,0,0,0,1,42,19465,6,1,0,0,3,0,72,999,0,0,0,0,0,0,0,0,0,1,0,0,0,0,1,2,35,1,1,2,1,0,0,1,10,1,1,4,6,1,1
42,420927,1,2,1,4,10,10,0,12,6,1,0,42,3,85,881,85881,66,2001,1XKWDB0X91J8,1,X,K,W,D,B,0,X,9,1,J,8,1,T,KW,W90,TR,1,17,,8,2850,1600,CON,D,,,6,893,,,,,00000,00,,64,1,57,00345017,5700345017,3,6,3,1,0,0,0,0,0,0,0,40,7,0,0,12,6,2,12,0,0,0,1,42,15666,6,1,6,1,3,1,73,999,0,0,0,0,0,0,0,0,0,0,39,6,0,0,1,2,40,1,5,2,1,20,3,1,17,1,1,1,88,0,0
42,420927,2,2,1,4,10,10,0,12,6,1,0,42,3,12,16,12016,4,2008,2FAHP71V88X1,2,F,A,H,P,7,1,V,8,8,X,1,0,P,FORD,CVP,4D,8,17,0,,0,1146,,F,,F,8,281,,,17R235,,,,,,0,0,000000000,00000000000,0,0,0,1,0,0,0,0,0,5,0,40,0,0,0,9,6,2,12,0,0,0,1,42,15010,6,1,0,0,3,0,74,999,0,0,0,0,0,0,0,0,0,0,0,0,0,0,1,2,45,1,1,2,1,0,0,1,66,99,1,1,89,1,0
42,420928,1,2,2,20,10,17,10,12,6,1,0,42,1,12,17,12017,4,2002,1FAFP55U12A1,1,F,A,F,P,5,5,U,1,2,A,1,0,P,FORD,TSS,4D,2,17,3392,,0,1085,,G,,F,6,182,,,16R215,,,,,,0,0,000000000,00000000000,0,0,0,1,0,0,0,0,0,0,0,15,0,0,0,9,6,2,12,0,0,0,1,42,19522,6,1,0,0,3,0,67,999,0,0,0,0,0,0,0,0,0,0,38,0,0,0,1,2,40,1,1,2,1,20,3,1,17,1,1,1,89,1,0
42,420928,2,2,2,20,10,17,10,12,6,1,0,42,1,14,401,14401,14,2002,4M2DU86E52UJ,4,M,2,D,U,8,6,E,5,2,U,J,0,P,MERC,MOU,UT,2,17,4410,,0,1138,,G,,F,6,245,,,16R245,,,,,,0,0,000000000,00000000000,0,0,0,1,0,0,0,0,0,0,0,999,0,0,0,12,6,2,12,0,0,0,1,42,19522,6,1,0,0,3,0,71,999,0,0,0,0,0,0,0,0,0,0,0,0,0,0,1,2,55,1,6,2,1,0,0,1,66,6,1,2,88,0,0
42,420929,1,2,1,3,10,20,0,12,6,1,0,51,3,87,881,87881,66,2004,1XP5DB9X44D8,1,X,P,5,D,B,9,X,4,4,D,8,1,T,PTRB,379,TR,4,17,,8,0,0,CON,D,,,6,893,,,,,00000,00,,64,1,57,00996423,5700996423,3,6,1,1,0,0,0,0,0,0,0,5,0,0,0,9,2,1,12,0,0,0,1,51,23924,6,1,6,0,3,0,72,150,0,0,0,0,0,0,0,0,0,0,31,0,0,0,1,2,55,1,1,2,1,0,0,13,98,1,1,1,92,0,0
42,420929,2,2,1,3,10,20,0,12,6,1,0,42,1,20,471,20471,30,2003,1GCCS19X5381,1,G,C,C,S,1,9,X,5,3,8,1,0,T,CHEV,S14,3C,3,17,,1,0,1229,S,G,,,6,262,,,,B,3198,00,,42,0,0,000000000,00000000000,0,0,0,1,0,0,0,0,0,0,0,55,0,0,0,12,6,2,12,0,0,0,1,42,16746,6,1,0,0,3,3,72,999,0,0,0,0,0,0,0,0,0,0,0,0,0,0,1,2,55,1,1,2,1,0,0,1,56,1,1,1,93,1,0
42,420930,1,2,1,9,10,18,46,12,6,1,0,42,1,49,472,49472,30,2010,5TEPX4EN7AZ7,5,T,E,P,X,4,E,N,7,A,Z,7,0,T,TOYT,REG,PK,10,17,,1,0,1100,TAC,G,,,4,164,,,,B,3315,00,W,44,0,0,000000000,00000000000,0,0,0,1,0,0,0,0,0,0,0,25,0,0,0,9,6,2,12,0,0,0,1,42,18832,6,1,0,0,3,0,63,999,1,0,0,0,0,6,2012,6,2012,0,39,0,0,0,1,2,35,2,4,2,1,20,3,11,15,1,1,1,82,1,0
42,420930,2,2,2,9,10,18,46,12,6,1,0,42,1,82,850,82850,73,2003,4UZAAHAK63CL,4,U,Z,A,A,H,A,K,6,3,C,L,6,T,FRHT,XMH,MH,3,17,,7,0,0,CHA,D,,,6,439,,,,,00000,00,,42,1,0,000000000,00000000000,0,0,0,1,0,0,0,0,0,0,0,55,0,0,0,12,6,2,12,0,0,0,1,42,18840,6,1,0,0,3,1,67,999,0,0,0,0,0,0,0,0,0,1,0,0,0,0,1,2,45,1,4,2,1,0,0,1,67,2,1,1,83,0,0
42,420931,1,1,1,31,10,4,45,30,0,1,0,42,1,32,43,32043,4,2000,WAUDC28D2YA1,W,A,U,D,C,2,8,D,2,Y,A,1,0,P,AUDI,41Q,4D,0,17,3153,,0,1026,,G,,T,4,109,,,15R205,,,,,,0,0,000000000,00000000000,0,0,0,1,0,0,0,0,0,0,0,999,0,0,0,12,6,2,42,0,0,0,1,42,18614,6,1,0,0,3,3,68,999,0,1,2,2,0,3,2010,10,2012,0,0,0,0,0,1,2,45,2,6,2,2,0,0,14,12,1,1,4,6,1,0
42,420932,1,1,1,2,10,13,51,42,0,1,0,42,2,7,20,7020,4,2005,1B3ES56C25D2,1,B,3,E,S,5,6,C,2,5,D,2,0,P,DODG,NXT,4D,5,17,2634,,0,1040,,G,,F,4,122,,,15R185,,,,,,0,0,000000000,00000000000,0,0,0,1,0,0,0,0,0,0,0,50,0,0,0,1,6,2,42,0,0,0,1,6,92058,6,1,0,0,3,0,64,200,0,0,0,0,0,0,0,0,0,1,0,0,0,0,1,2,35,2,1,2,2,0,0,1,12,1,1,4,6,1,0
42,420933,1,1,2,24,10,21,40,33,0,1,0,42,1,59,401,59401,14,2002,JTJHF10U5202,J,T,J,H,F,1,0,U,5,2,0,2,0,P,LEXS,RX3,UT,2,17,3924,,0,1031,,G,,F,6,183,,,16R225,,,,,,0,0,000000000,00000000000,0,0,0,1,0,0,0,0,0,0,0,999,0,0,0,12,6,2,42,0,0,0,1,42,17110,1,1,0,0,2,0,66,999,0,1,0,4,1,7,2010,7,2012,1,6,0,0,0,1,2,25,2,5,2,1,0,0,14,11,1,1,4,1,1,1
42,420934,1,1,2,20,10,7,3,53,0,1,0,42,2,19,14,19014,4,1996,1G6KS52Y8TU8,1,G,6,K,S,5,2,Y,8,T,U,8,0,P,CADI,SLS,4D,96,17,3832,,0,1110,,G,,F,8,279,,,16R225,,,,,,0,0,000000000,00000000000,0,0,0,1,0,0,0,0,0,0,0,70,0,1,6,9,6,2,42,0,0,0,1,42,16127,1,1,0,0,1,0,66,999,0,7,0,0,0,1,2011,7,2012,1,0,0,0,0,1,2,55,1,1,2,2,0,0,6,6,6,4,4,7,1,0
42,420935,1,1,2,20,10,15,57,31,0,1,0,42,2,12,401,12401,14,2003,1FMZU73K53UB,1,F,M,Z,U,7,3,K,5,3,U,B,1,P,FORD,EPR,UT,3,17,4094,,0,1137,,F,,F,6,245,,,16R235,,,,,,1,0,000000000,00000000000,0,0,0,1,0,0,0,0,0,0,0,999,0,0,0,3,6,2,21,0,0,0,1,42,19526,6,1,0,0,3,0,67,999,0,0,0,0,0,0,0,0,0,0,0,0,0,0,2,2,40,1,1,2,1,0,0,1,11,1,1,4,1,2,0
42,420936,1,1,2,25,10,0,15,21,0,1,0,42,2,63,33,63033,4,2005,KNAFE1213551,K,N,A,F,E,1,2,1,3,5,5,1,0,P,KIA,SLE,4D,5,17,2701,,0,1028,,G,,F,4,122,,,15R195,,,,,,0,0,000000000,00000000000,0,0,0,1,0,0,0,0,0,0,0,999,0,0,0,3,6,2,21,0,0,0,1,42,15666,6,1,0,0,3,0,61,999,0,0,0,0,0,0,0,0,0,1,0,0,0,0,1,2,45,3,1,2,1,0,0,14,87,7,4,4,1,1,0
42,420937,1,1,3,18,10,21,49,30,0,1,0,42,1,12,402,12402,14,2010,1FMCU0C75AKB,1,F,M,C,U,0,C,7,5,A,K,B,0,P,FORD,SPE,UT,10,17,3299,,0,1031,,G,,F,4,153,,,16R235,,,,,,0,0,000000000,00000000000,0,0,0,1,0,0,0,0,0,0,0,999,0,0,0,11,6,2,30,0,0,0,1,42,15301,6,1,0,0,3,0,61,999,0,0,0,0,0,0,0,0,0,1,0,0,0,0,1,2,25,1,1,2,1,0,0,1,10,1,1,4,6,1,0
42,420938,1,1,4,10,10,4,25,34,0,1,0,42,1,22,18,22018,4,2002,1G2NV52E52M7,1,G,2,N,V,5,2,E,5,2,M,7,0,P,PONT,GT1,4D,2,17,3168,,0,1070,,G,,F,6,207,,,16R225,,,,,,0,0,000000000,00000000000,0,0,0,1,0,0,0,0,0,0,0,55,0,1,6,11,6,2,1,0,0,0,1,42,16428,6,1,0,0,3,3,69,999,1,2,0,1,1,7,2010,9,2011,0,0,0,0,0,1,2,45,2,1,2,1,20,3,14,10,1,1,4,6,1,1
42,420939,1,1,1,3,10,3,52,8,0,1,0,42,1,32,40,32040,4,2002,WAULT68E52A2,W,A,U,L,T,6,8,E,5,2,A,2,0,P,AUDI,43Q,4D,2,17,3488,,0,1043,,G,,F,6,182,,,16R215,,,,,,0,0,000000000,00000000000,0,0,0,1,0,0,0,0,0,0,0,55,0,0,0,2,4,3,8,0,0,0,1,42,15014,6,1,0,0,3,3,72,999,0,0,0,1,2,8,2012,9,2012,0,0,0,0,0,6,1,55,1,6,1,1,0,0,1,80,1,1,1,13,0,0
42,420940,1,1,1,21,10,20,36,9,0,1,0,42,1,72,706,72706,80,2006,1HD1JBB146Y0,1,H,D,1,J,B,B,1,4,6,Y,0,0,M,HD,XDI,RS,6,17,,,,,,,1450,,2,,4,651,,,,,,,0,0,000000000,00000000000,0,0,0,1,0,0,0,0,0,0,0,999,0,0,0,12,6,2,9,0,0,0,1,42,19148,6,1,0,0,3,0,72,999,0,0,0,2,0,8,2010,8,2010,0,0,0,0,0,1,2,30,1,1,2,1,3,3,1,83,3,1,1,13,1,0
42,420941,1,1,1,24,10,14,5,42,0,1,0,42,2,12,471,12471,30,2002,1FTZR45U92TA,1,F,T,Z,R,4,5,U,9,2,T,A,0,T,FORD,RNS,4C,2,17,,1,0,1259,RNG,G,,,6,182,,,,B,3760,03,E,44,0,0,000000000,00000000000,0,0,0,1,0,0,0,0,0,0,0,999,0,0,0,9,6,2,42,0,0,0,1,42,18201,6,1,0,0,3,0,69,999,0,0,0,0,0,0,0,0,0,0,99,99,99,99,1,2,45,1,1,2,1,0,0,1,13,1,1,4,1,1,0
42,420942,1,2,1,16,10,3,31,12,6,1,0,42,2,49,45,49045,4,2003,JTDBT1230302,J,T,D,B,T,1,2,3,0,3,0,2,0,P,TOYT,ECH,4D,3,17,1994,,0,934,,G,,F,4,091,,,14R175,,,,,,0,0,000000000,00000000000,0,0,0,1,0,0,0,0,0,0,0,999,0,0,0,12,6,2,12,0,0,0,1,42,15232,6,1,0,0,3,3,71,999,0,0,0,0,0,0,0,0,0,1,39,0,0,0,1,2,25,3,5,2,1,3,3,14,10,6,1,1,64,1,0
42,420942,2,2,1,16,10,3,31,12,6,1,0,42,3,86,882,86882,63,2007,1M2K189C67M0,1,M,2,K,1,8,9,C,6,7,M,0,0,T,MACK,MR6,TB,7,17,,8,0,0,600,D,,,6,728,,,,,00000,00,,64,0,57,00962087,5700962087,3,2,7,1,0,0,0,0,0,99,0,0,0,0,0,11,2,3,12,0,0,0,1,42,15214,6,1,6,0,3,3,76,999,0,0,0,0,0,0,0,0,0,0,0,0,0,0,1,2,25,3,6,2,1,3,3,5,62,1,1,1,65,0,0
42,420943,1,1,1,21,10,19,17,8,0,1,0,42,1,14,6,14006,4,2000,2MEFM75W9YX7,2,M,E,F,M,7,5,W,9,Y,X,7,0,P,MERC,MGL,4D,0,17,3973,,0,1147,,G,,F,8,281,,,16R225,,,,,,0,0,000000000,00000000000,0,0,0,1,0,0,0,0,0,0,0,999,0,0,0,12,2,1,8,0,0,0,1,42,19111,6,1,0,0,3,3,60,999,0,0,0,0,0,0,0,0,0,0,0,0,0,0,1,2,25,1,1,2,1,0,0,1,80,1,1,1,13,0,0
42,420944,1,1,1,21,10,2,38,8,0,1,0,42,1,22,20,22020,4,2002,1G2WK52J32F1,1,G,2,W,K,5,2,J,3,2,F,1,0,P,PONT,GFS,4D,2,17,3384,,0,1105,,G,,F,6,191,,,15R205,,,,,,0,0,000000000,00000000000,0,0,0,1,0,0,0,0,0,0,0,999,0,0,0,1,4,1,8,0,0,0,1,42,19143,6,1,0,0,3,0,67,999,0,2,0,0,2,4,2010,6,2011,0,0,0,0,0,1,3,35,1,1,2,1,1,3,1,80,1,1,1,13,0,0
42,420945,1,1,2,3,10,23,34,35,0,1,1,42,2,12,481,12481,31,2001,1FTNX21F71ED,1,F,T,N,X,2,1,F,7,1,E,D,0,T,FORD,F2S,4C,1,17,,2,1580,1418,SRW,D,,,8,444,,,,C,5635,07,U,44,0,0,000000000,00000000000,0,0,0,1,0,0,0,0,0,0,0,70,0,1,5,11,6,2,1,0,0,0,1,34,8016,6,1,6,0,3,3,71,999,0,0,0,0,1,4,2012,4,2012,1,0,0,0,0,1,2,55,2,6,2,1,0,0,14,10,7,3,4,2,1,1
42,420946,1,1,2,22,10,20,44,8,0,1,0,42,2,7,482,7482,31,2009,1D3HV13P79J5,1,D,3,H,V,1,3,P,7,9,J,5,0,T,DODG,150,CW,9,17,,2,0,1400,RPC,G,,,8,287,,,,B,5200,00,K,44,0,0,000000000,00000000000,0,0,0,1,0,0,0,0,0,0,0,33,0,0,0,12,2,1,8,0,0,0,1,42,15025,6,1,0,0,3,0,77,999,0,0,0,0,0,0,0,0,0,0,0,0,0,0,1,2,40,1,1,2,1,0,0,1,80,1,1,1,13,0,0
42,420947,1,1,1,19,10,22,55,1,0,1,0,92,0,76,733,76733,90,2011,JY4AE03Y8BC0,J,Y,4,A,E,0,3,Y,8,B,C,0,0,M,YAMA,F25,AT,11,17,,,,,,,124,,1,,4,335,,,,,,,0,0,000000000,00000000000,0,0,0,1,0,0,0,0,0,0,0,10,0,2,1,0,2,1,1,0,0,0,1,42,16641,0,0,0,0,1,0,68,999,0,1,0,0,0,11,2011,11,2011,0,18,0,0,0,1,2,45,2,6,2,2,0,0,11,15,99,1,1,98,1,1
42,420948,1,1,1,19,10,23,19,42,0,1,0,42,1,12,35,12035,4,1999,3FAFP66L9XM1,3,F,A,F,P,6,6,L,9,X,M,1,0,P,FORD,CSS,4D,99,17,2774,,0,1065,,G,,F,6,155,,,14R185,,,,,,0,0,000000000,00000000000,0,0,0,1,0,0,0,0,0,0,0,50,0,0,0,2,6,2,42,0,0,0,1,42,17074,6,1,6,0,3,3,70,999,0,0,0,0,0,0,0,0,0,1,0,0,0,0,1,2,35,3,6,2,2,0,0,14,13,1,1,4,1,1,1
42,420949,1,1,2,29,10,21,28,18,0,1,0,92,0,76,733,76733,90,9999,000000000000,0,0,0,0,0,0,0,0,0,0,0,0,0,,,,,,,,,,,,,,,,,,,,,,,,,0,0,000000000,00000000000,0,0,0,1,0,0,0,0,0,0,0,999,0,0,0,12,6,2,18,0,0,0,1,42,18091,6,2,0,0,1,0,68,999,0,0,0,0,0,0,0,0,0,0,81,77,18,0,1,2,40,1,1,2,2,0,0,1,90,1,1,1,12,1,0
42,420950,1,1,1,15,10,21,10,24,0,1,0,42,1,9,17,9017,3,1991,1P3XP24DXMN5,1,P,3,X,P,2,4,D,X,M,N,5,0,P,PLYM,SAS,2H,91,17,2551,,0,970,,G,,F,4,135,,,14R185,,,,,,0,0,000000000,00000000000,0,0,0,1,0,0,0,0,0,0,0,999,0,0,0,11,6,2,23,0,0,0,1,42,17512,6,1,0,0,3,0,68,999,0,3,0,0,0,2,2010,4,2010,0,58,0,0,0,3,2,65,2,1,2,1,0,0,14,12,8,1,4,6,1,1
42,420951,1,2,1,10,10,13,35,12,6,1,0,48,2,82,881,82881,66,2000,1FUYSDYB7YPA,1,F,U,Y,S,D,Y,B,7,Y,P,A,1,T,FRHT,FC2,TR,0,17,,8,0,0,CON,D,,,6,855,,,,,00000,00,,64,3,57,02045371,5702045371,3,6,1,1,0,0,0,0,0,0,0,30,7,0,0,12,6,2,12,0,0,0,1,17,60505,6,1,6,0,3,0,70,160,0,0,0,1,1,3,2011,10,2011,0,39,0,0,0,1,2,55,2,6,2,1,4,3,14,17,9,2,1,86,0,0
42,420951,2,2,3,10,10,13,35,12,6,1,0,42,2,22,20,22020,4,2000,1G2WP52K4YF2,1,G,2,W,P,5,2,K,4,Y,F,2,0,P,PONT,GPG,4D,0,17,3455,,0,1105,,G,,F,6,231,,,16R225,,,,,,0,0,000000000,00000000000,0,0,0,1,0,0,0,0,0,0,0,45,0,0,0,3,6,2,12,0,0,0,1,42,16248,6,1,0,0,3,3,69,999,0,0,0,0,0,0,0,0,0,0,0,0,0,0,1,2,45,1,3,2,1,4,3,1,66,1,1,1,87,1,0
42,420952,1,2,1,6,10,0,3,12,11,1,0,39,3,84,881,84881,66,2005,2HSCEAPR55C0,2,H,S,C,E,A,P,R,5,5,C,0,1,T,INTL,92I,TR,5,17,,8,0,0,920,D,,,6,915,,,,,00000,00,,64,1,57,00260165,5700260165,3,6,3,1,0,0,0,0,0,0,0,20,0,0,0,5,6,2,12,0,0,0,1,39,43551,6,1,6,0,3,0,72,230,0,1,0,0,0,1,2010,1,2010,0,48,0,0,0,1,2,35,1,1,2,1,0,0,11,15,1,1,1,68,0,0
42,420952,2,2,1,6,10,0,3,12,11,1,0,42,1,12,3,12003,2,1998,1FAFP42X7WF1,1,F,A,F,P,4,2,X,7,W,F,1,0,P,FORD,MGT,CP,98,17,3278,,0,1013,,G,,F,8,281,,,16R225,,,,,,0,0,000000000,00000000000,0,0,0,1,0,0,0,0,0,0,0,999,2,0,0,2,6,2,12,0,0,0,1,42,17049,6,1,0,0,3,0,70,999,1,0,0,0,1,5,2010,6,2010,0,6,0,0,0,1,2,35,1,1,2,1,0,0,1,62,1,1,1,69,1,1
42,420953,1,1,1,28,10,1,54,35,0,1,0,42,1,54,38,54038,3,2005,JH4DC53045S0,J,H,4,D,C,5,3,0,4,5,S,0,0,P,ACUR,RST,2H,5,17,2840,,0,1012,,G,,F,4,122,,,17R215,,,,,,0,0,000000000,00000000000,0,0,0,1,0,0,0,0,0,0,0,70,0,1,6,1,6,2,42,0,0,0,1,42,17403,6,1,0,0,3,0,73,999,0,0,0,0,1,6,2012,6,2012,1,0,0,0,0,1,2,40,1,5,2,1,0,0,1,10,7,1,4,1,1,1
42,420954,1,1,1,14,10,16,49,33,0,1,0,42,1,72,706,72706,80,1996,1HD1BJL49TY0,1,H,D,1,B,J,L,4,9,T,Y,0,0,M,HD,STC,RS,96,17,,,,,,,1340,,2,,4,704,,,,,,,0,0,000000000,00000000000,0,0,0,1,0,0,0,0,0,0,0,999,0,0,0,12,6,2,35,0,0,0,1,42,16117,3,1,0,0,2,0,74,999,0,0,0,0,0,0,0,0,0,1,6,0,0,0,3,2,50,2,1,2,1,0,0,14,13,1,1,4,1,1,1