STATE,ST_CASE,VEH_NO,VE_FORMS,NUMOCCS,DAY,MONTH,HOUR,MINUTE,HARM_EV,MAN_COLL,UNITTYPE,HIT_RUN,REG_STAT,OWNER,MAKE,MODEL,MAK_MOD,BODY_TYP,MOD_YEAR,VIN,VIN_1,VIN_2,VIN_3,VIN_4,VIN_5,VIN_6,VIN_7,VIN_8,VIN_9,VIN_10,VIN_11,VIN_12,TOW_VEH,VINTYPE,VINMAKE,VINA_MOD,VIN_BT,VINMODYR,VIN_LNGT,VIN_WGT,WGTCD_TR,WHLBS_LG,WHLBS_SH,SER_TR,FUELCODE,MCYCL_DS,CARBUR,CYLINDER,DISPLACE,MCYCL_CY,MCYCL_WT,TIRE_SZE,TON_RAT,TRK_WT,TRKWTVAR,VIN_REST,WHLDRWHL,J_KNIFE,MCARR_I1,MCARR_I2,MCARR_ID,GVWR,V_CONFIG,CARGO_BT,HAZ_INV,HAZ_PLAC,HAZ_ID,HAZ_CNO,HAZ_REL,BUS_USE,SPEC_USE,EMER_USE,TRAV_SP,UNDERIDE,ROLLOVER,ROLINLOC,IMPACT1,DEFORMED,TOWED,M_HARM,VEH_SC1,VEH_SC2,FIRE_EXP,DR_PRES,L_STATE,DR_ZIP,L_STATUS,L_TYPE,CDL_STAT,L_ENDORS,L_COMPL,L_RESTRI,DR_HGT,DR_WGT,PREV_ACC,PREV_SUS,PREV_DWI,PREV_SPD,PREV_OTH,FIRST_MO,FIRST_YR,LAST_MO,LAST_YR,SPEEDREL,DR_SF1,DR_SF2,DR_SF3,DR_SF4,VTRAFWAY,VNUM_LAN,VSPD_LIM,VALIGN,VPROFILE,VPAVETYP,VSURCOND,VTRAFCON,VTCONT_F,P_CRASH1,P_CRASH2,P_CRASH3,PCRASH4,PCRASH5,ACC_TYPE,DEATHS,DR_DRINK
42,421100,1,1,1,31,10,8,40,8,0,1,0,42,3,98,881,98881,63,2002,10TFAWD292S0,1,0,T,F,A,W,D,2,9,2,S,0,0,T,OSHK,SSE,TM,2,17,,8,0,0,SSE,D,,,6,733,,,,,00000,00,,86,0,57,00013882,5700013882,3,2,5,1,0,0,0,0,0,0,0,999,0,0,0,3,0,1,8,0,0,0,1,42,17036,6,1,6,0,3,1,75,999,0,0,0,0,0,0,0,0,0,0,0,0,0,0,1,2,25,1,6,2,2,2,3,1,80,1,1,3,13,0,0
42,421101,1,1,1,6,11,16,19,59,0,1,0,42,1,41,45,41045,1,1996,JM1NA3530T07,J,M,1,N,A,3,5,3,0,T,0,7,0,P,MAZD,MIA,CV,96,17,2293,,0,892,,G,,F,4,112,,,14R185,,,,,,0,0,000000000,00000000000,0,0,0,1,0,0,0,0,0,0,0,60,0,0,0,9,6,2,30,0,0,0,1,42,18092,6,1,0,0,3,0,67,999,0,0,0,0,1,11,2009,11,2009,1,0,0,0,0,1,2,40,3,1,2,1,40,3,14,6,9,3,4,2,1,0
42,421102,1,1,1,27,10,5,21,8,0,1,1,99,9,99,999,99999,99,9999,999999999999,9,9,9,9,9,9,9,9,9,9,9,9,0,U,,,,,16,,,,,,,,,,,,,,,,,,,0,99,999999999,99999999999,9,99,99,1,0,0,0,0,0,99,9,55,0,0,0,99,9,1,8,0,0,0,1,99,99999,9,9,99,9,9,9,999,999,99,99,99,99,99,99,9999,99,9999,9,99,99,99,99,3,2,55,1,1,1,1,0,0,99,99,99,9,9,13,0,0
42,421103,1,2,2,14,11,12,20,5,0,1,0,42,2,24,1,24001,4,1994,1G8ZJ5571RZ2,1,G,8,Z,J,5,5,7,1,R,Z,2,0,P,STRN,SL2,4D,94,17,2308,,0,1024,,G,,F,4,116,,,15R195,,,,,,0,0,000000000,00000000000,0,0,0,1,0,0,0,0,0,0,0,55,0,0,0,0,6,2,5,0,0,0,1,42,17872,6,1,0,0,3,0,70,999,0,0,0,0,0,0,0,0,0,0,0,0,0,0,5,2,55,1,1,2,1,0,0,1,98,1,1,2,0,1,0
42,421103,2,2,1,14,11,12,20,5,0,1,0,94,3,25,499,25499,22,9999,999999999999,9,9,9,9,9,9,9,9,9,9,9,9,0,,,,,,,,,,,,,,,,,,,,,,,,,0,0,000000000,00000000000,0,0,0,1,0,0,0,0,0,0,0,0,0,0,0,12,2,1,12,0,0,0,1,42,17851,6,1,0,0,3,0,64,999,0,0,0,0,0,0,0,0,0,0,0,0,0,0,5,2,55,1,1,2,1,0,0,5,98,1,1,1,98,0,0
42,421104,1,1,1,30,11,0,25,25,0,1,0,42,1,24,7,24007,4,2003,1G8AN12F13Z1,1,G,8,A,N,1,2,F,1,3,Z,1,0,P,STRN,SI2,C4,3,17,2751,,0,1032,,G,,F,4,134,,,15R195,,,,,,0,0,000000000,00000000000,0,0,0,1,0,0,0,0,0,0,0,80,0,1,6,11,6,2,1,0,0,0,1,42,18976,6,1,0,0,3,1,69,999,0,0,0,0,0,0,0,0,0,1,79,0,0,0,3,3,65,1,1,2,1,0,0,15,12,1,1,4,6,1,0
42,421105,1,1,1,13,11,17,29,35,0,1,0,42,2,24,1,24001,4,2000,1G8ZK5270YZ1,1,G,8,Z,K,5,2,7,0,Y,Z,1,0,P,STRN,SL2,4D,0,17,2425,,0,1024,,G,,F,4,116,,,15R185,,,,,,0,0,000000000,00000000000,0,0,0,1,0,0,0,0,0,0,0,55,0,0,0,10,6,2,42,0,0,0,1,42,15554,6,1,0,0,3,3,62,999,0,0,0,2,0,2,2011,10,2011,0,0,0,0,0,1,2,55,1,1,2,1,0,0,1,10,7,1,4,1,1,0
42,421106,1,1,1,9,11,18,33,42,0,1,0,42,1,22,19,22019,2,2007,1G2AL15F4772,1,G,2,A,L,1,5,F,4,7,7,2,0,P,PONT,G/5,CP,7,17,2991,,0,1035,,G,,F,4,134,,,15R195,,,,,,0,0,000000000,00000000000,0,0,0,1,0,0,0,0,0,0,0,55,0,0,0,11,6,2,42,0,0,0,1,42,15963,6,1,0,0,3,0,62,999,0,0,0,0,0,0,0,0,0,1,0,0,0,0,1,2,45,3,6,2,1,0,0,14,12,1,1,4,6,1,1
42,421107,1,1,1,10,11,13,0,49,0,1,0,42,2,20,401,20401,14,1997,1GNCT18W6VK1,1,G,N,C,T,1,8,W,6,V,K,1,0,P,CHEV,BZR,UT,97,17,3880,,0,1005,,G,,F,6,262,,,15R205,,,,,,0,0,000000000,00000000000,0,0,0,1,0,0,0,0,0,0,0,90,0,1,6,1,6,2,42,0,0,0,1,42,17701,6,2,0,0,3,0,68,999,0,0,0,0,0,0,0,0,0,1,0,0,0,0,1,2,55,3,6,2,2,40,3,14,13,1,1,4,1,1,0
42,421108,1,1,1,11,11,21,29,42,0,1,0,42,2,7,26,7026,4,2008,1B3LC56R58N1,1,B,3,L,C,5,6,R,5,8,N,1,0,P,DODG,AXT,4D,8,17,3465,,0,1089,,F,,F,6,165,,,17R215,,,,,,0,0,000000000,00000000000,0,0,0,1,0,0,0,0,0,0,0,50,0,1,5,10,6,2,42,0,0,0,1,42,16630,6,1,0,0,3,0,71,999,0,0,0,0,0,0,0,0,0,0,6,0,0,0,1,2,55,1,6,2,1,0,0,1,13,99,3,4,2,1,1
42,421109,1,1,1,28,10,20,21,24,0,1,0,42,1,20,481,20481,31,2004,1GCHK24UX4E1,1,G,C,H,K,2,4,U,X,4,E,1,0,T,CHEV,2KH,PK,4,17,,2,0,1330,SIL,G,,,8,364,,,,C,5440,00,,44,0,0,000000000,00000000000,0,0,0,1,0,0,0,0,0,0,0,999,0,1,5,12,6,2,24,0,0,0,1,42,16001,6,1,0,0,3,0,74,999,0,0,0,0,0,0,0,0,0,0,0,0,0,0,2,2,35,1,1,2,2,0,0,1,10,1,1,4,6,1,1
42,421110,1,1,1,22,10,17,55,8,0,1,0,42,1,12,37,12037,3,2000,3FAFP3137YR2,3,F,A,F,P,3,1,3,7,Y,R,2,0,P,FORD,FZX,3P,0,17,2551,,0,1030,,G,,F,4,121,,,15R195,,,,,,0,0,000000000,00000000000,0,0,0,1,0,0,0,0,0,0,0,15,0,0,0,12,4,3,8,0,0,0,1,42,15963,6,1,0,0,3,3,66,999,0,0,0,0,0,0,0,0,0,0,0,0,0,0,1,2,35,1,1,2,1,0,0,1,80,1,1,1,13,0,0
42,421111,1,1,1,20,10,20,16,8,0,1,0,42,1,59,401,59401,14,2001,JTJHF10U6102,J,T,J,H,F,1,0,U,6,1,0,2,0,P,LEXS,RX3,UT,1,17,3924,,0,1031,,G,,F,6,183,,,16R225,,,,,,0,0,000000000,00000000000,0,0,0,1,0,0,0,0,0,0,0,999,0,0,0,12,2,3,8,0,0,0,1,42,19086,6,1,0,0,3,3,61,999,0,0,0,0,0,0,0,0,0,0,0,0,0,0,1,2,35,1,1,2,1,2,3,1,80,1,1,1,13,0,0
42,421112,1,1,1,4,11,0,30,30,0,1,0,42,2,6,42,6042,4,1995,2C3HC56F1SH6,2,C,3,H,C,5,6,F,1,S,H,6,0,P,CHRY,LHS,4D,95,17,3534,,0,1130,,G,,F,6,215,,,16R225,,,,,,0,0,000000000,00000000000,0,0,0,1,0,0,0,0,0,0,0,80,0,1,6,4,6,2,19,0,0,0,1,42,17562,0,0,0,0,0,0,68,999,0,5,0,0,0,1,2011,1,2012,1,0,0,0,0,1,2,35,3,1,2,1,0,0,14,11,1,1,4,1,1,1
42,421113,1,1,1,9,11,6,50,18,0,1,0,42,1,12,471,12471,30,2001,1FTYR14E71TB,1,F,T,Y,R,1,4,E,7,1,T,B,0,T,FORD,RNS,PC,1,17,,1,0,1257,RNG,G,,,6,245,,,,B,3271,00,U,42,0,0,000000000,00000000000,0,0,0,1,0,0,0,0,0,0,0,999,0,0,0,1,6,2,18,0,0,0,1,42,17935,6,1,0,0,3,0,73,999,0,0,0,0,0,0,0,0,0,0,0,0,0,0,2,2,55,1,1,2,1,0,0,1,10,99,1,5,6,1,0
42,421114,1,1,1,17,11,9,30,8,0,1,0,42,1,7,482,7482,31,1996,1B7HF16Y3TS5,1,B,7,H,F,1,6,Y,3,T,S,5,0,T,DODG,150,PK,96,17,,2,1347,1187,RPC,G,,,8,318,,,,B,4512,01,M,44,0,0,000000000,00000000000,0,0,0,1,0,0,0,0,0,0,0,999,0,0,0,11,0,1,8,0,0,0,1,42,19348,6,1,0,0,3,0,73,999,0,0,0,0,0,0,0,0,0,0,48,0,0,0,1,2,25,1,1,2,1,1,3,10,80,1,1,1,13,0,0
42,421115,1,1,1,23,11,13,20,19,0,1,0,42,2,20,37,20037,4,2000,1G1NE52J4Y63,1,G,1,N,E,5,2,J,4,Y,6,3,0,P,CHEV,M/L,4D,0,17,3077,,0,1070,,G,,F,6,191,,,15R215,,,,,,0,0,000000000,00000000000,0,0,0,1,0,0,0,0,0,0,0,80,0,0,0,11,6,2,19,0,0,0,1,42,17948,1,8,0,0,2,0,999,999,0,4,0,0,0,6,2010,10,2011,1,0,0,0,0,1,2,35,2,1,2,1,0,0,14,11,9,3,4,1,1,0
42,421116,1,1,1,15,12,9,34,24,0,1,0,42,1,30,46,30046,4,2006,WVWAK73C66P0,W,V,W,A,K,7,3,C,6,6,P,0,0,P,VOLK,2VE,4D,6,17,3206,,0,1067,,G,,T,4,121,,,16R205,,,,,,0,0,000000000,00000000000,0,0,0,1,0,0,0,0,0,0,0,65,0,0,0,11,6,2,42,0,0,0,1,42,17938,6,1,0,0,3,3,70,999,1,0,0,0,2,5,2010,8,2012,1,0,0,0,0,1,2,40,2,1,2,1,0,0,14,10,6,1,4,6,1,0
42,421117,1,1,1,6,12,20,55,59,0,1,0,42,1,7,472,7472,30,2002,1B7HG38N82S6,1,B,7,H,G,3,8,N,8,2,S,6,0,T,DODG,DSQ,CW,2,17,,2,0,1309,DAK,G,,,8,287,,,,B,4353,00,E,44,0,0,000000000,00000000000,0,0,0,1,0,0,0,0,0,0,0,45,0,1,6,12,6,2,1,0,0,0,1,42,16830,6,1,0,0,3,0,75,999,0,0,0,0,0,0,0,0,0,0,0,0,0,0,3,2,45,1,1,2,1,0,0,1,12,1,1,4,98,1,1
42,421118,1,1,1,29,12,2,19,42,0,1,0,42,1,47,35,47035,5,2001,YS3DF55KX120,Y,S,3,D,F,5,5,K,X,1,2,0,0,P,SAA,93E,4H,1,17,3060,,0,1026,,G,,T,4,121,,,16R205,,,,,,0,0,000000000,00000000000,0,0,0,1,0,0,0,0,0,0,0,35,0,0,0,1,6,2,42,0,0,0,1,42,17403,6,1,0,0,3,0,78,999,0,1,0,1,2,4,2012,6,2012,0,0,0,0,0,1,2,25,3,6,2,1,0,0,14,11,1,1,4,1,1,1
42,421119,1,1,1,30,11,2,56,30,0,1,0,42,2,37,31,37031,4,2001,2HGES16501H5,2,H,G,E,S,1,6,5,0,1,H,5,0,P,HOND,UCL,4D,1,17,2515,,0,1031,,G,,F,4,102,,,14R185,,,,,,0,0,000000000,00000000000,0,0,0,1,0,0,0,0,0,0,0,999,0,0,0,10,6,2,30,0,0,0,1,42,18902,6,1,0,0,3,3,69,999,0,0,0,0,0,0,0,0,0,0,0,0,0,0,1,2,40,2,6,2,1,40,3,14,10,9,2,4,7,1,1
42,421120,1,2,1,1,11,19,7,12,1,1,0,42,3,98,981,98981,52,2004,5FYD2LL124U0,5,F,Y,D,2,L,L,1,2,4,U,0,0,U,,,,4,17,,,,,,,,,,,,,,,,,,,0,99,999999999,99999999999,3,20,22,1,0,0,0,0,6,3,0,999,0,0,0,12,2,1,12,0,0,0,1,42,19150,1,1,6,0,2,0,69,999,0,0,0,0,0,0,0,0,0,0,0,0,0,0,1,2,35,1,1,2,1,0,0,1,51,1,1,1,24,0,0
42,421120,2,2,1,1,11,19,7,12,1,1,0,42,1,37,704,37704,80,1975,CB3602021681,C,B,3,6,0,2,0,2,1,6,8,1,0,M,HOND,CB3,RS,75,12,,,,,,,356,,2,,4,357,,,,,,,0,0,000000000,00000000000,0,0,0,1,0,0,0,0,0,0,0,999,0,0,0,6,6,2,12,0,0,0,1,42,19144,6,1,0,0,3,3,66,999,0,0,0,0,0,0,0,0,0,0,0,0,0,0,1,2,35,1,1,1,2,0,0,1,53,1,1,1,25,1,0
42,421121,1,1,1,3,12,13,40,35,0,1,0,42,1,24,1,24001,4,1998,1G8ZK5276WZ2,1,G,8,Z,K,5,2,7,6,W,Z,2,0,P,STRN,SL2,4D,98,17,2422,,0,1024,,G,,F,4,116,,,15R185,,,,,,0,0,000000000,00000000000,0,0,0,1,0,0,0,0,0,0,0,999,0,1,6,11,6,2,1,0,0,0,1,42,17038,6,1,0,0,3,0,59,999,0,0,0,0,0,0,0,0,0,1,52,0,0,0,1,2,35,2,3,2,1,0,0,14,6,99,9,4,2,1,1
42,421122,1,1,1,16,11,2,22,24,0,1,0,42,2,58,37,58037,2,2006,JNKCV54E96M7,J,N,K,C,V,5,4,E,9,6,M,7,0,P,INFI,G35,CP,6,17,3505,,0,1122,,G,,F,6,214,,,17R225,,,,,,0,0,000000000,00000000000,0,0,0,1,0,0,0,0,0,0,0,55,0,0,0,3,6,2,43,0,0,0,1,42,19149,6,1,0,0,3,1,68,999,0,0,0,0,0,0,0,0,0,0,99,99,99,99,2,2,65,1,1,2,1,0,0,1,11,1,1,4,1,1,0
42,421123,1,1,1,29,11,23,5,34,0,1,0,40,1,12,37,12037,4,2004,1FAFP34384W1,1,F,A,F,P,3,4,3,8,4,W,1,0,P,FORD,FSP,4D,4,17,2604,,0,1030,,G,,F,4,121,,,15R195,,,,,,0,0,000000000,00000000000,0,0,0,1,0,0,0,0,0,0,0,55,0,1,6,12,6,2,34,0,0,0,1,40,73533,1,1,0,0,2,0,61,103,0,1,0,0,0,10,2012,10,2012,1,99,99,99,99,1,2,45,3,1,2,1,0,0,14,13,1,1,4,1,1,0
42,421124,1,1,1,8,12,7,40,42,0,1,0,34,2,37,32,37032,4,1992,1HGCB7658NA0,1,H,G,C,B,7,6,5,8,N,A,0,0,P,HOND,ALX,4D,92,17,2504,,0,1071,,G,,F,4,132,,,14R185,,,,,,0,0,000000000,00000000000,0,0,0,1,0,0,0,0,0,0,0,80,0,0,0,9,6,2,42,0,0,0,1,34,8087,6,1,0,0,3,3,67,999,2,0,0,3,2,10,2010,11,2010,1,35,0,0,0,2,2,65,1,1,2,2,0,0,1,12,4,3,4,2,1,0
42,421125,1,1,1,11,11,11,35,35,0,1,0,42,1,20,37,20037,4,2001,1G1ND52J9161,1,G,1,N,D,5,2,J,9,1,6,1,0,P,CHEV,MAL,4D,1,17,3051,,0,1070,,G,,F,6,191,,,15R215,,,,,,0,0,000000000,00000000000,0,0,0,1,0,0,0,0,0,0,0,45,0,1,1,6,6,2,35,0,0,0,1,42,15323,1,1,0,0,2,1,63,999,2,1,0,1,0,1,2010,9,2012,1,99,99,99,99,1,2,40,3,3,2,1,0,0,14,11,8,3,4,7,1,0
42,421126,1,1,1,6,12,1,23,35,0,1,0,42,1,12,13,12013,4,1999,1FAFP13P3XW2,1,F,A,F,P,1,3,P,3,X,W,2,0,P,FORD,ESE,4D,99,17,2468,,0,984,,G,,F,4,122,,,14R185,,,,,,0,0,000000000,00000000000,0,0,0,1,0,0,0,0,0,0,0,50,0,1,6,12,6,2,1,0,0,0,1,42,16667,6,1,0,0,3,0,66,999,0,0,0,0,1,6,2010,6,2010,1,0,0,0,0,1,2,35,2,1,2,1,20,3,14,11,3,1,4,1,1,0
42,421127,1,1,1,4,11,6,2,35,0,1,0,34,1,2,403,2403,14,2009,1J4FA24189L7,1,J,4,F,A,2,4,1,8,9,L,7,0,T,JEEP,WXR,2W,9,17,,1,0,954,WRA,G,,,6,230,,,,,3760,00,E,44,0,0,000000000,00000000000,0,0,0,1,0,0,0,0,0,0,0,75,0,1,4,98,6,2,42,0,0,0,1,34,7470,6,1,6,0,3,0,74,999,1,0,0,0,0,2,2012,2,2012,1,0,0,0,0,1,2,55,2,5,2,1,0,0,14,12,1,1,4,6,1,0
42,421128,1,1,1,8,12,17,39,35,0,1,0,42,1,6,43,6043,1,2008,1C3LC65M88N1,1,C,3,L,C,6,5,M,8,8,N,1,0,P,CHRY,SLT,CV,8,17,3499,,0,1089,,G,,F,6,214,,,18R215,,,,,,0,0,000000000,00000000000,0,0,0,1,0,0,0,0,0,0,0,90,0,1,3,14,6,2,1,0,0,0,1,42,15401,6,1,0,0,3,0,72,999,0,0,0,1,0,4,2011,4,2011,1,0,0,0,0,2,2,65,2,5,1,2,0,0,14,10,7,4,4,6,1,1
42,421129,1,1,1,5,12,4,0,35,0,1,0,42,1,7,482,7482,31,2002,3B7KF23Z12M2,3,B,7,K,F,2,3,Z,1,2,M,2,0,T,DODG,Q25,4C,2,17,,2,1547,1387,RPC,G,,,8,360,,,,C,5579,01,E,44,0,0,000000000,00000000000,0,0,0,1,0,0,0,0,0,0,0,55,0,1,6,12,6,2,1,0,0,0,1,42,15312,1,1,0,0,2,0,66,999,0,1,1,0,0,6,2012,6,2012,1,0,0,0,0,1,2,35,1,1,5,2,0,0,1,13,1,1,4,1,1,1
42,421130,1,1,1,19,12,15,55,24,0,1,0,42,2,37,31,37031,4,2001,2HGES26721H5,2,H,G,E,S,2,6,7,2,1,H,5,0,P,HOND,UAX,4D,1,17,2615,,0,1031,,G,,F,4,102,,,15R185,,,,,,0,0,000000000,00000000000,0,0,0,1,0,0,0,0,0,0,0,100,0,1,2,1,6,2,1,0,0,0,1,42,18660,6,1,0,0,3,0,71,999,0,0,0,0,0,0,0,0,0,1,0,0,0,0,2,2,65,1,6,1,1,0,0,15,10,6,1,4,6,1,1
42,421131,1,1,1,11,11,13,20,24,0,1,0,42,1,18,3,18003,4,1988,1G4CW51C0J16,1,G,4,C,W,5,1,C,0,J,1,6,0,P,BUIC,EPF,4D,88,17,3248,,0,1108,,G,,F,6,231,,,14R205,,,,,,0,0,000000000,00000000000,0,0,0,1,0,0,0,0,0,0,0,60,0,1,6,2,6,2,42,0,0,1,1,42,16353,6,1,0,0,3,0,70,999,0,0,0,0,0,0,0,0,0,0,99,99,99,99,1,2,55,1,6,2,1,0,0,1,11,1,1,4,1,1,1
42,421132,1,1,1,23,11,6,7,24,0,1,0,42,1,49,44,49044,2,1999,2T1CG22P2XC1,2,T,1,C,G,2,2,P,2,X,C,1,0,P,TOYT,CRE,CP,99,17,3120,,0,1051,,G,,F,4,132,,,15R205,,,,,,0,0,000000000,00000000000,0,0,0,1,0,0,0,0,0,0,0,55,0,1,6,11,6,2,1,0,0,0,1,42,16601,6,1,6,0,3,0,74,999,0,0,0,0,1,10,2011,10,2011,0,99,99,99,99,2,2,55,3,1,2,1,0,0,14,11,6,1,4,1,1,0
42,421133,1,1,1,20,12,4,43,53,0,1,0,42,2,24,7,24007,4,2003,1G8AG52F93Z1,1,G,8,A,G,5,2,F,9,3,Z,1,0,P,STRN,SI1,4D,3,17,2728,,0,1032,,G,,F,4,134,,,14R185,,,,,,0,0,000000000,00000000000,0,0,0,1,0,0,0,0,0,0,0,999,0,0,0,12,6,2,30,0,0,0,1,42,17201,0,0,0,0,0,0,70,999,0,0,0,0,0,0,0,0,0,9,0,0,0,0,1,2,55,1,1,2,1,0,0,1,12,99,1,4,6,1,0
42,421134,1,1,1,20,11,14,12,42,0,1,0,42,1,2,404,2404,14,1997,1J4FJ68S7VL5,1,J,4,F,J,6,8,S,7,V,L,5,0,T,JEEP,SPT,4W,97,17,,1,0,1014,CHK,G,,,6,242,,,,,3244,00,E,44,0,0,000000000,00000000000,0,0,0,1,0,0,0,0,0,0,0,35,0,0,0,12,6,2,42,0,0,0,1,42,17406,6,1,0,0,3,0,70,999,1,0,0,0,0,7,2011,7,2011,0,99,99,99,99,1,2,35,3,6,2,1,0,0,14,13,1,1,4,1,1,0
42,421135,1,1,1,28,12,9,50,1,0,1,0,42,3,86,881,86881,66,2003,1M1AA18Y13W1,1,M,1,A,A,1,8,Y,1,3,W,1,1,T,MACK,CH6,TR,3,17,,8,0,0,600,D,,,6,728,,,,,00000,00,,64,1,57,00300458,5700300458,3,6,2,1,0,0,0,0,0,0,0,35,0,2,1,0,6,2,1,0,0,0,1,42,15537,6,1,6,3,3,0,74,999,0,0,0,0,0,0,0,0,0,0,27,0,0,0,1,2,35,3,5,2,4,0,0,14,10,1,1,2,98,1,0
42,421136,1,1,1,11,11,5,0,24,0,1,0,42,2,22,22,22022,4,2006,1G2ZF55B7642,1,G,2,Z,F,5,5,B,7,6,4,2,0,P,PONT,G6E,4D,6,17,3419,,0,1123,,G,,F,4,146,,,16R215,,,,,,0,0,000000000,00000000000,0,0,0,1,0,0,0,0,0,0,0,70,0,1,6,12,6,2,42,0,0,0,1,42,15317,0,0,0,0,0,0,73,999,0,4,0,0,1,7,2011,10,2012,1,0,0,0,0,1,2,45,2,1,2,1,0,0,14,10,9,3,4,7,1,1
42,421137,1,1,1,24,12,22,50,35,0,1,0,42,1,20,403,20403,14,2004,1GNDT13SX422,1,G,N,D,T,1,3,S,X,4,2,2,0,P,CHEV,TRL,UT,4,17,4612,,0,1130,,G,,F,6,256,,,16R245,,,,,,0,0,000000000,00000000000,0,0,0,1,0,0,0,0,0,0,0,65,0,1,5,1,6,2,1,0,0,0,1,42,16503,6,1,0,0,3,0,73,999,0,0,0,0,0,0,0,0,0,1,52,0,0,0,2,2,65,1,1,2,3,0,0,1,13,1,1,4,1,1,0
42,421138,1,5,2,30,10,8,8,12,7,1,0,42,1,20,2,20002,4,2004,2G1WF52E7494,2,G,1,W,F,5,2,E,7,4,9,4,0,P,CHEV,IMP,4D,4,17,3389,,0,1105,,G,,F,6,207,,,16R225,,,,,,0,0,000000000,00000000000,0,0,0,1,0,0,0,0,0,0,0,999,0,0,0,8,6,2,12,0,0,0,1,42,15133,6,1,0,0,3,3,67,999,0,0,0,0,0,0,0,0,0,1,0,0,0,0,1,2,35,1,1,2,2,0,0,1,99,99,1,1,49,1,0
42,421138,2,5,1,30,10,8,8,12,7,1,0,42,2,84,881,84881,66,1994,2HSFBLSR7RC0,2,H,S,F,B,L,S,R,7,R,C,0,1,T,INTL,930,TR,94,17,,8,2400,1600,90S,D,,,6,893,,,,,00000,00,,64,1,57,00163516,5700163516,3,6,98,1,0,0,0,0,0,0,0,999,0,0,0,1,6,2,12,0,0,0,1,42,15943,6,1,6,0,3,0,73,999,0,9,0,2,2,11,2009,8,2011,0,99,99,99,99,1,2,35,1,1,2,2,0,0,1,99,6,1,9,49,0,0
42,421138,3,5,2,30,10,8,8,12,7,1,0,42,1,63,38,63038,4,2010,KNAFU4A21A52,K,N,A,F,U,4,A,2,1,A,5,2,0,P,KIA,FEX,4D,10,17,2707,,0,1043,,G,,F,4,122,,,15R195,,,,,,0,0,000000000,00000000000,0,0,0,1,0,0,0,0,0,0,0,999,0,0,0,11,6,2,12,0,0,0,1,42,15216,6,1,0,0,3,3,64,999,0,0,0,0,0,0,0,0,0,0,0,0,0,0,1,2,35,1,1,2,2,0,0,99,99,99,1,9,98,0,0
42,421138,4,5,1,30,10,8,8,12,7,1,0,42,1,37,32,37032,4,2005,1HGCM56885A1,1,H,G,C,M,5,6,8,8,5,A,1,0,P,HOND,UEX,4D,5,17,3203,,0,1079,,G,,F,4,146,,,16R205,,,,,,0,0,000000000,00000000000,0,0,0,1,0,0,0,0,0,0,0,999,0,0,0,11,4,1,12,0,0,0,1,42,15228,6,1,0,0,3,0,74,999,0,0,0,0,0,0,0,0,0,0,0,0,0,0,1,2,35,1,1,2,2,0,0,1,99,99,1,9,98,0,0
42,421138,5,5,1,30,10,8,8,12,7,1,0,42,1,63,401,63401,14,2012,KNDPBCA25C72,K,N,D,P,B,C,A,2,5,C,7,2,0,P,KIA,SPO,UT,12,17,3355,,0,0,,G,,F,4,144,,,000000,,,,,,0,0,000000000,00000000000,0,0,0,1,0,0,0,0,0,0,0,999,0,0,0,12,6,2,12,0,0,0,1,42,15009,6,1,0,0,3,0,72,999,0,0,0,0,2,11,2010,11,2010,0,0,0,0,0,1,2,35,1,1,2,2,0,0,1,62,99,1,9,98,0,0
42,421139,1,1,1,17,12,4,55,42,0,1,0,42,1,13,5,13005,4,1994,1LNLM9845RY7,1,L,N,L,M,9,8,4,5,R,Y,7,0,P,LINC,CSI,4D,94,17,3613,,0,1090,,G,,F,6,232,,,15R205,,,,,,0,0,000000000,00000000000,0,0,0,1,0,0,0,0,0,0,0,999,0,0,0,12,6,2,42,0,0,0,1,42,19151,6,1,0,0,3,3,75,999,0,0,0,0,0,0,0,0,0,0,0,0,0,0,2,3,45,1,1,2,2,0,0,1,10,99,1,4,6,1,1
42,421140,1,1,4,29,12,6,15,30,0,1,0,42,2,12,37,12037,6,2002,1FAFP36372W3,1,F,A,F,P,3,6,3,7,2,W,3,0,P,FORD,FZS,SW,2,17,2759,,0,1030,,G,,F,4,121,,,15R195,,,,,,0,0,000000000,00000000000,0,0,0,1,0,0,0,0,0,0,0,80,0,0,0,98,6,2,30,0,0,0,1,42,18032,0,0,0,0,0,0,68,999,0,0,0,0,0,0,0,0,0,1,0,0,0,0,1,2,30,1,1,2,1,0,0,1,11,1,1,4,1,2,1
42,421141,1,1,1,4,11,3,30,24,0,1,0,42,1,48,38,48038,4,2007,JF1GD76677L5,J,F,1,G,D,7,6,6,7,7,L,5,0,P,SUBA,IWS,4D,7,17,3351,,0,994,,G,,T,4,150,,,17R225,,,,,,0,0,000000000,00000000000,0,0,0,1,0,0,0,0,0,0,0,999,0,1,5,9,6,2,24,0,0,0,1,42,18355,6,1,0,0,3,0,68,999,0,0,0,0,0,0,0,0,0,1,0,0,0,0,1,4,45,3,6,2,1,0,0,14,11,6,3,4,2,1,0
42,421142,1,1,1,2,12,17,10,8,0,1,0,42,1,12,401,12401,14,2002,1FMDU74WX2UB,1,F,M,D,U,7,4,W,X,2,U,B,0,P,FORD,EPR,UT,2,17,4388,,0,1137,,G,,F,8,281,,,16R245,,,,,,0,0,000000000,00000000000,0,0,0,1,0,0,0,0,0,0,0,15,0,0,0,14,0,3,8,0,0,0,1,42,18067,6,1,0,0,3,3,62,999,0,0,0,0,0,0,0,0,0,0,0,0,0,0,1,2,25,1,5,2,1,0,0,1,80,1,1,1,13,0,0