STATE,ST_CASE,VEH_NO,VE_FORMS,NUMOCCS,DAY,MONTH,HOUR,MINUTE,HARM_EV,MAN_COLL,UNITTYPE,HIT_RUN,REG_STAT,OWNER,MAKE,MODEL,MAK_MOD,BODY_TYP,MOD_YEAR,VIN,VIN_1,VIN_2,VIN_3,VIN_4,VIN_5,VIN_6,VIN_7,VIN_8,VIN_9,VIN_10,VIN_11,VIN_12,TOW_VEH,VINTYPE,VINMAKE,VINA_MOD,VIN_BT,VINMODYR,VIN_LNGT,VIN_WGT,WGTCD_TR,WHLBS_LG,WHLBS_SH,SER_TR,FUELCODE,MCYCL_DS,CARBUR,CYLINDER,DISPLACE,MCYCL_CY,MCYCL_WT,TIRE_SZE,TON_RAT,TRK_WT,TRKWTVAR,VIN_REST,WHLDRWHL,J_KNIFE,MCARR_I1,MCARR_I2,MCARR_ID,GVWR,V_CONFIG,CARGO_BT,HAZ_INV,HAZ_PLAC,HAZ_ID,HAZ_CNO,HAZ_REL,BUS_USE,SPEC_USE,EMER_USE,TRAV_SP,UNDERIDE,ROLLOVER,ROLINLOC,IMPACT1,DEFORMED,TOWED,M_HARM,VEH_SC1,VEH_SC2,FIRE_EXP,DR_PRES,L_STATE,DR_ZIP,L_STATUS,L_TYPE,CDL_STAT,L_ENDORS,L_COMPL,L_RESTRI,DR_HGT,DR_WGT,PREV_ACC,PREV_SUS,PREV_DWI,PREV_SPD,PREV_OTH,FIRST_MO,FIRST_YR,LAST_MO,LAST_YR,SPEEDREL,DR_SF1,DR_SF2,DR_SF3,DR_SF4,VTRAFWAY,VNUM_LAN,VSPD_LIM,VALIGN,VPROFILE,VPAVETYP,VSURCOND,VTRAFCON,VTCONT_F,P_CRASH1,P_CRASH2,P_CRASH3,PCRASH4,PCRASH5,ACC_TYPE,DEATHS,DR_DRINK
42,421143,1,1,1,24,11,1,5,42,0,1,0,42,1,7,472,7472,30,1999,1B7GG26Y5XS2,1,B,7,G,G,2,6,Y,5,X,S,2,0,T,DODG,DAK,PK,99,17,,1,0,1119,DAK,G,,,8,318,,,,B,3735,00,U,44,0,0,000000000,00000000000,0,0,0,1,0,0,0,0,0,0,0,60,0,0,0,12,6,2,42,0,0,0,1,42,17963,1,1,0,0,2,0,74,999,1,2,0,2,2,1,2010,9,2012,1,99,99,99,99,1,2,55,2,1,2,1,0,0,1,12,1,1,4,6,1,1
42,421144,1,1,1,16,12,18,19,8,0,1,0,42,1,30,42,30042,3,2002,9BWDE61J2240,9,B,W,D,E,6,1,J,2,2,4,0,0,P,VOLK,G37,2H,2,17,2804,,0,989,,G,,T,4,109,,,16R205,,,,,,0,0,000000000,00000000000,0,0,0,1,0,0,0,0,0,0,0,35,0,0,0,12,2,3,8,0,0,0,1,42,17601,6,1,0,0,3,3,76,999,0,0,0,0,0,0,0,0,0,0,0,0,0,0,1,2,40,1,1,2,1,0,0,1,80,6,1,1,13,0,0
42,421145,1,1,2,26,12,21,44,8,0,1,0,9,1,23,421,23421,15,2003,1GKEK13Z53J3,1,G,K,E,K,1,3,Z,5,3,J,3,0,T,GMC,YUK,4W,3,17,,2,0,1160,YUK,F,,,8,325,,,,B,5133,00,4,44,0,0,000000000,00000000000,0,0,0,1,0,0,0,0,0,0,0,40,0,0,0,8,6,2,8,0,0,0,1,99,6111,6,1,99,9,9,9,999,999,99,99,99,99,99,99,9999,99,9999,0,0,0,0,0,3,2,55,1,1,1,4,0,0,1,80,9,1,1,13,0,0
42,421146,1,1,1,7,12,7,45,24,0,1,0,34,2,51,881,51881,66,2001,4V4NC9JHX1N2,4,V,4,N,C,9,J,H,X,1,N,2,1,T,VOLV,VNL,TR,1,17,,8,0,0,VVN,D,,,6,855,,,,,00000,00,,64,1,57,01759834,5701759834,3,6,1,1,0,0,0,0,0,0,0,70,0,1,1,1,6,2,24,0,0,0,1,34,7202,6,1,6,0,3,3,65,999,0,0,0,0,1,8,2011,8,2011,1,87,0,0,0,2,4,65,2,2,2,4,0,0,14,6,1,4,4,2,1,0
42,421147,1,1,3,20,12,1,30,53,0,1,0,42,2,12,37,12037,4,2000,1FAFP33P9YW2,1,F,A,F,P,3,3,P,9,Y,W,2,0,P,FORD,FOX,4D,0,17,2564,,0,1030,,G,,F,4,122,,,14R185,,,,,,0,0,000000000,00000000000,0,0,0,1,0,0,0,0,0,0,0,999,0,1,5,1,6,2,1,0,0,0,1,42,18657,6,1,0,0,3,0,72,999,1,0,0,0,0,9,2011,9,2011,1,99,99,99,99,1,3,55,1,5,2,1,0,0,1,13,1,4,4,2,1,1
42,421148,1,1,1,25,12,4,30,42,0,1,0,42,2,55,402,55402,14,2006,KM8JM12B76U2,K,M,8,J,M,1,2,B,7,6,U,2,0,P,HYUN,TUC,UT,6,17,3425,,0,1035,,G,,F,4,121,,,16R215,,,,,,0,0,000000000,00000000000,0,0,0,1,0,0,0,0,0,0,0,60,0,0,0,11,6,2,42,0,0,0,1,42,16428,6,1,0,0,3,0,72,999,0,0,0,0,0,0,0,0,0,0,0,0,0,0,1,4,55,1,1,2,2,0,0,1,12,1,1,4,6,1,0
42,421149,1,1,1,26,12,13,10,42,0,1,0,36,1,12,481,12481,31,2011,1FTFW1EF0BFB,1,F,T,F,W,1,E,F,0,B,F,B,0,T,FORD,F1S,CW,11,17,,2,1570,1450,COF,F,,,8,305,,,,B,5577,01,7,44,0,0,000000000,00000000000,0,0,0,1,0,0,0,0,0,0,0,35,0,0,0,10,6,2,42,0,0,0,1,36,14787,6,1,6,0,3,3,72,999,0,0,0,0,0,0,0,0,0,0,87,0,0,0,1,2,45,2,6,2,3,0,0,14,5,7,2,4,7,1,0
42,421150,1,1,4,14,12,15,22,15,0,1,0,42,1,7,482,7482,31,2003,1D7KU286X3J5,1,D,7,K,U,2,8,6,X,3,J,5,1,T,DODG,SQ2,CW,3,17,,2,1605,1405,RPC,D,,,6,359,,,,C,5837,07,E,44,1,0,000000000,00000000000,0,0,0,1,0,0,0,0,0,0,0,35,0,0,0,12,2,3,15,0,0,0,1,42,17555,6,1,0,0,3,0,65,999,2,0,0,0,0,2,2010,11,2012,0,0,0,0,0,1,2,40,1,6,2,1,0,0,1,83,8,1,1,13,0,0
42,421151,1,1,2,9,12,18,0,8,0,1,0,36,1,22,20,22020,4,2003,1G2WK52J53F1,1,G,2,W,K,5,2,J,5,3,F,1,0,P,PONT,GFS,4D,3,17,3384,,0,1105,,G,,F,6,191,,,15R205,,,,,,0,0,000000000,00000000000,0,0,0,1,0,0,0,0,0,0,0,999,0,0,0,12,4,3,8,0,0,0,1,36,12723,6,1,0,0,3,3,68,999,0,0,0,0,0,0,0,0,0,0,0,0,0,0,1,2,40,1,1,2,2,0,0,1,80,1,1,1,13,0,0
42,421152,1,1,1,17,12,12,53,8,0,1,0,42,1,6,43,6043,4,2006,1C3EL56R36N2,1,C,3,E,L,5,6,R,3,6,N,2,0,P,CHRY,STO,4D,6,17,3093,,0,1080,,G,,F,6,165,,,16R205,,,,,,0,0,000000000,00000000000,0,0,0,1,0,0,0,0,0,0,0,999,0,0,0,1,4,1,8,0,0,0,1,42,19104,6,1,0,0,3,0,65,999,0,0,0,0,0,0,0,0,0,0,0,0,0,0,1,2,35,1,1,2,1,0,0,1,80,1,1,1,13,0,0
42,421153,1,1,1,14,12,2,31,8,0,1,0,34,2,20,471,20471,30,1995,1GCCS19Z4SK2,1,G,C,C,S,1,9,Z,4,S,K,2,0,T,CHEV,S14,PC,95,17,,1,0,1229,S,G,,,6,262,,,,B,3185,00,,42,0,0,000000000,00000000000,0,0,0,1,0,0,0,0,0,0,0,999,0,0,0,12,4,3,8,0,0,0,1,34,8085,6,1,6,0,3,0,71,999,0,0,0,0,0,0,0,0,0,0,0,0,0,0,3,2,40,1,1,2,1,0,0,1,80,1,1,1,13,0,0
42,421154,1,1,1,22,12,21,51,8,0,1,0,42,2,22,20,22020,4,1999,1G2WR5212XF3,1,G,2,W,R,5,2,1,2,X,F,3,0,P,PONT,GTP,4D,99,17,3512,,0,1105,,G,,Z,6,231,,,16R225,,,,,,0,0,000000000,00000000000,0,0,0,1,0,0,0,0,0,0,0,25,0,0,0,2,4,3,8,0,0,0,1,42,19073,6,1,0,0,3,0,66,999,0,0,0,0,0,0,0,0,0,0,0,0,0,0,1,2,40,1,1,2,1,2,3,11,80,99,1,1,13,0,0
42,421155,1,1,1,6,12,18,40,42,0,1,0,42,1,24,1,24001,4,1997,1G8ZJ5279VZ3,1,G,8,Z,J,5,2,7,9,V,Z,3,0,P,STRN,SL2,4D,97,17,2333,,0,1024,,G,,F,4,116,,,15R185,,,,,,0,0,000000000,00000000000,0,0,0,1,0,0,0,0,0,0,0,45,0,0,0,12,6,2,42,0,0,0,1,42,18326,6,1,0,0,3,1,66,999,1,0,0,0,0,1,2011,1,2011,0,0,0,0,0,1,2,45,3,6,2,1,0,0,14,13,1,1,4,1,1,0
42,421156,1,1,1,25,12,20,17,8,0,1,1,99,9,99,999,99999,99,9999,999999999999,9,9,9,9,9,9,9,9,9,9,9,9,0,,,,,,,,,,,,,,,,,,,,,,,,,0,0,000000000,00000000000,0,0,0,1,0,0,0,0,0,0,0,999,0,0,0,99,9,1,8,0,0,0,1,99,99999,9,9,99,9,9,9,999,999,99,99,99,99,99,99,9999,99,9999,0,0,0,0,0,1,2,25,1,1,2,1,0,0,10,80,1,1,4,98,0,0
42,421157,1,1,1,14,12,13,0,42,0,1,0,42,1,20,2,20002,4,2011,2G1WB5EK3B11,2,G,1,W,B,5,E,K,3,B,1,1,0,P,CHEV,IMT,4D,11,17,3555,,0,1105,,F,,F,6,214,,,17R225,,,,,,0,0,000000000,00000000000,0,0,0,1,0,0,0,0,0,0,0,40,0,0,0,11,6,2,42,0,0,0,1,42,19555,6,1,0,0,3,3,64,999,1,0,0,0,0,8,2012,8,2012,0,0,0,0,0,1,2,55,1,6,2,1,0,0,1,12,1,1,4,6,1,0
42,421158,1,2,2,4,12,5,45,42,0,1,0,36,3,84,881,84881,62,2006,1HTMMAAM46H1,1,H,T,M,M,A,A,M,4,6,H,1,0,T,INTL,430,CC,6,17,,6,0,0,40S,D,,,6,466,,,,,00000,00,,42,0,57,00332252,5700332252,2,1,1,1,0,0,0,0,0,0,0,999,0,0,0,11,6,2,42,0,0,0,1,42,18508,6,1,0,0,3,0,75,999,0,3,0,0,0,12,2011,12,2011,1,0,0,0,0,1,2,45,3,6,2,2,0,0,14,11,8,3,4,1,1,0
42,421158,2,2,1,4,12,5,45,42,0,1,0,42,1,37,31,37031,2,1998,1HGEJ8144WL0,1,H,G,E,J,8,1,4,4,W,L,0,0,P,HOND,UAX,CP,98,17,2507,,0,1032,,G,,F,4,097,,,14R185,,,,,,0,0,000000000,00000000000,0,0,0,1,0,0,0,0,0,0,0,999,0,0,0,12,4,3,43,0,0,0,1,42,17938,6,1,0,0,3,0,75,999,0,0,0,1,0,12,2012,12,2012,0,0,0,0,0,1,2,45,3,6,2,2,0,0,14,11,3,1,4,98,0,0
42,421159,1,2,2,13,12,15,50,8,0,1,0,42,1,20,16,20016,4,2003,1G1JF52F7372,1,G,1,J,F,5,2,F,7,3,7,2,0,P,CHEV,CAS,4D,3,17,2676,,0,1041,,G,,F,4,134,,,15R195,,,,,,0,0,000000000,00000000000,0,0,0,1,0,0,0,0,0,0,0,999,0,0,0,1,0,1,8,0,0,0,1,42,19510,6,1,0,0,3,0,64,999,0,0,0,0,0,0,0,0,0,0,0,0,0,0,1,3,45,1,1,2,1,0,0,1,80,1,1,1,13,0,0
42,421159,2,2,1,13,12,15,50,8,0,1,0,42,1,7,482,7482,31,2003,3D7KU28C43G8,3,D,7,K,U,2,8,C,4,3,G,8,0,T,DODG,SQ2,CW,3,17,,2,1605,1405,RPC,D,,,6,359,,,,C,5837,07,E,44,0,0,000000000,00000000000,0,0,0,1,0,0,0,0,0,0,0,999,0,0,0,11,0,1,8,0,0,0,1,42,18045,6,1,0,0,3,3,74,999,0,0,0,0,0,0,0,0,0,0,0,0,0,0,1,3,45,1,1,2,1,0,0,1,80,7,1,1,98,0,0
42,421160,1,2,1,14,12,23,40,12,6,1,0,42,1,37,705,37705,80,2012,JH2RD0607CK9,J,H,2,R,D,0,6,0,7,C,K,9,0,M,HOND,R6L,EN,12,17,,,,,,,644,,1,,4,346,,,,,,,0,0,000000000,00000000000,0,0,0,1,0,0,0,0,0,0,0,55,0,0,0,12,6,2,12,0,0,0,1,42,15089,6,1,0,0,3,3,74,999,0,0,0,0,0,0,0,0,0,0,0,0,0,0,1,2,40,1,1,2,1,0,0,1,62,3,1,1,69,1,0
42,421160,2,2,3,14,12,23,40,12,6,1,0,42,2,2,404,2404,14,1997,1J4GZ58S7VC6,1,J,4,G,Z,5,8,S,7,V,C,6,0,T,JEEP,LRT,4W,97,17,,1,0,1059,GCK,G,,,6,242,,,,,3700,02,E,44,0,0,000000000,00000000000,0,0,0,1,0,0,0,0,0,0,0,20,0,0,0,1,6,2,12,0,0,0,1,42,15401,6,1,0,0,3,3,67,999,0,0,0,1,0,2,2010,2,2010,0,0,0,0,0,1,2,40,1,1,2,1,0,0,11,10,1,1,1,68,0,0
42,421161,1,1,1,14,12,20,6,8,0,1,0,42,1,48,401,48401,14,2004,JF1SG65644H7,J,F,1,S,G,6,5,6,4,4,H,7,0,P,SUBA,FOR,UT,4,17,3095,,0,994,,G,,F,4,150,,,16R215,,,,,,0,0,000000000,00000000000,0,0,0,1,0,0,0,0,0,0,0,30,0,0,0,12,6,2,8,0,0,0,1,42,19014,6,1,0,0,3,3,67,999,0,0,0,0,0,0,0,0,0,0,0,0,0,0,1,2,35,1,1,2,1,0,0,1,80,2,1,1,13,0,0
42,421162,1,1,1,10,12,20,55,35,0,1,0,42,1,12,473,12473,30,2005,1FMZU77K35UB,1,F,M,Z,U,7,7,K,3,5,U,B,0,P,FORD,EPR,UT,5,17,4309,,0,1259,,F,,F,6,245,,,16R235,,,,,,0,0,000000000,00000000000,0,0,0,1,0,0,0,0,0,0,0,999,0,1,6,3,6,2,42,0,0,0,1,42,16833,6,1,0,0,3,0,66,999,0,0,0,0,0,0,0,0,0,0,0,0,0,0,1,2,45,2,2,2,2,0,0,14,13,9,1,4,1,1,0
42,421163,1,1,1,31,12,0,41,30,0,1,0,42,1,18,2,18002,4,2001,1G4HP54K5142,1,G,4,H,P,5,4,K,5,1,4,2,0,P,BUIC,LCF,4D,1,17,3567,,0,1122,,G,,F,6,231,,,15R215,,,,,,0,0,000000000,00000000000,0,0,0,1,0,0,0,0,0,0,0,999,0,0,0,6,6,2,30,99,99,0,1,42,15209,6,1,0,0,3,0,67,999,0,0,0,1,0,10,2012,10,2012,1,99,99,99,99,1,2,35,1,1,2,4,0,0,1,6,6,1,4,1,1,0
42,421164,1,1,1,21,12,22,56,8,0,1,1,99,9,99,999,99999,99,9999,999999999999,9,9,9,9,9,9,9,9,9,9,9,9,0,U,,,,,16,,,,,,,,,,,,,,,,,,,0,0,000000000,00000000000,0,0,0,1,0,0,0,0,0,0,0,999,0,0,0,99,9,1,8,99,99,0,1,99,99999,9,9,99,9,9,9,999,999,99,99,99,99,99,99,9999,99,9999,0,99,99,99,99,1,2,25,1,3,2,2,0,0,1,80,1,1,1,13,0,0
42,421165,1,2,3,25,12,9,34,12,6,1,0,42,1,12,398,12398,4,2002,1FAFP33P82W2,1,F,A,F,P,3,3,P,8,2,W,2,0,P,FORD,FOX,4D,2,17,2604,,0,1030,,G,,F,4,122,,,14R185,,,,,,0,0,000000000,00000000000,0,0,0,1,0,0,0,0,0,0,0,999,0,0,0,3,6,2,12,0,0,0,1,42,19057,6,1,0,0,3,0,63,999,0,0,0,0,0,0,0,0,0,0,39,0,0,0,1,2,40,1,1,2,2,3,3,1,17,2,1,1,86,1,0
42,421165,2,2,1,25,12,9,34,12,6,1,0,42,2,20,403,20403,14,2005,1GNDT13S6521,1,G,N,D,T,1,3,S,6,5,2,1,0,P,CHEV,TRL,UT,5,17,4612,,0,1130,,G,,F,6,256,,,16R245,,,,,,0,0,000000000,00000000000,0,0,0,1,0,0,0,0,0,0,0,999,0,0,0,1,6,2,12,0,0,0,1,42,19057,6,1,0,0,3,0,72,999,0,0,0,0,0,0,0,0,0,0,0,0,0,0,1,2,40,1,1,2,2,3,3,1,66,3,1,1,87,0,0
42,421166,1,1,1,17,12,15,24,25,0,1,0,42,2,22,9,22009,3,1989,1G2FS21E7KL2,1,G,2,F,S,2,1,E,7,K,L,2,0,P,PONT,FBF,2H,89,17,3300,,0,1010,,G,,F,8,305,,,000000,,,,,,0,0,000000000,00000000000,0,0,0,1,0,0,0,0,0,0,0,70,0,0,0,11,6,2,25,0,0,0,1,42,15438,1,1,0,0,2,0,67,999,0,2,0,0,0,8,2010,8,2012,1,0,0,0,0,3,2,55,1,1,2,2,0,0,1,98,99,1,1,12,1,1
42,421167,1,1,1,20,12,22,45,52,0,1,0,42,1,58,37,58037,4,2007,JNKBV61FX7M8,J,N,K,B,V,6,1,F,X,7,M,8,0,P,INFI,AWD,4D,7,17,3587,,0,1122,,G,,F,6,214,,,17R225,,,,,,0,0,000000000,00000000000,0,0,0,1,0,0,0,0,0,0,0,999,0,0,0,3,6,2,52,99,99,0,1,42,19604,6,1,0,0,2,0,73,999,2,4,0,1,6,8,2011,11,2012,1,0,0,0,0,2,2,55,1,1,1,2,0,0,6,6,99,1,4,6,1,0
42,421168,1,1,1,6,12,12,55,59,0,1,0,42,2,20,403,20403,14,2006,1GNDT13S8622,1,G,N,D,T,1,3,S,8,6,2,2,0,P,CHEV,TRL,UT,6,17,4594,,0,1130,,G,,F,6,256,,,16R235,,,,,,0,0,000000000,00000000000,0,0,0,1,0,0,0,0,0,0,0,999,0,0,0,11,6,2,42,0,0,0,1,42,19013,6,1,0,0,3,1,69,999,0,0,0,0,0,0,0,0,0,0,0,0,0,0,1,2,35,1,1,2,1,0,0,1,10,1,1,4,6,1,0
42,421169,1,1,1,30,12,20,15,35,0,1,0,42,2,20,403,20403,14,2006,1GNDT13SX622,1,G,N,D,T,1,3,S,X,6,2,2,0,P,CHEV,TRL,UT,6,17,4594,,0,1130,,G,,F,6,256,,,16R235,,,,,,0,0,000000000,00000000000,0,0,0,1,0,0,0,0,0,0,0,75,0,0,0,12,6,2,42,0,0,0,1,42,15043,6,1,0,0,3,0,71,999,0,0,0,0,0,0,0,0,0,1,0,0,0,0,1,2,45,3,1,2,1,0,0,14,13,99,1,4,1,1,1
42,421170,1,1,2,15,12,20,20,24,0,1,0,42,1,20,481,20481,31,2012,1GCRKREA6CZ1,1,G,C,R,K,R,E,A,6,C,Z,1,0,T,CHEV,4SK,4C,12,17,,2,1575,1435,SIL,F,,,8,293,,,,B,5267,02,,44,0,0,000000000,00000000000,0,0,0,1,0,0,0,0,0,0,0,95,0,1,6,5,6,2,42,0,0,0,1,42,18058,6,1,0,0,3,0,72,999,0,0,0,0,1,11,2012,11,2012,1,0,0,0,0,1,2,45,3,1,2,1,0,0,14,11,6,1,4,1,1,1
42,421171,1,2,1,20,12,9,15,12,2,1,0,42,1,20,16,20016,4,1997,1G1JC5242V71,1,G,1,J,C,5,2,4,2,V,7,1,0,P,CHEV,CAV,4D,97,17,2630,,0,1041,,G,,F,4,133,,,14R195,,,,,,0,0,000000000,00000000000,0,0,0,1,0,0,0,0,0,0,0,999,0,0,0,12,6,2,12,0,0,0,1,42,15642,6,1,0,0,3,0,68,999,0,0,0,0,0,0,0,0,0,0,0,0,0,0,1,2,45,1,1,2,1,3,3,1,10,1,1,2,50,1,0
42,421171,2,2,1,20,12,9,15,12,2,1,0,42,3,86,881,86881,63,2005,1M2AG11C05M0,1,M,2,A,G,1,1,C,0,5,M,0,0,T,MACK,CV7,CC,5,17,,8,0,0,700,D,,,6,728,,,,,00000,00,,64,0,57,02091129,5702091129,3,2,4,1,0,0,0,0,0,0,0,15,0,0,0,12,6,2,12,0,0,0,1,42,15644,6,1,6,0,3,0,71,999,0,0,0,1,1,4,2012,6,2012,0,0,0,0,0,1,2,45,1,1,2,1,3,3,1,62,7,1,1,51,0,0
42,421172,1,1,1,19,12,22,40,34,0,1,0,42,1,20,16,20016,4,1997,1G1JF5244V73,1,G,1,J,F,5,2,4,4,V,7,3,0,P,CHEV,CAS,4D,97,17,2729,,0,1041,,G,,F,4,133,,,15R195,,,,,,0,0,000000000,00000000000,0,0,0,1,0,0,0,0,0,0,0,999,0,1,6,12,6,2,34,0,0,0,1,42,16150,6,1,0,0,3,0,64,999,0,0,0,0,0,0,0,0,0,0,87,0,0,0,1,2,55,1,1,2,4,0,0,1,5,1,1,4,1,1,0
42,421173,1,2,1,21,12,16,23,12,2,1,0,42,1,35,43,35043,4,2010,3N1BC1CP4AL3,3,N,1,B,C,1,C,P,4,A,L,3,0,P,NISS,VSL,4H,10,17,2693,,0,1024,,G,,F,4,110,,,15R185,,,,,,0,0,000000000,00000000000,0,0,0,1,0,0,0,0,0,0,0,45,0,0,0,12,6,2,12,0,0,0,1,42,17201,6,1,0,0,3,3,72,999,0,0,0,1,0,12,2010,12,2010,0,0,0,0,0,1,3,45,1,1,2,1,0,0,1,10,1,1,2,50,1,0
42,421173,2,2,1,21,12,16,23,12,2,1,0,42,1,20,22,20022,2,2007,1G1AM15B2773,1,G,1,A,M,1,5,B,2,7,7,3,0,P,CHEV,BSS,CP,7,17,2815,,0,1033,,G,,F,4,146,,,17R205,,,,,,0,0,000000000,00000000000,0,0,0,1,0,0,0,0,0,0,0,45,0,0,0,12,6,2,12,0,0,0,1,42,17201,6,1,0,0,3,0,72,999,0,0,0,0,0,0,0,0,0,0,0,0,0,0,1,3,45,1,1,2,1,0,0,1,62,98,1,1,51,1,0
42,421174,1,1,1,30,12,9,55,42,0,1,0,42,1,12,481,12481,31,1990,1FTEF15Y2LNB,1,F,T,E,F,1,5,Y,2,L,N,B,0,T,FORD,F15,PK,90,17,,2,1330,1170,COF,G,,,6,300,,,,B,3535,01,A,42,0,0,000000000,00000000000,0,0,0,1,0,0,0,0,0,0,0,85,0,0,0,12,6,2,42,0,0,0,1,42,19355,6,1,0,0,3,3,71,999,0,0,0,0,0,0,0,0,0,1,99,99,99,99,1,2,40,1,6,2,1,0,0,1,13,1,1,4,1,1,0
42,421175,1,2,1,22,12,13,5,12,6,1,0,42,1,35,51,35051,6,2012,JN8AS5MV7CW4,J,N,8,A,S,5,M,V,7,C,W,4,0,P,NISS,ROG,UT,12,17,3435,,0,1059,,G,,F,4,153,,,16R215,,,,,,0,0,000000000,00000000000,0,0,0,1,0,0,0,0,0,0,0,999,0,0,0,1,6,2,12,0,0,0,1,42,19382,6,1,0,0,3,3,66,999,0,0,0,0,0,0,0,0,0,0,38,0,0,0,1,2,35,2,1,2,1,20,3,14,62,1,1,1,69,0,0
42,421175,2,2,3,22,12,13,5,12,6,1,0,42,1,18,398,18398,4,2003,2G4WS52J5311,2,G,4,W,S,5,2,J,5,3,1,1,0,P,BUIC,CCU,4D,3,17,3368,,0,1090,,G,,F,6,191,,,15R205,,,,,,0,0,000000000,00000000000,0,0,0,1,0,0,0,0,0,0,0,35,0,0,0,11,6,2,12,0,0,0,1,42,19061,6,1,0,0,3,3,67,999,0,0,0,0,0,0,0,0,0,0,0,0,0,0,1,2,35,3,1,2,1,20,3,11,63,1,1,1,68,1,0
42,421176,1,1,1,14,12,4,36,30,0,1,0,42,2,12,13,12013,2,2001,3FAFP11341R1,3,F,A,F,P,1,1,3,4,1,R,1,0,P,FORD,ZX2,CP,1,17,2462,,0,984,,G,,F,4,121,,,15R185,,,,,,0,0,000000000,00000000000,0,0,0,1,0,0,0,0,0,0,0,80,0,0,0,9,6,2,42,0,0,0,1,42,19355,6,1,0,0,3,1,64,999,0,1,0,0,0,12,2011,12,2011,1,0,0,0,0,1,2,35,1,4,2,1,0,0,1,12,7,3,4,2,1,1
42,421177,1,1,1,4,12,0,45,42,0,1,0,42,2,12,13,12013,6,1994,1FARP15J2RW3,1,F,A,R,P,1,5,J,2,R,W,3,0,P,FORD,EST,SW,94,17,2419,,0,984,,G,,F,4,113,,,14R175,,,,,,0,0,000000000,00000000000,0,0,0,1,0,0,0,0,0,0,0,999,0,0,0,11,6,2,42,0,0,0,1,42,18657,6,1,0,0,3,3,66,999,0,0,0,0,0,0,0,0,0,1,52,0,0,0,1,2,45,3,5,2,1,0,0,14,13,99,1,4,1,1,1
42,421178,1,2,1,24,12,18,15,12,2,1,0,42,1,49,41,49041,1,2003,JTDFR3201300,J,T,D,F,R,3,2,0,1,3,0,0,0,P,TOYT,MRS,CV,3,17,2109,,0,965,,G,,F,4,109,,,15R185,,,,,,0,0,000000000,00000000000,0,0,0,1,0,0,0,0,0,0,0,40,0,0,0,12,6,2,12,0,0,0,1,42,17022,6,1,0,0,3,3,61,999,0,0,0,0,0,0,0,0,0,1,0,0,0,0,1,2,45,1,1,2,3,0,0,1,6,99,4,2,50,1,1
42,421178,2,2,1,24,12,18,15,12,2,1,0,42,2,35,421,35421,15,2005,5N1AA08B65N7,5,N,1,A,A,0,8,B,6,5,N,7,0,P,NISS,ARM,UT,5,17,5276,,0,1232,,G,,F,8,342,,,18R265,,,,,,0,0,000000000,00000000000,0,0,0,1,0,0,0,0,0,0,0,40,0,0,0,12,6,2,12,0,0,0,1,42,17022,6,1,0,0,3,3,73,999,0,0,0,0,0,0,0,0,0,0,0,0,0,0,1,2,45,1,1,2,3,0,0,1,62,9,1,1,51,0,1
42,421179,1,1,2,22,12,22,45,30,0,1,0,42,2,55,37,55037,2,2001,KMHJG25F01U2,K,M,H,J,G,2,5,F,0,1,U,2,0,P,HYUN,TIB,CP,1,17,2633,,0,974,,G,,F,4,121,,,15R195,,,,,,0,0,000000000,00000000000,0,0,0,1,0,0,0,0,0,0,0,999,0,0,0,3,6,2,30,0,0,0,1,42,17202,6,2,0,0,3,0,68,999,0,0,0,0,0,0,0,0,0,1,0,0,0,0,4,2,25,3,1,2,1,0,0,14,12,1,4,4,7,1,0
42,421180,1,1,5,8,12,13,50,42,0,1,0,42,2,20,36,20036,2,2002,2G1WX15K7292,2,G,1,W,X,1,5,K,7,2,9,2,0,P,CHEV,MSS,CP,2,17,3395,,0,1105,,G,,F,6,231,,,16R225,,,,,,0,0,000000000,00000000000,0,0,0,1,0,0,0,0,0,0,0,999,0,1,1,1,6,2,30,0,0,0,1,42,18974,6,1,0,0,3,0,66,999,1,0,0,0,0,11,2011,11,2011,1,0,0,0,0,1,2,35,1,5,2,2,0,0,1,13,1,1,4,1,1,0
42,421181,1,2,1,5,12,7,30,12,1,1,0,42,2,49,50,49050,3,2006,JTKDE1675601,J,T,K,D,E,1,6,7,5,6,0,1,0,P,TOYT,SXC,2H,6,17,2905,,0,1063,,G,,F,4,144,,,17R215,,,,,,0,0,000000000,00000000000,0,0,0,1,0,0,0,0,0,0,0,999,1,0,0,12,6,2,12,0,0,0,1,42,19510,6,1,0,0,3,1,65,999,0,0,0,1,0,12,2010,12,2010,0,6,0,0,0,5,2,55,1,5,2,1,0,0,1,51,7,1,4,24,1,0
42,421181,2,2,1,5,12,7,30,12,1,1,0,45,3,84,881,84881,66,2011,1HSHXSJR1BJ4,1,H,S,H,X,S,J,R,1,B,J,4,1,T,INTL,860,TR,11,17,,8,0,0,80S,D,,,6,793,,,,,00000,00,,64,1,57,00121018,5700121018,3,6,1,1,0,0,0,0,0,0,0,999,0,0,0,6,2,1,12,0,0,0,1,42,19510,6,1,6,0,3,0,71,999,0,0,0,0,0,0,0,0,0,0,0,0,0,0,5,2,55,1,5,2,1,0,0,4,53,1,1,1,25,0,0