STATE,ST_CASE,VEH_NO,VE_FORMS,NUMOCCS,DAY,MONTH,HOUR,MINUTE,HARM_EV,MAN_COLL,UNITTYPE,HIT_RUN,REG_STAT,OWNER,MAKE,MODEL,MAK_MOD,BODY_TYP,MOD_YEAR,VIN,VIN_1,VIN_2,VIN_3,VIN_4,VIN_5,VIN_6,VIN_7,VIN_8,VIN_9,VIN_10,VIN_11,VIN_12,TOW_VEH,VINTYPE,VINMAKE,VINA_MOD,VIN_BT,VINMODYR,VIN_LNGT,VIN_WGT,WGTCD_TR,WHLBS_LG,WHLBS_SH,SER_TR,FUELCODE,MCYCL_DS,CARBUR,CYLINDER,DISPLACE,MCYCL_CY,MCYCL_WT,TIRE_SZE,TON_RAT,TRK_WT,TRKWTVAR,VIN_REST,WHLDRWHL,J_KNIFE,MCARR_I1,MCARR_I2,MCARR_ID,GVWR,V_CONFIG,CARGO_BT,HAZ_INV,HAZ_PLAC,HAZ_ID,HAZ_CNO,HAZ_REL,BUS_USE,SPEC_USE,EMER_USE,TRAV_SP,UNDERIDE,ROLLOVER,ROLINLOC,IMPACT1,DEFORMED,TOWED,M_HARM,VEH_SC1,VEH_SC2,FIRE_EXP,DR_PRES,L_STATE,DR_ZIP,L_STATUS,L_TYPE,CDL_STAT,L_ENDORS,L_COMPL,L_RESTRI,DR_HGT,DR_WGT,PREV_ACC,PREV_SUS,PREV_DWI,PREV_SPD,PREV_OTH,FIRST_MO,FIRST_YR,LAST_MO,LAST_YR,SPEEDREL,DR_SF1,DR_SF2,DR_SF3,DR_SF4,VTRAFWAY,VNUM_LAN,VSPD_LIM,VALIGN,VPROFILE,VPAVETYP,VSURCOND,VTRAFCON,VTCONT_F,P_CRASH1,P_CRASH2,P_CRASH3,PCRASH4,PCRASH5,ACC_TYPE,DEATHS,DR_DRINK
42,421182,1,1,2,13,12,13,29,8,0,1,0,42,1,42,48,42048,4,2002,WDBJF82J52X0,W,D,B,J,F,8,2,J,5,2,X,0,0,P,MERZ,E3M,4D,2,17,3640,,0,1115,,G,,F,6,195,,,16R215,,,,,,0,0,000000000,00000000000,0,0,0,1,0,0,0,0,0,0,0,999,0,0,0,12,0,1,8,0,0,0,1,42,18104,6,1,0,0,3,0,72,999,1,0,0,0,0,1,2011,1,2011,0,99,99,99,99,1,2,25,1,6,2,1,20,3,11,80,1,1,1,13,0,0
42,421183,1,1,1,19,12,17,33,8,0,1,0,42,1,20,443,20443,20,2004,1GNDX03E74D1,1,G,N,D,X,0,3,E,7,4,D,1,0,T,CHEV,VTR,ES,4,17,,1,0,1200,VTR,G,,,6,207,,,,,3838,00,,42,0,0,000000000,00000000000,0,0,0,1,0,0,0,0,0,0,0,35,0,0,0,11,2,1,8,0,0,0,1,42,19609,6,1,0,0,3,1,71,999,0,0,0,0,0,0,0,0,0,0,0,0,0,0,5,2,35,1,1,2,1,0,0,1,80,1,1,1,13,0,0
42,421184,1,3,1,11,12,7,8,8,0,1,0,42,1,37,402,37402,14,2012,5J6RM4H76CL0,5,J,6,R,M,4,H,7,6,C,L,0,0,P,HOND,CRV,UT,12,17,3529,,0,1031,,G,,F,4,146,,,17R225,,,,,,0,0,000000000,00000000000,0,0,0,1,0,0,0,0,0,0,0,999,0,0,0,11,2,1,8,0,0,0,1,42,15090,6,1,0,0,3,0,68,999,0,0,0,0,0,0,0,0,0,0,38,0,0,0,1,2,25,1,1,2,2,1,3,11,80,1,1,1,13,0,0
42,421184,2,3,1,11,12,7,8,8,0,1,1,95,2,82,881,82881,63,2012,1FVAC5DV6CHB,1,F,V,A,C,5,D,V,6,C,H,B,0,T,FRHT,11M,CC,12,17,,8,0,0,FM2,D,,,6,781,,,,,00000,00,,42,0,57,00745454,5700745454,3,1,1,1,0,0,0,0,0,99,0,999,0,0,0,12,9,1,8,0,0,0,1,95,0,9,9,99,9,9,9,999,999,99,99,99,99,99,99,9999,99,9999,0,99,99,99,99,1,2,25,1,1,2,2,1,3,1,80,1,1,1,98,0,0
42,421184,3,3,1,11,12,7,8,8,0,1,0,42,1,37,421,37421,15,2011,5FNYF4H9XBB0,5,F,N,Y,F,4,H,9,X,B,B,0,0,P,HOND,PIL,UT,11,17,4608,,0,1092,,G,,F,6,213,,,17R245,,,,,,0,0,000000000,00000000000,0,0,0,1,0,0,0,0,0,0,0,999,0,0,0,12,2,1,8,0,0,0,1,42,15108,6,1,0,0,3,0,65,999,0,0,0,0,0,0,0,0,0,0,0,0,0,0,1,2,25,1,1,2,2,1,3,1,80,1,1,1,98,0,0
42,421185,1,1,1,13,12,7,31,8,0,1,0,42,1,18,22,18022,4,2012,1G4GD5E3XCF2,1,G,4,G,D,5,E,3,X,C,F,2,0,P,BUIC,LPR,4D,12,17,3835,,0,1117,,F,,F,6,220,,,17R245,,,,,,0,0,000000000,00000000000,0,0,0,1,0,0,0,0,0,0,0,999,0,0,0,1,2,1,8,0,0,0,1,42,15601,6,1,0,0,3,0,66,999,0,0,0,0,0,0,0,0,0,0,0,0,0,0,1,2,35,1,5,2,1,0,0,1,80,1,1,1,13,0,0
42,421186,1,3,1,5,12,1,17,12,2,1,0,42,1,22,18,22018,4,1999,1G2NE52E4XM8,1,G,2,N,E,5,2,E,4,X,M,8,0,P,PONT,GAS,4D,99,17,3102,,0,1071,,G,,F,6,207,,,15R215,,,,,,0,0,000000000,00000000000,0,0,0,1,0,0,0,0,0,0,0,999,0,0,0,12,6,2,12,0,0,1,1,42,17003,6,1,0,0,3,3,72,999,0,0,0,1,0,12,2011,12,2011,0,35,0,0,0,1,2,40,1,1,2,2,0,0,6,10,99,1,2,50,0,1
42,421186,2,3,1,5,12,1,17,12,2,1,0,42,1,37,31,37031,4,1994,1HGEG8568RL0,1,H,G,E,G,8,5,6,8,R,L,0,0,P,HOND,CLX,4D,94,17,2384,,0,1032,,G,,F,4,091,,,14R175,,,,,,0,0,000000000,00000000000,0,0,0,1,0,0,0,0,0,0,0,999,0,0,0,12,6,2,12,0,0,0,1,42,17042,6,1,0,0,3,0,62,999,1,0,0,0,0,12,2009,12,2009,0,0,0,0,0,1,2,40,1,1,2,2,0,0,1,62,99,1,1,51,1,0
42,421186,3,3,2,5,12,1,17,12,2,1,0,42,2,7,442,7442,20,2002,2B4GP74L72R7,2,B,4,G,P,7,4,L,7,2,R,7,0,T,DODG,GEX,ES,2,17,,1,0,1193,CAR,G,,,6,230,,,,,4159,00,E,42,0,0,000000000,00000000000,0,0,0,1,0,0,0,0,0,0,0,40,0,0,0,61,2,4,12,0,0,0,1,42,17046,6,1,0,0,3,0,76,999,1,0,0,0,0,10,2010,10,2010,0,0,0,0,0,1,2,40,1,1,2,2,0,0,1,60,99,1,1,98,0,0
42,421187,1,1,2,16,12,18,55,42,0,1,0,42,2,12,17,12017,4,2005,1FAHP53U75A2,1,F,A,H,P,5,3,U,7,5,A,2,0,P,FORD,TSE,4D,5,17,3306,,0,1085,,G,,F,6,182,,,16R215,,,,,,0,0,000000000,00000000000,0,0,0,1,0,0,0,0,0,0,0,999,0,0,0,9,6,2,42,0,0,0,1,39,43026,1,1,0,0,2,0,68,165,0,2,0,2,0,1,2010,12,2011,1,6,0,0,0,1,2,45,1,6,2,2,0,0,1,13,1,3,4,2,1,0
42,421188,1,1,4,28,12,19,47,8,0,1,0,42,1,20,421,20421,15,1997,1GNEK13R3VJ3,1,G,N,E,K,1,3,R,3,V,J,3,0,P,CHEV,KTA,UT,97,17,5225,,0,1175,,G,,F,8,350,,,15R235,,,,,,0,0,000000000,00000000000,0,0,0,1,0,0,0,0,0,0,0,40,0,0,0,12,2,1,8,0,0,0,1,42,18447,6,1,0,0,3,0,76,999,0,0,0,0,0,0,0,0,0,0,0,0,0,0,1,2,35,1,1,2,1,0,0,1,80,1,1,1,13,0,0
42,421189,1,3,1,5,12,7,29,12,2,1,0,42,1,53,705,53705,80,2011,JS1GR7MAXB21,J,S,1,G,R,7,M,A,X,B,2,1,0,M,SUZI,SX7,RC,11,17,,,,,,,750,,4,,4,437,,,,,,,0,0,000000000,00000000000,0,0,0,1,0,0,0,0,0,0,0,999,0,0,0,12,6,2,12,0,0,0,1,42,19541,6,1,0,0,3,0,74,999,0,0,0,0,0,0,0,0,0,1,35,33,0,0,1,2,45,1,1,2,1,0,0,6,54,1,1,1,52,1,0
42,421189,2,3,1,5,12,7,29,12,2,1,0,29,3,85,881,85881,66,2012,1XKAA49X9CJ2,1,X,K,A,A,4,9,X,9,C,J,2,1,T,KW,T60,TR,12,17,,8,2600,1600,CON,D,,,6,915,,,,,00000,00,,42,3,57,00070289,5700070289,3,6,1,1,0,0,0,0,0,0,0,999,0,0,0,12,6,2,12,0,0,0,1,29,65806,6,1,6,0,3,0,73,193,1,0,0,0,0,7,2012,7,2012,0,99,99,99,99,1,2,45,1,1,2,1,0,0,1,54,4,1,1,52,0,0
42,421189,3,3,1,5,12,7,29,12,2,1,0,42,1,18,401,18401,14,2003,3G5DB03E13S5,3,G,5,D,B,0,3,E,1,3,S,5,0,P,BUIC,RZV,UT,3,17,4024,,0,1122,,G,,F,6,204,,,16R215,,,,,,0,0,000000000,00000000000,0,0,0,1,0,0,0,0,0,0,0,999,0,0,0,14,2,1,12,0,0,0,1,42,19567,6,1,0,0,3,3,74,999,0,0,0,0,0,0,0,0,0,0,0,0,0,0,1,2,45,1,1,2,1,0,0,1,98,9,1,4,98,0,0
42,421190,1,1,2,28,12,13,40,14,0,1,0,42,1,24,3,24003,6,1998,1G8ZK8273WZ1,1,G,8,Z,K,8,2,7,3,W,Z,1,0,P,STRN,SW2,SW,98,17,2482,,0,1024,,G,,F,4,116,,,15R185,,,,,,0,0,000000000,00000000000,0,0,0,1,0,0,0,0,0,0,0,999,0,0,0,12,6,2,14,0,0,0,1,42,19145,6,1,0,0,3,0,74,999,0,0,0,0,0,0,0,0,0,0,0,0,0,0,1,2,25,1,1,2,1,0,0,1,11,1,1,4,98,1,0
42,421191,1,3,1,12,12,2,7,12,2,1,0,42,1,53,40,53040,4,2009,JS2YC4176962,J,S,2,Y,C,4,1,7,6,9,6,2,0,P,SUZI,SXT,4D,9,17,2668,,0,984,,G,,F,4,122,,,000000,,,,,,0,0,000000000,00000000000,0,0,0,1,0,0,0,0,0,0,0,55,0,0,0,12,6,2,12,0,0,0,1,42,15634,6,1,0,0,3,0,66,999,0,0,0,0,0,0,0,0,0,0,51,0,0,0,2,2,55,1,5,2,1,0,0,1,54,1,1,1,50,1,1
42,421191,2,3,1,12,12,2,7,12,2,1,0,42,1,52,46,52046,4,2012,JA32U2FU8CU0,J,A,3,2,U,2,F,U,8,C,U,0,0,P,MITS,LST,4D,12,17,3054,,0,1037,,G,,F,4,122,,,16R205,,,,,,0,0,000000000,00000000000,0,0,0,1,0,0,0,0,0,0,0,55,0,0,0,12,6,2,12,0,0,0,1,42,15601,6,1,0,0,3,0,72,999,0,0,0,0,0,0,0,0,0,0,0,0,0,0,2,2,55,1,6,2,1,0,0,1,54,1,1,1,51,0,0
42,421191,3,3,1,12,12,2,7,12,2,1,0,42,3,20,473,20473,30,2010,1GBHSBDE5A81,1,G,B,H,S,B,D,E,5,A,8,1,0,T,CHEV,RDO,CB,10,17,,1,0,1260,CAL,G,,,5,226,,,,B,3320,00,,42,0,0,000000000,00000000000,0,0,0,1,0,0,0,0,0,0,0,55,0,0,0,11,2,1,12,0,0,0,1,42,15644,6,1,0,0,3,0,68,999,0,0,0,0,0,0,0,0,0,0,0,0,0,0,2,2,55,1,6,2,1,0,0,1,60,1,1,1,98,0,0
42,421192,1,2,1,31,12,0,16,12,6,1,0,42,2,12,422,12422,15,1998,1FMRU18W5WLB,1,F,M,R,U,1,8,W,5,W,L,B,0,P,FORD,EPT,UT,98,17,5177,,0,1190,,G,,F,8,281,,,16R255,,,,,,0,0,000000000,00000000000,0,0,0,1,0,0,0,0,0,0,0,999,0,0,0,12,6,2,12,0,0,0,1,42,17268,0,0,0,0,0,0,999,999,0,1,1,0,0,11,2011,11,2011,0,39,0,0,0,1,2,35,1,1,2,1,20,3,1,17,1,1,1,86,0,1
42,421192,2,2,3,31,12,0,16,12,6,1,0,42,2,24,5,24005,4,2001,1G8JU52F41Y5,1,G,8,J,U,5,2,F,4,1,Y,5,0,P,STRN,L20,4D,1,17,3009,,0,1065,,G,,F,4,134,,,15R195,,,,,,0,0,000000000,00000000000,0,0,0,1,0,0,0,0,0,0,0,999,0,0,0,3,6,2,12,0,0,0,1,34,17257,1,1,0,0,2,0,69,999,0,1,0,0,0,8,2011,8,2011,0,0,0,0,0,1,2,35,1,1,2,1,0,0,1,66,1,1,1,87,2,0
42,421193,1,1,1,14,12,11,22,53,0,1,0,42,1,12,17,12017,4,2005,1FAFP53285A1,1,F,A,F,P,5,3,2,8,5,A,1,0,P,FORD,TSE,4D,5,17,3306,,0,1085,,F,,F,6,182,,,16R215,,,,,,0,0,000000000,00000000000,0,0,0,1,0,0,0,0,0,0,0,999,0,0,0,11,6,2,14,0,0,0,1,42,16059,6,1,0,0,3,0,73,999,0,0,0,0,0,0,0,0,0,0,0,0,0,0,1,2,35,1,1,2,1,0,0,1,10,1,1,4,6,1,0
42,421194,1,2,3,14,12,14,50,12,2,1,0,42,1,20,22,20022,4,2010,1G1AF5F59A72,1,G,1,A,F,5,F,5,9,A,7,2,0,P,CHEV,BL2,4D,10,17,3216,,0,1033,,G,,F,4,134,,,17R205,,,,,,0,0,000000000,00000000000,0,0,0,1,0,0,0,0,0,0,0,999,0,0,0,12,6,2,12,0,0,0,1,42,15025,6,1,0,0,3,3,66,999,1,1,0,0,3,7,2011,3,2012,0,28,0,0,0,1,2,35,3,6,2,1,0,0,14,10,1,1,2,50,2,0
42,421194,2,2,1,14,12,14,50,12,2,1,0,42,1,20,481,20481,31,1999,1GCEK19V2XE1,1,G,C,E,K,1,9,V,2,X,E,1,0,T,CHEV,SK1,3C,99,17,,2,1575,1435,SIL,G,,,8,293,,,,B,4621,00,,44,0,0,000000000,00000000000,0,0,0,1,0,0,0,0,0,0,0,35,0,0,0,12,6,2,12,0,0,0,1,42,15207,6,1,6,0,3,1,67,999,1,2,2,0,2,6,2010,6,2012,0,0,0,0,0,1,2,35,1,5,2,1,0,0,1,62,7,1,1,51,0,0
42,421195,1,2,1,27,12,18,36,12,6,1,0,42,1,35,43,35043,4,2001,3N1BB51AX1L0,3,N,1,B,B,5,1,A,X,1,L,0,0,P,NISS,SSE,4D,1,17,2596,,0,998,,G,,F,4,122,,,15R195,,,,,,0,0,000000000,00000000000,0,0,0,1,0,0,0,0,0,0,0,60,1,0,0,3,6,2,12,0,0,0,1,42,16433,6,1,0,0,3,0,68,999,2,0,0,0,1,1,2011,10,2012,1,28,87,0,0,5,4,55,1,1,2,2,0,0,1,6,1,4,2,66,1,0
42,421195,2,2,2,27,12,18,36,12,6,1,0,42,1,20,37,20037,4,1999,1G1ND52J1X61,1,G,1,N,D,5,2,J,1,X,6,1,0,P,CHEV,MAL,4D,99,17,3051,,0,1070,,G,,F,6,191,,,15R215,,,,,,0,0,000000000,00000000000,0,0,0,1,0,0,0,0,0,0,0,999,0,0,0,12,6,2,12,0,0,0,1,42,16335,6,1,0,0,3,3,68,999,0,0,0,0,0,0,0,0,0,0,0,0,0,0,5,4,55,1,1,2,2,0,0,1,62,1,1,1,66,0,0
42,421196,1,2,3,18,12,7,30,12,6,1,0,42,2,30,36,30036,3,2007,WVWAR71K67W1,W,V,W,A,R,7,1,K,6,7,W,1,0,P,VOLK,RAB,2H,7,17,2975,,0,1015,,G,,F,5,151,,,15R195,,,,,,0,0,000000000,00000000000,0,0,0,1,0,0,0,0,0,0,0,0,0,0,0,1,6,2,12,0,0,0,1,42,17517,6,2,0,0,3,0,67,999,0,0,0,0,0,0,0,0,0,1,28,52,0,0,1,2,40,2,6,2,2,0,0,14,6,1,4,2,66,1,0
42,421196,2,2,1,18,12,7,30,12,6,1,0,42,1,53,40,53040,5,2008,JS2YB4134851,J,S,2,Y,B,4,1,3,4,8,5,1,0,P,SUZI,SXR,4H,8,17,2855,,0,984,,G,,F,4,122,,,16R205,,,,,,0,0,000000000,00000000000,0,0,0,1,0,0,0,0,0,0,0,40,0,0,0,12,6,2,12,0,0,0,1,42,17517,6,1,0,0,3,3,61,999,0,0,0,1,0,11,2010,11,2010,0,0,0,0,0,1,2,40,1,5,2,2,0,0,1,62,99,1,1,66,0,0
42,421197,1,2,1,4,12,16,47,12,7,1,0,42,1,53,706,53706,80,2012,JS1GT78A5C21,J,S,1,G,T,7,8,A,5,C,2,1,0,M,SUZI,XR1,RC,12,17,,,,,,,999,,4,,4,448,,,,,,,0,0,000000000,00000000000,0,0,0,1,0,0,0,0,0,0,0,120,0,0,0,2,6,2,24,0,0,0,1,42,19143,6,1,0,0,2,0,67,999,0,0,0,0,0,0,0,0,0,1,0,0,0,0,3,3,55,1,1,2,1,0,0,1,61,1,1,1,48,1,0
42,421197,2,2,1,4,12,16,47,12,7,1,0,10,1,35,47,35047,4,2006,1N4BL11D56N3,1,N,4,B,L,1,1,D,5,6,N,3,0,P,NISS,ASR,4D,6,17,3101,,0,1102,,G,,F,6,214,,,17R215,,,,,,0,0,000000000,00000000000,0,0,0,1,0,0,0,0,0,0,0,55,0,0,0,7,6,2,24,0,0,0,1,10,19720,6,1,0,0,3,3,65,138,0,0,0,0,0,0,0,0,0,0,0,0,0,0,3,3,55,1,1,2,1,0,0,15,10,9,4,2,48,0,0
42,421198,1,2,1,16,12,19,37,12,8,1,0,42,2,7,20,7020,4,1998,1B3ES47Y9WD6,1,B,3,E,S,4,7,Y,9,W,D,6,0,P,DODG,HSR,4D,98,17,2537,,0,1040,,G,,F,4,122,,,14R185,,,,,,0,0,000000000,00000000000,0,0,0,1,0,0,0,0,0,0,0,999,1,0,0,11,6,2,12,0,0,0,1,42,18902,1,1,0,0,2,0,69,999,0,3,0,0,0,9,2010,4,2012,0,28,0,0,0,1,4,45,1,1,2,2,0,0,1,10,1,1,2,64,1,1
42,421198,2,2,1,16,12,19,37,12,8,1,0,42,3,82,881,82881,66,2012,1FUJGEDR6CSB,1,F,U,J,G,E,D,R,6,C,S,B,1,T,FRHT,125,TR,12,17,,8,0,0,CSC,D,,,6,903,,,,,00000,00,,64,1,57,00218885,5700218885,3,6,1,1,0,0,0,0,0,0,0,999,0,0,0,7,6,2,12,0,0,0,1,42,17315,6,1,6,0,3,1,65,999,0,0,0,0,0,0,0,0,0,0,0,0,0,0,1,4,45,1,1,2,2,0,0,1,62,7,1,2,65,0,0
42,421199,1,1,1,31,12,20,25,8,0,1,0,42,1,20,403,20403,14,2008,1GNDT13S0822,1,G,N,D,T,1,3,S,0,8,2,2,0,P,CHEV,TRL,UT,8,17,4523,,0,1130,,G,,F,6,256,,,17R245,,,,,,0,0,000000000,00000000000,0,0,0,1,0,0,0,0,0,0,0,40,0,0,0,2,2,3,8,0,0,0,1,42,17046,6,1,6,0,3,1,67,999,0,0,0,2,0,6,2010,4,2011,0,0,0,0,0,1,2,55,2,2,2,1,0,0,14,13,1,1,3,13,0,0
42,421200,1,1,1,7,12,4,0,31,0,1,0,42,1,20,399,20399,1,2005,KL1TD52615B3,K,L,1,T,D,5,2,6,1,5,B,3,0,P,CHEV,ABS,4D,5,17,2365,,0,976,,G,,F,4,098,,,14R185,,,,,,0,0,000000000,00000000000,0,0,0,1,0,0,0,0,0,0,0,35,0,0,0,12,6,2,31,0,0,0,1,42,16124,6,1,0,0,3,0,67,999,0,0,0,0,0,0,0,0,0,0,0,0,0,0,1,2,35,1,2,2,2,0,0,1,12,1,1,4,6,1,0
42,421201,1,1,1,1,12,6,34,42,0,1,0,42,2,49,32,49032,4,2004,1NXBR32E54Z3,1,N,X,B,R,3,2,E,5,4,Z,3,0,P,TOYT,UCS,4D,4,17,2502,,0,1024,,G,,F,4,109,,,15R185,,,,,,0,0,000000000,00000000000,0,0,0,1,0,0,0,0,0,0,0,999,0,0,0,7,6,2,42,0,0,0,1,42,18612,6,1,0,0,3,0,72,999,0,1,0,0,0,1,2010,1,2010,1,0,0,0,0,1,2,35,2,3,2,2,0,0,14,12,1,1,4,6,1,1
42,421202,1,1,1,27,12,10,29,24,0,1,0,42,1,20,401,20401,14,2002,1GCCS14W1282,1,G,C,C,S,1,4,W,1,2,8,2,0,T,CHEV,S14,PK,2,17,,1,0,1083,S,G,,,6,262,,,,B,3016,00,,42,0,0,000000000,00000000000,0,0,0,1,0,0,0,0,0,0,0,45,0,0,0,12,6,2,24,0,0,0,1,42,15314,6,1,0,0,3,3,72,999,0,0,0,0,0,0,0,0,0,0,39,0,0,0,1,2,40,1,2,2,2,20,3,2,14,1,1,4,14,1,0
42,421203,1,1,3,30,12,22,35,39,0,1,0,42,2,22,20,22020,4,2006,2G2WC58C3611,2,G,2,W,C,5,8,C,3,6,1,1,0,P,PONT,GXP,4D,6,17,3600,,0,1105,,G,,F,8,323,,,18R255,,,,,,0,0,000000000,00000000000,0,0,0,1,0,0,0,0,0,0,0,999,0,0,0,12,6,2,14,0,0,0,1,42,19131,1,1,0,0,2,0,67,999,1,16,0,0,3,5,2011,8,2012,1,99,99,99,99,1,2,25,1,1,2,1,0,0,1,13,99,1,4,1,2,0
42,421204,1,1,1,28,12,14,10,8,0,1,0,42,1,49,40,49040,4,2004,4T1BE30K94U2,4,T,1,B,E,3,0,K,9,4,U,2,0,P,TOYT,UXS,4D,4,17,3086,,0,1071,,G,,F,4,144,,,15R205,,,,,,0,0,000000000,00000000000,0,0,0,1,0,0,0,0,0,0,0,35,0,0,0,12,2,1,8,0,0,0,1,42,18642,6,1,0,0,3,0,63,999,0,0,0,0,1,2,2012,2,2012,0,0,0,0,0,1,2,35,1,2,2,1,0,0,1,80,1,1,1,13,0,0
42,421205,1,1,1,18,12,21,16,8,0,1,0,42,1,12,471,12471,30,1996,1FTCR15X3TTA,1,F,T,C,R,1,5,X,3,T,T,A,0,T,FORD,RNS,PC,96,17,,1,0,1250,RNG,G,,,6,245,,,,B,00000,00,B,44,0,0,000000000,00000000000,0,0,0,1,0,0,0,0,0,0,0,999,0,0,0,12,4,1,8,0,0,0,1,42,19135,6,1,0,0,3,0,71,999,0,0,0,0,0,0,0,0,0,0,0,0,0,0,2,3,45,1,2,2,1,2,3,1,80,2,1,1,13,0,0
42,421206,1,1,1,13,12,18,13,8,0,1,1,99,9,99,999,99999,99,9999,999999999999,9,9,9,9,9,9,9,9,9,9,9,9,0,,,,,,,,,,,,,,,,,,,,,,,,,0,0,000000000,00000000000,0,0,0,1,0,0,0,0,0,0,0,999,0,0,0,12,4,1,8,0,0,0,1,99,99999,9,9,99,9,9,9,999,999,99,99,99,99,99,99,9999,99,9999,0,99,99,99,99,1,2,40,1,1,2,1,0,0,1,80,1,1,3,13,0,0
42,421207,1,1,1,11,12,6,40,8,0,1,0,42,2,37,32,37032,4,2006,1HGCM66506A0,1,H,G,C,M,6,6,5,0,6,A,0,0,P,HOND,UEX,4D,6,17,3437,,0,1079,,G,,F,6,183,,,17R215,,,,,,0,0,000000000,00000000000,0,0,0,1,0,0,0,0,0,0,0,999,0,0,0,12,4,1,8,0,0,0,1,42,19142,6,1,0,0,3,0,63,999,0,0,0,0,0,0,0,0,0,0,0,0,0,0,2,2,25,1,1,2,2,2,3,1,80,1,1,1,13,0,0
42,421208,1,1,1,3,12,22,20,15,0,1,1,36,2,20,401,20401,14,2004,1GNDT13S7423,1,G,N,D,T,1,3,S,7,4,2,3,0,P,CHEV,TRL,UT,4,17,4612,,0,1130,,G,,F,6,256,,,16R245,,,,,,0,0,000000000,00000000000,0,0,0,1,0,0,0,0,0,0,0,77,0,0,0,12,9,1,15,0,0,0,1,42,19104,6,1,0,0,3,0,77,999,0,0,0,0,0,0,0,0,0,0,99,99,99,99,1,2,25,1,1,2,1,0,0,1,80,1,1,3,13,0,1
42,421209,1,4,1,16,12,1,14,12,1,1,0,42,2,55,33,55033,4,2011,KMHEC4A42BA0,K,M,H,E,C,4,A,4,2,B,A,0,0,P,HYUN,SHY,4D,11,17,3457,,0,1100,,B,,F,4,144,,,17R215,,,,,,0,0,000000000,00000000000,0,0,0,1,0,0,0,0,0,0,0,999,9,0,0,12,6,2,12,0,0,0,1,42,19152,1,1,0,0,2,0,69,999,0,2,0,0,0,5,2011,11,2012,0,99,99,99,99,1,2,25,1,1,2,1,0,0,1,50,99,1,1,20,1,0
42,421209,2,4,1,16,12,1,14,12,1,1,0,42,2,62,421,62421,15,2001,SALPL16481A4,S,A,L,P,L,1,6,4,8,1,A,4,0,T,LNDR,LWE,4W,1,17,,2,0,1081,RRV,G,,,8,278,,,,,4960,00,L,44,0,0,000000000,00000000000,0,0,0,1,0,0,0,0,0,0,0,0,0,0,0,6,6,2,12,0,0,0,1,42,19401,1,1,0,0,2,0,75,999,0,5,0,0,0,5,2010,10,2012,0,0,0,0,0,1,2,25,1,1,2,1,0,0,5,53,1,1,1,21,0,0
42,421209,3,4,2,16,12,1,14,12,1,1,0,42,2,2,404,2404,14,2002,1J8GW58N52C2,1,J,8,G,W,5,8,N,5,2,C,2,0,T,JEEP,LMT,4W,2,17,,1,0,1059,GCK,G,,,8,287,,,,,3980,01,K,44,0,0,000000000,00000000000,0,0,0,1,0,0,0,0,0,0,0,0,0,0,0,6,6,2,12,0,0,0,1,42,19140,6,1,0,0,3,0,66,999,0,0,0,0,0,0,0,0,0,0,0,0,0,0,1,2,25,1,1,2,1,0,0,5,53,1,1,1,98,0,0
42,421209,4,4,1,16,12,1,14,12,1,1,0,42,1,7,442,7442,20,2000,1B4GP44R8YB8,1,B,4,G,P,4,4,R,8,Y,B,8,0,T,DODG,GSS,ES,0,17,,1,0,1193,CAR,G,,,6,201,,,,,3863,00,E,42,0,0,000000000,00000000000,0,0,0,1,0,0,0,0,0,0,0,0,0,0,0,6,2,1,12,0,0,0,1,42,19133,6,1,0,0,3,0,62,999,0,0,0,0,0,0,0,0,0,0,0,0,0,0,1,2,25,1,1,2,1,0,0,5,53,1,1,1,98,0,0
42,421210,1,1,2,16,12,7,25,9,0,1,0,42,1,49,482,49482,31,2008,5TFSV54158X0,5,T,F,S,V,5,4,1,5,8,X,0,0,T,TOYT,DLS,CW,8,17,,2,0,1646,TUN,G,,,8,348,,,,B,5345,00,7,42,0,0,000000000,00000000000,0,0,0,1,0,0,0,0,0,0,0,999,0,0,0,12,9,1,9,0,0,0,1,42,19121,6,1,0,0,3,0,71,999,0,0,0,0,0,0,0,0,0,0,0,0,0,0,1,2,25,1,1,2,1,1,3,1,80,1,1,1,13,0,0
42,421211,1,1,1,5,12,16,32,8,0,1,1,99,9,99,999,99999,99,9999,999999999999,9,9,9,9,9,9,9,9,9,9,9,9,0,,,,,,,,,,,,,,,,,,,,,,,,,0,0,000000000,00000000000,0,0,0,1,0,0,0,0,0,0,0,999,0,0,0,99,9,1,8,99,99,0,1,99,99999,9,9,99,9,9,9,999,999,99,99,99,99,99,99,9999,99,9999,0,99,99,99,99,1,4,25,1,1,2,1,0,0,1,80,1,1,1,13,0,0
42,421212,1,2,1,10,12,3,28,18,0,1,0,39,2,84,881,84881,66,2007,2HSCHSCR97C4,2,H,S,C,H,S,C,R,9,7,C,4,1,T,INTL,99I,TR,7,17,,8,0,0,990,D,,,6,928,,,,,00000,00,,64,1,57,01502136,5701502136,3,6,1,1,0,0,0,0,0,0,0,999,0,0,0,12,6,2,12,0,0,0,1,39,44506,6,1,6,0,3,3,75,225,0,0,0,0,3,12,2009,8,2010,1,0,0,0,0,2,2,65,2,6,2,2,0,0,14,90,1,1,1,12,1,0