STATE,ST_CASE,VEH_NO,VE_FORMS,NUMOCCS,DAY,MONTH,HOUR,MINUTE,HARM_EV,MAN_COLL,UNITTYPE,HIT_RUN,REG_STAT,OWNER,MAKE,MODEL,MAK_MOD,BODY_TYP,MOD_YEAR,VIN,VIN_1,VIN_2,VIN_3,VIN_4,VIN_5,VIN_6,VIN_7,VIN_8,VIN_9,VIN_10,VIN_11,VIN_12,TOW_VEH,VINTYPE,VINMAKE,VINA_MOD,VIN_BT,VINMODYR,VIN_LNGT,VIN_WGT,WGTCD_TR,WHLBS_LG,WHLBS_SH,SER_TR,FUELCODE,MCYCL_DS,CARBUR,CYLINDER,DISPLACE,MCYCL_CY,MCYCL_WT,TIRE_SZE,TON_RAT,TRK_WT,TRKWTVAR,VIN_REST,WHLDRWHL,J_KNIFE,MCARR_I1,MCARR_I2,MCARR_ID,GVWR,V_CONFIG,CARGO_BT,HAZ_INV,HAZ_PLAC,HAZ_ID,HAZ_CNO,HAZ_REL,BUS_USE,SPEC_USE,EMER_USE,TRAV_SP,UNDERIDE,ROLLOVER,ROLINLOC,IMPACT1,DEFORMED,TOWED,M_HARM,VEH_SC1,VEH_SC2,FIRE_EXP,DR_PRES,L_STATE,DR_ZIP,L_STATUS,L_TYPE,CDL_STAT,L_ENDORS,L_COMPL,L_RESTRI,DR_HGT,DR_WGT,PREV_ACC,PREV_SUS,PREV_DWI,PREV_SPD,PREV_OTH,FIRST_MO,FIRST_YR,LAST_MO,LAST_YR,SPEEDREL,DR_SF1,DR_SF2,DR_SF3,DR_SF4,VTRAFWAY,VNUM_LAN,VSPD_LIM,VALIGN,VPROFILE,VPAVETYP,VSURCOND,VTRAFCON,VTCONT_F,P_CRASH1,P_CRASH2,P_CRASH3,PCRASH4,PCRASH5,ACC_TYPE,DEATHS,DR_DRINK
44,440031,1,1,1,3,7,5,35,33,0,1,0,44,1,12,481,12481,31,2000,2FTRX18L5YCA,2,F,T,R,X,1,8,L,5,Y,C,A,0,T,FORD,F15,4C,0,17,,2,1574,1388,COF,G,,,8,330,,,,B,4611,04,U,44,0,0,000000000,00000000000,0,0,0,1,0,0,0,0,0,0,0,998,0,1,6,81,6,2,1,0,0,0,1,44,2886,6,1,0,0,3,0,64,150,1,0,0,0,0,5,2011,5,2011,9,99,99,99,99,6,1,25,2,6,2,1,0,0,14,13,1,3,4,2,1,0
44,440032,1,1,1,6,7,23,55,30,0,1,0,44,1,72,706,72706,80,2006,1HD1FRW166Y6,1,H,D,1,F,R,W,1,6,6,Y,6,0,M,HD,FCI,RS,6,17,,,,,,,1450,,2,,4,710,,,,,,,0,0,000000000,00000000000,0,0,0,1,0,0,0,0,0,0,0,999,0,0,0,1,6,2,30,0,0,0,1,44,2878,6,1,0,0,2,0,71,135,0,0,0,0,0,0,0,0,0,9,82,0,0,0,1,2,35,3,1,2,1,0,0,14,13,1,1,4,1,1,1
44,440033,1,1,1,7,7,1,30,33,0,1,0,25,1,37,706,37706,80,2001,JH2SC45341M1,J,H,2,S,C,4,5,3,4,1,M,1,0,M,HOND,RV1,RC,1,17,,,,,,,999,,2,,4,441,,,,,,,0,0,000000000,00000000000,0,0,0,1,0,0,0,0,0,0,0,999,0,0,0,1,6,2,24,0,0,0,1,25,2720,1,1,0,0,2,2,72,999,0,3,0,2,1,2,2010,6,2012,1,74,0,0,0,1,4,35,1,1,2,1,0,0,1,6,1,9,4,2,1,1
44,440034,1,1,1,14,6,23,36,42,0,1,0,44,2,12,3,12003,3,1986,1FABP28M8GF2,1,F,A,B,P,2,8,M,8,G,F,2,0,P,FORD,MLG,2H,86,17,2800,,0,1005,,G,,F,8,302,,,14R195,,,,,,0,0,000000000,00000000000,0,0,0,1,0,0,0,0,0,0,0,998,0,0,0,9,6,2,42,0,0,0,1,44,2865,1,1,0,0,2,0,67,163,1,4,0,0,1,6,2010,4,2011,1,36,0,0,0,1,2,25,1,1,2,1,20,3,1,6,1,9,4,2,1,1
44,440035,1,1,1,12,7,13,36,42,0,1,0,44,2,49,472,49472,30,2009,5TENX22N69Z6,5,T,E,N,X,2,2,N,6,9,Z,6,0,T,TOYT,REG,PK,9,17,,1,0,1094,TAC,G,,,4,164,,,,B,3140,00,W,42,0,0,000000000,00000000000,0,0,0,1,0,0,0,0,0,0,0,998,0,0,0,12,6,2,42,0,0,1,1,44,2891,6,1,0,0,3,3,70,165,0,3,0,0,0,3,2011,6,2011,9,99,99,99,99,3,2,65,1,1,2,1,0,0,1,13,1,2,4,2,1,0
44,440036,1,1,1,22,7,15,9,8,0,1,0,44,1,37,32,37032,4,2004,1HGCM56334A1,1,H,G,C,M,5,6,3,3,4,A,1,0,P,HOND,ULX,4D,4,17,3113,,0,1079,,G,,F,4,146,,,15R205,,,,,,0,0,000000000,00000000000,0,0,0,1,0,0,0,0,0,0,0,998,0,0,0,12,4,3,8,0,0,0,1,44,2857,6,1,0,0,3,0,66,175,1,0,0,0,0,6,2012,6,2012,0,0,0,0,0,2,4,35,1,8,2,1,0,0,1,13,1,1,4,1,0,0
44,440037,1,2,1,3,8,20,3,12,6,1,0,44,0,73,706,73706,80,1996,JKAZXDP18TA0,J,K,A,Z,X,D,P,1,8,T,A,0,0,M,KAWK,Z7P,RC,96,17,,,,,,,750,,4,,4,430,,,,,,,0,0,000000000,00000000000,0,0,0,1,0,0,0,0,0,0,0,999,0,0,0,12,6,2,12,0,0,0,1,44,2907,1,1,0,0,2,0,999,999,0,0,0,0,0,0,0,0,0,1,39,38,0,0,1,4,25,1,1,2,1,3,3,1,17,1,1,1,86,1,0
44,440037,2,2,1,3,8,20,3,12,6,1,0,25,1,12,473,12473,30,2004,1FMZU73EX4UB,1,F,M,Z,U,7,3,E,X,4,U,B,0,P,FORD,EPR,UT,4,17,4094,,0,1137,,G,,F,6,245,,,16R235,,,,,,0,0,000000000,00000000000,0,0,0,1,0,0,0,0,0,0,0,999,0,0,0,1,4,3,12,0,0,0,1,25,2740,6,1,0,0,3,3,63,999,0,2,0,0,0,12,2010,2,2011,0,0,0,0,0,4,3,25,1,5,2,1,3,3,1,66,3,2,1,87,0,0
44,440038,1,1,1,17,8,0,2,42,0,1,0,44,2,37,31,37031,4,2002,2HGES25782H5,2,H,G,E,S,2,5,7,8,2,H,5,0,P,HOND,UAX,4D,2,17,2564,,0,1031,,G,,F,4,102,,,15R185,,,,,,0,0,000000000,00000000000,0,0,0,1,0,0,0,0,0,0,0,999,0,0,0,13,6,2,42,0,0,0,1,44,2816,6,1,0,0,3,0,71,185,0,0,0,1,0,5,2012,5,2012,1,99,99,99,99,1,2,25,2,1,2,1,0,0,14,13,99,4,4,2,1,1
44,440039,1,2,2,30,8,22,54,12,2,1,0,44,1,12,37,12037,4,2005,1FAFP34N45W2,1,F,A,F,P,3,4,N,4,5,W,2,0,P,FORD,ZX4,4D,5,17,2677,,0,1030,,G,,F,4,122,,,15R195,,,,,,0,0,000000000,00000000000,0,0,0,1,0,0,0,0,0,0,0,998,0,0,0,12,6,2,12,0,0,0,1,44,2888,6,1,0,0,3,3,68,145,0,0,0,0,0,0,0,0,0,0,0,0,0,0,1,2,45,4,1,2,1,0,0,14,10,1,1,2,51,1,1
44,440039,2,2,1,30,8,22,54,12,2,1,0,44,1,23,481,23481,40,2003,2GTEK19T1312,2,G,T,E,K,1,9,T,1,3,1,2,0,T,GMC,NK1,4C,3,17,,2,1575,1435,SIE,G,,,8,325,,,,B,4910,02,4,44,0,0,000000000,00000000000,0,0,0,1,0,0,0,0,0,0,0,70,0,0,0,12,6,2,12,0,0,0,1,44,2812,6,1,0,0,3,0,69,155,0,1,0,3,0,11,2009,9,2011,1,36,28,0,0,1,2,45,4,1,2,1,0,0,14,62,1,1,1,50,0,1
44,440040,1,1,1,31,8,7,59,33,0,1,0,44,2,69,54,69054,3,2003,WMWRE334X3TD,W,M,W,R,E,3,3,4,X,3,T,D,0,P,MNNI,COS,2H,3,17,2679,,0,971,,G,,Z,4,098,,,16R195,,,,,,0,0,000000000,00000000000,0,0,0,1,0,0,0,0,0,0,0,68,0,0,0,98,6,2,39,0,0,0,1,44,2840,1,1,0,0,2,3,77,300,1,3,0,0,1,8,2011,5,2012,1,0,0,0,0,1,2,25,2,8,1,1,28,3,14,14,1,1,4,14,1,0
44,440041,1,2,1,31,8,20,26,12,6,1,0,44,1,77,706,77706,80,2007,5VPHB26D6730,5,V,P,H,B,2,6,D,6,7,3,0,0,M,VCTY,HBD,RS,7,17,,,,,,,1634,,2,,4,657,,,,,,,0,0,000000000,00000000000,0,0,0,1,0,0,0,0,0,0,0,999,0,0,0,12,6,2,12,0,0,0,1,44,2891,6,1,0,0,3,0,69,220,0,0,0,0,0,0,0,0,0,1,0,0,0,0,5,5,50,1,1,2,1,0,0,1,62,99,9,1,69,1,1
44,440041,2,2,1,31,8,20,26,12,6,1,0,44,1,7,402,7402,14,1998,1B4HS28Y9WF1,1,B,4,H,S,2,8,Y,9,W,F,1,0,P,DODG,DUR,UT,98,17,4349,,0,1159,,G,,F,8,318,,,15R235,,,,,,0,0,000000000,00000000000,0,0,0,1,0,0,0,0,0,0,0,999,0,0,0,4,6,2,12,0,0,0,1,44,2891,6,1,0,0,3,0,63,125,0,0,0,0,0,0,0,0,0,0,38,0,0,0,5,5,50,1,1,2,1,0,0,11,15,1,1,1,68,0,0
44,440042,1,1,4,3,8,22,2,39,0,1,0,9,2,12,401,12401,14,1998,1FMYU24E9WUD,1,F,M,Y,U,2,4,E,9,W,U,D,0,P,FORD,EPR,UT,98,17,3919,,0,1017,,G,,F,6,245,,,15R225,,,,,,0,0,000000000,00000000000,0,0,0,1,0,0,0,0,0,0,0,52,0,0,0,10,6,2,39,0,0,0,1,9,6239,1,1,0,0,2,0,67,999,98,2,1,0,0,8,2010,11,2011,1,36,0,0,0,1,2,50,1,1,2,1,0,0,1,6,99,9,4,99,1,1
44,440043,1,1,2,1,4,2,15,21,0,1,0,25,2,12,22,12022,6,2006,1FMZK011X6GA,1,F,M,Z,K,0,1,1,X,6,G,A,0,P,FORD,FSL,UT,6,17,3960,,0,1129,,G,,F,6,183,,,17R215,,,,,,0,0,000000000,00000000000,0,0,0,1,0,0,0,0,0,0,0,76,0,0,0,12,6,2,21,0,0,1,1,25,2725,3,1,0,0,2,0,72,999,0,5,0,0,2,9,2009,2,2010,1,37,0,0,0,6,1,25,3,2,2,1,0,0,14,13,1,1,4,1,1,1
44,440044,1,1,1,1,5,21,58,8,0,1,0,44,1,12,481,12481,31,2004,1FTPW14514KD,1,F,T,P,W,1,4,5,1,4,K,D,0,T,FORD,F1S,CW,4,17,,2,1450,1260,COF,G,,,8,330,,,,B,5560,00,U,44,0,0,000000000,00000000000,0,0,0,1,0,0,0,0,0,0,0,999,0,0,0,11,4,8,8,0,0,0,1,44,2886,6,1,0,0,3,0,68,195,0,0,0,0,0,0,0,0,0,0,0,0,0,0,1,4,35,1,1,2,2,0,0,1,80,1,1,1,13,0,0
44,440045,1,1,1,8,7,18,2,42,0,1,0,44,1,49,40,49040,4,2002,4T1BE30K12U6,4,T,1,B,E,3,0,K,1,2,U,6,0,P,TOYT,LXS,4D,2,17,3086,,0,1071,,G,,F,4,144,,,15R205,,,,,,0,0,000000000,00000000000,0,0,0,1,0,0,0,0,0,0,0,40,0,0,0,12,6,2,42,0,0,0,1,44,2832,6,1,0,0,3,3,69,190,0,0,0,0,0,0,0,0,0,1,0,0,0,0,1,2,15,3,5,2,1,0,0,14,6,1,1,4,1,1,1
44,440046,1,3,1,7,9,0,40,12,6,1,0,44,1,72,706,72706,80,2003,1HD1JBB433Y0,1,H,D,1,J,B,B,4,3,3,Y,0,0,M,HD,ADI,RS,3,17,,,,,,,1450,,2,,4,653,,,,,,,0,0,000000000,00000000000,0,0,0,1,0,0,0,0,0,0,0,998,0,0,0,10,6,2,12,0,0,0,1,44,2816,6,1,0,0,3,3,71,215,1,1,0,0,0,10,2010,6,2011,1,0,0,0,0,1,2,35,2,6,2,1,0,0,2,53,1,1,1,48,0,0
44,440046,2,3,1,7,9,0,40,12,6,1,0,44,1,37,705,37705,80,2002,JH2RC440X2K6,J,H,2,R,C,4,4,0,X,2,K,6,0,M,HOND,T7D,RS,2,17,,,,,,,745,,2,,4,496,,,,,,,0,0,000000000,00000000000,0,0,0,1,0,0,0,0,0,0,0,36,0,0,0,1,6,2,12,0,0,0,1,44,2920,6,1,0,0,3,3,62,130,0,0,0,0,0,0,0,0,0,1,26,0,0,0,1,2,35,2,6,2,1,0,0,14,52,1,1,1,48,1,0
44,440046,3,3,1,7,9,0,40,12,6,1,0,44,1,72,706,72706,80,2003,1HD1CGP193K4,1,H,D,1,C,G,P,1,9,3,K,4,0,M,HD,20C,RS,3,17,,,,,,,1200,,2,,4,491,,,,,,,0,0,000000000,00000000000,0,0,0,1,0,0,0,0,0,0,0,998,0,0,0,1,6,2,58,0,0,0,1,44,2886,6,1,0,0,2,3,68,140,0,0,0,0,0,0,0,0,0,1,26,0,0,0,1,2,35,2,6,2,1,0,0,14,51,1,1,1,98,0,0
44,440047,1,1,2,8,9,22,49,30,0,1,0,44,1,63,38,63038,2,2010,KNAFU6A22A51,K,N,A,F,U,6,A,2,2,A,5,1,0,P,KIA,FEX,CP,10,17,2737,,0,1043,,G,,F,4,122,,,15R195,,,,,,0,0,000000000,00000000000,0,0,0,1,0,0,0,0,0,0,0,999,0,0,0,1,6,2,30,0,0,0,1,44,2921,6,1,0,0,3,0,67,145,0,0,0,0,0,0,0,0,0,0,99,99,99,99,1,2,25,3,1,2,2,0,0,14,19,99,9,4,98,1,1
44,440048,1,1,1,18,9,22,17,8,0,1,0,44,1,37,441,37441,20,2004,5FNRL18844B1,5,F,N,R,L,1,8,8,4,4,B,1,0,P,HOND,UDY,SV,4,17,4365,,0,1181,,G,,F,6,212,,,16R225,,,,,,0,0,000000000,00000000000,0,0,0,1,0,0,0,0,0,0,0,65,0,0,0,12,6,2,8,0,0,0,1,44,2858,6,1,0,0,3,3,67,160,0,0,0,0,0,0,0,0,0,1,6,0,0,0,3,4,45,1,1,2,2,0,0,1,80,1,1,1,13,0,0
44,440049,1,3,1,28,9,15,59,12,1,1,0,44,3,20,461,20461,21,2000,1GCFG15W6Y11,1,G,C,F,G,1,5,W,6,Y,1,1,0,T,CHEV,E15,CG,0,17,,2,0,1350,EXP,G,,,6,262,,,,B,4660,00,,42,0,0,000000000,00000000000,0,0,0,1,0,0,0,0,0,0,0,998,0,0,0,6,4,1,12,0,0,0,1,44,2896,6,1,0,0,3,0,68,160,1,0,0,0,0,7,2012,7,2012,0,0,0,0,0,2,2,55,8,8,2,2,0,0,2,53,1,1,1,98,0,0
44,440049,2,3,1,28,9,15,59,12,1,1,0,44,1,49,402,49402,14,2006,JTMBD33V0660,J,T,M,B,D,3,3,V,0,6,6,0,0,P,TOYT,RG4,UT,6,17,3444,,0,1050,,G,,F,4,144,,,15R215,,,,,,0,0,000000000,00000000000,0,0,0,1,0,0,0,0,0,0,0,998,0,0,0,6,6,2,12,0,0,0,1,44,2901,6,1,0,0,3,0,55,90,1,0,0,1,0,5,2011,3,2012,0,0,0,0,0,2,2,55,8,8,2,2,0,0,2,53,1,1,1,29,1,0
44,440049,3,3,1,28,9,15,59,12,1,1,0,44,3,12,24,12024,6,2011,2FMDK4JC4BBB,2,F,M,D,K,4,J,C,4,B,B,B,0,P,FORD,EDG,UT,11,17,4265,,0,1112,,G,,F,6,214,,,18R245,,,,,,0,0,000000000,00000000000,0,0,0,1,0,0,0,0,0,0,0,998,0,0,0,12,6,2,12,0,0,0,1,44,2840,6,1,0,0,3,9,999,999,0,0,0,1,0,3,2011,3,2011,1,26,0,0,0,2,2,55,8,8,2,2,0,0,1,52,1,1,1,28,0,0
44,440050,1,2,1,28,9,22,48,12,6,1,0,25,3,82,881,82881,66,2007,1FUJBBAV87PU,1,F,U,J,B,B,A,V,8,7,P,U,1,T,FRHT,ST2,TR,7,17,,8,0,0,CON,D,,,6,893,,,,,00000,00,,64,1,57,929186,57929186,3,6,1,1,0,0,0,0,0,0,0,998,0,0,0,11,4,3,8,0,0,0,1,25,2703,6,1,6,0,3,3,74,999,0,0,0,1,1,4,2010,7,2011,9,27,0,0,0,3,3,50,8,8,2,2,0,0,15,52,6,1,2,48,0,0
44,440050,2,2,0,28,9,22,48,12,6,1,0,44,6,49,403,49403,14,2002,JTEGD21A4200,J,T,E,G,D,2,1,A,4,2,0,0,0,P,TOYT,HIG,UT,2,17,3485,,0,1069,,G,,F,4,144,,,16R225,,,,,,0,0,000000000,00000000000,0,0,0,1,0,0,0,0,0,0,0,998,0,0,0,5,6,2,12,0,0,0,0,0,99997,7,6,97,7,6,7,998,997,998,998,998,998,998,98,9998,98,9998,8,20,0,0,0,3,3,50,8,8,2,2,0,0,0,60,0,0,0,48,0,0
44,440051,1,1,3,9,10,16,30,21,0,1,0,44,2,42,401,42401,14,2006,4JGBB75E46A0,4,J,G,B,B,7,5,E,4,6,A,0,0,P,MERZ,M50,UT,6,17,4743,,0,1147,,G,,F,8,303,,,18R255,,,,,,0,0,000000000,00000000000,0,0,0,1,0,0,0,0,0,0,0,999,0,0,0,1,6,2,21,0,0,0,1,44,2816,6,1,0,0,3,0,66,130,0,0,0,2,0,8,2012,9,2012,1,0,0,0,0,2,2,40,1,2,2,1,0,0,1,13,1,1,4,1,1,0
44,440052,1,1,1,13,10,17,50,43,0,1,0,25,1,72,706,72706,80,1985,1HD1EBL12FY1,1,H,D,1,E,B,L,1,2,F,Y,1,0,M,HD,FRS,RS,85,17,,,,,,,1340,,2,,4,575,,,,,,,0,0,000000000,00000000000,0,0,0,1,0,0,0,0,0,0,0,999,0,0,0,3,6,2,42,0,0,0,1,25,1507,6,1,0,0,3,0,62,999,0,0,0,0,0,0,0,0,0,1,0,0,0,0,1,2,25,1,1,5,1,0,0,1,13,1,2,4,2,1,1
44,440053,1,1,1,10,11,21,8,42,0,1,0,44,1,59,35,59035,4,2008,JTHCK2625850,J,T,H,C,K,2,6,2,5,8,5,0,0,P,LEXS,A25,4D,8,17,3651,,0,1075,,G,,F,6,152,,,17R225,,,,,,0,0,000000000,00000000000,0,0,0,1,0,0,0,0,0,0,0,998,0,0,0,11,6,2,42,0,0,0,1,44,2892,6,1,0,0,3,0,67,133,0,0,0,0,0,0,0,0,0,9,99,99,99,99,1,2,25,2,5,2,1,0,0,14,12,1,1,4,10,1,1
44,440054,1,1,1,16,11,15,56,17,0,1,0,44,1,2,404,2404,14,1997,1J4FJ78S6VL5,1,J,4,F,J,7,8,S,6,V,L,5,0,T,JEEP,CTY,4W,97,17,,1,0,1014,CHK,G,,,6,242,,,,,3244,00,E,44,0,0,000000000,00000000000,0,0,0,1,0,0,0,0,0,0,0,999,0,1,3,12,6,2,1,0,0,0,1,44,2804,6,1,0,0,3,3,67,165,0,0,0,0,0,0,0,0,0,0,0,0,0,0,3,2,65,1,1,2,1,0,0,1,12,1,1,4,10,1,0
44,440055,1,2,2,1,12,18,44,12,6,1,0,44,1,23,461,23461,21,2011,1GTW7FCGXB11,1,G,T,W,7,F,C,G,X,B,1,1,0,T,GMC,SA2,CG,11,17,,2,0,1350,SAV,F,,,8,366,,,,C,5338,00,U,42,0,0,000000000,00000000000,0,0,0,1,0,0,0,0,0,0,0,998,0,1,1,1,6,2,12,0,0,0,1,44,2806,6,1,0,0,3,0,66,140,0,0,0,0,0,0,0,0,0,9,28,0,0,0,1,2,30,1,2,2,2,0,0,1,10,1,1,2,64,1,1
44,440055,2,2,4,1,12,18,44,12,6,1,0,44,1,49,402,49402,14,2007,JTMBK33V9750,J,T,M,B,K,3,3,V,9,7,5,0,0,P,TOYT,RG4,UT,7,17,3655,,0,1047,,G,,F,6,214,,,16R215,,,,,,0,0,000000000,00000000000,0,0,0,1,0,0,0,0,0,0,0,998,0,0,0,1,6,2,12,0,0,0,1,44,2871,6,1,0,0,3,3,75,230,0,0,0,0,0,0,0,0,0,0,0,0,0,0,1,2,30,1,2,2,2,0,0,1,62,1,1,1,65,0,0
44,440056,1,2,3,8,12,11,2,12,6,1,0,44,1,23,8,23008,6,2012,1GKKVRED3CJ4,1,G,K,K,V,R,E,D,3,C,J,4,0,T,GMC,S1A,4W,12,17,,2,0,1189,ACA,G,,,6,220,,,,B,4857,00,S,44,0,0,000000000,00000000000,0,0,0,1,0,0,0,0,0,0,0,999,0,0,0,7,6,2,12,0,0,1,1,44,2816,6,1,0,0,3,0,66,294,1,0,0,0,0,10,2012,10,2012,1,0,0,0,0,1,2,45,1,5,2,2,0,0,1,66,1,1,1,89,1,0
44,440056,2,2,2,8,12,11,2,12,6,1,0,42,1,35,51,35051,6,2010,JN8AS5MV4AW6,J,N,8,A,S,5,M,V,4,A,W,6,0,P,NISS,ROG,UT,10,17,3435,,0,1059,,G,,F,4,153,,,16R215,,,,,,0,0,000000000,00000000000,0,0,0,1,0,0,0,0,0,0,0,998,0,0,0,12,6,2,12,0,0,0,1,42,19438,6,1,0,0,3,0,61,999,0,0,0,0,0,0,0,0,0,0,38,0,0,0,6,1,30,1,6,2,2,21,3,1,17,7,1,1,88,0,0
44,440057,1,4,1,12,12,5,24,12,6,1,0,25,2,30,40,30040,4,2001,3VWSK69M91M1,3,V,W,S,K,6,9,M,9,1,M,1,0,P,VOLK,JGS,4D,1,17,2833,,0,989,,G,,F,4,121,,,15R195,,,,,,0,0,000000000,00000000000,0,0,0,1,0,0,0,0,0,0,0,999,0,0,0,12,6,2,12,0,0,0,1,25,2780,6,1,0,0,3,0,999,999,0,4,2,0,0,6,2011,12,2012,1,34,0,0,0,2,4,45,1,1,2,1,0,0,1,10,1,1,2,64,1,1
44,440057,2,4,1,12,12,5,24,12,6,1,0,44,1,49,44,49044,2,2006,4T1CA30P36U0,4,T,1,C,A,3,0,P,3,6,U,0,0,P,TOYT,CEE,CP,6,17,3417,,0,1051,,G,,F,6,201,,,16R215,,,,,,0,0,000000000,00000000000,0,0,0,1,0,0,0,0,0,0,0,998,0,0,0,10,4,3,12,0,0,0,1,44,2865,6,1,0,0,3,0,65,128,0,0,0,0,0,0,0,0,0,0,0,0,0,0,2,4,45,1,1,2,1,0,0,1,62,1,1,1,65,0,0
44,440057,3,4,1,12,12,5,24,12,6,1,0,44,1,20,481,20481,31,2007,1GCEK14C57Z5,1,G,C,E,K,1,4,C,5,7,Z,5,0,T,CHEV,SK1,PK,7,17,,2,1330,1190,SIL,G,,,8,293,,,,B,4687,01,,44,0,0,000000000,00000000000,0,0,0,1,0,0,0,0,0,0,0,998,7,0,0,11,6,2,12,0,0,0,1,44,2871,6,1,0,0,3,0,70,210,0,0,0,0,0,0,0,0,0,0,0,0,0,0,2,4,45,1,1,2,1,0,0,1,62,1,1,1,98,0,0
44,440057,4,4,1,12,12,5,24,12,6,1,0,25,1,49,46,49046,5,2007,JTDKB20U8776,J,T,D,K,B,2,0,U,8,7,7,6,0,P,TOYT,PRI,4H,7,17,2932,,0,1063,,B,,F,4,091,,,15R185,,,,,,0,0,000000000,00000000000,0,0,0,1,0,0,0,0,0,0,0,998,2,0,0,12,6,2,12,0,0,0,1,25,2726,6,1,0,0,3,9,999,999,0,0,0,0,0,0,0,0,0,0,0,0,0,0,2,4,45,1,1,2,1,0,0,1,50,1,1,1,98,0,0
44,440058,1,4,1,19,12,14,39,12,1,1,0,44,2,63,441,63441,20,2006,KNDMB233X660,K,N,D,M,B,2,3,3,X,6,6,0,0,P,KIA,SED,SV,6,17,0,,0,1145,,G,,F,6,231,,,15R215,,,,,,0,0,000000000,00000000000,0,0,0,1,0,0,0,0,0,0,0,0,0,0,0,6,2,8,12,0,0,0,1,44,2830,6,1,0,0,3,0,74,200,0,0,0,0,0,0,0,0,0,0,0,0,0,0,5,2,25,1,6,2,1,20,3,5,53,1,1,1,98,0,0
44,440058,2,4,1,19,12,14,39,12,1,1,0,44,1,41,51,41051,5,2006,JM1BK1444614,J,M,1,B,K,1,4,4,4,6,1,4,0,P,MAZD,M3H,4H,6,17,2826,,0,1039,,G,,F,4,140,,,17R205,,,,,,0,0,000000000,00000000000,0,0,0,1,0,0,0,0,0,0,0,0,0,0,0,6,2,8,12,0,0,0,1,44,2885,6,1,0,0,3,3,69,135,0,1,1,0,0,10,2011,11,2011,0,0,0,0,0,5,2,25,1,6,2,1,20,3,5,53,1,1,1,98,0,0
44,440058,3,4,1,19,12,14,39,12,1,1,0,44,1,30,40,30040,4,2003,3VWSE69M13M0,3,V,W,S,E,6,9,M,1,3,M,0,0,P,VOLK,JGS,4D,3,17,2963,,0,989,,G,,T,4,109,,,15R195,,,,,,0,0,000000000,00000000000,0,0,0,1,0,0,0,0,0,0,0,0,0,0,0,6,4,8,12,0,0,0,1,44,2888,6,1,0,0,3,3,70,165,0,0,0,0,0,0,0,0,0,0,0,0,0,0,5,2,25,1,6,2,1,0,0,5,53,1,1,1,48,0,0
44,440058,4,4,1,19,12,14,39,12,1,1,0,44,2,48,34,48034,4,1991,4S3BC6323M96,4,S,3,B,C,6,3,2,3,M,9,6,0,P,SUBA,LGX,4D,91,17,2650,,0,1016,,G,,F,4,135,,,14R175,,,,,,0,0,000000000,00000000000,0,0,0,1,0,0,0,0,0,0,0,998,0,0,0,12,6,2,12,0,0,1,1,44,2806,6,1,0,0,3,0,70,143,0,0,0,0,0,0,0,0,0,9,26,0,0,0,5,2,25,1,6,2,1,0,0,1,50,99,1,1,48,1,0
44,440059,1,1,1,21,12,11,12,24,0,1,0,44,1,54,402,54402,14,2010,5J8TB1H55AA0,5,J,8,T,B,1,H,5,5,A,A,0,0,P,ACUR,RDX,UT,10,17,3942,,0,1043,,G,,T,4,140,,,18R235,,,,,,0,0,000000000,00000000000,0,0,0,1,0,0,0,0,0,0,0,998,0,0,0,9,6,2,42,0,0,0,1,44,2816,6,1,0,0,3,3,72,183,1,0,0,0,0,3,2011,3,2011,0,0,0,0,0,3,2,65,1,1,2,2,0,0,1,11,1,2,4,7,1,0
44,440060,1,1,1,27,12,21,26,42,0,1,0,25,2,12,481,12481,31,2008,1FTXW43R08EB,1,F,T,X,W,4,3,R,0,8,E,B,0,T,FORD,F4D,CW,8,17,,4,2000,1760,DRW,D,,,8,390,,,,D,8687,00,E,44,0,0,000000000,00000000000,0,0,0,1,0,0,0,0,0,0,0,998,0,0,0,12,6,2,42,0,0,0,1,25,1569,6,1,0,0,3,3,68,999,0,0,0,0,0,0,0,0,0,9,79,0,0,0,2,2,25,4,1,2,10,0,0,14,13,1,1,4,1,1,1
44,440061,1,1,1,30,7,12,45,38,0,1,0,44,1,6,43,6043,4,2001,1C3EL46X51N5,1,C,3,E,L,4,6,X,5,1,N,5,0,P,CHRY,SLX,4D,1,17,3175,,0,1080,,G,,F,4,148,,,15R205,,,,,,0,0,000000000,00000000000,0,0,0,1,0,0,0,0,0,0,0,999,0,1,6,1,6,2,35,0,0,0,1,44,2919,6,1,0,0,3,3,67,210,1,0,0,0,0,12,2010,12,2010,0,99,99,99,99,1,2,5,1,6,2,99,0,0,1,13,99,9,4,1,1,0
44,440062,1,1,1,29,7,12,57,42,0,1,0,44,1,37,32,37032,4,1993,1HGCB7651PA1,1,H,G,C,B,7,6,5,1,P,A,1,0,P,HOND,ALX,4D,93,17,2504,,0,1071,,G,,F,4,132,,,14R185,,,,,,0,0,000000000,00000000000,0,0,0,1,0,0,0,0,0,0,0,998,0,0,0,12,6,2,42,0,0,0,1,44,2882,6,1,0,0,3,0,61,110,1,0,0,0,0,6,2010,6,2010,9,99,99,99,99,1,2,30,1,1,2,1,0,0,1,13,99,9,4,1,1,0