STATE,ST_CASE,VEH_NO,VE_FORMS,NUMOCCS,DAY,MONTH,HOUR,MINUTE,HARM_EV,MAN_COLL,UNITTYPE,HIT_RUN,REG_STAT,OWNER,MAKE,MODEL,MAK_MOD,BODY_TYP,MOD_YEAR,VIN,VIN_1,VIN_2,VIN_3,VIN_4,VIN_5,VIN_6,VIN_7,VIN_8,VIN_9,VIN_10,VIN_11,VIN_12,TOW_VEH,VINTYPE,VINMAKE,VINA_MOD,VIN_BT,VINMODYR,VIN_LNGT,VIN_WGT,WGTCD_TR,WHLBS_LG,WHLBS_SH,SER_TR,FUELCODE,MCYCL_DS,CARBUR,CYLINDER,DISPLACE,MCYCL_CY,MCYCL_WT,TIRE_SZE,TON_RAT,TRK_WT,TRKWTVAR,VIN_REST,WHLDRWHL,J_KNIFE,MCARR_I1,MCARR_I2,MCARR_ID,GVWR,V_CONFIG,CARGO_BT,HAZ_INV,HAZ_PLAC,HAZ_ID,HAZ_CNO,HAZ_REL,BUS_USE,SPEC_USE,EMER_USE,TRAV_SP,UNDERIDE,ROLLOVER,ROLINLOC,IMPACT1,DEFORMED,TOWED,M_HARM,VEH_SC1,VEH_SC2,FIRE_EXP,DR_PRES,L_STATE,DR_ZIP,L_STATUS,L_TYPE,CDL_STAT,L_ENDORS,L_COMPL,L_RESTRI,DR_HGT,DR_WGT,PREV_ACC,PREV_SUS,PREV_DWI,PREV_SPD,PREV_OTH,FIRST_MO,FIRST_YR,LAST_MO,LAST_YR,SPEEDREL,DR_SF1,DR_SF2,DR_SF3,DR_SF4,VTRAFWAY,VNUM_LAN,VSPD_LIM,VALIGN,VPROFILE,VPAVETYP,VSURCOND,VTRAFCON,VTCONT_F,P_CRASH1,P_CRASH2,P_CRASH3,PCRASH4,PCRASH5,ACC_TYPE,DEATHS,DR_DRINK
45,450035,1,1,2,8,1,19,30,35,0,1,0,45,1,20,481,20481,31,2007,3GCEK13M77G5,3,G,C,E,K,1,3,M,7,7,G,5,0,T,CHEV,1KW,CW,7,17,,2,0,1435,SIL,G,,,8,323,,,,B,5371,00,,44,0,0,000000000,00000000000,0,0,0,1,0,0,0,0,0,0,0,71,0,1,5,12,6,2,35,0,0,0,1,45,29208,6,1,0,0,3,0,70,200,0,0,0,0,0,0,0,0,0,0,0,0,0,0,1,2,40,4,2,2,2,0,0,14,13,99,1,4,1,1,1
45,450036,1,1,1,10,1,1,5,42,0,1,0,37,1,52,46,52046,4,2002,JA3AJ26E82U0,J,A,3,A,J,2,6,E,8,2,U,0,0,P,MITS,LES,4D,2,17,2646,,0,1024,,G,,F,4,122,,,14R185,,,,,,0,0,000000000,00000000000,0,0,0,1,0,0,0,0,0,0,0,65,0,0,0,12,6,2,42,0,0,0,1,37,27320,6,1,6,0,3,0,72,999,0,0,0,1,1,2,2009,8,2011,1,0,0,0,0,3,3,65,1,2,2,2,0,0,1,13,1,1,4,1,1,0
45,450037,1,1,2,11,1,15,55,42,0,1,0,45,1,20,401,20401,14,2005,1GNDS13S5521,1,G,N,D,S,1,3,S,5,5,2,1,0,P,CHEV,TRL,UT,5,17,4425,,0,1130,,G,,F,6,256,,,16R245,,,,,,0,0,000000000,00000000000,0,0,0,1,0,0,0,0,0,0,0,55,0,1,5,99,6,2,42,0,0,0,1,45,29945,6,1,0,0,3,0,67,148,0,0,0,0,0,0,0,0,0,0,58,0,0,0,1,2,55,3,1,2,2,0,0,14,13,1,1,4,1,2,1
45,450038,1,1,2,17,1,21,15,35,0,1,0,45,2,7,422,7422,15,2005,1D4HD48D85F5,1,D,4,H,D,4,8,D,8,5,F,5,0,P,DODG,DUR,UT,5,17,4479,,0,1192,,G,,F,8,348,,,17R265,,,,,,0,0,000000000,00000000000,0,0,0,1,0,0,0,0,0,0,0,70,0,0,0,12,6,2,42,0,0,0,1,45,29671,6,2,0,0,3,0,73,150,0,0,0,1,0,10,2010,10,2010,1,8,0,0,0,1,2,55,3,1,2,2,0,0,14,6,1,4,4,7,1,0
45,450039,1,1,4,18,1,4,54,19,0,1,0,9,2,7,24,7024,4,2006,2B3KA53H46H4,2,B,3,K,A,5,3,H,4,6,H,4,0,P,DODG,CHR,4D,6,17,3995,,0,1200,,G,,F,8,348,,,18R225,,,,,,0,0,000000000,00000000000,0,0,0,1,0,0,0,0,0,0,0,90,0,0,0,12,6,2,19,0,0,1,1,99,6825,9,9,99,9,9,9,999,999,99,99,99,99,99,99,9999,99,9999,1,0,0,0,0,2,2,40,2,1,2,2,0,0,14,12,1,9,4,6,4,1
45,450040,1,1,1,18,1,18,50,34,0,1,0,45,2,12,17,12017,4,1991,1FACP5244MA2,1,F,A,C,P,5,2,4,4,M,A,2,0,P,FORD,TAG,4D,91,17,3062,,0,1060,,G,,F,6,232,,,14R205,,,,,,0,0,000000000,00000000000,0,0,0,1,0,0,0,0,0,0,0,45,0,1,6,12,6,2,1,0,0,0,1,45,29625,1,1,5,0,2,0,62,145,0,1,0,0,0,12,2011,12,2011,0,0,0,0,0,1,2,45,1,2,2,1,0,0,1,13,99,1,4,1,1,0
45,450041,1,1,1,22,1,0,50,30,0,1,0,45,2,12,3,12003,2,2002,1FAFP40492F1,1,F,A,F,P,4,0,4,9,2,F,1,0,P,FORD,MUS,CP,2,17,3066,,0,1013,,G,,F,6,232,,,16R225,,,,,,0,0,000000000,00000000000,0,0,0,1,0,0,0,0,0,0,0,80,0,0,0,63,6,2,30,0,0,0,1,45,29655,6,1,0,0,3,0,72,175,0,0,0,0,0,0,0,0,0,0,8,0,0,0,1,2,45,2,1,2,2,0,0,14,12,1,9,4,6,1,1
45,450042,1,2,1,26,1,18,0,12,6,1,0,45,2,85,881,85881,66,1998,1XKDDB9X6WJ7,1,X,K,D,D,B,9,X,6,W,J,7,1,T,KW,T80,TR,98,17,,8,2600,1600,CON,D,,,6,893,,,,,00000,00,,64,1,45,2197908,452197908,3,6,8,1,0,0,0,0,0,0,0,47,0,1,1,12,6,2,12,0,0,0,1,45,29532,6,1,6,0,3,0,65,139,0,1,0,1,0,1,2010,9,2011,0,39,0,0,0,2,2,45,1,1,2,1,3,3,1,17,6,1,1,88,0,0
45,450042,2,2,3,26,1,18,0,12,6,1,0,45,2,12,401,12401,14,1995,1FMDU34XXSUA,1,F,M,D,U,3,4,X,X,S,U,A,0,P,FORD,EPR,UT,95,17,4053,,0,1115,,G,,F,6,245,,,15R225,,,,,,0,0,000000000,00000000000,0,0,0,1,0,0,0,0,0,0,0,10,0,0,0,9,6,2,12,0,0,0,1,45,29569,6,2,0,0,3,0,63,137,0,0,0,0,0,0,0,0,0,0,0,0,0,0,1,4,45,1,1,2,1,3,3,1,66,99,1,1,89,1,0
45,450043,1,2,1,2,1,14,50,12,6,1,0,13,1,18,2,18002,4,2000,1G4HP54K0YU1,1,G,4,H,P,5,4,K,0,Y,U,1,0,P,BUIC,LCF,4D,0,17,3567,,0,1122,,G,,F,6,231,,,15R215,,,,,,0,0,000000000,00000000000,0,0,0,1,0,0,0,0,0,0,0,10,0,0,0,12,8,2,12,0,0,0,1,13,30523,6,1,0,0,3,3,75,215,98,0,0,0,0,0,0,0,0,0,38,0,0,0,1,2,35,1,1,2,1,20,3,11,15,99,1,1,82,1,0
45,450043,2,2,1,2,1,14,50,12,6,1,0,45,1,84,881,84881,63,2005,1HTXLAHTX5J1,1,H,T,X,L,A,H,T,X,5,J,1,0,T,INTL,55I,CC,5,17,,8,0,0,550,D,,,6,661,,,,,00000,00,,64,0,77,777777777,77777777777,3,2,4,1,0,0,0,0,0,0,0,30,0,0,0,2,8,2,12,0,0,0,1,45,29483,6,1,6,0,3,0,72,230,0,0,0,0,0,0,0,0,0,0,0,0,0,0,1,2,35,1,1,2,1,0,0,1,66,99,1,1,83,0,0
45,450044,1,2,2,6,1,21,40,12,6,1,0,51,1,20,4,20004,2,2011,1G1YG2DW8B51,1,G,1,Y,G,2,D,W,8,B,5,1,0,P,CHEV,CVT,CP,11,17,3208,,0,1057,,G,,F,8,378,,,18R245,,,,,,0,0,000000000,00000000000,0,0,0,1,0,0,0,0,0,0,0,100,0,1,5,12,6,2,12,0,0,0,1,51,23609,6,1,0,0,3,0,73,230,0,0,0,2,0,10,2010,12,2010,1,38,0,0,0,1,2,45,2,1,2,1,0,0,14,56,99,1,1,98,2,1
45,450044,2,2,1,6,1,21,40,12,6,1,0,45,1,85,881,85881,66,1994,1XKADB9XXRR6,1,X,K,A,D,B,9,X,X,R,R,6,1,T,KW,T60,TR,94,17,,8,0,1600,CON,D,,,6,893,,,,,00000,00,,64,1,45,2192508,452192508,3,6,10,1,0,0,0,0,0,0,0,5,0,0,0,9,2,1,12,0,0,0,1,45,29440,6,1,6,0,3,0,74,240,0,1,0,1,0,6,2010,12,2010,0,0,0,0,0,1,2,45,1,1,2,1,0,0,13,98,99,1,1,98,0,0
45,450045,1,1,1,28,1,16,0,34,0,1,0,37,1,98,709,98709,81,2008,999999999999,9,9,9,9,9,9,9,9,9,9,9,9,0,,,,,,,,,,,,,,,,,,,,,,,,,0,0,000000000,00000000000,0,0,0,1,0,0,0,0,0,0,0,30,0,0,0,12,6,2,42,0,0,0,1,37,28704,1,1,0,0,1,0,64,999,0,0,0,0,0,0,0,0,0,0,0,0,0,0,1,2,25,2,2,2,1,0,0,14,12,1,1,4,6,1,1
45,450046,1,1,1,29,1,6,0,38,0,1,0,45,2,20,10,20010,2,1988,1G1GZ11G5JP1,1,G,1,G,Z,1,1,G,5,J,P,1,0,P,CHEV,MOC,CP,88,17,3071,,0,1081,,G,,4,8,305,,,14R195,,,,,,0,0,000000000,00000000000,0,0,0,1,0,0,0,0,0,0,0,45,0,1,5,12,6,2,1,0,0,0,1,45,29520,6,1,0,0,3,0,69,145,0,0,0,1,0,3,2011,3,2011,1,0,0,0,0,1,2,45,1,1,2,1,0,0,1,13,1,1,4,1,1,1
45,450047,1,1,1,29,1,2,40,42,0,1,0,45,1,20,2,20002,4,1991,1G1BL537XMW2,1,G,1,B,L,5,3,7,X,M,W,2,0,P,CHEV,CAP,4D,91,17,3666,,0,1159,,G,,F,8,350,,,15R205,,,,,,0,0,000000000,00000000000,0,0,0,1,0,0,0,0,0,0,0,60,0,0,0,3,6,2,42,0,0,0,1,45,29536,1,1,5,0,2,0,74,190,0,1,1,0,0,1,2011,2,2011,1,0,0,0,0,1,2,55,1,1,2,1,0,0,1,13,6,3,4,7,1,1
45,450048,1,1,1,29,1,18,34,8,0,1,0,10,2,49,40,49040,4,2010,4T1BF3EK6AU5,4,T,1,B,F,3,E,K,6,A,U,5,0,P,TOYT,CBA,4D,10,17,3263,,0,1093,,G,,F,4,152,,,16R215,,,,,,0,0,000000000,00000000000,0,0,0,1,0,0,0,0,0,0,0,70,0,0,0,12,6,2,8,0,0,0,1,10,19963,6,1,0,0,3,0,65,135,0,0,0,0,0,0,0,0,0,0,0,0,0,0,2,2,70,1,1,2,1,0,0,1,81,1,1,1,13,0,0
45,450049,1,1,1,30,1,17,33,9,0,1,0,45,3,94,981,94981,50,2001,1T75L3B27111,1,T,7,5,L,3,B,2,7,1,1,1,0,T,THMS,,,1,17,,,,,,,,,,,,,,,,,,,0,77,777777777,77777777777,2,21,22,1,0,0,0,0,1,0,0,30,0,0,0,2,2,1,9,0,0,0,1,45,29479,6,1,6,0,3,0,65,185,0,0,0,0,0,0,0,0,0,0,0,0,0,0,1,2,45,1,1,2,1,0,0,1,83,6,1,1,13,0,0
45,450050,1,1,4,31,1,10,54,42,0,1,0,45,3,12,881,12881,61,2000,1FDWF36F8YEE,1,F,D,W,F,3,6,F,8,Y,E,E,0,T,FORD,F3D,CB,0,17,,3,1650,1410,DRW,D,,,8,444,,,,D,5225,06,E,42,0,77,777777777,77777777777,2,1,1,1,0,0,0,0,0,6,1,52,0,0,0,1,6,2,42,0,0,0,1,45,29911,6,1,6,0,3,3,69,208,0,0,0,1,0,9,2009,9,2009,1,28,0,0,0,1,2,55,3,1,2,1,0,0,14,13,99,9,4,2,1,0
45,450051,1,1,1,2,1,12,30,42,0,1,0,45,1,7,472,7472,30,1990,1B7FL26X6LS7,1,B,7,F,L,2,6,X,6,L,S,7,0,T,DODG,DAK,PK,90,17,,1,1309,1119,DAK,G,,,6,239,,,,B,2968,01,A,42,0,0,000000000,00000000000,0,0,0,1,0,0,0,0,0,0,0,999,0,0,0,12,6,2,42,0,0,0,1,45,29203,6,1,0,0,3,0,69,200,2,1,0,0,0,6,2009,2,2011,0,99,99,99,99,1,2,99,1,1,2,1,0,0,1,13,1,1,4,1,1,1
45,450052,1,3,1,2,1,14,20,12,6,1,0,51,1,12,481,12481,31,2001,1FTRF18L01NA,1,F,T,R,F,1,8,L,0,1,N,A,0,T,FORD,F15,PK,1,17,,2,1388,1202,COF,G,,,8,330,,,,B,4299,04,U,44,0,0,000000000,00000000000,0,0,0,1,0,0,0,0,0,0,0,35,0,1,5,3,6,2,12,0,0,0,1,51,24543,6,1,0,0,3,0,63,181,0,0,0,0,0,0,0,0,0,0,0,0,0,0,1,2,35,1,1,2,1,0,0,1,66,7,3,6,98,1,0
45,450052,2,3,1,2,1,14,20,12,6,1,0,93,3,82,881,82881,66,2003,1FUJA6CG53LL,1,F,U,J,A,6,C,G,5,3,L,L,1,T,FRHT,COL,TR,3,17,,8,0,0,CON,D,,,6,774,,,,,00000,00,,64,1,6,1574594,061574594,3,6,1,1,0,0,0,0,0,0,0,2,0,0,0,0,0,1,7,0,0,0,1,6,92553,6,1,6,0,3,0,67,170,1,0,0,2,2,8,2009,11,2010,0,38,0,0,0,1,2,35,1,1,2,1,20,3,11,15,99,1,1,98,0,0
45,450052,3,3,1,2,1,14,20,12,6,1,0,45,1,37,421,37421,15,2007,5FNYF28717B0,5,F,N,Y,F,2,8,7,1,7,B,0,0,P,HOND,PIL,UT,7,17,4356,,0,1063,,G,,F,6,213,,,16R235,,,,,,0,0,000000000,00000000000,0,0,0,1,0,0,0,0,0,0,0,2,0,0,0,12,6,2,12,0,0,0,1,45,29303,6,2,0,0,3,0,65,125,0,0,0,0,0,0,0,0,0,0,0,0,0,0,1,2,35,1,1,2,1,0,0,1,17,99,1,1,98,0,0
45,450053,1,1,1,2,1,18,30,8,0,1,0,45,2,20,9,20009,2,1994,2G1FP22P3R21,2,G,1,F,P,2,2,P,3,R,2,1,0,P,CHEV,Z28,CP,94,17,3424,,0,1011,,G,,F,8,350,,,16R235,,,,,,0,0,000000000,00000000000,0,0,0,1,0,0,0,0,0,0,0,45,0,0,0,12,4,1,8,0,0,0,1,37,29710,6,1,0,0,3,3,69,999,0,0,0,1,1,3,2009,4,2009,0,0,0,0,0,1,2,55,1,1,2,1,0,0,1,80,99,1,1,13,0,0
45,450054,1,1,3,7,1,15,5,1,0,1,0,45,1,23,421,23421,15,2003,3GKFK16Z73G1,3,G,K,F,K,1,6,Z,7,3,G,1,0,T,GMC,KX1,4W,3,17,,2,0,1300,YUK,F,,,8,325,,,,B,5224,00,4,44,0,0,000000000,00000000000,0,0,0,1,0,0,0,0,0,0,0,60,0,1,3,0,6,2,1,0,0,0,1,45,29212,6,1,0,0,3,0,66,150,0,0,0,0,0,0,0,0,0,0,58,85,0,0,2,2,60,1,2,2,1,0,0,17,61,6,4,4,8,1,0
45,450055,1,2,1,11,1,20,30,12,1,1,0,45,2,2,405,2405,14,2006,1J4GK48K16W1,1,J,4,G,K,4,8,K,1,6,W,1,0,T,JEEP,SPR,4W,6,17,,1,0,1043,LIB,G,,,6,226,,,,,3665,00,E,42,0,0,000000000,00000000000,0,0,0,1,0,0,0,0,0,0,0,45,0,0,0,12,6,2,12,0,0,0,1,45,29678,6,2,0,0,3,0,66,150,0,0,0,0,0,0,0,0,0,1,0,0,0,0,2,2,45,1,1,2,1,0,0,1,51,99,1,1,24,0,0
45,450055,2,2,2,11,1,20,30,12,1,1,0,45,1,98,709,98709,81,2010,999999999999,9,9,9,9,9,9,9,9,9,9,9,9,0,,,,,,,,,,,,,,,,,,,,,,,,,0,0,000000000,00000000000,0,0,0,1,0,0,0,0,0,0,0,25,0,0,0,6,6,2,12,0,0,0,1,45,29693,1,1,5,0,2,0,72,145,0,3,0,0,1,6,2010,12,2011,0,0,0,0,0,2,2,45,1,1,2,1,0,0,1,53,99,1,1,25,1,0
45,450056,1,1,1,12,1,2,15,42,0,1,0,45,1,54,35,54035,4,2008,19UUA66278A0,1,9,U,U,A,6,6,2,7,8,A,0,0,P,ACUR,ATL,4D,8,17,3623,,0,1079,,G,,F,6,195,,,17R235,,,,,,0,0,000000000,00000000000,0,0,0,1,0,0,0,0,0,0,0,45,0,0,0,12,6,2,42,0,0,0,1,45,29169,6,1,0,0,3,0,66,140,1,0,0,0,0,3,2010,3,2010,0,0,0,0,0,1,2,45,1,1,2,1,0,0,1,12,6,4,4,6,1,1
45,450057,1,1,1,12,1,0,35,43,0,1,0,13,1,35,39,35039,4,2002,JN1DA31D22T4,J,N,1,D,A,3,1,D,2,2,T,4,0,P,NISS,MGS,4D,2,17,3103,,0,1083,,G,,F,6,214,,,16R215,,,,,,0,0,000000000,00000000000,0,0,0,1,0,0,0,0,0,0,0,60,0,1,5,1,6,2,1,0,0,0,1,13,30815,6,1,0,0,3,0,68,165,98,0,0,0,0,0,0,0,0,0,0,0,0,0,1,2,55,4,1,2,1,0,0,14,13,1,1,4,1,1,1
45,450058,1,1,1,12,1,21,35,34,0,1,0,45,2,35,39,35039,4,2000,JN1CA31D5YT7,J,N,1,C,A,3,1,D,5,Y,T,7,0,P,NISS,MGS,4D,0,17,3071,,0,1083,,G,,F,6,182,,,15R205,,,,,,0,0,000000000,00000000000,0,0,0,1,0,0,0,0,0,0,0,70,0,1,5,12,6,2,34,0,0,0,1,45,29488,6,1,6,0,3,0,70,205,0,1,0,0,0,11,2010,11,2010,0,0,0,0,0,1,2,55,3,1,2,1,0,0,14,13,1,1,4,1,1,1
45,450059,1,2,4,13,1,6,15,12,6,1,0,45,2,37,32,37032,4,1997,1HGCD5605VA1,1,H,G,C,D,5,6,0,5,V,A,1,0,P,HOND,USE,4D,97,17,2864,,0,1069,,G,,F,4,132,,,15R185,,,,,,0,0,000000000,00000000000,0,0,0,1,0,0,0,0,0,0,0,45,0,0,0,12,6,2,12,0,0,0,1,45,29148,6,1,0,0,3,0,67,200,0,2,0,2,0,3,2011,10,2011,0,0,0,0,0,1,2,45,1,1,2,1,20,3,1,66,99,1,1,86,1,0
45,450059,2,2,1,13,1,6,15,12,6,1,0,93,3,84,881,84881,66,2006,2HSCEAPR06C3,2,H,S,C,E,A,P,R,0,6,C,3,1,T,INTL,92I,TR,6,17,,8,0,0,920,D,,,6,915,,,,,00000,00,,64,1,13,0676920,130676920,3,6,2,1,0,0,0,0,0,0,0,5,0,0,0,3,2,3,12,0,0,0,1,45,29148,6,1,6,0,3,0,72,240,0,2,0,2,0,8,2010,12,2011,0,38,0,0,0,1,2,55,1,1,2,1,0,0,4,17,1,1,1,87,0,0
45,450060,1,4,2,20,1,6,45,12,1,1,0,45,6,23,481,23481,31,1997,1GDFK16R3VJ7,1,G,D,F,K,1,6,R,3,V,J,7,0,T,GMC,KSU,4W,97,17,,2,0,1315,K15,G,,,8,350,,,,B,00000,00,E,44,0,0,000000000,00000000000,0,0,0,1,0,0,0,0,0,0,0,0,0,0,0,6,6,2,12,0,0,0,0,0,99997,7,6,97,7,6,7,998,997,998,998,998,998,998,98,9998,98,9998,8,0,0,0,0,1,2,55,1,1,2,1,0,0,0,53,0,0,0,32,0,0
45,450060,2,4,1,20,1,6,45,12,1,1,0,45,1,20,2,20002,4,2009,2G1WT57K7911,2,G,1,W,T,5,7,K,7,9,1,1,0,P,CHEV,ILT,4D,9,17,3555,,0,1105,,F,,F,6,214,,,16R225,,,,,,0,0,000000000,00000000000,0,0,0,1,0,0,0,0,0,0,0,55,0,0,0,10,6,2,12,0,0,0,1,45,29212,6,1,0,0,3,3,69,202,1,0,0,0,0,6,2011,6,2011,0,0,0,0,0,1,2,55,1,1,2,1,0,0,1,62,99,1,1,98,0,0
45,450060,3,4,1,20,1,6,45,12,1,1,0,45,1,20,2,20002,4,2005,2G1WF52EX592,2,G,1,W,F,5,2,E,X,5,9,2,0,P,CHEV,IMP,4D,5,17,3389,,0,1105,,G,,F,6,207,,,16R225,,,,,,0,0,000000000,00000000000,0,0,0,1,0,0,0,0,0,0,0,55,0,0,0,12,6,2,12,0,0,0,1,45,29180,6,1,0,0,3,0,66,145,1,1,0,3,1,1,2010,11,2011,0,0,0,0,0,1,2,55,1,1,2,1,0,0,1,62,99,1,1,98,0,0
45,450060,4,4,2,20,1,6,45,12,1,1,0,45,1,12,401,12401,14,2004,1FMZU67K34UB,1,F,M,Z,U,6,7,K,3,4,U,B,0,P,FORD,EPR,UT,4,17,4135,,0,1259,,F,,F,6,245,,,16R235,,,,,,0,0,000000000,00000000000,0,0,0,1,0,0,0,0,0,0,0,50,0,0,0,12,6,2,12,0,0,0,1,45,29016,6,1,0,0,3,0,61,160,2,0,0,0,0,1,2009,3,2010,0,0,0,0,0,1,2,55,1,1,2,1,0,0,1,50,99,1,1,32,0,0
45,450061,1,2,1,21,1,3,50,12,1,1,0,45,0,98,709,98709,81,2010,999999999999,9,9,9,9,9,9,9,9,9,9,9,9,0,,,,,,,,,,,,,,,,,,,,,,,,,0,0,000000000,00000000000,0,0,0,1,0,0,0,0,0,0,0,30,0,0,0,6,6,2,12,0,0,0,1,45,29169,0,0,0,0,0,0,999,999,99,99,99,99,99,99,9999,99,9999,0,18,0,0,0,3,4,55,1,2,2,2,0,0,1,53,99,1,1,25,1,1
45,450061,2,2,1,21,1,3,50,12,1,1,1,45,1,7,442,7442,20,2002,2B4GP44382R6,2,B,4,G,P,4,4,3,8,2,R,6,0,T,DODG,GSP,ES,2,17,,1,0,1193,CAR,F,,,6,201,,,,,4002,00,E,42,0,0,000000000,00000000000,0,0,0,1,0,0,0,0,0,0,0,55,0,0,0,12,4,1,12,0,0,0,1,45,29223,6,1,0,0,3,0,66,124,0,3,0,0,0,9,2010,11,2011,1,0,0,0,0,3,4,55,1,2,2,2,0,0,1,51,99,1,1,24,0,0
45,450062,1,1,1,22,1,6,49,14,0,1,0,45,1,12,23,12023,4,2011,3FAHP0HA6BR2,3,F,A,H,P,0,H,A,6,B,R,2,0,P,FORD,F/E,4D,11,17,3285,,0,1074,,G,,F,4,152,,,17R225,,,,,,0,0,000000000,00000000000,0,0,0,1,0,0,0,0,0,0,0,75,0,0,0,12,6,2,14,0,0,0,1,45,29574,1,1,5,0,2,0,61,115,0,1,1,0,0,6,2010,11,2010,0,39,8,0,0,1,2,55,1,1,2,1,0,0,1,12,99,1,4,6,1,1
45,450063,1,1,1,24,1,0,16,42,0,1,0,45,2,12,24,12024,6,2008,2FMDK36C68BB,2,F,M,D,K,3,6,C,6,8,B,B,0,P,FORD,EDG,UT,8,17,4073,,0,1112,,G,,F,6,214,,,17R235,,,,,,0,0,000000000,00000000000,0,0,0,1,0,0,0,0,0,0,0,90,0,1,5,9,6,2,42,0,0,0,1,45,29053,1,1,5,0,2,0,69,188,1,1,0,1,1,8,2010,9,2011,0,0,0,0,0,1,2,45,2,1,2,2,0,0,14,12,1,1,4,6,1,1
45,450064,1,2,1,24,1,9,11,12,1,1,0,45,1,20,481,20481,31,1998,1GCEK19R1WE1,1,G,C,E,K,1,9,R,1,W,E,1,0,T,CHEV,GK1,PC,98,17,,2,1555,1415,GM4,G,,,8,350,,,,B,00000,00,,44,0,0,000000000,00000000000,0,0,0,1,0,0,0,0,0,0,0,60,0,0,0,12,6,2,12,0,0,0,1,45,29669,1,1,5,0,2,0,73,210,0,1,0,0,0,9,2011,9,2011,1,0,0,0,0,3,3,55,1,1,2,1,0,0,1,50,99,1,1,20,1,0
45,450064,2,2,1,24,1,9,11,12,1,1,0,37,3,51,881,51881,66,2011,4V4NC9TH8BN5,4,V,4,N,C,9,T,H,8,B,N,5,1,T,VOLV,VNL,TR,11,17,,8,0,0,VVN,D,,,6,915,,,,,00000,00,,64,1,37,0090882,370090882,3,6,2,2,2,1230,3,2,0,0,0,0,0,0,0,6,6,2,12,0,0,0,1,13,31405,6,1,6,3,3,3,76,155,98,0,0,0,0,0,0,0,0,0,0,0,0,0,3,3,55,1,1,2,1,0,0,5,53,99,1,1,21,0,0
45,450065,1,3,2,25,1,7,39,12,6,1,0,45,1,19,3,19003,4,1994,1G6KD52B2RU2,1,G,6,K,D,5,2,B,2,R,U,2,0,P,CADI,DFW,4D,94,17,3666,,0,1138,,G,,F,8,300,,,15R215,,,,,,0,0,000000000,00000000000,0,0,0,1,0,0,0,0,0,0,0,15,0,0,0,3,6,2,12,0,0,0,1,45,29605,6,1,0,0,3,0,75,200,0,0,0,0,0,0,0,0,0,0,38,0,0,0,2,2,35,1,1,2,1,3,3,11,15,99,1,1,68,1,0
45,450065,2,3,1,25,1,7,39,12,6,1,0,45,1,59,31,59031,4,2007,JTHBJ46G7720,J,T,H,B,J,4,6,G,7,7,2,0,0,P,LEXS,E35,4D,7,17,3600,,0,1093,,G,,F,6,211,,,17R215,,,,,,0,0,000000000,00000000000,0,0,0,1,0,0,0,0,0,0,0,30,0,0,0,12,6,2,12,0,0,0,1,45,29642,6,1,0,0,3,3,63,119,0,0,0,0,0,0,0,0,0,0,0,0,0,0,2,2,35,1,1,2,1,3,3,1,66,99,1,1,69,0,0
45,450065,3,3,1,25,1,7,39,12,6,1,0,45,1,14,17,14017,4,1995,1MELM50U2SA6,1,M,E,L,M,5,0,U,2,S,A,6,0,P,MERC,SGS,4D,95,17,3144,,0,1060,,G,,F,6,182,,,15R205,,,,,,0,0,000000000,00000000000,0,0,0,1,0,0,0,0,0,0,0,0,0,0,0,12,2,1,12,0,0,0,1,45,29605,6,1,0,0,3,3,66,198,1,1,0,0,0,11,2010,12,2011,0,0,0,0,0,2,2,55,1,1,2,1,3,3,5,66,99,1,1,98,0,0
45,450066,1,2,1,25,1,9,35,12,6,1,0,45,2,84,881,84881,66,2001,2HSCHAPR71C0,2,H,S,C,H,A,P,R,7,1,C,0,1,T,INTL,99I,TR,1,17,,8,0,0,990,D,,,6,915,,,,,00000,00,,64,1,45,0742029,450742029,3,6,4,1,0,0,0,0,0,0,0,55,0,1,5,12,6,2,12,0,0,0,1,45,29059,6,1,6,3,3,0,70,245,1,0,0,0,0,6,2010,6,2010,0,0,0,0,0,1,2,55,1,1,2,1,0,0,1,66,99,1,1,86,0,0
45,450066,2,2,1,25,1,9,35,12,6,1,0,45,3,20,481,20481,31,2011,1GCNKPEA2BZ1,1,G,C,N,K,P,E,A,2,B,Z,1,0,T,CHEV,SK1,PK,11,17,,2,1330,1190,SIL,F,,,8,293,,,,B,4695,01,,44,0,0,000000000,00000000000,0,0,0,1,0,0,0,0,0,0,0,15,0,0,0,3,6,2,12,0,0,0,1,45,29488,6,1,0,0,3,3,68,220,0,1,0,0,0,12,2010,12,2010,0,38,0,0,0,1,2,55,1,1,2,1,20,3,4,17,99,1,1,87,1,0
45,450067,1,2,2,27,1,17,10,12,6,1,0,45,1,23,481,23481,31,1989,1GTDK14K2KE5,1,G,T,D,K,1,4,K,2,K,E,5,0,T,GMC,SK1,PK,89,17,,1,1315,1175,SIE,G,,,8,350,,,,B,4553,06,A,44,0,0,000000000,00000000000,0,0,0,1,0,0,0,0,0,0,0,15,0,0,0,2,6,2,12,0,0,0,1,45,29154,6,1,6,3,3,0,71,263,0,3,0,0,0,11,2009,12,2011,0,38,0,0,0,2,2,60,1,2,2,1,0,0,11,15,99,1,1,68,1,0
45,450067,2,2,1,27,1,17,10,12,6,1,0,45,3,85,881,85881,66,2012,1XKWD49X3CJ3,1,X,K,W,D,4,9,X,3,C,J,3,1,T,KW,W90,TR,12,17,,8,2850,1600,CON,D,,,6,915,,,,,00000,00,,64,1,45,0574639,450574639,3,6,8,1,0,0,0,0,0,0,0,55,0,0,0,12,6,2,12,0,0,0,1,45,29153,6,1,6,0,3,3,68,210,1,0,0,0,1,4,2011,4,2011,0,0,0,0,0,2,2,60,1,2,2,1,0,0,1,60,99,1,1,69,0,0