STATE,ST_CASE,VEH_NO,VE_FORMS,NUMOCCS,DAY,MONTH,HOUR,MINUTE,HARM_EV,MAN_COLL,UNITTYPE,HIT_RUN,REG_STAT,OWNER,MAKE,MODEL,MAK_MOD,BODY_TYP,MOD_YEAR,VIN,VIN_1,VIN_2,VIN_3,VIN_4,VIN_5,VIN_6,VIN_7,VIN_8,VIN_9,VIN_10,VIN_11,VIN_12,TOW_VEH,VINTYPE,VINMAKE,VINA_MOD,VIN_BT,VINMODYR,VIN_LNGT,VIN_WGT,WGTCD_TR,WHLBS_LG,WHLBS_SH,SER_TR,FUELCODE,MCYCL_DS,CARBUR,CYLINDER,DISPLACE,MCYCL_CY,MCYCL_WT,TIRE_SZE,TON_RAT,TRK_WT,TRKWTVAR,VIN_REST,WHLDRWHL,J_KNIFE,MCARR_I1,MCARR_I2,MCARR_ID,GVWR,V_CONFIG,CARGO_BT,HAZ_INV,HAZ_PLAC,HAZ_ID,HAZ_CNO,HAZ_REL,BUS_USE,SPEC_USE,EMER_USE,TRAV_SP,UNDERIDE,ROLLOVER,ROLINLOC,IMPACT1,DEFORMED,TOWED,M_HARM,VEH_SC1,VEH_SC2,FIRE_EXP,DR_PRES,L_STATE,DR_ZIP,L_STATUS,L_TYPE,CDL_STAT,L_ENDORS,L_COMPL,L_RESTRI,DR_HGT,DR_WGT,PREV_ACC,PREV_SUS,PREV_DWI,PREV_SPD,PREV_OTH,FIRST_MO,FIRST_YR,LAST_MO,LAST_YR,SPEEDREL,DR_SF1,DR_SF2,DR_SF3,DR_SF4,VTRAFWAY,VNUM_LAN,VSPD_LIM,VALIGN,VPROFILE,VPAVETYP,VSURCOND,VTRAFCON,VTCONT_F,P_CRASH1,P_CRASH2,P_CRASH3,PCRASH4,PCRASH5,ACC_TYPE,DEATHS,DR_DRINK
45,450102,2,2,5,24,2,17,2,12,8,1,0,45,1,12,402,12402,14,2006,1FMYU03176KA,1,F,M,Y,U,0,3,1,7,6,K,A,0,P,FORD,SPE,UT,6,17,3300,,0,1031,,G,,F,6,183,,,16R235,,,,,,0,0,000000000,00000000000,0,0,0,1,0,0,0,0,0,0,0,70,0,0,0,2,6,2,42,0,0,0,1,45,29501,6,1,0,0,3,0,67,220,0,1,0,1,0,4,2011,7,2011,1,0,0,0,0,2,2,45,1,1,2,2,0,0,1,10,99,1,2,64,3,0
45,450103,1,1,1,25,2,15,0,1,0,1,0,37,1,98,709,98709,81,2009,999999999999,9,9,9,9,9,9,9,9,9,9,9,9,0,,,,,,,,,,,,,,,,,,,,,,,,,0,0,000000000,00000000000,0,0,0,1,0,0,0,0,0,0,0,25,0,0,0,0,2,3,1,0,0,0,1,37,28211,1,1,5,0,2,0,72,999,0,1,1,0,0,5,2010,5,2011,0,0,0,0,0,1,2,55,1,1,2,1,0,0,1,51,3,1,1,98,1,1
45,450104,1,1,1,25,2,15,27,34,0,1,0,45,2,73,704,73704,80,2004,JKAZXCC104A0,J,K,A,Z,X,C,C,1,0,4,A,0,0,M,KAWK,Z1R,RC,4,17,,,,,,,998,,4,,4,459,,,,,,,0,0,000000000,00000000000,0,0,0,1,0,0,0,0,0,0,0,70,0,0,0,12,6,2,32,0,0,0,1,45,29532,6,1,0,0,3,0,71,235,0,1,0,1,0,8,2010,1,2011,1,0,0,0,0,1,2,55,1,1,2,1,0,0,1,13,1,1,4,1,1,0
45,450105,1,2,5,27,2,15,55,12,2,1,0,45,2,49,43,49043,4,1997,4T1BF12B1VU1,4,T,1,B,F,1,2,B,1,V,U,1,0,P,TOYT,UVS,4D,97,17,3263,,0,1071,,G,,F,6,183,,,15R205,,,,,,0,0,000000000,00000000000,0,0,0,1,0,0,0,0,0,0,0,65,0,0,0,12,6,2,12,0,0,0,1,45,29115,1,1,5,0,2,0,64,125,0,1,0,0,0,4,2011,4,2011,0,58,29,34,0,1,2,55,1,1,2,2,0,0,6,10,99,1,2,50,1,0
45,450105,2,2,2,27,2,15,55,12,2,1,0,45,3,94,981,94981,50,2009,1T7YL4A22911,1,T,7,Y,L,4,A,2,2,9,1,1,0,T,THMS,,,9,17,,,,,,,,,,,,,,,,,,,0,77,777777777,77777777777,3,21,22,1,0,0,0,0,1,0,0,25,0,0,0,12,6,2,12,0,0,0,1,45,29018,6,1,6,3,3,0,65,230,0,0,0,0,0,0,0,0,0,0,0,0,0,0,1,2,55,1,1,2,2,0,0,1,62,99,1,1,51,0,0
45,450106,1,1,1,27,2,23,21,34,0,1,0,45,1,73,705,73705,80,2007,JKAEXMF137DA,J,K,A,E,X,M,F,1,3,7,D,A,0,M,KAWK,EXF,RC,7,17,,,,,,,248,,2,,4,304,,,,,,,0,0,000000000,00000000000,0,0,0,1,0,0,0,0,0,0,0,50,0,0,0,12,6,2,30,0,0,0,1,45,29687,6,1,0,0,3,0,73,150,0,0,0,0,1,8,2010,8,2010,1,0,0,0,0,1,2,35,3,2,2,1,0,0,14,13,1,1,4,1,1,0
45,450107,1,1,1,27,2,14,15,24,0,1,0,45,2,38,405,38405,14,2002,4S2CE58X7246,4,S,2,C,E,5,8,X,7,2,4,6,0,P,ISU,AXM,UT,2,17,3799,,0,1064,,G,,F,6,213,,,17R235,,,,,,0,0,000000000,00000000000,0,0,0,1,0,0,0,0,0,0,0,60,0,1,1,8,6,2,1,0,0,0,1,45,29414,6,1,0,0,3,0,68,195,0,0,0,0,0,0,0,0,0,1,0,0,0,0,3,4,60,3,1,2,2,0,0,14,12,1,1,4,6,1,0
45,450108,1,1,1,28,2,19,50,53,0,1,0,45,1,23,471,23471,30,1993,1GTCS14Z7P85,1,G,T,C,S,1,4,Z,7,P,8,5,0,T,GMC,SON,PK,93,17,,1,1179,1083,SON,G,,,6,262,,,,B,00000,00,A,42,0,0,000000000,00000000000,0,0,0,1,0,0,0,0,0,0,0,65,0,1,5,11,6,2,42,0,0,0,1,45,29340,1,1,5,0,2,0,68,176,1,1,1,0,0,4,2009,1,2012,1,0,0,0,0,1,2,45,3,1,2,1,0,0,14,6,6,4,4,7,1,1
45,450109,1,1,1,1,3,8,45,42,0,1,0,45,1,12,401,12401,14,2003,1FMZU63K63UA,1,F,M,Z,U,6,3,K,6,3,U,A,0,P,FORD,EPR,UT,3,17,4094,,0,1137,,F,,F,6,245,,,16R235,,,,,,0,0,000000000,00000000000,0,0,0,1,0,0,0,0,0,0,0,60,0,0,0,12,6,2,42,0,0,0,1,45,29554,6,1,0,0,3,3,62,150,0,0,0,0,0,0,0,0,0,0,28,0,0,0,2,2,60,3,1,2,2,0,0,14,12,1,1,4,6,1,0
45,450110,1,1,1,2,3,18,15,35,0,1,0,45,1,35,32,35032,3,1995,JN1AS44D1SW0,J,N,1,A,S,4,4,D,1,S,W,0,0,P,NISS,2/S,CP,95,17,2659,,0,994,,G,,F,4,146,,,15R195,,,,,,0,0,000000000,00000000000,0,0,0,1,0,0,0,0,0,0,0,70,0,0,0,12,6,2,42,0,0,0,1,45,29691,6,1,0,0,3,0,66,135,1,3,0,0,2,4,2010,2,2012,1,0,0,0,0,1,2,25,1,3,2,1,0,0,1,13,1,1,4,1,1,1
45,450111,1,1,1,3,3,3,50,11,0,1,0,45,1,37,705,37705,80,2006,JH2RC44446M0,J,H,2,R,C,4,4,4,4,6,M,0,0,M,HOND,V7A,RS,6,17,,,,,,,745,,2,,4,496,,,,,,,0,0,000000000,00000000000,0,0,0,1,0,0,0,0,0,0,0,45,0,0,0,12,6,2,11,0,0,0,1,45,29527,6,1,0,0,3,3,71,240,0,1,0,0,0,3,2011,3,2011,0,99,99,99,99,1,2,45,1,1,2,1,0,0,1,87,99,1,1,13,1,0
45,450112,1,1,1,3,3,3,47,42,0,1,0,45,1,19,3,19003,4,1999,1G6KD54Y2XU7,1,G,6,K,D,5,4,Y,2,X,U,7,0,P,CADI,DFW,4D,99,17,4012,,0,1138,,G,,F,8,279,,,16R225,,,,,,0,0,000000000,00000000000,0,0,0,1,0,0,0,0,0,0,0,100,0,0,0,61,6,2,42,0,0,0,1,45,29118,6,1,0,0,3,0,72,215,0,0,0,0,0,0,0,0,0,1,8,0,0,0,1,2,35,1,2,2,2,0,0,1,6,6,4,4,7,1,0
45,450113,1,1,1,3,3,22,21,42,0,1,0,45,1,12,13,12013,2,1995,1FASP11J8SW1,1,F,A,S,P,1,1,J,8,S,W,1,0,P,FORD,EST,2H,95,17,2355,,0,984,,G,,F,4,113,,,14R175,,,,,,0,0,000000000,00000000000,0,0,0,1,0,0,0,0,0,0,0,55,0,0,0,3,6,2,42,0,0,0,1,45,29044,6,1,6,0,3,0,73,240,0,0,0,0,0,0,0,0,0,0,58,0,0,0,1,2,55,1,1,2,2,0,0,1,13,7,4,4,2,1,1
45,450114,1,1,2,4,3,2,32,35,0,1,0,45,1,35,39,35039,4,2000,JN1CA31D0YT5,J,N,1,C,A,3,1,D,0,Y,T,5,0,P,NISS,MGS,4D,0,17,3071,,0,1083,,G,,F,6,182,,,15R205,,,,,,0,0,000000000,00000000000,0,0,0,1,0,0,0,0,0,0,0,80,0,1,3,12,6,2,42,0,0,0,1,45,29115,1,1,5,0,2,0,59,139,0,4,0,2,0,9,2010,12,2011,1,0,0,0,0,2,2,70,1,1,2,2,0,0,1,6,1,4,4,7,1,1
45,450115,1,1,1,5,3,1,30,43,0,1,0,45,1,20,401,20401,14,2003,1GNDT13S6324,1,G,N,D,T,1,3,S,6,3,2,4,0,P,CHEV,TRL,UT,3,17,4600,,0,1130,,G,,F,6,256,,,16R245,,,,,,0,0,000000000,00000000000,0,0,0,1,0,0,0,0,0,0,0,45,0,1,5,12,6,2,1,0,0,0,1,45,29615,6,1,0,0,3,0,74,200,1,0,0,0,1,11,2009,11,2009,0,99,99,99,99,1,2,45,3,1,2,1,0,0,14,13,1,1,4,1,1,1
45,450116,1,2,1,5,3,9,39,12,6,1,0,13,3,82,881,82881,66,2003,1FUJA6CG53LK,1,F,U,J,A,6,C,G,5,3,L,K,1,T,FRHT,COL,TR,3,17,,8,0,0,CON,D,,,6,774,,,,,00000,00,,64,1,13,0092814,130092814,3,6,1,1,0,0,0,0,0,0,0,45,0,0,0,12,6,2,12,0,0,0,1,45,29829,6,1,6,0,3,3,72,160,0,1,0,0,0,1,2010,1,2010,0,0,0,0,0,2,2,45,1,1,2,1,0,0,1,66,99,1,1,88,0,0
45,450116,2,2,1,5,3,9,39,12,6,1,0,45,1,20,461,20461,21,1997,1GBFG15R2V11,1,G,B,F,G,1,5,R,2,V,1,1,0,P,CHEV,S/V,SV,97,17,0,,0,1350,,G,,F,8,350,,,000000,,,,,,0,0,000000000,00000000000,0,0,0,1,0,0,0,0,0,0,0,5,0,0,0,9,6,2,12,0,0,0,1,45,29360,6,1,0,0,3,0,74,222,0,0,0,0,0,0,0,0,0,0,38,0,0,0,1,2,45,1,1,2,1,20,3,1,17,99,1,1,89,1,0
45,450117,1,1,1,6,3,3,41,35,0,1,0,42,3,35,39,35039,4,2012,1N4AL2AP2CC1,1,N,4,A,L,2,A,P,2,C,C,1,0,P,NISS,ATS,4D,12,17,3180,,0,1093,,G,,F,4,153,,,16R215,,,,,,0,0,000000000,00000000000,0,0,0,1,0,0,0,0,0,0,0,54,0,1,5,12,6,2,1,0,0,0,1,42,17543,6,1,0,0,3,3,68,999,0,0,0,0,0,0,0,0,0,0,51,0,0,0,3,3,60,1,2,2,1,0,0,1,12,1,1,4,6,1,1
45,450118,1,2,1,7,3,13,47,12,6,1,0,45,3,98,881,98881,66,2003,5KJJABAV93PL,5,K,J,J,A,B,A,V,9,3,P,L,1,T,WSTR,49X,TR,3,17,,8,0,0,CNV,D,,,6,893,,,,,00000,00,,64,1,45,0456712,450456712,3,6,9,1,0,0,0,0,0,0,0,40,0,0,0,12,2,1,12,0,0,0,1,45,29717,6,1,6,0,3,0,71,248,0,0,0,1,0,12,2009,12,2009,0,0,0,0,0,2,2,45,1,1,2,1,0,0,1,72,99,1,1,83,0,0
45,450118,2,2,1,7,3,13,47,12,6,1,0,45,1,6,441,6441,20,1997,1C4GP64LXVB2,1,C,4,G,P,6,4,L,X,V,B,2,0,T,CHRY,LXI,ES,97,17,,1,0,1193,TWC,G,,,6,230,,,,,4059,00,,42,0,0,000000000,00000000000,0,0,0,1,0,0,0,0,0,0,0,5,0,0,0,9,6,2,12,0,0,0,1,45,29714,6,1,0,0,3,3,70,170,0,0,0,0,0,0,0,0,0,0,38,0,0,0,0,0,0,0,0,0,0,0,0,11,15,99,1,1,82,1,0
45,450119,1,2,4,7,3,19,30,12,6,1,0,45,1,18,23,18023,4,2007,1G4HP57257U1,1,G,4,H,P,5,7,2,5,7,U,1,0,P,BUIC,UCX,4D,7,17,3764,,0,1156,,G,,F,6,232,,,16R225,,,,,,0,0,000000000,00000000000,0,0,0,1,0,0,0,0,0,0,0,55,0,0,0,12,6,2,12,0,0,0,1,45,29160,6,1,0,0,3,0,63,140,0,0,0,0,0,0,0,0,0,0,0,0,0,0,1,2,55,1,1,2,1,0,0,1,17,99,1,1,83,1,0
45,450119,2,2,1,7,3,19,30,12,6,1,0,45,2,84,881,84881,66,1996,2HSFHASR1TC0,2,H,S,F,H,A,S,R,1,T,C,0,1,T,INTL,940,TR,96,17,,8,2340,1600,90S,D,,,6,893,,,,,00000,00,,64,1,45,2274379,452274379,3,6,10,1,0,0,0,0,0,0,0,10,0,0,0,7,2,1,12,0,0,0,1,13,30909,6,1,6,0,3,0,70,205,98,5,0,4,5,7,2009,3,2012,0,38,0,0,0,1,2,55,1,1,2,1,0,0,11,15,99,1,1,82,0,0
45,450120,1,2,1,7,3,6,20,12,6,1,0,37,3,87,881,87881,66,1995,1XP5DR9X6SN3,1,X,P,5,D,R,9,X,6,S,N,3,1,T,PTRB,379,TR,95,17,,8,0,0,CON,D,,,6,774,,,,,00000,00,,64,1,37,0704087,370704087,3,6,8,1,0,0,0,0,0,0,0,5,0,0,0,7,6,2,12,0,0,0,1,37,28170,6,1,6,0,3,3,73,999,2,0,0,1,0,12,2009,5,2011,0,38,0,0,0,1,2,55,1,1,2,1,20,3,11,15,99,1,1,82,0,0
45,450120,2,2,2,7,3,6,20,12,6,1,0,45,2,6,43,6043,2,1998,4C3AU52N2WE1,4,C,3,A,U,5,2,N,2,W,E,1,0,P,CHRY,SLI,CP,98,17,3093,,0,1037,,G,,F,6,152,,,17R215,,,,,,0,0,000000000,00000000000,0,0,0,1,0,0,0,0,0,0,0,55,0,0,0,12,6,2,12,0,0,0,1,45,29108,6,1,0,0,3,0,69,190,0,1,0,1,0,1,2011,10,2011,0,0,0,0,0,1,2,55,1,1,2,1,0,0,1,66,99,1,1,83,1,1
45,450121,1,3,1,8,3,20,20,18,0,1,0,51,1,72,706,72706,80,2012,1HD1KBM18CB6,1,H,D,1,K,B,M,1,8,C,B,6,0,M,HD,FHX,RS,12,17,,,,,,,1690,,2,,4,785,,,,,,,0,0,000000000,00000000000,0,0,0,1,0,0,0,0,0,0,0,70,0,0,0,12,2,1,18,0,0,0,1,51,23834,6,1,0,0,3,0,69,210,0,0,0,0,0,0,0,0,0,0,0,0,0,0,2,2,70,1,1,2,2,0,0,1,90,99,1,1,12,0,0
45,450121,2,3,1,8,3,20,20,18,0,1,0,51,1,72,706,72706,80,2007,1HD1BW5117Y0,1,H,D,1,B,W,5,1,1,7,Y,0,0,M,HD,STC,RS,7,17,,,,,,,1584,,2,,4,725,,,,,,,0,0,000000000,00000000000,0,0,0,1,0,0,0,0,0,0,0,70,0,0,0,12,6,2,18,0,0,0,1,51,23803,6,1,6,0,3,0,72,200,0,0,0,0,0,0,0,0,0,0,0,0,0,0,2,2,70,1,1,2,2,0,0,1,90,99,1,1,98,1,0
45,450121,3,3,1,8,3,20,20,18,0,1,1,99,9,99,999,99999,99,9999,999999999999,9,9,9,9,9,9,9,9,9,9,9,9,0,,,,,,,,,,,,,,,,,,,,,,,,,0,0,000000000,00000000000,0,0,0,1,0,0,0,0,0,0,0,70,0,0,0,12,9,1,18,0,0,0,1,99,99999,9,9,99,9,9,9,999,999,99,99,99,99,99,99,9999,99,9999,0,0,0,0,0,2,2,70,1,1,2,2,0,0,1,90,99,1,1,98,0,0
45,450122,1,2,7,13,2,16,38,12,2,1,0,45,3,84,981,84981,50,1987,1HVLNHGM6HH4,1,H,V,L,N,H,G,M,6,H,H,4,0,T,INTL,753,BU,87,17,,6,2760,1520,SS,D,,,8,420,,,,,00000,00,,42,0,77,777777777,77777777777,2,21,22,1,0,0,0,0,1,0,0,30,0,0,0,12,6,2,12,0,0,0,1,45,29044,6,1,6,3,3,0,61,220,0,0,0,0,0,0,0,0,0,0,0,0,0,0,1,2,40,1,1,2,1,0,0,1,62,99,1,1,51,0,0
45,450122,2,2,2,13,2,16,38,12,2,1,0,45,1,42,42,42042,4,1999,WDBHA24G8XA6,W,D,B,H,A,2,4,G,8,X,A,6,0,P,MERZ,C23,4D,99,17,3250,,0,1059,,G,,Z,4,140,,,15R205,,,,,,0,0,000000000,00000000000,0,0,0,1,0,0,0,0,0,0,0,30,0,0,0,12,6,2,12,0,0,0,1,45,29209,6,1,0,0,3,3,70,149,0,0,0,0,0,0,0,0,0,0,51,0,0,0,1,2,40,1,1,2,1,0,0,1,54,99,1,2,50,1,0
45,450123,1,1,1,8,3,4,55,8,0,1,0,45,2,85,881,85881,66,1993,1XKADB9X9PJ5,1,X,K,A,D,B,9,X,9,P,J,5,1,T,KW,T60,TR,93,17,,8,2600,1600,CON,D,,,6,893,,,,,00000,00,,64,3,45,0932407,450932407,3,6,10,1,0,0,0,0,0,0,0,55,0,0,0,4,2,3,8,0,0,0,1,45,29133,6,1,6,0,3,0,74,297,0,4,0,1,2,12,2009,6,2011,0,85,0,0,0,2,2,60,1,2,2,1,0,0,1,80,99,1,6,13,0,0
45,450124,1,1,2,9,3,9,45,34,0,1,0,45,1,35,47,35047,4,2005,1N4AL11D05N4,1,N,4,A,L,1,1,D,0,5,N,4,0,P,NISS,ASL,4D,5,17,2915,,0,1102,,G,,F,4,153,,,16R215,,,,,,0,0,000000000,00000000000,0,0,0,1,0,0,0,0,0,0,0,95,0,1,5,12,6,2,1,0,0,0,1,45,29541,6,1,0,0,3,3,69,275,0,0,0,0,0,0,0,0,0,0,8,0,0,0,1,2,55,3,1,2,1,0,0,14,13,1,1,4,1,2,0
45,450125,1,1,1,10,3,19,50,8,0,1,0,45,2,49,47,49047,6,2004,2T1KR32E34C2,2,T,1,K,R,3,2,E,3,4,C,2,0,P,TOYT,CTR,4H,4,17,2701,,0,1024,,G,,F,4,109,,,16R205,,,,,,0,0,000000000,00000000000,0,0,0,1,0,0,0,0,0,0,0,999,0,0,0,12,6,2,8,0,0,0,1,45,29073,6,1,0,0,3,0,66,160,1,0,0,0,0,8,2011,8,2011,0,0,0,0,0,2,2,99,1,1,2,1,3,3,1,81,1,1,1,13,0,0
45,450126,1,1,1,10,3,4,0,35,0,1,0,45,1,49,32,49032,4,1996,2T1BB02E7TC1,2,T,1,B,B,0,2,E,7,T,C,1,0,P,TOYT,CRD,4D,96,17,2381,,0,970,,G,,F,4,108,,,14R185,,,,,,0,0,000000000,00000000000,0,0,0,1,0,0,0,0,0,0,0,65,0,0,0,12,6,2,42,0,0,0,1,45,29644,6,1,0,0,3,0,65,170,1,0,0,1,0,8,2010,8,2010,1,0,0,0,0,1,2,55,3,2,2,1,0,0,14,13,1,1,4,1,1,1
45,450127,1,1,1,11,3,23,23,33,0,1,0,45,1,35,47,35047,4,1999,1N4DL01D3XC1,1,N,4,D,L,0,1,D,3,X,C,1,0,P,NISS,AGS,4D,99,17,2762,,0,1031,,G,,F,4,146,,,15R195,,,,,,0,0,000000000,00000000000,0,0,0,1,0,0,0,0,0,0,0,35,0,0,0,12,6,2,38,0,0,0,1,45,29204,6,1,0,0,3,0,67,179,0,0,0,0,0,0,0,0,0,0,28,39,0,0,1,2,30,2,1,2,1,2,3,14,12,1,1,5,6,1,1
45,450128,1,1,1,11,3,21,25,42,0,1,0,45,1,7,41,7041,4,2001,2B3HD46R31H5,2,B,3,H,D,4,6,R,3,1,H,5,0,P,DODG,ISE,4D,1,17,3393,,0,1130,,G,,F,6,167,,,16R225,,,,,,0,0,000000000,00000000000,0,0,0,1,0,0,0,0,0,0,0,45,0,0,0,12,6,2,42,0,0,0,1,45,29689,0,0,0,0,0,0,999,999,99,99,99,99,99,99,9999,99,9999,0,0,0,0,0,1,2,45,1,1,2,1,20,3,1,13,1,1,4,1,1,0
45,450129,1,1,1,11,3,17,58,24,0,1,0,45,1,72,705,72705,80,1974,2C13578HA,2,C,1,3,5,7,8,H,A,,,,0,M,HD,FX1,RS,74,9,,,,,,,1207,,2,,4,543,,,,,,,0,0,000000000,00000000000,0,0,0,1,0,0,0,0,0,0,0,50,0,0,0,12,2,3,24,0,0,0,1,45,29301,6,1,0,0,3,0,71,225,0,1,0,0,1,12,2009,12,2009,1,0,0,0,0,6,1,25,2,1,2,1,0,0,14,6,6,4,4,7,1,1
45,450130,1,1,1,12,3,17,0,5,0,1,0,45,2,20,471,20471,30,1993,1GCCS14R7P01,1,G,C,C,S,1,4,R,7,P,0,1,0,T,CHEV,S14,PK,93,17,,1,1179,1083,S,G,,,6,173,,,,B,2633,02,,42,0,0,000000000,00000000000,0,0,0,1,0,0,0,0,0,0,0,5,0,0,0,0,0,3,5,0,0,0,1,45,29730,6,1,0,0,3,3,67,122,0,1,0,0,0,3,2012,3,2012,0,0,0,0,0,1,2,35,1,2,2,1,20,3,13,98,1,1,2,0,1,1
45,450131,1,1,1,12,3,21,5,8,0,1,0,45,1,49,40,49040,4,1999,4T1BG22K5XU5,4,T,1,B,G,2,2,K,5,X,U,5,0,P,TOYT,UEX,4D,99,17,2998,,0,1051,,G,,F,4,132,,,14R195,,,,,,0,0,000000000,00000000000,0,0,0,1,0,0,0,0,0,0,0,35,0,0,0,1,6,2,8,0,0,0,1,45,29680,6,1,0,0,3,3,69,165,0,0,0,0,1,3,2010,3,2010,0,0,0,0,0,1,2,35,1,1,2,2,0,0,1,81,1,1,1,13,0,0
45,450132,1,2,1,12,3,15,41,12,6,1,0,18,3,84,881,84881,66,2010,2HSCUAPR4AC1,2,H,S,C,U,A,P,R,4,A,C,1,1,T,INTL,PPR,TR,10,17,,8,0,0,PRO,D,,,6,915,,,,,00000,00,,64,1,18,0327574,180327574,3,6,1,1,0,0,0,0,0,0,0,999,0,0,0,3,6,2,12,0,0,0,1,45,29172,6,1,6,0,3,0,72,260,1,0,0,1,1,8,2009,11,2010,0,0,0,0,0,1,2,55,1,1,2,1,0,0,1,66,99,1,1,87,0,0
45,450132,2,2,1,12,3,15,41,12,6,1,0,45,1,41,45,41045,1,1999,JM1NB3533X01,J,M,1,N,B,3,5,3,3,X,0,1,0,P,MAZD,MIA,CV,99,17,2299,,0,892,,G,,F,4,112,,,14R185,,,,,,0,0,000000000,00000000000,0,0,0,1,0,0,0,0,0,0,0,999,0,0,0,12,6,2,12,0,0,0,1,45,29160,6,1,0,0,3,3,68,147,0,0,0,0,0,0,0,0,0,0,39,0,0,0,1,2,55,1,1,2,1,20,3,1,17,99,1,1,86,1,0
45,450133,1,2,2,12,3,20,15,12,1,1,0,45,3,35,43,35043,4,2011,3N1AB6AP4BL6,3,N,1,A,B,6,A,P,4,B,L,6,0,P,NISS,SBL,4D,11,17,2862,,0,1057,,G,,F,4,122,,,16R205,,,,,,0,0,000000000,00000000000,0,0,0,1,0,0,0,0,0,0,0,999,0,0,0,12,6,2,12,0,0,0,1,34,8343,6,1,0,0,3,0,67,999,0,0,0,0,0,0,0,0,0,1,0,0,0,0,3,3,70,1,1,2,1,0,0,1,51,99,1,1,24,1,0
45,450133,2,2,1,12,3,20,15,12,1,1,0,51,2,85,881,85881,66,1994,2XKWDB9X7RM6,2,X,K,W,D,B,9,X,7,R,M,6,1,T,KW,W90,TR,94,17,,8,0,1600,CON,D,,,6,893,,,,,00000,00,,64,1,48,00038111,4800038111,3,6,1,1,0,0,0,0,0,0,0,999,0,0,0,6,6,2,12,0,0,0,1,24,21851,6,1,6,0,3,0,69,235,0,0,0,0,0,0,0,0,0,0,0,0,0,0,3,3,70,1,1,2,1,0,0,1,53,99,1,1,25,0,0
45,450134,1,1,1,12,3,16,5,42,0,1,0,45,2,73,705,73705,80,2002,JKAZX2F142A0,J,K,A,Z,X,2,F,1,4,2,A,0,0,M,KAWK,Z9F,RC,2,17,,,,,,,900,,4,,4,404,,,,,,,0,0,000000000,00000000000,0,0,0,1,0,0,0,0,0,0,0,55,0,0,0,12,6,2,42,0,0,0,1,45,29180,1,1,5,0,2,0,72,230,0,0,0,0,0,0,0,0,0,1,0,0,0,0,1,2,55,1,1,2,1,0,0,1,13,1,1,4,1,1,0
45,450135,1,2,1,15,3,11,36,12,6,1,0,45,1,37,703,37703,80,2006,1HFSC55066A2,1,H,F,S,C,5,5,0,6,6,A,2,0,M,HOND,13V,RS,6,17,,,,,,,1312,,2,,4,641,,,,,,,0,0,000000000,00000000000,0,0,0,1,0,0,0,0,0,0,0,55,0,0,0,12,6,2,12,0,0,0,1,45,29360,6,1,6,0,3,0,66,175,0,1,0,0,1,8,2010,4,2011,0,0,0,0,0,1,2,55,2,2,2,1,0,0,6,61,99,1,1,98,1,0
45,450135,2,2,1,15,3,11,36,12,6,1,0,45,3,98,998,98998,92,1989,999999999999,9,9,9,9,9,9,9,9,9,9,9,9,0,,,,,,,,,,,,,,,,,,,,,,,,,0,0,000000000,00000000000,0,0,0,1,0,0,0,0,0,0,0,5,0,0,0,9,2,1,12,0,0,0,1,26,49014,3,1,0,0,2,0,66,173,0,0,0,1,0,6,2009,6,2009,0,48,0,0,0,1,2,55,2,2,2,1,0,0,12,98,99,1,2,98,0,0
45,450136,1,1,2,16,3,11,41,42,0,1,0,12,2,41,45,41045,1,2005,JM1NB3539504,J,M,1,N,B,3,5,3,9,5,0,4,0,P,MAZD,MIS,CV,5,17,2447,,0,892,,G,,F,4,112,,,16R205,,,,,,0,0,000000000,00000000000,0,0,0,1,0,0,0,0,0,0,0,70,0,0,0,3,6,2,2,0,0,1,1,39,44406,6,1,0,0,3,3,67,135,0,0,0,0,0,0,0,0,0,1,0,0,0,0,2,2,70,1,2,2,1,0,0,1,13,1,1,4,1,1,0
45,450137,1,2,1,16,3,15,22,12,6,1,0,51,1,34,706,34706,80,2006,WB10594016ZN,W,B,1,0,5,9,4,0,1,6,Z,N,0,M,BMW,K1R,EN,6,17,,,,,,,1157,,4,,4,465,,,,,,,0,0,000000000,00000000000,0,0,0,1,0,0,0,0,0,0,0,45,0,0,0,12,6,2,12,0,0,0,1,51,22553,6,1,0,0,2,0,67,200,0,0,0,0,0,0,0,0,0,0,0,0,0,0,1,2,45,1,1,2,1,0,0,1,17,99,1,1,69,1,0
45,450137,2,2,2,16,3,15,22,12,6,1,0,45,1,18,401,18401,14,2004,3G5DA03EX4S5,3,G,5,D,A,0,3,E,X,4,S,5,0,P,BUIC,RZV,UT,4,17,4024,,0,1122,,G,,F,6,207,,,16R215,,,,,,0,0,000000000,00000000000,0,0,0,1,0,0,0,0,0,0,0,3,0,0,0,3,6,2,12,0,0,0,1,45,29627,6,1,0,0,3,0,66,165,0,0,0,0,0,0,0,0,0,0,38,0,0,0,1,2,45,1,1,2,1,0,0,11,15,99,1,1,68,0,0
45,450138,1,2,1,16,3,21,8,12,6,1,0,45,1,72,706,72706,80,2005,1HD1FCW165Y6,1,H,D,1,F,C,W,1,6,5,Y,6,0,M,HD,FLU,RS,5,17,,,,,,,1450,,2,,4,788,,,,,,,0,0,000000000,00000000000,0,0,0,1,0,0,0,0,0,0,0,35,0,0,0,12,6,2,12,0,0,0,1,45,29678,6,1,0,0,3,0,71,205,0,0,0,0,0,0,0,0,0,0,0,0,0,0,2,2,35,1,2,2,1,3,3,1,66,99,1,1,69,1,0