STATE,ST_CASE,VEH_NO,VE_FORMS,NUMOCCS,DAY,MONTH,HOUR,MINUTE,HARM_EV,MAN_COLL,UNITTYPE,HIT_RUN,REG_STAT,OWNER,MAKE,MODEL,MAK_MOD,BODY_TYP,MOD_YEAR,VIN,VIN_1,VIN_2,VIN_3,VIN_4,VIN_5,VIN_6,VIN_7,VIN_8,VIN_9,VIN_10,VIN_11,VIN_12,TOW_VEH,VINTYPE,VINMAKE,VINA_MOD,VIN_BT,VINMODYR,VIN_LNGT,VIN_WGT,WGTCD_TR,WHLBS_LG,WHLBS_SH,SER_TR,FUELCODE,MCYCL_DS,CARBUR,CYLINDER,DISPLACE,MCYCL_CY,MCYCL_WT,TIRE_SZE,TON_RAT,TRK_WT,TRKWTVAR,VIN_REST,WHLDRWHL,J_KNIFE,MCARR_I1,MCARR_I2,MCARR_ID,GVWR,V_CONFIG,CARGO_BT,HAZ_INV,HAZ_PLAC,HAZ_ID,HAZ_CNO,HAZ_REL,BUS_USE,SPEC_USE,EMER_USE,TRAV_SP,UNDERIDE,ROLLOVER,ROLINLOC,IMPACT1,DEFORMED,TOWED,M_HARM,VEH_SC1,VEH_SC2,FIRE_EXP,DR_PRES,L_STATE,DR_ZIP,L_STATUS,L_TYPE,CDL_STAT,L_ENDORS,L_COMPL,L_RESTRI,DR_HGT,DR_WGT,PREV_ACC,PREV_SUS,PREV_DWI,PREV_SPD,PREV_OTH,FIRST_MO,FIRST_YR,LAST_MO,LAST_YR,SPEEDREL,DR_SF1,DR_SF2,DR_SF3,DR_SF4,VTRAFWAY,VNUM_LAN,VSPD_LIM,VALIGN,VPROFILE,VPAVETYP,VSURCOND,VTRAFCON,VTCONT_F,P_CRASH1,P_CRASH2,P_CRASH3,PCRASH4,PCRASH5,ACC_TYPE,DEATHS,DR_DRINK
45,450207,3,3,1,16,4,17,4,12,1,1,0,45,1,20,481,20481,31,2003,1GBJC34173E3,1,G,B,J,C,3,4,1,7,3,E,3,0,T,CHEV,SC3,CB,3,17,,3,1615,1370,SIL,D,,,8,403,,,,D,00000,00,,42,0,0,000000000,00000000000,0,0,0,1,0,0,0,0,0,0,0,60,0,0,0,12,6,2,12,0,0,0,1,45,29161,6,1,0,0,3,0,71,250,0,0,0,0,0,0,0,0,0,1,0,0,0,0,2,2,60,1,1,2,1,0,0,1,50,99,1,1,20,1,0
45,450208,1,2,1,17,4,10,43,12,7,1,0,45,3,86,881,86881,66,1995,1M1AA18Y2SW0,1,M,1,A,A,1,8,Y,2,S,W,0,1,T,MACK,CH6,TR,95,17,,8,0,0,600,D,,,6,728,,,,,00000,00,,64,1,45,2187784,452187784,3,6,10,1,0,0,0,0,0,0,0,45,0,0,0,5,2,1,8,0,0,0,1,45,29717,6,1,6,0,3,3,69,160,0,0,0,0,0,0,0,0,0,0,0,0,0,0,1,2,55,1,3,2,1,0,0,1,50,6,4,2,48,0,0
45,450208,2,2,0,17,4,10,43,12,7,1,0,45,6,12,471,12471,30,2002,1FTYR44U62PB,1,F,T,Y,R,4,4,U,6,2,P,B,0,T,FORD,RNS,4C,2,17,,1,0,1257,RNG,G,,,6,182,,,,B,3394,04,E,42,0,0,000000000,00000000000,0,0,0,1,0,0,0,0,0,0,0,0,0,0,0,7,6,2,12,0,0,0,0,0,99997,7,6,97,7,6,7,998,997,998,998,998,998,998,98,9998,98,9998,8,20,0,0,0,1,2,55,1,3,2,1,0,0,0,98,0,0,0,48,0,0
45,450209,1,1,1,18,4,15,20,18,0,1,0,45,1,12,481,12481,31,2006,1FTRF12W46NA,1,F,T,R,F,1,2,W,4,6,N,A,0,T,FORD,F15,PK,6,17,,2,1450,1260,COF,G,,,8,281,,,,B,4615,02,E,42,0,0,000000000,00000000000,0,0,0,1,0,0,0,0,0,0,0,30,0,0,0,12,6,2,8,0,0,0,1,45,29410,6,1,0,0,3,3,73,285,0,0,0,0,0,0,0,0,0,1,0,0,0,0,1,2,25,1,1,2,1,0,0,1,12,1,1,4,6,0,0
45,450210,1,1,1,10,3,19,10,33,0,1,0,45,1,98,709,98709,81,2009,999999999999,9,9,9,9,9,9,9,9,9,9,9,9,0,,,,,,,,,,,,,,,,,,,,,,,,,0,0,000000000,00000000000,0,0,0,1,0,0,0,0,0,0,0,35,0,0,0,3,2,3,33,0,0,0,1,45,29372,1,1,5,0,2,3,68,135,0,2,1,0,0,10,2009,9,2011,0,99,99,99,99,2,2,45,1,1,2,1,0,0,1,13,1,1,4,1,1,1
45,450211,1,1,1,19,4,19,0,1,0,1,0,45,2,12,471,12471,30,2004,1FTYR10U94PA,1,F,T,Y,R,1,0,U,9,4,P,A,0,T,FORD,RNG,PK,4,17,,1,1175,1116,RNG,G,,,6,182,,,,B,3085,00,U,42,0,0,000000000,00000000000,0,0,0,1,0,0,0,0,0,0,0,73,0,1,5,0,6,2,2,0,0,1,1,45,29070,6,1,0,0,3,0,68,275,0,0,0,1,0,12,2010,12,2010,1,0,0,0,0,1,2,55,1,2,2,1,0,0,1,13,1,1,4,1,1,1
45,450212,1,2,2,20,4,20,36,12,6,1,0,45,1,20,481,20481,31,2000,1GCEC14V9YZ2,1,G,C,E,C,1,4,V,9,Y,Z,2,0,T,CHEV,SC1,PK,0,17,,2,1330,1190,SIL,G,,,8,293,,,,B,3923,02,,42,0,0,000000000,00000000000,0,0,0,1,0,0,0,0,0,0,0,60,0,0,0,3,6,2,12,0,0,0,1,45,29673,1,1,5,0,2,0,70,170,0,4,2,1,0,11,2009,9,2011,1,0,0,0,0,1,2,45,3,1,2,1,0,0,14,8,7,3,6,65,2,1
45,450212,2,2,1,20,4,20,36,12,6,1,0,45,2,20,481,20481,31,2005,2GCEK13TX512,2,G,C,E,K,1,3,T,X,5,1,2,0,T,CHEV,SK1,CW,5,17,,2,0,1435,SIL,G,,,8,323,,,,B,5299,00,,44,0,0,000000000,00000000000,0,0,0,1,0,0,0,0,0,0,0,35,0,0,0,12,6,2,12,0,0,0,1,45,29642,6,1,0,0,3,3,72,228,0,0,0,1,0,5,2010,5,2010,0,0,0,0,0,1,2,45,2,1,2,1,0,0,14,62,99,1,1,64,0,1
45,450213,1,2,1,21,4,21,28,53,0,1,0,45,2,12,16,12016,4,1999,2FAFP74W3XX1,2,F,A,F,P,7,4,W,3,X,X,1,0,P,FORD,CVL,4D,99,17,3917,,0,1147,,G,,F,8,281,,,16R225,,,,,,0,0,000000000,00000000000,0,0,0,1,0,0,0,0,0,0,0,55,0,0,0,12,6,2,12,0,0,0,1,45,29464,1,1,5,0,2,0,71,160,0,4,0,2,0,7,2011,3,2012,1,58,0,0,0,1,2,55,2,2,2,1,0,0,14,60,99,1,1,98,0,1
45,450213,2,2,2,21,4,21,28,53,0,1,0,45,1,20,2,20002,4,1991,1G1BN53E4MW1,1,G,1,B,N,5,3,E,4,M,W,1,0,P,CHEV,CLL,4D,91,17,3685,,0,1159,,G,,F,8,305,,,15R205,,,,,,0,0,000000000,00000000000,0,0,0,1,0,0,0,0,0,0,0,70,0,1,5,3,6,2,42,0,0,0,1,45,29646,6,1,0,0,3,0,72,240,0,3,0,0,1,6,2010,9,2011,0,0,0,0,0,1,2,55,2,2,2,1,0,0,6,12,99,9,4,7,2,1
45,450214,1,1,1,21,4,3,40,34,0,1,0,45,1,20,482,20482,31,2006,3GNEC12ZX6G1,3,G,N,E,C,1,2,Z,X,6,G,1,0,T,CHEV,CAV,CW,6,17,,2,0,1300,AVL,F,,,8,323,,,,B,5413,00,,42,0,0,000000000,00000000000,0,0,0,1,0,0,0,0,0,0,0,75,0,1,5,12,6,2,42,0,0,0,1,45,29437,6,1,0,0,3,3,73,155,0,1,0,0,1,1,2010,4,2011,1,0,0,0,0,1,2,40,2,1,2,1,0,0,14,12,1,1,4,6,1,1
45,450215,1,1,3,21,4,19,45,1,0,1,0,45,2,52,46,52046,4,2009,JA3AU86W79U0,J,A,3,A,U,8,6,W,7,9,U,0,0,P,MITS,LGT,4D,9,17,3043,,0,1037,,G,,F,4,145,,,18R215,,,,,,0,0,000000000,00000000000,0,0,0,1,0,0,0,0,0,0,0,70,0,1,5,0,6,2,42,0,0,0,1,45,29907,6,1,0,0,3,0,67,140,0,0,0,0,0,0,0,0,0,1,0,0,0,0,1,2,50,1,1,2,1,0,0,1,6,6,4,4,7,2,0
45,450216,1,2,1,21,4,10,45,12,2,1,0,45,2,19,3,19003,4,1996,1G6KD52Y0TU2,1,G,6,K,D,5,2,Y,0,T,U,2,0,P,CADI,DFW,4D,96,17,3758,,0,1138,,G,,F,8,279,,,15R225,,,,,,0,0,000000000,00000000000,0,0,0,1,0,0,0,0,0,0,0,45,0,0,0,12,6,2,12,0,0,0,1,45,29560,6,1,0,0,3,3,70,174,0,0,0,0,0,0,0,0,0,0,28,0,0,0,1,2,45,2,2,2,1,0,0,14,10,99,1,4,50,1,0
45,450216,2,2,1,21,4,10,45,12,2,1,0,45,1,7,472,7472,30,1999,1B7GG22Y8XS1,1,B,7,G,G,2,2,Y,8,X,S,1,0,T,DODG,DAK,PC,99,17,,1,0,1309,DAK,G,,,8,318,,,,,3949,00,U,44,0,0,000000000,00000000000,0,0,0,1,0,0,0,0,0,0,0,45,0,0,0,12,6,2,12,0,0,0,1,45,29560,6,1,0,0,3,3,66,147,0,0,0,0,1,12,2010,12,2010,0,0,0,0,0,1,2,45,3,2,2,1,0,0,14,62,7,1,4,51,0,0
45,450217,1,2,1,22,4,7,30,12,2,1,0,45,1,12,481,12481,31,2003,1FTRX17L63NA,1,F,T,R,X,1,7,L,6,3,N,A,0,T,FORD,F15,4C,3,17,,2,1571,1385,COF,G,,,8,330,,,,B,4060,00,U,42,0,0,000000000,00000000000,0,0,0,1,0,0,0,0,0,0,0,45,0,0,0,12,6,2,12,0,0,0,1,45,29456,6,1,0,0,3,0,73,190,1,0,0,1,0,10,2011,10,2011,0,0,0,0,0,1,2,55,2,1,2,2,0,0,14,62,99,1,1,51,0,0
45,450217,2,2,1,22,4,7,30,12,2,1,0,45,1,20,9,20009,2,1990,1G1FP23E2LL1,1,G,1,F,P,2,3,E,2,L,L,1,0,P,CHEV,CAR,CP,90,17,3077,,0,1010,,G,,F,8,305,,,15R215,,,,,,0,0,000000000,00000000000,0,0,0,1,0,0,0,0,0,0,0,55,0,0,0,12,6,2,12,0,0,0,1,45,29483,6,1,0,0,3,3,67,180,0,1,1,0,1,5,2010,5,2010,0,0,0,0,0,1,2,55,3,1,2,2,0,0,14,10,99,1,2,50,1,1
45,450218,1,1,2,22,4,4,27,1,0,1,0,45,1,23,401,23401,14,2005,1GKDT13SX521,1,G,K,D,T,1,3,S,X,5,2,1,0,T,GMC,ENV,4W,5,17,,1,0,1130,ENV,G,,,6,256,,,,B,4594,00,E,44,0,0,000000000,00000000000,0,0,0,1,0,0,0,0,0,0,0,68,0,1,5,0,6,2,1,0,0,0,1,45,29812,1,1,5,0,2,0,67,160,0,2,0,3,0,12,2010,12,2011,0,0,0,0,0,1,2,55,1,1,2,2,0,0,1,13,1,1,4,1,1,1
45,450219,1,1,1,22,4,0,40,59,0,1,0,37,1,19,421,19421,15,2003,1GYEK63N03R1,1,G,Y,E,K,6,3,N,0,3,R,1,0,P,CADI,ESC,UT,3,17,5560,,0,1160,,G,,F,8,364,,,17R265,,,,,,0,0,000000000,00000000000,0,0,0,1,0,0,0,0,0,0,0,65,0,0,0,12,6,2,42,0,0,0,1,37,29730,6,1,6,3,3,0,66,999,0,0,0,1,0,3,2012,3,2012,1,0,0,0,0,1,2,55,3,2,2,2,0,0,14,13,1,1,4,1,1,1
45,450220,1,1,1,23,4,6,8,8,0,1,0,45,1,37,32,37032,4,1998,1HGCG5658WA1,1,H,G,C,G,5,6,5,8,W,A,1,0,P,HOND,UEX,4D,98,17,2985,,0,1069,,G,,F,4,138,,,15R195,,,,,,0,0,000000000,00000000000,0,0,0,1,0,0,0,0,0,0,0,45,0,0,0,12,6,2,8,0,0,0,1,45,29440,6,1,0,0,3,0,61,210,0,0,0,1,0,4,2009,4,2009,0,0,0,0,0,1,2,45,1,1,2,1,0,0,1,80,1,1,1,13,0,0
45,450221,1,1,4,23,4,18,45,1,0,1,0,45,1,49,471,49471,30,1994,4TARN01P1RZ2,4,T,A,R,N,0,1,P,1,R,Z,2,0,T,TOYT,SDX,PK,94,17,,1,0,1030,HTP,G,,,4,144,,,,B,3345,00,A,44,0,0,000000000,00000000000,0,0,0,1,0,0,0,0,0,0,0,40,0,2,1,0,6,2,1,0,0,0,1,45,29630,6,2,0,0,3,0,68,130,0,0,0,0,0,0,0,0,0,1,0,0,0,0,1,2,20,2,1,2,1,0,0,14,6,99,9,1,98,1,0
45,450222,1,1,1,25,4,19,45,1,0,1,0,45,2,73,705,73705,80,1996,JKBVNAD13TA0,J,K,B,V,N,A,D,1,3,T,A,0,0,M,KAWK,V5D,RS,96,17,,,,,,,1500,,2,,4,600,,,,,,,0,0,000000000,00000000000,0,0,0,1,0,0,0,0,0,0,0,20,0,0,0,0,6,2,1,0,0,0,1,45,29745,6,1,0,0,3,0,67,170,2,1,0,1,2,9,2009,2,2012,0,0,0,0,0,1,2,55,1,2,2,1,0,0,1,8,99,9,1,98,1,1
45,450223,1,1,1,25,4,17,30,9,0,1,0,45,1,18,7,18007,4,1998,2G4WY52M3W14,2,G,4,W,Y,5,2,M,3,W,1,4,0,P,BUIC,CLM,4D,98,17,3274,,0,1090,,G,,F,6,191,,,15R205,,,,,,0,0,000000000,00000000000,0,0,0,1,0,0,0,0,0,0,0,5,0,0,0,6,2,3,9,0,0,0,1,45,29625,6,1,0,0,3,0,72,200,0,0,0,0,0,0,0,0,0,0,0,0,0,0,1,2,35,1,1,2,1,2,3,10,16,1,1,1,13,0,0
45,450224,1,2,1,23,3,18,20,12,6,1,0,45,1,37,705,37705,80,1986,JH2RC1906GM2,J,H,2,R,C,1,9,0,6,G,M,2,0,M,HOND,V70,RS,86,17,,,,,,,700,,2,,4,496,,,,,,,0,0,000000000,00000000000,0,0,0,1,0,0,0,0,0,0,0,999,0,0,0,11,6,2,12,0,0,0,1,45,29229,6,1,0,0,3,0,73,220,0,0,0,0,0,0,0,0,0,0,0,0,0,0,1,2,40,1,2,2,1,0,0,1,66,99,1,1,89,1,0
45,450224,2,2,1,23,3,18,20,12,6,1,0,45,2,7,482,7482,31,2007,1D7HA18P47S1,1,D,7,H,A,1,8,P,4,7,S,1,0,T,DODG,SQ1,CW,7,17,,2,1605,1405,RPC,F,,,8,287,,,,B,4873,02,E,42,0,0,000000000,00000000000,0,0,0,1,0,0,0,0,0,0,0,25,0,0,0,1,6,2,12,0,0,0,1,45,29229,6,1,0,0,3,0,71,200,0,0,0,1,0,6,2011,6,2011,0,8,38,0,0,1,2,25,1,2,2,1,20,3,1,17,99,1,1,88,0,0
45,450225,1,3,1,31,3,12,55,12,1,1,0,45,3,82,881,82881,66,2012,1FUJGHDV4CLB,1,F,U,J,G,H,D,V,4,C,L,B,1,T,FRHT,113,TR,12,17,,8,0,0,CSC,D,,,6,781,,,,,00000,00,,64,1,45,0184192,450184192,3,6,1,1,0,0,0,0,0,0,0,50,0,0,0,12,6,2,12,0,0,0,1,12,33594,6,1,6,3,3,0,66,999,0,0,0,2,1,10,2009,3,2012,1,0,0,0,0,2,2,55,1,1,2,1,0,0,1,52,99,1,1,28,0,0
45,450225,2,3,3,31,3,12,55,12,1,1,0,45,1,62,401,62401,14,2003,SALTY16403A7,S,A,L,T,Y,1,6,4,0,3,A,7,0,T,LNDR,DSE,4W,3,17,,2,0,1000,DIS,G,,,8,278,,,,,4928,00,E,44,0,0,000000000,00000000000,0,0,0,1,0,0,0,0,0,0,0,40,0,0,0,6,6,2,12,0,0,0,1,45,29579,6,1,0,0,3,0,70,220,0,1,0,0,0,6,2011,6,2011,0,0,0,0,0,2,2,55,1,1,2,1,0,0,2,18,99,1,1,29,1,0
45,450225,3,3,1,31,3,12,55,12,1,1,0,45,1,7,442,7442,20,2005,1D4GP24R05B2,1,D,4,G,P,2,4,R,0,5,B,2,0,T,DODG,GCS,ES,5,17,,1,0,1193,CAR,G,,,6,201,,,,,3867,00,E,42,0,0,000000000,00000000000,0,0,0,1,0,0,0,0,0,0,0,40,0,0,0,6,6,2,12,0,0,0,1,45,29527,6,1,0,0,3,0,68,250,0,2,0,3,1,12,2009,11,2011,0,0,0,0,0,2,2,55,1,1,2,1,0,0,2,18,99,1,1,98,0,0
45,450226,1,2,1,26,4,15,40,12,6,1,0,45,1,18,2,18002,4,1994,1G4HP52L4RH4,1,G,4,H,P,5,2,L,4,R,H,4,0,P,BUIC,LCF,4D,94,17,3449,,0,1108,,G,,F,6,231,,,15R205,,,,,,0,0,000000000,00000000000,0,0,0,1,0,0,0,0,0,0,0,59,0,0,0,12,6,2,12,0,0,0,1,45,29142,6,1,0,0,3,3,63,150,0,0,0,0,0,0,0,0,0,0,38,0,0,0,2,2,55,1,1,2,1,20,3,1,17,99,1,1,88,0,0
45,450226,2,2,2,26,4,15,40,12,6,1,0,45,2,12,23,12023,4,2006,3FAFP07116R1,3,F,A,F,P,0,7,1,1,6,R,1,0,P,FORD,F/E,4D,6,17,3101,,0,1074,,G,,F,6,183,,,16R205,,,,,,0,0,000000000,00000000000,0,0,0,1,0,0,0,0,0,0,0,25,0,0,0,10,6,2,34,0,0,0,1,45,29812,6,1,0,0,3,0,63,160,0,0,0,0,0,0,0,0,0,0,0,0,0,0,2,2,55,1,1,2,1,0,0,1,66,99,1,1,89,1,0
45,450227,1,2,1,26,4,18,42,12,1,1,0,45,1,98,998,98998,92,1999,999999999999,9,9,9,9,9,9,9,9,9,9,9,9,0,,,,,,,,,,,,,,,,,,,,,,,,,0,0,000000000,00000000000,0,0,0,1,0,0,0,0,0,0,0,5,0,0,0,6,6,2,12,0,0,0,1,45,29655,6,1,0,0,3,3,69,185,0,0,0,0,0,0,0,0,0,0,0,0,0,0,1,2,55,1,1,2,1,0,0,11,15,99,1,1,25,0,0
45,450227,2,2,1,26,4,18,42,12,1,1,0,45,1,72,706,72706,80,2002,1HD1FBW192Y6,1,H,D,1,F,B,W,1,9,2,Y,6,0,M,HD,LRI,RS,2,17,,,,,,,1450,,2,,4,723,,,,,,,0,0,000000000,00000000000,0,0,0,1,0,0,0,0,0,0,0,50,0,0,0,12,6,2,12,0,0,0,1,45,29655,6,1,0,0,3,0,72,210,0,0,0,0,0,0,0,0,0,1,0,0,0,0,1,2,55,1,1,2,1,0,0,1,52,99,1,1,24,1,0
45,450228,1,1,1,27,4,22,30,8,0,1,0,45,1,37,32,37032,4,2003,JHMCM56793C0,J,H,M,C,M,5,6,7,9,3,C,0,0,P,HOND,UEX,4D,3,17,3109,,0,1079,,G,,F,4,146,,,16R205,,,,,,0,0,000000000,00000000000,0,0,0,1,0,0,0,0,0,0,0,40,0,0,0,12,2,1,8,0,0,0,1,45,29488,6,1,0,0,3,0,71,200,0,4,0,1,1,6,2009,3,2012,0,0,0,0,0,1,2,45,1,1,2,1,0,0,1,81,1,1,1,13,0,0
45,450229,1,1,1,27,4,9,50,35,0,1,0,45,1,35,472,35472,30,2003,1N6DD26TX3C4,1,N,6,D,D,2,6,T,X,3,C,4,0,T,NISS,FKX,PC,3,17,,1,0,1161,FRT,G,,,4,146,,,,B,3143,00,E,42,0,0,000000000,00000000000,0,0,0,1,0,0,0,0,0,0,0,50,0,0,0,12,6,2,30,0,0,0,1,45,29475,6,1,0,0,3,0,73,280,0,3,0,0,0,11,2009,5,2010,0,0,0,0,0,1,2,55,1,1,2,1,0,0,1,13,1,1,4,1,1,0
45,450230,1,1,1,27,4,0,10,14,0,1,0,37,2,82,881,82881,66,2000,1FUYSSEB5YLG,1,F,U,Y,S,S,E,B,5,Y,L,G,1,T,FRHT,FC2,TR,0,17,,8,0,0,CON,D,,,6,774,,,,,00000,00,,64,1,37,22697063,3722697063,3,6,1,1,0,0,0,0,0,0,0,65,0,0,0,3,2,1,14,0,0,0,1,37,28681,6,1,6,0,3,0,73,999,0,0,0,0,1,2,2011,2,2011,0,27,0,0,0,2,2,70,1,1,2,1,0,0,15,11,99,1,4,1,0,0
45,450231,1,1,1,27,4,22,50,42,0,1,0,45,2,76,705,76705,80,1993,JYA4DUE06PA0,J,Y,A,4,D,U,E,0,6,P,A,0,0,M,YAMA,J60,RS,93,17,,,,,,,599,,4,,4,400,,,,,,,0,0,000000000,00000000000,0,0,0,1,0,0,0,0,0,0,0,80,0,0,0,12,6,2,42,0,0,0,1,45,29349,6,1,0,0,3,0,70,171,0,0,0,0,0,0,0,0,0,1,99,99,99,99,1,2,30,2,1,2,1,0,0,14,12,1,1,4,6,1,0
45,450232,1,1,1,27,4,10,0,42,0,1,0,45,1,12,481,12481,31,1991,2FTJW35MXMCA,2,F,T,J,W,3,5,M,X,M,C,A,0,T,FORD,F35,CW,91,17,,2,0,1680,COF,D,,,8,444,,,,D,4815,02,A,42,0,0,000000000,00000000000,0,0,0,1,0,0,0,0,0,0,0,55,0,0,0,12,6,2,42,0,0,0,1,37,28467,6,1,0,0,3,0,71,999,0,0,0,0,1,3,2011,3,2011,1,80,0,0,0,1,2,55,1,1,2,1,0,0,1,1,6,4,4,7,1,0
45,450233,1,1,2,29,4,18,29,24,0,1,0,45,1,37,31,37031,2,2003,SHHEP33553U4,S,H,H,E,P,3,3,5,5,3,U,4,0,P,HOND,CVS,2H,3,17,2744,,0,1012,,G,,F,4,122,,,15R195,,,,,,0,0,000000000,00000000000,0,0,0,1,0,0,0,0,0,0,0,85,0,0,0,12,6,2,24,0,0,0,1,45,29388,6,1,0,0,3,0,69,140,0,0,0,0,0,0,0,0,0,0,0,0,0,0,3,2,70,1,3,2,1,0,0,1,12,1,1,4,6,1,1
45,450234,1,1,1,29,4,3,0,42,0,1,0,45,1,35,43,35043,4,2010,3N1AB6AP5AL6,3,N,1,A,B,6,A,P,5,A,L,6,0,P,NISS,SBL,4D,10,17,2862,,0,1057,,G,,F,4,122,,,15R205,,,,,,0,0,000000000,00000000000,0,0,0,1,0,0,0,0,0,0,0,65,0,0,0,3,6,2,42,0,0,0,1,45,29033,6,1,0,0,3,0,62,198,1,0,0,2,0,8,2009,1,2011,1,0,0,0,0,1,2,40,1,1,2,1,0,0,1,12,1,1,4,6,1,0
45,450235,1,2,1,29,4,22,47,12,6,1,0,45,1,7,482,7482,31,2000,1B7MC3365YJ1,1,B,7,M,C,3,3,6,5,Y,J,1,0,T,DODG,Q35,4C,0,17,,3,0,1547,RPC,D,,,6,359,,,,D,5542,00,U,42,0,0,000000000,00000000000,0,0,0,1,0,0,0,0,0,0,0,31,0,0,0,2,6,2,12,0,0,0,1,45,29607,6,1,6,3,3,0,72,195,0,0,0,0,0,0,0,0,0,0,0,0,0,0,1,2,40,1,1,2,1,3,3,1,66,99,1,1,87,0,0
45,450235,2,2,1,29,4,22,47,12,6,1,0,45,1,20,481,20481,31,1991,2GCEC19K1M12,2,G,C,E,C,1,9,K,1,M,1,2,0,T,CHEV,GC1,PC,91,17,,2,1555,1415,GM4,G,,,8,350,,,,B,00000,00,,42,0,0,000000000,00000000000,0,0,0,1,0,0,0,0,0,0,0,54,0,0,0,12,6,2,12,0,0,0,1,45,29645,6,1,0,0,3,0,75,310,0,0,0,2,0,3,2010,11,2010,0,39,0,0,0,1,2,35,1,1,2,1,3,3,1,17,99,1,1,86,1,1
45,450236,1,4,1,29,4,16,59,12,1,1,0,45,1,18,2,18002,4,2005,1G4HP52K95U2,1,G,4,H,P,5,2,K,9,5,U,2,0,P,BUIC,LCF,4D,5,17,3567,,0,1122,,G,,F,6,232,,,15R215,,,,,,0,0,000000000,00000000000,0,0,0,1,0,0,0,0,0,0,0,999,0,0,0,12,6,2,12,0,0,0,1,45,29369,6,1,0,0,3,3,72,200,1,0,0,0,1,6,2010,10,2010,0,0,0,0,0,1,2,45,1,1,2,1,3,3,1,50,99,1,1,20,0,1
45,450236,2,4,2,29,4,16,59,12,1,1,0,45,1,20,16,20016,4,2002,1G1JC5240271,1,G,1,J,C,5,2,4,0,2,7,1,0,P,CHEV,CAC,4D,2,17,2676,,0,1041,,C,,F,4,133,,,14R195,,,,,,0,0,000000000,00000000000,0,0,0,1,0,0,0,0,0,0,0,0,0,0,0,6,6,2,12,0,0,0,1,45,29385,6,1,0,0,3,0,67,175,1,0,0,0,0,5,2010,5,2010,0,0,0,0,0,1,2,45,1,1,2,1,3,3,5,78,99,1,1,21,2,0
45,450236,3,4,1,29,4,16,59,12,1,1,0,45,3,58,401,58401,14,2003,JNRBS08W53X0,J,N,R,B,S,0,8,W,5,3,X,0,0,P,INFI,IFX,UT,3,17,2170,,0,1122,,G,,F,8,274,,,20R265,,,,,,0,0,000000000,00000000000,0,0,0,1,0,0,0,0,0,0,0,0,0,0,0,6,6,2,12,0,0,0,1,45,29334,6,1,0,0,3,0,74,225,0,0,0,1,0,8,2011,8,2011,0,0,0,0,0,1,2,45,1,1,2,1,3,3,5,78,99,1,1,98,0,0
45,450236,4,4,2,29,4,16,59,12,1,1,0,45,1,49,40,49040,4,1998,4T1BG22K7WU8,4,T,1,B,G,2,2,K,7,W,U,8,0,P,TOYT,CXL,4D,98,17,2998,,0,1051,,G,,F,4,132,,,14R195,,,,,,0,0,000000000,00000000000,0,0,0,1,0,0,0,0,0,0,0,0,0,0,0,99,2,3,12,0,0,0,1,45,29690,6,1,0,0,3,0,74,230,0,0,0,0,0,0,0,0,0,0,0,0,0,0,1,2,45,1,1,2,1,3,3,5,61,99,1,1,98,0,1
45,450237,1,1,1,29,4,23,42,35,0,1,0,45,1,7,461,7461,21,1997,2B6HB21Y1VK5,2,B,6,H,B,2,1,Y,1,V,K,5,0,T,DODG,25B,CG,97,17,,2,1272,1096,RMV,G,,,8,318,,,,C,3692,03,M,42,0,0,000000000,00000000000,0,0,0,1,0,0,0,0,0,0,0,35,0,0,0,12,6,2,30,0,0,0,1,45,29307,6,1,6,3,3,3,73,218,3,1,0,0,0,11,2009,3,2012,0,0,0,0,0,1,2,40,1,1,2,1,0,0,1,13,1,1,4,1,1,1
45,450238,1,2,3,30,4,21,45,12,6,1,0,45,1,49,32,49032,4,2006,2T1BR32E26C7,2,T,1,B,R,3,2,E,2,6,C,7,0,P,TOYT,UCS,4D,6,17,2530,,0,1024,,G,,F,4,109,,,15R185,,,,,,0,0,000000000,00000000000,0,0,0,1,0,0,0,0,0,0,0,55,0,0,0,12,6,2,12,0,0,0,1,45,29349,6,2,0,0,3,3,62,120,0,0,0,0,0,0,0,0,0,0,0,0,0,0,1,2,45,1,2,2,1,0,0,1,66,99,1,1,88,0,0
45,450238,2,2,1,30,4,21,45,12,6,1,0,45,1,37,31,37031,4,1999,2HGEJ661XXH5,2,H,G,E,J,6,6,1,X,X,H,5,0,P,HOND,UCE,4D,99,17,2388,,0,1032,,G,,F,4,097,,,14R185,,,,,,0,0,000000000,00000000000,0,0,0,1,0,0,0,0,0,0,0,55,0,0,0,9,6,2,12,0,0,0,1,45,29365,6,1,0,0,3,0,69,153,0,0,0,0,0,0,0,0,0,0,39,0,0,0,1,2,45,1,2,2,1,20,3,1,17,99,1,1,89,1,1
45,450239,1,1,5,29,4,19,25,52,0,1,0,45,1,7,442,7442,20,2003,1D4GP253X3B2,1,D,4,G,P,2,5,3,X,3,B,2,0,P,DODG,CAR,SV,3,17,3758,,0,1133,,F,,F,6,201,,,16R215,,,,,,0,0,000000000,00000000000,0,0,0,1,0,0,0,0,0,0,0,999,0,0,0,12,6,2,52,0,0,0,1,45,29556,6,1,0,0,3,0,65,147,2,2,0,0,0,12,2009,3,2012,0,0,0,0,0,1,2,99,3,1,2,1,0,0,14,13,1,1,4,1,1,0