STATE,ST_CASE,VEH_NO,VE_FORMS,NUMOCCS,DAY,MONTH,HOUR,MINUTE,HARM_EV,MAN_COLL,UNITTYPE,HIT_RUN,REG_STAT,OWNER,MAKE,MODEL,MAK_MOD,BODY_TYP,MOD_YEAR,VIN,VIN_1,VIN_2,VIN_3,VIN_4,VIN_5,VIN_6,VIN_7,VIN_8,VIN_9,VIN_10,VIN_11,VIN_12,TOW_VEH,VINTYPE,VINMAKE,VINA_MOD,VIN_BT,VINMODYR,VIN_LNGT,VIN_WGT,WGTCD_TR,WHLBS_LG,WHLBS_SH,SER_TR,FUELCODE,MCYCL_DS,CARBUR,CYLINDER,DISPLACE,MCYCL_CY,MCYCL_WT,TIRE_SZE,TON_RAT,TRK_WT,TRKWTVAR,VIN_REST,WHLDRWHL,J_KNIFE,MCARR_I1,MCARR_I2,MCARR_ID,GVWR,V_CONFIG,CARGO_BT,HAZ_INV,HAZ_PLAC,HAZ_ID,HAZ_CNO,HAZ_REL,BUS_USE,SPEC_USE,EMER_USE,TRAV_SP,UNDERIDE,ROLLOVER,ROLINLOC,IMPACT1,DEFORMED,TOWED,M_HARM,VEH_SC1,VEH_SC2,FIRE_EXP,DR_PRES,L_STATE,DR_ZIP,L_STATUS,L_TYPE,CDL_STAT,L_ENDORS,L_COMPL,L_RESTRI,DR_HGT,DR_WGT,PREV_ACC,PREV_SUS,PREV_DWI,PREV_SPD,PREV_OTH,FIRST_MO,FIRST_YR,LAST_MO,LAST_YR,SPEEDREL,DR_SF1,DR_SF2,DR_SF3,DR_SF4,VTRAFWAY,VNUM_LAN,VSPD_LIM,VALIGN,VPROFILE,VPAVETYP,VSURCOND,VTRAFCON,VTCONT_F,P_CRASH1,P_CRASH2,P_CRASH3,PCRASH4,PCRASH5,ACC_TYPE,DEATHS,DR_DRINK
45,450240,1,2,1,9,4,7,30,12,6,1,0,93,3,82,881,82881,66,1999,1FUYSZYB7XLA,1,F,U,Y,S,Z,Y,B,7,X,L,A,1,T,FRHT,FC2,TR,99,17,,8,0,0,CON,D,,,6,774,,,,,00000,00,,64,1,77,777777777,77777777777,3,6,98,1,0,0,0,0,0,0,0,20,0,0,0,3,2,3,12,0,0,0,1,13,30467,6,1,6,0,3,0,70,165,98,0,0,0,0,0,0,0,0,0,38,48,0,0,2,2,40,1,1,2,1,0,0,10,16,99,1,1,70,0,0
45,450240,2,2,1,9,4,7,30,12,6,1,0,45,1,72,706,72706,80,2007,1HD1FB4157Y6,1,H,D,1,F,B,4,1,5,7,Y,6,0,M,HD,FHR,RS,7,17,,,,,,,1584,,2,,4,737,,,,,,,0,0,000000000,00000000000,0,0,0,1,0,0,0,0,0,0,0,35,0,0,0,12,6,2,12,0,0,0,1,45,29445,6,1,0,0,3,0,69,195,0,0,0,0,1,5,2010,5,2010,0,0,0,0,0,2,2,40,1,1,2,1,0,0,1,17,99,1,1,71,1,0
45,450241,1,2,1,1,5,22,11,12,1,1,0,45,1,12,37,12037,4,2005,1FAFP34N15W2,1,F,A,F,P,3,4,N,1,5,W,2,0,P,FORD,ZX4,4D,5,17,2677,,0,1030,,G,,F,4,122,,,15R195,,,,,,0,0,000000000,00000000000,0,0,0,1,0,0,0,0,0,0,0,67,0,0,0,12,6,2,12,0,0,0,1,45,29483,6,1,0,0,3,0,66,200,0,0,0,2,2,8,2009,6,2011,1,0,0,0,0,1,2,55,1,1,2,1,0,0,1,51,99,1,1,24,0,0
45,450241,2,2,1,1,5,22,11,12,1,1,0,45,1,98,709,98709,81,2011,999999999999,9,9,9,9,9,9,9,9,9,9,9,9,0,,,,,,,,,,,,,,,,,,,,,,,,,0,0,000000000,00000000000,0,0,0,1,0,0,0,0,0,0,0,35,0,0,0,6,6,2,12,0,0,0,1,45,29461,1,1,5,0,2,0,76,219,0,1,0,0,1,5,2011,8,2011,0,0,0,0,0,1,2,55,1,1,2,1,0,0,1,53,99,1,1,25,1,1
45,450242,1,1,1,2,5,9,51,8,0,1,0,37,1,82,881,82881,66,2004,1FUJA6AV14LM,1,F,U,J,A,6,A,V,1,4,L,M,1,T,FRHT,COL,TR,4,17,,8,0,0,CON,D,,,6,893,,,,,00000,00,,64,1,37,0688143,370688143,3,6,1,1,0,0,0,0,0,0,0,60,0,0,0,3,2,1,14,0,0,0,1,37,28601,6,1,6,3,3,0,74,999,0,0,0,0,0,0,0,0,0,0,27,0,0,0,3,3,60,1,1,2,1,0,0,1,85,99,1,4,13,0,0
45,450243,1,1,1,4,5,18,30,9,0,1,0,45,1,37,32,37032,4,2008,1HGCP36898A0,1,H,G,C,P,3,6,8,9,8,A,0,0,P,HOND,AXL,4D,8,17,3583,,0,1102,,G,,F,6,214,,,17R225,,,,,,0,0,000000000,00000000000,0,0,0,1,0,0,0,0,0,0,0,46,0,0,0,12,2,3,9,0,0,0,1,45,29332,6,1,0,0,3,0,62,114,0,0,0,1,0,10,2010,10,2010,1,0,0,0,0,1,2,45,1,1,2,1,0,0,1,81,1,1,1,13,0,0
45,450244,1,1,1,4,5,23,30,35,0,1,0,45,1,73,705,73705,80,2004,JKBVNKA124A0,J,K,B,V,N,K,A,1,2,4,A,0,0,M,KAWK,V6A,RS,4,17,,,,,,,1552,,2,,4,675,,,,,,,0,0,000000000,00000000000,0,0,0,1,0,0,0,0,0,0,0,80,0,0,0,12,6,2,35,0,0,0,1,45,29078,6,1,6,3,3,0,76,230,0,0,0,0,0,0,0,0,0,1,0,0,0,0,1,2,55,3,1,2,1,0,0,14,13,1,1,4,1,1,0
45,450245,1,1,2,5,5,4,0,8,0,1,0,45,2,62,421,62421,15,2008,SALME15418A2,S,A,L,M,E,1,5,4,1,8,A,2,0,T,LNDR,RHS,4W,8,17,,2,0,1134,RRV,G,,,8,268,,,,,5698,00,7,44,0,0,000000000,00000000000,0,0,0,1,0,0,0,0,0,0,0,35,0,0,0,12,8,2,8,0,0,0,1,45,29205,1,1,5,0,2,0,68,155,1,2,1,1,0,8,2010,9,2011,0,0,0,0,0,3,3,25,1,1,2,1,3,3,1,81,1,1,1,13,0,1
45,450246,1,2,3,5,5,23,25,12,2,1,0,45,1,2,404,2404,14,2000,1J4GW48S1YC1,1,J,4,G,W,4,8,S,1,Y,C,1,0,T,JEEP,LRO,4W,0,17,,1,0,1059,GCK,G,,,6,244,,,,,3847,01,E,44,0,0,000000000,00000000000,0,0,0,1,0,0,0,0,0,0,0,35,0,0,0,12,6,2,12,0,0,0,1,45,29160,6,1,0,0,3,0,62,145,0,3,0,0,0,3,2010,3,2011,0,38,0,0,0,2,4,35,1,1,2,1,1,3,1,17,99,1,1,83,1,0
45,450246,2,2,3,5,5,23,25,12,2,1,0,45,2,20,481,20481,31,1999,1GNEC16R3XJ5,1,G,N,E,C,1,6,R,3,X,J,5,0,P,CHEV,C15,UT,99,17,4825,,0,1315,,G,,F,8,350,,,15R235,,,,,,0,0,000000000,00000000000,0,0,0,1,0,0,0,0,0,0,0,35,0,0,0,12,6,2,12,0,0,0,1,45,29203,6,1,0,0,3,0,64,254,2,0,0,0,0,12,2010,5,2011,0,38,0,0,0,1,4,35,1,1,2,1,1,3,11,15,99,1,1,82,0,0
45,450247,1,2,1,5,5,23,46,12,6,1,0,45,1,12,471,12471,30,1996,1FTCR10AXTPB,1,F,T,C,R,1,0,A,X,T,P,B,0,T,FORD,RNG,PK,96,17,,1,1140,1080,RNG,G,,,4,140,,,,B,2961,00,B,42,0,0,000000000,00000000000,0,0,0,1,0,0,0,0,0,0,0,60,0,1,9,12,6,2,12,0,0,0,1,45,29673,6,1,0,0,3,0,72,150,0,1,0,3,0,6,2010,4,2012,1,0,0,0,0,1,5,40,1,1,2,1,3,3,1,66,2,1,1,86,0,0
45,450247,2,2,4,5,5,23,46,12,6,1,0,45,2,12,3,12003,2,1998,1FAFP4045WF1,1,F,A,F,P,4,0,4,5,W,F,1,0,P,FORD,MUS,CP,98,17,3065,,0,1013,,G,,F,6,232,,,15R205,,,,,,0,0,000000000,00000000000,0,0,0,1,0,0,0,0,0,0,0,20,0,0,0,3,6,2,12,0,0,0,1,45,29627,6,1,0,0,3,0,73,170,0,0,0,0,0,0,0,0,0,0,48,0,0,0,1,4,40,1,1,2,1,3,3,15,11,99,1,2,87,1,0
45,450248,1,1,1,5,5,17,9,34,0,1,0,45,1,12,401,12401,14,1990,1FMCU12T9LUA,1,F,M,C,U,1,2,T,9,L,U,A,0,P,FORD,BII,UT,90,17,2997,,0,940,,G,,F,6,177,,,15R205,,,,,,0,0,000000000,00000000000,0,0,0,1,0,0,0,0,0,0,0,60,0,0,0,3,6,2,42,0,0,0,1,45,29568,6,1,0,0,3,0,64,195,0,2,0,0,0,12,2010,6,2011,1,0,0,0,0,1,2,45,3,2,2,1,0,0,14,13,1,1,4,1,1,1
45,450249,1,2,1,5,5,4,9,12,1,1,0,45,1,18,7,18007,4,2000,2G4WS52J3Y11,2,G,4,W,S,5,2,J,3,Y,1,1,0,P,BUIC,CCU,4D,0,17,3368,,0,1090,,G,,F,6,191,,,15R205,,,,,,0,0,000000000,00000000000,0,0,0,1,0,0,0,0,0,0,0,15,0,0,0,6,2,1,12,0,0,0,1,45,29470,6,1,0,0,3,0,64,140,0,0,0,0,0,0,0,0,0,0,0,0,0,0,1,2,55,1,1,2,1,0,0,2,53,99,1,1,30,0,0
45,450249,2,2,1,5,5,4,9,12,1,1,0,45,1,12,3,12003,2,1994,1FALP4048RF1,1,F,A,L,P,4,0,4,8,R,F,1,0,P,FORD,MUS,CP,94,17,3055,,0,1013,,G,,F,6,232,,,15R205,,,,,,0,0,000000000,00000000000,0,0,0,1,0,0,0,0,0,0,0,60,0,0,0,12,6,2,30,0,0,0,1,45,29470,1,1,5,0,2,0,70,175,0,1,1,0,1,4,2011,12,2011,0,8,0,0,0,1,2,55,1,1,2,1,0,0,1,52,99,1,1,28,1,0
45,450250,1,1,2,5,5,17,30,1,0,1,0,45,1,20,481,20481,31,1983,1GCCC14H1DF3,1,G,C,C,C,1,4,H,1,D,F,3,0,T,CHEV,C10,PK,83,17,,1,1315,1175,C10,G,,,8,305,,,,B,3258,03,,42,0,0,000000000,00000000000,0,0,0,1,0,0,0,0,0,0,0,70,0,1,5,0,6,2,1,0,0,0,1,45,29501,6,1,0,0,3,0,67,150,0,1,0,0,0,9,2011,9,2011,0,99,99,99,99,3,2,70,1,1,2,1,0,0,1,1,7,9,4,2,1,0
45,450251,1,1,1,6,5,19,40,42,0,1,0,45,1,49,32,49032,4,1999,1NXBR12E1XZ1,1,N,X,B,R,1,2,E,1,X,Z,1,0,P,TOYT,UVL,4D,99,17,2414,,0,970,,G,,F,4,109,,,14R175,,,,,,0,0,000000000,00000000000,0,0,0,1,0,0,0,0,0,0,0,80,0,0,0,7,6,2,42,0,0,0,1,45,29945,6,1,0,0,3,0,66,150,0,0,0,0,0,0,0,0,0,1,0,0,0,0,1,2,55,3,1,2,1,0,0,14,6,6,9,4,7,1,1
45,450252,1,2,4,6,5,10,45,57,0,1,0,45,2,12,401,12401,14,1998,1FMZU32X2WZB,1,F,M,Z,U,3,2,X,2,W,Z,B,0,P,FORD,EPR,UT,98,17,3911,,0,1115,,G,,F,6,245,,,15R225,,,,,,0,0,000000000,00000000000,0,0,0,1,0,0,0,0,0,0,0,73,0,1,3,12,6,2,1,0,0,0,1,45,29209,6,1,0,0,3,0,70,195,0,0,0,0,0,0,0,0,0,0,80,0,0,0,3,2,70,1,1,2,1,0,0,1,1,6,9,4,7,2,0
45,450252,2,2,2,6,5,10,45,57,0,1,0,45,1,2,403,2403,14,2004,1J4GX48S14C1,1,J,4,G,X,4,8,S,1,4,C,1,0,T,JEEP,LCF,4W,4,17,,1,0,1059,GCK,G,,,6,244,,,,,3683,02,E,42,0,0,000000000,00000000000,0,0,0,1,0,0,0,0,0,0,0,20,0,0,0,13,2,3,18,0,0,0,1,45,29170,6,1,0,0,3,0,70,154,0,0,0,0,0,0,0,0,0,0,0,0,0,0,3,2,70,1,1,2,1,0,0,1,91,99,1,1,98,0,0
45,450253,1,1,3,6,5,16,10,5,0,1,0,45,1,7,472,7472,30,1994,1B7GL23Y5RW1,1,B,7,G,L,2,3,Y,5,R,W,1,0,T,DODG,DAK,PC,94,17,,1,0,1309,DAK,G,,,8,318,,,,B,3472,00,B,42,0,0,000000000,00000000000,0,0,0,1,0,0,0,0,0,0,0,45,0,0,0,0,0,1,5,0,0,0,1,45,29102,6,1,0,0,3,0,63,250,0,0,0,0,0,0,0,0,0,0,0,0,0,0,1,2,55,1,1,2,1,0,0,1,98,1,1,1,0,1,0
45,450254,1,1,1,7,5,7,59,34,0,1,0,45,1,52,34,52034,4,2003,4A3AA46G63E0,4,A,3,A,A,4,6,G,6,3,E,0,0,P,MITS,UEL,4D,3,17,3075,,0,1037,,G,,F,4,146,,,15R195,,,,,,0,0,000000000,00000000000,0,0,0,1,0,0,0,0,0,0,0,50,0,0,0,12,6,2,42,0,0,0,1,45,29445,6,1,0,0,3,3,62,190,0,0,0,0,0,0,0,0,0,0,99,99,99,99,1,2,55,1,1,2,1,0,0,1,12,1,9,4,6,1,0
45,450255,1,3,2,8,5,18,23,12,2,1,0,45,1,37,402,37402,14,2011,5J6RE3H38BL0,5,J,6,R,E,3,H,3,8,B,L,0,0,P,HOND,CRV,UT,11,17,3386,,0,1031,,G,,F,4,146,,,17R225,,,,,,0,0,000000000,00000000000,0,0,0,1,0,0,0,0,0,0,0,1,0,0,0,10,2,1,12,0,0,0,1,45,29926,6,1,0,0,3,0,69,151,0,0,0,1,0,3,2012,3,2012,0,0,0,0,0,1,2,25,1,1,2,1,3,3,4,66,99,1,1,98,0,0
45,450255,2,3,1,8,5,18,23,12,2,1,0,45,1,98,709,98709,81,2007,999999999999,9,9,9,9,9,9,9,9,9,9,9,9,0,,,,,,,,,,,,,,,,,,,,,,,,,0,0,000000000,00000000000,0,0,0,1,0,0,0,0,0,0,0,10,0,0,0,12,6,2,12,0,0,0,1,45,29414,1,1,5,0,2,3,73,195,0,3,0,0,1,10,2010,2,2011,0,0,0,0,0,1,2,25,1,1,2,1,3,3,1,17,99,1,1,69,1,1
45,450255,3,3,1,8,5,18,23,12,2,1,0,45,1,12,481,12481,31,1996,2FDHF25H3TCA,2,F,D,H,F,2,5,H,3,T,C,A,0,T,FORD,F25,CB,96,17,,2,0,1330,COF,G,,,8,351,,,,C,00000,00,A,42,0,0,000000000,00000000000,0,0,0,1,0,0,0,0,0,0,0,25,0,0,0,12,2,3,12,0,0,0,1,45,29445,0,0,0,0,0,0,999,999,99,99,99,99,99,99,9999,99,9999,0,38,0,0,0,1,2,25,1,1,2,2,3,3,11,15,99,1,2,68,0,0
45,450256,1,3,1,9,5,14,2,12,6,1,0,45,1,20,481,20481,31,2002,1GCEC14W62Z1,1,G,C,E,C,1,4,W,6,2,Z,1,0,T,CHEV,SC1,PK,2,17,,2,1330,1190,SIL,G,,,6,262,,,,B,4073,01,,42,0,0,000000000,00000000000,0,0,0,1,0,0,0,0,0,0,0,55,0,0,0,2,6,2,12,0,0,0,1,45,29070,6,1,0,0,3,3,71,195,0,0,0,0,0,0,0,0,0,0,0,0,0,0,2,2,55,1,1,2,2,0,0,1,66,99,1,1,87,1,0
45,450256,2,3,1,9,5,14,2,12,6,1,0,45,1,12,37,12037,4,2009,1FAHP35N39W2,1,F,A,H,P,3,5,N,3,9,W,2,0,P,FORD,FSE,4D,9,17,2623,,0,1029,,G,,F,4,122,,,16R205,,,,,,0,0,000000000,00000000000,0,0,0,1,0,0,0,0,0,0,0,55,0,0,0,12,6,2,12,0,0,0,1,45,29054,6,1,0,0,3,0,73,172,1,0,0,0,0,2,2010,2,2010,0,0,0,0,0,2,2,55,1,1,2,2,20,3,1,17,99,1,1,86,0,0
45,450256,3,3,1,9,5,14,2,12,6,1,0,45,1,12,3,12003,2,2000,1FAFP4044YF1,1,F,A,F,P,4,0,4,4,Y,F,1,0,P,FORD,MUS,CP,0,17,3066,,0,1013,,G,,F,6,232,,,15R205,,,,,,0,0,000000000,00000000000,0,0,0,1,0,0,0,0,0,0,0,55,0,0,0,12,6,2,12,0,0,0,1,45,29210,6,1,0,0,3,3,68,145,0,0,0,0,0,0,0,0,0,0,0,0,0,0,2,2,55,1,1,2,2,0,0,1,17,99,1,1,98,0,0
45,450257,1,1,1,10,5,14,13,53,0,1,0,99,9,20,16,20016,2,1996,3G1JC1245TS9,3,G,1,J,C,1,2,4,5,T,S,9,0,P,CHEV,CAV,CP,96,17,2617,,0,1041,,G,,F,4,133,,,14R195,,,,,,0,0,000000000,00000000000,0,0,0,1,0,0,0,0,0,0,0,70,0,1,5,11,6,2,1,0,0,0,1,45,29051,6,1,0,0,3,0,72,165,0,0,0,0,0,0,0,0,0,1,0,0,0,0,1,2,35,3,1,2,1,0,0,14,13,7,1,4,1,1,1
45,450258,1,1,1,10,5,14,45,8,0,1,0,45,1,10,41,10041,4,1994,2E3HD56T1RH3,2,E,3,H,D,5,6,T,1,R,H,3,0,P,EGIL,VES,4D,94,17,3254,,0,1130,,G,,F,6,201,,,15R205,,,,,,0,0,000000000,00000000000,0,0,0,1,0,0,0,0,0,0,0,25,0,0,0,12,2,3,8,0,0,0,1,45,29365,6,1,6,3,3,3,72,220,0,4,0,0,0,3,2010,2,2012,0,0,0,0,0,1,2,25,1,1,2,1,20,3,1,81,1,1,1,13,0,0
45,450259,1,1,1,10,5,15,13,57,0,1,0,45,1,53,705,53705,80,2004,JS1GR7JA1421,J,S,1,G,R,7,J,A,1,4,2,1,0,M,SUZI,SRK,RC,4,17,,,,,,,749,,4,,4,465,,,,,,,0,0,000000000,00000000000,0,0,0,1,0,0,0,0,0,0,0,60,0,0,0,99,6,2,57,0,0,0,1,45,29572,6,1,0,0,3,0,67,140,0,1,0,1,0,1,2010,12,2011,0,99,99,99,99,3,3,45,2,1,2,1,0,0,14,12,1,1,4,6,1,0
45,450260,1,1,1,10,5,3,0,1,0,1,0,45,2,37,32,37032,2,2007,1HGCM72717A0,1,H,G,C,M,7,2,7,1,7,A,0,0,P,HOND,UEX,CP,7,17,3153,,0,1051,,G,,F,4,146,,,16R205,,,,,,0,0,000000000,00000000000,0,0,0,1,0,0,0,0,0,0,0,90,0,1,5,0,6,2,1,0,0,0,1,45,29673,6,1,0,0,3,0,63,109,0,0,0,1,0,1,2012,1,2012,1,0,0,0,0,1,2,50,3,1,2,1,0,0,14,8,7,9,4,2,1,1
45,450261,1,2,2,10,5,18,26,12,6,1,0,45,2,6,441,6441,20,2003,2C8GP64L63R1,2,C,8,G,P,6,4,L,6,3,R,1,0,T,CHRY,LMT,ES,3,17,,1,0,1193,TWC,G,,,6,230,,,,,4175,00,,42,0,0,000000000,00000000000,0,0,0,1,0,0,0,0,0,0,0,25,0,1,5,5,6,2,12,0,0,0,1,45,29526,6,1,0,0,3,0,70,185,0,0,0,0,0,0,0,0,0,0,38,0,0,0,2,2,60,1,1,2,1,20,3,1,17,99,1,1,87,1,0
45,450261,2,2,7,10,5,18,26,12,6,1,0,47,2,6,421,6421,15,2007,1A8HW58287F5,1,A,8,H,W,5,8,2,8,7,F,5,0,P,CHRY,ASP,UT,7,17,4972,,0,1191,,G,,F,8,348,,,18R265,,,,,,0,0,000000000,00000000000,0,0,0,1,0,0,0,0,0,0,0,60,0,0,0,12,6,2,12,0,0,0,1,18,47374,6,1,0,0,3,0,71,180,0,0,0,0,0,0,0,0,0,0,0,0,0,0,2,2,60,1,1,2,1,0,0,1,66,99,1,1,86,0,0
45,450262,1,2,1,10,5,16,56,9,0,1,0,45,1,12,401,12401,14,2004,1FMDU85W94ZA,1,F,M,D,U,8,5,W,9,4,Z,A,0,P,FORD,EPR,UT,4,17,4094,,0,1137,,G,,F,8,281,,,17R245,,,,,,0,0,000000000,00000000000,0,0,0,1,0,0,0,0,0,0,0,40,0,0,0,3,2,1,9,0,0,0,1,45,29403,6,1,0,0,3,0,72,210,0,1,0,0,0,9,2010,9,2010,0,0,0,0,0,1,2,45,1,1,2,1,0,0,1,83,8,1,2,13,0,0
45,450262,2,2,4,10,5,16,56,9,0,1,0,45,2,37,31,37031,2,2004,1HGEM22314L0,1,H,G,E,M,2,2,3,1,4,L,0,0,P,HOND,CVP,CP,4,17,2456,,0,1031,,G,,F,4,102,,,14R185,,,,,,0,0,000000000,00000000000,0,0,0,1,0,0,0,0,0,0,0,40,0,0,0,12,2,1,18,0,0,0,1,45,29412,6,1,0,0,3,0,70,135,1,1,0,2,1,6,2010,5,2012,0,0,0,0,0,1,2,45,1,1,2,1,0,0,1,90,99,1,1,98,0,0
45,450263,1,1,1,10,5,2,0,21,0,1,0,37,1,18,22,18022,4,2011,1G4GE5GD2BF3,1,G,4,G,E,5,G,D,2,B,F,3,0,P,BUIC,LAS,4D,11,17,4045,,0,1117,,G,,F,6,220,,,18R235,,,,,,0,0,000000000,00000000000,0,0,0,1,0,0,0,0,0,0,0,60,0,0,0,12,6,2,21,0,0,1,1,37,28467,6,1,0,0,3,0,73,999,0,0,0,0,0,0,0,0,0,1,0,0,0,0,2,2,45,3,1,2,2,0,0,14,13,1,1,4,1,1,0
45,450264,1,1,2,11,5,21,15,5,0,1,0,45,1,72,706,72706,80,2002,1HD1BMY132Y0,1,H,D,1,B,M,Y,1,3,2,Y,0,0,M,HD,FLF,RS,2,17,,,,,,,1450,,2,,4,666,,,,,,,0,0,000000000,00000000000,0,0,0,1,0,0,0,0,0,0,0,40,0,0,0,0,0,1,5,0,0,0,1,45,29511,6,1,0,0,3,0,70,210,0,2,0,0,0,5,2010,7,2011,0,0,0,0,0,2,2,40,1,1,2,1,0,0,1,98,1,1,1,0,1,1
45,450265,1,1,1,11,5,15,45,35,0,1,0,45,1,2,421,2421,15,1973,J3F835TH0127,J,3,F,8,3,5,T,H,0,1,2,7,0,T,AMER,CJ5,UT,73,13,,1,0,840,JEE,G,,,8,304,,,,,2450,01,,44,0,0,000000000,00000000000,0,0,0,1,0,0,0,0,0,0,0,45,0,1,5,12,6,2,1,0,0,0,1,45,29835,6,1,0,0,3,0,73,220,0,0,0,0,0,0,0,0,0,1,0,0,0,0,1,2,40,1,2,4,1,0,0,1,6,6,9,4,7,1,0
45,450266,1,1,2,11,5,19,40,23,0,1,0,45,1,98,705,98705,80,2004,5J11NBJ184W0,5,J,1,1,N,B,J,1,8,4,W,0,0,U,,,,4,17,,,,,,,,,,,,,,,,,,,0,0,000000000,00000000000,0,0,0,1,0,0,0,0,0,0,0,45,0,0,0,12,6,2,23,0,0,0,1,45,29455,6,1,0,0,3,0,70,175,1,0,0,0,0,6,2010,6,2010,1,8,0,0,0,3,3,30,3,3,2,1,0,0,14,6,7,9,4,2,2,1
45,450267,1,2,2,11,5,14,36,12,1,1,0,45,1,72,706,72706,80,2007,1HD1FR4187Y7,1,H,D,1,F,R,4,1,8,7,Y,7,0,M,HD,FCI,RS,7,17,,,,,,,1584,,2,,4,732,,,,,,,0,0,000000000,00000000000,0,0,0,1,0,0,0,0,0,0,0,50,0,0,0,12,6,2,12,0,0,0,1,45,29440,6,1,0,0,3,0,72,270,0,0,0,0,0,0,0,0,0,1,0,0,0,0,2,2,55,1,1,2,1,0,0,1,52,99,1,1,24,1,0
45,450267,2,2,1,11,5,14,36,12,1,1,0,45,2,12,401,12401,14,2005,1FMDU64K45UB,1,F,M,D,U,6,4,K,4,5,U,B,0,P,FORD,EPR,UT,5,17,4094,,0,1137,,F,,F,6,245,,,17R245,,,,,,0,0,000000000,00000000000,0,0,0,1,0,0,0,0,0,0,0,30,0,0,0,6,2,1,12,0,0,0,1,45,29576,6,1,0,0,3,0,66,135,0,0,0,0,0,0,0,0,0,0,0,0,0,0,2,2,55,1,1,2,1,0,0,1,53,99,1,1,25,0,0
45,450268,1,2,1,12,5,18,30,12,7,1,0,45,1,37,705,37705,80,2005,1HFSC55085A1,1,H,F,S,C,5,5,0,8,5,A,1,0,M,HOND,13V,RS,5,17,,,,,,,1312,,2,,4,641,,,,,,,0,0,000000000,00000000000,0,0,0,1,0,0,0,0,0,0,0,52,0,0,0,10,6,2,33,0,0,0,1,45,29574,6,1,0,0,3,3,66,190,0,0,0,0,0,0,0,0,0,0,99,99,99,99,2,2,45,4,1,2,1,0,0,6,11,99,1,2,44,1,1
45,450268,2,2,2,12,5,18,30,12,7,1,0,45,1,20,2,20002,4,2011,2G1WF5EK0B12,2,G,1,W,F,5,E,K,0,B,1,2,0,P,CHEV,IPL,4D,11,17,3555,,0,1105,,F,,F,6,214,,,16R225,,,,,,0,0,000000000,00000000000,0,0,0,1,0,0,0,0,0,0,0,45,0,0,0,5,2,1,12,0,0,0,1,45,29588,6,1,0,0,3,3,72,179,0,0,0,0,0,0,0,0,0,0,0,0,0,0,2,2,45,4,1,2,1,0,0,14,60,99,1,1,45,0,0
45,450269,1,1,1,14,5,9,50,42,0,1,0,45,2,12,16,12016,4,2005,2FAHP71WX5X1,2,F,A,H,P,7,1,W,X,5,X,1,0,P,FORD,CVP,4D,5,17,0,,0,1147,,G,,F,8,281,,,16R225,,,,,,0,0,000000000,00000000000,0,0,0,1,0,0,0,0,0,0,0,60,0,0,0,4,6,2,42,0,0,0,1,45,29128,1,1,5,0,2,0,75,260,0,1,0,0,0,7,2011,7,2011,1,0,0,0,0,3,2,60,1,1,2,2,0,0,1,12,1,1,4,6,1,0
45,450270,1,2,2,14,5,10,8,12,2,1,0,45,1,42,42,42042,4,1994,WDBHA28E1RF0,W,D,B,H,A,2,8,E,1,R,F,0,0,P,MERZ,C28,4D,94,17,3250,,0,1059,,G,,F,6,171,,,15R195,,,,,,0,0,000000000,00000000000,0,0,0,1,0,0,0,0,0,0,0,50,0,0,0,12,6,2,12,0,0,0,1,45,29115,6,1,0,0,3,0,70,200,0,0,0,0,0,0,0,0,0,0,27,58,0,0,1,2,45,1,1,2,1,0,0,1,10,99,9,2,50,1,0
45,450270,2,2,1,14,5,10,8,12,2,1,0,45,1,20,401,20401,14,2000,1GNCS13WXY21,1,G,N,C,S,1,3,W,X,Y,2,1,0,P,CHEV,BZR,UT,0,17,3671,,0,1070,,G,,F,6,262,,,15R205,,,,,,0,0,000000000,00000000000,0,0,0,1,0,0,0,0,0,0,0,45,0,0,0,12,6,2,12,0,0,0,1,45,29223,6,1,0,0,3,3,70,195,0,0,0,0,0,0,0,0,0,0,0,0,0,0,1,2,45,1,1,2,1,0,0,1,62,99,1,1,51,0,0
45,450271,1,1,2,18,2,21,35,8,0,1,0,45,1,41,35,41035,6,2001,JM3LW28Y4101,J,M,3,L,W,2,8,Y,4,1,0,1,0,P,MAZD,MWG,SV,1,17,3657,,0,1118,,G,,F,6,152,,,15R205,,,,,,0,0,000000000,00000000000,0,0,0,1,0,0,0,0,0,0,0,35,0,0,0,2,2,1,8,0,0,0,1,45,29341,6,1,0,0,3,0,67,186,0,0,0,0,2,2,2011,2,2011,0,0,0,0,0,2,2,35,1,1,2,2,0,0,1,81,1,1,1,13,0,0
45,450272,1,1,1,15,5,15,3,8,0,1,0,45,1,2,404,2404,14,2004,1J4GX48S94C2,1,J,4,G,X,4,8,S,9,4,C,2,0,T,JEEP,LCF,4W,4,17,,1,0,1059,GCK,G,,,6,244,,,,,3683,02,E,42,0,0,000000000,00000000000,0,0,0,1,0,0,0,0,0,0,0,55,0,0,0,1,2,1,8,0,0,0,1,45,29010,6,1,0,0,3,3,67,198,1,0,0,1,0,5,2011,1,2012,0,0,0,0,0,1,2,55,1,1,2,1,0,0,1,81,1,1,1,13,0,0
45,450273,1,1,1,16,5,9,30,34,0,1,0,45,1,2,403,2403,14,2000,1J4FA49S9YP7,1,J,4,F,A,4,9,S,9,Y,P,7,0,T,JEEP,SPW,2W,0,17,,1,0,934,W/T,G,,,6,244,,,,,3195,00,U,44,0,0,000000000,00000000000,0,0,0,1,0,0,0,0,0,0,0,45,0,1,5,2,6,2,42,0,0,0,1,37,29512,6,1,0,0,3,0,66,999,1,0,0,0,0,2,2010,2,2010,0,28,0,0,0,1,2,45,3,1,2,1,0,0,14,13,1,1,4,1,1,0