STATE,ST_CASE,VEH_NO,VE_FORMS,NUMOCCS,DAY,MONTH,HOUR,MINUTE,HARM_EV,MAN_COLL,UNITTYPE,HIT_RUN,REG_STAT,OWNER,MAKE,MODEL,MAK_MOD,BODY_TYP,MOD_YEAR,VIN,VIN_1,VIN_2,VIN_3,VIN_4,VIN_5,VIN_6,VIN_7,VIN_8,VIN_9,VIN_10,VIN_11,VIN_12,TOW_VEH,VINTYPE,VINMAKE,VINA_MOD,VIN_BT,VINMODYR,VIN_LNGT,VIN_WGT,WGTCD_TR,WHLBS_LG,WHLBS_SH,SER_TR,FUELCODE,MCYCL_DS,CARBUR,CYLINDER,DISPLACE,MCYCL_CY,MCYCL_WT,TIRE_SZE,TON_RAT,TRK_WT,TRKWTVAR,VIN_REST,WHLDRWHL,J_KNIFE,MCARR_I1,MCARR_I2,MCARR_ID,GVWR,V_CONFIG,CARGO_BT,HAZ_INV,HAZ_PLAC,HAZ_ID,HAZ_CNO,HAZ_REL,BUS_USE,SPEC_USE,EMER_USE,TRAV_SP,UNDERIDE,ROLLOVER,ROLINLOC,IMPACT1,DEFORMED,TOWED,M_HARM,VEH_SC1,VEH_SC2,FIRE_EXP,DR_PRES,L_STATE,DR_ZIP,L_STATUS,L_TYPE,CDL_STAT,L_ENDORS,L_COMPL,L_RESTRI,DR_HGT,DR_WGT,PREV_ACC,PREV_SUS,PREV_DWI,PREV_SPD,PREV_OTH,FIRST_MO,FIRST_YR,LAST_MO,LAST_YR,SPEEDREL,DR_SF1,DR_SF2,DR_SF3,DR_SF4,VTRAFWAY,VNUM_LAN,VSPD_LIM,VALIGN,VPROFILE,VPAVETYP,VSURCOND,VTRAFCON,VTCONT_F,P_CRASH1,P_CRASH2,P_CRASH3,PCRASH4,PCRASH5,ACC_TYPE,DEATHS,DR_DRINK
45,450309,1,1,1,4,6,22,19,30,0,1,0,12,1,12,401,12401,14,2000,1FMZU62X2YZB,1,F,M,Z,U,6,2,X,2,Y,Z,B,0,P,FORD,EPR,UT,0,17,3865,,0,1116,,G,,F,6,245,,,15R235,,,,,,0,0,000000000,00000000000,0,0,0,1,0,0,0,0,0,0,0,60,0,1,5,12,6,2,30,0,0,1,1,99,33935,9,9,99,9,9,9,999,999,99,99,99,99,99,99,9999,99,9999,0,0,0,0,0,1,2,45,1,1,2,1,0,0,1,13,1,1,4,1,1,1
45,450310,1,3,1,5,6,20,40,57,0,1,0,45,1,14,17,14017,4,2003,1MEHM55S23A6,1,M,E,H,M,5,5,S,2,3,A,6,0,P,MERC,SLP,4D,3,17,3369,,0,1085,,G,,F,6,182,,,16R215,,,,,,0,0,000000000,00000000000,0,0,0,1,0,0,0,0,0,0,0,70,0,0,0,12,6,2,12,0,0,0,1,45,29303,6,1,0,0,3,3,61,120,3,1,0,3,2,6,2010,5,2012,0,99,99,99,99,3,3,70,1,1,2,1,0,0,4,12,99,9,4,6,1,0
45,450310,2,3,4,5,6,20,40,57,0,1,0,45,1,12,24,12024,6,2008,2FMDK38C88BA,2,F,M,D,K,3,8,C,8,8,B,A,0,P,FORD,EDG,UT,8,17,4073,,0,1112,,G,,F,6,214,,,17R235,,,,,,0,0,000000000,00000000000,0,0,0,1,0,0,0,0,0,0,0,70,0,0,0,8,6,2,12,0,0,0,1,45,29316,6,1,0,0,3,0,69,170,1,0,0,0,0,10,2011,10,2011,0,0,0,0,0,3,3,70,1,1,2,1,0,0,1,62,99,1,1,98,0,0
45,450310,3,3,1,5,6,20,40,57,0,1,0,40,3,82,881,82881,66,2010,1FUJBBCK0ADA,1,F,U,J,B,B,C,K,0,A,D,A,1,T,FRHT,ST2,TR,10,17,,8,0,0,CON,D,,,6,855,,,,,00000,00,,64,1,40,0132779,400132779,3,6,1,1,0,0,0,0,0,0,0,60,0,0,0,9,6,2,12,0,0,0,1,45,29340,6,1,6,3,3,3,73,200,0,0,0,1,0,9,2010,9,2010,0,0,0,0,0,3,3,70,1,1,2,1,0,0,1,62,99,1,1,98,0,0
45,450311,1,1,1,5,6,1,0,35,0,1,0,45,2,12,481,12481,31,2010,1FTFW1EV0AFB,1,F,T,F,W,1,E,V,0,A,F,B,0,T,FORD,F1S,CW,10,17,,2,1570,1450,COF,F,,,8,329,,,,B,5345,00,7,44,0,0,000000000,00000000000,0,0,0,1,0,0,0,0,0,0,0,100,0,1,5,12,6,2,42,0,0,0,1,45,29471,6,1,0,0,3,0,73,250,1,0,0,2,2,2,2010,12,2010,1,0,0,0,0,1,2,55,2,1,2,1,0,0,14,12,1,1,4,6,1,1
45,450312,1,2,1,6,6,15,40,12,6,1,0,45,3,86,881,86881,63,1996,1M2K195C3TM0,1,M,2,K,1,9,5,C,3,T,M,0,0,T,MACK,MR6,TB,96,17,,8,0,0,600,D,,,6,728,,,,,00000,00,,64,0,45,0196261,450196261,3,2,7,1,0,0,0,0,0,0,0,55,0,0,0,12,6,2,12,0,0,0,1,45,29687,6,1,6,0,3,3,75,220,0,0,0,0,0,0,0,0,0,0,0,0,0,0,2,2,55,1,1,2,1,0,0,1,66,99,1,1,88,0,0
45,450312,2,2,1,6,6,15,40,12,6,1,0,45,1,20,481,20481,31,2002,1GCEC14W92Z3,1,G,C,E,C,1,4,W,9,2,Z,3,0,T,CHEV,SC1,PK,2,17,,2,1330,1190,SIL,G,,,6,262,,,,B,4073,01,,42,0,0,000000000,00000000000,0,0,0,1,0,0,0,0,0,0,0,15,0,0,0,9,6,2,12,0,0,0,1,45,29645,6,1,0,0,3,0,70,215,0,0,0,0,0,0,0,0,0,0,38,0,0,0,2,2,55,1,1,2,1,20,3,1,17,99,1,1,89,1,0
45,450313,1,1,1,7,6,21,0,8,0,1,0,45,1,55,38,55038,4,2004,KMHFU45E54A2,K,M,H,F,U,4,5,E,5,4,A,2,0,P,HYUN,XG5,4D,4,17,3651,,0,1083,,G,,F,6,213,,,16R205,,,,,,0,0,000000000,00000000000,0,0,0,1,0,0,0,0,0,0,0,47,0,0,0,11,6,2,8,0,0,0,1,45,29704,6,1,0,0,3,0,67,200,0,0,0,0,0,0,0,0,0,0,0,0,0,0,1,2,45,4,2,2,1,0,0,14,80,1,1,1,13,0,0
45,450314,1,1,1,8,6,4,5,42,0,1,0,45,1,13,12,13012,4,2004,1LNHM87A64Y6,1,L,N,H,M,8,7,A,6,4,Y,6,0,P,LINC,LLS,4D,4,17,3811,,0,1145,,G,,F,8,240,,,17R235,,,,,,0,0,000000000,00000000000,0,0,0,1,0,0,0,0,0,0,0,85,0,1,5,12,6,2,1,0,0,0,1,45,29651,6,1,0,0,3,0,69,180,0,0,0,0,1,10,2011,10,2011,0,0,0,0,0,2,2,45,1,1,2,1,0,0,1,12,1,1,4,6,1,1
45,450315,1,2,2,9,6,21,30,12,1,1,0,45,1,98,709,98709,81,2008,999999999999,9,9,9,9,9,9,9,9,9,9,9,9,0,,,,,,,,,,,,,,,,,,,,,,,,,0,0,000000000,00000000000,0,0,0,1,0,0,0,0,0,0,0,20,0,0,0,6,6,2,12,0,0,0,1,45,29927,1,1,5,0,2,0,68,176,0,0,0,0,0,0,0,0,0,0,0,0,0,0,1,2,55,1,1,2,1,0,0,1,53,99,1,1,25,1,0
45,450315,2,2,1,9,6,21,30,12,1,1,1,99,9,99,999,99999,99,9999,999999999999,9,9,9,9,9,9,9,9,9,9,9,9,0,,,,,,,,,,,,,,,,,,,,,,,,,0,0,000000000,00000000000,0,0,0,1,0,0,0,0,0,0,0,999,0,0,0,12,9,1,12,0,0,0,1,99,99999,9,9,99,9,9,9,999,999,99,99,99,99,99,99,9999,99,9999,0,0,0,0,0,1,2,55,1,1,2,1,0,0,1,51,99,1,1,24,0,0
45,450316,1,2,1,11,6,5,40,12,2,1,0,45,1,14,37,14037,4,1999,1MEFM653XXK6,1,M,E,F,M,6,5,3,X,X,K,6,0,P,MERC,MSP,4D,99,17,2805,,0,1065,,G,,F,4,121,,,14R185,,,,,,0,0,000000000,00000000000,0,0,0,1,0,0,0,0,0,0,0,999,0,0,0,12,6,2,12,0,0,0,1,45,29541,6,1,0,0,3,3,71,180,2,0,0,0,0,6,2010,8,2011,0,0,0,0,0,1,2,99,1,2,2,1,0,0,1,10,7,9,1,50,0,1
45,450316,2,2,1,11,6,5,40,12,2,1,0,45,1,76,705,76705,80,2009,JYAVN01E19A0,J,Y,A,V,N,0,1,E,1,9,A,0,0,M,YAMA,V95,RS,9,17,,,,,,,942,,2,,4,612,,,,,,,0,0,000000000,00000000000,0,0,0,1,0,0,0,0,0,0,0,999,0,0,0,12,6,2,12,0,0,0,1,45,29541,6,1,0,0,3,0,76,165,0,0,0,0,0,0,0,0,0,0,0,0,0,0,1,2,99,1,2,2,1,0,0,1,62,99,1,1,51,1,0
45,450317,1,1,1,13,6,5,33,8,0,1,0,45,1,23,481,23481,31,1971,TCL147F72069,T,C,L,1,4,7,F,7,2,0,6,9,0,T,GMC,,,71,13,,,,,,D,,,6,855,,,,,,,,,0,0,000000000,00000000000,0,0,0,1,0,0,0,0,0,0,0,45,0,0,0,12,2,1,8,0,0,0,1,45,29061,6,1,0,0,3,0,69,180,0,0,0,0,0,0,0,0,0,0,0,0,0,0,1,2,45,3,1,2,1,0,0,14,80,1,1,1,13,0,0
45,450318,1,1,1,13,6,17,45,53,0,1,0,45,1,12,471,12471,30,2004,1FTYR10E84PA,1,F,T,Y,R,1,0,E,8,4,P,A,0,T,FORD,RNG,PK,4,17,,1,1175,1116,RNG,G,,,6,245,,,,B,3085,00,U,42,0,0,000000000,00000000000,0,0,0,1,0,0,0,0,0,0,0,90,0,0,0,2,6,2,42,0,0,0,1,45,29620,6,1,0,0,3,0,72,192,0,1,1,1,1,7,2009,12,2011,1,58,0,0,0,1,2,55,1,1,2,1,0,0,1,13,1,1,4,1,1,1
45,450319,1,1,1,13,6,23,37,59,0,1,0,45,2,20,37,20037,4,2012,1G1ZC5E00CF2,1,G,1,Z,C,5,E,0,0,C,F,2,0,P,CHEV,ML1,4D,12,17,3436,,0,1123,,G,,F,4,146,,,17R215,,,,,,0,0,000000000,00000000000,0,0,0,1,0,0,0,0,0,0,0,40,0,0,0,12,0,1,59,0,0,0,1,45,29902,1,1,5,0,2,0,66,170,1,2,0,0,0,1,2011,4,2012,0,8,0,0,0,1,2,25,3,1,2,1,0,0,14,13,1,1,4,1,1,1
45,450320,1,1,5,16,6,3,15,8,0,1,1,45,1,14,21,14021,4,2006,3MEFM08196R6,3,M,E,F,M,0,8,1,9,6,R,6,0,P,MERC,MPR,4D,6,17,3303,,0,1074,,G,,F,6,183,,,17R225,,,,,,0,0,000000000,00000000000,0,0,0,1,0,0,0,0,0,0,0,999,0,0,0,14,2,1,8,0,0,0,1,45,29301,1,1,5,0,2,0,75,210,0,1,3,0,0,9,2010,3,2012,0,91,0,0,0,3,3,40,1,1,2,1,0,0,1,80,1,1,1,13,0,0
45,450321,1,1,2,16,5,14,53,42,0,1,0,45,1,20,2,20002,4,2007,2G1WD58C0792,2,G,1,W,D,5,8,C,0,7,9,2,0,P,CHEV,ISS,4D,7,17,3790,,0,1105,,G,,F,8,323,,,18R235,,,,,,0,0,000000000,00000000000,0,0,0,1,0,0,0,0,0,0,0,118,0,0,0,3,6,2,42,0,0,0,1,45,29178,1,1,5,0,2,0,66,104,0,2,0,1,0,11,2009,11,2011,1,0,0,0,0,1,2,55,3,2,2,1,0,0,14,6,7,9,4,2,1,1
45,450322,1,1,1,20,5,1,40,35,0,1,0,45,2,7,482,7482,31,1997,1B7HF16Z7VJ5,1,B,7,H,F,1,6,Z,7,V,J,5,0,T,DODG,150,PK,97,17,,2,1347,1187,RPC,G,,,8,360,,,,B,4527,01,M,44,0,0,000000000,00000000000,0,0,0,1,0,0,0,0,0,0,0,63,0,0,0,12,0,8,35,0,0,0,1,45,29584,1,1,5,0,2,0,61,111,0,0,0,0,0,0,0,0,0,1,0,0,0,0,1,2,40,3,1,2,1,0,0,14,6,6,9,4,7,1,1
45,450323,1,2,1,30,5,17,47,12,6,1,0,93,3,99,881,99881,66,2011,999999999999,9,9,9,9,9,9,9,9,9,9,9,9,1,,,,,,,,,,,,,,,,,,,,,,,,,1,47,0557151,470557151,3,6,1,1,0,0,0,0,0,0,0,15,0,0,0,9,6,2,12,0,0,0,1,47,37224,6,1,6,3,3,0,76,340,0,0,0,0,0,0,0,0,0,0,0,0,0,0,3,2,45,1,2,2,1,0,0,11,17,99,1,1,82,0,0
45,450323,2,2,1,30,5,17,47,12,6,1,0,45,1,12,999,12999,99,2005,999999999999,9,9,9,9,9,9,9,9,9,9,9,9,0,,,,,,,,,,,,,,,,,,,,,,,,,0,0,000000000,00000000000,0,0,0,1,0,0,0,0,0,0,0,999,0,0,0,12,6,2,12,0,0,0,1,45,29172,1,1,5,0,2,3,67,185,2,1,0,2,0,11,2009,11,2011,1,0,0,0,0,3,2,45,1,2,2,1,0,0,1,66,99,1,1,83,1,1
45,450324,1,1,1,2,6,2,20,42,0,1,0,45,1,20,481,20481,31,2000,1GCGC29R5YF4,1,G,C,G,C,2,9,R,5,Y,F,4,0,T,CHEV,GC2,PC,0,17,,2,0,1555,GM4,G,,,8,350,,,,C,5084,00,,42,0,0,000000000,00000000000,0,0,0,1,0,0,0,0,0,0,0,65,0,0,0,9,6,2,42,0,0,0,1,45,29374,1,1,5,0,2,0,68,195,0,0,1,1,0,11,2010,6,2011,1,8,0,0,0,1,2,40,1,1,2,1,20,3,1,12,1,1,4,6,1,1
45,450325,1,1,2,3,6,9,15,34,0,1,0,45,1,20,443,20443,20,2004,1GNDU03E04D1,1,G,N,D,U,0,3,E,0,4,D,1,0,P,CHEV,VTR,SV,4,17,3699,,0,1120,,G,,F,6,207,,,000000,,,,,,0,0,000000000,00000000000,0,0,0,1,0,0,0,0,0,0,0,45,0,0,0,12,0,8,34,0,0,0,1,45,29160,6,1,0,0,3,3,73,265,0,0,0,0,0,0,0,0,0,0,99,99,99,99,1,2,55,1,1,2,1,0,0,1,13,1,1,4,1,1,0
45,450326,1,2,2,6,6,20,55,12,6,1,0,45,1,35,48,35048,2,2005,JN1AZ36A85M7,J,N,1,A,Z,3,6,A,8,5,M,7,0,P,NISS,3ZR,RD,5,17,3354,,0,1043,,G,,F,6,214,,,17R225,,,,,,0,0,000000000,00000000000,0,0,0,1,0,0,0,0,0,0,0,95,0,0,0,12,6,2,12,0,0,0,1,45,29621,1,1,5,0,2,0,69,150,0,3,0,0,0,4,2010,1,2011,1,51,0,0,0,1,2,55,1,1,2,1,0,0,1,10,99,1,2,64,1,1
45,450326,2,2,2,6,6,20,55,12,6,1,0,45,1,49,471,49471,30,1987,JT4RN63S5H50,J,T,4,R,N,6,3,S,5,H,5,0,0,T,TOYT,63S,PK,87,17,,1,0,1030,44P,G,,,4,144,,,,B,3551,01,A,44,0,0,000000000,00000000000,0,0,0,1,0,0,0,0,0,0,0,55,0,0,0,10,6,2,12,0,0,0,1,45,29655,6,2,0,0,3,0,68,120,0,0,0,1,0,5,2011,5,2011,0,0,0,0,0,1,2,55,1,1,2,1,0,0,1,62,99,1,1,65,1,0
45,450327,1,1,3,6,6,9,58,35,0,1,0,45,2,23,421,23421,15,2001,3GKGC26G71G1,3,G,K,G,C,2,6,G,7,1,G,1,0,T,GMC,CX2,4W,1,17,,2,0,1300,YUK,G,,,8,496,,,,C,5521,00,E,42,0,0,000000000,00000000000,0,0,0,1,0,0,0,0,0,0,0,50,0,0,0,12,6,2,35,0,0,0,1,45,29449,6,2,0,0,3,0,65,150,0,0,0,0,0,0,0,0,0,1,0,0,0,0,1,2,30,1,1,2,2,0,0,1,1,7,9,4,2,1,1
45,450328,1,1,1,8,6,10,13,42,0,1,0,45,1,19,17,19017,4,1999,W06VR52R9XR0,W,0,6,V,R,5,2,R,9,X,R,0,0,P,CADI,CTR,4D,99,17,3770,,0,1074,,G,,F,6,181,,,16R225,,,,,,0,0,000000000,00000000000,0,0,0,1,0,0,0,0,0,0,0,100,0,0,0,12,6,2,42,0,0,0,1,45,29449,6,1,0,0,3,0,72,170,0,1,0,1,0,4,2011,5,2012,1,8,58,27,0,1,2,50,2,1,2,1,0,0,14,6,6,9,4,7,1,1
45,450329,1,1,1,10,5,23,15,42,0,1,0,45,1,12,3,12003,2,1996,1FALP4046TF2,1,F,A,L,P,4,0,4,6,T,F,2,0,P,FORD,MUS,CP,96,17,3057,,0,1013,,G,,F,6,232,,,15R205,,,,,,0,0,000000000,00000000000,0,0,0,1,0,0,0,0,0,0,0,55,0,0,0,12,8,3,42,0,0,0,1,45,29445,6,1,0,0,3,3,66,194,1,0,0,0,0,4,2012,4,2012,0,0,0,0,0,2,2,30,1,1,2,1,0,0,1,10,1,1,4,6,1,0
45,450330,1,2,1,21,5,12,45,12,8,1,0,45,1,20,401,20401,14,2004,1GNDS13S1423,1,G,N,D,S,1,3,S,1,4,2,3,0,P,CHEV,TRL,UT,4,17,4425,,0,1130,,G,,F,6,256,,,16R245,,,,,,0,0,000000000,00000000000,0,0,0,1,0,0,0,0,0,0,0,12,0,0,0,10,6,2,12,0,0,0,1,45,29824,6,1,0,0,3,3,72,330,0,0,0,0,0,0,0,0,0,0,0,0,0,0,1,2,35,3,2,2,1,0,0,14,62,7,1,1,65,1,0
45,450330,2,2,2,21,5,12,45,12,8,1,0,13,3,20,881,20881,63,1991,1GBHP32L9M33,1,G,B,H,P,3,2,L,9,M,3,3,0,T,CHEV,P30,IC,91,17,,2,1780,1250,P30,D,,,4,239,,,,D,00000,00,,42,0,13,0647378,130647378,3,1,1,1,0,0,0,0,0,0,0,46,0,1,1,10,6,2,12,0,0,0,1,13,30830,6,1,6,0,3,3,69,215,98,0,0,0,0,0,0,0,0,1,51,0,0,0,1,2,55,2,2,2,1,0,0,14,10,99,1,1,64,0,0
45,450331,1,2,1,25,5,17,0,12,6,1,0,45,1,55,33,55033,4,2004,KMHWF25S24A9,K,M,H,W,F,2,5,S,2,4,A,9,0,P,HYUN,SOL,4D,4,17,3181,,0,1063,,G,,F,4,143,,,15R205,,,,,,0,0,000000000,00000000000,0,0,0,1,0,0,0,0,0,0,0,45,0,0,0,12,6,2,12,0,0,0,1,45,29229,6,1,0,0,3,0,75,270,0,0,0,0,0,0,0,0,0,0,0,0,0,0,1,2,30,1,1,2,1,0,0,1,66,99,1,1,83,0,0
45,450331,2,2,1,25,5,17,0,12,6,1,0,45,1,18,7,18007,4,2004,2G4WS52J3412,2,G,4,W,S,5,2,J,3,4,1,2,0,P,BUIC,CCU,4D,4,17,3342,,0,1090,,G,,F,6,189,,,15R205,,,,,,0,0,000000000,00000000000,0,0,0,1,0,0,0,0,0,0,0,30,0,0,0,9,6,2,12,0,0,0,1,45,29223,6,1,0,0,3,3,59,117,0,0,0,0,0,0,0,0,0,0,38,0,0,0,1,2,35,1,1,2,1,20,3,11,15,99,1,1,82,1,0
45,450332,1,1,1,10,6,21,0,35,0,1,0,45,2,53,704,53704,80,2002,JS1GN7BA5221,J,S,1,G,N,7,B,A,5,2,2,1,0,M,SUZI,G60,RC,2,17,,,,,,,599,,4,,4,359,,,,,,,0,0,000000000,00000000000,0,0,0,1,0,0,0,0,0,0,0,55,0,0,0,12,6,2,35,0,0,0,1,45,29565,6,1,0,0,3,0,74,187,0,1,0,0,0,10,2010,10,2010,1,0,0,0,0,1,2,55,2,2,2,1,0,0,14,12,1,9,4,6,1,0
45,450333,1,2,1,10,6,9,5,12,2,1,0,45,1,20,23,20023,6,2008,3GNDA33P98S5,3,G,N,D,A,3,3,P,9,8,S,5,0,P,CHEV,HHR,UT,8,17,3155,,0,1035,,G,,F,4,146,,,16R215,,,,,,0,0,000000000,00000000000,0,0,0,1,0,0,0,0,0,0,0,55,0,0,0,12,6,2,12,0,0,0,1,45,29642,6,1,0,0,3,3,70,135,0,0,0,0,0,0,0,0,0,0,0,0,0,0,1,2,55,1,2,2,2,0,0,1,62,99,1,1,51,1,0
45,450333,2,2,1,10,6,9,5,12,2,1,0,45,2,35,47,35047,4,2001,1N4DL01A41C1,1,N,4,D,L,0,1,A,4,1,C,1,0,P,NISS,AGE,4D,1,17,2848,,0,1031,,G,,F,4,146,,,15R205,,,,,,0,0,000000000,00000000000,0,0,0,1,0,0,0,0,0,0,0,55,0,0,0,12,6,2,12,0,0,0,1,45,29640,6,1,0,0,3,0,71,195,0,0,0,1,2,8,2009,1,2012,0,51,0,0,0,1,2,55,1,2,2,2,0,0,1,10,99,1,2,50,1,0
45,450334,1,2,1,10,6,19,10,12,6,1,0,12,2,20,481,20481,31,1996,1GCCS19X2TK1,1,G,C,C,S,1,9,X,2,T,K,1,0,T,CHEV,S14,PC,96,17,,1,0,1229,S,G,,,6,262,,,,B,3081,00,,42,0,0,000000000,00000000000,0,0,0,1,0,0,0,0,0,0,0,55,0,0,0,12,6,2,12,0,0,0,1,12,32025,6,1,0,0,3,0,71,999,0,0,0,0,0,0,0,0,0,0,0,0,0,0,1,2,55,1,1,2,2,0,0,1,17,99,1,1,83,0,1
45,450334,2,2,1,10,6,19,10,12,6,1,0,12,1,30,40,30040,4,2011,3VWPX7AJ9BM7,3,V,W,P,X,7,A,J,9,B,M,7,0,P,VOLK,JSS,SW,11,17,3285,,0,0,,G,,F,5,151,,,000000,,,,,,0,0,000000000,00000000000,0,0,0,1,0,0,0,0,0,0,0,20,0,0,0,10,6,2,12,0,0,0,1,12,33063,6,1,0,0,3,0,77,999,0,0,0,0,0,0,0,0,0,0,38,0,0,0,1,2,55,1,1,2,2,0,0,11,15,99,1,1,82,1,1
45,450335,1,2,1,12,6,22,30,12,6,1,0,93,3,84,881,84881,66,2010,3HSCUAPR2AN2,3,H,S,C,U,A,P,R,2,A,N,2,1,T,INTL,PPR,TR,10,17,,8,0,0,PRO,D,,,6,915,,,,,00000,00,,64,1,31,0073705,310073705,3,6,1,1,0,0,0,0,0,0,0,5,0,0,0,61,2,1,12,0,0,0,1,37,28001,6,1,6,0,3,3,72,999,0,0,0,0,0,0,0,0,0,0,38,0,0,0,1,2,35,1,1,2,1,20,3,1,66,99,1,1,89,0,0
45,450335,2,2,1,12,6,22,30,12,6,1,0,39,3,20,2,20002,4,2011,2G1WF5EK7B12,2,G,1,W,F,5,E,K,7,B,1,2,0,P,CHEV,IPL,4D,11,17,3555,,0,1105,,F,,F,6,214,,,16R225,,,,,,0,0,000000000,00000000000,0,0,0,1,0,0,0,0,0,0,0,35,0,0,0,12,6,2,12,0,0,0,1,45,29323,6,1,0,0,3,0,67,135,1,0,0,4,0,4,2010,6,2012,0,0,0,0,0,1,2,35,1,1,2,1,0,0,1,17,99,1,1,88,1,0
45,450336,1,1,1,14,6,23,20,32,0,1,0,45,2,76,704,76704,80,2007,JYARJ06E17A0,J,Y,A,R,J,0,6,E,1,7,A,0,0,M,YAMA,F6S,RC,7,17,,,,,,,600,,4,,4,357,,,,,,,0,0,000000000,00000000000,0,0,0,1,0,0,0,0,0,0,0,80,0,0,0,12,6,2,1,0,0,0,1,45,29651,6,1,0,0,3,0,73,175,2,3,0,0,0,2,2010,11,2011,1,0,0,0,0,2,2,45,1,1,2,1,0,0,1,6,7,9,4,2,1,1
45,450337,1,1,1,16,6,22,10,1,0,1,0,45,1,20,481,20481,31,2000,1GCEK19T5YE1,1,G,C,E,K,1,9,T,5,Y,E,1,0,T,CHEV,SK1,3C,0,17,,2,1575,1435,SIL,G,,,8,325,,,,B,4621,02,,44,0,0,000000000,00000000000,0,0,0,1,0,0,0,0,0,0,0,70,0,1,5,0,6,2,1,0,0,0,1,45,29138,0,0,0,0,0,0,60,100,0,2,0,0,0,7,2010,7,2011,1,0,0,0,0,1,2,50,1,1,2,1,0,0,1,12,1,1,4,6,1,1
45,450338,1,2,1,16,6,16,45,12,6,1,0,45,1,73,705,73705,80,1997,JKBVNAD16VA0,J,K,B,V,N,A,D,1,6,V,A,0,0,M,KAWK,V5D,RS,97,17,,,,,,,1500,,2,,4,600,,,,,,,0,0,000000000,00000000000,0,0,0,1,0,0,0,0,0,0,0,55,0,0,0,12,6,2,12,0,0,0,1,45,29720,6,1,0,0,3,0,60,135,0,0,0,0,0,0,0,0,0,0,0,0,0,0,1,2,55,2,1,2,1,20,3,14,66,99,1,1,69,1,0
45,450338,2,2,1,16,6,16,45,12,6,1,0,45,1,63,35,63035,4,2006,KNALD1241650,K,N,A,L,D,1,2,4,1,6,5,0,0,P,KIA,AV6,4D,6,17,4012,,0,1102,,G,,F,6,213,,,16R225,,,,,,0,0,000000000,00000000000,0,0,0,1,0,0,0,0,0,0,0,25,0,0,0,3,6,2,12,0,0,0,1,45,29730,6,1,0,0,3,0,70,135,0,0,0,0,0,0,0,0,0,0,38,0,0,0,1,2,55,3,1,2,1,20,3,11,16,99,1,1,68,0,0
45,450339,1,2,3,17,6,20,10,12,2,1,0,45,2,49,40,49040,4,1997,4T1BG22K1VU7,4,T,1,B,G,2,2,K,1,V,U,7,0,P,TOYT,UEX,4D,97,17,2976,,0,1051,,G,,F,4,132,,,14R195,,,,,,0,0,000000000,00000000000,0,0,0,1,0,0,0,0,0,0,0,36,0,0,0,12,6,2,12,0,0,0,1,45,29584,6,1,0,0,3,0,74,270,0,0,0,0,0,0,0,0,0,0,0,0,0,0,1,2,55,3,1,2,1,0,0,14,62,99,1,1,51,2,0
45,450339,2,2,2,17,6,20,10,12,2,1,0,45,1,6,51,6051,4,2008,2C3KA53G68H1,2,C,3,K,A,5,3,G,6,8,H,1,0,P,CHRY,3TR,4D,8,17,3762,,0,1200,,G,,F,6,214,,,17R215,,,,,,0,0,000000000,00000000000,0,0,0,1,0,0,0,0,0,0,0,75,0,0,0,12,6,2,12,0,0,0,1,45,29540,6,1,0,0,3,0,66,206,0,0,0,2,0,12,2010,12,2011,1,51,0,0,0,1,2,55,2,1,2,1,0,0,14,10,99,1,2,50,1,1
45,450340,1,1,1,18,6,5,30,34,0,1,0,45,1,12,3,12003,2,1990,1FACP42E9LF1,1,F,A,C,P,4,2,E,9,L,F,1,0,P,FORD,MCG,2H,90,17,3191,,0,1005,,G,,F,8,302,,,15R225,,,,,,0,0,000000000,00000000000,0,0,0,1,0,0,0,0,0,0,0,45,0,0,0,12,6,2,42,0,0,0,1,45,29649,6,1,0,0,3,0,70,255,0,0,0,2,0,3,2011,12,2011,0,28,0,0,0,1,2,45,2,1,2,1,0,0,14,12,1,1,4,6,1,0
45,450341,1,3,1,19,6,13,40,12,1,1,0,45,1,84,881,84881,66,2000,2HSCEAMR4YC0,2,H,S,C,E,A,M,R,4,Y,C,0,1,T,INTL,92I,TR,0,17,,8,0,0,920,D,,,6,774,,,,,00000,00,,64,1,77,777777777,77777777777,3,6,10,1,0,0,0,0,0,0,0,37,0,0,0,12,6,2,12,0,0,0,1,45,29916,6,1,6,3,3,3,74,259,0,1,0,0,2,2,2012,5,2012,1,0,0,0,0,1,2,55,1,1,2,1,0,0,1,51,99,1,1,24,0,0
45,450341,2,3,1,19,6,13,40,12,1,1,0,45,3,82,881,82881,66,2000,1FUYDWEB6YDF,1,F,U,Y,D,W,E,B,6,Y,D,F,1,T,FRHT,FLD,TR,0,17,,8,0,0,CON,D,,,6,733,,,,,00000,00,,64,1,45,0710976,450710976,3,6,8,1,0,0,0,0,0,0,0,10,0,0,0,11,6,2,12,0,0,0,1,45,29932,6,1,6,0,3,0,63,260,0,2,0,1,0,11,2009,6,2011,0,0,0,0,0,1,2,55,1,1,2,1,0,0,1,62,99,1,1,98,0,0