STATE,ST_CASE,VEH_NO,VE_FORMS,NUMOCCS,DAY,MONTH,HOUR,MINUTE,HARM_EV,MAN_COLL,UNITTYPE,HIT_RUN,REG_STAT,OWNER,MAKE,MODEL,MAK_MOD,BODY_TYP,MOD_YEAR,VIN,VIN_1,VIN_2,VIN_3,VIN_4,VIN_5,VIN_6,VIN_7,VIN_8,VIN_9,VIN_10,VIN_11,VIN_12,TOW_VEH,VINTYPE,VINMAKE,VINA_MOD,VIN_BT,VINMODYR,VIN_LNGT,VIN_WGT,WGTCD_TR,WHLBS_LG,WHLBS_SH,SER_TR,FUELCODE,MCYCL_DS,CARBUR,CYLINDER,DISPLACE,MCYCL_CY,MCYCL_WT,TIRE_SZE,TON_RAT,TRK_WT,TRKWTVAR,VIN_REST,WHLDRWHL,J_KNIFE,MCARR_I1,MCARR_I2,MCARR_ID,GVWR,V_CONFIG,CARGO_BT,HAZ_INV,HAZ_PLAC,HAZ_ID,HAZ_CNO,HAZ_REL,BUS_USE,SPEC_USE,EMER_USE,TRAV_SP,UNDERIDE,ROLLOVER,ROLINLOC,IMPACT1,DEFORMED,TOWED,M_HARM,VEH_SC1,VEH_SC2,FIRE_EXP,DR_PRES,L_STATE,DR_ZIP,L_STATUS,L_TYPE,CDL_STAT,L_ENDORS,L_COMPL,L_RESTRI,DR_HGT,DR_WGT,PREV_ACC,PREV_SUS,PREV_DWI,PREV_SPD,PREV_OTH,FIRST_MO,FIRST_YR,LAST_MO,LAST_YR,SPEEDREL,DR_SF1,DR_SF2,DR_SF3,DR_SF4,VTRAFWAY,VNUM_LAN,VSPD_LIM,VALIGN,VPROFILE,VPAVETYP,VSURCOND,VTRAFCON,VTCONT_F,P_CRASH1,P_CRASH2,P_CRASH3,PCRASH4,PCRASH5,ACC_TYPE,DEATHS,DR_DRINK
45,450341,3,3,1,19,6,13,40,12,1,1,0,45,1,9,442,9442,20,1993,2P4GH2538PR3,2,P,4,G,H,2,5,3,8,P,R,3,0,P,PLYM,VOF,SV,93,17,3129,,0,1123,,G,,F,6,181,,,14R195,,,,,,0,0,000000000,00000000000,0,0,0,1,0,0,0,0,0,0,0,10,0,0,0,6,6,2,12,0,0,0,1,45,29921,6,1,0,0,3,0,67,140,0,0,0,1,0,7,2010,7,2010,0,0,0,0,0,1,2,55,1,1,2,1,0,0,1,53,99,1,1,25,1,0
45,450342,1,1,2,20,6,9,55,43,0,1,0,45,1,20,421,20421,15,1996,1GNDT13W3TK2,1,G,N,D,T,1,3,W,3,T,K,2,0,P,CHEV,BZR,UT,96,17,4023,,0,1070,,G,,F,6,262,,,15R235,,,,,,0,0,000000000,00000000000,0,0,0,1,0,0,0,0,0,0,0,50,0,1,5,1,6,2,1,0,0,0,1,45,29847,6,1,0,0,3,0,67,230,0,0,0,1,2,11,2009,12,2011,1,58,0,0,0,1,2,40,4,1,2,1,40,3,14,13,1,1,4,1,1,0
45,450343,1,1,1,22,6,20,35,42,0,1,0,45,1,35,472,35472,30,2012,1N6BD0CT3CC4,1,N,6,B,D,0,C,T,3,C,C,4,0,T,NISS,FSV,4C,12,17,,1,0,0,FRT,G,,,4,153,,,,,3684,00,7,42,0,0,000000000,00000000000,0,0,0,1,0,0,0,0,0,0,0,55,0,0,0,11,6,2,42,0,0,0,1,45,29681,6,1,0,0,3,3,68,185,1,0,0,0,0,12,2011,12,2011,0,0,0,0,0,1,2,55,1,1,2,1,0,0,1,13,1,1,4,1,1,1
45,450344,1,2,2,23,6,20,0,12,6,1,0,45,1,12,481,12481,31,1999,1FTRX18L8XNC,1,F,T,R,X,1,8,L,8,X,N,C,0,T,FORD,F15,4C,99,17,,2,1574,1388,COF,G,,,8,330,,,,B,00000,00,U,44,0,0,000000000,00000000000,0,0,0,1,0,0,0,0,0,0,0,54,0,0,0,12,0,1,12,0,0,0,1,45,29003,6,1,6,0,3,3,69,254,0,0,0,3,0,2,2010,2,2012,0,0,0,0,0,1,2,55,1,1,2,1,0,0,1,66,99,1,1,86,0,0
45,450344,2,2,1,23,6,20,0,12,6,1,0,45,1,98,998,98998,92,2000,999999999999,9,9,9,9,9,9,9,9,9,9,9,9,0,,,,,,,,,,,,,,,,,,,,,,,,,0,0,000000000,00000000000,0,0,0,1,0,0,0,0,0,0,0,5,0,0,0,3,2,8,12,0,0,0,1,45,29432,6,1,0,0,3,3,69,210,0,0,0,0,0,0,0,0,0,0,38,0,0,0,1,2,55,1,1,2,1,0,0,1,55,99,1,1,87,1,0
45,450345,1,1,1,23,6,21,30,34,0,1,0,45,1,72,706,72706,80,2001,1HD1CAP1X1K1,1,H,D,1,C,A,P,1,X,1,K,1,0,M,HD,L12,RS,1,17,,,,,,,1200,,2,,4,491,,,,,,,0,0,000000000,00000000000,0,0,0,1,0,0,0,0,0,0,0,55,0,0,0,12,6,2,1,0,0,0,1,45,29162,6,1,0,0,3,3,64,190,0,0,0,0,0,0,0,0,0,0,28,0,0,0,1,2,35,2,1,2,1,0,0,14,12,1,9,4,7,1,1
45,450346,1,1,1,24,6,15,15,33,0,1,0,45,1,53,705,53705,80,1996,JS1GU75A9T21,J,S,1,G,U,7,5,A,9,T,2,1,0,M,SUZI,SXW,RC,96,17,,,,,,,1074,,4,,4,487,,,,,,,0,0,000000000,00000000000,0,0,0,1,0,0,0,0,0,0,0,60,0,0,0,12,6,2,31,0,0,0,1,45,29657,6,1,0,0,3,0,69,235,0,0,0,0,0,0,0,0,0,1,0,0,0,0,2,2,45,1,1,2,1,0,0,1,13,1,1,4,1,1,1
45,450347,1,1,1,23,6,22,5,8,0,1,1,45,1,18,2,18002,4,1990,1G4HP54C6LH5,1,G,4,H,P,5,4,C,6,L,H,5,0,P,BUIC,LCF,4D,90,17,3175,,0,1108,,G,,F,6,231,,,14R205,,,,,,0,0,000000000,00000000000,0,0,0,1,0,0,0,0,0,0,0,33,0,0,0,13,2,1,8,0,0,0,1,45,29697,6,1,0,0,3,0,69,129,0,1,0,0,0,9,2010,9,2010,0,0,0,0,0,1,2,35,1,1,2,1,0,0,1,80,6,1,1,13,0,0
45,450348,1,1,3,23,6,19,35,42,0,1,0,45,2,12,481,12481,31,1997,1FTDX17W0VNB,1,F,T,D,X,1,7,W,0,V,N,B,0,T,FORD,F15,3C,97,17,,1,1570,1390,COF,G,,,8,281,,,,B,4045,03,E,42,0,0,000000000,00000000000,0,0,0,1,0,0,0,0,0,0,0,65,0,1,5,12,6,2,1,0,0,0,1,45,29203,6,1,6,0,3,0,65,155,0,0,0,0,0,0,0,0,0,1,0,0,0,0,1,2,50,3,1,2,2,0,0,14,13,1,1,4,1,1,1
45,450349,1,2,8,22,6,16,5,12,2,1,0,45,3,98,981,98981,52,2004,1Z9B5BSS44W2,1,Z,9,B,5,B,S,S,4,4,W,2,0,U,,,,4,17,,,,,,,,,,,,,,,,,,,0,77,777777777,77777777777,2,21,22,1,0,0,0,0,6,0,0,20,0,0,0,12,6,2,12,0,0,0,1,45,29643,6,1,6,3,3,3,73,220,1,0,0,0,0,3,2012,3,2012,0,0,0,0,0,1,2,35,3,1,2,1,0,0,14,62,99,1,1,51,0,0
45,450349,2,2,1,22,6,16,5,12,2,1,0,45,1,21,16,21016,4,1988,1G3JC51K7JK3,1,G,3,J,C,5,1,K,7,J,K,3,0,P,OLDS,FNZ,4D,88,17,2277,,0,1012,,G,,F,4,122,,,13R185,,,,,,0,0,000000000,00000000000,0,0,0,1,0,0,0,0,0,0,0,40,0,0,0,12,6,2,12,0,0,0,1,45,29678,6,1,0,0,3,0,68,218,2,0,0,1,1,7,2010,7,2011,0,99,99,99,99,1,2,35,2,1,2,1,0,0,14,10,99,1,2,50,1,0
45,450350,1,2,1,23,6,17,35,12,2,1,0,45,3,12,461,12461,21,2008,1FTNE24W48DA,1,F,T,N,E,2,4,W,4,8,D,A,0,T,FORD,25V,CG,8,17,,2,0,1380,VAN,G,,,8,281,,,,C,00000,00,E,42,0,0,000000000,00000000000,0,0,0,1,0,0,0,0,0,0,0,45,0,0,0,12,6,2,12,0,0,1,1,45,29657,6,1,0,0,3,0,68,190,0,0,0,1,0,11,2009,11,2009,0,0,0,0,0,1,2,45,4,1,2,1,0,0,14,62,99,1,1,51,1,0
45,450350,2,2,1,23,6,17,35,12,2,1,0,45,1,20,481,20481,31,1994,1GCHK39N9RE2,1,G,C,H,K,3,9,N,9,R,E,2,0,T,CHEV,GK3,PC,94,17,,2,0,1555,GM4,G,,,8,454,,,,D,5275,00,,44,0,0,000000000,00000000000,0,0,0,1,0,0,0,0,0,0,0,58,0,0,0,12,6,2,12,0,0,1,1,45,29657,6,1,0,0,3,0,73,180,0,0,0,0,0,0,0,0,0,0,51,0,0,0,1,2,45,4,1,2,1,0,0,14,10,99,1,2,50,0,0
45,450351,1,1,1,24,6,8,45,33,0,1,0,45,1,72,706,72706,80,2009,1HD1JM5149Y0,1,H,D,1,J,M,5,1,4,9,Y,0,0,M,HD,LTB,RS,9,17,,,,,,,1584,,2,,4,737,,,,,,,0,0,000000000,00000000000,0,0,0,1,0,0,0,0,0,0,0,30,0,0,0,3,6,2,33,0,0,0,1,45,29649,6,1,0,0,3,0,70,185,0,0,0,0,0,0,0,0,0,1,0,0,0,0,2,2,55,1,2,2,1,0,0,1,6,7,3,5,2,1,1
45,450352,1,1,1,25,6,14,30,42,0,1,0,45,3,98,881,98881,63,2005,5B4KP42U9534,5,B,4,K,P,4,2,U,9,5,3,4,0,U,,,,5,17,,,,,,,,,,,,,,,,,,,0,77,777777777,77777777777,3,2,98,1,0,0,0,0,0,0,0,70,0,0,0,12,6,2,2,0,0,1,1,45,29445,6,1,0,0,2,0,68,155,0,0,0,0,0,0,0,0,0,0,0,0,0,0,2,2,70,1,1,2,2,0,0,1,13,1,1,4,1,1,0
45,450353,1,2,1,27,6,17,10,12,6,1,0,45,3,85,881,85881,66,2000,1XKWDB0X8YJ8,1,X,K,W,D,B,0,X,8,Y,J,8,1,T,KW,W90,TR,0,17,,8,2850,1600,CON,D,,,6,893,,,,,00000,00,,64,1,45,2190336,452190336,3,6,10,1,0,0,0,0,0,0,0,55,0,1,5,12,6,2,12,0,0,0,1,45,29440,6,1,6,3,3,0,71,236,0,3,0,1,0,8,2009,3,2012,1,0,0,0,0,1,2,55,1,1,2,1,0,0,1,10,99,1,1,83,0,0
45,450353,2,2,1,27,6,17,10,12,6,1,0,45,1,20,481,20481,31,1996,1GCEK19M7TE1,1,G,C,E,K,1,9,M,7,T,E,1,1,T,CHEV,GK1,PC,96,17,,2,1555,1415,GM4,G,,,8,305,,,,B,4495,08,,44,1,0,000000000,00000000000,0,0,0,1,0,0,0,0,0,0,0,10,0,0,0,9,6,2,12,0,0,0,1,45,29590,6,1,0,0,3,0,70,160,1,0,0,1,1,2,2011,3,2011,0,0,0,0,0,1,2,55,1,1,2,1,0,0,11,15,99,1,1,82,1,0
45,450354,1,3,3,27,6,23,8,8,0,1,0,45,1,12,401,12401,14,2007,1FMEU74897UB,1,F,M,E,U,7,4,8,9,7,U,B,0,P,FORD,EPR,UT,7,17,4706,,0,1137,,G,,F,8,281,,,17R245,,,,,,0,0,000000000,00000000000,0,0,0,1,0,0,0,0,0,0,0,60,0,0,0,12,2,1,8,0,0,0,1,45,29072,6,1,0,0,3,0,64,220,0,0,0,1,0,5,2012,5,2012,0,0,0,0,0,3,3,60,1,1,2,1,0,0,1,80,99,1,1,13,0,0
45,450354,2,3,2,27,6,23,8,8,0,1,0,12,1,12,401,12401,14,2007,1FMYU03107KB,1,F,M,Y,U,0,3,1,0,7,K,B,0,P,FORD,SPE,UT,7,17,3156,,0,1031,,G,,F,6,183,,,16R235,,,,,,0,0,000000000,00000000000,0,0,0,1,0,0,0,0,0,0,0,60,0,0,0,2,2,1,8,0,0,0,1,12,32246,6,1,0,0,3,3,67,999,0,0,0,0,0,0,0,0,0,0,0,0,0,0,3,3,60,1,1,2,1,0,0,1,80,99,1,1,98,0,0
45,450354,3,3,1,27,6,23,8,8,0,1,0,12,3,49,40,49040,4,2012,4T4BF1FK2CR2,4,T,4,B,F,1,F,K,2,C,R,2,0,P,TOYT,CBA,4D,12,17,3190,,0,1093,,G,,F,4,152,,,16R205,,,,,,0,0,000000000,00000000000,0,0,0,1,0,0,0,0,0,0,0,60,0,0,0,1,6,2,8,0,0,0,1,45,29203,6,1,0,0,3,3,66,210,2,0,0,3,0,2,2010,9,2011,0,0,0,0,0,3,3,60,1,1,2,1,0,0,1,80,99,1,1,98,0,0
45,450355,1,1,5,28,6,17,15,1,0,1,0,45,1,12,422,12422,15,1997,1FMFU18L7VLA,1,F,M,F,U,1,8,L,7,V,L,A,0,P,FORD,EPT,UT,97,17,4827,,0,1190,,G,,F,8,330,,,16R255,,,,,,0,0,000000000,00000000000,0,0,0,1,0,0,0,0,0,0,0,999,0,1,5,0,6,2,1,0,0,0,1,45,29108,6,1,0,0,3,3,61,210,0,0,0,0,0,0,0,0,0,0,0,0,0,0,1,2,99,1,1,2,1,0,0,1,8,6,4,4,7,1,0
45,450356,1,1,1,29,6,2,30,32,0,1,0,45,2,37,32,37032,4,1997,1HGCD5636VA0,1,H,G,C,D,5,6,3,6,V,A,0,0,P,HOND,ULE,4D,97,17,2864,,0,1069,,G,,F,4,132,,,15R185,,,,,,0,0,000000000,00000000000,0,0,0,1,0,0,0,0,0,0,0,70,0,1,5,12,6,2,42,0,0,0,1,45,29936,6,1,0,0,3,0,62,120,0,0,0,0,0,0,0,0,0,1,0,0,0,0,1,2,35,1,1,2,1,0,0,1,6,7,3,4,2,1,1
45,450357,1,1,1,29,6,21,5,34,0,1,0,45,2,20,37,20037,4,2005,1G1ND52F45M2,1,G,1,N,D,5,2,F,4,5,M,2,0,P,CHEV,CLA,4D,5,17,3106,,0,1070,,G,,F,4,134,,,15R205,,,,,,0,0,000000000,00000000000,0,0,0,1,0,0,0,0,0,0,0,45,0,1,5,12,6,2,1,0,0,0,1,45,29073,6,1,0,0,3,0,65,165,1,1,0,0,0,2,2011,9,2011,0,0,0,0,0,1,2,45,1,2,2,1,0,0,1,8,7,3,4,2,1,1
45,450358,1,1,1,30,6,23,24,8,0,1,0,45,2,20,481,20481,31,1999,1GCEK14V6XZ1,1,G,C,E,K,1,4,V,6,X,Z,1,0,T,CHEV,SK1,PK,99,17,,2,1330,1190,SIL,G,,,8,293,,,,B,4248,00,,44,0,0,000000000,00000000000,0,0,0,1,0,0,0,0,0,0,0,35,0,0,0,12,2,1,8,0,0,0,1,45,29582,6,1,0,0,3,0,67,150,0,0,0,1,0,12,2011,12,2011,0,0,0,0,0,2,3,45,1,1,2,1,0,0,1,81,1,1,1,13,0,0
45,450359,1,1,1,30,6,20,30,34,0,1,0,45,1,14,401,14401,14,1997,4M2DU55P2VUJ,4,M,2,D,U,5,5,P,2,V,U,J,0,P,MERC,MOU,UT,97,17,0,,0,1120,,G,,F,8,302,,,15R235,,,,,,0,0,000000000,00000000000,0,0,0,1,0,0,0,0,0,0,0,55,0,1,5,12,6,2,1,0,0,0,1,45,29505,6,1,0,0,3,3,68,185,0,0,0,1,1,8,2010,4,2012,1,0,0,0,0,1,2,55,1,1,2,1,0,0,1,13,1,1,4,1,1,0
45,450360,1,2,2,28,6,17,0,12,6,1,0,37,2,12,401,12401,14,2013,1FM5K7F85DGA,1,F,M,5,K,7,F,8,5,D,G,A,0,P,FORD,EPR,UT,13,17,4557,,0,1126,,G,,F,6,214,,,20R255,,,,,,0,0,000000000,00000000000,0,0,0,1,0,0,0,0,0,0,0,55,0,0,0,12,6,2,12,0,0,0,1,37,28269,6,1,0,0,3,0,63,999,0,0,0,0,0,0,0,0,0,0,0,0,0,0,2,2,60,1,1,2,1,0,0,1,66,99,1,1,88,0,0
45,450360,2,2,4,28,6,17,0,12,6,1,0,45,1,12,4,12004,2,1994,1FALP6242RH1,1,F,A,L,P,6,2,4,2,R,H,1,0,P,FORD,THL,2D,94,17,3570,,0,1130,,G,,F,6,232,,,15R205,,,,,,0,0,000000000,00000000000,0,0,0,1,0,0,0,0,0,0,0,10,0,0,0,9,6,2,12,0,0,0,1,45,29566,6,1,0,0,3,0,67,145,0,0,0,1,0,10,2009,10,2009,0,38,0,0,0,2,2,60,1,1,2,1,20,3,1,17,99,1,1,89,1,1
45,450361,1,1,4,1,7,4,15,52,0,1,0,37,1,63,33,63033,4,2003,KNAFB1611351,K,N,A,F,B,1,6,1,1,3,5,1,0,P,KIA,SSX,4H,3,17,2686,,0,1008,,G,,F,4,109,,,14R185,,,,,,0,0,000000000,00000000000,0,0,0,1,0,0,0,0,0,0,0,80,0,1,5,10,6,2,52,0,0,0,1,37,27021,6,1,0,0,3,3,68,999,0,0,0,0,0,0,0,0,0,0,0,0,0,0,2,2,70,1,1,2,1,0,0,1,13,1,1,4,1,1,0
45,450362,1,1,1,2,7,23,49,26,0,1,0,45,1,72,706,72706,80,2010,1HD1KH415AB6,1,H,D,1,K,H,4,1,5,A,B,6,0,M,HD,LRX,RS,10,17,,,,,,,1584,,2,,4,805,,,,,,,0,0,000000000,00000000000,0,0,0,1,0,0,0,0,0,0,0,30,0,0,0,12,6,2,1,0,0,0,1,45,29412,6,1,0,0,3,3,70,220,2,1,0,1,0,8,2009,4,2011,0,8,0,0,0,3,2,30,1,1,2,1,0,0,1,12,1,9,4,6,1,1
45,450363,1,2,5,3,7,15,45,12,6,1,0,45,1,2,404,2404,14,1996,1J4GZ58S0TC3,1,J,4,G,Z,5,8,S,0,T,C,3,0,T,JEEP,LRO,4W,96,17,,1,0,1059,GCK,G,,,6,242,,,,,3686,00,E,44,0,0,000000000,00000000000,0,0,0,1,0,0,0,0,0,0,0,35,0,0,0,12,2,3,12,0,0,0,1,45,29510,6,1,0,0,3,0,66,129,1,1,0,1,1,2,2011,3,2012,0,0,0,0,0,2,3,35,1,1,2,1,0,0,1,17,99,1,1,88,0,0
45,450363,2,2,1,3,7,15,45,12,6,1,0,45,1,98,709,98709,81,2007,999999999999,9,9,9,9,9,9,9,9,9,9,9,9,0,,,,,,,,,,,,,,,,,,,,,,,,,0,0,000000000,00000000000,0,0,0,1,0,0,0,0,0,0,0,10,0,0,0,9,6,2,12,0,0,0,1,45,29440,6,1,0,0,3,0,75,140,1,0,0,0,1,3,2012,3,2012,0,38,0,0,0,2,3,30,1,1,2,1,0,0,4,17,99,1,1,89,1,0
45,450364,1,2,2,4,7,21,2,12,6,1,0,45,1,20,9,20009,2,2002,2G1FP22K8221,2,G,1,F,P,2,2,K,8,2,2,1,0,P,CHEV,CAM,CP,2,17,3323,,0,1011,,G,,F,6,231,,,16R235,,,,,,0,0,000000000,00000000000,0,0,0,1,0,0,0,0,0,0,0,20,0,0,0,3,6,2,12,0,0,0,1,45,29470,6,1,0,0,3,0,68,145,0,0,0,2,1,11,2009,12,2011,0,39,38,48,0,1,3,35,1,1,2,1,3,3,11,15,99,1,1,68,1,0
45,450364,2,2,1,4,7,21,2,12,6,1,0,45,1,20,481,20481,31,1999,2GCEC19T7X11,2,G,C,E,C,1,9,T,7,X,1,1,0,T,CHEV,SC1,3C,99,17,,2,1575,1435,SIL,G,,,8,325,,,,B,4235,02,,42,0,0,000000000,00000000000,0,0,0,1,0,0,0,0,0,0,0,35,0,0,0,12,6,2,12,0,0,0,1,45,29407,6,1,0,0,3,0,68,169,0,0,0,0,0,0,0,0,0,0,0,0,0,0,1,3,35,1,1,2,1,3,3,1,66,99,1,1,69,0,0
45,450365,1,1,1,4,7,19,30,34,0,1,0,45,2,53,704,53704,80,2007,JS1GT77AX721,J,S,1,G,T,7,7,A,X,7,2,1,0,M,SUZI,XR1,RC,7,17,,,,,,,999,,4,,4,379,,,,,,,0,0,000000000,00000000000,0,0,0,1,0,0,0,0,0,0,0,140,0,0,0,12,6,2,34,0,0,0,1,45,29545,6,1,6,3,3,0,66,145,0,1,0,0,0,2,2011,2,2011,0,8,0,0,0,1,2,55,2,1,2,1,0,0,14,12,1,1,4,6,1,0
45,450366,1,1,2,4,7,12,5,42,0,1,0,13,2,49,50,49050,3,2007,JTKDE1773701,J,T,K,D,E,1,7,7,3,7,0,1,0,P,TOYT,SXC,2H,7,17,2905,,0,1063,,G,,F,4,146,,,17R215,,,,,,0,0,000000000,00000000000,0,0,0,1,0,0,0,0,0,0,0,70,0,0,0,10,6,2,42,0,0,0,1,45,29621,6,1,0,0,3,3,71,175,0,0,0,2,0,1,2012,6,2012,1,0,0,0,0,1,2,55,1,1,2,1,0,0,1,13,1,1,4,1,1,0
45,450367,1,1,1,4,7,21,15,8,0,1,0,45,1,12,401,12401,14,2004,1FMZU63K24UB,1,F,M,Z,U,6,3,K,2,4,U,B,0,P,FORD,EPR,UT,4,17,4094,,0,1137,,F,,F,6,245,,,16R235,,,,,,0,0,000000000,00000000000,0,0,0,1,0,0,0,0,0,0,0,45,0,0,0,12,2,3,8,0,0,0,1,45,29440,1,1,5,0,2,0,67,178,0,0,0,0,0,0,0,0,0,0,0,0,0,0,1,2,45,1,1,2,1,0,0,1,80,1,1,1,13,0,1
45,450368,1,1,2,4,7,1,10,34,0,1,0,45,1,35,39,35039,4,2004,1N4BA41E24C8,1,N,4,B,A,4,1,E,2,4,C,8,0,P,NISS,MEL,4D,4,17,3310,,0,1112,,G,,F,6,214,,,17R225,,,,,,0,0,000000000,00000000000,0,0,0,1,0,0,0,0,0,0,0,65,0,1,5,12,6,2,1,0,0,0,1,45,29059,6,1,0,0,3,3,68,180,0,0,0,1,1,1,2010,8,2010,1,0,0,0,0,1,2,55,1,1,2,1,0,0,1,6,7,3,4,2,1,0
45,450369,1,2,1,5,7,15,51,12,1,1,0,45,1,24,7,24007,4,2005,1G8AJ52F05Z1,1,G,8,A,J,5,2,F,0,5,Z,1,0,P,STRN,SI2,4D,5,17,2802,,0,1032,,G,,F,4,134,,,15R195,,,,,,0,0,000000000,00000000000,0,0,0,1,0,0,0,0,0,0,0,12,0,0,0,6,6,2,12,0,0,0,1,45,29072,6,1,0,0,3,0,69,195,0,0,0,0,0,0,0,0,0,0,0,0,0,0,3,2,70,1,1,2,1,0,0,1,53,99,1,1,25,1,0
45,450369,2,2,1,5,7,15,51,12,1,1,0,1,1,23,481,23481,31,1999,1GTEK19R9XR5,1,G,T,E,K,1,9,R,9,X,R,5,0,T,GMC,SK1,3C,99,17,,2,0,1415,SIE,G,,,8,350,,,,B,5287,00,U,44,0,0,000000000,00000000000,0,0,0,1,0,0,0,0,0,0,0,70,0,0,0,12,6,2,12,0,0,0,1,1,36606,6,1,6,3,3,3,67,300,0,0,0,0,0,0,0,0,0,1,0,0,0,0,3,2,70,1,1,2,1,0,0,1,51,1,1,1,24,0,0
45,450370,1,1,1,6,7,20,32,34,0,1,0,45,1,53,704,53704,80,2003,JS1GR7HA1321,J,S,1,G,R,7,H,A,1,3,2,1,0,M,SUZI,SX7,RC,3,17,,,,,,,749,,4,,4,365,,,,,,,0,0,000000000,00000000000,0,0,0,1,0,0,0,0,0,0,0,60,0,0,0,12,6,2,42,0,0,0,1,45,29651,6,1,0,0,3,0,75,200,0,0,0,0,1,2,2012,2,2012,1,0,0,0,0,1,2,25,3,2,2,1,0,0,14,12,1,1,4,6,1,1
45,450371,1,1,3,6,7,9,10,42,0,1,0,45,1,18,2,18002,4,2001,1G4HP54K0142,1,G,4,H,P,5,4,K,0,1,4,2,0,P,BUIC,LCF,4D,1,17,3567,,0,1122,,G,,F,6,231,,,15R215,,,,,,0,0,000000000,00000000000,0,0,0,1,0,0,0,0,0,0,0,999,0,0,0,3,6,2,42,0,0,0,1,45,29204,6,1,0,0,3,3,64,130,0,0,0,0,0,0,0,0,0,0,58,81,0,0,3,2,70,1,1,2,1,0,0,1,12,6,4,4,6,2,0
45,450372,1,1,1,6,7,18,28,42,0,1,0,45,1,53,705,53705,80,2006,JS1GN79A0621,J,S,1,G,N,7,9,A,0,6,2,1,0,M,SUZI,GX6,RC,6,17,,,,,,,600,,4,,4,458,,,,,,,0,0,000000000,00000000000,0,0,0,1,0,0,0,0,0,0,0,55,0,0,0,3,6,2,42,0,0,0,1,45,29209,1,1,5,0,2,0,67,170,0,0,0,0,0,0,0,0,0,1,0,0,0,0,1,2,35,1,1,2,1,0,0,1,13,1,1,4,1,1,0
45,450373,1,1,1,7,7,17,15,53,0,1,0,45,2,49,441,49441,20,1995,JT3AC14R9S11,J,T,3,A,C,1,4,R,9,S,1,1,0,P,TOYT,PRE,SV,95,17,3874,,0,1128,,G,,Z,4,149,,,15R215,,,,,,0,0,000000000,00000000000,0,0,0,1,0,0,0,0,0,0,0,45,0,0,0,12,6,2,42,0,0,0,1,45,29210,1,1,5,0,2,0,70,185,0,1,0,1,0,11,2011,11,2011,0,0,0,0,0,1,2,30,1,1,2,1,0,0,1,13,1,1,4,1,1,1
45,450374,1,1,1,3,5,18,0,34,0,1,0,45,1,20,481,20481,31,1990,1GCDK14Z5LZ1,1,G,C,D,K,1,4,Z,5,L,Z,1,0,T,CHEV,GK1,PK,90,17,,1,1415,1175,GM4,G,,,6,262,,,,B,4117,05,,44,0,0,000000000,00000000000,0,0,0,1,0,0,0,0,0,0,0,40,0,0,0,12,6,2,34,0,0,0,1,45,29161,6,1,0,0,3,0,63,116,0,0,0,0,0,0,0,0,0,0,99,99,99,99,1,2,55,1,1,2,1,0,0,1,12,1,1,4,6,1,0
45,450375,1,1,1,8,7,22,17,34,0,1,0,45,1,38,471,38471,30,1989,JAACL11L1K72,J,A,A,C,L,1,1,L,1,K,7,2,0,T,ISU,RSB,PK,89,17,,1,0,1056,CON,G,,,4,138,,,,B,2625,01,A,42,0,0,000000000,00000000000,0,0,0,1,0,0,0,0,0,0,0,35,0,1,5,12,6,2,1,0,0,0,1,45,29477,6,1,6,0,3,0,67,163,0,0,0,0,0,0,0,0,0,0,58,0,0,0,1,2,45,1,1,2,1,0,0,1,12,1,1,4,6,1,1
45,450376,1,1,1,9,7,21,50,53,0,1,0,45,1,20,481,20481,31,1985,1GCCS14B2F21,1,G,C,C,S,1,4,B,2,F,2,1,0,T,CHEV,S14,PK,85,17,,1,1229,1083,S,G,,,6,173,,,,B,2318,10,,42,0,0,000000000,00000000000,0,0,0,1,0,0,0,0,0,0,0,25,0,0,0,12,6,2,42,0,0,0,1,45,29621,6,1,0,0,3,0,68,195,0,0,0,0,0,0,0,0,0,0,0,0,0,0,1,2,25,1,1,2,1,0,0,1,13,1,1,4,1,1,0
45,450377,1,2,1,11,7,15,31,12,6,1,0,45,1,37,32,37032,4,2005,1HGCM56485A1,1,H,G,C,M,5,6,4,8,5,A,1,0,P,HOND,ULX,4D,5,17,3177,,0,1079,,G,,F,4,146,,,15R205,,,,,,0,0,000000000,00000000000,0,0,0,1,0,0,0,0,0,0,0,5,0,0,0,9,6,2,12,0,0,0,1,45,29702,6,1,0,0,3,0,67,172,0,0,0,0,0,0,0,0,0,0,39,0,0,0,1,2,35,4,1,2,1,20,3,14,17,99,1,1,89,1,0
45,450377,2,2,1,11,7,15,31,12,6,1,0,45,1,85,881,85881,66,1998,1XKWD29X1WR7,1,X,K,W,D,2,9,X,1,W,R,7,1,T,KW,W90,TR,98,17,,8,2850,1600,CON,D,,,6,855,,,,,00000,00,,64,1,45,12789223,4512789223,3,6,6,1,0,0,0,0,0,0,0,40,0,0,0,12,6,2,12,0,0,0,1,45,29609,6,1,6,0,3,3,72,275,0,0,0,0,0,0,0,0,0,0,0,0,0,0,1,2,35,4,1,2,1,0,0,14,17,4,1,1,88,0,0
45,450378,1,6,1,12,7,17,37,12,6,1,0,45,1,49,40,49040,4,2002,4T1BF32K52U0,4,T,1,B,F,3,2,K,5,2,U,0,0,P,TOYT,LXS,4D,2,17,3296,,0,1071,,G,,F,6,183,,,15R205,,,,,,0,0,000000000,00000000000,0,0,0,1,0,0,0,0,0,0,0,0,0,0,0,9,6,2,12,0,0,0,1,45,29575,6,1,0,0,3,3,66,138,0,0,0,0,0,0,0,0,0,0,0,0,0,0,2,2,45,1,1,2,1,0,0,5,60,99,1,1,98,1,0