STATE,ST_CASE,VEH_NO,VE_FORMS,NUMOCCS,DAY,MONTH,HOUR,MINUTE,HARM_EV,MAN_COLL,UNITTYPE,HIT_RUN,REG_STAT,OWNER,MAKE,MODEL,MAK_MOD,BODY_TYP,MOD_YEAR,VIN,VIN_1,VIN_2,VIN_3,VIN_4,VIN_5,VIN_6,VIN_7,VIN_8,VIN_9,VIN_10,VIN_11,VIN_12,TOW_VEH,VINTYPE,VINMAKE,VINA_MOD,VIN_BT,VINMODYR,VIN_LNGT,VIN_WGT,WGTCD_TR,WHLBS_LG,WHLBS_SH,SER_TR,FUELCODE,MCYCL_DS,CARBUR,CYLINDER,DISPLACE,MCYCL_CY,MCYCL_WT,TIRE_SZE,TON_RAT,TRK_WT,TRKWTVAR,VIN_REST,WHLDRWHL,J_KNIFE,MCARR_I1,MCARR_I2,MCARR_ID,GVWR,V_CONFIG,CARGO_BT,HAZ_INV,HAZ_PLAC,HAZ_ID,HAZ_CNO,HAZ_REL,BUS_USE,SPEC_USE,EMER_USE,TRAV_SP,UNDERIDE,ROLLOVER,ROLINLOC,IMPACT1,DEFORMED,TOWED,M_HARM,VEH_SC1,VEH_SC2,FIRE_EXP,DR_PRES,L_STATE,DR_ZIP,L_STATUS,L_TYPE,CDL_STAT,L_ENDORS,L_COMPL,L_RESTRI,DR_HGT,DR_WGT,PREV_ACC,PREV_SUS,PREV_DWI,PREV_SPD,PREV_OTH,FIRST_MO,FIRST_YR,LAST_MO,LAST_YR,SPEEDREL,DR_SF1,DR_SF2,DR_SF3,DR_SF4,VTRAFWAY,VNUM_LAN,VSPD_LIM,VALIGN,VPROFILE,VPAVETYP,VSURCOND,VTRAFCON,VTCONT_F,P_CRASH1,P_CRASH2,P_CRASH3,PCRASH4,PCRASH5,ACC_TYPE,DEATHS,DR_DRINK
45,450378,2,6,2,12,7,17,37,12,6,1,0,45,1,12,481,12481,31,2012,1FTFW1EF4CFA,1,F,T,F,W,1,E,F,4,C,F,A,0,T,FORD,F1S,CW,12,17,,2,1570,1450,COF,F,,,8,305,,,,B,5586,02,7,44,0,0,000000000,00000000000,0,0,0,1,0,0,0,0,0,0,0,0,0,0,0,9,6,2,12,0,0,0,1,45,29732,6,1,0,0,3,0,75,230,0,0,0,0,0,0,0,0,0,0,0,0,0,0,2,2,45,1,1,2,1,0,0,5,78,99,1,1,98,0,0
45,450378,3,6,1,12,7,17,37,12,6,1,0,45,1,35,471,35471,30,1995,1N6SD11S7SC4,1,N,6,S,D,1,1,S,7,S,C,4,0,T,NISS,EXE,PK,95,17,,1,0,1043,TRK,G,,,4,146,,,,B,2728,01,A,42,0,0,000000000,00000000000,0,0,0,1,0,0,0,0,0,0,0,0,0,0,0,7,6,2,12,0,0,0,1,45,29588,6,1,0,0,3,3,70,150,0,1,0,0,0,4,2011,4,2011,0,0,0,0,0,2,2,45,1,1,2,1,0,0,5,78,99,1,1,98,0,0
45,450378,4,6,1,12,7,17,37,12,6,1,0,45,1,49,51,49051,4,2007,JTDBT9238710,J,T,D,B,T,9,2,3,8,7,1,0,0,P,TOYT,YAR,4D,7,17,2288,,0,969,,G,,F,4,092,,,14R175,,,,,,0,0,000000000,00000000000,0,0,0,1,0,0,0,0,0,0,0,0,0,0,0,6,6,2,12,0,0,0,1,45,29575,6,1,0,0,3,0,66,145,0,0,0,0,0,0,0,0,0,0,0,0,0,0,2,2,45,1,1,2,1,0,0,5,78,99,1,1,98,0,0
45,450378,5,6,1,12,7,17,37,12,6,1,0,45,1,49,472,49472,30,2004,5TEGN92N54Z3,5,T,E,G,N,9,2,N,5,4,Z,3,0,T,TOYT,DCP,CW,4,17,,1,0,1219,TAC,G,,,6,206,,,,B,3475,00,U,42,0,0,000000000,00000000000,0,0,0,1,0,0,0,0,0,0,0,0,0,0,0,6,6,2,12,0,0,0,1,45,29209,6,1,0,0,3,0,71,195,0,1,0,1,0,10,2009,12,2009,0,0,0,0,0,2,2,45,1,1,2,1,0,0,5,78,99,1,1,98,0,0
45,450378,6,6,1,12,7,17,37,12,6,1,0,34,1,48,34,48034,4,2006,4S3BL6769662,4,S,3,B,L,6,7,6,9,6,6,2,0,P,SUBA,LTL,4D,6,17,3300,,0,1051,,G,,T,4,152,,,17R215,,,,,,0,0,000000000,00000000000,0,0,0,1,0,0,0,0,0,0,0,999,0,0,0,12,6,2,12,0,0,0,1,34,7070,6,1,0,0,3,0,70,999,0,0,0,0,2,9,2009,6,2010,0,0,0,0,0,2,2,45,1,1,2,1,0,0,1,13,99,9,2,98,0,0
45,450379,1,1,1,12,7,23,30,34,0,1,0,45,1,6,43,6043,4,1998,4C3AU52N2WE0,4,C,3,A,U,5,2,N,2,W,E,0,0,P,CHRY,SLI,CP,98,17,3093,,0,1037,,G,,F,6,152,,,17R215,,,,,,0,0,000000000,00000000000,0,0,0,1,0,0,0,0,0,0,0,70,0,1,5,2,6,2,42,0,0,0,1,45,29712,6,1,0,0,3,0,70,180,0,0,0,0,0,0,0,0,0,1,0,0,0,0,1,2,45,3,2,2,2,0,0,14,13,1,1,4,1,1,1
45,450380,1,2,1,13,7,16,10,12,2,1,0,45,1,98,709,98709,81,9999,999999999999,9,9,9,9,9,9,9,9,9,9,9,9,0,,,,,,,,,,,,,,,,,,,,,,,,,0,0,000000000,00000000000,0,0,0,1,0,0,0,0,0,0,0,10,0,0,0,12,6,2,12,0,0,0,1,45,29056,0,0,0,0,0,0,999,999,99,99,99,99,99,99,9999,99,9999,0,0,0,0,0,1,2,55,1,1,2,1,0,0,1,62,99,1,1,51,1,0
45,450380,2,2,1,13,7,16,10,12,2,1,0,45,1,35,472,35472,30,2002,1N6DD26S52C3,1,N,6,D,D,2,6,S,5,2,C,3,0,T,NISS,FKX,PC,2,17,,1,0,1161,FRT,G,,,4,146,,,,B,3099,01,E,42,0,0,000000000,00000000000,0,0,0,1,0,0,0,0,0,0,0,55,0,0,0,12,6,2,12,0,0,0,1,45,29056,6,1,6,3,3,3,70,190,0,0,0,0,0,0,0,0,0,0,51,0,0,0,1,2,55,1,1,2,1,0,0,1,54,99,1,2,50,0,1
45,450381,1,2,2,16,5,19,50,12,6,1,0,45,1,12,443,12443,20,2004,2FMZA51644BA,2,F,M,Z,A,5,1,6,4,4,B,A,0,P,FORD,FRE,SV,4,17,4275,,0,1208,,G,,F,6,238,,,16R225,,,,,,0,0,000000000,00000000000,0,0,0,1,0,0,0,0,0,0,0,45,0,0,0,12,6,2,12,0,0,0,1,45,29129,1,1,5,0,2,0,66,125,0,1,0,1,0,1,2011,3,2011,0,0,0,0,0,1,2,55,2,2,2,2,0,0,14,62,99,1,1,65,0,0
45,450381,2,2,2,16,5,19,50,12,6,1,0,45,2,10,37,10037,3,1997,4E3AK54F2VE1,4,E,3,A,K,5,4,F,2,V,E,1,0,P,EGIL,TSI,2H,97,17,2789,,0,988,,G,,T,4,122,,,16R205,,,,,,0,0,000000000,00000000000,0,0,0,1,0,0,0,0,0,0,0,55,0,0,0,3,6,2,12,0,0,0,1,45,29166,6,1,0,0,3,0,66,130,0,0,0,1,0,1,2010,1,2010,1,58,51,0,0,1,2,55,3,2,2,2,0,0,14,6,6,9,2,64,2,0
45,450382,1,1,4,21,5,17,0,42,0,1,0,45,2,37,31,37031,4,1991,JHMED3659MS0,J,H,M,E,D,3,6,5,9,M,S,0,0,P,HOND,CLX,4D,91,17,2322,,0,906,,G,,F,4,091,,,13R175,,,,,,0,0,000000000,00000000000,0,0,0,1,0,0,0,0,0,0,0,55,0,0,0,12,6,2,42,0,0,0,1,45,29450,6,1,0,0,3,0,70,170,0,0,0,1,0,4,2010,4,2010,1,0,0,0,0,1,2,55,3,1,2,2,0,0,14,13,1,1,4,1,1,0
45,450383,1,1,1,2,7,6,6,10,0,1,0,45,1,12,17,12017,4,2000,1FAFP53UXYA2,1,F,A,F,P,5,3,U,X,Y,A,2,0,P,FORD,TSE,4D,0,17,3333,,0,1085,,G,,F,6,182,,,16R215,,,,,,0,0,000000000,00000000000,0,0,0,1,0,0,0,0,0,0,0,5,0,0,0,9,6,2,10,0,0,0,1,45,29410,6,1,0,0,3,3,65,195,0,0,0,0,0,0,0,0,0,0,39,0,0,0,1,2,35,1,3,2,1,65,3,1,17,1,1,1,98,1,0
45,450384,1,2,2,13,7,23,0,18,0,1,0,45,1,37,31,37031,4,2006,2HGFG12656H5,2,H,G,F,G,1,2,6,5,6,H,5,0,P,HOND,UCL,CP,6,17,2716,,0,1043,,G,,F,4,110,,,16R205,,,,,,0,0,000000000,00000000000,0,0,0,1,0,0,0,0,0,0,0,1,0,0,0,9,6,2,12,0,0,0,1,45,29690,6,1,0,0,3,0,66,195,0,0,0,1,0,4,2012,4,2012,0,0,0,0,0,2,2,45,1,1,2,2,3,3,1,16,99,1,1,98,1,1
45,450384,2,2,1,13,7,23,0,18,0,1,0,47,2,12,481,12481,31,1993,1FTEX14N5PKA,1,F,T,E,X,1,4,N,5,P,K,A,0,T,FORD,F15,PC,93,17,,2,1550,1390,COF,G,,,8,302,,,,B,00000,00,A,44,0,0,000000000,00000000000,0,0,0,1,0,0,0,0,0,0,0,66,0,0,0,10,6,2,12,0,0,0,1,99,37921,9,9,99,9,9,9,999,999,99,99,99,99,99,99,9999,99,9999,0,0,0,0,0,2,2,45,1,1,2,2,3,3,1,17,99,1,4,1,0,1
45,450385,1,2,1,13,7,9,40,12,6,1,0,45,2,35,471,35471,30,1997,1N6SD11S4VC4,1,N,6,S,D,1,1,S,4,V,C,4,0,T,NISS,XES,PK,97,17,,1,0,1043,TRK,G,,,4,146,,,,B,2718,01,M,42,0,0,000000000,00000000000,0,0,0,1,0,0,0,0,0,0,0,55,0,0,0,3,6,2,12,0,0,0,1,45,29323,6,1,0,0,3,0,69,130,0,0,0,2,0,8,2011,2,2012,1,28,0,0,0,1,2,45,2,2,2,2,0,0,14,6,6,9,2,64,1,0
45,450385,2,2,3,13,7,9,40,12,6,1,0,45,3,12,481,12481,31,2001,1FTZF17231NB,1,F,T,Z,F,1,7,2,3,1,N,B,0,T,FORD,F15,PK,1,17,,1,1385,1199,COF,G,,,6,256,,,,B,3923,04,U,42,0,0,000000000,00000000000,0,0,0,1,0,0,0,0,0,0,0,40,0,0,0,11,6,2,12,0,0,0,1,45,29303,6,1,0,0,3,0,65,148,0,0,0,0,0,0,0,0,0,0,0,0,0,0,1,2,45,3,2,2,2,0,0,14,10,99,1,1,65,0,0
45,450386,1,1,3,13,7,16,0,34,0,1,0,45,1,7,482,7482,31,1999,3B7KF2369XG1,3,B,7,K,F,2,3,6,9,X,G,1,0,T,DODG,Q25,4C,99,17,,2,1547,1387,RPC,D,,,6,359,,,,C,5695,00,U,44,0,0,000000000,00000000000,0,0,0,1,0,0,0,0,0,0,0,999,0,1,5,12,6,2,1,0,0,0,1,45,29153,6,1,0,0,3,0,71,190,1,0,0,0,1,3,2010,6,2010,1,0,0,0,0,1,2,55,1,1,2,1,0,0,1,13,7,1,4,1,1,0
45,450387,1,3,2,14,7,22,0,12,6,1,0,17,1,49,442,49442,20,2011,5TDKK3DC7BS0,5,T,D,K,K,3,D,C,7,B,S,0,0,P,TOYT,SIE,SV,11,17,4365,,0,1193,,G,,F,6,214,,,17R235,,,,,,0,0,000000000,00000000000,0,0,0,1,0,0,0,0,0,0,0,12,0,0,0,9,6,2,12,0,0,0,1,17,60016,6,1,0,0,3,0,65,150,0,0,0,0,0,0,0,0,0,0,38,0,0,0,2,2,45,1,1,2,1,21,3,11,15,99,1,1,82,0,0
45,450387,2,3,1,14,7,22,0,12,6,1,0,45,1,72,706,72706,80,2002,1HD1GDV192Y3,1,H,D,1,G,D,V,1,9,2,Y,3,0,M,HD,FDL,RS,2,17,,,,,,,1450,,2,,4,612,,,,,,,0,0,000000000,00000000000,0,0,0,1,0,0,0,0,0,0,0,48,0,0,0,12,6,2,12,0,0,0,1,45,29575,6,1,0,0,3,0,67,220,1,3,0,1,0,8,2010,2,2012,0,0,0,0,0,2,2,45,1,1,2,1,0,0,1,66,4,1,1,83,1,1
45,450387,3,3,1,14,7,22,0,12,6,1,0,45,1,72,706,72706,80,2000,1HD1GDV18YY3,1,H,D,1,G,D,V,1,8,Y,Y,3,0,M,HD,FDL,RS,0,17,,,,,,,1450,,2,,4,614,,,,,,,0,0,000000000,00000000000,0,0,0,1,0,0,0,0,0,0,0,48,0,0,0,0,6,2,1,0,0,0,1,45,29575,6,1,0,0,3,3,61,260,0,0,0,0,0,0,0,0,0,0,0,0,0,0,2,2,45,1,1,2,1,0,0,1,17,4,1,1,98,0,0
45,450388,1,1,2,14,7,21,5,30,0,1,0,45,2,42,43,42043,4,1996,WDBGA43E3TA3,W,D,B,G,A,4,3,E,3,T,A,3,0,P,MERZ,S42,4D,96,17,4495,,0,1236,,G,,F,8,256,,,16R235,,,,,,0,0,000000000,00000000000,0,0,0,1,0,0,0,0,0,0,0,70,0,0,0,1,6,2,30,0,0,0,1,45,29414,1,1,5,0,2,0,69,170,0,2,0,0,1,8,2011,11,2011,1,0,0,0,0,1,2,55,1,1,2,1,0,0,1,13,1,1,4,1,1,1
45,450389,1,2,1,14,7,14,16,12,2,1,0,45,1,49,471,49471,30,1995,JT4RN81A5S52,J,T,4,R,N,8,1,A,5,S,5,2,0,T,TOYT,SWS,PK,95,17,,1,0,1030,HTP,G,,,4,144,,,,B,2690,00,A,42,0,0,000000000,00000000000,0,0,0,1,0,0,0,0,0,0,0,999,0,0,0,12,6,2,12,0,0,0,1,45,29627,6,1,0,0,3,0,70,197,0,0,0,0,0,0,0,0,0,0,0,0,0,0,1,2,50,1,1,2,1,0,0,1,62,99,1,1,51,1,1
45,450389,2,2,1,14,7,14,16,12,2,1,0,45,2,14,401,14401,14,1997,4M2DU55P8VUJ,4,M,2,D,U,5,5,P,8,V,U,J,0,P,MERC,MOU,UT,97,17,0,,0,1120,,G,,F,8,302,,,15R235,,,,,,0,0,000000000,00000000000,0,0,0,1,0,0,0,0,0,0,0,999,0,0,0,12,6,2,12,0,0,0,1,45,29642,6,1,0,0,3,0,66,120,0,0,0,3,0,4,2010,1,2012,0,51,0,0,0,1,2,50,1,1,2,1,0,0,1,10,99,1,2,50,0,0
45,450390,1,1,3,15,7,2,13,30,0,1,0,45,1,14,39,14039,4,2004,2MHHM79V84X6,2,M,H,H,M,7,9,V,8,4,X,6,0,P,MERC,MAU,4D,4,17,4199,,0,1147,,G,,F,8,281,,,18R235,,,,,,0,0,000000000,00000000000,0,0,0,1,0,0,0,0,0,0,0,70,0,0,0,99,6,2,42,0,0,0,1,45,29407,6,1,0,0,3,3,67,180,0,0,0,1,0,5,2011,5,2011,1,58,0,0,0,1,2,35,1,1,2,1,0,0,1,12,99,9,4,6,3,1
45,450391,1,1,1,15,7,22,50,42,0,1,0,45,1,72,709,72709,80,1972,999999999999,9,9,9,9,9,9,9,9,9,9,9,9,0,,,,,,,,,,,,,,,,,,,,,,,,,0,0,000000000,00000000000,0,0,0,1,0,0,0,0,0,0,0,55,0,0,0,12,6,2,42,0,0,0,1,45,29803,6,1,0,0,3,3,71,185,0,0,0,0,0,0,0,0,0,0,0,0,0,0,1,2,55,1,1,2,1,0,0,1,13,1,1,4,1,1,1
45,450392,1,1,2,15,7,3,0,34,0,1,0,12,1,35,47,35047,4,2006,1N4AL11D96N4,1,N,4,A,L,1,1,D,9,6,N,4,0,P,NISS,ASL,4D,6,17,2915,,0,1102,,G,,F,4,153,,,16R215,,,,,,0,0,000000000,00000000000,0,0,0,1,0,0,0,0,0,0,0,40,0,1,5,12,6,2,1,0,0,0,1,12,29690,6,1,0,0,3,0,69,999,0,0,0,0,1,7,2010,7,2010,0,0,0,0,0,1,2,45,4,1,2,1,40,3,14,13,1,9,4,1,1,1
45,450393,1,1,1,17,7,3,45,8,0,1,1,99,9,99,999,99999,99,9999,999999999999,9,9,9,9,9,9,9,9,9,9,9,9,0,,,,,,,,,,,,,,,,,,,,,,,,,0,0,000000000,00000000000,0,0,0,1,0,0,0,0,0,0,0,999,0,0,0,99,9,1,8,0,0,0,1,99,99999,9,9,99,9,9,9,999,999,99,99,99,99,99,99,9999,99,9999,0,0,0,0,0,3,3,70,1,1,2,1,0,0,1,80,1,1,1,13,0,0
45,450394,1,2,1,17,7,22,28,12,1,1,0,47,2,37,471,37471,30,2007,2HJYK16477H5,2,H,J,Y,K,1,6,4,7,7,H,5,0,T,HOND,RTS,CW,7,17,,2,0,1220,RID,G,,,6,214,,,,,4491,00,S,44,0,0,000000000,00000000000,0,0,0,1,0,0,0,0,0,0,0,45,0,0,0,12,6,2,12,0,0,0,1,47,37923,6,1,0,0,3,0,69,155,0,0,0,0,0,0,0,0,0,0,0,0,0,0,2,2,45,1,1,2,1,0,0,1,50,99,1,1,20,0,0
45,450394,2,2,1,17,7,22,28,12,1,1,0,45,1,98,709,98709,81,9999,999999999999,9,9,9,9,9,9,9,9,9,9,9,9,0,,,,,,,,,,,,,,,,,,,,,,,,,0,0,000000000,00000000000,0,0,0,1,0,0,0,0,0,0,0,0,0,0,0,6,6,2,12,0,0,0,1,45,29403,6,1,0,0,3,0,61,143,0,0,0,0,0,0,0,0,0,0,54,0,0,0,2,2,45,1,1,2,1,0,0,5,53,99,1,1,21,1,0
45,450395,1,2,13,17,7,18,50,12,6,1,0,45,3,90,981,90981,52,2001,1BABNB0AX1F2,1,B,A,B,N,B,0,A,X,1,F,2,0,T,BLUI,,,1,17,,,,,,,,,,,,,,,,,,,0,77,777777777,77777777777,3,21,22,1,0,0,0,0,6,0,0,45,0,0,0,12,2,3,12,0,0,0,1,45,29556,6,1,6,3,3,0,67,196,0,0,0,0,0,0,0,0,0,0,0,0,0,0,2,2,45,1,1,2,1,0,0,1,71,99,1,1,88,0,0
45,450395,2,2,1,17,7,18,50,12,6,1,0,45,1,7,482,7482,31,1996,3B7KC23Z6TM1,3,B,7,K,C,2,3,Z,6,T,M,1,0,T,DODG,250,PC,96,17,,2,1547,1387,RPC,G,,,8,360,,,,C,4689,01,M,42,0,0,000000000,00000000000,0,0,0,1,0,0,0,0,0,0,0,5,0,0,0,9,6,2,12,0,0,0,1,45,29585,6,1,0,0,3,0,73,185,0,4,0,0,0,12,2010,6,2012,0,38,0,0,0,2,2,45,1,1,2,1,0,0,4,66,99,1,1,89,1,1
45,450396,1,1,1,17,7,23,1,52,0,1,0,45,2,2,404,2404,14,1994,1J4GZ78Y7RC1,1,J,4,G,Z,7,8,Y,7,R,C,1,0,T,JEEP,LMT,4W,94,17,,1,0,1059,GCK,G,,,8,318,,,,,3674,00,B,44,0,0,000000000,00000000000,0,0,0,1,0,0,0,0,0,0,0,65,0,1,5,12,6,2,52,0,0,0,1,45,29687,6,2,0,0,3,0,62,120,0,0,0,0,0,0,0,0,0,1,0,0,0,0,1,2,45,4,2,2,1,40,3,14,6,6,9,4,7,1,1
45,450397,1,1,1,17,7,12,30,34,0,1,0,45,1,53,704,53704,80,2007,JS1GN7DAX721,J,S,1,G,N,7,D,A,X,7,2,1,0,M,SUZI,G60,RC,7,17,,,,,,,599,,4,,4,354,,,,,,,0,0,000000000,00000000000,0,0,0,1,0,0,0,0,0,0,0,55,0,0,0,12,6,2,34,0,0,0,1,45,29527,6,1,0,0,3,3,74,180,0,0,0,0,0,0,0,0,0,1,0,0,0,0,1,2,45,3,1,2,1,0,0,14,13,1,1,4,1,1,0
45,450398,1,1,3,18,7,22,27,1,0,1,0,45,1,37,32,37032,4,1996,1HGCD5668TA2,1,H,G,C,D,5,6,6,8,T,A,2,0,P,HOND,UEX,4D,96,17,2985,,0,1069,,G,,F,4,132,,,15R195,,,,,,0,0,000000000,00000000000,0,0,0,1,0,0,0,0,0,0,0,90,0,1,5,0,6,2,1,0,0,0,1,45,29464,6,1,0,0,3,0,68,130,0,0,0,3,0,1,2011,9,2011,1,0,0,0,0,1,2,45,3,1,2,1,0,0,14,6,7,9,4,2,1,0
45,450399,1,2,1,18,7,7,0,12,6,1,0,45,2,21,20,21020,4,1996,1G3WH52M2TF3,1,G,3,W,H,5,2,M,2,T,F,3,0,P,OLDS,SUL,4D,96,17,3388,,0,1075,,G,,F,6,191,,,15R205,,,,,,0,0,000000000,00000000000,0,0,0,1,0,0,0,0,0,0,0,71,0,0,0,3,6,2,12,0,0,0,1,45,29851,6,1,0,0,3,0,68,190,0,0,0,0,0,0,0,0,0,1,51,8,58,0,1,2,40,1,1,2,1,0,0,1,6,6,9,2,64,1,1
45,450399,2,2,1,18,7,7,0,12,6,1,0,45,2,55,401,55401,14,2010,5NMSG3AB0AH4,5,N,M,S,G,3,A,B,0,A,H,4,0,P,HYUN,SAN,UT,10,17,3688,,0,1063,,G,,F,4,144,,,17R235,,,,,,0,0,000000000,00000000000,0,0,0,1,0,0,0,0,0,0,0,30,0,0,0,12,6,2,12,0,0,0,1,45,29851,6,1,0,0,3,0,69,150,1,1,0,1,0,9,2010,7,2012,0,0,0,0,0,1,2,40,1,1,2,1,0,0,1,62,99,1,1,65,0,0
45,450400,1,2,1,18,7,5,0,12,6,1,0,45,3,84,881,84881,66,2005,2HSCEAPR65C0,2,H,S,C,E,A,P,R,6,5,C,0,1,T,INTL,92I,TR,5,17,,8,0,0,920,D,,,6,915,,,,,00000,00,,64,1,45,00063366,4500063366,3,6,1,1,0,0,0,0,0,0,0,999,0,0,0,4,2,1,12,0,0,0,1,45,29550,6,1,6,3,3,0,74,200,0,0,0,0,0,0,0,0,0,0,28,0,0,0,2,2,45,1,1,2,1,0,0,1,54,8,4,2,65,0,0
45,450400,2,2,1,18,7,5,0,12,6,1,0,45,1,98,709,98709,81,2010,999999999999,9,9,9,9,9,9,9,9,9,9,9,9,0,,,,,,,,,,,,,,,,,,,,,,,,,0,0,000000000,00000000000,0,0,0,1,0,0,0,0,0,0,0,999,0,0,0,12,6,2,12,0,0,0,1,45,29550,6,1,0,0,3,0,63,185,0,0,0,0,0,0,0,0,0,0,51,0,0,0,2,2,45,1,1,2,1,0,0,1,54,99,1,1,64,1,0
45,450401,1,2,1,18,7,13,30,12,1,1,0,45,2,12,880,12880,67,1995,1FDZW90T3SVA,1,F,D,Z,W,9,0,T,3,S,V,A,0,T,FORD,LN9,CC,95,17,,8,2580,1380,CON,D,,,6,638,,,,,13132,12,A,64,0,77,777777777,77777777777,2,2,4,1,0,0,0,0,0,0,0,11,0,0,0,6,6,2,12,0,0,0,1,45,29582,6,1,0,0,3,3,75,155,0,0,0,0,0,0,0,0,0,0,0,0,0,0,2,2,60,1,1,2,1,0,0,1,53,99,1,1,25,0,0
45,450401,2,2,1,18,7,13,30,12,1,1,0,45,1,12,481,12481,31,2008,1FTWW33R38EA,1,F,T,W,W,3,3,R,3,8,E,A,0,T,FORD,F3D,CW,8,17,,3,1720,1560,DRW,D,,,8,390,,,,D,7256,01,E,44,0,0,000000000,00000000000,0,0,0,1,0,0,0,0,0,0,0,60,0,0,0,12,6,2,12,0,0,0,1,45,29470,6,1,0,0,3,3,72,250,0,0,0,0,0,0,0,0,0,1,0,0,0,0,2,2,60,1,1,2,1,0,0,1,51,99,1,1,24,1,0
45,450402,1,1,8,19,7,16,32,1,0,1,0,45,3,12,401,12401,14,1998,1FMYU22X3WUC,1,F,M,Y,U,2,2,X,3,W,U,C,0,P,FORD,EPR,UT,98,17,3692,,0,1017,,G,,F,6,245,,,15R225,,,,,,0,0,000000000,00000000000,0,0,0,1,0,0,0,0,0,0,0,70,0,1,5,0,6,2,1,0,0,0,1,45,29203,1,1,5,0,2,0,66,248,0,2,0,2,0,2,2010,7,2010,0,80,0,0,0,3,2,70,1,1,2,1,0,0,1,1,7,9,4,2,3,0
45,450403,1,1,1,20,7,1,45,30,0,1,0,13,1,20,2,20002,4,2009,2G1WT57K7912,2,G,1,W,T,5,7,K,7,9,1,2,0,P,CHEV,ILT,4D,9,17,3555,,0,1105,,F,,F,6,214,,,16R225,,,,,,0,0,000000000,00000000000,0,0,0,1,0,0,0,0,0,0,0,60,0,0,0,12,6,2,30,0,0,0,1,13,30643,6,1,0,0,3,0,65,178,98,0,0,0,0,0,0,0,0,1,0,0,0,0,3,3,60,1,1,2,1,0,0,1,13,1,1,4,1,1,0
45,450404,1,2,2,20,7,14,30,12,6,1,0,45,1,12,481,12481,31,1995,1FTHX25H5SKB,1,F,T,H,X,2,5,H,5,S,K,B,1,T,FORD,F25,PC,95,17,,2,0,1550,COF,G,,,8,351,,,,C,00000,00,A,42,1,0,000000000,00000000000,0,0,0,1,0,0,0,0,0,0,0,0,0,0,0,9,2,1,12,0,0,0,1,45,29661,6,1,6,3,3,0,71,240,0,4,0,0,0,4,2011,6,2012,0,0,0,0,0,1,2,30,3,1,2,1,0,0,14,62,7,1,1,65,0,0
45,450404,2,2,1,20,7,14,30,12,6,1,0,45,1,98,709,98709,81,2011,999999999999,9,9,9,9,9,9,9,9,9,9,9,9,0,,,,,,,,,,,,,,,,,,,,,,,,,0,0,000000000,00000000000,0,0,0,1,0,0,0,0,0,0,0,25,0,0,0,12,6,2,12,0,0,0,1,45,29661,1,1,5,0,2,0,71,165,0,0,0,0,0,0,0,0,0,0,0,0,0,0,1,2,30,2,1,2,1,0,0,14,10,99,1,1,64,1,1
45,450405,1,1,1,20,7,11,40,33,0,1,0,45,1,20,441,20441,20,1994,1GCDM19ZXRB2,1,G,C,D,M,1,9,Z,X,R,B,2,0,T,CHEV,AST,EC,94,17,,1,0,1110,AST,G,,,6,262,,,,B,3741,00,,42,0,0,000000000,00000000000,0,0,0,1,0,0,0,0,0,0,0,45,0,1,5,2,6,2,1,0,0,0,1,45,29203,1,1,5,0,2,0,73,220,0,0,0,0,0,0,0,0,0,0,0,0,0,0,2,2,45,1,2,2,1,0,0,1,13,1,1,4,1,1,1
45,450406,1,1,1,21,7,5,50,42,0,1,0,45,1,67,32,67032,3,2012,JTKJF5C75C30,J,T,K,J,F,5,C,7,5,C,3,0,0,P,TOYT,SXC,2H,12,17,3036,,0,1063,,G,,F,4,152,,,18R225,,,,,,0,0,000000000,00000000000,0,0,0,1,0,0,0,0,0,0,0,75,0,0,0,12,6,2,42,0,0,0,1,45,29483,6,1,0,0,3,0,71,165,0,0,0,0,0,0,0,0,0,1,0,0,0,0,2,2,70,1,1,2,1,0,0,1,12,1,1,4,6,1,0
45,450407,1,1,1,22,7,21,48,8,0,1,0,45,1,54,31,54031,3,1996,JH4DC4460TS0,J,H,4,D,C,4,4,6,0,T,S,0,0,P,ACUR,ISE,2H,96,17,2601,,0,1012,,G,,F,4,112,,,15R195,,,,,,0,0,000000000,00000000000,0,0,0,1,0,0,0,0,0,0,0,55,0,0,0,12,6,2,8,0,0,0,1,45,29527,6,1,0,0,3,3,76,190,0,0,0,0,0,0,0,0,0,0,0,0,0,0,1,2,55,1,1,2,1,0,0,1,80,1,1,1,13,0,0
45,450408,1,1,1,22,7,14,30,30,0,1,0,45,1,12,401,12401,14,1999,1FMZU32P3XUB,1,F,M,Z,U,3,2,P,3,X,U,B,0,P,FORD,EPR,UT,99,17,3891,,0,1116,,G,,F,8,302,,,15R225,,,,,,0,0,000000000,00000000000,0,0,0,1,0,0,0,0,0,0,0,85,0,1,5,10,6,2,1,0,0,0,1,45,29571,1,1,5,0,2,0,67,185,0,0,0,0,0,0,0,0,0,1,0,0,0,0,1,2,55,2,1,2,1,0,0,14,12,1,9,4,6,1,1
45,450409,1,2,2,15,7,21,35,12,6,1,0,45,1,49,403,49403,14,2009,JTEDS41A0920,J,T,E,D,S,4,1,A,0,9,2,0,0,P,TOYT,HIG,UT,9,17,3979,,0,1098,,G,,F,6,214,,,16R265,,,,,,0,0,000000000,00000000000,0,0,0,1,0,0,0,0,0,0,0,35,0,0,0,3,2,3,12,0,0,0,1,45,29204,6,1,0,0,3,0,67,165,0,0,0,1,0,7,2010,7,2010,0,0,0,0,0,1,2,35,1,1,2,1,3,3,1,66,99,1,1,87,0,0