STATE,ST_CASE,VEH_NO,VE_FORMS,NUMOCCS,DAY,MONTH,HOUR,MINUTE,HARM_EV,MAN_COLL,UNITTYPE,HIT_RUN,REG_STAT,OWNER,MAKE,MODEL,MAK_MOD,BODY_TYP,MOD_YEAR,VIN,VIN_1,VIN_2,VIN_3,VIN_4,VIN_5,VIN_6,VIN_7,VIN_8,VIN_9,VIN_10,VIN_11,VIN_12,TOW_VEH,VINTYPE,VINMAKE,VINA_MOD,VIN_BT,VINMODYR,VIN_LNGT,VIN_WGT,WGTCD_TR,WHLBS_LG,WHLBS_SH,SER_TR,FUELCODE,MCYCL_DS,CARBUR,CYLINDER,DISPLACE,MCYCL_CY,MCYCL_WT,TIRE_SZE,TON_RAT,TRK_WT,TRKWTVAR,VIN_REST,WHLDRWHL,J_KNIFE,MCARR_I1,MCARR_I2,MCARR_ID,GVWR,V_CONFIG,CARGO_BT,HAZ_INV,HAZ_PLAC,HAZ_ID,HAZ_CNO,HAZ_REL,BUS_USE,SPEC_USE,EMER_USE,TRAV_SP,UNDERIDE,ROLLOVER,ROLINLOC,IMPACT1,DEFORMED,TOWED,M_HARM,VEH_SC1,VEH_SC2,FIRE_EXP,DR_PRES,L_STATE,DR_ZIP,L_STATUS,L_TYPE,CDL_STAT,L_ENDORS,L_COMPL,L_RESTRI,DR_HGT,DR_WGT,PREV_ACC,PREV_SUS,PREV_DWI,PREV_SPD,PREV_OTH,FIRST_MO,FIRST_YR,LAST_MO,LAST_YR,SPEEDREL,DR_SF1,DR_SF2,DR_SF3,DR_SF4,VTRAFWAY,VNUM_LAN,VSPD_LIM,VALIGN,VPROFILE,VPAVETYP,VSURCOND,VTRAFCON,VTCONT_F,P_CRASH1,P_CRASH2,P_CRASH3,PCRASH4,PCRASH5,ACC_TYPE,DEATHS,DR_DRINK
45,450409,2,2,1,15,7,21,35,12,6,1,0,45,1,98,709,98709,81,9999,999999999999,9,9,9,9,9,9,9,9,9,9,9,9,0,,,,,,,,,,,,,,,,,,,,,,,,,0,0,000000000,00000000000,0,0,0,1,0,0,0,0,0,0,0,35,0,0,0,12,6,2,12,0,0,0,1,45,29172,1,1,5,0,2,0,73,170,0,0,2,0,0,9,2009,10,2009,0,39,0,0,0,1,2,35,1,1,2,1,3,3,1,17,99,1,1,86,1,1
45,450410,1,1,1,23,7,16,0,35,0,1,0,45,1,37,32,37032,4,1999,JHMCG667XXC0,J,H,M,C,G,6,6,7,X,X,C,0,0,P,HOND,UEX,4D,99,17,3086,,0,1069,,G,,F,4,138,,,15R195,,,,,,0,0,000000000,00000000000,0,0,0,1,0,0,0,0,0,0,0,35,0,0,0,12,2,3,42,0,0,0,1,45,29745,6,1,0,0,3,0,65,140,0,0,0,0,0,0,0,0,0,1,0,0,0,0,1,2,55,2,2,2,1,0,0,14,12,1,1,4,6,1,0
45,450411,1,1,4,24,7,1,40,42,0,1,0,45,1,58,33,58033,4,1996,JNKCP01D7TT5,J,N,K,C,P,0,1,D,7,T,T,5,0,P,INFI,G20,4D,96,17,2780,,0,1004,,G,,F,4,122,,,14R195,,,,,,0,0,000000000,00000000000,0,0,0,1,0,0,0,0,0,0,0,62,0,1,2,6,6,2,42,0,0,0,1,45,29745,1,1,5,0,2,0,73,170,0,0,1,1,0,1,2011,7,2012,1,0,0,0,0,1,2,99,4,1,2,2,0,0,14,13,1,9,4,1,1,1
45,450412,1,2,1,24,7,11,55,12,1,1,0,45,1,37,421,37421,15,2007,5FNYF18597B0,5,F,N,Y,F,1,8,5,9,7,B,0,0,P,HOND,PIL,UT,7,17,4524,,0,1063,,G,,F,6,213,,,16R235,,,,,,0,0,000000000,00000000000,0,0,0,1,0,0,0,0,0,0,0,0,0,0,0,6,2,1,12,0,0,0,1,45,29176,6,1,0,0,3,3,67,160,0,0,0,0,0,0,0,0,0,0,0,0,0,0,2,2,45,1,1,2,1,3,3,5,53,99,1,1,21,0,0
45,450412,2,2,1,24,7,11,55,12,1,1,0,45,1,72,706,72706,80,2008,1HD1BW5138Y0,1,H,D,1,B,W,5,1,3,8,Y,0,0,M,HD,STC,RS,8,17,,,,,,,1584,,2,,4,750,,,,,,,0,0,000000000,00000000000,0,0,0,1,0,0,0,0,0,0,0,30,0,0,0,12,2,3,12,0,0,0,1,45,29388,6,1,0,0,3,3,68,125,0,0,0,0,0,0,0,0,0,1,0,0,0,0,2,2,45,1,1,2,1,3,3,1,50,99,1,1,20,1,0
45,450413,1,2,1,24,7,14,45,12,1,1,0,45,1,12,402,12402,14,2001,1FMYU03191KF,1,F,M,Y,U,0,3,1,9,1,K,F,0,P,FORD,SPE,UT,1,17,3069,,0,1031,,G,,F,6,181,,,15R225,,,,,,0,0,000000000,00000000000,0,0,0,1,0,0,0,0,0,0,0,45,0,0,0,12,6,2,12,0,0,0,1,45,29691,6,1,0,0,3,0,70,156,0,0,0,0,0,0,0,0,0,0,0,0,0,0,1,2,45,1,1,2,1,0,0,6,61,99,1,1,73,0,0
45,450413,2,2,1,24,7,14,45,12,1,1,0,45,1,76,705,76705,80,1978,1J7305168,1,J,7,3,0,5,1,6,8,,,,0,M,YAMA,XS7,RS,78,9,,,,,,,747,,3,,4,511,,,,,,,0,0,000000000,00000000000,0,0,0,1,0,0,0,0,0,0,0,10,0,0,0,6,6,2,12,0,0,0,1,45,29678,6,1,0,0,3,3,70,200,0,0,0,0,0,0,0,0,0,0,0,0,0,0,1,2,45,1,1,2,1,0,0,11,15,99,1,1,72,1,0
45,450414,1,2,1,24,7,5,1,12,2,1,0,45,1,7,482,7482,31,2003,3D7KA28D23G8,3,D,7,K,A,2,8,D,2,3,G,8,0,T,DODG,SQ2,CW,3,17,,2,1605,1405,RPC,G,,,8,345,,,,C,5352,07,E,42,0,0,000000000,00000000000,0,0,0,1,0,0,0,0,0,0,0,45,0,0,0,12,6,2,12,0,0,0,1,45,29169,6,1,6,0,3,0,70,160,0,1,0,2,0,10,2009,5,2012,0,0,0,0,0,3,2,45,1,1,2,1,0,0,1,62,99,1,1,51,1,0
45,450414,2,2,1,24,7,5,1,12,2,1,0,45,1,2,404,2404,14,1996,1J4FT68S3TL2,1,J,4,F,T,6,8,S,3,T,L,2,0,T,JEEP,SPC,4W,96,17,,1,0,1014,CHK,G,,,6,242,,,,,2848,00,M,42,0,0,000000000,00000000000,0,0,0,1,0,0,0,0,0,0,0,60,0,0,0,12,6,2,12,0,0,0,1,45,29651,6,2,0,0,3,0,64,114,0,0,0,0,0,0,0,0,0,0,51,0,0,0,3,2,45,1,1,2,1,0,0,1,10,99,1,2,50,0,1
45,450415,1,1,1,26,7,17,30,1,0,1,0,45,1,12,401,12401,14,2002,1FMZU63EX2UB,1,F,M,Z,U,6,3,E,X,2,U,B,0,P,FORD,EPR,UT,2,17,4163,,0,1137,,G,,F,6,245,,,16R235,,,,,,0,0,000000000,00000000000,0,0,0,1,0,0,0,0,0,0,0,55,0,1,5,0,6,2,1,0,0,0,1,45,29474,6,1,0,0,3,0,63,115,0,0,0,0,0,0,0,0,0,0,58,0,0,0,1,2,55,1,1,2,1,0,0,1,13,1,1,4,1,1,0
45,450416,1,1,1,25,7,15,0,42,0,1,0,45,1,49,43,49043,4,2005,4T1BK36B35U0,4,T,1,B,K,3,6,B,3,5,U,0,0,P,TOYT,UTS,4D,5,17,3417,,0,1071,,G,,F,6,213,,,15R205,,,,,,0,0,000000000,00000000000,0,0,0,1,0,0,0,0,0,0,0,55,0,0,0,12,6,2,42,0,0,0,1,45,29118,6,1,0,0,3,3,71,225,0,0,0,0,0,0,0,0,0,0,0,0,0,0,1,2,55,3,1,2,1,0,0,14,13,1,1,4,1,1,0
45,450417,1,1,1,27,7,14,8,1,0,1,0,45,1,53,705,53705,80,2004,JS1GW71A3421,J,S,1,G,W,7,1,A,3,4,2,1,0,M,SUZI,GXR,RC,4,17,,,,,,,1298,,4,,4,478,,,,,,,0,0,000000000,00000000000,0,0,0,1,0,0,0,0,0,0,0,55,0,0,0,0,6,2,1,0,0,0,1,45,29483,6,1,0,0,3,0,72,185,0,1,0,1,0,3,2012,3,2012,0,28,0,0,0,1,2,55,3,1,2,1,0,0,14,13,1,1,4,1,1,1
45,450418,1,2,1,27,7,5,5,12,1,1,0,45,1,98,709,98709,81,2012,999999999999,9,9,9,9,9,9,9,9,9,9,9,9,0,,,,,,,,,,,,,,,,,,,,,,,,,0,0,000000000,00000000000,0,0,0,1,0,0,0,0,0,0,0,25,0,0,0,6,6,2,12,0,0,0,1,45,29530,1,1,5,0,2,0,71,149,0,1,1,0,0,9,2011,6,2012,0,0,0,0,0,3,2,60,1,1,2,1,0,0,1,53,99,1,1,25,1,1
45,450418,2,2,1,27,7,5,5,12,1,1,0,45,1,53,34,53034,4,2008,KL5JD56Z68K7,K,L,5,J,D,5,6,Z,6,8,K,7,0,P,SUZI,FCP,4D,8,17,2756,,0,1024,,G,,F,4,122,,,15R195,,,,,,0,0,000000000,00000000000,0,0,0,1,0,0,0,0,0,0,0,60,0,0,0,12,6,2,12,0,0,0,1,45,29102,6,1,0,0,3,0,67,125,0,0,0,1,0,3,2010,3,2010,1,0,0,0,0,3,2,60,1,1,2,1,0,0,1,51,99,1,1,24,0,0
45,450419,1,1,2,28,7,21,35,59,0,1,0,45,1,38,401,38401,14,2002,JACDJ58X827J,J,A,C,D,J,5,8,X,8,2,7,J,0,P,ISU,TRO,UT,2,17,4455,,0,1087,,G,,F,6,213,,,000000,,,,,,0,0,000000000,00000000000,0,0,0,1,0,0,0,0,0,0,0,999,0,0,0,12,6,2,42,0,0,0,1,45,29928,6,1,0,0,3,0,75,180,0,0,0,0,0,0,0,0,0,0,0,0,0,0,4,8,30,1,1,2,1,21,3,1,19,1,9,2,12,1,1
45,450420,1,1,4,29,7,6,45,1,0,1,0,45,2,12,401,12401,14,1995,1FMDU32X2SZB,1,F,M,D,U,3,2,X,2,S,Z,B,0,P,FORD,EPR,UT,95,17,3844,,0,1115,,G,,F,6,245,,,15R225,,,,,,0,0,000000000,00000000000,0,0,0,1,0,0,0,0,0,0,0,70,0,1,5,0,6,2,1,0,0,0,1,45,29687,0,0,0,0,0,0,999,999,99,99,99,99,99,99,9999,99,9999,1,80,0,0,0,3,2,70,1,1,2,1,0,0,1,1,7,3,4,2,1,0
45,450421,1,1,1,31,7,20,45,34,0,1,0,37,1,12,35,12035,4,1998,1FALP653XWK1,1,F,A,L,P,6,5,3,X,W,K,1,0,P,FORD,LSG,4D,98,17,2769,,0,1065,,G,,F,4,121,,,14R185,,,,,,0,0,000000000,00000000000,0,0,0,1,0,0,0,0,0,0,0,45,0,0,0,12,6,2,42,0,0,0,1,45,29550,1,1,2,0,2,0,64,128,0,0,0,0,0,0,0,0,0,0,0,0,0,0,1,2,45,2,1,2,1,0,0,14,12,1,1,4,6,1,1
45,450422,1,2,1,10,4,21,35,12,1,1,0,37,2,12,401,12401,14,2002,1FMZU73E52UC,1,F,M,Z,U,7,3,E,5,2,U,C,0,P,FORD,EPR,UT,2,17,4378,,0,1137,,G,,F,6,245,,,16R235,,,,,,0,0,000000000,00000000000,0,0,0,1,0,0,0,0,0,0,0,71,0,0,0,12,6,2,12,0,0,0,1,37,28078,6,1,0,0,3,0,70,999,1,0,0,1,0,10,2009,11,2009,1,0,0,0,0,3,3,60,4,1,2,1,0,0,14,50,99,1,1,98,0,0
45,450422,2,2,0,10,4,21,35,12,1,1,0,45,6,20,2,20002,2,2005,2G1WH55K8592,2,G,1,W,H,5,5,K,8,5,9,2,0,P,CHEV,IPL,4D,5,17,3466,,0,1105,,G,,F,6,231,,,16R225,,,,,,0,0,000000000,00000000000,0,0,0,1,0,0,0,0,0,0,0,0,0,0,0,6,6,2,12,0,0,0,0,0,99997,7,6,97,7,6,7,998,997,998,998,998,998,998,98,9998,98,9998,8,20,0,0,0,3,3,60,4,1,2,1,0,0,0,53,0,0,0,98,0,0
45,450423,1,2,2,19,4,23,40,12,6,1,0,45,1,37,31,37031,4,1994,1HGEG8542RL0,1,H,G,E,G,8,5,4,2,R,L,0,0,P,HOND,CDL,4D,94,17,2250,,0,1032,,G,,F,4,091,,,13R175,,,,,,0,0,000000000,00000000000,0,0,0,1,0,0,0,0,0,0,0,38,0,0,0,9,6,2,12,0,0,0,1,45,29164,6,1,0,0,3,0,72,250,0,0,0,0,0,0,0,0,0,0,0,0,0,0,1,2,55,1,1,2,1,0,0,1,66,99,1,1,89,1,0
45,450423,2,2,2,19,4,23,40,12,6,1,0,45,1,12,481,12481,31,1995,1FTEX15N9SKA,1,F,T,E,X,1,5,N,9,S,K,A,0,T,FORD,F15,PC,95,17,,2,1550,1390,COF,G,,,8,302,,,,B,00000,00,M,42,0,0,000000000,00000000000,0,0,0,1,0,0,0,0,0,0,0,45,0,0,0,12,6,2,12,0,0,1,1,45,29164,6,1,6,3,3,3,80,340,0,5,0,2,2,6,2010,2,2012,0,39,0,0,0,1,2,55,1,1,5,1,20,3,4,17,99,1,2,88,0,0
45,450424,1,2,3,1,5,19,45,12,2,1,1,45,2,2,404,2404,14,1996,1J4GZ58S8TC2,1,J,4,G,Z,5,8,S,8,T,C,2,0,T,JEEP,LRO,4W,96,17,,1,0,1059,GCK,G,,,6,242,,,,,3686,00,E,44,0,0,000000000,00000000000,0,0,0,1,0,0,0,0,0,0,0,10,0,0,0,12,6,2,12,0,0,0,1,45,29841,1,1,5,0,2,0,68,165,0,1,1,0,1,6,2009,11,2010,0,0,0,0,0,1,2,45,1,1,2,1,0,0,1,54,99,1,1,50,0,0
45,450424,2,2,3,1,5,19,45,12,2,1,0,45,2,12,32,12032,4,2012,3FADP4BJXCM1,3,F,A,D,P,4,B,J,X,C,M,1,0,P,FORD,FEE,4D,12,17,2578,,0,980,,G,,F,4,098,,,15R185,,,,,,0,0,000000000,00000000000,0,0,0,1,0,0,0,0,0,0,0,59,0,0,0,12,6,2,12,0,0,0,1,45,29851,1,1,5,0,2,0,70,168,0,0,0,0,0,0,0,0,0,0,28,0,0,0,1,2,45,1,1,2,1,0,0,1,54,6,1,2,51,1,0
45,450425,1,2,2,5,5,14,25,12,1,1,0,45,1,20,481,20481,31,2007,1GCEC14Z77Z1,1,G,C,E,C,1,4,Z,7,7,Z,1,0,T,CHEV,SC1,PK,7,17,,2,1330,1190,SIL,F,,,8,323,,,,B,4211,01,,42,0,0,000000000,00000000000,0,0,0,1,0,0,0,0,0,0,0,0,0,0,0,6,6,2,12,0,0,0,1,45,29323,6,1,0,0,3,3,74,175,0,1,0,0,1,12,2009,3,2011,0,0,0,0,0,1,2,35,1,2,2,1,0,0,5,53,99,1,1,21,0,0
45,450425,2,2,1,5,5,14,25,12,1,1,0,45,2,53,705,53705,80,2006,JS1GW71A9621,J,S,1,G,W,7,1,A,9,6,2,1,0,M,SUZI,GXR,RC,6,17,,,,,,,1298,,4,,4,478,,,,,,,0,0,000000000,00000000000,0,0,0,1,0,0,0,0,0,0,0,85,0,0,0,12,6,2,12,0,0,0,1,45,29169,1,1,5,0,2,0,70,185,0,2,0,1,0,8,2011,3,2012,1,8,0,0,0,1,2,35,1,1,2,1,0,0,1,50,99,1,1,20,1,0
45,450426,1,2,1,14,5,12,50,12,6,1,0,45,1,20,481,20481,31,2007,2GCEK13M5716,2,G,C,E,K,1,3,M,5,7,1,6,0,T,CHEV,1KW,CW,7,17,,2,0,1435,SIL,G,,,8,323,,,,B,5371,00,,44,0,0,000000000,00000000000,0,0,0,1,0,0,0,0,0,0,0,55,0,0,0,12,6,2,12,0,0,0,1,45,29611,6,1,0,0,3,0,72,180,0,0,0,0,0,0,0,0,0,0,0,0,0,0,1,2,40,1,3,2,1,0,0,1,66,99,1,1,86,0,0
45,450426,2,2,2,14,5,12,50,12,6,1,0,45,1,35,47,35047,4,1996,1N4BU31D0TC1,1,N,4,B,U,3,1,D,0,T,C,1,0,P,NISS,AGS,4D,96,17,2756,,0,1031,,G,,F,4,146,,,15R205,,,,,,0,0,000000000,00000000000,0,0,0,1,0,0,0,0,0,0,0,35,0,0,0,3,6,2,12,0,0,0,1,45,29611,6,1,0,0,3,0,69,185,0,0,0,2,0,9,2011,11,2011,0,39,0,0,0,1,2,40,1,1,2,1,20,3,1,17,99,1,1,87,1,1
45,450427,1,1,2,15,7,22,5,1,0,1,0,45,1,72,706,72706,80,2007,1HD1KB4197Y6,1,H,D,1,K,B,4,1,9,7,Y,6,0,M,HD,FHX,RS,7,17,,,,,,,1584,,2,,4,733,,,,,,,0,0,000000000,00000000000,0,0,0,1,0,0,0,0,0,0,0,55,0,0,0,0,6,2,1,0,0,0,1,45,29047,6,1,6,0,3,0,70,200,0,0,0,2,0,11,2010,2,2011,0,99,99,99,99,1,2,55,1,1,2,1,0,0,1,99,99,9,1,98,1,0
45,450428,1,1,1,20,7,10,16,42,0,1,0,45,1,47,36,47036,4,2003,YS3EB49E9330,Y,S,3,E,B,4,9,E,9,3,3,0,0,P,SAA,9/L,4D,3,17,3560,,0,1064,,G,,T,4,140,,,16R215,,,,,,0,0,000000000,00000000000,0,0,0,1,0,0,0,0,0,0,0,70,0,0,0,12,6,2,42,0,0,0,1,45,29501,6,1,0,0,3,3,70,205,0,0,0,1,0,1,2012,1,2012,0,28,0,0,0,2,2,70,1,1,2,1,0,0,1,12,1,1,4,6,1,0
45,450429,1,1,3,27,7,21,35,8,0,1,0,45,1,12,443,12443,20,2004,2FMDA58254BA,2,F,M,D,A,5,8,2,5,4,B,A,0,P,FORD,FRE,SV,4,17,4275,,0,1208,,G,,F,6,256,,,16R235,,,,,,0,0,000000000,00000000000,0,0,0,1,0,0,0,0,0,0,0,45,0,0,0,12,6,2,8,0,0,0,1,45,29650,6,1,0,0,3,3,68,185,0,0,0,0,0,0,0,0,0,0,0,0,0,0,2,2,45,1,2,2,1,40,3,1,80,1,1,1,13,0,0
45,450430,1,1,1,2,7,21,52,34,0,1,0,45,2,37,705,37705,80,1992,JH2PC2507NM1,J,H,2,P,C,2,5,0,7,N,M,1,0,M,HOND,RF2,RC,92,17,,,,,,,600,,4,,4,405,,,,,,,0,0,000000000,00000000000,0,0,0,1,0,0,0,0,0,0,0,80,0,0,0,12,8,2,34,0,0,0,1,45,29939,1,1,5,0,2,0,68,195,0,1,0,1,0,12,2009,12,2009,1,8,0,0,0,1,2,20,1,1,2,1,0,0,1,6,6,9,4,7,1,0
45,450431,1,1,1,1,8,23,45,31,0,1,0,45,2,63,32,63032,4,2005,KNADC1258563,K,N,A,D,C,1,2,5,8,5,6,3,0,P,KIA,RIO,4D,5,17,2403,,0,949,,G,,F,4,098,,,14R175,,,,,,0,0,000000000,00000000000,0,0,0,1,0,0,0,0,0,0,0,50,0,0,0,1,6,2,3,0,0,0,1,45,29405,1,1,5,0,2,0,72,225,1,2,2,1,1,9,2009,6,2012,0,99,99,99,99,1,2,55,3,1,2,1,0,0,14,13,1,9,4,1,1,1
45,450432,1,1,1,1,8,2,11,42,0,1,0,45,2,20,481,20481,31,2004,3GENK12TX4G1,3,G,E,N,K,1,2,T,X,4,G,1,0,T,CHEV,,,4,17,,,,,,,,,,,,,,,,,,,0,0,000000000,00000000000,0,0,0,1,0,0,0,0,0,0,0,30,0,0,0,12,6,2,42,0,0,1,1,45,29130,6,1,0,0,3,0,73,220,0,0,0,0,0,0,0,0,0,1,0,0,0,0,1,2,30,2,2,2,2,0,0,14,12,1,9,4,6,1,1
45,450433,1,1,2,4,8,0,55,8,0,1,0,45,1,7,482,7482,31,2008,1D7HA16K38J1,1,D,7,H,A,1,6,K,3,8,J,1,0,T,DODG,S1T,PK,8,17,,2,1605,1405,RPC,G,,,6,225,,,,B,4514,00,E,42,0,0,000000000,00000000000,0,0,0,1,0,0,0,0,0,0,0,25,0,0,0,12,2,1,8,0,0,0,1,45,29929,6,1,0,0,3,3,68,278,0,0,0,0,0,0,0,0,0,0,0,0,0,0,2,2,40,1,1,2,1,0,0,1,80,1,1,1,13,0,0
45,450434,1,1,2,5,8,17,57,1,0,1,0,45,1,21,401,21401,14,1996,1GHDT13W7T27,1,G,H,D,T,1,3,W,7,T,2,7,0,P,OLDS,BRA,UT,96,17,4184,,0,1070,,G,,F,6,262,,,15R235,,,,,,0,0,000000000,00000000000,0,0,0,1,0,0,0,0,0,0,0,55,0,1,5,0,6,2,1,0,0,0,1,45,29688,6,1,0,0,3,0,71,220,0,0,0,0,0,0,0,0,0,1,0,0,0,0,1,2,45,3,1,2,1,0,0,14,13,1,1,4,1,1,1
45,450435,1,1,1,5,8,1,51,8,0,1,1,99,9,99,999,99999,99,9999,999999999999,9,9,9,9,9,9,9,9,9,9,9,9,0,,,,,,,,,,,,,,,,,,,,,,,,,0,0,000000000,00000000000,0,0,0,1,0,0,0,0,0,0,0,999,0,0,0,99,9,1,8,0,0,0,1,99,99999,9,9,99,9,9,9,999,999,99,99,99,99,99,99,9999,99,9999,0,0,0,0,0,1,2,25,1,1,2,1,0,0,1,80,1,1,1,13,0,0
45,450436,1,1,2,6,8,9,21,24,0,1,0,13,4,7,27,7027,6,2012,3C4PDCBG1CT3,3,C,4,P,D,C,B,G,1,C,T,3,0,P,DODG,JOU,UT,12,17,4153,,0,1138,,F,,F,6,220,,,17R225,,,,,,0,0,000000000,00000000000,0,0,0,1,0,0,0,0,0,0,0,999,0,1,5,99,6,2,1,0,0,0,1,45,29306,1,1,5,0,2,0,70,180,1,3,0,0,0,7,2011,2,2012,0,8,0,0,0,3,2,65,1,1,2,1,0,0,1,8,7,9,4,2,1,0
45,450437,1,1,2,11,8,13,37,24,0,1,0,37,1,2,404,2404,14,2007,1J4GA39147L1,1,J,4,G,A,3,9,1,4,7,L,1,0,T,JEEP,WXR,4W,7,17,,1,0,1160,WRA,G,,,6,230,,,,,4075,00,4,44,0,0,000000000,00000000000,0,0,0,1,0,0,0,0,0,0,0,70,0,1,5,12,6,2,42,0,0,0,1,12,32068,6,1,0,0,3,3,73,999,0,0,0,0,0,0,0,0,0,0,87,0,0,0,3,3,70,1,1,2,2,0,0,1,13,1,1,4,1,1,0
45,450438,1,1,1,16,8,18,5,32,0,1,0,45,1,20,9,20009,2,1984,1G1AP87G7EN1,1,G,1,A,P,8,7,G,7,E,N,1,0,P,CHEV,CAM,CP,84,17,2883,,0,1010,,G,,4,8,305,,,14R195,,,,,,0,0,000000000,00000000000,0,0,0,1,0,0,0,0,0,0,0,75,0,1,3,12,6,2,32,0,0,0,1,45,29168,6,1,0,0,3,0,67,145,0,0,0,0,0,0,0,0,0,1,0,0,0,0,2,2,60,1,2,2,1,0,0,1,12,1,1,4,6,1,1
45,450439,1,1,1,16,8,1,0,35,0,1,0,45,2,2,404,2404,14,1994,1J4FT28S9RL1,1,J,4,F,T,2,8,S,9,R,L,1,0,T,JEEP,CSE,4W,94,17,,1,0,1014,CHK,G,,,6,242,,,,,2823,00,A,42,0,0,000000000,00000000000,0,0,0,1,0,0,0,0,0,0,0,45,0,1,5,12,6,2,35,0,0,0,1,45,29676,6,1,6,0,3,0,68,165,0,0,0,0,0,0,0,0,0,1,0,0,0,0,1,2,15,1,1,2,1,0,0,1,6,6,9,4,7,1,0
45,450440,1,1,1,17,8,20,38,9,0,1,1,45,1,12,401,12401,14,2001,1FMDU73E21ZA,1,F,M,D,U,7,3,E,2,1,Z,A,0,P,FORD,EPR,UT,1,17,4045,,0,1116,,G,,F,6,245,,,15R235,,,,,,0,0,000000000,00000000000,0,0,0,1,0,0,0,0,0,0,0,35,0,0,0,12,0,3,9,0,0,0,1,45,29466,6,1,0,0,3,3,70,180,0,0,0,0,0,0,0,0,0,0,0,0,0,0,1,2,35,1,1,2,1,0,0,1,83,1,1,1,13,0,0
45,450441,1,1,1,18,8,4,20,34,0,1,0,45,1,72,706,72706,80,1997,1HD1GHL18VY3,1,H,D,1,G,H,L,1,8,V,Y,3,0,M,HD,FDX,RS,97,17,,,,,,,1340,,2,,4,598,,,,,,,0,0,000000000,00000000000,0,0,0,1,0,0,0,0,0,0,0,45,0,0,0,12,6,2,42,0,0,0,1,45,29053,6,1,0,0,3,0,72,320,0,0,0,0,0,0,0,0,0,0,39,0,0,0,1,2,45,1,1,2,1,20,3,1,13,1,1,4,1,1,1
45,450442,1,2,2,18,8,21,50,12,6,1,0,45,3,98,809,98809,63,2000,2FWYJWEB7YAB,2,F,W,Y,J,W,E,B,7,Y,A,B,0,T,STRG,AT5,TR,0,17,,8,2560,1480,STE,D,,,6,733,,,,,00000,00,,64,0,77,777777777,77777777777,3,2,3,1,0,0,0,0,0,0,0,45,0,0,0,12,6,2,12,0,0,0,1,45,29033,6,1,6,3,3,0,66,200,0,0,0,0,0,0,0,0,0,0,0,0,0,0,1,2,45,1,2,2,1,0,0,1,66,99,1,1,86,0,0
45,450442,2,2,3,18,8,21,50,12,6,1,0,45,1,59,34,59034,4,1993,JT8JS47E7P00,J,T,8,J,S,4,7,E,7,P,0,0,0,P,LEXS,GS3,4D,93,17,3625,,0,1094,,G,,F,6,183,,,16R215,,,,,,0,0,000000000,00000000000,0,0,0,1,0,0,0,0,0,0,0,20,0,0,0,3,6,2,12,0,0,0,1,45,29006,6,1,0,0,3,0,69,170,0,3,1,0,0,6,2010,9,2011,0,38,0,0,0,1,2,45,1,2,2,1,20,3,1,17,99,1,1,87,2,1
45,450443,1,2,1,19,8,16,40,12,6,1,0,45,1,2,403,2403,14,2011,1J4AA2D1XBL5,1,J,4,A,A,2,D,1,X,B,L,5,0,T,JEEP,WRS,2W,11,17,,1,0,954,WRA,G,,,6,230,,,,,3760,00,4,44,0,0,000000000,00000000000,0,0,0,1,0,0,0,0,0,0,0,5,0,0,0,12,6,2,12,0,0,0,1,45,29690,6,1,0,0,3,0,61,110,0,0,0,0,0,0,0,0,0,0,38,0,0,0,1,2,45,1,1,2,2,20,3,11,15,99,1,1,82,0,0
45,450443,2,2,1,19,8,16,40,12,6,1,0,45,1,76,705,76705,80,2001,JYAVP02EX1A0,J,Y,A,V,P,0,2,E,X,1,A,0,0,M,YAMA,XAL,RS,1,17,,,,,,,1602,,2,,4,677,,,,,,,0,0,000000000,00000000000,0,0,0,1,0,0,0,0,0,0,0,45,0,0,0,1,6,2,12,0,0,0,1,45,29617,6,1,0,0,3,0,72,145,1,0,0,0,0,11,2009,11,2009,0,0,0,0,0,1,2,45,1,1,2,2,0,0,1,66,99,1,1,83,1,0
45,450444,1,1,1,20,8,23,40,35,0,1,0,45,1,55,37,55037,3,2005,KMHHN65F85U1,K,M,H,H,N,6,5,F,8,5,U,1,0,P,HYUN,TGT,CP,5,17,3015,,0,996,,G,,F,6,162,,,16R205,,,,,,0,0,000000000,00000000000,0,0,0,1,0,0,0,0,0,0,0,70,0,1,5,12,6,2,30,0,0,0,1,45,29640,6,2,0,0,3,0,69,180,0,1,0,0,1,1,2011,5,2011,1,0,0,0,0,1,2,35,3,1,2,1,0,0,14,6,6,9,4,7,1,1
45,450445,1,1,2,25,8,17,1,35,0,1,0,45,2,2,404,2404,14,1997,1J4FX58S0VC5,1,J,4,F,X,5,8,S,0,V,C,5,0,T,JEEP,LRT,4W,97,17,,1,0,1059,GCK,G,,,6,242,,,,,3513,02,E,42,0,0,000000000,00000000000,0,0,0,1,0,0,0,0,0,0,0,60,0,1,5,12,6,2,42,0,0,0,1,45,29464,6,1,0,0,3,3,67,175,0,2,2,0,0,10,2010,4,2011,0,8,58,0,0,2,2,60,1,1,2,1,0,0,1,12,1,9,4,6,2,1
45,450446,1,1,1,26,8,18,49,34,0,1,0,45,2,55,35,55035,4,2010,KMHDU4AD0AU8,K,M,H,D,U,4,A,D,0,A,U,8,0,P,HYUN,BGS,4D,10,17,2723,,0,1043,,G,,F,4,121,,,15R195,,,,,,0,0,000000000,00000000000,0,0,0,1,0,0,0,0,0,0,0,50,0,1,5,12,6,2,32,0,0,0,1,45,29455,6,1,0,0,3,0,67,130,0,0,0,0,0,0,0,0,0,0,8,0,0,0,1,2,45,3,1,2,1,0,0,14,13,1,1,4,1,1,1