STATE,ST_CASE,VEH_NO,VE_FORMS,NUMOCCS,DAY,MONTH,HOUR,MINUTE,HARM_EV,MAN_COLL,UNITTYPE,HIT_RUN,REG_STAT,OWNER,MAKE,MODEL,MAK_MOD,BODY_TYP,MOD_YEAR,VIN,VIN_1,VIN_2,VIN_3,VIN_4,VIN_5,VIN_6,VIN_7,VIN_8,VIN_9,VIN_10,VIN_11,VIN_12,TOW_VEH,VINTYPE,VINMAKE,VINA_MOD,VIN_BT,VINMODYR,VIN_LNGT,VIN_WGT,WGTCD_TR,WHLBS_LG,WHLBS_SH,SER_TR,FUELCODE,MCYCL_DS,CARBUR,CYLINDER,DISPLACE,MCYCL_CY,MCYCL_WT,TIRE_SZE,TON_RAT,TRK_WT,TRKWTVAR,VIN_REST,WHLDRWHL,J_KNIFE,MCARR_I1,MCARR_I2,MCARR_ID,GVWR,V_CONFIG,CARGO_BT,HAZ_INV,HAZ_PLAC,HAZ_ID,HAZ_CNO,HAZ_REL,BUS_USE,SPEC_USE,EMER_USE,TRAV_SP,UNDERIDE,ROLLOVER,ROLINLOC,IMPACT1,DEFORMED,TOWED,M_HARM,VEH_SC1,VEH_SC2,FIRE_EXP,DR_PRES,L_STATE,DR_ZIP,L_STATUS,L_TYPE,CDL_STAT,L_ENDORS,L_COMPL,L_RESTRI,DR_HGT,DR_WGT,PREV_ACC,PREV_SUS,PREV_DWI,PREV_SPD,PREV_OTH,FIRST_MO,FIRST_YR,LAST_MO,LAST_YR,SPEEDREL,DR_SF1,DR_SF2,DR_SF3,DR_SF4,VTRAFWAY,VNUM_LAN,VSPD_LIM,VALIGN,VPROFILE,VPAVETYP,VSURCOND,VTRAFCON,VTCONT_F,P_CRASH1,P_CRASH2,P_CRASH3,PCRASH4,PCRASH5,ACC_TYPE,DEATHS,DR_DRINK
45,450447,1,1,1,7,7,3,30,8,0,1,1,99,9,99,999,99999,99,9999,999999999999,9,9,9,9,9,9,9,9,9,9,9,9,0,,,,,,,,,,,,,,,,,,,,,,,,,0,0,000000000,00000000000,0,0,0,1,0,0,0,0,0,0,0,35,0,0,0,99,9,1,8,0,0,0,1,99,99999,9,9,99,9,9,9,999,999,99,99,99,99,99,99,9999,99,9999,0,0,0,0,0,1,2,35,1,2,2,1,0,0,1,80,1,1,1,13,0,0
45,450448,1,1,2,25,8,8,0,30,0,1,0,45,2,19,3,19003,4,1993,1G6CD53B2P43,1,G,6,C,D,5,3,B,2,P,4,3,0,P,CADI,DFW,4D,93,17,3424,,0,1138,,G,,F,8,300,,,15R205,,,,,,0,0,000000000,00000000000,0,0,0,1,0,0,0,0,0,0,0,999,0,0,0,99,6,2,42,0,0,0,1,45,29061,6,1,0,0,3,0,71,215,1,0,0,0,0,9,2010,9,2010,0,99,99,99,99,1,2,35,4,1,2,1,0,0,14,13,1,1,9,1,1,0
45,450449,1,2,1,27,5,18,19,12,6,1,0,45,2,12,422,12422,15,2003,1FMRU17W93LA,1,F,M,R,U,1,7,W,9,3,L,A,0,P,FORD,EPT,UT,3,17,5416,,0,1191,,G,,F,8,281,,,17R265,,,,,,0,0,000000000,00000000000,0,0,0,1,0,0,0,0,0,0,0,36,0,0,0,3,6,2,12,0,0,0,1,45,29835,6,1,0,0,3,0,70,290,0,2,0,0,0,8,2011,10,2011,0,0,0,0,0,1,2,55,1,3,2,1,0,0,1,66,99,1,1,87,1,0
45,450449,2,2,1,27,5,18,19,12,6,1,0,45,2,63,32,63032,4,2004,KNADC1653462,K,N,A,D,C,1,6,5,3,4,6,2,0,P,KIA,RIC,4H,4,17,2447,,0,949,,G,,F,4,098,,,14R175,,,,,,0,0,000000000,00000000000,0,0,0,1,0,0,0,0,0,0,0,50,0,0,0,12,6,2,12,0,0,0,1,45,29384,6,1,0,0,3,0,70,205,1,0,0,2,1,11,2009,2,2012,0,0,0,0,0,1,2,55,1,3,2,1,20,3,1,17,99,1,1,86,0,1
45,450450,1,1,1,28,5,23,2,8,0,1,0,45,2,20,443,20443,20,2001,1GNDU03E51D2,1,G,N,D,U,0,3,E,5,1,D,2,0,P,CHEV,VTR,SV,1,17,3699,,0,1120,,G,,F,6,207,,,15R215,,,,,,0,0,000000000,00000000000,0,0,0,1,0,0,0,0,0,0,0,50,0,0,0,1,2,1,8,0,0,0,1,45,29360,1,1,5,0,2,0,75,185,2,5,0,1,1,11,2010,4,2012,0,0,0,0,0,1,2,50,1,2,2,1,0,0,1,81,6,1,2,13,0,0
45,450451,1,1,1,3,8,20,48,8,0,1,0,45,1,12,422,12422,15,1997,1FMEU18W0VLB,1,F,M,E,U,1,8,W,0,V,L,B,0,P,FORD,EPT,UT,97,17,4827,,0,1190,,G,,F,8,281,,,16R255,,,,,,0,0,000000000,00000000000,0,0,0,1,0,0,0,0,0,0,0,40,0,0,0,12,2,3,8,0,0,0,1,45,29412,6,2,0,0,3,0,75,162,1,0,0,0,0,4,2012,4,2012,0,0,0,0,0,2,2,40,1,1,2,1,0,0,1,81,1,1,1,13,0,0
45,450452,1,4,1,4,8,20,20,12,7,1,0,45,1,53,704,53704,80,2007,JS1GT77A0721,J,S,1,G,T,7,7,A,0,7,2,1,0,M,SUZI,XR1,RC,7,17,,,,,,,999,,4,,4,379,,,,,,,0,0,000000000,00000000000,0,0,0,1,0,0,0,0,0,0,0,45,0,0,0,9,2,1,12,0,0,0,1,45,29440,6,1,0,0,3,0,72,230,0,2,0,0,0,3,2011,7,2011,0,0,0,0,0,1,2,55,1,1,2,1,0,0,1,61,99,1,1,98,0,0
45,450452,2,4,1,4,8,20,20,12,7,1,0,45,1,73,704,73704,80,2008,JKAZXCE198A0,J,K,A,Z,X,C,E,1,9,8,A,0,0,M,KAWK,Z0E,RC,8,17,,,,,,,998,,4,,4,394,,,,,,,0,0,000000000,00000000000,0,0,0,1,0,0,0,0,0,0,0,45,0,0,0,3,2,1,12,0,0,0,1,45,29440,6,1,0,0,3,0,69,230,0,2,0,0,0,7,2010,8,2011,0,0,0,0,0,1,2,55,1,1,2,1,0,0,1,60,99,1,1,45,0,0
45,450452,3,4,1,4,8,20,20,12,7,1,0,45,1,53,704,53704,80,2004,JS1GT75A1421,J,S,1,G,T,7,5,A,1,4,2,1,0,M,SUZI,XR1,RC,4,17,,,,,,,988,,4,,4,370,,,,,,,0,0,000000000,00000000000,0,0,0,1,0,0,0,0,0,0,0,45,0,0,0,3,2,1,12,0,0,0,1,45,29440,6,1,0,0,3,0,75,269,0,1,0,1,0,5,2011,9,2011,0,0,0,0,0,1,2,55,1,1,2,1,0,0,1,60,99,1,1,98,0,0
45,450452,4,4,1,4,8,20,20,12,7,1,0,45,1,53,705,53705,80,2003,JS1GW71AX321,J,S,1,G,W,7,1,A,X,3,2,1,0,M,SUZI,GXR,RC,3,17,,,,,,,1298,,4,,4,478,,,,,,,0,0,000000000,00000000000,0,0,0,1,0,0,0,0,0,0,0,75,0,0,0,9,6,8,12,0,0,0,1,45,29440,6,1,0,0,3,0,72,250,0,1,0,0,0,12,2010,12,2010,1,0,0,0,0,1,2,55,1,1,2,1,0,0,1,10,99,1,1,44,1,0
45,450453,1,1,2,6,8,14,45,59,0,1,0,45,1,63,32,63032,4,2002,KNADC1239261,K,N,A,D,C,1,2,3,9,2,6,1,0,P,KIA,RIO,4D,2,17,2242,,0,949,,G,,F,4,091,,,14R175,,,,,,0,0,000000000,00000000000,0,0,0,1,0,0,0,0,0,0,0,55,0,0,0,2,6,2,34,0,0,0,1,45,29560,6,1,0,0,3,3,63,212,0,0,0,0,0,0,0,0,0,1,0,0,0,0,1,2,55,4,1,2,1,0,0,14,13,1,1,4,1,2,0
45,450454,1,2,1,8,8,16,45,12,6,1,0,45,1,53,703,53703,83,2009,VTTNJ48A8921,V,T,T,N,J,4,8,A,8,9,2,1,0,M,SUZI,GZ2,RS,9,17,,,,,,,249,,1,,4,302,,,,,,,0,0,000000000,00000000000,0,0,0,1,0,0,0,0,0,0,0,45,0,0,0,12,6,2,12,0,0,0,1,45,29626,6,1,0,0,3,3,68,185,0,0,0,0,0,0,0,0,0,0,0,0,0,0,1,2,45,1,1,2,1,0,0,1,66,99,1,1,83,1,0
45,450454,2,2,2,8,8,16,45,12,6,1,0,45,2,52,401,52401,14,2000,JA4LS21H5YP8,J,A,4,L,S,2,1,H,5,Y,P,8,0,P,MITS,MNS,UT,0,17,3810,,0,1073,,G,,F,6,181,,,15R235,,,,,,0,0,000000000,00000000000,0,0,0,1,0,0,0,0,0,0,0,20,0,0,0,11,6,2,12,0,0,0,1,45,29624,6,1,0,0,3,0,65,174,1,0,0,0,2,7,2010,10,2010,0,38,0,0,0,1,2,45,1,1,2,1,20,3,11,15,99,1,1,82,0,0
45,450455,1,1,1,11,8,20,50,59,0,1,0,37,1,37,709,37709,80,2006,JH2PC37066M3,J,H,2,P,C,3,7,0,6,6,M,3,0,M,HOND,B60,RC,6,17,,,,,,,599,,4,,4,361,,,,,,,0,0,000000000,00000000000,0,0,0,1,0,0,0,0,0,0,0,80,0,0,0,12,6,2,32,0,0,0,1,37,28227,6,1,0,0,3,0,68,999,0,0,0,0,0,0,0,0,0,1,0,0,0,0,2,2,45,1,1,2,1,0,0,1,13,1,1,4,1,1,0
45,450456,1,2,1,19,8,21,41,12,6,1,0,45,1,20,421,20421,15,2004,1GNEC13Z64R1,1,G,N,E,C,1,3,Z,6,4,R,1,0,P,CHEV,CTA,UT,4,17,4828,,0,1160,,F,,F,8,325,,,16R265,,,,,,0,0,000000000,00000000000,0,0,0,1,0,0,0,0,0,0,0,10,0,0,0,10,6,2,12,0,0,0,1,45,29651,6,1,0,0,3,0,61,155,1,2,0,0,0,10,2010,8,2011,0,38,0,0,0,1,2,50,1,1,2,1,20,3,11,17,99,1,1,82,0,0
45,450456,2,2,1,19,8,21,41,12,6,1,0,45,1,73,706,73706,80,1984,JKAKZFF12EA0,J,K,A,K,Z,F,F,1,2,E,A,0,0,M,KAWK,Z5F,RS,84,17,,,,,,,550,,4,,4,436,,,,,,,0,0,000000000,00000000000,0,0,0,1,0,0,0,0,0,0,0,10,0,0,0,12,6,2,12,0,0,0,1,45,29316,6,1,0,0,3,3,66,170,0,0,0,0,0,0,0,0,0,0,0,0,0,0,1,2,50,1,1,2,1,0,0,1,66,99,1,1,83,1,0
45,450457,1,2,1,19,8,4,0,12,2,1,0,45,1,12,16,12016,4,1995,2FALP74W6SX1,2,F,A,L,P,7,4,W,6,S,X,1,0,P,FORD,CVL,4D,95,17,3779,,0,1144,,G,,F,8,281,,,15R215,,,,,,0,0,000000000,00000000000,0,0,0,1,0,0,0,0,0,0,0,45,0,0,0,12,6,2,12,0,0,0,1,45,29555,6,1,6,0,3,0,68,255,0,0,0,0,0,0,0,0,0,0,0,0,0,0,1,2,45,1,1,2,1,0,0,1,62,99,1,1,51,1,0
45,450457,2,2,1,19,8,4,0,12,2,1,0,45,2,53,404,53404,14,2008,JS3TE9473841,J,S,3,T,E,9,4,7,3,8,4,1,0,P,SUZI,GVT,UT,8,17,3505,,0,1039,,G,,F,6,165,,,17R225,,,,,,0,0,000000000,00000000000,0,0,0,1,0,0,0,0,0,0,0,45,0,0,0,12,6,2,12,0,0,0,1,45,29205,6,1,0,0,3,0,64,120,0,0,0,1,2,12,2010,2,2011,0,51,0,0,0,1,2,45,1,1,2,1,0,0,1,10,99,1,2,50,1,0
45,450458,1,1,1,19,8,19,35,31,0,1,0,45,1,72,706,72706,80,2010,1HD1CX314AC4,1,H,D,1,C,X,3,1,4,A,C,4,0,M,HD,C1U,RS,10,17,,,,,,,1202,,2,,4,581,,,,,,,0,0,000000000,00000000000,0,0,0,1,0,0,0,0,0,0,0,45,0,0,0,12,6,2,31,0,0,0,1,45,29631,6,1,0,0,3,0,69,160,0,0,0,2,0,9,2009,6,2010,1,0,0,0,0,1,2,45,4,2,2,1,40,3,14,6,7,9,4,2,1,1
45,450459,1,1,2,21,8,9,20,43,0,1,0,45,2,12,471,12471,30,1999,1FTYR10V2XUB,1,F,T,Y,R,1,0,V,2,X,U,B,0,T,FORD,RNG,PK,99,17,,1,1175,1116,RNG,F,,,6,182,,,,B,00000,00,U,42,0,0,000000000,00000000000,0,0,0,1,0,0,0,0,0,0,0,999,0,1,5,12,6,2,1,0,0,0,1,45,29006,6,1,0,0,3,0,74,235,0,0,0,0,0,0,0,0,0,0,28,0,0,0,1,2,45,1,1,2,2,0,0,1,13,1,1,4,1,1,0
45,450460,1,1,1,20,8,23,15,39,0,1,0,45,1,37,31,37031,3,1995,1HGEJ2124SL0,1,H,G,E,J,2,1,2,4,S,L,0,0,P,HOND,CID,CP,95,17,2168,,0,1032,,G,,F,4,091,,,13R175,,,,,,0,0,000000000,00000000000,0,0,0,1,0,0,0,0,0,0,0,60,0,0,0,12,6,2,39,0,0,0,1,45,29617,6,1,0,0,3,0,67,152,0,1,1,1,1,9,2010,7,2011,0,99,99,99,99,1,2,30,3,1,2,1,0,0,14,13,1,1,4,1,1,1
45,450461,1,1,1,23,8,17,55,24,0,1,0,45,1,98,709,98709,81,2011,999999999999,9,9,9,9,9,9,9,9,9,9,9,9,0,,,,,,,,,,,,,,,,,,,,,,,,,0,0,000000000,00000000000,0,0,0,1,0,0,0,0,0,0,0,25,0,0,0,12,6,8,24,0,0,0,1,45,29661,6,1,0,0,3,0,77,180,1,2,1,0,1,9,2009,4,2011,0,0,0,0,0,2,2,15,3,1,2,1,40,3,14,13,1,1,4,1,1,1
45,450462,1,1,1,25,8,3,40,8,0,1,0,45,1,35,47,35047,4,2006,1N4BL11D76C1,1,N,4,B,L,1,1,D,7,6,C,1,0,P,NISS,ASR,4D,6,17,3101,,0,1102,,G,,F,6,214,,,17R215,,,,,,0,0,000000000,00000000000,0,0,0,1,0,0,0,0,0,0,0,55,0,0,0,12,2,1,8,0,0,0,1,45,29554,6,1,0,0,3,0,68,180,0,0,0,1,0,12,2011,12,2011,0,0,0,0,0,1,2,55,1,1,2,1,0,0,1,80,1,1,1,13,0,0
45,450463,1,1,1,26,8,5,50,34,0,1,0,45,1,20,9,20009,2,1995,2G1FP22S4S21,2,G,1,F,P,2,2,S,4,S,2,1,0,P,CHEV,CAM,CP,95,17,3251,,0,1011,,G,,F,6,207,,,16R215,,,,,,0,0,000000000,00000000000,0,0,0,1,0,0,0,0,0,0,0,55,0,0,0,12,6,2,34,0,0,0,1,45,29072,6,1,0,0,3,0,70,190,1,0,0,0,0,3,2011,3,2011,0,0,0,0,0,2,2,55,1,1,2,1,0,0,1,8,6,9,4,7,1,1
45,450464,1,2,1,26,8,20,15,12,6,1,0,45,2,2,404,2404,14,1999,1J4FY29P4XP4,1,J,4,F,Y,2,9,P,4,X,P,4,0,T,JEEP,SEW,2W,99,17,,1,0,934,W/T,G,,,4,150,,,,,2987,00,U,44,0,0,000000000,00000000000,0,0,0,1,0,0,0,0,0,0,0,8,0,0,0,2,2,1,12,0,0,0,1,45,29461,6,1,0,0,3,0,71,170,2,0,0,1,1,8,2010,10,2011,0,38,0,0,0,1,2,45,1,1,2,1,0,0,11,15,99,1,2,68,0,0
45,450464,2,2,1,26,8,20,15,12,6,1,0,45,1,73,705,73705,80,2000,JKAZX4J1XYA0,J,K,A,Z,X,4,J,1,X,Y,A,0,0,M,KAWK,ZXJ,RC,0,17,,,,,,,600,,4,,4,377,,,,,,,0,0,000000000,00000000000,0,0,0,1,0,0,0,0,0,0,0,45,0,0,0,12,6,2,12,0,0,0,1,45,29461,6,1,0,0,3,0,71,265,1,4,0,0,3,9,2009,5,2012,0,0,0,0,0,1,2,45,1,1,2,1,0,0,1,17,99,1,1,69,1,0
45,450465,1,1,1,28,8,18,20,33,0,1,0,45,1,12,37,12037,4,2008,1FAHP35N88W1,1,F,A,H,P,3,5,N,8,8,W,1,0,P,FORD,FMS,4D,8,17,2623,,0,1029,,G,,F,4,122,,,16R205,,,,,,0,0,000000000,00000000000,0,0,0,1,0,0,0,0,0,0,0,50,0,0,0,12,6,2,42,0,0,0,1,45,29412,6,1,0,0,3,0,66,225,0,0,0,1,0,12,2010,12,2010,1,0,0,0,0,6,1,30,1,1,2,2,0,0,1,6,1,9,4,2,1,0
45,450466,1,2,2,30,8,14,0,12,6,1,0,45,1,23,481,23481,31,1994,2GTEC19K9R15,2,G,T,E,C,1,9,K,9,R,1,5,0,T,GMC,SC1,PC,94,17,,2,1555,1415,SIE,G,,,8,350,,,,B,00000,00,A,42,0,0,000000000,00000000000,0,0,0,1,0,0,0,0,0,0,0,45,0,0,0,12,6,2,12,0,0,0,1,45,29588,6,1,0,0,3,3,72,173,0,0,0,0,0,0,0,0,0,0,0,0,0,0,2,2,55,1,1,2,1,0,0,1,66,99,1,1,88,0,0
45,450466,2,2,1,30,8,14,0,12,6,1,0,45,1,49,32,49032,4,2008,1NXBR32E48Z9,1,N,X,B,R,3,2,E,4,8,Z,9,0,P,TOYT,UCS,4D,8,17,2530,,0,1024,,G,,F,4,110,,,15R185,,,,,,0,0,000000000,00000000000,0,0,0,1,0,0,0,0,0,0,0,15,0,0,0,9,6,2,12,0,0,0,1,45,29588,6,1,0,0,3,3,62,160,1,0,0,0,1,8,2011,6,2012,0,38,0,0,0,2,2,55,1,1,2,1,20,3,1,17,99,1,1,89,1,0
45,450467,1,1,1,12,8,23,39,52,0,1,0,45,1,35,443,35443,20,2009,5N1BV28U39N1,5,N,1,B,V,2,8,U,3,9,N,1,0,P,NISS,QST,SV,9,17,4293,,0,1240,,G,,F,6,214,,,16R225,,,,,,0,0,000000000,00000000000,0,0,0,1,0,0,0,0,0,0,0,45,0,0,0,12,6,2,52,0,0,0,1,45,29649,6,1,0,0,3,3,64,138,0,0,0,0,0,0,0,0,0,1,0,0,0,0,2,2,45,1,1,2,1,0,0,1,13,1,1,4,1,1,0
45,450468,1,2,0,31,8,15,29,12,1,1,0,6,6,82,881,82881,66,2005,1FUJA6CK25LN,1,F,U,J,A,6,C,K,2,5,L,N,1,T,FRHT,COL,TR,5,17,,8,0,0,CON,D,,,6,858,,,,,00000,00,,64,1,6,0001406,060001406,3,6,1,1,0,0,0,0,0,0,0,0,0,0,0,6,6,2,12,0,0,0,0,0,99997,7,6,97,7,6,7,998,997,998,998,998,998,998,98,9998,98,9998,8,20,0,0,0,2,2,55,1,1,2,1,0,0,0,53,0,0,0,98,0,0
45,450468,2,2,1,31,8,15,29,12,1,1,0,45,1,12,481,12481,31,1997,1FTDX1768VNA,1,F,T,D,X,1,7,6,8,V,N,A,0,T,FORD,F15,3C,97,17,,1,1570,1390,COF,G,,,8,281,,,,B,4045,03,E,42,0,0,000000000,00000000000,0,0,0,1,0,0,0,0,0,0,0,55,0,0,0,12,6,2,12,0,0,0,1,45,29843,6,1,0,0,3,3,71,205,0,0,0,1,0,3,2012,3,2012,1,0,0,0,0,2,2,55,1,1,2,1,0,0,1,50,99,1,1,98,1,0
45,450469,1,1,1,7,4,23,56,33,0,1,0,13,2,12,401,12401,14,1998,1FMPU18L1WLB,1,F,M,P,U,1,8,L,1,W,L,B,0,P,FORD,EPT,UT,98,17,5177,,0,1190,,G,,F,8,330,,,16R255,,,,,,0,0,000000000,00000000000,0,0,0,1,0,0,0,0,0,0,0,60,0,0,0,12,8,8,33,0,0,0,1,45,29054,6,1,0,0,3,0,66,150,0,0,0,0,0,0,0,0,0,1,58,0,0,0,2,2,35,1,1,2,1,3,3,1,13,1,1,4,1,1,0
45,450470,1,3,1,20,6,19,25,12,8,1,0,45,1,53,705,53705,80,2007,JS1GW71A8721,J,S,1,G,W,7,1,A,8,7,2,1,0,M,SUZI,GRZ,RC,7,17,,,,,,,1299,,4,,4,478,,,,,,,0,0,000000000,00000000000,0,0,0,1,0,0,0,0,0,0,0,45,0,0,0,9,6,2,12,0,0,0,1,45,29545,6,1,0,0,3,0,74,280,3,1,0,0,0,6,2010,8,2011,1,28,0,0,0,2,2,35,1,1,2,1,0,0,1,10,99,1,2,64,1,0
45,450470,2,3,2,20,6,19,25,12,8,1,0,37,1,13,421,13421,15,2007,5LMFU27587LJ,5,L,M,F,U,2,7,5,8,7,L,J,0,P,LINC,NAV,UT,7,17,5872,,0,1190,,G,,F,8,329,,,18R255,,,,,,0,0,000000000,00000000000,0,0,0,1,0,0,0,0,0,0,0,25,0,0,0,9,2,1,12,0,0,0,1,37,27893,6,1,0,0,3,0,69,999,0,0,0,0,0,0,0,0,0,0,0,0,0,0,2,2,35,1,1,2,1,0,0,1,62,99,1,1,65,0,0
45,450470,3,3,1,20,6,19,25,12,8,1,0,45,1,20,421,20421,15,2004,1GNEK13Z94R1,1,G,N,E,K,1,3,Z,9,4,R,1,0,P,CHEV,KTA,UT,4,17,5050,,0,1160,,F,,F,8,325,,,16R265,,,,,,0,0,000000000,00000000000,0,0,0,1,0,0,0,0,0,0,0,20,0,0,0,12,6,2,12,0,0,0,1,45,29526,6,1,0,0,3,0,70,143,0,0,0,0,0,0,0,0,0,0,0,0,0,0,2,2,35,1,1,2,1,0,0,1,62,99,1,1,98,0,0
45,450471,1,1,1,25,6,10,13,15,0,1,0,45,3,84,881,84881,63,2001,1HTSLAAL01H3,1,H,T,S,L,A,A,L,0,1,H,3,0,T,INTL,470,CC,1,17,,6,2540,1400,40S,D,,,6,466,,,,,00000,00,,42,0,45,674796,45674796,3,1,4,1,0,0,0,0,0,0,0,10,0,0,0,12,2,1,15,0,0,0,1,45,29073,6,1,0,0,2,0,68,190,0,0,0,0,0,0,0,0,0,0,39,38,0,0,2,2,25,1,1,2,1,3,3,1,17,1,1,1,13,0,0
45,450472,1,1,2,16,5,22,35,1,0,1,0,45,2,2,404,2404,14,2002,1J4GX48S52C2,1,J,4,G,X,4,8,S,5,2,C,2,0,T,JEEP,LRO,4W,2,17,,1,0,1059,GCK,G,,,6,244,,,,,3684,01,E,42,0,0,000000000,00000000000,0,0,0,1,0,0,0,0,0,0,0,55,0,1,5,0,6,2,1,0,0,0,1,45,29536,1,1,5,0,2,0,66,155,0,0,0,0,0,0,0,0,0,1,0,0,0,0,1,2,55,1,1,2,2,0,0,1,6,7,9,4,2,1,0
45,450473,1,1,1,9,7,23,14,42,0,1,0,45,1,20,7,20007,10,1969,999999999999,9,9,9,9,9,9,9,9,9,9,9,9,0,,,,,,,,,,,,,,,,,,,,,,,,,0,0,000000000,00000000000,0,0,0,1,0,0,0,0,0,0,0,64,0,0,0,3,6,2,42,0,0,0,1,45,29644,6,1,0,0,3,0,71,220,0,0,0,0,0,0,0,0,0,1,8,37,0,0,1,2,40,3,2,2,1,0,0,14,62,7,3,4,3,1,1
45,450474,1,3,1,13,7,21,40,12,1,1,0,45,2,98,709,98709,81,2003,999999999999,9,9,9,9,9,9,9,9,9,9,9,9,0,,,,,,,,,,,,,,,,,,,,,,,,,0,0,000000000,00000000000,0,0,0,1,0,0,0,0,0,0,0,25,0,0,0,6,6,2,12,0,0,0,1,45,29645,1,1,5,0,2,0,68,145,0,0,0,0,0,0,0,0,0,0,23,0,0,0,2,2,55,1,1,2,1,40,3,1,53,99,1,1,25,1,1
45,450474,2,3,2,13,7,21,40,12,1,1,0,45,1,12,481,12481,31,2005,1FTSW21P55EA,1,F,T,S,W,2,1,P,5,5,E,A,0,T,FORD,F2S,CW,5,17,,2,1724,1562,SRW,D,,,8,366,,,,C,6538,00,E,44,0,0,000000000,00000000000,0,0,0,1,0,0,0,0,0,0,0,55,0,0,0,12,2,1,12,0,0,0,1,45,29384,6,1,0,0,3,0,74,260,0,0,0,0,0,0,0,0,0,0,0,0,0,0,2,2,55,1,1,2,1,0,0,1,51,99,1,1,24,0,0
45,450474,3,3,1,13,7,21,40,12,1,1,0,45,1,24,10,24010,6,2007,5GZER33757J1,5,G,Z,E,R,3,3,7,5,7,J,1,0,P,STRN,OUT,UT,7,17,4722,,0,1189,,G,,F,6,220,,,18R225,,,,,,0,0,000000000,00000000000,0,0,0,1,0,0,0,0,0,0,0,55,0,0,0,14,2,1,18,0,0,0,1,45,29384,6,1,0,0,3,3,65,150,0,0,0,0,0,0,0,0,0,0,0,0,0,0,2,2,55,1,1,2,1,0,0,1,90,6,1,2,98,0,0
45,450475,1,1,1,19,8,0,3,1,0,1,0,45,1,98,709,98709,81,2010,999999999999,9,9,9,9,9,9,9,9,9,9,9,9,0,,,,,,,,,,,,,,,,,,,,,,,,,0,0,000000000,00000000000,0,0,0,1,0,0,0,0,0,0,0,30,0,0,0,0,2,3,1,0,0,0,1,45,29690,1,1,5,0,2,0,69,133,0,0,0,0,0,0,0,0,0,1,0,0,0,0,1,2,45,1,1,2,1,0,0,1,6,1,9,1,98,1,0
45,450476,1,1,1,1,9,1,1,34,0,1,0,45,1,20,481,20481,31,1995,1GCCS14W5S81,1,G,C,C,S,1,4,W,5,S,8,1,0,T,CHEV,S14,PK,95,17,,1,1179,1083,S,G,,,6,262,,,,B,2822,01,,42,0,0,000000000,00000000000,0,0,0,1,0,0,0,0,0,0,0,70,0,1,5,12,6,2,1,0,0,0,1,45,29448,6,1,0,0,3,0,66,140,0,0,0,0,0,0,0,0,0,1,58,0,0,0,1,2,40,4,1,2,1,0,0,14,6,7,9,4,2,1,1
45,450477,1,1,1,5,9,20,15,30,0,1,0,45,1,52,37,52037,2,1998,4A3AK44Y3WE0,4,A,3,A,K,4,4,Y,3,W,E,0,0,P,MITS,EGS,2H,98,17,2842,,0,988,,G,,F,4,122,,,16R205,,,,,,0,0,000000000,00000000000,0,0,0,1,0,0,0,0,0,0,0,60,0,0,0,9,6,2,30,0,0,0,1,45,29180,6,1,0,0,3,0,67,160,0,1,1,0,0,9,2010,9,2010,1,0,0,0,0,1,2,35,2,1,2,1,0,0,14,13,1,1,4,1,1,0
45,450478,1,1,1,6,9,6,50,8,0,1,1,99,9,99,999,99999,99,9999,999999999999,9,9,9,9,9,9,9,9,9,9,9,9,0,,,,,,,,,,,,,,,,,,,,,,,,,0,0,000000000,00000000000,0,0,0,1,0,0,0,0,0,0,0,999,0,0,0,99,9,1,8,0,0,0,1,99,99999,9,9,99,9,9,9,999,999,99,99,99,99,99,99,9999,99,9999,0,0,0,0,0,1,2,55,1,1,2,1,0,0,1,80,1,1,1,13,0,0
45,450479,1,1,1,6,9,20,47,8,0,1,0,45,1,7,24,7024,4,2007,2B3LA73W47H6,2,B,3,L,A,7,3,W,4,7,H,6,0,P,DODG,RT8,4D,7,17,4122,,0,1200,,G,,F,8,372,,,20R245,,,,,,0,0,000000000,00000000000,0,0,0,1,0,0,0,0,0,0,0,25,0,0,0,12,6,2,8,0,0,0,1,45,29617,6,1,0,0,3,0,78,210,1,2,1,0,2,10,2010,12,2011,0,0,0,0,0,1,2,25,1,2,2,2,0,0,1,80,1,1,1,13,0,0
45,450480,1,2,4,7,9,17,55,12,6,1,0,45,1,23,431,23431,16,2003,1GKEC16Z63J3,1,G,K,E,C,1,6,Z,6,3,J,3,0,T,GMC,CX1,4W,3,17,,2,0,1300,YUK,F,,,8,325,,,,B,4947,00,4,42,0,0,000000000,00000000000,0,0,0,1,0,0,0,0,0,0,0,45,0,0,0,12,6,2,12,0,0,0,1,45,29511,6,1,0,0,3,0,70,190,0,0,0,1,0,5,2011,5,2011,0,0,0,0,0,2,2,45,1,1,2,1,0,0,1,66,99,1,1,83,0,0
45,450480,2,2,3,7,9,17,55,12,6,1,0,45,1,18,2,18002,4,2005,1G4HP54K95U2,1,G,4,H,P,5,4,K,9,5,U,2,0,P,BUIC,LCF,4D,5,17,3567,,0,1122,,G,,F,6,232,,,15R215,,,,,,0,0,000000000,00000000000,0,0,0,1,0,0,0,0,0,0,0,10,0,0,0,9,6,2,12,0,0,0,1,45,29440,6,1,0,0,3,0,71,250,0,0,0,0,0,0,0,0,0,0,38,0,0,0,2,2,45,1,1,2,1,20,3,11,15,99,1,1,82,1,0