STATE,ST_CASE,VEH_NO,VE_FORMS,NUMOCCS,DAY,MONTH,HOUR,MINUTE,HARM_EV,MAN_COLL,UNITTYPE,HIT_RUN,REG_STAT,OWNER,MAKE,MODEL,MAK_MOD,BODY_TYP,MOD_YEAR,VIN,VIN_1,VIN_2,VIN_3,VIN_4,VIN_5,VIN_6,VIN_7,VIN_8,VIN_9,VIN_10,VIN_11,VIN_12,TOW_VEH,VINTYPE,VINMAKE,VINA_MOD,VIN_BT,VINMODYR,VIN_LNGT,VIN_WGT,WGTCD_TR,WHLBS_LG,WHLBS_SH,SER_TR,FUELCODE,MCYCL_DS,CARBUR,CYLINDER,DISPLACE,MCYCL_CY,MCYCL_WT,TIRE_SZE,TON_RAT,TRK_WT,TRKWTVAR,VIN_REST,WHLDRWHL,J_KNIFE,MCARR_I1,MCARR_I2,MCARR_ID,GVWR,V_CONFIG,CARGO_BT,HAZ_INV,HAZ_PLAC,HAZ_ID,HAZ_CNO,HAZ_REL,BUS_USE,SPEC_USE,EMER_USE,TRAV_SP,UNDERIDE,ROLLOVER,ROLINLOC,IMPACT1,DEFORMED,TOWED,M_HARM,VEH_SC1,VEH_SC2,FIRE_EXP,DR_PRES,L_STATE,DR_ZIP,L_STATUS,L_TYPE,CDL_STAT,L_ENDORS,L_COMPL,L_RESTRI,DR_HGT,DR_WGT,PREV_ACC,PREV_SUS,PREV_DWI,PREV_SPD,PREV_OTH,FIRST_MO,FIRST_YR,LAST_MO,LAST_YR,SPEEDREL,DR_SF1,DR_SF2,DR_SF3,DR_SF4,VTRAFWAY,VNUM_LAN,VSPD_LIM,VALIGN,VPROFILE,VPAVETYP,VSURCOND,VTRAFCON,VTCONT_F,P_CRASH1,P_CRASH2,P_CRASH3,PCRASH4,PCRASH5,ACC_TYPE,DEATHS,DR_DRINK
45,450515,1,2,2,18,9,7,55,12,7,1,0,37,3,20,2,20002,4,2007,2G1WU58RX791,2,G,1,W,U,5,8,R,X,7,9,1,0,P,CHEV,ITZ,4D,7,17,3729,,0,1105,,G,,F,6,238,,,17R225,,,,,,0,0,000000000,00000000000,0,0,0,1,0,0,0,0,0,0,0,45,0,0,0,9,2,1,12,0,0,0,1,37,28119,6,1,6,3,3,0,71,999,1,0,0,0,1,9,2010,8,2011,0,0,0,0,0,1,2,55,1,1,2,2,0,0,1,60,99,1,1,45,0,0
45,450515,2,2,1,18,9,7,55,12,7,1,0,45,2,52,34,52034,4,1997,4A3AJ46G1VE0,4,A,3,A,J,4,6,G,1,V,E,0,0,P,MITS,UGD,4D,97,17,2777,,0,1037,,G,,F,4,143,,,14R185,,,,,,0,0,000000000,00000000000,0,0,0,1,0,0,0,0,0,0,0,55,0,0,0,3,6,2,30,0,0,1,1,45,29709,1,1,5,0,2,0,61,270,0,1,0,0,0,1,2012,1,2012,0,27,0,0,0,1,2,55,1,1,2,2,0,0,6,11,99,9,2,44,1,0
45,450516,1,2,2,22,9,13,18,12,6,1,0,45,2,2,404,2404,14,1998,1J4GZ58S8WC2,1,J,4,G,Z,5,8,S,8,W,C,2,0,T,JEEP,LRT,4W,98,17,,1,0,1059,GCK,G,,,6,242,,,,,3708,01,E,44,0,0,000000000,00000000000,0,0,0,1,0,0,0,0,0,0,0,49,0,1,1,12,6,2,12,0,0,0,1,45,29527,6,1,0,0,3,0,72,180,0,0,0,0,0,0,0,0,0,0,0,0,0,0,2,2,45,1,1,2,1,0,0,1,10,99,1,2,64,0,0
45,450516,2,2,6,22,9,13,18,12,6,1,0,45,2,7,27,7027,6,2010,3D4PG5FV1AT1,3,D,4,P,G,5,F,V,1,A,T,1,0,P,DODG,JOU,UT,10,17,4229,,0,1138,,G,,F,6,214,,,17R225,,,,,,0,0,000000000,00000000000,0,0,0,1,0,0,0,0,0,0,0,35,0,1,5,10,6,2,12,0,0,0,1,45,29210,6,1,0,0,3,0,69,278,1,1,0,0,0,4,2011,7,2012,0,0,0,0,0,2,2,45,1,1,2,1,0,0,1,62,99,1,1,65,1,0
45,450517,1,1,1,26,9,18,45,35,0,1,0,45,1,2,404,2404,14,1994,1J4FT68S2RL2,1,J,4,F,T,6,8,S,2,R,L,2,0,T,JEEP,SPT,4W,94,17,,1,0,1014,CHK,G,,,6,242,,,,,2928,00,A,42,0,0,000000000,00000000000,0,0,0,1,0,0,0,0,0,0,0,80,0,1,5,12,6,2,1,0,0,0,1,45,29376,6,1,0,0,3,0,70,207,0,1,0,0,0,3,2011,3,2011,0,0,0,0,0,3,2,65,1,1,2,1,0,0,1,13,1,1,4,1,1,1
45,450518,1,1,1,26,9,6,22,8,0,1,0,45,1,20,22,20022,2,2008,1G1AK18F5872,1,G,1,A,K,1,8,F,5,8,7,2,0,P,CHEV,BLS,CP,8,17,2991,,0,1033,,G,,F,4,134,,,15R195,,,,,,0,0,000000000,00000000000,0,0,0,1,0,0,0,0,0,0,0,65,0,0,0,12,2,3,8,0,0,0,1,45,29340,6,1,0,0,3,0,71,280,0,0,0,2,0,2,2010,7,2010,0,0,0,0,0,3,3,70,1,1,2,1,0,0,1,81,1,1,1,13,0,0
45,450519,1,3,1,28,9,3,50,12,8,1,0,45,1,21,22,21022,4,1997,1G3GR62C5V41,1,G,3,G,R,6,2,C,5,V,4,1,0,P,OLDS,AUR,4D,97,17,3967,,0,1138,,G,,F,8,244,,,16R235,,,,,,0,0,000000000,00000000000,0,0,0,1,0,0,0,0,0,0,0,35,0,0,0,11,6,2,12,0,0,0,1,45,29210,6,1,0,0,3,0,65,175,0,2,0,2,0,6,2011,2,2012,0,0,0,0,0,1,2,35,1,1,2,1,0,0,1,62,99,1,1,65,0,0
45,450519,2,3,1,28,9,3,50,12,8,1,0,45,1,6,43,6043,2,2000,4C3AU52N3YE0,4,C,3,A,U,5,2,N,3,Y,E,0,0,P,CHRY,SLI,CP,0,17,3115,,0,1037,,G,,F,6,152,,,17R215,,,,,,0,0,000000000,00000000000,0,0,0,1,0,0,0,0,0,0,0,35,0,0,0,12,6,2,12,0,0,0,1,45,29210,6,1,0,0,3,0,67,154,2,0,0,2,0,11,2011,8,2012,0,0,0,0,0,1,2,35,1,1,2,1,0,0,1,63,1,1,1,98,0,0
45,450519,3,3,3,28,9,3,50,12,8,1,0,34,2,49,32,49032,4,2000,2T1BR12E4YC2,2,T,1,B,R,1,2,E,4,Y,C,2,0,P,TOYT,UVL,4D,0,17,2403,,0,970,,G,,F,4,109,,,14R175,,,,,,0,0,000000000,00000000000,0,0,0,1,0,0,0,0,0,0,0,50,0,0,0,11,6,2,12,0,0,0,1,45,29203,6,1,0,0,3,3,61,195,0,0,0,0,0,0,0,0,0,0,28,0,0,0,1,2,35,1,1,2,1,0,0,1,10,99,9,3,64,1,1
45,450520,1,1,1,30,9,5,15,23,0,1,0,45,2,20,2,20002,4,1988,1G1BL51H7JR1,1,G,1,B,L,5,1,H,7,J,R,1,0,P,CHEV,CAP,4D,88,17,3376,,0,1160,,G,,4,8,305,,,15R205,,,,,,0,0,000000000,00000000000,0,0,0,1,0,0,0,0,0,0,0,70,0,0,0,12,6,2,23,0,0,0,1,45,29943,6,1,6,0,3,0,71,225,0,1,0,0,0,3,2012,3,2012,0,0,0,0,0,1,2,55,1,1,2,1,0,0,1,12,1,1,4,6,1,1
45,450521,1,1,1,29,9,4,27,42,0,1,0,45,1,13,5,13005,4,1997,1LNLM82W0VY7,1,L,N,L,M,8,2,W,0,V,Y,7,0,P,LINC,SET,4D,97,17,3977,,0,1174,,G,,F,8,281,,,15R215,,,,,,0,0,000000000,00000000000,0,0,0,1,0,0,0,0,0,0,0,80,0,0,0,9,6,2,42,0,0,0,1,45,29455,6,1,0,0,3,0,63,180,0,1,0,2,0,4,2010,4,2012,1,0,0,0,0,1,2,55,1,1,2,1,0,0,1,13,1,1,4,1,1,1
45,450522,1,1,1,7,9,20,0,32,0,1,0,45,2,42,44,42044,9,1998,WDBFA67F7WF1,W,D,B,F,A,6,7,F,7,W,F,1,0,P,MERZ,SL5,RD,98,17,4045,,0,990,,G,,F,8,303,,,16R225,,,,,,0,0,000000000,00000000000,0,0,0,1,0,0,0,0,0,0,0,65,0,1,5,2,6,2,1,0,0,0,1,45,29621,6,2,0,0,3,0,71,155,0,0,0,0,0,0,0,0,0,1,0,0,0,0,1,2,45,1,1,2,1,0,0,1,13,1,1,4,1,1,0
45,450523,1,3,1,13,9,11,40,12,7,1,0,45,1,12,481,12481,31,1999,1FTWW32F9XEE,1,F,T,W,W,3,2,F,9,X,E,E,0,T,FORD,F3D,CW,99,17,,3,1720,1560,DRW,D,,,8,444,,,,D,5755,01,E,42,0,0,000000000,00000000000,0,0,0,1,0,0,0,0,0,0,0,70,0,0,0,3,6,2,12,0,0,0,1,45,29655,6,1,0,0,3,0,68,213,0,1,0,0,0,5,2012,5,2012,0,0,0,0,0,1,2,55,1,1,2,1,0,0,6,11,99,1,1,44,0,0
45,450523,2,3,1,13,9,11,40,12,7,1,0,13,1,12,481,12481,31,2003,1FTWX32P13EB,1,F,T,W,X,3,2,P,1,3,E,B,0,T,FORD,F3D,4C,3,17,,3,0,1580,DRW,D,,,8,366,,,,D,6075,00,U,42,0,0,000000000,00000000000,0,0,0,1,0,0,0,0,0,0,0,40,0,0,0,9,2,1,12,0,0,0,1,13,30635,6,1,6,0,3,3,72,224,98,0,0,0,0,0,0,0,0,0,0,0,0,0,1,2,55,1,1,2,1,0,0,2,10,2,1,1,45,0,0
45,450523,3,3,1,13,9,11,40,12,7,1,0,45,1,98,998,98998,92,1988,999999999999,9,9,9,9,9,9,9,9,9,9,9,9,0,,,,,,,,,,,,,,,,,,,,,,,,,0,0,000000000,00000000000,0,0,0,1,0,0,0,0,0,0,0,0,0,0,0,9,6,2,12,0,0,0,1,45,29684,6,1,0,0,3,0,69,170,0,0,0,0,0,0,0,0,0,0,0,0,0,0,1,2,55,1,1,2,1,0,0,1,78,99,1,5,98,1,0
45,450524,1,1,1,12,9,13,25,14,0,1,0,45,1,98,709,98709,81,2011,999999999999,9,9,9,9,9,9,9,9,9,9,9,9,0,,,,,,,,,,,,,,,,,,,,,,,,,0,0,000000000,00000000000,0,0,0,1,0,0,0,0,0,0,0,30,0,0,0,12,2,3,14,0,0,0,1,45,29710,6,1,0,0,3,0,68,150,0,0,0,0,0,0,0,0,0,0,0,0,0,0,1,2,35,1,1,2,1,0,0,1,50,99,1,9,11,1,0
45,450525,1,1,2,18,9,6,55,8,0,1,0,45,1,37,441,37441,20,2003,5FNRL189X3B0,5,F,N,R,L,1,8,9,X,3,B,0,0,P,HOND,UDY,SV,3,17,4376,,0,1181,,G,,F,6,212,,,16R225,,,,,,0,0,000000000,00000000000,0,0,0,1,0,0,0,0,0,0,0,40,0,0,0,13,2,1,8,0,0,0,1,45,29687,6,1,0,0,3,0,66,145,0,0,0,0,0,0,0,0,0,0,0,0,0,0,1,2,45,1,1,2,2,0,0,1,80,1,1,1,13,0,0
45,450526,1,2,3,18,9,20,12,57,0,1,0,1,2,35,481,35481,31,2007,1N6BA06A17N2,1,N,6,B,A,0,6,A,1,7,N,2,0,T,NISS,TXS,PC,7,17,,2,0,1398,TTN,F,,,8,342,,,,,4689,00,E,42,0,0,000000000,00000000000,0,0,0,1,0,0,0,0,0,0,0,65,0,0,0,12,6,2,12,0,0,0,1,1,36311,6,1,0,0,3,0,66,175,0,0,0,0,0,0,0,0,0,1,0,0,0,0,3,2,65,1,2,2,2,0,0,1,6,6,9,4,7,3,0
45,450526,2,2,2,18,9,20,12,57,0,1,0,37,3,51,881,51881,66,2007,4V4NC9GH47N4,4,V,4,N,C,9,G,H,4,7,N,4,1,T,VOLV,VNL,TR,7,17,,8,0,0,VVN,D,,,6,732,,,,,00000,00,,64,1,37,0825186,370825186,3,6,1,1,0,0,0,0,0,0,0,65,0,0,0,12,6,2,12,0,0,0,1,37,27360,6,1,6,0,3,3,73,999,1,0,0,0,2,3,2010,7,2011,0,0,0,0,0,3,2,65,1,2,2,2,0,0,1,62,99,1,1,98,0,0
45,450527,1,1,1,23,9,0,35,53,0,1,0,45,1,49,38,49038,2,1996,JT2AC52L8T01,J,T,2,A,C,5,2,L,8,T,0,1,0,P,TOYT,TTD,2D,96,17,1950,,0,937,,G,,F,4,091,,,13R155,,,,,,0,0,000000000,00000000000,0,0,0,1,0,0,0,0,0,0,0,65,0,0,0,12,6,2,42,0,0,0,1,45,29316,6,1,0,0,3,3,70,140,0,0,0,1,0,6,2011,6,2011,1,0,0,0,0,1,2,35,3,1,2,1,0,0,14,13,1,1,4,1,1,1
45,450528,1,2,1,28,9,15,35,12,6,1,0,45,2,23,401,23401,14,2001,1GKCS13WX121,1,G,K,C,S,1,3,W,X,1,2,1,0,T,GMC,JMY,4W,1,17,,1,0,1070,JMY,G,,,6,262,,,,B,3887,00,E,42,0,0,000000000,00000000000,0,0,0,1,0,0,0,0,0,0,0,10,0,0,0,3,6,2,12,0,0,0,1,45,29532,6,1,0,0,3,0,64,150,0,0,0,0,0,0,0,0,0,0,39,0,0,0,1,2,45,1,1,2,1,20,3,1,17,99,1,1,87,0,0
45,450528,2,2,2,28,9,15,35,12,6,1,0,45,1,41,35,41035,4,1991,JM1BG2244M02,J,M,1,B,G,2,2,4,4,M,0,2,0,P,MAZD,PDX,4D,91,17,2249,,0,984,,G,,F,4,112,,,13R175,,,,,,0,0,000000000,00000000000,0,0,0,1,0,0,0,0,0,0,0,45,0,0,0,12,6,2,12,0,0,0,1,45,29532,6,1,0,0,3,3,67,160,2,0,0,0,0,10,2009,3,2012,0,0,0,0,0,1,2,45,1,1,2,1,0,0,1,66,99,1,1,86,1,0
45,450529,1,1,2,28,9,11,33,42,0,1,0,45,1,38,401,38401,14,1993,4S2CG58V9P43,4,S,2,C,G,5,8,V,9,P,4,3,0,P,ISU,ROD,UT,93,17,0,,0,1087,,G,,F,6,195,,,000000,,,,,,0,0,000000000,00000000000,0,0,0,1,0,0,0,0,0,0,0,80,0,0,0,12,6,2,42,0,0,0,1,45,29431,1,1,5,0,2,0,72,155,0,0,0,0,0,0,0,0,0,1,0,0,0,0,1,2,45,1,1,2,1,0,0,1,6,7,9,4,2,1,1
45,450530,1,1,1,29,9,15,5,1,0,1,0,45,1,99,709,99709,80,2008,999999999999,9,9,9,9,9,9,9,9,9,9,9,9,0,,,,,,,,,,,,,,,,,,,,,,,,,0,0,000000000,00000000000,0,0,0,1,0,0,0,0,0,0,0,45,0,0,0,0,6,2,1,0,0,0,1,45,29645,1,1,5,0,2,3,71,215,0,3,1,0,0,6,2010,9,2011,1,0,0,0,0,1,2,55,3,2,2,1,0,0,14,6,7,9,4,2,1,1
45,450531,1,1,1,1,8,20,52,8,0,1,0,45,1,20,2,20002,4,2009,2G1WU57M1911,2,G,1,W,U,5,7,M,1,9,1,1,0,P,CHEV,ITZ,4D,9,17,3649,,0,1105,,F,,F,6,238,,,18R235,,,,,,0,0,000000000,00000000000,0,0,0,1,0,0,0,0,0,0,0,45,0,0,0,12,6,2,8,0,0,0,1,45,29730,6,1,0,0,3,3,66,175,4,0,0,1,0,2,2010,12,2011,0,0,0,0,0,1,2,45,1,1,2,1,0,0,1,81,1,1,1,13,0,0
45,450532,1,2,2,12,8,18,26,12,6,1,0,45,1,53,705,53705,80,1995,JS1GN72A5S21,J,S,1,G,N,7,2,A,5,S,2,1,0,M,SUZI,GX6,RC,95,17,,,,,,,599,,4,,4,438,,,,,,,0,0,000000000,00000000000,0,0,0,1,0,0,0,0,0,0,0,999,0,0,0,12,6,2,12,0,0,0,1,45,29710,6,1,0,0,3,0,72,180,0,0,0,1,0,6,2012,6,2012,0,0,0,0,0,1,2,55,1,2,2,1,0,0,1,66,99,1,1,88,1,1
45,450532,2,2,2,12,8,18,26,12,6,1,0,45,2,7,472,7472,31,1998,1B7FL26Y3WS5,1,B,7,F,L,2,6,Y,3,W,S,5,0,T,DODG,DAK,PK,98,17,,1,1239,1119,DAK,G,,,8,318,,,,B,3230,01,U,42,0,0,000000000,00000000000,0,0,0,1,0,0,0,0,0,0,0,999,0,0,0,11,2,3,12,0,0,0,1,45,29732,6,1,0,0,3,3,67,135,0,0,0,0,0,0,0,0,0,0,38,0,0,0,1,2,55,1,2,2,1,20,3,1,17,99,1,1,89,0,0
45,450533,1,1,2,15,9,20,19,42,0,1,0,39,1,12,481,12481,31,2008,1FTRX14W18FB,1,F,T,R,X,1,4,W,1,8,F,B,0,T,FORD,F15,4C,8,17,,2,1630,1330,COF,G,,,8,281,,,,B,5176,06,E,44,0,0,000000000,00000000000,0,0,0,1,0,0,0,0,0,0,0,65,0,0,0,12,6,2,42,0,0,0,1,39,43204,6,1,0,0,3,0,71,190,0,1,0,0,0,11,2009,11,2009,0,83,0,0,0,2,2,70,1,1,2,1,0,0,1,88,7,1,4,1,1,0
45,450534,1,2,2,18,9,7,0,8,0,1,0,45,1,58,36,58036,4,2002,JNKDA31A52T0,J,N,K,D,A,3,1,A,5,2,T,0,0,P,INFI,I35,4D,2,17,3191,,0,1083,,G,,F,6,214,,,17R215,,,,,,0,0,000000000,00000000000,0,0,0,1,0,0,0,0,0,0,0,45,0,0,0,12,2,3,8,0,0,0,1,45,29630,0,0,0,0,0,0,999,999,0,0,0,0,0,0,0,0,0,0,0,0,0,0,1,2,45,1,1,2,2,0,0,1,80,99,1,1,13,0,0
45,450534,2,2,3,18,9,7,0,8,0,1,0,45,1,12,481,12481,31,2000,1FTNX21F8YEA,1,F,T,N,X,2,1,F,8,Y,E,A,0,T,FORD,F2S,4C,0,17,,2,1580,1418,SRW,D,,,8,444,,,,C,5635,07,E,44,0,0,000000000,00000000000,0,0,0,1,0,0,0,0,0,0,0,0,0,0,0,10,2,1,12,0,0,0,1,45,29620,6,1,0,0,3,0,71,185,0,1,0,1,0,4,2010,7,2011,0,0,0,0,0,1,2,45,1,1,2,2,0,0,5,62,99,1,1,98,0,0
45,450535,1,2,1,20,9,12,3,12,6,1,0,45,2,7,472,7472,31,1997,1B7GL23X5VS1,1,B,7,G,L,2,3,X,5,V,S,1,0,T,DODG,DAK,PC,97,17,,1,0,1309,DAK,G,,,6,239,,,,B,3683,00,E,42,0,0,000000000,00000000000,0,0,0,1,0,0,0,0,0,0,0,31,0,0,0,12,6,2,12,0,0,0,1,45,29666,6,2,0,0,3,0,68,135,0,0,0,0,0,0,0,0,0,0,0,0,0,0,1,2,35,1,2,2,1,0,0,1,66,2,1,1,88,0,0
45,450535,2,2,1,20,9,12,3,12,6,1,0,45,1,49,32,49032,4,1997,1NXBA02E1VZ6,1,N,X,B,A,0,2,E,1,V,Z,6,0,P,TOYT,UCC,4D,97,17,2337,,0,970,,G,,F,4,097,,,14R175,,,,,,0,0,000000000,00000000000,0,0,0,1,0,0,0,0,0,0,0,10,0,0,0,9,6,2,12,0,0,0,1,45,29649,6,1,0,0,3,0,62,168,0,0,0,0,0,0,0,0,0,0,38,0,0,0,1,2,35,1,1,2,1,20,3,1,17,99,1,1,89,1,0
45,450536,1,2,3,23,9,21,11,12,1,1,0,45,1,12,17,12017,4,1992,1FACP5244NA1,1,F,A,C,P,5,2,4,4,N,A,1,0,P,FORD,TAG,4D,92,17,3117,,0,1060,,G,,F,6,232,,,14R205,,,,,,0,0,000000000,00000000000,0,0,0,1,0,0,0,0,0,0,0,0,0,0,0,6,6,2,12,0,0,0,1,45,29607,6,1,0,0,3,0,71,219,2,0,0,0,0,12,2011,8,2012,0,0,0,0,0,3,3,65,1,1,2,1,0,0,5,53,99,1,1,21,2,0
45,450536,2,2,1,23,9,21,11,12,1,1,0,45,1,7,482,7482,31,2012,1C6RD6FP1CS2,1,C,6,R,D,6,F,P,1,C,S,2,0,T,DODG,S1T,CW,12,17,,2,0,1400,RPC,G,,,8,287,,,,B,4890,00,K,42,0,0,000000000,00000000000,0,0,0,1,0,0,0,0,0,0,0,65,0,0,0,12,6,2,12,0,0,0,1,45,29341,6,1,0,0,3,3,69,235,1,0,0,0,0,4,2010,4,2010,1,0,0,0,0,3,3,65,1,1,2,1,0,0,1,50,99,1,1,20,0,0
45,450537,1,1,1,1,10,15,10,42,0,1,0,45,1,41,50,41050,4,2006,1YVHP80D665M,1,Y,V,H,P,8,0,D,6,6,5,M,0,P,MAZD,M6S,4D,6,17,3320,,0,1053,,G,,F,6,181,,,17R215,,,,,,0,0,000000000,00000000000,0,0,0,1,0,0,0,0,0,0,0,55,0,0,0,7,6,2,42,0,0,0,1,45,29483,6,1,0,0,3,0,69,116,0,4,0,0,0,10,2010,4,2012,0,0,0,0,0,1,2,55,3,1,2,1,0,0,14,13,1,1,4,1,1,0
45,450538,1,1,1,2,10,10,30,8,0,1,0,45,1,49,40,49040,4,2001,4T1BG22K81U8,4,T,1,B,G,2,2,K,8,1,U,8,0,P,TOYT,CXL,4D,1,17,2998,,0,1051,,G,,F,4,132,,,15R205,,,,,,0,0,000000000,00000000000,0,0,0,1,0,0,0,0,0,0,0,55,0,0,0,12,2,1,8,0,0,0,1,45,29518,6,1,0,0,3,3,67,180,1,0,0,1,0,5,2011,10,2011,0,0,0,0,0,1,2,55,1,1,2,1,0,0,1,81,1,1,1,13,0,0
45,450539,1,2,1,2,10,8,50,12,6,1,0,45,2,37,441,37441,20,2008,5FNRL38718B0,5,F,N,R,L,3,8,7,1,8,B,0,0,P,HOND,UDY,SV,8,17,4550,,0,1181,,G,,F,6,214,,,16R235,,,,,,0,0,000000000,00000000000,0,0,0,1,0,0,0,0,0,0,0,40,0,0,0,9,6,2,12,0,0,0,1,45,29016,6,1,0,0,3,3,61,124,0,0,0,0,0,0,0,0,0,0,0,0,0,0,1,2,45,3,2,2,2,40,3,14,62,99,1,1,65,0,0
45,450539,2,2,1,2,10,8,50,12,6,1,0,45,1,98,709,98709,81,2009,999999999999,9,9,9,9,9,9,9,9,9,9,9,9,0,,,,,,,,,,,,,,,,,,,,,,,,,0,0,000000000,00000000000,0,0,0,1,0,0,0,0,0,0,0,45,0,0,0,12,6,2,12,0,0,0,1,45,29045,6,1,0,0,3,3,69,250,1,0,0,2,0,3,2011,6,2012,0,51,0,0,0,1,2,45,2,2,2,2,40,3,14,10,99,1,2,64,1,0
45,450540,1,2,2,3,10,13,14,12,2,1,0,45,1,49,472,49472,30,2007,5TENX22N87Z3,5,T,E,N,X,2,2,N,8,7,Z,3,0,T,TOYT,REG,PK,7,17,,1,0,1094,TAC,G,,,4,164,,,,B,3200,00,E,42,0,0,000000000,00000000000,0,0,0,1,0,0,0,0,0,0,0,45,0,0,0,12,6,2,12,0,0,0,1,45,29697,6,1,0,0,3,0,73,200,0,0,0,0,0,0,0,0,0,0,0,0,0,0,1,2,55,1,1,2,1,0,0,1,62,99,1,1,51,0,0
45,450540,2,2,2,3,10,13,14,12,2,1,0,45,1,49,471,49471,30,1992,4TARN81A7NZ0,4,T,A,R,N,8,1,A,7,N,Z,0,0,T,TOYT,USS,PK,92,17,,1,0,1029,UHT,G,,,4,144,,,,B,00000,00,A,42,0,0,000000000,00000000000,0,0,0,1,0,0,0,0,0,0,0,60,0,0,0,12,6,2,12,0,0,0,1,45,29625,6,1,0,0,3,3,66,242,2,0,0,1,0,12,2010,9,2011,0,27,51,0,0,1,2,55,1,1,2,1,0,0,6,54,99,1,2,50,2,0
45,450541,1,1,2,4,10,22,0,8,0,1,0,45,1,49,482,49482,31,2008,5TFRV54128X0,5,T,F,R,V,5,4,1,2,8,X,0,0,T,TOYT,DLS,CW,8,17,,2,0,1457,TUN,G,,,8,348,,,,C,5145,00,7,42,0,0,000000000,00000000000,0,0,0,1,0,0,0,0,0,0,0,45,0,0,0,2,6,2,8,0,0,0,1,45,29906,6,1,0,0,3,0,66,198,0,0,0,0,0,0,0,0,0,0,0,0,0,0,1,2,45,1,1,2,1,0,0,1,80,1,1,1,13,0,0
45,450542,1,1,1,5,10,3,30,59,0,1,0,45,1,35,39,35039,4,2002,JN1DA31D42T4,J,N,1,D,A,3,1,D,4,2,T,4,0,P,NISS,MGS,4D,2,17,3103,,0,1083,,G,,F,6,214,,,16R215,,,,,,0,0,000000000,00000000000,0,0,0,1,0,0,0,0,0,0,0,55,0,0,0,12,6,2,59,0,0,0,1,45,29835,6,1,0,0,3,0,71,215,0,1,0,0,0,3,2010,3,2010,1,0,0,0,0,1,2,55,3,1,2,1,0,0,14,13,1,1,4,1,1,1
45,450543,1,1,1,6,10,20,33,8,0,1,0,45,1,20,2,20002,4,2003,2G1WF52E5394,2,G,1,W,F,5,2,E,5,3,9,4,0,P,CHEV,IMP,4D,3,17,3389,,0,1105,,G,,F,6,207,,,16R225,,,,,,0,0,000000000,00000000000,0,0,0,1,0,0,0,0,0,0,0,55,0,0,0,2,2,1,8,0,0,0,1,45,29555,6,1,0,0,3,0,69,191,0,0,0,4,0,1,2010,5,2012,0,0,0,0,0,1,2,55,1,1,2,1,0,0,1,80,1,1,1,13,0,0
45,450544,1,1,1,7,10,0,35,34,0,1,0,45,2,12,16,12016,4,1999,2FAFP71W9XX1,2,F,A,F,P,7,1,W,9,X,X,1,0,P,FORD,CVP,4D,99,17,3917,,0,1147,,G,,F,8,281,,,16R225,,,,,,0,0,000000000,00000000000,0,0,0,1,0,0,0,0,0,0,0,999,0,0,0,12,6,2,42,0,0,0,1,45,29555,6,1,0,0,3,0,62,160,0,0,0,0,0,0,0,0,0,1,0,0,0,0,1,2,55,4,1,2,1,0,0,14,6,7,9,4,2,1,1
45,450545,1,2,3,23,8,2,10,12,1,1,0,45,1,23,401,23401,14,2001,1GKCS18W61K1,1,G,K,C,S,1,8,W,6,1,K,1,0,T,GMC,JMY,2W,1,17,,1,0,1005,JMY,G,,,6,262,,,,B,3699,00,E,42,0,0,000000000,00000000000,0,0,0,1,0,0,0,0,0,0,0,999,0,0,0,12,6,2,12,0,0,0,1,45,29485,6,1,0,0,3,0,74,170,0,0,0,0,0,0,0,0,0,0,0,0,0,0,2,2,55,1,1,2,1,0,0,1,50,99,1,1,20,1,1
45,450545,2,2,1,23,8,2,10,12,1,1,0,45,3,84,881,84881,63,2007,1HTMPAFN37H3,1,H,T,M,P,A,F,N,3,7,H,3,0,T,INTL,420,CC,7,17,,7,0,0,40S,D,,,8,365,,,,,00000,00,,42,0,77,777777777,77777777777,3,1,7,1,0,0,0,0,0,0,0,0,0,0,0,6,6,2,12,0,0,0,1,45,29445,6,1,6,3,3,0,64,168,0,0,0,0,0,0,0,0,0,0,0,0,0,0,1,2,55,1,1,2,1,0,0,1,53,99,1,1,21,0,0
45,450546,1,2,2,29,9,17,25,12,6,1,0,45,1,2,404,2404,14,2004,1J4GX58J04C2,1,J,4,G,X,5,8,J,0,4,C,2,0,T,JEEP,LMT,4W,4,17,,1,0,1059,GCK,G,,,8,287,,,,,3789,00,E,42,0,0,000000000,00000000000,0,0,0,1,0,0,0,0,0,0,0,15,0,0,0,3,6,2,12,0,0,0,1,45,29902,6,1,0,0,3,0,65,150,0,0,0,0,1,8,2010,8,2010,0,38,0,0,0,1,2,45,1,1,2,1,0,0,11,15,99,1,1,68,0,0
45,450546,2,2,1,29,9,17,25,12,6,1,0,45,1,76,706,76706,80,2008,JYAVP11E18A1,J,Y,A,V,P,1,1,E,1,8,A,1,0,M,YAMA,XVS,RS,8,17,,,,,,,1063,,2,,4,600,,,,,,,0,0,000000000,00000000000,0,0,0,1,0,0,0,0,0,0,0,45,0,0,0,12,6,2,12,0,0,0,1,45,29902,6,1,0,0,3,3,72,155,0,0,0,0,0,0,0,0,0,0,0,0,0,0,1,2,55,1,1,2,1,0,0,1,66,99,1,1,69,1,0
45,450547,1,3,1,2,10,21,40,12,2,1,0,45,2,20,16,20016,4,1999,1G1JC5240X72,1,G,1,J,C,5,2,4,0,X,7,2,0,P,CHEV,CAV,4D,99,17,2676,,0,1041,,G,,F,4,133,,,14R195,,,,,,0,0,000000000,00000000000,0,0,0,1,0,0,0,0,0,0,0,55,0,0,0,12,6,2,12,0,0,0,1,45,29907,6,2,0,0,3,0,66,170,0,0,0,0,0,0,0,0,0,0,51,0,0,0,2,2,55,1,1,2,2,0,0,1,10,99,9,2,50,1,0