STATE,ST_CASE,VEH_NO,VE_FORMS,NUMOCCS,DAY,MONTH,HOUR,MINUTE,HARM_EV,MAN_COLL,UNITTYPE,HIT_RUN,REG_STAT,OWNER,MAKE,MODEL,MAK_MOD,BODY_TYP,MOD_YEAR,VIN,VIN_1,VIN_2,VIN_3,VIN_4,VIN_5,VIN_6,VIN_7,VIN_8,VIN_9,VIN_10,VIN_11,VIN_12,TOW_VEH,VINTYPE,VINMAKE,VINA_MOD,VIN_BT,VINMODYR,VIN_LNGT,VIN_WGT,WGTCD_TR,WHLBS_LG,WHLBS_SH,SER_TR,FUELCODE,MCYCL_DS,CARBUR,CYLINDER,DISPLACE,MCYCL_CY,MCYCL_WT,TIRE_SZE,TON_RAT,TRK_WT,TRKWTVAR,VIN_REST,WHLDRWHL,J_KNIFE,MCARR_I1,MCARR_I2,MCARR_ID,GVWR,V_CONFIG,CARGO_BT,HAZ_INV,HAZ_PLAC,HAZ_ID,HAZ_CNO,HAZ_REL,BUS_USE,SPEC_USE,EMER_USE,TRAV_SP,UNDERIDE,ROLLOVER,ROLINLOC,IMPACT1,DEFORMED,TOWED,M_HARM,VEH_SC1,VEH_SC2,FIRE_EXP,DR_PRES,L_STATE,DR_ZIP,L_STATUS,L_TYPE,CDL_STAT,L_ENDORS,L_COMPL,L_RESTRI,DR_HGT,DR_WGT,PREV_ACC,PREV_SUS,PREV_DWI,PREV_SPD,PREV_OTH,FIRST_MO,FIRST_YR,LAST_MO,LAST_YR,SPEEDREL,DR_SF1,DR_SF2,DR_SF3,DR_SF4,VTRAFWAY,VNUM_LAN,VSPD_LIM,VALIGN,VPROFILE,VPAVETYP,VSURCOND,VTRAFCON,VTCONT_F,P_CRASH1,P_CRASH2,P_CRASH3,PCRASH4,PCRASH5,ACC_TYPE,DEATHS,DR_DRINK
45,450679,1,2,3,24,11,6,0,12,2,1,0,45,1,12,422,12422,15,1998,1FMPU18L8WLA,1,F,M,P,U,1,8,L,8,W,L,A,0,P,FORD,EPT,UT,98,17,5177,,0,1190,,G,,F,8,330,,,16R255,,,,,,0,0,000000000,00000000000,0,0,0,1,0,0,0,0,0,0,0,35,0,0,0,12,6,2,12,0,0,0,1,45,29621,6,1,0,0,3,0,64,185,0,1,0,1,0,3,2012,6,2012,0,0,0,0,0,2,2,35,3,2,2,1,0,0,14,62,99,1,1,51,0,0
45,450679,2,2,1,24,11,6,0,12,2,1,0,45,2,12,401,12401,14,1996,1FMDU34X1TZA,1,F,M,D,U,3,4,X,1,T,Z,A,0,P,FORD,EPR,UT,96,17,4189,,0,1115,,G,,F,6,245,,,15R225,,,,,,0,0,000000000,00000000000,0,0,0,1,0,0,0,0,0,0,0,35,0,0,0,12,6,2,12,0,0,0,1,45,29624,1,1,5,0,2,0,70,280,0,2,0,0,0,6,2010,8,2010,0,0,0,0,0,2,2,35,2,2,2,1,0,0,14,10,99,1,2,50,1,1
45,450680,1,1,3,26,11,19,45,8,0,1,0,12,2,41,402,41402,14,2010,JM3ER2W50A03,J,M,3,E,R,2,W,5,0,A,0,3,0,P,MAZD,MCX,UT,10,17,3496,,0,1083,,G,,F,4,152,,,17R215,,,,,,0,0,000000000,00000000000,0,0,0,1,0,0,0,0,0,0,0,74,0,0,0,12,6,2,8,0,0,0,1,12,32707,6,1,0,0,3,0,67,999,0,0,0,0,0,0,0,0,0,0,0,0,0,0,3,2,70,1,1,2,1,0,0,1,80,99,1,1,13,0,0
45,450681,1,1,1,26,11,20,0,1,0,1,0,45,1,37,32,37032,4,2003,1HGCM82683A0,1,H,G,C,M,8,2,6,8,3,A,0,0,P,HOND,UEX,CP,3,17,3047,,0,1051,,G,,F,6,183,,,16R205,,,,,,0,0,000000000,00000000000,0,0,0,1,0,0,0,0,0,0,0,45,0,1,5,0,6,2,1,0,0,0,1,45,29728,6,1,0,0,3,0,72,200,0,0,0,0,0,0,0,0,0,0,0,0,0,0,1,2,45,3,1,2,1,0,0,14,13,1,1,4,1,1,1
45,450682,1,1,4,28,11,4,10,42,0,1,0,45,2,20,401,20401,14,2004,1GNET16S0461,1,G,N,E,T,1,6,S,0,4,6,1,0,P,CHEV,TRL,UT,4,17,4954,,0,1290,,G,,F,6,256,,,17R245,,,,,,0,0,000000000,00000000000,0,0,0,1,0,0,0,0,0,0,0,70,0,0,0,9,6,2,42,0,0,0,1,45,29593,1,1,5,0,2,0,69,184,0,3,0,0,0,1,2010,4,2012,1,0,0,0,0,1,2,45,3,1,2,2,40,3,14,12,1,1,4,6,2,0
45,450683,1,1,1,30,11,17,20,42,0,1,0,45,1,7,482,7482,31,2002,3B6MC36662M2,3,B,6,M,C,3,6,6,6,2,M,2,0,T,DODG,350,PK,2,17,,3,0,0,RPC,D,,,6,359,,,,D,00000,00,E,42,0,0,000000000,00000000000,0,0,0,1,0,0,0,0,0,0,0,55,0,0,0,61,6,2,42,0,0,0,1,45,29340,6,1,6,0,3,3,72,290,0,0,0,0,0,0,0,0,0,0,0,0,0,0,1,2,55,3,1,2,1,0,0,14,13,1,1,4,1,1,1
45,450684,1,2,1,26,5,16,0,12,2,1,0,45,1,53,705,53705,80,2007,JS1GW71A2721,J,S,1,G,W,7,1,A,2,7,2,1,0,M,SUZI,GRZ,RC,7,17,,,,,,,1299,,4,,4,478,,,,,,,0,0,000000000,00000000000,0,0,0,1,0,0,0,0,0,0,0,55,0,0,0,12,6,2,12,0,0,0,1,45,29374,1,1,5,0,2,0,69,240,0,3,0,0,0,7,2011,1,2012,1,0,0,0,0,1,2,40,1,2,2,1,0,0,6,54,6,9,2,50,1,0
45,450684,2,2,1,26,5,16,0,12,2,1,0,45,1,55,33,55033,4,2002,KMHWF25S82A5,K,M,H,W,F,2,5,S,8,2,A,5,0,P,HYUN,SOL,4D,2,17,3181,,0,1063,,G,,F,4,143,,,15R205,,,,,,0,0,000000000,00000000000,0,0,0,1,0,0,0,0,0,0,0,1,0,0,0,12,6,2,12,0,0,0,1,45,29306,6,1,0,0,3,3,73,200,1,0,0,3,0,8,2010,3,2012,0,0,0,0,0,1,2,40,1,2,2,1,0,0,4,62,7,1,2,51,0,0
45,450685,1,1,1,27,10,15,45,59,0,1,0,45,1,53,705,53705,80,2009,JS1GX72AX921,J,S,1,G,X,7,2,A,X,9,2,1,0,M,SUZI,GXR,RC,9,17,,,,,,,1340,,4,,4,573,,,,,,,0,0,000000000,00000000000,0,0,0,1,0,0,0,0,0,0,0,60,0,0,0,3,6,2,59,0,0,0,1,45,29650,6,1,0,0,3,0,73,215,0,0,0,2,0,9,2010,4,2011,1,0,0,0,0,1,2,35,1,1,2,1,0,0,1,13,1,1,4,1,1,0
45,450686,1,2,2,10,11,15,55,12,1,1,0,45,1,19,3,19003,4,2003,1G6KD54Y33U1,1,G,6,K,D,5,4,Y,3,3,U,1,0,P,CADI,DFW,4D,3,17,3978,,0,1153,,G,,F,8,279,,,16R225,,,,,,0,0,000000000,00000000000,0,0,0,1,0,0,0,0,0,0,0,0,0,0,0,6,2,1,12,0,0,0,1,45,29650,6,1,0,0,3,0,71,180,1,0,0,0,0,1,2010,1,2010,0,0,0,0,0,2,2,45,1,2,2,1,3,3,5,53,99,1,1,21,0,0
45,450686,2,2,4,10,11,15,55,12,1,1,0,45,1,52,401,52401,14,2004,JA4MW51S44J0,J,A,4,M,W,5,1,S,4,4,J,0,0,P,MITS,MON,UT,4,17,4784,,0,1095,,G,,F,6,231,,,16R265,,,,,,0,0,000000000,00000000000,0,0,0,1,0,0,0,0,0,0,0,20,0,0,0,12,6,2,12,0,0,0,1,45,29640,6,1,0,0,3,0,64,125,0,0,0,0,1,11,2010,11,2010,1,0,0,0,0,2,2,45,1,2,2,1,3,3,1,50,99,1,1,20,1,0
45,450687,1,2,1,21,11,14,30,12,6,1,0,45,3,86,881,86881,66,2004,1M1AA18Y64N1,1,M,1,A,A,1,8,Y,6,4,N,1,1,T,MACK,CH6,TR,4,17,,8,0,0,600,D,,,6,728,,,,,00000,00,,64,1,77,777777777,77777777777,3,6,3,1,0,0,0,0,0,0,0,55,0,0,0,12,6,2,12,0,0,0,1,45,29108,6,1,6,0,3,0,74,250,0,2,0,0,0,8,2010,1,2011,0,0,0,0,0,1,2,55,1,2,2,1,20,3,1,66,99,1,1,88,0,0
45,450687,2,2,2,21,11,14,30,12,6,1,0,45,3,12,481,12481,31,2012,1FT7W2BT7CEA,1,F,T,7,W,2,B,T,7,C,E,A,0,T,FORD,F2S,CW,12,17,,2,1724,1562,SRW,D,,,8,409,,,,C,6731,00,7,44,0,0,000000000,00000000000,0,0,0,1,0,0,0,0,0,0,0,8,0,0,0,9,6,2,12,0,0,0,1,37,28227,6,1,6,3,3,3,75,999,0,0,0,0,0,0,0,0,0,0,38,0,0,0,1,2,55,1,2,2,1,20,3,1,17,99,1,1,89,1,0
45,450688,1,1,1,25,11,2,35,32,0,1,0,45,2,22,18,22018,4,2004,1G2NF52E94C1,1,G,2,N,F,5,2,E,9,4,C,1,0,P,PONT,SE1,4D,4,17,3066,,0,1070,,G,,F,6,207,,,15R215,,,,,,0,0,000000000,00000000000,0,0,0,1,0,0,0,0,0,0,0,70,0,0,0,12,6,2,42,0,0,0,1,45,29138,6,1,0,0,3,0,62,120,0,1,0,0,0,2,2011,2,2011,1,0,0,0,0,1,2,45,2,1,2,1,0,0,14,12,1,1,4,6,1,1
45,450689,1,1,1,30,11,5,45,35,0,1,0,45,1,19,14,19014,4,1998,1G6KY5494WU9,1,G,6,K,Y,5,4,9,4,W,U,9,0,P,CADI,STS,4D,98,17,3922,,0,1122,,G,,F,8,279,,,16R235,,,,,,0,0,000000000,00000000000,0,0,0,1,0,0,0,0,0,0,0,55,0,1,5,5,6,2,1,0,0,0,1,45,29003,6,1,0,0,3,0,64,240,0,4,0,0,0,8,2011,7,2012,1,0,0,0,0,1,2,55,3,1,2,1,0,0,14,13,1,9,4,1,1,0
45,450690,1,1,3,1,12,12,0,1,0,1,0,45,1,12,481,12481,31,1999,1FTNX21F7XEA,1,F,T,N,X,2,1,F,7,X,E,A,0,T,FORD,F2S,4C,99,17,,2,1580,1418,SRW,D,,,8,444,,,,C,5635,01,E,44,0,0,000000000,00000000000,0,0,0,1,0,0,0,0,0,0,0,60,0,1,5,0,6,2,42,0,0,0,1,45,29446,0,0,0,0,0,0,999,999,0,0,0,0,0,0,0,0,0,1,0,0,0,0,1,2,45,1,1,2,8,0,0,1,13,99,9,4,1,2,0
45,450691,1,1,1,1,12,6,50,53,0,1,0,45,1,12,481,12481,31,1999,1FTPX28L1XKA,1,F,T,P,X,2,8,L,1,X,K,A,0,T,FORD,F25,4C,99,17,,2,0,1388,COF,G,,,8,330,,,,C,4364,00,U,44,0,0,000000000,00000000000,0,0,0,1,0,0,0,0,0,0,0,45,0,1,5,12,6,2,1,0,0,0,1,45,29611,6,1,6,0,3,0,70,145,0,0,0,0,0,0,0,0,0,0,0,0,0,0,1,2,40,1,1,2,1,0,0,1,12,1,1,4,6,1,0
45,450692,1,2,1,1,12,6,0,12,2,1,0,45,2,6,52,6052,6,2004,3C4FY48B94T2,3,C,4,F,Y,4,8,B,9,4,T,2,0,P,CHRY,PTC,SV,4,17,3026,,0,1030,,G,,F,4,148,,,15R195,,,,,,0,0,000000000,00000000000,0,0,0,1,0,0,0,0,0,0,0,55,0,0,0,12,6,2,12,0,0,0,1,45,29649,1,1,5,0,2,0,73,198,0,4,1,0,0,2,2010,5,2012,0,0,0,0,0,1,2,55,1,1,2,1,0,0,1,62,99,1,1,51,0,1
45,450692,2,2,1,1,12,6,0,12,2,1,0,45,2,24,1,24001,4,1997,1G8ZK527XVZ1,1,G,8,Z,K,5,2,7,X,V,Z,1,0,P,STRN,SL2,4D,97,17,2362,,0,1024,,G,,F,4,116,,,15R185,,,,,,0,0,000000000,00000000000,0,0,0,1,0,0,0,0,0,0,0,55,0,0,0,12,6,2,12,0,0,0,1,45,29666,6,1,0,0,3,0,70,170,0,0,0,3,0,2,2010,5,2012,0,51,0,0,0,1,2,55,1,1,2,1,0,0,1,10,99,1,2,50,1,1
45,450693,1,2,1,2,12,19,18,12,6,1,0,37,1,82,881,82881,66,2007,1FUJA6DE37LV,1,F,U,J,A,6,D,E,3,7,L,V,1,T,FRHT,COL,TR,7,17,,8,0,0,CON,D,,,6,763,,,,,00000,00,,64,1,37,2093995,372093995,3,6,1,1,0,0,0,0,0,0,0,3,0,0,0,4,2,1,12,0,0,0,1,37,28435,6,1,6,3,3,3,74,999,0,0,0,0,1,9,2010,9,2010,0,31,0,0,0,1,2,55,1,1,2,1,0,0,13,51,99,1,1,92,0,0
45,450693,2,2,1,2,12,19,18,12,6,1,0,45,1,18,10,18010,4,1985,1G4GM47A7FH4,1,G,4,G,M,4,7,A,7,F,H,4,0,P,BUIC,RLM,CP,85,17,3106,,0,1081,,G,,2,6,231,,,14R205,,,,,,0,0,000000000,00000000000,0,0,0,1,0,0,0,0,0,0,0,55,0,0,0,11,6,2,12,0,0,0,1,45,29536,6,1,0,0,3,3,68,155,1,0,0,0,0,6,2012,6,2012,0,0,0,0,0,1,2,55,1,1,2,1,0,0,1,59,99,1,1,93,1,0
45,450694,1,1,1,2,12,0,3,53,0,1,0,45,1,59,35,59035,4,2005,JTHBD1925500,J,T,H,B,D,1,9,2,5,5,0,0,0,P,LEXS,IS3,4D,5,17,3285,,0,1051,,G,,F,6,183,,,17R215,,,,,,0,0,000000000,00000000000,0,0,0,1,0,0,0,0,0,0,0,50,0,1,5,12,6,2,1,0,0,0,1,45,29710,1,1,5,0,2,0,67,155,0,1,0,1,0,10,2011,10,2011,1,0,0,0,0,1,2,35,1,1,2,1,0,0,1,13,1,1,4,1,1,1
45,450695,1,2,2,2,12,16,38,12,6,1,0,45,1,20,481,20481,31,2001,2GCEK19T2113,2,G,C,E,K,1,9,T,2,1,1,3,0,T,CHEV,SK1,4C,1,17,,2,1575,1435,SIL,G,,,8,325,,,,B,4776,00,,44,0,0,000000000,00000000000,0,0,0,1,0,0,0,0,0,0,0,64,0,0,0,12,6,2,12,0,0,0,1,45,29591,6,1,0,0,3,0,71,185,0,1,0,1,0,6,2010,5,2011,0,0,0,0,0,2,2,55,1,1,2,1,0,0,1,17,99,1,1,88,0,0
45,450695,2,2,1,2,12,16,38,12,6,1,0,45,1,35,43,35043,4,1998,1N4AB41D4WC7,1,N,4,A,B,4,1,D,4,W,C,7,0,P,NISS,EXE,4D,98,17,2353,,0,998,,G,,F,4,097,,,13R155,,,,,,0,0,000000000,00000000000,0,0,0,1,0,0,0,0,0,0,0,11,0,0,0,9,6,2,12,0,0,0,1,45,29571,6,1,6,3,3,0,70,135,0,0,0,0,1,1,2011,1,2011,0,38,0,0,0,2,2,55,1,1,2,1,0,0,4,17,99,1,1,89,1,1
45,450696,1,1,1,3,12,13,33,39,0,1,0,45,1,35,401,35401,14,2003,JN8DR09X33W7,J,N,8,D,R,0,9,X,3,3,W,7,0,P,NISS,PFI,UT,3,17,3871,,0,1063,,G,,F,6,213,,,16R255,,,,,,0,0,000000000,00000000000,0,0,0,1,0,0,0,0,0,0,0,47,0,0,0,2,2,3,8,0,0,0,1,45,29172,6,1,0,0,3,0,72,170,1,0,0,3,0,5,2011,9,2012,0,0,0,0,0,3,2,60,1,1,2,1,0,0,1,13,99,1,4,1,0,0
45,450697,1,1,1,6,12,20,15,8,0,1,0,45,2,23,401,23401,14,2000,1GKDT13W7Y23,1,G,K,D,T,1,3,W,7,Y,2,3,0,T,GMC,J/E,4W,0,17,,1,0,1070,J/E,G,,,6,262,,,,B,4049,01,E,44,0,0,000000000,00000000000,0,0,0,1,0,0,0,0,0,0,0,60,0,0,0,12,6,2,8,0,0,0,1,45,29605,6,1,0,0,3,0,62,160,0,0,0,2,0,7,2010,9,2011,0,0,0,0,0,3,3,60,1,2,2,1,0,0,1,81,99,1,1,13,0,0
45,450698,1,1,2,6,12,2,0,1,0,1,0,45,2,49,40,49040,4,1996,4T1BG12K8TU6,4,T,1,B,G,1,2,K,8,T,U,6,0,P,TOYT,DLX,4D,96,17,2932,,0,1031,,G,,F,4,132,,,14R195,,,,,,0,0,000000000,00000000000,0,0,0,1,0,0,0,0,0,0,0,999,0,1,5,0,6,2,1,0,0,0,1,45,29322,1,1,5,0,2,0,69,210,0,2,0,0,0,2,2012,4,2012,0,0,0,0,0,1,2,20,2,1,2,1,0,0,14,12,1,1,4,6,2,0
45,450699,1,1,4,8,12,1,10,34,0,1,0,45,1,23,481,23481,31,2003,2GTEC19T2312,2,G,T,E,C,1,9,T,2,3,1,2,0,T,GMC,NC1,4C,3,17,,2,1575,1435,SIE,G,,,8,325,,,,B,4534,03,4,42,0,0,000000000,00000000000,0,0,0,1,0,0,0,0,0,0,0,70,0,0,0,12,6,2,2,0,0,1,1,45,29440,1,1,5,0,2,0,69,145,1,0,1,2,0,4,2011,11,2012,1,0,0,0,0,1,2,55,3,1,2,1,0,0,14,13,1,1,4,1,1,1
45,450700,1,1,1,8,12,1,30,42,0,1,0,45,1,12,401,12401,14,1996,1FMDU32X8TUC,1,F,M,D,U,3,2,X,8,T,U,C,0,P,FORD,EPR,UT,96,17,3952,,0,1115,,G,,F,6,245,,,15R225,,,,,,0,0,000000000,00000000000,0,0,0,1,0,0,0,0,0,0,0,75,0,1,5,11,6,2,42,0,0,0,1,45,29550,6,1,0,0,3,0,70,150,1,0,0,0,0,3,2012,3,2012,1,0,0,0,0,1,2,40,1,1,2,2,0,0,1,13,99,9,4,1,1,0
45,450701,1,1,1,10,12,18,20,42,0,1,0,45,1,20,401,20401,14,1998,3GNEK18R8WG1,3,G,N,E,K,1,8,R,8,W,G,1,0,P,CHEV,KTA,UT,98,17,4952,,0,1115,,G,,F,8,350,,,16R245,,,,,,0,0,000000000,00000000000,0,0,0,1,0,0,0,0,0,0,0,100,0,0,0,9,6,2,42,0,0,0,1,45,29475,6,1,0,0,3,0,73,160,1,0,0,2,0,11,2010,2,2012,1,8,0,0,0,1,2,55,4,1,2,1,0,0,14,13,1,1,4,1,1,1
45,450702,1,2,2,10,12,23,3,12,8,1,0,45,1,19,3,19003,4,2005,1G6KD54Y65U2,1,G,6,K,D,5,4,Y,6,5,U,2,0,P,CADI,DFW,4D,5,17,3978,,0,1153,,G,,F,8,279,,,16R225,,,,,,0,0,000000000,00000000000,0,0,0,1,0,0,0,0,0,0,0,55,0,0,0,10,6,2,12,0,0,0,1,45,29581,6,1,0,0,3,0,67,180,0,1,0,1,0,3,2010,5,2012,0,51,0,0,0,1,2,55,1,1,2,1,0,0,1,10,99,9,2,64,1,1
45,450702,2,2,1,10,12,23,3,12,8,1,0,45,1,82,881,82881,66,2006,1FUJBBCK36LU,1,F,U,J,B,B,C,K,3,6,L,U,1,T,FRHT,ST2,TR,6,17,,8,0,0,CON,D,,,6,855,,,,,00000,00,,64,1,45,0247537,450247537,3,6,11,1,0,0,0,0,0,0,0,55,0,1,5,10,6,2,12,0,0,0,1,45,29483,6,1,6,3,3,0,70,220,2,0,0,0,2,2,2010,9,2011,0,0,0,0,0,1,2,55,1,1,2,1,0,0,1,62,99,1,1,65,0,0
45,450703,1,1,1,14,12,21,33,8,0,1,0,45,2,20,401,20401,14,2002,1GNEK13Z82R2,1,G,N,E,K,1,3,Z,8,2,R,2,0,P,CHEV,KTA,UT,2,17,5050,,0,1160,,F,,F,8,325,,,16R265,,,,,,0,0,000000000,00000000000,0,0,0,1,0,0,0,0,0,0,0,55,0,0,0,12,2,1,8,0,0,0,1,45,29580,6,1,0,0,3,3,71,350,0,0,0,0,0,0,0,0,0,0,0,0,0,0,1,2,55,1,1,2,1,0,0,1,80,99,1,1,13,0,0
45,450704,1,3,4,14,12,0,35,12,6,1,0,45,2,55,36,55036,4,2011,KMHCN4AC0BU6,K,M,H,C,N,4,A,C,0,B,U,6,0,P,HYUN,ALS,4D,11,17,2365,,0,0,,G,,F,4,098,,,000000,,,,,,0,0,000000000,00000000000,0,0,0,1,0,0,0,0,0,0,0,90,0,0,0,12,6,2,12,0,0,0,1,45,29223,1,1,5,0,2,0,69,150,0,1,2,0,2,1,2010,4,2012,1,8,39,0,0,2,2,35,1,1,2,1,3,3,1,17,99,1,1,88,1,1
45,450704,2,3,1,14,12,0,35,12,6,1,0,45,1,12,442,12442,20,2003,2FMZA53423BB,2,F,M,Z,A,5,3,4,2,3,B,B,0,T,FORD,WSL,ES,3,17,,1,0,1207,WIN,G,,,6,232,,,,B,3762,00,E,42,0,0,000000000,00000000000,0,0,0,1,0,0,0,0,0,0,0,15,0,0,0,10,6,2,12,0,0,0,1,45,29201,6,1,0,0,3,0,70,235,0,0,0,1,0,2,2012,2,2012,0,0,0,0,0,2,2,35,1,1,2,1,3,3,1,66,99,1,1,89,1,1
45,450704,3,3,1,14,12,0,35,12,6,1,0,45,3,7,442,7442,20,2007,2D4GP44L47R2,2,D,4,G,P,4,4,L,4,7,R,2,0,T,DODG,GSX,ES,7,17,,1,0,1193,CAR,G,,,6,232,,,,,4252,00,E,42,0,0,000000000,00000000000,0,0,0,1,0,0,0,0,0,0,0,0,0,0,0,10,2,1,12,0,0,0,1,45,29205,6,1,0,0,3,3,72,170,2,0,0,1,0,1,2010,5,2011,0,0,0,0,0,2,2,35,1,1,2,1,3,3,5,62,99,1,1,98,0,0
45,450705,1,2,4,15,12,2,13,12,6,1,0,45,1,6,51,6051,4,2009,2C3LA43D49H6,2,C,3,L,A,4,3,D,4,9,H,6,0,P,CHRY,3LX,4D,9,17,3712,,0,1200,,G,,F,6,165,,,17R215,,,,,,0,0,000000000,00000000000,0,0,0,1,0,0,0,0,0,0,0,75,0,0,0,12,6,2,12,0,0,0,1,45,29006,6,1,0,0,3,3,62,133,0,0,0,3,0,4,2010,8,2012,0,0,0,0,0,1,2,55,1,3,2,1,0,0,6,17,99,1,2,69,1,1
45,450705,2,2,1,15,12,2,13,12,6,1,0,45,2,18,20,18020,4,1999,2G4WB52K6X14,2,G,4,W,B,5,2,K,6,X,1,4,0,P,BUIC,RLL,4D,99,17,3439,,0,1090,,G,,F,6,231,,,15R215,,,,,,0,0,000000000,00000000000,0,0,0,1,0,0,0,0,0,0,0,10,0,0,0,9,6,2,12,0,0,0,1,45,29105,6,1,0,0,3,0,64,198,0,0,0,0,0,0,0,0,0,0,0,0,0,0,1,2,55,1,3,2,1,0,0,11,15,99,1,1,68,1,0
45,450706,1,1,1,15,12,0,41,8,0,1,0,45,1,7,482,7482,31,2004,3D7MU48C34G2,3,D,7,M,U,4,8,C,3,4,G,2,0,T,DODG,SQ3,CW,4,17,,3,0,1600,RPC,D,,,6,359,,,,D,6751,00,E,44,0,0,000000000,00000000000,0,0,0,1,0,0,0,0,0,0,0,42,0,0,0,2,2,1,8,0,0,0,1,45,29483,6,1,0,0,3,0,73,215,1,0,0,1,0,6,2010,1,2011,0,0,0,0,0,2,2,45,1,1,2,1,0,0,1,81,99,1,1,13,0,0
45,450707,1,1,1,23,10,15,9,7,0,1,0,45,1,73,705,73705,80,1999,JKAZXDP15XA0,J,K,A,Z,X,D,P,1,5,X,A,0,0,M,KAWK,Z7P,RC,99,17,,,,,,,750,,4,,4,448,,,,,,,0,0,000000000,00000000000,0,0,0,1,0,0,0,0,0,0,0,45,0,0,0,0,6,2,33,0,0,0,1,45,29601,1,1,5,0,2,0,73,270,0,1,2,0,0,1,2010,7,2010,1,8,0,0,0,1,2,30,3,1,2,1,0,0,14,98,1,9,2,0,1,0
45,450708,1,2,1,24,8,22,41,12,6,1,0,93,3,85,881,85881,66,2006,999999999999,9,9,9,9,9,9,9,9,9,9,9,9,1,,,,,,,,,,,,,,,,,,,,,,,,,1,48,1192159,481192159,3,6,1,1,0,0,0,0,0,0,0,5,0,0,0,3,2,1,12,0,0,0,1,48,78852,6,1,6,3,3,3,999,999,0,0,0,0,0,0,0,0,0,0,0,0,0,0,2,3,45,1,1,2,1,3,3,11,15,99,1,1,68,0,0
45,450708,2,2,1,24,8,22,41,12,6,1,0,45,2,37,704,37704,80,2006,JH2SC57056M2,J,H,2,S,C,5,7,0,5,6,M,2,0,M,HOND,CBS,RC,6,17,,,,,,,998,,4,,4,388,,,,,,,0,0,000000000,00000000000,0,0,0,1,0,0,0,0,0,0,0,75,0,0,0,12,6,2,12,0,0,0,1,45,29687,1,1,5,0,2,0,70,170,0,2,0,1,0,2,2011,6,2012,0,8,38,0,0,2,3,45,1,1,2,1,0,0,1,66,99,1,1,69,1,1
45,450709,1,2,2,4,11,10,22,12,1,1,0,45,3,82,881,82881,66,2006,1FUJBBCKX6LX,1,F,U,J,B,B,C,K,X,6,L,X,1,T,FRHT,ST2,TR,6,17,,8,0,0,CON,D,,,6,855,,,,,00000,00,,64,1,45,1935348,451935348,3,6,1,1,0,0,0,0,0,0,0,0,0,0,0,6,2,1,12,0,0,0,1,45,29801,6,1,6,3,3,3,69,285,0,1,0,2,0,3,2010,9,2012,0,0,0,0,0,2,2,55,1,1,2,1,0,0,5,53,99,1,1,21,0,0
45,450709,2,2,1,4,11,10,22,12,1,1,0,45,1,72,706,72706,80,2009,1HD1GX4199K3,1,H,D,1,G,X,4,1,9,9,K,3,0,M,HD,FXI,RS,9,17,,,,,,,1584,,2,,4,667,,,,,,,0,0,000000000,00000000000,0,0,0,1,0,0,0,0,0,0,0,20,0,0,0,12,6,2,12,0,0,0,1,45,29860,6,1,6,3,3,3,71,280,0,3,0,0,0,6,2010,11,2010,0,99,99,99,99,2,2,55,1,1,2,1,0,0,1,50,99,1,1,20,1,0
45,450710,1,1,2,14,11,2,58,1,0,1,0,45,1,49,482,49482,31,2003,5TBBT44153S3,5,T,B,B,T,4,4,1,5,3,S,3,0,T,TOYT,TT5,4C,3,17,,2,0,1283,TUN,G,,,8,285,,,,B,4320,00,U,44,0,0,000000000,00000000000,0,0,0,1,0,0,0,0,0,0,0,86,0,1,5,0,6,2,1,0,0,0,1,45,29851,6,1,0,0,3,0,74,205,1,3,0,2,1,7,2010,10,2012,0,0,0,0,0,1,2,45,1,1,2,1,0,0,1,13,1,1,4,1,1,1
45,450711,1,1,3,24,11,4,30,32,0,1,0,45,2,22,22,22022,4,2007,1G2ZG58N9741,1,G,2,Z,G,5,8,N,9,7,4,1,0,P,PONT,6BS,4D,7,17,3305,,0,1123,,G,,F,6,214,,,17R225,,,,,,0,0,000000000,00000000000,0,0,0,1,0,0,0,0,0,0,0,999,0,0,0,12,6,2,32,0,0,0,1,45,29044,1,1,5,0,2,0,70,165,0,2,0,0,0,4,2011,5,2011,0,0,0,0,0,1,2,99,1,1,2,1,21,3,1,12,1,1,4,6,1,1
45,450712,1,1,2,4,12,13,5,34,0,1,0,45,2,12,3,12003,2,1995,1FALP42T9SF1,1,F,A,L,P,4,2,T,9,S,F,1,0,P,FORD,MGG,CP,95,17,3280,,0,1013,,G,,F,8,302,,,16R225,,,,,,0,0,000000000,00000000000,0,0,0,1,0,0,0,0,0,0,0,85,0,1,5,99,6,2,34,0,0,0,1,45,29625,1,1,5,0,2,0,72,175,1,1,0,0,1,9,2011,3,2012,0,0,0,0,0,1,2,45,3,1,2,1,0,0,14,13,1,1,4,1,1,1
45,450713,1,2,1,7,12,19,9,12,2,1,0,45,2,41,45,41045,1,1993,JM1NA3511P04,J,M,1,N,A,3,5,1,1,P,0,4,0,P,MAZD,MIA,CV,93,17,2093,,0,892,,G,,F,4,098,,,14R185,,,,,,0,0,000000000,00000000000,0,0,0,1,0,0,0,0,0,0,0,50,0,0,0,12,6,2,12,0,0,0,1,45,29685,6,1,0,0,3,0,70,175,0,0,0,0,0,0,0,0,0,0,0,0,0,0,1,2,55,1,1,2,1,0,0,1,54,99,1,2,50,1,1