STATE,ST_CASE,VEH_NO,VE_FORMS,NUMOCCS,DAY,MONTH,HOUR,MINUTE,HARM_EV,MAN_COLL,UNITTYPE,HIT_RUN,REG_STAT,OWNER,MAKE,MODEL,MAK_MOD,BODY_TYP,MOD_YEAR,VIN,VIN_1,VIN_2,VIN_3,VIN_4,VIN_5,VIN_6,VIN_7,VIN_8,VIN_9,VIN_10,VIN_11,VIN_12,TOW_VEH,VINTYPE,VINMAKE,VINA_MOD,VIN_BT,VINMODYR,VIN_LNGT,VIN_WGT,WGTCD_TR,WHLBS_LG,WHLBS_SH,SER_TR,FUELCODE,MCYCL_DS,CARBUR,CYLINDER,DISPLACE,MCYCL_CY,MCYCL_WT,TIRE_SZE,TON_RAT,TRK_WT,TRKWTVAR,VIN_REST,WHLDRWHL,J_KNIFE,MCARR_I1,MCARR_I2,MCARR_ID,GVWR,V_CONFIG,CARGO_BT,HAZ_INV,HAZ_PLAC,HAZ_ID,HAZ_CNO,HAZ_REL,BUS_USE,SPEC_USE,EMER_USE,TRAV_SP,UNDERIDE,ROLLOVER,ROLINLOC,IMPACT1,DEFORMED,TOWED,M_HARM,VEH_SC1,VEH_SC2,FIRE_EXP,DR_PRES,L_STATE,DR_ZIP,L_STATUS,L_TYPE,CDL_STAT,L_ENDORS,L_COMPL,L_RESTRI,DR_HGT,DR_WGT,PREV_ACC,PREV_SUS,PREV_DWI,PREV_SPD,PREV_OTH,FIRST_MO,FIRST_YR,LAST_MO,LAST_YR,SPEEDREL,DR_SF1,DR_SF2,DR_SF3,DR_SF4,VTRAFWAY,VNUM_LAN,VSPD_LIM,VALIGN,VPROFILE,VPAVETYP,VSURCOND,VTRAFCON,VTCONT_F,P_CRASH1,P_CRASH2,P_CRASH3,PCRASH4,PCRASH5,ACC_TYPE,DEATHS,DR_DRINK
45,450713,2,2,1,7,12,19,9,12,2,1,0,13,1,52,35,52035,2,1997,JA3AY31CXVU0,J,A,3,A,Y,3,1,C,X,V,U,0,0,P,MITS,MLS,2D,97,17,2260,,0,951,,G,,F,4,112,,,14R185,,,,,,0,0,000000000,00000000000,0,0,0,1,0,0,0,0,0,0,0,50,0,0,0,12,6,2,12,0,0,0,1,13,30087,6,1,0,0,3,0,68,200,98,1,0,2,0,5,2012,6,2012,0,0,0,0,0,1,2,55,1,1,2,1,0,0,1,62,6,1,1,51,0,0
45,450714,1,1,2,8,12,19,11,8,0,1,0,45,1,22,20,22020,4,2008,2G2WP5526811,2,G,2,W,P,5,5,2,6,8,1,1,0,P,PONT,GRA,4D,8,17,3477,,0,1105,,G,,F,6,232,,,16R225,,,,,,0,0,000000000,00000000000,0,0,0,1,0,0,0,0,0,0,0,45,0,0,0,12,6,2,8,0,0,0,1,45,29485,6,1,0,0,3,3,62,130,2,4,0,0,1,10,2011,7,2012,0,0,0,0,0,1,2,45,1,1,2,1,0,0,1,81,99,1,1,13,0,0
45,450715,1,2,1,13,12,15,59,12,2,1,0,45,1,20,421,20421,15,2005,1GNEC13T75R2,1,G,N,E,C,1,3,T,7,5,R,2,0,P,CHEV,CTA,UT,5,17,4975,,0,1160,,G,,F,8,325,,,16R265,,,,,,0,0,000000000,00000000000,0,0,0,1,0,0,0,0,0,0,0,999,0,0,0,12,6,2,12,0,0,0,1,45,29115,6,1,0,0,3,0,72,225,0,0,0,0,0,0,0,0,0,0,0,0,0,0,1,2,45,1,1,2,1,0,0,1,62,99,1,1,51,1,0
45,450715,2,2,1,13,12,15,59,12,2,1,0,45,2,20,421,20421,15,2003,1GNEC13Z33J2,1,G,N,E,C,1,3,Z,3,3,J,2,0,P,CHEV,CTA,UT,3,17,4828,,0,1160,,F,,F,8,325,,,16R265,,,,,,0,0,000000000,00000000000,0,0,0,1,0,0,0,0,0,0,0,999,0,0,0,12,6,2,12,0,0,0,1,45,29118,1,1,5,0,2,0,65,136,0,1,0,1,1,6,2011,4,2012,0,51,0,0,0,1,2,45,1,1,2,1,0,0,1,10,99,1,2,50,0,0
45,450716,1,1,1,15,12,18,0,31,0,1,0,45,2,12,4,12004,2,1996,1FALP62W9TH1,1,F,A,L,P,6,2,W,9,T,H,1,0,P,FORD,THL,2D,96,17,3561,,0,1130,,G,,F,8,281,,,15R205,,,,,,0,0,000000000,00000000000,0,0,0,1,0,0,0,0,0,0,0,65,0,1,5,12,6,2,30,0,0,0,1,45,29212,6,1,0,0,3,0,69,185,0,0,0,0,0,0,0,0,0,1,0,0,0,0,1,2,35,2,2,2,1,0,0,14,6,6,4,4,7,1,1
45,450717,1,2,1,17,12,6,18,12,7,1,0,18,3,51,881,51881,66,2012,4V4NC9EJ4CN5,4,V,4,N,C,9,E,J,4,C,N,5,1,T,VOLV,VNL,TR,12,17,,8,0,0,VVN,D,,,6,793,,,,,00000,00,,64,1,18,0121058,180121058,3,6,3,1,0,0,0,0,0,0,0,70,0,0,0,4,0,3,12,0,0,0,1,37,27527,6,1,6,3,3,3,72,999,0,0,0,0,0,0,0,0,0,0,0,0,0,0,3,3,70,1,3,2,2,0,0,1,60,99,1,1,44,0,0
45,450717,2,2,2,17,12,6,18,12,7,1,0,45,2,55,35,55035,4,2003,KMHDN45D33U7,K,M,H,D,N,4,5,D,3,3,U,7,0,P,HYUN,EST,4D,3,17,2635,,0,1027,,G,,F,4,121,,,15R205,,,,,,0,0,000000000,00000000000,0,0,0,1,0,0,0,0,0,0,0,70,0,0,0,10,6,2,12,0,0,0,1,45,29001,6,1,0,0,3,0,62,230,0,1,0,2,0,8,2010,8,2012,0,38,0,0,0,3,3,70,1,3,2,2,0,0,16,10,99,1,2,45,1,0
45,450718,1,2,1,17,12,14,50,12,1,1,0,45,1,37,31,37031,4,2000,1HGEJ6673YL0,1,H,G,E,J,6,6,7,3,Y,L,0,0,P,HOND,UCL,4D,0,17,2456,,0,1032,,G,,F,4,097,,,14R185,,,,,,0,0,000000000,00000000000,0,0,0,1,0,0,0,0,0,0,0,60,0,0,0,6,2,1,12,0,0,0,1,45,29715,6,1,0,0,3,3,67,135,0,0,0,0,0,0,0,0,0,0,0,0,0,0,2,2,70,1,2,2,2,0,0,1,53,1,1,1,25,0,0
45,450718,2,2,1,17,12,14,50,12,1,1,0,17,3,51,881,51881,66,2008,4V4NC9TG48N2,4,V,4,N,C,9,T,G,4,8,N,2,1,T,VOLV,VNL,TR,8,17,,8,0,0,VVN,D,,,6,915,,,,,00000,00,,64,1,17,1664970,171664970,3,6,1,1,0,0,0,0,0,0,0,70,0,1,5,12,6,2,1,0,0,0,1,45,29063,6,1,6,0,3,0,69,200,0,0,0,0,1,1,2011,1,2011,1,87,0,0,0,2,2,70,1,2,2,2,0,0,1,51,99,1,1,24,1,0
45,450719,1,1,3,19,12,19,55,8,0,1,0,45,1,48,34,48034,4,2001,4S3BH6658176,4,S,3,B,H,6,6,5,8,1,7,6,0,P,SUBA,ULK,SW,1,17,3425,,0,1043,,G,,F,4,153,,,16R225,,,,,,0,0,000000000,00000000000,0,0,0,1,0,0,0,0,0,0,0,40,0,0,0,12,0,1,8,0,0,0,1,45,29505,6,1,0,0,3,0,72,200,2,3,1,0,0,12,2010,10,2012,0,0,0,0,0,1,2,50,1,1,2,1,0,0,1,80,99,1,1,13,0,0
45,450720,1,1,1,25,10,7,28,8,0,1,1,99,9,99,999,99999,99,9999,999999999999,9,9,9,9,9,9,9,9,9,9,9,9,0,,,,,,,,,,,,,,,,,,,,,,,,,0,0,000000000,00000000000,0,0,0,1,0,0,0,0,0,0,0,999,0,0,0,12,9,1,8,0,0,0,1,99,99999,9,9,99,9,9,9,999,999,99,99,99,99,99,99,9999,99,9999,0,0,0,0,0,2,2,99,1,1,2,1,0,0,1,81,99,1,1,13,0,0
45,450721,1,1,1,4,12,3,28,23,0,1,0,34,3,82,881,82881,66,2006,1FUJA6CK56LW,1,F,U,J,A,6,C,K,5,6,L,W,1,T,FRHT,COL,TR,6,17,,8,0,0,CON,D,,,6,855,,,,,00000,00,,64,1,24,1258582,241258582,3,6,1,1,0,0,0,0,0,0,0,70,0,1,5,2,6,2,2,0,0,1,1,45,29047,6,1,6,0,2,0,74,297,1,2,0,1,3,8,2010,7,2012,0,99,99,99,99,3,3,70,1,1,2,1,0,0,1,13,1,1,4,1,1,0
45,450722,1,2,1,4,12,15,35,12,8,1,0,45,1,41,50,41050,4,2003,1YVFP80D535M,1,Y,V,F,P,8,0,D,5,3,5,M,0,P,MAZD,M6S,4D,3,17,3243,,0,1053,,G,,F,6,181,,,16R205,,,,,,0,0,000000000,00000000000,0,0,0,1,0,0,0,0,0,0,0,45,0,0,0,11,6,2,12,0,0,0,1,45,29128,6,1,6,0,3,3,67,190,0,2,0,0,0,4,2011,6,2011,0,51,0,0,0,1,2,45,2,2,2,1,0,0,14,10,99,1,2,64,1,0
45,450722,2,2,2,4,12,15,35,12,8,1,0,45,1,7,482,7482,31,1997,3B7HF13Z3VG7,3,B,7,H,F,1,3,Z,3,V,G,7,0,T,DODG,150,PC,97,17,,2,1547,1387,RPC,G,,,8,360,,,,B,4764,01,M,44,0,0,000000000,00000000000,0,0,0,1,0,0,0,0,0,0,0,45,0,1,5,11,6,2,1,0,0,0,1,45,29040,6,1,0,0,3,0,74,315,0,0,0,0,0,0,0,0,0,0,0,0,0,0,1,2,45,3,2,2,1,0,0,14,62,99,1,1,65,0,0
45,450723,1,2,2,8,12,17,25,1,0,1,0,45,1,98,709,98709,81,2012,999999999999,9,9,9,9,9,9,9,9,9,9,9,9,0,,,,,,,,,,,,,,,,,,,,,,,,,0,0,000000000,00000000000,0,0,0,1,0,0,0,0,0,0,0,20,0,0,0,0,2,8,1,0,0,0,1,45,29154,6,1,0,0,3,0,68,160,0,1,0,0,0,2,2011,2,2011,0,51,0,0,0,1,2,45,1,1,2,1,0,0,1,8,99,9,2,98,1,1
45,450723,2,2,1,8,12,17,25,1,0,1,0,45,2,23,401,23401,14,1999,1GKCS18W6XK5,1,G,K,C,S,1,8,W,6,X,K,5,0,T,GMC,JMY,2W,99,17,,1,0,1005,JMY,G,,,6,262,,,,B,3518,00,E,42,0,0,000000000,00000000000,0,0,0,1,0,0,0,0,0,0,0,45,0,0,0,9,2,1,18,0,0,0,1,45,29154,6,1,0,0,3,0,62,209,0,0,0,0,0,0,0,0,0,0,0,0,0,0,1,2,45,1,1,2,1,0,0,17,90,7,1,1,98,0,0
45,450724,1,1,1,9,12,0,55,43,0,1,0,45,1,49,471,49471,30,1981,JT4RN48D5B00,J,T,4,R,N,4,8,D,5,B,0,0,0,T,TOYT,R48,PK,81,17,,1,0,1106,44P,G,,,4,146,,,,B,2736,01,,44,0,0,000000000,00000000000,0,0,0,1,0,0,0,0,0,0,0,55,0,1,5,12,6,2,1,0,0,0,1,45,29067,6,1,0,0,3,0,66,215,0,1,0,0,0,2,2011,2,2011,1,0,0,0,0,1,2,55,3,1,2,1,0,0,14,13,1,1,4,1,1,1
45,450725,1,1,2,17,12,17,44,8,0,1,0,51,1,21,441,21441,20,2001,1GHDX23E91D1,1,G,H,D,X,2,3,E,9,1,D,1,0,T,OLDS,ECO,ES,1,17,,1,0,1200,SIL,G,,,6,207,,,,B,3948,00,K,42,0,0,000000000,00000000000,0,0,0,1,0,0,0,0,0,0,0,55,0,0,0,2,2,1,8,0,0,0,1,51,23322,6,1,0,0,3,0,68,167,0,0,0,0,0,0,0,0,0,0,0,0,0,0,3,2,55,1,1,2,2,29,3,1,80,99,1,1,13,0,0
45,450726,1,1,4,15,12,2,30,42,0,1,0,45,2,12,16,12016,4,2004,2FAHP71W04X1,2,F,A,H,P,7,1,W,0,4,X,1,0,P,FORD,CVP,4D,4,17,0,,0,1147,,G,,F,8,281,,,000000,,,,,,0,0,000000000,00000000000,0,0,0,1,0,0,0,0,0,0,0,999,0,0,0,6,6,2,42,0,0,0,1,45,29810,1,1,5,0,2,0,73,165,0,5,0,0,0,5,2010,9,2012,0,0,0,0,0,1,2,55,1,1,2,1,0,0,1,13,1,1,4,1,1,1
45,450727,1,1,2,16,12,4,45,1,0,1,0,45,1,20,481,20481,31,2006,1GCEK14T76Z1,1,G,C,E,K,1,4,T,7,6,Z,1,0,T,CHEV,SK1,PK,6,17,,2,1330,1190,SIL,G,,,8,323,,,,B,4508,00,,44,0,0,000000000,00000000000,0,0,0,1,0,0,0,0,0,0,0,50,0,1,3,0,6,2,1,0,0,0,1,45,29150,6,1,0,0,3,0,71,150,0,0,0,1,0,9,2012,9,2012,1,8,0,0,0,2,2,45,1,1,2,2,0,0,1,6,6,9,4,7,1,1
45,450728,1,1,1,18,12,4,0,19,0,1,0,45,1,58,401,58401,14,1998,JNRAR05YXWW0,J,N,R,A,R,0,5,Y,X,W,W,0,0,P,INFI,QX4,UT,98,17,4289,,0,1063,,G,,F,6,201,,,16R245,,,,,,0,0,000000000,00000000000,0,0,0,1,0,0,0,0,0,0,0,35,0,0,0,12,6,2,2,0,0,1,1,45,29036,6,1,0,0,3,0,67,161,0,0,0,0,0,0,0,0,0,0,0,0,0,0,1,2,35,1,1,2,2,0,0,1,12,1,1,4,6,1,0
45,450729,1,2,1,18,12,16,19,12,6,1,0,45,1,69,54,69054,3,2012,WMWSU3C52CT1,W,M,W,S,U,3,C,5,2,C,T,1,0,P,MNNI,COO,2H,12,17,2535,,0,971,,G,,F,4,098,,,15R175,,,,,,0,0,000000000,00000000000,0,0,0,1,0,0,0,0,0,0,0,10,0,0,0,9,6,2,12,0,0,0,1,45,29461,6,1,0,0,3,3,68,132,0,0,0,1,0,7,2011,7,2011,0,38,0,0,0,2,2,60,1,1,2,1,20,3,1,17,99,1,1,89,1,0
45,450729,2,2,1,18,12,16,19,12,6,1,0,45,1,20,473,20473,30,2009,1GCDT13E3981,1,G,C,D,T,1,3,E,3,9,8,1,0,T,CHEV,RDO,CW,9,17,,1,0,1260,CAL,G,,,5,226,,,,B,4070,00,,44,0,0,000000000,00000000000,0,0,0,1,0,0,0,0,0,0,0,60,0,1,5,12,6,2,12,0,0,0,1,45,29445,6,1,6,3,3,3,72,212,0,0,0,3,0,1,2010,10,2011,0,0,0,0,0,2,2,60,1,1,2,1,0,0,1,66,99,1,1,88,0,0
45,450730,1,2,1,20,12,18,0,12,6,1,0,93,3,82,881,82881,66,2007,1FUJBBCK07PW,1,F,U,J,B,B,C,K,0,7,P,W,1,T,FRHT,ST2,TR,7,17,,8,0,0,CON,D,,,6,855,,,,,00000,00,,64,1,29,0070289,290070289,3,6,1,1,0,0,0,0,0,0,0,55,0,0,0,1,6,2,12,0,0,0,1,45,29832,6,1,6,3,3,3,67,200,0,0,0,0,1,9,2010,9,2010,0,0,0,0,0,1,2,55,1,1,2,2,0,0,1,70,99,1,1,88,0,0
45,450730,2,2,1,20,12,18,0,12,6,1,0,45,3,20,39,20039,4,2010,KL1TD6DE2AB1,K,L,1,T,D,6,D,E,2,A,B,1,0,P,CHEV,LTS,5D,10,17,2568,,0,976,,G,,F,4,098,,,14R185,,,,,,0,0,000000000,00000000000,0,0,0,1,0,0,0,0,0,0,0,5,0,0,0,10,6,2,12,0,0,0,1,45,29851,6,1,0,0,3,0,65,168,0,0,0,0,0,0,0,0,0,0,38,0,0,0,1,2,55,1,1,2,2,0,0,4,55,99,1,1,89,1,0
45,450731,1,1,1,22,12,13,13,42,0,1,0,45,1,9,20,9020,4,2000,1P3ES46C9YD6,1,P,3,E,S,4,6,C,9,Y,D,6,0,P,PLYM,NLX,4D,0,17,2515,,0,1050,,G,,F,4,122,,,14R185,,,,,,0,0,000000000,00000000000,0,0,0,1,0,0,0,0,0,0,0,80,0,0,0,12,6,2,42,0,0,0,1,45,29418,6,1,0,0,3,0,70,150,0,0,1,2,1,2,2010,5,2012,1,0,0,0,0,1,2,55,2,2,2,1,0,0,14,12,1,1,4,6,1,1
45,450732,1,1,1,23,12,3,0,1,0,1,0,45,1,2,404,2404,14,2001,1J4GX48S81C6,1,J,4,G,X,4,8,S,8,1,C,6,0,T,JEEP,LRO,4W,1,17,,1,0,1059,GCK,G,,,6,244,,,,,3675,01,E,42,0,0,000000000,00000000000,0,0,0,1,0,0,0,0,0,0,0,80,0,1,5,0,6,2,1,0,0,0,1,45,29180,6,1,0,0,3,0,71,160,0,0,0,0,0,0,0,0,0,1,0,0,0,0,1,2,50,2,1,2,1,0,0,14,12,1,1,4,6,1,1
45,450733,1,1,3,23,12,19,50,8,0,1,0,45,2,12,401,12401,14,2004,1FMZU72K94UB,1,F,M,Z,U,7,2,K,9,4,U,B,0,P,FORD,EPR,UT,4,17,4469,,0,1137,,F,,F,6,245,,,16R235,,,,,,0,0,000000000,00000000000,0,0,0,1,0,0,0,0,0,0,0,35,0,0,0,12,2,1,8,0,0,0,1,45,29605,6,1,0,0,3,3,67,230,0,0,0,1,0,3,2011,3,2011,0,0,0,0,0,1,2,35,1,1,2,1,0,0,1,80,99,1,1,13,0,0
45,450734,1,2,2,24,12,13,25,12,6,1,0,45,1,49,40,49040,4,2004,4T1BE32K44U2,4,T,1,B,E,3,2,K,4,4,U,2,0,P,TOYT,UXS,4D,4,17,3086,,0,1071,,G,,F,4,144,,,15R205,,,,,,0,0,000000000,00000000000,0,0,0,1,0,0,0,0,0,0,0,60,0,0,0,10,6,2,12,0,0,0,1,45,29210,6,1,0,0,3,0,63,120,0,0,0,0,0,0,0,0,0,1,87,0,0,0,3,3,60,3,2,2,2,0,0,14,6,6,4,2,45,1,0
45,450734,2,2,3,24,12,13,25,12,6,1,0,45,2,18,2,18002,4,2001,1G4HP54KX141,1,G,4,H,P,5,4,K,X,1,4,1,0,P,BUIC,LCF,4D,1,17,3567,,0,1122,,G,,F,6,231,,,15R215,,,,,,0,0,000000000,00000000000,0,0,0,1,0,0,0,0,0,0,0,60,0,0,0,12,6,2,12,0,0,0,1,45,29609,6,1,0,0,3,3,66,200,0,0,0,1,0,8,2010,8,2010,0,0,0,0,0,3,3,60,3,2,2,2,0,0,14,60,6,1,1,44,0,0
45,450735,1,1,1,26,12,16,20,52,0,1,0,45,1,20,481,20481,31,2002,1GCCS14W2282,1,G,C,C,S,1,4,W,2,2,8,2,0,T,CHEV,S14,PK,2,17,,1,0,1083,S,G,,,6,262,,,,B,3016,00,,42,0,0,000000000,00000000000,0,0,0,1,0,0,0,0,0,0,0,60,0,0,0,12,6,2,23,0,0,0,1,45,29732,6,1,0,0,3,0,71,230,0,0,0,0,0,0,0,0,0,1,0,0,0,0,1,2,45,3,2,2,1,0,0,14,13,1,1,4,1,1,1
45,450736,1,1,1,18,11,2,30,8,0,1,0,45,2,2,404,2404,14,2001,1J4FF48S51L5,1,J,4,F,F,4,8,S,5,1,L,5,0,T,JEEP,SPT,4W,1,17,,1,0,1014,CHK,G,,,6,244,,,,,3249,00,E,44,0,0,000000000,00000000000,0,0,0,1,0,0,0,0,0,0,0,35,0,0,0,12,2,3,8,0,0,0,1,45,29687,6,1,0,0,3,0,72,185,0,0,0,1,0,5,2010,5,2010,0,0,0,0,0,2,4,35,1,1,2,2,3,3,1,81,99,1,1,13,0,0
45,450737,1,2,1,13,11,17,40,12,6,1,0,45,2,18,7,18007,4,1990,1G4AH54N3L64,1,G,4,A,H,5,4,N,3,L,6,4,0,P,BUIC,CCU,4D,90,17,2726,,0,1048,,G,,F,6,204,,,14R185,,,,,,0,0,000000000,00000000000,0,0,0,1,0,0,0,0,0,0,0,10,0,0,0,3,2,1,12,0,0,0,1,45,29588,6,1,0,0,3,0,74,290,0,2,0,0,1,3,2011,9,2012,0,38,0,0,0,1,2,35,1,1,2,2,0,0,11,15,99,1,2,68,0,0
45,450737,2,2,1,13,11,17,40,12,6,1,0,45,1,98,709,98709,81,2012,999999999999,9,9,9,9,9,9,9,9,9,9,9,9,0,,,,,,,,,,,,,,,,,,,,,,,,,0,0,000000000,00000000000,0,0,0,1,0,0,0,0,0,0,0,35,0,0,0,12,6,2,12,0,0,0,1,45,29536,1,1,5,0,2,0,70,287,0,3,1,0,0,11,2011,8,2012,0,0,0,0,0,1,2,35,1,1,2,2,0,0,1,66,99,1,1,69,1,0
45,450738,1,2,3,18,11,4,10,12,1,1,0,45,1,34,34,34034,4,2001,WBAAV534X1FT,W,B,A,A,V,5,3,4,X,1,F,T,0,P,BMW,30I,4D,1,17,3318,,0,1073,,G,,F,6,182,,,17R205,,,,,,0,0,000000000,00000000000,0,0,0,1,0,0,0,0,0,0,0,999,0,0,0,6,6,2,42,0,0,0,1,45,29936,0,0,0,0,0,0,67,190,0,2,0,0,0,1,2012,9,2012,0,0,0,0,0,3,2,70,1,1,2,1,0,0,1,53,99,1,1,25,1,1
45,450738,2,2,1,18,11,4,10,12,1,1,1,99,9,99,999,99999,99,9999,999999999999,9,9,9,9,9,9,9,9,9,9,9,9,0,,,,,,,,,,,,,,,,,,,,,,,,,0,0,000000000,00000000000,0,0,0,1,0,0,0,0,0,0,0,999,0,0,0,12,2,1,12,0,0,0,1,99,99999,9,9,99,9,9,9,999,999,99,99,99,99,99,99,9999,99,9999,0,0,0,0,0,3,2,70,1,1,2,1,0,0,1,51,99,1,1,24,0,0
45,450739,1,2,1,17,12,7,50,12,6,1,0,45,1,14,17,14017,4,2002,1MEFM50U52A6,1,M,E,F,M,5,0,U,5,2,A,6,0,P,MERC,SGP,4D,2,17,3379,,0,1085,,G,,F,6,182,,,16R215,,,,,,0,0,000000000,00000000000,0,0,0,1,0,0,0,0,0,0,0,55,0,0,0,3,6,2,12,0,0,0,1,24,21215,6,1,0,0,3,0,72,999,0,0,0,0,0,0,0,0,0,1,0,0,0,0,1,2,55,1,1,2,2,0,0,1,10,6,9,2,64,1,0
45,450739,2,2,1,17,12,7,50,12,6,1,0,45,2,63,401,63401,14,2013,KNDPB3A26D73,K,N,D,P,B,3,A,2,6,D,7,3,0,P,KIA,SPO,UT,13,17,3186,,0,0,,G,,F,4,144,,,000000,,,,,,0,0,000000000,00000000000,0,0,0,1,0,0,0,0,0,0,0,55,0,0,0,12,6,2,12,0,0,0,1,45,29316,6,1,0,0,3,0,69,240,0,0,0,2,0,3,2011,6,2012,0,0,0,0,0,1,2,55,1,1,2,1,0,0,1,62,99,1,1,65,0,0
45,450740,1,2,4,22,12,13,0,12,2,1,0,37,1,12,401,12401,14,2002,1FMZU77E12UB,1,F,M,Z,U,7,7,E,1,2,U,B,0,P,FORD,EPR,UT,2,17,4340,,0,1259,,G,,F,6,245,,,16R235,,,,,,0,0,000000000,00000000000,0,0,0,1,0,0,0,0,0,0,0,25,0,0,0,12,6,2,12,0,0,0,1,37,28090,6,1,0,0,3,0,69,999,0,0,0,0,0,0,0,0,0,0,0,0,0,0,1,2,40,1,2,2,1,0,0,1,62,99,1,1,51,0,0
45,450740,2,2,1,22,12,13,0,12,2,1,0,45,2,18,3,18003,4,1994,1G4CW52L4RH6,1,G,4,C,W,5,2,L,4,R,H,6,0,P,BUIC,PKA,4D,94,17,3533,,0,1108,,G,,F,6,231,,,15R205,,,,,,0,0,000000000,00000000000,0,0,0,1,0,0,0,0,0,0,0,50,0,0,0,12,6,2,12,0,0,0,1,45,29341,6,1,0,0,3,3,76,163,0,0,0,0,0,0,0,0,0,1,51,0,0,0,1,2,40,1,2,2,1,0,0,1,10,99,1,2,50,1,0
45,450741,1,2,3,17,8,21,50,12,7,1,0,45,2,2,402,2402,14,1977,J7F83AH06044,J,7,F,8,3,A,H,0,6,0,4,4,0,T,AMER,CJ5,UT,77,13,,1,0,835,JEE,G,,,8,304,,,,,2543,01,,44,0,0,000000000,00000000000,0,0,0,1,0,0,0,0,0,0,0,62,0,1,5,2,6,2,1,0,0,0,1,45,29126,6,1,6,3,3,0,74,305,0,0,0,0,0,0,0,0,0,1,51,0,0,0,1,2,55,1,1,2,1,0,0,6,51,99,1,2,73,1,1
45,450741,2,2,1,17,8,21,50,12,7,1,0,45,1,20,481,20481,31,2004,2GCEK19T5411,2,G,C,E,K,1,9,T,5,4,1,1,0,T,CHEV,SK1,4C,4,17,,2,1575,1435,SIL,G,,,8,325,,,,B,4925,00,,44,0,0,000000000,00000000000,0,0,0,1,0,0,0,0,0,0,0,6,0,0,0,9,6,2,12,0,0,0,1,45,29405,6,1,0,0,3,0,72,230,0,1,0,1,0,4,2011,11,2011,0,0,0,0,0,1,2,55,1,1,2,1,0,0,11,15,99,1,1,72,0,1
45,450742,1,1,1,31,10,20,35,8,0,1,0,45,2,41,51,41051,4,2005,JM1BK12F1512,J,M,1,B,K,1,2,F,1,5,1,2,0,P,MAZD,M3I,4D,5,17,2696,,0,1039,,G,,F,4,122,,,15R195,,,,,,0,0,000000000,00000000000,0,0,0,1,0,0,0,0,0,0,0,30,0,0,0,12,2,1,8,0,0,0,1,45,29910,6,2,0,0,3,0,62,125,0,0,0,0,0,0,0,0,0,0,0,0,0,0,1,2,40,1,1,2,1,0,0,1,81,99,1,1,13,0,0
45,450743,1,2,2,8,12,0,54,12,6,1,0,45,2,35,47,35047,4,2010,1N4AL2AP2AN4,1,N,4,A,L,2,A,P,2,A,N,4,0,P,NISS,ATS,4D,10,17,3063,,0,1093,,G,,F,4,153,,,16R215,,,,,,0,0,000000000,00000000000,0,0,0,1,0,0,0,0,0,0,0,70,0,0,0,3,6,2,12,0,0,0,1,37,29577,6,1,0,0,3,0,67,999,0,0,0,0,0,0,0,0,0,0,39,8,0,0,1,2,45,1,1,2,1,3,3,1,17,99,1,2,87,1,0
45,450743,2,2,1,8,12,0,54,12,6,1,0,45,2,34,34,34034,4,2004,WBAET37474NJ,W,B,A,E,T,3,7,4,7,4,N,J,0,P,BMW,325,4D,4,17,3219,,0,1073,,G,,F,6,152,,,16R205,,,,,,0,0,000000000,00000000000,0,0,0,1,0,0,0,0,0,0,0,45,0,0,0,12,6,2,12,0,0,0,1,45,29118,6,1,0,0,3,0,67,145,1,0,0,2,1,10,2010,11,2011,0,0,0,0,0,1,2,45,1,1,2,1,3,3,1,66,99,1,1,86,0,0
45,450744,1,1,3,20,12,15,0,34,0,1,0,45,1,23,481,23481,31,2013,3GTP1VE07DG2,3,G,T,P,1,V,E,0,7,D,G,2,0,T,GMC,1NC,CW,13,17,,2,0,1435,SIE,F,,,8,323,,,,B,5095,00,S,42,0,0,000000000,00000000000,0,0,0,1,0,0,0,0,0,0,0,52,0,1,5,12,6,2,1,0,0,0,1,45,29148,6,1,0,0,3,3,67,200,0,0,0,0,0,0,0,0,0,1,77,0,0,0,1,2,55,2,1,2,1,0,0,14,8,6,9,4,7,1,0
45,450745,1,1,1,26,12,19,19,8,0,1,0,37,1,12,17,12017,4,1999,1FAFP53S0XG2,1,F,A,F,P,5,3,S,0,X,G,2,0,P,FORD,SCS,4D,99,17,3353,,0,1085,,G,,F,6,182,,,15R205,,,,,,0,0,000000000,00000000000,0,0,0,1,0,0,0,0,0,0,0,40,0,0,0,12,6,2,8,0,0,0,1,37,28431,6,1,0,0,3,0,999,999,99,99,99,99,99,99,9999,99,9999,0,0,0,0,0,1,2,50,1,1,2,1,0,0,1,80,99,1,1,13,0,0
45,450746,1,1,1,28,12,8,20,34,0,1,0,45,1,20,401,20401,14,2005,1GNEC13T35R1,1,G,N,E,C,1,3,T,3,5,R,1,0,P,CHEV,CTA,UT,5,17,4975,,0,1160,,G,,F,8,325,,,16R265,,,,,,0,0,000000000,00000000000,0,0,0,1,0,0,0,0,0,0,0,70,0,1,5,12,6,2,32,0,0,0,1,45,29560,6,1,0,0,3,0,63,185,0,0,0,0,0,0,0,0,0,1,0,0,0,0,1,2,40,3,1,2,1,0,0,14,13,1,1,4,1,1,0
45,450747,1,1,1,10,7,16,22,1,0,1,0,45,1,98,709,98709,81,9999,999999999999,9,9,9,9,9,9,9,9,9,9,9,9,0,,,,,,,,,,,,,,,,,,,,,,,,,0,0,000000000,00000000000,0,0,0,1,0,0,0,0,0,0,0,40,0,0,0,0,2,3,1,0,0,0,1,45,29644,1,1,5,0,2,3,67,215,0,0,0,0,0,0,0,0,0,0,99,99,99,99,1,2,45,1,1,2,2,0,0,1,13,99,9,4,2,1,0