STATE,ST_CASE,VEH_NO,VE_FORMS,NUMOCCS,DAY,MONTH,HOUR,MINUTE,HARM_EV,MAN_COLL,UNITTYPE,HIT_RUN,REG_STAT,OWNER,MAKE,MODEL,MAK_MOD,BODY_TYP,MOD_YEAR,VIN,VIN_1,VIN_2,VIN_3,VIN_4,VIN_5,VIN_6,VIN_7,VIN_8,VIN_9,VIN_10,VIN_11,VIN_12,TOW_VEH,VINTYPE,VINMAKE,VINA_MOD,VIN_BT,VINMODYR,VIN_LNGT,VIN_WGT,WGTCD_TR,WHLBS_LG,WHLBS_SH,SER_TR,FUELCODE,MCYCL_DS,CARBUR,CYLINDER,DISPLACE,MCYCL_CY,MCYCL_WT,TIRE_SZE,TON_RAT,TRK_WT,TRKWTVAR,VIN_REST,WHLDRWHL,J_KNIFE,MCARR_I1,MCARR_I2,MCARR_ID,GVWR,V_CONFIG,CARGO_BT,HAZ_INV,HAZ_PLAC,HAZ_ID,HAZ_CNO,HAZ_REL,BUS_USE,SPEC_USE,EMER_USE,TRAV_SP,UNDERIDE,ROLLOVER,ROLINLOC,IMPACT1,DEFORMED,TOWED,M_HARM,VEH_SC1,VEH_SC2,FIRE_EXP,DR_PRES,L_STATE,DR_ZIP,L_STATUS,L_TYPE,CDL_STAT,L_ENDORS,L_COMPL,L_RESTRI,DR_HGT,DR_WGT,PREV_ACC,PREV_SUS,PREV_DWI,PREV_SPD,PREV_OTH,FIRST_MO,FIRST_YR,LAST_MO,LAST_YR,SPEEDREL,DR_SF1,DR_SF2,DR_SF3,DR_SF4,VTRAFWAY,VNUM_LAN,VSPD_LIM,VALIGN,VPROFILE,VPAVETYP,VSURCOND,VTRAFCON,VTCONT_F,P_CRASH1,P_CRASH2,P_CRASH3,PCRASH4,PCRASH5,ACC_TYPE,DEATHS,DR_DRINK
45,450748,1,1,1,23,10,17,0,8,0,1,0,45,1,18,7,18007,4,2001,2G4WS52J8111,2,G,4,W,S,5,2,J,8,1,1,1,0,P,BUIC,CCU,4D,1,17,3368,,0,1090,,G,,F,6,191,,,15R205,,,,,,0,0,000000000,00000000000,0,0,0,1,0,0,0,0,0,0,0,999,0,0,0,12,2,3,8,0,0,0,1,45,29349,6,1,0,0,3,3,58,215,0,0,0,0,0,0,0,0,0,0,0,0,0,0,1,2,45,1,2,2,1,0,0,1,80,1,1,1,13,0,0
45,450749,1,2,1,29,12,0,9,12,2,1,0,45,2,37,32,37032,4,2008,1HGCP26818A1,1,H,G,C,P,2,6,8,1,8,A,1,0,P,HOND,AXL,4D,8,17,3416,,0,1102,,G,,F,4,146,,,17R225,,,,,,0,0,000000000,00000000000,0,0,0,1,0,0,0,0,0,0,0,60,0,0,0,12,6,2,12,0,0,0,1,45,29150,6,1,0,0,3,3,61,93,1,0,0,1,0,9,2011,3,2012,0,0,0,0,0,1,2,55,1,2,2,1,0,0,1,62,99,1,1,51,0,0
45,450749,2,2,1,29,12,0,9,12,2,1,0,45,2,37,31,37031,4,1995,1HGEG8643SL0,1,H,G,E,G,8,6,4,3,S,L,0,0,P,HOND,CDL,4D,95,17,2250,,0,1032,,G,,F,4,091,,,13R175,,,,,,0,0,000000000,00000000000,0,0,0,1,0,0,0,0,0,0,0,55,0,0,0,12,6,2,12,0,0,0,1,45,29150,6,1,0,0,3,3,62,130,1,4,0,0,0,3,2011,1,2012,0,51,0,0,0,1,2,55,1,2,2,1,0,0,1,10,99,1,2,50,1,0
45,450750,1,1,1,22,12,6,42,8,0,1,0,45,1,20,401,20401,14,1996,1GNEK13R7TJ3,1,G,N,E,K,1,3,R,7,T,J,3,0,P,CHEV,KTA,UT,96,17,5144,,0,1175,,G,,F,8,350,,,16R245,,,,,,0,0,000000000,00000000000,0,0,0,1,0,0,0,0,0,0,0,25,0,0,0,12,2,1,8,0,0,0,1,45,29511,6,1,0,0,3,0,63,160,0,0,0,0,1,10,2012,10,2012,0,0,0,0,0,1,2,25,1,1,2,1,0,0,1,80,1,1,1,13,0,0
45,450751,1,2,1,27,12,6,48,12,2,1,0,13,1,49,472,49472,30,2008,5TEKU72N28Z4,5,T,E,K,U,7,2,N,2,8,Z,4,0,T,TOYT,PBD,CW,8,17,,1,0,1409,TAC,G,,,6,244,,,,B,3910,00,U,42,0,0,000000000,00000000000,0,0,0,1,0,0,0,0,0,0,0,45,0,0,0,12,2,3,12,0,0,0,1,13,30459,6,1,0,0,3,3,67,210,98,1,0,3,0,5,2012,10,2012,0,0,0,0,0,1,2,45,1,1,2,1,0,0,1,10,99,1,2,50,0,0
45,450751,2,2,1,27,12,6,48,12,2,1,0,45,1,73,704,73704,80,2012,JKAEXMJ14CDA,J,K,A,E,X,M,J,1,4,C,D,A,0,M,KAWK,E2J,RC,12,17,,,,,,,249,,2,,4,375,,,,,,,0,0,000000000,00000000000,0,0,0,1,0,0,0,0,0,0,0,45,0,0,0,12,2,3,12,0,0,0,1,45,29906,6,1,0,0,3,3,67,145,0,0,0,0,0,0,0,0,0,0,0,0,0,0,1,2,45,1,1,2,1,0,0,1,62,99,1,1,51,1,0
45,450752,1,1,1,31,12,23,21,42,0,1,0,45,1,35,39,35039,4,2001,JN1CA31D01T8,J,N,1,C,A,3,1,D,0,1,T,8,0,P,NISS,M20,4D,1,17,3071,,0,1083,,G,,F,6,182,,,15R205,,,,,,0,0,000000000,00000000000,0,0,0,1,0,0,0,0,0,0,0,45,0,0,0,8,6,2,42,0,0,0,1,45,29681,6,1,0,0,3,3,70,145,1,0,0,2,2,10,2010,6,2012,1,0,0,0,0,1,2,45,1,1,2,1,0,0,1,13,1,1,4,1,1,1
45,450753,1,1,1,17,9,18,46,42,0,1,0,45,1,20,2,20002,4,2003,2G1WF52E2393,2,G,1,W,F,5,2,E,2,3,9,3,0,P,CHEV,IMP,4D,3,17,3389,,0,1105,,G,,F,6,207,,,16R225,,,,,,0,0,000000000,00000000000,0,0,0,1,0,0,0,0,0,0,0,55,0,1,5,12,6,2,42,0,0,0,1,45,29644,6,1,0,0,3,3,69,160,0,0,0,0,1,8,2010,8,2010,1,0,0,0,0,1,2,55,1,1,2,2,0,0,1,12,1,1,4,6,1,1
45,450754,1,1,2,13,10,19,55,8,0,1,0,45,1,54,421,54421,15,2001,2HNYD18611H5,2,H,N,Y,D,1,8,6,1,1,H,5,0,P,ACUR,MDX,UT,1,17,4383,,0,1063,,G,,F,6,212,,,17R235,,,,,,0,0,000000000,00000000000,0,0,0,1,0,0,0,0,0,0,0,15,0,0,0,1,2,1,8,0,0,0,1,45,29690,6,1,0,0,3,0,72,195,0,0,0,0,0,0,0,0,0,0,0,0,0,0,2,2,55,1,1,2,1,0,0,1,80,2,1,1,13,0,0
45,450755,1,1,1,25,10,13,0,1,0,1,0,99,9,98,709,98709,80,2010,999999999999,9,9,9,9,9,9,9,9,9,9,9,9,0,,,,,,,,,,,,,,,,,,,,,,,,,0,0,000000000,00000000000,0,0,0,1,0,0,0,0,0,0,0,55,0,0,0,0,6,2,1,0,0,0,1,45,29102,1,1,5,0,2,0,72,256,0,1,0,0,0,2,2010,2,2010,0,0,0,0,0,1,2,55,1,1,2,1,0,0,1,8,7,9,4,2,1,1
45,450756,1,2,1,18,12,14,20,12,2,1,0,45,1,49,40,49040,4,2012,4T1BF1FK1CU1,4,T,1,B,F,1,F,K,1,C,U,1,0,P,TOYT,CBA,4D,12,17,3190,,0,1093,,G,,F,4,152,,,16R205,,,,,,0,0,000000000,00000000000,0,0,0,1,0,0,0,0,0,0,0,999,0,0,0,12,6,2,12,0,0,0,1,45,29356,6,1,0,0,3,3,66,140,1,1,0,0,0,1,2010,4,2012,0,51,0,0,0,1,2,0,4,2,2,1,0,0,14,10,99,1,2,50,1,1
45,450756,2,2,1,18,12,14,20,12,2,1,0,37,1,12,481,12481,31,2005,1FTRX12W75NB,1,F,T,R,X,1,2,W,7,5,N,B,0,T,FORD,F15,4C,5,17,,2,1450,1260,COF,G,,,8,281,,,,B,5065,04,U,42,0,0,000000000,00000000000,0,0,0,1,0,0,0,0,0,0,0,999,0,0,0,12,6,2,12,0,0,0,1,37,28139,6,1,0,0,3,0,999,999,99,99,99,99,99,99,9999,99,9999,0,0,0,0,0,1,2,0,4,2,2,1,0,0,14,62,99,1,1,51,0,0
45,450757,1,1,1,24,12,3,0,1,0,1,0,45,1,2,402,2402,14,1993,1J4GZ58S7PC1,1,J,4,G,Z,5,8,S,7,P,C,1,0,T,JEEP,LRO,4W,93,17,,1,0,1059,GCK,G,,,6,242,,,,,3574,00,B,44,0,0,000000000,00000000000,0,0,0,1,0,0,0,0,0,0,0,40,0,1,5,0,6,2,1,0,0,0,1,45,29450,6,1,0,0,3,0,70,160,0,0,0,0,0,0,0,0,0,0,0,0,0,0,1,2,40,2,2,2,1,0,0,14,12,1,1,4,6,1,1
45,450759,1,3,1,19,10,19,25,12,6,1,0,45,1,18,2,18002,4,2000,1G4HP54K1Y42,1,G,4,H,P,5,4,K,1,Y,4,2,0,P,BUIC,LCF,4D,0,17,3567,,0,1122,,G,,F,6,231,,,15R215,,,,,,0,0,000000000,00000000000,0,0,0,1,0,0,0,0,0,0,0,55,0,0,0,9,6,2,12,0,0,0,1,45,29581,6,1,0,0,3,0,72,190,0,0,0,0,0,0,0,0,0,0,0,0,0,0,1,2,55,1,1,2,1,0,0,1,66,99,1,1,89,1,0
45,450759,2,3,1,19,10,19,25,12,6,1,0,45,1,20,401,20401,14,2002,1GNCS18W62K1,1,G,N,C,S,1,8,W,6,2,K,1,0,P,CHEV,BZR,UT,2,17,3603,,0,1005,,G,,F,6,262,,,000000,,,,,,0,0,000000000,00000000000,0,0,0,1,0,0,0,0,0,0,0,2,0,0,0,12,2,1,12,0,0,0,1,45,29581,6,1,0,0,3,3,72,185,0,0,0,0,0,0,0,0,0,0,0,0,0,0,1,2,55,1,1,2,1,20,3,1,17,99,1,1,98,0,0
45,450759,3,3,1,19,10,19,25,12,6,1,0,45,2,20,36,20036,2,2006,2G1WM16K5693,2,G,1,W,M,1,6,K,5,6,9,3,0,P,CHEV,M/T,CP,6,17,3461,,0,1105,,F,,F,6,214,,,16R225,,,,,,0,0,000000000,00000000000,0,0,0,1,0,0,0,0,0,0,0,55,0,0,0,12,6,2,12,0,0,0,1,45,29544,6,2,0,0,3,3,68,150,0,0,0,0,1,10,2012,10,2012,0,38,0,0,0,1,2,55,1,1,2,1,20,3,1,17,99,1,1,88,0,0
45,450761,1,2,1,15,12,5,50,12,6,1,0,45,1,12,37,12037,4,2003,1FAFP34PX3W1,1,F,A,F,P,3,4,P,X,3,W,1,0,P,FORD,FCS,4D,3,17,2564,,0,1030,,G,,F,4,122,,,15R195,,,,,,0,0,000000000,00000000000,0,0,0,1,0,0,0,0,0,0,0,50,0,0,0,3,6,2,12,0,0,0,1,45,29360,6,1,0,0,3,0,70,132,2,0,0,1,0,1,2010,11,2010,1,58,0,0,0,1,2,50,1,1,2,1,0,0,1,6,6,4,2,64,1,1
45,450761,2,2,1,15,12,5,50,12,6,1,0,45,1,12,401,12401,14,1998,1FMZU32EXWUB,1,F,M,Z,U,3,2,E,X,W,U,B,0,P,FORD,EPR,UT,98,17,3911,,0,1115,,G,,F,6,245,,,15R225,,,,,,0,0,000000000,00000000000,0,0,0,1,0,0,0,0,0,0,0,50,0,0,0,12,6,2,12,0,0,0,1,45,29609,6,1,0,0,3,0,72,215,0,0,0,0,0,0,0,0,0,0,0,0,0,0,1,2,50,1,1,2,1,0,0,1,62,99,1,1,65,0,0
45,450762,1,2,2,18,12,21,4,12,1,1,0,45,1,98,709,98709,81,2009,999999999999,9,9,9,9,9,9,9,9,9,9,9,9,0,,,,,,,,,,,,,,,,,,,,,,,,,0,0,000000000,00000000000,0,0,0,1,0,0,0,0,0,0,0,25,0,0,0,6,2,3,12,0,0,0,1,45,29506,1,1,5,0,2,0,66,145,0,4,0,0,0,7,2010,10,2012,0,23,0,0,0,2,2,50,1,1,2,1,0,0,1,53,99,1,1,25,1,1
45,450762,2,2,1,18,12,21,4,12,1,1,0,45,1,49,46,49046,4,2012,JTDKN3DU5C55,J,T,D,K,N,3,D,U,5,C,5,5,0,P,TOYT,PRI,4H,12,17,3042,,0,1063,,B,,F,4,110,,,15R195,,,,,,0,0,000000000,00000000000,0,0,0,1,0,0,0,0,0,0,0,50,0,0,0,12,2,3,12,0,0,0,1,45,29581,6,1,0,0,3,0,76,184,0,0,0,0,0,0,0,0,0,0,0,0,0,0,2,2,50,1,1,2,1,0,0,1,51,99,1,1,24,0,0
45,450763,1,2,1,20,12,17,29,12,6,1,0,45,1,63,34,63034,4,2010,KNAGG4A80A54,K,N,A,G,G,4,A,8,0,A,5,4,0,P,KIA,OLX,4D,10,17,3157,,0,1071,,G,,F,4,144,,,16R205,,,,,,0,0,000000000,00000000000,0,0,0,1,0,0,0,0,0,0,0,20,0,0,0,9,6,2,12,0,0,0,1,45,29388,6,1,0,0,3,0,64,280,0,0,0,0,0,0,0,0,0,0,38,0,0,0,2,2,45,1,2,2,2,20,3,11,15,99,1,2,82,1,0
45,450763,2,2,1,20,12,17,29,12,6,1,0,45,1,84,881,84881,66,2001,1HTSCAAM21H3,1,H,T,S,C,A,A,M,2,1,H,3,1,T,INTL,470,CC,1,17,,6,2540,1280,40S,D,,,6,466,,,,,00000,00,,42,1,77,777777777,77777777777,3,6,98,1,0,0,0,0,0,0,0,40,0,0,0,12,6,2,12,0,0,0,1,45,29330,6,1,0,0,2,0,68,215,0,0,0,0,0,0,0,0,0,0,0,0,0,0,2,2,45,1,2,2,2,0,0,1,66,99,1,1,83,0,0
45,450764,1,1,1,31,12,18,40,34,0,1,0,12,1,20,481,20481,31,2004,1GCEC14X84Z1,1,G,C,E,C,1,4,X,8,4,Z,1,0,T,CHEV,SC1,PK,4,17,,2,1330,1190,SIL,G,,,6,262,,,,B,4142,00,,42,0,0,000000000,00000000000,0,0,0,1,0,0,0,0,0,0,0,30,0,0,0,12,6,2,34,0,0,0,1,12,32226,6,1,0,0,3,0,999,999,99,99,99,99,99,99,9999,99,9999,0,99,99,99,99,1,2,55,1,1,2,1,0,0,1,12,1,1,4,6,1,0
45,450765,1,1,1,5,11,22,45,33,0,1,0,45,1,98,709,98709,81,2011,999999999999,9,9,9,9,9,9,9,9,9,9,9,9,0,,,,,,,,,,,,,,,,,,,,,,,,,0,0,000000000,00000000000,0,0,0,1,0,0,0,0,0,0,0,35,0,0,0,12,6,2,1,0,0,0,1,45,29169,0,0,0,0,0,0,999,999,99,99,99,99,99,99,9999,99,9999,1,99,99,99,99,3,2,30,1,1,2,1,0,0,1,6,6,9,4,98,1,0
45,450766,1,1,1,16,12,7,20,59,0,1,0,45,2,12,401,12401,14,1999,1FMZU32EXXUB,1,F,M,Z,U,3,2,E,X,X,U,B,0,P,FORD,EPR,UT,99,17,3891,,0,1116,,G,,F,6,245,,,15R225,,,,,,0,0,000000000,00000000000,0,0,0,1,0,0,0,0,0,0,0,55,0,1,5,12,6,2,1,0,0,0,1,45,29039,6,1,0,0,3,0,74,167,1,0,0,5,0,1,2010,9,2012,1,0,0,0,0,1,2,55,2,1,2,1,0,0,14,12,1,1,4,6,1,1
45,450767,1,1,2,21,12,22,16,53,0,1,0,45,1,49,50,49050,3,2007,JTKDE1773702,J,T,K,D,E,1,7,7,3,7,0,2,0,P,TOYT,SXC,2H,7,17,2905,,0,1063,,G,,F,4,146,,,17R215,,,,,,0,0,000000000,00000000000,0,0,0,1,0,0,0,0,0,0,0,64,0,0,0,3,6,2,53,0,0,0,1,45,29369,6,2,0,0,3,0,63,116,0,0,0,0,0,0,0,0,0,1,0,0,0,0,1,2,35,1,1,2,1,0,0,1,6,7,3,4,2,1,0
45,450768,1,1,1,26,12,15,40,30,0,1,0,99,9,99,999,99999,99,9999,999999999999,9,9,9,9,9,9,9,9,9,9,9,9,0,,,,,,,,,,,,,,,,,,,,,,,,,0,0,000000000,00000000000,0,0,0,1,0,0,0,0,0,0,0,40,0,0,0,12,6,2,30,0,0,0,1,45,29642,6,1,0,0,3,0,72,200,1,0,0,1,0,12,2010,12,2010,0,99,99,99,99,2,2,30,1,1,2,1,3,3,1,13,1,1,4,1,1,0
45,450769,1,2,1,31,10,12,32,12,1,1,0,45,1,20,22,20022,4,2008,1G1AL18F0871,1,G,1,A,L,1,8,F,0,8,7,1,0,P,CHEV,BLT,CP,8,17,2991,,0,1033,,G,,F,4,134,,,15R195,,,,,,0,0,000000000,00000000000,0,0,0,1,0,0,0,0,0,0,0,0,0,0,0,6,2,1,12,0,0,0,1,45,29673,6,1,6,0,3,0,68,160,0,0,0,4,0,10,2010,9,2011,0,0,0,0,0,1,2,45,1,2,2,1,0,0,5,53,99,1,1,21,0,0
45,450769,2,2,1,31,10,12,32,12,1,1,0,45,1,49,32,49032,4,2000,1NXBR12E4YZ3,1,N,X,B,R,1,2,E,4,Y,Z,3,0,P,TOYT,UVL,4D,0,17,2403,,0,970,,G,,F,4,109,,,14R175,,,,,,0,0,000000000,00000000000,0,0,0,1,0,0,0,0,0,0,0,45,0,0,0,12,6,2,12,0,0,0,1,45,29654,6,1,0,0,3,0,65,155,0,0,0,0,0,0,0,0,0,1,0,0,0,0,1,2,45,1,2,2,1,0,0,1,50,99,1,1,20,1,0
45,450770,1,2,1,13,11,8,5,12,6,1,0,45,1,49,472,49472,30,2005,5TENX22N35Z1,5,T,E,N,X,2,2,N,3,5,Z,1,0,T,TOYT,REG,PK,5,17,,1,0,1033,TAC,G,,,4,164,,,,B,3140,00,U,42,0,0,000000000,00000000000,0,0,0,1,0,0,0,0,0,0,0,30,0,0,0,12,6,2,12,0,0,0,1,45,29626,6,1,0,0,3,0,76,330,0,0,0,0,0,0,0,0,0,0,0,0,0,0,1,2,35,1,1,2,1,0,0,1,66,99,1,1,88,0,0
45,450770,2,2,2,13,11,8,5,12,6,1,0,45,1,18,7,18007,4,1994,1G4AG5549R64,1,G,4,A,G,5,5,4,9,R,6,4,0,P,BUIC,CSP,4D,94,17,2974,,0,1049,,G,,F,4,133,,,14R185,,,,,,0,0,000000000,00000000000,0,0,0,1,0,0,0,0,0,0,0,5,0,0,0,9,6,2,12,0,0,0,1,45,29621,6,1,0,0,3,0,70,200,0,0,0,0,0,0,0,0,0,0,38,0,0,0,1,2,25,1,1,2,1,20,3,4,17,99,1,2,89,1,0
45,450771,2,1,5,28,11,7,25,14,0,1,0,45,1,20,401,20401,14,2001,3GNEC16T41G1,3,G,N,E,C,1,6,T,4,1,G,1,0,P,CHEV,C15,UT,1,17,4914,,0,1300,,G,,F,8,325,,,16R245,,,,,,0,0,000000000,00000000000,0,0,0,1,0,0,0,0,0,0,0,63,0,0,0,2,6,2,42,0,0,0,1,45,29709,6,1,0,0,3,0,65,178,0,0,0,1,1,11,2011,9,2012,1,0,0,0,0,1,2,55,1,1,2,1,0,0,1,50,1,1,4,11,0,0
45,450772,1,2,1,18,12,9,25,12,6,1,0,45,1,12,13,12013,4,1997,1FALP13P0VW4,1,F,A,L,P,1,3,P,0,V,W,4,0,P,FORD,EST,4D,97,17,2503,,0,984,,G,,F,4,122,,,14R185,,,,,,0,0,000000000,00000000000,0,0,0,1,0,0,0,0,0,0,0,20,0,0,0,2,6,2,12,0,0,0,1,45,29643,6,1,0,0,3,3,67,150,1,0,0,2,0,4,2011,9,2012,0,38,0,0,0,1,2,45,1,1,2,1,0,0,11,15,99,1,1,68,1,0
45,450772,2,2,1,18,12,9,25,12,6,1,0,93,3,87,881,87881,66,2000,1XP5DU9X3YD4,1,X,P,5,D,U,9,X,3,Y,D,4,1,T,PTRB,379,TR,0,17,,8,0,0,CON,D,,,6,733,,,,,00000,00,,64,1,13,0051479,130051479,3,6,1,1,0,0,0,0,0,0,0,45,0,0,0,12,6,2,12,0,0,0,1,13,30471,6,1,6,3,3,3,69,247,98,0,0,1,1,5,2011,12,2012,0,0,0,0,0,1,2,45,1,1,2,1,0,0,1,66,99,1,1,69,0,0
45,450773,1,2,1,20,3,14,17,12,6,1,0,45,1,98,709,98709,81,2008,999999999999,9,9,9,9,9,9,9,9,9,9,9,9,0,,,,,,,,,,,,,,,,,,,,,,,,,0,0,000000000,00000000000,0,0,0,1,0,0,0,0,0,0,0,30,0,0,0,3,6,2,12,0,0,0,1,45,29160,1,1,5,0,2,0,72,165,0,0,0,0,1,9,2011,9,2011,0,0,0,0,0,2,2,45,1,1,2,1,0,0,1,66,99,1,1,69,1,0
45,450773,2,2,1,20,3,14,17,12,6,1,0,45,1,7,442,7442,20,2001,2B4GP44311R3,2,B,4,G,P,4,4,3,1,1,R,3,0,T,DODG,GSP,ES,1,17,,1,0,1193,CAR,F,,,6,201,,,,,3989,00,E,42,0,0,000000000,00000000000,0,0,0,1,0,0,0,0,0,0,0,20,0,0,0,12,6,2,12,0,0,0,1,45,29045,6,1,0,0,3,3,63,164,0,1,0,0,0,3,2011,3,2011,0,38,0,0,0,2,2,45,1,1,2,1,0,0,11,15,99,1,2,68,0,0
45,450774,1,2,1,17,12,16,35,12,6,1,0,45,3,51,881,51881,66,2003,4V4NC9GG63N3,4,V,4,N,C,9,G,G,6,3,N,3,1,T,VOLV,VNL,TR,3,17,,8,0,0,VVN,D,,,6,732,,,,,00000,00,,64,1,45,0156698,450156698,3,6,8,1,0,0,0,0,0,0,0,20,0,0,0,12,6,2,12,0,0,0,1,45,29481,6,1,6,3,3,3,72,290,0,0,0,0,0,0,0,0,0,0,0,0,0,0,2,2,55,1,1,2,2,3,3,1,66,99,1,1,69,0,0
45,450774,2,2,1,17,12,16,35,12,6,1,0,45,1,23,402,23402,14,2011,2CTFLWE59B63,2,C,T,F,L,W,E,5,9,B,6,3,0,T,GMC,TET,4W,11,17,,1,0,1125,TER,G,,,6,183,,,,,3881,00,S,42,0,0,000000000,00000000000,0,0,0,1,0,0,0,0,0,0,0,20,0,0,0,3,6,2,12,0,0,0,1,45,29455,6,1,0,0,3,0,64,160,0,0,0,0,0,0,0,0,0,0,38,87,0,0,2,2,55,1,1,2,2,3,3,11,15,99,1,2,68,1,1
45,450775,1,1,1,25,9,19,30,8,0,1,0,37,2,20,37,20037,4,2004,1G1ZU64854F2,1,G,1,Z,U,6,4,8,5,4,F,2,0,P,CHEV,XLT,4D,4,17,3476,,0,1123,,G,,F,6,214,,,16R215,,,,,,0,0,000000000,00000000000,0,0,0,1,0,0,0,0,0,0,0,35,0,0,0,12,2,1,8,0,0,0,1,45,29438,6,1,0,0,3,0,64,125,0,0,0,0,0,0,0,0,0,0,0,0,0,0,2,2,35,1,1,2,1,0,0,1,80,4,1,1,13,0,0
45,450776,1,1,1,24,11,18,8,8,0,1,1,99,9,99,999,99999,99,9999,999999999999,9,9,9,9,9,9,9,9,9,9,9,9,0,,,,,,,,,,,,,,,,,,,,,,,,,0,0,000000000,00000000000,0,0,0,1,0,0,0,0,0,0,0,999,0,0,0,99,9,1,8,0,0,0,1,99,99999,9,9,99,9,9,9,999,999,99,99,99,99,99,99,9999,99,9999,0,0,0,0,0,2,2,45,1,1,2,1,0,0,1,80,1,1,1,13,0,0
45,450777,1,2,1,31,12,18,26,8,0,1,0,45,1,20,401,20401,14,1992,1GNEC16K5NJ3,1,G,N,E,C,1,6,K,5,N,J,3,0,P,CHEV,C15,UT,92,17,4701,,0,1315,,G,,F,8,350,,,15R235,,,,,,0,0,000000000,00000000000,0,0,0,1,0,0,0,0,0,0,0,35,0,0,0,1,2,1,8,0,0,0,1,45,29650,6,1,0,0,3,3,80,350,1,1,0,1,0,2,2011,10,2011,0,0,0,0,0,1,2,35,1,2,2,1,0,0,1,80,1,1,1,13,0,0
45,450777,2,2,1,31,12,18,26,8,0,1,1,99,9,99,999,99999,99,9999,999999999999,9,9,9,9,9,9,9,9,9,9,9,9,0,,,,,,,,,,,,,,,,,,,,,,,,,0,0,000000000,00000000000,0,0,0,1,0,0,0,0,0,0,0,35,0,0,0,14,9,1,8,0,0,0,1,99,99999,9,9,99,9,9,9,999,999,99,99,99,99,99,99,9999,99,9999,0,0,0,0,0,1,2,35,1,2,2,1,0,0,1,80,1,1,1,98,0,0
45,450778,1,2,4,6,10,22,20,12,1,1,0,45,2,24,1,24001,4,1998,1G8ZF5284WZ1,1,G,8,Z,F,5,2,8,4,W,Z,1,0,P,STRN,SSL,4D,98,17,2326,,0,1024,,G,,F,4,116,,,14R175,,,,,,0,0,000000000,00000000000,0,0,0,1,0,0,0,0,0,0,0,55,0,0,0,6,6,2,12,0,0,0,1,45,29431,6,1,0,0,3,0,70,170,0,0,0,0,0,0,0,0,0,0,0,0,0,0,1,2,55,1,1,2,1,0,0,1,53,99,1,1,26,0,0
45,450778,2,2,2,6,10,22,20,12,1,1,0,45,2,12,471,12471,30,1996,1FTDR15X5TTA,1,F,T,D,R,1,5,X,5,T,T,A,0,T,FORD,RNS,PC,96,17,,1,0,1250,RNG,G,,,6,245,,,,B,00000,00,B,44,0,0,000000000,00000000000,0,0,0,1,0,0,0,0,0,0,0,55,0,0,0,12,6,2,42,0,0,0,1,45,29461,6,2,0,0,3,0,72,140,0,0,0,0,0,0,0,0,0,0,99,99,99,99,1,2,55,1,1,2,1,0,0,6,51,99,1,2,24,1,0
45,450779,1,2,1,28,11,7,50,12,7,1,0,45,3,12,481,12481,31,2009,1FTRX12V59KC,1,F,T,R,X,1,2,V,5,9,K,C,0,T,FORD,F15,4C,9,17,,2,1630,1330,COF,F,,,8,329,,,,B,4985,05,L,42,0,0,000000000,00000000000,0,0,0,1,0,0,0,0,0,0,0,70,0,0,0,2,0,1,12,0,0,0,1,45,29650,6,1,0,0,3,0,71,199,0,0,0,0,0,0,0,0,0,0,27,0,0,0,3,4,70,1,1,2,1,0,0,15,11,99,1,2,44,0,0
45,450779,2,2,1,28,11,7,50,12,7,1,0,45,1,12,401,12401,14,2002,1FMZU63E52UA,1,F,M,Z,U,6,3,E,5,2,U,A,0,P,FORD,EPR,UT,2,17,4163,,0,1137,,G,,F,6,245,,,16R235,,,,,,0,0,000000000,00000000000,0,0,0,1,0,0,0,0,0,0,0,70,0,1,5,8,6,2,1,0,0,0,1,45,29301,6,1,0,0,3,0,70,210,0,1,0,0,0,8,2010,8,2010,0,0,0,0,0,3,4,70,1,1,2,1,0,0,1,61,99,1,1,45,1,0
45,450780,1,2,7,18,11,18,48,12,6,1,0,26,1,7,422,7422,15,2004,1D8HB58D04F1,1,D,8,H,B,5,8,D,0,4,F,1,0,P,DODG,DUR,UT,4,17,4972,,0,1192,,G,,F,8,345,,,17R245,,,,,,0,0,000000000,00000000000,0,0,0,1,0,0,0,0,0,0,0,70,0,1,3,9,6,2,1,0,0,0,1,26,48164,6,1,0,0,3,3,999,999,0,0,0,0,0,0,0,0,0,0,0,0,0,0,2,2,70,1,1,2,1,0,0,1,61,99,1,1,44,1,0
45,450780,2,2,1,18,11,18,48,12,6,1,0,45,1,24,1,24001,4,2000,1G8ZK5272YZ2,1,G,8,Z,K,5,2,7,2,Y,Z,2,0,P,STRN,SL2,4D,0,17,2425,,0,1024,,G,,F,4,116,,,15R185,,,,,,0,0,000000000,00000000000,0,0,0,1,0,0,0,0,0,0,0,104,0,0,0,12,0,3,12,0,0,0,1,45,29906,1,1,5,0,2,0,67,160,0,1,0,0,0,11,2012,11,2012,0,0,0,0,0,2,2,70,1,1,2,1,0,0,6,8,7,9,2,45,0,1