STATE,ST_CASE,VEH_NO,VE_FORMS,NUMOCCS,DAY,MONTH,HOUR,MINUTE,HARM_EV,MAN_COLL,UNITTYPE,HIT_RUN,REG_STAT,OWNER,MAKE,MODEL,MAK_MOD,BODY_TYP,MOD_YEAR,VIN,VIN_1,VIN_2,VIN_3,VIN_4,VIN_5,VIN_6,VIN_7,VIN_8,VIN_9,VIN_10,VIN_11,VIN_12,TOW_VEH,VINTYPE,VINMAKE,VINA_MOD,VIN_BT,VINMODYR,VIN_LNGT,VIN_WGT,WGTCD_TR,WHLBS_LG,WHLBS_SH,SER_TR,FUELCODE,MCYCL_DS,CARBUR,CYLINDER,DISPLACE,MCYCL_CY,MCYCL_WT,TIRE_SZE,TON_RAT,TRK_WT,TRKWTVAR,VIN_REST,WHLDRWHL,J_KNIFE,MCARR_I1,MCARR_I2,MCARR_ID,GVWR,V_CONFIG,CARGO_BT,HAZ_INV,HAZ_PLAC,HAZ_ID,HAZ_CNO,HAZ_REL,BUS_USE,SPEC_USE,EMER_USE,TRAV_SP,UNDERIDE,ROLLOVER,ROLINLOC,IMPACT1,DEFORMED,TOWED,M_HARM,VEH_SC1,VEH_SC2,FIRE_EXP,DR_PRES,L_STATE,DR_ZIP,L_STATUS,L_TYPE,CDL_STAT,L_ENDORS,L_COMPL,L_RESTRI,DR_HGT,DR_WGT,PREV_ACC,PREV_SUS,PREV_DWI,PREV_SPD,PREV_OTH,FIRST_MO,FIRST_YR,LAST_MO,LAST_YR,SPEEDREL,DR_SF1,DR_SF2,DR_SF3,DR_SF4,VTRAFWAY,VNUM_LAN,VSPD_LIM,VALIGN,VPROFILE,VPAVETYP,VSURCOND,VTRAFCON,VTCONT_F,P_CRASH1,P_CRASH2,P_CRASH3,PCRASH4,PCRASH5,ACC_TYPE,DEATHS,DR_DRINK
46,460102,1,1,2,15,11,19,40,33,0,1,0,46,1,49,40,49040,4,2009,4T1BB46K29U0,4,T,1,B,B,4,6,K,2,9,U,0,0,P,TOYT,CHB,4D,9,17,3680,,0,1090,,B,,F,4,146,,,16R215,,,,,,0,0,000000000,00000000000,0,0,0,1,0,0,0,0,0,0,0,998,0,0,0,12,6,2,18,0,0,0,1,46,57106,3,1,0,0,2,0,68,155,0,0,0,0,0,0,0,0,0,0,0,0,0,0,5,4,35,1,1,2,1,0,0,1,13,1,1,4,1,1,0
46,460103,1,1,2,27,11,9,58,1,0,1,0,46,2,12,471,12471,30,1999,1FTZR15X4XPA,1,F,T,Z,R,1,5,X,4,X,P,A,0,T,FORD,RNS,PC,99,17,,1,0,1259,RNG,G,,,6,245,,,,B,00000,00,U,44,0,0,000000000,00000000000,0,0,0,1,0,0,0,0,0,0,0,80,0,1,3,0,6,2,1,0,0,0,1,46,57030,6,1,6,0,3,0,72,320,0,0,0,0,0,0,0,0,0,0,87,0,0,0,2,2,75,1,1,1,4,0,0,1,5,3,4,4,7,1,0
46,460104,1,2,1,29,11,17,20,12,2,1,0,46,1,12,473,12473,30,2001,1FMZU77E51UC,1,F,M,Z,U,7,7,E,5,1,U,C,0,P,FORD,EPR,UT,1,17,4332,,0,1259,,G,,F,6,245,,,15R235,,,,,,0,0,000000000,00000000000,0,0,0,1,0,0,0,0,0,0,0,65,0,0,0,12,6,2,12,0,0,0,1,46,57301,6,1,0,0,3,1,70,210,0,0,0,0,0,0,0,0,0,0,0,0,0,0,1,2,65,1,1,2,1,0,0,1,62,1,1,1,51,0,0
46,460104,2,2,1,29,11,17,20,12,2,1,0,46,2,22,403,22403,14,2006,2CKDL63F7661,2,C,K,D,L,6,3,F,7,6,6,1,0,P,PONT,TOR,UT,6,17,3660,,0,1125,,G,,F,6,207,,,16R235,,,,,,0,0,000000000,00000000000,0,0,0,1,0,0,0,0,0,0,0,65,0,0,0,12,6,2,12,0,0,0,1,46,57349,6,1,0,0,3,1,72,175,0,2,1,0,0,1,2010,1,2010,0,28,0,0,0,1,2,65,1,1,2,1,0,0,1,10,1,1,2,50,1,0
46,460105,1,1,1,2,12,4,58,1,0,1,0,46,1,20,2,20002,4,2005,2G1WF52E3591,2,G,1,W,F,5,2,E,3,5,9,1,0,P,CHEV,IMP,4D,5,17,3389,,0,1105,,G,,F,6,207,,,16R225,,,,,,0,0,000000000,00000000000,0,0,0,1,0,0,0,0,0,0,0,998,0,1,5,0,6,2,1,0,0,0,1,46,57273,1,1,0,0,2,0,69,200,0,3,1,1,0,11,2011,9,2012,0,58,0,0,0,1,2,55,2,2,2,1,0,0,14,12,9,1,4,6,1,1
46,460106,1,1,1,3,12,0,45,35,0,1,0,46,1,20,2,20002,4,2003,2G1WH52K6392,2,G,1,W,H,5,2,K,6,3,9,2,0,P,CHEV,IPL,4D,3,17,3466,,0,1105,,G,,F,6,231,,,16R225,,,,,,0,0,000000000,00000000000,0,0,0,1,0,0,0,0,0,0,0,103,0,1,5,12,6,2,1,0,0,0,1,46,57058,6,1,0,0,3,1,66,130,1,0,0,0,0,9,2011,9,2011,1,0,0,0,0,1,2,65,3,2,2,1,0,0,14,13,1,1,4,1,1,1
46,460107,1,3,2,7,12,10,34,12,2,1,0,46,2,12,471,12471,30,1993,1FTCR10A4PPA,1,F,T,C,R,1,0,A,4,P,P,A,0,T,FORD,RNG,PK,93,17,,1,1139,1079,RNG,G,,,4,140,,,,B,2918,01,A,42,0,0,000000000,00000000000,0,0,0,1,0,0,0,0,0,0,0,50,0,0,0,12,6,2,12,0,0,0,1,46,57428,6,1,0,0,3,0,72,189,0,0,0,0,0,0,0,0,0,0,51,0,0,0,1,2,65,1,1,1,10,0,0,1,10,1,1,2,50,2,0
46,460107,2,3,1,7,12,10,34,12,2,1,0,46,3,20,461,20461,21,2011,1GCWGFBA3B11,1,G,C,W,G,F,B,A,3,B,1,1,0,T,CHEV,E25,CG,11,17,,2,0,1350,EXP,F,,,8,293,,,,C,5338,00,,42,0,0,000000000,00000000000,0,0,0,1,0,0,0,0,0,0,0,62,0,0,0,12,6,2,12,0,0,0,1,46,57401,6,1,0,0,3,1,70,200,0,0,0,0,0,0,0,0,0,0,0,0,0,0,1,2,65,1,1,1,10,0,0,1,62,1,1,1,51,0,0
46,460107,3,3,2,7,12,10,34,12,2,1,0,46,1,12,481,12481,31,1999,1FTNW21F8XEA,1,F,T,N,W,2,1,F,8,X,E,A,0,T,FORD,F2S,CW,99,17,,2,1724,1562,SRW,D,,,8,444,,,,C,5935,01,E,44,0,0,000000000,00000000000,0,0,0,1,0,0,0,0,0,0,0,50,0,0,0,12,6,2,12,0,0,0,1,46,57452,6,1,6,0,3,0,69,210,0,0,0,0,0,0,0,0,0,0,0,0,0,0,1,2,65,1,1,1,10,0,0,1,13,7,1,4,98,0,0
46,460108,1,1,1,7,12,0,55,1,0,1,0,46,3,7,482,7482,31,2010,3D7UT2CL1AG1,3,D,7,U,T,2,C,L,1,A,G,1,0,T,DODG,250,CW,10,17,,2,1690,1490,RPC,D,,,6,408,,,,C,6232,02,7,44,0,0,000000000,00000000000,0,0,0,1,0,0,0,0,0,0,0,62,0,1,5,0,6,2,1,0,0,0,1,46,57701,6,1,6,0,3,1,70,170,0,1,0,1,0,10,2010,11,2010,0,58,0,0,0,1,2,55,1,1,4,1,0,0,1,13,9,1,4,1,1,1
46,460109,1,2,2,9,12,17,41,12,6,1,0,46,2,20,481,20481,31,2002,1GCHK23U62F1,1,G,C,H,K,2,3,U,6,2,F,1,0,T,CHEV,2KH,CW,2,17,,2,1670,1530,SIL,G,,,8,364,,,,C,5753,00,,44,0,0,000000000,00000000000,0,0,0,1,0,0,0,0,0,0,0,50,0,0,0,3,6,2,12,0,0,0,1,46,57601,6,1,0,0,3,0,68,190,0,0,0,0,0,0,0,0,0,1,28,0,0,0,1,2,65,1,2,2,4,0,0,1,6,1,4,2,64,1,0
46,460109,2,2,2,9,12,17,41,12,6,1,0,46,3,12,870,12870,61,2006,1FDXE45P56HA,1,F,D,X,E,4,5,P,5,6,H,A,0,T,FORD,4DC,YY,6,17,,4,1760,1580,CTV,D,,,8,366,,,,,00000,00,K,42,0,88,888888888,88888888888,2,1,97,1,0,0,0,0,0,6,0,50,0,0,0,1,6,2,12,0,0,0,1,46,57601,6,1,0,0,3,0,69,168,0,0,0,0,0,0,0,0,0,0,0,0,0,0,1,2,65,1,2,2,4,0,0,1,62,6,1,1,65,0,0
46,460110,1,1,2,3,12,12,44,1,0,1,0,46,2,22,20,22020,4,1998,1G2WP5210WF2,1,G,2,W,P,5,2,1,0,W,F,2,0,P,PONT,GTP,4D,98,17,3414,,0,1105,,G,,Z,6,231,,,16R225,,,,,,0,0,000000000,00000000000,0,0,0,1,0,0,0,0,0,0,0,64,0,1,5,0,6,2,1,0,0,0,1,46,57714,0,0,0,0,0,0,999,999,0,0,0,0,0,0,0,0,0,1,58,0,0,0,1,2,50,1,1,4,1,0,0,1,6,7,2,4,7,1,1
46,460111,1,3,1,18,12,7,0,12,6,1,0,46,2,6,51,6051,4,2006,2C3KA53G96H3,2,C,3,K,A,5,3,G,9,6,H,3,0,P,CHRY,3TR,4D,6,17,3651,,0,1200,,G,,F,6,214,,,17R215,,,,,,0,0,000000000,00000000000,0,0,0,1,0,0,0,0,0,0,0,65,0,0,0,12,6,2,12,0,0,0,1,46,57332,6,1,0,0,3,0,62,120,0,0,0,0,0,0,0,0,0,1,28,0,0,0,2,2,75,3,2,1,4,0,0,14,6,8,2,2,64,1,0
46,460111,2,3,1,18,12,7,0,12,6,1,0,46,3,87,881,87881,63,2000,2NPNHZ8X3YM5,2,N,P,N,H,Z,8,X,3,Y,M,5,0,T,PTRB,330,CC,0,17,,8,0,0,CON,D,,,6,505,,,,,00000,00,,42,0,57,62017,5762017,3,1,7,1,0,0,0,0,0,0,0,50,0,0,0,9,6,2,12,0,0,0,1,46,57069,6,1,6,0,3,0,69,170,0,0,0,0,1,2,2011,2,2011,0,0,0,0,0,2,2,75,2,2,1,4,0,0,14,62,2,1,1,65,0,0
46,460111,3,3,2,18,12,7,0,12,6,1,0,46,1,23,421,23421,15,2007,1GKFK63807J3,1,G,K,F,K,6,3,8,0,7,J,3,0,T,GMC,NAL,4W,7,17,,2,0,1160,YUK,G,,,8,378,,,,B,5687,00,S,44,0,0,000000000,00000000000,0,0,0,1,0,0,0,0,0,0,0,50,0,0,0,12,6,2,54,0,0,0,1,46,57049,6,1,0,0,3,0,71,175,0,0,0,0,0,0,0,0,0,0,0,0,0,0,2,2,75,3,2,1,4,0,0,14,90,1,1,1,98,0,0
46,460112,1,1,3,18,12,7,5,1,0,1,0,46,3,12,461,12461,21,2010,1FTSE3ELXADA,1,F,T,S,E,3,E,L,X,A,D,A,0,T,FORD,3SD,CG,10,17,,2,0,1380,VAN,G,,,8,330,,,,D,5340,00,E,42,0,0,000000000,00000000000,0,0,0,1,0,0,0,0,0,0,0,80,0,1,3,0,6,2,1,0,0,0,1,46,57104,6,1,0,0,3,1,65,140,1,0,0,0,0,5,2011,5,2011,1,0,0,0,0,2,2,75,1,1,1,4,0,0,1,6,6,3,4,7,1,0
46,460113,1,1,1,18,12,7,38,1,0,1,0,46,1,20,473,20473,30,2004,1GCDT1361481,1,G,C,D,T,1,3,6,1,4,8,1,0,T,CHEV,RDO,CW,4,17,,1,0,1260,CAL,G,,,5,214,,,,,5300,00,,44,0,0,000000000,00000000000,0,0,0,1,0,0,0,0,0,0,0,65,0,1,3,0,6,2,1,0,0,0,1,46,51001,6,1,0,0,3,1,61,125,0,3,1,1,1,6,2010,12,2010,1,0,0,0,0,2,2,75,1,2,1,4,0,0,1,6,1,3,4,7,1,0
46,460114,1,2,1,20,12,12,35,12,6,1,0,46,2,7,880,7880,67,2008,3D7MX49A28G1,3,D,7,M,X,4,9,A,2,8,G,1,1,T,DODG,ME3,CW,8,17,,3,0,1605,RPC,D,,,6,408,,,,D,00000,00,E,44,1,88,888888888,88888888888,2,4,1,1,0,0,0,0,0,0,0,41,0,0,0,12,6,2,12,0,0,0,1,46,57201,6,1,0,0,3,0,73,190,1,2,1,3,2,12,2009,9,2012,0,39,0,0,0,1,2,65,1,1,2,1,20,3,1,66,1,1,1,88,1,0
46,460114,2,2,1,20,12,12,35,12,6,1,0,46,3,82,881,82881,62,2009,1FVACWDT09HA,1,F,V,A,C,W,D,T,0,9,H,A,0,T,FRHT,16M,CC,9,17,,6,0,0,FM2,D,,,6,409,,,,,00000,00,,42,0,57,210895,57210895,2,1,1,1,0,0,0,0,0,0,0,64,0,0,0,9,6,2,12,0,0,0,1,31,68776,6,1,6,0,3,0,73,220,0,0,0,0,0,0,0,0,0,0,0,0,0,0,1,2,65,1,1,2,1,0,0,1,17,1,1,1,89,0,0
46,460115,1,2,1,6,12,17,13,12,6,1,0,46,1,20,37,20037,4,2001,1G1ND52J9162,1,G,1,N,D,5,2,J,9,1,6,2,0,P,CHEV,MAL,4D,1,17,3051,,0,1070,,G,,F,6,191,,,15R215,,,,,,0,0,000000000,00000000000,0,0,0,1,0,0,0,0,0,0,0,22,0,0,0,9,6,2,12,0,0,0,1,46,57033,6,1,0,0,3,0,72,235,0,0,0,0,0,0,0,0,0,0,39,0,0,0,1,2,55,1,1,2,1,0,0,1,66,1,1,1,89,1,0
46,460115,2,2,2,6,12,17,13,12,6,1,0,46,2,12,481,12481,31,2006,1FTPX14V96KD,1,F,T,P,X,1,4,V,9,6,K,D,0,T,FORD,F15,4C,6,17,,2,0,1450,COF,F,,,8,329,,,,B,4297,16,E,44,0,0,000000000,00000000000,0,0,0,1,0,0,0,0,0,0,0,68,0,1,5,12,6,2,12,0,0,0,1,46,57022,6,1,0,0,3,1,72,205,0,0,0,0,0,0,0,0,0,0,0,0,0,0,5,2,65,1,1,1,1,20,3,1,17,8,1,1,88,0,0
46,460116,1,1,1,22,12,18,30,35,0,1,0,46,1,19,421,19421,15,2004,1GYEK63N34R2,1,G,Y,E,K,6,3,N,3,4,R,2,0,P,CADI,ESC,UT,4,17,5571,,0,1160,,G,,F,8,364,,,17R265,,,,,,0,0,000000000,00000000000,0,0,0,1,0,0,0,0,0,0,0,55,0,1,5,12,6,2,35,0,0,0,1,46,57062,6,1,0,0,3,1,66,140,0,2,1,0,0,9,2010,9,2010,0,0,0,0,0,1,2,55,1,1,4,1,0,0,1,13,1,1,4,1,1,1
46,460117,1,2,1,27,12,8,29,12,2,1,0,46,3,12,481,12481,31,2010,1FTFX1EV5AFA,1,F,T,F,X,1,E,V,5,A,F,A,0,T,FORD,F15,4C,10,17,,2,1630,1330,COF,F,,,8,329,,,,B,5522,00,7,44,0,0,000000000,00000000000,0,0,0,1,0,0,0,0,0,0,0,54,0,0,0,12,6,2,12,0,0,0,1,31,69343,6,1,6,0,3,0,70,185,0,0,0,4,0,12,2010,11,2011,0,35,0,0,0,1,2,65,1,1,2,3,0,0,6,10,3,1,2,50,0,0
46,460117,2,2,1,27,12,8,29,12,2,1,0,35,1,63,34,63034,4,2012,5XXGR4A65CG0,5,X,X,G,R,4,A,6,5,C,G,0,0,P,KIA,OSX,4D,12,17,3385,,0,1100,,G,,T,4,122,,,18R225,,,,,,0,0,000000000,00000000000,0,0,0,1,0,0,0,0,0,0,0,998,0,0,0,12,6,2,12,0,0,0,1,35,87109,6,1,0,0,3,1,70,180,98,0,0,0,0,0,0,0,0,0,0,0,0,0,1,2,65,1,1,2,3,0,0,1,62,3,1,1,51,1,0
46,460119,1,1,2,31,8,22,37,1,0,1,0,92,0,18,2,18002,4,1995,1G4HR52L1SH4,1,G,4,H,R,5,2,L,1,S,H,4,0,P,BUIC,LLF,4D,95,17,3442,,0,1108,,G,,F,6,231,,,15R205,,,,,,0,0,000000000,00000000000,0,0,0,1,0,0,0,0,0,0,0,49,0,1,5,0,6,2,1,0,0,0,1,46,57764,1,1,0,0,2,0,999,999,0,2,1,0,0,5,2011,5,2011,0,0,0,0,0,1,2,65,1,1,2,1,0,0,1,13,6,1,4,1,1,1
47,470001,1,1,1,4,1,99,99,42,0,1,0,47,1,20,471,20471,30,1998,1GCCS19X3W81,1,G,C,C,S,1,9,X,3,W,8,1,0,T,CHEV,S14,PC,98,17,,1,0,1229,S,G,,,6,262,,,,B,3222,00,,42,0,0,000000000,00000000000,0,0,0,1,0,0,0,0,0,0,0,998,0,1,5,6,6,2,42,0,0,0,1,47,38351,6,1,6,0,3,0,72,235,0,0,0,0,0,0,0,0,0,0,0,0,0,0,1,2,55,2,1,2,1,0,0,14,13,99,1,4,1,1,1
47,470002,1,1,2,2,1,20,43,35,0,1,0,47,2,2,403,2403,14,1998,1J4FY19S2WP7,1,J,4,F,Y,1,9,S,2,W,P,7,0,T,JEEP,SPW,2W,98,17,,1,0,934,W/T,G,,,6,242,,,,,3174,00,E,44,0,0,000000000,00000000000,0,0,0,1,0,0,0,0,0,0,0,998,0,1,5,1,6,2,1,0,0,1,1,13,31805,6,1,0,0,3,0,69,190,98,0,0,0,0,0,0,0,0,0,51,89,0,0,1,2,55,3,6,2,1,0,0,14,12,6,1,4,6,1,1
47,470003,1,1,1,4,1,17,7,8,0,1,0,47,1,49,401,49401,14,2001,JT3HN87R7103,J,T,3,H,N,8,7,R,7,1,0,3,0,P,TOYT,RUN,UT,1,17,3975,,0,1053,,G,,F,6,206,,,16R265,,,,,,0,0,000000000,00000000000,0,0,0,1,0,0,0,0,0,0,0,998,0,0,0,12,4,3,8,0,0,0,1,47,37849,6,1,0,0,3,0,68,212,0,0,0,0,0,0,0,0,0,0,0,0,0,0,1,2,30,1,1,2,1,0,0,1,80,1,1,1,13,0,0
47,470005,1,1,1,2,1,19,31,30,0,1,0,47,2,12,16,12016,4,2003,2FAHP71W13X2,2,F,A,H,P,7,1,W,1,3,X,2,0,P,FORD,CVP,4D,3,17,3946,,0,1147,,G,,F,8,281,,,16R225,,,,,,0,0,000000000,00000000000,0,0,0,1,0,0,0,0,0,0,0,998,0,0,0,1,6,2,30,0,0,0,1,47,37914,6,1,0,0,3,0,66,145,0,0,0,6,0,7,2009,7,2011,1,99,99,99,99,3,2,35,2,1,2,1,1,3,14,6,1,1,4,6,1,1
47,470006,1,1,2,6,1,21,15,34,0,1,0,47,2,37,31,37031,4,1999,2HGEJ6679XH5,2,H,G,E,J,6,6,7,9,X,H,5,0,P,HOND,UCL,4D,99,17,2456,,0,1032,,G,,F,4,097,,,14R185,,,,,,0,0,000000000,00000000000,0,0,0,1,0,0,0,0,0,0,0,998,0,1,5,1,6,2,1,0,0,0,1,47,37725,0,0,0,0,0,0,999,999,99,99,99,99,99,99,9999,99,9999,0,0,0,0,0,2,2,70,1,6,2,1,0,0,1,9,99,1,4,1,1,1
47,470007,1,1,1,10,1,11,25,35,0,1,0,47,1,20,20,20020,4,1996,2G1WL52MXT11,2,G,1,W,L,5,2,M,X,T,1,1,0,P,CHEV,LUM,4D,96,17,3330,,0,1075,,G,,F,6,191,,,15R205,,,,,,0,0,000000000,00000000000,0,0,0,1,0,0,0,0,0,0,0,998,0,1,5,12,6,2,1,0,0,0,1,47,38450,6,1,0,0,3,0,73,165,0,0,0,0,0,0,0,0,0,0,0,0,0,0,1,2,55,1,6,2,1,0,0,1,13,99,1,4,1,1,0
47,470008,1,1,3,1,1,0,3,33,0,1,0,47,2,37,32,37032,4,1999,1HGCG5657XA1,1,H,G,C,G,5,6,5,7,X,A,1,0,P,HOND,UEX,4D,99,17,3086,,0,1069,,G,,F,4,138,,,15R195,,,,,,0,0,000000000,00000000000,0,0,0,1,0,0,0,0,0,0,0,998,0,1,5,11,6,2,1,0,0,0,1,47,38135,6,1,0,0,3,0,64,130,0,0,0,0,1,9,2011,9,2011,0,6,36,0,0,9,4,40,3,1,2,2,0,0,14,9,99,1,4,6,1,1
47,470009,1,2,1,4,1,13,1,12,2,1,0,47,1,41,471,41471,30,1988,JM2UF1137J03,J,M,2,U,F,1,1,3,7,J,0,3,0,T,MAZD,22S,PK,88,17,,1,0,1087,B22,G,,,4,133,,,,,2531,01,A,42,0,0,000000000,00000000000,0,0,0,1,0,0,0,0,0,0,0,998,0,0,0,12,6,2,12,0,0,0,1,47,37912,6,1,0,0,3,3,70,203,0,0,0,0,0,0,0,0,0,0,28,0,0,0,1,2,40,1,5,2,1,0,0,1,10,99,1,1,50,1,0
47,470009,2,2,1,4,1,13,1,12,2,1,0,47,1,12,481,12481,31,1996,1FTEF15N3TLA,1,F,T,E,F,1,5,N,3,T,L,A,0,T,FORD,F15,PK,96,17,,2,1330,1170,COF,G,,,8,302,,,,B,4065,00,M,42,0,0,000000000,00000000000,0,0,0,1,0,0,0,0,0,0,0,998,0,0,0,12,6,2,12,0,0,0,1,47,37912,6,1,0,0,3,0,69,315,0,0,0,0,0,0,0,0,0,0,0,0,0,0,1,2,40,1,6,2,1,0,0,1,62,99,1,1,51,0,0
47,470010,1,4,1,6,1,17,55,12,6,1,0,47,1,49,40,49040,4,2005,4T1BE30K25U9,4,T,1,B,E,3,0,K,2,5,U,9,0,P,TOYT,XLL,4D,5,17,3108,,0,1071,,G,,F,4,144,,,15R205,,,,,,0,0,000000000,00000000000,0,0,0,1,0,0,0,0,0,0,0,998,0,0,0,12,6,2,12,0,0,0,1,47,37861,6,1,0,0,3,0,66,175,0,0,0,0,0,0,0,0,0,0,0,0,0,0,2,2,55,1,1,2,1,0,0,1,62,99,1,1,69,0,0
47,470010,2,4,2,6,1,17,55,12,6,1,0,47,1,49,43,49043,4,1995,4T1GB10E3SU0,4,T,1,G,B,1,0,E,3,S,U,0,0,P,TOYT,UAL,4D,95,17,3265,,0,1071,,G,,F,6,183,,,15R205,,,,,,0,0,000000000,00000000000,0,0,0,1,0,0,0,0,0,0,0,998,0,0,0,12,6,2,12,0,0,0,1,47,37879,6,1,0,0,3,2,71,220,1,0,0,0,1,12,2010,1,2011,0,74,0,0,0,2,2,55,1,1,2,1,0,0,1,62,99,1,1,98,0,0
47,470010,3,4,1,6,1,17,55,12,6,1,0,47,1,35,471,35471,30,1992,1N6SD11SXNC3,1,N,6,S,D,1,1,S,X,N,C,3,0,T,NISS,SWB,PK,92,17,,1,0,1043,TRK,G,,,4,146,,,,B,2750,01,A,42,0,0,000000000,00000000000,0,0,0,1,0,0,0,0,0,0,0,998,2,1,1,5,6,2,1,0,0,0,1,47,37708,6,1,0,0,3,3,66,130,0,0,0,0,0,0,0,0,0,0,38,0,0,0,2,2,55,1,1,2,1,0,0,11,15,99,1,2,68,1,1
47,470010,4,4,2,6,1,17,55,12,6,1,0,47,2,24,7,24007,4,2006,1G8AJ55F56Z2,1,G,8,A,J,5,5,F,5,6,Z,2,0,P,STRN,SI2,4D,6,17,2802,,0,1035,,G,,F,4,134,,,15R195,,,,,,0,0,000000000,00000000000,0,0,0,1,0,0,0,0,0,0,0,0,0,0,0,9,6,2,12,0,0,0,1,47,37708,6,1,0,0,3,0,65,165,0,0,0,0,0,0,0,0,0,0,0,0,0,0,1,2,35,1,2,2,1,20,3,5,67,99,1,1,98,0,0
47,470011,1,2,1,26,1,22,10,12,6,1,0,47,1,7,472,7472,30,1993,1B7FL26XXPS1,1,B,7,F,L,2,6,X,X,P,S,1,0,T,DODG,DAK,PK,93,17,,1,1239,1119,DAK,G,,,6,239,,,,B,2885,01,A,42,0,0,000000000,00000000000,0,0,0,1,0,0,0,0,0,0,0,998,0,0,0,12,6,2,12,0,0,0,1,47,38329,2,1,2,0,2,0,66,190,1,5,1,1,2,6,2010,6,2011,0,39,0,0,0,1,2,55,1,6,2,2,20,3,1,19,99,1,2,86,1,1
47,470011,2,2,1,26,1,22,10,12,6,1,0,93,3,84,881,84881,66,2006,2HSCEAPR16C2,2,H,S,C,E,A,P,R,1,6,C,2,1,T,INTL,92I,TR,6,17,,8,0,0,920,D,,,6,915,,,,,00000,00,,64,1,57,00506791,5700506791,3,6,3,1,0,0,0,0,0,0,0,998,0,0,0,1,6,2,12,0,0,0,1,47,38357,6,1,6,0,3,0,72,180,0,0,0,0,0,0,0,0,0,0,0,0,0,0,1,2,55,1,1,2,2,0,0,1,68,8,1,2,87,0,0
47,470012,1,2,1,29,1,2,40,12,1,1,0,24,3,51,881,51881,66,1998,4VG7DBRH9WN7,4,V,G,7,D,B,R,H,9,W,N,7,1,T,VOLV,VVN,TR,98,17,,8,0,0,VVN,D,,,6,774,,,,,00000,00,,64,1,57,01123005,5701123005,3,6,1,1,0,0,0,0,0,0,0,998,0,0,0,6,4,1,12,0,0,0,1,24,21213,6,1,6,0,3,0,66,999,0,0,0,0,0,0,0,0,0,0,0,0,0,0,2,2,55,1,1,2,1,0,0,1,53,99,1,1,25,0,0
47,470012,2,2,1,29,1,2,40,12,1,1,0,47,1,63,37,63037,6,2010,KNDJT2A25A70,K,N,D,J,T,2,A,2,5,A,7,0,0,P,KIA,SOU,UT,10,17,2800,,0,1004,,G,,F,4,122,,,16R205,,,,,,0,0,000000000,00000000000,0,0,0,1,0,0,0,0,0,0,0,998,0,1,3,12,6,2,1,0,0,0,1,47,37663,6,1,0,0,3,0,76,270,0,0,0,0,0,0,0,0,0,1,38,58,0,0,2,2,65,1,1,2,1,0,0,1,6,99,1,1,24,1,1
47,470013,1,2,2,6,1,23,42,12,8,1,0,47,1,12,401,12401,14,2004,1FMZU64K94UA,1,F,M,Z,U,6,4,K,9,4,U,A,0,P,FORD,EPR,UT,4,17,4094,,0,1137,,F,,F,6,245,,,17R245,,,,,,0,0,000000000,00000000000,0,0,0,1,0,0,0,0,0,0,0,998,0,0,0,11,6,2,12,0,0,0,1,47,37849,6,1,0,0,3,0,75,214,0,0,0,0,0,0,0,0,0,0,0,0,0,0,1,2,30,1,3,2,1,0,0,1,62,99,1,1,65,0,0
47,470013,2,2,1,6,1,23,42,12,8,1,0,47,1,72,706,72706,80,2007,1HD1FV4157Y7,1,H,D,1,F,V,4,1,5,7,Y,7,0,M,HD,FHT,RS,7,17,,,,,,,1584,,2,,4,738,,,,,,,0,0,000000000,00000000000,0,0,0,1,0,0,0,0,0,0,0,998,0,0,0,11,6,2,12,0,0,0,1,47,37938,6,1,0,0,3,0,75,200,0,0,0,0,0,0,0,0,0,0,28,0,0,0,1,2,30,1,3,2,1,0,0,6,10,99,1,1,64,1,1
47,470014,1,2,2,11,1,14,49,12,6,1,0,47,2,52,34,52034,4,2001,4A3AA46GX1E0,4,A,3,A,A,4,6,G,X,1,E,0,0,P,MITS,GES,4D,1,17,3075,,0,1037,,G,,F,4,143,,,15R195,,,,,,0,0,000000000,00000000000,0,0,0,1,0,0,0,0,0,0,0,998,0,0,0,3,6,2,12,0,0,0,1,47,38128,0,0,0,0,0,0,72,175,0,0,0,0,0,0,0,0,0,0,48,0,0,0,5,6,40,1,1,2,2,1,3,11,15,99,1,2,68,1,0
47,470014,2,2,2,11,1,14,49,12,6,1,0,47,3,7,24,7024,4,2011,2B3CL1CTXBH5,2,B,3,C,L,1,C,T,X,B,H,5,0,P,DODG,CPO,4D,11,17,0,,0,1200,,G,,F,8,348,,,18R225,,,,,,0,0,000000000,00000000000,0,0,0,1,0,0,0,0,0,5,0,1,0,0,0,12,6,2,12,0,0,0,1,47,38133,6,1,0,0,3,0,69,180,0,0,0,0,0,0,0,0,0,0,0,0,0,0,5,6,40,1,1,2,2,1,3,1,62,99,1,1,69,0,0
47,470015,1,2,1,12,1,7,15,12,2,1,0,47,2,24,3,24003,6,1999,1G8ZK5272XZ1,1,G,8,Z,K,5,2,7,2,X,Z,1,0,P,STRN,SL2,4D,99,17,2418,,0,1024,,G,,F,4,116,,,15R185,,,,,,0,0,000000000,00000000000,0,0,0,1,0,0,0,0,0,0,0,998,0,0,0,12,6,2,12,0,0,0,1,47,38553,3,1,0,0,2,1,61,138,0,0,0,0,0,0,0,0,0,0,28,0,0,0,1,2,55,2,6,2,2,0,0,14,10,99,1,2,50,1,0