STATE,ST_CASE,VEH_NO,VE_FORMS,NUMOCCS,DAY,MONTH,HOUR,MINUTE,HARM_EV,MAN_COLL,UNITTYPE,HIT_RUN,REG_STAT,OWNER,MAKE,MODEL,MAK_MOD,BODY_TYP,MOD_YEAR,VIN,VIN_1,VIN_2,VIN_3,VIN_4,VIN_5,VIN_6,VIN_7,VIN_8,VIN_9,VIN_10,VIN_11,VIN_12,TOW_VEH,VINTYPE,VINMAKE,VINA_MOD,VIN_BT,VINMODYR,VIN_LNGT,VIN_WGT,WGTCD_TR,WHLBS_LG,WHLBS_SH,SER_TR,FUELCODE,MCYCL_DS,CARBUR,CYLINDER,DISPLACE,MCYCL_CY,MCYCL_WT,TIRE_SZE,TON_RAT,TRK_WT,TRKWTVAR,VIN_REST,WHLDRWHL,J_KNIFE,MCARR_I1,MCARR_I2,MCARR_ID,GVWR,V_CONFIG,CARGO_BT,HAZ_INV,HAZ_PLAC,HAZ_ID,HAZ_CNO,HAZ_REL,BUS_USE,SPEC_USE,EMER_USE,TRAV_SP,UNDERIDE,ROLLOVER,ROLINLOC,IMPACT1,DEFORMED,TOWED,M_HARM,VEH_SC1,VEH_SC2,FIRE_EXP,DR_PRES,L_STATE,DR_ZIP,L_STATUS,L_TYPE,CDL_STAT,L_ENDORS,L_COMPL,L_RESTRI,DR_HGT,DR_WGT,PREV_ACC,PREV_SUS,PREV_DWI,PREV_SPD,PREV_OTH,FIRST_MO,FIRST_YR,LAST_MO,LAST_YR,SPEEDREL,DR_SF1,DR_SF2,DR_SF3,DR_SF4,VTRAFWAY,VNUM_LAN,VSPD_LIM,VALIGN,VPROFILE,VPAVETYP,VSURCOND,VTRAFCON,VTCONT_F,P_CRASH1,P_CRASH2,P_CRASH3,PCRASH4,PCRASH5,ACC_TYPE,DEATHS,DR_DRINK
47,470048,3,3,2,30,1,17,40,12,6,1,0,47,1,7,41,7041,4,2004,2B3HD46RX4H6,2,B,3,H,D,4,6,R,X,4,H,6,0,P,DODG,ISE,4D,4,17,3329,,0,1130,,G,,F,6,167,,,16R225,,,,,,0,0,000000000,00000000000,0,0,0,1,0,0,0,0,0,0,0,998,0,0,0,1,4,1,12,0,0,0,1,47,37130,6,1,0,0,3,0,64,145,1,0,0,1,0,10,2009,2,2011,0,0,0,0,0,3,4,70,1,1,2,1,0,0,1,60,1,1,1,98,0,0
47,470049,1,3,1,6,2,11,57,12,6,1,0,47,2,49,471,49471,30,1993,4TARN81A3PZ0,4,T,A,R,N,8,1,A,3,P,Z,0,0,T,TOYT,USS,PK,93,17,,1,0,1029,UHT,G,,,4,144,,,,B,2640,00,A,42,0,0,000000000,00000000000,0,0,0,1,0,0,0,0,0,0,0,998,0,0,0,11,6,2,12,0,0,0,1,47,37709,1,1,0,0,2,0,67,340,0,0,0,0,0,0,0,0,0,0,51,0,0,0,2,2,45,1,2,2,1,0,0,98,10,1,1,2,64,1,0
47,470049,2,3,1,6,2,11,57,12,6,1,0,47,1,12,481,12481,31,1997,1FTDX18W8VNC,1,F,T,D,X,1,8,W,8,V,N,C,0,T,FORD,F15,3C,97,17,,1,1570,1390,COF,G,,,8,281,,,,B,4480,01,E,44,0,0,000000000,00000000000,0,0,0,1,0,0,0,0,0,0,0,998,0,0,0,11,6,2,12,0,0,0,1,47,37745,6,1,0,0,3,0,72,260,0,0,0,0,0,0,0,0,0,0,0,0,0,0,2,2,45,1,2,2,1,0,0,1,62,1,1,1,65,0,0
47,470049,3,3,2,6,2,11,57,12,6,1,0,47,3,20,37,20037,4,2000,1G1ND52J5Y62,1,G,1,N,D,5,2,J,5,Y,6,2,0,P,CHEV,MAL,4D,0,17,3051,,0,1070,,G,,F,6,191,,,15R215,,,,,,0,0,000000000,00000000000,0,0,0,1,0,0,0,0,0,0,0,998,0,0,0,7,2,1,54,0,0,0,1,47,37745,6,1,0,0,3,1,69,240,0,0,0,0,0,0,0,0,0,0,0,0,0,0,2,2,45,1,2,2,1,0,0,1,62,1,1,1,98,0,0
47,470050,1,1,1,22,1,19,0,31,0,1,0,47,1,72,706,72706,80,2007,1HD1KB4147Y6,1,H,D,1,K,B,4,1,4,7,Y,6,0,M,HD,FHX,RS,7,17,,,,,,,1584,,2,,4,733,,,,,,,0,0,000000000,00000000000,0,0,0,1,0,0,0,0,0,0,0,998,0,0,0,99,6,2,31,0,0,0,1,47,37642,6,1,0,0,3,0,84,250,0,0,0,0,0,0,0,0,0,0,99,99,99,99,1,2,45,2,1,2,1,0,0,14,12,99,1,4,6,1,1
47,470051,1,1,1,28,1,12,45,42,0,1,0,47,1,49,401,49401,14,1994,JT3VN29V7R00,J,T,3,V,N,2,9,V,7,R,0,0,0,P,TOYT,RUN,UT,94,17,3820,,0,1033,,G,,F,6,180,,,15R225,,,,,,0,0,000000000,00000000000,0,0,0,1,0,0,0,0,0,0,0,998,0,1,5,1,6,2,42,0,0,0,1,47,37025,6,1,0,0,3,0,73,185,2,0,1,0,0,5,2010,10,2011,1,6,0,0,0,1,3,55,3,6,2,1,0,0,14,13,1,1,4,1,1,0
47,470052,1,2,1,25,1,15,59,12,2,1,0,47,2,37,31,37031,2,1995,1HGEJ1126SL0,1,H,G,E,J,1,1,2,6,S,L,0,0,P,HOND,CEX,CP,95,17,2371,,0,1032,,G,,F,4,097,,,14R185,,,,,,0,0,000000000,00000000000,0,0,0,1,0,0,0,0,0,0,0,998,0,0,0,12,6,2,12,0,0,0,1,47,38506,6,1,0,0,3,0,68,150,1,0,0,0,0,12,2009,12,2009,0,51,0,0,0,1,2,55,1,1,2,2,0,0,1,10,1,1,2,50,1,0
47,470052,2,2,3,25,1,15,59,12,2,1,0,47,1,7,442,7442,20,2001,2B8GP54L81R1,2,B,8,G,P,5,4,L,8,1,R,1,0,T,DODG,GES,ES,1,17,,1,0,1193,CAR,G,,,6,230,,,,,4118,00,E,42,0,0,000000000,00000000000,0,0,0,1,0,0,0,0,0,0,0,998,0,0,0,12,6,2,12,0,0,0,1,47,38562,6,1,0,0,3,0,64,145,0,0,0,0,1,8,2009,8,2009,0,0,0,0,0,1,2,55,1,1,2,2,0,0,1,54,1,1,1,51,0,0
47,470053,1,1,1,1,1,12,2,7,0,1,0,47,1,72,706,72706,80,2010,1HD1FL416AB6,1,H,D,1,F,L,4,1,6,A,B,6,0,M,HD,FNS,RS,10,17,,,,,,,1584,,2,,4,889,,,,,,,0,0,000000000,00000000000,0,0,0,1,0,0,0,0,0,0,0,998,0,0,0,0,6,2,7,0,0,0,1,47,37080,6,1,0,0,3,0,70,210,0,0,0,0,0,0,0,0,0,0,79,0,0,0,6,2,40,2,1,1,1,0,0,15,98,3,4,4,0,1,0
47,470054,1,2,2,14,1,18,53,12,6,1,0,47,2,20,880,20880,67,2004,1GCJC391X4E1,1,G,C,J,C,3,9,1,X,4,E,1,0,T,CHEV,SC3,4C,4,17,,3,0,1575,SIL,D,,,8,403,,,,D,5951,00,,42,0,88,888888888,88888888888,2,1,97,1,0,0,0,0,0,0,0,998,0,0,0,12,6,2,12,0,0,0,1,47,37874,6,1,0,0,3,0,73,165,0,0,0,0,0,0,0,0,0,0,0,0,0,0,5,4,45,1,1,2,1,0,0,1,62,1,1,1,83,0,0
47,470054,2,2,2,14,1,18,53,12,6,1,0,47,1,35,472,35472,30,2012,1N6AD0EV6CC4,1,N,6,A,D,0,E,V,6,C,C,4,0,T,NISS,FVL,CW,12,17,,1,0,0,FRT,G,,,6,244,,,,,4410,00,7,44,0,0,000000000,00000000000,0,0,0,1,0,0,0,0,0,0,0,998,0,0,0,11,6,2,12,0,0,0,1,47,37354,6,1,0,0,3,1,73,341,0,0,0,0,0,0,0,0,0,0,38,0,0,0,5,4,45,1,1,2,1,0,0,11,15,1,1,1,82,1,0
47,470055,1,1,1,19,1,5,0,35,0,1,0,47,1,7,402,7402,14,2000,1B4HS28ZXYF1,1,B,4,H,S,2,8,Z,X,Y,F,1,0,P,DODG,DUR,UT,0,17,4462,,0,1159,,G,,F,8,360,,,15R235,,,,,,0,0,000000000,00000000000,0,0,0,1,0,0,0,0,0,0,0,998,0,1,5,1,6,2,1,0,0,0,1,47,38401,6,1,0,0,3,1,72,195,0,0,0,0,0,0,0,0,0,0,28,58,0,0,1,2,45,2,1,2,1,0,0,14,12,1,1,4,6,1,0
47,470056,1,1,1,5,2,2,30,32,0,1,0,40,3,19,18,19018,4,2007,1G6DM57T7701,1,G,6,D,M,5,7,T,7,7,0,1,0,P,CADI,C/T,4D,7,17,3509,,0,1134,,G,,F,6,171,,,16R225,,,,,,0,0,000000000,00000000000,0,0,0,1,0,0,0,0,0,0,0,998,0,1,5,14,6,2,1,0,0,0,1,47,38316,6,1,0,0,3,1,73,260,0,0,0,0,0,0,0,0,0,1,99,99,99,99,1,2,55,1,6,2,2,0,0,1,6,1,1,4,1,1,1
47,470057,1,1,1,6,2,99,99,42,0,1,0,47,1,20,481,20481,31,2000,2GCEK19T2Y12,2,G,C,E,K,1,9,T,2,Y,1,2,0,T,CHEV,SK1,3C,0,17,,2,1575,1435,SIL,G,,,8,325,,,,B,4621,02,,44,0,0,000000000,00000000000,0,0,0,1,0,0,0,0,0,0,0,998,0,0,0,12,6,2,42,0,0,0,1,47,38024,6,1,6,0,3,0,70,145,1,0,0,1,0,11,2010,8,2011,0,0,0,0,0,1,2,55,1,1,2,1,0,0,1,13,1,1,4,1,1,0
47,470058,1,1,1,5,2,99,99,42,0,1,0,47,1,12,401,12401,14,1998,1FMZU34E5WUC,1,F,M,Z,U,3,4,E,5,W,U,C,0,P,FORD,EPR,UT,98,17,4146,,0,1115,,G,,F,6,245,,,15R225,,,,,,0,0,000000000,00000000000,0,0,0,1,0,0,0,0,0,0,0,998,0,1,5,1,6,2,1,0,0,0,1,47,38012,6,1,0,0,3,0,68,150,0,0,0,0,0,0,0,0,0,1,58,0,0,0,1,2,55,1,6,2,99,0,0,99,13,6,4,4,7,1,1
47,470059,1,1,1,10,2,23,42,30,0,1,0,47,1,30,47,30047,3,2000,3VWCA21C6YM4,3,V,W,C,A,2,1,C,6,Y,M,4,0,P,VOLK,NGS,2H,0,17,2742,,0,989,,G,,F,4,121,,,16R205,,,,,,0,0,000000000,00000000000,0,0,0,1,0,0,0,0,0,0,0,998,0,0,0,12,6,2,30,0,0,0,1,47,37601,6,1,0,0,3,0,64,140,0,4,0,1,0,6,2009,5,2010,0,28,0,0,0,1,2,50,3,1,2,2,0,0,14,13,1,1,4,1,1,1
47,470060,1,2,1,14,1,3,42,12,98,1,0,93,3,87,881,87881,66,2001,1XP5D69X31N5,1,X,P,5,D,6,9,X,3,1,N,5,1,T,PTRB,379,TR,1,17,,8,0,0,CON,D,,,6,855,,,,,00000,00,,64,1,57,00640473,5700640473,3,6,1,1,0,0,0,0,0,0,0,998,0,0,0,12,6,2,12,0,0,1,1,28,38756,6,1,6,0,3,0,72,220,0,0,0,0,0,0,0,0,0,0,0,0,0,0,3,4,65,1,1,2,1,0,0,1,98,1,1,1,98,0,0
47,470060,2,2,1,14,1,3,42,12,98,1,0,47,1,49,472,49472,30,2003,5TEHN72N73Z2,5,T,E,H,N,7,2,N,7,3,Z,2,0,T,TOYT,DCL,CW,3,17,,1,0,1219,TAC,G,,,6,206,,,,B,3692,00,U,44,0,0,000000000,00000000000,0,0,0,1,0,0,0,0,0,0,0,0,0,0,0,14,6,2,2,0,0,1,1,47,37209,6,1,0,0,3,1,73,275,0,0,0,1,0,7,2010,7,2010,0,99,99,99,99,3,4,65,1,1,2,1,0,0,5,98,1,1,1,98,1,0
47,470061,1,1,1,9,2,10,16,42,0,1,0,47,1,53,706,53706,80,1983,JS1GU73A5D21,J,S,1,G,U,7,3,A,5,D,2,1,0,M,SUZI,SES,RS,83,17,,,,,,,1074,,4,,4,522,,,,,,,0,0,000000000,00000000000,0,0,0,1,0,0,0,0,0,0,0,998,0,0,0,98,6,2,42,0,0,0,1,47,38237,6,1,0,0,3,1,67,203,0,0,0,0,0,0,0,0,0,0,58,0,0,0,1,2,55,3,3,2,1,0,0,14,12,1,1,4,6,1,1
47,470062,1,1,1,9,2,15,10,8,0,1,0,47,1,37,32,37032,4,1997,1HGCD5650VA0,1,H,G,C,D,5,6,5,0,V,A,0,0,P,HOND,UEX,4D,97,17,2974,,0,1069,,G,,F,4,132,,,15R195,,,,,,0,0,000000000,00000000000,0,0,0,1,0,0,0,0,0,0,0,998,0,0,0,12,4,3,8,0,0,0,1,47,37601,6,1,0,0,3,1,60,114,0,0,0,0,0,0,0,0,0,0,0,0,0,0,1,2,45,1,6,2,1,97,8,1,80,1,1,1,13,0,0
47,470063,1,2,1,30,1,17,9,12,1,1,0,47,3,84,881,84881,71,2001,1HTSDADR91H3,1,H,T,S,D,A,D,R,9,1,H,3,0,T,INTL,490,CC,1,17,,8,2540,1280,40S,D,,,6,530,,,,,00000,00,,42,0,88,888888888,88888888888,2,19,96,1,0,0,0,0,0,7,1,0,0,0,0,6,6,2,8,41,0,0,1,47,38002,6,1,6,1,3,0,67,180,0,0,0,0,0,0,0,0,0,0,0,0,0,0,2,2,70,1,1,2,1,0,0,5,53,1,1,5,21,0,0
47,470063,2,2,2,30,1,17,9,12,1,1,0,8,1,12,481,12481,31,2011,1FT7W2BT2BEA,1,F,T,7,W,2,B,T,2,B,E,A,1,T,FORD,F2S,CW,11,17,,2,1724,1562,SRW,D,,,8,409,,,,C,6560,01,7,44,1,0,000000000,00000000000,0,0,0,1,0,0,0,0,0,0,0,998,0,0,0,12,6,2,54,0,0,0,1,8,80402,6,1,0,0,3,0,67,200,0,0,0,0,0,0,0,0,0,0,28,0,0,0,2,2,70,1,1,2,1,0,0,1,10,1,1,4,20,1,0
47,470064,1,2,1,11,2,16,51,12,6,1,0,47,1,12,481,12481,31,2004,1FTPW14514KD,1,F,T,P,W,1,4,5,1,4,K,D,0,T,FORD,F1S,CW,4,17,,2,1450,1260,COF,G,,,8,330,,,,B,5560,00,U,44,0,0,000000000,00000000000,0,0,0,1,0,0,0,0,0,0,0,998,0,0,0,12,6,2,12,0,0,0,1,47,37379,6,1,0,0,3,0,73,195,0,0,0,0,0,0,0,0,0,0,0,0,0,0,6,1,40,1,1,2,1,0,0,1,12,99,1,6,64,0,0
47,470064,2,2,1,11,2,16,51,12,6,1,0,13,2,20,2,20002,4,1996,1G1BL52P6TR1,1,G,1,B,L,5,2,P,6,T,R,1,0,P,CHEV,CIS,4D,96,17,4061,,0,1159,,G,,Z,8,350,,,15R215,,,,,,0,0,000000000,00000000000,0,0,0,1,0,0,0,0,0,0,0,998,0,0,0,9,6,2,12,0,0,0,1,47,37408,6,1,0,0,3,1,71,300,0,0,0,0,0,0,0,0,0,0,0,0,0,0,3,2,40,1,2,2,1,0,0,1,74,1,1,1,65,1,0
47,470065,1,1,1,4,2,99,99,38,0,1,0,47,1,22,17,22017,4,1991,1G2AF54T5M62,1,G,2,A,F,5,4,T,5,M,6,2,0,P,PONT,6LE,4D,91,17,2758,,0,1049,,G,,F,6,191,,,14R185,,,,,,0,0,000000000,00000000000,0,0,0,1,0,0,0,0,0,0,0,998,0,0,0,12,6,2,42,0,0,0,1,47,38059,6,1,0,0,3,0,68,160,0,0,0,0,0,0,0,0,0,0,28,53,0,0,1,2,55,3,1,2,2,0,0,14,8,3,1,4,1,1,1
47,470066,1,1,1,6,2,23,54,53,0,1,0,47,1,2,402,2402,14,1984,1JCUF87A7ET0,1,J,C,U,F,8,7,A,7,E,T,0,0,P,AMER,JEE,UT,84,17,2558,,0,935,,G,,1,4,150,,,000000,,,,,,0,0,000000000,00000000000,0,0,0,1,0,0,0,0,0,0,0,998,0,0,0,11,6,2,42,0,0,0,1,47,37398,6,1,0,0,3,0,65,135,0,0,0,0,0,0,0,0,0,0,28,0,0,0,1,2,55,1,1,2,1,0,0,1,12,1,1,4,6,1,1
47,470067,1,2,1,10,2,19,30,12,8,1,0,47,1,35,47,35047,4,2005,1N4BL11D35N4,1,N,4,B,L,1,1,D,3,5,N,4,0,P,NISS,ASR,4D,5,17,3101,,0,1102,,G,,F,6,214,,,17R215,,,,,,0,0,000000000,00000000000,0,0,0,1,0,0,0,0,0,0,0,998,0,0,0,11,6,2,12,0,0,0,1,47,37110,6,1,0,0,3,0,62,123,1,0,0,0,0,7,2011,7,2011,0,0,0,0,0,1,2,45,3,1,2,2,0,0,14,62,1,1,1,65,1,1
47,470067,2,2,3,10,2,19,30,12,8,1,0,47,1,20,481,20481,31,2005,1GCEC14X25Z1,1,G,C,E,C,1,4,X,2,5,Z,1,0,T,CHEV,SC1,PK,5,17,,2,1330,1190,SIL,G,,,6,262,,,,B,4225,00,,42,0,0,000000000,00000000000,0,0,0,1,0,0,0,0,0,0,0,998,0,0,0,11,6,2,12,0,0,0,1,47,37110,6,1,0,0,3,0,72,225,1,0,0,1,0,8,2010,3,2011,0,28,0,0,0,1,2,45,2,1,2,2,0,0,14,10,1,1,2,64,3,1
47,470068,1,1,1,8,2,13,35,34,0,1,0,47,1,55,33,55033,4,2001,KMHWF35V91A4,K,M,H,W,F,3,5,V,9,1,A,4,0,P,HYUN,SGL,4D,1,17,3069,,0,1063,,G,,F,6,152,,,15R205,,,,,,0,0,000000000,00000000000,0,0,0,1,0,0,0,0,0,0,0,998,0,0,0,12,6,2,35,0,0,0,1,47,38556,6,1,6,0,3,0,69,220,0,0,0,0,0,0,0,0,0,0,99,99,99,99,1,2,45,1,5,2,1,0,0,1,13,1,1,4,1,1,1
47,470069,1,1,2,11,2,3,21,33,0,1,0,47,1,37,32,37032,4,1993,1HGCB7679PA0,1,H,G,C,B,7,6,7,9,P,A,0,0,P,HOND,AEX,4D,93,17,2987,,0,1071,,G,,F,4,132,,,15R195,,,,,,0,0,000000000,00000000000,0,0,0,1,0,0,0,0,0,0,0,998,0,1,5,1,6,2,33,0,0,0,1,47,37814,0,0,0,0,0,0,999,999,1,5,1,0,0,8,2009,6,2010,0,28,0,0,0,5,4,40,3,1,2,2,0,0,14,13,1,1,4,1,1,1
47,470070,1,1,2,11,2,99,99,34,0,1,0,47,2,7,482,7482,31,2010,1D7RV1GP1AS2,1,D,7,R,V,1,G,P,1,A,S,2,0,T,DODG,Q15,CW,10,17,,2,0,1400,RPC,G,,,8,287,,,,B,5200,00,7,44,0,0,000000000,00000000000,0,0,0,1,0,0,0,0,0,0,0,998,0,1,5,1,6,2,1,0,0,0,1,47,38301,6,1,0,0,3,0,70,130,0,0,0,0,0,0,0,0,0,0,58,0,0,0,1,2,45,2,1,2,2,0,0,14,11,8,1,4,1,1,1
47,470071,1,2,1,13,2,2,0,12,2,1,0,47,1,12,471,12471,30,1999,1FTYR14V2XPB,1,F,T,Y,R,1,4,V,2,X,P,B,0,T,FORD,RNS,PC,99,17,,1,0,1257,RNG,F,,,6,182,,,,B,00000,00,U,42,0,0,000000000,00000000000,0,0,0,1,0,0,0,0,0,0,0,998,0,0,0,12,6,2,12,0,0,0,1,47,38002,6,1,0,0,3,0,72,215,0,0,0,0,0,0,0,0,0,0,50,0,0,0,3,3,55,1,2,2,1,0,0,1,19,1,1,2,50,1,0
47,470071,2,2,1,13,2,2,0,12,2,1,0,93,3,82,881,82881,66,2000,1FUYSSZBXYLF,1,F,U,Y,S,S,Z,B,X,Y,L,F,0,T,FRHT,FC2,TR,0,17,,8,0,0,CON,D,,,6,774,,,,,00000,00,,64,0,57,00053773,5700053773,3,5,96,1,0,0,0,0,0,0,0,998,0,0,0,12,6,2,12,0,0,0,1,47,38118,6,1,6,1,3,0,72,220,0,0,0,0,0,0,0,0,0,0,0,0,0,0,3,3,55,1,2,2,1,0,0,1,54,6,1,1,51,0,0
47,470072,1,4,1,30,1,17,50,12,1,1,0,47,1,65,31,65031,2,2009,WMEEK31X19K2,W,M,E,E,K,3,1,X,1,9,K,2,0,P,SMRT,SMS,CV,9,17,1852,,0,735,,G,,F,3,061,,,000000,,,,,,0,0,000000000,00000000000,0,0,0,1,0,0,0,0,0,0,0,998,1,0,0,12,6,2,12,36,0,0,1,47,37027,6,1,0,0,3,0,74,205,0,0,0,0,0,0,0,0,0,0,26,0,0,0,3,4,70,1,1,2,1,0,0,1,50,1,1,1,20,1,0
47,470072,2,4,1,30,1,17,50,12,1,1,0,47,1,37,32,37032,3,2002,1HGCG22552A0,1,H,G,C,G,2,2,5,5,2,A,0,0,P,HOND,UEX,CP,2,17,3283,,0,1051,,G,,F,6,183,,,16R205,,,,,,0,0,000000000,00000000000,0,0,0,1,0,0,0,0,0,0,0,0,7,0,0,6,6,2,12,0,0,0,1,47,37211,6,1,0,0,3,1,72,165,0,0,0,0,0,0,0,0,0,0,0,0,0,0,3,4,70,1,1,2,1,0,0,5,53,1,1,1,21,0,0
47,470072,3,4,1,30,1,17,50,12,1,1,0,47,2,20,36,20036,2,2001,2G1WX15K8193,2,G,1,W,X,1,5,K,8,1,9,3,0,P,CHEV,MSS,CP,1,17,3395,,0,1075,,G,,F,6,231,,,16R225,,,,,,0,0,000000000,00000000000,0,0,0,1,0,0,0,0,0,0,0,998,0,0,0,12,6,2,12,0,0,0,1,47,37214,1,1,1,0,2,0,66,140,0,1,0,0,0,5,2010,5,2010,0,26,52,0,0,3,4,70,1,1,2,1,0,0,1,50,1,1,1,98,0,0
47,470072,4,4,1,30,1,17,50,12,1,1,0,47,1,35,47,35047,4,2005,1N4AL11D25C2,1,N,4,A,L,1,1,D,2,5,C,2,0,P,NISS,ASL,4D,5,17,2915,,0,1102,,G,,F,4,153,,,16R215,,,,,,0,0,000000000,00000000000,0,0,0,1,0,0,0,0,0,0,0,0,0,0,0,6,6,2,12,0,0,0,1,47,37072,6,1,0,0,3,0,66,120,1,0,0,0,0,9,2009,9,2009,0,0,0,0,0,3,4,70,1,1,2,1,0,0,5,53,1,1,1,98,0,0
47,470073,1,2,1,12,2,14,3,12,6,1,0,47,1,52,37,52037,3,2002,4A3AC44G42E0,4,A,3,A,C,4,4,G,4,2,E,0,0,P,MITS,EGS,2H,2,17,2944,,0,1008,,G,,F,4,143,,,16R205,,,,,,0,0,000000000,00000000000,0,0,0,1,0,0,0,0,0,0,0,998,0,0,0,12,6,2,12,0,0,0,1,47,37618,6,1,0,0,3,0,65,150,0,0,0,0,0,0,0,0,0,0,0,0,0,0,5,4,35,1,1,2,1,0,0,1,66,1,1,1,88,0,0
47,470073,2,2,1,12,2,14,3,12,6,1,0,47,1,49,32,49032,4,1999,2T1BR12E1XC2,2,T,1,B,R,1,2,E,1,X,C,2,0,P,TOYT,UVL,4D,99,17,2414,,0,970,,G,,F,4,109,,,14R175,,,,,,0,0,000000000,00000000000,0,0,0,1,0,0,0,0,0,0,0,998,0,0,0,9,6,2,12,0,0,0,1,47,37640,6,1,0,0,3,1,74,185,1,0,0,0,0,6,2010,6,2010,0,39,0,0,0,1,2,30,1,1,2,1,20,3,4,17,1,1,1,89,1,0
47,470074,1,2,1,12,1,6,28,12,1,1,0,1,3,51,881,51881,66,2005,4V4NC9GH75N3,4,V,4,N,C,9,G,H,7,5,N,3,1,T,VOLV,VNL,TR,5,17,,8,0,0,VVN,D,,,6,732,,,,,00000,00,,64,1,57,00105824,5700105824,3,6,1,1,0,0,0,0,0,0,0,998,0,0,0,6,4,1,12,0,0,0,1,1,36265,6,1,6,0,3,0,71,300,0,0,0,0,0,0,0,0,0,0,48,0,0,0,2,2,65,1,6,2,2,0,0,12,15,1,1,1,98,0,0
47,470074,2,2,1,12,1,6,28,12,1,1,0,47,2,12,481,12481,31,1997,1FTDX1725VNC,1,F,T,D,X,1,7,2,5,V,N,C,0,T,FORD,F15,3C,97,17,,1,1570,1390,COF,G,,,6,256,,,,B,4045,03,E,42,0,0,000000000,00000000000,0,0,0,1,0,0,0,0,0,0,0,998,2,0,0,12,6,2,12,0,0,0,1,47,38006,1,1,1,0,2,0,64,125,0,3,0,3,0,12,2009,9,2011,0,99,99,99,99,2,2,65,1,6,2,2,0,0,1,55,1,1,1,98,1,0
47,470075,1,1,1,28,1,16,10,1,0,1,0,47,1,14,401,14401,14,1998,4M2ZU55P4WUJ,4,M,2,Z,U,5,5,P,4,W,U,J,0,P,MERC,MOU,UT,98,17,4374,,0,1120,,G,,F,8,302,,,15R235,,,,,,0,0,000000000,00000000000,0,0,0,1,0,0,0,0,0,0,0,998,0,1,5,0,6,2,1,0,0,0,1,47,37377,6,1,0,0,3,0,71,174,0,0,0,0,0,0,0,0,0,1,28,0,0,0,1,2,30,4,1,2,1,0,0,14,12,1,1,4,6,1,1
47,470076,1,1,1,7,2,17,0,24,0,1,0,47,1,6,43,6043,1,2006,1C3EL55R26N1,1,C,3,E,L,5,5,R,2,6,N,1,0,P,CHRY,STO,CV,6,17,3178,,0,1060,,G,,F,6,165,,,16R205,,,,,,0,0,000000000,00000000000,0,0,0,1,0,0,0,0,0,0,0,998,0,1,5,11,6,2,1,0,0,0,1,47,37849,6,1,0,0,3,1,67,174,0,1,1,1,0,11,2009,11,2009,0,6,0,0,0,3,2,70,1,1,2,1,0,0,6,13,7,3,4,3,1,1
47,470077,1,1,2,12,2,22,1,42,0,1,0,47,1,52,37,52037,3,1990,4A3CS44T1LE0,4,A,3,C,S,4,4,T,1,L,E,0,0,P,MITS,EGS,2H,90,17,2508,,0,972,,G,,F,4,107,,,16R205,,,,,,0,0,000000000,00000000000,0,0,0,1,0,0,0,0,0,0,0,998,0,0,0,12,6,2,2,0,0,1,1,47,37642,6,2,0,0,3,2,72,151,1,0,0,0,0,9,2010,9,2010,1,52,73,0,0,1,2,45,2,1,2,1,0,0,14,12,1,1,4,6,1,0
47,470078,1,1,1,12,2,16,54,31,0,1,0,47,2,14,6,14006,4,1992,2MELM75W9NX7,2,M,E,L,M,7,5,W,9,N,X,7,0,P,MERC,MGL,4D,92,17,3780,,0,1144,,G,,F,8,281,,,15R215,,,,,,0,0,000000000,00000000000,0,0,0,1,0,0,0,0,0,0,0,998,0,0,0,1,6,2,19,0,0,0,1,47,37083,6,1,0,0,3,0,63,200,0,0,0,0,0,0,0,0,0,0,99,99,99,99,1,2,45,1,1,2,1,0,0,1,12,1,1,4,6,1,0
47,470079,1,2,1,18,2,4,7,12,6,1,0,47,1,20,2,20002,4,2001,2G1WH55K4192,2,G,1,W,H,5,5,K,4,1,9,2,0,P,CHEV,IPL,4D,1,17,3466,,0,1105,,G,,F,6,231,,,16R225,,,,,,0,0,000000000,00000000000,0,0,0,1,0,0,0,0,0,0,0,998,9,0,0,11,6,2,12,0,0,0,1,47,38125,6,1,0,0,3,1,70,255,1,1,0,2,0,5,2009,9,2011,0,51,0,0,0,3,3,55,1,1,2,1,0,0,1,54,7,1,2,66,1,0
47,470079,2,2,1,18,2,4,7,12,6,1,0,93,3,51,881,51881,66,2006,4V4MC9GF16N4,4,V,4,M,C,9,G,F,1,6,N,4,2,T,VOLV,VNM,TR,6,17,,8,0,0,VVN,D,,,6,732,,,,,00000,00,,64,1,57,92261,5792261,3,7,11,1,0,0,0,0,0,0,0,998,9,0,0,11,6,2,12,0,0,0,1,5,72432,6,1,6,1,3,0,74,200,0,0,0,0,0,0,0,0,0,0,0,0,0,0,3,3,55,1,1,2,1,0,0,1,54,1,1,1,66,0,0
47,470080,1,1,1,13,2,22,35,31,0,1,0,47,1,12,13,12013,2,1999,3FAKP1137XR1,3,F,A,K,P,1,1,3,7,X,R,1,0,P,FORD,ZCH,CP,99,17,2478,,0,984,,G,,F,4,121,,,14R185,,,,,,0,0,000000000,00000000000,0,0,0,1,0,0,0,0,0,0,0,998,0,1,5,12,6,2,1,0,0,0,1,47,37367,6,1,0,0,3,0,62,139,0,0,0,0,1,7,2010,7,2010,1,28,87,0,0,1,2,55,3,1,2,2,0,0,14,6,1,2,4,2,1,1