STATE,ST_CASE,VEH_NO,VE_FORMS,NUMOCCS,DAY,MONTH,HOUR,MINUTE,HARM_EV,MAN_COLL,UNITTYPE,HIT_RUN,REG_STAT,OWNER,MAKE,MODEL,MAK_MOD,BODY_TYP,MOD_YEAR,VIN,VIN_1,VIN_2,VIN_3,VIN_4,VIN_5,VIN_6,VIN_7,VIN_8,VIN_9,VIN_10,VIN_11,VIN_12,TOW_VEH,VINTYPE,VINMAKE,VINA_MOD,VIN_BT,VINMODYR,VIN_LNGT,VIN_WGT,WGTCD_TR,WHLBS_LG,WHLBS_SH,SER_TR,FUELCODE,MCYCL_DS,CARBUR,CYLINDER,DISPLACE,MCYCL_CY,MCYCL_WT,TIRE_SZE,TON_RAT,TRK_WT,TRKWTVAR,VIN_REST,WHLDRWHL,J_KNIFE,MCARR_I1,MCARR_I2,MCARR_ID,GVWR,V_CONFIG,CARGO_BT,HAZ_INV,HAZ_PLAC,HAZ_ID,HAZ_CNO,HAZ_REL,BUS_USE,SPEC_USE,EMER_USE,TRAV_SP,UNDERIDE,ROLLOVER,ROLINLOC,IMPACT1,DEFORMED,TOWED,M_HARM,VEH_SC1,VEH_SC2,FIRE_EXP,DR_PRES,L_STATE,DR_ZIP,L_STATUS,L_TYPE,CDL_STAT,L_ENDORS,L_COMPL,L_RESTRI,DR_HGT,DR_WGT,PREV_ACC,PREV_SUS,PREV_DWI,PREV_SPD,PREV_OTH,FIRST_MO,FIRST_YR,LAST_MO,LAST_YR,SPEEDREL,DR_SF1,DR_SF2,DR_SF3,DR_SF4,VTRAFWAY,VNUM_LAN,VSPD_LIM,VALIGN,VPROFILE,VPAVETYP,VSURCOND,VTRAFCON,VTCONT_F,P_CRASH1,P_CRASH2,P_CRASH3,PCRASH4,PCRASH5,ACC_TYPE,DEATHS,DR_DRINK
47,470081,1,2,1,15,2,7,46,12,2,1,0,47,2,12,481,12481,31,1994,2FTEF15N6RCA,2,F,T,E,F,1,5,N,6,R,C,A,0,T,FORD,F15,PK,94,17,,2,1330,1170,COF,G,,,8,302,,,,B,3886,01,M,42,0,0,000000000,00000000000,0,0,0,1,0,0,0,0,0,0,0,998,0,0,0,12,6,2,12,0,0,0,1,47,37183,6,2,0,0,3,1,69,145,0,0,0,0,0,0,0,0,0,0,28,58,0,0,1,2,45,3,1,2,1,0,0,14,10,6,1,2,50,1,0
47,470081,2,2,1,15,2,7,46,12,2,1,0,47,1,20,481,20481,31,2003,1GCHK23133F2,1,G,C,H,K,2,3,1,3,3,F,2,0,T,CHEV,2KH,CW,3,17,,2,1670,1530,SIL,D,,,8,403,,,,C,5899,01,,44,0,0,000000000,00000000000,0,0,0,1,0,0,0,0,0,0,0,998,0,0,0,12,6,2,12,0,0,0,1,47,37160,6,1,0,0,3,0,72,160,0,0,0,0,0,0,0,0,0,0,0,0,0,0,1,2,45,1,1,2,1,0,0,1,54,1,1,1,51,0,0
47,470082,1,1,1,16,2,20,10,53,0,1,0,47,1,22,2,22002,4,1998,1G2HX52K5W42,1,G,2,H,X,5,2,K,5,W,4,2,0,P,PONT,BVS,4D,98,17,3487,,0,1108,,G,,F,6,231,,,15R215,,,,,,0,0,000000000,00000000000,0,0,0,1,0,0,0,0,0,0,0,998,0,1,5,12,6,2,1,0,0,0,1,47,37887,6,1,0,0,3,0,73,280,0,1,0,0,0,10,2010,10,2010,0,0,0,0,0,1,2,55,2,1,2,1,0,0,14,12,1,1,4,6,1,0
47,470083,1,2,2,18,2,12,50,12,6,1,0,92,0,98,998,98998,97,2012,000000000000,0,0,0,0,0,0,0,0,0,0,0,0,0,,,,,,,,,,,,,,,,,,,,,,,,,0,0,000000000,00000000000,0,0,0,1,0,0,0,0,0,0,0,998,0,1,1,3,6,2,12,0,0,0,1,47,37305,0,0,0,0,0,0,999,999,0,0,0,0,0,0,0,0,0,0,6,0,0,0,1,2,30,1,2,2,1,0,0,1,19,1,1,7,98,2,0
47,470083,2,2,3,18,2,12,50,12,6,1,0,47,1,21,20,21020,4,1998,1G3NG52M2W63,1,G,3,N,G,5,2,M,2,W,6,3,0,P,OLDS,GLS,4D,98,17,3102,,0,1070,,G,,F,6,191,,,15R215,,,,,,0,0,000000000,00000000000,0,0,0,1,0,0,0,0,0,0,0,998,0,0,0,12,2,1,12,0,0,0,1,47,37301,6,1,0,0,3,0,67,145,0,0,0,0,0,0,0,0,0,0,0,0,0,0,1,2,30,1,2,2,1,0,0,1,98,1,1,1,98,0,0
47,470084,1,3,3,31,1,19,0,12,8,1,0,47,2,20,481,20481,31,2008,1GCEC19C68Z1,1,G,C,E,C,1,9,C,6,8,Z,1,1,T,CHEV,SC1,4C,8,17,,2,1575,1339,SIL,G,,,8,293,,,,B,4870,03,,42,2,0,000000000,00000000000,0,0,0,1,0,0,0,0,0,0,0,998,0,0,0,9,4,1,12,0,0,0,1,47,38242,6,1,0,0,3,0,75,245,0,0,0,1,0,2,2010,2,2010,0,28,0,0,0,1,2,40,3,6,2,1,0,0,14,10,1,1,2,64,0,0
47,470084,2,3,2,31,1,19,0,12,8,1,0,47,1,10,34,10034,2,1993,JE3CA11A9PU0,J,E,3,C,A,1,1,A,9,P,U,0,0,P,EGIL,SDL,2D,93,17,2006,,0,961,,G,,F,4,090,,,13R145,,,,,,0,0,000000000,00000000000,0,0,0,1,0,0,0,0,0,0,0,998,0,0,0,11,6,2,12,0,0,0,1,47,38318,6,1,0,0,3,0,67,195,0,1,0,0,0,12,2010,12,2010,0,0,0,0,0,1,2,40,2,5,2,1,0,0,14,62,1,1,1,65,1,0
47,470084,3,3,4,31,1,19,0,12,8,1,0,47,0,21,23,21023,4,2002,1G3WH52H32F1,1,G,3,W,H,5,2,H,3,2,F,1,0,P,OLDS,IGX,4D,2,17,3434,,0,1090,,G,,F,6,211,,,16R225,,,,,,0,0,000000000,00000000000,0,0,0,1,0,0,0,0,0,0,0,998,0,0,0,12,6,2,54,0,0,0,1,47,38317,6,2,0,0,3,1,67,170,1,0,0,0,0,6,2011,6,2011,0,0,0,0,0,1,2,40,3,6,2,1,0,0,14,62,1,1,1,98,0,0
47,470085,1,1,1,3,2,99,99,35,0,1,0,47,2,20,401,20401,14,1996,1GNCT18W6TK1,1,G,N,C,T,1,8,W,6,T,K,1,0,P,CHEV,BZR,UT,96,17,3814,,0,1005,,G,,F,6,262,,,15R235,,,,,,0,0,000000000,00000000000,0,0,0,1,0,0,0,0,0,0,0,998,0,1,5,12,6,2,1,0,0,0,1,47,37902,6,1,0,0,3,1,70,135,0,1,0,0,0,10,2010,10,2010,1,6,28,58,0,4,1,35,3,2,2,1,0,0,14,6,6,1,4,1,1,1
47,470086,1,1,3,14,2,17,57,8,0,1,0,4,1,35,472,35472,30,2007,1N6AD07U37C4,1,N,6,A,D,0,7,U,3,7,C,4,0,T,NISS,CEO,CW,7,17,,1,0,1259,FRT,G,,,6,244,,,,,5690,00,K,42,0,0,000000000,00000000000,0,0,0,1,0,0,0,0,0,0,0,998,0,0,0,12,4,1,8,0,0,0,1,4,85234,6,1,0,0,3,0,71,155,1,0,0,0,1,4,2009,4,2009,0,0,0,0,0,5,2,40,1,1,2,1,0,0,6,80,1,1,1,13,0,0
47,470087,1,2,4,18,2,12,15,35,0,1,0,47,2,7,442,7442,20,2006,1D4GP25B96B5,1,D,4,G,P,2,5,B,9,6,B,5,0,P,DODG,CAR,SV,6,17,3821,,0,1133,,G,,F,4,148,,,15R215,,,,,,0,0,000000000,00000000000,0,0,0,1,0,0,0,0,0,0,0,998,0,0,0,1,6,2,12,0,0,0,1,47,37886,6,1,0,0,3,0,71,180,1,0,0,0,2,9,2009,4,2011,0,28,58,0,0,1,2,45,1,5,2,1,0,0,1,13,6,4,4,7,1,0
47,470087,2,2,5,18,2,12,15,35,0,1,0,47,2,49,40,49040,4,2008,4T1BE46K08U2,4,T,1,B,E,4,6,K,0,8,U,2,0,P,TOYT,XSL,4D,8,17,3263,,0,1093,,G,,F,4,146,,,16R215,,,,,,0,0,000000000,00000000000,0,0,0,1,0,0,0,0,0,0,0,998,0,0,0,12,6,2,12,0,0,0,1,21,41553,6,1,0,0,3,0,64,132,0,0,0,0,0,0,0,0,0,0,0,0,0,0,1,2,45,2,6,2,1,0,0,14,62,1,1,1,98,0,0
47,470088,1,2,1,23,2,9,12,12,6,1,0,47,2,37,31,37031,3,1994,2HGEH235XRH5,2,H,G,E,H,2,3,5,X,R,H,5,0,P,HOND,UCC,2H,94,17,2051,,0,1013,,G,,F,4,091,,,13R165,,,,,,0,0,000000000,00000000000,0,0,0,1,0,0,0,0,0,0,0,998,1,0,0,9,6,2,12,0,0,0,1,47,37931,6,1,0,0,3,1,69,175,0,0,0,0,0,0,0,0,0,1,51,0,0,0,1,2,30,2,2,2,2,0,0,14,10,1,1,2,64,1,0
47,470088,2,2,1,23,2,9,12,12,6,1,0,47,1,7,472,7472,30,2006,1D7HW48K56S6,1,D,7,H,W,4,8,K,5,6,S,6,0,T,DODG,DQS,CW,6,17,,2,0,1309,DAK,G,,,6,225,,,,B,4430,00,E,44,0,0,000000000,00000000000,0,0,0,1,0,0,0,0,0,0,0,998,7,0,0,12,6,2,12,0,0,0,1,47,37772,6,1,0,0,3,1,72,170,0,0,0,1,0,4,2009,4,2009,0,0,0,0,0,1,2,30,2,2,2,2,0,0,14,62,1,1,1,65,0,0
47,470089,1,1,2,24,2,22,57,34,0,1,0,47,2,23,481,23481,31,1997,1GTEC19W7VE5,1,G,T,E,C,1,9,W,7,V,E,5,0,T,GMC,SC1,PC,97,17,,2,1555,1415,SIE,G,,,6,262,,,,B,00000,00,E,42,0,0,000000000,00000000000,0,0,0,1,0,0,0,0,0,0,0,998,0,1,5,14,6,2,1,0,0,0,1,47,37013,2,1,0,0,2,0,70,190,0,0,0,0,0,0,0,0,0,9,28,0,0,0,1,2,30,3,1,2,1,0,0,14,13,1,1,4,1,2,1
47,470090,1,2,1,13,2,19,0,12,1,1,0,39,3,82,881,82881,66,2005,1FUJA6CV85LN,1,F,U,J,A,6,C,V,8,5,L,N,1,T,FRHT,COL,TR,5,17,,8,0,0,CON,D,,,6,782,,,,,00000,00,,64,1,57,00782294,5700782294,3,6,11,1,0,0,0,0,0,0,0,998,1,0,0,6,6,2,12,0,0,0,1,45,29483,6,1,6,0,3,0,74,330,1,0,0,0,0,8,2011,8,2011,0,24,0,0,0,3,2,70,1,2,2,1,0,0,1,53,1,1,1,25,0,0
47,470090,2,2,2,13,2,19,0,12,1,1,0,21,1,20,481,20481,31,2006,3GCEC14X56G1,3,G,C,E,C,1,4,X,5,6,G,1,0,T,CHEV,SC1,PK,6,17,,2,1330,1190,SIL,G,,,6,262,,,,B,4211,00,,42,0,0,000000000,00000000000,0,0,0,1,0,0,0,0,0,0,0,998,1,0,0,12,6,2,12,0,0,0,1,21,40769,6,1,0,0,3,0,69,240,0,0,0,0,0,0,0,0,0,1,99,99,99,99,3,2,70,1,2,2,1,0,0,1,6,1,1,1,24,1,0
47,470091,1,2,2,15,2,15,7,12,6,1,0,47,2,55,36,55036,4,2006,KMHCN46C46U0,K,M,H,C,N,4,6,C,4,6,U,0,0,P,HYUN,ALS,4D,6,17,2366,,0,984,,G,,F,4,098,,,14R185,,,,,,0,0,000000000,00000000000,0,0,0,1,0,0,0,0,0,0,0,998,0,0,0,11,6,2,12,0,0,0,1,47,37323,6,1,6,0,3,0,73,180,1,0,0,0,1,8,2009,7,2011,0,0,0,0,0,1,2,55,1,1,2,1,0,0,11,60,1,1,1,82,0,0
47,470091,2,2,2,15,2,15,7,12,6,1,0,47,1,72,706,72706,80,2008,1HD1JL5188Y0,1,H,D,1,J,L,5,1,8,8,Y,0,0,M,HD,XTC,RS,8,17,,,,,,,1584,,2,,4,703,,,,,,,0,0,000000000,00000000000,0,0,0,1,0,0,0,0,0,0,0,998,0,0,0,1,6,2,12,0,0,0,1,47,37323,6,1,6,0,3,0,72,220,1,0,0,0,0,7,2009,7,2009,0,85,0,0,0,1,2,55,1,1,2,1,0,0,6,10,4,1,2,83,1,0
47,470092,1,1,2,14,2,21,46,33,0,1,0,47,2,49,40,49040,2,2004,4T1CA30P94U0,4,T,1,C,A,3,0,P,9,4,U,0,0,P,TOYT,CEE,CP,4,17,3175,,0,1051,,G,,F,6,201,,,17R215,,,,,,0,0,000000000,00000000000,0,0,0,1,0,0,0,0,0,0,0,998,0,0,0,1,6,2,30,0,0,0,1,47,37663,6,1,0,0,3,0,70,225,1,0,0,0,0,3,2011,3,2011,1,36,37,0,0,1,4,35,3,3,2,1,0,0,14,6,1,1,4,1,1,1
47,470093,1,2,1,23,2,16,8,12,1,1,0,47,1,35,471,35471,30,1984,JN6ND06Y2EW0,J,N,6,N,D,0,6,Y,2,E,W,0,0,T,DATS,K4U,PK,84,17,,1,0,1108,720,G,,,4,146,,,,B,3044,01,,44,0,0,000000000,00000000000,0,0,0,1,0,0,0,0,0,0,0,998,0,0,0,12,6,2,12,0,0,0,1,47,37686,6,1,0,0,3,0,67,240,1,0,0,0,0,6,2010,6,2010,1,0,0,0,0,1,2,35,1,1,2,1,0,0,1,6,1,1,1,20,1,0
47,470093,2,2,1,23,2,16,8,12,1,1,0,93,3,85,881,85881,66,2000,1XKWDU9X4YJ8,1,X,K,W,D,U,9,X,4,Y,J,8,1,T,KW,W90,TR,0,17,,8,2850,1600,CON,D,,,6,733,,,,,00000,00,,64,1,57,00123132,5700123132,3,6,3,1,0,0,0,0,0,0,0,0,0,0,0,6,2,1,12,0,0,0,1,47,37332,6,1,6,0,3,0,72,220,0,0,0,0,0,0,0,0,0,0,0,0,0,0,1,2,35,1,1,2,1,0,0,5,53,1,1,1,21,0,0
47,470094,1,1,1,18,2,22,30,35,0,1,0,47,2,35,472,35472,30,1998,1N6DD21Y8WC3,1,N,6,D,D,2,1,Y,8,W,C,3,0,T,NISS,F/X,PK,98,17,,1,0,1043,FRT,G,,,4,146,,,,B,3568,00,U,44,0,0,000000000,00000000000,0,0,0,1,0,0,0,0,0,0,0,998,0,0,0,12,6,2,35,0,0,0,1,47,37321,6,1,0,0,3,0,72,189,0,0,0,1,0,10,2011,10,2011,1,28,58,0,0,1,2,35,3,6,2,2,0,0,14,6,1,4,4,2,1,1
47,470095,1,1,1,22,2,11,40,30,0,1,0,47,1,20,481,20481,31,2002,2GCEC19VX212,2,G,C,E,C,1,9,V,X,2,1,2,0,T,CHEV,SC1,4C,2,17,,2,1575,1435,SIL,G,,,8,293,,,,B,4534,03,,42,0,0,000000000,00000000000,0,0,0,1,0,0,0,0,0,0,0,998,0,0,0,12,6,2,42,0,0,0,1,47,38225,6,1,0,0,3,0,66,175,1,0,0,2,0,7,2009,7,2011,0,0,0,0,0,1,2,55,1,1,2,1,0,0,1,10,1,1,4,6,1,0
47,470096,1,1,1,21,2,21,47,17,0,1,0,47,1,12,471,12471,30,2009,1FTYR44E29PA,1,F,T,Y,R,4,4,E,2,9,P,A,0,T,FORD,RNS,4C,9,17,,1,0,1260,RNG,G,,,6,244,,,,B,3189,00,4,42,0,0,000000000,00000000000,0,0,0,1,0,0,0,0,0,0,0,998,0,0,0,12,6,2,17,0,0,0,1,47,37705,6,1,0,0,3,0,75,202,0,0,0,1,0,8,2009,8,2009,9,28,0,0,0,1,2,30,2,5,2,1,0,0,14,12,1,1,4,6,1,1
47,470097,1,1,1,25,2,0,35,1,0,1,0,99,9,7,472,7472,30,1998,1B7FL26P9WS6,1,B,7,F,L,2,6,P,9,W,S,6,0,T,DODG,DAK,PK,98,17,,1,1239,1119,DAK,G,,,4,153,,,,B,3230,01,U,42,0,0,000000000,00000000000,0,0,0,1,0,0,0,0,0,0,0,998,0,1,1,0,6,2,1,0,0,0,1,47,38315,6,1,0,0,3,0,70,175,1,0,1,3,0,3,2009,11,2011,0,28,79,0,0,1,3,55,2,1,2,1,0,0,14,5,1,2,2,98,1,1
47,470098,1,1,1,26,2,15,30,9,0,1,0,47,1,12,37,12037,4,2000,1FAFP3439YW2,1,F,A,F,P,3,4,3,9,Y,W,2,0,P,FORD,FSS,4D,0,17,2564,,0,1030,,G,,F,4,121,,,15R195,,,,,,0,0,000000000,00000000000,0,0,0,1,0,0,0,0,0,0,0,998,0,0,0,12,4,3,9,0,0,0,1,47,38115,6,1,0,0,3,0,62,135,0,1,0,0,0,4,2011,4,2011,0,0,0,0,0,5,4,40,1,6,2,1,0,0,1,83,1,1,1,13,0,0
47,470099,1,1,1,27,2,14,18,42,0,1,0,47,1,20,481,20481,31,1994,1GCEC14Z8RZ2,1,G,C,E,C,1,4,Z,8,R,Z,2,0,T,CHEV,GC1,PK,94,17,,2,1315,1175,GM4,G,,,6,262,,,,B,3675,02,,42,0,0,000000000,00000000000,0,0,0,1,0,0,0,0,0,0,0,998,0,0,0,1,6,2,42,0,0,0,1,47,38506,6,1,0,0,3,0,77,273,0,0,0,0,0,0,0,0,0,0,0,0,0,0,1,2,35,1,1,2,1,0,0,1,13,1,1,4,1,1,1
47,470100,1,1,1,18,2,19,18,1,0,1,0,47,1,2,403,2403,14,2004,1J4FA49S84P7,1,J,4,F,A,4,9,S,8,4,P,7,0,T,JEEP,SPW,2W,4,17,,1,0,934,W/T,G,,,6,244,,,,,3343,00,E,44,0,0,000000000,00000000000,0,0,0,1,0,0,0,0,0,0,0,998,0,2,3,0,6,2,1,0,0,0,1,47,37664,6,1,0,0,3,0,68,131,1,0,0,0,0,9,2011,9,2011,0,99,99,99,99,3,2,70,1,1,2,1,0,0,1,12,1,1,4,6,1,0
47,470101,1,1,1,28,2,15,13,30,0,1,0,47,1,13,1,13001,4,2005,1LNHM82W45Y6,1,L,N,H,M,8,2,W,4,5,Y,6,0,P,LINC,SGL,4D,5,17,4359,,0,1177,,G,,F,8,281,,,17R225,,,,,,0,0,000000000,00000000000,0,0,0,1,0,0,0,0,0,0,0,998,0,1,1,12,6,2,1,0,0,1,1,47,38449,6,1,0,0,3,0,66,180,0,0,0,0,0,0,0,0,0,0,28,39,0,0,5,4,45,1,1,2,1,20,3,10,12,1,1,4,6,1,0
47,470102,1,1,1,29,2,13,7,42,0,1,0,47,1,12,471,12471,30,2003,1FTYR44V23PB,1,F,T,Y,R,4,4,V,2,3,P,B,0,T,FORD,RNS,4C,3,17,,1,0,1257,RNG,F,,,6,182,,,,B,3547,00,U,42,0,0,000000000,00000000000,0,0,0,1,0,0,0,0,0,0,0,998,0,0,0,9,6,2,42,0,0,0,1,47,38261,6,1,0,0,3,9,76,240,0,0,0,0,0,0,0,0,0,0,0,0,0,0,2,2,50,1,1,2,2,0,0,1,13,6,3,4,2,1,0
47,470103,1,1,2,16,1,99,99,32,0,1,0,47,2,20,16,20016,4,2002,1G1JF5249271,1,G,1,J,F,5,2,4,9,2,7,1,0,P,CHEV,CAS,4D,2,17,2676,,0,1041,,G,,F,4,133,,,15R195,,,,,,0,0,000000000,00000000000,0,0,0,1,0,0,0,0,0,0,0,998,0,1,5,98,6,2,1,0,0,0,1,47,38049,6,1,0,0,3,1,71,140,1,0,0,0,0,10,2010,10,2010,1,0,0,0,0,1,2,50,1,6,2,1,0,0,1,6,1,2,4,7,1,1
47,470104,1,4,1,29,2,5,35,12,2,1,0,47,1,20,401,20401,14,2002,1GNCS13W72K1,1,G,N,C,S,1,3,W,7,2,K,1,0,P,CHEV,BZR,UT,2,17,3718,,0,1070,,G,,F,6,262,,,000000,,,,,,0,0,000000000,00000000000,0,0,0,1,0,0,0,0,0,0,0,998,1,0,0,12,6,2,12,0,0,0,1,47,38351,6,1,0,0,3,0,66,140,0,0,0,0,0,0,0,0,0,0,51,0,0,0,2,4,70,1,1,2,2,0,0,1,19,1,1,1,50,1,0
47,470104,2,4,2,29,2,5,35,12,2,1,0,18,3,51,881,51881,66,2011,4V4NC9EJ0BN5,4,V,4,N,C,9,E,J,0,B,N,5,2,T,VOLV,VNL,TR,11,17,,8,0,0,VVN,D,,,6,793,,,,,00000,00,,64,1,57,00239039,5700239039,3,7,1,1,0,0,0,0,0,0,0,998,7,0,0,12,6,2,12,0,0,1,1,21,42066,6,1,6,1,3,0,68,210,0,0,0,0,0,0,0,0,0,0,0,0,0,0,2,4,70,1,1,2,2,0,0,1,54,1,1,1,51,0,0
47,470104,3,4,1,29,2,5,35,12,2,1,0,93,3,84,881,84881,63,2010,3HSCUAPR0AN2,3,H,S,C,U,A,P,R,0,A,N,2,1,T,INTL,PPR,TR,10,17,,8,0,0,PRO,D,,,6,915,,,,,00000,00,,64,1,57,01336831,5701336831,3,4,1,1,0,0,0,0,0,0,0,998,0,0,0,9,6,2,12,0,0,1,1,12,34446,6,1,6,0,3,0,73,999,0,0,0,0,0,0,0,0,0,0,0,0,0,0,2,4,70,1,1,2,2,0,0,1,54,1,1,1,98,1,0
47,470104,4,4,1,29,2,5,35,12,2,1,0,47,1,20,481,20481,31,2007,2GCEK13M5715,2,G,C,E,K,1,3,M,5,7,1,5,0,T,CHEV,1KW,CW,7,17,,2,0,1435,SIL,G,,,8,323,,,,B,5371,00,,44,0,0,000000000,00000000000,0,0,0,1,0,0,0,0,0,0,0,998,0,0,0,3,2,1,12,0,0,0,1,47,37886,6,1,6,0,3,0,69,165,0,0,0,1,0,6,2009,6,2009,0,0,0,0,0,2,4,70,1,1,2,2,0,0,1,54,1,1,1,98,0,0
47,470105,1,2,2,1,3,23,11,12,1,1,0,18,3,82,881,82881,66,2012,1FUJGLDR6CSB,1,F,U,J,G,L,D,R,6,C,S,B,1,T,FRHT,125,TR,12,17,,8,0,0,CSC,D,,,6,903,,,,,00000,00,,64,1,57,00213754,5700213754,3,6,1,1,0,0,0,0,0,0,0,998,7,0,0,6,4,3,12,0,0,0,1,29,65453,6,1,6,0,3,0,72,200,0,0,0,0,0,0,0,0,0,0,0,0,0,0,2,2,55,1,1,2,1,0,0,1,53,1,1,1,25,0,0
47,470105,2,2,1,1,3,23,11,12,1,1,0,51,1,35,48,35048,2,2003,JN1AZ34D33T1,J,N,1,A,Z,3,4,D,3,3,T,1,0,P,NISS,3ZC,CP,3,17,3062,,0,1083,,G,,F,6,214,,,17R225,,,,,,0,0,000000000,00000000000,0,0,0,1,0,0,0,0,0,0,0,998,1,0,0,12,6,2,12,0,0,0,1,51,24201,1,1,1,0,2,0,70,235,0,2,1,1,0,9,2011,11,2011,1,36,0,0,0,2,2,65,1,1,2,1,0,0,1,51,1,1,1,24,1,1
47,470107,1,2,4,2,3,21,0,12,6,1,0,54,1,6,14,6014,4,1987,1C3BT56E9HC2,1,C,3,B,T,5,6,E,9,H,C,2,0,P,CHRY,NY,4D,87,17,2691,,0,1033,,G,,T,4,135,,,14R185,,,,,,0,0,000000000,00000000000,0,0,0,1,0,0,0,0,0,0,0,998,0,0,0,3,6,2,12,0,0,0,1,54,25981,6,1,0,0,3,0,72,250,0,0,0,0,0,0,0,0,0,0,38,39,0,0,1,2,99,1,4,2,1,20,3,3,19,1,1,1,87,2,1
47,470107,2,2,1,2,3,21,0,12,6,1,0,47,3,82,881,82881,66,2005,1FUJBBCK45LN,1,F,U,J,B,B,C,K,4,5,L,N,1,T,FRHT,ST2,TR,5,17,,8,0,0,CON,D,,,6,858,,,,,00000,00,,64,1,57,01435111,5701435111,3,6,1,1,0,0,0,0,0,0,0,998,0,0,0,11,6,2,12,0,0,0,1,47,37659,6,1,6,0,3,1,75,220,0,0,0,0,0,0,0,0,0,0,24,0,0,0,2,2,65,1,4,2,1,0,0,1,68,99,1,1,86,0,0
47,470108,1,1,2,19,1,20,35,42,0,1,0,51,2,20,471,20471,30,1994,1GCDT19Z2RK1,1,G,C,D,T,1,9,Z,2,R,K,1,0,T,CHEV,S14,PC,94,17,,1,1229,1083,S,G,,,6,262,,,,B,3604,00,,44,0,0,000000000,00000000000,0,0,0,1,0,0,0,0,0,0,0,998,0,0,0,12,6,2,42,0,0,0,1,47,37810,6,1,0,0,3,1,68,170,1,0,0,0,0,5,2010,5,2010,9,39,0,0,0,1,2,45,1,2,2,1,20,3,1,14,1,1,4,14,1,0
47,470109,1,1,2,11,2,99,99,42,0,1,0,47,2,23,481,23481,31,1997,1GTEC19RXVE5,1,G,T,E,C,1,9,R,X,V,E,5,0,T,GMC,SC1,PC,97,17,,2,1555,1415,SIE,G,,,8,350,,,,B,00000,00,E,42,0,0,000000000,00000000000,0,0,0,1,0,0,0,0,0,0,0,998,0,0,0,12,6,2,42,0,0,0,1,47,37014,6,2,0,0,3,1,70,140,0,0,0,0,0,0,0,0,0,1,28,0,0,0,1,2,35,1,5,2,1,0,0,1,6,7,2,4,2,1,0
47,470110,1,1,1,12,2,2,14,42,0,1,0,47,3,12,481,12481,31,2001,1FTNX20L81ED,1,F,T,N,X,2,0,L,8,1,E,D,0,T,FORD,F2S,4C,1,17,,2,1580,1418,SRW,G,,,8,330,,,,C,5189,07,U,42,0,0,000000000,00000000000,0,0,0,1,0,0,0,0,0,0,0,998,0,0,0,11,6,2,2,0,0,1,1,47,37122,6,1,0,0,3,0,79,200,0,1,0,0,0,12,2010,12,2010,9,99,99,99,99,1,2,40,1,5,2,1,0,0,1,12,99,1,4,6,1,1
47,470111,1,1,2,19,2,2,17,35,0,1,0,47,1,41,51,41051,4,2011,JM1BL1VF0B14,J,M,1,B,L,1,V,F,0,B,1,4,0,P,MAZD,M3I,4D,11,17,2859,,0,0,,G,,F,4,122,,,000000,,,,,,0,0,000000000,00000000000,0,0,0,1,0,0,0,0,0,0,0,998,0,1,5,12,6,2,1,0,0,0,1,47,37327,6,1,0,0,3,1,63,140,0,0,0,1,0,5,2011,5,2011,9,99,99,99,99,1,2,55,3,6,2,2,0,0,14,13,1,1,4,1,1,1
47,470112,1,1,4,25,2,5,0,42,0,1,0,99,9,7,482,7482,31,2005,1D7HA18N45J5,1,D,7,H,A,1,8,N,4,5,J,5,0,T,DODG,SQ1,CW,5,17,,2,1605,1405,RPC,G,,,8,287,,,,B,4620,03,E,42,0,0,000000000,00000000000,0,0,0,1,0,0,0,0,0,0,0,998,0,1,5,11,6,2,1,0,0,0,1,47,37042,1,1,0,0,2,0,73,180,0,0,0,0,0,0,0,0,0,9,36,91,0,0,1,2,45,3,5,2,1,0,0,14,8,7,2,4,2,2,1
47,470113,1,1,3,26,2,0,35,32,0,1,0,47,1,20,37,20037,4,2007,1G1ZT58N07F2,1,G,1,Z,T,5,8,N,0,7,F,2,0,P,CHEV,MLT,4D,7,17,3155,,0,1063,,G,,F,6,214,,,16R215,,,,,,0,0,000000000,00000000000,0,0,0,1,0,0,0,0,0,0,0,998,0,0,0,12,6,2,14,0,0,0,1,47,37130,6,1,0,0,3,0,70,205,0,0,0,0,1,7,2010,7,2010,1,6,36,0,0,1,2,40,2,1,2,1,0,0,14,6,1,1,4,1,2,1
47,470114,1,1,1,1,3,8,30,35,0,1,0,47,1,7,482,7482,31,2001,3B7KC26Z21M5,3,B,7,K,C,2,6,Z,2,1,M,5,0,T,DODG,250,PK,1,17,,2,0,1347,RPC,G,,,8,360,,,,C,4861,00,U,42,0,0,000000000,00000000000,0,0,0,1,0,0,0,0,0,0,0,998,0,1,5,12,6,2,1,0,0,0,1,47,37115,6,1,0,0,3,0,69,152,0,0,0,0,0,0,0,0,0,0,99,99,99,99,1,2,55,3,6,2,1,0,0,14,13,1,1,4,1,1,0
47,470115,1,1,2,10,2,16,10,10,0,1,0,47,2,52,34,52034,4,2003,4A3AA46G43E1,4,A,3,A,A,4,6,G,4,3,E,1,0,P,MITS,UEL,4D,3,17,3075,,0,1037,,G,,F,4,146,,,15R195,,,,,,0,0,000000000,00000000000,0,0,0,1,0,0,0,0,0,0,0,998,0,1,5,9,6,2,10,0,0,0,1,47,38012,1,1,0,0,2,0,69,190,0,0,0,0,0,0,0,0,0,0,38,39,0,0,5,2,25,1,1,2,1,65,3,1,98,1,1,1,15,2,1