STATE,ST_CASE,VEH_NO,VE_FORMS,NUMOCCS,DAY,MONTH,HOUR,MINUTE,HARM_EV,MAN_COLL,UNITTYPE,HIT_RUN,REG_STAT,OWNER,MAKE,MODEL,MAK_MOD,BODY_TYP,MOD_YEAR,VIN,VIN_1,VIN_2,VIN_3,VIN_4,VIN_5,VIN_6,VIN_7,VIN_8,VIN_9,VIN_10,VIN_11,VIN_12,TOW_VEH,VINTYPE,VINMAKE,VINA_MOD,VIN_BT,VINMODYR,VIN_LNGT,VIN_WGT,WGTCD_TR,WHLBS_LG,WHLBS_SH,SER_TR,FUELCODE,MCYCL_DS,CARBUR,CYLINDER,DISPLACE,MCYCL_CY,MCYCL_WT,TIRE_SZE,TON_RAT,TRK_WT,TRKWTVAR,VIN_REST,WHLDRWHL,J_KNIFE,MCARR_I1,MCARR_I2,MCARR_ID,GVWR,V_CONFIG,CARGO_BT,HAZ_INV,HAZ_PLAC,HAZ_ID,HAZ_CNO,HAZ_REL,BUS_USE,SPEC_USE,EMER_USE,TRAV_SP,UNDERIDE,ROLLOVER,ROLINLOC,IMPACT1,DEFORMED,TOWED,M_HARM,VEH_SC1,VEH_SC2,FIRE_EXP,DR_PRES,L_STATE,DR_ZIP,L_STATUS,L_TYPE,CDL_STAT,L_ENDORS,L_COMPL,L_RESTRI,DR_HGT,DR_WGT,PREV_ACC,PREV_SUS,PREV_DWI,PREV_SPD,PREV_OTH,FIRST_MO,FIRST_YR,LAST_MO,LAST_YR,SPEEDREL,DR_SF1,DR_SF2,DR_SF3,DR_SF4,VTRAFWAY,VNUM_LAN,VSPD_LIM,VALIGN,VPROFILE,VPAVETYP,VSURCOND,VTRAFCON,VTCONT_F,P_CRASH1,P_CRASH2,P_CRASH3,PCRASH4,PCRASH5,ACC_TYPE,DEATHS,DR_DRINK
47,470215,1,2,1,7,4,12,34,12,6,1,0,21,2,20,471,20471,30,1991,1GCCS14Z1M81,1,G,C,C,S,1,4,Z,1,M,8,1,0,T,CHEV,S14,PK,91,17,,1,1179,1083,S,G,,,6,262,,,,B,2567,01,,42,0,0,000000000,00000000000,0,0,0,1,0,0,0,0,0,0,0,998,0,1,1,9,6,2,1,0,0,0,1,21,42164,6,1,0,0,3,0,62,118,2,0,0,0,0,9,2010,9,2011,0,38,0,0,0,1,2,55,3,1,2,1,0,0,98,15,1,1,2,82,1,0
47,470215,2,2,1,7,4,12,34,12,6,1,0,47,2,12,6,12006,4,1969,9U64K124592,9,U,6,4,K,1,2,4,5,9,2,,0,P,FORD,LTD,4D,69,11,3655,,0,1210,,G,,2,8,429,,,157.75,,,,,,0,0,000000000,00000000000,0,0,0,1,0,0,0,0,0,0,0,998,0,0,0,12,6,2,12,0,0,0,1,47,37086,6,1,6,0,3,1,71,175,0,0,0,2,1,8,2009,4,2011,0,0,0,0,0,1,2,55,3,1,2,1,0,0,14,67,1,1,1,83,0,0
47,470216,1,4,2,23,3,17,8,12,7,1,0,47,3,35,481,35481,31,2007,1N6AA07B27N2,1,N,6,A,A,0,7,B,2,7,N,2,0,T,NISS,TXS,CW,7,17,,2,0,1398,TTN,G,,,8,342,,,,,4985,00,E,44,0,0,000000000,00000000000,0,0,0,1,0,0,0,0,0,0,0,998,0,0,0,3,6,2,2,0,0,1,1,47,37073,6,1,0,0,3,0,72,170,1,0,0,0,0,4,2011,4,2011,1,8,28,36,0,5,4,50,1,1,2,1,0,0,6,98,1,1,2,44,1,0
47,470216,2,4,1,23,3,17,8,12,7,1,0,47,1,12,481,12481,31,2006,1FTRW12W56FA,1,F,T,R,W,1,2,W,5,6,F,A,0,T,FORD,F1S,CW,6,17,,2,0,1390,COF,G,,,8,281,,,,B,5176,01,E,42,0,0,000000000,00000000000,0,0,0,1,0,0,0,0,0,0,0,998,0,0,0,9,6,2,12,0,0,0,1,47,37072,6,1,0,0,3,0,76,330,0,0,0,0,0,0,0,0,0,1,8,36,0,0,5,4,50,1,1,2,1,0,0,1,98,1,1,3,45,0,0
47,470216,3,4,1,23,3,17,8,12,7,1,0,47,1,12,421,12421,15,1993,1FMEU15N5PLB,1,F,M,E,U,1,5,N,5,P,L,B,0,P,FORD,BRO,UT,93,17,4574,,0,1050,,G,,F,8,302,,,15R235,,,,,,0,0,000000000,00000000000,0,0,0,1,0,0,0,0,0,0,0,998,0,1,1,11,6,2,1,0,0,0,1,47,37172,6,1,0,0,3,0,74,190,0,0,0,0,0,0,0,0,0,0,0,0,0,0,5,4,50,1,6,2,1,0,0,1,62,1,1,1,98,0,0
47,470216,4,4,1,23,3,17,8,12,7,1,0,47,0,63,34,63034,4,2011,KNAGM4A71B50,K,N,A,G,M,4,A,7,1,B,5,0,0,P,KIA,OLX,4D,11,17,3206,,0,1071,,G,,F,4,144,,,16R205,,,,,,0,0,000000000,00000000000,0,0,0,1,0,0,0,0,0,0,0,0,0,0,0,11,6,2,12,0,0,0,1,47,37172,6,1,0,0,3,0,66,220,0,0,0,0,0,0,0,0,0,0,0,0,0,0,5,4,50,1,6,2,1,0,0,1,62,98,1,1,98,0,0
47,470217,1,1,3,11,4,18,43,9,0,1,0,47,2,63,441,63441,20,2005,KNDUP1318566,K,N,D,U,P,1,3,1,8,5,6,6,0,P,KIA,SED,SV,5,17,4802,,0,1145,,G,,F,6,213,,,15R215,,,,,,0,0,000000000,00000000000,0,0,0,1,0,0,0,0,0,0,0,998,0,0,0,12,6,2,9,0,0,0,1,47,37355,6,1,0,0,3,3,65,152,0,0,0,0,0,0,0,0,0,0,0,0,0,0,1,2,55,1,1,2,1,0,0,1,83,1,1,1,13,0,0
47,470218,1,1,1,26,3,16,5,8,0,1,0,47,1,35,473,35473,31,2006,1N6BA06A96N5,1,N,6,B,A,0,6,A,9,6,N,5,0,T,NISS,TXS,PC,6,17,,2,0,1398,TTN,F,,,8,342,,,,C,4655,00,E,42,0,0,000000000,00000000000,0,0,0,1,0,0,0,0,0,0,0,998,0,0,0,12,4,3,8,0,0,0,1,39,44890,6,1,0,0,3,0,71,145,0,0,0,0,0,0,0,0,0,0,0,0,0,0,3,4,45,1,1,2,1,3,3,1,80,1,1,1,13,0,0
47,470219,1,1,3,1,4,19,47,35,0,1,0,36,2,12,22,12022,6,2007,1FMDK05197GA,1,F,M,D,K,0,5,1,9,7,G,A,0,P,FORD,FSL,UT,7,17,3825,,0,1129,,G,,F,6,183,,,17R215,,,,,,0,0,000000000,00000000000,0,0,0,1,0,0,0,0,0,0,0,998,0,1,5,12,6,2,1,0,0,0,1,36,13340,0,0,0,0,0,0,999,999,0,0,0,0,0,0,0,0,0,0,0,0,0,0,1,2,45,2,6,2,1,0,0,14,13,7,1,4,1,2,1
47,470220,1,1,2,15,4,18,0,1,0,1,0,47,2,41,471,41471,30,2001,4F4YR12C01TM,4,F,4,Y,R,1,2,C,0,1,T,M,0,T,MAZD,5RC,PK,1,17,,1,0,1116,B25,G,,,4,152,,,,,2960,00,E,42,0,0,000000000,00000000000,0,0,0,1,0,0,0,0,0,0,0,998,0,1,1,0,6,2,1,0,0,0,1,47,37660,6,1,0,0,3,0,67,149,0,0,0,0,0,0,0,0,0,0,58,0,0,0,2,2,45,1,1,2,1,0,0,1,9,7,3,6,98,1,1
47,470221,1,1,1,12,4,19,20,33,0,1,0,47,2,35,47,35047,4,2006,1N4AL11D86C1,1,N,4,A,L,1,1,D,8,6,C,1,0,P,NISS,ASL,4D,6,17,2915,,0,1102,,G,,F,4,153,,,16R215,,,,,,0,0,000000000,00000000000,0,0,0,1,0,0,0,0,0,0,0,998,0,1,5,1,6,2,33,0,0,0,1,47,37312,6,1,0,0,3,0,63,105,1,0,0,1,0,5,2009,7,2010,0,99,99,99,99,2,4,45,1,1,2,1,0,0,15,13,1,1,4,1,1,0
47,470223,1,2,1,14,4,3,33,12,2,1,0,47,1,58,37,58037,4,2008,JNKBV61E18M2,J,N,K,B,V,6,1,E,1,8,M,2,0,P,INFI,G35,4D,8,17,3497,,0,1122,,G,,F,6,214,,,17R225,,,,,,0,0,000000000,00000000000,0,0,0,1,0,0,0,0,0,0,0,998,0,0,0,12,6,2,12,0,0,0,1,47,37921,6,1,0,0,3,0,67,120,0,0,0,3,0,12,2009,5,2010,0,51,0,0,0,2,4,50,2,2,2,1,0,0,98,8,1,1,1,52,1,1
47,470223,2,2,1,14,4,3,33,12,2,1,0,47,1,7,442,7442,20,2005,1D4GP24R55B1,1,D,4,G,P,2,4,R,5,5,B,1,0,T,DODG,GCS,ES,5,17,,1,0,1193,CAR,G,,,6,201,,,,,3867,00,E,42,0,0,000000000,00000000000,0,0,0,1,0,0,0,0,0,0,0,998,0,0,0,12,6,2,12,0,0,0,1,47,37777,6,1,0,0,3,3,66,175,0,0,0,1,0,8,2011,8,2011,0,0,0,0,0,2,4,50,2,2,2,1,0,0,14,98,1,1,1,52,0,0
47,470224,1,2,1,15,4,18,16,12,6,1,0,47,1,23,481,23481,31,2005,1GTHK29U55E1,1,G,T,H,K,2,9,U,5,5,E,1,0,T,GMC,2KH,4C,5,17,,2,1575,1430,SIE,G,,,8,366,,,,C,5664,02,U,44,0,0,000000000,00000000000,0,0,0,1,0,0,0,0,0,0,0,998,7,0,0,12,6,2,12,0,0,1,1,47,37862,6,1,0,0,3,0,71,300,0,0,0,0,0,0,0,0,0,0,0,0,0,0,1,2,35,3,1,2,1,0,0,14,62,1,1,1,65,0,0
47,470224,2,2,1,15,4,18,16,12,6,1,0,47,1,76,706,76706,80,1997,JYA4YWE02VA0,J,Y,A,4,Y,W,E,0,2,V,A,0,0,M,YAMA,Y1R,RC,97,17,,,,,,,1003,,4,,4,999,,,,,,,0,0,000000000,00000000000,0,0,0,1,0,0,0,0,0,0,0,998,0,0,0,3,6,2,12,0,0,1,1,13,30120,6,1,0,0,3,0,68,170,98,0,0,0,0,0,0,0,0,9,99,99,99,99,1,2,35,2,1,2,1,0,0,14,10,1,1,2,64,1,0
47,470225,1,1,1,12,4,6,40,8,0,1,0,47,3,84,981,84981,50,2001,1HVBGAAN31A9,1,H,V,B,G,A,A,N,3,1,A,9,0,T,INTL,300,BU,1,17,,7,0,0,30S,D,,,6,466,,,,,00000,00,,42,0,88,888888888,88888888888,3,21,22,1,0,0,0,0,1,0,0,998,0,0,0,1,2,3,8,0,0,0,1,47,37616,6,1,6,1,3,1,72,230,0,0,0,0,0,0,0,0,0,0,99,99,99,99,1,2,30,1,1,2,1,0,0,3,80,1,1,1,13,0,0
47,470226,1,2,1,18,4,17,3,12,6,1,0,47,1,55,37,55037,2,2004,KMHHN65FX4U1,K,M,H,H,N,6,5,F,X,4,U,1,0,P,HYUN,TGT,CP,4,17,3015,,0,996,,G,,F,6,162,,,17R215,,,,,,0,0,000000000,00000000000,0,0,0,1,0,0,0,0,0,0,0,998,0,0,0,11,6,2,12,0,0,0,1,41,97230,6,1,0,0,3,1,71,160,0,0,0,0,0,0,0,0,0,0,51,0,0,0,5,2,45,1,1,2,1,0,0,99,10,99,1,2,65,1,0
47,470226,2,2,1,18,4,17,3,12,6,1,0,47,1,12,402,12402,14,2007,1FMCU03117KA,1,F,M,C,U,0,3,1,1,7,K,A,0,P,FORD,SPE,UT,7,17,3156,,0,1031,,G,,F,6,183,,,16R235,,,,,,0,0,000000000,00000000000,0,0,0,1,0,0,0,0,0,0,0,998,0,0,0,12,6,2,12,0,0,0,1,55,54872,6,1,0,0,3,1,67,165,0,0,0,0,0,0,0,0,0,0,0,0,0,0,5,2,45,1,1,2,1,0,0,1,62,8,2,1,64,0,0
47,470227,1,1,1,5,4,0,33,41,0,1,0,47,1,6,55,6055,2,2005,1C3AN79N55X0,1,C,3,A,N,7,9,N,5,5,X,0,0,P,CHRY,CR6,CP,5,17,3250,,0,945,,G,,Z,6,195,,,18R225,,,,,,0,0,000000000,00000000000,0,0,0,1,0,0,0,0,0,0,0,998,0,1,5,1,6,2,1,0,0,0,1,47,37802,6,1,0,0,3,0,74,200,1,0,0,0,0,11,2010,11,2010,0,0,0,0,0,1,2,45,2,6,2,1,0,0,14,10,1,1,4,6,1,1
47,470228,1,1,1,15,4,21,15,42,0,1,0,47,2,13,1,13001,4,1995,1LNLM82W7SY7,1,L,N,L,M,8,2,W,7,S,Y,7,0,P,LINC,SES,4D,95,17,4057,,0,1174,,G,,F,8,281,,,15R215,,,,,,0,0,000000000,00000000000,0,0,0,1,0,0,0,0,0,0,0,998,0,0,0,9,6,2,42,0,0,0,1,47,37303,6,1,0,0,3,0,70,150,0,0,0,0,0,0,0,0,0,1,0,0,0,0,1,2,55,2,1,2,1,0,0,14,6,9,1,4,6,1,1
47,470229,1,1,3,15,4,18,8,9,0,1,0,47,1,35,421,35421,15,2010,5N1BA0NE6AN6,5,N,1,B,A,0,N,E,6,A,N,6,0,P,NISS,ARM,UT,10,17,5672,,0,1232,,F,,F,8,342,,,20R275,,,,,,0,0,000000000,00000000000,0,0,0,1,0,0,0,0,0,0,0,998,0,0,0,1,4,1,9,0,0,0,1,47,38583,6,1,0,0,3,0,63,140,0,0,0,1,0,4,2011,4,2011,0,0,0,0,0,1,2,45,3,1,2,1,0,0,14,83,1,1,1,13,0,0
47,470230,1,1,1,31,3,23,14,53,0,1,0,47,2,7,482,7482,31,2002,3B7HU18N52G1,3,B,7,H,U,1,8,N,5,2,G,1,0,T,DODG,Q15,CW,2,17,,2,1605,1405,RPC,G,,,8,287,,,,B,5000,02,E,44,0,0,000000000,00000000000,0,0,0,1,0,0,0,0,0,0,0,998,0,0,0,12,6,2,42,0,0,0,1,47,37115,6,2,0,0,3,2,69,212,0,0,0,0,0,0,0,0,0,1,28,73,0,0,1,2,55,3,1,2,1,0,0,14,6,1,4,4,7,1,0
47,470231,1,3,1,11,4,19,51,12,1,1,0,47,2,72,706,72706,80,2005,1HD1HAZ105K8,1,H,D,1,H,A,Z,1,0,5,K,8,0,M,HD,VRA,RS,5,17,,,,,,,1130,,2,,4,999,,,,,,,0,0,000000000,00000000000,0,0,0,1,0,0,0,0,0,0,0,998,0,0,0,12,6,2,12,0,0,0,1,47,38008,1,1,0,0,2,0,71,275,0,0,0,0,0,0,0,0,0,0,0,0,0,0,2,2,45,1,1,2,1,0,0,1,50,6,9,3,32,1,0
47,470231,2,3,1,11,4,19,51,12,1,1,0,47,1,72,706,72706,80,2007,1HD1JH5117Y0,1,H,D,1,J,H,5,1,1,7,Y,0,0,M,HD,STE,RS,7,17,,,,,,,1584,,2,,4,725,,,,,,,0,0,000000000,00000000000,0,0,0,1,0,0,0,0,0,0,0,998,0,0,0,98,6,2,12,0,0,0,1,47,38008,6,1,0,0,2,3,66,185,0,0,0,0,0,0,0,0,0,0,0,0,0,0,2,2,45,1,1,2,1,0,0,1,98,99,1,3,98,0,0
47,470231,3,3,0,11,4,19,51,12,1,1,0,47,6,41,471,41471,30,1993,JM2UF1138P03,J,M,2,U,F,1,1,3,8,P,0,3,0,T,MAZD,22S,PK,93,17,,1,0,1087,B22,G,,,4,133,,,,,2660,00,A,42,0,0,000000000,00000000000,0,0,0,1,0,0,0,0,0,0,0,0,0,0,0,6,6,2,12,0,0,0,0,0,99997,7,6,97,7,6,7,998,997,998,998,998,998,998,98,9998,98,9998,8,0,0,0,0,2,2,45,1,1,2,1,0,0,0,98,0,0,0,32,0,0
47,470232,1,2,2,7,4,12,40,12,2,1,0,47,1,49,33,49033,3,2000,JTDDR32T9Y00,J,T,D,D,R,3,2,T,9,Y,0,0,0,P,TOYT,CGF,2H,0,17,2425,,0,1023,,G,,F,4,109,,,15R195,,,,,,0,0,000000000,00000000000,0,0,0,1,0,0,0,0,0,0,0,998,0,0,0,12,6,2,12,0,0,0,1,13,30436,6,2,0,0,3,0,63,112,98,0,0,0,0,0,0,0,0,0,28,52,0,0,1,2,55,1,1,2,1,0,0,1,10,1,1,2,50,1,0
47,470232,2,2,1,7,4,12,40,12,2,1,0,47,1,22,20,22020,4,1994,1G2WJ52M1RF2,1,G,2,W,J,5,2,M,1,R,F,2,0,P,PONT,GFS,4D,94,17,3370,,0,1075,,G,,F,6,191,,,15R205,,,,,,0,0,000000000,00000000000,0,0,0,1,0,0,0,0,0,0,0,998,0,0,0,12,6,2,12,0,0,0,1,47,37347,6,1,0,0,3,0,68,189,0,0,0,0,0,0,0,0,0,0,0,0,0,0,1,2,55,1,1,2,1,0,0,1,62,1,1,1,51,0,0
47,470233,1,1,1,14,4,18,0,42,0,1,0,47,1,72,706,72706,80,1991,1HD1BML17MY0,1,H,D,1,B,M,L,1,7,M,Y,0,0,M,HD,FLF,RS,91,17,,,,,,,1340,,2,,4,650,,,,,,,0,0,000000000,00000000000,0,0,0,1,0,0,0,0,0,0,0,998,0,0,0,3,6,2,42,0,0,0,1,47,37380,6,1,0,0,3,0,66,190,0,0,0,0,0,0,0,0,0,1,99,99,99,99,1,2,45,3,1,2,1,0,0,14,6,1,1,4,1,1,1
47,470234,1,2,2,17,4,15,37,12,6,1,0,13,1,49,472,49472,30,2001,5TENM92N31Z7,5,T,E,N,M,9,2,N,3,1,Z,7,0,T,TOYT,RRG,PK,1,17,,1,0,1033,TAC,G,,,4,164,,,,B,3095,00,U,42,0,0,000000000,00000000000,0,0,0,1,0,0,0,0,0,0,0,998,0,0,0,12,6,2,12,0,0,0,1,13,30736,6,1,0,0,3,0,70,170,98,0,0,0,0,0,0,0,0,0,0,0,0,0,1,2,45,1,1,2,2,0,0,1,67,1,1,1,83,0,0
47,470234,2,2,1,17,4,15,37,12,6,1,0,47,1,21,20,21020,4,1991,1G3WH54T3MD3,1,G,3,W,H,5,4,T,3,M,D,3,0,P,OLDS,CSF,4D,91,17,3004,,0,1075,,G,,F,6,191,,,14R195,,,,,,0,0,000000000,00000000000,0,0,0,1,0,0,0,0,0,0,0,998,0,0,0,9,6,2,12,0,0,0,1,47,37381,6,1,0,0,3,0,65,170,0,0,0,0,0,0,0,0,0,0,38,0,0,0,1,2,45,1,1,2,2,20,3,11,15,1,1,1,82,1,0
47,470235,1,1,1,20,4,15,30,35,0,1,0,47,1,20,481,20481,31,1989,1GCDK14K0KZ2,1,G,C,D,K,1,4,K,0,K,Z,2,0,T,CHEV,GK1,PK,89,17,,1,1315,1175,GM4,G,,,8,350,,,,B,4553,06,,44,0,0,000000000,00000000000,0,0,0,1,0,0,0,0,0,0,0,998,0,0,0,14,6,2,3,0,0,0,1,47,37727,6,1,0,0,3,0,66,273,1,0,0,0,0,2,2011,2,2011,0,99,99,99,99,1,2,30,2,1,2,1,0,0,14,13,1,1,4,1,1,0
47,470236,1,1,1,20,4,99,99,30,0,1,0,47,2,2,405,2405,14,2005,1J4GL48K25W6,1,J,4,G,L,4,8,K,2,5,W,6,0,T,JEEP,SPR,4W,5,17,,1,0,1043,LIB,G,,,6,226,,,,,3731,00,E,44,0,0,000000000,00000000000,0,0,0,1,0,0,0,0,0,0,0,998,0,0,0,12,6,2,30,0,0,0,1,47,38356,2,1,0,0,2,0,68,180,0,6,0,0,0,10,2009,12,2010,9,99,99,99,99,1,2,45,2,1,2,1,0,0,14,12,99,9,4,6,1,0
47,470237,1,1,1,24,4,11,35,33,0,1,0,47,1,35,49,35049,6,2007,JN8AZ08T97W5,J,N,8,A,Z,0,8,T,9,7,W,5,0,P,NISS,MUR,UT,7,17,3723,,0,1112,,G,,F,6,213,,,000000,,,,,,0,0,000000000,00000000000,0,0,0,1,0,0,0,0,0,0,0,998,0,0,0,12,6,2,33,0,0,0,1,47,38107,6,1,0,0,3,3,75,240,0,0,0,0,1,3,2011,3,2011,0,0,0,0,0,1,5,40,1,1,2,1,0,0,1,13,1,1,4,1,1,0
47,470238,1,2,2,14,3,11,9,12,2,1,0,47,1,49,32,49032,4,2003,JTDBR32E8300,J,T,D,B,R,3,2,E,8,3,0,0,0,P,TOYT,EEL,4D,3,17,2502,,0,1024,,G,,F,4,109,,,16R205,,,,,,0,0,000000000,00000000000,0,0,0,1,0,0,0,0,0,0,0,998,0,0,0,12,6,2,12,0,0,0,1,47,37075,6,1,0,0,3,0,69,200,0,0,0,1,0,4,2010,4,2010,0,0,0,0,0,5,2,40,1,2,2,1,0,0,1,62,9,1,1,51,1,0
47,470238,2,2,1,14,3,11,9,12,2,1,0,47,1,23,401,23401,14,2003,1GKDS13S6322,1,G,K,D,S,1,3,S,6,3,2,2,0,T,GMC,ENV,4W,3,17,,1,0,1130,ENV,G,,,6,256,,,,B,4417,00,E,42,0,0,000000000,00000000000,0,0,0,1,0,0,0,0,0,0,0,998,0,0,0,12,6,2,12,0,0,0,1,47,37073,2,1,0,0,2,2,68,145,0,6,0,0,1,3,2009,7,2010,0,28,74,0,0,5,2,40,1,2,2,1,0,0,1,10,1,1,2,50,0,0
47,470239,1,1,1,17,3,22,44,8,0,1,0,47,1,9,442,9442,20,1997,1P4GP44RXVB3,1,P,4,G,P,4,4,R,X,V,B,3,0,T,PLYM,GSR,ES,97,17,,1,0,1193,VOF,G,,,6,201,,,,,3687,00,E,42,0,0,000000000,00000000000,0,0,0,1,0,0,0,0,0,0,0,32,0,0,0,11,2,4,8,0,0,0,1,21,42749,1,1,0,0,2,0,73,230,0,0,0,0,0,0,0,0,0,0,91,0,0,0,5,2,45,1,2,2,2,0,0,1,80,1,1,1,13,0,0
47,470240,1,1,1,24,4,8,45,33,0,1,0,47,3,13,1,13001,4,1995,1LNLM81W1SY6,1,L,N,L,M,8,1,W,1,S,Y,6,0,P,LINC,EXC,4D,95,17,4031,,0,1174,,G,,F,8,281,,,15R215,,,,,,0,0,000000000,00000000000,0,0,0,1,0,0,0,0,0,0,0,998,0,0,0,12,6,2,42,0,0,0,1,47,38116,6,1,0,0,3,0,70,180,0,0,0,0,0,0,0,0,0,9,99,99,99,99,5,6,45,1,1,2,1,0,0,1,12,99,1,4,6,1,0
47,470241,1,2,1,21,4,13,42,12,6,1,0,47,2,20,404,20404,14,2008,2CNDL13F2863,2,C,N,D,L,1,3,F,2,8,6,3,0,P,CHEV,EQU,UT,8,17,3699,,0,1125,,G,,F,6,207,,,16R235,,,,,,0,0,000000000,00000000000,0,0,0,1,0,0,0,0,0,0,0,998,0,0,0,3,6,2,12,0,0,0,1,47,37341,6,1,0,0,3,0,63,230,0,0,0,0,0,0,0,0,0,0,38,0,0,0,1,2,45,1,1,2,1,20,3,11,15,1,1,2,82,1,0
47,470241,2,2,1,21,4,13,42,12,6,1,0,47,2,23,421,23421,15,2002,1GKEK13Z42J3,1,G,K,E,K,1,3,Z,4,2,J,3,0,T,GMC,YUK,4W,2,17,,2,0,1160,YUK,F,,,8,325,,,,B,5133,00,K,44,0,0,000000000,00000000000,0,0,0,1,0,0,0,0,0,0,0,998,0,0,0,12,6,2,12,0,0,0,1,47,37416,6,1,0,0,3,0,64,120,1,0,0,0,0,7,2009,7,2009,0,0,0,0,0,5,6,45,1,1,2,1,0,0,1,67,1,1,1,83,0,0
47,470242,1,2,1,4,4,12,4,12,6,1,0,47,1,35,401,35401,14,2005,5N1AR18W85C7,5,N,1,A,R,1,8,W,8,5,C,7,0,P,NISS,PFI,UT,5,17,4452,,0,1122,,G,,F,6,244,,,16R265,,,,,,0,0,000000000,00000000000,0,0,0,1,0,0,0,0,0,0,0,998,0,0,0,1,4,3,12,0,0,0,1,47,37087,6,1,0,0,3,0,63,130,0,0,0,0,0,0,0,0,0,0,6,0,0,0,1,2,30,1,1,2,1,0,0,11,15,1,1,2,68,0,0
47,470242,2,2,1,4,4,12,4,12,6,1,0,47,1,53,705,53705,80,2007,JS1GN7DA2721,J,S,1,G,N,7,D,A,2,7,2,1,0,M,SUZI,G60,RC,7,17,,,,,,,599,,4,,4,354,,,,,,,0,0,000000000,00000000000,0,0,0,1,0,0,0,0,0,0,0,998,0,0,0,99,4,3,12,0,0,0,1,47,37087,6,1,0,0,2,0,69,200,1,5,0,3,1,6,2009,1,2012,9,0,0,0,0,1,2,30,1,1,2,1,0,0,1,62,1,1,1,69,1,0
47,470243,1,1,2,28,3,21,0,17,0,1,1,92,0,98,739,98739,90,2007,4XA1H50A27A9,4,X,A,1,H,5,0,A,2,7,A,9,0,M,POLS,,AT,7,17,,,,,,,,,1,,4,,,,,,,,0,0,000000000,00000000000,0,0,0,1,0,0,0,0,0,0,0,998,0,1,5,11,6,2,1,0,0,0,1,47,38256,1,1,0,0,2,0,72,190,0,0,0,0,1,10,2010,10,2010,0,18,28,0,0,1,2,55,1,6,2,1,0,0,1,10,1,1,4,6,1,1
47,470244,1,2,3,17,4,15,45,12,2,1,0,47,2,35,471,35471,30,1991,1N6SD11SXMC3,1,N,6,S,D,1,1,S,X,M,C,3,0,T,NISS,SWB,PK,91,17,,1,0,1043,TRK,G,,,4,146,,,,B,2714,01,A,42,0,0,000000000,00000000000,0,0,0,1,0,0,0,0,0,0,0,998,0,0,0,12,6,2,12,0,0,0,1,47,37365,6,1,0,0,3,0,72,180,0,0,0,0,0,0,0,0,0,0,28,0,0,0,1,2,55,1,5,2,1,0,0,1,10,1,1,2,50,1,0
47,470244,2,2,3,17,4,15,45,12,2,1,0,47,2,22,9,22009,2,1999,2G2FS22K5X22,2,G,2,F,S,2,2,K,5,X,2,2,0,P,PONT,FBD,2H,99,17,3340,,0,1011,,G,,F,6,231,,,16R215,,,,,,0,0,000000000,00000000000,0,0,0,1,0,0,0,0,0,0,0,998,0,0,0,12,6,2,12,0,0,0,1,47,37365,6,2,0,0,3,2,70,140,0,0,0,0,0,0,0,0,0,0,73,0,0,0,1,2,55,1,6,2,1,0,0,1,62,6,1,1,51,0,0
47,470245,1,1,2,19,4,20,28,32,0,1,0,47,1,12,441,12441,20,1995,1FMDA11U2SZA,1,F,M,D,A,1,1,U,2,S,Z,A,0,P,FORD,ARO,SV,95,17,3646,,0,1190,,G,,F,6,182,,,14R215,,,,,,0,0,000000000,00000000000,0,0,0,1,0,0,0,0,0,0,0,998,0,1,5,12,6,2,1,0,0,0,1,47,38127,2,1,0,0,2,0,66,160,0,0,0,0,0,0,0,0,0,0,28,0,0,0,1,2,50,2,6,2,1,0,0,14,10,1,1,4,6,1,1
47,470246,1,1,1,26,4,0,15,53,0,1,0,47,1,20,402,20402,14,1992,2CNBJ18U8N69,2,C,N,B,J,1,8,U,8,N,6,9,0,P,GEO,GEO,UT,92,17,2365,,0,866,,G,,F,4,097,,,15R205,,,,,,0,0,000000000,00000000000,0,0,0,1,0,0,0,0,0,0,0,998,0,1,5,12,6,2,1,0,0,0,1,47,37821,6,1,0,0,3,0,66,172,0,0,0,0,0,0,0,0,0,0,58,0,0,0,1,2,40,1,1,2,1,0,0,1,10,7,1,4,6,1,1
47,470247,1,2,1,28,3,18,15,12,6,1,1,47,1,2,403,2403,14,1995,1J4FY19P9SP2,1,J,4,F,Y,1,9,P,9,S,P,2,0,T,JEEP,WSR,2W,95,17,,1,0,934,W/Y,G,,,4,150,,,,,2861,00,A,44,0,0,000000000,00000000000,0,0,0,1,0,0,0,0,0,0,0,998,0,0,0,1,6,2,12,0,0,0,1,47,38320,6,1,0,0,3,0,66,170,1,0,0,0,0,8,2011,8,2011,0,38,0,0,0,1,2,55,1,5,2,1,0,0,11,15,1,1,2,68,1,0
47,470247,2,2,1,28,3,18,15,12,6,1,0,93,3,87,881,87881,66,1997,1XP5D69X9VN4,1,X,P,5,D,6,9,X,9,V,N,4,1,T,PTRB,379,TR,97,17,,8,0,0,CON,D,,,6,855,,,,,00000,00,,64,3,57,00305514,5700305514,3,6,8,1,0,0,0,0,0,0,0,998,0,0,0,12,6,2,12,0,0,0,1,47,38358,6,1,6,0,3,1,68,170,1,2,0,1,1,11,2010,3,2011,0,24,0,0,0,1,2,55,1,6,2,1,0,0,1,67,9,1,1,69,0,0
47,470248,1,2,2,24,4,14,25,38,0,1,0,47,1,49,40,49040,4,1995,4T1SK12E3SU4,4,T,1,S,K,1,2,E,3,S,U,4,0,P,TOYT,CLE,4D,95,17,3086,,0,1031,,G,,F,4,132,,,14R195,,,,,,0,0,000000000,00000000000,0,0,0,1,0,0,0,0,0,0,0,998,0,0,0,4,6,2,12,0,0,0,1,47,37861,0,0,0,0,0,0,999,999,99,99,99,99,99,99,9999,99,9999,0,0,0,0,0,1,2,45,1,5,2,1,0,0,1,62,1,1,1,98,1,0