STATE,ST_CASE,VEH_NO,VE_FORMS,NUMOCCS,DAY,MONTH,HOUR,MINUTE,HARM_EV,MAN_COLL,UNITTYPE,HIT_RUN,REG_STAT,OWNER,MAKE,MODEL,MAK_MOD,BODY_TYP,MOD_YEAR,VIN,VIN_1,VIN_2,VIN_3,VIN_4,VIN_5,VIN_6,VIN_7,VIN_8,VIN_9,VIN_10,VIN_11,VIN_12,TOW_VEH,VINTYPE,VINMAKE,VINA_MOD,VIN_BT,VINMODYR,VIN_LNGT,VIN_WGT,WGTCD_TR,WHLBS_LG,WHLBS_SH,SER_TR,FUELCODE,MCYCL_DS,CARBUR,CYLINDER,DISPLACE,MCYCL_CY,MCYCL_WT,TIRE_SZE,TON_RAT,TRK_WT,TRKWTVAR,VIN_REST,WHLDRWHL,J_KNIFE,MCARR_I1,MCARR_I2,MCARR_ID,GVWR,V_CONFIG,CARGO_BT,HAZ_INV,HAZ_PLAC,HAZ_ID,HAZ_CNO,HAZ_REL,BUS_USE,SPEC_USE,EMER_USE,TRAV_SP,UNDERIDE,ROLLOVER,ROLINLOC,IMPACT1,DEFORMED,TOWED,M_HARM,VEH_SC1,VEH_SC2,FIRE_EXP,DR_PRES,L_STATE,DR_ZIP,L_STATUS,L_TYPE,CDL_STAT,L_ENDORS,L_COMPL,L_RESTRI,DR_HGT,DR_WGT,PREV_ACC,PREV_SUS,PREV_DWI,PREV_SPD,PREV_OTH,FIRST_MO,FIRST_YR,LAST_MO,LAST_YR,SPEEDREL,DR_SF1,DR_SF2,DR_SF3,DR_SF4,VTRAFWAY,VNUM_LAN,VSPD_LIM,VALIGN,VPROFILE,VPAVETYP,VSURCOND,VTRAFCON,VTCONT_F,P_CRASH1,P_CRASH2,P_CRASH3,PCRASH4,PCRASH5,ACC_TYPE,DEATHS,DR_DRINK
47,470284,1,1,1,9,5,19,50,21,0,1,0,47,1,14,443,14443,20,1995,4M2DV11W1SDJ,4,M,2,D,V,1,1,W,1,S,D,J,0,P,MERC,VLR,SV,95,17,3870,,0,1122,,G,,F,6,182,,,15R205,,,,,,0,0,000000000,00000000000,0,0,0,1,0,0,0,0,0,0,0,998,0,0,0,12,6,2,21,0,0,1,1,47,37934,6,1,0,0,3,0,70,190,0,0,0,0,0,0,0,0,0,9,28,0,0,0,3,2,65,1,1,2,1,0,0,1,13,99,1,4,1,1,1
47,470285,1,4,1,2,5,17,39,12,1,1,0,17,3,51,881,51881,66,2004,4V4NC9GH64N3,4,V,4,N,C,9,G,H,6,4,N,3,1,T,VOLV,VNL,TR,4,17,,8,0,0,VVN,D,,,6,732,,,,,00000,00,,64,1,57,01331252,5701331252,3,6,1,1,0,0,0,0,0,0,0,998,0,1,2,12,6,2,12,0,0,0,1,48,76179,6,1,6,0,3,0,999,999,0,0,0,0,2,11,2010,1,2012,0,6,24,35,36,6,1,55,1,1,2,1,0,0,6,9,1,1,1,32,0,0
47,470285,2,4,1,2,5,17,39,12,1,1,0,93,3,51,881,51881,66,2003,4V4NC9TH93N3,4,V,4,N,C,9,T,H,9,3,N,3,1,T,VOLV,VNL,TR,3,17,,8,0,0,VVN,D,,,6,915,,,,,00000,00,,64,1,57,01820937,5701820937,3,6,3,1,0,0,0,0,0,0,0,998,0,0,0,6,6,2,12,0,0,0,1,28,39119,6,1,6,0,3,0,70,280,0,0,0,0,0,0,0,0,0,0,0,0,0,0,6,1,55,1,1,2,1,0,0,1,53,1,1,1,32,0,0
47,470285,3,4,2,2,5,17,39,12,1,1,0,47,1,24,9,24009,4,2008,1G8ZS57N08F2,1,G,8,Z,S,5,7,N,0,8,F,2,0,P,STRN,AXE,4D,8,17,3525,,0,1123,,G,,F,6,215,,,17R225,,,,,,0,0,000000000,00000000000,0,0,0,1,0,0,0,0,0,0,0,0,0,0,0,6,6,2,12,0,0,0,1,47,37763,6,1,0,0,3,0,61,135,0,0,0,0,0,0,0,0,0,0,0,0,0,0,6,1,40,1,6,2,1,0,0,5,61,6,1,1,98,0,0
47,470285,4,4,1,2,5,17,39,12,1,1,0,47,1,12,37,12037,2,2000,3FAFP3131YR2,3,F,A,F,P,3,1,3,1,Y,R,2,0,P,FORD,FZX,3P,0,17,2551,,0,1030,,G,,F,4,121,,,15R195,,,,,,0,0,000000000,00000000000,0,0,0,1,0,0,0,0,0,0,0,0,0,0,0,3,6,2,12,0,0,0,1,47,37774,6,1,0,0,3,0,61,110,0,0,0,0,0,0,0,0,0,0,0,0,0,0,6,1,40,1,6,2,1,0,0,5,61,1,1,1,98,1,1
47,470286,1,1,1,11,5,9,10,24,0,1,0,47,1,12,481,12481,31,1997,1FTDX1865VNA,1,F,T,D,X,1,8,6,5,V,N,A,0,T,FORD,F15,3C,97,17,,1,1570,1390,COF,G,,,8,281,,,,B,4480,01,E,44,0,0,000000000,00000000000,0,0,0,1,0,0,0,0,0,0,0,998,0,0,0,12,6,2,24,0,0,0,1,47,37665,6,1,0,0,3,0,70,200,0,1,0,0,0,7,2010,7,2010,9,6,28,0,0,3,2,55,1,5,2,1,0,0,1,13,1,1,4,1,1,0
47,470287,1,1,1,6,5,23,52,19,0,1,0,47,1,20,401,20401,14,1996,1GNDT13W1T22,1,G,N,D,T,1,3,W,1,T,2,2,0,P,CHEV,BZR,UT,96,17,4023,,0,1070,,G,,F,6,262,,,15R235,,,,,,0,0,000000000,00000000000,0,0,0,1,0,0,0,0,0,0,0,998,0,0,0,12,6,2,19,0,0,0,1,47,38570,6,1,6,0,3,0,71,275,0,0,0,0,0,0,0,0,0,9,99,99,99,99,4,2,35,1,2,2,1,0,0,1,13,1,1,4,1,1,0
47,470288,1,4,1,11,5,16,30,12,6,1,0,47,1,20,22,20022,4,2010,1G1AD5F5XA72,1,G,1,A,D,5,F,5,X,A,7,2,0,P,CHEV,BLT,4D,10,17,3216,,0,1033,,G,,F,4,134,,,15R195,,,,,,0,0,000000000,00000000000,0,0,0,1,0,0,0,0,0,0,0,998,0,0,0,11,6,2,12,0,0,0,1,47,38454,6,1,0,0,3,1,70,140,1,0,0,0,0,12,2011,12,2011,0,28,0,0,0,5,4,45,1,1,2,1,0,0,1,10,1,1,2,64,1,0
47,470288,2,4,2,11,5,16,30,12,6,1,0,18,3,82,881,82881,66,2012,1FUJGLDR2CSB,1,F,U,J,G,L,D,R,2,C,S,B,1,T,FRHT,125,TR,12,17,,8,0,0,CSC,D,,,6,903,,,,,00000,00,,64,1,57,00515580,5700515580,3,6,1,1,0,0,0,0,0,0,0,998,0,0,0,7,4,1,12,0,0,0,1,47,38109,6,1,6,0,3,0,67,235,0,0,0,0,0,0,0,0,0,0,0,0,0,0,5,4,45,1,1,2,1,0,0,1,62,7,1,1,65,0,0
47,470288,3,4,1,11,5,16,30,12,6,1,0,47,1,2,403,2403,14,1995,1J4FY19P7SP2,1,J,4,F,Y,1,9,P,7,S,P,2,0,T,JEEP,WSR,2W,95,17,,1,0,934,W/Y,G,,,4,150,,,,,2861,00,A,44,0,0,000000000,00000000000,0,0,0,1,0,0,0,0,0,0,0,998,0,1,5,9,6,2,1,0,0,0,1,47,37055,6,1,0,0,3,0,69,215,0,0,0,0,0,0,0,0,0,0,0,0,0,0,5,4,45,1,1,2,1,0,0,1,62,7,1,3,98,0,0
47,470288,4,4,1,11,5,16,30,12,6,1,0,47,1,12,23,12023,4,2007,3FAHP06Z17R2,3,F,A,H,P,0,6,Z,1,7,R,2,0,P,FORD,F/S,4D,7,17,3101,,0,1074,,G,,F,4,140,,,16R205,,,,,,0,0,000000000,00000000000,0,0,0,1,0,0,0,0,0,0,0,998,0,0,0,99,0,1,54,0,0,0,1,47,37033,6,1,0,0,3,0,63,150,0,0,0,0,0,0,0,0,0,0,0,0,0,0,5,4,45,1,1,2,1,0,0,1,62,1,1,1,98,0,0
47,470289,1,2,1,29,4,15,15,12,2,1,0,1,2,12,37,12037,4,2011,1FAHP3HN6BW1,1,F,A,H,P,3,H,N,6,B,W,1,0,P,FORD,FCL,4D,11,17,2642,,0,1029,,G,,F,4,122,,,16R205,,,,,,0,0,000000000,00000000000,0,0,0,1,0,0,0,0,0,0,0,998,0,0,0,12,6,2,12,0,0,0,1,1,35802,6,1,0,0,3,0,72,200,2,0,1,0,1,7,2010,5,2011,9,4,28,0,0,1,2,55,1,1,2,1,0,0,1,10,1,1,2,50,0,0
47,470289,2,2,1,29,4,15,15,12,2,1,0,1,1,72,706,72706,80,2001,1HD4CJM161K1,1,H,D,4,C,J,M,1,6,1,K,1,0,M,HD,L8C,RS,1,17,,,,,,,883,,2,,4,489,,,,,,,0,0,000000000,00000000000,0,0,0,1,0,0,0,0,0,0,0,998,0,0,0,12,6,2,12,0,0,0,1,1,35805,6,1,0,0,3,0,72,180,0,0,0,1,0,11,2010,11,2010,9,0,0,0,0,1,2,55,1,1,2,1,0,0,1,60,99,1,1,51,1,0
47,470290,1,1,1,14,4,12,52,35,0,1,0,47,2,24,1,24001,4,1998,1G8ZH5288WZ1,1,G,8,Z,H,5,2,8,8,W,Z,1,0,P,STRN,SL1,4D,98,17,2355,,0,1024,,G,,F,4,116,,,14R175,,,,,,0,0,000000000,00000000000,0,0,0,1,0,0,0,0,0,0,0,998,0,1,5,12,6,2,1,0,0,0,1,12,33872,6,1,0,0,3,0,68,999,0,0,0,0,0,0,0,0,0,9,99,99,99,99,1,2,35,3,1,2,1,0,0,14,12,99,1,4,6,1,0
47,470291,1,2,1,28,4,3,30,12,2,1,0,47,2,7,482,7482,31,1996,1B7HF16Y6TS6,1,B,7,H,F,1,6,Y,6,T,S,6,0,T,DODG,150,PK,96,17,,2,1347,1187,RPC,G,,,8,318,,,,B,4512,01,M,44,0,0,000000000,00000000000,0,0,0,1,0,0,0,0,0,0,0,998,0,0,0,12,6,2,12,0,0,0,1,47,38242,6,1,0,0,3,0,75,170,0,0,0,0,1,6,2011,6,2011,0,28,0,0,0,1,2,55,1,1,2,1,0,0,1,10,1,1,2,50,1,0
47,470291,2,2,1,28,4,3,30,12,2,1,0,47,1,23,421,23421,15,2007,2GTEK13MX715,2,G,T,E,K,1,3,M,X,7,1,5,0,T,GMC,NK1,CW,7,17,,2,0,1435,SIE,G,,,8,323,,,,B,5371,00,4,44,0,0,000000000,00000000000,0,0,0,1,0,0,0,0,0,0,0,998,0,0,0,12,6,2,12,0,0,0,1,47,37185,6,1,0,0,3,0,74,225,0,0,0,0,0,0,0,0,0,0,0,0,0,0,1,2,55,1,1,2,1,0,0,1,54,1,1,1,51,0,1
47,470292,1,1,1,28,4,99,99,35,0,1,0,47,1,20,471,20471,30,1986,1GCBS14E1G21,1,G,C,B,S,1,4,E,1,G,2,1,0,T,CHEV,S14,PK,86,17,,1,1229,1083,S,G,,,4,151,,,,B,2307,02,,42,0,0,000000000,00000000000,0,0,0,1,0,0,0,0,0,0,0,998,0,1,5,11,6,2,1,0,0,0,1,47,38261,1,1,1,0,2,0,71,200,1,2,0,0,0,6,2009,8,2010,0,28,58,0,0,1,2,55,1,6,2,1,0,0,1,13,1,3,4,2,1,1
47,470293,1,1,4,29,4,21,30,5,0,1,0,47,2,49,471,49471,30,1988,JT4RN67PXJ50,J,T,4,R,N,6,7,P,X,J,5,0,0,T,TOYT,R6D,PC,88,17,,1,0,1126,X44,G,,,4,144,,,,B,3213,01,A,44,0,0,000000000,00000000000,0,0,0,1,0,0,0,0,0,0,0,998,0,0,0,0,0,1,5,0,0,0,1,47,37845,6,2,0,0,3,1,74,205,0,0,0,0,0,0,0,0,0,0,0,0,0,0,1,2,35,1,1,2,1,0,0,1,98,1,1,1,0,1,0
47,470294,1,2,6,2,5,16,0,12,6,1,0,47,1,20,2,20002,4,1991,1G1BN53E0MW2,1,G,1,B,N,5,3,E,0,M,W,2,0,P,CHEV,CLL,4D,91,17,3685,,0,1159,,G,,F,8,305,,,15R205,,,,,,0,0,000000000,00000000000,0,0,0,1,0,0,0,0,0,0,0,998,1,0,0,3,6,2,12,0,0,0,1,47,37015,6,1,0,0,3,0,71,230,0,0,0,0,0,0,0,0,0,0,0,0,0,0,1,2,45,1,1,2,1,20,3,1,19,1,1,1,84,1,0
47,470294,2,2,1,2,5,16,0,12,6,1,0,47,1,23,481,23481,31,1985,1GTEK14H0FS5,1,G,T,E,K,1,4,H,0,F,S,5,0,T,GMC,K15,PK,85,17,,2,1315,1175,K15,G,,,8,305,,,,B,3319,14,A,44,0,0,000000000,00000000000,0,0,0,1,0,0,0,0,0,0,0,998,7,0,0,12,6,2,12,0,0,0,1,47,37172,6,1,0,0,3,0,72,178,1,0,0,1,0,11,2009,8,2010,0,0,0,0,0,1,2,45,1,1,2,1,4,3,1,68,1,1,1,84,0,0
47,470295,1,2,1,4,5,99,99,12,2,1,0,47,1,20,2,20002,4,2004,2G1WH52K5493,2,G,1,W,H,5,2,K,5,4,9,3,0,P,CHEV,IPL,4D,4,17,3466,,0,1105,,G,,F,6,231,,,16R225,,,,,,0,0,000000000,00000000000,0,0,0,1,0,0,0,0,0,0,0,998,0,0,0,12,6,2,12,0,0,0,1,47,37055,6,1,0,0,3,1,69,175,0,0,0,0,0,0,0,0,0,0,0,0,0,0,5,2,45,1,2,2,1,0,0,1,10,1,1,2,50,1,0
47,470295,2,2,1,4,5,99,99,12,2,1,0,47,1,35,51,35051,6,2011,JN8AS5MTXBW1,J,N,8,A,S,5,M,T,X,B,W,1,0,P,NISS,ROG,UT,11,17,3281,,0,1059,,G,,F,4,153,,,16R215,,,,,,0,0,000000000,00000000000,0,0,0,1,0,0,0,0,0,0,0,998,0,0,0,12,6,2,12,0,0,0,1,47,37029,6,1,0,0,3,0,66,220,1,0,0,0,0,3,2011,3,2011,0,0,0,0,0,5,2,45,1,2,2,1,0,0,1,54,1,1,1,51,1,0
47,470296,1,1,1,4,5,15,0,35,0,1,0,47,1,20,20,20020,4,1999,2G1WL52M3X92,2,G,1,W,L,5,2,M,3,X,9,2,0,P,CHEV,L/S,4D,99,17,3330,,0,1075,,G,,F,6,191,,,15R205,,,,,,0,0,000000000,00000000000,0,0,0,1,0,0,0,0,0,0,0,998,0,0,0,12,6,2,35,0,0,0,1,47,37852,6,1,0,0,3,0,72,195,1,0,0,0,0,1,2011,1,2011,0,0,0,0,0,1,2,35,2,1,2,1,0,0,14,12,1,1,4,6,1,1
47,470297,1,1,4,5,5,1,30,33,0,1,0,47,2,37,32,37032,2,1999,1HGCG3240XA0,1,H,G,C,G,3,2,4,0,X,A,0,0,P,HOND,ULX,CP,99,17,3009,,0,1051,,G,,F,4,138,,,15R195,,,,,,0,0,000000000,00000000000,0,0,0,1,0,0,0,0,0,0,0,998,0,1,5,14,6,2,30,0,0,0,1,47,37814,4,7,0,0,2,2,63,144,1,1,0,0,0,6,2009,5,2012,1,74,0,0,0,1,2,30,3,1,2,1,0,0,14,6,1,1,4,1,1,1
47,470298,1,1,2,10,5,1,50,42,0,1,0,47,1,37,33,37033,2,1987,JHMBA3247HC0,J,H,M,B,A,3,2,4,7,H,C,0,0,P,HOND,2SS,CP,87,17,2337,,0,965,,G,,F,4,119,,,13R185,,,,,,0,0,000000000,00000000000,0,0,0,1,0,0,0,0,0,0,0,998,0,0,0,1,6,2,42,0,0,0,1,47,37659,6,1,0,0,3,0,69,130,1,0,0,0,0,3,2011,3,2011,1,6,28,51,0,1,2,35,3,6,2,1,0,0,14,6,7,2,4,1,1,1
47,470299,1,1,2,7,5,16,40,38,0,1,0,47,1,12,481,12481,31,1988,1FTHF25Y4JNB,1,F,T,H,F,2,5,Y,4,J,N,B,0,T,FORD,F25,PK,88,17,,2,0,1330,COF,G,,,6,300,,,,C,00000,00,A,42,0,0,000000000,00000000000,0,0,0,1,0,0,0,0,0,0,0,998,0,0,0,12,6,2,42,0,0,1,1,47,37721,2,1,2,0,2,0,68,135,0,0,0,0,0,0,0,0,0,0,28,0,0,0,1,2,30,2,1,2,2,0,0,14,13,1,2,4,2,1,1
47,470300,1,1,4,9,5,18,0,53,0,1,0,0,0,76,998,76998,95,2000,000000000000,0,0,0,0,0,0,0,0,0,0,0,0,0,,,,,,,,,,,,,,,,,,,,,,,,,0,0,000000000,00000000000,0,0,0,1,0,0,0,0,0,0,0,998,0,1,5,11,4,3,1,0,0,0,1,47,37069,6,7,0,0,1,0,67,154,0,0,0,0,0,0,0,0,0,1,6,18,28,36,1,2,20,1,6,2,1,0,0,1,1,1,2,4,7,1,0
47,470301,1,2,2,10,5,14,24,12,2,1,0,47,1,12,3,12003,2,1990,1FACP40E0LF2,1,F,A,C,P,4,0,E,0,L,F,2,0,P,FORD,MLX,2D,90,17,2759,,0,1005,,G,,F,8,302,,,14R195,,,,,,0,0,000000000,00000000000,0,0,0,1,0,0,0,0,0,0,0,998,0,0,0,12,6,2,12,0,0,0,1,47,37310,6,1,0,0,3,0,68,135,0,0,0,0,0,0,0,0,0,1,6,51,0,0,1,2,45,1,1,2,1,0,0,1,10,1,1,2,50,2,0
47,470301,2,2,4,10,5,14,24,12,2,1,0,47,1,20,481,20481,31,2003,2GCEC19T8313,2,G,C,E,C,1,9,T,8,3,1,3,0,T,CHEV,SC1,4C,3,17,,2,1575,1435,SIL,G,,,8,325,,,,B,4534,03,,42,0,0,000000000,00000000000,0,0,0,1,0,0,0,0,0,0,0,998,0,0,0,12,6,2,12,0,0,0,1,47,37325,1,1,0,0,2,2,71,200,1,2,0,0,0,8,2011,3,2012,0,74,0,0,0,1,2,45,1,1,2,1,0,0,1,62,1,1,1,51,0,0
47,470302,1,1,1,16,4,15,45,42,0,1,0,47,1,20,481,20481,31,1997,2GCEC19R7V12,2,G,C,E,C,1,9,R,7,V,1,2,0,T,CHEV,GC1,PC,97,17,,2,1555,1415,GM4,G,,,8,350,,,,B,4160,00,,42,0,0,000000000,00000000000,0,0,0,1,0,0,0,0,0,0,0,998,0,0,0,1,6,2,42,0,0,0,1,47,38375,6,1,0,0,3,0,68,200,0,0,0,0,0,0,0,0,0,9,28,0,0,0,1,2,55,3,6,2,1,0,0,14,13,99,1,4,1,1,0
47,470303,1,2,1,7,5,11,27,12,6,1,0,47,3,84,881,84881,63,2006,1HTWGAAT46J1,1,H,T,W,G,A,A,T,4,6,J,1,0,T,INTL,740,CC,6,17,,8,0,0,70S,D,,,6,466,,,,,00000,00,,64,0,57,00331442,5700331442,3,2,3,1,0,0,0,0,0,0,0,998,7,0,0,11,6,2,12,0,0,0,1,47,37148,6,1,6,0,3,0,69,125,0,0,0,0,0,0,0,0,0,0,38,0,0,0,1,2,40,1,1,2,1,20,3,11,15,1,1,1,82,0,0
47,470303,2,2,2,7,5,11,27,12,6,1,0,47,1,7,472,7472,30,1990,1B7GL23X4LS7,1,B,7,G,L,2,3,X,4,L,S,7,0,T,DODG,DAK,PC,90,17,,1,0,1309,DAK,G,,,6,239,,,,B,3137,01,A,42,0,0,000000000,00000000000,0,0,0,1,0,0,0,0,0,0,0,998,2,0,0,12,6,2,12,0,0,0,1,47,37129,6,1,0,0,3,0,67,135,0,0,0,0,0,0,0,0,0,0,0,0,0,0,1,2,40,1,1,2,1,0,0,1,67,1,1,1,83,1,0
47,470304,1,2,1,22,2,4,1,12,2,1,0,47,1,59,403,59403,14,2006,2T2HA31U56C1,2,T,2,H,A,3,1,U,5,6,C,1,0,P,LEXS,R33,UT,6,17,4065,,0,1069,,G,,F,6,202,,,18R235,,,,,,0,0,000000000,00000000000,0,0,0,1,0,0,0,0,0,0,0,106,7,0,0,12,6,2,12,0,0,0,1,47,37167,3,1,0,0,2,0,62,120,0,0,0,0,0,0,0,0,0,1,6,30,51,91,3,3,55,1,1,2,1,0,0,1,8,98,1,1,52,0,1
47,470304,2,2,1,22,2,4,1,12,2,1,0,47,1,20,443,20443,20,2000,1GNDX03E5YD1,1,G,N,D,X,0,3,E,5,Y,D,1,0,T,CHEV,VTR,ES,0,17,,1,0,1200,VTR,G,,,6,207,,,,,3838,00,,42,0,0,000000000,00000000000,0,0,0,1,0,0,0,0,0,0,0,59,1,0,0,12,6,2,12,0,0,0,1,47,37064,6,1,0,0,3,0,67,145,0,0,0,0,0,0,0,0,0,0,0,0,0,0,3,3,55,1,1,2,1,0,0,1,54,7,1,1,52,1,0
47,470305,1,1,1,3,3,18,28,8,0,1,1,47,1,37,32,37032,2,1990,1HGCB715XLA0,1,H,G,C,B,7,1,5,X,L,A,0,0,P,HOND,ALX,CP,90,17,2822,,0,1071,,G,,F,4,132,,,14R185,,,,,,0,0,000000000,00000000000,0,0,0,1,0,0,0,0,0,0,0,998,0,0,0,1,2,1,8,0,0,0,1,47,37209,6,1,0,0,3,0,65,125,0,0,0,0,0,0,0,0,0,9,99,99,99,99,4,3,35,1,1,2,1,0,0,1,82,99,1,1,13,0,0
47,470306,1,3,3,17,3,21,42,12,2,1,0,47,1,63,441,63441,20,2007,KNDMB1339761,K,N,D,M,B,1,3,3,9,7,6,1,0,P,KIA,SED,SV,7,17,4365,,0,1138,,G,,F,6,232,,,16R225,,,,,,0,0,000000000,00000000000,0,0,0,1,0,0,0,0,0,0,0,998,0,0,0,12,6,2,12,0,0,0,1,47,37115,6,1,0,0,3,1,65,300,0,0,0,0,0,0,0,0,0,0,0,0,0,0,5,4,50,1,2,2,2,0,0,1,54,99,1,1,51,0,0
47,470306,2,3,2,17,3,21,42,12,2,1,0,47,1,20,401,20401,14,1999,1GNDT13W3XK2,1,G,N,D,T,1,3,W,3,X,K,2,0,P,CHEV,BZR,UT,99,17,4023,,0,1070,,G,,F,6,262,,,15R205,,,,,,0,0,000000000,00000000000,0,0,0,1,0,0,0,0,0,0,0,998,0,0,0,12,6,2,12,0,0,0,1,47,37072,6,1,0,0,3,1,63,125,0,0,0,1,1,1,2011,2,2011,0,0,0,0,0,5,4,50,1,2,2,2,0,0,1,62,99,1,1,98,0,0
47,470306,3,3,1,17,3,21,42,12,2,1,0,48,2,6,43,6043,4,2004,1C3EL46R54N3,1,C,3,E,L,4,6,R,5,4,N,3,0,P,CHRY,SLX,4D,4,17,3106,,0,1080,,G,,F,6,167,,,15R205,,,,,,0,0,000000000,00000000000,0,0,0,1,0,0,0,0,0,0,0,998,0,0,0,12,6,2,12,0,0,0,1,47,37122,0,0,0,0,0,0,70,205,0,0,0,0,0,0,0,0,0,0,36,38,51,0,5,4,50,1,2,2,2,0,0,99,10,1,1,2,50,1,1
47,470307,1,2,2,29,4,17,34,12,6,1,0,47,2,2,404,2404,14,1996,1J4FX58S8TC2,1,J,4,F,X,5,8,S,8,T,C,2,0,T,JEEP,LRO,4W,96,17,,1,0,1059,GCK,G,,,6,242,,,,,3510,00,E,42,0,0,000000000,00000000000,0,0,0,1,0,0,0,0,0,0,0,998,0,0,0,12,6,2,12,0,0,0,1,47,37072,6,1,0,0,3,0,73,150,0,0,0,0,0,0,0,0,0,0,0,0,0,0,1,2,40,3,6,2,1,0,0,14,62,6,1,1,65,0,0
47,470307,2,2,1,29,4,17,34,12,6,1,0,47,1,37,709,37709,80,2005,KY33931,K,Y,3,3,9,3,1,,,,,,0,M,HOND,,,5,7,,,,,,,,,,,,,,,,,,,0,0,000000000,00000000000,0,0,0,1,0,0,0,0,0,0,0,998,0,0,0,1,6,2,12,0,0,0,1,47,37073,6,1,0,0,2,0,61,179,0,0,0,0,0,0,0,0,0,0,28,52,0,0,1,2,40,2,5,2,1,0,0,14,10,1,1,2,64,1,0
47,470308,1,1,1,3,5,11,12,1,0,1,0,47,1,53,705,53705,80,2007,JS1GN7DA0721,J,S,1,G,N,7,D,A,0,7,2,1,0,M,SUZI,G60,RC,7,17,,,,,,,599,,4,,4,354,,,,,,,0,0,000000000,00000000000,0,0,0,1,0,0,0,0,0,0,0,998,0,0,0,0,6,2,38,0,0,0,1,47,37013,6,1,0,0,3,0,66,145,0,0,0,0,0,0,0,0,0,1,27,35,36,0,3,3,55,2,2,2,1,0,0,14,6,1,1,4,1,1,0
47,470309,1,1,1,7,5,6,15,23,0,1,0,47,3,23,421,23421,15,2007,1GKFK66807J2,1,G,K,F,K,6,6,8,0,7,J,2,0,T,GMC,DXL,4W,7,17,,2,0,1300,YUK,G,,,8,378,,,,B,5914,00,S,44,0,0,000000000,00000000000,0,0,0,1,0,0,0,0,0,0,0,998,0,1,5,12,6,2,23,0,0,0,1,47,37087,6,1,0,0,3,0,70,220,0,0,0,3,0,1,2010,11,2011,9,99,99,99,99,1,2,55,1,4,2,1,0,0,1,12,99,1,4,6,1,0
47,470310,1,2,1,11,5,20,6,12,6,1,0,47,1,20,481,20481,31,1996,1GCEC19M5TE1,1,G,C,E,C,1,9,M,5,T,E,1,0,T,CHEV,GC1,PC,96,17,,2,1555,1415,GM4,G,,,8,305,,,,B,4068,02,,42,0,0,000000000,00000000000,0,0,0,1,0,0,0,0,0,0,0,998,0,0,0,1,6,2,12,32,0,0,1,47,37149,6,1,0,0,3,0,63,140,0,0,0,0,0,0,0,0,0,0,38,0,0,0,2,2,65,1,1,2,1,0,0,4,19,1,1,1,88,1,0
47,470310,2,2,1,11,5,20,6,12,6,1,0,47,1,37,32,37032,2,1998,1HGCG2257WA0,1,H,G,C,G,2,2,5,7,W,A,0,0,P,HOND,UEX,CP,98,17,2963,,0,1051,,G,,F,6,183,,,15R205,,,,,,0,0,000000000,00000000000,0,0,0,1,0,0,0,0,0,0,0,998,0,0,0,11,6,2,12,0,0,0,1,47,37130,6,1,0,0,3,1,68,135,0,0,0,0,0,0,0,0,0,0,0,0,0,0,2,2,65,1,1,2,1,0,0,1,55,1,1,1,89,0,0
47,470311,1,2,2,11,5,17,37,12,6,1,0,47,1,49,32,49032,4,2002,2T1BR12E12C5,2,T,1,B,R,1,2,E,1,2,C,5,0,P,TOYT,UCS,4D,2,17,2405,,0,970,,G,,F,4,109,,,14R175,,,,,,0,0,000000000,00000000000,0,0,0,1,0,0,0,0,0,0,0,998,0,0,0,7,6,2,12,0,0,0,1,47,37931,6,1,0,0,3,0,60,145,0,0,0,0,0,0,0,0,0,0,48,0,0,0,1,2,55,1,6,2,1,0,0,12,10,1,1,3,98,1,0
47,470311,2,2,1,11,5,17,37,12,6,1,0,47,2,49,482,49482,31,2001,5TBBT48141S2,5,T,B,B,T,4,8,1,4,1,S,2,0,T,TOYT,TXL,4C,1,17,,2,0,1283,TUN,G,,,8,285,,,,B,4644,00,U,44,0,0,000000000,00000000000,0,0,0,1,0,0,0,0,0,0,0,998,0,0,0,12,9,1,12,0,0,0,1,47,37830,6,2,0,0,3,1,70,165,0,0,0,0,0,0,0,0,0,0,0,0,0,0,1,2,55,1,6,2,1,0,0,1,60,1,1,1,98,0,0
47,470312,1,1,1,12,5,99,99,42,0,1,0,47,1,20,481,20481,31,1995,1GBEC14H2SZ2,1,G,B,E,C,1,4,H,2,S,Z,2,0,T,CHEV,GC1,PK,95,17,,2,1315,1175,GM4,G,,,8,305,,,,B,3742,02,,42,0,0,000000000,00000000000,0,0,0,1,0,0,0,0,0,0,0,998,0,0,0,11,6,2,42,0,0,0,1,47,38571,6,1,0,0,3,1,70,200,1,1,1,0,0,11,2011,11,2011,9,19,51,58,0,1,2,45,3,6,2,1,0,0,14,11,7,1,4,1,1,1
47,470313,1,2,4,12,5,22,41,12,2,1,1,47,3,35,47,35047,4,2012,1N4AA5AP6CC8,1,N,4,A,A,5,A,P,6,C,C,8,0,P,NISS,MSV,4D,12,17,3556,,0,0,,G,,F,6,214,,,000000,,,,,,0,0,000000000,00000000000,0,0,0,1,0,0,0,0,0,0,0,998,0,0,0,12,6,2,12,0,0,0,1,99,99999,9,9,99,9,9,9,999,999,99,99,99,99,99,99,9999,99,9999,9,99,99,99,99,1,2,30,1,6,2,1,0,0,1,10,1,1,2,50,1,0