STATE,ST_CASE,VEH_NO,VE_FORMS,NUMOCCS,DAY,MONTH,HOUR,MINUTE,HARM_EV,MAN_COLL,UNITTYPE,HIT_RUN,REG_STAT,OWNER,MAKE,MODEL,MAK_MOD,BODY_TYP,MOD_YEAR,VIN,VIN_1,VIN_2,VIN_3,VIN_4,VIN_5,VIN_6,VIN_7,VIN_8,VIN_9,VIN_10,VIN_11,VIN_12,TOW_VEH,VINTYPE,VINMAKE,VINA_MOD,VIN_BT,VINMODYR,VIN_LNGT,VIN_WGT,WGTCD_TR,WHLBS_LG,WHLBS_SH,SER_TR,FUELCODE,MCYCL_DS,CARBUR,CYLINDER,DISPLACE,MCYCL_CY,MCYCL_WT,TIRE_SZE,TON_RAT,TRK_WT,TRKWTVAR,VIN_REST,WHLDRWHL,J_KNIFE,MCARR_I1,MCARR_I2,MCARR_ID,GVWR,V_CONFIG,CARGO_BT,HAZ_INV,HAZ_PLAC,HAZ_ID,HAZ_CNO,HAZ_REL,BUS_USE,SPEC_USE,EMER_USE,TRAV_SP,UNDERIDE,ROLLOVER,ROLINLOC,IMPACT1,DEFORMED,TOWED,M_HARM,VEH_SC1,VEH_SC2,FIRE_EXP,DR_PRES,L_STATE,DR_ZIP,L_STATUS,L_TYPE,CDL_STAT,L_ENDORS,L_COMPL,L_RESTRI,DR_HGT,DR_WGT,PREV_ACC,PREV_SUS,PREV_DWI,PREV_SPD,PREV_OTH,FIRST_MO,FIRST_YR,LAST_MO,LAST_YR,SPEEDREL,DR_SF1,DR_SF2,DR_SF3,DR_SF4,VTRAFWAY,VNUM_LAN,VSPD_LIM,VALIGN,VPROFILE,VPAVETYP,VSURCOND,VTRAFCON,VTCONT_F,P_CRASH1,P_CRASH2,P_CRASH3,PCRASH4,PCRASH5,ACC_TYPE,DEATHS,DR_DRINK
47,470385,1,1,2,6,6,15,58,43,0,1,0,47,2,12,481,12481,31,1995,1FTEF14N6SLB,1,F,T,E,F,1,4,N,6,S,L,B,0,T,FORD,F15,PK,95,17,,2,1330,1170,COF,G,,,8,302,,,,B,00000,00,M,44,0,0,000000000,00000000000,0,0,0,1,0,0,0,0,0,0,0,998,0,0,0,12,6,2,43,0,0,0,1,47,38463,6,1,0,0,3,0,71,160,0,0,0,0,0,0,0,0,0,9,51,0,0,0,1,2,45,2,1,2,1,0,0,14,12,99,1,4,6,2,0
47,470386,1,1,1,9,6,16,46,34,0,1,0,47,1,22,32,22032,6,2006,5Y2SL65866Z4,5,Y,2,S,L,6,5,8,6,6,Z,4,0,P,PONT,VIB,4H,6,17,2700,,0,1024,,G,,F,4,110,,,16R205,,,,,,0,0,000000000,00000000000,0,0,0,1,0,0,0,0,0,0,0,998,0,0,0,1,6,2,42,0,0,0,1,47,37174,6,1,0,0,3,0,67,225,0,0,0,0,0,0,0,0,0,0,99,99,99,99,1,2,55,1,1,2,1,0,0,1,13,1,1,4,1,1,1
47,470387,1,1,1,10,6,2,25,23,0,1,0,47,1,72,706,72706,80,2004,1HD1BXB124Y0,1,H,D,1,B,X,B,1,2,4,Y,0,0,M,HD,ISF,RS,4,17,,,,,,,1450,,2,,4,666,,,,,,,0,0,000000000,00000000000,0,0,0,1,0,0,0,0,0,0,0,998,0,0,0,9,6,2,23,0,0,0,1,47,37890,6,1,0,0,2,0,68,170,0,0,0,0,0,0,0,0,0,9,28,0,0,0,1,2,55,1,1,1,1,0,0,1,12,99,1,4,6,1,1
47,470388,1,1,1,2,5,16,25,34,0,1,0,95,1,72,706,72706,80,1993,1HD1BML18PY0,1,H,D,1,B,M,L,1,8,P,Y,0,0,M,HD,FLF,RS,93,17,,,,,,,1340,,2,,4,650,,,,,,,0,0,000000000,00000000000,0,0,0,1,0,0,0,0,0,0,0,998,0,0,0,12,6,2,32,0,0,0,1,95,0,6,1,0,0,3,9,999,999,99,99,99,99,99,99,9999,99,9999,9,99,99,99,99,1,2,45,3,1,2,1,0,0,14,13,99,1,4,1,1,0
47,470389,1,1,1,13,6,22,6,42,0,1,0,47,1,76,705,76705,80,1985,JYA1FG003FA0,J,Y,A,1,F,G,0,0,3,F,A,0,0,M,YAMA,XJ0,RS,85,17,,,,,,,696,,4,,4,463,,,,,,,0,0,000000000,00000000000,0,0,0,1,0,0,0,0,0,0,0,998,0,0,0,12,6,2,42,0,0,0,1,47,37382,6,1,0,0,3,1,73,185,0,0,0,1,0,11,2011,11,2011,9,99,99,99,99,1,2,55,2,1,2,1,0,0,14,12,99,1,4,6,1,1
47,470390,1,1,1,13,6,22,20,11,0,1,0,47,1,72,706,72706,80,2012,1HD1FFM14CB6,1,H,D,1,F,F,M,1,4,C,B,6,0,M,HD,HTF,RS,12,17,,,,,,,1690,,2,,4,827,,,,,,,0,0,000000000,00000000000,0,0,0,1,0,0,0,0,0,0,0,998,0,0,0,12,6,2,11,0,0,0,1,47,38004,6,1,0,0,3,0,70,210,0,1,0,0,1,7,2009,7,2009,9,83,0,0,0,1,2,55,2,1,2,1,0,0,14,87,99,1,1,13,1,1
47,470391,1,1,2,16,6,23,20,11,0,1,0,47,1,72,706,72706,80,2001,1HD1BJY111Y0,1,H,D,1,B,J,Y,1,1,1,Y,0,0,M,HD,STC,RS,1,17,,,,,,,1450,,2,,4,696,,,,,,,0,0,000000000,00000000000,0,0,0,1,0,0,0,0,0,0,0,998,0,0,0,12,6,2,30,0,0,0,1,47,37335,6,1,0,0,3,0,67,205,0,0,0,0,0,0,0,0,0,0,83,0,0,0,1,2,35,1,1,2,1,0,0,1,87,9,1,1,13,2,0
47,470392,1,2,1,15,6,22,0,12,6,1,0,47,1,7,880,7880,67,2003,3D7MA46C53G8,3,D,7,M,A,4,6,C,5,3,G,8,5,T,DODG,S35,PK,3,17,,3,0,1405,RPC,D,,,6,359,,,,D,6030,00,E,42,1,88,888888888,88888888888,2,4,12,1,0,0,0,0,0,0,0,998,0,0,0,12,6,2,12,0,0,0,1,47,38320,6,1,0,0,3,0,74,255,0,0,0,0,0,0,0,0,0,0,38,39,0,0,1,2,45,1,6,2,1,20,3,1,17,1,1,1,88,0,1
47,470392,2,2,1,15,6,22,0,12,6,1,0,47,2,37,31,37031,4,2004,JHMES16524S0,J,H,M,E,S,1,6,5,2,4,S,0,0,P,HOND,UCL,4D,4,17,2515,,0,1031,,G,,F,4,102,,,15R195,,,,,,0,0,000000000,00000000000,0,0,0,1,0,0,0,0,0,0,0,998,0,0,0,9,6,2,12,0,0,0,1,47,38341,6,1,0,0,3,1,67,275,0,0,0,0,0,0,0,0,0,0,0,0,0,0,1,2,55,1,1,2,1,0,0,1,66,1,1,1,89,1,0
47,470393,1,2,1,7,6,17,30,12,2,1,0,47,2,39,36,39036,4,2004,SAJEB52D74XD,S,A,J,E,B,5,2,D,7,4,X,D,0,P,JAGU,XT2,4D,4,17,3428,,0,1067,,G,,F,6,152,,,16R205,,,,,,0,0,000000000,00000000000,0,0,0,1,0,0,0,0,0,0,0,998,0,0,0,12,6,2,12,0,0,0,1,47,37738,6,1,0,0,3,0,73,260,0,0,0,0,0,0,0,0,0,9,28,51,0,0,1,2,55,1,6,2,1,0,0,1,10,1,1,2,50,1,1
47,470393,2,2,1,7,6,17,30,12,2,1,0,47,1,7,41,7041,4,2001,2B3HD56J81H6,2,B,3,H,D,5,6,J,8,1,H,6,0,P,DODG,IES,4D,1,17,3414,,0,1130,,G,,F,6,197,,,16R225,,,,,,0,0,000000000,00000000000,0,0,0,1,0,0,0,0,0,0,0,998,0,0,0,12,6,2,12,0,0,0,1,47,37738,6,1,0,0,3,0,62,124,0,0,0,0,0,0,0,0,0,0,0,0,0,0,1,2,55,1,5,2,1,0,0,1,62,7,1,2,51,0,0
47,470394,1,2,1,13,6,18,25,12,6,1,0,47,1,12,481,12481,31,1992,1FTEX14NXNKB,1,F,T,E,X,1,4,N,X,N,K,B,0,T,FORD,F15,PC,92,17,,2,1550,1390,COF,G,,,8,302,,,,B,3996,03,A,44,0,0,000000000,00000000000,0,0,0,1,0,0,0,0,0,0,0,998,0,0,0,3,4,4,12,0,0,0,1,47,37664,6,1,0,0,3,1,70,150,0,0,0,0,0,0,0,0,0,0,38,0,0,0,1,2,35,1,5,2,1,0,0,11,15,98,1,1,68,0,0
47,470394,2,2,1,13,6,18,25,12,6,1,0,47,1,73,705,73705,80,2006,JKAEXVD156A1,J,K,A,E,X,V,D,1,5,6,A,1,0,M,KAWK,E5D,RC,6,17,,,,,,,498,,2,,4,391,,,,,,,0,0,000000000,00000000000,0,0,0,1,0,0,0,0,0,0,0,998,0,0,0,12,6,2,12,0,0,0,1,47,37617,6,1,0,0,3,0,72,310,0,0,0,0,0,0,0,0,0,1,99,99,99,99,1,2,35,1,6,2,1,0,0,1,62,99,1,1,69,1,1
47,470395,1,2,1,15,6,19,54,12,2,1,0,47,1,7,442,7442,20,2005,1D4GP21R65B3,1,D,4,G,P,2,1,R,6,5,B,3,0,T,DODG,CCV,CG,5,17,,1,0,1133,CAR,G,,,6,201,,,,,3664,00,E,42,0,0,000000000,00000000000,0,0,0,1,0,0,0,0,0,0,0,998,0,0,0,12,6,2,12,0,0,0,1,47,37813,2,1,0,0,2,3,71,217,0,0,0,0,0,0,0,0,0,9,38,51,0,0,2,2,55,1,2,2,1,0,0,98,10,99,1,2,50,1,1
47,470395,2,2,1,15,6,19,54,12,2,1,0,47,1,41,37,41037,4,1997,1YVGE22D3V56,1,Y,V,G,E,2,2,D,3,V,5,6,0,P,MAZD,U6X,4D,97,17,2899,,0,1028,,G,,F,6,152,,,15R205,,,,,,0,0,000000000,00000000000,0,0,0,1,0,0,0,0,0,0,0,998,0,0,0,12,6,2,12,0,0,0,1,47,37810,6,1,0,0,3,1,69,155,0,0,0,0,0,0,0,0,0,0,0,0,0,0,2,2,55,1,2,2,1,0,0,1,62,99,1,1,51,1,0
47,470396,1,2,1,13,6,12,9,12,2,1,0,47,1,2,404,2404,14,1996,1J4GZ58S7TC2,1,J,4,G,Z,5,8,S,7,T,C,2,0,T,JEEP,LRO,4W,96,17,,1,0,1059,GCK,G,,,6,242,,,,,3686,00,E,44,0,0,000000000,00000000000,0,0,0,1,0,0,0,0,0,0,0,998,0,0,0,12,6,2,12,0,0,0,1,47,38571,6,1,0,0,3,3,72,180,0,0,0,0,0,0,0,0,0,0,51,0,0,0,1,2,55,1,1,2,1,0,0,2,10,99,1,2,50,0,0
47,470396,2,2,2,13,6,12,9,12,2,1,0,6,1,35,403,35403,14,2012,JN8AF5MRXCT1,J,N,8,A,F,5,M,R,X,C,T,1,0,P,NISS,JUK,UT,12,17,2959,,0,0,,G,,T,4,098,,,000000,,,,,,0,0,000000000,00000000000,0,0,0,1,0,0,0,0,0,0,0,998,0,0,0,12,6,2,12,0,0,0,1,47,38571,6,1,0,0,3,0,65,120,0,0,0,0,0,0,0,0,0,0,0,0,0,0,1,2,55,1,1,2,1,0,0,1,62,99,1,1,51,1,0
47,470397,1,2,2,14,6,0,35,12,6,1,0,47,2,7,482,7482,31,1996,3B7HC13Y1TG1,3,B,7,H,C,1,3,Y,1,T,G,1,0,T,DODG,150,PC,96,17,,2,1547,1387,RPC,G,,,8,318,,,,B,4333,01,M,42,0,0,000000000,00000000000,0,0,0,1,0,0,0,0,0,0,0,998,0,0,0,12,6,2,12,0,0,0,1,47,38255,6,1,0,0,3,0,73,210,1,0,0,0,2,11,2011,2,2012,9,0,0,0,0,1,2,55,1,1,2,1,0,0,1,66,99,1,1,86,0,0
47,470397,2,2,1,14,6,0,35,12,6,1,0,47,1,30,40,30040,4,1999,3VWSA29M8XM0,3,V,W,S,A,2,9,M,8,X,M,0,0,P,VOLK,JGS,4D,99,17,2775,,0,989,,G,,F,4,121,,,15R195,,,,,,0,0,000000000,00000000000,0,0,0,1,0,0,0,0,0,0,0,998,0,0,0,3,6,2,12,0,0,0,1,47,38255,6,1,0,0,3,0,74,200,0,0,0,0,0,0,0,0,0,9,6,39,0,0,1,2,55,1,1,2,1,20,3,1,17,99,1,1,87,1,1
47,470398,1,2,2,27,5,6,30,12,2,1,0,37,1,41,35,41035,4,1999,JM1BJ2224X01,J,M,1,B,J,2,2,2,4,X,0,1,0,P,MAZD,PDL,4D,99,17,2449,,0,1028,,G,,F,4,097,,,14R185,,,,,,0,0,000000000,00000000000,0,0,0,1,0,0,0,0,0,0,0,998,0,0,0,12,6,2,12,0,0,0,1,37,28752,6,1,0,0,3,0,63,999,0,0,0,0,0,0,0,0,0,9,28,0,0,0,1,2,55,1,1,2,1,0,0,1,99,99,9,9,99,2,0
47,470398,2,2,2,27,5,6,30,12,2,1,0,47,2,23,471,23471,30,2003,1GTCS14HX381,1,G,T,C,S,1,4,H,X,3,8,1,0,T,GMC,SON,PK,3,17,,1,0,1083,SON,G,,,4,133,,,,B,3016,01,U,42,0,0,000000000,00000000000,0,0,0,1,0,0,0,0,0,0,0,998,0,0,0,12,6,2,12,0,0,0,1,47,38572,6,1,0,0,3,0,61,180,0,0,0,0,0,0,0,0,0,9,28,0,0,0,1,2,55,1,1,2,1,0,0,1,99,99,9,9,99,0,0
47,470399,1,1,1,13,6,20,46,9,0,1,0,47,1,20,471,20471,30,1995,1GCCS14Z8SK1,1,G,C,C,S,1,4,Z,8,S,K,1,0,T,CHEV,S14,PK,95,17,,1,1179,1083,S,G,,,6,262,,,,B,2822,01,,42,0,0,000000000,00000000000,0,0,0,1,0,0,0,0,0,0,0,998,0,0,0,12,6,2,9,0,0,0,1,47,38570,6,1,0,0,3,0,66,170,0,0,0,0,0,0,0,0,0,9,0,0,0,0,1,2,45,1,1,2,1,0,0,6,83,1,1,1,13,0,0
47,470400,1,1,1,19,6,16,17,53,0,1,0,47,2,52,46,52046,4,2005,JA3AJ26E55U0,J,A,3,A,J,2,6,E,5,5,U,0,0,P,MITS,LES,4D,5,17,2656,,0,1024,,G,,F,4,122,,,14R185,,,,,,0,0,000000000,00000000000,0,0,0,1,0,0,0,0,0,0,0,998,0,1,5,11,6,2,1,0,0,0,1,47,37066,6,1,0,0,3,0,69,170,0,0,0,0,0,0,0,0,0,0,0,0,0,0,1,2,50,1,5,2,1,0,0,1,13,99,1,4,1,1,0
47,470401,1,1,2,20,6,6,37,57,0,1,0,45,1,20,16,20016,4,2004,1G1JC52FX471,1,G,1,J,C,5,2,F,X,4,7,1,0,P,CHEV,CAV,4D,4,17,2676,,0,1041,,G,,F,4,134,,,14R195,,,,,,0,0,000000000,00000000000,0,0,0,1,0,0,0,0,0,0,0,998,0,1,5,1,6,2,1,0,0,0,1,45,29406,6,1,0,0,3,0,65,170,0,1,0,0,1,9,2009,7,2010,0,28,58,0,0,3,2,70,2,1,2,1,0,0,14,8,1,4,4,98,1,0
47,470402,1,1,1,1,6,21,45,53,0,1,0,47,2,20,16,20016,4,2004,1G1JF52F5471,1,G,1,J,F,5,2,F,5,4,7,1,0,P,CHEV,CAS,4D,4,17,2676,,0,1041,,G,,F,4,134,,,15R195,,,,,,0,0,000000000,00000000000,0,0,0,1,0,0,0,0,0,0,0,998,0,0,0,11,6,2,42,0,0,1,1,47,37083,6,1,0,0,3,0,69,235,0,0,0,0,0,0,0,0,0,1,99,99,99,99,1,2,55,1,1,2,1,0,0,1,13,1,1,4,1,1,1
47,470403,1,1,3,18,6,18,33,42,0,1,0,47,2,22,18,22018,4,2000,1G2NF52E2YC5,1,G,2,N,F,5,2,E,2,Y,C,5,0,P,PONT,SE1,4D,0,17,3116,,0,1070,,G,,F,6,207,,,15R215,,,,,,0,0,000000000,00000000000,0,0,0,1,0,0,0,0,0,0,0,998,0,0,0,11,6,2,42,0,0,0,1,47,37188,6,2,0,0,3,2,63,106,1,0,0,0,0,7,2011,7,2011,1,73,0,0,0,1,2,40,1,6,2,1,0,0,1,12,1,1,4,6,1,0
47,470404,1,2,3,11,6,16,20,12,6,1,0,47,1,6,43,6043,4,2005,1C3EL46J35N6,1,C,3,E,L,4,6,J,3,5,N,6,0,P,CHRY,SEB,4D,5,17,3273,,0,1060,,G,,F,4,146,,,16R205,,,,,,0,0,000000000,00000000000,0,0,0,1,0,0,0,0,0,0,0,998,0,0,0,12,6,2,12,0,0,0,1,47,38058,6,1,0,0,3,0,62,120,0,0,0,0,0,0,0,0,0,9,0,0,0,0,2,2,50,1,1,2,2,0,0,1,72,1,1,1,69,0,0
47,470404,2,2,2,11,6,16,20,12,6,1,0,47,1,18,2,18002,4,1997,1G4HR52KXVH5,1,G,4,H,R,5,2,K,X,V,H,5,0,P,BUIC,LLF,4D,97,17,3488,,0,1108,,G,,F,6,231,,,15R205,,,,,,0,0,000000000,00000000000,0,0,0,1,0,0,0,0,0,0,0,998,0,0,0,9,6,2,12,0,0,0,1,47,38015,6,1,0,0,3,1,64,130,0,0,0,0,0,0,0,0,0,0,38,0,0,0,2,2,50,1,1,2,2,0,0,11,15,1,1,1,68,1,0
47,470405,1,3,4,29,5,20,45,12,7,1,0,47,2,49,32,49032,4,2001,2T1BR12E31C3,2,T,1,B,R,1,2,E,3,1,C,3,0,P,TOYT,UCS,4D,1,17,2410,,0,970,,G,,F,4,109,,,14R175,,,,,,0,0,000000000,00000000000,0,0,0,1,0,0,0,0,0,0,0,998,1,1,1,7,6,2,12,0,0,0,1,47,38506,6,1,0,0,3,0,66,150,0,0,0,0,0,0,0,0,0,0,0,0,0,0,2,2,70,1,1,2,1,0,0,1,61,99,1,1,45,1,0
47,470405,2,3,1,29,5,20,45,12,7,1,0,47,1,58,37,58037,4,2008,JNKBV61E38M2,J,N,K,B,V,6,1,E,3,8,M,2,0,P,INFI,G35,4D,8,17,3497,,0,1122,,G,,F,6,214,,,17R225,,,,,,0,0,000000000,00000000000,0,0,0,1,0,0,0,0,0,0,0,998,0,0,0,12,6,2,12,0,0,0,1,47,38571,6,1,0,0,3,0,65,175,1,0,0,0,0,3,2010,3,2010,0,0,0,0,0,2,2,70,1,1,2,1,0,0,1,54,99,1,1,98,0,0
47,470405,3,3,1,29,5,20,45,12,7,1,1,99,9,99,999,99999,99,9999,999999999999,9,9,9,9,9,9,9,9,9,9,9,9,9,,,,,,,,,,,,,,,,,,,,,,,,,0,99,999999999,99999999999,9,99,99,1,0,0,0,0,99,99,0,998,7,0,0,1,2,1,12,99,99,0,1,99,99999,9,9,99,9,9,9,999,999,99,99,99,99,99,99,9999,99,9999,9,99,99,99,99,2,2,70,1,1,2,1,0,0,15,11,99,1,2,46,0,0
47,470406,1,2,1,6,6,11,27,12,2,1,0,47,1,6,441,6441,20,2008,2A8HR54P78R1,2,A,8,H,R,5,4,P,7,8,R,1,0,T,CHRY,TOU,ES,8,17,,2,0,1212,TWC,G,,,6,232,,,,,4507,00,,42,0,0,000000000,00000000000,0,0,0,1,0,0,0,0,0,0,0,998,0,0,0,12,6,2,12,0,0,0,1,47,37912,6,1,0,0,3,0,68,200,0,0,0,0,0,0,0,0,0,9,51,0,0,0,1,2,35,1,6,2,1,0,0,1,10,1,1,2,50,0,0
47,470406,2,2,1,6,6,11,27,12,2,1,0,47,1,20,404,20404,14,2006,2CNDL73F5660,2,C,N,D,L,7,3,F,5,6,6,0,0,P,CHEV,EQU,UT,6,17,3777,,0,1125,,G,,F,6,207,,,16R235,,,,,,0,0,000000000,00000000000,0,0,0,1,0,0,0,0,0,0,0,998,0,0,0,12,6,2,12,0,0,0,1,47,37912,6,1,0,0,3,0,74,218,0,0,0,0,0,0,0,0,0,9,0,0,0,0,1,2,35,1,5,2,1,0,0,1,62,7,1,1,51,1,0
47,470407,1,1,1,23,5,23,36,8,0,1,0,47,1,12,401,12401,14,1998,1FMYU22X7WUD,1,F,M,Y,U,2,2,X,7,W,U,D,0,P,FORD,EPR,UT,98,17,3692,,0,1017,,G,,F,6,245,,,15R225,,,,,,0,0,000000000,00000000000,0,0,0,1,0,0,0,0,0,0,0,998,0,0,0,12,2,1,8,0,0,0,1,47,38106,6,1,0,0,3,0,69,180,0,0,0,0,0,0,0,0,0,0,0,0,0,0,5,5,40,1,1,2,1,0,0,1,80,1,1,1,13,0,0
47,470408,1,1,1,16,6,3,20,35,0,1,0,47,1,2,403,2403,14,2000,1J4FA29P4YP7,1,J,4,F,A,2,9,P,4,Y,P,7,0,T,JEEP,SEW,2W,0,17,,1,0,934,W/T,G,,,4,150,,,,,2996,00,U,44,0,0,000000000,00000000000,0,0,0,1,0,0,0,0,0,0,0,998,0,1,5,12,6,2,1,0,0,0,1,47,37828,6,1,0,0,3,0,71,185,1,0,0,0,0,8,2009,8,2009,1,6,36,0,0,1,2,45,1,1,2,1,0,0,1,6,1,9,4,7,1,1
47,470409,1,1,1,4,6,10,7,35,0,1,0,47,2,20,481,20481,31,2000,1GCEC14T0YZ2,1,G,C,E,C,1,4,T,0,Y,Z,2,0,T,CHEV,SC1,PK,0,17,,2,1330,1190,SIL,G,,,8,325,,,,B,3923,02,,42,0,0,000000000,00000000000,0,0,0,1,0,0,0,0,0,0,0,998,0,1,5,1,6,2,1,0,0,0,1,47,37080,6,1,0,0,3,0,71,300,0,0,0,0,1,9,2009,9,2009,0,28,58,0,0,2,2,70,1,2,2,1,0,0,1,9,99,7,4,2,1,0
47,470410,1,2,1,28,6,13,37,12,1,1,0,47,1,12,16,12016,4,2004,2FAHP74W04X1,2,F,A,H,P,7,4,W,0,4,X,1,0,P,FORD,CVL,4D,4,17,4057,,0,1147,,G,,F,8,281,,,16R225,,,,,,0,0,000000000,00000000000,0,0,0,1,0,0,0,0,0,0,0,998,1,0,0,12,6,2,12,0,0,0,1,47,37067,6,1,0,0,3,0,69,155,0,0,0,0,0,0,0,0,0,1,0,0,0,0,2,2,65,3,1,2,1,0,0,14,50,1,1,4,20,1,1
47,470410,2,2,1,28,6,13,37,12,1,1,0,47,3,82,881,82881,66,2012,1FUBGBDV3CLB,1,F,U,B,G,B,D,V,3,C,L,B,1,T,FRHT,113,TR,12,17,,8,0,0,CSC,D,,,6,781,,,,,00000,00,,42,1,57,00036801,5700036801,3,6,11,1,0,0,0,0,0,0,0,0,0,0,0,6,6,2,12,0,0,0,1,47,37029,6,1,6,0,3,1,72,200,0,0,0,0,0,0,0,0,0,0,0,0,0,0,2,2,65,3,1,2,1,0,0,7,61,1,1,4,23,0,0
47,470411,1,1,1,19,6,99,99,34,0,1,0,47,2,24,2,24002,2,1992,1G8ZG1476NZ1,1,G,8,Z,G,1,4,7,6,N,Z,1,0,P,STRN,SSC,CP,92,17,0,,0,992,,G,,F,4,116,,,15R195,,,,,,0,0,000000000,00000000000,0,0,0,1,0,0,0,0,0,0,0,998,0,0,0,12,6,2,42,0,0,0,1,47,37760,2,1,0,0,2,0,68,142,0,2,0,0,0,9,2010,7,2011,0,0,0,0,0,5,3,45,1,1,2,1,0,0,1,12,99,1,4,6,1,0
47,470412,1,1,1,19,6,22,0,32,0,1,0,92,0,53,733,53733,90,2006,JSAAK47AX621,J,S,A,A,K,4,7,A,X,6,2,1,0,M,SUZI,LTZ,AT,6,17,,,,,,,398,,1,,4,372,,,,,,,0,0,000000000,00000000000,0,0,0,1,0,0,0,0,0,0,0,998,0,0,0,12,6,4,32,0,0,0,1,47,38469,6,1,6,0,1,0,71,270,1,0,0,0,0,8,2011,8,2011,0,0,0,0,0,1,2,45,2,1,2,1,0,0,14,13,1,1,4,1,1,0
47,470413,1,2,2,16,6,13,35,12,1,1,0,47,1,35,472,35472,30,2010,1N6AD0EV1AC4,1,N,6,A,D,0,E,V,1,A,C,4,0,T,NISS,CEN,CW,10,17,,1,0,0,FRT,G,,,6,244,,,,,4216,00,7,44,0,0,000000000,00000000000,0,0,0,1,0,0,0,0,0,0,0,998,0,0,0,6,6,2,12,0,0,0,1,47,37363,6,1,0,0,3,1,64,250,0,0,0,0,0,0,0,0,0,0,99,99,99,99,2,2,70,1,1,2,1,28,3,2,18,99,1,1,29,1,0
47,470413,2,2,1,16,6,13,35,12,1,1,0,17,3,51,881,51881,66,2007,4V4NC9TG47N4,4,V,4,N,C,9,T,G,4,7,N,4,1,T,VOLV,VNL,TR,7,17,,8,0,0,VVN,D,,,6,915,,,,,00000,00,,64,1,57,01120137,5701120137,3,6,1,1,0,0,0,0,0,0,0,998,0,0,0,12,6,2,12,0,0,0,1,12,34759,6,1,6,0,3,0,67,999,0,0,0,2,1,12,2011,6,2012,0,0,0,0,0,2,2,70,1,1,2,1,28,3,2,18,99,1,1,28,0,0
47,470414,1,1,1,3,6,99,99,38,0,1,0,47,1,63,37,63037,6,2010,KNDJT2A28A77,K,N,D,J,T,2,A,2,8,A,7,7,0,P,KIA,SOU,UT,10,17,2800,,0,1004,,G,,F,4,122,,,16R205,,,,,,0,0,000000000,00000000000,0,0,0,1,0,0,0,0,0,0,0,998,0,0,0,12,6,2,42,0,0,0,1,47,38572,6,1,0,0,3,3,76,207,0,0,0,0,0,0,0,0,0,0,0,0,0,0,1,2,45,1,1,2,1,0,0,1,12,1,1,4,6,1,0
47,470415,1,3,2,9,6,12,18,12,6,1,0,28,1,20,481,20481,31,2009,2GCEK2907911,2,G,C,E,K,2,9,0,7,9,1,1,0,T,CHEV,2SK,4C,9,17,,2,1575,1339,SIL,F,,,8,323,,,,B,5263,02,,44,0,0,000000000,00000000000,0,0,0,1,0,0,0,0,0,0,0,998,0,0,0,12,6,2,12,0,0,0,1,28,38654,6,1,0,0,3,0,66,125,0,0,0,0,0,0,0,0,0,0,39,0,0,0,1,5,40,1,1,2,1,1,3,1,17,99,1,1,86,0,0
47,470415,2,3,2,9,6,12,18,12,6,1,0,47,1,12,17,12017,4,2005,1FAFP56245A2,1,F,A,F,P,5,6,2,4,5,A,2,0,P,FORD,TEL,4D,5,17,3313,,0,1085,,F,,F,6,182,,,16R215,,,,,,0,0,000000000,00000000000,0,0,0,1,0,0,0,0,0,0,0,998,0,0,0,3,6,2,12,0,0,0,1,47,38117,6,1,0,0,3,0,63,160,0,0,0,0,0,0,0,0,0,0,0,0,0,0,1,4,40,1,1,2,1,1,3,1,66,1,1,1,87,1,0
47,470415,3,3,6,9,6,12,18,12,6,1,0,47,1,20,431,20431,16,2003,3GNEC16Z63G2,3,G,N,E,C,1,6,Z,6,3,G,2,0,P,CHEV,C15,UT,3,17,4914,,0,1300,,F,,F,8,325,,,16R265,,,,,,0,0,000000000,00000000000,0,0,0,1,0,0,0,0,0,0,0,0,0,0,0,9,6,2,12,0,0,0,1,47,38116,6,1,0,0,3,0,69,160,1,0,0,0,0,2,2011,2,2011,0,54,0,0,0,1,3,40,1,1,2,1,1,3,5,66,1,1,1,98,0,0
47,470416,1,3,2,22,6,11,10,12,6,1,0,47,2,12,3,12003,2,1995,1FALP4045SF1,1,F,A,L,P,4,0,4,5,S,F,1,0,P,FORD,MUS,CP,95,17,3077,,0,1013,,G,,F,6,232,,,15R205,,,,,,0,0,000000000,00000000000,0,0,0,1,0,0,0,0,0,0,0,998,0,0,0,11,6,2,12,0,0,0,1,47,37419,6,1,0,0,3,0,65,112,2,0,0,0,0,11,2009,9,2010,0,28,0,0,0,1,2,55,1,1,2,1,0,0,1,10,1,1,2,64,1,0
47,470416,2,3,1,22,6,11,10,12,6,1,0,47,2,20,9,20009,2,2011,2G1FK1EJ6B91,2,G,1,F,K,1,E,J,6,B,9,1,0,P,CHEV,SSM,CP,11,17,3913,,0,1123,,G,,F,8,378,,,20R245,,,,,,0,0,000000000,00000000000,0,0,0,1,0,0,0,0,0,0,0,998,0,0,0,7,6,2,12,0,0,0,1,47,37879,6,1,0,0,3,0,64,158,0,0,0,2,0,9,2009,6,2010,0,0,0,0,0,1,2,55,1,1,2,1,0,0,1,62,7,1,2,65,0,0