STATE,ST_CASE,VEH_NO,VE_FORMS,NUMOCCS,DAY,MONTH,HOUR,MINUTE,HARM_EV,MAN_COLL,UNITTYPE,HIT_RUN,REG_STAT,OWNER,MAKE,MODEL,MAK_MOD,BODY_TYP,MOD_YEAR,VIN,VIN_1,VIN_2,VIN_3,VIN_4,VIN_5,VIN_6,VIN_7,VIN_8,VIN_9,VIN_10,VIN_11,VIN_12,TOW_VEH,VINTYPE,VINMAKE,VINA_MOD,VIN_BT,VINMODYR,VIN_LNGT,VIN_WGT,WGTCD_TR,WHLBS_LG,WHLBS_SH,SER_TR,FUELCODE,MCYCL_DS,CARBUR,CYLINDER,DISPLACE,MCYCL_CY,MCYCL_WT,TIRE_SZE,TON_RAT,TRK_WT,TRKWTVAR,VIN_REST,WHLDRWHL,J_KNIFE,MCARR_I1,MCARR_I2,MCARR_ID,GVWR,V_CONFIG,CARGO_BT,HAZ_INV,HAZ_PLAC,HAZ_ID,HAZ_CNO,HAZ_REL,BUS_USE,SPEC_USE,EMER_USE,TRAV_SP,UNDERIDE,ROLLOVER,ROLINLOC,IMPACT1,DEFORMED,TOWED,M_HARM,VEH_SC1,VEH_SC2,FIRE_EXP,DR_PRES,L_STATE,DR_ZIP,L_STATUS,L_TYPE,CDL_STAT,L_ENDORS,L_COMPL,L_RESTRI,DR_HGT,DR_WGT,PREV_ACC,PREV_SUS,PREV_DWI,PREV_SPD,PREV_OTH,FIRST_MO,FIRST_YR,LAST_MO,LAST_YR,SPEEDREL,DR_SF1,DR_SF2,DR_SF3,DR_SF4,VTRAFWAY,VNUM_LAN,VSPD_LIM,VALIGN,VPROFILE,VPAVETYP,VSURCOND,VTRAFCON,VTCONT_F,P_CRASH1,P_CRASH2,P_CRASH3,PCRASH4,PCRASH5,ACC_TYPE,DEATHS,DR_DRINK
47,470450,1,2,5,7,7,16,11,12,6,1,0,51,2,20,2,20002,4,2005,2G1WH52K4593,2,G,1,W,H,5,2,K,4,5,9,3,0,P,CHEV,IPL,4D,5,17,3466,,0,1105,,G,,F,6,231,,,16R225,,,,,,0,0,000000000,00000000000,0,0,0,1,0,0,0,0,0,0,0,998,0,0,0,4,6,2,12,0,0,0,1,51,24230,6,1,0,0,3,0,72,280,1,0,0,0,0,3,2010,3,2010,0,28,0,0,0,1,2,55,1,1,2,1,0,0,11,15,99,1,2,68,0,0
47,470450,2,2,2,7,7,16,11,12,6,1,0,47,1,72,706,72706,80,1995,1HD4CAM11SY2,1,H,D,4,C,A,M,1,1,S,Y,2,0,M,HD,XL8,RS,95,17,,,,,,,883,,2,,4,999,,,,,,,0,0,000000000,00000000000,0,0,0,1,0,0,0,0,0,0,0,998,0,0,0,12,6,2,12,0,0,0,1,47,37641,6,1,6,0,2,1,70,162,0,0,0,1,0,12,2011,12,2011,0,0,0,0,0,1,2,55,1,1,2,1,0,0,1,67,99,1,1,69,1,0
47,470451,1,2,3,23,6,3,37,12,2,1,0,47,1,35,47,35047,4,2002,1N4AL11D32C1,1,N,4,A,L,1,1,D,3,2,C,1,0,P,NISS,ABS,4D,2,17,2873,,0,1102,,G,,F,4,153,,,16R205,,,,,,0,0,000000000,00000000000,0,0,0,1,0,0,0,0,0,0,0,998,0,0,0,12,6,2,12,0,0,0,1,47,37166,6,1,0,0,3,0,69,240,0,0,0,0,0,0,0,0,0,0,0,0,0,0,2,4,55,1,5,2,1,0,0,1,62,98,1,1,51,1,0
47,470451,2,2,1,23,6,3,37,12,2,1,0,47,1,12,880,12880,67,2000,1FTWW33FXYEC,1,F,T,W,W,3,3,F,X,Y,E,C,0,T,FORD,F3D,CW,0,17,,3,1720,1560,DRW,D,,,8,444,,,,D,6402,08,E,44,0,88,888888888,88888888888,2,1,97,1,0,0,0,0,0,0,0,998,0,0,0,12,6,2,12,0,0,0,1,47,37095,6,1,6,0,3,0,72,200,0,0,0,0,0,0,0,0,0,0,6,28,0,0,2,4,55,1,6,2,1,0,0,1,10,1,1,2,50,0,1
47,470452,1,2,1,7,7,6,30,12,2,1,0,47,2,12,471,12471,30,2011,1FTLR4FE4BPA,1,F,T,L,R,4,F,E,4,B,P,A,0,T,FORD,RNS,4C,11,17,,1,0,1259,RNG,G,,,6,244,,,,B,3606,00,R,44,0,0,000000000,00000000000,0,0,0,1,0,0,0,0,0,0,0,998,0,0,0,12,6,2,12,0,0,0,1,47,37801,6,1,0,0,3,1,73,215,0,0,0,0,0,0,0,0,0,9,51,0,0,0,1,2,45,1,6,2,1,0,0,1,10,1,1,2,50,0,0
47,470452,2,2,4,7,7,6,30,12,2,1,0,13,1,37,31,37031,4,2011,19XFA1F57BE0,1,9,X,F,A,1,F,5,7,B,E,0,0,P,HOND,UCL,4D,11,17,2754,,0,1063,,G,,F,4,110,,,16R205,,,,,,0,0,000000000,00000000000,0,0,0,1,0,0,0,0,0,0,0,998,0,0,0,12,6,2,12,0,0,0,1,13,30318,6,1,0,0,3,1,66,143,98,0,0,0,0,0,0,0,0,9,0,0,0,0,1,2,45,1,5,2,1,0,0,1,62,1,1,1,51,3,0
47,470453,1,1,1,7,7,3,36,32,0,1,0,47,2,20,482,20482,31,2002,3GNEC13T72G1,3,G,N,E,C,1,3,T,7,2,G,1,0,T,CHEV,CAV,CW,2,17,,2,0,1300,AVL,G,,,8,325,,,,B,5400,00,,42,0,0,000000000,00000000000,0,0,0,1,0,0,0,0,0,0,0,998,0,0,0,12,6,2,42,0,0,0,1,47,38115,0,0,0,0,0,0,999,999,99,99,99,99,99,99,9999,99,9999,9,99,99,99,99,3,5,55,1,1,2,1,0,0,99,9,99,2,4,1,1,1
47,470454,1,1,2,7,7,5,43,53,0,1,0,47,2,21,22,21022,4,1998,1G3GR62C4W41,1,G,3,G,R,6,2,C,4,W,4,1,0,P,OLDS,AUR,4D,98,17,3967,,0,1138,,G,,F,8,244,,,16R235,,,,,,0,0,000000000,00000000000,0,0,0,1,0,0,0,0,0,0,0,998,0,1,5,12,6,2,32,0,0,0,1,47,37122,2,1,0,0,2,0,70,210,0,0,0,0,0,0,0,0,0,9,99,99,99,99,1,2,30,1,1,2,1,0,0,1,13,99,1,4,1,2,1
47,470455,1,1,4,4,7,22,31,34,0,1,0,47,2,23,421,23421,15,1997,1GKEC13R1VJ7,1,G,K,E,C,1,3,R,1,V,J,7,0,T,GMC,YUK,4W,97,17,,2,0,1175,YUK,G,,,8,350,,,,B,4816,00,E,42,0,0,000000000,00000000000,0,0,0,1,0,0,0,0,0,0,0,998,0,1,1,1,6,2,1,0,0,0,1,47,37064,6,1,0,0,3,1,72,160,0,0,0,0,0,0,0,0,0,1,0,0,0,0,1,2,50,1,2,2,1,0,0,1,13,99,1,4,1,1,1
47,470456,1,1,1,6,7,14,28,34,0,1,0,93,3,51,881,51881,66,2008,4V4N19TG48N4,4,V,4,N,1,9,T,G,4,8,N,4,2,T,VOLV,VNL,TR,8,17,,7,0,0,VVN,D,,,6,915,,,,,00000,00,,42,1,57,00239039,5700239039,3,7,1,2,2,3,3,2,0,0,0,998,0,1,5,1,6,2,1,0,0,0,1,47,37888,6,1,6,1,3,0,73,187,0,0,0,0,0,0,0,0,0,0,0,0,0,0,2,2,70,2,6,2,2,0,0,14,13,99,1,4,1,1,0
47,470457,1,1,2,7,7,6,15,42,0,1,0,47,2,49,40,49040,4,2000,4T1BG22K2YU7,4,T,1,B,G,2,2,K,2,Y,U,7,0,P,TOYT,UEX,4D,0,17,2998,,0,1051,,G,,F,4,132,,,14R195,,,,,,0,0,000000000,00000000000,0,0,0,1,0,0,0,0,0,0,0,998,0,0,0,12,6,2,42,0,0,0,1,47,37923,6,1,0,0,3,0,72,215,0,0,0,0,0,0,0,0,0,9,99,99,99,99,2,2,45,2,1,2,1,0,0,14,12,99,1,4,6,2,1
47,470458,1,1,1,3,7,3,0,34,0,1,0,0,0,37,732,37732,90,2005,000000000000,0,0,0,0,0,0,0,0,0,0,0,0,0,M,HOND,,,5,17,,,,,,,,,,,,,,,,,,,0,0,000000000,00000000000,0,0,0,1,0,0,0,0,0,0,0,998,0,0,0,12,6,2,30,0,0,0,1,47,38583,2,1,0,0,1,0,69,190,0,0,0,0,0,0,0,0,0,9,99,99,99,99,1,2,45,1,1,2,1,0,0,1,13,99,2,4,1,1,1
47,470459,1,1,5,9,7,14,54,52,0,1,0,26,2,14,6,14006,4,2000,2MEFM75W4YX6,2,M,E,F,M,7,5,W,4,Y,X,6,0,P,MERC,MGL,4D,0,17,3973,,0,1147,,G,,F,8,281,,,16R225,,,,,,0,0,000000000,00000000000,0,0,0,1,0,0,0,0,0,0,0,998,0,0,0,1,6,2,21,0,0,0,1,26,48103,6,1,0,0,3,1,63,120,0,0,0,0,0,0,0,0,0,0,28,0,0,0,2,2,70,1,1,2,1,0,0,1,12,99,1,4,6,1,0
47,470460,1,2,1,10,7,13,4,12,6,1,0,13,1,12,481,12481,31,1982,2FTCF10E3CCA,2,F,T,C,F,1,0,E,3,C,C,A,0,T,FORD,F10,PK,82,17,,1,1330,1168,COF,G,,,6,300,,,,B,3064,07,,42,0,0,000000000,00000000000,0,0,0,1,0,0,0,0,0,0,0,998,0,0,0,12,6,2,12,0,0,0,1,13,30750,6,1,0,0,3,0,73,198,98,0,0,0,0,0,0,0,0,9,38,0,0,0,5,6,45,1,1,2,1,0,0,11,15,1,1,1,68,0,0
47,470460,2,2,1,10,7,13,4,12,6,1,0,47,1,22,16,22016,2,2001,2G2FV22G8121,2,G,2,F,V,2,2,G,8,1,2,1,0,P,PONT,FTA,2H,1,17,3452,,0,1011,,G,,F,8,350,,,16R245,,,,,,0,0,000000000,00000000000,0,0,0,1,0,0,0,0,0,0,0,998,0,0,0,9,6,2,12,0,0,0,1,47,37415,6,1,0,0,3,0,63,110,0,0,0,0,0,0,0,0,0,9,0,0,0,0,5,6,45,1,1,2,1,0,0,1,54,1,1,1,69,1,0
47,470461,1,1,7,1,7,4,55,52,0,1,0,42,4,12,461,12461,21,2009,1FBNE31L79DA,1,F,B,N,E,3,1,L,7,9,D,A,0,P,FORD,ECO,SV,9,17,6397,,0,1380,,G,,F,8,330,,,16R245,,,,,,0,0,000000000,00000000000,0,0,0,1,0,0,0,0,0,0,0,998,0,1,5,12,6,2,1,0,0,0,1,42,15370,6,1,0,0,3,1,70,999,0,0,0,0,0,0,0,0,0,0,81,0,0,0,2,2,65,1,1,2,1,0,0,1,12,1,1,4,6,1,0
47,470462,1,1,3,10,7,19,57,42,0,1,0,47,2,35,47,35047,4,2005,1N4AL11D45N4,1,N,4,A,L,1,1,D,4,5,N,4,0,P,NISS,ASL,4D,5,17,2915,,0,1102,,G,,F,4,153,,,16R215,,,,,,0,0,000000000,00000000000,0,0,0,1,0,0,0,0,0,0,0,998,0,0,0,9,6,2,42,0,0,0,1,47,37932,2,1,0,0,2,0,72,150,1,3,0,0,1,8,2009,2,2010,1,36,0,0,0,1,2,40,2,2,2,2,0,0,14,6,99,2,4,6,1,1
47,470463,1,1,1,15,7,13,35,32,0,1,0,47,2,76,705,76705,80,2008,JYARJ16E18A0,J,Y,A,R,J,1,6,E,1,8,A,0,0,M,YAMA,R6L,RC,8,17,,,,,,,599,,4,,4,366,,,,,,,0,0,000000000,00000000000,0,0,0,1,0,0,0,0,0,0,0,998,0,0,0,12,6,2,1,0,0,0,1,47,37040,6,1,0,0,2,3,71,220,1,0,0,1,0,6,2011,6,2012,1,52,58,0,0,2,1,20,3,1,2,1,0,0,14,6,99,2,4,2,1,0
47,470464,1,2,1,10,7,11,35,12,2,1,0,47,1,49,482,49482,31,2005,5TBET34155S4,5,T,B,E,T,3,4,1,5,5,S,4,0,T,TOYT,DBS,CW,5,17,,2,0,1283,TUN,G,,,8,285,,,,B,4765,00,U,42,0,0,000000000,00000000000,0,0,0,1,0,0,0,0,0,0,0,998,0,0,0,12,6,2,12,0,0,0,1,47,38506,6,1,0,0,3,3,70,185,1,0,0,0,0,4,2010,4,2010,9,0,0,0,0,1,2,55,1,1,2,2,0,0,1,62,99,1,1,51,0,0
47,470464,2,2,1,10,7,11,35,12,2,1,0,47,1,52,35,52035,4,1999,JA3AY26A5XU0,J,A,3,A,Y,2,6,A,5,X,U,0,0,P,MITS,MDE,4D,99,17,2250,,0,984,,G,,F,4,090,,,13R175,,,,,,0,0,000000000,00000000000,0,0,0,1,0,0,0,0,0,0,0,998,0,0,0,12,6,2,12,0,0,0,1,47,38562,6,1,0,0,3,0,76,155,0,0,0,0,0,0,0,0,0,9,51,0,0,0,1,2,55,1,1,2,2,0,0,1,10,99,1,2,50,1,0
47,470465,1,1,1,8,7,99,99,34,0,1,0,47,2,20,471,20471,30,2003,1GCCS14H1382,1,G,C,C,S,1,4,H,1,3,8,2,0,T,CHEV,S14,PK,3,17,,1,0,1083,S,G,,,4,133,,,,B,3016,01,,42,0,0,000000000,00000000000,0,0,0,1,0,0,0,0,0,0,0,998,0,0,0,12,6,2,35,0,0,0,1,47,38313,6,1,0,0,3,0,76,230,0,0,0,0,0,0,0,0,0,9,99,99,99,99,1,2,55,3,1,2,99,0,0,14,9,1,1,4,1,1,1
47,470466,1,1,1,8,7,3,1,33,0,1,0,47,1,14,6,14006,4,1999,2MEFM74W3XX6,2,M,E,F,M,7,4,W,3,X,X,6,0,P,MERC,GMG,4D,99,17,3917,,0,1147,,G,,F,8,281,,,16R225,,,,,,0,0,000000000,00000000000,0,0,0,1,0,0,0,0,0,0,0,998,0,0,0,14,6,2,33,0,0,0,1,47,38106,6,1,0,0,3,3,71,174,1,0,0,0,0,8,2011,8,2011,1,0,0,0,0,2,2,35,1,1,2,1,0,0,1,6,99,4,4,7,1,0
47,470467,1,4,1,7,7,14,30,12,8,1,0,47,1,35,481,35481,31,2008,1N6BA07C78N3,1,N,6,B,A,0,7,C,7,8,N,3,0,T,NISS,TXP,CW,8,17,,2,0,1398,TTN,F,,,8,342,,,,B,5156,00,4,44,0,0,000000000,00000000000,0,0,0,1,0,0,0,0,0,0,0,998,7,1,1,1,6,2,12,0,0,0,1,13,30736,6,1,0,0,3,0,70,185,98,0,0,0,0,0,0,0,0,1,28,0,0,0,1,2,45,2,2,2,1,0,0,14,10,1,1,2,64,0,1
47,470467,2,4,2,7,7,14,30,12,8,1,0,12,1,59,402,59402,14,2006,JTJBT20X8601,J,T,J,B,T,2,0,X,8,6,0,1,0,P,LEXS,GX7,UT,6,17,4871,,0,1098,,G,,F,8,285,,,17R265,,,,,,0,0,000000000,00000000000,0,0,0,1,0,0,0,0,0,0,0,998,0,0,0,5,4,1,12,0,0,0,1,12,37397,6,1,0,0,3,0,999,999,99,99,99,99,99,99,9999,99,9999,0,0,0,0,0,1,2,45,3,2,2,1,0,0,98,62,6,1,1,65,0,0
47,470467,3,4,1,7,7,14,30,12,8,1,0,47,1,18,3,18003,4,1998,1G4CW52K8W46,1,G,4,C,W,5,2,K,8,W,4,6,0,P,BUIC,PKA,4D,98,17,3645,,0,1138,,G,,F,6,231,,,16R225,,,,,,0,0,000000000,00000000000,0,0,0,1,0,0,0,0,0,0,0,998,1,0,0,12,6,2,12,0,0,0,1,47,37343,6,1,0,0,3,0,67,160,0,0,0,0,0,0,0,0,0,0,0,0,0,0,1,2,45,1,2,2,1,0,0,1,62,1,1,1,98,1,0
47,470467,4,4,2,7,7,14,30,12,8,1,0,47,2,14,17,14017,4,2005,1MEFM50265A6,1,M,E,F,M,5,0,2,6,5,A,6,0,P,MERC,SGS,4D,5,17,3369,,0,1085,,F,,F,6,183,,,16R215,,,,,,0,0,000000000,00000000000,0,0,0,1,0,0,0,0,0,0,0,998,2,0,0,12,6,2,54,0,0,0,1,47,37421,6,1,0,0,3,0,60,143,1,0,0,0,0,5,2010,5,2010,0,0,0,0,0,1,2,45,1,2,2,1,0,0,1,98,1,1,1,98,0,0
47,470468,1,1,1,6,1,18,32,8,0,1,0,47,3,20,481,20481,31,2000,1GCEC14V6YE1,1,G,C,E,C,1,4,V,6,Y,E,1,0,T,CHEV,SC1,PK,0,17,,2,1330,1190,SIL,G,,,8,293,,,,B,3923,02,,42,0,0,000000000,00000000000,0,0,0,1,0,0,0,0,0,0,0,998,0,0,0,12,4,1,8,0,0,0,1,47,38063,6,1,6,0,3,0,71,202,0,0,0,0,0,0,0,0,0,0,0,0,0,0,2,2,55,1,3,2,1,0,0,1,80,99,1,1,13,0,0
47,470469,1,1,1,14,7,13,10,39,0,1,0,47,1,72,706,72706,80,1993,1HD4CEM10PY2,1,H,D,4,C,E,M,1,0,P,Y,2,0,M,HD,X8H,RS,93,17,,,,,,,883,,2,,4,463,,,,,,,0,0,000000000,00000000000,0,0,0,1,0,0,0,0,0,0,0,998,0,0,0,12,6,2,39,0,0,0,1,47,37857,6,1,0,0,3,0,68,145,0,0,0,0,0,0,0,0,0,0,0,0,0,0,5,4,55,1,1,2,1,0,0,1,13,99,1,4,1,1,0
47,470470,1,1,3,16,7,10,9,1,0,1,0,47,2,20,401,20401,14,2001,1GNCS13WX122,1,G,N,C,S,1,3,W,X,1,2,2,0,P,CHEV,BZR,UT,1,17,3887,,0,1070,,G,,F,6,262,,,15R235,,,,,,0,0,000000000,00000000000,0,0,0,1,0,0,0,0,0,0,0,998,0,1,3,0,6,2,1,0,0,0,1,47,38340,6,1,0,0,3,1,68,250,1,0,0,0,0,8,2010,8,2010,0,0,0,0,0,2,2,65,1,2,2,1,0,0,1,12,99,1,4,6,1,0
47,470471,1,2,1,19,7,21,9,12,6,1,0,47,1,22,18,22018,2,1996,1G2NE12T6TM5,1,G,2,N,E,1,2,T,6,T,M,5,0,P,PONT,GAS,CP,96,17,2662,,0,1034,,G,,F,4,146,,,14R195,,,,,,0,0,000000000,00000000000,0,0,0,1,0,0,0,0,0,0,0,998,0,0,0,11,6,2,12,0,0,0,1,47,37886,6,1,0,0,3,1,71,212,0,0,0,0,0,0,0,0,0,0,28,0,0,0,1,2,35,1,3,2,1,0,0,1,10,99,1,2,64,1,1
47,470471,2,2,1,19,7,21,9,12,6,1,0,47,1,7,27,7027,6,2010,3D4PG5FV2AT1,3,D,4,P,G,5,F,V,2,A,T,1,0,P,DODG,JOU,UT,10,17,4229,,0,1138,,G,,F,6,214,,,17R225,,,,,,0,0,000000000,00000000000,0,0,0,1,0,0,0,0,0,0,0,998,0,0,0,11,6,2,12,0,0,0,1,47,37803,6,1,0,0,3,0,62,120,0,0,0,0,0,0,0,0,0,0,0,0,0,0,1,2,35,1,3,2,1,0,0,1,62,99,1,1,65,0,0
47,470472,1,2,1,10,5,8,37,12,6,1,0,47,2,7,41,7041,4,2001,2B3HD46R41H6,2,B,3,H,D,4,6,R,4,1,H,6,0,P,DODG,ISE,4D,1,17,3393,,0,1130,,G,,F,6,167,,,16R225,,,,,,0,0,000000000,00000000000,0,0,0,1,0,0,0,0,0,0,0,998,0,0,0,12,6,2,12,0,0,0,1,47,38024,6,1,0,0,3,0,70,225,1,0,0,0,0,6,2011,6,2011,0,0,0,0,0,5,4,45,1,2,2,1,0,0,99,10,99,1,2,64,1,0
47,470472,2,2,1,10,5,8,37,12,6,1,0,93,3,84,881,84881,63,2012,1HSHXSHR9CJ6,1,H,S,H,X,S,H,R,9,C,J,6,1,T,INTL,860,TR,12,17,,8,0,0,80S,D,,,6,671,,,,,00000,00,,64,1,57,00270150,5700270150,3,4,1,1,0,0,0,0,0,0,0,38,0,0,0,9,6,2,12,0,0,0,1,29,65804,6,1,6,0,3,0,79,235,0,0,0,0,1,5,2011,5,2011,0,24,0,0,0,5,4,45,1,6,2,1,0,0,1,62,4,1,1,65,0,0
47,470473,1,2,2,27,6,16,49,54,11,1,0,17,1,20,23,20023,6,2009,3GNCA53V89S5,3,G,N,C,A,5,3,V,8,9,S,5,0,P,CHEV,HHR,UT,9,17,3208,,0,1035,,F,,F,4,146,,,17R215,,,,,,0,0,000000000,00000000000,0,0,0,1,0,0,0,0,0,0,0,998,0,0,0,18,6,2,54,0,0,0,1,17,62294,6,1,0,0,3,0,71,195,0,0,0,0,0,0,0,0,0,0,0,0,0,0,2,2,70,1,1,2,1,0,0,1,98,99,1,1,98,1,0
47,470473,2,2,1,27,6,16,49,54,11,1,0,12,3,82,881,82881,66,1994,1FUYDSEBXRP4,1,F,U,Y,D,S,E,B,X,R,P,4,1,T,FRHT,FLD,TR,94,17,,8,0,0,CON,D,,,6,774,,,,,00000,00,,64,1,57,02302372,5702302372,3,6,3,1,0,0,0,0,0,0,0,998,0,0,0,18,0,3,54,0,0,0,1,12,33134,6,1,6,0,3,1,70,999,0,0,0,2,3,7,2010,10,2011,0,0,0,0,0,2,2,70,1,1,2,1,0,0,1,3,99,1,1,98,0,0
47,470474,1,2,1,21,7,17,40,5,0,1,0,47,2,72,706,72706,80,2004,1HD1CGP154K4,1,H,D,1,C,G,P,1,5,4,K,4,0,M,HD,20C,RS,4,17,,,,,,,1200,,2,,4,554,,,,,,,0,0,000000000,00000000000,0,0,0,1,0,0,0,0,0,0,0,998,0,0,0,0,2,3,5,0,0,0,1,47,38305,6,1,0,0,3,0,66,140,0,0,0,0,0,0,0,0,0,0,28,52,0,0,1,2,55,2,6,2,1,0,0,14,98,99,1,2,0,1,0
47,470474,2,2,3,21,7,17,40,5,0,1,0,47,1,35,47,35047,4,2007,1N4AL21E57N4,1,N,4,A,L,2,1,E,5,7,N,4,0,P,NISS,ATS,4D,7,17,3042,,0,1093,,G,,F,4,153,,,16R215,,,,,,0,0,000000000,00000000000,0,0,0,1,0,0,0,0,0,0,0,998,0,0,0,18,0,1,54,0,0,0,1,47,38358,6,1,0,0,3,0,64,220,0,0,0,0,0,0,0,0,0,0,0,0,0,0,1,2,55,3,5,2,1,0,0,14,62,7,1,4,98,0,0
47,470475,1,2,1,11,7,9,20,12,6,1,0,47,2,22,18,22018,4,1995,1G2NE55M8SC7,1,G,2,N,E,5,5,M,8,S,C,7,0,P,PONT,GAS,4D,95,17,2945,,0,1034,,G,,F,6,191,,,14R195,,,,,,0,0,000000000,00000000000,0,0,0,1,0,0,0,0,0,0,0,998,0,0,0,11,6,2,12,0,0,0,1,47,38571,6,1,0,0,3,0,72,160,0,3,0,0,0,7,2010,6,2011,0,38,0,0,0,1,2,45,1,6,2,2,20,3,11,15,99,1,2,82,1,0
47,470475,2,2,1,11,7,9,20,12,6,1,0,47,2,13,1,13001,4,1990,1LNLM81FXLY6,1,L,N,L,M,8,1,F,X,L,Y,6,0,P,LINC,TNC,4D,90,17,4028,,0,1174,,G,,F,8,302,,,15R215,,,,,,0,0,000000000,00000000000,0,0,0,1,0,0,0,0,0,0,0,998,0,0,0,12,6,2,12,0,0,0,1,47,38555,6,2,0,0,3,3,65,145,1,0,0,0,0,4,2011,4,2011,0,0,0,0,0,1,2,45,1,6,2,2,0,0,1,67,99,1,1,83,0,0
47,470476,1,2,1,11,7,22,55,12,6,1,0,47,3,12,481,12481,31,2002,3FTRF17242MA,3,F,T,R,F,1,7,2,4,2,M,A,0,T,FORD,F15,PK,2,17,,2,1385,1199,COF,G,,,6,256,,,,B,3990,03,U,42,0,0,000000000,00000000000,0,0,0,1,0,0,0,0,0,0,0,998,0,0,0,9,6,2,12,0,0,0,1,47,38316,6,1,0,0,3,0,69,160,0,0,0,1,0,11,2009,11,2009,0,38,0,0,0,1,2,55,1,1,2,1,20,3,4,17,99,1,1,89,0,0
47,470476,2,2,1,11,7,22,55,12,6,1,0,47,1,72,706,72706,80,2008,1HD1FC4118Y7,1,H,D,1,F,C,4,1,1,8,Y,7,0,M,HD,FLU,RS,8,17,,,,,,,1584,,2,,4,851,,,,,,,0,0,000000000,00000000000,0,0,0,1,0,0,0,0,0,0,0,998,0,0,0,12,6,2,12,0,0,0,1,47,38230,6,1,0,0,3,0,73,246,0,0,0,1,0,4,2010,4,2010,0,99,99,99,99,2,2,65,3,1,2,1,0,0,14,66,99,1,1,88,1,0
47,470477,1,2,1,14,7,14,10,12,2,1,0,47,1,12,471,12471,30,2009,1FTZR45E19PA,1,F,T,Z,R,4,5,E,1,9,P,A,0,T,FORD,RNS,4C,9,17,,1,0,1260,RNG,G,,,6,244,,,,B,3668,00,4,44,0,0,000000000,00000000000,0,0,0,1,0,0,0,0,0,0,0,998,0,0,0,12,6,2,12,0,0,0,1,47,38236,6,1,0,0,3,0,71,145,0,0,0,0,0,0,0,0,0,0,28,0,0,0,1,2,55,1,1,2,2,0,0,1,10,99,1,2,50,1,0
47,470477,2,2,1,14,7,14,10,12,2,1,0,47,1,12,401,12401,14,2008,1FMEU74E18UA,1,F,M,E,U,7,4,E,1,8,U,A,0,P,FORD,EPR,UT,8,17,4606,,0,1137,,G,,F,6,244,,,17R245,,,,,,0,0,000000000,00000000000,0,0,0,1,0,0,0,0,0,0,0,998,0,0,0,12,6,2,12,0,0,0,1,47,38242,6,1,0,0,3,1,69,160,0,0,0,0,0,0,0,0,0,0,0,0,0,0,1,2,55,1,1,2,2,0,0,1,62,99,1,1,51,0,0
47,470478,1,2,1,15,7,13,25,12,2,1,0,47,1,20,401,20401,14,1988,1GNCS18R3J81,1,G,N,C,S,1,8,R,3,J,8,1,0,P,CHEV,S10,UT,88,17,2867,,0,1005,,G,,F,6,173,,,000000,,,,,,0,0,000000000,00000000000,0,0,0,1,0,0,0,0,0,0,0,998,0,0,0,12,6,2,12,0,0,0,1,47,37190,6,1,0,0,3,1,76,160,0,0,0,1,0,8,2010,8,2010,0,0,0,0,0,5,2,30,1,2,2,1,0,0,11,15,99,1,2,68,0,0
47,470478,2,2,1,15,7,13,25,12,2,1,0,47,1,76,706,76706,80,2003,JYAVP11E43A0,J,Y,A,V,P,1,1,E,4,3,A,0,0,M,YAMA,XVA,RS,3,17,,,,,,,1063,,2,,4,600,,,,,,,0,0,000000000,00000000000,0,0,0,1,0,0,0,0,0,0,0,998,0,0,0,12,6,2,12,0,0,0,1,47,37190,6,1,0,0,3,0,68,167,0,1,0,0,1,11,2009,7,2010,0,0,0,0,0,5,2,45,1,1,2,1,0,0,1,62,99,1,1,69,1,0
47,470479,1,1,2,16,7,0,10,1,0,1,0,17,1,12,481,12481,31,2001,1FTNX21FX1EC,1,F,T,N,X,2,1,F,X,1,E,C,0,T,FORD,F2S,4C,1,17,,2,1580,1418,SRW,D,,,8,444,,,,C,5635,07,U,44,0,0,000000000,00000000000,0,0,0,1,0,0,0,0,0,0,0,998,0,1,5,0,6,2,1,0,0,0,1,17,60544,6,1,0,0,3,0,75,230,0,0,0,0,1,5,2011,5,2011,0,58,0,0,0,1,2,55,2,1,2,1,0,0,14,9,99,4,4,2,1,1
47,470480,1,1,2,19,7,12,41,30,0,1,0,47,2,12,3,12003,3,1989,1FABP41E4KF1,1,F,A,B,P,4,1,E,4,K,F,1,0,P,FORD,MLX,2H,89,17,2819,,0,1005,,G,,F,8,302,,,000000,,,,,,0,0,000000000,00000000000,0,0,0,1,0,0,0,0,0,0,0,998,0,1,5,12,6,2,30,0,0,0,1,47,37641,2,1,0,0,2,0,74,185,0,0,0,0,0,0,0,0,0,1,6,58,0,0,1,2,35,3,1,2,1,0,0,14,6,99,9,4,7,1,1
47,470481,1,1,2,24,7,2,0,35,0,1,0,47,1,20,471,20471,30,1989,1GCBS14E3K22,1,G,C,B,S,1,4,E,3,K,2,2,0,T,CHEV,S14,PK,89,17,,1,1179,1083,S,G,,,4,151,,,,B,2612,01,,42,0,0,000000000,00000000000,0,0,0,1,0,0,0,0,0,0,0,998,0,0,0,11,6,2,42,0,0,0,1,47,37620,2,1,0,0,2,0,74,178,0,0,0,0,0,0,0,0,0,0,6,0,0,0,1,2,25,1,1,2,1,0,0,1,12,99,1,4,6,1,1
47,470482,1,2,1,5,5,13,28,12,6,1,0,47,2,12,402,12402,14,2002,1FMCU03142KD,1,F,M,C,U,0,3,1,4,2,K,D,0,P,FORD,SPE,UT,2,17,3277,,0,1031,,G,,F,6,181,,,15R225,,,,,,0,0,000000000,00000000000,0,0,0,1,0,0,0,0,0,0,0,998,7,0,0,11,6,2,12,0,0,0,1,47,37377,6,1,0,0,3,0,65,145,0,0,0,0,0,0,0,0,0,0,39,0,0,0,5,6,45,1,1,2,1,2,3,1,62,99,1,1,69,0,0