STATE,ST_CASE,VEH_NO,VE_FORMS,NUMOCCS,DAY,MONTH,HOUR,MINUTE,HARM_EV,MAN_COLL,UNITTYPE,HIT_RUN,REG_STAT,OWNER,MAKE,MODEL,MAK_MOD,BODY_TYP,MOD_YEAR,VIN,VIN_1,VIN_2,VIN_3,VIN_4,VIN_5,VIN_6,VIN_7,VIN_8,VIN_9,VIN_10,VIN_11,VIN_12,TOW_VEH,VINTYPE,VINMAKE,VINA_MOD,VIN_BT,VINMODYR,VIN_LNGT,VIN_WGT,WGTCD_TR,WHLBS_LG,WHLBS_SH,SER_TR,FUELCODE,MCYCL_DS,CARBUR,CYLINDER,DISPLACE,MCYCL_CY,MCYCL_WT,TIRE_SZE,TON_RAT,TRK_WT,TRKWTVAR,VIN_REST,WHLDRWHL,J_KNIFE,MCARR_I1,MCARR_I2,MCARR_ID,GVWR,V_CONFIG,CARGO_BT,HAZ_INV,HAZ_PLAC,HAZ_ID,HAZ_CNO,HAZ_REL,BUS_USE,SPEC_USE,EMER_USE,TRAV_SP,UNDERIDE,ROLLOVER,ROLINLOC,IMPACT1,DEFORMED,TOWED,M_HARM,VEH_SC1,VEH_SC2,FIRE_EXP,DR_PRES,L_STATE,DR_ZIP,L_STATUS,L_TYPE,CDL_STAT,L_ENDORS,L_COMPL,L_RESTRI,DR_HGT,DR_WGT,PREV_ACC,PREV_SUS,PREV_DWI,PREV_SPD,PREV_OTH,FIRST_MO,FIRST_YR,LAST_MO,LAST_YR,SPEEDREL,DR_SF1,DR_SF2,DR_SF3,DR_SF4,VTRAFWAY,VNUM_LAN,VSPD_LIM,VALIGN,VPROFILE,VPAVETYP,VSURCOND,VTRAFCON,VTCONT_F,P_CRASH1,P_CRASH2,P_CRASH3,PCRASH4,PCRASH5,ACC_TYPE,DEATHS,DR_DRINK
47,470482,2,2,1,5,5,13,28,12,6,1,0,47,1,13,15,13015,4,2008,3LNHM26T88R6,3,L,N,H,M,2,6,T,8,8,R,6,0,P,LINC,MKZ,4D,8,17,3469,,0,1074,,G,,F,6,214,,,17R225,,,,,,0,0,000000000,00000000000,0,0,0,1,0,0,0,0,0,0,0,998,2,0,0,1,6,2,12,0,0,0,1,47,37405,6,1,0,0,3,0,69,155,1,0,0,0,0,3,2011,3,2011,0,0,0,0,0,5,6,45,1,1,2,1,2,3,11,15,99,1,2,68,1,0
47,470483,2,1,1,23,7,19,41,45,0,1,0,47,2,23,421,23421,15,2003,1GTHC23193F1,1,G,T,H,C,2,3,1,9,3,F,1,0,T,GMC,2CH,CW,3,17,,2,1670,1530,SIE,D,,,8,403,,,,C,5605,01,U,42,0,0,000000000,00000000000,0,0,0,1,0,0,0,0,0,0,0,998,0,0,0,18,4,3,45,0,0,0,1,47,37918,6,1,0,0,3,1,76,180,0,0,0,0,0,0,0,0,0,0,0,0,0,0,1,2,40,1,1,2,1,97,8,1,90,99,1,1,98,0,0
47,470484,1,1,2,15,6,22,0,1,0,1,0,47,1,2,404,2404,14,2000,1J4G248S8YC3,1,J,4,G,2,4,8,S,8,Y,C,3,0,T,JEEP,LRO,4W,0,17,,1,0,1059,GCK,G,,,6,244,,,,,3664,00,E,42,0,0,000000000,00000000000,0,0,0,1,0,0,0,0,0,0,0,998,0,1,5,0,6,2,1,0,0,0,1,47,38112,6,1,6,0,3,0,71,180,0,0,0,0,0,0,0,0,0,0,6,36,0,0,2,2,70,3,1,2,1,0,0,14,9,99,9,4,2,1,1
47,470485,1,1,1,8,7,4,0,34,0,1,0,47,1,72,706,72706,80,2004,1HD1BJY124Y0,1,H,D,1,B,J,Y,1,2,4,Y,0,0,M,HD,STC,RS,4,17,,,,,,,1450,,2,,4,696,,,,,,,0,0,000000000,00000000000,0,0,0,1,0,0,0,0,0,0,0,998,0,0,0,12,6,2,34,0,0,0,1,47,37129,6,1,0,0,3,3,70,205,0,0,0,0,0,0,0,0,0,0,0,0,0,0,1,2,35,2,1,2,1,0,0,14,12,99,1,4,6,1,1
47,470486,1,1,3,18,7,21,15,1,0,1,0,47,2,49,471,49471,30,1993,4TARN81A5PZ0,4,T,A,R,N,8,1,A,5,P,Z,0,0,T,TOYT,USS,PK,93,17,,1,0,1029,UHT,G,,,4,144,,,,B,2640,00,A,42,0,0,000000000,00000000000,0,0,0,1,0,0,0,0,0,0,0,998,0,1,5,0,6,2,1,0,0,0,1,47,37333,6,1,0,0,3,0,73,220,0,0,0,0,0,0,0,0,0,0,28,58,89,0,2,2,55,3,5,2,1,0,0,14,9,6,9,4,2,2,1
47,470487,1,3,2,25,7,15,22,12,7,1,0,47,2,20,421,20421,15,2005,1GNEC13T85R2,1,G,N,E,C,1,3,T,8,5,R,2,0,P,CHEV,CTA,UT,5,17,4975,,0,1160,,G,,F,8,325,,,16R265,,,,,,0,0,000000000,00000000000,0,0,0,1,0,0,0,0,0,0,0,998,0,0,0,7,6,2,12,0,0,0,1,47,37042,6,1,0,0,3,0,62,120,0,0,0,0,0,0,0,0,0,0,0,0,0,0,2,2,70,1,1,2,1,28,3,1,60,99,1,1,45,0,0
47,470487,2,3,2,25,7,15,22,12,7,1,0,22,3,51,881,51881,66,2009,4V4NC9TG99N2,4,V,4,N,C,9,T,G,9,9,N,2,1,T,VOLV,VNL,TR,9,17,,8,0,0,VVN,D,,,6,915,,,,,00000,00,,64,1,57,00029124,5700029124,3,6,1,1,0,0,0,0,0,0,0,998,0,0,0,12,6,2,12,0,0,0,1,13,30281,6,1,6,0,3,0,72,265,98,0,0,0,0,0,0,0,0,0,24,0,0,0,2,2,70,1,2,2,1,28,3,1,60,99,1,1,98,0,0
47,470487,3,3,2,25,7,15,22,12,7,1,0,47,1,18,2,18002,4,2001,1G4HP54K2141,1,G,4,H,P,5,4,K,2,1,4,1,0,P,BUIC,LCF,4D,1,17,3567,,0,1122,,G,,F,6,231,,,15R215,,,,,,0,0,000000000,00000000000,0,0,0,1,0,0,0,0,0,0,0,998,0,0,0,1,6,2,12,0,0,0,1,47,37043,6,1,0,0,3,1,71,155,0,0,0,0,0,0,0,0,0,0,38,0,0,0,2,2,70,1,1,2,1,28,3,16,10,99,1,1,47,1,0
47,470488,1,3,1,30,7,0,8,12,1,1,0,47,1,72,706,72706,80,2004,1HD1FRW134Y7,1,H,D,1,F,R,W,1,3,4,Y,7,0,M,HD,FCI,RS,4,17,,,,,,,1450,,2,,4,999,,,,,,,0,0,000000000,00000000000,0,0,0,1,0,0,0,0,0,0,0,75,0,0,0,12,6,2,12,0,0,0,1,47,37416,6,1,0,0,3,0,77,290,0,0,0,0,0,0,0,0,0,1,35,0,0,0,4,3,55,1,1,2,1,0,0,1,10,99,1,1,24,1,1
47,470488,2,3,1,30,7,0,8,12,1,1,0,47,3,51,881,51881,66,2012,4V4NC9EH1CN5,4,V,4,N,C,9,E,H,1,C,N,5,1,T,VOLV,VNL,TR,12,17,,8,0,0,VVN,D,,,6,793,,,,,00000,00,,64,1,57,00297370,5700297370,3,6,2,2,2,1203,3,1,0,0,0,52,0,0,0,6,4,1,12,0,0,0,1,47,37405,6,1,6,1,3,0,69,255,1,0,0,0,0,10,2010,10,2010,0,0,0,0,0,4,3,55,1,1,2,1,0,0,1,60,99,1,1,25,0,0
47,470488,3,3,2,30,7,0,8,12,1,1,0,47,1,20,482,20482,31,2004,3GNEC12T24G2,3,G,N,E,C,1,2,T,2,4,G,2,0,T,CHEV,CAV,CW,4,17,,2,0,1300,AVL,G,,,8,325,,,,B,5437,00,,42,0,0,000000000,00000000000,0,0,0,1,0,0,0,0,0,0,0,998,0,0,0,14,0,1,54,0,0,0,1,47,37343,6,1,0,0,3,1,72,240,0,0,0,0,0,0,0,0,0,0,0,0,0,0,4,3,55,1,1,2,1,0,0,1,60,6,1,1,98,0,0
47,470489,1,3,1,29,7,23,15,12,7,1,0,47,1,37,706,37706,80,2007,JH2SC57087M3,J,H,2,S,C,5,7,0,8,7,M,3,0,M,HOND,CBS,RC,7,17,,,,,,,998,,4,,4,388,,,,,,,0,0,000000000,00000000000,0,0,0,1,0,0,0,0,0,0,0,998,0,0,0,11,6,2,12,0,0,0,1,47,37421,6,1,0,0,3,0,72,242,0,1,0,2,0,3,2010,3,2011,0,0,0,0,0,3,2,55,1,1,2,1,0,0,6,10,99,1,2,47,1,0
47,470489,2,3,4,29,7,23,15,12,7,1,0,20,1,23,481,23481,31,2008,1GKER33788J2,1,G,K,E,R,3,3,7,8,8,J,2,0,T,GMC,S2F,4W,8,17,,2,0,1189,ACA,G,,,6,220,,,,B,4722,00,W,42,0,0,000000000,00000000000,0,0,0,1,0,0,0,0,0,0,0,998,0,0,0,5,4,1,12,0,0,0,1,47,37042,6,1,0,0,3,0,68,155,0,0,0,0,0,0,0,0,0,0,0,0,0,0,3,2,55,1,1,2,1,0,0,1,60,99,1,1,45,0,0
47,470489,3,3,1,29,7,23,15,12,7,1,0,12,3,85,881,85881,66,2011,1XKAD49X4BJ2,1,X,K,A,D,4,9,X,4,B,J,2,1,T,KW,T60,TR,11,17,,8,2600,1600,CON,D,,,6,915,,,,,00000,00,,64,1,57,29653,5729653,3,6,1,1,0,0,0,0,0,0,0,998,0,0,0,6,4,1,12,0,0,0,1,12,32712,6,1,6,0,3,0,80,999,0,0,0,0,0,0,0,0,0,0,0,0,0,0,3,2,55,1,1,2,1,0,0,1,60,99,1,1,98,0,0
47,470490,1,3,1,3,8,6,58,12,8,1,0,47,2,22,16,22016,2,2003,1G2JB12F2372,1,G,2,J,B,1,2,F,2,3,7,2,0,P,PONT,SFR,CP,3,17,2771,,0,1041,,G,,F,4,134,,,14R195,,,,,,0,0,000000000,00000000000,0,0,0,1,0,0,0,0,0,0,0,998,1,0,0,12,6,2,12,0,0,0,1,47,37330,6,2,0,0,3,1,67,260,0,0,0,0,0,0,0,0,0,0,51,0,0,0,5,4,40,1,1,2,1,0,0,1,10,99,1,2,64,1,0
47,470490,2,3,2,3,8,6,58,12,8,1,0,47,1,12,881,12881,61,2009,1FDWX36549EB,1,F,D,W,X,3,6,5,4,9,E,B,0,T,FORD,F3D,4B,9,17,,3,1580,1420,DRW,G,,,8,329,,,,D,6302,00,U,42,0,88,888888888,88888888888,2,1,97,1,0,0,0,0,0,0,0,998,1,0,0,11,6,2,12,0,0,0,1,47,37160,6,1,0,0,3,1,69,185,1,0,0,0,0,12,2010,12,2010,0,0,0,0,0,5,4,40,1,1,2,1,0,0,1,62,99,1,1,98,0,0
47,470490,3,3,1,3,8,6,58,12,8,1,0,47,2,12,481,12481,31,1986,1FTDF15Y8GNB,1,F,T,D,F,1,5,Y,8,G,N,B,0,T,FORD,F15,PK,86,17,,1,1330,1170,COF,G,,,6,300,,,,B,4013,00,A,42,0,0,000000000,00000000000,0,0,0,1,0,0,0,0,0,0,0,998,1,0,0,11,6,2,12,0,0,0,1,47,37388,6,1,0,0,3,0,71,178,0,0,0,0,0,0,0,0,0,0,0,0,0,0,5,4,40,1,1,2,1,0,0,1,62,6,1,1,65,0,0
47,470491,1,2,1,28,7,2,50,12,2,1,0,47,2,12,461,12461,21,2001,1FTSE34F21HA,1,F,T,S,E,3,4,F,2,1,H,A,0,T,FORD,3SD,CG,1,17,,2,0,1380,VAN,D,,,8,444,,,,D,5378,06,E,42,0,0,000000000,00000000000,0,0,0,1,0,0,0,0,0,0,0,998,0,0,0,12,6,2,12,0,0,0,1,13,30518,0,0,0,0,0,0,999,999,98,0,0,0,0,0,0,0,0,1,28,36,37,91,1,2,35,1,5,2,1,0,0,1,10,99,1,2,50,0,1
47,470491,2,2,2,28,7,2,50,12,2,1,0,47,1,12,13,12013,2,2000,3FAKP1137YR1,3,F,A,K,P,1,1,3,7,Y,R,1,0,P,FORD,ZX2,CP,0,17,2478,,0,984,,G,,F,4,121,,,15R185,,,,,,0,0,000000000,00000000000,0,0,0,1,0,0,0,0,0,0,0,998,0,0,0,12,6,2,12,0,0,0,1,47,37323,6,1,0,0,3,0,64,190,0,0,0,1,0,7,2011,7,2011,0,0,0,0,0,1,2,35,1,6,2,1,0,0,1,62,99,1,1,51,1,0
47,470492,1,1,1,28,7,0,55,42,0,1,0,24,1,37,31,37031,2,1999,1HGEM1158XL0,1,H,G,E,M,1,1,5,8,X,L,0,0,P,HOND,USS,CP,99,17,2612,,0,1032,,G,,F,4,097,,,15R195,,,,,,0,0,000000000,00000000000,0,0,0,1,0,0,0,0,0,0,0,998,0,0,0,9,6,2,42,0,0,0,1,24,21114,6,1,0,0,3,0,77,210,0,1,0,0,0,12,2011,12,2011,0,0,0,0,0,1,2,45,3,6,2,1,0,0,14,12,99,1,4,6,1,1
47,470493,1,1,4,29,7,2,15,30,0,1,0,47,2,35,47,35047,4,2009,1N4AL21E89C1,1,N,4,A,L,2,1,E,8,9,C,1,0,P,NISS,ATS,4D,9,17,3179,,0,1093,,G,,F,4,153,,,16R215,,,,,,0,0,000000000,00000000000,0,0,0,1,0,0,0,0,0,0,0,998,0,0,0,3,6,2,30,0,0,0,1,47,37877,6,1,0,0,3,0,71,193,0,1,1,0,0,9,2009,9,2009,0,28,0,0,0,1,2,35,3,6,2,1,0,0,14,13,99,4,4,2,1,1
47,470494,1,2,1,30,7,17,20,12,2,1,0,93,3,84,881,84881,66,2007,2HSCNAPR27C4,2,H,S,C,N,A,P,R,2,7,C,4,1,T,INTL,94I,TR,7,17,,8,0,0,940,D,,,6,915,,,,,00000,00,,64,1,57,00159317,5700159317,3,6,3,1,0,0,0,0,0,0,0,998,0,0,0,12,6,2,12,0,0,0,1,5,72126,6,1,6,0,3,0,67,225,0,0,0,0,0,0,0,0,0,0,0,0,0,0,2,2,70,1,1,2,1,0,0,1,54,99,1,1,51,0,0
47,470494,2,2,5,30,7,17,20,12,2,1,0,21,1,12,880,12880,67,2001,1FTWW33F01ED,1,F,T,W,W,3,3,F,0,1,E,D,0,T,FORD,F3D,CW,1,17,,3,1720,1560,DRW,D,,,8,444,,,,D,6402,08,E,44,0,88,888888888,88888888888,2,1,97,1,0,0,0,0,0,0,0,998,0,0,0,12,6,2,12,0,0,0,1,21,40218,6,1,0,0,3,0,60,175,0,0,0,0,0,0,0,0,0,0,0,0,0,0,2,2,70,1,1,2,2,0,0,1,1,99,1,2,50,3,0
47,470495,1,1,2,4,7,20,30,34,0,1,1,47,2,12,481,12481,31,1998,1FTZF1724WNB,1,F,T,Z,F,1,7,2,4,W,N,B,0,T,FORD,F15,PK,98,17,,1,1390,1200,COF,G,,,6,256,,,,B,3800,02,E,42,0,0,000000000,00000000000,0,0,0,1,0,0,0,0,0,0,0,998,0,1,5,12,6,2,1,0,0,0,1,47,38368,6,1,0,0,3,1,72,225,0,0,0,0,0,0,0,0,0,0,0,0,0,0,1,2,55,3,1,2,1,0,0,14,9,99,2,4,7,1,1
47,470496,1,2,1,13,7,3,30,12,2,1,0,47,2,7,20,7020,4,2002,1B3ES56C82D5,1,B,3,E,S,5,6,C,8,2,D,5,0,P,DODG,ESN,4D,2,17,2662,,0,1050,,G,,F,4,122,,,15R185,,,,,,0,0,000000000,00000000000,0,0,0,1,0,0,0,0,0,0,0,998,0,0,0,12,6,2,12,0,0,0,1,47,38053,6,1,0,0,3,0,66,160,0,0,0,1,0,11,2010,11,2010,9,99,99,99,99,5,6,40,1,1,2,2,0,0,1,10,99,1,2,50,1,0
47,470496,2,2,1,13,7,3,30,12,2,1,0,21,2,7,24,7024,4,2006,2B3KA43G56H2,2,B,3,K,A,4,3,G,5,6,H,2,0,P,DODG,CTL,4D,6,17,3718,,0,1200,,G,,F,6,214,,,17R215,,,,,,0,0,000000000,00000000000,0,0,0,1,0,0,0,0,0,0,0,998,0,0,0,12,6,2,12,0,0,0,1,47,38175,6,1,0,0,3,0,63,184,0,2,0,1,0,3,2011,9,2011,9,0,0,0,0,5,6,40,1,1,2,2,0,0,1,62,99,1,1,51,0,0
47,470497,1,1,1,19,7,18,21,35,0,1,0,47,1,12,401,12401,14,2008,1FMEU74E98UA,1,F,M,E,U,7,4,E,9,8,U,A,0,P,FORD,EPR,UT,8,17,4606,,0,1137,,G,,F,6,244,,,17R245,,,,,,0,0,000000000,00000000000,0,0,0,1,0,0,0,0,0,0,0,998,0,1,5,12,6,2,1,0,0,0,1,47,37377,6,1,0,0,3,0,68,185,0,0,0,0,0,0,0,0,0,9,99,99,99,99,1,2,35,1,2,2,1,0,0,1,13,99,1,4,1,1,0
47,470498,1,1,1,21,7,19,50,1,0,1,0,39,2,12,423,12423,16,2002,1FMSU41F52EC,1,F,M,S,U,4,1,F,5,2,E,C,0,P,FORD,EXC,UT,2,17,7011,,0,1371,,D,,T,8,444,,,16R265,,,,,,0,0,000000000,00000000000,0,0,0,1,0,0,0,0,0,0,0,998,0,1,1,0,6,2,1,0,0,0,1,39,43015,6,1,0,0,3,0,70,230,1,5,0,0,1,8,2010,3,2012,9,99,99,99,99,2,2,70,1,1,2,1,0,0,1,1,99,7,6,98,1,0
47,470499,1,1,3,25,7,6,50,42,0,1,0,29,1,32,43,32043,4,1999,WAUED28D3XA0,W,A,U,E,D,2,8,D,3,X,A,0,0,P,AUDI,42Q,4D,99,17,3296,,0,1026,,G,,F,6,169,,,16R205,,,,,,0,0,000000000,00000000000,0,0,0,1,0,0,0,0,0,0,0,998,0,0,0,11,6,2,42,0,0,0,1,29,63040,6,1,0,0,3,0,71,165,1,1,0,1,3,8,2010,12,2011,9,28,58,0,0,2,2,70,1,1,2,1,0,0,1,8,9,1,4,1,1,0
47,470500,1,2,1,25,7,16,42,12,2,1,0,47,2,37,32,37032,4,2005,1HGCM66515A0,1,H,G,C,M,6,6,5,1,5,A,0,0,P,HOND,UEX,4D,5,17,3384,,0,1079,,G,,F,6,183,,,16R205,,,,,,0,0,000000000,00000000000,0,0,0,1,0,0,0,0,0,0,0,998,0,0,0,12,6,2,12,0,0,0,1,47,37074,6,1,0,0,3,0,67,170,0,0,0,0,0,0,0,0,0,9,28,0,0,0,1,2,55,1,1,2,1,0,0,1,10,99,1,2,50,1,0
47,470500,2,2,2,25,7,16,42,12,2,1,0,47,1,20,481,20481,31,1995,2GCFK29K2S11,2,G,C,F,K,2,9,K,2,S,1,1,0,T,CHEV,GK2,PC,95,17,,2,1555,1415,GM4,G,,,8,350,,,,C,00000,00,,44,0,0,000000000,00000000000,0,0,0,1,0,0,0,0,0,0,0,998,0,0,0,12,6,2,12,0,0,0,1,47,37074,6,1,0,0,3,1,70,245,0,0,0,0,0,0,0,0,0,9,0,0,0,0,1,2,55,1,1,2,1,0,0,1,62,99,1,1,51,0,0
47,470501,1,1,5,30,7,1,36,42,0,1,0,47,1,20,481,20481,31,2004,2GCEC19VX413,2,G,C,E,C,1,9,V,X,4,1,3,0,T,CHEV,SC1,4C,4,17,,2,1575,1435,SIL,G,,,8,293,,,,B,4555,00,,42,0,0,000000000,00000000000,0,0,0,1,0,0,0,0,0,0,0,998,0,0,0,3,6,2,42,0,0,0,1,47,38462,6,1,0,0,3,0,75,190,1,1,0,0,0,12,2010,12,2010,9,99,99,99,99,1,2,45,1,1,2,1,20,3,1,14,99,1,4,14,1,0
47,470502,1,1,1,25,7,10,20,1,0,1,0,47,1,37,706,37706,80,2009,JH2RC50089K5,J,H,2,R,C,5,0,0,8,9,K,5,0,M,HOND,T7C,RS,9,17,,,,,,,745,,2,,4,553,,,,,,,0,0,000000000,00000000000,0,0,0,1,0,0,0,0,0,0,0,998,0,0,0,0,4,4,1,0,0,0,1,47,38201,6,1,0,0,3,3,69,205,0,0,0,1,0,4,2011,4,2011,9,79,0,0,0,1,2,55,3,1,2,1,0,0,11,5,99,2,1,98,1,0
47,470503,1,2,1,26,7,21,5,12,6,1,0,47,1,7,482,7482,32,2012,1C6RD7KT8CS1,1,C,6,R,D,7,K,T,8,C,S,1,0,T,DODG,S1T,CW,12,17,,2,0,1400,RPC,G,,,8,348,,,,B,5257,00,K,44,0,0,000000000,00000000000,0,0,0,1,0,0,0,0,0,0,0,998,7,0,0,11,6,2,12,0,0,0,1,47,38225,6,1,0,0,3,0,73,220,1,0,0,0,0,8,2011,8,2011,9,38,0,0,0,1,2,45,1,1,2,2,0,0,11,15,99,1,1,82,0,0
47,470503,2,2,1,26,7,21,5,12,6,1,0,47,1,72,706,72706,80,2004,1HD1FCW104Y6,1,H,D,1,F,C,W,1,0,4,Y,6,0,M,HD,FLU,RS,4,17,,,,,,,1450,,2,,4,788,,,,,,,0,0,000000000,00000000000,0,0,0,1,0,0,0,0,0,0,0,998,0,0,0,12,6,2,12,0,0,0,1,47,38237,6,1,0,0,3,0,70,215,0,0,0,0,0,0,0,0,0,1,0,0,0,0,1,2,45,1,1,2,2,0,0,1,72,99,1,1,83,1,1
47,470504,1,1,1,30,7,16,50,21,0,1,0,47,1,20,431,20431,16,2001,3GNFK16T61G1,3,G,N,F,K,1,6,T,6,1,G,1,0,P,CHEV,K15,UT,1,17,5123,,0,1300,,G,,F,8,325,,,16R245,,,,,,0,0,000000000,00000000000,0,0,0,1,0,0,0,0,0,0,0,998,0,0,0,12,6,2,21,0,0,0,1,47,37075,6,1,0,0,3,3,72,240,1,0,0,0,0,2,2012,2,2012,9,0,0,0,0,3,3,70,1,1,1,1,0,0,98,98,7,1,4,1,1,0
47,470505,1,1,1,30,7,16,15,1,0,1,0,47,3,49,472,49472,30,1995,4TAUN73C0SZ0,4,T,A,U,N,7,3,C,0,S,Z,0,0,T,TOYT,XTR,PC,95,17,,1,0,1219,TAC,G,,,4,164,,,,B,3370,00,M,44,0,0,000000000,00000000000,0,0,0,1,0,0,0,0,0,0,0,998,0,1,5,0,6,2,1,0,0,1,1,47,37769,6,1,0,0,3,0,68,190,0,0,0,0,0,0,0,0,0,9,99,99,99,99,1,2,45,3,6,2,1,0,0,14,13,99,1,4,1,1,1
47,470506,1,1,1,5,6,18,56,1,0,1,0,47,1,20,481,20481,31,1990,1GCGK24KXLE1,1,G,C,G,K,2,4,K,X,L,E,1,0,T,CHEV,GK2,PK,90,17,,2,1415,1315,GM4,G,,,8,350,,,,C,4348,10,,44,0,0,000000000,00000000000,0,0,0,1,0,0,0,0,0,0,0,998,0,1,5,0,6,2,1,0,0,0,1,47,37618,2,1,0,0,2,0,71,185,0,1,0,0,0,10,2010,10,2010,9,99,99,99,99,1,2,45,1,1,2,1,0,0,1,13,99,1,4,1,1,1
47,470507,1,2,1,2,7,22,8,12,1,1,0,47,1,37,705,37705,80,2005,JH2RC44035M8,J,H,2,R,C,4,4,0,3,5,M,8,0,M,HOND,T7C,RS,5,17,,,,,,,745,,2,,4,496,,,,,,,0,0,000000000,00000000000,0,0,0,1,0,0,0,0,0,0,0,998,0,0,0,6,6,2,12,0,0,0,1,47,38015,6,1,0,0,3,0,67,160,1,0,0,1,0,8,2009,7,2010,0,0,0,0,0,1,2,45,1,6,2,1,0,0,1,53,99,1,1,25,0,1
47,470507,2,2,2,2,7,22,8,12,1,1,0,47,2,53,705,53705,80,2007,JS1GN7DA5721,J,S,1,G,N,7,D,A,5,7,2,1,0,M,SUZI,G60,RC,7,17,,,,,,,599,,4,,4,354,,,,,,,0,0,000000000,00000000000,0,0,0,1,0,0,0,0,0,0,0,998,0,0,0,12,6,2,1,0,0,0,1,47,38004,6,1,0,0,3,2,69,155,1,0,0,3,0,9,2010,10,2011,0,36,74,0,0,1,2,45,1,6,2,1,0,0,1,51,99,1,1,24,1,1
47,470508,1,1,1,25,7,14,25,34,0,1,0,47,1,20,402,20402,14,1998,2CNBJ1368W69,2,C,N,B,J,1,3,6,8,W,6,9,0,P,CHEV,TKR,UT,98,17,2747,,0,976,,G,,F,4,097,,,15R205,,,,,,0,0,000000000,00000000000,0,0,0,1,0,0,0,0,0,0,0,998,0,1,5,14,6,2,1,0,0,0,1,47,37722,6,1,0,0,3,0,66,222,1,0,0,0,0,4,2010,4,2010,0,0,0,0,0,1,2,45,1,1,2,1,0,0,1,8,99,9,4,2,1,0
47,470509,1,1,1,25,7,99,99,24,0,1,0,47,1,20,23,20023,6,2010,3GNBAADB9AS5,3,G,N,B,A,A,D,B,9,A,S,5,0,P,CHEV,HHR,UT,10,17,3155,,0,1035,,F,,F,4,134,,,16R215,,,,,,0,0,000000000,00000000000,0,0,0,1,0,0,0,0,0,0,0,998,0,0,0,2,6,2,42,0,0,0,1,47,37342,6,1,0,0,3,0,66,145,0,0,0,0,0,0,0,0,0,0,99,99,99,99,1,2,45,3,6,2,1,0,0,14,9,99,9,4,2,1,0
47,470510,1,1,3,30,7,99,99,42,0,1,0,47,1,35,43,35043,4,1991,JN1EB31P9MU0,J,N,1,E,B,3,1,P,9,M,U,0,0,P,NISS,SEN,4D,91,17,2219,,0,956,,G,,F,4,098,,,13R175,,,,,,0,0,000000000,00000000000,0,0,0,1,0,0,0,0,0,0,0,998,0,0,0,1,6,2,42,0,0,0,1,47,37055,6,1,0,0,3,0,73,175,0,0,0,0,0,0,0,0,0,9,58,0,0,0,1,2,55,1,2,2,1,0,0,6,12,9,2,4,6,2,0
47,470511,1,2,3,24,7,12,5,12,6,1,0,28,1,35,39,35039,4,2009,1N4AA51E89C8,1,N,4,A,A,5,1,E,8,9,C,8,0,P,NISS,MSV,4D,9,17,3556,,0,1093,,G,,F,6,214,,,18R245,,,,,,0,0,000000000,00000000000,0,0,0,1,0,0,0,0,0,0,0,998,0,0,0,11,6,2,12,0,0,0,1,28,38680,6,1,0,0,3,0,66,125,0,0,0,0,0,0,0,0,0,9,39,0,0,0,1,2,40,1,1,2,1,2,3,1,17,1,1,1,86,0,0
47,470511,2,2,1,24,7,12,5,12,6,1,0,47,1,12,16,12016,4,2002,2FAFP74W82X1,2,F,A,F,P,7,4,W,8,2,X,1,0,P,FORD,CVR,4D,2,17,3968,,0,1147,,G,,F,8,281,,,16R225,,,,,,0,0,000000000,00000000000,0,0,0,1,0,0,0,0,0,0,0,998,0,0,0,1,6,2,12,0,0,0,1,47,38109,6,1,0,0,3,2,64,162,0,0,0,0,0,0,0,0,0,9,74,0,0,0,1,2,30,1,1,2,1,2,3,1,66,1,1,1,87,1,0
47,470512,1,2,1,28,7,12,15,12,2,1,0,47,1,37,705,37705,80,2007,JH2PC40077M0,J,H,2,P,C,4,0,0,7,7,M,0,0,M,HOND,B60,RC,7,17,,,,,,,599,,4,,4,345,,,,,,,0,0,000000000,00000000000,0,0,0,1,0,0,0,0,0,0,0,998,0,0,0,12,6,2,12,0,0,0,1,47,37013,6,1,0,0,2,0,72,180,0,0,0,0,0,0,0,0,0,1,28,0,0,0,1,2,40,2,1,2,1,0,0,14,11,99,1,2,50,1,0
47,470512,2,2,2,28,7,12,15,12,2,1,0,47,2,49,40,49040,4,2012,4T1BF1FK6CU5,4,T,1,B,F,1,F,K,6,C,U,5,0,P,TOYT,CBA,4D,12,17,3190,,0,1093,,G,,F,4,152,,,16R205,,,,,,0,0,000000000,00000000000,0,0,0,1,0,0,0,0,0,0,0,998,0,0,0,12,6,2,12,0,0,0,1,47,37098,6,1,0,0,3,0,70,145,0,0,0,0,0,0,0,0,0,0,0,0,0,0,1,2,40,3,1,2,1,0,0,14,62,1,1,1,51,0,0
47,470513,1,1,1,30,7,14,10,1,0,1,0,47,1,23,401,23401,14,1995,1GKCS13W5S25,1,G,K,C,S,1,3,W,5,S,2,5,0,T,GMC,JMY,4W,95,17,,1,0,1070,JMY,G,,,6,262,,,,B,00000,00,M,42,0,0,000000000,00000000000,0,0,0,1,0,0,0,0,0,0,0,998,0,1,1,0,6,2,1,0,0,0,1,47,38118,1,1,1,0,2,3,68,198,0,0,0,0,0,0,0,0,0,9,99,99,99,99,1,2,35,1,1,2,1,0,0,1,13,6,1,6,98,1,0