STATE,ST_CASE,VEH_NO,VE_FORMS,NUMOCCS,DAY,MONTH,HOUR,MINUTE,HARM_EV,MAN_COLL,UNITTYPE,HIT_RUN,REG_STAT,OWNER,MAKE,MODEL,MAK_MOD,BODY_TYP,MOD_YEAR,VIN,VIN_1,VIN_2,VIN_3,VIN_4,VIN_5,VIN_6,VIN_7,VIN_8,VIN_9,VIN_10,VIN_11,VIN_12,TOW_VEH,VINTYPE,VINMAKE,VINA_MOD,VIN_BT,VINMODYR,VIN_LNGT,VIN_WGT,WGTCD_TR,WHLBS_LG,WHLBS_SH,SER_TR,FUELCODE,MCYCL_DS,CARBUR,CYLINDER,DISPLACE,MCYCL_CY,MCYCL_WT,TIRE_SZE,TON_RAT,TRK_WT,TRKWTVAR,VIN_REST,WHLDRWHL,J_KNIFE,MCARR_I1,MCARR_I2,MCARR_ID,GVWR,V_CONFIG,CARGO_BT,HAZ_INV,HAZ_PLAC,HAZ_ID,HAZ_CNO,HAZ_REL,BUS_USE,SPEC_USE,EMER_USE,TRAV_SP,UNDERIDE,ROLLOVER,ROLINLOC,IMPACT1,DEFORMED,TOWED,M_HARM,VEH_SC1,VEH_SC2,FIRE_EXP,DR_PRES,L_STATE,DR_ZIP,L_STATUS,L_TYPE,CDL_STAT,L_ENDORS,L_COMPL,L_RESTRI,DR_HGT,DR_WGT,PREV_ACC,PREV_SUS,PREV_DWI,PREV_SPD,PREV_OTH,FIRST_MO,FIRST_YR,LAST_MO,LAST_YR,SPEEDREL,DR_SF1,DR_SF2,DR_SF3,DR_SF4,VTRAFWAY,VNUM_LAN,VSPD_LIM,VALIGN,VPROFILE,VPAVETYP,VSURCOND,VTRAFCON,VTCONT_F,P_CRASH1,P_CRASH2,P_CRASH3,PCRASH4,PCRASH5,ACC_TYPE,DEATHS,DR_DRINK
47,470514,1,1,1,31,7,22,19,34,0,1,0,47,2,20,471,20471,30,1991,1GCCS14E2M21,1,G,C,C,S,1,4,E,2,M,2,1,0,T,CHEV,S14,PK,91,17,,1,1179,1083,S,G,,,4,151,,,,B,2567,01,,42,0,0,000000000,00000000000,0,0,0,1,0,0,0,0,0,0,0,998,0,1,1,1,6,2,1,0,0,0,1,47,37354,1,1,0,0,2,0,69,140,0,1,0,0,0,10,2009,10,2009,0,0,0,0,0,1,2,45,1,5,2,2,0,0,1,11,99,1,4,1,1,1
47,470516,1,1,4,2,8,2,40,42,0,1,0,47,1,20,2,20002,4,2007,2G1WT58K2791,2,G,1,W,T,5,8,K,2,7,9,1,0,P,CHEV,IMT,4D,7,17,3674,,0,1105,,F,,F,6,214,,,16R225,,,,,,0,0,000000000,00000000000,0,0,0,1,0,0,0,0,0,0,0,998,0,0,0,12,6,2,42,0,0,0,1,47,37172,6,1,0,0,3,0,69,220,0,3,0,0,1,8,2009,5,2011,1,28,36,0,0,1,2,30,3,1,2,1,0,0,14,6,4,9,4,7,2,1
47,470517,1,1,1,5,8,99,99,1,0,1,0,47,1,20,481,20481,31,2000,1GCEK14T8YZ1,1,G,C,E,K,1,4,T,8,Y,Z,1,0,T,CHEV,SK1,PK,0,17,,2,1330,1190,SIL,G,,,8,325,,,,B,4248,02,,44,0,0,000000000,00000000000,0,0,0,1,0,0,0,0,0,0,0,998,0,1,5,0,6,2,1,0,0,0,1,47,37052,6,1,0,0,3,0,68,130,0,0,0,0,0,0,0,0,0,0,0,0,0,0,1,2,45,3,1,2,1,0,0,11,13,99,1,4,1,1,1
47,470518,1,2,3,5,8,2,39,12,2,1,0,47,1,6,51,6051,4,2010,2C3CA5CV5AH2,2,C,3,C,A,5,C,V,5,A,H,2,0,P,CHRY,3TR,4D,10,17,3758,,0,1200,,G,,F,6,214,,,17R215,,,,,,0,0,000000000,00000000000,0,0,0,1,0,0,0,0,0,0,0,998,0,0,0,12,6,2,12,0,0,0,1,47,38017,6,1,6,0,3,0,72,230,1,0,0,0,0,11,2011,11,2011,1,36,0,0,0,1,4,40,1,1,2,1,2,3,1,10,99,1,2,69,2,1
47,470518,2,2,1,5,8,2,39,12,2,1,0,47,1,42,51,42051,4,2012,WDDLJ7EB3CA0,W,D,D,L,J,7,E,B,3,C,A,0,0,P,MERZ,C6A,C4,12,17,4277,,0,1132,,G,,T,8,333,,,19R255,,,,,,0,0,000000000,00000000000,0,0,0,1,0,0,0,0,0,0,0,998,0,0,0,12,6,2,12,0,0,0,1,47,38117,6,1,0,0,3,0,72,200,0,0,0,1,0,11,2009,11,2009,0,0,0,0,0,1,4,40,1,1,2,1,2,3,11,62,4,1,1,68,0,0
47,470519,1,2,2,7,8,8,0,12,2,1,0,47,1,20,401,20401,14,1995,1GNDT13WXS22,1,G,N,D,T,1,3,W,X,S,2,2,0,P,CHEV,BZR,UT,95,17,4071,,0,1070,,G,,F,6,262,,,15R205,,,,,,0,0,000000000,00000000000,0,0,0,1,0,0,0,0,0,0,0,998,0,0,0,12,6,2,12,0,0,0,1,47,38553,6,1,0,0,3,0,74,197,1,0,0,0,0,10,2011,10,2011,0,0,0,0,0,1,2,55,1,1,2,1,0,0,1,62,99,1,1,51,1,0
47,470519,2,2,1,7,8,8,0,12,2,1,0,47,2,20,2,20002,4,2012,2G1WA5E39C13,2,G,1,W,A,5,E,3,9,C,1,3,0,P,CHEV,IPL,4D,12,17,3555,,0,1105,,F,,F,6,220,,,16R225,,,,,,0,0,000000000,00000000000,0,0,0,1,0,0,0,0,0,0,0,998,0,0,0,12,6,2,12,0,0,0,1,47,38553,6,1,0,0,3,0,66,195,0,0,0,0,0,0,0,0,0,0,84,0,0,0,1,2,55,1,1,2,1,0,0,1,10,6,1,2,50,1,0
47,470520,1,1,1,6,8,8,43,43,0,1,0,47,2,20,441,20441,20,1996,1GNDM19W9TB1,1,G,N,D,M,1,9,W,9,T,B,1,0,T,CHEV,AST,ES,96,17,,1,0,1110,AST,G,,,6,262,,,,B,3998,00,,42,0,0,000000000,00000000000,0,0,0,1,0,0,0,0,0,0,0,998,0,0,0,11,6,2,42,0,0,0,1,47,37301,6,1,0,0,3,3,62,110,0,0,0,0,0,0,0,0,0,0,0,0,0,0,1,2,55,1,1,2,1,0,0,1,12,99,1,4,6,1,0
47,470521,1,1,1,3,8,11,58,21,0,1,0,47,2,12,442,12442,20,2001,2FMDA52411BA,2,F,M,D,A,5,2,4,1,1,B,A,0,T,FORD,WSE,ES,1,17,,1,0,1207,WIN,G,,,6,232,,,,B,4250,00,E,42,0,0,000000000,00000000000,0,0,0,1,0,0,0,0,0,0,0,998,0,0,0,12,6,2,21,0,0,0,1,47,37920,6,1,0,0,3,0,68,150,0,0,0,0,0,0,0,0,0,0,0,0,0,0,2,3,65,1,1,2,1,0,0,1,12,1,1,4,6,1,0
47,470522,1,2,1,6,8,23,37,12,2,1,0,47,1,12,481,12481,31,1999,1FTNW20S0XEA,1,F,T,N,W,2,0,S,0,X,E,A,0,T,FORD,F2S,CW,99,17,,2,1724,1562,SRW,G,,,10,415,,,,C,5490,01,E,42,0,0,000000000,00000000000,0,0,0,1,0,0,0,0,0,0,0,998,0,1,1,12,6,2,12,0,0,0,1,47,37343,6,1,6,0,3,0,70,170,0,0,0,0,0,0,0,0,0,0,28,0,0,0,1,2,40,2,1,2,1,0,0,14,10,99,1,2,50,0,1
47,470522,2,2,1,6,8,23,37,12,2,1,0,47,1,12,37,12037,4,2008,1FAHP34N68W2,1,F,A,H,P,3,4,N,6,8,W,2,0,P,FORD,FSN,4D,8,17,2623,,0,1029,,G,,F,4,122,,,15R195,,,,,,0,0,000000000,00000000000,0,0,0,1,0,0,0,0,0,0,0,998,0,0,0,12,6,2,12,0,0,0,1,47,37343,6,1,0,0,3,0,74,235,0,0,0,0,0,0,0,0,0,0,0,0,0,0,1,2,45,3,1,2,1,0,0,14,62,99,1,1,51,1,0
47,470523,1,1,1,23,6,2,44,53,0,1,0,47,2,2,403,2403,14,1997,1J4FY29P0VP4,1,J,4,F,Y,2,9,P,0,V,P,4,0,T,JEEP,SEW,2W,97,17,,1,0,934,W/T,G,,,4,150,,,,,3019,00,E,44,0,0,000000000,00000000000,0,0,0,1,0,0,0,0,0,0,0,998,0,1,2,62,6,2,53,0,0,0,1,47,37075,6,1,0,0,3,0,69,148,0,1,0,1,0,5,2010,1,2012,9,0,0,0,0,1,2,30,2,3,2,1,0,0,14,12,99,1,4,6,1,1
47,470524,1,2,5,31,7,20,37,12,6,1,0,47,2,7,442,7442,20,1996,2B4FP2536TR8,2,B,4,F,P,2,5,3,6,T,R,8,0,P,DODG,CAR,SV,96,17,3425,,0,1133,,G,,F,6,181,,,14R205,,,,,,0,0,000000000,00000000000,0,0,0,1,0,0,0,0,0,0,0,998,0,0,0,1,6,2,12,0,0,0,1,47,37404,0,0,0,0,0,0,999,999,0,0,0,0,0,0,0,0,0,9,38,0,0,0,5,2,40,1,1,2,1,2,3,11,15,1,1,1,68,0,0
47,470524,2,2,1,31,7,20,37,12,6,1,0,47,1,37,706,37706,80,1989,1HFSC2206KA1,1,H,F,S,C,2,2,0,6,K,A,1,0,M,HOND,G15,RS,89,17,,,,,,,1500,,6,,4,793,,,,,,,0,0,000000000,00000000000,0,0,0,1,0,0,0,0,0,0,0,998,0,0,0,12,6,2,12,0,0,0,1,47,37343,6,1,0,0,3,3,71,190,0,0,0,0,0,0,0,0,0,9,0,0,0,0,1,2,40,1,1,2,1,20,3,1,66,1,1,1,69,1,0
47,470525,1,1,1,31,7,10,2,8,0,1,0,47,1,18,3,18003,4,1999,1G4CW52K6X46,1,G,4,C,W,5,2,K,6,X,4,6,0,P,BUIC,PKA,4D,99,17,3778,,0,1138,,G,,F,6,231,,,16R225,,,,,,0,0,000000000,00000000000,0,0,0,1,0,0,0,0,0,0,0,998,0,0,0,13,4,3,8,0,0,0,1,47,37709,6,1,0,0,3,0,69,165,0,0,0,0,0,0,0,0,0,9,0,0,0,0,1,2,35,1,1,2,1,0,0,1,80,1,1,1,13,0,0
47,470527,1,1,5,1,8,14,51,42,0,1,0,47,1,12,401,12401,14,1998,1FMZU32E1WUC,1,F,M,Z,U,3,2,E,1,W,U,C,0,P,FORD,EPR,UT,98,17,3911,,0,1115,,G,,F,6,245,,,15R225,,,,,,0,0,000000000,00000000000,0,0,0,1,0,0,0,0,0,0,0,998,0,0,0,9,6,2,42,0,0,0,1,47,37303,6,1,0,0,3,0,70,315,0,0,0,0,0,0,0,0,0,9,28,58,0,0,1,2,55,1,1,2,1,0,0,1,13,8,1,4,1,2,0
47,470528,1,1,1,6,8,16,33,33,0,1,0,47,1,13,1,13001,4,2006,1LNHM81V66Y6,1,L,N,H,M,8,1,V,6,6,Y,6,0,P,LINC,SIG,4D,6,17,4359,,0,1177,,F,,F,8,281,,,17R225,,,,,,0,0,000000000,00000000000,0,0,0,1,0,0,0,0,0,0,0,998,0,0,0,12,6,2,30,0,0,0,1,47,37379,6,1,0,0,3,1,72,180,1,0,0,0,1,3,2010,10,2011,9,28,0,0,0,5,4,45,1,1,2,1,0,0,1,12,1,1,4,6,1,0
47,470529,1,2,2,16,6,9,10,12,6,1,0,47,2,12,481,12481,31,1991,1FTEX14Y0MKB,1,F,T,E,X,1,4,Y,0,M,K,B,1,T,FORD,F15,PC,91,17,,2,1550,1390,COF,G,,,6,300,,,,B,4108,02,A,44,1,0,000000000,00000000000,0,0,0,1,0,0,0,0,0,0,0,998,0,0,0,12,6,2,12,0,0,0,1,47,38486,6,1,0,0,3,0,73,170,0,0,0,0,0,0,0,0,0,9,0,0,0,0,5,2,45,1,1,2,1,0,0,1,72,99,1,1,69,0,0
47,470529,2,2,2,16,6,9,10,12,6,1,0,47,1,41,35,41035,4,1998,JM1BC1416W01,J,M,1,B,C,1,4,1,6,W,0,1,0,P,MAZD,PDS,4D,98,17,2385,,0,1026,,G,,F,4,091,,,13R175,,,,,,0,0,000000000,00000000000,0,0,0,1,0,0,0,0,0,0,0,998,0,0,0,62,6,2,12,0,0,0,1,47,38401,6,1,0,0,3,0,66,280,3,0,0,0,0,8,2010,3,2011,9,38,0,0,0,4,2,0,1,1,2,1,0,0,11,15,99,1,1,68,1,0
47,470530,1,1,1,6,6,21,46,8,0,1,0,47,1,63,34,63034,4,2006,KNAGD1264654,K,N,A,G,D,1,2,6,4,6,5,4,0,P,KIA,OLE,4D,6,17,3279,,0,1063,,G,,F,4,144,,,15R205,,,,,,0,0,000000000,00000000000,0,0,0,1,0,0,0,0,0,0,0,998,0,0,0,12,6,2,8,0,0,0,1,47,37221,6,1,0,0,3,0,66,145,0,0,0,0,0,0,0,0,0,9,6,0,0,0,5,2,45,3,1,2,1,0,0,14,80,1,1,1,13,0,0
47,470531,1,1,1,21,6,22,33,8,0,1,0,47,2,35,472,35472,30,2008,1N6AD07U98C4,1,N,6,A,D,0,7,U,9,8,C,4,0,T,NISS,CEO,CW,8,17,,1,0,1259,FRT,G,,,6,244,,,,,4137,00,4,42,0,0,000000000,00000000000,0,0,0,1,0,0,0,0,0,0,0,998,0,0,0,12,6,2,8,0,0,0,1,47,37029,6,1,0,0,3,0,70,160,0,0,0,0,0,0,0,0,0,0,0,0,0,0,5,4,45,1,2,2,1,1,3,1,80,99,1,1,13,0,0
47,470532,1,1,1,8,6,21,6,35,0,1,0,47,1,20,17,20017,4,1990,2G1AW84T9L21,2,G,1,A,W,8,4,T,9,L,2,1,0,P,CHEV,CEL,SW,90,17,2888,,0,1049,,G,,F,6,191,,,14R185,,,,,,0,0,000000000,00000000000,0,0,0,1,0,0,0,0,0,0,0,998,0,0,0,12,6,2,35,0,0,0,1,47,37073,2,1,0,0,2,1,70,170,0,3,1,0,0,7,2010,3,2011,9,28,0,0,0,1,2,50,3,1,2,1,0,0,14,13,1,1,4,1,1,0
47,470533,1,1,1,28,1,0,11,33,0,1,1,47,1,37,32,37032,2,2003,1HGCM82713A0,1,H,G,C,M,8,2,7,1,3,A,0,0,P,HOND,UEX,CP,3,17,3047,,0,1051,,G,,F,6,183,,,16R205,,,,,,0,0,000000000,00000000000,0,0,0,1,0,0,0,0,0,0,0,998,0,0,0,12,6,2,42,0,0,0,1,47,37016,6,1,0,0,3,1,70,135,0,1,0,0,1,8,2010,10,2010,0,28,91,0,0,1,2,35,1,2,2,1,0,0,99,82,99,9,4,98,0,1
47,470534,1,1,1,27,6,1,32,42,0,1,0,47,1,12,471,12471,30,1998,1FTYR10C9WUD,1,F,T,Y,R,1,0,C,9,W,U,D,0,T,FORD,RNG,PK,98,17,,1,1175,1116,RNG,G,,,4,153,,,,B,3030,01,E,42,0,0,000000000,00000000000,0,0,0,1,0,0,0,0,0,0,0,998,0,0,0,12,6,2,42,0,0,1,1,47,37207,6,1,0,0,3,0,70,185,0,0,0,0,0,0,0,0,0,9,99,99,99,99,5,2,45,1,1,2,1,0,0,1,12,99,1,4,6,1,0
47,470535,1,1,1,9,6,21,49,8,0,1,1,99,9,99,999,99999,99,9999,999999999999,9,9,9,9,9,9,9,9,9,9,9,9,0,,,,,,,,,,,,,,,,,,,,,,,,,0,0,000000000,00000000000,0,0,0,1,0,0,0,0,0,0,0,998,0,0,0,99,9,1,8,0,0,0,1,99,99999,9,9,99,9,9,9,999,999,99,99,99,99,99,99,9999,99,9999,9,99,99,99,99,2,2,50,2,2,2,1,1,3,14,80,99,1,1,13,0,0
47,470536,1,1,1,16,5,21,31,9,0,1,0,47,1,48,38,48038,4,2005,JF1GD67515H5,J,F,1,G,D,6,7,5,1,5,H,5,0,P,SUBA,IR4,4D,5,17,2972,,0,994,,G,,F,4,152,,,16R205,,,,,,0,0,000000000,00000000000,0,0,0,1,0,0,0,0,0,0,0,998,0,0,0,12,6,2,9,0,0,0,1,47,37076,6,1,0,0,3,1,71,150,0,0,0,0,0,0,0,0,0,0,0,0,0,0,5,4,45,1,1,2,1,0,0,1,83,1,1,1,13,0,0
47,470537,1,1,2,27,5,2,56,35,0,1,0,47,2,2,404,2404,14,2001,1J4GW58N01C6,1,J,4,G,W,5,8,N,0,1,C,6,0,T,JEEP,LMT,4W,1,17,,1,0,1059,GCK,G,,,8,287,,,,,3959,01,E,44,0,0,000000000,00000000000,0,0,0,1,0,0,0,0,0,0,0,998,0,0,0,12,6,2,32,0,0,0,1,47,37221,0,0,0,0,0,0,999,999,0,0,0,0,0,0,0,0,0,9,51,91,0,0,1,2,30,2,1,2,1,0,0,14,12,1,1,4,6,1,1
47,470538,1,1,1,19,6,18,30,42,0,1,0,47,1,69,42,69042,4,1985,SCAZS42A4FCX,S,C,A,Z,S,4,2,A,4,F,C,X,0,P,ROL,SPI,4D,85,17,0,,0,1200,,G,,F,8,412,,,15R235,,,,,,0,0,000000000,00000000000,0,0,0,1,0,0,0,0,0,0,0,998,0,0,0,11,6,2,42,0,0,0,1,47,37013,6,1,0,0,3,0,73,193,1,0,0,0,0,5,2012,5,2012,1,28,0,0,0,1,2,40,1,1,2,1,0,0,1,12,99,2,4,7,1,1
47,470539,1,1,2,30,6,20,17,24,0,1,0,47,1,12,481,12481,31,1999,1FTRX18L5XKB,1,F,T,R,X,1,8,L,5,X,K,B,0,T,FORD,F15,4C,99,17,,2,1574,1388,COF,G,,,8,330,,,,B,00000,00,U,44,0,0,000000000,00000000000,0,0,0,1,0,0,0,0,0,0,0,34,0,0,0,12,6,2,42,0,0,0,1,47,37209,6,1,0,0,3,0,69,175,0,0,0,0,0,0,0,0,0,0,0,0,0,0,1,2,35,1,1,2,1,0,0,1,13,99,2,4,2,1,0
47,470540,1,1,1,1,8,2,5,1,0,1,0,47,2,23,481,23481,31,1988,1GTDC14H8JZ5,1,G,T,D,C,1,4,H,8,J,Z,5,0,T,GMC,GC1,PK,88,17,,1,1315,1175,GM4,G,,,8,305,,,,B,3655,01,A,42,0,0,000000000,00000000000,0,0,0,1,0,0,0,0,0,0,0,998,0,1,5,0,6,2,1,0,0,0,1,47,38392,2,1,0,0,2,1,77,265,0,1,1,0,0,4,2010,4,2010,9,28,0,0,0,1,2,45,3,2,2,1,0,0,14,13,1,1,4,1,1,1
47,470541,1,1,2,8,8,0,45,32,0,1,0,47,1,20,16,20016,4,1992,1G1JC5442N71,1,G,1,J,C,5,4,4,2,N,7,1,0,P,CHEV,CRV,4D,92,17,2509,,0,1013,,G,,F,4,133,,,14R185,,,,,,0,0,000000000,00000000000,0,0,0,1,0,0,0,0,0,0,0,998,0,0,0,12,6,2,32,0,0,0,1,47,38330,6,1,0,0,3,0,70,189,0,0,0,0,0,0,0,0,0,0,0,0,0,0,1,2,55,1,1,2,1,0,0,1,13,99,1,4,1,2,1
47,470542,1,2,1,8,8,16,10,12,6,1,0,47,2,13,1,13001,4,2004,1LNHM81W04Y6,1,L,N,H,M,8,1,W,0,4,Y,6,0,P,LINC,EXS,4D,4,17,4359,,0,1177,,G,,F,8,281,,,000000,,,,,,0,0,000000000,00000000000,0,0,0,1,0,0,0,0,0,0,0,998,0,0,0,11,6,2,12,0,0,0,1,47,38040,6,1,0,0,3,0,64,242,0,0,0,0,0,0,0,0,0,0,38,0,0,0,1,2,55,1,1,2,1,0,0,11,15,99,1,2,68,0,0
47,470542,2,2,1,8,8,16,10,12,6,1,0,47,1,72,706,72706,80,1976,2A25459H6,2,A,2,5,4,5,9,H,6,,,,0,M,HD,FLH,RS,76,9,,,,,,,1200,,2,,4,722,,,,,,,0,0,000000000,00000000000,0,0,0,1,0,0,0,0,0,0,0,998,0,0,0,11,6,2,12,0,0,0,1,47,38063,6,1,0,0,3,0,71,140,0,0,0,0,0,0,0,0,0,0,0,0,0,0,1,2,55,1,1,2,1,0,0,1,67,99,1,1,69,1,1
47,470543,1,1,1,14,8,19,19,7,0,1,0,47,1,76,705,76705,80,2000,JYARJ04E7YA0,J,Y,A,R,J,0,4,E,7,Y,A,0,0,M,YAMA,R6L,RC,0,17,,,,,,,599,,4,,4,370,,,,,,,0,0,000000000,00000000000,0,0,0,1,0,0,0,0,0,0,0,998,0,0,0,0,6,2,30,0,0,0,1,47,38547,6,1,0,0,3,1,67,145,0,0,0,0,0,0,0,0,0,0,99,99,99,99,2,2,45,3,1,2,1,0,0,14,98,99,1,1,0,1,0
47,470544,1,1,2,2,7,7,25,8,0,1,0,47,3,84,881,84881,63,2007,1HTMPAFN67H4,1,H,T,M,P,A,F,N,6,7,H,4,0,T,INTL,420,CC,7,17,,7,0,0,40S,D,,,8,365,,,,,00000,00,,42,0,88,888888888,88888888888,3,1,3,1,0,0,0,0,0,0,0,998,0,0,0,12,2,1,8,0,0,0,1,47,38104,6,1,6,0,3,0,70,190,1,1,0,1,1,12,2009,12,2011,0,0,0,0,0,2,3,45,1,1,2,1,2,3,1,80,4,1,1,13,0,0
47,470545,1,1,1,5,8,14,7,42,0,1,0,28,3,82,881,82881,66,2007,1FUJA6CK47LY,1,F,U,J,A,6,C,K,4,7,L,Y,1,T,FRHT,COL,TR,7,17,,8,0,0,CON,D,,,6,855,,,,,00000,00,,64,1,57,00154237,5700154237,3,6,1,1,0,0,0,0,0,0,0,998,0,0,0,12,6,2,2,0,0,1,1,28,39532,6,1,6,0,3,0,71,160,0,0,0,0,0,0,0,0,0,0,99,99,99,99,2,2,70,1,1,2,1,0,0,1,13,99,1,4,1,1,0
47,470546,1,1,2,1,7,0,23,35,0,1,0,47,1,23,472,23472,30,2004,1GKDT13S8421,1,G,K,D,T,1,3,S,8,4,2,1,0,T,GMC,ENV,4W,4,17,,1,0,1130,ENV,G,,,6,256,,,,B,4616,00,E,44,0,0,000000000,00000000000,0,0,0,1,0,0,0,0,0,0,0,998,0,1,5,12,6,2,1,0,0,0,1,47,37221,6,1,0,0,3,1,71,165,0,0,0,0,0,0,0,0,0,0,28,36,0,0,3,4,65,1,1,2,1,0,0,1,9,99,9,4,2,1,1
47,470547,1,1,2,6,8,20,58,8,0,1,0,47,3,7,482,7482,31,2006,3D7LX39C86G1,3,D,7,L,X,3,9,C,8,6,G,1,0,T,DODG,ME3,CW,6,17,,2,0,1605,RPC,D,,,6,359,,,,D,7259,00,E,44,0,0,000000000,00000000000,0,0,0,1,0,0,0,0,0,0,0,998,0,0,0,1,4,1,8,0,0,0,1,47,37036,6,1,6,0,3,0,68,195,0,0,0,0,0,0,0,0,0,0,0,0,0,0,1,2,55,1,5,2,1,0,0,1,80,99,1,1,13,0,0
47,470548,1,1,1,10,8,2,58,32,0,1,0,47,2,12,402,12402,14,2005,1FMYU03135KB,1,F,M,Y,U,0,3,1,3,5,K,B,0,P,FORD,SPE,UT,5,17,3304,,0,1031,,G,,F,6,183,,,16R235,,,,,,0,0,000000000,00000000000,0,0,0,1,0,0,0,0,0,0,0,998,0,1,5,12,6,2,1,0,0,0,1,47,37146,6,1,6,0,3,0,69,300,1,0,0,0,0,11,2009,11,2009,0,28,0,0,0,1,2,45,1,4,2,1,0,0,1,12,99,1,4,6,1,1
47,470549,1,1,2,12,8,16,50,1,0,1,0,13,2,49,401,49401,14,2002,JT3GN86R0202,J,T,3,G,N,8,6,R,0,2,0,2,0,P,TOYT,RUN,UT,2,17,3740,,0,1053,,G,,F,6,206,,,15R225,,,,,,0,0,000000000,00000000000,0,0,0,1,0,0,0,0,0,0,0,998,0,1,1,0,6,2,1,0,0,0,1,13,30040,6,1,0,0,3,1,76,285,98,1,0,4,0,1,2010,9,2011,9,58,0,0,0,3,3,65,1,2,2,1,0,0,1,9,99,9,6,98,1,0
47,470550,1,2,2,2,8,11,35,12,2,1,0,47,1,20,19,20019,4,1996,1G1LD5543TY1,1,G,1,L,D,5,5,4,3,T,Y,1,0,P,CHEV,CSA,4D,96,17,2745,,0,1034,,G,,F,4,133,,,14R195,,,,,,0,0,000000000,00000000000,0,0,0,1,0,0,0,0,0,0,0,998,0,1,5,12,6,2,12,0,0,0,1,47,38372,6,1,0,0,3,0,62,169,0,0,0,0,0,0,0,0,0,0,0,0,0,0,1,2,55,3,6,2,1,0,0,14,62,99,1,1,51,0,0
47,470550,2,2,1,2,8,11,35,12,2,1,0,47,2,41,37,41037,4,1999,1YVGF22C6X58,1,Y,V,G,F,2,2,C,6,X,5,8,0,P,MAZD,U6X,4D,99,17,2798,,0,1051,,G,,F,4,122,,,14R185,,,,,,0,0,000000000,00000000000,0,0,0,1,0,0,0,0,0,0,0,998,0,0,0,12,6,2,12,0,0,0,1,47,38372,6,1,0,0,3,1,61,157,0,0,0,0,0,0,0,0,0,0,28,0,0,0,1,2,55,2,3,2,1,0,0,14,10,99,1,2,50,1,1
47,470551,1,1,1,7,8,10,36,30,0,1,0,47,2,18,7,18007,4,2003,2G4WS52J3312,2,G,4,W,S,5,2,J,3,3,1,2,0,P,BUIC,CCU,4D,3,17,3368,,0,1090,,G,,F,6,191,,,15R205,,,,,,0,0,000000000,00000000000,0,0,0,1,0,0,0,0,0,0,0,998,0,0,0,12,6,2,30,0,0,0,1,47,38114,6,1,0,0,3,3,67,145,0,0,0,0,0,0,0,0,0,0,6,0,0,0,1,5,40,1,1,2,1,0,0,1,13,99,1,4,1,1,0
47,470552,1,1,1,10,8,22,20,53,0,1,0,51,1,59,31,59031,4,2002,JTHBF30G5200,J,T,H,B,F,3,0,G,5,2,0,0,0,P,LEXS,ES3,4D,2,17,3439,,0,1071,,G,,F,6,183,,,16R215,,,,,,0,0,000000000,00000000000,0,0,0,1,0,0,0,0,0,0,0,998,0,1,5,10,6,2,39,0,0,0,1,51,24201,6,1,0,0,3,0,73,155,0,2,0,0,2,10,2010,6,2011,1,36,0,0,0,1,2,45,1,2,2,1,0,0,1,6,99,9,4,7,1,0
47,470553,1,2,1,31,7,4,33,12,2,1,0,47,1,20,20,20020,2,1993,2G1WP14X1P91,2,G,1,W,P,1,4,X,1,P,9,1,0,P,CHEV,LZ3,CP,93,17,3374,,0,1075,,G,,F,6,207,,,16R225,,,,,,0,0,000000000,00000000000,0,0,0,1,0,0,0,0,0,0,0,998,0,0,0,12,6,2,12,0,0,0,1,47,37742,6,1,0,0,3,0,62,110,0,0,0,0,0,0,0,0,0,0,51,53,0,0,3,2,50,1,2,2,2,0,0,1,54,99,1,3,98,1,0
47,470553,2,2,1,31,7,4,33,12,2,1,0,47,1,53,402,53402,14,2002,JS3TD62V7241,J,S,3,T,D,6,2,V,7,2,4,1,0,P,SUZI,GVT,UT,2,17,3285,,0,976,,G,,F,6,152,,,16R235,,,,,,0,0,000000000,00000000000,0,0,0,1,0,0,0,0,0,0,0,998,0,0,0,12,6,2,12,0,0,0,1,47,37803,6,1,0,0,3,0,68,212,0,0,0,0,0,0,0,0,0,0,0,0,0,0,3,2,50,1,2,2,2,0,0,1,54,4,1,1,98,0,0
47,470554,1,3,5,3,8,15,7,12,1,1,0,47,1,37,32,37032,4,1991,1HGCB7657MA2,1,H,G,C,B,7,6,5,7,M,A,2,0,P,HOND,ALE,4D,91,17,2504,,0,1071,,G,,F,4,132,,,14R185,,,,,,0,0,000000000,00000000000,0,0,0,1,0,0,0,0,0,0,0,0,7,0,0,6,6,2,12,0,0,0,1,47,37160,6,1,0,0,3,0,69,250,0,0,0,0,0,0,0,0,0,0,0,0,0,0,1,2,45,1,6,2,1,0,0,5,53,99,1,1,21,1,0
47,470554,2,3,1,3,8,15,7,12,1,1,0,47,1,20,481,20481,31,2004,1GCHK232X4F2,1,G,C,H,K,2,3,2,X,4,F,2,0,T,CHEV,2KH,CW,4,17,,2,1670,1530,SIL,D,,,8,403,,,,C,6056,03,,44,0,0,000000000,00000000000,0,0,0,1,0,0,0,0,0,0,0,998,2,0,0,12,6,2,12,0,0,0,1,47,37180,6,1,6,0,3,0,67,150,0,0,0,0,0,0,0,0,0,0,0,0,0,0,1,2,45,1,5,2,1,0,0,1,50,99,1,1,20,0,0