STATE,ST_CASE,VEH_NO,VE_FORMS,NUMOCCS,DAY,MONTH,HOUR,MINUTE,HARM_EV,MAN_COLL,UNITTYPE,HIT_RUN,REG_STAT,OWNER,MAKE,MODEL,MAK_MOD,BODY_TYP,MOD_YEAR,VIN,VIN_1,VIN_2,VIN_3,VIN_4,VIN_5,VIN_6,VIN_7,VIN_8,VIN_9,VIN_10,VIN_11,VIN_12,TOW_VEH,VINTYPE,VINMAKE,VINA_MOD,VIN_BT,VINMODYR,VIN_LNGT,VIN_WGT,WGTCD_TR,WHLBS_LG,WHLBS_SH,SER_TR,FUELCODE,MCYCL_DS,CARBUR,CYLINDER,DISPLACE,MCYCL_CY,MCYCL_WT,TIRE_SZE,TON_RAT,TRK_WT,TRKWTVAR,VIN_REST,WHLDRWHL,J_KNIFE,MCARR_I1,MCARR_I2,MCARR_ID,GVWR,V_CONFIG,CARGO_BT,HAZ_INV,HAZ_PLAC,HAZ_ID,HAZ_CNO,HAZ_REL,BUS_USE,SPEC_USE,EMER_USE,TRAV_SP,UNDERIDE,ROLLOVER,ROLINLOC,IMPACT1,DEFORMED,TOWED,M_HARM,VEH_SC1,VEH_SC2,FIRE_EXP,DR_PRES,L_STATE,DR_ZIP,L_STATUS,L_TYPE,CDL_STAT,L_ENDORS,L_COMPL,L_RESTRI,DR_HGT,DR_WGT,PREV_ACC,PREV_SUS,PREV_DWI,PREV_SPD,PREV_OTH,FIRST_MO,FIRST_YR,LAST_MO,LAST_YR,SPEEDREL,DR_SF1,DR_SF2,DR_SF3,DR_SF4,VTRAFWAY,VNUM_LAN,VSPD_LIM,VALIGN,VPROFILE,VPAVETYP,VSURCOND,VTRAFCON,VTCONT_F,P_CRASH1,P_CRASH2,P_CRASH3,PCRASH4,PCRASH5,ACC_TYPE,DEATHS,DR_DRINK
47,470554,3,3,1,3,8,15,7,12,1,1,0,47,2,7,422,7422,15,2006,1D4HD58226F1,1,D,4,H,D,5,8,2,2,6,F,1,0,P,DODG,DUR,UT,6,17,4788,,0,1192,,G,,F,8,348,,,18R265,,,,,,0,0,000000000,00000000000,0,0,0,1,0,0,0,0,0,0,0,998,0,0,0,12,2,1,54,0,0,0,1,47,37160,6,1,0,0,3,0,68,215,0,0,0,0,0,0,0,0,0,0,0,0,0,0,1,2,45,1,5,2,1,0,0,1,98,99,1,1,98,0,0
47,470555,1,3,2,14,5,17,48,34,0,1,0,21,2,22,16,22016,2,2005,3G2JB12FX5S1,3,G,2,J,B,1,2,F,X,5,S,1,0,P,PONT,SFR,CP,5,17,2771,,0,1041,,G,,F,4,134,,,15R195,,,,,,0,0,000000000,00000000000,0,0,0,1,0,0,0,0,0,0,0,998,0,0,0,12,6,2,12,0,0,0,1,21,42038,6,1,0,0,3,1,68,170,1,0,0,0,2,5,2010,1,2012,9,0,0,0,0,2,4,70,1,1,2,1,0,0,1,62,4,1,1,98,0,0
47,470555,2,3,1,14,5,17,48,34,0,1,0,47,1,23,471,23471,30,1998,1GKDT13W3W25,1,G,K,D,T,1,3,W,3,W,2,5,0,T,GMC,JMY,4W,98,17,,1,0,1070,JMY,G,,,6,262,,,,B,3999,00,E,44,0,0,000000000,00000000000,0,0,0,1,0,0,0,0,0,0,0,998,0,0,0,12,6,2,12,0,0,0,1,47,37217,6,1,0,0,3,0,72,215,1,0,0,0,0,3,2011,3,2011,9,0,0,0,0,2,4,70,1,1,2,1,0,0,1,62,4,1,1,98,0,0
47,470555,3,3,1,14,5,17,48,34,0,1,0,47,1,22,20,22020,4,2007,2G2WR5548711,2,G,2,W,R,5,5,4,8,7,1,1,0,P,PONT,GPG,4D,7,17,3484,,0,1105,,G,,Z,6,232,,,17R225,,,,,,0,0,000000000,00000000000,0,0,0,1,0,0,0,0,0,0,0,998,0,0,0,14,6,2,12,0,0,0,1,47,37043,6,1,0,0,3,1,66,225,0,0,0,0,0,0,0,0,0,9,58,0,0,0,2,4,70,1,1,2,1,0,0,1,60,8,7,4,98,1,0
47,470556,1,1,1,13,8,99,99,38,0,1,0,47,1,7,402,7402,14,1999,1B4HS28Y8XF6,1,B,4,H,S,2,8,Y,8,X,F,6,0,P,DODG,DUR,UT,99,17,4397,,0,1159,,G,,F,8,318,,,15R235,,,,,,0,0,000000000,00000000000,0,0,0,1,0,0,0,0,0,0,0,998,0,0,0,11,6,2,38,0,0,0,1,47,37879,6,1,0,0,3,0,67,200,0,0,0,0,0,0,0,0,0,0,0,0,0,0,1,2,55,2,2,2,1,0,0,14,12,99,1,4,6,1,1
47,470558,1,3,1,15,8,17,43,12,6,1,0,47,1,23,8,23008,6,2011,1GKKRPED3BJ2,1,G,K,K,R,P,E,D,3,B,J,2,0,T,GMC,SLF,4W,11,17,,2,0,1189,ACA,G,,,6,220,,,,B,4656,00,S,42,0,0,000000000,00000000000,0,0,0,1,0,0,0,0,0,0,0,998,0,0,0,12,6,2,12,0,0,0,1,47,37042,6,1,0,0,3,1,69,188,1,0,0,0,0,6,2011,6,2011,9,38,48,0,0,2,4,55,1,2,2,1,0,0,11,15,1,1,1,68,0,0
47,470558,2,3,2,15,8,17,43,12,6,1,0,47,1,37,32,37032,4,1998,1HGCG5641WA1,1,H,G,C,G,5,6,4,1,W,A,1,0,P,HOND,ULX,4D,98,17,2952,,0,1069,,G,,F,4,138,,,15R195,,,,,,0,0,000000000,00000000000,0,0,0,1,0,0,0,0,0,0,0,998,0,0,0,99,6,2,12,0,0,0,1,47,37042,6,1,0,0,3,0,68,102,1,0,0,0,0,11,2009,11,2009,9,0,0,0,0,2,4,55,1,2,2,1,0,0,1,67,1,1,1,69,1,0
47,470558,3,3,2,15,8,17,43,12,6,1,0,47,1,49,401,49401,14,2002,JT3GN86R5202,J,T,3,G,N,8,6,R,5,2,0,2,0,P,TOYT,RUN,UT,2,17,3740,,0,1053,,G,,F,6,206,,,15R225,,,,,,0,0,000000000,00000000000,0,0,0,1,0,0,0,0,0,0,0,0,0,0,0,12,4,1,12,0,0,0,1,47,37042,6,1,0,0,3,0,69,195,0,0,0,0,0,0,0,0,0,0,0,0,0,0,1,2,30,1,1,2,2,20,3,5,98,1,1,1,98,0,0
47,470559,1,4,1,11,8,10,3,12,6,1,0,47,1,20,39,20039,4,2008,KL1TD56648B0,K,L,1,T,D,5,6,6,4,8,B,0,0,P,CHEV,ABS,4D,8,17,2343,,0,976,,G,,F,4,098,,,14R185,,,,,,0,0,000000000,00000000000,0,0,0,1,0,0,0,0,0,0,0,998,0,1,1,12,6,2,12,0,0,0,1,47,37397,6,1,0,0,3,0,72,185,0,0,0,0,0,0,0,0,0,0,51,0,0,0,2,2,70,1,1,2,1,0,0,1,54,99,1,3,64,1,1
47,470559,2,4,2,11,8,10,3,12,6,1,0,48,1,14,402,14402,14,2007,4M2CU87167KJ,4,M,2,C,U,8,7,1,6,7,K,J,0,P,MERC,MRN,UT,7,17,3295,,0,1031,,G,,F,6,183,,,16R235,,,,,,0,0,000000000,00000000000,0,0,0,1,0,0,0,0,0,0,0,998,0,0,0,5,6,2,12,0,0,0,1,48,77396,6,1,0,0,3,1,999,999,0,0,0,0,0,0,0,0,0,9,0,0,0,0,2,2,70,1,1,2,1,0,0,1,54,6,1,1,65,0,0
47,470559,3,4,1,11,8,10,3,12,6,1,0,36,1,12,461,12461,21,1998,1FTRE1466WHA,1,F,T,R,E,1,4,6,6,W,H,A,0,T,FORD,15V,CG,98,17,,2,0,1380,VAN,G,,,8,281,,,,B,4650,00,E,42,0,0,000000000,00000000000,0,0,0,1,0,0,0,0,0,0,0,998,0,0,0,12,6,2,12,0,0,0,1,36,11735,6,1,0,0,3,0,71,999,0,0,0,0,2,12,2009,3,2010,0,0,0,0,0,2,2,70,1,1,2,1,0,0,1,54,99,1,1,98,0,0
47,470559,4,4,4,11,8,10,3,12,6,1,0,47,2,37,421,37421,15,2012,5FNYF3H94CB0,5,F,N,Y,F,3,H,9,4,C,B,0,0,P,HOND,PIL,UT,12,17,4365,,0,1092,,G,,F,6,213,,,18R235,,,,,,0,0,000000000,00000000000,0,0,0,1,0,0,0,0,0,0,0,998,0,1,5,12,6,2,1,0,0,0,1,13,30720,6,1,0,0,3,0,72,185,98,0,0,0,0,0,0,0,0,0,0,0,0,0,1,2,70,1,1,2,1,0,0,1,54,99,1,1,98,0,0
47,470560,1,2,1,12,8,18,35,12,6,1,0,47,1,72,706,72706,80,2010,1HD1FC410AB6,1,H,D,1,F,C,4,1,0,A,B,6,0,M,HD,FTU,RS,10,17,,,,,,,1584,,2,,4,889,,,,,,,0,0,000000000,00000000000,0,0,0,1,0,0,0,0,0,0,0,998,0,0,0,11,2,3,12,0,0,0,1,47,37705,6,1,0,0,3,0,72,165,0,0,0,0,0,0,0,0,0,9,0,0,0,0,3,2,55,1,5,2,1,0,0,1,66,8,1,1,83,1,0
47,470560,2,2,1,12,8,18,35,12,6,1,0,47,1,20,16,20016,4,2005,1G1JC52FX571,1,G,1,J,C,5,2,F,X,5,7,1,0,P,CHEV,CAV,4D,5,17,2676,,0,1041,,G,,F,4,134,,,14R195,,,,,,0,0,000000000,00000000000,0,0,0,1,0,0,0,0,0,0,0,998,0,0,0,7,2,1,12,0,0,0,1,47,37748,6,1,0,0,3,0,69,180,0,0,0,0,0,0,0,0,0,9,38,0,0,0,1,2,35,1,1,2,1,20,3,11,15,1,1,1,82,0,0
47,470561,1,1,1,15,8,17,19,1,0,1,0,47,1,20,20,20020,4,1992,2G1WN54T5N91,2,G,1,W,N,5,4,T,5,N,9,1,0,P,CHEV,EUR,4D,92,17,3256,,0,1075,,G,,F,6,191,,,15R205,,,,,,0,0,000000000,00000000000,0,0,0,1,0,0,0,0,0,0,0,998,0,1,5,0,6,2,1,0,0,0,1,47,37826,6,1,0,0,3,0,60,115,0,0,0,0,0,0,0,0,0,1,28,0,0,0,1,2,55,2,1,2,1,0,0,14,13,99,1,4,1,1,1
47,470562,1,1,1,12,8,2,5,34,0,1,0,48,1,12,481,12481,31,2005,1FTPW14585KC,1,F,T,P,W,1,4,5,8,5,K,C,0,T,FORD,F1S,CW,5,17,,2,1450,1260,COF,G,,,8,330,,,,B,5577,00,U,44,0,0,000000000,00000000000,0,0,0,1,0,0,0,0,0,0,0,998,0,1,5,3,6,2,1,0,0,0,1,48,78418,6,1,6,0,3,0,999,999,1,1,0,0,0,1,2011,1,2011,0,0,0,0,0,1,2,55,1,1,2,1,0,0,1,12,99,1,4,6,1,1
47,470563,1,3,1,14,8,9,48,12,6,1,0,47,1,84,881,84881,63,1984,2HSVDJWR6ECA,2,H,S,V,D,J,W,R,6,E,C,A,0,T,INTL,F43,TR,84,17,,8,2000,1720,TNS,D,,,6,855,,,,,13890,22,,64,0,57,02158402,5702158402,3,2,4,1,0,0,0,0,0,0,0,998,0,0,0,1,6,2,12,0,0,0,1,47,38007,6,1,6,0,3,1,70,165,0,0,0,0,0,0,0,0,0,0,0,0,0,0,1,2,55,1,1,2,1,20,3,1,66,6,1,1,87,0,0
47,470563,2,3,1,14,8,9,48,12,6,1,0,47,2,23,481,23481,31,2005,2GTEC13T6511,2,G,T,E,C,1,3,T,6,5,1,1,0,T,GMC,NC1,CW,5,17,,2,0,1435,SIE,G,,,8,325,,,,B,4986,00,E,42,0,0,000000000,00000000000,0,0,0,1,0,0,0,0,0,0,0,998,0,0,0,11,6,2,12,0,0,0,1,47,38024,6,1,0,0,3,0,75,240,0,0,0,0,0,0,0,0,0,0,38,0,0,0,1,2,55,1,1,2,1,20,3,1,17,99,1,1,86,1,0
47,470563,3,3,0,14,8,9,48,12,6,1,0,47,6,12,401,12401,14,1999,1FMZU34E1XZA,1,F,M,Z,U,3,4,E,1,X,Z,A,0,P,FORD,EPR,UT,99,17,4128,,0,1116,,G,,F,6,245,,,15R225,,,,,,0,0,000000000,00000000000,0,0,0,1,0,0,0,0,0,0,0,0,0,0,0,11,2,4,54,0,0,0,0,0,99997,7,6,97,7,6,7,998,997,998,998,998,998,998,98,9998,98,9998,8,0,0,0,0,9,1,55,1,1,4,1,0,0,0,98,0,0,0,98,0,0
47,470564,1,2,1,12,8,17,15,12,2,1,0,47,1,49,48,49048,5,2006,JTKKT6246601,J,T,K,K,T,6,2,4,6,6,0,1,0,P,TOYT,SXA,4H,6,17,2340,,0,933,,G,,F,4,092,,,15R185,,,,,,0,0,000000000,00000000000,0,0,0,1,0,0,0,0,0,0,0,998,0,0,0,12,6,2,12,0,0,0,1,47,38501,6,1,0,0,3,3,64,250,1,0,0,0,0,10,2009,10,2009,0,0,0,0,0,1,2,35,3,1,2,1,0,0,14,62,99,1,1,51,1,0
47,470564,2,2,4,12,8,17,15,12,2,1,0,47,1,35,47,35047,4,2005,1N4AL11D05C1,1,N,4,A,L,1,1,D,0,5,C,1,0,P,NISS,ASL,4D,5,17,2915,,0,1102,,G,,F,4,153,,,16R215,,,,,,0,0,000000000,00000000000,0,0,0,1,0,0,0,0,0,0,0,998,0,0,0,12,6,2,12,0,0,0,1,47,38501,6,1,0,0,3,0,73,215,3,3,0,0,1,8,2009,5,2012,0,6,24,0,0,1,2,35,2,1,2,1,0,0,14,10,99,1,2,50,0,0
47,470565,1,1,1,15,8,17,29,35,0,1,0,47,2,23,481,23481,31,1989,1GTDC14K1KZ5,1,G,T,D,C,1,4,K,1,K,Z,5,0,T,GMC,SC1,PK,89,17,,1,1315,1175,SIE,G,,,8,350,,,,B,4114,08,A,42,0,0,000000000,00000000000,0,0,0,1,0,0,0,0,0,0,0,998,0,1,5,1,6,2,1,0,0,0,1,47,37303,2,1,0,0,2,0,66,187,2,0,0,0,0,3,2010,8,2011,9,28,58,0,0,1,2,35,3,5,2,1,0,0,14,13,7,1,4,1,1,0
47,470566,1,2,1,17,8,14,18,12,6,1,0,47,2,37,421,37421,15,2008,5FNYF28328B0,5,F,N,Y,F,2,8,3,2,8,B,0,0,P,HOND,PIL,UT,8,17,4356,,0,1063,,G,,F,6,213,,,16R235,,,,,,0,0,000000000,00000000000,0,0,0,1,0,0,0,0,0,0,0,998,0,0,0,12,4,1,12,0,0,0,1,47,38139,6,2,0,0,3,1,60,110,0,0,0,0,0,0,0,0,0,0,38,48,0,0,2,3,40,1,1,2,1,2,3,11,15,99,1,2,68,0,0
47,470566,2,2,1,17,8,14,18,12,6,1,0,47,1,35,49,35049,6,2011,JN8AZ1MU8BW0,J,N,8,A,Z,1,M,U,8,B,W,0,0,P,NISS,MUR,UT,11,17,3877,,0,1112,,G,,F,6,214,,,18R235,,,,,,0,0,000000000,00000000000,0,0,0,1,0,0,0,0,0,0,0,998,0,0,0,3,6,2,12,0,0,0,1,47,38017,6,1,0,0,3,1,74,190,0,0,0,0,0,0,0,0,0,0,0,0,0,0,2,3,40,1,2,2,1,2,3,1,62,99,1,1,69,1,0
47,470567,1,2,1,17,1,7,30,12,2,1,0,47,1,19,18,19018,4,2003,1G6DM57N5301,1,G,6,D,M,5,7,N,5,3,0,1,0,P,CADI,C/T,4D,3,17,3509,,0,1134,,G,,F,6,194,,,16R225,,,,,,0,0,000000000,00000000000,0,0,0,1,0,0,0,0,0,0,0,998,0,0,0,12,6,2,12,0,0,0,1,47,37865,6,1,0,0,3,0,71,186,0,0,0,0,0,0,0,0,0,0,28,0,0,0,5,4,45,1,1,2,1,0,0,1,10,99,1,2,50,1,0
47,470567,2,2,1,17,1,7,30,12,2,1,0,47,2,35,49,35049,6,2010,JN8AZ1MU4AW0,J,N,8,A,Z,1,M,U,4,A,W,0,0,P,NISS,MUR,UT,10,17,3761,,0,1112,,G,,F,6,214,,,18R235,,,,,,0,0,000000000,00000000000,0,0,0,1,0,0,0,0,0,0,0,998,0,0,0,12,6,2,12,0,0,0,1,47,37862,6,1,0,0,3,1,66,200,0,0,0,0,0,0,0,0,0,0,0,0,0,0,5,4,45,1,1,2,1,0,0,1,62,99,1,1,51,0,0
47,470568,1,1,1,16,8,11,49,21,0,1,0,47,2,37,31,37031,4,1997,2HGEJ6674VH5,2,H,G,E,J,6,6,7,4,V,H,5,0,P,HOND,UCL,4D,97,17,2426,,0,1032,,G,,F,4,097,,,14R185,,,,,,0,0,000000000,00000000000,0,0,0,1,0,0,0,0,0,0,0,998,0,0,0,12,6,2,21,0,0,1,1,47,37174,6,1,0,0,3,0,71,200,1,0,0,0,0,11,2009,11,2009,9,51,0,0,0,2,2,70,3,5,2,1,0,0,14,12,99,1,4,6,1,0
47,470569,1,2,1,16,8,17,56,12,6,1,0,47,1,53,705,53705,80,2002,JS1NP41A6221,J,S,1,N,P,4,1,A,6,2,2,1,0,M,SUZI,LS6,RS,2,17,,,,,,,652,,1,,4,352,,,,,,,0,0,000000000,00000000000,0,0,0,1,0,0,0,0,0,0,0,998,0,0,0,5,6,2,12,0,0,0,1,47,38464,6,1,0,0,3,3,66,180,0,1,0,3,0,12,2009,1,2012,9,0,0,0,0,5,4,55,1,1,2,1,0,0,1,67,99,1,1,83,1,0
47,470569,2,2,1,16,8,17,56,12,6,1,0,47,1,12,471,12471,30,1982,JC2UA2226C06,J,C,2,U,A,2,2,2,6,C,0,6,0,T,FORD,COU,PK,82,17,,1,1128,1069,COU,G,,,4,140,,,,B,2217,02,,42,0,0,000000000,00000000000,0,0,0,1,0,0,0,0,0,0,0,998,0,0,0,12,6,2,12,0,0,0,1,47,38464,1,1,0,0,2,0,75,265,0,2,0,0,0,1,2011,2,2011,9,38,0,0,0,1,2,35,1,1,2,1,20,3,11,15,1,1,1,82,0,0
47,470570,1,1,1,7,8,18,27,34,0,1,0,47,1,35,43,35043,4,2009,3N1AB61E69L6,3,N,1,A,B,6,1,E,6,9,L,6,0,P,NISS,SL2,4D,9,17,2897,,0,1057,,G,,F,4,122,,,15R205,,,,,,0,0,000000000,00000000000,0,0,0,1,0,0,0,0,0,0,0,998,0,0,0,11,6,2,2,0,0,1,1,47,38401,6,1,0,0,3,0,65,160,0,0,0,0,0,0,0,0,0,9,99,99,99,99,1,2,45,1,1,2,1,0,0,1,12,99,1,4,6,1,0
47,470571,1,1,1,12,8,11,17,9,0,1,1,47,2,12,481,12481,31,1996,1FTEF15N1TNA,1,F,T,E,F,1,5,N,1,T,N,A,0,T,FORD,F15,PK,96,17,,2,1330,1170,COF,G,,,8,302,,,,B,4065,00,M,42,0,0,000000000,00000000000,0,0,0,1,0,0,0,0,0,0,0,998,0,0,0,12,4,3,9,0,0,0,1,47,38544,2,1,0,0,2,0,73,170,4,1,1,0,1,10,2010,7,2012,9,51,0,0,0,1,2,45,2,2,2,1,0,0,14,10,1,1,2,13,0,0
47,470572,1,1,2,14,8,1,47,31,0,1,0,47,2,34,34,34034,4,2002,WBAEV33452PD,W,B,A,E,V,3,3,4,5,2,P,D,0,P,BMW,325,4D,2,17,3219,,0,1073,,G,,F,6,152,,,16R205,,,,,,0,0,000000000,00000000000,0,0,0,1,0,0,0,0,0,0,0,85,0,0,0,12,6,2,31,0,0,0,1,47,37643,6,1,0,0,3,0,72,175,0,0,0,0,0,0,0,0,0,1,6,51,0,0,1,3,40,3,1,2,1,0,0,14,12,99,1,4,6,1,1
47,470573,1,1,1,20,8,18,5,1,0,1,0,47,1,53,734,53734,90,2004,5SAAM43A5471,5,S,A,A,M,4,3,A,5,4,7,1,0,M,SUZI,LA5,AT,4,17,,,,,,,493,,1,,4,604,,,,,,,0,0,000000000,00000000000,0,0,0,1,0,0,0,0,0,0,0,998,0,1,5,0,2,1,1,0,0,0,1,47,37657,6,1,0,0,1,0,68,130,0,0,0,0,0,0,0,0,0,0,18,0,0,0,1,2,35,1,2,2,1,0,0,1,13,99,9,4,1,1,0
47,470574,1,1,1,21,8,4,45,35,0,1,0,47,1,37,31,37031,3,2004,SHHEP33534U5,S,H,H,E,P,3,3,5,3,4,U,5,0,P,HOND,CVS,2H,4,17,2744,,0,1012,,G,,F,4,122,,,16R205,,,,,,0,0,000000000,00000000000,0,0,0,1,0,0,0,0,0,0,0,998,0,0,0,11,6,2,42,0,0,0,1,47,37722,6,1,0,0,3,0,70,175,0,0,0,0,0,0,0,0,0,9,28,58,0,0,1,2,45,1,6,2,1,0,0,1,13,99,1,4,1,1,0
47,470575,1,1,2,21,8,12,15,1,0,1,0,47,2,35,50,35050,4,2007,3N1BC11E77L4,3,N,1,B,C,1,1,E,7,7,L,4,0,P,NISS,VSL,4D,7,17,2647,,0,1024,,G,,F,4,110,,,15R185,,,,,,0,0,000000000,00000000000,0,0,0,1,0,0,0,0,0,0,0,998,0,1,3,0,6,2,1,0,0,0,1,47,37018,6,1,0,0,3,0,74,147,0,0,0,0,0,0,0,0,0,9,99,99,99,99,2,2,70,1,2,2,1,0,0,1,12,7,1,4,6,1,1
47,470576,1,1,1,19,8,9,34,42,0,1,0,47,1,49,402,49402,14,2001,JTEHH20V6100,J,T,E,H,H,2,0,V,6,1,0,0,0,P,TOYT,RV4,UT,1,17,2943,,0,980,,G,,F,4,122,,,16R215,,,,,,0,0,000000000,00000000000,0,0,0,1,0,0,0,0,0,0,0,998,0,0,0,12,6,2,42,0,0,0,1,47,37709,6,1,0,0,3,1,62,200,0,0,0,0,0,0,0,0,0,9,99,99,99,99,1,2,30,1,1,2,2,0,0,1,13,99,1,4,1,1,0
47,470577,1,1,1,20,8,12,53,1,0,1,0,47,1,20,28,20028,4,2012,1G1JC6SHXC41,1,G,1,J,C,6,S,H,X,C,4,1,0,P,CHEV,SNT,4H,12,17,2684,,0,994,,G,,F,4,110,,,15R195,,,,,,0,0,000000000,00000000000,0,0,0,1,0,0,0,0,0,0,0,998,0,2,1,0,6,2,1,0,0,0,1,47,37134,6,1,0,0,3,1,62,200,0,0,0,0,0,0,0,0,0,0,58,81,0,0,2,2,55,1,1,2,1,0,0,1,90,6,1,6,98,1,0
47,470578,1,1,1,22,8,23,15,8,0,1,0,47,2,20,481,20481,31,1989,2GCEC14KXK11,2,G,C,E,C,1,4,K,X,K,1,1,0,T,CHEV,GC1,PK,89,17,,2,1315,1175,GM4,G,,,8,350,,,,B,4114,08,,42,0,0,000000000,00000000000,0,0,0,1,0,0,0,0,0,0,0,998,0,0,0,12,2,1,8,0,0,0,1,47,38572,6,1,0,0,3,0,70,180,0,0,0,0,1,12,2011,12,2011,0,0,0,0,0,5,4,30,1,1,2,1,0,0,11,80,1,1,1,13,0,0
47,470579,1,1,1,23,8,2,49,34,0,1,0,47,1,20,481,20481,31,1989,1GCDC14K9KZ1,1,G,C,D,C,1,4,K,9,K,Z,1,0,T,CHEV,GC1,PK,89,17,,1,1315,1175,GM4,G,,,8,350,,,,B,4114,08,,42,0,0,000000000,00000000000,0,0,0,1,0,0,0,0,0,0,0,998,0,0,0,1,6,2,42,0,0,0,1,47,37804,6,1,0,0,3,1,67,155,0,0,0,0,0,0,0,0,0,9,28,51,58,0,1,2,45,3,1,2,1,0,0,14,12,99,1,4,6,1,1
47,470581,1,2,3,24,8,20,31,12,2,1,0,47,1,63,37,63037,6,2011,KNDJT2A16B73,K,N,D,J,T,2,A,1,6,B,7,3,0,P,KIA,SOU,UT,11,17,2560,,0,1004,,G,,F,4,098,,,15R195,,,,,,0,0,000000000,00000000000,0,0,0,1,0,0,0,0,0,0,0,998,0,0,0,12,6,2,12,0,0,0,1,47,37862,6,1,6,0,3,0,65,130,0,0,0,0,0,0,0,0,0,0,23,0,0,0,1,2,55,1,1,2,1,0,0,1,62,99,1,1,69,2,0
47,470581,2,2,1,24,8,20,31,12,2,1,0,47,2,20,481,20481,31,2000,1GCEK14T7YZ1,1,G,C,E,K,1,4,T,7,Y,Z,1,0,T,CHEV,SK1,PK,0,17,,2,1330,1190,SIL,G,,,8,325,,,,B,4248,02,,44,0,0,000000000,00000000000,0,0,0,1,0,0,0,0,0,0,0,998,0,0,0,12,6,2,12,0,0,0,1,47,37876,6,1,0,0,3,0,60,175,0,0,0,0,0,0,0,0,0,0,38,0,0,0,1,2,55,1,1,2,1,0,0,11,15,99,1,2,68,0,0
47,470582,1,1,2,21,8,18,16,34,0,1,0,47,1,20,2,20002,4,2003,2G1WF55K3393,2,G,1,W,F,5,5,K,3,3,9,3,0,P,CHEV,IMP,4D,3,17,3389,,0,1105,,G,,F,6,231,,,16R225,,,,,,0,0,000000000,00000000000,0,0,0,1,0,0,0,0,0,0,0,998,0,1,5,12,6,2,1,0,0,0,1,47,38310,6,1,0,0,3,1,71,130,0,0,0,0,0,0,0,0,0,9,51,0,0,0,1,2,45,3,1,2,1,0,0,14,12,99,1,4,6,1,0
47,470583,1,1,1,25,8,18,0,35,0,1,0,47,2,49,40,49040,4,2004,4T1BE30K84U2,4,T,1,B,E,3,0,K,8,4,U,2,0,P,TOYT,UXS,4D,4,17,3086,,0,1071,,G,,F,4,144,,,15R205,,,,,,0,0,000000000,00000000000,0,0,0,1,0,0,0,0,0,0,0,998,0,1,5,1,6,2,1,0,0,0,1,47,38063,6,1,0,0,3,0,72,170,0,0,0,2,0,8,2009,1,2010,0,6,0,0,0,1,2,55,1,1,2,1,0,0,1,13,99,1,4,1,1,1
47,470584,1,1,2,26,8,2,55,34,0,1,0,47,2,7,41,7041,4,2002,2B3HD46R92H2,2,B,3,H,D,4,6,R,9,2,H,2,0,P,DODG,ISE,4D,2,17,3373,,0,1130,,G,,F,6,167,,,16R225,,,,,,0,0,000000000,00000000000,0,0,0,1,0,0,0,0,0,0,0,998,0,1,5,12,6,2,1,0,0,1,1,47,37130,6,1,0,0,3,0,74,180,0,0,0,0,0,0,0,0,0,1,6,36,0,0,1,2,45,1,6,2,1,0,0,1,6,99,1,4,1,1,1
47,470585,1,2,1,27,8,8,53,12,1,1,0,28,1,53,705,53705,80,2009,JS1GN7EA2921,J,S,1,G,N,7,E,A,2,9,2,1,0,M,SUZI,G60,RC,9,17,,,,,,,599,,4,,4,354,,,,,,,0,0,000000000,00000000000,0,0,0,1,0,0,0,0,0,0,0,998,0,0,0,12,6,2,12,0,0,0,1,28,38632,6,1,6,0,3,0,69,150,0,0,0,0,0,0,0,0,0,1,6,36,0,0,6,2,45,2,6,2,1,0,0,16,6,99,1,6,20,1,0
47,470585,2,2,1,27,8,8,53,12,1,1,0,39,3,85,881,85881,66,1999,1XKTD69X9XJ8,1,X,K,T,D,6,9,X,9,X,J,8,0,T,KW,T20,TR,99,17,,8,2600,1900,CON,D,,,6,855,,,,,00000,00,,64,0,57,00484907,5700484907,3,5,96,1,0,0,0,0,0,0,0,0,0,0,0,6,2,1,12,0,0,0,1,47,38114,6,1,6,0,3,1,78,340,0,1,0,1,0,9,2011,8,2012,0,0,0,0,0,6,2,40,2,6,2,1,1,3,5,53,1,1,1,21,0,0
47,470586,1,1,1,9,8,10,20,1,0,1,0,47,3,84,883,84883,63,1991,1HTGLGJT8MH3,1,H,T,G,L,G,J,T,8,M,H,3,0,T,INTL,267,CC,91,17,,8,2380,1480,20S,D,,,6,611,,,,,00000,00,,64,0,57,01632646,5701632646,3,2,3,1,0,0,0,0,0,0,0,998,0,2,5,0,6,2,1,0,0,0,1,47,37742,6,1,6,1,3,0,70,235,0,0,0,0,2,6,2010,8,2010,1,6,36,0,0,1,2,25,3,6,2,1,0,0,11,15,99,1,4,1,1,0
47,470587,1,3,2,20,8,18,25,12,6,1,0,47,2,49,401,49401,14,1998,JT3HN87R4W90,J,T,3,H,N,8,7,R,4,W,9,0,0,P,TOYT,RUN,UT,98,17,3940,,0,1053,,G,,F,6,206,,,16R265,,,,,,0,0,000000000,00000000000,0,0,0,1,0,0,0,0,0,0,0,998,0,0,0,11,6,2,12,0,0,0,1,47,37617,6,1,0,0,3,0,71,328,0,0,0,0,0,0,0,0,0,0,0,0,0,0,1,2,40,1,1,2,1,1,3,1,17,99,1,1,86,0,0