STATE,ST_CASE,VEH_NO,VE_FORMS,NUMOCCS,DAY,MONTH,HOUR,MINUTE,HARM_EV,MAN_COLL,UNITTYPE,HIT_RUN,REG_STAT,OWNER,MAKE,MODEL,MAK_MOD,BODY_TYP,MOD_YEAR,VIN,VIN_1,VIN_2,VIN_3,VIN_4,VIN_5,VIN_6,VIN_7,VIN_8,VIN_9,VIN_10,VIN_11,VIN_12,TOW_VEH,VINTYPE,VINMAKE,VINA_MOD,VIN_BT,VINMODYR,VIN_LNGT,VIN_WGT,WGTCD_TR,WHLBS_LG,WHLBS_SH,SER_TR,FUELCODE,MCYCL_DS,CARBUR,CYLINDER,DISPLACE,MCYCL_CY,MCYCL_WT,TIRE_SZE,TON_RAT,TRK_WT,TRKWTVAR,VIN_REST,WHLDRWHL,J_KNIFE,MCARR_I1,MCARR_I2,MCARR_ID,GVWR,V_CONFIG,CARGO_BT,HAZ_INV,HAZ_PLAC,HAZ_ID,HAZ_CNO,HAZ_REL,BUS_USE,SPEC_USE,EMER_USE,TRAV_SP,UNDERIDE,ROLLOVER,ROLINLOC,IMPACT1,DEFORMED,TOWED,M_HARM,VEH_SC1,VEH_SC2,FIRE_EXP,DR_PRES,L_STATE,DR_ZIP,L_STATUS,L_TYPE,CDL_STAT,L_ENDORS,L_COMPL,L_RESTRI,DR_HGT,DR_WGT,PREV_ACC,PREV_SUS,PREV_DWI,PREV_SPD,PREV_OTH,FIRST_MO,FIRST_YR,LAST_MO,LAST_YR,SPEEDREL,DR_SF1,DR_SF2,DR_SF3,DR_SF4,VTRAFWAY,VNUM_LAN,VSPD_LIM,VALIGN,VPROFILE,VPAVETYP,VSURCOND,VTRAFCON,VTCONT_F,P_CRASH1,P_CRASH2,P_CRASH3,PCRASH4,PCRASH5,ACC_TYPE,DEATHS,DR_DRINK
47,470619,1,1,1,7,9,2,50,8,0,1,0,93,3,84,881,84881,63,2006,2HSCNAPR96C1,2,H,S,C,N,A,P,R,9,6,C,1,1,T,INTL,94I,TR,6,17,,8,0,0,940,D,,,6,915,,,,,00000,00,,64,1,57,00075806,5700075806,3,4,1,1,0,0,0,0,0,0,0,998,0,0,0,12,6,2,8,0,0,0,1,17,62882,6,1,6,0,3,0,68,163,0,0,0,0,0,0,0,0,0,0,0,0,0,0,2,3,55,1,1,2,1,0,0,1,80,99,1,1,13,0,0
47,470620,1,1,1,19,3,11,29,34,0,1,0,47,1,20,401,20401,14,2002,1GNDT13S5222,1,G,N,D,T,1,3,S,5,2,2,2,0,P,CHEV,TRL,UT,2,17,4628,,0,1130,,G,,F,6,256,,,16R245,,,,,,0,0,000000000,00000000000,0,0,0,1,0,0,0,0,0,0,0,998,0,1,5,12,6,2,30,0,0,0,1,47,37074,6,1,0,0,3,1,71,145,0,0,0,0,0,0,0,0,0,0,0,0,0,0,5,2,45,1,1,2,1,0,0,1,13,99,1,4,1,1,0
47,470621,1,1,1,12,3,5,30,34,0,1,0,47,2,72,706,72706,80,2009,1HD1FF4159Y6,1,H,D,1,F,F,4,1,5,9,Y,6,0,M,HD,FHC,RS,9,17,,,,,,,1584,,2,,4,864,,,,,,,0,0,000000000,00000000000,0,0,0,1,0,0,0,0,0,0,0,998,0,0,0,99,6,2,34,0,0,0,1,47,37743,6,1,6,0,3,0,68,195,1,0,0,0,0,5,2010,5,2010,0,99,99,99,99,1,2,30,3,1,2,1,0,0,14,9,99,7,4,2,1,0
47,470622,1,1,1,13,4,1,51,53,0,1,0,47,2,18,20,18020,2,1994,2G4WF15L6R14,2,G,4,W,F,1,5,L,6,R,1,4,0,P,BUIC,RGS,CP,94,17,3335,,0,1075,,G,,F,6,231,,,16R225,,,,,,0,0,000000000,00000000000,0,0,0,1,0,0,0,0,0,0,0,998,0,0,0,12,6,2,53,0,0,0,1,47,37615,1,1,1,0,2,0,63,161,0,0,0,0,0,0,0,0,0,1,99,99,99,99,1,2,35,1,5,2,1,0,0,1,12,99,1,4,6,1,0
47,470623,1,1,1,16,4,99,99,32,0,1,0,47,1,49,43,49043,4,2003,4T1BF28B23U3,4,T,1,B,F,2,8,B,2,3,U,3,0,P,TOYT,UVS,4D,3,17,3417,,0,1071,,G,,F,6,183,,,15R205,,,,,,0,0,000000000,00000000000,0,0,0,1,0,0,0,0,0,0,0,998,0,0,0,11,6,2,32,0,0,0,1,47,37303,6,1,0,0,3,1,67,228,0,0,0,0,0,0,0,0,0,0,0,0,0,0,1,2,55,3,2,2,1,0,0,14,13,99,1,4,1,1,0
47,470624,1,1,2,25,3,15,20,1,0,1,1,47,2,21,23,21023,4,1998,1G3WS52K8WF3,1,G,3,W,S,5,2,K,8,W,F,3,0,P,OLDS,IGL,4D,98,17,3455,,0,1090,,G,,F,6,231,,,16R225,,,,,,0,0,000000000,00000000000,0,0,0,1,0,0,0,0,0,0,0,998,0,2,5,0,6,2,1,0,0,0,1,47,37307,1,1,1,0,2,0,69,190,0,0,0,0,0,0,0,0,0,1,28,36,0,0,1,2,20,1,1,2,1,0,0,1,9,99,2,4,7,1,1
47,470625,1,2,1,13,9,7,28,12,6,1,0,47,1,12,17,12017,4,1996,1FALP52U1TA2,1,F,A,L,P,5,2,U,1,T,A,2,0,P,FORD,TAG,4D,96,17,3347,,0,1085,,G,,F,6,182,,,15R205,,,,,,0,0,000000000,00000000000,0,0,0,1,0,0,0,0,0,0,0,998,0,0,0,9,6,2,12,0,0,0,1,47,38351,1,1,1,0,2,0,71,160,0,3,0,0,0,2,2012,6,2012,0,38,0,0,0,1,2,30,1,1,2,1,20,3,1,19,99,1,1,90,1,1
47,470625,2,2,1,13,9,7,28,12,6,1,0,47,2,86,881,86881,66,1985,1M1N179Y6FA0,1,M,1,N,1,7,9,Y,6,F,A,0,1,T,MACK,R60,TR,85,17,,8,2400,1380,600,D,,,6,672,,,,,00000,00,,64,1,88,888888888,88888888888,3,6,8,1,0,0,0,0,0,0,0,998,0,0,0,12,6,2,12,0,0,0,1,47,38301,6,1,6,0,3,0,70,195,0,0,0,0,0,0,0,0,0,0,0,0,0,0,2,2,55,1,1,2,1,0,0,1,68,8,1,1,90,0,0
47,470626,1,2,1,5,9,2,5,12,1,1,0,37,3,85,881,85881,66,1996,1XKADB9X2TJ7,1,X,K,A,D,B,9,X,2,T,J,7,1,T,KW,T60,TR,96,17,,8,0,0,CON,D,,,6,893,,,,,00000,00,,64,1,57,00985650,5700985650,3,6,1,1,0,0,0,0,0,0,0,998,0,1,5,12,6,2,12,0,0,0,1,37,28092,6,1,6,0,3,0,72,999,2,0,0,0,3,4,2010,6,2012,0,24,0,0,0,3,2,70,1,5,2,1,0,0,1,60,99,1,1,33,0,0
47,470626,2,2,4,5,9,2,5,12,1,1,0,21,1,20,431,20431,16,1987,1GNER16KXHF1,1,G,N,E,R,1,6,K,X,H,F,1,0,P,CHEV,R10,UT,87,17,4120,,0,1295,,G,,F,8,350,,,000000,,,,,,0,0,000000000,00000000000,0,0,0,1,0,0,0,0,0,0,0,998,1,1,1,6,6,2,12,0,0,0,1,21,40391,6,1,0,0,3,0,74,273,1,0,0,0,0,10,2011,10,2011,0,99,99,99,99,3,2,70,1,5,2,1,0,0,15,10,99,1,2,33,1,0
47,470627,1,1,3,3,9,11,30,1,0,1,0,47,3,82,981,82981,50,2004,4UZAACBW84CM,4,U,Z,A,A,C,B,W,8,4,C,M,0,T,FRHT,MSB,BU,4,17,,6,0,0,CHA,D,,,6,359,,,,,00000,00,,42,0,88,888888888,88888888888,2,21,22,1,0,0,0,0,98,0,0,998,0,2,5,0,6,2,1,0,0,0,1,47,37862,6,1,6,1,3,1,72,240,1,0,0,0,0,6,2012,6,2012,0,85,0,0,0,1,2,25,2,5,2,2,0,0,14,13,9,1,4,3,1,0
47,470628,1,3,2,28,8,15,20,12,6,1,0,47,1,20,4,20004,2,1989,1G1YY2183K51,1,G,1,Y,Y,2,1,8,3,K,5,1,0,P,CHEV,CVT,2H,89,17,3229,,0,960,,G,,F,8,350,,,17R275,,,,,,0,0,000000000,00000000000,0,0,0,1,0,0,0,0,0,0,0,998,0,0,0,7,6,2,12,0,0,0,1,47,38555,6,1,0,0,3,0,68,190,0,0,0,0,0,0,0,0,0,0,0,0,0,0,2,2,70,1,1,2,1,0,0,1,61,99,9,1,45,1,0
47,470628,2,3,1,28,8,15,20,12,6,1,0,5,3,87,881,87881,66,2007,1XP7DB9X77D6,1,X,P,7,D,B,9,X,7,7,D,6,1,T,PTRB,387,TR,7,17,,8,0,0,CON,D,,,6,893,,,,,00000,00,,64,1,57,00260968,5700260968,3,6,1,1,0,0,0,0,0,0,0,998,0,0,0,1,6,2,12,0,0,0,1,45,29461,6,1,6,0,3,0,70,190,1,0,0,0,1,5,2012,5,2012,0,24,0,0,0,2,2,70,1,1,2,1,0,0,15,11,99,9,2,46,0,0
47,470628,3,3,1,28,8,15,20,12,6,1,0,93,3,84,881,84881,66,2000,2HSCEAER5YC0,2,H,S,C,E,A,E,R,5,Y,C,0,1,T,INTL,92I,TR,0,17,,8,0,0,920,D,,,6,855,,,,,00000,00,,64,1,57,00622804,5700622804,3,6,1,1,0,0,0,0,0,0,0,998,0,1,3,12,6,2,12,0,0,0,1,47,37086,6,1,6,0,3,0,67,200,0,0,0,0,0,0,0,0,0,0,0,0,0,0,2,2,70,1,1,2,1,0,0,1,54,99,9,1,98,0,0
47,470629,1,3,1,27,8,15,44,12,7,1,0,47,2,98,709,98709,88,2007,RFBT7S3797B3,R,F,B,T,7,S,3,7,9,7,B,3,0,U,,,,7,17,,,,,,,,,,,,,,,,,,,0,0,000000000,00000000000,0,0,0,1,0,0,0,0,0,0,0,998,0,0,0,11,6,2,12,0,0,0,1,47,38016,6,1,0,0,2,0,70,150,3,1,0,1,0,3,2010,11,2011,0,35,0,0,0,2,3,40,1,1,2,1,0,0,1,10,99,1,2,44,1,0
47,470629,2,3,1,27,8,15,44,12,7,1,0,47,2,49,40,49040,4,2007,JTNBB46K1730,J,T,N,B,B,4,6,K,1,7,3,0,0,P,TOYT,CHY,4D,7,17,3680,,0,1093,,B,,F,4,146,,,16R215,,,,,,0,0,000000000,00000000000,0,0,0,1,0,0,0,0,0,0,0,998,0,0,0,5,4,1,12,0,0,0,1,47,38016,6,1,0,0,3,0,63,105,0,0,0,0,0,0,0,0,0,0,0,0,0,0,2,3,40,1,1,2,1,0,0,1,60,99,1,1,45,0,0
47,470629,3,3,1,27,8,15,44,12,7,1,0,47,1,23,481,23481,31,2007,1GTEC14C57Z5,1,G,T,E,C,1,4,C,5,7,Z,5,0,T,GMC,NC1,PK,7,17,,2,1330,1190,SIE,G,,,8,293,,,,B,4448,01,4,42,0,0,000000000,00000000000,0,0,0,1,0,0,0,0,0,0,0,998,0,0,0,5,4,1,12,0,0,0,1,47,38018,6,1,0,0,3,0,72,177,1,1,0,1,0,10,2010,9,2011,0,0,0,0,0,2,3,40,1,1,2,1,0,0,1,60,99,1,1,98,0,0
47,470630,1,5,1,13,9,23,6,12,6,1,0,47,3,12,17,12017,4,1997,1FALP51U5VA2,1,F,A,L,P,5,1,U,5,V,A,2,0,P,FORD,TRG,4D,97,17,3329,,0,1085,,G,,F,6,182,,,15R205,,,,,,0,0,000000000,00000000000,0,0,0,1,0,0,0,0,0,0,0,998,0,0,0,12,6,2,12,0,0,0,1,47,37129,6,1,0,0,3,0,75,199,4,3,0,2,2,12,2009,7,2012,0,36,51,0,0,3,2,70,1,1,2,1,0,0,1,19,99,1,3,44,1,0
47,470630,2,5,1,13,9,23,6,12,6,1,0,47,1,45,37,45037,2,1986,WP0AA0940GN4,W,P,0,A,A,0,9,4,0,G,N,4,0,P,PORS,944,CP,86,17,2778,,0,945,,G,,F,4,151,,,15R215,,,,,,0,0,000000000,00000000000,0,0,0,1,0,0,0,0,0,0,0,998,0,0,0,7,4,1,12,0,0,0,1,47,37076,6,1,0,0,3,0,70,210,1,0,0,0,0,7,2012,7,2012,0,0,0,0,0,3,2,70,1,1,2,1,0,0,1,54,7,1,1,45,0,0
47,470630,3,5,1,13,9,23,6,12,6,1,0,18,3,85,881,85881,66,2012,1XKAA48X4CJ3,1,X,K,A,A,4,8,X,4,C,J,3,2,T,KW,T60,TR,12,17,,8,2600,1600,CON,D,,,6,915,,,,,00000,00,,42,1,57,0239039,570239039,3,7,1,1,0,0,0,0,0,0,0,998,0,0,0,12,6,2,12,0,0,0,1,47,37618,6,1,6,0,3,0,68,215,0,0,0,0,0,0,0,0,0,0,0,0,0,0,3,2,70,1,1,2,1,0,0,1,54,99,1,1,98,0,0
47,470630,4,5,1,13,9,23,6,12,6,1,0,4,3,87,881,87881,66,2000,1XPCDR9X4YD5,1,X,P,C,D,R,9,X,4,Y,D,5,1,T,PTRB,377,TR,0,17,,8,0,0,CON,D,,,6,774,,,,,00000,00,,64,1,57,002183121,57002183121,3,6,1,1,0,0,0,0,0,0,0,998,0,0,0,12,6,2,12,0,0,0,1,4,85345,6,1,6,0,3,0,70,207,0,2,0,0,2,5,2010,2,2011,0,0,0,0,0,3,2,70,1,1,2,1,0,0,1,54,7,1,1,98,0,0
47,470630,5,5,1,13,9,23,6,12,6,1,0,47,1,20,481,20481,31,2010,3GCRKSE30AG2,3,G,C,R,K,S,E,3,0,A,G,2,0,T,CHEV,2SK,CW,10,17,,2,0,1435,SIL,F,,,8,323,,,,B,5346,00,,44,0,0,000000000,00000000000,0,0,0,1,0,0,0,0,0,0,0,998,0,0,0,9,6,2,12,0,0,0,1,47,38553,6,1,0,0,3,0,73,225,0,0,0,6,0,10,2010,1,2012,0,0,0,0,0,3,2,70,1,1,2,1,0,0,1,54,99,1,1,98,0,0
47,470631,1,3,1,10,9,7,48,12,1,1,0,47,3,90,981,90981,50,2005,1BABNBKA25F2,1,B,A,B,N,B,K,A,2,5,F,2,0,U,,,,5,17,,,,,,,,,,,,,,,,,,,0,88,888888888,88888888888,2,21,22,1,0,0,0,0,1,0,0,998,7,0,0,12,6,2,8,0,0,0,1,47,37821,6,1,6,1,3,1,64,150,1,0,0,0,0,5,2012,5,2012,0,0,0,0,0,1,2,15,1,5,2,1,4,3,1,98,99,1,1,32,0,0
47,470631,2,3,0,10,9,7,48,12,1,1,0,47,6,37,31,37031,2,2010,2HGFG1B6XAH5,2,H,G,F,G,1,B,6,X,A,H,5,0,P,HOND,UCL,CP,10,17,2721,,0,1043,,G,,F,4,110,,,16R205,,,,,,0,0,000000000,00000000000,0,0,0,1,0,0,0,0,0,0,0,0,0,0,0,6,6,2,12,0,0,0,0,0,99997,7,6,97,7,6,7,998,997,998,998,998,998,998,98,9998,98,9998,8,0,0,0,0,1,2,15,1,5,2,1,4,3,0,53,0,0,0,32,0,0
47,470631,3,3,2,10,9,7,48,12,1,1,0,47,6,49,40,49040,4,2007,4T1BE46KX7U1,4,T,1,B,E,4,6,K,X,7,U,1,0,P,TOYT,CMB,4D,7,17,3108,,0,1093,,G,,F,4,146,,,15R205,,,,,,0,0,000000000,00000000000,0,0,0,1,0,0,0,0,0,0,0,0,0,0,0,6,6,2,12,0,0,0,0,0,99997,7,6,97,7,6,7,998,997,998,998,998,998,998,98,9998,98,9998,8,0,0,0,0,1,2,15,1,5,2,1,4,3,0,98,0,0,0,98,0,0
47,470632,1,2,1,16,9,9,25,12,2,1,0,47,2,20,401,20401,14,1997,1GNDT13W2V21,1,G,N,D,T,1,3,W,2,V,2,1,0,P,CHEV,BZR,UT,97,17,4046,,0,1070,,G,,F,6,262,,,15R205,,,,,,0,0,000000000,00000000000,0,0,0,1,0,0,0,0,0,0,0,998,0,0,0,12,6,2,12,0,0,0,1,47,37865,6,1,0,0,3,0,69,160,0,0,0,2,0,3,2010,4,2010,0,6,28,36,0,1,4,55,2,1,2,1,0,0,14,10,99,1,2,50,0,0
47,470632,2,2,13,16,9,9,25,12,2,1,0,47,3,20,461,20461,21,1998,1GAHG39R4W10,1,G,A,H,G,3,9,R,4,W,1,0,0,T,CHEV,EX3,ES,98,17,,2,0,1550,EXP,G,,,8,350,,,,D,6142,00,,42,0,88,888888888,88888888888,1,20,22,1,0,0,0,0,7,0,0,998,0,1,1,12,6,2,12,0,0,1,1,47,37804,6,1,0,0,3,0,70,190,0,0,0,0,0,0,0,0,0,0,0,0,0,0,1,4,55,1,1,2,1,0,0,1,62,99,1,1,51,2,0
47,470633,1,1,2,19,6,21,2,42,0,1,0,13,1,14,17,14017,4,1999,1MEFM50U3XG6,1,M,E,F,M,5,0,U,3,X,G,6,0,P,MERC,SGS,4D,99,17,3299,,0,1085,,G,,F,6,182,,,15R205,,,,,,0,0,000000000,00000000000,0,0,0,1,0,0,0,0,0,0,0,998,0,0,0,6,6,2,42,0,0,0,1,13,30725,6,1,0,0,3,0,69,125,98,0,0,0,0,0,0,0,0,1,36,0,0,0,3,3,55,2,2,2,1,0,0,15,6,7,3,4,7,1,0
47,470634,1,2,1,25,8,20,38,12,6,1,0,47,3,12,981,12981,50,1984,1FDNJ74N6EVA,1,F,D,N,J,7,4,N,6,E,V,A,0,T,FORD,B7M,BU,84,17,,6,2750,2370,BUS,D,,,8,500,,,,,7381,03,,42,0,88,888888888,88888888888,2,21,22,1,0,0,0,0,7,3,0,998,0,0,0,5,4,3,12,0,0,0,1,47,37659,6,1,6,1,3,1,67,181,1,0,0,0,0,4,2011,4,2011,0,38,48,0,0,2,2,55,1,2,2,1,0,0,12,98,99,9,2,98,0,0
47,470634,2,2,2,25,8,20,38,12,6,1,0,47,2,72,706,72706,80,2007,1HD1FV4127Y6,1,H,D,1,F,V,4,1,2,7,Y,6,0,M,HD,FHT,RS,7,17,,,,,,,1584,,2,,4,738,,,,,,,0,0,000000000,00000000000,0,0,0,1,0,0,0,0,0,0,0,998,0,0,0,12,4,3,12,0,0,0,1,47,37618,6,1,0,0,3,0,69,160,2,0,0,0,1,8,2011,3,2012,0,0,0,0,0,2,2,55,1,2,2,1,0,0,1,98,99,9,1,98,1,0
47,470635,1,2,2,1,9,15,25,12,2,1,0,47,1,24,7,24007,4,2004,1G8AJ52F94Z1,1,G,8,A,J,5,2,F,9,4,Z,1,0,P,STRN,SI2,4D,4,17,2808,,0,1032,,G,,F,4,134,,,15R195,,,,,,0,0,000000000,00000000000,0,0,0,1,0,0,0,0,0,0,0,998,0,0,0,12,6,2,12,0,0,0,1,47,37830,6,1,0,0,3,0,64,130,0,0,0,0,0,0,0,0,0,0,28,0,0,0,1,2,55,3,1,2,1,0,0,14,10,99,9,2,50,0,0
47,470635,2,2,6,1,9,15,25,12,2,1,0,26,1,20,23,20023,6,2011,3GNBACFU1BS5,3,G,N,B,A,C,F,U,1,B,S,5,0,P,CHEV,HHR,UT,11,17,3208,,0,1035,,F,,F,4,146,,,17R215,,,,,,0,0,000000000,00000000000,0,0,0,1,0,0,0,0,0,0,0,998,0,0,0,12,6,2,12,0,0,0,1,26,48328,6,1,0,0,3,0,71,220,0,0,0,0,0,0,0,0,0,0,0,0,0,0,1,2,55,2,1,2,1,0,0,14,62,99,9,1,51,1,0
47,470636,1,1,3,1,9,15,8,24,0,1,0,21,1,7,482,7482,31,2008,1D7HU18228J2,1,D,7,H,U,1,8,2,2,8,J,2,0,T,DODG,SQ1,CW,8,17,,2,1605,1405,RPC,G,,,8,348,,,,B,5201,00,E,44,0,0,000000000,00000000000,0,0,0,1,0,0,0,0,0,0,0,998,0,1,3,1,6,2,1,0,0,0,1,21,40291,6,1,6,0,3,1,72,240,0,0,0,0,0,0,0,0,0,0,58,0,0,0,3,2,70,1,2,2,1,0,0,1,13,99,9,4,1,2,0
47,470637,1,1,1,2,9,4,0,35,0,1,0,47,2,12,35,12035,4,1998,1FAFP66L3WK2,1,F,A,F,P,6,6,L,3,W,K,2,0,P,FORD,LSS,4D,98,17,2864,,0,1065,,G,,F,6,155,,,15R205,,,,,,0,0,000000000,00000000000,0,0,0,1,0,0,0,0,0,0,0,998,0,1,5,2,6,2,1,0,0,0,1,99,99999,9,9,99,0,9,9,999,999,99,99,99,99,99,99,9999,99,9999,0,0,0,0,0,1,2,55,1,6,2,1,0,0,1,12,99,1,4,6,1,1
47,470638,1,1,1,1,9,99,99,11,0,1,0,47,1,20,9,20009,2,1989,1G1FP21E0KL1,1,G,1,F,P,2,1,E,0,K,L,1,0,P,CHEV,CAM,CP,89,17,3082,,0,1010,,G,,F,8,305,,,15R215,,,,,,0,0,000000000,00000000000,0,0,0,1,0,0,0,0,0,0,0,998,0,0,0,11,6,2,11,0,0,0,1,47,38464,6,1,6,0,3,0,76,240,0,0,0,0,0,0,0,0,0,0,0,0,0,0,1,2,55,2,1,2,1,0,0,14,87,99,9,1,13,1,0
47,470639,1,1,1,25,2,17,0,1,0,1,0,0,0,73,739,73739,90,2006,000000000000,0,0,0,0,0,0,0,0,0,0,0,0,0,,,,,,,,,,,,,,,,,,,,,,,,,0,0,000000000,00000000000,0,0,0,1,0,0,0,0,0,0,0,998,0,2,1,0,2,1,1,0,0,0,1,47,37620,2,1,0,0,2,0,70,190,0,0,0,0,0,0,0,0,0,0,6,36,0,0,1,2,25,1,1,2,1,0,0,12,98,99,9,6,98,1,0
47,470640,1,3,2,3,9,13,55,12,8,1,0,47,1,7,482,7482,31,2008,1D7HA16K78J2,1,D,7,H,A,1,6,K,7,8,J,2,1,T,DODG,S1T,PK,8,17,,2,1605,1405,RPC,G,,,6,225,,,,B,4514,00,E,42,1,0,000000000,00000000000,0,0,0,1,0,0,0,0,0,0,0,998,0,0,0,11,6,2,12,0,0,0,1,47,37770,6,1,0,0,3,1,69,196,0,0,0,1,0,9,2010,9,2010,0,51,0,0,0,1,2,55,3,1,2,2,0,0,14,10,1,1,2,64,1,0
47,470640,2,3,6,3,9,13,55,12,8,1,0,47,1,20,481,20481,31,2007,1GCEK19J97Z6,1,G,C,E,K,1,9,J,9,7,Z,6,0,T,CHEV,SK1,4C,7,17,,2,1575,1339,SIL,G,,,8,323,,,,B,5236,02,,44,0,0,000000000,00000000000,0,0,0,1,0,0,0,0,0,0,0,998,0,0,0,11,6,2,12,0,0,0,1,47,38504,6,1,0,0,3,0,69,210,0,0,0,0,0,0,0,0,0,0,0,0,0,0,1,2,55,2,1,2,2,0,0,14,62,1,1,1,65,0,0
47,470640,3,3,1,3,9,13,55,12,8,1,0,47,1,49,401,49401,14,2012,JTEBU5JR8C50,J,T,E,B,U,5,J,R,8,C,5,0,1,P,TOYT,RUN,UT,12,17,4675,,0,1098,,G,,F,6,244,,,17R265,,,,,,1,0,000000000,00000000000,0,0,0,1,0,0,0,0,0,0,0,998,0,0,0,12,6,2,12,0,0,0,1,47,38556,6,1,0,0,3,1,70,218,0,0,0,0,0,0,0,0,0,0,0,0,0,0,1,2,55,2,1,2,2,0,0,14,62,1,1,1,98,0,0
47,470641,1,2,1,1,9,8,18,12,6,1,0,47,1,22,19,22019,2,2007,1G2AL15FX772,1,G,2,A,L,1,5,F,X,7,7,2,0,P,PONT,G/5,CP,7,17,2991,,0,1035,,G,,F,4,134,,,15R195,,,,,,0,0,000000000,00000000000,0,0,0,1,0,0,0,0,0,0,0,998,0,0,0,12,6,2,12,0,0,0,1,47,37743,6,1,0,0,3,1,67,110,2,0,0,0,0,11,2011,4,2012,0,0,0,0,0,2,2,55,1,1,2,1,0,0,1,66,1,1,1,88,0,0
47,470641,2,2,1,1,9,8,18,12,6,1,0,47,1,20,16,20016,4,2000,1G1JC5249Y73,1,G,1,J,C,5,2,4,9,Y,7,3,0,P,CHEV,CAV,4D,0,17,2676,,0,1041,,G,,F,4,133,,,14R195,,,,,,0,0,000000000,00000000000,0,0,0,1,0,0,0,0,0,0,0,998,0,0,0,9,6,2,12,0,0,0,1,47,37818,6,1,0,0,3,1,66,163,2,0,0,0,0,9,2009,5,2011,0,38,0,0,0,1,2,55,1,1,2,1,20,3,4,17,1,1,1,89,1,0
47,470642,1,1,1,5,9,10,40,35,0,1,0,47,1,12,37,12037,4,2010,1FAHP3EN9AW1,1,F,A,H,P,3,E,N,9,A,W,1,0,P,FORD,FKS,4D,10,17,2623,,0,1029,,G,,F,4,122,,,15R195,,,,,,0,0,000000000,00000000000,0,0,0,1,0,0,0,0,0,0,0,998,0,0,0,11,6,2,30,0,0,0,1,47,37385,6,1,0,0,3,0,73,190,0,0,0,0,0,0,0,0,0,9,51,0,0,0,1,2,55,2,5,2,1,0,0,14,12,99,1,4,6,1,0
47,470643,1,1,1,2,9,16,20,35,0,1,0,47,1,14,17,14017,4,2002,1MEFM50U32G6,1,M,E,F,M,5,0,U,3,2,G,6,0,P,MERC,SGP,4D,2,17,3379,,0,1085,,G,,F,6,182,,,16R215,,,,,,0,0,000000000,00000000000,0,0,0,1,0,0,0,0,0,0,0,998,0,1,5,12,6,2,1,0,0,0,1,47,37752,9,9,99,9,9,3,999,999,99,99,99,99,99,99,9999,99,9999,9,99,99,99,99,1,2,35,2,1,2,2,0,0,14,13,1,1,4,1,1,0
47,470644,1,1,3,25,8,0,32,30,0,1,0,47,2,20,16,20016,2,1999,1G1JC1248X71,1,G,1,J,C,1,2,4,8,X,7,1,0,P,CHEV,C/S,CP,99,17,2617,,0,1041,,G,,F,4,133,,,14R195,,,,,,0,0,000000000,00000000000,0,0,0,1,0,0,0,0,0,0,0,58,0,0,0,3,6,2,30,0,0,0,1,47,37218,6,1,0,0,3,0,67,300,1,3,0,4,0,7,2010,8,2012,1,28,0,0,0,1,2,40,1,1,2,1,0,0,1,8,99,4,4,7,1,0
47,470645,1,3,0,4,9,9,59,12,1,1,0,47,6,14,443,14443,20,1997,4M2DV1110VDJ,4,M,2,D,V,1,1,1,0,V,D,J,0,P,MERC,VLR,SV,97,17,4003,,0,1122,,G,,F,6,182,,,15R205,,,,,,0,0,000000000,00000000000,0,0,0,1,0,0,0,0,0,0,0,0,0,0,0,6,6,2,12,0,0,0,0,0,99997,7,6,97,7,6,7,998,997,998,998,998,998,998,98,9998,98,9998,8,0,0,0,0,5,4,45,1,1,2,1,0,0,0,98,0,0,0,98,0,0
47,470645,2,3,0,4,9,9,59,12,1,1,0,47,6,35,43,35043,4,2011,3N1AB6AP5BL6,3,N,1,A,B,6,A,P,5,B,L,6,0,P,NISS,SBL,4D,11,17,2862,,0,1057,,G,,F,4,122,,,16R205,,,,,,0,0,000000000,00000000000,0,0,0,1,0,0,0,0,0,0,0,0,0,0,0,6,6,2,12,0,0,0,0,0,99997,7,6,97,7,6,7,998,997,998,998,998,998,998,98,9998,98,9998,8,0,0,0,0,5,4,45,1,1,2,1,0,0,0,98,0,0,0,98,0,0
47,470645,3,3,1,4,9,9,59,12,1,1,0,47,1,12,481,12481,31,1999,1FTNF20F0XEB,1,F,T,N,F,2,0,F,0,X,E,B,0,T,FORD,F2S,PK,99,17,,2,0,1370,SRW,D,,,8,444,,,,C,4960,00,U,42,0,0,000000000,00000000000,0,0,0,1,0,0,0,0,0,0,0,998,0,0,0,12,6,2,8,0,0,0,1,47,38343,6,1,0,0,3,0,68,218,2,0,0,0,0,7,2011,5,2012,0,26,0,0,0,5,4,45,1,1,2,1,0,0,1,98,99,9,1,98,0,0
47,470646,1,1,1,8,9,19,9,8,0,1,0,47,2,20,9,20009,2,2011,2G1FA1ED6B91,2,G,1,F,A,1,E,D,6,B,9,1,0,P,CHEV,CML,CP,11,17,3769,,0,1123,,G,,F,6,220,,,18R245,,,,,,0,0,000000000,00000000000,0,0,0,1,0,0,0,0,0,0,0,998,0,0,0,12,2,4,8,0,0,0,1,47,38128,6,1,0,0,3,0,66,226,0,0,0,0,0,0,0,0,0,0,0,0,0,0,1,2,30,1,1,2,1,0,0,1,80,99,9,1,13,0,0
47,470647,1,1,2,24,8,0,5,42,0,1,0,47,2,14,17,14017,4,1999,1MEFM53S5XA6,1,M,E,F,M,5,3,S,5,X,A,6,0,P,MERC,SLS,4D,99,17,3299,,0,1085,,G,,F,6,182,,,15R205,,,,,,0,0,000000000,00000000000,0,0,0,1,0,0,0,0,0,0,0,998,0,0,0,3,6,2,42,0,0,0,1,47,38221,0,0,0,0,0,0,999,999,2,3,0,0,2,1,2010,2,2011,0,28,58,0,0,1,2,55,3,6,2,1,0,0,14,12,6,4,4,7,1,1