STATE,ST_CASE,VEH_NO,VE_FORMS,NUMOCCS,DAY,MONTH,HOUR,MINUTE,HARM_EV,MAN_COLL,UNITTYPE,HIT_RUN,REG_STAT,OWNER,MAKE,MODEL,MAK_MOD,BODY_TYP,MOD_YEAR,VIN,VIN_1,VIN_2,VIN_3,VIN_4,VIN_5,VIN_6,VIN_7,VIN_8,VIN_9,VIN_10,VIN_11,VIN_12,TOW_VEH,VINTYPE,VINMAKE,VINA_MOD,VIN_BT,VINMODYR,VIN_LNGT,VIN_WGT,WGTCD_TR,WHLBS_LG,WHLBS_SH,SER_TR,FUELCODE,MCYCL_DS,CARBUR,CYLINDER,DISPLACE,MCYCL_CY,MCYCL_WT,TIRE_SZE,TON_RAT,TRK_WT,TRKWTVAR,VIN_REST,WHLDRWHL,J_KNIFE,MCARR_I1,MCARR_I2,MCARR_ID,GVWR,V_CONFIG,CARGO_BT,HAZ_INV,HAZ_PLAC,HAZ_ID,HAZ_CNO,HAZ_REL,BUS_USE,SPEC_USE,EMER_USE,TRAV_SP,UNDERIDE,ROLLOVER,ROLINLOC,IMPACT1,DEFORMED,TOWED,M_HARM,VEH_SC1,VEH_SC2,FIRE_EXP,DR_PRES,L_STATE,DR_ZIP,L_STATUS,L_TYPE,CDL_STAT,L_ENDORS,L_COMPL,L_RESTRI,DR_HGT,DR_WGT,PREV_ACC,PREV_SUS,PREV_DWI,PREV_SPD,PREV_OTH,FIRST_MO,FIRST_YR,LAST_MO,LAST_YR,SPEEDREL,DR_SF1,DR_SF2,DR_SF3,DR_SF4,VTRAFWAY,VNUM_LAN,VSPD_LIM,VALIGN,VPROFILE,VPAVETYP,VSURCOND,VTRAFCON,VTCONT_F,P_CRASH1,P_CRASH2,P_CRASH3,PCRASH4,PCRASH5,ACC_TYPE,DEATHS,DR_DRINK
47,470648,1,2,5,30,8,20,49,12,2,1,0,47,2,35,401,35401,14,2008,5N1AR18U28C6,5,N,1,A,R,1,8,U,2,8,C,6,0,P,NISS,PFI,UT,8,17,4427,,0,1122,,G,,F,6,244,,,16R245,,,,,,0,0,000000000,00000000000,0,0,0,1,0,0,0,0,0,0,0,998,0,0,0,12,6,2,12,0,0,0,1,47,37322,6,1,0,0,3,0,64,155,0,0,0,0,0,0,0,0,0,1,28,36,0,0,1,2,35,1,1,2,1,0,0,1,10,99,9,2,50,0,0
47,470648,2,2,1,30,8,20,49,12,2,1,0,47,1,49,40,49040,4,2012,4T4BF1FK0CR1,4,T,4,B,F,1,F,K,0,C,R,1,0,P,TOYT,CBA,4D,12,17,3190,,0,1093,,G,,F,4,152,,,16R205,,,,,,0,0,000000000,00000000000,0,0,0,1,0,0,0,0,0,0,0,998,0,1,5,12,6,2,12,0,0,0,1,47,37312,6,1,6,0,3,0,64,140,0,0,0,0,0,0,0,0,0,0,0,0,0,0,1,2,35,1,1,2,1,0,0,1,62,99,9,1,51,1,0
47,470649,1,3,1,24,9,3,41,12,1,1,0,93,3,84,881,84881,66,2007,2HSCNAPR97C3,2,H,S,C,N,A,P,R,9,7,C,3,1,T,INTL,94I,TR,7,17,,8,0,0,940,D,,,6,915,,,,,00000,00,,64,1,57,00640137,5700640137,3,6,3,1,0,0,0,0,0,0,0,998,1,0,0,12,6,2,8,0,0,0,1,47,37861,6,1,6,0,3,0,70,205,0,0,0,0,0,0,0,0,0,0,24,41,0,0,2,2,98,2,1,2,1,50,3,14,98,99,9,4,32,1,0
47,470649,2,3,0,24,9,3,41,12,1,1,0,21,3,84,881,84881,62,2007,1HTMMAAM07H3,1,H,T,M,M,A,A,M,0,7,H,3,0,T,INTL,430,CC,7,17,,6,0,0,40S,D,,,6,466,,,,,00000,00,,42,0,57,00971778,5700971778,2,1,96,1,0,0,0,0,0,0,0,0,0,1,5,6,6,2,12,0,0,0,0,0,99997,7,6,97,7,6,7,998,997,998,998,998,998,998,98,9998,98,9998,8,0,0,0,0,2,2,98,2,1,2,1,50,3,0,98,0,0,0,32,0,0
47,470649,3,3,1,24,9,3,41,12,1,1,0,47,3,12,16,12016,4,2008,2FAHP71V68X1,2,F,A,H,P,7,1,V,6,8,X,1,0,P,FORD,CVP,4D,8,17,0,,0,1146,,F,,F,8,281,,,17R235,,,,,,0,0,000000000,00000000000,0,0,0,1,0,0,0,0,0,0,0,0,0,0,0,6,6,2,12,0,0,0,1,47,37419,6,1,0,0,3,0,72,205,0,0,0,0,0,0,0,0,0,0,0,0,0,0,2,2,98,2,1,2,1,50,3,7,98,99,9,1,98,0,0
47,470650,1,2,1,9,9,15,27,12,6,1,0,47,3,12,870,12870,55,2000,1FDXE45S9YHB,1,F,D,X,E,4,5,S,9,Y,H,B,0,T,FORD,4DC,YY,0,17,,4,1760,1580,CTV,G,,,10,415,,,,,5624,05,M,42,0,88,888888888,88888888888,2,20,22,1,0,0,0,0,7,3,0,998,0,1,5,9,6,2,12,0,0,0,1,47,38060,6,1,6,1,3,1,65,135,0,0,0,0,0,0,0,0,0,0,0,0,0,0,1,2,55,1,1,2,1,0,0,1,62,7,9,1,65,0,0
47,470650,2,2,2,9,9,15,27,12,6,1,0,47,2,63,34,63034,4,2006,KNAGE1246650,K,N,A,G,E,1,2,4,6,6,5,0,0,P,KIA,OLE,4D,6,17,3281,,0,1063,,G,,F,6,162,,,16R205,,,,,,0,0,000000000,00000000000,0,0,0,1,0,0,0,0,0,0,0,998,0,0,0,11,6,2,12,0,0,0,1,47,38012,1,1,1,0,2,0,74,170,0,2,0,0,0,1,2012,1,2012,0,28,0,0,0,1,2,55,1,1,2,1,0,0,1,10,99,9,2,64,1,0
47,470651,1,1,2,9,9,11,15,1,0,1,0,18,1,72,706,72706,80,1995,1HD1FCR19SY6,1,H,D,1,F,C,R,1,9,S,Y,6,0,M,HD,FLU,RS,95,17,,,,,,,1340,,2,,4,999,,,,,,,0,0,000000000,00000000000,0,0,0,1,0,0,0,0,0,0,0,998,0,0,0,0,6,2,1,0,0,0,1,18,47122,6,1,0,0,3,0,73,225,0,0,0,0,0,0,0,0,0,0,0,0,0,0,1,2,55,3,6,2,1,0,0,14,13,6,2,6,98,1,0
47,470652,1,1,1,10,9,0,1,24,0,1,1,99,9,99,999,99999,99,9999,999999999999,9,9,9,9,9,9,9,9,9,9,9,9,9,,,,,,,,,,,,,,,,,,,,,,,,,0,99,999999999,99999999999,9,99,99,1,0,0,0,0,99,99,9,998,0,0,0,1,9,1,8,99,99,0,1,99,99999,9,9,99,9,9,9,999,999,99,99,99,99,99,99,9999,99,9999,0,99,99,99,99,5,4,40,1,2,2,1,0,0,1,13,99,9,4,1,0,0
47,470653,1,1,1,16,9,8,33,34,0,1,0,47,1,22,20,22020,4,1998,1G2WP5212WF3,1,G,2,W,P,5,2,1,2,W,F,3,0,P,PONT,GTP,4D,98,17,3414,,0,1105,,G,,Z,6,231,,,16R225,,,,,,0,0,000000000,00000000000,0,0,0,1,0,0,0,0,0,0,0,998,0,0,0,12,6,2,2,0,0,1,1,47,38367,2,1,0,0,2,0,68,180,0,0,0,0,1,4,2010,4,2010,0,0,0,0,0,1,2,45,3,6,2,1,0,0,14,13,1,1,4,1,1,1
47,470654,1,2,1,9,9,12,53,12,6,1,0,12,2,52,34,52034,4,2004,4A3AB76S64E0,4,A,3,A,B,7,6,S,6,4,E,0,0,P,MITS,MGT,4D,4,17,3649,,0,1083,,G,,F,6,231,,,17R215,,,,,,0,0,000000000,00000000000,0,0,0,1,0,0,0,0,0,0,0,998,0,0,0,12,6,2,12,0,0,0,1,47,37160,0,0,0,0,0,0,62,999,99,99,99,99,99,99,9999,99,9999,9,39,89,0,0,1,2,45,1,1,2,1,20,3,1,17,1,1,1,88,0,0
47,470654,2,2,2,9,9,12,53,12,6,1,0,47,1,12,442,12442,20,1995,2FMDA5141SBB,2,F,M,D,A,5,1,4,1,S,B,B,0,T,FORD,WWG,ES,95,17,,1,0,1207,WIN,G,,,6,232,,,,B,3720,00,E,42,0,0,000000000,00000000000,0,0,0,1,0,0,0,0,0,0,0,998,0,0,0,11,6,2,12,0,0,0,1,47,38468,6,1,0,0,3,1,70,176,0,0,0,0,0,0,0,0,0,0,0,0,0,0,3,2,65,1,1,2,1,0,0,1,66,1,1,1,89,1,0
47,470655,1,1,2,16,9,19,37,30,0,1,0,47,2,51,47,51047,4,2005,YV1RH5929524,Y,V,1,R,H,5,9,2,9,5,2,4,0,P,VOLV,S6A,4D,5,17,3603,,0,1070,,G,,T,5,153,,,16R205,,,,,,0,0,000000000,00000000000,0,0,0,1,0,0,0,0,0,0,0,998,0,0,0,9,6,2,30,0,0,0,1,47,37922,6,1,0,0,3,0,75,165,0,0,0,0,0,0,0,0,0,1,28,36,0,0,1,4,45,1,1,2,1,0,0,1,13,99,1,4,1,1,0
47,470656,1,1,1,8,9,14,7,1,0,1,0,47,1,37,706,37706,80,1998,1HFSC3904WA0,1,H,F,S,C,3,9,0,4,W,A,0,0,M,HOND,V3W,RS,98,17,,,,,,,1099,,2,,4,575,,,,,,,0,0,000000000,00000000000,0,0,0,1,0,0,0,0,0,0,0,998,0,0,0,0,6,2,1,0,0,0,1,47,37216,6,1,0,0,3,2,70,170,1,0,0,0,0,4,2012,4,2012,0,74,0,0,0,6,2,98,8,5,1,1,0,0,6,9,4,2,4,7,1,1
47,470657,1,1,1,20,9,16,5,35,0,1,0,28,1,22,20,22020,4,2004,2G2WS5225413,2,G,2,W,S,5,2,2,5,4,1,3,0,P,PONT,GP2,4D,4,17,3484,,0,1105,,G,,F,6,231,,,16R225,,,,,,0,0,000000000,00000000000,0,0,0,1,0,0,0,0,0,0,0,998,0,0,0,14,6,2,42,0,0,0,1,28,38626,6,1,0,0,3,0,68,200,0,0,0,0,0,0,0,0,0,0,6,0,0,0,2,2,65,1,1,2,1,0,0,1,13,1,1,4,1,1,1
47,470658,1,2,1,7,9,11,28,12,2,1,0,47,1,3,402,3402,14,2006,5GTDN1369681,5,G,T,D,N,1,3,6,9,6,8,1,0,T,HUMM,HH3,4W,6,17,,1,0,1119,HUM,G,,,5,214,,,,,4700,00,R,44,0,0,000000000,00000000000,0,0,0,1,0,0,0,0,0,0,0,998,0,0,0,12,6,2,12,0,0,0,1,47,37890,6,1,0,0,3,0,70,178,0,0,0,0,0,0,0,0,0,0,38,0,0,0,1,2,45,1,5,2,1,0,0,11,15,1,1,2,68,1,0
47,470658,2,2,1,7,9,11,28,12,2,1,0,47,1,20,481,20481,31,1997,1GCEK19W6VE2,1,G,C,E,K,1,9,W,6,V,E,2,0,T,CHEV,GK1,PC,97,17,,2,1555,1415,GM4,G,,,6,262,,,,B,4544,00,,44,0,0,000000000,00000000000,0,0,0,1,0,0,0,0,0,0,0,998,0,0,0,12,6,2,12,0,0,0,1,47,37727,6,1,6,0,3,1,66,216,0,0,0,1,0,1,2010,1,2010,0,24,0,0,0,1,2,45,1,6,2,1,0,0,1,62,7,1,1,69,0,0
47,470659,1,1,5,10,9,15,25,1,0,1,0,47,2,12,422,12422,15,1999,1FMPU18LXXLB,1,F,M,P,U,1,8,L,X,X,L,B,0,P,FORD,EPT,UT,99,17,5177,,0,1191,,G,,F,8,330,,,17R265,,,,,,0,0,000000000,00000000000,0,0,0,1,0,0,0,0,0,0,0,998,0,1,5,0,6,2,1,0,0,0,1,47,37760,6,1,0,0,3,1,67,205,0,0,0,0,0,0,0,0,0,0,58,0,0,0,2,2,55,1,1,2,1,0,0,1,13,9,3,4,2,2,0
47,470660,1,2,3,12,9,21,0,12,1,1,0,47,1,12,401,12401,14,1994,1FMDU32X1RUC,1,F,M,D,U,3,2,X,1,R,U,C,0,P,FORD,EPR,UT,94,17,3863,,0,1120,,G,,F,6,245,,,15R225,,,,,,0,0,000000000,00000000000,0,0,0,1,0,0,0,0,0,0,0,998,0,0,0,6,6,2,12,0,0,0,1,47,38305,6,1,0,0,3,1,63,125,0,1,0,0,0,10,2009,10,2009,0,99,99,99,99,2,2,55,1,1,2,1,0,0,1,53,99,9,1,25,0,0
47,470660,2,2,1,12,9,21,0,12,1,1,0,47,1,20,401,20401,14,1995,1GNCS13W4S21,1,G,N,C,S,1,3,W,4,S,2,1,0,P,CHEV,BZR,UT,95,17,3666,,0,1070,,G,,F,6,262,,,15R205,,,,,,0,0,000000000,00000000000,0,0,0,1,0,0,0,0,0,0,0,998,0,1,1,12,6,2,1,0,0,0,1,49,84120,6,1,6,0,3,0,70,204,98,0,0,0,0,0,0,0,0,0,99,99,99,99,2,2,55,1,1,2,1,0,0,1,51,99,9,1,24,1,1
47,470661,1,2,1,11,9,13,7,12,1,1,0,47,2,37,706,37706,80,1998,1HFSC3417WA1,1,H,F,S,C,3,4,1,7,W,A,1,0,M,HOND,GLC,RS,98,17,,,,,,,1520,,6,,4,682,,,,,,,0,0,000000000,00000000000,0,0,0,1,0,0,0,0,0,0,0,998,0,0,0,12,6,2,12,0,0,0,1,99,99999,9,9,99,9,9,9,999,999,99,99,99,99,99,99,9999,99,9999,1,99,99,99,99,1,2,45,1,1,2,1,0,0,1,52,99,9,1,28,1,0
47,470661,2,2,2,11,9,13,7,12,1,1,0,47,1,72,706,72706,80,1993,1HD1GDL17PY3,1,H,D,1,G,D,L,1,7,P,Y,3,0,M,HD,FDL,RS,93,17,,,,,,,1340,,2,,4,598,,,,,,,0,0,000000000,00000000000,0,0,0,1,0,0,0,0,0,0,0,998,0,0,0,6,6,2,12,0,0,0,1,47,37072,6,1,0,0,3,0,71,185,0,0,0,0,0,0,0,0,0,0,0,0,0,0,1,2,35,1,1,2,1,0,0,2,18,99,9,1,29,0,0
47,470662,1,2,1,15,9,20,20,12,2,1,0,47,2,12,481,12481,31,1997,1FTDX1860VKB,1,F,T,D,X,1,8,6,0,V,K,B,0,T,FORD,F15,3C,97,17,,1,1570,1390,COF,G,,,8,281,,,,B,4480,01,E,44,0,0,000000000,00000000000,0,0,0,1,0,0,0,0,0,0,0,998,0,0,0,12,6,2,12,0,0,0,1,47,37190,6,1,0,0,3,0,73,215,0,0,0,0,0,0,0,0,0,0,28,0,0,0,1,2,55,1,5,2,1,0,0,1,62,99,9,2,50,0,1
47,470662,2,2,1,15,9,20,20,12,2,1,0,47,1,63,34,63034,4,2002,KNAGD1267251,K,N,A,G,D,1,2,6,7,2,5,1,0,P,KIA,OLS,4D,2,17,3157,,0,1063,,G,,F,4,144,,,15R205,,,,,,0,0,000000000,00000000000,0,0,0,1,0,0,0,0,0,0,0,998,0,0,0,12,6,2,12,0,0,0,1,47,37110,6,1,0,0,3,1,60,105,1,0,0,0,0,7,2011,7,2011,0,0,0,0,0,1,2,55,1,6,2,1,0,0,1,10,99,9,1,51,1,0
47,470663,1,2,2,18,9,18,20,12,2,1,0,47,1,7,482,7482,31,1997,1B7KF26DXVJ5,1,B,7,K,F,2,6,D,X,V,J,5,0,T,DODG,250,PK,97,17,,2,0,1347,RPC,D,,,6,359,,,,C,4787,00,M,44,0,0,000000000,00000000000,0,0,0,1,0,0,0,0,0,0,0,998,0,1,1,12,6,2,12,0,0,0,1,47,38229,6,1,6,0,3,0,68,180,0,0,0,1,0,1,2010,1,2010,0,24,51,0,0,1,2,55,1,1,2,1,0,0,1,10,1,1,2,50,0,0
47,470663,2,2,1,18,9,18,20,12,2,1,0,47,1,35,43,35043,4,2005,3N1CB51D95L4,3,N,1,C,B,5,1,D,9,5,L,4,0,P,NISS,S18,4D,5,17,2387,,0,998,,G,,F,4,108,,,15R195,,,,,,0,0,000000000,00000000000,0,0,0,1,0,0,0,0,0,0,0,998,0,0,0,12,6,2,12,0,0,0,1,47,38230,6,1,0,0,3,1,62,100,0,0,0,0,0,0,0,0,0,0,0,0,0,0,1,2,55,1,1,2,1,0,0,1,62,1,1,1,51,1,0
47,470664,1,1,1,15,9,16,55,35,0,1,0,47,2,37,32,37032,4,2005,1HGCM56795A1,1,H,G,C,M,5,6,7,9,5,A,1,0,P,HOND,UEX,4D,5,17,3203,,0,1079,,G,,F,4,146,,,16R205,,,,,,0,0,000000000,00000000000,0,0,0,1,0,0,0,0,0,0,0,998,0,1,5,12,6,2,1,0,0,0,1,47,38343,6,1,0,0,3,0,61,140,0,0,0,0,0,0,0,0,0,0,0,0,0,0,1,2,55,1,1,2,2,0,0,1,12,99,9,4,6,1,0
47,470665,1,1,2,12,9,21,38,34,0,1,0,47,2,20,9,20009,2,1994,2G1FP22SXR21,2,G,1,F,P,2,2,S,X,R,2,1,0,P,CHEV,CAM,CP,94,17,3247,,0,1011,,G,,F,6,207,,,16R215,,,,,,0,0,000000000,00000000000,0,0,0,1,0,0,0,0,0,0,0,998,0,1,5,1,6,2,1,0,0,0,1,47,37397,1,1,1,0,2,0,69,160,0,0,0,0,0,0,0,0,0,1,6,36,0,0,1,2,35,2,6,2,1,0,0,14,13,99,9,4,1,1,1
47,470666,1,1,1,17,9,4,56,42,0,1,0,47,2,18,7,18007,4,2005,2G4WS52J9511,2,G,4,W,S,5,2,J,9,5,1,1,0,P,BUIC,CCU,4D,5,17,3342,,0,1090,,G,,F,6,189,,,15R205,,,,,,0,0,000000000,00000000000,0,0,0,1,0,0,0,0,0,0,0,998,0,0,0,11,6,2,42,0,0,0,1,47,38069,6,1,0,0,3,0,70,175,0,0,0,0,0,0,0,0,0,9,99,99,99,99,1,2,55,1,2,2,2,0,0,1,12,99,1,4,6,1,0
47,470667,1,1,1,27,9,0,45,30,0,1,0,47,1,24,1,24001,4,1995,1G8ZH5280SZ2,1,G,8,Z,H,5,2,8,0,S,Z,2,0,P,STRN,SL1,4D,95,17,2252,,0,1024,,G,,F,4,116,,,14R175,,,,,,0,0,000000000,00000000000,0,0,0,1,0,0,0,0,0,0,0,998,0,0,0,1,6,2,30,0,0,0,1,47,37864,6,1,0,0,3,0,69,174,0,0,0,0,0,0,0,0,0,0,58,0,0,0,1,2,45,2,1,2,1,0,0,14,9,7,9,4,2,1,0
47,470668,1,2,1,26,9,20,12,12,6,1,0,47,2,20,421,20421,15,2004,1GNEC13Z74R2,1,G,N,E,C,1,3,Z,7,4,R,2,0,P,CHEV,CTA,UT,4,17,4828,,0,1160,,F,,F,8,325,,,16R265,,,,,,0,0,000000000,00000000000,0,0,0,1,0,0,0,0,0,0,0,998,0,0,0,12,6,2,12,0,0,0,1,47,38017,6,1,0,0,3,0,70,140,0,1,0,2,0,1,2010,8,2011,0,51,0,0,0,5,4,40,1,1,2,1,0,0,1,10,99,1,2,64,0,1
47,470668,2,2,1,26,9,20,12,12,6,1,0,47,1,18,3,18003,4,2000,1G4CW52K7Y41,1,G,4,C,W,5,2,K,7,Y,4,1,0,P,BUIC,PKA,4D,0,17,3778,,0,1138,,G,,F,6,231,,,16R225,,,,,,0,0,000000000,00000000000,0,0,0,1,0,0,0,0,0,0,0,998,0,0,0,9,6,2,12,0,0,0,1,47,38016,6,1,0,0,3,0,72,170,0,0,0,0,0,0,0,0,0,0,0,0,0,0,5,4,40,1,1,2,1,0,0,1,62,99,1,1,65,1,0
47,470669,1,1,2,17,9,10,15,34,0,1,0,47,1,12,481,12481,31,2004,1FTRF04584KB,1,F,T,R,F,0,4,5,8,4,K,B,0,T,FORD,F15,PK,4,17,,2,1450,1260,COF,G,,,8,330,,,,B,5130,00,U,44,0,0,000000000,00000000000,0,0,0,1,0,0,0,0,0,0,0,998,0,1,5,12,6,2,34,0,0,0,1,47,38568,6,1,0,0,3,0,72,200,1,0,0,0,0,3,2010,3,2010,9,51,0,0,0,1,2,45,3,5,2,2,0,0,14,13,99,1,4,1,1,0
47,470670,1,1,1,18,9,20,0,32,0,1,0,47,1,37,31,37031,4,2008,2HGFA16868H3,2,H,G,F,A,1,6,8,6,8,H,3,0,P,HOND,UAX,4D,8,17,2806,,0,1063,,G,,F,4,110,,,16R205,,,,,,0,0,000000000,00000000000,0,0,0,1,0,0,0,0,0,0,0,998,0,0,0,12,6,2,30,0,0,0,1,47,37664,6,1,0,0,3,0,71,165,0,0,0,1,0,11,2010,11,2010,9,28,0,0,0,1,2,35,3,6,2,2,0,0,14,13,99,1,4,1,1,0
47,470671,1,1,1,14,9,9,54,30,0,1,0,47,1,20,32,20032,4,1987,1Y1SK5140HZ1,1,Y,1,S,K,5,1,4,0,H,Z,1,0,P,CHEV,TVX,4D,87,17,2206,,0,957,,G,,2,4,098,,,13R155,,,,,,0,0,000000000,00000000000,0,0,0,1,0,0,0,0,0,0,0,998,0,0,0,12,6,2,30,0,0,0,1,47,37190,6,1,0,0,3,9,74,240,1,0,0,0,0,7,2011,7,2011,9,99,99,99,99,1,2,30,1,1,2,1,0,0,1,13,1,1,4,1,1,0
47,470672,1,1,1,22,9,17,4,59,0,1,0,47,1,12,481,12481,31,1999,1FTRX17LXXNB,1,F,T,R,X,1,7,L,X,X,N,B,1,T,FORD,F15,4C,99,17,,2,1571,1385,COF,G,,,8,330,,,,B,00000,00,U,42,1,0,000000000,00000000000,0,0,0,1,0,0,0,0,0,0,0,998,0,0,0,12,6,2,42,0,0,0,1,47,37020,6,1,0,0,3,1,68,160,1,0,0,0,0,10,2009,10,2009,9,99,99,99,99,1,2,30,1,1,2,1,20,3,99,12,99,1,4,6,1,0
47,470673,1,1,1,26,9,22,0,24,0,1,0,47,1,53,705,53705,80,2007,JS1GR7KA7721,J,S,1,G,R,7,K,A,7,7,2,1,0,M,SUZI,SX7,RC,7,17,,,,,,,749,,4,,4,359,,,,,,,0,0,000000000,00000000000,0,0,0,1,0,0,0,0,0,0,0,998,0,0,0,12,6,2,24,0,0,0,1,47,37311,6,1,0,0,2,0,72,135,0,0,0,1,0,3,2011,3,2011,1,99,99,99,99,1,2,35,1,1,2,1,0,0,1,12,1,1,4,6,1,0
47,470674,1,1,2,28,9,23,45,1,0,1,0,47,1,23,471,23471,30,2000,1GTCS1458YK2,1,G,T,C,S,1,4,5,8,Y,K,2,0,T,GMC,SON,PK,0,17,,1,1179,1083,SON,F,,,4,133,,,,B,3031,01,U,42,0,0,000000000,00000000000,0,0,0,1,0,0,0,0,0,0,0,998,0,1,5,0,6,2,1,0,0,0,1,47,37180,6,1,0,0,3,0,71,190,0,0,0,0,0,0,0,0,0,1,51,58,0,0,1,2,45,2,2,2,1,0,0,14,6,9,1,4,1,1,1
47,470675,1,1,1,27,9,99,99,53,0,1,0,47,1,37,706,37706,80,2007,1HFSC47L77A6,1,H,F,S,C,4,7,L,7,7,A,6,0,M,HOND,GL8,RS,7,17,,,,,,,1832,,6,,4,860,,,,,,,0,0,000000000,00000000000,0,0,0,1,0,0,0,0,0,0,0,998,0,0,0,1,6,2,1,0,0,0,1,47,37110,6,1,0,0,3,0,69,195,1,0,0,0,1,5,2010,6,2010,0,0,0,0,0,2,2,55,3,1,2,1,0,0,14,13,1,1,4,1,1,1
47,470676,1,1,1,28,9,99,99,35,0,1,0,37,1,98,706,98706,80,2005,VBKMXM4375M4,V,B,K,M,X,M,4,3,7,5,M,4,0,U,,,,5,17,,,,,,,,,,,,,,,,,,,0,0,000000000,00000000000,0,0,0,1,0,0,0,0,0,0,0,998,0,0,0,12,6,2,35,0,0,0,1,37,28533,6,1,0,0,3,0,70,999,0,0,0,0,1,3,2011,3,2011,9,28,0,0,0,1,2,30,2,1,2,1,0,0,14,13,1,1,4,1,1,0
47,470677,1,2,1,26,9,12,50,12,1,1,0,51,1,53,706,53706,80,2003,JS1VS54A6321,J,S,1,V,S,5,4,A,6,3,2,1,0,M,SUZI,VL8,RS,3,17,,,,,,,805,,2,,4,531,,,,,,,0,0,000000000,00000000000,0,0,0,1,0,0,0,0,0,0,0,998,0,0,0,6,6,2,12,0,0,0,1,51,24244,6,1,0,0,3,0,74,225,0,0,0,0,0,0,0,0,0,0,84,0,0,0,1,2,45,1,1,2,1,0,0,2,50,1,9,1,29,0,0
47,470677,2,2,1,26,9,12,50,12,1,1,0,51,1,53,706,53706,80,2003,JS1VS54A5321,J,S,1,V,S,5,4,A,5,3,2,1,0,M,SUZI,VL8,RS,3,17,,,,,,,805,,2,,4,531,,,,,,,0,0,000000000,00000000000,0,0,0,1,0,0,0,0,0,0,0,998,0,0,0,12,6,2,12,0,0,0,1,51,24245,6,1,0,0,3,0,71,206,0,0,0,0,0,0,0,0,0,0,84,0,0,0,1,2,45,1,1,2,1,0,0,1,52,99,1,1,28,1,0
47,470678,1,1,2,17,9,16,34,1,0,1,0,4,1,72,706,72706,80,1991,1HD1DML19MY5,1,H,D,1,D,M,L,1,9,M,Y,5,0,M,HD,ULB,RS,91,17,,,,,,,1340,,2,,4,765,,,,,,,0,0,000000000,00000000000,0,0,0,1,0,0,0,0,0,0,0,998,0,0,0,0,6,2,5,0,0,0,1,4,86303,6,1,0,0,3,0,75,200,0,0,0,1,0,11,2009,11,2009,0,35,87,0,0,3,4,55,1,1,2,2,0,0,15,9,4,9,3,98,1,0
47,470679,1,1,1,4,10,3,37,30,0,1,0,47,2,12,401,12401,14,1997,1FMDU34E1VUB,1,F,M,D,U,3,4,E,1,V,U,B,0,P,FORD,EPR,UT,97,17,4166,,0,1115,,G,,F,6,245,,,15R225,,,,,,0,0,000000000,00000000000,0,0,0,1,0,0,0,0,0,0,0,998,0,1,5,9,6,2,1,0,0,0,1,47,37920,1,1,0,0,2,0,72,205,1,1,0,0,1,12,2009,9,2012,0,58,0,0,0,1,2,30,1,1,2,1,0,0,1,13,99,1,4,1,1,0
47,470680,1,1,2,29,9,3,5,30,0,1,1,47,1,12,481,12481,31,1999,1FTRX18W9XNB,1,F,T,R,X,1,8,W,9,X,N,B,0,T,FORD,F15,4C,99,17,,2,1574,1388,COF,G,,,8,281,,,,B,00000,00,U,44,0,0,000000000,00000000000,0,0,0,1,0,0,0,0,0,0,0,998,0,0,0,1,6,2,30,0,0,0,1,47,37865,6,1,0,0,3,0,71,265,0,0,0,0,0,0,0,0,0,9,6,24,28,91,1,2,55,3,5,2,1,0,0,14,13,1,1,4,1,1,1
47,470681,1,2,1,25,9,5,45,12,2,1,0,47,3,86,881,86881,63,2000,1M2P267C8YM0,1,M,2,P,2,6,7,C,8,Y,M,0,0,T,MACK,RD6,CC,0,17,,8,0,0,600,D,,,6,728,,,,,00000,00,,64,0,57,687437,57687437,3,2,7,1,0,0,0,0,0,0,0,998,0,0,0,12,6,2,12,0,0,0,1,47,37385,6,1,6,0,3,0,68,220,0,0,0,0,0,0,0,0,0,0,24,0,0,0,1,2,45,2,1,2,1,0,0,14,62,99,9,1,51,0,0
47,470681,2,2,1,25,9,5,45,12,2,1,0,47,2,14,20,14020,4,2005,1MEFM42135G6,1,M,E,F,M,4,2,1,3,5,G,6,0,P,MERC,PRM,4D,5,17,3650,,0,1129,,G,,F,6,183,,,18R225,,,,,,0,0,000000000,00000000000,0,0,0,1,0,0,0,0,0,0,0,998,0,0,0,12,6,2,12,0,0,0,1,47,37885,6,1,0,0,3,1,64,145,0,0,0,0,0,0,0,0,0,0,28,0,0,0,1,2,45,3,1,2,1,0,0,14,10,99,9,2,50,1,0
47,470683,1,2,1,1,10,9,19,12,6,1,0,47,1,12,481,12481,31,2001,1FTNF20S71EB,1,F,T,N,F,2,0,S,7,1,E,B,0,T,FORD,F2S,PK,1,17,,2,0,1370,SRW,G,,,10,415,,,,C,4956,07,U,42,0,0,000000000,00000000000,0,0,0,1,0,0,0,0,0,0,0,998,0,0,0,1,6,2,12,0,0,0,1,47,38112,6,1,0,0,3,0,70,180,1,0,0,0,0,9,2012,9,2012,0,38,0,0,0,5,4,45,1,1,2,2,0,0,98,19,99,9,1,88,1,0