STATE,ST_CASE,VEH_NO,VE_FORMS,NUMOCCS,DAY,MONTH,HOUR,MINUTE,HARM_EV,MAN_COLL,UNITTYPE,HIT_RUN,REG_STAT,OWNER,MAKE,MODEL,MAK_MOD,BODY_TYP,MOD_YEAR,VIN,VIN_1,VIN_2,VIN_3,VIN_4,VIN_5,VIN_6,VIN_7,VIN_8,VIN_9,VIN_10,VIN_11,VIN_12,TOW_VEH,VINTYPE,VINMAKE,VINA_MOD,VIN_BT,VINMODYR,VIN_LNGT,VIN_WGT,WGTCD_TR,WHLBS_LG,WHLBS_SH,SER_TR,FUELCODE,MCYCL_DS,CARBUR,CYLINDER,DISPLACE,MCYCL_CY,MCYCL_WT,TIRE_SZE,TON_RAT,TRK_WT,TRKWTVAR,VIN_REST,WHLDRWHL,J_KNIFE,MCARR_I1,MCARR_I2,MCARR_ID,GVWR,V_CONFIG,CARGO_BT,HAZ_INV,HAZ_PLAC,HAZ_ID,HAZ_CNO,HAZ_REL,BUS_USE,SPEC_USE,EMER_USE,TRAV_SP,UNDERIDE,ROLLOVER,ROLINLOC,IMPACT1,DEFORMED,TOWED,M_HARM,VEH_SC1,VEH_SC2,FIRE_EXP,DR_PRES,L_STATE,DR_ZIP,L_STATUS,L_TYPE,CDL_STAT,L_ENDORS,L_COMPL,L_RESTRI,DR_HGT,DR_WGT,PREV_ACC,PREV_SUS,PREV_DWI,PREV_SPD,PREV_OTH,FIRST_MO,FIRST_YR,LAST_MO,LAST_YR,SPEEDREL,DR_SF1,DR_SF2,DR_SF3,DR_SF4,VTRAFWAY,VNUM_LAN,VSPD_LIM,VALIGN,VPROFILE,VPAVETYP,VSURCOND,VTRAFCON,VTCONT_F,P_CRASH1,P_CRASH2,P_CRASH3,PCRASH4,PCRASH5,ACC_TYPE,DEATHS,DR_DRINK
47,470683,2,2,3,1,10,9,19,12,6,1,0,47,3,20,881,20881,62,2007,1GBJ6E1C27F4,1,G,B,J,6,E,1,C,2,7,F,4,5,T,CHEV,C6E,CH,7,17,,6,2600,1940,C65,D,,,6,439,,,,,00000,00,,42,1,57,1694330,571694330,2,1,12,1,0,0,0,0,0,0,0,998,0,0,0,11,6,2,12,0,0,0,1,47,38012,6,1,0,0,3,1,71,162,0,0,0,0,0,0,0,0,0,0,0,0,0,0,5,4,45,1,1,2,2,0,0,1,68,7,1,1,89,0,0
47,470684,1,2,1,14,9,19,12,12,2,1,0,47,1,37,31,37031,2,2008,2HGFG12898H5,2,H,G,F,G,1,2,8,9,8,H,5,0,P,HOND,UAX,CP,8,17,2769,,0,1043,,G,,F,4,110,,,16R205,,,,,,0,0,000000000,00000000000,0,0,0,1,0,0,0,0,0,0,0,998,0,0,0,12,6,2,12,0,0,0,1,47,38134,6,1,0,0,3,1,66,175,0,0,0,0,0,0,0,0,0,0,28,81,0,0,1,2,55,1,1,2,1,0,0,1,90,6,1,2,50,1,0
47,470684,2,2,1,14,9,19,12,12,2,1,0,47,1,20,482,20482,31,2002,3GNEK13T62G2,3,G,N,E,K,1,3,T,6,2,G,2,0,T,CHEV,KAV,CW,2,17,,2,0,1300,AVL,G,,,8,325,,,,B,5652,00,,44,0,0,000000000,00000000000,0,0,0,1,0,0,0,0,0,0,0,998,0,0,0,12,6,2,12,0,0,0,1,47,38053,6,1,0,0,3,0,70,220,0,0,0,0,0,0,0,0,0,0,0,0,0,0,1,2,55,1,1,2,1,0,0,1,62,6,1,1,51,0,0
47,470685,1,1,1,21,9,7,19,42,0,1,0,47,1,13,1,13001,4,2000,1LNHM82W4YY9,1,L,N,H,M,8,2,W,4,Y,Y,9,0,P,LINC,SIG,4D,0,17,4075,,0,1177,,G,,F,8,281,,,16R225,,,,,,0,0,000000000,00000000000,0,0,0,1,0,0,0,0,0,0,0,998,0,0,0,12,6,2,42,0,0,0,1,47,38242,6,1,0,0,3,1,64,150,0,0,0,0,0,0,0,0,0,0,99,99,99,99,1,2,55,1,1,2,1,0,0,1,13,99,9,4,1,1,0
47,470686,1,1,1,28,9,99,99,42,0,1,0,47,1,76,706,76706,80,2011,JYARN27E8BA0,J,Y,A,R,N,2,7,E,8,B,A,0,0,M,YAMA,FZ8,RC,11,17,,,,,,,779,,4,,4,467,,,,,,,0,0,000000000,00000000000,0,0,0,1,0,0,0,0,0,0,0,998,0,0,0,1,6,2,42,0,0,0,1,47,37110,6,1,0,0,3,0,71,155,0,0,0,1,0,10,2011,10,2011,0,0,0,0,0,1,2,55,3,1,2,1,0,0,14,13,99,9,4,1,1,0
47,470687,1,1,1,29,9,18,20,7,0,1,0,47,1,72,706,72706,80,2008,1HD1FC4108Y6,1,H,D,1,F,C,4,1,0,8,Y,6,0,M,HD,FLU,RS,8,17,,,,,,,1584,,2,,4,851,,,,,,,0,0,000000000,00000000000,0,0,0,1,0,0,0,0,0,0,0,998,0,0,0,0,6,2,7,0,0,0,1,47,37129,6,1,0,0,3,1,71,170,0,0,0,0,0,0,0,0,0,1,0,0,0,0,6,1,45,2,1,1,1,0,0,14,98,99,9,4,0,1,0
47,470688,1,2,3,1,10,8,52,12,2,1,0,47,2,12,33,12033,3,1989,KNJBT07H7K61,K,N,J,B,T,0,7,H,7,K,6,1,0,P,FORD,FLX,2H,89,17,1750,,0,902,,G,,F,4,079,,,000000,,,,,,0,0,000000000,00000000000,0,0,0,1,0,0,0,0,0,0,0,998,0,0,0,12,6,2,12,0,0,0,1,47,37869,6,1,0,0,3,1,74,195,0,0,0,0,0,0,0,0,0,0,0,0,0,0,1,2,50,1,1,2,1,0,0,1,62,99,9,1,51,2,0
47,470688,2,2,1,1,10,8,52,12,2,1,0,47,2,12,17,12017,4,2004,1FAFP55S84A2,1,F,A,F,P,5,5,S,8,4,A,2,0,P,FORD,TSS,4D,4,17,3306,,0,1085,,G,,F,6,182,,,16R215,,,,,,0,0,000000000,00000000000,0,0,0,1,0,0,0,0,0,0,0,998,0,0,0,12,6,2,12,0,0,0,1,47,37881,6,1,0,0,3,0,74,185,0,0,0,1,0,6,2012,6,2012,0,4,28,0,0,1,2,50,1,1,2,1,0,0,1,10,99,9,2,50,0,0
47,470689,1,1,2,2,10,15,10,35,0,1,0,47,2,2,404,2404,14,1998,1J4GZ58S1WC2,1,J,4,G,Z,5,8,S,1,W,C,2,0,T,JEEP,LRT,4W,98,17,,1,0,1059,GCK,G,,,6,242,,,,,3708,01,E,44,0,0,000000000,00000000000,0,0,0,1,0,0,0,0,0,0,0,998,0,0,0,12,6,2,42,0,0,0,1,47,38257,2,1,2,0,2,0,70,200,0,0,0,0,0,0,0,0,0,0,4,6,36,0,1,2,55,1,6,2,1,0,0,1,12,99,9,4,6,1,0
47,470690,1,1,1,4,10,2,38,34,0,1,0,47,2,20,402,20402,14,2001,2CNBJ6349169,2,C,N,B,J,6,3,4,9,1,6,9,0,P,CHEV,TKR,UT,1,17,2987,,0,976,,G,,F,6,152,,,15R215,,,,,,0,0,000000000,00000000000,0,0,0,1,0,0,0,0,0,0,0,998,0,1,5,11,6,2,42,0,0,0,1,47,38457,6,1,0,0,3,0,72,165,0,0,0,0,0,0,0,0,0,0,28,58,0,0,1,2,55,2,1,2,1,0,0,14,8,7,3,4,2,1,0
47,470691,1,2,1,27,9,19,0,12,2,1,0,47,1,20,403,20403,14,2006,1GNDT13S8623,1,G,N,D,T,1,3,S,8,6,2,3,0,P,CHEV,TRL,UT,6,17,4594,,0,1130,,G,,F,6,256,,,16R235,,,,,,0,0,000000000,00000000000,0,0,0,1,0,0,0,0,0,0,0,998,0,0,0,12,6,2,12,0,0,0,1,47,38562,6,1,0,0,3,3,69,140,0,0,0,1,0,7,2012,7,2012,0,0,0,0,0,1,2,45,1,2,2,1,0,0,1,62,99,1,1,51,0,0
47,470691,2,2,1,27,9,19,0,12,2,1,0,47,1,37,31,37031,2,1997,1HGEJ7223VL1,1,H,G,E,J,7,2,2,3,V,L,1,0,P,HOND,UCH,CP,97,17,2337,,0,1032,,G,,F,4,097,,,14R185,,,,,,0,0,000000000,00000000000,0,0,0,1,0,0,0,0,0,0,0,998,0,0,0,12,6,2,12,0,0,0,1,47,38501,6,1,0,0,3,0,70,150,0,0,0,0,0,0,0,0,0,9,28,0,0,0,1,2,45,1,2,2,1,0,0,1,10,99,1,2,50,1,0
47,470692,1,1,1,2,10,21,24,1,0,1,0,47,1,35,471,35471,30,1995,1N6HD16YXSC3,1,N,6,H,D,1,6,Y,X,S,C,3,0,T,NISS,KSX,PC,95,17,,1,0,1161,TRK,G,,,6,181,,,,B,3771,01,A,44,0,0,000000000,00000000000,0,0,0,1,0,0,0,0,0,0,0,998,0,1,6,0,6,2,1,0,0,0,1,47,37137,2,1,0,0,2,3,72,140,0,0,0,0,0,0,0,0,0,9,6,28,58,0,1,2,45,3,5,2,1,0,0,14,12,99,1,4,6,1,1
47,470693,1,1,1,3,10,99,99,42,0,1,0,47,1,12,422,12422,15,2001,1FMRU15W31LB,1,F,M,R,U,1,5,W,3,1,L,B,0,P,FORD,EPT,UT,1,17,4886,,0,1191,,G,,F,8,281,,,16R255,,,,,,0,0,000000000,00000000000,0,0,0,1,0,0,0,0,0,0,0,998,0,0,0,11,6,2,42,0,0,0,1,47,38358,6,1,0,0,3,1,70,160,0,1,1,0,0,9,2010,9,2010,9,51,0,0,0,1,2,55,2,2,2,1,0,0,14,12,99,1,4,6,1,1
47,470694,1,2,1,6,10,16,30,12,6,1,0,47,2,7,20,7020,4,2005,1B3ES56CX5D2,1,B,3,E,S,5,6,C,X,5,D,2,0,P,DODG,NXT,4D,5,17,2634,,0,1040,,G,,F,4,122,,,15R185,,,,,,0,0,000000000,00000000000,0,0,0,1,0,0,0,0,0,0,0,998,0,0,0,11,6,2,12,0,0,1,1,47,38139,6,2,0,0,3,1,66,157,0,0,0,0,0,0,0,0,0,0,39,0,0,0,1,2,30,1,1,2,2,20,3,11,15,1,1,1,82,1,0
47,470694,2,2,3,6,10,16,30,12,6,1,0,5,1,12,481,12481,31,2011,1FTFW1EF6BFD,1,F,T,F,W,1,E,F,6,B,F,D,0,T,FORD,F1S,CW,11,17,,2,1570,1450,COF,F,,,8,305,,,,B,5577,01,7,44,0,0,000000000,00000000000,0,0,0,1,0,0,0,0,0,0,0,998,0,0,0,12,6,2,12,0,0,0,1,5,72396,6,1,0,0,3,0,76,210,1,0,0,1,0,12,2010,7,2012,9,0,0,0,0,3,2,40,1,2,2,2,0,0,1,66,1,1,1,83,0,0
47,470695,1,2,1,8,10,11,25,12,6,1,0,47,1,20,481,20481,31,2006,3GCEC14X16G1,3,G,C,E,C,1,4,X,1,6,G,1,0,T,CHEV,SC1,PK,6,17,,2,1330,1190,SIL,G,,,6,262,,,,B,4211,00,,42,0,0,000000000,00000000000,0,0,0,1,0,0,0,0,0,0,0,998,0,0,0,12,6,2,12,0,0,0,1,47,37330,6,1,6,0,3,1,70,185,0,0,0,0,0,0,0,0,0,9,0,0,0,0,3,2,65,1,1,2,1,0,0,1,66,1,1,1,88,0,0
47,470695,2,2,2,8,10,11,25,12,6,1,0,47,2,20,39,20039,4,2004,KL1TJ52664B1,K,L,1,T,J,5,2,6,6,4,B,1,0,P,CHEV,ALS,4D,4,17,2354,,0,976,,G,,F,4,098,,,14R185,,,,,,0,0,000000000,00000000000,0,0,0,1,0,0,0,0,0,0,0,998,0,0,0,9,6,2,12,0,0,0,1,47,37398,0,0,0,0,0,0,999,999,99,99,99,99,99,99,9999,99,9999,0,39,0,0,0,2,4,45,1,1,2,1,20,3,4,17,1,1,1,89,1,0
47,470696,1,2,1,5,10,14,34,12,1,1,0,13,1,37,709,37709,80,2011,MLHJF2803B50,M,L,H,J,F,2,8,0,3,B,5,0,0,M,HOND,PCX,MS,11,17,,,,,,,125,,1,,4,280,,,,,,,0,0,000000000,00000000000,0,0,0,1,0,0,0,0,0,0,0,998,0,0,0,12,6,2,12,0,0,0,1,13,30171,6,1,0,0,2,1,70,215,98,0,0,0,1,9,2011,9,2011,9,26,0,0,0,1,2,45,1,1,2,1,0,0,1,50,1,1,1,20,1,0
47,470696,2,2,1,5,10,14,34,12,1,1,0,47,1,7,442,7442,20,2010,2D4RN5D10AR3,2,D,4,R,N,5,D,1,0,A,R,3,0,P,DODG,CAR,SV,10,17,4483,,0,1212,,G,,F,6,232,,,16R225,,,,,,0,0,000000000,00000000000,0,0,0,1,0,0,0,0,0,0,0,0,0,0,0,6,4,1,12,0,0,0,1,47,37312,6,1,0,0,3,9,59,167,1,0,0,0,0,2,2010,2,2010,0,0,0,0,0,1,2,45,1,1,2,1,1,3,5,53,1,1,1,21,0,0
47,470697,1,1,1,11,10,13,17,8,0,1,0,47,3,85,881,85881,63,2004,1NKWXBTX64J0,1,N,K,W,X,B,T,X,6,4,J,0,0,T,KW,W90,CC,4,17,,8,2850,1600,CON,D,,,6,893,,,,,00000,00,,,0,57,00685475,5700685475,3,2,4,1,0,0,0,0,0,0,0,998,0,0,0,12,2,3,8,0,0,0,1,47,37620,6,1,6,0,3,0,71,235,0,0,0,0,0,0,0,0,0,0,24,0,0,0,5,4,35,1,1,2,1,2,3,11,80,99,9,1,13,0,0
47,470698,1,2,2,5,7,13,30,12,2,1,0,47,2,63,401,63401,14,2000,KNDJB7233Y56,K,N,D,J,B,7,2,3,3,Y,5,6,0,P,KIA,SPO,UT,0,17,3186,,0,1043,,G,,F,4,122,,,15R205,,,,,,0,0,000000000,00000000000,0,0,0,1,0,0,0,0,0,0,0,998,0,0,0,12,6,2,12,0,0,0,1,47,37217,6,1,0,0,3,0,72,190,4,0,0,0,1,9,2009,1,2012,9,0,0,0,0,1,4,45,1,1,2,1,0,0,1,62,1,1,1,51,1,0
47,470698,2,2,1,5,7,13,30,12,2,1,0,47,1,58,33,58033,4,1999,JNKCP11A4XT0,J,N,K,C,P,1,1,A,4,X,T,0,0,P,INFI,G20,4D,99,17,2816,,0,1024,,G,,F,4,122,,,15R195,,,,,,0,0,000000000,00000000000,0,0,0,1,0,0,0,0,0,0,0,998,0,0,0,12,6,2,12,0,0,0,1,47,37217,6,1,0,0,3,9,69,190,0,0,0,0,0,0,0,0,0,9,51,0,0,0,1,4,45,1,1,2,1,0,0,98,10,1,1,2,50,0,0
47,470699,1,1,1,28,9,19,46,35,0,1,0,47,1,12,471,12471,30,2005,1FTYR10U85PA,1,F,T,Y,R,1,0,U,8,5,P,A,0,T,FORD,RNG,PK,5,17,,1,1175,1116,RNG,G,,,6,182,,,,B,3010,00,U,42,0,0,000000000,00000000000,0,0,0,1,0,0,0,0,0,0,0,998,0,1,5,12,6,2,1,0,0,0,1,47,37037,6,1,0,0,3,1,71,215,0,0,0,0,0,0,0,0,0,9,99,99,99,99,1,2,45,1,1,2,1,0,0,1,14,99,1,4,14,1,0
47,470700,1,1,1,13,10,15,44,34,0,1,0,47,2,72,706,72706,80,2007,1HD1CT3187K4,1,H,D,1,C,T,3,1,8,7,K,4,0,M,HD,20C,RS,7,17,,,,,,,1199,,2,,4,562,,,,,,,0,0,000000000,00000000000,0,0,0,1,0,0,0,0,0,0,0,998,0,0,0,12,6,2,34,0,0,0,1,47,38571,6,1,0,0,3,1,72,214,0,0,0,0,0,0,0,0,0,9,99,99,99,99,1,2,30,3,2,2,1,0,0,14,13,99,1,4,1,1,1
47,470701,1,1,1,13,10,4,15,33,0,1,0,47,1,35,47,35047,4,2003,1N4AL11D13C1,1,N,4,A,L,1,1,D,1,3,C,1,0,P,NISS,ABS,4D,3,17,2913,,0,1102,,G,,F,4,153,,,16R205,,,,,,0,0,000000000,00000000000,0,0,0,1,0,0,0,0,0,0,0,998,0,0,0,12,6,2,30,0,0,0,1,47,38116,6,1,0,0,3,0,67,140,2,0,0,0,0,12,2011,2,2012,9,99,99,99,99,1,2,30,1,1,2,1,0,0,1,12,99,1,4,6,1,0
47,470702,1,1,2,6,10,15,35,42,0,1,0,47,1,19,18,19018,4,2003,1G6DM57N0301,1,G,6,D,M,5,7,N,0,3,0,1,0,P,CADI,C/T,4D,3,17,3509,,0,1134,,G,,F,6,194,,,16R225,,,,,,0,0,000000000,00000000000,0,0,0,1,0,0,0,0,0,0,0,998,0,0,0,5,6,2,42,0,0,0,1,47,37762,6,1,0,0,3,0,66,230,0,0,0,1,0,10,2009,10,2009,9,99,99,99,99,1,2,30,3,5,2,1,0,0,14,13,99,1,4,1,2,1
47,470703,1,1,1,14,10,16,30,32,0,1,0,47,1,35,481,35481,31,2011,1N6BA0ED2BN3,1,N,6,B,A,0,E,D,2,B,N,3,0,T,NISS,SLP,CW,11,17,,2,0,1398,TTN,F,,,8,342,,,,B,5038,00,4,42,0,0,000000000,00000000000,0,0,0,1,0,0,0,0,0,0,0,998,0,1,5,12,6,2,1,0,0,0,1,47,37010,6,1,0,0,3,1,71,265,0,0,0,0,0,0,0,0,0,9,99,99,99,99,1,2,55,1,6,2,1,0,0,1,13,99,1,4,1,1,1
47,470704,1,1,1,13,10,18,35,34,0,1,0,47,1,72,706,72706,80,2012,1HD4LE213CC4,1,H,D,4,L,E,2,1,3,C,C,4,0,M,HD,X8N,RS,12,17,,,,,,,883,,2,,4,548,,,,,,,0,0,000000000,00000000000,0,0,0,1,0,0,0,0,0,0,0,998,0,0,0,11,6,2,32,0,0,0,1,47,37379,6,1,0,0,2,9,70,180,0,0,0,0,0,0,0,0,0,9,99,99,99,99,1,2,40,2,6,2,1,0,0,14,12,99,1,4,6,1,0
47,470705,1,2,2,10,10,18,25,12,2,1,0,47,2,23,471,23471,30,2002,1GKDT13S5222,1,G,K,D,T,1,3,S,5,2,2,2,0,T,GMC,ENV,4W,2,17,,1,0,1130,ENV,G,,,6,256,,,,B,4628,00,K,44,0,0,000000000,00000000000,0,0,0,1,0,0,0,0,0,0,0,998,0,0,0,12,6,2,12,0,0,0,1,47,38468,6,2,0,0,3,2,69,152,0,0,0,0,0,0,0,0,0,0,28,73,0,0,1,2,45,2,1,2,1,0,0,14,10,99,2,2,50,2,0
47,470705,2,2,1,10,10,18,25,12,2,1,0,47,2,82,881,82881,62,2003,1FVACWCS53HL,1,F,V,A,C,W,C,S,5,3,H,L,0,T,FRHT,16M,CC,3,17,,6,0,0,FM2,D,,,6,391,,,,,00000,00,,42,0,57,02291850,5702291850,2,1,97,1,0,0,0,0,0,0,0,998,0,0,0,12,6,2,12,0,0,0,1,47,38468,6,1,0,0,3,0,73,210,0,0,0,0,0,0,0,0,0,0,0,0,0,0,1,2,45,1,1,2,1,0,0,1,62,99,9,1,51,0,0
47,470706,1,1,1,13,8,21,32,1,0,1,0,47,1,73,706,73706,80,1999,JKAZRBC16XA0,J,K,A,Z,R,B,C,1,6,X,A,0,0,M,KAWK,Z0C,RS,99,17,,,,,,,1100,,4,,4,490,,,,,,,0,0,000000000,00000000000,0,0,0,1,0,0,0,0,0,0,0,998,0,0,0,0,6,2,30,0,0,0,1,47,37221,6,1,0,0,2,0,72,210,1,1,1,0,0,6,2010,8,2011,1,36,52,0,0,1,2,35,3,1,2,1,0,0,14,6,99,2,4,2,1,0
47,470707,1,3,2,10,10,7,34,12,7,1,0,1,3,84,881,84881,66,2005,2HSCKSCR85C0,2,H,S,C,K,S,C,R,8,5,C,0,1,T,INTL,99X,TR,5,17,,8,0,0,990,D,,,6,928,,,,,00000,00,,64,1,57,00360777,5700360777,3,6,3,1,0,0,0,0,0,0,0,998,0,0,0,7,4,1,12,0,0,0,1,1,35582,6,1,6,0,3,1,69,211,0,0,0,0,0,0,0,0,0,0,24,0,0,0,5,4,55,1,1,2,1,0,0,1,61,99,9,1,45,0,0
47,470707,2,3,1,10,10,7,34,12,7,1,0,47,1,20,402,20402,14,1996,2CNBE1861T69,2,C,N,B,E,1,8,6,1,T,6,9,0,P,GEO,GEO,UT,96,17,2246,,0,866,,G,,F,4,097,,,15R195,,,,,,0,0,000000000,00000000000,0,0,0,1,0,0,0,0,0,0,0,998,0,0,0,1,6,2,12,0,0,1,1,47,38375,1,1,1,0,2,0,68,165,4,1,0,2,1,1,2010,9,2012,0,0,0,0,0,5,4,55,1,1,2,1,0,0,1,11,99,9,2,44,1,0
47,470707,3,3,1,10,10,7,34,12,7,1,0,28,3,86,881,86881,66,1999,1M2AA18YXXW1,1,M,2,A,A,1,8,Y,X,X,W,1,1,T,MACK,CH6,TR,99,17,,8,0,0,600,D,,,6,728,,,,,00000,00,,64,1,57,00653953,5700653953,3,6,3,1,0,0,0,0,0,0,0,998,0,0,0,12,6,2,12,0,0,0,1,28,38834,6,1,6,0,3,0,69,195,0,0,0,0,0,0,0,0,0,0,24,0,0,0,5,4,55,1,1,2,1,0,0,1,54,99,9,1,98,0,0
47,470708,1,1,1,13,10,15,5,42,0,1,0,47,1,63,402,63402,14,2003,KNDJD7338351,K,N,D,J,D,7,3,3,8,3,5,1,0,P,KIA,SOR,UT,3,17,4057,,0,1067,,G,,F,6,213,,,16R245,,,,,,0,0,000000000,00000000000,0,0,0,1,0,0,0,0,0,0,0,998,0,0,0,3,6,2,42,0,0,0,1,47,37763,6,1,0,0,3,0,67,125,3,0,0,1,0,1,2010,5,2012,1,28,58,0,0,1,2,55,3,1,2,1,0,0,14,13,99,4,4,1,1,0
47,470709,1,1,1,15,10,21,20,8,0,1,0,47,3,20,461,20461,21,2001,1GCGG29R1111,1,G,C,G,G,2,9,R,1,1,1,1,0,T,CHEV,E25,EC,1,17,,2,0,1550,EXP,G,,,8,350,,,,C,5052,00,,42,0,0,000000000,00000000000,0,0,0,1,0,0,0,0,0,0,0,998,0,0,0,12,6,2,8,0,0,0,1,47,37876,6,1,0,0,3,0,63,155,0,0,0,0,0,0,0,0,0,9,0,0,0,0,1,2,55,1,1,2,1,0,0,1,80,1,1,1,13,0,0
47,470710,1,2,1,11,10,15,40,12,6,1,0,47,2,73,706,73706,80,2011,JKBZGNC1XBA0,J,K,B,Z,G,N,C,1,X,B,A,0,0,M,KAWK,ZC4,RS,11,17,,,,,,,1352,,4,,4,679,,,,,,,0,0,000000000,00000000000,0,0,0,1,0,0,0,0,0,0,0,998,0,0,0,12,6,2,12,0,0,0,1,47,37849,6,7,0,0,3,1,70,165,0,0,0,0,0,0,0,0,0,1,35,52,0,0,1,2,40,1,2,2,1,0,0,6,98,1,1,2,98,1,0
47,470710,2,2,1,11,10,15,40,12,6,1,0,47,1,12,401,12401,14,2002,1FMYU60E32UC,1,F,M,Y,U,6,0,E,3,2,U,C,0,P,FORD,EPR,UT,2,17,3860,,0,1018,,G,,F,6,245,,,16R235,,,,,,0,0,000000000,00000000000,0,0,0,1,0,0,0,0,0,0,0,998,0,0,0,9,6,2,12,0,0,0,1,47,37931,6,1,0,0,3,0,74,202,0,0,0,0,0,0,0,0,0,0,0,0,0,0,1,2,40,1,2,2,1,0,0,11,98,1,1,2,98,0,0
47,470711,1,1,1,10,10,2,30,42,0,1,0,47,1,20,481,20481,31,2007,2GCEK13M6715,2,G,C,E,K,1,3,M,6,7,1,5,0,T,CHEV,1KW,CW,7,17,,2,0,1435,SIL,G,,,8,323,,,,B,5371,00,,44,0,0,000000000,00000000000,0,0,0,1,0,0,0,0,0,0,0,998,0,0,0,12,6,2,42,0,0,0,1,47,38001,6,1,0,0,3,0,68,180,0,0,0,1,0,8,2012,8,2012,0,28,0,0,0,1,2,55,3,1,2,1,0,0,14,13,7,2,4,2,1,0
47,470712,1,1,3,11,10,0,28,42,0,1,0,47,1,35,47,35047,4,2009,1N4AL21EX9C1,1,N,4,A,L,2,1,E,X,9,C,1,0,P,NISS,ATS,4D,9,17,3179,,0,1093,,G,,F,4,153,,,16R215,,,,,,0,0,000000000,00000000000,0,0,0,1,0,0,0,0,0,0,0,998,0,1,5,5,6,2,1,0,0,0,1,47,38464,6,1,0,0,3,0,70,200,0,0,0,0,0,0,0,0,0,0,28,0,0,0,1,2,45,2,6,2,1,0,0,14,12,99,2,4,7,2,1
47,470713,1,2,1,13,10,11,50,12,2,1,0,47,2,23,481,23481,31,1999,1GTEC14V8XE5,1,G,T,E,C,1,4,V,8,X,E,5,0,T,GMC,NC1,PK,99,17,,2,1330,1190,SIE,G,,,8,293,,,,B,3887,00,U,42,0,0,000000000,00000000000,0,0,0,1,0,0,0,0,0,0,0,998,0,0,0,12,6,2,12,0,0,0,1,47,38544,6,1,0,0,3,0,64,140,0,0,0,1,0,3,2011,3,2011,0,28,0,0,0,1,2,45,1,1,2,1,0,0,1,11,99,1,2,50,0,0
47,470713,2,2,3,13,10,11,50,12,2,1,0,47,1,23,401,23401,14,2005,1GKDT13S1521,1,G,K,D,T,1,3,S,1,5,2,1,0,T,GMC,ENV,4W,5,17,,1,0,1130,ENV,G,,,6,256,,,,B,4594,00,E,44,0,0,000000000,00000000000,0,0,0,1,0,0,0,0,0,0,0,998,0,0,0,12,6,2,12,0,0,0,1,47,38506,6,1,0,0,3,1,66,180,0,0,0,0,0,0,0,0,0,0,0,0,0,0,1,2,45,1,1,2,1,0,0,1,63,99,1,1,51,1,0
47,470714,1,2,1,9,5,11,12,12,1,1,0,47,1,22,22,22022,4,2007,1G2ZG58N5742,1,G,2,Z,G,5,8,N,5,7,4,2,0,P,PONT,6BS,4D,7,17,3305,,0,1123,,G,,F,6,214,,,17R225,,,,,,0,0,000000000,00000000000,0,0,0,1,0,0,0,0,0,0,0,998,0,0,0,12,6,2,12,0,0,0,1,47,38242,6,1,0,0,3,0,66,175,0,0,0,0,0,0,0,0,0,0,0,0,0,0,1,2,30,1,1,2,1,0,0,1,98,99,1,1,93,0,0
47,470714,2,2,2,9,5,11,12,12,1,1,0,47,1,51,47,51047,4,2007,YV1RS592X726,Y,V,1,R,S,5,9,2,X,7,2,6,0,P,VOLV,S6F,4D,7,17,3453,,0,1070,,G,,T,5,154,,,16R215,,,,,,0,0,000000000,00000000000,0,0,0,1,0,0,0,0,0,0,0,998,0,0,0,6,6,2,12,0,0,0,1,47,38242,6,1,0,0,3,3,70,216,0,0,0,0,0,0,0,0,0,0,30,31,0,0,1,3,30,1,1,2,1,0,0,8,98,99,1,7,92,1,0
47,470715,1,2,1,20,7,14,58,12,6,1,0,47,1,19,421,19421,15,2012,1GYS4BEF7CR3,1,G,Y,S,4,B,E,F,7,C,R,3,0,P,CADI,ESC,UT,12,17,5694,,0,1160,,F,,F,8,378,,,22R285,,,,,,0,0,000000000,00000000000,0,0,0,1,0,0,0,0,0,0,0,998,0,0,0,3,6,2,12,0,0,0,1,47,37115,6,1,0,0,3,0,69,215,1,0,0,0,0,6,2011,6,2011,0,38,0,0,0,5,4,45,1,1,2,1,1,3,11,15,99,1,1,68,0,0
47,470715,2,2,1,20,7,14,58,12,6,1,0,47,1,72,706,72706,80,1999,1HD1FRW1XXY6,1,H,D,1,F,R,W,1,X,X,Y,6,0,M,HD,FCI,RS,99,17,,,,,,,1450,,2,,4,710,,,,,,,0,0,000000000,00000000000,0,0,0,1,0,0,0,0,0,0,0,998,0,0,0,12,6,2,12,0,0,0,1,47,37072,6,1,0,0,3,0,75,190,0,3,0,2,0,3,2011,11,2011,0,0,0,0,0,5,4,45,1,1,2,1,1,3,1,67,4,2,1,69,1,0
47,470716,1,1,2,13,9,18,39,5,0,1,0,47,2,20,481,20481,31,2003,1GCEK19T13E1,1,G,C,E,K,1,9,T,1,3,E,1,0,T,CHEV,SK1,4C,3,17,,2,1575,1435,SIL,G,,,8,325,,,,B,4910,02,,44,0,0,000000000,00000000000,0,0,0,1,0,0,0,0,0,0,0,0,0,0,0,0,0,1,5,0,0,0,1,47,37138,6,1,0,0,3,0,68,165,0,1,0,0,1,1,2012,2,2012,0,0,0,0,0,1,2,30,1,2,2,1,0,0,98,98,99,1,1,0,1,0