STATE,ST_CASE,VEH_NO,VE_FORMS,NUMOCCS,DAY,MONTH,HOUR,MINUTE,HARM_EV,MAN_COLL,UNITTYPE,HIT_RUN,REG_STAT,OWNER,MAKE,MODEL,MAK_MOD,BODY_TYP,MOD_YEAR,VIN,VIN_1,VIN_2,VIN_3,VIN_4,VIN_5,VIN_6,VIN_7,VIN_8,VIN_9,VIN_10,VIN_11,VIN_12,TOW_VEH,VINTYPE,VINMAKE,VINA_MOD,VIN_BT,VINMODYR,VIN_LNGT,VIN_WGT,WGTCD_TR,WHLBS_LG,WHLBS_SH,SER_TR,FUELCODE,MCYCL_DS,CARBUR,CYLINDER,DISPLACE,MCYCL_CY,MCYCL_WT,TIRE_SZE,TON_RAT,TRK_WT,TRKWTVAR,VIN_REST,WHLDRWHL,J_KNIFE,MCARR_I1,MCARR_I2,MCARR_ID,GVWR,V_CONFIG,CARGO_BT,HAZ_INV,HAZ_PLAC,HAZ_ID,HAZ_CNO,HAZ_REL,BUS_USE,SPEC_USE,EMER_USE,TRAV_SP,UNDERIDE,ROLLOVER,ROLINLOC,IMPACT1,DEFORMED,TOWED,M_HARM,VEH_SC1,VEH_SC2,FIRE_EXP,DR_PRES,L_STATE,DR_ZIP,L_STATUS,L_TYPE,CDL_STAT,L_ENDORS,L_COMPL,L_RESTRI,DR_HGT,DR_WGT,PREV_ACC,PREV_SUS,PREV_DWI,PREV_SPD,PREV_OTH,FIRST_MO,FIRST_YR,LAST_MO,LAST_YR,SPEEDREL,DR_SF1,DR_SF2,DR_SF3,DR_SF4,VTRAFWAY,VNUM_LAN,VSPD_LIM,VALIGN,VPROFILE,VPAVETYP,VSURCOND,VTRAFCON,VTCONT_F,P_CRASH1,P_CRASH2,P_CRASH3,PCRASH4,PCRASH5,ACC_TYPE,DEATHS,DR_DRINK
47,470745,2,2,1,26,10,11,36,12,6,1,0,47,3,89,881,89881,66,1987,1WUCNCJG0HN1,1,W,U,C,N,C,J,G,0,H,N,1,1,T,WHIT,WCL,,87,17,,,2240,1580,WCN,,,,,,,,,,00000,00,,,1,88,888888888,88888888888,3,6,10,1,0,0,0,0,0,0,0,998,0,0,0,11,4,1,12,0,0,0,1,47,38501,6,1,6,0,3,0,68,193,0,0,0,0,0,0,0,0,0,0,24,28,0,0,1,2,35,3,5,2,2,0,0,14,10,99,1,2,66,0,0
47,470746,1,1,1,28,10,14,33,34,0,1,0,47,1,20,37,20037,4,2009,1G1ZK57759F1,1,G,1,Z,K,5,7,7,5,9,F,1,0,P,CHEV,M/Z,4D,9,17,3649,,0,1123,,G,,F,6,220,,,18R225,,,,,,0,0,000000000,00000000000,0,0,0,1,0,0,0,0,0,0,0,998,0,1,5,14,6,2,3,0,0,0,1,47,37149,6,1,0,0,3,0,63,139,0,0,0,0,0,0,0,0,0,9,99,99,99,99,1,2,30,3,1,2,1,0,0,14,13,99,1,4,1,1,0
47,470747,1,2,2,9,10,9,51,12,6,1,0,47,2,20,20,20020,4,1996,2G1WL52M4T91,2,G,1,W,L,5,2,M,4,T,9,1,0,P,CHEV,LUM,4D,96,17,3330,,0,1075,,G,,F,6,191,,,15R205,,,,,,0,0,000000000,00000000000,0,0,0,1,0,0,0,0,0,0,0,998,0,0,0,11,6,2,12,0,0,0,1,47,37022,6,1,0,0,3,1,67,175,0,0,0,0,0,0,0,0,0,9,6,36,38,39,1,4,40,1,1,2,1,20,3,1,17,1,1,1,89,0,0
47,470747,2,2,1,9,10,9,51,12,6,1,0,47,1,72,706,72706,80,2003,1HD1GDV123K3,1,H,D,1,G,D,V,1,2,3,K,3,0,M,HD,FDL,RS,3,17,,,,,,,1450,,2,,4,612,,,,,,,0,0,000000000,00000000000,0,0,0,1,0,0,0,0,0,0,0,998,0,0,0,12,6,2,12,0,0,0,1,47,37083,6,1,0,0,3,0,72,250,0,0,0,0,1,10,2010,10,2010,0,0,0,0,0,1,2,35,1,1,2,1,20,3,1,66,1,1,1,88,1,0
47,470748,1,2,1,27,10,16,20,12,6,1,0,47,2,22,20,22020,4,2006,2G2WP5529611,2,G,2,W,P,5,5,2,9,6,1,1,0,P,PONT,GRA,4D,6,17,3477,,0,1105,,G,,F,6,232,,,16R225,,,,,,0,0,000000000,00000000000,0,0,0,1,0,0,0,0,0,0,0,998,0,0,0,1,6,2,12,0,0,0,1,47,38305,6,2,0,0,3,1,71,140,0,0,0,0,0,0,0,0,0,0,38,0,0,0,2,2,65,1,1,2,1,0,0,11,15,1,1,1,76,0,0
47,470748,2,2,2,27,10,16,20,12,6,1,0,47,2,2,404,2404,14,1997,1J4FX58S5VC5,1,J,4,F,X,5,8,S,5,V,C,5,0,T,JEEP,LRT,4W,97,17,,1,0,1059,GCK,G,,,6,242,,,,,3513,02,E,42,0,0,000000000,00000000000,0,0,0,1,0,0,0,0,0,0,0,998,0,0,0,12,6,2,12,0,0,0,1,47,38351,6,1,0,0,3,0,62,185,0,0,0,0,0,0,0,0,0,9,0,0,0,0,2,2,65,1,1,2,1,0,0,1,66,1,1,1,77,1,0
47,470749,1,1,1,28,9,21,45,24,0,1,0,47,1,72,706,72706,80,2005,1HD1FYW115Y6,1,H,D,1,F,Y,W,1,1,5,Y,6,0,M,HD,RSI,RS,5,17,,,,,,,1450,,2,,4,721,,,,,,,0,0,000000000,00000000000,0,0,0,1,0,0,0,0,0,0,0,998,0,0,0,12,6,2,24,0,0,0,1,47,37015,6,1,0,0,3,1,71,200,0,0,0,0,0,0,0,0,0,9,99,99,99,99,3,4,55,2,1,2,1,0,0,14,12,1,1,4,6,1,1
47,470750,1,1,3,3,11,10,35,34,0,1,0,47,1,7,20,7020,4,2005,1B3ES56C35D1,1,B,3,E,S,5,6,C,3,5,D,1,0,P,DODG,NXT,4D,5,17,2634,,0,1040,,G,,F,4,122,,,15R185,,,,,,0,0,000000000,00000000000,0,0,0,1,0,0,0,0,0,0,0,998,0,0,0,12,6,2,30,0,0,0,1,47,37821,6,1,0,0,3,1,68,240,0,0,0,0,0,0,0,0,0,9,28,0,0,0,1,2,20,1,1,2,1,0,0,1,13,99,1,4,1,1,0
47,470751,1,1,1,3,11,0,35,1,0,1,0,47,1,20,4,20004,2,1985,1G1YY0787F51,1,G,1,Y,Y,0,7,8,7,F,5,1,0,P,CHEV,CVT,CP,85,17,3111,,0,960,,G,,F,8,350,,,16R255,,,,,,0,0,000000000,00000000000,0,0,0,1,0,0,0,0,0,0,0,998,0,1,5,0,6,2,1,0,0,0,1,47,37931,6,1,0,0,3,0,72,260,0,0,0,0,0,0,0,0,0,1,28,0,0,0,1,2,45,1,1,2,1,0,0,1,13,99,1,4,1,1,1
47,470752,1,1,1,3,11,23,49,33,0,1,0,47,1,54,32,54032,4,1994,JH4KA7671RC0,J,H,4,K,A,7,6,7,1,R,C,0,0,P,ACUR,LLS,4D,94,17,3477,,0,1146,,G,,F,6,196,,,16R215,,,,,,0,0,000000000,00000000000,0,0,0,1,0,0,0,0,0,0,0,998,0,0,0,14,6,2,35,0,0,0,1,47,38115,6,1,0,0,3,1,72,250,0,0,0,0,0,0,0,0,0,9,99,99,99,99,5,6,40,1,2,2,1,0,0,99,9,99,1,4,10,1,0
47,470753,1,2,2,22,10,16,0,12,6,1,0,47,1,72,706,72706,80,2002,1HD1BMY132Y0,1,H,D,1,B,M,Y,1,3,2,Y,0,0,M,HD,FLF,RS,2,17,,,,,,,1450,,2,,4,666,,,,,,,0,0,000000000,00000000000,0,0,0,1,0,0,0,0,0,0,0,998,0,0,0,12,6,2,12,0,0,0,1,47,37743,6,1,0,0,3,0,66,200,0,0,0,0,0,0,0,0,0,1,0,0,0,0,1,2,30,1,2,2,1,0,0,1,73,99,1,1,98,1,0
47,470753,2,2,1,22,10,16,0,12,6,1,0,47,1,12,17,12017,4,2002,1FAFP59S22A2,1,F,A,F,P,5,9,S,2,2,A,2,0,P,FORD,TEL,SW,2,17,3502,,0,1085,,G,,F,6,182,,,16R215,,,,,,0,0,000000000,00000000000,0,0,0,1,0,0,0,0,0,0,0,998,0,0,0,9,6,2,12,0,0,0,1,47,37743,6,1,0,0,3,0,63,160,0,0,0,0,0,0,0,0,0,0,38,0,0,0,1,2,30,1,3,2,1,0,0,98,19,99,1,7,98,0,0
47,470755,1,2,1,20,10,22,10,12,6,1,1,47,1,12,471,12471,30,1995,1FTCR14A4SPA,1,F,T,C,R,1,4,A,4,S,P,A,0,T,FORD,RNS,PC,95,17,,1,0,1250,RNG,G,,,4,140,,,,B,00000,00,M,42,0,0,000000000,00000000000,0,0,0,1,0,0,0,0,0,0,0,998,0,0,0,1,6,2,12,0,0,0,1,47,37862,6,1,0,0,3,3,72,255,0,0,0,0,0,0,0,0,0,0,6,38,0,0,1,4,55,1,6,2,1,0,0,11,15,99,1,2,68,0,0
47,470755,2,2,2,20,10,22,10,12,6,1,0,47,1,20,481,20481,31,2005,1GCEK19BX5E1,1,G,C,E,K,1,9,B,X,5,E,1,0,T,CHEV,SK1,4C,5,17,,2,1575,1435,SIL,G,,,8,325,,,,B,4661,00,,44,0,0,000000000,00000000000,0,0,0,1,0,0,0,0,0,0,0,998,0,1,5,11,6,2,1,0,0,0,1,47,37876,6,1,0,0,3,0,72,287,0,0,0,0,0,0,0,0,0,0,0,0,0,0,1,4,55,1,5,2,1,0,0,1,62,7,1,2,69,1,0
47,470756,1,1,1,25,10,12,0,1,0,1,0,47,2,63,401,63401,14,2000,KNDJB6238Y56,K,N,D,J,B,6,2,3,8,Y,5,6,0,P,KIA,SPO,UT,0,17,3108,,0,929,,G,,F,4,122,,,15R205,,,,,,0,0,000000000,00000000000,0,0,0,1,0,0,0,0,0,0,0,998,0,2,3,0,6,2,1,0,0,0,1,47,38301,0,0,0,0,0,0,999,999,0,0,0,0,0,0,0,0,0,0,58,0,0,0,2,2,55,1,1,2,1,0,0,1,12,7,3,4,7,1,0
47,470757,1,1,1,1,9,99,99,30,0,1,0,47,2,20,471,20471,30,1991,1GCCT19Z7M81,1,G,C,C,T,1,9,Z,7,M,8,1,0,T,CHEV,S14,PC,91,17,,1,0,1229,S,G,,,6,262,,,,B,3262,01,,44,0,0,000000000,00000000000,0,0,0,1,0,0,0,0,0,0,0,998,0,1,6,12,6,2,21,0,0,0,1,47,38024,6,1,0,0,3,1,69,130,1,0,0,2,1,6,2010,3,2012,9,99,99,99,99,1,4,40,1,1,2,1,0,0,99,9,99,1,4,10,1,0
47,470758,1,1,1,31,10,23,0,34,0,1,0,47,2,55,35,55035,4,2009,KMHDU46D89U6,K,M,H,D,U,4,6,D,8,9,U,6,0,P,HYUN,HEL,4D,9,17,2723,,0,1043,,G,,F,4,121,,,15R195,,,,,,0,0,000000000,00000000000,0,0,0,1,0,0,0,0,0,0,0,998,0,1,5,98,6,2,1,0,0,0,1,47,37334,6,1,0,0,3,0,65,127,0,0,0,0,0,0,0,0,0,0,58,0,0,0,1,2,35,3,1,2,1,0,0,14,13,99,1,4,1,1,1
47,470759,1,1,2,3,11,5,30,8,0,1,0,47,2,49,32,49032,4,2003,1NXBR32E33Z0,1,N,X,B,R,3,2,E,3,3,Z,0,0,P,TOYT,UCS,4D,3,17,2502,,0,1024,,G,,F,4,109,,,15R185,,,,,,0,0,000000000,00000000000,0,0,0,1,0,0,0,0,0,0,0,998,0,0,0,12,6,2,8,0,0,0,1,47,37745,6,1,0,0,3,1,63,180,1,0,0,1,0,11,2010,12,2010,0,0,0,0,0,1,2,45,1,1,2,1,0,0,1,80,99,1,1,13,0,0
47,470760,1,2,0,25,10,21,30,12,1,1,0,47,1,62,401,62401,14,2003,SALTY16403A7,S,A,L,T,Y,1,6,4,0,3,A,7,0,T,LNDR,DSE,4W,3,17,,2,0,1000,DIS,G,,,8,278,,,,,4928,00,E,44,0,0,000000000,00000000000,0,0,0,1,0,0,0,0,0,0,0,0,7,1,1,6,6,2,12,0,0,0,0,0,99997,7,6,97,7,6,7,998,997,998,998,998,998,998,98,9998,98,9998,8,20,0,0,0,2,2,70,1,3,2,1,0,0,0,98,0,0,0,98,0,0
47,470760,2,2,1,25,10,21,30,12,1,1,0,47,1,37,32,37032,4,1996,1HGCD563XTA1,1,H,G,C,D,5,6,3,X,T,A,1,0,P,HOND,ULE,4D,96,17,2864,,0,1069,,G,,F,4,132,,,15R185,,,,,,0,0,000000000,00000000000,0,0,0,1,0,0,0,0,0,0,0,998,1,0,0,12,6,2,12,0,0,0,1,47,37312,6,1,0,0,3,0,58,100,1,0,0,0,0,4,2011,4,2011,0,0,0,0,0,2,2,70,1,3,2,1,0,0,1,50,99,1,1,98,1,0
47,470761,1,1,1,4,11,99,99,32,0,1,0,47,1,12,481,12481,31,2000,2FTRX07L5YCB,2,F,T,R,X,0,7,L,5,Y,C,B,0,T,FORD,F15,4C,0,17,,2,0,1385,COF,G,,,8,330,,,,B,4204,03,U,42,0,0,000000000,00000000000,0,0,0,1,0,0,0,0,0,0,0,998,0,0,0,12,6,2,5,0,0,0,1,47,37801,6,1,0,0,3,0,73,200,0,0,0,0,1,1,2011,1,2011,1,28,0,0,0,1,2,35,1,1,2,1,0,0,1,13,6,2,4,1,1,1
47,470762,1,1,1,6,11,3,15,52,0,1,0,47,2,49,472,49472,30,1998,4TANL42N9WZ0,4,T,A,N,L,4,2,N,9,W,Z,0,0,T,TOYT,REG,PK,98,17,,1,0,1033,TAC,G,,,4,149,,,,B,2566,00,U,42,0,0,000000000,00000000000,0,0,0,1,0,0,0,0,0,0,0,998,0,1,5,12,6,2,1,0,0,0,1,47,37814,1,1,0,0,2,0,71,185,1,3,0,1,0,5,2011,4,2012,1,51,0,0,0,1,2,30,2,5,2,1,0,0,14,12,1,1,4,6,1,0
47,470763,1,2,1,1,11,16,11,12,6,1,0,47,1,54,34,54034,4,1994,JH4CC2660RC0,J,H,4,C,C,2,6,6,0,R,C,0,0,P,ACUR,VGS,4D,94,17,3107,,0,1104,,G,,F,5,150,,,15R205,,,,,,0,0,000000000,00000000000,0,0,0,1,0,0,0,0,0,0,0,998,0,0,0,10,6,2,12,0,0,0,1,47,37363,6,1,0,0,3,1,61,140,0,0,0,0,0,0,0,0,0,0,0,0,0,0,1,2,35,1,1,2,1,20,3,11,15,99,1,2,82,1,0
47,470763,2,2,3,1,11,16,11,12,6,1,0,47,2,7,442,7442,20,2005,1D4GP24R65B2,1,D,4,G,P,2,4,R,6,5,B,2,0,T,DODG,GCS,ES,5,17,,1,0,1193,CAR,G,,,6,201,,,,,3867,00,E,42,0,0,000000000,00000000000,0,0,0,1,0,0,0,0,0,0,0,998,0,0,0,12,6,2,12,0,0,0,1,47,37323,6,1,0,0,3,1,70,190,0,0,0,0,0,0,0,0,0,0,0,0,0,0,1,2,55,1,1,2,1,0,0,1,66,99,1,1,83,0,0
47,470764,1,1,2,3,11,15,31,42,0,1,0,47,2,20,481,20481,31,2000,1GCEK14W2YZ3,1,G,C,E,K,1,4,W,2,Y,Z,3,0,T,CHEV,SK1,PK,0,17,,2,1330,1190,SIL,G,,,6,262,,,,B,4248,02,,44,0,0,000000000,00000000000,0,0,0,1,0,0,0,0,0,0,0,998,0,1,5,12,6,2,42,0,0,0,1,47,37865,1,1,1,0,2,0,67,130,0,0,0,0,0,0,0,0,0,1,0,0,0,0,1,2,30,1,2,2,1,0,0,1,13,99,1,4,1,1,0
47,470765,1,3,1,1,10,10,43,12,6,1,0,47,3,7,462,7462,21,2005,WD2PD5449557,W,D,2,P,D,5,4,4,9,5,5,7,0,T,SPNR,SP3,EC,5,17,,2,0,1580,SPR,D,,,5,165,,,,,5113,00,E,42,0,0,000000000,00000000000,0,0,0,1,0,0,0,0,0,0,0,998,0,0,0,12,6,2,12,0,0,0,1,47,37076,6,1,0,0,3,0,76,190,0,0,0,0,0,0,0,0,0,0,0,0,0,0,2,3,55,1,2,1,2,0,0,1,62,7,1,1,65,0,0
47,470765,2,3,2,1,10,10,43,12,6,1,0,21,2,34,37,34037,4,1995,WBAGJ6328SDH,W,B,A,G,J,6,3,2,8,S,D,H,0,P,BMW,7IL,4D,95,17,4201,,0,1209,,G,,F,8,243,,,16R235,,,,,,0,0,000000000,00000000000,0,0,0,1,0,0,0,0,0,0,0,998,0,0,0,9,6,2,12,0,0,0,1,47,37209,6,7,0,0,3,1,69,135,0,0,0,0,0,0,0,0,0,1,51,52,0,0,2,3,55,3,2,1,2,0,0,14,6,3,4,2,64,1,0
47,470765,3,3,1,1,10,10,43,12,6,1,0,47,1,37,402,37402,14,1999,JHLRD2841XC0,J,H,L,R,D,2,8,4,1,X,C,0,0,P,HOND,CRV,UT,99,17,3126,,0,1032,,G,,F,4,120,,,15R205,,,,,,0,0,000000000,00000000000,0,0,0,1,0,0,0,0,0,0,0,998,0,0,0,18,2,1,54,0,0,0,1,47,37214,6,1,0,0,3,0,71,200,0,0,0,1,0,1,2010,1,2010,0,84,0,0,0,2,3,55,1,2,1,2,0,0,1,98,7,1,1,98,0,0
47,470766,1,1,1,1,7,21,24,14,0,1,0,47,2,35,47,35047,4,2000,1N4DL01D7YC1,1,N,4,D,L,0,1,D,7,Y,C,1,0,P,NISS,AGS,4D,0,17,2754,,0,1031,,G,,F,4,146,,,15R195,,,,,,0,0,000000000,00000000000,0,0,0,1,0,0,0,0,0,0,0,998,0,0,0,3,6,2,14,0,0,0,1,47,37687,2,1,2,0,2,0,64,105,0,1,1,1,0,12,2011,12,2011,0,28,0,0,0,1,2,30,3,6,2,1,0,0,14,12,6,4,4,7,1,0
47,470767,1,1,1,21,7,0,4,35,0,1,0,47,2,35,471,35471,30,1995,1N6SD11S5SC4,1,N,6,S,D,1,1,S,5,S,C,4,0,T,NISS,EXE,PK,95,17,,1,0,1043,TRK,G,,,4,146,,,,B,2728,01,A,42,0,0,000000000,00000000000,0,0,0,1,0,0,0,0,0,0,0,998,0,1,5,12,6,2,1,0,0,0,1,47,38555,6,1,0,0,3,0,69,162,0,0,0,0,0,0,0,0,0,1,39,0,0,0,1,2,45,3,2,2,1,0,0,14,6,99,1,4,1,1,0
47,470768,1,2,3,25,10,1,10,12,1,1,0,47,1,55,36,55036,4,2009,KMHCN46C49U3,K,M,H,C,N,4,6,C,4,9,U,3,0,P,HYUN,ALS,4D,9,17,2365,,0,984,,G,,F,4,098,,,14R175,,,,,,0,0,000000000,00000000000,0,0,0,1,0,0,0,0,0,0,0,998,1,0,0,12,6,2,12,0,0,0,1,47,37095,6,1,0,0,3,1,63,180,0,0,0,0,0,0,0,0,0,0,0,0,0,0,3,2,70,1,1,2,1,0,0,1,98,99,1,4,32,1,0
47,470768,2,2,1,25,10,1,10,12,1,1,0,93,3,84,881,84881,63,2012,3HSDJSJR8CN6,3,H,S,D,J,S,J,R,8,C,N,6,1,T,INTL,PRO,TR,12,17,,8,0,0,PRO,D,,,6,793,,,,,00000,00,,64,1,57,00286319,5700286319,3,4,1,1,0,0,0,0,0,0,0,0,0,0,0,6,4,1,12,0,0,0,1,28,38654,6,1,6,0,3,1,69,185,0,0,0,0,0,0,0,0,0,0,24,0,0,0,3,2,70,1,1,2,1,0,0,98,98,99,1,5,32,0,0
47,470769,1,2,1,1,11,14,0,12,2,1,0,47,1,24,2,24002,2,2001,1G8ZP12811Z2,1,G,8,Z,P,1,2,8,1,1,Z,2,0,P,STRN,SC1,3P,1,17,2396,,0,1024,,G,,F,4,116,,,14R185,,,,,,0,0,000000000,00000000000,0,0,0,1,0,0,0,0,0,0,0,998,1,0,0,12,6,2,12,0,0,1,1,47,37885,6,1,0,0,3,0,63,145,0,0,0,0,1,10,2012,10,2012,0,28,0,0,0,1,2,45,2,3,2,1,0,0,14,10,4,2,2,50,1,0
47,470769,2,2,1,1,11,14,0,12,2,1,0,47,2,84,881,84881,66,1990,1HSHADBN3LH2,1,H,S,H,A,D,B,N,3,L,H,2,1,T,INTL,710,TR,90,17,,7,2560,1360,70S,D,,,6,466,,,,,00000,00,,42,1,88,888888888,88888888888,3,19,4,1,0,0,0,0,0,0,0,998,1,0,0,12,6,2,12,0,0,0,1,47,37874,1,1,1,0,2,0,70,140,0,0,0,0,0,0,0,0,0,0,0,0,0,0,1,2,45,1,5,2,1,0,0,1,62,99,1,1,51,0,0
47,470770,1,1,1,7,11,20,45,30,0,1,0,47,2,37,32,37032,4,1994,1HGCD555XRA0,1,H,G,C,D,5,5,5,X,R,A,0,0,P,HOND,UER,4D,94,17,2908,,0,1069,,G,,F,4,132,,,15R195,,,,,,0,0,000000000,00000000000,0,0,0,1,0,0,0,0,0,0,0,998,0,0,0,12,6,2,30,0,0,0,1,99,38104,9,9,99,9,9,9,999,999,99,99,99,99,99,99,9999,99,9999,0,6,0,0,0,1,4,40,2,1,2,1,0,0,14,13,99,1,4,1,1,0
47,470771,1,1,1,7,11,22,30,35,0,1,0,47,1,18,7,18007,4,1993,3G4AG55N8PS6,3,G,4,A,G,5,5,N,8,P,S,6,0,P,BUIC,CSP,4D,93,17,2870,,0,1047,,G,,F,6,204,,,14R185,,,,,,0,0,000000000,00000000000,0,0,0,1,0,0,0,0,0,0,0,998,0,1,5,98,6,2,42,0,0,0,1,47,37137,6,1,0,0,3,0,70,185,1,0,0,0,0,3,2012,3,2012,0,0,0,0,0,1,2,35,3,5,2,1,0,0,14,13,99,1,4,1,1,1
47,470772,1,1,1,8,11,21,15,42,0,1,0,47,1,53,32,53032,6,2001,JS2GB41W6152,J,S,2,G,B,4,1,W,6,1,5,2,0,P,SUZI,ELX,SW,1,17,2403,,0,976,,G,,F,4,112,,,14R185,,,,,,0,0,000000000,00000000000,0,0,0,1,0,0,0,0,0,0,0,998,0,1,5,3,6,2,1,0,0,0,1,47,37321,6,1,0,0,3,0,69,210,1,0,0,0,0,12,2010,12,2010,0,99,99,99,99,1,2,45,1,1,2,1,0,0,1,9,6,2,4,7,1,0
47,470773,1,2,3,13,10,23,57,12,6,1,0,47,2,34,401,34401,14,2011,5UXZV8C52BL4,5,U,X,Z,V,8,C,5,2,B,L,4,0,P,BMW,BX5,UT,11,17,5379,,0,1155,,G,,T,8,268,,,18R255,,,,,,0,0,000000000,00000000000,0,0,0,1,0,0,0,0,0,0,0,998,0,0,0,12,6,2,12,0,0,0,1,47,37764,6,1,0,0,3,3,65,156,1,0,0,0,1,4,2011,1,2012,0,99,99,99,99,4,2,45,1,1,2,1,0,0,1,66,99,1,1,88,0,0
47,470773,2,2,1,13,10,23,57,12,6,1,0,47,1,23,481,23481,31,2000,1GTEC19T0YZ2,1,G,T,E,C,1,9,T,0,Y,Z,2,0,T,GMC,NC1,3C,0,17,,2,1575,1435,SIE,G,,,8,325,,,,B,4134,03,U,42,0,0,000000000,00000000000,0,0,0,1,0,0,0,0,0,0,0,998,0,0,0,9,6,2,12,0,0,0,1,47,37738,6,1,0,0,3,3,71,195,0,0,0,0,0,0,0,0,0,0,99,99,99,99,1,2,45,1,1,2,1,20,3,1,17,99,1,1,89,1,0
47,470774,1,1,1,23,10,99,99,34,0,1,0,47,2,6,43,6043,1,2006,1C3EL55R26N2,1,C,3,E,L,5,5,R,2,6,N,2,0,P,CHRY,STO,CV,6,17,3178,,0,1060,,G,,F,6,165,,,16R205,,,,,,0,0,000000000,00000000000,0,0,0,1,0,0,0,0,0,0,0,998,0,0,0,12,6,2,34,0,0,0,1,47,38019,6,1,0,0,3,0,65,125,0,0,0,1,0,6,2012,6,2012,0,0,0,0,0,1,2,55,1,1,2,1,0,0,2,14,3,2,4,14,1,0
47,470775,1,2,2,15,6,19,39,12,7,1,0,17,2,20,36,20036,2,2005,2G1WW12E0591,2,G,1,W,W,1,2,E,0,5,9,1,0,P,CHEV,MLS,CP,5,17,3340,,0,1105,,G,,F,6,207,,,16R225,,,,,,0,0,000000000,00000000000,0,0,0,1,0,0,0,0,0,0,0,998,0,0,0,11,6,2,12,0,0,0,1,17,62629,6,1,0,0,3,0,69,210,1,0,0,1,0,7,2010,8,2010,1,87,0,0,0,2,3,70,1,2,2,2,0,0,1,6,99,2,2,45,1,0
47,470775,2,2,1,15,6,19,39,12,7,1,0,29,2,49,401,49401,14,2004,JTEBT14R4480,J,T,E,B,T,1,4,R,4,4,8,0,0,P,TOYT,RUN,UT,4,17,4330,,0,1098,,G,,F,8,285,,,16R265,,,,,,0,0,000000000,00000000000,0,0,0,1,0,0,0,0,0,0,0,998,0,0,0,5,2,1,12,0,0,0,1,29,63368,6,1,0,0,3,0,63,120,0,0,0,0,0,0,0,0,0,0,0,0,0,0,2,3,70,1,2,2,2,0,0,1,60,99,1,1,44,0,0
47,470776,1,1,1,8,11,5,16,42,0,1,0,47,1,49,422,49422,15,2003,5TDZT34A53S2,5,T,D,Z,T,3,4,A,5,3,S,2,0,P,TOYT,SEQ,UT,3,17,5070,,0,1181,,G,,F,8,285,,,16R245,,,,,,0,0,000000000,00000000000,0,0,0,1,0,0,0,0,0,0,0,998,0,0,0,12,6,2,43,0,0,0,1,47,38141,6,1,0,0,3,0,70,185,1,0,0,0,0,1,2011,1,2011,0,99,99,99,99,5,6,45,1,1,2,1,0,0,1,12,99,1,4,6,1,0
47,470777,1,1,1,18,9,10,29,42,0,1,0,47,1,35,473,35473,31,2006,1N6BA06B16N5,1,N,6,B,A,0,6,B,1,6,N,5,0,T,NISS,TXS,4C,6,17,,2,0,1398,TTN,F,,,8,342,,,,C,4893,00,E,44,0,0,000000000,00000000000,0,0,0,1,0,0,0,0,0,0,0,998,0,0,0,12,6,2,42,0,0,0,1,47,37742,6,1,0,0,3,0,75,235,0,0,0,0,1,3,2012,3,2012,0,0,0,0,0,1,2,40,3,1,2,2,0,0,14,13,99,1,4,1,1,0
47,470778,1,1,1,28,10,10,30,24,0,1,0,47,2,20,481,20481,31,1989,1GCDC14KXKZ2,1,G,C,D,C,1,4,K,X,K,Z,2,0,T,CHEV,GC1,PK,89,17,,1,1315,1175,GM4,G,,,8,350,,,,B,4114,08,,42,0,0,000000000,00000000000,0,0,0,1,0,0,0,0,0,0,0,998,0,0,0,1,6,2,42,0,0,0,1,47,37096,6,1,0,0,3,0,63,169,0,0,0,0,1,11,2011,11,2011,0,0,0,0,0,1,2,55,3,1,2,1,0,0,14,13,99,1,4,1,1,0
47,470779,1,3,1,31,10,22,36,12,7,1,0,47,1,21,21,21021,4,1999,1G3NL52E0XC3,1,G,3,N,L,5,2,E,0,X,C,3,0,P,OLDS,A/G,4D,99,17,2958,,0,1070,,G,,F,6,207,,,15R215,,,,,,0,0,000000000,00000000000,0,0,0,1,0,0,0,0,0,0,0,998,0,0,0,1,6,2,8,0,0,0,1,47,38237,6,1,0,0,3,0,77,178,0,0,0,0,1,6,2012,6,2012,0,0,0,0,0,2,2,70,1,1,2,1,0,0,1,98,99,1,4,98,0,0
47,470779,2,3,0,31,10,22,36,12,7,1,0,47,6,2,404,2404,14,2001,1J4GX48S01C5,1,J,4,G,X,4,8,S,0,1,C,5,0,T,JEEP,LRO,4W,1,17,,1,0,1059,GCK,G,,,6,244,,,,,3675,01,E,42,0,0,000000000,00000000000,0,0,0,1,0,0,0,0,0,0,0,0,0,0,0,9,4,3,12,0,0,0,0,0,99997,7,6,97,7,6,7,998,997,998,998,998,998,998,98,9998,98,9998,8,0,0,0,0,2,2,70,1,1,2,1,0,0,0,98,0,0,0,98,0,0
47,470779,3,3,0,31,10,22,36,12,7,1,0,47,6,12,881,12881,61,1993,2FDKF38MXPCA,2,F,D,K,F,3,8,M,X,P,C,A,0,T,FORD,F35,CB,93,17,,3,1610,1330,COF,D,,,8,444,,,,D,00000,00,A,44,0,88,888888888,88888888888,2,1,97,1,0,0,0,0,0,0,0,0,0,0,0,7,4,3,12,0,0,0,0,0,99997,7,6,97,7,6,7,998,997,998,998,998,998,998,98,9998,98,9998,8,0,0,0,0,2,2,70,1,1,2,1,0,0,0,98,0,0,0,98,0,0