STATE,ST_CASE,VEH_NO,VE_FORMS,NUMOCCS,DAY,MONTH,HOUR,MINUTE,HARM_EV,MAN_COLL,UNITTYPE,HIT_RUN,REG_STAT,OWNER,MAKE,MODEL,MAK_MOD,BODY_TYP,MOD_YEAR,VIN,VIN_1,VIN_2,VIN_3,VIN_4,VIN_5,VIN_6,VIN_7,VIN_8,VIN_9,VIN_10,VIN_11,VIN_12,TOW_VEH,VINTYPE,VINMAKE,VINA_MOD,VIN_BT,VINMODYR,VIN_LNGT,VIN_WGT,WGTCD_TR,WHLBS_LG,WHLBS_SH,SER_TR,FUELCODE,MCYCL_DS,CARBUR,CYLINDER,DISPLACE,MCYCL_CY,MCYCL_WT,TIRE_SZE,TON_RAT,TRK_WT,TRKWTVAR,VIN_REST,WHLDRWHL,J_KNIFE,MCARR_I1,MCARR_I2,MCARR_ID,GVWR,V_CONFIG,CARGO_BT,HAZ_INV,HAZ_PLAC,HAZ_ID,HAZ_CNO,HAZ_REL,BUS_USE,SPEC_USE,EMER_USE,TRAV_SP,UNDERIDE,ROLLOVER,ROLINLOC,IMPACT1,DEFORMED,TOWED,M_HARM,VEH_SC1,VEH_SC2,FIRE_EXP,DR_PRES,L_STATE,DR_ZIP,L_STATUS,L_TYPE,CDL_STAT,L_ENDORS,L_COMPL,L_RESTRI,DR_HGT,DR_WGT,PREV_ACC,PREV_SUS,PREV_DWI,PREV_SPD,PREV_OTH,FIRST_MO,FIRST_YR,LAST_MO,LAST_YR,SPEEDREL,DR_SF1,DR_SF2,DR_SF3,DR_SF4,VTRAFWAY,VNUM_LAN,VSPD_LIM,VALIGN,VPROFILE,VPAVETYP,VSURCOND,VTRAFCON,VTCONT_F,P_CRASH1,P_CRASH2,P_CRASH3,PCRASH4,PCRASH5,ACC_TYPE,DEATHS,DR_DRINK
47,470842,1,1,1,25,11,13,2,30,0,1,0,47,2,18,2,18002,4,1989,1G4HR54C6KH4,1,G,4,H,R,5,4,C,6,K,H,4,0,P,BUIC,LLF,4D,89,17,3153,,0,1108,,G,,F,6,231,,,14R205,,,,,,0,0,000000000,00000000000,0,0,0,1,0,0,0,0,0,0,0,998,0,0,0,11,6,2,30,0,0,0,1,47,37601,6,2,0,0,3,1,70,195,0,0,0,0,0,0,0,0,0,1,51,0,0,0,1,2,35,3,6,2,1,0,0,14,6,1,1,4,6,1,0
47,470843,1,1,2,2,12,13,3,33,0,1,0,99,9,35,43,35043,4,2004,3N1CB51DX4L4,3,N,1,C,B,5,1,D,X,4,L,4,0,P,NISS,S18,4D,4,17,2387,,0,998,,G,,F,4,108,,,15R195,,,,,,0,0,000000000,00000000000,0,0,0,1,0,0,0,0,0,0,0,998,0,0,0,1,6,2,33,0,0,0,1,47,37915,2,1,0,0,2,0,76,192,0,2,0,0,0,2,2010,5,2010,0,6,0,0,0,1,2,35,1,6,2,1,0,0,1,13,99,1,4,1,1,1
47,470845,1,3,1,27,11,8,5,12,6,1,0,47,2,37,31,37031,4,2011,2HGFA1F54BH5,2,H,G,F,A,1,F,5,4,B,H,5,0,P,HOND,UCL,4D,11,17,2754,,0,1063,,G,,F,4,110,,,16R205,,,,,,0,0,000000000,00000000000,0,0,0,1,0,0,0,0,0,0,0,998,0,0,0,3,6,2,12,0,0,0,1,47,37311,6,1,0,0,3,0,62,164,0,0,0,0,0,0,0,0,0,9,28,58,0,0,2,2,70,1,1,2,2,0,0,1,12,7,2,6,64,1,0
47,470845,2,3,1,27,11,8,5,12,6,1,0,13,1,55,33,55033,4,2006,KMHET46C46A0,K,M,H,E,T,4,6,C,4,6,A,0,0,P,HYUN,SOL,4D,6,17,3253,,0,1074,,G,,F,4,144,,,16R215,,,,,,0,0,000000000,00000000000,0,0,0,1,0,0,0,0,0,0,0,998,0,0,0,12,6,2,12,0,0,0,1,13,30707,6,1,0,0,3,1,68,275,98,0,0,0,0,0,0,0,0,0,0,0,0,0,2,2,70,1,1,2,2,0,0,1,62,1,1,1,65,0,0
47,470845,3,3,1,27,11,8,5,12,6,1,0,47,1,30,40,30040,4,2012,3VWPL7AJXCM6,3,V,W,P,L,7,A,J,X,C,M,6,0,P,VOLK,JTD,SW,12,17,3341,,0,0,,D,,T,4,120,,,000000,,,,,,0,0,000000000,00000000000,0,0,0,1,0,0,0,0,0,0,0,998,0,0,0,11,6,2,12,0,0,0,1,47,37412,6,1,0,0,3,1,62,190,1,0,0,2,0,5,2012,8,2012,0,0,0,0,0,2,2,70,1,1,2,2,0,0,1,62,1,1,1,98,0,0
47,470846,1,1,2,23,11,9,50,35,0,1,0,47,1,49,471,49471,30,1991,JT4RN01P1M00,J,T,4,R,N,0,1,P,1,M,0,0,0,T,TOYT,SWD,PK,91,17,,1,0,1030,HTP,G,,,4,144,,,,B,00000,00,A,44,0,0,000000000,00000000000,0,0,0,1,0,0,0,0,0,0,0,998,0,1,5,11,6,2,1,0,0,0,1,47,38564,6,1,0,0,3,0,71,170,0,0,0,0,0,0,0,0,0,9,51,0,0,0,1,2,55,2,5,2,1,0,0,14,12,99,9,4,7,1,0
47,470847,1,1,1,28,11,99,99,21,0,1,0,47,2,49,401,49401,14,1995,JT3VN39W9S01,J,T,3,V,N,3,9,W,9,S,0,1,0,P,TOYT,RUN,UT,95,17,4105,,0,1033,,G,,F,6,180,,,15R225,,,,,,0,0,000000000,00000000000,0,0,0,1,0,0,0,0,0,0,0,998,0,1,6,14,6,2,1,0,0,0,1,47,37843,2,1,2,0,2,0,67,152,0,0,0,0,0,0,0,0,0,9,51,0,0,0,1,2,30,3,1,2,99,0,0,14,12,99,1,4,6,1,1
47,470848,1,2,1,28,11,6,35,11,0,1,0,47,2,49,34,49034,3,1982,JT2MA67LXC00,J,T,2,M,A,6,7,L,X,C,0,0,0,P,TOYT,SUP,2H,82,17,2932,,0,1030,,G,,F,6,168,,,14R225,,,,,,0,0,000000000,00000000000,0,0,0,1,0,0,0,0,0,0,0,998,0,0,0,12,4,1,11,0,0,0,1,47,38041,6,1,0,0,3,0,68,150,2,0,0,0,0,7,2010,11,2011,0,0,0,0,0,1,2,55,1,6,2,1,0,0,1,87,1,1,1,13,0,0
47,470848,2,2,1,28,11,6,35,11,0,1,0,47,1,7,24,7024,4,2006,2B3KA43R16H3,2,B,3,K,A,4,3,R,1,6,H,3,0,P,DODG,CTL,4D,6,17,3654,,0,1200,,G,,F,6,165,,,17R215,,,,,,0,0,000000000,00000000000,0,0,0,1,0,0,0,0,0,0,0,998,0,0,0,12,6,2,11,0,0,0,1,47,38012,6,1,0,0,3,0,66,150,0,0,0,0,0,0,0,0,0,9,99,99,99,99,1,2,55,1,5,2,1,0,0,1,87,1,1,1,98,1,0
47,470849,1,1,1,28,11,13,45,35,0,1,0,47,2,37,402,37402,14,2004,SHSRD78824U2,S,H,S,R,D,7,8,8,2,4,U,2,0,P,HOND,CRV,UT,4,17,3347,,0,1031,,G,,F,4,146,,,15R205,,,,,,0,0,000000000,00000000000,0,0,0,1,0,0,0,0,0,0,0,998,0,1,6,1,6,2,1,0,0,0,1,47,37190,6,1,0,0,3,0,62,105,0,0,0,0,0,0,0,0,0,9,28,0,0,0,1,2,45,1,3,2,1,0,0,1,13,99,1,4,1,1,0
47,470850,1,1,2,28,6,13,28,5,0,1,0,47,2,37,33,37033,2,1999,JHMBB6141XC0,J,H,M,B,B,6,1,4,1,X,C,0,0,P,HOND,PRE,CP,99,17,2954,,0,1017,,G,,F,4,132,,,16R205,,,,,,0,0,000000000,00000000000,0,0,0,1,0,0,0,0,0,0,0,998,0,0,0,0,0,1,5,0,0,0,1,47,37820,6,1,0,0,3,0,72,126,0,0,0,0,0,0,0,0,0,0,0,0,0,0,2,2,55,1,1,2,1,0,0,1,98,1,1,1,0,1,0
47,470851,1,2,1,8,11,18,52,12,6,1,0,28,2,35,43,35043,4,2006,3N1CB51D56L5,3,N,1,C,B,5,1,D,5,6,L,5,0,P,NISS,S18,4D,6,17,2509,,0,998,,G,,F,4,108,,,15R195,,,,,,0,0,000000000,00000000000,0,0,0,1,0,0,0,0,0,0,0,998,0,0,0,11,6,2,12,0,0,0,1,28,38834,6,1,0,0,3,0,69,165,0,0,0,0,0,0,0,0,0,9,39,0,0,0,1,2,45,1,3,2,1,20,3,2,18,3,1,1,89,1,0
47,470851,2,2,2,8,11,18,52,12,6,1,0,47,1,7,482,7482,31,2006,1D7KS28C46J1,1,D,7,K,S,2,8,C,4,6,J,1,0,T,DODG,SQ2,CW,6,17,,2,1605,1405,RPC,D,,,6,359,,,,C,6218,01,E,44,0,0,000000000,00000000000,0,0,0,1,0,0,0,0,0,0,0,998,0,0,0,12,6,2,12,0,0,0,1,47,38464,6,1,0,0,3,0,71,170,0,0,0,2,0,7,2011,5,2012,0,0,0,0,0,2,2,65,1,1,2,1,0,0,1,68,1,1,1,88,0,0
47,470852,1,1,2,18,11,9,45,34,0,1,0,47,1,3,431,3431,16,2005,5GRGN23U35H1,5,G,R,G,N,2,3,U,3,5,H,1,0,T,HUMM,HH2,4W,5,17,,2,0,1228,HUM,G,,,8,364,,,,C,6400,00,U,44,0,0,000000000,00000000000,0,0,0,1,0,0,0,0,0,0,0,998,0,1,5,11,6,2,1,0,0,0,1,47,37385,6,1,0,0,3,0,70,146,0,0,0,0,0,0,0,0,0,9,28,58,0,0,1,2,35,3,1,2,1,0,0,14,13,1,1,4,1,1,0
47,470853,1,2,1,25,11,13,55,12,2,1,0,47,2,49,472,49472,30,2006,3TMLU42N26M0,3,T,M,L,U,4,2,N,2,6,M,0,0,T,TOYT,DCL,CW,6,17,,1,0,1219,TAC,G,,,6,244,,,,B,4055,00,U,44,0,0,000000000,00000000000,0,0,0,1,0,0,0,0,0,0,0,998,0,0,0,12,6,2,12,0,0,0,1,47,38343,6,1,0,0,3,0,68,180,2,0,0,1,0,1,2012,6,2012,0,0,0,0,0,2,6,45,2,1,2,1,0,0,14,54,7,1,1,51,0,0
47,470853,2,2,1,25,11,13,55,12,2,1,0,47,1,20,2,20002,4,2003,2G1WF52E2394,2,G,1,W,F,5,2,E,2,3,9,4,0,P,CHEV,IMP,4D,3,17,3389,,0,1105,,G,,F,6,207,,,16R225,,,,,,0,0,000000000,00000000000,0,0,0,1,0,0,0,0,0,0,0,998,0,0,0,12,6,2,12,0,0,0,1,47,38128,6,1,0,0,3,0,63,115,2,0,0,0,0,1,2011,2,2011,9,51,0,0,0,2,6,45,2,1,2,1,0,0,14,54,1,1,1,50,1,0
47,470854,1,2,2,28,11,17,50,12,6,1,0,47,1,18,2,18002,4,2001,1G4HP54K3142,1,G,4,H,P,5,4,K,3,1,4,2,0,P,BUIC,LCF,4D,1,17,3567,,0,1122,,G,,F,6,231,,,15R215,,,,,,0,0,000000000,00000000000,0,0,0,1,0,0,0,0,0,0,0,998,0,0,0,3,6,2,12,0,0,0,1,47,38464,6,1,0,0,3,0,68,160,0,0,0,0,0,0,0,0,0,0,38,0,0,0,2,2,55,1,1,2,1,21,3,11,15,1,1,1,68,1,0
47,470854,2,2,1,28,11,17,50,12,6,1,0,47,3,12,16,12016,4,2006,2FAHP71W96X1,2,F,A,H,P,7,1,W,9,6,X,1,0,P,FORD,CVP,4D,6,17,0,,0,1147,,G,,F,8,281,,,17R235,,,,,,0,0,000000000,00000000000,0,0,0,1,0,0,0,0,0,0,0,998,0,0,0,1,6,2,12,0,0,0,1,47,38468,6,1,0,0,3,0,71,190,0,0,0,0,0,0,0,0,0,1,16,0,0,0,2,2,55,1,1,2,1,0,0,1,17,1,1,1,69,0,0
47,470855,1,2,2,25,11,0,29,52,0,1,0,13,1,12,17,12017,4,2003,1FAFP55U73A1,1,F,A,F,P,5,5,U,7,3,A,1,0,P,FORD,TSS,4D,3,17,3329,,0,1085,,G,,F,6,182,,,16R215,,,,,,0,0,000000000,00000000000,0,0,0,1,0,0,0,0,0,0,0,998,0,0,0,1,6,2,52,0,0,0,1,13,30720,6,1,0,0,3,0,71,200,98,1,0,2,1,11,2010,5,2012,9,28,0,0,0,3,4,55,3,1,1,1,0,0,14,13,1,1,4,1,1,1
47,470855,2,2,1,25,11,0,29,52,0,1,0,21,1,7,24,7024,4,2011,2B3CL3CG4BH5,2,B,3,C,L,3,C,G,4,B,H,5,0,P,DODG,CHA,4D,11,17,3961,,0,1200,,F,,F,6,220,,,17R215,,,,,,0,0,000000000,00000000000,0,0,0,1,0,0,0,0,0,0,0,998,0,0,0,12,2,1,18,0,0,0,1,21,40475,6,1,0,0,3,0,71,175,0,0,0,0,0,0,0,0,0,0,81,0,0,0,3,4,55,3,1,1,1,0,0,14,90,1,1,1,98,0,0
47,470856,1,1,1,20,11,0,55,34,0,1,0,47,2,20,481,20481,31,1998,1GCEC19M8WR1,1,G,C,E,C,1,9,M,8,W,R,1,0,T,CHEV,GC1,PC,98,17,,2,1555,1415,GM4,G,,,8,305,,,,B,4145,03,,42,0,0,000000000,00000000000,0,0,0,1,0,0,0,0,0,0,0,998,0,0,0,12,6,2,2,0,0,1,1,47,37110,6,1,0,0,3,1,73,230,0,0,0,0,0,0,0,0,0,9,99,99,99,99,1,2,55,1,1,2,1,0,0,1,9,99,1,4,10,1,0
47,470857,1,1,1,8,10,2,11,21,0,1,0,47,1,49,32,49032,4,1999,1NXBR12EXXZ1,1,N,X,B,R,1,2,E,X,X,Z,1,0,P,TOYT,UVL,4D,99,17,2414,,0,970,,G,,F,4,109,,,14R175,,,,,,0,0,000000000,00000000000,0,0,0,1,0,0,0,0,0,0,0,998,0,1,6,12,6,2,2,0,0,1,1,47,38329,6,1,0,0,3,0,70,175,3,0,0,0,0,2,2010,8,2012,9,99,99,99,99,1,2,40,1,1,2,1,0,0,1,9,99,1,4,10,1,0
47,470858,1,2,1,9,11,17,14,1,0,1,0,47,1,23,461,23461,21,1986,1GDEG25H3G75,1,G,D,E,G,2,5,H,3,G,7,5,0,T,GMC,RV2,CG,86,17,,2,1250,1100,R/V,G,,,8,305,,,,C,3621,11,A,42,0,0,000000000,00000000000,0,0,0,1,0,0,0,0,0,0,0,998,0,1,1,0,6,2,12,0,0,1,1,47,37854,6,1,0,0,3,1,72,150,0,0,0,0,0,0,0,0,0,9,28,0,0,0,2,6,65,1,1,2,1,0,0,1,98,1,1,6,98,1,1
47,470858,2,2,4,9,11,17,14,1,0,1,0,21,1,42,401,42401,14,2005,4JGAB57E15A5,4,J,G,A,B,5,7,E,1,5,A,5,0,P,MERZ,M35,UT,5,17,4819,,0,1110,,G,,F,6,227,,,17R255,,,,,,0,0,000000000,00000000000,0,0,0,1,0,0,0,0,0,0,0,998,0,0,0,12,6,2,12,0,0,0,1,21,40067,9,9,99,9,9,9,999,999,99,99,99,99,99,99,9999,99,9999,0,0,0,0,0,2,6,65,1,1,2,1,0,0,1,98,1,1,1,98,0,0
47,470859,1,3,2,2,12,20,13,12,6,1,0,47,2,12,422,12422,15,2004,1FMFU18L54LA,1,F,M,F,U,1,8,L,5,4,L,A,0,P,FORD,EPT,UT,4,17,5595,,0,1191,,G,,F,8,330,,,17R265,,,,,,0,0,000000000,00000000000,0,0,0,1,0,0,0,0,0,0,0,998,0,0,0,8,6,2,12,0,0,0,1,47,38109,0,0,0,0,0,0,61,193,0,0,0,0,0,0,0,0,0,0,38,0,0,0,1,2,99,1,1,2,1,0,0,10,16,99,1,3,78,0,0
47,470859,2,3,1,2,12,20,13,12,6,1,0,47,1,72,706,72706,80,2006,1HD1KBW146Y6,1,H,D,1,K,B,W,1,4,6,Y,6,0,M,HD,FHI,RS,6,17,,,,,,,1450,,2,,4,745,,,,,,,0,0,000000000,00000000000,0,0,0,1,0,0,0,0,0,0,0,998,0,0,0,12,6,2,12,0,0,0,1,47,38109,6,1,0,0,3,9,73,250,1,2,0,0,0,12,2009,11,2011,0,0,0,0,0,5,6,40,1,1,2,1,0,0,1,65,99,1,1,79,1,1
47,470859,3,3,4,2,12,20,13,12,6,1,0,47,2,12,17,12017,4,2002,1FAFP55U32A1,1,F,A,F,P,5,5,U,3,2,A,1,0,P,FORD,TSS,4D,2,17,3392,,0,1085,,G,,F,6,182,,,16R215,,,,,,0,0,000000000,00000000000,0,0,0,1,0,0,0,0,0,0,0,998,0,0,0,12,2,1,18,0,0,0,1,47,38125,6,1,0,0,3,0,65,220,0,0,0,0,0,0,0,0,0,0,0,0,0,0,5,6,40,1,1,2,1,0,0,1,80,99,1,1,98,0,0
47,470860,1,2,1,19,10,13,18,12,6,1,0,47,2,35,50,35050,5,2011,3N1BC1CP5BL4,3,N,1,B,C,1,C,P,5,B,L,4,0,P,NISS,VSL,4H,11,17,2693,,0,1024,,G,,F,4,110,,,15R185,,,,,,0,0,000000000,00000000000,0,0,0,1,0,0,0,0,0,0,0,998,0,0,0,1,6,2,12,0,0,0,1,47,37066,6,1,0,0,3,0,68,120,0,0,0,0,0,0,0,0,0,0,0,0,0,0,1,2,30,1,1,2,1,0,0,1,66,1,1,1,87,0,0
47,470860,2,2,1,19,10,13,18,12,6,1,0,47,1,7,7,7007,4,1985,1B3BG56P1FX5,1,B,3,B,G,5,6,P,1,F,X,5,0,P,DODG,DPS,4D,85,17,3628,,0,1127,,G,,2,8,318,,,15R205,,,,,,0,0,000000000,00000000000,0,0,0,1,0,0,0,0,0,0,0,998,0,0,0,12,6,2,12,0,0,0,1,47,37138,6,1,0,0,3,0,65,150,0,0,0,0,0,0,0,0,0,0,38,0,0,0,1,2,30,1,2,2,1,40,3,1,17,1,1,1,86,1,0
47,470861,1,2,1,24,8,14,6,12,6,1,0,47,1,12,401,12401,14,1995,1FMDU34X4SUB,1,F,M,D,U,3,4,X,4,S,U,B,0,P,FORD,EPR,UT,95,17,4053,,0,1115,,G,,F,6,245,,,15R225,,,,,,0,0,000000000,00000000000,0,0,0,1,0,0,0,0,0,0,0,998,0,0,0,12,6,2,12,0,0,0,1,47,38310,6,1,0,0,3,0,61,145,0,0,0,0,0,0,0,0,0,0,0,0,0,0,2,2,45,1,1,2,1,1,3,1,68,1,1,1,88,0,0
47,470861,2,2,2,24,8,14,6,12,6,1,0,47,1,12,16,12016,4,2008,2FAFP74V08X1,2,F,A,F,P,7,4,V,0,8,X,1,0,P,FORD,CVR,4D,8,17,0,,0,1147,,F,,F,8,281,,,16R225,,,,,,0,0,000000000,00000000000,0,0,0,1,0,0,0,0,0,0,0,998,0,0,0,9,6,2,12,0,0,0,1,29,63953,6,1,0,0,3,1,69,125,0,0,0,0,0,0,0,0,0,0,38,0,0,0,2,2,45,1,1,2,1,4,3,4,19,1,1,1,89,1,0
47,470862,1,1,1,21,11,4,58,19,0,1,1,47,5,22,20,22020,2,1997,1G2WP1217VF2,1,G,2,W,P,1,2,1,7,V,F,2,0,P,PONT,GTP,CP,97,17,0,,0,1105,,G,,Z,6,231,,,16R225,,,,,,0,0,000000000,00000000000,0,0,0,1,0,0,0,0,0,0,0,998,0,0,0,12,6,2,2,0,0,1,1,47,38348,2,1,0,0,2,0,71,150,0,0,0,0,0,0,0,0,0,9,28,36,39,91,1,2,55,1,1,2,1,20,3,1,14,99,1,4,14,0,1
47,470863,1,2,1,3,12,6,46,12,6,1,0,47,1,35,402,35402,14,2005,5N1AN08W65C6,5,N,1,A,N,0,8,W,6,5,C,6,0,P,NISS,XTR,UT,5,17,5200,,0,1063,,G,,F,6,244,,,16R265,,,,,,0,0,000000000,00000000000,0,0,0,1,0,0,0,0,0,0,0,998,0,0,0,11,6,2,12,0,0,0,1,47,37066,6,1,0,0,3,1,64,185,0,0,0,0,0,0,0,0,0,0,28,0,0,0,1,2,55,1,1,2,1,0,0,1,10,99,1,2,64,1,0
47,470863,2,2,1,3,12,6,46,12,6,1,0,42,1,20,2,20002,4,2010,2G1WA5EK3A11,2,G,1,W,A,5,E,K,3,A,1,1,0,P,CHEV,IPL,4D,10,17,3555,,0,1105,,F,,F,6,214,,,16R225,,,,,,0,0,000000000,00000000000,0,0,0,1,0,0,0,0,0,0,0,998,0,0,0,11,6,2,12,0,0,0,1,47,37066,6,1,0,0,3,0,76,200,0,0,0,1,0,8,2011,8,2011,0,0,0,0,0,1,2,55,1,1,2,1,0,0,1,62,99,1,1,65,1,0
47,470864,1,1,1,3,11,6,8,33,0,1,0,47,1,12,471,12471,30,2002,1FTYR10D92TA,1,F,T,Y,R,1,0,D,9,2,T,A,0,T,FORD,RNG,PK,2,17,,1,1175,1116,RNG,G,,,4,140,,,,B,3085,03,E,42,0,0,000000000,00000000000,0,0,0,1,0,0,0,0,0,0,0,998,0,0,0,12,6,2,21,0,0,0,1,47,37415,6,1,0,0,3,0,68,160,0,0,0,0,0,0,0,0,0,9,99,99,99,99,1,4,35,1,1,2,1,0,0,1,13,99,1,4,1,1,0
47,470865,1,1,1,18,11,3,3,52,0,1,0,47,2,53,34,53034,4,2005,KL5JJ56Z25K1,K,L,5,J,J,5,6,Z,2,5,K,1,0,P,SUZI,FZX,4D,5,17,2700,,0,1024,,G,,F,4,122,,,15R195,,,,,,0,0,000000000,00000000000,0,0,0,1,0,0,0,0,0,0,0,998,0,0,0,5,6,2,52,0,0,0,1,47,37042,1,1,0,0,2,0,65,160,0,2,0,0,0,3,2012,7,2012,1,99,99,99,99,1,2,30,3,5,2,1,0,0,14,13,99,1,4,1,1,0
47,470866,1,1,1,4,12,18,22,8,0,1,0,47,1,49,40,49040,4,2003,4T1BE30K63U7,4,T,1,B,E,3,0,K,6,3,U,7,0,P,TOYT,UXS,4D,3,17,2993,,0,1071,,G,,F,4,144,,,15R205,,,,,,0,0,000000000,00000000000,0,0,0,1,0,0,0,0,0,0,0,998,0,0,0,12,4,1,8,0,0,0,1,47,37303,6,1,0,0,3,0,68,160,0,0,0,0,0,0,0,0,0,0,0,0,0,0,2,2,45,1,1,2,1,0,0,1,80,1,1,1,13,0,0
47,470867,1,1,1,28,11,3,35,8,0,1,1,47,1,22,2,22002,4,2002,1G2HX54K1242,1,G,2,H,X,5,4,K,1,2,4,2,0,P,PONT,BVS,4D,2,17,3633,,0,1122,,G,,F,6,231,,,16R225,,,,,,0,0,000000000,00000000000,0,0,0,1,0,0,0,0,0,0,0,998,0,0,0,12,4,1,8,0,0,0,1,47,38401,6,1,0,0,3,0,69,135,0,1,1,2,0,3,2010,9,2012,9,6,51,0,0,1,2,45,1,1,2,1,0,0,1,80,1,1,2,13,0,0
47,470868,1,2,1,5,12,18,15,12,6,1,0,47,2,51,43,51043,4,1998,YV1LS554XW24,Y,V,1,L,S,5,5,4,X,W,2,4,0,P,VOLV,S70,4D,98,17,3152,,0,1049,,G,,F,5,149,,,15R195,,,,,,0,0,000000000,00000000000,0,0,0,1,0,0,0,0,0,0,0,998,0,0,0,3,6,2,12,0,0,0,1,47,37190,6,1,0,0,3,1,66,184,0,0,0,0,0,0,0,0,0,0,28,0,0,0,1,2,55,3,5,2,1,0,0,14,10,99,1,2,64,1,0
47,470868,2,2,2,5,12,18,15,12,6,1,0,47,1,2,404,2404,14,1998,1J4FX48S1WC3,1,J,4,F,X,4,8,S,1,W,C,3,0,T,JEEP,LSE,4W,98,17,,1,0,1059,GCK,G,,,6,242,,,,,3531,01,E,42,0,0,000000000,00000000000,0,0,0,1,0,0,0,0,0,0,0,998,0,0,0,12,6,2,12,0,0,0,1,47,37190,6,1,0,0,3,0,71,190,1,0,0,0,0,12,2009,12,2009,0,0,0,0,0,1,2,55,2,6,2,1,0,0,14,62,99,1,1,65,0,0
47,470869,1,1,1,30,11,19,35,8,0,1,0,47,1,20,2,20002,4,2005,2G1WH52K4591,2,G,1,W,H,5,2,K,4,5,9,1,0,P,CHEV,IPL,4D,5,17,3466,,0,1105,,G,,F,6,231,,,16R225,,,,,,0,0,000000000,00000000000,0,0,0,1,0,0,0,0,0,0,0,30,0,0,0,12,6,2,8,0,0,0,1,47,37206,6,1,0,0,3,0,67,240,0,0,0,0,0,0,0,0,0,0,0,0,0,0,2,2,35,1,2,2,1,0,0,1,80,1,1,1,13,0,0
47,470870,1,1,2,26,10,18,14,1,0,1,0,0,0,98,739,98739,90,2013,4XAJT9EA7DF6,4,X,A,J,T,9,E,A,7,D,F,6,0,M,POLS,R9E,AT,13,17,,,,,,,875,,2,,4,1190,,,,,,,0,0,000000000,00000000000,0,0,0,1,0,0,0,0,0,0,0,998,0,1,1,0,6,2,1,0,0,0,1,21,42167,6,1,0,0,1,0,999,999,1,0,0,0,0,3,2012,3,2012,1,6,18,36,0,9,1,99,4,2,4,1,0,0,14,6,1,1,1,98,1,1
47,470871,1,2,2,6,12,13,25,12,6,1,0,47,1,20,16,20016,4,1997,1G1JC5243V73,1,G,1,J,C,5,2,4,3,V,7,3,0,P,CHEV,CAV,4D,97,17,2630,,0,1041,,G,,F,4,133,,,14R195,,,,,,0,0,000000000,00000000000,0,0,0,1,0,0,0,0,0,0,0,998,0,0,0,3,6,2,12,0,0,0,1,47,37868,6,1,0,0,3,1,66,205,0,0,0,0,0,0,0,0,0,0,38,0,0,0,2,2,50,1,1,2,1,0,0,11,15,99,1,1,68,2,0
47,470871,2,2,1,6,12,13,25,12,6,1,0,47,1,19,421,19421,15,2005,1GYEC63T85R1,1,G,Y,E,C,6,3,T,8,5,R,1,0,P,CADI,ESC,UT,5,17,5367,,0,1160,,G,,F,8,323,,,17R265,,,,,,0,0,000000000,00000000000,0,0,0,1,0,0,0,0,0,0,0,998,0,0,0,12,6,2,12,0,0,0,1,47,37772,6,1,0,0,3,0,62,130,0,0,0,0,0,0,0,0,0,0,0,0,0,0,2,2,50,1,1,2,1,0,0,1,62,99,1,1,69,0,0
47,470872,1,2,2,6,12,15,30,12,6,1,0,47,1,49,32,49032,4,2007,2T1BR32E17C8,2,T,1,B,R,3,2,E,1,7,C,8,0,P,TOYT,UCS,4D,7,17,2530,,0,1024,,G,,F,4,109,,,15R185,,,,,,0,0,000000000,00000000000,0,0,0,1,0,0,0,0,0,0,0,998,0,0,0,9,6,2,12,0,0,0,1,47,38478,6,1,0,0,3,0,67,170,0,0,0,0,0,0,0,0,0,0,38,0,0,0,1,2,99,1,6,2,1,20,3,11,15,99,1,1,76,2,0
47,470872,2,2,1,6,12,15,30,12,6,1,0,47,1,20,481,20481,31,2001,1GCHK24GX1E2,1,G,C,H,K,2,4,G,X,1,E,2,0,T,CHEV,2KH,PK,1,17,,2,0,1330,SIL,G,,,8,496,,,,C,5240,00,,44,0,0,000000000,00000000000,0,0,0,1,0,0,0,0,0,0,0,998,0,0,0,12,6,2,12,0,0,0,1,47,37334,6,2,0,0,3,2,70,185,2,0,0,0,0,9,2012,10,2012,0,73,0,0,0,1,2,55,1,2,2,1,0,0,1,65,99,1,1,77,0,0
47,470873,1,1,3,1,12,23,0,42,0,1,0,1,2,55,37,55037,2,2003,KMHHN65F63U0,K,M,H,H,N,6,5,F,6,3,U,0,0,P,HYUN,TGT,CP,3,17,3015,,0,996,,G,,F,6,162,,,17R215,,,,,,0,0,000000000,00000000000,0,0,0,1,0,0,0,0,0,0,0,998,0,0,0,9,6,2,42,0,0,0,1,47,37334,1,1,0,0,2,0,70,165,0,0,0,0,1,9,2012,9,2012,1,6,28,0,0,1,2,55,2,2,2,1,0,0,14,12,99,1,4,6,1,1
47,470874,1,1,3,5,12,18,37,8,0,1,0,47,3,2,405,2405,14,2005,1J4GK48K15W5,1,J,4,G,K,4,8,K,1,5,W,5,0,T,JEEP,SPR,4W,5,17,,1,0,1043,LIB,G,,,6,226,,,,,3538,00,E,42,0,0,000000000,00000000000,0,0,0,1,0,0,0,0,0,0,0,998,0,0,0,11,4,1,8,0,0,0,1,47,38111,6,1,0,0,3,0,67,160,0,0,0,0,0,0,0,0,0,0,38,0,0,0,5,4,35,1,1,2,1,2,3,1,80,99,1,1,13,0,0