STATE,ST_CASE,VEH_NO,VE_FORMS,NUMOCCS,DAY,MONTH,HOUR,MINUTE,HARM_EV,MAN_COLL,UNITTYPE,HIT_RUN,REG_STAT,OWNER,MAKE,MODEL,MAK_MOD,BODY_TYP,MOD_YEAR,VIN,VIN_1,VIN_2,VIN_3,VIN_4,VIN_5,VIN_6,VIN_7,VIN_8,VIN_9,VIN_10,VIN_11,VIN_12,TOW_VEH,VINTYPE,VINMAKE,VINA_MOD,VIN_BT,VINMODYR,VIN_LNGT,VIN_WGT,WGTCD_TR,WHLBS_LG,WHLBS_SH,SER_TR,FUELCODE,MCYCL_DS,CARBUR,CYLINDER,DISPLACE,MCYCL_CY,MCYCL_WT,TIRE_SZE,TON_RAT,TRK_WT,TRKWTVAR,VIN_REST,WHLDRWHL,J_KNIFE,MCARR_I1,MCARR_I2,MCARR_ID,GVWR,V_CONFIG,CARGO_BT,HAZ_INV,HAZ_PLAC,HAZ_ID,HAZ_CNO,HAZ_REL,BUS_USE,SPEC_USE,EMER_USE,TRAV_SP,UNDERIDE,ROLLOVER,ROLINLOC,IMPACT1,DEFORMED,TOWED,M_HARM,VEH_SC1,VEH_SC2,FIRE_EXP,DR_PRES,L_STATE,DR_ZIP,L_STATUS,L_TYPE,CDL_STAT,L_ENDORS,L_COMPL,L_RESTRI,DR_HGT,DR_WGT,PREV_ACC,PREV_SUS,PREV_DWI,PREV_SPD,PREV_OTH,FIRST_MO,FIRST_YR,LAST_MO,LAST_YR,SPEEDREL,DR_SF1,DR_SF2,DR_SF3,DR_SF4,VTRAFWAY,VNUM_LAN,VSPD_LIM,VALIGN,VPROFILE,VPAVETYP,VSURCOND,VTRAFCON,VTCONT_F,P_CRASH1,P_CRASH2,P_CRASH3,PCRASH4,PCRASH5,ACC_TYPE,DEATHS,DR_DRINK
47,470909,2,2,1,24,12,3,11,12,2,1,0,47,2,35,43,35043,4,2012,3N1AB6AP2CL7,3,N,1,A,B,6,A,P,2,C,L,7,0,P,NISS,SBL,4D,12,17,2875,,0,1057,,G,,F,4,122,,,16R205,,,,,,0,0,000000000,00000000000,0,0,0,1,0,0,0,0,0,0,0,998,0,0,0,12,6,2,12,0,0,0,1,47,38016,6,1,0,0,3,3,60,125,1,0,0,0,0,11,2011,11,2011,0,0,0,0,0,3,4,65,1,1,2,2,0,0,1,54,99,1,1,51,1,0
47,470910,1,1,2,25,12,0,46,42,0,1,0,28,2,23,421,23421,15,1997,1GKEK13R9VJ7,1,G,K,E,K,1,3,R,9,V,J,7,0,T,GMC,YUK,4W,97,17,,2,0,1175,YUK,G,,,8,350,,,,B,5225,00,E,44,0,0,000000000,00000000000,0,0,0,1,0,0,0,0,0,0,0,998,0,1,1,12,6,2,42,0,0,0,1,47,38118,0,0,0,0,0,0,61,114,0,0,0,0,0,0,0,0,0,0,6,0,0,0,1,2,40,1,5,2,1,0,0,1,13,99,9,4,1,2,0
47,470911,1,1,1,31,12,99,99,24,0,1,0,47,2,49,401,49401,14,1998,JT3HN86R9W01,J,T,3,H,N,8,6,R,9,W,0,1,0,P,TOYT,RUN,UT,98,17,3850,,0,1053,,G,,F,6,206,,,15R225,,,,,,0,0,000000000,00000000000,0,0,0,1,0,0,0,0,0,0,0,998,0,1,6,11,6,2,3,0,0,0,1,47,37922,6,1,0,0,3,2,69,180,0,0,0,0,0,0,0,0,0,9,74,0,0,0,1,2,30,1,1,2,99,0,0,1,12,99,1,4,10,1,1
47,470912,1,1,1,28,12,99,99,42,0,1,0,47,2,37,39,37039,5,2008,JHMGD38668S0,J,H,M,G,D,3,8,6,6,8,S,0,0,P,HOND,FIS,4H,8,17,2551,,0,965,,G,,F,4,091,,,15R195,,,,,,0,0,000000000,00000000000,0,0,0,1,0,0,0,0,0,0,0,998,0,0,0,3,6,2,42,0,0,0,1,47,37343,6,1,0,0,3,3,68,160,0,0,0,1,0,3,2011,3,2011,1,51,0,0,0,1,2,35,3,1,2,1,0,0,14,12,99,2,4,7,1,0
47,470913,1,1,1,26,12,17,35,42,0,1,0,47,1,12,481,12481,31,2001,1FTRX17LX1NB,1,F,T,R,X,1,7,L,X,1,N,B,0,T,FORD,F15,4C,1,17,,2,1571,1385,COF,G,,,8,330,,,,B,4204,05,U,42,0,0,000000000,00000000000,0,0,0,1,0,0,0,0,0,0,0,998,0,0,0,4,6,2,42,0,0,0,1,47,37379,6,1,0,0,3,0,73,225,0,0,0,0,0,0,0,0,0,9,28,0,0,0,1,2,55,3,5,2,1,0,0,14,13,99,1,4,1,1,1
47,470914,1,2,1,7,12,16,29,12,1,1,1,13,1,35,49,35049,6,2010,JN8AZ1MU5AW0,J,N,8,A,Z,1,M,U,5,A,W,0,0,P,NISS,MUR,UT,10,17,3761,,0,1112,,G,,F,6,214,,,18R235,,,,,,0,0,000000000,00000000000,0,0,0,1,0,0,0,0,0,0,0,998,7,0,0,12,4,1,12,0,0,0,1,13,30752,1,1,0,0,2,0,64,120,98,4,1,0,2,7,2010,10,2012,1,6,26,0,0,1,2,35,1,1,2,1,0,0,1,51,1,1,1,24,0,0
47,470914,2,2,1,7,12,16,29,12,1,1,0,47,1,99,709,99709,80,2005,5F02T79AX5C5,5,F,0,2,T,7,9,A,X,5,C,5,0,U,,,,5,17,,,,,,,,,,,,,,,,,,,0,0,000000000,00000000000,0,0,0,1,0,0,0,0,0,0,0,998,0,0,0,6,6,2,12,0,0,0,1,47,37409,2,1,0,0,2,0,71,166,0,1,1,0,0,1,2010,1,2010,0,0,0,0,0,1,2,35,1,1,2,1,0,0,1,53,1,1,1,25,1,0
47,470915,1,2,1,28,12,19,56,12,6,1,0,47,1,12,461,12461,21,2008,1FTNE24WX8DB,1,F,T,N,E,2,4,W,X,8,D,B,0,T,FORD,25V,CG,8,17,,2,0,1380,VAN,G,,,8,281,,,,C,00000,00,E,42,0,0,000000000,00000000000,0,0,0,1,0,0,0,0,0,0,0,998,0,0,0,12,6,2,12,0,0,0,1,47,37148,6,1,0,0,3,0,70,220,1,0,0,0,0,10,2010,10,2010,1,51,0,0,0,2,2,60,1,5,2,2,98,3,1,6,1,1,6,64,0,0
47,470915,2,2,5,28,12,19,56,12,6,1,0,47,2,37,32,37032,4,1999,1HGCG6671XA1,1,H,G,C,G,6,6,7,1,X,A,1,0,P,HOND,UEX,4D,99,17,3086,,0,1069,,G,,F,4,138,,,15R195,,,,,,0,0,000000000,00000000000,0,0,0,1,0,0,0,0,0,0,0,998,0,0,0,11,6,2,12,0,0,0,1,47,37217,6,1,0,0,3,0,70,160,0,0,0,0,0,0,0,0,0,9,0,0,0,0,2,2,60,1,6,2,2,98,3,1,54,1,1,1,65,1,0
47,470917,1,2,1,27,12,5,45,12,8,1,0,47,1,13,5,13005,4,1996,1LNLM97V6TY6,1,L,N,L,M,9,7,V,6,T,Y,6,0,P,LINC,CDS,4D,96,17,3881,,0,1090,,G,,F,8,281,,,16R225,,,,,,0,0,000000000,00000000000,0,0,0,1,0,0,0,0,0,0,0,998,0,0,0,11,6,2,12,0,0,0,1,47,37920,6,1,0,0,3,0,71,230,0,0,0,2,0,3,2010,8,2010,0,28,0,0,0,1,2,30,1,3,2,1,0,0,1,10,99,1,2,64,1,0
47,470917,2,2,1,27,12,5,45,12,8,1,0,47,1,7,482,7482,31,2001,3B7KF23671G2,3,B,7,K,F,2,3,6,7,1,G,2,0,T,DODG,Q25,4C,1,17,,2,1547,1387,RPC,D,,,6,359,,,,C,5586,01,U,44,0,0,000000000,00000000000,0,0,0,1,0,0,0,0,0,0,0,998,0,0,0,11,6,2,12,0,0,0,1,47,37871,6,1,0,0,3,0,74,206,0,0,0,0,0,0,0,0,0,0,0,0,0,0,1,2,30,1,3,2,1,0,0,1,62,99,1,1,65,0,0
47,470918,1,1,1,18,12,99,99,58,0,1,0,47,1,12,37,12037,4,2009,1FAHP35N29W1,1,F,A,H,P,3,5,N,2,9,W,1,0,P,FORD,FSE,4D,9,17,2623,,0,1029,,G,,F,4,122,,,16R205,,,,,,0,0,000000000,00000000000,0,0,0,1,0,0,0,0,0,0,0,998,0,0,0,12,6,2,58,0,0,0,1,47,38052,6,1,0,0,3,1,67,102,0,0,0,0,0,0,0,0,0,0,58,0,0,0,1,2,55,1,6,2,1,0,0,1,10,99,1,4,6,1,0
47,470919,1,1,2,22,12,1,54,39,0,1,0,47,2,63,34,63034,4,2008,KNAGE1232852,K,N,A,G,E,1,2,3,2,8,5,2,0,P,KIA,OLE,4D,8,17,3142,,0,1071,,G,,F,4,146,,,16R205,,,,,,0,0,000000000,00000000000,0,0,0,1,0,0,0,0,0,0,0,998,0,0,0,12,6,2,39,0,0,0,1,47,37407,2,1,0,0,2,0,69,210,1,5,1,1,0,10,2010,11,2011,1,0,0,0,0,5,4,40,2,1,2,1,0,0,14,6,99,2,4,7,2,1
47,470921,1,1,2,26,12,99,99,42,0,1,0,47,2,49,40,49040,4,2002,4T1BE32K12U0,4,T,1,B,E,3,2,K,1,2,U,0,0,P,TOYT,LXS,4D,2,17,3086,,0,1071,,G,,F,4,144,,,15R205,,,,,,0,0,000000000,00000000000,0,0,0,1,0,0,0,0,0,0,0,998,0,1,5,3,6,2,42,0,0,0,1,12,33776,1,1,0,0,2,0,71,999,0,1,0,1,1,11,2010,9,2012,0,58,0,0,0,1,2,45,3,1,2,1,0,0,14,12,99,1,4,6,2,1
47,470922,1,1,1,26,12,99,99,42,0,1,0,47,1,2,404,2404,14,1994,1J4FT68SXRL2,1,J,4,F,T,6,8,S,X,R,L,2,0,T,JEEP,SPT,4W,94,17,,1,0,1014,CHK,G,,,6,242,,,,,2928,00,A,42,0,0,000000000,00000000000,0,0,0,1,0,0,0,0,0,0,0,998,0,1,5,1,6,2,2,0,0,1,1,47,37075,2,1,2,0,2,0,71,150,0,1,0,0,0,3,2010,3,2010,0,99,99,99,99,1,2,55,1,1,2,2,0,0,99,13,99,9,9,1,1,0
47,470923,1,1,2,26,10,21,15,42,0,1,0,47,1,58,37,58037,2,2006,JNKCV54E66M7,J,N,K,C,V,5,4,E,6,6,M,7,0,P,INFI,G35,CP,6,17,3505,,0,1122,,G,,F,6,214,,,17R225,,,,,,0,0,000000000,00000000000,0,0,0,1,0,0,0,0,0,0,0,998,0,0,0,14,6,2,42,0,0,0,1,47,37221,1,1,0,0,2,0,67,180,0,0,0,3,0,9,2011,2,2012,1,6,28,0,0,5,4,45,1,1,2,2,0,0,15,6,7,3,4,2,2,0
47,470924,1,2,1,18,11,3,37,12,6,1,0,47,1,7,24,7024,4,2006,2B3KA53H66H1,2,B,3,K,A,5,3,H,6,6,H,1,0,P,DODG,CHR,4D,6,17,3995,,0,1200,,G,,F,8,348,,,18R225,,,,,,0,0,000000000,00000000000,0,0,0,1,0,0,0,0,0,0,0,998,0,0,0,1,6,2,8,0,0,0,1,47,37076,6,1,0,0,3,0,74,205,1,0,0,0,0,4,2011,4,2011,0,0,0,0,0,3,5,70,1,1,2,1,0,0,1,50,6,1,2,98,0,0
47,470924,2,2,0,18,11,3,37,12,6,1,0,47,6,20,481,20481,31,2002,2GCEK19T9211,2,G,C,E,K,1,9,T,9,2,1,1,0,T,CHEV,SK1,4C,2,17,,2,1575,1435,SIL,G,,,8,325,,,,B,4910,02,,44,0,0,000000000,00000000000,0,0,0,1,0,0,0,0,0,0,0,0,0,0,0,12,6,2,12,0,0,0,0,0,99997,7,6,97,7,6,7,998,997,998,998,998,998,998,98,9998,98,9998,8,20,54,0,0,3,5,70,1,1,2,1,0,0,0,98,0,0,0,98,0,0
47,470925,1,1,1,22,12,1,12,31,0,1,0,47,2,35,472,35472,30,2011,1N6BD0CT8BC4,1,N,6,B,D,0,C,T,8,B,C,4,0,T,NISS,FSV,4C,11,17,,1,0,0,FRT,G,,,4,153,,,,,3684,00,7,42,0,0,000000000,00000000000,0,0,0,1,0,0,0,0,0,0,0,998,0,0,0,9,6,2,31,0,0,0,1,47,37920,6,1,0,0,3,2,68,105,0,0,0,0,1,9,2012,9,2012,1,28,74,0,0,5,4,45,2,1,2,1,0,0,14,6,99,3,4,7,1,1
47,470926,1,1,1,25,12,0,50,30,0,1,0,47,1,42,42,42042,4,1998,WDBHA23G3WA5,W,D,B,H,A,2,3,G,3,W,A,5,0,P,MERZ,C23,4D,98,17,3095,,0,1059,,G,,F,4,140,,,15R205,,,,,,0,0,000000000,00000000000,0,0,0,1,0,0,0,0,0,0,0,998,0,0,0,2,6,2,30,0,0,0,1,47,37620,6,1,0,0,3,0,73,180,0,0,0,1,0,4,2012,4,2012,1,58,0,0,0,1,2,45,2,1,2,2,0,0,14,6,99,3,4,2,1,0
47,470927,1,1,1,26,12,12,15,24,0,1,0,47,2,22,16,22016,2,2003,1G2JB12F4371,1,G,2,J,B,1,2,F,4,3,7,1,0,P,PONT,SFR,CP,3,17,2771,,0,1041,,G,,F,4,134,,,14R195,,,,,,0,0,000000000,00000000000,0,0,0,1,0,0,0,0,0,0,0,998,0,0,0,98,6,2,35,0,0,0,1,47,38059,6,1,0,0,3,0,66,199,1,0,0,0,1,2,2012,5,2012,0,58,87,0,0,1,2,55,3,1,2,10,0,0,14,5,7,3,4,2,1,0
47,470928,1,1,1,29,11,2,58,42,0,1,0,47,1,20,473,20473,30,2006,1GCDT136X682,1,G,C,D,T,1,3,6,X,6,8,2,0,T,CHEV,RDO,CW,6,17,,1,0,1260,CAL,G,,,5,214,,,,,3962,00,,44,0,0,000000000,00000000000,0,0,0,1,0,0,0,0,0,0,0,998,0,0,0,1,6,2,2,0,0,1,1,47,37160,6,1,0,0,3,0,70,165,0,0,0,0,0,0,0,0,0,0,0,0,0,0,1,2,35,3,1,2,1,0,0,14,13,99,1,4,1,1,1
47,470929,1,1,1,9,12,2,33,34,0,1,0,47,1,35,47,35047,4,1999,1N4DL01D4XC1,1,N,4,D,L,0,1,D,4,X,C,1,0,P,NISS,AGS,4D,99,17,2762,,0,1031,,G,,F,4,146,,,15R195,,,,,,0,0,000000000,00000000000,0,0,0,1,0,0,0,0,0,0,0,998,0,1,5,10,6,2,34,0,0,0,1,47,37217,6,1,0,0,3,3,72,265,0,1,0,0,0,2,2010,2,2010,1,0,0,0,0,6,2,70,2,6,1,2,0,0,14,6,99,2,4,7,1,1
47,470930,1,1,1,29,12,10,34,1,0,1,0,47,2,59,34,59034,4,1993,JT8JS47E3P00,J,T,8,J,S,4,7,E,3,P,0,0,0,P,LEXS,GS3,4D,93,17,3625,,0,1094,,G,,F,6,183,,,16R215,,,,,,0,0,000000000,00000000000,0,0,0,1,0,0,0,0,0,0,0,998,0,1,5,0,6,2,42,0,0,0,1,47,37069,6,1,0,0,3,1,73,150,2,0,0,1,1,6,2011,3,2012,0,99,99,99,99,2,3,45,1,1,2,2,0,0,1,13,99,1,4,1,1,0
47,470931,1,4,1,28,12,18,19,8,0,1,0,47,1,22,18,22018,4,2000,1G2NE52T4YM8,1,G,2,N,E,5,2,T,4,Y,M,8,0,P,PONT,GAS,4D,0,17,3116,,0,1070,,G,,F,4,146,,,15R215,,,,,,0,0,000000000,00000000000,0,0,0,1,0,0,0,0,0,0,0,998,0,0,0,12,6,2,8,0,0,0,1,47,37087,6,1,0,0,3,1,70,190,1,0,0,0,0,10,2012,10,2012,0,0,0,0,0,5,4,45,1,1,2,2,0,0,1,80,8,1,2,13,0,0
47,470931,2,4,1,28,12,18,19,8,0,1,0,47,1,22,20,22020,4,1998,1G2WP52K3WF3,1,G,2,W,P,5,2,K,3,W,F,3,0,P,PONT,GPG,4D,98,17,3414,,0,1105,,G,,F,6,231,,,16R225,,,,,,0,0,000000000,00000000000,0,0,0,1,0,0,0,0,0,0,0,998,0,0,0,14,2,1,8,0,0,0,1,47,37115,6,1,0,0,3,0,70,200,0,0,0,0,0,0,0,0,0,0,0,0,0,0,5,4,45,1,1,2,2,0,0,1,80,2,1,1,98,0,0
47,470931,3,4,1,28,12,18,19,8,0,1,0,47,1,12,461,12461,21,2000,1FMRE11W8YHA,1,F,M,R,E,1,1,W,8,Y,H,A,0,P,FORD,ECO,SV,0,17,5045,,0,1380,,G,,F,8,281,,,15R235,,,,,,0,0,000000000,00000000000,0,0,0,1,0,0,0,0,0,0,0,998,0,0,0,14,0,1,8,0,0,0,1,47,37116,6,1,0,0,3,0,73,268,0,0,0,0,0,0,0,0,0,0,0,0,0,0,5,4,45,1,1,2,2,0,0,1,80,4,1,1,98,0,0
47,470931,4,4,1,28,12,18,19,8,0,1,0,47,1,7,25,7025,5,2010,1B3CB4HA3AD6,1,B,3,C,B,4,H,A,3,A,D,6,0,P,DODG,CXT,4D,10,17,3039,,0,1037,,G,,F,4,122,,,17R215,,,,,,0,0,000000000,00000000000,0,0,0,1,0,0,0,0,0,0,0,998,0,0,0,12,2,1,12,0,0,0,1,47,37138,6,1,0,0,3,1,64,150,0,0,0,1,0,7,2010,7,2010,0,0,0,0,0,5,4,45,1,1,2,2,0,0,1,50,3,2,1,98,0,0
47,470932,1,2,1,23,8,17,13,12,2,1,0,47,2,53,705,53705,80,2006,JS1GN7DA2621,J,S,1,G,N,7,D,A,2,6,2,1,0,M,SUZI,K6R,RC,6,17,,,,,,,599,,4,,4,354,,,,,,,0,0,000000000,00000000000,0,0,0,1,0,0,0,0,0,0,0,998,0,0,0,12,6,2,12,0,0,0,1,47,37660,2,1,0,0,2,0,77,250,0,1,0,1,3,7,2010,7,2012,1,99,99,99,99,1,2,30,3,2,2,1,0,0,14,10,1,1,2,50,1,0
47,470932,2,2,1,23,8,17,13,12,2,1,0,47,2,20,25,20025,4,2012,1G1PH5SC8C71,1,G,1,P,H,5,S,C,8,C,7,1,0,P,CHEV,CZZ,4D,12,17,3102,,0,1057,,G,,T,4,085,,,18R255,,,,,,0,0,000000000,00000000000,0,0,0,1,0,0,0,0,0,0,0,998,0,0,0,12,6,2,12,0,0,0,1,47,37615,6,1,0,0,3,0,69,130,0,0,0,0,0,0,0,0,0,0,0,0,0,0,1,2,30,2,2,2,1,0,0,14,62,1,1,1,51,0,0
47,470933,1,1,1,22,9,19,15,42,0,1,0,47,1,20,481,20481,31,2005,1GCEC19X35Z2,1,G,C,E,C,1,9,X,3,5,Z,2,0,T,CHEV,SC1,4C,5,17,,2,1575,1435,SIL,G,,,6,262,,,,B,4555,00,,42,0,0,000000000,00000000000,0,0,0,1,0,0,0,0,0,0,0,998,0,0,0,3,6,2,42,0,0,0,1,47,37015,6,1,0,0,3,0,70,150,0,0,0,0,0,0,0,0,0,1,6,28,58,0,1,2,45,3,6,2,1,0,0,14,13,8,4,4,1,1,0
47,470934,1,2,1,13,9,13,9,12,6,1,0,47,1,23,471,23471,30,1991,1GTCS14Z8M85,1,G,T,C,S,1,4,Z,8,M,8,5,0,T,GMC,SON,PK,91,17,,1,1179,1083,SON,G,,,6,262,,,,B,4050,01,A,42,0,0,000000000,00000000000,0,0,0,1,0,0,0,0,0,0,0,998,0,0,0,12,4,3,12,0,0,0,1,47,37148,6,1,0,0,3,0,64,137,0,0,0,0,0,0,0,0,0,0,38,0,0,0,1,2,40,1,1,2,1,4,2,1,17,99,1,1,88,1,0
47,470934,2,2,1,13,9,13,9,12,6,1,0,99,9,23,481,23481,31,2005,2GTEK13T0513,2,G,T,E,K,1,3,T,0,5,1,3,0,T,GMC,NK1,CW,5,17,,2,0,1435,SIE,G,,,8,325,,,,B,5299,00,E,44,0,0,000000000,00000000000,0,0,0,1,0,0,0,0,0,0,0,998,0,0,0,10,4,3,12,0,0,0,1,47,37148,6,1,0,0,3,0,76,240,2,1,0,1,0,9,2010,6,2012,0,0,0,0,0,2,2,55,1,1,2,1,4,2,1,66,99,1,1,89,0,0
47,470935,1,2,1,10,11,12,38,12,6,1,0,47,1,72,706,72706,80,1998,1HD4CAM3XWY2,1,H,D,4,C,A,M,3,X,W,Y,2,0,M,HD,X88,RS,98,17,,,,,,,883,,2,,4,489,,,,,,,0,0,000000000,00000000000,0,0,0,1,0,0,0,0,0,0,0,998,0,0,0,1,4,3,12,0,0,0,1,47,37143,2,1,0,0,2,0,74,280,0,0,0,0,0,0,0,0,0,0,0,0,0,0,5,4,45,1,2,2,1,0,0,1,67,6,1,2,83,1,0
47,470935,2,2,1,10,11,12,38,12,6,1,0,47,1,7,482,7482,31,2004,1D7HA16D14J2,1,D,7,H,A,1,6,D,1,4,J,2,0,T,DODG,S15,PK,4,17,,2,1405,1205,RPC,G,,,8,345,,,,B,4445,01,E,42,0,0,000000000,00000000000,0,0,0,1,0,0,0,0,0,0,0,998,0,0,0,12,4,3,12,0,0,0,1,47,37115,6,1,0,0,3,1,65,155,0,0,0,0,0,0,0,0,0,0,38,39,0,0,5,4,45,1,2,2,1,28,3,11,15,4,1,3,82,0,0
47,470936,1,2,1,29,12,23,37,12,2,1,0,47,1,52,47,52047,6,2006,JA4LX41F46U0,J,A,4,L,X,4,1,F,4,6,U,0,0,P,MITS,OUT,UT,6,17,3329,,0,1033,,G,,F,4,145,,,17R215,,,,,,0,0,000000000,00000000000,0,0,0,1,0,0,0,0,0,0,0,998,7,0,0,12,6,2,12,0,0,0,1,47,37208,6,1,0,0,3,0,74,185,0,0,0,0,0,0,0,0,0,0,0,0,0,0,1,4,30,3,1,2,1,0,0,14,62,99,1,1,51,0,0
47,470936,2,2,2,29,12,23,37,12,2,1,0,47,1,37,31,37031,3,1993,2HGEH2364PH5,2,H,G,E,H,2,3,6,4,P,H,5,0,P,HOND,CID,2H,93,17,2178,,0,1013,,G,,F,4,091,,,13R175,,,,,,0,0,000000000,00000000000,0,0,0,1,0,0,0,0,0,0,0,998,1,0,0,12,6,2,12,0,0,0,1,47,37208,6,1,0,0,3,0,65,150,0,0,0,0,0,0,0,0,0,0,28,0,0,0,1,4,30,2,1,2,1,0,0,14,10,99,1,2,50,1,0
47,470937,1,3,1,20,12,17,51,12,2,1,0,47,1,12,481,12481,31,2005,1FTPW14565KE,1,F,T,P,W,1,4,5,6,5,K,E,0,T,FORD,F1S,CW,5,17,,2,1450,1260,COF,G,,,8,330,,,,B,5577,00,U,44,0,0,000000000,00000000000,0,0,0,1,0,0,0,0,0,0,0,998,0,0,0,12,6,2,12,0,0,0,1,47,37660,6,1,6,0,3,0,75,225,0,0,0,0,2,2,2010,3,2010,9,6,51,0,0,1,2,55,4,2,2,2,0,0,14,10,1,1,2,50,0,0
47,470937,2,3,1,20,12,17,51,12,2,1,0,47,2,49,32,49032,4,2005,1NXBR32E35Z3,1,N,X,B,R,3,2,E,3,5,Z,3,0,P,TOYT,UCS,4D,5,17,2530,,0,1024,,G,,F,4,109,,,15R185,,,,,,0,0,000000000,00000000000,0,0,0,1,0,0,0,0,0,0,0,998,0,0,0,12,6,2,12,0,0,0,1,47,37642,2,1,0,0,2,0,70,135,0,0,0,0,0,0,0,0,0,9,99,99,99,99,1,2,55,4,2,2,2,0,0,14,62,1,1,1,51,1,0
47,470937,3,3,1,20,12,17,51,12,2,1,0,47,1,20,481,20481,31,2003,1GCEK14V93Z2,1,G,C,E,K,1,4,V,9,3,Z,2,0,T,CHEV,SK1,PK,3,17,,2,1330,1190,SIL,G,,,8,293,,,,B,4676,01,,44,0,0,000000000,00000000000,0,0,0,1,0,0,0,0,0,0,0,998,0,0,0,7,4,1,12,0,0,0,1,47,37660,6,1,0,0,3,0,67,195,0,0,0,0,0,0,0,0,0,0,0,0,0,0,1,2,55,4,2,2,2,0,0,14,98,1,1,2,98,0,0
47,470938,1,2,3,24,12,14,6,12,6,1,0,47,1,18,22,18022,4,2008,2G4WD5821811,2,G,4,W,D,5,8,2,1,8,1,1,0,P,BUIC,LAL,4D,8,17,3502,,0,1105,,G,,F,6,232,,,16R225,,,,,,0,0,000000000,00000000000,0,0,0,1,0,0,0,0,0,0,0,998,0,0,0,9,6,2,12,0,0,0,1,47,37618,6,1,0,0,3,3,68,180,0,0,0,0,0,0,0,0,0,0,38,87,0,0,5,4,55,1,2,2,2,0,0,11,15,99,1,1,82,1,0
47,470938,2,2,2,24,12,14,6,12,6,1,0,47,1,12,481,12481,31,1996,1FTEX15H5TKA,1,F,T,E,X,1,5,H,5,T,K,A,0,T,FORD,F15,PC,96,17,,2,1550,1390,COF,G,,,8,351,,,,B,4196,00,M,42,0,0,000000000,00000000000,0,0,0,1,0,0,0,0,0,0,0,998,0,0,0,12,6,2,12,0,0,0,1,47,37617,6,1,6,0,3,3,71,176,0,0,0,0,0,0,0,0,0,0,87,0,0,0,5,4,55,1,2,2,2,0,0,1,72,99,1,1,83,0,0
47,470939,1,1,1,15,9,2,20,19,0,1,0,47,1,12,401,12401,14,1993,1FMDU34XXPUB,1,F,M,D,U,3,4,X,X,P,U,B,0,P,FORD,EPR,UT,93,17,3997,,0,1120,,G,,F,6,245,,,15R225,,,,,,0,0,000000000,00000000000,0,0,0,1,0,0,0,0,0,0,0,998,0,0,0,12,6,2,14,0,0,0,1,47,38544,2,1,0,0,2,3,70,175,0,0,0,0,0,0,0,0,0,0,0,0,0,0,1,2,99,1,2,2,1,0,0,1,13,99,1,4,1,1,0
47,470940,1,2,2,29,12,19,38,12,1,1,0,47,1,20,16,20016,4,2002,1G1JC5249272,1,G,1,J,C,5,2,4,9,2,7,2,0,P,CHEV,CAC,4D,2,17,2676,,0,1041,,C,,F,4,133,,,14R195,,,,,,0,0,000000000,00000000000,0,0,0,1,0,0,0,0,0,0,0,998,0,0,0,6,6,2,12,0,0,0,1,47,37127,6,1,0,0,3,1,63,121,0,0,0,0,0,0,0,0,0,0,28,58,87,0,1,2,40,2,1,2,2,0,0,14,5,6,3,2,64,1,0
47,470940,2,2,1,29,12,19,38,12,1,1,0,47,3,12,481,12481,31,2006,1FDSF34556EC,1,F,D,S,F,3,4,5,5,6,E,C,0,T,FORD,F3S,CB,6,17,,2,1650,1410,SRW,G,,,8,329,,,,D,5415,00,U,42,0,0,000000000,00000000000,0,0,0,1,0,0,0,0,0,0,0,0,0,0,0,12,4,1,12,0,0,0,1,47,37013,6,1,0,9,9,1,73,280,0,0,0,0,0,0,0,0,0,0,87,0,0,0,1,2,40,1,1,2,2,0,0,5,62,1,1,1,65,0,0
47,470941,1,1,2,3,12,11,54,8,0,1,0,47,1,12,481,12481,31,2006,1FDSF34546EA,1,F,D,S,F,3,4,5,4,6,E,A,0,T,FORD,F3S,CB,6,17,,2,1650,1410,SRW,G,,,8,329,,,,D,5415,00,U,42,0,0,000000000,00000000000,0,0,0,1,0,0,0,0,0,0,0,998,0,0,0,12,2,1,8,0,0,0,1,47,37665,6,1,0,0,3,1,71,330,1,0,0,0,1,6,2010,7,2010,0,0,0,0,0,1,2,30,1,6,2,1,0,0,4,80,2,1,1,13,0,0
47,470942,1,3,2,7,11,16,29,12,1,1,0,47,3,12,442,12442,20,2000,2FMZA5142YBA,2,F,M,Z,A,5,1,4,2,Y,B,A,0,T,FORD,WLX,ES,0,17,,1,0,1207,WIN,G,,,6,232,,,,B,3910,00,E,42,0,0,000000000,00000000000,0,0,0,1,0,0,0,0,0,0,0,998,0,0,0,12,6,2,12,0,0,0,1,47,37167,6,1,0,0,3,1,73,275,0,0,0,0,0,0,0,0,0,9,99,99,99,99,2,2,45,1,1,2,1,1,3,1,50,1,1,1,20,1,0
47,470942,2,3,1,7,11,16,29,12,1,1,0,47,1,62,421,62421,15,2003,SALMB11403A1,S,A,L,M,B,1,1,4,0,3,A,1,0,T,LNDR,RHS,4W,3,17,,2,0,1134,RRV,G,,,8,268,,,,,5374,00,L,44,0,0,000000000,00000000000,0,0,0,1,0,0,0,0,0,0,0,0,0,0,0,6,4,3,12,0,0,0,1,47,37086,6,1,0,0,3,0,69,245,1,0,0,0,0,6,2011,6,2011,0,0,0,0,0,2,2,45,1,1,2,1,1,3,5,53,1,1,1,21,0,0