STATE,ST_CASE,VEH_NO,VE_FORMS,NUMOCCS,DAY,MONTH,HOUR,MINUTE,HARM_EV,MAN_COLL,UNITTYPE,HIT_RUN,REG_STAT,OWNER,MAKE,MODEL,MAK_MOD,BODY_TYP,MOD_YEAR,VIN,VIN_1,VIN_2,VIN_3,VIN_4,VIN_5,VIN_6,VIN_7,VIN_8,VIN_9,VIN_10,VIN_11,VIN_12,TOW_VEH,VINTYPE,VINMAKE,VINA_MOD,VIN_BT,VINMODYR,VIN_LNGT,VIN_WGT,WGTCD_TR,WHLBS_LG,WHLBS_SH,SER_TR,FUELCODE,MCYCL_DS,CARBUR,CYLINDER,DISPLACE,MCYCL_CY,MCYCL_WT,TIRE_SZE,TON_RAT,TRK_WT,TRKWTVAR,VIN_REST,WHLDRWHL,J_KNIFE,MCARR_I1,MCARR_I2,MCARR_ID,GVWR,V_CONFIG,CARGO_BT,HAZ_INV,HAZ_PLAC,HAZ_ID,HAZ_CNO,HAZ_REL,BUS_USE,SPEC_USE,EMER_USE,TRAV_SP,UNDERIDE,ROLLOVER,ROLINLOC,IMPACT1,DEFORMED,TOWED,M_HARM,VEH_SC1,VEH_SC2,FIRE_EXP,DR_PRES,L_STATE,DR_ZIP,L_STATUS,L_TYPE,CDL_STAT,L_ENDORS,L_COMPL,L_RESTRI,DR_HGT,DR_WGT,PREV_ACC,PREV_SUS,PREV_DWI,PREV_SPD,PREV_OTH,FIRST_MO,FIRST_YR,LAST_MO,LAST_YR,SPEEDREL,DR_SF1,DR_SF2,DR_SF3,DR_SF4,VTRAFWAY,VNUM_LAN,VSPD_LIM,VALIGN,VPROFILE,VPAVETYP,VSURCOND,VTRAFCON,VTCONT_F,P_CRASH1,P_CRASH2,P_CRASH3,PCRASH4,PCRASH5,ACC_TYPE,DEATHS,DR_DRINK
48,480101,1,1,2,17,1,6,58,8,0,1,0,48,1,49,401,49401,14,2003,JTEZU17R8300,J,T,E,Z,U,1,7,R,8,3,0,0,0,P,TOYT,RUN,UT,3,17,4035,,0,1098,,G,,F,6,244,,,17R265,,,,,,0,0,000000000,00000000000,0,0,0,1,0,0,0,0,0,0,0,998,0,0,0,11,2,1,8,0,0,0,1,48,75149,1,1,0,0,2,0,999,999,0,5,0,4,0,3,2009,1,2012,0,0,0,0,0,2,3,45,1,1,8,1,0,0,1,80,1,1,1,13,0,0
48,480102,1,1,3,17,1,20,16,8,0,1,0,48,2,49,32,49032,4,2000,1NXBR12E9YZ3,1,N,X,B,R,1,2,E,9,Y,Z,3,0,P,TOYT,UVL,4D,0,17,2403,,0,970,,G,,F,4,109,,,14R175,,,,,,0,0,000000000,00000000000,0,0,0,1,0,0,0,0,0,0,0,998,0,0,0,12,2,3,8,0,0,0,1,48,77063,6,1,0,0,3,3,999,999,1,0,0,0,0,12,2009,12,2009,0,0,0,0,0,2,3,35,1,1,1,1,0,0,1,80,1,1,1,13,0,0
48,480103,1,1,5,17,1,20,44,8,0,1,0,48,1,14,17,14017,4,2005,1MEFM50U15A6,1,M,E,F,M,5,0,U,1,5,A,6,0,P,MERC,SGS,4D,5,17,3369,,0,1085,,G,,F,6,183,,,16R215,,,,,,0,0,000000000,00000000000,0,0,0,1,0,0,0,0,0,0,0,998,0,0,0,12,4,3,8,0,0,0,1,48,78666,6,1,0,0,3,3,999,999,0,0,0,0,0,0,0,0,0,0,0,0,0,0,5,4,45,1,1,8,1,0,0,1,80,1,1,1,13,0,0
48,480104,1,2,2,17,1,13,10,12,6,1,0,22,1,12,461,12461,21,2004,1FDRE14W64HA,1,F,D,R,E,1,4,W,6,4,H,A,0,T,FORD,15V,IC,4,17,,2,0,1380,VAN,G,,,8,281,,,,B,00000,00,E,42,0,0,000000000,00000000000,0,0,0,1,0,0,0,0,0,0,0,998,0,0,0,12,4,3,12,0,0,0,1,22,70546,6,1,0,0,3,0,70,150,0,0,0,0,0,0,0,0,0,0,39,0,0,0,1,2,55,1,2,8,2,20,3,1,17,1,1,1,88,1,0
48,480104,2,2,1,17,1,13,10,12,6,1,0,48,1,7,482,7482,31,2003,1D7HA16K33J6,1,D,7,H,A,1,6,K,3,3,J,6,0,T,DODG,S1T,PK,3,17,,2,1405,1205,RPC,G,,,6,225,,,,B,4378,00,E,42,0,0,000000000,00000000000,0,0,0,1,0,0,0,0,0,0,0,998,0,0,0,9,4,3,12,0,0,0,1,48,75956,6,1,0,0,3,0,999,999,0,0,0,0,0,0,0,0,0,0,0,0,0,0,1,2,99,1,1,8,2,20,3,4,66,1,1,1,89,0,0
48,480105,1,1,1,18,1,9,52,33,0,1,0,48,2,76,705,76705,80,2004,JYARJ06E64A0,J,Y,A,R,J,0,6,E,6,4,A,0,0,M,YAMA,R6L,RC,4,17,,,,,,,599,,4,,4,412,,,,,,,0,0,000000000,00000000000,0,0,0,1,0,0,0,0,0,0,0,998,0,0,0,99,9,2,42,0,0,0,1,48,77339,1,1,1,0,2,0,999,999,0,5,1,0,0,8,2009,7,2011,0,0,0,0,0,4,3,50,1,1,8,1,0,0,1,13,1,1,4,1,1,1
48,480106,1,1,1,19,1,3,10,1,0,1,0,48,1,12,471,12471,30,2005,1FTYR14U95PA,1,F,T,Y,R,1,4,U,9,5,P,A,0,T,FORD,RNS,PC,5,17,,1,0,1257,RNG,G,,,6,182,,,,B,3179,00,U,42,0,0,000000000,00000000000,0,0,0,1,0,0,0,0,0,0,0,998,0,9,3,0,6,2,1,0,0,0,1,48,78407,0,0,0,0,0,0,999,999,0,1,0,0,0,6,2010,6,2010,0,0,0,0,0,3,3,65,3,2,8,1,0,0,14,13,1,4,4,2,1,0
48,480107,1,1,1,20,1,16,22,20,0,1,0,48,1,23,481,23481,31,1995,1GDGP32Z0S35,1,G,D,G,P,3,2,Z,0,S,3,5,0,T,GMC,P35,IC,95,17,,2,1780,1250,FCC,G,,,6,262,,,,D,00000,00,,42,0,0,000000000,00000000000,0,0,0,1,0,0,0,0,0,0,0,998,0,1,5,12,2,3,20,0,0,0,1,48,75229,6,1,0,0,3,3,69,188,0,1,0,0,0,11,2009,11,2009,0,0,0,0,0,3,3,60,1,2,8,1,0,0,1,13,1,1,4,1,1,0
48,480108,1,1,1,20,1,6,4,8,0,1,0,48,1,12,481,12481,31,2004,1FTRW12W74FA,1,F,T,R,W,1,2,W,7,4,F,A,0,T,FORD,F1S,CW,4,17,,2,1450,1260,COF,G,,,8,281,,,,B,5270,00,U,42,0,0,000000000,00000000000,0,0,0,1,0,0,0,0,0,0,0,998,0,0,0,12,2,3,8,0,0,0,1,48,76570,6,1,0,0,3,3,999,999,0,0,0,0,0,0,0,0,0,0,0,0,0,0,5,2,60,1,1,8,1,0,0,1,80,1,1,1,13,0,0
48,480109,1,4,2,20,1,12,26,12,2,1,0,48,1,20,403,20403,14,2006,1GNDS13S2622,1,G,N,D,S,1,3,S,2,6,2,2,0,P,CHEV,TRL,UT,6,17,4417,,0,1130,,G,,F,6,256,,,16R235,,,,,,0,0,000000000,00000000000,0,0,0,1,0,0,0,0,0,0,0,998,0,0,0,12,2,4,12,32,0,0,1,48,78155,6,1,0,0,3,3,999,999,0,0,0,0,0,0,0,0,0,1,51,0,0,0,1,2,30,1,1,8,1,0,0,6,50,1,1,2,50,0,0
48,480109,2,4,1,20,1,12,26,12,2,1,0,48,2,37,705,37705,80,1999,JH2RC4431XM1,J,H,2,R,C,4,4,3,1,X,M,1,0,M,HOND,V75,RS,99,17,,,,,,,745,,2,,4,505,,,,,,,0,0,000000000,00000000000,0,0,0,1,0,0,0,0,0,0,0,998,0,0,0,12,9,2,12,0,0,0,1,48,78155,6,1,0,0,2,0,999,999,0,0,0,0,0,0,0,0,0,0,0,0,0,0,1,2,30,1,1,8,1,0,0,1,62,1,1,1,51,1,0
48,480109,3,4,3,20,1,12,26,12,2,1,0,48,1,49,401,49401,14,2008,JTEBT14R08K0,J,T,E,B,T,1,4,R,0,8,K,0,0,P,TOYT,RUN,UT,8,17,4505,,0,1098,,G,,F,8,285,,,16R265,,,,,,0,0,000000000,00000000000,0,0,0,1,0,0,0,0,0,0,0,998,0,0,0,12,2,8,12,0,0,0,1,48,78130,6,1,0,0,3,0,999,999,0,0,0,1,0,6,2011,6,2011,0,0,0,0,0,1,2,30,1,1,8,1,0,0,1,54,1,1,1,98,0,0
48,480109,4,4,2,20,1,12,26,12,2,1,0,48,2,18,20,18020,4,1996,2G4WF52K1T15,2,G,4,W,F,5,2,K,1,T,1,5,0,P,BUIC,RGS,4D,96,17,3442,,0,1075,,G,,F,6,231,,,16R225,,,,,,0,0,000000000,00000000000,0,0,0,1,0,0,0,0,0,0,0,998,0,0,0,12,2,8,12,0,0,0,1,48,78155,6,1,0,0,3,0,999,999,0,0,0,0,1,1,2011,1,2011,0,0,0,0,0,1,2,30,1,1,8,1,0,0,1,54,1,1,1,98,0,0
48,480110,1,1,2,22,1,23,10,1,0,1,0,48,2,72,706,72706,80,2007,1HD1KB41X7Y6,1,H,D,1,K,B,4,1,X,7,Y,6,0,M,HD,FHX,RS,7,17,,,,,,,1584,,2,,4,733,,,,,,,0,0,000000000,00000000000,0,0,0,1,0,0,0,0,0,0,0,998,0,0,0,0,9,2,1,0,0,0,1,48,75032,6,1,0,0,3,0,70,142,1,0,0,0,0,11,2010,11,2010,0,51,0,0,0,6,1,60,3,2,8,1,0,0,14,12,7,9,6,98,1,0
48,480111,1,1,1,22,1,2,59,8,0,1,0,48,0,20,2,20002,4,2006,2G1WS5815693,2,G,1,W,S,5,8,1,5,6,9,3,0,P,CHEV,I/P,4D,6,17,3466,,0,1105,,G,,F,6,238,,,16R225,,,,,,0,0,000000000,00000000000,0,0,0,1,0,0,0,0,0,5,1,42,0,0,0,12,4,3,8,0,0,0,1,48,75217,6,1,0,0,3,0,999,999,0,0,0,0,0,0,0,0,0,0,16,0,0,0,2,3,35,1,5,8,1,0,0,1,80,1,1,1,13,0,0
48,480112,1,1,3,22,1,2,33,46,0,1,0,48,2,12,481,12481,31,2008,1FTPW12V78KB,1,F,T,P,W,1,2,V,7,8,K,B,0,T,FORD,F1S,CW,8,17,,2,1500,1390,COF,F,,,8,329,,,,B,5025,02,E,42,0,0,000000000,00000000000,0,0,0,1,0,0,0,0,0,0,0,998,0,0,0,9,6,2,46,0,0,0,1,48,75137,6,1,0,0,3,0,999,999,0,0,0,0,0,0,0,0,0,1,0,0,0,0,1,2,98,2,2,8,2,3,3,14,6,99,3,4,14,1,1
48,480113,1,1,1,22,1,15,17,31,0,1,0,48,1,20,403,20403,14,2004,1GNDS13S4421,1,G,N,D,S,1,3,S,4,4,2,1,0,P,CHEV,TRL,UT,4,17,4425,,0,1130,,G,,F,6,256,,,16R245,,,,,,0,0,000000000,00000000000,0,0,0,1,0,0,0,0,0,0,0,998,0,1,5,3,4,3,31,0,0,0,1,48,77964,6,1,0,0,3,3,999,999,0,0,0,0,0,0,0,0,0,0,0,0,0,0,1,2,70,1,2,8,1,0,0,1,13,6,4,4,2,1,0
48,480114,1,3,1,23,1,11,44,12,6,1,0,48,2,72,706,72706,80,2011,1HD1GY410BC3,1,H,D,1,G,Y,4,1,0,B,C,3,0,M,HD,FTB,RS,11,17,,,,,,,1584,,2,,4,670,,,,,,,0,0,000000000,00000000000,0,0,0,1,0,0,0,0,0,0,0,998,0,0,0,12,6,2,12,0,0,1,1,48,78413,1,1,0,0,2,0,999,999,0,7,0,3,0,9,2009,12,2011,1,0,0,0,0,1,2,55,2,2,8,1,0,0,14,6,1,1,2,64,1,0
48,480114,2,3,3,23,1,11,44,12,6,1,0,48,2,37,32,37032,4,2008,JHMCP26308C0,J,H,M,C,P,2,6,3,0,8,C,0,0,P,HOND,ULX,4D,8,17,3274,,0,1102,,G,,F,4,146,,,16R215,,,,,,0,0,000000000,00000000000,0,0,0,1,0,0,0,0,0,0,0,998,0,0,0,12,2,1,12,0,0,0,1,48,78413,4,1,0,0,2,0,999,999,0,0,0,0,0,0,0,0,0,0,0,0,0,0,1,2,55,2,2,8,1,0,0,14,62,1,1,1,98,0,0
48,480114,3,3,1,23,1,11,44,12,6,1,0,40,2,82,881,82881,66,2006,1FVJA6CK36PX,1,F,V,J,A,6,C,K,3,6,P,X,1,T,FRHT,COL,TR,6,17,,8,0,0,CON,D,,,6,855,,,,,00000,00,,64,1,57,23010,5723010,3,6,2,1,0,0,0,0,0,0,0,998,0,0,0,11,4,3,12,0,0,0,1,48,76240,6,1,6,0,3,0,999,999,0,0,0,0,0,0,0,0,0,0,0,0,0,0,1,2,55,3,2,8,1,0,0,14,62,1,1,1,65,0,0
48,480115,1,1,1,24,1,22,10,8,0,1,0,48,1,49,482,49482,31,2001,5TBBT48141S1,5,T,B,B,T,4,8,1,4,1,S,1,0,T,TOYT,TXL,4C,1,17,,2,0,1283,TUN,G,,,8,285,,,,B,4644,00,U,44,0,0,000000000,00000000000,0,0,0,1,0,0,0,0,0,0,0,998,0,0,0,12,2,1,8,0,0,0,1,48,75146,6,1,6,0,3,0,999,999,0,0,0,0,0,0,0,0,0,0,0,0,0,0,2,3,40,1,1,8,2,0,0,1,80,6,1,1,13,0,0
48,480116,1,2,1,24,1,16,28,12,6,1,0,48,1,12,3,12003,2,2000,1FAFP4040YF1,1,F,A,F,P,4,0,4,0,Y,F,1,0,P,FORD,MUS,CP,0,17,3066,,0,1013,,G,,F,6,232,,,15R205,,,,,,0,0,000000000,00000000000,0,0,0,1,0,0,0,0,0,0,0,998,0,0,0,2,6,2,12,0,0,0,1,48,77660,6,1,0,0,3,0,999,999,0,0,0,0,0,0,0,0,0,1,0,0,0,0,1,2,55,3,2,8,2,0,0,14,6,99,3,2,64,1,0
48,480116,2,2,2,24,1,16,28,12,6,1,0,48,1,20,404,20404,14,2008,2CNDL13F4863,2,C,N,D,L,1,3,F,4,8,6,3,0,P,CHEV,EQU,UT,8,17,3699,,0,1125,,G,,F,6,207,,,16R235,,,,,,0,0,000000000,00000000000,0,0,0,1,0,0,0,0,0,0,0,998,0,0,0,12,6,2,12,0,0,0,1,48,75979,6,1,0,0,3,3,999,999,0,0,0,0,0,0,0,0,0,0,0,0,0,0,1,2,55,1,2,8,2,0,0,1,62,1,1,1,65,1,0
48,480117,1,1,1,25,1,4,59,8,0,1,0,48,1,12,402,12402,14,2002,1FMYU01152KD,1,F,M,Y,U,0,1,1,5,2,K,D,0,P,FORD,SPE,UT,2,17,3035,,0,1031,,G,,F,6,181,,,15R225,,,,,,0,0,000000000,00000000000,0,0,0,1,0,0,0,0,0,0,0,998,0,0,0,12,4,3,8,0,0,0,1,48,77422,6,1,0,0,3,3,999,999,1,0,0,0,0,5,2010,5,2010,0,0,0,0,0,1,2,45,1,1,8,2,0,0,1,80,6,1,1,13,0,0
48,480118,1,2,1,26,1,19,58,12,6,1,0,48,1,12,17,12017,4,2002,1FAFP53U22A2,1,F,A,F,P,5,3,U,2,2,A,2,0,P,FORD,TSE,4D,2,17,3355,,0,1085,,G,,F,6,182,,,16R215,,,,,,0,0,000000000,00000000000,0,0,0,1,0,0,0,0,0,0,0,998,0,0,0,12,6,2,12,0,0,1,1,48,79930,6,1,0,0,3,3,999,999,1,0,0,0,0,6,2011,6,2011,0,51,0,0,0,2,3,35,3,2,8,1,0,0,14,12,1,1,7,98,0,1
48,480118,2,2,1,26,1,19,58,12,6,1,0,48,1,53,705,53705,80,2007,JS1GR7KA0721,J,S,1,G,R,7,K,A,0,7,2,1,0,M,SUZI,SX7,RC,7,17,,,,,,,749,,4,,4,359,,,,,,,0,0,000000000,00000000000,0,0,0,1,0,0,0,0,0,0,0,998,0,0,0,3,4,3,12,0,0,0,1,48,79934,6,1,0,0,3,0,999,999,2,0,0,1,0,1,2011,9,2011,0,0,0,0,0,2,3,35,3,2,8,1,0,0,14,64,1,1,1,98,1,0
48,480119,1,2,1,27,1,13,1,12,6,1,0,22,1,72,706,72706,80,1988,1HD1DJL10JY5,1,H,D,1,D,J,L,1,0,J,Y,5,0,M,HD,FHC,RS,88,17,,,,,,,1340,,2,,4,727,,,,,,,0,0,000000000,00000000000,0,0,0,1,0,0,0,0,0,0,0,998,0,0,0,12,6,2,12,0,0,0,1,22,71457,1,1,0,0,2,0,999,999,0,2,0,0,0,5,2009,8,2009,0,0,0,0,0,5,4,50,1,1,8,1,0,0,1,62,1,1,1,69,1,1
48,480119,2,2,1,27,1,13,1,12,6,1,0,48,2,23,421,23421,15,2003,3GKEC16Z23G3,3,G,K,E,C,1,6,Z,2,3,G,3,0,T,GMC,CX1,4W,3,17,,2,0,1300,YUK,F,,,8,325,,,,B,4947,00,4,42,0,0,000000000,00000000000,0,0,0,1,0,0,0,0,0,0,0,998,0,0,0,2,6,2,12,0,0,0,1,96,71854,9,9,99,0,9,9,999,999,99,99,99,99,99,99,9999,99,9999,0,38,0,0,0,5,4,50,1,1,8,1,0,0,11,15,1,1,1,68,0,0
48,480120,1,1,1,27,1,5,29,8,0,1,0,48,2,12,17,12017,4,2000,1FAFP5523YA2,1,F,A,F,P,5,5,2,3,Y,A,2,0,P,FORD,TSS,4D,0,17,3333,,0,1085,,F,,F,6,182,,,16R215,,,,,,0,0,000000000,00000000000,0,0,0,1,0,0,0,0,0,0,0,998,0,0,0,12,2,3,8,0,0,0,1,48,76114,6,1,0,0,3,0,999,999,0,0,0,1,0,1,2011,1,2011,0,0,0,0,0,2,2,45,1,1,8,1,0,0,1,80,1,1,1,13,0,0
48,480121,1,1,2,31,1,15,15,24,0,1,0,48,2,20,431,20431,16,2000,3GNFK16TXYG1,3,G,N,F,K,1,6,T,X,Y,G,1,0,P,CHEV,K15,UT,0,17,5123,,0,1300,,G,,F,8,325,,,16R245,,,,,,0,0,000000000,00000000000,0,0,0,1,0,0,0,0,0,0,0,998,0,1,5,9,4,3,24,0,0,0,1,48,75233,0,0,0,0,0,0,999,999,0,1,0,0,0,5,2011,5,2011,0,37,0,0,0,3,4,60,3,1,8,1,0,0,14,13,6,3,4,2,1,1
48,480122,1,2,1,31,1,11,25,12,2,1,0,48,1,42,42,42042,4,2011,WDDGF5EB8BF6,W,D,D,G,F,5,E,B,8,B,F,6,0,P,MERZ,C30,4D,11,17,3527,,0,1087,,G,,F,6,183,,,17R225,,,,,,0,0,000000000,00000000000,0,0,0,1,0,0,0,0,0,0,0,998,0,0,0,12,6,2,12,0,0,0,1,48,77656,6,1,0,0,3,3,999,999,0,0,0,1,0,4,2011,4,2011,0,51,0,0,0,1,2,65,1,1,8,2,0,0,1,10,1,1,2,50,1,0
48,480122,2,2,1,31,1,11,25,12,2,1,0,48,2,24,1,24001,4,2002,1G8ZH52862Z1,1,G,8,Z,H,5,2,8,6,2,Z,1,0,P,STRN,SL1,4D,2,17,2377,,0,1024,,G,,F,4,116,,,14R185,,,,,,0,0,000000000,00000000000,0,0,0,1,0,0,0,0,0,0,0,998,0,0,0,12,6,2,12,0,0,0,1,48,77585,6,1,0,0,3,0,999,999,0,0,0,0,1,6,2011,6,2011,0,0,0,0,0,1,2,65,1,1,8,2,0,0,1,62,1,1,1,51,0,0
48,480123,1,2,2,1,1,0,33,12,7,1,0,48,1,49,40,49040,4,2009,4T1BE46K49U3,4,T,1,B,E,4,6,K,4,9,U,3,0,P,TOYT,CBA,4D,9,17,3263,,0,1090,,G,,F,4,144,,,16R215,,,,,,0,0,000000000,00000000000,0,0,0,1,0,0,0,0,0,0,0,998,0,9,5,10,4,3,12,0,0,0,1,48,75071,6,1,0,0,3,3,999,999,1,0,0,0,0,9,2009,9,2009,0,58,0,0,0,3,3,70,3,1,8,1,0,0,14,60,7,1,1,45,1,0
48,480123,2,2,3,1,1,0,33,12,7,1,0,48,1,49,401,49401,14,2000,JT3GN87RXY01,J,T,3,G,N,8,7,R,X,Y,0,1,0,P,TOYT,RUN,UT,0,17,3710,,0,1053,,G,,F,6,206,,,16R265,,,,,,0,0,000000000,00000000000,0,0,0,1,0,0,0,0,0,0,0,998,0,0,0,4,2,1,12,0,0,0,1,48,75070,6,1,0,0,3,0,999,999,0,0,0,0,0,0,0,0,0,0,27,0,0,0,3,3,70,3,1,8,1,0,0,15,90,7,1,2,46,0,0
48,480124,1,1,1,3,1,13,0,8,0,1,0,48,1,12,481,12481,31,1996,1FTEF15N1TLB,1,F,T,E,F,1,5,N,1,T,L,B,0,T,FORD,F15,PK,96,17,,2,1330,1170,COF,G,,,8,302,,,,B,4065,00,M,42,0,0,000000000,00000000000,0,0,0,1,0,0,0,0,0,0,0,998,0,0,0,12,2,1,8,0,0,0,1,48,79720,6,1,0,0,3,3,999,999,0,0,0,1,0,12,2011,12,2011,0,0,0,0,0,1,4,40,1,2,8,1,0,0,1,80,1,1,1,13,0,0
48,480125,1,2,2,6,1,16,6,12,6,1,0,48,1,12,37,12037,4,2009,1FAHP37N09W1,1,F,A,H,P,3,7,N,0,9,W,1,0,P,FORD,FCL,4D,9,17,2623,,0,1029,,G,,F,4,122,,,16R205,,,,,,0,0,000000000,00000000000,0,0,0,1,0,0,0,0,0,0,0,998,0,0,0,3,6,2,12,0,0,0,1,48,77619,6,1,0,0,3,3,999,999,0,0,0,0,0,0,0,0,0,0,39,0,0,0,2,1,55,1,1,8,1,20,3,4,17,1,1,1,87,2,0
48,480125,2,2,1,6,1,16,6,12,6,1,0,48,3,20,881,20881,62,2001,1GBK7H1C21J5,1,G,B,K,7,H,1,C,2,1,J,5,0,T,CHEV,7H4,CB,1,17,,6,2810,1450,CSR,D,,,6,439,,,,,00000,00,,42,0,57,291855,57291855,2,1,98,1,0,0,0,0,0,0,0,998,0,0,0,12,2,3,12,0,0,0,1,48,77659,6,1,6,0,3,3,999,999,1,0,0,1,0,9,2009,1,2011,1,0,0,0,0,2,2,99,1,1,8,1,0,0,1,66,1,1,1,86,0,0
48,480126,1,1,1,7,1,22,1,8,0,1,0,29,2,12,17,12017,4,1995,1FALP52U9SG2,1,F,A,L,P,5,2,U,9,S,G,2,0,P,FORD,TGS,4D,95,17,3118,,0,1060,,G,,F,6,182,,,15R205,,,,,,0,0,000000000,00000000000,0,0,0,1,0,0,0,0,0,0,0,998,0,0,0,12,4,1,8,0,0,0,1,48,75006,0,0,0,0,0,0,999,999,0,0,0,0,0,0,0,0,0,0,0,0,0,0,3,3,70,1,1,8,1,0,0,1,80,1,1,1,13,0,0
48,480127,1,2,1,7,1,10,2,12,6,1,0,48,1,12,481,12481,31,2008,1FTWW31R58EC,1,F,T,W,W,3,1,R,5,8,E,C,0,T,FORD,F3S,CW,8,17,,3,1720,1560,SRW,D,,,8,390,,,,D,6556,02,E,44,0,0,000000000,00000000000,0,0,0,1,0,0,0,0,0,0,0,998,0,0,0,11,4,3,12,0,0,0,1,48,75149,6,1,0,0,3,0,999,999,0,0,0,0,0,0,0,0,0,0,39,0,0,0,4,4,45,1,1,8,1,3,3,1,17,1,1,1,90,0,0
48,480127,2,2,1,7,1,10,2,12,6,1,0,48,1,20,2,20002,4,2011,2G1WA5EK9B12,2,G,1,W,A,5,E,K,9,B,1,2,0,P,CHEV,IPL,4D,11,17,3555,,0,1105,,F,,F,6,214,,,17R225,,,,,,0,0,000000000,00000000000,0,0,0,1,0,0,0,0,0,0,0,998,0,0,0,1,4,3,12,32,0,0,1,48,77077,6,1,0,0,3,1,999,999,0,0,0,0,0,0,0,0,0,0,0,0,0,0,2,4,99,1,1,8,1,3,3,1,66,1,1,1,90,1,0
48,480128,1,1,1,8,1,2,13,35,0,1,0,48,2,12,23,12023,4,2006,3FAFP07106R1,3,F,A,F,P,0,7,1,0,6,R,1,0,P,FORD,F/E,4D,6,17,3101,,0,1074,,G,,F,6,183,,,16R205,,,,,,0,0,000000000,00000000000,0,0,0,1,0,0,0,0,0,0,0,998,0,0,0,12,6,2,35,0,0,0,1,48,78962,6,1,0,0,3,0,999,999,0,0,0,0,0,0,0,0,0,1,0,0,0,0,1,2,55,3,1,8,1,0,0,14,12,1,4,4,7,1,0
48,480130,1,2,1,8,1,18,50,12,6,1,0,48,2,6,43,6043,4,2010,1C3CC4FB4AN1,1,C,3,C,C,4,F,B,4,A,N,1,0,P,CHRY,STO,4D,10,17,3310,,0,1089,,G,,F,4,146,,,16R215,,,,,,0,0,000000000,00000000000,0,0,0,1,0,0,0,0,0,0,0,998,0,0,0,9,6,2,12,0,0,0,1,48,77535,6,1,0,0,3,3,999,999,0,0,0,0,0,0,0,0,0,0,42,48,0,0,1,2,65,1,1,8,2,0,0,11,15,1,1,1,72,1,0
48,480130,2,2,1,8,1,18,50,12,6,1,0,48,2,59,32,59032,4,2006,JTHBN36F5650,J,T,H,B,N,3,6,F,5,6,5,0,0,P,LEXS,L43,4D,6,17,3990,,0,1152,,G,,F,8,262,,,17R225,,,,,,0,0,000000000,00000000000,0,0,0,1,0,0,0,0,0,0,0,998,0,0,0,12,6,2,12,0,0,0,1,48,77701,6,1,0,0,3,0,999,999,0,0,0,0,0,0,0,0,0,0,0,0,0,0,1,2,65,1,1,8,2,0,0,1,64,1,1,2,73,0,0
48,480131,1,2,1,9,1,8,0,12,6,1,0,48,2,20,22,20022,4,2007,1G1AK55F8772,1,G,1,A,K,5,5,F,8,7,7,2,0,P,CHEV,BLS,4D,7,17,3216,,0,1033,,G,,F,4,134,,,15R195,,,,,,0,0,000000000,00000000000,0,0,0,1,0,0,0,0,0,0,0,998,0,1,5,3,6,2,1,0,0,0,1,48,77837,6,1,0,0,3,3,999,999,0,0,0,0,0,0,0,0,0,1,28,0,0,0,5,4,70,2,1,8,2,0,0,14,6,1,4,2,64,1,0
48,480131,2,2,1,9,1,8,0,12,6,1,0,48,1,20,2,20002,4,2008,2G1WT58N6891,2,G,1,W,T,5,8,N,6,8,9,1,0,P,CHEV,IMT,4D,8,17,3555,,0,1105,,G,,F,6,214,,,16R225,,,,,,0,0,000000000,00000000000,0,0,0,1,0,0,0,0,0,0,0,998,0,0,0,12,6,2,12,0,0,0,1,48,77345,6,1,0,0,3,3,999,999,0,0,0,0,0,0,0,0,0,0,0,0,0,0,5,4,70,3,1,8,2,0,0,14,62,1,1,1,65,0,0
48,480133,1,1,1,11,1,21,26,38,0,1,0,48,1,20,37,20037,4,1997,1G1NE52M3VY1,1,G,1,N,E,5,2,M,3,V,Y,1,0,P,CHEV,M/L,4D,97,17,3077,,0,1070,,G,,F,6,191,,,15R215,,,,,,0,0,000000000,00000000000,0,0,0,1,0,0,0,0,0,0,0,998,0,1,5,82,6,2,1,0,0,0,1,48,79404,6,1,0,0,3,0,999,999,0,0,0,0,0,0,0,0,0,0,0,0,0,0,1,2,70,1,1,8,1,0,0,1,13,1,1,4,1,1,0
48,480134,1,1,2,12,1,2,20,59,0,1,0,48,2,12,481,12481,31,2011,1FTEW1CM8BFC,1,F,T,E,W,1,C,M,8,B,F,C,0,T,FORD,F1S,CW,11,17,,2,0,1450,COF,F,,,6,226,,,,B,5128,03,7,42,0,0,000000000,00000000000,0,0,0,1,0,0,0,0,0,0,0,998,0,0,0,12,4,3,8,0,0,0,1,48,77474,1,1,0,0,2,0,999,999,1,9,0,2,0,5,2009,12,2011,1,29,0,0,0,3,2,65,1,1,8,1,28,3,1,10,1,1,4,98,0,1
48,480135,1,1,2,13,1,2,30,41,0,1,0,48,2,12,401,12401,14,1998,1FMYU22E4WUB,1,F,M,Y,U,2,2,E,4,W,U,B,0,P,FORD,EPR,UT,98,17,3692,,0,1017,,G,,F,6,245,,,15R225,,,,,,0,0,000000000,00000000000,0,0,0,1,0,0,0,0,0,0,0,998,0,1,3,99,2,3,1,0,0,0,1,48,79763,6,1,0,0,3,0,999,999,1,0,0,0,0,5,2011,5,2011,0,0,0,0,0,3,2,70,1,1,8,1,0,0,1,8,1,2,4,7,2,1