STATE,ST_CASE,VEH_NO,VE_FORMS,NUMOCCS,DAY,MONTH,HOUR,MINUTE,HARM_EV,MAN_COLL,UNITTYPE,HIT_RUN,REG_STAT,OWNER,MAKE,MODEL,MAK_MOD,BODY_TYP,MOD_YEAR,VIN,VIN_1,VIN_2,VIN_3,VIN_4,VIN_5,VIN_6,VIN_7,VIN_8,VIN_9,VIN_10,VIN_11,VIN_12,TOW_VEH,VINTYPE,VINMAKE,VINA_MOD,VIN_BT,VINMODYR,VIN_LNGT,VIN_WGT,WGTCD_TR,WHLBS_LG,WHLBS_SH,SER_TR,FUELCODE,MCYCL_DS,CARBUR,CYLINDER,DISPLACE,MCYCL_CY,MCYCL_WT,TIRE_SZE,TON_RAT,TRK_WT,TRKWTVAR,VIN_REST,WHLDRWHL,J_KNIFE,MCARR_I1,MCARR_I2,MCARR_ID,GVWR,V_CONFIG,CARGO_BT,HAZ_INV,HAZ_PLAC,HAZ_ID,HAZ_CNO,HAZ_REL,BUS_USE,SPEC_USE,EMER_USE,TRAV_SP,UNDERIDE,ROLLOVER,ROLINLOC,IMPACT1,DEFORMED,TOWED,M_HARM,VEH_SC1,VEH_SC2,FIRE_EXP,DR_PRES,L_STATE,DR_ZIP,L_STATUS,L_TYPE,CDL_STAT,L_ENDORS,L_COMPL,L_RESTRI,DR_HGT,DR_WGT,PREV_ACC,PREV_SUS,PREV_DWI,PREV_SPD,PREV_OTH,FIRST_MO,FIRST_YR,LAST_MO,LAST_YR,SPEEDREL,DR_SF1,DR_SF2,DR_SF3,DR_SF4,VTRAFWAY,VNUM_LAN,VSPD_LIM,VALIGN,VPROFILE,VPAVETYP,VSURCOND,VTRAFCON,VTCONT_F,P_CRASH1,P_CRASH2,P_CRASH3,PCRASH4,PCRASH5,ACC_TYPE,DEATHS,DR_DRINK
48,480136,1,2,2,13,1,22,51,12,6,1,0,48,1,76,705,76705,80,1995,JYA3HHE03SA0,J,Y,A,3,H,H,E,0,3,S,A,0,0,M,YAMA,F6R,RC,95,17,,,,,,,599,,4,,4,395,,,,,,,0,0,000000000,00000000000,0,0,0,1,0,0,0,0,0,0,0,998,0,0,0,12,4,3,12,0,0,0,1,48,78537,6,1,0,0,3,3,999,999,1,0,0,1,1,4,2011,8,2011,1,0,0,0,0,5,4,45,1,1,8,1,20,3,1,61,1,1,1,71,1,0
48,480136,2,2,1,13,1,22,51,12,6,1,0,93,2,82,881,82881,66,1998,1FUPCXYB7WP9,1,F,U,P,C,X,Y,B,7,W,P,9,5,T,FRHT,FLD,TR,98,17,,8,0,0,CON,D,,,6,893,,,,,00000,00,,64,1,57,1278915,571278915,3,5,12,1,0,0,0,0,0,0,0,998,0,0,0,3,2,1,12,0,0,0,1,27,54703,6,1,6,0,3,0,73,300,0,0,0,0,0,0,0,0,0,0,0,0,0,0,5,4,45,1,1,8,1,20,3,10,16,1,1,1,70,0,0
48,480137,1,1,2,13,1,15,42,10,0,1,0,48,2,12,473,12473,30,2004,1FMZU67K34UA,1,F,M,Z,U,6,7,K,3,4,U,A,0,P,FORD,EPR,UT,4,17,4135,,0,1259,,F,,F,6,245,,,16R235,,,,,,0,0,000000000,00000000000,0,0,0,1,0,0,0,0,0,0,0,998,0,0,0,3,6,2,10,0,0,0,1,48,77575,6,1,0,0,3,0,999,999,0,0,0,0,0,0,0,0,0,0,39,0,0,0,1,2,65,1,2,8,1,65,3,1,98,1,1,1,98,1,1
48,480138,1,2,2,13,1,12,50,12,6,1,0,48,2,12,481,12481,31,1999,1FTNX21F1XEE,1,F,T,N,X,2,1,F,1,X,E,E,0,T,FORD,F2S,4C,99,17,,2,1580,1418,SRW,D,,,8,444,,,,C,5635,01,E,44,0,0,000000000,00000000000,0,0,0,1,0,0,0,0,0,0,0,998,0,0,0,12,4,3,12,0,0,0,1,48,78569,6,1,0,0,3,3,999,999,0,0,0,0,0,0,0,0,0,0,0,0,0,0,1,2,70,1,1,8,1,0,0,1,67,6,1,1,83,0,0
48,480138,2,2,1,13,1,12,50,12,6,1,0,48,3,35,481,35481,31,2008,1N6BA06C68N3,1,N,6,B,A,0,6,C,6,8,N,3,0,T,NISS,TXP,4C,8,17,,2,0,1398,TTN,F,,,8,342,,,,B,5094,00,4,44,0,0,000000000,00000000000,0,0,0,1,0,0,0,0,0,0,0,998,0,0,0,9,4,3,12,0,0,0,1,48,78580,6,1,0,0,3,3,999,999,0,0,0,0,0,0,0,0,0,0,38,0,0,0,1,2,98,8,8,8,1,20,3,11,15,1,1,1,82,1,0
48,480139,1,1,4,14,1,1,15,1,0,1,0,48,2,38,401,38401,14,1994,JACDH58V0R79,J,A,C,D,H,5,8,V,0,R,7,9,0,P,ISU,TRO,UT,94,17,4210,,0,1087,,G,,F,6,195,,,16R245,,,,,,0,0,000000000,00000000000,0,0,0,1,0,0,0,0,0,0,0,998,0,2,1,0,6,2,1,0,0,0,1,48,78521,0,0,0,0,0,0,999,999,0,3,0,1,2,6,2011,12,2011,1,58,0,0,0,1,2,55,2,1,8,1,0,0,14,6,6,3,2,98,1,1
48,480140,1,1,1,15,1,6,0,52,0,1,0,48,2,20,2,20002,4,1984,2G1AL69H6E92,2,G,1,A,L,6,9,H,6,E,9,2,0,P,CHEV,IMP,4D,84,17,3489,,0,1160,,G,,4,8,305,,,15R205,,,,,,0,0,000000000,00000000000,0,0,0,1,0,0,0,0,0,0,0,998,0,0,0,12,6,2,52,0,0,0,1,48,77488,6,1,0,0,3,3,67,178,0,2,0,3,1,2,2009,2,2011,1,0,0,0,0,2,4,60,1,1,8,1,0,0,1,12,1,1,4,6,1,1
48,480141,1,2,4,15,1,5,17,8,0,1,0,48,2,2,404,2404,14,2005,1J4GS48K35C6,1,J,4,G,S,4,8,K,3,5,C,6,0,T,JEEP,LCF,4W,5,17,,1,0,1095,GCK,G,,,6,226,,,,,4147,00,E,42,0,0,000000000,00000000000,0,0,0,1,0,0,0,0,0,0,0,998,0,0,0,12,2,1,8,0,0,0,1,48,78130,6,1,0,0,3,3,999,999,0,0,0,0,0,0,0,0,0,0,0,0,0,0,5,4,60,1,1,8,1,0,0,1,80,99,1,1,13,0,0
48,480141,2,2,1,15,1,5,17,8,0,1,0,48,2,20,2,20002,4,2004,2G1WF52E5494,2,G,1,W,F,5,2,E,5,4,9,4,0,P,CHEV,IMP,4D,4,17,3389,,0,1105,,G,,F,6,207,,,16R225,,,,,,0,0,000000000,00000000000,0,0,0,1,0,0,0,0,0,0,0,998,0,0,0,14,9,1,8,0,0,0,1,48,78130,6,1,0,0,3,3,999,999,0,0,0,0,0,0,0,0,0,0,0,0,0,0,5,4,60,1,1,8,1,0,0,1,80,1,1,1,98,0,0
48,480142,1,1,4,15,1,10,45,42,0,1,0,48,2,20,481,20481,31,2008,2GCEC13C1811,2,G,C,E,C,1,3,C,1,8,1,1,0,T,CHEV,SC1,CW,8,17,,2,0,1435,SIL,G,,,8,293,,,,B,5148,00,,42,0,0,000000000,00000000000,0,0,0,1,0,0,0,0,0,0,0,998,0,0,0,2,6,2,42,0,0,0,1,48,75657,6,1,0,0,3,0,999,999,0,0,0,0,0,0,0,0,0,0,58,0,0,0,1,2,55,1,9,8,1,0,0,1,13,6,4,5,1,1,0
48,480143,1,1,2,15,1,22,5,1,0,1,0,22,1,20,441,20441,20,2000,1GNDM19W3YB1,1,G,N,D,M,1,9,W,3,Y,B,1,0,T,CHEV,AST,ES,0,17,,1,0,1112,AST,G,,,6,262,,,,B,4186,00,,42,0,0,000000000,00000000000,0,0,0,1,0,0,0,0,0,0,0,998,0,9,5,0,4,3,1,0,0,0,1,4,85713,6,1,0,0,3,0,68,185,0,0,0,0,0,0,0,0,0,0,0,0,0,0,2,2,80,1,2,8,1,0,0,1,13,6,4,5,1,2,0
48,480144,1,1,2,16,1,15,0,42,0,1,0,48,2,38,882,38882,61,2007,JALC4B162770,J,A,L,C,4,B,1,6,2,7,7,0,0,T,ISU,NPR,TB,7,17,,4,1760,1090,NPR,D,,,4,317,,,,,00000,00,,42,0,88,888888888,88888888888,2,1,3,1,0,0,0,0,0,0,0,998,0,1,5,11,6,2,1,0,0,0,1,48,78220,6,1,0,0,3,0,999,999,0,1,0,1,0,7,2009,10,2009,0,58,0,0,0,1,2,70,1,1,8,1,0,0,1,12,1,1,4,6,1,1
48,480145,1,1,3,17,1,13,54,59,0,1,0,48,2,12,481,12481,31,2007,1FTPW12V27KB,1,F,T,P,W,1,2,V,2,7,K,B,0,T,FORD,F1S,CW,7,17,,2,0,1390,COF,F,,,8,329,,,,B,5176,01,E,42,0,0,000000000,00000000000,0,0,0,1,0,0,0,0,0,0,0,998,0,9,5,99,6,2,1,0,0,0,1,48,78543,6,1,0,0,3,0,999,999,0,0,0,0,0,0,0,0,0,0,58,0,0,0,2,2,55,2,2,8,1,40,3,14,12,1,1,4,6,1,0
48,480146,1,2,1,17,1,18,45,12,1,1,0,48,1,51,34,51034,6,1989,YV1AX8851K18,Y,V,1,A,X,8,8,5,1,K,1,8,0,P,VOLV,4DG,SW,89,17,3015,,0,1043,,G,,F,4,141,,,14R185,,,,,,0,0,000000000,00000000000,0,0,0,1,0,0,0,0,0,0,0,998,0,0,0,6,6,2,12,0,0,0,1,48,78155,6,1,6,0,3,0,999,999,1,0,0,1,1,8,2009,10,2011,0,38,0,0,0,0,0,0,0,0,0,0,0,0,10,98,1,1,7,78,1,0
48,480146,2,2,1,17,1,18,45,12,1,1,0,48,3,7,462,7462,21,2003,WD2YD7428355,W,D,2,Y,D,7,4,2,8,3,5,5,0,T,SPNR,SPR,EC,3,17,,2,0,1580,SPR,D,,,5,165,,,,,4822,00,E,42,0,0,000000000,00000000000,0,0,0,1,0,0,0,0,0,0,0,998,0,0,0,12,6,2,12,0,0,0,1,48,78612,6,1,6,0,3,3,999,999,0,0,0,0,0,0,0,0,0,0,0,0,0,0,2,2,70,1,1,8,1,0,0,1,70,1,1,1,79,0,0
48,480147,1,1,1,18,1,16,18,42,0,1,0,92,0,20,8,20008,9,1979,1X27D9T11564,1,X,2,7,D,9,T,1,1,5,6,4,0,P,CHEV,NOV,CP,79,13,3135,,0,1110,,G,,1,6,250,,,14BE78,,,,,,0,0,000000000,00000000000,0,0,0,1,0,0,0,0,0,0,0,998,0,0,0,12,4,3,42,0,0,0,1,48,77029,6,1,6,0,3,0,999,999,1,0,0,0,0,12,2009,12,2009,1,0,0,0,0,1,2,30,1,1,2,1,0,0,1,13,3,2,4,2,1,0
48,480148,1,1,3,18,1,21,35,42,0,1,0,48,2,41,37,41037,4,2001,1YVGF22C5152,1,Y,V,G,F,2,2,C,5,1,5,2,0,P,MAZD,U6X,4D,1,17,2864,,0,1051,,G,,F,4,122,,,15R205,,,,,,0,0,000000000,00000000000,0,0,0,1,0,0,0,0,0,0,0,998,0,0,0,12,6,2,2,0,0,1,1,48,75762,0,0,0,0,0,0,999,999,0,0,0,0,0,0,0,0,0,1,0,0,0,0,1,2,50,1,1,8,1,0,0,1,13,1,1,4,1,1,0
48,480149,1,3,1,19,1,11,30,12,6,1,0,48,2,22,18,22018,4,2004,1G2NF52E34C2,1,G,2,N,F,5,2,E,3,4,C,2,0,P,PONT,SE1,4D,4,17,3066,,0,1070,,G,,F,6,207,,,15R215,,,,,,0,0,000000000,00000000000,0,0,0,1,0,0,0,0,0,0,0,998,0,0,0,12,4,3,12,0,0,0,1,48,75662,6,1,0,0,3,3,999,999,0,0,0,0,0,0,0,0,0,0,35,0,0,0,1,2,70,1,1,8,1,0,0,6,10,99,9,2,64,1,0
48,480149,2,3,1,19,1,11,30,12,6,1,0,48,2,35,39,35039,4,2000,JN1CA31D6YT5,J,N,1,C,A,3,1,D,6,Y,T,5,0,P,NISS,MGS,4D,0,17,3071,,0,1083,,G,,F,6,182,,,15R205,,,,,,0,0,000000000,00000000000,0,0,0,1,0,0,0,0,0,0,0,998,0,0,0,11,2,3,12,0,0,0,1,48,75605,4,1,0,0,2,0,999,999,0,0,0,0,0,0,0,0,0,0,0,0,0,0,1,2,70,1,1,8,1,0,0,1,62,1,1,1,65,0,0
48,480149,3,3,1,19,1,11,30,12,6,1,0,48,2,2,403,2403,14,2010,1J4AA2D12AL1,1,J,4,A,A,2,D,1,2,A,L,1,0,T,JEEP,WRS,2W,10,17,,1,0,954,WRA,G,,,6,230,,,,,3760,00,E,44,0,0,000000000,00000000000,0,0,0,1,0,0,0,0,0,0,0,998,0,0,0,12,4,3,12,0,0,0,1,48,75701,6,1,0,0,3,0,999,999,1,0,0,2,0,3,2009,6,2011,0,0,0,0,0,1,2,70,1,1,8,1,0,0,1,62,1,1,1,98,0,0
48,480150,1,1,1,21,1,18,44,8,0,1,0,48,2,13,1,13001,4,2007,1LNHM81V17Y6,1,L,N,H,M,8,1,V,1,7,Y,6,0,P,LINC,SIG,4D,7,17,4345,,0,1177,,F,,F,8,281,,,17R225,,,,,,0,0,000000000,00000000000,0,0,0,1,0,0,0,0,0,0,0,998,0,0,0,12,2,1,8,0,0,0,1,48,75216,6,1,0,0,3,3,999,999,0,0,0,1,0,8,2010,8,2010,0,0,0,0,0,2,2,45,1,1,8,1,0,0,1,80,1,1,1,13,0,0
48,480151,1,1,1,21,1,19,45,8,0,1,0,48,1,7,482,7482,31,2000,1B7HC16Z0YS5,1,B,7,H,C,1,6,Z,0,Y,S,5,0,T,DODG,150,PK,0,17,,2,1347,1187,RPC,G,,,8,360,,,,B,3994,02,U,42,0,0,000000000,00000000000,0,0,0,1,0,0,0,0,0,0,0,998,0,0,0,12,2,3,8,0,0,0,1,48,77093,1,1,0,0,2,0,999,999,0,6,0,0,2,8,2009,8,2011,0,0,0,0,0,1,4,40,1,1,1,1,0,0,1,80,1,1,1,13,0,1
48,480152,1,2,2,21,1,4,10,12,2,1,0,92,0,37,32,37032,2,2005,1HGCM72575A0,1,H,G,C,M,7,2,5,7,5,A,0,0,P,HOND,ULX,CP,5,17,3102,,0,1051,,G,,F,4,146,,,15R205,,,,,,0,0,000000000,00000000000,0,0,0,1,0,0,0,0,0,0,0,998,0,0,0,12,6,2,12,0,0,0,1,48,75645,6,1,6,0,3,3,999,999,0,1,0,0,0,7,2010,7,2010,0,50,0,0,0,2,2,70,1,2,8,1,0,0,1,54,1,1,1,52,1,1
48,480152,2,2,1,21,1,4,10,12,2,1,0,40,1,37,32,37032,2,1999,1HGCG2259XA0,1,H,G,C,G,2,2,5,9,X,A,0,0,P,HOND,UEX,CP,99,17,3241,,0,1051,,G,,F,6,183,,,16R205,,,,,,0,0,000000000,00000000000,0,0,0,1,0,0,0,0,0,0,0,998,0,0,0,12,6,2,12,0,0,0,1,40,73064,6,1,0,0,3,0,70,200,0,0,0,0,0,0,0,0,0,0,0,0,0,0,2,2,70,1,2,8,1,0,0,1,54,1,1,1,52,0,0
48,480153,1,2,2,24,1,11,58,12,6,1,0,48,1,20,422,20422,15,2004,1GNEC16ZX4J1,1,G,N,E,C,1,6,Z,X,4,J,1,0,P,CHEV,C15,UT,4,17,4947,,0,1300,,F,,F,8,325,,,16R265,,,,,,0,0,000000000,00000000000,0,0,0,1,0,0,0,0,0,0,0,998,0,0,0,3,6,2,12,0,0,0,1,48,78950,6,1,0,0,3,3,66,226,0,0,0,0,0,0,0,0,0,0,51,0,0,0,1,2,70,1,1,2,2,0,0,1,5,1,4,2,66,2,0
48,480153,2,2,1,24,1,11,58,12,6,1,0,13,3,20,421,20421,15,2008,1GNFC13038R2,1,G,N,F,C,1,3,0,3,8,R,2,0,P,CHEV,CTA,UT,8,17,5265,,0,1160,,F,,F,8,323,,,17R265,,,,,,0,0,000000000,00000000000,0,0,0,1,0,0,0,0,0,0,0,998,0,0,0,12,6,2,12,0,0,0,1,48,78613,6,1,0,0,3,0,999,999,0,1,0,2,0,6,2009,4,2011,0,0,0,0,0,1,2,70,1,1,2,2,0,0,1,62,1,1,1,66,0,0
48,480154,1,1,1,25,1,9,35,32,0,1,0,48,1,7,482,7482,31,2008,1D7HA18208S6,1,D,7,H,A,1,8,2,0,8,S,6,0,T,DODG,SQ1,CW,8,17,,2,1605,1405,RPC,G,,,8,348,,,,B,4889,00,E,42,0,0,000000000,00000000000,0,0,0,1,0,0,0,0,0,0,0,998,0,0,0,9,4,3,32,0,0,0,1,48,75482,6,1,0,0,3,0,67,210,1,0,0,0,0,1,2011,1,2011,1,0,0,0,0,1,2,65,1,1,8,2,0,0,1,6,1,3,4,2,1,0
48,480155,1,1,1,25,1,13,20,1,0,1,0,48,2,12,481,12481,31,2006,1FTSW21P96EB,1,F,T,S,W,2,1,P,9,6,E,B,0,T,FORD,F2S,CW,6,17,,2,1720,1560,SRW,D,,,8,366,,,,C,6395,01,E,44,0,0,000000000,00000000000,0,0,0,1,0,0,0,0,0,0,0,998,0,1,3,0,4,3,1,0,0,0,1,48,79706,6,1,0,0,3,0,999,999,0,0,0,2,1,11,2009,7,2011,0,0,0,0,0,1,2,65,1,1,8,2,0,0,1,9,7,3,4,2,1,0
48,480156,1,2,2,27,1,14,5,12,11,1,0,48,1,12,471,12471,30,2001,1FTYR14UX1PA,1,F,T,Y,R,1,4,U,X,1,P,A,0,T,FORD,RNS,PC,1,17,,1,0,1257,RNG,G,,,6,182,,,,B,3271,00,U,42,0,0,000000000,00000000000,0,0,0,1,0,0,0,0,0,0,0,998,0,1,3,1,4,3,1,0,0,0,1,48,78550,6,1,0,0,3,0,999,999,0,0,0,1,1,4,2009,10,2009,1,27,0,0,0,2,4,65,1,1,8,1,0,0,15,6,1,9,2,66,1,0
48,480156,2,2,2,27,1,14,5,12,11,1,0,48,1,2,404,2404,14,2000,1J4GW48S9YC1,1,J,4,G,W,4,8,S,9,Y,C,1,0,T,JEEP,LRO,4W,0,17,,1,0,1059,GCK,G,,,6,244,,,,,3847,01,E,44,0,0,000000000,00000000000,0,0,0,1,0,0,0,0,0,0,0,998,0,0,0,8,4,3,12,0,0,0,1,48,78598,6,1,0,0,3,0,999,999,1,0,0,1,0,4,2010,5,2010,0,0,0,0,0,2,4,65,1,1,8,1,0,0,1,78,1,1,1,66,0,0
48,480157,1,1,1,27,1,5,46,11,0,1,0,48,1,63,33,63033,4,2006,KNAFE1210653,K,N,A,F,E,1,2,1,0,6,5,3,0,P,KIA,SLE,4D,6,17,2701,,0,1028,,G,,F,4,122,,,15R195,,,,,,0,0,000000000,00000000000,0,0,0,1,0,0,0,0,0,0,0,998,0,0,0,12,4,3,11,0,0,0,1,48,78942,6,1,0,0,3,2,999,999,0,0,0,1,0,2,2009,2,2009,0,83,74,0,0,1,2,60,1,1,8,1,0,0,1,87,1,1,1,13,1,0
48,480158,1,2,5,27,1,21,11,12,6,1,0,48,1,12,443,12443,20,2004,2FMZA57684BA,2,F,M,Z,A,5,7,6,8,4,B,A,0,P,FORD,FRE,SV,4,17,4275,,0,1208,,G,,F,6,238,,,16R235,,,,,,0,0,000000000,00000000000,0,0,0,1,0,0,0,0,0,0,0,998,0,0,0,3,4,3,12,0,0,0,1,48,78745,6,1,0,0,3,0,999,999,0,0,0,0,0,0,0,0,0,0,38,48,0,0,1,2,30,1,1,8,1,0,0,11,15,1,1,2,68,0,0
48,480158,2,2,1,27,1,21,11,12,6,1,0,48,1,98,709,98709,80,2008,RFVPAC604810,R,F,V,P,A,C,6,0,4,8,1,0,0,U,,,,8,17,,,,,,,,,,,,,,,,,,,0,0,000000000,00000000000,0,0,0,1,0,0,0,0,0,0,0,998,0,0,0,12,9,2,12,0,0,0,1,48,78721,6,1,0,0,2,0,999,999,0,0,0,0,0,0,0,0,0,0,0,0,0,0,1,2,30,1,1,8,1,0,0,1,62,1,1,1,69,1,0
48,480159,1,2,2,28,1,11,0,12,6,1,0,48,1,24,2,24002,2,1997,1G8ZE1284VZ4,1,G,8,Z,E,1,2,8,4,V,Z,4,0,P,STRN,SC1,CP,97,17,2252,,0,1024,,G,,F,4,116,,,14R175,,,,,,0,0,000000000,00000000000,0,0,0,1,0,0,0,0,0,0,0,998,0,0,0,9,4,3,12,0,0,0,1,48,75158,6,1,0,0,3,0,999,999,0,0,0,0,0,0,0,0,0,0,38,0,0,0,1,2,99,1,1,8,1,20,3,11,15,1,1,1,82,1,0
48,480159,2,2,2,28,1,11,0,12,6,1,0,48,1,20,481,20481,31,2002,2GCEK19T5211,2,G,C,E,K,1,9,T,5,2,1,1,1,T,CHEV,SK1,4C,2,17,,2,1575,1435,SIL,G,,,8,325,,,,B,4910,02,,44,1,0,000000000,00000000000,0,0,0,1,0,0,0,0,0,0,0,998,0,0,0,12,2,3,12,0,0,0,1,48,75143,0,0,0,0,0,0,999,999,0,0,0,0,0,0,0,0,0,0,0,0,0,0,1,2,55,1,1,8,1,0,0,1,67,1,1,1,83,0,0
48,480160,1,2,2,28,1,20,9,12,6,1,0,48,2,20,481,20481,31,2007,2GCEC13J5715,2,G,C,E,C,1,3,J,5,7,1,5,0,T,CHEV,1CW,CW,7,17,,2,0,1435,SIL,G,,,8,323,,,,B,5142,00,,42,0,0,000000000,00000000000,0,0,0,1,0,0,0,0,0,0,0,86,0,0,0,12,6,2,12,0,0,0,1,48,79079,6,1,6,0,3,0,999,999,0,0,0,1,0,7,2011,7,2011,1,51,0,0,0,1,2,70,1,3,8,1,0,0,1,10,1,1,4,66,2,1
48,480160,2,2,1,28,1,20,9,12,6,1,0,48,1,20,421,20421,15,2005,1GNEC13T45R1,1,G,N,E,C,1,3,T,4,5,R,1,0,P,CHEV,CTA,UT,5,17,4975,,0,1160,,G,,F,8,325,,,16R265,,,,,,0,0,000000000,00000000000,0,0,0,1,0,0,0,0,0,0,0,64,0,0,0,11,6,2,12,0,0,0,1,48,79414,6,1,6,0,3,0,999,999,0,0,0,0,1,8,2011,8,2011,0,0,0,0,0,1,2,70,1,3,8,1,0,0,1,62,7,1,4,66,1,0
48,480161,1,1,1,29,1,21,15,59,0,1,0,48,1,20,4,20004,2,2000,1G1YY22G8Y51,1,G,1,Y,Y,2,2,G,8,Y,5,1,0,P,CHEV,CVT,CP,0,17,3173,,0,1045,,G,,F,8,350,,,17R245,,,,,,0,0,000000000,00000000000,0,0,0,1,0,0,0,0,0,0,0,95,0,0,0,61,6,2,2,0,0,1,1,48,77033,6,1,6,0,3,0,999,999,0,0,0,0,0,0,0,0,0,1,0,0,0,0,4,2,50,2,1,8,1,0,0,14,6,99,3,4,2,1,1
48,480162,1,1,1,29,1,3,16,59,0,1,0,48,0,19,3,19003,4,1998,1G6KD54Y6WU8,1,G,6,K,D,5,4,Y,6,W,U,8,0,P,CADI,DFW,4D,98,17,4012,,0,1138,,G,,F,8,279,,,16R225,,,,,,0,0,000000000,00000000000,0,0,0,1,0,0,0,0,0,0,0,998,0,1,4,12,4,3,1,0,0,0,1,48,79088,0,0,0,0,0,0,999,999,0,0,0,0,0,0,0,0,0,1,58,0,0,0,6,1,70,2,3,8,1,40,3,14,12,1,1,4,6,1,1
48,480163,1,1,1,30,1,8,20,1,0,1,0,48,1,59,401,59401,14,2000,JT6HF10U5Y01,J,T,6,H,F,1,0,U,5,Y,0,1,0,P,LEXS,RX3,UT,0,17,3900,,0,1031,,G,,F,6,183,,,16R225,,,,,,0,0,000000000,00000000000,0,0,0,1,0,0,0,0,0,0,0,998,0,2,1,0,6,2,1,0,0,0,1,48,78159,6,1,0,0,3,0,999,999,0,0,0,0,0,0,0,0,0,1,58,0,0,0,1,2,55,3,1,8,1,0,0,1,13,6,4,6,98,1,0
48,480164,1,1,2,31,1,12,30,24,0,1,0,35,3,20,881,20881,62,2003,1GBJ6E1CX3F5,1,G,B,J,6,E,1,C,X,3,F,5,1,T,CHEV,C6C,CB,3,17,,6,3080,1280,C65,D,,,6,439,,,,,00000,00,,42,1,57,1025676,571025676,2,4,98,1,0,0,0,0,0,0,0,998,0,2,3,3,6,2,1,0,0,0,1,48,79347,6,1,0,0,3,3,999,999,0,0,0,0,0,0,0,0,0,0,0,0,0,0,2,2,70,1,2,8,1,0,0,1,12,99,1,4,6,1,0
48,480165,1,2,1,31,1,18,45,1,0,1,0,22,1,76,706,76706,80,2005,JYARN07E65A0,J,Y,A,R,N,0,7,E,6,5,A,0,0,M,YAMA,FZS,RC,5,17,,,,,,,998,,4,,4,459,,,,,,,0,0,000000000,00000000000,0,0,0,1,0,0,0,0,0,0,0,998,0,0,0,0,9,2,1,0,0,0,1,22,70668,6,1,0,0,3,0,999,999,0,0,0,1,0,8,2009,8,2009,1,0,0,0,0,1,4,65,1,1,8,2,0,0,1,6,99,1,1,98,1,0
48,480165,2,2,2,31,1,18,45,1,0,1,0,48,2,20,421,20421,15,1999,3GNEK18R0XG1,3,G,N,E,K,1,8,R,0,X,G,1,0,P,CHEV,KTA,UT,99,17,4858,,0,1115,,G,,F,8,350,,,16R245,,,,,,0,0,000000000,00000000000,0,0,0,1,0,0,0,0,0,0,0,998,0,0,0,6,2,1,12,0,0,0,1,48,77630,6,1,0,0,3,0,999,999,0,0,0,0,0,0,0,0,0,0,0,0,0,0,1,4,65,1,1,8,2,0,0,1,98,1,1,1,98,0,0
48,480166,1,1,1,12,1,19,48,1,0,1,0,48,1,7,482,7482,31,2000,1B7HC13ZXYJ1,1,B,7,H,C,1,3,Z,X,Y,J,1,0,T,DODG,Q15,4C,0,17,,2,1547,1387,RPC,G,,,8,360,,,,B,4648,01,U,42,0,0,000000000,00000000000,0,0,0,1,0,0,0,0,0,0,0,998,0,2,3,0,6,2,1,0,0,0,1,48,78216,6,1,0,0,3,3,999,999,0,0,0,0,0,0,0,0,0,0,51,0,0,0,3,2,65,1,1,8,1,0,0,1,13,1,1,4,1,1,1
48,480167,1,1,2,31,1,16,24,8,0,1,0,48,1,20,481,20481,31,2002,2GCEC19T9212,2,G,C,E,C,1,9,T,9,2,1,2,0,T,CHEV,SC1,4C,2,17,,2,1575,1435,SIL,G,,,8,325,,,,B,4534,03,,42,0,0,000000000,00000000000,0,0,0,1,0,0,0,0,0,0,0,998,0,0,0,12,2,3,8,0,0,0,1,48,79936,6,1,0,0,3,3,999,999,0,0,0,0,0,0,0,0,0,0,0,0,0,0,1,4,35,1,1,8,1,2,3,1,80,1,1,1,13,0,0
48,480168,1,2,1,17,1,8,23,12,1,1,0,93,3,82,881,82881,66,2005,1FUJA6CK85LN,1,F,U,J,A,6,C,K,8,5,L,N,1,T,FRHT,COL,TR,5,17,,8,0,0,CON,D,,,6,858,,,,,00000,00,,64,1,57,1693859,571693859,3,6,1,1,0,0,0,0,0,0,0,998,0,0,0,12,4,3,12,0,0,0,1,13,30124,6,1,6,3,3,3,77,350,98,0,0,0,3,12,2009,9,2011,1,39,91,0,0,1,4,60,1,2,8,1,3,3,1,50,1,1,1,20,0,0
48,480168,2,2,1,17,1,8,23,12,1,1,0,48,1,37,32,37032,4,1997,JHMCD5633VC0,J,H,M,C,D,5,6,3,3,V,C,0,0,P,HOND,ULE,4D,97,17,2864,,0,1069,,G,,F,4,132,,,15R185,,,,,,0,0,000000000,00000000000,0,0,0,1,0,0,0,0,0,0,0,0,0,0,0,6,6,2,12,0,0,0,1,48,75173,6,1,0,0,3,3,999,999,0,0,0,0,0,0,0,0,0,0,0,0,0,0,1,4,60,1,2,8,1,3,3,5,53,1,1,1,21,1,0
48,480169,1,2,1,17,1,13,13,12,2,1,0,48,2,82,881,82881,66,1998,1FUYSXYB1WL9,1,F,U,Y,S,X,Y,B,1,W,L,9,1,T,FRHT,FC2,TR,98,17,,8,0,0,CON,D,,,6,893,,,,,00000,00,,64,1,57,1959485,571959485,3,6,4,1,0,0,0,0,0,0,0,998,0,0,0,12,6,2,12,0,0,0,1,48,78130,6,1,6,0,3,0,999,999,0,1,0,0,5,8,2009,8,2011,0,0,0,0,0,1,2,70,1,1,8,1,0,0,1,62,1,1,1,51,0,0