STATE,ST_CASE,VEH_NO,VE_FORMS,NUMOCCS,DAY,MONTH,HOUR,MINUTE,HARM_EV,MAN_COLL,UNITTYPE,HIT_RUN,REG_STAT,OWNER,MAKE,MODEL,MAK_MOD,BODY_TYP,MOD_YEAR,VIN,VIN_1,VIN_2,VIN_3,VIN_4,VIN_5,VIN_6,VIN_7,VIN_8,VIN_9,VIN_10,VIN_11,VIN_12,TOW_VEH,VINTYPE,VINMAKE,VINA_MOD,VIN_BT,VINMODYR,VIN_LNGT,VIN_WGT,WGTCD_TR,WHLBS_LG,WHLBS_SH,SER_TR,FUELCODE,MCYCL_DS,CARBUR,CYLINDER,DISPLACE,MCYCL_CY,MCYCL_WT,TIRE_SZE,TON_RAT,TRK_WT,TRKWTVAR,VIN_REST,WHLDRWHL,J_KNIFE,MCARR_I1,MCARR_I2,MCARR_ID,GVWR,V_CONFIG,CARGO_BT,HAZ_INV,HAZ_PLAC,HAZ_ID,HAZ_CNO,HAZ_REL,BUS_USE,SPEC_USE,EMER_USE,TRAV_SP,UNDERIDE,ROLLOVER,ROLINLOC,IMPACT1,DEFORMED,TOWED,M_HARM,VEH_SC1,VEH_SC2,FIRE_EXP,DR_PRES,L_STATE,DR_ZIP,L_STATUS,L_TYPE,CDL_STAT,L_ENDORS,L_COMPL,L_RESTRI,DR_HGT,DR_WGT,PREV_ACC,PREV_SUS,PREV_DWI,PREV_SPD,PREV_OTH,FIRST_MO,FIRST_YR,LAST_MO,LAST_YR,SPEEDREL,DR_SF1,DR_SF2,DR_SF3,DR_SF4,VTRAFWAY,VNUM_LAN,VSPD_LIM,VALIGN,VPROFILE,VPAVETYP,VSURCOND,VTRAFCON,VTCONT_F,P_CRASH1,P_CRASH2,P_CRASH3,PCRASH4,PCRASH5,ACC_TYPE,DEATHS,DR_DRINK
48,480238,1,1,1,13,2,19,45,32,0,1,0,6,3,63,32,63032,4,2011,KNADH4A32B68,K,N,A,D,H,4,A,3,2,B,6,8,0,P,KIA,RBL,4D,11,17,2365,,0,0,,G,,F,4,098,,,000000,,,,,,0,0,000000000,00000000000,0,0,0,1,0,0,0,0,0,0,0,998,0,1,6,12,4,3,32,0,0,0,1,48,77705,6,1,0,0,3,0,999,999,2,0,0,0,0,12,2009,7,2010,1,0,0,0,0,1,2,70,1,2,8,2,0,0,1,6,99,3,4,2,1,0
48,480239,1,1,1,14,2,19,50,8,0,1,0,48,1,20,481,20481,31,2006,3GCEC14X66G2,3,G,C,E,C,1,4,X,6,6,G,2,0,T,CHEV,SC1,PK,6,17,,2,1330,1190,SIL,G,,,6,262,,,,B,4211,00,,42,0,0,000000000,00000000000,0,0,0,1,0,0,0,0,0,0,0,998,0,0,0,12,2,1,8,0,0,0,1,48,77029,6,1,6,0,3,0,999,999,0,0,0,0,0,0,0,0,0,0,0,0,0,0,1,4,35,1,1,1,1,0,0,1,80,1,1,1,13,0,0
48,480240,1,2,1,14,2,21,0,12,6,1,1,93,3,82,881,82881,66,1999,1FUYSSEB9XPA,1,F,U,Y,S,S,E,B,9,X,P,A,1,T,FRHT,FC2,TR,99,17,,8,0,0,CON,D,,,6,774,,,,,00000,00,,64,1,57,1587510,571587510,3,6,1,1,0,0,0,0,0,0,0,998,0,0,0,3,2,1,12,0,0,0,1,48,76210,6,1,6,0,3,0,999,999,0,0,0,1,1,1,2011,5,2011,0,31,0,0,0,1,2,98,8,8,8,1,20,3,13,98,1,1,1,92,0,0
48,480240,2,2,1,14,2,21,0,12,6,1,0,48,1,55,33,55033,4,2002,KMHFU45E82A1,K,M,H,F,U,4,5,E,8,2,A,1,0,P,HYUN,XG5,4D,2,17,3651,,0,1083,,G,,F,6,213,,,16R205,,,,,,0,0,000000000,00000000000,0,0,0,1,0,0,0,0,0,0,0,998,3,0,0,12,4,3,12,0,0,0,1,48,75212,6,1,0,0,3,3,999,999,0,0,0,0,0,0,0,0,0,0,0,0,0,0,1,2,50,3,3,8,1,0,0,14,68,1,1,1,93,1,0
48,480241,1,1,1,20,1,6,46,8,0,1,1,99,9,99,999,99999,99,9999,999999999999,9,9,9,9,9,9,9,9,9,9,9,9,0,,,,,,,,,,,,,,,,,,,,,,,,,0,0,000000000,00000000000,0,0,0,1,0,0,0,0,0,0,0,998,0,0,0,12,9,1,8,0,0,0,1,99,99999,9,9,99,9,9,9,999,999,99,99,99,99,99,99,9999,99,9999,0,0,0,0,0,1,4,30,1,1,8,2,0,0,1,80,1,1,1,13,0,0
48,480242,1,1,1,15,2,9,5,33,0,1,0,48,3,7,26,7026,4,2010,1B3CC4FB9AN2,1,B,3,C,C,4,F,B,9,A,N,2,0,P,DODG,AXT,4D,10,17,3405,,0,1089,,G,,F,4,146,,,16R215,,,,,,0,0,000000000,00000000000,0,0,0,1,0,0,0,0,0,0,0,998,0,0,0,14,9,3,3,0,0,0,1,48,77034,6,1,0,0,3,3,999,999,0,0,0,0,0,0,0,0,0,0,0,0,0,0,1,2,30,2,1,1,2,0,0,14,12,1,1,4,6,1,0
48,480243,1,1,1,15,2,19,25,8,0,1,0,48,1,14,17,14017,4,2003,1MEFM50U33A6,1,M,E,F,M,5,0,U,3,3,A,6,0,P,MERC,SGS,4D,3,17,3369,,0,1085,,G,,F,6,182,,,16R215,,,,,,0,0,000000000,00000000000,0,0,0,1,0,0,0,0,0,0,0,998,0,0,0,12,4,1,8,0,0,0,1,48,76230,6,1,0,0,3,3,999,999,0,0,0,0,0,0,0,0,0,0,0,0,0,0,1,2,40,1,1,8,1,0,0,1,80,1,1,1,13,0,0
48,480244,1,1,1,15,2,22,5,59,0,1,0,48,1,12,880,12880,67,2007,1FTWW31P97EA,1,F,T,W,W,3,1,P,9,7,E,A,0,T,FORD,F3S,CW,7,17,,3,1720,1560,SRW,D,,,8,366,,,,D,6586,01,E,44,0,88,888888888,88888888888,2,1,97,1,0,0,0,0,0,0,0,998,0,1,5,12,6,2,1,0,0,0,1,48,77328,6,1,0,0,3,3,999,999,0,0,0,0,0,0,0,0,0,0,0,0,0,0,2,2,70,1,1,8,2,0,0,1,12,1,1,4,6,1,0
48,480245,1,2,1,16,2,0,42,12,2,1,0,48,2,55,401,55401,14,2003,KM8SB12B23U5,K,M,8,S,B,1,2,B,2,3,U,5,0,P,HYUN,SAN,UT,3,17,3494,,0,1031,,G,,F,4,143,,,16R225,,,,,,0,0,000000000,00000000000,0,0,0,1,0,0,0,0,0,0,0,998,0,0,0,12,6,2,12,0,0,0,1,48,77656,1,1,0,0,2,0,999,999,0,2,0,0,0,4,2009,6,2009,0,0,0,0,0,1,2,50,1,1,8,2,0,0,1,62,1,1,1,51,0,0
48,480245,2,2,1,16,2,0,42,12,2,1,0,48,2,2,404,2404,14,1993,1J4FJ68S7PL6,1,J,4,F,J,6,8,S,7,P,L,6,0,T,JEEP,SPT,4W,93,17,,1,0,1014,CHK,G,,,6,242,,,,,2808,01,A,44,0,0,000000000,00000000000,0,0,0,1,0,0,0,0,0,0,0,998,0,0,0,12,6,2,2,0,0,1,1,48,75956,6,1,0,0,3,0,999,999,1,0,0,0,0,4,2011,4,2011,0,51,0,0,0,1,2,50,1,1,8,2,0,0,1,10,1,1,2,50,1,0
48,480246,1,1,1,18,2,22,29,1,0,1,0,48,1,38,471,38471,30,1992,JAACL16E7N72,J,A,A,C,L,1,6,E,7,N,7,2,0,T,ISU,SSC,PK,92,17,,1,0,1192,CON,G,,,4,156,,,,B,00000,00,A,42,0,0,000000000,00000000000,0,0,0,1,0,0,0,0,0,0,0,998,0,1,5,0,9,2,42,0,0,0,1,48,75062,0,0,0,0,0,0,63,175,0,0,0,0,0,0,0,0,0,1,0,0,0,0,1,4,35,1,1,8,2,0,0,1,6,1,3,4,2,1,1
48,480247,1,1,1,18,2,20,55,8,0,1,0,48,1,30,40,30040,4,2012,3VWLL7AJXCM3,3,V,W,L,L,7,A,J,X,C,M,3,0,P,VOLK,JTD,4D,12,17,3210,,0,0,,D,,T,4,120,,,000000,,,,,,0,0,000000000,00000000000,0,0,0,1,0,0,0,0,0,0,0,998,0,0,0,12,4,3,8,0,0,0,1,48,77091,6,1,0,0,3,3,999,999,0,0,0,0,0,0,0,0,0,0,0,0,0,0,3,4,60,1,1,8,1,0,0,1,80,4,1,1,13,0,0
48,480248,1,3,3,19,2,20,27,8,0,1,0,48,1,6,52,6052,6,2003,3C4FY78G13T5,3,C,4,F,Y,7,8,G,1,3,T,5,0,P,CHRY,PTC,SV,3,17,3231,,0,1030,,G,,T,4,148,,,17R205,,,,,,0,0,000000000,00000000000,0,0,0,1,0,0,0,0,0,0,0,998,0,0,0,12,4,3,8,0,0,0,1,48,78727,6,1,0,0,3,3,999,999,0,0,0,0,0,0,0,0,0,0,0,0,0,0,2,3,65,1,1,8,1,0,0,1,80,1,1,1,13,0,0
48,480248,2,3,1,19,2,20,27,8,0,1,1,99,9,99,999,99999,99,9999,999999999999,9,9,9,9,9,9,9,9,9,9,9,9,0,,,,,,,,,,,,,,,,,,,,,,,,,0,0,000000000,00000000000,0,0,0,1,0,0,0,0,0,0,0,998,0,0,0,99,9,1,8,0,0,0,1,99,99999,9,9,99,9,9,9,999,999,99,99,99,99,99,99,9999,99,9999,0,0,0,0,0,2,3,65,1,1,8,1,0,0,1,90,1,1,1,98,0,0
48,480248,3,3,2,19,2,20,27,8,0,1,0,48,1,30,40,30040,4,2010,3VWRX7AJ6AM0,3,V,W,R,X,7,A,J,6,A,M,0,0,P,VOLK,JSE,4D,10,17,3202,,0,1015,,G,,F,5,151,,,16R205,,,,,,0,0,000000000,00000000000,0,0,0,1,0,0,0,0,0,0,0,998,0,0,0,14,4,3,8,0,0,0,1,48,78746,6,1,0,0,3,0,999,999,0,0,0,0,0,0,0,0,0,0,0,0,0,0,2,3,65,1,1,8,1,0,0,1,90,1,1,1,98,0,0
48,480249,1,1,1,20,2,19,14,8,0,1,0,48,1,20,23,20023,6,2006,3GNDA23D26S5,3,G,N,D,A,2,3,D,2,6,S,5,0,P,CHEV,HHR,SV,6,17,3155,,0,1035,,G,,F,4,134,,,16R215,,,,,,0,0,000000000,00000000000,0,0,0,1,0,0,0,0,0,0,0,998,0,0,0,12,2,3,8,0,0,0,1,48,76513,6,1,0,0,3,0,999,999,0,0,0,0,0,0,0,0,0,0,0,0,0,0,2,2,45,1,1,8,1,0,0,1,80,1,1,1,13,0,0
48,480250,1,1,1,20,2,21,5,35,0,1,0,48,1,12,481,12481,31,2007,1FTRX12W17NA,1,F,T,R,X,1,2,W,1,7,N,A,0,T,FORD,F15,4C,7,17,,2,1630,1330,COF,G,,,8,281,,,,B,4979,05,E,42,0,0,000000000,00000000000,0,0,0,1,0,0,0,0,0,0,0,998,0,0,0,12,6,2,42,0,0,0,1,48,77522,6,1,0,0,3,0,999,999,0,0,0,0,0,0,0,0,0,1,39,0,0,0,1,2,30,1,1,8,1,20,3,1,14,1,1,4,14,1,1
48,480251,1,2,1,21,2,0,58,12,6,1,0,48,2,53,705,53705,80,1999,JS1GR7DA4X21,J,S,1,G,R,7,D,A,4,X,2,1,0,M,SUZI,SX7,RC,99,17,,,,,,,749,,4,,4,394,,,,,,,0,0,000000000,00000000000,0,0,0,1,0,0,0,0,0,0,0,120,0,0,0,12,9,2,12,0,0,0,1,48,76549,1,1,0,0,2,0,68,261,0,17,0,2,4,3,2010,11,2011,1,37,0,0,0,5,4,50,1,1,8,1,0,0,1,72,6,1,2,83,1,1
48,480251,2,2,2,21,2,0,58,12,6,1,0,48,1,22,20,22020,4,2008,2G2WP5523811,2,G,2,W,P,5,5,2,3,8,1,1,0,P,PONT,GRA,4D,8,17,3477,,0,1105,,G,,F,6,232,,,16R225,,,,,,0,0,000000000,00000000000,0,0,0,1,0,0,0,0,0,0,0,998,0,1,1,10,6,2,12,0,0,0,1,48,76522,6,1,0,0,3,0,999,999,0,0,0,2,0,1,2011,4,2011,0,0,0,0,0,0,0,0,0,0,0,0,0,0,11,98,1,1,1,82,0,0
48,480252,1,1,1,29,2,23,25,8,0,1,1,99,9,99,999,99999,99,9999,999999999999,9,9,9,9,9,9,9,9,9,9,9,9,0,,,,,,,,,,,,,,,,,,,,,,,,,0,0,000000000,00000000000,0,0,0,1,0,0,0,0,0,0,0,998,0,0,0,99,9,1,8,0,0,0,1,99,99999,9,9,99,9,9,9,999,999,99,99,99,99,99,99,9999,99,9999,0,0,0,0,0,5,4,40,1,1,8,1,0,0,1,82,1,1,9,13,0,0
48,480253,1,2,1,3,2,9,50,24,0,1,0,48,1,52,40,52040,4,1999,6MMAP47P2XT0,6,M,M,A,P,4,7,P,2,X,T,0,0,P,MITS,DIA,4D,99,17,3440,,0,1071,,G,,F,6,213,,,15R205,,,,,,0,0,000000000,00000000000,0,0,0,1,0,0,0,0,0,0,0,998,0,0,0,11,6,2,12,0,0,0,1,48,75928,6,1,0,0,3,3,999,999,0,0,0,0,0,0,0,0,0,1,51,0,0,0,1,2,70,1,1,8,6,0,0,1,6,1,4,4,7,1,0
48,480253,2,2,1,3,2,9,50,24,0,1,0,48,1,35,39,35039,4,2010,1N4AA5AP4AC8,1,N,4,A,A,5,A,P,4,A,C,8,0,P,NISS,MSV,4D,10,17,3556,,0,1093,,G,,F,6,214,,,18R245,,,,,,0,0,000000000,00000000000,0,0,0,1,0,0,0,0,0,0,0,998,0,0,0,12,6,2,12,0,0,0,1,48,75605,6,1,6,0,3,0,999,999,0,0,0,0,0,0,0,0,0,0,0,0,0,0,1,2,70,1,1,8,6,0,0,1,64,1,1,1,98,0,0
48,480254,1,1,1,3,2,17,10,30,0,1,0,48,2,54,31,54031,3,1996,JH4DC4463TS0,J,H,4,D,C,4,4,6,3,T,S,0,0,P,ACUR,ISE,2H,96,17,2601,,0,1012,,G,,F,4,112,,,15R195,,,,,,0,0,000000000,00000000000,0,0,0,1,0,0,0,0,0,0,0,998,0,0,0,9,6,2,30,0,0,0,1,48,78411,1,1,0,0,2,3,999,999,2,1,0,0,1,12,2009,11,2011,1,27,0,0,0,5,4,35,1,1,8,1,0,0,1,13,1,3,4,2,1,0
48,480255,1,1,5,4,2,22,3,26,0,1,0,48,2,12,422,12422,15,2005,1FMPU15555LA,1,F,M,P,U,1,5,5,5,5,L,A,0,P,FORD,EPT,UT,5,17,5352,,0,1191,,G,,F,8,330,,,17R265,,,,,,0,0,000000000,00000000000,0,0,0,1,0,0,0,0,0,0,0,998,0,0,0,12,4,3,26,0,0,0,1,48,78586,6,2,0,0,3,0,999,999,0,0,0,0,0,0,0,0,0,1,0,0,0,0,3,3,65,1,2,8,2,0,0,15,6,99,3,4,2,1,0
48,480256,1,1,1,4,2,1,6,26,0,1,0,48,1,37,31,37031,2,2007,2HGFG12627H5,2,H,G,F,G,1,2,6,2,7,H,5,0,P,HOND,UCL,CP,7,17,2718,,0,1043,,G,,F,4,110,,,16R205,,,,,,0,0,000000000,00000000000,0,0,0,1,0,0,0,0,0,0,0,998,0,1,1,61,4,3,26,0,0,0,1,48,75061,0,0,0,0,0,0,58,111,0,0,0,1,0,10,2011,10,2011,0,0,0,0,0,3,3,60,1,1,8,1,98,3,1,12,99,1,4,6,1,1
48,480257,1,1,1,4,2,3,25,33,0,1,0,48,2,12,401,12401,14,2000,1FMZU83P0YUB,1,F,M,Z,U,8,3,P,0,Y,U,B,0,P,FORD,EPR,UT,0,17,4274,,0,1116,,G,,F,8,302,,,15R235,,,,,,0,0,000000000,00000000000,0,0,0,1,0,0,0,0,0,0,0,998,0,2,1,99,6,2,1,0,0,0,1,48,79924,0,0,0,0,0,0,999,999,0,0,0,0,0,0,0,0,0,0,58,0,0,0,2,3,55,1,1,8,1,0,0,1,9,1,1,4,6,1,0
48,480258,1,1,1,4,2,22,50,34,0,1,0,48,2,73,709,73709,80,2006,JKBVNMF116A0,J,K,B,V,N,M,F,1,1,6,A,0,0,M,KAWK,VNF,RS,6,17,,,,,,,2053,,2,,4,796,,,,,,,0,0,000000000,00000000000,0,0,0,1,0,0,0,0,0,0,0,998,0,0,0,99,9,2,34,0,0,0,1,48,76689,6,1,0,0,2,0,70,250,0,0,0,1,0,8,2010,8,2010,0,0,0,0,0,1,2,35,1,2,8,1,0,0,1,13,6,1,4,1,1,1
48,480259,1,2,1,4,2,16,52,1,0,1,0,48,1,73,709,73709,80,2010,JKAZRCD10AA0,J,K,A,Z,R,C,D,1,0,A,A,0,0,M,KAWK,BZD,RC,10,17,,,,,,,1043,,4,,4,0000,,,,,,,0,0,000000000,00000000000,0,0,0,1,0,0,0,0,0,0,0,998,0,0,0,0,9,2,1,0,0,0,1,48,78613,6,1,0,0,3,0,999,999,0,1,0,0,0,6,2010,6,2010,1,0,0,0,0,2,4,75,1,1,8,1,0,0,1,6,1,1,1,98,1,1
48,480259,2,2,3,4,2,16,52,1,0,1,0,48,1,2,403,2403,14,2008,1J4GB39138L5,1,J,4,G,B,3,9,1,3,8,L,5,0,T,JEEP,WUX,4W,8,17,,1,0,1160,WUL,G,,,6,230,,,,,3999,00,4,42,0,0,000000000,00000000000,0,0,0,1,0,0,0,0,0,0,0,998,0,0,0,6,2,1,12,0,0,0,1,25,78641,6,1,0,0,3,0,70,999,0,0,0,0,0,0,0,0,0,0,89,0,0,0,2,4,75,1,1,8,1,0,0,1,53,1,1,1,98,0,0
48,480260,1,2,1,5,2,6,29,12,2,1,0,48,2,7,482,7482,31,2009,3D7ML48L79G5,3,D,7,M,L,4,8,L,7,9,G,5,0,T,DODG,Q35,CW,9,17,,3,1605,1405,RPC,D,,,6,408,,,,D,7092,00,E,42,0,0,000000000,00000000000,0,0,0,1,0,0,0,0,0,0,0,998,0,0,0,12,6,2,12,0,0,0,1,48,78389,6,1,0,0,3,3,999,999,0,0,0,0,0,0,0,0,0,0,0,0,0,0,1,2,70,1,2,2,2,0,0,1,62,7,1,1,51,0,0
48,480260,2,2,2,5,2,6,29,12,2,1,0,48,2,20,481,20481,31,2005,2GCEK13T3513,2,G,C,E,K,1,3,T,3,5,1,3,0,T,CHEV,SK1,CW,5,17,,2,0,1435,SIL,G,,,8,323,,,,B,5299,00,,44,0,0,000000000,00000000000,0,0,0,1,0,0,0,0,0,0,0,998,0,0,0,12,6,2,12,0,0,0,1,48,78155,6,1,0,0,3,0,999,999,0,0,0,0,0,0,0,0,0,1,0,0,0,0,1,2,70,1,2,2,2,0,0,1,6,1,2,2,50,2,0
48,480261,1,1,1,5,2,12,28,8,0,1,0,48,1,7,20,7020,4,2005,1B3ES56CX5D2,1,B,3,E,S,5,6,C,X,5,D,2,0,P,DODG,NXT,4D,5,17,2634,,0,1040,,G,,F,4,122,,,15R185,,,,,,0,0,000000000,00000000000,0,0,0,1,0,0,0,0,0,0,0,45,0,0,0,12,9,1,8,0,0,0,1,48,76844,6,1,0,0,3,0,999,999,0,0,0,0,0,0,0,0,0,1,0,0,0,0,1,2,30,1,3,8,1,0,0,1,80,3,1,1,13,0,0
48,480262,1,1,2,5,2,2,45,33,0,1,0,48,2,20,481,20481,31,2008,1GCHK23648F2,1,G,C,H,K,2,3,6,4,8,F,2,0,T,CHEV,2KH,CW,8,17,,2,1670,1530,SIL,D,,,8,403,,,,C,5883,02,,44,0,0,000000000,00000000000,0,0,0,1,0,0,0,0,0,0,0,998,0,0,0,99,6,2,42,0,0,0,1,48,78757,6,1,0,0,3,0,999,999,0,0,0,1,1,12,2009,7,2011,1,0,0,0,0,1,2,30,2,1,8,1,0,0,14,12,1,1,4,6,1,1
48,480263,1,1,1,6,2,15,34,8,0,1,0,48,2,20,881,20881,61,2003,1GBJC34U63E2,1,G,B,J,C,3,4,U,6,3,E,2,0,T,CHEV,SC3,CB,3,17,,3,1615,1370,SIL,G,,,8,364,,,,D,00000,00,,42,0,99,999999999,99999999999,2,1,96,1,0,0,0,0,0,0,0,998,0,0,0,99,9,4,8,0,0,0,1,48,77099,6,1,6,0,3,0,999,999,2,0,0,0,0,2,2009,8,2009,0,91,0,0,0,0,0,0,0,0,0,0,0,0,10,81,1,1,1,13,0,0
48,480264,1,2,1,6,2,16,35,12,6,1,0,48,2,52,37,52037,3,1995,4A3AK44YXSE0,4,A,3,A,K,4,4,Y,X,S,E,0,0,P,MITS,EGS,2H,95,17,2899,,0,988,,G,,F,4,122,,,16R205,,,,,,0,0,000000000,00000000000,0,0,0,1,0,0,0,0,0,0,0,998,0,0,0,2,4,3,12,0,0,0,1,48,77316,1,1,0,0,2,0,999,999,0,7,0,3,0,4,2009,6,2011,1,28,0,0,0,5,2,55,3,1,8,1,0,0,14,10,1,4,2,66,1,0
48,480264,2,2,2,6,2,16,35,12,6,1,0,48,2,20,421,20421,15,2002,1GNEC13Z32R2,1,G,N,E,C,1,3,Z,3,2,R,2,0,P,CHEV,CTA,UT,2,17,4828,,0,1160,,F,,F,8,325,,,16R265,,,,,,0,0,000000000,00000000000,0,0,0,1,0,0,0,0,0,0,0,998,0,0,0,12,4,3,12,0,0,0,1,48,77306,6,1,0,0,3,3,999,999,1,0,0,0,0,3,2009,3,2009,0,0,0,0,0,5,2,55,2,1,8,1,0,0,14,62,1,1,1,66,0,0
48,480265,1,1,1,8,2,19,50,8,0,1,0,48,1,49,40,49040,4,2002,4T1BE32K42U1,4,T,1,B,E,3,2,K,4,2,U,1,0,P,TOYT,LXS,4D,2,17,3086,,0,1071,,G,,F,4,144,,,15R205,,,,,,0,0,000000000,00000000000,0,0,0,1,0,0,0,0,0,0,0,998,0,0,0,12,2,1,8,0,0,0,1,48,78249,6,1,0,0,3,0,999,999,0,0,0,0,0,0,0,0,0,0,0,0,0,0,3,2,70,1,1,8,1,0,0,1,80,6,1,1,13,0,0
48,480266,1,2,1,2,2,8,57,12,2,1,0,48,2,7,422,7422,15,2004,1D4HD48N14F1,1,D,4,H,D,4,8,N,1,4,F,1,0,P,DODG,DUR,UT,4,17,4648,,0,1192,,G,,F,8,287,,,17R245,,,,,,0,0,000000000,00000000000,0,0,0,1,0,0,0,0,0,0,0,998,0,0,0,12,4,3,12,0,0,0,1,48,75633,0,0,0,0,0,0,999,999,0,0,0,0,0,0,0,0,0,0,0,0,0,0,1,2,60,1,1,8,1,0,0,1,62,1,1,1,51,0,0
48,480266,2,2,1,2,2,8,57,12,2,1,0,48,1,14,6,14006,4,1991,2MECM74F9MX6,2,M,E,C,M,7,4,F,9,M,X,6,0,P,MERC,GMG,4D,91,17,3836,,0,1143,,G,,F,8,302,,,15R215,,,,,,0,0,000000000,00000000000,0,0,0,1,0,0,0,0,0,0,0,998,0,0,0,12,4,3,12,0,0,0,1,48,75670,6,1,0,0,3,0,67,230,0,0,0,0,0,0,0,0,0,0,51,0,0,0,1,2,60,1,1,8,1,0,0,1,10,1,1,1,50,1,0
48,480267,1,1,1,2,2,11,40,14,0,1,0,5,3,87,881,87881,66,2007,1XP5DB9X37D6,1,X,P,5,D,B,9,X,3,7,D,6,1,T,PTRB,379,TR,7,17,,8,0,0,CON,D,,,6,893,,,,,00000,00,,64,1,57,664598,57664598,3,6,28,1,0,0,0,0,0,0,0,998,8,1,2,12,2,3,14,0,0,0,1,48,77449,6,1,6,9,9,0,999,999,0,1,0,1,3,6,2009,1,2012,0,6,91,0,0,1,2,70,1,2,2,1,0,0,1,13,1,1,4,1,0,0
48,480268,1,5,1,5,2,8,40,12,8,1,0,48,3,12,3,12003,1,1996,1FALP45X3TF2,1,F,A,L,P,4,5,X,3,T,F,2,0,P,FORD,MGT,CV,96,17,3468,,0,1013,,G,,F,8,281,,,16R225,,,,,,0,0,000000000,00000000000,0,0,0,1,0,0,0,0,0,0,0,998,0,0,0,11,6,2,12,0,0,0,1,48,78641,6,1,0,0,3,0,999,999,0,0,0,0,1,5,2011,5,2011,1,27,0,0,0,1,4,65,1,1,8,2,0,0,15,10,1,1,2,64,1,0
48,480268,2,5,1,5,2,8,40,12,8,1,0,48,1,32,43,32043,4,2004,WAUJC68E14A0,W,A,U,J,C,6,8,E,1,4,A,0,0,P,AUDI,41T,4D,4,17,3153,,0,1043,,G,,T,4,109,,,16R215,,,,,,0,0,000000000,00000000000,0,0,0,1,0,0,0,0,0,0,0,998,0,0,0,12,6,2,12,0,0,0,1,48,78613,6,1,0,0,3,0,999,999,0,0,0,1,0,10,2010,10,2010,0,0,0,0,0,1,4,65,1,1,8,2,0,0,1,62,1,1,1,98,0,0
48,480268,3,5,1,5,2,8,40,12,8,1,0,48,1,37,32,37032,4,2004,1HGCM56834A0,1,H,G,C,M,5,6,8,3,4,A,0,0,P,HOND,UEX,4D,4,17,3109,,0,1079,,G,,F,4,146,,,000000,,,,,,0,0,000000000,00000000000,0,0,0,1,0,0,0,0,0,0,0,998,0,0,0,99,4,3,24,0,0,0,1,48,78681,6,1,0,0,3,0,999,999,0,0,0,0,0,0,0,0,0,0,0,0,0,0,1,4,65,1,1,8,2,0,0,1,13,1,1,4,98,0,0
48,480268,4,5,2,5,2,8,40,12,8,1,0,48,2,20,461,20461,21,2010,1GCZGFBA1A11,1,G,C,Z,G,F,B,A,1,A,1,1,0,T,CHEV,E25,CG,10,17,,2,0,1350,EXP,F,,,8,293,,,,C,5338,00,,42,0,0,000000000,00000000000,0,0,0,1,0,0,0,0,0,0,0,998,0,0,0,12,4,3,12,0,0,0,1,48,79106,6,1,0,0,3,0,999,999,0,9,0,0,0,4,2009,12,2009,0,0,0,0,0,1,4,65,1,1,8,2,0,0,1,98,1,1,1,98,0,0
48,480268,5,5,1,5,2,8,40,12,8,1,0,48,1,42,42,42042,4,2010,WDDGF5EB3AF4,W,D,D,G,F,5,E,B,3,A,F,4,0,P,MERZ,C30,4D,10,17,3527,,0,1087,,G,,F,6,183,,,17R225,,,,,,0,0,000000000,00000000000,0,0,0,1,0,0,0,0,0,0,0,998,0,0,0,61,6,2,12,0,0,0,1,48,78681,6,1,0,0,3,0,999,999,0,0,0,0,0,0,0,0,0,0,0,0,0,0,1,4,65,1,1,8,2,0,0,1,62,1,1,1,65,0,0
48,480269,1,2,1,9,2,16,31,12,1,1,0,48,1,7,482,7482,31,2005,3D3LS38C25G8,3,D,3,L,S,3,8,C,2,5,G,8,0,T,DODG,SQ3,CW,5,17,,2,1605,1405,RPC,D,,,6,359,,,,D,6563,07,K,44,0,0,000000000,00000000000,0,0,0,1,0,0,0,0,0,0,0,998,0,0,0,12,4,3,12,0,0,0,1,48,75009,6,1,0,0,3,0,999,999,0,0,0,0,0,0,0,0,0,0,0,0,0,0,3,3,70,2,3,8,1,0,0,14,50,1,1,1,20,0,0
48,480269,2,2,4,9,2,16,31,12,1,1,0,48,2,6,52,6052,6,2004,3C4FY58884T2,3,C,4,F,Y,5,8,8,8,4,T,2,0,P,CHRY,PTC,SV,4,17,3037,,0,1030,,G,,T,4,148,,,16R205,,,,,,0,0,000000000,00000000000,0,0,0,1,0,0,0,0,0,0,0,0,0,0,0,6,6,2,12,0,0,0,1,48,75220,0,0,0,0,0,0,999,999,0,0,0,0,0,0,0,0,0,0,91,0,0,0,3,3,70,2,3,8,1,0,0,7,98,1,1,1,21,1,0
48,480270,1,1,1,10,2,6,32,8,0,1,0,48,2,12,16,12016,4,2002,2FAFP74W22X1,2,F,A,F,P,7,4,W,2,2,X,1,0,P,FORD,CVR,4D,2,17,3968,,0,1147,,G,,F,8,281,,,16R225,,,,,,0,0,000000000,00000000000,0,0,0,1,0,0,0,0,0,0,0,998,0,0,0,12,2,3,8,0,0,0,1,48,78152,6,1,0,0,3,0,999,999,0,0,0,0,0,0,0,0,0,0,0,0,0,0,1,2,55,1,2,8,6,0,0,1,80,1,1,1,13,0,0
48,480271,1,2,1,14,1,18,51,12,2,1,0,48,1,20,481,20481,31,2007,1GCEC14C17E5,1,G,C,E,C,1,4,C,1,7,E,5,0,T,CHEV,SC1,PK,7,17,,2,1330,1190,SIL,G,,,8,293,,,,B,4448,01,,42,0,0,000000000,00000000000,0,0,0,1,0,0,0,0,0,0,0,998,0,0,0,12,6,2,12,0,0,0,1,48,77502,6,1,0,0,3,3,999,999,0,0,0,0,0,0,0,0,0,1,0,0,0,0,1,2,98,3,1,8,1,3,3,14,17,1,1,1,69,0,1