STATE,ST_CASE,VEH_NO,VE_FORMS,NUMOCCS,DAY,MONTH,HOUR,MINUTE,HARM_EV,MAN_COLL,UNITTYPE,HIT_RUN,REG_STAT,OWNER,MAKE,MODEL,MAK_MOD,BODY_TYP,MOD_YEAR,VIN,VIN_1,VIN_2,VIN_3,VIN_4,VIN_5,VIN_6,VIN_7,VIN_8,VIN_9,VIN_10,VIN_11,VIN_12,TOW_VEH,VINTYPE,VINMAKE,VINA_MOD,VIN_BT,VINMODYR,VIN_LNGT,VIN_WGT,WGTCD_TR,WHLBS_LG,WHLBS_SH,SER_TR,FUELCODE,MCYCL_DS,CARBUR,CYLINDER,DISPLACE,MCYCL_CY,MCYCL_WT,TIRE_SZE,TON_RAT,TRK_WT,TRKWTVAR,VIN_REST,WHLDRWHL,J_KNIFE,MCARR_I1,MCARR_I2,MCARR_ID,GVWR,V_CONFIG,CARGO_BT,HAZ_INV,HAZ_PLAC,HAZ_ID,HAZ_CNO,HAZ_REL,BUS_USE,SPEC_USE,EMER_USE,TRAV_SP,UNDERIDE,ROLLOVER,ROLINLOC,IMPACT1,DEFORMED,TOWED,M_HARM,VEH_SC1,VEH_SC2,FIRE_EXP,DR_PRES,L_STATE,DR_ZIP,L_STATUS,L_TYPE,CDL_STAT,L_ENDORS,L_COMPL,L_RESTRI,DR_HGT,DR_WGT,PREV_ACC,PREV_SUS,PREV_DWI,PREV_SPD,PREV_OTH,FIRST_MO,FIRST_YR,LAST_MO,LAST_YR,SPEEDREL,DR_SF1,DR_SF2,DR_SF3,DR_SF4,VTRAFWAY,VNUM_LAN,VSPD_LIM,VALIGN,VPROFILE,VPAVETYP,VSURCOND,VTRAFCON,VTCONT_F,P_CRASH1,P_CRASH2,P_CRASH3,PCRASH4,PCRASH5,ACC_TYPE,DEATHS,DR_DRINK
48,480371,1,1,1,3,3,0,11,30,0,1,0,48,2,58,37,58037,4,2006,JNKCV51E36M5,J,N,K,C,V,5,1,E,3,6,M,5,0,P,INFI,G35,4D,6,17,3449,,0,1122,,G,,F,6,214,,,17R215,,,,,,0,0,000000000,00000000000,0,0,0,1,0,0,0,0,0,0,0,998,0,0,0,9,6,2,2,0,0,1,1,48,76018,6,1,0,0,3,0,999,999,0,0,0,0,0,0,0,0,0,1,0,0,0,0,2,4,40,3,1,8,1,0,0,14,6,1,3,4,2,1,0
48,480372,1,1,1,3,3,0,52,33,0,1,0,48,2,71,709,71709,80,1997,ZDM1RC3L9VB0,Z,D,M,1,R,C,3,L,9,V,B,0,0,M,DUCA,,,97,17,,,,,,,,,,,,,,,,,,,0,0,000000000,00000000000,0,0,0,1,0,0,0,0,0,0,0,998,0,0,0,12,2,3,14,0,0,0,1,48,78721,6,1,0,0,2,0,999,999,0,4,0,0,0,9,2009,5,2010,1,0,0,0,0,1,2,45,2,1,8,1,0,0,14,6,1,1,4,6,1,1
48,480373,1,1,1,4,3,15,11,1,0,1,0,48,1,72,706,72706,80,2005,1HD1FFW185Y6,1,H,D,1,F,F,W,1,8,5,Y,6,0,M,HD,TCI,RS,5,17,,,,,,,1450,,2,,4,776,,,,,,,0,0,000000000,00000000000,0,0,0,1,0,0,0,0,0,0,0,998,0,0,0,0,8,3,33,0,0,0,1,48,75060,6,1,0,0,3,0,999,999,0,0,0,0,0,0,0,0,0,1,0,0,0,0,1,2,30,2,1,8,1,0,0,14,6,1,2,1,98,1,1
48,480374,1,1,3,4,3,10,35,9,0,1,0,36,3,12,16,12016,4,2011,2FABP7EV4BX1,2,F,A,B,P,7,E,V,4,B,X,1,0,P,FORD,CVL,4D,11,17,4127,,0,0,,F,,F,8,281,,,000000,,,,,,0,0,000000000,00000000000,0,0,0,1,0,0,0,0,0,0,0,998,0,0,0,1,2,3,9,0,0,0,1,48,77642,0,0,0,0,0,0,999,999,0,0,0,0,0,0,0,0,0,0,0,0,0,0,1,2,65,1,1,8,1,0,0,1,13,1,1,4,13,0,0
48,480375,1,2,1,4,3,17,48,12,6,1,0,48,1,22,20,22020,4,1998,1G2WP52K7WF3,1,G,2,W,P,5,2,K,7,W,F,3,0,P,PONT,GPG,4D,98,17,3414,,0,1105,,G,,F,6,231,,,16R225,,,,,,0,0,000000000,00000000000,0,0,0,1,0,0,0,0,0,0,0,998,0,0,0,3,4,3,12,0,0,0,1,48,75050,0,0,0,0,0,0,999,999,0,0,0,0,0,0,0,0,0,0,38,0,0,0,5,4,45,1,1,8,1,3,3,11,15,1,1,1,68,0,0
48,480375,2,2,1,4,3,17,48,12,6,1,0,48,1,76,706,76706,80,2000,JYAVP07E3YA0,J,Y,A,V,P,0,7,E,3,Y,A,0,0,M,YAMA,XTL,RS,0,17,,,,,,,1602,,2,,4,710,,,,,,,0,0,000000000,00000000000,0,0,0,1,0,0,0,0,0,0,0,998,0,0,0,12,8,3,12,0,0,0,1,48,75051,6,1,6,0,3,0,999,999,0,0,0,1,0,7,2010,7,2010,0,0,0,0,0,5,4,45,1,1,8,1,3,3,1,62,1,1,1,69,1,0
48,480376,1,1,1,4,3,0,2,8,0,1,0,48,1,20,421,20421,15,1999,1GNEK13R0XJ3,1,G,N,E,K,1,3,R,0,X,J,3,0,P,CHEV,KTA,UT,99,17,5268,,0,1175,,G,,F,8,350,,,16R245,,,,,,0,0,000000000,00000000000,0,0,0,1,0,0,0,0,0,0,0,998,0,0,0,12,2,1,8,0,0,0,1,48,77904,6,1,0,0,3,3,999,999,0,0,0,1,0,10,2011,10,2011,0,0,0,0,0,6,1,45,3,1,1,8,0,0,14,80,1,1,1,13,0,0
48,480377,1,3,0,5,3,12,30,12,1,1,0,48,6,85,881,85881,66,2007,1XKADB9X67J1,1,X,K,A,D,B,9,X,6,7,J,1,1,T,KW,T60,TR,7,17,,8,2600,1600,CON,D,,,6,893,,,,,00000,00,,64,1,57,53467,5753467,3,6,1,1,0,0,0,0,0,0,0,0,0,0,0,6,6,2,12,0,0,0,0,0,99997,7,6,97,7,6,7,998,997,998,998,998,998,998,98,9998,98,9998,8,20,0,0,0,3,2,65,1,1,2,1,0,0,0,53,0,0,0,32,0,0
48,480377,2,3,1,5,3,12,30,12,1,1,0,17,2,82,881,82881,66,2003,1FUJAPCG13DK,1,F,U,J,A,P,C,G,1,3,D,K,1,T,FRHT,FL3,TR,3,17,,8,0,0,CON,D,,,6,774,,,,,00000,00,,64,1,57,781203,57781203,3,6,1,1,0,0,0,0,0,0,0,998,0,0,0,12,6,2,12,0,0,0,1,26,48237,6,1,6,0,3,3,72,225,0,0,0,0,0,0,0,0,0,0,0,0,0,0,3,2,65,1,1,2,1,0,0,1,50,1,1,1,32,1,0
48,480377,3,3,1,5,3,12,30,12,1,1,0,48,1,20,481,20481,31,2003,1GCGC13U03F1,1,G,C,G,C,1,3,U,0,3,F,1,0,T,CHEV,1CH,CW,3,17,,2,0,1530,SIL,G,,,8,364,,,,B,5461,00,,42,0,0,000000000,00000000000,0,0,0,1,0,0,0,0,0,0,0,998,0,0,0,12,6,2,12,0,0,0,1,48,78160,6,1,0,0,3,0,999,999,0,0,0,0,0,0,0,0,0,0,0,0,0,0,3,2,65,1,1,2,1,0,0,1,50,1,1,1,98,0,0
48,480378,1,2,1,5,3,12,17,12,6,1,0,48,3,20,881,20881,62,2008,1GBJ6E1B88F4,1,G,B,J,6,E,1,B,8,8,F,4,0,T,CHEV,C6E,CH,8,17,,6,2600,1940,C65,D,,,6,476,,,,,00000,00,,42,0,57,1059101,571059101,2,1,2,1,0,0,0,0,0,0,0,80,0,0,0,12,4,3,12,0,0,0,1,48,78374,6,1,6,1,3,3,999,999,0,0,0,0,0,0,0,0,0,1,39,0,0,0,5,4,60,1,1,8,1,3,3,1,17,1,1,1,83,0,0
48,480378,2,2,1,5,3,12,17,12,6,1,0,48,1,7,43,7043,4,2003,1B3EL36X03N5,1,B,3,E,L,3,6,X,0,3,N,5,0,P,DODG,SSE,4D,3,17,3108,,0,1080,,G,,F,4,148,,,15R205,,,,,,0,0,000000000,00000000000,0,0,0,1,0,0,0,0,0,0,0,998,0,0,0,9,4,3,12,0,0,0,1,48,78410,6,1,0,0,3,0,999,999,0,0,0,0,0,0,0,0,0,0,0,0,0,0,1,2,98,8,8,8,1,3,3,11,66,1,1,1,82,1,0
48,480379,1,1,1,5,3,1,34,32,0,1,0,48,2,21,441,21441,20,1999,1GHDX03E3XD2,1,G,H,D,X,0,3,E,3,X,D,2,0,T,OLDS,SIL,ES,99,17,,1,0,1200,SIL,G,,,6,207,,,,B,3948,00,K,42,0,0,000000000,00000000000,0,0,0,1,0,0,0,0,0,0,0,998,0,1,5,12,6,2,1,0,0,0,1,48,77328,0,0,0,0,0,0,999,999,0,0,0,0,0,0,0,0,0,0,0,0,0,0,1,2,70,1,1,8,1,0,0,1,13,1,1,4,1,1,1
48,480380,1,2,2,5,3,17,45,1,0,1,0,48,3,82,881,82881,66,2008,1FUJGLCK78LZ,1,F,U,J,G,L,C,K,7,8,L,Z,1,T,FRHT,125,TR,8,17,,8,0,0,CSC,D,,,6,855,,,,,00000,00,,64,1,57,1474821,571474821,3,6,1,1,0,0,0,0,0,0,0,998,0,0,0,14,2,3,12,0,0,0,1,48,76012,6,1,6,0,3,3,999,999,0,0,0,0,0,0,0,0,0,0,38,0,0,0,0,0,0,0,0,0,0,0,0,11,15,1,1,1,98,0,0
48,480380,2,2,1,5,3,17,45,1,0,1,0,48,2,76,706,76706,80,2005,JYARN13EX5A0,J,Y,A,R,N,1,3,E,X,5,A,0,0,M,YAMA,YFR,RC,5,17,,,,,,,998,,4,,4,379,,,,,,,0,0,000000000,00000000000,0,0,0,1,0,0,0,0,0,0,0,998,0,0,0,0,4,3,12,0,0,0,1,48,76116,6,1,0,0,2,0,999,999,0,0,0,0,1,10,2010,10,2010,0,0,0,0,0,1,4,40,1,1,8,1,0,0,1,72,99,1,1,98,1,0
48,480381,1,2,1,5,3,14,47,1,0,1,0,48,1,72,706,72706,80,2010,1HD1JD514AB0,1,H,D,1,J,D,5,1,4,A,B,0,0,M,HD,FLN,RS,10,17,,,,,,,1584,,2,,4,726,,,,,,,0,0,000000000,00000000000,0,0,0,1,0,0,0,0,0,0,0,998,0,0,0,0,9,2,1,0,0,0,1,48,77303,6,1,0,0,3,3,999,999,0,0,0,0,0,0,0,0,0,1,0,0,0,0,6,1,99,1,1,8,1,98,3,1,50,8,2,1,98,1,0
48,480381,2,2,1,5,3,14,47,1,0,1,0,48,1,6,52,6052,1,2005,3C3AY55X25T5,3,C,3,A,Y,5,5,X,2,5,T,5,0,P,CHRY,TEP,CV,5,17,3187,,0,1030,,G,,F,4,148,,,16R205,,,,,,0,0,000000000,00000000000,0,0,0,1,0,0,0,0,0,0,0,0,0,0,0,6,2,1,12,32,0,0,1,48,77354,6,1,0,0,3,3,999,999,1,0,0,0,0,9,2010,9,2010,0,0,0,0,0,6,1,99,1,1,8,1,98,3,5,53,1,1,1,98,0,0
48,480382,1,2,1,6,3,10,47,12,6,1,0,93,3,82,881,82881,66,2006,1FUJA6CK76LV,1,F,U,J,A,6,C,K,7,6,L,V,1,T,FRHT,COL,TR,6,17,,8,0,0,CON,D,,,6,855,,,,,00000,00,,64,1,57,2100237,572100237,3,6,2,2,2,1268,3,1,0,0,0,998,0,0,0,12,4,3,12,0,0,0,1,48,79007,6,1,6,1,3,1,999,999,0,0,0,1,1,8,2009,3,2011,0,0,0,0,0,2,2,70,1,2,8,1,0,0,1,64,7,1,4,66,0,0
48,480382,2,2,1,6,3,10,47,12,6,1,0,48,1,49,40,49040,4,1992,4T1SK12E9NU0,4,T,1,S,K,1,2,E,9,N,U,0,0,P,TOYT,CLE,4D,92,17,3053,,0,1031,,G,,F,4,132,,,000000,,,,,,0,0,000000000,00000000000,0,0,0,1,0,0,0,0,0,0,0,998,0,0,0,3,6,2,12,0,0,0,1,48,79081,6,1,0,0,3,0,999,999,0,0,0,0,0,0,0,0,0,0,58,0,0,0,2,2,70,1,2,8,1,0,0,1,13,6,4,4,66,1,0
48,480383,1,1,1,6,3,18,47,8,0,1,0,48,1,12,37,12037,4,2008,1FAHP34N28W1,1,F,A,H,P,3,4,N,2,8,W,1,0,P,FORD,FSN,4D,8,17,2623,,0,1029,,G,,F,4,122,,,15R195,,,,,,0,0,000000000,00000000000,0,0,0,1,0,0,0,0,0,0,0,998,0,0,0,12,4,3,8,0,0,0,1,48,76270,6,1,0,0,3,0,999,999,0,0,0,0,0,0,0,0,0,0,0,0,0,0,1,2,70,1,2,8,1,0,0,1,80,6,1,1,13,0,0
48,480384,1,1,2,7,3,19,34,1,0,1,0,31,1,12,481,12481,31,1998,1FTZF1760WKA,1,F,T,Z,F,1,7,6,0,W,K,A,0,T,FORD,F15,PK,98,17,,1,1390,1200,COF,G,,,8,281,,,,B,3800,02,E,42,0,0,000000000,00000000000,0,0,0,1,0,0,0,0,0,0,0,998,0,2,1,0,4,3,1,0,0,0,1,31,68105,6,1,0,0,3,3,67,180,0,0,0,0,0,0,0,0,0,0,0,0,0,0,1,2,70,1,2,8,1,0,0,1,13,6,3,6,98,2,0
48,480385,1,1,3,7,3,2,38,35,0,1,0,48,2,7,482,7482,31,2008,1D7HA16N78J1,1,D,7,H,A,1,6,N,7,8,J,1,0,T,DODG,S15,PK,8,17,,2,1405,1205,RPC,G,,,8,287,,,,B,4514,00,E,42,0,0,000000000,00000000000,0,0,0,1,0,0,0,0,0,0,0,998,0,1,5,12,6,2,42,0,0,1,1,48,77519,6,1,0,0,3,0,999,999,0,0,0,0,0,0,0,0,0,0,0,0,0,0,2,2,65,1,1,8,1,0,0,1,13,1,1,4,1,3,1
48,480386,1,1,1,7,3,20,21,9,0,1,0,48,3,12,881,12881,62,2007,3FRWF65B77V5,3,F,R,W,F,6,5,B,7,7,V,5,0,T,FORD,F66,CC,7,17,,6,2600,1460,COF,D,,,6,360,,,,D,00000,00,A,42,0,57,1550905,571550905,2,1,3,1,0,0,0,0,0,0,0,998,0,0,0,12,2,1,9,0,0,0,1,48,75703,6,1,6,0,3,0,999,999,0,0,0,0,0,0,0,0,0,0,0,0,0,0,5,6,55,1,2,8,2,0,0,1,80,6,1,1,13,0,0
48,480387,1,1,1,10,3,1,59,42,0,1,0,48,2,20,421,20421,15,2001,1GNEC13T31R1,1,G,N,E,C,1,3,T,3,1,R,1,0,P,CHEV,CTA,UT,1,17,4828,,0,1160,,G,,F,8,325,,,16R245,,,,,,0,0,000000000,00000000000,0,0,0,1,0,0,0,0,0,0,0,998,0,0,0,10,4,3,42,0,0,0,1,48,78596,6,1,0,0,3,0,999,999,0,0,0,0,0,0,0,0,0,1,0,0,0,0,6,1,45,3,2,8,2,0,0,14,6,1,3,4,2,1,0
48,480388,1,2,7,10,3,16,58,12,9,1,0,48,1,20,421,20421,15,2003,1GNEC16Z23J3,1,G,N,E,C,1,6,Z,2,3,J,3,0,P,CHEV,C15,UT,3,17,4914,,0,1300,,F,,F,8,325,,,16R265,,,,,,0,0,000000000,00000000000,0,0,0,1,0,0,0,0,0,0,0,998,0,0,0,6,6,2,12,0,0,0,1,48,76262,6,1,0,0,3,0,999,999,0,0,0,0,0,0,0,0,0,0,0,0,0,0,1,4,60,1,2,8,2,0,0,1,5,1,4,2,64,0,0
48,480388,2,2,5,10,3,16,58,12,9,1,0,48,1,20,421,20421,15,2007,1GNFC13J37R1,1,G,N,F,C,1,3,J,3,7,R,1,0,P,CHEV,CTA,UT,7,17,5443,,0,1160,,G,,F,8,323,,,17R265,,,,,,0,0,000000000,00000000000,0,0,0,1,0,0,0,0,0,0,0,998,0,0,0,9,6,2,12,0,0,0,1,48,76082,6,1,0,0,3,3,999,999,0,2,0,3,0,4,2010,1,2011,0,0,0,0,0,1,4,60,1,2,8,2,0,0,1,62,7,1,2,65,1,0
48,480389,1,1,1,11,3,21,57,42,0,1,0,48,1,34,35,34035,4,1997,WBADE532XVBV,W,B,A,D,E,5,3,2,X,V,B,V,0,P,BMW,54I,4D,97,17,3748,,0,1114,,G,,F,8,268,,,17R235,,,,,,0,0,000000000,00000000000,0,0,0,1,0,0,0,0,0,0,0,998,0,0,0,11,6,2,42,0,0,0,1,48,78727,6,1,0,0,3,0,999,999,0,0,0,0,0,0,0,0,0,1,0,0,0,0,1,2,20,3,1,8,1,0,0,14,12,1,1,4,6,1,1
48,480390,1,1,4,15,3,13,42,8,0,1,0,48,2,7,422,7422,15,2007,1D8HD48P57F5,1,D,8,H,D,4,8,P,5,7,F,5,0,P,DODG,DUR,UT,7,17,4718,,0,1192,,F,,F,8,287,,,17R245,,,,,,0,0,000000000,00000000000,0,0,0,1,0,0,0,0,0,0,0,998,0,0,0,12,2,1,8,0,0,0,1,48,77521,6,1,0,0,3,0,999,999,0,0,0,0,0,0,0,0,0,0,0,0,0,0,1,2,30,1,1,8,1,0,0,10,80,1,1,1,13,0,0
48,480391,1,1,2,18,3,2,32,24,0,1,0,48,2,19,18,19018,4,2006,1G6DM57TX601,1,G,6,D,M,5,7,T,X,6,0,1,0,P,CADI,C/T,4D,6,17,3509,,0,1134,,G,,F,6,171,,,16R225,,,,,,0,0,000000000,00000000000,0,0,0,1,0,0,0,0,0,0,0,998,0,1,3,12,6,2,24,0,0,0,1,48,78204,0,0,0,0,0,0,999,999,0,0,0,0,0,0,0,0,0,1,0,0,0,0,3,2,65,1,1,8,1,0,0,1,12,1,1,4,6,2,1
48,480392,1,1,2,22,2,7,55,42,0,1,0,48,2,12,442,12442,20,1999,2FMZA5144XBB,2,F,M,Z,A,5,1,4,4,X,B,B,0,T,FORD,WLX,ES,99,17,,1,0,1207,WIN,G,,,6,232,,,,B,3890,00,E,42,0,0,000000000,00000000000,0,0,0,1,0,0,0,0,0,0,0,998,0,0,0,12,4,8,42,0,0,0,1,48,78222,0,0,0,0,0,0,999,999,0,1,0,1,0,1,2011,3,2011,0,0,0,0,0,2,3,40,2,1,8,1,0,0,12,12,1,1,4,98,1,0
48,480393,1,2,1,22,2,17,25,12,6,1,0,48,1,72,706,72706,80,1984,1HD1EBL30EY1,1,H,D,1,E,B,L,3,0,E,Y,1,0,M,HD,FRS,RS,84,17,,,,,,,1340,,2,,4,575,,,,,,,0,0,000000000,00000000000,0,0,0,1,0,0,0,0,0,0,0,998,0,0,0,12,9,2,12,0,0,0,1,48,78233,6,1,0,0,3,0,999,999,0,0,0,0,0,0,0,0,0,1,27,58,0,0,2,2,45,1,1,8,1,0,0,1,62,99,1,1,69,1,0
48,480393,2,2,1,22,2,17,25,12,6,1,0,48,3,84,881,84881,62,2006,1HTMMAAM46H3,1,H,T,M,M,A,A,M,4,6,H,3,0,T,INTL,430,CC,6,17,,6,0,0,40S,D,,,6,466,,,,,00000,00,,42,0,57,888671,57888671,2,1,1,1,0,0,0,0,0,0,0,998,0,0,0,3,2,3,12,0,0,0,1,48,78744,6,1,6,0,3,3,999,999,0,0,0,0,1,4,2011,4,2011,0,38,0,0,0,2,2,45,1,1,8,1,0,0,11,15,1,1,1,68,0,0
48,480394,1,5,1,1,2,15,5,12,2,1,0,48,2,12,17,12017,4,1997,1FALP52U6VA1,1,F,A,L,P,5,2,U,6,V,A,1,0,P,FORD,TAG,4D,97,17,3329,,0,1085,,G,,F,6,182,,,15R205,,,,,,0,0,000000000,00000000000,0,0,0,1,0,0,0,0,0,0,0,998,0,0,0,12,6,2,12,0,0,0,1,48,77489,6,1,0,0,3,0,999,999,1,0,0,0,0,5,2011,5,2011,0,28,0,0,0,3,3,60,1,1,1,1,0,0,1,10,99,1,2,42,1,0
48,480394,2,5,1,1,2,15,5,12,2,1,0,48,1,7,482,7482,31,2007,1D3HA18P67J6,1,D,3,H,A,1,8,P,6,7,J,6,0,T,DODG,SQ1,CW,7,17,,2,1605,1405,RPC,F,,,8,287,,,,B,4873,02,K,42,0,0,000000000,00000000000,0,0,0,1,0,0,0,0,0,0,0,998,0,0,0,12,2,1,12,0,0,0,1,48,77396,6,1,0,0,3,0,999,999,0,0,0,0,0,0,0,0,0,0,0,0,0,0,3,3,60,1,1,1,1,0,0,1,60,1,1,1,42,0,0
48,480394,3,5,1,1,2,15,5,12,2,1,0,48,1,7,481,7481,31,1993,1B7HE16X7PS2,1,B,7,H,E,1,6,X,7,P,S,2,0,T,DODG,D15,PK,93,17,,2,1310,1150,D15,G,,,6,239,,,,B,3616,01,A,42,0,0,000000000,00000000000,0,0,0,1,0,0,0,0,0,0,0,0,0,0,0,6,6,2,12,0,0,0,1,48,77016,6,1,6,0,3,0,999,999,0,0,0,0,0,0,0,0,0,0,0,0,0,0,3,3,60,1,1,1,1,0,0,5,60,1,1,1,98,0,0
48,480394,4,5,1,1,2,15,5,12,2,1,0,48,1,49,482,49482,31,2010,5TFRM5F1XAX0,5,T,F,R,M,5,F,1,X,A,X,0,0,T,TOYT,DBS,CW,10,17,,2,0,1457,TUN,G,,,8,281,,,,B,5085,00,7,42,0,0,000000000,00000000000,0,0,0,1,0,0,0,0,0,0,0,998,0,0,0,6,2,1,12,0,0,0,1,48,77520,6,1,0,0,3,0,999,999,0,0,0,0,0,0,0,0,0,0,0,0,0,0,3,3,60,1,1,1,1,0,0,1,60,1,1,1,98,0,0
48,480394,5,5,1,1,2,15,5,12,2,1,0,48,1,35,403,35403,14,2012,JN8AF5MR7CT1,J,N,8,A,F,5,M,R,7,C,T,1,0,P,NISS,JUK,UT,12,17,2959,,0,0,,G,,T,4,098,,,000000,,,,,,0,0,000000000,00000000000,0,0,0,1,0,0,0,0,0,0,0,998,0,0,0,82,2,1,54,0,0,0,1,48,77373,6,1,0,0,3,0,999,999,0,0,0,0,1,8,2011,8,2011,0,0,0,0,0,3,3,60,1,1,1,1,0,0,1,98,1,1,1,98,0,0
48,480395,1,2,1,1,2,16,14,12,2,1,0,48,2,7,402,7402,14,2001,1B4HS28Z01F5,1,B,4,H,S,2,8,Z,0,1,F,5,0,P,DODG,DUR,UT,1,17,4512,,0,1159,,G,,F,8,360,,,15R235,,,,,,0,0,000000000,00000000000,0,0,0,1,0,0,0,0,0,0,0,998,0,0,0,12,2,1,12,0,0,0,1,48,78624,6,1,0,0,3,0,999,999,0,0,0,0,0,0,0,0,0,0,38,0,0,0,1,2,30,3,1,8,1,0,0,11,15,1,1,1,68,0,0
48,480395,2,2,1,1,2,16,14,12,2,1,0,48,1,98,709,98709,80,2009,RFBS4K1929B3,R,F,B,S,4,K,1,9,2,9,B,3,0,U,,,,9,17,,,,,,,,,,,,,,,,,,,0,0,000000000,00000000000,0,0,0,1,0,0,0,0,0,0,0,998,0,0,0,12,9,2,12,0,0,0,1,48,78737,6,1,0,0,3,0,999,999,0,0,0,0,0,0,0,0,0,0,0,0,0,0,1,2,30,2,1,8,1,0,0,14,62,1,1,1,69,1,0
48,480396,1,1,3,2,2,18,30,8,0,1,1,48,1,12,481,12481,31,1997,1FTDF0729VKB,1,F,T,D,F,0,7,2,9,V,K,B,0,T,FORD,F15,PK,97,17,,1,0,1200,COF,G,,,6,256,,,,B,3930,00,E,42,0,0,000000000,00000000000,0,0,0,1,0,0,0,0,0,0,0,998,0,0,0,12,2,1,8,0,0,0,1,48,77449,6,1,0,0,3,0,999,999,0,0,0,0,1,10,2010,10,2010,0,0,0,0,0,3,3,40,1,1,8,1,0,0,1,80,1,1,1,13,0,0
48,480397,1,1,2,5,2,23,0,8,0,1,0,48,2,6,441,6441,20,2005,2C4GP54L15R2,2,C,4,G,P,5,4,L,1,5,R,2,0,T,CHRY,TOU,ES,5,17,,1,0,1193,TWC,G,,,6,230,,,,,4256,00,,42,0,0,000000000,00000000000,0,0,0,1,0,0,0,0,0,0,0,998,0,0,0,12,6,2,8,0,0,0,1,48,75070,6,1,0,0,3,0,999,999,0,0,0,0,0,0,0,0,0,0,0,0,0,0,2,3,60,1,1,8,1,0,0,1,80,1,1,1,13,0,0
48,480398,1,1,1,15,2,19,45,34,0,1,0,48,1,23,431,23431,16,1994,1GKFK16K7RJ7,1,G,K,F,K,1,6,K,7,R,J,7,0,T,GMC,KSU,4W,94,17,,2,0,1315,K15,G,,,8,350,,,,B,00000,00,A,44,0,0,000000000,00000000000,0,0,0,1,0,0,0,0,0,0,0,998,0,1,5,12,6,2,34,0,0,0,1,48,77521,6,1,0,0,3,0,999,999,0,0,0,0,0,0,0,0,0,0,0,0,0,0,1,2,45,1,2,8,2,0,0,1,13,6,4,4,7,1,1
48,480399,1,2,1,16,2,17,38,12,1,1,0,48,1,59,403,59403,14,2010,2T2ZK1BA3AC0,2,T,2,Z,K,1,B,A,3,A,C,0,0,P,LEXS,RX5,UT,10,17,4340,,0,1079,,G,,F,6,211,,,18R235,,,,,,0,0,000000000,00000000000,0,0,0,1,0,0,0,0,0,0,0,998,0,0,0,12,6,2,12,0,0,0,1,48,78261,6,1,0,0,3,3,999,999,0,0,0,0,0,0,0,0,0,1,0,0,0,0,2,2,98,8,8,8,1,0,0,15,98,1,1,7,98,1,1
48,480399,2,2,1,16,2,17,38,12,1,1,0,48,3,82,881,82881,61,1999,4UZA4FF40XCA,4,U,Z,A,4,F,F,4,0,X,C,A,0,T,FRHT,MWV,SN,99,17,,4,0,0,CHA,D,,,6,359,,,,,00000,00,,42,0,57,86876,5786876,2,2,1,1,0,0,0,0,0,0,0,0,0,0,0,6,6,2,12,0,0,0,1,48,78154,6,1,0,0,3,0,999,999,0,0,0,0,1,8,2010,8,2010,0,0,0,0,0,4,3,45,1,1,8,1,0,0,5,64,1,1,1,98,0,0
48,480400,1,2,2,18,2,18,6,12,6,1,0,48,1,20,481,20481,31,2008,2GCEC19J2812,2,G,C,E,C,1,9,J,2,8,1,2,0,T,CHEV,SC1,4C,8,17,,2,1575,1339,SIL,G,,,8,323,,,,B,4870,03,,42,0,0,000000000,00000000000,0,0,0,1,0,0,0,0,0,0,0,998,0,0,0,3,6,2,12,0,0,0,1,48,75251,6,1,0,0,3,0,999,999,1,0,0,2,0,12,2010,8,2011,0,58,0,0,0,2,2,70,2,5,8,2,0,0,14,8,6,4,4,66,1,0
48,480400,2,2,1,18,2,18,6,12,6,1,0,93,3,84,881,84881,66,2009,2HSCWAPR09C0,2,H,S,C,W,A,P,R,0,9,C,0,1,T,INTL,PLT,TR,9,17,,8,0,0,PRO,D,,,6,915,,,,,00000,00,,64,1,57,270179,57270179,3,6,1,1,0,0,0,0,0,0,0,998,0,0,0,12,4,3,12,0,0,0,1,48,79924,6,1,6,0,3,3,999,999,0,0,0,0,0,0,0,0,0,0,0,0,0,0,2,2,70,1,6,8,2,0,0,1,64,7,1,4,66,0,0
48,480401,1,2,3,18,2,19,0,12,6,1,0,48,1,37,31,37031,4,2001,JHMES16591S0,J,H,M,E,S,1,6,5,9,1,S,0,0,P,HOND,UCL,4D,1,17,2515,,0,1031,,G,,F,4,102,,,14R185,,,,,,0,0,000000000,00000000000,0,0,0,1,0,0,0,0,0,0,0,998,0,0,0,3,4,3,12,0,0,0,1,48,77072,6,1,0,0,3,0,999,999,2,0,0,0,0,10,2009,5,2011,0,38,0,0,0,2,2,45,1,1,8,2,3,3,11,15,1,1,1,68,1,0
48,480401,2,2,1,18,2,19,0,12,6,1,0,48,1,7,402,7402,14,2002,1B4HR38N62F1,1,B,4,H,R,3,8,N,6,2,F,1,0,P,DODG,DUR,UT,2,17,4222,,0,1160,,G,,F,8,287,,,16R255,,,,,,0,0,000000000,00000000000,0,0,0,1,0,0,0,0,0,0,0,998,0,0,0,12,4,3,12,0,0,0,1,48,77083,6,1,0,0,3,0,999,999,1,3,0,1,1,8,2009,9,2010,0,0,0,0,0,2,2,45,1,1,8,2,3,3,1,62,1,1,1,69,0,0