STATE,ST_CASE,VEH_NO,VE_FORMS,NUMOCCS,DAY,MONTH,HOUR,MINUTE,HARM_EV,MAN_COLL,UNITTYPE,HIT_RUN,REG_STAT,OWNER,MAKE,MODEL,MAK_MOD,BODY_TYP,MOD_YEAR,VIN,VIN_1,VIN_2,VIN_3,VIN_4,VIN_5,VIN_6,VIN_7,VIN_8,VIN_9,VIN_10,VIN_11,VIN_12,TOW_VEH,VINTYPE,VINMAKE,VINA_MOD,VIN_BT,VINMODYR,VIN_LNGT,VIN_WGT,WGTCD_TR,WHLBS_LG,WHLBS_SH,SER_TR,FUELCODE,MCYCL_DS,CARBUR,CYLINDER,DISPLACE,MCYCL_CY,MCYCL_WT,TIRE_SZE,TON_RAT,TRK_WT,TRKWTVAR,VIN_REST,WHLDRWHL,J_KNIFE,MCARR_I1,MCARR_I2,MCARR_ID,GVWR,V_CONFIG,CARGO_BT,HAZ_INV,HAZ_PLAC,HAZ_ID,HAZ_CNO,HAZ_REL,BUS_USE,SPEC_USE,EMER_USE,TRAV_SP,UNDERIDE,ROLLOVER,ROLINLOC,IMPACT1,DEFORMED,TOWED,M_HARM,VEH_SC1,VEH_SC2,FIRE_EXP,DR_PRES,L_STATE,DR_ZIP,L_STATUS,L_TYPE,CDL_STAT,L_ENDORS,L_COMPL,L_RESTRI,DR_HGT,DR_WGT,PREV_ACC,PREV_SUS,PREV_DWI,PREV_SPD,PREV_OTH,FIRST_MO,FIRST_YR,LAST_MO,LAST_YR,SPEEDREL,DR_SF1,DR_SF2,DR_SF3,DR_SF4,VTRAFWAY,VNUM_LAN,VSPD_LIM,VALIGN,VPROFILE,VPAVETYP,VSURCOND,VTRAFCON,VTCONT_F,P_CRASH1,P_CRASH2,P_CRASH3,PCRASH4,PCRASH5,ACC_TYPE,DEATHS,DR_DRINK
48,480402,1,1,1,18,2,2,20,24,0,1,0,48,2,20,39,20039,4,2008,KL1TD56648B2,K,L,1,T,D,5,6,6,4,8,B,2,0,P,CHEV,ABS,4D,8,17,2343,,0,976,,G,,F,4,098,,,14R185,,,,,,0,0,000000000,00000000000,0,0,0,1,0,0,0,0,0,0,0,998,0,0,0,12,6,2,24,0,0,0,1,48,79756,0,0,0,0,0,0,999,999,0,0,0,0,0,0,0,0,0,0,0,0,0,0,1,2,70,1,1,8,2,20,3,1,14,1,1,4,14,1,0
48,480403,1,2,1,19,2,3,12,12,7,1,0,48,2,12,481,12481,31,1998,1FTZX1727WKB,1,F,T,Z,X,1,7,2,7,W,K,B,0,T,FORD,F15,3C,98,17,,1,1570,1390,COF,G,,,6,256,,,,B,4067,02,E,42,0,0,000000000,00000000000,0,0,0,1,0,0,0,0,0,0,0,998,0,0,0,10,4,3,12,0,0,0,1,48,75604,6,1,0,0,3,0,999,999,0,5,0,0,1,11,2009,9,2011,1,0,0,0,0,3,2,70,1,1,8,2,0,0,15,51,1,1,2,46,0,0
48,480403,2,2,5,19,2,3,12,12,7,1,0,48,2,7,880,7880,67,2003,3D7MU48C63G8,3,D,7,M,U,4,8,C,6,3,G,8,0,T,DODG,SQ3,CW,3,17,,3,0,1600,RPC,D,,,6,359,,,,D,6544,06,E,44,0,88,888888888,88888888888,2,1,97,1,0,0,0,0,0,0,0,998,0,1,5,4,6,2,12,0,0,1,1,48,75602,0,0,0,0,0,0,999,999,0,0,0,0,0,0,0,0,0,0,0,0,0,0,3,2,70,1,1,8,2,0,0,1,61,1,1,1,45,3,1
48,480404,1,2,1,20,2,19,42,12,1,1,0,48,1,7,442,7442,20,2000,2B4GP2534YR5,2,B,4,G,P,2,5,3,4,Y,R,5,0,P,DODG,CAR,SV,0,17,3432,,0,1133,,G,,F,6,181,,,14R205,,,,,,0,0,000000000,00000000000,0,0,0,1,0,0,0,0,0,0,0,998,0,0,0,12,6,2,12,0,0,0,1,48,78332,6,1,6,0,3,0,999,999,0,0,0,0,0,0,0,0,0,0,0,0,0,0,5,4,70,1,1,8,1,0,0,1,51,1,1,1,24,1,0
48,480404,2,2,2,20,2,19,42,12,1,1,0,95,3,87,881,87881,66,2012,1XPHDP9X9CD1,1,X,P,H,D,P,9,X,9,C,D,1,1,T,PTRB,386,TR,12,17,,8,0,0,CON,D,,,6,787,,,,,00000,00,,64,1,57,464608,57464608,3,6,98,1,0,0,0,0,0,0,0,998,0,0,0,6,2,1,12,0,0,0,1,95,0,9,9,99,9,9,9,999,999,99,99,99,99,99,99,9999,99,9999,0,30,0,0,0,5,4,70,1,1,8,1,0,0,4,53,1,1,7,25,0,0
48,480405,1,4,1,20,2,14,31,12,1,1,0,48,3,98,898,98898,62,2001,JNAPA43H61AN,J,N,A,P,A,4,3,H,6,1,A,N,0,T,UD,UD6,TB,1,17,,6,0,0,UDS,D,,,6,423,,,,,00000,00,,42,0,57,397962,57397962,2,1,1,1,0,0,0,0,0,0,0,998,0,0,0,12,2,1,12,0,0,0,1,48,77306,6,1,6,0,3,0,999,999,0,0,0,0,0,0,0,0,0,1,27,0,0,0,5,4,55,1,1,8,1,3,3,1,50,7,1,1,20,0,0
48,480405,2,4,1,20,2,14,31,12,1,1,0,48,2,49,401,49401,14,1999,JT3GN87RXX01,J,T,3,G,N,8,7,R,X,X,0,1,0,P,TOYT,RUN,UT,99,17,3710,,0,1053,,G,,F,6,206,,,16R265,,,,,,0,0,000000000,00000000000,0,0,0,1,0,0,0,0,0,0,0,998,0,1,1,9,4,3,12,0,0,0,1,48,77320,6,1,0,0,3,3,999,999,0,0,0,0,0,0,0,0,0,0,0,0,0,0,5,4,55,1,1,8,1,3,3,1,60,1,1,1,98,1,0
48,480405,3,4,1,20,2,14,31,12,1,1,0,48,1,20,481,20481,31,1994,2GCEC19K7R12,2,G,C,E,C,1,9,K,7,R,1,2,0,T,CHEV,GC1,PC,94,17,,2,1555,1415,GM4,G,,,8,350,,,,B,4110,01,,42,0,0,000000000,00000000000,0,0,0,1,0,0,0,0,0,0,0,0,0,0,0,6,2,1,12,0,0,0,1,48,77365,6,1,0,0,3,0,999,999,0,0,0,0,0,0,0,0,0,0,0,0,0,0,5,4,55,1,1,8,1,3,3,5,53,1,1,1,21,0,0
48,480405,4,4,1,20,2,14,31,12,1,1,0,48,2,20,473,20473,30,2008,1GCCS33E4882,1,G,C,C,S,3,3,E,4,8,8,2,0,T,CHEV,RLT,CW,8,17,,1,0,1260,CAL,G,,,5,226,,,,,3684,00,,42,0,0,000000000,00000000000,0,0,0,1,0,0,0,0,0,0,0,0,0,0,0,11,2,3,12,0,0,0,1,48,77365,6,1,0,0,3,3,999,999,0,0,0,0,0,0,0,0,0,0,0,0,0,0,5,4,55,1,1,8,1,3,3,5,62,1,1,1,98,0,0
48,480406,1,1,1,21,2,19,52,1,0,1,0,48,3,20,481,20481,31,2008,1GCEK19J98E1,1,G,C,E,K,1,9,J,9,8,E,1,0,T,CHEV,SK1,4C,8,17,,2,1575,1339,SIL,G,,,8,323,,,,B,5226,02,,44,0,0,000000000,00000000000,0,0,0,1,0,0,0,0,0,0,0,998,0,1,5,0,4,3,1,0,0,0,1,48,79714,6,1,6,0,3,0,999,999,0,0,0,0,0,0,0,0,0,1,58,0,0,0,1,2,55,2,1,8,1,0,0,14,12,7,4,4,2,1,1
48,480407,1,1,1,21,2,19,32,8,0,1,0,48,1,20,481,20481,31,2007,2GCEC13V5711,2,G,C,E,C,1,3,V,5,7,1,1,0,T,CHEV,1CW,CW,7,17,,2,0,1435,SIL,G,,,8,293,,,,B,4987,00,,42,0,0,000000000,00000000000,0,0,0,1,0,0,0,0,0,0,0,998,0,0,0,12,8,1,8,0,0,0,1,48,78596,6,2,0,0,3,2,999,999,0,0,0,0,0,0,0,0,0,0,73,0,0,0,1,4,30,1,1,8,1,0,0,1,80,1,1,1,13,0,0
48,480408,1,1,10,23,2,4,33,1,0,1,0,13,1,20,461,20461,21,2004,1GAHG39U6411,1,G,A,H,G,3,9,U,6,4,1,1,0,T,CHEV,E35,ES,4,17,,2,0,1550,EXP,G,,,8,364,,,,D,6321,00,,42,0,0,000000000,00000000000,0,0,0,1,0,0,0,0,0,0,0,998,0,2,1,0,4,3,1,0,0,0,1,13,30721,6,1,0,0,3,0,65,150,98,0,0,0,0,0,0,0,0,0,58,0,0,0,3,3,65,1,1,8,1,0,0,1,60,7,2,6,98,1,0
48,480409,1,1,1,24,2,14,4,42,0,1,0,48,1,12,481,12481,31,2001,1FTRW08L11KF,1,F,T,R,W,0,8,L,1,1,K,F,0,T,FORD,F1S,CW,1,17,,2,0,1388,COF,G,,,8,330,,,,B,4914,01,E,44,0,0,000000000,00000000000,0,0,0,1,0,0,0,0,0,0,0,998,0,0,0,10,6,2,42,0,0,0,1,48,78572,6,1,6,0,3,3,999,999,1,0,0,0,2,5,2010,3,2011,0,0,0,0,0,1,4,40,1,1,8,1,0,0,1,13,1,9,4,1,1,0
48,480410,1,1,1,24,2,9,15,35,0,1,0,48,1,42,48,42048,4,2001,WDBJF65J81B1,W,D,B,J,F,6,5,J,8,1,B,1,0,P,MERZ,E32,4D,1,17,3491,,0,1115,,G,,F,6,195,,,16R215,,,,,,0,0,000000000,00000000000,0,0,0,1,0,0,0,0,0,0,0,998,0,1,3,11,4,3,1,0,0,0,1,48,76244,6,1,0,0,3,0,999,999,0,0,0,0,0,0,0,0,0,1,0,0,0,0,3,2,75,1,3,8,1,0,0,1,12,1,1,4,6,1,0
48,480411,1,1,1,25,2,23,30,1,0,1,0,48,2,7,482,7482,31,2001,3B7HC13Y91G7,3,B,7,H,C,1,3,Y,9,1,G,7,0,T,DODG,Q15,4C,1,17,,2,1547,1387,RPC,G,,,8,318,,,,B,4688,01,U,42,0,0,000000000,00000000000,0,0,0,1,0,0,0,0,0,0,0,998,0,2,5,0,4,3,1,0,0,0,1,48,75686,0,0,0,0,0,0,999,999,0,1,0,0,0,3,2011,3,2011,0,58,0,0,0,1,2,70,3,1,8,1,0,0,14,13,6,3,4,2,1,1
48,480412,1,1,1,25,2,21,11,15,0,1,0,48,1,23,481,23481,31,1988,1GTDC14K1JZ5,1,G,T,D,C,1,4,K,1,J,Z,5,0,T,GMC,GC1,PK,88,17,,1,1315,1175,GM4,G,,,8,350,,,,B,3655,01,A,42,0,0,000000000,00000000000,0,0,0,1,0,0,0,0,0,0,0,998,0,0,0,12,0,1,15,0,0,0,1,48,75204,6,1,0,0,3,0,999,999,0,0,0,0,0,0,0,0,0,0,0,0,0,0,1,2,35,1,1,8,1,0,0,1,80,1,1,1,13,0,0
48,480413,1,1,6,25,2,21,47,1,0,1,0,22,1,49,422,49422,15,2005,5TDZT34A45S2,5,T,D,Z,T,3,4,A,4,5,S,2,0,P,TOYT,SEQ,UT,5,17,3470,,0,1181,,G,,F,8,285,,,16R245,,,,,,0,0,000000000,00000000000,0,0,0,1,0,0,0,0,0,0,0,998,0,2,5,0,8,3,1,0,0,0,1,48,75765,6,1,0,0,3,0,999,999,0,0,0,0,0,0,0,0,0,0,0,0,0,0,1,2,70,1,1,8,2,0,0,1,8,1,3,4,2,1,0
48,480414,1,2,1,25,2,12,35,12,6,1,0,48,3,89,881,89881,66,1988,1WUWDCJE2JN1,1,W,U,W,D,C,J,E,2,J,N,1,1,T,WHIT,WIA,TR,88,17,,8,0,0,ARO,D,,,6,855,,,,,00000,00,,64,1,57,2134803,572134803,3,6,97,1,0,0,0,0,0,0,0,998,0,0,0,12,4,3,12,0,0,0,1,48,78214,6,1,6,0,3,3,999,999,1,0,0,0,1,6,2010,6,2010,0,0,0,0,0,2,4,70,1,1,8,1,3,3,1,66,8,2,1,88,0,0
48,480414,2,2,1,25,2,12,35,12,6,1,0,48,1,35,471,35471,30,1994,1N6SD11S7RC3,1,N,6,S,D,1,1,S,7,R,C,3,0,T,NISS,XES,PK,94,17,,1,0,1043,TRK,G,,,4,146,,,,B,2790,06,A,42,0,0,000000000,00000000000,0,0,0,1,0,0,0,0,0,0,0,998,0,0,0,9,6,2,12,0,0,0,1,48,78214,6,1,0,0,3,0,999,999,0,0,0,0,0,0,0,0,0,0,39,0,0,0,1,2,98,8,8,8,1,3,3,1,17,1,1,1,89,1,0
48,480415,1,1,1,26,2,11,15,38,0,1,0,48,1,49,32,49032,4,2006,1NXBR32E96Z6,1,N,X,B,R,3,2,E,9,6,Z,6,0,P,TOYT,UCS,4D,6,17,2530,,0,1024,,G,,F,4,109,,,15R185,,,,,,0,0,000000000,00000000000,0,0,0,1,0,0,0,0,0,0,0,998,0,0,0,9,4,3,42,0,0,0,1,48,75670,6,1,0,0,3,0,999,999,0,0,0,0,0,0,0,0,0,1,58,0,0,0,1,2,60,1,3,8,1,0,0,1,13,6,2,4,7,1,0
48,480416,1,1,1,28,2,17,19,1,0,1,0,48,2,12,401,12401,14,1999,1FMZU32E9XZA,1,F,M,Z,U,3,2,E,9,X,Z,A,0,P,FORD,EPR,UT,99,17,3891,,0,1116,,G,,F,6,245,,,15R225,,,,,,0,0,000000000,00000000000,0,0,0,1,0,0,0,0,0,0,0,998,0,2,5,0,6,2,1,0,0,0,1,48,78102,0,0,0,0,0,0,999,999,0,0,0,0,0,0,0,0,0,0,58,0,0,0,1,2,55,3,1,8,1,0,0,14,8,7,3,4,2,1,0
48,480417,1,2,1,28,2,6,30,12,6,1,0,48,2,20,481,20481,31,2003,2GCEC19V3314,2,G,C,E,C,1,9,V,3,3,1,4,0,T,CHEV,SC1,4C,3,17,,2,1575,1435,SIL,G,,,8,293,,,,B,4534,03,,42,0,0,000000000,00000000000,0,0,0,1,0,0,0,0,0,0,0,998,0,0,0,1,4,3,12,0,0,0,1,48,77480,6,1,0,0,3,0,999,999,0,0,0,0,0,0,0,0,0,0,0,0,0,0,1,2,50,1,1,8,2,0,0,11,15,1,1,1,68,0,0
48,480417,2,2,1,28,2,6,30,12,6,1,0,48,2,73,706,73706,80,2009,JKAVN2C179A0,J,K,A,V,N,2,C,1,7,9,A,0,0,M,KAWK,V9C,RS,9,17,,,,,,,903,,2,,4,611,,,,,,,0,0,000000000,00000000000,0,0,0,1,0,0,0,0,0,0,0,998,0,0,0,12,2,3,12,0,0,0,1,48,77616,6,1,0,0,3,0,71,206,0,1,1,0,0,8,2009,8,2010,0,0,0,0,0,1,2,50,1,1,8,2,0,0,6,62,3,2,1,69,1,0
48,480418,1,1,1,28,2,7,15,24,0,1,0,48,3,87,881,87881,66,2005,1XPFDB9X85D8,1,X,P,F,D,B,9,X,8,5,D,8,1,T,PTRB,378,TR,5,17,,8,0,0,CON,D,,,6,893,,,,,00000,00,,64,3,57,842230,57842230,3,6,3,1,0,0,0,0,0,0,0,998,0,1,5,99,6,2,2,0,0,1,1,48,75802,6,1,6,0,3,3,62,142,1,1,0,1,5,3,2009,1,2012,0,0,0,0,0,1,2,70,1,1,8,1,0,0,1,8,1,2,4,2,1,0
48,480419,1,3,3,29,2,17,5,12,6,1,0,48,2,12,16,12016,4,1998,2FAFP73W6WX1,2,F,A,F,P,7,3,W,6,W,X,1,0,P,FORD,CVI,4D,98,17,3917,,0,1144,,G,,F,8,281,,,15R225,,,,,,0,0,000000000,00000000000,0,0,0,1,0,0,0,0,0,0,0,998,0,0,0,9,6,2,12,0,0,0,1,48,76504,0,0,0,0,0,0,999,999,0,0,0,0,1,2,2011,2,2011,0,38,0,0,0,0,0,0,0,0,0,0,0,0,11,15,1,1,1,82,1,0
48,480419,2,3,1,29,2,17,5,12,6,1,0,48,3,12,481,12481,31,2012,1FT7W2BT3CEB,1,F,T,7,W,2,B,T,3,C,E,B,0,T,FORD,F2S,CW,12,17,,2,1724,1562,SRW,D,,,8,409,,,,C,6731,00,7,44,0,0,000000000,00000000000,0,0,0,1,0,0,0,0,0,0,0,998,0,1,1,12,6,2,12,0,0,0,1,48,79549,6,1,0,0,3,3,999,999,0,0,0,0,0,0,0,0,0,0,0,0,0,0,1,2,70,1,2,8,1,0,0,1,72,1,1,1,83,0,0
48,480419,3,3,1,29,2,17,5,12,6,1,0,48,1,20,421,20421,15,1995,1GNEK13K1SJ4,1,G,N,E,K,1,3,K,1,S,J,4,0,P,CHEV,KTA,UT,95,17,5124,,0,1175,,G,,F,8,350,,,15R235,,,,,,0,0,000000000,00000000000,0,0,0,1,0,0,0,0,0,0,0,998,0,0,0,12,2,3,12,0,0,0,1,48,76579,3,1,0,0,2,0,999,999,0,0,0,1,0,1,2011,1,2011,0,0,0,0,0,1,2,70,1,2,8,1,0,0,1,62,1,1,1,98,0,0
48,480420,1,1,1,2,2,22,30,33,0,1,0,48,1,72,706,72706,80,2007,1HD1JL5107Y0,1,H,D,1,J,L,5,1,0,7,Y,0,0,M,HD,XTC,RS,7,17,,,,,,,1584,,2,,4,672,,,,,,,0,0,000000000,00000000000,0,0,0,1,0,0,0,0,0,0,0,998,0,0,0,12,2,3,1,0,0,0,1,48,77379,6,1,0,0,3,0,999,999,0,0,0,0,1,5,2009,5,2009,0,0,0,0,0,2,4,40,2,1,8,1,0,0,14,12,1,1,4,6,1,1
48,480421,1,1,1,25,2,20,58,8,0,1,0,48,2,20,461,20461,21,2005,1GAHG35U0512,1,G,A,H,G,3,5,U,0,5,1,2,0,P,CHEV,EXP,SV,5,17,6001,,0,1350,,G,,F,8,366,,,16R245,,,,,,0,0,000000000,00000000000,0,0,0,1,0,0,0,0,0,0,0,998,0,0,0,12,4,8,8,0,0,0,1,48,75845,6,1,0,0,3,3,999,999,0,0,0,0,0,0,0,0,0,0,0,0,0,0,2,2,60,1,1,8,1,0,0,1,80,1,1,1,13,0,0
48,480422,1,1,3,2,2,17,39,38,0,1,0,48,0,34,37,34037,4,1981,WBAFH4106B74,W,B,A,F,H,4,1,0,6,B,7,4,0,P,BMW,,,81,17,,,,,,,,,,,,,,,,,,,0,0,000000000,00000000000,0,0,0,1,0,0,0,0,0,0,0,85,0,0,0,12,6,2,42,0,0,0,1,48,77351,6,1,0,0,3,0,999,999,0,0,0,0,0,0,0,0,0,1,0,0,0,0,1,2,55,3,3,8,2,0,0,14,13,3,2,4,2,1,0
48,480423,1,4,1,2,2,15,59,12,1,1,0,48,1,49,404,49404,14,2008,JTEBU11F68K0,J,T,E,B,U,1,1,F,6,8,K,0,0,P,TOYT,FJC,UT,8,17,4290,,0,1059,,G,,F,6,244,,,17R265,,,,,,0,0,000000000,00000000000,0,0,0,1,0,0,0,0,0,0,0,998,0,0,0,12,6,2,12,0,0,0,1,48,78130,6,1,0,0,3,0,999,999,2,0,0,0,0,8,2009,4,2011,1,0,0,0,0,2,2,65,1,1,8,1,0,0,1,50,1,1,1,20,0,0
48,480423,2,4,2,2,2,15,59,12,1,1,0,48,0,42,43,42043,4,1998,WDBGA43G4WA3,W,D,B,G,A,4,3,G,4,W,A,3,0,P,MERZ,S42,4D,98,17,4495,,0,1236,,G,,F,8,256,,,16R235,,,,,,0,0,000000000,00000000000,0,0,0,1,0,0,0,0,0,0,0,0,0,0,0,6,6,2,12,0,0,0,1,48,77007,6,1,0,0,3,3,999,999,0,0,0,0,0,0,0,0,0,0,0,0,0,0,2,2,65,1,1,8,1,0,0,5,53,1,1,1,21,1,0
48,480423,3,4,2,2,2,15,59,12,1,1,0,48,1,42,48,42048,4,2007,WDBUF56X27B1,W,D,B,U,F,5,6,X,2,7,B,1,0,P,MERZ,ESD,4D,7,17,3740,,0,1124,,G,,F,6,213,,,17R245,,,,,,0,0,000000000,00000000000,0,0,0,1,0,0,0,0,0,0,0,0,0,0,0,6,6,2,12,0,0,0,1,48,77051,6,1,0,0,3,0,999,999,0,0,0,0,0,0,0,0,0,0,0,0,0,0,2,2,65,1,1,8,1,0,0,5,53,1,1,1,98,0,0
48,480423,4,4,2,2,2,15,59,12,1,1,0,48,1,35,47,35047,4,2000,1N4DL01DXYC1,1,N,4,D,L,0,1,D,X,Y,C,1,0,P,NISS,AGS,4D,0,17,2754,,0,1031,,G,,F,4,146,,,15R195,,,,,,0,0,000000000,00000000000,0,0,0,1,0,0,0,0,0,0,0,0,0,0,0,6,2,1,12,0,0,0,1,48,77474,6,1,0,0,3,0,999,999,0,0,0,1,0,8,2009,8,2009,0,0,0,0,0,2,2,65,1,1,8,1,0,0,5,53,1,1,1,98,0,0
48,480424,1,1,2,9,2,7,17,8,0,1,0,48,2,20,421,20421,15,1998,1GNEC13R2WJ3,1,G,N,E,C,1,3,R,2,W,J,3,0,P,CHEV,CTA,UT,98,17,4423,,0,1175,,G,,F,8,350,,,15R235,,,,,,0,0,000000000,00000000000,0,0,0,1,0,0,0,0,0,0,0,998,0,0,0,14,0,8,8,0,0,0,1,48,75211,6,1,0,0,3,3,999,999,0,0,0,0,0,0,0,0,0,0,31,0,0,0,1,2,30,1,1,8,1,0,0,13,80,1,1,1,92,0,0
48,480425,1,2,1,14,2,22,55,12,1,1,0,48,2,49,472,49472,30,2004,5TEHN72N74Z3,5,T,E,H,N,7,2,N,7,4,Z,3,0,T,TOYT,DCL,CW,4,17,,1,0,1219,TAC,G,,,6,206,,,,B,3705,00,U,44,0,0,000000000,00000000000,0,0,0,1,0,0,0,0,0,0,0,998,0,0,0,12,4,3,12,0,0,0,1,48,77372,6,1,0,0,3,3,999,999,0,0,0,0,0,0,0,0,0,1,0,0,0,0,3,4,65,1,2,1,1,0,0,1,52,1,1,1,28,1,0
48,480425,2,2,1,14,2,22,55,12,1,1,0,48,1,38,882,38882,61,1995,JALC4B1K2S70,J,A,L,C,4,B,1,K,2,S,7,0,0,T,ISU,NPR,TB,95,17,,4,0,0,NPR,D,,,4,236,,,,,00000,00,,42,0,88,888888888,88888888888,2,1,3,1,0,0,0,0,0,0,0,998,0,0,0,6,2,3,12,0,0,0,1,48,77357,6,1,6,0,3,3,999,999,0,0,0,0,0,0,0,0,0,0,0,0,0,0,3,4,65,1,2,1,1,0,0,2,53,1,1,1,29,0,0
48,480426,1,2,1,15,2,8,13,12,6,1,0,48,1,49,40,49040,4,2004,JTDBE32K9402,J,T,D,B,E,3,2,K,9,4,0,2,0,P,TOYT,XLL,4D,4,17,3086,,0,1071,,G,,F,4,144,,,15R215,,,,,,0,0,000000000,00000000000,0,0,0,1,0,0,0,0,0,0,0,998,0,0,0,9,4,3,12,32,0,0,1,48,77583,6,1,0,0,3,3,65,176,0,0,0,0,0,0,0,0,0,0,38,0,0,0,1,2,98,3,8,8,2,20,3,4,17,1,1,1,89,1,0
48,480426,2,2,1,15,2,8,13,12,6,1,0,48,1,49,40,49040,4,2011,4T1BF3EK9BU1,4,T,1,B,F,3,E,K,9,B,U,1,0,P,TOYT,CBA,4D,11,17,3263,,0,1093,,G,,F,4,152,,,16R215,,,,,,0,0,000000000,00000000000,0,0,0,1,0,0,0,0,0,0,0,998,0,0,0,12,4,3,12,0,0,0,1,48,77584,6,1,0,0,3,3,999,999,0,0,0,0,0,0,0,0,0,0,0,0,0,0,2,2,65,1,2,8,2,0,0,1,66,1,1,1,88,0,0
48,480427,1,1,2,18,2,16,37,24,0,1,0,48,2,23,481,23481,31,1995,2GTEK19K1S15,2,G,T,E,K,1,9,K,1,S,1,5,0,T,GMC,SK1,PC,95,17,,2,1555,1415,SIE,G,,,8,350,,,,B,4068,00,M,44,0,0,000000000,00000000000,0,0,0,1,0,0,0,0,0,0,0,998,0,0,0,61,6,2,21,0,0,0,1,48,75220,0,0,0,0,0,0,66,166,0,0,0,0,0,0,0,0,0,1,87,0,0,0,2,2,45,2,1,8,2,0,0,14,6,7,3,4,2,1,1
48,480428,1,2,1,20,2,6,0,12,1,1,0,48,2,12,481,12481,31,2004,1FTRW12W24KC,1,F,T,R,W,1,2,W,2,4,K,C,0,T,FORD,F1S,CW,4,17,,2,1450,1260,COF,G,,,8,281,,,,B,5270,00,U,42,0,0,000000000,00000000000,0,0,0,1,0,0,0,0,0,0,0,998,0,0,0,12,4,3,25,0,0,0,1,48,75211,6,1,6,0,3,0,67,266,0,0,0,0,0,0,0,0,0,1,0,0,0,0,6,2,50,2,2,8,1,0,0,14,51,1,1,1,24,1,0
48,480428,2,2,1,20,2,6,0,12,1,1,0,48,1,20,443,20443,20,1997,1GNDX03E8VD1,1,G,N,D,X,0,3,E,8,V,D,1,0,T,CHEV,VTR,ES,97,17,,1,0,1200,VTR,G,,,6,207,,,,,00000,00,,42,0,0,000000000,00000000000,0,0,0,1,0,0,0,0,0,0,0,998,0,0,0,6,4,3,12,0,0,0,1,48,75211,6,1,0,0,3,0,999,999,0,0,0,0,0,0,0,0,0,0,0,0,0,0,6,2,50,2,2,8,1,0,0,14,53,1,1,1,25,0,0
48,480429,1,1,1,21,2,13,54,24,0,1,0,48,1,22,20,22020,4,2006,2G2WP5529612,2,G,2,W,P,5,5,2,9,6,1,2,0,P,PONT,GRA,4D,6,17,3477,,0,1105,,G,,F,6,232,,,16R225,,,,,,0,0,000000000,00000000000,0,0,0,1,0,0,0,0,0,0,0,998,0,0,0,12,4,3,24,0,0,0,1,48,75210,6,1,0,0,3,0,64,227,0,0,0,0,0,0,0,0,0,0,0,0,0,0,6,2,55,2,3,8,1,0,0,14,98,1,7,4,7,1,0
48,480430,1,1,2,25,2,16,10,1,0,1,0,48,1,72,706,72706,80,2010,1HD1BX518AB0,1,H,D,1,B,X,5,1,8,A,B,0,0,M,HD,FLF,RS,10,17,,,,,,,1584,,2,,4,725,,,,,,,0,0,000000000,00000000000,0,0,0,1,0,0,0,0,0,0,0,998,0,0,0,0,9,2,1,0,0,0,1,48,75657,6,1,0,0,3,3,999,999,0,0,0,0,0,0,0,0,0,1,84,0,0,0,1,2,50,1,2,8,1,0,0,6,50,6,9,2,98,1,0
48,480431,1,2,1,25,2,3,10,12,2,1,0,4,3,23,461,23461,22,2011,1GDY72BA0B19,1,G,D,Y,7,2,B,A,0,B,1,9,1,T,GMC,SCT,YY,11,17,,2,0,1390,STV,G,,,8,293,,,,D,4528,00,M,42,1,0,000000000,00000000000,0,0,0,1,0,0,0,0,0,0,0,998,0,0,0,12,6,2,12,0,0,0,1,35,87124,6,1,0,0,3,3,60,120,98,0,0,0,1,3,2011,3,2011,0,0,0,0,0,1,2,60,1,1,8,1,0,0,1,62,1,1,1,51,1,0
48,480431,2,2,1,25,2,3,10,12,2,1,0,48,2,7,482,7482,31,2001,1B7HC16X41S2,1,B,7,H,C,1,6,X,4,1,S,2,0,T,DODG,150,PK,1,17,,2,1347,1187,RPC,G,,,6,239,,,,B,4010,02,U,42,0,0,000000000,00000000000,0,0,0,1,0,0,0,0,0,0,0,998,0,0,0,12,6,2,12,0,0,0,1,48,75559,0,0,0,0,0,0,71,177,0,1,0,0,0,3,2011,3,2011,0,28,0,0,0,1,2,60,1,1,8,1,0,0,1,10,1,1,2,50,1,0
48,480432,1,2,2,27,2,2,15,12,2,1,0,48,1,19,18,19018,4,2004,1G6DM5774401,1,G,6,D,M,5,7,7,4,4,0,1,0,P,CADI,C/T,4D,4,17,3509,,0,1134,,G,,F,6,220,,,16R225,,,,,,0,0,000000000,00000000000,0,0,0,1,0,0,0,0,0,0,0,998,0,0,0,12,6,2,12,0,0,0,1,48,76134,6,1,0,0,3,0,999,999,1,6,0,0,0,7,2009,12,2011,0,50,0,0,0,3,3,60,2,1,8,1,0,0,14,54,1,1,1,50,2,1
48,480432,2,2,1,27,2,2,15,12,2,1,0,48,3,12,881,12881,61,2011,1FDUF4GY2BEB,1,F,D,U,F,4,G,Y,2,B,E,B,0,T,FORD,F4D,CB,11,17,,5,2002,1408,DRW,G,,,10,415,,,,D,6688,04,Y,42,0,48,6419757C,486419757C,2,1,96,1,0,0,0,0,0,0,0,998,0,0,0,12,6,2,12,0,0,0,1,48,76105,6,1,0,0,3,0,999,999,0,3,0,3,3,4,2009,12,2011,0,0,0,0,0,3,3,60,3,1,8,1,0,0,14,54,1,1,1,51,0,0
48,480433,1,3,1,28,2,5,13,12,8,1,0,16,3,87,881,87881,66,1997,1XP5DB9X0VD4,1,X,P,5,D,B,9,X,0,V,D,4,1,T,PTRB,379,TR,97,17,,8,0,0,CON,D,,,6,893,,,,,00000,00,,64,1,57,716704,57716704,3,6,4,1,0,0,0,0,0,0,0,998,0,0,0,11,6,2,12,0,0,0,1,16,83442,6,1,6,0,3,0,71,170,0,0,0,0,0,0,0,0,0,0,28,0,0,0,1,2,55,1,1,8,2,0,0,1,10,1,1,2,64,1,0