STATE,ST_CASE,VEH_NO,VE_FORMS,NUMOCCS,DAY,MONTH,HOUR,MINUTE,HARM_EV,MAN_COLL,UNITTYPE,HIT_RUN,REG_STAT,OWNER,MAKE,MODEL,MAK_MOD,BODY_TYP,MOD_YEAR,VIN,VIN_1,VIN_2,VIN_3,VIN_4,VIN_5,VIN_6,VIN_7,VIN_8,VIN_9,VIN_10,VIN_11,VIN_12,TOW_VEH,VINTYPE,VINMAKE,VINA_MOD,VIN_BT,VINMODYR,VIN_LNGT,VIN_WGT,WGTCD_TR,WHLBS_LG,WHLBS_SH,SER_TR,FUELCODE,MCYCL_DS,CARBUR,CYLINDER,DISPLACE,MCYCL_CY,MCYCL_WT,TIRE_SZE,TON_RAT,TRK_WT,TRKWTVAR,VIN_REST,WHLDRWHL,J_KNIFE,MCARR_I1,MCARR_I2,MCARR_ID,GVWR,V_CONFIG,CARGO_BT,HAZ_INV,HAZ_PLAC,HAZ_ID,HAZ_CNO,HAZ_REL,BUS_USE,SPEC_USE,EMER_USE,TRAV_SP,UNDERIDE,ROLLOVER,ROLINLOC,IMPACT1,DEFORMED,TOWED,M_HARM,VEH_SC1,VEH_SC2,FIRE_EXP,DR_PRES,L_STATE,DR_ZIP,L_STATUS,L_TYPE,CDL_STAT,L_ENDORS,L_COMPL,L_RESTRI,DR_HGT,DR_WGT,PREV_ACC,PREV_SUS,PREV_DWI,PREV_SPD,PREV_OTH,FIRST_MO,FIRST_YR,LAST_MO,LAST_YR,SPEEDREL,DR_SF1,DR_SF2,DR_SF3,DR_SF4,VTRAFWAY,VNUM_LAN,VSPD_LIM,VALIGN,VPROFILE,VPAVETYP,VSURCOND,VTRAFCON,VTCONT_F,P_CRASH1,P_CRASH2,P_CRASH3,PCRASH4,PCRASH5,ACC_TYPE,DEATHS,DR_DRINK
48,480457,1,1,2,9,3,8,40,1,0,1,0,48,3,12,881,12881,63,1993,1FDXR90R9PVA,1,F,D,X,R,9,0,R,9,P,V,A,0,T,FORD,N9M,CC,93,17,,7,2580,1380,CON,D,,,6,855,,,,P,00000,00,A,42,0,57,2135267,572135267,3,2,96,1,0,0,0,0,0,0,0,998,0,2,3,0,6,2,1,0,0,0,1,48,77396,6,1,6,0,3,0,999,999,0,4,0,1,1,6,2009,8,2011,1,0,0,0,0,2,2,70,1,1,8,2,0,0,1,6,99,4,4,7,1,0
48,480458,1,1,1,10,3,13,14,31,0,1,0,48,1,72,706,72706,80,2008,1HD1FC4438Y6,1,H,D,1,F,C,4,4,3,8,Y,6,0,M,HD,FUA,RS,8,17,,,,,,,1584,,2,,4,851,,,,,,,0,0,000000000,00000000000,0,0,0,1,0,0,0,0,0,0,0,998,0,0,0,12,8,2,31,0,0,0,1,48,79416,6,1,0,0,3,0,999,999,0,0,0,0,0,0,0,0,0,0,58,0,0,0,1,2,70,2,2,8,2,0,0,14,5,6,7,4,7,1,0
48,480459,1,1,1,10,3,12,14,11,0,1,0,48,1,6,41,6041,4,2001,2C3AD46R81H5,2,C,3,A,D,4,6,R,8,1,H,5,0,P,CHRY,CXL,4D,1,17,3410,,0,1130,,G,,F,6,167,,,16R225,,,,,,0,0,000000000,00000000000,0,0,0,1,0,0,0,0,0,0,0,998,0,0,0,13,2,3,11,0,0,0,1,48,78632,6,1,0,0,3,3,999,999,0,0,0,0,0,0,0,0,0,0,0,0,0,0,5,2,60,3,1,8,2,0,0,14,87,1,1,1,13,1,0
48,480460,1,1,3,10,3,13,30,59,0,1,0,93,3,85,881,85881,66,2012,3WKADP9X7CF3,3,W,K,A,D,P,9,X,7,C,F,3,1,T,KW,T60,TR,12,17,,8,2600,1600,CON,D,,,6,787,,,,,00000,00,,64,1,57,1009857,571009857,3,6,1,1,0,0,0,0,0,0,0,65,0,1,5,10,6,2,59,0,0,0,1,6,93722,6,1,6,0,3,3,69,160,1,0,0,0,0,5,2010,5,2010,1,58,0,0,0,3,2,55,3,3,8,2,40,3,14,12,7,3,4,6,1,0
48,480461,1,2,1,11,3,4,34,12,6,1,0,48,2,12,3,12003,2,2007,1ZVFT82H7752,1,Z,V,F,T,8,2,H,7,7,5,2,0,P,FORD,MGT,CP,7,17,3356,,0,1071,,G,,F,8,281,,,17R235,,,,,,0,0,000000000,00000000000,0,0,0,1,0,0,0,0,0,0,0,998,0,0,0,12,6,2,12,0,0,0,1,48,79938,6,1,6,0,3,0,999,999,2,0,0,0,0,6,2010,12,2010,1,39,91,0,0,1,2,30,1,1,8,1,20,3,1,17,1,1,1,86,0,1
48,480461,2,2,7,11,3,4,34,12,6,1,0,48,2,20,431,20431,16,2001,3GNFK16T31G2,3,G,N,F,K,1,6,T,3,1,G,2,0,P,CHEV,K15,UT,1,17,5123,,0,1300,,G,,F,8,325,,,16R245,,,,,,0,0,000000000,00000000000,0,0,0,1,0,0,0,0,0,0,0,998,0,1,1,1,6,2,1,0,0,0,1,48,79938,0,0,0,0,0,0,999,999,0,0,0,0,0,0,0,0,0,0,0,0,0,0,1,2,98,1,8,8,98,0,0,1,66,1,1,1,87,1,0
48,480462,1,2,1,11,3,19,53,12,2,1,0,48,1,53,705,53705,80,2005,JS1GN7CA8521,J,S,1,G,N,7,C,A,8,5,2,1,0,M,SUZI,GSK,RC,5,17,,,,,,,599,,4,,4,355,,,,,,,0,0,000000000,00000000000,0,0,0,1,0,0,0,0,0,0,0,998,0,0,0,12,4,3,12,0,0,0,1,48,77532,6,1,0,0,2,0,999,999,0,0,0,0,0,0,0,0,0,0,28,0,0,0,1,2,55,1,1,8,2,0,0,1,10,1,1,2,50,1,0
48,480462,2,2,1,11,3,19,53,12,2,1,0,48,2,49,32,49032,4,2011,2T1BU4EE8BC5,2,T,1,B,U,4,E,E,8,B,C,5,0,P,TOYT,CBS,4D,11,17,2734,,0,1024,,G,,F,4,110,,,15R195,,,,,,0,0,000000000,00000000000,0,0,0,1,0,0,0,0,0,0,0,998,0,0,0,12,4,3,12,0,0,0,1,48,77357,6,1,0,0,3,3,999,999,0,0,0,0,0,0,0,0,0,0,0,0,0,0,1,2,55,1,1,8,2,0,0,1,62,1,1,1,51,0,0
48,480463,1,2,1,12,3,15,30,12,2,1,0,48,3,23,481,23481,31,2011,3GTP1VE02BG2,3,G,T,P,1,V,E,0,2,B,G,2,0,T,GMC,1NC,CW,11,17,,2,0,1435,SIE,F,,,8,323,,,,B,5110,00,S,42,0,0,000000000,00000000000,0,0,0,1,0,0,0,0,0,0,0,998,0,0,0,12,6,2,12,0,0,1,1,48,79765,6,1,0,0,3,0,999,999,0,0,0,0,0,0,0,0,0,0,28,0,0,0,1,2,75,1,1,8,1,0,0,1,10,1,1,2,50,1,0
48,480463,2,2,3,12,3,15,30,12,2,1,0,92,0,84,881,84881,66,2005,3HSCNAPRX5N1,3,H,S,C,N,A,P,R,X,5,N,1,1,T,INTL,94I,TR,5,17,,8,0,0,940,D,,,6,915,,,,,00000,00,,64,1,57,1057546,571057546,3,6,1,1,0,0,0,0,0,0,0,998,0,0,0,12,6,2,12,0,0,0,1,48,76401,6,1,7,0,3,3,999,999,0,1,0,0,0,3,2012,3,2012,0,0,0,0,0,1,2,75,1,1,8,1,0,0,1,62,1,1,1,51,0,0
48,480464,1,1,1,12,3,15,59,1,0,1,0,48,1,49,472,49472,30,2004,5TEGN92N74Z4,5,T,E,G,N,9,2,N,7,4,Z,4,0,T,TOYT,DCP,CW,4,17,,1,0,1219,TAC,G,,,6,206,,,,B,3475,00,U,42,0,0,000000000,00000000000,0,0,0,1,0,0,0,0,0,0,0,998,0,9,5,0,6,2,1,0,0,0,1,48,78801,6,1,0,0,3,3,999,999,0,0,0,0,0,0,0,0,0,0,58,0,0,0,1,2,60,3,1,8,1,0,0,14,13,6,4,4,7,1,0
48,480465,1,3,1,13,3,5,30,12,1,1,0,48,1,20,481,20481,31,1993,1GCDC14Z1PZ1,1,G,C,D,C,1,4,Z,1,P,Z,1,0,T,CHEV,GC1,PK,93,17,,1,1315,1175,GM4,G,,,6,262,,,,B,3718,02,,42,0,0,000000000,00000000000,0,0,0,1,0,0,0,0,0,0,0,998,0,0,0,12,4,3,12,0,0,0,1,48,77365,6,1,0,0,3,0,999,999,0,0,0,0,1,4,2009,4,2009,0,0,0,0,0,1,4,50,1,1,8,1,0,0,1,50,1,1,1,20,1,0
48,480465,2,3,1,13,3,5,30,12,1,1,0,48,3,20,481,20481,31,2012,1GC2CXCG6CZ1,1,G,C,2,C,X,C,G,6,C,Z,1,0,T,CHEV,2C2,4C,12,17,,2,1582,1442,SIL,F,,,8,366,,,,C,5995,01,,42,0,0,000000000,00000000000,0,0,0,1,0,0,0,0,0,0,0,0,0,0,0,6,2,3,12,0,0,0,1,48,77065,6,1,0,0,3,0,999,999,0,0,0,0,0,0,0,0,0,0,28,0,0,0,1,4,50,1,1,8,1,0,0,5,53,1,1,1,21,0,0
48,480465,3,3,1,13,3,5,30,12,1,1,0,48,1,35,472,35472,30,2002,1N6ED29XX2C3,1,N,6,E,D,2,9,X,X,2,C,3,0,T,NISS,XSC,CW,2,17,,1,0,1311,FRT,G,,,6,201,,,,B,3733,01,E,42,0,0,000000000,00000000000,0,0,0,1,0,0,0,0,0,0,0,998,0,0,0,8,2,8,12,0,0,0,1,48,77388,6,1,6,0,3,3,999,999,0,0,0,0,0,0,0,0,0,0,0,0,0,0,1,4,50,1,1,8,1,0,0,1,60,1,1,1,98,0,0
48,480466,1,1,2,14,3,20,54,8,0,1,0,48,2,20,37,20037,4,2006,1G1ZT51826F2,1,G,1,Z,T,5,1,8,2,6,F,2,0,P,CHEV,MLT,4D,6,17,3316,,0,1063,,G,,F,6,214,,,16R215,,,,,,0,0,000000000,00000000000,0,0,0,1,0,0,0,0,0,0,0,998,0,0,0,12,2,1,8,0,0,0,1,48,75801,6,1,0,0,3,3,999,999,0,0,0,0,0,0,0,0,0,0,38,0,0,0,1,4,55,1,1,8,1,0,0,1,80,1,1,1,13,0,0
48,480467,1,2,1,14,3,10,40,12,6,1,0,48,2,41,53,41053,5,2007,JM3ER2936701,J,M,3,E,R,2,9,3,6,7,0,1,0,P,MAZD,MCX,UT,7,17,3710,,0,1083,,G,,T,4,138,,,18R235,,,,,,0,0,000000000,00000000000,0,0,0,1,0,0,0,0,0,0,0,998,0,0,0,3,6,2,12,0,0,0,1,48,77489,0,0,0,0,0,0,999,999,0,0,0,0,0,0,0,0,0,0,38,0,0,0,2,4,50,1,1,8,1,0,0,12,15,1,1,1,98,1,0
48,480467,2,2,1,14,3,10,40,12,6,1,0,48,2,54,39,54039,4,2006,JH4CL968X6C0,J,H,4,C,L,9,6,8,X,6,C,0,0,P,ACUR,TSX,4D,6,17,3345,,0,1079,,G,,F,4,146,,,17R215,,,,,,0,0,000000000,00000000000,0,0,0,1,0,0,0,0,0,0,0,998,0,0,0,12,2,3,12,0,0,0,1,48,77479,6,1,0,0,3,0,999,999,0,0,0,0,0,0,0,0,0,0,0,0,0,0,2,4,50,1,1,8,1,0,0,1,62,1,1,1,98,0,0
48,480468,1,1,99,14,3,20,25,8,0,1,1,99,9,99,999,99999,99,9999,999999999999,9,9,9,9,9,9,9,9,9,9,9,9,0,,,,,,,,,,,,,,,,,,,,,,,,,0,0,000000000,00000000000,0,0,0,1,0,0,0,0,0,0,0,998,0,0,0,12,9,1,8,0,0,0,1,99,99999,9,9,99,0,9,9,999,999,99,99,99,99,99,99,9999,99,9999,0,0,0,0,0,4,3,50,1,1,8,2,0,0,1,80,99,1,1,13,0,0
48,480469,1,2,1,14,3,6,8,12,11,1,0,48,1,49,472,49472,30,2006,3TMJU62N56M0,3,T,M,J,U,6,2,N,5,6,M,0,0,T,TOYT,DCP,CW,6,17,,1,0,1219,TAC,G,,,6,244,,,,B,3845,00,U,42,0,0,000000000,00000000000,0,0,0,1,0,0,0,0,0,0,0,0,0,0,0,13,8,2,12,0,0,0,1,48,76642,6,1,0,0,3,3,999,999,0,0,0,0,0,0,0,0,0,0,0,0,0,0,1,2,70,1,1,8,1,0,0,7,98,1,7,1,98,1,0
48,480469,2,2,1,14,3,6,8,12,11,1,0,48,3,12,481,12481,31,2008,1FTNF205X8EA,1,F,T,N,F,2,0,5,X,8,E,A,0,T,FORD,F2S,PK,8,17,,2,0,1370,SRW,G,,,8,329,,,,C,5633,00,U,42,0,0,000000000,00000000000,0,0,0,1,0,0,0,0,0,0,0,998,0,0,0,12,6,2,12,0,0,0,1,48,76708,6,1,0,0,3,0,999,999,0,0,0,0,0,0,0,0,0,0,0,0,0,0,1,2,70,1,1,8,1,0,0,1,50,1,1,1,98,0,0
48,480470,1,3,1,15,3,15,47,57,0,1,0,48,2,37,441,37441,20,2003,5FNRL18003B0,5,F,N,R,L,1,8,0,0,3,B,0,0,P,HOND,UDY,SV,3,17,4376,,0,1181,,G,,F,6,212,,,16R225,,,,,,0,0,000000000,00000000000,0,0,0,1,0,0,0,0,0,0,0,998,0,0,0,11,6,2,12,0,0,0,1,48,75070,6,1,0,0,3,3,72,164,0,0,0,0,0,0,0,0,0,1,0,0,0,0,3,3,60,1,3,8,1,0,0,1,8,1,1,4,7,1,0
48,480470,2,3,1,15,3,15,47,57,0,1,0,48,1,23,481,23481,31,2007,3GTEK13M07G5,3,G,T,E,K,1,3,M,0,7,G,5,0,T,GMC,NK1,CW,7,17,,2,0,1435,SIE,G,,,8,323,,,,B,5371,00,4,44,0,0,000000000,00000000000,0,0,0,1,0,0,0,0,0,0,0,998,0,0,0,12,4,3,12,0,0,0,1,48,76179,6,1,0,0,3,0,999,999,0,0,0,0,0,0,0,0,0,0,0,0,0,0,3,3,60,1,3,8,1,0,0,1,62,1,1,1,98,0,0
48,480470,3,3,2,15,3,15,47,57,0,1,0,6,4,35,50,35050,4,2011,3N1BC1CP6BL4,3,N,1,B,C,1,C,P,6,B,L,4,0,P,NISS,VSL,4H,11,17,2693,,0,1024,,G,,F,4,110,,,15R185,,,,,,0,0,000000000,00000000000,0,0,0,1,0,0,0,0,0,0,0,998,0,0,0,11,2,8,54,0,0,0,1,6,78541,6,1,0,0,3,0,61,185,0,0,0,0,0,0,0,0,0,0,0,0,0,0,3,3,60,1,3,8,1,0,0,1,98,1,1,3,98,0,0
48,480471,1,2,2,15,3,12,47,12,6,1,0,48,2,12,37,12037,4,2009,1FAHP35N89W2,1,F,A,H,P,3,5,N,8,9,W,2,0,P,FORD,FSE,4D,9,17,2623,,0,1029,,G,,F,4,122,,,16R205,,,,,,0,0,000000000,00000000000,0,0,0,1,0,0,0,0,0,0,0,998,0,0,0,9,6,2,12,0,0,0,1,48,77032,6,1,0,0,3,3,999,999,0,0,0,0,0,0,0,0,0,0,38,39,0,0,1,2,98,8,8,8,1,3,3,11,15,1,1,1,82,1,0
48,480471,2,2,1,15,3,12,47,12,6,1,0,48,2,20,881,20881,61,2009,1GBE4C1939F4,1,G,B,E,4,C,1,9,3,9,F,4,0,T,CHEV,C4C,CB,9,17,,5,1880,1280,C45,D,,,8,403,,,,,00000,00,,42,0,57,338347,57338347,2,1,3,1,0,0,0,0,0,0,0,998,0,0,0,12,4,3,12,0,0,0,1,48,77047,6,1,6,0,3,0,999,999,0,0,0,0,0,0,0,0,0,0,0,0,0,0,5,6,45,1,1,8,1,3,3,1,67,1,1,1,83,0,0
48,480472,1,1,4,15,3,16,35,1,0,1,0,48,2,49,401,49401,14,1987,JT4RN62S4H01,J,T,4,R,N,6,2,S,4,H,0,1,0,P,TOYT,RUN,UT,87,17,4251,,0,1030,,G,,F,4,144,,,000000,,,,,,0,0,000000000,00000000000,0,0,0,1,0,0,0,0,0,0,0,998,0,2,5,0,6,2,1,0,0,0,1,48,76856,6,2,0,0,3,2,999,999,0,0,0,0,0,0,0,0,0,1,24,80,73,0,1,2,70,2,1,8,1,0,0,14,1,7,3,4,2,1,0
48,480473,1,2,1,15,3,7,7,12,6,1,0,48,0,72,706,72706,80,1997,1HD1FBR12VY6,1,H,D,1,F,B,R,1,2,V,Y,6,0,M,HD,LRI,RS,97,17,,,,,,,1340,,2,,4,692,,,,,,,0,0,000000000,00000000000,0,0,0,1,0,0,0,0,0,0,0,998,0,0,0,61,6,2,12,0,0,0,1,48,77465,6,1,0,0,3,0,999,999,0,0,0,0,0,0,0,0,0,0,0,0,0,0,1,2,50,1,1,8,1,0,0,1,62,1,1,1,69,1,0
48,480473,2,2,1,15,3,7,7,12,6,1,0,48,2,20,481,20481,31,2007,2GCEK13Z3711,2,G,C,E,K,1,3,Z,3,7,1,1,0,T,CHEV,1KW,CW,7,17,,2,0,1435,SIL,F,,,8,323,,,,B,5284,00,,44,0,0,000000000,00000000000,0,0,0,1,0,0,0,0,0,0,0,998,0,0,0,12,6,2,12,0,0,0,1,48,77414,6,2,0,0,3,3,999,999,0,0,0,0,0,0,0,0,0,1,38,48,0,0,1,2,50,1,1,8,1,0,0,11,15,1,1,1,68,0,0
48,480474,1,2,1,15,3,20,26,8,0,1,0,48,1,20,24,20024,6,2009,1GNER23D69S1,1,G,N,E,R,2,3,D,6,9,S,1,0,P,CHEV,TRV,UT,9,17,4790,,0,1189,,G,,F,6,220,,,18R255,,,,,,0,0,000000000,00000000000,0,0,0,1,0,0,0,0,0,0,0,998,0,0,0,12,2,1,8,0,0,0,1,48,76016,6,1,0,0,3,0,999,999,0,0,0,0,0,0,0,0,0,0,0,0,0,0,2,3,35,1,2,8,1,0,0,1,80,1,1,1,13,0,0
48,480474,2,2,1,15,3,20,26,8,0,1,0,48,1,12,3,12003,2,2002,1FAFP42X82F2,1,F,A,F,P,4,2,X,8,2,F,2,0,P,FORD,MGT,CP,2,17,3241,,0,1013,,G,,F,8,281,,,17R245,,,,,,0,0,000000000,00000000000,0,0,0,1,0,0,0,0,0,0,0,998,0,0,0,12,2,1,8,0,0,0,1,48,76354,6,1,0,0,3,3,999,999,0,0,0,0,0,0,0,0,0,0,0,0,0,0,2,3,35,1,2,8,1,0,0,1,80,1,1,1,98,0,0
48,480475,1,1,1,15,3,3,15,33,0,1,0,48,1,53,706,53706,80,2006,JS1GT76A9621,J,S,1,G,T,7,6,A,9,6,2,1,0,M,SUZI,XR1,RC,6,17,,,,,,,999,,4,,4,365,,,,,,,0,0,000000000,00000000000,0,0,0,1,0,0,0,0,0,0,0,998,0,0,0,12,8,2,33,0,0,0,1,48,78045,6,1,0,0,3,0,999,999,0,0,0,0,0,0,0,0,0,1,0,0,0,0,1,2,30,3,1,8,1,0,0,14,6,3,2,4,7,1,0
48,480476,1,2,2,16,3,21,20,12,1,1,0,48,1,7,17,7017,5,1994,1B3AP28D8RN1,1,B,3,A,P,2,8,D,8,R,N,1,0,P,DODG,SHA,4H,94,17,2597,,0,972,,G,,F,4,135,,,14R185,,,,,,0,0,000000000,00000000000,0,0,0,1,0,0,0,0,0,0,0,998,0,0,0,12,6,2,12,0,0,0,1,48,78222,6,1,0,0,3,0,999,999,0,0,0,0,0,0,0,0,0,0,0,0,0,0,2,2,40,1,1,8,1,0,0,1,50,1,1,1,20,1,0
48,480476,2,2,1,16,3,21,20,12,1,1,0,48,2,59,32,59032,4,1992,JT8UF11E2N01,J,T,8,U,F,1,1,E,2,N,0,1,0,P,LEXS,LS4,4D,92,17,3759,,0,1108,,G,,F,8,242,,,15R205,,,,,,0,0,000000000,00000000000,0,0,0,1,0,0,0,0,0,0,0,0,0,0,0,6,6,2,12,0,0,0,1,48,78248,0,0,0,0,0,0,999,999,0,0,0,0,0,0,0,0,0,0,0,0,0,0,2,2,40,1,1,8,1,0,0,5,53,1,1,1,22,0,0
48,480477,1,2,1,16,3,11,25,12,6,1,0,48,1,20,2,20002,4,2004,1G1ND52F94M6,1,G,1,N,D,5,2,F,9,4,M,6,0,P,CHEV,CLA,4D,4,17,3106,,0,1070,,G,,F,4,134,,,15R215,,,,,,0,0,000000000,00000000000,0,0,0,1,0,0,0,0,0,0,0,998,0,0,0,9,6,2,12,0,0,0,1,48,76021,6,1,0,0,3,0,69,182,0,0,0,1,0,2,2012,2,2012,0,38,39,0,0,1,2,98,8,8,8,1,20,3,1,17,1,1,1,89,1,0
48,480477,2,2,1,16,3,11,25,12,6,1,0,48,1,12,481,12481,31,2010,1FTFW1EVXAKA,1,F,T,F,W,1,E,V,X,A,K,A,0,T,FORD,F1S,CW,10,17,,2,1570,1450,COF,F,,,8,329,,,,B,5345,00,7,44,0,0,000000000,00000000000,0,0,0,1,0,0,0,0,0,0,0,998,0,0,0,12,4,3,12,0,0,0,1,48,76065,6,1,0,0,3,3,999,999,0,0,0,0,0,0,0,0,0,0,0,0,0,0,4,3,50,1,1,8,1,0,0,1,66,1,1,1,88,0,0
48,480478,1,1,1,16,3,12,38,39,0,1,0,48,0,76,705,76705,80,2007,JYARJ06E07A0,J,Y,A,R,J,0,6,E,0,7,A,0,0,M,YAMA,F6S,RC,7,17,,,,,,,600,,4,,4,357,,,,,,,0,0,000000000,00000000000,0,0,0,1,0,0,0,0,0,0,0,998,0,0,0,12,8,2,39,0,0,0,1,48,79915,0,0,0,0,0,0,999,999,0,0,0,0,0,0,0,0,0,1,0,0,0,0,1,2,30,3,1,8,1,0,0,14,6,1,9,4,2,1,0
48,480480,1,1,2,16,3,21,8,20,0,1,0,8,1,30,40,30040,4,1994,3VWRA21H5RM0,3,V,W,R,A,2,1,H,5,R,M,0,0,P,VOLK,J3L,4D,94,17,2560,,0,974,,G,,F,4,121,,,14R195,,,,,,0,0,000000000,00000000000,0,0,0,1,0,0,0,0,0,0,0,998,0,1,4,12,4,3,20,0,0,0,1,8,81212,6,1,0,0,3,0,62,105,0,0,0,0,0,0,0,0,0,0,23,58,0,0,3,8,50,3,3,8,1,0,0,14,10,7,1,4,1,1,0
48,480481,1,1,1,17,3,4,14,8,0,1,0,48,2,49,32,49032,4,2009,1NXBU40E99Z0,1,N,X,B,U,4,0,E,9,9,Z,0,0,P,TOYT,CBL,4D,9,17,2723,,0,1024,,G,,F,4,110,,,15R195,,,,,,0,0,000000000,00000000000,0,0,0,1,0,0,0,0,0,0,0,998,0,0,0,12,2,3,8,0,0,0,1,48,77498,6,1,0,0,3,0,999,999,0,0,0,0,0,0,0,0,0,0,0,0,0,0,3,2,35,1,1,8,1,0,0,1,80,1,1,1,13,0,1
48,480482,1,1,1,17,3,3,0,1,0,1,0,48,2,23,481,23481,31,2001,2GTEC19V3112,2,G,T,E,C,1,9,V,3,1,1,2,0,T,GMC,NC1,PC,1,17,,2,1575,1435,SIE,G,,,8,293,,,,B,4413,00,U,42,0,0,000000000,00000000000,0,0,0,1,0,0,0,0,0,0,0,998,0,9,5,0,6,2,1,0,0,0,1,48,77379,6,1,0,0,3,0,999,999,0,0,0,0,0,0,0,0,0,1,0,0,0,0,1,4,35,2,1,8,1,0,0,14,6,1,4,4,2,1,0
48,480483,1,1,1,17,3,22,50,8,0,1,0,48,2,12,16,12016,4,1999,2FAFP73W9XX1,2,F,A,F,P,7,3,W,9,X,X,1,0,P,FORD,CVI,4D,99,17,3917,,0,1147,,G,,F,8,281,,,16R225,,,,,,0,0,000000000,00000000000,0,0,0,1,0,0,0,0,0,0,0,998,0,0,0,12,4,3,8,0,0,0,1,48,77036,0,0,0,0,0,0,999,999,0,0,0,0,0,0,0,0,0,0,0,0,0,0,3,4,35,1,1,8,1,0,0,1,12,1,1,4,6,0,1
48,480484,1,1,1,17,3,7,47,1,0,1,0,48,2,2,403,2403,14,1998,1J4FY19S5WP7,1,J,4,F,Y,1,9,S,5,W,P,7,0,T,JEEP,SPW,2W,98,17,,1,0,934,W/T,G,,,6,242,,,,,3174,00,E,44,0,0,000000000,00000000000,0,0,0,1,0,0,0,0,0,0,0,998,0,2,1,0,4,3,1,0,0,0,1,48,78701,3,1,0,0,2,0,999,999,0,0,0,0,0,0,0,0,0,1,0,0,0,0,1,2,60,2,1,5,11,0,0,14,6,1,4,1,98,1,1
48,480485,1,1,1,17,3,1,45,8,0,1,0,48,2,20,16,20016,4,2002,1G1JC5245271,1,G,1,J,C,5,2,4,5,2,7,1,0,P,CHEV,CAC,4D,2,17,2676,,0,1041,,C,,F,4,133,,,14R195,,,,,,0,0,000000000,00000000000,0,0,0,1,0,0,0,0,0,0,0,998,0,0,0,12,2,3,8,0,0,0,1,48,79118,1,1,0,0,2,0,999,999,0,6,0,0,0,11,2009,8,2011,0,0,0,0,0,4,3,55,1,1,8,1,0,0,1,80,1,1,1,13,0,0
48,480486,1,2,1,18,3,6,17,12,2,1,0,48,1,20,36,20036,2,1998,2G1WX12K8W91,2,G,1,W,X,1,2,K,8,W,9,1,0,P,CHEV,MZ3,CP,98,17,3452,,0,1075,,G,,F,6,231,,,16R225,,,,,,0,0,000000000,00000000000,0,0,0,1,0,0,0,0,0,0,0,998,0,0,0,12,6,2,12,0,0,0,1,48,75115,6,1,0,0,3,3,999,999,0,0,0,0,0,0,0,0,0,0,0,0,0,0,3,4,65,1,3,8,1,0,0,1,54,1,1,1,51,0,0
48,480486,2,2,2,18,3,6,17,12,2,1,0,48,2,20,421,20421,15,2001,1GNEK13T91R1,1,G,N,E,K,1,3,T,9,1,R,1,0,P,CHEV,KTA,UT,1,17,5050,,0,1160,,G,,F,8,325,,,16R245,,,,,,0,0,000000000,00000000000,0,0,0,1,0,0,0,0,0,0,0,998,0,0,0,12,6,2,12,0,0,0,1,48,75212,0,0,0,0,0,0,999,999,0,0,0,0,0,0,0,0,0,0,50,91,0,0,3,4,65,1,3,8,1,0,0,1,54,1,1,1,50,1,1
48,480487,1,1,1,18,3,6,5,33,0,1,0,48,2,49,32,49032,4,1990,JT2AE94A5L33,J,T,2,A,E,9,4,A,5,L,3,3,0,P,TOYT,CDF,4D,90,17,2207,,0,957,,G,,F,4,097,,,13R155,,,,,,0,0,000000000,00000000000,0,0,0,1,0,0,0,0,0,0,0,998,0,1,6,11,2,3,1,0,0,0,1,48,77037,0,0,0,0,0,0,999,999,0,0,0,0,0,0,0,0,0,1,0,0,0,0,5,4,35,1,1,8,1,0,0,1,8,1,3,4,2,1,1
48,480488,1,1,3,18,3,22,5,8,0,1,0,48,2,12,37,12037,2,2002,3FAFP31342R1,3,F,A,F,P,3,1,3,4,2,R,1,0,P,FORD,FZX,3P,2,17,2598,,0,1030,,G,,F,4,121,,,15R195,,,,,,0,0,000000000,00000000000,0,0,0,1,0,0,0,0,0,0,0,998,0,0,0,12,4,3,8,0,0,0,1,48,77088,0,0,0,0,0,0,999,999,0,0,0,0,0,0,0,0,0,0,0,0,0,0,5,6,50,1,1,8,1,0,0,1,80,1,1,1,13,0,0
48,480489,1,1,1,18,3,11,20,42,0,1,0,48,1,20,20,20020,4,1997,2G1WL52M8V11,2,G,1,W,L,5,2,M,8,V,1,1,0,P,CHEV,L/S,4D,97,17,3360,,0,1075,,G,,F,6,191,,,15R205,,,,,,0,0,000000000,00000000000,0,0,0,1,0,0,0,0,0,0,0,998,0,0,0,12,4,3,42,0,0,0,1,48,77045,0,0,0,0,0,0,999,999,0,5,0,0,0,6,2009,11,2011,0,0,0,0,0,3,3,40,3,1,8,1,0,0,14,13,1,1,4,1,1,0
48,480490,1,1,2,18,3,1,17,1,0,1,0,48,1,59,401,59401,14,2002,JTJGF10U9201,J,T,J,G,F,1,0,U,9,2,0,1,0,P,LEXS,RX3,UT,2,17,3715,,0,1031,,G,,F,6,183,,,16R225,,,,,,0,0,000000000,00000000000,0,0,0,1,0,0,0,0,0,0,0,998,0,2,5,0,2,3,1,0,0,0,1,48,75440,6,1,0,0,3,0,999,999,0,0,0,0,0,0,0,0,0,1,58,0,0,0,1,2,50,1,1,8,1,0,0,1,13,6,3,4,7,1,1