STATE,ST_CASE,VEH_NO,VE_FORMS,NUMOCCS,DAY,MONTH,HOUR,MINUTE,HARM_EV,MAN_COLL,UNITTYPE,HIT_RUN,REG_STAT,OWNER,MAKE,MODEL,MAK_MOD,BODY_TYP,MOD_YEAR,VIN,VIN_1,VIN_2,VIN_3,VIN_4,VIN_5,VIN_6,VIN_7,VIN_8,VIN_9,VIN_10,VIN_11,VIN_12,TOW_VEH,VINTYPE,VINMAKE,VINA_MOD,VIN_BT,VINMODYR,VIN_LNGT,VIN_WGT,WGTCD_TR,WHLBS_LG,WHLBS_SH,SER_TR,FUELCODE,MCYCL_DS,CARBUR,CYLINDER,DISPLACE,MCYCL_CY,MCYCL_WT,TIRE_SZE,TON_RAT,TRK_WT,TRKWTVAR,VIN_REST,WHLDRWHL,J_KNIFE,MCARR_I1,MCARR_I2,MCARR_ID,GVWR,V_CONFIG,CARGO_BT,HAZ_INV,HAZ_PLAC,HAZ_ID,HAZ_CNO,HAZ_REL,BUS_USE,SPEC_USE,EMER_USE,TRAV_SP,UNDERIDE,ROLLOVER,ROLINLOC,IMPACT1,DEFORMED,TOWED,M_HARM,VEH_SC1,VEH_SC2,FIRE_EXP,DR_PRES,L_STATE,DR_ZIP,L_STATUS,L_TYPE,CDL_STAT,L_ENDORS,L_COMPL,L_RESTRI,DR_HGT,DR_WGT,PREV_ACC,PREV_SUS,PREV_DWI,PREV_SPD,PREV_OTH,FIRST_MO,FIRST_YR,LAST_MO,LAST_YR,SPEEDREL,DR_SF1,DR_SF2,DR_SF3,DR_SF4,VTRAFWAY,VNUM_LAN,VSPD_LIM,VALIGN,VPROFILE,VPAVETYP,VSURCOND,VTRAFCON,VTCONT_F,P_CRASH1,P_CRASH2,P_CRASH3,PCRASH4,PCRASH5,ACC_TYPE,DEATHS,DR_DRINK
48,480524,1,2,5,11,3,0,33,12,1,1,0,48,1,18,2,18002,4,2003,1G4HP52K0341,1,G,4,H,P,5,2,K,0,3,4,1,0,P,BUIC,LCF,4D,3,17,3567,,0,1122,,G,,F,6,231,,,15R215,,,,,,0,0,000000000,00000000000,0,0,0,1,0,0,0,0,0,0,0,0,0,0,0,6,4,3,12,0,0,0,1,48,76111,6,1,0,0,3,3,999,999,0,0,0,0,0,0,0,0,0,0,54,0,0,0,3,4,70,1,2,8,2,0,0,5,53,1,1,1,21,1,0
48,480524,2,2,5,11,3,0,33,12,1,1,0,48,1,37,441,37441,20,2002,5FNRL18952B0,5,F,N,R,L,1,8,9,5,2,B,0,0,P,HOND,UDY,SV,2,17,4376,,0,1181,,G,,F,6,212,,,16R225,,,,,,0,0,000000000,00000000000,0,0,0,1,0,0,0,0,0,0,0,998,0,0,0,12,4,3,12,0,0,0,1,48,75013,6,1,0,0,3,0,999,999,0,0,0,0,0,0,0,0,0,0,0,0,0,0,3,4,70,1,2,8,2,0,0,1,50,6,1,1,20,0,0
48,480525,1,3,1,15,3,15,0,12,2,1,0,6,3,82,881,82881,66,2007,1FUJBBCK87PU,1,F,U,J,B,B,C,K,8,7,P,U,1,T,FRHT,ST2,TR,7,17,,8,0,0,CON,D,,,6,855,,,,,00000,00,,64,1,57,1395755,571395755,3,6,1,1,0,0,0,0,0,0,0,998,0,1,1,12,6,2,12,0,0,1,1,13,39845,6,1,6,0,3,0,71,219,98,2,0,1,1,4,2010,2,2012,1,0,0,0,0,2,4,75,1,1,8,1,0,0,1,10,1,1,7,50,1,0
48,480525,2,3,2,15,3,15,0,12,2,1,0,51,3,85,881,85881,66,2010,1XKAD49XXAJ2,1,X,K,A,D,4,9,X,X,A,J,2,1,T,KW,T60,TR,10,17,,8,2600,1600,CON,D,,,6,915,,,,,00000,00,,64,1,57,294822,57294822,3,6,1,1,0,0,0,0,0,0,0,998,0,0,0,12,6,2,12,0,0,1,1,51,24381,6,1,6,0,3,0,69,200,0,0,0,1,0,7,2010,7,2010,0,0,0,0,0,2,4,75,1,1,8,1,0,0,1,64,1,1,1,51,2,0
48,480525,3,3,1,15,3,15,0,12,2,1,0,93,3,23,881,23881,63,2008,1GDE4E1948F4,1,G,D,E,4,E,1,9,4,8,F,4,1,T,GMC,C4E,CH,8,17,,5,2290,1690,C45,D,,,8,403,,,,,00000,00,,42,1,57,1201039,571201039,3,4,28,1,0,0,0,0,0,0,0,998,0,0,0,12,4,3,12,0,0,0,1,48,75901,6,1,6,0,3,0,999,999,0,0,0,0,0,0,0,0,0,0,0,0,0,0,2,4,75,1,1,8,1,0,0,1,64,1,1,1,98,1,0
48,480526,1,2,1,22,3,7,35,12,6,1,0,48,2,7,442,7442,20,2005,1D4GP25B45B2,1,D,4,G,P,2,5,B,4,5,B,2,0,P,DODG,CAR,SV,5,17,3725,,0,1133,,G,,F,4,148,,,15R215,,,,,,0,0,000000000,00000000000,0,0,0,1,0,0,0,0,0,0,0,998,0,1,1,9,4,3,12,0,0,0,1,48,75189,6,1,0,0,3,3,68,183,1,0,0,0,0,3,2011,3,2011,0,38,0,0,0,1,2,98,8,8,8,2,20,3,11,15,1,1,1,82,1,0
48,480526,2,2,1,22,3,7,35,12,6,1,0,48,1,20,471,20471,30,1985,1GCCS14B9F22,1,G,C,C,S,1,4,B,9,F,2,2,0,T,CHEV,S14,PK,85,17,,1,1229,1083,S,G,,,6,173,,,,B,2318,10,,42,0,0,000000000,00000000000,0,0,0,1,0,0,0,0,0,0,0,998,0,0,0,12,6,2,12,0,0,0,1,48,75474,6,1,0,0,3,0,999,999,0,0,0,0,0,0,0,0,0,0,0,0,0,0,1,2,70,1,2,8,2,0,0,1,67,1,1,1,83,0,0
48,480527,1,1,1,23,3,6,50,8,0,1,0,48,1,12,37,12037,4,2007,1FAFP34N67W1,1,F,A,F,P,3,4,N,6,7,W,1,0,P,FORD,X4S,4D,7,17,2636,,0,1029,,G,,F,4,122,,,15R195,,,,,,0,0,000000000,00000000000,0,0,0,1,0,0,0,0,0,0,0,998,0,0,0,12,4,3,8,0,0,0,1,48,78501,6,1,0,0,3,3,999,999,0,0,0,0,0,0,0,0,0,0,0,0,0,0,1,2,30,1,1,8,1,0,0,1,80,4,1,1,13,0,0
48,480528,1,2,1,28,3,3,18,12,1,1,0,48,1,73,703,73703,80,2012,JKAEXMJ19CDA,J,K,A,E,X,M,J,1,9,C,D,A,0,M,KAWK,E2J,RC,12,17,,,,,,,249,,2,,4,375,,,,,,,0,0,000000000,00000000000,0,0,0,1,0,0,0,0,0,0,0,0,0,0,0,6,8,3,12,0,0,0,1,48,78541,6,1,0,0,2,3,999,999,1,0,0,0,0,3,2010,3,2010,0,0,0,0,0,1,4,45,1,1,8,1,3,3,5,53,1,1,1,21,1,1
48,480528,2,2,1,28,3,3,18,12,1,1,0,48,2,52,40,52040,4,2000,6MMAP67P8YT0,6,M,M,A,P,6,7,P,8,Y,T,0,0,P,MITS,DLS,4D,0,17,3531,,0,1071,,G,,F,6,213,,,16R215,,,,,,0,0,000000000,00000000000,0,0,0,1,0,0,0,0,0,0,0,998,0,0,0,12,2,3,12,0,0,0,1,48,78541,3,1,0,0,2,0,999,999,0,2,0,0,1,7,2009,9,2010,1,91,0,0,0,1,4,45,1,1,8,1,3,3,1,50,1,1,1,20,0,1
48,480529,1,2,1,31,3,4,50,25,0,1,0,48,2,7,20,7020,4,2002,1B3ES26C42D5,1,B,3,E,S,2,6,C,4,2,D,5,0,P,DODG,NEO,4D,2,17,2604,,0,1050,,G,,F,4,122,,,14R185,,,,,,0,0,000000000,00000000000,0,0,0,1,0,0,0,0,0,0,0,998,0,0,0,11,6,2,12,0,0,0,1,48,78207,0,0,0,0,0,0,999,999,0,0,0,0,0,0,0,0,0,1,28,0,0,0,3,2,60,1,1,8,1,0,0,1,9,1,1,4,6,1,1
48,480529,2,2,1,31,3,4,50,25,0,1,0,48,1,20,421,20421,15,2001,1GNCS13W01K2,1,G,N,C,S,1,3,W,0,1,K,2,0,P,CHEV,BZR,UT,1,17,3887,,0,1070,,G,,F,6,262,,,15R235,,,,,,0,0,000000000,00000000000,0,0,0,1,0,0,0,0,0,0,0,998,0,0,0,12,6,2,12,0,0,0,1,48,78245,0,0,0,0,0,0,999,999,0,0,0,0,0,0,0,0,0,0,0,0,0,0,3,2,60,1,1,8,1,0,0,1,61,1,1,1,98,0,0
48,480530,1,1,1,6,3,5,28,38,0,1,0,48,2,73,705,73705,80,2007,JKAZX4P167A0,J,K,A,Z,X,4,P,1,6,7,A,0,0,M,KAWK,ZXP,RC,7,17,,,,,,,599,,4,,4,368,,,,,,,0,0,000000000,00000000000,0,0,0,1,0,0,0,0,0,0,0,998,0,0,0,99,8,3,38,0,0,0,1,48,76039,6,1,0,0,2,3,72,153,0,7,0,2,0,4,2009,4,2011,1,0,0,0,0,4,3,45,1,1,8,1,0,0,1,6,1,9,4,7,1,0
48,480531,1,1,1,6,3,17,57,30,0,1,0,48,1,37,703,37703,80,2011,MLHMC4119B50,M,L,H,M,C,4,1,1,9,B,5,0,0,M,HOND,BR5,RC,11,17,,,,,,,249,,1,,4,359,,,,,,,0,0,000000000,00000000000,0,0,0,1,0,0,0,0,0,0,0,998,0,0,0,9,4,3,30,0,0,0,1,48,79938,6,1,0,0,3,0,999,999,0,0,0,0,0,0,0,0,0,1,0,0,0,0,2,2,35,2,1,8,1,0,0,14,12,1,1,4,6,1,1
48,480532,1,1,2,7,3,20,1,8,0,1,0,48,1,2,404,2404,14,2004,1J4GX48S04C2,1,J,4,G,X,4,8,S,0,4,C,2,0,T,JEEP,LCF,4W,4,17,,1,0,1059,GCK,G,,,6,244,,,,,3683,02,E,42,0,0,000000000,00000000000,0,0,0,1,0,0,0,0,0,0,0,998,0,0,0,12,2,1,8,0,0,0,1,48,79761,6,1,0,0,3,0,999,999,0,0,0,0,0,0,0,0,0,0,0,0,0,0,5,4,40,1,1,8,1,0,0,1,80,1,1,1,13,0,0
48,480533,1,1,2,7,3,20,35,53,0,1,0,48,2,12,471,12471,30,2003,1FTYR44V93PA,1,F,T,Y,R,4,4,V,9,3,P,A,0,T,FORD,RNS,4C,3,17,,1,0,1257,RNG,F,,,6,182,,,,B,3547,00,U,42,0,0,000000000,00000000000,0,0,0,1,0,0,0,0,0,0,0,998,0,9,1,12,6,2,1,0,0,0,1,48,78355,6,1,0,0,3,0,999,999,0,0,0,0,0,0,0,0,0,0,0,0,0,0,2,2,70,1,1,8,1,0,0,1,13,1,1,4,1,1,0
48,480534,1,1,3,8,3,14,1,10,0,1,0,48,2,2,403,2403,14,1998,1J4FY49S3WP8,1,J,4,F,Y,4,9,S,3,W,P,8,0,T,JEEP,SAW,2W,98,17,,1,0,934,W/T,G,,,6,242,,,,,3174,00,E,44,0,0,000000000,00000000000,0,0,0,1,0,0,0,0,0,0,0,0,0,0,0,3,6,2,10,0,0,0,1,48,75941,6,1,0,0,3,0,999,999,0,0,0,0,0,0,0,0,0,0,39,0,0,0,1,2,30,1,3,8,1,65,3,5,91,1,1,1,15,3,0
48,480535,1,1,1,8,3,1,34,53,0,1,0,48,1,20,481,20481,31,1990,1GCDC14H1LZ2,1,G,C,D,C,1,4,H,1,L,Z,2,0,T,CHEV,GC1,PK,90,17,,1,1415,1175,GM4,G,,,8,305,,,,B,3717,07,,42,0,0,000000000,00000000000,0,0,0,1,0,0,0,0,0,0,0,998,0,9,5,12,6,2,1,0,0,0,1,48,75672,6,1,0,0,3,0,999,999,0,0,0,0,1,11,2011,11,2011,1,58,0,0,0,1,2,60,2,1,8,2,0,0,14,13,6,1,4,6,1,1
48,480536,1,1,1,8,3,6,8,8,0,1,0,48,1,20,481,20481,31,2007,1GCHK23D17F1,1,G,C,H,K,2,3,D,1,7,F,1,0,T,CHEV,2KH,CW,7,17,,2,1670,1530,SIL,D,,,8,403,,,,C,5883,02,,44,0,0,000000000,00000000000,0,0,0,1,0,0,0,0,0,0,0,998,0,0,0,11,2,8,8,0,0,0,1,48,77957,6,1,6,0,3,0,999,999,0,0,0,0,0,0,0,0,0,0,0,0,0,0,1,2,45,1,2,8,1,0,0,1,80,7,1,1,13,0,0
48,480537,1,1,1,1,3,6,50,1,0,1,0,48,1,7,472,7472,30,1991,1B7GL23Y4MS3,1,B,7,G,L,2,3,Y,4,M,S,3,0,T,DODG,DAK,PC,91,17,,1,0,1309,DAK,G,,,8,318,,,,B,3189,01,A,42,0,0,000000000,00000000000,0,0,0,1,0,0,0,0,0,0,0,998,0,9,5,0,4,3,1,0,0,0,1,48,78549,6,1,0,0,3,0,999,999,0,0,0,0,0,0,0,0,0,1,0,0,0,0,1,2,55,3,1,4,1,0,0,14,6,6,4,4,7,1,0
48,480538,1,3,1,6,3,0,25,57,0,1,0,48,1,35,39,35039,4,2005,1N4BA41EX5C8,1,N,4,B,A,4,1,E,X,5,C,8,0,P,NISS,MEL,4D,5,17,3321,,0,1112,,G,,F,6,214,,,17R225,,,,,,0,0,000000000,00000000000,0,0,0,1,0,0,0,0,0,0,0,998,0,0,0,12,4,3,12,0,0,0,1,48,78006,6,1,0,0,3,0,999,999,0,0,0,0,0,0,0,0,0,1,0,0,0,0,3,2,70,1,3,8,1,0,0,1,12,1,1,4,6,1,1
48,480538,2,3,1,6,3,0,25,57,0,1,0,99,9,84,881,84881,66,2010,2HSCUAPR4AC2,2,H,S,C,U,A,P,R,4,A,C,2,1,T,INTL,PPR,TR,10,17,,8,0,0,PRO,D,,,6,915,,,,,00000,00,,64,1,57,261902,57261902,3,6,28,1,0,0,0,0,0,0,0,998,0,0,0,12,4,3,12,0,0,0,1,45,29461,1,1,1,0,2,0,70,260,0,0,0,0,1,9,2009,9,2009,0,0,0,0,0,3,2,70,1,3,8,1,0,0,1,62,1,1,1,98,0,0
48,480538,3,3,1,6,3,0,25,57,0,1,0,6,1,82,881,82881,66,2007,1FUJA6CK57PY,1,F,U,J,A,6,C,K,5,7,P,Y,1,T,FRHT,COL,TR,7,17,,8,0,0,CON,D,,,6,855,,,,,00000,00,,64,1,57,1924880,571924880,3,6,28,1,0,0,0,0,0,0,0,998,0,0,0,12,2,8,54,0,0,0,1,6,93504,6,1,6,1,3,3,67,155,1,0,0,0,2,6,2010,7,2010,0,0,0,0,0,3,2,70,1,3,8,1,0,0,1,98,1,1,1,98,0,0
48,480540,1,1,2,7,3,0,40,38,0,1,0,48,0,7,472,7472,31,1994,1B7GL23X3RS5,1,B,7,G,L,2,3,X,3,R,S,5,0,T,DODG,DAK,PC,94,17,,1,0,1309,DAK,G,,,6,239,,,,B,3472,00,B,42,0,0,000000000,00000000000,0,0,0,1,0,0,0,0,0,0,0,998,0,0,0,12,6,2,38,0,0,0,1,48,76119,1,1,0,0,2,0,999,999,0,11,0,0,1,7,2009,3,2012,1,39,91,0,0,1,2,30,1,1,8,1,20,3,1,14,1,1,4,14,1,1
48,480541,1,1,1,9,3,1,23,33,0,1,0,48,2,20,421,20421,15,1999,1GNEC13R1XJ3,1,G,N,E,C,1,3,R,1,X,J,3,0,P,CHEV,CTA,UT,99,17,4865,,0,1175,,G,,F,8,350,,,15R235,,,,,,0,0,000000000,00000000000,0,0,0,1,0,0,0,0,0,0,0,998,0,0,0,99,4,3,21,0,0,0,1,48,77024,0,0,0,0,0,0,999,999,0,0,0,0,0,0,0,0,0,1,37,0,0,0,4,2,40,2,1,1,1,3,3,14,12,1,1,4,6,1,1
48,480542,1,1,1,10,3,2,37,9,0,1,1,48,9,20,481,20481,31,2008,1GCEC14X58Z2,1,G,C,E,C,1,4,X,5,8,Z,2,0,T,CHEV,SC1,PK,8,17,,2,1330,1190,SIL,G,,,6,262,,,,B,4453,01,,42,0,0,000000000,00000000000,0,0,0,1,0,0,0,0,0,0,0,998,0,0,0,12,2,1,9,0,0,0,1,99,99999,9,9,99,9,9,9,999,999,99,99,99,99,99,99,9999,99,9999,0,86,0,0,0,4,2,45,1,1,8,2,0,0,1,83,1,1,1,13,0,0
48,480543,1,1,2,11,3,21,44,8,0,1,0,48,2,20,421,20421,15,1999,1GNEC13R8XJ5,1,G,N,E,C,1,3,R,8,X,J,5,0,P,CHEV,CTA,UT,99,17,4865,,0,1175,,G,,F,8,350,,,15R235,,,,,,0,0,000000000,00000000000,0,0,0,1,0,0,0,0,0,0,0,998,0,0,0,12,2,1,8,0,0,0,1,48,78595,6,1,0,0,3,3,999,999,0,0,0,0,0,0,0,0,0,0,0,0,0,0,1,2,45,1,1,8,1,0,0,1,80,1,1,1,13,0,0
48,480544,1,2,1,12,3,8,20,12,6,1,0,18,3,82,881,82881,66,2012,1FUJGLDR6CSB,1,F,U,J,G,L,D,R,6,C,S,B,1,T,FRHT,125,TR,12,17,,8,0,0,CSC,D,,,6,903,,,,,00000,00,,64,1,57,137978,57137978,3,6,1,1,0,0,0,0,0,0,0,0,0,0,0,7,2,1,12,0,0,0,1,47,37323,6,1,6,0,3,0,70,180,0,0,0,0,0,0,0,0,0,0,0,0,0,0,1,2,99,1,1,8,2,20,3,5,15,1,1,1,84,0,0
48,480544,2,2,3,12,3,8,20,12,6,1,0,48,2,12,481,12481,31,2007,1FTRW12W57KD,1,F,T,R,W,1,2,W,5,7,K,D,0,T,FORD,F1S,CW,7,17,,2,0,1390,COF,G,,,8,281,,,,B,5176,01,E,42,0,0,000000000,00000000000,0,0,0,1,0,0,0,0,0,0,0,998,0,0,0,12,6,2,12,0,0,0,1,48,78577,6,1,0,0,3,0,999,999,0,0,0,1,0,12,2009,12,2009,0,0,0,0,0,2,2,70,1,1,8,2,0,0,1,50,1,1,1,84,1,0
48,480545,1,2,1,13,3,18,39,12,1,1,0,48,2,14,6,14006,4,1998,2MEFM74W8WX6,2,M,E,F,M,7,4,W,8,W,X,6,0,P,MERC,GMG,4D,98,17,3917,,0,1144,,G,,F,8,281,,,16R225,,,,,,0,0,000000000,00000000000,0,0,0,1,0,0,0,0,0,0,0,998,0,0,0,12,6,2,12,0,0,0,1,48,77530,0,0,0,0,0,0,999,999,0,0,0,0,0,0,0,0,0,1,26,0,0,0,3,3,99,1,3,8,1,0,0,1,50,1,1,1,20,0,0
48,480545,2,2,4,13,3,18,39,12,1,1,0,12,1,37,31,37031,4,2012,JHMFB2F86CS0,J,H,M,F,B,2,F,8,6,C,S,0,0,P,HOND,UAX,4D,12,17,2765,,0,1051,,G,,F,4,110,,,16R205,,,,,,0,0,000000000,00000000000,0,0,0,1,0,0,0,0,0,0,0,0,0,0,0,6,6,2,12,0,0,0,1,12,33612,6,1,0,0,3,0,67,999,0,0,0,2,0,9,2009,10,2009,0,0,0,0,0,3,3,99,1,3,8,1,0,0,5,53,1,1,1,21,1,0
48,480546,1,1,4,14,3,22,18,42,0,1,0,48,2,30,46,30046,4,2002,WVWPD63B42P0,W,V,W,P,D,6,3,B,4,2,P,0,0,P,VOLK,PGS,4D,2,17,3099,,0,1064,,G,,T,4,109,,,15R195,,,,,,0,0,000000000,00000000000,0,0,0,1,0,0,0,0,0,0,0,76,0,0,0,2,6,2,42,0,0,0,1,48,76093,6,2,0,0,3,3,999,999,0,0,0,0,0,0,0,0,0,1,0,0,0,0,1,2,40,1,1,8,1,0,0,1,6,1,4,4,7,1,0
48,480547,1,2,3,14,3,10,20,12,2,1,0,93,2,87,881,87881,66,2005,1XP5DU9X95D8,1,X,P,5,D,U,9,X,9,5,D,8,1,T,PTRB,379,TR,5,17,,8,0,0,CON,D,,,6,763,,,,,00000,00,,64,1,57,1046171,571046171,3,6,4,1,0,0,0,0,0,0,0,998,0,0,0,12,4,3,12,0,0,0,1,48,76380,6,1,6,0,3,3,999,999,1,0,0,0,3,1,2010,8,2011,0,0,0,0,0,1,2,70,3,2,8,1,0,0,14,62,7,1,1,51,0,0
48,480547,2,2,1,14,3,10,20,12,2,1,0,48,1,30,47,30047,3,2006,3VWPW31C36M4,3,V,W,P,W,3,1,C,3,6,M,4,0,P,VOLK,B25,2H,6,17,2842,,0,989,,G,,F,5,151,,,16R205,,,,,,0,0,000000000,00000000000,0,0,0,1,0,0,0,0,0,0,0,998,0,0,0,12,6,2,12,0,0,0,1,48,76123,6,1,0,0,3,0,999,999,0,0,0,0,0,0,0,0,0,0,51,0,0,0,1,2,70,2,2,8,1,0,0,14,10,1,1,2,50,1,0
48,480548,1,2,1,16,3,15,8,12,8,1,0,48,2,7,482,7482,31,2002,1D7HA18N12J1,1,D,7,H,A,1,8,N,1,2,J,1,0,T,DODG,Q15,CW,2,17,,2,1605,1405,RPC,G,,,8,287,,,,B,4747,01,E,42,0,0,000000000,00000000000,0,0,0,1,0,0,0,0,0,0,0,998,0,0,0,8,4,3,12,0,0,0,1,48,76627,6,1,0,0,3,3,999,999,0,0,0,0,0,0,0,0,0,0,0,0,0,0,1,2,60,1,1,8,1,0,0,1,3,1,2,2,64,0,0
48,480548,2,2,1,16,3,15,8,12,8,1,0,48,1,76,706,76706,80,2007,JYAVP17E27A0,J,Y,A,V,P,1,7,E,2,7,A,0,0,M,YAMA,X17,RS,7,17,,,,,,,1670,,2,,4,688,,,,,,,0,0,000000000,00000000000,0,0,0,1,0,0,0,0,0,0,0,998,0,0,0,11,9,2,12,0,0,0,1,48,76671,6,1,0,0,3,0,999,999,0,0,0,0,0,0,0,0,0,0,0,0,0,0,1,2,60,1,1,8,1,0,0,1,62,7,1,1,65,1,0
48,480549,1,1,3,18,3,15,43,8,0,1,1,19,2,12,3,12003,2,2007,1ZVFT84N7753,1,Z,V,F,T,8,4,N,7,7,5,3,0,P,FORD,MUS,CV,7,17,3352,,0,1071,,G,,F,6,244,,,16R215,,,,,,0,0,000000000,00000000000,0,0,0,1,0,0,0,0,0,0,0,998,0,0,0,12,4,3,8,0,0,0,1,48,78572,0,0,0,0,0,0,999,999,0,10,0,0,0,6,2009,4,2011,0,91,0,0,0,5,4,60,1,1,8,1,0,0,1,13,1,1,4,13,0,0
48,480550,1,1,1,19,3,6,26,1,0,1,0,17,2,51,881,51881,66,2005,4V4NC9GH95N3,4,V,4,N,C,9,G,H,9,5,N,3,1,T,VOLV,VNL,TR,5,17,,8,0,0,VVN,D,,,6,732,,,,,00000,00,,64,1,57,759493,57759493,3,6,2,1,0,0,0,0,0,0,0,998,0,1,5,0,4,3,1,0,0,0,1,48,77662,6,1,6,1,3,0,999,999,0,0,0,0,0,0,0,0,0,1,0,0,0,0,1,2,55,3,1,8,1,0,0,14,6,6,1,4,1,1,0
48,480551,1,2,1,19,3,2,20,12,6,1,0,48,1,20,481,20481,31,2005,1GCEC14V25Z3,1,G,C,E,C,1,4,V,2,5,Z,3,0,T,CHEV,SC1,PK,5,17,,2,1330,1190,SIL,G,,,8,293,,,,B,4225,00,,42,0,0,000000000,00000000000,0,0,0,1,0,0,0,0,0,0,0,998,0,0,0,12,4,3,12,0,0,0,1,48,79107,6,1,0,0,3,3,999,999,1,1,0,2,2,7,2009,4,2011,0,91,0,0,0,1,2,98,8,8,8,1,0,0,1,17,1,1,1,86,0,1
48,480551,2,2,2,19,3,2,20,12,6,1,0,48,2,35,43,35043,4,1998,3N1AB41D1WL0,3,N,1,A,B,4,1,D,1,W,L,0,0,P,NISS,XGX,4D,98,17,2406,,0,998,,G,,F,4,097,,,13R155,,,,,,0,0,000000000,00000000000,0,0,0,1,0,0,0,0,0,0,0,998,0,0,0,3,6,2,12,0,0,0,1,48,79104,0,0,0,0,0,0,999,999,0,0,0,0,0,0,0,0,0,0,0,0,0,0,2,2,35,1,1,8,1,0,0,1,17,1,1,1,87,1,0
48,480552,1,3,1,21,3,21,32,12,2,1,0,48,1,12,471,12471,30,1986,1FTCR15T9GPB,1,F,T,C,R,1,5,T,9,G,P,B,0,T,FORD,RNS,PC,86,17,,1,0,1250,RNG,G,,,6,177,,,,B,00000,00,A,44,0,0,000000000,00000000000,0,0,0,1,0,0,0,0,0,0,0,998,0,0,0,12,6,2,12,0,0,0,1,48,79103,6,1,0,0,3,3,999,999,0,0,0,0,0,0,0,0,0,0,51,0,0,0,1,4,60,1,3,8,1,0,0,1,10,1,1,2,50,1,0
48,480552,2,3,2,21,3,21,32,12,2,1,0,48,1,49,40,49040,4,2009,4T1BB46KX9U0,4,T,1,B,B,4,6,K,X,9,U,0,0,P,TOYT,CHB,4D,9,17,3680,,0,1090,,B,,F,4,146,,,16R215,,,,,,0,0,000000000,00000000000,0,0,0,1,0,0,0,0,0,0,0,998,0,0,0,12,6,2,12,36,0,0,1,48,79068,6,1,0,0,3,0,999,999,0,0,0,0,0,0,0,0,0,0,0,0,0,0,1,4,60,1,3,8,1,0,0,1,62,1,1,1,51,2,0
48,480552,3,3,1,21,3,21,32,12,2,1,0,48,1,20,471,20471,30,1994,1GCDT19W5R82,1,G,C,D,T,1,9,W,5,R,8,2,0,T,CHEV,S14,PC,94,17,,1,1229,1083,S,G,,,6,262,,,,B,3604,00,,44,0,0,000000000,00000000000,0,0,0,1,0,0,0,0,0,0,0,998,0,0,0,12,2,3,12,0,0,0,1,48,79070,6,1,0,0,3,0,999,999,0,0,0,0,0,0,0,0,0,0,0,0,0,0,1,4,60,1,3,8,1,0,0,1,52,1,1,1,98,0,0
48,480553,1,1,1,22,3,17,30,9,0,1,0,48,1,7,482,7482,31,2009,1D3HB13T89S7,1,D,3,H,B,1,3,T,8,9,S,7,0,T,DODG,150,CW,9,17,,2,0,1400,RPC,G,,,8,348,,,,B,5064,00,K,42,0,0,000000000,00000000000,0,0,0,1,0,0,0,0,0,0,0,998,0,0,0,12,2,3,9,0,0,0,1,48,77380,6,1,0,0,3,0,999,999,0,0,0,0,0,0,0,0,0,0,0,0,0,0,2,3,45,1,1,8,2,0,0,1,83,1,1,1,13,0,0
48,480554,1,1,1,23,3,23,8,33,0,1,0,48,1,20,32,20032,4,1998,1Y1SK5288WZ4,1,Y,1,S,K,5,2,8,8,W,Z,4,0,P,CHEV,P/L,4D,98,17,0,,0,971,,G,,F,4,110,,,14R175,,,,,,0,0,000000000,00000000000,0,0,0,1,0,0,0,0,0,0,0,998,0,0,0,14,6,2,33,0,0,0,1,48,78148,6,1,0,0,3,0,999,999,0,0,0,1,0,5,2010,5,2010,1,0,0,0,0,2,2,30,3,1,8,1,40,3,14,6,99,4,4,7,1,1
48,480555,1,2,2,23,3,21,5,12,6,1,0,99,9,87,881,87881,66,2000,1XP5DR9X1YN4,1,X,P,5,D,R,9,X,1,Y,N,4,1,T,PTRB,379,TR,0,17,,8,0,0,CON,D,,,6,774,,,,,00000,00,,64,1,57,2051727,572051727,3,6,1,1,0,0,0,0,0,0,0,998,0,0,0,8,2,8,12,0,0,0,1,28,39776,6,1,6,0,3,0,68,200,0,0,0,0,0,0,0,0,0,0,38,0,0,0,0,0,0,0,0,0,0,0,0,10,98,1,1,7,98,0,0
48,480555,2,2,1,23,3,21,5,12,6,1,0,48,1,37,402,37402,14,1998,JHLRD1860WC1,J,H,L,R,D,1,8,6,0,W,C,1,0,P,HOND,CRV,UT,98,17,3155,,0,1032,,G,,F,4,120,,,15R205,,,,,,0,0,000000000,00000000000,0,0,0,1,0,0,0,0,0,0,0,998,0,0,0,12,4,3,12,0,0,0,1,48,77015,6,1,0,0,3,3,999,200,0,2,0,0,0,1,2010,3,2010,0,58,0,0,0,4,2,50,2,1,8,1,0,0,14,70,7,1,4,98,1,1
48,480556,1,3,1,24,3,19,36,1,0,1,0,48,2,72,706,72706,80,2007,1HD1CZ3477K4,1,H,D,1,C,Z,3,4,7,7,K,4,0,M,HD,XLN,RS,7,17,,,,,,,1199,,2,,4,545,,,,,,,0,0,000000000,00000000000,0,0,0,1,0,0,0,0,0,0,0,998,0,0,0,0,4,3,1,0,0,0,1,48,75068,6,1,0,0,2,0,999,999,0,0,0,1,1,9,2009,9,2010,1,8,26,58,0,1,2,45,1,1,8,1,0,0,1,6,4,7,1,98,1,0
48,480556,2,3,2,24,3,19,36,1,0,1,0,48,2,20,481,20481,31,2011,3GCPCTE0XBG1,3,G,C,P,C,T,E,0,X,B,G,1,0,T,CHEV,3SC,CW,11,17,,2,0,1435,SIL,F,,,8,323,,,,B,5110,00,,42,0,0,000000000,00000000000,0,0,0,1,0,0,0,0,0,0,0,998,0,0,0,6,2,8,12,0,0,0,1,48,75068,6,1,0,0,3,0,999,999,0,0,0,0,0,0,0,0,0,0,8,0,0,0,1,2,45,1,1,8,1,0,0,2,53,1,1,1,98,0,0