STATE,ST_CASE,VEH_NO,VE_FORMS,NUMOCCS,DAY,MONTH,HOUR,MINUTE,HARM_EV,MAN_COLL,UNITTYPE,HIT_RUN,REG_STAT,OWNER,MAKE,MODEL,MAK_MOD,BODY_TYP,MOD_YEAR,VIN,VIN_1,VIN_2,VIN_3,VIN_4,VIN_5,VIN_6,VIN_7,VIN_8,VIN_9,VIN_10,VIN_11,VIN_12,TOW_VEH,VINTYPE,VINMAKE,VINA_MOD,VIN_BT,VINMODYR,VIN_LNGT,VIN_WGT,WGTCD_TR,WHLBS_LG,WHLBS_SH,SER_TR,FUELCODE,MCYCL_DS,CARBUR,CYLINDER,DISPLACE,MCYCL_CY,MCYCL_WT,TIRE_SZE,TON_RAT,TRK_WT,TRKWTVAR,VIN_REST,WHLDRWHL,J_KNIFE,MCARR_I1,MCARR_I2,MCARR_ID,GVWR,V_CONFIG,CARGO_BT,HAZ_INV,HAZ_PLAC,HAZ_ID,HAZ_CNO,HAZ_REL,BUS_USE,SPEC_USE,EMER_USE,TRAV_SP,UNDERIDE,ROLLOVER,ROLINLOC,IMPACT1,DEFORMED,TOWED,M_HARM,VEH_SC1,VEH_SC2,FIRE_EXP,DR_PRES,L_STATE,DR_ZIP,L_STATUS,L_TYPE,CDL_STAT,L_ENDORS,L_COMPL,L_RESTRI,DR_HGT,DR_WGT,PREV_ACC,PREV_SUS,PREV_DWI,PREV_SPD,PREV_OTH,FIRST_MO,FIRST_YR,LAST_MO,LAST_YR,SPEEDREL,DR_SF1,DR_SF2,DR_SF3,DR_SF4,VTRAFWAY,VNUM_LAN,VSPD_LIM,VALIGN,VPROFILE,VPAVETYP,VSURCOND,VTRAFCON,VTCONT_F,P_CRASH1,P_CRASH2,P_CRASH3,PCRASH4,PCRASH5,ACC_TYPE,DEATHS,DR_DRINK
48,480556,3,3,1,24,3,19,36,1,0,1,0,48,1,72,706,72706,80,2007,1HD1FS4177Y7,1,H,D,1,F,S,4,1,7,7,Y,7,0,M,HD,LTR,RS,7,17,,,,,,,1584,,2,,4,761,,,,,,,0,0,000000000,00000000000,0,0,0,1,0,0,0,0,0,0,0,998,0,0,0,12,2,3,33,0,0,0,1,48,75068,6,1,0,0,2,0,999,999,0,0,0,0,0,0,0,0,0,0,58,0,0,0,1,2,45,1,1,8,1,0,0,1,8,9,1,4,98,0,0
48,480557,1,1,2,24,3,22,15,1,0,1,0,48,1,72,706,72706,80,2005,1HD1GPW125K3,1,H,D,1,G,P,W,1,2,5,K,3,0,M,HD,WGI,RS,5,17,,,,,,,1450,,2,,4,644,,,,,,,0,0,000000000,00000000000,0,0,0,1,0,0,0,0,0,0,0,998,0,0,0,0,8,2,1,0,0,0,1,48,75647,6,1,6,0,3,0,999,999,0,0,0,2,0,4,2010,1,2012,1,0,0,0,0,1,2,20,2,2,8,1,0,0,14,10,1,1,4,6,1,1
48,480558,1,1,3,24,3,22,55,8,0,1,0,48,3,84,881,84881,62,2007,1HTMMAAL17H4,1,H,T,M,M,A,A,L,1,7,H,4,5,T,INTL,430,CC,7,17,,6,0,0,40S,D,,,6,466,,,,,00000,00,,42,1,57,1529113,571529113,2,1,12,1,0,0,0,0,0,0,0,998,0,0,0,12,2,1,8,0,0,0,1,48,78064,6,1,6,0,3,3,999,999,0,0,0,0,0,0,0,0,0,0,0,0,0,0,3,3,70,1,2,8,1,0,0,1,80,1,1,1,13,0,0
48,480559,1,1,4,25,3,1,50,42,0,1,0,48,2,55,36,55036,3,2008,KMHCM36C78U0,K,M,H,C,M,3,6,C,7,8,U,0,0,P,HYUN,AGS,2H,8,17,2467,,0,984,,G,,F,4,098,,,14R175,,,,,,0,0,000000000,00000000000,0,0,0,1,0,0,0,0,0,0,0,998,0,0,0,3,6,2,42,0,0,0,1,48,75904,6,1,0,0,3,3,999,999,0,0,0,0,0,0,0,0,0,0,58,0,0,0,1,2,55,1,1,8,1,0,0,1,10,6,4,4,7,1,1
48,480560,1,1,1,26,3,7,40,42,0,1,0,48,2,20,481,20481,31,2000,1GCHC39JXYF4,1,G,C,H,C,3,9,J,X,Y,F,4,0,T,CHEV,GC3,PC,0,17,,2,0,1555,GM4,G,,,8,454,,,,D,5427,00,,42,0,0,000000000,00000000000,0,0,0,1,0,0,0,0,0,0,0,998,0,1,5,12,6,2,42,0,0,0,1,48,79065,6,1,0,0,3,3,999,999,0,0,0,0,0,0,0,0,0,0,58,0,0,0,1,2,70,1,2,8,1,0,0,1,13,6,1,4,6,1,0
48,480561,1,4,1,28,3,15,40,12,7,1,0,48,2,49,51,49051,4,2010,JTDBT4K38A13,J,T,D,B,T,4,K,3,8,A,1,3,0,P,TOYT,YAR,4D,10,17,2288,,0,1004,,G,,F,4,091,,,14R175,,,,,,0,0,000000000,00000000000,0,0,0,1,0,0,0,0,0,0,0,998,0,0,0,1,6,2,12,0,0,0,1,48,77328,6,1,6,0,3,3,999,999,2,0,0,0,0,2,2011,3,2011,0,28,0,0,0,2,2,70,1,1,8,1,0,0,1,11,1,1,2,44,1,0
48,480561,2,4,2,28,3,15,40,12,7,1,0,48,2,49,40,49040,4,2007,4T1BE46K57U1,4,T,1,B,E,4,6,K,5,7,U,1,0,P,TOYT,CMB,4D,7,17,3108,,0,1093,,G,,F,4,146,,,15R205,,,,,,0,0,000000000,00000000000,0,0,0,1,0,0,0,0,0,0,0,998,0,0,0,14,2,1,18,0,0,0,1,1,36535,6,1,0,0,3,0,72,200,0,2,0,0,1,8,2009,9,2011,0,0,0,0,0,2,2,70,1,1,8,1,0,0,1,60,6,1,4,98,0,0
48,480561,3,4,1,28,3,15,40,12,7,1,0,5,3,87,881,87881,66,2003,1XP7DU9X63D5,1,X,P,7,D,U,9,X,6,3,D,5,1,T,PTRB,387,TR,3,17,,8,0,0,CON,D,,,6,732,,,,,00000,00,,64,1,57,1205009,571205009,3,6,1,1,0,0,0,0,0,0,0,998,0,0,0,12,6,2,12,0,0,0,1,5,71852,6,1,6,0,3,0,72,215,0,0,0,2,0,4,2009,2,2011,0,0,0,0,0,2,2,70,1,1,8,1,0,0,1,64,7,1,2,98,0,0
48,480561,4,4,1,28,3,15,40,12,7,1,0,48,3,87,881,87881,66,1997,1NPFDB9X2VD4,1,N,P,F,D,B,9,X,2,V,D,4,1,T,PTRB,378,TR,97,17,,8,0,0,CON,D,,,6,893,,,,,00000,00,,64,1,57,1681623,571681623,3,6,2,1,0,0,0,0,0,0,0,998,0,0,0,8,2,3,12,0,0,0,1,48,77575,6,1,6,1,3,0,999,999,0,0,0,0,0,0,0,0,0,0,0,0,0,0,2,2,70,1,1,8,1,0,0,1,60,1,1,1,45,0,0
48,480562,1,2,1,30,3,16,0,12,6,1,0,48,2,20,37,20037,4,2004,1G1ZT52894F2,1,G,1,Z,T,5,2,8,9,4,F,2,0,P,CHEV,M/L,4D,4,17,3297,,0,1063,,G,,F,6,214,,,15R205,,,,,,0,0,000000000,00000000000,0,0,0,1,0,0,0,0,0,0,0,998,0,0,0,3,6,2,12,0,0,0,1,48,75861,6,1,0,0,3,0,999,999,0,0,0,0,0,0,0,0,0,0,0,0,0,0,5,4,55,1,1,2,1,0,0,1,13,6,4,6,66,1,0
48,480562,2,2,1,30,3,16,0,12,6,1,0,48,2,7,43,7043,4,2006,1B3EL46X76N2,1,B,3,E,L,4,6,X,7,6,N,2,0,P,DODG,SRX,4D,6,17,3106,,0,1080,,G,,F,4,146,,,16R205,,,,,,0,0,000000000,00000000000,0,0,0,1,0,0,0,0,0,0,0,998,0,0,0,12,4,3,12,0,0,0,1,48,75860,6,1,0,0,3,0,999,999,1,0,0,2,0,6,2009,3,2011,0,0,0,0,0,5,4,55,1,1,2,1,0,0,1,62,1,1,1,66,0,0
48,480563,1,1,2,30,3,1,37,21,0,1,0,48,2,22,18,22018,2,2001,1G2NW12E61M6,1,G,2,N,W,1,2,E,6,1,M,6,0,P,PONT,GAG,CP,1,17,3091,,0,1070,,G,,F,6,207,,,16R225,,,,,,0,0,000000000,00000000000,0,0,0,1,0,0,0,0,0,0,0,998,0,0,0,11,6,2,21,0,0,0,1,48,76116,6,1,0,0,3,0,68,142,1,0,0,1,0,10,2009,1,2011,0,0,0,0,0,3,4,65,1,3,8,1,0,0,1,13,1,3,4,2,2,1
48,480564,1,1,1,30,3,20,45,8,0,1,0,48,2,9,20,9020,4,1998,1P3ES47C0WD6,1,P,3,E,S,4,7,C,0,W,D,6,0,P,PLYM,NEH,4D,98,17,2537,,0,1040,,G,,F,4,122,,,14R185,,,,,,0,0,000000000,00000000000,0,0,0,1,0,0,0,0,0,0,0,998,0,0,0,12,2,3,8,0,0,0,1,48,79905,6,1,0,0,3,3,999,999,0,0,0,0,0,0,0,0,0,0,0,0,0,0,5,4,40,1,1,2,1,0,0,1,80,1,1,1,13,0,0
48,480565,1,1,1,30,3,19,10,33,0,1,0,22,1,20,481,20481,31,1984,1GCDC14H0EF3,1,G,C,D,C,1,4,H,0,E,F,3,0,T,CHEV,C10,PK,84,17,,1,1315,1175,C10,G,,,8,305,,,,B,3314,08,,42,0,0,000000000,00000000000,0,0,0,1,0,0,0,0,0,0,0,998,0,1,5,99,4,3,1,0,0,0,1,22,70601,3,1,0,0,2,0,71,175,0,0,0,0,1,5,2009,5,2009,0,0,0,0,0,2,4,35,1,1,1,1,0,0,1,12,1,2,4,7,1,1
48,480566,1,2,1,30,3,20,20,12,6,1,0,48,1,24,401,24401,14,2007,5GZCZ33Z97S8,5,G,Z,C,Z,3,3,Z,9,7,S,8,0,P,STRN,VUE,UT,7,17,3474,,0,1066,,B,,F,4,146,,,16R215,,,,,,0,0,000000000,00000000000,0,0,0,1,0,0,0,0,0,0,0,998,0,0,0,9,4,3,12,0,0,0,1,48,75701,6,1,0,0,3,3,999,999,0,0,0,0,0,0,0,0,0,0,38,0,0,0,1,2,99,1,1,8,1,20,3,4,17,1,1,1,89,1,0
48,480566,2,2,1,30,3,20,20,12,6,1,0,48,1,12,471,12471,30,2005,1FTYR14U65PA,1,F,T,Y,R,1,4,U,6,5,P,A,0,T,FORD,RNS,PC,5,17,,1,0,1257,RNG,G,,,6,182,,,,B,3179,00,U,42,0,0,000000000,00000000000,0,0,0,1,0,0,0,0,0,0,0,998,0,0,0,12,4,3,12,0,0,0,1,48,75773,6,1,0,0,3,3,999,999,0,0,0,0,0,0,0,0,0,0,0,0,0,0,1,2,60,1,2,8,1,0,0,1,66,8,1,1,88,0,0
48,480567,1,1,1,31,3,11,14,9,0,1,0,96,3,82,881,82881,66,1997,1FUYNMCB1VP7,1,F,U,Y,N,M,C,B,1,V,P,7,0,T,FRHT,FC1,TR,97,17,,8,0,0,CON,D,,,6,661,,,,,00000,00,,64,0,57,1304639,571304639,3,5,96,1,0,0,0,0,0,0,0,998,0,0,0,12,0,1,9,0,0,0,1,96,0,9,9,99,9,9,9,999,999,99,99,99,99,99,99,9999,99,9999,0,0,0,0,0,4,2,99,1,1,8,1,3,3,10,83,1,1,1,13,0,0
48,480568,1,1,1,31,3,23,29,8,0,1,1,99,9,12,423,12423,16,9999,999999999999,9,9,9,9,9,9,9,9,9,9,9,9,0,,,,,,,,,,,,,,,,,,,,,,,,,0,0,000000000,00000000000,0,0,0,1,0,0,0,0,0,0,0,998,0,0,0,12,2,1,8,0,0,0,1,99,99999,9,9,99,9,9,9,999,999,99,99,99,99,99,99,9999,99,9999,0,0,0,0,0,5,6,50,1,1,8,1,0,0,1,80,1,1,1,13,0,0
48,480569,1,1,1,31,3,14,29,8,0,1,1,99,9,99,999,99999,99,9999,999999999999,9,9,9,9,9,9,9,9,9,9,9,9,0,,,,,,,,,,,,,,,,,,,,,,,,,0,0,000000000,00000000000,0,0,0,1,0,0,0,0,0,0,0,998,0,0,0,99,9,1,8,0,0,0,1,99,99999,9,9,99,9,9,9,999,999,99,99,99,99,99,99,9999,99,9999,0,0,0,0,0,2,4,35,1,1,1,1,0,0,1,80,1,1,1,13,0,0
48,480570,1,2,1,31,3,12,23,12,1,1,0,40,1,76,706,76706,80,2006,JYAVP11E56A0,J,Y,A,V,P,1,1,E,5,6,A,0,0,M,YAMA,XVA,RS,6,17,,,,,,,1063,,2,,4,571,,,,,,,0,0,000000000,00000000000,0,0,0,1,0,0,0,0,0,0,0,998,0,0,0,12,9,2,12,0,0,0,1,40,73644,6,1,0,0,3,0,72,170,0,0,0,0,0,0,0,0,0,1,0,0,0,0,3,2,60,1,1,8,1,98,3,1,52,1,1,1,28,1,0
48,480570,2,2,4,31,3,12,23,12,1,1,0,48,2,12,481,12481,31,2009,1FTPW12V99FA,1,F,T,P,W,1,2,V,9,9,F,A,0,T,FORD,F1S,CW,9,17,,2,1570,1450,COF,F,,,8,329,,,,B,5156,01,L,42,0,0,000000000,00000000000,0,0,0,1,0,0,0,0,0,0,0,998,0,0,0,6,2,3,12,0,0,0,1,48,76108,6,2,0,0,3,1,999,999,0,0,0,0,0,0,0,0,0,0,0,0,0,0,3,2,60,1,1,8,1,98,3,2,53,1,1,1,29,0,0
48,480571,1,2,1,31,3,6,41,12,6,1,0,40,2,20,481,20481,31,2004,2GCEC19T9411,2,G,C,E,C,1,9,T,9,4,1,1,0,T,CHEV,SC1,4C,4,17,,2,1575,1435,SIL,G,,,8,325,,,,B,4555,00,,42,0,0,000000000,00000000000,0,0,0,1,0,0,0,0,0,0,0,998,0,0,0,12,6,2,12,0,0,0,1,48,78759,6,1,0,0,3,3,999,999,0,0,0,0,0,0,0,0,0,1,91,38,39,0,4,2,55,1,2,8,1,20,3,1,17,1,1,1,86,0,1
48,480571,2,2,1,31,3,6,41,12,6,1,0,53,1,12,481,12481,31,1989,1FTDF15Y8KPA,1,F,T,D,F,1,5,Y,8,K,P,A,0,T,FORD,F15,PK,89,17,,1,1330,1170,COF,G,,,6,300,,,,B,3535,01,A,42,0,0,000000000,00000000000,0,0,0,1,0,0,0,0,0,0,0,998,0,0,0,3,6,2,12,0,0,1,1,53,98684,6,1,0,0,3,0,71,275,0,0,0,0,0,0,0,0,0,0,0,0,0,0,1,4,98,8,8,8,1,20,3,1,66,1,1,1,87,1,0
48,480572,1,2,1,16,3,7,40,12,6,1,0,48,1,37,706,37706,80,2010,1HFSC47H8AA9,1,H,F,S,C,4,7,H,8,A,A,9,0,M,HOND,GL8,RS,10,17,,,,,,,1832,,6,,4,895,,,,,,,0,0,000000000,00000000000,0,0,0,1,0,0,0,0,0,0,0,998,0,0,0,12,8,2,12,0,0,0,1,48,77018,6,1,0,0,3,3,999,999,1,0,0,0,0,5,2011,5,2011,0,0,0,0,0,2,2,35,1,1,1,1,0,0,1,62,1,1,1,69,1,0
48,480572,2,2,1,16,3,7,40,12,6,1,0,48,1,2,404,2404,14,2003,1J4GX48S23C6,1,J,4,G,X,4,8,S,2,3,C,6,0,T,JEEP,LRO,4W,3,17,,1,0,1059,GCK,G,,,6,244,,,,,3704,01,E,42,0,0,000000000,00000000000,0,0,0,1,0,0,0,0,0,0,0,998,0,0,0,3,2,1,12,0,0,0,1,48,77040,6,1,0,0,3,0,999,999,0,0,0,0,1,4,2009,4,2009,0,38,0,0,0,2,2,35,1,1,1,1,0,0,11,15,1,1,1,68,0,0
48,480573,1,1,1,29,2,2,41,11,0,1,0,48,0,76,705,76705,80,2007,JYAVM01E07A1,J,Y,A,V,M,0,1,E,0,7,A,1,0,M,YAMA,VS6,RS,7,17,,,,,,,649,,2,,4,474,,,,,,,0,0,000000000,00000000000,0,0,0,1,0,0,0,0,0,0,0,998,0,0,0,12,4,3,11,0,0,0,1,48,78069,6,1,0,0,3,0,999,999,0,0,0,0,0,0,0,0,0,1,0,0,0,0,1,2,55,1,1,2,1,0,0,1,87,1,1,1,13,1,1
48,480574,1,2,1,17,3,10,53,12,9,1,0,48,1,35,48,35048,2,2005,JN1AZ34D65M6,J,N,1,A,Z,3,4,D,6,5,M,6,0,P,NISS,3ZC,CP,5,17,3087,,0,1043,,G,,F,6,214,,,17R225,,,,,,0,0,000000000,00000000000,0,0,0,1,0,0,0,0,0,0,0,998,0,0,0,61,4,3,12,0,0,0,1,48,76548,6,1,0,0,3,0,999,999,0,0,0,0,0,0,0,0,0,1,33,0,0,0,3,2,35,3,1,8,1,0,0,16,6,99,3,2,48,1,0
48,480574,2,2,1,17,3,10,53,12,9,1,0,12,3,51,881,51881,66,2012,4V4NC9EHXCN5,4,V,4,N,C,9,E,H,X,C,N,5,1,T,VOLV,VNL,TR,12,17,,8,0,0,VVN,D,,,6,793,,,,,00000,00,,64,1,57,281321,57281321,3,6,28,1,0,0,0,0,0,0,0,998,0,0,0,6,4,1,12,0,0,0,1,48,78155,6,1,6,3,3,3,999,999,0,0,0,0,0,0,0,0,0,0,0,0,0,0,3,2,35,3,1,8,1,0,0,14,61,1,1,1,48,0,0
48,480575,1,3,1,21,3,17,10,12,2,1,0,48,2,12,13,12013,2,2003,3FAFP11313R1,3,F,A,F,P,1,1,3,1,3,R,1,0,P,FORD,ZX2,CP,3,17,2478,,0,984,,G,,F,4,121,,,15R185,,,,,,0,0,000000000,00000000000,0,0,0,1,0,0,0,0,0,0,0,998,0,0,0,12,6,2,12,0,0,0,1,48,78589,6,1,0,0,3,0,999,999,0,0,0,1,0,6,2011,6,2011,1,0,0,0,0,2,2,98,1,1,8,1,0,0,1,12,1,1,7,50,1,0
48,480575,2,3,1,21,3,17,10,12,2,1,0,48,1,2,404,2404,14,2004,1J4GX48SX4C2,1,J,4,G,X,4,8,S,X,4,C,2,0,T,JEEP,LCF,4W,4,17,,1,0,1059,GCK,G,,,6,244,,,,,3683,02,E,42,0,0,000000000,00000000000,0,0,0,1,0,0,0,0,0,0,0,998,0,0,0,12,6,2,12,0,0,0,1,48,78577,6,1,0,0,3,0,999,999,0,0,0,0,0,0,0,0,0,0,0,0,0,0,2,2,98,1,1,8,1,0,0,1,64,1,1,1,51,0,0
48,480575,3,3,1,21,3,17,10,12,2,1,0,48,2,35,43,35043,4,1998,1N4AB41D0WC7,1,N,4,A,B,4,1,D,0,W,C,7,0,P,NISS,EXE,4D,98,17,2353,,0,998,,G,,F,4,097,,,13R155,,,,,,0,0,000000000,00000000000,0,0,0,1,0,0,0,0,0,0,0,998,0,0,0,13,6,2,12,0,0,0,1,48,78577,6,1,0,0,3,3,999,999,0,0,0,1,0,6,2009,6,2009,0,0,0,0,0,2,2,98,1,1,8,1,0,0,1,60,1,1,1,98,0,0
48,480576,1,1,1,21,3,21,9,8,0,1,0,48,1,22,18,22018,4,2001,1G2NE52TX1M5,1,G,2,N,E,5,2,T,X,1,M,5,0,P,PONT,GAS,4D,1,17,3116,,0,1070,,G,,F,4,146,,,15R215,,,,,,0,0,000000000,00000000000,0,0,0,1,0,0,0,0,0,0,0,998,0,0,0,12,2,1,8,0,0,0,1,48,78745,6,1,0,0,3,3,999,999,0,0,0,1,0,9,2009,9,2009,0,0,0,0,0,2,2,35,1,1,8,1,0,0,1,80,1,1,1,13,0,0
48,480577,1,2,1,9,3,23,37,12,2,1,0,48,2,38,421,38421,15,2006,4NUDS13S1627,4,N,U,D,S,1,3,S,1,6,2,7,0,P,ISU,ASC,UT,6,17,4417,,0,1130,,G,,F,6,256,,,17R245,,,,,,0,0,000000000,00000000000,0,0,0,1,0,0,0,0,0,0,0,998,0,1,3,12,6,2,12,0,0,0,1,48,78374,6,1,0,0,3,3,999,999,0,0,0,0,0,0,0,0,0,0,51,91,0,0,2,2,70,1,1,8,2,0,0,1,54,1,1,1,52,0,1
48,480577,2,2,2,9,3,23,37,12,2,1,0,48,2,20,37,20037,4,2002,1G1ND52J42M6,1,G,1,N,D,5,2,J,4,2,M,6,0,P,CHEV,MAL,4D,2,17,3053,,0,1070,,G,,F,6,191,,,15R215,,,,,,0,0,000000000,00000000000,0,0,0,1,0,0,0,0,0,0,0,998,0,0,0,12,6,2,12,0,0,0,1,48,78382,6,1,0,0,3,3,999,999,0,0,0,0,0,0,0,0,0,0,0,0,0,0,2,2,70,1,1,8,2,0,0,1,54,1,1,1,52,1,0
48,480578,1,3,1,11,3,20,39,12,6,1,0,48,2,14,6,14006,4,2000,2MEFM74W4YX6,2,M,E,F,M,7,4,W,4,Y,X,6,0,P,MERC,GMG,4D,0,17,3958,,0,1147,,G,,F,8,281,,,16R225,,,,,,0,0,000000000,00000000000,0,0,0,1,0,0,0,0,0,0,0,998,0,0,0,12,6,2,12,0,0,0,1,48,78380,1,1,0,0,2,3,999,999,0,2,0,2,1,2,2011,9,2011,1,51,91,0,0,1,2,65,2,1,8,1,0,0,14,10,1,1,2,64,0,1
48,480578,2,3,1,11,3,20,39,12,6,1,0,26,1,22,18,22018,4,1998,1G2NW52M4WC7,1,G,2,N,W,5,2,M,4,W,C,7,0,P,PONT,GAG,4D,98,17,2987,,0,1034,,G,,F,6,191,,,16R205,,,,,,0,0,000000000,00000000000,0,0,0,1,0,0,0,0,0,0,0,998,0,1,5,10,6,2,12,0,0,0,1,25,48135,6,1,0,0,3,3,60,160,0,0,0,1,0,9,2010,9,2010,0,0,0,0,0,1,2,65,3,1,8,1,0,0,14,62,1,1,2,98,1,0
48,480578,3,3,1,11,3,20,39,12,6,1,0,48,3,86,881,86881,66,1998,1M1AA13Y5WW0,1,M,1,A,A,1,3,Y,5,W,W,0,1,T,MACK,CH6,TR,98,17,,8,0,0,600,D,,,6,728,,,,,00000,00,,64,1,57,2025553,572025553,3,6,3,1,0,0,0,0,0,0,0,998,0,0,0,8,2,1,12,0,0,0,1,48,78539,6,1,6,0,3,0,999,999,0,0,0,0,1,11,2011,11,2011,0,0,0,0,0,1,2,65,3,1,8,1,0,0,14,62,1,1,1,65,0,0
48,480579,1,1,2,13,3,13,20,1,0,1,0,48,1,35,471,35471,30,1997,1N6SD11S9VC3,1,N,6,S,D,1,1,S,9,V,C,3,0,T,NISS,XES,PK,97,17,,1,0,1043,TRK,G,,,4,146,,,,B,2718,01,M,42,0,0,000000000,00000000000,0,0,0,1,0,0,0,0,0,0,0,86,0,2,5,0,6,2,1,0,0,0,1,48,79567,6,1,0,0,3,3,999,999,0,0,0,0,0,0,0,0,0,1,58,91,0,0,1,2,70,1,2,8,1,0,0,1,10,7,4,4,1,1,0
48,480580,1,1,2,14,3,2,7,30,0,1,0,48,2,24,5,24005,4,2002,1G8JU54F82Y5,1,G,8,J,U,5,4,F,8,2,Y,5,0,P,STRN,L20,4D,2,17,3033,,0,1065,,G,,F,4,134,,,15R195,,,,,,0,0,000000000,00000000000,0,0,0,1,0,0,0,0,0,0,0,998,0,0,0,3,6,2,30,0,0,0,1,48,77385,6,1,0,0,3,0,999,999,0,0,0,0,0,0,0,0,0,1,91,0,0,0,1,2,50,3,1,8,1,0,0,14,6,99,4,4,2,1,1
48,480581,1,1,1,15,3,17,37,1,0,1,0,48,1,12,401,12401,14,1997,1FMDU32X1VZB,1,F,M,D,U,3,2,X,1,V,Z,B,0,P,FORD,EPR,UT,97,17,3939,,0,1115,,G,,F,6,245,,,15R225,,,,,,0,0,000000000,00000000000,0,0,0,1,0,0,0,0,0,0,0,998,0,1,1,0,4,3,1,0,0,0,1,48,77535,6,1,0,0,3,0,999,999,0,0,0,0,1,9,2009,9,2009,1,58,0,0,0,1,2,55,3,1,8,1,0,0,14,13,99,9,6,98,1,0
48,480582,1,1,2,17,3,16,28,1,0,1,0,48,3,98,898,98898,78,2009,2FZMAZCV29AA,2,F,Z,M,A,Z,C,V,2,9,A,A,1,T,STRG,L90,CC,9,17,,8,0,0,STE,D,,,6,782,,,,,00000,00,,84,1,57,669888,57669888,3,19,98,1,0,0,0,0,0,0,0,998,0,9,1,0,6,2,1,0,0,0,1,48,78404,6,1,6,0,3,3,999,999,0,0,0,0,0,0,0,0,0,0,0,0,0,0,1,2,70,1,2,8,1,0,0,1,13,6,4,6,98,1,0
48,480583,1,1,2,17,3,0,40,42,0,1,0,26,1,12,481,12481,31,2004,1FTPW14554KB,1,F,T,P,W,1,4,5,5,4,K,B,0,T,FORD,F1S,CW,4,17,,2,1450,1260,COF,G,,,8,330,,,,B,5560,00,U,44,0,0,000000000,00000000000,0,0,0,1,0,0,0,0,0,0,0,80,0,0,0,12,6,2,42,0,0,0,1,26,48174,6,1,0,0,3,0,71,180,1,4,0,1,2,6,2009,2,2012,1,91,0,0,0,1,4,70,3,2,8,1,0,0,14,13,1,1,4,1,1,1
48,480584,1,1,3,18,3,15,43,1,0,1,0,48,2,12,401,12401,14,1999,1FMZU32X1XZA,1,F,M,Z,U,3,2,X,1,X,Z,A,0,P,FORD,EPR,UT,99,17,3891,,0,1116,,G,,F,6,245,,,15R225,,,,,,0,0,000000000,00000000000,0,0,0,1,0,0,0,0,0,0,0,998,0,1,5,0,2,3,1,0,0,0,1,48,78384,0,0,0,0,0,0,999,999,0,0,0,0,0,0,0,0,0,0,99,99,99,99,1,2,40,1,1,8,1,0,0,1,12,7,3,4,2,1,0
48,480585,1,3,1,19,3,16,10,12,8,1,0,48,2,87,881,87881,66,2002,1XP5DR9XX2D5,1,X,P,5,D,R,9,X,X,2,D,5,1,T,PTRB,379,TR,2,17,,8,0,0,CON,D,,,6,774,,,,,00000,00,,64,3,57,2152993,572152993,3,6,8,1,0,0,0,0,0,0,0,998,0,0,0,11,4,3,12,0,0,0,1,48,76431,6,1,6,0,3,0,999,999,0,7,0,7,1,5,2009,9,2011,1,51,0,0,0,1,2,55,2,2,8,2,0,0,14,10,1,1,2,64,0,0
48,480585,2,3,2,19,3,16,10,12,8,1,0,48,3,12,880,12880,67,2006,1FTWW30P86EC,1,F,T,W,W,3,0,P,8,6,E,C,0,T,FORD,F3S,CW,6,17,,3,1720,1560,SRW,D,,,8,366,,,,D,6107,02,U,42,0,88,888888888,88888888888,2,1,97,1,0,0,0,0,0,0,0,998,0,1,5,11,4,3,12,0,0,0,1,48,76020,6,1,0,0,3,0,999,999,0,0,0,1,1,4,2009,8,2010,0,0,0,0,0,1,2,55,3,2,8,2,0,0,14,62,7,1,1,65,0,0
48,480585,3,3,3,19,3,16,10,12,8,1,0,48,3,20,481,20481,31,2006,1GCHC24U26E1,1,G,C,H,C,2,4,U,2,6,E,1,0,T,CHEV,2CH,PK,6,17,,2,0,1330,SIL,G,,,8,366,,,,C,5142,00,,42,0,0,000000000,00000000000,0,0,0,1,0,0,0,0,0,0,0,998,0,0,0,12,6,2,12,0,0,0,1,48,76424,6,1,6,0,3,1,72,199,1,0,0,0,0,11,2010,11,2010,0,0,0,0,0,1,2,55,3,2,8,2,0,0,14,62,1,1,1,98,2,0
48,480586,1,2,1,19,3,16,27,12,2,1,0,48,1,20,401,20401,14,2002,1GNDS13S0224,1,G,N,D,S,1,3,S,0,2,2,4,0,P,CHEV,TRL,UT,2,17,4442,,0,1130,,G,,F,6,256,,,16R245,,,,,,0,0,000000000,00000000000,0,0,0,1,0,0,0,0,0,0,0,998,0,0,0,12,4,3,12,0,0,0,1,48,77521,6,1,0,0,3,0,999,999,0,0,0,0,0,0,0,0,0,1,0,0,0,0,1,2,60,3,1,8,2,98,3,14,10,1,1,2,50,1,0
48,480586,2,2,1,19,3,16,27,12,2,1,0,48,3,35,47,35047,4,2012,1N4AL2AP3CN4,1,N,4,A,L,2,A,P,3,C,N,4,0,P,NISS,ATS,4D,12,17,3180,,0,1093,,G,,F,4,153,,,16R215,,,,,,0,0,000000000,00000000000,0,0,0,1,0,0,0,0,0,0,0,998,0,0,0,12,4,3,12,0,0,0,1,48,77346,6,1,0,0,3,3,999,999,0,0,0,0,0,0,0,0,0,0,0,0,0,0,1,2,60,2,1,8,2,98,3,14,62,7,1,1,51,1,0