STATE,ST_CASE,VEH_NO,VE_FORMS,NUMOCCS,DAY,MONTH,HOUR,MINUTE,HARM_EV,MAN_COLL,UNITTYPE,HIT_RUN,REG_STAT,OWNER,MAKE,MODEL,MAK_MOD,BODY_TYP,MOD_YEAR,VIN,VIN_1,VIN_2,VIN_3,VIN_4,VIN_5,VIN_6,VIN_7,VIN_8,VIN_9,VIN_10,VIN_11,VIN_12,TOW_VEH,VINTYPE,VINMAKE,VINA_MOD,VIN_BT,VINMODYR,VIN_LNGT,VIN_WGT,WGTCD_TR,WHLBS_LG,WHLBS_SH,SER_TR,FUELCODE,MCYCL_DS,CARBUR,CYLINDER,DISPLACE,MCYCL_CY,MCYCL_WT,TIRE_SZE,TON_RAT,TRK_WT,TRKWTVAR,VIN_REST,WHLDRWHL,J_KNIFE,MCARR_I1,MCARR_I2,MCARR_ID,GVWR,V_CONFIG,CARGO_BT,HAZ_INV,HAZ_PLAC,HAZ_ID,HAZ_CNO,HAZ_REL,BUS_USE,SPEC_USE,EMER_USE,TRAV_SP,UNDERIDE,ROLLOVER,ROLINLOC,IMPACT1,DEFORMED,TOWED,M_HARM,VEH_SC1,VEH_SC2,FIRE_EXP,DR_PRES,L_STATE,DR_ZIP,L_STATUS,L_TYPE,CDL_STAT,L_ENDORS,L_COMPL,L_RESTRI,DR_HGT,DR_WGT,PREV_ACC,PREV_SUS,PREV_DWI,PREV_SPD,PREV_OTH,FIRST_MO,FIRST_YR,LAST_MO,LAST_YR,SPEEDREL,DR_SF1,DR_SF2,DR_SF3,DR_SF4,VTRAFWAY,VNUM_LAN,VSPD_LIM,VALIGN,VPROFILE,VPAVETYP,VSURCOND,VTRAFCON,VTCONT_F,P_CRASH1,P_CRASH2,P_CRASH3,PCRASH4,PCRASH5,ACC_TYPE,DEATHS,DR_DRINK
48,480620,1,1,2,21,3,14,20,42,0,1,0,92,0,37,739,37739,90,2004,000000000000,0,0,0,0,0,0,0,0,0,0,0,0,0,,,,,,,,,,,,,,,,,,,,,,,,,0,0,000000000,00000000000,0,0,0,1,0,0,0,0,0,0,0,998,0,0,0,12,4,1,42,0,0,0,1,48,77859,0,0,0,0,1,0,999,999,0,0,0,0,0,0,0,0,0,1,18,0,0,0,1,2,35,2,1,5,1,0,0,3,6,99,9,4,2,1,0
48,480621,1,1,1,24,3,14,46,24,0,1,0,40,3,84,881,84881,66,2012,3HSDJSJR6CN6,3,H,S,D,J,S,J,R,6,C,N,6,1,T,INTL,PRO,TR,12,17,,8,0,0,PRO,D,,,6,793,,,,,00000,00,,64,1,57,766583,57766583,3,6,2,1,0,0,0,0,0,0,0,998,0,1,5,12,6,2,24,0,0,0,1,40,73059,6,1,6,1,3,0,72,190,0,0,0,0,0,0,0,0,0,0,0,0,0,0,3,2,70,1,1,8,1,0,0,1,13,1,1,4,1,1,0
48,480622,1,2,2,24,3,16,28,1,0,1,0,48,1,72,706,72706,80,2010,1HD1GY418AC3,1,H,D,1,G,Y,4,1,8,A,C,3,0,M,HD,FTB,RS,10,17,,,,,,,1584,,2,,4,703,,,,,,,0,0,000000000,00000000000,0,0,0,1,0,0,0,0,0,0,0,0,0,0,0,0,9,2,1,0,0,0,1,48,76667,6,1,6,0,3,0,999,999,0,0,0,0,0,0,0,0,0,1,0,0,0,0,1,2,55,1,1,8,1,0,0,1,52,3,2,1,98,1,0
48,480622,2,2,2,24,3,16,28,1,0,1,0,48,1,12,481,12481,31,1985,1FTCF15N4FKA,1,F,T,C,F,1,5,N,4,F,K,A,0,T,FORD,F15,PK,85,17,,1,1550,1170,COF,G,,,8,302,,,,B,3301,02,A,42,0,0,000000000,00000000000,0,0,0,1,0,0,0,0,0,0,0,998,0,0,0,6,2,1,12,0,0,0,1,48,77872,6,1,0,0,3,0,999,999,0,0,0,0,0,0,0,0,0,0,0,0,0,0,1,2,55,1,1,8,1,0,0,2,53,1,1,1,98,0,0
48,480623,1,1,1,24,3,9,35,10,0,1,0,48,2,12,3,12003,2,2000,1FAFP4046YF1,1,F,A,F,P,4,0,4,6,Y,F,1,0,P,FORD,MUS,CP,0,17,3066,,0,1013,,G,,F,6,232,,,15R205,,,,,,0,0,000000000,00000000000,0,0,0,1,0,0,0,0,0,0,0,998,0,1,5,9,6,2,10,0,0,0,1,35,88220,6,1,0,0,3,0,66,140,98,0,0,0,1,6,2011,6,2011,0,38,0,0,0,1,2,30,1,3,8,1,65,3,1,98,1,1,1,98,1,0
48,480625,1,1,2,25,3,3,21,3,0,1,0,48,2,9,442,9442,20,1997,1P4GP44RXVB4,1,P,4,G,P,4,4,R,X,V,B,4,0,T,PLYM,GSR,ES,97,17,,1,0,1193,VOF,G,,,6,201,,,,,3687,00,E,42,0,0,000000000,00000000000,0,0,0,1,0,0,0,0,0,0,0,998,0,0,0,0,9,2,3,0,0,0,1,48,77471,6,1,0,0,3,0,999,999,0,0,0,1,1,12,2009,10,2010,1,0,0,0,0,1,2,25,1,1,8,1,0,0,1,98,1,1,4,0,2,0
48,480626,1,1,1,25,3,15,31,8,0,1,0,48,1,7,482,7482,31,2007,1D7HA18P47S2,1,D,7,H,A,1,8,P,4,7,S,2,1,T,DODG,SQ1,CW,7,17,,2,1605,1405,RPC,F,,,8,287,,,,B,4873,02,E,42,1,88,888888888,88888888888,2,4,98,1,0,0,0,0,0,0,0,998,0,0,0,5,2,1,8,0,0,0,1,48,77026,6,1,0,0,3,0,999,999,0,0,0,0,0,0,0,0,0,0,48,0,0,0,1,2,30,1,1,1,1,0,0,11,80,1,1,1,13,0,0
48,480627,1,1,1,25,3,15,0,33,0,1,0,93,1,85,881,85881,66,2007,1XKTDB9X97J1,1,X,K,T,D,B,9,X,9,7,J,1,1,T,KW,T20,TR,7,17,,8,2600,1900,CON,D,,,6,893,,,,,00000,00,,64,1,57,154237,57154237,3,6,1,1,0,0,0,0,0,0,0,998,0,0,0,12,6,2,14,0,0,0,1,48,78250,6,1,6,0,3,3,999,999,0,0,0,0,0,0,0,0,0,1,58,0,0,0,6,1,99,3,1,8,1,0,0,14,12,7,1,4,6,1,0
48,480628,1,1,1,27,3,20,20,25,0,1,0,48,2,76,705,76705,80,2000,JYA5AHE04YA0,J,Y,A,5,A,H,E,0,4,Y,A,0,0,M,YAMA,YZF,RC,0,17,,,,,,,599,,4,,4,416,,,,,,,0,0,000000000,00000000000,0,0,0,1,0,0,0,0,0,0,0,998,0,0,0,99,9,2,25,0,0,0,1,48,75056,1,1,0,0,2,0,999,999,0,17,0,0,2,9,2009,11,2011,1,37,0,0,0,6,1,99,2,2,8,1,0,0,14,12,1,1,4,6,1,0
48,480629,1,1,1,28,3,20,5,8,0,1,0,48,2,20,422,20422,15,2007,1GNFC16017J3,1,G,N,F,C,1,6,0,1,7,J,3,0,P,CHEV,C15,UT,7,17,5613,,0,1300,,F,,F,8,323,,,17R265,,,,,,0,0,000000000,00000000000,0,0,0,1,0,0,0,0,0,0,0,45,0,0,0,12,4,3,8,0,0,0,1,48,78374,6,1,0,0,3,3,999,999,1,0,0,0,0,6,2009,6,2009,0,0,0,0,0,5,4,45,1,1,8,1,0,0,1,80,4,1,1,13,0,0
48,480630,1,1,1,28,3,2,1,38,0,1,0,93,3,86,881,86881,66,2006,1M2AJ06Y16N0,1,M,2,A,J,0,6,Y,1,6,N,0,1,T,MACK,CHN,TR,6,17,,8,0,0,600,D,,,6,728,,,,,00000,00,,64,1,57,333719,57333719,3,6,2,2,2,1267,88,2,0,0,0,998,0,1,5,12,6,2,2,0,0,1,1,48,76123,6,1,6,1,3,1,999,999,0,0,0,0,0,0,0,0,0,1,39,0,0,0,1,2,55,1,1,8,1,20,3,1,14,8,2,4,14,1,0
48,480631,1,2,1,29,3,7,0,12,6,1,0,48,2,12,481,12481,31,2008,1FTRF02W48KD,1,F,T,R,F,0,2,W,4,8,K,D,0,T,FORD,F15,PK,8,17,,2,0,1260,COF,G,,,8,281,,,,B,4524,01,E,42,0,0,000000000,00000000000,0,0,0,1,0,0,0,0,0,0,0,998,0,0,0,11,6,2,12,0,0,0,1,48,79701,6,1,0,0,3,3,999,999,0,0,0,1,0,9,2009,9,2009,0,35,0,0,0,1,2,75,1,1,8,1,0,0,6,10,6,9,6,64,1,0
48,480631,2,2,1,29,3,7,0,12,6,1,0,48,3,23,481,23481,31,2007,1GTHC29K67E5,1,G,T,H,C,2,9,K,6,7,E,5,0,T,GMC,2CH,4C,7,17,,2,1575,1435,SIE,G,,,8,366,,,,C,5398,02,U,42,0,0,000000000,00000000000,0,0,0,1,0,0,0,0,0,0,0,998,0,0,0,12,6,2,12,0,0,0,1,48,79701,6,1,0,0,3,0,999,999,0,0,0,0,0,0,0,0,0,0,0,0,0,0,1,2,75,1,1,8,1,0,0,1,64,1,1,1,65,0,0
48,480632,1,1,2,30,3,0,40,1,0,1,1,48,2,72,706,72706,80,2005,1HD1FRW1X5Y6,1,H,D,1,F,R,W,1,X,5,Y,6,0,M,HD,FCI,RS,5,17,,,,,,,1450,,2,,4,710,,,,,,,0,0,000000000,00000000000,0,0,0,1,0,0,0,0,0,0,0,998,0,0,0,0,8,3,1,0,0,0,1,48,77503,6,1,0,0,3,3,999,999,0,0,0,0,0,0,0,0,0,1,0,0,0,0,3,2,40,3,1,8,2,0,0,14,9,1,1,1,98,1,1
48,480633,1,1,2,30,3,15,35,1,0,1,0,48,1,72,706,72706,80,2007,1HD1KB4157Y6,1,H,D,1,K,B,4,1,5,7,Y,6,0,M,HD,FHX,RS,7,17,,,,,,,1584,,2,,4,733,,,,,,,0,0,000000000,00000000000,0,0,0,1,0,0,0,0,0,0,0,998,0,0,0,0,8,3,1,0,0,0,1,48,77590,6,1,0,0,3,3,999,999,0,0,0,0,0,0,0,0,0,1,0,0,0,0,1,2,55,1,3,8,1,0,0,1,52,8,2,2,98,1,1
48,480634,1,1,2,30,3,15,15,35,0,1,0,48,1,72,706,72706,80,1992,1HD1BJL46NY0,1,H,D,1,B,J,L,4,6,N,Y,0,0,M,HD,STC,RS,92,17,,,,,,,1340,,2,,4,710,,,,,,,0,0,000000000,00000000000,0,0,0,1,0,0,0,0,0,0,0,998,0,0,0,12,8,3,35,0,0,0,1,48,75954,6,1,0,0,3,0,999,999,0,0,0,0,0,0,0,0,0,1,0,0,0,0,1,2,50,3,1,8,1,0,0,14,6,1,1,4,1,1,0
48,480635,1,2,1,17,3,12,0,12,6,1,0,48,1,12,422,12422,15,1999,1FMPU18L7XLC,1,F,M,P,U,1,8,L,7,X,L,C,0,P,FORD,EPT,UT,99,17,5177,,0,1191,,G,,F,8,330,,,17R265,,,,,,0,0,000000000,00000000000,0,0,0,1,0,0,0,0,0,0,0,998,0,0,0,12,6,2,12,0,0,0,1,48,79108,6,1,0,0,3,0,999,999,0,0,0,0,0,0,0,0,0,0,28,48,0,0,5,4,98,1,1,8,1,0,0,1,10,1,1,2,64,1,0
48,480635,2,2,2,17,3,12,0,12,6,1,0,48,3,87,881,87881,66,2005,1XP7DU9X55D8,1,X,P,7,D,U,9,X,5,5,D,8,1,T,PTRB,387,TR,5,17,,8,0,0,CON,D,,,6,763,,,,,00000,00,,64,1,57,527990,57527990,3,6,1,1,0,0,0,0,0,0,0,998,0,0,0,3,4,3,12,0,0,0,1,26,79108,1,1,6,0,2,0,70,180,1,4,0,2,2,5,2010,1,2012,0,0,0,0,0,5,4,98,1,1,8,1,0,0,1,62,6,1,2,65,0,0
48,480636,1,1,1,1,3,9,20,14,0,1,0,48,2,20,481,20481,31,2008,1GCEK14C28Z2,1,G,C,E,K,1,4,C,2,8,Z,2,0,T,CHEV,SK1,PK,8,17,,2,1330,1190,SIL,G,,,8,293,,,,B,4678,01,,44,0,0,000000000,00000000000,0,0,0,1,0,0,0,0,0,0,0,998,0,0,0,12,6,2,14,0,0,0,1,48,77351,1,1,0,0,2,0,999,999,1,3,0,1,0,10,2010,2,2012,0,91,0,0,0,2,4,60,1,1,8,1,0,0,1,13,1,1,4,1,0,0
48,480637,1,1,2,1,3,19,10,8,0,1,0,48,1,12,401,12401,14,2004,1FMRU15W74LA,1,F,M,R,U,1,5,W,7,4,L,A,0,P,FORD,EPT,UT,4,17,5218,,0,1191,,G,,F,8,281,,,17R265,,,,,,0,0,000000000,00000000000,0,0,0,1,0,0,0,0,0,0,0,998,0,0,0,12,2,3,8,0,0,0,1,48,78753,0,0,0,0,0,0,999,999,0,0,0,0,0,0,0,0,0,0,0,0,0,0,5,4,98,1,2,8,1,0,0,15,80,1,1,1,13,0,0
48,480638,1,2,1,25,3,14,19,12,6,1,0,48,2,20,471,20471,30,1995,1GCCS1943S81,1,G,C,C,S,1,9,4,3,S,8,1,0,T,CHEV,S14,PC,95,17,,1,0,1229,S,G,,,4,133,,,,B,3185,00,,42,0,0,000000000,00000000000,0,0,0,1,0,0,0,0,0,0,0,998,0,0,0,9,4,3,12,0,0,0,1,48,79756,6,1,0,0,3,3,999,999,0,0,0,0,0,0,0,0,0,0,38,0,0,0,1,2,98,8,8,8,1,20,3,11,15,1,1,1,82,0,0
48,480638,2,2,1,25,3,14,19,12,6,1,0,48,1,72,706,72706,80,2007,1HD4CP2107K4,1,H,D,4,C,P,2,1,0,7,K,4,0,M,HD,L8C,RS,7,17,,,,,,,883,,2,,4,565,,,,,,,0,0,000000000,00000000000,0,0,0,1,0,0,0,0,0,0,0,998,0,0,0,12,4,3,12,0,0,0,1,48,76021,6,1,7,0,3,2,999,999,0,0,0,0,0,0,0,0,0,0,74,0,0,0,5,4,50,1,1,8,1,0,0,1,67,1,1,1,83,1,0
48,480639,1,2,2,29,3,18,47,12,6,1,0,48,2,41,49,41049,4,2005,JM1FE17N2501,J,M,1,F,E,1,7,N,2,5,0,1,0,P,MAZD,RX8,C4,5,17,3053,,0,1064,,G,,F,R,080,,,16R225,,,,,,0,0,000000000,00000000000,0,0,0,1,0,0,0,0,0,0,0,998,0,0,0,3,6,2,12,0,0,0,1,48,79756,6,1,0,0,3,0,999,999,0,0,0,0,0,0,0,0,0,0,38,0,0,0,2,4,65,1,1,8,1,0,0,11,15,1,1,1,68,1,0
48,480639,2,2,1,29,3,18,47,12,6,1,0,48,1,12,481,12481,31,2010,1FTFW1EV1AFB,1,F,T,F,W,1,E,V,1,A,F,B,1,T,FORD,F1S,CW,10,17,,2,1570,1450,COF,F,,,8,329,,,,B,5345,00,7,44,1,0,000000000,00000000000,0,0,0,1,0,0,0,0,0,0,0,998,0,1,4,12,4,3,12,0,0,0,1,48,75948,6,1,0,0,3,3,999,999,0,0,0,0,0,0,0,0,0,0,0,0,0,0,2,4,65,1,1,8,1,0,0,1,62,1,1,1,69,0,0
48,480640,1,1,1,2,3,19,40,8,0,1,0,48,1,7,25,7025,5,2007,1B3HB48B37D5,1,B,3,H,B,4,8,B,3,7,D,5,0,P,DODG,CXT,4D,7,17,3038,,0,1037,,G,,F,4,122,,,17R215,,,,,,0,0,000000000,00000000000,0,0,0,1,0,0,0,0,0,0,0,998,0,0,0,12,2,1,8,0,0,0,1,48,75287,6,1,0,0,3,0,999,999,1,0,0,0,0,3,2011,3,2011,0,0,0,0,0,5,6,35,1,2,8,1,0,0,1,80,1,1,1,13,0,0
48,480641,1,2,2,18,2,6,26,12,6,1,0,31,2,82,881,82881,66,2005,1FUJAPAVX5DU,1,F,U,J,A,P,A,V,X,5,D,U,1,T,FRHT,FL3,TR,5,17,,8,0,0,CON,D,,,6,893,,,,,00000,00,,64,1,57,53467,5753467,3,6,1,1,0,0,0,0,0,0,0,998,0,0,0,12,4,3,12,0,0,0,1,12,32607,6,1,6,0,3,3,64,999,0,0,0,0,0,0,0,0,0,0,0,0,0,0,2,4,70,1,1,8,2,0,0,1,64,1,1,1,65,0,0
48,480641,2,2,1,18,2,6,26,12,6,1,0,35,1,6,54,6054,6,2006,2A4GM484X6R6,2,A,4,G,M,4,8,4,X,6,R,6,0,P,CHRY,PIF,UT,6,17,4251,,0,1160,,G,,F,6,214,,,17R235,,,,,,0,0,000000000,00000000000,0,0,0,1,0,0,0,0,0,0,0,998,0,0,0,10,6,2,12,0,0,0,1,35,87120,6,1,0,0,3,0,72,123,98,0,0,1,0,12,2010,12,2010,1,0,0,0,0,2,4,70,1,1,8,2,0,0,1,6,1,3,7,64,1,0
48,480642,1,1,3,2,3,22,56,1,0,1,0,48,1,12,3,12003,2,2011,1ZVBP8CF4B51,1,Z,V,B,P,8,C,F,4,B,5,1,0,P,FORD,MGT,CP,11,17,3533,,0,1071,,G,,F,8,305,,,18R235,,,,,,0,0,000000000,00000000000,0,0,0,1,0,0,0,0,0,0,0,998,0,2,5,0,6,2,42,0,0,0,1,48,78681,6,1,0,0,3,0,999,999,1,0,0,1,0,2,2011,6,2011,1,91,0,0,0,1,2,35,2,1,8,1,0,0,14,6,1,4,4,7,1,1
48,480643,1,1,1,21,3,1,30,1,0,1,0,48,2,20,481,20481,31,2000,1GCEK19T8YE3,1,G,C,E,K,1,9,T,8,Y,E,3,0,T,CHEV,SK1,3C,0,17,,2,1575,1435,SIL,G,,,8,325,,,,B,4621,02,,44,0,0,000000000,00000000000,0,0,0,1,0,0,0,0,0,0,0,998,0,9,5,0,4,3,1,0,0,0,1,48,78572,6,1,6,0,3,0,999,999,0,0,0,1,0,11,2011,11,2011,1,0,0,0,0,1,2,55,2,1,8,1,0,0,14,6,1,3,4,7,1,1
48,480644,1,2,19,23,3,9,4,12,6,1,0,48,2,7,442,7442,20,1998,2B4GP45G1WR5,2,B,4,G,P,4,5,G,1,W,R,5,0,P,DODG,CAR,SV,98,17,3574,,0,1133,,F,,F,6,201,,,15R215,,,,,,0,0,000000000,00000000000,0,0,0,1,0,0,0,0,0,0,0,998,0,0,0,3,6,2,12,0,0,0,1,99,99999,9,9,99,9,9,9,999,999,99,99,99,99,99,99,9999,99,9999,0,48,0,0,0,1,2,70,2,1,8,1,0,0,12,10,1,1,2,98,1,0
48,480644,2,2,1,23,3,9,4,12,6,1,0,48,2,87,881,87881,66,1989,1XP6L29X0KD6,1,X,P,6,L,2,9,X,0,K,D,6,1,T,PTRB,362,TB,89,17,,8,0,0,COE,D,,,6,855,,,,,00000,00,,64,1,57,1962818,571962818,3,6,4,1,0,0,0,0,0,0,0,998,0,0,0,12,4,3,12,0,0,0,1,48,78382,6,1,6,0,3,0,999,999,0,0,0,1,0,9,2011,9,2011,0,0,0,0,0,1,2,70,1,1,8,1,0,0,1,61,1,1,1,98,0,0
48,480645,1,1,1,26,3,17,41,1,0,1,0,48,1,53,706,53706,80,2006,JS1VS55A6621,J,S,1,V,S,5,5,A,6,6,2,1,0,M,SUZI,C50,RS,6,17,,,,,,,805,,2,,4,542,,,,,,,0,0,000000000,00000000000,0,0,0,1,0,0,0,0,0,0,0,998,0,0,0,0,8,3,1,0,0,0,1,48,76306,6,1,0,0,3,3,999,999,0,1,0,0,0,5,2011,5,2011,1,0,0,0,0,1,2,55,3,1,8,1,0,0,14,6,1,1,4,1,1,1
48,480646,1,2,1,28,3,18,42,12,2,1,0,48,1,20,431,20431,16,1999,1GNEC16R9XJ3,1,G,N,E,C,1,6,R,9,X,J,3,0,P,CHEV,C15,UT,99,17,4825,,0,1315,,G,,F,8,350,,,15R235,,,,,,0,0,000000000,00000000000,0,0,0,1,0,0,0,0,0,0,0,998,0,0,0,12,6,2,12,0,0,0,1,48,76305,6,1,6,0,3,3,999,999,0,0,0,0,0,0,0,0,0,0,0,0,0,0,0,0,0,0,0,0,0,0,0,11,15,10,1,1,82,1,0
48,480646,2,2,1,28,3,18,42,12,2,1,0,48,3,23,881,23881,62,1998,1GDJ7H1C8WJ5,1,G,D,J,7,H,1,C,8,W,J,5,0,T,GMC,7H4,CB,98,17,,6,2590,1450,CSR,D,,,6,439,,,,,00000,00,,42,0,88,888888888,88888888888,2,1,96,1,0,0,0,0,0,0,0,998,0,0,0,12,4,3,12,0,0,0,1,48,76305,6,1,0,0,2,0,999,999,0,0,0,0,0,0,0,0,0,0,0,0,0,0,1,2,60,1,1,8,1,0,0,1,72,6,1,2,83,0,0
48,480647,1,1,4,30,3,15,2,1,0,1,0,48,1,7,422,7422,15,2005,1D4HD48N65F5,1,D,4,H,D,4,8,N,6,5,F,5,0,P,DODG,DUR,UT,5,17,4479,,0,1192,,G,,F,8,287,,,17R265,,,,,,0,0,000000000,00000000000,0,0,0,1,0,0,0,0,0,0,0,998,0,2,1,0,6,2,1,0,0,0,1,48,77550,6,1,0,0,3,0,999,999,1,0,0,0,0,12,2009,12,2009,0,0,0,0,0,3,3,65,1,1,8,1,0,0,1,3,6,4,2,98,1,0
48,480648,1,2,1,2,3,16,22,12,6,1,0,48,1,35,52,35052,6,2010,JN8AZ2KR0AT1,J,N,8,A,Z,2,K,R,0,A,T,1,0,P,NISS,CUB,UT,10,17,2762,,0,996,,G,,F,4,110,,,15R195,,,,,,0,0,000000000,00000000000,0,0,0,1,0,0,0,0,0,0,0,998,0,0,0,5,4,3,12,0,0,0,1,48,78745,6,1,0,0,3,3,999,999,0,0,0,0,0,0,0,0,0,0,38,0,0,0,5,4,45,1,2,8,1,0,0,11,15,1,1,1,68,0,0
48,480648,2,2,1,2,3,16,22,12,6,1,0,48,1,53,705,53705,80,2007,JS1GR7KA7721,J,S,1,G,R,7,K,A,7,7,2,1,0,M,SUZI,SX7,RC,7,17,,,,,,,749,,4,,4,359,,,,,,,0,0,000000000,00000000000,0,0,0,1,0,0,0,0,0,0,0,998,0,0,0,12,8,3,12,0,0,0,1,48,78748,6,1,0,0,3,3,999,999,0,0,0,0,0,0,0,0,0,0,0,0,0,0,5,4,45,1,2,8,1,0,0,1,62,1,1,1,69,1,0
48,480649,1,1,2,14,3,11,8,8,0,1,0,48,1,54,34,54034,4,1994,JH4CC2660RC0,J,H,4,C,C,2,6,6,0,R,C,0,0,P,ACUR,VGS,4D,94,17,3107,,0,1104,,G,,F,5,150,,,15R205,,,,,,0,0,000000000,00000000000,0,0,0,1,0,0,0,0,0,0,0,998,0,0,0,12,2,3,8,0,0,0,1,48,77627,0,0,0,0,0,0,999,999,0,0,0,0,0,0,0,0,0,0,0,0,0,0,5,4,45,1,1,8,1,0,0,1,13,1,1,4,1,0,0
48,480650,1,1,1,15,3,20,20,8,0,1,0,48,1,35,32,35032,2,1995,1N4AB42D6SC5,1,N,4,A,B,4,2,D,6,S,C,5,0,P,NISS,2SE,CP,95,17,2381,,0,998,,G,,F,4,097,,,13R175,,,,,,0,0,000000000,00000000000,0,0,0,1,0,0,0,0,0,0,0,998,0,0,0,12,4,3,8,0,0,0,1,48,75076,6,1,0,0,3,0,999,999,0,0,0,0,0,0,0,0,0,0,0,0,0,0,1,2,60,1,1,8,1,0,0,1,80,1,1,1,13,0,0
48,480651,1,2,1,17,3,16,13,12,6,1,0,48,1,49,482,49482,31,2012,5TFRY5F17CX1,5,T,F,R,Y,5,F,1,7,C,X,1,0,T,TOYT,DBS,CW,12,17,,2,0,1457,TUN,G,,,8,348,,,,B,5155,00,7,42,0,0,000000000,00000000000,0,0,0,1,0,0,0,0,0,0,0,998,0,0,0,10,2,3,12,0,0,0,1,48,77640,6,1,0,0,3,3,999,999,0,0,0,0,0,0,0,0,0,0,38,91,0,0,0,0,0,0,0,0,0,0,0,11,98,1,1,1,82,0,1
48,480651,2,2,1,17,3,16,13,12,6,1,0,48,2,53,705,53705,80,2004,JS1GN7CA1421,J,S,1,G,N,7,C,A,1,4,2,1,0,M,SUZI,GSK,RC,4,17,,,,,,,599,,4,,4,354,,,,,,,0,0,000000000,00000000000,0,0,0,1,0,0,0,0,0,0,0,998,0,0,0,12,4,3,12,0,0,0,1,48,77642,6,1,0,0,2,0,999,999,0,0,0,0,0,0,0,0,0,0,0,0,0,0,5,4,45,1,1,2,1,0,0,1,72,1,1,1,83,1,0
48,480652,1,2,3,17,3,23,45,12,6,1,0,48,1,13,1,13001,4,2002,1LNHM81W92Y6,1,L,N,H,M,8,1,W,9,2,Y,6,0,P,LINC,EXC,4D,2,17,4047,,0,1177,,G,,F,8,281,,,16R225,,,,,,0,0,000000000,00000000000,0,0,0,1,0,0,0,0,0,0,0,998,0,0,0,63,4,3,12,0,0,0,1,48,75234,0,0,0,0,0,0,66,190,0,0,0,0,1,12,2011,12,2011,1,37,0,0,0,1,2,55,2,1,8,1,0,0,14,6,1,3,4,66,1,1
48,480652,2,2,4,17,3,23,45,12,6,1,0,48,2,37,31,37031,4,2011,19XFA1F50BE0,1,9,X,F,A,1,F,5,0,B,E,0,0,P,HOND,UCL,4D,11,17,2754,,0,1063,,G,,F,4,110,,,16R205,,,,,,0,0,000000000,00000000000,0,0,0,1,0,0,0,0,0,0,0,998,0,0,0,11,4,3,12,0,0,0,1,48,75007,6,1,0,0,3,0,999,999,0,0,0,0,0,0,0,0,0,0,0,0,0,0,1,2,55,3,1,8,1,0,0,14,62,7,1,4,66,0,0
48,480653,1,1,5,18,3,15,30,1,0,1,0,48,2,12,401,12401,14,2001,1FMZU62E61UB,1,F,M,Z,U,6,2,E,6,1,U,B,0,P,FORD,EPR,UT,1,17,3845,,0,1116,,G,,F,6,245,,,15R235,,,,,,0,0,000000000,00000000000,0,0,0,1,0,0,0,0,0,0,0,998,0,1,3,0,6,2,1,0,0,0,1,48,78251,6,1,0,0,3,3,999,999,1,0,0,0,0,3,2009,3,2009,0,0,0,0,0,3,2,80,1,3,8,1,0,0,1,1,1,4,4,7,2,0
48,480654,1,2,1,20,3,3,9,12,2,1,0,48,2,20,37,20037,4,2006,1G1ZT51826F1,1,G,1,Z,T,5,1,8,2,6,F,1,0,P,CHEV,MLT,4D,6,17,3316,,0,1063,,G,,F,6,214,,,16R215,,,,,,0,0,000000000,00000000000,0,0,0,1,0,0,0,0,0,0,0,998,0,0,0,12,6,2,12,0,0,0,1,48,77006,6,1,0,0,3,0,68,215,0,0,0,1,4,6,2009,12,2011,0,50,0,0,0,3,2,65,1,1,8,1,0,0,1,54,1,1,1,52,1,1
48,480654,2,2,1,20,3,3,9,12,2,1,0,48,1,48,399,48399,6,2003,4S3BH6756376,4,S,3,B,H,6,7,5,6,3,7,6,0,P,SUBA,UWP,SW,3,17,3430,,0,1043,,G,,F,4,153,,,16R225,,,,,,0,0,000000000,00000000000,0,0,0,1,0,0,0,0,0,0,0,998,0,0,0,12,6,2,12,0,0,0,1,48,77066,6,1,0,0,3,0,999,999,0,0,0,0,0,0,0,0,0,1,0,0,0,0,3,2,65,1,1,8,1,0,0,1,54,1,1,1,52,0,1
48,480655,1,2,1,23,3,7,1,12,6,1,0,48,2,20,16,20016,4,2003,1G1JC52F4372,1,G,1,J,C,5,2,F,4,3,7,2,0,P,CHEV,CAV,4D,3,17,2971,,0,1041,,G,,F,4,134,,,14R195,,,,,,0,0,000000000,00000000000,0,0,0,1,0,0,0,0,0,0,0,998,0,0,0,10,4,3,12,32,0,0,1,48,75574,6,1,0,0,3,0,999,999,0,0,0,0,0,0,0,0,0,0,38,0,0,0,1,2,99,1,1,8,1,20,3,11,15,1,1,1,82,1,0
48,480655,2,2,2,23,3,7,1,12,6,1,0,48,1,20,421,20421,15,2004,1GNEC13Z94R2,1,G,N,E,C,1,3,Z,9,4,R,2,0,P,CHEV,CTA,UT,4,17,4828,,0,1160,,F,,F,8,325,,,16R265,,,,,,0,0,000000000,00000000000,0,0,0,1,0,0,0,0,0,0,0,998,0,0,0,12,2,3,12,0,0,0,1,48,75570,6,1,0,0,3,0,999,999,0,0,0,0,0,0,0,0,0,0,0,0,0,0,1,2,60,1,1,8,1,0,0,1,67,6,1,1,83,0,0
48,480656,1,2,1,23,3,22,35,12,1,1,0,48,1,72,706,72706,80,1993,1HD1BML19PY0,1,H,D,1,B,M,L,1,9,P,Y,0,0,M,HD,FLF,RS,93,17,,,,,,,1340,,2,,4,650,,,,,,,0,0,000000000,00000000000,0,0,0,1,0,0,0,0,0,0,0,998,0,0,0,12,9,2,12,0,0,0,1,48,75104,6,1,0,0,2,0,999,999,2,0,0,0,1,6,2009,12,2010,0,91,0,0,0,3,4,99,1,1,8,1,0,0,1,50,1,1,1,98,1,0