STATE,ST_CASE,VEH_NO,VE_FORMS,NUMOCCS,DAY,MONTH,HOUR,MINUTE,HARM_EV,MAN_COLL,UNITTYPE,HIT_RUN,REG_STAT,OWNER,MAKE,MODEL,MAK_MOD,BODY_TYP,MOD_YEAR,VIN,VIN_1,VIN_2,VIN_3,VIN_4,VIN_5,VIN_6,VIN_7,VIN_8,VIN_9,VIN_10,VIN_11,VIN_12,TOW_VEH,VINTYPE,VINMAKE,VINA_MOD,VIN_BT,VINMODYR,VIN_LNGT,VIN_WGT,WGTCD_TR,WHLBS_LG,WHLBS_SH,SER_TR,FUELCODE,MCYCL_DS,CARBUR,CYLINDER,DISPLACE,MCYCL_CY,MCYCL_WT,TIRE_SZE,TON_RAT,TRK_WT,TRKWTVAR,VIN_REST,WHLDRWHL,J_KNIFE,MCARR_I1,MCARR_I2,MCARR_ID,GVWR,V_CONFIG,CARGO_BT,HAZ_INV,HAZ_PLAC,HAZ_ID,HAZ_CNO,HAZ_REL,BUS_USE,SPEC_USE,EMER_USE,TRAV_SP,UNDERIDE,ROLLOVER,ROLINLOC,IMPACT1,DEFORMED,TOWED,M_HARM,VEH_SC1,VEH_SC2,FIRE_EXP,DR_PRES,L_STATE,DR_ZIP,L_STATUS,L_TYPE,CDL_STAT,L_ENDORS,L_COMPL,L_RESTRI,DR_HGT,DR_WGT,PREV_ACC,PREV_SUS,PREV_DWI,PREV_SPD,PREV_OTH,FIRST_MO,FIRST_YR,LAST_MO,LAST_YR,SPEEDREL,DR_SF1,DR_SF2,DR_SF3,DR_SF4,VTRAFWAY,VNUM_LAN,VSPD_LIM,VALIGN,VPROFILE,VPAVETYP,VSURCOND,VTRAFCON,VTCONT_F,P_CRASH1,P_CRASH2,P_CRASH3,PCRASH4,PCRASH5,ACC_TYPE,DEATHS,DR_DRINK
48,480656,2,2,0,23,3,22,35,12,1,1,0,48,6,23,481,23481,31,1995,1GTEC14ZXSZ5,1,G,T,E,C,1,4,Z,X,S,Z,5,0,T,GMC,SC1,PK,95,17,,2,1315,1175,SIE,G,,,6,262,,,,B,4068,00,M,42,0,0,000000000,00000000000,0,0,0,1,0,0,0,0,0,0,0,0,0,0,0,6,6,2,12,0,0,0,0,0,99997,7,6,97,7,6,7,998,997,998,998,998,998,998,98,9998,98,9998,8,54,0,0,0,3,4,99,1,1,8,1,0,0,0,53,0,0,0,98,0,0
48,480657,1,1,1,25,3,3,50,42,0,1,0,48,1,13,5,13005,4,2002,1LNHM97V32Y6,1,L,N,H,M,9,7,V,3,2,Y,6,0,P,LINC,CON,4D,2,17,3895,,0,1090,,G,,F,8,281,,,16R225,,,,,,0,0,000000000,00000000000,0,0,0,1,0,0,0,0,0,0,0,998,0,0,0,12,4,3,42,0,0,0,1,48,77656,6,1,0,0,3,3,999,999,0,0,0,0,0,0,0,0,0,0,0,0,0,0,1,2,35,1,1,8,1,0,0,1,12,1,1,4,6,1,1
48,480658,1,1,1,25,3,23,10,1,0,1,0,48,1,76,706,76706,80,2007,JYAVP11EX7A0,J,Y,A,V,P,1,1,E,X,7,A,0,0,M,YAMA,XVS,RS,7,17,,,,,,,1063,,2,,4,571,,,,,,,0,0,000000000,00000000000,0,0,0,1,0,0,0,0,0,0,0,998,0,0,0,0,9,2,1,0,0,0,1,48,78626,6,1,6,0,3,0,999,999,0,0,0,0,0,0,0,0,0,1,0,0,0,0,1,2,60,2,1,8,1,0,0,14,12,1,1,4,6,1,1
48,480659,1,2,1,26,3,18,4,12,6,1,0,1,1,20,482,20482,31,2003,3GNEK13T43G1,3,G,N,E,K,1,3,T,4,3,G,1,0,T,CHEV,KAV,CW,3,17,,2,0,1300,AVL,G,,,8,325,,,,B,5652,00,,44,0,0,000000000,00000000000,0,0,0,1,0,0,0,0,0,0,0,998,0,0,0,2,2,3,12,0,0,0,1,1,35586,1,1,0,0,2,0,70,180,0,1,0,1,0,10,2010,2,2012,0,38,0,0,0,1,2,65,1,1,8,1,0,0,11,15,1,1,1,68,0,0
48,480659,2,2,1,26,3,18,4,12,6,1,0,48,1,53,706,53706,80,2006,JS1VY52A3621,J,S,1,V,Y,5,2,A,3,6,2,1,0,M,SUZI,C90,RS,6,17,,,,,,,1462,,2,,4,665,,,,,,,0,0,000000000,00000000000,0,0,0,1,0,0,0,0,0,0,0,998,0,0,0,12,9,2,12,0,0,0,1,48,77422,6,1,0,0,3,3,72,355,0,0,0,0,0,0,0,0,0,0,0,0,0,0,1,2,65,1,1,8,1,0,0,1,62,1,1,1,69,1,0
48,480660,1,3,1,27,3,21,8,12,1,1,0,48,2,35,39,35039,4,2000,JN1CA31A0YT2,J,N,1,C,A,3,1,A,0,Y,T,2,0,P,NISS,MGS,4D,0,17,3071,,0,1083,,G,,F,6,182,,,15R205,,,,,,0,0,000000000,00000000000,0,0,0,1,0,0,0,0,0,0,0,998,0,0,0,12,4,3,12,0,0,1,1,48,78501,0,0,0,0,0,0,999,999,0,0,0,0,0,0,0,0,0,1,0,0,0,0,3,2,99,1,1,8,1,0,0,1,51,6,1,1,24,1,1
48,480660,2,3,1,27,3,21,8,12,1,1,0,48,1,49,40,49040,4,2000,JT2BG22K6Y04,J,T,2,B,G,2,2,K,6,Y,0,4,0,P,TOYT,CXL,4D,0,17,3120,,0,1051,,G,,F,4,132,,,14R195,,,,,,0,0,000000000,00000000000,0,0,0,1,0,0,0,0,0,0,0,998,0,0,0,6,2,1,12,0,0,0,1,48,78363,6,1,0,0,3,0,999,999,0,0,0,0,0,0,0,0,0,0,0,0,0,0,3,2,99,1,1,8,1,0,0,1,53,1,1,1,25,0,0
48,480660,3,3,1,27,3,21,8,12,1,1,0,48,1,20,481,20481,31,1995,2GCEK19K4S13,2,G,C,E,K,1,9,K,4,S,1,3,0,T,CHEV,GK1,PC,95,17,,2,1555,1415,GM4,G,,,8,350,,,,B,4514,00,,44,0,0,000000000,00000000000,0,0,0,1,0,0,0,0,0,0,0,998,0,0,0,12,4,3,12,0,0,0,1,48,78580,6,1,0,0,3,0,999,999,1,0,0,0,0,4,2010,4,2010,0,0,0,0,0,3,2,99,1,1,8,1,0,0,1,64,7,1,1,98,0,0
48,480661,1,2,2,28,3,0,5,12,6,1,0,48,1,34,34,34034,2,1988,WBAAB5400J98,W,B,A,A,B,5,4,0,0,J,9,8,0,P,BMW,32V,2D,88,17,2642,,0,1012,,G,,F,6,164,,,14R195,,,,,,0,0,000000000,00000000000,0,0,0,1,0,0,0,0,0,0,0,998,0,0,0,12,6,2,12,0,0,0,1,48,78719,0,0,0,0,0,0,999,999,0,0,0,0,0,0,0,0,0,0,38,39,91,0,1,2,98,8,8,8,1,4,3,1,17,1,1,1,88,0,0
48,480661,2,2,1,28,3,0,5,12,6,1,0,48,3,87,881,87881,66,2007,1XP5DU9X57D7,1,X,P,5,D,U,9,X,5,7,D,7,1,T,PTRB,379,TR,7,17,,8,0,0,CON,D,,,6,763,,,,,00000,00,,64,1,57,731603,57731603,3,6,2,2,2,1203,3,2,0,0,0,998,0,1,1,10,6,2,12,0,0,1,1,48,78233,6,1,6,1,3,0,999,999,0,0,0,0,0,0,0,0,0,0,0,0,0,0,4,2,98,1,1,8,1,4,3,1,66,1,1,1,89,1,0
48,480662,1,1,1,29,3,23,20,59,0,1,0,48,0,20,16,20016,2,1992,1G1JC1445N71,1,G,1,J,C,1,4,4,5,N,7,1,0,P,CHEV,CRV,CP,92,17,2509,,0,1013,,G,,F,4,133,,,14R185,,,,,,0,0,000000000,00000000000,0,0,0,1,0,0,0,0,0,0,0,998,0,1,5,3,4,3,59,0,0,0,1,48,75446,6,1,0,0,3,3,999,999,0,0,0,0,0,0,0,0,0,1,24,0,0,0,1,2,55,3,1,8,1,0,0,14,6,99,4,4,2,1,1
48,480663,1,2,1,29,3,12,42,12,6,1,0,48,3,86,881,86881,66,1997,1M1AA13Y9VW0,1,M,1,A,A,1,3,Y,9,V,W,0,1,T,MACK,CH6,TR,97,17,,8,0,0,600,D,,,6,728,,,,,00000,00,,64,1,57,79127,5779127,3,6,3,1,0,0,0,0,0,0,0,998,0,0,0,12,6,2,12,0,0,0,1,48,77808,6,1,6,0,3,3,999,999,0,0,0,0,1,7,2011,7,2011,0,0,0,0,0,1,4,70,3,2,8,2,0,0,14,62,1,1,1,65,0,0
48,480663,2,2,4,29,3,12,42,12,6,1,0,48,1,49,482,49482,31,2006,5TBET34146S5,5,T,B,E,T,3,4,1,4,6,S,5,0,T,TOYT,DBS,CW,6,17,,2,0,1283,TUN,G,,,8,285,,,,B,4765,00,U,42,0,0,000000000,00000000000,0,0,0,1,0,0,0,0,0,0,0,998,0,0,0,3,6,2,12,0,0,0,1,48,77808,6,1,0,0,3,0,999,999,1,0,0,0,1,5,2009,5,2009,1,87,0,0,0,1,4,70,2,2,8,2,0,0,14,6,99,3,2,64,3,0
48,480664,1,1,1,30,3,13,0,33,0,1,0,48,2,98,709,98709,82,2012,2BXJALA13CV0,2,B,X,J,A,L,A,1,3,C,V,0,0,U,,,,12,17,,,,,,,,,,,,,,,,,,,0,0,000000000,00000000000,0,0,0,1,0,0,0,0,0,0,0,998,0,0,0,12,8,2,33,0,0,0,1,48,77040,6,1,0,0,2,0,999,999,0,0,0,2,0,7,2009,8,2010,1,27,0,0,0,4,2,50,1,1,8,1,0,0,15,8,1,1,4,1,1,0
48,480665,1,4,2,1,4,13,48,12,1,1,0,48,2,7,403,7403,14,2007,1D8GT28K37W5,1,D,8,G,T,2,8,K,3,7,W,5,0,P,DODG,NIT,UT,7,17,3931,,0,1088,,G,,F,6,225,,,16R225,,,,,,0,0,000000000,00000000000,0,0,0,1,0,0,0,0,0,0,0,0,0,0,0,6,2,1,12,0,0,0,1,48,76639,6,1,0,0,3,0,999,999,0,0,0,0,0,0,0,0,0,0,54,0,0,0,3,2,70,1,2,8,1,0,0,5,53,1,1,1,21,0,0
48,480665,2,4,3,1,4,13,48,12,1,1,0,40,1,20,421,20421,15,2008,1GNFC13J18R1,1,G,N,F,C,1,3,J,1,8,R,1,0,P,CHEV,CTA,UT,8,17,5265,,0,1160,,G,,F,8,323,,,17R265,,,,,,0,0,000000000,00000000000,0,0,0,1,0,0,0,0,0,0,0,998,0,0,0,12,4,3,12,0,0,0,1,40,73010,6,1,0,0,3,0,69,140,0,0,0,0,0,0,0,0,0,1,0,0,0,0,3,2,70,1,2,8,1,0,0,1,50,1,1,1,20,0,0
48,480665,3,4,2,1,4,13,48,12,1,1,0,48,1,37,706,37706,80,2005,JH2SC57075M1,J,H,2,S,C,5,7,0,7,5,M,1,0,M,HOND,CBS,RC,5,17,,,,,,,998,,4,,4,396,,,,,,,0,0,000000000,00000000000,0,0,0,1,0,0,0,0,0,0,0,998,0,0,0,81,8,2,12,0,0,0,1,48,76632,4,1,0,0,2,0,999,999,0,0,0,0,0,0,0,0,0,1,0,0,0,0,3,2,70,1,2,8,1,0,0,1,52,99,1,1,98,1,0
48,480665,4,4,1,1,4,13,48,12,1,1,0,48,1,37,705,37705,80,2011,JH2PC4047BK4,J,H,2,P,C,4,0,4,7,B,K,4,0,M,HOND,B60,RC,11,17,,,,,,,599,,4,,4,410,,,,,,,0,0,000000000,00000000000,0,0,0,1,0,0,0,0,0,0,0,998,0,0,0,61,8,3,12,0,0,0,1,48,78332,6,1,0,0,2,0,999,999,0,0,0,0,0,0,0,0,0,0,0,0,0,0,3,2,70,1,2,8,1,0,0,1,53,1,1,1,98,0,0
48,480666,1,1,2,1,4,2,48,38,0,1,0,48,1,52,46,52046,4,2006,JA3AJ26E36U0,J,A,3,A,J,2,6,E,3,6,U,0,0,P,MITS,LES,4D,6,17,2745,,0,1024,,G,,F,4,122,,,15R195,,,,,,0,0,000000000,00000000000,0,0,0,1,0,0,0,0,0,0,0,998,0,1,5,6,6,2,38,0,0,0,1,48,78238,6,1,0,0,3,0,999,999,0,0,0,0,0,0,0,0,0,1,0,0,0,0,1,2,98,1,1,8,1,0,0,1,12,99,9,4,6,1,1
48,480667,1,1,1,1,4,1,55,21,0,1,0,48,1,30,51,30051,1,2012,WVWFW7AH2CV0,W,V,W,F,W,7,A,H,2,C,V,0,0,P,VOLK,LEX,CV,12,17,3508,,0,0,,G,,T,4,121,,,000000,,,,,,0,0,000000000,00000000000,0,0,0,1,0,0,0,0,0,0,0,998,0,0,0,12,4,3,21,0,0,0,1,48,75048,6,1,0,0,3,0,999,999,0,0,0,0,0,0,0,0,0,0,0,0,0,0,4,3,55,3,1,8,1,0,0,14,13,1,1,4,1,1,1
48,480668,1,1,2,1,4,7,35,32,0,1,0,48,2,30,46,30046,6,2000,WVWND23B4YE1,W,V,W,N,D,2,3,B,4,Y,E,1,0,P,VOLK,PGS,SW,0,17,3158,,0,1066,,G,,F,6,169,,,15R195,,,,,,0,0,000000000,00000000000,0,0,0,1,0,0,0,0,0,0,0,998,0,1,5,81,6,2,1,0,0,1,1,48,76549,0,0,0,0,0,0,999,999,0,0,0,0,0,0,0,0,0,1,24,0,0,0,1,2,70,1,2,8,1,0,0,1,13,99,4,4,2,2,1
48,480670,1,1,1,1,4,2,45,8,0,1,1,99,9,99,999,99999,99,9999,999999999999,9,9,9,9,9,9,9,9,9,9,9,9,0,,,,,,,,,,,,,,,,,,,,,,,,,0,0,000000000,00000000000,0,0,0,1,0,0,0,0,0,0,0,998,0,0,0,12,9,1,8,0,0,0,1,99,99999,9,9,99,0,9,9,999,999,99,99,99,99,99,99,9999,99,9999,0,0,0,0,0,1,2,45,1,1,2,1,0,0,1,81,99,9,9,13,0,0
48,480671,1,1,2,1,4,2,54,1,0,1,0,48,1,12,401,12401,14,2002,1FMCU60E32UC,1,F,M,C,U,6,0,E,3,2,U,C,0,P,FORD,EPR,UT,2,17,3860,,0,1018,,G,,F,6,245,,,16R235,,,,,,0,0,000000000,00000000000,0,0,0,1,0,0,0,0,0,0,0,998,0,2,1,0,4,3,1,0,0,0,1,48,78832,6,1,0,0,3,0,999,999,0,0,0,0,0,0,0,0,0,0,58,83,0,0,2,4,65,1,1,8,1,0,0,1,87,7,9,6,98,1,0
48,480672,1,2,1,1,4,1,18,12,1,1,0,48,1,98,709,98709,80,2008,DNA180700992,D,N,A,1,8,0,7,0,0,9,9,2,0,U,,,,8,12,,,,,,,,,,,,,,,,,,,0,0,000000000,00000000000,0,0,0,1,0,0,0,0,0,0,0,998,0,0,0,6,4,3,12,0,0,0,1,48,75707,6,1,0,0,3,0,999,999,1,2,0,0,1,5,2009,10,2009,0,0,0,0,0,1,2,70,1,1,8,1,0,0,2,53,1,1,1,30,1,1
48,480672,2,2,1,1,4,1,18,12,1,1,1,99,9,99,999,99999,99,9999,999999999999,9,9,9,9,9,9,9,9,9,9,9,9,0,,,,,,,,,,,,,,,,,,,,,,,,,0,0,000000000,00000000000,0,0,0,1,0,0,0,0,0,0,0,998,0,0,0,12,9,1,12,0,0,0,1,99,99999,9,9,99,9,9,9,999,999,99,99,99,99,99,99,9999,99,9999,1,0,0,0,0,1,2,70,1,1,8,1,0,0,1,52,1,1,1,28,0,0
48,480673,1,1,2,1,4,14,41,1,0,1,0,48,1,23,401,23401,14,1992,1GKDT13W4N25,1,G,K,D,T,1,3,W,4,N,2,5,0,T,GMC,SJI,4W,92,17,,1,0,1070,S15,G,,,6,262,,,,B,3725,01,A,44,0,0,000000000,00000000000,0,0,0,1,0,0,0,0,0,0,0,998,0,2,5,0,4,3,1,0,0,0,1,48,76903,6,1,0,0,3,0,999,999,0,0,0,0,0,0,0,0,0,0,58,0,0,0,1,2,70,1,1,8,1,0,0,1,1,6,4,4,2,1,0
48,480674,1,1,1,1,4,20,33,8,0,1,0,48,1,23,481,23481,31,2012,3GTP1VE00CG1,3,G,T,P,1,V,E,0,0,C,G,1,0,T,GMC,1NC,CW,12,17,,2,0,1435,SIE,F,,,8,323,,,,B,5095,00,S,42,0,0,000000000,00000000000,0,0,0,1,0,0,0,0,0,0,0,998,0,0,0,12,2,1,8,0,0,0,1,48,78701,6,1,6,0,3,3,999,999,0,0,0,1,1,7,2009,10,2009,0,0,0,0,0,1,4,35,1,1,8,1,0,0,1,80,1,1,1,13,0,0
48,480675,1,1,1,1,4,21,15,8,0,1,0,48,2,2,404,2404,14,2000,1J4GW48S2YC2,1,J,4,G,W,4,8,S,2,Y,C,2,0,T,JEEP,LRO,4W,0,17,,1,0,1059,GCK,G,,,6,244,,,,,3847,01,E,44,0,0,000000000,00000000000,0,0,0,1,0,0,0,0,0,0,0,998,0,0,0,12,6,2,8,0,0,0,1,48,78737,6,1,0,0,3,0,999,999,0,0,0,1,0,2,2012,2,2012,0,0,0,0,0,5,4,35,2,1,8,1,0,0,11,80,1,1,1,13,0,0
48,480676,1,2,2,2,4,15,20,12,6,1,0,48,3,86,882,86882,63,2009,1M2AV02C79M0,1,M,2,A,V,0,2,C,7,9,M,0,0,T,MACK,MRU,TB,9,17,,8,0,0,600,D,,,6,659,,,,,00000,00,,64,0,57,1939073,571939073,3,2,7,1,0,0,0,0,0,0,0,998,0,0,0,12,4,3,12,0,0,0,1,48,78251,6,1,7,0,3,0,999,999,0,0,0,0,0,0,0,0,0,0,39,0,0,0,2,4,60,1,1,8,1,3,3,11,15,1,1,1,68,0,0
48,480676,2,2,2,2,4,15,20,12,6,1,0,48,2,20,20,20020,4,1999,2G1WL52M3X91,2,G,1,W,L,5,2,M,3,X,9,1,0,P,CHEV,L/S,4D,99,17,3330,,0,1075,,G,,F,6,191,,,15R205,,,,,,0,0,000000000,00000000000,0,0,0,1,0,0,0,0,0,0,0,998,0,0,0,11,6,2,12,0,0,0,1,48,78073,6,1,0,0,3,3,999,999,0,0,0,1,0,2,2012,2,2012,0,0,0,0,0,2,4,60,1,1,8,1,0,0,1,62,1,1,1,69,1,0
48,480677,1,1,1,2,4,20,53,1,0,1,0,48,1,99,709,99709,80,2009,LCETDNP56960,L,C,E,T,D,N,P,5,6,9,6,0,0,U,,,,9,17,,,,,,,,,,,,,,,,,,,0,0,000000000,00000000000,0,0,0,1,0,0,0,0,0,0,0,998,0,0,0,0,8,3,1,0,0,0,1,48,78245,6,1,0,0,3,3,999,999,0,0,0,0,0,0,0,0,0,1,0,0,0,0,2,4,40,1,1,8,1,3,3,1,9,1,1,1,98,1,0
48,480678,1,4,1,2,4,7,50,12,1,1,0,48,1,20,481,20481,31,1999,1GCEK19T4XE1,1,G,C,E,K,1,9,T,4,X,E,1,0,T,CHEV,SK1,3C,99,17,,2,1575,1435,SIL,G,,,8,325,,,,B,4621,00,,44,0,0,000000000,00000000000,0,0,0,1,0,0,0,0,0,0,0,0,0,0,0,6,6,2,2,0,0,1,1,48,75647,0,0,0,0,0,0,999,999,0,0,0,0,0,0,0,0,0,0,54,0,0,0,3,2,70,1,1,8,1,0,0,7,53,1,1,1,98,0,0
48,480678,2,4,1,2,4,7,50,12,1,1,0,48,1,18,2,18002,4,2003,1G4HP52K03U1,1,G,4,H,P,5,2,K,0,3,U,1,0,P,BUIC,LCF,4D,3,17,3567,,0,1122,,G,,F,6,231,,,15R215,,,,,,0,0,000000000,00000000000,0,0,0,1,0,0,0,0,0,0,0,0,0,0,0,6,6,2,12,0,0,0,1,48,75701,6,1,0,0,3,0,999,999,0,0,0,0,0,0,0,0,0,0,54,0,0,0,3,2,70,1,1,8,1,0,0,7,53,1,1,1,21,1,0
48,480678,3,4,1,2,4,7,50,12,1,1,0,48,2,20,482,20482,31,2005,3GNEC12Z65G2,3,G,N,E,C,1,2,Z,6,5,G,2,0,T,CHEV,CAV,CW,5,17,,2,0,1300,AVL,F,,,8,323,,,,B,5437,00,,42,0,0,000000000,00000000000,0,0,0,1,0,0,0,0,0,0,0,998,0,0,0,12,6,2,12,0,0,0,1,48,75704,6,1,0,0,3,0,999,999,0,0,0,1,0,1,2012,1,2012,1,26,0,0,0,3,2,70,1,1,8,1,0,0,1,50,1,1,1,20,1,0
48,480678,5,4,2,2,4,7,50,12,1,1,0,6,3,82,881,82881,66,1999,1FUYSDYB4XPA,1,F,U,Y,S,D,Y,B,4,X,P,A,1,T,FRHT,FC2,TR,99,17,,8,0,0,CON,D,,,6,855,,,,,00000,00,,64,1,57,1721463,571721463,3,6,1,1,0,0,0,0,0,0,0,998,0,0,0,12,4,3,12,0,0,0,1,4,85034,6,1,6,1,3,0,66,175,0,2,0,0,0,3,2010,3,2010,0,26,0,0,0,3,2,70,1,1,8,1,0,0,1,51,1,1,1,98,0,0
48,480679,1,1,2,2,4,18,0,43,0,1,0,48,2,20,431,20431,16,2000,3GNEC16T7YG1,3,G,N,E,C,1,6,T,7,Y,G,1,0,P,CHEV,C15,UT,0,17,4914,,0,1300,,G,,F,8,325,,,16R245,,,,,,0,0,000000000,00000000000,0,0,0,1,0,0,0,0,0,0,0,998,0,0,0,12,6,2,42,0,0,0,1,48,77339,6,1,0,0,3,0,999,999,2,0,0,0,0,10,2009,9,2010,1,0,0,0,0,1,2,45,2,2,8,1,0,0,14,6,99,2,4,7,1,1
48,480680,1,2,1,2,4,15,42,12,6,1,0,48,3,82,881,82881,66,2007,1FUJA6CK17LX,1,F,U,J,A,6,C,K,1,7,L,X,1,T,FRHT,COL,TR,7,17,,8,0,0,CON,D,,,6,855,,,,,00000,00,,64,1,57,406112,57406112,3,6,3,1,0,0,0,0,0,0,0,998,0,0,0,5,2,1,12,0,0,0,1,48,75216,6,1,6,0,3,0,999,999,0,0,0,2,0,7,2010,12,2010,0,38,0,0,0,5,4,45,1,1,8,1,0,0,11,15,1,1,1,68,0,0
48,480680,2,2,1,2,4,15,42,12,6,1,0,48,1,37,706,37706,80,1984,1HFSC1707EA0,1,H,F,S,C,1,7,0,7,E,A,0,0,M,HOND,V1S,RS,84,17,,,,,,,1100,,4,,4,540,,,,,,,0,0,000000000,00000000000,0,0,0,1,0,0,0,0,0,0,0,63,0,0,0,12,2,1,12,0,0,0,1,48,76110,6,1,0,0,3,0,999,999,0,0,0,0,0,0,0,0,0,1,0,0,0,0,5,4,45,1,1,8,1,0,0,1,62,1,1,1,69,1,0
48,480681,1,1,1,2,4,9,59,38,0,1,0,48,1,12,481,12481,31,1982,1FTDF14EXCNA,1,F,T,D,F,1,4,E,X,C,N,A,0,T,FORD,F15,PK,82,17,,1,1330,1168,COF,G,,,6,300,,,,B,3678,01,,44,0,0,000000000,00000000000,0,0,0,1,0,0,0,0,0,0,0,998,0,1,5,99,6,2,38,0,0,0,1,48,75686,6,1,0,0,3,0,999,999,1,5,0,0,2,2,2010,2,2011,0,0,0,0,0,2,2,70,1,1,8,1,0,0,1,13,1,1,4,1,1,0
48,480682,1,1,1,2,4,3,15,32,0,1,0,48,3,20,880,20880,67,2011,1GC4K0C83BF1,1,G,C,4,K,0,C,8,3,B,F,1,0,T,CHEV,3K2,CW,11,17,,3,1677,1537,SIL,D,,,8,403,,,,D,6573,02,,44,0,99,999999999,99999999999,2,1,97,1,0,0,0,0,0,0,0,998,0,0,0,12,6,2,32,0,0,0,1,48,76252,6,1,6,0,3,0,999,999,0,0,0,0,0,0,0,0,0,0,0,0,0,0,2,2,70,1,1,8,1,0,0,1,13,1,1,4,1,1,0
48,480683,1,1,2,3,4,3,0,1,0,1,0,48,1,37,706,37706,80,1993,JH2SC2818PM1,J,H,2,S,C,2,8,1,8,P,M,1,0,M,HOND,CR9,RC,93,17,,,,,,,900,,4,,4,407,,,,,,,0,0,000000000,00000000000,0,0,0,1,0,0,0,0,0,0,0,998,0,0,0,0,9,2,1,0,0,0,1,39,44485,6,1,0,0,3,0,65,145,0,0,0,0,0,0,0,0,0,1,51,0,0,0,5,2,30,3,6,8,1,20,3,14,6,3,2,1,98,2,1
48,480684,1,1,1,3,4,9,15,1,0,1,0,48,2,7,482,7482,31,2004,1D7HU18D64J2,1,D,7,H,U,1,8,D,6,4,J,2,0,T,DODG,SQ1,CW,4,17,,2,1605,1405,RPC,G,,,8,345,,,,B,5043,02,E,44,0,0,000000000,00000000000,0,0,0,1,0,0,0,0,0,0,0,998,0,1,5,0,6,2,1,0,0,0,1,35,88201,6,1,0,0,3,0,61,120,98,0,0,2,2,5,2010,12,2011,0,58,0,0,0,1,2,70,1,1,8,1,0,0,1,13,6,4,4,2,1,0
48,480685,1,1,1,3,4,23,30,8,0,1,0,48,3,12,481,12481,31,2010,1FTSW2BR2AEA,1,F,T,S,W,2,B,R,2,A,E,A,0,T,FORD,F2S,CW,10,17,,2,1724,1562,SRW,D,,,8,390,,,,B,6483,00,E,44,0,0,000000000,00000000000,0,0,0,1,0,0,0,0,0,0,0,998,0,0,0,12,4,3,8,0,0,0,1,22,71419,6,1,0,0,3,3,65,140,0,0,0,0,0,0,0,0,0,0,0,0,0,0,3,2,75,1,1,8,1,0,0,1,80,1,1,1,13,0,0
48,480686,1,2,1,3,4,7,15,12,6,1,0,48,2,53,706,53706,80,2007,JS1GW71A3721,J,S,1,G,W,7,1,A,3,7,2,1,0,M,SUZI,GRZ,RC,7,17,,,,,,,1299,,4,,4,478,,,,,,,0,0,000000000,00000000000,0,0,0,1,0,0,0,0,0,0,0,998,0,0,0,12,9,2,12,0,0,0,1,48,77075,6,1,0,0,3,0,999,999,0,1,0,2,0,12,2010,2,2011,1,0,0,0,0,2,3,40,1,1,1,1,0,0,1,62,1,1,1,69,1,0
48,480686,2,2,1,3,4,7,15,12,6,1,0,48,1,49,422,49422,15,2007,5TDBT48A27S2,5,T,D,B,T,4,8,A,2,7,S,2,0,P,TOYT,SEQ,UT,7,17,5345,,0,1181,,G,,F,8,285,,,17R265,,,,,,0,0,000000000,00000000000,0,0,0,1,0,0,0,0,0,0,0,998,0,0,0,3,2,1,12,0,0,0,1,34,77062,6,1,0,0,3,0,65,999,0,0,0,0,0,0,0,0,0,0,38,0,0,0,2,3,40,1,1,1,1,0,0,11,16,1,1,1,68,0,0
48,480687,1,1,2,3,4,14,18,42,0,1,0,48,1,49,44,49044,2,2002,2T1CE22P32C0,2,T,1,C,E,2,2,P,3,2,C,0,0,P,TOYT,CRE,CP,2,17,3075,,0,1051,,G,,F,4,144,,,15R205,,,,,,0,0,000000000,00000000000,0,0,0,1,0,0,0,0,0,0,0,998,0,1,4,11,4,3,1,0,0,0,1,48,78029,6,1,0,0,3,3,999,999,1,0,0,0,0,5,2010,5,2010,0,0,0,0,0,5,2,60,1,1,8,1,0,0,1,12,1,1,4,6,1,0
48,480688,1,1,1,3,4,6,35,8,0,1,0,48,1,41,37,41037,4,2001,1YVGF22F7152,1,Y,V,G,F,2,2,F,7,1,5,2,0,P,MAZD,U6X,4D,1,17,3023,,0,1051,,G,,F,6,152,,,15R205,,,,,,0,0,000000000,00000000000,0,0,0,1,0,0,0,0,0,0,0,998,0,0,0,12,4,3,8,0,0,0,1,48,79706,6,1,0,0,3,3,999,999,0,0,0,0,0,0,0,0,0,0,0,0,0,0,5,2,70,1,1,8,1,0,0,1,80,1,1,1,13,0,0
48,480690,1,1,1,3,4,13,26,42,0,1,0,48,2,49,472,49472,30,2007,5TETX22N97Z3,5,T,E,T,X,2,2,N,9,7,Z,3,0,T,TOYT,ACC,PC,7,17,,1,0,1272,TAC,G,,,4,164,,,,B,3460,00,U,42,0,0,000000000,00000000000,0,0,0,1,0,0,0,0,0,0,0,998,0,0,0,12,6,2,42,0,0,0,1,48,76048,6,1,0,0,3,0,75,264,0,0,0,0,1,7,2009,7,2009,1,0,0,0,0,3,3,65,1,1,8,2,0,0,1,6,1,3,4,2,1,1
48,480691,1,1,1,4,4,18,55,1,0,1,0,48,1,12,401,12401,14,1999,1FMZU32E7XZB,1,F,M,Z,U,3,2,E,7,X,Z,B,0,P,FORD,EPR,UT,99,17,3891,,0,1116,,G,,F,6,245,,,15R225,,,,,,0,0,000000000,00000000000,0,0,0,1,0,0,0,0,0,0,0,998,0,1,1,0,6,2,1,0,0,0,1,48,76513,6,1,0,0,3,0,999,999,0,0,0,0,0,0,0,0,0,1,0,0,0,0,1,2,45,1,2,8,1,0,0,1,13,6,3,6,98,1,1