STATE,ST_CASE,VEH_NO,VE_FORMS,NUMOCCS,DAY,MONTH,HOUR,MINUTE,HARM_EV,MAN_COLL,UNITTYPE,HIT_RUN,REG_STAT,OWNER,MAKE,MODEL,MAK_MOD,BODY_TYP,MOD_YEAR,VIN,VIN_1,VIN_2,VIN_3,VIN_4,VIN_5,VIN_6,VIN_7,VIN_8,VIN_9,VIN_10,VIN_11,VIN_12,TOW_VEH,VINTYPE,VINMAKE,VINA_MOD,VIN_BT,VINMODYR,VIN_LNGT,VIN_WGT,WGTCD_TR,WHLBS_LG,WHLBS_SH,SER_TR,FUELCODE,MCYCL_DS,CARBUR,CYLINDER,DISPLACE,MCYCL_CY,MCYCL_WT,TIRE_SZE,TON_RAT,TRK_WT,TRKWTVAR,VIN_REST,WHLDRWHL,J_KNIFE,MCARR_I1,MCARR_I2,MCARR_ID,GVWR,V_CONFIG,CARGO_BT,HAZ_INV,HAZ_PLAC,HAZ_ID,HAZ_CNO,HAZ_REL,BUS_USE,SPEC_USE,EMER_USE,TRAV_SP,UNDERIDE,ROLLOVER,ROLINLOC,IMPACT1,DEFORMED,TOWED,M_HARM,VEH_SC1,VEH_SC2,FIRE_EXP,DR_PRES,L_STATE,DR_ZIP,L_STATUS,L_TYPE,CDL_STAT,L_ENDORS,L_COMPL,L_RESTRI,DR_HGT,DR_WGT,PREV_ACC,PREV_SUS,PREV_DWI,PREV_SPD,PREV_OTH,FIRST_MO,FIRST_YR,LAST_MO,LAST_YR,SPEEDREL,DR_SF1,DR_SF2,DR_SF3,DR_SF4,VTRAFWAY,VNUM_LAN,VSPD_LIM,VALIGN,VPROFILE,VPAVETYP,VSURCOND,VTRAFCON,VTCONT_F,P_CRASH1,P_CRASH2,P_CRASH3,PCRASH4,PCRASH5,ACC_TYPE,DEATHS,DR_DRINK
48,480787,1,1,20,9,4,10,10,38,0,1,1,48,2,9,442,9442,20,1999,1P4GP44G8XB8,1,P,4,G,P,4,4,G,8,X,B,8,0,T,PLYM,GSX,ES,99,17,,1,0,1193,VOF,F,,,6,201,,,,,3856,00,E,42,0,0,000000000,00000000000,0,0,0,1,0,0,0,0,0,0,0,998,0,1,5,9,4,3,1,0,0,0,1,48,78576,6,1,0,0,3,0,999,999,1,0,0,0,0,3,2010,3,2010,1,91,0,0,0,2,2,60,1,1,8,1,0,0,1,13,1,3,4,2,1,0
48,480788,1,2,1,9,4,15,34,12,7,1,0,48,2,20,421,20421,15,2005,1GNEC13T55R1,1,G,N,E,C,1,3,T,5,5,R,1,0,P,CHEV,CTA,UT,5,17,4975,,0,1160,,G,,F,8,325,,,16R265,,,,,,0,0,000000000,00000000000,0,0,0,1,0,0,0,0,0,0,0,998,0,0,0,11,4,3,12,0,0,0,1,48,79423,6,2,0,0,3,0,999,999,0,0,0,0,0,0,0,0,0,1,0,0,0,0,2,2,70,1,1,8,1,0,0,1,52,1,1,1,48,0,0
48,480788,2,2,1,9,4,15,34,12,7,1,0,48,1,12,37,12037,4,2005,1FAFP34N95W2,1,F,A,F,P,3,4,N,9,5,W,2,0,P,FORD,ZX4,4D,5,17,2677,,0,1030,,G,,F,4,122,,,15R195,,,,,,0,0,000000000,00000000000,0,0,0,1,0,0,0,0,0,0,0,998,0,1,3,5,6,2,12,0,0,0,1,48,79413,6,1,0,0,3,0,999,999,0,0,0,0,0,0,0,0,0,0,0,0,0,0,2,2,70,1,1,8,1,0,0,2,53,1,1,1,48,1,0
48,480789,1,1,1,9,4,22,32,11,0,1,0,48,1,13,1,13001,4,1991,1LNCM82W5MY7,1,L,N,C,M,8,2,W,5,M,Y,7,0,P,LINC,SIG,4D,91,17,4055,,0,1174,,G,,F,8,281,,,15R215,,,,,,0,0,000000000,00000000000,0,0,0,1,0,0,0,0,0,0,0,998,0,0,0,12,4,3,11,0,0,0,1,48,75760,6,1,0,0,3,0,999,999,0,0,0,0,0,0,0,0,0,0,0,0,0,0,1,2,60,1,1,8,1,0,0,1,87,1,1,1,13,1,0
48,480790,1,2,1,10,4,17,39,12,6,1,0,48,3,87,881,87881,66,1989,1XP5D59X0KD2,1,X,P,5,D,5,9,X,0,K,D,2,1,T,PTRB,379,TR,89,17,,8,0,0,CON,D,,,6,611,,,,,00000,00,,64,1,57,1986059,571986059,3,6,4,1,0,0,0,0,0,0,0,998,0,0,0,9,2,1,12,0,0,0,1,48,75069,6,1,6,0,3,3,999,999,0,0,0,0,0,0,0,0,0,0,0,0,0,0,1,4,35,1,1,8,1,0,0,1,67,9,1,1,81,0,0
48,480790,2,2,1,10,4,17,39,12,6,1,0,48,2,98,701,98701,81,2011,LHJTLBBN1BB6,L,H,J,T,L,B,B,N,1,B,B,6,0,U,,,,11,17,,,,,,,,,,,,,,,,,,,0,0,000000000,00000000000,0,0,0,1,0,0,0,0,0,0,0,998,0,0,0,12,9,2,12,0,0,0,1,48,75206,6,1,0,0,2,0,66,212,0,0,0,0,0,0,0,0,0,0,48,0,0,0,1,2,99,1,1,8,1,20,3,10,10,1,7,2,80,1,0
48,480791,1,2,1,11,4,16,36,12,6,1,0,48,1,23,481,23481,31,2003,2GTEC19T3311,2,G,T,E,C,1,9,T,3,3,1,1,0,T,GMC,NC1,4C,3,17,,2,1575,1435,SIE,G,,,8,325,,,,B,4534,03,4,42,0,0,000000000,00000000000,0,0,0,1,0,0,0,0,0,0,0,998,0,0,0,10,4,3,12,0,0,0,1,48,78370,6,1,0,0,3,0,999,999,0,0,0,0,1,10,2010,10,2010,0,38,0,0,0,1,2,99,1,1,8,6,20,3,4,17,1,1,1,89,0,0
48,480791,2,2,2,11,4,16,36,12,6,1,0,48,1,12,17,12017,4,1998,1FAFP52U3WG1,1,F,A,F,P,5,2,U,3,W,G,1,0,P,FORD,TLS,4D,98,17,3359,,0,1085,,G,,F,6,182,,,15R205,,,,,,0,0,000000000,00000000000,0,0,0,1,0,0,0,0,0,0,0,998,0,0,0,12,4,3,12,0,0,0,1,48,78370,6,1,0,0,3,3,999,999,0,0,0,0,0,0,0,0,0,0,0,0,0,0,2,2,70,1,1,8,6,0,0,1,66,1,1,1,88,1,0
48,480792,1,2,2,12,4,13,42,12,1,1,0,22,2,6,441,6441,20,2002,2C8GP74L62R7,2,C,8,G,P,7,4,L,6,2,R,7,0,P,CHRY,TWC,SV,2,17,4171,,0,1193,,G,,F,6,230,,,16R215,,,,,,0,0,000000000,00000000000,0,0,0,1,0,0,0,0,0,0,0,998,0,0,0,12,6,2,12,0,0,0,1,22,71270,6,1,0,0,3,3,67,178,0,0,0,0,0,0,0,0,0,1,0,0,0,0,1,2,65,1,1,8,1,98,3,1,50,1,1,1,20,2,0
48,480792,2,2,1,12,4,13,42,12,1,1,0,22,3,84,881,84881,63,2004,1HTMMAAN94H6,1,H,T,M,M,A,A,N,9,4,H,6,0,T,INTL,430,CC,4,17,,7,0,0,40S,D,,,6,466,,,,,00000,00,,42,0,57,320882,57320882,3,1,1,1,0,0,0,0,0,0,0,0,0,0,0,6,2,3,12,0,0,0,1,22,71037,6,1,6,0,3,0,74,250,0,1,0,0,0,5,2010,5,2010,0,0,0,0,0,1,2,65,1,1,8,1,98,3,5,53,7,1,1,23,0,0
48,480793,1,1,4,15,4,19,44,59,0,1,0,48,2,37,32,37032,4,1997,1HGCD5666VA0,1,H,G,C,D,5,6,6,6,V,A,0,0,P,HOND,UER,4D,97,17,2985,,0,1069,,G,,F,4,132,,,15R195,,,,,,0,0,000000000,00000000000,0,0,0,1,0,0,0,0,0,0,0,998,0,1,1,12,4,3,1,0,0,0,1,48,77584,6,1,0,0,3,0,999,999,0,0,0,1,0,3,2010,3,2010,0,29,58,0,0,3,2,75,2,1,8,1,0,0,14,12,7,1,4,6,1,1
48,480794,1,1,1,15,4,3,3,42,0,1,0,48,2,20,16,20016,2,1998,1G1JC1242W72,1,G,1,J,C,1,2,4,2,W,7,2,0,P,CHEV,C/S,CP,98,17,2584,,0,1041,,G,,F,4,133,,,14R195,,,,,,0,0,000000000,00000000000,0,0,0,1,0,0,0,0,0,0,0,100,0,0,0,9,6,2,42,0,0,0,1,48,78748,6,1,0,0,3,0,999,999,1,0,0,2,0,12,2010,1,2012,1,37,58,0,0,1,2,30,1,1,8,1,0,0,1,12,7,3,4,2,1,1
48,480795,1,1,2,17,4,20,3,42,0,1,0,48,2,20,481,20481,31,2000,1GCFC29U2YZ2,1,G,C,F,C,2,9,U,2,Y,Z,2,0,T,CHEV,SC2,3C,0,17,,2,1575,1435,SIL,G,,,8,364,,,,C,4766,06,,42,0,0,000000000,00000000000,0,0,0,1,0,0,0,0,0,0,0,998,0,0,0,61,6,2,42,0,0,0,1,48,75766,6,1,0,0,3,0,999,999,0,0,0,0,0,0,0,0,0,0,0,0,0,0,1,2,35,1,1,8,1,0,0,1,8,1,3,4,7,1,1
48,480796,1,1,3,18,4,22,5,33,0,1,0,48,2,13,5,13005,4,1996,1LNLM81W4TY7,1,L,N,L,M,8,1,W,4,T,Y,7,0,P,LINC,EXC,4D,96,17,4040,,0,1174,,G,,F,8,281,,,15R215,,,,,,0,0,000000000,00000000000,0,0,0,1,0,0,0,0,0,0,0,998,0,0,0,99,4,3,30,0,0,0,1,48,75081,0,0,0,0,0,0,69,162,0,2,0,0,0,12,2009,12,2009,0,0,0,0,0,2,3,35,1,1,8,1,0,0,1,13,1,1,4,1,1,1
48,480797,1,3,2,20,4,21,23,8,0,1,0,48,1,7,482,7482,31,2008,1D7HA18238J2,1,D,7,H,A,1,8,2,3,8,J,2,0,T,DODG,SQ1,CW,8,17,,2,1605,1405,RPC,G,,,8,348,,,,B,4889,00,E,42,0,0,000000000,00000000000,0,0,0,1,0,0,0,0,0,0,0,998,0,0,0,12,4,3,8,0,0,0,1,48,79731,6,1,0,0,3,3,999,999,0,0,0,0,0,0,0,0,0,0,0,0,0,0,2,2,70,1,1,8,1,0,0,1,80,1,1,1,13,0,0
48,480797,2,3,4,20,4,21,23,8,0,1,0,48,2,13,421,13421,15,2006,5LMFU27536LJ,5,L,M,F,U,2,7,5,3,6,L,J,0,P,LINC,NAV,UT,6,17,5601,,0,1190,,G,,F,8,330,,,18R255,,,,,,0,0,000000000,00000000000,0,0,0,1,0,0,0,0,0,0,0,998,0,0,0,14,9,1,8,0,0,0,1,48,79766,6,1,0,0,3,0,999,999,1,0,0,0,0,7,2009,7,2009,0,0,0,0,0,2,2,70,1,1,8,1,0,0,1,80,1,1,1,98,0,0
48,480797,3,3,1,20,4,21,23,8,0,1,0,48,1,72,706,72706,80,2007,1HD1BX5117Y0,1,H,D,1,B,X,5,1,1,7,Y,0,0,M,HD,FLF,RS,7,17,,,,,,,1584,,2,,4,694,,,,,,,0,0,000000000,00000000000,0,0,0,1,0,0,0,0,0,0,0,998,0,0,0,99,9,1,8,0,0,0,1,48,79766,6,1,6,0,3,0,999,999,0,0,0,1,0,4,2009,4,2009,0,0,0,0,0,2,2,70,1,1,8,1,0,0,1,80,1,1,1,98,0,0
48,480798,1,2,2,20,4,15,35,57,0,1,0,17,3,87,881,87881,66,2012,1XPHD49X3CD1,1,X,P,H,D,4,9,X,3,C,D,1,1,T,PTRB,386,TR,12,17,,8,0,0,CON,D,,,6,915,,,,,00000,00,,64,1,57,283354,57283354,3,6,1,1,0,0,0,0,0,0,0,998,0,1,3,11,4,3,57,0,0,0,1,5,72521,6,1,6,0,3,0,64,185,0,0,0,0,0,0,0,0,0,0,27,0,0,0,3,2,75,2,2,8,1,0,0,15,12,1,1,4,6,0,0
48,480798,2,2,1,20,4,15,35,57,0,1,0,48,1,37,706,37706,80,1995,1HFSC1805SA9,1,H,F,S,C,1,8,0,5,S,A,9,0,M,HOND,VT1,RS,95,17,,,,,,,1100,,2,,4,533,,,,,,,0,0,000000000,00000000000,0,0,0,1,0,0,0,0,0,0,0,998,0,0,0,99,9,2,57,0,0,0,1,48,79424,6,2,0,0,3,2,999,999,0,0,0,0,0,0,0,0,0,0,74,0,0,0,3,2,75,2,2,8,1,0,0,6,61,6,1,4,98,1,0
48,480799,1,1,1,20,4,2,1,8,0,1,0,48,3,98,981,98981,51,2009,5FYD5FV059B0,5,F,Y,D,5,F,V,0,5,9,B,0,0,U,,,,9,17,,,,,,,,,,,,,,,,,,,0,88,888888888,88888888888,3,21,22,1,0,0,0,0,4,0,0,998,0,0,0,4,2,3,8,0,0,0,1,48,78640,6,1,6,0,3,0,999,999,0,0,0,0,0,0,0,0,0,0,0,0,0,0,2,2,30,4,1,8,1,0,0,4,80,1,1,1,13,0,0
48,480800,1,1,1,21,4,3,27,8,0,1,0,48,3,6,51,6051,4,2012,2C3CCACG6CH2,2,C,3,C,C,A,C,G,6,C,H,2,0,P,CHRY,3LM,4D,12,17,4006,,0,1202,,F,,F,6,220,,,18R225,,,,,,0,0,000000000,00000000000,0,0,0,1,0,0,0,0,0,0,0,998,0,0,0,10,4,1,8,0,0,0,1,24,20616,6,1,0,0,3,0,72,190,0,0,0,0,1,10,2010,10,2010,0,0,0,0,0,5,4,40,1,1,8,1,0,0,1,80,1,1,1,13,0,0
48,480801,1,1,2,21,4,15,24,8,0,1,0,48,1,49,32,49032,4,2005,1NXBR32E05Z5,1,N,X,B,R,3,2,E,0,5,Z,5,0,P,TOYT,UCS,4D,5,17,2530,,0,1024,,G,,F,4,109,,,15R185,,,,,,0,0,000000000,00000000000,0,0,0,1,0,0,0,0,0,0,0,998,0,0,0,1,2,1,8,0,0,0,1,48,76084,6,2,0,0,3,3,999,999,0,0,0,0,0,0,0,0,0,0,0,0,0,0,1,2,55,1,2,8,1,0,0,1,80,1,1,1,13,0,0
48,480802,1,1,4,21,4,3,10,8,0,1,0,48,1,22,441,22441,20,2000,1GMDX13E1YD2,1,G,M,D,X,1,3,E,1,Y,D,2,0,T,PONT,LUX,ES,0,17,,1,0,1200,MON,G,,,6,207,,,,B,3942,00,K,42,0,0,000000000,00000000000,0,0,0,1,0,0,0,0,0,0,0,998,0,0,0,12,4,3,8,0,0,0,1,48,78723,6,1,0,0,3,3,999,999,0,0,0,1,2,9,2010,1,2012,0,0,0,0,0,3,2,65,1,2,8,1,0,0,1,80,1,1,1,13,0,0
48,480803,1,1,1,21,4,3,10,8,0,1,0,35,1,20,880,20880,67,2001,1GCJC39171F1,1,G,C,J,C,3,9,1,7,1,F,1,0,T,CHEV,SC3,4C,1,17,,3,0,1575,SIL,D,,,8,403,,,,D,5983,00,,42,0,88,888888888,88888888888,2,1,96,1,0,0,0,0,0,0,0,998,0,0,0,12,2,1,8,0,0,0,1,35,87413,6,1,0,0,3,0,72,190,0,0,0,0,0,0,0,0,0,0,0,0,0,0,3,2,65,1,2,8,1,0,0,17,80,6,1,1,13,0,0
48,480804,1,1,1,21,4,16,51,1,0,1,0,48,1,72,706,72706,80,2010,1HD1KEM1XAB6,1,H,D,1,K,E,M,1,X,A,B,6,0,M,HD,FTK,RS,10,17,,,,,,,1690,,2,,4,901,,,,,,,0,0,000000000,00000000000,0,0,0,1,0,0,0,0,0,0,0,998,0,0,0,0,6,2,1,0,0,0,1,48,77539,1,1,0,0,2,3,999,999,0,9,1,1,1,5,2009,3,2012,1,0,0,0,0,1,2,55,3,1,8,1,0,0,14,13,1,1,4,1,1,1
48,480805,1,1,1,22,4,6,50,42,0,1,0,93,3,85,881,85881,66,1999,1XKTD69XXXJ7,1,X,K,T,D,6,9,X,X,X,J,7,1,T,KW,T20,TR,99,17,,8,2600,1900,CON,D,,,6,855,,,,,00000,00,,64,1,57,2034659,572034659,3,6,1,1,0,0,0,0,0,0,0,998,0,0,0,12,6,2,42,0,0,0,1,48,78744,6,1,6,0,3,0,999,999,1,0,0,0,2,9,2010,4,2011,1,0,0,0,0,1,2,70,3,2,8,1,0,0,14,13,98,1,4,1,1,0
48,480806,1,1,1,22,4,3,40,52,0,1,0,48,1,14,38,14038,3,2001,1ZWFT61L7156,1,Z,W,F,T,6,1,L,7,1,5,6,0,P,MERC,CU6,2H,1,17,2996,,0,1064,,G,,F,6,155,,,15R205,,,,,,0,0,000000000,00000000000,0,0,0,1,0,0,0,0,0,0,0,998,0,1,3,12,4,3,52,0,0,0,1,48,77803,6,1,0,0,3,0,999,999,0,0,0,0,0,0,0,0,0,0,0,0,0,0,3,3,65,1,1,8,1,0,0,1,13,1,1,4,1,1,1
48,480807,1,1,4,22,4,3,0,42,0,1,0,48,1,35,47,35047,4,1993,1N4BU31F4PC1,1,N,4,B,U,3,1,F,4,P,C,1,0,P,NISS,AGS,4D,93,17,2729,,0,1031,,G,,F,4,146,,,15R205,,,,,,0,0,000000000,00000000000,0,0,0,1,0,0,0,0,0,0,0,998,0,1,6,3,4,3,1,0,0,0,1,48,77015,0,0,0,0,0,0,999,999,0,0,0,0,0,0,0,0,0,1,0,0,0,0,1,2,30,1,1,2,1,0,0,1,12,99,4,4,6,3,1
48,480808,1,1,4,22,4,21,13,35,0,1,0,48,1,12,401,12401,14,2002,1FMZU62E02ZA,1,F,M,Z,U,6,2,E,0,2,Z,A,0,P,FORD,EPR,UT,2,17,4094,,0,1137,,G,,F,6,245,,,16R235,,,,,,0,0,000000000,00000000000,0,0,0,1,0,0,0,0,0,0,0,998,0,1,5,81,6,2,1,0,0,0,1,48,78852,6,1,0,0,3,0,999,999,0,0,0,0,4,7,2009,11,2010,0,0,0,0,0,1,2,70,1,1,8,1,0,0,1,1,99,4,4,7,1,1
48,480809,1,2,1,22,4,8,30,12,6,1,0,48,1,19,18,19018,4,2003,1G6DM57N6301,1,G,6,D,M,5,7,N,6,3,0,1,0,P,CADI,C/T,4D,3,17,3509,,0,1134,,G,,F,6,194,,,16R225,,,,,,0,0,000000000,00000000000,0,0,0,1,0,0,0,0,0,0,0,998,0,0,0,9,6,2,12,0,0,0,1,48,76020,6,1,0,0,3,0,999,999,0,0,0,0,0,0,0,0,0,0,38,39,24,0,1,2,98,8,8,8,1,20,3,4,15,1,1,1,89,1,0
48,480809,2,2,1,22,4,8,30,12,6,1,0,48,1,13,421,13421,15,2006,5LMFU27536LJ,5,L,M,F,U,2,7,5,3,6,L,J,0,P,LINC,NAV,UT,6,17,5601,,0,1190,,G,,F,8,330,,,18R255,,,,,,0,0,000000000,00000000000,0,0,0,1,0,0,0,0,0,0,0,998,0,0,0,12,4,3,12,0,0,0,1,48,76082,6,1,0,0,3,0,999,999,1,0,0,1,0,8,2010,11,2010,0,0,0,0,0,1,2,60,1,1,8,1,0,0,1,67,1,1,1,88,0,0
48,480810,1,1,1,22,4,19,30,38,0,1,0,48,2,20,431,20431,16,2003,3GNEC16Z33G2,3,G,N,E,C,1,6,Z,3,3,G,2,0,P,CHEV,C15,UT,3,17,4914,,0,1300,,F,,F,8,325,,,16R265,,,,,,0,0,000000000,00000000000,0,0,0,1,0,0,0,0,0,0,0,998,0,1,6,61,6,2,38,0,0,0,1,48,77007,6,1,0,0,3,0,999,999,0,0,0,0,1,2,2012,2,2012,0,0,0,0,0,1,2,70,1,1,8,1,0,0,1,13,6,3,4,2,1,1
48,480811,1,1,1,22,4,1,43,59,0,1,0,48,1,12,473,12473,30,2001,1FMZU67E41UC,1,F,M,Z,U,6,7,E,4,1,U,C,0,P,FORD,EPR,UT,1,17,4117,,0,1259,,G,,F,6,245,,,15R235,,,,,,0,0,000000000,00000000000,0,0,0,1,0,0,0,0,0,0,0,998,0,0,0,12,6,2,42,0,0,0,1,48,76652,6,1,0,0,3,0,999,999,0,0,0,0,0,0,0,0,0,0,0,0,0,0,1,2,60,2,1,8,1,0,0,14,12,1,1,4,6,1,1
48,480812,1,2,1,23,4,0,47,12,6,1,0,48,2,21,23,21023,4,1998,1G3WS52K1WF3,1,G,3,W,S,5,2,K,1,W,F,3,0,P,OLDS,IGL,4D,98,17,3455,,0,1090,,G,,F,6,231,,,16R225,,,,,,0,0,000000000,00000000000,0,0,0,1,0,0,0,0,0,0,0,998,0,0,0,12,4,3,12,0,0,0,1,48,79763,1,1,0,0,2,3,999,999,0,2,0,0,0,9,2009,3,2011,0,38,0,0,0,5,6,45,1,1,8,1,0,0,11,15,1,1,1,68,0,0
48,480812,2,2,1,23,4,0,47,12,6,1,0,48,1,53,705,53705,80,1996,JS1NP41A9T21,J,S,1,N,P,4,1,A,9,T,2,1,0,M,SUZI,LS6,RS,96,17,,,,,,,652,,1,,4,352,,,,,,,0,0,000000000,00000000000,0,0,0,1,0,0,0,0,0,0,0,998,0,0,0,9,8,3,12,0,0,0,1,48,79762,6,1,0,0,3,3,999,999,0,0,0,0,0,0,0,0,0,0,0,0,0,0,5,6,45,1,1,8,1,0,0,1,62,1,1,1,69,1,0
48,480813,1,1,1,23,4,2,40,19,0,1,0,48,1,20,9,20009,2,2010,2G1FK1EJ6A91,2,G,1,F,K,1,E,J,6,A,9,1,0,P,CHEV,SSM,CP,10,17,3913,,0,1123,,G,,F,8,378,,,20R245,,,,,,0,0,000000000,00000000000,0,0,0,1,0,0,0,0,0,0,0,998,0,0,0,12,4,3,19,0,0,0,1,48,77449,6,1,0,0,3,0,999,999,0,0,0,0,0,0,0,0,0,1,0,0,0,0,1,2,30,3,1,8,1,0,0,14,13,1,1,4,1,1,0
48,480814,1,3,1,23,4,16,35,12,2,1,0,48,2,20,37,20037,4,2006,1G1ZT53FX6F2,1,G,1,Z,T,5,3,F,X,6,F,2,0,P,CHEV,MLT,4D,6,17,3316,,0,1063,,G,,F,4,134,,,16R215,,,,,,0,0,000000000,00000000000,0,0,0,1,0,0,0,0,0,0,0,998,0,0,0,12,6,2,12,0,0,0,1,48,76028,6,1,0,0,3,0,999,999,0,0,0,0,0,0,0,0,0,0,58,0,0,0,1,2,30,1,1,8,1,0,0,1,13,6,2,6,50,1,0
48,480814,2,3,1,23,4,16,35,12,2,1,0,48,3,12,481,12481,31,2011,1FTFW1EF1BKD,1,F,T,F,W,1,E,F,1,B,K,D,0,T,FORD,F1S,CW,11,17,,2,1570,1450,COF,F,,,8,305,,,,B,5577,01,7,44,0,0,000000000,00000000000,0,0,0,1,0,0,0,0,0,0,0,998,0,0,0,12,6,2,12,0,0,0,1,48,76002,1,1,0,0,2,0,999,999,0,1,0,1,0,2,2010,4,2012,0,0,0,0,0,1,2,30,1,1,8,1,0,0,1,62,1,1,1,51,0,0
48,480814,3,3,1,23,4,16,35,12,2,1,0,48,5,12,481,12481,31,2011,1FTFW1EF5BKD,1,F,T,F,W,1,E,F,5,B,K,D,0,T,FORD,F1S,CW,11,17,,2,1570,1450,COF,F,,,8,305,,,,B,5577,01,7,44,0,0,000000000,00000000000,0,0,0,1,0,0,0,0,0,0,0,998,0,0,0,10,4,3,12,0,0,0,1,48,76028,6,1,0,0,3,0,999,999,0,0,0,0,0,0,0,0,0,0,0,0,0,0,1,2,30,1,1,8,1,0,0,1,62,1,1,1,98,0,0
48,480816,1,1,1,23,4,19,35,8,0,1,0,48,1,55,35,55035,4,2012,KMHDH4AE9CU2,K,M,H,D,H,4,A,E,9,C,U,2,0,P,HYUN,EGM,4D,12,17,2661,,0,1063,,G,,F,4,110,,,17R215,,,,,,0,0,000000000,00000000000,0,0,0,1,0,0,0,0,0,0,0,998,0,0,0,12,6,2,8,0,0,0,1,48,75964,6,1,0,0,3,0,999,999,1,0,0,1,0,5,2009,7,2010,0,0,0,0,0,1,2,70,2,2,8,1,0,0,14,80,1,1,1,13,0,0
48,480817,1,1,1,23,4,1,0,33,0,1,0,48,1,23,431,23431,16,1999,3GKFK16R1XG5,3,G,K,F,K,1,6,R,1,X,G,5,0,T,GMC,KSU,4W,99,17,,2,0,1315,K15,G,,,8,350,,,,B,5226,00,E,44,0,0,000000000,00000000000,0,0,0,1,0,0,0,0,0,0,0,998,0,0,0,11,4,3,33,0,0,0,1,48,78247,1,1,0,0,2,0,999,999,0,0,0,0,0,0,0,0,0,0,58,0,0,0,1,2,70,1,1,8,1,0,0,1,12,7,3,4,2,1,0
48,480818,1,2,1,24,4,6,40,12,6,1,0,20,1,76,705,76705,80,2009,JYARJ16E69A0,J,Y,A,R,J,1,6,E,6,9,A,0,0,M,YAMA,R6L,RC,9,17,,,,,,,599,,4,,4,414,,,,,,,0,0,000000000,00000000000,0,0,0,1,0,0,0,0,0,0,0,998,0,0,0,12,6,2,12,0,0,0,1,48,79714,6,1,6,0,2,3,999,999,0,0,0,0,0,0,0,0,0,0,0,0,0,0,1,4,45,1,1,8,1,3,3,1,62,1,1,1,69,1,0
48,480818,2,2,1,24,4,6,40,12,6,1,0,48,3,98,804,98804,66,2007,5KKHAECK07PZ,5,K,K,H,A,E,C,K,0,7,P,Z,1,T,WSTR,49F,CC,7,17,,8,0,0,CNV,D,,,6,858,,,,,00000,00,,64,1,57,1431382,571431382,3,6,3,1,0,0,0,0,0,0,0,998,0,0,0,5,2,3,12,0,0,0,1,48,79706,6,1,6,0,3,0,999,999,0,0,0,0,1,7,2009,7,2009,0,38,0,0,0,1,4,45,1,1,8,1,3,3,11,15,1,1,1,68,0,0
48,480819,1,1,1,24,4,22,0,8,0,1,0,48,1,37,31,37031,2,1995,1HGEJ1227SL0,1,H,G,E,J,1,2,2,7,S,L,0,0,P,HOND,CEX,CP,95,17,2371,,0,1032,,G,,F,4,097,,,14R185,,,,,,0,0,000000000,00000000000,0,0,0,1,0,0,0,0,0,0,0,998,0,0,0,12,4,3,8,0,0,0,1,48,76502,6,1,0,0,3,0,999,999,0,0,0,0,2,2,2010,7,2010,0,0,0,0,0,4,3,50,1,2,8,1,0,0,1,80,1,1,1,13,0,0
48,480820,1,1,2,24,4,4,25,30,0,1,0,48,2,42,48,42048,4,2000,WDBJF70J3YB0,W,D,B,J,F,7,0,J,3,Y,B,0,0,P,MERZ,E43,4D,0,17,3570,,0,1115,,G,,F,8,260,,,17R235,,,,,,0,0,000000000,00000000000,0,0,0,1,0,0,0,0,0,0,0,998,0,0,0,12,6,2,2,0,0,1,1,48,76010,0,0,0,0,0,0,999,999,0,2,0,0,0,8,2009,3,2010,1,0,0,0,0,2,6,35,2,1,8,1,0,0,14,6,1,1,4,1,1,0
48,480821,1,3,2,24,4,5,37,12,7,1,0,48,1,37,31,37031,4,1998,2HGEJ6673WH6,2,H,G,E,J,6,6,7,3,W,H,6,0,P,HOND,UCL,4D,98,17,2426,,0,1032,,G,,F,4,097,,,14R185,,,,,,0,0,000000000,00000000000,0,0,0,1,0,0,0,0,0,0,0,998,0,0,0,7,6,2,12,0,0,0,1,48,77034,0,0,0,0,0,0,999,999,0,0,0,0,0,0,0,0,0,1,27,34,0,0,5,4,99,1,2,8,1,0,0,15,10,1,1,1,47,1,0
48,480821,2,3,1,24,4,5,37,12,7,1,0,48,1,12,401,12401,14,2010,1FMEU6EE4AUB,1,F,M,E,U,6,E,E,4,A,U,B,0,P,FORD,EPR,UT,10,17,4455,,0,1137,,G,,F,6,244,,,17R245,,,,,,0,0,000000000,00000000000,0,0,0,1,0,0,0,0,0,0,0,998,0,0,0,12,4,3,12,0,0,0,1,48,77521,6,1,0,0,3,3,999,999,0,0,0,1,0,2,2011,2,2011,0,0,0,0,0,5,4,99,1,2,8,1,0,0,1,62,1,1,1,98,0,0
48,480821,3,3,1,24,4,5,37,12,7,1,0,93,2,87,881,87881,66,1989,1XPFD29X5KD2,1,X,P,F,D,2,9,X,5,K,D,2,1,T,PTRB,378,TR,89,17,,8,0,0,CON,D,,,6,855,,,,,00000,00,,64,1,57,680185,57680185,3,6,2,1,0,0,0,0,0,0,0,998,0,0,0,1,9,1,12,0,0,0,1,48,77571,6,1,6,1,3,0,999,999,1,1,0,0,1,10,2009,3,2010,0,0,0,0,0,5,4,99,1,2,8,1,0,0,15,61,1,1,1,45,0,0