STATE,ST_CASE,VEH_NO,VE_FORMS,NUMOCCS,DAY,MONTH,HOUR,MINUTE,HARM_EV,MAN_COLL,UNITTYPE,HIT_RUN,REG_STAT,OWNER,MAKE,MODEL,MAK_MOD,BODY_TYP,MOD_YEAR,VIN,VIN_1,VIN_2,VIN_3,VIN_4,VIN_5,VIN_6,VIN_7,VIN_8,VIN_9,VIN_10,VIN_11,VIN_12,TOW_VEH,VINTYPE,VINMAKE,VINA_MOD,VIN_BT,VINMODYR,VIN_LNGT,VIN_WGT,WGTCD_TR,WHLBS_LG,WHLBS_SH,SER_TR,FUELCODE,MCYCL_DS,CARBUR,CYLINDER,DISPLACE,MCYCL_CY,MCYCL_WT,TIRE_SZE,TON_RAT,TRK_WT,TRKWTVAR,VIN_REST,WHLDRWHL,J_KNIFE,MCARR_I1,MCARR_I2,MCARR_ID,GVWR,V_CONFIG,CARGO_BT,HAZ_INV,HAZ_PLAC,HAZ_ID,HAZ_CNO,HAZ_REL,BUS_USE,SPEC_USE,EMER_USE,TRAV_SP,UNDERIDE,ROLLOVER,ROLINLOC,IMPACT1,DEFORMED,TOWED,M_HARM,VEH_SC1,VEH_SC2,FIRE_EXP,DR_PRES,L_STATE,DR_ZIP,L_STATUS,L_TYPE,CDL_STAT,L_ENDORS,L_COMPL,L_RESTRI,DR_HGT,DR_WGT,PREV_ACC,PREV_SUS,PREV_DWI,PREV_SPD,PREV_OTH,FIRST_MO,FIRST_YR,LAST_MO,LAST_YR,SPEEDREL,DR_SF1,DR_SF2,DR_SF3,DR_SF4,VTRAFWAY,VNUM_LAN,VSPD_LIM,VALIGN,VPROFILE,VPAVETYP,VSURCOND,VTRAFCON,VTCONT_F,P_CRASH1,P_CRASH2,P_CRASH3,PCRASH4,PCRASH5,ACC_TYPE,DEATHS,DR_DRINK
48,480822,1,2,1,24,4,6,48,12,6,1,0,48,1,12,481,12481,31,2003,3FTNX20L33MB,3,F,T,N,X,2,0,L,3,3,M,B,0,T,FORD,F2S,4C,3,17,,2,1580,1418,SRW,G,,,8,330,,,,C,5585,02,U,42,0,0,000000000,00000000000,0,0,0,1,0,0,0,0,0,0,0,998,0,0,0,12,2,3,12,0,0,0,1,48,77060,6,1,0,0,3,3,999,999,0,0,0,0,0,0,0,0,0,0,0,0,0,0,4,3,35,1,1,1,1,3,3,1,66,1,1,1,88,0,0
48,480822,2,2,1,24,4,6,48,12,6,1,0,48,2,53,706,53706,80,1987,JS1VX51L6H21,J,S,1,V,X,5,1,L,6,H,2,1,0,M,SUZI,VSF,RS,87,17,,,,,,,1360,,2,,4,526,,,,,,,0,0,000000000,00000000000,0,0,0,1,0,0,0,0,0,0,0,998,0,0,0,61,9,2,12,0,0,0,1,48,77090,6,1,0,0,2,0,999,999,1,0,0,1,1,3,2010,11,2010,0,39,0,0,0,5,4,99,1,1,1,1,3,3,1,17,1,1,1,89,1,0
48,480823,1,2,1,24,4,8,53,1,0,1,0,48,1,98,709,98709,80,2007,ZD4RRTT057S0,Z,D,4,R,R,T,T,0,5,7,S,0,0,U,,,,7,17,,,,,,,,,,,,,,,,,,,0,0,000000000,00000000000,0,0,0,1,0,0,0,0,0,0,0,998,0,0,0,0,9,2,1,0,0,0,1,48,78734,6,1,0,0,3,0,999,999,0,0,0,0,0,0,0,0,0,0,38,0,0,0,0,0,0,0,0,0,0,0,0,11,8,1,1,1,98,1,0
48,480823,2,2,1,24,4,8,53,1,0,1,0,48,1,20,422,20422,15,2007,3GNFK16387G1,3,G,N,F,K,1,6,3,8,7,G,1,0,P,CHEV,K15,UT,7,17,5745,,0,1300,,F,,F,8,323,,,17R265,,,,,,0,0,000000000,00000000000,0,0,0,1,0,0,0,0,0,0,0,998,0,0,0,99,9,1,54,0,0,0,1,48,78738,6,1,0,0,3,0,999,999,0,0,0,0,0,0,0,0,0,0,0,0,0,0,1,4,45,1,3,8,1,98,3,1,98,1,1,1,98,0,0
48,480824,1,2,1,25,4,9,10,12,1,1,0,48,1,23,481,23481,31,1995,1GTEC14Z2SZ5,1,G,T,E,C,1,4,Z,2,S,Z,5,0,T,GMC,SC1,PK,95,17,,2,1315,1175,SIE,G,,,6,262,,,,B,4068,00,M,42,0,0,000000000,00000000000,0,0,0,1,0,0,0,0,0,0,0,998,0,1,5,6,4,3,1,0,0,0,1,48,77072,6,1,0,0,3,3,63,146,0,0,0,0,0,0,0,0,0,0,38,0,0,0,0,0,0,0,0,0,0,0,0,10,16,1,1,1,78,1,0
48,480824,2,2,1,25,4,9,10,12,1,1,0,48,1,30,46,30046,4,2010,WVWMN7AN8AE5,W,V,W,M,N,7,A,N,8,A,E,5,0,P,VOLK,CCS,4D,10,17,3378,,0,1067,,G,,T,4,121,,,17R235,,,,,,0,0,000000000,00000000000,0,0,0,1,0,0,0,0,0,0,0,998,0,0,0,12,4,3,12,0,0,0,1,48,77515,6,1,0,0,3,0,999,999,0,0,0,1,1,1,2010,3,2011,0,0,0,0,0,1,2,60,1,1,8,1,0,0,1,70,1,1,1,79,0,0
48,480825,1,1,1,25,4,16,51,33,0,1,0,48,1,6,43,6043,2,1999,3C3EL55H1XT6,3,C,3,E,L,5,5,H,1,X,T,6,0,P,CHRY,SJI,CV,99,17,3351,,0,1060,,G,,F,6,152,,,16R215,,,,,,0,0,000000000,00000000000,0,0,0,1,0,0,0,0,0,0,0,998,0,0,0,99,6,2,42,0,0,0,1,48,75024,6,1,0,0,3,0,999,999,0,0,0,0,0,0,0,0,0,1,0,0,0,0,1,2,35,3,2,8,1,0,0,11,6,1,9,4,2,1,1
48,480826,1,1,2,25,4,18,5,8,0,1,0,48,1,52,37,52037,2,2008,4A3AK34TX8E0,4,A,3,A,K,3,4,T,X,8,E,0,0,P,MITS,ECG,2H,8,17,3472,,0,1014,,G,,F,6,234,,,18R235,,,,,,0,0,000000000,00000000000,0,0,0,1,0,0,0,0,0,0,0,998,0,0,0,3,4,8,8,0,0,0,1,48,77550,6,1,0,0,3,3,999,999,0,0,0,0,0,0,0,0,0,1,0,0,0,0,5,4,35,1,1,8,1,0,0,1,6,1,4,4,2,0,1
48,480827,1,2,1,25,4,22,55,12,1,1,0,48,9,37,709,37709,80,1980,SC0420068550,S,C,0,4,2,0,0,6,8,5,5,0,0,M,HOND,CB9,RS,80,17,,,,,,,901,,4,,4,560,,,,,,,0,0,000000000,00000000000,0,0,0,1,0,0,0,0,0,0,0,998,0,0,0,12,9,2,12,0,0,0,1,48,77590,6,1,0,0,3,3,999,999,1,0,0,0,0,8,2009,8,2009,1,0,0,0,0,2,2,35,1,1,8,1,0,0,1,51,1,1,1,24,1,1
48,480827,2,2,1,25,4,22,55,12,1,1,0,48,3,51,47,51047,4,2012,YV1622FS8C21,Y,V,1,6,2,2,F,S,8,C,2,1,0,P,VOLV,ST5,4D,12,17,3901,,0,0,,G,,T,5,149,,,000000,,,,,,0,0,000000000,00000000000,0,0,0,1,0,0,0,0,0,0,0,998,0,0,0,6,2,1,12,0,0,0,1,48,77008,6,1,0,0,3,0,999,999,0,0,0,0,0,0,0,0,0,0,0,0,0,0,2,2,35,1,1,8,1,0,0,1,53,1,1,1,25,0,0
48,480829,1,2,1,26,4,6,20,12,6,1,0,48,2,76,706,76706,80,2002,JYARN07E82A0,J,Y,A,R,N,0,7,E,8,2,A,0,0,M,YAMA,FZS,RC,2,17,,,,,,,998,,4,,4,458,,,,,,,0,0,000000000,00000000000,0,0,0,1,0,0,0,0,0,0,0,998,0,0,0,12,4,3,12,0,0,0,1,48,76710,1,1,0,0,2,0,999,999,0,7,0,0,0,10,2009,5,2011,1,0,0,0,0,1,2,30,1,1,8,1,0,0,1,67,1,1,1,83,1,0
48,480829,2,2,2,26,4,6,20,12,6,1,0,48,1,12,481,12481,31,2000,1FTNW20F7YED,1,F,T,N,W,2,0,F,7,Y,E,D,0,T,FORD,F2S,CW,0,17,,2,1724,1562,SRW,D,,,8,444,,,,C,5487,07,E,42,0,0,000000000,00000000000,0,0,0,1,0,0,0,0,0,0,0,998,0,0,0,11,2,3,12,0,0,0,1,48,76648,6,1,6,0,3,3,999,999,0,0,0,0,0,0,0,0,0,0,38,0,0,0,1,2,99,1,1,8,1,3,3,11,15,1,1,1,82,0,0
48,480830,1,1,2,26,4,15,20,32,0,1,0,48,1,2,404,2404,14,2003,1J4GX48S63C5,1,J,4,G,X,4,8,S,6,3,C,5,0,T,JEEP,LRO,4W,3,17,,1,0,1059,GCK,G,,,6,244,,,,,3704,01,E,42,0,0,000000000,00000000000,0,0,0,1,0,0,0,0,0,0,0,998,0,1,5,99,6,2,32,0,0,0,1,48,76367,6,1,0,0,3,0,999,999,0,0,0,0,0,0,0,0,0,0,58,0,0,0,2,2,99,1,1,8,1,0,0,1,12,7,7,4,2,1,0
48,480831,1,1,1,26,4,15,1,32,0,1,0,48,1,23,472,23472,30,2007,1GTCS19E8781,1,G,T,C,S,1,9,E,8,7,8,1,0,T,GMC,CAN,4C,7,17,,1,0,1260,CAN,G,,,5,226,,,,B,3468,01,4,42,0,0,000000000,00000000000,0,0,0,1,0,0,0,0,0,0,0,998,0,1,5,12,6,2,32,0,0,0,1,48,76082,6,1,0,0,3,3,999,999,1,0,0,1,0,5,2011,2,2012,0,0,0,0,0,1,2,60,3,1,8,1,0,0,1,8,1,1,4,1,1,0
48,480832,1,2,1,27,4,20,10,12,6,1,0,93,3,82,881,82881,66,2000,1FUYSSZB7YLB,1,F,U,Y,S,S,Z,B,7,Y,L,B,1,T,FRHT,FC2,TR,0,17,,8,0,0,CON,D,,,6,774,,,,,00000,00,,64,1,57,503662,57503662,3,6,1,1,0,0,0,0,0,0,0,998,0,0,0,8,4,8,12,0,0,0,1,12,33952,6,1,6,0,3,0,69,999,0,0,0,1,1,7,2009,6,2011,0,0,0,0,0,3,4,65,1,1,8,1,0,0,1,60,1,1,1,48,0,0
48,480832,2,2,1,27,4,20,10,12,6,1,0,48,2,37,31,37031,4,2007,1HGCM567X7A1,1,H,G,C,M,5,6,7,X,7,A,1,0,P,HOND,UEX,4D,7,17,3228,,0,1079,,G,,F,4,146,,,16R205,,,,,,0,0,000000000,00000000000,0,0,0,1,0,0,0,0,0,0,0,85,3,0,0,12,6,2,12,0,0,0,1,48,78154,0,0,0,0,0,0,999,999,0,0,0,0,0,0,0,0,0,1,27,29,58,0,3,4,65,1,1,8,1,0,0,6,8,7,1,6,48,1,1
48,480833,1,1,1,27,4,5,15,8,0,1,0,48,1,20,421,20421,15,2001,1GNEC13T21R2,1,G,N,E,C,1,3,T,2,1,R,2,0,P,CHEV,CTA,UT,1,17,4828,,0,1160,,G,,F,8,325,,,16R245,,,,,,0,0,000000000,00000000000,0,0,0,1,0,0,0,0,0,0,0,998,0,0,0,12,2,1,8,0,0,0,1,48,75604,6,1,0,0,3,0,999,999,0,1,0,1,0,9,2011,1,2012,0,19,0,0,0,1,4,40,1,1,8,1,0,0,1,80,1,1,1,13,0,0
48,480834,1,1,2,27,4,13,55,8,0,1,0,48,1,20,481,20481,31,2009,1GCHC49K49E1,1,G,C,H,C,4,9,K,4,9,E,1,1,T,CHEV,2CH,4C,9,17,,2,1575,1435,SIL,G,,,8,366,,,,C,5577,01,,42,1,88,888888888,88888888888,2,4,1,1,0,0,0,0,0,0,0,998,0,0,0,14,0,1,8,0,0,0,1,48,77375,6,1,6,0,3,0,999,999,0,0,0,0,0,0,0,0,0,0,0,0,0,0,5,4,40,1,1,8,1,0,0,1,80,1,1,1,13,0,0
48,480835,1,2,1,28,4,0,52,12,1,1,0,48,1,73,706,73706,80,2007,JKBZXNA1X7A0,J,K,B,Z,X,N,A,1,X,7,A,0,0,M,KAWK,X4A,RC,7,17,,,,,,,1352,,4,,4,386,,,,,,,0,0,000000000,00000000000,0,0,0,1,0,0,0,0,0,0,0,998,0,0,0,12,6,2,12,0,0,0,1,13,76543,2,1,0,0,2,0,70,160,98,4,0,1,0,2,2010,5,2011,1,0,0,0,0,5,4,50,1,2,8,1,0,0,1,51,1,1,1,24,1,1
48,480835,2,2,4,28,4,0,52,12,1,1,0,48,1,3,402,3402,14,2008,5GTEN13E4881,5,G,T,E,N,1,3,E,4,8,8,1,0,T,HUMM,HH3,4W,8,17,,2,0,1119,HUM,G,,,5,226,,,,B,4700,00,7,44,0,0,000000000,00000000000,0,0,0,1,0,0,0,0,0,0,0,998,0,0,0,6,4,3,12,0,0,0,1,36,76542,6,1,0,0,3,0,71,999,0,4,0,0,0,1,2010,1,2012,0,0,0,0,0,5,4,50,1,2,8,1,0,0,1,53,1,1,1,25,0,0
48,480836,1,2,1,28,4,5,35,1,0,1,0,48,1,71,706,71706,80,2010,ZDM1XBLW5AB0,Z,D,M,1,X,B,L,W,5,A,B,0,0,M,DUCA,,,10,17,,,,,,,,,,,,,,,,,,,0,0,000000000,00000000000,0,0,0,1,0,0,0,0,0,0,0,998,0,0,0,0,8,2,1,0,0,0,1,48,77434,6,1,0,0,3,3,999,999,0,0,0,1,0,5,2009,5,2009,0,0,0,0,0,1,2,70,1,1,8,1,0,0,1,64,98,1,1,98,1,0
48,480836,2,2,1,28,4,5,35,1,0,1,0,48,3,12,16,12016,4,2009,2FAHP71V69X1,2,F,A,H,P,7,1,V,6,9,X,1,0,P,FORD,CVP,4D,9,17,0,,0,1147,,F,,F,8,281,,,17R235,,,,,,0,0,000000000,00000000000,0,0,0,1,0,0,0,0,0,0,0,998,0,0,0,9,2,1,12,0,0,0,1,48,77449,6,1,6,0,3,0,999,999,0,0,0,0,0,0,0,0,0,0,16,48,0,0,0,0,0,0,0,0,0,0,0,12,98,1,1,7,98,0,0
48,480837,1,1,2,28,4,1,7,5,0,1,0,48,1,72,706,72706,80,2012,1HD1KEM16CB6,1,H,D,1,K,E,M,1,6,C,B,6,0,M,HD,FTK,RS,12,17,,,,,,,1690,,2,,4,857,,,,,,,0,0,000000000,00000000000,0,0,0,1,0,0,0,0,0,0,0,998,0,0,0,0,6,2,5,0,0,0,1,48,75104,6,1,0,0,3,0,70,213,0,0,0,0,0,0,0,0,0,1,0,0,0,0,3,2,60,2,1,8,1,0,0,14,98,1,1,4,0,2,1
48,480838,1,1,1,28,4,2,32,33,0,1,0,48,2,53,705,53705,80,2011,JS1GN7FA0B21,J,S,1,G,N,7,F,A,0,B,2,1,0,M,SUZI,G60,RC,11,17,,,,,,,599,,4,,4,432,,,,,,,0,0,000000000,00000000000,0,0,0,1,0,0,0,0,0,0,0,998,0,0,0,12,8,2,33,0,0,0,1,48,77469,1,1,0,0,2,3,69,170,1,7,0,1,1,11,2009,4,2012,1,0,0,0,0,2,2,35,3,1,8,1,0,0,15,6,1,1,4,1,1,1
48,480839,1,3,1,28,4,21,10,12,2,1,0,48,2,7,482,7482,31,2001,1B7HC16X91S7,1,B,7,H,C,1,6,X,9,1,S,7,0,T,DODG,150,PK,1,17,,2,1347,1187,RPC,G,,,6,239,,,,B,4010,02,U,42,0,0,000000000,00000000000,0,0,0,1,0,0,0,0,0,0,0,998,0,0,0,12,6,2,12,0,0,0,1,48,75757,0,0,0,0,0,0,999,999,0,0,0,0,0,0,0,0,0,0,91,51,0,0,2,2,70,1,1,8,1,0,0,1,54,1,1,1,52,0,1
48,480839,2,3,2,28,4,21,10,12,2,1,0,48,1,37,31,37031,4,2001,2HGES15531H5,2,H,G,E,S,1,5,5,3,1,H,5,0,P,HOND,UCL,4D,1,17,2465,,0,1031,,G,,F,4,102,,,14R185,,,,,,0,0,000000000,00000000000,0,0,0,1,0,0,0,0,0,0,0,998,0,0,0,12,6,2,12,0,0,0,1,48,75757,1,1,0,0,2,3,999,999,0,12,0,0,0,12,2009,1,2012,0,0,0,0,0,2,2,70,1,1,8,1,0,0,1,54,1,1,1,52,1,0
48,480839,3,3,5,28,4,21,10,12,2,1,0,48,2,20,481,20481,31,1997,2GCEC19R6V12,2,G,C,E,C,1,9,R,6,V,1,2,0,T,CHEV,GC1,PC,97,17,,2,1555,1415,GM4,G,,,8,350,,,,B,4160,00,,42,0,0,000000000,00000000000,0,0,0,1,0,0,0,0,0,0,0,998,0,0,0,12,6,2,12,0,0,0,1,48,75702,0,0,0,0,0,0,999,999,0,0,0,0,0,0,0,0,0,0,0,0,0,0,2,2,70,1,1,8,1,0,0,15,62,1,1,2,98,0,0
48,480840,1,2,1,29,4,3,31,12,1,1,0,92,0,87,881,87881,66,2009,1XP7D49X19D7,1,X,P,7,D,4,9,X,1,9,D,7,1,T,PTRB,387,TR,9,17,,8,0,0,CON,D,,,6,915,,,,,00000,00,,64,1,57,3706,573706,3,6,3,1,0,0,0,0,0,0,0,998,0,0,0,6,4,1,12,0,0,0,1,39,43607,6,1,6,0,3,0,71,160,0,0,0,0,0,0,0,0,0,0,0,0,0,0,2,2,70,1,1,8,1,0,0,15,61,1,1,2,32,0,0
48,480840,2,2,1,29,4,3,31,12,1,1,0,48,2,76,705,76705,80,2007,JYARJ06E87A0,J,Y,A,R,J,0,6,E,8,7,A,0,0,M,YAMA,F6S,RC,7,17,,,,,,,600,,4,,4,357,,,,,,,0,0,000000000,00000000000,0,0,0,1,0,0,0,0,0,0,0,998,0,0,0,12,6,2,12,0,0,0,1,48,77845,1,1,0,0,2,0,999,999,0,24,0,0,0,9,2009,4,2012,1,28,0,0,0,2,2,70,1,1,8,1,0,0,15,6,1,1,2,32,1,1
48,480841,1,1,4,29,4,12,15,8,0,1,0,20,1,7,422,7422,15,2004,1D4HB48N24F1,1,D,4,H,B,4,8,N,2,4,F,1,0,P,DODG,DUR,UT,4,17,4958,,0,1192,,G,,F,8,287,,,17R245,,,,,,0,0,000000000,00000000000,0,0,0,1,0,0,0,0,0,0,0,998,0,0,0,12,2,3,8,0,0,0,1,20,67530,6,1,0,0,3,0,66,135,0,0,0,1,0,12,2009,12,2009,0,0,0,0,0,3,2,70,1,1,8,1,0,0,1,80,1,1,1,13,0,0
48,480842,1,1,1,29,4,23,6,33,0,1,0,48,2,49,401,49401,14,2002,JT3GN86R7202,J,T,3,G,N,8,6,R,7,2,0,2,0,P,TOYT,RUN,UT,2,17,3740,,0,1053,,G,,F,6,206,,,15R225,,,,,,0,0,000000000,00000000000,0,0,0,1,0,0,0,0,0,0,0,998,0,0,0,99,6,2,2,0,0,1,1,48,76248,6,1,0,0,3,3,999,999,0,0,0,0,0,0,0,0,0,1,58,0,0,0,1,2,30,1,1,8,1,0,0,1,10,7,2,4,6,1,0
48,480843,1,3,1,30,4,13,20,25,0,1,0,48,3,87,881,87881,63,2006,1NPAL0EX36D6,1,N,P,A,L,0,E,X,3,6,D,6,0,T,PTRB,357,CC,6,17,,8,0,0,CON,D,,,6,659,,,,,00000,00,,64,0,57,2053405,572053405,3,2,4,1,0,0,0,0,0,0,0,998,0,1,1,12,6,2,2,0,0,1,1,48,77070,6,1,6,0,3,0,999,999,0,0,0,0,1,5,2011,5,2011,0,0,0,0,0,3,2,65,1,2,8,1,0,0,1,1,1,4,4,7,1,0
48,480843,2,3,1,30,4,13,20,25,0,1,0,48,1,49,32,49032,4,2006,1NXBR32E06Z7,1,N,X,B,R,3,2,E,0,6,Z,7,0,P,TOYT,UCS,4D,6,17,2530,,0,1024,,G,,F,4,109,,,15R185,,,,,,0,0,000000000,00000000000,0,0,0,1,0,0,0,0,0,0,0,998,0,0,0,12,2,8,12,0,0,0,1,48,77019,6,1,0,0,3,0,999,999,1,0,0,0,1,7,2010,10,2010,0,0,0,0,0,3,2,65,1,2,8,1,0,0,1,64,1,1,1,98,0,0
48,480843,3,3,1,30,4,13,20,25,0,1,0,48,2,22,9,22009,2,1997,2G2FV22P5V22,2,G,2,F,V,2,2,P,5,V,2,2,0,P,PONT,FTA,2H,97,17,3350,,0,1011,,G,,F,8,350,,,16R235,,,,,,0,0,000000000,00000000000,0,0,0,1,0,0,0,0,0,0,0,998,0,0,0,12,2,8,12,0,0,0,1,48,78728,6,1,0,0,3,0,999,999,0,0,0,0,1,1,2010,1,2010,0,0,0,0,0,3,2,65,1,2,8,1,0,0,1,64,1,1,1,98,0,0
48,480844,1,6,1,30,4,5,5,12,1,1,0,48,3,84,881,84881,66,2013,3HSDJSJR5DN2,3,H,S,D,J,S,J,R,5,D,N,2,1,T,INTL,PRO,TR,13,17,,8,0,0,PRO,D,,,6,793,,,,,00000,00,,64,1,57,1938147,571938147,3,6,98,1,0,0,0,0,0,0,0,998,0,0,0,12,4,3,12,0,0,0,1,48,75067,6,1,6,0,3,3,999,999,1,0,0,1,0,3,2011,6,2011,1,0,0,0,0,3,3,70,1,1,8,1,0,0,1,50,1,1,1,20,0,0
48,480844,2,6,2,30,4,5,5,12,1,1,0,48,1,23,481,23481,31,2002,1GTHK29U32E2,1,G,T,H,K,2,9,U,3,2,E,2,0,T,GMC,2KH,4C,2,17,,2,1575,1430,SIE,G,,,8,364,,,,C,5497,03,U,44,0,0,000000000,00000000000,0,0,0,1,0,0,0,0,0,0,0,0,0,0,0,6,6,2,12,0,0,0,1,48,78753,6,1,0,0,3,0,999,999,0,0,0,0,0,0,0,0,0,0,0,0,0,0,3,3,70,1,1,8,1,0,0,5,53,1,1,1,21,1,0
48,480844,3,6,1,30,4,5,5,12,1,1,0,48,2,82,881,82881,66,2000,1FUYSSZB5YLB,1,F,U,Y,S,S,Z,B,5,Y,L,B,5,T,FRHT,FC2,TR,0,17,,8,0,0,CON,D,,,6,774,,,,,00000,00,,64,1,57,1080260,571080260,3,5,12,1,0,0,0,0,0,0,0,0,0,0,0,6,2,8,12,0,0,0,1,48,75043,6,1,6,0,3,0,999,999,0,0,0,0,1,6,2009,6,2009,0,0,0,0,0,3,3,70,1,1,8,1,0,0,5,53,1,1,1,98,0,0
48,480844,4,6,2,30,4,5,5,12,1,1,0,48,1,12,481,12481,31,2005,1FTSW21P15EB,1,F,T,S,W,2,1,P,1,5,E,B,1,T,FORD,F2S,CW,5,17,,2,1724,1562,SRW,D,,,8,366,,,,C,6538,00,E,44,1,0,000000000,00000000000,0,0,0,1,0,0,0,0,0,0,0,0,0,0,0,6,4,3,12,0,0,0,1,48,78660,6,1,0,0,3,3,999,999,0,0,0,0,0,0,0,0,0,0,0,0,0,0,3,3,70,1,1,8,1,0,0,5,53,1,1,1,98,0,0
48,480844,5,6,1,30,4,5,5,12,1,1,0,48,1,12,461,12461,21,2003,1FTRE14293HA,1,F,T,R,E,1,4,2,9,3,H,A,0,T,FORD,15V,CG,3,17,,2,0,1380,VAN,G,,,6,256,,,,B,00000,00,E,42,0,0,000000000,00000000000,0,0,0,1,0,0,0,0,0,0,0,0,0,0,0,6,4,3,12,0,0,0,1,48,78612,6,1,0,0,3,0,999,999,0,1,0,0,0,10,2011,10,2011,0,0,0,0,0,3,3,70,1,1,8,1,0,0,5,53,1,1,1,98,0,0
48,480844,6,6,1,30,4,5,5,12,1,1,0,48,2,49,40,49040,4,1993,4T1SK12EXPU2,4,T,1,S,K,1,2,E,X,P,U,2,0,P,TOYT,CLE,4D,93,17,3053,,0,1031,,G,,F,4,132,,,000000,,,,,,0,0,000000000,00000000000,0,0,0,1,0,0,0,0,0,0,0,0,0,0,0,6,4,3,12,0,0,0,1,48,78748,6,1,6,0,3,0,999,999,1,3,0,1,1,7,2009,5,2011,0,0,0,0,0,3,3,70,1,1,8,1,0,0,5,53,1,1,1,98,0,0
48,480845,1,2,1,28,3,6,24,12,6,1,0,48,1,20,481,20481,31,2000,1GCEK19T9YE2,1,G,C,E,K,1,9,T,9,Y,E,2,0,T,CHEV,SK1,3C,0,17,,2,1575,1435,SIL,G,,,8,325,,,,B,4621,02,,44,0,0,000000000,00000000000,0,0,0,1,0,0,0,0,0,0,0,998,0,0,0,11,2,3,12,0,0,0,1,48,76448,6,1,7,0,3,0,999,999,0,0,0,0,0,0,0,0,0,0,38,0,0,0,1,2,98,8,8,8,1,20,3,11,15,1,1,1,82,0,0
48,480845,2,2,1,28,3,6,24,12,6,1,0,48,1,37,706,37706,80,2002,1HFSC18042A6,1,H,F,S,C,1,8,0,4,2,A,6,0,M,HOND,VT1,RS,2,17,,,,,,,1099,,2,,4,553,,,,,,,0,0,000000000,00000000000,0,0,0,1,0,0,0,0,0,0,0,998,0,0,0,12,4,3,12,0,0,0,1,48,76466,0,0,0,0,0,0,999,999,0,0,0,0,0,0,0,0,0,0,0,0,0,0,1,2,98,1,1,8,1,0,0,1,67,1,1,1,83,1,0
48,480846,1,2,2,13,4,20,44,44,0,1,0,48,2,12,481,12481,31,2003,1FTNW20P53ED,1,F,T,N,W,2,0,P,5,3,E,D,0,T,FORD,F2S,CW,3,17,,2,1724,1562,SRW,D,,,8,366,,,,C,5870,00,E,42,0,0,000000000,00000000000,0,0,0,1,0,0,0,0,0,0,0,998,0,0,0,0,6,2,12,0,0,0,1,48,78022,6,1,0,0,3,0,999,999,0,21,0,0,0,4,2009,1,2012,0,0,0,0,0,1,2,70,1,1,8,1,0,0,1,98,6,2,6,0,1,0
48,480846,2,2,2,13,4,20,44,44,0,1,0,22,3,20,481,20481,31,2011,1GC1KVC81BF2,1,G,C,1,K,V,C,8,1,B,F,2,0,T,CHEV,2KH,CW,11,17,,2,1677,1537,SIL,D,,,8,403,,,,C,7208,02,,44,0,0,000000000,00000000000,0,0,0,1,0,0,0,0,0,0,0,998,0,0,0,12,6,2,12,0,0,0,1,22,70583,6,1,0,0,3,0,70,150,0,0,0,2,0,7,2009,7,2009,0,0,0,0,0,1,2,70,1,1,8,1,0,0,1,62,1,1,1,98,2,1
48,480847,1,2,1,13,4,6,0,12,2,1,0,34,3,82,881,82881,66,2008,1XPHD49X38D7,1,X,P,H,D,4,9,X,3,8,D,7,1,T,PTRB,386,TR,8,17,,8,0,0,CON,D,,,6,915,,,,,00000,00,,64,1,57,688633,57688633,3,6,2,2,2,1791,8,8,0,0,0,998,0,0,0,12,6,2,12,0,0,0,1,48,77545,6,1,6,1,3,3,999,999,1,0,0,1,0,8,2009,12,2009,0,28,0,0,0,1,2,70,1,1,8,1,0,0,1,10,1,1,2,50,0,0
48,480847,2,2,1,13,4,6,0,12,2,1,0,48,1,35,43,35043,4,1996,1N4AB41D2TC7,1,N,4,A,B,4,1,D,2,T,C,7,0,P,NISS,EXE,4D,96,17,2237,,0,998,,G,,F,4,097,,,13R155,,,,,,0,0,000000000,00000000000,0,0,0,1,0,0,0,0,0,0,0,998,0,1,5,12,6,2,12,0,0,0,1,48,77043,6,1,0,0,3,0,999,999,0,0,0,0,1,10,2011,10,2011,0,0,0,0,0,1,2,70,1,1,8,1,0,0,1,62,1,1,1,51,1,0
48,480849,1,1,1,17,4,15,15,42,0,1,0,48,1,22,9,22009,2,1989,1G2FS21S3KL2,1,G,2,F,S,2,1,S,3,K,L,2,0,P,PONT,FBD,2H,89,17,3083,,0,1010,,G,,F,6,173,,,16R215,,,,,,0,0,000000000,00000000000,0,0,0,1,0,0,0,0,0,0,0,998,0,0,0,12,6,2,2,0,0,1,1,48,78006,6,1,0,0,3,3,999,999,1,0,0,0,0,1,2011,1,2011,1,0,0,0,0,1,2,45,1,3,8,1,0,0,1,6,1,1,4,1,1,1
48,480850,1,1,1,24,4,13,57,33,0,1,0,48,1,72,706,72706,80,1999,1HD1FCW14XY6,1,H,D,1,F,C,W,1,4,X,Y,6,0,M,HD,FLU,RS,99,17,,,,,,,1450,,2,,4,788,,,,,,,0,0,000000000,00000000000,0,0,0,1,0,0,0,0,0,0,0,998,0,0,0,12,8,3,33,0,0,0,1,48,77316,6,1,0,0,3,3,999,999,0,0,0,0,0,0,0,0,0,0,27,0,0,0,2,4,50,2,1,1,1,0,0,15,12,1,1,4,6,1,0
48,480851,1,1,2,28,4,0,35,1,0,1,0,48,1,7,482,7482,31,2010,3D73Y3CLXAG1,3,D,7,3,Y,3,C,L,X,A,G,1,0,T,DODG,350,CW,10,17,,3,1690,1490,RPC,D,,,6,408,,,,D,6948,07,E,44,0,0,000000000,00000000000,0,0,0,1,0,0,0,0,0,0,0,998,0,1,5,0,4,3,1,0,0,0,1,48,78380,6,1,0,0,3,0,999,999,0,0,0,0,0,0,0,0,0,0,58,0,0,0,2,2,70,1,1,8,1,0,0,1,13,6,3,4,2,1,1