STATE,ST_CASE,VEH_NO,VE_FORMS,NUMOCCS,DAY,MONTH,HOUR,MINUTE,HARM_EV,MAN_COLL,UNITTYPE,HIT_RUN,REG_STAT,OWNER,MAKE,MODEL,MAK_MOD,BODY_TYP,MOD_YEAR,VIN,VIN_1,VIN_2,VIN_3,VIN_4,VIN_5,VIN_6,VIN_7,VIN_8,VIN_9,VIN_10,VIN_11,VIN_12,TOW_VEH,VINTYPE,VINMAKE,VINA_MOD,VIN_BT,VINMODYR,VIN_LNGT,VIN_WGT,WGTCD_TR,WHLBS_LG,WHLBS_SH,SER_TR,FUELCODE,MCYCL_DS,CARBUR,CYLINDER,DISPLACE,MCYCL_CY,MCYCL_WT,TIRE_SZE,TON_RAT,TRK_WT,TRKWTVAR,VIN_REST,WHLDRWHL,J_KNIFE,MCARR_I1,MCARR_I2,MCARR_ID,GVWR,V_CONFIG,CARGO_BT,HAZ_INV,HAZ_PLAC,HAZ_ID,HAZ_CNO,HAZ_REL,BUS_USE,SPEC_USE,EMER_USE,TRAV_SP,UNDERIDE,ROLLOVER,ROLINLOC,IMPACT1,DEFORMED,TOWED,M_HARM,VEH_SC1,VEH_SC2,FIRE_EXP,DR_PRES,L_STATE,DR_ZIP,L_STATUS,L_TYPE,CDL_STAT,L_ENDORS,L_COMPL,L_RESTRI,DR_HGT,DR_WGT,PREV_ACC,PREV_SUS,PREV_DWI,PREV_SPD,PREV_OTH,FIRST_MO,FIRST_YR,LAST_MO,LAST_YR,SPEEDREL,DR_SF1,DR_SF2,DR_SF3,DR_SF4,VTRAFWAY,VNUM_LAN,VSPD_LIM,VALIGN,VPROFILE,VPAVETYP,VSURCOND,VTRAFCON,VTCONT_F,P_CRASH1,P_CRASH2,P_CRASH3,PCRASH4,PCRASH5,ACC_TYPE,DEATHS,DR_DRINK
48,480920,1,1,2,6,5,6,45,42,0,1,0,48,2,12,481,12481,31,1999,1FTRX17L9XKB,1,F,T,R,X,1,7,L,9,X,K,B,0,T,FORD,F15,4C,99,17,,2,1571,1385,COF,G,,,8,330,,,,B,00000,00,U,42,0,0,000000000,00000000000,0,0,0,1,0,0,0,0,0,0,0,998,0,0,0,2,6,2,42,0,0,0,1,48,76832,6,1,0,0,3,2,999,999,0,0,0,0,0,0,0,0,0,0,74,0,0,0,1,2,70,3,2,8,1,0,0,14,13,6,4,4,1,1,1
48,480921,1,1,1,6,5,2,18,25,0,1,0,48,2,41,50,41050,4,2003,1YVFP80C635M,1,Y,V,F,P,8,0,C,6,3,5,M,0,P,MAZD,M6I,4D,3,17,3042,,0,1053,,G,,F,4,138,,,16R205,,,,,,0,0,000000000,00000000000,0,0,0,1,0,0,0,0,0,0,0,998,0,1,1,10,9,2,25,0,0,0,1,48,78046,6,1,6,0,3,0,999,999,0,6,0,0,0,11,2009,12,2011,1,0,0,0,0,3,3,55,1,1,8,1,0,0,1,12,3,2,4,6,1,0
48,480922,1,1,2,7,5,2,40,25,0,1,0,48,1,14,401,14401,14,2002,4M2ZU66E92ZJ,4,M,2,Z,U,6,6,E,9,2,Z,J,0,P,MERC,MOU,UT,2,17,4170,,0,1138,,G,,F,6,245,,,16R245,,,,,,0,0,000000000,00000000000,0,0,0,1,0,0,0,0,0,0,0,998,0,1,1,11,2,3,25,0,0,0,1,48,77083,6,1,0,0,3,0,999,999,1,0,0,1,0,2,2010,4,2012,0,0,0,0,0,3,5,65,1,1,1,1,0,0,1,12,1,1,4,6,1,0
48,480923,1,2,1,7,5,4,32,12,6,1,0,48,2,55,33,55033,4,2005,KMHWF25S95A1,K,M,H,W,F,2,5,S,9,5,A,1,0,P,HYUN,SOL,4D,5,17,3181,,0,1063,,G,,F,4,143,,,16R205,,,,,,0,0,000000000,00000000000,0,0,0,1,0,0,0,0,0,0,0,998,0,0,0,3,6,2,12,0,0,0,1,48,78550,6,1,0,0,3,0,999,999,0,0,0,0,0,0,0,0,0,0,58,0,0,0,2,2,70,1,2,8,1,0,0,1,12,7,4,4,66,1,0
48,480923,2,2,2,7,5,4,32,12,6,1,0,48,1,7,880,7880,67,2003,3D7MA48C33G7,3,D,7,M,A,4,8,C,3,3,G,7,0,T,DODG,SQ3,CW,3,17,,3,0,1600,RPC,D,,,6,359,,,,D,6057,07,E,42,0,88,888888888,88888888888,2,1,97,1,0,0,0,0,0,0,0,998,0,0,0,12,6,2,12,0,0,0,1,48,78516,6,1,0,0,3,0,999,999,0,0,0,0,0,0,0,0,0,0,0,0,0,0,2,2,70,1,2,8,1,0,0,1,64,1,1,1,66,0,0
48,480924,1,1,2,7,5,16,5,1,0,1,0,48,1,12,401,12401,14,1998,1FMZU32E0WZB,1,F,M,Z,U,3,2,E,0,W,Z,B,0,P,FORD,EPR,UT,98,17,3911,,0,1115,,G,,F,6,245,,,15R225,,,,,,0,0,000000000,00000000000,0,0,0,1,0,0,0,0,0,0,0,998,0,1,5,0,6,2,1,0,0,0,1,48,76657,6,1,0,0,3,0,999,999,0,0,0,0,0,0,0,0,0,0,0,0,0,0,1,2,60,1,2,8,1,0,0,1,1,1,3,4,2,1,0
48,480925,1,1,2,7,5,17,18,8,0,1,1,48,2,55,36,55036,4,1995,KMHVF14N2SU1,K,M,H,V,F,1,4,N,2,S,U,1,0,P,HYUN,ACC,4D,95,17,2167,,0,945,,G,,F,4,091,,,13R175,,,,,,0,0,000000000,00000000000,0,0,0,1,0,0,0,0,0,0,0,998,0,0,0,12,2,3,8,0,0,0,1,48,78745,0,0,0,0,0,0,999,999,0,0,0,0,0,0,0,0,0,0,91,0,0,0,1,4,35,3,1,8,1,0,0,14,13,1,1,4,1,0,0
48,480926,1,1,1,8,5,13,25,30,0,1,0,48,1,23,481,23481,31,1971,CE134S134106,C,E,1,3,4,S,1,3,4,1,0,6,0,T,GMC,C15,PK,71,12,,1,1270,1040,C15,G,,,8,,,,,,,,,42,0,0,000000000,00000000000,0,0,0,1,0,0,0,0,0,0,0,998,0,0,0,3,4,3,30,0,0,0,1,48,75803,6,1,0,0,3,0,999,999,0,0,0,0,0,0,0,0,0,1,0,0,0,0,1,2,50,3,2,8,2,0,0,14,6,1,4,4,7,1,0
48,480927,1,4,1,8,5,11,34,12,6,1,0,48,3,20,881,20881,61,2008,1GBE4C1928F4,1,G,B,E,4,C,1,9,2,8,F,4,1,T,CHEV,C4C,CB,8,17,,5,1880,1280,C45,D,,,8,403,,,,,00000,00,,42,1,57,1615108,571615108,2,4,3,1,0,0,0,0,0,0,0,0,0,0,0,2,4,3,12,0,0,0,1,48,76049,6,1,6,0,3,3,999,999,0,0,0,0,1,3,2010,3,2010,0,0,0,0,0,1,4,70,1,1,8,1,3,3,5,64,1,1,1,90,0,0
48,480927,2,4,2,8,5,11,34,12,6,1,0,48,2,20,422,20422,15,2012,1GNSCHE01CR2,1,G,N,S,C,H,E,0,1,C,R,2,0,P,CHEV,C15,UT,12,17,5672,,0,1300,,F,,F,8,323,,,17R265,,,,,,0,0,000000000,00000000000,0,0,0,1,0,0,0,0,0,0,0,0,0,0,0,5,4,1,12,0,0,0,1,48,76048,6,1,0,0,3,3,999,999,0,5,0,1,1,6,2009,5,2011,0,0,0,0,0,1,4,70,1,1,8,1,3,3,5,61,1,1,1,98,0,0
48,480927,3,4,1,8,5,11,34,12,6,1,0,1,1,24,398,24398,4,2002,1G8JS54F82Y5,1,G,8,J,S,5,4,F,8,2,Y,5,0,P,STRN,L10,4D,2,17,2989,,0,1065,,G,,F,4,134,,,15R195,,,,,,0,0,000000000,00000000000,0,0,0,1,0,0,0,0,0,0,0,0,0,0,0,3,4,3,12,0,0,0,1,1,76043,6,1,0,0,3,0,67,135,0,0,0,0,0,0,0,0,0,0,0,0,0,0,1,4,70,1,1,8,1,3,3,5,61,1,1,1,98,0,0
48,480927,4,4,1,8,5,11,34,12,6,1,0,48,1,49,32,49032,4,2008,1NXBR32E88Z0,1,N,X,B,R,3,2,E,8,8,Z,0,0,P,TOYT,UCS,4D,8,17,2530,,0,1024,,G,,F,4,110,,,15R185,,,,,,0,0,000000000,00000000000,0,0,0,1,0,0,0,0,0,0,0,998,0,0,0,12,6,2,12,0,0,0,1,48,76049,6,1,0,0,3,3,999,999,0,0,0,1,0,1,2010,1,2010,0,0,0,0,0,1,2,99,1,1,8,1,3,3,1,12,1,1,4,90,1,0
48,480928,1,1,1,8,5,17,35,1,0,1,0,48,1,72,706,72706,80,2003,1HD1FRW143Y7,1,H,D,1,F,R,W,1,4,3,Y,7,0,M,HD,FCI,RS,3,17,,,,,,,1450,,2,,4,710,,,,,,,0,0,000000000,00000000000,0,0,0,1,0,0,0,0,0,0,0,998,0,0,0,0,9,2,1,32,0,0,1,48,75951,6,1,0,0,3,0,999,999,2,0,0,0,2,7,2010,4,2011,1,0,0,0,0,1,2,60,2,1,8,1,0,0,14,12,1,1,4,6,1,1
48,480929,1,1,1,8,5,0,30,53,0,1,0,48,1,23,481,23481,31,2006,3GTEK14Z86G2,3,G,T,E,K,1,4,Z,8,6,G,2,0,T,GMC,NK1,PK,6,17,,2,1330,1190,SIE,F,,,8,323,,,,B,4508,01,4,44,0,0,000000000,00000000000,0,0,0,1,0,0,0,0,0,0,0,998,0,0,0,12,6,2,53,0,0,0,1,48,79109,6,1,0,0,3,0,999,999,0,0,0,0,0,0,0,0,0,0,0,0,0,0,1,2,30,3,1,8,1,0,0,14,12,1,1,4,6,1,0
48,480930,1,1,1,9,5,2,49,59,0,1,0,48,2,20,402,20402,14,2000,2CNBE13C1Y69,2,C,N,B,E,1,3,C,1,Y,6,9,0,P,CHEV,TKR,UT,0,17,2866,,0,976,,G,,F,4,122,,,15R195,,,,,,0,0,000000000,00000000000,0,0,0,1,0,0,0,0,0,0,0,998,0,1,5,12,4,3,1,0,0,0,1,48,77566,6,1,0,0,3,0,69,216,0,13,0,0,3,11,2009,2,2012,1,0,0,0,0,2,2,45,4,2,8,1,20,3,14,12,1,1,4,6,1,1
48,480931,1,2,1,9,5,21,27,12,1,1,0,48,1,72,706,72706,80,2012,1HD1KBM12CB6,1,H,D,1,K,B,M,1,2,C,B,6,0,M,HD,FHX,RS,12,17,,,,,,,1690,,2,,4,785,,,,,,,0,0,000000000,00000000000,0,0,0,1,0,0,0,0,0,0,0,998,0,0,0,12,2,3,12,0,0,0,1,48,75023,6,1,0,0,3,0,999,999,0,0,0,0,0,0,0,0,0,1,0,0,0,0,4,2,60,1,1,8,1,97,8,1,52,1,1,1,28,1,0
48,480931,2,2,1,9,5,21,27,12,1,1,0,48,1,59,403,59403,14,2011,2T2ZK1BA5BC0,2,T,2,Z,K,1,B,A,5,B,C,0,0,P,LEXS,RX5,UT,11,17,4178,,0,1079,,G,,F,6,211,,,18R235,,,,,,0,0,000000000,00000000000,0,0,0,1,0,0,0,0,0,0,0,998,0,0,0,6,4,3,12,0,0,0,1,48,75025,6,1,0,0,3,0,999,999,0,0,0,0,0,0,0,0,0,0,0,0,0,0,4,2,60,1,1,8,1,97,8,2,15,1,1,1,30,0,0
48,480932,1,2,1,9,5,7,46,12,6,1,0,48,1,49,402,49402,14,1999,JT3HP10V2X71,J,T,3,H,P,1,0,V,2,X,7,1,0,P,TOYT,RV4,UT,99,17,2762,,0,949,,G,,F,4,122,,,16R215,,,,,,0,0,000000000,00000000000,0,0,0,1,0,0,0,0,0,0,0,998,0,0,0,12,2,3,12,0,0,0,1,48,75098,6,1,0,0,3,0,999,999,0,0,0,0,0,0,0,0,0,0,38,0,0,0,0,0,0,0,0,0,0,0,0,10,16,1,1,1,84,0,0
48,480932,2,2,1,9,5,7,46,12,6,1,0,48,1,35,402,35402,14,2007,5N1AN08U87C5,5,N,1,A,N,0,8,U,8,7,C,5,0,P,NISS,XTR,UT,7,17,4026,,0,1063,,G,,F,6,244,,,16R265,,,,,,0,0,000000000,00000000000,0,0,0,1,0,0,0,0,0,0,0,998,0,1,5,3,4,3,1,0,0,0,1,48,75093,6,1,0,0,3,0,999,999,0,0,0,0,0,0,0,0,0,0,27,0,0,0,2,6,40,1,1,8,1,0,0,15,70,1,1,2,84,1,0
48,480933,1,2,1,9,5,21,17,12,2,1,0,48,2,23,401,23401,14,2002,1GKDS13S9221,1,G,K,D,S,1,3,S,9,2,2,1,0,T,GMC,ENV,4W,2,17,,1,0,1130,ENV,G,,,6,256,,,,B,4442,00,K,42,0,0,000000000,00000000000,0,0,0,1,0,0,0,0,0,0,0,998,0,0,0,12,6,2,12,0,0,0,1,48,75757,6,1,0,0,3,0,999,999,0,0,0,0,0,0,0,0,0,0,28,51,0,0,5,2,55,2,2,8,1,0,0,14,10,1,1,2,50,0,0
48,480933,2,2,1,9,5,21,17,12,2,1,0,48,1,20,2,20002,4,2004,2G1WF52E8492,2,G,1,W,F,5,2,E,8,4,9,2,0,P,CHEV,IMP,4D,4,17,3389,,0,1105,,G,,F,6,207,,,16R225,,,,,,0,0,000000000,00000000000,0,0,0,1,0,0,0,0,0,0,0,998,0,0,0,12,6,2,12,0,0,0,1,48,75757,6,1,0,0,3,0,999,999,0,0,0,0,0,0,0,0,0,0,0,0,0,0,5,2,55,3,2,8,1,0,0,14,62,1,1,1,51,1,0
48,480934,1,1,1,9,5,14,7,33,0,1,0,48,1,77,706,77706,80,2002,5VPTD16D5230,5,V,P,T,D,1,6,D,5,2,3,0,0,M,VCTY,TDD,RS,2,17,,,,,,,1507,,2,,4,727,,,,,,,0,0,000000000,00000000000,0,0,0,1,0,0,0,0,0,0,0,998,0,0,0,99,8,3,33,0,0,0,1,48,76017,6,1,0,0,3,3,999,999,1,0,0,4,0,8,2010,1,2011,1,27,35,0,0,2,4,40,1,1,8,1,0,0,6,12,1,1,4,6,1,0
48,480935,1,2,1,10,5,7,10,12,2,1,0,48,1,49,45,49045,2,2002,JTDAT1233202,J,T,D,A,T,1,2,3,3,2,0,2,0,P,TOYT,ECH,2D,2,17,2035,,0,934,,G,,F,4,091,,,14R175,,,,,,0,0,000000000,00000000000,0,0,0,1,0,0,0,0,0,0,0,998,0,0,0,12,6,2,12,0,0,0,1,48,75494,6,1,0,0,3,0,999,999,0,0,0,0,0,0,0,0,0,0,0,0,0,0,1,2,60,2,2,8,1,0,0,14,62,7,1,4,50,1,0
48,480935,2,2,1,10,5,7,10,12,2,1,0,48,0,49,33,49033,2,1996,JT2DB02T2T00,J,T,2,D,B,0,2,T,2,T,0,0,0,P,TOYT,CA5,2H,96,17,2415,,0,999,,G,,F,4,108,,,14R185,,,,,,0,0,000000000,00000000000,0,0,0,1,0,0,0,0,0,0,0,998,0,0,0,12,6,2,12,0,0,0,1,48,75119,6,1,0,0,3,3,999,999,0,0,0,0,0,0,0,0,0,1,51,58,0,0,1,2,60,3,2,8,1,0,0,14,6,6,2,4,51,0,0
48,480936,1,2,3,10,5,22,0,12,6,1,0,48,2,20,422,20422,15,2008,3GNFC16J98G1,3,G,N,F,C,1,6,J,9,8,G,1,0,P,CHEV,C15,UT,8,17,5607,,0,1300,,G,,F,8,323,,,17R265,,,,,,0,0,000000000,00000000000,0,0,0,1,0,0,0,0,0,0,0,998,0,0,0,9,6,2,12,0,0,0,1,48,76371,6,1,0,0,3,0,999,999,0,0,0,0,0,0,0,0,0,0,38,0,0,0,1,2,98,8,8,8,2,20,3,1,17,1,1,1,89,1,0
48,480936,2,2,1,10,5,22,0,12,6,1,0,48,3,23,881,23881,66,1995,4V1WDBRH7SN6,4,V,1,W,D,B,R,H,7,S,N,6,0,T,WHGM,WIA,TR,95,17,,8,0,0,ARO,D,,,6,774,,,,,00000,00,,64,0,57,387132,57387132,3,5,96,1,0,0,0,0,0,0,0,998,0,0,0,12,4,3,12,0,0,0,1,20,66725,6,1,6,0,3,0,69,145,0,0,0,0,0,0,0,0,0,0,0,0,0,0,1,2,70,1,1,8,2,0,0,1,66,6,1,1,88,0,0
48,480937,1,1,1,10,5,2,18,52,0,1,0,48,1,35,47,35047,4,2005,1N4AL11D55C1,1,N,4,A,L,1,1,D,5,5,C,1,0,P,NISS,ASL,4D,5,17,2915,,0,1102,,G,,F,4,153,,,16R215,,,,,,0,0,000000000,00000000000,0,0,0,1,0,0,0,0,0,0,0,998,0,0,0,12,8,3,52,0,0,0,1,48,76502,6,1,0,0,3,3,999,999,0,0,0,1,0,8,2011,8,2011,0,0,0,0,0,3,2,70,1,2,8,1,0,0,1,9,99,1,4,6,1,1
48,480938,1,2,3,16,4,14,1,12,6,1,0,35,1,12,37,12037,4,2011,1FAHP3FN6BW1,1,F,A,H,P,3,F,N,6,B,W,1,0,P,FORD,FSE,4D,11,17,2623,,0,1029,,G,,F,4,122,,,15R195,,,,,,0,0,000000000,00000000000,0,0,0,1,0,0,0,0,0,0,0,998,0,0,0,1,4,3,12,0,0,0,1,48,79360,6,1,0,0,3,0,999,999,0,0,0,0,0,0,0,0,0,0,38,0,0,0,1,2,98,8,8,8,1,20,3,4,17,1,1,1,87,0,0
48,480938,2,2,1,16,4,14,1,12,6,1,0,48,3,86,881,86881,66,2006,1M1AJ06Y66N0,1,M,1,A,J,0,6,Y,6,6,N,0,1,T,MACK,CHN,TR,6,17,,8,0,0,600,D,,,6,728,,,,,00000,00,,64,1,57,1686734,571686734,3,6,2,1,0,0,0,0,0,0,0,998,0,1,5,12,4,3,1,0,0,0,1,48,79928,6,1,6,1,3,1,999,999,0,0,0,0,0,0,0,0,0,0,0,0,0,0,1,2,75,1,1,8,1,0,0,1,66,1,1,1,86,1,0
48,480939,1,2,1,18,4,15,49,12,6,1,0,48,1,85,881,85881,63,1998,1XKDDR9X9WJ7,1,X,K,D,D,R,9,X,9,W,J,7,0,T,KW,T80,TR,98,17,,8,2600,1600,CON,D,,,6,774,,,,,00000,00,,64,0,57,1994006,571994006,3,2,4,1,0,0,0,0,0,0,0,998,0,0,0,1,6,2,12,0,0,0,1,48,79764,6,1,7,0,3,2,999,999,0,0,0,0,0,0,0,0,0,0,38,74,0,0,1,2,98,8,8,8,1,20,3,4,17,1,1,1,87,0,0
48,480939,2,2,2,18,4,15,49,12,6,1,0,48,3,12,461,12461,21,2007,1FTNE24L67DB,1,F,T,N,E,2,4,L,6,7,D,B,0,T,FORD,25V,CG,7,17,,2,0,1380,VAN,G,,,8,330,,,,C,00000,00,E,42,0,0,000000000,00000000000,0,0,0,1,0,0,0,0,0,0,0,998,0,0,0,12,6,2,12,0,0,0,1,48,76012,6,1,0,0,3,0,999,999,0,0,0,0,0,0,0,0,0,0,0,0,0,0,1,2,75,1,1,8,1,0,0,1,66,1,1,1,86,1,0
48,480940,1,1,3,27,4,1,45,1,0,1,0,48,1,12,3,12003,2,1999,1FAFP444XXF1,1,F,A,F,P,4,4,4,X,X,F,1,0,P,FORD,MUS,CV,99,17,3211,,0,1013,,G,,F,6,232,,,15R205,,,,,,0,0,000000000,00000000000,0,0,0,1,0,0,0,0,0,0,0,998,0,2,5,0,4,3,1,0,0,0,1,48,78586,1,1,0,0,2,0,999,999,1,1,0,0,0,5,2010,2,2012,1,0,0,0,0,1,2,65,2,1,8,1,0,0,14,6,1,3,4,2,1,1
48,480941,1,1,1,28,4,11,5,1,0,1,0,48,2,12,422,12422,15,1998,1FMPU18L9WLB,1,F,M,P,U,1,8,L,9,W,L,B,0,P,FORD,EPT,UT,98,17,5177,,0,1190,,G,,F,8,330,,,16R255,,,,,,0,0,000000000,00000000000,0,0,0,1,0,0,0,0,0,0,0,998,0,1,5,0,2,3,1,0,0,0,1,48,78572,0,0,0,0,0,0,999,999,0,0,0,0,0,0,0,0,0,1,58,0,0,0,1,2,30,3,1,8,1,0,0,14,13,1,3,4,2,1,0
48,480942,1,1,1,5,5,1,34,38,0,1,0,48,1,20,2,20002,4,2004,2G1WH52K6494,2,G,1,W,H,5,2,K,6,4,9,4,0,P,CHEV,IPL,4D,4,17,3466,,0,1105,,G,,F,6,231,,,16R225,,,,,,0,0,000000000,00000000000,0,0,0,1,0,0,0,0,0,0,0,998,0,1,5,99,4,3,1,0,0,0,1,48,79762,6,1,0,0,3,0,999,999,0,0,0,1,2,9,2010,4,2012,1,0,0,0,0,1,2,60,1,1,8,1,0,0,1,12,1,4,4,7,1,1
48,480943,1,1,4,6,5,9,0,1,0,1,0,37,2,20,421,20421,15,2003,1GNEK13Z53R2,1,G,N,E,K,1,3,Z,5,3,R,2,0,P,CHEV,KTA,UT,3,17,5050,,0,1160,,F,,F,8,325,,,16R265,,,,,,0,0,000000000,00000000000,0,0,0,1,0,0,0,0,0,0,0,998,0,1,3,0,6,2,1,0,0,0,1,37,28711,6,1,0,0,3,0,70,999,0,0,0,0,0,0,0,0,0,0,58,0,0,0,2,2,75,1,1,8,1,0,0,1,12,7,4,4,7,4,0
48,480944,1,2,7,6,5,17,35,12,6,1,0,48,1,12,422,12422,15,2000,1FMRU1561YLA,1,F,M,R,U,1,5,6,1,Y,L,A,0,P,FORD,EPT,UT,0,17,4886,,0,1191,,G,,F,8,281,,,16R255,,,,,,0,0,000000000,00000000000,0,0,0,1,0,0,0,0,0,0,0,998,0,0,0,2,4,3,12,0,0,0,1,48,75220,6,1,0,0,3,0,999,999,0,0,0,0,0,0,0,0,0,0,38,0,0,0,2,3,35,1,1,8,1,3,3,11,15,1,1,1,68,0,0
48,480944,2,2,1,6,5,17,35,12,6,1,0,48,1,72,706,72706,80,2009,1HD1CT31X9K4,1,H,D,1,C,T,3,1,X,9,K,4,0,M,HD,20C,RS,9,17,,,,,,,1202,,2,,4,589,,,,,,,0,0,000000000,00000000000,0,0,0,1,0,0,0,0,0,0,0,998,0,0,0,12,9,2,12,0,0,0,1,48,75006,6,1,0,0,3,3,65,191,0,0,0,0,0,0,0,0,0,0,0,0,0,0,2,3,35,1,1,8,1,3,3,1,62,3,2,1,69,1,0
48,480945,1,2,1,10,5,5,47,12,6,1,0,48,1,72,706,72706,80,2007,1HD1FR4187Y6,1,H,D,1,F,R,4,1,8,7,Y,6,0,M,HD,FCI,RS,7,17,,,,,,,1584,,2,,4,732,,,,,,,0,0,000000000,00000000000,0,0,0,1,0,0,0,0,0,0,0,39,0,0,0,12,9,2,12,0,0,0,1,48,75232,6,1,6,0,3,0,65,181,0,0,0,0,0,0,0,0,0,1,39,0,0,0,2,3,40,1,2,8,1,3,3,1,17,3,2,1,69,1,0
48,480945,2,2,1,10,5,5,47,12,6,1,0,48,2,35,472,35472,30,2006,1N6BD06T16C4,1,N,6,B,D,0,6,T,1,6,C,4,0,T,NISS,FKX,PC,6,17,,1,0,1259,FRT,G,,,4,152,,,,C,3675,00,K,42,0,0,000000000,00000000000,0,0,0,1,0,0,0,0,0,0,0,998,0,1,1,3,4,3,12,0,0,0,1,48,75211,6,1,0,0,3,0,999,999,1,0,0,0,0,3,2010,3,2010,0,0,0,0,0,2,3,40,1,2,8,1,3,3,11,66,1,1,1,68,0,0
48,480946,1,1,29,11,5,16,18,8,0,1,0,48,3,84,981,84981,50,2011,4DRBUAAN0BB3,4,D,R,B,U,A,A,N,0,B,B,3,0,U,,,,,17,,,,,,,,,,,,,,,,,,,0,88,888888888,88888888888,3,21,22,1,0,0,0,0,1,0,0,998,0,0,0,12,9,9,8,0,0,0,1,48,77551,6,1,6,1,3,3,999,999,0,0,0,0,0,0,0,0,0,0,0,0,0,0,1,2,99,1,1,8,1,3,3,10,16,1,1,1,13,0,0
48,480947,1,2,2,11,5,18,7,12,6,1,0,48,1,20,471,20471,30,2003,1GCCS14H0382,1,G,C,C,S,1,4,H,0,3,8,2,0,T,CHEV,S14,PK,3,17,,1,0,1083,S,G,,,4,133,,,,B,3016,01,,42,0,0,000000000,00000000000,0,0,0,1,0,0,0,0,0,0,0,998,0,0,0,11,4,3,12,0,0,0,1,48,75401,6,1,0,0,3,3,999,999,0,0,0,0,0,0,0,0,0,0,0,0,0,0,5,4,45,1,1,8,1,0,0,1,62,1,1,1,65,1,0
48,480947,2,2,2,11,5,18,7,12,6,1,0,48,1,23,421,23421,15,2003,1GKEC13V63R1,1,G,K,E,C,1,3,V,6,3,R,1,0,T,GMC,YUK,4W,3,17,,2,0,1160,YUK,G,,,8,293,,,,B,4875,00,4,42,0,0,000000000,00000000000,0,0,0,1,0,0,0,0,0,0,0,998,0,0,0,12,4,3,12,0,0,0,1,48,75647,6,1,0,0,3,0,999,999,0,2,0,0,0,4,2011,6,2011,1,51,58,0,0,5,4,45,1,1,8,1,0,0,15,8,1,4,2,64,0,0
48,480948,1,2,1,11,5,15,47,12,6,1,0,48,3,86,881,86881,66,2006,1M1AK01Y16N0,1,M,1,A,K,0,1,Y,1,6,N,0,1,T,MACK,CXN,TR,6,17,,8,0,0,600,D,,,6,728,,,,,00000,00,,42,1,88,888888888,88888888888,3,6,1,1,0,0,0,0,0,0,0,998,0,0,0,12,2,1,12,0,0,0,1,48,77346,6,1,6,0,3,0,999,999,0,0,0,0,0,0,0,0,0,0,0,0,0,0,1,2,30,1,1,1,1,0,0,1,62,1,1,1,69,0,0
48,480948,2,2,2,11,5,15,47,12,6,1,0,48,1,14,443,14443,20,1995,4M2DV11W8SDJ,4,M,2,D,V,1,1,W,8,S,D,J,0,P,MERC,VLR,SV,95,17,3870,,0,1122,,G,,F,6,182,,,15R205,,,,,,0,0,000000000,00000000000,0,0,0,1,0,0,0,0,0,0,0,998,0,0,0,3,4,3,12,32,0,0,1,48,77381,6,1,0,0,3,3,999,999,0,0,0,0,0,0,0,0,0,0,38,0,0,0,1,2,99,1,1,1,1,20,3,11,15,1,1,1,68,1,0
48,480949,1,2,1,11,5,14,24,1,0,1,0,93,3,87,881,87881,66,2004,1XP5DB9X14D8,1,X,P,5,D,B,9,X,1,4,D,8,1,T,PTRB,379,TR,4,17,,8,0,0,CON,D,,,6,893,,,,,00000,00,,64,1,57,520233,57520233,3,6,3,1,0,0,0,0,0,0,0,998,0,0,0,7,2,1,12,0,0,0,1,48,79316,6,1,6,0,3,0,999,999,0,0,0,0,0,0,0,0,0,0,0,0,0,0,1,2,70,1,1,8,2,0,0,11,53,1,1,1,98,0,0
48,480949,2,2,1,11,5,14,24,1,0,1,0,35,1,72,706,72706,80,2005,1HD1FCW155Y6,1,H,D,1,F,C,W,1,5,5,Y,6,0,M,HD,FLU,RS,5,17,,,,,,,1450,,2,,4,788,,,,,,,0,0,000000000,00000000000,0,0,0,1,0,0,0,0,0,0,0,998,0,0,0,0,9,2,12,0,0,0,1,35,87111,6,1,0,0,3,0,72,195,98,0,0,0,0,0,0,0,0,1,0,0,0,0,1,2,70,1,1,8,2,0,0,1,52,8,2,2,98,1,0
48,480950,1,2,1,12,5,6,50,12,6,1,0,48,1,7,482,7482,31,1999,1B7KC2362XJ5,1,B,7,K,C,2,3,6,2,X,J,5,0,T,DODG,Q25,4C,99,17,,2,1547,1387,RPC,D,,,6,359,,,,C,5161,01,U,42,0,0,000000000,00000000000,0,0,0,1,0,0,0,0,0,0,0,998,0,0,0,12,4,3,12,0,0,0,1,48,77372,6,1,0,0,3,0,999,999,0,0,0,0,2,9,2010,9,2010,0,0,0,0,0,1,2,99,1,2,8,1,0,0,1,66,3,2,1,86,0,0
48,480950,2,2,4,12,5,6,50,12,6,1,0,48,2,37,31,37031,2,1995,1HGEJ2228SL0,1,H,G,E,J,2,2,2,8,S,L,0,0,P,HOND,CID,CP,95,17,2168,,0,1032,,G,,F,4,091,,,13R175,,,,,,0,0,000000000,00000000000,0,0,0,1,0,0,0,0,0,0,0,998,0,0,0,3,4,3,12,0,0,0,1,48,77301,0,0,0,0,0,0,999,999,0,0,0,0,0,0,0,0,0,0,39,38,0,0,1,2,55,1,2,8,1,20,3,1,17,1,1,1,87,3,0