STATE,ST_CASE,VEH_NO,VE_FORMS,NUMOCCS,DAY,MONTH,HOUR,MINUTE,HARM_EV,MAN_COLL,UNITTYPE,HIT_RUN,REG_STAT,OWNER,MAKE,MODEL,MAK_MOD,BODY_TYP,MOD_YEAR,VIN,VIN_1,VIN_2,VIN_3,VIN_4,VIN_5,VIN_6,VIN_7,VIN_8,VIN_9,VIN_10,VIN_11,VIN_12,TOW_VEH,VINTYPE,VINMAKE,VINA_MOD,VIN_BT,VINMODYR,VIN_LNGT,VIN_WGT,WGTCD_TR,WHLBS_LG,WHLBS_SH,SER_TR,FUELCODE,MCYCL_DS,CARBUR,CYLINDER,DISPLACE,MCYCL_CY,MCYCL_WT,TIRE_SZE,TON_RAT,TRK_WT,TRKWTVAR,VIN_REST,WHLDRWHL,J_KNIFE,MCARR_I1,MCARR_I2,MCARR_ID,GVWR,V_CONFIG,CARGO_BT,HAZ_INV,HAZ_PLAC,HAZ_ID,HAZ_CNO,HAZ_REL,BUS_USE,SPEC_USE,EMER_USE,TRAV_SP,UNDERIDE,ROLLOVER,ROLINLOC,IMPACT1,DEFORMED,TOWED,M_HARM,VEH_SC1,VEH_SC2,FIRE_EXP,DR_PRES,L_STATE,DR_ZIP,L_STATUS,L_TYPE,CDL_STAT,L_ENDORS,L_COMPL,L_RESTRI,DR_HGT,DR_WGT,PREV_ACC,PREV_SUS,PREV_DWI,PREV_SPD,PREV_OTH,FIRST_MO,FIRST_YR,LAST_MO,LAST_YR,SPEEDREL,DR_SF1,DR_SF2,DR_SF3,DR_SF4,VTRAFWAY,VNUM_LAN,VSPD_LIM,VALIGN,VPROFILE,VPAVETYP,VSURCOND,VTRAFCON,VTCONT_F,P_CRASH1,P_CRASH2,P_CRASH3,PCRASH4,PCRASH5,ACC_TYPE,DEATHS,DR_DRINK
48,480951,1,1,1,12,5,1,40,1,0,1,0,48,2,12,401,12401,14,2003,1FMYU60EX3UB,1,F,M,Y,U,6,0,E,X,3,U,B,0,P,FORD,EPR,UT,3,17,3828,,0,1018,,G,,F,6,245,,,16R235,,,,,,0,0,000000000,00000000000,0,0,0,1,0,0,0,0,0,0,0,998,0,2,1,0,6,2,1,0,0,0,1,48,78380,6,1,0,0,3,3,999,999,0,0,0,0,0,0,0,0,0,1,58,0,0,0,1,2,60,1,1,8,1,0,0,1,13,6,9,6,98,1,0
48,480952,1,1,1,13,5,22,45,1,0,1,0,48,2,20,481,20481,31,2005,1GCEC14X05Z1,1,G,C,E,C,1,4,X,0,5,Z,1,0,T,CHEV,SC1,PK,5,17,,2,1330,1190,SIL,G,,,6,262,,,,B,4225,00,,42,0,0,000000000,00000000000,0,0,0,1,0,0,0,0,0,0,0,998,0,1,5,0,6,2,1,0,0,0,1,48,79928,6,1,0,0,3,0,999,999,0,0,0,1,0,1,2011,1,2011,1,0,0,0,0,1,2,60,2,1,8,1,0,0,14,12,7,3,4,7,1,0
48,480953,1,1,3,13,5,18,55,1,0,1,0,48,2,12,422,12422,15,2002,1FMRU17L12LA,1,F,M,R,U,1,7,L,1,2,L,A,0,P,FORD,EPT,UT,2,17,4965,,0,1191,,G,,F,8,330,,,17R275,,,,,,0,0,000000000,00000000000,0,0,0,1,0,0,0,0,0,0,0,998,0,1,5,0,6,2,1,0,0,0,1,48,76010,0,0,0,0,0,0,58,132,0,4,0,0,1,7,2010,12,2011,0,58,0,0,0,1,2,55,3,2,8,1,0,0,14,13,6,4,4,6,1,0
48,480954,1,1,1,13,5,20,5,32,0,1,0,48,1,24,1,24001,4,1999,1G8ZH5282XZ2,1,G,8,Z,H,5,2,8,2,X,Z,2,0,P,STRN,SL1,4D,99,17,2355,,0,1024,,G,,F,4,116,,,14R175,,,,,,0,0,000000000,00000000000,0,0,0,1,0,0,0,0,0,0,0,998,0,1,5,12,4,3,32,0,0,0,1,48,75602,6,1,0,0,3,0,999,999,0,0,0,0,0,0,0,0,0,0,51,0,0,0,1,2,55,1,3,8,1,0,0,1,13,1,1,4,1,1,1
48,480955,1,1,6,13,5,17,19,1,0,1,0,48,2,12,422,12422,15,2000,1FMFU18L0YLC,1,F,M,F,U,1,8,L,0,Y,L,C,0,P,FORD,EPT,UT,0,17,5401,,0,1191,,G,,F,8,330,,,16R255,,,,,,0,0,000000000,00000000000,0,0,0,1,0,0,0,0,0,0,0,998,0,1,5,0,4,3,1,0,0,0,1,48,76834,0,0,0,0,0,0,999,999,0,0,0,0,0,0,0,0,0,0,0,0,0,0,2,2,70,1,1,8,1,0,0,1,1,1,3,4,2,1,0
48,480956,1,1,1,13,5,6,40,1,0,1,0,48,2,20,401,20401,14,1996,1GNCS13WXT21,1,G,N,C,S,1,3,W,X,T,2,1,0,P,CHEV,BZR,UT,96,17,3691,,0,1070,,G,,F,6,262,,,15R235,,,,,,0,0,000000000,00000000000,0,0,0,1,0,0,0,0,0,0,0,998,0,2,1,0,4,3,1,0,0,0,1,48,75754,6,1,0,0,3,0,999,999,0,0,0,0,0,0,0,0,0,0,58,0,0,0,1,2,55,1,2,8,1,0,0,1,12,7,7,6,98,1,1
48,480957,1,1,2,14,5,23,0,30,0,1,0,48,1,42,43,42043,4,2011,WDDNG7EB9BA4,W,D,D,N,G,7,E,B,9,B,A,4,0,P,MERZ,S63,4D,11,17,4741,,0,1246,,G,,T,8,336,,,20R255,,,,,,0,0,000000000,00000000000,0,0,0,1,0,0,0,0,0,0,0,998,0,1,5,12,6,2,30,0,0,1,1,48,75801,0,0,0,0,0,0,999,999,0,0,0,0,0,0,0,0,0,1,0,0,0,0,1,2,55,2,1,8,1,0,0,14,12,1,1,4,6,1,0
48,480958,1,1,1,14,5,23,32,1,0,1,0,48,2,99,709,99709,81,2008,5RYCF25018S0,5,R,Y,C,F,2,5,0,1,8,S,0,0,U,,,,8,17,,,,,,,,,,,,,,,,,,,0,0,000000000,00000000000,0,0,0,1,0,0,0,0,0,0,0,998,0,0,0,0,9,8,1,0,0,0,1,48,78411,6,1,0,0,2,0,68,244,0,0,0,0,0,0,0,0,0,1,0,0,0,0,1,2,30,1,1,8,1,0,0,1,8,1,9,1,98,1,1
48,480959,1,1,1,14,5,8,13,1,0,1,0,48,3,12,481,12481,31,2008,1FTRF12248KE,1,F,T,R,F,1,2,2,4,8,K,E,0,T,FORD,F15,PK,8,17,,2,1450,1260,COF,G,,,6,256,,,,B,4611,00,E,42,0,0,000000000,00000000000,0,0,0,1,0,0,0,0,0,0,0,998,0,1,3,0,4,3,1,0,0,0,1,48,75023,6,1,6,0,3,0,70,188,0,0,0,1,1,12,2009,3,2010,0,58,0,0,0,2,2,70,1,1,8,1,0,0,6,13,6,3,4,7,1,0
48,480960,1,2,1,14,5,21,39,12,2,1,0,48,1,98,709,98709,80,2011,L9NTELCH6B11,L,9,N,T,E,L,C,H,6,B,1,1,0,U,,,,11,17,,,,,,,,,,,,,,,,,,,0,0,000000000,00000000000,0,0,0,1,0,0,0,0,0,0,0,998,0,0,0,12,6,2,12,0,0,0,1,48,75087,0,0,0,0,0,0,66,165,0,0,0,0,0,0,0,0,0,0,38,0,0,0,1,2,40,1,3,8,1,21,3,1,17,1,1,1,69,1,1
48,480960,2,2,1,14,5,21,39,12,2,1,0,48,1,55,36,55036,5,2012,KMHCT5AE7CU0,K,M,H,C,T,5,A,E,7,C,U,0,0,P,HYUN,AGG,4H,12,17,2430,,0,0,,G,,F,4,098,,,000000,,,,,,0,0,000000000,00000000000,0,0,0,1,0,0,0,0,0,0,0,998,0,0,0,12,4,3,12,0,0,0,1,48,75135,6,1,0,0,3,0,999,999,0,0,0,0,0,0,0,0,0,0,0,0,0,0,1,2,40,1,3,8,1,0,0,11,54,1,1,1,68,0,0
48,480961,1,2,1,14,5,13,54,12,6,1,0,40,3,82,881,82881,66,2005,1FUJA6CV25LN,1,F,U,J,A,6,C,V,2,5,L,N,1,T,FRHT,COL,TR,5,17,,8,0,0,CON,D,,,6,782,,,,,00000,00,,64,1,57,654350,57654350,3,6,3,1,0,0,0,0,0,0,0,998,0,0,0,12,4,3,12,0,0,0,1,48,78934,6,1,6,0,3,0,999,999,0,0,0,0,0,0,0,0,0,0,0,0,0,0,1,2,60,1,1,8,1,0,0,1,66,1,1,1,88,0,0
48,480961,2,2,1,14,5,13,54,12,6,1,0,48,1,2,403,2403,14,2000,1J4FA29P1YP7,1,J,4,F,A,2,9,P,1,Y,P,7,0,T,JEEP,SEW,2W,0,17,,1,0,934,W/T,G,,,4,150,,,,,2996,00,U,44,0,0,000000000,00000000000,0,0,0,1,0,0,0,0,0,0,0,998,0,1,1,9,6,2,12,0,0,0,1,48,77449,6,1,0,0,3,0,999,999,0,0,0,0,0,0,0,0,0,0,38,39,0,0,1,2,98,8,8,8,1,20,3,1,17,1,1,1,89,1,0
48,480962,1,2,1,14,5,20,45,12,6,1,0,48,1,7,482,7482,31,2002,1D7HA18N62J1,1,D,7,H,A,1,8,N,6,2,J,1,0,T,DODG,Q15,CW,2,17,,2,1605,1405,RPC,G,,,8,287,,,,B,4747,01,E,42,0,0,000000000,00000000000,0,0,0,1,0,0,0,0,0,0,0,998,0,0,0,9,6,2,12,0,0,0,1,48,76305,6,1,0,0,3,3,999,999,0,0,0,0,0,0,0,0,0,0,48,0,0,0,1,4,60,1,1,8,1,0,0,12,98,1,1,2,98,1,1
48,480962,2,2,1,14,5,20,45,12,6,1,0,48,2,12,481,12481,31,2002,1FTNW20F02EA,1,F,T,N,W,2,0,F,0,2,E,A,0,T,FORD,F2S,CW,2,17,,2,1724,1562,SRW,D,,,8,444,,,,C,5846,04,E,42,0,0,000000000,00000000000,0,0,0,1,0,0,0,0,0,0,0,998,0,0,0,12,6,2,12,0,0,0,1,48,76354,6,1,0,0,3,0,999,999,0,0,0,0,0,0,0,0,0,0,0,0,0,0,1,4,60,1,1,8,1,0,0,1,61,1,1,1,98,0,0
48,480963,1,2,1,15,5,14,29,12,6,1,0,47,1,49,472,49472,30,2005,5TEJU62N45Z0,5,T,E,J,U,6,2,N,4,5,Z,0,1,T,TOYT,DCP,CW,5,17,,1,0,1219,TAC,G,,,6,244,,,,B,3810,00,U,42,2,0,000000000,00000000000,0,0,0,1,0,0,0,0,0,0,0,998,0,1,5,8,6,2,12,0,0,1,1,47,37185,6,1,0,0,3,0,67,195,1,0,0,1,0,5,2010,10,2011,0,88,51,0,0,1,4,70,1,1,8,1,0,0,1,13,6,3,2,64,1,0
48,480963,2,2,1,15,5,14,29,12,6,1,0,48,1,12,471,12471,30,1992,1FTCR10A1NUB,1,F,T,C,R,1,0,A,1,N,U,B,0,T,FORD,RNG,PK,92,17,,1,1139,1079,RNG,G,,,4,140,,,,B,2858,03,A,42,0,0,000000000,00000000000,0,0,0,1,0,0,0,0,0,0,0,998,0,0,0,12,6,2,12,0,0,1,1,48,78639,6,1,0,0,3,0,999,999,1,0,0,1,0,3,2010,11,2011,0,0,0,0,0,1,4,70,1,1,8,1,0,0,1,62,4,1,1,65,0,0
48,480964,1,1,1,15,5,0,29,30,0,1,0,48,2,12,473,12473,30,2003,1FMZU67E63UB,1,F,M,Z,U,6,7,E,6,3,U,B,0,P,FORD,EPR,UT,3,17,3761,,0,1259,,G,,F,6,245,,,16R235,,,,,,0,0,000000000,00000000000,0,0,0,1,0,0,0,0,0,0,0,998,0,0,0,9,6,2,30,0,0,0,1,48,78753,1,1,0,0,2,0,999,999,0,4,0,0,0,9,2009,3,2012,1,0,0,0,0,3,2,55,1,1,8,2,0,0,10,6,1,3,4,2,1,1
48,480966,1,2,1,16,5,20,30,12,6,1,1,48,9,54,31,54031,3,1995,JH4DC435XSS0,J,H,4,D,C,4,3,5,X,S,S,0,0,P,ACUR,ILS,2H,95,17,2572,,0,1012,,G,,F,4,112,,,14R195,,,,,,0,0,000000000,00000000000,0,0,0,1,0,0,0,0,0,0,0,998,0,0,0,12,2,4,12,0,0,0,1,99,99999,9,9,99,0,9,9,999,999,99,99,99,99,99,99,9999,99,9999,1,8,28,0,0,5,6,45,1,1,8,1,0,0,1,11,1,1,2,49,0,0
48,480966,2,2,1,16,5,20,30,12,6,1,0,48,1,20,481,20481,31,2003,1GCEC14X73Z1,1,G,C,E,C,1,4,X,7,3,Z,1,0,T,CHEV,SC1,PK,3,17,,2,1330,1190,SIL,G,,,6,262,,,,B,4073,00,,42,0,0,000000000,00000000000,0,0,0,1,0,0,0,0,0,0,0,998,0,1,1,63,6,2,12,0,0,0,1,48,78240,1,1,0,0,2,3,999,999,0,2,0,1,0,8,2011,10,2011,1,58,0,0,0,5,6,45,1,1,8,1,0,0,1,60,1,1,1,49,1,0
48,480967,1,2,2,16,5,7,26,12,6,1,0,48,3,59,403,59403,14,2011,2T2ZK1BA4BC0,2,T,2,Z,K,1,B,A,4,B,C,0,0,P,LEXS,RX5,UT,11,17,4178,,0,1079,,G,,F,6,211,,,18R235,,,,,,0,0,000000000,00000000000,0,0,0,1,0,0,0,0,0,0,0,998,0,0,0,12,2,3,12,0,0,0,1,48,75034,6,1,0,0,3,0,999,999,0,0,0,0,0,0,0,0,0,0,38,0,0,0,2,8,98,8,8,8,1,20,3,11,15,1,1,1,76,0,0
48,480967,2,2,3,16,5,7,26,12,6,1,0,48,3,2,403,2403,14,2011,1J4BA3H13BL5,1,J,4,B,A,3,H,1,3,B,L,5,0,T,JEEP,WSS,4W,11,17,,1,0,1160,WUL,G,,,6,230,,,,,4075,00,4,44,0,0,000000000,00000000000,0,0,0,1,0,0,0,0,0,0,0,998,0,0,0,8,6,2,12,0,0,0,1,48,75034,6,1,0,0,3,3,999,999,0,0,0,0,0,0,0,0,0,0,0,0,0,0,2,2,40,3,2,8,1,0,0,14,65,1,1,1,77,1,0
48,480968,1,1,1,16,5,10,44,26,0,1,0,48,2,23,431,23431,16,1997,1GKEK13R5VJ7,1,G,K,E,K,1,3,R,5,V,J,7,0,T,GMC,YUK,4W,97,17,,2,0,1175,YUK,G,,,8,350,,,,B,5225,00,E,44,0,0,000000000,00000000000,0,0,0,1,0,0,0,0,0,0,0,998,0,1,5,12,4,3,26,0,0,0,1,48,75065,6,1,0,0,3,0,999,999,0,0,0,0,0,0,0,0,0,1,58,0,0,0,4,2,50,1,1,8,1,40,3,1,12,1,1,4,6,1,1
48,480969,1,1,1,16,5,8,31,1,0,1,0,48,1,2,404,2404,14,2002,1J4GX38S32C2,1,J,4,G,X,3,8,S,3,2,C,2,0,T,JEEP,GSP,4W,2,17,,1,0,1059,GCK,G,,,6,244,,,,,3689,00,E,42,0,0,000000000,00000000000,0,0,0,1,0,0,0,0,0,0,0,75,0,2,5,0,6,2,1,0,0,0,1,48,75148,6,1,0,0,3,0,69,213,0,0,0,1,1,7,2011,9,2011,1,58,0,0,0,1,2,55,1,2,8,1,0,0,1,13,6,9,4,7,1,1
48,480970,1,2,1,16,5,8,23,12,1,1,0,48,2,37,32,37032,2,2008,1HGCS12898A0,1,H,G,C,S,1,2,8,9,8,A,0,0,P,HOND,AXL,CP,8,17,3443,,0,1079,,G,,F,4,146,,,17R225,,,,,,0,0,000000000,00000000000,0,0,0,1,0,0,0,0,0,0,0,998,0,0,0,12,6,2,12,0,0,0,1,48,79316,6,1,0,0,3,0,999,999,0,0,0,2,0,8,2011,3,2012,1,0,0,0,0,2,2,60,1,1,8,1,0,0,1,51,1,1,1,24,1,0
48,480970,2,2,11,16,5,8,23,12,1,1,0,99,9,93,981,93981,51,2002,1M83JMPAX290,1,M,8,3,J,M,P,A,X,2,9,0,0,T,MCIN,,,2,17,,,,,,,,,,,,,,,,,,,0,88,888888888,88888888888,3,21,22,1,0,0,0,0,4,3,0,998,0,0,0,6,2,1,12,0,0,0,1,19,51503,6,1,6,1,3,3,70,210,0,0,0,0,0,0,0,0,0,0,0,0,0,0,2,2,60,1,1,8,1,0,0,4,53,1,1,1,25,0,0
48,480971,1,1,1,16,5,19,29,8,0,1,0,48,1,23,472,23472,30,2008,1GTCS13E8881,1,G,T,C,S,1,3,E,8,8,8,1,0,T,GMC,CAN,CW,8,17,,1,0,1260,CAN,G,,,5,226,,,,B,3722,00,4,42,0,0,000000000,00000000000,0,0,0,1,0,0,0,0,0,0,0,998,0,0,0,12,0,3,8,0,0,0,1,48,78744,6,1,0,0,3,3,999,999,0,0,0,0,1,10,2010,10,2010,0,0,0,0,0,1,2,25,1,1,8,1,0,0,1,80,1,1,1,13,0,1
48,480972,1,2,1,17,5,21,55,12,1,1,0,48,3,82,881,82881,66,2012,1FUJGLDR4CSB,1,F,U,J,G,L,D,R,4,C,S,B,1,T,FRHT,125,TR,12,17,,8,0,0,CSC,D,,,6,903,,,,,00000,00,,64,1,57,2289966,572289966,3,6,1,1,0,0,0,0,0,0,0,0,0,0,0,6,4,3,12,0,0,0,1,48,78572,6,1,6,0,3,0,999,999,0,0,0,0,3,9,2009,10,2009,0,0,0,0,0,3,3,70,1,1,8,1,0,0,5,61,1,1,1,21,0,0
48,480972,2,2,1,17,5,21,55,12,1,1,0,48,1,19,3,19003,4,2003,1G6KD57Y63U1,1,G,6,K,D,5,7,Y,6,3,U,1,0,P,CADI,DFW,4D,3,17,3978,,0,1153,,G,,F,8,279,,,16R225,,,,,,0,0,000000000,00000000000,0,0,0,1,0,0,0,0,0,0,0,998,0,0,0,12,4,3,12,0,0,0,1,48,78572,6,1,0,0,3,0,999,999,0,6,0,0,0,11,2009,4,2012,0,0,0,0,0,3,3,70,1,1,8,1,0,0,1,10,1,1,2,20,1,0
48,480973,1,3,1,18,5,15,55,12,1,1,0,48,3,49,40,49040,4,2012,4T4BF1FK8CR1,4,T,4,B,F,1,F,K,8,C,R,1,0,P,TOYT,CBA,4D,12,17,3190,,0,1093,,G,,F,4,152,,,16R205,,,,,,0,0,000000000,00000000000,0,0,0,1,0,0,0,0,0,0,0,0,0,0,0,6,2,3,12,0,0,0,1,22,71303,6,1,0,0,3,0,65,140,0,0,0,2,0,7,2009,10,2010,0,0,0,0,0,3,5,60,1,1,8,1,0,0,5,53,1,1,1,21,0,0
48,480973,2,3,1,18,5,15,55,12,1,1,0,48,1,72,706,72706,80,2002,1HD1BSY342Y0,1,H,D,1,B,S,Y,3,4,2,Y,0,0,M,HD,XTD,RS,2,17,,,,,,,1450,,2,,4,653,,,,,,,0,0,000000000,00000000000,0,0,0,1,0,0,0,0,0,0,0,998,0,0,0,12,2,3,12,0,0,0,1,48,76180,6,1,0,0,3,0,72,202,0,0,0,0,0,0,0,0,0,0,0,0,0,0,3,5,60,1,1,8,1,0,0,1,50,99,9,1,20,1,0
48,480973,3,3,1,18,5,15,55,12,1,1,0,48,2,20,481,20481,31,2002,2GCEC19T6211,2,G,C,E,C,1,9,T,6,2,1,1,0,T,CHEV,SC1,4C,2,17,,2,1575,1435,SIL,G,,,8,325,,,,B,4534,03,,42,0,0,000000000,00000000000,0,0,0,1,0,0,0,0,0,0,0,998,0,0,0,12,2,3,12,0,0,0,1,48,76136,6,1,0,0,3,3,999,999,0,0,0,0,0,0,0,0,0,0,0,0,0,0,3,5,60,1,1,8,1,0,0,1,61,1,1,1,98,0,0
48,480974,1,1,1,18,5,2,30,25,0,1,0,48,1,35,39,35039,4,2005,1N4BA41E65C8,1,N,4,B,A,4,1,E,6,5,C,8,0,P,NISS,MEL,4D,5,17,3321,,0,1112,,G,,F,6,214,,,17R225,,,,,,0,0,000000000,00000000000,0,0,0,1,0,0,0,0,0,0,0,998,0,0,0,11,4,3,18,0,0,0,1,48,77066,6,1,0,0,3,0,999,999,0,0,0,1,0,12,2010,12,2010,1,0,0,0,0,3,2,40,2,1,8,1,0,0,14,12,1,1,4,6,1,1
48,480975,1,1,6,18,5,10,0,58,0,1,0,48,1,49,403,49403,14,2012,5TDYK3EH0CS0,5,T,D,Y,K,3,E,H,0,C,S,0,0,P,TOYT,HIG,UT,12,17,4255,,0,1098,,G,,F,6,214,,,19R245,,,,,,0,0,000000000,00000000000,0,0,0,1,0,0,0,0,0,0,0,998,0,1,6,99,4,3,1,0,0,0,1,48,75044,6,1,0,0,3,3,999,999,0,0,0,0,0,0,0,0,0,0,0,0,0,0,3,2,75,1,1,8,1,0,0,1,14,1,1,4,14,1,0
48,480976,1,1,2,19,5,18,28,43,0,1,0,48,2,2,404,2404,14,1993,1J4GZ58S7PC6,1,J,4,G,Z,5,8,S,7,P,C,6,0,T,JEEP,LRO,4W,93,17,,1,0,1059,GCK,G,,,6,242,,,,,3574,00,B,44,0,0,000000000,00000000000,0,0,0,1,0,0,0,0,0,0,0,998,0,1,5,12,4,3,1,0,0,0,1,48,77801,0,0,0,0,0,0,999,999,0,0,0,0,0,0,0,0,0,0,58,0,0,0,1,2,60,1,1,8,1,0,0,1,10,7,2,4,2,1,1
48,480977,1,2,1,19,5,16,32,12,6,1,0,48,2,20,22,20022,4,2010,1G1AB5F54A71,1,G,1,A,B,5,F,5,4,A,7,1,0,P,CHEV,BLS,4D,10,17,3216,,0,1033,,G,,F,4,134,,,15R195,,,,,,0,0,000000000,00000000000,0,0,0,1,0,0,0,0,0,0,0,998,0,0,0,12,2,3,12,0,0,0,1,48,76013,6,1,0,0,3,3,999,999,0,0,0,0,0,0,0,0,0,0,58,0,0,0,3,5,60,1,3,8,1,0,0,1,61,6,2,3,45,0,0
48,480977,2,2,1,19,5,16,32,12,6,1,0,48,3,20,444,20444,20,2008,1GNDV131X8D1,1,G,N,D,V,1,3,1,X,8,D,1,0,T,CHEV,DER,ES,8,17,,1,0,1211,UPL,G,,,6,238,,,,B,4233,00,,42,0,0,000000000,00000000000,0,0,0,1,0,0,0,0,0,0,0,998,0,1,1,7,4,3,1,0,0,0,1,48,75093,6,1,0,0,3,3,68,146,1,0,0,1,0,2,2011,10,2011,0,27,0,0,0,3,5,60,1,3,8,1,0,0,15,10,1,1,2,47,1,0
48,480978,1,1,3,19,5,5,45,35,0,1,0,48,2,59,31,59031,4,1994,JT8GK13T7R00,J,T,8,G,K,1,3,T,7,R,0,0,0,P,LEXS,ES3,4D,94,17,3374,,0,1031,,G,,F,6,183,,,15R205,,,,,,0,0,000000000,00000000000,0,0,0,1,0,0,0,0,0,0,0,998,0,1,4,12,6,2,1,0,0,0,1,48,75104,6,1,0,0,3,0,999,999,0,0,0,0,0,0,0,0,0,0,0,0,0,0,3,4,65,1,1,8,1,0,0,1,13,1,1,4,1,1,1
48,480979,1,2,2,19,5,16,33,5,0,1,0,48,1,12,481,12481,31,2008,1FTRW12W48FB,1,F,T,R,W,1,2,W,4,8,F,B,0,T,FORD,F1S,CW,8,17,,2,1500,1390,COF,G,,,8,281,,,,B,5025,02,E,42,0,0,000000000,00000000000,0,0,0,1,0,0,0,0,0,0,0,998,0,0,0,0,0,1,5,0,0,0,1,48,75035,6,1,0,0,3,3,999,999,1,1,0,0,0,7,2010,1,2011,0,21,0,0,0,2,4,65,1,1,8,1,0,0,1,98,1,1,1,0,1,0
48,480979,2,2,2,19,5,16,33,5,0,1,0,48,2,52,401,52401,14,2006,JA4MW51S96J0,J,A,4,M,W,5,1,S,9,6,J,0,0,P,MITS,MON,UT,6,17,4806,,0,1094,,G,,F,6,233,,,17R265,,,,,,0,0,000000000,00000000000,0,0,0,1,0,0,0,0,0,0,0,998,0,0,0,14,0,1,54,0,0,0,1,48,76310,6,1,0,0,3,3,999,999,0,0,0,0,0,0,0,0,0,0,0,0,0,0,2,4,65,1,1,8,1,0,0,1,90,6,1,1,98,0,0
48,480980,1,1,1,19,5,16,59,8,0,1,0,48,1,49,50,49050,3,2009,JTKDE1672903,J,T,K,D,E,1,6,7,2,9,0,3,0,P,TOYT,SXC,2H,9,17,2905,,0,1063,,G,,F,4,144,,,17R215,,,,,,0,0,000000000,00000000000,0,0,0,1,0,0,0,0,0,0,0,998,0,0,0,12,6,2,8,0,0,0,1,48,79928,6,1,0,0,3,0,999,999,0,0,0,0,0,0,0,0,0,0,0,0,0,0,1,2,55,1,1,8,1,0,0,1,13,1,1,4,13,0,0
48,480981,1,2,2,19,5,0,30,12,6,1,0,48,2,20,481,20481,31,1997,2GCEC19R0V11,2,G,C,E,C,1,9,R,0,V,1,1,0,T,CHEV,GC1,PC,97,17,,2,1555,1415,GM4,G,,,8,350,,,,B,4160,00,,42,0,0,000000000,00000000000,0,0,0,1,0,0,0,0,0,0,0,998,0,0,0,11,6,2,12,0,0,0,1,48,77316,6,1,0,0,3,0,999,999,0,0,0,0,0,0,0,0,0,0,58,0,0,0,1,2,70,1,1,8,1,0,0,1,13,6,4,6,64,1,1
48,480981,2,2,1,19,5,0,30,12,6,1,0,48,1,7,482,7482,31,1997,1B7HC16Y4VS2,1,B,7,H,C,1,6,Y,4,V,S,2,0,T,DODG,150,PK,97,17,,2,1347,1187,RPC,G,,,8,318,,,,B,3868,02,M,42,0,0,000000000,00000000000,0,0,0,1,0,0,0,0,0,0,0,998,0,0,0,12,6,2,12,0,0,0,1,48,75862,1,1,1,0,2,3,999,999,0,1,0,0,1,10,2009,5,2012,0,0,0,0,0,1,2,70,1,1,8,1,0,0,1,62,1,1,1,65,1,1
48,480982,1,1,1,20,5,17,19,24,0,1,0,48,1,20,421,20421,15,2003,1GNEC13Z63R1,1,G,N,E,C,1,3,Z,6,3,R,1,0,P,CHEV,CTA,UT,3,17,4828,,0,1160,,F,,F,8,325,,,16R265,,,,,,0,0,000000000,00000000000,0,0,0,1,0,0,0,0,0,0,0,998,0,1,3,12,6,2,24,0,0,0,1,48,79764,6,1,0,0,3,0,999,999,0,0,0,1,0,11,2009,11,2009,1,58,0,0,0,1,2,45,3,2,8,1,0,0,14,13,6,7,4,7,1,1
48,480983,1,1,1,20,5,20,34,32,0,1,0,48,2,22,20,22020,4,1999,1G2WJ52K9XF2,1,G,2,W,J,5,2,K,9,X,F,2,0,P,PONT,GFS,4D,99,17,3414,,0,1105,,G,,F,6,231,,,15R205,,,,,,0,0,000000000,00000000000,0,0,0,1,0,0,0,0,0,0,0,998,0,1,5,12,4,3,32,0,0,0,1,48,77090,1,1,0,0,2,0,999,999,0,3,0,0,1,7,2009,2,2010,0,0,0,0,0,1,4,45,1,1,8,1,0,0,1,13,1,1,4,1,1,1
48,480984,1,1,1,20,5,20,40,8,0,1,1,16,1,12,481,12481,31,2004,1FTPW14594KC,1,F,T,P,W,1,4,5,9,4,K,C,0,T,FORD,F1S,CW,4,17,,2,1450,1260,COF,G,,,8,330,,,,B,5560,00,U,44,0,0,000000000,00000000000,0,0,0,1,0,0,0,0,0,0,0,998,0,0,0,1,2,1,8,0,0,0,1,6,93614,6,1,0,0,3,0,68,175,0,0,0,0,0,0,0,0,0,0,0,0,0,0,1,2,40,1,1,8,1,0,0,1,80,1,1,1,13,0,1
48,480985,1,3,1,20,5,22,0,12,1,1,0,48,1,20,20,20020,4,1999,2G1WL52M3X92,2,G,1,W,L,5,2,M,3,X,9,2,0,P,CHEV,L/S,4D,99,17,3330,,0,1075,,G,,F,6,191,,,15R205,,,,,,0,0,000000000,00000000000,0,0,0,1,0,0,0,0,0,0,0,998,0,0,0,12,4,3,12,0,0,0,1,48,77087,6,1,0,0,3,0,999,999,0,0,0,0,0,0,0,0,0,1,0,0,0,0,3,5,60,1,3,1,1,0,0,1,50,1,1,1,20,0,1
48,480985,2,3,2,20,5,22,0,12,1,1,0,48,2,35,43,35043,4,1997,3N1AB41D8VL0,3,N,1,A,B,4,1,D,8,V,L,0,0,P,NISS,XGX,4D,97,17,2282,,0,998,,G,,F,4,097,,,13R155,,,,,,0,0,000000000,00000000000,0,0,0,1,0,0,0,0,0,0,0,0,0,0,0,6,4,3,12,0,0,0,1,48,77078,6,1,0,0,3,3,999,999,0,0,0,0,0,0,0,0,0,0,24,54,0,0,3,5,60,1,3,1,1,0,0,5,53,1,1,1,21,1,1
48,480985,3,3,6,20,5,22,0,12,1,1,0,48,2,20,421,20421,15,2002,1GNEC13Z82R3,1,G,N,E,C,1,3,Z,8,2,R,3,0,P,CHEV,CTA,UT,2,17,4828,,0,1160,,F,,F,8,325,,,16R265,,,,,,0,0,000000000,00000000000,0,0,0,1,0,0,0,0,0,0,0,998,0,0,0,9,2,3,12,0,0,0,1,48,77015,6,1,6,0,3,0,999,999,0,0,0,0,0,0,0,0,0,0,0,0,0,0,3,5,60,1,3,1,1,0,0,1,60,1,1,1,98,0,0