STATE,ST_CASE,VEH_NO,VE_FORMS,NUMOCCS,DAY,MONTH,HOUR,MINUTE,HARM_EV,MAN_COLL,UNITTYPE,HIT_RUN,REG_STAT,OWNER,MAKE,MODEL,MAK_MOD,BODY_TYP,MOD_YEAR,VIN,VIN_1,VIN_2,VIN_3,VIN_4,VIN_5,VIN_6,VIN_7,VIN_8,VIN_9,VIN_10,VIN_11,VIN_12,TOW_VEH,VINTYPE,VINMAKE,VINA_MOD,VIN_BT,VINMODYR,VIN_LNGT,VIN_WGT,WGTCD_TR,WHLBS_LG,WHLBS_SH,SER_TR,FUELCODE,MCYCL_DS,CARBUR,CYLINDER,DISPLACE,MCYCL_CY,MCYCL_WT,TIRE_SZE,TON_RAT,TRK_WT,TRKWTVAR,VIN_REST,WHLDRWHL,J_KNIFE,MCARR_I1,MCARR_I2,MCARR_ID,GVWR,V_CONFIG,CARGO_BT,HAZ_INV,HAZ_PLAC,HAZ_ID,HAZ_CNO,HAZ_REL,BUS_USE,SPEC_USE,EMER_USE,TRAV_SP,UNDERIDE,ROLLOVER,ROLINLOC,IMPACT1,DEFORMED,TOWED,M_HARM,VEH_SC1,VEH_SC2,FIRE_EXP,DR_PRES,L_STATE,DR_ZIP,L_STATUS,L_TYPE,CDL_STAT,L_ENDORS,L_COMPL,L_RESTRI,DR_HGT,DR_WGT,PREV_ACC,PREV_SUS,PREV_DWI,PREV_SPD,PREV_OTH,FIRST_MO,FIRST_YR,LAST_MO,LAST_YR,SPEEDREL,DR_SF1,DR_SF2,DR_SF3,DR_SF4,VTRAFWAY,VNUM_LAN,VSPD_LIM,VALIGN,VPROFILE,VPAVETYP,VSURCOND,VTRAFCON,VTCONT_F,P_CRASH1,P_CRASH2,P_CRASH3,PCRASH4,PCRASH5,ACC_TYPE,DEATHS,DR_DRINK
48,481086,2,3,1,26,5,1,45,12,8,1,0,48,1,20,481,20481,31,2005,1GCEC19X75Z3,1,G,C,E,C,1,9,X,7,5,Z,3,0,T,CHEV,SC1,4C,5,17,,2,1575,1435,SIL,G,,,6,262,,,,B,4555,00,,42,0,0,000000000,00000000000,0,0,0,1,0,0,0,0,0,0,0,998,0,0,0,11,6,2,12,0,0,0,1,48,78666,6,1,0,0,3,3,999,999,1,0,0,0,0,9,2010,9,2010,0,0,0,0,0,1,2,99,1,2,8,1,98,3,1,62,1,1,1,65,0,0
48,481086,3,3,2,26,5,1,45,12,8,1,0,48,2,7,482,7482,31,1998,1B7KF23D6WJ1,1,B,7,K,F,2,3,D,6,W,J,1,0,T,DODG,Q25,4C,98,17,,2,1547,1387,RPC,D,,,6,359,,,,C,5359,03,U,44,0,0,000000000,00000000000,0,0,0,1,0,0,0,0,0,0,0,998,0,1,1,12,6,2,12,0,0,1,1,48,78133,6,1,0,0,3,3,999,999,2,0,0,1,1,6,2009,2,2012,0,0,0,0,0,1,2,99,1,2,8,1,98,3,1,54,1,1,1,98,0,0
48,481087,1,1,1,26,5,6,50,38,0,1,0,48,1,20,482,20482,31,2002,3GNEC13T02G2,3,G,N,E,C,1,3,T,0,2,G,2,0,T,CHEV,CAV,CW,2,17,,2,0,1300,AVL,G,,,8,325,,,,B,5400,00,,42,0,0,000000000,00000000000,0,0,0,1,0,0,0,0,0,0,0,998,0,1,5,61,4,3,1,0,0,0,1,48,78572,0,0,0,0,0,0,999,999,0,0,0,0,0,0,0,0,0,1,58,0,0,0,1,2,99,1,1,8,1,0,0,1,6,6,4,4,2,1,1
48,481088,1,1,1,26,5,18,11,33,0,1,0,48,2,18,2,18002,4,2005,1G4HP52K05U2,1,G,4,H,P,5,2,K,0,5,U,2,0,P,BUIC,LCF,4D,5,17,3567,,0,1122,,G,,F,6,232,,,15R215,,,,,,0,0,000000000,00000000000,0,0,0,1,0,0,0,0,0,0,0,86,0,0,0,99,6,2,42,0,0,1,1,48,78503,1,1,0,0,2,0,999,999,0,2,0,0,0,5,2010,5,2011,1,37,91,0,0,1,2,50,2,2,8,1,0,0,14,6,1,3,4,2,1,1
48,481089,1,2,1,26,5,9,48,12,6,1,0,48,2,7,482,7482,31,2007,1D7HA16K07J5,1,D,7,H,A,1,6,K,0,7,J,5,0,T,DODG,S1T,PK,7,17,,2,1605,1405,RPC,G,,,6,225,,,,B,4451,01,E,42,0,0,000000000,00000000000,0,0,0,1,0,0,0,0,0,0,0,998,0,0,0,3,4,3,12,0,0,0,1,48,76450,6,1,0,0,3,0,999,999,0,0,0,0,0,0,0,0,0,0,38,51,0,0,1,2,70,1,2,8,1,0,0,11,10,1,1,2,68,0,0
48,481089,2,2,1,26,5,9,48,12,6,1,0,48,2,72,706,72706,80,2008,1HD1CX3138K4,1,H,D,1,C,X,3,1,3,8,K,4,0,M,HD,C1U,RS,8,17,,,,,,,1202,,2,,4,581,,,,,,,0,0,000000000,00000000000,0,0,0,1,0,0,0,0,0,0,0,998,0,0,0,12,9,2,12,0,0,0,1,48,76471,6,1,6,0,3,3,999,999,0,0,0,0,0,0,0,0,0,0,0,0,0,0,1,2,70,1,2,8,1,0,0,1,62,1,1,1,69,1,0
48,481090,1,1,1,27,5,0,35,8,0,1,1,99,9,99,999,99999,99,9999,999999999999,9,9,9,9,9,9,9,9,9,9,9,9,0,,,,,,,,,,,,,,,,,,,,,,,,,0,0,000000000,00000000000,0,0,0,1,0,0,0,0,0,0,0,998,0,0,0,12,2,1,8,0,0,0,1,99,99999,9,9,99,9,9,9,999,999,99,99,99,99,99,99,9999,99,9999,0,0,0,0,0,2,3,40,1,1,8,1,0,0,1,80,1,1,1,13,0,0
48,481091,1,1,1,27,5,23,41,1,0,1,0,48,2,76,705,76705,80,1983,JYA5K5004DA1,J,Y,A,5,K,5,0,0,4,D,A,1,0,M,YAMA,XJ5,RS,83,17,,,,,,,550,,4,,4,407,,,,,,,0,0,000000000,00000000000,0,0,0,1,0,0,0,0,0,0,0,998,0,0,0,0,8,2,1,0,0,0,1,53,99208,1,1,0,0,2,0,66,104,0,1,0,0,3,9,2011,11,2011,1,0,0,0,0,1,2,50,3,1,8,1,0,0,1,13,1,9,4,1,1,1
48,481092,1,1,2,27,5,21,45,59,0,1,0,48,1,20,421,20421,15,2002,1GNEC13Z82R1,1,G,N,E,C,1,3,Z,8,2,R,1,0,P,CHEV,CTA,UT,2,17,4828,,0,1160,,F,,F,8,325,,,16R265,,,,,,0,0,000000000,00000000000,0,0,0,1,0,0,0,0,0,0,0,998,0,1,3,9,6,2,59,0,0,0,1,48,75765,1,1,0,0,2,1,999,999,1,4,0,0,1,2,2011,4,2012,0,34,0,0,0,1,2,60,1,1,8,1,20,3,98,8,1,1,4,1,1,0
48,481093,1,1,1,28,5,14,0,1,0,1,0,48,1,72,706,72706,80,2012,1HD1BWV18CB0,1,H,D,1,B,W,V,1,8,C,B,0,0,M,HD,STC,RS,12,17,,,,,,,1690,,2,,4,730,,,,,,,0,0,000000000,00000000000,0,0,0,1,0,0,0,0,0,0,0,998,0,0,0,0,8,2,1,0,0,0,1,48,77049,6,1,0,0,3,3,999,999,0,0,0,0,0,0,0,0,0,0,24,0,0,0,4,3,55,3,1,1,1,0,0,14,70,4,7,1,98,1,0
48,481094,1,1,1,28,5,23,40,42,0,1,0,48,0,53,706,53706,80,2003,JS1VS54A3321,J,S,1,V,S,5,4,A,3,3,2,1,0,M,SUZI,VL8,RS,3,17,,,,,,,805,,2,,4,531,,,,,,,0,0,000000000,00000000000,0,0,0,1,0,0,0,0,0,0,0,998,0,0,0,12,8,2,42,0,0,0,1,48,75752,1,1,0,0,2,0,68,186,1,0,0,1,1,10,2010,7,2011,1,0,0,0,0,1,2,55,2,2,8,1,0,0,14,6,1,9,4,7,1,0
48,481095,1,2,1,28,5,16,40,12,2,1,0,48,1,20,421,20421,15,2012,1GNSCAE01CR3,1,G,N,S,C,A,E,0,1,C,R,3,0,P,CHEV,CTA,UT,12,17,5448,,0,1160,,F,,F,8,323,,,18R265,,,,,,0,0,000000000,00000000000,0,0,0,1,0,0,0,0,0,0,0,998,0,0,0,12,6,2,12,0,0,0,1,48,75154,2,1,0,0,2,3,999,999,0,0,0,1,0,12,2009,12,2009,0,51,0,0,0,1,2,70,1,2,8,1,0,0,1,54,1,1,2,52,1,0
48,481095,2,2,3,28,5,16,40,12,2,1,0,48,2,7,482,7482,40,2012,3C6UD5PL5CG1,3,C,6,U,D,5,P,L,5,C,G,1,0,T,DODG,2LG,CW,12,17,,2,0,1600,RPC,D,,,6,408,,,,C,6706,00,K,44,0,0,000000000,00000000000,0,0,0,1,0,0,0,0,0,0,0,998,0,0,0,12,6,2,12,0,0,0,1,48,76001,6,1,0,0,3,3,999,999,0,0,0,1,0,5,2010,5,2010,0,0,0,0,0,1,2,70,1,2,8,1,0,0,1,54,6,1,2,52,0,0
48,481096,1,1,5,28,5,0,50,33,0,1,1,48,9,12,401,12401,14,2004,1FMZU62K54ZA,1,F,M,Z,U,6,2,K,5,4,Z,A,0,P,FORD,EPR,UT,4,17,4304,,0,1137,,F,,F,6,245,,,16R235,,,,,,0,0,000000000,00000000000,0,0,0,1,0,0,0,0,0,0,0,998,0,1,3,14,6,2,1,0,0,0,1,99,99999,9,9,99,0,9,9,999,999,99,99,99,99,99,99,9999,99,9999,1,0,0,0,0,2,2,35,3,3,8,1,0,0,14,6,99,9,4,7,1,0
48,481097,1,2,1,29,5,15,42,53,0,1,0,48,2,12,3,12003,2,2000,1FAFP4048YF2,1,F,A,F,P,4,0,4,8,Y,F,2,0,P,FORD,MUS,CP,0,17,3066,,0,1013,,G,,F,6,232,,,15R205,,,,,,0,0,000000000,00000000000,0,0,0,1,0,0,0,0,0,0,0,998,0,0,0,12,6,2,12,0,0,0,1,48,77612,6,1,0,0,3,3,999,999,0,0,0,0,1,7,2011,7,2011,0,58,85,0,0,2,2,70,1,1,8,1,0,0,17,52,7,9,4,2,1,0
48,481097,2,2,1,29,5,15,42,53,0,1,0,48,1,20,481,20481,31,2005,1GBHC24U55E2,1,G,B,H,C,2,4,U,5,5,E,2,0,T,CHEV,2CH,PK,5,17,,2,0,1330,SIL,G,,,8,366,,,,C,5153,00,,42,0,0,000000000,00000000000,0,0,0,1,0,0,0,0,0,0,0,998,0,1,1,12,6,2,12,0,0,0,1,48,77642,6,1,0,0,3,0,999,999,1,0,0,0,0,9,2011,9,2011,0,0,0,0,0,2,2,70,1,1,8,1,0,0,1,62,1,1,1,98,0,0
48,481098,1,2,4,30,5,23,26,12,2,1,0,48,2,12,481,12481,31,2005,1FTRW12W35KF,1,F,T,R,W,1,2,W,3,5,K,F,0,T,FORD,F1S,CW,5,17,,2,1450,1260,COF,G,,,8,281,,,,B,5281,00,U,42,0,0,000000000,00000000000,0,0,0,1,0,0,0,0,0,0,0,998,0,0,0,12,6,2,2,0,0,1,1,48,75706,3,1,0,0,2,0,65,121,0,0,0,0,0,0,0,0,0,0,51,0,0,0,2,2,65,1,1,8,1,0,0,1,54,1,1,1,52,4,1
48,481098,2,2,1,30,5,23,26,12,2,1,0,48,3,23,8,23008,6,2012,1GKKRRED9CJ2,1,G,K,K,R,R,E,D,9,C,J,2,0,T,GMC,S1F,4W,12,17,,2,0,1189,ACA,G,,,6,220,,,,B,4565,00,S,42,0,0,000000000,00000000000,0,0,0,1,0,0,0,0,0,0,0,998,0,0,0,12,6,2,2,0,0,1,1,6,92065,6,1,0,0,3,0,68,218,0,0,0,0,1,11,2011,11,2011,0,0,0,0,0,2,2,65,1,1,8,1,0,0,1,54,1,1,1,52,1,0
48,481099,1,1,1,30,5,8,22,32,0,1,0,48,3,35,51,35051,6,2012,JN8AS5MT4CW6,J,N,8,A,S,5,M,T,4,C,W,6,0,P,NISS,ROG,UT,12,17,3281,,0,1059,,G,,F,4,153,,,16R215,,,,,,0,0,000000000,00000000000,0,0,0,1,0,0,0,0,0,0,0,998,0,0,0,12,6,2,32,0,0,0,1,48,77346,6,1,0,0,3,3,999,999,0,0,0,0,0,0,0,0,0,1,0,0,0,0,1,4,35,1,1,8,1,0,0,1,13,1,1,4,1,1,0
48,481100,1,3,1,30,5,23,35,12,1,1,0,48,1,35,47,35047,4,2003,1N4BL11D63C2,1,N,4,B,L,1,1,D,6,3,C,2,0,P,NISS,ABE,4D,3,17,3071,,0,1102,,G,,F,6,214,,,17R215,,,,,,0,0,000000000,00000000000,0,0,0,1,0,0,0,0,0,0,0,998,0,0,0,12,4,3,12,0,0,0,1,48,77080,6,1,0,0,3,0,999,999,0,0,0,0,0,0,0,0,0,1,0,0,0,0,3,2,35,2,1,2,1,0,0,14,50,1,1,1,32,1,1
48,481100,2,3,1,30,5,23,35,12,1,1,0,48,3,20,898,20898,61,2010,1GB6CZBK4AF1,1,G,B,6,C,Z,B,K,4,A,F,1,0,T,CHEV,SC3,CB,10,17,,3,1615,1370,SIL,G,,,8,366,,,,D,5644,01,,42,0,88,888888888,88888888888,2,1,97,1,0,0,0,0,0,7,1,0,0,0,0,6,4,3,12,41,0,0,1,99,99999,9,9,99,9,9,9,999,999,99,99,99,99,99,99,9999,99,9999,0,54,0,0,0,1,2,35,2,1,2,1,0,0,7,53,1,1,1,32,0,0
48,481100,3,3,0,30,5,23,35,12,1,1,0,48,6,98,898,98898,78,2009,1F94044209H1,1,F,9,4,0,4,4,2,0,9,H,1,0,U,,,,9,17,,,,,,,,,,,,,,,,,,,0,88,888888888,88888888888,3,19,97,1,0,0,0,0,0,7,1,0,0,0,0,6,2,1,12,41,0,0,0,0,99997,7,6,97,7,6,7,998,997,998,998,998,998,998,98,9998,98,9998,8,0,0,0,0,1,2,35,2,1,2,1,0,0,0,53,0,0,0,98,0,0
48,481101,1,1,1,30,5,3,15,18,0,1,0,48,1,12,3,12003,2,2002,1FAFP40482F1,1,F,A,F,P,4,0,4,8,2,F,1,0,P,FORD,MUS,CP,2,17,3066,,0,1013,,G,,F,6,232,,,16R225,,,,,,0,0,000000000,00000000000,0,0,0,1,0,0,0,0,0,0,0,998,0,1,1,12,4,3,1,0,0,0,1,48,75633,6,1,0,0,3,3,65,257,0,0,0,1,0,10,2011,10,2011,0,0,0,0,0,1,2,65,1,2,8,1,0,0,1,90,1,1,1,15,1,0
48,481102,1,1,1,31,5,7,0,42,0,1,0,48,1,12,422,12422,15,1999,1FMRU1762XLB,1,F,M,R,U,1,7,6,2,X,L,B,0,P,FORD,EPT,UT,99,17,4808,,0,1191,,G,,F,8,281,,,16R255,,,,,,0,0,000000000,00000000000,0,0,0,1,0,0,0,0,0,0,0,998,0,0,0,12,4,3,42,0,0,0,1,48,78586,0,0,0,0,0,0,999,999,0,0,0,0,0,0,0,0,0,0,0,0,0,0,1,2,30,1,1,8,11,0,0,1,13,1,1,4,1,1,1
48,481103,1,2,1,31,5,14,17,12,6,1,0,48,2,20,481,20481,31,2004,1GCHC29U44E2,1,G,C,H,C,2,9,U,4,4,E,2,0,T,CHEV,2CH,4C,4,17,,2,1575,1435,SIL,G,,,8,364,,,,C,5402,00,,42,0,0,000000000,00000000000,0,0,0,1,0,0,0,0,0,0,0,998,0,0,0,4,6,2,12,0,0,0,1,48,78155,6,1,0,0,3,3,999,999,0,0,0,0,0,0,0,0,0,0,0,0,0,0,1,4,65,1,2,8,1,4,3,1,65,8,4,2,66,0,0
48,481103,2,2,3,31,5,14,17,12,6,1,0,48,2,7,482,7482,31,2006,1D7HA18N76J1,1,D,7,H,A,1,8,N,7,6,J,1,0,T,DODG,SQ1,CW,6,17,,2,1405,1205,RPC,G,,,8,287,,,,B,4833,02,E,42,0,0,000000000,00000000000,0,0,0,1,0,0,0,0,0,0,0,998,0,0,0,12,6,2,12,0,0,0,1,48,78155,6,1,0,0,3,0,999,999,0,0,0,0,0,0,0,0,0,0,0,0,0,0,1,4,65,1,2,8,1,4,3,1,62,1,1,1,66,1,0
48,481104,1,1,1,3,5,21,58,8,0,1,0,48,2,49,40,49040,4,1999,4T1BG22K0XU8,4,T,1,B,G,2,2,K,0,X,U,8,0,P,TOYT,UEX,4D,99,17,2998,,0,1051,,G,,F,4,132,,,14R195,,,,,,0,0,000000000,00000000000,0,0,0,1,0,0,0,0,0,0,0,998,0,0,0,12,2,1,8,0,0,0,1,48,75691,6,1,0,0,3,3,999,999,2,0,0,1,0,9,2010,6,2011,0,0,0,0,0,2,3,50,1,1,8,1,0,0,1,80,1,1,1,13,0,0
48,481105,1,1,1,6,5,2,30,33,0,1,0,48,2,72,706,72706,80,2002,1HD4CJM172K1,1,H,D,4,C,J,M,1,7,2,K,1,0,M,HD,L8C,RS,2,17,,,,,,,883,,2,,4,489,,,,,,,0,0,000000000,00000000000,0,0,0,1,0,0,0,0,0,0,0,998,0,0,0,99,9,2,33,0,0,0,1,48,77044,6,1,6,0,3,0,999,999,0,0,0,0,2,8,2011,11,2011,0,0,0,0,0,4,3,35,1,2,1,1,3,3,1,12,1,1,4,6,1,1
48,481106,1,1,3,8,5,23,25,8,0,1,0,48,2,35,39,35039,4,2008,1N4BA41E88C8,1,N,4,B,A,4,1,E,8,8,C,8,0,P,NISS,MEL,4D,8,17,3462,,0,1112,,G,,F,6,214,,,18R245,,,,,,0,0,000000000,00000000000,0,0,0,1,0,0,0,0,0,0,0,998,0,0,0,12,4,3,8,0,0,0,1,48,78562,6,1,0,0,3,3,999,999,0,0,0,2,0,10,2011,10,2011,0,0,0,0,0,5,4,45,1,1,8,1,0,0,1,80,1,1,1,13,0,0
48,481107,1,1,1,11,5,9,29,38,0,1,0,48,1,20,481,20481,31,2003,2GCEC19T8313,2,G,C,E,C,1,9,T,8,3,1,3,0,T,CHEV,SC1,4C,3,17,,2,1575,1435,SIL,G,,,8,325,,,,B,4534,03,,42,0,0,000000000,00000000000,0,0,0,1,0,0,0,0,0,0,0,998,0,0,0,12,2,3,38,0,0,0,1,48,77087,1,1,0,0,2,0,999,999,0,3,0,0,2,9,2009,2,2012,0,0,0,0,0,1,2,40,2,1,8,1,0,0,14,12,1,1,4,6,1,0
48,481108,1,1,1,12,5,20,59,11,0,1,0,48,1,53,706,53706,80,1996,JS1VS52AXT21,J,S,1,V,S,5,2,A,X,T,2,1,0,M,SUZI,VS8,RS,96,17,,,,,,,805,,2,,4,443,,,,,,,0,0,000000000,00000000000,0,0,0,1,0,0,0,0,0,0,0,998,0,0,0,99,9,2,11,0,0,0,1,8,80524,6,1,0,0,2,0,65,160,0,0,0,0,0,0,0,0,0,0,83,0,0,0,1,2,70,3,2,8,1,0,0,14,87,1,1,1,13,1,0
48,481109,1,1,2,19,5,15,30,57,0,1,0,48,1,73,706,73706,80,2007,JKBVNKD117A0,J,K,B,V,N,K,D,1,1,7,A,0,0,M,KAWK,DVN,RS,7,17,,,,,,,1552,,2,,4,772,,,,,,,0,0,000000000,00000000000,0,0,0,1,0,0,0,0,0,0,0,998,0,0,0,99,9,2,57,0,0,0,1,48,78040,6,1,0,0,3,0,999,999,1,0,0,0,0,11,2010,11,2010,0,0,0,0,0,3,2,75,1,1,8,1,0,0,1,61,8,2,4,7,1,0
48,481110,1,2,1,19,5,18,40,12,6,1,0,48,1,20,421,20421,15,2003,1GNEC13ZX3R2,1,G,N,E,C,1,3,Z,X,3,R,2,0,P,CHEV,CTA,UT,3,17,4828,,0,1160,,F,,F,8,325,,,16R265,,,,,,0,0,000000000,00000000000,0,0,0,1,0,0,0,0,0,0,0,998,0,0,0,12,4,3,12,0,0,0,1,48,77437,6,1,0,0,3,0,999,999,0,1,0,0,3,6,2010,4,2012,1,39,91,0,0,1,2,99,1,1,8,1,20,3,1,17,1,1,1,88,0,1
48,481110,2,2,1,19,5,18,40,12,6,1,0,48,2,49,38,49038,2,1994,JT2EL46S0R04,J,T,2,E,L,4,6,S,0,R,0,4,0,P,TOYT,TSD,2D,94,17,1950,,0,937,,G,,F,4,089,,,13R145,,,,,,0,0,000000000,00000000000,0,0,0,1,0,0,0,0,0,0,0,998,0,0,0,9,6,2,12,0,0,0,1,48,77437,6,1,0,0,3,0,999,999,0,0,0,0,0,0,0,0,0,0,0,0,0,0,1,2,30,1,1,8,1,0,0,1,66,1,1,1,89,1,0
48,481111,1,1,1,23,5,10,0,9,0,1,0,48,1,20,421,20421,15,2011,1GNSCCE03BR2,1,G,N,S,C,C,E,0,3,B,R,2,0,P,CHEV,CTA,UT,11,17,5636,,0,1160,,F,,F,8,323,,,20R275,,,,,,0,0,000000000,00000000000,0,0,0,1,0,0,0,0,0,0,0,998,0,0,0,12,2,3,9,0,0,0,1,48,77382,6,1,0,0,3,0,999,999,0,0,0,0,0,0,0,0,0,0,38,0,0,0,3,2,45,8,8,8,1,20,3,10,83,98,1,1,13,0,0
48,481112,1,2,1,25,5,18,47,12,6,1,0,48,1,41,35,41035,4,1994,JM1BG2261R07,J,M,1,B,G,2,2,6,1,R,0,7,0,P,MAZD,PLX,4D,94,17,2540,,0,984,,G,,F,4,112,,,14R185,,,,,,0,0,000000000,00000000000,0,0,0,1,0,0,0,0,0,0,0,998,0,0,0,3,6,2,12,0,0,0,1,48,77447,3,1,0,0,2,0,999,999,1,21,1,1,0,2,2010,4,2012,1,58,0,0,0,1,2,45,3,1,8,1,0,0,14,6,6,4,2,64,1,0
48,481112,2,2,2,25,5,18,47,12,6,1,0,48,1,20,421,20421,15,2011,1GNSCBE06BR1,1,G,N,S,C,B,E,0,6,B,R,1,0,P,CHEV,CTA,UT,11,17,5636,,0,1160,,F,,F,8,323,,,18R265,,,,,,0,0,000000000,00000000000,0,0,0,1,0,0,0,0,0,0,0,998,0,0,0,12,4,3,12,0,0,0,1,48,77484,6,1,0,0,3,0,999,999,1,0,0,0,0,9,2010,9,2010,0,0,0,0,0,1,2,45,2,1,8,1,0,0,14,62,7,1,1,65,0,0
48,481113,1,1,1,26,5,19,9,38,0,1,0,48,1,76,705,76705,80,2006,JYARJ12E16A0,J,Y,A,R,J,1,2,E,1,6,A,0,0,M,YAMA,R6L,RC,6,17,,,,,,,599,,4,,4,357,,,,,,,0,0,000000000,00000000000,0,0,0,1,0,0,0,0,0,0,0,998,0,0,0,12,8,3,38,0,0,0,1,48,76543,6,1,0,0,3,0,68,192,0,0,0,1,2,4,2010,6,2011,1,0,0,0,0,1,2,40,2,2,8,1,0,0,14,6,1,1,4,6,1,1
48,481114,1,1,1,26,5,0,52,33,0,1,0,48,2,49,40,49040,4,1997,JT2BG22K2V00,J,T,2,B,G,2,2,K,2,V,0,0,0,P,TOYT,XLL,4D,97,17,3086,,0,1051,,G,,F,4,132,,,14R195,,,,,,0,0,000000000,00000000000,0,0,0,1,0,0,0,0,0,0,0,998,0,0,0,1,4,3,42,0,0,0,1,48,77076,0,0,0,0,0,0,999,999,0,0,0,0,0,0,0,0,0,1,0,0,0,0,4,4,35,3,1,8,1,0,0,14,13,1,1,4,1,1,1
48,481115,1,2,1,26,5,17,15,12,2,1,0,48,1,7,26,7026,4,2008,1B3LC76M08N2,1,B,3,L,C,7,6,M,0,8,N,2,0,P,DODG,ART,4D,8,17,3568,,0,1089,,G,,F,6,214,,,18R215,,,,,,0,0,000000000,00000000000,0,0,0,1,0,0,0,0,0,0,0,998,0,1,1,12,6,2,12,0,0,1,1,48,78550,6,1,0,0,3,0,999,999,0,0,0,0,1,2,2012,2,2012,1,33,0,0,0,1,2,98,2,1,8,1,0,0,6,10,1,1,2,50,0,0
48,481115,2,2,4,26,5,17,15,12,2,1,0,48,1,34,34,34034,4,2006,WBAVB17596NK,W,B,A,V,B,1,7,5,9,6,N,K,0,P,BMW,25I,4D,6,17,3351,,0,1087,,G,,F,6,182,,,16R205,,,,,,0,0,000000000,00000000000,0,0,0,1,0,0,0,0,0,0,0,998,0,0,0,12,6,2,12,0,0,1,1,48,78852,6,1,0,0,3,0,999,999,0,0,0,0,0,0,0,0,0,0,0,0,0,0,1,2,98,3,1,8,1,0,0,14,62,1,1,1,51,3,0
48,481116,1,2,1,26,5,19,18,12,6,1,0,48,2,12,17,12017,4,1997,1FALP57U5VG2,1,F,A,L,P,5,7,U,5,V,G,2,0,P,FORD,TAG,SW,97,17,3480,,0,1085,,G,,F,6,182,,,15R205,,,,,,0,0,000000000,00000000000,0,0,0,1,0,0,0,0,0,0,0,998,0,0,0,9,4,3,12,0,0,0,1,48,78840,6,1,0,0,3,0,999,999,0,0,0,0,0,0,0,0,0,1,0,0,0,0,1,2,45,2,1,8,1,0,0,14,6,1,3,2,64,1,0
48,481116,2,2,1,26,5,19,18,12,6,1,0,48,2,20,481,20481,31,1995,2GBEC19K6S12,2,G,B,E,C,1,9,K,6,S,1,2,0,T,CHEV,GC1,PC,95,17,,2,1555,1415,GM4,G,,,8,350,,,,B,4071,02,,42,0,0,000000000,00000000000,0,0,0,1,0,0,0,0,0,0,0,998,0,0,0,12,4,3,12,0,0,0,1,48,78840,0,0,0,0,0,0,999,999,0,0,0,0,0,0,0,0,0,0,0,0,0,0,1,2,45,3,1,8,1,0,0,14,62,1,1,1,65,0,0
48,481117,1,1,1,27,5,4,57,8,0,1,1,99,9,99,999,99999,99,9999,999999999999,9,9,9,9,9,9,9,9,9,9,9,9,0,,,,,,,,,,,,,,,,,,,,,,,,,0,0,000000000,00000000000,0,0,0,1,0,0,0,0,0,0,0,998,0,0,0,12,2,3,8,0,0,0,1,99,99999,9,9,99,9,9,9,999,999,99,99,99,99,99,99,9999,99,9999,0,0,0,0,0,3,3,60,1,1,1,1,0,0,1,13,1,1,4,13,0,0
48,481118,1,1,1,28,5,0,3,38,0,1,0,48,2,20,481,20481,31,2002,3GNEC13T32G2,3,G,N,E,C,1,3,T,3,2,G,2,0,T,CHEV,CAV,CW,2,17,,2,0,1300,AVL,G,,,8,325,,,,B,5400,00,,42,0,0,000000000,00000000000,0,0,0,1,0,0,0,0,0,0,0,998,0,1,6,12,4,3,1,0,0,0,1,48,78521,3,1,0,0,2,0,999,999,0,0,0,0,0,0,0,0,0,1,0,0,0,0,1,2,55,3,1,8,1,0,0,14,6,1,4,4,2,1,1
48,481120,1,2,2,30,5,22,26,12,8,1,0,48,3,87,881,87881,66,2012,1XPTD49X1CD1,1,X,P,T,D,4,9,X,1,C,D,1,1,T,PTRB,367,TR,12,17,,8,0,0,CON,D,,,6,915,,,,,00000,00,,64,1,57,1916449,571916449,3,6,3,1,0,0,0,0,0,0,0,998,0,1,5,10,6,2,1,0,0,0,1,48,78332,6,1,6,0,3,3,999,999,0,0,0,0,1,11,2009,11,2009,0,0,0,0,0,1,2,70,3,3,8,1,0,0,14,62,1,1,1,65,1,0
48,481120,2,2,1,30,5,22,26,12,8,1,0,48,2,12,481,12481,31,2006,1FTWW33P66EC,1,F,T,W,W,3,3,P,6,6,E,C,0,T,FORD,F3D,CW,6,17,,3,1720,1560,DRW,D,,,8,366,,,,D,6989,01,E,44,0,0,000000000,00000000000,0,0,0,1,0,0,0,0,0,0,0,998,0,0,0,11,6,2,12,0,0,0,1,48,77503,6,1,0,0,3,0,999,999,4,0,0,1,0,10,2009,9,2011,0,28,0,0,0,1,2,70,2,3,8,1,0,0,14,10,1,1,2,64,0,0
48,481121,1,1,1,30,5,3,0,31,0,1,0,5,3,86,881,86881,66,2007,1M1AJ06Y67N0,1,M,1,A,J,0,6,Y,6,7,N,0,1,T,MACK,CHN,TR,7,17,,8,0,0,600,D,,,6,728,,,,,00000,00,,64,1,57,248607,57248607,3,6,2,1,0,0,0,0,0,0,0,998,0,1,5,2,4,3,1,0,0,0,1,48,78589,6,1,6,1,3,3,999,999,0,0,0,0,1,12,2010,12,2010,0,58,0,0,0,2,1,70,3,1,8,1,0,0,14,13,6,1,4,1,1,0
48,481122,1,1,2,31,5,20,5,38,0,1,0,48,1,12,398,12398,9,1927,000000000000,0,0,0,0,0,0,0,0,0,0,0,0,0,,,,,,,,,,,,,,,,,,,,,,,,,0,0,000000000,00000000000,0,0,0,1,0,0,0,0,0,0,0,998,0,1,5,11,2,3,1,0,0,0,1,48,77963,6,1,6,0,3,0,999,999,0,0,0,0,0,0,0,0,0,1,58,0,0,0,1,2,60,3,1,8,1,0,0,14,13,6,4,4,7,1,1