STATE,ST_CASE,VEH_NO,VE_FORMS,NUMOCCS,DAY,MONTH,HOUR,MINUTE,HARM_EV,MAN_COLL,UNITTYPE,HIT_RUN,REG_STAT,OWNER,MAKE,MODEL,MAK_MOD,BODY_TYP,MOD_YEAR,VIN,VIN_1,VIN_2,VIN_3,VIN_4,VIN_5,VIN_6,VIN_7,VIN_8,VIN_9,VIN_10,VIN_11,VIN_12,TOW_VEH,VINTYPE,VINMAKE,VINA_MOD,VIN_BT,VINMODYR,VIN_LNGT,VIN_WGT,WGTCD_TR,WHLBS_LG,WHLBS_SH,SER_TR,FUELCODE,MCYCL_DS,CARBUR,CYLINDER,DISPLACE,MCYCL_CY,MCYCL_WT,TIRE_SZE,TON_RAT,TRK_WT,TRKWTVAR,VIN_REST,WHLDRWHL,J_KNIFE,MCARR_I1,MCARR_I2,MCARR_ID,GVWR,V_CONFIG,CARGO_BT,HAZ_INV,HAZ_PLAC,HAZ_ID,HAZ_CNO,HAZ_REL,BUS_USE,SPEC_USE,EMER_USE,TRAV_SP,UNDERIDE,ROLLOVER,ROLINLOC,IMPACT1,DEFORMED,TOWED,M_HARM,VEH_SC1,VEH_SC2,FIRE_EXP,DR_PRES,L_STATE,DR_ZIP,L_STATUS,L_TYPE,CDL_STAT,L_ENDORS,L_COMPL,L_RESTRI,DR_HGT,DR_WGT,PREV_ACC,PREV_SUS,PREV_DWI,PREV_SPD,PREV_OTH,FIRST_MO,FIRST_YR,LAST_MO,LAST_YR,SPEEDREL,DR_SF1,DR_SF2,DR_SF3,DR_SF4,VTRAFWAY,VNUM_LAN,VSPD_LIM,VALIGN,VPROFILE,VPAVETYP,VSURCOND,VTRAFCON,VTCONT_F,P_CRASH1,P_CRASH2,P_CRASH3,PCRASH4,PCRASH5,ACC_TYPE,DEATHS,DR_DRINK
48,481221,3,4,1,12,6,17,48,12,8,1,0,48,1,20,421,20421,15,2004,1GNEC13V74R2,1,G,N,E,C,1,3,V,7,4,R,2,0,P,CHEV,CTA,UT,4,17,4828,,0,1160,,G,,F,8,293,,,16R265,,,,,,0,0,000000000,00000000000,0,0,0,1,0,0,0,0,0,0,0,998,0,0,0,62,6,2,12,0,0,0,1,48,75839,6,1,0,0,3,0,999,999,0,0,0,0,0,0,0,0,0,0,0,0,0,0,5,4,45,1,1,8,2,0,0,1,54,7,1,1,98,1,0
48,481221,4,4,1,12,6,17,48,12,8,1,0,48,1,20,421,20421,15,2008,1GNFK13098R2,1,G,N,F,K,1,3,0,9,8,R,2,0,P,CHEV,KTA,UT,8,17,5524,,0,1160,,F,,F,8,323,,,17R265,,,,,,0,0,000000000,00000000000,0,0,0,1,0,0,0,0,0,0,0,998,0,0,0,12,2,3,12,0,0,0,1,48,75801,6,1,0,0,3,3,999,999,0,0,0,1,0,6,2012,6,2012,0,0,0,0,0,5,4,45,1,1,8,2,0,0,1,59,1,1,1,98,0,0
48,481222,1,3,3,12,6,18,12,12,6,1,0,48,2,20,481,20481,31,2005,2GCEC19T5513,2,G,C,E,C,1,9,T,5,5,1,3,0,T,CHEV,SC1,4C,5,17,,2,1575,1435,SIL,G,,,8,323,,,,B,4555,00,,42,0,0,000000000,00000000000,0,0,0,1,0,0,0,0,0,0,0,998,0,1,5,81,4,3,12,0,0,0,1,48,76579,6,2,0,0,3,0,999,999,0,0,0,0,0,0,0,0,0,0,38,0,0,0,2,1,99,1,1,8,2,20,3,4,17,1,1,1,87,1,0
48,481222,2,3,1,12,6,18,12,12,6,1,0,48,1,55,401,55401,14,2005,KM8SC13E15U9,K,M,8,S,C,1,3,E,1,5,U,9,0,P,HYUN,SAN,UT,5,17,3549,,0,1031,,G,,F,6,213,,,16R225,,,,,,0,0,000000000,00000000000,0,0,0,1,0,0,0,0,0,0,0,998,0,0,0,12,4,3,12,0,0,0,1,48,76501,6,1,0,0,3,3,999,999,1,0,0,0,1,9,2011,9,2011,0,0,0,0,0,5,4,60,1,1,8,2,0,0,1,66,1,1,1,86,0,0
48,481222,3,3,1,12,6,18,12,12,6,1,0,48,1,2,403,2403,14,2006,1J4FA39S86P7,1,J,4,F,A,3,9,S,8,6,P,7,0,T,JEEP,WXR,2W,6,17,,1,0,934,WRA,G,,,6,244,,,,,3331,00,E,44,0,0,000000000,00000000000,0,0,0,1,0,0,0,0,0,0,0,0,0,0,0,12,2,3,12,0,0,0,1,48,76504,6,1,0,0,3,3,999,999,0,0,0,0,0,0,0,0,0,0,0,0,0,0,2,2,99,1,1,8,2,20,3,5,62,1,1,1,98,0,0
48,481223,1,1,1,12,6,20,27,33,0,1,0,48,2,72,706,72706,80,2010,1HD4CR216AC4,1,H,D,4,C,R,2,1,6,A,C,4,0,M,HD,XLL,RS,10,17,,,,,,,883,,2,,4,583,,,,,,,0,0,000000000,00000000000,0,0,0,1,0,0,0,0,0,0,0,998,0,0,0,99,9,2,33,0,0,0,1,48,78251,6,1,0,0,3,3,999,999,0,0,0,1,0,5,2011,5,2011,1,0,0,0,0,2,2,45,2,2,2,1,0,0,14,9,99,2,4,7,1,0
48,481224,1,2,3,12,6,17,14,12,6,1,0,48,2,37,402,37402,14,1999,JHLRD2845XC0,J,H,L,R,D,2,8,4,5,X,C,0,0,P,HOND,CRV,UT,99,17,3126,,0,1032,,G,,F,4,120,,,15R205,,,,,,0,0,000000000,00000000000,0,0,0,1,0,0,0,0,0,0,0,998,0,1,1,2,4,3,12,0,0,0,1,48,75002,6,1,0,0,3,3,999,999,1,1,0,0,0,11,2010,9,2011,0,39,0,0,0,2,3,40,1,1,8,1,3,3,1,17,1,1,1,83,1,0
48,481224,2,2,1,12,6,17,14,12,6,1,0,48,1,20,421,20421,15,2002,1GNEK13Z42J1,1,G,N,E,K,1,3,Z,4,2,J,1,0,P,CHEV,KTA,UT,2,17,5050,,0,1160,,F,,F,8,325,,,16R265,,,,,,0,0,000000000,00000000000,0,0,0,1,0,0,0,0,0,0,0,998,0,0,0,12,2,1,12,0,0,0,1,48,75002,6,1,0,0,3,0,999,999,0,0,0,0,0,0,0,0,0,0,0,0,0,0,2,2,99,1,1,8,1,3,3,11,66,1,1,1,82,0,0
48,481225,1,1,1,12,6,1,40,33,0,1,0,48,1,12,881,12881,61,2000,1FDWX36F4YEA,1,F,D,W,X,3,6,F,4,Y,E,A,0,T,FORD,F3D,4B,0,17,,3,0,1620,DRW,D,,,8,444,,,,D,5547,05,E,42,0,88,888888888,88888888888,2,1,3,1,0,0,0,0,0,0,0,998,0,0,0,7,6,2,30,0,0,0,1,48,75601,6,1,0,0,3,0,999,999,0,1,0,0,0,1,2012,1,2012,1,0,0,0,0,2,2,40,2,3,2,1,0,0,14,12,1,1,4,6,1,1
48,481226,1,1,1,12,6,1,0,1,0,1,0,48,1,20,481,20481,31,2004,1GCEC14X54Z2,1,G,C,E,C,1,4,X,5,4,Z,2,0,T,CHEV,SC1,PK,4,17,,2,1330,1190,SIL,G,,,6,262,,,,B,4142,00,,42,0,0,000000000,00000000000,0,0,0,1,0,0,0,0,0,0,0,998,0,1,5,0,6,2,1,0,0,0,1,48,78582,6,1,0,0,3,0,999,999,0,3,0,0,1,11,2010,3,2012,1,0,0,0,0,1,2,65,2,1,8,1,0,0,14,13,6,3,4,7,1,0
48,481227,1,1,1,12,6,21,20,9,0,1,1,99,9,99,999,99999,99,9999,999999999999,9,9,9,9,9,9,9,9,9,9,9,9,0,,,,,,,,,,,,,,,,,,,,,,,,,0,0,000000000,00000000000,0,0,0,1,0,0,0,0,0,0,0,998,0,0,0,99,9,1,9,0,0,0,1,99,99999,9,9,99,9,9,9,999,999,99,99,99,99,99,99,9999,99,9999,1,0,0,0,0,1,2,99,2,1,8,1,0,0,14,10,1,1,2,13,0,0
48,481229,1,3,3,14,6,17,20,57,0,1,0,48,2,55,36,55036,3,2009,KMHCN36C39U1,K,M,H,C,N,3,6,C,3,9,U,1,0,P,HYUN,ASE,2H,9,17,2496,,0,984,,G,,F,4,098,,,14R175,,,,,,0,0,000000000,00000000000,0,0,0,1,0,0,0,0,0,0,0,998,0,0,0,12,6,2,12,0,0,0,1,48,78242,0,0,0,0,0,0,999,999,0,0,0,0,0,0,0,0,0,0,0,0,0,0,3,2,70,1,2,2,1,0,0,1,64,1,1,1,98,0,0
48,481229,2,3,2,14,6,17,20,57,0,1,0,48,1,22,18,22018,4,2003,1G2NF52F33C1,1,G,2,N,F,5,2,F,3,3,C,1,0,P,PONT,SE1,4D,3,17,3116,,0,1070,,G,,F,4,134,,,15R215,,,,,,0,0,000000000,00000000000,0,0,0,1,0,0,0,0,0,0,0,998,0,0,0,99,6,2,57,0,0,0,1,48,78224,6,1,0,0,3,0,999,999,0,0,0,0,0,0,0,0,0,0,50,0,0,0,3,2,70,1,2,2,1,0,0,1,12,1,1,4,6,1,0
48,481229,3,3,1,14,6,17,20,57,0,1,0,48,1,20,481,20481,31,1998,1GCEC14W4WZ1,1,G,C,E,C,1,4,W,4,W,Z,1,0,T,CHEV,GC1,PK,98,17,,2,1315,1175,GM4,G,,,6,262,,,,B,3876,03,,42,0,0,000000000,00000000000,0,0,0,1,0,0,0,0,0,0,0,998,0,0,0,12,9,3,12,0,0,0,1,48,78221,6,1,0,0,3,0,999,999,0,0,0,0,0,0,0,0,0,0,0,0,0,0,3,2,70,1,2,2,1,0,0,1,51,1,1,1,98,0,0
48,481230,1,4,2,14,6,11,55,12,1,1,0,4,1,63,37,63037,6,2011,999999999999,9,9,9,9,9,9,9,9,9,9,9,9,0,,,,,,,,,,,,,,,,,,,,,,,,,0,0,000000000,00000000000,0,0,0,1,0,0,0,0,0,0,0,998,0,0,0,12,6,2,12,0,0,0,1,4,85053,6,1,0,0,3,0,64,135,0,0,0,2,1,6,2010,1,2011,1,26,0,0,0,1,4,45,1,1,8,1,0,0,1,50,1,1,1,20,0,0
48,481230,2,4,1,14,6,11,55,12,1,1,0,48,1,42,43,42043,4,2007,WDDNG71X57A0,W,D,D,N,G,7,1,X,5,7,A,0,0,P,MERZ,S5F,4D,7,17,4465,,0,1246,,G,,F,8,333,,,18R225,,,,,,0,0,000000000,00000000000,0,0,0,1,0,0,0,0,0,0,0,0,0,0,0,6,6,2,12,0,0,0,1,48,78231,6,1,0,0,3,3,999,999,0,0,0,0,0,0,0,0,0,0,0,0,0,0,1,4,45,1,1,8,1,0,0,5,53,1,1,1,22,1,0
48,481230,3,4,1,14,6,11,55,12,1,1,0,48,1,7,482,7482,31,2002,3D7HA18N72G1,3,D,7,H,A,1,8,N,7,2,G,1,0,T,DODG,Q15,CW,2,17,,2,1605,1405,RPC,G,,,8,287,,,,B,4747,01,E,42,0,0,000000000,00000000000,0,0,0,1,0,0,0,0,0,0,0,998,0,0,0,12,4,3,12,0,0,0,1,48,78156,6,1,0,0,3,0,999,999,1,0,0,0,1,10,2010,10,2010,0,0,0,0,0,1,4,45,1,1,8,1,0,0,1,50,1,1,1,98,0,0
48,481230,4,4,1,14,6,11,55,12,1,1,0,48,2,49,482,49482,31,2010,5TFDW5F15AX1,5,T,F,D,W,5,F,1,5,A,X,1,0,T,TOYT,CRW,CW,10,17,,2,0,1457,TUN,F,,,8,348,,,,B,5625,00,7,44,0,0,000000000,00000000000,0,0,0,1,0,0,0,0,0,0,0,998,0,0,0,12,4,3,12,0,0,0,1,48,78231,6,1,0,0,3,3,999,999,0,0,0,0,0,0,0,0,0,0,0,0,0,0,1,4,45,1,1,8,1,0,0,1,62,1,1,1,98,0,0
48,481231,1,2,1,14,6,12,30,12,2,1,0,48,2,37,32,37032,4,1996,1HGCD5537TA1,1,H,G,C,D,5,5,3,7,T,A,1,0,P,HOND,ULE,4D,96,17,2798,,0,1069,,G,,F,4,132,,,15R185,,,,,,0,0,000000000,00000000000,0,0,0,1,0,0,0,0,0,0,0,52,0,0,0,12,2,1,12,0,0,0,1,48,75976,6,1,0,0,3,0,999,999,0,6,0,1,0,8,2010,5,2012,0,0,0,0,0,1,2,60,1,1,8,1,0,0,1,67,1,1,1,83,0,0
48,481231,2,2,2,14,6,12,30,12,2,1,0,48,1,98,709,98709,80,2012,999999999999,9,9,9,9,9,9,9,9,9,9,9,9,0,,,,,,,,,,,,,,,,,,,,,,,,,0,0,000000000,00000000000,0,0,0,1,0,0,0,0,0,0,0,998,0,0,0,12,8,1,12,0,0,0,1,48,75976,0,0,0,0,0,0,999,999,0,0,0,0,0,0,0,0,0,0,39,0,0,0,1,2,98,8,8,8,1,20,3,11,15,1,1,1,82,1,0
48,481232,1,1,1,14,6,0,4,1,0,1,0,48,1,72,706,72706,80,2001,1HD1FCW101Y6,1,H,D,1,F,C,W,1,0,1,Y,6,0,M,HD,FLU,RS,1,17,,,,,,,1450,,2,,4,788,,,,,,,0,0,000000000,00000000000,0,0,0,1,0,0,0,0,0,0,0,998,0,0,0,0,8,3,1,0,0,0,1,48,75474,6,1,0,0,3,3,69,184,0,0,0,0,0,0,0,0,0,0,85,0,0,0,1,2,60,1,1,8,1,0,0,1,62,3,2,1,98,1,0
48,481233,1,3,1,14,6,11,35,12,1,1,0,48,2,7,880,7880,67,2012,3C63DRGL6CG1,3,C,6,3,D,R,G,L,6,C,G,1,0,T,DODG,ST3,CW,12,17,,3,0,1690,RPC,D,,,6,408,,,,D,6440,00,K,44,0,88,888888888,88888888888,2,1,96,1,0,0,0,0,0,0,0,998,0,0,0,12,4,3,12,0,0,0,1,48,75693,6,1,0,0,3,3,999,999,0,0,0,1,1,8,2011,4,2012,1,0,0,0,0,1,4,50,1,1,8,1,0,0,1,52,3,2,1,28,0,0
48,481233,2,3,3,14,6,11,35,12,1,1,0,48,2,6,51,6051,4,2007,2C3KA43R57H6,2,C,3,K,A,4,3,R,5,7,H,6,0,P,CHRY,C30,4D,7,17,3632,,0,1200,,G,,F,6,165,,,17R215,,,,,,0,0,000000000,00000000000,0,0,0,1,0,0,0,0,0,0,0,998,0,0,0,6,6,2,12,0,0,0,1,48,75693,6,1,0,0,3,0,999,999,0,0,0,1,0,4,2012,4,2012,0,0,0,0,0,1,4,50,1,1,8,1,0,0,2,53,1,1,1,30,2,0
48,481233,3,3,1,14,6,11,35,12,1,1,0,48,1,20,421,20421,15,2010,1GNUCAE04AR1,1,G,N,U,C,A,E,0,4,A,R,1,0,P,CHEV,CTA,UT,10,17,5265,,0,1160,,F,,F,8,323,,,18R265,,,,,,0,0,000000000,00000000000,0,0,0,1,0,0,0,0,0,0,0,998,0,0,0,12,6,2,12,0,0,0,1,48,75693,6,1,0,0,3,3,999,999,0,0,0,0,0,0,0,0,0,0,0,0,0,0,1,4,50,1,1,8,1,0,0,1,62,1,1,1,98,0,0
48,481234,1,1,1,14,6,7,49,8,0,1,1,48,1,12,481,12481,31,1991,1FTEX15NXMKA,1,F,T,E,X,1,5,N,X,M,K,A,0,T,FORD,F15,PC,91,17,,2,1550,1390,COF,G,,,8,302,,,,B,3892,02,A,42,0,0,000000000,00000000000,0,0,0,1,0,0,0,0,0,0,0,998,0,0,0,12,4,3,8,0,0,0,1,48,75633,6,1,0,0,3,0,999,999,0,0,0,0,0,0,0,0,0,0,0,0,0,0,1,2,60,1,1,8,2,0,0,1,80,1,1,1,13,0,0
48,481235,1,1,1,14,6,14,17,53,0,1,0,48,1,35,471,35471,30,1995,1N6SD11S7SC4,1,N,6,S,D,1,1,S,7,S,C,4,0,T,NISS,EXE,PK,95,17,,1,0,1043,TRK,G,,,4,146,,,,B,2728,01,A,42,0,0,000000000,00000000000,0,0,0,1,0,0,0,0,0,0,0,998,0,0,0,12,6,2,42,0,0,0,1,48,75754,6,1,6,0,3,0,999,999,0,0,0,0,0,0,0,0,0,1,0,0,0,0,1,2,55,2,1,8,1,0,0,14,13,1,1,4,1,1,0
48,481236,1,1,1,14,6,23,0,24,0,1,0,48,1,19,14,19014,4,2004,1G6KS54Y24U1,1,G,6,K,S,5,4,Y,2,4,U,1,0,P,CADI,SLS,4D,4,17,3969,,0,1122,,G,,F,8,279,,,16R225,,,,,,0,0,000000000,00000000000,0,0,0,1,0,0,0,0,0,0,0,998,0,1,1,12,6,2,24,0,0,0,1,48,76384,6,1,0,0,3,0,999,999,0,0,0,0,0,0,0,0,0,0,0,0,0,0,1,2,55,1,1,8,1,0,0,1,13,1,1,4,1,1,0
48,481237,1,2,1,6,3,19,56,12,1,1,0,48,1,35,402,35402,14,2008,JN8AT18T78W5,J,N,8,A,T,1,8,T,7,8,W,5,0,T,DATS,,,8,17,,,,,,,,,,,,,,,,,,,0,0,000000000,00000000000,0,0,0,1,0,0,0,0,0,0,0,65,0,0,0,12,6,2,12,0,0,0,1,48,78602,6,1,0,0,3,3,999,999,0,0,0,0,0,0,0,0,0,1,0,0,0,0,3,2,65,1,1,8,1,0,0,1,51,1,1,1,24,1,0
48,481237,2,2,1,6,3,19,56,12,1,1,0,48,3,86,881,86881,66,2005,1M1AA18Y85N1,1,M,1,A,A,1,8,Y,8,5,N,1,1,T,MACK,CH6,TR,5,17,,8,0,0,600,D,,,6,728,,,,,00000,00,,64,1,57,1797639,571797639,3,6,28,1,0,0,0,0,0,0,0,998,0,0,0,6,2,8,12,0,0,0,1,48,78702,6,1,6,0,3,0,999,999,0,3,0,1,0,3,2010,8,2010,0,0,0,0,0,3,2,65,1,1,8,1,0,0,11,53,1,1,1,26,0,0
48,481238,1,2,2,15,6,23,20,12,6,1,0,48,2,12,13,12013,2,2000,3FAKP1131YR1,3,F,A,K,P,1,1,3,1,Y,R,1,0,P,FORD,ZX2,CP,0,17,2478,,0,984,,G,,F,4,121,,,15R185,,,,,,0,0,000000000,00000000000,0,0,0,1,0,0,0,0,0,0,0,998,0,0,0,3,6,2,12,0,0,0,1,48,75092,3,1,0,0,2,0,999,999,0,6,0,0,0,7,2010,8,2010,0,0,0,0,0,2,4,98,8,8,8,1,3,3,1,17,1,1,1,87,1,0
48,481238,2,2,1,15,6,23,20,12,6,1,0,48,1,7,482,7482,31,2009,1D3HB18T09S7,1,D,3,H,B,1,8,T,0,9,S,7,0,T,DODG,Q15,CW,9,17,,2,0,1400,RPC,G,,,8,348,,,,B,4863,00,K,42,0,0,000000000,00000000000,0,0,0,1,0,0,0,0,0,0,0,998,0,0,0,12,4,3,12,0,0,0,1,48,75092,6,1,0,0,3,3,999,999,0,0,0,0,1,5,2010,5,2010,0,0,0,0,0,1,2,55,1,1,8,1,3,3,1,17,1,1,1,86,0,0
48,481239,1,2,2,15,6,2,43,12,11,1,0,48,2,73,703,73703,80,2008,JKAEXMJ168DA,J,K,A,E,X,M,J,1,6,8,D,A,0,M,KAWK,E2J,RC,8,17,,,,,,,249,,2,,4,333,,,,,,,0,0,000000000,00000000000,0,0,0,1,0,0,0,0,0,0,0,998,0,0,0,10,8,3,12,0,0,0,1,48,76018,6,1,0,0,2,0,999,999,0,0,0,0,0,0,0,0,0,0,39,0,0,0,2,4,40,1,1,8,1,3,3,1,17,99,3,1,86,1,1
48,481239,2,2,1,15,6,2,43,12,11,1,0,48,2,35,39,35039,4,1997,JN1CA21D9VT8,J,N,1,C,A,2,1,D,9,V,T,8,0,P,NISS,MGS,4D,97,17,2886,,0,1063,,G,,F,6,182,,,15R205,,,,,,0,0,000000000,00000000000,0,0,0,1,0,0,0,0,0,0,0,998,0,0,0,3,4,3,12,0,0,0,1,48,75052,1,1,0,0,2,3,999,999,0,9,0,0,4,6,2009,4,2012,0,0,0,0,0,2,4,98,8,8,8,1,3,3,1,62,1,1,1,87,0,0
48,481240,1,3,1,15,6,15,27,12,6,1,0,48,2,12,481,12481,31,2012,1FT7W2BT4CEB,1,F,T,7,W,2,B,T,4,C,E,B,0,T,FORD,F2S,CW,12,17,,2,1724,1562,SRW,D,,,8,409,,,,C,6731,00,7,44,0,0,000000000,00000000000,0,0,0,1,0,0,0,0,0,0,0,998,0,0,0,12,4,3,12,0,0,0,1,48,78213,0,0,0,0,0,0,999,999,0,3,0,0,0,1,2010,1,2012,1,37,39,0,0,4,3,45,1,1,8,1,3,3,1,17,1,1,1,86,0,0
48,481240,2,3,1,15,6,15,27,12,6,1,0,48,1,52,46,52046,4,2007,JA3AJ26E27U0,J,A,3,A,J,2,6,E,2,7,U,0,0,P,MITS,LES,4D,7,17,0,,0,1024,,G,,F,4,122,,,000000,,,,,,0,0,000000000,00000000000,0,0,0,1,0,0,0,0,0,0,0,998,0,1,1,3,6,2,12,0,0,0,1,48,78745,6,1,0,0,3,0,999,999,0,0,0,0,0,0,0,0,0,0,0,0,0,0,1,4,98,8,8,8,1,3,3,1,66,1,1,1,87,1,0
48,481240,3,3,1,15,6,15,27,12,6,1,0,48,1,13,421,13421,15,2003,5LMFU27R43LJ,5,L,M,F,U,2,7,R,4,3,L,J,0,P,LINC,NAV,UT,3,17,5822,,0,1190,,G,,F,8,330,,,18R255,,,,,,0,0,000000000,00000000000,0,0,0,1,0,0,0,0,0,0,0,998,0,0,0,7,2,1,12,0,0,0,1,48,78744,0,0,0,0,0,0,999,999,0,0,0,0,0,0,0,0,0,0,0,0,0,0,0,0,0,0,0,0,0,0,0,99,98,1,1,1,98,0,0
48,481241,1,1,1,16,6,21,49,8,0,1,0,48,2,35,421,35421,15,2011,5N1BA0NDXBN6,5,N,1,B,A,0,N,D,X,B,N,6,0,P,NISS,ARM,UT,11,17,5372,,0,1232,,F,,F,8,342,,,18R265,,,,,,0,0,000000000,00000000000,0,0,0,1,0,0,0,0,0,0,0,998,0,0,0,12,4,1,8,0,0,0,1,48,75803,6,1,0,0,3,0,999,999,0,0,0,1,0,11,2010,11,2010,0,0,0,0,0,5,2,60,1,1,8,1,0,0,1,80,1,1,1,13,0,0
48,481242,1,1,2,16,6,2,19,8,0,1,1,48,1,20,9,20009,2,1997,2G1FP22K7V21,2,G,1,F,P,2,2,K,7,V,2,1,0,P,CHEV,C/R,CP,97,17,3294,,0,1011,,G,,F,6,231,,,16R215,,,,,,0,0,000000000,00000000000,0,0,0,1,0,0,0,0,0,0,0,998,0,0,0,12,2,1,8,0,0,0,1,48,77357,6,1,0,0,3,3,999,999,0,5,0,0,0,11,2009,6,2011,0,0,0,0,0,1,2,35,1,1,8,1,0,0,1,80,1,1,1,13,0,1
48,481243,1,2,2,16,6,3,40,12,1,1,0,99,9,51,881,51881,66,2003,4V4NC9TK53N3,4,V,4,N,C,9,T,K,5,3,N,3,1,T,VOLV,VNL,TR,3,17,,8,0,0,VVN,D,,,6,915,,,,,00000,00,,64,1,57,242009,57242009,3,6,1,1,0,0,0,0,0,0,0,998,0,1,3,12,6,2,12,0,0,0,1,6,92375,6,1,6,0,3,3,71,280,0,0,0,0,0,0,0,0,0,0,0,0,0,0,2,2,75,1,2,8,1,0,0,1,50,6,1,1,32,1,0
48,481243,2,2,1,16,6,3,40,12,1,1,0,48,1,12,3,12003,2,2003,1FAFP40423F3,1,F,A,F,P,4,0,4,2,3,F,3,0,P,FORD,MUS,CP,3,17,3114,,0,1013,,G,,F,6,232,,,16R225,,,,,,0,0,000000000,00000000000,0,0,0,1,0,0,0,0,0,0,0,0,0,0,0,6,4,3,12,0,0,0,1,48,76086,6,1,0,0,3,0,999,999,0,0,0,0,2,7,2011,9,2011,0,54,0,0,0,2,2,75,1,2,8,1,0,0,7,98,1,1,1,32,0,0
48,481244,1,1,1,16,6,20,15,53,0,1,0,92,0,37,703,37703,83,1980,ME032014947,M,E,0,3,2,0,1,4,9,4,7,,0,M,HOND,CR2,MX,80,11,,,,,,,247,,1,,2,218,,,,,,,0,0,000000000,00000000000,0,0,0,1,0,0,0,0,0,0,0,998,0,0,0,12,8,2,53,0,0,0,1,48,76126,6,1,0,0,2,0,999,999,0,1,0,1,0,6,2009,3,2012,1,18,0,0,0,1,2,30,3,1,8,1,0,0,14,13,1,9,4,1,1,1
48,481245,1,2,3,16,6,23,24,12,2,1,0,48,2,14,6,14006,4,1999,2MEFM75W6XX6,2,M,E,F,M,7,5,W,6,X,X,6,0,P,MERC,MGL,4D,99,17,3922,,0,1147,,G,,F,8,281,,,16R225,,,,,,0,0,000000000,00000000000,0,0,0,1,0,0,0,0,0,0,0,998,0,0,0,12,6,2,12,0,0,0,1,48,78229,6,1,0,0,3,3,999,999,0,7,0,1,0,10,2009,4,2012,0,51,0,0,0,1,4,45,2,2,8,1,0,0,14,54,1,1,1,52,1,1
48,481245,2,2,2,16,6,23,24,12,2,1,0,48,2,20,431,20431,16,1995,1GNFK16K9SJ4,1,G,N,F,K,1,6,K,9,S,J,4,0,P,CHEV,K15,UT,95,17,0,,0,1315,,G,,F,8,350,,,16R245,,,,,,0,0,000000000,00000000000,0,0,0,1,0,0,0,0,0,0,0,998,0,0,0,12,6,2,12,0,0,0,1,48,78727,6,1,0,0,3,0,999,999,0,2,0,0,0,6,2011,11,2011,0,0,0,0,0,1,4,45,3,2,8,1,0,0,14,54,1,1,1,52,0,0
48,481246,1,2,1,16,6,6,12,12,6,1,0,48,1,49,50,49050,3,2010,JTKDE3B73A03,J,T,K,D,E,3,B,7,3,A,0,3,0,P,TOYT,SXC,2H,10,17,2905,,0,1063,,G,,F,4,144,,,17R215,,,,,,0,0,000000000,00000000000,0,0,0,1,0,0,0,0,0,0,0,998,0,0,0,10,2,3,12,0,0,0,1,48,76308,6,1,0,0,3,3,999,999,0,0,0,0,0,0,0,0,0,0,91,0,0,0,0,0,0,0,0,0,0,0,0,98,98,1,1,7,98,0,1
48,481246,2,2,1,16,6,6,12,12,6,1,0,26,1,72,706,72706,80,1991,1HD1EBL14MY1,1,H,D,1,E,B,L,1,4,M,Y,1,0,M,HD,FRS,RS,91,17,,,,,,,1340,,2,,4,575,,,,,,,0,0,000000000,00000000000,0,0,0,1,0,0,0,0,0,0,0,998,0,0,0,12,8,2,12,0,0,0,1,48,76310,6,1,0,0,3,0,999,999,0,0,0,0,0,0,0,0,0,0,0,0,0,0,2,2,75,1,1,8,1,0,0,1,64,1,1,2,98,1,0
48,481247,1,2,1,17,6,21,24,12,2,1,0,48,1,12,401,12401,14,1999,1FMZU32X2XZB,1,F,M,Z,U,3,2,X,2,X,Z,B,0,P,FORD,EPR,UT,99,17,3891,,0,1116,,G,,F,6,245,,,15R225,,,,,,0,0,000000000,00000000000,0,0,0,1,0,0,0,0,0,0,0,998,0,0,0,12,6,2,12,0,0,0,1,48,77346,6,1,0,0,3,0,999,999,0,12,0,0,0,12,2009,5,2012,0,28,91,0,0,1,2,55,2,3,8,1,0,0,14,10,1,1,2,50,0,1
48,481247,2,2,3,17,6,21,24,12,2,1,0,48,2,18,7,18007,4,1994,3G4AG55M5RS6,3,G,4,A,G,5,5,M,5,R,S,6,0,P,BUIC,CSP,4D,94,17,2974,,0,1049,,G,,F,6,191,,,14R185,,,,,,0,0,000000000,00000000000,0,0,0,1,0,0,0,0,0,0,0,998,0,0,0,12,6,2,12,0,0,0,1,48,78130,1,1,0,0,2,0,999,999,0,1,0,3,0,5,2010,12,2011,0,0,0,0,0,1,2,55,3,3,8,1,0,0,14,62,1,1,1,51,1,0
48,481248,1,4,1,17,6,7,25,12,2,1,0,48,2,12,481,12481,31,1997,1FTDX1724VKA,1,F,T,D,X,1,7,2,4,V,K,A,0,T,FORD,F15,3C,97,17,,1,1570,1390,COF,G,,,6,256,,,,B,4045,03,E,42,0,0,000000000,00000000000,0,0,0,1,0,0,0,0,0,0,0,998,0,0,0,12,6,2,12,0,0,0,1,48,75229,0,0,0,0,0,0,999,999,0,0,0,0,0,0,0,0,0,0,91,51,0,0,3,5,60,1,2,8,1,0,0,15,54,1,1,1,52,0,1