STATE,ST_CASE,VEH_NO,VE_FORMS,NUMOCCS,DAY,MONTH,HOUR,MINUTE,HARM_EV,MAN_COLL,UNITTYPE,HIT_RUN,REG_STAT,OWNER,MAKE,MODEL,MAK_MOD,BODY_TYP,MOD_YEAR,VIN,VIN_1,VIN_2,VIN_3,VIN_4,VIN_5,VIN_6,VIN_7,VIN_8,VIN_9,VIN_10,VIN_11,VIN_12,TOW_VEH,VINTYPE,VINMAKE,VINA_MOD,VIN_BT,VINMODYR,VIN_LNGT,VIN_WGT,WGTCD_TR,WHLBS_LG,WHLBS_SH,SER_TR,FUELCODE,MCYCL_DS,CARBUR,CYLINDER,DISPLACE,MCYCL_CY,MCYCL_WT,TIRE_SZE,TON_RAT,TRK_WT,TRKWTVAR,VIN_REST,WHLDRWHL,J_KNIFE,MCARR_I1,MCARR_I2,MCARR_ID,GVWR,V_CONFIG,CARGO_BT,HAZ_INV,HAZ_PLAC,HAZ_ID,HAZ_CNO,HAZ_REL,BUS_USE,SPEC_USE,EMER_USE,TRAV_SP,UNDERIDE,ROLLOVER,ROLINLOC,IMPACT1,DEFORMED,TOWED,M_HARM,VEH_SC1,VEH_SC2,FIRE_EXP,DR_PRES,L_STATE,DR_ZIP,L_STATUS,L_TYPE,CDL_STAT,L_ENDORS,L_COMPL,L_RESTRI,DR_HGT,DR_WGT,PREV_ACC,PREV_SUS,PREV_DWI,PREV_SPD,PREV_OTH,FIRST_MO,FIRST_YR,LAST_MO,LAST_YR,SPEEDREL,DR_SF1,DR_SF2,DR_SF3,DR_SF4,VTRAFWAY,VNUM_LAN,VSPD_LIM,VALIGN,VPROFILE,VPAVETYP,VSURCOND,VTRAFCON,VTCONT_F,P_CRASH1,P_CRASH2,P_CRASH3,PCRASH4,PCRASH5,ACC_TYPE,DEATHS,DR_DRINK
48,481248,2,4,1,17,6,7,25,12,2,1,0,48,1,42,42,42042,4,2005,WDBRF40J85F6,W,D,B,R,F,4,0,J,8,5,F,6,0,P,MERZ,C2K,4D,5,17,3250,,0,1069,,G,,Z,4,108,,,17R225,,,,,,0,0,000000000,00000000000,0,0,0,1,0,0,0,0,0,0,0,998,0,0,0,12,6,2,12,0,0,0,1,48,75212,6,1,0,0,3,3,61,163,0,2,0,0,0,3,2010,3,2011,0,0,0,0,0,3,5,60,1,2,8,1,0,0,1,54,1,1,1,52,1,0
48,481248,3,4,1,17,6,7,25,12,2,1,0,48,2,20,22,20022,4,2007,1G1AL58F4773,1,G,1,A,L,5,8,F,4,7,7,3,0,P,CHEV,BLT,4D,7,17,3216,,0,1033,,G,,F,4,134,,,15R195,,,,,,0,0,000000000,00000000000,0,0,0,1,0,0,0,0,0,0,0,998,0,0,0,12,6,2,12,0,0,0,1,48,75050,0,0,0,0,0,0,999,999,0,0,0,0,0,0,0,0,0,0,0,0,0,0,3,5,60,1,2,8,1,0,0,1,60,1,1,1,98,0,0
48,481248,4,4,4,17,6,7,25,12,2,1,0,48,1,42,42,42042,4,2007,WDBRF92H87F8,W,D,B,R,F,9,2,H,8,7,F,8,0,P,MERZ,C2A,4D,7,17,3655,,0,1069,,G,,F,6,183,,,16R205,,,,,,0,0,000000000,00000000000,0,0,0,1,0,0,0,0,0,0,0,998,0,0,0,12,2,3,12,0,0,0,1,48,75149,6,1,0,0,3,0,999,999,0,0,0,0,0,0,0,0,0,0,0,0,0,0,3,5,60,1,2,8,1,0,0,1,60,1,1,1,98,0,0
48,481249,1,1,2,17,6,8,49,42,0,1,0,48,1,20,401,20401,14,1998,1GNCS13W3WK1,1,G,N,C,S,1,3,W,3,W,K,1,0,P,CHEV,BZR,UT,98,17,3685,,0,1070,,G,,F,6,262,,,15R235,,,,,,0,0,000000000,00000000000,0,0,0,1,0,0,0,0,0,0,0,998,0,1,6,9,6,2,42,0,0,0,1,48,77830,6,1,0,0,3,3,999,999,0,0,0,0,0,0,0,0,0,1,91,0,0,0,1,2,60,2,1,8,1,40,3,14,6,1,3,4,7,1,0
48,481250,1,1,1,17,6,1,15,1,0,1,0,48,1,76,706,76706,80,2005,JYAVP14EX5A0,J,Y,A,V,P,1,4,E,X,5,A,0,0,M,YAMA,XVP,RS,5,17,,,,,,,1670,,2,,4,606,,,,,,,0,0,000000000,00000000000,0,0,0,1,0,0,0,0,0,0,0,998,0,0,0,0,8,2,1,0,0,0,1,48,77449,6,1,0,0,3,0,999,999,2,1,0,0,0,12,2010,10,2011,0,0,0,0,0,1,2,45,1,1,8,11,0,0,17,5,7,9,6,98,1,1
48,481251,1,3,1,17,6,13,55,12,2,1,0,48,2,49,41,49041,2,1991,JT2SW21M4M00,J,T,2,S,W,2,1,M,4,M,0,0,0,P,TOYT,MR2,CP,91,17,2599,,0,945,,G,,F,4,132,,,14R195,,,,,,0,0,000000000,00000000000,0,0,0,1,0,0,0,0,0,0,0,998,0,0,0,12,6,2,12,0,0,0,1,48,77373,0,0,0,0,0,0,999,999,0,0,0,0,0,0,0,0,0,0,38,0,0,0,5,6,50,1,1,8,1,0,0,12,10,1,1,2,98,0,1
48,481251,2,3,1,17,6,13,55,12,2,1,0,48,1,49,51,49051,4,2007,JTDBT9233710,J,T,D,B,T,9,2,3,3,7,1,0,0,P,TOYT,YAR,4D,7,17,2288,,0,969,,G,,F,4,092,,,14R175,,,,,,0,0,000000000,00000000000,0,0,0,1,0,0,0,0,0,0,0,998,0,0,0,12,6,2,12,0,0,0,1,48,77372,6,1,0,0,3,3,999,999,0,0,0,0,0,0,0,0,0,0,0,0,0,0,5,6,50,1,1,8,1,0,0,1,62,1,1,1,98,1,0
48,481251,3,3,2,17,6,13,55,12,2,1,0,18,2,22,20,22020,4,2005,2G2WS5228511,2,G,2,W,S,5,2,2,8,5,1,1,0,P,PONT,GPG,4D,5,17,3484,,0,1105,,G,,F,6,231,,,16R225,,,,,,0,0,000000000,00000000000,0,0,0,1,0,0,0,0,0,0,0,998,0,0,0,10,6,2,12,0,0,0,1,12,32212,6,1,0,0,3,3,67,999,0,0,0,0,0,0,0,0,0,0,0,0,0,0,5,6,50,1,1,8,1,0,0,1,60,1,1,1,98,0,0
48,481252,1,2,1,17,6,22,53,12,7,1,0,48,3,82,881,82881,66,2000,1FUYDSEB8YLG,1,F,U,Y,D,S,E,B,8,Y,L,G,1,T,FRHT,FLD,TR,0,17,,8,0,0,CON,D,,,6,774,,,,,00000,00,,64,1,57,1049641,571049641,3,6,3,1,0,0,0,0,0,0,0,998,0,0,0,5,0,1,12,0,0,0,1,48,77071,6,1,6,0,3,0,999,999,0,8,0,0,4,11,2009,4,2012,0,24,0,0,0,4,2,30,3,1,8,1,20,3,2,53,1,1,1,44,0,0
48,481252,2,2,1,17,6,22,53,12,7,1,0,12,1,20,441,20441,20,1998,1GBEL19W8WB1,1,G,B,E,L,1,9,W,8,W,B,1,0,T,CHEV,AST,EC,98,17,,2,0,1112,AST,G,,,6,262,,,,B,00000,00,,44,0,0,000000000,00000000000,0,0,0,1,0,0,0,0,0,0,0,998,0,0,0,10,6,2,12,0,0,0,1,12,33837,6,1,6,0,3,0,66,999,0,0,0,0,0,0,0,0,0,0,0,0,0,0,4,2,30,3,1,8,1,20,3,14,52,7,1,1,45,1,0
48,481253,1,1,2,17,6,7,0,32,0,1,0,48,2,20,481,20481,31,2003,1GCEC19V53Z1,1,G,C,E,C,1,9,V,5,3,Z,1,0,T,CHEV,SC1,4C,3,17,,2,1575,1435,SIL,G,,,8,293,,,,B,4534,03,,42,0,0,000000000,00000000000,0,0,0,1,0,0,0,0,0,0,0,998,0,0,0,12,6,2,32,0,0,0,1,48,78390,6,1,0,0,3,0,999,999,1,0,0,1,1,2,2011,4,2011,0,0,0,0,0,1,2,70,1,1,8,1,0,0,1,13,1,1,4,1,1,0
48,481254,1,1,1,17,6,21,27,1,0,1,0,48,1,22,9,22009,3,2002,2G2FV22G6221,2,G,2,F,V,2,2,G,6,2,2,1,0,P,PONT,FTA,2H,2,17,3452,,0,1011,,G,,F,8,350,,,16R245,,,,,,0,0,000000000,00000000000,0,0,0,1,0,0,0,0,0,0,0,998,0,1,5,0,6,2,1,0,0,0,1,48,76234,6,1,6,0,3,0,999,999,0,0,0,0,0,0,0,0,0,1,0,0,0,0,1,2,60,1,3,8,1,0,0,1,10,7,4,4,2,1,1
48,481255,1,1,6,18,6,0,16,14,0,1,0,48,2,37,31,37031,4,2000,2HGEJ661XYH5,2,H,G,E,J,6,6,1,X,Y,H,5,0,P,HOND,UCE,4D,0,17,2388,,0,1032,,G,,F,4,097,,,14R185,,,,,,0,0,000000000,00000000000,0,0,0,1,0,0,0,0,0,0,0,998,0,0,0,81,6,2,14,0,0,0,1,48,78227,6,1,0,0,3,0,999,999,0,3,0,0,0,3,2011,3,2011,1,91,0,0,0,1,2,40,3,1,8,1,98,3,14,13,1,4,4,2,5,1
48,481256,1,1,1,18,6,8,58,9,0,1,0,48,1,35,481,35481,31,2010,1N6BA0CH2AN3,1,N,6,B,A,0,C,H,2,A,N,3,0,T,NISS,TXS,PC,10,17,,2,0,1398,TTN,F,,,8,342,,,,B,4987,00,4,42,0,0,000000000,00000000000,0,0,0,1,0,0,0,0,0,0,0,998,0,0,0,12,4,3,9,0,0,0,1,48,78240,6,1,0,0,3,3,999,999,0,0,0,0,0,0,0,0,0,0,0,0,0,0,4,3,40,1,1,8,1,0,0,1,83,1,1,1,13,0,0
48,481257,1,1,1,19,6,9,19,8,0,1,0,48,2,54,421,54421,15,2002,2HNYD18632H5,2,H,N,Y,D,1,8,6,3,2,H,5,0,P,ACUR,MDX,UT,2,17,4436,,0,1063,,G,,F,6,212,,,17R235,,,,,,0,0,000000000,00000000000,0,0,0,1,0,0,0,0,0,0,0,998,0,0,0,12,2,1,8,0,0,0,1,48,77401,6,1,0,0,3,0,999,999,0,0,0,0,0,0,0,0,0,0,28,38,0,0,2,3,35,1,2,1,1,3,3,1,80,1,1,1,13,0,0
48,481258,1,3,1,19,6,14,46,12,6,1,0,48,3,84,881,84881,66,2005,2HSCEAPR25C0,2,H,S,C,E,A,P,R,2,5,C,0,1,T,INTL,92I,TR,5,17,,8,0,0,920,D,,,6,915,,,,,00000,00,,64,3,57,2110555,572110555,3,6,1,1,0,0,0,0,0,0,0,998,0,0,0,12,4,3,12,0,0,0,1,48,77995,6,1,6,0,3,0,999,999,0,0,0,0,0,0,0,0,0,0,0,0,0,0,1,2,60,1,1,8,2,0,0,1,62,1,1,1,65,0,0
48,481258,2,3,4,19,6,14,46,12,6,1,0,48,2,12,473,12473,30,2003,1FMZU67E33UA,1,F,M,Z,U,6,7,E,3,3,U,A,0,P,FORD,EPR,UT,3,17,3761,,0,1259,,G,,F,6,245,,,16R235,,,,,,0,0,000000000,00000000000,0,0,0,1,0,0,0,0,0,0,0,998,0,0,0,81,6,2,12,0,0,0,1,48,78526,6,1,0,0,3,0,999,999,0,0,0,0,0,0,0,0,0,1,0,0,0,0,1,2,60,1,1,8,2,0,0,1,6,1,4,2,64,4,0
48,481258,3,3,4,19,6,14,46,12,6,1,0,48,1,37,402,37402,14,2007,JHLRE38757C0,J,H,L,R,E,3,8,7,5,7,C,0,0,P,HOND,CRV,UT,7,17,3415,,0,1031,,G,,F,4,146,,,17R225,,,,,,0,0,000000000,00000000000,0,0,0,1,0,0,0,0,0,0,0,998,0,0,0,11,2,3,12,0,0,0,1,48,75024,6,1,0,0,3,3,999,999,0,0,0,0,0,0,0,0,0,0,0,0,0,0,1,2,60,1,1,8,2,0,0,1,62,7,1,1,98,0,0
48,481259,1,2,1,19,6,12,25,12,6,1,0,48,1,20,421,20421,15,2008,1GNFC13J88R1,1,G,N,F,C,1,3,J,8,8,R,1,1,P,CHEV,CTA,UT,8,17,5265,,0,1160,,G,,F,8,323,,,17R265,,,,,,3,0,000000000,00000000000,0,0,0,1,0,0,0,0,0,0,0,998,0,0,0,12,6,2,12,0,0,0,1,48,77901,6,1,0,0,3,0,999,999,0,0,0,0,0,0,0,0,0,0,0,0,0,0,5,4,70,1,1,8,2,0,0,1,62,1,1,1,65,0,0
48,481259,2,2,2,19,6,12,25,12,6,1,0,48,1,20,9,20009,2,1997,2G1FP22P5V21,2,G,1,F,P,2,2,P,5,V,2,1,0,P,CHEV,Z28,CP,97,17,3433,,0,1011,,G,,F,8,350,,,16R235,,,,,,0,0,000000000,00000000000,0,0,0,1,0,0,0,0,0,0,0,998,0,0,0,3,6,2,12,0,0,0,1,48,77904,0,0,0,0,0,0,999,999,0,0,0,0,0,0,0,0,0,1,0,0,0,0,5,4,70,1,1,8,2,0,0,1,6,1,4,2,64,1,0
48,481260,1,1,1,19,6,11,44,1,0,1,0,48,2,76,706,76706,80,2003,JYARN10E93A0,J,Y,A,R,N,1,0,E,9,3,A,0,0,M,YAMA,YFR,RC,3,17,,,,,,,998,,4,,4,382,,,,,,,0,0,000000000,00000000000,0,0,0,1,0,0,0,0,0,0,0,998,0,0,0,0,6,2,1,0,0,0,1,48,77904,6,1,0,0,3,0,999,999,0,0,0,0,0,0,0,0,0,0,0,0,0,0,1,4,50,3,2,8,1,0,0,14,13,1,1,4,1,1,0
48,481261,1,2,1,20,6,5,54,12,1,1,0,48,2,76,705,76705,80,2005,JYARJ06E65A0,J,Y,A,R,J,0,6,E,6,5,A,0,0,M,YAMA,R6L,RC,5,17,,,,,,,599,,4,,4,357,,,,,,,0,0,000000000,00000000000,0,0,0,1,0,0,0,0,0,0,0,998,0,0,0,12,8,3,12,0,0,0,1,48,78210,0,0,0,0,0,0,999,999,0,0,0,0,0,0,0,0,0,1,6,27,0,0,3,3,65,1,1,8,1,0,0,15,10,1,1,2,24,1,1
48,481261,2,2,1,20,6,5,54,12,1,1,0,48,1,20,481,20481,31,1994,2GCEC19H2R12,2,G,C,E,C,1,9,H,2,R,1,2,0,T,CHEV,GC1,PC,94,17,,2,1555,1415,GM4,G,,,8,305,,,,B,4110,01,,42,0,0,000000000,00000000000,0,0,0,1,0,0,0,0,0,0,0,998,0,1,1,6,4,3,1,0,0,0,1,48,78224,6,1,0,0,3,3,999,999,0,0,0,0,0,0,0,0,0,0,0,0,0,0,3,3,65,1,1,8,1,0,0,1,61,1,1,1,25,0,0
48,481262,1,1,1,20,6,8,1,1,0,1,0,48,3,20,461,20461,21,2007,1GCFG15X7711,1,G,C,F,G,1,5,X,7,7,1,1,0,T,CHEV,E15,CG,7,17,,2,0,1350,EXP,G,,,6,262,,,,B,4894,00,,42,0,0,000000000,00000000000,0,0,0,1,0,0,0,0,0,0,0,998,0,1,1,0,4,3,1,0,0,0,1,48,75656,6,1,0,0,3,0,999,999,1,0,0,0,0,7,2011,7,2011,1,58,0,0,0,1,2,60,1,1,8,1,0,0,1,13,6,3,6,98,1,0
48,481263,1,1,1,20,6,0,10,43,0,1,0,48,1,49,402,49402,14,2008,JTMZD33V4850,J,T,M,Z,D,3,3,V,4,8,5,0,0,P,TOYT,RG4,UT,8,17,3300,,0,1047,,G,,F,4,144,,,16R215,,,,,,0,0,000000000,00000000000,0,0,0,1,0,0,0,0,0,0,0,998,0,1,5,12,6,2,1,0,0,0,1,48,75771,6,1,0,0,3,0,999,999,6,4,0,0,0,9,2009,10,2011,1,0,0,0,0,1,2,60,2,1,8,1,0,0,14,6,1,1,4,6,1,0
48,481264,1,1,1,20,6,1,40,8,0,1,0,18,9,82,881,82881,66,2009,1FUJA6CK59DA,1,F,U,J,A,6,C,K,5,9,D,A,1,T,FRHT,COL,TR,9,17,,8,0,0,CON,D,,,6,855,,,,,00000,00,,64,1,57,054283,57054283,3,6,1,1,0,0,0,0,0,0,0,998,0,1,1,7,6,2,8,0,0,0,1,48,75181,6,1,6,0,3,0,999,999,0,0,0,0,2,9,2009,4,2010,0,0,0,0,0,3,3,60,1,1,8,1,0,0,1,80,6,2,2,13,0,0
48,481265,1,3,1,21,6,16,53,12,7,1,0,48,1,12,401,12401,14,1994,1FMCU22X8RUB,1,F,M,C,U,2,2,X,8,R,U,B,0,P,FORD,EPR,UT,94,17,3646,,0,1020,,G,,F,6,245,,,15R225,,,,,,0,0,000000000,00000000000,0,0,0,1,0,0,0,0,0,0,0,998,0,1,3,7,6,2,1,0,0,0,1,48,76063,3,1,0,0,2,0,64,175,0,1,0,1,2,1,2010,6,2012,1,27,0,0,0,3,4,65,1,1,8,1,0,0,15,10,1,1,2,47,1,0
48,481265,2,3,1,21,6,16,53,12,7,1,0,48,1,7,43,7043,4,2005,1B3EL46X45N6,1,B,3,E,L,4,6,X,4,5,N,6,0,P,DODG,SRX,4D,5,17,3093,,0,1080,,G,,F,4,146,,,16R205,,,,,,0,0,000000000,00000000000,0,0,0,1,0,0,0,0,0,0,0,998,0,0,0,1,2,1,12,0,0,0,1,48,76063,6,1,0,0,3,0,999,999,0,0,0,0,0,0,0,0,0,0,0,0,0,0,3,4,65,1,1,8,1,0,0,1,61,1,1,1,45,0,0
48,481265,3,3,1,21,6,16,53,12,7,1,0,48,3,24,7,24007,4,2003,1G8AM12F73Z1,1,G,8,A,M,1,2,F,7,3,Z,1,0,P,STRN,SI2,C4,3,17,2751,,0,1032,,G,,F,4,134,,,15R195,,,,,,0,0,000000000,00000000000,0,0,0,1,0,0,0,0,0,0,0,998,0,0,0,10,4,1,12,0,0,0,1,48,76010,6,1,0,0,3,0,999,999,0,0,0,0,0,0,0,0,0,0,0,0,0,0,3,4,65,1,1,8,1,0,0,1,98,1,1,1,98,0,0
48,481266,1,2,1,21,6,1,4,12,2,1,0,48,1,63,35,63035,4,2005,KNALD1249550,K,N,A,L,D,1,2,4,9,5,5,0,0,P,KIA,AV6,4D,5,17,4021,,0,1102,,G,,F,6,213,,,16R225,,,,,,0,0,000000000,00000000000,0,0,0,1,0,0,0,0,0,0,0,998,0,0,0,12,6,2,2,0,0,1,1,48,76063,6,1,0,0,3,0,67,178,0,0,0,0,0,0,0,0,0,0,50,0,0,0,3,2,65,1,1,8,1,0,0,1,54,1,1,1,50,1,1
48,481266,2,2,1,21,6,1,4,12,2,1,0,48,2,37,402,37402,14,1997,JHLRD185XVC0,J,H,L,R,D,1,8,5,X,V,C,0,0,P,HOND,CRV,UT,97,17,3063,,0,1032,,G,,F,4,120,,,15R205,,,,,,0,0,000000000,00000000000,0,0,0,1,0,0,0,0,0,0,0,998,0,0,0,12,6,2,12,0,0,0,1,48,76148,6,1,0,0,3,3,65,110,0,0,0,2,1,6,2010,8,2011,0,0,0,0,0,3,2,65,1,1,8,1,0,0,1,54,1,1,1,51,1,0
48,481267,1,1,1,21,6,9,45,42,0,1,0,48,1,7,482,7482,31,1999,1B7HC13Y0XJ5,1,B,7,H,C,1,3,Y,0,X,J,5,0,T,DODG,Q15,4C,99,17,,2,1547,1387,RPC,G,,,8,318,,,,B,4604,02,U,42,0,0,000000000,00000000000,0,0,0,1,0,0,0,0,0,0,0,998,0,0,0,12,6,2,42,0,0,0,1,48,75904,6,1,7,0,3,0,999,999,0,0,0,0,0,0,0,0,0,0,0,0,0,0,1,2,55,1,1,8,1,0,0,1,13,1,1,4,1,1,0
48,481268,1,1,1,22,6,18,18,9,0,1,0,48,1,20,481,20481,31,2003,1GCHC29U63E1,1,G,C,H,C,2,9,U,6,3,E,1,0,T,CHEV,2CH,4C,3,17,,2,1575,1435,SIL,G,,,8,364,,,,C,5393,01,,42,0,0,000000000,00000000000,0,0,0,1,0,0,0,0,0,0,0,998,0,0,0,12,2,3,9,0,0,0,1,48,77520,6,1,0,0,3,0,999,999,0,0,0,0,0,0,0,0,0,0,0,0,0,0,5,4,45,1,1,8,1,0,0,1,83,1,1,1,13,0,0
48,481269,1,2,1,22,6,8,0,12,1,1,0,48,1,35,421,35421,15,2007,5N1AA08A87N7,5,N,1,A,A,0,8,A,8,7,N,7,0,P,NISS,ARM,UT,7,17,5133,,0,1232,,G,,F,8,342,,,17R285,,,,,,0,0,000000000,00000000000,0,0,0,1,0,0,0,0,0,0,0,998,0,0,0,12,6,2,12,0,0,0,1,48,77450,6,1,0,0,3,0,999,999,1,0,0,0,0,10,2009,10,2009,1,0,0,0,0,4,3,50,1,1,8,1,98,3,1,50,1,1,1,32,1,0
48,481269,2,2,0,22,6,8,0,12,1,1,0,48,6,12,881,12881,61,2006,1FDAW56P86EC,1,F,D,A,W,5,6,P,8,6,E,C,0,T,FORD,F5D,CH,6,17,,5,2000,1760,DRW,D,,,8,366,,,,,00000,00,E,42,0,57,1591983,571591983,2,1,1,1,0,0,0,0,0,0,0,0,0,0,0,6,2,1,12,0,0,0,0,0,99997,7,6,97,7,6,7,998,997,998,998,998,998,998,98,9998,98,9998,8,20,0,0,0,4,3,50,1,1,8,1,0,0,0,53,0,0,0,32,0,0
48,481270,1,1,1,22,6,20,22,42,0,1,0,48,1,20,481,20481,31,2003,2GCEC19V6311,2,G,C,E,C,1,9,V,6,3,1,1,0,T,CHEV,SC1,4C,3,17,,2,1575,1435,SIL,G,,,8,293,,,,B,4534,03,,42,0,0,000000000,00000000000,0,0,0,1,0,0,0,0,0,0,0,998,0,0,0,3,4,3,42,0,0,0,1,48,77502,6,1,0,0,3,3,999,999,1,0,0,2,0,11,2010,3,2011,1,0,0,0,0,1,2,30,1,1,8,1,0,0,1,13,1,2,4,2,1,0
48,481271,1,2,1,22,6,11,40,12,2,1,0,40,1,7,24,7024,4,2008,2B3KA43G48H1,2,B,3,K,A,4,3,G,4,8,H,1,0,P,DODG,CHA,4D,8,17,3727,,0,1200,,G,,F,6,214,,,17R215,,,,,,0,0,000000000,00000000000,0,0,0,1,0,0,0,0,0,0,0,998,0,0,0,12,6,2,12,0,0,0,1,40,73942,6,1,0,0,3,0,63,150,0,0,0,0,1,2,2010,2,2010,0,51,91,0,0,1,2,70,1,1,8,1,0,0,1,10,1,1,4,50,0,0
48,481271,2,2,2,22,6,11,40,12,2,1,0,48,1,7,482,7482,31,2003,3D7KA28663G7,3,D,7,K,A,2,8,6,6,3,G,7,0,T,DODG,SQ2,CW,3,17,,2,1605,1405,RPC,D,,,6,359,,,,C,5352,07,E,42,0,0,000000000,00000000000,0,0,0,1,0,0,0,0,0,0,0,998,0,1,5,12,6,2,12,0,0,0,1,48,79086,6,1,0,0,3,3,999,999,0,0,0,0,0,0,0,0,0,0,0,0,0,0,1,2,70,1,1,8,1,0,0,1,62,9,1,4,51,1,0
48,481272,1,2,1,22,6,1,30,52,0,1,0,48,1,72,706,72706,80,2006,1HD1FHW126Y6,1,H,D,1,F,H,W,1,2,6,Y,6,0,M,HD,HPI,RS,6,17,,,,,,,1450,,2,,4,999,,,,,,,0,0,000000000,00000000000,0,0,0,1,0,0,0,0,0,0,0,998,0,0,0,12,8,2,52,0,0,0,1,48,77662,6,1,0,0,3,0,999,999,0,0,0,0,0,0,0,0,0,0,58,0,0,0,3,2,75,1,3,8,1,0,0,1,98,7,9,4,98,0,0
48,481272,2,2,1,22,6,1,30,52,0,1,0,48,2,72,706,72706,80,2000,1HD1GDV15YY3,1,H,D,1,G,D,V,1,5,Y,Y,3,0,M,HD,FDL,RS,0,17,,,,,,,1450,,2,,4,614,,,,,,,0,0,000000000,00000000000,0,0,0,1,0,0,0,0,0,0,0,998,0,0,0,12,8,2,52,0,0,0,1,48,77630,6,1,6,0,3,0,999,999,0,0,0,0,0,0,0,0,0,0,48,89,0,0,3,2,75,1,3,8,1,0,0,1,8,1,9,4,2,1,1
48,481273,1,2,3,23,6,14,25,12,6,1,0,48,2,35,43,35043,4,2002,3N1CB51D52L6,3,N,1,C,B,5,1,D,5,2,L,6,0,P,NISS,XGX,4D,2,17,2441,,0,998,,G,,F,4,108,,,14R185,,,,,,0,0,000000000,00000000000,0,0,0,1,0,0,0,0,0,0,0,998,0,0,0,4,6,2,12,0,0,0,1,48,75061,6,1,0,0,3,0,999,999,0,0,0,0,0,0,0,0,0,0,38,0,0,0,2,2,45,2,1,8,1,3,3,11,15,1,1,1,68,1,0
48,481273,2,2,1,23,6,14,25,12,6,1,0,48,1,35,472,35472,30,2005,1N6AD07U05C4,1,N,6,A,D,0,7,U,0,5,C,4,0,T,NISS,CEO,CW,5,17,,1,0,1259,FRT,G,,,6,244,,,,C,4108,00,K,42,0,0,000000000,00000000000,0,0,0,1,0,0,0,0,0,0,0,998,0,0,0,12,4,3,12,0,0,0,1,48,75061,0,0,0,0,0,0,999,999,0,0,0,0,0,0,0,0,0,0,0,0,0,0,2,2,45,3,1,8,1,3,3,14,62,1,1,1,69,0,0
48,481274,1,1,1,23,6,2,50,43,0,1,0,48,0,39,32,39032,4,1999,SAJHD1043XC8,S,A,J,H,D,1,0,4,3,X,C,8,0,P,JAGU,XJ8,4D,99,17,3933,,0,1130,,G,,F,8,244,,,16R225,,,,,,0,0,000000000,00000000000,0,0,0,1,0,0,0,0,0,0,0,998,0,0,0,9,6,2,42,0,0,0,1,96,77520,9,9,99,0,9,9,999,999,99,99,99,99,99,99,9999,99,9999,1,0,0,0,0,1,2,40,3,1,8,1,0,0,14,9,1,9,4,7,1,0
48,481275,1,1,1,23,6,2,2,8,0,1,0,48,1,20,2,20002,4,2000,2G1WH55K9Y91,2,G,1,W,H,5,5,K,9,Y,9,1,0,P,CHEV,IPL,4D,0,17,3466,,0,1110,,G,,F,6,231,,,16R225,,,,,,0,0,000000000,00000000000,0,0,0,1,0,0,0,0,0,0,0,998,0,0,0,12,2,1,8,0,0,0,1,48,75109,6,1,0,0,3,0,999,999,0,0,0,0,0,0,0,0,0,0,0,0,0,0,1,2,55,1,1,8,1,0,0,1,80,9,1,1,13,0,0
48,481276,1,2,5,23,6,18,54,12,2,1,0,48,2,7,482,7482,31,2006,1D7HA18K26J1,1,D,7,H,A,1,8,K,2,6,J,1,0,T,DODG,QS1,CW,6,17,,2,0,1405,RPC,G,,,6,225,,,,B,4771,00,E,42,0,0,000000000,00000000000,0,0,0,1,0,0,0,0,0,0,0,998,0,0,0,12,4,3,12,0,0,0,1,48,75647,1,1,0,0,2,3,999,999,0,3,0,0,0,5,2010,5,2012,0,28,0,0,0,1,2,35,3,2,8,1,0,0,14,10,7,1,2,52,0,0
48,481276,2,2,1,23,6,18,54,12,2,1,0,5,1,72,709,72709,80,1997,1C9S3B501VG5,1,C,9,S,3,B,5,0,1,V,G,5,0,M,HD,,RS,97,17,,,,,,,,,2,,4,,,,,,,,0,0,000000000,00000000000,0,0,0,1,0,0,0,0,0,0,0,998,0,0,0,12,4,3,12,0,0,0,1,5,72011,6,1,0,0,3,0,72,190,0,0,0,0,0,0,0,0,0,0,0,0,0,0,1,2,35,2,2,8,1,0,0,14,54,8,1,2,52,1,0
48,481277,1,1,1,24,6,14,35,1,0,1,0,48,1,76,705,76705,80,2005,JYARJ06Y75A0,J,Y,A,R,J,0,6,Y,7,5,A,0,0,M,YAMA,R6L,RC,5,17,,,,,,,599,,4,,4,357,,,,,,,0,0,000000000,00000000000,0,0,0,1,0,0,0,0,0,0,0,998,0,0,0,0,8,2,1,0,0,0,1,48,76544,6,1,0,0,3,0,999,999,0,0,0,0,0,0,0,0,0,1,24,0,0,0,5,4,55,3,2,8,1,0,0,14,6,1,9,4,2,1,1
48,481278,1,2,2,25,6,6,51,12,2,1,0,48,1,12,17,12017,6,1997,1FALP57U9VA1,1,F,A,L,P,5,7,U,9,V,A,1,0,P,FORD,TAG,SW,97,17,3480,,0,1085,,G,,F,6,182,,,15R205,,,,,,0,0,000000000,00000000000,0,0,0,1,0,0,0,0,0,0,0,998,0,0,0,12,4,3,12,0,0,0,1,48,76227,1,1,0,0,2,3,999,999,0,5,0,2,0,2,2010,6,2012,0,91,0,0,0,1,2,60,2,1,8,1,0,0,14,10,1,1,2,50,0,0