STATE,ST_CASE,VEH_NO,VE_FORMS,NUMOCCS,DAY,MONTH,HOUR,MINUTE,HARM_EV,MAN_COLL,UNITTYPE,HIT_RUN,REG_STAT,OWNER,MAKE,MODEL,MAK_MOD,BODY_TYP,MOD_YEAR,VIN,VIN_1,VIN_2,VIN_3,VIN_4,VIN_5,VIN_6,VIN_7,VIN_8,VIN_9,VIN_10,VIN_11,VIN_12,TOW_VEH,VINTYPE,VINMAKE,VINA_MOD,VIN_BT,VINMODYR,VIN_LNGT,VIN_WGT,WGTCD_TR,WHLBS_LG,WHLBS_SH,SER_TR,FUELCODE,MCYCL_DS,CARBUR,CYLINDER,DISPLACE,MCYCL_CY,MCYCL_WT,TIRE_SZE,TON_RAT,TRK_WT,TRKWTVAR,VIN_REST,WHLDRWHL,J_KNIFE,MCARR_I1,MCARR_I2,MCARR_ID,GVWR,V_CONFIG,CARGO_BT,HAZ_INV,HAZ_PLAC,HAZ_ID,HAZ_CNO,HAZ_REL,BUS_USE,SPEC_USE,EMER_USE,TRAV_SP,UNDERIDE,ROLLOVER,ROLINLOC,IMPACT1,DEFORMED,TOWED,M_HARM,VEH_SC1,VEH_SC2,FIRE_EXP,DR_PRES,L_STATE,DR_ZIP,L_STATUS,L_TYPE,CDL_STAT,L_ENDORS,L_COMPL,L_RESTRI,DR_HGT,DR_WGT,PREV_ACC,PREV_SUS,PREV_DWI,PREV_SPD,PREV_OTH,FIRST_MO,FIRST_YR,LAST_MO,LAST_YR,SPEEDREL,DR_SF1,DR_SF2,DR_SF3,DR_SF4,VTRAFWAY,VNUM_LAN,VSPD_LIM,VALIGN,VPROFILE,VPAVETYP,VSURCOND,VTRAFCON,VTCONT_F,P_CRASH1,P_CRASH2,P_CRASH3,PCRASH4,PCRASH5,ACC_TYPE,DEATHS,DR_DRINK
48,481278,2,2,1,25,6,6,51,12,2,1,0,48,1,37,703,37703,88,2010,LWBJF1904A10,L,W,B,J,F,1,9,0,4,A,1,0,0,M,HOND,N10,MS,10,17,,,,,,,108,,1,,4,254,,,,,,,0,0,000000000,00000000000,0,0,0,1,0,0,0,0,0,0,0,998,0,0,0,12,8,2,12,0,0,0,1,48,76258,6,1,0,0,3,3,999,999,0,0,0,0,0,0,0,0,0,0,0,0,0,0,1,2,60,1,1,8,1,0,0,1,62,1,1,1,51,1,0
48,481279,1,1,1,25,6,7,2,59,0,1,0,48,1,49,472,49472,30,1998,4TANL42N1WZ0,4,T,A,N,L,4,2,N,1,W,Z,0,0,T,TOYT,REG,PK,98,17,,1,0,1033,TAC,G,,,4,149,,,,B,2566,00,U,42,0,0,000000000,00000000000,0,0,0,1,0,0,0,0,0,0,0,998,0,0,0,12,4,3,59,0,0,0,1,48,78063,6,1,0,0,3,3,999,999,0,0,0,0,0,0,0,0,0,0,0,0,0,0,1,2,60,3,1,2,1,0,0,1,13,1,1,4,1,1,0
48,481280,1,1,1,25,6,0,15,8,0,1,0,48,2,37,32,37032,2,2001,1HGCG22501A0,1,H,G,C,G,2,2,5,0,1,A,0,0,P,HOND,UEX,CP,1,17,3283,,0,1051,,G,,F,6,183,,,16R205,,,,,,0,0,000000000,00000000000,0,0,0,1,0,0,0,0,0,0,0,998,0,0,0,12,4,3,8,0,0,0,1,48,75771,6,1,0,0,3,0,999,999,0,0,0,0,0,0,0,0,0,0,0,0,0,0,2,2,45,1,1,8,1,0,0,1,80,1,1,1,13,0,0
48,481281,1,2,1,25,6,8,50,12,6,1,0,48,1,49,32,49032,4,2005,1NXBR32E45Z5,1,N,X,B,R,3,2,E,4,5,Z,5,0,P,TOYT,UCS,4D,5,17,2530,,0,1024,,G,,F,4,109,,,15R185,,,,,,0,0,000000000,00000000000,0,0,0,1,0,0,0,0,0,0,0,998,0,0,0,3,4,3,12,0,0,0,1,48,79602,6,1,0,0,3,3,999,999,0,0,0,0,0,0,0,0,0,0,38,0,0,0,1,2,99,1,1,8,1,20,3,1,17,1,1,1,87,0,0
48,481281,2,2,1,25,6,8,50,12,6,1,0,48,1,37,705,37705,80,2007,JH2PF01197K5,J,H,2,P,F,0,1,1,9,7,K,5,0,M,HOND,FSD,MS,7,17,,,,,,,582,,2,,4,501,,,,,,,0,0,000000000,00000000000,0,0,0,1,0,0,0,0,0,0,0,998,0,0,0,12,9,2,12,0,0,0,1,48,79601,6,1,0,0,3,0,999,999,0,0,0,0,0,0,0,0,0,0,0,0,0,0,5,4,50,1,1,8,1,98,3,1,66,1,1,1,86,1,0
48,481282,1,1,17,10,4,22,27,18,0,1,0,48,9,20,441,20441,20,1999,1GNDM19W7XB1,1,G,N,D,M,1,9,W,7,X,B,1,0,T,CHEV,AST,ES,99,17,,1,0,1112,AST,G,,,6,262,,,,B,4186,00,,42,0,0,000000000,00000000000,0,0,0,1,0,0,0,0,0,0,0,998,0,0,0,12,6,2,43,0,0,0,1,99,99999,9,9,99,9,9,9,999,999,99,99,99,99,99,99,9999,99,9999,1,37,0,0,0,4,3,99,1,1,8,1,0,0,1,13,99,1,4,1,9,0
48,481283,1,2,2,29,6,19,46,12,6,1,0,48,1,18,4,18004,4,1996,1G4BT52P1TR4,1,G,4,B,T,5,2,P,1,T,R,4,0,P,BUIC,RDL,4D,96,17,4244,,0,1159,,G,,F,8,350,,,15R235,,,,,,0,0,000000000,00000000000,0,0,0,1,0,0,0,0,0,0,0,998,0,0,0,81,6,2,12,0,0,0,1,48,76520,6,1,0,0,3,0,999,999,1,0,0,0,1,3,2011,7,2011,0,38,0,0,0,1,4,40,1,1,2,1,0,0,11,15,1,1,1,68,1,0
48,481283,2,2,1,29,6,19,46,12,6,1,0,48,1,82,881,82881,66,2000,1FUYSDYB6YPA,1,F,U,Y,S,D,Y,B,6,Y,P,A,1,T,FRHT,FC2,TR,0,17,,8,0,0,CON,D,,,6,855,,,,,00000,00,,64,1,57,2177863,572177863,3,6,3,1,0,0,0,0,0,0,0,998,0,0,0,12,2,3,12,0,0,0,1,48,77060,6,1,6,0,3,0,999,999,0,0,0,0,2,12,2009,11,2010,0,0,0,0,0,1,4,40,1,1,2,1,0,0,1,62,1,1,1,69,0,0
48,481284,1,1,1,1,6,2,6,8,0,1,0,48,1,37,32,37032,4,2007,1HGCM56307A1,1,H,G,C,M,5,6,3,0,7,A,1,0,P,HOND,ASE,4D,7,17,3192,,0,1079,,G,,F,4,146,,,16R205,,,,,,0,0,000000000,00000000000,0,0,0,1,0,0,0,0,0,0,0,998,0,0,0,12,2,9,8,0,0,0,1,48,77407,6,1,0,0,3,3,999,999,1,0,0,0,0,8,2009,8,2009,0,0,0,0,0,3,4,65,1,1,1,1,0,0,1,80,1,1,1,13,0,0
48,481285,1,2,1,2,6,22,35,1,0,1,0,48,2,7,482,7482,31,2008,1D7HA18288S5,1,D,7,H,A,1,8,2,8,8,S,5,0,T,DODG,SQ1,CW,8,17,,2,1605,1405,RPC,G,,,8,348,,,,B,4889,00,E,42,0,0,000000000,00000000000,0,0,0,1,0,0,0,0,0,0,0,998,0,0,0,4,2,1,12,0,0,0,1,48,77662,6,1,0,0,3,3,999,999,0,0,0,1,0,10,2011,10,2011,0,38,0,0,0,0,0,0,0,0,0,0,20,3,4,98,1,1,1,98,0,0
48,481285,2,2,1,2,6,22,35,1,0,1,0,48,2,37,705,37705,80,2006,JH2PC37096M3,J,H,2,P,C,3,7,0,9,6,M,3,0,M,HOND,B60,RC,6,17,,,,,,,599,,4,,4,361,,,,,,,0,0,000000000,00000000000,0,0,0,1,0,0,0,0,0,0,0,998,0,0,0,0,9,2,12,0,0,0,1,48,77630,6,1,0,0,3,0,999,999,0,0,0,1,0,10,2011,10,2011,1,33,0,0,0,1,2,45,1,1,8,1,0,0,6,72,99,9,1,98,1,0
48,481286,1,1,4,22,6,5,40,38,0,1,0,48,2,24,7,24007,4,2007,1G8AJ55F97Z1,1,G,8,A,J,5,5,F,9,7,Z,1,0,P,STRN,SI2,4D,7,17,2805,,0,1032,,G,,F,4,134,,,15R195,,,,,,0,0,000000000,00000000000,0,0,0,1,0,0,0,0,0,0,0,998,0,0,0,62,6,2,42,0,0,0,1,48,76712,6,1,0,0,3,0,59,112,0,2,1,0,0,2,2010,5,2012,1,0,0,0,0,1,2,60,1,1,8,1,0,0,1,10,7,3,4,2,2,1
48,481287,1,1,1,22,6,18,58,42,0,1,0,48,1,14,6,14006,4,2010,2MEBM7FV9AX6,2,M,E,B,M,7,F,V,9,A,X,6,0,P,MERC,MGL,4D,10,17,4131,,0,1146,,F,,F,8,281,,,17R225,,,,,,0,0,000000000,00000000000,0,0,0,1,0,0,0,0,0,0,0,998,0,0,0,9,4,3,42,0,0,0,1,48,75603,0,0,0,0,0,0,999,999,0,4,0,0,0,12,2010,1,2012,1,0,0,0,0,1,2,60,2,1,8,1,0,0,14,6,9,3,4,2,1,1
48,481288,1,2,1,22,6,14,45,12,2,1,0,22,1,41,53,41053,5,2007,JM3ER2939701,J,M,3,E,R,2,9,3,9,7,0,1,0,P,MAZD,MCX,UT,7,17,3710,,0,1083,,G,,T,4,138,,,18R235,,,,,,0,0,000000000,00000000000,0,0,0,1,0,0,0,0,0,0,0,998,0,0,0,12,4,3,12,0,0,0,1,48,78733,6,1,0,0,3,0,999,999,0,0,0,0,0,0,0,0,0,0,51,0,0,0,1,2,40,1,2,8,1,0,0,1,54,1,1,1,52,1,0
48,481288,2,2,1,22,6,14,45,12,2,1,0,48,2,24,9,24009,4,2009,1G8ZV57B99F1,1,G,8,Z,V,5,7,B,9,9,F,1,0,P,STRN,AXR,4D,9,17,3647,,0,1123,,G,,F,4,146,,,17R215,,,,,,0,0,000000000,00000000000,0,0,0,1,0,0,0,0,0,0,0,998,0,0,0,12,4,3,12,32,0,0,1,48,78733,6,1,0,0,3,3,999,999,0,0,0,0,0,0,0,0,0,0,0,0,0,0,1,2,40,1,2,8,1,0,0,1,54,1,1,1,52,0,0
48,481289,1,2,5,22,6,11,20,12,6,1,0,48,2,20,20,20020,4,1998,2G1WL52M4W91,2,G,1,W,L,5,2,M,4,W,9,1,0,P,CHEV,L/S,4D,98,17,3330,,0,1075,,G,,F,6,191,,,15R205,,,,,,0,0,000000000,00000000000,0,0,0,1,0,0,0,0,0,0,0,998,0,0,0,3,4,3,12,0,0,0,1,48,78065,6,1,0,0,3,3,999,999,0,0,0,0,0,0,0,0,0,0,38,0,0,0,1,2,99,1,1,8,1,20,3,4,17,1,1,1,87,1,0
48,481289,2,2,1,22,6,11,20,12,6,1,0,48,2,7,482,7482,31,2007,1D7HU16227J5,1,D,7,H,U,1,6,2,2,7,J,5,0,T,DODG,S15,PK,7,17,,2,1405,1205,RPC,G,,,8,348,,,,B,4824,02,E,44,0,0,000000000,00000000000,0,0,0,1,0,0,0,0,0,0,0,998,0,0,0,12,2,9,12,0,0,0,1,48,78070,6,1,0,0,3,0,999,999,0,1,0,0,0,9,2009,9,2009,0,0,0,0,0,1,4,45,1,2,8,1,0,0,1,66,9,2,2,86,0,0
48,481290,1,2,1,23,6,2,23,12,1,1,0,48,2,19,421,19421,15,2005,1GYEC63T65R1,1,G,Y,E,C,6,3,T,6,5,R,1,0,P,CADI,ESC,UT,5,17,5367,,0,1160,,G,,F,8,323,,,17R265,,,,,,0,0,000000000,00000000000,0,0,0,1,0,0,0,0,0,0,0,998,0,0,0,12,4,3,12,0,0,1,1,48,78520,1,1,0,0,2,0,999,999,3,2,0,2,1,2,2011,6,2012,1,0,0,0,0,5,4,45,1,1,8,1,0,0,1,51,1,1,1,24,0,0
48,481290,2,2,4,23,6,2,23,12,1,1,0,48,2,22,18,22018,4,2000,1G2NW52E7YC5,1,G,2,N,W,5,2,E,7,Y,C,5,0,P,PONT,GAG,4D,0,17,3168,,0,1070,,G,,F,6,207,,,16R225,,,,,,0,0,000000000,00000000000,0,0,0,1,0,0,0,0,0,0,0,998,0,0,0,6,6,2,12,0,0,0,1,48,78520,0,0,0,0,0,0,999,999,0,2,0,0,1,6,2010,8,2011,0,91,0,0,0,5,4,45,1,1,8,1,0,0,1,53,1,1,1,25,2,0
48,481291,1,1,1,23,6,22,20,8,0,1,0,48,4,12,481,12481,31,2001,1FTRW08W81KD,1,F,T,R,W,0,8,W,8,1,K,D,0,T,FORD,F1S,CW,1,17,,2,0,1388,COF,G,,,8,281,,,,B,4914,01,E,44,0,0,000000000,00000000000,0,0,0,1,0,0,0,0,0,0,0,998,0,0,0,12,4,3,8,0,0,0,1,48,75189,6,1,0,0,3,0,999,999,0,0,0,0,0,0,0,0,0,0,0,0,0,0,1,2,55,2,1,8,1,0,0,14,80,1,1,1,13,0,0
48,481293,1,2,1,24,6,18,24,12,6,1,0,48,2,72,706,72706,80,2012,1HD1KHM10CB6,1,H,D,1,K,H,M,1,0,C,B,6,0,M,HD,LRX,RS,12,17,,,,,,,1690,,2,,4,772,,,,,,,0,0,000000000,00000000000,0,0,0,1,0,0,0,0,0,0,0,998,0,0,0,12,4,3,12,0,0,0,1,48,77021,6,1,0,0,2,3,999,999,0,2,0,0,0,4,2010,5,2011,1,0,0,0,0,2,2,35,1,1,1,1,0,0,1,62,1,1,1,98,1,0
48,481293,2,2,1,24,6,18,24,12,6,1,0,48,2,20,481,20481,31,1996,2GCEC19W1T11,2,G,C,E,C,1,9,W,1,T,1,1,0,T,CHEV,GC1,PC,96,17,,2,1555,1415,GM4,G,,,6,262,,,,B,4068,02,,42,0,0,000000000,00000000000,0,0,0,1,0,0,0,0,0,0,0,998,0,0,0,5,2,3,12,0,0,0,1,96,77489,9,9,99,0,9,9,999,999,99,99,99,99,99,99,9999,99,9999,0,38,0,0,0,2,2,35,1,1,1,1,0,0,12,98,1,1,1,98,0,0
48,481294,1,2,2,24,6,1,26,12,7,1,1,48,1,7,482,7482,31,2003,1D7HA18N43S1,1,D,7,H,A,1,8,N,4,3,S,1,0,T,DODG,SQ1,CW,3,17,,2,1605,1405,RPC,G,,,8,287,,,,B,4665,03,E,42,0,0,000000000,00000000000,0,0,0,1,0,0,0,0,0,0,0,998,0,0,0,81,4,1,12,0,0,0,1,48,77506,6,1,0,0,3,0,999,999,0,0,0,1,0,9,2011,9,2011,1,0,0,0,0,3,4,65,1,2,8,1,0,0,1,9,1,1,2,48,0,0
48,481294,2,2,2,24,6,1,26,12,7,1,1,48,2,6,43,6043,1,1998,3C3EL55H5WT2,3,C,3,E,L,5,5,H,5,W,T,2,0,P,CHRY,SJI,CV,98,17,3329,,0,1060,,G,,F,6,152,,,16R215,,,,,,0,0,000000000,00000000000,0,0,0,1,0,0,0,0,0,0,0,998,0,0,0,61,2,1,12,0,0,0,1,48,78577,0,0,0,0,0,0,999,999,0,0,0,0,0,0,0,0,0,1,0,0,0,0,3,4,65,1,2,8,1,0,0,1,60,1,1,1,48,0,0
48,481295,1,1,2,25,6,18,5,42,0,1,0,48,1,12,471,12471,30,2005,1FTYR10U65PA,1,F,T,Y,R,1,0,U,6,5,P,A,0,T,FORD,RNG,PK,5,17,,1,1175,1116,RNG,G,,,6,182,,,,B,3010,00,U,42,0,0,000000000,00000000000,0,0,0,1,0,0,0,0,0,0,0,998,0,0,0,9,6,2,42,0,0,0,1,48,76652,6,1,0,0,3,0,999,999,0,0,0,0,0,0,0,0,0,0,58,83,0,0,1,2,60,1,2,8,1,0,0,1,87,7,3,4,8,1,0
48,481296,1,1,1,25,6,4,58,8,0,1,0,48,3,12,481,12481,31,2008,1FTRX12W48FB,1,F,T,R,X,1,2,W,4,8,F,B,0,T,FORD,F15,4C,8,17,,2,1630,1330,COF,G,,,8,281,,,,B,4881,02,E,42,0,0,000000000,00000000000,0,0,0,1,0,0,0,0,0,0,0,998,0,0,0,12,4,3,8,0,0,0,1,48,77038,6,1,0,0,3,0,999,999,0,0,0,0,0,0,0,0,0,0,0,0,0,0,5,4,45,1,1,8,1,0,0,1,80,1,1,1,13,0,0
48,481297,1,1,1,26,6,17,19,24,0,1,0,48,1,12,481,12481,31,2007,1FTPW12V47KB,1,F,T,P,W,1,2,V,4,7,K,B,0,T,FORD,F1S,CW,7,17,,2,0,1390,COF,F,,,8,329,,,,B,5176,01,E,42,0,0,000000000,00000000000,0,0,0,1,0,0,0,0,0,0,0,998,0,1,3,12,4,3,24,0,0,0,1,48,76133,6,1,6,0,3,3,999,999,1,0,0,1,0,9,2009,10,2010,0,0,0,0,0,3,5,60,1,1,8,1,0,0,1,12,1,1,4,6,1,0
48,481298,1,1,2,27,6,21,27,8,0,1,0,48,0,73,706,73706,80,1982,JKAKZBD13CA0,J,K,A,K,Z,B,D,1,3,C,A,0,0,M,KAWK,KZD,RS,82,17,,,,,,,1100,,4,,4,547,,,,,,,0,0,000000000,00000000000,0,0,0,1,0,0,0,0,0,0,0,998,0,0,0,12,2,3,8,0,0,0,1,48,78418,1,1,0,0,2,0,999,999,1,0,0,0,0,2,2012,2,2012,0,0,0,0,0,1,2,30,1,1,8,1,0,0,1,80,1,1,1,13,0,0
48,481299,1,2,3,27,6,17,25,12,6,1,0,48,2,20,431,20431,16,1997,3GNEC16R1VG1,3,G,N,E,C,1,6,R,1,V,G,1,0,P,CHEV,C15,UT,97,17,4802,,0,1315,,G,,F,8,350,,,15R235,,,,,,0,0,000000000,00000000000,0,0,0,1,0,0,0,0,0,0,0,998,0,0,0,3,2,1,12,0,0,0,1,48,79108,6,1,0,0,3,0,999,999,0,0,0,0,0,0,0,0,0,0,48,0,0,0,1,2,60,1,1,8,1,0,0,12,98,1,1,7,98,0,0
48,481299,2,2,1,27,6,17,25,12,6,1,0,48,1,72,706,72706,80,2005,1HD1DJV195Y6,1,H,D,1,D,J,V,1,9,5,Y,6,0,M,HD,FHC,RS,5,17,,,,,,,1450,,2,,4,758,,,,,,,0,0,000000000,00000000000,0,0,0,1,0,0,0,0,0,0,0,998,0,0,0,12,8,2,12,0,0,0,1,48,79108,6,1,0,0,3,0,999,999,0,0,0,0,0,0,0,0,0,0,0,0,0,0,1,2,60,1,1,8,1,0,0,1,64,1,1,1,98,1,0
48,481300,1,1,1,27,6,12,45,42,0,1,0,48,1,18,20,18020,4,1995,2G4WB52L3S14,2,G,4,W,B,5,2,L,3,S,1,4,0,P,BUIC,RGC,4D,95,17,3335,,0,1075,,G,,F,6,231,,,15R205,,,,,,0,0,000000000,00000000000,0,0,0,1,0,0,0,0,0,0,0,998,0,0,0,12,6,2,42,0,0,0,1,48,75904,6,1,0,0,3,3,999,999,0,0,0,0,0,0,0,0,0,1,0,0,0,0,1,2,50,3,1,8,1,0,0,14,6,1,9,4,2,1,0
48,481301,1,2,1,28,6,5,25,12,1,1,0,48,2,52,401,52401,14,2001,JA4MW31R51J0,J,A,4,M,W,3,1,R,5,1,J,0,0,P,MITS,MON,UT,1,17,4240,,0,1095,,G,,F,6,213,,,16R265,,,,,,0,0,000000000,00000000000,0,0,0,1,0,0,0,0,0,0,0,998,0,0,0,12,6,2,12,0,0,0,1,48,75976,6,1,0,0,3,0,67,220,1,0,0,2,0,1,2010,12,2011,1,0,0,0,0,2,4,70,1,2,8,1,0,0,1,51,1,1,1,24,1,0
48,481301,2,2,1,28,6,5,25,12,1,1,0,48,3,86,881,86881,66,2011,1M1AN07Y8BM0,1,M,1,A,N,0,7,Y,8,B,M,0,1,T,MACK,CHU,TR,11,17,,8,0,0,600,D,,,6,783,,,,,00000,00,,64,1,57,853312,57853312,3,6,2,1,0,0,0,0,0,0,0,998,0,0,0,6,2,3,12,0,0,0,1,48,75976,6,1,6,0,3,0,999,999,0,0,0,0,0,0,0,0,0,0,0,0,0,0,2,4,70,1,2,8,1,0,0,1,53,1,1,1,25,0,0
48,481302,1,1,1,29,6,22,50,8,0,1,0,5,1,20,481,20481,31,2008,2GCEK19J3812,2,G,C,E,K,1,9,J,3,8,1,2,0,T,CHEV,SK1,4C,8,17,,2,1575,1339,SIL,G,,,8,323,,,,B,5226,02,,44,0,0,000000000,00000000000,0,0,0,1,0,0,0,0,0,0,0,998,0,0,0,12,2,3,8,0,0,0,1,48,75569,6,1,0,0,3,0,999,999,1,0,0,0,0,12,2009,12,2009,0,0,0,0,0,5,2,45,1,1,8,1,0,0,1,80,1,1,1,13,0,0
48,481303,1,1,1,29,6,13,30,33,0,1,0,48,9,63,34,63034,4,2011,KNAGM4A70B51,K,N,A,G,M,4,A,7,0,B,5,1,0,P,KIA,OLX,4D,11,17,3206,,0,1071,,G,,F,4,144,,,16R205,,,,,,0,0,000000000,00000000000,0,0,0,1,0,0,0,0,0,0,0,998,0,0,0,12,6,2,2,0,0,1,1,48,75134,0,0,0,0,0,0,62,195,0,0,0,0,0,0,0,0,0,1,0,0,0,0,4,2,55,1,1,8,1,0,0,1,13,1,2,4,2,1,0
48,481304,1,1,2,29,6,14,45,42,0,1,0,48,1,18,3,18003,4,2001,1G4CW54K7142,1,G,4,C,W,5,4,K,7,1,4,2,0,P,BUIC,PKA,4D,1,17,3778,,0,1138,,G,,F,6,231,,,16R225,,,,,,0,0,000000000,00000000000,0,0,0,1,0,0,0,0,0,0,0,998,0,0,0,9,6,2,42,0,0,0,1,48,75633,6,1,0,0,3,0,64,220,0,0,0,2,0,12,2010,10,2011,1,0,0,0,0,1,2,60,1,2,8,1,0,0,1,13,6,1,4,6,1,0
48,481305,1,1,1,29,6,21,48,24,0,1,0,48,1,72,706,72706,80,1998,1HD4CAM13WK1,1,H,D,4,C,A,M,1,3,W,K,1,0,M,HD,X88,RS,98,17,,,,,,,883,,2,,4,489,,,,,,,0,0,000000000,00000000000,0,0,0,1,0,0,0,0,0,0,0,998,0,0,0,12,8,3,24,0,0,0,1,48,79602,6,1,0,0,3,0,999,999,0,1,1,0,0,10,2010,11,2011,1,0,0,0,0,1,2,45,2,2,8,1,0,0,14,6,1,1,4,6,1,1
48,481306,1,4,1,30,6,21,0,12,8,1,0,48,1,49,472,49472,30,2004,5TENL42N24Z4,5,T,E,N,L,4,2,N,2,4,Z,4,0,T,TOYT,REG,PK,4,17,,1,0,1033,TAC,G,,,4,149,,,,B,2750,00,U,42,0,0,000000000,00000000000,0,0,0,1,0,0,0,0,0,0,0,998,0,0,0,1,6,2,12,0,0,0,1,48,76249,6,1,0,0,3,0,999,999,1,0,0,0,1,11,2009,1,2012,0,51,0,0,0,1,2,60,1,1,8,1,0,0,1,54,1,1,1,66,1,0
48,481306,2,4,1,30,6,21,0,12,8,1,0,48,1,59,31,59031,4,2000,JT8BF28G1Y02,J,T,8,B,F,2,8,G,1,Y,0,2,0,P,LEXS,ES3,4D,0,17,3373,,0,1051,,G,,F,6,183,,,15R205,,,,,,0,0,000000000,00000000000,0,0,0,1,0,0,0,0,0,0,0,998,0,0,0,4,2,3,12,0,0,0,1,48,75206,6,1,0,0,3,0,999,999,0,0,0,0,0,0,0,0,0,0,0,0,0,0,1,2,60,1,1,8,1,0,0,1,54,6,1,1,66,0,0
48,481306,3,4,1,30,6,21,0,12,8,1,0,48,2,35,47,35047,4,2008,1N4AL21E68N4,1,N,4,A,L,2,1,E,6,8,N,4,0,P,NISS,ATS,4D,8,17,3028,,0,1093,,G,,F,4,153,,,16R215,,,,,,0,0,000000000,00000000000,0,0,0,1,0,0,0,0,0,0,0,998,0,0,0,12,6,2,12,0,0,0,1,48,75007,6,1,0,0,3,3,999,999,0,0,0,0,0,0,0,0,0,0,0,0,0,0,1,2,60,1,1,8,1,0,0,1,54,6,1,1,98,1,0
48,481306,4,4,2,30,6,21,0,12,8,1,0,48,2,6,52,6052,6,2007,3A4FY58B97T5,3,A,4,F,Y,5,8,B,9,7,T,5,0,P,CHRY,PTC,SV,7,17,3040,,0,1030,,G,,F,4,148,,,15R195,,,,,,0,0,000000000,00000000000,0,0,0,1,0,0,0,0,0,0,0,998,0,0,0,12,4,3,12,0,0,0,1,48,76210,6,1,0,0,3,3,999,999,0,0,0,0,0,0,0,0,0,0,0,0,0,0,1,2,60,1,1,8,1,0,0,1,54,7,1,4,98,0,0
48,481307,1,1,1,1,6,18,43,35,0,1,0,48,2,22,32,22032,6,2010,5Y2SR6E06AZ4,5,Y,2,S,R,6,E,0,6,A,Z,4,0,P,PONT,VGT,4H,10,17,3075,,0,1024,,G,,F,4,146,,,18R215,,,,,,0,0,000000000,00000000000,0,0,0,1,0,0,0,0,0,0,0,998,0,1,5,2,6,2,1,0,0,0,1,48,78102,6,1,0,0,3,3,68,236,1,0,0,0,0,12,2009,12,2009,1,58,0,0,0,1,2,35,1,1,8,1,0,0,1,13,6,4,4,7,1,1
48,481308,1,1,2,1,6,17,18,1,0,1,0,48,1,12,401,12401,14,2002,1FMZU67E62UB,1,F,M,Z,U,6,7,E,6,2,U,B,0,P,FORD,EPR,UT,2,17,4120,,0,1259,,G,,F,6,245,,,16R235,,,,,,0,0,000000000,00000000000,0,0,0,1,0,0,0,0,0,0,0,998,0,2,5,0,4,3,1,0,0,0,1,48,78753,6,1,0,0,3,0,999,999,1,0,0,1,0,7,2009,12,2010,0,0,0,0,0,3,2,75,1,2,8,1,0,0,1,1,1,2,4,2,1,0
48,481309,1,1,1,1,6,2,49,1,0,1,0,48,2,49,50,49050,3,2007,JTKDE1772702,J,T,K,D,E,1,7,7,2,7,0,2,0,P,TOYT,SXC,2H,7,17,2905,,0,1063,,G,,F,4,146,,,17R215,,,,,,0,0,000000000,00000000000,0,0,0,1,0,0,0,0,0,0,0,998,0,2,5,0,4,3,1,0,0,0,1,48,75007,1,1,0,0,2,0,66,175,1,1,0,1,2,7,2009,9,2011,1,0,0,0,0,3,4,60,1,1,8,1,0,0,1,13,1,3,4,1,1,1
48,481310,1,2,1,9,6,23,9,12,6,1,0,48,1,12,481,12481,31,2003,1FTNX20L63EB,1,F,T,N,X,2,0,L,6,3,E,B,0,T,FORD,F2S,4C,3,17,,2,1580,1418,SRW,G,,,8,330,,,,C,5585,02,U,42,0,0,000000000,00000000000,0,0,0,1,0,0,0,0,0,0,0,998,0,0,0,12,4,3,12,0,0,0,1,48,78832,6,1,0,0,3,0,999,999,0,0,0,0,0,0,0,0,0,0,39,0,0,0,2,2,98,8,8,8,1,3,3,1,17,1,1,1,86,1,1
48,481310,2,2,1,9,6,23,9,12,6,1,0,48,3,82,881,82881,66,2006,1FUJA6CK96LV,1,F,U,J,A,6,C,K,9,6,L,V,1,T,FRHT,COL,TR,6,17,,8,0,0,CON,D,,,6,855,,,,,00000,00,,64,1,57,1660093,571660093,3,6,2,1,0,0,0,0,0,0,0,998,0,0,0,3,0,3,12,0,0,0,1,48,79762,6,1,6,0,3,0,999,999,0,0,0,0,1,5,2012,5,2012,0,0,0,0,0,2,4,45,1,3,8,1,3,3,1,66,1,1,1,87,0,0
48,481311,1,3,1,13,6,11,4,20,0,1,0,48,1,6,43,6043,4,2006,1C3EL46XX6N2,1,C,3,E,L,4,6,X,X,6,N,2,0,P,CHRY,SEB,4D,6,17,3041,,0,1060,,G,,F,4,146,,,16R205,,,,,,0,0,000000000,00000000000,0,0,0,1,0,0,0,0,0,0,0,998,0,0,0,12,4,3,12,0,0,0,1,48,76117,6,1,0,0,3,3,999,999,0,0,0,0,0,0,0,0,0,0,27,0,0,0,3,4,50,2,1,8,1,0,0,15,13,99,1,4,1,1,0
48,481311,2,3,1,13,6,11,4,20,0,1,0,48,2,22,20,22020,4,2007,2G2WP5525712,2,G,2,W,P,5,5,2,5,7,1,2,0,P,PONT,GRA,4D,7,17,3477,,0,1105,,G,,F,6,232,,,16R225,,,,,,0,0,000000000,00000000000,0,0,0,1,0,0,0,0,0,0,0,998,0,0,0,12,4,3,12,0,0,0,1,48,75052,6,1,0,0,3,0,999,999,0,0,0,0,0,0,0,0,0,0,0,0,0,0,3,4,50,2,1,8,1,0,0,14,60,99,1,1,98,0,0
48,481311,3,3,1,13,6,11,4,20,0,1,0,48,2,20,441,20441,20,1994,1GCDM15Z0RB2,1,G,C,D,M,1,5,Z,0,R,B,2,0,T,CHEV,AST,CG,94,17,,1,0,1110,AST,G,,,6,262,,,,B,3653,00,,42,0,0,000000000,00000000000,0,0,0,1,0,0,0,0,0,0,0,998,0,0,0,12,2,1,12,0,0,0,1,48,75235,0,0,0,0,0,0,999,999,0,0,0,0,0,0,0,0,0,0,26,0,0,0,3,4,50,2,1,8,1,0,0,14,51,6,1,2,98,0,0