STATE,ST_CASE,VEH_NO,VE_FORMS,NUMOCCS,DAY,MONTH,HOUR,MINUTE,HARM_EV,MAN_COLL,UNITTYPE,HIT_RUN,REG_STAT,OWNER,MAKE,MODEL,MAK_MOD,BODY_TYP,MOD_YEAR,VIN,VIN_1,VIN_2,VIN_3,VIN_4,VIN_5,VIN_6,VIN_7,VIN_8,VIN_9,VIN_10,VIN_11,VIN_12,TOW_VEH,VINTYPE,VINMAKE,VINA_MOD,VIN_BT,VINMODYR,VIN_LNGT,VIN_WGT,WGTCD_TR,WHLBS_LG,WHLBS_SH,SER_TR,FUELCODE,MCYCL_DS,CARBUR,CYLINDER,DISPLACE,MCYCL_CY,MCYCL_WT,TIRE_SZE,TON_RAT,TRK_WT,TRKWTVAR,VIN_REST,WHLDRWHL,J_KNIFE,MCARR_I1,MCARR_I2,MCARR_ID,GVWR,V_CONFIG,CARGO_BT,HAZ_INV,HAZ_PLAC,HAZ_ID,HAZ_CNO,HAZ_REL,BUS_USE,SPEC_USE,EMER_USE,TRAV_SP,UNDERIDE,ROLLOVER,ROLINLOC,IMPACT1,DEFORMED,TOWED,M_HARM,VEH_SC1,VEH_SC2,FIRE_EXP,DR_PRES,L_STATE,DR_ZIP,L_STATUS,L_TYPE,CDL_STAT,L_ENDORS,L_COMPL,L_RESTRI,DR_HGT,DR_WGT,PREV_ACC,PREV_SUS,PREV_DWI,PREV_SPD,PREV_OTH,FIRST_MO,FIRST_YR,LAST_MO,LAST_YR,SPEEDREL,DR_SF1,DR_SF2,DR_SF3,DR_SF4,VTRAFWAY,VNUM_LAN,VSPD_LIM,VALIGN,VPROFILE,VPAVETYP,VSURCOND,VTRAFCON,VTCONT_F,P_CRASH1,P_CRASH2,P_CRASH3,PCRASH4,PCRASH5,ACC_TYPE,DEATHS,DR_DRINK
48,481312,1,1,1,28,4,9,35,8,0,1,0,48,1,12,481,12481,31,2008,1FTRX12W08FA,1,F,T,R,X,1,2,W,0,8,F,A,0,T,FORD,F15,4C,8,17,,2,1630,1330,COF,G,,,8,281,,,,B,4881,02,E,42,0,0,000000000,00000000000,0,0,0,1,0,0,0,0,0,0,0,998,0,0,0,14,8,4,8,0,0,0,1,48,79536,6,1,0,0,3,0,999,999,0,0,0,0,0,0,0,0,0,0,0,0,0,0,0,0,0,0,0,0,0,0,0,8,80,1,1,7,92,0,0
48,481313,1,1,1,27,6,11,0,35,0,1,0,48,1,20,481,20481,31,2006,2GCEC13T2611,2,G,C,E,C,1,3,T,2,6,1,1,0,T,CHEV,SC1,CW,6,17,,2,0,1435,SIL,G,,,8,323,,,,B,4987,00,,42,0,0,000000000,00000000000,0,0,0,1,0,0,0,0,0,0,0,998,0,1,3,12,4,3,1,0,0,0,1,48,75951,6,1,0,0,3,3,999,999,0,0,0,0,0,0,0,0,0,0,0,0,0,0,2,2,70,1,1,8,1,0,0,1,8,1,1,4,6,1,0
48,481314,1,1,1,28,6,2,9,24,0,1,0,8,1,20,481,20481,31,2002,1GCEK19T82Z2,1,G,C,E,K,1,9,T,8,2,Z,2,0,T,CHEV,SK1,4C,2,17,,2,1575,1435,SIL,G,,,8,325,,,,B,4910,02,,44,0,0,000000000,00000000000,0,0,0,1,0,0,0,0,0,0,0,998,0,1,3,11,8,2,1,0,0,0,1,8,79705,6,1,0,0,3,0,73,175,0,0,0,0,0,0,0,0,0,1,0,0,0,0,2,2,75,1,2,8,1,0,0,1,13,6,1,5,1,1,1
48,481315,1,1,1,30,6,3,29,42,0,1,0,48,2,2,404,2404,14,2000,1J4GW48SXYC2,1,J,4,G,W,4,8,S,X,Y,C,2,0,T,JEEP,LRO,4W,0,17,,1,0,1059,GCK,G,,,6,244,,,,,3847,01,E,44,0,0,000000000,00000000000,0,0,0,1,0,0,0,0,0,0,0,998,0,0,0,9,4,3,42,0,0,0,1,48,75070,6,1,0,0,3,0,999,999,0,0,0,0,1,10,2009,10,2009,1,0,0,0,0,2,1,55,1,1,8,1,0,0,1,12,3,2,4,6,1,1
48,481316,1,2,1,2,6,12,30,12,11,1,0,48,4,98,806,98806,62,2010,5PVNE8JV2A4S,5,P,V,N,E,8,J,V,2,A,4,S,0,T,HINO,268,CC,10,17,,6,0,0,HIN,D,,,6,469,,,,,00000,00,,42,0,57,327574,57327574,2,1,1,1,0,0,0,0,0,0,0,998,0,1,1,2,6,2,21,0,0,1,1,48,75054,6,1,0,0,3,0,66,163,0,0,0,0,2,3,2010,9,2011,0,27,58,0,0,2,4,45,1,1,8,1,0,0,15,51,1,1,2,46,1,0
48,481316,2,2,2,2,6,12,30,12,11,1,0,48,1,12,3,12003,1,1994,1FALP4441RF1,1,F,A,L,P,4,4,4,1,R,F,1,0,P,FORD,MUS,CV,94,17,3193,,0,1013,,G,,F,6,232,,,15R205,,,,,,0,0,000000000,00000000000,0,0,0,1,0,0,0,0,0,0,0,998,0,0,0,9,4,3,12,0,0,0,1,48,75216,0,0,0,0,0,0,999,999,0,6,0,1,1,9,2010,5,2011,0,0,0,0,0,2,4,45,1,1,8,1,0,0,1,60,1,1,1,45,0,0
48,481317,1,1,1,2,6,22,46,1,0,1,0,48,1,20,471,20471,30,1998,1GCCS1447W82,1,G,C,C,S,1,4,4,7,W,8,2,0,T,CHEV,S14,PK,98,17,,1,1179,1083,S,G,,,4,133,,,,B,3003,00,,42,0,0,000000000,00000000000,0,0,0,1,0,0,0,0,0,0,0,998,0,9,5,0,6,2,1,0,0,0,1,48,76065,6,1,0,0,3,3,66,185,1,0,0,1,1,4,2010,9,2011,1,58,0,0,0,4,2,55,2,1,8,1,0,0,14,12,7,3,4,2,1,1
48,481318,1,1,3,2,6,1,18,8,0,1,0,48,2,35,51,35051,6,2011,JN8AS5MT3BW1,J,N,8,A,S,5,M,T,3,B,W,1,0,P,NISS,ROG,UT,11,17,3281,,0,1059,,G,,F,4,153,,,16R215,,,,,,0,0,000000000,00000000000,0,0,0,1,0,0,0,0,0,0,0,998,0,0,0,12,2,1,8,0,0,0,1,48,76073,6,1,0,0,3,0,999,999,0,0,0,1,0,1,2012,1,2012,0,0,0,0,0,1,2,60,1,2,8,1,0,0,1,80,4,1,1,13,0,0
48,481319,1,2,1,3,6,17,26,12,6,1,0,48,1,73,705,73705,80,2008,JKAENVC148A2,J,K,A,E,N,V,C,1,4,8,A,2,0,M,KAWK,E5C,RS,8,17,,,,,,,498,,2,,4,439,,,,,,,0,0,000000000,00000000000,0,0,0,1,0,0,0,0,0,0,0,998,0,0,0,12,8,2,12,0,0,0,1,48,77316,1,1,0,0,2,3,999,999,1,15,0,0,0,7,2009,8,2011,1,0,0,0,0,1,2,65,1,2,8,1,0,0,1,62,1,1,1,69,1,0
48,481319,2,2,1,3,6,17,26,12,6,1,0,48,1,49,472,49472,30,2002,5TENL42N02Z1,5,T,E,N,L,4,2,N,0,2,Z,1,0,T,TOYT,REG,PK,2,17,,1,0,1033,TAC,G,,,4,149,,,,B,2750,00,U,42,0,0,000000000,00000000000,0,0,0,1,0,0,0,0,0,0,0,998,0,0,0,5,2,1,12,0,0,0,1,48,78620,6,1,0,0,3,3,999,999,0,0,0,0,0,0,0,0,0,0,38,0,0,0,1,2,65,1,2,8,1,0,0,11,15,1,1,2,68,0,0
48,481320,1,2,1,3,6,0,14,12,2,1,0,48,0,7,482,7482,31,1999,1B7KF2360XJ6,1,B,7,K,F,2,3,6,0,X,J,6,0,T,DODG,Q25,4C,99,17,,2,1547,1387,RPC,D,,,6,359,,,,C,5695,00,U,44,0,0,000000000,00000000000,0,0,0,1,0,0,0,0,0,0,0,998,0,0,0,12,4,3,12,0,0,0,1,48,78132,6,1,0,0,3,0,999,999,0,0,0,1,1,5,2012,5,2012,0,91,28,0,0,1,2,40,2,1,8,1,0,0,1,10,1,1,2,50,0,1
48,481320,2,2,2,3,6,0,14,12,2,1,0,48,2,13,421,13421,15,2002,5LMEU27R42LJ,5,L,M,E,U,2,7,R,4,2,L,J,0,P,LINC,NAV,UT,2,17,5396,,0,1190,,G,,F,8,330,,,17R275,,,,,,0,0,000000000,00000000000,0,0,0,1,0,0,0,0,0,0,0,998,0,0,0,12,4,3,12,0,0,0,1,48,78213,6,1,0,0,3,0,999,999,0,0,0,0,0,0,0,0,0,0,0,0,0,0,1,2,40,2,1,8,1,0,0,1,62,1,1,1,51,1,1
48,481321,1,1,1,3,6,10,47,38,0,1,0,48,1,72,706,72706,80,2009,1HD1JD5119Y0,1,H,D,1,J,D,5,1,1,9,Y,0,0,M,HD,FLN,RS,9,17,,,,,,,1584,,2,,4,724,,,,,,,0,0,000000000,00000000000,0,0,0,1,0,0,0,0,0,0,0,998,0,0,0,12,8,3,38,0,0,0,1,48,77377,6,1,0,0,3,3,999,201,0,0,0,0,0,0,0,0,0,1,0,0,0,0,1,2,60,2,1,8,1,0,0,14,6,1,1,4,6,1,0
48,481323,1,2,2,10,6,6,0,12,2,1,0,48,2,20,2,20002,4,2003,2G1WF52E9391,2,G,1,W,F,5,2,E,9,3,9,1,0,P,CHEV,IMP,4D,3,17,3389,,0,1105,,G,,F,6,207,,,16R225,,,,,,0,0,000000000,00000000000,0,0,0,1,0,0,0,0,0,0,0,998,0,0,0,12,6,2,12,0,0,0,1,48,79567,0,0,0,0,0,0,999,999,0,0,0,0,0,0,0,0,0,1,28,0,0,0,1,2,55,2,1,8,1,0,0,14,10,1,1,2,50,2,1
48,481323,2,2,2,10,6,6,0,12,2,1,0,48,1,20,403,20403,14,2006,1GNDS13S5623,1,G,N,D,S,1,3,S,5,6,2,3,0,P,CHEV,TRL,UT,6,17,4417,,0,1130,,G,,F,6,256,,,16R235,,,,,,0,0,000000000,00000000000,0,0,0,1,0,0,0,0,0,0,0,998,0,0,0,12,6,2,12,0,0,0,1,48,79567,6,1,0,0,3,0,999,999,0,0,0,0,0,0,0,0,0,0,0,0,0,0,1,2,55,3,1,8,1,0,0,14,62,7,1,1,51,1,0
48,481324,1,2,1,12,6,2,20,12,1,1,0,48,1,12,23,12023,4,2012,3FAHP0HG1CR2,3,F,A,H,P,0,H,G,1,C,R,2,0,P,FORD,F/E,4D,12,17,3285,,0,1074,,F,,F,6,183,,,17R225,,,,,,0,0,000000000,00000000000,0,0,0,1,0,0,0,0,0,0,0,998,0,0,0,6,6,2,12,0,0,0,1,48,75656,6,1,0,0,3,3,999,999,0,0,0,0,0,0,0,0,0,0,0,0,0,0,3,3,70,1,1,8,1,0,0,1,53,1,1,1,25,1,0
48,481324,2,2,1,12,6,2,20,12,1,1,1,48,3,42,44,42044,2,2008,WDBSK71F58F1,W,D,B,S,K,7,1,F,5,8,F,1,0,P,MERZ,SLX,CV,8,17,4220,,0,1008,,G,,F,8,336,,,18R255,,,,,,0,0,000000000,00000000000,0,0,0,1,0,0,0,0,0,0,0,998,0,0,0,12,6,2,12,0,0,0,1,48,75656,1,1,0,0,2,0,999,999,1,10,0,2,1,6,2009,3,2012,1,91,0,0,0,3,3,70,1,1,8,1,0,0,1,51,1,1,1,24,0,1
48,481325,1,2,1,12,6,23,45,12,6,1,0,48,1,73,709,73709,80,2003,JKAZX2F153A0,J,K,A,Z,X,2,F,1,5,3,A,0,0,M,KAWK,Z9F,RC,3,17,,,,,,,900,,4,,4,409,,,,,,,0,0,000000000,00000000000,0,0,0,1,0,0,0,0,0,0,0,998,0,0,0,12,6,2,12,0,0,0,1,48,76446,1,1,0,0,2,0,999,999,0,3,0,1,1,6,2009,4,2012,1,0,0,0,0,5,4,40,1,1,8,1,0,0,1,51,1,1,1,79,1,1
48,481325,2,2,1,12,6,23,45,12,6,1,0,48,1,7,482,7482,31,2001,3B7HC13Z61M5,3,B,7,H,C,1,3,Z,6,1,M,5,0,T,DODG,Q15,4C,1,17,,2,1547,1387,RPC,G,,,8,360,,,,B,4688,01,U,42,0,0,000000000,00000000000,0,0,0,1,0,0,0,0,0,0,0,998,0,0,0,5,6,2,12,0,0,0,1,48,76401,6,1,0,0,3,3,999,999,0,0,0,0,0,0,0,0,0,0,0,0,0,0,1,2,98,8,8,8,1,97,8,10,16,1,1,1,78,0,0
48,481326,1,1,1,13,6,18,15,1,0,1,0,48,3,98,809,98809,63,2003,2FZHATAKX3AJ,2,F,Z,H,A,T,A,K,X,3,A,J,0,T,STRG,LT0,CC,3,17,,8,0,0,STE,D,,,6,439,,,,,00000,00,,64,0,57,1941454,571941454,3,2,97,1,0,0,0,0,0,0,0,998,0,2,1,0,4,3,1,0,0,0,1,48,76082,6,1,6,0,3,3,65,170,0,0,0,0,0,0,0,0,0,0,0,0,0,0,2,4,70,3,3,8,1,0,0,15,1,1,4,2,98,1,0
48,481327,1,2,1,16,6,21,28,12,6,1,0,48,1,63,33,63033,4,2009,KNAFE2213956,K,N,A,F,E,2,2,1,3,9,5,6,0,P,KIA,SXC,4D,9,17,2701,,0,1028,,G,,F,4,122,,,15R195,,,,,,0,0,000000000,00000000000,0,0,0,1,0,0,0,0,0,0,0,998,0,0,0,3,4,3,12,0,0,0,1,48,78238,6,1,0,0,3,3,999,999,0,1,0,0,1,9,2011,10,2011,0,58,0,0,0,1,2,55,3,2,8,1,0,0,14,13,6,4,6,64,1,1
48,481327,2,2,1,16,6,21,28,12,6,1,0,48,1,12,401,12401,14,2000,1FMZU63E5YUA,1,F,M,Z,U,6,3,E,5,Y,U,A,0,P,FORD,EPR,UT,0,17,3906,,0,1116,,G,,F,6,245,,,15R235,,,,,,0,0,000000000,00000000000,0,0,0,1,0,0,0,0,0,0,0,998,0,0,0,12,4,3,12,0,0,0,1,48,78616,6,1,0,0,3,3,999,999,0,0,0,0,0,0,0,0,0,0,0,0,0,0,1,2,55,2,2,8,1,0,0,14,62,1,1,1,65,0,0
48,481328,1,2,1,16,6,8,23,12,6,1,0,48,3,98,804,98804,66,1997,2WKEDDJH3VK9,2,W,K,E,D,D,J,H,3,V,K,9,1,T,WSTR,49E,TR,97,17,,8,0,0,CNV,D,,,6,855,,,,,00000,00,,64,1,57,2062202,572062202,3,6,8,1,0,0,0,0,0,0,0,998,0,0,0,3,4,3,12,0,0,0,1,48,79763,6,1,6,0,3,0,999,999,0,0,0,0,0,0,0,0,0,0,39,0,0,0,1,2,98,8,8,8,1,20,3,1,17,1,1,1,87,0,0
48,481328,2,2,2,16,6,8,23,12,6,1,0,48,2,35,471,35471,30,1997,1N6SD11S5VC3,1,N,6,S,D,1,1,S,5,V,C,3,0,T,NISS,XES,PK,97,17,,1,0,1043,TRK,G,,,4,146,,,,B,2718,01,M,42,0,0,000000000,00000000000,0,0,0,1,0,0,0,0,0,0,0,998,0,0,0,12,6,2,12,0,0,0,1,48,77087,6,1,6,0,3,0,999,999,0,0,0,0,0,0,0,0,0,0,0,0,0,0,1,2,70,1,1,8,1,0,0,1,66,1,1,1,86,1,0
48,481329,1,1,2,16,6,0,35,30,0,1,0,48,1,37,31,37031,4,1994,JHMCD555XRC1,J,H,M,C,D,5,5,5,X,R,C,1,0,P,HOND,AEX,4D,94,17,2908,,0,1069,,G,,F,4,132,,,15R195,,,,,,0,0,000000000,00000000000,0,0,0,1,0,0,0,0,0,0,0,998,0,1,5,12,6,2,1,0,0,0,1,48,76137,6,1,0,0,3,0,999,999,0,0,0,0,0,0,0,0,0,1,0,0,0,0,1,2,35,1,1,8,1,0,0,1,99,1,9,4,5,1,1
48,481330,1,1,1,16,6,1,32,8,0,1,1,99,9,99,999,99999,99,9999,999999999999,9,9,9,9,9,9,9,9,9,9,9,9,0,,,,,,,,,,,,,,,,,,,,,,,,,0,0,000000000,00000000000,0,0,0,1,0,0,0,0,0,0,0,998,0,0,0,2,9,1,8,0,0,0,1,99,99999,9,9,99,9,9,9,999,999,99,99,99,99,99,99,9999,99,9999,0,0,0,0,0,5,2,50,1,1,8,1,0,0,1,13,1,1,4,1,0,0
48,481331,1,1,1,17,6,3,47,8,0,1,1,99,9,99,999,99999,99,9999,999999999999,9,9,9,9,9,9,9,9,9,9,9,9,0,,,,,,,,,,,,,,,,,,,,,,,,,0,0,000000000,00000000000,0,0,0,1,0,0,0,0,0,0,0,998,0,0,0,99,9,1,8,0,0,0,1,99,99999,9,9,99,9,9,9,999,999,99,99,99,99,99,99,9999,99,9999,0,0,0,0,0,3,4,65,1,1,8,1,0,0,1,80,1,1,1,13,0,0
48,481332,1,2,1,17,6,3,55,12,2,1,0,48,1,49,401,49401,14,2000,JT3GN86R9Y01,J,T,3,G,N,8,6,R,9,Y,0,1,0,P,TOYT,RUN,UT,0,17,3600,,0,1053,,G,,F,6,206,,,15R225,,,,,,0,0,000000000,00000000000,0,0,0,1,0,0,0,0,0,0,0,998,0,0,0,12,6,2,12,0,0,0,1,48,76116,6,1,0,0,3,3,999,999,0,0,0,0,0,0,0,0,0,0,0,0,0,0,3,4,65,1,1,8,1,0,0,1,50,1,1,1,52,1,0
48,481332,2,2,1,17,6,3,55,12,2,1,0,48,6,14,402,14402,14,2006,4M2CU57166KJ,4,M,2,C,U,5,7,1,6,6,K,J,0,P,MERC,MRN,UT,6,17,3282,,0,1031,,G,,F,6,183,,,16R235,,,,,,0,0,000000000,00000000000,0,0,0,1,0,0,0,0,0,0,0,0,0,0,0,12,6,2,12,0,0,0,0,0,99997,7,6,97,7,6,7,998,997,998,998,998,998,998,98,9998,98,9998,8,0,0,0,0,3,4,65,1,1,8,1,0,0,0,98,0,0,0,52,0,0
48,481333,1,3,1,19,6,17,1,12,1,1,0,48,2,7,482,7482,31,2000,3B7HC12Y4YG1,3,B,7,H,C,1,2,Y,4,Y,G,1,0,T,DODG,150,PC,0,17,,2,0,1387,RPC,G,,,8,318,,,,B,4562,00,U,42,0,0,000000000,00000000000,0,0,0,1,0,0,0,0,0,0,0,998,0,0,0,12,2,1,12,0,0,0,1,48,75433,6,1,6,0,3,3,999,999,0,0,0,0,0,0,0,0,0,1,24,0,0,0,1,2,60,3,1,8,1,0,0,14,50,1,1,1,20,0,0
48,481333,2,3,1,19,6,17,1,12,1,1,0,48,2,22,16,22016,2,2001,1G2JB1248172,1,G,2,J,B,1,2,4,8,1,7,2,0,P,PONT,SFS,CP,1,17,2606,,0,1041,,G,,F,4,133,,,14R195,,,,,,0,0,000000000,00000000000,0,0,0,1,0,0,0,0,0,0,0,0,0,0,0,6,6,2,12,0,0,0,1,48,75482,6,1,0,0,3,0,61,169,0,0,0,1,0,8,2011,8,2011,0,0,0,0,0,1,2,60,3,1,8,1,0,0,5,53,1,1,1,22,1,0
48,481333,3,3,1,19,6,17,1,12,1,1,0,48,1,20,481,20481,31,1999,2GCEK19T4X12,2,G,C,E,K,1,9,T,4,X,1,2,0,T,CHEV,SK1,3C,99,17,,2,1575,1435,SIL,G,,,8,325,,,,B,4621,00,,44,0,0,000000000,00000000000,0,0,0,1,0,0,0,0,0,0,0,998,0,0,0,12,4,3,12,0,0,0,1,48,75422,6,1,6,0,3,0,999,999,0,0,0,0,1,6,2011,6,2011,0,0,0,0,0,1,2,60,2,1,8,1,0,0,14,62,1,1,1,98,0,0
48,481334,1,3,1,19,6,7,47,24,0,1,0,48,9,20,398,20398,4,1987,1G1BU51H2H91,1,G,1,B,U,5,1,H,2,H,9,1,0,P,CHEV,CCB,4D,87,17,3576,,0,1160,,G,,4,8,305,,,15R205,,,,,,0,0,000000000,00000000000,0,0,0,1,0,0,0,0,0,0,0,998,0,1,5,12,6,2,24,0,0,1,1,48,76119,1,1,0,0,2,0,999,999,1,16,0,6,6,3,2010,2,2012,1,0,0,0,0,3,2,60,1,1,8,1,0,0,1,13,1,1,4,1,1,0
48,481334,2,3,1,19,6,7,47,24,0,1,0,48,0,53,706,53706,80,2000,JS1VT52A7Y21,J,S,1,V,T,5,2,A,7,Y,2,1,0,M,SUZI,TLR,RC,0,17,,,,,,,996,,2,,4,434,,,,,,,0,0,000000000,00000000000,0,0,0,1,0,0,0,0,0,0,0,998,0,0,0,12,4,3,12,0,0,0,1,48,76140,6,1,0,0,3,0,999,999,0,0,0,0,0,0,0,0,0,0,0,0,0,0,3,2,60,1,1,8,1,0,0,2,18,1,1,1,98,0,0
48,481334,3,3,1,19,6,7,47,24,0,1,0,48,1,34,34,34034,2,2008,WBSWD935X8PY,W,B,S,W,D,9,3,5,X,8,P,Y,0,P,BMW,M3S,CP,8,17,3704,,0,1087,,G,,F,8,244,,,000000,,,,,,0,0,000000000,00000000000,0,0,0,1,0,0,0,0,0,0,0,998,0,0,0,6,2,1,12,0,0,0,1,48,75054,6,1,0,0,3,0,999,999,0,0,0,0,0,0,0,0,0,0,0,0,0,0,3,2,60,1,1,8,1,0,0,2,18,1,1,1,98,0,0
48,481335,1,2,2,20,6,14,9,12,6,1,0,48,1,7,43,7043,4,2002,1B3EL36X42N1,1,B,3,E,L,3,6,X,4,2,N,1,0,P,DODG,SSE,4D,2,17,3114,,0,1080,,G,,F,4,148,,,15R205,,,,,,0,0,000000000,00000000000,0,0,0,1,0,0,0,0,0,0,0,998,0,0,0,9,2,3,12,0,0,0,1,48,77505,6,1,0,0,3,0,999,999,0,0,0,0,0,0,0,0,0,0,38,0,0,0,0,0,0,0,0,0,0,0,0,4,17,1,1,1,89,0,0
48,481335,2,2,1,20,6,14,9,12,6,1,0,48,1,34,706,34706,80,2000,WB10555A3YZD,W,B,1,0,5,5,5,A,3,Y,Z,D,0,M,BMW,K1T,RS,0,17,,,,,,,1200,,4,,4,788,,,,,,,0,0,000000000,00000000000,0,0,0,1,0,0,0,0,0,0,0,998,0,0,0,12,9,2,12,0,0,0,1,48,77573,6,1,0,0,3,3,999,999,0,0,0,1,0,8,2010,8,2010,0,0,0,0,0,2,2,40,1,1,8,1,0,0,1,71,1,1,1,88,1,0
48,481336,1,3,2,20,6,17,35,12,6,1,0,48,2,49,32,49032,4,2002,1NXBR12E42Z6,1,N,X,B,R,1,2,E,4,2,Z,6,0,P,TOYT,UCS,4D,2,17,2405,,0,970,,G,,F,4,109,,,14R175,,,,,,0,0,000000000,00000000000,0,0,0,1,0,0,0,0,0,0,0,998,0,0,0,12,6,2,12,0,0,0,1,48,77450,6,1,0,0,3,0,999,999,5,0,0,1,0,7,2009,2,2011,0,0,0,0,0,1,4,50,3,1,1,2,0,0,14,62,1,1,1,66,2,0
48,481336,2,3,2,20,6,17,35,12,6,1,0,48,1,12,3,12003,2,2006,1ZVHT85H0651,1,Z,V,H,T,8,5,H,0,6,5,1,0,P,FORD,MGT,CV,6,17,3613,,0,1071,,G,,F,8,281,,,17R235,,,,,,0,0,000000000,00000000000,0,0,0,1,0,0,0,0,0,0,0,998,0,0,0,3,4,3,12,0,0,0,1,48,77041,6,1,0,0,3,3,999,999,0,0,0,0,0,0,0,0,0,0,0,0,0,0,1,4,50,2,1,1,2,0,0,14,9,1,4,2,66,1,0
48,481336,3,3,1,20,6,17,35,12,6,1,0,48,1,49,472,49472,30,2001,5TEGN92N01Z7,5,T,E,G,N,9,2,N,0,1,Z,7,0,T,TOYT,DCP,CW,1,17,,1,0,1219,TAC,G,,,6,206,,,,B,3475,00,E,42,0,0,000000000,00000000000,0,0,0,1,0,0,0,0,0,0,0,998,0,0,0,11,2,3,12,0,0,0,1,48,78666,6,1,0,0,3,0,999,999,0,1,0,0,0,4,2010,4,2010,0,0,0,0,0,1,4,50,3,1,1,2,0,0,14,62,6,3,9,98,0,0
48,481337,1,3,1,21,6,23,0,12,1,1,0,6,1,85,881,85881,66,2008,1XKADB9X68J2,1,X,K,A,D,B,9,X,6,8,J,2,1,T,KW,T60,TR,8,17,,8,2600,1600,CON,D,,,6,893,,,,,00000,00,,64,1,57,2282501,572282501,3,6,3,1,0,0,0,0,0,0,0,998,0,0,0,12,6,2,12,0,0,0,1,6,92545,6,1,6,0,3,0,68,215,0,0,0,0,0,0,0,0,0,0,0,0,0,0,3,2,70,3,1,8,1,0,0,14,51,1,1,1,24,1,0
48,481337,2,3,1,21,6,23,0,12,1,1,0,93,3,82,881,82881,66,2009,1FUJGLDR59LA,1,F,U,J,G,L,D,R,5,9,L,A,1,T,FRHT,125,TR,9,17,,8,0,0,CSC,D,,,6,903,,,,,00000,00,,64,1,57,1434409,571434409,3,6,1,1,0,0,0,0,0,0,0,998,0,0,0,6,4,3,12,0,0,0,1,99,99999,9,9,99,9,9,9,999,999,99,99,99,99,99,99,9999,99,9999,0,0,0,0,0,3,2,70,3,1,8,1,0,0,14,53,1,1,1,25,0,0
48,481337,3,3,1,21,6,23,0,12,1,1,0,6,1,87,881,87881,66,2001,1XP5DB9X11D5,1,X,P,5,D,B,9,X,1,1,D,5,1,T,PTRB,379,TR,1,17,,8,0,0,CON,D,,,6,893,,,,,00000,00,,64,1,57,1081828,571081828,3,6,3,1,0,0,0,0,0,0,0,998,0,0,0,6,4,1,12,0,0,0,1,6,90063,6,1,6,0,3,3,64,180,0,0,0,1,0,7,2011,7,2011,0,0,0,0,0,3,2,70,3,1,8,1,0,0,14,98,1,1,1,98,0,0
48,481338,1,1,1,21,6,2,40,18,0,1,0,48,1,37,703,37703,80,2007,JH2MC24047K4,J,H,2,M,C,2,4,0,4,7,K,4,0,M,HOND,B25,RS,7,17,,,,,,,234,,2,,4,286,,,,,,,0,0,000000000,00000000000,0,0,0,1,0,0,0,0,0,0,0,998,0,0,0,99,9,2,18,0,0,0,1,48,75228,0,0,0,0,0,0,70,155,0,0,0,0,0,0,0,0,0,1,0,0,0,0,3,3,45,1,1,8,1,0,0,6,51,7,1,2,15,1,1
48,481339,1,1,3,24,6,21,35,1,0,1,0,48,2,12,401,12401,14,1996,1FMCU22X0TUD,1,F,M,C,U,2,2,X,0,T,U,D,0,P,FORD,EPR,UT,96,17,3733,,0,1017,,G,,F,6,245,,,15R225,,,,,,0,0,000000000,00000000000,0,0,0,1,0,0,0,0,0,0,0,998,0,1,5,0,4,3,1,0,0,0,1,48,75224,0,0,0,0,0,0,999,999,0,0,0,0,0,0,0,0,0,0,0,0,0,0,3,2,75,1,2,8,1,0,0,1,1,1,3,4,2,1,0
48,481340,1,1,1,24,6,10,8,1,0,1,0,48,2,20,401,20401,14,2002,1GNDS13S7223,1,G,N,D,S,1,3,S,7,2,2,3,0,P,CHEV,TRL,UT,2,17,4442,,0,1130,,G,,F,6,256,,,16R245,,,,,,0,0,000000000,00000000000,0,0,0,1,0,0,0,0,0,0,0,998,0,1,5,0,6,2,1,0,0,0,1,48,75236,0,0,0,0,0,0,66,161,0,0,0,0,0,0,0,0,0,1,0,0,0,0,2,2,35,2,1,8,1,0,0,14,6,1,9,4,2,1,1
48,481341,1,2,6,24,6,1,38,12,6,1,1,48,2,41,37,41037,4,2000,1YVGF22C4Y51,1,Y,V,G,F,2,2,C,4,Y,5,1,0,P,MAZD,U6X,4D,0,17,2864,,0,1051,,G,,F,4,122,,,15R185,,,,,,0,0,000000000,00000000000,0,0,0,1,0,0,0,0,0,0,0,998,0,0,0,12,6,2,12,0,0,0,1,48,78721,0,0,0,0,0,0,999,999,0,0,0,0,0,0,0,0,0,0,0,0,0,0,1,4,99,1,1,8,1,3,3,1,17,1,1,1,86,0,0
48,481341,2,2,4,24,6,1,38,12,6,1,0,48,2,49,471,49471,30,1982,JT4RN44R1C00,J,T,4,R,N,4,4,R,1,C,0,0,0,T,TOYT,4RN,PK,82,17,,1,0,1102,PCC,G,,,4,144,,,,,3020,01,,42,0,0,000000000,00000000000,0,0,0,1,0,0,0,0,0,0,0,998,0,1,1,2,6,2,12,0,0,0,1,48,78702,6,1,0,0,3,0,999,999,0,0,0,0,0,0,0,0,0,0,0,0,0,0,1,4,30,1,1,8,1,3,3,1,66,1,1,1,87,1,0