STATE,ST_CASE,VEH_NO,VE_FORMS,NUMOCCS,DAY,MONTH,HOUR,MINUTE,HARM_EV,MAN_COLL,UNITTYPE,HIT_RUN,REG_STAT,OWNER,MAKE,MODEL,MAK_MOD,BODY_TYP,MOD_YEAR,VIN,VIN_1,VIN_2,VIN_3,VIN_4,VIN_5,VIN_6,VIN_7,VIN_8,VIN_9,VIN_10,VIN_11,VIN_12,TOW_VEH,VINTYPE,VINMAKE,VINA_MOD,VIN_BT,VINMODYR,VIN_LNGT,VIN_WGT,WGTCD_TR,WHLBS_LG,WHLBS_SH,SER_TR,FUELCODE,MCYCL_DS,CARBUR,CYLINDER,DISPLACE,MCYCL_CY,MCYCL_WT,TIRE_SZE,TON_RAT,TRK_WT,TRKWTVAR,VIN_REST,WHLDRWHL,J_KNIFE,MCARR_I1,MCARR_I2,MCARR_ID,GVWR,V_CONFIG,CARGO_BT,HAZ_INV,HAZ_PLAC,HAZ_ID,HAZ_CNO,HAZ_REL,BUS_USE,SPEC_USE,EMER_USE,TRAV_SP,UNDERIDE,ROLLOVER,ROLINLOC,IMPACT1,DEFORMED,TOWED,M_HARM,VEH_SC1,VEH_SC2,FIRE_EXP,DR_PRES,L_STATE,DR_ZIP,L_STATUS,L_TYPE,CDL_STAT,L_ENDORS,L_COMPL,L_RESTRI,DR_HGT,DR_WGT,PREV_ACC,PREV_SUS,PREV_DWI,PREV_SPD,PREV_OTH,FIRST_MO,FIRST_YR,LAST_MO,LAST_YR,SPEEDREL,DR_SF1,DR_SF2,DR_SF3,DR_SF4,VTRAFWAY,VNUM_LAN,VSPD_LIM,VALIGN,VPROFILE,VPAVETYP,VSURCOND,VTRAFCON,VTCONT_F,P_CRASH1,P_CRASH2,P_CRASH3,PCRASH4,PCRASH5,ACC_TYPE,DEATHS,DR_DRINK
48,481507,2,3,1,14,7,7,32,12,1,1,0,48,1,6,52,6052,6,2008,3A8FY58B08T2,3,A,8,F,Y,5,8,B,0,8,T,2,0,P,CHRY,PTC,SV,8,17,3076,,0,1030,,G,,F,4,148,,,16R205,,,,,,0,0,000000000,00000000000,0,0,0,1,0,0,0,0,0,0,0,998,0,0,0,6,6,2,12,0,0,0,1,48,79764,6,1,0,0,3,0,999,999,0,1,0,0,1,7,2009,3,2011,0,0,0,0,0,5,4,45,1,1,8,1,0,0,1,53,1,1,1,25,1,0
48,481507,3,3,1,14,7,7,32,12,1,1,0,48,1,12,481,12481,31,1996,1FTEX15N0TKA,1,F,T,E,X,1,5,N,0,T,K,A,0,T,FORD,F15,PC,96,17,,2,1550,1390,COF,G,,,8,302,,,,B,4196,00,M,42,0,0,000000000,00000000000,0,0,0,1,0,0,0,0,0,0,0,998,0,0,0,63,6,2,12,0,0,0,1,48,79764,6,1,0,0,3,0,999,999,0,0,0,2,0,11,2009,7,2010,0,0,0,0,0,5,4,45,1,1,8,1,0,0,1,62,1,1,1,98,0,0
48,481508,1,1,1,14,7,20,27,1,0,1,0,48,1,76,706,76706,80,2004,JYAVP17E64A0,J,Y,A,V,P,1,7,E,6,4,A,0,0,M,YAMA,X17,RS,4,17,,,,,,,1670,,2,,4,679,,,,,,,0,0,000000000,00000000000,0,0,0,1,0,0,0,0,0,0,0,998,0,0,0,0,9,2,1,0,0,0,1,48,75020,6,1,0,0,3,0,999,999,0,0,0,0,1,3,2011,3,2011,0,0,0,0,0,2,2,99,1,1,8,2,0,0,1,9,1,9,1,98,1,0
48,481509,1,2,2,14,7,21,32,12,6,1,0,48,2,49,32,49032,4,2012,5YFBU4EE9CP0,5,Y,F,B,U,4,E,E,9,C,P,0,0,P,TOYT,CBS,4D,12,17,2734,,0,1024,,G,,F,4,110,,,15R195,,,,,,0,0,000000000,00000000000,0,0,0,1,0,0,0,0,0,0,0,998,0,1,5,9,6,2,12,0,0,0,1,48,77845,6,1,0,0,3,3,999,999,0,0,0,0,0,0,0,0,0,0,38,0,0,0,1,2,99,1,1,8,1,20,3,4,17,1,1,1,89,2,0
48,481509,2,2,1,14,7,21,32,12,6,1,0,48,2,37,32,37032,4,2003,1HGCM66543A0,1,H,G,C,M,6,6,5,4,3,A,0,0,P,HOND,UEX,4D,3,17,3109,,0,1079,,G,,F,6,183,,,16R205,,,,,,0,0,000000000,00000000000,0,0,0,1,0,0,0,0,0,0,0,998,0,0,0,12,4,3,12,0,0,0,1,48,77868,6,1,0,0,3,0,999,999,0,0,0,0,0,0,0,0,0,0,0,0,0,0,2,2,70,1,1,8,1,0,0,1,66,1,1,1,88,0,0
48,481510,1,1,1,14,7,17,2,1,0,1,0,48,1,12,481,12481,31,2003,1FTNW21F13EA,1,F,T,N,W,2,1,F,1,3,E,A,0,T,FORD,F2S,CW,3,17,,2,1724,1562,SRW,D,,,8,444,,,,C,5870,04,E,44,0,0,000000000,00000000000,0,0,0,1,0,0,0,0,0,0,0,998,0,1,5,0,4,3,1,0,0,0,1,48,78028,6,1,0,0,3,0,999,999,0,0,0,0,0,0,0,0,0,0,0,0,0,0,1,2,70,1,1,8,1,0,0,1,1,4,4,4,7,1,0
48,481511,1,2,1,14,7,22,30,12,1,1,0,48,1,14,6,14006,4,1996,2MELM74W6TX6,2,M,E,L,M,7,4,W,6,T,X,6,0,P,MERC,GMG,4D,96,17,3796,,0,1144,,G,,F,8,281,,,15R215,,,,,,0,0,000000000,00000000000,0,0,0,1,0,0,0,0,0,0,0,998,0,0,0,12,6,2,2,0,0,1,1,48,75833,6,1,0,0,3,3,999,999,0,1,0,0,0,6,2010,6,2010,1,0,0,0,0,1,2,70,1,3,8,1,0,0,1,51,1,1,1,24,1,0
48,481511,2,2,5,14,7,22,30,12,1,1,0,48,2,49,403,49403,14,2012,5TDZK3EH8CS0,5,T,D,Z,K,3,E,H,8,C,S,0,0,P,TOYT,HIG,UT,12,17,4045,,0,1098,,G,,F,6,214,,,17R245,,,,,,0,0,000000000,00000000000,0,0,0,1,0,0,0,0,0,0,0,998,0,1,5,6,4,3,12,0,0,0,1,48,75939,6,1,0,0,3,0,999,999,0,0,0,0,0,0,0,0,0,0,0,0,0,0,1,2,70,1,3,8,1,0,0,1,53,1,1,1,25,0,0
48,481512,1,1,1,14,7,10,0,1,0,1,0,48,2,20,481,20481,31,1989,1GCGC24K2KE1,1,G,C,G,C,2,4,K,2,K,E,1,0,T,CHEV,GC2,PK,89,17,,2,0,1315,GM4,G,,,8,350,,,,C,4360,05,,42,0,0,000000000,00000000000,0,0,0,1,0,0,0,0,0,0,0,998,0,2,5,0,6,2,1,0,0,0,1,48,76687,6,1,0,0,3,3,999,999,1,0,0,0,0,2,2011,2,2011,0,0,0,0,0,1,2,70,2,2,8,1,0,0,14,12,1,1,4,6,1,0
48,481513,1,1,4,1,7,23,28,8,0,1,0,48,1,54,421,54421,15,2006,2HNYD18886H5,2,H,N,Y,D,1,8,8,8,6,H,5,0,P,ACUR,MDX,UT,6,17,4504,,0,1063,,G,,F,6,212,,,17R235,,,,,,0,0,000000000,00000000000,0,0,0,1,0,0,0,0,0,0,0,998,0,0,0,1,2,1,8,0,0,0,1,48,77024,6,1,0,0,3,0,999,999,1,0,0,1,0,10,2010,10,2010,0,0,0,0,0,2,2,50,3,2,8,1,0,0,14,80,6,1,1,13,0,0
48,481514,1,1,1,11,7,20,17,1,0,1,0,48,1,72,706,72706,80,2008,1HD1HHH128K8,1,H,D,1,H,H,H,1,2,8,K,8,0,M,HD,VNS,RS,8,17,,,,,,,1250,,2,,4,676,,,,,,,0,0,000000000,00000000000,0,0,0,1,0,0,0,0,0,0,0,998,0,0,0,0,8,2,1,0,0,0,1,48,75692,6,1,0,0,2,0,999,999,0,1,0,0,0,4,2010,4,2010,1,0,0,0,0,2,2,55,1,2,8,2,0,0,1,6,1,9,1,98,1,0
48,481515,1,2,1,15,7,1,40,12,6,1,0,48,2,53,706,53706,80,2007,JS1GW71A4721,J,S,1,G,W,7,1,A,4,7,2,1,0,M,SUZI,GRZ,RC,7,17,,,,,,,1299,,4,,4,478,,,,,,,0,0,000000000,00000000000,0,0,0,1,0,0,0,0,0,0,0,998,0,0,0,81,8,2,12,0,0,0,1,48,78834,6,1,0,0,2,0,999,999,0,0,0,0,0,0,0,0,0,1,34,0,0,0,5,2,35,1,1,8,1,0,0,6,67,8,4,1,83,1,1
48,481515,2,2,1,15,7,1,40,12,6,1,0,48,2,7,442,7442,20,2002,1B4GP44362B6,1,B,4,G,P,4,4,3,6,2,B,6,0,T,DODG,GSP,ES,2,17,,1,0,1193,CAR,F,,,6,201,,,,,4002,00,E,42,0,0,000000000,00000000000,0,0,0,1,0,0,0,0,0,0,0,998,0,0,0,11,4,3,12,0,0,0,1,48,78834,6,1,0,0,3,0,999,999,0,0,0,0,0,0,0,0,0,0,0,0,0,0,1,2,98,8,8,8,1,20,3,11,15,1,1,1,82,0,0
48,481516,1,1,1,15,7,11,42,1,0,1,0,48,0,35,473,35473,31,2006,1N6AA07A16N5,1,N,6,A,A,0,7,A,1,6,N,5,0,T,NISS,TXS,CW,6,17,,2,0,1398,TTN,G,,,8,342,,,,C,4711,00,E,42,0,0,000000000,00000000000,0,0,0,1,0,0,0,0,0,0,0,113,0,2,3,0,4,3,1,0,0,1,1,48,79853,6,1,0,0,3,3,999,999,0,0,0,0,0,0,0,0,0,1,58,35,0,0,2,2,75,3,2,8,1,0,0,6,6,6,4,4,7,1,1
48,481517,1,1,1,15,7,22,55,33,0,1,0,48,1,98,706,98706,80,2002,5CDMTB5132G0,5,C,D,M,T,B,5,1,3,2,G,0,0,U,,,,2,17,,,,,,,,,,,,,,,,,,,0,0,000000000,00000000000,0,0,0,1,0,0,0,0,0,0,0,998,0,0,0,12,8,2,33,0,0,0,1,48,77450,6,1,0,0,3,0,999,999,0,1,0,0,0,3,2011,3,2011,1,0,0,0,0,2,2,50,2,1,8,1,0,0,1,12,1,1,4,6,1,1
48,481518,1,2,1,16,7,15,5,12,6,1,0,48,2,73,705,73705,80,2006,JKAENVC116A1,J,K,A,E,N,V,C,1,1,6,A,1,0,M,KAWK,E5C,RS,6,17,,,,,,,498,,2,,4,442,,,,,,,0,0,000000000,00000000000,0,0,0,1,0,0,0,0,0,0,0,998,0,0,0,12,2,3,12,0,0,0,1,48,78247,6,1,0,0,2,0,999,999,0,1,0,0,0,8,2009,8,2009,0,0,0,0,0,5,4,45,1,1,8,1,0,0,1,72,6,1,2,83,1,0
48,481518,2,2,1,16,7,15,5,12,6,1,0,48,1,52,34,52034,4,1997,4A3AJ56GXVE0,4,A,3,A,J,5,6,G,X,V,E,0,0,P,MITS,UEL,4D,97,17,2943,,0,1037,,G,,F,4,143,,,14R185,,,,,,0,0,000000000,00000000000,0,0,0,1,0,0,0,0,0,0,0,998,0,0,0,9,2,3,12,0,0,0,1,48,78247,6,1,0,0,3,3,999,999,0,0,0,0,0,0,0,0,0,0,38,0,0,0,0,0,0,0,0,0,0,0,0,11,98,1,1,7,82,0,0
48,481519,1,1,1,9,6,5,13,42,0,1,1,48,2,35,402,35402,14,2000,5N1ED28T4YC5,5,N,1,E,D,2,8,T,4,Y,C,5,0,P,NISS,XTR,UT,0,17,3546,,0,1043,,G,,F,6,201,,,15R235,,,,,,0,0,000000000,00000000000,0,0,0,1,0,0,0,0,0,0,0,998,0,0,0,12,6,8,42,0,0,0,1,48,78750,6,1,0,0,3,0,999,999,0,0,0,1,0,6,2010,6,2010,1,0,0,0,0,2,2,30,2,1,8,1,0,0,14,12,1,1,4,6,1,0
48,481520,1,2,1,16,7,8,1,12,2,1,0,48,1,37,402,37402,14,2005,SHSRD68525U3,S,H,S,R,D,6,8,5,2,5,U,3,0,P,HOND,CRV,UT,5,17,3318,,0,1033,,G,,F,4,146,,,15R205,,,,,,0,0,000000000,00000000000,0,0,0,1,0,0,0,0,0,0,0,998,0,0,0,12,6,2,12,0,0,0,1,48,78644,6,1,0,0,3,3,999,999,0,0,0,0,0,0,0,0,0,1,38,0,0,0,1,2,45,1,1,8,1,3,3,11,15,1,1,1,68,0,0
48,481520,2,2,1,16,7,8,1,12,2,1,0,48,2,53,705,53705,80,2011,JS1VP54BXB21,J,S,1,V,P,5,4,B,X,B,2,1,0,M,SUZI,DLA,RS,11,17,,,,,,,645,,2,,4,485,,,,,,,0,0,000000000,00000000000,0,0,0,1,0,0,0,0,0,0,0,998,0,0,0,12,6,2,12,0,0,0,1,48,76177,6,1,0,0,3,0,999,999,0,0,0,1,0,8,2010,8,2010,0,0,0,0,0,1,2,45,1,1,8,1,3,3,1,62,1,1,1,69,1,0
48,481521,1,3,1,16,7,8,25,57,0,1,0,27,3,12,881,12881,61,2000,1FDAF56F4YEA,1,F,D,A,F,5,6,F,4,Y,E,A,0,T,FORD,F5D,CB,0,17,,5,2010,1410,DRW,D,,,8,444,,,,,6072,08,E,42,0,88,888888888,88888888888,2,1,96,1,0,0,0,0,0,0,0,998,0,0,0,98,6,2,57,0,0,0,1,27,56628,6,1,0,0,3,0,73,190,0,0,0,1,0,3,2012,3,2012,0,58,80,0,0,3,1,75,1,1,8,1,98,3,1,1,1,9,4,7,1,0
48,481521,2,3,1,16,7,8,25,57,0,1,0,5,5,7,26,7026,4,2010,1B3CC5FBXAN1,1,B,3,C,C,5,F,B,X,A,N,1,0,P,DODG,ART,4D,10,17,3568,,0,1089,,G,,F,4,146,,,17R215,,,,,,0,0,000000000,00000000000,0,0,0,1,0,0,0,0,0,0,0,998,0,0,0,12,6,2,12,0,0,0,1,5,71909,6,1,0,0,3,0,61,125,0,0,0,0,0,0,0,0,0,0,0,0,0,0,3,2,75,1,1,8,1,0,0,1,64,1,1,1,98,1,0
48,481521,3,3,1,16,7,8,25,57,0,1,0,18,3,82,881,82881,66,2010,1FUJGBDV3ALA,1,F,U,J,G,B,D,V,3,A,L,A,1,T,FRHT,113,TR,10,17,,8,0,0,CSC,D,,,6,781,,,,,00000,00,,64,1,57,202526,57202526,3,6,1,1,0,0,0,0,0,0,0,998,0,0,0,11,6,2,12,0,0,0,1,40,73034,6,1,6,0,3,0,67,200,0,0,0,0,0,0,0,0,0,0,0,0,0,0,3,2,75,1,1,8,1,0,0,1,64,1,1,1,98,1,0
48,481522,1,1,1,16,7,22,45,8,0,1,0,48,0,20,481,20481,31,1995,2GCEC19H3S12,2,G,C,E,C,1,9,H,3,S,1,2,0,T,CHEV,GC1,PC,95,17,,2,1555,1415,GM4,G,,,8,305,,,,B,4071,02,,42,0,0,000000000,00000000000,0,0,0,1,0,0,0,0,0,0,0,998,0,0,0,12,2,3,8,0,0,0,1,48,77026,6,1,6,0,3,0,999,999,0,1,0,0,0,2,2010,2,2010,0,0,0,0,0,3,3,60,1,3,1,1,0,0,1,80,1,1,1,13,0,0
48,481523,1,1,1,16,7,2,2,9,0,1,0,93,3,82,881,82881,66,1999,1FUPDSZB9XDF,1,F,U,P,D,S,Z,B,9,X,D,F,1,T,FRHT,FLD,TR,99,17,,8,0,0,CON,D,,,6,774,,,,,00000,00,,64,1,57,545167,57545167,3,6,1,1,0,0,0,0,0,0,0,998,0,0,0,12,2,1,9,0,0,0,1,48,76179,6,1,6,0,3,0,999,999,0,0,0,1,1,5,2010,9,2010,0,0,0,0,0,1,2,55,1,3,8,1,0,0,1,83,1,1,1,13,0,0
48,481524,1,5,1,16,7,10,35,12,1,1,0,48,3,82,881,82881,66,2005,1FUJBBCK25LU,1,F,U,J,B,B,C,K,2,5,L,U,1,T,FRHT,ST2,TR,5,17,,8,0,0,CON,D,,,6,858,,,,,00000,00,,64,1,57,1942666,571942666,3,6,3,1,0,0,0,0,0,0,0,998,7,0,0,12,2,3,12,0,0,0,1,48,78218,6,1,6,0,3,0,999,999,0,1,0,2,1,10,2009,3,2011,1,26,39,91,0,1,2,70,1,1,8,1,50,3,1,52,1,1,1,24,0,0
48,481524,2,5,1,16,7,10,35,12,1,1,0,48,1,12,471,12471,30,2000,1FTYR14V6YTB,1,F,T,Y,R,1,4,V,6,Y,T,B,0,T,FORD,RNS,PC,0,17,,1,0,1257,RNG,F,,,6,182,,,,B,3271,01,U,42,0,0,000000000,00000000000,0,0,0,1,0,0,0,0,0,0,0,998,0,0,0,6,6,2,12,0,0,0,1,48,75959,6,1,0,0,3,3,999,999,0,0,0,0,0,0,0,0,0,0,0,0,0,0,1,2,70,1,1,8,1,50,3,2,53,1,1,1,25,1,0
48,481524,3,5,1,16,7,10,35,12,1,1,0,48,1,18,7,18007,4,2003,2G4WS52JX312,2,G,4,W,S,5,2,J,X,3,1,2,0,P,BUIC,CCU,4D,3,17,3368,,0,1090,,G,,F,6,191,,,15R205,,,,,,0,0,000000000,00000000000,0,0,0,1,0,0,0,0,0,0,0,0,0,0,0,6,6,2,12,0,0,0,1,48,75904,6,1,0,0,3,0,999,999,0,0,0,0,0,0,0,0,0,0,0,0,0,0,1,2,70,1,1,8,1,50,3,5,53,1,1,1,98,0,0
48,481524,4,5,4,16,7,10,35,12,1,1,0,48,1,7,482,7482,31,1997,3B7HC13YXVG7,3,B,7,H,C,1,3,Y,X,V,G,7,0,T,DODG,150,PC,97,17,,2,1547,1387,RPC,G,,,8,318,,,,B,4379,01,M,42,0,0,000000000,00000000000,0,0,0,1,0,0,0,0,0,0,0,0,0,1,5,6,4,3,12,0,0,0,1,48,77803,6,1,0,0,3,0,999,999,0,4,0,0,0,11,2009,7,2011,0,0,0,0,0,1,2,70,1,1,8,1,50,3,5,53,1,1,1,98,0,0
48,481524,5,5,2,16,7,10,35,12,1,1,0,48,1,18,23,18023,4,2008,1G4HD57298U1,1,G,4,H,D,5,7,2,9,8,U,1,0,P,BUIC,UXL,4D,8,17,3792,,0,1156,,G,,F,6,232,,,17R235,,,,,,0,0,000000000,00000000000,0,0,0,1,0,0,0,0,0,0,0,0,0,0,0,6,6,2,8,32,0,0,1,48,75948,6,1,0,0,3,3,999,999,0,0,0,0,0,0,0,0,0,0,0,0,0,0,1,2,70,1,1,8,1,50,3,5,53,1,1,1,98,0,0
48,481525,1,2,1,16,7,6,0,12,2,1,0,48,3,98,898,98898,60,2000,5B4KP32R8Y33,5,B,4,K,P,3,2,R,8,Y,3,3,0,U,,,,0,17,,,,,,,,,,,,,,,,,,,0,57,753880,57753880,2,1,1,1,0,0,0,0,0,0,0,998,0,1,5,12,6,2,12,0,0,0,1,48,78801,6,1,0,0,3,0,999,999,0,0,0,0,0,0,0,0,0,0,0,0,0,0,1,2,70,1,1,8,1,0,0,1,62,1,1,1,51,1,0
48,481525,2,2,1,16,7,6,0,12,2,1,0,48,2,12,401,12401,14,2000,1FMRU1560YLB,1,F,M,R,U,1,5,6,0,Y,L,B,0,P,FORD,EPT,UT,0,17,4886,,0,1191,,G,,F,8,281,,,16R255,,,,,,0,0,000000000,00000000000,0,0,0,1,0,0,0,0,0,0,0,998,0,1,1,12,6,2,12,0,0,1,1,48,77450,1,1,0,0,2,0,999,999,0,6,0,0,2,9,2009,12,2011,0,51,0,0,0,1,2,70,1,1,8,1,0,0,1,10,1,1,2,50,1,0
48,481526,1,2,1,16,7,10,29,12,11,1,0,93,3,86,881,86881,66,2009,1M2AX04Y49M0,1,M,2,A,X,0,4,Y,4,9,M,0,1,T,MACK,GU7,TR,9,17,,8,0,0,700,D,,,6,659,,,,,00000,00,,64,1,57,218194,57218194,3,6,2,1,0,0,0,0,0,0,0,998,0,0,0,2,2,1,12,0,0,0,1,48,79703,6,1,6,1,3,1,999,999,0,0,0,0,0,0,0,0,0,0,0,0,0,0,2,2,75,1,1,8,1,0,0,1,61,1,1,1,45,0,0
48,481526,2,2,1,16,7,10,29,12,11,1,0,48,0,20,34,20034,4,1995,2C1MR5295S67,2,C,1,M,R,5,2,9,5,S,6,7,0,P,GEO,GML,4D,95,17,1962,,0,931,,G,,F,4,079,,,13R155,,,,,,0,0,000000000,00000000000,0,0,0,1,0,0,0,0,0,0,0,45,0,1,3,10,6,2,1,0,0,0,1,48,79706,6,1,0,0,3,3,999,999,0,0,0,0,0,0,0,0,0,0,27,24,0,0,2,2,75,1,1,8,1,0,0,15,10,1,1,2,47,1,0
48,481527,1,1,3,16,7,23,15,59,0,1,0,48,2,20,16,20016,2,2003,1G1JC12FX372,1,G,1,J,C,1,2,F,X,3,7,2,0,P,CHEV,CAV,CP,3,17,2617,,0,1041,,G,,F,4,134,,,14R195,,,,,,0,0,000000000,00000000000,0,0,0,1,0,0,0,0,0,0,0,998,0,0,0,12,6,2,38,0,0,0,1,48,76073,6,2,0,0,3,3,65,245,0,0,0,0,0,0,0,0,0,1,0,0,0,0,1,2,50,2,1,8,1,0,0,14,13,1,1,4,1,1,0
48,481528,1,1,2,16,7,1,41,25,0,1,0,48,2,12,16,12016,4,1999,2FAFP73W4XX1,2,F,A,F,P,7,3,W,4,X,X,1,0,P,FORD,CVI,4D,99,17,3917,,0,1147,,G,,F,8,281,,,16R225,,,,,,0,0,000000000,00000000000,0,0,0,1,0,0,0,0,0,0,0,998,0,1,1,12,6,2,25,0,0,0,1,48,75228,0,0,0,0,0,0,999,999,0,0,0,0,0,0,0,0,0,0,91,51,0,0,4,2,50,2,1,8,1,0,0,14,13,1,1,4,1,1,1
48,481529,1,1,1,16,7,3,30,11,0,1,0,27,2,53,703,53703,83,2002,VTTNJ48A8221,V,T,T,N,J,4,8,A,8,2,2,1,0,M,SUZI,GZ2,RS,2,17,,,,,,,249,,1,,4,302,,,,,,,0,0,000000000,00000000000,0,0,0,1,0,0,0,0,0,0,0,998,0,0,0,12,8,2,11,0,0,0,1,48,75751,4,1,0,0,2,0,999,999,0,0,0,0,0,0,0,0,0,0,24,0,0,0,1,2,55,1,1,8,1,0,0,1,87,1,1,1,13,1,0
48,481530,1,2,1,17,7,10,0,12,2,1,0,48,2,23,471,23471,30,1990,1GTDT14Z1L25,1,G,T,D,T,1,4,Z,1,L,2,5,0,T,GMC,S10,PK,90,17,,1,1179,1083,S,G,,,6,262,,,,B,3217,01,A,44,0,0,000000000,00000000000,0,0,0,1,0,0,0,0,0,0,0,998,0,0,0,12,6,2,12,0,0,0,1,48,78957,3,1,0,0,2,0,999,999,0,0,0,0,0,0,0,0,0,0,38,91,0,0,1,2,65,1,1,8,1,0,0,11,15,1,1,1,68,0,0
48,481530,2,2,2,17,7,10,0,12,2,1,0,48,2,20,481,20481,31,1998,2GCEC19M3W12,2,G,C,E,C,1,9,M,3,W,1,2,0,T,CHEV,GC1,PC,98,17,,2,1555,1415,GM4,G,,,8,305,,,,B,4145,03,,42,0,0,000000000,00000000000,0,0,0,1,0,0,0,0,0,0,0,998,0,0,0,12,6,2,12,0,0,0,1,48,78948,6,1,0,0,3,0,999,999,0,0,0,0,0,0,0,0,0,0,0,0,0,0,1,2,65,1,1,8,1,0,0,1,62,1,1,1,69,1,0
48,481531,1,1,2,17,7,3,0,39,0,1,0,48,2,12,3,12003,1,1997,1FALP45X6VF1,1,F,A,L,P,4,5,X,6,V,F,1,0,P,FORD,MGT,CV,97,17,3422,,0,1013,,G,,F,8,281,,,16R225,,,,,,0,0,000000000,00000000000,0,0,0,1,0,0,0,0,0,0,0,998,0,0,0,11,4,3,39,0,0,0,1,48,78721,6,1,0,0,3,0,999,999,0,0,0,0,0,0,0,0,0,1,37,0,0,0,6,1,60,2,1,8,1,0,0,14,12,1,1,4,6,1,1
48,481532,1,1,2,17,7,21,40,14,0,1,0,36,3,84,881,84881,66,2006,2HSCNAPR96C1,2,H,S,C,N,A,P,R,9,6,C,1,1,T,INTL,94I,TR,6,17,,8,0,0,940,D,,,6,915,,,,,00000,00,,64,1,57,22578,5722578,3,6,1,1,0,0,0,0,0,0,0,998,0,0,0,1,2,1,8,0,0,0,1,36,13317,6,1,6,0,3,0,76,999,0,0,0,0,0,0,0,0,0,0,0,0,0,0,3,2,75,1,1,8,1,0,0,1,13,1,1,4,1,0,0
48,481533,1,1,1,18,7,19,30,10,0,1,0,48,2,20,481,20481,31,2001,2GCEC19T3111,2,G,C,E,C,1,9,T,3,1,1,1,0,T,CHEV,SC1,4C,1,17,,2,1575,1435,SIL,G,,,8,325,,,,B,4413,00,,42,0,0,000000000,00000000000,0,0,0,1,0,0,0,0,0,0,0,998,0,0,0,9,6,2,10,0,0,0,1,48,75472,0,0,0,0,0,0,70,211,0,0,0,0,0,0,0,0,0,0,38,0,0,0,1,2,35,1,2,8,1,65,3,1,98,1,1,1,98,1,1
48,481534,1,1,1,18,7,20,14,30,0,1,0,48,9,76,709,76709,80,2009,999999999999,9,9,9,9,9,9,9,9,9,9,9,9,0,,,,,,,,,,,,,,,,,,,,,,,,,0,0,000000000,00000000000,0,0,0,1,0,0,0,0,0,0,0,998,0,0,0,99,9,1,30,0,0,0,1,48,79103,6,1,0,0,2,0,999,999,0,10,0,1,0,6,2010,4,2012,1,0,0,0,0,1,2,30,1,2,8,1,0,0,1,13,1,1,4,1,1,0
48,481535,1,1,2,18,7,2,51,1,0,1,0,48,2,13,1,13001,4,1996,1LNLM82W7TY6,1,L,N,L,M,8,2,W,7,T,Y,6,0,P,LINC,SDJ,4D,96,17,4040,,0,1174,,G,,F,8,281,,,15R215,,,,,,0,0,000000000,00000000000,0,0,0,1,0,0,0,0,0,0,0,998,0,1,5,0,4,3,1,0,0,0,1,48,78212,6,1,0,0,3,0,999,999,0,0,0,0,1,4,2012,4,2012,0,58,0,0,0,2,2,75,1,1,8,1,0,0,1,12,7,3,4,2,1,0
48,481536,1,2,1,18,7,19,0,12,99,1,0,48,1,20,880,20880,67,2007,1GCJK33D17F1,1,G,C,J,K,3,3,D,1,7,F,1,1,T,CHEV,SK3,CW,7,17,,3,0,1670,SIL,D,,,8,403,,,,D,6552,00,,44,1,99,999999999,99999999999,2,4,3,1,0,0,0,0,0,0,0,0,0,0,0,63,9,1,12,0,0,0,1,48,76692,6,1,0,0,3,0,999,999,0,0,0,0,2,7,2010,6,2012,0,48,0,0,0,2,2,70,1,2,8,1,0,0,5,98,1,1,1,89,0,0
48,481536,2,2,1,18,7,19,0,12,99,1,0,48,2,73,706,73706,80,2006,JKAZXCD186A0,J,K,A,Z,X,C,D,1,8,6,A,0,0,M,KAWK,Z10,RC,6,17,,,,,,,998,,4,,4,386,,,,,,,0,0,000000000,00000000000,0,0,0,1,0,0,0,0,0,0,0,998,0,0,0,99,4,3,12,0,0,0,1,48,75702,1,1,0,0,2,0,999,999,0,26,0,1,0,9,2009,6,2012,0,0,0,0,0,2,2,70,1,2,8,1,0,0,1,50,3,2,1,88,1,0
48,481537,1,1,2,18,7,19,27,30,0,1,0,48,1,20,2,20002,4,2004,2G1WF52E1491,2,G,1,W,F,5,2,E,1,4,9,1,0,P,CHEV,IMP,4D,4,17,3389,,0,1105,,G,,F,6,207,,,16R225,,,,,,0,0,000000000,00000000000,0,0,0,1,0,0,0,0,0,0,0,998,0,1,5,12,6,2,30,0,0,0,1,48,78753,1,1,0,0,2,0,999,999,0,1,0,1,0,6,2011,5,2012,0,0,0,0,0,1,2,30,1,1,8,1,0,0,1,8,1,1,4,6,1,0
48,481538,1,1,1,19,7,4,0,1,0,1,0,48,1,2,404,2404,14,1998,1J4GX78Y7WC1,1,J,4,G,X,7,8,Y,7,W,C,1,0,T,JEEP,LMT,4W,98,17,,1,0,1059,GCK,G,,,8,318,,,,,3531,01,E,42,0,0,000000000,00000000000,0,0,0,1,0,0,0,0,0,0,0,998,0,1,3,0,4,3,1,0,0,0,1,48,77086,6,1,0,0,3,0,999,999,0,0,0,0,0,0,0,0,0,1,0,0,0,0,2,2,35,2,1,8,1,0,0,14,12,1,4,4,7,1,1
48,481539,1,1,1,19,7,9,31,8,0,1,0,48,2,35,402,35402,14,2009,5N1AN08W29C5,5,N,1,A,N,0,8,W,2,9,C,5,0,P,NISS,XTR,UT,9,17,4381,,0,1063,,G,,F,6,244,,,16R265,,,,,,0,0,000000000,00000000000,0,0,0,1,0,0,0,0,0,0,0,998,0,0,0,12,2,1,8,0,0,0,1,48,76901,6,1,0,0,3,0,999,999,0,0,0,0,0,0,0,0,0,0,38,0,0,0,1,2,30,1,1,8,1,3,3,10,80,1,1,1,13,0,0