STATE,ST_CASE,VEH_NO,VE_FORMS,NUMOCCS,DAY,MONTH,HOUR,MINUTE,HARM_EV,MAN_COLL,UNITTYPE,HIT_RUN,REG_STAT,OWNER,MAKE,MODEL,MAK_MOD,BODY_TYP,MOD_YEAR,VIN,VIN_1,VIN_2,VIN_3,VIN_4,VIN_5,VIN_6,VIN_7,VIN_8,VIN_9,VIN_10,VIN_11,VIN_12,TOW_VEH,VINTYPE,VINMAKE,VINA_MOD,VIN_BT,VINMODYR,VIN_LNGT,VIN_WGT,WGTCD_TR,WHLBS_LG,WHLBS_SH,SER_TR,FUELCODE,MCYCL_DS,CARBUR,CYLINDER,DISPLACE,MCYCL_CY,MCYCL_WT,TIRE_SZE,TON_RAT,TRK_WT,TRKWTVAR,VIN_REST,WHLDRWHL,J_KNIFE,MCARR_I1,MCARR_I2,MCARR_ID,GVWR,V_CONFIG,CARGO_BT,HAZ_INV,HAZ_PLAC,HAZ_ID,HAZ_CNO,HAZ_REL,BUS_USE,SPEC_USE,EMER_USE,TRAV_SP,UNDERIDE,ROLLOVER,ROLINLOC,IMPACT1,DEFORMED,TOWED,M_HARM,VEH_SC1,VEH_SC2,FIRE_EXP,DR_PRES,L_STATE,DR_ZIP,L_STATUS,L_TYPE,CDL_STAT,L_ENDORS,L_COMPL,L_RESTRI,DR_HGT,DR_WGT,PREV_ACC,PREV_SUS,PREV_DWI,PREV_SPD,PREV_OTH,FIRST_MO,FIRST_YR,LAST_MO,LAST_YR,SPEEDREL,DR_SF1,DR_SF2,DR_SF3,DR_SF4,VTRAFWAY,VNUM_LAN,VSPD_LIM,VALIGN,VPROFILE,VPAVETYP,VSURCOND,VTRAFCON,VTCONT_F,P_CRASH1,P_CRASH2,P_CRASH3,PCRASH4,PCRASH5,ACC_TYPE,DEATHS,DR_DRINK
48,481540,1,1,2,19,7,5,59,8,0,1,0,48,1,12,481,12481,31,1997,1FTJW35F6VEA,1,F,T,J,W,3,5,F,6,V,E,A,0,T,FORD,F35,CW,97,17,,2,0,1680,COF,D,,,8,444,,,,D,5215,01,A,42,0,0,000000000,00000000000,0,0,0,1,0,0,0,0,0,0,0,998,0,0,0,12,2,1,8,0,0,0,1,48,78840,6,1,0,0,3,0,999,999,0,0,0,0,1,9,2010,9,2010,0,0,0,0,0,1,2,70,2,1,8,1,0,0,14,13,1,1,4,13,0,0
48,481541,1,2,1,20,7,18,12,12,99,1,0,0,0,53,733,53733,90,2008,JSAAK47AD821,J,S,A,A,K,4,7,A,D,8,2,1,0,M,SUZI,LTZ,AT,8,17,,,,,,,398,,1,,4,372,,,,,,,0,0,000000000,00000000000,0,0,0,1,0,0,0,0,0,0,0,998,0,1,1,99,9,2,12,0,0,0,1,48,76252,6,2,0,0,1,0,70,180,0,0,0,0,0,0,0,0,0,1,0,0,0,0,1,2,55,3,1,8,1,0,0,14,52,1,1,1,99,1,0
48,481541,2,2,1,20,7,18,12,12,99,1,0,0,0,37,734,37734,90,2008,1HFTE2307848,1,H,F,T,E,2,3,0,7,8,4,8,0,M,HOND,TRE,AT,8,17,,,,,,,397,,1,,4,410,,,,,,,0,0,000000000,00000000000,0,0,0,1,0,0,0,0,0,0,0,998,0,0,0,99,9,2,12,0,0,0,1,48,76525,0,0,0,0,0,0,999,999,0,0,0,0,0,0,0,0,0,0,0,0,0,0,1,2,55,3,1,8,1,0,0,14,53,1,1,1,99,0,0
48,481542,1,1,3,20,7,23,38,5,0,1,0,48,2,49,40,49040,4,1999,JT2BF22K3X01,J,T,2,B,F,2,2,K,3,X,0,1,0,P,TOYT,XLL,4D,99,17,3175,,0,1051,,G,,F,6,183,,,15R205,,,,,,0,0,000000000,00000000000,0,0,0,1,0,0,0,0,0,0,0,998,0,0,0,0,0,1,5,0,0,0,1,48,75758,6,1,0,0,3,0,999,999,0,0,0,0,0,0,0,0,0,0,91,0,0,0,1,2,99,1,1,8,1,0,0,1,98,1,1,1,0,1,1
48,481543,1,3,1,20,7,19,22,12,1,1,0,48,1,64,33,64033,4,1999,KLAVA6922XB1,K,L,A,V,A,6,9,2,2,X,B,1,0,P,DAEW,LCS,4D,99,17,0,,0,1051,,G,,F,4,134,,,15R205,,,,,,0,0,000000000,00000000000,0,0,0,1,0,0,0,0,0,0,0,998,0,0,0,12,6,2,12,0,0,1,1,48,76692,1,1,0,0,1,0,64,186,0,5,0,0,2,12,2011,7,2012,1,0,0,0,0,1,2,70,1,2,8,1,0,0,1,51,1,1,1,24,1,1
48,481543,2,3,3,20,7,19,22,12,1,1,0,48,1,12,481,12481,31,1997,1FTDX176XVNC,1,F,T,D,X,1,7,6,X,V,N,C,0,T,FORD,F15,3C,97,17,,1,1570,1390,COF,G,,,8,281,,,,B,4045,03,E,42,0,0,000000000,00000000000,0,0,0,1,0,0,0,0,0,0,0,998,0,0,0,6,2,8,12,0,0,0,1,48,76634,6,1,0,0,3,3,999,999,1,0,0,0,1,9,2009,4,2011,0,0,0,0,0,1,2,70,1,2,8,1,0,0,1,53,1,1,1,25,0,0
48,481543,3,3,1,20,7,19,22,12,1,1,0,17,3,51,881,51881,66,2005,4V4NC9TG75N4,4,V,4,N,C,9,T,G,7,5,N,4,0,T,VOLV,VNL,TR,5,17,,8,0,0,VVN,D,,,6,915,,,,,00000,00,,64,0,57,721792,57721792,3,5,96,1,0,0,0,0,0,0,0,998,0,0,0,12,4,3,12,0,0,0,1,48,75134,6,1,6,0,3,0,999,999,0,0,0,0,0,0,0,0,0,0,0,0,0,0,1,2,70,1,2,8,1,0,0,1,62,1,1,1,98,0,0
48,481544,1,1,1,20,7,21,0,8,0,1,0,48,1,6,51,6051,4,2005,2C3JA43R25H6,2,C,3,J,A,4,3,R,2,5,H,6,0,P,CHRY,C30,4D,5,17,3629,,0,1200,,G,,F,6,165,,,17R215,,,,,,0,0,000000000,00000000000,0,0,0,1,0,0,0,0,0,0,0,998,0,0,0,12,2,1,8,0,0,0,1,48,76693,6,1,0,0,3,0,999,999,0,0,0,0,0,0,0,0,0,0,0,0,0,0,1,2,70,1,1,8,1,0,0,1,80,4,1,5,13,0,0
48,481545,1,3,2,21,7,15,43,12,1,1,0,48,2,23,421,23421,15,2001,1GKEK13T01R1,1,G,K,E,K,1,3,T,0,1,R,1,0,T,GMC,YUK,4W,1,17,,2,0,1160,YUK,G,,,8,325,,,,B,5113,00,K,44,0,0,000000000,00000000000,0,0,0,1,0,0,0,0,0,0,0,998,0,0,0,12,4,3,12,0,0,0,1,48,75218,0,0,0,0,0,0,999,999,0,0,0,0,0,0,0,0,0,1,0,0,0,0,1,4,50,1,1,8,1,0,0,1,50,1,1,1,20,0,1
48,481545,2,3,4,21,7,15,43,12,1,1,0,48,2,7,442,7442,20,2002,1B4GP25B42B5,1,B,4,G,P,2,5,B,4,2,B,5,0,P,DODG,CAR,SV,2,17,3766,,0,1133,,G,,F,4,148,,,17R215,,,,,,0,0,000000000,00000000000,0,0,0,1,0,0,0,0,0,0,0,0,0,0,0,6,6,2,12,0,0,0,1,48,75480,6,1,0,0,3,0,999,999,0,0,0,0,1,4,2010,4,2010,0,0,0,0,0,1,4,50,1,1,8,1,0,0,5,53,1,1,1,22,1,0
48,481545,3,3,1,21,7,15,43,12,1,1,0,48,1,63,33,63033,4,2008,KNAFE1219855,K,N,A,F,E,1,2,1,9,8,5,5,0,P,KIA,SXC,4D,8,17,2919,,0,1028,,G,,F,4,122,,,15R195,,,,,,0,0,000000000,00000000000,0,0,0,1,0,0,0,0,0,0,0,998,0,0,0,12,2,3,12,32,0,0,1,48,75141,6,1,0,0,3,3,999,999,0,0,0,0,0,0,0,0,0,0,0,0,0,0,1,4,50,1,1,8,1,0,0,1,62,3,2,1,98,0,0
48,481546,1,1,2,21,7,23,0,49,0,1,0,48,1,58,37,58037,2,2006,JNKCV54E86M7,J,N,K,C,V,5,4,E,8,6,M,7,0,P,INFI,G35,CP,6,17,3505,,0,1122,,G,,F,6,214,,,17R225,,,,,,0,0,000000000,00000000000,0,0,0,1,0,0,0,0,0,0,0,998,0,0,0,12,6,2,49,0,0,0,1,48,77380,1,1,0,0,2,0,999,999,1,2,0,0,0,12,2011,6,2012,1,91,0,0,0,1,2,30,1,1,8,1,20,3,1,87,1,1,1,13,0,1
48,481547,1,2,1,21,7,21,14,12,2,1,0,48,1,20,498,20498,31,1980,CCL44AS17477,C,C,L,4,4,A,S,1,7,4,7,7,0,T,CHEV,C10,PK,80,13,,2,1315,1065,C10,G,,,8,350,,,,BD,3464,05,,42,0,0,000000000,00000000000,0,0,0,1,0,0,0,0,0,0,0,998,0,0,0,12,4,3,12,0,0,0,1,48,76031,6,1,0,0,3,0,999,999,0,0,0,0,0,0,0,0,0,0,51,0,0,0,1,2,60,3,1,8,1,0,0,14,10,1,1,2,50,1,0
48,481547,2,2,2,21,7,21,14,12,2,1,0,48,2,20,481,20481,31,2001,1GCGC13U71F1,1,G,C,G,C,1,3,U,7,1,F,1,0,T,CHEV,1CH,CW,1,17,,2,0,1530,SIL,G,,,8,364,,,,B,4413,00,,42,0,0,000000000,00000000000,0,0,0,1,0,0,0,0,0,0,0,998,0,0,0,12,6,2,12,0,0,0,1,48,76050,1,1,0,0,2,3,999,999,0,22,0,2,0,7,2009,6,2012,0,0,0,0,0,1,2,60,2,1,8,1,0,0,14,62,1,1,1,51,0,0
48,481548,1,1,2,21,7,4,47,33,0,1,0,48,1,18,402,18402,14,2004,5GADS13S7423,5,G,A,D,S,1,3,S,7,4,2,3,0,P,BUIC,RNR,UT,4,17,4417,,0,1130,,G,,F,6,256,,,17R245,,,,,,0,0,000000000,00000000000,0,0,0,1,0,0,0,0,0,0,0,998,0,1,5,99,4,3,1,0,0,0,1,48,79109,0,0,0,0,0,0,999,999,0,0,0,0,0,0,0,0,0,1,0,0,0,0,5,4,45,2,1,2,1,0,0,14,13,6,1,4,1,1,0
48,481549,1,1,2,21,7,13,40,42,0,1,0,48,2,18,3,18003,4,1995,1G4CW52K0SH6,1,G,4,C,W,5,2,K,0,S,H,6,0,P,BUIC,PKA,4D,95,17,3532,,0,1108,,G,,F,6,231,,,15R205,,,,,,0,0,000000000,00000000000,0,0,0,1,0,0,0,0,0,0,0,998,0,0,0,12,6,2,42,0,0,0,1,48,75766,1,1,0,0,2,0,999,999,1,5,0,0,1,10,2009,6,2012,0,0,0,0,0,1,2,70,1,1,8,1,0,0,1,12,1,1,4,6,1,0
48,481550,1,2,1,22,7,15,13,12,6,1,0,48,2,12,481,12481,31,2001,1FTNX21L01EA,1,F,T,N,X,2,1,L,0,1,E,A,0,T,FORD,F2S,4C,1,17,,2,1580,1418,SRW,G,,,8,330,,,,C,5635,07,U,44,0,0,000000000,00000000000,0,0,0,1,0,0,0,0,0,0,0,998,0,1,5,12,4,3,12,0,0,0,1,48,79938,6,1,0,0,3,3,999,999,0,1,0,0,0,2,2012,2,2012,1,38,91,0,0,1,2,99,1,1,8,1,20,3,4,17,1,1,1,86,0,1
48,481550,2,2,5,22,7,15,13,12,6,1,0,48,2,20,37,20037,4,2005,1G1ZT54815F1,1,G,1,Z,T,5,4,8,1,5,F,1,0,P,CHEV,M/L,4D,5,17,3297,,0,1063,,G,,F,6,214,,,15R205,,,,,,0,0,000000000,00000000000,0,0,0,1,0,0,0,0,0,0,0,998,0,0,0,3,6,2,12,0,0,0,1,48,79938,6,1,0,0,3,3,999,999,0,1,0,0,0,2,2011,2,2011,0,0,0,0,0,1,2,30,1,1,8,1,0,0,1,66,1,1,1,87,5,0
48,481551,1,1,23,22,7,18,34,42,0,1,0,48,2,12,481,12481,31,2000,1FTNX21L5YEC,1,F,T,N,X,2,1,L,5,Y,E,C,0,T,FORD,F2S,4C,0,17,,2,1580,1418,SRW,G,,,8,330,,,,C,5635,07,E,44,0,0,000000000,00000000000,0,0,0,1,0,0,0,0,0,0,0,998,0,0,0,12,6,2,42,0,0,0,1,96,77433,9,9,99,9,9,9,999,999,99,99,99,99,99,99,9999,99,9999,0,21,0,0,0,1,3,70,1,1,8,1,0,0,1,1,99,2,4,2,15,0
48,481552,1,1,1,22,7,7,28,8,0,1,1,99,9,99,999,99999,99,9999,999999999999,9,9,9,9,9,9,9,9,9,9,9,9,0,,,,,,,,,,,,,,,,,,,,,,,,,0,0,000000000,00000000000,0,0,0,1,0,0,0,0,0,0,0,998,0,0,0,99,9,1,8,0,0,0,1,99,99999,9,9,99,9,9,9,999,999,99,99,99,99,99,99,9999,99,9999,0,28,0,0,0,1,2,30,1,1,8,1,0,0,1,80,1,1,1,13,0,0
48,481553,1,2,3,22,7,17,56,12,6,1,0,48,2,41,37,41037,4,1998,1YVGF22C3W57,1,Y,V,G,F,2,2,C,3,W,5,7,0,P,MAZD,UDL,4D,98,17,2798,,0,1051,,G,,F,4,122,,,14R185,,,,,,0,0,000000000,00000000000,0,0,0,1,0,0,0,0,0,0,0,998,0,0,0,3,4,3,12,0,0,0,1,48,77598,0,0,0,0,0,0,999,999,0,0,0,0,0,0,0,0,0,0,38,0,0,0,3,4,45,1,1,8,1,0,0,11,15,1,1,1,68,2,1
48,481553,2,2,1,22,7,17,56,12,6,1,0,48,1,12,481,12481,31,2011,1FT7W2BTXBEA,1,F,T,7,W,2,B,T,X,B,E,A,0,T,FORD,F2S,CW,11,17,,2,1724,1562,SRW,D,,,8,409,,,,C,6560,01,7,44,0,0,000000000,00000000000,0,0,0,1,0,0,0,0,0,0,0,998,0,0,0,12,2,3,12,0,0,0,1,48,77433,6,1,0,0,3,0,999,999,0,0,0,0,0,0,0,0,0,0,0,0,0,0,3,4,45,1,1,8,1,0,0,1,62,1,1,1,69,0,0
48,481554,1,1,1,22,7,21,30,1,0,1,0,48,2,73,706,73706,80,2004,JKAZRCA104A0,J,K,A,Z,R,C,A,1,0,4,A,0,0,M,KAWK,ZR0,RC,4,17,,,,,,,953,,4,,4,437,,,,,,,0,0,000000000,00000000000,0,0,0,1,0,0,0,0,0,0,0,998,0,0,0,0,8,3,1,0,0,0,1,48,78538,0,0,0,0,0,0,999,999,0,0,0,0,0,0,0,0,0,0,0,0,0,0,1,2,55,1,1,8,1,0,0,1,9,1,9,1,98,1,1
48,481555,1,1,1,22,7,0,25,42,0,1,0,48,2,98,739,98739,90,2010,4XA4ZX8XA19A,4,X,A,4,Z,X,8,X,A,1,9,A,0,M,POLS,,,10,17,,,,,,,,,,,,,,,,,,,0,0,000000000,00000000000,0,0,0,1,0,0,0,0,0,0,0,998,0,0,0,12,2,3,42,0,0,0,1,48,75189,6,1,0,0,3,0,69,202,0,0,0,0,0,0,0,0,0,0,0,0,0,0,1,2,35,1,1,8,1,0,0,1,12,1,1,4,6,1,1
48,481556,1,2,1,23,7,15,58,12,6,1,0,48,2,82,881,82881,66,2004,1FUJA6CV44PM,1,F,U,J,A,6,C,V,4,4,P,M,1,T,FRHT,COL,TR,4,17,,8,0,0,CON,D,,,6,782,,,,,00000,00,,64,1,57,1314423,571314423,3,6,9,1,0,0,0,0,0,0,0,998,0,0,0,5,2,1,12,0,0,0,1,48,79936,6,1,6,0,3,0,999,999,1,0,0,1,0,12,2009,4,2012,1,0,0,0,0,1,2,35,1,1,8,1,0,0,11,15,1,1,1,68,0,0
48,481556,2,2,1,23,7,15,58,12,6,1,0,48,1,37,705,37705,80,2007,JH2RC44507M1,J,H,2,R,C,4,4,5,0,7,M,1,0,M,HOND,T7D,RS,7,17,,,,,,,745,,2,,4,496,,,,,,,0,0,000000000,00000000000,0,0,0,1,0,0,0,0,0,0,0,998,0,0,0,12,4,3,12,0,0,0,1,48,79936,6,1,0,0,3,0,999,999,0,0,0,0,0,0,0,0,0,0,0,0,0,0,1,2,35,1,1,8,1,0,0,1,62,1,1,1,69,1,0
48,481557,1,2,1,23,7,17,57,12,6,1,0,48,1,53,705,53705,80,1997,JS1GN78A4V21,J,S,1,G,N,7,8,A,4,V,2,1,0,M,SUZI,G60,RC,97,17,,,,,,,600,,4,,4,383,,,,,,,0,0,000000000,00000000000,0,0,0,1,0,0,0,0,0,0,0,998,0,0,0,12,4,3,12,0,0,0,1,48,78721,0,0,0,0,0,0,999,999,0,7,0,1,1,8,2009,3,2012,1,0,0,0,0,2,4,40,1,1,8,1,0,0,1,66,1,1,1,88,1,0
48,481557,2,2,1,23,7,17,57,12,6,1,0,48,2,42,37,42037,4,1986,WDBEA30D8GA1,W,D,B,E,A,3,0,D,8,G,A,1,0,P,MERZ,30E,4D,86,17,3190,,0,1102,,G,,F,6,181,,,15R195,,,,,,0,0,000000000,00000000000,0,0,0,1,0,0,0,0,0,0,0,998,0,0,0,7,4,3,12,0,0,0,1,48,78702,6,1,0,0,3,0,999,999,0,0,0,0,0,0,0,0,0,0,38,0,0,0,1,2,98,8,8,8,1,20,3,4,17,1,1,1,89,0,0
48,481558,1,2,1,24,7,14,12,12,6,1,0,48,2,87,881,87881,66,2009,1NPXD49X59D7,1,N,P,X,D,4,9,X,5,9,D,7,1,T,PTRB,389,TR,9,17,,8,0,0,CON,D,,,6,915,,,,,00000,00,,64,3,57,1875341,571875341,3,6,2,2,2,1885,88,2,0,0,0,998,0,1,3,12,2,3,1,0,0,0,1,48,77707,6,1,6,1,3,3,999,999,0,0,0,0,0,0,0,0,0,0,0,0,0,0,2,4,65,1,1,8,1,0,0,1,66,1,1,1,73,0,0
48,481558,2,2,1,24,7,14,12,12,6,1,0,48,1,20,481,20481,31,2000,1GCEC14W4YE2,1,G,C,E,C,1,4,W,4,Y,E,2,0,T,CHEV,SC1,PK,0,17,,2,1330,1190,SIL,G,,,6,262,,,,B,3923,02,,42,0,0,000000000,00000000000,0,0,0,1,0,0,0,0,0,0,0,998,0,1,3,9,4,3,1,0,0,0,1,48,77642,6,1,7,0,3,3,999,999,0,0,0,0,0,0,0,0,0,0,39,0,0,0,1,2,65,8,8,8,1,20,3,11,15,1,1,1,72,1,0
48,481559,1,1,3,24,7,0,20,5,0,1,0,48,2,98,998,98998,97,9999,1366660,1,3,6,6,6,6,0,,,,,,0,U,,,,,7,,,,,,,,,,,,,,,,,,,0,0,000000000,00000000000,0,0,0,1,0,0,0,0,0,0,0,998,0,0,0,0,0,1,5,0,0,0,1,48,75094,6,1,0,0,3,0,999,999,0,0,0,0,0,0,0,0,0,1,23,0,0,0,1,2,25,3,1,8,1,0,0,14,98,1,1,1,0,1,1
48,481560,1,2,1,24,7,10,7,12,6,1,0,48,1,20,481,20481,31,2002,2GCEC19T4212,2,G,C,E,C,1,9,T,4,2,1,2,0,T,CHEV,SC1,4C,2,17,,2,1575,1435,SIL,G,,,8,325,,,,B,4534,03,,42,0,0,000000000,00000000000,0,0,0,1,0,0,0,0,0,0,0,998,0,0,0,12,6,2,12,0,0,0,1,48,76579,6,1,0,0,3,3,999,999,0,0,0,0,0,0,0,0,0,0,38,0,0,0,1,2,45,1,1,8,1,21,3,1,98,1,1,1,66,1,0
48,481560,2,2,1,24,7,10,7,12,6,1,0,48,2,82,881,82881,66,1994,1FUYDXYB6RP5,1,F,U,Y,D,X,Y,B,6,R,P,5,1,T,FRHT,FLD,TR,94,17,,8,0,0,CON,D,,,6,893,,,,,00000,00,,64,1,57,2180766,572180766,3,6,3,1,0,0,0,0,0,0,0,998,0,0,0,9,6,2,12,0,0,0,1,13,76549,6,1,6,0,3,0,68,170,98,1,0,2,0,7,2010,9,2011,0,0,0,0,0,6,1,45,8,8,8,1,0,0,16,62,1,1,1,66,0,0
48,481561,1,1,1,24,7,3,30,35,0,1,0,48,1,37,31,37031,4,2005,2HGES26745H5,2,H,G,E,S,2,6,7,4,5,H,5,0,P,HOND,UAX,4D,5,17,2668,,0,1031,,G,,F,4,102,,,15R195,,,,,,0,0,000000000,00000000000,0,0,0,1,0,0,0,0,0,0,0,998,0,1,5,5,4,3,35,0,0,0,1,48,77632,6,1,0,0,3,0,999,999,0,12,0,0,0,9,2009,2,2011,1,58,0,0,0,2,2,45,3,1,8,1,0,0,1,6,6,4,4,7,1,1
48,481562,1,1,3,25,7,11,50,1,0,1,0,6,9,62,401,62401,14,2002,SALTY15482A7,S,A,L,T,Y,1,5,4,8,2,A,7,0,T,LNDR,DSE,4W,2,17,,2,0,1000,DIS,G,,,8,241,,,,,4630,00,E,44,0,0,000000000,00000000000,0,0,0,1,0,0,0,0,0,0,0,998,0,2,1,0,6,2,1,0,0,0,1,48,78045,6,1,0,0,3,3,999,999,0,0,0,0,0,0,0,0,0,0,58,0,0,0,2,2,80,1,1,8,1,0,0,1,12,7,3,6,98,1,0
48,481563,1,1,1,25,7,7,55,33,0,1,0,40,0,14,6,14006,4,1998,2MEFM75W3WX6,2,M,E,F,M,7,5,W,3,W,X,6,0,P,MERC,MLL,4D,98,17,3922,,0,1144,,G,,F,8,281,,,16R225,,,,,,0,0,000000000,00000000000,0,0,0,1,0,0,0,0,0,0,0,998,0,1,3,12,4,3,33,0,0,0,1,40,74330,6,1,0,0,3,0,69,150,0,0,0,0,0,0,0,0,0,0,0,0,0,0,4,2,45,1,2,8,1,0,0,1,12,1,1,4,6,1,0
48,481564,1,1,1,25,7,7,50,42,0,1,0,48,1,20,481,20481,31,2005,1GCEC19TX5Z1,1,G,C,E,C,1,9,T,X,5,Z,1,0,T,CHEV,SC1,4C,5,17,,2,1575,1435,SIL,G,,,8,323,,,,B,4555,00,,42,0,0,000000000,00000000000,0,0,0,1,0,0,0,0,0,0,0,998,0,0,0,12,6,2,42,0,0,0,1,48,75935,6,1,0,0,3,3,999,999,0,0,0,0,0,0,0,0,0,0,0,0,0,0,1,2,70,1,2,8,1,0,0,1,12,1,1,4,6,1,0
48,481565,1,2,1,25,7,12,47,12,6,1,0,48,1,49,32,49032,4,1996,1NXBA02E7TZ4,1,N,X,B,A,0,2,E,7,T,Z,4,0,P,TOYT,COA,4D,96,17,2315,,0,970,,G,,F,4,097,,,14R175,,,,,,0,0,000000000,00000000000,0,0,0,1,0,0,0,0,0,0,0,998,0,0,0,10,6,2,12,0,0,0,1,48,76018,0,0,0,0,0,0,999,999,0,0,0,0,0,0,0,0,0,0,39,0,0,0,1,2,98,8,8,8,1,20,3,4,17,1,1,1,89,1,0
48,481565,2,2,4,25,7,12,47,12,6,1,0,48,1,2,405,2405,14,2006,1J8HG48N86C1,1,J,8,H,G,4,8,N,8,6,C,1,0,T,JEEP,BSE,4W,6,17,,2,0,1095,CMD,G,,,8,287,,,,,4806,00,K,44,0,0,000000000,00000000000,0,0,0,1,0,0,0,0,0,0,0,998,0,0,0,12,2,3,12,0,0,0,1,48,76002,6,1,0,0,3,0,999,999,0,0,0,0,0,0,0,0,0,1,0,0,0,0,2,2,45,3,1,8,1,0,0,14,66,1,1,1,88,0,0
48,481566,1,1,2,26,7,5,45,8,0,1,1,48,1,12,881,12881,61,2009,1FDAF46Y39EA,1,F,D,A,F,4,6,Y,3,9,E,A,5,T,FORD,F4D,CB,9,17,,5,2010,1410,DRW,G,,,10,415,,,,D,6688,04,U,42,1,88,888888888,88888888888,2,1,12,1,0,0,0,0,0,0,0,998,0,0,0,1,2,1,8,0,0,0,1,48,75227,1,1,0,0,2,0,999,999,0,2,0,0,1,10,2009,3,2012,0,58,0,0,0,2,3,45,1,1,8,1,0,0,1,80,6,1,1,13,0,0
48,481567,1,1,2,26,7,14,50,38,0,1,0,48,2,12,21,12021,4,2005,1FAFP23115G2,1,F,A,F,P,2,3,1,1,5,G,2,0,P,FORD,5SE,4D,5,17,3643,,0,1129,,G,,F,6,183,,,17R215,,,,,,0,0,000000000,00000000000,0,0,0,1,0,0,0,0,0,0,0,998,0,1,5,81,6,2,38,0,0,0,1,48,77868,0,0,0,0,0,0,999,999,0,0,0,0,0,0,0,0,0,1,0,0,0,0,0,0,0,0,0,0,0,0,0,98,98,1,3,5,98,1,0
48,481568,1,2,1,26,7,15,25,12,2,1,0,48,1,12,471,12471,30,1999,1FTYR14V6XPA,1,F,T,Y,R,1,4,V,6,X,P,A,0,T,FORD,RNS,PC,99,17,,1,0,1257,RNG,F,,,6,182,,,,B,00000,00,U,42,0,0,000000000,00000000000,0,0,0,1,0,0,0,0,0,0,0,998,0,1,5,12,6,2,12,0,0,0,1,48,76645,0,0,0,0,0,0,999,999,0,0,0,0,0,0,0,0,0,0,80,51,0,0,1,2,70,1,1,8,1,0,0,1,1,6,1,2,50,0,0
48,481568,2,2,2,26,7,15,25,12,2,1,0,48,1,55,35,55035,4,2002,KMHDN45D42U3,K,M,H,D,N,4,5,D,4,2,U,3,0,P,HYUN,EST,4D,2,17,2635,,0,1027,,G,,F,4,121,,,15R195,,,,,,0,0,000000000,00000000000,0,0,0,1,0,0,0,0,0,0,0,998,0,0,0,12,6,2,12,0,0,0,1,48,76055,6,1,0,0,3,0,999,999,0,0,0,0,0,0,0,0,0,0,0,0,0,0,1,2,70,1,1,8,1,0,0,1,62,1,1,1,51,1,0
48,481569,1,1,1,26,7,15,28,32,0,1,0,48,1,22,2,22002,4,1995,1G2HX52K0S42,1,G,2,H,X,5,2,K,0,S,4,2,0,P,PONT,BVS,4D,95,17,3446,,0,1108,,G,,F,6,231,,,15R215,,,,,,0,0,000000000,00000000000,0,0,0,1,0,0,0,0,0,0,0,998,0,0,0,12,6,2,32,0,0,0,1,40,76308,6,1,0,0,3,0,66,169,0,0,0,0,0,0,0,0,0,0,0,0,0,0,2,2,75,1,1,8,1,0,0,1,13,1,1,4,1,1,0
48,481570,1,1,99,27,7,0,0,8,0,1,1,99,9,99,999,99999,99,9999,999999999999,9,9,9,9,9,9,9,9,9,9,9,9,0,,,,,,,,,,,,,,,,,,,,,,,,,0,0,000000000,00000000000,0,0,0,1,0,0,0,0,0,0,0,998,0,0,0,99,9,1,8,0,0,0,1,99,99999,9,9,99,0,9,9,999,999,99,99,99,99,99,99,9999,99,9999,0,0,0,0,0,4,3,45,1,2,8,1,0,0,99,80,99,9,9,13,0,0
48,481571,1,1,1,27,7,3,37,8,0,1,1,99,9,99,999,99999,99,9999,999999999999,9,9,9,9,9,9,9,9,9,9,9,9,0,,,,,,,,,,,,,,,,,,,,,,,,,0,0,000000000,00000000000,0,0,0,1,0,0,0,0,0,0,0,998,0,0,0,99,9,1,8,0,0,0,1,99,99999,9,9,99,9,9,9,999,999,99,99,99,99,99,99,9999,99,9999,0,99,99,99,99,1,2,98,1,1,8,1,0,0,99,80,99,9,9,13,0,0
48,481572,1,1,1,27,7,7,45,24,0,1,0,48,1,12,401,12401,14,1988,1FMEU15N3JLA,1,F,M,E,U,1,5,N,3,J,L,A,0,P,FORD,BRO,UT,88,17,0,,0,1050,,G,,F,8,302,,,000000,,,,,,0,0,000000000,00000000000,0,0,0,1,0,0,0,0,0,0,0,998,0,1,1,12,6,2,1,0,0,0,1,48,78254,6,1,0,0,3,0,999,999,2,0,0,0,0,12,2009,3,2010,0,0,0,0,0,3,2,70,1,3,8,1,0,0,1,1,1,2,4,2,1,0
48,481573,1,1,1,27,7,17,8,14,0,1,0,48,2,84,881,84881,66,1999,1HSHCAHR4XH6,1,H,S,H,C,A,H,R,4,X,H,6,0,T,INTL,810,TR,99,17,,8,2560,1440,80S,D,,,6,661,,,,,00000,00,,64,0,57,1956624,571956624,3,5,96,1,0,0,0,0,0,0,0,998,0,0,0,1,6,2,2,0,0,1,1,48,78957,6,1,6,0,3,0,999,999,0,8,0,1,1,12,2009,5,2012,0,0,0,0,0,3,2,70,1,1,8,1,0,0,1,11,1,1,4,1,0,0
48,481574,1,3,1,27,7,10,5,12,7,1,0,48,2,53,705,53705,80,1995,JS1GR7BA8S21,J,S,1,G,R,7,B,A,8,S,2,1,0,M,SUZI,SR7,RC,95,17,,,,,,,749,,4,,4,438,,,,,,,0,0,000000000,00000000000,0,0,0,1,0,0,0,0,0,0,0,998,0,0,0,99,8,3,12,0,0,0,1,48,77373,3,1,0,0,2,0,999,999,0,6,0,0,0,11,2009,2,2010,1,33,37,0,0,2,2,45,1,1,8,1,0,0,6,6,1,1,6,98,1,0