STATE,ST_CASE,VEH_NO,VE_FORMS,NUMOCCS,DAY,MONTH,HOUR,MINUTE,HARM_EV,MAN_COLL,UNITTYPE,HIT_RUN,REG_STAT,OWNER,MAKE,MODEL,MAK_MOD,BODY_TYP,MOD_YEAR,VIN,VIN_1,VIN_2,VIN_3,VIN_4,VIN_5,VIN_6,VIN_7,VIN_8,VIN_9,VIN_10,VIN_11,VIN_12,TOW_VEH,VINTYPE,VINMAKE,VINA_MOD,VIN_BT,VINMODYR,VIN_LNGT,VIN_WGT,WGTCD_TR,WHLBS_LG,WHLBS_SH,SER_TR,FUELCODE,MCYCL_DS,CARBUR,CYLINDER,DISPLACE,MCYCL_CY,MCYCL_WT,TIRE_SZE,TON_RAT,TRK_WT,TRKWTVAR,VIN_REST,WHLDRWHL,J_KNIFE,MCARR_I1,MCARR_I2,MCARR_ID,GVWR,V_CONFIG,CARGO_BT,HAZ_INV,HAZ_PLAC,HAZ_ID,HAZ_CNO,HAZ_REL,BUS_USE,SPEC_USE,EMER_USE,TRAV_SP,UNDERIDE,ROLLOVER,ROLINLOC,IMPACT1,DEFORMED,TOWED,M_HARM,VEH_SC1,VEH_SC2,FIRE_EXP,DR_PRES,L_STATE,DR_ZIP,L_STATUS,L_TYPE,CDL_STAT,L_ENDORS,L_COMPL,L_RESTRI,DR_HGT,DR_WGT,PREV_ACC,PREV_SUS,PREV_DWI,PREV_SPD,PREV_OTH,FIRST_MO,FIRST_YR,LAST_MO,LAST_YR,SPEEDREL,DR_SF1,DR_SF2,DR_SF3,DR_SF4,VTRAFWAY,VNUM_LAN,VSPD_LIM,VALIGN,VPROFILE,VPAVETYP,VSURCOND,VTRAFCON,VTCONT_F,P_CRASH1,P_CRASH2,P_CRASH3,PCRASH4,PCRASH5,ACC_TYPE,DEATHS,DR_DRINK
48,481603,1,3,2,20,7,12,53,12,2,1,0,48,1,12,481,12481,31,2006,1FTSX21P16ED,1,F,T,S,X,2,1,P,1,6,E,D,0,T,FORD,F2S,4C,6,17,,2,1580,1420,SRW,D,,,8,366,,,,C,6207,01,U,44,0,0,000000000,00000000000,0,0,0,1,0,0,0,0,0,0,0,998,0,0,0,12,4,3,12,0,0,0,1,48,75232,0,0,0,0,0,0,999,999,0,0,0,0,0,0,0,0,0,0,58,0,0,0,1,2,60,1,3,2,1,40,3,1,13,6,4,6,50,0,0
48,481603,2,3,2,20,7,12,53,12,2,1,0,48,1,12,422,12422,15,2007,1FMFU19507LA,1,F,M,F,U,1,9,5,0,7,L,A,0,P,FORD,EPT,UT,7,17,5578,,0,1190,,G,,F,8,329,,,18R255,,,,,,0,0,000000000,00000000000,0,0,0,1,0,0,0,0,0,0,0,998,0,0,0,12,6,2,12,0,0,0,1,48,75078,6,1,0,0,3,3,999,999,0,0,0,0,0,0,0,0,0,0,51,0,0,0,1,2,60,1,3,2,1,40,3,1,62,1,1,1,51,1,0
48,481603,3,3,2,20,7,12,53,12,2,1,0,48,2,20,481,20481,31,1999,2GCEC19W4X12,2,G,C,E,C,1,9,W,4,X,1,2,0,T,CHEV,SC1,3C,99,17,,2,1575,1435,SIL,G,,,6,262,,,,B,4235,02,,42,0,0,000000000,00000000000,0,0,0,1,0,0,0,0,0,0,0,998,0,0,0,12,2,3,43,0,0,0,1,48,75075,0,0,0,0,0,0,999,999,0,0,0,0,0,0,0,0,0,0,0,0,0,0,1,2,60,1,3,2,1,40,3,1,13,1,1,4,98,0,0
48,481604,1,3,4,20,7,18,20,12,6,1,0,48,1,12,481,12481,31,2005,1FTRX12W05NB,1,F,T,R,X,1,2,W,0,5,N,B,0,T,FORD,F15,4C,5,17,,2,1450,1260,COF,G,,,8,281,,,,B,5065,04,U,42,0,0,000000000,00000000000,0,0,0,1,0,0,0,0,0,0,0,998,0,0,0,10,4,3,12,0,0,0,1,48,76119,0,0,0,0,0,0,999,999,0,0,0,0,0,0,0,0,0,1,0,0,0,0,1,2,60,3,1,8,2,0,0,14,6,1,3,2,64,0,0
48,481604,2,3,3,20,7,18,20,12,6,1,0,48,2,20,422,20422,15,2005,3GNEC16ZX5G2,3,G,N,E,C,1,6,Z,X,5,G,2,0,P,CHEV,C15,UT,5,17,5268,,0,1300,,F,,F,8,325,,,16R265,,,,,,0,0,000000000,00000000000,0,0,0,1,0,0,0,0,0,0,0,998,0,0,0,12,4,3,12,32,0,0,1,48,76088,6,1,6,0,3,3,999,999,0,0,0,1,0,4,2010,4,2010,0,0,0,0,0,1,2,60,2,1,8,2,0,0,14,62,1,1,1,65,1,0
48,481604,3,3,3,20,7,18,20,12,6,1,0,48,1,35,43,35043,4,2002,3N1CB51DX2L6,3,N,1,C,B,5,1,D,X,2,L,6,0,P,NISS,XGX,4D,2,17,2441,,0,998,,G,,F,4,108,,,14R185,,,,,,0,0,000000000,00000000000,0,0,0,1,0,0,0,0,0,0,0,998,0,0,0,12,2,3,12,0,0,0,1,48,76087,1,1,0,0,2,0,999,999,0,2,0,1,0,3,2011,5,2012,1,0,0,0,0,1,2,60,2,1,8,2,0,0,14,52,1,1,1,98,0,0
48,481605,1,1,1,22,7,3,35,8,0,1,1,48,2,58,37,58037,2,2003,JNKCV54E43M2,J,N,K,C,V,5,4,E,4,3,M,2,0,P,INFI,G35,CP,3,17,3290,,0,1122,,G,,F,6,214,,,17R235,,,,,,0,0,000000000,00000000000,0,0,0,1,0,0,0,0,0,0,0,998,0,0,0,11,4,1,8,0,0,0,1,48,76104,6,1,0,0,3,0,999,999,0,0,0,0,0,0,0,0,0,0,91,0,0,0,6,1,99,2,2,8,1,0,0,14,80,1,1,1,13,0,0
48,481606,1,1,1,25,7,9,52,8,0,1,0,48,3,84,981,84981,50,2003,4DRBGAAN23A9,4,D,R,B,G,A,A,N,2,3,A,9,0,T,INTL,,BU,3,17,,7,,,,D,,,6,466,,,,,,,,42,0,88,888888888,88888888888,3,21,22,1,0,0,0,0,1,0,0,998,0,0,0,11,2,8,8,0,0,0,1,48,76105,6,1,6,1,3,0,999,999,0,0,0,0,0,0,0,0,0,0,38,0,0,0,2,2,99,1,1,8,1,20,3,11,80,1,1,1,13,0,0
48,481607,1,1,5,26,7,14,24,31,0,1,0,48,2,12,422,12422,15,2004,1FMRU15W34LB,1,F,M,R,U,1,5,W,3,4,L,B,0,P,FORD,EPT,UT,4,17,5218,,0,1191,,G,,F,8,281,,,17R265,,,,,,0,0,000000000,00000000000,0,0,0,1,0,0,0,0,0,0,0,998,0,1,5,99,6,2,1,0,0,0,1,48,77498,6,1,0,0,3,0,999,999,0,0,0,0,0,0,0,0,0,0,0,0,0,0,2,2,80,1,1,8,1,0,0,1,90,6,3,4,2,2,0
48,481608,1,2,3,26,7,11,27,12,6,1,0,48,1,18,3,18003,4,2005,1G4CW54K0541,1,G,4,C,W,5,4,K,0,5,4,1,0,P,BUIC,PKA,4D,5,17,3778,,0,1138,,G,,F,6,232,,,16R225,,,,,,0,0,000000000,00000000000,0,0,0,1,0,0,0,0,0,0,0,998,0,0,0,12,2,1,12,32,0,0,1,48,76935,6,1,0,0,3,3,999,999,0,0,0,0,1,2,2011,2,2011,0,0,0,0,0,1,2,70,1,1,8,1,0,0,1,64,1,1,1,86,0,0
48,481608,2,2,1,26,7,11,27,12,6,1,0,0,0,73,739,73739,90,2009,JK1AFCP169B5,J,K,1,A,F,C,P,1,6,9,B,5,0,M,KAWK,K6P,AT,9,17,,,,,,,617,,2,,4,1312,,,,,,,0,0,000000000,00000000000,0,0,0,1,0,0,0,0,0,0,0,998,0,0,0,83,2,1,12,0,0,0,1,48,76848,6,1,0,0,1,0,999,999,0,0,0,0,0,0,0,0,0,0,38,0,0,0,0,0,0,0,0,0,0,0,0,1,98,1,1,7,87,1,0
48,481609,1,2,1,27,7,23,0,12,2,1,0,48,2,23,481,23481,31,2007,1GTEC14C17Z5,1,G,T,E,C,1,4,C,1,7,Z,5,0,T,GMC,NC1,PK,7,17,,2,1330,1190,SIE,G,,,8,293,,,,B,4448,01,4,42,0,0,000000000,00000000000,0,0,0,1,0,0,0,0,0,0,0,998,0,1,1,12,6,2,12,0,0,0,1,48,76433,0,0,0,0,0,0,68,148,0,0,0,0,0,0,0,0,0,0,0,0,0,0,1,2,70,2,1,8,1,0,0,14,10,1,1,2,50,1,1
48,481609,2,2,1,27,7,23,0,12,2,1,0,48,1,23,481,23481,31,2005,1GTHK23295F8,1,G,T,H,K,2,3,2,9,5,F,8,0,T,GMC,2KH,CW,5,17,,2,1670,1530,SIE,D,,,8,403,,,,C,5907,01,E,44,0,0,000000000,00000000000,0,0,0,1,0,0,0,0,0,0,0,998,0,0,0,12,6,2,12,32,0,0,1,48,76433,6,1,0,0,3,0,999,999,0,0,0,0,0,0,0,0,0,0,0,0,0,0,1,2,70,3,1,8,1,0,0,14,62,1,1,1,51,0,0
48,481610,1,2,1,19,6,12,3,12,6,1,0,35,1,37,703,37703,80,2008,JH2MC13078K4,J,H,2,M,C,1,3,0,7,8,K,4,0,M,HOND,CMX,RS,8,17,,,,,,,234,,2,,4,306,,,,,,,0,0,000000000,00000000000,0,0,0,1,0,0,0,0,0,0,0,998,0,0,0,12,9,2,12,0,0,0,1,35,88310,6,1,6,0,3,0,68,180,98,0,0,0,0,0,0,0,0,0,39,0,0,0,5,6,40,1,1,8,1,3,3,1,17,1,1,1,83,1,0
48,481610,2,2,2,19,6,12,3,12,6,1,0,48,1,37,441,37441,20,2007,5FNRL38867B0,5,F,N,R,L,3,8,8,6,7,B,0,0,P,HOND,UDY,SV,7,17,0,,0,1181,,G,,F,6,214,,,16R235,,,,,,0,0,000000000,00000000000,0,0,0,1,0,0,0,0,0,0,0,998,0,0,0,9,4,3,12,0,0,0,1,48,79241,6,1,0,0,3,3,999,999,0,0,0,0,0,0,0,0,0,0,0,0,0,0,5,2,99,1,1,8,1,3,3,11,15,1,1,1,82,0,0
48,481611,1,2,1,28,7,0,22,12,6,1,0,48,3,12,16,12016,4,2010,2FABP7BV3AX1,2,F,A,B,P,7,B,V,3,A,X,1,0,P,FORD,CVP,4D,10,17,4128,,0,1147,,F,,F,8,281,,,17R225,,,,,,0,0,000000000,00000000000,0,0,0,1,0,0,0,0,0,5,1,998,0,0,0,3,6,2,12,0,0,0,1,48,75165,6,1,0,0,3,0,68,215,0,0,0,0,0,0,0,0,0,0,16,0,0,0,5,4,45,1,1,8,1,0,0,11,15,1,1,1,68,1,0
48,481611,2,2,1,28,7,0,22,12,6,1,0,48,1,20,431,20431,16,1994,1GNFK16KXRJ3,1,G,N,F,K,1,6,K,X,R,J,3,0,P,CHEV,K15,UT,94,17,0,,0,1315,,G,,F,8,350,,,000000,,,,,,0,0,000000000,00000000000,0,0,0,1,0,0,0,0,0,0,0,998,0,0,0,12,6,2,12,0,0,0,1,48,76084,1,1,0,0,2,0,999,999,0,6,1,0,1,9,2009,7,2012,1,23,91,0,0,5,4,45,1,1,8,1,0,0,1,62,1,1,1,69,0,1
48,481612,1,2,1,28,7,2,6,12,6,1,0,48,1,50,706,50706,80,2011,SMTN00PK9BJ4,S,M,T,N,0,0,P,K,9,B,J,4,0,M,TRUM,SPD,RC,11,17,,,,,,,1050,,3,,4,471,,,,,,,0,0,000000000,00000000000,0,0,0,1,0,0,0,0,0,0,0,998,0,0,0,12,8,2,12,0,0,0,1,48,76209,6,1,0,0,3,0,999,999,0,0,0,0,0,0,0,0,0,1,0,0,0,0,2,4,40,1,1,8,1,0,0,1,65,1,1,1,79,1,0
48,481612,2,2,1,28,7,2,6,12,6,1,0,48,1,49,40,49040,4,2003,JTDBE32KX301,J,T,D,B,E,3,2,K,X,3,0,1,0,P,TOYT,XLL,4D,3,17,2993,,0,1071,,G,,F,4,144,,,15R205,,,,,,0,0,000000000,00000000000,0,0,0,1,0,0,0,0,0,0,0,998,0,0,0,9,2,1,12,0,0,0,1,48,77072,3,1,0,0,2,0,999,999,0,0,0,0,0,0,0,0,0,0,0,0,0,0,1,2,98,8,8,8,1,20,3,10,16,1,1,1,78,0,0
48,481613,1,1,2,29,7,19,10,30,0,1,0,48,2,20,16,20016,2,1999,1G1JC1247X72,1,G,1,J,C,1,2,4,7,X,7,2,0,P,CHEV,C/S,CP,99,17,2617,,0,1041,,G,,F,4,133,,,14R195,,,,,,0,0,000000000,00000000000,0,0,0,1,0,0,0,0,0,0,0,998,0,0,0,9,6,2,30,0,0,0,1,40,77573,6,1,0,0,3,0,70,140,0,0,0,0,0,0,0,0,0,1,24,28,0,0,1,2,35,2,1,8,1,0,0,14,6,1,3,4,2,2,1
48,481614,1,2,1,29,7,22,32,12,6,1,0,48,3,86,881,86881,66,2009,1M1AN09Y99N0,1,M,1,A,N,0,9,Y,9,9,N,0,1,T,MACK,CHU,TR,9,17,,8,0,0,600,D,,,6,783,,,,,00000,00,,64,1,57,1732565,571732565,3,6,2,1,0,0,0,0,0,0,0,998,0,0,0,12,4,3,12,0,0,0,1,48,76225,6,1,6,1,3,0,999,999,0,0,0,0,0,0,0,0,0,0,0,0,0,0,1,2,65,1,2,8,1,0,0,1,66,1,1,1,88,0,0
48,481614,2,2,1,29,7,22,32,12,6,1,0,48,1,20,421,20421,15,2004,1GNEC13Z04R1,1,G,N,E,C,1,3,Z,0,4,R,1,0,P,CHEV,CTA,UT,4,17,4828,,0,1160,,F,,F,8,325,,,16R265,,,,,,0,0,000000000,00000000000,0,0,0,1,0,0,0,0,0,0,0,998,0,0,0,9,6,2,12,0,0,0,1,48,79701,6,1,0,0,3,0,999,999,0,0,0,0,0,0,0,0,0,0,38,0,0,0,1,2,98,8,8,8,98,20,3,1,17,1,1,1,89,1,0
48,481615,1,1,5,30,7,15,0,25,0,1,0,40,1,20,431,20431,16,2001,3GNFK16T81G1,3,G,N,F,K,1,6,T,8,1,G,1,0,P,CHEV,K15,UT,1,17,5123,,0,1300,,G,,F,8,325,,,16R245,,,,,,0,0,000000000,00000000000,0,0,0,1,0,0,0,0,0,0,0,998,0,1,1,12,4,3,25,0,0,0,1,5,72150,6,1,0,0,3,0,65,165,0,0,0,0,0,0,0,0,0,0,28,0,0,0,3,5,60,1,1,1,1,0,0,1,1,3,2,4,7,1,0
48,481616,1,1,2,30,7,21,0,8,0,1,0,48,1,12,481,12481,31,1991,1FTDF15Y0MPA,1,F,T,D,F,1,5,Y,0,M,P,A,0,T,FORD,F15,PK,91,17,,1,1330,1170,COF,G,,,6,300,,,,B,3535,01,A,42,0,0,000000000,00000000000,0,0,0,1,0,0,0,0,0,0,0,998,0,0,0,12,2,3,8,0,0,0,1,48,75650,6,1,0,0,3,0,999,999,0,0,0,0,0,0,0,0,0,0,0,0,0,0,1,2,60,1,3,8,1,0,0,1,80,1,1,1,13,0,1
48,481617,1,2,1,31,7,7,31,54,11,1,1,48,0,12,880,12880,67,2000,1FTWW33FXYEC,1,F,T,W,W,3,3,F,X,Y,E,C,1,T,FORD,F3D,CW,0,17,,3,1720,1560,DRW,D,,,8,444,,,,D,6402,08,E,44,1,88,888888888,88888888888,2,4,97,1,0,0,0,0,0,0,0,998,0,0,0,18,4,1,54,0,0,0,1,48,78011,0,0,0,0,0,0,999,999,0,0,0,0,0,0,0,0,0,0,0,0,0,0,1,2,70,1,1,8,1,0,0,1,98,1,1,2,98,0,0
48,481617,2,2,2,31,7,7,31,54,11,1,0,48,1,23,481,23481,31,2004,2GTEC19V4412,2,G,T,E,C,1,9,V,4,4,1,2,0,T,GMC,NC1,4C,4,17,,2,1575,1435,SIE,G,,,8,293,,,,B,4548,00,4,42,0,0,000000000,00000000000,0,0,0,1,0,0,0,0,0,0,0,998,0,0,0,12,6,2,54,0,0,0,1,48,78011,6,1,0,0,3,0,999,999,0,0,0,0,1,1,2011,1,2011,0,0,0,0,0,1,2,70,1,1,8,1,0,0,1,98,1,1,1,98,2,0
48,481618,1,2,2,24,7,21,46,8,0,1,0,48,1,12,3,12003,2,2010,1ZVBP8ANXA51,1,Z,V,B,P,8,A,N,X,A,5,1,0,P,FORD,MUS,CP,10,17,3401,,0,1071,,G,,F,6,244,,,16R215,,,,,,0,0,000000000,00000000000,0,0,0,1,0,0,0,0,0,0,0,998,0,0,0,12,4,3,8,0,0,0,1,48,79925,6,1,0,0,3,3,999,999,0,0,0,0,0,0,0,0,0,0,0,0,0,0,1,4,45,1,1,2,1,0,0,1,80,1,1,1,13,0,0
48,481618,2,2,99,24,7,21,46,8,0,1,1,99,9,99,999,99999,99,9999,999999999999,9,9,9,9,9,9,9,9,9,9,9,9,0,,,,,,,,,,,,,,,,,,,,,,,,,0,0,000000000,00000000000,0,0,0,1,0,0,0,0,0,0,0,998,0,0,0,14,9,1,8,0,0,0,1,99,99999,9,9,99,9,9,9,999,999,99,99,99,99,99,99,9999,99,9999,0,0,0,0,0,1,4,45,1,1,2,1,0,0,1,80,1,1,1,98,0,0
48,481619,1,1,4,20,6,0,30,19,0,1,0,48,2,12,401,12401,14,2000,1FMYU60E2YUB,1,F,M,Y,U,6,0,E,2,Y,U,B,0,P,FORD,EPR,UT,0,17,3670,,0,1017,,G,,F,6,245,,,15R235,,,,,,0,0,000000000,00000000000,0,0,0,1,0,0,0,0,0,0,0,998,0,0,0,63,6,2,14,0,0,0,1,48,75217,6,1,0,0,3,0,65,225,0,0,0,0,0,0,0,0,0,1,0,0,0,0,2,3,35,1,1,8,1,0,0,1,13,1,3,4,2,1,1
48,481620,1,1,1,7,7,2,37,9,0,1,1,48,1,7,482,7482,31,2003,1D7HA16K73J5,1,D,7,H,A,1,6,K,7,3,J,5,0,T,DODG,S1T,PK,3,17,,2,1405,1205,RPC,G,,,6,225,,,,B,4378,00,E,42,0,0,000000000,00000000000,0,0,0,1,0,0,0,0,0,0,0,998,0,0,0,12,2,3,9,0,0,0,1,48,76017,6,1,0,0,3,3,999,999,0,0,0,0,1,9,2011,9,2011,1,91,0,0,0,5,6,50,1,1,8,1,0,0,1,83,1,1,1,13,0,1
48,481621,1,1,1,8,7,19,24,38,0,1,0,48,3,53,705,53705,80,2004,JS1GN7CA0421,J,S,1,G,N,7,C,A,0,4,2,1,0,M,SUZI,GSK,RC,4,17,,,,,,,599,,4,,4,354,,,,,,,0,0,000000000,00000000000,0,0,0,1,0,0,0,0,0,0,0,998,0,0,0,1,8,3,38,0,0,0,1,48,77642,0,0,0,0,0,0,999,999,0,0,0,0,0,0,0,0,0,1,8,0,0,0,1,2,30,1,1,8,1,20,3,1,8,1,4,4,14,1,0
48,481622,1,2,2,13,7,21,27,12,6,1,0,48,1,12,401,12401,14,2005,1FMZU63K75ZA,1,F,M,Z,U,6,3,K,7,5,Z,A,0,P,FORD,EPR,UT,5,17,4094,,0,1137,,F,,F,6,245,,,16R235,,,,,,0,0,000000000,00000000000,0,0,0,1,0,0,0,0,0,0,0,998,0,0,0,1,4,3,12,0,0,0,1,48,75229,0,0,0,0,0,0,999,999,0,2,0,0,0,8,2009,8,2010,0,0,0,0,0,2,4,35,1,1,8,1,3,3,11,15,1,1,1,68,0,0
48,481622,2,2,1,13,7,21,27,12,6,1,0,48,1,37,705,37705,80,2003,JH2PC37023M0,J,H,2,P,C,3,7,0,2,3,M,0,0,M,HOND,B60,RC,3,17,,,,,,,599,,4,,4,370,,,,,,,0,0,000000000,00000000000,0,0,0,1,0,0,0,0,0,0,0,998,0,0,0,12,8,3,12,0,0,0,1,48,76010,3,1,0,0,2,0,999,999,0,3,0,0,0,9,2009,6,2010,0,39,0,0,0,2,4,35,1,1,8,1,3,3,1,62,1,1,1,69,1,0
48,481623,1,1,1,15,7,1,0,35,0,1,0,48,2,20,481,20481,31,1998,2GCEC19R6W11,2,G,C,E,C,1,9,R,6,W,1,1,0,T,CHEV,GC1,PC,98,17,,2,1555,1415,GM4,G,,,8,350,,,,B,4145,03,,42,0,0,000000000,00000000000,0,0,0,1,0,0,0,0,0,0,0,998,0,1,5,99,6,2,1,0,0,0,1,6,90277,6,1,6,0,3,0,71,210,0,0,0,0,1,5,2011,5,2011,1,51,0,0,0,2,4,55,3,2,8,1,0,0,14,6,99,4,4,7,1,1
48,481624,1,2,5,6,7,19,19,12,6,1,0,48,1,22,18,22018,4,2003,1G2NF52E03M5,1,G,2,N,F,5,2,E,0,3,M,5,0,P,PONT,SE1,4D,3,17,3116,,0,1070,,G,,F,6,207,,,15R215,,,,,,0,0,000000000,00000000000,0,0,0,1,0,0,0,0,0,0,0,998,0,0,0,3,6,2,12,0,0,0,1,48,76033,6,1,0,0,3,0,999,999,0,0,0,0,0,0,0,0,0,0,38,0,0,0,1,2,40,1,2,8,1,3,3,11,15,1,1,1,68,1,0
48,481624,2,2,1,6,7,19,19,12,6,1,0,48,2,7,880,7880,67,2010,3D73Y3HL9AG1,3,D,7,3,Y,3,H,L,9,A,G,1,0,T,DODG,ME3,CW,10,17,,3,0,1600,RPC,D,,,6,408,,,,D,7775,00,E,44,0,88,888888888,88888888888,2,1,96,1,0,0,0,0,0,0,0,998,0,0,0,12,4,3,12,0,0,0,1,48,78619,6,1,0,0,3,0,999,999,0,0,0,0,1,9,2009,9,2009,0,0,0,0,0,1,2,40,1,2,8,1,3,3,1,62,1,1,1,69,0,0
48,481625,1,1,1,16,7,16,55,42,0,1,0,48,1,6,51,6051,4,2007,2C3KA43R37H6,2,C,3,K,A,4,3,R,3,7,H,6,0,P,CHRY,C30,4D,7,17,3632,,0,1200,,G,,F,6,165,,,17R215,,,,,,0,0,000000000,00000000000,0,0,0,1,0,0,0,0,0,0,0,998,0,1,5,12,6,2,2,0,0,1,1,48,76544,6,1,0,0,3,3,999,999,1,0,0,0,0,10,2009,10,2009,0,0,0,0,0,1,2,70,1,2,8,1,0,0,1,13,1,1,4,1,1,0
48,481626,1,1,1,20,7,14,15,9,0,1,0,48,1,63,402,63402,14,2008,KNDJD7356858,K,N,D,J,D,7,3,5,6,8,5,8,0,P,KIA,SOR,UT,8,17,4068,,0,1067,,G,,F,6,201,,,16R245,,,,,,0,0,000000000,00000000000,0,0,0,1,0,0,0,0,0,0,0,998,0,0,0,12,4,3,9,0,0,0,1,48,79830,6,1,0,0,3,0,999,999,1,0,0,2,0,8,2009,12,2011,0,0,0,0,0,1,2,75,1,2,8,1,0,0,1,83,1,1,1,13,0,1
48,481627,1,1,5,20,7,12,44,1,0,1,0,48,2,23,401,23401,14,2005,1GKDS13S2523,1,G,K,D,S,1,3,S,2,5,2,3,0,T,GMC,ENV,4W,5,17,,1,0,1130,ENV,G,,,6,256,,,,B,4417,00,E,42,0,0,000000000,00000000000,0,0,0,1,0,0,0,0,0,0,0,998,0,2,1,0,6,2,1,0,0,0,1,48,79761,6,1,0,0,3,3,999,999,0,0,0,0,0,0,0,0,0,1,58,0,0,0,3,2,75,1,1,8,1,0,0,16,8,7,3,2,98,2,0
48,481628,1,1,1,21,7,0,45,1,0,1,0,48,1,73,706,73706,80,2001,JKBVNAE171A1,J,K,B,V,N,A,E,1,7,1,A,1,0,M,KAWK,V5E,RS,1,17,,,,,,,1500,,2,,4,644,,,,,,,0,0,000000000,00000000000,0,0,0,1,0,0,0,0,0,0,0,998,0,0,0,0,8,3,1,0,0,0,1,48,77357,6,1,0,0,3,0,999,999,0,0,0,0,0,0,0,0,0,0,0,0,0,0,1,2,55,1,1,8,1,0,0,1,8,1,9,4,2,1,1
48,481629,1,3,2,25,7,15,1,12,1,1,0,48,1,20,481,20481,31,2008,1GBJC34678E1,1,G,B,J,C,3,4,6,7,8,E,1,1,T,CHEV,SC3,CB,8,17,,3,1615,1370,SIL,D,,,8,403,,,,D,5745,00,,42,1,88,888888888,88888888888,2,4,98,1,0,0,0,0,0,0,0,998,0,0,0,12,2,1,12,0,0,0,1,48,77036,6,1,0,0,3,3,999,999,0,0,0,0,1,11,2011,11,2011,0,0,0,0,0,3,6,60,1,1,1,1,0,0,1,60,7,1,1,32,0,0
48,481629,2,3,1,25,7,15,1,12,1,1,0,48,2,73,705,73705,80,2008,JKAZX4P128A0,J,K,A,Z,X,4,P,1,2,8,A,0,0,M,KAWK,ZXP,RC,8,17,,,,,,,599,,4,,4,368,,,,,,,0,0,000000000,00000000000,0,0,0,1,0,0,0,0,0,0,0,998,0,0,0,6,8,3,12,0,0,0,1,48,77074,6,1,0,0,2,0,999,999,0,0,0,1,1,2,2010,3,2012,0,28,0,0,0,3,6,60,1,1,1,1,0,0,1,11,1,1,2,32,1,0
48,481629,3,3,1,25,7,15,1,12,1,1,0,48,1,38,882,38882,61,2003,JALF5C136377,J,A,L,F,5,C,1,3,6,3,7,7,0,T,ISU,FRR,TB,3,17,,5,0,0,FRR,D,,,6,475,,,,,00000,00,,42,0,88,888888888,88888888888,2,1,1,1,0,0,0,0,0,0,0,998,0,0,0,9,2,1,12,0,0,0,1,48,77074,6,1,0,0,3,0,999,999,0,0,0,0,0,0,0,0,0,0,0,0,0,0,3,6,60,1,1,1,1,0,0,1,60,1,1,1,98,0,0
48,481630,1,1,2,27,7,23,55,24,0,1,0,48,1,50,705,50705,80,2007,SMTD00NS87J2,S,M,T,D,0,0,N,S,8,7,J,2,0,M,TRUM,DA5,RC,7,17,,,,,,,675,,3,,4,363,,,,,,,0,0,000000000,00000000000,0,0,0,1,0,0,0,0,0,0,0,77,0,0,0,11,8,3,25,0,0,0,1,48,75226,6,1,0,0,3,3,67,211,0,0,0,0,0,0,0,0,0,1,0,0,0,0,6,2,30,2,2,8,1,0,0,14,6,1,1,4,6,2,1
48,481631,1,2,1,28,7,23,8,8,0,1,1,48,2,12,37,12037,4,2005,1FAFP34N95W1,1,F,A,F,P,3,4,N,9,5,W,1,0,P,FORD,ZX4,4D,5,17,2677,,0,1030,,G,,F,4,122,,,15R195,,,,,,0,0,000000000,00000000000,0,0,0,1,0,0,0,0,0,0,0,55,0,0,0,12,2,1,8,0,0,0,1,48,78602,0,0,0,0,0,0,999,999,0,0,0,0,0,0,0,0,0,0,0,0,0,0,1,2,65,1,1,8,1,0,0,1,13,1,1,4,13,0,0
48,481631,2,2,1,28,7,23,8,8,0,1,0,48,2,23,401,23401,14,2004,1GKET12S5461,1,G,K,E,T,1,2,S,5,4,6,1,0,T,GMC,XUV,4W,4,17,,2,0,1290,ENV,G,,,6,256,,,,B,4915,00,U,44,0,0,000000000,00000000000,0,0,0,1,0,0,0,0,0,0,0,998,0,0,0,3,2,1,12,0,0,0,1,48,78602,6,1,6,0,3,0,999,999,1,0,0,0,0,1,2010,1,2010,0,0,0,0,0,1,2,65,1,1,8,1,0,0,1,64,1,1,1,98,0,0
48,481632,1,1,3,28,7,18,33,59,0,1,0,48,1,12,481,12481,31,2007,1FTRX12W27FA,1,F,T,R,X,1,2,W,2,7,F,A,0,T,FORD,F15,4C,7,17,,2,1630,1330,COF,G,,,8,281,,,,B,4979,05,E,42,0,0,000000000,00000000000,0,0,0,1,0,0,0,0,0,0,0,998,0,1,5,98,6,2,59,0,0,0,1,48,79839,6,1,0,0,3,0,999,999,0,0,0,0,0,0,0,0,0,0,0,0,0,0,1,2,55,1,2,8,1,0,0,1,12,1,9,4,7,1,0
48,481633,1,1,4,29,7,17,8,1,0,1,0,48,2,14,401,14401,14,1999,4M2ZU52P9XUJ,4,M,2,Z,U,5,2,P,9,X,U,J,0,P,MERC,MOU,UT,99,17,3876,,0,1120,,G,,F,8,302,,,15R225,,,,,,0,0,000000000,00000000000,0,0,0,1,0,0,0,0,0,0,0,998,0,2,1,0,6,2,1,0,0,0,1,48,77072,0,0,0,0,0,0,999,999,0,0,0,0,0,0,0,0,0,0,80,58,0,0,2,2,75,1,1,8,1,0,0,1,1,6,3,2,98,1,0
48,481634,1,2,3,30,7,9,45,12,2,1,0,48,1,41,53,41053,5,2010,JM3ER2W32A03,J,M,3,E,R,2,W,3,2,A,0,3,0,P,MAZD,MCX,UT,10,17,3710,,0,1083,,G,,T,4,140,,,18R235,,,,,,0,0,000000000,00000000000,0,0,0,1,0,0,0,0,0,0,0,998,0,0,0,12,6,2,12,0,0,1,1,48,76571,6,1,0,0,3,0,999,999,0,0,0,1,0,7,2011,7,2011,0,51,12,0,0,1,2,65,2,3,8,1,0,0,14,10,1,1,2,50,3,0