STATE,ST_CASE,VEH_NO,VE_FORMS,NUMOCCS,DAY,MONTH,HOUR,MINUTE,HARM_EV,MAN_COLL,UNITTYPE,HIT_RUN,REG_STAT,OWNER,MAKE,MODEL,MAK_MOD,BODY_TYP,MOD_YEAR,VIN,VIN_1,VIN_2,VIN_3,VIN_4,VIN_5,VIN_6,VIN_7,VIN_8,VIN_9,VIN_10,VIN_11,VIN_12,TOW_VEH,VINTYPE,VINMAKE,VINA_MOD,VIN_BT,VINMODYR,VIN_LNGT,VIN_WGT,WGTCD_TR,WHLBS_LG,WHLBS_SH,SER_TR,FUELCODE,MCYCL_DS,CARBUR,CYLINDER,DISPLACE,MCYCL_CY,MCYCL_WT,TIRE_SZE,TON_RAT,TRK_WT,TRKWTVAR,VIN_REST,WHLDRWHL,J_KNIFE,MCARR_I1,MCARR_I2,MCARR_ID,GVWR,V_CONFIG,CARGO_BT,HAZ_INV,HAZ_PLAC,HAZ_ID,HAZ_CNO,HAZ_REL,BUS_USE,SPEC_USE,EMER_USE,TRAV_SP,UNDERIDE,ROLLOVER,ROLINLOC,IMPACT1,DEFORMED,TOWED,M_HARM,VEH_SC1,VEH_SC2,FIRE_EXP,DR_PRES,L_STATE,DR_ZIP,L_STATUS,L_TYPE,CDL_STAT,L_ENDORS,L_COMPL,L_RESTRI,DR_HGT,DR_WGT,PREV_ACC,PREV_SUS,PREV_DWI,PREV_SPD,PREV_OTH,FIRST_MO,FIRST_YR,LAST_MO,LAST_YR,SPEEDREL,DR_SF1,DR_SF2,DR_SF3,DR_SF4,VTRAFWAY,VNUM_LAN,VSPD_LIM,VALIGN,VPROFILE,VPAVETYP,VSURCOND,VTRAFCON,VTCONT_F,P_CRASH1,P_CRASH2,P_CRASH3,PCRASH4,PCRASH5,ACC_TYPE,DEATHS,DR_DRINK
48,481698,1,2,2,5,8,17,32,12,6,1,0,48,2,12,13,12013,4,1997,1FALP13PXVW3,1,F,A,L,P,1,3,P,X,V,W,3,0,P,FORD,EST,4D,97,17,2503,,0,984,,G,,F,4,122,,,14R185,,,,,,0,0,000000000,00000000000,0,0,0,1,0,0,0,0,0,0,0,998,0,0,0,3,4,3,12,0,0,0,1,48,76010,6,1,0,0,3,0,999,999,0,0,0,0,0,0,0,0,0,0,39,0,0,0,2,3,30,1,1,8,1,0,0,1,17,1,1,1,87,1,0
48,481698,2,2,3,5,8,17,32,12,6,1,0,48,2,54,421,54421,15,2012,2HNYD2H21CH5,2,H,N,Y,D,2,H,2,1,C,H,5,0,P,ACUR,MDX,UT,12,17,4594,,0,1083,,G,,F,6,226,,,18R255,,,,,,0,0,000000000,00000000000,0,0,0,1,0,0,0,0,0,0,0,998,0,0,0,12,2,1,12,0,0,0,1,48,75034,6,1,0,0,3,0,999,999,0,0,0,0,0,0,0,0,0,0,0,0,0,0,4,1,99,1,1,8,1,0,0,1,66,1,1,1,86,0,0
48,481699,1,1,1,5,8,2,22,38,0,1,0,48,1,20,481,20481,31,2002,1GCGK13U32F1,1,G,C,G,K,1,3,U,3,2,F,1,0,T,CHEV,1KH,CW,2,17,,2,0,1530,SIL,G,,,8,364,,,,B,5763,00,,44,0,0,000000000,00000000000,0,0,0,1,0,0,0,0,0,0,0,998,0,1,5,99,4,3,1,0,0,0,1,48,78577,1,1,0,0,2,0,999,999,0,2,0,0,0,9,2010,6,2012,1,0,0,0,0,4,3,45,1,1,8,1,0,0,1,13,6,1,4,1,1,1
48,481700,1,1,1,5,8,22,53,8,0,1,0,48,1,20,481,20481,31,1969,CE149S808032,C,E,1,4,9,S,8,0,8,0,3,2,0,T,CHEV,C10,PK,69,12,,1,1270,1150,C10,G,,,8,,,,,,,,,42,0,0,000000000,00000000000,0,0,0,1,0,0,0,0,0,0,0,998,0,0,0,12,2,8,8,0,0,0,1,48,75701,6,1,0,0,3,3,999,999,0,0,0,1,0,5,2012,5,2012,0,0,0,0,0,5,6,35,1,1,8,1,0,0,1,80,1,1,1,13,0,0
48,481701,1,2,1,5,8,2,30,12,2,1,0,48,1,12,481,12481,31,1999,1FTRX08W0XKB,1,F,T,R,X,0,8,W,0,X,K,B,0,T,FORD,F15,4C,99,17,,2,0,1388,COF,G,,,8,281,,,,B,00000,00,U,44,0,0,000000000,00000000000,0,0,0,1,0,0,0,0,0,0,0,998,0,0,0,12,6,2,12,0,0,0,1,48,76082,6,1,0,0,3,3,999,999,0,0,0,0,0,0,0,0,0,0,51,91,0,0,2,2,98,1,1,8,1,0,0,1,54,1,1,1,52,0,1
48,481701,2,2,2,5,8,2,30,12,2,1,0,48,1,2,404,2404,14,2002,1J4GW48N42C1,1,J,4,G,W,4,8,N,4,2,C,1,0,T,JEEP,LRO,4W,2,17,,1,0,1059,GCK,G,,,8,287,,,,,3868,01,E,44,0,0,000000000,00000000000,0,0,0,1,0,0,0,0,0,0,0,998,0,0,0,12,6,2,12,0,0,0,1,48,76106,6,1,0,0,3,3,999,999,0,0,0,0,0,0,0,0,0,0,0,0,0,0,2,2,98,1,1,8,1,0,0,1,54,1,1,1,52,1,0
48,481702,1,1,2,6,8,1,0,8,0,1,0,48,1,39,32,39032,4,2004,SAJWA73B94TG,S,A,J,W,A,7,3,B,9,4,T,G,0,P,JAGU,XJR,4D,4,17,3948,,0,1194,,G,,Z,8,256,,,19R255,,,,,,0,0,000000000,00000000000,0,0,0,1,0,0,0,0,0,0,0,998,0,0,0,12,2,1,8,0,0,0,1,48,75043,1,1,0,0,2,0,999,999,0,6,0,0,0,10,2009,4,2012,0,0,0,0,0,6,1,45,2,2,8,1,0,0,14,80,6,1,1,13,0,0
48,481703,1,1,1,6,8,12,26,38,0,1,0,48,2,23,431,23431,16,2001,1GKEC13T81J2,1,G,K,E,C,1,3,T,8,1,J,2,0,T,GMC,YUK,4W,1,17,,2,0,1160,YUK,G,,,8,325,,,,B,4878,00,K,42,0,0,000000000,00000000000,0,0,0,1,0,0,0,0,0,0,0,998,0,1,5,7,6,2,1,0,0,0,1,48,77045,0,0,0,0,0,0,999,999,0,24,1,0,0,8,2009,3,2012,1,37,24,0,0,1,2,60,1,1,7,1,0,0,1,6,7,3,4,7,1,0
48,481704,1,1,1,6,8,18,0,35,0,1,0,99,9,12,3,12003,2,1997,1FALP4040VF1,1,F,A,L,P,4,0,4,0,V,F,1,0,P,FORD,MUS,CP,97,17,3084,,0,1013,,G,,F,6,232,,,15R205,,,,,,0,0,000000000,00000000000,0,0,0,1,0,0,0,0,0,0,0,998,0,1,5,12,6,2,35,0,0,0,1,22,71111,6,1,0,0,3,3,60,127,0,0,0,0,0,0,0,0,0,1,0,0,0,0,1,2,70,2,2,8,1,0,0,14,10,7,1,4,1,1,0
48,481705,1,2,1,6,8,16,57,12,2,1,0,48,2,20,9,20009,2,1997,2G1FP22K9V21,2,G,1,F,P,2,2,K,9,V,2,1,0,P,CHEV,C/R,CP,97,17,3294,,0,1011,,G,,F,6,231,,,16R215,,,,,,0,0,000000000,00000000000,0,0,0,1,0,0,0,0,0,0,0,998,0,0,0,12,6,2,12,0,0,0,1,48,75561,1,1,0,0,2,0,999,999,0,2,1,0,0,4,2012,6,2012,0,51,0,0,0,2,2,75,1,1,8,1,0,0,1,12,1,1,7,52,1,0
48,481705,2,2,1,6,8,16,57,12,2,1,0,17,3,86,881,86881,66,2003,1M1AA08Y93W0,1,M,1,A,A,0,8,Y,9,3,W,0,1,T,MACK,CH6,TR,3,17,,8,0,0,600,D,,,6,728,,,,,00000,00,,42,3,57,71821,5771821,3,6,1,1,0,0,0,0,0,0,0,998,0,0,0,12,6,2,12,0,0,0,1,48,76308,6,1,6,0,3,0,999,999,0,0,0,0,0,0,0,0,0,0,0,0,0,0,2,2,75,1,1,8,1,0,0,1,64,1,1,1,52,0,0
48,481706,1,1,1,7,8,19,19,32,0,1,0,4,1,35,472,35472,30,2010,1N6AD0EV9AC4,1,N,6,A,D,0,E,V,9,A,C,4,0,T,NISS,CEN,CW,10,17,,1,0,0,FRT,G,,,6,244,,,,,4216,00,7,44,0,0,000000000,00000000000,0,0,0,1,0,0,0,0,0,0,0,998,0,1,5,12,6,2,32,0,0,1,1,4,78006,6,1,0,0,3,3,69,195,2,3,1,0,1,11,2010,7,2012,1,0,0,0,0,4,2,50,1,1,8,1,0,0,1,13,1,1,4,1,1,1
48,481707,1,3,1,7,8,16,46,12,6,1,0,48,3,87,881,87881,66,2006,1XP5DB9X56D8,1,X,P,5,D,B,9,X,5,6,D,8,1,T,PTRB,379,TR,6,17,,8,0,0,CON,D,,,6,893,,,,,00000,00,,64,1,57,116997,57116997,3,6,8,1,0,0,0,0,0,0,0,998,0,0,0,11,2,3,12,0,0,0,1,48,76531,6,1,6,0,3,3,999,999,0,0,0,0,3,5,2011,1,2012,0,0,0,0,0,1,2,70,1,2,8,1,0,0,1,62,1,1,1,65,0,0
48,481707,2,3,1,7,8,16,46,12,6,1,0,93,3,82,881,82881,66,2003,1FUJA6CGX3LK,1,F,U,J,A,6,C,G,X,3,L,K,1,T,FRHT,COL,TR,3,17,,8,0,0,CON,D,,,6,774,,,,,00000,00,,64,1,57,1433992,571433992,3,6,1,1,0,0,0,0,0,0,0,998,0,0,0,12,2,1,12,0,0,0,1,48,79407,6,1,6,0,3,3,999,999,0,0,0,0,0,0,0,0,0,0,0,0,0,0,1,2,70,1,2,8,1,0,0,1,98,1,1,1,98,0,0
48,481707,3,3,1,7,8,16,46,12,6,1,0,48,1,63,33,63033,4,2007,KNAFE1218754,K,N,A,F,E,1,2,1,8,7,5,4,0,P,KIA,SXC,4D,7,17,2701,,0,1028,,G,,F,4,122,,,15R195,,,,,,0,0,000000000,00000000000,0,0,0,1,0,0,0,0,0,0,0,85,0,0,0,12,6,2,12,0,0,0,1,48,76446,6,1,0,0,3,3,999,999,0,0,0,0,0,0,0,0,0,1,51,24,0,0,1,2,70,1,2,8,1,0,0,1,10,1,1,2,64,1,0
48,481708,1,1,1,7,8,14,5,1,0,1,0,48,1,20,482,20482,31,2008,3GNFK12368G2,3,G,N,F,K,1,2,3,6,8,G,2,0,T,CHEV,KAV,SP,8,17,,2,0,1300,AVL,F,,,8,323,,,,B,5803,00,,44,0,0,000000000,00000000000,0,0,0,1,0,0,0,0,0,0,0,86,0,2,3,0,6,2,1,0,0,0,1,48,75010,6,1,0,0,3,0,999,999,0,0,0,0,1,3,2011,3,2011,1,58,0,0,0,2,2,75,2,3,8,1,0,0,14,12,7,9,4,7,1,1
48,481709,1,1,2,7,8,13,53,9,0,1,0,48,1,13,12,13012,4,2002,1LNHM86S52Y7,1,L,N,H,M,8,6,S,5,2,Y,7,0,P,LINC,LLS,4D,2,17,3602,,0,1145,,G,,F,6,182,,,16R215,,,,,,0,0,000000000,00000000000,0,0,0,1,0,0,0,0,0,0,0,998,0,0,0,12,2,1,9,0,0,0,1,48,77026,0,0,0,0,0,0,999,999,0,0,0,0,0,0,0,0,0,0,0,0,0,0,5,2,35,1,1,1,1,0,0,1,83,1,1,1,13,0,0
48,481710,1,3,1,7,8,17,50,12,2,1,0,96,9,85,881,85881,66,2009,3WKAD40X79F8,3,W,K,A,D,4,0,X,7,9,F,8,1,T,KW,T60,TR,9,17,,8,2600,1600,CON,D,,,6,915,,,,,00000,00,,64,1,57,558376,57558376,3,6,1,1,0,0,0,0,0,0,0,998,0,0,0,12,6,2,12,0,0,0,1,96,0,9,9,99,9,9,9,999,999,99,99,99,99,99,99,9999,99,9999,0,0,0,0,0,1,4,30,1,1,8,1,0,0,1,62,4,1,1,98,0,0
48,481710,2,3,1,7,8,17,50,12,2,1,0,96,9,20,398,20398,4,2011,999999999999,9,9,9,9,9,9,9,9,9,9,9,9,0,,,,,,,,,,,,,,,,,,,,,,,,,0,0,000000000,00000000000,0,0,0,1,0,0,0,0,0,0,0,998,0,0,0,12,6,2,12,0,0,0,1,96,0,9,9,99,0,9,9,999,999,99,99,99,99,99,99,9999,99,9999,0,51,0,0,0,1,4,30,1,1,8,1,0,0,1,10,1,1,2,50,1,0
48,481710,3,3,1,7,8,17,50,12,2,1,0,96,9,35,472,35472,30,2009,3N6DD25T69K0,3,N,6,D,D,2,5,T,6,9,K,0,0,T,DATS,,,9,17,,,,,,,,,,,,,,,,,,,0,0,000000000,00000000000,0,0,0,1,0,0,0,0,0,0,0,998,0,0,0,12,2,3,12,0,0,0,1,96,0,9,9,99,0,9,9,999,999,99,99,99,99,99,99,9999,99,9999,0,0,0,0,0,1,4,30,1,1,8,1,0,0,1,62,1,1,1,51,0,0
48,481711,1,2,1,7,8,12,59,12,6,1,0,48,1,20,34,20034,4,2000,2C1MR5222Y67,2,C,1,M,R,5,2,2,2,Y,6,7,0,P,CHEV,MEL,4D,0,17,1984,,0,931,,G,,F,4,079,,,13R155,,,,,,0,0,000000000,00000000000,0,0,0,1,0,0,0,0,0,0,0,998,0,0,0,3,6,2,12,0,0,0,1,48,75844,6,1,0,0,3,0,999,999,0,0,0,0,0,0,0,0,0,0,39,0,0,0,1,2,98,8,8,8,1,20,3,1,17,1,1,1,87,1,0
48,481711,2,2,1,7,8,12,59,12,6,1,0,48,2,20,481,20481,31,2004,1GCHC29U04E3,1,G,C,H,C,2,9,U,0,4,E,3,0,T,CHEV,2CH,4C,4,17,,2,1575,1435,SIL,G,,,8,364,,,,C,5402,00,,42,0,0,000000000,00000000000,0,0,0,1,0,0,0,0,0,0,0,998,0,0,0,12,4,3,12,0,0,0,1,48,75839,6,1,0,0,3,0,999,999,0,0,0,1,0,9,2009,9,2009,0,0,0,0,0,1,2,60,1,1,8,1,0,0,1,66,1,1,1,86,0,0
48,481712,1,2,1,7,8,9,27,12,2,1,0,48,2,12,17,12017,4,2003,1FAFP55253A2,1,F,A,F,P,5,5,2,5,3,A,2,0,P,FORD,TSS,4D,3,17,3329,,0,1085,,F,,F,6,182,,,16R215,,,,,,0,0,000000000,00000000000,0,0,0,1,0,0,0,0,0,0,0,998,0,0,0,12,4,3,12,0,0,0,1,48,79703,6,1,0,0,3,3,999,999,0,0,0,0,0,0,0,0,0,0,0,0,0,0,2,4,70,1,1,8,1,0,0,1,54,1,1,1,52,1,0
48,481712,2,2,1,7,8,9,27,12,2,1,0,48,3,12,23,12023,4,2007,3FAHP07Z77R2,3,F,A,H,P,0,7,Z,7,7,R,2,0,P,FORD,F/E,4D,7,17,3101,,0,1074,,G,,F,4,140,,,16R205,,,,,,0,0,000000000,00000000000,0,0,0,1,0,0,0,0,0,0,0,998,0,0,0,12,4,3,12,0,0,0,1,48,79765,6,1,0,0,3,0,999,999,0,0,0,0,0,0,0,0,0,0,0,0,0,0,2,4,70,1,1,8,1,0,0,1,54,1,1,1,52,1,0
48,481713,1,1,1,7,8,20,31,9,0,1,0,48,3,84,881,84881,62,1993,1HTSDPPL0PH5,1,H,T,S,D,P,P,L,0,P,H,5,0,T,INTL,490,CC,93,17,,6,2540,1280,40S,D,,,6,466,,,,,00000,00,,42,0,57,2096610,572096610,2,1,2,1,0,0,0,0,0,0,0,998,0,0,0,12,2,1,9,0,0,0,1,48,75783,6,1,6,0,3,0,999,999,0,0,0,0,2,1,2012,1,2012,0,0,0,0,0,5,5,55,1,2,8,1,0,0,1,83,1,1,1,13,0,0
48,481714,1,2,1,8,8,12,4,12,1,1,0,48,2,73,705,73705,80,1981,JKAKZFD16BA0,J,K,A,K,Z,F,D,1,6,B,A,0,0,M,KAWK,Z5D,RS,81,17,,,,,,,550,,4,,4,416,,,,,,,0,0,000000000,00000000000,0,0,0,1,0,0,0,0,0,0,0,998,0,0,0,12,6,2,12,0,0,0,1,48,75231,6,1,0,0,3,0,69,239,0,0,0,1,0,4,2010,4,2010,0,0,0,0,0,4,2,35,1,1,2,1,3,3,15,50,1,1,1,20,1,0
48,481714,2,2,1,8,8,12,4,12,1,1,0,48,1,12,481,12481,31,2001,1FTZX17221NB,1,F,T,Z,X,1,7,2,2,1,N,B,0,T,FORD,F15,4C,1,17,,1,1571,1385,COF,G,,,6,256,,,,B,4204,05,U,42,0,0,000000000,00000000000,0,0,0,1,0,0,0,0,0,0,0,0,0,0,0,6,2,8,12,0,0,0,1,48,75231,6,1,0,0,3,0,999,999,0,0,0,0,0,0,0,0,0,0,0,0,0,0,4,2,35,1,1,2,1,3,3,5,53,1,1,1,21,0,0
48,481715,1,1,2,8,8,19,59,8,0,1,0,48,2,14,36,14036,4,1999,1MEFM10P5XW6,1,M,E,F,M,1,0,P,5,X,W,6,0,P,MERC,TGT,4D,99,17,2461,,0,984,,G,,F,4,122,,,14R185,,,,,,0,0,000000000,00000000000,0,0,0,1,0,0,0,0,0,0,0,998,0,0,0,12,2,3,8,0,0,0,1,48,78702,0,0,0,0,0,0,999,999,0,5,0,1,0,9,2010,7,2012,0,91,0,0,0,1,2,30,1,1,8,1,0,0,1,10,1,1,4,13,0,1
48,481716,1,2,1,8,8,6,15,12,1,1,0,48,2,12,481,12481,31,2008,1FTSW20R78ED,1,F,T,S,W,2,0,R,7,8,E,D,0,T,FORD,F2S,CW,8,17,,2,1720,1560,SRW,D,,,8,390,,,,C,6051,01,E,42,0,0,000000000,00000000000,0,0,0,1,0,0,0,0,0,0,0,998,0,0,0,12,4,3,12,0,0,0,1,48,78046,0,0,0,0,0,0,999,999,0,0,0,0,0,0,0,0,0,1,0,0,0,0,2,4,45,1,1,8,1,0,0,1,51,1,1,1,24,1,1
48,481716,2,2,1,8,8,6,15,12,1,1,0,48,3,86,881,86881,66,2006,1M2AG10Y16M0,1,M,2,A,G,1,0,Y,1,6,M,0,1,T,MACK,CV7,TR,6,17,,8,0,0,700,D,,,6,728,,,,,00000,00,,64,1,57,1796950,571796950,3,6,2,1,0,0,0,0,0,0,0,998,0,0,0,6,4,3,12,0,0,0,1,48,78045,6,1,6,1,3,0,999,999,0,0,0,0,0,0,0,0,0,0,0,0,0,0,2,4,45,1,1,8,1,0,0,1,53,1,1,1,25,0,0
48,481717,1,2,2,9,8,14,59,12,2,1,0,48,2,12,481,12481,31,2008,1FTNX20518EA,1,F,T,N,X,2,0,5,1,8,E,A,0,T,FORD,F2S,4C,8,17,,2,1580,1420,SRW,G,,,8,329,,,,C,5887,04,U,42,0,0,000000000,00000000000,0,0,0,1,0,0,0,0,0,0,0,998,0,0,0,12,4,3,12,0,0,0,1,48,75218,6,2,0,0,3,0,999,999,0,0,0,0,0,0,0,0,0,0,0,0,0,0,5,2,98,1,1,8,1,0,0,1,10,1,1,4,50,0,0
48,481717,2,2,1,9,8,14,59,12,2,1,0,48,2,12,37,12037,5,2002,3FAFP373X2R1,3,F,A,F,P,3,7,3,X,2,R,1,0,P,FORD,FX5,5D,2,17,2699,,0,1030,,G,,F,4,121,,,16R205,,,,,,0,0,000000000,00000000000,0,0,0,1,0,0,0,0,0,0,0,998,0,1,5,12,6,2,12,0,0,0,1,48,75490,6,1,0,0,3,0,999,999,1,0,0,1,0,9,2009,4,2010,0,0,0,0,0,5,2,98,1,1,8,1,0,0,1,62,7,1,4,51,1,0
48,481718,1,2,1,9,8,21,18,12,7,1,0,48,3,82,881,82881,66,2007,1FUBA5CGX7LX,1,F,U,B,A,5,C,G,X,7,L,X,1,T,FRHT,COL,TR,7,17,,7,0,0,CON,D,,,6,774,,,,,00000,00,,42,1,57,482746,57482746,3,6,1,1,0,0,0,0,0,0,0,998,0,0,0,2,2,1,12,0,0,0,1,48,77449,6,1,6,0,3,0,999,999,1,2,0,0,1,12,2009,7,2011,0,0,0,0,0,3,3,60,1,1,8,1,0,0,1,74,1,1,1,45,0,0
48,481718,2,2,1,9,8,21,18,12,7,1,0,48,2,73,705,73705,80,2011,JKAKLEE14BDA,J,K,A,K,L,E,E,1,4,B,D,A,0,M,KAWK,KLE,EN,11,17,,,,,,,651,,1,,4,432,,,,,,,0,0,000000000,00000000000,0,0,0,1,0,0,0,0,0,0,0,998,0,0,0,9,6,2,12,0,0,0,1,40,75224,6,1,0,0,2,0,71,170,0,0,0,0,0,0,0,0,0,0,0,0,0,0,3,3,60,1,1,8,1,0,0,16,10,1,1,2,47,1,0
48,481719,1,1,2,9,8,1,28,34,0,1,0,48,2,12,16,12016,4,2007,2FAFP71W57X1,2,F,A,F,P,7,1,W,5,7,X,1,0,P,FORD,CVP,4D,7,17,4129,,0,1146,,G,,F,8,281,,,17R235,,,,,,0,0,000000000,00000000000,0,0,0,1,0,0,0,0,0,0,0,998,0,1,3,99,6,2,1,0,0,0,1,48,75228,6,1,6,0,3,0,71,230,0,0,0,0,0,0,0,0,0,0,37,0,0,0,6,1,40,2,1,8,1,0,0,15,12,1,3,4,7,2,0
48,481720,1,2,1,9,8,7,45,12,1,1,0,48,1,20,9,20009,2,2011,2G1FA1ED9B91,2,G,1,F,A,1,E,D,9,B,9,1,0,P,CHEV,CML,CP,11,17,3769,,0,1123,,G,,F,6,220,,,18R245,,,,,,0,0,000000000,00000000000,0,0,0,1,0,0,0,0,0,0,0,998,0,0,0,12,4,3,12,0,0,0,1,48,76365,6,1,0,0,3,3,999,999,0,0,0,2,0,10,2011,4,2012,0,0,0,0,0,3,2,75,1,1,8,1,0,0,1,51,1,1,1,24,1,0
48,481720,2,2,1,9,8,7,45,12,1,1,0,48,1,82,881,82881,66,1998,1FUYSSEB0WL8,1,F,U,Y,S,S,E,B,0,W,L,8,1,T,FRHT,FC2,TR,98,17,,8,0,0,CON,D,,,6,774,,,,,00000,00,,64,1,57,333724,57333724,3,6,1,1,0,0,0,0,0,0,0,998,0,0,0,6,4,1,12,0,0,0,1,48,76365,6,1,6,0,3,3,999,999,0,0,0,0,0,0,0,0,0,0,0,0,0,0,3,2,75,1,1,8,1,0,0,1,53,1,1,1,25,0,0
48,481721,1,2,1,9,8,5,55,12,2,1,0,48,2,7,482,7482,31,1994,1B7KC26W5RS6,1,B,7,K,C,2,6,W,5,R,S,6,0,T,DODG,250,PK,94,17,,2,0,1347,RPC,G,,,10,488,,,,C,4242,02,B,42,0,0,000000000,00000000000,0,0,0,1,0,0,0,0,0,0,0,998,0,0,0,12,6,2,12,0,0,0,1,48,77346,6,1,0,0,3,3,999,999,0,1,0,2,0,8,2010,2,2012,0,28,0,0,0,1,2,50,1,1,8,1,0,0,1,10,1,1,2,50,1,0
48,481721,2,2,2,9,8,5,55,12,2,1,0,48,1,49,482,49482,31,2008,5TFBV58128X0,5,T,F,B,V,5,8,1,2,8,X,0,0,T,TOYT,DBL,CW,8,17,,2,0,1457,TUN,G,,,8,348,,,,B,5540,00,7,44,0,0,000000000,00000000000,0,0,0,1,0,0,0,0,0,0,0,998,0,0,0,12,6,2,12,0,0,0,1,48,77336,6,1,0,0,3,3,999,999,0,0,0,0,0,0,0,0,0,0,0,0,0,0,1,2,50,1,1,8,1,0,0,1,62,1,1,1,51,1,0
48,481722,1,2,1,9,8,5,40,8,0,1,1,99,9,99,999,99999,99,9999,999999999999,9,9,9,9,9,9,9,9,9,9,9,9,9,,,,,,,,,,,,,,,,,,,,,,,,,0,99,999999999,99999999999,9,99,99,1,0,0,0,0,99,99,9,998,0,0,0,12,2,1,8,0,0,0,1,99,99999,9,9,99,0,9,9,999,999,99,99,99,99,99,99,9999,99,9999,0,0,0,0,0,5,4,35,1,1,1,1,0,0,1,80,99,1,1,13,0,0
48,481722,2,2,2,9,8,5,40,8,0,1,1,99,9,99,999,99999,99,9999,999999999999,9,9,9,9,9,9,9,9,9,9,9,9,9,,,,,,,,,,,,,,,,,,,,,,,,,0,99,999999999,99999999999,9,99,99,1,0,0,0,0,99,99,9,998,0,0,0,12,2,1,8,0,0,0,1,99,99999,9,9,99,0,9,9,999,999,99,99,99,99,99,99,9999,99,9999,0,0,0,0,0,5,4,35,1,1,1,1,0,0,1,80,99,1,1,98,0,0
48,481723,1,2,2,9,8,9,59,12,6,1,0,48,1,20,403,20403,14,2005,1GNDT13S4522,1,G,N,D,T,1,3,S,4,5,2,2,0,P,CHEV,TRL,UT,5,17,4612,,0,1130,,G,,F,6,256,,,16R245,,,,,,0,0,000000000,00000000000,0,0,0,1,0,0,0,0,0,0,0,998,0,0,0,12,4,3,12,0,0,0,1,48,79336,6,1,0,0,3,3,999,999,0,0,0,0,0,0,0,0,0,0,0,0,0,0,5,4,35,1,1,8,1,0,0,1,66,1,1,1,86,0,0
48,481723,2,2,2,9,8,9,59,12,6,1,0,48,1,20,20,20020,4,1998,2G1WL52M6W91,2,G,1,W,L,5,2,M,6,W,9,1,0,P,CHEV,L/S,4D,98,17,3330,,0,1075,,G,,F,6,191,,,15R205,,,,,,0,0,000000000,00000000000,0,0,0,1,0,0,0,0,0,0,0,998,0,0,0,3,4,3,12,0,0,0,1,48,78942,6,1,0,0,3,3,999,999,0,0,0,0,0,0,0,0,0,0,38,0,0,0,1,2,98,8,8,8,1,20,3,1,17,1,1,1,87,1,0
48,481724,1,1,2,9,8,22,7,9,0,1,0,48,1,63,402,63402,14,2013,5XYKT4A15DG3,5,X,Y,K,T,4,A,1,5,D,G,3,0,P,KIA,SOR,UT,13,17,3845,,0,1063,,G,,F,4,144,,,17R235,,,,,,0,0,000000000,00000000000,0,0,0,1,0,0,0,0,0,0,0,998,0,0,0,12,2,3,9,0,0,0,1,48,79701,6,1,0,0,3,3,999,999,0,0,0,0,1,12,2010,12,2010,0,26,0,0,0,1,2,35,1,1,8,1,0,0,1,83,1,1,1,13,0,0
48,481725,1,1,1,9,8,21,20,1,0,1,0,48,0,72,706,72706,80,2003,1HD1FRW163Y7,1,H,D,1,F,R,W,1,6,3,Y,7,0,M,HD,FCI,RS,3,17,,,,,,,1450,,2,,4,710,,,,,,,0,0,000000000,00000000000,0,0,0,1,0,0,0,0,0,0,0,998,0,0,0,0,8,3,1,0,0,0,1,48,79549,6,1,0,0,3,3,999,999,0,0,0,0,0,0,0,0,0,1,0,0,0,0,1,2,70,3,1,8,1,0,0,14,13,4,9,4,1,1,1
48,481726,1,1,1,10,8,20,20,1,0,1,0,48,2,23,421,23421,15,2003,1GKEK13Z93R2,1,G,K,E,K,1,3,Z,9,3,R,2,0,T,GMC,YUK,4W,3,17,,2,0,1160,YUK,F,,,8,325,,,,B,5133,00,4,44,0,0,000000000,00000000000,0,0,0,1,0,0,0,0,0,0,0,998,0,2,5,0,4,3,1,0,0,0,1,48,79068,6,1,0,0,3,3,999,999,0,0,0,0,0,0,0,0,0,0,58,0,0,0,2,2,70,1,1,8,1,0,0,1,13,6,3,4,2,1,0
48,481727,1,1,1,10,8,8,36,24,0,1,0,48,0,37,706,37706,80,2007,JH2SC570X7M3,J,H,2,S,C,5,7,0,X,7,M,3,0,M,HOND,CBS,RC,7,17,,,,,,,998,,4,,4,388,,,,,,,0,0,000000000,00000000000,0,0,0,1,0,0,0,0,0,0,0,998,0,0,0,98,8,3,24,0,0,0,1,48,75043,1,1,0,0,2,2,65,161,0,5,0,1,0,8,2010,7,2012,1,74,0,0,0,6,2,60,1,2,8,1,0,0,1,13,1,1,4,1,1,0
48,481728,1,2,6,10,8,14,30,12,6,1,0,48,1,20,481,20481,31,1994,1GCEC19K1RE1,1,G,C,E,C,1,9,K,1,R,E,1,0,T,CHEV,GC1,PC,94,17,,2,1555,1415,GM4,G,,,8,350,,,,B,4110,01,,42,0,0,000000000,00000000000,0,0,0,1,0,0,0,0,0,0,0,998,0,0,0,1,4,3,12,0,0,0,1,48,76301,1,1,0,0,2,0,999,999,0,1,0,4,0,1,2010,5,2012,0,38,39,0,0,1,2,55,1,2,8,1,20,2,1,17,1,1,1,87,1,1
48,481728,2,2,1,10,8,14,30,12,6,1,0,48,1,12,481,12481,31,2005,1FTPX14535FA,1,F,T,P,X,1,4,5,3,5,F,A,0,T,FORD,F15,4C,5,17,,2,1450,1260,COF,G,,,8,330,,,,B,5363,05,U,44,0,0,000000000,00000000000,0,0,0,1,0,0,0,0,0,0,0,998,0,0,0,12,4,3,12,0,0,0,1,48,78022,6,1,6,0,3,3,999,999,0,0,0,0,0,0,0,0,0,0,0,0,0,0,1,2,98,8,8,8,1,0,0,1,66,1,1,1,86,0,0