STATE,ST_CASE,VEH_NO,VE_FORMS,NUMOCCS,DAY,MONTH,HOUR,MINUTE,HARM_EV,MAN_COLL,UNITTYPE,HIT_RUN,REG_STAT,OWNER,MAKE,MODEL,MAK_MOD,BODY_TYP,MOD_YEAR,VIN,VIN_1,VIN_2,VIN_3,VIN_4,VIN_5,VIN_6,VIN_7,VIN_8,VIN_9,VIN_10,VIN_11,VIN_12,TOW_VEH,VINTYPE,VINMAKE,VINA_MOD,VIN_BT,VINMODYR,VIN_LNGT,VIN_WGT,WGTCD_TR,WHLBS_LG,WHLBS_SH,SER_TR,FUELCODE,MCYCL_DS,CARBUR,CYLINDER,DISPLACE,MCYCL_CY,MCYCL_WT,TIRE_SZE,TON_RAT,TRK_WT,TRKWTVAR,VIN_REST,WHLDRWHL,J_KNIFE,MCARR_I1,MCARR_I2,MCARR_ID,GVWR,V_CONFIG,CARGO_BT,HAZ_INV,HAZ_PLAC,HAZ_ID,HAZ_CNO,HAZ_REL,BUS_USE,SPEC_USE,EMER_USE,TRAV_SP,UNDERIDE,ROLLOVER,ROLINLOC,IMPACT1,DEFORMED,TOWED,M_HARM,VEH_SC1,VEH_SC2,FIRE_EXP,DR_PRES,L_STATE,DR_ZIP,L_STATUS,L_TYPE,CDL_STAT,L_ENDORS,L_COMPL,L_RESTRI,DR_HGT,DR_WGT,PREV_ACC,PREV_SUS,PREV_DWI,PREV_SPD,PREV_OTH,FIRST_MO,FIRST_YR,LAST_MO,LAST_YR,SPEEDREL,DR_SF1,DR_SF2,DR_SF3,DR_SF4,VTRAFWAY,VNUM_LAN,VSPD_LIM,VALIGN,VPROFILE,VPAVETYP,VSURCOND,VTRAFCON,VTCONT_F,P_CRASH1,P_CRASH2,P_CRASH3,PCRASH4,PCRASH5,ACC_TYPE,DEATHS,DR_DRINK
48,481761,1,1,3,16,8,22,18,1,0,1,0,48,1,24,401,24401,14,2004,5GZCZ23D94S8,5,G,Z,C,Z,2,3,D,9,4,S,8,0,P,STRN,VUE,UT,4,17,3246,,0,1066,,G,,F,4,134,,,16R215,,,,,,0,0,000000000,00000000000,0,0,0,1,0,0,0,0,0,0,0,998,0,2,1,0,6,2,1,0,0,0,1,48,77708,6,1,0,0,3,0,999,999,0,0,0,0,1,5,2011,5,2011,0,28,58,0,0,5,2,55,1,1,8,1,0,0,1,10,7,9,2,98,2,0
48,481762,1,2,1,16,8,17,10,12,2,1,0,48,1,12,37,12037,4,2009,1FAHP36NX9W1,1,F,A,H,P,3,6,N,X,9,W,1,0,P,FORD,FOS,4D,9,17,2623,,0,1029,,G,,F,4,122,,,17R215,,,,,,0,0,000000000,00000000000,0,0,0,1,0,0,0,0,0,0,0,998,0,0,0,12,4,3,12,0,0,0,1,48,77385,6,1,0,0,3,0,999,999,2,0,0,0,0,6,2010,6,2011,0,51,0,0,0,5,4,55,1,1,8,1,0,0,1,10,1,1,2,50,1,0
48,481762,2,2,2,16,8,17,10,12,2,1,0,48,2,35,421,35421,15,2009,5N1BA08D09N6,5,N,1,B,A,0,8,D,0,9,N,6,0,P,NISS,ARM,UT,9,17,5302,,0,1232,,F,,F,8,342,,,18R265,,,,,,0,0,000000000,00000000000,0,0,0,1,0,0,0,0,0,0,0,998,0,0,0,12,4,3,12,0,0,0,1,48,77304,6,1,0,0,3,0,999,999,0,0,0,0,0,0,0,0,0,0,0,0,0,0,5,4,55,1,1,8,1,0,0,1,62,6,1,1,51,0,0
48,481764,1,2,1,16,8,12,40,12,6,1,0,48,1,72,706,72706,80,2009,1HD1CZ3109K4,1,H,D,1,C,Z,3,1,0,9,K,4,0,M,HD,XLN,RS,9,17,,,,,,,1202,,2,,4,562,,,,,,,0,0,000000000,00000000000,0,0,0,1,0,0,0,0,0,0,0,998,0,0,0,12,8,2,12,0,0,0,1,48,79603,1,1,0,0,2,0,999,999,0,12,1,0,0,2,2011,7,2012,0,51,0,0,0,3,2,70,2,3,8,1,0,0,14,54,1,1,1,66,1,1
48,481764,2,2,1,16,8,12,40,12,6,1,0,93,3,87,881,87881,66,2005,1XP5DB9X05N8,1,X,P,5,D,B,9,X,0,5,N,8,1,T,PTRB,379,TR,5,17,,8,0,0,CON,D,,,6,893,,,,,00000,00,,64,1,57,1623347,571623347,3,6,97,1,0,0,0,0,0,0,0,998,0,0,0,1,4,3,12,0,0,0,1,48,79044,6,1,6,0,3,3,999,999,1,0,0,0,2,1,2010,12,2010,0,0,0,0,0,3,2,70,3,3,8,1,0,0,14,54,1,1,1,66,0,0
48,481765,1,2,2,17,8,7,38,12,6,1,0,48,2,7,26,7026,4,2010,1B3CC5FB4AN1,1,B,3,C,C,5,F,B,4,A,N,1,0,P,DODG,ART,4D,10,17,3568,,0,1089,,G,,F,4,146,,,17R215,,,,,,0,0,000000000,00000000000,0,0,0,1,0,0,0,0,0,0,0,998,0,0,0,3,6,2,12,0,0,0,1,48,77434,6,2,0,0,3,3,999,999,0,0,0,0,0,0,0,0,0,0,58,0,0,0,1,2,60,1,1,8,1,0,0,1,13,6,4,6,64,2,0
48,481765,2,2,3,17,8,7,38,12,6,1,0,48,1,20,880,20880,67,2001,1GBJC33181F1,1,G,B,J,C,3,3,1,8,1,F,1,0,T,CHEV,SC3,CW,1,17,,3,0,1670,SIL,D,,,8,403,,,,D,5929,00,,42,0,88,888888888,88888888888,2,1,97,1,0,0,0,0,0,0,0,998,0,0,0,12,6,2,12,0,0,0,1,48,78962,6,1,0,0,3,0,999,999,0,0,0,0,0,0,0,0,0,0,0,0,0,0,1,2,60,1,1,8,1,0,0,1,62,1,1,1,65,0,0
48,481766,1,1,1,17,8,21,51,8,0,1,0,48,2,7,481,7481,31,1986,1B7HD14T4GS0,1,B,7,H,D,1,4,T,4,G,S,0,0,T,DODG,D15,PK,86,17,,2,1310,1150,D15,G,,,8,318,,,,B,3349,03,A,42,0,0,000000000,00000000000,0,0,0,1,0,0,0,0,0,0,0,998,0,0,0,12,2,3,8,0,0,0,1,48,77051,0,0,0,0,0,0,999,999,0,0,0,0,0,0,0,0,0,0,0,0,0,0,3,2,35,1,1,1,1,0,0,1,80,1,1,1,13,0,0
48,481767,1,2,1,17,8,21,5,12,2,1,0,40,0,7,880,7880,67,1999,3B7MF3662XM5,3,B,7,M,F,3,6,6,2,X,M,5,0,T,DODG,350,PK,99,17,,3,0,1347,RPC,D,,,6,359,,,,D,5749,00,U,44,0,88,888888888,88888888888,2,1,97,1,0,0,0,0,0,0,0,998,0,1,5,12,6,2,12,0,0,0,1,40,74085,0,0,0,0,0,0,71,190,0,0,0,1,1,8,2012,8,2012,0,51,0,0,0,1,2,70,2,1,8,1,0,0,14,10,1,1,2,50,1,1
48,481767,2,2,1,17,8,21,5,12,2,1,0,48,1,12,880,12880,67,2007,1FTWW31PX7EA,1,F,T,W,W,3,1,P,X,7,E,A,0,T,FORD,F3S,CW,7,17,,3,1720,1560,SRW,D,,,8,366,,,,D,6586,01,E,44,0,88,888888888,88888888888,2,1,97,1,0,0,0,0,0,0,0,998,0,1,5,12,6,2,12,0,0,1,1,48,77904,6,1,6,0,3,0,999,999,1,0,0,4,0,5,2010,6,2012,0,0,0,0,0,1,2,70,3,1,8,1,0,0,14,62,7,1,1,51,1,0
48,481768,1,2,1,17,8,6,15,12,6,1,0,48,2,37,32,37032,4,2005,1HGCM56805A1,1,H,G,C,M,5,6,8,0,5,A,1,0,P,HOND,UEX,4D,5,17,3203,,0,1079,,G,,F,4,146,,,16R205,,,,,,0,0,000000000,00000000000,0,0,0,1,0,0,0,0,0,0,0,998,0,0,0,3,6,2,12,0,0,0,1,48,77302,6,1,0,0,3,0,999,999,0,0,0,0,0,0,0,0,0,0,51,58,0,0,1,2,60,1,1,8,1,0,0,1,13,6,4,6,66,1,0
48,481768,2,2,1,17,8,6,15,12,6,1,0,48,3,23,421,23421,15,2007,1GTHK23U57F1,1,G,T,H,K,2,3,U,5,7,F,1,0,T,GMC,2KH,CW,7,17,,2,1670,1530,SIE,G,,,8,366,,,,C,5883,02,E,44,0,0,000000000,00000000000,0,0,0,1,0,0,0,0,0,0,0,998,0,0,0,12,4,3,12,0,0,0,1,48,77302,6,1,0,0,3,0,999,999,0,0,0,0,0,0,0,0,0,0,0,0,0,0,1,2,60,1,1,8,1,0,0,1,62,1,1,1,66,0,0
48,481769,1,1,1,17,8,9,5,42,0,1,0,48,2,18,401,18401,14,2003,3G5DB03E33S5,3,G,5,D,B,0,3,E,3,3,S,5,0,P,BUIC,RZV,UT,3,17,4024,,0,1122,,G,,F,6,204,,,16R215,,,,,,0,0,000000000,00000000000,0,0,0,1,0,0,0,0,0,0,0,998,0,0,0,83,6,2,42,0,0,0,1,48,76114,0,0,0,0,0,0,999,999,0,4,0,0,0,7,2011,7,2012,0,0,0,0,0,2,3,40,3,1,8,99,0,0,14,13,6,4,4,1,1,1
48,481770,1,2,1,18,8,0,9,12,2,1,0,51,2,20,421,20421,15,2005,1GNEC13V25R2,1,G,N,E,C,1,3,V,2,5,R,2,0,P,CHEV,CTA,UT,5,17,4975,,0,1160,,G,,F,8,293,,,16R265,,,,,,0,0,000000000,00000000000,0,0,0,1,0,0,0,0,0,0,0,998,0,0,0,12,4,3,12,0,0,0,1,1,76549,6,1,0,0,3,0,69,172,0,0,0,2,1,10,2009,9,2011,0,48,0,0,0,5,4,50,1,1,8,1,0,0,11,15,1,1,1,68,0,0
48,481770,2,2,2,18,8,0,9,12,2,1,0,48,2,76,706,76706,80,2004,JYARN13E54A0,J,Y,A,R,N,1,3,E,5,4,A,0,0,M,YAMA,YFR,RC,4,17,,,,,,,998,,4,,4,999,,,,,,,0,0,000000000,00000000000,0,0,0,1,0,0,0,0,0,0,0,998,0,0,0,12,6,2,12,0,0,0,1,48,76549,0,0,0,0,0,0,999,999,0,0,0,0,0,0,0,0,0,0,0,0,0,0,5,4,50,1,1,8,1,0,0,1,62,1,1,1,69,1,0
48,481771,1,1,1,18,8,21,50,38,0,1,0,45,2,12,422,12422,15,2001,1FMRU17L31LB,1,F,M,R,U,1,7,L,3,1,L,B,0,P,FORD,EPT,UT,1,17,4886,,0,1191,,G,,F,8,330,,,17R275,,,,,,0,0,000000000,00000000000,0,0,0,1,0,0,0,0,0,0,0,998,0,1,5,7,6,2,1,0,0,0,1,48,77541,6,1,0,0,3,0,999,999,0,0,0,1,0,8,2011,8,2011,1,58,0,0,0,1,2,45,3,2,8,1,0,0,14,13,6,2,4,7,1,1
48,481772,1,2,1,18,8,2,15,12,2,1,0,48,2,12,481,12481,31,2011,1FTFX1CF0BKD,1,F,T,F,X,1,C,F,0,B,K,D,0,T,FORD,F15,4C,11,17,,2,0,1450,COF,F,,,8,305,,,,B,5043,04,7,42,0,0,000000000,00000000000,0,0,0,1,0,0,0,0,0,0,0,998,0,0,0,12,6,2,12,0,0,0,1,48,75766,6,1,0,0,3,0,999,999,1,0,0,0,0,8,2010,8,2010,1,51,91,0,0,5,4,55,1,1,2,1,0,0,1,11,1,1,2,52,0,1
48,481772,2,2,2,18,8,2,15,12,2,1,0,48,2,59,31,59031,4,2002,JTHBF30G7200,J,T,H,B,F,3,0,G,7,2,0,0,0,P,LEXS,ES3,4D,2,17,3439,,0,1071,,G,,F,6,183,,,16R215,,,,,,0,0,000000000,00000000000,0,0,0,1,0,0,0,0,0,0,0,998,0,1,1,12,6,2,12,0,0,0,1,48,75789,6,1,0,0,3,0,999,999,0,1,0,1,0,5,2010,7,2010,0,0,0,0,0,5,4,55,1,1,2,1,0,0,1,63,1,1,1,52,2,1
48,481773,1,1,1,18,8,2,30,8,0,1,1,99,9,12,481,12481,31,9999,999999999999,9,9,9,9,9,9,9,9,9,9,9,9,0,,,,,,,,,,,,,,,,,,,,,,,,,0,0,000000000,00000000000,0,0,0,1,0,0,0,0,0,0,0,998,0,0,0,99,9,1,8,0,0,0,1,99,99999,9,9,99,9,9,9,999,999,99,99,99,99,99,99,9999,99,9999,0,0,0,0,0,5,4,45,1,1,8,1,0,0,1,80,1,1,1,13,0,0
48,481774,1,2,2,18,8,17,24,12,6,1,0,48,2,37,401,37401,14,1998,4S6CK58W0W44,4,S,6,C,K,5,8,W,0,W,4,4,0,P,HOND,PAS,UT,98,17,3469,,0,1064,,G,,F,6,193,,,15R215,,,,,,0,0,000000000,00000000000,0,0,0,1,0,0,0,0,0,0,0,998,0,0,0,61,6,2,12,0,0,0,1,48,75783,6,1,0,0,3,0,71,214,1,1,0,0,0,11,2009,1,2012,1,0,0,0,0,5,4,65,1,1,8,6,0,0,1,6,1,3,2,64,2,0
48,481774,2,2,1,18,8,17,24,12,6,1,0,48,1,20,481,20481,31,1999,1GCEK14T3XZ1,1,G,C,E,K,1,4,T,3,X,Z,1,0,T,CHEV,SK1,PK,99,17,,2,1330,1190,SIL,G,,,8,325,,,,B,4248,00,,44,0,0,000000000,00000000000,0,0,0,1,0,0,0,0,0,0,0,998,0,0,0,11,6,2,12,0,0,0,1,48,75474,6,1,0,0,3,0,999,999,0,0,0,0,0,0,0,0,0,0,0,0,0,0,5,4,65,1,1,8,6,0,0,1,62,1,1,1,65,0,0
48,481775,1,1,2,18,8,6,0,32,0,1,0,18,3,51,884,51884,66,2005,999999999999,9,9,9,9,9,9,9,9,9,9,9,9,1,,,,,,,,,,,,,,,,,,,,,,,,,1,57,616877,57616877,3,6,1,1,0,0,0,0,0,0,0,998,0,1,5,12,6,2,32,0,0,0,1,37,27606,6,1,6,0,3,0,67,999,1,0,0,1,0,1,2011,5,2011,0,0,0,0,0,2,2,55,1,1,8,1,0,0,1,13,1,1,4,1,2,0
48,481776,1,2,2,18,8,13,39,12,6,1,0,48,2,14,21,14021,4,2006,3MEFM08Z96R6,3,M,E,F,M,0,8,Z,9,6,R,6,0,P,MERC,MPR,4D,6,17,3117,,0,1074,,G,,F,4,140,,,17R225,,,,,,0,0,000000000,00000000000,0,0,0,1,0,0,0,0,0,0,0,998,0,0,0,3,6,2,12,0,0,0,1,48,78725,6,1,0,0,3,0,999,999,0,8,0,0,0,1,2010,2,2011,1,0,0,0,0,2,2,50,4,2,8,6,0,0,14,6,1,4,2,64,0,0
48,481776,2,2,1,18,8,13,39,12,6,1,0,48,1,54,39,54039,4,2005,JH4CL96875C0,J,H,4,C,L,9,6,8,7,5,C,0,0,P,ACUR,TSX,4D,5,17,3318,,0,1051,,G,,F,4,146,,,17R215,,,,,,0,0,000000000,00000000000,0,0,0,1,0,0,0,0,0,0,0,998,0,0,0,12,6,2,12,0,0,0,1,48,78724,6,1,0,0,3,0,999,999,1,0,0,0,0,5,2011,5,2011,0,0,0,0,0,2,2,50,4,2,8,6,0,0,14,62,1,1,1,65,1,0
48,481777,1,1,2,19,8,0,24,8,0,1,0,48,1,12,24,12024,6,2007,2FMDK39C27BB,2,F,M,D,K,3,9,C,2,7,B,B,0,P,FORD,EDG,UT,7,17,4073,,0,1112,,G,,F,6,214,,,17R235,,,,,,0,0,000000000,00000000000,0,0,0,1,0,0,0,0,0,0,0,998,0,0,0,1,4,3,8,0,0,0,1,48,77418,6,1,0,0,3,3,999,999,0,0,0,0,0,0,0,0,0,0,0,0,0,0,1,2,65,1,2,8,2,0,0,1,11,1,1,4,13,0,1
48,481778,1,1,1,19,8,21,10,34,0,1,0,48,2,35,47,35047,4,2011,1N4AL2AP4BN4,1,N,4,A,L,2,A,P,4,B,N,4,0,P,NISS,ATS,4D,11,17,3180,,0,1093,,G,,F,4,153,,,16R215,,,,,,0,0,000000000,00000000000,0,0,0,1,0,0,0,0,0,0,0,998,0,0,0,12,4,3,34,0,0,0,1,48,77581,6,1,0,0,3,0,999,999,1,0,0,1,0,11,2010,1,2012,0,0,0,0,0,1,2,30,1,1,2,1,0,0,1,12,1,1,4,6,1,1
48,481779,1,1,2,19,8,3,3,42,0,1,0,48,2,20,444,20444,20,2005,1GNDV33L05D3,1,G,N,D,V,3,3,L,0,5,D,3,0,P,CHEV,UPL,SV,5,17,4470,,0,1211,,G,,F,6,214,,,000000,,,,,,0,0,000000000,00000000000,0,0,0,1,0,0,0,0,0,0,0,998,0,0,0,81,6,2,42,0,0,0,1,48,78610,6,1,0,0,3,3,999,999,0,4,0,1,0,6,2010,10,2011,0,91,0,0,0,1,2,60,1,2,8,2,0,0,1,13,1,1,4,1,1,1
48,481780,1,2,1,19,8,22,32,9,0,1,0,48,1,6,51,6051,4,2007,2C3KA43R97H8,2,C,3,K,A,4,3,R,9,7,H,8,0,P,CHRY,C30,4D,7,17,3632,,0,1200,,G,,F,6,165,,,17R215,,,,,,0,0,000000000,00000000000,0,0,0,1,0,0,0,0,0,0,0,998,0,0,0,12,2,3,9,0,0,0,1,48,78741,1,1,0,0,2,0,999,999,0,10,0,0,0,3,2010,3,2012,0,0,0,0,0,1,4,60,1,1,8,1,0,0,1,83,1,1,1,13,0,0
48,481780,2,2,1,19,8,22,32,9,0,1,0,48,1,35,43,35043,4,2008,3N1AB61E38L7,3,N,1,A,B,6,1,E,3,8,L,7,0,P,NISS,SL2,4D,8,17,2804,,0,1057,,G,,F,4,122,,,15R205,,,,,,0,0,000000000,00000000000,0,0,0,1,0,0,0,0,0,0,0,998,0,0,0,1,2,1,9,0,0,0,1,48,78724,6,1,0,0,3,0,999,999,2,11,0,0,0,12,2009,5,2011,0,0,0,0,0,1,4,60,1,1,8,1,0,0,1,83,7,1,1,98,0,0
48,481781,1,2,2,20,8,10,57,12,6,1,0,48,2,22,20,22020,4,1995,1G2WJ52M4SF2,1,G,2,W,J,5,2,M,4,S,F,2,0,P,PONT,GFS,4D,95,17,3370,,0,1075,,G,,F,6,191,,,15R205,,,,,,0,0,000000000,00000000000,0,0,0,1,0,0,0,0,0,0,0,998,0,0,0,3,6,2,12,0,0,0,1,48,79904,0,0,0,0,0,0,999,999,0,2,0,0,0,1,2010,1,2011,0,38,0,0,0,2,2,45,3,2,8,1,0,0,11,15,1,1,1,68,2,0
48,481781,2,2,1,20,8,10,57,12,6,1,0,48,1,2,403,2403,14,2012,1C4HJWFG0CL2,1,C,4,H,J,W,F,G,0,C,L,2,0,T,JEEP,WUR,4W,12,17,,1,0,1160,WUL,F,,,6,220,,,,,4315,00,R,44,0,0,000000000,00000000000,0,0,0,1,0,0,0,0,0,0,0,998,0,0,0,12,2,3,12,0,0,0,1,48,79930,6,1,6,0,3,0,999,999,0,1,0,0,0,9,2010,9,2010,0,0,0,0,0,2,2,45,2,2,8,1,0,0,14,62,1,1,1,69,0,0
48,481782,1,1,4,20,8,10,33,25,0,1,0,48,2,12,422,12422,15,2002,1FMRU15W12LA,1,F,M,R,U,1,5,W,1,2,L,A,0,P,FORD,EPT,UT,2,17,4891,,0,1191,,G,,F,8,281,,,16R255,,,,,,0,0,000000000,00000000000,0,0,0,1,0,0,0,0,0,0,0,66,0,1,3,11,4,3,25,0,0,0,1,48,78572,6,1,0,0,3,3,999,999,0,0,0,0,0,0,0,0,0,0,58,0,0,0,3,3,65,2,2,8,1,0,0,14,90,7,4,4,7,1,0
48,481783,1,4,1,20,8,23,15,8,0,1,0,48,1,20,481,20481,31,2002,2GCEC19W2211,2,G,C,E,C,1,9,W,2,2,1,1,0,T,CHEV,SC1,4C,2,17,,2,1575,1435,SIL,G,,,6,262,,,,B,4534,03,,42,0,0,000000000,00000000000,0,0,0,1,0,0,0,0,0,0,0,998,0,0,0,12,4,3,8,0,0,0,1,48,76105,6,1,0,0,3,0,999,999,0,0,0,0,0,0,0,0,0,0,0,0,0,0,3,4,60,1,2,8,1,0,0,1,80,1,1,1,13,0,0
48,481783,2,4,1,20,8,23,15,8,0,1,0,48,1,12,422,12422,15,2000,1FMRU1560YLA,1,F,M,R,U,1,5,6,0,Y,L,A,0,P,FORD,EPT,UT,0,17,4886,,0,1191,,G,,F,8,281,,,16R255,,,,,,0,0,000000000,00000000000,0,0,0,1,0,0,0,0,0,0,0,998,0,0,0,14,0,1,8,0,0,0,1,48,75116,6,1,0,0,3,3,999,999,0,0,0,1,3,4,2011,3,2012,0,0,0,0,0,3,4,60,1,2,8,1,0,0,1,80,1,1,1,98,0,0
48,481783,3,4,1,20,8,23,15,8,0,1,0,48,2,63,38,63038,4,2010,KNAFU4A28A50,K,N,A,F,U,4,A,2,8,A,5,0,0,P,KIA,FEX,4D,10,17,2707,,0,1043,,G,,F,4,122,,,15R195,,,,,,0,0,000000000,00000000000,0,0,0,1,0,0,0,0,0,0,0,998,0,0,0,14,0,1,8,0,0,0,1,48,76071,6,1,0,0,3,0,999,999,0,0,0,0,0,0,0,0,0,0,0,0,0,0,3,4,60,1,2,8,1,0,0,1,80,1,1,1,98,0,0
48,481783,4,4,1,20,8,23,15,8,0,1,0,48,2,12,37,12037,4,2004,1FAFP38ZX4W1,1,F,A,F,P,3,8,Z,X,4,W,1,0,P,FORD,FZT,4D,4,17,2586,,0,1030,,G,,F,4,140,,,15R195,,,,,,0,0,000000000,00000000000,0,0,0,1,0,0,0,0,0,0,0,998,0,0,0,14,0,1,8,0,0,0,1,48,76028,6,1,0,0,3,3,999,999,1,0,0,0,0,3,2011,3,2011,0,0,0,0,0,3,4,60,1,1,8,1,0,0,1,80,1,1,1,98,0,0
48,481784,1,1,2,18,8,8,18,58,0,1,0,48,2,12,481,12481,31,2007,1FTRW14W77FA,1,F,T,R,W,1,4,W,7,7,F,A,0,T,FORD,F1S,CW,7,17,,2,0,1390,COF,G,,,8,281,,,,B,5476,01,E,44,0,0,000000000,00000000000,0,0,0,1,0,0,0,0,0,0,0,998,0,0,0,12,6,2,2,0,0,1,1,48,78959,6,1,0,0,3,3,999,999,0,0,0,0,0,0,0,0,0,0,0,0,0,0,3,2,75,1,3,8,1,0,0,1,12,1,1,4,6,1,0
48,481786,1,1,2,21,8,22,15,8,0,1,0,48,1,63,441,63441,20,2002,KNDUP1314261,K,N,D,U,P,1,3,1,4,2,6,1,0,P,KIA,SED,SV,2,17,4709,,0,1145,,G,,F,6,213,,,15R215,,,,,,0,0,000000000,00000000000,0,0,0,1,0,0,0,0,0,0,0,998,0,0,0,12,2,3,8,0,0,0,1,48,77093,6,1,0,0,3,3,999,999,0,0,0,0,0,0,0,0,0,0,0,0,0,0,1,2,35,1,1,2,1,0,0,1,80,3,2,1,13,0,0
48,481787,1,2,1,21,8,15,26,12,6,1,0,48,2,76,706,76706,80,2009,JYARN17E49A0,J,Y,A,R,N,1,7,E,4,9,A,0,0,M,YAMA,F1Z,RC,9,17,,,,,,,998,,4,,4,485,,,,,,,0,0,000000000,00000000000,0,0,0,1,0,0,0,0,0,0,0,998,0,0,0,12,8,2,12,0,0,0,1,48,78660,6,1,0,0,3,0,999,999,0,0,0,0,0,0,0,0,0,1,0,0,0,0,2,3,50,1,2,8,1,3,3,1,62,1,1,1,69,1,0
48,481787,2,2,1,21,8,15,26,12,6,1,0,48,2,2,404,2404,14,1998,1J4FX58S4WC2,1,J,4,F,X,5,8,S,4,W,C,2,0,T,JEEP,LRT,4W,98,17,,1,0,1059,GCK,G,,,6,242,,,,,3531,01,E,42,0,0,000000000,00000000000,0,0,0,1,0,0,0,0,0,0,0,998,0,0,0,2,6,2,12,0,0,0,1,48,78724,6,1,0,0,3,0,999,999,0,0,0,0,0,0,0,0,0,0,38,0,0,0,2,3,50,1,2,8,1,0,0,11,15,1,1,1,68,0,0
48,481788,1,1,1,22,8,19,34,5,0,1,0,48,1,76,705,76705,80,2004,JYARJ06EX4A0,J,Y,A,R,J,0,6,E,X,4,A,0,0,M,YAMA,R6L,RC,4,17,,,,,,,599,,4,,4,412,,,,,,,0,0,000000000,00000000000,0,0,0,1,0,0,0,0,0,0,0,998,0,0,0,0,8,2,5,0,0,0,1,48,76549,6,1,0,0,3,0,999,999,1,0,0,1,0,6,2010,1,2011,1,0,0,0,0,1,2,45,3,2,8,1,0,0,14,6,1,9,1,0,1,0
48,481789,1,2,1,22,8,23,51,12,1,1,0,35,2,12,442,12442,20,2002,2FMZA514X2BB,2,F,M,Z,A,5,1,4,X,2,B,B,0,T,FORD,WLX,ES,2,17,,1,0,1207,WIN,G,,,6,232,,,,B,4017,00,E,42,0,0,000000000,00000000000,0,0,0,1,0,0,0,0,0,0,0,998,0,0,0,12,6,2,8,0,0,0,1,35,88024,6,1,0,0,3,0,63,132,0,0,0,0,0,0,0,0,0,1,0,0,0,0,3,1,75,1,1,8,1,40,3,1,51,1,1,1,24,0,0
48,481789,2,2,1,22,8,23,51,12,1,1,0,48,2,12,37,12037,4,2005,1FAFP34NX5W1,1,F,A,F,P,3,4,N,X,5,W,1,0,P,FORD,ZX4,4D,5,17,2677,,0,1030,,G,,F,4,122,,,15R195,,,,,,0,0,000000000,00000000000,0,0,0,1,0,0,0,0,0,0,0,998,0,0,0,6,2,8,12,0,0,0,1,48,79835,6,1,0,0,3,3,999,999,0,0,0,0,0,0,0,0,0,0,0,0,0,0,3,1,75,1,1,8,1,0,0,1,53,1,1,1,25,0,0
48,481790,1,2,1,22,8,5,51,12,6,1,0,48,1,39,34,39034,4,2002,SAJDA01N22FM,S,A,J,D,A,0,1,N,2,2,F,M,0,P,JAGU,STP,4D,2,17,3816,,0,1145,,G,,F,6,181,,,000000,,,,,,0,0,000000000,00000000000,0,0,0,1,0,0,0,0,0,0,0,998,0,0,0,3,6,2,12,0,0,0,1,48,78108,1,1,0,0,2,0,999,999,0,6,0,2,1,9,2010,6,2012,0,38,0,0,0,1,4,45,1,1,8,1,0,0,11,15,1,1,1,68,0,0
48,481790,2,2,1,22,8,5,51,12,6,1,0,48,1,73,706,73706,80,2003,JKAZRDH1X3A0,J,K,A,Z,R,D,H,1,X,3,A,0,0,M,KAWK,ZRH,RS,3,17,,,,,,,750,,4,,4,463,,,,,,,0,0,000000000,00000000000,0,0,0,1,0,0,0,0,0,0,0,998,0,0,0,12,8,2,12,0,0,0,1,48,78155,6,1,0,0,3,3,999,999,0,0,0,0,0,0,0,0,0,1,0,0,0,0,1,4,45,1,1,8,1,0,0,1,62,1,1,1,69,1,0
48,481791,1,1,1,22,8,4,40,25,0,1,0,48,2,98,709,98709,80,2009,ZD4RBC0049J0,Z,D,4,R,B,C,0,0,4,9,J,0,0,U,,,,9,17,,,,,,,,,,,,,,,,,,,0,0,000000000,00000000000,0,0,0,1,0,0,0,0,0,0,0,998,0,0,0,99,9,2,25,0,0,0,1,48,77484,1,1,0,0,2,0,999,999,0,8,1,0,0,4,2010,7,2012,0,0,0,0,0,3,2,40,1,1,8,1,0,0,1,13,1,1,4,1,1,0
48,481792,1,1,1,22,8,0,15,42,0,1,0,48,1,37,32,37032,4,2001,1HGCG16501A0,1,H,G,C,G,1,6,5,0,1,A,0,0,P,HOND,UEX,4D,1,17,3329,,0,1069,,G,,F,6,183,,,15R205,,,,,,0,0,000000000,00000000000,0,0,0,1,0,0,0,0,0,0,0,998,0,1,3,9,4,3,42,0,0,0,1,48,77080,6,1,0,0,3,0,999,999,0,7,1,0,0,9,2009,7,2012,0,0,0,0,0,2,2,40,1,1,1,1,0,0,1,12,99,9,4,7,1,1
48,481793,1,2,1,22,8,23,25,12,6,1,0,48,2,53,34,53034,4,2006,KL5JD56Z56K2,K,L,5,J,D,5,6,Z,5,6,K,2,0,P,SUZI,FZB,4D,6,17,2701,,0,1024,,G,,F,4,122,,,15R195,,,,,,0,0,000000000,00000000000,0,0,0,1,0,0,0,0,0,0,0,998,0,0,0,1,4,3,12,0,0,0,1,48,76110,0,0,0,0,0,0,999,999,0,0,0,0,0,0,0,0,0,0,0,0,0,0,1,6,35,1,1,8,1,3,3,11,63,1,1,1,68,0,0
48,481793,2,2,1,22,8,23,25,12,6,1,0,48,2,73,709,73709,80,1978,KZ650B028229,K,Z,6,5,0,B,0,2,8,2,2,9,0,M,KAWK,KZ6,RS,78,12,,,,,,,652,,4,,4,465,,,,,,,0,0,000000000,00000000000,0,0,0,1,0,0,0,0,0,0,0,998,0,0,0,12,9,2,12,0,0,0,1,48,76110,6,1,0,0,3,0,999,999,0,0,0,0,0,0,0,0,0,0,0,0,0,0,1,6,35,1,1,8,1,3,3,1,17,1,1,1,69,1,0