STATE,ST_CASE,VEH_NO,VE_FORMS,NUMOCCS,DAY,MONTH,HOUR,MINUTE,HARM_EV,MAN_COLL,UNITTYPE,HIT_RUN,REG_STAT,OWNER,MAKE,MODEL,MAK_MOD,BODY_TYP,MOD_YEAR,VIN,VIN_1,VIN_2,VIN_3,VIN_4,VIN_5,VIN_6,VIN_7,VIN_8,VIN_9,VIN_10,VIN_11,VIN_12,TOW_VEH,VINTYPE,VINMAKE,VINA_MOD,VIN_BT,VINMODYR,VIN_LNGT,VIN_WGT,WGTCD_TR,WHLBS_LG,WHLBS_SH,SER_TR,FUELCODE,MCYCL_DS,CARBUR,CYLINDER,DISPLACE,MCYCL_CY,MCYCL_WT,TIRE_SZE,TON_RAT,TRK_WT,TRKWTVAR,VIN_REST,WHLDRWHL,J_KNIFE,MCARR_I1,MCARR_I2,MCARR_ID,GVWR,V_CONFIG,CARGO_BT,HAZ_INV,HAZ_PLAC,HAZ_ID,HAZ_CNO,HAZ_REL,BUS_USE,SPEC_USE,EMER_USE,TRAV_SP,UNDERIDE,ROLLOVER,ROLINLOC,IMPACT1,DEFORMED,TOWED,M_HARM,VEH_SC1,VEH_SC2,FIRE_EXP,DR_PRES,L_STATE,DR_ZIP,L_STATUS,L_TYPE,CDL_STAT,L_ENDORS,L_COMPL,L_RESTRI,DR_HGT,DR_WGT,PREV_ACC,PREV_SUS,PREV_DWI,PREV_SPD,PREV_OTH,FIRST_MO,FIRST_YR,LAST_MO,LAST_YR,SPEEDREL,DR_SF1,DR_SF2,DR_SF3,DR_SF4,VTRAFWAY,VNUM_LAN,VSPD_LIM,VALIGN,VPROFILE,VPAVETYP,VSURCOND,VTRAFCON,VTCONT_F,P_CRASH1,P_CRASH2,P_CRASH3,PCRASH4,PCRASH5,ACC_TYPE,DEATHS,DR_DRINK
48,481794,1,1,2,23,8,6,40,32,0,1,0,48,2,12,481,12481,31,1995,1FTHX25H6SKB,1,F,T,H,X,2,5,H,6,S,K,B,0,T,FORD,F25,PC,95,17,,2,0,1550,COF,G,,,8,351,,,,C,00000,00,A,42,0,0,000000000,00000000000,0,0,0,1,0,0,0,0,0,0,0,998,0,1,5,2,6,2,1,0,0,0,1,48,76059,0,0,0,0,0,0,69,220,0,0,0,0,0,0,0,0,0,1,0,0,0,0,1,2,60,3,2,8,1,0,0,14,13,6,4,4,1,2,1
48,481795,1,1,1,23,8,11,49,1,0,1,0,48,3,86,881,86881,66,2007,1M2AG11Y47M0,1,M,2,A,G,1,1,Y,4,7,M,0,1,T,MACK,CV7,TR,7,17,,8,0,0,700,D,,,6,728,,,,,00000,00,,64,1,57,428014,57428014,3,6,2,1,0,0,0,0,0,0,0,998,0,1,5,0,6,2,1,0,0,0,1,48,76049,6,1,6,1,3,0,68,170,0,0,0,0,0,0,0,0,0,0,58,0,0,0,1,2,60,3,2,8,1,0,0,14,13,6,2,4,7,1,0
48,481797,1,2,1,24,8,12,42,33,0,1,0,48,1,37,709,37709,80,2012,MLHMC4106C52,M,L,H,M,C,4,1,0,6,C,5,2,0,M,HOND,C2R,RC,12,17,,,,,,,249,,1,,4,357,,,,,,,0,0,000000000,00000000000,0,0,0,1,0,0,0,0,0,0,0,998,0,0,0,99,9,2,12,0,0,0,1,48,75801,6,1,0,0,3,0,999,999,0,0,0,1,0,10,2009,10,2009,1,35,0,0,0,1,2,35,1,1,8,2,0,0,6,13,1,1,4,1,1,0
48,481797,2,2,1,24,8,12,42,33,0,1,0,48,3,84,881,84881,66,1996,1HSSDAAN7TH2,1,H,S,S,D,A,A,N,7,T,H,2,1,T,INTL,490,TR,96,17,,7,2540,1280,40S,D,,,6,466,,,,,00000,00,,42,1,57,692947,57692947,3,6,1,1,0,0,0,0,0,0,0,998,0,0,0,99,9,1,12,0,0,0,1,48,75701,6,1,6,0,3,0,999,999,1,0,0,0,2,11,2011,1,2012,0,0,0,0,0,0,0,0,0,0,0,0,0,0,11,15,1,1,1,98,0,0
48,481798,1,2,1,24,8,9,33,12,6,1,0,48,3,12,881,12881,61,2000,1FDAF56F9YED,1,F,D,A,F,5,6,F,9,Y,E,D,0,T,FORD,F5D,CB,0,17,,5,2010,1410,DRW,D,,,8,444,,,,,6072,08,E,42,0,57,2118603,572118603,2,1,96,1,0,0,0,0,0,0,0,998,0,0,0,5,2,3,12,0,0,0,1,48,78108,6,1,0,0,3,0,999,999,0,0,0,0,0,0,0,0,0,0,38,0,0,0,1,2,55,1,3,8,1,0,0,11,15,1,1,2,68,0,0
48,481798,2,2,1,24,8,9,33,12,6,1,0,48,2,72,706,72706,80,2005,1HD1FMW165Y6,1,H,D,1,F,M,W,1,6,5,Y,6,0,M,HD,TPI,RS,5,17,,,,,,,1450,,2,,4,999,,,,,,,0,0,000000000,00000000000,0,0,0,1,0,0,0,0,0,0,0,998,0,0,0,12,6,2,12,0,0,0,1,48,78013,6,1,0,0,3,3,999,999,0,1,0,0,0,8,2011,8,2011,0,0,0,0,0,1,2,55,1,3,8,1,0,0,1,62,3,2,1,69,1,0
48,481799,1,1,1,24,8,2,40,25,0,1,0,48,2,19,3,19003,4,2001,1G6KD54YX1U2,1,G,6,K,D,5,4,Y,X,1,U,2,0,P,CADI,DFW,4D,1,17,3978,,0,1138,,G,,F,8,279,,,16R225,,,,,,0,0,000000000,00000000000,0,0,0,1,0,0,0,0,0,0,0,998,0,1,5,61,4,3,25,0,0,0,1,48,77506,0,0,0,0,0,0,999,999,0,0,0,0,0,0,0,0,0,0,0,0,0,0,3,2,60,1,3,8,1,0,0,1,12,1,1,4,6,1,1
48,481800,1,2,1,24,8,5,40,33,0,1,0,48,1,20,481,20481,31,2003,1GCEC14X23Z3,1,G,C,E,C,1,4,X,2,3,Z,3,0,T,CHEV,SC1,PK,3,17,,2,1330,1190,SIL,G,,,6,262,,,,B,4073,00,,42,0,0,000000000,00000000000,0,0,0,1,0,0,0,0,0,0,0,998,0,1,5,99,4,3,12,0,0,0,1,48,77045,6,1,0,0,3,0,999,999,0,0,0,0,0,0,0,0,0,0,0,0,0,0,1,4,45,1,2,2,2,0,0,1,13,1,1,4,1,1,1
48,481800,2,2,1,24,8,5,40,33,0,1,0,48,1,45,31,45031,1,2002,WP0CA299X2S6,W,P,0,C,A,2,9,9,X,2,S,6,0,P,PORS,942,CV,2,17,3377,,0,926,,G,,F,6,220,,,17R205,,,,,,0,0,000000000,00000000000,0,0,0,1,0,0,0,0,0,0,0,998,0,0,0,12,2,1,12,0,0,0,1,48,77054,6,1,0,0,3,3,999,999,0,0,0,0,0,0,0,0,0,0,0,0,0,0,1,4,45,1,2,2,2,0,0,1,64,1,1,1,98,0,0
48,481802,1,1,2,25,8,2,51,39,0,1,0,48,1,35,47,35047,2,2009,1N4AL24E59C1,1,N,4,A,L,2,4,E,5,9,C,1,0,P,NISS,A5S,CP,9,17,3076,,0,1053,,G,,F,4,153,,,16R215,,,,,,0,0,000000000,00000000000,0,0,0,1,0,0,0,0,0,0,0,998,0,1,5,9,6,2,39,0,0,0,1,48,78666,6,1,0,0,3,0,999,999,0,3,0,0,0,8,2009,8,2010,1,0,0,0,0,3,2,45,2,2,8,1,0,0,14,11,99,3,4,2,2,1
48,481803,1,1,4,25,8,5,8,32,0,1,0,48,0,37,31,37031,4,1998,1HGEJ8143WL0,1,H,G,E,J,8,1,4,3,W,L,0,0,P,HOND,UAX,CP,98,17,2507,,0,1032,,G,,F,4,097,,,14R185,,,,,,0,0,000000000,00000000000,0,0,0,1,0,0,0,0,0,0,0,998,0,1,5,12,6,2,32,0,0,0,1,48,77521,1,1,0,0,2,0,999,999,0,2,0,0,3,7,2010,5,2012,1,0,0,0,0,1,4,45,1,1,8,1,0,0,1,10,1,1,4,6,1,0
48,481804,1,2,2,25,8,13,13,12,6,1,0,48,1,72,706,72706,80,2003,1HD1FDV143Y7,1,H,D,1,F,D,V,1,4,3,Y,7,0,M,HD,FHR,RS,3,17,,,,,,,1450,,2,,4,723,,,,,,,0,0,000000000,00000000000,0,0,0,1,0,0,0,0,0,0,0,998,0,0,0,1,8,3,12,0,0,0,1,48,78028,6,1,0,0,3,0,999,999,0,1,1,0,0,7,2010,1,2011,0,33,0,0,0,1,4,70,1,2,8,1,0,0,1,52,6,1,2,73,1,0
48,481804,2,2,1,25,8,13,13,12,6,1,0,48,2,12,471,12471,30,1996,1FTCR14U1TPA,1,F,T,C,R,1,4,U,1,T,P,A,0,T,FORD,RNS,PC,96,17,,1,0,1250,RNG,G,,,6,182,,,,B,00000,00,B,42,0,0,000000000,00000000000,0,0,0,1,0,0,0,0,0,0,0,998,0,0,0,10,4,3,12,0,0,0,1,48,78028,6,1,0,0,3,3,999,999,0,0,0,0,0,0,0,0,0,0,0,0,0,0,1,4,70,1,2,8,1,0,0,11,15,1,1,2,72,0,0
48,481805,1,3,2,26,8,22,58,12,6,1,0,22,2,7,482,7482,31,2007,1D7HA18K77J6,1,D,7,H,A,1,8,K,7,7,J,6,0,T,DODG,QS1,CW,7,17,,2,1605,1405,RPC,G,,,6,225,,,,B,4789,00,E,42,0,0,000000000,00000000000,0,0,0,1,0,0,0,0,0,0,0,998,0,0,0,10,4,3,12,0,0,0,1,22,71351,6,1,0,0,3,0,75,235,0,0,0,0,0,0,0,0,0,0,0,0,0,0,3,2,70,1,3,8,1,0,0,1,54,7,1,2,64,0,0
48,481805,2,3,1,26,8,22,58,12,6,1,0,93,3,87,881,87881,66,2000,1XP5DB9X6YN5,1,X,P,5,D,B,9,X,6,Y,N,5,1,T,PTRB,379,TR,0,17,,8,0,0,CON,D,,,6,893,,,,,00000,00,,64,1,57,215867,57215867,3,6,1,1,0,0,0,0,0,0,0,998,0,0,0,12,4,3,12,0,0,0,1,47,38351,6,1,6,0,3,3,74,240,0,0,0,0,0,0,0,0,0,0,0,0,0,0,3,2,70,1,3,8,1,0,0,1,54,1,1,1,98,0,0
48,481805,3,3,1,26,8,22,58,12,6,1,0,48,0,49,482,49482,31,2004,5TBRT34104S4,5,T,B,R,T,3,4,1,0,4,S,4,0,T,TOYT,TT5,4C,4,17,,2,0,1283,TUN,G,,,8,285,,,,C,4160,00,U,42,0,0,000000000,00000000000,0,0,0,1,0,0,0,0,0,0,0,998,0,0,0,11,6,2,12,0,0,0,1,48,78242,6,1,0,0,3,0,999,999,0,0,0,0,0,0,0,0,0,0,51,0,0,0,3,2,70,1,3,8,1,0,0,1,10,1,1,1,65,1,1
48,481806,1,1,4,26,8,18,25,1,0,1,0,48,0,67,32,67032,3,2012,JTLZE4FE4C11,J,T,L,Z,E,4,F,E,4,C,1,1,0,P,TOYT,SXB,UT,12,17,3027,,0,1024,,G,,F,4,144,,,16R205,,,,,,0,0,000000000,00000000000,0,0,0,1,0,0,0,0,0,0,0,998,0,2,5,0,6,2,1,0,0,0,1,48,76120,6,1,0,0,3,3,999,999,0,0,0,0,0,0,0,0,0,0,58,0,0,0,3,2,75,1,1,8,1,0,0,1,12,7,1,4,1,1,0
48,481807,1,2,1,26,8,4,21,12,1,1,0,48,1,49,40,49040,4,1988,JT2SV21EXJ32,J,T,2,S,V,2,1,E,X,J,3,2,0,P,TOYT,CMD,4D,88,17,2734,,0,1024,,G,,F,4,122,,,000000,,,,,,0,0,000000000,00000000000,0,0,0,1,0,0,0,0,0,0,0,998,0,0,0,12,4,3,12,0,0,0,1,48,75791,6,1,0,0,3,3,999,999,2,0,0,0,0,12,2010,4,2011,1,0,0,0,0,5,6,50,1,1,8,1,3,3,1,50,1,1,1,20,1,0
48,481807,2,2,1,26,8,4,21,12,1,1,0,48,1,12,422,12422,15,2008,1FMFU19568LA,1,F,M,F,U,1,9,5,6,8,L,A,0,P,FORD,EPT,UT,8,17,5578,,0,1190,,G,,F,8,329,,,18R255,,,,,,0,0,000000000,00000000000,0,0,0,1,0,0,0,0,0,0,0,0,0,0,0,6,4,3,12,0,0,0,1,48,75647,6,1,0,0,3,0,999,999,0,0,0,0,0,0,0,0,0,0,0,0,0,0,5,6,50,1,1,8,1,3,3,5,53,1,1,1,21,0,0
48,481808,1,1,1,26,8,17,9,1,0,1,0,48,1,23,481,23481,31,2002,1GTHK29U02Z2,1,G,T,H,K,2,9,U,0,2,Z,2,0,T,GMC,2KH,4C,2,17,,2,1575,1430,SIE,G,,,8,364,,,,C,5497,03,U,44,0,0,000000000,00000000000,0,0,0,1,0,0,0,0,0,0,0,998,0,2,5,0,9,3,1,0,0,0,1,48,78076,6,1,0,0,3,3,999,999,0,0,0,0,0,0,0,0,0,1,58,0,0,0,1,2,30,1,1,8,1,0,0,1,13,6,4,4,2,1,0
48,481809,1,2,1,27,8,17,45,12,6,1,0,48,1,19,22,19022,4,2007,1G6KD57Y27U1,1,G,6,K,D,5,7,Y,2,7,U,1,0,P,CADI,TDS,4D,7,17,4009,,0,1156,,G,,F,8,281,,,17R235,,,,,,0,0,000000000,00000000000,0,0,0,1,0,0,0,0,0,0,0,998,0,0,0,11,4,3,12,0,0,0,1,48,78230,6,1,0,0,3,3,999,999,1,0,0,0,0,11,2009,11,2009,0,38,48,0,0,1,2,35,1,2,8,1,3,3,11,15,1,1,1,68,0,0
48,481809,2,2,2,27,8,17,45,12,6,1,0,48,3,7,442,7442,20,2007,1D4GP24R27B2,1,D,4,G,P,2,4,R,2,7,B,2,0,T,DODG,GCS,ES,7,17,,1,0,1193,CAR,G,,,6,201,,,,,4095,00,E,42,0,0,000000000,00000000000,0,0,0,1,0,0,0,0,0,0,0,998,0,0,0,11,4,3,12,0,0,0,1,48,78217,6,1,6,1,3,3,999,999,1,0,0,0,1,8,2010,11,2011,0,0,0,0,0,1,2,35,1,2,8,1,3,3,1,62,1,1,1,69,1,0
48,481810,1,1,1,27,8,18,37,8,0,1,0,93,3,85,881,85881,66,2012,1XKFD49X2CJ3,1,X,K,F,D,4,9,X,2,C,J,3,1,T,KW,T70,TR,12,17,,8,0,0,CON,D,,,6,915,,,,,00000,00,,64,1,57,288218,57288218,3,6,1,1,0,0,0,0,0,0,0,998,0,0,0,82,0,9,8,0,0,0,1,48,75758,6,1,6,0,3,1,999,999,1,0,0,0,0,9,2010,9,2010,0,0,0,0,0,2,2,45,1,1,8,1,3,3,10,80,1,1,1,13,0,0
48,481811,1,1,1,27,8,2,15,8,0,1,0,48,1,37,31,37031,4,2004,1HGES16394L0,1,H,G,E,S,1,6,3,9,4,L,0,0,P,HOND,UDV,4D,4,17,2544,,0,1031,,G,,F,4,102,,,14R185,,,,,,0,0,000000000,00000000000,0,0,0,1,0,0,0,0,0,0,0,998,0,0,0,12,2,3,8,0,0,0,1,48,77024,6,1,0,0,3,3,999,999,0,0,0,0,0,0,0,0,0,0,0,0,0,0,2,2,45,1,1,8,1,0,0,1,80,1,1,1,13,0,0
48,481812,1,2,1,27,8,13,0,12,6,1,0,48,1,73,709,73709,80,1979,KZT00B517810,K,Z,T,0,0,B,5,1,7,8,1,0,0,M,KAWK,KZ1,RS,79,12,,,,,,,1015,,4,,4,531,,,,,,,0,0,000000000,00000000000,0,0,0,1,0,0,0,0,0,0,0,998,0,0,0,12,8,2,12,0,0,0,1,48,77034,6,1,0,0,3,3,999,999,0,0,0,0,0,0,0,0,0,0,48,38,0,0,0,0,0,0,0,0,0,0,0,10,98,1,1,6,84,1,0
48,481812,2,2,3,27,8,13,0,12,6,1,0,48,2,35,43,35043,4,2006,3N1CB51D16L5,3,N,1,C,B,5,1,D,1,6,L,5,0,P,NISS,S18,4D,6,17,2509,,0,998,,G,,F,4,108,,,15R195,,,,,,0,0,000000000,00000000000,0,0,0,1,0,0,0,0,0,0,0,998,0,0,0,3,2,8,12,0,0,0,1,48,77017,6,1,0,0,3,0,999,999,0,0,0,0,0,0,0,0,0,0,0,0,0,0,6,1,45,1,1,1,1,0,0,1,64,1,1,1,84,0,0
48,481813,1,1,1,27,8,22,0,8,0,1,0,48,2,49,472,49472,30,2001,5TENL42N41Z8,5,T,E,N,L,4,2,N,4,1,Z,8,0,T,TOYT,REG,PK,1,17,,1,0,1033,TAC,G,,,4,149,,,,B,2750,00,U,42,0,0,000000000,00000000000,0,0,0,1,0,0,0,0,0,0,0,998,0,0,0,12,4,3,8,0,0,0,1,48,77379,6,1,0,0,3,3,999,999,0,0,0,0,0,0,0,0,0,0,0,0,0,0,2,3,30,3,1,1,1,0,0,14,80,1,1,1,13,0,0
48,481814,1,1,1,27,8,10,56,35,0,1,0,48,1,20,431,20431,16,2002,1GNEC16Z62J1,1,G,N,E,C,1,6,Z,6,2,J,1,0,P,CHEV,C15,UT,2,17,4914,,0,1300,,F,,F,8,325,,,16R265,,,,,,0,0,000000000,00000000000,0,0,0,1,0,0,0,0,0,0,0,998,0,1,1,12,6,2,35,0,0,0,1,48,77449,6,1,0,0,3,0,999,999,0,0,0,0,0,0,0,0,0,0,27,0,0,0,6,1,70,1,2,8,1,0,0,1,12,1,1,4,6,1,0
48,481815,1,1,1,27,8,22,56,1,0,1,0,48,2,76,706,76706,80,2006,JYAVP11E96A0,J,Y,A,V,P,1,1,E,9,6,A,0,0,M,YAMA,XVA,RS,6,17,,,,,,,1063,,2,,4,571,,,,,,,0,0,000000000,00000000000,0,0,0,1,0,0,0,0,0,0,0,998,0,0,0,0,2,3,1,0,0,0,1,48,76308,6,1,0,0,3,0,999,999,0,0,0,0,0,0,0,0,0,0,0,0,0,0,4,2,50,2,2,1,1,0,0,14,12,3,3,4,6,1,0
48,481816,1,2,1,28,8,6,17,12,6,1,0,48,1,49,45,49045,4,2000,JTDBT1231Y00,J,T,D,B,T,1,2,3,1,Y,0,0,0,P,TOYT,ECH,4D,0,17,2030,,0,934,,G,,F,4,091,,,14R175,,,,,,0,0,000000000,00000000000,0,0,0,1,0,0,0,0,0,0,0,998,0,0,0,12,6,2,12,0,0,0,1,48,75941,6,1,0,0,3,3,999,999,1,0,0,0,1,9,2009,8,2011,0,0,0,0,0,2,2,70,1,1,8,1,0,0,1,65,1,1,1,79,1,0
48,481816,2,2,1,28,8,6,17,12,6,1,0,48,2,86,881,86881,66,2006,1M1AJ07Y56N0,1,M,1,A,J,0,7,Y,5,6,N,0,1,T,MACK,CHN,TR,6,17,,8,0,0,600,D,,,6,728,,,,,00000,00,,64,1,57,1678484,571678484,3,6,10,1,0,0,0,0,0,0,0,998,0,0,0,10,2,3,12,0,0,0,1,48,75946,6,1,6,0,3,3,999,999,0,1,0,1,7,1,2010,6,2011,0,39,0,0,0,1,2,98,8,8,8,1,20,3,10,16,1,1,1,78,0,0
48,481817,1,1,1,28,8,16,33,42,0,1,0,48,2,2,404,2404,14,1998,1J4FT68S6WL1,1,J,4,F,T,6,8,S,6,W,L,1,0,T,JEEP,SCL,4W,98,17,,1,0,1014,CHK,G,,,6,242,,,,,3094,00,E,42,0,0,000000000,00000000000,0,0,0,1,0,0,0,0,0,0,0,998,0,1,5,6,6,2,42,0,0,0,1,48,77573,6,1,0,0,3,0,999,999,0,0,0,0,0,0,0,0,0,1,0,0,0,0,1,2,55,3,2,8,1,40,3,1,6,6,4,4,2,1,1
48,481818,1,1,1,30,8,6,31,8,0,1,0,40,3,49,482,49482,31,2008,5TBBV581X8S5,5,T,B,B,V,5,8,1,X,8,S,5,0,T,TOYT,DBL,CW,8,17,,2,0,1457,TUN,G,,,8,348,,,,B,5540,00,7,44,0,0,000000000,00000000000,0,0,0,1,0,0,0,0,0,0,0,998,0,0,0,12,2,1,8,0,0,0,1,48,78628,6,1,6,0,3,3,999,999,0,0,0,0,0,0,0,0,0,0,0,0,0,0,1,2,70,1,3,8,1,0,0,1,80,1,1,1,13,0,0
48,481819,1,1,2,31,8,2,35,42,0,1,0,48,1,12,481,12481,31,2004,1FTPX12514NA,1,F,T,P,X,1,2,5,1,4,N,A,0,T,FORD,F15,4C,4,17,,2,1450,1260,COF,G,,,8,330,,,,B,5170,00,U,42,0,0,000000000,00000000000,0,0,0,1,0,0,0,0,0,0,0,998,0,0,0,9,4,3,42,0,0,0,1,48,77003,6,1,0,0,3,3,999,999,0,1,0,1,0,4,2010,6,2012,1,0,0,0,0,2,2,35,2,2,1,1,0,0,14,6,1,3,4,2,1,1
48,481820,1,2,1,31,8,2,15,12,2,1,0,93,3,51,881,51881,66,2008,4V4MC9DG68N4,4,V,4,M,C,9,D,G,6,8,N,4,1,T,VOLV,VNM,TR,8,17,,8,0,0,VVN,D,,,6,671,,,,,00000,00,,64,1,57,546526,57546526,3,6,1,1,0,0,0,0,0,0,0,998,0,0,0,12,4,3,12,0,0,0,1,48,77045,6,1,6,0,3,0,999,999,0,0,0,0,0,0,0,0,0,0,0,0,0,0,3,3,70,1,6,8,1,0,0,1,54,1,1,1,52,0,0
48,481820,2,2,1,31,8,2,15,12,2,1,0,48,1,23,481,23481,31,1993,1GTFC24K4PZ5,1,G,T,F,C,2,4,K,4,P,Z,5,0,T,GMC,SC2,PK,93,17,,2,0,1315,SIE,G,,,8,350,,,,C,00000,00,A,42,0,0,000000000,00000000000,0,0,0,1,0,0,0,0,0,0,0,998,0,0,0,12,6,2,12,0,0,0,1,48,77662,6,1,6,0,3,0,999,999,0,0,0,0,2,7,2010,10,2011,0,51,0,0,0,3,3,70,1,6,8,1,0,0,1,54,1,1,1,52,1,1
48,481821,1,2,1,31,8,16,24,12,2,1,0,48,1,30,40,30040,4,2002,3VWSB69M32M0,3,V,W,S,B,6,9,M,3,2,M,0,0,P,VOLK,JGS,4D,2,17,2833,,0,989,,G,,F,4,121,,,15R195,,,,,,0,0,000000000,00000000000,0,0,0,1,0,0,0,0,0,0,0,998,0,0,0,12,6,2,12,0,0,0,1,48,76028,6,1,0,0,3,0,999,999,0,0,0,1,0,9,2010,9,2010,0,28,0,0,0,1,2,40,4,2,8,1,0,0,14,10,1,1,1,50,1,0
48,481821,2,2,1,31,8,16,24,12,2,1,0,48,3,90,981,90981,50,2008,1BABNBMA58F2,1,B,A,B,N,B,M,A,5,8,F,2,0,T,BLUI,,,8,17,,,,,,,,,,,,,,,,,,,0,88,888888888,88888888888,3,21,22,1,0,0,0,0,1,0,0,998,0,0,0,12,4,3,12,0,0,0,1,48,76028,6,1,6,1,3,0,999,999,0,0,0,0,0,0,0,0,0,0,0,0,0,0,1,2,40,4,2,8,1,0,0,14,62,1,1,1,51,0,0
48,481822,1,1,2,5,8,17,10,1,0,1,0,48,2,55,35,55035,4,2008,KMHDU46D28U3,K,M,H,D,U,4,6,D,2,8,U,3,0,P,HYUN,GST,4D,8,17,2723,,0,1043,,G,,F,4,121,,,15R195,,,,,,0,0,000000000,00000000000,0,0,0,1,0,0,0,0,0,0,0,998,0,1,5,0,4,3,1,0,0,0,1,48,75751,6,1,0,0,3,3,60,180,0,0,0,0,0,0,0,0,0,0,58,0,0,0,1,2,60,1,2,8,1,0,0,1,10,7,9,4,1,1,0
48,481823,1,1,3,6,8,6,40,1,0,1,0,48,1,7,482,7482,31,2003,1D7HA18N63J6,1,D,7,H,A,1,8,N,6,3,J,6,0,T,DODG,SQ1,CW,3,17,,2,1605,1405,RPC,G,,,8,287,,,,B,4665,03,E,42,0,0,000000000,00000000000,0,0,0,1,0,0,0,0,0,0,0,998,0,1,5,0,4,3,1,0,0,0,1,48,75925,6,1,0,0,3,0,999,999,0,0,0,0,0,0,0,0,0,0,58,91,0,0,1,2,70,1,1,8,1,0,0,1,13,6,3,4,2,1,0
48,481824,1,1,3,7,8,16,53,35,0,1,0,48,2,35,402,35402,14,2003,5N1ED28T53C6,5,N,1,E,D,2,8,T,5,3,C,6,0,P,NISS,XTR,UT,3,17,3638,,0,1043,,G,,F,6,201,,,16R265,,,,,,0,0,000000000,00000000000,0,0,0,1,0,0,0,0,0,0,0,36,0,0,0,99,6,2,35,0,0,0,1,48,75650,6,1,0,0,3,3,999,999,0,0,0,0,0,0,0,0,0,1,91,0,0,0,1,2,30,3,2,8,1,0,0,14,12,1,4,4,7,1,0
48,481825,1,2,4,8,8,23,17,12,6,1,0,48,1,7,442,7442,20,2011,2D4RN3DG9BR7,2,D,4,R,N,3,D,G,9,B,R,7,0,P,DODG,CAR,SV,11,17,4510,,0,1212,,F,,F,6,220,,,16R235,,,,,,0,0,000000000,00000000000,0,0,0,1,0,0,0,0,0,0,0,998,0,0,0,81,6,2,12,0,0,0,1,48,75603,6,1,0,0,3,3,999,999,0,0,0,0,0,0,0,0,0,0,38,0,0,0,1,2,99,1,1,8,1,20,3,1,17,1,1,1,87,1,0
48,481825,2,2,1,8,8,23,17,12,6,1,0,48,1,23,481,23481,31,1990,1GTDC14K7LZ5,1,G,T,D,C,1,4,K,7,L,Z,5,0,T,GMC,SC1,PK,90,17,,1,1315,1175,SIE,G,,,8,350,,,,B,3717,07,A,42,0,0,000000000,00000000000,0,0,0,1,0,0,0,0,0,0,0,998,0,0,0,12,6,2,12,0,0,0,1,48,75091,6,1,0,0,3,0,999,999,0,1,0,2,0,12,2011,3,2012,0,0,0,0,0,5,4,60,1,1,8,1,0,0,1,66,1,1,1,86,0,0
48,481826,1,2,3,11,8,22,41,12,2,1,0,48,2,7,472,7472,30,1993,1B7FL26X5PS1,1,B,7,F,L,2,6,X,5,P,S,1,0,T,DODG,DAK,PK,93,17,,1,1239,1119,DAK,G,,,6,239,,,,B,2885,01,A,42,0,0,000000000,00000000000,0,0,0,1,0,0,0,0,0,0,0,998,0,0,0,12,2,3,12,0,0,0,1,48,75751,0,0,0,0,0,0,999,999,0,0,0,0,0,0,0,0,0,0,51,0,0,0,1,2,70,1,1,8,1,0,0,1,10,1,1,2,50,1,1
48,481826,2,2,2,11,8,22,41,12,2,1,0,48,2,7,442,7442,20,1999,2B4FP2532XR4,2,B,4,F,P,2,5,3,2,X,R,4,0,P,DODG,CAR,SV,99,17,3415,,0,1133,,G,,F,6,181,,,14R205,,,,,,0,0,000000000,00000000000,0,0,0,1,0,0,0,0,0,0,0,998,0,0,0,12,4,3,12,0,0,0,1,48,75766,0,0,0,0,0,0,999,999,0,0,0,0,0,0,0,0,0,0,0,0,0,0,1,2,70,1,1,8,1,0,0,1,62,1,1,1,51,0,0
48,481827,1,2,1,15,8,16,40,12,6,1,0,48,2,12,481,12481,31,1999,1FTNX21F6XEB,1,F,T,N,X,2,1,F,6,X,E,B,1,T,FORD,F2S,4C,99,17,,2,1580,1418,SRW,D,,,8,444,,,,C,5635,01,E,44,1,0,000000000,00000000000,0,0,0,1,0,0,0,0,0,0,0,998,0,0,0,99,2,1,12,0,0,0,1,48,75783,6,1,0,0,3,0,999,999,0,0,0,0,1,7,2012,7,2012,0,38,0,0,0,1,2,70,1,2,8,1,0,0,11,10,1,1,1,68,0,0
48,481827,2,2,1,15,8,16,40,12,6,1,0,48,1,37,705,37705,80,2002,JH2RC44J02K0,J,H,2,R,C,4,4,J,0,2,K,0,0,M,HOND,VT0,RS,2,17,,,,,,,745,,2,,4,505,,,,,,,0,0,000000000,00000000000,0,0,0,1,0,0,0,0,0,0,0,998,0,0,0,12,9,2,12,0,0,0,1,48,75482,6,1,0,0,3,0,999,999,2,0,0,2,1,10,2009,4,2012,0,0,0,0,0,1,2,70,1,2,8,1,0,0,1,62,1,1,1,69,1,0
48,481828,1,1,1,17,8,5,40,1,0,1,0,17,3,82,881,82881,66,2011,1FUJGEDV4BLB,1,F,U,J,G,E,D,V,4,B,L,B,1,T,FRHT,125,TR,11,17,,8,0,0,CSC,D,,,6,781,,,,,00000,00,,64,1,57,191496,57191496,3,6,1,1,0,0,0,0,0,0,0,998,0,1,3,0,4,3,1,0,0,0,1,48,77016,6,1,6,0,3,0,999,999,0,0,0,0,0,0,0,0,0,1,58,0,0,0,3,2,70,2,1,8,1,0,0,14,12,7,9,4,6,1,0