STATE,ST_CASE,VEH_NO,VE_FORMS,NUMOCCS,DAY,MONTH,HOUR,MINUTE,HARM_EV,MAN_COLL,UNITTYPE,HIT_RUN,REG_STAT,OWNER,MAKE,MODEL,MAK_MOD,BODY_TYP,MOD_YEAR,VIN,VIN_1,VIN_2,VIN_3,VIN_4,VIN_5,VIN_6,VIN_7,VIN_8,VIN_9,VIN_10,VIN_11,VIN_12,TOW_VEH,VINTYPE,VINMAKE,VINA_MOD,VIN_BT,VINMODYR,VIN_LNGT,VIN_WGT,WGTCD_TR,WHLBS_LG,WHLBS_SH,SER_TR,FUELCODE,MCYCL_DS,CARBUR,CYLINDER,DISPLACE,MCYCL_CY,MCYCL_WT,TIRE_SZE,TON_RAT,TRK_WT,TRKWTVAR,VIN_REST,WHLDRWHL,J_KNIFE,MCARR_I1,MCARR_I2,MCARR_ID,GVWR,V_CONFIG,CARGO_BT,HAZ_INV,HAZ_PLAC,HAZ_ID,HAZ_CNO,HAZ_REL,BUS_USE,SPEC_USE,EMER_USE,TRAV_SP,UNDERIDE,ROLLOVER,ROLINLOC,IMPACT1,DEFORMED,TOWED,M_HARM,VEH_SC1,VEH_SC2,FIRE_EXP,DR_PRES,L_STATE,DR_ZIP,L_STATUS,L_TYPE,CDL_STAT,L_ENDORS,L_COMPL,L_RESTRI,DR_HGT,DR_WGT,PREV_ACC,PREV_SUS,PREV_DWI,PREV_SPD,PREV_OTH,FIRST_MO,FIRST_YR,LAST_MO,LAST_YR,SPEEDREL,DR_SF1,DR_SF2,DR_SF3,DR_SF4,VTRAFWAY,VNUM_LAN,VSPD_LIM,VALIGN,VPROFILE,VPAVETYP,VSURCOND,VTRAFCON,VTCONT_F,P_CRASH1,P_CRASH2,P_CRASH3,PCRASH4,PCRASH5,ACC_TYPE,DEATHS,DR_DRINK
48,481830,1,1,5,19,8,16,10,24,0,1,0,40,1,12,422,12422,15,2004,1FMRU15W44LA,1,F,M,R,U,1,5,W,4,4,L,A,0,P,FORD,EPT,UT,4,17,5218,,0,1191,,G,,F,8,281,,,17R265,,,,,,0,0,000000000,00000000000,0,0,0,1,0,0,0,0,0,0,0,998,0,0,0,1,4,3,24,0,0,0,1,40,72411,0,0,0,0,0,0,999,999,0,0,0,0,0,0,0,0,0,0,0,0,0,0,3,2,70,3,1,8,1,0,0,14,1,7,9,4,2,1,0
48,481831,1,1,1,20,8,10,30,42,0,1,0,48,1,12,481,12481,31,2008,1FTSW20538EB,1,F,T,S,W,2,0,5,3,8,E,B,0,T,FORD,F2S,CW,8,17,,2,1720,1560,SRW,G,,,8,329,,,,C,6051,01,E,42,0,0,000000000,00000000000,0,0,0,1,0,0,0,0,0,0,0,998,0,1,5,12,6,2,42,0,0,1,1,48,75605,6,1,0,0,3,3,999,999,0,0,0,0,0,0,0,0,0,0,0,0,0,0,1,2,55,2,1,8,1,0,0,14,12,1,1,4,6,1,0
48,481832,1,1,12,20,8,14,15,1,0,1,0,48,2,23,401,23401,14,2003,1GKES16S6362,1,G,K,E,S,1,6,S,6,3,6,2,0,T,GMC,EXL,4W,3,17,,2,0,1290,ENV,G,,,6,256,,,,B,4417,00,E,42,0,0,000000000,00000000000,0,0,0,1,0,0,0,0,0,0,0,998,0,2,3,0,6,2,1,0,0,0,1,48,75670,6,1,0,0,3,0,999,999,0,0,0,0,0,0,0,0,0,0,58,24,91,0,3,2,75,1,1,8,1,0,0,1,10,7,3,4,2,5,0
48,481833,1,7,1,21,8,4,57,12,6,1,0,48,1,12,3,12003,2,2004,1FAFP42X04F2,1,F,A,F,P,4,2,X,0,4,F,2,0,P,FORD,MGT,CP,4,17,3114,,0,1013,,G,,F,8,281,,,17R245,,,,,,0,0,000000000,00000000000,0,0,0,1,0,0,0,0,0,0,0,60,0,0,0,12,6,2,12,0,0,0,1,48,75040,6,1,6,0,3,3,999,999,0,0,0,0,3,11,2010,11,2011,1,6,91,0,0,3,4,60,1,1,8,1,0,0,98,50,1,1,1,98,0,0
48,481833,2,7,2,21,8,4,57,12,6,1,0,48,3,20,1,20001,2,1970,0013099192H1,0,0,1,3,0,9,9,1,9,2,H,1,0,P,CHEV,SPT,,70,15,3279,,1086,900,,,,,,,,,146.95,,,,,,0,0,000000000,00000000000,0,0,0,1,0,0,0,0,0,0,0,998,0,0,0,12,6,2,12,0,0,1,1,48,75224,6,1,0,0,3,0,999,999,1,1,0,1,1,8,2009,3,2011,1,6,91,0,0,3,4,60,1,1,8,1,0,0,98,50,7,1,2,48,0,1
48,481833,3,7,1,21,8,4,57,12,6,1,0,48,2,7,402,7402,14,2000,1B4HR28YXYF2,1,B,4,H,R,2,8,Y,X,Y,F,2,0,P,DODG,DUR,UT,0,17,4225,,0,1159,,G,,F,8,318,,,15R235,,,,,,0,0,000000000,00000000000,0,0,0,1,0,0,0,0,0,0,0,998,0,0,0,6,6,2,12,0,0,0,1,48,75115,1,1,0,0,2,0,999,999,0,1,0,0,1,1,2010,9,2011,0,0,0,0,0,3,4,60,1,1,8,1,0,0,1,60,1,1,1,98,0,0
48,481833,4,7,1,21,8,4,57,12,6,1,0,48,1,7,24,7024,4,2007,2B3KA53H27H7,2,B,3,K,A,5,3,H,2,7,H,7,0,P,DODG,CHR,4D,7,17,3976,,0,1200,,G,,F,8,348,,,18R225,,,,,,0,0,000000000,00000000000,0,0,0,1,0,0,0,0,0,0,0,0,0,0,0,6,4,3,12,0,0,0,1,48,75007,6,1,0,0,3,0,999,999,0,0,0,0,0,0,0,0,0,0,54,0,0,0,3,4,60,1,1,8,1,0,0,5,61,1,1,1,98,0,0
48,481833,5,7,2,21,8,4,57,12,6,1,0,48,2,19,3,19003,4,2003,1G6KD54Y73U1,1,G,6,K,D,5,4,Y,7,3,U,1,0,P,CADI,DFW,4D,3,17,3978,,0,1153,,G,,F,8,279,,,16R225,,,,,,0,0,000000000,00000000000,0,0,0,1,0,0,0,0,0,0,0,0,0,0,0,63,6,2,12,0,0,1,1,48,75115,3,1,0,0,2,0,63,108,1,4,0,0,0,1,2010,5,2011,0,54,0,0,0,3,4,60,1,1,8,1,0,0,7,98,1,1,1,98,2,1
48,481833,6,7,2,21,8,4,57,12,6,1,0,48,3,12,880,12880,67,2001,1FTWX32F71EA,1,F,T,W,X,3,2,F,7,1,E,A,0,T,FORD,F3D,4C,1,17,,3,0,1580,DRW,D,,,8,444,,,,D,5543,07,U,42,0,88,888888888,88888888888,2,1,97,1,0,0,0,0,0,0,0,998,0,0,0,62,4,3,12,0,0,0,1,48,75216,6,1,0,0,3,0,999,999,0,0,0,0,0,0,0,0,0,0,0,0,0,0,3,4,60,1,1,8,1,0,0,1,60,1,1,1,48,0,0
48,481833,7,7,1,21,8,4,57,12,6,1,0,48,2,13,421,13421,15,2002,5LMEU27R52LJ,5,L,M,E,U,2,7,R,5,2,L,J,0,P,LINC,NAV,UT,2,17,5396,,0,1190,,G,,F,8,330,,,17R275,,,,,,0,0,000000000,00000000000,0,0,0,1,0,0,0,0,0,0,0,998,0,0,0,9,2,1,12,0,0,0,1,48,75044,6,1,6,0,3,3,999,999,0,0,0,0,0,0,0,0,0,0,0,0,0,0,3,4,60,1,1,8,1,0,0,1,98,1,1,1,98,0,0
48,481834,1,1,3,26,8,1,50,42,0,1,0,48,2,24,5,24005,4,2003,1G8JU54F63Y5,1,G,8,J,U,5,4,F,6,3,Y,5,0,P,STRN,L20,4D,3,17,3033,,0,1065,,G,,F,4,134,,,15R195,,,,,,0,0,000000000,00000000000,0,0,0,1,0,0,0,0,0,0,0,998,0,0,0,12,6,2,42,0,0,0,1,48,75760,0,0,0,0,0,0,999,999,0,0,0,0,0,0,0,0,0,1,0,0,0,0,1,2,40,3,3,8,1,0,0,14,6,1,9,4,7,2,1
48,481835,1,2,1,27,8,2,24,12,6,1,0,48,3,82,881,82881,66,2007,1FUJA6AV87LW,1,F,U,J,A,6,A,V,8,7,L,W,1,T,FRHT,COL,TR,7,17,,8,0,0,CON,D,,,6,893,,,,,00000,00,,64,1,57,2106057,572106057,3,6,2,1,0,0,0,0,0,0,0,998,0,0,0,12,4,3,8,0,0,0,1,48,78239,6,1,6,1,3,3,999,999,0,0,0,0,1,7,2011,7,2011,0,0,0,0,0,3,2,75,1,1,8,1,0,0,15,50,1,1,2,98,0,0
48,481835,2,2,0,27,8,2,24,12,6,1,0,48,6,12,481,12481,31,1995,1FTHX25GXSKC,1,F,T,H,X,2,5,G,X,S,K,C,0,T,FORD,F25,PC,95,17,,2,0,1550,COF,G,,,8,460,,,,C,00000,00,A,42,0,0,000000000,00000000000,0,0,0,1,0,0,0,0,0,0,0,998,0,0,0,3,6,2,12,0,0,0,0,0,99997,7,6,97,7,6,7,998,997,998,998,998,998,998,98,9998,98,9998,8,20,0,0,0,3,2,75,1,1,8,1,0,0,0,98,0,0,0,98,0,0
48,481836,1,1,2,27,8,21,49,8,0,1,0,48,1,37,31,37031,2,2008,2HGFG12628H5,2,H,G,F,G,1,2,6,2,8,H,5,0,P,HOND,UCL,CP,8,17,2718,,0,1043,,G,,F,4,110,,,16R205,,,,,,0,0,000000000,00000000000,0,0,0,1,0,0,0,0,0,0,0,998,0,0,0,12,4,3,8,0,0,0,1,48,76021,6,1,0,0,3,3,999,999,0,0,0,0,0,0,0,0,0,0,0,0,0,0,3,3,65,1,1,8,1,0,0,1,80,1,1,1,13,0,0
48,481837,1,1,0,30,8,21,21,8,0,1,0,48,6,49,482,49482,31,2002,5TBRT34112S2,5,T,B,R,T,3,4,1,1,2,S,2,0,T,TOYT,TRS,4C,2,17,,2,0,1283,TUN,G,,,8,285,,,,C,4088,00,U,42,0,0,000000000,00000000000,0,0,0,1,0,0,0,0,0,0,0,998,0,0,0,9,0,3,8,0,0,0,0,0,99997,7,6,97,7,6,7,998,997,998,998,998,998,998,98,9998,98,9998,8,0,0,0,0,3,2,45,1,1,8,1,3,3,0,98,0,0,0,98,0,0
48,481838,1,1,21,31,8,3,18,1,0,1,0,48,2,12,481,12481,31,2000,3FTSW31F4YMA,3,F,T,S,W,3,1,F,4,Y,M,A,0,T,FORD,F3S,CW,0,17,,2,1724,1562,SRW,D,,,8,444,,,,D,5942,07,E,44,0,0,000000000,00000000000,0,0,0,1,0,0,0,0,0,0,0,998,0,1,5,0,6,2,1,0,0,0,1,99,99999,9,9,99,0,9,9,999,999,99,99,99,99,99,99,9999,99,9999,0,23,0,0,0,1,2,70,1,1,8,1,0,0,1,1,1,4,4,2,2,0
48,481839,1,1,4,23,7,3,3,38,0,1,0,48,1,12,402,12402,14,2003,1FMYU03113KB,1,F,M,Y,U,0,3,1,1,3,K,B,0,P,FORD,SPE,UT,3,17,3252,,0,1031,,G,,F,6,181,,,15R225,,,,,,0,0,000000000,00000000000,0,0,0,1,0,0,0,0,0,0,0,998,0,0,0,12,6,2,38,0,0,0,1,48,78332,4,1,0,0,2,0,999,999,0,1,0,0,0,3,2012,3,2012,1,0,0,0,0,1,2,30,1,1,8,1,20,3,1,14,1,1,4,14,1,0
48,481840,1,1,1,9,8,3,40,1,0,1,0,48,2,12,422,12422,15,1998,1FMZU32EXWZA,1,F,M,Z,U,3,2,E,X,W,Z,A,0,P,FORD,EPR,UT,98,17,3911,,0,1115,,G,,F,6,245,,,15R225,,,,,,0,0,000000000,00000000000,0,0,0,1,0,0,0,0,0,0,0,998,0,2,5,0,6,2,1,0,0,1,1,48,78537,0,0,0,0,0,0,999,999,0,0,0,0,0,0,0,0,0,1,51,0,0,0,1,2,30,1,1,8,1,0,0,1,12,1,1,4,6,1,0
48,481841,1,2,1,10,8,17,0,12,2,1,0,48,2,7,472,7472,30,1994,1B7GL23X7RW1,1,B,7,G,L,2,3,X,7,R,W,1,0,T,DODG,DAK,PC,94,17,,1,0,1309,DAK,G,,,6,239,,,,B,3472,00,B,42,0,0,000000000,00000000000,0,0,0,1,0,0,0,0,0,0,0,998,0,0,0,12,4,3,12,0,0,0,1,48,75833,0,0,0,0,0,0,999,999,0,0,0,0,0,0,0,0,0,1,0,0,0,0,1,2,30,2,3,8,11,0,0,14,10,1,1,2,50,1,0
48,481841,2,2,1,10,8,17,0,12,2,1,0,48,0,7,880,7880,67,1995,3B7MF33C3SM1,3,B,7,M,F,3,3,C,3,S,M,1,0,T,DODG,350,PC,95,17,,3,0,1547,RPC,D,,,6,359,,,,D,5758,00,M,44,0,88,888888888,88888888888,2,1,96,1,0,0,0,0,0,0,0,998,0,0,0,12,4,3,12,0,0,0,1,48,75831,0,0,0,0,0,0,999,999,0,0,0,0,0,0,0,0,0,0,0,0,0,0,1,2,30,2,3,8,11,0,0,1,62,1,1,1,51,0,0
48,481842,1,1,1,11,8,10,20,8,0,1,0,48,2,23,421,23421,15,2009,3GTEC23099G2,3,G,T,E,C,2,3,0,9,9,G,2,0,T,GMC,1NC,CW,9,17,,2,0,1435,SIE,F,,,8,323,,,,B,5227,00,4,42,0,0,000000000,00000000000,0,0,0,1,0,0,0,0,0,0,0,998,0,0,0,14,0,1,8,0,0,0,1,48,78629,6,1,0,0,3,3,999,999,0,0,0,0,0,0,0,0,0,0,0,0,0,0,0,0,0,0,0,0,0,0,0,11,80,1,1,1,13,0,0
48,481843,1,1,3,13,8,4,30,11,0,1,0,48,1,13,1,13001,4,2003,1LNHM82W73Y6,1,L,N,H,M,8,2,W,7,3,Y,6,0,P,LINC,SIG,4D,3,17,4156,,0,1177,,G,,F,8,281,,,17R225,,,,,,0,0,000000000,00000000000,0,0,0,1,0,0,0,0,0,0,0,998,0,0,0,12,4,3,11,0,0,0,1,48,79252,3,1,3,0,2,3,999,999,0,0,0,0,0,0,0,0,0,0,0,0,0,0,2,2,70,1,2,8,1,0,0,1,87,1,1,1,13,1,0
48,481844,1,1,2,14,8,10,6,35,0,1,0,48,1,63,34,63034,4,2007,KNAGE1238751,K,N,A,G,E,1,2,3,8,7,5,1,0,P,KIA,OLE,4D,7,17,3142,,0,1071,,G,,F,4,146,,,16R205,,,,,,0,0,000000000,00000000000,0,0,0,1,0,0,0,0,0,0,0,998,0,1,5,12,4,3,35,0,0,0,1,48,78550,6,1,6,0,3,0,999,999,0,0,0,0,0,0,0,0,0,0,58,0,0,0,1,2,60,1,1,8,1,0,0,1,13,6,4,4,7,2,0
48,481845,1,1,1,22,8,0,42,30,0,1,0,48,0,12,481,12481,31,2004,1FTNX20L04EA,1,F,T,N,X,2,0,L,0,4,E,A,0,T,FORD,F2S,4C,4,17,,2,1580,1418,SRW,G,,,8,330,,,,C,5562,00,U,42,0,0,000000000,00000000000,0,0,0,1,0,0,0,0,0,0,0,998,0,0,0,9,4,3,30,0,0,0,1,48,78405,0,0,0,0,0,0,999,999,0,0,0,0,0,0,0,0,0,1,37,48,0,0,5,4,98,1,1,8,1,0,0,11,15,6,1,4,6,1,0
48,481846,1,2,1,25,8,6,15,12,2,1,0,48,2,49,401,49401,14,2001,JT3HN86R4103,J,T,3,H,N,8,6,R,4,1,0,3,0,P,TOYT,RUN,UT,1,17,3930,,0,1053,,G,,F,6,206,,,15R225,,,,,,0,0,000000000,00000000000,0,0,0,1,0,0,0,0,0,0,0,998,0,1,1,12,6,2,12,0,0,0,1,48,78629,1,1,0,0,2,3,999,999,0,0,0,0,0,0,0,0,0,0,91,28,0,0,1,3,70,1,3,8,1,0,0,1,10,1,1,2,50,0,1
48,481846,2,2,2,25,8,6,15,12,2,1,0,48,1,20,471,20471,30,1998,1GCCS144XWK2,1,G,C,C,S,1,4,4,X,W,K,2,0,T,CHEV,S14,PK,98,17,,1,1179,1083,S,G,,,4,133,,,,B,3003,00,,42,0,0,000000000,00000000000,0,0,0,1,0,0,0,0,0,0,0,998,0,0,0,12,4,3,12,0,0,0,1,48,78666,1,1,1,0,2,3,999,999,0,2,0,1,1,6,2010,9,2010,0,0,0,0,0,1,3,70,1,3,8,1,0,0,1,62,6,1,1,51,1,0
48,481847,1,1,1,25,8,10,0,9,0,1,0,48,1,18,2,18002,4,2003,1G4HP52KX3U2,1,G,4,H,P,5,2,K,X,3,U,2,0,P,BUIC,LCF,4D,3,17,3567,,0,1122,,G,,F,6,231,,,15R215,,,,,,0,0,000000000,00000000000,0,0,0,1,0,0,0,0,0,0,0,998,0,0,0,1,2,8,9,0,0,0,1,48,77087,6,1,0,0,3,0,999,999,0,0,0,0,0,0,0,0,0,0,0,0,0,0,2,2,35,1,1,1,1,0,0,1,83,1,1,1,13,0,0
48,481848,1,1,1,27,8,23,36,8,0,1,1,48,1,54,35,54035,4,2010,19UUA8F55AA0,1,9,U,U,A,8,F,5,5,A,A,0,0,P,ACUR,ATL,4D,10,17,3721,,0,1093,,G,,F,6,214,,,17R245,,,,,,0,0,000000000,00000000000,0,0,0,1,0,0,0,0,0,0,0,998,0,0,0,12,2,1,8,0,0,0,1,48,76502,6,1,0,0,3,0,999,999,0,2,1,0,0,3,2011,12,2011,0,0,0,0,0,4,3,98,8,8,8,1,3,3,1,80,1,1,1,13,0,0
48,481849,1,1,2,28,8,23,10,30,0,1,0,48,2,22,9,22009,2,2002,2G2FS22K2221,2,G,2,F,S,2,2,K,2,2,2,1,0,P,PONT,FBD,2H,2,17,3327,,0,1011,,G,,F,6,231,,,16R235,,,,,,0,0,000000000,00000000000,0,0,0,1,0,0,0,0,0,0,0,998,0,0,0,12,4,3,30,0,0,0,1,48,78065,6,1,0,0,3,3,999,999,0,0,0,0,0,0,0,0,0,1,0,0,0,0,1,2,35,3,1,8,1,0,0,1,13,99,1,4,1,1,0
48,481850,1,2,1,29,8,20,31,12,6,1,0,48,0,73,705,73705,80,1998,JKAZX4G10WA0,J,K,A,Z,X,4,G,1,0,W,A,0,0,M,KAWK,ZXG,RC,98,17,,,,,,,600,,4,,4,431,,,,,,,0,0,000000000,00000000000,0,0,0,1,0,0,0,0,0,0,0,47,0,0,0,12,8,3,12,0,0,0,1,48,75216,6,1,6,0,2,0,999,999,0,0,0,0,1,12,2011,12,2011,1,0,0,0,0,2,3,35,1,1,8,1,0,0,1,17,3,1,1,69,1,0
48,481850,2,2,1,29,8,20,31,12,6,1,0,48,0,20,22,20022,4,2007,1G1AK55F5772,1,G,1,A,K,5,5,F,5,7,7,2,0,P,CHEV,BLS,4D,7,17,3216,,0,1033,,G,,F,4,134,,,15R195,,,,,,0,0,000000000,00000000000,0,0,0,1,0,0,0,0,0,0,0,998,0,0,0,3,4,3,12,0,0,0,1,48,75216,0,0,0,0,0,0,999,999,0,0,0,0,0,0,0,0,0,0,0,0,0,0,2,3,35,1,1,8,1,0,0,11,62,1,1,1,68,0,0
48,481851,1,3,1,30,8,18,52,33,0,1,0,48,1,37,706,37706,80,2002,JH2SC50042M0,J,H,2,S,C,5,0,0,4,2,M,0,0,M,HOND,CR9,RC,2,17,,,,,,,954,,4,,4,999,,,,,,,0,0,000000000,00000000000,0,0,0,1,0,0,0,0,0,0,0,998,0,0,0,99,9,2,5,0,0,0,1,48,76541,6,1,0,0,2,3,999,999,0,0,0,0,0,0,0,0,0,1,0,0,0,0,4,2,99,1,1,8,1,3,3,11,15,1,1,4,4,1,0
48,481851,2,3,2,30,8,18,52,33,0,1,0,48,1,12,422,12422,15,2004,1FMPU17L74LB,1,F,M,P,U,1,7,L,7,4,L,B,0,P,FORD,EPT,UT,4,17,5339,,0,1191,,G,,F,8,330,,,17R265,,,,,,0,0,000000000,00000000000,0,0,0,1,0,0,0,0,0,0,0,998,0,0,0,14,9,2,54,0,0,0,1,48,78681,6,1,0,0,3,0,999,999,1,0,0,0,0,10,2009,10,2009,0,0,0,0,0,3,2,99,1,1,8,1,0,0,1,98,1,1,1,98,0,0
48,481851,3,3,3,30,8,18,52,33,0,1,0,2,9,7,24,7024,4,2010,2B3CA5CT6AH2,2,B,3,C,A,5,C,T,6,A,H,2,0,P,DODG,CHR,4D,10,17,4100,,0,1200,,G,,F,8,348,,,18R225,,,,,,0,0,000000000,00000000000,0,0,0,1,0,0,0,0,0,0,0,998,0,0,0,14,9,1,54,0,0,0,1,48,76548,6,1,0,0,3,0,999,999,0,0,0,1,0,7,2012,7,2012,0,0,0,0,0,3,2,99,1,1,8,1,0,0,1,98,1,1,1,98,0,0
48,481852,1,1,2,22,7,22,10,42,0,1,0,48,1,39,32,39032,4,2003,SAJDA14CX3LF,S,A,J,D,A,1,4,C,X,3,L,F,0,P,JAGU,XJ8,4D,3,17,3995,,0,1130,,G,,F,8,244,,,16R225,,,,,,0,0,000000000,00000000000,0,0,0,1,0,0,0,0,0,0,0,65,0,0,0,7,6,2,42,0,0,0,1,48,75149,6,1,6,0,3,0,70,252,1,0,0,0,0,12,2009,12,2009,1,0,0,0,0,2,3,45,3,2,8,1,0,0,14,13,1,3,4,2,1,1
48,481853,1,1,2,19,8,3,15,18,0,1,0,48,2,12,401,12401,14,1998,1FMZU32E9WZA,1,F,M,Z,U,3,2,E,9,W,Z,A,0,P,FORD,EPR,UT,98,17,3911,,0,1115,,G,,F,6,245,,,15R225,,,,,,0,0,000000000,00000000000,0,0,0,1,0,0,0,0,0,0,0,998,0,1,5,99,4,3,1,0,0,0,1,48,76022,0,0,0,0,0,0,61,148,0,1,0,0,0,1,2012,1,2012,0,0,0,0,0,3,3,60,4,1,8,1,0,0,14,9,1,9,4,2,1,1
48,481854,1,2,1,22,8,18,40,12,6,1,0,93,3,82,881,82881,66,2007,1FUJA6CK47LW,1,F,U,J,A,6,C,K,4,7,L,W,1,T,FRHT,COL,TR,7,17,,8,0,0,CON,D,,,6,855,,,,,00000,00,,64,1,57,2109794,572109794,3,6,2,1,0,0,0,0,0,0,0,998,0,0,0,5,2,1,12,0,0,0,1,48,76424,6,1,6,1,3,0,999,999,1,0,0,0,2,11,2009,10,2010,0,38,0,0,0,1,2,70,1,2,8,1,0,0,11,15,1,1,1,68,0,0
48,481854,2,2,2,22,8,18,40,12,6,1,0,48,1,20,22,20022,2,2009,1G1AK18H6972,1,G,1,A,K,1,8,H,6,9,7,2,0,P,CHEV,BLS,CP,9,17,2991,,0,1033,,G,,F,4,134,,,15R195,,,,,,0,0,000000000,00000000000,0,0,0,1,0,0,0,0,0,0,0,998,0,0,0,12,6,2,12,0,0,0,1,48,78802,6,1,6,0,3,0,999,999,0,0,0,1,1,1,2012,2,2012,1,0,0,0,0,1,2,70,1,2,8,1,0,0,1,62,8,4,2,69,1,0
48,481855,1,2,1,24,8,22,0,8,0,1,0,48,2,13,401,13401,14,2003,5LMEU68H93ZJ,5,L,M,E,U,6,8,H,9,3,Z,J,0,P,LINC,AVI,UT,3,17,4834,,0,1137,,G,,F,8,281,,,17R245,,,,,,0,0,000000000,00000000000,0,0,0,1,0,0,0,0,0,0,0,998,0,0,0,12,4,1,8,32,0,0,1,48,78217,6,1,0,0,3,3,999,999,0,0,0,0,0,0,0,0,0,0,0,0,0,0,1,4,45,1,1,8,1,0,0,1,80,7,1,1,13,0,0
48,481855,2,2,1,24,8,22,0,8,0,1,1,99,9,12,481,12481,31,9999,999999999999,9,9,9,9,9,9,9,9,9,9,9,9,0,,,,,,,,,,,,,,,,,,,,,,,,,0,0,000000000,00000000000,0,0,0,1,0,0,0,0,0,0,0,998,0,0,0,12,9,1,8,0,0,0,1,99,99999,9,9,99,9,9,9,999,999,99,99,99,99,99,99,9999,99,9999,0,0,0,0,0,1,4,45,1,1,8,1,0,0,1,80,1,1,1,98,0,0
48,481856,1,2,2,24,8,2,52,12,6,1,1,48,2,12,471,12471,30,2003,1FTYR10U33PA,1,F,T,Y,R,1,0,U,3,3,P,A,0,T,FORD,RNG,PK,3,17,,1,1175,1116,RNG,G,,,6,182,,,,B,3085,03,U,42,0,0,000000000,00000000000,0,0,0,1,0,0,0,0,0,0,0,998,0,0,0,9,4,3,12,0,0,0,1,48,78043,0,0,0,0,0,0,999,999,0,0,0,0,0,0,0,0,0,0,38,0,0,0,1,2,99,1,1,8,1,20,3,4,17,1,1,1,89,0,0
48,481856,2,2,1,24,8,2,52,12,6,1,0,48,2,76,709,76709,80,2009,JYARJ18E89A0,J,Y,A,R,J,1,8,E,8,9,A,0,0,M,YAMA,Z6R,RC,9,17,,,,,,,600,,4,,4,467,,,,,,,0,0,000000000,00000000000,0,0,0,1,0,0,0,0,0,0,0,998,0,0,0,12,9,2,12,0,0,0,1,48,78043,6,1,0,0,2,0,999,999,0,0,0,0,1,4,2010,4,2010,0,0,0,0,0,1,2,30,1,1,8,1,0,0,1,66,1,1,1,88,1,0
48,481857,1,2,4,25,8,22,30,12,6,1,0,48,2,12,3,12003,2,2002,1FAFP45X22F1,1,F,A,F,P,4,5,X,2,2,F,1,0,P,FORD,MGT,CV,2,17,3379,,0,1013,,G,,F,8,281,,,17R245,,,,,,0,0,000000000,00000000000,0,0,0,1,0,0,0,0,0,0,0,44,0,0,0,12,4,3,12,0,0,0,1,48,75216,0,0,0,0,0,0,999,999,0,0,0,0,0,0,0,0,0,1,0,0,0,0,2,3,35,1,2,8,1,0,0,1,66,3,2,1,88,0,0
48,481857,2,2,4,25,8,22,30,12,6,1,0,48,1,12,17,12017,4,2009,1FAHP23W99G1,1,F,A,H,P,2,3,W,9,9,G,1,0,P,FORD,TSE,4D,9,17,3643,,0,1129,,G,,F,6,214,,,17R215,,,,,,0,0,000000000,00000000000,0,0,0,1,0,0,0,0,0,0,0,998,0,0,0,9,4,3,12,0,0,0,1,48,75208,0,0,0,0,0,0,999,999,0,0,0,0,0,0,0,0,0,0,38,0,0,0,1,2,99,1,1,8,1,20,3,4,17,1,1,1,89,1,0
48,481858,1,1,1,25,8,23,50,33,0,1,0,48,2,12,481,12481,31,1996,1FTEF15N7TLA,1,F,T,E,F,1,5,N,7,T,L,A,0,T,FORD,F15,PK,96,17,,2,1330,1170,COF,G,,,8,302,,,,B,4065,00,M,42,0,0,000000000,00000000000,0,0,0,1,0,0,0,0,0,0,0,998,0,0,0,99,6,2,42,0,0,0,1,48,75041,1,1,0,0,2,0,65,163,0,12,0,0,0,11,2009,4,2012,0,0,0,0,0,2,3,45,1,1,8,1,0,0,1,12,1,1,4,6,1,1
48,481859,1,2,1,31,8,3,40,11,0,1,0,35,3,51,881,51881,66,2012,4V4NC9TJXCN5,4,V,4,N,C,9,T,J,X,C,N,5,1,T,VOLV,VNL,TR,12,17,,8,0,0,VVN,D,,,6,915,,,,,00000,00,,64,1,57,1608775,571608775,3,6,2,2,2,1267,3,1,0,0,0,998,0,0,0,12,2,1,11,0,0,0,1,48,77957,6,1,6,1,3,1,999,999,0,0,0,0,0,0,0,0,0,0,0,0,0,0,1,2,70,1,1,8,1,0,0,1,87,1,1,1,13,0,0
48,481859,2,2,2,31,8,3,40,11,0,1,0,48,2,12,444,12444,20,2012,NM0LS6BN4CT1,N,M,0,L,S,6,B,N,4,C,T,1,0,T,FORD,CXT,CG,12,17,,1,0,1146,TRN,G,,,4,122,,,,B,3360,00,K,42,0,0,000000000,00000000000,0,0,0,1,0,0,0,0,0,0,0,998,0,0,0,12,4,3,11,0,0,0,1,48,77957,6,1,0,0,3,0,999,999,0,0,0,0,0,0,0,0,0,0,0,0,0,0,1,2,70,1,1,8,1,0,0,1,87,1,1,1,98,1,0
48,481860,1,1,3,5,8,0,40,58,0,1,0,48,2,37,441,37441,20,2002,5FNRL18642B0,5,F,N,R,L,1,8,6,4,2,B,0,0,P,HOND,UDY,SV,2,17,4354,,0,1181,,G,,F,6,212,,,16R225,,,,,,0,0,000000000,00000000000,0,0,0,1,0,0,0,0,0,0,0,998,0,1,3,99,4,3,1,0,0,0,1,48,76017,6,7,0,0,3,2,999,999,0,0,0,0,0,0,0,0,0,0,73,0,0,0,2,2,60,1,1,8,1,0,0,1,12,1,1,4,6,1,0