STATE,ST_CASE,VEH_NO,VE_FORMS,NUMOCCS,DAY,MONTH,HOUR,MINUTE,HARM_EV,MAN_COLL,UNITTYPE,HIT_RUN,REG_STAT,OWNER,MAKE,MODEL,MAK_MOD,BODY_TYP,MOD_YEAR,VIN,VIN_1,VIN_2,VIN_3,VIN_4,VIN_5,VIN_6,VIN_7,VIN_8,VIN_9,VIN_10,VIN_11,VIN_12,TOW_VEH,VINTYPE,VINMAKE,VINA_MOD,VIN_BT,VINMODYR,VIN_LNGT,VIN_WGT,WGTCD_TR,WHLBS_LG,WHLBS_SH,SER_TR,FUELCODE,MCYCL_DS,CARBUR,CYLINDER,DISPLACE,MCYCL_CY,MCYCL_WT,TIRE_SZE,TON_RAT,TRK_WT,TRKWTVAR,VIN_REST,WHLDRWHL,J_KNIFE,MCARR_I1,MCARR_I2,MCARR_ID,GVWR,V_CONFIG,CARGO_BT,HAZ_INV,HAZ_PLAC,HAZ_ID,HAZ_CNO,HAZ_REL,BUS_USE,SPEC_USE,EMER_USE,TRAV_SP,UNDERIDE,ROLLOVER,ROLINLOC,IMPACT1,DEFORMED,TOWED,M_HARM,VEH_SC1,VEH_SC2,FIRE_EXP,DR_PRES,L_STATE,DR_ZIP,L_STATUS,L_TYPE,CDL_STAT,L_ENDORS,L_COMPL,L_RESTRI,DR_HGT,DR_WGT,PREV_ACC,PREV_SUS,PREV_DWI,PREV_SPD,PREV_OTH,FIRST_MO,FIRST_YR,LAST_MO,LAST_YR,SPEEDREL,DR_SF1,DR_SF2,DR_SF3,DR_SF4,VTRAFWAY,VNUM_LAN,VSPD_LIM,VALIGN,VPROFILE,VPAVETYP,VSURCOND,VTRAFCON,VTCONT_F,P_CRASH1,P_CRASH2,P_CRASH3,PCRASH4,PCRASH5,ACC_TYPE,DEATHS,DR_DRINK
48,481861,1,1,1,13,8,22,48,21,0,1,0,48,1,42,43,42043,4,2000,WDBNG70J8YA0,W,D,B,N,G,7,0,J,8,Y,A,0,0,P,MERZ,S43,4D,0,17,3890,,0,1215,,G,,F,8,260,,,16R225,,,,,,0,0,000000000,00000000000,0,0,0,1,0,0,0,0,0,0,0,998,0,0,0,12,6,2,21,0,0,0,1,48,75104,6,1,0,0,3,0,999,999,0,0,0,0,0,0,0,0,0,1,37,0,0,0,3,1,45,2,2,8,1,20,3,14,6,1,1,4,6,1,0
48,481862,1,1,1,14,8,20,15,1,0,1,0,48,3,12,481,12481,31,2002,1FDSF34L42EB,1,F,D,S,F,3,4,L,4,2,E,B,0,T,FORD,F3S,CB,2,17,,2,0,1410,SRW,G,,,8,330,,,,D,00000,00,E,42,0,0,000000000,00000000000,0,0,0,1,0,0,0,0,0,0,0,998,0,2,5,0,6,2,1,0,0,0,1,48,75160,6,1,0,0,3,0,64,174,0,0,0,0,0,0,0,0,0,1,58,0,0,0,1,2,55,1,1,8,1,0,0,1,6,6,4,4,2,1,1
48,481863,1,1,1,24,8,18,10,1,0,1,0,48,1,20,401,20401,14,1994,1GNCS13W6R01,1,G,N,C,S,1,3,W,6,R,0,1,0,P,CHEV,S10,UT,94,17,3446,,0,1070,,G,,F,6,262,,,000000,,,,,,0,0,000000000,00000000000,0,0,0,1,0,0,0,0,0,0,0,998,0,2,5,0,4,3,1,0,0,0,1,48,75554,6,1,6,0,3,0,999,999,0,2,0,2,1,9,2009,11,2010,1,0,0,0,0,1,2,55,2,1,8,1,0,0,14,6,1,4,4,7,1,1
48,481864,1,1,1,25,8,22,34,52,0,1,0,48,2,37,706,37706,80,2002,1HFSC46012A0,1,H,F,S,C,4,6,0,1,2,A,0,0,M,HOND,XT8,RS,2,17,,,,,,,1795,,2,,4,705,,,,,,,0,0,000000000,00000000000,0,0,0,1,0,0,0,0,0,0,0,998,0,0,0,12,8,3,52,0,0,0,1,48,76179,2,1,0,0,2,0,70,201,0,0,0,0,0,0,0,0,0,0,0,0,0,0,3,4,60,1,1,8,1,0,0,15,13,1,1,4,1,1,1
48,481865,1,1,6,26,8,16,56,38,0,1,0,48,2,12,481,12481,31,2006,1FTSW20596ED,1,F,T,S,W,2,0,5,9,6,E,D,0,T,FORD,F2S,CW,6,17,,2,1720,1560,SRW,G,,,8,329,,,,C,5927,03,E,42,0,0,000000000,00000000000,0,0,0,1,0,0,0,0,0,0,0,998,0,1,6,12,6,2,1,0,0,0,1,48,76667,3,1,0,0,2,0,999,999,0,11,0,1,2,9,2009,3,2012,1,0,0,0,0,1,2,70,1,1,8,1,0,0,6,6,1,2,4,2,1,0
48,481866,1,1,1,28,8,6,0,42,0,1,0,48,2,20,481,20481,31,2000,1GCEK19T1YZ3,1,G,C,E,K,1,9,T,1,Y,Z,3,0,T,CHEV,SK1,3C,0,17,,2,1575,1435,SIL,G,,,8,325,,,,B,4621,02,,44,0,0,000000000,00000000000,0,0,0,1,0,0,0,0,0,0,0,998,0,0,0,12,6,2,42,0,0,0,1,48,75501,6,1,0,0,3,3,64,271,0,0,0,0,0,0,0,0,0,0,0,0,0,0,1,2,35,1,1,8,1,0,0,1,13,1,1,4,1,1,0
48,481867,1,2,2,31,8,10,35,12,6,1,0,48,1,14,6,14006,4,1994,2MELM75W9RX6,2,M,E,L,M,7,5,W,9,R,X,6,0,P,MERC,MGL,4D,94,17,3796,,0,1144,,G,,F,8,281,,,15R215,,,,,,0,0,000000000,00000000000,0,0,0,1,0,0,0,0,0,0,0,998,0,0,0,9,6,2,12,0,0,0,1,48,75142,6,1,0,0,3,3,65,263,0,0,0,0,0,0,0,0,0,0,38,47,0,0,1,3,65,1,3,8,1,0,0,11,15,1,1,1,72,1,0
48,481867,2,2,2,31,8,10,35,12,6,1,0,48,2,20,481,20481,31,2004,1GCJC39114E1,1,G,C,J,C,3,9,1,1,4,E,1,0,T,CHEV,SC3,4C,4,17,,3,0,1575,SIL,D,,,8,403,,,,D,5951,00,,42,0,0,000000000,00000000000,0,0,0,1,0,0,0,0,0,0,0,998,0,0,0,12,6,2,12,0,0,0,1,48,75124,1,1,0,0,2,3,999,999,0,22,0,0,2,3,2010,8,2012,0,0,0,0,0,1,3,65,1,3,8,1,0,0,1,61,1,1,1,73,0,0
48,481868,1,1,1,8,7,23,4,1,0,1,0,48,2,35,39,35039,4,2000,JN1CA31D0YT7,J,N,1,C,A,3,1,D,0,Y,T,7,0,P,NISS,MGS,4D,0,17,3071,,0,1083,,G,,F,6,182,,,15R205,,,,,,0,0,000000000,00000000000,0,0,0,1,0,0,0,0,0,0,0,998,0,2,5,0,6,2,1,0,0,0,1,48,79714,6,1,6,0,3,0,999,999,1,0,0,0,0,9,2009,9,2009,1,58,0,0,0,1,2,45,1,1,8,1,0,0,1,12,7,3,4,2,1,1
48,481869,1,10,1,23,7,18,29,12,1,1,0,48,2,82,881,82881,66,2005,1FUJBBCG05LN,1,F,U,J,B,B,C,G,0,5,L,N,1,T,FRHT,ST2,TR,5,17,,8,0,0,CON,D,,,6,774,,,,,00000,00,,64,1,57,1314423,571314423,3,6,1,1,0,0,0,0,0,0,0,0,0,0,0,9,4,3,12,0,0,0,1,48,79936,6,1,6,0,3,3,999,999,0,0,0,2,1,10,2009,8,2010,0,0,0,0,0,2,4,75,1,1,8,1,0,0,5,53,1,1,1,98,0,0
48,481869,2,10,1,23,7,18,29,12,1,1,0,48,3,12,481,12481,31,2011,1FDRF3G63BED,1,F,D,R,F,3,G,6,3,B,E,D,0,T,FORD,F3D,CB,11,17,,3,1648,1408,DRW,F,,,8,378,,,,D,5967,00,Y,42,0,0,000000000,00000000000,0,0,0,1,0,0,0,0,0,0,0,0,0,0,0,6,2,3,12,0,0,0,1,48,79763,6,1,0,0,3,0,999,999,0,7,0,1,1,8,2009,3,2012,0,0,0,0,0,2,4,75,1,1,8,1,0,0,1,53,1,1,1,21,0,0
48,481869,3,10,1,23,7,18,29,12,1,1,0,48,3,84,881,84881,66,1999,2HSFMAXR9XC0,2,H,S,F,M,A,X,R,9,X,C,0,1,T,INTL,920,TR,99,17,,8,2340,1600,920,D,,,6,733,,,,,00000,00,,64,1,47,564721,47564721,3,6,2,1,0,0,0,0,0,0,0,998,0,0,0,12,4,3,12,0,0,0,1,48,79706,6,1,6,0,3,0,999,999,0,0,0,0,0,0,0,0,0,1,0,0,0,0,2,4,75,1,1,8,1,0,0,1,50,1,1,1,20,0,0
48,481869,4,10,1,23,7,18,29,12,1,1,0,48,2,49,32,49032,4,2005,1NXBR32E45Z3,1,N,X,B,R,3,2,E,4,5,Z,3,0,P,TOYT,UCS,4D,5,17,2530,,0,1024,,G,,F,4,109,,,15R185,,,,,,0,0,000000000,00000000000,0,0,0,1,0,0,0,0,0,0,0,998,0,0,0,12,4,3,12,0,0,0,1,48,79762,6,1,0,0,3,0,999,999,0,0,0,0,0,0,0,0,0,1,0,0,0,0,2,4,75,1,1,8,1,0,0,1,51,1,1,1,98,0,0
48,481869,5,10,3,23,7,18,29,12,1,1,0,48,2,13,401,13401,14,2004,5LMEU68HX4ZJ,5,L,M,E,U,6,8,H,X,4,Z,J,0,P,LINC,AVI,UT,4,17,4818,,0,1137,,G,,F,8,281,,,17R245,,,,,,0,0,000000000,00000000000,0,0,0,1,0,0,0,0,0,0,0,998,0,0,0,12,4,3,12,0,0,0,1,48,79761,6,1,0,0,3,3,999,999,0,1,0,0,1,12,2009,5,2010,1,0,0,0,0,2,4,75,1,1,8,1,0,0,1,51,1,1,1,98,0,0
48,481869,6,10,1,23,7,18,29,12,1,1,0,48,2,49,32,49032,4,2012,5YFBU4EE1CP0,5,Y,F,B,U,4,E,E,1,C,P,0,0,P,TOYT,CBS,4D,12,17,2734,,0,1024,,G,,F,4,110,,,15R195,,,,,,0,0,000000000,00000000000,0,0,0,1,0,0,0,0,0,0,0,998,0,1,3,6,4,3,1,0,0,0,1,48,79763,6,1,0,0,3,3,999,999,0,0,0,0,0,0,0,0,0,0,0,0,0,0,2,4,75,1,1,8,1,0,0,2,53,1,1,1,98,0,0
48,481869,7,10,2,23,7,18,29,12,1,1,0,48,2,20,481,20481,31,2003,1GCEK14V93Z2,1,G,C,E,K,1,4,V,9,3,Z,2,0,T,CHEV,SK1,PK,3,17,,2,1330,1190,SIL,G,,,8,293,,,,B,4676,01,,44,0,0,000000000,00000000000,0,0,0,1,0,0,0,0,0,0,0,998,0,0,0,12,6,2,12,0,0,0,1,48,79763,0,0,0,0,0,0,999,999,0,0,0,0,0,0,0,0,0,1,0,0,0,0,2,4,75,1,1,8,1,0,0,1,51,1,1,1,98,2,0
48,481869,8,10,1,23,7,18,29,12,1,1,0,40,3,87,881,87881,66,2009,1XPWDB0X49D7,1,X,P,W,D,B,0,X,4,9,D,7,1,T,PTRB,388,TR,9,17,,8,0,0,CON,D,,,6,893,,,,,00000,00,,64,1,57,1711700,571711700,3,6,3,1,0,0,0,0,0,0,0,998,0,0,0,12,4,3,12,0,0,0,1,48,79701,6,1,6,0,3,3,999,999,0,0,0,0,0,0,0,0,0,1,0,0,0,0,2,4,75,1,1,8,1,0,0,1,51,1,1,1,98,0,0
48,481869,9,10,1,23,7,18,29,12,1,1,0,48,1,30,42,30042,3,2012,WVWEV7AJ5CW2,W,V,W,E,V,7,A,J,5,C,W,2,0,P,VOLK,GTI,2H,12,17,3034,,0,0,,G,,T,4,121,,,000000,,,,,,0,0,000000000,00000000000,0,0,0,1,0,0,0,0,0,0,0,998,0,0,0,6,2,3,12,0,0,0,1,48,79761,6,1,6,0,3,0,999,999,0,0,0,0,0,0,0,0,0,0,0,0,0,0,2,4,75,1,1,8,1,0,0,1,53,1,1,1,98,0,0
48,481869,10,10,2,23,7,18,29,12,1,1,0,48,1,85,881,85881,66,2008,1XKDDB0X18J2,1,X,K,D,D,B,0,X,1,8,J,2,1,T,KW,T80,TR,8,17,,8,2600,1600,CON,D,,,6,893,,,,,00000,00,,64,1,57,1382900,571382900,3,6,3,1,0,0,0,0,0,0,0,998,0,0,0,12,2,3,12,0,0,0,1,48,77845,6,1,6,0,3,0,999,999,0,0,0,0,0,0,0,0,0,1,0,0,0,0,2,4,75,1,1,8,1,0,0,1,51,1,1,1,98,0,0
48,481870,1,2,1,29,7,16,49,12,6,1,0,48,2,20,421,20421,15,2008,1GNFK16378R2,1,G,N,F,K,1,6,3,7,8,R,2,0,P,CHEV,K15,UT,8,17,5743,,0,1300,,F,,F,8,323,,,17R265,,,,,,0,0,000000000,00000000000,0,0,0,1,0,0,0,0,0,0,0,998,0,0,0,9,6,2,2,0,0,1,1,48,79707,6,1,0,0,3,0,999,999,1,0,0,1,1,6,2011,8,2011,0,38,0,0,0,1,2,98,8,8,8,1,20,3,4,17,1,1,1,89,1,0
48,481870,2,2,1,29,7,16,49,12,6,1,0,48,3,98,809,98809,66,2006,2FWJAZCG76AV,2,F,W,J,A,Z,C,G,7,6,A,V,1,T,STRG,LT9,TR,6,17,,8,0,0,STE,D,,,6,774,,,,,00000,00,,64,1,57,36487,5736487,3,6,2,1,0,0,0,0,0,0,0,998,0,1,1,12,6,2,2,0,0,1,1,5,79762,6,1,6,0,3,0,65,190,0,0,0,0,0,0,0,0,0,0,0,0,0,0,1,2,70,1,1,8,1,0,0,1,66,1,1,1,88,0,0
48,481871,1,1,1,11,8,2,19,1,0,1,0,48,1,7,482,7482,31,1999,1B7KF2364XJ6,1,B,7,K,F,2,3,6,4,X,J,6,0,T,DODG,Q25,4C,99,17,,2,1547,1387,RPC,D,,,6,359,,,,C,5695,00,U,44,0,0,000000000,00000000000,0,0,0,1,0,0,0,0,0,0,0,998,0,1,5,0,6,2,1,0,0,0,1,48,79763,6,1,6,0,3,0,999,999,0,0,0,1,0,5,2011,5,2011,0,58,0,0,0,2,2,75,1,1,8,1,0,0,1,12,7,3,4,2,1,1
48,481872,1,1,1,12,8,3,0,38,0,1,0,48,1,72,706,72706,80,2007,1HD1JA5187Y0,1,H,D,1,J,A,5,1,8,7,Y,0,0,M,HD,XTB,RS,7,17,,,,,,,1584,,2,,4,656,,,,,,,0,0,000000000,00000000000,0,0,0,1,0,0,0,0,0,0,0,998,0,0,0,99,9,2,38,0,0,0,1,48,77023,6,1,0,0,3,0,66,251,0,0,0,0,0,0,0,0,0,1,0,0,0,0,1,2,35,1,3,8,1,3,3,1,14,1,1,4,14,1,1
48,481873,1,2,1,15,8,17,0,12,2,1,0,48,3,35,47,35047,4,2012,1N4AL2AP5CC1,1,N,4,A,L,2,A,P,5,C,C,1,0,P,NISS,ATS,4D,12,17,3180,,0,1093,,G,,F,4,153,,,16R215,,,,,,0,0,000000000,00000000000,0,0,0,1,0,0,0,0,0,0,0,998,0,0,0,12,6,2,12,0,0,0,1,48,77845,6,1,0,0,3,0,999,999,0,0,0,0,0,0,0,0,0,0,0,0,0,0,4,2,99,1,1,8,1,0,0,1,54,1,1,1,52,0,0
48,481873,2,2,1,15,8,17,0,12,2,1,0,48,1,18,20,18020,4,1999,2G4WB52K7X15,2,G,4,W,B,5,2,K,7,X,1,5,0,P,BUIC,RLL,4D,99,17,3439,,0,1090,,G,,F,6,231,,,15R215,,,,,,0,0,000000000,00000000000,0,0,0,1,0,0,0,0,0,0,0,998,0,0,0,12,6,2,12,0,0,0,1,20,77802,6,1,0,0,3,3,60,146,0,0,0,0,0,0,0,0,0,0,50,0,0,0,4,2,99,1,1,8,1,0,0,1,54,1,1,1,52,1,0
48,481874,1,1,5,19,8,13,10,1,0,1,0,48,2,49,402,49402,14,2002,JTEGH20V5200,J,T,E,G,H,2,0,V,5,2,0,0,0,P,TOYT,RV4,UT,2,17,2711,,0,980,,G,,F,4,122,,,16R215,,,,,,0,0,000000000,00000000000,0,0,0,1,0,0,0,0,0,0,0,998,0,1,5,0,6,2,1,0,0,0,1,48,79927,6,1,0,0,3,3,999,999,0,0,0,0,0,0,0,0,0,0,0,0,0,0,2,2,80,1,1,8,1,0,0,1,1,7,9,4,2,1,0
48,481875,1,1,2,19,8,3,0,38,0,1,0,48,1,12,481,12481,31,2001,1FTZX07291KB,1,F,T,Z,X,0,7,2,9,1,K,B,0,T,FORD,F15,4C,1,17,,1,0,1385,COF,G,,,6,256,,,,B,4204,03,U,42,0,0,000000000,00000000000,0,0,0,1,0,0,0,0,0,0,0,998,0,1,5,6,4,3,1,0,0,0,1,48,76905,0,0,0,0,0,0,999,999,0,5,0,0,0,10,2009,3,2010,0,0,0,0,0,1,2,70,1,1,8,1,0,0,1,13,6,4,4,7,1,1
48,481876,1,2,4,24,8,8,48,12,6,1,0,48,2,12,3,12003,2,1999,1FAFP4042XF2,1,F,A,F,P,4,0,4,2,X,F,2,0,P,FORD,MUS,CP,99,17,3069,,0,1013,,G,,F,6,232,,,15R205,,,,,,0,0,000000000,00000000000,0,0,0,1,0,0,0,0,0,0,0,998,0,0,0,3,6,2,12,0,0,0,1,48,77053,0,0,0,0,0,0,999,999,0,0,0,0,0,0,0,0,0,0,38,91,0,0,1,2,99,1,1,8,1,20,3,4,17,1,1,1,87,2,0
48,481876,2,2,1,24,8,8,48,12,6,1,0,48,1,12,481,12481,31,1999,1FTSW31F3XED,1,F,T,S,W,3,1,F,3,X,E,D,0,T,FORD,F3S,CW,99,17,,2,1724,1562,SRW,D,,,8,444,,,,D,5945,01,E,44,0,0,000000000,00000000000,0,0,0,1,0,0,0,0,0,0,0,998,0,0,0,12,4,3,12,0,0,0,1,48,77539,6,1,6,0,3,3,999,999,1,0,0,0,0,10,2010,10,2010,0,0,0,0,0,2,2,55,1,1,8,1,0,0,1,66,1,1,1,86,0,0
48,481877,1,2,1,30,8,20,59,12,2,1,0,48,2,20,481,20481,31,1992,2GCEC19K1N12,2,G,C,E,C,1,9,K,1,N,1,2,0,T,CHEV,GC1,PC,92,17,,2,1555,1415,GM4,G,,,8,350,,,,B,4426,02,,42,0,0,000000000,00000000000,0,0,0,1,0,0,0,0,0,0,0,998,0,0,0,12,6,2,12,0,0,0,1,48,77979,6,1,0,0,3,0,999,999,0,0,0,2,0,1,2010,3,2011,0,91,0,0,0,2,2,70,1,1,8,1,0,0,1,12,1,1,4,52,0,1
48,481877,2,2,1,30,8,20,59,12,2,1,0,5,1,23,481,23481,31,2011,3GTP1XE21BG2,3,G,T,P,1,X,E,2,1,B,G,2,0,T,GMC,DLN,CW,11,17,,2,0,1435,SIE,F,,,8,378,,,,B,5181,00,S,42,0,0,000000000,00000000000,0,0,0,1,0,0,0,0,0,0,0,998,0,0,0,12,6,2,12,0,0,0,1,5,72447,6,1,0,0,3,0,74,220,0,0,0,4,0,11,2010,12,2011,0,0,0,0,0,2,2,70,1,1,8,1,0,0,1,64,1,1,1,52,1,0
48,481878,1,1,1,31,8,7,37,1,0,1,0,48,2,18,2,18002,4,2000,1G4HP54K9YU1,1,G,4,H,P,5,4,K,9,Y,U,1,0,P,BUIC,LCF,4D,0,17,3567,,0,1122,,G,,F,6,231,,,15R215,,,,,,0,0,000000000,00000000000,0,0,0,1,0,0,0,0,0,0,0,998,0,1,3,0,4,3,1,0,0,0,1,48,79331,6,1,0,0,3,0,999,999,0,0,0,0,0,0,0,0,0,0,58,0,0,0,2,2,70,1,1,8,1,0,0,1,12,7,4,4,7,1,0
48,481879,1,1,2,31,8,0,22,8,0,1,1,40,0,49,401,49401,14,2000,JT3GN87R3Y01,J,T,3,G,N,8,7,R,3,Y,0,1,0,P,TOYT,RUN,UT,0,17,3710,,0,1053,,G,,F,6,206,,,16R265,,,,,,0,0,000000000,00000000000,0,0,0,1,0,0,0,0,0,0,0,998,0,0,0,12,2,1,8,0,0,0,1,48,77554,6,1,0,0,3,0,999,999,0,0,0,0,0,0,0,0,0,0,0,0,0,0,3,2,65,3,1,8,1,0,0,14,80,1,1,1,13,0,0
48,481880,1,1,1,31,8,4,0,32,0,1,0,48,2,12,481,12481,31,2001,1FTNX21F01EC,1,F,T,N,X,2,1,F,0,1,E,C,0,T,FORD,F2S,4C,1,17,,2,1580,1418,SRW,D,,,8,444,,,,C,5635,07,U,44,0,0,000000000,00000000000,0,0,0,1,0,0,0,0,0,0,0,998,0,0,0,12,6,2,32,0,0,0,1,48,77356,6,1,0,0,3,0,999,999,1,0,0,0,0,7,2010,7,2010,0,58,0,0,0,1,2,60,1,1,8,1,0,0,1,12,6,9,4,7,1,1
48,481881,1,1,1,1,8,7,3,8,0,1,1,99,9,99,999,99999,99,9999,999999999999,9,9,9,9,9,9,9,9,9,9,9,9,0,,,,,,,,,,,,,,,,,,,,,,,,,0,0,000000000,00000000000,0,0,0,1,0,0,0,0,0,0,0,998,0,0,0,99,9,1,8,0,0,0,1,99,99999,9,9,99,9,9,9,999,999,99,99,99,99,99,99,9999,99,9999,0,0,0,0,0,3,2,75,1,1,8,1,0,0,1,80,1,1,1,13,0,0
48,481882,1,1,1,1,8,0,1,34,0,1,0,48,1,20,481,20481,31,2009,1GCHK53KX9F1,1,G,C,H,K,5,3,K,X,9,F,1,0,T,CHEV,2K2,CW,9,17,,2,1670,1530,SIL,G,,,8,366,,,,C,5960,02,,44,0,0,000000000,00000000000,0,0,0,1,0,0,0,0,0,0,0,998,0,0,0,12,6,2,42,0,0,0,1,48,77963,6,1,0,0,3,0,999,999,0,0,0,1,0,6,2011,6,2011,1,0,0,0,0,1,2,60,2,1,8,1,0,0,14,6,1,1,4,6,1,1
48,481883,1,2,1,2,8,4,20,12,6,1,0,48,1,72,706,72706,80,2000,1HD1FRW16YY6,1,H,D,1,F,R,W,1,6,Y,Y,6,0,M,HD,FCI,RS,0,17,,,,,,,1450,,2,,4,710,,,,,,,0,0,000000000,00000000000,0,0,0,1,0,0,0,0,0,0,0,998,0,0,0,12,4,3,12,0,0,0,1,48,78227,6,1,6,0,3,3,999,999,0,0,0,0,0,0,0,0,0,0,0,0,0,0,1,4,40,1,1,8,1,0,0,1,67,1,1,1,83,1,0
48,481883,2,2,1,2,8,4,20,12,6,1,1,48,1,35,402,35402,14,2000,5N1ED28Y0YC6,5,N,1,E,D,2,8,Y,0,Y,C,6,0,P,NISS,XTR,UT,0,17,3811,,0,1043,,G,,F,6,201,,,15R235,,,,,,0,0,000000000,00000000000,0,0,0,1,0,0,0,0,0,0,0,998,0,0,0,11,4,3,12,0,0,0,1,48,78233,0,0,0,0,0,0,999,999,0,0,0,0,0,0,0,0,0,0,0,0,0,0,1,2,98,8,8,8,1,20,3,11,15,1,1,1,82,0,1
48,481884,1,1,1,2,8,21,0,8,0,1,1,99,9,99,999,99999,99,9999,999999999999,9,9,9,9,9,9,9,9,9,9,9,9,0,,,,,,,,,,,,,,,,,,,,,,,,,0,0,000000000,00000000000,0,0,0,1,0,0,0,0,0,0,0,998,0,0,0,99,9,1,8,0,0,0,1,99,99999,9,9,99,9,9,9,999,999,99,99,99,99,99,99,9999,99,9999,0,0,0,0,0,4,8,45,1,1,8,1,0,0,99,80,99,9,9,13,0,0
48,481885,1,1,1,2,8,19,0,10,0,1,0,48,3,85,881,85881,66,2012,1XKDDP9X8CJ2,1,X,K,D,D,P,9,X,8,C,J,2,1,T,KW,T80,TR,12,17,,8,2600,1600,CON,D,,,6,787,,,,,00000,00,,64,1,57,529099,57529099,3,6,97,1,0,0,0,0,0,0,0,998,0,0,0,1,6,2,10,0,0,1,1,40,74743,6,1,6,0,3,0,69,270,0,0,0,1,0,4,2012,4,2012,0,38,0,0,0,1,2,30,1,2,8,1,65,3,1,98,1,1,1,98,1,0
48,481886,1,2,1,2,8,17,10,12,6,1,0,40,3,85,881,85881,66,2012,1XKWD40X9CJ3,1,X,K,W,D,4,0,X,9,C,J,3,1,T,KW,W90,TR,12,17,,8,2850,1600,CON,D,,,6,915,,,,,00000,00,,64,3,57,1266226,571266226,3,6,3,1,0,0,0,0,0,0,0,998,0,0,0,1,4,3,12,0,0,0,1,48,78155,6,1,6,0,3,0,999,999,2,0,0,0,3,11,2009,8,2011,0,0,0,0,0,1,2,70,1,1,8,1,0,0,1,66,1,1,1,87,0,0
48,481886,2,2,2,2,8,17,10,12,6,1,0,48,3,20,481,20481,31,2012,1GC2CZCG5CZ3,1,G,C,2,C,Z,C,G,5,C,Z,3,0,T,CHEV,SC3,4C,12,17,,2,0,1582,SIL,F,,,8,366,,,,D,6303,00,,42,0,0,000000000,00000000000,0,0,0,1,0,0,0,0,0,0,0,998,0,0,0,12,6,2,12,0,0,0,1,48,78332,1,1,0,0,2,0,999,999,0,1,0,0,0,7,2012,7,2012,0,38,0,0,0,1,2,98,8,8,8,1,20,3,1,17,1,1,1,86,1,0
48,481887,1,1,1,2,8,19,57,58,0,1,0,48,2,20,421,20421,15,2001,1GNEC13T11R1,1,G,N,E,C,1,3,T,1,1,R,1,0,P,CHEV,CTA,UT,1,17,4828,,0,1160,,G,,F,8,325,,,16R245,,,,,,0,0,000000000,00000000000,0,0,0,1,0,0,0,0,0,0,0,998,0,0,0,12,4,3,58,0,0,0,1,48,76470,6,1,0,0,3,3,999,999,1,0,0,2,0,7,2011,2,2012,0,0,0,0,0,3,2,65,1,1,8,1,0,0,1,12,1,1,4,6,1,0
48,481888,1,1,1,2,8,17,38,43,0,1,0,48,3,84,881,84881,63,2006,1HTWYAHT76J3,1,H,T,W,Y,A,H,T,7,6,J,3,0,T,INTL,760,CC,6,17,,8,0,0,70S,D,,,6,661,,,,,00000,00,,64,0,57,383392,57383392,3,2,28,1,0,0,0,0,0,0,0,998,0,2,5,12,4,3,1,0,0,0,1,40,73932,6,1,6,0,3,0,72,220,0,0,0,0,0,0,0,0,0,1,21,58,0,0,1,2,55,3,2,8,1,0,0,14,6,6,4,4,2,1,0
48,481889,1,1,2,2,8,11,32,1,0,1,0,48,2,7,482,7482,31,2012,1C6RD6KP9CS1,1,C,6,R,D,6,K,P,9,C,S,1,0,T,DODG,S1T,CW,12,17,,2,0,1400,RPC,G,,,8,287,,,,B,5086,00,K,42,0,0,000000000,00000000000,0,0,0,1,0,0,0,0,0,0,0,998,0,2,5,0,2,3,1,0,0,0,1,48,77437,6,1,0,0,3,3,999,999,0,0,0,0,0,0,0,0,0,0,58,0,0,0,1,2,60,1,1,1,1,0,0,1,13,6,2,4,7,1,0
48,481890,1,1,1,3,8,0,35,33,0,1,0,48,1,37,701,37701,80,2007,JH2AF60067K5,J,H,2,A,F,6,0,0,6,7,K,5,0,M,HOND,HF5,MS,7,17,,,,,,,49,,1,,4,163,,,,,,,0,0,000000000,00000000000,0,0,0,1,0,0,0,0,0,0,0,998,0,0,0,12,8,3,33,0,0,0,1,48,76209,6,1,0,0,3,3,999,999,0,0,0,0,0,0,0,0,0,0,39,0,0,0,2,4,35,1,1,8,1,3,3,1,13,1,1,4,1,1,0
48,481891,1,1,1,3,8,22,3,8,0,1,0,48,1,12,481,12481,31,2010,1FTEW1C89AFA,1,F,T,E,W,1,C,8,9,A,F,A,0,T,FORD,F1S,CW,10,17,,2,1570,1450,COF,G,,,8,281,,,,B,5048,00,7,42,0,0,000000000,00000000000,0,0,0,1,0,0,0,0,0,0,0,998,0,0,0,12,2,3,8,0,0,0,1,48,79915,6,1,0,0,3,3,999,999,0,0,0,0,0,0,0,0,0,0,0,0,0,0,2,2,35,1,2,8,1,0,0,1,80,1,1,1,13,0,0
48,481892,1,1,1,9,8,7,6,35,0,1,0,93,3,82,881,82881,66,1996,1FUYDSEB9TP7,1,F,U,Y,D,S,E,B,9,T,P,7,1,T,FRHT,FLD,TR,96,17,,8,0,0,CON,D,,,6,774,,,,,00000,00,,64,1,57,1038183,571038183,3,6,4,1,0,0,0,0,0,0,0,998,0,1,1,12,6,2,1,0,0,0,1,48,75482,6,1,6,0,3,0,999,999,0,3,0,0,0,5,2010,8,2011,1,58,0,0,0,1,2,70,1,1,8,1,0,0,1,11,6,4,4,7,1,0
48,481893,2,1,1,10,8,14,0,14,0,1,0,48,2,7,482,7482,31,2004,1D7HA18N24S5,1,D,7,H,A,1,8,N,2,4,S,5,0,T,DODG,SQ1,CW,4,17,,2,1605,1405,RPC,G,,,8,287,,,,B,4820,01,E,42,0,0,000000000,00000000000,0,0,0,1,0,0,0,0,0,0,0,998,0,0,0,12,6,2,14,0,0,0,1,48,77327,6,1,0,0,3,3,999,999,0,0,0,0,0,0,0,0,0,0,0,0,0,0,3,3,65,1,1,8,1,0,0,1,13,1,1,4,1,1,0