STATE,ST_CASE,VEH_NO,VE_FORMS,NUMOCCS,DAY,MONTH,HOUR,MINUTE,HARM_EV,MAN_COLL,UNITTYPE,HIT_RUN,REG_STAT,OWNER,MAKE,MODEL,MAK_MOD,BODY_TYP,MOD_YEAR,VIN,VIN_1,VIN_2,VIN_3,VIN_4,VIN_5,VIN_6,VIN_7,VIN_8,VIN_9,VIN_10,VIN_11,VIN_12,TOW_VEH,VINTYPE,VINMAKE,VINA_MOD,VIN_BT,VINMODYR,VIN_LNGT,VIN_WGT,WGTCD_TR,WHLBS_LG,WHLBS_SH,SER_TR,FUELCODE,MCYCL_DS,CARBUR,CYLINDER,DISPLACE,MCYCL_CY,MCYCL_WT,TIRE_SZE,TON_RAT,TRK_WT,TRKWTVAR,VIN_REST,WHLDRWHL,J_KNIFE,MCARR_I1,MCARR_I2,MCARR_ID,GVWR,V_CONFIG,CARGO_BT,HAZ_INV,HAZ_PLAC,HAZ_ID,HAZ_CNO,HAZ_REL,BUS_USE,SPEC_USE,EMER_USE,TRAV_SP,UNDERIDE,ROLLOVER,ROLINLOC,IMPACT1,DEFORMED,TOWED,M_HARM,VEH_SC1,VEH_SC2,FIRE_EXP,DR_PRES,L_STATE,DR_ZIP,L_STATUS,L_TYPE,CDL_STAT,L_ENDORS,L_COMPL,L_RESTRI,DR_HGT,DR_WGT,PREV_ACC,PREV_SUS,PREV_DWI,PREV_SPD,PREV_OTH,FIRST_MO,FIRST_YR,LAST_MO,LAST_YR,SPEEDREL,DR_SF1,DR_SF2,DR_SF3,DR_SF4,VTRAFWAY,VNUM_LAN,VSPD_LIM,VALIGN,VPROFILE,VPAVETYP,VSURCOND,VTRAFCON,VTCONT_F,P_CRASH1,P_CRASH2,P_CRASH3,PCRASH4,PCRASH5,ACC_TYPE,DEATHS,DR_DRINK
48,481954,1,2,1,2,9,1,0,12,7,1,0,48,0,2,404,2404,14,1996,1J4EX78S6TC1,1,J,4,E,X,7,8,S,6,T,C,1,0,T,JEEP,LMT,4W,96,17,,1,0,1059,GCK,G,,,6,242,,,,,3510,00,E,42,0,0,000000000,00000000000,0,0,0,1,0,0,0,0,0,0,0,998,0,1,1,11,4,3,12,0,0,0,1,48,77433,6,1,6,0,3,0,999,999,0,0,0,0,0,0,0,0,0,0,27,0,0,0,5,4,45,1,1,8,1,0,0,15,10,1,1,2,47,1,1
48,481954,2,2,1,2,9,1,0,12,7,1,0,48,3,35,47,35047,2,2011,1N4AL2EP4BC1,1,N,4,A,L,2,E,P,4,B,C,1,0,P,NISS,A5S,CP,11,17,3081,,0,1053,,G,,F,4,153,,,17R215,,,,,,0,0,000000000,00000000000,0,0,0,1,0,0,0,0,0,0,0,998,0,0,0,5,2,3,12,0,0,0,1,48,77433,1,1,0,0,2,0,999,999,2,1,0,0,0,8,2010,3,2012,0,0,0,0,0,5,4,45,1,1,8,1,0,0,1,11,1,3,2,45,0,0
48,481955,1,1,1,2,9,2,53,8,0,1,0,48,1,49,40,49040,4,2007,JTNBK46K7730,J,T,N,B,K,4,6,K,7,7,3,0,0,P,TOYT,CJS,4D,7,17,3164,,0,1093,,G,,F,6,214,,,15R205,,,,,,0,0,000000000,00000000000,0,0,0,1,0,0,0,0,0,0,0,998,0,0,0,12,2,3,8,0,0,0,1,48,77375,6,1,0,0,3,0,999,999,0,0,0,0,0,0,0,0,0,0,0,0,0,0,1,6,45,1,1,8,1,0,0,1,80,3,1,1,13,0,0
48,481956,1,1,2,2,9,0,44,21,0,1,0,48,2,12,481,12481,31,2002,1FTRX17W82NC,1,F,T,R,X,1,7,W,8,2,N,C,0,T,FORD,F15,4C,2,17,,2,1571,1385,COF,G,,,8,281,,,,B,4224,06,U,42,0,0,000000000,00000000000,0,0,0,1,0,0,0,0,0,0,0,998,0,0,0,12,6,2,21,0,0,1,1,48,76022,1,1,0,0,2,0,999,999,1,13,1,0,0,10,2009,3,2012,1,99,99,99,99,4,2,98,1,1,8,1,0,0,1,12,1,1,4,6,2,1
48,481957,1,1,1,2,9,15,45,1,0,1,0,48,1,12,473,12473,30,2005,1FMZU67K55UB,1,F,M,Z,U,6,7,K,5,5,U,B,0,P,FORD,EPR,UT,5,17,4095,,0,1259,,F,,F,6,245,,,16R235,,,,,,0,0,000000000,00000000000,0,0,0,1,0,0,0,0,0,0,0,998,0,2,5,0,4,3,1,0,0,0,1,48,79536,6,1,0,0,3,3,999,999,2,0,0,0,0,5,2010,5,2010,0,58,0,0,0,1,2,70,1,1,8,1,0,0,1,10,7,1,4,1,1,1
48,481958,1,1,1,2,9,1,27,8,0,1,1,48,1,49,49,49049,6,2010,JTLZE4FE9A10,J,T,L,Z,E,4,F,E,9,A,1,0,0,P,TOYT,SXB,UT,10,17,3020,,0,1024,,G,,F,4,144,,,16R205,,,,,,0,0,000000000,00000000000,0,0,0,1,0,0,0,0,0,0,0,998,0,0,0,12,4,3,8,0,0,0,1,48,78744,6,1,0,0,3,0,999,999,0,0,0,0,0,0,0,0,0,0,0,0,0,0,4,2,55,1,1,8,1,0,0,1,80,1,1,1,13,0,0
48,481959,1,1,1,3,9,8,44,38,0,1,0,48,2,35,43,35043,4,2010,3N1AB6AP0AL6,3,N,1,A,B,6,A,P,0,A,L,6,0,P,NISS,SBL,4D,10,17,2862,,0,1057,,G,,F,4,122,,,15R205,,,,,,0,0,000000000,00000000000,0,0,0,1,0,0,0,0,0,0,0,998,0,2,5,61,6,2,1,0,0,0,1,48,76309,6,1,0,0,3,3,999,999,0,0,0,1,0,1,2012,1,2012,0,58,0,0,0,1,2,70,1,2,8,1,0,0,1,13,6,4,4,1,1,0
48,481960,1,1,1,3,9,2,58,8,0,1,1,48,2,35,50,35050,5,2011,3N1BC1CP2BL4,3,N,1,B,C,1,C,P,2,B,L,4,0,P,NISS,VSL,4H,11,17,2693,,0,1024,,G,,F,4,110,,,15R185,,,,,,0,0,000000000,00000000000,0,0,0,1,0,0,0,0,0,0,0,998,0,0,0,82,2,3,8,0,0,0,1,48,78666,6,1,0,0,3,0,999,999,2,1,1,0,0,7,2011,7,2012,0,91,0,0,0,1,4,45,1,1,8,1,0,0,1,80,1,1,1,13,0,1
48,481961,1,2,1,4,9,8,30,12,6,1,0,48,3,6,18,6018,4,2012,1C3CCBBB8CN2,1,C,3,C,C,B,B,B,8,C,N,2,0,P,CHRY,2TR,4D,12,17,3559,,0,1089,,G,,F,4,146,,,17R225,,,,,,0,0,000000000,00000000000,0,0,0,1,0,0,0,0,0,0,0,998,0,0,0,11,6,2,12,0,0,0,1,48,75762,6,1,0,0,3,0,999,999,0,0,0,0,0,0,0,0,0,0,0,0,0,0,1,2,70,3,1,8,1,0,0,14,62,7,1,4,66,1,0
48,481961,2,2,1,4,9,8,30,12,6,1,0,48,1,35,498,35498,31,1995,1N6SD11Y3SC4,1,N,6,S,D,1,1,Y,3,S,C,4,0,T,NISS,TXE,PK,95,17,,1,0,1043,TRK,G,,,4,146,,,,B,3373,00,A,44,0,0,000000000,00000000000,0,0,0,1,0,0,0,0,0,0,0,998,0,0,0,12,6,2,12,0,0,0,1,48,75766,6,1,0,0,3,3,999,999,1,0,0,1,1,10,2009,1,2012,0,91,0,0,0,1,2,70,2,1,8,1,0,0,14,10,6,1,4,66,0,0
48,481962,1,1,1,4,9,8,52,1,0,1,0,48,2,12,401,12401,14,2000,1FMZU62X1YZC,1,F,M,Z,U,6,2,X,1,Y,Z,C,0,P,FORD,EPR,UT,0,17,3865,,0,1116,,G,,F,6,245,,,15R235,,,,,,0,0,000000000,00000000000,0,0,0,1,0,0,0,0,0,0,0,998,0,1,5,0,4,3,1,0,0,0,1,48,78648,0,0,0,0,0,0,999,999,0,0,0,0,1,8,2012,8,2012,0,51,0,0,0,1,2,70,1,2,8,1,0,0,1,10,7,4,4,7,1,0
48,481963,1,1,1,4,9,9,5,1,0,1,0,0,0,73,739,73739,90,2008,JKABSEE11885,J,K,A,B,S,E,E,1,1,8,8,5,0,M,KAWK,,,8,17,,,,,,,,,,,,,,,,,,,0,0,000000000,00000000000,0,0,0,1,0,0,0,0,0,0,0,998,0,1,1,0,2,1,1,0,0,0,1,48,75756,6,1,0,0,1,0,999,999,0,0,0,0,0,0,0,0,0,0,0,0,0,0,1,2,55,1,2,8,1,0,0,1,4,1,1,1,98,1,0
48,481965,1,1,3,4,9,17,0,24,0,1,0,48,2,22,20,22020,4,2004,2G2WP5229412,2,G,2,W,P,5,2,2,9,4,1,2,0,P,PONT,GPG,4D,4,17,3477,,0,1105,,G,,F,6,231,,,16R225,,,,,,0,0,000000000,00000000000,0,0,0,1,0,0,0,0,0,0,0,998,0,1,1,11,4,3,1,0,0,0,1,48,78852,6,1,0,0,3,3,999,999,2,0,0,0,0,3,2010,9,2010,0,58,0,0,0,1,2,70,1,1,8,1,0,0,1,13,6,1,4,6,1,0
48,481966,1,1,4,4,9,11,30,1,0,1,0,48,2,20,481,20481,31,2003,1GCHC23U33F2,1,G,C,H,C,2,3,U,3,3,F,2,0,T,CHEV,2CH,CW,3,17,,2,1670,1530,SIL,G,,,8,364,,,,C,5605,01,,42,0,0,000000000,00000000000,0,0,0,1,0,0,0,0,0,0,0,998,0,1,5,0,6,2,1,0,0,0,1,48,76067,6,1,0,0,3,0,999,999,0,0,0,0,0,0,0,0,0,0,58,0,0,0,1,2,65,1,1,8,1,0,0,1,12,7,9,4,1,1,0
48,481967,1,2,2,4,9,13,58,12,1,1,0,93,3,84,881,84881,66,2005,2HSCEAPR35C0,2,H,S,C,E,A,P,R,3,5,C,0,1,T,INTL,92I,TR,5,17,,8,0,0,920,D,,,6,915,,,,,00000,00,,64,1,57,956604,57956604,3,6,98,1,0,0,0,0,0,0,0,0,0,0,0,6,2,8,12,0,0,0,1,26,48122,6,1,6,0,3,0,71,215,0,2,0,0,1,9,2011,2,2012,0,0,0,0,0,2,2,70,1,1,8,1,0,0,5,53,1,1,1,21,0,0
48,481967,2,2,1,4,9,13,58,12,1,1,0,48,3,7,482,7482,31,2006,3D7KR28C26G2,3,D,7,K,R,2,8,C,2,6,G,2,1,T,DODG,SQ2,CW,6,17,,2,1605,1405,RPC,D,,,6,359,,,,C,6398,01,E,42,1,0,000000000,00000000000,0,0,0,1,0,0,0,0,0,0,0,998,0,1,5,12,6,2,12,0,0,0,1,48,78415,6,1,0,0,3,0,999,999,1,0,0,0,0,2,2012,2,2012,0,26,0,0,0,2,2,70,1,1,8,1,0,0,1,50,6,1,1,20,1,0
48,481968,1,1,2,5,9,20,20,8,0,1,0,48,1,30,46,30046,4,2001,WVWBH63B31P0,W,V,W,B,H,6,3,B,3,1,P,0,0,P,VOLK,PGX,4D,1,17,3094,,0,1064,,G,,F,6,169,,,16R205,,,,,,0,0,000000000,00000000000,0,0,0,1,0,0,0,0,0,0,0,58,0,0,0,12,6,2,8,0,0,0,1,48,75941,6,1,0,0,3,0,999,999,1,0,0,3,0,12,2009,9,2011,0,0,0,0,0,5,4,55,4,1,8,1,0,0,14,80,1,1,1,13,0,0
48,481969,1,2,1,5,9,5,50,12,7,1,0,48,2,12,37,12037,4,2003,1FAFP38333W2,1,F,A,F,P,3,8,3,3,3,W,2,0,P,FORD,FZT,4D,3,17,2564,,0,1030,,G,,F,4,121,,,16R205,,,,,,0,0,000000000,00000000000,0,0,0,1,0,0,0,0,0,0,0,998,0,1,5,11,4,3,12,0,0,0,1,48,78258,6,1,0,0,3,0,999,999,0,0,0,0,0,0,0,0,0,1,28,58,0,0,2,2,40,3,3,8,1,0,0,15,10,7,1,2,47,1,0
48,481969,2,2,1,5,9,5,50,12,7,1,0,48,1,58,38,58038,4,2007,JNKAY01E27M3,J,N,K,A,Y,0,1,E,2,7,M,3,0,P,INFI,M3S,4D,7,17,3772,,0,1142,,G,,F,6,214,,,18R245,,,,,,0,0,000000000,00000000000,0,0,0,1,0,0,0,0,0,0,0,998,0,0,0,83,4,1,12,0,0,0,1,48,78258,6,1,0,0,3,3,999,999,0,0,0,0,0,0,0,0,0,0,0,0,0,0,2,2,40,3,3,8,1,0,0,14,61,1,1,1,45,0,0
48,481970,1,1,2,5,9,17,25,32,0,1,0,48,2,12,16,12016,4,2002,2FAFP73W62X1,2,F,A,F,P,7,3,W,6,2,X,1,0,P,FORD,CVI,4D,2,17,3942,,0,1147,,G,,F,8,281,,,16R225,,,,,,0,0,000000000,00000000000,0,0,0,1,0,0,0,0,0,0,0,998,0,0,0,12,4,3,32,32,0,0,1,48,77539,6,1,0,0,3,3,999,999,1,0,0,0,0,4,2010,4,2010,1,0,0,0,0,1,2,45,1,1,8,1,0,0,1,13,1,1,4,1,1,0
48,481971,1,2,1,5,9,12,57,12,6,1,0,48,2,20,481,20481,31,2009,3GCEK233X9G1,3,G,C,E,K,2,3,3,X,9,G,1,0,T,CHEV,2SK,CW,9,17,,2,0,1435,SIL,F,,,8,323,,,,B,5348,00,,44,0,0,000000000,00000000000,0,0,0,1,0,0,0,0,0,0,0,998,0,0,0,12,6,2,12,0,0,0,1,48,75479,6,1,0,0,3,0,999,999,0,2,0,0,0,1,2010,4,2010,1,0,0,0,0,1,2,55,1,1,8,1,0,0,1,52,6,1,2,73,0,0
48,481971,2,2,1,5,9,12,57,12,6,1,0,48,1,20,37,20037,4,2001,1G1NE52J4161,1,G,1,N,E,5,2,J,4,1,6,1,0,P,CHEV,M/L,4D,1,17,3051,,0,1070,,G,,F,6,191,,,15R215,,,,,,0,0,000000000,00000000000,0,0,0,1,0,0,0,0,0,0,0,998,0,0,0,9,6,2,12,0,0,0,1,48,75414,6,1,0,0,3,3,999,999,0,0,0,0,0,0,0,0,0,0,0,0,0,0,1,2,55,1,1,8,1,0,0,11,15,1,1,2,72,1,0
48,481972,1,1,1,5,9,1,20,42,0,1,0,48,2,52,401,52401,14,2000,JA4LS31H1YP8,J,A,4,L,S,3,1,H,1,Y,P,8,0,P,MITS,MNS,UT,0,17,3835,,0,1073,,G,,F,6,181,,,16R255,,,,,,0,0,000000000,00000000000,0,0,0,1,0,0,0,0,0,0,0,998,0,1,5,81,6,2,42,0,0,0,1,48,77449,0,0,0,0,0,0,999,999,0,0,0,0,0,0,0,0,0,0,0,0,0,0,2,2,40,2,1,1,1,0,0,14,13,1,1,4,1,1,1
48,481973,1,2,1,5,9,5,50,12,2,1,0,48,1,30,40,30040,4,2001,3VWPD69M11M1,3,V,W,P,D,6,9,M,1,1,M,1,0,P,VOLK,JWE,4D,1,17,2877,,0,989,,G,,T,4,109,,,000000,,,,,,0,0,000000000,00000000000,0,0,0,1,0,0,0,0,0,0,0,998,0,0,0,12,6,2,12,0,0,0,1,96,78223,9,9,99,9,9,9,999,999,99,99,99,99,99,99,9999,99,9999,0,0,0,0,0,1,2,50,1,1,8,1,0,0,1,10,1,1,2,50,0,0
48,481973,2,2,1,5,9,5,50,12,2,1,0,48,1,35,43,35043,4,1994,1N4EB31F4RC8,1,N,4,E,B,3,1,F,4,R,C,8,0,P,NISS,SEL,4D,94,17,2346,,0,957,,G,,F,4,098,,,13R185,,,,,,0,0,000000000,00000000000,0,0,0,1,0,0,0,0,0,0,0,998,0,0,0,12,4,3,12,0,0,0,1,48,78160,6,1,0,0,3,0,999,999,0,0,0,0,0,0,0,0,0,0,0,0,0,0,1,2,50,1,1,8,1,0,0,1,62,1,1,1,51,1,0
48,481974,1,1,1,6,9,23,37,57,0,1,0,48,1,53,705,53705,80,2006,JS1SP46AX621,J,S,1,S,P,4,6,A,X,6,2,1,0,M,SUZI,D6E,T,6,17,,,,,,,644,,1,,4,324,,,,,,,0,0,000000000,00000000000,0,0,0,1,0,0,0,0,0,0,0,998,0,0,0,99,9,2,57,0,0,0,1,48,76541,6,1,6,0,3,3,999,999,0,0,0,0,0,0,0,0,0,0,0,0,0,0,3,2,70,1,2,8,1,0,0,1,12,1,1,4,6,1,1
48,481975,1,2,1,6,9,1,46,12,1,1,0,48,1,73,709,73709,80,2012,JKAZX4R14CA0,J,K,A,Z,X,4,R,1,4,C,A,0,0,M,KAWK,ZXR,RC,12,17,,,,,,,599,,4,,4,421,,,,,,,0,0,000000000,00000000000,0,0,0,1,0,0,0,0,0,0,0,998,0,0,0,12,6,2,12,0,0,0,1,48,75056,6,1,0,0,3,3,999,999,0,0,0,2,0,9,2010,9,2011,1,0,0,0,0,4,3,55,1,1,8,1,0,0,1,51,1,1,1,24,1,1
48,481975,2,2,1,6,9,1,46,12,1,1,0,48,1,22,16,22016,2,1998,1G2JB1248W75,1,G,2,J,B,1,2,4,8,W,7,5,0,P,PONT,SFS,CP,98,17,2637,,0,1041,,G,,F,4,133,,,14R195,,,,,,0,0,000000000,00000000000,0,0,0,1,0,0,0,0,0,0,0,998,0,0,0,6,2,8,12,0,0,0,1,48,75057,6,1,0,0,3,0,999,999,0,0,0,1,0,10,2009,10,2009,0,0,0,0,0,4,3,55,1,1,8,1,0,0,1,53,1,1,1,25,0,0
48,481976,1,1,1,6,9,12,12,43,0,1,0,48,2,12,880,12880,67,2005,1FTWW31P75EA,1,F,T,W,W,3,1,P,7,5,E,A,0,T,FORD,F3S,CW,5,17,,3,1724,1562,SRW,D,,,8,366,,,,D,6347,00,E,44,0,88,888888888,88888888888,2,1,97,1,0,0,0,0,0,0,0,998,0,0,0,12,6,2,43,0,0,0,1,48,78413,6,1,6,0,3,0,999,999,0,0,0,0,0,0,0,0,0,0,0,0,0,0,2,2,70,1,1,8,1,0,0,1,13,1,1,4,1,1,0
48,481977,1,2,1,6,9,2,2,12,2,1,0,48,1,12,401,12401,14,1998,1FMZU34E1WZB,1,F,M,Z,U,3,4,E,1,W,Z,B,0,P,FORD,EPR,UT,98,17,4146,,0,1115,,G,,F,6,245,,,15R225,,,,,,0,0,000000000,00000000000,0,0,0,1,0,0,0,0,0,0,0,90,0,0,0,12,6,2,12,0,0,0,1,48,78415,6,1,0,0,3,0,999,999,0,0,0,0,0,0,0,0,0,1,51,0,0,0,3,3,45,1,1,8,1,0,0,1,54,1,1,1,50,1,1
48,481977,2,2,1,6,9,2,2,12,2,1,0,48,1,7,472,7472,30,2005,1D7HE42K35S3,1,D,7,H,E,4,2,K,3,5,S,3,0,T,DODG,DSL,PC,5,17,,2,0,1309,DAK,G,,,6,225,,,,B,4170,00,E,42,0,0,000000000,00000000000,0,0,0,1,0,0,0,0,0,0,0,998,0,0,0,12,6,2,12,0,0,0,1,48,78413,6,1,0,0,3,0,999,999,0,0,0,0,0,0,0,0,0,0,0,0,0,0,3,3,45,1,1,8,1,0,0,1,54,1,1,1,51,1,1
48,481978,1,1,1,6,9,9,0,57,0,1,0,35,2,12,481,12481,31,2003,1FTRX18L93NA,1,F,T,R,X,1,8,L,9,3,N,A,0,T,FORD,F15,4C,3,17,,2,1574,1388,COF,G,,,8,330,,,,B,4640,00,U,44,0,0,000000000,00000000000,0,0,0,1,0,0,0,0,0,0,0,998,0,1,5,61,6,2,1,0,0,0,1,4,85353,6,1,0,0,3,0,74,145,0,0,0,0,0,0,0,0,0,0,58,0,0,0,3,2,75,1,1,8,1,0,0,1,12,7,1,4,6,1,0
48,481979,1,2,1,7,9,22,53,12,6,1,0,48,2,37,709,37709,80,2008,JH2SC590X8M0,J,H,2,S,C,5,9,0,X,8,M,0,0,M,HOND,CBS,RC,8,17,,,,,,,998,,4,,4,439,,,,,,,0,0,000000000,00000000000,0,0,0,1,0,0,0,0,0,0,0,998,0,0,0,12,9,2,12,0,0,0,1,48,78207,1,1,0,0,2,0,999,999,2,2,0,5,0,12,2009,2,2012,1,0,0,0,0,4,2,30,1,1,8,1,0,0,1,66,1,1,1,86,1,0
48,481979,2,2,4,7,9,22,53,12,6,1,0,48,1,12,442,12442,20,2002,2FMZA50442BB,2,F,M,Z,A,5,0,4,4,2,B,B,0,T,FORD,WLX,ES,2,17,,1,0,1207,WIN,G,,,6,232,,,,B,4017,00,E,42,0,0,000000000,00000000000,0,0,0,1,0,0,0,0,0,0,0,998,0,0,0,3,4,3,12,0,0,0,1,48,78211,6,1,0,0,3,3,999,999,0,0,0,0,0,0,0,0,0,0,38,0,0,0,1,2,99,1,1,8,1,20,3,4,17,1,1,1,87,1,0
48,481980,1,1,1,7,9,18,20,31,0,1,0,28,2,12,13,12013,5,1993,1FAPP14J6PW2,1,F,A,P,P,1,4,J,6,P,W,2,0,P,FORD,LXE,4H,93,17,2355,,0,984,,G,,F,4,113,,,13R175,,,,,,0,0,000000000,00000000000,0,0,0,1,0,0,0,0,0,0,0,998,0,1,5,10,2,3,31,0,0,0,1,28,75067,6,1,0,0,3,0,68,160,0,0,0,0,0,0,0,0,0,1,58,0,0,0,1,2,30,3,1,8,1,0,0,14,13,1,1,4,1,1,0
48,481981,1,1,1,7,9,16,44,43,0,1,0,48,1,49,421,49421,15,2003,JTEHT05J2320,J,T,E,H,T,0,5,J,2,3,2,0,0,P,TOYT,LCW,UT,3,17,5390,,0,1122,,G,,F,8,285,,,17R275,,,,,,0,0,000000000,00000000000,0,0,0,1,0,0,0,0,0,0,0,998,0,0,0,12,4,3,43,0,0,0,1,48,78504,6,1,0,0,3,0,999,999,0,0,0,0,0,0,0,0,0,0,0,0,0,0,5,4,35,1,1,8,1,0,0,1,12,1,1,4,6,1,0
48,481982,1,1,1,7,9,0,45,32,0,1,0,48,2,55,33,55033,4,2007,5NPET46CX7H2,5,N,P,E,T,4,6,C,X,7,H,2,0,P,HYUN,SGL,4D,7,17,3253,,0,1074,,G,,F,4,144,,,16R215,,,,,,0,0,000000000,00000000000,0,0,0,1,0,0,0,0,0,0,0,998,0,0,0,12,4,3,32,0,0,0,1,48,77386,6,1,6,0,3,3,999,999,0,0,0,0,0,0,0,0,0,0,0,0,0,0,5,4,45,1,1,8,1,0,0,1,12,1,1,4,6,1,1
48,481983,1,1,1,8,9,16,40,59,0,1,0,48,1,53,706,53706,80,1996,JS1VX51L0T21,J,S,1,V,X,5,1,L,0,T,2,1,0,M,SUZI,VS4,RS,96,17,,,,,,,1360,,2,,4,535,,,,,,,0,0,000000000,00000000000,0,0,0,1,0,0,0,0,0,0,0,998,0,0,0,18,8,3,59,0,0,0,1,48,78615,6,1,0,0,3,0,999,999,0,0,0,0,0,0,0,0,0,1,39,0,0,0,1,2,55,3,1,8,1,40,3,14,6,1,1,4,6,1,0
48,481984,1,2,2,8,9,19,21,1,0,1,0,48,1,72,706,72706,80,2005,1HD1GPW115K3,1,H,D,1,G,P,W,1,1,5,K,3,0,M,HD,WGI,RS,5,17,,,,,,,1450,,2,,4,644,,,,,,,0,0,000000000,00000000000,0,0,0,1,0,0,0,0,0,0,0,998,0,0,0,0,8,3,12,0,0,1,1,48,77836,6,1,0,0,3,0,999,999,0,0,0,0,0,0,0,0,0,0,0,0,0,0,1,2,65,3,1,8,1,0,0,14,62,3,2,1,98,1,0
48,481984,2,2,1,8,9,19,21,1,0,1,0,48,2,58,401,58401,14,1998,JNRAR05Y4WW0,J,N,R,A,R,0,5,Y,4,W,W,0,0,P,INFI,QX4,UT,98,17,4289,,0,1063,,G,,F,6,201,,,16R245,,,,,,0,0,000000000,00000000000,0,0,0,1,0,0,0,0,0,0,0,998,0,0,0,12,2,3,12,0,0,0,1,48,77423,6,1,0,0,3,3,999,999,0,0,0,0,0,0,0,0,0,0,38,0,0,0,1,2,65,2,1,8,1,0,0,14,15,1,1,1,98,0,0
48,481985,1,2,3,8,9,11,21,12,6,1,0,48,2,19,18,19018,4,2006,1G6DM57T1601,1,G,6,D,M,5,7,T,1,6,0,1,0,P,CADI,C/T,4D,6,17,3509,,0,1134,,G,,F,6,171,,,16R225,,,,,,0,0,000000000,00000000000,0,0,0,1,0,0,0,0,0,0,0,998,0,0,0,9,4,3,12,0,0,0,1,48,76667,6,1,0,0,3,0,999,999,0,0,0,0,0,0,0,0,0,0,39,0,0,0,1,2,35,1,1,8,1,20,3,1,17,1,1,1,89,1,0
48,481985,2,2,6,8,9,11,21,12,6,1,0,48,2,2,404,2404,14,2001,1J4GX58N81C7,1,J,4,G,X,5,8,N,8,1,C,7,0,T,JEEP,LMT,4W,1,17,,1,0,1059,GCK,G,,,8,287,,,,,3776,01,E,42,0,0,000000000,00000000000,0,0,0,1,0,0,0,0,0,0,0,998,0,0,0,12,4,3,12,0,0,0,1,48,76667,0,0,0,0,0,0,999,999,0,20,0,2,0,9,2009,8,2012,0,0,0,0,0,1,2,98,8,8,8,1,0,0,1,66,1,1,1,88,0,0
48,481986,1,1,1,8,9,4,35,8,0,1,0,48,1,20,481,20481,31,2004,1GCEC19X54Z3,1,G,C,E,C,1,9,X,5,4,Z,3,0,T,CHEV,SC1,4C,4,17,,2,1575,1435,SIL,G,,,6,262,,,,B,4555,00,,42,0,0,000000000,00000000000,0,0,0,1,0,0,0,0,0,0,0,998,0,0,0,12,2,3,8,0,0,0,1,48,77034,6,1,0,0,3,0,999,999,0,0,0,0,0,0,0,0,0,0,0,0,0,0,1,2,30,1,1,8,1,0,0,1,80,1,1,1,13,0,0
48,481987,1,2,1,8,9,6,35,12,2,1,0,48,2,7,482,7482,31,2010,1D7RB1GPXAS1,1,D,7,R,B,1,G,P,X,A,S,1,0,T,DODG,Q15,CW,10,17,,2,0,1400,RPC,G,,,8,287,,,,B,4863,00,7,42,0,0,000000000,00000000000,0,0,0,1,0,0,0,0,0,0,0,998,0,0,0,12,4,3,12,0,0,0,1,48,77306,6,1,0,0,3,0,999,999,0,0,1,0,2,6,2011,1,2012,0,28,23,0,0,1,2,55,2,2,8,1,0,0,14,10,1,1,2,50,0,1
48,481987,2,2,1,8,9,6,35,12,2,1,0,48,1,49,472,49472,30,1999,4TASM92N4XZ4,4,T,A,S,M,9,2,N,4,X,Z,4,0,T,TOYT,XPR,PC,99,17,,1,0,1219,TAC,G,,,4,164,,,,B,3175,00,U,42,0,0,000000000,00000000000,0,0,0,1,0,0,0,0,0,0,0,998,0,1,2,12,4,3,12,0,0,0,1,48,77303,6,1,0,0,3,0,999,999,0,0,0,0,0,0,0,0,0,0,0,0,0,0,1,2,55,3,2,8,1,0,0,14,62,1,1,1,51,1,0
48,481988,1,1,1,8,9,2,6,59,0,1,0,48,1,72,706,72706,80,2007,1HD1JA5197Y0,1,H,D,1,J,A,5,1,9,7,Y,0,0,M,HD,XTB,RS,7,17,,,,,,,1584,,2,,4,656,,,,,,,0,0,000000000,00000000000,0,0,0,1,0,0,0,0,0,0,0,998,0,0,0,99,8,3,30,0,0,0,1,48,78370,6,1,0,0,3,0,999,999,3,0,0,0,0,9,2009,12,2011,1,0,0,0,0,3,3,55,3,2,8,1,0,0,14,13,1,1,4,1,1,1
48,481989,1,1,1,8,9,23,48,53,0,1,0,48,1,98,739,98739,90,2005,4UF05ATV45T2,4,U,F,0,5,A,T,V,4,5,T,2,0,U,,,,5,17,,,,,,,,,,,,,,,,,,,0,0,000000000,00000000000,0,0,0,1,0,0,0,0,0,0,0,998,0,1,1,12,0,1,1,0,0,0,1,48,77632,6,1,0,0,3,0,999,999,0,4,0,0,0,12,2009,5,2010,0,58,0,0,0,1,2,30,1,1,8,1,0,0,1,13,1,1,4,1,1,0
48,481990,1,2,1,9,9,18,26,12,1,1,0,48,1,20,481,20481,31,2000,2GCEK19T5Y14,2,G,C,E,K,1,9,T,5,Y,1,4,0,T,CHEV,SK1,3C,0,17,,2,1575,1435,SIL,G,,,8,325,,,,B,4621,02,,44,0,0,000000000,00000000000,0,0,0,1,0,0,0,0,0,0,0,998,0,0,0,12,4,3,12,0,0,0,1,48,78550,6,1,0,0,3,0,999,999,0,0,0,0,0,0,0,0,0,1,91,0,0,0,4,2,45,1,1,8,1,0,0,1,51,1,1,1,24,0,1
48,481990,2,2,3,9,9,18,26,12,1,1,0,48,2,49,32,49032,4,2011,2T1BU4EE9BC5,2,T,1,B,U,4,E,E,9,B,C,5,0,P,TOYT,CBS,4D,11,17,2734,,0,1024,,G,,F,4,110,,,15R195,,,,,,0,0,000000000,00000000000,0,0,0,1,0,0,0,0,0,0,0,998,0,0,0,6,6,2,12,0,0,0,1,48,78550,0,0,0,0,0,0,999,999,0,0,0,1,0,12,2010,12,2010,0,0,0,0,0,4,2,45,1,1,8,1,0,0,1,53,1,1,1,25,1,0