STATE,ST_CASE,VEH_NO,VE_FORMS,NUMOCCS,DAY,MONTH,HOUR,MINUTE,HARM_EV,MAN_COLL,UNITTYPE,HIT_RUN,REG_STAT,OWNER,MAKE,MODEL,MAK_MOD,BODY_TYP,MOD_YEAR,VIN,VIN_1,VIN_2,VIN_3,VIN_4,VIN_5,VIN_6,VIN_7,VIN_8,VIN_9,VIN_10,VIN_11,VIN_12,TOW_VEH,VINTYPE,VINMAKE,VINA_MOD,VIN_BT,VINMODYR,VIN_LNGT,VIN_WGT,WGTCD_TR,WHLBS_LG,WHLBS_SH,SER_TR,FUELCODE,MCYCL_DS,CARBUR,CYLINDER,DISPLACE,MCYCL_CY,MCYCL_WT,TIRE_SZE,TON_RAT,TRK_WT,TRKWTVAR,VIN_REST,WHLDRWHL,J_KNIFE,MCARR_I1,MCARR_I2,MCARR_ID,GVWR,V_CONFIG,CARGO_BT,HAZ_INV,HAZ_PLAC,HAZ_ID,HAZ_CNO,HAZ_REL,BUS_USE,SPEC_USE,EMER_USE,TRAV_SP,UNDERIDE,ROLLOVER,ROLINLOC,IMPACT1,DEFORMED,TOWED,M_HARM,VEH_SC1,VEH_SC2,FIRE_EXP,DR_PRES,L_STATE,DR_ZIP,L_STATUS,L_TYPE,CDL_STAT,L_ENDORS,L_COMPL,L_RESTRI,DR_HGT,DR_WGT,PREV_ACC,PREV_SUS,PREV_DWI,PREV_SPD,PREV_OTH,FIRST_MO,FIRST_YR,LAST_MO,LAST_YR,SPEEDREL,DR_SF1,DR_SF2,DR_SF3,DR_SF4,VTRAFWAY,VNUM_LAN,VSPD_LIM,VALIGN,VPROFILE,VPAVETYP,VSURCOND,VTRAFCON,VTCONT_F,P_CRASH1,P_CRASH2,P_CRASH3,PCRASH4,PCRASH5,ACC_TYPE,DEATHS,DR_DRINK
48,482022,1,2,1,15,9,19,57,8,0,1,1,48,1,7,422,7422,15,2004,1D4HD58D94F1,1,D,4,H,D,5,8,D,9,4,F,1,0,P,DODG,DUR,UT,4,17,4815,,0,1192,,G,,F,8,345,,,17R245,,,,,,0,0,000000000,00000000000,0,0,0,1,0,0,0,0,0,0,0,998,0,0,0,12,2,3,8,0,0,0,1,48,75241,0,0,0,0,0,0,999,999,0,10,0,0,0,1,2010,2,2012,0,23,0,0,0,2,3,35,1,1,8,1,0,0,1,80,1,1,1,13,0,0
48,482022,2,2,1,15,9,19,57,8,0,1,0,48,1,41,37,41037,4,2001,1YVGF22CX152,1,Y,V,G,F,2,2,C,X,1,5,2,0,P,MAZD,U6X,4D,1,17,2864,,0,1051,,G,,F,4,122,,,15R205,,,,,,0,0,000000000,00000000000,0,0,0,1,0,0,0,0,0,0,0,998,0,0,0,12,0,3,8,0,0,0,1,48,75208,6,1,0,0,3,3,999,999,0,0,0,0,0,0,0,0,0,0,0,0,0,0,2,3,35,1,1,8,1,0,0,1,80,1,1,1,98,0,0
48,482023,1,1,6,15,9,4,20,1,0,1,0,48,1,20,403,20403,14,2004,1GNES16S0461,1,G,N,E,S,1,6,S,0,4,6,1,0,P,CHEV,TRL,UT,4,17,4773,,0,1290,,G,,F,6,256,,,17R245,,,,,,0,0,000000000,00000000000,0,0,0,1,0,0,0,0,0,0,0,998,0,2,1,0,6,2,1,0,0,0,1,48,78664,6,1,6,0,3,3,999,999,0,0,0,0,0,0,0,0,0,0,58,0,0,0,2,2,70,1,1,8,1,0,0,1,12,7,4,6,98,1,0
48,482024,1,1,1,15,9,22,19,30,0,1,0,48,1,20,481,20481,31,1992,1GCDC14Z3NZ2,1,G,C,D,C,1,4,Z,3,N,Z,2,0,T,CHEV,GC1,PK,92,17,,1,1315,1175,GM4,G,,,6,262,,,,B,3718,04,,42,0,0,000000000,00000000000,0,0,0,1,0,0,0,0,0,0,0,998,0,0,0,61,4,3,30,0,0,0,1,48,79118,6,1,0,0,3,3,999,999,0,0,0,0,0,0,0,0,0,1,0,0,0,0,2,2,45,1,1,8,1,0,0,1,13,1,1,4,1,1,0
48,482025,1,1,1,15,9,2,30,42,0,1,0,0,0,76,734,76734,90,1998,000000000000,0,0,0,0,0,0,0,0,0,0,0,0,0,,,,,,,,,,,,,,,,,,,,,,,,,0,0,000000000,00000000000,0,0,0,1,0,0,0,0,0,0,0,998,0,0,0,12,4,8,42,0,0,0,1,48,75938,1,1,0,0,1,0,999,999,2,17,1,0,2,10,2009,9,2012,1,0,0,0,0,1,2,30,2,2,8,1,0,0,1,13,1,1,4,1,1,1
48,482026,1,3,1,15,9,2,22,12,8,1,0,48,2,20,23,20023,6,2006,3GNDA23P66S5,3,G,N,D,A,2,3,P,6,6,S,5,0,P,CHEV,HHR,SV,6,17,3155,,0,1035,,G,,F,4,146,,,16R215,,,,,,0,0,000000000,00000000000,0,0,0,1,0,0,0,0,0,0,0,998,0,0,0,12,6,2,12,0,0,0,1,48,78046,4,1,0,0,2,0,999,999,0,0,0,0,0,0,0,0,0,0,28,0,0,0,1,4,45,1,2,8,1,0,0,1,10,1,1,2,64,1,1
48,482026,2,3,1,15,9,2,22,12,8,1,0,48,0,20,2,20002,4,2000,2G1WF52E0Y91,2,G,1,W,F,5,2,E,0,Y,9,1,0,P,CHEV,IMP,4D,0,17,3389,,0,1110,,G,,F,6,207,,,16R225,,,,,,0,0,000000000,00000000000,0,0,0,1,0,0,0,0,0,0,0,998,0,0,0,82,4,3,12,0,0,0,1,48,78045,1,1,0,0,2,3,999,999,0,1,0,0,0,2,2012,2,2012,0,0,0,0,0,1,4,45,1,2,8,1,0,0,1,62,1,1,1,65,0,0
48,482026,3,3,1,15,9,2,22,12,8,1,0,48,3,85,881,85881,66,2011,1XKDDU9X8BJ2,1,X,K,D,D,U,9,X,8,B,J,2,1,T,KW,T80,TR,11,17,,8,2600,1600,CON,D,,,6,763,,,,,00000,00,,64,1,58,126693,58126693,3,6,2,1,0,0,0,0,0,0,0,998,0,0,0,62,4,3,12,0,0,0,1,47,78046,9,9,99,9,9,9,999,999,99,99,99,99,99,99,9999,99,9999,0,0,0,0,0,1,4,45,1,2,8,1,0,0,1,62,1,1,1,98,0,0
48,482027,1,1,1,16,9,2,20,53,0,1,0,48,2,12,3,12003,2,2012,1ZVBP8AM3C52,1,Z,V,B,P,8,A,M,3,C,5,2,0,P,FORD,MUS,CP,12,17,3401,,0,1071,,G,,F,6,226,,,17R225,,,,,,0,0,000000000,00000000000,0,0,0,1,0,0,0,0,0,0,0,998,0,0,0,99,6,2,2,0,0,1,1,48,78226,6,1,0,0,3,3,999,999,0,0,0,1,0,2,2012,2,2012,1,0,0,0,0,1,2,35,3,2,8,1,0,0,14,6,1,1,4,6,1,1
48,482028,1,2,2,16,9,11,2,12,6,1,0,48,0,55,36,55036,4,2004,KMHCG45C14U5,K,M,H,C,G,4,5,C,1,4,U,5,0,P,HYUN,AGL,4D,4,17,2290,,0,961,,G,,F,4,098,,,13R175,,,,,,0,0,000000000,00000000000,0,0,0,1,0,0,0,0,0,0,0,998,0,0,0,9,6,2,12,0,0,0,1,48,78611,1,1,0,0,2,0,999,999,0,9,0,0,0,2,2010,5,2012,1,87,0,0,0,5,4,60,1,1,8,2,0,0,1,6,1,3,2,66,2,0
48,482028,2,2,2,16,9,11,2,12,6,1,0,48,2,2,404,2404,14,2011,1J4RS4GG0BC5,1,J,4,R,S,4,G,G,0,B,C,5,0,T,JEEP,LRO,4W,11,17,,2,0,1148,GCK,F,,,6,220,,,,,4470,00,W,42,0,0,000000000,00000000000,0,0,0,1,0,0,0,0,0,0,0,998,0,0,0,12,6,2,12,0,0,0,1,48,76579,6,1,6,0,3,3,999,999,0,0,0,0,0,0,0,0,0,0,0,0,0,0,5,4,60,1,1,8,2,0,0,1,62,1,1,1,66,0,0
48,482029,1,2,1,16,9,6,20,12,6,1,0,48,1,20,471,20471,30,1991,1GCCS14E4M81,1,G,C,C,S,1,4,E,4,M,8,1,0,T,CHEV,S14,PK,91,17,,1,1179,1083,S,G,,,4,151,,,,B,2567,01,,42,0,0,000000000,00000000000,0,0,0,1,0,0,0,0,0,0,0,998,0,0,0,9,4,3,12,0,0,0,1,35,79835,6,1,0,0,3,0,70,165,98,0,0,0,0,0,0,0,0,0,38,0,0,0,1,2,98,8,8,8,98,20,3,1,16,1,1,1,89,1,1
48,482029,2,2,1,16,9,6,20,12,6,1,0,35,2,12,37,12037,2,2006,1FAFP37N86W1,1,F,A,F,P,3,7,N,8,6,W,1,0,P,FORD,FX5,4H,6,17,2729,,0,1029,,G,,F,4,122,,,15R195,,,,,,0,0,000000000,00000000000,0,0,0,1,0,0,0,0,0,0,0,998,0,0,0,12,2,3,12,0,0,0,1,48,79835,6,1,0,0,3,3,999,999,0,0,0,0,0,0,0,0,0,0,0,0,0,0,4,2,55,1,2,8,1,0,0,1,65,3,2,1,88,0,0
48,482030,1,1,5,16,9,0,8,41,0,1,0,48,2,12,3,12003,2,2004,1FAFP44444F1,1,F,A,F,P,4,4,4,4,4,F,1,0,P,FORD,MUS,CV,4,17,3254,,0,1013,,G,,F,6,232,,,16R225,,,,,,0,0,000000000,00000000000,0,0,0,1,0,0,0,0,0,0,0,998,0,1,5,12,4,3,1,0,0,0,1,48,77590,0,0,0,0,0,0,999,999,0,0,0,0,0,0,0,0,0,1,0,0,0,0,1,4,45,1,1,8,1,0,0,15,9,1,3,4,7,1,0
48,482031,1,2,3,16,9,21,0,12,2,1,0,48,1,7,24,7024,4,2011,2B3CL3CG3BH5,2,B,3,C,L,3,C,G,3,B,H,5,0,P,DODG,CHA,4D,11,17,3961,,0,1200,,F,,F,6,220,,,17R215,,,,,,0,0,000000000,00000000000,0,0,0,1,0,0,0,0,0,0,0,998,0,0,0,12,6,2,12,0,0,0,1,48,78840,6,1,0,0,3,0,999,999,0,0,0,0,1,11,2009,11,2009,0,0,0,0,0,1,2,70,1,1,8,1,0,0,1,54,1,1,1,51,2,0
48,482031,2,2,3,16,9,21,0,12,2,1,0,48,2,23,481,23481,31,2008,3GTEC13J28G2,3,G,T,E,C,1,3,J,2,8,G,2,0,T,GMC,SC1,CW,8,17,,2,0,1435,SIE,G,,,8,323,,,,B,5148,00,4,42,0,0,000000000,00000000000,0,0,0,1,0,0,0,0,0,0,0,998,0,0,0,12,6,2,12,0,0,0,1,48,78853,6,1,0,0,3,0,999,999,0,0,0,0,0,0,0,0,0,0,33,0,0,0,1,2,70,1,1,8,1,0,0,6,54,1,1,2,50,0,0
48,482032,1,2,1,16,9,18,53,1,0,1,0,48,3,98,709,98709,80,2012,999999999999,9,9,9,9,9,9,9,9,9,9,9,9,0,,,,,,,,,,,,,,,,,,,,,,,,,0,0,000000000,00000000000,0,0,0,1,0,0,0,0,0,0,0,998,0,0,0,0,9,2,1,0,0,0,1,48,79119,6,1,0,0,3,0,999,999,0,0,0,0,0,0,0,0,0,1,0,0,0,0,1,2,30,1,1,8,1,0,0,1,6,1,9,1,98,1,1
48,482032,2,2,3,16,9,18,53,1,0,1,0,48,1,19,480,19480,31,2004,3GYEK62N14G1,3,G,Y,E,K,6,2,N,1,4,G,1,0,T,CADI,EXT,SP,4,17,,2,0,1300,ESC,G,,,8,364,,,,B,5879,00,R,44,0,0,000000000,00000000000,0,0,0,1,0,0,0,0,0,0,0,998,0,0,0,99,9,3,12,0,0,0,1,48,79015,6,1,0,0,3,0,999,999,1,0,0,0,0,3,2012,3,2012,0,0,0,0,0,1,2,30,1,1,8,1,0,0,1,98,1,1,1,98,0,0
48,482033,1,1,3,17,9,23,22,1,0,1,0,48,1,20,401,20401,14,2002,1GNCS13W42K1,1,G,N,C,S,1,3,W,4,2,K,1,0,P,CHEV,BZR,UT,2,17,3718,,0,1070,,G,,F,6,262,,,000000,,,,,,0,0,000000000,00000000000,0,0,0,1,0,0,0,0,0,0,0,998,0,1,3,0,6,2,1,0,0,0,1,48,78044,6,1,0,0,3,0,999,999,0,0,0,1,0,7,2011,7,2011,0,0,0,0,0,2,2,75,2,6,8,1,0,0,14,12,1,1,4,6,2,1
48,482034,1,1,1,17,9,7,10,10,0,1,0,48,1,7,472,7472,30,2006,1D7HE22K26S5,1,D,7,H,E,2,2,K,2,6,S,5,0,T,DODG,KST,PC,6,17,,2,0,1309,DAK,G,,,6,225,,,,B,4153,00,E,42,0,0,000000000,00000000000,0,0,0,1,0,0,0,0,0,0,0,998,0,0,0,12,6,2,10,0,0,0,1,48,76040,6,1,6,0,3,3,999,999,0,0,0,0,0,0,0,0,0,0,39,0,0,0,1,2,35,1,2,8,1,65,3,1,98,1,1,1,98,1,0
48,482035,1,2,1,18,9,3,10,12,1,1,0,93,3,82,881,82881,66,2006,1FUJA6CK46DW,1,F,U,J,A,6,C,K,4,6,D,W,1,T,FRHT,COL,TR,6,17,,8,0,0,CON,D,,,6,855,,,,,00000,00,,64,1,57,862778,57862778,3,6,3,1,0,0,0,0,0,0,0,998,0,0,0,6,2,3,12,0,0,0,1,48,77054,6,1,6,0,3,3,999,999,0,3,0,0,0,2,2010,4,2012,0,0,0,0,0,3,3,65,1,1,8,1,0,0,1,53,1,1,1,25,0,0
48,482035,2,2,1,18,9,3,10,12,1,1,0,48,1,37,31,37031,4,2012,2HGFB6E5XCH7,2,H,G,F,B,6,E,5,X,C,H,7,0,P,HOND,UCS,4D,12,17,2895,,0,1051,,G,,F,4,146,,,17R215,,,,,,0,0,000000000,00000000000,0,0,0,1,0,0,0,0,0,0,0,998,0,0,0,12,4,3,12,0,0,0,1,48,77450,6,1,0,0,3,0,999,999,1,0,0,0,0,4,2011,4,2011,1,0,0,0,0,3,3,65,1,1,8,1,0,0,1,51,1,1,1,24,1,1
48,482036,1,1,1,18,9,13,2,34,0,1,0,48,1,20,481,20481,31,1999,2GCEK19T8X11,2,G,C,E,K,1,9,T,8,X,1,1,0,T,CHEV,SK1,3C,99,17,,2,1575,1435,SIL,G,,,8,325,,,,B,4621,00,,44,0,0,000000000,00000000000,0,0,0,1,0,0,0,0,0,0,0,998,0,0,0,12,4,3,34,0,0,0,1,48,77017,6,1,0,0,3,0,999,999,0,0,0,0,0,0,0,0,0,1,0,0,0,0,1,2,55,2,1,8,1,0,0,14,12,1,1,4,6,1,0
48,482037,1,1,1,18,9,19,55,9,0,1,0,48,1,20,421,20421,15,1999,3GNEK18R2XG1,3,G,N,E,K,1,8,R,2,X,G,1,0,P,CHEV,KTA,UT,99,17,4858,,0,1115,,G,,F,8,350,,,16R245,,,,,,0,0,000000000,00000000000,0,0,0,1,0,0,0,0,0,0,0,998,0,0,0,1,2,3,9,0,0,0,1,48,77064,6,1,0,0,3,3,999,999,0,0,0,0,0,0,0,0,0,0,0,0,0,0,5,4,45,1,1,8,1,0,0,1,83,7,1,1,13,0,0
48,482038,1,2,1,18,9,3,5,12,6,1,0,48,1,20,481,20481,31,1982,1GCGC23W4CS1,1,G,C,G,C,2,3,W,4,C,S,1,0,T,CHEV,C20,CW,82,17,,2,0,1645,C20,G,,,8,454,,,,CD,4246,04,,42,0,0,000000000,00000000000,0,0,0,1,0,0,0,0,0,0,0,998,0,0,0,11,6,2,12,0,0,0,1,48,75148,6,1,6,0,3,0,999,999,0,0,0,0,0,0,0,0,0,0,0,0,0,0,1,2,55,3,2,8,1,0,0,14,62,1,1,1,65,0,0
48,482038,2,2,1,18,9,3,5,12,6,1,0,48,1,14,38,14038,2,2002,1ZWFT6033256,1,Z,W,F,T,6,0,3,3,2,5,6,0,P,MERC,CU4,2H,2,17,2892,,0,1064,,G,,F,4,121,,,15R205,,,,,,0,0,000000000,00000000000,0,0,0,1,0,0,0,0,0,0,0,998,0,0,0,9,6,2,12,0,0,0,1,48,75143,0,0,0,0,0,0,68,170,0,1,0,0,0,7,2012,7,2012,0,51,58,0,0,1,2,55,2,2,8,1,0,0,14,10,1,3,2,64,1,1
48,482039,1,1,1,18,9,2,10,8,0,1,1,99,9,99,884,99884,66,9999,999999999999,9,9,9,9,9,9,9,9,9,9,9,9,1,,,,,,,,,,,,,,,,,,,,,,,,,1,99,999999999,99999999999,3,6,99,1,0,0,0,0,0,0,0,998,0,0,0,12,9,1,8,0,0,0,1,99,99999,9,9,99,9,9,9,999,999,99,99,99,99,99,99,9999,99,9999,0,0,0,0,0,3,3,70,1,1,8,1,0,0,1,81,1,1,4,13,0,0
48,482040,1,1,3,18,9,20,30,1,0,1,0,20,2,7,20,7020,4,2002,1B3ES46CX2D6,1,B,3,E,S,4,6,C,X,2,D,6,0,P,DODG,SEN,4D,2,17,2645,,0,1050,,G,,F,4,122,,,15R185,,,,,,0,0,000000000,00000000000,0,0,0,1,0,0,0,0,0,0,0,998,0,1,5,0,6,2,1,0,0,0,1,20,67801,1,1,0,0,2,0,64,145,0,0,0,0,1,2,2012,2,2012,0,91,0,0,0,1,2,70,1,1,8,1,0,0,1,12,1,1,4,6,1,1
48,482041,1,1,99,18,9,6,15,8,0,1,1,48,1,7,880,7880,67,2008,3D7MX38A78G1,3,D,7,M,X,3,8,A,7,8,G,1,0,T,DODG,SQ3,CW,8,17,,3,1605,1405,RPC,D,,,6,408,,,,D,7169,00,E,44,0,88,888888888,88888888888,2,1,97,1,0,0,0,0,0,0,0,998,0,0,0,12,2,1,8,0,0,0,1,48,75704,6,1,0,0,3,3,999,999,0,17,0,3,1,2,2010,3,2012,0,91,0,0,0,1,2,60,2,1,8,1,0,0,14,80,99,1,1,13,0,0
48,482042,1,2,1,19,9,17,0,12,6,1,0,48,1,20,431,20431,16,1998,3GNGK26J4WG1,3,G,N,G,K,2,6,J,4,W,G,1,0,P,CHEV,K25,UT,98,17,0,,0,1315,,G,,F,8,454,,,16R245,,,,,,0,0,000000000,00000000000,0,0,0,1,0,0,0,0,0,0,0,998,0,0,0,12,4,3,12,0,0,0,1,48,78228,6,1,0,0,3,0,999,999,0,0,0,0,1,9,2010,9,2010,1,37,51,39,0,1,2,50,1,1,2,1,21,3,1,17,1,1,1,83,0,0
48,482042,2,2,6,19,9,17,0,12,6,1,0,48,0,51,43,51043,6,2002,YV1SW58D1211,Y,V,1,S,W,5,8,D,1,2,1,1,0,P,VOLV,V72,SW,2,17,3594,,0,1085,,G,,T,5,149,,,16R205,,,,,,0,0,000000000,00000000000,0,0,0,1,0,0,0,0,0,0,0,998,0,0,0,11,6,2,12,0,0,0,1,48,78002,1,1,0,0,2,0,999,999,1,5,0,4,2,3,2010,8,2012,0,0,0,0,0,6,1,50,1,8,8,1,0,0,11,66,1,1,1,82,1,0
48,482044,1,1,1,19,9,23,20,8,0,1,0,48,1,35,50,35050,4,2012,3N1CN7AP3CL8,3,N,1,C,N,7,A,P,3,C,L,8,0,P,NISS,VVS,4D,12,17,2350,,0,1024,,G,,F,4,098,,,15R185,,,,,,0,0,000000000,00000000000,0,0,0,1,0,0,0,0,0,0,0,998,0,0,0,12,4,3,8,0,0,0,1,48,77009,6,1,0,0,3,0,999,999,0,0,0,0,0,0,0,0,0,0,0,0,0,0,3,5,65,1,1,8,1,0,0,1,80,1,1,1,13,0,0
48,482045,1,1,1,19,9,10,36,42,0,1,0,22,1,20,461,20461,21,1994,1GBEG25K8RF1,1,G,B,E,G,2,5,K,8,R,F,1,0,T,CHEV,SV2,CG,94,17,,2,1250,1100,S/V,G,,,8,350,,,,C,3905,00,,42,0,0,000000000,00000000000,0,0,0,1,0,0,0,0,0,0,0,998,0,0,0,12,6,2,42,0,0,0,1,22,71251,3,1,0,0,2,0,71,170,0,0,0,0,0,0,0,0,0,0,0,0,0,0,2,2,55,1,2,8,1,0,0,1,12,1,1,4,6,1,0
48,482046,1,1,2,20,9,1,14,33,0,1,0,48,2,37,32,37032,2,2010,2HGFG1B87AH5,2,H,G,F,G,1,B,8,7,A,H,5,0,P,HOND,UAX,CP,10,17,2771,,0,1043,,G,,F,4,110,,,16R205,,,,,,0,0,000000000,00000000000,0,0,0,1,0,0,0,0,0,0,0,998,0,1,5,12,6,2,33,0,0,0,1,48,78251,6,1,0,0,3,3,999,999,0,0,0,0,0,0,0,0,0,1,58,91,0,0,3,2,45,3,2,8,1,0,0,14,12,1,1,4,6,1,1
48,482047,1,2,1,20,9,15,6,12,6,1,0,48,1,72,706,72706,80,1998,1HD1FCR13WY6,1,H,D,1,F,C,R,1,3,W,Y,6,0,M,HD,FLU,RS,98,17,,,,,,,1340,,2,,4,772,,,,,,,0,0,000000000,00000000000,0,0,0,1,0,0,0,0,0,0,0,998,0,0,0,12,8,2,12,0,0,0,1,48,77523,6,1,0,0,3,0,999,999,0,0,0,0,0,0,0,0,0,1,0,0,0,0,1,4,98,8,8,8,1,3,3,10,10,1,9,2,80,1,0
48,482047,2,2,1,20,9,15,6,12,6,1,0,48,1,85,881,85881,66,1996,1XKAD69X7TR6,1,X,K,A,D,6,9,X,7,T,R,6,1,T,KW,T60,TR,96,17,,8,0,0,CON,D,,,6,855,,,,,00000,00,,64,1,57,1706438,571706438,3,6,3,1,0,0,0,0,0,0,0,998,0,0,0,9,2,3,12,0,0,0,1,48,77034,6,1,6,0,3,0,999,999,0,0,0,0,1,7,2010,7,2010,0,0,0,0,0,1,4,50,1,1,8,1,3,3,4,67,1,1,1,81,0,0
48,482048,1,1,1,20,9,19,50,42,0,1,0,48,1,20,481,20481,31,2001,1GCEC14W01Z2,1,G,C,E,C,1,4,W,0,1,Z,2,0,T,CHEV,SC1,PK,1,17,,2,1330,1190,SIL,G,,,6,262,,,,B,4135,00,,42,0,0,000000000,00000000000,0,0,0,1,0,0,0,0,0,0,0,998,0,0,0,11,6,2,42,0,0,0,1,48,78726,6,1,0,0,3,0,999,999,0,0,0,1,0,12,2011,12,2011,1,0,0,0,0,1,2,45,1,1,8,1,0,0,1,12,1,1,4,6,1,1
48,482049,1,3,1,21,9,19,38,12,2,1,0,48,2,55,35,55035,4,2003,KMHDN45D33U5,K,M,H,D,N,4,5,D,3,3,U,5,0,P,HYUN,EST,4D,3,17,2635,,0,1027,,G,,F,4,121,,,15R205,,,,,,0,0,000000000,00000000000,0,0,0,1,0,0,0,0,0,0,0,998,0,0,0,12,4,3,12,0,0,0,1,48,78242,6,1,0,0,3,0,999,999,1,0,0,0,0,1,2012,1,2012,0,51,37,0,0,3,2,65,1,1,8,1,0,0,1,54,1,1,1,52,0,0
48,482049,2,3,2,21,9,19,38,12,2,1,0,48,1,76,706,76706,80,2006,JYAVP22E96A0,J,Y,A,V,P,2,2,E,9,6,A,0,0,M,YAMA,XCT,RS,6,17,,,,,,,1854,,2,,4,999,,,,,,,0,0,000000000,00000000000,0,0,0,1,0,0,0,0,0,0,0,998,0,0,0,12,6,2,12,0,0,0,1,48,78407,6,1,0,0,3,3,999,999,0,0,0,1,1,3,2011,6,2012,0,0,0,0,0,3,2,65,1,1,8,1,0,0,1,54,1,1,1,52,1,0
48,482049,3,3,4,21,9,19,38,12,2,1,0,48,2,53,36,53036,5,2007,KL5JD66Z77K5,K,L,5,J,D,6,6,Z,7,7,K,5,0,P,SUZI,RBC,4H,7,17,2739,,0,1024,,G,,F,4,122,,,15R195,,,,,,0,0,000000000,00000000000,0,0,0,1,0,0,0,0,0,0,0,998,0,0,0,12,4,3,12,0,0,0,1,48,78233,6,1,0,0,3,3,999,999,0,0,0,0,0,0,0,0,0,0,0,0,0,0,3,2,65,1,1,8,1,0,0,1,98,1,1,1,98,0,0
48,482050,1,2,1,21,9,20,23,12,6,1,0,48,2,12,422,12422,15,2000,1FMRU17LXYLB,1,F,M,R,U,1,7,L,X,Y,L,B,0,P,FORD,EPT,UT,0,17,4833,,0,1191,,G,,F,8,330,,,16R255,,,,,,0,0,000000000,00000000000,0,0,0,1,0,0,0,0,0,0,0,998,0,0,0,12,4,3,12,0,0,0,1,48,75040,0,0,0,0,0,0,999,999,0,0,0,0,0,0,0,0,0,1,51,91,0,0,2,3,40,1,1,8,1,0,0,6,6,7,1,2,64,0,1
48,482050,2,2,2,21,9,20,23,12,6,1,0,48,1,35,47,35047,4,2008,1N4AL21E98C1,1,N,4,A,L,2,1,E,9,8,C,1,0,P,NISS,ATS,4D,8,17,3028,,0,1093,,G,,F,4,153,,,16R215,,,,,,0,0,000000000,00000000000,0,0,0,1,0,0,0,0,0,0,0,998,0,0,0,3,4,3,12,0,0,0,1,48,75041,6,1,0,0,3,0,999,999,0,0,0,0,0,0,0,0,0,0,0,0,0,0,2,3,40,1,1,8,1,0,0,1,62,6,1,2,65,1,0
48,482051,1,2,2,21,9,19,46,12,6,1,0,48,1,18,20,18020,4,1998,2G4WB52K7W14,2,G,4,W,B,5,2,K,7,W,1,4,0,P,BUIC,RLS,4D,98,17,3353,,0,1090,,G,,F,6,231,,,15R215,,,,,,0,0,000000000,00000000000,0,0,0,1,0,0,0,0,0,0,0,998,0,0,0,3,4,3,12,0,0,0,1,48,78155,6,1,0,0,3,3,999,999,0,0,0,0,0,0,0,0,0,0,38,0,0,0,1,2,98,8,8,8,1,20,3,1,17,1,1,1,87,1,0
48,482051,2,2,2,21,9,19,46,12,6,1,0,48,1,38,403,38403,14,1991,JAABL01EXM98,J,A,A,B,L,0,1,E,X,M,9,8,0,P,ISU,AMI,UT,91,17,2890,,0,917,,G,,F,4,156,,,000000,,,,,,0,0,000000000,00000000000,0,0,0,1,0,0,0,0,0,0,0,998,0,0,0,12,4,3,12,0,0,0,1,48,78155,6,1,7,0,3,3,999,999,0,0,0,0,0,0,0,0,0,0,0,0,0,0,4,8,98,8,8,8,1,0,0,1,66,1,1,1,86,0,0
48,482052,1,3,1,21,9,8,15,12,6,1,0,48,2,35,43,35043,4,2006,3N1CB51D96L6,3,N,1,C,B,5,1,D,9,6,L,6,0,P,NISS,S18,4D,6,17,2509,,0,998,,G,,F,4,108,,,15R195,,,,,,0,0,000000000,00000000000,0,0,0,1,0,0,0,0,0,0,0,998,0,0,0,12,4,3,12,0,0,0,1,48,77044,6,1,0,0,3,3,999,999,0,0,0,0,0,0,0,0,0,0,38,0,0,0,2,4,45,1,1,8,1,20,3,11,15,1,1,1,82,0,0
48,482052,2,3,1,21,9,8,15,12,6,1,0,48,1,54,31,54031,3,1996,JH4DC4451TS0,J,H,4,D,C,4,4,5,1,T,S,0,0,P,ACUR,ILS,2H,96,17,2614,,0,1012,,G,,F,4,112,,,14R195,,,,,,0,0,000000000,00000000000,0,0,0,1,0,0,0,0,0,0,0,998,0,0,0,5,4,3,12,0,0,0,1,48,77535,6,1,0,0,3,0,999,999,0,0,0,1,1,5,2010,9,2010,1,0,0,0,0,1,2,45,1,1,8,1,0,0,1,67,1,1,1,83,0,0
48,482052,3,3,1,21,9,8,15,12,6,1,0,48,2,37,31,37031,2,1999,1HGEJ8248XL0,1,H,G,E,J,8,2,4,8,X,L,0,0,P,HOND,UAX,CP,99,17,2560,,0,1032,,G,,F,4,097,,,14R185,,,,,,0,0,000000000,00000000000,0,0,0,1,0,0,0,0,0,0,0,998,0,0,0,12,6,2,12,0,0,0,1,48,77396,6,1,0,0,3,0,999,999,0,0,0,0,0,0,0,0,0,1,0,0,0,0,1,2,45,1,1,8,1,0,0,1,67,1,1,1,98,1,0
48,482053,1,1,1,21,9,2,15,33,0,1,0,48,2,12,399,12399,2,1979,9R02T177296,9,R,0,2,T,1,7,7,2,9,6,,0,P,FORD,MU2,2T,79,11,2431,,0,1004,,G,,1,6,200,,,13B78,,,,,,0,0,000000000,00000000000,0,0,0,1,0,0,0,0,0,0,0,998,0,1,5,12,2,3,1,0,0,0,1,48,77033,6,1,0,0,3,0,999,999,0,5,0,0,0,12,2009,6,2011,0,0,0,0,0,5,4,45,2,2,1,1,0,0,14,9,1,3,4,2,1,0