STATE,ST_CASE,VEH_NO,VE_FORMS,NUMOCCS,DAY,MONTH,HOUR,MINUTE,HARM_EV,MAN_COLL,UNITTYPE,HIT_RUN,REG_STAT,OWNER,MAKE,MODEL,MAK_MOD,BODY_TYP,MOD_YEAR,VIN,VIN_1,VIN_2,VIN_3,VIN_4,VIN_5,VIN_6,VIN_7,VIN_8,VIN_9,VIN_10,VIN_11,VIN_12,TOW_VEH,VINTYPE,VINMAKE,VINA_MOD,VIN_BT,VINMODYR,VIN_LNGT,VIN_WGT,WGTCD_TR,WHLBS_LG,WHLBS_SH,SER_TR,FUELCODE,MCYCL_DS,CARBUR,CYLINDER,DISPLACE,MCYCL_CY,MCYCL_WT,TIRE_SZE,TON_RAT,TRK_WT,TRKWTVAR,VIN_REST,WHLDRWHL,J_KNIFE,MCARR_I1,MCARR_I2,MCARR_ID,GVWR,V_CONFIG,CARGO_BT,HAZ_INV,HAZ_PLAC,HAZ_ID,HAZ_CNO,HAZ_REL,BUS_USE,SPEC_USE,EMER_USE,TRAV_SP,UNDERIDE,ROLLOVER,ROLINLOC,IMPACT1,DEFORMED,TOWED,M_HARM,VEH_SC1,VEH_SC2,FIRE_EXP,DR_PRES,L_STATE,DR_ZIP,L_STATUS,L_TYPE,CDL_STAT,L_ENDORS,L_COMPL,L_RESTRI,DR_HGT,DR_WGT,PREV_ACC,PREV_SUS,PREV_DWI,PREV_SPD,PREV_OTH,FIRST_MO,FIRST_YR,LAST_MO,LAST_YR,SPEEDREL,DR_SF1,DR_SF2,DR_SF3,DR_SF4,VTRAFWAY,VNUM_LAN,VSPD_LIM,VALIGN,VPROFILE,VPAVETYP,VSURCOND,VTRAFCON,VTCONT_F,P_CRASH1,P_CRASH2,P_CRASH3,PCRASH4,PCRASH5,ACC_TYPE,DEATHS,DR_DRINK
48,482221,1,2,1,3,10,2,34,12,2,1,0,48,1,37,706,37706,80,1993,JH2SC2806PM1,J,H,2,S,C,2,8,0,6,P,M,1,0,M,HOND,CR9,RC,93,17,,,,,,,900,,4,,4,407,,,,,,,0,0,000000000,00000000000,0,0,0,1,0,0,0,0,0,0,0,998,0,0,0,12,8,3,12,0,0,0,1,48,76201,0,0,0,0,0,0,73,272,0,0,0,0,0,0,0,0,0,0,51,0,0,0,1,2,45,1,1,8,1,0,0,1,54,1,1,1,52,1,1
48,482221,2,2,1,3,10,2,34,12,2,1,0,36,3,98,709,98709,80,2007,4MZAX03D2733,4,M,Z,A,X,0,3,D,2,7,3,3,0,U,,,,7,17,,,,,,,,,,,,,,,,,,,0,0,000000000,00000000000,0,0,0,1,0,0,0,0,0,0,0,998,0,0,0,12,8,3,12,0,0,0,1,36,75068,6,1,0,0,3,0,999,999,0,1,1,1,0,11,2010,3,2012,0,0,0,0,0,1,2,45,1,1,8,1,0,0,1,54,1,1,1,52,1,1
48,482222,1,1,1,3,10,19,45,8,0,1,0,48,1,13,421,13421,15,2007,5LMFU27517LJ,5,L,M,F,U,2,7,5,1,7,L,J,0,P,LINC,NAV,UT,7,17,5872,,0,1190,,G,,F,8,329,,,18R255,,,,,,0,0,000000000,00000000000,0,0,0,1,0,0,0,0,0,0,0,998,0,0,0,11,2,3,8,0,0,0,1,48,77041,6,1,0,0,3,0,999,999,0,0,0,0,0,0,0,0,0,0,0,0,0,0,3,3,50,1,1,8,1,0,0,1,80,1,1,1,13,0,0
48,482223,1,1,1,3,10,17,24,42,0,1,0,48,2,12,37,12037,4,2007,1FAFP34N37W1,1,F,A,F,P,3,4,N,3,7,W,1,0,P,FORD,X4S,4D,7,17,2636,,0,1029,,G,,F,4,122,,,15R195,,,,,,0,0,000000000,00000000000,0,0,0,1,0,0,0,0,0,0,0,998,0,1,5,12,6,2,1,0,0,0,1,48,78942,6,1,0,0,3,0,999,999,0,0,0,0,0,0,0,0,0,1,39,58,0,0,1,2,40,2,1,8,1,0,0,14,6,7,2,4,2,1,1
48,482224,1,2,1,3,10,18,38,12,1,1,0,48,1,20,481,20481,31,2003,2GCEC19T9313,2,G,C,E,C,1,9,T,9,3,1,3,0,T,CHEV,SC1,4C,3,17,,2,1575,1435,SIL,G,,,8,325,,,,B,4534,03,,42,0,0,000000000,00000000000,0,0,0,1,0,0,0,0,0,0,0,998,0,0,0,12,6,2,12,0,0,0,1,48,77346,1,1,0,0,2,0,999,999,0,5,0,2,0,10,2009,5,2012,1,37,0,0,0,3,2,40,1,1,8,1,0,0,1,51,1,1,1,24,0,1
48,482224,2,2,1,3,10,18,38,12,1,1,0,48,1,37,706,37706,80,1985,1HFSC1452FA1,1,H,F,S,C,1,4,5,2,F,A,1,0,M,HOND,G2A,RS,85,17,,,,,,,1200,,4,,4,723,,,,,,,0,0,000000000,00000000000,0,0,0,1,0,0,0,0,0,0,0,998,0,0,0,6,6,2,12,0,0,0,1,48,76116,6,1,0,0,3,3,999,999,0,0,0,0,0,0,0,0,0,0,0,0,0,0,3,2,40,1,1,8,1,0,0,1,53,1,1,1,25,1,0
48,482225,1,2,1,4,10,6,49,12,2,1,0,48,1,20,481,20481,31,2007,2GCEC13J0715,2,G,C,E,C,1,3,J,0,7,1,5,0,T,CHEV,1CW,CW,7,17,,2,0,1435,SIL,G,,,8,323,,,,B,5142,00,,42,0,0,000000000,00000000000,0,0,0,1,0,0,0,0,0,0,0,998,0,0,0,12,6,2,12,0,0,0,1,48,75159,6,1,0,0,3,0,999,999,0,0,0,0,0,0,0,0,0,0,28,0,0,0,1,2,55,1,3,8,1,0,0,1,10,1,1,2,50,0,0
48,482225,2,2,1,4,10,6,49,12,2,1,0,48,1,20,481,20481,31,1992,1GCDC14Z7NZ1,1,G,C,D,C,1,4,Z,7,N,Z,1,0,T,CHEV,GC1,PK,92,17,,1,1315,1175,GM4,G,,,6,262,,,,B,3718,04,,42,0,0,000000000,00000000000,0,0,0,1,0,0,0,0,0,0,0,998,0,0,0,12,6,2,12,0,0,0,1,48,75143,6,1,6,0,3,0,999,999,0,0,0,0,1,10,2011,10,2011,0,0,0,0,0,1,2,55,1,3,8,1,0,0,1,62,1,1,1,51,1,0
48,482226,1,2,2,4,10,21,45,12,1,1,0,48,2,7,28,7028,2,2012,2C3CDYAG5CH1,2,C,3,C,D,Y,A,G,5,C,H,1,0,P,DODG,CHL,CP,12,17,3834,,0,1160,,F,,F,6,220,,,18R235,,,,,,0,0,000000000,00000000000,0,0,0,1,0,0,0,0,0,0,0,998,0,0,0,12,4,3,12,0,0,0,1,48,77547,1,1,0,0,1,0,999,999,1,12,0,2,0,4,2010,9,2012,1,0,0,0,0,1,4,30,1,2,8,1,0,0,1,51,1,1,1,24,0,1
48,482226,2,2,4,4,10,21,45,12,1,1,0,48,1,20,481,20481,31,1996,2GCEC19R6T12,2,G,C,E,C,1,9,R,6,T,1,2,0,T,CHEV,GC1,PC,96,17,,2,1555,1415,GM4,G,,,8,350,,,,B,4068,02,,42,0,0,000000000,00000000000,0,0,0,1,0,0,0,0,0,0,0,998,0,1,5,6,6,2,3,0,0,0,1,48,77547,6,1,0,0,3,0,999,999,0,0,0,0,0,0,0,0,0,0,0,0,0,0,1,4,30,1,2,8,1,0,0,1,53,1,1,1,25,1,0
48,482227,1,2,1,4,10,2,44,12,7,1,0,48,1,72,706,72706,80,2007,1HD1GX4177K3,1,H,D,1,G,X,4,1,7,7,K,3,0,M,HD,FXI,RS,7,17,,,,,,,1584,,2,,4,634,,,,,,,0,0,000000000,00000000000,0,0,0,1,0,0,0,0,0,0,0,998,0,0,0,1,8,3,12,0,0,0,1,48,79329,6,1,6,0,2,0,999,999,0,1,0,0,0,5,2010,5,2010,1,28,0,0,0,3,3,60,3,1,8,1,0,0,14,6,1,1,2,44,1,1
48,482227,2,2,2,4,10,2,44,12,7,1,0,48,2,49,472,49472,30,2004,5TEGN92NX4Z3,5,T,E,G,N,9,2,N,X,4,Z,3,0,T,TOYT,DCP,CW,4,17,,1,0,1219,TAC,G,,,6,206,,,,B,3475,00,U,42,0,0,000000000,00000000000,0,0,0,1,0,0,0,0,0,0,0,998,0,0,0,11,2,3,12,0,0,0,1,48,79407,6,1,0,0,3,0,999,999,0,0,0,0,0,0,0,0,0,0,0,0,0,0,3,3,60,3,1,8,1,0,0,14,60,1,1,1,45,0,0
48,482228,1,1,1,4,10,4,5,33,0,1,0,48,2,7,482,7482,31,2007,1D7HA18227S2,1,D,7,H,A,1,8,2,2,7,S,2,0,T,DODG,SQ1,CW,7,17,,2,1605,1405,RPC,G,,,8,348,,,,B,4954,02,E,42,0,0,000000000,00000000000,0,0,0,1,0,0,0,0,0,0,0,998,0,2,3,12,4,3,1,0,0,0,1,48,78043,0,0,0,0,0,0,999,999,1,0,0,0,0,4,2011,4,2011,1,58,0,0,0,4,1,45,1,1,8,1,0,0,1,6,1,1,4,1,1,0
48,482229,1,1,4,5,10,1,20,38,0,1,0,48,2,7,43,7043,4,2001,1B3EJ46X81N5,1,B,3,E,J,4,6,X,8,1,N,5,0,P,DODG,SSE,4D,1,17,3151,,0,1080,,G,,F,4,148,,,15R205,,,,,,0,0,000000000,00000000000,0,0,0,1,0,0,0,0,0,0,0,998,0,0,0,12,4,3,2,0,0,1,1,48,75007,0,0,0,0,0,0,65,140,0,7,0,1,0,1,2010,3,2012,1,0,0,0,0,4,3,35,1,1,8,1,0,0,1,9,1,3,4,2,2,1
48,482230,1,1,1,5,10,9,8,11,0,1,0,22,3,72,706,72706,80,2006,1HD1FFW116Y6,1,H,D,1,F,F,W,1,1,6,Y,6,0,M,HD,TCI,RS,6,17,,,,,,,1450,,2,,4,776,,,,,,,0,0,000000000,00000000000,0,0,0,1,0,0,0,0,0,0,0,998,0,0,0,12,2,3,11,0,0,0,1,22,71465,6,1,0,0,3,0,73,220,0,0,0,0,0,0,0,0,0,0,0,0,0,0,1,2,55,3,2,8,1,0,0,14,88,1,1,1,13,1,0
48,482231,1,1,2,5,10,19,56,8,0,1,0,48,1,37,709,37709,80,2006,1HFSC47H96A5,1,H,F,S,C,4,7,H,9,6,A,5,0,M,HOND,GL8,RS,6,17,,,,,,,1832,,6,,4,822,,,,,,,0,0,000000000,00000000000,0,0,0,1,0,0,0,0,0,0,0,998,0,0,0,12,9,2,8,0,0,0,1,48,77378,6,1,0,0,3,0,999,999,1,0,0,0,0,12,2010,12,2010,0,0,0,0,0,3,2,65,1,1,8,1,0,0,15,80,1,1,1,13,0,0
48,482232,1,4,1,5,10,7,55,12,8,1,0,26,1,12,17,12017,4,1998,1FAFP5242WG1,1,F,A,F,P,5,2,4,2,W,G,1,0,P,FORD,TLS,4D,98,17,3359,,0,1085,,G,,F,6,232,,,15R205,,,,,,0,0,000000000,00000000000,0,0,0,1,0,0,0,0,0,0,0,998,0,0,0,61,6,2,12,0,0,0,1,48,75961,6,1,0,0,3,3,999,999,0,0,0,0,0,0,0,0,0,0,51,0,0,0,5,4,60,1,2,8,1,0,0,1,10,1,1,2,64,1,1
48,482232,2,4,1,5,10,7,55,12,8,1,0,48,1,41,51,41051,4,2011,JM1BL1W58B14,J,M,1,B,L,1,W,5,8,B,1,4,0,P,MAZD,M3S,4D,11,17,3038,,0,0,,G,,F,4,152,,,000000,,,,,,0,0,000000000,00000000000,0,0,0,1,0,0,0,0,0,0,0,998,0,0,0,61,2,1,12,0,0,0,1,48,75904,6,1,0,0,3,0,999,999,0,0,0,0,0,0,0,0,0,0,0,0,0,0,5,4,60,1,2,8,1,0,0,1,62,1,1,1,65,0,0
48,482232,3,4,1,5,10,7,55,12,8,1,0,48,1,24,399,24399,4,2004,1G8JL54R94Y5,1,G,8,J,L,5,4,R,9,4,Y,5,0,P,STRN,L33,4D,4,17,3269,,0,1065,,G,,F,6,183,,,16R215,,,,,,0,0,000000000,00000000000,0,0,0,1,0,0,0,0,0,0,0,998,0,0,0,61,4,3,12,0,0,0,1,48,75904,6,1,0,0,3,3,999,999,1,0,0,1,1,12,2009,7,2010,0,0,0,0,0,5,4,60,1,2,8,1,0,0,1,62,1,1,1,98,0,0
48,482232,4,4,1,5,10,7,55,12,8,1,0,48,3,20,481,20481,31,2005,1GCEC19T55Z3,1,G,C,E,C,1,9,T,5,5,Z,3,0,T,CHEV,SC1,4C,5,17,,2,1575,1435,SIL,G,,,8,323,,,,B,4555,00,,42,0,0,000000000,00000000000,0,0,0,1,0,0,0,0,0,0,0,998,0,1,1,12,4,3,12,0,0,0,1,48,75904,6,1,6,0,3,0,999,999,0,0,0,0,0,0,0,0,0,0,0,0,0,0,5,4,60,1,2,8,1,0,0,1,62,1,1,1,98,0,0
48,482233,1,1,2,5,10,0,37,1,0,1,0,48,1,12,3,12003,2,2012,1ZVBP8CF5C52,1,Z,V,B,P,8,C,F,5,C,5,2,0,P,FORD,MGT,CP,12,17,3483,,0,1071,,G,,F,8,305,,,18R235,,,,,,0,0,000000000,00000000000,0,0,0,1,0,0,0,0,0,0,0,998,0,1,5,0,6,2,1,0,0,0,1,48,75148,6,1,0,0,3,0,999,999,0,0,0,2,0,7,2011,12,2011,1,0,0,0,0,2,2,50,3,1,8,1,0,0,14,13,1,1,4,1,1,1
48,482234,1,1,1,5,10,1,33,42,0,1,0,48,2,41,52,41052,6,2009,JM1CR2930903,J,M,1,C,R,2,9,3,0,9,0,3,0,P,MAZD,MA5,4H,9,17,3417,,0,1083,,G,,F,4,140,,,17R205,,,,,,0,0,000000000,00000000000,0,0,0,1,0,0,0,0,0,0,0,998,0,0,0,12,6,2,42,0,0,0,1,48,76179,0,0,0,0,0,0,999,999,0,0,0,0,0,0,0,0,0,1,0,0,0,0,2,2,40,3,2,8,1,0,0,14,12,1,1,4,6,1,0
48,482235,1,2,1,5,10,19,54,12,7,1,0,48,1,19,18,19018,4,2006,1G6DP5775601,1,G,6,D,P,5,7,7,5,6,0,1,0,P,CADI,HF6,4D,6,17,3509,,0,1134,,G,,F,6,220,,,16R225,,,,,,0,0,000000000,00000000000,0,0,0,1,0,0,0,0,0,0,0,998,0,0,0,3,2,3,8,0,0,0,1,48,78728,4,1,0,0,2,0,999,999,0,1,0,1,0,6,2012,9,2012,0,0,0,0,0,4,3,55,1,1,8,1,0,0,15,61,1,1,2,48,0,0
48,482235,2,2,1,5,10,19,54,12,7,1,0,48,1,12,481,12481,31,2000,1FTZX1726YNC,1,F,T,Z,X,1,7,2,6,Y,N,C,0,T,FORD,F15,4C,0,17,,1,1571,1385,COF,G,,,6,256,,,,B,4204,05,U,42,0,0,000000000,00000000000,0,0,0,1,0,0,0,0,0,0,0,998,0,0,0,7,2,1,12,0,0,0,1,48,78613,6,1,0,0,3,0,999,999,0,0,0,0,0,0,0,0,0,0,0,0,0,0,4,3,55,1,1,8,1,0,0,1,53,1,1,1,48,0,0
48,482236,1,2,1,5,10,20,7,12,6,1,0,17,1,82,881,82881,66,2006,1FUJA6CK06LV,1,F,U,J,A,6,C,K,0,6,L,V,1,T,FRHT,COL,TR,6,17,,8,0,0,CON,D,,,6,855,,,,,00000,00,,64,1,57,1890636,571890636,3,6,1,1,0,0,0,0,0,0,0,998,0,0,0,9,2,1,12,0,0,0,1,48,77433,6,1,6,0,3,3,999,999,0,0,0,0,0,0,0,0,0,0,38,0,0,0,1,2,99,1,1,8,1,20,3,1,17,1,1,1,89,0,0
48,482236,2,2,1,5,10,20,7,12,6,1,0,48,1,20,37,20037,4,2007,1G1ZS58F37F2,1,G,1,Z,S,5,8,F,3,7,F,2,0,P,CHEV,M/L,4D,7,17,3122,,0,1063,,G,,F,4,134,,,15R205,,,,,,0,0,000000000,00000000000,0,0,0,1,0,0,0,0,0,0,0,998,0,0,0,12,6,2,12,0,0,0,1,48,77493,6,1,0,0,3,3,999,999,0,0,0,0,0,0,0,0,0,0,0,0,0,0,2,2,75,1,1,8,1,0,0,1,66,1,1,1,88,1,0
48,482237,1,2,1,6,10,0,39,12,1,1,0,48,2,2,403,2403,14,2001,1J4FA49S61P3,1,J,4,F,A,4,9,S,6,1,P,3,0,T,JEEP,SPW,2W,1,17,,1,0,934,W/T,G,,,6,244,,,,,3207,00,E,44,0,0,000000000,00000000000,0,0,0,1,0,0,0,0,0,0,0,998,0,1,3,6,4,3,1,0,0,0,1,48,75119,6,1,0,0,3,0,66,155,1,0,0,1,0,4,2010,7,2012,0,38,0,0,0,0,0,0,0,0,0,0,0,0,10,16,1,9,1,25,1,1
48,482237,2,2,1,6,10,0,39,12,1,1,0,18,3,85,881,85881,66,2006,1XKWDB9X76J1,1,X,K,W,D,B,9,X,7,6,J,1,1,T,KW,W90,TR,6,17,,8,2850,1600,CON,D,,,6,893,,,,,00000,00,,64,1,57,2270045,572270045,3,6,1,1,0,0,0,0,0,0,0,998,0,1,3,12,4,3,12,0,0,0,1,47,37757,6,1,6,0,3,3,71,200,0,0,0,1,0,9,2011,9,2011,0,0,0,0,0,2,4,65,3,1,8,1,0,0,14,70,99,1,1,24,0,0
48,482238,1,1,1,6,10,23,4,8,0,1,1,99,9,99,999,99999,99,9999,999999999999,9,9,9,9,9,9,9,9,9,9,9,9,0,,,,,,,,,,,,,,,,,,,,,,,,,0,0,000000000,00000000000,0,0,0,1,0,0,0,0,0,0,0,998,0,0,0,99,9,1,8,0,0,0,1,99,99999,9,9,99,9,9,9,999,999,99,99,99,99,99,99,9999,99,9999,1,0,0,0,0,1,4,35,2,1,8,1,0,0,14,80,1,1,1,13,0,0
48,482239,1,3,1,6,10,6,37,12,6,1,0,48,3,84,881,84881,66,2000,2HSFHAERXYC0,2,H,S,F,H,A,E,R,X,Y,C,0,1,T,INTL,940,TR,0,17,,8,2340,1600,90S,D,,,6,855,,,,,00000,00,,64,1,57,2190807,572190807,3,6,3,1,0,0,0,0,0,0,0,998,0,0,0,12,4,3,12,0,0,0,1,96,0,9,9,99,9,9,9,999,999,99,99,99,99,99,99,9999,99,9999,0,38,48,0,0,1,4,55,1,1,8,1,0,0,11,15,1,1,1,68,0,0
48,482239,2,3,7,6,10,6,37,12,6,1,0,48,1,20,401,20401,14,2002,1GNES16S3261,1,G,N,E,S,1,6,S,3,2,6,1,0,P,CHEV,TRL,UT,2,17,4836,,0,1290,,G,,F,6,256,,,17R245,,,,,,0,0,000000000,00000000000,0,0,0,1,0,0,0,0,0,0,0,998,0,0,0,10,6,2,12,0,0,0,1,48,78852,6,1,6,0,3,0,999,999,0,0,0,0,1,5,2010,5,2010,0,0,0,0,0,1,4,55,1,1,8,1,0,0,1,62,1,1,1,69,1,0
48,482239,3,3,1,6,10,6,37,12,6,1,0,48,1,23,421,23421,15,2002,1GKEC13V42R3,1,G,K,E,C,1,3,V,4,2,R,3,0,T,GMC,YUK,4W,2,17,,2,0,1160,YUK,G,,,8,293,,,,B,4875,00,K,42,0,0,000000000,00000000000,0,0,0,1,0,0,0,0,0,0,0,998,0,0,0,1,4,3,12,0,0,0,1,48,78852,6,1,0,0,3,0,999,999,0,0,0,0,0,0,0,0,0,0,0,0,0,0,1,4,55,1,1,8,1,0,0,1,62,8,1,2,98,0,0
48,482240,1,2,4,6,10,16,30,12,6,1,0,48,2,2,405,2405,14,2012,1C4PJLCK1CW1,1,C,4,P,J,L,C,K,1,C,W,1,0,T,JEEP,LMD,4W,12,17,,1,0,1061,LIB,G,,,6,225,,,,,4076,00,R,42,0,0,000000000,00000000000,0,0,0,1,0,0,0,0,0,0,0,998,0,0,0,12,4,3,12,0,0,0,1,48,76123,6,2,0,0,3,0,999,999,0,0,0,0,0,0,0,0,0,0,39,0,0,0,2,3,40,1,2,8,1,3,3,1,17,1,1,1,88,0,0
48,482240,2,2,2,6,10,16,30,12,6,1,0,48,1,49,40,49040,4,1994,4T1SK12E5RU4,4,T,1,S,K,1,2,E,5,R,U,4,0,P,TOYT,CLE,4D,94,17,3086,,0,1031,,G,,F,4,132,,,14R195,,,,,,0,0,000000000,00000000000,0,0,0,1,0,0,0,0,0,0,0,998,0,0,0,9,4,3,12,0,0,0,1,13,30907,4,1,0,0,2,3,64,190,98,4,0,1,0,11,2009,2,2012,0,0,0,0,0,1,4,99,1,1,8,1,3,3,1,66,1,1,1,89,1,0
48,482241,1,1,1,6,10,9,30,32,0,1,0,26,1,72,706,72706,80,2007,1HD1FC4167Y6,1,H,D,1,F,C,4,1,6,7,Y,6,0,M,HD,FLU,RS,7,17,,,,,,,1584,,2,,4,808,,,,,,,0,0,000000000,00000000000,0,0,0,1,0,0,0,0,0,0,0,998,0,0,0,12,2,3,32,0,0,0,1,26,77320,6,1,6,0,3,0,72,160,0,0,0,0,0,0,0,0,0,0,0,0,0,0,1,2,70,1,1,8,1,0,0,1,13,1,1,4,1,1,1
48,482242,3,1,1,7,10,12,54,14,0,1,0,48,1,72,706,72706,80,2006,1HD1GP1176K3,1,H,D,1,G,P,1,1,7,6,K,3,0,M,HD,WGI,RS,6,17,,,,,,,1450,,2,,4,0000,,,,,,,0,0,000000000,00000000000,0,0,0,1,0,0,0,0,0,0,0,998,0,0,0,3,8,8,14,0,0,0,1,48,76033,6,1,0,0,2,3,999,999,0,2,0,1,0,10,2010,1,2012,1,0,0,0,0,3,4,70,1,1,8,1,0,0,1,6,1,1,4,1,1,0
48,482243,1,1,1,7,10,16,10,42,0,1,0,48,3,12,402,12402,14,2012,1FMCU0C74CKB,1,F,M,C,U,0,C,7,4,C,K,B,0,P,FORD,SPE,UT,12,17,3332,,0,1031,,G,,F,4,153,,,16R235,,,,,,0,0,000000000,00000000000,0,0,0,1,0,0,0,0,0,0,0,77,0,0,0,10,6,2,42,0,0,0,1,48,75089,6,1,0,0,3,3,70,198,0,0,0,0,0,0,0,0,0,1,0,0,0,0,2,6,40,1,1,8,1,0,0,1,12,1,1,4,6,1,0
48,482244,1,1,1,7,10,12,54,1,0,1,0,48,2,20,422,20422,15,2009,1GNFC26JX9R2,1,G,N,F,C,2,6,J,X,9,R,2,0,P,CHEV,C15,UT,9,17,5607,,0,1300,,G,,F,8,323,,,17R265,,,,,,0,0,000000000,00000000000,0,0,0,1,0,0,0,0,0,0,0,998,0,2,5,0,6,2,1,0,0,0,1,48,79855,6,1,0,0,3,0,999,999,0,0,0,0,0,0,0,0,0,0,0,0,0,0,1,2,75,1,1,8,1,0,0,1,13,1,1,4,1,1,0
48,482245,1,1,1,7,10,4,10,35,0,1,0,48,1,20,471,20471,30,1997,1GCCS19X5V81,1,G,C,C,S,1,9,X,5,V,8,1,0,T,CHEV,S14,PC,97,17,,1,0,1229,S,G,,,6,262,,,,B,3246,00,,42,0,0,000000000,00000000000,0,0,0,1,0,0,0,0,0,0,0,998,0,1,1,12,6,2,1,0,0,0,1,48,75645,6,1,0,0,3,0,999,999,0,6,0,2,0,12,2009,9,2012,0,58,0,0,0,1,2,35,2,2,8,1,0,0,14,12,1,1,4,6,1,1
48,482246,1,1,2,8,10,3,0,11,0,1,0,48,2,55,33,55033,4,2003,KMHWF35H23A7,K,M,H,W,F,3,5,H,2,3,A,7,0,P,HYUN,SGX,4D,3,17,3254,,0,1063,,G,,F,6,162,,,16R205,,,,,,0,0,000000000,00000000000,0,0,0,1,0,0,0,0,0,0,0,998,0,0,0,12,6,2,11,0,0,0,1,42,19111,6,1,0,0,3,3,72,999,0,0,0,0,0,0,0,0,0,0,0,0,0,0,1,2,70,1,1,8,2,0,0,1,87,1,1,1,13,1,0
48,482247,1,3,1,8,10,8,1,12,1,1,0,48,2,12,17,12017,4,2001,1FAFP55U91G2,1,F,A,F,P,5,5,U,9,1,G,2,0,P,FORD,TSS,4D,1,17,3343,,0,1085,,G,,F,6,182,,,16R215,,,,,,0,0,000000000,00000000000,0,0,0,1,0,0,0,0,0,0,0,998,0,0,0,12,4,3,12,0,0,0,1,48,78227,6,1,0,0,3,3,999,999,0,0,0,0,1,5,2010,5,2010,1,27,0,0,0,2,6,45,1,1,8,1,0,0,15,10,1,1,2,24,0,0
48,482247,2,3,5,8,10,8,1,12,1,1,0,48,2,20,481,20481,31,2003,2GCEC19V3311,2,G,C,E,C,1,9,V,3,3,1,1,0,T,CHEV,SC1,4C,3,17,,2,1575,1435,SIL,G,,,8,293,,,,B,4534,03,,42,0,0,000000000,00000000000,0,0,0,1,0,0,0,0,0,0,0,998,0,1,1,6,6,2,12,0,0,0,1,48,78227,0,0,0,0,0,0,999,999,0,0,0,0,0,0,0,0,0,0,0,0,0,0,2,6,45,1,1,8,1,0,0,1,61,1,1,1,25,1,0
48,482247,3,3,1,8,10,8,1,12,1,1,0,48,2,21,441,21441,20,1992,1GHDU06L9NT3,1,G,H,D,U,0,6,L,9,N,T,3,0,P,OLDS,SIL,SV,92,17,3556,,0,1098,,G,,F,6,231,,,15R205,,,,,,0,0,000000000,00000000000,0,0,0,1,0,0,0,0,0,0,0,998,0,0,0,12,6,2,12,0,0,0,1,48,78242,6,1,0,0,3,0,999,999,0,0,0,1,0,7,2010,7,2010,0,0,0,0,0,2,6,45,1,1,8,1,0,0,1,64,1,1,1,98,0,0
48,482248,1,2,1,8,10,6,53,12,2,1,0,48,2,2,404,2404,14,1996,1J4FX58S1TC2,1,J,4,F,X,5,8,S,1,T,C,2,0,T,JEEP,LRO,4W,96,17,,1,0,1059,GCK,G,,,6,242,,,,,3510,00,E,42,0,0,000000000,00000000000,0,0,0,1,0,0,0,0,0,0,0,998,0,0,0,12,4,3,12,0,0,0,1,4,75090,6,1,0,0,3,0,71,185,0,0,0,0,0,0,0,0,0,0,28,51,0,0,1,2,70,1,1,8,1,0,0,1,10,1,1,2,50,1,1
48,482248,2,2,1,8,10,6,53,12,2,1,0,48,1,12,471,12471,30,1999,1FTYR10CXXPA,1,F,T,Y,R,1,0,C,X,X,P,A,0,T,FORD,RNG,PK,99,17,,1,1175,1116,RNG,G,,,4,153,,,,B,00000,00,U,42,0,0,000000000,00000000000,0,0,0,1,0,0,0,0,0,0,0,998,0,1,5,12,4,3,12,0,0,0,1,48,75446,6,1,0,0,3,0,999,999,0,0,0,0,0,0,0,0,0,0,0,0,0,0,1,2,70,1,1,8,1,0,0,1,62,1,1,1,51,1,0
48,482249,1,1,2,9,10,7,8,15,0,1,0,48,2,37,32,37032,4,1996,1HGCD7250TA0,1,H,G,C,D,7,2,5,0,T,A,0,0,P,HOND,UER,CP,96,17,2930,,0,1069,,G,,F,4,132,,,15R195,,,,,,0,0,000000000,00000000000,0,0,0,1,0,0,0,0,0,0,0,998,0,0,0,12,2,8,15,0,0,0,1,48,78065,6,1,0,0,3,0,999,999,0,0,0,0,0,0,0,0,0,0,0,0,0,0,1,4,40,1,3,8,1,0,0,1,80,1,1,1,13,0,0
48,482250,1,1,2,9,10,19,30,8,0,1,1,48,2,12,481,12481,31,2004,1FTRX12W74NA,1,F,T,R,X,1,2,W,7,4,N,A,0,T,FORD,F15,4C,4,17,,2,1450,1260,COF,G,,,8,281,,,,B,5170,00,U,42,0,0,000000000,00000000000,0,0,0,1,0,0,0,0,0,0,0,998,0,0,0,12,0,1,8,0,0,0,1,48,78239,1,1,0,0,2,0,999,999,0,3,0,2,0,4,2010,6,2012,0,0,0,0,0,0,0,0,0,0,0,0,0,0,11,80,1,1,1,13,0,0
48,482251,1,1,1,9,10,20,5,8,0,1,0,48,1,87,881,87881,66,1996,1XPCDB8X5TN4,1,X,P,C,D,B,8,X,5,T,N,4,0,T,PTRB,377,TR,96,17,,8,0,0,CON,D,,,6,893,,,,,00000,00,,64,0,57,213641,57213641,3,5,96,1,0,0,0,0,0,0,0,998,0,0,0,12,2,8,8,0,0,0,1,48,78245,6,1,6,0,3,3,999,999,0,0,0,0,0,0,0,0,0,0,0,0,0,0,4,2,50,1,2,8,1,0,0,1,80,1,1,1,13,0,0
48,482252,1,3,1,9,10,15,10,12,6,1,0,48,2,49,482,49482,31,2010,5TFEY5F15AX0,5,T,F,E,Y,5,F,1,5,A,X,0,0,T,TOYT,CRW,CW,10,17,,2,0,1457,TUN,G,,,8,348,,,,B,5335,00,7,42,0,0,000000000,00000000000,0,0,0,1,0,0,0,0,0,0,0,998,0,0,0,12,2,3,12,0,0,0,1,48,79706,6,1,0,0,3,3,999,999,0,0,0,0,0,0,0,0,0,0,0,0,0,0,2,2,55,1,1,8,1,3,3,1,62,1,1,1,69,0,0