STATE,ST_CASE,VEH_NO,VE_FORMS,NUMOCCS,DAY,MONTH,HOUR,MINUTE,HARM_EV,MAN_COLL,UNITTYPE,HIT_RUN,REG_STAT,OWNER,MAKE,MODEL,MAK_MOD,BODY_TYP,MOD_YEAR,VIN,VIN_1,VIN_2,VIN_3,VIN_4,VIN_5,VIN_6,VIN_7,VIN_8,VIN_9,VIN_10,VIN_11,VIN_12,TOW_VEH,VINTYPE,VINMAKE,VINA_MOD,VIN_BT,VINMODYR,VIN_LNGT,VIN_WGT,WGTCD_TR,WHLBS_LG,WHLBS_SH,SER_TR,FUELCODE,MCYCL_DS,CARBUR,CYLINDER,DISPLACE,MCYCL_CY,MCYCL_WT,TIRE_SZE,TON_RAT,TRK_WT,TRKWTVAR,VIN_REST,WHLDRWHL,J_KNIFE,MCARR_I1,MCARR_I2,MCARR_ID,GVWR,V_CONFIG,CARGO_BT,HAZ_INV,HAZ_PLAC,HAZ_ID,HAZ_CNO,HAZ_REL,BUS_USE,SPEC_USE,EMER_USE,TRAV_SP,UNDERIDE,ROLLOVER,ROLINLOC,IMPACT1,DEFORMED,TOWED,M_HARM,VEH_SC1,VEH_SC2,FIRE_EXP,DR_PRES,L_STATE,DR_ZIP,L_STATUS,L_TYPE,CDL_STAT,L_ENDORS,L_COMPL,L_RESTRI,DR_HGT,DR_WGT,PREV_ACC,PREV_SUS,PREV_DWI,PREV_SPD,PREV_OTH,FIRST_MO,FIRST_YR,LAST_MO,LAST_YR,SPEEDREL,DR_SF1,DR_SF2,DR_SF3,DR_SF4,VTRAFWAY,VNUM_LAN,VSPD_LIM,VALIGN,VPROFILE,VPAVETYP,VSURCOND,VTRAFCON,VTCONT_F,P_CRASH1,P_CRASH2,P_CRASH3,PCRASH4,PCRASH5,ACC_TYPE,DEATHS,DR_DRINK
48,482252,2,3,2,9,10,15,10,12,6,1,0,48,2,20,431,20431,16,1999,3GNEC16R4XG1,3,G,N,E,C,1,6,R,4,X,G,1,0,P,CHEV,C15,UT,99,17,4825,,0,1315,,G,,F,8,350,,,15R235,,,,,,0,0,000000000,00000000000,0,0,0,1,0,0,0,0,0,0,0,998,0,0,0,2,2,3,12,0,0,0,1,48,79762,6,1,0,0,3,3,999,999,0,0,0,0,0,0,0,0,0,0,38,0,0,0,2,2,55,1,1,8,1,3,3,11,15,1,1,1,68,2,0
48,482252,3,3,44,9,10,15,10,12,6,1,0,48,3,84,981,84981,50,2010,4DRBUSKN4AB1,4,D,R,B,U,S,K,N,4,A,B,1,0,T,INTL,,BU,10,17,,7,,,,D,,,8,390,,,,,,,,42,0,88,888888888,88888888888,3,21,22,1,0,0,0,0,1,2,0,0,0,0,0,12,2,1,12,0,0,0,1,48,79761,6,1,6,1,3,3,999,999,1,0,0,1,1,12,2009,6,2010,0,0,0,0,0,1,2,98,1,1,8,1,3,3,5,67,1,1,1,98,0,0
48,482253,1,2,1,9,10,14,25,12,2,1,0,48,1,20,403,20403,14,2003,1GNCS13X93K1,1,G,N,C,S,1,3,X,9,3,K,1,0,P,CHEV,BZR,UT,3,17,3718,,0,1070,,G,,F,6,262,,,16R235,,,,,,0,0,000000000,00000000000,0,0,0,1,0,0,0,0,0,0,0,998,0,0,0,12,6,2,12,0,0,0,1,48,75490,6,1,0,0,3,3,999,999,0,0,0,0,0,0,0,0,0,0,51,0,0,0,1,2,70,1,1,8,1,0,0,1,10,1,1,2,50,1,0
48,482253,2,2,1,9,10,14,25,12,2,1,0,40,1,87,881,87881,66,1995,1XP5DB8X0SN3,1,X,P,5,D,B,8,X,0,S,N,3,1,T,PTRB,379,TR,95,17,,8,0,0,CON,D,,,6,893,,,,,00000,00,,64,1,57,1292488,571292488,3,6,1,1,0,0,0,0,0,0,0,998,0,0,0,12,6,2,12,0,0,0,1,40,73439,6,1,6,0,3,0,64,165,0,0,0,0,1,6,2012,6,2012,0,0,0,0,0,1,2,70,1,1,8,1,0,0,1,62,7,1,1,51,0,0
48,482254,1,1,1,9,10,20,8,32,0,1,0,48,1,12,481,12481,31,2008,1FTPW125X8FB,1,F,T,P,W,1,2,5,X,8,F,B,0,T,FORD,F1S,CW,8,17,,2,1500,1390,COF,G,,,8,329,,,,B,5025,02,E,42,0,0,000000000,00000000000,0,0,0,1,0,0,0,0,0,0,0,998,0,1,5,12,6,2,32,32,0,0,1,48,75946,3,1,0,0,2,0,999,999,0,0,0,0,0,0,0,0,0,0,58,0,0,0,5,4,70,1,3,8,1,0,0,17,51,6,9,4,7,1,1
48,482255,1,1,2,9,10,22,2,8,0,1,0,48,1,12,401,12401,14,1999,1FMZU32E7XZA,1,F,M,Z,U,3,2,E,7,X,Z,A,0,P,FORD,EPR,UT,99,17,3891,,0,1116,,G,,F,6,245,,,15R225,,,,,,0,0,000000000,00000000000,0,0,0,1,0,0,0,0,0,0,0,998,0,0,0,12,2,3,8,0,0,0,1,48,76137,1,1,0,0,2,0,999,999,0,3,0,0,0,4,2010,4,2010,0,0,0,0,0,3,3,60,1,6,8,1,0,0,1,80,1,1,1,13,0,0
48,482256,1,2,1,10,10,22,24,12,6,1,0,48,1,20,16,20016,4,2005,1G1JC52F7571,1,G,1,J,C,5,2,F,7,5,7,1,0,P,CHEV,CAV,4D,5,17,2676,,0,1041,,G,,F,4,134,,,14R195,,,,,,0,0,000000000,00000000000,0,0,0,1,0,0,0,0,0,0,0,998,0,0,0,3,8,2,12,0,0,0,1,48,76502,6,1,0,0,3,3,63,285,1,0,0,1,0,6,2010,6,2011,0,39,0,0,0,4,3,45,1,1,8,1,3,2,4,17,1,1,1,87,1,0
48,482256,2,2,1,10,10,22,24,12,6,1,0,1,2,35,473,35473,31,2005,1N6AA07B95N5,1,N,6,A,A,0,7,B,9,5,N,5,0,T,NISS,TXS,CW,5,17,,2,0,1398,TTN,G,,,8,342,,,,C,5116,02,E,44,0,0,000000000,00000000000,0,0,0,1,0,0,0,0,0,0,0,998,0,0,0,12,8,2,12,0,0,0,1,48,76501,6,1,0,0,3,3,71,160,0,0,0,0,0,0,0,0,0,0,0,0,0,0,2,3,98,8,8,8,1,3,3,1,66,1,1,1,86,0,0
48,482257,1,2,1,10,10,11,20,12,1,1,0,48,3,87,881,87881,66,1988,1XPCD29X5JD2,1,X,P,C,D,2,9,X,5,J,D,2,1,T,PTRB,377,TR,88,17,,8,0,0,CON,D,,,6,855,,,,,00000,00,,64,1,57,2155080,572155080,3,6,8,1,0,0,0,0,0,0,0,25,0,0,0,6,6,2,12,0,0,0,1,48,79022,6,1,6,0,3,3,999,999,0,0,0,0,0,0,0,0,0,0,27,0,0,0,2,2,70,1,1,8,1,0,0,15,53,1,1,7,32,0,0
48,482257,2,2,1,10,10,11,20,12,1,1,0,93,3,84,881,84881,66,2007,2HSCNSCR77C5,2,H,S,C,N,S,C,R,7,7,C,5,1,T,INTL,94I,TR,7,17,,8,0,0,940,D,,,6,928,,,,,00000,00,,64,1,57,37116,5737116,3,6,3,1,0,0,0,0,0,0,0,998,0,0,0,12,6,2,12,0,0,0,1,48,79110,6,1,6,0,3,3,999,999,0,0,0,0,0,0,0,0,0,1,0,0,0,0,2,2,70,1,1,8,1,0,0,1,51,1,1,1,32,1,0
48,482258,1,1,13,10,10,10,19,1,0,1,1,48,9,7,482,7482,31,2003,1D7HA18N63S1,1,D,7,H,A,1,8,N,6,3,S,1,0,T,DODG,SQ1,CW,3,17,,2,1605,1405,RPC,G,,,8,287,,,,B,4665,03,E,42,0,0,000000000,00000000000,0,0,0,1,0,0,0,0,0,0,0,80,0,2,5,0,6,2,1,0,0,0,1,99,99999,9,9,99,0,9,9,999,999,99,99,99,99,99,99,9999,99,9999,1,37,0,0,0,1,2,60,1,1,8,1,0,0,1,8,6,4,4,7,1,0
48,482259,1,1,1,11,10,7,12,8,0,1,0,48,1,7,26,7026,4,2008,1B3LC46K08N1,1,B,3,L,C,4,6,K,0,8,N,1,0,P,DODG,AVN,4D,8,17,3355,,0,1089,,G,,F,4,144,,,16R215,,,,,,0,0,000000000,00000000000,0,0,0,1,0,0,0,0,0,0,0,998,0,0,0,12,4,3,8,0,0,0,1,48,78245,6,1,0,0,3,0,999,999,0,0,0,0,0,0,0,0,0,0,0,0,0,0,3,3,65,1,1,8,1,0,0,17,80,4,9,2,13,0,0
48,482260,1,1,1,11,10,18,25,1,0,1,0,48,1,20,401,20401,14,2002,1GNES16SX261,1,G,N,E,S,1,6,S,X,2,6,1,0,P,CHEV,TRL,UT,2,17,4836,,0,1290,,G,,F,6,256,,,17R245,,,,,,0,0,000000000,00000000000,0,0,0,1,0,0,0,0,0,0,0,998,0,2,5,0,6,2,1,0,0,0,1,48,79095,1,1,0,0,2,0,999,999,0,3,0,1,0,8,2011,9,2012,0,0,0,0,0,1,2,70,1,6,8,1,0,0,1,10,99,4,4,7,1,0
48,482261,1,3,1,11,10,7,22,12,2,1,0,48,1,37,402,37402,14,2006,JHLRD68586C0,J,H,L,R,D,6,8,5,8,6,C,0,0,P,HOND,CRV,UT,6,17,3318,,0,1033,,G,,F,4,146,,,16R215,,,,,,0,0,000000000,00000000000,0,0,0,1,0,0,0,0,0,0,0,998,0,0,0,12,6,2,12,0,0,0,1,48,75645,6,1,0,0,3,3,999,999,0,0,0,0,0,0,0,0,0,0,0,0,0,0,5,4,55,3,1,8,1,0,0,14,62,1,1,1,51,1,0
48,482261,2,3,1,11,10,7,22,12,2,1,0,48,3,20,481,20481,31,2007,1GCHC29U77E1,1,G,C,H,C,2,9,U,7,7,E,1,0,T,CHEV,2CH,4C,7,17,,2,1575,1435,SIL,G,,,8,366,,,,C,5398,02,,42,0,0,000000000,00000000000,0,0,0,1,0,0,0,0,0,0,0,998,0,0,0,12,4,3,12,0,0,0,1,48,75645,6,1,0,0,3,3,999,999,0,0,0,0,0,0,0,0,0,0,0,0,0,0,5,4,55,3,1,8,1,0,0,14,62,1,1,1,98,0,0
48,482261,3,3,1,11,10,7,22,12,2,1,0,48,0,12,481,12481,31,2004,1FTNW21P54EC,1,F,T,N,W,2,1,P,5,4,E,C,0,T,FORD,F2S,CW,4,17,,2,1724,1562,SRW,D,,,8,366,,,,C,6234,00,E,44,0,0,000000000,00000000000,0,0,0,1,0,0,0,0,0,0,0,998,0,0,0,12,6,2,12,0,0,0,1,48,75631,6,1,6,0,3,0,999,999,0,0,0,0,1,10,2011,10,2011,0,51,0,0,0,5,4,55,2,1,8,1,0,0,14,10,1,1,2,50,0,0
48,482262,1,1,1,11,10,22,5,9,0,1,0,48,2,37,32,37032,2,2003,1HGCM72683A0,1,H,G,C,M,7,2,6,8,3,A,0,0,P,HOND,UEX,CP,3,17,3047,,0,1051,,G,,F,4,146,,,16R205,,,,,,0,0,000000000,00000000000,0,0,0,1,0,0,0,0,0,0,0,998,0,0,0,12,2,1,9,0,0,0,1,48,75602,0,0,0,0,0,0,999,999,0,0,0,0,0,0,0,0,0,0,0,0,0,0,2,2,45,1,1,8,1,0,0,1,80,1,1,1,13,0,0
48,482263,1,1,1,11,10,2,5,42,0,1,0,48,1,41,50,41050,4,2003,1YVFP80D335M,1,Y,V,F,P,8,0,D,3,3,5,M,0,P,MAZD,M6S,4D,3,17,3243,,0,1053,,G,,F,6,181,,,16R205,,,,,,0,0,000000000,00000000000,0,0,0,1,0,0,0,0,0,0,0,998,0,0,0,12,6,2,42,0,0,0,1,48,77018,6,1,0,0,3,3,999,999,0,0,0,0,0,0,0,0,0,1,0,0,0,0,2,2,35,2,1,1,1,0,0,14,12,1,1,4,6,1,1
48,482264,1,1,1,11,10,4,30,52,0,1,0,48,1,12,481,12481,31,2000,1FTRX17W0YKA,1,F,T,R,X,1,7,W,0,Y,K,A,0,T,FORD,F15,4C,0,17,,2,1571,1385,COF,G,,,8,281,,,,B,4204,05,U,42,0,0,000000000,00000000000,0,0,0,1,0,0,0,0,0,0,0,998,0,0,0,12,6,2,52,0,0,0,1,48,77072,0,0,0,0,0,0,999,999,0,0,0,0,0,0,0,0,0,0,0,0,0,0,4,3,45,1,1,1,1,0,0,1,1,99,9,4,2,1,0
48,482265,1,1,1,11,10,5,2,26,0,1,0,48,1,76,705,76705,80,2009,JYARJ16E39A0,J,Y,A,R,J,1,6,E,3,9,A,0,0,M,YAMA,R6L,RC,9,17,,,,,,,599,,4,,4,414,,,,,,,0,0,000000000,00000000000,0,0,0,1,0,0,0,0,0,0,0,998,0,0,0,12,8,2,26,0,0,0,1,48,77064,6,1,0,0,2,3,999,999,0,0,0,0,0,0,0,0,0,0,0,0,0,0,6,3,45,3,2,1,1,0,0,14,13,1,1,4,1,1,0
48,482266,1,1,3,11,10,6,45,33,0,1,0,48,2,54,37,54037,2,2003,19UYA42623A0,1,9,U,Y,A,4,2,6,2,3,A,0,0,P,ACUR,32S,CP,3,17,3510,,0,1069,,G,,F,6,197,,,17R215,,,,,,0,0,000000000,00000000000,0,0,0,1,0,0,0,0,0,0,0,998,0,0,0,12,4,3,33,0,0,0,1,48,77044,1,1,0,0,2,3,999,999,0,4,0,1,1,3,2011,6,2012,0,58,0,0,0,3,4,40,1,1,1,1,0,0,1,13,1,1,4,1,1,1
48,482267,1,2,2,11,10,6,55,12,1,1,0,48,1,49,40,49040,4,2007,4T4BE46K17R0,4,T,4,B,E,4,6,K,1,7,R,0,0,P,TOYT,CMB,4D,7,17,3108,,0,1093,,G,,F,4,146,,,15R205,,,,,,0,0,000000000,00000000000,0,0,0,1,0,0,0,0,0,0,0,998,0,0,0,12,2,3,12,0,0,0,1,48,76049,6,1,0,0,3,0,999,999,0,0,0,0,0,0,0,0,0,1,0,0,0,0,1,2,60,1,1,8,1,0,0,1,52,1,1,1,28,0,0
48,482267,2,2,1,11,10,6,55,12,1,1,0,48,0,53,705,53705,80,2005,VTTGM51A2521,V,T,T,G,M,5,1,A,2,5,2,1,0,M,SUZI,GSF,RS,5,17,,,,,,,487,,2,,4,396,,,,,,,0,0,000000000,00000000000,0,0,0,1,0,0,0,0,0,0,0,998,0,0,0,6,8,2,12,0,0,0,1,48,76048,6,1,6,0,3,3,999,999,0,2,0,1,1,10,2009,6,2012,0,0,0,0,0,1,2,60,1,1,8,1,0,0,2,53,1,1,1,31,1,0
48,482269,1,2,1,12,10,6,22,12,2,1,0,48,3,20,481,20481,31,2006,1GCHC24U76E1,1,G,C,H,C,2,4,U,7,6,E,1,0,T,CHEV,2CH,PK,6,17,,2,0,1330,SIL,G,,,8,366,,,,C,5142,00,,42,0,0,000000000,00000000000,0,0,0,1,0,0,0,0,0,0,0,998,0,0,0,12,6,2,12,0,0,0,1,48,78953,6,1,0,0,3,0,999,999,0,0,0,1,0,1,2010,1,2010,0,51,24,0,0,1,2,70,1,2,8,2,0,0,1,10,1,1,2,50,1,1
48,482269,2,2,1,12,10,6,22,12,2,1,0,48,1,49,46,49046,5,2008,JTDKB20U7834,J,T,D,K,B,2,0,U,7,8,3,4,0,P,TOYT,PRI,4H,8,17,2932,,0,1063,,B,,F,4,091,,,15R185,,,,,,0,0,000000000,00000000000,0,0,0,1,0,0,0,0,0,0,0,998,0,0,0,12,6,2,12,36,0,0,1,48,78957,6,1,0,0,3,0,999,999,0,0,0,0,0,0,0,0,0,0,24,0,0,0,1,2,70,1,2,8,2,0,0,1,62,1,1,1,51,1,1
48,482270,1,1,1,12,10,13,59,30,0,1,0,48,2,14,20,14020,4,2005,1MEHM43165G6,1,M,E,H,M,4,3,1,6,5,G,6,0,P,MERC,PR4,4D,5,17,3818,,0,1129,,G,,F,6,183,,,18R225,,,,,,0,0,000000000,00000000000,0,0,0,1,0,0,0,0,0,0,0,998,0,0,0,8,4,3,8,0,0,0,1,48,75454,6,1,0,0,3,3,999,999,0,0,0,0,0,0,0,0,0,0,31,58,0,0,0,0,0,0,0,0,0,0,0,8,98,99,1,5,92,0,0
48,482271,1,2,2,12,10,0,31,12,6,1,0,48,2,37,32,37032,4,1998,1HGCG1650WA0,1,H,G,C,G,1,6,5,0,W,A,0,0,P,HOND,UEX,4D,98,17,3184,,0,1069,,G,,F,6,183,,,15R205,,,,,,0,0,000000000,00000000000,0,0,0,1,0,0,0,0,0,0,0,998,0,1,5,12,6,2,12,0,0,0,1,49,84107,6,1,0,0,3,0,72,195,98,0,0,3,0,4,2010,12,2010,0,39,0,0,0,1,2,99,1,1,8,1,4,3,1,17,1,1,1,86,1,1
48,482271,2,2,1,12,10,0,31,12,6,1,0,48,1,34,34,34034,4,2007,WBAVA33587PV,W,B,A,V,A,3,3,5,8,7,P,V,0,P,BMW,28I,4D,7,17,3340,,0,1087,,G,,F,6,183,,,17R225,,,,,,0,0,000000000,00000000000,0,0,0,1,0,0,0,0,0,0,0,998,0,0,0,3,6,2,12,0,0,0,1,48,79761,1,1,0,0,2,0,999,999,0,11,0,1,0,10,2009,10,2012,0,0,0,0,0,2,4,35,1,1,8,1,4,3,1,66,1,1,1,87,0,0
48,482272,1,2,1,12,10,19,14,8,0,1,0,48,2,20,481,20481,31,2003,2GCEC19XX312,2,G,C,E,C,1,9,X,X,3,1,2,0,T,CHEV,SC1,4C,3,17,,2,1575,1435,SIL,G,,,6,262,,,,B,4534,03,,42,0,0,000000000,00000000000,0,0,0,1,0,0,0,0,0,0,0,998,0,0,0,12,4,3,8,0,0,0,1,48,77060,6,1,0,0,3,3,999,999,0,3,0,2,0,11,2010,12,2011,1,0,0,0,0,5,6,35,1,1,8,1,0,0,1,80,1,1,2,13,0,1
48,482272,2,2,3,12,10,19,14,8,0,1,0,48,1,49,482,49482,31,2004,5TBRT341X4S4,5,T,B,R,T,3,4,1,X,4,S,4,0,T,TOYT,TT5,4C,4,17,,2,0,1283,TUN,G,,,8,285,,,,C,4160,00,U,42,0,0,000000000,00000000000,0,0,0,1,0,0,0,0,0,0,0,998,0,0,0,12,4,3,12,0,0,0,1,48,77060,6,1,0,0,3,0,999,999,0,0,0,0,0,0,0,0,0,0,0,0,0,0,5,6,35,1,1,8,1,0,0,1,62,1,1,1,98,1,0
48,482273,1,2,1,13,10,2,10,12,2,1,0,48,3,20,481,20481,31,2006,1GCHK23U06F2,1,G,C,H,K,2,3,U,0,6,F,2,0,T,CHEV,2KH,CW,6,17,,2,1670,1530,SIL,G,,,8,366,,,,C,5883,02,,44,0,0,000000000,00000000000,0,0,0,1,0,0,0,0,0,0,0,998,0,1,1,12,6,2,12,0,0,0,1,48,79083,6,1,0,0,3,0,999,999,0,1,0,0,1,12,2011,3,2012,0,0,0,0,0,5,4,70,3,2,8,1,0,0,14,10,1,1,2,50,0,1
48,482273,2,2,1,13,10,2,10,12,2,1,0,48,2,20,481,20481,31,2010,3GCRKTE34AG1,3,G,C,R,K,T,E,3,4,A,G,1,0,T,CHEV,3SK,CW,10,17,,2,0,1435,SIL,F,,,8,323,,,,B,5346,00,,44,0,0,000000000,00000000000,0,0,0,1,0,0,0,0,0,0,0,998,0,1,1,12,6,2,12,0,0,0,1,48,79036,6,1,0,0,3,0,999,999,0,0,0,0,0,0,0,0,0,0,0,0,0,0,5,4,70,2,2,8,1,0,0,14,62,1,1,1,51,1,0
48,482274,1,1,1,12,10,21,20,8,0,1,0,48,2,20,403,20403,14,2003,1GNDS13S6322,1,G,N,D,S,1,3,S,6,3,2,2,0,P,CHEV,TRL,UT,3,17,4417,,0,1130,,G,,F,6,256,,,16R245,,,,,,0,0,000000000,00000000000,0,0,0,1,0,0,0,0,0,0,0,998,0,0,0,12,4,3,8,0,0,0,1,48,77707,1,1,0,0,2,0,999,999,0,11,0,1,0,2,2010,9,2012,0,0,0,0,0,2,2,70,1,1,8,1,0,0,1,80,1,1,1,13,0,0
48,482275,1,1,1,12,10,12,45,38,0,1,0,48,3,85,881,85881,66,2007,1XKWDB9X17R1,1,X,K,W,D,B,9,X,1,7,R,1,1,T,KW,W90,TR,7,17,,8,2850,1600,CON,D,,,6,893,,,,,00000,00,,64,1,57,1942164,571942164,3,6,8,1,0,0,0,0,0,0,0,998,0,0,0,12,4,3,38,0,0,0,1,48,75835,6,1,6,0,3,3,999,999,2,0,0,0,0,6,2010,1,2011,0,0,0,0,0,1,2,70,1,2,8,1,0,0,1,13,1,1,4,1,1,0
48,482276,1,2,1,12,10,22,6,12,6,1,0,48,2,20,431,20431,16,2003,1GNEC16Z83J2,1,G,N,E,C,1,6,Z,8,3,J,2,0,P,CHEV,C15,UT,3,17,4914,,0,1300,,F,,F,8,325,,,16R265,,,,,,0,0,000000000,00000000000,0,0,0,1,0,0,0,0,0,0,0,998,0,0,0,9,4,3,12,0,0,0,1,48,79404,6,1,0,0,3,0,67,230,0,0,0,0,0,0,0,0,0,0,39,0,0,0,1,2,99,1,1,8,1,20,3,1,17,1,1,1,89,1,0
48,482276,2,2,1,12,10,22,6,12,6,1,0,48,1,14,401,14401,14,2006,4M2EU488X6UJ,4,M,2,E,U,4,8,8,X,6,U,J,0,P,MERC,MOU,UT,6,17,4679,,0,1137,,G,,F,8,281,,,17R245,,,,,,0,0,000000000,00000000000,0,0,0,1,0,0,0,0,0,0,0,998,0,0,0,12,6,2,12,0,0,0,1,48,79404,1,1,0,0,2,0,999,999,0,5,0,1,0,10,2009,9,2012,0,0,0,0,0,1,2,45,1,1,8,1,0,0,1,66,1,1,1,88,0,0
48,482277,1,1,1,12,10,23,48,32,0,1,0,48,1,24,401,24401,14,2008,3GSCL33P48S5,3,G,S,C,L,3,3,P,4,8,S,5,0,P,STRN,VUE,UT,8,17,3825,,0,1066,,G,,F,4,146,,,16R235,,,,,,0,0,000000000,00000000000,0,0,0,1,0,0,0,0,0,0,0,998,0,1,5,12,4,3,1,0,0,0,1,48,79407,6,1,0,0,3,3,999,999,0,0,0,0,0,0,0,0,0,0,0,0,0,0,5,2,60,1,1,8,1,0,0,1,13,1,1,4,1,1,0
48,482278,1,2,1,13,10,15,4,12,6,1,0,48,2,20,20,20020,4,1998,2G1WL52M1W91,2,G,1,W,L,5,2,M,1,W,9,1,0,P,CHEV,L/S,4D,98,17,3330,,0,1075,,G,,F,6,191,,,15R205,,,,,,0,0,000000000,00000000000,0,0,0,1,0,0,0,0,0,0,0,998,0,0,0,3,6,2,12,0,0,0,1,48,79705,0,0,0,0,0,0,999,999,0,0,0,0,0,0,0,0,0,1,28,0,0,0,5,4,45,1,1,8,1,0,0,1,10,1,1,2,66,1,1
48,482278,2,2,7,13,10,15,4,12,6,1,0,48,1,7,482,7482,31,2002,3D7HA18N92G1,3,D,7,H,A,1,8,N,9,2,G,1,0,T,DODG,Q15,CW,2,17,,2,1605,1405,RPC,G,,,8,287,,,,B,4747,01,E,42,0,0,000000000,00000000000,0,0,0,1,0,0,0,0,0,0,0,998,0,0,0,12,4,3,12,0,0,0,1,48,79705,1,1,0,0,2,0,999,999,0,14,0,1,0,9,2010,10,2012,0,21,0,0,0,5,4,45,1,1,8,1,0,0,1,62,1,1,1,66,0,0
48,482279,1,1,2,13,10,21,29,8,0,1,0,48,1,23,431,23431,16,2000,1GKEC13V9YJ1,1,G,K,E,C,1,3,V,9,Y,J,1,0,T,GMC,YUK,4W,0,17,,2,0,1160,YUK,G,,,8,293,,,,B,4828,00,E,42,0,0,000000000,00000000000,0,0,0,1,0,0,0,0,0,0,0,998,0,0,0,12,4,3,8,0,0,0,1,48,79226,6,1,0,0,3,0,999,999,0,0,0,0,0,0,0,0,0,0,91,0,0,0,2,2,70,1,1,8,1,0,0,1,13,1,1,4,13,0,0
48,482280,1,1,2,13,10,5,54,32,0,1,0,48,2,49,40,49040,4,2009,4T1BK46K09U5,4,T,1,B,K,4,6,K,0,9,U,5,0,P,TOYT,LXS,4D,9,17,3461,,0,1090,,G,,F,6,214,,,16R215,,,,,,0,0,000000000,00000000000,0,0,0,1,0,0,0,0,0,0,0,998,0,1,5,12,6,2,1,0,0,0,1,48,78118,6,1,0,0,3,3,999,999,1,0,0,3,0,7,2010,3,2011,1,0,0,0,0,1,8,70,2,1,8,1,0,0,14,12,7,1,4,1,1,1
48,482281,1,2,2,13,10,18,14,12,6,1,0,48,2,34,34,34034,2,1993,WBABE5313PJA,W,B,A,B,E,5,3,1,3,P,J,A,0,P,BMW,31S,CP,93,17,2866,,0,1012,,G,,F,4,110,,,15R205,,,,,,0,0,000000000,00000000000,0,0,0,1,0,0,0,0,0,0,0,998,0,0,0,9,6,2,12,0,0,0,1,48,78704,6,1,0,0,3,0,999,999,0,0,0,1,0,7,2011,7,2011,1,0,0,0,0,5,4,50,1,2,8,2,0,0,1,10,1,4,2,66,1,0
48,482281,2,2,1,13,10,18,14,12,6,1,0,48,1,48,401,48401,14,2003,JF1SG63683H7,J,F,1,S,G,6,3,6,8,3,H,7,0,P,SUBA,FOR,UT,3,17,3090,,0,994,,G,,F,4,150,,,16R215,,,,,,0,0,000000000,00000000000,0,0,0,1,0,0,0,0,0,0,0,998,0,0,0,12,4,3,12,0,0,0,1,48,78748,6,1,0,0,3,3,999,999,0,0,0,0,0,0,0,0,0,0,0,0,0,0,5,4,50,1,2,8,2,0,0,1,62,1,1,1,66,0,0
48,482282,1,2,1,13,10,0,58,12,1,1,0,48,2,72,706,72706,80,1998,1HD1BKL13WY0,1,H,D,1,B,K,L,1,3,W,Y,0,0,M,HD,XTC,RS,98,17,,,,,,,1340,,2,,4,613,,,,,,,0,0,000000000,00000000000,0,0,0,1,0,0,0,0,0,0,0,998,0,0,0,12,9,2,12,0,0,0,1,48,78617,6,1,0,0,3,3,999,999,0,0,0,0,0,0,0,0,0,0,26,0,0,0,3,2,35,3,2,8,1,0,0,14,51,1,1,1,24,1,1
48,482282,2,2,2,13,10,0,58,12,1,1,0,48,1,12,481,12481,31,2011,1FTFW1CF9BKD,1,F,T,F,W,1,C,F,9,B,K,D,0,T,FORD,F1S,CW,11,17,,2,1570,1450,COF,F,,,8,305,,,,B,5128,03,7,42,0,0,000000000,00000000000,0,0,0,1,0,0,0,0,0,0,0,998,0,0,0,6,2,1,12,0,0,0,1,48,78752,6,1,0,0,3,3,999,999,0,0,0,0,0,0,0,0,0,0,0,0,0,0,3,2,35,3,2,8,1,0,0,14,53,1,1,1,25,0,0
48,482283,1,1,1,14,10,19,49,8,0,1,0,48,2,7,442,7442,20,2005,1D4GP25R55B1,1,D,4,G,P,2,5,R,5,5,B,1,0,P,DODG,CAR,SV,5,17,3725,,0,1133,,G,,F,6,201,,,15R215,,,,,,0,0,000000000,00000000000,0,0,0,1,0,0,0,0,0,0,0,998,0,0,0,12,2,1,8,0,0,0,1,48,75224,0,0,0,0,0,0,999,999,0,2,0,0,0,4,2010,5,2011,0,0,0,0,0,1,2,30,1,1,8,1,0,0,1,80,1,1,1,13,0,0
48,482284,1,6,1,14,10,2,48,8,0,1,1,99,9,99,999,99999,99,9999,999999999999,9,9,9,9,9,9,9,9,9,9,9,9,0,,,,,,,,,,,,,,,,,,,,,,,,,0,0,000000000,00000000000,0,0,0,1,0,0,0,0,0,0,0,998,0,0,0,12,2,1,8,0,0,0,1,99,99999,9,9,99,9,9,9,999,999,99,99,99,99,99,99,9999,99,9999,0,0,0,0,0,3,3,60,1,1,8,1,0,0,1,80,1,1,1,13,0,0
48,482284,2,6,1,14,10,2,48,8,0,1,1,99,9,99,999,99999,99,9999,999999999999,9,9,9,9,9,9,9,9,9,9,9,9,0,,,,,,,,,,,,,,,,,,,,,,,,,0,0,000000000,00000000000,0,0,0,1,0,0,0,0,0,0,0,998,0,0,0,12,9,1,18,0,0,0,1,99,99999,9,9,99,9,9,9,999,999,99,99,99,99,99,99,9999,99,9999,0,0,0,0,0,3,3,60,1,1,8,1,0,0,1,90,1,1,1,98,0,0