STATE,ST_CASE,VEH_NO,VE_FORMS,NUMOCCS,DAY,MONTH,HOUR,MINUTE,HARM_EV,MAN_COLL,UNITTYPE,HIT_RUN,REG_STAT,OWNER,MAKE,MODEL,MAK_MOD,BODY_TYP,MOD_YEAR,VIN,VIN_1,VIN_2,VIN_3,VIN_4,VIN_5,VIN_6,VIN_7,VIN_8,VIN_9,VIN_10,VIN_11,VIN_12,TOW_VEH,VINTYPE,VINMAKE,VINA_MOD,VIN_BT,VINMODYR,VIN_LNGT,VIN_WGT,WGTCD_TR,WHLBS_LG,WHLBS_SH,SER_TR,FUELCODE,MCYCL_DS,CARBUR,CYLINDER,DISPLACE,MCYCL_CY,MCYCL_WT,TIRE_SZE,TON_RAT,TRK_WT,TRKWTVAR,VIN_REST,WHLDRWHL,J_KNIFE,MCARR_I1,MCARR_I2,MCARR_ID,GVWR,V_CONFIG,CARGO_BT,HAZ_INV,HAZ_PLAC,HAZ_ID,HAZ_CNO,HAZ_REL,BUS_USE,SPEC_USE,EMER_USE,TRAV_SP,UNDERIDE,ROLLOVER,ROLINLOC,IMPACT1,DEFORMED,TOWED,M_HARM,VEH_SC1,VEH_SC2,FIRE_EXP,DR_PRES,L_STATE,DR_ZIP,L_STATUS,L_TYPE,CDL_STAT,L_ENDORS,L_COMPL,L_RESTRI,DR_HGT,DR_WGT,PREV_ACC,PREV_SUS,PREV_DWI,PREV_SPD,PREV_OTH,FIRST_MO,FIRST_YR,LAST_MO,LAST_YR,SPEEDREL,DR_SF1,DR_SF2,DR_SF3,DR_SF4,VTRAFWAY,VNUM_LAN,VSPD_LIM,VALIGN,VPROFILE,VPAVETYP,VSURCOND,VTRAFCON,VTCONT_F,P_CRASH1,P_CRASH2,P_CRASH3,PCRASH4,PCRASH5,ACC_TYPE,DEATHS,DR_DRINK
48,482284,3,6,1,14,10,2,48,8,0,1,1,99,9,99,999,99999,99,9999,999999999999,9,9,9,9,9,9,9,9,9,9,9,9,0,,,,,,,,,,,,,,,,,,,,,,,,,0,0,000000000,00000000000,0,0,0,1,0,0,0,0,0,0,0,998,0,0,0,12,2,1,18,0,0,0,1,99,99999,9,9,99,9,9,9,999,999,99,99,99,99,99,99,9999,99,9999,0,0,0,0,0,3,3,60,1,1,8,1,0,0,1,90,1,1,1,98,0,0
48,482284,4,6,1,14,10,2,48,8,0,1,1,99,9,99,999,99999,99,9999,999999999999,9,9,9,9,9,9,9,9,9,9,9,9,0,,,,,,,,,,,,,,,,,,,,,,,,,0,0,000000000,00000000000,0,0,0,1,0,0,0,0,0,0,0,998,0,0,0,12,2,1,18,0,0,0,1,99,99999,9,9,99,9,9,9,999,999,99,99,99,99,99,99,9999,99,9999,0,0,0,0,0,3,3,60,1,1,8,1,0,0,1,90,1,1,1,98,0,0
48,482284,5,6,1,14,10,2,48,8,0,1,1,99,9,99,999,99999,99,9999,999999999999,9,9,9,9,9,9,9,9,9,9,9,9,0,,,,,,,,,,,,,,,,,,,,,,,,,0,0,000000000,00000000000,0,0,0,1,0,0,0,0,0,0,0,998,0,0,0,12,2,1,18,0,0,0,1,99,99999,9,9,99,9,9,9,999,999,99,99,99,99,99,99,9999,99,9999,0,0,0,0,0,3,3,60,1,1,8,1,0,0,1,90,1,1,1,98,0,0
48,482284,6,6,1,14,10,2,48,8,0,1,1,99,9,99,999,99999,99,9999,999999999999,9,9,9,9,9,9,9,9,9,9,9,9,0,,,,,,,,,,,,,,,,,,,,,,,,,0,0,000000000,00000000000,0,0,0,1,0,0,0,0,0,0,0,998,0,0,0,12,2,1,18,0,0,0,1,99,99999,9,9,99,9,9,9,999,999,99,99,99,99,99,99,9999,99,9999,0,0,0,0,0,3,3,60,1,1,8,1,0,0,1,90,1,1,1,98,0,0
48,482285,1,1,1,14,10,4,34,38,0,1,0,48,1,20,481,20481,31,2000,2GCEC19V0Y11,2,G,C,E,C,1,9,V,0,Y,1,1,0,T,CHEV,SC1,3C,0,17,,2,1575,1435,SIL,G,,,8,293,,,,B,4134,03,,42,0,0,000000000,00000000000,0,0,0,1,0,0,0,0,0,0,0,998,0,0,0,12,4,3,38,0,0,0,1,48,77489,6,1,0,0,3,0,999,999,0,2,0,0,1,10,2010,8,2012,0,0,0,0,0,2,2,35,1,1,2,1,0,0,1,13,1,1,4,1,1,0
48,482286,1,1,2,14,10,20,5,1,0,1,0,48,2,24,5,24005,4,2004,1G8JC54F04Y5,1,G,8,J,C,5,4,F,0,4,Y,5,0,P,STRN,L31,4D,4,17,3057,,0,1065,,G,,F,4,134,,,16R195,,,,,,0,0,000000000,00000000000,0,0,0,1,0,0,0,0,0,0,0,998,0,2,3,0,9,2,1,0,0,0,1,48,77066,6,1,0,0,3,0,999,999,0,1,0,0,0,4,2010,4,2010,1,0,0,0,0,4,3,55,1,1,8,1,0,0,1,12,1,4,4,7,2,0
48,482287,1,1,3,14,10,22,40,59,0,1,0,48,2,7,472,7472,30,1997,1B7GG26X4VS2,1,B,7,G,G,2,6,X,4,V,S,2,0,T,DODG,DAK,PK,97,17,,1,1239,1119,DAK,G,,,6,239,,,,B,3557,01,E,44,0,0,000000000,00000000000,0,0,0,1,0,0,0,0,0,0,0,998,0,0,0,99,4,3,42,0,0,0,1,13,31788,6,1,0,0,3,3,70,151,98,0,0,1,0,4,2012,4,2012,1,0,0,0,0,1,2,40,2,2,8,2,0,0,14,12,7,3,4,7,1,1
48,482288,1,1,1,14,10,2,31,1,0,1,0,92,0,37,739,37739,90,2007,1HFTE3401740,1,H,F,T,E,3,4,0,1,7,4,0,0,M,HOND,TXM,AT,7,17,,,,,,,420,,1,,4,525,,,,,,,0,0,000000000,00000000000,0,0,0,1,0,0,0,0,0,0,0,998,0,1,5,0,9,2,1,0,0,0,1,48,77630,6,1,0,0,1,0,999,999,0,6,0,0,0,11,2009,5,2012,0,0,0,0,0,1,2,30,1,1,8,1,0,0,1,13,1,1,4,1,1,0
48,482289,1,1,2,14,10,3,17,8,0,1,1,48,2,2,403,2403,14,2008,1J4GA64118L6,1,J,4,G,A,6,4,1,1,8,L,6,0,T,JEEP,RUB,2W,8,17,,1,0,954,WRA,G,,,6,230,,,,,4103,00,4,44,0,0,000000000,00000000000,0,0,0,1,0,0,0,0,0,0,0,998,0,0,0,12,2,3,8,0,0,0,1,48,76017,1,1,0,0,2,0,999,999,1,2,0,2,1,11,2010,6,2012,0,91,0,0,0,3,4,60,1,2,8,1,0,0,1,13,1,1,4,13,0,0
48,482290,1,2,3,15,10,15,20,12,1,1,0,48,1,12,401,12401,14,1993,1FMDU32X8PUC,1,F,M,D,U,3,2,X,8,P,U,C,0,P,FORD,EPR,UT,93,17,3858,,0,1120,,G,,F,6,245,,,15R225,,,,,,0,0,000000000,00000000000,0,0,0,1,0,0,0,0,0,0,0,998,0,1,3,12,6,2,12,0,0,0,1,48,78228,6,1,6,0,3,0,999,999,0,0,0,0,0,0,0,0,0,0,26,0,0,0,2,2,65,1,1,8,1,0,0,1,52,1,1,1,28,0,0
48,482290,2,2,1,15,10,15,20,12,1,1,0,48,2,12,481,12481,31,2002,3GNEC16Z92G3,3,G,N,E,C,1,6,Z,9,2,G,3,0,P,CHEV,C15,UT,2,17,4914,,0,1300,,F,,F,8,325,,,16R265,,,,,,0,0,000000000,00000000000,0,0,0,1,0,0,0,0,0,0,0,998,0,1,3,6,6,2,12,0,0,0,1,48,78227,6,1,6,0,3,3,999,999,2,0,0,2,0,6,2010,9,2011,0,8,0,0,0,2,2,65,1,1,8,1,0,0,2,98,1,1,1,29,1,0
48,482291,1,1,8,15,10,22,48,42,0,1,0,27,2,2,404,2404,14,1998,1J4GZ78Y9WC2,1,J,4,G,Z,7,8,Y,9,W,C,2,0,T,JEEP,LMT,4W,98,17,,1,0,1059,GCK,G,,,8,318,,,,,3708,01,E,44,0,0,000000000,00000000000,0,0,0,1,0,0,0,0,0,0,0,998,0,1,5,82,4,3,1,0,0,0,1,99,99999,9,9,99,0,9,9,999,999,99,99,99,99,99,99,9999,99,9999,1,80,0,0,0,5,4,45,1,1,8,1,0,0,1,1,1,2,4,2,2,0
48,482292,1,2,1,15,10,0,21,33,0,1,0,48,3,20,2,20002,4,2008,2G1WB58K6891,2,G,1,W,B,5,8,K,6,8,9,1,0,P,CHEV,IPL,4D,8,17,3555,,0,1105,,F,,F,6,214,,,16R225,,,,,,0,0,000000000,00000000000,0,0,0,1,0,0,0,0,0,0,0,998,0,0,0,1,6,2,12,0,0,0,1,48,77086,1,1,0,0,2,0,999,999,0,0,0,0,0,0,0,0,0,1,91,28,0,0,4,3,40,1,1,1,1,0,0,1,13,1,1,4,1,0,0
48,482292,2,2,2,15,10,0,21,33,0,1,0,48,2,20,2,20002,4,2006,2G1WB58K6692,2,G,1,W,B,5,8,K,6,6,9,2,0,P,CHEV,IPL,4D,6,17,3477,,0,1105,,F,,F,6,214,,,16R225,,,,,,0,0,000000000,00000000000,0,0,0,1,0,0,0,0,0,0,0,0,0,0,0,61,6,2,12,0,0,0,1,48,77083,6,1,0,0,3,3,999,999,0,0,0,1,0,10,2012,10,2012,0,0,0,0,0,4,3,40,1,1,1,1,0,0,98,98,1,1,1,98,2,1
48,482293,1,1,1,15,10,2,36,59,0,1,0,48,1,12,481,12481,31,2012,1FT7W2BTXCEB,1,F,T,7,W,2,B,T,X,C,E,B,0,T,FORD,F2S,CW,12,17,,2,1724,1562,SRW,D,,,8,409,,,,C,6731,00,7,44,0,0,000000000,00000000000,0,0,0,1,0,0,0,0,0,0,0,998,0,0,0,12,6,2,59,0,0,0,1,48,77573,6,1,0,0,3,0,999,999,0,0,0,0,0,0,0,0,0,1,0,0,0,0,3,3,65,1,1,8,1,0,0,1,13,1,1,4,1,1,1
48,482294,1,2,1,28,7,21,25,12,6,1,0,48,1,69,54,69054,3,2010,WMWMF3C59ATZ,W,M,W,M,F,3,C,5,9,A,T,Z,0,P,MNNI,COO,2H,10,17,2568,,0,971,,G,,F,4,098,,,15R175,,,,,,0,0,000000000,00000000000,0,0,0,1,0,0,0,0,0,0,0,998,0,0,0,82,4,3,12,0,0,0,1,48,76201,6,1,0,0,3,3,999,999,0,0,0,0,1,5,2012,5,2012,0,38,0,0,0,3,3,60,1,1,8,1,3,3,11,15,1,1,1,68,1,0
48,482294,2,2,6,28,7,21,25,12,6,1,0,48,2,7,482,7482,31,2005,1D7HA18N85J5,1,D,7,H,A,1,8,N,8,5,J,5,0,T,DODG,SQ1,CW,5,17,,2,1605,1405,RPC,G,,,8,287,,,,B,4620,03,E,42,0,0,000000000,00000000000,0,0,0,1,0,0,0,0,0,0,0,998,0,0,0,12,4,3,12,0,0,0,1,6,75104,6,1,0,0,3,0,71,235,0,0,0,0,0,0,0,0,0,0,0,0,0,0,3,3,60,1,1,8,1,3,3,1,66,1,1,1,69,0,0
48,482295,1,1,1,17,9,12,35,24,0,1,0,48,2,73,705,73705,80,1989,JKAZXDH10KA0,J,K,A,Z,X,D,H,1,0,K,A,0,0,M,KAWK,Z7H,RC,89,17,,,,,,,750,,4,,4,999,,,,,,,0,0,000000000,00000000000,0,0,0,1,0,0,0,0,0,0,0,998,0,0,0,99,8,3,24,0,0,0,1,48,77068,6,1,0,0,3,0,999,999,0,0,0,0,0,0,0,0,0,1,39,0,0,0,1,2,55,3,2,8,1,40,3,14,13,3,2,4,1,1,0
48,482296,1,1,2,23,9,17,57,39,0,1,0,48,1,72,706,72706,80,2003,1HD1BMY493Y0,1,H,D,1,B,M,Y,4,9,3,Y,0,0,M,HD,FLA,RS,3,17,,,,,,,1450,,2,,4,666,,,,,,,0,0,000000000,00000000000,0,0,0,1,0,0,0,0,0,0,0,998,0,0,0,12,4,3,39,0,0,0,1,48,77065,6,1,0,0,3,3,999,999,0,0,0,0,0,0,0,0,0,0,28,0,0,0,6,2,50,3,1,8,1,0,0,14,13,1,1,4,1,1,0
48,482297,1,1,1,4,10,1,21,42,0,1,0,48,1,7,482,7482,31,2005,1D7HU18N05S3,1,D,7,H,U,1,8,N,0,5,S,3,0,T,DODG,SQ1,CW,5,17,,2,1605,1405,RPC,G,,,8,287,,,,B,4979,03,E,44,0,0,000000000,00000000000,0,0,0,1,0,0,0,0,0,0,0,75,0,1,5,2,6,2,42,0,0,0,1,48,78028,6,1,0,0,3,0,999,999,0,0,0,0,0,0,0,0,0,1,37,0,0,0,1,2,30,4,2,8,1,0,0,1,12,1,1,4,6,1,1
48,482298,1,1,1,4,10,11,45,1,0,1,0,48,3,82,881,82881,63,1989,1FUP2CYB5KH3,1,F,U,P,2,C,Y,B,5,K,H,3,0,T,FRHT,FLD,TR,89,17,,8,0,0,CON,D,,,6,855,,,,,00000,00,,64,0,57,2034877,572034877,3,2,4,1,0,0,0,0,0,0,0,998,0,2,5,0,6,2,1,0,0,0,1,48,77901,6,1,7,0,3,0,999,999,0,0,0,0,1,8,2011,8,2011,1,0,0,0,0,1,2,60,3,2,8,1,40,3,14,13,1,1,4,1,1,0
48,482299,1,1,1,6,10,14,5,1,0,1,0,48,1,20,481,20481,31,1990,1GCDC14K7LZ2,1,G,C,D,C,1,4,K,7,L,Z,2,0,T,CHEV,GC1,PK,90,17,,1,1415,1175,GM4,G,,,8,350,,,,B,3717,07,,42,0,0,000000000,00000000000,0,0,0,1,0,0,0,0,0,0,0,998,0,2,5,0,2,3,1,0,0,0,1,48,76462,6,1,6,0,3,0,999,999,0,0,0,1,0,3,2011,3,2011,0,58,0,0,0,1,2,70,1,1,8,1,0,0,1,13,6,3,4,6,1,1
48,482300,1,2,1,12,5,4,4,12,7,1,0,48,1,37,471,37471,30,2007,2HJYK16597H5,2,H,J,Y,K,1,6,5,9,7,H,5,0,T,HOND,RTL,CW,7,17,,2,0,1220,RID,G,,,6,214,,,,,4537,00,S,44,0,0,000000000,00000000000,0,0,0,1,0,0,0,0,0,0,0,998,0,0,0,2,4,3,8,0,0,0,1,48,79936,6,1,0,0,3,0,999,999,0,0,0,0,0,0,0,0,0,0,0,0,0,0,3,3,60,1,2,1,1,0,0,1,50,1,1,1,48,0,1
48,482300,2,2,0,12,5,4,4,12,7,1,0,48,6,37,31,37031,2,2006,2HGFG12676H5,2,H,G,F,G,1,2,6,7,6,H,5,0,P,HOND,UCL,CP,6,17,2716,,0,1043,,G,,F,4,110,,,16R205,,,,,,0,0,000000000,00000000000,0,0,0,1,0,0,0,0,0,0,0,0,0,0,0,7,4,3,12,0,0,0,0,0,99997,7,6,97,7,6,7,998,997,998,998,998,998,998,98,9998,98,9998,8,20,0,0,0,3,3,60,1,2,1,1,0,0,0,98,0,0,0,48,0,0
48,482301,1,3,1,18,8,22,36,12,8,1,0,48,2,12,471,12471,30,2003,1FTYR14V23PB,1,F,T,Y,R,1,4,V,2,3,P,B,0,T,FORD,RNS,PC,3,17,,1,0,1257,RNG,F,,,6,182,,,,B,3085,00,U,42,0,0,000000000,00000000000,0,0,0,1,0,0,0,0,0,0,0,998,0,0,0,11,6,2,12,0,0,0,1,48,75048,6,1,0,0,3,0,999,999,0,6,0,0,0,11,2009,5,2011,0,28,0,0,0,1,2,60,1,1,8,2,0,0,1,10,1,1,2,64,0,0
48,482301,2,3,7,18,8,22,36,12,8,1,0,48,3,20,422,20422,15,2012,1GNSKJE76CR1,1,G,N,S,K,J,E,7,6,C,R,1,0,P,CHEV,K15,UT,12,17,5824,,0,1300,,F,,F,8,323,,,17R265,,,,,,0,0,000000000,00000000000,0,0,0,1,0,0,0,0,0,0,0,998,0,0,0,10,6,2,12,0,0,0,1,48,75472,6,1,0,0,3,0,71,347,0,0,0,0,1,8,2010,8,2010,0,0,0,0,0,1,2,60,1,1,8,2,0,0,1,62,7,1,1,65,1,0
48,482301,3,3,2,18,8,22,36,12,8,1,0,48,2,12,481,12481,31,2011,1FTFW1EF8BFA,1,F,T,F,W,1,E,F,8,B,F,A,0,T,FORD,F1S,CW,11,17,,2,1570,1450,COF,F,,,8,305,,,,B,5577,01,7,44,0,0,000000000,00000000000,0,0,0,1,0,0,0,0,0,0,0,998,0,0,0,11,2,1,12,0,0,0,1,48,75150,6,1,0,0,3,0,999,999,0,0,0,0,0,0,0,0,0,0,0,0,0,0,1,2,60,1,1,8,2,0,0,1,90,1,1,1,98,0,0
48,482302,1,2,3,11,9,16,49,12,1,1,0,48,1,6,441,6441,20,2003,2C4GP54L13R3,2,C,4,G,P,5,4,L,1,3,R,3,0,T,CHRY,LXI,ES,3,17,,1,0,1193,TWC,G,,,6,230,,,,,4172,00,,42,0,0,000000000,00000000000,0,0,0,1,0,0,0,0,0,0,0,0,0,0,0,6,6,2,12,32,0,0,1,48,78624,6,1,0,0,3,3,999,999,0,0,0,0,1,12,2011,12,2011,0,0,0,0,0,1,4,70,2,5,8,1,0,0,5,53,1,1,1,22,2,0
48,482302,2,2,2,11,9,16,49,12,1,1,0,48,3,12,880,12880,67,2005,1FTWW30P35EC,1,F,T,W,W,3,0,P,3,5,E,C,0,T,FORD,F3S,CW,5,17,,3,1724,1562,SRW,D,,,8,366,,,,D,6107,00,E,42,0,57,2020732,572020732,2,1,97,1,0,0,0,0,0,0,0,998,0,0,0,12,4,3,12,0,0,0,1,48,78013,6,1,0,0,3,3,999,999,0,0,0,0,0,0,0,0,0,1,0,0,0,0,1,4,70,2,5,8,1,0,0,14,50,1,1,1,20,0,0
48,482303,1,2,1,11,9,11,23,12,6,1,0,48,2,49,404,49404,14,2012,JTEBU4BF3CK1,J,T,E,B,U,4,B,F,3,C,K,1,0,P,TOYT,FJC,UT,12,17,4332,,0,1059,,G,,F,6,244,,,17R265,,,,,,0,0,000000000,00000000000,0,0,0,1,0,0,0,0,0,0,0,998,0,0,0,81,4,3,12,0,0,0,1,48,76474,6,1,0,0,3,3,999,999,0,0,0,0,0,0,0,0,0,0,38,0,0,0,6,1,99,1,1,8,1,20,3,4,17,1,1,1,87,0,0
48,482303,2,2,4,11,9,11,23,12,6,1,0,48,1,59,32,59032,4,2002,JTHBN30F2200,J,T,H,B,N,3,0,F,2,2,0,0,0,P,LEXS,L43,4D,2,17,3955,,0,1152,,G,,F,8,262,,,16R225,,,,,,0,0,000000000,00000000000,0,0,0,1,0,0,0,0,0,0,0,998,0,0,0,12,4,3,12,0,0,0,1,48,79605,6,1,0,0,3,3,999,999,0,0,0,3,0,9,2010,12,2011,0,0,0,0,0,2,2,55,1,1,8,1,0,0,1,66,7,1,1,86,1,0
48,482304,1,1,1,17,9,7,39,38,0,1,0,48,1,35,472,35472,30,2001,1N6ED27T71C3,1,N,6,E,D,2,7,T,7,1,C,3,0,T,NISS,XSC,CW,1,17,,1,0,1161,FRT,G,,,6,201,,,,B,3695,01,U,42,0,0,000000000,00000000000,0,0,0,1,0,0,0,0,0,0,0,998,0,1,5,12,6,2,38,0,0,0,1,48,75750,6,1,0,0,3,0,999,999,0,0,0,1,0,5,2011,5,2011,0,0,0,0,0,5,2,60,1,1,8,2,0,0,1,12,1,1,4,6,1,0
48,482305,1,2,2,23,9,1,35,12,6,1,0,48,2,41,402,41402,14,2005,4F2YZ02Z35KM,4,F,2,Y,Z,0,2,Z,3,5,K,M,0,P,MAZD,TRI,UT,5,17,3181,,0,1031,,G,,F,4,140,,,16R215,,,,,,0,0,000000000,00000000000,0,0,0,1,0,0,0,0,0,0,0,998,0,0,0,2,4,3,12,0,0,0,1,48,75020,6,1,0,0,3,0,999,999,1,0,0,1,0,4,2011,3,2012,0,0,0,0,0,1,2,60,1,3,8,1,0,0,1,54,6,1,1,66,0,0
48,482305,2,2,1,23,9,1,35,12,6,1,0,48,2,53,705,53705,80,2007,JS1GN7DA9721,J,S,1,G,N,7,D,A,9,7,2,1,0,M,SUZI,G60,RC,7,17,,,,,,,599,,4,,4,354,,,,,,,0,0,000000000,00000000000,0,0,0,1,0,0,0,0,0,0,0,998,0,0,0,12,9,2,12,0,0,0,1,48,75076,6,1,0,0,2,3,70,152,0,0,0,1,1,4,2010,7,2010,0,51,0,0,0,1,2,60,1,3,8,1,0,0,1,10,1,1,2,66,1,1
48,482306,1,1,1,27,9,13,20,33,0,1,0,48,1,50,706,50706,80,2006,SMTC00L416J2,S,M,T,C,0,0,L,4,1,6,J,2,0,M,TRUM,RCK,RS,6,17,,,,,,,2294,,3,,4,704,,,,,,,0,0,000000000,00000000000,0,0,0,1,0,0,0,0,0,0,0,998,0,0,0,99,6,2,2,0,0,1,1,48,75206,6,1,0,0,3,0,999,999,1,0,0,0,0,1,2012,1,2012,0,0,0,0,0,1,2,55,1,1,8,1,0,0,1,9,1,1,4,1,1,0
48,482307,1,3,1,2,10,6,59,12,2,1,0,17,3,6,18,6018,4,2012,1C3CCBCB9CN2,1,C,3,C,C,B,C,B,9,C,N,2,0,P,CHRY,2LM,4D,12,17,3389,,0,1089,,G,,F,4,146,,,18R225,,,,,,0,0,000000000,00000000000,0,0,0,1,0,0,0,0,0,0,0,998,0,0,0,12,6,2,12,0,0,0,1,13,30295,6,1,0,0,3,0,66,230,98,0,0,0,0,0,0,0,0,0,51,91,0,0,1,2,70,1,1,8,1,0,0,1,10,1,1,2,50,0,0
48,482307,2,3,2,2,10,6,59,12,2,1,0,48,1,12,23,12023,4,2008,3FAHP07Z48R2,3,F,A,H,P,0,7,Z,4,8,R,2,0,P,FORD,F/E,4D,8,17,3181,,0,1074,,G,,F,4,140,,,16R205,,,,,,0,0,000000000,00000000000,0,0,0,1,0,0,0,0,0,0,0,998,0,0,0,12,6,2,12,0,0,0,1,48,76271,6,1,0,0,3,0,999,999,0,0,0,1,0,8,2010,8,2010,0,0,0,0,0,1,2,70,1,1,8,1,0,0,1,62,1,1,1,51,1,0
48,482307,3,3,1,2,10,6,59,12,2,1,0,40,3,37,403,37403,14,2006,5J6YH183X6L0,5,J,6,Y,H,1,8,3,X,6,L,0,0,P,HOND,ELE,UT,6,17,3429,,0,1014,,G,,F,4,146,,,16R215,,,,,,0,0,000000000,00000000000,0,0,0,1,0,0,0,0,0,0,0,998,0,0,0,12,2,3,12,0,0,0,1,48,76233,6,1,0,0,3,0,999,999,0,0,0,0,0,0,0,0,0,0,0,0,0,0,1,2,70,1,1,8,1,0,0,1,59,7,1,1,98,0,0
48,482308,1,1,1,4,10,20,20,42,0,1,0,48,1,20,20,20020,4,1992,2G1WN54T9N92,2,G,1,W,N,5,4,T,9,N,9,2,0,P,CHEV,EUR,4D,92,17,3256,,0,1075,,G,,F,6,191,,,15R205,,,,,,0,0,000000000,00000000000,0,0,0,1,0,0,0,0,0,0,0,998,0,0,0,11,6,2,42,0,0,0,1,48,75401,1,1,0,0,2,0,59,118,0,15,0,0,0,10,2009,4,2012,0,0,0,0,0,1,2,55,2,1,8,1,0,0,14,12,1,1,4,6,1,1
48,482309,1,1,1,10,10,1,0,1,0,1,0,48,2,73,705,73705,80,2003,JKAZX9B173A0,J,K,A,Z,X,9,B,1,7,3,A,0,0,M,KAWK,Z1B,RC,3,17,,,,,,,1200,,4,,4,463,,,,,,,0,0,000000000,00000000000,0,0,0,1,0,0,0,0,0,0,0,998,0,0,0,0,9,2,1,0,0,0,1,48,75021,1,1,0,0,2,0,999,999,0,14,1,0,2,3,2010,6,2012,1,0,0,0,0,1,2,45,3,1,8,1,0,0,1,13,1,1,4,1,1,1
48,482310,1,1,2,10,10,17,20,42,0,1,1,48,3,12,881,12881,61,2010,1FTWW3BY4AEA,1,F,T,W,W,3,B,Y,4,A,E,A,1,T,FORD,F3S,CW,10,17,,3,1724,1562,SRW,G,,,10,415,,,,D,6973,00,E,44,1,57,1359404,571359404,2,4,98,1,0,0,0,0,0,0,0,998,0,0,0,81,4,3,42,0,0,0,1,48,75640,6,1,0,0,3,0,999,999,0,0,0,0,0,0,0,0,0,1,0,0,0,0,1,2,30,3,2,8,1,0,0,14,13,1,1,4,1,1,1
48,482311,1,2,1,11,10,18,29,12,6,1,0,48,2,24,2,24002,2,2002,1G8ZP14832Z1,1,G,8,Z,P,1,4,8,3,2,Z,1,0,P,STRN,SC1,3P,2,17,2412,,0,1024,,G,,F,4,116,,,14R185,,,,,,0,0,000000000,00000000000,0,0,0,1,0,0,0,0,0,0,0,998,0,0,0,61,6,2,12,0,0,0,1,48,77584,6,1,0,0,3,3,999,999,0,0,0,0,0,0,0,0,0,0,0,0,0,0,1,2,65,1,3,8,1,0,0,1,54,7,1,4,66,1,0
48,482311,2,2,2,11,10,18,29,12,6,1,0,48,1,20,421,20421,15,2011,1GNSKBE07BR3,1,G,N,S,K,B,E,0,7,B,R,3,0,P,CHEV,KTA,UT,11,17,5894,,0,1160,,F,,F,8,323,,,18R265,,,,,,0,0,000000000,00000000000,0,0,0,1,0,0,0,0,0,0,0,998,0,0,0,12,6,2,12,0,0,0,1,48,78648,6,1,0,0,3,3,999,999,0,0,0,0,0,0,0,0,0,0,33,0,0,0,1,2,65,1,3,8,1,0,0,6,54,6,1,4,66,0,0
48,482312,1,1,1,12,10,2,20,8,0,1,1,99,9,99,999,99999,99,9999,999999999999,9,9,9,9,9,9,9,9,9,9,9,9,0,,,,,,,,,,,,,,,,,,,,,,,,,0,0,000000000,00000000000,0,0,0,1,0,0,0,0,0,0,0,998,0,0,0,99,9,1,8,0,0,0,1,99,99999,9,9,99,9,9,9,999,999,99,99,99,99,99,99,9999,99,9999,0,0,0,0,0,1,2,60,1,1,8,1,0,0,1,80,99,9,1,13,0,0
48,482313,1,1,1,12,10,19,35,35,0,1,0,48,2,54,35,54035,4,1999,19UUA5644XA0,1,9,U,U,A,5,6,4,4,X,A,0,0,P,ACUR,32T,4D,99,17,3447,,0,1081,,G,,F,6,197,,,16R205,,,,,,0,0,000000000,00000000000,0,0,0,1,0,0,0,0,0,0,0,998,0,1,5,99,6,2,1,0,0,0,1,48,75169,6,1,0,0,3,3,999,999,0,3,0,0,0,12,2009,2,2011,1,0,0,0,0,1,2,55,3,2,8,1,0,0,14,13,6,4,4,7,1,1
48,482314,1,2,1,13,10,1,36,12,2,1,0,48,1,24,1,24001,4,2002,1G8ZH52872Z1,1,G,8,Z,H,5,2,8,7,2,Z,1,0,P,STRN,SL1,4D,2,17,2377,,0,1024,,G,,F,4,116,,,14R185,,,,,,0,0,000000000,00000000000,0,0,0,1,0,0,0,0,0,0,0,998,0,0,0,12,6,2,12,0,0,0,1,48,78757,1,1,0,0,2,0,999,999,0,11,0,2,0,5,2010,8,2012,0,50,0,0,0,2,2,55,1,1,8,1,0,0,1,62,1,1,1,52,1,0
48,482314,2,2,2,13,10,1,36,12,2,1,0,48,2,14,6,14006,4,1993,2MELM74W0PX6,2,M,E,L,M,7,4,W,0,P,X,6,0,P,MERC,GMG,4D,93,17,3768,,0,1144,,G,,F,8,281,,,15R215,,,,,,0,0,000000000,00000000000,0,0,0,1,0,0,0,0,0,0,0,998,0,0,0,12,4,3,12,0,0,0,1,48,77879,6,1,0,0,3,3,999,999,0,0,0,0,0,0,0,0,0,0,0,0,0,0,2,2,55,1,1,8,1,0,0,1,10,1,1,2,52,0,1
48,482315,1,2,1,13,10,19,19,12,6,1,0,48,2,20,37,20037,4,1998,1G1NE52M3W62,1,G,1,N,E,5,2,M,3,W,6,2,0,P,CHEV,M/L,4D,98,17,3100,,0,1070,,G,,F,6,191,,,15R215,,,,,,0,0,000000000,00000000000,0,0,0,1,0,0,0,0,0,0,0,998,0,0,0,3,4,3,12,0,0,0,1,48,75407,0,0,0,0,0,0,999,999,0,0,0,0,0,0,0,0,0,0,47,0,0,0,5,2,60,1,2,8,1,0,0,10,11,1,1,1,70,1,1