STATE,ST_CASE,VEH_NO,VE_FORMS,NUMOCCS,DAY,MONTH,HOUR,MINUTE,HARM_EV,MAN_COLL,UNITTYPE,HIT_RUN,REG_STAT,OWNER,MAKE,MODEL,MAK_MOD,BODY_TYP,MOD_YEAR,VIN,VIN_1,VIN_2,VIN_3,VIN_4,VIN_5,VIN_6,VIN_7,VIN_8,VIN_9,VIN_10,VIN_11,VIN_12,TOW_VEH,VINTYPE,VINMAKE,VINA_MOD,VIN_BT,VINMODYR,VIN_LNGT,VIN_WGT,WGTCD_TR,WHLBS_LG,WHLBS_SH,SER_TR,FUELCODE,MCYCL_DS,CARBUR,CYLINDER,DISPLACE,MCYCL_CY,MCYCL_WT,TIRE_SZE,TON_RAT,TRK_WT,TRKWTVAR,VIN_REST,WHLDRWHL,J_KNIFE,MCARR_I1,MCARR_I2,MCARR_ID,GVWR,V_CONFIG,CARGO_BT,HAZ_INV,HAZ_PLAC,HAZ_ID,HAZ_CNO,HAZ_REL,BUS_USE,SPEC_USE,EMER_USE,TRAV_SP,UNDERIDE,ROLLOVER,ROLINLOC,IMPACT1,DEFORMED,TOWED,M_HARM,VEH_SC1,VEH_SC2,FIRE_EXP,DR_PRES,L_STATE,DR_ZIP,L_STATUS,L_TYPE,CDL_STAT,L_ENDORS,L_COMPL,L_RESTRI,DR_HGT,DR_WGT,PREV_ACC,PREV_SUS,PREV_DWI,PREV_SPD,PREV_OTH,FIRST_MO,FIRST_YR,LAST_MO,LAST_YR,SPEEDREL,DR_SF1,DR_SF2,DR_SF3,DR_SF4,VTRAFWAY,VNUM_LAN,VSPD_LIM,VALIGN,VPROFILE,VPAVETYP,VSURCOND,VTRAFCON,VTCONT_F,P_CRASH1,P_CRASH2,P_CRASH3,PCRASH4,PCRASH5,ACC_TYPE,DEATHS,DR_DRINK
48,482345,1,3,1,19,10,19,16,12,1,1,0,48,2,20,2,20002,4,2000,2G1WH55K2Y93,2,G,1,W,H,5,5,K,2,Y,9,3,0,P,CHEV,IPL,4D,0,17,3466,,0,1110,,G,,F,6,231,,,16R225,,,,,,0,0,000000000,00000000000,0,0,0,1,0,0,0,0,0,0,0,998,0,0,0,12,6,2,12,0,0,0,1,48,77510,3,1,0,0,2,3,999,999,0,0,0,0,1,11,2011,11,2011,1,0,0,0,0,2,2,60,1,1,8,1,0,0,1,51,1,1,1,24,0,0
48,482345,2,3,1,19,10,19,16,12,1,1,0,48,1,2,404,2404,14,1995,1J4FX58S4SC5,1,J,4,F,X,5,8,S,4,S,C,5,0,T,JEEP,LRO,4W,95,17,,1,0,1059,GCK,G,,,6,242,,,,,3447,00,M,42,0,0,000000000,00000000000,0,0,0,1,0,0,0,0,0,0,0,998,0,0,0,6,6,2,12,0,0,0,1,48,77539,6,1,0,0,3,0,62,195,0,0,0,0,0,0,0,0,0,0,0,0,0,0,2,2,60,1,1,8,1,0,0,1,53,1,1,1,25,1,0
48,482345,3,3,1,19,10,19,16,12,1,1,0,48,2,37,31,37031,4,1991,JHMED4660MS0,J,H,M,E,D,4,6,6,0,M,S,0,0,P,HOND,CEX,4D,91,17,2374,,0,906,,G,,F,4,097,,,14R175,,,,,,0,0,000000000,00000000000,0,0,0,1,0,0,0,0,0,0,0,998,0,0,0,10,6,2,12,0,0,0,1,48,77510,6,1,0,0,3,0,70,214,1,0,0,0,0,11,2010,11,2010,0,0,0,0,0,2,2,60,1,1,8,1,0,0,1,64,1,1,1,98,1,0
48,482346,1,1,1,19,10,13,30,20,0,1,0,48,3,86,881,86881,63,2006,1M2AG11C06M0,1,M,2,A,G,1,1,C,0,6,M,0,0,T,MACK,CV7,CC,6,17,,8,0,0,700,D,,,6,728,,,,,00000,00,,64,0,57,824788,57824788,3,2,5,1,0,0,0,0,0,0,0,998,0,0,0,12,4,3,20,0,0,1,1,48,77022,6,1,6,0,3,0,999,999,0,0,0,0,0,0,0,0,0,0,80,0,0,0,2,3,65,1,1,8,1,0,0,1,1,99,9,4,2,1,0
48,482347,1,3,2,19,10,22,10,12,1,1,0,48,1,12,481,12481,31,2005,1FTPW12565KC,1,F,T,P,W,1,2,5,6,5,K,C,0,T,FORD,F1S,CW,5,17,,2,1450,1260,COF,G,,,8,330,,,,B,5281,00,U,42,0,0,000000000,00000000000,0,0,0,1,0,0,0,0,0,0,0,998,0,0,0,12,6,2,12,0,0,1,1,48,77532,6,1,0,0,3,0,999,999,0,0,0,0,0,0,0,0,0,1,91,37,0,0,2,2,40,1,1,8,1,3,3,1,50,1,1,1,20,0,0
48,482347,2,3,2,19,10,22,10,12,1,1,0,48,1,12,37,12037,2,2002,3FAFP31362R1,3,F,A,F,P,3,1,3,6,2,R,1,0,P,FORD,FZX,3P,2,17,2598,,0,1030,,G,,F,4,121,,,15R195,,,,,,0,0,000000000,00000000000,0,0,0,1,0,0,0,0,0,0,0,0,0,0,0,6,6,2,12,0,0,1,1,48,77521,6,2,0,0,3,3,999,999,0,0,0,0,0,0,0,0,0,0,0,0,0,0,2,2,40,1,1,8,1,3,3,5,53,1,1,1,22,1,0
48,482347,3,3,2,19,10,22,10,12,1,1,0,48,2,20,481,20481,31,2005,2GCEC13T8512,2,G,C,E,C,1,3,T,8,5,1,2,0,T,CHEV,SC1,CW,5,17,,2,0,1435,SIL,G,,,8,323,,,,B,4986,00,,42,0,0,000000000,00000000000,0,0,0,1,0,0,0,0,0,0,0,0,0,0,0,12,4,3,12,0,0,0,1,48,77571,6,1,6,0,3,3,999,999,0,0,0,0,0,0,0,0,0,0,0,0,0,0,2,2,40,1,1,8,1,3,3,5,62,1,1,1,98,0,0
48,482348,1,1,1,20,10,14,44,1,0,1,0,48,1,72,706,72706,80,1999,1HD1BML32XY0,1,H,D,1,B,M,L,3,2,X,Y,0,0,M,HD,FLF,RS,99,17,,,,,,,1340,,2,,4,631,,,,,,,0,0,000000000,00000000000,0,0,0,1,0,0,0,0,0,0,0,998,0,0,0,0,8,2,1,0,0,0,1,48,75287,6,1,0,0,2,0,66,227,0,0,0,0,0,0,0,0,0,0,0,0,0,0,2,3,40,1,1,2,1,3,3,1,98,99,2,1,98,1,0
48,482349,1,1,2,20,10,2,5,8,0,1,0,48,1,30,42,30042,3,2004,9BWDH61J0440,9,B,W,D,H,6,1,J,0,4,4,0,0,P,VOLK,GV6,2H,4,17,2928,,0,989,,G,,F,6,170,,,17R225,,,,,,0,0,000000000,00000000000,0,0,0,1,0,0,0,0,0,0,0,998,0,0,0,12,4,3,8,0,0,0,1,48,75208,6,1,6,0,3,0,999,999,1,0,0,0,0,9,2011,9,2011,0,0,0,0,0,3,4,60,1,1,8,1,0,0,1,80,1,1,1,13,0,0
48,482350,1,1,1,20,10,4,9,24,0,1,0,48,1,7,442,7442,20,2000,1B4GP44G6YB7,1,B,4,G,P,4,4,G,6,Y,B,7,0,T,DODG,GSS,ES,0,17,,1,0,1193,CAR,F,,,6,201,,,,,3863,00,E,42,0,0,000000000,00000000000,0,0,0,1,0,0,0,0,0,0,0,998,0,2,5,12,6,2,24,0,0,0,1,48,75050,0,0,0,0,0,0,68,226,0,0,0,0,0,0,0,0,0,1,0,0,0,0,3,4,65,1,1,8,1,0,0,1,9,99,9,4,2,1,1
48,482351,1,3,4,20,10,5,55,12,6,1,0,48,2,49,32,49032,4,2013,5YFBU4EE8DP0,5,Y,F,B,U,4,E,E,8,D,P,0,0,P,TOYT,CBS,4D,13,17,2734,,0,1024,,G,,F,4,110,,,15R195,,,,,,0,0,000000000,00000000000,0,0,0,1,0,0,0,0,0,0,0,998,0,0,0,12,6,2,12,0,0,0,1,48,77406,6,1,0,0,3,0,999,999,0,0,0,0,0,0,0,0,0,0,39,0,0,0,3,2,98,8,8,8,98,3,3,1,17,1,1,1,88,1,1
48,482351,2,3,1,20,10,5,55,12,6,1,0,48,1,86,881,86881,63,1999,1M2P264Y6XM0,1,M,2,P,2,6,4,Y,6,X,M,0,0,T,MACK,RD6,TR,99,17,,8,0,0,600,D,,,6,728,,,,,00000,00,,64,0,57,1945524,571945524,3,2,4,1,0,0,0,0,0,0,0,998,0,0,0,11,4,3,12,0,0,0,1,48,77469,6,1,6,1,3,3,999,999,2,0,0,0,0,6,2010,2,2012,0,0,0,0,0,2,2,60,1,1,8,1,3,3,1,66,6,1,1,89,0,0
48,482351,3,3,3,20,10,5,55,12,6,1,0,48,1,49,40,49040,4,2008,4T4BE46K18R0,4,T,4,B,E,4,6,K,1,8,R,0,0,P,TOYT,XSL,4D,8,17,3263,,0,1093,,G,,F,4,146,,,16R215,,,,,,0,0,000000000,00000000000,0,0,0,1,0,0,0,0,0,0,0,0,0,0,0,12,2,1,12,0,0,0,1,48,77479,6,1,0,0,3,0,999,999,1,0,0,0,0,12,2009,12,2009,0,0,0,0,0,3,2,98,8,8,8,98,3,3,5,66,1,1,1,98,0,0
48,482352,1,2,2,20,10,12,20,12,1,1,0,48,1,72,706,72706,80,2008,1HD1BW5188Y0,1,H,D,1,B,W,5,1,8,8,Y,0,0,M,HD,STC,RS,8,17,,,,,,,1584,,2,,4,750,,,,,,,0,0,000000000,00000000000,0,0,0,1,0,0,0,0,0,0,0,998,0,0,0,12,8,3,12,32,0,0,1,48,78155,6,1,0,0,3,3,999,999,1,1,0,0,0,3,2010,3,2012,1,0,0,0,0,2,2,70,1,1,8,1,0,0,1,50,1,1,1,20,1,0
48,482352,2,2,4,20,10,12,20,12,1,1,0,48,2,7,482,7482,31,2004,1D7HA18NX4S5,1,D,7,H,A,1,8,N,X,4,S,5,0,T,DODG,SQ1,CW,4,17,,2,1605,1405,RPC,G,,,8,287,,,,B,4820,01,E,42,0,0,000000000,00000000000,0,0,0,1,0,0,0,0,0,0,0,0,0,0,0,6,2,1,12,0,0,0,1,48,78611,6,1,0,0,3,3,999,999,0,0,0,0,2,12,2009,1,2011,0,0,0,0,0,2,2,70,1,1,8,1,0,0,5,53,1,1,1,21,0,0
48,482353,1,4,1,20,10,14,51,12,1,1,0,48,1,12,881,12881,61,2011,1FT8W3BT1BEC,1,F,T,8,W,3,B,T,1,B,E,C,0,T,FORD,F3S,CW,11,17,,3,1724,1562,SRW,D,,,8,409,,,,D,6593,00,7,44,0,88,888888888,88888888888,2,1,96,1,0,0,0,0,0,0,0,998,0,0,0,12,4,3,12,0,0,0,1,48,77539,6,1,0,0,3,0,999,999,0,0,0,3,0,6,2011,8,2012,1,89,0,0,0,2,3,75,4,2,8,1,0,0,1,51,1,1,1,24,0,0
48,482353,2,4,3,20,10,14,51,12,1,1,0,48,1,49,32,49032,4,2004,1NXBR32EX4Z2,1,N,X,B,R,3,2,E,X,4,Z,2,0,P,TOYT,UCS,4D,4,17,2502,,0,1024,,G,,F,4,109,,,15R185,,,,,,0,0,000000000,00000000000,0,0,0,1,0,0,0,0,0,0,0,998,0,0,0,6,6,2,12,0,0,0,1,48,77611,6,1,0,0,3,3,999,999,0,0,0,0,0,0,0,0,0,0,0,0,0,0,3,3,75,4,2,8,1,0,0,1,53,1,1,1,25,1,0
48,482353,3,4,5,20,10,14,51,12,1,1,0,48,1,12,481,12481,31,2008,1FTRW14W78FB,1,F,T,R,W,1,4,W,7,8,F,B,0,T,FORD,F1S,CW,8,17,,2,1500,1390,COF,G,,,8,281,,,,B,5361,01,E,44,0,0,000000000,00000000000,0,0,0,1,0,0,0,0,0,0,0,998,0,0,0,6,2,3,12,0,0,0,1,48,77706,6,1,0,0,3,0,999,999,0,0,0,1,0,9,2011,9,2011,0,0,0,0,0,3,3,75,4,2,8,1,0,0,1,53,1,1,1,98,0,0
48,482353,4,4,3,20,10,14,51,12,1,1,0,48,1,12,481,12481,31,2011,1FTFW1EF5BFD,1,F,T,F,W,1,E,F,5,B,F,D,0,T,FORD,F1S,CW,11,17,,2,1570,1450,COF,F,,,8,305,,,,B,5577,01,7,44,0,0,000000000,00000000000,0,0,0,1,0,0,0,0,0,0,0,998,0,0,0,6,2,3,12,0,0,0,1,48,77630,6,1,0,0,3,0,999,999,0,0,0,0,0,0,0,0,0,0,0,0,0,0,3,3,75,4,2,8,1,0,0,1,53,1,1,1,98,0,0
48,482354,1,1,5,20,10,23,29,8,0,1,0,48,0,7,482,7482,31,2001,3B7HF13Y51G8,3,B,7,H,F,1,3,Y,5,1,G,8,0,T,DODG,Q15,4C,1,17,,2,1547,1387,RPC,G,,,8,318,,,,B,5008,01,U,44,0,0,000000000,00000000000,0,0,0,1,0,0,0,0,0,0,0,998,0,0,0,12,0,3,8,0,0,0,1,48,78401,1,1,0,0,2,0,999,999,0,0,0,0,0,0,0,0,0,0,0,0,0,0,1,4,35,1,1,8,1,0,0,1,80,99,9,1,13,0,0
48,482355,1,1,1,20,10,21,15,1,0,1,0,40,3,51,881,51881,66,2006,4V4NC9TG06N4,4,V,4,N,C,9,T,G,0,6,N,4,1,T,VOLV,VNL,TR,6,17,,8,0,0,VVN,D,,,6,915,,,,,00000,00,,64,1,57,1738231,571738231,3,6,2,2,2,1267,3,2,0,0,0,998,0,2,1,0,4,3,1,0,0,0,1,49,84660,6,1,6,1,3,0,69,245,98,0,0,0,0,0,0,0,0,1,39,0,0,0,1,2,70,1,1,8,1,40,3,1,15,8,2,2,98,1,0
48,482356,1,1,1,20,10,22,12,1,0,1,0,48,1,50,706,50706,80,2008,SMTC05LR98J3,S,M,T,C,0,5,L,R,9,8,J,3,0,M,TRUM,RCT,RS,8,17,,,,,,,2294,,3,,4,788,,,,,,,0,0,000000000,00000000000,0,0,0,1,0,0,0,0,0,0,0,998,0,0,0,0,8,3,1,0,0,0,1,48,78757,6,1,6,0,2,3,999,999,0,0,0,0,1,6,2011,6,2011,1,0,0,0,0,1,2,70,2,2,8,1,0,0,14,12,1,1,4,6,1,1
48,482357,1,1,1,20,10,16,23,24,0,1,0,48,2,53,706,53706,80,2000,JS1VT51A4Y21,J,S,1,V,T,5,1,A,4,Y,2,1,0,M,SUZI,TL1,RC,0,17,,,,,,,996,,2,,4,421,,,,,,,0,0,000000000,00000000000,0,0,0,1,0,0,0,0,0,0,0,998,0,0,0,99,8,3,24,0,0,0,1,48,76528,1,1,0,0,2,0,999,999,0,7,0,0,1,4,2010,9,2012,1,24,0,0,0,1,2,70,3,1,8,1,0,0,1,13,1,1,4,1,1,0
48,482358,1,1,1,21,10,3,46,1,0,1,0,48,2,38,402,38402,14,2001,4S2CK58W8143,4,S,2,C,K,5,8,W,8,1,4,3,0,P,ISU,ROD,UT,1,17,3856,,0,1064,,G,,F,6,195,,,16R245,,,,,,0,0,000000000,00000000000,0,0,0,1,0,0,0,0,0,0,0,998,0,2,5,0,6,2,1,0,0,0,1,48,75941,0,0,0,0,0,0,999,999,0,0,0,0,0,0,0,0,0,0,0,0,0,0,2,2,70,1,1,8,1,0,0,1,12,7,4,4,2,1,1
48,482359,1,2,1,21,10,5,5,12,2,1,0,48,1,12,422,12422,15,2006,1FMPU15536LA,1,F,M,P,U,1,5,5,3,6,L,A,0,P,FORD,EPT,UT,6,17,5353,,0,1190,,G,,F,8,329,,,17R265,,,,,,0,0,000000000,00000000000,0,0,0,1,0,0,0,0,0,0,0,998,0,1,5,12,4,3,12,0,0,1,1,48,76544,1,1,0,0,2,0,999,999,0,2,0,0,0,3,2010,3,2010,9,0,0,0,0,1,2,70,1,1,8,1,0,0,1,10,1,1,2,50,0,1
48,482359,2,2,1,21,10,5,5,12,2,1,0,48,1,41,471,41471,30,1997,4F4CR16A6VTM,4,F,4,C,R,1,6,A,6,V,T,M,0,T,MAZD,2CP,PC,97,17,,1,0,1254,B23,G,,,4,140,,,,,3283,00,B,42,0,0,000000000,00000000000,0,0,0,1,0,0,0,0,0,0,0,998,0,0,0,12,6,2,12,0,0,1,1,48,78046,2,1,0,0,2,0,999,999,1,1,0,0,0,8,2011,1,2012,9,0,0,0,0,1,2,70,1,1,8,1,0,0,1,62,1,1,1,51,1,0
48,482360,1,3,1,21,10,14,12,12,8,1,0,22,2,37,705,37705,80,2003,JH2PC37093M0,J,H,2,P,C,3,7,0,9,3,M,0,0,M,HOND,B60,RC,3,17,,,,,,,599,,4,,4,370,,,,,,,0,0,000000000,00000000000,0,0,0,1,0,0,0,0,0,0,0,998,0,0,0,7,8,2,12,0,0,0,1,48,76544,6,1,0,0,3,3,999,999,0,0,0,1,0,5,2010,5,2010,1,27,0,0,0,5,5,40,1,1,8,1,0,0,1,72,3,3,2,66,1,0
48,482360,2,3,3,21,10,14,12,12,8,1,0,48,2,7,24,7024,4,2011,2B3CL3CG0BH5,2,B,3,C,L,3,C,G,0,B,H,5,0,P,DODG,CHA,4D,11,17,3961,,0,1200,,F,,F,6,220,,,17R215,,,,,,0,0,000000000,00000000000,0,0,0,1,0,0,0,0,0,0,0,998,0,0,0,7,4,3,12,0,0,0,1,48,76543,6,1,0,0,3,0,999,999,0,2,0,1,0,11,2010,8,2012,0,0,0,0,0,5,5,40,1,1,8,1,0,0,3,11,1,1,1,66,0,0
48,482360,3,3,1,21,10,14,12,12,8,1,0,48,2,37,31,37031,2,1996,1HGEJ6127TL0,1,H,G,E,J,6,1,2,7,T,L,0,0,P,HOND,UCD,CP,96,17,2208,,0,1032,,G,,F,4,097,,,13R175,,,,,,0,0,000000000,00000000000,0,0,0,1,0,0,0,0,0,0,0,998,0,0,0,12,2,3,54,0,0,0,1,48,76541,1,1,0,0,2,0,999,999,1,22,0,1,0,11,2009,5,2012,0,0,0,0,0,5,5,40,1,1,8,1,0,0,1,11,1,1,1,98,0,0
48,482361,1,3,1,21,10,0,22,12,1,1,0,48,1,20,481,20481,31,2006,2GCEC13T4611,2,G,C,E,C,1,3,T,4,6,1,1,0,T,CHEV,SC1,CW,6,17,,2,0,1435,SIL,G,,,8,323,,,,B,4987,00,,42,0,0,000000000,00000000000,0,0,0,1,0,0,0,0,0,0,0,998,0,0,0,12,4,3,12,0,0,0,1,48,75048,0,0,0,0,0,0,999,999,0,0,0,0,0,0,0,0,0,1,0,0,0,0,3,4,60,1,1,8,1,0,0,1,50,7,1,1,20,0,1
48,482361,2,3,2,21,10,0,22,12,1,1,0,48,2,49,32,49032,4,2004,1NXBR32E14Z2,1,N,X,B,R,3,2,E,1,4,Z,2,0,P,TOYT,UCS,4D,4,17,2502,,0,1024,,G,,F,4,109,,,15R185,,,,,,0,0,000000000,00000000000,0,0,0,1,0,0,0,0,0,0,0,0,0,0,0,6,2,3,12,0,0,0,1,48,75240,0,0,0,0,0,0,999,999,0,0,0,0,0,0,0,0,0,0,0,0,0,0,3,4,60,1,1,8,1,0,0,5,53,1,1,1,21,0,0
48,482361,3,3,0,21,10,0,22,12,1,1,0,48,6,20,481,20481,31,2000,1GCEC14W5YE2,1,G,C,E,C,1,4,W,5,Y,E,2,0,T,CHEV,SC1,PK,0,17,,2,1330,1190,SIL,G,,,6,262,,,,B,3923,02,,42,0,0,000000000,00000000000,0,0,0,1,0,0,0,0,0,0,0,998,0,0,0,12,4,3,8,0,0,0,0,0,99997,7,6,97,7,6,7,998,997,998,998,998,998,998,98,9998,98,9998,8,0,0,0,0,3,4,60,1,1,8,1,0,0,0,54,0,0,0,98,0,0
48,482362,1,1,2,21,10,2,14,8,0,1,0,48,2,24,401,24401,14,2003,5GZCZ63B53S8,5,G,Z,C,Z,6,3,B,5,3,S,8,0,P,STRN,VUE,UT,3,17,3470,,0,1066,,G,,F,6,181,,,16R235,,,,,,0,0,000000000,00000000000,0,0,0,1,0,0,0,0,0,0,0,998,0,0,0,12,4,3,8,0,0,0,1,48,79763,1,1,0,0,2,0,999,999,0,9,1,1,1,4,2011,9,2012,0,0,0,0,0,5,6,45,1,1,8,1,0,0,1,80,1,1,1,13,0,0
48,482363,1,2,2,21,10,17,30,1,0,1,0,19,1,20,481,20481,31,1996,2GCEC19M3T12,2,G,C,E,C,1,9,M,3,T,1,2,0,T,CHEV,GC1,PC,96,17,,2,1555,1415,GM4,G,,,8,305,,,,B,4068,02,,42,0,0,000000000,00000000000,0,0,0,1,0,0,0,0,0,0,0,998,0,0,0,9,4,1,12,0,0,0,1,19,76446,6,1,0,0,3,3,72,345,0,3,0,0,1,5,2010,11,2010,0,38,0,0,0,1,2,98,8,8,8,1,20,3,11,15,1,1,1,98,0,0
48,482363,2,2,2,21,10,17,30,1,0,1,0,48,2,76,705,76705,80,2005,JYAVM01Y25A0,J,Y,A,V,M,0,1,Y,2,5,A,0,0,M,YAMA,V6A,RS,5,17,,,,,,,649,,2,,4,474,,,,,,,0,0,000000000,00000000000,0,0,0,1,0,0,0,0,0,0,0,998,0,0,0,0,8,3,12,0,0,0,1,48,76442,6,1,0,0,3,0,999,999,0,2,0,0,0,11,2009,9,2010,0,0,0,0,0,2,4,70,1,2,8,1,0,0,1,67,6,1,1,98,1,0
48,482364,1,1,4,21,10,4,19,42,0,1,0,48,2,49,40,49040,4,1999,4T1BG22K8XU5,4,T,1,B,G,2,2,K,8,X,U,5,0,P,TOYT,UEX,4D,99,17,2998,,0,1051,,G,,F,4,132,,,14R195,,,,,,0,0,000000000,00000000000,0,0,0,1,0,0,0,0,0,0,0,998,0,0,0,11,4,3,42,0,0,0,1,48,77954,6,1,0,0,3,3,999,999,0,0,0,0,0,0,0,0,0,1,0,0,0,0,1,2,35,2,1,8,1,0,0,14,6,1,3,4,7,1,1
48,482365,1,2,1,21,10,4,7,8,0,1,1,99,9,99,999,99999,99,9999,999999999999,9,9,9,9,9,9,9,9,9,9,9,9,0,,,,,,,,,,,,,,,,,,,,,,,,,0,0,000000000,00000000000,0,0,0,1,0,0,0,0,0,0,0,998,0,0,0,12,9,1,8,0,0,0,1,99,99999,9,9,99,9,9,9,999,999,99,99,99,99,99,99,9999,99,9999,0,0,0,0,0,3,5,55,1,1,8,1,0,0,1,80,1,1,1,13,0,0
48,482365,2,2,1,21,10,4,7,8,0,1,0,48,1,20,2,20002,4,2003,2G1WF55K5393,2,G,1,W,F,5,5,K,5,3,9,3,0,P,CHEV,IMP,4D,3,17,3389,,0,1105,,G,,F,6,231,,,16R225,,,,,,0,0,000000000,00000000000,0,0,0,1,0,0,0,0,0,0,0,998,0,0,0,14,0,3,8,0,0,0,1,48,77053,6,1,6,0,3,3,999,999,0,0,0,0,1,7,2011,7,2011,0,0,0,0,0,3,5,55,1,1,8,1,0,0,1,80,1,1,1,98,0,0
48,482366,1,1,1,21,10,20,25,1,0,1,0,48,2,12,37,12037,4,2000,1FAFP3638YW1,1,F,A,F,P,3,6,3,8,Y,W,1,0,P,FORD,FSE,SW,0,17,2717,,0,1030,,G,,F,4,121,,,15R195,,,,,,0,0,000000000,00000000000,0,0,0,1,0,0,0,0,0,0,0,998,0,2,5,0,4,3,1,0,0,0,1,48,75143,6,1,0,0,3,0,999,999,0,0,0,0,0,0,0,0,0,1,0,0,0,0,1,2,30,1,1,8,1,0,0,1,13,1,3,4,2,1,1
48,482367,1,2,1,21,10,5,45,12,1,1,0,40,3,86,881,86881,66,2007,1M2AG11Y77M0,1,M,2,A,G,1,1,Y,7,7,M,0,1,T,MACK,CV7,TR,7,17,,8,0,0,700,D,,,6,728,,,,,00000,00,,64,1,57,669888,57669888,3,6,2,1,0,0,0,0,0,0,0,998,0,0,0,6,4,1,12,0,0,0,1,48,75803,6,1,6,0,3,0,999,999,0,0,0,0,0,0,0,0,0,0,0,0,0,0,1,2,70,1,1,8,1,0,0,10,16,1,1,1,27,0,0
48,482367,2,2,2,21,10,5,45,12,1,1,0,48,2,7,41,7041,4,2000,2B3HD76VXYH3,2,B,3,H,D,7,6,V,X,Y,H,3,0,P,DODG,IRT,4D,0,17,3430,,0,1130,,G,,F,6,215,,,17R225,,,,,,0,0,000000000,00000000000,0,0,0,1,0,0,0,0,0,0,0,998,0,0,0,12,6,2,12,0,0,0,1,48,75904,0,0,0,0,0,0,999,999,0,1,0,0,0,7,2012,7,2012,1,0,0,0,0,1,2,70,1,1,8,1,0,0,1,51,1,1,1,24,2,1
48,482368,1,1,1,22,10,22,16,8,0,1,0,48,1,49,32,49032,4,2004,1NXBR32E84Z2,1,N,X,B,R,3,2,E,8,4,Z,2,0,P,TOYT,UCS,4D,4,17,2502,,0,1024,,G,,F,4,109,,,15R185,,,,,,0,0,000000000,00000000000,0,0,0,1,0,0,0,0,0,0,0,998,0,0,0,12,4,3,8,0,0,0,1,48,78221,0,0,0,0,0,0,999,999,0,0,0,0,0,0,0,0,0,0,0,0,0,0,5,6,45,1,1,8,1,0,0,1,80,3,2,1,13,0,0
48,482369,1,1,1,22,10,20,5,30,0,1,0,48,2,39,34,39034,4,2000,SAJDA01C7YFL,S,A,J,D,A,0,1,C,7,Y,F,L,0,P,JAGU,STP,4D,0,17,3650,,0,1145,,G,,F,6,181,,,16R225,,,,,,0,0,000000000,00000000000,0,0,0,1,0,0,0,0,0,0,0,998,0,0,0,10,6,2,46,0,0,0,1,99,99999,9,9,99,9,9,9,67,258,99,99,99,99,99,99,9999,99,9999,1,0,0,0,0,2,6,40,1,1,8,1,0,0,1,12,1,3,4,7,1,0
48,482370,1,1,2,22,10,17,14,15,0,1,0,48,2,20,422,20422,15,2007,1GNFC16047J4,1,G,N,F,C,1,6,0,4,7,J,4,0,P,CHEV,C15,UT,7,17,5613,,0,1300,,F,,F,8,323,,,17R265,,,,,,0,0,000000000,00000000000,0,0,0,1,0,0,0,0,0,0,0,998,0,0,0,12,2,1,15,0,0,0,1,48,77568,6,1,0,0,3,0,999,999,0,0,0,0,0,0,0,0,0,0,39,0,0,0,1,2,30,1,1,8,1,20,3,1,17,1,1,1,13,0,0
48,482371,1,1,1,22,10,5,36,8,0,1,0,48,1,12,3,12003,2,1995,1FALP42T6SF1,1,F,A,L,P,4,2,T,6,S,F,1,0,P,FORD,MGG,CP,95,17,3280,,0,1013,,G,,F,8,302,,,16R225,,,,,,0,0,000000000,00000000000,0,0,0,1,0,0,0,0,0,0,0,998,0,0,0,12,2,3,8,0,0,0,1,48,77619,6,1,0,0,3,0,999,999,1,0,0,0,0,10,2011,10,2011,0,0,0,0,0,1,2,70,1,1,8,1,0,0,1,80,1,1,1,13,0,0
48,482372,1,1,1,22,10,0,56,8,0,1,0,48,3,7,462,7462,21,2005,WD2PD5444557,W,D,2,P,D,5,4,4,4,5,5,7,0,T,SPNR,SP3,EC,5,17,,2,0,1580,SPR,D,,,5,165,,,,,5113,00,E,42,0,0,000000000,00000000000,0,0,0,1,0,0,0,0,0,0,0,998,0,0,0,12,4,3,8,0,0,0,1,48,78704,6,1,0,0,3,3,999,999,0,0,0,0,0,0,0,0,0,0,0,0,0,0,2,3,60,1,1,8,1,0,0,1,80,1,1,1,13,0,0
48,482373,1,1,2,23,10,6,4,8,0,1,0,48,2,35,47,35047,4,1997,1N4BU31D9VC2,1,N,4,B,U,3,1,D,9,V,C,2,0,P,NISS,AGS,4D,97,17,2756,,0,1031,,G,,F,4,146,,,15R205,,,,,,0,0,000000000,00000000000,0,0,0,1,0,0,0,0,0,0,0,998,0,0,0,12,6,2,8,0,0,0,1,48,78560,6,1,0,0,3,3,999,999,0,0,0,0,0,0,0,0,0,0,0,0,0,0,2,2,55,1,1,8,1,0,0,1,80,1,1,1,13,0,0
48,482374,1,2,1,23,10,7,30,12,6,1,0,48,1,76,705,76705,80,2004,JYAVM01E64A0,J,Y,A,V,M,0,1,E,6,4,A,0,0,M,YAMA,V6A,RS,4,17,,,,,,,649,,2,,4,505,,,,,,,0,0,000000000,00000000000,0,0,0,1,0,0,0,0,0,0,0,998,0,0,0,12,8,2,12,0,0,0,1,48,77904,6,1,0,0,3,3,999,999,0,0,0,0,0,0,0,0,0,0,0,0,0,0,2,2,70,1,1,8,1,0,0,1,66,1,1,1,88,1,0
48,482374,2,2,3,23,10,7,30,12,6,1,0,48,1,20,431,20431,16,1994,1GNEC16K0RJ4,1,G,N,E,C,1,6,K,0,R,J,4,0,P,CHEV,C15,UT,94,17,4672,,0,1315,,G,,F,8,350,,,000000,,,,,,0,0,000000000,00000000000,0,0,0,1,0,0,0,0,0,0,0,998,0,0,0,8,4,3,12,0,0,0,1,48,77905,6,1,0,0,3,0,999,999,0,0,0,0,0,0,0,0,0,0,0,0,0,0,1,2,98,8,8,8,1,20,3,4,17,1,1,1,89,0,0