STATE,ST_CASE,VEH_NO,VE_FORMS,NUMOCCS,DAY,MONTH,HOUR,MINUTE,HARM_EV,MAN_COLL,UNITTYPE,HIT_RUN,REG_STAT,OWNER,MAKE,MODEL,MAK_MOD,BODY_TYP,MOD_YEAR,VIN,VIN_1,VIN_2,VIN_3,VIN_4,VIN_5,VIN_6,VIN_7,VIN_8,VIN_9,VIN_10,VIN_11,VIN_12,TOW_VEH,VINTYPE,VINMAKE,VINA_MOD,VIN_BT,VINMODYR,VIN_LNGT,VIN_WGT,WGTCD_TR,WHLBS_LG,WHLBS_SH,SER_TR,FUELCODE,MCYCL_DS,CARBUR,CYLINDER,DISPLACE,MCYCL_CY,MCYCL_WT,TIRE_SZE,TON_RAT,TRK_WT,TRKWTVAR,VIN_REST,WHLDRWHL,J_KNIFE,MCARR_I1,MCARR_I2,MCARR_ID,GVWR,V_CONFIG,CARGO_BT,HAZ_INV,HAZ_PLAC,HAZ_ID,HAZ_CNO,HAZ_REL,BUS_USE,SPEC_USE,EMER_USE,TRAV_SP,UNDERIDE,ROLLOVER,ROLINLOC,IMPACT1,DEFORMED,TOWED,M_HARM,VEH_SC1,VEH_SC2,FIRE_EXP,DR_PRES,L_STATE,DR_ZIP,L_STATUS,L_TYPE,CDL_STAT,L_ENDORS,L_COMPL,L_RESTRI,DR_HGT,DR_WGT,PREV_ACC,PREV_SUS,PREV_DWI,PREV_SPD,PREV_OTH,FIRST_MO,FIRST_YR,LAST_MO,LAST_YR,SPEEDREL,DR_SF1,DR_SF2,DR_SF3,DR_SF4,VTRAFWAY,VNUM_LAN,VSPD_LIM,VALIGN,VPROFILE,VPAVETYP,VSURCOND,VTRAFCON,VTCONT_F,P_CRASH1,P_CRASH2,P_CRASH3,PCRASH4,PCRASH5,ACC_TYPE,DEATHS,DR_DRINK
48,482375,1,2,1,24,10,0,48,12,1,1,0,48,1,7,25,7025,5,2007,1B3HB48B47D2,1,B,3,H,B,4,8,B,4,7,D,2,0,P,DODG,CXT,4D,7,17,3038,,0,1037,,G,,F,4,122,,,17R215,,,,,,0,0,000000000,00000000000,0,0,0,1,0,0,0,0,0,0,0,998,0,0,0,12,6,2,12,0,0,0,1,48,78221,6,1,0,0,3,0,999,999,1,0,0,0,0,1,2012,1,2012,1,58,0,0,0,2,3,40,1,1,8,1,3,3,1,50,1,1,1,20,1,1
48,482375,2,2,1,24,10,0,48,12,1,1,0,48,2,20,421,20421,15,2003,1GNEC13Z63R2,1,G,N,E,C,1,3,Z,6,3,R,2,0,P,CHEV,CTA,UT,3,17,4828,,0,1160,,F,,F,8,325,,,16R265,,,,,,0,0,000000000,00000000000,0,0,0,1,0,0,0,0,0,0,0,0,0,0,0,6,6,2,12,0,0,0,1,48,78242,0,0,0,0,0,0,999,999,0,0,0,0,0,0,0,0,0,0,0,0,0,0,2,3,40,1,1,8,1,3,3,5,53,1,1,1,21,0,0
48,482376,1,1,1,24,10,12,8,1,0,1,0,48,1,7,482,7482,31,2006,3D7KS28C66G2,3,D,7,K,S,2,8,C,6,6,G,2,0,T,DODG,S2L,CW,6,17,,2,1605,1405,RPC,D,,,6,359,,,,C,6218,01,E,44,0,0,000000000,00000000000,0,0,0,1,0,0,0,0,0,0,0,998,0,2,5,0,6,2,1,0,0,0,1,48,78669,6,1,0,0,3,0,999,999,0,0,0,0,1,7,2012,7,2012,1,0,0,0,0,1,2,70,3,1,8,1,0,0,1,13,6,4,4,7,1,0
48,482377,1,3,1,24,10,21,52,12,1,1,0,48,1,22,22,22022,4,2007,1G2ZG58N1741,1,G,2,Z,G,5,8,N,1,7,4,1,0,P,PONT,6BS,4D,7,17,3305,,0,1123,,G,,F,6,214,,,17R225,,,,,,0,0,000000000,00000000000,0,0,0,1,0,0,0,0,0,0,0,998,0,0,0,6,6,2,12,0,0,0,1,48,78412,6,1,0,0,3,3,999,999,1,0,0,0,1,1,2011,9,2011,0,39,0,0,0,1,2,98,8,8,8,1,20,3,11,15,1,1,1,76,0,0
48,482377,2,3,1,24,10,21,52,12,1,1,0,48,0,53,706,53706,80,2008,JS1GT77A0821,J,S,1,G,T,7,7,A,0,8,2,1,0,M,SUZI,XR1,RC,8,17,,,,,,,999,,4,,4,379,,,,,,,0,0,000000000,00000000000,0,0,0,1,0,0,0,0,0,0,0,998,0,0,0,12,6,2,12,0,0,1,1,48,78415,6,1,6,0,3,0,999,999,0,0,0,1,0,6,2011,6,2011,0,0,0,0,0,5,4,45,1,1,2,1,0,0,1,65,3,9,1,77,1,0
48,482377,3,3,1,24,10,21,52,12,1,1,0,48,1,53,706,53706,80,2006,JS1GT76A4621,J,S,1,G,T,7,6,A,4,6,2,1,0,M,SUZI,XR1,RC,6,17,,,,,,,999,,4,,4,365,,,,,,,0,0,000000000,00000000000,0,0,0,1,0,0,0,0,0,0,0,998,0,0,0,12,6,2,12,0,0,0,1,48,78405,6,1,0,0,2,0,999,999,0,0,0,0,0,0,0,0,0,0,0,0,0,0,5,4,45,1,1,2,1,0,0,1,65,7,1,1,98,0,0
48,482378,1,2,4,24,10,9,25,12,6,1,0,48,3,23,481,23481,31,2009,1GDJC73669F1,1,G,D,J,C,7,3,6,6,9,F,1,1,T,GMC,SC3,CW,9,17,,3,0,1670,SIE,D,,,8,403,,,,D,6404,00,E,42,1,57,1929788,571929788,2,4,3,1,0,0,0,0,0,0,0,998,0,0,0,8,6,2,12,0,0,0,1,48,77962,6,1,0,0,3,0,999,999,0,0,0,0,0,0,0,0,0,0,38,0,0,0,1,2,65,1,1,8,1,0,0,11,15,1,1,1,72,1,0
48,482378,2,2,1,24,10,9,25,12,6,1,0,48,3,85,881,85881,66,2006,1XKDD48X76J1,1,X,K,D,D,4,8,X,7,6,J,1,1,T,KW,T80,TR,6,17,,8,2600,1600,CON,D,,,6,915,,,,,00000,00,,64,1,57,1951246,571951246,3,6,8,1,0,0,0,0,0,0,0,998,0,1,5,12,6,2,12,0,0,0,1,48,77437,6,1,6,0,3,0,999,999,0,0,0,0,2,5,2011,1,2012,0,0,0,0,0,1,2,65,1,1,8,1,0,0,6,61,1,1,2,73,0,0
48,482379,1,1,4,25,10,20,51,8,0,1,0,48,1,12,37,12037,4,2010,1FAHP3FN5AW1,1,F,A,H,P,3,F,N,5,A,W,1,0,P,FORD,FSE,4D,10,17,2623,,0,1029,,G,,F,4,122,,,15R195,,,,,,0,0,000000000,00000000000,0,0,0,1,0,0,0,0,0,0,0,998,0,0,0,12,4,3,8,0,0,0,1,48,77471,6,1,0,0,3,3,999,999,0,0,0,0,0,0,0,0,0,0,0,0,0,0,3,4,65,1,1,8,1,0,0,1,80,1,1,1,13,0,0
48,482380,1,1,1,25,10,0,34,45,0,1,0,99,9,85,881,85881,66,2000,1XKWDB9X8YR8,1,X,K,W,D,B,9,X,8,Y,R,8,1,T,KW,W90,TR,0,17,,8,2850,1600,CON,D,,,6,893,,,,,00000,00,,64,1,57,711419,57711419,3,6,1,1,0,0,0,0,0,0,0,998,0,0,0,12,4,3,8,0,0,0,1,5,72583,6,1,6,0,3,3,76,225,0,0,0,0,0,0,0,0,0,1,0,0,0,0,3,1,70,1,1,8,1,40,3,1,14,1,1,4,14,0,0
48,482381,1,1,1,25,10,23,55,8,0,1,0,48,3,12,422,12422,15,2011,1FMJK1K56BEF,1,F,M,J,K,1,K,5,6,B,E,F,0,P,FORD,EPT,UT,11,17,5928,,0,1310,,F,,F,8,329,,,18R275,,,,,,0,0,000000000,00000000000,0,0,0,1,0,0,0,0,0,0,0,998,0,0,0,12,2,3,8,0,0,0,1,48,76132,6,1,0,0,3,3,999,999,0,0,0,0,0,0,0,0,0,0,0,0,0,0,6,1,60,2,1,8,1,0,0,14,80,7,1,1,13,0,0
48,482382,1,1,1,25,10,5,25,8,0,1,0,40,3,72,706,72706,80,2006,1HD1FRW126Y6,1,H,D,1,F,R,W,1,2,6,Y,6,0,M,HD,FCI,RS,6,17,,,,,,,1450,,2,,4,710,,,,,,,0,0,000000000,00000000000,0,0,0,1,0,0,0,0,0,0,0,998,0,0,0,12,8,3,8,0,0,0,1,48,76234,6,1,6,0,2,0,999,999,0,0,1,2,0,2,2010,7,2012,0,0,0,0,0,3,2,55,1,3,8,1,0,0,1,80,1,1,1,13,0,0
48,482383,1,2,1,26,10,3,40,12,2,1,0,48,2,49,442,49442,20,2010,5TDYK4CC0AS2,5,T,D,Y,K,4,C,C,0,A,S,2,0,P,TOYT,SIE,SV,10,17,4545,,0,1193,,G,,F,6,214,,,17R225,,,,,,0,0,000000000,00000000000,0,0,0,1,0,0,0,0,0,0,0,998,0,0,0,12,6,2,12,0,0,0,1,48,78209,6,1,0,0,3,0,999,999,0,0,0,0,0,0,0,0,0,1,91,51,0,0,3,2,65,1,1,8,1,0,0,1,54,1,1,1,52,0,1
48,482383,2,2,1,26,10,3,40,12,2,1,0,48,1,55,35,55035,4,2005,KMHDN46D75U9,K,M,H,D,N,4,6,D,7,5,U,9,0,P,HYUN,EST,4D,5,17,2635,,0,1027,,G,,F,4,121,,,15R195,,,,,,0,0,000000000,00000000000,0,0,0,1,0,0,0,0,0,0,0,998,0,0,0,12,6,2,12,0,0,0,1,48,78251,6,1,0,0,3,3,999,999,0,0,0,0,0,0,0,0,0,0,0,0,0,0,3,2,65,1,1,8,1,0,0,1,54,1,1,1,52,1,0
48,482384,1,2,1,26,10,16,30,12,2,1,0,48,2,12,37,12037,4,2008,1FAHP35N28W1,1,F,A,H,P,3,5,N,2,8,W,1,0,P,FORD,FMS,4D,8,17,2623,,0,1029,,G,,F,4,122,,,16R205,,,,,,0,0,000000000,00000000000,0,0,0,1,0,0,0,0,0,0,0,998,0,0,0,12,4,3,12,0,0,0,1,48,75237,0,0,0,0,0,0,69,191,0,0,0,0,0,0,0,0,0,0,51,0,0,0,2,3,40,2,3,8,1,0,0,1,54,1,1,1,52,1,0
48,482384,2,2,4,26,10,16,30,12,2,1,0,48,2,20,421,20421,15,2002,1GNEK13Z22R3,1,G,N,E,K,1,3,Z,2,2,R,3,0,P,CHEV,KTA,UT,2,17,5050,,0,1160,,F,,F,8,325,,,16R265,,,,,,0,0,000000000,00000000000,0,0,0,1,0,0,0,0,0,0,0,998,0,0,0,12,4,3,12,0,0,0,1,48,75224,1,1,0,0,2,3,999,999,1,5,0,0,0,6,2010,8,2012,0,0,0,0,0,2,3,40,3,3,8,1,0,0,1,54,1,1,1,52,0,0
48,482385,1,2,1,26,10,18,50,12,2,1,0,48,2,41,471,41471,30,2002,4F4YR16UX2TM,4,F,4,Y,R,1,6,U,X,2,T,M,0,T,MAZD,3CP,PC,2,17,,1,0,1257,B30,G,,,6,182,,,,,3480,00,E,42,0,0,000000000,00000000000,0,0,0,1,0,0,0,0,0,0,0,998,0,1,1,12,4,3,12,0,0,0,1,48,77532,0,0,0,0,0,0,999,999,0,2,0,1,0,4,2011,7,2012,0,28,0,0,0,1,2,60,1,1,2,1,0,0,1,10,1,1,2,50,0,0
48,482385,2,2,2,26,10,18,50,12,2,1,0,48,2,35,47,35047,4,2003,1N4AL11D03C2,1,N,4,A,L,1,1,D,0,3,C,2,0,P,NISS,ABS,4D,3,17,2913,,0,1102,,G,,F,4,153,,,16R205,,,,,,0,0,000000000,00000000000,0,0,0,1,0,0,0,0,0,0,0,998,0,0,0,12,4,3,12,0,0,0,1,48,77532,6,1,0,0,3,3,999,999,0,0,0,0,0,0,0,0,0,0,0,0,0,0,1,2,60,1,1,2,1,0,0,1,54,1,1,1,51,2,0
48,482386,1,2,2,26,10,7,34,12,6,1,0,48,1,23,401,23401,14,2004,1GKES12S6461,1,G,K,E,S,1,2,S,6,4,6,1,0,T,GMC,XUV,4W,4,17,,2,0,1290,ENV,G,,,6,256,,,,B,4915,00,U,42,0,0,000000000,00000000000,0,0,0,1,0,0,0,0,0,0,0,998,0,0,0,12,4,3,12,0,0,0,1,48,77081,6,1,0,0,3,0,999,999,0,0,0,0,0,0,0,0,0,0,38,0,0,0,1,4,35,1,1,8,1,0,0,11,15,1,1,1,68,0,0
48,482386,2,2,1,26,10,7,34,12,6,1,0,48,1,37,31,37031,4,2002,1HGEM21512L0,1,H,G,E,M,2,1,5,1,2,L,0,0,P,HOND,UCL,CP,2,17,2465,,0,1031,,G,,F,4,102,,,14R185,,,,,,0,0,000000000,00000000000,0,0,0,1,0,0,0,0,0,0,0,998,0,0,0,9,4,3,8,0,0,0,1,48,77083,0,0,0,0,0,0,999,999,0,0,0,0,0,0,0,0,0,0,0,0,0,0,1,4,35,1,1,8,1,0,0,1,66,1,1,1,69,0,0
48,482387,1,3,1,26,10,17,22,12,6,1,0,48,1,7,482,7482,31,2006,1D7HA18N86S5,1,D,7,H,A,1,8,N,8,6,S,5,0,T,DODG,SQ1,CW,6,17,,2,1405,1205,RPC,G,,,8,287,,,,B,4833,02,E,42,0,0,000000000,00000000000,0,0,0,1,0,0,0,0,0,0,0,998,0,0,0,12,4,3,12,0,0,0,1,48,77008,6,1,0,0,3,0,999,999,0,0,0,1,0,6,2012,6,2012,0,39,0,0,0,3,2,35,1,1,1,1,3,3,1,17,1,1,1,88,0,0
48,482387,2,3,1,26,10,17,22,12,6,1,0,48,1,20,471,20471,30,1998,1GCCS1446W81,1,G,C,C,S,1,4,4,6,W,8,1,0,T,CHEV,S14,PK,98,17,,1,1179,1083,S,G,,,4,133,,,,B,3003,00,,42,0,0,000000000,00000000000,0,0,0,1,0,0,0,0,0,0,0,998,0,0,0,9,6,2,12,0,0,0,1,48,77088,6,1,6,0,3,0,999,999,0,0,0,0,0,0,0,0,0,0,0,0,0,0,3,2,35,1,1,1,1,3,3,1,66,1,1,1,89,1,0
48,482387,3,3,1,26,10,17,22,12,6,1,0,48,1,20,481,20481,31,2002,1GCEC14W22Z1,1,G,C,E,C,1,4,W,2,2,Z,1,0,T,CHEV,SC1,PK,2,17,,2,1330,1190,SIL,G,,,6,262,,,,B,4073,01,,42,0,0,000000000,00000000000,0,0,0,1,0,0,0,0,0,0,0,998,0,0,0,62,2,8,12,0,0,0,1,48,77091,6,1,0,0,3,0,999,999,0,0,0,0,0,0,0,0,0,0,0,0,0,0,3,2,35,1,1,1,1,3,3,1,17,1,1,1,98,0,0
48,482388,1,1,1,26,10,23,45,42,0,1,0,48,2,24,401,24401,14,2003,5GZCZ23D63S8,5,G,Z,C,Z,2,3,D,6,3,S,8,0,P,STRN,VUE,UT,3,17,3172,,0,1066,,G,,F,4,138,,,16R215,,,,,,0,0,000000000,00000000000,0,0,0,1,0,0,0,0,0,0,0,998,0,0,0,61,4,3,42,0,0,0,1,48,77345,6,2,0,0,3,1,999,999,0,0,0,0,0,0,0,0,0,0,28,0,0,0,3,2,45,1,1,1,1,0,0,1,12,1,1,5,6,1,0
48,482389,1,1,4,26,10,22,39,1,0,1,0,48,2,7,482,7482,31,2008,3D7KS28A98G1,3,D,7,K,S,2,8,A,9,8,G,1,0,T,DODG,SQ2,CW,8,17,,2,1605,1405,RPC,D,,,6,408,,,,C,6034,00,E,44,0,0,000000000,00000000000,0,0,0,1,0,0,0,0,0,0,0,998,0,1,5,0,4,3,1,0,0,0,1,48,77354,6,1,0,0,3,0,999,999,0,0,0,0,0,0,0,0,0,1,91,58,0,0,1,2,50,3,1,8,1,28,8,14,13,6,2,4,7,2,1
48,482390,1,2,1,26,10,18,29,12,6,1,0,48,1,20,421,20421,15,2005,1GNEK13TX5R2,1,G,N,E,K,1,3,T,X,5,R,2,0,P,CHEV,KTA,UT,5,17,5192,,0,1160,,G,,F,8,325,,,16R265,,,,,,0,0,000000000,00000000000,0,0,0,1,0,0,0,0,0,0,0,998,0,0,0,9,4,3,12,0,0,0,1,48,78413,6,1,0,0,3,0,999,999,1,1,0,3,2,11,2009,11,2011,0,42,48,0,0,1,2,60,1,1,8,2,0,0,12,98,1,1,1,98,0,0
48,482390,2,2,1,26,10,18,29,12,6,1,0,48,1,67,32,67032,3,2013,JTKJF5C79D30,J,T,K,J,F,5,C,7,9,D,3,0,0,P,TOYT,SXC,2H,13,17,3060,,0,1063,,G,,F,4,152,,,18R225,,,,,,0,0,000000000,00000000000,0,0,0,1,0,0,0,0,0,0,0,998,0,0,0,12,4,3,12,0,0,0,1,48,78332,6,1,0,0,3,0,999,999,1,1,0,4,1,4,2010,12,2011,0,0,0,0,0,1,2,60,1,1,8,2,0,0,1,61,1,1,1,98,1,0
48,482391,1,1,1,26,10,6,37,42,0,1,0,48,1,49,32,49032,4,1999,1NXBR12E4XZ2,1,N,X,B,R,1,2,E,4,X,Z,2,0,P,TOYT,UVL,4D,99,17,2414,,0,970,,G,,F,4,109,,,14R175,,,,,,0,0,000000000,00000000000,0,0,0,1,0,0,0,0,0,0,0,998,0,0,0,12,4,3,42,0,0,0,1,48,76063,6,1,0,0,3,0,65,175,0,0,0,0,0,0,0,0,0,0,0,0,0,0,1,2,35,1,1,8,1,0,0,1,13,1,1,4,1,1,0
48,482392,1,2,1,27,10,6,44,12,1,1,0,48,2,49,53,49053,5,2009,4T3ZK11A29U0,4,T,3,Z,K,1,1,A,2,9,U,0,0,P,TOYT,VEN,UT,9,17,3870,,0,1093,,G,,F,6,214,,,20R245,,,,,,0,0,000000000,00000000000,0,0,0,1,0,0,0,0,0,0,0,998,0,0,0,12,4,3,12,0,0,0,1,48,75150,6,1,0,0,3,0,999,999,0,0,0,0,0,0,0,0,0,1,0,0,0,0,3,5,60,1,1,8,1,0,0,1,10,1,1,2,32,0,0
48,482392,2,2,1,27,10,6,44,12,1,1,0,48,1,49,40,49040,4,2000,JT2BG22K3Y04,J,T,2,B,G,2,2,K,3,Y,0,4,0,P,TOYT,CXL,4D,0,17,3120,,0,1051,,G,,F,4,132,,,14R195,,,,,,0,0,000000000,00000000000,0,0,0,1,0,0,0,0,0,0,0,0,0,0,0,6,6,2,12,0,0,0,1,48,75254,0,0,0,0,0,0,62,144,0,0,0,0,0,0,0,0,0,0,54,0,0,0,3,5,60,1,1,8,1,0,0,7,98,1,1,1,32,1,0
48,482393,1,2,1,27,10,5,13,12,2,1,0,48,2,23,422,23422,15,2007,1GKFC13027R1,1,G,K,F,C,1,3,0,2,7,R,1,0,T,GMC,YUK,4W,7,17,,2,0,1160,YUK,F,,,8,323,,,,B,5443,00,4,42,0,0,000000000,00000000000,0,0,0,1,0,0,0,0,0,0,0,998,0,1,5,12,6,2,12,0,0,1,1,48,78852,6,1,0,0,3,0,999,999,0,0,0,0,0,0,0,0,0,0,28,0,0,0,1,2,75,1,1,8,1,0,0,1,10,1,1,2,50,1,0
48,482393,2,2,3,27,10,5,13,12,2,1,0,48,2,49,32,49032,4,2012,2T1BU4EE4CC8,2,T,1,B,U,4,E,E,4,C,C,8,0,P,TOYT,CBS,4D,12,17,2734,,0,1024,,G,,F,4,110,,,15R195,,,,,,0,0,000000000,00000000000,0,0,0,1,0,0,0,0,0,0,0,998,0,0,0,12,6,2,12,0,0,0,1,48,78852,6,1,0,0,3,3,999,999,0,0,0,0,0,0,0,0,0,0,0,0,0,0,1,2,75,1,1,8,1,0,0,1,62,1,1,1,51,3,0
48,482394,1,1,1,27,10,0,6,1,0,1,0,48,1,73,706,73706,80,2012,JKAZX4R14CA0,J,K,A,Z,X,4,R,1,4,C,A,0,0,M,KAWK,ZXR,RC,12,17,,,,,,,599,,4,,4,421,,,,,,,0,0,000000000,00000000000,0,0,0,1,0,0,0,0,0,0,0,998,0,0,0,0,8,2,1,0,0,0,1,48,78572,6,1,0,0,3,3,999,999,1,0,0,0,0,11,2009,11,2009,1,0,0,0,0,4,2,30,1,1,8,1,0,0,1,98,1,1,1,98,1,0
48,482395,1,2,1,27,10,19,23,25,0,1,0,48,1,41,51,41051,4,2006,JM1BK32F8614,J,M,1,B,K,3,2,F,8,6,1,4,0,P,MAZD,M3I,4D,6,17,2696,,0,1039,,G,,F,4,122,,,16R195,,,,,,0,0,000000000,00000000000,0,0,0,1,0,0,0,0,0,0,0,998,0,1,1,98,6,2,25,0,0,0,1,48,77619,6,1,0,0,3,0,999,999,0,0,0,0,0,0,0,0,0,0,85,58,0,0,3,3,65,2,1,8,1,0,0,17,61,8,2,4,8,1,0
48,482395,2,2,1,27,10,19,23,25,0,1,0,48,1,12,481,12481,31,1996,1FTEX15N8TKA,1,F,T,E,X,1,5,N,8,T,K,A,0,T,FORD,F15,PC,96,17,,2,1550,1390,COF,G,,,8,302,,,,B,4196,00,M,42,0,0,000000000,00000000000,0,0,0,1,0,0,0,0,0,0,0,998,0,0,0,12,4,3,12,0,0,0,1,48,77662,6,1,0,0,3,0,999,999,1,0,0,0,0,8,2010,8,2010,0,0,0,0,0,3,3,65,2,1,8,1,0,0,15,50,1,1,2,98,0,0
48,482396,1,1,1,27,10,8,25,45,0,1,0,48,1,37,32,37032,4,2010,1HGCP2F43AA1,1,H,G,C,P,2,F,4,3,A,A,1,0,P,HOND,LXP,4D,10,17,3278,,0,1102,,G,,F,4,146,,,16R215,,,,,,0,0,000000000,00000000000,0,0,0,1,0,0,0,0,0,0,0,998,0,0,0,12,4,3,8,0,0,0,1,48,77318,6,1,0,0,3,3,999,999,1,0,0,1,1,11,2011,9,2012,0,0,0,0,0,6,1,45,1,1,1,1,40,3,16,50,3,2,4,14,0,0
48,482397,1,1,2,28,10,0,11,33,0,1,0,48,1,72,706,72706,80,2008,1HD1KB4198Y7,1,H,D,1,K,B,4,1,9,8,Y,7,0,M,HD,FHX,RS,8,17,,,,,,,1584,,2,,4,786,,,,,,,0,0,000000000,00000000000,0,0,0,1,0,0,0,0,0,0,0,21,0,0,0,12,6,2,33,0,0,0,1,48,77469,6,1,0,0,3,0,999,999,1,0,0,0,0,12,2010,12,2010,1,0,0,0,0,4,2,55,2,1,8,1,0,0,14,13,3,2,4,1,1,1
48,482398,1,2,1,28,10,2,2,12,6,1,0,48,1,20,481,20481,31,2008,1GCEC19038Z2,1,G,C,E,C,1,9,0,3,8,Z,2,0,T,CHEV,SC1,4C,8,17,,2,1575,1339,SIL,F,,,8,323,,,,B,4870,03,,42,0,0,000000000,00000000000,0,0,0,1,0,0,0,0,0,0,0,998,0,0,0,12,4,3,12,0,0,0,1,48,77040,6,1,0,0,3,0,999,999,0,0,0,0,0,0,0,0,0,0,39,91,0,0,2,2,50,1,1,8,1,3,3,1,17,1,1,1,88,0,1
48,482398,2,2,2,28,10,2,2,12,6,1,0,48,2,53,34,53034,4,2008,KL5JD56Z08K8,K,L,5,J,D,5,6,Z,0,8,K,8,0,P,SUZI,FCP,4D,8,17,2756,,0,1024,,G,,F,4,122,,,15R195,,,,,,0,0,000000000,00000000000,0,0,0,1,0,0,0,0,0,0,0,998,0,0,0,9,4,3,12,0,0,0,1,48,77088,0,0,0,0,0,0,999,999,0,0,0,0,0,0,0,0,0,0,0,0,0,0,5,4,98,1,8,8,1,3,3,4,66,1,1,1,89,2,0
48,482399,1,1,1,28,10,0,45,38,0,1,1,48,2,20,9,20009,2,2011,2G1FC1ED4B91,2,G,1,F,C,1,E,D,4,B,9,1,0,P,CHEV,CLT,CP,11,17,3750,,0,1123,,G,,F,6,220,,,19R245,,,,,,0,0,000000000,00000000000,0,0,0,1,0,0,0,0,0,0,0,998,0,0,0,12,4,3,8,0,0,0,1,48,77449,1,1,0,0,2,0,999,999,1,19,0,0,0,10,2010,7,2012,0,38,91,0,0,1,2,35,1,1,8,1,20,3,1,14,1,1,4,14,0,1
48,482400,1,2,1,28,10,23,46,12,2,1,0,48,1,30,40,30040,4,2011,3VWLX7AJXBM3,3,V,W,L,X,7,A,J,X,B,M,3,0,P,VOLK,JSL,4D,11,17,3082,,0,0,,G,,F,5,151,,,000000,,,,,,0,0,000000000,00000000000,0,0,0,1,0,0,0,0,0,0,0,998,0,0,0,12,6,2,12,0,0,0,1,48,78114,6,1,0,0,3,0,999,999,0,0,0,0,0,0,0,0,0,0,51,0,0,0,1,2,70,1,1,8,1,0,0,1,10,1,1,1,50,0,0
48,482400,2,2,1,28,10,23,46,12,2,1,0,22,2,20,431,20431,16,1999,1GNEC16R4XJ4,1,G,N,E,C,1,6,R,4,X,J,4,0,P,CHEV,C15,UT,99,17,4825,,0,1315,,G,,F,8,350,,,15R235,,,,,,0,0,000000000,00000000000,0,0,0,1,0,0,0,0,0,0,0,998,0,0,0,12,6,2,12,0,0,0,1,22,70006,6,1,0,0,3,0,71,250,0,1,0,0,1,5,2012,9,2012,0,0,0,0,0,1,2,70,1,1,8,1,0,0,1,62,7,1,1,51,1,0
48,482401,1,1,1,28,10,0,9,33,0,1,0,48,2,35,401,35401,14,1993,JN8HD17Y7PW1,J,N,8,H,D,1,7,Y,7,P,W,1,0,P,NISS,PFI,UT,93,17,3912,,0,1043,,G,,F,6,181,,,000000,,,,,,0,0,000000000,00000000000,0,0,0,1,0,0,0,0,0,0,0,998,0,1,3,99,6,2,1,0,0,0,1,48,79108,6,1,0,0,3,0,999,999,0,0,0,0,1,10,2010,10,2010,1,58,0,0,0,3,2,60,1,3,8,1,0,0,10,13,6,1,4,1,1,1
48,482402,1,1,2,28,10,2,40,8,0,1,0,48,2,59,34,59034,4,1999,JT8BH68XXX00,J,T,8,B,H,6,8,X,X,X,0,0,0,P,LEXS,GS4,4D,99,17,3693,,0,1102,,G,,F,8,242,,,16R225,,,,,,0,0,000000000,00000000000,0,0,0,1,0,0,0,0,0,0,0,998,0,0,0,12,4,3,8,0,0,0,1,48,76123,6,1,0,0,3,3,999,999,0,0,0,0,0,0,0,0,0,1,91,0,0,0,3,5,60,1,1,8,1,0,0,1,80,1,1,1,13,0,1
48,482403,1,1,1,28,10,3,10,33,0,1,0,48,1,12,3,12003,2,2002,1FAFP42X42F2,1,F,A,F,P,4,2,X,4,2,F,2,0,P,FORD,MGT,CP,2,17,3241,,0,1013,,G,,F,8,281,,,17R245,,,,,,0,0,000000000,00000000000,0,0,0,1,0,0,0,0,0,0,0,998,0,0,0,99,6,2,42,0,0,0,1,48,76135,6,1,0,0,3,0,999,999,1,0,0,2,0,2,2010,12,2011,1,0,0,0,0,2,2,35,3,1,8,1,0,0,14,12,7,1,4,6,1,1
48,482404,1,1,1,28,10,2,7,8,0,1,1,99,9,99,999,99999,99,9999,999999999999,9,9,9,9,9,9,9,9,9,9,9,9,0,,,,,,,,,,,,,,,,,,,,,,,,,0,0,000000000,00000000000,0,0,0,1,0,0,0,0,0,0,0,998,0,0,0,99,9,1,8,0,0,0,1,99,99999,9,9,99,9,9,9,999,999,99,99,99,99,99,99,9999,99,9999,0,0,0,0,0,1,4,35,1,1,8,1,0,0,1,80,1,1,1,13,0,0
48,482405,1,4,1,29,10,21,24,12,6,1,0,48,1,12,481,12481,31,2007,1FTPW12V57KB,1,F,T,P,W,1,2,V,5,7,K,B,0,T,FORD,F1S,CW,7,17,,2,0,1390,COF,F,,,8,329,,,,B,5176,01,E,42,0,0,000000000,00000000000,0,0,0,1,0,0,0,0,0,0,0,998,0,0,0,12,4,3,12,0,0,0,1,48,75061,0,0,0,0,0,0,999,999,0,0,0,0,0,0,0,0,0,1,39,0,0,0,2,3,40,1,1,8,1,3,3,1,17,1,1,1,88,0,1
48,482405,2,4,3,29,10,21,24,12,6,1,0,48,0,12,17,12017,4,1999,1FAFP53UXXA2,1,F,A,F,P,5,3,U,X,X,A,2,0,P,FORD,TSE,4D,99,17,3353,,0,1085,,G,,F,6,182,,,15R205,,,,,,0,0,000000000,00000000000,0,0,0,1,0,0,0,0,0,0,0,998,0,0,0,9,6,2,12,0,0,0,1,48,75216,1,1,0,0,2,0,68,190,0,26,0,0,1,1,2010,4,2012,0,0,0,0,0,2,3,99,1,1,8,1,3,3,1,66,1,1,1,89,2,0