STATE,ST_CASE,VEH_NO,VE_FORMS,NUMOCCS,DAY,MONTH,HOUR,MINUTE,HARM_EV,MAN_COLL,UNITTYPE,HIT_RUN,REG_STAT,OWNER,MAKE,MODEL,MAK_MOD,BODY_TYP,MOD_YEAR,VIN,VIN_1,VIN_2,VIN_3,VIN_4,VIN_5,VIN_6,VIN_7,VIN_8,VIN_9,VIN_10,VIN_11,VIN_12,TOW_VEH,VINTYPE,VINMAKE,VINA_MOD,VIN_BT,VINMODYR,VIN_LNGT,VIN_WGT,WGTCD_TR,WHLBS_LG,WHLBS_SH,SER_TR,FUELCODE,MCYCL_DS,CARBUR,CYLINDER,DISPLACE,MCYCL_CY,MCYCL_WT,TIRE_SZE,TON_RAT,TRK_WT,TRKWTVAR,VIN_REST,WHLDRWHL,J_KNIFE,MCARR_I1,MCARR_I2,MCARR_ID,GVWR,V_CONFIG,CARGO_BT,HAZ_INV,HAZ_PLAC,HAZ_ID,HAZ_CNO,HAZ_REL,BUS_USE,SPEC_USE,EMER_USE,TRAV_SP,UNDERIDE,ROLLOVER,ROLINLOC,IMPACT1,DEFORMED,TOWED,M_HARM,VEH_SC1,VEH_SC2,FIRE_EXP,DR_PRES,L_STATE,DR_ZIP,L_STATUS,L_TYPE,CDL_STAT,L_ENDORS,L_COMPL,L_RESTRI,DR_HGT,DR_WGT,PREV_ACC,PREV_SUS,PREV_DWI,PREV_SPD,PREV_OTH,FIRST_MO,FIRST_YR,LAST_MO,LAST_YR,SPEEDREL,DR_SF1,DR_SF2,DR_SF3,DR_SF4,VTRAFWAY,VNUM_LAN,VSPD_LIM,VALIGN,VPROFILE,VPAVETYP,VSURCOND,VTRAFCON,VTCONT_F,P_CRASH1,P_CRASH2,P_CRASH3,PCRASH4,PCRASH5,ACC_TYPE,DEATHS,DR_DRINK
48,482466,2,2,1,28,10,3,40,12,2,1,0,48,2,23,481,23481,31,2006,1GTHK23U46F2,1,G,T,H,K,2,3,U,4,6,F,2,0,T,GMC,2KH,CW,6,17,,2,1670,1530,SIE,G,,,8,366,,,,C,5907,01,E,44,0,0,000000000,00000000000,0,0,0,1,0,0,0,0,0,0,0,998,0,0,0,12,6,2,12,0,0,0,1,48,76951,6,1,0,0,3,3,999,999,0,1,0,2,0,5,2012,10,2012,0,51,0,0,0,1,2,70,1,1,8,1,0,0,1,10,1,1,2,50,1,0
48,482467,1,1,1,28,10,2,28,38,0,1,0,48,2,22,20,22020,4,2000,1G2WP52K4YF2,1,G,2,W,P,5,2,K,4,Y,F,2,0,P,PONT,GPG,4D,0,17,3455,,0,1105,,G,,F,6,231,,,16R225,,,,,,0,0,000000000,00000000000,0,0,0,1,0,0,0,0,0,0,0,998,0,1,5,8,6,2,38,0,0,0,1,48,76023,6,1,0,0,3,0,999,999,0,0,0,0,0,0,0,0,0,1,0,0,0,0,1,2,55,3,1,8,1,0,0,14,12,7,3,4,2,1,1
48,482468,1,1,1,29,10,17,28,8,0,1,0,48,1,12,481,12481,31,2001,1FTNW20F81EC,1,F,T,N,W,2,0,F,8,1,E,C,0,T,FORD,F2S,CW,1,17,,2,1724,1562,SRW,D,,,8,444,,,,C,5487,07,E,42,0,0,000000000,00000000000,0,0,0,1,0,0,0,0,0,0,0,998,0,0,0,12,2,1,8,0,0,0,1,48,75474,6,1,0,0,3,2,999,999,0,0,0,0,0,0,0,0,0,0,74,0,0,0,1,2,55,1,1,8,1,0,0,1,80,1,1,1,13,0,0
48,482469,1,1,1,30,10,5,39,38,0,1,0,48,2,37,31,37031,4,2010,2HGFA1F50AH5,2,H,G,F,A,1,F,5,0,A,H,5,0,P,HOND,UCL,4D,10,17,2754,,0,1063,,G,,F,4,110,,,16R205,,,,,,0,0,000000000,00000000000,0,0,0,1,0,0,0,0,0,0,0,998,0,1,5,99,4,3,1,0,0,0,1,48,78754,6,1,0,0,3,0,999,999,0,0,0,0,0,0,0,0,0,0,0,0,0,0,2,2,65,1,1,8,1,0,0,1,13,1,1,4,1,1,0
48,482470,1,3,1,30,10,16,3,12,8,1,0,18,3,51,881,51881,66,2003,4V4N19UF13N3,4,V,4,N,1,9,U,F,1,3,N,3,1,T,VOLV,VNL,TR,3,17,,7,0,0,VVN,D,,,6,661,,,,,00000,00,,42,1,57,239039,57239039,3,6,1,1,0,0,0,0,0,0,0,998,0,0,0,8,4,1,12,0,0,0,1,48,77845,6,1,6,0,3,0,999,999,0,0,0,0,0,0,0,0,0,0,0,0,0,0,1,2,70,1,2,8,1,0,0,1,62,1,1,1,65,0,0
48,482470,2,3,3,30,10,16,3,12,8,1,0,48,2,20,2,20002,4,2000,2G1WF55K7Y93,2,G,1,W,F,5,5,K,7,Y,9,3,0,P,CHEV,IMP,4D,0,17,3389,,0,1110,,G,,F,6,231,,,16R225,,,,,,0,0,000000000,00000000000,0,0,0,1,0,0,0,0,0,0,0,998,0,0,0,12,4,3,12,0,0,0,1,48,77340,6,2,0,0,3,1,999,999,0,0,0,0,0,0,0,0,0,0,0,0,0,0,1,2,70,1,2,8,1,0,0,1,62,1,1,1,98,0,0
48,482470,3,3,1,30,10,16,3,12,8,1,0,22,3,20,37,20037,4,2012,1G1ZA5EUXCF3,1,G,1,Z,A,5,E,U,X,C,F,3,0,P,CHEV,M/L,4D,12,17,3415,,0,1123,,F,,F,4,146,,,17R215,,,,,,0,0,000000000,00000000000,0,0,0,1,0,0,0,0,0,0,0,998,0,0,0,11,6,2,12,0,0,0,1,31,69145,6,1,0,0,3,0,68,150,0,0,0,0,0,0,0,0,0,0,51,89,0,0,1,2,70,1,2,8,1,0,0,1,10,1,1,2,64,1,0
48,482471,1,1,1,31,10,21,13,8,0,1,0,48,2,7,472,7472,30,2001,1B7GG2AN81S2,1,B,7,G,G,2,A,N,8,1,S,2,0,T,DODG,QAD,CW,1,17,,1,0,1309,DAK,G,,,8,287,,,,B,4296,00,U,44,0,0,000000000,00000000000,0,0,0,1,0,0,0,0,0,0,0,998,0,0,0,12,2,1,8,0,0,0,1,48,78602,6,1,0,0,3,0,999,999,0,4,0,0,0,5,2010,11,2011,0,0,0,0,0,1,2,60,1,3,8,1,0,0,1,80,1,1,1,13,0,0
48,482472,1,1,5,26,10,15,2,1,0,1,0,48,2,14,401,14401,14,1998,4M2ZU55P2WUJ,4,M,2,Z,U,5,5,P,2,W,U,J,0,P,MERC,MOU,UT,98,17,4374,,0,1120,,G,,F,8,302,,,15R235,,,,,,0,0,000000000,00000000000,0,0,0,1,0,0,0,0,0,0,0,86,0,2,1,0,6,2,1,0,0,0,1,48,77021,1,1,0,0,2,0,999,999,1,24,0,0,4,2,2010,9,2012,0,91,58,0,0,2,2,75,1,1,8,1,0,0,1,12,7,1,6,98,2,0
48,482473,1,3,4,1,11,6,58,12,2,1,0,48,0,20,481,20481,31,2007,1GCGC13UX7F1,1,G,C,G,C,1,3,U,X,7,F,1,0,T,CHEV,1CH,CW,7,17,,2,0,1530,SIL,G,,,8,366,,,,B,5471,00,,42,0,0,000000000,00000000000,0,0,0,1,0,0,0,0,0,0,0,998,0,0,0,12,6,2,12,0,0,0,1,48,77355,6,1,0,0,3,0,999,999,0,0,0,0,0,0,0,0,0,0,35,0,0,0,1,2,70,1,1,8,1,0,0,6,54,1,1,1,52,2,0
48,482473,2,3,1,1,11,6,58,12,2,1,0,48,3,12,880,12880,67,2009,1FTWW31R59EA,1,F,T,W,W,3,1,R,5,9,E,A,0,T,FORD,F3S,CW,9,17,,3,1720,1560,SRW,D,,,8,390,,,,D,6593,02,E,44,0,88,888888888,88888888888,2,1,96,1,0,0,0,0,0,0,0,998,0,0,0,12,6,2,12,0,0,0,1,48,78332,6,1,0,0,3,0,999,999,0,0,0,0,0,0,0,0,0,0,0,0,0,0,1,2,70,1,1,8,1,0,0,1,62,1,1,1,52,0,0
48,482473,3,3,1,1,11,6,58,12,2,1,0,48,1,20,37,20037,4,2011,1G1ZC5EU7BF1,1,G,1,Z,C,5,E,U,7,B,F,1,0,P,CHEV,ML1,4D,11,17,3436,,0,1123,,F,,F,4,146,,,17R215,,,,,,0,0,000000000,00000000000,0,0,0,1,0,0,0,0,0,0,0,998,0,0,0,12,4,3,12,0,0,0,1,48,78072,6,1,0,0,3,3,999,999,0,0,0,0,0,0,0,0,0,0,0,0,0,0,1,2,70,1,1,8,1,0,0,1,62,1,1,1,98,0,0
48,482474,1,2,1,1,11,13,24,12,6,1,0,48,2,12,481,12481,31,1994,1FTEX14N8RKA,1,F,T,E,X,1,4,N,8,R,K,A,0,T,FORD,F15,PC,94,17,,2,1550,1390,COF,G,,,8,302,,,,B,00000,00,M,44,0,0,000000000,00000000000,0,0,0,1,0,0,0,0,0,0,0,998,0,0,0,12,2,1,12,0,0,0,1,48,77515,6,7,0,0,3,1,999,999,0,0,0,0,0,0,0,0,0,0,38,0,0,0,1,2,60,1,1,8,1,0,0,11,15,1,1,1,68,0,0
48,482474,2,2,1,1,11,13,24,12,6,1,0,48,2,72,706,72706,80,2007,1HD1BW5197Y0,1,H,D,1,B,W,5,1,9,7,Y,0,0,M,HD,STC,RS,7,17,,,,,,,1584,,2,,4,725,,,,,,,0,0,000000000,00000000000,0,0,0,1,0,0,0,0,0,0,0,998,0,0,0,61,8,2,12,0,0,0,1,48,77583,6,1,0,0,3,3,999,999,0,0,0,0,0,0,0,0,0,0,0,0,0,0,1,2,60,1,1,8,1,0,0,1,62,7,1,1,69,1,0
48,482475,1,2,1,1,11,17,53,12,6,1,0,93,3,87,881,87881,66,2007,1XP7DB9X27D6,1,X,P,7,D,B,9,X,2,7,D,6,1,T,PTRB,387,TR,7,17,,8,0,0,CON,D,,,6,893,,,,,00000,00,,64,1,57,2194999,572194999,3,6,2,1,0,0,0,0,0,0,0,998,0,0,0,10,6,2,12,0,0,0,1,17,60478,6,1,6,1,3,0,74,230,0,0,0,0,3,4,2011,5,2012,0,0,0,0,0,5,4,70,1,2,8,1,0,0,1,62,9,1,2,65,0,0
48,482475,2,2,2,1,11,17,53,12,6,1,0,48,2,20,2,20002,4,2006,2G1WD58C3691,2,G,1,W,D,5,8,C,3,6,9,1,0,P,CHEV,ISS,4D,6,17,3607,,0,1105,,G,,F,8,323,,,18R235,,,,,,0,0,000000000,00000000000,0,0,0,1,0,0,0,0,0,0,0,998,0,0,0,12,6,2,12,0,0,0,1,48,75551,6,1,0,0,3,0,66,296,0,0,0,0,0,0,0,0,0,0,51,0,0,0,5,4,70,1,1,8,1,0,0,1,10,1,1,2,64,1,0
48,482476,1,2,1,1,11,22,21,12,6,1,1,48,2,12,401,12401,14,2004,1FMZU63W64ZA,1,F,M,Z,U,6,3,W,6,4,Z,A,0,P,FORD,EPR,UT,4,17,4094,,0,1137,,G,,F,8,281,,,16R235,,,,,,0,0,000000000,00000000000,0,0,0,1,0,0,0,0,0,0,0,73,0,0,0,12,4,3,12,0,0,0,1,48,77081,0,0,0,0,0,0,999,999,0,0,0,0,0,0,0,0,0,1,0,0,0,0,2,3,45,1,1,8,1,0,0,1,66,1,1,1,86,0,0
48,482476,2,2,3,1,11,22,21,12,6,1,0,48,2,20,16,20016,4,2004,1G1JC52F6473,1,G,1,J,C,5,2,F,6,4,7,3,0,P,CHEV,CAV,4D,4,17,2676,,0,1041,,G,,F,4,134,,,14R195,,,,,,0,0,000000000,00000000000,0,0,0,1,0,0,0,0,0,0,0,998,0,0,0,3,4,3,12,0,0,0,1,48,77070,6,1,0,0,3,0,999,999,0,3,0,1,0,11,2010,1,2012,0,38,39,0,0,1,2,98,8,8,8,98,20,3,1,17,1,1,1,87,1,0
48,482477,1,1,1,1,11,3,10,46,0,1,0,48,0,21,21,21021,4,2002,1G3NL52F52C2,1,G,3,N,L,5,2,F,5,2,C,2,0,P,OLDS,A/G,4D,2,17,3016,,0,1070,,G,,F,4,134,,,15R215,,,,,,0,0,000000000,00000000000,0,0,0,1,0,0,0,0,0,0,0,998,0,1,5,12,6,2,46,0,0,0,1,48,78666,6,1,0,0,3,3,999,999,0,0,0,1,0,8,2010,8,2010,1,0,0,0,0,1,4,45,1,1,8,1,0,0,1,13,1,1,4,1,1,1
48,482478,1,2,1,1,11,15,40,12,2,1,0,48,2,12,481,12481,31,1990,1FTEX15H2LKA,1,F,T,E,X,1,5,H,2,L,K,A,0,T,FORD,F15,PC,90,17,,2,1550,1390,COF,G,,,8,351,,,,B,3892,02,A,42,0,0,000000000,00000000000,0,0,0,1,0,0,0,0,0,0,0,998,0,0,0,12,6,2,12,0,0,0,1,48,75701,6,1,0,0,3,0,999,999,0,0,0,1,0,8,2010,8,2010,0,51,0,0,0,5,2,60,1,2,8,1,0,0,1,10,1,1,2,50,1,0
48,482478,2,2,1,1,11,15,40,12,2,1,0,48,1,12,481,12481,31,2000,3FTNX20F9YMA,3,F,T,N,X,2,0,F,9,Y,M,A,0,T,FORD,F2S,4C,0,17,,2,1580,1418,SRW,D,,,8,444,,,,C,5189,07,E,42,0,0,000000000,00000000000,0,0,0,1,0,0,0,0,0,0,0,998,0,0,0,12,6,2,12,0,0,0,1,48,75662,6,1,0,0,3,0,999,999,2,0,0,0,0,8,2010,8,2011,0,0,0,0,0,5,2,60,1,2,8,1,0,0,1,62,9,1,1,51,0,0
48,482479,1,2,1,1,11,6,21,12,2,1,0,48,1,20,481,20481,31,1996,1GCEK19R4TE1,1,G,C,E,K,1,9,R,4,T,E,1,0,T,CHEV,GK1,PC,96,17,,2,1555,1415,GM4,G,,,8,350,,,,B,4495,08,,44,0,0,000000000,00000000000,0,0,0,1,0,0,0,0,0,0,0,998,0,0,0,12,6,2,12,0,0,0,1,48,76821,6,1,0,0,3,0,999,999,0,0,0,1,0,1,2012,1,2012,0,91,51,0,0,1,2,70,2,1,8,1,0,0,14,10,1,1,2,50,0,0
48,482479,2,2,1,1,11,6,21,12,2,1,0,48,1,12,481,12481,31,2001,1FTZF172X1NA,1,F,T,Z,F,1,7,2,X,1,N,A,0,T,FORD,F15,PK,1,17,,1,1385,1199,COF,G,,,6,256,,,,B,3923,04,U,42,0,0,000000000,00000000000,0,0,0,1,0,0,0,0,0,0,0,998,0,0,0,12,6,2,12,0,0,0,1,48,76950,6,1,0,0,3,0,999,999,0,0,0,0,0,0,0,0,0,0,0,0,0,0,1,2,70,3,1,8,1,0,0,14,62,1,1,1,51,1,0
48,482480,1,1,1,1,11,2,17,25,0,1,0,48,0,49,442,49442,20,2000,4T3ZF13C2YU2,4,T,3,Z,F,1,3,C,2,Y,U,2,0,P,TOYT,SIE,SV,0,17,3890,,0,1142,,G,,F,6,183,,,15R205,,,,,,0,0,000000000,00000000000,0,0,0,1,0,0,0,0,0,0,0,998,0,1,5,62,4,3,25,0,0,1,1,48,78759,6,1,0,0,3,3,999,999,0,0,0,0,0,0,0,0,0,1,0,0,0,0,3,4,98,3,2,8,1,0,0,1,12,1,1,4,6,1,1
48,482481,1,2,2,2,11,20,26,12,6,1,0,48,1,20,23,20023,6,2006,3GNDA23D26S6,3,G,N,D,A,2,3,D,2,6,S,6,0,P,CHEV,HHR,SV,6,17,3155,,0,1035,,G,,F,4,134,,,16R215,,,,,,0,0,000000000,00000000000,0,0,0,1,0,0,0,0,0,0,0,998,0,0,0,12,6,2,12,0,0,0,1,48,78239,6,1,0,0,3,0,999,999,0,0,0,1,0,3,2010,3,2010,0,51,0,0,0,1,4,30,1,2,8,1,0,0,1,10,1,1,2,64,1,0
48,482481,2,2,3,2,11,20,26,12,6,1,0,48,3,98,981,98981,52,1999,1N9040050XA1,1,N,9,0,4,0,0,5,0,X,A,1,0,U,,,,99,17,,,,,,,,,,,,,,,,,,,0,88,888888888,88888888888,3,21,22,1,0,0,0,0,6,0,0,998,0,0,0,11,2,8,12,0,0,0,1,48,78214,6,1,6,1,3,0,999,999,0,0,0,0,0,0,0,0,0,0,0,0,0,0,1,4,30,1,2,8,1,0,0,1,62,1,1,1,65,0,0
48,482482,1,1,3,2,11,12,12,5,0,1,0,48,3,23,881,23881,63,2004,1GDP7F1314F5,1,G,D,P,7,F,1,3,1,4,F,5,0,T,GMC,F7B,TB,4,17,,8,2600,1280,TSR,D,,,6,475,,,,,00000,00,,42,0,88,888888888,88888888888,3,1,7,1,0,0,0,0,0,0,0,998,0,0,0,0,0,1,5,0,0,0,1,48,75442,6,1,6,0,3,3,999,999,0,0,0,0,0,0,0,0,0,0,0,0,0,0,1,2,30,3,2,8,1,0,0,13,98,1,1,1,0,1,0
48,482483,1,2,1,2,11,4,19,12,6,1,0,48,2,37,31,37031,2,1995,1HGEJ2124SL0,1,H,G,E,J,2,1,2,4,S,L,0,0,P,HOND,CID,CP,95,17,2168,,0,1032,,G,,F,4,091,,,13R175,,,,,,0,0,000000000,00000000000,0,0,0,1,0,0,0,0,0,0,0,998,0,0,0,11,6,2,12,0,0,0,1,48,77539,0,0,0,0,0,0,64,160,0,0,0,0,0,0,0,0,0,1,50,0,0,0,6,1,99,1,1,8,1,0,0,1,54,1,1,1,90,1,1
48,482483,2,2,1,2,11,4,19,12,6,1,0,28,3,82,881,82881,66,2011,1FUJGPDR5BDA,1,F,U,J,G,P,D,R,5,B,D,A,1,T,FRHT,122,TR,11,17,,8,0,0,CON,D,,,6,903,,,,,00000,00,,64,1,57,261392,57261392,3,6,3,1,0,0,0,0,0,0,0,998,0,0,0,1,4,3,12,0,0,0,1,28,39601,6,1,6,0,3,0,70,200,0,0,0,0,0,0,0,0,0,0,0,0,0,0,3,3,65,1,1,8,1,0,0,1,74,6,1,1,90,0,0
48,482484,1,2,1,2,11,19,0,12,6,1,0,48,1,37,32,37032,4,2001,1HGCG56471A1,1,H,G,C,G,5,6,4,7,1,A,1,0,P,HOND,ULX,4D,1,17,3031,,0,1069,,G,,F,4,138,,,15R195,,,,,,0,0,000000000,00000000000,0,0,0,1,0,0,0,0,0,0,0,998,0,0,0,1,4,3,12,0,0,0,1,48,77702,6,1,0,0,3,0,999,999,0,0,0,0,0,0,0,0,0,0,38,0,0,0,5,4,30,1,1,8,1,3,3,11,15,1,1,1,68,1,0
48,482484,2,2,1,2,11,19,0,12,6,1,0,48,1,9,442,9442,20,1994,1P4GH44R1RX3,1,P,4,G,H,4,4,R,1,R,X,3,0,T,PLYM,GVS,ES,94,17,,1,0,1193,VOF,G,,,6,201,,,,,3580,00,E,42,0,0,000000000,00000000000,0,0,0,1,0,0,0,0,0,0,0,998,0,0,0,11,4,3,12,0,0,0,1,48,77656,6,1,0,0,3,3,999,999,0,0,0,0,0,0,0,0,0,0,0,0,0,0,5,4,30,1,1,8,1,3,3,1,62,1,1,1,69,0,0
48,482485,1,1,3,2,11,20,17,8,0,1,0,48,1,52,34,52034,4,2004,4A3AB26F34E1,4,A,3,A,B,2,6,F,3,4,E,1,0,P,MITS,UGD,4D,4,17,3351,,0,1083,,G,,F,4,146,,,16R215,,,,,,0,0,000000000,00000000000,0,0,0,1,0,0,0,0,0,0,0,998,0,0,0,12,2,4,8,0,0,0,1,48,76119,1,1,0,0,2,0,999,999,0,1,0,2,1,10,2011,3,2012,0,0,0,0,0,2,3,40,1,1,8,1,0,0,1,80,1,1,1,13,0,0
48,482486,1,2,1,2,11,20,5,12,2,1,0,48,1,12,481,12481,31,2006,1FTRF122X6NA,1,F,T,R,F,1,2,2,X,6,N,A,0,T,FORD,F15,PK,6,17,,2,1450,1260,COF,G,,,6,256,,,,B,4615,02,E,42,0,0,000000000,00000000000,0,0,0,1,0,0,0,0,0,0,0,998,0,0,0,12,6,2,12,0,0,0,1,48,77301,6,1,6,0,3,0,70,237,0,0,0,0,0,0,0,0,0,0,28,0,0,0,1,2,65,2,1,8,1,0,0,14,10,1,1,2,50,1,1
48,482486,2,2,5,2,11,20,5,12,2,1,0,48,2,20,25,20025,4,2012,1G1PH5SC1C71,1,G,1,P,H,5,S,C,1,C,7,1,0,P,CHEV,CZZ,4D,12,17,3102,,0,1057,,G,,T,4,085,,,18R255,,,,,,0,0,000000000,00000000000,0,0,0,1,0,0,0,0,0,0,0,998,0,0,0,12,6,2,12,0,0,0,1,48,77435,4,1,0,0,2,0,63,251,0,1,0,0,0,9,2010,9,2010,0,0,0,0,0,1,2,65,3,1,8,1,0,0,14,62,1,1,1,51,1,0
48,482487,1,1,1,2,11,2,16,43,0,1,0,48,1,72,706,72706,80,2004,1HD1CGP124K4,1,H,D,1,C,G,P,1,2,4,K,4,0,M,HD,20C,RS,4,17,,,,,,,1200,,2,,4,554,,,,,,,0,0,000000000,00000000000,0,0,0,1,0,0,0,0,0,0,0,998,0,0,0,99,9,2,43,0,0,0,1,48,79106,6,1,0,0,3,0,999,999,2,3,0,5,1,2,2010,8,2010,1,0,0,0,0,1,4,35,3,1,8,1,0,0,14,6,1,9,4,2,1,0
48,482488,1,2,1,2,11,12,5,12,2,1,0,48,1,12,471,12471,30,2007,1FTYR10E57PA,1,F,T,Y,R,1,0,E,5,7,P,A,0,T,FORD,RNG,PK,7,17,,1,1180,1120,RNG,G,,,6,244,,,,B,3012,00,U,42,0,0,000000000,00000000000,0,0,0,1,0,0,0,0,0,0,0,998,0,0,0,12,4,3,12,0,0,0,1,48,76078,6,1,0,0,3,0,999,999,0,0,0,0,0,0,0,0,0,0,38,0,0,0,1,2,55,1,1,8,1,0,0,11,15,1,1,1,68,0,0
48,482488,2,2,1,2,11,12,5,12,2,1,0,48,1,37,709,37709,80,2008,1HFSC47H18A7,1,H,F,S,C,4,7,H,1,8,A,7,0,M,HOND,GL8,RS,8,17,,,,,,,1832,,6,,4,822,,,,,,,0,0,000000000,00000000000,0,0,0,1,0,0,0,0,0,0,0,998,0,0,0,12,9,2,12,32,0,0,1,48,76071,6,1,0,0,3,3,999,999,0,0,0,0,0,0,0,0,0,0,0,0,0,0,1,2,55,1,1,8,1,0,0,1,62,1,1,1,69,1,0
48,482489,1,1,1,3,11,17,37,33,0,1,0,48,1,52,37,52037,3,2002,4A3AC44G82E1,4,A,3,A,C,4,4,G,8,2,E,1,0,P,MITS,EGS,2H,2,17,2944,,0,1008,,G,,F,4,143,,,16R205,,,,,,0,0,000000000,00000000000,0,0,0,1,0,0,0,0,0,0,0,998,0,0,0,99,6,2,14,0,0,0,1,48,78245,6,1,0,0,3,0,999,999,0,0,0,0,0,0,0,0,0,1,0,0,0,0,1,2,35,3,1,8,1,0,0,14,10,7,1,4,1,1,0
48,482490,1,1,1,3,11,23,26,52,0,1,0,93,3,87,881,87881,66,2007,1XP5DB9X37D7,1,X,P,5,D,B,9,X,3,7,D,7,1,T,PTRB,379,TR,7,17,,8,0,0,CON,D,,,6,893,,,,,00000,00,,64,1,57,944902,57944902,3,6,2,1,0,0,0,0,0,0,0,998,0,1,3,12,6,2,52,0,0,1,1,48,76131,6,1,6,1,3,0,999,999,0,0,0,0,1,8,2010,8,2010,0,0,0,0,0,2,2,75,1,1,8,1,0,0,1,12,1,1,4,6,1,0
48,482491,1,2,2,3,11,19,34,12,6,1,0,48,3,20,481,20481,31,1997,1GCEK14W3VZ1,1,G,C,E,K,1,4,W,3,V,Z,1,0,T,CHEV,GK1,PK,97,17,,2,1315,1175,GM4,G,,,6,262,,,,B,00000,00,,44,0,0,000000000,00000000000,0,0,0,1,0,0,0,0,0,0,0,998,0,0,0,5,4,3,12,0,0,0,1,48,75686,0,0,0,0,0,0,999,999,0,0,0,0,0,0,0,0,0,0,0,0,0,0,1,2,55,1,2,8,1,0,0,11,15,1,1,1,68,0,0
48,482491,2,2,1,3,11,19,34,12,6,1,0,48,2,53,705,53705,80,1994,JS1GN76A8R21,J,S,1,G,N,7,6,A,8,R,2,1,0,M,SUZI,RF6,RC,94,17,,,,,,,599,,4,,4,429,,,,,,,0,0,000000000,00000000000,0,0,0,1,0,0,0,0,0,0,0,998,0,0,0,12,8,3,12,0,0,0,1,55,54006,6,1,0,0,3,0,71,190,0,0,0,0,0,0,0,0,0,0,0,0,0,0,1,2,55,1,2,8,1,0,0,1,62,1,1,1,69,1,0
48,482492,1,1,2,3,11,3,54,30,0,1,0,48,2,23,481,23481,31,2005,1GTEC19T85Z1,1,G,T,E,C,1,9,T,8,5,Z,1,0,T,GMC,NC1,4C,5,17,,2,1575,1435,SIE,G,,,8,325,,,,B,4617,03,4,42,0,0,000000000,00000000000,0,0,0,1,0,0,0,0,0,0,0,83,0,0,0,12,6,2,42,0,0,0,1,48,76266,6,1,0,0,3,0,999,999,0,0,0,0,1,1,2012,1,2012,1,91,0,0,0,1,2,40,1,1,8,1,0,0,1,12,1,1,4,6,1,1
48,482493,1,1,1,3,11,8,42,59,0,1,0,48,1,82,881,82881,66,2004,1FUJA6CK84LN,1,F,U,J,A,6,C,K,8,4,L,N,1,T,FRHT,COL,TR,4,17,,8,0,0,CON,D,,,6,858,,,,,00000,00,,64,1,57,1183746,571183746,3,6,1,1,0,0,0,0,0,0,0,998,0,0,0,12,6,2,42,0,0,0,1,48,75134,6,1,6,0,3,0,999,999,0,0,0,0,1,5,2010,5,2010,0,0,0,0,0,2,4,75,1,1,8,1,0,0,1,12,1,1,4,6,1,0
48,482494,1,1,1,3,11,0,49,14,0,1,0,48,1,12,401,12401,14,2002,1FMZU62E92ZB,1,F,M,Z,U,6,2,E,9,2,Z,B,0,P,FORD,EPR,UT,2,17,4094,,0,1137,,G,,F,6,245,,,16R235,,,,,,0,0,000000000,00000000000,0,0,0,1,0,0,0,0,0,0,0,998,0,0,0,12,4,3,14,0,0,0,1,48,77551,6,1,0,0,3,0,999,999,0,0,0,0,0,0,0,0,0,0,91,0,0,0,5,4,50,1,1,8,1,0,0,1,13,1,1,4,1,0,1
48,482495,1,1,1,3,11,2,55,33,0,1,0,48,1,37,32,37032,2,2001,1HGCG22511A0,1,H,G,C,G,2,2,5,1,1,A,0,0,P,HOND,UEX,CP,1,17,3283,,0,1051,,G,,F,6,183,,,16R205,,,,,,0,0,000000000,00000000000,0,0,0,1,0,0,0,0,0,0,0,998,0,0,0,11,6,2,42,0,0,0,1,48,77449,6,1,0,0,3,0,999,999,0,0,0,0,0,0,0,0,0,1,59,0,0,0,2,4,40,1,1,8,1,0,0,1,12,1,1,4,6,1,1
48,482496,1,1,2,3,11,6,25,30,0,1,0,48,2,35,47,35047,4,2005,1N4AL11D75N4,1,N,4,A,L,1,1,D,7,5,N,4,0,P,NISS,ASL,4D,5,17,2915,,0,1102,,G,,F,4,153,,,16R215,,,,,,0,0,000000000,00000000000,0,0,0,1,0,0,0,0,0,0,0,998,0,0,0,12,4,3,30,0,0,0,1,48,77053,6,1,0,0,3,0,999,999,0,0,0,0,0,0,0,0,0,0,0,0,0,0,2,6,35,3,2,1,1,0,0,14,13,1,1,4,1,1,0
48,482497,1,1,1,3,11,23,15,8,0,1,0,48,1,35,49,35049,6,2004,JN8AZ08T64W2,J,N,8,A,Z,0,8,T,6,4,W,2,0,P,NISS,MUR,UT,4,17,3690,,0,1112,,G,,F,6,213,,,18R235,,,,,,0,0,000000000,00000000000,0,0,0,1,0,0,0,0,0,0,0,998,0,0,0,11,2,3,8,0,0,0,1,48,77433,6,1,0,0,3,3,999,999,0,0,0,0,0,0,0,0,0,0,0,0,0,0,3,3,65,1,1,8,1,0,0,1,80,1,1,1,13,0,0
48,482498,1,2,1,3,11,10,35,12,1,1,0,6,3,82,881,82881,66,2005,1FUJA6CK75LN,1,F,U,J,A,6,C,K,7,5,L,N,1,T,FRHT,COL,TR,5,17,,8,0,0,CON,D,,,6,858,,,,,00000,00,,64,1,57,1130190,571130190,3,6,1,1,0,0,0,0,0,0,0,998,0,0,0,6,4,3,12,0,0,0,1,6,90802,6,1,6,0,3,0,65,165,0,0,0,1,1,1,2012,5,2012,0,0,0,0,0,3,2,75,1,3,8,1,0,0,1,53,1,1,1,25,0,0