STATE,ST_CASE,VEH_NO,VE_FORMS,NUMOCCS,DAY,MONTH,HOUR,MINUTE,HARM_EV,MAN_COLL,UNITTYPE,HIT_RUN,REG_STAT,OWNER,MAKE,MODEL,MAK_MOD,BODY_TYP,MOD_YEAR,VIN,VIN_1,VIN_2,VIN_3,VIN_4,VIN_5,VIN_6,VIN_7,VIN_8,VIN_9,VIN_10,VIN_11,VIN_12,TOW_VEH,VINTYPE,VINMAKE,VINA_MOD,VIN_BT,VINMODYR,VIN_LNGT,VIN_WGT,WGTCD_TR,WHLBS_LG,WHLBS_SH,SER_TR,FUELCODE,MCYCL_DS,CARBUR,CYLINDER,DISPLACE,MCYCL_CY,MCYCL_WT,TIRE_SZE,TON_RAT,TRK_WT,TRKWTVAR,VIN_REST,WHLDRWHL,J_KNIFE,MCARR_I1,MCARR_I2,MCARR_ID,GVWR,V_CONFIG,CARGO_BT,HAZ_INV,HAZ_PLAC,HAZ_ID,HAZ_CNO,HAZ_REL,BUS_USE,SPEC_USE,EMER_USE,TRAV_SP,UNDERIDE,ROLLOVER,ROLINLOC,IMPACT1,DEFORMED,TOWED,M_HARM,VEH_SC1,VEH_SC2,FIRE_EXP,DR_PRES,L_STATE,DR_ZIP,L_STATUS,L_TYPE,CDL_STAT,L_ENDORS,L_COMPL,L_RESTRI,DR_HGT,DR_WGT,PREV_ACC,PREV_SUS,PREV_DWI,PREV_SPD,PREV_OTH,FIRST_MO,FIRST_YR,LAST_MO,LAST_YR,SPEEDREL,DR_SF1,DR_SF2,DR_SF3,DR_SF4,VTRAFWAY,VNUM_LAN,VSPD_LIM,VALIGN,VPROFILE,VPAVETYP,VSURCOND,VTRAFCON,VTCONT_F,P_CRASH1,P_CRASH2,P_CRASH3,PCRASH4,PCRASH5,ACC_TYPE,DEATHS,DR_DRINK
48,482498,2,2,1,3,11,10,35,12,1,1,0,48,1,20,481,20481,31,2000,1GCGC33R2YF4,1,G,C,G,C,3,3,R,2,Y,F,4,0,T,CHEV,GC3,CW,0,17,,2,0,1685,GM4,G,,,8,350,,,,D,5610,00,,42,0,0,000000000,00000000000,0,0,0,1,0,0,0,0,0,0,0,998,0,0,0,12,6,2,12,0,0,0,1,48,78028,6,1,0,0,3,0,999,999,1,0,0,1,0,5,2011,5,2012,0,0,0,0,0,3,2,75,1,3,8,1,0,0,1,51,1,1,1,24,1,0
48,482499,1,2,1,3,11,23,37,12,2,1,0,48,2,49,43,49043,4,1999,4T1BF18B5XU3,4,T,1,B,F,1,8,B,5,X,U,3,0,P,TOYT,UVS,4D,99,17,3340,,0,1071,,G,,F,6,183,,,15R205,,,,,,0,0,000000000,00000000000,0,0,0,1,0,0,0,0,0,0,0,998,0,0,0,12,4,3,12,0,0,0,1,48,77429,6,1,0,0,3,0,999,999,0,0,0,0,0,0,0,0,0,0,51,0,0,0,1,2,50,1,1,8,1,0,0,1,54,1,1,1,50,1,0
48,482499,2,2,2,3,11,23,37,12,2,1,0,48,2,12,481,12481,31,2009,1FTPW14V79KC,1,F,T,P,W,1,4,V,7,9,K,C,0,T,FORD,F1S,CW,9,17,,2,1570,1450,COF,F,,,8,329,,,,B,5546,01,L,44,0,0,000000000,00000000000,0,0,0,1,0,0,0,0,0,0,0,998,0,0,0,12,4,3,12,0,0,0,1,48,77382,6,1,0,0,3,0,999,999,0,0,0,0,0,0,0,0,0,0,0,0,0,0,1,2,50,1,1,8,1,0,0,1,54,1,1,1,51,0,0
48,482500,1,1,2,3,11,0,1,33,0,1,0,48,2,20,4,20004,2,2003,1G1YY12S7351,1,G,1,Y,Y,1,2,S,7,3,5,1,0,P,CHEV,Z06,CP,3,17,3218,,0,1045,,G,,F,8,350,,,17R265,,,,,,0,0,000000000,00000000000,0,0,0,1,0,0,0,0,0,0,0,998,0,0,0,1,4,3,30,0,0,0,1,48,75088,6,1,0,0,3,0,999,999,0,0,0,0,0,0,0,0,0,1,0,0,0,0,2,4,30,1,2,8,1,0,0,1,13,1,1,4,1,1,0
48,482501,1,2,1,3,11,1,11,12,1,1,0,48,1,35,47,35047,4,2012,3N1CN7AP8CL8,3,N,1,C,N,7,A,P,8,C,L,8,0,P,NISS,VVS,4D,12,17,2350,,0,1024,,G,,F,4,098,,,15R185,,,,,,0,0,000000000,00000000000,0,0,0,1,0,0,0,0,0,0,0,998,0,0,0,12,4,3,12,0,0,0,1,48,75020,6,1,0,0,3,0,999,999,0,0,0,0,0,0,0,0,0,1,0,0,0,0,3,4,60,2,3,8,1,0,0,14,51,1,1,1,24,0,0
48,482501,2,2,5,3,11,1,11,12,1,1,0,48,2,49,422,49422,15,2004,5TDZT38A04S2,5,T,D,Z,T,3,8,A,0,4,S,2,0,P,TOYT,SEQ,UT,4,17,5100,,0,1181,,G,,F,8,285,,,17R265,,,,,,0,0,000000000,00000000000,0,0,0,1,0,0,0,0,0,0,0,998,0,0,0,6,4,3,8,0,0,0,1,48,79029,6,1,0,0,3,3,999,999,0,0,0,0,0,0,0,0,0,0,45,0,0,0,3,4,60,2,3,8,1,0,0,98,53,1,1,1,25,0,0
48,482502,1,1,2,3,11,0,20,9,0,1,0,48,1,35,43,35043,4,2008,3N1AB61E58L6,3,N,1,A,B,6,1,E,5,8,L,6,0,P,NISS,SL2,4D,8,17,2804,,0,1057,,G,,F,4,122,,,15R205,,,,,,0,0,000000000,00000000000,0,0,0,1,0,0,0,0,0,0,0,998,0,0,0,12,4,3,9,0,0,0,1,48,78704,6,1,0,0,3,3,999,999,0,0,0,0,0,0,0,0,0,0,0,0,0,0,2,3,45,1,1,8,1,0,0,1,80,1,1,1,13,0,1
48,482503,1,1,1,4,11,1,5,31,0,1,0,48,1,72,706,72706,80,2012,1HD1KHM13CB6,1,H,D,1,K,H,M,1,3,C,B,6,0,M,HD,LRX,RS,12,17,,,,,,,1690,,2,,4,772,,,,,,,0,0,000000000,00000000000,0,0,0,1,0,0,0,0,0,0,0,998,0,0,0,98,8,2,31,0,0,0,1,48,75088,6,1,0,0,3,3,999,999,0,0,0,0,0,0,0,0,0,1,0,0,0,0,5,4,35,3,1,8,1,0,0,1,6,99,7,4,2,1,0
48,482504,1,1,2,3,11,1,35,8,0,1,0,48,1,23,421,23421,15,2007,1GKFC13JX7R1,1,G,K,F,C,1,3,J,X,7,R,1,0,T,GMC,YUK,4W,7,17,,2,0,1160,YUK,G,,,8,323,,,,B,5443,00,4,42,0,0,000000000,00000000000,0,0,0,1,0,0,0,0,0,0,0,998,0,0,0,12,4,3,8,0,0,0,1,48,76306,6,1,6,0,3,3,999,999,0,0,0,0,0,0,0,0,0,0,0,0,0,0,3,2,75,1,1,8,1,0,0,1,80,1,1,1,13,0,0
48,482506,1,1,1,4,11,1,13,31,0,1,0,48,2,35,43,35043,4,1996,1N4AB41D8TC7,1,N,4,A,B,4,1,D,8,T,C,7,0,P,NISS,EXE,4D,96,17,2237,,0,998,,G,,F,4,097,,,13R155,,,,,,0,0,000000000,00000000000,0,0,0,1,0,0,0,0,0,0,0,998,0,0,0,9,6,2,31,0,0,0,1,48,77346,1,1,0,0,2,0,999,999,1,10,0,0,2,2,2010,11,2012,1,37,0,0,0,1,4,45,2,1,8,1,0,0,14,6,99,3,4,7,1,1
48,482507,1,3,1,4,11,2,26,12,1,1,0,48,0,37,706,37706,80,2001,JH2SC44031M1,J,H,2,S,C,4,4,0,3,1,M,1,0,M,HOND,CR9,RC,1,17,,,,,,,929,,4,,4,379,,,,,,,0,0,000000000,00000000000,0,0,0,1,0,0,0,0,0,0,0,998,0,0,0,12,6,2,12,0,0,0,1,48,77061,0,0,0,0,0,0,999,999,0,2,0,0,0,2,2010,2,2010,1,0,0,0,0,3,4,60,1,1,1,1,0,0,1,51,1,1,1,24,1,1
48,482507,2,3,2,4,11,2,26,12,1,1,0,48,1,20,2,20002,4,2001,2G1WH55K9191,2,G,1,W,H,5,5,K,9,1,9,1,0,P,CHEV,IPL,4D,1,17,3466,,0,1105,,G,,F,6,231,,,16R225,,,,,,0,0,000000000,00000000000,0,0,0,1,0,0,0,0,0,0,0,998,0,0,0,6,4,3,12,0,0,0,1,48,77061,1,1,0,0,2,3,999,999,0,2,0,0,1,1,2011,4,2012,0,0,0,0,0,3,4,60,1,1,1,1,0,0,1,53,1,1,1,25,0,0
48,482507,3,3,2,4,11,2,26,12,1,1,0,48,2,35,472,35472,30,2012,1N6AD0ER3CC4,1,N,6,A,D,0,E,R,3,C,C,4,0,T,NISS,FVL,CW,12,17,,1,0,0,FRT,G,,,6,244,,,,,4228,00,7,42,0,0,000000000,00000000000,0,0,0,1,0,0,0,0,0,0,0,998,0,0,0,12,2,3,12,0,0,0,1,48,77014,0,0,0,0,0,0,999,999,0,0,0,0,0,0,0,0,0,0,0,0,0,0,3,4,60,1,1,1,1,0,0,1,61,1,1,1,98,0,0
48,482509,1,4,4,4,11,2,50,12,6,1,0,48,2,23,422,23422,15,2007,1GKFK63897J1,1,G,K,F,K,6,3,8,9,7,J,1,0,T,GMC,NAL,4W,7,17,,2,0,1160,YUK,G,,,8,378,,,,B,5687,00,S,44,0,0,000000000,00000000000,0,0,0,1,0,0,0,0,0,0,0,998,0,0,0,5,2,1,12,0,0,0,1,48,78577,6,1,0,0,3,0,999,999,0,0,0,0,0,0,0,0,0,0,0,0,0,0,3,3,65,1,2,1,1,0,0,1,61,1,1,1,48,0,0
48,482509,2,4,3,4,11,2,50,12,6,1,0,48,2,3,431,3431,16,2004,5GRGN23U64H1,5,G,R,G,N,2,3,U,6,4,H,1,0,T,HUMM,HH2,4W,4,17,,2,0,1228,HUM,G,,,8,364,,,,C,6400,00,U,44,0,0,000000000,00000000000,0,0,0,1,0,0,0,0,0,0,0,998,0,0,0,12,4,3,12,0,0,0,1,48,78577,0,0,0,0,0,0,999,999,0,15,0,1,2,1,2010,9,2012,1,8,91,0,0,3,3,65,1,2,1,1,0,0,1,10,1,1,1,48,1,1
48,482509,3,4,1,4,11,2,50,12,6,1,0,48,2,20,37,20037,4,2006,1G1ZT51FX6F1,1,G,1,Z,T,5,1,F,X,6,F,1,0,P,CHEV,MLT,4D,6,17,3316,,0,1063,,G,,F,4,134,,,16R215,,,,,,0,0,000000000,00000000000,0,0,0,1,0,0,0,0,0,0,0,998,0,0,0,14,2,1,54,0,0,0,1,48,78504,0,0,0,0,0,0,999,999,0,3,0,0,0,4,2010,5,2012,0,0,0,0,0,3,3,65,1,2,1,1,0,0,1,98,1,1,1,98,0,0
48,482509,4,4,1,4,11,2,50,12,6,1,0,48,1,7,482,7482,31,2006,1D7KS28C96J2,1,D,7,K,S,2,8,C,9,6,J,2,0,T,DODG,SQ2,CW,6,17,,2,1605,1405,RPC,D,,,6,359,,,,C,6218,01,E,44,0,0,000000000,00000000000,0,0,0,1,0,0,0,0,0,0,0,998,0,0,0,14,2,3,54,0,0,0,1,48,78853,6,1,0,0,3,0,999,999,0,4,0,2,0,11,2010,7,2012,0,0,0,0,0,3,3,65,1,2,1,1,0,0,1,98,1,1,1,98,0,0
48,482510,1,2,1,4,11,18,25,12,6,1,0,48,3,85,881,85881,66,2012,1XKDP4TX7CJ3,1,X,K,D,P,4,T,X,7,C,J,3,1,T,KW,T80,TR,12,17,,8,2600,1600,CON,D,,,6,915,,,,,00000,00,,,1,57,1980491,571980491,3,6,3,1,0,0,0,0,0,0,0,998,0,0,0,8,2,1,12,0,0,0,1,48,78332,6,1,6,0,3,0,999,999,2,0,0,1,0,11,2009,2,2012,0,48,0,0,0,2,2,70,1,1,8,2,0,0,11,15,1,1,1,72,0,0
48,482510,2,2,2,4,11,18,25,12,6,1,0,48,1,12,401,12401,14,2003,1FMZU62K33ZB,1,F,M,Z,U,6,2,K,3,3,Z,B,0,P,FORD,EPR,UT,3,17,4094,,0,1137,,F,,F,6,245,,,16R235,,,,,,0,0,000000000,00000000000,0,0,0,1,0,0,0,0,0,0,0,998,0,0,0,12,6,2,12,0,0,0,1,48,78332,6,1,0,0,3,3,999,999,0,0,0,0,0,0,0,0,0,0,0,0,0,0,2,2,70,1,1,8,2,0,0,1,61,1,1,1,73,1,0
48,482511,1,2,1,4,11,0,2,12,6,1,0,48,3,86,881,86881,66,2013,1M1AX04YXDM0,1,M,1,A,X,0,4,Y,X,D,M,0,1,T,MACK,GU7,TR,13,17,,8,0,0,700,D,,,6,659,,,,,00000,00,,64,1,57,2293120,572293120,3,6,2,1,0,0,0,0,0,0,0,998,0,0,0,12,6,2,12,0,0,1,1,48,78114,6,1,6,1,3,0,999,999,0,0,0,1,1,2,2010,3,2010,0,0,0,0,0,1,2,70,1,1,8,1,0,0,1,64,3,1,1,65,0,0
48,482511,2,2,1,4,11,0,2,12,6,1,0,48,1,7,482,7482,31,2007,1D7HA18P97J5,1,D,7,H,A,1,8,P,9,7,J,5,0,T,DODG,SQ1,CW,7,17,,2,1605,1405,RPC,F,,,8,287,,,,B,4873,02,E,42,0,0,000000000,00000000000,0,0,0,1,0,0,0,0,0,0,0,998,0,0,0,62,6,2,12,0,0,1,1,48,78140,0,0,0,0,0,0,999,999,0,0,0,0,0,0,0,0,0,0,0,0,0,0,1,2,70,1,1,8,1,0,0,1,11,1,1,7,64,1,0
48,482512,1,1,1,4,11,9,35,38,0,1,0,48,1,38,402,38402,14,1999,4S2CK58W5X43,4,S,2,C,K,5,8,W,5,X,4,3,0,P,ISU,ROD,UT,99,17,3528,,0,1064,,G,,F,6,195,,,15R235,,,,,,0,0,000000000,00000000000,0,0,0,1,0,0,0,0,0,0,0,998,0,1,5,9,4,3,38,0,0,0,1,48,78624,6,1,0,0,3,0,999,999,0,0,0,0,0,0,0,0,0,1,58,0,0,0,1,2,55,3,2,8,1,0,0,14,13,6,2,4,6,1,0
48,482513,1,2,3,4,11,18,15,12,6,1,0,48,1,35,43,35043,2,1992,1N4GB32A4NC7,1,N,4,G,B,3,2,A,4,N,C,7,0,P,NISS,USE,2D,92,17,2414,,0,957,,G,,F,4,122,,,14R185,,,,,,0,0,000000000,00000000000,0,0,0,1,0,0,0,0,0,0,0,998,0,0,0,63,6,2,2,0,0,1,1,48,77055,6,1,0,0,3,0,999,999,0,0,0,0,0,0,0,0,0,0,38,39,0,0,8,8,98,8,8,8,98,20,3,1,17,1,1,1,89,2,1
48,482513,2,2,1,4,11,18,15,12,6,1,0,48,1,12,481,12481,31,2002,1FTRW07L32KC,1,F,T,R,W,0,7,L,3,2,K,C,0,T,FORD,F1S,CW,2,17,,2,0,1385,COF,G,,,8,330,,,,B,4655,02,E,42,0,0,000000000,00000000000,0,0,0,1,0,0,0,0,0,0,0,998,0,1,5,12,4,3,12,0,0,0,1,48,77471,1,1,0,0,2,3,999,999,0,11,0,0,0,11,2010,4,2012,0,0,0,0,0,2,2,75,1,1,8,1,0,0,1,66,1,1,1,88,0,1
48,482514,1,2,1,5,11,21,45,12,1,1,0,48,1,19,3,19003,4,2003,1G6KD54Y73U2,1,G,6,K,D,5,4,Y,7,3,U,2,0,P,CADI,DFW,4D,3,17,3978,,0,1153,,G,,F,8,279,,,16R225,,,,,,0,0,000000000,00000000000,0,0,0,1,0,0,0,0,0,0,0,998,0,1,5,12,4,3,12,0,0,0,1,48,75961,6,1,6,0,3,0,999,999,2,0,0,0,0,1,2011,5,2011,1,0,0,0,0,5,4,60,1,1,8,1,0,0,1,51,1,1,1,24,1,1
48,482514,2,2,1,5,11,21,45,12,1,1,0,48,3,12,473,12473,30,2010,1FMEU6DE6AUA,1,F,M,E,U,6,D,E,6,A,U,A,0,P,FORD,EPR,UT,10,17,4455,,0,1137,,G,,F,6,244,,,16R235,,,,,,0,0,000000000,00000000000,0,0,0,1,0,0,0,0,0,0,0,998,0,0,0,6,2,3,12,0,0,0,1,48,75964,6,1,0,0,3,3,999,999,0,0,0,0,0,0,0,0,0,0,0,0,0,0,5,4,60,1,1,8,1,0,0,1,53,1,1,1,25,0,0
48,482515,1,2,1,5,11,18,30,12,6,1,0,93,3,85,881,85881,66,2012,1XKFD49X0CJ3,1,X,K,F,D,4,9,X,0,C,J,3,1,T,KW,T70,TR,12,17,,8,0,0,CON,D,,,6,915,,,,,00000,00,,64,1,57,184843,57184843,3,6,1,1,0,0,0,0,0,0,0,998,0,0,0,63,2,3,12,0,0,0,1,40,73127,6,1,6,1,3,3,72,300,0,0,0,0,0,0,0,0,0,0,91,48,0,0,1,4,70,1,1,8,1,0,0,12,98,1,1,7,98,0,0
48,482515,2,2,1,5,11,18,30,12,6,1,0,48,1,7,472,7472,30,1997,1B7GL23X5VS2,1,B,7,G,L,2,3,X,5,V,S,2,0,T,DODG,DAK,PC,97,17,,1,0,1309,DAK,G,,,6,239,,,,B,3683,00,E,42,0,0,000000000,00000000000,0,0,0,1,0,0,0,0,0,0,0,998,0,0,0,12,6,2,12,0,0,0,1,48,75558,6,1,0,0,3,3,999,999,1,0,0,0,0,7,2011,7,2011,0,0,0,0,0,1,4,70,1,1,8,1,0,0,1,61,1,1,1,98,1,0
48,482516,1,1,1,5,11,18,57,8,0,1,0,48,1,20,421,20421,15,2007,1GNFC13097R3,1,G,N,F,C,1,3,0,9,7,R,3,0,P,CHEV,CTA,UT,7,17,5443,,0,1160,,F,,F,8,323,,,17R265,,,,,,0,0,000000000,00000000000,0,0,0,1,0,0,0,0,0,0,0,998,0,0,0,12,2,1,8,0,0,0,1,48,75165,1,1,0,0,2,0,999,999,0,1,0,0,0,9,2012,9,2012,0,0,0,0,0,4,2,45,1,1,8,1,0,0,1,80,1,1,1,13,0,0
48,482517,1,1,1,5,11,1,34,1,0,1,0,48,1,72,706,72706,80,2008,1HD1KB4188Y6,1,H,D,1,K,B,4,1,8,8,Y,6,0,M,HD,FHX,RS,8,17,,,,,,,1584,,2,,4,786,,,,,,,0,0,000000000,00000000000,0,0,0,1,0,0,0,0,0,0,0,998,0,0,0,0,8,3,1,0,0,0,1,48,79382,6,1,0,0,3,0,999,999,0,0,0,0,0,0,0,0,0,1,0,0,0,0,2,3,35,1,1,8,1,0,0,1,8,1,1,1,98,1,1
48,482518,1,1,1,5,11,4,14,5,0,1,0,48,1,2,403,2403,14,2000,1J4FA59S8YP7,1,J,4,F,A,5,9,S,8,Y,P,7,0,T,JEEP,SAW,2W,0,17,,1,0,934,W/T,G,,,6,244,,,,,3234,00,U,44,0,0,000000000,00000000000,0,0,0,1,0,0,0,0,0,0,0,998,0,0,0,0,2,3,5,0,0,0,1,48,77551,6,1,0,0,3,0,65,199,0,0,0,0,0,0,0,0,0,0,48,0,0,0,1,2,30,1,1,8,1,0,0,10,98,1,1,4,0,1,1
48,482519,1,2,3,5,11,15,37,12,6,1,0,48,1,18,24,18024,6,2008,5GAER237X8J2,5,G,A,E,R,2,3,7,X,8,J,2,0,P,BUIC,ENC,UT,8,17,4780,,0,1189,,G,,F,6,220,,,19R255,,,,,,0,0,000000000,00000000000,0,0,0,1,0,0,0,0,0,0,0,998,0,0,0,12,2,1,12,0,0,0,1,48,75495,6,1,6,0,3,3,999,999,0,0,0,0,0,0,0,0,0,0,38,39,0,0,8,8,98,8,8,8,98,20,3,1,17,4,1,1,88,0,0
48,482519,2,2,2,5,11,15,37,12,6,1,0,30,2,2,404,2404,14,1995,1J4FJ68S6SL5,1,J,4,F,J,6,8,S,6,S,L,5,0,T,JEEP,SPT,4W,95,17,,1,0,1014,CHK,G,,,6,242,,,,,2998,00,M,44,0,0,000000000,00000000000,0,0,0,1,0,0,0,0,0,0,0,998,0,1,1,9,4,3,12,0,0,0,1,48,78133,6,1,0,0,3,3,999,999,0,0,0,0,0,0,0,0,0,0,0,0,0,0,3,2,70,1,1,8,1,20,3,1,66,7,1,1,89,1,0
48,482520,1,1,1,5,11,6,5,18,0,1,0,48,2,72,706,72706,80,1986,1HD1CAN10GY1,1,H,D,1,C,A,N,1,0,G,Y,1,0,M,HD,XL1,RS,86,17,,,,,,,1100,,2,,4,466,,,,,,,0,0,000000000,00000000000,0,0,0,1,0,0,0,0,0,0,0,998,0,0,0,12,8,3,18,0,0,0,1,48,75705,1,1,0,0,2,0,999,999,0,3,0,1,1,9,2010,4,2012,1,0,0,0,0,1,2,55,3,2,8,1,0,0,14,13,1,1,4,1,1,1
48,482521,1,2,1,5,11,13,5,12,6,1,0,48,1,20,482,20482,31,2004,3GNEC12T04G1,3,G,N,E,C,1,2,T,0,4,G,1,0,T,CHEV,CAV,CW,4,17,,2,0,1300,AVL,G,,,8,325,,,,B,5437,00,,42,0,0,000000000,00000000000,0,0,0,1,0,0,0,0,0,0,0,998,0,0,0,12,4,3,12,0,0,0,1,48,77091,6,1,0,0,3,0,999,999,0,0,0,0,1,7,2011,7,2011,0,39,0,0,0,2,2,40,1,1,1,1,3,3,1,17,1,1,1,88,0,0
48,482521,2,2,2,5,11,13,5,12,6,1,0,48,1,20,2,20002,4,2005,2G1WF52E6592,2,G,1,W,F,5,2,E,6,5,9,2,0,P,CHEV,IMP,4D,5,17,3389,,0,1105,,G,,F,6,207,,,16R225,,,,,,0,0,000000000,00000000000,0,0,0,1,0,0,0,0,0,0,0,998,0,0,0,9,4,3,12,0,0,0,1,48,77088,6,1,0,0,3,3,999,999,0,0,0,0,0,0,0,0,0,0,0,0,0,0,2,2,99,1,1,1,1,3,3,1,66,1,1,1,89,1,0
48,482522,1,1,1,5,11,14,40,1,0,1,0,48,1,20,481,20481,31,2007,1GCHC29U47E1,1,G,C,H,C,2,9,U,4,7,E,1,0,T,CHEV,2CH,4C,7,17,,2,1575,1435,SIL,G,,,8,366,,,,C,5398,02,,42,0,0,000000000,00000000000,0,0,0,1,0,0,0,0,0,0,0,998,0,1,5,0,9,2,1,0,0,0,1,48,77845,6,1,0,0,3,0,999,999,0,0,0,0,1,11,2011,11,2011,1,58,0,0,0,1,2,65,3,2,8,1,0,0,14,13,6,9,4,6,1,0
48,482523,1,2,7,5,11,13,55,12,2,1,0,48,2,12,401,12401,14,2005,1FMZU67K05UB,1,F,M,Z,U,6,7,K,0,5,U,B,0,P,FORD,EPR,UT,5,17,4095,,0,1259,,F,,F,6,245,,,16R235,,,,,,0,0,000000000,00000000000,0,0,0,1,0,0,0,0,0,0,0,998,0,1,1,12,6,2,12,0,0,0,1,48,77531,6,1,0,0,3,0,999,999,0,0,0,0,0,0,0,0,0,1,58,0,0,0,1,2,70,3,1,8,1,0,0,14,13,6,1,6,50,0,0
48,482523,2,2,1,5,11,13,55,12,2,1,0,48,1,20,441,20441,20,2005,1GNDM19X85B1,1,G,N,D,M,1,9,X,8,5,B,1,0,T,CHEV,AST,ES,5,17,,1,0,1112,AST,G,,,6,262,,,,B,4321,00,,42,0,0,000000000,00000000000,0,0,0,1,0,0,0,0,0,0,0,998,0,1,5,12,6,2,12,0,0,0,1,48,77465,6,1,0,0,3,0,999,999,0,0,0,1,1,7,2010,8,2010,0,0,0,0,0,1,2,70,2,1,8,1,0,0,14,62,1,1,1,51,1,0
48,482524,1,4,2,5,11,16,28,12,8,1,0,48,1,22,2,22002,4,1984,1G2AR69A3EB2,1,G,2,A,R,6,9,A,3,E,B,2,0,P,PONT,BBR,4D,84,17,3205,,0,1081,,G,,2,6,231,,,14R195,,,,,,0,0,000000000,00000000000,0,0,0,1,0,0,0,0,0,0,0,998,0,0,0,11,6,2,12,0,0,0,1,48,78852,6,1,0,0,3,0,999,999,0,0,0,0,0,0,0,0,0,0,0,0,0,0,5,4,45,2,1,8,1,0,0,14,10,1,1,2,64,1,0
48,482524,2,4,2,5,11,16,28,12,8,1,0,48,2,20,16,20016,4,2005,1G1JC52F7571,1,G,1,J,C,5,2,F,7,5,7,1,0,P,CHEV,CAV,4D,5,17,2676,,0,1041,,G,,F,4,134,,,14R195,,,,,,0,0,000000000,00000000000,0,0,0,1,0,0,0,0,0,0,0,998,0,0,0,8,2,1,12,0,0,0,1,48,78852,6,1,0,0,3,0,999,999,0,0,0,0,0,0,0,0,0,0,0,0,0,0,5,4,45,3,1,8,1,0,0,14,62,1,1,1,65,0,0
48,482524,3,4,4,5,11,16,28,12,8,1,0,48,1,64,33,64033,4,2001,KLAVA69221B3,K,L,A,V,A,6,9,2,2,1,B,3,0,P,DAEW,LCS,4D,1,17,0,,0,1051,,G,,F,4,134,,,15R205,,,,,,0,0,000000000,00000000000,0,0,0,1,0,0,0,0,0,0,0,998,0,0,0,12,6,2,12,0,0,0,1,48,78852,6,1,0,0,3,0,999,999,0,0,0,0,0,0,0,0,0,0,0,0,0,0,5,4,45,3,1,8,1,0,0,14,62,1,1,1,98,0,0
48,482524,4,4,1,5,11,16,28,12,8,1,0,48,1,20,9,20009,2,2011,2G1FK1EJXB91,2,G,1,F,K,1,E,J,X,B,9,1,0,P,CHEV,SSM,CP,11,17,3913,,0,1123,,G,,F,8,378,,,20R245,,,,,,0,0,000000000,00000000000,0,0,0,1,0,0,0,0,0,0,0,998,0,0,0,61,4,3,12,0,0,0,1,48,78852,6,1,0,0,3,3,999,999,1,0,0,0,0,4,2012,4,2012,0,0,0,0,0,5,4,45,3,1,8,1,0,0,14,60,1,1,1,98,0,0
48,482525,1,2,2,5,11,6,22,12,6,1,0,48,1,12,17,12017,4,2006,1FAFP53UX6A1,1,F,A,F,P,5,3,U,X,6,A,1,0,P,FORD,TSE,4D,6,17,3307,,0,1085,,G,,F,6,183,,,16R215,,,,,,0,0,000000000,00000000000,0,0,0,1,0,0,0,0,0,0,0,998,0,0,0,3,6,2,12,0,0,0,1,48,75189,6,1,0,0,3,3,999,999,0,2,0,0,1,11,2009,10,2010,0,38,0,0,0,1,2,60,1,1,8,2,3,3,11,15,1,1,1,68,1,0
48,482525,2,2,1,5,11,6,22,12,6,1,0,48,2,51,401,51401,14,2003,YV1CZ59H3310,Y,V,1,C,Z,5,9,H,3,3,1,0,0,P,VOLV,XC9,UT,3,17,4647,,0,1126,,G,,T,5,153,,,16R225,,,,,,0,0,000000000,00000000000,0,0,0,1,0,0,0,0,0,0,0,998,0,0,0,12,4,3,12,0,0,0,1,48,75169,6,1,0,0,3,0,999,999,0,0,0,0,0,0,0,0,0,0,0,0,0,0,1,2,60,1,1,8,2,3,3,1,62,1,1,1,69,0,0
48,482526,1,2,3,6,11,19,11,12,7,1,0,48,1,21,21,21021,4,2003,1G3NL52F03C2,1,G,3,N,L,5,2,F,0,3,C,2,0,P,OLDS,A/G,4D,3,17,3016,,0,1070,,G,,F,4,134,,,15R215,,,,,,0,0,000000000,00000000000,0,0,0,1,0,0,0,0,0,0,0,998,0,0,0,1,2,3,12,0,0,0,1,48,75149,6,1,0,0,3,0,999,999,0,0,0,0,0,0,0,0,0,0,0,0,0,0,3,5,60,1,1,8,1,0,0,15,9,1,9,2,46,0,0
48,482526,2,2,1,6,11,19,11,12,7,1,0,48,2,7,482,7482,31,2003,3D7KA28D93G7,3,D,7,K,A,2,8,D,9,3,G,7,0,T,DODG,SQ2,CW,3,17,,2,1605,1405,RPC,G,,,8,345,,,,C,5352,07,E,42,0,0,000000000,00000000000,0,0,0,1,0,0,0,0,0,0,0,998,0,0,0,11,6,2,12,0,0,0,1,48,75206,0,0,0,0,0,0,66,167,0,0,0,0,0,0,0,0,0,0,0,0,0,0,3,5,60,1,1,8,1,0,0,1,60,1,1,1,45,1,0
48,482527,1,2,1,6,11,6,41,12,6,1,0,48,2,23,481,23481,31,2001,2GTEC19TX113,2,G,T,E,C,1,9,T,X,1,1,3,0,T,GMC,NC1,PC,1,17,,2,1575,1435,SIE,G,,,8,325,,,,B,4413,00,U,42,0,0,000000000,00000000000,0,0,0,1,0,0,0,0,0,0,0,998,0,0,0,12,4,3,12,0,0,0,1,48,77011,6,1,0,0,3,0,999,999,0,0,0,1,0,1,2012,1,2012,1,0,0,0,0,2,2,40,1,1,1,1,0,0,1,66,3,2,1,88,0,0