STATE,ST_CASE,VEH_NO,VE_FORMS,NUMOCCS,DAY,MONTH,HOUR,MINUTE,HARM_EV,MAN_COLL,UNITTYPE,HIT_RUN,REG_STAT,OWNER,MAKE,MODEL,MAK_MOD,BODY_TYP,MOD_YEAR,VIN,VIN_1,VIN_2,VIN_3,VIN_4,VIN_5,VIN_6,VIN_7,VIN_8,VIN_9,VIN_10,VIN_11,VIN_12,TOW_VEH,VINTYPE,VINMAKE,VINA_MOD,VIN_BT,VINMODYR,VIN_LNGT,VIN_WGT,WGTCD_TR,WHLBS_LG,WHLBS_SH,SER_TR,FUELCODE,MCYCL_DS,CARBUR,CYLINDER,DISPLACE,MCYCL_CY,MCYCL_WT,TIRE_SZE,TON_RAT,TRK_WT,TRKWTVAR,VIN_REST,WHLDRWHL,J_KNIFE,MCARR_I1,MCARR_I2,MCARR_ID,GVWR,V_CONFIG,CARGO_BT,HAZ_INV,HAZ_PLAC,HAZ_ID,HAZ_CNO,HAZ_REL,BUS_USE,SPEC_USE,EMER_USE,TRAV_SP,UNDERIDE,ROLLOVER,ROLINLOC,IMPACT1,DEFORMED,TOWED,M_HARM,VEH_SC1,VEH_SC2,FIRE_EXP,DR_PRES,L_STATE,DR_ZIP,L_STATUS,L_TYPE,CDL_STAT,L_ENDORS,L_COMPL,L_RESTRI,DR_HGT,DR_WGT,PREV_ACC,PREV_SUS,PREV_DWI,PREV_SPD,PREV_OTH,FIRST_MO,FIRST_YR,LAST_MO,LAST_YR,SPEEDREL,DR_SF1,DR_SF2,DR_SF3,DR_SF4,VTRAFWAY,VNUM_LAN,VSPD_LIM,VALIGN,VPROFILE,VPAVETYP,VSURCOND,VTRAFCON,VTCONT_F,P_CRASH1,P_CRASH2,P_CRASH3,PCRASH4,PCRASH5,ACC_TYPE,DEATHS,DR_DRINK
48,482527,2,2,2,6,11,6,41,12,6,1,0,48,1,41,35,41035,4,2000,JM1BJ2213Y02,J,M,1,B,J,2,2,1,3,Y,0,2,0,P,MAZD,PES,4D,0,17,2537,,0,1028,,G,,F,4,112,,,15R195,,,,,,0,0,000000000,00000000000,0,0,0,1,0,0,0,0,0,0,0,998,0,0,0,9,4,3,12,0,0,0,1,48,77092,6,1,0,0,3,3,999,999,0,0,0,0,0,0,0,0,0,0,38,0,0,0,1,2,99,1,1,1,1,20,3,1,17,1,1,1,89,2,0
48,482528,1,2,1,6,11,14,30,12,1,1,0,48,2,37,32,37032,2,2000,1HGCG3254YA0,1,H,G,C,G,3,2,5,4,Y,A,0,0,P,HOND,UEX,CP,0,17,3042,,0,1051,,G,,F,4,138,,,15R195,,,,,,0,0,000000000,00000000000,0,0,0,1,0,0,0,0,0,0,0,998,0,0,0,12,4,3,12,0,0,0,1,48,77053,6,1,0,0,3,0,999,999,1,0,0,0,0,11,2009,11,2009,1,0,0,0,0,4,3,50,1,1,1,1,0,0,1,50,1,1,1,32,0,1
48,482528,2,2,0,6,11,14,30,12,1,1,0,48,6,12,481,12481,31,1997,1FTHX25H8VEC,1,F,T,H,X,2,5,H,8,V,E,C,1,T,FORD,F25,PC,97,17,,2,1550,1390,COF,G,,,8,351,,,,C,4775,00,A,42,1,0,000000000,00000000000,0,0,0,1,0,0,0,0,0,0,0,0,0,0,0,6,2,3,12,0,0,0,0,0,99997,7,6,97,7,6,7,998,997,998,998,998,998,998,98,9998,98,9998,8,20,0,0,0,4,3,50,1,1,1,1,0,0,0,53,0,0,0,32,0,0
48,482529,1,2,1,6,11,13,32,12,6,1,0,48,1,82,881,82881,66,1996,1FUYDSEB1TP6,1,F,U,Y,D,S,E,B,1,T,P,6,1,T,FRHT,FLD,TR,96,17,,8,0,0,CON,D,,,6,774,,,,,00000,00,,64,1,57,1945095,571945095,3,6,8,1,0,0,0,0,0,0,0,998,0,0,0,12,6,2,2,0,0,1,1,48,75751,6,1,6,0,3,3,68,159,1,0,0,0,0,10,2011,10,2011,0,0,0,0,0,5,2,55,1,1,8,1,0,0,1,65,1,1,1,77,1,0
48,482529,2,2,2,6,11,13,32,12,6,1,0,48,1,12,401,12401,14,2006,1FMEU63E76ZA,1,F,M,E,U,6,3,E,7,6,Z,A,0,P,FORD,EPR,UT,6,17,4301,,0,1137,,G,,F,6,244,,,16R235,,,,,,0,0,000000000,00000000000,0,0,0,1,0,0,0,0,0,0,0,998,0,0,0,3,4,3,12,0,0,0,1,48,75103,6,1,6,0,3,3,999,999,0,0,0,0,0,0,0,0,0,0,38,91,0,0,1,2,99,1,1,8,1,20,3,11,15,1,1,1,76,0,0
48,482530,1,1,1,7,11,20,45,8,0,1,1,48,2,20,431,20431,16,1995,1GNFK16K7SJ4,1,G,N,F,K,1,6,K,7,S,J,4,0,P,CHEV,K15,UT,95,17,0,,0,1315,,G,,F,8,350,,,16R245,,,,,,0,0,000000000,00000000000,0,0,0,1,0,0,0,0,0,0,0,998,0,0,0,12,2,1,8,0,0,0,1,48,78211,0,0,0,0,0,0,999,999,0,0,0,0,0,0,0,0,0,0,91,0,0,0,3,3,40,1,1,8,1,0,0,1,80,1,1,1,13,0,0
48,482531,1,1,1,7,11,8,33,8,0,1,0,48,2,35,39,35039,4,2000,JN1CA31D1YT7,J,N,1,C,A,3,1,D,1,Y,T,7,0,P,NISS,MGS,4D,0,17,3071,,0,1083,,G,,F,6,182,,,15R205,,,,,,0,0,000000000,00000000000,0,0,0,1,0,0,0,0,0,0,0,998,0,0,0,12,2,1,8,0,0,0,1,48,75002,6,1,0,0,3,0,999,999,0,0,0,0,0,0,0,0,0,0,0,0,0,0,8,8,98,8,8,8,1,0,0,11,80,1,1,1,13,0,0
48,482532,1,1,2,7,11,7,0,33,0,1,0,48,1,14,6,14006,4,2001,2MEFM75W91X6,2,M,E,F,M,7,5,W,9,1,X,6,0,P,MERC,MGL,4D,1,17,3948,,0,1147,,G,,F,8,281,,,16R225,,,,,,0,0,000000000,00000000000,0,0,0,1,0,0,0,0,0,0,0,998,0,1,5,99,6,2,1,0,0,0,1,48,75211,6,1,0,0,3,0,65,200,0,0,0,0,0,0,0,0,0,0,0,0,0,0,2,6,35,3,2,8,1,0,0,14,13,1,1,4,1,2,0
48,482533,1,1,4,7,11,14,58,1,0,1,0,48,2,12,481,12481,31,2002,1FTRF17282KA,1,F,T,R,F,1,7,2,8,2,K,A,0,T,FORD,F15,PK,2,17,,2,1385,1199,COF,G,,,6,256,,,,B,3990,03,U,42,0,0,000000000,00000000000,0,0,0,1,0,0,0,0,0,0,0,998,0,2,5,0,4,3,1,0,0,0,1,48,75601,6,1,0,0,3,0,999,999,0,0,0,1,0,6,2012,6,2012,1,0,0,0,0,1,2,35,3,1,8,1,0,0,14,13,6,4,4,7,1,0
48,482534,1,2,1,7,11,8,12,12,6,1,0,48,2,98,809,98809,66,2007,2FWJAZCVX7AX,2,F,W,J,A,Z,C,V,X,7,A,X,1,T,STRG,LT9,TR,7,17,,8,0,0,STE,D,,,6,782,,,,,00000,00,,64,1,57,1608990,571608990,3,6,1,1,0,0,0,0,0,0,0,998,0,0,0,12,2,3,12,0,0,0,1,48,75572,6,1,6,0,3,0,999,999,0,0,0,0,0,0,0,0,0,0,0,0,0,0,1,4,65,1,2,8,1,4,3,1,66,3,2,1,86,0,0
48,482534,2,2,1,7,11,8,12,12,6,1,0,48,1,20,16,20016,2,2004,1G1JF12F5471,1,G,1,J,F,1,2,F,5,4,7,1,0,P,CHEV,CAS,CP,4,17,2617,,0,1041,,G,,F,4,134,,,15R195,,,,,,0,0,000000000,00000000000,0,0,0,1,0,0,0,0,0,0,0,998,0,0,0,3,6,2,12,0,0,0,1,48,75672,6,1,0,0,3,0,999,999,0,0,0,0,0,0,0,0,0,0,39,0,0,0,1,8,98,8,8,8,1,4,3,1,17,1,1,1,87,1,0
48,482535,1,1,1,7,11,8,26,8,0,1,0,48,2,12,481,12481,31,2002,1FTRX17212NB,1,F,T,R,X,1,7,2,1,2,N,B,0,T,FORD,F15,4C,2,17,,2,1571,1385,COF,G,,,6,256,,,,B,4224,06,U,42,0,0,000000000,00000000000,0,0,0,1,0,0,0,0,0,0,0,998,0,0,0,12,2,3,8,0,0,0,1,48,76825,6,1,0,0,3,0,999,999,0,1,0,2,0,8,2011,4,2012,0,0,0,0,0,1,2,20,3,1,2,1,0,0,14,10,1,1,2,13,0,0
48,482536,1,2,1,7,11,8,33,12,2,1,0,40,1,12,37,12037,4,2005,1FAFP36N65W2,1,F,A,F,P,3,6,N,6,5,W,2,0,P,FORD,ZXW,SW,5,17,2768,,0,1030,,G,,F,4,122,,,15R195,,,,,,0,0,000000000,00000000000,0,0,0,1,0,0,0,0,0,0,0,998,0,0,0,12,6,2,12,0,0,0,1,40,73107,6,1,0,0,3,0,72,245,0,0,0,0,0,0,0,0,0,0,0,0,0,0,1,2,75,1,1,8,1,0,0,1,10,1,1,2,50,1,0
48,482536,2,2,1,7,11,8,33,12,2,1,0,48,1,85,881,85881,66,1994,1XKADB9X3RR6,1,X,K,A,D,B,9,X,3,R,R,6,1,T,KW,T60,TR,94,17,,8,0,1600,CON,D,,,6,893,,,,,00000,00,,64,3,57,1942264,571942264,3,6,2,1,0,0,0,0,0,0,0,998,0,0,0,12,6,2,12,0,0,0,1,48,79245,6,1,6,0,3,0,999,999,0,0,0,1,0,12,2009,12,2009,0,0,0,0,0,1,2,75,1,1,8,1,0,0,1,62,7,1,1,51,0,0
48,482537,1,1,1,8,11,3,50,18,0,1,0,48,2,12,401,12401,14,2001,1FMYU60E91UA,1,F,M,Y,U,6,0,E,9,1,U,A,0,P,FORD,EPR,UT,1,17,3769,,0,1018,,G,,F,6,245,,,15R235,,,,,,0,0,000000000,00000000000,0,0,0,1,0,0,0,0,0,0,0,998,0,1,5,14,6,2,1,0,0,0,1,48,78237,0,0,0,0,0,0,999,999,0,0,0,0,0,0,0,0,0,1,0,0,0,0,1,2,35,1,1,8,1,0,0,1,90,1,1,1,12,1,1
48,482538,1,1,2,8,11,19,1,8,0,1,0,48,2,55,35,55035,4,2003,KMHDN55D53U0,K,M,H,D,N,5,5,D,5,3,U,0,0,P,HYUN,EST,4H,3,17,2635,,0,1027,,G,,F,4,121,,,15R205,,,,,,0,0,000000000,00000000000,0,0,0,1,0,0,0,0,0,0,0,998,0,0,0,12,2,3,8,0,0,0,1,48,75228,6,1,0,0,3,3,999,999,0,0,0,0,0,0,0,0,0,0,0,0,0,0,2,4,50,1,1,8,1,0,0,1,80,7,1,2,13,0,0
48,482539,1,1,1,8,11,18,18,8,0,1,0,48,1,20,421,20421,15,2001,1GNCS13WX121,1,G,N,C,S,1,3,W,X,1,2,1,0,P,CHEV,BZR,UT,1,17,3887,,0,1070,,G,,F,6,262,,,15R235,,,,,,0,0,000000000,00000000000,0,0,0,1,0,0,0,0,0,0,0,998,0,0,0,12,2,3,8,0,0,0,1,48,77450,6,1,0,0,3,3,999,999,0,0,0,1,0,9,2010,9,2010,0,0,0,0,0,2,4,40,1,1,8,1,0,0,1,80,1,1,1,13,0,0
48,482540,1,1,1,8,11,0,20,14,0,1,0,48,1,7,880,7880,67,2007,3D7ML48A77G8,3,D,7,M,L,4,8,A,7,7,G,8,0,T,DODG,SQ3,CW,7,17,,3,0,1600,RPC,D,,,6,408,,,,D,6349,07,E,42,0,88,888888888,88888888888,2,1,97,1,0,0,0,0,0,0,0,998,0,2,5,3,4,3,1,0,0,0,1,48,77619,6,1,6,0,3,3,999,999,0,0,0,0,0,0,0,0,0,0,0,0,0,0,2,4,70,1,1,8,1,0,0,1,13,1,1,4,1,1,0
48,482542,1,1,1,8,11,5,50,42,0,1,0,0,0,37,739,37739,90,2006,000000000000,0,0,0,0,0,0,0,0,0,0,0,0,0,,,,,,,,,,,,,,,,,,,,,,,,,0,0,000000000,00000000000,0,0,0,1,0,0,0,0,0,0,0,998,0,1,5,12,4,3,42,0,0,0,1,48,77357,6,1,0,0,1,0,999,999,1,0,0,1,0,11,2010,1,2011,1,0,0,0,0,1,2,25,3,1,8,11,0,0,14,13,1,1,4,1,1,1
48,482543,1,1,2,9,11,2,7,10,0,1,0,48,1,7,24,7024,4,2010,2B3CA3CV3AH2,2,B,3,C,A,3,C,V,3,A,H,2,0,P,DODG,CHS,4D,10,17,3820,,0,1200,,G,,F,6,214,,,17R215,,,,,,0,0,000000000,00000000000,0,0,0,1,0,0,0,0,0,0,0,998,0,1,5,3,6,2,10,0,0,0,1,47,76544,6,1,0,0,3,0,69,158,0,0,0,0,0,0,0,0,0,0,89,0,0,0,1,2,30,1,1,8,1,65,3,1,98,1,9,1,98,2,1
48,482544,1,1,1,9,11,23,5,30,0,1,0,48,0,76,705,76705,80,2002,JYARJ04E02A0,J,Y,A,R,J,0,4,E,0,2,A,0,0,M,YAMA,R6L,RC,2,17,,,,,,,599,,4,,4,365,,,,,,,0,0,000000000,00000000000,0,0,0,1,0,0,0,0,0,0,0,80,0,0,0,12,8,3,30,0,0,0,1,48,77084,6,1,0,0,3,0,999,999,0,0,0,0,0,0,0,0,0,1,28,0,0,0,5,4,40,2,1,8,1,0,0,1,13,1,1,4,1,1,0
48,482545,1,2,1,9,11,17,7,12,7,1,0,48,3,86,881,86881,63,2006,1M2AG11C76M0,1,M,2,A,G,1,1,C,7,6,M,0,0,T,MACK,CV7,CC,6,17,,8,0,0,700,D,,,6,728,,,,,00000,00,,64,0,57,2038957,572038957,3,2,96,1,0,0,0,0,0,0,0,998,0,1,3,83,4,3,12,0,0,0,1,48,78332,6,1,6,0,3,3,999,999,1,0,0,0,0,1,2010,1,2010,0,27,0,0,0,2,2,70,1,1,8,1,0,0,15,11,1,1,2,46,0,0
48,482545,2,2,3,9,11,17,7,12,7,1,0,48,1,49,32,49032,4,2012,2T1BU4EE9CC7,2,T,1,B,U,4,E,E,9,C,C,7,0,P,TOYT,CBS,4D,12,17,2734,,0,1024,,G,,F,4,110,,,15R195,,,,,,0,0,000000000,00000000000,0,0,0,1,0,0,0,0,0,0,0,998,0,0,0,62,6,2,12,0,0,0,1,48,78541,6,1,0,0,3,3,999,999,0,0,0,0,0,0,0,0,0,0,0,0,0,0,2,2,70,1,1,8,1,0,0,1,10,1,1,1,45,2,0
48,482546,1,2,1,9,11,7,20,12,6,1,0,48,1,12,481,12481,31,1996,1FTEX14N5TKA,1,F,T,E,X,1,4,N,5,T,K,A,0,T,FORD,F15,PC,96,17,,2,1550,1390,COF,G,,,8,302,,,,B,4196,00,M,44,0,0,000000000,00000000000,0,0,0,1,0,0,0,0,0,0,0,998,0,0,0,12,4,3,12,0,0,0,1,48,77372,6,1,0,0,3,3,999,999,1,0,0,0,1,7,2011,7,2011,0,0,0,0,0,1,2,60,1,1,8,1,0,0,1,66,9,1,1,88,0,0
48,482546,2,2,1,9,11,7,20,12,6,1,0,48,1,49,402,49402,14,2009,JTMZF33V29D0,J,T,M,Z,F,3,3,V,2,9,D,0,0,P,TOYT,RG4,UT,9,17,3300,,0,1047,,G,,F,4,153,,,16R215,,,,,,0,0,000000000,00000000000,0,0,0,1,0,0,0,0,0,0,0,998,0,0,0,9,6,2,12,0,0,0,1,48,77328,6,1,0,0,3,3,999,999,0,0,0,0,0,0,0,0,0,0,38,39,0,0,8,8,98,8,8,8,1,20,3,1,17,1,1,1,89,1,0
48,482547,1,2,1,9,11,6,28,32,0,1,0,48,3,98,809,98809,66,2005,2FWJA3CV95AN,2,F,W,J,A,3,C,V,9,5,A,N,1,T,STRG,AT9,TR,5,17,,8,0,0,STE,D,,,6,782,,,,,00000,00,,64,1,57,1941450,571941450,3,6,2,1,0,0,0,0,0,0,0,998,0,1,5,12,6,2,12,0,0,0,1,48,78840,6,1,6,1,3,3,999,999,1,0,0,0,1,11,2011,2,2012,0,28,58,0,0,1,2,70,1,2,8,1,0,0,1,13,1,1,4,1,0,0
48,482547,2,2,1,9,11,6,28,32,0,1,0,48,0,12,481,12481,31,2005,1FTRF12W45NA,1,F,T,R,F,1,2,W,4,5,N,A,0,T,FORD,F15,PK,5,17,,2,1450,1260,COF,G,,,8,281,,,,B,4615,02,U,42,0,0,000000000,00000000000,0,0,0,1,0,0,0,0,0,0,0,998,0,0,0,12,6,2,12,0,0,1,1,48,76901,6,1,0,0,3,0,999,999,0,0,0,0,1,1,2011,1,2011,0,0,0,0,0,1,2,70,1,2,8,1,0,0,1,62,1,1,1,98,1,0
48,482548,1,1,1,9,11,2,30,43,0,1,0,48,2,41,37,41037,4,1998,1YVGF22C4W57,1,Y,V,G,F,2,2,C,4,W,5,7,0,P,MAZD,UDL,4D,98,17,2798,,0,1051,,G,,F,4,122,,,14R185,,,,,,0,0,000000000,00000000000,0,0,0,1,0,0,0,0,0,0,0,998,0,0,0,12,6,2,43,0,0,0,1,48,76140,6,1,0,0,3,0,999,999,1,1,0,0,0,7,2010,8,2010,1,28,0,0,0,1,2,30,1,1,8,1,0,0,1,13,1,1,4,1,1,1
48,482549,1,1,2,10,11,5,50,1,0,1,0,48,1,2,404,2404,14,1999,1J4FF67S2XL5,1,J,4,F,F,6,7,S,2,X,L,5,0,T,JEEP,SPT,2W,99,17,,1,0,1014,CHK,G,,,6,242,,,,,3208,00,E,44,0,0,000000000,00000000000,0,0,0,1,0,0,0,0,0,0,0,998,0,2,5,0,6,2,1,0,0,0,1,48,77511,6,1,0,0,3,3,999,999,0,0,0,0,0,0,0,0,0,0,58,0,0,0,1,2,75,1,2,8,1,0,0,1,12,7,4,4,6,1,0
48,482550,1,1,1,10,11,4,50,42,0,1,0,48,2,6,42,6042,4,1999,2C3HC56G7XH2,2,C,3,H,C,5,6,G,7,X,H,2,0,P,CHRY,LHS,4D,99,17,3492,,0,1130,,G,,F,6,215,,,17R225,,,,,,0,0,000000000,00000000000,0,0,0,1,0,0,0,0,0,0,0,998,0,0,0,12,6,2,42,0,0,0,1,99,99999,9,9,99,9,9,9,999,999,99,99,99,99,99,99,9999,99,9999,1,58,0,0,0,1,2,30,3,1,8,1,0,0,14,13,6,4,4,2,1,1
48,482551,1,1,2,10,11,0,15,38,0,1,0,48,1,12,401,12401,14,1999,1FMYU22E1XUC,1,F,M,Y,U,2,2,E,1,X,U,C,0,P,FORD,EPR,UT,99,17,3675,,0,1017,,G,,F,6,245,,,15R235,,,,,,0,0,000000000,00000000000,0,0,0,1,0,0,0,0,0,0,0,998,0,1,5,99,6,2,1,0,0,0,1,48,78941,6,1,6,0,3,0,999,999,0,2,0,2,0,4,2010,7,2011,1,58,91,0,0,1,2,70,2,1,8,1,0,0,14,13,6,4,4,7,1,1
48,482552,1,1,1,10,11,1,40,1,0,1,0,48,1,13,421,13421,15,2008,5LMFL275X8LJ,5,L,M,F,L,2,7,5,X,8,L,J,0,P,LINC,NAL,UT,8,17,5963,,0,1310,,G,,F,8,329,,,18R255,,,,,,0,0,000000000,00000000000,0,0,0,1,0,0,0,0,0,0,0,61,0,1,5,0,4,3,1,0,0,0,1,48,77433,6,1,0,0,3,0,999,999,0,0,0,1,0,2,2010,2,2010,1,0,0,0,0,2,2,45,1,1,8,1,0,0,1,13,6,4,4,2,1,1
48,482553,1,1,1,10,11,22,50,8,0,1,0,48,3,20,881,20881,61,2009,1GBJC89629E1,1,G,B,J,C,8,9,6,2,9,E,1,0,T,CHEV,3C2,4B,9,17,,3,0,1615,SIL,D,,,8,403,,,,D,6144,00,,42,0,99,999999999,99999999999,2,1,97,1,0,0,0,0,0,0,0,998,0,0,0,9,2,8,8,0,0,0,1,48,77523,6,1,0,0,3,0,999,999,1,0,0,2,0,4,2010,5,2012,0,0,0,0,0,4,2,50,1,1,8,1,0,0,1,80,1,1,1,13,0,0
48,482554,1,2,1,10,11,11,1,12,2,1,0,48,1,12,481,12481,31,2012,1FTFW1CF4CKD,1,F,T,F,W,1,C,F,4,C,K,D,0,T,FORD,F1S,CW,12,17,,2,1570,1450,COF,F,,,8,305,,,,B,5128,03,7,42,0,0,000000000,00000000000,0,0,0,1,0,0,0,0,0,0,0,998,0,0,0,12,6,2,12,0,0,0,1,48,77535,6,1,0,0,3,3,999,999,0,0,0,0,0,0,0,0,0,0,38,0,0,0,1,2,60,1,1,8,1,0,0,11,15,1,1,1,68,0,0
48,482554,2,2,4,10,11,11,1,12,2,1,0,48,2,35,51,35051,6,2009,JN8AS58T09W3,J,N,8,A,S,5,8,T,0,9,W,3,0,P,NISS,ROG,UT,9,17,3281,,0,1059,,G,,F,4,153,,,16R215,,,,,,0,0,000000000,00000000000,0,0,0,1,0,0,0,0,0,0,0,998,0,0,0,12,6,2,12,0,0,0,1,48,77327,6,1,0,0,3,0,999,999,0,1,0,0,0,11,2009,11,2009,0,0,0,0,0,1,2,60,1,1,8,1,0,0,1,62,1,1,1,69,2,0
48,482555,1,1,1,11,11,0,33,8,0,1,0,47,3,82,881,82881,66,2012,1FUJGLDR5CLB,1,F,U,J,G,L,D,R,5,C,L,B,1,T,FRHT,125,TR,12,17,,8,0,0,CSC,D,,,6,903,,,,,00000,00,,64,1,57,96606,5796606,3,6,98,1,0,0,0,0,0,0,0,998,0,0,0,12,2,1,8,0,0,0,1,48,75098,6,1,6,0,3,3,999,999,1,0,0,0,1,12,2009,4,2011,0,0,0,0,0,3,4,60,1,1,8,1,0,0,1,80,1,1,1,13,0,0
48,482556,1,2,1,11,11,2,46,12,6,1,0,48,2,7,482,7482,31,1996,1B7KC26C0TS5,1,B,7,K,C,2,6,C,0,T,S,5,0,T,DODG,250,PK,96,17,,2,0,1347,RPC,D,,,6,359,,,,C,4416,00,M,42,0,0,000000000,00000000000,0,0,0,1,0,0,0,0,0,0,0,998,0,0,0,12,4,3,12,0,0,0,1,48,77377,6,1,0,0,3,3,999,999,0,0,0,1,0,6,2012,6,2012,0,0,0,0,0,4,3,50,1,1,8,1,3,3,1,66,1,1,1,88,0,0
48,482556,2,2,6,11,11,2,46,12,6,1,0,48,1,2,405,2405,14,2004,1J4GK48K24W1,1,J,4,G,K,4,8,K,2,4,W,1,0,T,JEEP,SPR,4W,4,17,,1,0,1043,LIB,G,,,6,226,,,,,3462,01,E,42,0,0,000000000,00000000000,0,0,0,1,0,0,0,0,0,0,0,998,0,0,0,9,4,3,12,0,0,0,1,48,77433,6,1,0,0,3,0,999,999,0,0,0,0,0,0,0,0,0,0,39,0,0,0,2,4,99,1,1,8,1,3,3,1,17,1,1,1,89,1,0
48,482557,1,1,1,11,11,20,41,14,0,1,0,48,1,73,709,73709,80,2007,JKAZX4P187A0,J,K,A,Z,X,4,P,1,8,7,A,0,0,M,KAWK,ZXP,RC,7,17,,,,,,,599,,4,,4,368,,,,,,,0,0,000000000,00000000000,0,0,0,1,0,0,0,0,0,0,0,998,0,0,0,99,9,2,14,0,0,0,1,48,77075,0,0,0,0,0,0,999,999,0,0,0,0,0,0,0,0,0,1,0,0,0,0,1,2,35,1,1,1,1,0,0,1,13,1,1,4,1,1,1
48,482558,1,1,2,11,11,20,52,8,0,1,0,48,1,7,25,7025,5,2007,1B3HB48B67D5,1,B,3,H,B,4,8,B,6,7,D,5,0,P,DODG,CXT,4D,7,17,3038,,0,1037,,G,,F,4,122,,,17R215,,,,,,0,0,000000000,00000000000,0,0,0,1,0,0,0,0,0,0,0,998,0,0,0,12,4,3,8,0,0,0,1,48,78613,6,1,0,0,3,0,999,999,0,0,0,0,0,0,0,0,0,0,0,0,0,0,3,3,65,1,1,8,1,0,0,1,80,1,1,1,13,0,0
48,482559,1,1,1,11,11,12,19,9,0,1,0,48,1,49,40,49040,4,1993,4T1VK13E8PU1,4,T,1,V,K,1,3,E,8,P,U,1,0,P,TOYT,XLE,4D,93,17,3097,,0,1031,,G,,F,6,181,,,000000,,,,,,0,0,000000000,00000000000,0,0,0,1,0,0,0,0,0,0,0,998,0,0,0,12,4,3,9,0,0,0,1,48,77465,6,1,0,0,3,0,999,999,0,1,0,1,0,11,2010,5,2011,1,91,0,0,0,1,2,65,3,1,8,1,0,0,14,83,1,1,1,13,0,1
48,482560,1,2,1,11,11,3,54,12,2,1,0,19,1,30,46,30046,4,2002,WVWPD63B22P3,W,V,W,P,D,6,3,B,2,2,P,3,0,P,VOLK,PGS,4D,2,17,3099,,0,1064,,G,,T,4,109,,,15R195,,,,,,0,0,000000000,00000000000,0,0,0,1,0,0,0,0,0,0,0,998,0,0,0,12,4,3,12,0,0,0,1,19,50317,0,0,0,0,0,0,999,999,1,1,0,1,0,6,2011,5,2012,0,51,91,0,0,2,2,60,1,3,8,2,0,0,1,54,1,1,1,52,0,1
48,482560,2,2,10,11,11,3,54,12,2,1,0,48,3,12,461,12461,21,2013,1FBSS3BL0DDA,1,F,B,S,S,3,B,L,0,D,D,A,0,T,FORD,WSD,ES,13,17,,2,0,1380,ECO,G,,,8,330,,,,D,6432,00,E,42,0,0,000000000,00000000000,0,0,0,1,0,0,0,0,0,0,0,998,0,1,3,12,4,3,12,0,0,0,1,48,77316,6,1,0,0,3,0,999,999,0,0,0,1,0,1,2011,1,2011,0,0,0,0,0,2,2,60,1,3,8,2,0,0,1,54,6,1,2,52,1,0
48,482561,1,2,1,11,11,13,48,12,6,1,0,48,1,37,31,37031,4,2005,2HGES15595H5,2,H,G,E,S,1,5,5,9,5,H,5,0,P,HOND,UCL,4D,5,17,2560,,0,1031,,G,,F,4,102,,,15R195,,,,,,0,0,000000000,00000000000,0,0,0,1,0,0,0,0,0,0,0,998,0,0,0,9,6,2,12,0,0,0,1,48,78644,6,1,0,0,3,3,999,999,0,0,0,0,0,0,0,0,0,0,54,0,0,0,2,3,98,1,3,8,1,0,0,1,53,1,1,1,48,1,0
48,482561,2,2,2,11,11,13,48,12,6,1,0,48,1,20,481,20481,31,2011,1GNSCVE06BR2,1,G,N,S,C,V,E,0,6,B,R,2,0,T,CHEV,,,11,17,,,,,,,,,,,,,,,,,,,0,0,000000000,00000000000,0,0,0,1,0,0,0,0,0,0,0,998,0,0,0,12,6,2,12,0,0,0,1,48,78644,6,1,0,0,3,3,999,999,0,0,0,0,0,0,0,0,0,0,0,0,0,0,2,3,98,1,3,8,1,0,0,1,50,99,9,1,48,0,0
48,482562,1,2,2,12,11,16,8,12,6,1,0,48,2,6,441,6441,20,2012,2C4RC1BG7CR2,2,C,4,R,C,1,B,G,7,C,R,2,0,P,CHRY,TWC,SV,12,17,4652,,0,1212,,F,,F,6,220,,,16R235,,,,,,0,0,000000000,00000000000,0,0,0,1,0,0,0,0,0,0,0,998,0,0,0,9,4,3,12,0,0,0,1,48,75963,6,1,7,0,3,3,999,999,2,0,0,0,0,3,2010,3,2011,0,38,0,0,0,1,4,55,1,1,8,1,0,0,4,17,1,1,1,89,1,0
48,482562,2,2,1,12,11,16,8,12,6,1,0,48,1,42,42,42042,4,2002,WDBRF64J72F2,W,D,B,R,F,6,4,J,7,2,F,2,0,P,MERZ,C32,4D,2,17,3350,,0,1068,,F,,F,6,195,,,16R205,,,,,,0,0,000000000,00000000000,0,0,0,1,0,0,0,0,0,0,0,998,0,0,0,12,4,3,12,0,0,0,1,48,75839,6,1,0,0,3,0,999,999,0,0,0,0,0,0,0,0,0,0,0,0,0,0,1,4,55,1,1,8,1,0,0,1,66,1,1,1,88,0,0
48,482563,1,2,1,12,11,7,39,12,6,1,0,48,2,49,40,49040,4,1992,JT2SK12E7N00,J,T,2,S,K,1,2,E,7,N,0,0,0,P,TOYT,CLE,4D,92,17,3053,,0,1031,,G,,F,4,132,,,000000,,,,,,0,0,000000000,00000000000,0,0,0,1,0,0,0,0,0,0,0,998,0,0,0,3,6,2,12,0,0,0,1,48,76259,6,1,0,0,3,3,999,999,0,0,0,0,0,0,0,0,0,0,28,0,0,0,1,2,55,3,1,8,1,0,0,14,10,1,1,2,64,1,0