STATE,ST_CASE,VEH_NO,VE_FORMS,NUMOCCS,DAY,MONTH,HOUR,MINUTE,HARM_EV,MAN_COLL,UNITTYPE,HIT_RUN,REG_STAT,OWNER,MAKE,MODEL,MAK_MOD,BODY_TYP,MOD_YEAR,VIN,VIN_1,VIN_2,VIN_3,VIN_4,VIN_5,VIN_6,VIN_7,VIN_8,VIN_9,VIN_10,VIN_11,VIN_12,TOW_VEH,VINTYPE,VINMAKE,VINA_MOD,VIN_BT,VINMODYR,VIN_LNGT,VIN_WGT,WGTCD_TR,WHLBS_LG,WHLBS_SH,SER_TR,FUELCODE,MCYCL_DS,CARBUR,CYLINDER,DISPLACE,MCYCL_CY,MCYCL_WT,TIRE_SZE,TON_RAT,TRK_WT,TRKWTVAR,VIN_REST,WHLDRWHL,J_KNIFE,MCARR_I1,MCARR_I2,MCARR_ID,GVWR,V_CONFIG,CARGO_BT,HAZ_INV,HAZ_PLAC,HAZ_ID,HAZ_CNO,HAZ_REL,BUS_USE,SPEC_USE,EMER_USE,TRAV_SP,UNDERIDE,ROLLOVER,ROLINLOC,IMPACT1,DEFORMED,TOWED,M_HARM,VEH_SC1,VEH_SC2,FIRE_EXP,DR_PRES,L_STATE,DR_ZIP,L_STATUS,L_TYPE,CDL_STAT,L_ENDORS,L_COMPL,L_RESTRI,DR_HGT,DR_WGT,PREV_ACC,PREV_SUS,PREV_DWI,PREV_SPD,PREV_OTH,FIRST_MO,FIRST_YR,LAST_MO,LAST_YR,SPEEDREL,DR_SF1,DR_SF2,DR_SF3,DR_SF4,VTRAFWAY,VNUM_LAN,VSPD_LIM,VALIGN,VPROFILE,VPAVETYP,VSURCOND,VTRAFCON,VTCONT_F,P_CRASH1,P_CRASH2,P_CRASH3,PCRASH4,PCRASH5,ACC_TYPE,DEATHS,DR_DRINK
48,482563,2,2,5,12,11,7,39,12,6,1,0,48,2,12,481,12481,31,2011,1FTFW1CF3BFD,1,F,T,F,W,1,C,F,3,B,F,D,0,T,FORD,F1S,CW,11,17,,2,1570,1450,COF,F,,,8,305,,,,B,5128,03,7,42,0,0,000000000,00000000000,0,0,0,1,0,0,0,0,0,0,0,998,0,0,0,12,6,2,12,0,0,0,1,48,76259,6,1,0,0,3,0,999,999,0,0,0,0,0,0,0,0,0,0,0,0,0,0,1,2,55,2,1,8,1,0,0,14,62,1,1,1,65,0,0
48,482564,1,2,2,12,11,9,10,12,6,1,0,48,2,12,23,12023,4,2006,3FAHP07156R1,3,F,A,H,P,0,7,1,5,6,R,1,0,P,FORD,F/E,4D,6,17,3101,,0,1074,,G,,F,6,183,,,16R205,,,,,,0,0,000000000,00000000000,0,0,0,1,0,0,0,0,0,0,0,998,0,0,0,3,4,3,12,0,0,0,1,48,75110,6,1,6,0,3,3,999,999,0,0,0,0,0,0,0,0,0,0,38,0,0,0,1,2,98,8,8,8,1,20,3,4,17,1,1,1,87,2,0
48,482564,2,2,1,12,11,9,10,12,6,1,0,40,3,86,881,86881,66,2006,1M2AG11Y56M0,1,M,2,A,G,1,1,Y,5,6,M,0,1,T,MACK,CV7,TR,6,17,,8,0,0,700,D,,,6,728,,,,,00000,00,,64,1,57,669888,57669888,3,6,2,1,0,0,0,0,0,0,0,998,0,1,5,12,4,3,1,0,0,0,1,48,75861,6,1,6,0,3,0,999,999,0,0,0,0,0,0,0,0,0,0,0,0,0,0,1,2,70,1,1,8,1,0,0,1,62,1,1,1,86,0,0
48,482565,1,1,1,12,11,0,30,46,0,1,0,48,1,2,404,2404,14,1989,1J4FJ78LXKL5,1,J,4,F,J,7,8,L,X,K,L,5,0,T,JEEP,LIM,4W,89,17,,1,0,1014,CHK,G,,,6,242,,,,,00000,00,A,44,0,0,000000000,00000000000,0,0,0,1,0,0,0,0,0,0,0,998,0,0,0,12,4,3,46,0,0,0,1,48,77064,6,1,0,0,3,0,999,999,0,0,0,0,0,0,0,0,0,1,0,0,0,0,3,2,35,1,1,8,2,3,3,1,12,1,1,4,6,1,1
48,482566,1,1,2,12,11,0,45,1,0,1,0,48,1,20,421,20421,15,1999,1GNCS13W7X21,1,G,N,C,S,1,3,W,7,X,2,1,0,P,CHEV,BZR,UT,99,17,3692,,0,1070,,G,,F,6,262,,,15R205,,,,,,0,0,000000000,00000000000,0,0,0,1,0,0,0,0,0,0,0,998,0,2,1,0,4,3,1,0,0,0,1,48,79706,6,1,0,0,3,3,999,999,0,0,0,0,0,0,0,0,0,0,28,58,0,0,1,2,70,1,1,8,1,0,0,1,10,7,4,2,98,1,0
48,482567,1,2,1,13,11,6,0,12,6,1,0,48,2,52,37,52037,2,1998,4A3AX35G1WE1,4,A,3,A,X,3,5,G,1,W,E,1,0,P,MITS,SGS,CV,98,17,2888,,0,988,,G,,F,4,143,,,14R195,,,,,,0,0,000000000,00000000000,0,0,0,1,0,0,0,0,0,0,0,998,0,0,0,3,6,2,12,0,0,0,1,48,78872,0,0,0,0,0,0,999,999,0,3,0,0,0,8,2010,8,2012,0,38,0,0,0,5,2,65,1,1,8,1,0,0,11,15,1,1,1,68,1,0
48,482567,2,2,2,13,11,6,0,12,6,1,0,48,2,7,880,7880,67,2005,3D7MS48C75G7,3,D,7,M,S,4,8,C,7,5,G,7,0,T,DODG,SQ3,CW,5,17,,3,0,1600,RPC,D,,,6,359,,,,D,6586,00,E,44,0,88,888888888,88888888888,2,1,97,1,0,0,0,0,0,0,0,998,0,0,0,12,4,3,12,0,0,0,1,48,78076,6,1,6,0,3,0,999,999,0,0,0,0,0,0,0,0,0,0,0,0,0,0,5,2,65,1,1,8,1,0,0,1,62,3,2,1,69,0,0
48,482568,1,2,1,13,11,6,1,12,2,1,0,48,3,51,881,51881,66,2003,4V4NC9TH33N3,4,V,4,N,C,9,T,H,3,3,N,3,1,T,VOLV,VNL,TR,3,17,,8,0,0,VVN,D,,,6,915,,,,,00000,00,,64,1,57,2278808,572278808,3,6,1,1,0,0,0,0,0,0,0,998,0,0,0,12,4,3,12,0,0,0,1,26,48212,6,1,6,3,3,0,66,235,0,0,0,0,0,0,0,0,0,0,0,0,0,0,1,2,75,1,1,8,1,0,0,1,62,6,1,1,51,0,0
48,482568,2,2,1,13,11,6,1,12,2,1,0,48,1,20,481,20481,31,2001,2GCEC19T7111,2,G,C,E,C,1,9,T,7,1,1,1,0,T,CHEV,SC1,4C,1,17,,2,1575,1435,SIL,G,,,8,325,,,,B,4413,00,,42,0,0,000000000,00000000000,0,0,0,1,0,0,0,0,0,0,0,998,0,0,0,12,6,2,12,0,0,0,1,48,78942,6,1,0,0,3,0,999,999,1,4,0,2,1,12,2009,8,2012,0,28,0,0,0,1,2,75,1,1,8,1,0,0,1,10,1,1,2,50,1,0
48,482569,1,1,1,13,11,9,18,1,0,1,0,6,2,35,472,35472,30,2001,1N6ED27Y41C3,1,N,6,E,D,2,7,Y,4,1,C,3,0,T,NISS,XSC,CW,1,17,,1,0,1161,FRT,G,,,6,201,,,,B,3947,02,U,44,0,0,000000000,00000000000,0,0,0,1,0,0,0,0,0,0,0,82,0,2,3,0,4,3,1,0,0,0,1,6,94043,6,1,0,0,3,3,65,200,0,0,0,0,0,0,0,0,0,0,58,0,0,0,2,4,80,1,2,8,1,0,0,1,12,7,3,4,2,1,0
48,482570,1,2,1,14,11,7,45,12,6,1,0,48,1,52,37,52037,2,2003,4A3AE45G23E1,4,A,3,A,E,4,5,G,2,3,E,1,0,P,MITS,SGS,CV,3,17,3042,,0,1008,,G,,F,4,146,,,16R205,,,,,,0,0,000000000,00000000000,0,0,0,1,0,0,0,0,0,0,0,998,0,0,0,3,4,3,12,0,0,0,1,48,78011,6,1,0,0,3,3,999,999,0,0,0,1,0,2,2012,2,2012,0,58,0,0,0,1,2,70,1,1,8,1,0,0,1,90,7,4,6,64,1,0
48,482570,2,2,3,14,11,7,45,12,6,1,0,48,3,12,880,12880,67,2008,1FTWX30558EC,1,F,T,W,X,3,0,5,5,8,E,C,0,T,FORD,F3S,4C,8,17,,3,1580,1420,SRW,G,,,8,329,,,,D,5989,01,U,42,0,57,2367634,572367634,2,1,97,1,0,0,0,0,0,0,0,998,0,0,0,12,4,3,12,0,0,0,1,48,78245,6,1,0,0,3,0,999,999,1,0,0,0,0,2,2011,2,2011,0,0,0,0,0,1,2,70,1,1,8,1,0,0,1,62,1,1,1,65,0,0
48,482571,1,1,1,14,11,22,37,8,0,1,0,48,3,7,880,7880,67,2012,3C63DRGL3CG2,3,C,6,3,D,R,G,L,3,C,G,2,0,T,DODG,ST3,CW,12,17,,3,0,1690,RPC,D,,,6,408,,,,D,6440,00,K,44,0,57,1666688,571666688,2,1,97,1,0,0,0,0,0,0,0,998,0,0,0,12,2,3,8,0,0,0,1,48,77845,6,1,6,0,3,3,999,999,0,0,0,0,1,5,2010,5,2010,0,0,0,0,0,4,2,55,1,1,8,1,0,0,1,80,1,1,1,13,0,0
48,482572,1,3,1,14,11,11,42,12,1,1,0,48,2,36,32,36032,2,1978,124CS1013245,1,2,4,C,S,1,0,1,3,2,4,5,0,P,FIAT,S12,CV,78,13,2180,,0,897,,G,,2,4,107,,,13R165,,,,,,0,0,000000000,00000000000,0,0,0,1,0,0,0,0,0,0,0,998,0,0,0,12,4,3,12,0,0,0,1,48,75028,6,1,0,0,3,0,999,999,0,0,0,0,0,0,0,0,0,1,0,0,0,0,4,2,40,3,1,8,1,0,0,6,50,1,1,2,20,1,0
48,482572,2,3,1,14,11,11,42,12,1,1,0,48,3,12,402,12402,14,2012,1FMCU9D75CKB,1,F,M,C,U,9,D,7,5,C,K,B,0,P,FORD,SPE,UT,12,17,3477,,0,1031,,G,,F,4,153,,,16R235,,,,,,0,0,000000000,00000000000,0,0,0,1,0,0,0,0,0,0,0,0,0,0,0,6,4,3,12,0,0,0,1,99,99999,9,9,99,9,9,9,999,999,99,99,99,99,99,99,9999,99,9999,0,0,0,0,0,4,2,40,3,1,8,1,0,0,5,53,1,1,1,21,0,0
48,482572,3,3,0,14,11,11,42,12,1,1,0,48,6,2,405,2405,14,2012,1C4PJLAK4CW1,1,C,4,P,J,L,A,K,4,C,W,1,0,T,JEEP,SPR,4W,12,17,,1,0,1061,LIB,G,,,6,225,,,,,4076,00,R,42,0,0,000000000,00000000000,0,0,0,1,0,0,0,0,0,0,0,998,0,0,0,6,2,3,12,0,0,0,0,0,99997,7,6,97,7,6,7,998,997,998,998,998,998,998,98,9998,98,9998,8,0,0,0,0,4,2,40,3,1,8,1,0,0,0,53,0,0,0,98,0,0
48,482573,1,2,1,14,11,6,10,12,6,1,0,34,3,84,881,84881,66,2005,1HSHXAHR35J0,1,H,S,H,X,A,H,R,3,5,J,0,1,T,INTL,860,TR,5,17,,8,0,0,80S,D,,,6,661,,,,,00000,00,,64,1,57,688633,57688633,3,6,2,1,0,0,0,0,0,0,0,998,0,0,0,4,2,1,12,0,0,0,1,48,77598,6,1,6,0,3,3,999,999,0,0,0,1,0,11,2009,11,2009,0,0,0,0,0,1,4,35,1,1,8,1,0,0,11,15,1,1,1,68,0,0
48,482573,2,2,1,14,11,6,10,12,6,1,0,48,1,76,706,76706,80,2009,JYARN23EX9A0,J,Y,A,R,N,2,3,E,X,9,A,0,0,M,YAMA,YFR,RC,9,17,,,,,,,998,,4,,4,454,,,,,,,0,0,000000000,00000000000,0,0,0,1,0,0,0,0,0,0,0,998,0,0,0,12,2,3,12,0,0,0,1,48,77632,6,1,0,0,2,0,999,999,0,0,0,1,0,7,2010,7,2010,1,0,0,0,0,1,4,35,1,1,8,1,0,0,1,62,1,1,1,69,1,0
48,482574,2,1,1,14,11,22,0,14,0,1,0,48,2,37,32,37032,2,2003,1HGCM82603A0,1,H,G,C,M,8,2,6,0,3,A,0,0,P,HOND,UEX,CP,3,17,3047,,0,1051,,G,,F,6,183,,,16R205,,,,,,0,0,000000000,00000000000,0,0,0,1,0,0,0,0,0,0,0,998,0,0,0,12,6,2,14,0,0,0,1,48,77306,6,1,6,0,3,0,999,999,0,0,0,1,1,2,2011,9,2011,0,0,0,0,0,3,4,65,1,2,8,1,0,0,1,12,1,1,4,6,1,1
48,482575,1,1,2,14,11,19,34,8,0,1,0,48,2,51,881,51881,66,2005,4V4NC9TH45N3,4,V,4,N,C,9,T,H,4,5,N,3,1,T,VOLV,VNL,TR,5,17,,8,0,0,VVN,D,,,6,915,,,,,00000,00,,64,1,57,688068,57688068,3,6,1,1,0,0,0,0,0,0,0,998,0,0,0,12,2,3,8,0,0,0,1,48,78542,6,1,6,0,3,0,999,999,0,4,0,1,2,3,2011,9,2012,0,0,0,0,0,5,4,50,1,1,8,1,0,0,1,80,1,1,1,13,0,0
48,482576,1,1,2,14,11,23,12,30,0,1,0,48,3,12,481,12481,31,2001,1FTRX18L41KF,1,F,T,R,X,1,8,L,4,1,K,F,0,T,FORD,F15,4C,1,17,,2,1574,1388,COF,G,,,8,330,,,,B,4611,04,U,44,0,0,000000000,00000000000,0,0,0,1,0,0,0,0,0,0,0,998,0,1,5,2,4,3,30,0,0,0,1,48,78626,6,1,0,0,3,0,999,999,0,0,0,0,0,0,0,0,0,0,0,0,0,0,5,4,50,3,1,8,1,0,0,14,13,1,1,4,1,1,0
48,482577,1,1,1,15,11,21,56,5,0,1,0,48,2,76,705,76705,80,2003,JYARJ06E43A0,J,Y,A,R,J,0,6,E,4,3,A,0,0,M,YAMA,R6L,RC,3,17,,,,,,,599,,4,,4,357,,,,,,,0,0,000000000,00000000000,0,0,0,1,0,0,0,0,0,0,0,998,0,0,0,0,8,1,14,0,0,0,1,48,76549,6,1,0,0,3,0,999,999,0,0,0,1,1,11,2010,3,2012,0,0,0,0,0,1,2,30,1,1,8,1,0,0,1,10,99,2,2,0,1,0
48,482578,1,2,1,15,11,17,42,12,6,1,0,48,1,7,442,7442,20,2006,1D4GP25B46B7,1,D,4,G,P,2,5,B,4,6,B,7,0,P,DODG,CAR,SV,6,17,3821,,0,1133,,G,,F,4,148,,,15R215,,,,,,0,0,000000000,00000000000,0,0,0,1,0,0,0,0,0,0,0,998,0,0,0,10,6,2,12,0,0,0,1,48,78542,0,0,0,0,0,0,999,999,0,1,0,1,0,12,2011,3,2012,0,0,0,0,0,0,0,0,0,0,0,0,0,0,11,15,1,1,1,82,0,0
48,482578,2,2,1,15,11,17,42,12,6,1,0,48,1,76,705,76705,80,2006,JYARJ08E46A0,J,Y,A,R,J,0,8,E,4,6,A,0,0,M,YAMA,FSZ,RC,6,17,,,,,,,600,,4,,4,423,,,,,,,0,0,000000000,00000000000,0,0,0,1,0,0,0,0,0,0,0,998,0,0,0,12,6,2,12,0,0,0,1,48,78537,6,1,0,0,3,0,999,999,0,0,0,0,0,0,0,0,0,0,39,0,0,0,1,4,55,1,1,8,1,3,3,1,17,1,1,1,83,1,0
48,482579,1,2,25,15,11,16,35,10,0,1,0,48,3,87,881,87881,66,2006,1XP5DB9X56D8,1,X,P,5,D,B,9,X,5,6,D,8,1,T,PTRB,379,TR,6,17,,8,0,0,CON,D,,,6,893,,,,,00000,00,,64,1,57,1424309,571424309,3,6,3,1,0,0,0,0,0,0,0,998,0,0,0,5,2,3,10,0,0,0,1,48,79706,6,1,6,0,3,3,999,999,1,0,0,0,0,7,2011,7,2011,0,0,0,0,0,3,3,35,1,3,8,1,65,3,1,98,1,1,1,98,4,0
48,482579,2,2,1,15,11,16,35,10,0,1,0,48,3,12,16,12016,4,2008,2FAFP71V88X1,2,F,A,F,P,7,1,V,8,8,X,1,0,P,FORD,CVP,4D,8,17,0,,0,1146,,F,,F,8,281,,,17R235,,,,,,0,0,000000000,00000000000,0,0,0,1,0,0,0,0,0,5,0,0,0,0,0,1,2,3,12,0,0,0,1,48,79703,6,1,0,0,3,3,999,999,0,0,0,0,0,0,0,0,0,0,16,0,0,0,3,3,35,1,3,8,1,97,8,5,62,1,1,1,98,0,0
48,482580,1,2,2,15,11,18,23,12,6,1,0,48,1,63,33,63033,4,2009,KNAFE2211956,K,N,A,F,E,2,2,1,1,9,5,6,0,P,KIA,SXC,4D,9,17,2701,,0,1028,,G,,F,4,122,,,15R195,,,,,,0,0,000000000,00000000000,0,0,0,1,0,0,0,0,0,0,0,998,0,0,0,10,2,3,3,0,0,0,1,48,75038,6,1,0,0,3,3,999,999,0,0,0,0,0,0,0,0,0,0,38,39,0,0,1,2,30,1,1,8,1,20,3,10,16,1,1,1,78,2,0
48,482580,2,2,1,15,11,18,23,12,6,1,0,48,1,54,398,54398,2,1997,19UYA2258VL0,1,9,U,Y,A,2,2,5,8,V,L,0,0,P,ACUR,30C,CP,97,17,3186,,0,1069,,G,,F,6,183,,,16R205,,,,,,0,0,000000000,00000000000,0,0,0,1,0,0,0,0,0,0,0,998,0,0,0,12,2,3,12,0,0,0,1,48,76119,6,1,0,0,3,0,999,999,0,0,0,0,0,0,0,0,0,0,0,0,0,0,4,2,98,8,8,8,1,0,0,1,65,1,1,1,79,0,0
48,482581,1,2,1,16,11,10,0,12,2,1,0,48,1,23,481,23481,31,2001,2GTEC19V7111,2,G,T,E,C,1,9,V,7,1,1,1,0,T,GMC,NC1,PC,1,17,,2,1575,1435,SIE,G,,,8,293,,,,B,4413,00,U,42,0,0,000000000,00000000000,0,0,0,1,0,0,0,0,0,0,0,998,0,0,0,12,6,2,12,0,0,0,1,48,76541,6,1,0,0,3,0,999,999,0,0,0,0,0,0,0,0,0,0,28,0,0,0,1,2,70,1,2,8,1,0,0,1,10,1,1,2,50,1,0
48,482581,2,2,1,16,11,10,0,12,2,1,0,48,1,49,32,49032,4,1995,1NXAE04B2SZ3,1,N,X,A,E,0,4,B,2,S,Z,3,0,P,TOYT,COA,4D,95,17,2315,,0,970,,G,,F,4,097,,,14R175,,,,,,0,0,000000000,00000000000,0,0,0,1,0,0,0,0,0,0,0,998,0,0,0,12,6,2,12,0,0,0,1,48,75803,6,1,0,0,3,0,999,999,0,0,0,0,0,0,0,0,0,0,0,0,0,0,1,2,70,1,2,8,1,0,0,1,62,1,1,1,51,1,0
48,482582,1,1,1,16,11,23,14,8,0,1,0,48,1,12,3,12003,2,2000,1FAFP4046YF1,1,F,A,F,P,4,0,4,6,Y,F,1,0,P,FORD,MUS,CP,0,17,3066,,0,1013,,G,,F,6,232,,,15R205,,,,,,0,0,000000000,00000000000,0,0,0,1,0,0,0,0,0,0,0,998,0,0,0,12,2,3,8,0,0,0,1,48,76548,6,1,0,0,3,0,999,999,0,0,0,1,0,5,2010,5,2010,0,0,0,0,0,5,4,50,1,1,8,1,0,0,1,80,1,1,1,13,0,0
48,482583,1,1,1,16,11,1,22,42,0,1,0,48,1,20,481,20481,31,2010,1GCSCREA5AZ1,1,G,C,S,C,R,E,A,5,A,Z,1,0,T,CHEV,4SC,4C,10,17,,2,0,1435,SIL,F,,,8,293,,,,B,4924,00,,42,0,0,000000000,00000000000,0,0,0,1,0,0,0,0,0,0,0,998,0,0,0,12,4,3,42,0,0,0,1,48,76502,6,1,0,0,3,0,999,999,0,0,0,0,0,0,0,0,0,0,99,99,99,99,2,2,60,1,1,8,1,0,0,1,12,1,1,4,6,1,0
48,482584,1,1,1,16,11,16,45,8,0,1,0,48,1,49,32,49032,4,2009,1NXBU40E49Z1,1,N,X,B,U,4,0,E,4,9,Z,1,0,P,TOYT,CBL,4D,9,17,2723,,0,1024,,G,,F,4,110,,,15R195,,,,,,0,0,000000000,00000000000,0,0,0,1,0,0,0,0,0,0,0,998,0,0,0,12,4,3,8,0,0,0,1,48,75835,6,1,0,0,3,3,999,999,1,0,0,0,0,12,2009,12,2009,0,0,0,0,0,1,2,55,1,1,8,1,0,0,1,80,1,1,1,13,0,0
48,482585,1,2,2,16,11,9,50,12,8,1,0,22,3,82,881,82881,66,1999,1FUYDSZB7XPA,1,F,U,Y,D,S,Z,B,7,X,P,A,1,T,FRHT,FLD,TR,99,17,,8,0,0,CON,D,,,6,774,,,,,00000,00,,64,1,57,1729603,571729603,3,6,10,1,0,0,0,0,0,0,0,998,0,0,0,82,4,3,12,0,0,0,1,22,71333,6,1,6,1,3,0,71,175,0,0,0,0,0,0,0,0,0,0,0,0,0,0,1,2,70,1,1,8,1,0,0,1,62,4,1,1,66,0,0
48,482585,2,2,1,16,11,9,50,12,8,1,0,48,1,49,422,49422,15,2004,5TDZT34AX4S2,5,T,D,Z,T,3,4,A,X,4,S,2,0,P,TOYT,SEQ,UT,4,17,5070,,0,1181,,G,,F,8,285,,,16R245,,,,,,0,0,000000000,00000000000,0,0,0,1,0,0,0,0,0,0,0,998,0,0,0,82,6,2,12,0,0,0,1,48,75951,6,1,0,0,3,3,999,999,3,7,0,2,0,2,2010,8,2012,0,28,0,0,0,1,2,70,1,1,8,1,0,0,1,10,1,1,2,66,1,0
48,482586,1,2,1,16,11,6,55,12,8,1,0,48,2,35,481,35481,31,2012,1N6BA0EC5CN3,1,N,6,B,A,0,E,C,5,C,N,3,0,T,NISS,SLP,CW,12,17,,2,0,0,TTN,F,,,8,342,,,,B,5300,00,4,44,0,0,000000000,00000000000,0,0,0,1,0,0,0,0,0,0,0,998,0,0,0,62,6,2,12,0,0,0,1,48,79005,6,1,0,0,3,0,999,999,0,0,0,0,0,0,0,0,0,0,28,0,0,0,1,2,70,2,2,8,1,0,0,14,10,1,1,2,66,1,0
48,482586,2,2,1,16,11,6,55,12,8,1,0,93,3,82,881,82881,66,2000,1FUYDDZB7YPB,1,F,U,Y,D,D,Z,B,7,Y,P,B,1,T,FRHT,FLD,TR,0,17,,8,0,0,CON,D,,,6,855,,,,,00000,00,,64,1,57,1606158,571606158,3,6,3,1,0,0,0,0,0,0,0,998,0,0,0,62,2,1,12,0,0,0,1,48,76001,6,1,6,0,3,3,999,999,0,0,0,1,2,5,2010,3,2011,0,89,0,0,0,1,2,70,3,2,8,1,0,0,1,62,1,1,1,66,0,0
48,482587,1,1,2,16,11,13,50,43,0,1,0,48,2,22,18,22018,4,1999,1G2NE52T9XC5,1,G,2,N,E,5,2,T,9,X,C,5,0,P,PONT,GAS,4D,99,17,3102,,0,1071,,G,,F,4,146,,,15R215,,,,,,0,0,000000000,00000000000,0,0,0,1,0,0,0,0,0,0,0,998,0,1,5,12,6,2,1,0,0,0,1,48,78336,0,0,0,0,0,0,999,999,0,0,0,0,0,0,0,0,0,0,91,0,0,0,2,2,70,1,1,8,1,0,0,1,13,1,1,4,1,1,0
48,482588,1,2,1,16,11,23,0,12,2,1,0,48,2,12,481,12481,31,2005,1FTRF12W65NA,1,F,T,R,F,1,2,W,6,5,N,A,0,T,FORD,F15,PK,5,17,,2,1450,1260,COF,G,,,8,281,,,,B,4615,02,U,42,0,0,000000000,00000000000,0,0,0,1,0,0,0,0,0,0,0,998,0,0,0,12,6,2,12,0,0,0,1,48,75707,0,0,0,0,0,0,999,999,0,18,0,1,0,1,2010,1,2012,0,91,0,0,0,2,2,55,1,1,8,1,0,0,1,12,1,1,4,50,0,1
48,482588,2,2,2,16,11,23,0,12,2,1,0,48,2,7,442,7442,20,2007,2D4GP44L97R2,2,D,4,G,P,4,4,L,9,7,R,2,0,T,DODG,GSX,ES,7,17,,1,0,1193,CAR,G,,,6,232,,,,,4252,00,E,42,0,0,000000000,00000000000,0,0,0,1,0,0,0,0,0,0,0,998,0,0,0,12,6,2,12,0,0,0,1,48,75751,6,1,0,0,3,0,999,999,0,0,0,0,0,0,0,0,0,0,0,0,0,0,2,2,55,1,2,8,1,0,0,1,62,1,1,1,51,1,0
48,482589,1,1,1,17,11,20,3,8,0,1,0,48,2,12,481,12481,31,1995,1FTDF15Y8SLA,1,F,T,D,F,1,5,Y,8,S,L,A,0,T,FORD,F15,PK,95,17,,1,1330,1170,COF,G,,,6,300,,,,B,00000,00,M,42,0,0,000000000,00000000000,0,0,0,1,0,0,0,0,0,0,0,998,0,0,0,12,4,3,8,0,0,0,1,48,78244,6,1,0,0,3,3,999,999,0,0,0,2,0,11,2011,6,2012,0,0,0,0,0,1,2,35,1,2,8,1,0,0,1,80,4,1,1,13,0,1
48,482590,1,2,1,17,11,16,51,12,6,1,0,48,1,59,403,59403,14,2004,JTJGA31UX400,J,T,J,G,A,3,1,U,X,4,0,0,0,P,LEXS,R33,UT,4,17,3860,,0,1069,,G,,F,6,202,,,17R225,,,,,,0,0,000000000,00000000000,0,0,0,1,0,0,0,0,0,0,0,998,0,0,0,2,2,3,12,0,0,0,1,48,75228,6,1,0,0,3,3,999,999,1,0,0,0,0,9,2010,9,2010,0,38,0,0,0,2,3,35,1,1,8,1,0,0,11,15,1,1,1,68,0,0
48,482590,2,2,1,17,11,16,51,12,6,1,0,48,0,76,706,76706,80,2006,JYARN15E46A0,J,Y,A,R,N,1,5,E,4,6,A,0,0,M,YAMA,YFR,RC,6,17,,,,,,,998,,4,,4,381,,,,,,,0,0,000000000,00000000000,0,0,0,1,0,0,0,0,0,0,0,998,0,0,0,12,8,3,12,0,0,0,1,48,77381,6,1,0,0,2,3,67,125,0,0,0,0,0,0,0,0,0,0,0,0,0,0,2,3,35,1,1,8,1,0,0,1,62,1,1,1,69,1,0
48,482591,1,2,7,17,11,18,45,12,6,1,0,48,2,12,422,12422,15,2010,1FMJK1F58AEA,1,F,M,J,K,1,F,5,8,A,E,A,0,P,FORD,EPT,UT,10,17,5928,,0,1310,,F,,F,8,329,,,17R265,,,,,,0,0,000000000,00000000000,0,0,0,1,0,0,0,0,0,0,0,998,0,0,0,1,6,2,12,0,0,0,1,48,77459,6,1,0,0,3,0,999,999,0,0,0,0,0,0,0,0,0,0,39,0,0,0,1,6,50,1,1,8,1,3,3,11,15,1,1,1,68,0,0
48,482591,2,2,2,17,11,18,45,12,6,1,0,48,1,59,403,59403,14,2011,2T2ZK1BA9BC0,2,T,2,Z,K,1,B,A,9,B,C,0,0,P,LEXS,RX5,UT,11,17,4178,,0,1079,,G,,F,6,211,,,18R235,,,,,,0,0,000000000,00000000000,0,0,0,1,0,0,0,0,0,0,0,998,0,0,0,11,6,2,12,0,0,0,1,48,77459,6,1,0,0,3,3,999,999,0,0,0,0,0,0,0,0,0,0,0,0,0,0,1,6,50,1,1,8,1,3,3,1,62,1,1,1,69,1,0
48,482592,1,1,1,17,11,23,13,42,0,1,0,48,2,12,17,12017,4,2001,1FAFP55211A2,1,F,A,F,P,5,5,2,1,1,A,2,0,P,FORD,TSS,4D,1,17,3343,,0,1085,,F,,F,6,182,,,16R215,,,,,,0,0,000000000,00000000000,0,0,0,1,0,0,0,0,0,0,0,998,0,0,0,12,6,2,42,0,0,0,1,48,78753,0,0,0,0,0,0,999,999,0,0,0,0,0,0,0,0,0,1,0,0,0,0,5,4,99,1,1,8,1,0,0,1,12,1,9,4,6,1,0
48,482593,1,3,2,18,11,19,47,12,7,1,0,48,1,12,481,12481,31,2004,1FTPW145X4KC,1,F,T,P,W,1,4,5,X,4,K,C,0,T,FORD,F1S,CW,4,17,,2,1450,1260,COF,G,,,8,330,,,,B,5560,00,U,44,0,0,000000000,00000000000,0,0,0,1,0,0,0,0,0,0,0,998,0,0,0,61,4,3,12,0,0,0,1,48,77433,6,1,0,0,3,0,999,999,0,0,0,0,0,0,0,0,0,0,8,28,58,91,2,2,45,1,1,8,1,0,0,6,10,1,1,2,47,0,1
48,482593,2,3,1,18,11,19,47,12,7,1,0,48,1,35,473,35473,31,2006,1N6BA06A06N5,1,N,6,B,A,0,6,A,0,6,N,5,0,T,NISS,TXS,PC,6,17,,2,0,1398,TTN,F,,,8,342,,,,C,4655,00,E,42,0,0,000000000,00000000000,0,0,0,1,0,0,0,0,0,0,0,998,0,0,0,81,2,8,12,0,0,0,1,48,77066,6,1,0,0,3,3,999,999,0,1,0,0,0,4,2012,4,2012,0,0,0,0,0,2,2,45,1,1,8,1,0,0,1,61,1,1,1,45,0,0