STATE,ST_CASE,VEH_NO,VE_FORMS,NUMOCCS,DAY,MONTH,HOUR,MINUTE,HARM_EV,MAN_COLL,UNITTYPE,HIT_RUN,REG_STAT,OWNER,MAKE,MODEL,MAK_MOD,BODY_TYP,MOD_YEAR,VIN,VIN_1,VIN_2,VIN_3,VIN_4,VIN_5,VIN_6,VIN_7,VIN_8,VIN_9,VIN_10,VIN_11,VIN_12,TOW_VEH,VINTYPE,VINMAKE,VINA_MOD,VIN_BT,VINMODYR,VIN_LNGT,VIN_WGT,WGTCD_TR,WHLBS_LG,WHLBS_SH,SER_TR,FUELCODE,MCYCL_DS,CARBUR,CYLINDER,DISPLACE,MCYCL_CY,MCYCL_WT,TIRE_SZE,TON_RAT,TRK_WT,TRKWTVAR,VIN_REST,WHLDRWHL,J_KNIFE,MCARR_I1,MCARR_I2,MCARR_ID,GVWR,V_CONFIG,CARGO_BT,HAZ_INV,HAZ_PLAC,HAZ_ID,HAZ_CNO,HAZ_REL,BUS_USE,SPEC_USE,EMER_USE,TRAV_SP,UNDERIDE,ROLLOVER,ROLINLOC,IMPACT1,DEFORMED,TOWED,M_HARM,VEH_SC1,VEH_SC2,FIRE_EXP,DR_PRES,L_STATE,DR_ZIP,L_STATUS,L_TYPE,CDL_STAT,L_ENDORS,L_COMPL,L_RESTRI,DR_HGT,DR_WGT,PREV_ACC,PREV_SUS,PREV_DWI,PREV_SPD,PREV_OTH,FIRST_MO,FIRST_YR,LAST_MO,LAST_YR,SPEEDREL,DR_SF1,DR_SF2,DR_SF3,DR_SF4,VTRAFWAY,VNUM_LAN,VSPD_LIM,VALIGN,VPROFILE,VPAVETYP,VSURCOND,VTRAFCON,VTCONT_F,P_CRASH1,P_CRASH2,P_CRASH3,PCRASH4,PCRASH5,ACC_TYPE,DEATHS,DR_DRINK
48,482593,3,3,1,18,11,19,47,12,7,1,0,48,1,12,471,12471,30,1993,1FTCR14A6PTA,1,F,T,C,R,1,4,A,6,P,T,A,0,T,FORD,RNS,PC,93,17,,1,0,1250,RNG,G,,,4,140,,,,B,3208,01,A,42,0,0,000000000,00000000000,0,0,0,1,0,0,0,0,0,0,0,998,0,1,5,10,4,3,12,0,0,0,1,48,77375,6,1,0,0,3,0,999,999,0,0,0,0,0,0,0,0,0,0,0,0,0,0,2,2,45,1,1,8,1,0,0,1,64,1,1,1,98,1,0
48,482594,1,2,1,18,11,3,22,12,1,1,1,48,2,35,50,35050,5,2010,3N1BC1CP8AL3,3,N,1,B,C,1,C,P,8,A,L,3,0,P,NISS,VSL,4H,10,17,2693,,0,1024,,G,,F,4,110,,,15R185,,,,,,0,0,000000000,00000000000,0,0,0,1,0,0,0,0,0,0,0,998,0,0,0,12,4,3,12,0,0,0,1,48,77066,6,1,0,0,3,0,999,999,0,0,0,1,0,10,2011,10,2011,0,91,0,0,0,4,2,45,1,1,8,1,0,0,1,51,1,1,1,24,0,1
48,482594,2,2,1,18,11,3,22,12,1,1,0,48,2,37,31,37031,2,1996,1HGEJ8241TL0,1,H,G,E,J,8,2,4,1,T,L,0,0,P,HOND,UAX,CP,96,17,2448,,0,1032,,G,,F,4,097,,,14R185,,,,,,0,0,000000000,00000000000,0,0,0,1,0,0,0,0,0,0,0,998,0,0,0,6,4,3,12,0,0,0,1,48,77072,0,0,0,0,0,0,999,999,0,1,0,0,0,2,2012,2,2012,0,0,0,0,0,4,2,45,1,1,8,1,0,0,1,53,1,1,1,25,1,0
48,482595,1,2,2,18,11,16,27,12,7,1,1,48,2,72,706,72706,80,2001,1HD1BZB171Y0,1,H,D,1,B,Z,B,1,7,1,Y,0,0,M,HD,XTS,RS,1,17,,,,,,,1450,,2,,4,653,,,,,,,0,0,000000000,00000000000,0,0,0,1,0,0,0,0,0,0,0,998,0,0,0,99,9,2,12,0,0,0,1,48,76117,6,1,6,0,3,0,999,999,0,0,0,0,0,0,0,0,0,0,27,0,0,0,3,4,60,1,1,8,1,0,0,15,10,1,1,2,47,1,0
48,482595,2,2,1,18,11,16,27,12,7,1,0,48,1,2,404,2404,14,1999,1J4FT68S0XL5,1,J,4,F,T,6,8,S,0,X,L,5,0,T,JEEP,SPC,4W,99,17,,1,0,1014,CHK,G,,,6,242,,,,,3089,00,E,42,0,0,000000000,00000000000,0,0,0,1,0,0,0,0,0,0,0,998,0,0,0,81,2,1,12,0,0,0,1,48,76244,6,1,0,0,3,0,999,999,0,0,0,0,0,0,0,0,0,0,0,0,0,0,3,4,60,1,1,8,1,0,0,1,61,1,1,1,45,0,0
48,482596,1,2,1,19,11,4,30,12,6,1,0,48,1,14,6,14006,4,1996,2MELM74W8TX6,2,M,E,L,M,7,4,W,8,T,X,6,0,P,MERC,GMG,4D,96,17,3796,,0,1144,,G,,F,8,281,,,15R215,,,,,,0,0,000000000,00000000000,0,0,0,1,0,0,0,0,0,0,0,998,0,1,5,7,6,2,12,0,0,0,1,48,77090,0,0,0,0,0,0,999,999,0,0,0,0,0,0,0,0,0,0,0,0,0,0,3,3,65,1,1,8,1,0,0,4,53,1,1,7,48,1,0
48,482596,2,2,1,19,11,4,30,12,6,1,0,40,3,84,881,84881,66,2006,2HSCEAHR06C2,2,H,S,C,E,A,H,R,0,6,C,2,0,T,INTL,92I,TR,6,17,,8,0,0,920,D,,,6,661,,,,,00000,00,,64,0,57,1421875,571421875,3,5,96,1,0,0,0,0,0,0,0,998,0,0,0,12,4,3,12,0,0,0,1,48,77469,6,1,6,0,3,0,999,999,0,0,0,0,0,0,0,0,0,0,0,0,0,0,3,3,65,1,1,8,1,0,0,1,64,99,1,1,48,0,0
48,482597,1,1,2,19,11,19,15,31,0,1,0,48,2,7,482,7482,31,2004,1D7KU28D14J1,1,D,7,K,U,2,8,D,1,4,J,1,0,T,DODG,SQ2,CW,4,17,,2,1605,1405,RPC,G,,,8,345,,,,C,5438,13,E,44,0,0,000000000,00000000000,0,0,0,1,0,0,0,0,0,0,0,998,0,1,5,99,6,2,1,32,0,0,1,4,85251,0,0,0,0,0,0,70,155,0,0,0,0,0,0,0,0,0,0,0,0,0,0,1,2,70,2,1,8,1,0,0,1,12,1,1,4,6,2,1
48,482598,1,1,3,19,11,3,30,1,0,1,0,48,3,7,881,7881,61,2012,3C7WDMFL1CG1,3,C,7,W,D,M,F,L,1,C,G,1,0,T,DODG,L5T,CH,12,17,,5,0,1975,RPC,D,,,6,408,,,,,8394,00,K,42,0,57,1306705,571306705,2,1,3,1,0,0,0,0,0,0,0,998,0,1,5,0,6,2,1,0,0,0,1,48,78368,6,1,6,0,3,3,999,999,0,0,0,0,0,0,0,0,0,0,58,0,0,0,1,2,75,1,2,8,1,0,0,1,13,6,4,4,7,1,0
48,482599,1,2,1,20,11,10,47,12,1,1,0,48,1,12,881,12881,61,2012,1FT8W3BT6CEA,1,F,T,8,W,3,B,T,6,C,E,A,1,T,FORD,F3S,CW,12,17,,3,1724,1562,SRW,D,,,8,409,,,,D,6870,00,7,44,1,88,888888888,88888888888,2,4,98,1,0,0,0,0,0,0,0,998,0,0,0,12,2,1,12,0,0,0,1,48,78552,6,1,0,0,3,0,999,999,0,0,0,2,0,12,2009,6,2012,1,0,0,0,0,2,2,99,1,2,8,1,0,0,1,51,1,1,1,24,0,0
48,482599,2,2,5,20,11,10,47,12,1,1,0,48,1,7,442,7442,20,2005,1D4GP24R55B3,1,D,4,G,P,2,4,R,5,5,B,3,0,T,DODG,GCS,ES,5,17,,1,0,1193,CAR,G,,,6,201,,,,,3867,00,E,42,0,0,000000000,00000000000,0,0,0,1,0,0,0,0,0,0,0,998,0,1,1,6,4,3,1,0,0,0,1,48,78572,6,1,0,0,3,3,999,999,0,0,0,0,0,0,0,0,0,0,0,0,0,0,2,2,99,1,2,8,1,0,0,1,53,1,1,1,25,1,0
48,482600,1,1,2,20,11,5,7,42,0,1,0,48,2,12,16,12016,4,1999,2FAFP71W4XX1,2,F,A,F,P,7,1,W,4,X,X,1,0,P,FORD,CVP,4D,99,17,3917,,0,1147,,G,,F,8,281,,,16R225,,,,,,0,0,000000000,00000000000,0,0,0,1,0,0,0,0,0,0,0,998,0,0,0,12,6,2,42,0,0,0,1,48,75935,1,1,0,0,2,0,999,999,0,18,1,1,0,12,2009,7,2012,0,51,0,0,0,1,2,50,1,2,8,1,0,0,1,12,1,1,4,6,2,1
48,482601,1,2,3,21,11,12,11,12,6,1,0,35,1,7,422,7422,15,2008,1D8HB48278F1,1,D,8,H,B,4,8,2,7,8,F,1,0,P,DODG,DUR,UT,8,17,5028,,0,1192,,G,,F,8,348,,,17R245,,,,,,0,0,000000000,00000000000,0,0,0,1,0,0,0,0,0,0,0,998,0,0,0,61,6,2,12,0,0,0,1,35,87109,6,1,0,0,3,0,71,195,98,0,0,0,0,0,0,0,0,0,38,39,0,0,8,4,98,8,8,8,1,20,3,1,17,1,1,1,89,1,0
48,482601,2,2,1,21,11,12,11,12,6,1,0,48,3,51,881,51881,63,2002,4V5KC9UE32N3,4,V,5,K,C,9,U,E,3,2,N,3,0,T,VOLV,VHD,CC,2,17,,8,0,0,VHD,D,,,6,661,,,,,00000,00,,64,0,57,1288281,571288281,3,2,5,1,0,0,0,0,0,0,0,998,0,0,0,12,4,1,12,0,0,0,1,48,79347,6,1,6,0,3,0,999,999,2,0,0,1,2,6,2010,7,2012,0,0,0,0,0,3,2,40,1,1,2,1,0,0,1,66,1,1,1,88,0,0
48,482602,1,1,1,21,11,22,6,33,0,1,0,48,1,72,706,72706,80,2005,1HD1BTY195Y0,1,H,D,1,B,T,Y,1,9,5,Y,0,0,M,HD,XTB,RS,5,17,,,,,,,1450,,2,,4,636,,,,,,,0,0,000000000,00000000000,0,0,0,1,0,0,0,0,0,0,0,998,0,0,0,12,8,3,33,0,0,0,1,48,77011,6,1,0,0,2,0,999,999,0,0,0,1,0,10,2012,10,2012,0,28,0,0,0,1,2,30,1,1,8,1,0,0,1,13,1,1,4,1,1,1
48,482603,1,2,3,21,11,16,53,12,1,1,0,48,2,41,50,41050,4,2007,1YVHP80C875M,1,Y,V,H,P,8,0,C,8,7,5,M,0,P,MAZD,M6I,4D,7,17,3091,,0,1053,,G,,F,4,138,,,16R205,,,,,,0,0,000000000,00000000000,0,0,0,1,0,0,0,0,0,0,0,0,0,0,0,6,4,3,12,0,0,0,1,48,79109,6,1,0,0,3,3,999,999,0,0,0,0,1,3,2010,3,2010,0,99,99,99,99,3,3,98,1,1,8,1,0,0,5,53,1,1,1,21,1,0
48,482603,2,2,1,21,11,16,53,12,1,1,0,48,1,20,421,20421,15,2003,1GNEK13Z33R1,1,G,N,E,K,1,3,Z,3,3,R,1,0,P,CHEV,KTA,UT,3,17,5050,,0,1160,,F,,F,8,325,,,16R265,,,,,,0,0,000000000,00000000000,0,0,0,1,0,0,0,0,0,0,0,998,0,0,0,12,4,3,12,0,0,0,1,48,79109,6,1,0,0,3,3,999,999,0,0,0,0,0,0,0,0,0,0,0,0,0,0,3,3,98,1,1,8,1,0,0,1,50,1,1,1,20,0,0
48,482604,1,2,1,21,11,9,33,12,6,1,0,48,2,20,481,20481,31,2007,2GCEC19C1717,2,G,C,E,C,1,9,C,1,7,1,7,0,T,CHEV,SC1,4C,7,17,,2,1575,1339,SIL,G,,,8,293,,,,B,4743,05,,42,0,0,000000000,00000000000,0,0,0,1,0,0,0,0,0,0,0,998,0,0,0,11,6,2,12,0,0,0,1,48,79015,6,2,0,0,3,1,999,999,0,0,0,0,0,0,0,0,0,0,0,0,0,0,2,2,70,1,1,8,1,0,0,1,8,6,4,4,66,0,0
48,482604,2,2,2,21,11,9,33,12,6,1,0,48,1,6,51,6051,4,2006,2C3LA63H96H1,2,C,3,L,A,6,3,H,9,6,H,1,0,P,CHRY,30C,4D,6,17,3980,,0,1200,,G,,F,8,348,,,18R225,,,,,,0,0,000000000,00000000000,0,0,0,1,0,0,0,0,0,0,0,998,0,0,0,62,6,2,12,32,0,0,1,48,79045,6,1,0,0,3,0,999,999,0,0,0,0,0,0,0,0,0,0,0,0,0,0,2,2,70,1,1,8,1,0,0,1,62,1,1,1,66,1,0
48,482605,1,2,2,21,11,6,16,12,6,1,0,48,1,55,402,55402,14,2011,KM8JT3ABXBU2,K,M,8,J,T,3,A,B,X,B,U,2,0,P,HYUN,TUC,UT,11,17,3139,,0,1039,,G,,F,4,122,,,17R225,,,,,,0,0,000000000,00000000000,0,0,0,1,0,0,0,0,0,0,0,998,0,0,0,12,6,2,12,0,0,0,1,48,75160,6,1,0,0,3,0,999,999,0,0,0,0,0,0,0,0,0,0,38,0,0,0,1,2,55,1,1,8,1,0,0,11,15,1,1,1,68,1,0
48,482605,2,2,1,21,11,6,16,12,6,1,0,48,1,20,461,20461,21,1999,1GBFG15RXX10,1,G,B,F,G,1,5,R,X,X,1,0,0,P,CHEV,E/X,SV,99,17,0,,0,1350,,G,,F,8,350,,,000000,,,,,,0,0,000000000,00000000000,0,0,0,1,0,0,0,0,0,0,0,998,0,1,5,11,6,2,12,0,0,0,1,48,75160,6,1,0,0,3,0,999,999,0,0,0,0,0,0,0,0,0,0,0,0,0,0,1,2,55,1,1,8,1,0,0,1,62,1,1,1,69,0,0
48,482606,1,1,3,21,11,2,44,18,0,1,1,48,2,2,404,2404,14,2005,1J4GS48K45C5,1,J,4,G,S,4,8,K,4,5,C,5,0,T,JEEP,LCF,4W,5,17,,1,0,1095,GCK,G,,,6,226,,,,,4147,00,E,42,0,0,000000000,00000000000,0,0,0,1,0,0,0,0,0,0,0,998,0,1,5,63,6,2,1,0,0,0,1,48,76002,6,1,0,0,3,0,999,999,0,0,0,1,2,1,2012,9,2012,1,28,91,0,0,4,2,55,4,2,8,1,0,0,14,13,1,1,4,1,1,1
48,482607,1,2,2,21,11,23,4,12,1,1,0,48,2,20,2,20002,4,2008,2G1WT58N6891,2,G,1,W,T,5,8,N,6,8,9,1,0,P,CHEV,IMT,4D,8,17,3555,,0,1105,,G,,F,6,214,,,16R225,,,,,,0,0,000000000,00000000000,0,0,0,1,0,0,0,0,0,0,0,998,0,0,0,12,4,3,12,0,0,0,1,48,76901,1,1,0,0,2,0,999,999,1,9,0,1,1,2,2011,11,2012,1,91,0,0,0,4,2,45,1,1,8,1,0,0,1,51,1,1,1,24,1,1
48,482607,2,2,2,21,11,23,4,12,1,1,0,48,2,7,43,7043,2,2002,4B3AG42G32E1,4,B,3,A,G,4,2,G,3,2,E,1,0,P,DODG,SSE,CP,2,17,2949,,0,1037,,G,,F,4,146,,,16R205,,,,,,0,0,000000000,00000000000,0,0,0,1,0,0,0,0,0,0,0,998,0,0,0,6,6,2,12,0,0,0,1,48,76901,6,1,0,0,3,0,999,999,0,0,0,0,0,0,0,0,0,0,0,0,0,0,4,2,45,1,1,8,1,0,0,4,53,1,1,1,25,0,0
48,482608,1,1,2,22,11,2,12,14,0,1,0,48,1,2,403,2403,14,1999,1J4FY19S2XP4,1,J,4,F,Y,1,9,S,2,X,P,4,0,T,JEEP,SPW,2W,99,17,,1,0,934,W/T,G,,,6,242,,,,,3143,00,U,44,0,0,000000000,00000000000,0,0,0,1,0,0,0,0,0,0,0,998,0,0,0,12,4,3,14,0,0,0,1,48,75601,6,1,0,0,3,3,999,999,0,0,0,0,0,0,0,0,0,0,91,0,0,0,4,1,30,1,3,2,1,0,0,1,10,1,1,2,11,1,1
48,482609,1,1,2,22,11,18,25,8,0,1,0,48,2,20,9,20009,2,2013,2G1FA1E38D91,2,G,1,F,A,1,E,3,8,D,9,1,0,P,CHEV,CML,CP,13,17,3769,,0,1123,,F,,F,6,220,,,18R245,,,,,,0,0,000000000,00000000000,0,0,0,1,0,0,0,0,0,0,0,998,0,0,0,12,2,1,8,0,0,0,1,48,78237,6,1,0,0,3,3,999,999,0,0,0,0,0,0,0,0,0,0,0,0,0,0,1,4,45,1,1,8,1,0,0,1,80,3,1,1,13,0,0
48,482610,1,3,2,22,11,0,48,8,0,1,0,48,2,49,52,49052,5,2011,JTKKU4B43B10,J,T,K,K,U,4,B,4,3,B,1,0,0,P,TOYT,SXD,4H,11,17,2625,,0,969,,G,,F,4,110,,,16R195,,,,,,0,0,000000000,00000000000,0,0,0,1,0,0,0,0,0,0,0,998,0,0,0,12,2,1,8,0,0,0,1,48,78253,6,1,0,0,3,0,999,999,0,0,0,0,0,0,0,0,0,0,0,0,0,0,3,2,60,1,3,8,1,0,0,1,80,98,1,1,13,0,0
48,482610,2,3,5,22,11,0,48,8,0,1,0,48,2,19,14,19014,4,2001,1G6KS54Y21U1,1,G,6,K,S,5,4,Y,2,1,U,1,0,P,CADI,SLS,4D,1,17,3986,,0,1122,,G,,F,8,279,,,16R235,,,,,,0,0,000000000,00000000000,0,0,0,1,0,0,0,0,0,0,0,998,0,0,0,12,4,8,8,0,0,0,1,48,78226,6,1,0,0,3,0,999,999,0,0,0,0,0,0,0,0,0,0,0,0,0,0,3,2,60,1,3,8,1,0,0,1,80,7,1,1,98,0,0
48,482610,3,3,1,22,11,0,48,8,0,1,0,48,1,22,18,22018,4,2004,1G2NF52EX4M5,1,G,2,N,F,5,2,E,X,4,M,5,0,P,PONT,SE1,4D,4,17,3066,,0,1070,,G,,F,6,207,,,15R215,,,,,,0,0,000000000,00000000000,0,0,0,1,0,0,0,0,0,0,0,998,0,0,0,12,4,8,8,0,0,0,1,48,78226,6,1,0,0,3,3,999,999,0,0,0,0,1,2,2011,2,2011,0,0,0,0,0,3,2,60,1,3,8,1,0,0,1,80,1,1,1,98,0,0
48,482611,1,3,1,22,11,8,15,57,0,1,0,39,2,51,881,51881,66,2002,4V4NC9TH22N3,4,V,4,N,C,9,T,H,2,2,N,3,1,T,VOLV,VNL,TR,2,17,,8,0,0,VVN,D,,,6,915,,,,,00000,00,,64,1,57,2179032,572179032,3,6,1,1,0,0,0,0,0,0,0,0,0,0,0,7,4,3,12,0,0,0,1,39,44117,6,1,6,0,3,3,74,205,0,0,0,0,1,8,2012,8,2012,0,54,0,0,0,3,2,75,1,1,8,1,0,0,5,64,1,1,1,98,0,0
48,482611,2,3,0,22,11,8,15,57,0,1,0,12,6,85,881,85881,66,2005,1XKWD49X35J0,1,X,K,W,D,4,9,X,3,5,J,0,1,T,KW,W90,TR,5,17,,8,2850,1600,CON,D,,,6,915,,,,,00000,00,,64,1,57,1540557,571540557,3,6,1,1,0,0,0,0,0,0,0,0,0,0,0,11,4,3,12,0,0,0,0,0,99997,7,6,97,7,6,7,998,997,998,998,998,998,998,98,9998,98,9998,8,20,0,0,0,3,2,75,1,1,8,1,0,0,0,64,0,0,0,98,0,0
48,482611,7,3,2,22,11,8,15,57,0,1,0,18,9,82,881,82881,66,2008,1FUJGLCK88LZ,1,F,U,J,G,L,C,K,8,8,L,Z,1,T,FRHT,125,TR,8,17,,8,0,0,CSC,D,,,6,855,,,,,00000,00,,64,1,57,28406,5728406,3,6,1,1,0,0,0,0,0,0,0,998,0,0,0,12,4,3,14,0,0,0,1,12,33470,6,1,6,0,3,0,70,999,0,0,0,1,0,1,2011,1,2011,1,0,0,0,0,3,2,75,1,1,8,1,0,0,1,12,1,1,4,6,0,0
48,482612,1,2,1,22,11,0,35,12,2,1,0,48,2,23,481,23481,31,2009,3GTEK23M99G1,3,G,T,E,K,2,3,M,9,9,G,1,0,T,GMC,1NK,CW,9,17,,2,0,1435,SIE,G,,,8,323,,,,B,5348,00,4,44,0,0,000000000,00000000000,0,0,0,1,0,0,0,0,0,0,0,998,7,1,1,12,6,2,12,0,0,0,1,48,76901,6,1,0,0,3,0,999,999,0,0,0,0,0,0,0,0,0,0,28,51,0,0,1,2,70,1,1,8,1,0,0,1,10,1,1,2,50,0,1
48,482612,2,2,1,22,11,0,35,12,2,1,0,48,1,20,37,20037,4,2006,1G1ZT51856F1,1,G,1,Z,T,5,1,8,5,6,F,1,0,P,CHEV,MLT,4D,6,17,3316,,0,1063,,G,,F,6,214,,,16R215,,,,,,0,0,000000000,00000000000,0,0,0,1,0,0,0,0,0,0,0,998,0,0,0,12,6,2,12,0,0,0,1,35,78617,0,0,0,0,0,0,66,180,98,0,0,0,0,0,0,0,0,0,0,0,0,0,1,2,70,1,1,8,1,0,0,1,62,1,1,1,51,1,1
48,482613,1,1,1,22,11,4,11,25,0,1,0,48,1,20,404,20404,14,2005,2CNDL63F2561,2,C,N,D,L,6,3,F,2,5,6,1,0,P,CHEV,EQU,UT,5,17,3660,,0,1125,,G,,F,6,208,,,16R235,,,,,,0,0,000000000,00000000000,0,0,0,1,0,0,0,0,0,0,0,998,0,0,0,10,4,3,25,0,0,0,1,48,78941,6,1,0,0,3,3,999,999,0,0,0,0,0,0,0,0,0,0,0,0,0,0,3,3,70,1,1,8,1,0,0,1,12,1,1,4,6,1,1
48,482614,1,2,2,23,11,16,50,12,2,1,0,35,3,12,481,12481,31,2012,1FD8W3H60CEA,1,F,D,8,W,3,H,6,0,C,E,A,0,T,FORD,F3D,CH,12,17,,3,0,1762,DRW,F,,,8,378,,,,D,6977,00,7,44,0,0,000000000,00000000000,0,0,0,1,0,0,0,0,0,0,0,998,0,0,0,12,6,2,12,0,0,0,1,48,79119,6,1,7,0,3,0,999,999,0,0,0,0,0,0,0,0,0,0,0,0,0,0,1,3,70,1,1,8,1,0,0,1,62,1,1,1,69,0,0
48,482614,2,2,3,23,11,16,50,12,2,1,0,40,1,22,441,22441,20,1999,1GMDX03E5XD1,1,G,M,D,X,0,3,E,5,X,D,1,0,T,PONT,M/T,ES,99,17,,1,0,1200,M/T,G,,,6,207,,,,B,3942,00,K,42,0,0,000000000,00000000000,0,0,0,1,0,0,0,0,0,0,0,998,0,0,0,12,6,2,12,0,0,0,1,95,73942,9,9,99,9,9,9,999,999,99,99,99,99,99,99,9999,99,9999,0,48,0,0,0,1,3,70,1,1,8,1,0,0,11,15,1,1,1,68,2,0
48,482615,1,1,1,24,11,6,17,1,0,1,0,48,2,14,38,14038,2,2002,1ZWFT6033256,1,Z,W,F,T,6,0,3,3,2,5,6,0,P,MERC,CU4,2H,2,17,2892,,0,1064,,G,,F,4,121,,,15R205,,,,,,0,0,000000000,00000000000,0,0,0,1,0,0,0,0,0,0,0,998,0,2,5,0,6,2,1,0,0,0,1,48,78245,0,0,0,0,0,0,999,999,0,0,0,0,0,0,0,0,0,1,0,0,0,0,1,2,45,1,3,8,1,0,0,1,13,1,1,4,1,1,1
48,482616,1,1,1,24,11,19,7,8,0,1,1,99,9,99,999,99999,99,9999,999999999999,9,9,9,9,9,9,9,9,9,9,9,9,0,,,,,,,,,,,,,,,,,,,,,,,,,0,0,000000000,00000000000,0,0,0,1,0,0,0,0,0,0,0,998,0,0,0,12,9,1,8,0,0,0,1,99,99999,9,9,99,9,9,9,999,999,99,99,99,99,99,99,9999,99,9999,0,0,0,0,0,5,4,30,1,1,8,1,0,0,1,80,1,1,1,13,0,0
48,482617,1,2,2,24,11,2,15,12,6,1,0,48,1,35,47,35047,2,2008,1N4BL24EX8C1,1,N,4,B,L,2,4,E,X,8,C,1,0,P,NISS,A5E,CP,8,17,3205,,0,1053,,G,,F,6,214,,,17R215,,,,,,0,0,000000000,00000000000,0,0,0,1,0,0,0,0,0,0,0,998,0,0,0,9,4,3,12,0,0,0,1,48,79602,6,1,0,0,3,0,999,999,0,0,0,0,0,0,0,0,0,0,39,0,0,0,4,2,98,8,8,8,1,3,3,1,17,1,1,1,89,2,1
48,482617,2,2,1,24,11,2,15,12,6,1,0,48,2,20,401,20401,14,2002,1GNDS13S1222,1,G,N,D,S,1,3,S,1,2,2,2,0,P,CHEV,TRL,UT,2,17,4442,,0,1130,,G,,F,6,256,,,16R245,,,,,,0,0,000000000,00000000000,0,0,0,1,0,0,0,0,0,0,0,998,0,0,0,12,4,3,12,0,0,0,1,48,79606,6,1,0,0,3,0,999,999,1,0,0,0,0,3,2011,3,2011,0,0,0,0,0,2,4,35,1,1,8,1,0,0,1,66,1,1,1,88,0,1
48,482618,1,2,1,25,11,3,20,12,2,1,0,48,2,12,17,12017,4,2007,1FAFP53U27A1,1,F,A,F,P,5,3,U,2,7,A,1,0,P,FORD,TSE,4D,7,17,3307,,0,1085,,G,,F,6,183,,,16R215,,,,,,0,0,000000000,00000000000,0,0,0,1,0,0,0,0,0,0,0,998,0,0,0,12,6,2,12,0,0,0,1,48,77086,0,0,0,0,0,0,999,999,0,0,0,0,0,0,0,0,0,0,0,0,0,0,5,6,45,1,1,8,1,0,0,1,10,1,1,2,50,1,1
48,482618,2,2,1,25,11,3,20,12,2,1,0,48,2,35,401,35401,14,1998,JN8AR05S5WW2,J,N,8,A,R,0,5,S,5,W,W,2,0,P,NISS,PFI,UT,98,17,3714,,0,1063,,G,,F,6,201,,,15R235,,,,,,0,0,000000000,00000000000,0,0,0,1,0,0,0,0,0,0,0,998,0,0,0,12,6,2,12,0,0,0,1,48,77026,0,0,0,0,0,0,999,999,0,2,0,0,0,9,2012,9,2012,0,0,0,0,0,5,6,45,1,1,8,1,0,0,1,62,1,1,1,51,0,1
48,482619,1,1,2,25,11,22,49,25,0,1,0,48,2,35,39,35039,4,2010,1N4AA5AP7AC8,1,N,4,A,A,5,A,P,7,A,C,8,0,P,NISS,MSV,4D,10,17,3556,,0,1093,,G,,F,6,214,,,18R245,,,,,,0,0,000000000,00000000000,0,0,0,1,0,0,0,0,0,0,0,998,0,0,0,12,4,3,25,0,0,0,1,48,77015,6,1,0,0,3,0,999,999,0,0,0,0,2,4,2010,4,2010,1,0,0,0,0,6,1,45,2,1,1,1,0,0,14,12,1,1,4,6,1,1
48,482620,1,2,1,25,11,19,55,12,6,1,0,40,2,7,481,7481,31,1990,1B7ME3686LS6,1,B,7,M,E,3,6,8,6,L,S,6,0,T,DODG,D30,PK,90,17,,3,1590,1310,D30,D,,,6,359,,,,D,3840,01,A,42,0,0,000000000,00000000000,0,0,0,1,0,0,0,0,0,0,0,998,0,0,0,12,6,2,12,0,0,0,1,40,73450,6,1,0,0,3,0,71,145,0,0,0,0,0,0,0,0,0,0,58,85,0,0,1,2,70,1,3,8,1,0,0,1,62,1,1,1,65,0,0
48,482620,2,2,1,25,11,19,55,12,6,1,0,48,2,12,3,12003,2,2003,1FAFP44423F3,1,F,A,F,P,4,4,4,2,3,F,3,0,P,FORD,MUS,CV,3,17,3254,,0,1013,,G,,F,6,232,,,16R225,,,,,,0,0,000000000,00000000000,0,0,0,1,0,0,0,0,0,0,0,998,0,0,0,3,6,2,12,0,0,0,1,48,78613,6,1,0,0,3,3,999,999,0,0,0,0,0,0,0,0,0,0,0,0,0,0,1,2,70,1,3,8,1,0,0,1,62,7,4,6,64,1,0
48,482621,1,1,1,25,11,11,43,1,0,1,0,48,3,84,881,84881,66,1995,2HSFMAHRXSC0,2,H,S,F,M,A,H,R,X,S,C,0,1,T,INTL,920,TR,95,17,,8,0,0,920,D,,,6,661,,,,,00000,00,,64,1,57,1776204,571776204,3,6,3,1,0,0,0,0,0,0,0,56,0,2,5,0,6,2,1,0,0,0,1,48,79316,6,1,6,0,3,3,999,999,2,0,0,0,0,4,2011,6,2012,1,21,0,0,0,1,2,55,3,1,8,1,40,3,14,13,3,2,4,2,1,0
48,482622,1,1,1,25,11,2,15,33,0,1,0,48,2,20,2,20002,4,2003,2G1WH52K4393,2,G,1,W,H,5,2,K,4,3,9,3,0,P,CHEV,IPL,4D,3,17,3466,,0,1105,,G,,F,6,231,,,16R225,,,,,,0,0,000000000,00000000000,0,0,0,1,0,0,0,0,0,0,0,998,0,1,5,98,4,3,33,0,0,0,1,48,78653,6,1,0,0,3,0,999,999,0,0,0,2,0,4,2012,4,2012,0,58,0,0,0,2,2,65,1,1,8,1,0,0,1,12,7,3,4,2,1,1