STATE,ST_CASE,VEH_NO,VE_FORMS,NUMOCCS,DAY,MONTH,HOUR,MINUTE,HARM_EV,MAN_COLL,UNITTYPE,HIT_RUN,REG_STAT,OWNER,MAKE,MODEL,MAK_MOD,BODY_TYP,MOD_YEAR,VIN,VIN_1,VIN_2,VIN_3,VIN_4,VIN_5,VIN_6,VIN_7,VIN_8,VIN_9,VIN_10,VIN_11,VIN_12,TOW_VEH,VINTYPE,VINMAKE,VINA_MOD,VIN_BT,VINMODYR,VIN_LNGT,VIN_WGT,WGTCD_TR,WHLBS_LG,WHLBS_SH,SER_TR,FUELCODE,MCYCL_DS,CARBUR,CYLINDER,DISPLACE,MCYCL_CY,MCYCL_WT,TIRE_SZE,TON_RAT,TRK_WT,TRKWTVAR,VIN_REST,WHLDRWHL,J_KNIFE,MCARR_I1,MCARR_I2,MCARR_ID,GVWR,V_CONFIG,CARGO_BT,HAZ_INV,HAZ_PLAC,HAZ_ID,HAZ_CNO,HAZ_REL,BUS_USE,SPEC_USE,EMER_USE,TRAV_SP,UNDERIDE,ROLLOVER,ROLINLOC,IMPACT1,DEFORMED,TOWED,M_HARM,VEH_SC1,VEH_SC2,FIRE_EXP,DR_PRES,L_STATE,DR_ZIP,L_STATUS,L_TYPE,CDL_STAT,L_ENDORS,L_COMPL,L_RESTRI,DR_HGT,DR_WGT,PREV_ACC,PREV_SUS,PREV_DWI,PREV_SPD,PREV_OTH,FIRST_MO,FIRST_YR,LAST_MO,LAST_YR,SPEEDREL,DR_SF1,DR_SF2,DR_SF3,DR_SF4,VTRAFWAY,VNUM_LAN,VSPD_LIM,VALIGN,VPROFILE,VPAVETYP,VSURCOND,VTRAFCON,VTCONT_F,P_CRASH1,P_CRASH2,P_CRASH3,PCRASH4,PCRASH5,ACC_TYPE,DEATHS,DR_DRINK
48,482657,1,1,6,23,11,14,37,5,0,1,0,48,1,20,481,20481,31,2011,3GCPCSE00BG1,3,G,C,P,C,S,E,0,0,B,G,1,0,T,CHEV,2SC,CW,11,17,,2,0,1435,SIL,F,,,8,323,,,,B,5110,00,,42,0,0,000000000,00000000000,0,0,0,1,0,0,0,0,0,0,0,998,0,0,0,0,0,1,5,0,0,0,1,48,75974,6,1,0,0,3,0,999,999,0,0,0,1,0,8,2011,8,2011,0,0,0,0,0,1,2,40,1,1,8,1,0,0,1,98,1,1,1,0,1,1
48,482658,1,1,2,24,11,18,30,1,0,1,0,48,2,20,481,20481,31,2006,2GCEC13T7611,2,G,C,E,C,1,3,T,7,6,1,1,0,T,CHEV,SC1,CW,6,17,,2,0,1435,SIL,G,,,8,323,,,,B,4987,00,,42,0,0,000000000,00000000000,0,0,0,1,0,0,0,0,0,0,0,998,0,2,5,0,4,3,1,0,0,0,1,48,75478,0,0,0,0,0,0,999,999,0,0,0,0,0,0,0,0,0,1,58,0,0,0,1,2,55,1,3,8,1,0,0,1,13,6,3,4,6,1,0
48,482659,1,1,1,27,11,19,26,9,0,1,0,48,1,63,33,63033,4,2008,KNAFE121X855,K,N,A,F,E,1,2,1,X,8,5,5,0,P,KIA,SXC,4D,8,17,2919,,0,1028,,G,,F,4,122,,,15R195,,,,,,0,0,000000000,00000000000,0,0,0,1,0,0,0,0,0,0,0,998,0,0,0,12,2,3,9,0,0,0,1,48,75052,6,1,0,0,3,0,999,999,0,0,0,0,0,0,0,0,0,0,91,0,0,0,3,2,40,1,1,8,1,0,0,1,83,3,1,1,13,0,1
48,482660,1,1,1,27,11,14,5,25,0,1,0,48,1,37,705,37705,80,2006,JH2PC37086M3,J,H,2,P,C,3,7,0,8,6,M,3,0,M,HOND,B60,RC,6,17,,,,,,,599,,4,,4,361,,,,,,,0,0,000000000,00000000000,0,0,0,1,0,0,0,0,0,0,0,998,0,0,0,12,8,3,25,0,0,0,1,48,77429,6,1,0,0,2,0,999,999,0,0,0,0,0,0,0,0,0,0,0,0,0,0,3,4,60,3,1,1,1,99,9,14,13,1,1,4,1,1,0
48,482661,1,2,2,28,11,13,0,12,6,1,0,48,2,37,31,37031,4,1999,JHMCG5655XC0,J,H,M,C,G,5,6,5,5,X,C,0,0,P,HOND,UEX,4D,99,17,3086,,0,1069,,G,,F,4,138,,,15R195,,,,,,0,0,000000000,00000000000,0,0,0,1,0,0,0,0,0,0,0,998,0,1,1,9,6,2,12,0,0,0,1,48,76308,6,1,0,0,3,0,999,999,0,0,0,0,0,0,0,0,0,0,51,58,0,0,1,2,70,1,1,8,1,0,0,1,10,7,3,2,66,2,1
48,482661,2,2,1,28,11,13,0,12,6,1,0,48,2,12,17,12017,4,1988,1FABP52U2JA1,1,F,A,B,P,5,2,U,2,J,A,1,0,P,FORD,TAG,4D,88,17,3049,,0,1060,,G,,F,6,182,,,14R205,,,,,,0,0,000000000,00000000000,0,0,0,1,0,0,0,0,0,0,0,998,0,0,0,12,4,3,12,0,0,0,1,48,75435,0,0,0,0,0,0,999,999,0,7,0,0,0,2,2010,8,2012,0,0,0,0,0,1,2,70,1,1,8,1,0,0,1,62,1,1,1,66,1,0
48,482662,1,2,3,30,11,23,35,12,6,1,0,48,1,7,461,7461,21,1999,2B6HB11Y1XK5,2,B,6,H,B,1,1,Y,1,X,K,5,0,T,DODG,15B,CG,99,17,,2,1272,1093,RMV,G,,,8,318,,,,B,4009,03,U,42,0,0,000000000,00000000000,0,0,0,1,0,0,0,0,0,0,0,998,0,0,0,62,6,2,12,0,0,0,1,48,77656,6,1,0,0,3,0,999,999,0,0,0,0,0,0,0,0,0,0,0,0,0,0,1,2,70,1,2,8,1,0,0,1,64,1,1,1,98,1,0
48,482662,2,2,1,30,11,23,35,12,6,1,0,48,1,12,481,12481,31,2003,1FTRW08L53KC,1,F,T,R,W,0,8,L,5,3,K,C,0,T,FORD,F1S,CW,3,17,,2,0,1388,COF,G,,,8,330,,,,B,5005,00,U,44,0,0,000000000,00000000000,0,0,0,1,0,0,0,0,0,0,0,998,0,0,0,1,6,2,12,0,0,0,1,48,75949,6,1,0,0,3,0,999,999,0,0,0,0,0,0,0,0,0,0,48,0,0,0,1,2,70,1,2,8,1,0,0,1,13,1,1,6,98,0,1
48,482663,1,1,1,30,11,18,3,8,0,1,0,48,2,20,481,20481,31,1996,1GCEK19R1TE1,1,G,C,E,K,1,9,R,1,T,E,1,0,T,CHEV,GK1,PC,96,17,,2,1555,1415,GM4,G,,,8,350,,,,B,4495,08,,44,0,0,000000000,00000000000,0,0,0,1,0,0,0,0,0,0,0,998,0,0,0,12,2,1,8,0,0,0,1,48,75670,6,1,0,0,3,3,999,999,0,0,0,0,0,0,0,0,0,0,0,0,0,0,1,2,35,1,2,8,1,0,0,1,80,3,2,1,13,0,0
48,482664,1,1,1,21,11,10,29,5,0,1,0,48,2,76,709,76709,81,2007,LPRSE13Y47A5,L,P,R,S,E,1,3,Y,4,7,A,5,0,M,YAMA,YJV,MS,7,17,,,,,,,124,,1,,4,229,,,,,,,0,0,000000000,00000000000,0,0,0,1,0,0,0,0,0,0,0,998,0,0,0,0,9,2,5,0,0,0,1,53,98282,6,1,0,0,2,3,71,240,0,0,0,1,0,4,2011,4,2011,0,0,0,0,0,1,4,65,1,2,8,1,0,0,1,98,1,1,1,0,1,0
48,482665,1,2,5,17,3,21,0,12,1,1,0,48,3,12,481,12481,40,2011,1FT7W3BT5BEC,1,F,T,7,W,3,B,T,5,B,E,C,0,T,FORD,F3S,CW,11,17,,2,1724,1562,SRW,D,,,8,409,,,,D,6593,00,7,44,0,0,000000000,00000000000,0,0,0,1,0,0,0,0,0,0,0,0,0,0,0,6,2,1,12,0,0,0,1,48,75662,6,1,6,0,3,0,999,999,0,0,0,2,0,8,2010,2,2012,0,0,0,0,0,1,2,50,1,1,8,1,0,0,5,53,1,1,1,22,0,0
48,482665,2,2,1,17,3,21,0,12,1,1,0,48,1,72,706,72706,80,2006,1HD1BWB116Y0,1,H,D,1,B,W,B,1,1,6,Y,0,0,M,HD,FSI,RS,6,17,,,,,,,1450,,2,,4,719,,,,,,,0,0,000000000,00000000000,0,0,0,1,0,0,0,0,0,0,0,998,0,0,0,12,9,2,12,0,0,0,1,48,79098,6,1,6,0,3,0,999,999,0,0,0,0,0,0,0,0,0,1,0,0,0,0,1,2,50,1,1,8,1,0,0,1,50,7,1,1,20,1,1
48,482666,1,2,1,28,4,16,11,12,2,1,0,48,1,23,431,23431,16,2003,3GKEC16ZX3G2,3,G,K,E,C,1,6,Z,X,3,G,2,0,T,GMC,CX1,4W,3,17,,2,0,1300,YUK,F,,,8,325,,,,B,4947,00,4,42,0,0,000000000,00000000000,0,0,0,1,0,0,0,0,0,0,0,998,0,0,0,12,6,2,12,0,0,0,1,48,76028,6,1,0,0,3,3,999,999,0,0,0,1,0,1,2012,1,2012,0,28,51,0,0,1,2,45,2,2,8,1,0,0,14,10,1,1,2,50,0,0
48,482666,2,2,2,28,4,16,11,12,2,1,0,48,2,23,461,23461,21,1996,1GDFG15R2T10,1,G,D,F,G,1,5,R,2,T,1,0,0,T,GMC,SV1,CG,96,17,,2,0,1350,S/V,G,,,8,350,,,,B,00000,00,E,42,0,0,000000000,00000000000,0,0,0,1,0,0,0,0,0,0,0,998,0,0,0,12,6,2,12,0,0,0,1,48,76028,6,1,0,0,3,0,999,999,0,0,0,0,0,0,0,0,0,0,0,0,0,0,1,2,45,3,2,8,1,0,0,14,62,1,1,1,51,2,0
48,482667,1,1,3,19,5,16,32,32,0,1,0,48,1,55,35,55035,5,2001,KMHDN55D01U0,K,M,H,D,N,5,5,D,0,1,U,0,0,P,HYUN,EST,4H,1,17,0,,0,1027,,G,,F,4,121,,,000000,,,,,,0,0,000000000,00000000000,0,0,0,1,0,0,0,0,0,0,0,998,0,1,5,7,6,2,32,0,0,0,1,48,75068,6,1,0,0,3,0,999,999,0,0,0,0,0,0,0,0,0,0,58,0,0,0,1,2,55,1,1,2,1,0,0,1,10,7,1,4,1,2,0
48,482668,1,3,3,15,6,20,45,7,0,1,0,48,1,7,482,7482,31,1999,3B7KF2367XG1,3,B,7,K,F,2,3,6,7,X,G,1,1,T,DODG,Q25,4C,99,17,,2,1547,1387,RPC,D,,,6,359,,,,C,5695,00,U,44,1,0,000000000,00000000000,0,0,0,1,0,0,0,0,0,0,0,998,0,0,0,0,4,3,12,0,0,0,1,48,76534,6,1,0,0,3,3,999,999,0,5,0,0,0,6,2009,7,2011,0,0,0,0,0,2,2,60,1,1,8,1,0,0,1,98,1,1,1,0,0,0
48,482668,2,3,5,15,6,20,45,7,0,1,0,48,1,20,39,20039,4,2010,KL1TD5DE0AB1,K,L,1,T,D,5,D,E,0,A,B,1,0,P,CHEV,LTS,4D,10,17,2568,,0,976,,G,,F,4,098,,,14R185,,,,,,0,0,000000000,00000000000,0,0,0,1,0,0,0,0,0,0,0,998,0,0,0,10,4,3,12,0,0,0,1,48,75155,6,1,0,0,3,0,999,999,0,0,0,1,0,3,2010,3,2010,0,0,0,0,0,2,2,60,1,1,8,1,0,0,1,64,1,1,1,98,1,0
48,482668,3,3,1,15,6,20,45,7,0,1,0,48,1,35,401,35401,14,2006,5N1AR18U56C6,5,N,1,A,R,1,8,U,5,6,C,6,0,P,NISS,PFI,UT,6,17,4373,,0,1122,,G,,F,6,244,,,16R265,,,,,,0,0,000000000,00000000000,0,0,0,1,0,0,0,0,0,0,0,998,0,0,0,1,2,1,42,0,0,0,1,48,78240,6,1,0,0,3,0,999,999,0,0,0,0,0,0,0,0,0,0,0,0,0,0,2,2,60,1,1,8,1,0,0,1,60,7,1,4,98,0,0
48,482669,1,2,1,7,10,16,50,12,6,1,0,27,1,34,709,34709,80,2010,WB104400XAZW,W,B,1,0,4,4,0,0,X,A,Z,W,0,M,BMW,R2T,RS,10,17,,,,,,,1170,,2,,4,505,,,,,,,0,0,000000000,00000000000,0,0,0,1,0,0,0,0,0,0,0,998,0,0,0,12,9,2,12,0,0,0,1,27,55604,6,1,0,0,3,3,68,170,0,0,0,0,0,0,0,0,0,0,39,0,0,0,1,2,99,1,1,8,2,20,3,1,17,1,1,1,88,1,0
48,482669,2,2,1,7,10,16,50,12,6,1,0,48,1,7,402,7402,14,2002,1B8HR58N62F1,1,B,8,H,R,5,8,N,6,2,F,1,0,P,DODG,DUR,UT,2,17,4393,,0,1160,,G,,F,8,287,,,16R255,,,,,,0,0,000000000,00000000000,0,0,0,1,0,0,0,0,0,0,0,998,0,0,0,11,2,3,12,0,0,0,1,48,79322,6,1,0,0,3,3,999,999,0,0,0,0,0,0,0,0,0,0,0,0,0,0,5,4,40,1,1,8,1,0,0,1,66,1,1,1,89,0,0
48,482670,1,2,1,1,11,19,40,12,2,1,0,48,2,20,2,20002,4,2002,2G1WH55K5293,2,G,1,W,H,5,5,K,5,2,9,3,0,P,CHEV,IPL,4D,2,17,3466,,0,1105,,G,,F,6,231,,,16R225,,,,,,0,0,000000000,00000000000,0,0,0,1,0,0,0,0,0,0,0,998,0,0,0,12,6,2,12,32,0,1,1,48,75402,6,1,6,0,3,0,67,259,0,0,0,0,0,0,0,0,0,0,51,0,0,0,1,2,70,1,1,8,1,0,0,1,10,1,1,4,50,1,0
48,482670,2,2,2,1,11,19,40,12,2,1,0,48,1,12,402,12402,14,2012,1FMCU0D75CKB,1,F,M,C,U,0,D,7,5,C,K,B,0,P,FORD,SPE,UT,12,17,3332,,0,1031,,G,,F,4,153,,,16R235,,,,,,0,0,000000000,00000000000,0,0,0,1,0,0,0,0,0,0,0,998,0,0,0,12,6,2,12,0,0,0,1,48,75423,6,1,0,0,3,0,63,176,0,0,0,0,0,0,0,0,0,0,0,0,0,0,1,2,70,1,1,8,1,0,0,1,62,7,1,4,51,2,0
48,482671,1,1,1,2,11,17,20,59,0,1,0,48,1,76,705,76705,80,2007,JYAVM01E77A1,J,Y,A,V,M,0,1,E,7,7,A,1,0,M,YAMA,VS6,RS,7,17,,,,,,,649,,2,,4,474,,,,,,,0,0,000000000,00000000000,0,0,0,1,0,0,0,0,0,0,0,998,0,0,0,98,8,3,42,0,0,0,1,48,75020,6,1,0,0,3,3,999,999,0,0,0,0,0,0,0,0,0,1,0,0,0,0,1,2,55,2,1,8,1,0,0,14,12,1,1,4,6,1,0
48,482672,1,1,1,8,11,17,20,42,0,1,0,92,0,98,739,98739,90,1995,2534215,2,5,3,4,2,1,5,,,,,,0,U,,,,95,7,,,,,,,,,,,,,,,,,,,0,0,000000000,00000000000,0,0,0,1,0,0,0,0,0,0,0,998,0,0,0,98,2,3,42,0,0,0,1,48,76009,6,1,0,0,3,3,999,999,0,0,0,0,0,0,0,0,0,1,0,0,0,0,1,2,60,1,3,8,1,0,0,1,6,1,2,4,2,1,0
48,482673,1,2,1,14,11,11,28,12,6,1,0,48,1,37,31,37031,4,1994,JHMEH9694RS0,J,H,M,E,H,9,6,9,4,R,S,0,0,P,HOND,CEX,4D,94,17,2459,,0,1032,,G,,F,4,097,,,14R175,,,,,,0,0,000000000,00000000000,0,0,0,1,0,0,0,0,0,0,0,998,0,0,0,3,6,2,12,0,0,0,1,48,78164,6,1,0,0,3,0,999,999,0,0,0,0,0,0,0,0,0,1,58,0,0,0,1,2,60,3,2,8,1,0,0,14,6,6,4,4,64,1,0
48,482673,2,2,1,14,11,11,28,12,6,1,0,48,2,20,421,20421,15,2008,1GNFC13098R1,1,G,N,F,C,1,3,0,9,8,R,1,0,P,CHEV,CTA,UT,8,17,5265,,0,1160,,F,,F,8,323,,,17R265,,,,,,0,0,000000000,00000000000,0,0,0,1,0,0,0,0,0,0,0,998,0,0,0,12,4,3,12,0,0,0,1,48,77905,6,1,0,0,3,3,999,999,0,0,0,0,0,0,0,0,0,0,0,0,0,0,1,2,60,2,2,8,1,0,0,14,62,7,1,4,65,0,0
48,482674,1,2,1,18,11,3,20,12,6,1,0,49,3,87,881,87881,66,2012,1XPWD49X2CD1,1,X,P,W,D,4,9,X,2,C,D,1,1,T,PTRB,388,TR,12,17,,8,0,0,CON,D,,,6,915,,,,,00000,00,,64,1,57,1744587,571744587,3,6,2,1,0,0,0,0,0,0,0,998,0,0,0,12,4,3,12,0,0,0,1,48,78222,6,1,6,0,3,0,999,999,0,2,0,1,0,12,2009,12,2010,0,0,0,0,0,1,2,70,1,1,8,1,0,0,1,62,1,1,1,65,0,0
48,482674,2,2,1,18,11,3,20,12,6,1,0,48,2,2,404,2404,14,2005,1J4HS48N55C5,1,J,4,H,S,4,8,N,5,5,C,5,0,T,JEEP,LCF,4W,5,17,,1,0,1095,GCK,G,,,8,287,,,,,4147,00,E,42,0,0,000000000,00000000000,0,0,0,1,0,0,0,0,0,0,0,998,0,0,0,9,6,2,12,0,0,0,1,48,78629,6,1,0,0,3,0,999,999,0,0,0,0,0,0,0,0,0,0,58,0,0,0,1,2,70,1,1,8,1,0,0,1,13,6,4,6,64,1,1
48,482675,1,1,1,22,11,2,17,1,0,1,0,48,1,53,706,53706,80,2005,JS1GT76A1521,J,S,1,G,T,7,6,A,1,5,2,1,0,M,SUZI,XR1,RC,5,17,,,,,,,999,,4,,4,365,,,,,,,0,0,000000000,00000000000,0,0,0,1,0,0,0,0,0,0,0,998,0,0,0,0,8,3,38,0,0,0,1,48,78956,6,1,0,0,2,0,999,999,0,0,0,1,0,8,2011,8,2011,1,0,0,0,0,1,2,70,2,2,8,1,0,0,1,12,3,2,4,6,1,1
48,482676,1,2,1,23,11,23,20,12,2,1,0,17,3,87,881,87881,66,2012,1XPWD79X6CD1,1,X,P,W,D,7,9,X,6,C,D,1,1,T,PTRB,388,TR,12,17,,8,0,0,CON,D,,,6,726,,,,,00000,00,,64,1,57,287318,57287318,3,6,2,1,0,0,0,0,0,0,0,998,0,0,0,12,6,2,12,0,0,0,1,48,77904,6,1,6,1,3,0,999,999,0,0,0,0,0,0,0,0,0,0,0,0,0,0,1,2,70,2,1,8,1,0,0,14,62,4,9,1,51,0,0
48,482676,2,2,1,23,11,23,20,12,2,1,0,48,1,12,481,12481,31,2012,1FTFW1CT6CFB,1,F,T,F,W,1,C,T,6,C,F,B,0,T,FORD,F1S,CW,12,17,,2,1570,1450,COF,G,,,6,214,,,,B,5128,03,7,42,0,0,000000000,00000000000,0,0,0,1,0,0,0,0,0,0,0,998,0,0,0,12,6,2,12,0,0,1,1,48,77995,6,1,0,0,3,0,999,999,0,0,0,0,0,0,0,0,0,0,28,0,0,0,1,2,70,3,1,8,1,0,0,14,10,1,1,2,50,1,0
48,482677,1,1,1,23,11,20,0,11,0,1,0,48,1,7,442,7442,20,1999,2B4GP44G4XR4,2,B,4,G,P,4,4,G,4,X,R,4,0,T,DODG,GSS,ES,99,17,,1,0,1193,CAR,F,,,6,201,,,,,3856,00,E,42,0,0,000000000,00000000000,0,0,0,1,0,0,0,0,0,0,0,998,0,1,1,12,6,2,1,0,0,1,1,48,76936,6,1,6,0,3,3,999,999,0,0,0,0,0,0,0,0,0,0,83,0,0,0,1,2,70,1,1,8,1,0,0,1,87,1,1,1,13,1,0
48,482678,1,2,1,24,11,12,25,12,2,1,0,48,1,7,482,7482,31,2004,1D7HU18D24S6,1,D,7,H,U,1,8,D,2,4,S,6,0,T,DODG,SQ1,CW,4,17,,2,1605,1405,RPC,G,,,8,345,,,,B,5043,02,E,44,0,0,000000000,00000000000,0,0,0,1,0,0,0,0,0,0,0,998,0,0,0,12,6,2,12,0,0,0,1,48,75227,6,1,0,0,3,0,999,999,0,0,0,0,0,0,0,0,0,0,28,51,0,0,1,2,60,2,1,8,1,0,0,14,10,1,1,2,50,1,0
48,482678,2,2,1,24,11,12,25,12,2,1,0,48,1,7,482,7482,31,2007,1D7KS28C17J5,1,D,7,K,S,2,8,C,1,7,J,5,0,T,DODG,SQ2,CW,7,17,,2,1605,1405,RPC,D,,,6,359,,,,C,6271,07,E,44,0,0,000000000,00000000000,0,0,0,1,0,0,0,0,0,0,0,998,0,0,0,12,6,2,12,0,0,0,1,48,78063,6,1,0,0,3,0,999,999,0,0,0,0,0,0,0,0,0,0,0,0,0,0,1,2,60,3,1,8,1,0,0,14,62,1,1,1,51,0,0
48,482679,1,1,1,25,11,3,11,38,0,1,0,48,1,12,481,12481,31,2003,1FTNW21F63EB,1,F,T,N,W,2,1,F,6,3,E,B,0,T,FORD,F2S,CW,3,17,,2,1724,1562,SRW,D,,,8,444,,,,C,5870,04,E,44,0,0,000000000,00000000000,0,0,0,1,0,0,0,0,0,0,0,998,0,1,5,98,4,3,1,0,0,0,1,48,77963,6,1,0,0,3,0,999,999,0,0,0,1,0,5,2011,5,2011,1,58,0,0,0,1,2,65,2,1,8,1,0,0,14,12,7,3,4,2,1,1
48,482680,1,2,3,25,11,10,11,12,1,1,0,48,2,12,423,12423,16,2004,1FMNU44P24EA,1,F,M,N,U,4,4,P,2,4,E,A,0,P,FORD,EXC,UT,4,17,6650,,0,1371,,D,,T,8,366,,,16R265,,,,,,0,0,000000000,00000000000,0,0,0,1,0,0,0,0,0,0,0,998,0,1,3,12,4,3,1,0,0,0,1,48,76140,6,1,0,0,3,0,999,999,0,0,0,0,0,0,0,0,0,1,83,0,0,0,3,2,60,1,1,8,1,0,0,17,87,7,2,2,32,1,0
48,482680,2,2,1,25,11,10,11,12,1,1,0,48,1,12,16,12016,4,2000,2FAFP74W1YX2,2,F,A,F,P,7,4,W,1,Y,X,2,0,P,FORD,CVL,4D,0,17,3968,,0,1147,,G,,F,8,281,,,16R225,,,,,,0,0,000000000,00000000000,0,0,0,1,0,0,0,0,0,0,0,998,0,0,0,6,8,8,12,0,0,0,1,48,76120,6,1,0,0,3,3,999,999,0,0,0,0,0,0,0,0,0,0,0,0,0,0,3,2,60,1,1,8,1,0,0,1,61,1,1,1,32,0,0
48,482681,1,2,1,27,11,18,10,12,6,1,0,48,2,21,21,21021,4,2000,1G3NL52E8YC3,1,G,3,N,L,5,2,E,8,Y,C,3,0,P,OLDS,A/G,4D,0,17,3022,,0,1070,,G,,F,6,207,,,15R215,,,,,,0,0,000000000,00000000000,0,0,0,1,0,0,0,0,0,0,0,998,0,0,0,4,6,2,12,0,0,0,1,48,76682,1,1,1,0,2,0,999,999,0,8,0,3,1,7,2010,9,2012,0,51,0,0,0,1,2,70,1,1,8,1,0,0,1,10,1,1,4,64,1,0
48,482681,2,2,1,27,11,18,10,12,6,1,0,48,1,20,481,20481,31,2007,1GCEK19J67Z5,1,G,C,E,K,1,9,J,6,7,Z,5,0,T,CHEV,SK1,4C,7,17,,2,1575,1339,SIL,G,,,8,323,,,,B,5236,02,,44,0,0,000000000,00000000000,0,0,0,1,0,0,0,0,0,0,0,998,0,0,0,12,4,3,12,0,0,0,1,48,76667,1,1,0,0,2,0,999,999,0,12,0,0,0,4,2011,7,2012,0,0,0,0,0,1,2,70,1,1,8,1,0,0,1,62,9,1,4,65,0,0
48,482682,1,2,1,30,11,13,27,12,1,1,0,48,1,20,481,20481,31,2008,2GCEC19J4812,2,G,C,E,C,1,9,J,4,8,1,2,0,T,CHEV,SC1,4C,8,17,,2,1575,1339,SIL,G,,,8,323,,,,B,4870,03,,42,0,0,000000000,00000000000,0,0,0,1,0,0,0,0,0,0,0,998,0,0,0,12,6,2,12,0,0,0,1,48,76266,6,1,0,0,3,3,999,999,0,0,0,0,0,0,0,0,0,1,0,0,0,0,1,2,70,1,1,8,1,0,0,1,52,99,1,1,28,1,0
48,482682,2,2,3,30,11,13,27,12,1,1,0,48,1,7,880,7880,67,2006,3D7ML48C46G1,3,D,7,M,L,4,8,C,4,6,G,1,0,T,DODG,SQ3,CW,6,17,,3,0,1600,RPC,D,,,6,359,,,,D,6843,01,E,42,0,88,888888888,88888888888,2,1,97,1,0,0,0,0,0,0,0,998,0,0,0,6,6,2,12,0,0,0,1,48,76372,6,1,0,0,3,0,999,999,0,0,0,0,0,0,0,0,0,0,0,0,0,0,1,2,70,1,1,8,1,0,0,2,53,1,1,1,30,0,0
48,482683,1,2,4,21,4,20,42,12,6,1,0,48,1,20,20,20020,4,2000,2G1WL52J3Y11,2,G,1,W,L,5,2,J,3,Y,1,1,0,P,CHEV,LUM,4D,0,17,3330,,0,1075,,G,,F,6,191,,,15R205,,,,,,0,0,000000000,00000000000,0,0,0,1,0,0,0,0,0,0,0,998,0,0,0,3,4,3,12,0,0,0,1,48,78041,1,1,0,0,2,3,999,999,0,1,0,1,0,7,2010,1,2012,0,38,0,0,0,3,3,60,1,1,8,1,3,3,11,15,1,1,1,68,1,0
48,482683,2,2,1,21,4,20,42,12,6,1,0,48,3,20,2,20002,4,2012,2G1WG5E33C11,2,G,1,W,G,5,E,3,3,C,1,1,0,P,CHEV,IMT,4D,12,17,3555,,0,1105,,F,,F,6,220,,,17R225,,,,,,0,0,000000000,00000000000,0,0,0,1,0,0,0,0,0,0,0,998,0,0,0,12,4,3,12,0,0,0,1,48,78041,6,1,6,0,3,3,999,999,0,0,0,0,0,0,0,0,0,0,0,0,0,0,3,3,60,1,1,8,1,3,3,1,62,1,1,1,69,0,0
48,482684,1,1,1,28,7,2,7,41,0,1,0,48,1,7,482,7482,31,1994,1B7HF16Z2RS6,1,B,7,H,F,1,6,Z,2,R,S,6,0,T,DODG,150,PK,94,17,,2,1347,1187,RPC,G,,,8,360,,,,B,4444,01,B,44,0,0,000000000,00000000000,0,0,0,1,0,0,0,0,0,0,0,998,0,0,0,12,6,2,42,0,0,1,1,48,76542,1,1,0,0,2,0,74,194,0,2,0,1,1,6,2010,4,2012,0,37,51,24,0,1,2,30,1,1,8,1,0,0,17,8,7,1,4,3,1,1
48,482685,1,1,3,29,11,3,20,33,0,1,0,48,1,34,35,34035,4,2010,WBANW1C54AC1,W,B,A,N,W,1,C,5,4,A,C,1,0,P,BMW,535,4D,10,17,3704,,0,1137,,G,,T,6,183,,,17R225,,,,,,0,0,000000000,00000000000,0,0,0,1,0,0,0,0,0,0,0,998,0,0,0,12,4,3,33,0,0,0,1,48,77066,6,1,0,0,3,3,999,999,0,0,0,0,0,0,0,0,0,0,91,0,0,0,2,2,10,3,1,8,1,0,0,14,13,99,1,4,1,1,1
48,482686,1,2,1,18,3,0,30,12,2,1,0,48,2,41,37,41037,4,1998,1YVGF22C1W57,1,Y,V,G,F,2,2,C,1,W,5,7,0,P,MAZD,UDL,4D,98,17,2798,,0,1051,,G,,F,4,122,,,14R185,,,,,,0,0,000000000,00000000000,0,0,0,1,0,0,0,0,0,0,0,998,0,0,0,12,6,2,12,0,0,0,1,48,75217,0,0,0,0,0,0,999,999,0,0,0,0,0,0,0,0,0,0,51,0,0,0,3,4,60,2,2,8,1,0,0,14,54,1,1,1,52,0,1
48,482686,2,2,3,18,3,0,30,12,2,1,0,48,2,58,35,58035,4,1996,JNKCA21D6TT0,J,N,K,C,A,2,1,D,6,T,T,0,0,P,INFI,I30,4D,96,17,2974,,0,1063,,G,,F,6,182,,,15R215,,,,,,0,0,000000000,00000000000,0,0,0,1,0,0,0,0,0,0,0,998,0,0,0,12,6,2,12,0,0,0,1,48,75115,6,1,0,0,3,0,999,999,0,2,0,0,0,7,2009,7,2009,0,58,0,0,0,3,4,60,3,2,8,1,0,0,14,54,1,1,1,52,1,1
48,482688,1,4,3,23,11,19,47,8,0,1,0,48,1,12,481,12481,31,2011,1FTFW1CF8BKD,1,F,T,F,W,1,C,F,8,B,K,D,0,T,FORD,F1S,CW,11,17,,2,1570,1450,COF,F,,,8,305,,,,B,5128,03,7,42,0,0,000000000,00000000000,0,0,0,1,0,0,0,0,0,0,0,998,0,0,0,12,2,3,8,0,0,0,1,48,77087,6,1,0,0,3,0,999,999,0,0,0,0,0,0,0,0,0,0,0,0,0,0,5,6,50,1,1,8,1,0,0,1,80,1,1,1,13,0,0