STATE,ST_CASE,VEH_NO,VE_FORMS,NUMOCCS,DAY,MONTH,HOUR,MINUTE,HARM_EV,MAN_COLL,UNITTYPE,HIT_RUN,REG_STAT,OWNER,MAKE,MODEL,MAK_MOD,BODY_TYP,MOD_YEAR,VIN,VIN_1,VIN_2,VIN_3,VIN_4,VIN_5,VIN_6,VIN_7,VIN_8,VIN_9,VIN_10,VIN_11,VIN_12,TOW_VEH,VINTYPE,VINMAKE,VINA_MOD,VIN_BT,VINMODYR,VIN_LNGT,VIN_WGT,WGTCD_TR,WHLBS_LG,WHLBS_SH,SER_TR,FUELCODE,MCYCL_DS,CARBUR,CYLINDER,DISPLACE,MCYCL_CY,MCYCL_WT,TIRE_SZE,TON_RAT,TRK_WT,TRKWTVAR,VIN_REST,WHLDRWHL,J_KNIFE,MCARR_I1,MCARR_I2,MCARR_ID,GVWR,V_CONFIG,CARGO_BT,HAZ_INV,HAZ_PLAC,HAZ_ID,HAZ_CNO,HAZ_REL,BUS_USE,SPEC_USE,EMER_USE,TRAV_SP,UNDERIDE,ROLLOVER,ROLINLOC,IMPACT1,DEFORMED,TOWED,M_HARM,VEH_SC1,VEH_SC2,FIRE_EXP,DR_PRES,L_STATE,DR_ZIP,L_STATUS,L_TYPE,CDL_STAT,L_ENDORS,L_COMPL,L_RESTRI,DR_HGT,DR_WGT,PREV_ACC,PREV_SUS,PREV_DWI,PREV_SPD,PREV_OTH,FIRST_MO,FIRST_YR,LAST_MO,LAST_YR,SPEEDREL,DR_SF1,DR_SF2,DR_SF3,DR_SF4,VTRAFWAY,VNUM_LAN,VSPD_LIM,VALIGN,VPROFILE,VPAVETYP,VSURCOND,VTRAFCON,VTCONT_F,P_CRASH1,P_CRASH2,P_CRASH3,PCRASH4,PCRASH5,ACC_TYPE,DEATHS,DR_DRINK
48,482718,1,2,2,28,10,6,24,25,0,1,0,48,2,20,22,20022,2,2007,1G1AK15F9772,1,G,1,A,K,1,5,F,9,7,7,2,0,P,CHEV,BLS,CP,7,17,2991,,0,1033,,G,,F,4,134,,,15R195,,,,,,0,0,000000000,00000000000,0,0,0,1,0,0,0,0,0,0,0,998,0,0,0,4,6,2,25,0,0,0,1,48,79924,6,1,0,0,3,0,999,999,0,0,0,0,0,0,0,0,0,1,0,0,0,0,3,2,55,1,1,8,1,3,3,11,6,99,9,4,7,1,1
48,482718,2,2,1,28,10,6,24,25,0,1,0,48,1,12,481,12481,31,2002,3FTRF17232MA,3,F,T,R,F,1,7,2,3,2,M,A,0,T,FORD,F15,PK,2,17,,2,1385,1199,COF,G,,,6,256,,,,B,3990,03,U,42,0,0,000000000,00000000000,0,0,0,1,0,0,0,0,0,0,0,0,0,0,0,12,6,2,12,0,0,0,1,48,79924,6,1,0,0,3,3,999,999,0,0,0,0,0,0,0,0,0,0,0,0,0,0,3,2,55,1,1,8,1,3,3,5,64,1,1,1,98,0,0
48,482719,1,1,4,3,11,0,15,18,0,1,0,48,2,7,24,7024,4,2011,2B3CL3CG7BH5,2,B,3,C,L,3,C,G,7,B,H,5,0,P,DODG,CHA,4D,11,17,3961,,0,1200,,F,,F,6,220,,,17R215,,,,,,0,0,000000000,00000000000,0,0,0,1,0,0,0,0,0,0,0,998,0,0,0,1,6,2,18,0,0,0,1,48,75189,6,1,0,0,3,0,999,999,0,0,0,0,0,0,0,0,0,1,58,91,0,0,1,2,98,3,1,8,1,20,3,14,13,7,9,4,1,1,1
48,482720,1,1,2,13,11,18,0,1,0,1,0,48,1,20,403,20403,14,2004,1GNES16S6462,1,G,N,E,S,1,6,S,6,4,6,2,0,P,CHEV,TRL,UT,4,17,4773,,0,1290,,G,,F,6,256,,,17R245,,,,,,0,0,000000000,00000000000,0,0,0,1,0,0,0,0,0,0,0,56,0,2,5,0,6,2,1,0,0,0,1,48,76454,6,1,0,0,3,3,999,999,0,0,0,0,0,0,0,0,0,1,58,24,0,0,1,2,70,3,1,8,1,0,0,14,13,6,4,4,7,1,0
48,482721,1,1,8,20,11,0,12,1,0,1,0,48,2,23,421,23421,15,2001,1GKEC13T71J2,1,G,K,E,C,1,3,T,7,1,J,2,0,T,GMC,YUK,4W,1,17,,2,0,1160,YUK,G,,,8,325,,,,B,4878,00,K,42,0,0,000000000,00000000000,0,0,0,1,0,0,0,0,0,0,0,998,0,1,1,0,6,2,1,0,0,0,1,48,78237,0,0,0,0,0,0,999,999,0,0,0,0,0,0,0,0,0,0,58,0,0,0,2,4,70,1,1,8,1,0,0,1,12,7,3,6,98,4,0
48,482722,1,2,5,21,11,22,28,9,0,1,0,48,2,14,444,14444,20,2005,2MRZA21245BJ,2,M,R,Z,A,2,1,2,4,5,B,J,0,P,MERC,MNT,SV,5,17,4340,,0,1208,,G,,F,6,256,,,000000,,,,,,0,0,000000000,00000000000,0,0,0,1,0,0,0,0,0,0,0,998,0,0,0,12,4,3,9,0,0,0,1,48,77433,6,1,0,0,3,0,999,999,0,0,0,0,0,0,0,0,0,0,0,0,0,0,1,2,60,1,2,8,1,0,0,1,83,1,1,1,13,0,0
48,482722,2,2,1,21,11,22,28,9,0,1,0,48,1,12,3,12003,2,2004,1FAFP40424F1,1,F,A,F,P,4,0,4,2,4,F,1,0,P,FORD,MUS,CP,4,17,3114,,0,1013,,G,,F,6,232,,,16R225,,,,,,0,0,000000000,00000000000,0,0,0,1,0,0,0,0,0,0,0,998,0,0,0,12,4,3,9,0,0,0,1,48,77803,6,1,0,0,3,0,999,999,0,0,0,0,0,0,0,0,0,0,0,0,0,0,1,2,60,1,2,8,1,0,0,1,83,1,1,1,98,0,0
48,482723,1,2,1,23,11,2,34,12,2,1,0,48,2,7,482,7482,31,2002,1D7HA18N42S7,1,D,7,H,A,1,8,N,4,2,S,7,0,T,DODG,Q15,CW,2,17,,2,1605,1405,RPC,G,,,8,287,,,,B,4747,01,E,42,0,0,000000000,00000000000,0,0,0,1,0,0,0,0,0,0,0,998,0,0,0,12,4,3,12,0,0,0,1,48,76309,6,1,0,0,3,0,999,999,1,0,0,1,0,11,2011,12,2011,0,51,0,0,0,3,2,75,1,1,8,1,0,0,1,54,1,1,1,50,0,1
48,482723,2,2,1,23,11,2,34,12,2,1,0,48,1,49,50,49050,3,2006,JTKDE1671600,J,T,K,D,E,1,6,7,1,6,0,0,0,P,TOYT,SXC,2H,6,17,2905,,0,1063,,G,,F,4,144,,,17R215,,,,,,0,0,000000000,00000000000,0,0,0,1,0,0,0,0,0,0,0,998,0,0,0,12,4,3,12,0,0,0,1,48,75089,6,1,0,0,3,3,999,999,0,0,0,0,0,0,0,0,0,0,0,0,0,0,3,2,75,1,1,8,1,0,0,1,54,1,1,1,51,1,0
48,482724,1,2,1,26,11,6,11,12,6,1,0,48,1,76,706,76706,80,2008,JYAVP25E98A0,J,Y,A,V,P,2,5,E,9,8,A,0,0,M,YAMA,VCT,RS,8,17,,,,,,,1304,,2,,4,668,,,,,,,0,0,000000000,00000000000,0,0,0,1,0,0,0,0,0,0,0,998,0,0,0,11,8,3,12,0,0,0,1,48,77611,6,1,0,0,3,3,999,999,0,0,0,0,0,0,0,0,0,0,0,0,0,0,3,4,60,1,1,8,1,0,0,15,10,1,1,2,47,1,0
48,482724,2,2,1,26,11,6,11,12,6,1,0,48,1,22,18,22018,4,2005,1G2NE52E15M1,1,G,2,N,E,5,2,E,1,5,M,1,0,P,PONT,GAS,4D,5,17,3066,,0,1070,,G,,F,6,207,,,15R215,,,,,,0,0,000000000,00000000000,0,0,0,1,0,0,0,0,0,0,0,998,0,0,0,12,4,3,12,0,0,0,1,48,77630,6,1,0,0,3,0,999,999,0,0,0,1,0,5,2011,5,2011,0,0,0,0,0,3,4,60,1,1,8,1,0,0,1,61,1,1,1,45,0,0
48,482725,1,2,1,3,7,20,40,12,1,1,0,48,2,37,705,37705,80,2002,JH2PC35062M3,J,H,2,P,C,3,5,0,6,2,M,3,0,M,HOND,CF4,RC,2,17,,,,,,,599,,4,,4,370,,,,,,,0,0,000000000,00000000000,0,0,0,1,0,0,0,0,0,0,0,998,0,0,0,12,8,3,12,0,0,0,1,48,75041,0,0,0,0,0,0,65,142,0,12,0,2,0,4,2010,4,2012,1,35,37,0,0,2,6,40,1,1,8,1,3,3,6,50,1,1,1,20,1,1
48,482725,2,2,5,3,7,20,40,12,1,1,0,1,1,19,3,19003,4,2000,1G6KD54Y3YU3,1,G,6,K,D,5,4,Y,3,Y,U,3,0,P,CADI,DFW,4D,0,17,4012,,0,1138,,G,,F,8,279,,,16R225,,,,,,0,0,000000000,00000000000,0,0,0,1,0,0,0,0,0,0,0,0,0,0,0,6,2,1,12,0,0,0,1,48,75041,6,1,0,0,3,0,999,999,0,0,0,0,0,0,0,0,0,0,0,0,0,0,2,6,40,1,1,8,1,0,0,5,53,1,1,1,21,0,0
48,482726,1,1,1,15,8,15,37,42,0,1,0,48,1,49,40,49040,4,1996,JT2BG12K4T03,J,T,2,B,G,1,2,K,4,T,0,3,0,P,TOYT,DLX,4D,96,17,2932,,0,1031,,G,,F,4,132,,,14R195,,,,,,0,0,000000000,00000000000,0,0,0,1,0,0,0,0,0,0,0,998,0,0,0,12,6,2,42,0,0,0,1,48,78633,6,1,0,0,3,3,999,999,0,0,0,0,0,0,0,0,0,0,0,0,0,0,2,4,35,2,2,8,1,0,0,14,12,1,1,4,6,1,0
48,482728,1,1,1,10,11,3,57,24,0,1,0,40,3,98,809,98809,66,2007,2FWJA3CG17AX,2,F,W,J,A,3,C,G,1,7,A,X,1,T,STRG,AT9,TR,7,17,,8,0,0,STE,D,,,6,774,,,,,00000,00,,64,1,57,661173,57661173,3,6,1,1,0,0,0,0,0,0,0,998,0,0,0,12,6,2,21,0,0,0,1,48,78213,6,1,6,0,3,3,999,999,0,0,0,0,0,0,0,0,0,0,0,0,0,0,3,2,70,1,3,8,1,0,0,1,13,1,1,4,1,1,0
48,482729,1,2,1,21,11,6,51,12,2,1,0,48,2,22,9,22009,2,1997,2G2FS22K8V22,2,G,2,F,S,2,2,K,8,V,2,2,0,P,PONT,FBD,2H,97,17,3187,,0,1011,,G,,F,6,231,,,16R215,,,,,,0,0,000000000,00000000000,0,0,0,1,0,0,0,0,0,0,0,998,0,0,0,12,6,2,12,0,0,0,1,48,78065,6,1,0,0,3,3,999,999,0,0,0,0,0,0,0,0,0,0,28,51,0,0,1,2,70,1,1,8,1,0,0,1,10,1,1,2,50,1,0
48,482729,2,2,2,21,11,6,51,12,2,1,0,48,1,37,31,37031,4,1997,1HGEJ6677VL0,1,H,G,E,J,6,6,7,7,V,L,0,0,P,HOND,UCL,4D,97,17,2426,,0,1032,,G,,F,4,097,,,14R185,,,,,,0,0,000000000,00000000000,0,0,0,1,0,0,0,0,0,0,0,998,0,0,0,12,6,2,12,0,0,1,1,48,78065,3,1,0,0,2,0,999,999,0,0,0,0,0,0,0,0,0,0,0,0,0,0,1,2,70,1,1,8,1,0,0,1,62,1,1,1,51,2,0
48,482730,1,2,1,22,11,20,14,12,2,1,0,48,1,12,442,12442,20,2001,2FMZA50401BC,2,F,M,Z,A,5,0,4,0,1,B,C,0,T,FORD,WLX,ES,1,17,,1,0,1207,WIN,G,,,6,232,,,,B,3910,00,E,42,0,0,000000000,00000000000,0,0,0,1,0,0,0,0,0,0,0,998,0,0,0,12,6,2,12,0,0,0,1,96,25777,9,9,99,9,9,9,999,999,99,99,99,99,99,99,9999,99,9999,0,28,51,0,0,1,2,55,1,1,8,1,0,0,1,10,1,1,2,50,1,1
48,482730,2,2,1,22,11,20,14,12,2,1,0,48,1,12,422,12422,15,2007,1FMFU17567LA,1,F,M,F,U,1,7,5,6,7,L,A,0,P,FORD,EPT,UT,7,17,5578,,0,1190,,G,,F,8,329,,,17R265,,,,,,0,0,000000000,00000000000,0,0,0,1,0,0,0,0,0,0,0,998,0,0,0,12,6,2,12,0,0,0,1,48,78109,6,1,0,0,3,0,999,999,0,0,0,0,0,0,0,0,0,0,0,0,0,0,1,2,55,1,1,8,1,0,0,1,62,1,1,1,51,0,0
48,482731,1,1,1,30,6,0,15,8,0,1,1,99,9,99,999,99999,99,9999,999999999999,9,9,9,9,9,9,9,9,9,9,9,9,0,,,,,,,,,,,,,,,,,,,,,,,,,0,0,000000000,00000000000,0,0,0,1,0,0,0,0,0,0,0,998,0,0,0,12,8,1,8,0,0,0,1,99,99999,9,9,99,9,9,9,999,999,99,99,99,99,99,99,9999,99,9999,0,0,0,0,0,1,2,50,1,1,8,1,0,0,1,80,1,1,1,13,0,0
48,482732,1,1,4,3,9,17,57,33,0,1,0,48,1,20,481,20481,31,1998,2GCEK19R9W12,2,G,C,E,K,1,9,R,9,W,1,2,0,T,CHEV,GK1,PC,98,17,,2,1555,1415,GM4,G,,,8,350,,,,B,00000,00,,44,0,0,000000000,00000000000,0,0,0,1,0,0,0,0,0,0,0,998,0,0,0,99,6,2,26,0,0,0,1,48,77583,6,1,0,0,3,0,999,999,0,0,0,0,0,0,0,0,0,1,41,0,0,0,6,1,45,3,2,1,1,0,0,14,13,1,1,4,1,1,0
48,482733,1,1,1,24,9,7,52,8,0,1,0,17,3,87,881,87881,66,2005,1XP5DB9X55D8,1,X,P,5,D,B,9,X,5,5,D,8,0,T,PTRB,379,TR,5,17,,8,0,0,CON,D,,,6,893,,,,,00000,00,,64,0,57,297572,57297572,3,5,96,1,0,0,0,0,0,0,0,998,0,0,0,10,0,1,8,0,0,0,1,48,77590,6,1,6,0,3,0,999,999,0,0,0,0,0,0,0,0,0,0,48,0,0,0,1,2,30,1,1,8,1,21,3,10,80,1,1,1,13,0,0
48,482734,1,1,1,12,10,23,59,33,0,1,0,48,1,12,481,12481,31,2007,1FTRF12277NA,1,F,T,R,F,1,2,2,7,7,N,A,0,T,FORD,F15,PK,7,17,,2,1450,1260,COF,G,,,6,256,,,,B,4615,01,E,42,0,0,000000000,00000000000,0,0,0,1,0,0,0,0,0,0,0,998,0,0,0,12,2,3,3,0,0,0,1,48,77664,6,1,0,0,3,0,999,999,0,0,0,1,0,10,2011,10,2011,1,41,0,0,0,4,2,50,3,1,8,1,0,0,1,13,1,1,4,1,1,0
48,482735,1,1,2,29,10,15,35,8,0,1,0,48,1,20,481,20481,31,2002,1GCHC23182F2,1,G,C,H,C,2,3,1,8,2,F,2,0,T,CHEV,2CH,CW,2,17,,2,1670,1530,SIL,D,,,8,403,,,,C,5495,00,,42,0,0,000000000,00000000000,0,0,0,1,0,0,0,0,0,0,0,998,0,0,0,11,0,1,8,0,0,0,1,48,77566,6,1,0,0,3,0,999,999,0,0,0,0,0,0,0,0,0,0,38,0,0,0,1,2,20,1,2,8,1,3,3,11,80,1,1,1,13,0,0
48,482736,1,2,1,1,11,4,35,12,6,1,0,93,3,84,881,84881,66,2005,3HSCNAPR85N0,3,H,S,C,N,A,P,R,8,5,N,0,1,T,INTL,94I,TR,5,17,,8,0,0,940,D,,,6,915,,,,,00000,00,,64,1,57,1455055,571455055,3,6,4,1,0,0,0,0,0,0,0,0,0,0,0,7,2,3,12,0,0,0,1,48,75224,6,1,6,0,3,0,999,999,0,0,0,0,0,0,0,0,0,0,0,0,0,0,2,2,70,1,3,8,1,0,0,5,98,1,1,1,98,0,0
48,482736,2,2,1,1,11,4,35,12,6,1,0,48,1,82,881,82881,66,1996,2FUYDSYB1TA6,2,F,U,Y,D,S,Y,B,1,T,A,6,1,T,FRHT,FLD,TR,96,17,,8,0,0,CON,D,,,6,893,,,,,00000,00,,64,1,57,1961525,571961525,3,6,3,1,0,0,0,0,0,0,0,998,0,0,0,11,6,2,12,0,0,1,1,48,76078,6,1,6,0,3,0,67,200,3,0,0,0,3,4,2010,7,2011,0,0,0,0,0,2,2,70,1,3,8,1,0,0,1,55,1,1,1,98,1,0
48,482738,1,2,2,7,11,19,15,12,6,1,0,48,1,49,40,49040,4,1999,4T1BG22K3XU8,4,T,1,B,G,2,2,K,3,X,U,8,0,P,TOYT,UEX,4D,99,17,2998,,0,1051,,G,,F,4,132,,,14R195,,,,,,0,0,000000000,00000000000,0,0,0,1,0,0,0,0,0,0,0,998,0,0,0,81,6,2,12,0,0,0,1,48,77466,6,1,0,0,3,0,999,999,0,0,0,0,0,0,0,0,0,0,38,0,0,0,1,2,99,1,1,8,1,20,3,11,15,1,1,1,76,1,1
48,482738,2,2,1,7,11,19,15,12,6,1,0,47,1,12,880,12880,67,1999,1FTWW33F7XEC,1,F,T,W,W,3,3,F,7,X,E,C,0,T,FORD,F3D,CW,99,17,,3,1720,1560,DRW,D,,,8,444,,,,D,6200,01,E,44,0,88,888888888,88888888888,2,1,97,1,0,0,0,0,0,0,0,998,0,0,0,12,4,4,12,0,0,0,1,47,37323,6,1,0,0,3,3,69,220,0,0,0,0,0,0,0,0,0,0,0,0,0,0,1,2,45,1,1,8,1,0,0,1,65,1,1,1,77,0,0
48,482739,1,1,1,10,11,4,13,42,0,1,0,48,2,35,47,35047,4,2006,1N4AL11D46C1,1,N,4,A,L,1,1,D,4,6,C,1,0,P,NISS,ASL,4D,6,17,2915,,0,1102,,G,,F,4,153,,,16R215,,,,,,0,0,000000000,00000000000,0,0,0,1,0,0,0,0,0,0,0,998,0,0,0,3,6,2,42,0,0,0,1,48,78629,6,1,0,0,3,0,999,999,0,0,0,0,1,5,2010,5,2010,1,0,0,0,0,1,2,55,3,2,8,1,0,0,14,13,1,1,4,1,1,1
48,482740,1,2,1,11,11,13,16,1,0,1,0,40,1,76,705,76705,80,2006,JYARJ12E16A0,J,Y,A,R,J,1,2,E,1,6,A,0,0,M,YAMA,R6L,RC,6,17,,,,,,,599,,4,,4,357,,,,,,,0,0,000000000,00000000000,0,0,0,1,0,0,0,0,0,0,0,998,0,0,0,0,9,2,1,0,0,0,1,48,78232,6,1,0,0,3,3,999,999,1,0,0,0,0,10,2011,10,2011,1,0,0,0,0,1,2,99,3,1,8,1,0,0,14,6,1,9,2,98,1,0
48,482740,2,2,2,11,11,13,16,1,0,1,0,48,2,37,31,37031,4,1999,1HGEJ6672XL0,1,H,G,E,J,6,6,7,2,X,L,0,0,P,HOND,UCL,4D,99,17,2456,,0,1032,,G,,F,4,097,,,14R185,,,,,,0,0,000000000,00000000000,0,0,0,1,0,0,0,0,0,0,0,998,0,0,0,10,2,3,12,0,0,0,1,48,78636,6,1,0,0,3,3,999,999,0,0,0,0,0,0,0,0,0,0,0,0,0,0,1,2,99,1,1,8,1,0,0,11,15,1,1,1,98,0,0
48,482741,1,3,1,19,11,13,58,12,6,1,0,16,3,87,881,87881,66,2007,1XPHDB9X17D7,1,X,P,H,D,B,9,X,1,7,D,7,1,T,PTRB,386,TR,7,17,,8,0,0,CON,D,,,6,893,,,,,00000,00,,64,3,57,2276188,572276188,3,6,8,1,0,0,0,0,0,0,0,998,0,0,0,11,4,3,12,0,0,0,1,40,74857,6,1,6,0,3,0,66,175,0,0,0,0,0,0,0,0,0,0,28,51,0,0,1,2,60,2,1,8,1,0,0,14,10,1,1,2,64,0,0
48,482741,2,3,2,19,11,13,58,12,6,1,0,48,3,87,881,87881,66,2013,1XPWD49XXDD1,1,X,P,W,D,4,9,X,X,D,D,1,1,T,PTRB,388,TR,13,17,,8,0,0,CON,D,,,6,915,,,,,00000,00,,64,1,57,2135614,572135614,3,6,8,1,0,0,0,0,0,0,0,998,0,0,0,11,2,1,12,0,0,0,1,48,78073,6,1,6,0,3,0,999,999,0,0,0,0,1,12,2011,12,2011,0,0,0,0,0,1,2,60,3,1,8,1,0,0,14,62,1,1,1,65,0,0
48,482741,3,3,1,19,11,13,58,12,6,1,0,48,3,12,481,12481,31,2008,1FTSW20R18EB,1,F,T,S,W,2,0,R,1,8,E,B,0,T,FORD,F2S,CW,8,17,,2,1720,1560,SRW,D,,,8,390,,,,C,6051,01,E,42,0,0,000000000,00000000000,0,0,0,1,0,0,0,0,0,0,0,998,0,0,0,11,4,3,12,0,0,0,1,48,78016,6,1,0,0,3,0,999,999,1,0,0,0,0,4,2010,4,2010,0,0,0,0,0,1,2,60,3,1,8,1,0,0,14,62,1,1,1,98,1,0
48,482742,1,1,1,24,11,2,15,1,0,1,0,48,1,20,481,20481,31,2000,2GCEC19V7Y11,2,G,C,E,C,1,9,V,7,Y,1,1,0,T,CHEV,SC1,3C,0,17,,2,1575,1435,SIL,G,,,8,293,,,,B,4134,03,,42,0,0,000000000,00000000000,0,0,0,1,0,0,0,0,0,0,0,998,0,1,1,0,4,3,1,0,0,0,1,48,77378,6,1,0,0,3,3,999,999,0,0,0,0,0,0,0,0,0,1,0,0,0,0,1,2,50,2,1,8,1,0,0,14,6,7,3,6,98,1,1
48,482743,1,2,1,28,11,13,58,12,6,1,0,48,2,55,35,55035,4,2001,KMHDN45D11U1,K,M,H,D,N,4,5,D,1,1,U,1,0,P,HYUN,EST,4D,1,17,2635,,0,1027,,G,,F,4,121,,,15R205,,,,,,0,0,000000000,00000000000,0,0,0,1,0,0,0,0,0,0,0,998,0,0,0,11,4,3,12,0,0,0,1,48,75652,0,0,0,0,0,0,999,999,0,5,0,0,0,12,2009,10,2012,0,38,91,0,0,2,2,98,8,8,8,1,20,3,11,15,1,1,1,82,0,0
48,482743,2,2,1,28,11,13,58,12,6,1,0,48,2,37,706,37706,80,2001,JH2SC440X1M1,J,H,2,S,C,4,4,0,X,1,M,1,0,M,HOND,CR9,RC,1,17,,,,,,,929,,4,,4,379,,,,,,,0,0,000000000,00000000000,0,0,0,1,0,0,0,0,0,0,0,998,0,0,0,12,8,3,12,0,0,0,1,48,75654,3,1,0,0,2,0,999,999,0,0,0,0,0,0,0,0,0,0,0,0,0,0,5,4,70,1,1,8,1,0,0,1,67,1,1,1,83,1,0
48,482744,1,1,2,1,12,1,0,33,0,1,0,48,2,72,706,72706,80,2009,1HD1FS4199Y6,1,H,D,1,F,S,4,1,9,9,Y,6,0,M,HD,LTR,RS,9,17,,,,,,,1584,,2,,4,820,,,,,,,0,0,000000000,00000000000,0,0,0,1,0,0,0,0,0,0,0,998,0,0,0,98,8,3,33,0,0,0,1,48,75236,6,1,0,0,3,3,61,111,0,0,0,0,0,0,0,0,0,0,91,0,0,0,6,2,60,3,2,8,1,0,0,14,13,1,1,4,1,1,1
48,482745,1,3,1,1,12,4,25,12,2,1,0,48,1,12,422,12422,15,2000,1FMPU18L7YLA,1,F,M,P,U,1,8,L,7,Y,L,A,0,P,FORD,EPT,UT,0,17,5401,,0,1191,,G,,F,8,330,,,16R255,,,,,,0,0,000000000,00000000000,0,0,0,1,0,0,0,0,0,0,0,998,0,0,0,12,4,3,12,0,0,0,1,48,75228,6,1,0,0,3,0,999,999,0,0,0,1,0,8,2010,8,2010,0,38,0,0,0,2,6,45,1,1,8,1,3,3,11,15,1,1,1,68,0,0
48,482745,2,3,1,1,12,4,25,12,2,1,0,48,1,49,32,49032,4,1999,1NXBR12E0XZ1,1,N,X,B,R,1,2,E,0,X,Z,1,0,P,TOYT,UVL,4D,99,17,2414,,0,970,,G,,F,4,109,,,14R175,,,,,,0,0,000000000,00000000000,0,0,0,1,0,0,0,0,0,0,0,998,0,0,0,12,4,3,12,0,0,0,1,48,75243,6,1,0,0,3,0,999,999,0,0,0,1,0,8,2010,8,2010,0,0,0,0,0,2,6,45,1,1,8,1,3,3,1,62,1,1,1,69,1,0
48,482745,3,3,1,1,12,4,25,12,2,1,0,48,1,12,401,12401,14,2004,1FMZU62K24ZA,1,F,M,Z,U,6,2,K,2,4,Z,A,0,P,FORD,EPR,UT,4,17,4304,,0,1137,,F,,F,6,245,,,16R235,,,,,,0,0,000000000,00000000000,0,0,0,1,0,0,0,0,0,0,0,998,0,0,0,12,4,3,12,0,0,0,1,48,75040,6,1,0,0,3,3,999,999,0,0,0,0,0,0,0,0,0,0,0,0,0,0,2,6,45,1,1,8,1,3,3,1,62,1,1,1,98,0,0
48,482746,1,2,1,1,12,8,20,12,2,1,0,48,1,49,40,49040,6,1988,JT2SV21W9J02,J,T,2,S,V,2,1,W,9,J,0,2,0,P,TOYT,CMD,SW,88,17,2855,,0,1024,,G,,F,4,122,,,000000,,,,,,0,0,000000000,00000000000,0,0,0,1,0,0,0,0,0,0,0,998,0,0,0,12,6,2,12,0,0,0,1,48,78624,6,1,7,0,3,0,999,999,0,0,0,0,0,0,0,0,0,0,28,51,0,0,1,2,60,2,1,8,1,0,0,14,10,1,1,2,50,1,0
48,482746,2,2,1,1,12,8,20,12,2,1,0,48,1,12,481,12481,31,2008,1FTSX21R78EC,1,F,T,S,X,2,1,R,7,8,E,C,0,T,FORD,F2S,4C,8,17,,2,1580,1420,SRW,D,,,8,390,,,,C,6346,01,U,44,0,0,000000000,00000000000,0,0,0,1,0,0,0,0,0,0,0,998,0,0,0,12,4,3,12,0,0,0,1,48,78624,6,1,0,0,3,0,999,999,0,0,0,0,0,0,0,0,0,0,0,0,0,0,1,2,60,3,1,8,1,0,0,14,62,1,1,1,51,0,0
48,482747,1,1,1,1,12,0,2,59,0,1,0,48,2,72,706,72706,80,2007,1HD1KB4117Y6,1,H,D,1,K,B,4,1,1,7,Y,6,0,M,HD,FHX,RS,7,17,,,,,,,1584,,2,,4,733,,,,,,,0,0,000000000,00000000000,0,0,0,1,0,0,0,0,0,0,0,998,0,0,0,12,8,3,59,0,0,0,1,40,73632,6,1,6,0,2,0,70,150,0,0,0,0,2,1,2010,6,2010,1,0,0,0,0,2,4,50,2,1,8,1,0,0,14,6,1,1,4,6,1,1
48,482748,1,1,4,1,12,2,1,25,0,1,0,48,2,37,31,37031,2,2004,1HGEM229X4L0,1,H,G,E,M,2,2,9,X,4,L,0,0,P,HOND,UAX,CP,4,17,2579,,0,1031,,G,,F,4,102,,,000000,,,,,,0,0,000000000,00000000000,0,0,0,1,0,0,0,0,0,0,0,998,0,1,3,12,4,3,1,0,0,0,1,48,76180,6,1,0,0,3,3,999,999,0,0,0,0,1,5,2012,5,2012,0,0,0,0,0,3,3,60,1,1,8,1,0,0,15,9,1,2,4,7,1,1
48,482749,1,1,1,1,12,8,45,38,0,1,0,48,1,20,404,20404,14,2007,2CNDL63F3760,2,C,N,D,L,6,3,F,3,7,6,0,0,P,CHEV,EQU,UT,7,17,3668,,0,1125,,G,,F,6,207,,,17R235,,,,,,0,0,000000000,00000000000,0,0,0,1,0,0,0,0,0,0,0,998,0,0,0,12,6,2,42,0,0,0,1,48,77835,6,1,0,0,3,3,999,999,0,0,0,0,0,0,0,0,0,0,0,0,0,0,1,2,60,1,1,8,1,0,0,1,12,1,1,4,6,1,0
48,482750,1,2,1,2,12,1,10,8,0,1,1,99,9,99,999,99999,99,9999,999999999999,9,9,9,9,9,9,9,9,9,9,9,9,0,,,,,,,,,,,,,,,,,,,,,,,,,0,0,000000000,00000000000,0,0,0,1,0,0,0,0,0,0,0,998,0,0,0,12,9,1,8,0,0,0,1,99,99999,9,9,99,9,9,9,999,999,99,99,99,99,99,99,9999,99,9999,0,0,0,0,0,5,5,40,1,1,8,1,0,0,1,80,1,1,1,13,0,0
48,482750,2,2,3,2,12,1,10,8,0,1,0,39,9,35,43,35043,4,2012,3N1AB6AP4CL6,3,N,1,A,B,6,A,P,4,C,L,6,0,P,NISS,SBL,4D,12,17,2875,,0,1057,,G,,F,4,122,,,16R205,,,,,,0,0,000000000,00000000000,0,0,0,1,0,0,0,0,0,0,0,998,0,0,0,12,2,3,8,0,0,0,1,24,20630,6,1,0,0,3,0,69,180,0,0,0,0,0,0,0,0,0,0,0,0,0,0,5,5,40,1,1,8,1,0,0,1,80,1,1,1,98,0,0