STATE,ST_CASE,VEH_NO,VE_FORMS,NUMOCCS,DAY,MONTH,HOUR,MINUTE,HARM_EV,MAN_COLL,UNITTYPE,HIT_RUN,REG_STAT,OWNER,MAKE,MODEL,MAK_MOD,BODY_TYP,MOD_YEAR,VIN,VIN_1,VIN_2,VIN_3,VIN_4,VIN_5,VIN_6,VIN_7,VIN_8,VIN_9,VIN_10,VIN_11,VIN_12,TOW_VEH,VINTYPE,VINMAKE,VINA_MOD,VIN_BT,VINMODYR,VIN_LNGT,VIN_WGT,WGTCD_TR,WHLBS_LG,WHLBS_SH,SER_TR,FUELCODE,MCYCL_DS,CARBUR,CYLINDER,DISPLACE,MCYCL_CY,MCYCL_WT,TIRE_SZE,TON_RAT,TRK_WT,TRKWTVAR,VIN_REST,WHLDRWHL,J_KNIFE,MCARR_I1,MCARR_I2,MCARR_ID,GVWR,V_CONFIG,CARGO_BT,HAZ_INV,HAZ_PLAC,HAZ_ID,HAZ_CNO,HAZ_REL,BUS_USE,SPEC_USE,EMER_USE,TRAV_SP,UNDERIDE,ROLLOVER,ROLINLOC,IMPACT1,DEFORMED,TOWED,M_HARM,VEH_SC1,VEH_SC2,FIRE_EXP,DR_PRES,L_STATE,DR_ZIP,L_STATUS,L_TYPE,CDL_STAT,L_ENDORS,L_COMPL,L_RESTRI,DR_HGT,DR_WGT,PREV_ACC,PREV_SUS,PREV_DWI,PREV_SPD,PREV_OTH,FIRST_MO,FIRST_YR,LAST_MO,LAST_YR,SPEEDREL,DR_SF1,DR_SF2,DR_SF3,DR_SF4,VTRAFWAY,VNUM_LAN,VSPD_LIM,VALIGN,VPROFILE,VPAVETYP,VSURCOND,VTRAFCON,VTCONT_F,P_CRASH1,P_CRASH2,P_CRASH3,PCRASH4,PCRASH5,ACC_TYPE,DEATHS,DR_DRINK
48,482751,1,1,1,2,12,15,10,1,0,1,0,48,2,20,403,20403,14,2003,1GNDS13S4322,1,G,N,D,S,1,3,S,4,3,2,2,0,P,CHEV,TRL,UT,3,17,4417,,0,1130,,G,,F,6,256,,,16R245,,,,,,0,0,000000000,00000000000,0,0,0,1,0,0,0,0,0,0,0,998,0,1,3,0,6,2,1,0,0,0,1,48,76513,6,1,0,0,3,0,71,205,0,0,0,0,0,0,0,0,0,1,37,58,0,0,3,2,70,1,1,8,1,0,0,1,6,1,4,4,7,1,0
48,482752,1,1,1,2,12,21,33,11,0,1,0,48,1,12,881,12881,61,2012,1FT8W3BTXCEB,1,F,T,8,W,3,B,T,X,C,E,B,0,T,FORD,F3S,CW,12,17,,3,1724,1562,SRW,D,,,8,409,,,,D,6870,00,7,44,0,88,888888888,88888888888,2,1,98,1,0,0,0,0,0,0,0,998,0,1,5,12,4,3,11,0,0,0,1,48,77866,6,1,6,0,3,0,999,999,0,0,0,0,0,0,0,0,0,0,0,0,0,0,1,2,70,1,2,8,1,0,0,1,87,1,1,1,13,1,0
48,482753,1,2,1,2,12,2,36,12,7,1,0,40,1,22,9,22009,3,1997,2G2FS22K1V22,2,G,2,F,S,2,2,K,1,V,2,2,0,P,PONT,FBD,2H,97,17,3187,,0,1011,,G,,F,6,231,,,16R215,,,,,,0,0,000000000,00000000000,0,0,0,1,0,0,0,0,0,0,0,998,0,0,0,7,4,3,25,0,0,0,1,40,73008,1,1,0,0,2,3,74,170,0,1,0,0,1,7,2011,7,2012,0,0,0,0,0,3,3,70,3,2,8,1,0,0,14,60,1,1,1,45,0,0
48,482753,2,2,2,2,12,2,36,12,7,1,0,48,2,2,404,2404,14,2004,1J4GX48SX4C3,1,J,4,G,X,4,8,S,X,4,C,3,0,T,JEEP,LCF,4W,4,17,,1,0,1059,GCK,G,,,6,244,,,,,3683,02,E,42,0,0,000000000,00000000000,0,0,0,1,0,0,0,0,0,0,0,998,0,1,5,1,6,2,1,0,0,0,1,48,75034,0,0,0,0,0,0,999,999,0,0,0,0,0,0,0,0,0,1,27,0,0,0,3,3,70,3,2,8,1,0,0,15,11,1,1,2,46,1,1
48,482754,1,2,3,2,12,12,16,12,6,1,0,48,1,63,402,63402,14,2011,5XYKT3A14BG1,5,X,Y,K,T,3,A,1,4,B,G,1,0,P,KIA,SOR,UT,11,17,3763,,0,1063,,G,,F,4,144,,,17R235,,,,,,0,0,000000000,00000000000,0,0,0,1,0,0,0,0,0,0,0,998,0,0,0,12,4,3,12,0,0,0,1,48,75235,6,1,0,0,3,3,999,999,0,0,0,0,0,0,0,0,0,0,0,0,0,0,1,4,99,3,1,8,1,3,3,14,66,1,1,1,88,0,0
48,482754,2,2,1,2,12,12,16,12,6,1,0,48,1,49,40,49040,4,1997,1NXBA02E1VZ5,1,N,X,B,A,0,2,E,1,V,Z,5,0,P,TOYT,UCC,4D,97,17,2337,,0,970,,G,,F,4,097,,,14R175,,,,,,0,0,000000000,00000000000,0,0,0,1,0,0,0,0,0,0,0,998,0,0,0,9,6,2,12,0,0,0,1,48,75235,6,1,0,0,3,0,63,343,0,0,0,0,0,0,0,0,0,0,39,0,0,0,2,3,40,1,1,8,1,3,3,1,17,1,1,1,89,1,0
48,482755,1,1,1,2,12,19,56,30,0,1,0,48,2,20,2,20002,4,2001,2G1WH55K2191,2,G,1,W,H,5,5,K,2,1,9,1,0,P,CHEV,IPL,4D,1,17,3466,,0,1105,,G,,F,6,231,,,16R225,,,,,,0,0,000000000,00000000000,0,0,0,1,0,0,0,0,0,0,0,998,0,1,5,11,4,3,30,0,0,0,1,96,99999,9,9,99,9,9,9,999,999,99,99,99,99,99,99,9999,99,9999,0,15,0,0,0,4,2,50,1,1,8,1,0,0,1,13,1,1,4,1,1,1
48,482756,1,1,6,2,12,7,5,25,0,1,0,31,2,20,403,20403,14,2003,1GNDT13S4323,1,G,N,D,T,1,3,S,4,3,2,3,0,P,CHEV,TRL,UT,3,17,4600,,0,1130,,G,,F,6,256,,,16R245,,,,,,0,0,000000000,00000000000,0,0,0,1,0,0,0,0,0,0,0,998,0,1,1,2,6,2,25,0,0,0,1,31,68506,6,1,0,0,3,0,71,150,1,0,0,0,3,10,2011,9,2012,0,0,0,0,0,3,3,60,1,1,8,1,0,0,1,13,7,7,4,2,2,0
48,482757,1,2,1,2,12,1,49,12,2,1,0,48,1,23,481,23481,31,2012,3GTP1VE06CG1,3,G,T,P,1,V,E,0,6,C,G,1,0,T,GMC,1NC,CW,12,17,,2,0,1435,SIE,F,,,8,323,,,,B,5095,00,S,42,0,0,000000000,00000000000,0,0,0,1,0,0,0,0,0,0,0,998,0,0,0,12,4,3,12,0,0,0,1,48,78118,6,1,6,0,3,3,999,999,0,0,0,0,0,0,0,0,0,0,51,91,0,0,1,2,70,2,1,8,1,0,0,14,10,1,1,2,50,0,1
48,482757,2,2,5,2,12,1,49,12,2,1,0,48,1,12,481,12481,31,2006,1FTPW12V56KD,1,F,T,P,W,1,2,V,5,6,K,D,0,T,FORD,F1S,CW,6,17,,2,0,1390,COF,F,,,8,329,,,,B,5176,01,E,42,0,0,000000000,00000000000,0,0,0,1,0,0,0,0,0,0,0,998,0,0,0,12,4,3,12,0,0,0,1,48,78119,6,1,0,0,3,3,999,999,0,1,0,0,0,3,2010,3,2010,0,24,0,0,0,1,2,70,3,1,8,1,0,0,14,54,6,1,1,51,1,0
48,482758,1,1,1,2,12,13,59,24,0,1,0,48,1,72,706,72706,82,2002,1HD1BHY112Y0,1,H,D,1,B,H,Y,1,1,2,Y,0,0,M,HD,FXT,RS,2,17,,,,,,,1450,,2,,4,629,,,,,,,0,0,000000000,00000000000,0,0,0,1,0,0,0,0,0,0,0,998,0,0,0,99,9,2,24,0,0,0,1,48,78412,6,1,6,0,3,3,999,999,1,0,0,0,0,10,2010,10,2010,1,0,0,0,0,4,1,55,3,2,8,1,0,0,14,13,1,1,4,1,1,0
48,482759,1,1,1,2,12,2,34,52,0,1,0,48,1,12,481,12481,31,2008,1FTSW21R48EC,1,F,T,S,W,2,1,R,4,8,E,C,0,T,FORD,F2S,CW,8,17,,2,1720,1560,SRW,D,,,8,390,,,,C,6523,01,E,44,0,0,000000000,00000000000,0,0,0,1,0,0,0,0,0,0,0,998,0,1,5,12,4,3,52,0,0,0,1,48,76016,6,1,0,0,3,3,999,999,0,0,0,0,0,0,0,0,0,0,0,0,0,0,3,3,60,1,1,8,1,0,0,1,13,1,1,4,1,1,1
48,482760,1,2,1,2,12,20,7,12,6,1,0,18,3,87,881,87881,66,2013,1XPXD49X6DD1,1,X,P,X,D,4,9,X,6,D,D,1,1,T,PTRB,389,TR,13,17,,8,0,0,CON,D,,,6,915,,,,,00000,00,,64,1,57,2195505,572195505,3,6,3,1,0,0,0,0,0,0,0,998,0,0,0,12,4,3,12,0,0,0,1,18,47465,6,1,6,0,3,0,64,170,0,0,0,0,2,3,2010,2,2012,1,39,0,0,0,4,3,50,1,2,8,1,3,3,1,17,1,1,1,73,0,0
48,482760,2,2,6,2,12,20,7,12,6,1,0,48,1,20,431,20431,16,1995,3GNEC16K1SG1,3,G,N,E,C,1,6,K,1,S,G,1,0,P,CHEV,C15,UT,95,17,4691,,0,1175,,G,,F,8,350,,,15R235,,,,,,0,0,000000000,00000000000,0,0,0,1,0,0,0,0,0,0,0,998,0,0,0,9,6,2,12,0,0,0,1,48,78721,1,1,0,0,2,0,999,999,1,6,0,0,0,12,2009,6,2012,0,0,0,0,0,4,3,50,1,2,8,1,3,3,11,15,1,1,1,72,1,0
48,482761,1,1,1,2,12,4,33,42,0,1,0,48,2,49,44,49044,2,2000,2T1CG22P9YC3,2,T,1,C,G,2,2,P,9,Y,C,3,0,P,TOYT,CRE,CP,0,17,3120,,0,1051,,G,,F,4,132,,,15R205,,,,,,0,0,000000000,00000000000,0,0,0,1,0,0,0,0,0,0,0,998,0,0,0,12,6,2,42,0,0,0,1,48,76078,6,1,0,0,3,0,999,999,0,0,0,0,0,0,0,0,0,0,0,0,0,0,1,2,40,2,1,8,1,0,0,1,12,1,1,4,6,1,1
48,482762,1,2,1,3,12,5,48,8,0,1,0,48,1,20,481,20481,31,2008,1GCHK23K18F1,1,G,C,H,K,2,3,K,1,8,F,1,0,T,CHEV,2KH,CW,8,17,,2,1670,1530,SIL,G,,,8,366,,,,C,5883,02,,44,0,0,000000000,00000000000,0,0,0,1,0,0,0,0,0,0,0,998,0,0,0,12,4,3,8,0,0,0,1,48,78251,6,1,0,0,3,3,999,999,0,0,0,0,0,0,0,0,0,0,0,0,0,0,2,6,40,1,1,8,1,3,3,1,80,7,1,1,13,0,0
48,482762,2,2,1,3,12,5,48,8,0,1,0,48,1,20,481,20481,31,2004,3GNEC16Z44G3,3,G,N,E,C,1,6,Z,4,4,G,3,0,P,CHEV,C15,UT,4,17,4947,,0,1300,,F,,F,8,325,,,16R265,,,,,,0,0,000000000,00000000000,0,0,0,1,0,0,0,0,0,0,0,0,0,0,0,12,0,3,8,0,0,0,1,48,78235,6,1,0,0,3,3,999,999,0,0,0,1,0,7,2012,7,2012,0,0,0,0,0,2,6,40,1,1,8,1,3,3,5,98,1,1,1,98,0,0
48,482763,1,1,1,3,12,18,30,9,0,1,0,48,1,20,2,20002,4,2011,2G1WF5EK4B12,2,G,1,W,F,5,E,K,4,B,1,2,0,P,CHEV,IPL,4D,11,17,3555,,0,1105,,F,,F,6,214,,,16R225,,,,,,0,0,000000000,00000000000,0,0,0,1,0,0,0,0,0,0,0,998,0,0,0,12,2,3,9,0,0,0,1,48,76011,6,1,0,0,3,3,999,999,3,0,0,0,1,2,2010,6,2012,0,0,0,0,0,3,3,45,1,2,8,1,0,0,1,83,1,1,1,13,0,0
48,482764,1,2,1,3,12,0,35,12,1,1,0,48,1,12,481,12481,31,2007,1FTRW12W17KC,1,F,T,R,W,1,2,W,1,7,K,C,0,T,FORD,F1S,CW,7,17,,2,0,1390,COF,G,,,8,281,,,,B,5176,01,E,42,0,0,000000000,00000000000,0,0,0,1,0,0,0,0,0,0,0,50,0,0,0,12,4,3,12,0,0,0,1,48,77449,6,1,0,0,3,0,999,999,0,0,0,0,0,0,0,0,0,1,0,0,0,0,2,4,40,1,1,8,1,3,3,1,50,1,1,1,20,0,1
48,482764,2,2,3,3,12,0,35,12,1,1,0,48,1,2,404,2404,14,2003,1J4GX48S83C6,1,J,4,G,X,4,8,S,8,3,C,6,0,T,JEEP,LRO,4W,3,17,,1,0,1059,GCK,G,,,6,244,,,,,3704,01,E,42,0,0,000000000,00000000000,0,0,0,1,0,0,0,0,0,0,0,0,0,0,0,6,4,3,12,0,0,0,1,48,77084,6,1,0,0,3,0,999,999,1,0,0,0,0,10,2011,10,2011,0,0,0,0,0,2,4,40,1,1,8,1,3,3,5,53,1,1,1,21,1,0
48,482765,1,1,1,3,12,18,17,8,0,1,1,99,9,20,999,20999,99,9999,999999999999,9,9,9,9,9,9,9,9,9,9,9,9,0,,,,,,,,,,,,,,,,,,,,,,,,,0,0,000000000,00000000000,0,0,0,1,0,0,0,0,0,0,0,998,0,0,0,10,2,1,8,0,0,0,1,99,99999,9,9,99,9,9,9,999,999,99,99,99,99,99,99,9999,99,9999,0,0,0,0,0,2,4,45,1,1,8,1,0,0,1,80,1,1,1,13,0,0
48,482766,1,1,2,3,12,20,30,42,0,1,0,48,2,12,481,12481,31,2004,1FTRF12W94NA,1,F,T,R,F,1,2,W,9,4,N,A,0,T,FORD,F15,PK,4,17,,2,1450,1260,COF,G,,,8,281,,,,B,4810,00,U,42,0,0,000000000,00000000000,0,0,0,1,0,0,0,0,0,0,0,998,0,1,5,12,6,2,42,0,0,0,1,48,75474,0,0,0,0,0,0,999,999,0,0,0,0,0,0,0,0,0,0,58,0,0,0,1,2,35,1,1,8,1,0,0,1,12,7,1,4,1,1,0
48,482767,1,2,1,3,12,7,10,12,2,1,0,48,1,18,4,18004,4,1993,1G4BT5378PR4,1,G,4,B,T,5,3,7,8,P,R,4,0,P,BUIC,RDL,4D,93,17,3988,,0,1159,,G,,F,8,350,,,15R235,,,,,,0,0,000000000,00000000000,0,0,0,1,0,0,0,0,0,0,0,998,0,0,0,12,6,2,12,0,0,0,1,4,79046,6,1,0,0,3,0,72,202,0,1,0,0,0,5,2010,5,2010,0,28,0,0,0,1,2,70,1,1,8,1,0,0,1,10,1,1,2,50,1,0
48,482767,2,2,2,3,12,7,10,12,2,1,0,40,3,85,881,85881,66,2012,1XKDP4EX6CR3,1,X,K,D,P,4,E,X,6,C,R,3,1,T,KW,T80,TR,12,17,,8,2600,1600,CON,D,,,6,915,,,,,00000,00,,,1,57,34257,5734257,3,6,3,1,0,0,0,0,0,0,0,998,0,0,0,12,6,2,12,0,0,0,1,40,73801,6,1,6,0,3,3,72,280,0,0,0,2,1,12,2009,9,2010,0,0,0,0,0,1,2,70,1,1,8,1,0,0,1,62,7,1,1,51,0,0
48,482768,1,2,1,3,12,5,35,12,2,1,0,48,2,20,481,20481,31,1996,1GCHC39F0TE1,1,G,C,H,C,3,9,F,0,T,E,1,0,T,CHEV,GC3,PC,96,17,,2,0,1555,GM4,D,,,8,397,,,,D,5250,00,,42,0,0,000000000,00000000000,0,0,0,1,0,0,0,0,0,0,0,998,0,0,0,12,6,2,12,0,0,0,1,48,78574,6,1,0,0,3,0,999,999,1,0,0,1,1,3,2010,11,2011,0,28,0,0,0,1,2,55,2,2,8,1,0,0,14,10,1,1,2,50,0,0
48,482768,2,2,1,3,12,5,35,12,2,1,0,48,1,22,22,22022,4,2005,1G2ZH5288541,1,G,2,Z,H,5,2,8,8,5,4,1,0,P,PONT,GGT,4D,5,17,3425,,0,1123,,G,,F,6,214,,,17R225,,,,,,0,0,000000000,00000000000,0,0,0,1,0,0,0,0,0,0,0,998,0,0,0,12,6,2,12,0,0,0,1,48,77351,6,1,0,0,3,3,999,999,0,0,0,0,0,0,0,0,0,0,0,0,0,0,1,2,55,3,2,8,1,0,0,14,62,1,1,1,51,1,0
48,482769,1,1,1,4,12,13,27,1,0,1,0,48,1,7,482,7482,31,2001,1B7HC16X81S6,1,B,7,H,C,1,6,X,8,1,S,6,0,T,DODG,150,PK,1,17,,2,1347,1187,RPC,G,,,6,239,,,,B,4010,02,U,42,0,0,000000000,00000000000,0,0,0,1,0,0,0,0,0,0,0,998,0,2,5,0,6,2,1,0,0,0,1,48,76522,6,1,0,0,3,3,999,999,0,0,0,0,0,0,0,0,0,0,58,0,0,0,1,2,70,1,1,8,1,0,0,1,13,6,4,4,7,1,0
48,482770,1,1,1,4,12,0,45,42,0,1,0,48,1,42,42,42042,2,2009,WDDEJ77X19A0,W,D,D,E,J,7,7,X,1,9,A,0,0,P,MERZ,CLA,CP,9,17,4599,,0,1163,,G,,F,8,378,,,20R255,,,,,,0,0,000000000,00000000000,0,0,0,1,0,0,0,0,0,0,0,998,0,0,0,5,4,3,42,0,0,0,1,48,75219,6,1,0,0,3,3,68,186,0,0,0,0,0,0,0,0,0,1,0,0,0,0,2,6,30,3,2,8,1,0,0,14,13,1,1,4,1,1,1
48,482771,1,1,2,4,12,20,42,38,0,1,0,48,3,7,881,7881,61,2008,3D6WG48A28G1,3,D,6,W,G,4,8,A,2,8,G,1,0,T,DODG,SQ3,CH,8,17,,3,0,1635,RPC,D,,,6,408,,,,D,00000,00,E,42,0,88,888888888,88888888888,2,1,96,1,0,0,0,0,0,0,0,998,0,1,5,98,6,2,38,0,0,1,1,48,78621,6,1,0,0,3,0,67,96,0,0,0,0,0,0,0,0,0,1,58,0,0,0,1,2,75,3,1,8,1,0,0,14,13,6,4,4,7,1,1
48,482772,1,2,1,4,12,14,52,12,1,1,0,48,1,20,481,20481,31,1994,1GCEC14Z4RZ1,1,G,C,E,C,1,4,Z,4,R,Z,1,0,T,CHEV,GC1,PK,94,17,,2,1315,1175,GM4,G,,,6,262,,,,B,3675,02,,42,0,0,000000000,00000000000,0,0,0,1,0,0,0,0,0,0,0,998,0,0,0,6,4,3,12,0,0,0,1,48,77984,6,1,0,0,3,3,999,999,0,0,0,0,0,0,0,0,0,0,38,24,0,0,1,2,98,8,8,8,1,20,3,10,16,1,1,1,78,1,0
48,482772,2,2,1,4,12,14,52,12,1,1,0,48,2,24,401,24401,14,2004,5GZCZ53494S8,5,G,Z,C,Z,5,3,4,9,4,S,8,0,P,STRN,VUE,UT,4,17,3478,,0,1066,,G,,F,6,214,,,16R215,,,,,,0,0,000000000,00000000000,0,0,0,1,0,0,0,0,0,0,0,998,0,0,0,12,4,3,12,0,0,0,1,48,77984,6,1,0,0,3,3,999,999,0,0,0,0,0,0,0,0,0,0,0,0,0,0,1,2,65,1,3,8,1,0,0,1,65,7,1,1,79,0,0
48,482773,1,1,1,4,12,3,23,42,0,1,0,48,2,12,401,12401,14,1999,1FMYU22E0XUC,1,F,M,Y,U,2,2,E,0,X,U,C,0,P,FORD,EPR,UT,99,17,3675,,0,1017,,G,,F,6,245,,,15R235,,,,,,0,0,000000000,00000000000,0,0,0,1,0,0,0,0,0,0,0,998,0,0,0,12,6,2,42,0,0,0,1,48,77327,0,0,0,0,0,0,999,999,0,0,0,0,0,0,0,0,0,0,0,0,0,0,2,2,70,1,1,8,1,0,0,1,12,7,1,4,1,1,0
48,482774,1,1,1,4,12,12,33,1,0,1,0,48,1,12,473,12473,30,2005,1FMZU67K05UB,1,F,M,Z,U,6,7,K,0,5,U,B,0,P,FORD,EPR,UT,5,17,4095,,0,1259,,F,,F,6,245,,,16R235,,,,,,0,0,000000000,00000000000,0,0,0,1,0,0,0,0,0,0,0,998,0,2,6,0,4,3,1,0,0,0,1,48,77488,6,1,0,0,3,3,999,999,0,0,0,0,0,0,0,0,0,0,0,0,0,0,1,2,65,2,1,8,2,0,0,14,8,99,4,4,2,1,0
48,482775,1,1,1,5,12,1,58,38,0,1,0,48,3,20,403,20403,14,2004,1GNDS13S2423,1,G,N,D,S,1,3,S,2,4,2,3,0,P,CHEV,TRL,UT,4,17,4425,,0,1130,,G,,F,6,256,,,16R245,,,,,,0,0,000000000,00000000000,0,0,0,1,0,0,0,0,0,0,0,998,0,1,6,12,6,2,1,0,0,0,1,48,76310,6,1,0,0,3,3,65,164,1,0,0,0,0,2,2011,2,2011,0,58,0,0,0,1,2,60,2,1,8,1,0,0,14,13,99,1,4,1,1,0
48,482776,1,1,1,5,12,6,52,8,0,1,0,48,1,7,482,7482,31,2012,1C6RD7FT1CS3,1,C,6,R,D,7,F,T,1,C,S,3,0,T,DODG,S1T,CW,12,17,,2,0,1400,RPC,G,,,8,348,,,,B,5203,00,K,44,0,0,000000000,00000000000,0,0,0,1,0,0,0,0,0,0,0,998,0,0,0,12,4,3,8,0,0,0,1,48,75956,6,1,0,0,3,0,999,999,1,0,0,0,0,5,2011,5,2011,0,91,0,0,0,3,2,65,1,1,8,1,0,0,1,13,1,1,4,13,0,1
48,482777,1,1,1,5,12,8,35,38,0,1,0,48,2,22,401,22401,14,2004,3G7DA03EX4S5,3,G,7,D,A,0,3,E,X,4,S,5,0,P,PONT,AZT,UT,4,17,3779,,0,1083,,G,,F,6,207,,,16R215,,,,,,0,0,000000000,00000000000,0,0,0,1,0,0,0,0,0,0,0,998,0,1,5,1,6,2,1,0,0,0,1,48,76033,6,1,0,0,3,0,999,999,0,0,0,0,0,0,0,0,0,0,58,0,0,0,1,2,60,3,1,8,1,0,0,14,12,6,4,4,6,1,0
48,482778,1,1,2,5,12,20,40,42,0,1,0,48,2,49,482,49482,31,2006,5TBET34136S5,5,T,B,E,T,3,4,1,3,6,S,5,0,T,TOYT,DBS,CW,6,17,,2,0,1283,TUN,G,,,8,285,,,,B,4765,00,U,42,0,0,000000000,00000000000,0,0,0,1,0,0,0,0,0,0,0,998,0,1,5,12,6,2,42,0,0,0,1,48,77015,1,1,0,0,2,3,999,999,0,6,0,0,0,1,2010,6,2012,1,0,0,0,0,1,2,60,3,1,8,1,0,0,14,6,99,9,4,2,1,1
48,482779,1,2,1,5,12,23,45,12,2,1,0,48,2,20,461,20461,21,2011,1GCWGGCA8B11,1,G,C,W,G,G,C,A,8,B,1,1,0,T,CHEV,E25,EC,11,17,,2,0,1550,EXP,F,,,8,293,,,,C,5547,00,,42,0,0,000000000,00000000000,0,0,0,1,0,0,0,0,0,0,0,998,0,1,1,12,6,2,12,0,0,0,1,48,78539,6,1,0,0,3,0,999,999,0,0,0,0,0,0,0,0,0,0,28,0,0,0,1,2,70,1,2,8,1,0,0,1,10,1,1,2,50,1,0
48,482779,2,2,1,5,12,23,45,12,2,1,0,93,1,82,881,82881,66,2001,1FUJA3CGX1PF,1,F,U,J,A,3,C,G,X,1,P,F,1,T,FRHT,ST2,TR,1,17,,8,0,0,CON,D,,,6,774,,,,,00000,00,,64,1,57,52767,5752767,3,6,3,1,0,0,0,0,0,0,0,998,0,0,0,12,6,2,12,0,0,0,1,48,77013,6,1,6,0,3,0,999,999,0,0,0,1,1,6,2010,9,2011,0,0,0,0,0,1,2,70,1,2,8,1,0,0,1,62,1,1,1,51,0,0
48,482780,1,1,2,5,12,2,26,24,0,1,0,48,2,12,402,12402,14,2005,1FMYU03135KA,1,F,M,Y,U,0,3,1,3,5,K,A,0,P,FORD,SPE,UT,5,17,3304,,0,1031,,G,,F,6,183,,,16R235,,,,,,0,0,000000000,00000000000,0,0,0,1,0,0,0,0,0,0,0,998,0,1,4,11,4,3,24,0,0,0,1,48,76021,6,1,0,0,3,0,999,999,0,1,0,0,0,10,2012,10,2012,1,24,0,0,0,3,2,50,1,2,8,1,0,0,16,6,99,9,4,2,1,0
48,482781,1,2,3,6,12,0,10,12,1,1,0,48,2,23,421,23421,15,2007,1GTHK23657F5,1,G,T,H,K,2,3,6,5,7,F,5,0,T,GMC,2KH,CW,7,17,,2,1670,1530,SIE,D,,,8,403,,,,C,5883,02,E,44,0,0,000000000,00000000000,0,0,0,1,0,0,0,0,0,0,0,998,0,0,0,12,4,3,12,0,0,0,1,48,79406,6,1,0,0,3,0,999,999,1,0,0,0,1,10,2010,4,2012,1,39,91,0,0,2,2,35,1,1,8,1,0,0,1,51,1,1,1,24,0,1
48,482781,2,2,2,6,12,0,10,12,1,1,0,48,2,12,23,12023,4,2006,3FAFP08Z56R2,3,F,A,F,P,0,8,Z,5,6,R,2,0,P,FORD,F/L,4D,6,17,3101,,0,1074,,G,,F,4,140,,,17R225,,,,,,0,0,000000000,00000000000,0,0,0,1,0,0,0,0,0,0,0,998,0,0,0,6,6,2,12,0,0,0,1,48,76008,6,1,0,0,3,3,999,999,0,0,0,0,0,0,0,0,0,0,0,0,0,0,2,2,35,1,1,8,1,0,0,1,53,1,1,1,25,1,0
48,482782,1,1,1,6,12,10,19,32,0,1,0,48,1,12,37,12037,4,2002,1FAFP33P12W1,1,F,A,F,P,3,3,P,1,2,W,1,0,P,FORD,FOX,4D,2,17,2604,,0,1030,,G,,F,4,122,,,14R185,,,,,,0,0,000000000,00000000000,0,0,0,1,0,0,0,0,0,0,0,998,0,1,5,12,4,3,32,0,0,0,1,48,75657,6,1,0,0,3,0,999,999,0,0,0,0,0,0,0,0,0,1,58,0,0,0,1,2,55,3,1,8,1,0,0,14,13,6,1,4,6,1,0
48,482783,1,3,2,6,12,11,45,12,2,1,0,48,1,20,421,20421,15,2007,1GNFC13067R2,1,G,N,F,C,1,3,0,6,7,R,2,0,P,CHEV,CTA,UT,7,17,5443,,0,1160,,F,,F,8,323,,,17R265,,,,,,0,0,000000000,00000000000,0,0,0,1,0,0,0,0,0,0,0,998,0,0,0,12,4,3,12,0,0,0,1,48,75662,6,1,6,0,3,3,999,999,0,0,0,0,0,0,0,0,0,0,0,0,0,0,5,6,50,1,2,8,1,3,3,11,15,1,1,1,68,0,0
48,482783,2,3,1,6,12,11,45,12,2,1,0,48,1,53,705,53705,80,2006,JS1GR7KA3621,J,S,1,G,R,7,K,A,3,6,2,1,0,M,SUZI,RK6,RC,6,17,,,,,,,750,,4,,4,359,,,,,,,0,0,000000000,00000000000,0,0,0,1,0,0,0,0,0,0,0,998,0,0,0,12,9,2,12,0,0,0,1,48,75703,6,1,0,0,3,3,999,999,0,3,0,2,1,9,2010,4,2012,0,0,0,0,0,5,6,50,1,2,8,1,3,3,1,17,1,1,1,69,1,0
48,482783,3,3,1,6,12,11,45,12,2,1,0,48,2,20,403,20403,14,2004,1GNDS13SX424,1,G,N,D,S,1,3,S,X,4,2,4,0,P,CHEV,TRL,UT,4,17,4425,,0,1130,,G,,F,6,256,,,16R245,,,,,,0,0,000000000,00000000000,0,0,0,1,0,0,0,0,0,0,0,0,0,0,0,12,2,1,12,0,0,0,1,48,75703,6,1,0,0,3,3,999,999,0,0,0,0,0,0,0,0,0,0,0,0,0,0,1,2,99,1,1,8,1,3,3,5,66,1,1,1,98,0,0
48,482784,1,1,1,6,12,18,4,8,0,1,0,48,2,12,401,12401,14,2000,1FMDU64P3YZB,1,F,M,D,U,6,4,P,3,Y,Z,B,0,P,FORD,EPR,UT,0,17,3970,,0,1116,,G,,F,8,302,,,16R255,,,,,,0,0,000000000,00000000000,0,0,0,1,0,0,0,0,0,0,0,998,0,0,0,12,2,1,8,0,0,0,1,48,76118,6,1,0,0,3,3,999,999,1,0,0,0,0,3,2011,3,2011,0,0,0,0,0,1,2,30,1,1,8,1,0,0,1,80,1,1,1,13,0,0
48,482785,1,2,1,6,12,5,25,12,11,1,0,48,2,63,34,63034,4,2006,KNAGD1265654,K,N,A,G,D,1,2,6,5,6,5,4,0,P,KIA,OLE,4D,6,17,3279,,0,1063,,G,,F,4,144,,,15R205,,,,,,0,0,000000000,00000000000,0,0,0,1,0,0,0,0,0,0,0,998,1,0,0,13,6,2,12,0,0,0,1,48,77488,1,1,0,0,2,0,999,999,0,4,0,0,1,6,2010,3,2012,0,0,0,0,0,5,4,55,1,1,8,2,0,0,1,64,3,2,1,98,1,0