STATE,ST_CASE,VEH_NO,VE_FORMS,NUMOCCS,DAY,MONTH,HOUR,MINUTE,HARM_EV,MAN_COLL,UNITTYPE,HIT_RUN,REG_STAT,OWNER,MAKE,MODEL,MAK_MOD,BODY_TYP,MOD_YEAR,VIN,VIN_1,VIN_2,VIN_3,VIN_4,VIN_5,VIN_6,VIN_7,VIN_8,VIN_9,VIN_10,VIN_11,VIN_12,TOW_VEH,VINTYPE,VINMAKE,VINA_MOD,VIN_BT,VINMODYR,VIN_LNGT,VIN_WGT,WGTCD_TR,WHLBS_LG,WHLBS_SH,SER_TR,FUELCODE,MCYCL_DS,CARBUR,CYLINDER,DISPLACE,MCYCL_CY,MCYCL_WT,TIRE_SZE,TON_RAT,TRK_WT,TRKWTVAR,VIN_REST,WHLDRWHL,J_KNIFE,MCARR_I1,MCARR_I2,MCARR_ID,GVWR,V_CONFIG,CARGO_BT,HAZ_INV,HAZ_PLAC,HAZ_ID,HAZ_CNO,HAZ_REL,BUS_USE,SPEC_USE,EMER_USE,TRAV_SP,UNDERIDE,ROLLOVER,ROLINLOC,IMPACT1,DEFORMED,TOWED,M_HARM,VEH_SC1,VEH_SC2,FIRE_EXP,DR_PRES,L_STATE,DR_ZIP,L_STATUS,L_TYPE,CDL_STAT,L_ENDORS,L_COMPL,L_RESTRI,DR_HGT,DR_WGT,PREV_ACC,PREV_SUS,PREV_DWI,PREV_SPD,PREV_OTH,FIRST_MO,FIRST_YR,LAST_MO,LAST_YR,SPEEDREL,DR_SF1,DR_SF2,DR_SF3,DR_SF4,VTRAFWAY,VNUM_LAN,VSPD_LIM,VALIGN,VPROFILE,VPAVETYP,VSURCOND,VTRAFCON,VTCONT_F,P_CRASH1,P_CRASH2,P_CRASH3,PCRASH4,PCRASH5,ACC_TYPE,DEATHS,DR_DRINK
48,482859,1,1,1,25,12,22,40,30,0,1,0,48,1,20,16,20016,4,2003,1G1JC52F2372,1,G,1,J,C,5,2,F,2,3,7,2,0,P,CHEV,CAV,4D,3,17,2971,,0,1041,,G,,F,4,134,,,14R195,,,,,,0,0,000000000,00000000000,0,0,0,1,0,0,0,0,0,0,0,998,0,0,0,3,6,2,30,0,0,0,1,48,78666,6,1,0,0,3,0,999,999,0,0,0,0,2,1,2012,8,2012,1,0,0,0,0,1,2,40,1,1,8,1,0,0,1,6,1,4,4,7,1,1
48,482860,1,2,1,26,12,6,30,18,0,1,0,48,1,20,39,20039,4,2011,KL1TD5DE8BB2,K,L,1,T,D,5,D,E,8,B,B,2,0,P,CHEV,LTS,4D,11,17,2568,,0,976,,G,,F,4,098,,,14R185,,,,,,0,0,000000000,00000000000,0,0,0,1,0,0,0,0,0,0,0,998,0,0,0,12,2,3,12,0,0,0,1,48,77083,6,1,0,0,3,0,999,999,0,0,0,0,0,0,0,0,0,0,81,0,0,0,3,4,60,1,1,1,1,0,0,1,90,1,1,1,12,0,0
48,482860,2,2,1,26,12,6,30,18,0,1,0,48,1,35,49,35049,6,2012,JN8AZ1MU6CW1,J,N,8,A,Z,1,M,U,6,C,W,1,0,P,NISS,MUR,UT,12,17,3877,,0,1112,,G,,F,6,214,,,18R235,,,,,,0,0,000000000,00000000000,0,0,0,1,0,0,0,0,0,0,0,998,0,1,1,6,4,3,1,0,0,0,1,48,77479,6,1,0,0,3,0,999,999,1,0,0,0,0,1,2010,1,2010,0,0,0,0,0,3,4,60,1,1,1,1,0,0,1,60,1,1,1,98,1,0
48,482861,1,1,1,26,12,4,4,20,0,1,0,48,4,87,881,87881,66,2013,1XPHD49X7DD1,1,X,P,H,D,4,9,X,7,D,D,1,1,T,PTRB,386,TR,13,17,,8,0,0,CON,D,,,6,915,,,,,00000,00,,64,1,57,333690,57333690,3,6,2,2,2,1203,88,2,0,0,0,998,0,1,4,12,6,2,2,0,0,1,1,48,77449,6,1,6,1,3,3,999,999,0,0,0,0,5,6,2010,6,2011,0,0,0,0,0,6,1,40,1,1,8,1,0,0,1,12,99,1,4,6,1,0
48,482862,1,2,2,27,12,21,3,12,2,1,0,48,1,2,404,2404,14,1994,1J4FX58S0RC3,1,J,4,F,X,5,8,S,0,R,C,3,0,T,JEEP,LRO,4W,94,17,,1,0,1059,GCK,G,,,6,242,,,,,3408,00,B,42,0,0,000000000,00000000000,0,0,0,1,0,0,0,0,0,0,0,998,0,1,5,12,4,3,12,0,0,0,1,48,77388,6,1,0,0,3,3,999,999,0,0,0,0,0,0,0,0,0,0,28,0,0,0,1,2,45,1,1,8,2,0,0,1,10,7,1,2,50,1,1
48,482862,2,2,4,27,12,21,3,12,2,1,0,48,1,6,51,6051,4,2006,2C3LA63H86H1,2,C,3,L,A,6,3,H,8,6,H,1,0,P,CHRY,30C,4D,6,17,3980,,0,1200,,G,,F,8,348,,,18R225,,,,,,0,0,000000000,00000000000,0,0,0,1,0,0,0,0,0,0,0,998,0,0,0,12,4,3,12,0,0,0,1,48,77375,6,1,0,0,3,3,999,999,0,0,0,0,0,0,0,0,0,0,0,0,0,0,1,2,45,1,1,8,2,0,0,1,62,6,1,2,51,0,0
48,482863,1,1,1,27,12,5,20,41,0,1,0,48,2,20,403,20403,14,2003,1GNDS13S0321,1,G,N,D,S,1,3,S,0,3,2,1,0,P,CHEV,TRL,UT,3,17,4417,,0,1130,,G,,F,6,256,,,16R245,,,,,,0,0,000000000,00000000000,0,0,0,1,0,0,0,0,0,0,0,998,0,1,5,12,2,3,1,0,0,0,1,48,77530,6,1,0,0,3,0,999,999,0,1,0,0,0,11,2011,11,2011,0,0,0,0,0,6,1,35,2,1,1,1,0,0,14,13,99,9,4,5,1,1
48,482864,1,2,2,28,12,23,10,1,0,1,0,48,1,72,706,72706,80,2003,1HD1GHV1X3K3,1,H,D,1,G,H,V,1,X,3,K,3,0,M,HD,FDX,RS,3,17,,,,,,,1450,,2,,4,612,,,,,,,0,0,000000000,00000000000,0,0,0,1,0,0,0,0,0,0,0,998,0,0,0,0,8,2,1,0,0,0,1,48,78221,6,1,0,0,3,0,999,999,0,0,0,0,0,0,0,0,0,1,51,0,0,0,2,2,45,1,3,8,1,0,0,1,54,98,1,1,98,2,1
48,482864,2,2,1,28,12,23,10,1,0,1,0,48,2,20,481,20481,31,2001,2GCEC19V6112,2,G,C,E,C,1,9,V,6,1,1,2,0,T,CHEV,SC1,4C,1,17,,2,1575,1435,SIL,G,,,8,293,,,,B,4413,00,,42,0,0,000000000,00000000000,0,0,0,1,0,0,0,0,0,0,0,998,0,0,0,12,4,3,54,32,0,0,1,48,78264,6,1,0,0,3,0,999,999,0,0,0,0,0,0,0,0,0,0,0,0,0,0,2,2,45,1,3,8,1,0,0,1,54,1,1,1,98,0,0
48,482865,1,1,3,28,12,6,17,1,0,1,0,48,2,52,401,52401,14,2003,JA4MT21H03J0,J,A,4,M,T,2,1,H,0,3,J,0,0,P,MITS,MNS,UT,3,17,4105,,0,1073,,G,,F,6,183,,,15R235,,,,,,0,0,000000000,00000000000,0,0,0,1,0,0,0,0,0,0,0,998,0,9,5,0,4,3,1,0,0,0,1,48,78521,0,0,0,0,0,0,999,999,0,0,0,0,0,0,0,0,0,0,35,0,0,0,1,2,60,1,1,8,1,0,0,6,12,99,4,4,7,1,0
48,482866,1,1,1,28,12,14,44,34,0,1,0,48,1,72,706,72706,80,2005,1HD1GMW155K3,1,H,D,1,G,M,W,1,5,5,K,3,0,M,HD,FDI,RS,5,17,,,,,,,1450,,2,,4,627,,,,,,,0,0,000000000,00000000000,0,0,0,1,0,0,0,0,0,0,0,998,0,0,0,12,2,3,34,0,0,0,1,48,77587,6,1,0,0,3,0,999,999,0,0,0,0,0,0,0,0,0,0,0,0,0,0,4,2,55,3,1,8,1,40,3,14,13,99,9,4,1,1,0
48,482867,1,1,2,29,12,4,55,24,0,1,0,48,2,55,401,55401,14,2003,KM8SC13D03U4,K,M,8,S,C,1,3,D,0,3,U,4,0,P,HYUN,SAN,UT,3,17,3549,,0,1031,,G,,F,6,162,,,16R225,,,,,,0,0,000000000,00000000000,0,0,0,1,0,0,0,0,0,0,0,998,0,1,1,12,6,2,24,0,0,0,1,48,77351,6,1,0,0,3,0,999,999,0,0,0,0,0,0,0,0,0,1,0,0,0,0,1,2,60,1,1,8,1,0,0,1,12,99,4,4,7,1,1
48,482868,1,1,99,30,12,2,2,14,0,1,1,99,9,99,499,99499,31,9999,999999999999,9,9,9,9,9,9,9,9,9,9,9,9,0,,,,,,,,,,,,,,,,,,,,,,,,,0,0,000000000,00000000000,0,0,0,1,0,0,0,0,0,0,0,998,0,0,0,3,2,1,8,0,0,0,1,99,99999,9,9,99,0,9,9,999,999,99,99,99,99,99,99,9999,99,9999,1,38,91,0,0,6,1,40,1,2,8,1,0,0,1,13,99,1,4,1,0,0
48,482869,1,1,1,31,12,1,12,34,0,1,0,48,1,23,401,23401,14,2004,1GKES16S5461,1,G,K,E,S,1,6,S,5,4,6,1,0,T,GMC,EXL,4W,4,17,,2,0,1290,ENV,G,,,6,256,,,,B,4787,00,E,42,0,0,000000000,00000000000,0,0,0,1,0,0,0,0,0,0,0,998,0,1,5,2,6,2,1,0,0,0,1,48,77471,4,1,0,0,2,0,67,213,0,2,0,0,0,2,2010,9,2010,1,0,0,0,0,1,2,30,1,1,8,1,0,0,1,12,3,4,4,7,1,1
48,482870,1,1,4,31,12,5,47,33,0,1,0,48,1,63,402,63402,14,2003,KNDJD7338351,K,N,D,J,D,7,3,3,8,3,5,1,0,P,KIA,SOR,UT,3,17,4057,,0,1067,,G,,F,6,213,,,16R245,,,,,,0,0,000000000,00000000000,0,0,0,1,0,0,0,0,0,0,0,998,0,1,5,12,2,3,1,0,0,0,1,48,78411,6,1,0,0,3,0,999,999,2,1,0,1,0,3,2010,9,2011,1,91,0,0,0,1,4,35,1,1,8,2,0,0,11,6,99,9,4,2,1,1
48,482871,1,1,1,16,5,21,21,1,0,1,0,48,2,35,39,35039,4,2001,JN1CA31D71T8,J,N,1,C,A,3,1,D,7,1,T,8,0,P,NISS,M20,4D,1,17,3071,,0,1083,,G,,F,6,182,,,15R205,,,,,,0,0,000000000,00000000000,0,0,0,1,0,0,0,0,0,0,0,998,0,1,5,0,6,2,1,0,0,0,1,48,78737,6,1,0,0,3,3,999,999,0,0,0,0,0,0,0,0,0,1,0,0,0,0,4,2,55,1,2,8,1,0,0,1,13,6,9,4,1,1,1
48,482872,1,1,1,18,9,16,2,33,0,1,0,48,1,72,706,72706,80,2006,1HD1JAB116Y0,1,H,D,1,J,A,B,1,1,6,Y,0,0,M,HD,TBI,RS,6,17,,,,,,,1450,,2,,4,651,,,,,,,0,0,000000000,00000000000,0,0,0,1,0,0,0,0,0,0,0,998,0,0,0,99,9,2,33,0,0,0,1,48,76504,6,1,6,0,3,3,999,999,1,0,0,0,0,3,2010,3,2010,0,0,0,0,0,4,4,45,1,1,8,1,0,0,3,12,1,1,4,6,1,0
48,482873,1,1,1,22,10,18,56,14,0,1,0,48,1,12,481,12481,31,2003,1FTRF17283NB,1,F,T,R,F,1,7,2,8,3,N,B,0,T,FORD,F15,PK,3,17,,2,1385,1199,COF,G,,,6,256,,,,B,4060,00,U,42,0,0,000000000,00000000000,0,0,0,1,0,0,0,0,0,0,0,998,0,0,0,12,6,2,14,0,0,0,1,48,77022,6,1,0,0,3,3,999,999,1,1,0,1,1,9,2010,5,2011,0,0,0,0,0,3,5,60,1,1,1,1,0,0,1,13,1,1,4,1,1,1
48,482874,1,2,1,31,10,17,55,12,2,1,0,48,2,30,40,30040,4,2005,3VWRK69M55M0,3,V,W,R,K,6,9,M,5,5,M,0,0,P,VOLK,UJG,4D,5,17,2818,,0,989,,G,,F,4,121,,,15R195,,,,,,0,0,000000000,00000000000,0,0,0,1,0,0,0,0,0,0,0,998,0,0,0,12,2,3,12,0,0,0,1,48,76067,6,1,0,0,3,0,999,999,0,0,0,0,0,0,0,0,0,0,0,0,0,0,1,2,30,1,1,8,1,0,0,11,15,1,1,1,68,0,0
48,482874,2,2,1,31,10,17,55,12,2,1,0,48,1,76,709,76709,80,2008,JYARJ16E08A0,J,Y,A,R,J,1,6,E,0,8,A,0,0,M,YAMA,R6L,RC,8,17,,,,,,,599,,4,,4,366,,,,,,,0,0,000000000,00000000000,0,0,0,1,0,0,0,0,0,0,0,998,0,0,0,12,9,2,12,0,0,0,1,48,76067,6,1,0,0,3,0,999,999,0,0,0,0,0,0,0,0,0,1,0,0,0,0,1,2,30,1,1,8,1,0,0,1,62,1,1,1,69,1,1
48,482875,1,1,1,4,11,4,45,8,0,1,1,48,9,23,481,23481,31,1997,1GTEC14W2VZ5,1,G,T,E,C,1,4,W,2,V,Z,5,0,T,GMC,SC1,PK,97,17,,2,1315,1175,SIE,G,,,6,262,,,,B,00000,00,E,42,0,0,000000000,00000000000,0,0,0,1,0,0,0,0,0,0,0,998,0,0,0,12,4,3,8,0,0,0,1,99,99999,9,9,99,9,9,9,999,999,99,99,99,99,99,99,9999,99,9999,0,0,0,0,0,1,2,55,1,1,2,1,0,0,1,80,1,1,1,13,0,0
48,482876,1,3,3,7,11,21,35,12,2,1,0,48,2,6,52,6052,6,2007,3A4FY48B07T5,3,A,4,F,Y,4,8,B,0,7,T,5,0,P,CHRY,PTC,SV,7,17,2985,,0,1030,,G,,F,4,148,,,15R195,,,,,,0,0,000000000,00000000000,0,0,0,1,0,0,0,0,0,0,0,998,0,1,5,12,6,2,12,0,0,0,1,48,76048,6,1,0,0,3,0,999,999,0,0,0,0,0,0,0,0,0,1,33,91,0,0,1,2,60,1,2,8,1,0,0,6,54,3,2,2,50,1,0
48,482876,2,3,2,7,11,21,35,12,2,1,0,48,2,35,47,35047,4,2005,1N4AL11D65N9,1,N,4,A,L,1,1,D,6,5,N,9,0,P,NISS,ASL,4D,5,17,2915,,0,1102,,G,,F,4,153,,,16R215,,,,,,0,0,000000000,00000000000,0,0,0,1,0,0,0,0,0,0,0,998,0,0,0,12,6,2,12,0,0,0,1,48,76049,6,1,0,0,3,0,999,999,1,0,0,1,0,2,2012,8,2012,0,0,0,0,0,1,2,60,1,2,8,1,0,0,1,62,1,1,1,51,1,0
48,482876,3,3,1,7,11,21,35,12,2,1,0,48,3,20,481,20481,31,2007,1GCHC24K27E5,1,G,C,H,C,2,4,K,2,7,E,5,0,T,CHEV,2CH,PK,7,17,,2,0,1330,SIL,G,,,8,366,,,,C,5142,00,,42,0,0,000000000,00000000000,0,0,0,1,0,0,0,0,0,0,0,998,0,1,5,12,4,3,12,0,0,0,1,48,76048,6,1,0,0,3,0,999,999,0,0,0,2,0,2,2012,8,2012,0,0,0,0,0,1,2,60,1,2,8,1,0,0,1,62,1,1,1,98,0,0
48,482877,1,1,1,11,11,20,37,8,0,1,0,48,1,63,37,63037,6,2011,KNDJT2A19B72,K,N,D,J,T,2,A,1,9,B,7,2,0,P,KIA,SOU,UT,11,17,2560,,0,1004,,G,,F,4,098,,,15R195,,,,,,0,0,000000000,00000000000,0,0,0,1,0,0,0,0,0,0,0,998,0,0,0,1,2,1,8,0,0,0,1,48,77042,6,1,0,0,3,0,999,999,0,0,0,0,0,0,0,0,0,0,0,0,0,0,6,1,35,3,3,1,1,0,0,14,80,1,1,1,13,0,0
48,482878,1,1,6,15,11,14,20,1,0,1,0,20,1,20,403,20403,14,2005,1GNDT13S4522,1,G,N,D,T,1,3,S,4,5,2,2,0,P,CHEV,TRL,UT,5,17,4612,,0,1130,,G,,F,6,256,,,16R245,,,,,,0,0,000000000,00000000000,0,0,0,1,0,0,0,0,0,0,0,90,0,1,5,0,4,3,1,0,0,0,1,20,67878,3,1,0,0,2,0,71,250,0,0,0,0,0,0,0,0,0,1,58,0,0,0,1,2,70,1,1,8,1,0,0,6,1,6,4,4,7,1,0
48,482879,1,3,2,16,11,13,55,12,2,1,0,48,1,12,481,12481,31,2000,1FTRX08L9YKA,1,F,T,R,X,0,8,L,9,Y,K,A,0,T,FORD,F15,4C,0,17,,2,0,1388,COF,G,,,8,330,,,,B,4611,03,U,44,0,0,000000000,00000000000,0,0,0,1,0,0,0,0,0,0,0,998,0,0,0,12,6,2,12,0,0,0,1,48,78101,6,2,0,0,3,1,999,999,0,0,0,0,1,6,2012,6,2012,0,39,0,0,0,1,2,99,1,1,8,1,20,3,11,15,1,1,1,74,0,0
48,482879,2,3,1,16,11,13,55,12,2,1,0,48,3,20,881,20881,62,1985,1GBG7D1B1FV1,1,G,B,G,7,D,1,B,1,F,V,1,0,T,CHEV,C7D,CB,85,17,,6,2540,1250,C6V,G,,,8,366,,,,L,6308,07,,42,0,99,999999999,99999999999,2,1,2,2,2,1705,2,1,0,0,0,998,0,1,1,12,6,2,12,0,0,0,1,48,78155,6,1,6,1,3,1,999,999,0,0,0,0,0,0,0,0,0,0,0,0,0,0,1,2,55,3,1,8,1,0,0,14,67,1,1,1,74,1,0
48,482879,3,3,2,16,11,13,55,12,2,1,0,48,1,23,401,23401,14,2005,1GKDS13S6523,1,G,K,D,S,1,3,S,6,5,2,3,0,T,GMC,ENV,4W,5,17,,1,0,1130,ENV,G,,,6,256,,,,B,4417,00,E,42,0,0,000000000,00000000000,0,0,0,1,0,0,0,0,0,0,0,998,0,0,0,12,4,3,12,0,0,0,1,48,78130,6,1,0,0,3,0,999,999,0,0,0,0,0,0,0,0,0,0,0,0,0,0,1,2,55,2,1,8,1,0,0,14,62,1,1,1,98,0,0
48,482880,1,1,5,17,11,16,18,1,0,1,0,48,1,22,20,22020,2,1995,1G2WJ12M8SF2,1,G,2,W,J,1,2,M,8,S,F,2,0,P,PONT,GFS,CP,95,17,3275,,0,1075,,G,,F,6,191,,,16R215,,,,,,0,0,000000000,00000000000,0,0,0,1,0,0,0,0,0,0,0,998,0,1,5,0,4,3,1,0,0,0,1,48,78832,6,1,0,0,3,3,999,999,1,0,0,0,0,6,2011,6,2011,0,0,0,0,0,1,2,70,1,1,8,1,0,0,1,13,6,1,4,6,1,0
48,482881,1,1,1,17,11,3,14,42,0,1,0,48,2,7,20,7020,4,2004,1B3AS66S84D5,1,B,3,A,S,6,6,S,8,4,D,5,0,P,DODG,NR4,4D,4,17,2869,,0,1040,,G,,T,4,146,,,17R205,,,,,,0,0,000000000,00000000000,0,0,0,1,0,0,0,0,0,0,0,998,0,0,0,6,6,2,2,0,0,1,1,48,78681,6,1,0,0,3,0,999,999,0,0,0,0,0,0,0,0,0,1,0,0,0,0,1,4,50,2,1,8,1,0,0,14,6,1,9,4,2,1,1
48,482882,1,2,1,29,11,17,10,12,2,1,0,48,1,20,2,20002,4,2000,2G1WH55K3Y93,2,G,1,W,H,5,5,K,3,Y,9,3,0,P,CHEV,IPL,4D,0,17,3466,,0,1110,,G,,F,6,231,,,16R225,,,,,,0,0,000000000,00000000000,0,0,0,1,0,0,0,0,0,0,0,998,0,0,0,12,6,2,12,0,0,0,1,48,78566,6,1,0,0,3,3,999,999,0,0,0,0,0,0,0,0,0,0,28,51,0,0,5,4,65,1,1,8,1,0,0,1,10,1,1,2,50,1,0
48,482882,2,2,3,29,11,17,10,12,2,1,0,48,2,23,481,23481,31,1994,2GTEC19Z4R15,2,G,T,E,C,1,9,Z,4,R,1,5,0,T,GMC,SC1,PC,94,17,,2,1555,1415,SIE,G,,,6,262,,,,B,00000,00,A,42,0,0,000000000,00000000000,0,0,0,1,0,0,0,0,0,0,0,998,0,0,0,12,6,2,12,0,0,0,1,48,78520,6,1,0,0,3,0,999,999,0,0,0,0,0,0,0,0,0,0,0,0,0,0,5,4,65,1,1,8,1,0,0,1,62,1,1,1,51,1,0
48,482883,1,3,2,29,11,19,25,1,0,1,0,48,3,84,881,84881,66,2005,2HSCNAPR55C1,2,H,S,C,N,A,P,R,5,5,C,1,1,T,INTL,94I,TR,5,17,,8,0,0,940,D,,,6,915,,,,,00000,00,,64,1,57,1597533,571597533,3,6,1,1,0,0,0,0,0,0,0,998,0,2,1,0,4,3,1,0,0,0,1,48,79927,6,1,6,0,3,0,999,999,0,0,0,0,0,0,0,0,0,0,58,0,0,0,3,2,80,2,1,8,1,0,0,14,10,7,3,6,98,0,0
48,482883,2,3,2,29,11,19,25,1,0,1,0,8,3,59,403,59403,14,2010,JTJBC1BA0A20,J,T,J,B,C,1,B,A,0,A,2,0,0,P,LEXS,RX0,UT,10,17,4810,,0,1079,,B,,F,6,210,,,18R235,,,,,,0,0,000000000,00000000000,0,0,0,1,0,0,0,0,0,0,0,998,0,0,0,12,4,3,12,0,0,0,1,8,80113,6,1,0,0,3,0,71,210,0,0,0,0,1,5,2012,5,2012,0,0,0,0,0,3,2,80,2,1,8,1,0,0,14,52,1,1,1,98,1,0
48,482883,3,3,2,29,11,19,25,1,0,1,0,4,1,55,402,55402,14,2011,KM8JU3AC0BU1,K,M,8,J,U,3,A,C,0,B,U,1,0,P,HYUN,TUC,UT,11,17,3197,,0,1039,,G,,F,4,144,,,18R225,,,,,,0,0,000000000,00000000000,0,0,0,1,0,0,0,0,0,0,0,998,0,0,0,12,4,3,12,0,0,0,1,4,85745,6,1,0,0,3,3,71,230,0,0,0,0,0,0,0,0,0,0,0,0,0,0,3,2,80,2,1,8,1,0,0,14,52,1,1,1,98,0,0
48,482884,1,2,1,29,11,18,6,1,0,1,0,17,3,85,881,85881,66,2009,1XKAD49X49J2,1,X,K,A,D,4,9,X,4,9,J,2,1,T,KW,T60,TR,9,17,,8,2600,1600,CON,D,,,6,915,,,,,00000,00,,64,1,57,363676,57363676,3,6,2,1,0,0,0,0,0,0,0,998,0,0,0,12,4,3,12,0,0,0,1,48,78242,6,1,6,1,3,0,999,999,1,0,0,0,1,10,2011,7,2012,0,0,0,0,0,2,4,70,1,2,8,1,0,0,1,62,8,2,2,98,0,0
48,482884,2,2,1,29,11,18,6,1,0,1,0,48,1,7,482,7482,31,2004,1D7HA18D74J1,1,D,7,H,A,1,8,D,7,4,J,1,0,T,DODG,SQ1,CW,4,17,,2,1605,1405,RPC,G,,,8,345,,,,B,4820,01,E,42,0,0,000000000,00000000000,0,0,0,1,0,0,0,0,0,0,0,998,0,2,1,0,6,2,1,0,0,0,1,48,79412,0,0,0,0,0,0,999,999,0,3,0,1,1,8,2011,11,2012,0,58,0,0,0,2,4,70,1,2,8,1,0,0,1,12,7,3,6,98,1,1
48,482885,1,1,3,29,11,16,44,32,0,1,0,48,2,7,20,7020,4,2005,1B3ES56C75D2,1,B,3,E,S,5,6,C,7,5,D,2,0,P,DODG,NXT,4D,5,17,2634,,0,1040,,G,,F,4,122,,,15R185,,,,,,0,0,000000000,00000000000,0,0,0,1,0,0,0,0,0,0,0,998,0,1,5,12,6,2,1,0,0,0,1,48,79739,6,1,0,0,3,3,999,999,0,0,0,0,0,0,0,0,0,0,0,0,0,0,1,2,55,1,1,8,1,0,0,1,13,1,1,4,1,1,0
48,482886,1,1,3,30,11,22,52,59,0,1,0,48,1,12,481,12481,31,2001,1FTNX20F41ED,1,F,T,N,X,2,0,F,4,1,E,D,0,T,FORD,F2S,4C,1,17,,2,1580,1418,SRW,D,,,8,444,,,,C,5189,07,U,42,0,0,000000000,00000000000,0,0,0,1,0,0,0,0,0,0,0,66,0,1,5,1,4,3,1,0,0,0,1,48,79830,6,1,0,0,3,3,999,999,0,0,0,0,0,0,0,0,0,1,39,0,0,0,1,2,45,3,1,8,1,0,0,14,6,1,4,4,2,1,1
48,482887,1,2,1,30,11,12,32,12,1,1,0,48,3,23,882,23882,61,2004,J8DB4B14X470,J,8,D,B,4,B,1,4,X,4,7,0,0,T,GMC,W35,TB,4,17,,3,1760,1090,3/5,D,,,4,290,,,,,5061,03,,42,0,88,888888888,88888888888,2,1,1,1,0,0,0,0,0,0,0,998,0,0,0,12,4,3,12,0,0,0,1,48,77379,6,1,0,0,3,3,999,999,1,0,0,0,0,11,2010,11,2010,1,0,0,0,0,1,2,70,1,1,8,1,0,0,1,50,1,1,1,20,1,0
48,482887,2,2,1,30,11,12,32,12,1,1,0,48,3,87,881,87881,66,2012,1XPSD79X4CD1,1,X,P,S,D,7,9,X,4,C,D,1,1,T,PTRB,365,TR,12,17,,8,0,0,CON,D,,,6,726,,,,,00000,00,,64,1,57,232937,57232937,3,6,2,1,0,0,0,0,0,0,0,0,0,0,0,6,4,3,12,0,0,0,1,48,77836,6,1,6,1,3,0,999,999,0,0,0,0,0,0,0,0,0,0,0,0,0,0,1,2,70,1,1,8,1,0,0,5,53,1,1,1,21,0,0
48,482888,1,2,1,1,12,21,37,12,2,1,0,48,2,20,481,20481,31,1993,1GCDC14Z9PZ1,1,G,C,D,C,1,4,Z,9,P,Z,1,0,T,CHEV,GC1,PK,93,17,,1,1315,1175,GM4,G,,,6,262,,,,B,3718,02,,42,0,0,000000000,00000000000,0,0,0,1,0,0,0,0,0,0,0,998,0,0,0,12,6,2,12,0,0,0,1,48,76009,6,1,0,0,3,0,999,999,0,0,0,0,0,0,0,0,0,0,0,0,0,0,1,2,60,1,3,8,1,0,0,17,90,6,2,2,50,1,1
48,482888,2,2,1,1,12,21,37,12,2,1,0,48,2,12,481,12481,31,2009,1FTPW14V09FB,1,F,T,P,W,1,4,V,0,9,F,B,0,T,FORD,F1S,CW,9,17,,2,1570,1450,COF,F,,,8,329,,,,B,5546,01,L,44,0,0,000000000,00000000000,0,0,0,1,0,0,0,0,0,0,0,998,0,0,0,12,4,3,12,0,0,0,1,48,76009,6,1,0,0,3,0,999,999,0,9,0,2,0,7,2010,11,2012,0,0,0,0,0,1,2,60,1,3,8,1,0,0,1,62,1,1,1,51,0,0
48,482889,1,1,2,2,12,17,26,5,0,1,0,48,1,20,481,20481,31,2000,2GCEK19T8Y12,2,G,C,E,K,1,9,T,8,Y,1,2,0,T,CHEV,SK1,3C,0,17,,2,1575,1435,SIL,G,,,8,325,,,,B,4621,02,,44,0,0,000000000,00000000000,0,0,0,1,0,0,0,0,0,0,0,998,0,0,0,0,0,1,5,0,0,0,1,48,78549,0,0,0,0,0,0,999,999,0,0,0,0,0,0,0,0,0,0,0,0,0,0,1,2,30,1,1,8,1,0,0,11,98,1,1,1,0,1,0
48,482890,1,1,1,2,12,15,40,1,0,1,0,48,1,24,1,24001,4,1999,1G8ZG5281XZ2,1,G,8,Z,G,5,2,8,1,X,Z,2,0,P,STRN,SL1,4D,99,17,0,,0,1024,,G,,F,4,116,,,14R175,,,,,,0,0,000000000,00000000000,0,0,0,1,0,0,0,0,0,0,0,998,0,2,3,0,6,2,1,0,0,0,1,48,75214,6,1,0,0,3,3,999,999,0,0,0,0,1,3,2010,3,2010,0,58,0,0,0,2,4,98,1,1,8,1,0,0,1,1,8,9,4,98,1,0
48,482891,1,2,1,4,12,22,13,12,6,1,0,48,2,76,704,76704,80,2013,JYA12R004DA1,J,Y,A,1,2,R,0,0,4,D,A,1,0,M,YAMA,XS4,RS,83,17,,,,,,,400,,2,,4,363,,,,,,,0,0,000000000,00000000000,0,0,0,1,0,0,0,0,0,0,0,998,0,0,0,12,9,2,12,0,0,0,1,48,76904,6,1,0,0,2,0,999,999,0,0,0,0,0,0,0,0,0,0,39,0,0,0,1,4,99,1,1,8,1,3,3,1,17,1,1,1,86,1,0
48,482891,2,2,1,4,12,22,13,12,6,1,0,48,1,35,443,35443,20,2005,5N1BV28U05N1,5,N,1,B,V,2,8,U,0,5,N,1,0,P,NISS,QST,SV,5,17,3914,,0,1240,,G,,F,6,214,,,16R225,,,,,,0,0,000000000,00000000000,0,0,0,1,0,0,0,0,0,0,0,998,0,0,0,3,4,3,12,0,0,0,1,48,76903,6,1,0,0,3,0,999,999,0,1,0,2,0,6,2010,11,2011,0,0,0,0,0,1,2,35,1,1,8,1,3,3,1,66,1,1,1,87,0,0