STATE,ST_CASE,VEH_NO,VE_FORMS,NUMOCCS,DAY,MONTH,HOUR,MINUTE,HARM_EV,MAN_COLL,UNITTYPE,HIT_RUN,REG_STAT,OWNER,MAKE,MODEL,MAK_MOD,BODY_TYP,MOD_YEAR,VIN,VIN_1,VIN_2,VIN_3,VIN_4,VIN_5,VIN_6,VIN_7,VIN_8,VIN_9,VIN_10,VIN_11,VIN_12,TOW_VEH,VINTYPE,VINMAKE,VINA_MOD,VIN_BT,VINMODYR,VIN_LNGT,VIN_WGT,WGTCD_TR,WHLBS_LG,WHLBS_SH,SER_TR,FUELCODE,MCYCL_DS,CARBUR,CYLINDER,DISPLACE,MCYCL_CY,MCYCL_WT,TIRE_SZE,TON_RAT,TRK_WT,TRKWTVAR,VIN_REST,WHLDRWHL,J_KNIFE,MCARR_I1,MCARR_I2,MCARR_ID,GVWR,V_CONFIG,CARGO_BT,HAZ_INV,HAZ_PLAC,HAZ_ID,HAZ_CNO,HAZ_REL,BUS_USE,SPEC_USE,EMER_USE,TRAV_SP,UNDERIDE,ROLLOVER,ROLINLOC,IMPACT1,DEFORMED,TOWED,M_HARM,VEH_SC1,VEH_SC2,FIRE_EXP,DR_PRES,L_STATE,DR_ZIP,L_STATUS,L_TYPE,CDL_STAT,L_ENDORS,L_COMPL,L_RESTRI,DR_HGT,DR_WGT,PREV_ACC,PREV_SUS,PREV_DWI,PREV_SPD,PREV_OTH,FIRST_MO,FIRST_YR,LAST_MO,LAST_YR,SPEEDREL,DR_SF1,DR_SF2,DR_SF3,DR_SF4,VTRAFWAY,VNUM_LAN,VSPD_LIM,VALIGN,VPROFILE,VPAVETYP,VSURCOND,VTRAFCON,VTCONT_F,P_CRASH1,P_CRASH2,P_CRASH3,PCRASH4,PCRASH5,ACC_TYPE,DEATHS,DR_DRINK
48,482923,2,2,5,27,12,9,0,12,2,1,0,22,3,12,422,12422,15,2008,1FMFU17568LA,1,F,M,F,U,1,7,5,6,8,L,A,0,P,FORD,EPT,UT,8,17,5578,,0,1190,,G,,F,8,329,,,17R265,,,,,,0,0,000000000,00000000000,0,0,0,1,0,0,0,0,0,0,0,998,0,0,0,12,4,3,12,0,0,0,1,48,75703,6,1,0,0,3,3,999,999,0,0,0,0,0,0,0,0,0,0,0,0,0,0,1,2,60,1,2,8,1,0,0,1,62,1,1,1,51,0,0
48,482924,1,1,1,28,12,9,30,42,0,1,0,48,1,12,481,12481,31,2002,2FTZF07392CA,2,F,T,Z,F,0,7,3,9,2,C,A,0,T,FORD,1SV,PK,2,17,,1,0,1200,COF,G,,,8,330,,,,B,4670,00,U,42,0,0,000000000,00000000000,0,0,0,1,0,0,0,0,0,0,0,998,0,0,0,61,6,2,42,0,0,0,1,48,75650,6,1,0,0,3,0,999,999,0,0,0,0,0,0,0,0,0,1,0,0,0,0,3,2,75,1,1,8,2,0,0,1,6,1,3,4,2,1,0
48,482925,1,2,1,28,12,15,18,12,6,1,0,48,2,76,706,76706,80,2001,JYARN05E61A0,J,Y,A,R,N,0,5,E,6,1,A,0,0,M,YAMA,YFR,RC,1,17,,,,,,,998,,4,,4,385,,,,,,,0,0,000000000,00000000000,0,0,0,1,0,0,0,0,0,0,0,998,0,0,0,12,9,2,12,0,0,0,1,48,77388,6,1,0,0,3,0,999,999,1,0,0,0,1,3,2010,5,2010,1,27,0,0,0,5,6,40,1,1,8,1,0,0,1,62,7,1,2,69,1,0
48,482925,2,2,1,28,12,15,18,12,6,1,0,48,1,12,481,12481,31,2011,1FT7W2BTXBEA,1,F,T,7,W,2,B,T,X,B,E,A,0,T,FORD,F2S,CW,11,17,,2,1724,1562,SRW,D,,,8,409,,,,C,6560,01,7,44,0,0,000000000,00000000000,0,0,0,1,0,0,0,0,0,0,0,998,0,0,0,2,2,3,12,0,0,0,1,48,77090,6,1,0,0,3,0,999,999,0,0,0,0,0,0,0,0,0,0,38,0,0,0,5,6,40,1,1,8,1,0,0,11,15,1,1,1,68,0,0
48,482926,1,1,1,28,12,4,3,23,0,1,0,48,3,82,881,82881,66,2009,1FUBC5CV49DA,1,F,U,B,C,5,C,V,4,9,D,A,1,T,FRHT,11M,TR,9,17,,8,0,0,FM2,D,,,6,782,,,,,00000,00,,42,1,57,115479,57115479,3,6,1,1,0,0,0,0,0,0,0,998,0,1,3,12,6,2,2,0,0,1,1,48,78415,6,1,6,1,3,0,999,999,0,0,0,0,0,0,0,0,0,0,0,0,0,0,2,2,75,1,1,8,1,0,0,1,12,1,1,4,6,1,0
48,482927,1,3,1,28,12,14,10,12,6,1,0,48,2,20,481,20481,31,1997,2GCEC19M5V12,2,G,C,E,C,1,9,M,5,V,1,2,0,T,CHEV,GC1,PC,97,17,,2,1555,1415,GM4,G,,,8,305,,,,B,4160,00,,42,0,0,000000000,00000000000,0,0,0,1,0,0,0,0,0,0,0,998,0,0,0,12,4,3,12,0,0,0,1,48,78372,6,1,0,0,3,0,999,999,0,0,0,0,0,0,0,0,0,0,39,0,0,0,1,2,99,1,1,8,1,20,3,1,17,1,1,1,86,0,0
48,482927,2,3,1,28,12,14,10,12,6,1,0,48,1,35,401,35401,14,2008,5N1BR18A38C6,5,N,1,B,R,1,8,A,3,8,C,6,0,P,NISS,PFI,UT,8,17,4811,,0,1122,,G,,F,8,342,,,18R265,,,,,,0,0,000000000,00000000000,0,0,0,1,0,0,0,0,0,0,0,998,0,0,0,12,6,2,12,0,0,0,1,48,78414,6,1,0,0,3,0,999,999,0,0,0,0,0,0,0,0,0,0,0,0,0,0,1,2,70,1,1,8,1,0,0,1,62,1,1,1,98,1,0
48,482927,3,3,1,28,12,14,10,12,6,1,0,48,3,85,881,85881,66,2011,1XKDDP9X7BJ2,1,X,K,D,D,P,9,X,7,B,J,2,1,T,KW,T80,TR,11,17,,8,2600,1600,CON,D,,,6,787,,,,,00000,00,,64,1,57,510292,57510292,3,6,4,1,0,0,0,0,0,0,0,998,0,0,0,3,4,3,12,0,0,0,1,48,78363,6,1,6,0,3,0,999,999,0,0,0,0,0,0,0,0,0,0,0,0,0,0,1,2,70,1,1,8,1,0,0,1,66,6,1,1,87,0,0
48,482928,1,2,2,28,12,13,30,12,99,1,0,48,1,19,22,19022,4,2008,1G6KD57Y18U1,1,G,6,K,D,5,7,Y,1,8,U,1,0,P,CADI,TDS,4D,8,17,4009,,0,1156,,G,,F,8,281,,,17R235,,,,,,0,0,000000000,00000000000,0,0,0,1,0,0,0,0,0,0,0,998,0,0,0,11,6,2,12,0,0,0,1,48,78015,6,1,0,0,3,0,999,999,1,0,0,0,0,3,2012,3,2012,0,0,0,0,0,1,2,75,1,1,8,1,0,0,1,62,7,1,4,66,2,1
48,482928,2,2,2,28,12,13,30,12,99,1,0,48,3,7,881,7881,61,2011,3D6WZ4CL8BG6,3,D,6,W,Z,4,C,L,8,B,G,6,0,T,DODG,S3L,CH,11,17,,3,0,1724,RPC,D,,,6,408,,,,D,6734,00,K,44,0,99,999999999,99999999999,2,1,98,1,0,0,0,0,0,0,0,998,0,1,5,1,6,2,12,0,0,0,1,48,76078,6,1,0,0,3,3,999,999,0,8,0,0,0,4,2010,11,2010,0,35,0,0,0,1,2,75,1,1,8,1,0,0,1,12,6,1,4,66,0,0
48,482929,1,1,1,28,12,13,55,10,0,1,0,48,1,12,481,12481,31,1993,1FTEX15N5PKA,1,F,T,E,X,1,5,N,5,P,K,A,0,T,FORD,F15,PC,93,17,,2,1550,1390,COF,G,,,8,302,,,,B,4164,02,A,42,0,0,000000000,00000000000,0,0,0,1,0,0,0,0,0,0,0,0,0,1,5,82,6,2,10,0,0,0,1,48,77807,1,1,0,0,2,0,999,999,0,10,0,0,0,3,2010,5,2012,0,39,0,0,0,1,2,40,1,5,8,1,65,3,7,98,98,1,1,98,1,0
48,482930,1,3,2,28,12,8,37,12,2,1,0,48,2,7,482,7482,31,2006,1D7HA18246S5,1,D,7,H,A,1,8,2,4,6,S,5,0,T,DODG,SQ1,CW,6,17,,2,1605,1405,RPC,G,,,8,348,,,,B,4929,02,E,42,0,0,000000000,00000000000,0,0,0,1,0,0,0,0,0,0,0,998,0,0,0,12,4,3,12,0,0,0,1,48,79606,6,1,0,0,3,3,999,999,0,2,0,2,1,8,2010,1,2012,1,0,0,0,0,1,4,55,1,1,8,2,0,0,1,6,1,2,2,50,0,0
48,482930,2,3,1,28,12,8,37,12,2,1,0,48,1,12,441,12441,20,1990,1FMDA31X8LZB,1,F,M,D,A,3,1,X,8,L,Z,B,0,T,FORD,ARO,ES,90,17,,1,0,1190,ARO,G,,,6,245,,,,B,3316,01,A,42,0,0,000000000,00000000000,0,0,0,1,0,0,0,0,0,0,0,998,0,1,1,12,4,3,12,0,0,0,1,48,79504,6,1,0,0,3,0,999,999,0,0,0,0,0,0,0,0,0,0,0,0,0,0,1,4,55,1,1,8,2,0,0,1,62,1,1,1,51,1,0
48,482930,3,3,1,28,12,8,37,12,2,1,0,48,1,49,401,49401,14,2004,JTEBU14R9400,J,T,E,B,U,1,4,R,9,4,0,0,0,P,TOYT,RUN,UT,4,17,4330,,0,1098,,G,,F,6,244,,,16R265,,,,,,0,0,000000000,00000000000,0,0,0,1,0,0,0,0,0,0,0,998,0,0,0,12,4,3,12,0,0,0,1,20,67801,6,1,0,0,3,0,65,155,0,0,0,0,0,0,0,0,0,0,0,0,0,0,1,4,55,1,1,8,2,0,0,1,50,1,1,1,98,0,0
48,482931,1,1,1,29,12,21,53,18,0,1,0,48,2,20,2,20002,4,2009,2G1WD57C5912,2,G,1,W,D,5,7,C,5,9,1,2,0,P,CHEV,ISS,4D,9,17,3711,,0,1105,,G,,F,8,323,,,18R235,,,,,,0,0,000000000,00000000000,0,0,0,1,0,0,0,0,0,0,0,998,0,1,5,12,6,2,1,0,0,0,1,48,76107,6,1,0,0,3,0,999,999,1,5,1,1,1,5,2010,3,2012,1,0,0,0,0,1,2,40,1,3,8,1,0,0,1,6,1,1,4,6,1,1
48,482932,1,2,2,30,12,3,5,12,2,1,0,48,1,41,35,41035,3,1993,JM1BG2325P06,J,M,1,B,G,2,3,2,5,P,0,6,0,P,MAZD,3SE,2H,93,17,2238,,0,965,,G,,F,4,097,,,13R155,,,,,,0,0,000000000,00000000000,0,0,0,1,0,0,0,0,0,0,0,998,0,0,0,12,4,3,12,0,0,0,1,48,75227,3,1,0,0,2,0,65,162,0,0,0,0,0,0,0,0,0,1,6,23,0,0,2,6,35,1,3,8,1,3,3,1,62,1,1,1,69,1,1
48,482932,2,2,2,30,12,3,5,12,2,1,0,48,1,20,461,20461,21,2001,1GBFG15RX112,1,G,B,F,G,1,5,R,X,1,1,2,0,P,CHEV,E/X,SV,1,17,0,,0,1350,,G,,F,8,350,,,000000,,,,,,0,0,000000000,00000000000,0,0,0,1,0,0,0,0,0,0,0,998,0,0,0,12,4,3,12,0,0,0,1,48,75240,3,1,0,0,2,0,999,999,0,0,0,0,1,3,2011,3,2011,0,0,0,0,0,2,6,35,1,3,8,1,3,3,11,15,1,1,1,68,0,0
48,482933,1,1,5,30,12,1,45,58,0,1,0,48,2,35,402,35402,14,2003,5N1ED28T63C6,5,N,1,E,D,2,8,T,6,3,C,6,0,P,NISS,XTR,UT,3,17,3638,,0,1043,,G,,F,6,201,,,16R265,,,,,,0,0,000000000,00000000000,0,0,0,1,0,0,0,0,0,0,0,998,0,1,5,12,4,3,1,0,0,0,1,48,75143,6,1,0,0,3,0,999,999,0,0,0,0,0,0,0,0,0,0,0,0,0,0,1,2,60,1,1,8,1,0,0,1,12,1,1,4,6,1,0
48,482934,1,1,1,31,12,5,45,1,0,1,0,48,3,86,882,86882,63,2003,1M2K195C93M0,1,M,2,K,1,9,5,C,9,3,M,0,0,T,MACK,MR6,TB,3,17,,8,0,0,600,D,,,6,728,,,,,00000,00,,64,0,57,386083,57386083,3,2,7,1,0,0,0,0,0,0,0,998,0,2,1,0,4,3,1,0,0,0,1,48,78214,6,1,6,0,3,0,999,999,0,0,0,0,0,0,0,0,0,1,58,0,0,0,3,3,65,1,1,8,2,0,0,15,6,6,2,7,98,1,0
48,482935,1,2,2,31,12,17,4,12,6,1,0,48,2,20,22,20022,4,2006,1G1AK55F5677,1,G,1,A,K,5,5,F,5,6,7,7,0,P,CHEV,BLS,4D,6,17,3216,,0,1033,,G,,F,4,134,,,15R195,,,,,,0,0,000000000,00000000000,0,0,0,1,0,0,0,0,0,0,0,998,0,0,0,3,6,2,12,0,0,0,1,48,78655,6,1,0,0,3,0,999,999,0,0,0,0,0,0,0,0,0,1,28,0,0,0,1,2,50,3,1,8,2,0,0,14,6,1,4,2,64,1,0
48,482935,2,2,1,31,12,17,4,12,6,1,0,48,2,20,37,20037,4,2007,1G1ZT57F37F1,1,G,1,Z,T,5,7,F,3,7,F,1,0,P,CHEV,MLT,4D,7,17,3155,,0,1063,,G,,F,4,134,,,16R215,,,,,,0,0,000000000,00000000000,0,0,0,1,0,0,0,0,0,0,0,998,0,0,0,12,6,2,12,0,0,0,1,48,78130,6,1,0,0,3,0,999,999,0,0,0,1,0,9,2011,9,2011,0,0,0,0,0,1,2,50,2,1,8,2,0,0,14,62,1,1,1,65,0,0
48,482936,1,2,1,31,12,17,19,12,2,1,1,48,1,20,481,20481,31,2003,1GCGC13U53F1,1,G,C,G,C,1,3,U,5,3,F,1,0,T,CHEV,1CH,CW,3,17,,2,0,1530,SIL,G,,,8,364,,,,B,5461,00,,42,0,0,000000000,00000000000,0,0,0,1,0,0,0,0,0,0,0,998,0,0,0,12,4,3,12,0,0,0,1,48,77447,0,0,0,0,0,0,999,999,0,0,0,0,0,0,0,0,0,1,35,91,0,0,1,2,45,1,1,8,2,0,0,6,10,1,1,2,50,0,1
48,482936,2,2,1,31,12,17,19,12,2,1,0,48,1,20,22,20022,4,2010,1G1AB5F57A71,1,G,1,A,B,5,F,5,7,A,7,1,0,P,CHEV,BLS,4D,10,17,3216,,0,1033,,G,,F,4,134,,,15R195,,,,,,0,0,000000000,00000000000,0,0,0,1,0,0,0,0,0,0,0,998,0,0,0,12,6,2,12,0,0,0,1,48,77038,1,1,0,0,2,0,999,999,0,4,0,0,0,2,2010,3,2012,0,91,0,0,0,1,2,45,1,1,8,2,0,0,1,62,7,1,1,51,1,1
48,482937,1,1,1,31,12,0,10,52,0,1,0,48,1,20,9,20009,2,1999,2G1FP22G0X21,2,G,1,F,P,2,2,G,0,X,2,1,0,P,CHEV,Z28,CP,99,17,3439,,0,1011,,G,,F,8,350,,,16R215,,,,,,0,0,000000000,00000000000,0,0,0,1,0,0,0,0,0,0,0,998,0,1,3,9,6,2,1,0,0,0,1,48,76033,6,1,0,0,3,0,999,999,0,0,0,1,0,4,2012,4,2012,1,0,0,0,0,6,1,50,1,1,8,2,0,0,1,6,1,3,4,2,1,1
48,482938,1,1,2,31,12,23,30,30,0,1,0,48,1,35,48,35048,2,2005,JN1AZ34D85M6,J,N,1,A,Z,3,4,D,8,5,M,6,0,P,NISS,3ZC,CP,5,17,3087,,0,1043,,G,,F,6,214,,,17R225,,,,,,0,0,000000000,00000000000,0,0,0,1,0,0,0,0,0,0,0,998,0,1,5,7,6,2,1,0,0,0,1,48,76905,6,1,0,0,3,0,999,999,0,3,0,0,0,12,2010,1,2011,1,0,0,0,0,2,4,50,2,1,8,1,0,0,14,6,1,3,4,2,1,1
48,482939,1,2,4,14,11,18,26,12,6,1,0,48,1,6,442,6442,20,2000,1C4GJ44R9YB6,1,C,4,G,J,4,4,R,9,Y,B,6,0,T,CHRY,GSE,ES,0,17,,1,0,1193,VOV,G,,,6,201,,,,,3863,00,,42,0,0,000000000,00000000000,0,0,0,1,0,0,0,0,0,0,0,998,0,0,0,9,6,2,12,0,0,0,1,48,79928,6,1,0,0,3,3,999,999,0,0,0,0,0,0,0,0,0,0,39,0,0,0,2,6,45,1,1,8,1,3,3,1,17,1,1,1,89,1,0
48,482939,2,2,1,14,11,18,26,12,6,1,0,96,9,84,881,84881,66,1995,1HSRKALR5SH6,1,H,S,R,K,A,L,R,5,S,H,6,1,T,INTL,970,TR,95,17,,8,1960,1360,90S,D,,,6,677,,,,,00000,00,,64,1,57,1438227,571438227,3,6,28,1,0,0,0,0,0,0,0,998,0,0,0,12,2,3,12,0,0,0,1,96,32640,9,9,99,9,9,9,999,999,99,99,99,99,99,99,9999,99,9999,0,0,0,0,0,3,3,98,8,8,8,1,0,0,1,66,1,1,1,88,0,0
48,482940,1,1,1,25,11,18,45,8,0,1,0,48,1,12,481,12481,31,2012,1FTEX1CM2CFB,1,F,T,E,X,1,C,M,2,C,F,B,0,T,FORD,F15,4C,12,17,,2,0,1450,COF,F,,,6,226,,,,B,5043,05,7,42,0,0,000000000,00000000000,0,0,0,1,0,0,0,0,0,0,0,998,0,0,0,12,4,3,8,0,0,0,1,48,76086,6,1,0,0,3,0,999,999,1,0,0,0,0,5,2012,5,2012,0,0,0,0,0,5,4,45,1,3,8,1,3,3,1,81,98,1,1,13,0,0
48,482941,1,1,4,30,11,6,35,1,0,1,0,48,3,12,481,12481,31,2004,1FTNX21L54EB,1,F,T,N,X,2,1,L,5,4,E,B,1,T,FORD,F2S,4C,4,17,,2,1580,1418,SRW,G,,,8,330,,,,C,5949,00,U,44,1,0,000000000,00000000000,0,0,0,1,0,0,0,0,0,0,0,998,0,1,3,0,6,2,1,0,0,0,1,48,78724,6,1,0,0,3,3,999,999,0,0,0,1,0,2,2011,2,2011,0,0,0,0,0,2,2,80,1,1,8,1,0,0,1,1,1,4,4,7,1,0
48,482942,1,1,1,5,12,20,46,8,0,1,0,48,1,6,54,6054,6,2005,2C4GM68415R5,2,C,4,G,M,6,8,4,1,5,R,5,0,P,CHRY,PIF,UT,5,17,4361,,0,1160,,G,,F,6,214,,,17R235,,,,,,0,0,000000000,00000000000,0,0,0,1,0,0,0,0,0,0,0,998,0,0,0,12,2,8,8,0,0,0,1,48,77051,6,1,0,0,3,3,999,999,0,0,0,2,0,1,2012,7,2012,0,0,0,0,0,1,2,35,2,1,1,1,0,0,14,80,1,1,1,13,0,0
48,482943,1,1,1,6,12,4,58,1,0,1,0,48,1,72,706,72706,80,2006,1HD1BSY116Y0,1,H,D,1,B,S,Y,1,1,6,Y,0,0,M,HD,XTD,RS,6,17,,,,,,,1450,,2,,4,651,,,,,,,0,0,000000000,00000000000,0,0,0,1,0,0,0,0,0,0,0,998,0,0,0,0,9,2,1,0,0,0,1,48,78602,6,1,0,0,3,0,999,999,0,0,0,0,0,0,0,0,0,1,0,0,0,0,1,2,55,3,1,8,2,0,0,14,13,6,7,6,98,1,0
48,482944,1,1,2,8,12,18,45,8,0,1,0,48,3,7,482,7482,31,2012,3C7WD4AT7CG1,3,C,7,W,D,4,A,T,7,C,G,1,0,T,DODG,ST2,CB,12,17,,2,0,1400,RPC,G,,,8,348,,,,C,5464,00,K,42,0,0,000000000,00000000000,0,0,0,1,0,0,0,0,0,0,0,998,0,0,0,12,4,1,8,0,0,0,1,48,78363,6,1,0,0,3,0,999,999,0,0,0,1,0,12,2009,12,2009,0,0,0,0,0,2,2,70,1,1,8,1,0,0,1,80,1,1,1,13,0,0
48,482945,1,1,1,12,12,0,24,1,0,1,0,93,3,87,881,87881,66,2012,1XPWD49X3CD1,1,X,P,W,D,4,9,X,3,C,D,1,1,T,PTRB,388,TR,12,17,,8,0,0,CON,D,,,6,915,,,,,00000,00,,64,1,57,1440700,571440700,3,6,2,1,0,0,0,0,0,0,0,998,0,1,5,0,4,3,1,0,0,0,1,48,76049,6,1,6,0,3,0,999,999,0,0,0,1,0,2,2010,2,2010,1,0,0,0,0,1,2,45,3,1,8,1,0,0,14,13,1,1,4,1,1,0
48,482946,1,2,1,15,12,10,42,12,2,1,0,48,2,7,482,7482,31,2005,1D7HA16D65J6,1,D,7,H,A,1,6,D,6,5,J,6,0,T,DODG,S15,PK,5,17,,2,1405,1205,RPC,G,,,8,348,,,,B,4318,01,E,42,0,0,000000000,00000000000,0,0,0,1,0,0,0,0,0,0,0,998,0,0,0,12,6,2,12,0,0,0,1,48,76430,6,1,6,0,3,0,999,999,0,0,0,0,0,0,0,0,0,0,51,0,0,0,1,4,70,1,1,8,1,0,0,1,10,1,1,2,50,1,0
48,482946,2,2,1,15,12,10,42,12,2,1,0,12,3,87,881,87881,66,2013,1XPHD49XXDD1,1,X,P,H,D,4,9,X,X,D,D,1,1,T,PTRB,386,TR,13,17,,8,0,0,CON,D,,,6,915,,,,,00000,00,,64,1,57,123611,57123611,3,6,2,1,0,0,0,0,0,0,0,998,0,0,0,12,6,2,12,0,0,0,1,48,77471,6,1,6,1,3,3,999,999,0,0,0,0,0,0,0,0,0,0,0,0,0,0,1,4,70,1,1,8,1,0,0,1,62,9,1,1,51,0,0
48,482947,1,2,1,16,12,20,31,12,2,1,0,48,1,12,401,12401,14,2005,1FMZU67K85UB,1,F,M,Z,U,6,7,K,8,5,U,B,0,P,FORD,EPR,UT,5,17,4095,,0,1259,,F,,F,6,245,,,16R235,,,,,,0,0,000000000,00000000000,0,0,0,1,0,0,0,0,0,0,0,998,0,0,0,12,4,3,12,0,0,0,1,48,75002,6,1,0,0,3,0,999,999,2,0,0,0,0,10,2011,4,2012,0,0,0,0,0,2,3,45,1,1,8,1,0,0,1,12,99,1,4,52,0,0
48,482947,2,2,3,16,12,20,31,12,2,1,0,48,2,49,442,49442,20,2004,5TDZA22C74S1,5,T,D,Z,A,2,2,C,7,4,S,1,0,P,TOYT,SIE,SV,4,17,4165,,0,1193,,G,,F,6,201,,,17R225,,,,,,0,0,000000000,00000000000,0,0,0,1,0,0,0,0,0,0,0,998,0,0,0,12,4,3,12,0,0,0,1,48,75034,6,1,0,0,3,3,999,999,0,0,0,0,0,0,0,0,0,0,0,0,0,0,2,3,45,1,1,8,1,0,0,1,64,1,1,1,52,2,0
48,482948,1,3,1,19,12,23,3,12,6,1,0,48,1,72,706,72706,80,2011,1HD1LC311BC4,1,H,D,1,L,C,3,1,1,B,C,4,0,M,HD,X48,RS,11,17,,,,,,,1200,,2,,4,545,,,,,,,0,0,000000000,00000000000,0,0,0,1,0,0,0,0,0,0,0,998,0,0,0,12,9,2,12,0,0,0,1,48,78745,1,1,0,0,2,0,999,999,0,10,1,0,0,3,2010,8,2012,1,39,0,0,0,4,3,55,1,2,8,1,3,3,1,17,1,1,1,86,1,0
48,482948,2,3,2,19,12,23,3,12,6,1,0,48,3,20,37,20037,4,2011,1G1ZA5EU7BF2,1,G,1,Z,A,5,E,U,7,B,F,2,0,P,CHEV,M/L,4D,11,17,3415,,0,1123,,F,,F,4,146,,,17R225,,,,,,0,0,000000000,00000000000,0,0,0,1,0,0,0,0,0,0,0,998,0,0,0,82,2,3,12,0,0,0,1,48,78753,1,1,0,0,2,0,999,999,0,7,0,1,0,3,2010,6,2012,0,0,0,0,0,1,4,99,1,1,8,1,3,3,1,66,1,1,1,87,0,0
48,482948,3,3,1,19,12,23,3,12,6,1,1,99,9,99,999,99999,99,9999,999999999999,9,9,9,9,9,9,9,9,9,9,9,9,9,,,,,,,,,,,,,,,,,,,,,,,,,0,99,999999999,99999999999,9,99,99,1,0,0,0,0,0,0,0,998,0,0,0,99,9,1,12,0,0,0,1,99,99999,9,9,99,9,9,9,999,999,99,99,99,99,99,99,9999,99,9999,0,0,0,0,0,9,9,99,9,9,9,99,3,3,99,99,99,9,9,98,0,0
48,482949,1,2,1,23,12,8,18,12,2,1,0,48,1,12,441,12441,20,1997,1FMDA31X2VZA,1,F,M,D,A,3,1,X,2,V,Z,A,0,T,FORD,ARO,ES,97,17,,1,0,1190,ARO,G,,,6,245,,,,B,3833,00,M,42,0,0,000000000,00000000000,0,0,0,1,0,0,0,0,0,0,0,998,0,0,0,12,4,3,12,0,0,0,1,48,78065,6,1,0,0,3,3,999,999,0,0,0,0,0,0,0,0,0,0,28,0,0,0,1,2,70,1,1,8,1,0,0,1,10,1,1,2,50,1,0
48,482949,2,2,2,23,12,8,18,12,2,1,0,48,1,20,481,20481,31,2011,3GCPKSE30BG1,3,G,C,P,K,S,E,3,0,B,G,1,0,T,CHEV,2SK,CW,11,17,,2,0,1435,SIL,F,,,8,323,,,,B,5346,00,,44,0,0,000000000,00000000000,0,0,0,1,0,0,0,0,0,0,0,998,0,0,0,12,4,3,12,0,0,0,1,48,78225,6,1,0,0,3,0,999,999,0,0,0,0,0,0,0,0,0,0,0,0,0,0,1,2,70,1,1,8,1,0,0,1,62,6,1,1,51,0,0
48,482950,1,2,3,28,12,11,35,12,2,1,0,48,1,30,46,30046,4,2000,WVWMD23B8YP1,W,V,W,M,D,2,3,B,8,Y,P,1,0,P,VOLK,PGS,4D,0,17,3065,,0,1066,,G,,F,6,169,,,15R195,,,,,,0,0,000000000,00000000000,0,0,0,1,0,0,0,0,0,0,0,998,0,0,0,12,6,2,12,0,0,0,1,48,78573,1,1,0,0,2,0,999,999,0,2,0,0,0,6,2012,9,2012,0,51,0,0,0,1,2,55,1,1,8,1,0,0,1,51,6,1,2,58,2,0
48,482950,2,2,1,28,12,11,35,12,2,1,0,48,2,20,481,20481,31,2005,1GCEC19V15Z2,1,G,C,E,C,1,9,V,1,5,Z,2,0,T,CHEV,SC1,4C,5,17,,2,1575,1435,SIL,G,,,8,293,,,,B,4555,00,,42,0,0,000000000,00000000000,0,0,0,1,0,0,0,0,0,0,0,998,0,0,0,12,6,2,12,0,0,0,1,48,78574,6,1,0,0,3,0,999,999,0,0,0,0,0,0,0,0,0,0,0,0,0,0,1,2,55,1,1,8,1,0,0,1,62,1,1,1,59,1,0
48,482951,1,1,1,29,12,17,5,52,0,1,0,48,1,73,706,73706,80,2007,JKAZXCD167A0,J,K,A,Z,X,C,D,1,6,7,A,0,0,M,KAWK,Z1D,RC,7,17,,,,,,,998,,4,,4,386,,,,,,,0,0,000000000,00000000000,0,0,0,1,0,0,0,0,0,0,0,998,0,0,0,18,8,2,52,0,0,0,1,48,76086,6,1,0,0,2,3,999,999,0,0,0,0,0,0,0,0,0,1,0,0,0,0,6,1,55,1,1,8,1,0,0,1,13,99,9,4,1,1,0
48,482952,1,2,5,29,12,12,58,12,6,1,0,48,2,35,481,35481,31,2010,1N6AA0ED7AN3,1,N,6,A,A,0,E,D,7,A,N,3,0,T,NISS,TXS,CW,10,17,,2,0,1398,TTN,G,,,8,342,,,,B,5038,00,4,42,0,0,000000000,00000000000,0,0,0,1,0,0,0,0,0,0,0,998,0,0,0,12,4,3,12,0,0,0,1,48,78617,3,1,0,0,2,0,999,999,0,0,0,0,0,0,0,0,0,0,39,0,0,0,2,3,65,1,1,8,1,3,3,1,17,1,1,1,83,0,0
48,482952,2,2,2,29,12,12,58,12,6,1,0,48,2,49,32,49032,4,1996,1NXBA02E0TZ3,1,N,X,B,A,0,2,E,0,T,Z,3,0,P,TOYT,COA,4D,96,17,2315,,0,970,,G,,F,4,097,,,14R175,,,,,,0,0,000000000,00000000000,0,0,0,1,0,0,0,0,0,0,0,998,0,0,0,9,6,2,12,0,0,0,1,48,78750,6,1,0,0,3,0,999,999,0,0,0,0,0,0,0,0,0,0,0,0,0,0,1,2,98,2,1,8,1,3,3,11,66,1,1,1,82,1,0
48,482953,1,1,1,31,12,11,19,43,0,1,0,48,1,20,421,20421,15,2005,1GNEC13T05R1,1,G,N,E,C,1,3,T,0,5,R,1,0,P,CHEV,CTA,UT,5,17,4975,,0,1160,,G,,F,8,325,,,16R265,,,,,,0,0,000000000,00000000000,0,0,0,1,0,0,0,0,0,0,0,998,0,1,5,12,6,2,43,0,0,0,1,48,76710,6,1,0,0,3,0,999,999,0,0,0,0,0,0,0,0,0,1,58,0,0,0,2,2,55,3,3,8,2,0,0,14,6,99,9,4,2,1,0