STATE,ST_CASE,VEH_NO,VE_FORMS,NUMOCCS,DAY,MONTH,HOUR,MINUTE,HARM_EV,MAN_COLL,UNITTYPE,HIT_RUN,REG_STAT,OWNER,MAKE,MODEL,MAK_MOD,BODY_TYP,MOD_YEAR,VIN,VIN_1,VIN_2,VIN_3,VIN_4,VIN_5,VIN_6,VIN_7,VIN_8,VIN_9,VIN_10,VIN_11,VIN_12,TOW_VEH,VINTYPE,VINMAKE,VINA_MOD,VIN_BT,VINMODYR,VIN_LNGT,VIN_WGT,WGTCD_TR,WHLBS_LG,WHLBS_SH,SER_TR,FUELCODE,MCYCL_DS,CARBUR,CYLINDER,DISPLACE,MCYCL_CY,MCYCL_WT,TIRE_SZE,TON_RAT,TRK_WT,TRKWTVAR,VIN_REST,WHLDRWHL,J_KNIFE,MCARR_I1,MCARR_I2,MCARR_ID,GVWR,V_CONFIG,CARGO_BT,HAZ_INV,HAZ_PLAC,HAZ_ID,HAZ_CNO,HAZ_REL,BUS_USE,SPEC_USE,EMER_USE,TRAV_SP,UNDERIDE,ROLLOVER,ROLINLOC,IMPACT1,DEFORMED,TOWED,M_HARM,VEH_SC1,VEH_SC2,FIRE_EXP,DR_PRES,L_STATE,DR_ZIP,L_STATUS,L_TYPE,CDL_STAT,L_ENDORS,L_COMPL,L_RESTRI,DR_HGT,DR_WGT,PREV_ACC,PREV_SUS,PREV_DWI,PREV_SPD,PREV_OTH,FIRST_MO,FIRST_YR,LAST_MO,LAST_YR,SPEEDREL,DR_SF1,DR_SF2,DR_SF3,DR_SF4,VTRAFWAY,VNUM_LAN,VSPD_LIM,VALIGN,VPROFILE,VPAVETYP,VSURCOND,VTRAFCON,VTCONT_F,P_CRASH1,P_CRASH2,P_CRASH3,PCRASH4,PCRASH5,ACC_TYPE,DEATHS,DR_DRINK
48,482954,1,5,1,31,12,9,12,12,6,1,0,48,2,49,33,49033,3,2004,JTDDR32T3401,J,T,D,D,R,3,2,T,3,4,0,1,0,P,TOYT,CGF,2H,4,17,2425,,0,1023,,G,,F,4,109,,,15R195,,,,,,0,0,000000000,00000000000,0,0,0,1,0,0,0,0,0,0,0,998,0,0,0,4,6,2,12,0,0,0,1,48,78741,6,1,0,0,3,0,999,999,0,0,0,0,0,0,0,0,0,1,0,0,0,0,2,2,40,2,2,8,2,0,0,14,6,99,3,2,64,1,0
48,482954,2,5,2,31,12,9,12,12,6,1,0,48,2,35,47,35047,4,2010,1N4AL2AP4AN5,1,N,4,A,L,2,A,P,4,A,N,5,0,P,NISS,ATS,4D,10,17,3063,,0,1093,,G,,F,4,153,,,16R215,,,,,,0,0,000000000,00000000000,0,0,0,1,0,0,0,0,0,0,0,998,0,0,0,12,6,2,12,0,0,0,1,48,78726,6,1,0,0,3,3,999,999,0,0,0,0,0,0,0,0,0,0,0,0,0,0,2,2,40,3,2,8,2,0,0,14,62,1,1,1,65,0,0
48,482954,3,5,1,31,12,9,12,12,6,1,0,48,2,7,442,7442,20,2001,2B4GP74L21R3,2,B,4,G,P,7,4,L,2,1,R,3,0,T,DODG,GEX,ES,1,17,,1,0,1193,CAR,G,,,6,230,,,,,4156,00,E,42,0,0,000000000,00000000000,0,0,0,1,0,0,0,0,0,0,0,998,0,0,0,12,4,3,12,0,0,0,1,48,78613,6,1,6,0,3,3,999,999,0,0,0,0,0,0,0,0,0,9,99,99,99,99,2,2,40,3,2,8,2,0,0,14,62,99,1,1,98,0,0
48,482954,4,5,1,31,12,9,12,12,6,1,0,48,0,49,401,49401,14,1999,JT3GN86RXX01,J,T,3,G,N,8,6,R,X,X,0,1,0,P,TOYT,RUN,UT,99,17,3600,,0,1053,,G,,F,6,206,,,15R225,,,,,,0,0,000000000,00000000000,0,0,0,1,0,0,0,0,0,0,0,998,0,0,0,12,2,1,12,0,0,0,1,48,78741,6,1,0,0,3,3,999,999,0,1,0,0,0,12,2011,12,2011,9,99,99,99,99,2,2,40,2,2,8,2,0,0,14,62,99,1,1,98,0,0
48,482954,5,5,1,31,12,9,12,12,6,1,0,48,1,20,422,20422,15,2007,3GNFC16017G2,3,G,N,F,C,1,6,0,1,7,G,2,0,P,CHEV,C15,UT,7,17,5613,,0,1300,,F,,F,8,323,,,17R265,,,,,,0,0,000000000,00000000000,0,0,0,1,0,0,0,0,0,0,0,998,0,0,0,12,2,1,12,0,0,0,1,48,78702,6,1,0,0,3,0,999,999,0,0,0,0,3,12,2011,12,2012,9,99,99,99,99,2,2,40,3,2,8,2,0,0,14,98,99,1,1,98,0,0
48,482955,1,2,1,25,2,15,11,12,6,1,0,48,1,7,20,7020,4,2005,1B3ES56CX5D2,1,B,3,E,S,5,6,C,X,5,D,2,0,P,DODG,NXT,4D,5,17,2634,,0,1040,,G,,F,4,122,,,15R185,,,,,,0,0,000000000,00000000000,0,0,0,1,0,0,0,0,0,0,0,998,0,0,0,3,6,2,12,0,0,0,1,48,78577,6,1,0,0,3,3,999,999,0,0,0,0,0,0,0,0,0,0,38,0,0,0,1,4,55,1,1,8,1,3,3,11,15,1,1,1,68,1,0
48,482955,2,2,1,25,2,15,11,12,6,1,0,96,3,85,881,85881,66,1998,1XKDD99X9WR7,1,X,K,D,D,9,9,X,9,W,R,7,1,T,KW,T80,TR,98,17,,8,2600,1600,CON,D,,,6,661,,,,,00000,00,,64,1,57,702755,57702755,3,6,1,1,0,0,0,0,0,0,0,998,0,0,0,12,2,3,12,0,0,0,1,96,0,9,9,99,9,9,9,999,999,99,99,99,99,99,99,9999,99,9999,0,0,0,0,0,1,4,55,1,1,8,1,3,3,1,62,1,1,1,69,0,0
48,482956,1,2,1,26,10,22,35,12,2,1,0,48,1,7,20,7020,4,1995,1B3ES47C1SD3,1,B,3,E,S,4,7,C,1,S,D,3,0,P,DODG,NEH,4D,95,17,2463,,0,1040,,G,,F,4,122,,,13R185,,,,,,0,0,000000000,00000000000,0,0,0,1,0,0,0,0,0,0,0,998,0,0,0,12,6,2,12,0,0,0,1,48,78227,6,1,0,0,3,3,999,999,0,0,0,1,1,3,2010,8,2010,0,28,0,0,0,1,2,65,1,1,8,1,0,0,1,10,1,1,2,50,1,0
48,482956,2,2,1,26,10,22,35,12,2,1,0,48,2,6,52,6052,1,2007,3C3JY45X77T5,3,C,3,J,Y,4,5,X,7,7,T,5,0,P,CHRY,PTC,CV,7,17,3150,,0,1030,,G,,F,4,148,,,15R195,,,,,,0,0,000000000,00000000000,0,0,0,1,0,0,0,0,0,0,0,998,0,0,0,12,6,2,12,0,0,0,1,48,78264,6,1,0,0,3,0,999,999,0,0,0,0,0,0,0,0,0,0,0,0,0,0,1,2,65,1,1,8,1,0,0,1,62,1,1,1,51,0,0
48,482957,1,1,1,11,11,2,42,33,0,1,0,48,1,14,401,14401,14,2006,4M2EU37E66UJ,4,M,2,E,U,3,7,E,6,6,U,J,0,P,MERC,MOU,UT,6,17,4504,,0,1137,,G,,F,6,244,,,17R245,,,,,,0,0,000000000,00000000000,0,0,0,1,0,0,0,0,0,0,0,998,0,0,0,12,6,2,33,0,0,0,1,48,78163,6,1,0,0,3,0,999,999,1,0,0,0,0,9,2011,9,2011,0,39,0,0,0,1,2,60,3,1,8,1,40,3,1,13,1,1,4,1,1,1
48,482958,1,2,1,14,11,20,12,12,6,1,0,48,2,98,706,98706,80,2002,ZD4RPU0172S0,Z,D,4,R,P,U,0,1,7,2,S,0,0,U,,,,2,17,,,,,,,,,,,,,,,,,,,0,0,000000000,00000000000,0,0,0,1,0,0,0,0,0,0,0,998,0,0,0,12,8,2,12,0,0,0,1,48,78624,1,1,0,0,2,0,999,999,0,17,0,0,1,6,2010,9,2012,0,0,0,0,0,5,2,50,1,2,8,1,0,0,1,62,99,1,1,69,1,1
48,482958,2,2,1,14,11,20,12,12,6,1,0,48,1,6,51,6051,4,2007,2C3LA43R87H8,2,C,3,L,A,4,3,R,8,7,H,8,0,P,CHRY,C30,4D,7,17,3632,,0,1200,,G,,F,6,165,,,17R215,,,,,,0,0,000000000,00000000000,0,0,0,1,0,0,0,0,0,0,0,998,0,0,0,3,4,1,12,0,0,0,1,48,78610,6,1,0,0,3,0,999,999,0,0,0,0,0,0,0,0,0,0,38,0,0,0,5,2,50,1,2,8,1,0,0,11,15,1,1,1,68,0,0
48,482960,1,1,2,16,11,4,5,38,0,1,0,48,3,20,481,20481,31,1999,1GCHK33R4XF0,1,G,C,H,K,3,3,R,4,X,F,0,0,T,CHEV,GK3,CW,99,17,,2,1685,1545,GM4,G,,,8,350,,,,D,00000,00,,44,0,0,000000000,00000000000,0,0,0,1,0,0,0,0,0,0,0,998,0,1,5,12,6,2,38,0,0,0,1,48,78163,6,1,6,0,3,0,999,999,0,0,0,1,0,6,2011,6,2011,1,58,24,0,0,1,2,40,3,2,8,1,0,0,1,13,99,1,4,1,1,1
48,482961,1,14,1,19,11,12,43,12,1,1,0,48,3,84,881,84881,66,2001,2HSCNAMR01C0,2,H,S,C,N,A,M,R,0,1,C,0,1,T,INTL,94I,TR,1,17,,8,0,0,940,D,,,6,774,,,,,00000,00,,64,1,48,2197638,482197638,3,6,3,1,0,0,0,0,0,0,0,998,0,0,0,12,6,2,12,0,0,0,1,48,75062,1,1,6,0,2,0,999,999,2,3,0,3,6,3,2010,8,2012,1,0,0,0,0,3,3,70,1,2,8,1,0,0,1,52,8,1,1,28,0,0
48,482961,2,14,1,19,11,12,43,12,1,1,0,48,1,54,38,54038,3,2004,JH4DC53024S0,J,H,4,D,C,5,3,0,2,4,S,0,0,P,ACUR,RST,2H,4,17,2767,,0,1012,,G,,F,4,122,,,16R205,,,,,,0,0,000000000,00000000000,0,0,0,1,0,0,0,0,0,0,0,998,3,0,0,6,6,2,12,0,0,0,1,48,75243,6,1,0,0,3,3,999,999,0,0,0,0,1,2,2010,2,2010,0,0,0,0,0,3,3,70,1,2,8,1,0,0,2,53,1,1,1,29,1,0
48,482961,3,14,2,19,11,12,43,12,1,1,0,48,2,12,481,12481,31,2002,1FTNF20F92EC,1,F,T,N,F,2,0,F,9,2,E,C,0,T,FORD,F2S,PK,2,17,,2,0,1370,SRW,D,,,8,444,,,,C,5316,01,U,42,0,0,000000000,00000000000,0,0,0,1,0,0,0,0,0,0,0,998,0,0,0,6,4,3,12,0,0,0,1,48,76708,6,1,0,0,3,3,999,999,0,1,0,1,0,4,2010,1,2011,0,0,0,0,0,3,3,70,1,2,8,1,0,0,2,53,1,1,1,98,0,0
48,482961,4,14,1,19,11,12,43,12,1,1,0,48,1,12,471,12471,30,1999,1FTYR14V8XPB,1,F,T,Y,R,1,4,V,8,X,P,B,0,T,FORD,RNS,PC,99,17,,1,0,1257,RNG,F,,,6,182,,,,B,00000,00,U,42,0,0,000000000,00000000000,0,0,0,1,0,0,0,0,0,0,0,998,0,0,0,98,4,3,12,0,0,0,1,48,78628,6,1,0,0,3,3,999,999,0,0,0,0,0,0,0,0,0,0,0,0,0,0,3,3,70,1,2,8,1,0,0,2,53,1,1,1,98,0,0
48,482961,5,14,2,19,11,12,43,12,1,1,0,48,1,12,17,12017,4,2004,1FAFP55UX4A1,1,F,A,F,P,5,5,U,X,4,A,1,0,P,FORD,TSS,4D,4,17,3306,,0,1085,,G,,F,6,182,,,16R215,,,,,,0,0,000000000,00000000000,0,0,0,1,0,0,0,0,0,0,0,998,0,0,0,11,2,3,12,0,0,0,1,48,78258,6,1,0,0,3,3,999,999,0,0,0,0,0,0,0,0,0,0,0,0,0,0,3,3,70,1,2,8,1,0,0,2,60,1,1,1,98,0,0
48,482961,6,14,1,19,11,12,43,12,1,1,0,40,1,20,441,20441,20,1998,1GBDM19W9WB1,1,G,B,D,M,1,9,W,9,W,B,1,0,T,CHEV,AST,EC,98,17,,1,0,1112,AST,G,,,6,262,,,,B,00000,00,,42,0,0,000000000,00000000000,0,0,0,1,0,0,0,0,0,0,0,998,0,0,0,6,4,3,12,0,0,0,1,40,73106,6,1,0,0,3,0,67,170,0,0,0,0,0,0,0,0,0,0,0,0,0,0,3,3,70,1,2,8,1,0,0,2,60,1,1,1,98,0,0
48,482961,7,14,1,19,11,12,43,12,1,1,0,48,1,23,481,23481,31,2002,2GTEC19T5213,2,G,T,E,C,1,9,T,5,2,1,3,0,T,GMC,NC1,4C,2,17,,2,1575,1435,SIE,G,,,8,325,,,,B,4534,03,U,42,0,0,000000000,00000000000,0,0,0,1,0,0,0,0,0,0,0,998,0,0,0,3,2,1,12,0,0,0,1,48,76426,6,1,6,0,3,3,999,999,0,0,0,1,0,3,2010,3,2010,0,0,0,0,0,3,3,70,1,2,8,1,0,0,2,53,1,1,1,98,0,0
48,482961,8,14,1,19,11,12,43,12,1,1,0,48,1,63,402,63402,14,2005,KNDJD7333553,K,N,D,J,D,7,3,3,3,5,5,3,0,P,KIA,SOR,UT,5,17,4112,,0,1067,,G,,F,6,213,,,16R245,,,,,,0,0,000000000,00000000000,0,0,0,1,0,0,0,0,0,0,0,998,0,0,0,7,2,3,12,0,0,0,1,48,76426,6,1,0,0,3,3,999,999,0,0,0,0,0,0,0,0,0,0,0,0,0,0,3,3,70,1,2,8,1,0,0,2,53,1,1,1,98,0,0
48,482961,9,14,2,19,11,12,43,12,1,1,0,26,1,37,398,37398,4,2012,5J6TF2H53CL0,5,J,6,T,F,2,H,5,3,C,L,0,0,P,HOND,CRS,UT,12,17,4070,,0,1101,,G,,F,6,213,,,18R225,,,,,,0,0,000000000,00000000000,0,0,0,1,0,0,0,0,0,0,0,998,0,0,0,7,4,3,12,0,0,0,1,26,48111,6,1,6,0,3,3,69,230,0,0,0,1,0,9,2011,9,2011,0,0,0,0,0,3,3,70,1,2,8,1,0,0,2,60,1,1,1,98,0,0
48,482961,10,14,2,19,11,12,43,12,1,1,0,48,1,12,13,12013,4,1998,1FAFP13P7WW2,1,F,A,F,P,1,3,P,7,W,W,2,0,P,FORD,ESS,4D,98,17,2468,,0,984,,G,,F,4,122,,,14R185,,,,,,0,0,000000000,00000000000,0,0,0,1,0,0,0,0,0,0,0,998,0,0,0,11,4,3,12,0,0,0,1,48,75052,6,1,0,0,3,3,999,999,0,0,0,0,0,0,0,0,0,0,0,0,0,0,3,3,70,1,2,8,1,0,0,2,60,1,1,1,98,0,0
48,482961,11,14,1,19,11,12,43,12,1,1,0,48,3,82,881,82881,66,2004,1FUJA6CG54LM,1,F,U,J,A,6,C,G,5,4,L,M,1,T,FRHT,COL,TR,4,17,,8,0,0,CON,D,,,6,774,,,,,00000,00,,64,1,57,565004,57565004,3,6,11,1,0,0,0,0,0,0,0,998,0,0,0,6,4,3,12,0,0,0,1,48,76071,6,1,6,0,3,0,999,999,0,0,0,0,1,3,2012,3,2012,0,0,0,0,0,3,3,70,1,2,8,1,0,0,2,53,1,1,1,98,0,0
48,482961,12,14,1,19,11,12,43,12,1,1,0,6,3,82,881,82881,66,2007,2FZHCMCV97AZ,2,F,Z,H,C,M,C,V,9,7,A,Z,1,T,STRG,LCS,CC,7,17,,8,0,0,STE,D,,,6,782,,,,,00000,00,,64,1,57,568253,57568253,3,6,6,1,0,0,0,0,0,0,0,998,0,0,0,6,4,3,12,0,0,0,1,48,76087,6,1,6,0,3,0,999,999,0,0,0,0,0,0,0,0,0,0,0,0,0,0,3,3,70,1,2,8,1,0,0,2,53,1,1,1,98,0,0
48,482961,13,14,1,19,11,12,43,12,1,1,0,40,3,82,881,82881,66,2013,1FUJGLDR0DSB,1,F,U,J,G,L,D,R,0,D,S,B,1,T,FRHT,125,TR,13,17,,8,0,0,CSC,D,,,6,903,,,,,00000,00,,64,1,57,179752,57179752,3,6,1,1,0,0,0,0,0,0,0,998,0,0,0,98,4,3,12,0,0,0,1,12,32205,6,1,6,0,3,3,73,999,0,0,0,0,0,0,0,0,0,0,0,0,0,0,3,3,70,1,2,8,1,0,0,2,60,1,1,1,98,0,0
48,482961,14,14,2,19,11,12,43,12,1,1,0,1,1,37,32,37032,4,2005,JHMCN36495C0,J,H,M,C,N,3,6,4,9,5,C,0,0,P,HOND,AHB,4D,5,17,3501,,0,1079,,B,,F,6,183,,,16R215,,,,,,0,0,000000000,00000000000,0,0,0,1,0,0,0,0,0,0,0,998,0,0,0,6,2,3,12,0,0,0,1,1,35209,6,1,0,0,3,3,62,128,0,0,0,0,0,0,0,0,0,0,0,0,0,0,3,3,70,1,2,8,1,0,0,2,60,1,1,1,98,0,0
48,482962,1,1,1,24,11,19,15,59,0,1,0,48,2,18,2,18002,4,2001,1G4HP54K9141,1,G,4,H,P,5,4,K,9,1,4,1,0,P,BUIC,LCF,4D,1,17,3567,,0,1122,,G,,F,6,231,,,15R215,,,,,,0,0,000000000,00000000000,0,0,0,1,0,0,0,0,0,0,0,998,0,1,5,12,4,3,1,0,0,0,1,48,75180,3,1,0,0,2,3,69,212,0,1,0,0,0,2,2011,2,2011,0,0,0,0,0,1,2,55,3,1,8,1,0,0,1,13,1,1,4,1,1,0
48,482963,1,1,1,3,12,2,0,1,0,1,0,48,1,7,482,7482,31,2003,3D7KA28683G7,3,D,7,K,A,2,8,6,8,3,G,7,0,T,DODG,SQ2,CW,3,17,,2,1605,1405,RPC,D,,,6,359,,,,C,5352,07,E,42,0,0,000000000,00000000000,0,0,0,1,0,0,0,0,0,0,0,96,0,2,5,0,6,2,1,0,0,0,1,48,76380,6,1,0,0,3,3,999,999,0,0,0,0,0,0,0,0,0,1,58,0,0,0,1,2,75,2,2,8,1,0,0,14,13,6,4,4,7,1,1
48,482964,1,1,2,8,12,3,6,42,0,1,0,48,1,20,9,20009,2,1993,2G1FP22P6P21,2,G,1,F,P,2,2,P,6,P,2,1,0,P,CHEV,Z28,CP,93,17,3373,,0,1010,,G,,F,8,350,,,16R235,,,,,,0,0,000000000,00000000000,0,0,0,1,0,0,0,0,0,0,0,126,0,0,0,1,6,2,42,0,0,0,1,48,75418,6,1,0,0,3,0,72,386,0,0,0,0,0,0,0,0,0,1,0,0,0,0,1,2,65,2,2,8,1,0,0,14,6,1,4,4,7,2,1
48,482965,1,5,1,8,12,14,5,12,1,1,0,48,2,20,2,20002,4,2006,2G1WB55K9692,2,G,1,W,B,5,5,K,9,6,9,2,0,P,CHEV,IPL,4D,6,17,3477,,0,1105,,F,,F,6,214,,,16R225,,,,,,0,0,000000000,00000000000,0,0,0,1,0,0,0,0,0,0,0,998,0,0,0,12,4,3,12,0,0,0,1,48,75709,6,1,0,0,3,0,999,999,0,0,0,0,0,0,0,0,0,1,0,0,0,0,1,2,60,1,1,8,1,0,0,1,50,1,1,1,20,0,0
48,482965,2,5,3,8,12,14,5,12,1,1,0,48,1,49,472,49472,30,1995,4TAUN53B9SZ0,4,T,A,U,N,5,3,B,9,S,Z,0,0,T,TOYT,XTR,PC,95,17,,1,0,1219,TAC,G,,,4,149,,,,B,2760,00,M,42,0,0,000000000,00000000000,0,0,0,1,0,0,0,0,0,0,0,0,0,1,5,6,6,2,1,0,0,0,1,48,75778,6,1,7,0,3,3,999,999,0,0,0,0,0,0,0,0,0,0,0,0,0,0,1,2,60,1,1,8,1,0,0,5,53,1,1,1,21,2,0
48,482965,3,5,3,8,12,14,5,12,1,1,0,48,2,37,403,37403,14,2003,5J6YH18543L0,5,J,6,Y,H,1,8,5,4,3,L,0,0,P,HOND,ELE,UT,3,17,3414,,0,1014,,G,,F,4,146,,,16R215,,,,,,0,0,000000000,00000000000,0,0,0,1,0,0,0,0,0,0,0,0,0,0,0,12,4,3,12,0,0,0,1,48,75752,6,1,0,0,3,0,999,999,0,0,0,0,0,0,0,0,0,0,0,0,0,0,1,2,60,1,1,8,1,0,0,1,62,1,1,1,98,0,0
48,482965,4,5,2,8,12,14,5,12,1,1,0,48,2,20,37,20037,4,2003,1G1NE52J43M5,1,G,1,N,E,5,2,J,4,3,M,5,0,P,CHEV,M/L,4D,3,17,3106,,0,1070,,G,,F,6,191,,,15R215,,,,,,0,0,000000000,00000000000,0,0,0,1,0,0,0,0,0,0,0,0,0,0,0,6,4,3,12,0,0,0,1,48,75752,6,1,0,0,3,3,999,999,0,0,0,0,0,0,0,0,0,0,0,0,0,0,1,2,60,1,1,8,1,0,0,5,53,1,1,1,98,0,0
48,482965,5,5,4,8,12,14,5,12,1,1,0,48,1,19,21,19021,4,2007,1G6DW677X701,1,G,6,D,W,6,7,7,X,7,0,1,0,P,CADI,CST,4D,7,17,3929,,0,1164,,G,,F,6,220,,,17R235,,,,,,0,0,000000000,00000000000,0,0,0,1,0,0,0,0,0,0,0,0,0,0,0,6,2,3,12,0,0,0,1,48,75773,6,1,0,0,3,0,999,999,0,0,0,0,0,0,0,0,0,0,0,0,0,0,1,2,60,1,1,8,1,0,0,5,53,1,1,1,98,0,0
48,482966,1,2,2,9,12,19,52,12,6,1,0,48,2,49,401,49401,14,1997,JT3GN86RXV00,J,T,3,G,N,8,6,R,X,V,0,0,0,P,TOYT,RUN,UT,97,17,3565,,0,1053,,G,,F,6,206,,,15R225,,,,,,0,0,000000000,00000000000,0,0,0,1,0,0,0,0,0,0,0,998,0,0,0,3,6,2,12,0,0,0,1,48,75142,6,1,0,0,3,0,999,999,0,1,0,0,0,8,2010,8,2010,0,28,51,0,0,1,2,55,1,1,8,1,0,0,1,10,1,1,2,64,1,0
48,482966,2,2,3,9,12,19,52,12,6,1,0,48,1,37,421,37421,15,2008,5FNYF18378B0,5,F,N,Y,F,1,8,3,7,8,B,0,0,P,HOND,PIL,UT,8,17,4524,,0,1063,,G,,F,6,213,,,16R235,,,,,,0,0,000000000,00000000000,0,0,0,1,0,0,0,0,0,0,0,998,0,0,0,12,4,3,12,0,0,0,1,48,75142,6,1,0,0,3,0,999,999,0,0,0,0,0,0,0,0,0,0,0,0,0,0,1,2,55,1,1,8,1,0,0,1,62,1,1,1,65,0,0
48,482967,1,1,1,19,12,18,28,8,0,1,0,48,2,20,421,20421,15,2004,1GNEC13Z04R3,1,G,N,E,C,1,3,Z,0,4,R,3,0,P,CHEV,CTA,UT,4,17,4828,,0,1160,,F,,F,8,325,,,16R265,,,,,,0,0,000000000,00000000000,0,0,0,1,0,0,0,0,0,0,0,998,0,0,0,12,2,3,8,0,0,0,1,48,76065,6,1,0,0,3,3,999,999,0,0,0,0,0,0,0,0,0,0,0,0,0,0,2,4,65,1,1,8,1,0,0,1,81,1,1,1,13,0,0
48,482968,1,1,2,19,12,20,20,5,0,1,0,48,1,18,7,18007,4,1998,2G4WS52M9W14,2,G,4,W,S,5,2,M,9,W,1,4,0,P,BUIC,CCU,4D,98,17,3255,,0,1090,,G,,F,6,191,,,15R205,,,,,,0,0,000000000,00000000000,0,0,0,1,0,0,0,0,0,0,0,998,0,0,0,0,0,1,5,0,0,0,1,48,77320,6,1,0,0,3,0,999,999,1,0,0,1,0,2,2011,6,2011,0,0,0,0,0,5,2,50,1,1,8,1,0,0,1,98,1,1,1,0,1,0
48,482969,1,1,1,21,12,22,59,42,0,1,0,48,2,7,482,7482,31,2008,1D7HA18N28S5,1,D,7,H,A,1,8,N,2,8,S,5,0,T,DODG,SQ1,CW,8,17,,2,1605,1405,RPC,G,,,8,287,,,,B,4889,00,E,42,0,0,000000000,00000000000,0,0,0,1,0,0,0,0,0,0,0,998,0,0,0,12,6,2,2,0,0,1,1,48,77868,0,0,0,0,0,0,999,999,0,0,0,0,0,0,0,0,0,1,0,0,0,0,2,4,70,2,2,8,1,0,0,16,12,1,1,4,6,1,0
48,482970,1,2,1,21,12,7,0,12,6,1,0,48,2,20,22,20022,4,2010,1G1AF5F56A71,1,G,1,A,F,5,F,5,6,A,7,1,0,P,CHEV,BL2,4D,10,17,3216,,0,1033,,G,,F,4,134,,,17R205,,,,,,0,0,000000000,00000000000,0,0,0,1,0,0,0,0,0,0,0,998,0,0,0,3,6,2,12,0,0,0,1,48,75474,6,1,0,0,3,0,63,144,0,0,0,0,0,0,0,0,0,0,58,0,0,0,1,2,60,1,1,8,1,0,0,1,13,6,4,6,64,1,0
48,482970,2,2,1,21,12,7,0,12,6,1,0,48,1,49,472,49472,30,2012,5TFJU4GN1CX0,5,T,F,J,U,4,G,N,1,C,X,0,0,T,TOYT,DCP,CW,12,17,,1,0,1278,TAC,G,,,6,244,,,,B,3920,00,W,42,0,0,000000000,00000000000,0,0,0,1,0,0,0,0,0,0,0,998,0,1,5,12,6,2,12,0,0,0,1,48,75169,6,1,6,0,3,3,999,999,0,0,0,0,0,0,0,0,0,0,0,0,0,0,1,2,60,1,1,8,1,0,0,1,62,1,1,1,65,0,0
48,482971,1,1,1,21,12,12,59,1,0,1,0,48,3,86,881,86881,63,2006,1M2AG11C56M0,1,M,2,A,G,1,1,C,5,6,M,0,0,T,MACK,CV7,CC,6,17,,8,0,0,700,D,,,6,728,,,,,00000,00,,64,0,57,1949955,571949955,3,2,4,1,0,0,0,0,0,0,0,998,0,1,5,0,4,3,1,0,0,0,1,48,77597,6,1,6,0,3,3,999,999,1,0,0,0,3,2,2010,5,2012,0,0,0,0,0,1,2,55,1,1,8,1,0,0,1,13,1,1,4,1,1,0
48,482972,1,1,2,22,12,17,14,30,0,1,0,48,2,19,3,19003,4,1993,1G6CD53B7P43,1,G,6,C,D,5,3,B,7,P,4,3,0,P,CADI,DFW,4D,93,17,3424,,0,1138,,G,,F,8,300,,,15R205,,,,,,0,0,000000000,00000000000,0,0,0,1,0,0,0,0,0,0,0,85,0,0,0,12,6,2,30,0,0,0,1,48,77590,1,1,0,0,2,0,999,999,0,7,0,0,0,2,2010,3,2012,1,0,0,0,0,2,2,45,1,1,2,1,0,0,1,12,1,1,4,6,1,0
48,482973,1,1,3,23,12,1,45,30,0,1,0,48,2,7,482,7482,31,2000,3B7HC13Y9YM2,3,B,7,H,C,1,3,Y,9,Y,M,2,0,T,DODG,Q15,4C,0,17,,2,1547,1387,RPC,G,,,8,318,,,,B,4648,01,U,42,0,0,000000000,00000000000,0,0,0,1,0,0,0,0,0,0,0,998,0,0,0,3,4,3,30,0,0,0,1,48,77316,6,1,0,0,3,0,999,999,0,0,0,0,0,0,0,0,0,1,58,0,0,0,1,2,40,3,1,8,1,0,0,14,13,6,4,4,7,1,1
48,482974,1,1,2,24,12,10,53,1,0,1,0,5,1,49,401,49401,14,2004,JTEZU14R3400,J,T,E,Z,U,1,4,R,3,4,0,0,0,P,TOYT,RUN,UT,4,17,4065,,0,1098,,G,,F,6,244,,,16R265,,,,,,0,0,000000000,00000000000,0,0,0,1,0,0,0,0,0,0,0,998,0,1,1,0,6,2,1,0,0,0,1,5,71913,6,1,0,0,3,3,68,169,0,0,0,0,0,0,0,0,0,0,58,0,0,0,3,2,75,2,1,8,1,0,0,14,12,7,9,6,98,1,0
48,482975,1,1,1,24,12,22,43,43,0,1,0,48,1,7,472,7472,30,2003,1D7HL42X93S3,1,D,7,H,L,4,2,X,9,3,S,3,0,T,DODG,DSL,PC,3,17,,2,0,1309,DAK,G,,,6,239,,,,B,3869,00,E,42,0,0,000000000,00000000000,0,0,0,1,0,0,0,0,0,0,0,998,0,0,0,11,6,2,42,0,0,0,1,48,75143,6,1,0,0,3,0,67,192,0,0,0,0,0,0,0,0,0,1,0,0,0,0,1,2,55,1,1,8,1,0,0,1,12,99,4,4,7,1,1
48,482976,1,2,1,26,12,13,52,12,2,1,0,48,1,49,481,49481,31,1996,JT4TN12D7T00,J,T,4,T,N,1,2,D,7,T,0,0,0,T,TOYT,TXC,PC,96,17,,1,0,1218,T10,G,,,6,206,,,,B,3550,00,M,42,0,0,000000000,00000000000,0,0,0,1,0,0,0,0,0,0,0,998,0,0,0,12,4,3,12,0,0,0,1,48,75447,6,1,0,0,3,0,999,999,0,0,0,0,0,0,0,0,0,1,87,0,0,0,1,2,60,1,1,8,10,0,0,1,6,1,1,2,50,0,0