STATE,ST_CASE,VEH_NO,VE_FORMS,NUMOCCS,DAY,MONTH,HOUR,MINUTE,HARM_EV,MAN_COLL,UNITTYPE,HIT_RUN,REG_STAT,OWNER,MAKE,MODEL,MAK_MOD,BODY_TYP,MOD_YEAR,VIN,VIN_1,VIN_2,VIN_3,VIN_4,VIN_5,VIN_6,VIN_7,VIN_8,VIN_9,VIN_10,VIN_11,VIN_12,TOW_VEH,VINTYPE,VINMAKE,VINA_MOD,VIN_BT,VINMODYR,VIN_LNGT,VIN_WGT,WGTCD_TR,WHLBS_LG,WHLBS_SH,SER_TR,FUELCODE,MCYCL_DS,CARBUR,CYLINDER,DISPLACE,MCYCL_CY,MCYCL_WT,TIRE_SZE,TON_RAT,TRK_WT,TRKWTVAR,VIN_REST,WHLDRWHL,J_KNIFE,MCARR_I1,MCARR_I2,MCARR_ID,GVWR,V_CONFIG,CARGO_BT,HAZ_INV,HAZ_PLAC,HAZ_ID,HAZ_CNO,HAZ_REL,BUS_USE,SPEC_USE,EMER_USE,TRAV_SP,UNDERIDE,ROLLOVER,ROLINLOC,IMPACT1,DEFORMED,TOWED,M_HARM,VEH_SC1,VEH_SC2,FIRE_EXP,DR_PRES,L_STATE,DR_ZIP,L_STATUS,L_TYPE,CDL_STAT,L_ENDORS,L_COMPL,L_RESTRI,DR_HGT,DR_WGT,PREV_ACC,PREV_SUS,PREV_DWI,PREV_SPD,PREV_OTH,FIRST_MO,FIRST_YR,LAST_MO,LAST_YR,SPEEDREL,DR_SF1,DR_SF2,DR_SF3,DR_SF4,VTRAFWAY,VNUM_LAN,VSPD_LIM,VALIGN,VPROFILE,VPAVETYP,VSURCOND,VTRAFCON,VTCONT_F,P_CRASH1,P_CRASH2,P_CRASH3,PCRASH4,PCRASH5,ACC_TYPE,DEATHS,DR_DRINK
48,483006,3,3,1,5,11,14,15,12,6,1,0,48,3,20,422,20422,15,2011,1GNSCJE09BR3,1,G,N,S,C,J,E,0,9,B,R,3,0,P,CHEV,C15,UT,11,17,5846,,0,1300,,F,,F,8,323,,,17R265,,,,,,0,0,000000000,00000000000,0,0,0,1,0,0,0,0,0,0,0,998,0,0,0,12,2,1,54,0,0,0,1,48,77076,6,1,0,0,3,0,999,999,0,0,0,0,0,0,0,0,0,0,0,0,0,0,1,4,99,1,1,8,1,0,0,1,62,1,1,1,98,0,0
48,483007,1,1,2,12,11,18,50,8,0,1,0,48,1,51,401,51401,14,2006,YV4CZ8528612,Y,V,4,C,Z,8,5,2,8,6,1,2,0,P,VOLV,XC9,UT,6,17,4610,,0,1126,,G,,F,8,268,,,17R235,,,,,,0,0,000000000,00000000000,0,0,0,1,0,0,0,0,0,0,0,998,0,0,0,11,4,3,8,0,0,0,1,48,78228,6,1,0,0,3,3,999,999,0,0,0,0,0,0,0,0,0,0,0,0,0,0,5,6,45,1,3,8,1,0,0,15,80,1,1,2,13,0,0
48,483008,1,2,1,18,11,3,50,12,6,1,0,48,2,52,34,52034,4,2011,4A32B3FFXBE0,4,A,3,2,B,3,F,F,X,B,E,0,0,P,MITS,GLE,4D,11,17,3395,,0,0,,G,,F,4,145,,,000000,,,,,,0,0,000000000,00000000000,0,0,0,1,0,0,0,0,0,0,0,998,0,0,0,12,6,2,12,0,0,0,1,48,77060,0,0,0,0,0,0,999,999,0,6,0,0,1,3,2011,9,2012,1,0,0,0,0,2,3,45,1,1,1,1,0,0,1,56,1,1,1,93,1,1
48,483008,2,2,4,18,11,3,50,12,6,1,0,48,3,98,898,98898,63,2007,1F94042237H1,1,F,9,4,0,4,2,2,3,7,H,1,0,U,,,,7,17,,,,,,,,,,,,,,,,,,,0,88,888888888,88888888888,3,2,96,1,0,0,0,0,0,7,0,998,0,0,0,9,2,3,12,0,0,0,1,48,77386,6,1,6,0,3,0,999,999,0,0,0,0,0,0,0,0,0,0,0,0,0,0,2,3,45,1,1,1,1,0,0,13,98,1,1,1,92,0,0
48,483009,1,1,7,21,11,16,8,1,0,1,0,48,2,12,401,12401,14,1997,1FMDU32E5VZC,1,F,M,D,U,3,2,E,5,V,Z,C,0,P,FORD,EPR,UT,97,17,3939,,0,1115,,G,,F,6,245,,,15R225,,,,,,0,0,000000000,00000000000,0,0,0,1,0,0,0,0,0,0,0,998,0,1,1,0,6,2,1,0,0,0,1,48,77007,6,1,0,0,3,1,999,999,0,0,0,0,0,0,0,0,0,0,0,0,0,0,2,2,99,1,1,8,1,0,0,1,1,1,4,4,98,1,0
48,483010,1,1,1,23,11,3,45,8,0,1,1,48,1,20,2,20002,4,2004,2G1WF52E8493,2,G,1,W,F,5,2,E,8,4,9,3,0,P,CHEV,IMP,4D,4,17,3389,,0,1105,,G,,F,6,207,,,16R225,,,,,,0,0,000000000,00000000000,0,0,0,1,0,0,0,0,0,0,0,998,0,0,0,1,2,1,8,0,0,0,1,48,78418,6,1,6,0,3,0,999,999,0,0,0,3,0,4,2011,12,2011,0,0,0,0,0,3,2,65,1,1,8,1,0,0,1,80,1,1,1,13,0,0
48,483011,1,1,2,29,11,16,44,35,0,1,0,48,1,30,40,30040,4,2012,3VW2K7AJXCM3,3,V,W,2,K,7,A,J,X,C,M,3,0,P,VOLK,JBS,4D,12,17,3882,,0,0,,G,,F,4,121,,,000000,,,,,,0,0,000000000,00000000000,0,0,0,1,0,0,0,0,0,0,0,998,0,0,0,12,4,3,35,0,0,0,1,48,75771,6,1,0,0,3,3,999,999,1,0,0,0,0,3,2011,3,2011,0,0,0,0,0,5,4,60,1,1,8,1,0,0,1,12,1,1,4,6,1,0
48,483012,2,1,1,30,11,17,39,8,0,1,0,48,2,23,481,23481,31,2007,1GTHK23D67F1,1,G,T,H,K,2,3,D,6,7,F,1,0,T,GMC,2KH,CW,7,17,,2,1670,1530,SIE,D,,,8,403,,,,C,5883,02,E,44,0,0,000000000,00000000000,0,0,0,1,0,0,0,0,0,0,0,998,0,0,0,12,4,3,8,0,0,0,1,48,78046,6,1,0,0,3,3,999,999,0,3,0,2,1,7,2010,4,2012,0,0,0,0,0,1,2,70,1,1,8,1,0,0,1,80,1,1,1,13,0,0
48,483013,1,2,1,1,12,22,5,12,2,1,0,48,0,35,47,35047,4,2006,1N4AL11D06C1,1,N,4,A,L,1,1,D,0,6,C,1,0,P,NISS,ASL,4D,6,17,2915,,0,1102,,G,,F,4,153,,,16R215,,,,,,0,0,000000000,00000000000,0,0,0,1,0,0,0,0,0,0,0,998,0,0,0,12,6,2,12,0,0,0,1,48,78759,6,1,0,0,3,3,999,999,0,3,0,0,0,12,2010,10,2012,0,28,0,0,0,1,2,70,1,1,8,1,0,0,1,10,1,1,2,50,1,1
48,483013,2,2,1,1,12,22,5,12,2,1,0,48,3,20,421,20421,15,2012,1GNSCAE03CR2,1,G,N,S,C,A,E,0,3,C,R,2,0,P,CHEV,CTA,UT,12,17,5448,,0,1160,,F,,F,8,323,,,18R265,,,,,,0,0,000000000,00000000000,0,0,0,1,0,0,0,0,0,0,0,998,0,1,5,12,6,2,12,0,0,0,1,48,78413,6,1,0,0,3,0,999,999,0,0,0,0,0,0,0,0,0,0,0,0,0,0,1,2,70,1,1,8,1,0,0,1,62,1,1,1,51,1,0
48,483014,1,2,1,5,12,7,36,12,6,1,0,93,3,51,881,51881,66,2005,4V4NC9TJ15N3,4,V,4,N,C,9,T,J,1,5,N,3,1,T,VOLV,VNL,TR,5,17,,8,0,0,VVN,D,,,6,915,,,,,00000,00,,64,1,57,1212197,571212197,3,6,3,1,0,0,0,0,0,0,0,998,0,0,0,12,4,3,12,0,0,0,1,48,75460,6,1,6,0,3,3,999,999,0,0,0,1,2,8,2010,4,2011,0,0,0,0,0,1,2,65,1,1,8,1,0,0,6,98,1,1,2,73,0,0
48,483014,2,2,1,5,12,7,36,12,6,1,0,48,3,12,481,12481,31,1987,1FTEF25Y6HNA,1,F,T,E,F,2,5,Y,6,H,N,A,0,T,FORD,F25,PK,87,17,,2,0,1330,COF,G,,,6,300,,,,C,3870,02,A,42,0,0,000000000,00000000000,0,0,0,1,0,0,0,0,0,0,0,998,0,1,1,9,6,2,12,0,0,0,1,48,75461,6,1,0,0,3,3,999,999,0,0,0,0,0,0,0,0,0,0,48,0,0,0,1,2,65,1,1,8,1,0,0,11,15,1,1,1,72,1,0
48,483015,1,2,1,7,12,23,10,12,1,1,0,48,0,53,705,53705,80,2006,JS1GN7DA4621,J,S,1,G,N,7,D,A,4,6,2,1,0,M,SUZI,K6R,RC,6,17,,,,,,,599,,4,,4,354,,,,,,,0,0,000000000,00000000000,0,0,0,1,0,0,0,0,0,0,0,998,0,0,0,12,8,2,12,0,0,0,1,48,79762,1,1,0,0,2,0,999,999,0,4,0,0,0,3,2011,4,2012,1,37,0,0,0,5,6,45,1,1,8,1,0,0,1,51,1,1,1,24,1,1
48,483015,2,2,1,7,12,23,10,12,1,1,0,48,3,82,881,82881,62,2005,1FVACWDC35HU,1,F,V,A,C,W,D,C,3,5,H,U,0,T,FRHT,16M,CC,5,17,,6,0,0,FM2,D,,,6,439,,,,,00000,00,,42,0,57,2120094,572120094,2,1,3,1,0,0,0,0,0,0,0,998,0,0,0,6,2,1,12,0,0,0,1,48,76060,4,1,0,0,2,0,999,999,2,0,0,0,0,4,2011,3,2012,0,0,0,0,0,5,6,45,1,1,8,1,0,0,1,53,1,1,1,25,0,0
48,483016,1,1,1,8,12,2,50,23,0,1,0,48,3,20,37,20037,4,2012,1G1ZA5EU0CF1,1,G,1,Z,A,5,E,U,0,C,F,1,0,P,CHEV,M/L,4D,12,17,3415,,0,1123,,F,,F,4,146,,,17R215,,,,,,0,0,000000000,00000000000,0,0,0,1,0,0,0,0,0,0,0,998,0,1,5,12,6,2,23,0,0,1,1,48,77461,6,1,0,0,3,3,70,210,0,0,0,0,1,12,2010,12,2010,0,39,0,0,0,1,2,45,2,1,8,2,20,3,14,13,99,9,4,1,1,1
48,483017,1,2,2,8,12,14,30,12,6,1,0,48,3,12,881,12881,61,2011,1FD8X3H68BEA,1,F,D,8,X,3,H,6,8,B,E,A,0,T,FORD,F3D,4B,11,17,,3,0,1618,DRW,F,,,8,378,,,,D,6802,00,7,44,0,88,888888888,88888888888,2,1,96,1,0,0,0,0,0,0,0,998,0,0,0,12,4,3,12,0,0,0,1,48,79241,6,1,0,0,3,3,999,999,0,3,0,0,1,2,2010,11,2011,0,35,0,0,0,1,2,70,1,1,8,1,0,0,6,10,1,1,2,73,0,0
48,483017,2,2,1,8,12,14,30,12,6,1,0,48,2,20,2,20002,4,2003,2G1WF52E1392,2,G,1,W,F,5,2,E,1,3,9,2,0,P,CHEV,IMP,4D,3,17,3389,,0,1105,,G,,F,6,207,,,16R225,,,,,,0,0,000000000,00000000000,0,0,0,1,0,0,0,0,0,0,0,998,0,0,0,8,6,2,12,0,0,0,1,48,79745,3,1,0,0,2,0,999,999,0,0,0,0,0,0,0,0,0,0,0,0,0,0,1,2,70,1,1,8,1,0,0,11,98,1,1,1,72,1,1
48,483018,1,1,2,9,12,16,44,1,0,1,0,48,2,20,431,20431,16,1999,1GNFK16R1XJ5,1,G,N,F,K,1,6,R,1,X,J,5,1,P,CHEV,K15,UT,99,17,5297,,0,1315,,G,,F,8,350,,,16R245,,,,,,1,0,000000000,00000000000,0,0,0,1,0,0,0,0,0,0,0,998,0,2,5,0,4,3,1,0,0,0,1,48,79763,3,1,0,0,2,0,999,999,1,4,0,0,1,7,2010,8,2011,0,58,85,0,0,2,2,70,1,1,8,1,0,0,17,61,7,4,4,3,1,0
48,483019,1,1,1,14,12,8,58,8,0,1,0,48,1,12,481,12481,31,2006,1FTRX12W16NB,1,F,T,R,X,1,2,W,1,6,N,B,0,T,FORD,F15,4C,6,17,,2,0,1450,COF,G,,,8,281,,,,B,5065,04,E,42,0,0,000000000,00000000000,0,0,0,1,0,0,0,0,0,0,0,998,0,0,0,12,2,3,8,0,0,0,1,48,77640,6,1,0,0,3,1,999,999,0,0,0,0,0,0,0,0,0,0,0,0,0,0,1,2,50,1,1,8,1,0,0,1,80,1,1,1,13,0,0
48,483020,1,1,5,16,12,2,40,33,0,1,0,48,2,12,481,12481,31,2002,1FTRX17282KD,1,F,T,R,X,1,7,2,8,2,K,D,0,T,FORD,F15,4C,2,17,,2,1571,1385,COF,G,,,6,256,,,,B,4224,06,U,42,0,0,000000000,00000000000,0,0,0,1,0,0,0,0,0,0,0,998,0,1,3,14,6,2,1,0,0,0,1,99,99999,9,9,99,9,9,9,999,999,99,99,99,99,99,99,9999,99,9999,0,58,0,0,0,6,1,35,1,1,8,1,0,0,1,12,1,1,4,6,4,0
48,483021,1,2,2,17,12,0,15,12,1,1,0,18,3,51,881,51881,66,2011,4V4NC9EJ1BN2,4,V,4,N,C,9,E,J,1,B,N,2,2,T,VOLV,VNL,TR,11,17,,8,0,0,VVN,D,,,6,793,,,,,00000,00,,64,1,57,265752,57265752,3,7,1,1,0,0,0,0,0,0,0,998,0,0,0,12,4,3,12,0,0,0,1,6,92707,6,1,6,3,3,0,70,210,0,0,0,1,0,10,2010,10,2010,0,0,0,0,0,3,2,80,1,3,8,1,0,0,1,56,8,1,1,93,0,0
48,483021,2,2,5,17,12,0,15,12,1,1,0,48,2,20,431,20431,16,1989,1GCER16KXKF1,1,G,C,E,R,1,6,K,X,K,F,1,0,P,CHEV,R15,UT,89,17,4896,,0,1295,,G,,F,8,350,,,15R235,,,,,,0,0,000000000,00000000000,0,0,0,1,0,0,0,0,0,0,0,998,0,0,0,6,6,2,12,0,0,0,1,48,79830,6,1,0,0,3,0,999,999,0,0,0,0,0,0,0,0,0,0,31,0,0,0,3,2,80,1,3,8,1,0,0,13,98,1,1,1,92,2,0
48,483022,1,1,1,19,12,2,13,25,0,1,0,48,0,2,404,2404,14,2000,1J4G248N4YC1,1,J,4,G,2,4,8,N,4,Y,C,1,0,T,JEEP,LRO,4W,0,17,,1,0,1059,GCK,G,,,8,287,,,,,3664,00,E,42,0,0,000000000,00000000000,0,0,0,1,0,0,0,0,0,0,0,998,0,0,0,11,6,2,25,0,0,0,1,48,78596,6,1,0,0,3,0,999,999,0,0,0,0,0,0,0,0,0,1,99,99,99,99,1,2,98,8,8,8,1,20,3,1,14,1,9,4,14,1,1
48,483023,1,1,3,21,12,20,52,8,0,1,0,48,1,20,16,20016,4,2000,1G1JC5242Y71,1,G,1,J,C,5,2,4,2,Y,7,1,0,P,CHEV,CAV,4D,0,17,2676,,0,1041,,G,,F,4,133,,,14R195,,,,,,0,0,000000000,00000000000,0,0,0,1,0,0,0,0,0,0,0,998,0,0,0,12,2,1,8,0,0,0,1,48,76114,6,1,0,0,3,3,999,999,0,0,0,1,0,9,2011,9,2011,0,0,0,0,0,4,1,40,1,1,8,1,0,0,11,80,1,1,1,13,0,0
48,483024,1,1,2,22,12,14,53,1,0,1,0,8,1,12,880,12880,67,2005,1FTWW31P45EC,1,F,T,W,W,3,1,P,4,5,E,C,0,T,FORD,F3S,CW,5,17,,3,1724,1562,SRW,D,,,8,366,,,,D,6347,00,E,44,0,88,888888888,88888888888,2,1,96,1,0,0,0,0,0,0,0,998,0,2,3,0,4,3,1,0,0,0,1,8,80005,6,1,0,0,3,0,70,197,0,0,0,0,0,0,0,0,0,0,58,28,0,0,2,2,75,1,2,8,1,0,0,1,12,7,4,4,6,1,0
48,483025,1,1,1,23,12,12,28,24,0,1,0,48,2,7,25,7025,5,2007,1B3HB48B37D4,1,B,3,H,B,4,8,B,3,7,D,4,0,P,DODG,CXT,4D,7,17,3038,,0,1037,,G,,F,4,122,,,17R215,,,,,,0,0,000000000,00000000000,0,0,0,1,0,0,0,0,0,0,0,998,0,0,0,12,6,2,24,0,0,0,1,48,77550,6,1,0,0,3,0,999,999,0,0,0,0,0,0,0,0,0,0,28,0,0,0,3,4,60,1,1,8,1,0,0,1,13,3,3,4,1,1,0
48,483026,1,2,3,24,12,19,50,12,6,1,0,48,2,20,421,20421,15,2001,1GNEC13VX1R1,1,G,N,E,C,1,3,V,X,1,R,1,0,P,CHEV,CTA,UT,1,17,4828,,0,1160,,G,,F,8,293,,,16R245,,,,,,0,0,000000000,00000000000,0,0,0,1,0,0,0,0,0,0,0,998,0,0,0,12,4,3,12,0,0,0,1,48,77086,6,1,0,0,3,0,999,999,0,0,0,0,0,0,0,0,0,1,0,0,0,0,1,4,35,1,1,8,1,0,0,1,71,1,1,1,88,0,0
48,483026,2,2,2,24,12,19,50,12,6,1,0,48,1,49,43,49043,4,2005,4T1BK36B95U0,4,T,1,B,K,3,6,B,9,5,U,0,0,P,TOYT,UTS,4D,5,17,3417,,0,1071,,G,,F,6,213,,,15R205,,,,,,0,0,000000000,00000000000,0,0,0,1,0,0,0,0,0,0,0,998,0,0,0,61,6,2,12,0,0,0,1,48,77018,6,1,0,0,3,0,999,999,0,0,0,0,0,0,0,0,0,0,38,0,0,0,0,0,0,0,0,0,0,0,0,98,98,1,1,1,89,1,0
48,483028,1,1,2,24,12,0,18,32,0,1,0,48,2,20,481,20481,31,1998,2GCEC19R5W11,2,G,C,E,C,1,9,R,5,W,1,1,0,T,CHEV,GC1,PC,98,17,,2,1555,1415,GM4,G,,,8,350,,,,B,4145,03,,42,0,0,000000000,00000000000,0,0,0,1,0,0,0,0,0,0,0,998,0,1,5,3,4,3,1,0,0,0,1,48,77303,0,0,0,0,0,0,999,999,0,0,0,0,0,0,0,0,0,0,28,0,0,0,1,2,30,1,1,8,1,0,0,1,12,1,1,4,6,1,1
48,483029,1,2,2,27,12,18,0,12,6,1,0,48,2,41,34,41034,2,1990,JM1FC3525L07,J,M,1,F,C,3,5,2,5,L,0,7,0,P,MAZD,RX7,CV,90,17,2910,,0,957,,G,,F,R,080,,,15R205,,,,,,0,0,000000000,00000000000,0,0,0,1,0,0,0,0,0,0,0,998,0,0,0,3,6,2,12,0,0,0,1,48,77365,3,2,0,0,2,0,999,999,0,0,0,0,0,0,0,0,0,1,28,0,0,0,1,2,45,1,1,8,2,0,0,1,6,1,4,2,66,1,0
48,483029,2,2,1,27,12,18,0,12,6,1,0,48,2,35,39,35039,4,1997,JN1CA21D2VT8,J,N,1,C,A,2,1,D,2,V,T,8,0,P,NISS,MGS,4D,97,17,2886,,0,1063,,G,,F,6,182,,,15R205,,,,,,0,0,000000000,00000000000,0,0,0,1,0,0,0,0,0,0,0,998,0,0,0,12,6,2,12,0,0,0,1,48,77357,0,0,0,0,0,0,999,999,0,0,0,0,0,0,0,0,0,0,0,0,0,0,1,2,45,1,1,8,2,0,0,1,62,1,1,1,66,0,0
48,483030,1,1,1,31,12,1,27,23,0,1,0,48,1,12,17,12017,4,2003,1FAFP55243A2,1,F,A,F,P,5,5,2,4,3,A,2,0,P,FORD,TSS,4D,3,17,3329,,0,1085,,F,,F,6,182,,,16R215,,,,,,0,0,000000000,00000000000,0,0,0,1,0,0,0,0,0,0,0,998,0,0,0,82,4,3,23,0,0,0,1,48,75402,6,1,0,0,3,0,999,999,0,0,0,1,0,1,2011,1,2011,1,87,0,0,0,6,1,55,1,3,8,1,0,0,1,5,4,2,4,2,1,1
48,483031,1,2,2,31,12,18,7,12,6,1,0,48,2,6,441,6441,20,2000,1C4GP64L8YB5,1,C,4,G,P,6,4,L,8,Y,B,5,0,T,CHRY,LMT,ES,0,17,,1,0,1193,TWC,G,,,6,230,,,,,4085,00,,42,0,0,000000000,00000000000,0,0,0,1,0,0,0,0,0,0,0,998,0,0,0,10,4,3,12,0,0,0,1,48,77598,0,0,0,0,0,0,999,999,0,0,0,0,0,0,0,0,0,0,0,0,0,0,4,3,99,1,1,8,2,3,3,1,17,1,1,1,89,1,0
48,483031,2,2,2,31,12,18,7,12,6,1,0,48,1,12,401,12401,14,2007,1FMEU33K17UA,1,F,M,E,U,3,3,K,1,7,U,A,0,P,FORD,EPR,UT,7,17,4516,,0,1305,,G,,F,6,244,,,18R235,,,,,,0,0,000000000,00000000000,0,0,0,1,0,0,0,0,0,0,0,998,0,0,0,12,6,2,12,0,0,0,1,48,78741,6,1,0,0,3,0,999,999,0,0,0,0,0,0,0,0,0,0,0,0,0,0,4,3,55,1,1,8,2,3,3,1,66,1,1,1,88,0,0
48,483032,1,1,2,31,12,9,5,1,0,1,0,48,3,12,880,12880,67,2009,1FTWW31R09EA,1,F,T,W,W,3,1,R,0,9,E,A,0,T,FORD,F3S,CW,9,17,,3,1720,1560,SRW,D,,,8,390,,,,D,6593,02,E,44,0,99,999999999,99999999999,2,1,97,1,0,0,0,0,0,0,0,998,0,9,3,0,6,2,2,0,0,1,1,48,79756,1,1,0,0,2,0,999,999,0,6,1,0,0,8,2010,8,2011,0,58,0,0,0,2,2,80,1,1,8,1,0,0,1,12,7,9,4,2,1,0
48,483033,1,1,1,3,11,10,15,24,0,1,0,48,2,72,706,72706,80,2002,1HD1BHY102Y0,1,H,D,1,B,H,Y,1,0,2,Y,0,0,M,HD,FXT,RS,2,17,,,,,,,1450,,2,,4,629,,,,,,,0,0,000000000,00000000000,0,0,0,1,0,0,0,0,0,0,0,998,0,0,0,99,9,2,24,0,0,0,1,48,75014,6,1,0,0,3,0,999,999,1,0,0,0,0,1,2010,1,2010,0,0,0,0,0,6,1,60,2,3,8,1,0,0,14,12,1,9,4,6,1,0
48,483034,1,2,1,8,8,15,55,43,0,1,0,48,1,12,17,12017,4,1997,1FALP52U0VA2,1,F,A,L,P,5,2,U,0,V,A,2,0,P,FORD,TAG,4D,97,17,3329,,0,1085,,G,,F,6,182,,,15R205,,,,,,0,0,000000000,00000000000,0,0,0,1,0,0,0,0,0,0,0,998,0,0,0,12,6,2,43,0,0,0,1,48,78572,0,0,0,0,0,0,999,999,0,2,0,0,0,3,2011,6,2011,1,34,0,0,0,1,2,45,1,1,8,1,0,0,1,13,6,1,4,1,1,1
48,483034,2,2,1,8,8,15,55,43,0,1,0,48,2,12,23,12023,4,2008,3FAHP08198R1,3,F,A,H,P,0,8,1,9,8,R,1,0,P,FORD,F/L,4D,8,17,3325,,0,1074,,G,,F,6,183,,,17R225,,,,,,0,0,000000000,00000000000,0,0,0,1,0,0,0,0,0,0,0,998,0,0,0,81,2,1,12,0,0,0,1,48,78574,6,1,0,0,3,0,999,999,0,0,0,0,0,0,0,0,0,0,0,0,0,0,1,2,45,1,1,8,1,0,0,1,64,1,1,1,98,0,0
48,483035,1,2,1,12,11,13,17,12,6,1,0,48,1,18,7,18007,4,1993,1G4AG54N5P64,1,G,4,A,G,5,4,N,5,P,6,4,0,P,BUIC,CSP,4D,93,17,2870,,0,1047,,G,,F,6,204,,,14R185,,,,,,0,0,000000000,00000000000,0,0,0,1,0,0,0,0,0,0,0,998,0,0,0,1,4,3,12,0,0,0,1,48,79106,6,1,0,0,3,0,999,999,0,0,0,0,0,0,0,0,0,0,39,0,0,0,1,4,99,1,1,8,1,3,3,11,15,1,1,1,76,1,0
48,483035,2,2,2,12,11,13,17,12,6,1,0,48,1,22,20,22020,4,2006,2G2WP5529612,2,G,2,W,P,5,5,2,9,6,1,2,0,P,PONT,GRA,4D,6,17,3477,,0,1105,,G,,F,6,232,,,16R225,,,,,,0,0,000000000,00000000000,0,0,0,1,0,0,0,0,0,0,0,998,0,0,0,12,4,3,12,0,0,0,1,48,79109,6,1,0,0,3,3,999,999,0,0,0,0,0,0,0,0,0,0,0,0,0,0,1,4,45,1,1,8,1,3,3,1,65,1,1,1,77,0,0
48,483036,1,1,1,20,12,8,24,1,0,1,0,48,2,38,402,38402,14,2000,4S2CK58W2Y43,4,S,2,C,K,5,8,W,2,Y,4,3,0,P,ISU,ROD,UT,0,17,3848,,0,1064,,G,,F,6,195,,,16R245,,,,,,0,0,000000000,00000000000,0,0,0,1,0,0,0,0,0,0,0,998,0,1,5,0,6,2,1,0,0,0,1,36,12534,6,1,0,0,3,3,62,999,0,0,0,0,0,0,0,0,0,0,58,0,0,0,2,2,80,2,1,8,1,0,0,14,12,7,9,4,2,1,0
48,483037,1,2,1,3,10,19,52,12,6,1,0,35,2,20,16,20016,4,2003,1G1JC52F8372,1,G,1,J,C,5,2,F,8,3,7,2,0,P,CHEV,CAV,4D,3,17,2971,,0,1041,,G,,F,4,134,,,14R195,,,,,,0,0,000000000,00000000000,0,0,0,1,0,0,0,0,0,0,0,998,0,0,0,3,4,3,12,0,0,0,1,35,88101,6,1,0,0,3,3,62,125,98,0,0,0,0,0,0,0,0,0,38,0,0,0,2,2,50,1,1,8,1,3,3,11,15,1,1,1,68,0,0
48,483037,2,2,1,3,10,19,52,12,6,1,0,48,1,76,709,76709,80,2012,RKRSE48Y5CA0,R,K,R,S,E,4,8,Y,5,C,A,0,0,M,YAMA,YW2,MS,12,17,,,,,,,125,,1,,4,207,,,,,,,0,0,000000000,00000000000,0,0,0,1,0,0,0,0,0,0,0,998,0,0,0,12,9,2,12,0,0,0,1,48,75077,6,1,0,0,3,3,999,999,0,1,0,0,0,3,2012,3,2012,0,0,0,0,0,2,2,50,1,1,8,1,3,3,1,62,1,1,1,69,1,0
48,483038,1,1,1,3,11,16,9,1,0,1,0,93,3,87,881,87881,66,2012,1XPSD79X1CD1,1,X,P,S,D,7,9,X,1,C,D,1,1,T,PTRB,365,TR,12,17,,8,0,0,CON,D,,,6,726,,,,,00000,00,,64,1,57,1000125,571000125,3,6,2,2,2,1267,3,1,0,0,0,998,0,2,1,0,2,3,1,0,0,0,1,48,77414,6,1,6,1,3,3,999,999,0,1,0,0,0,6,2010,6,2010,1,0,0,0,0,1,2,99,1,1,8,1,21,3,10,16,1,9,1,98,1,0
48,483039,1,1,3,10,11,11,40,9,0,1,0,48,2,23,401,23401,14,1998,1GKCS13W0W25,1,G,K,C,S,1,3,W,0,W,2,5,0,T,GMC,JMY,4W,98,17,,1,0,1005,JMY,G,,,6,262,,,,B,3671,00,E,42,0,0,000000000,00000000000,0,0,0,1,0,0,0,0,0,0,0,998,0,0,0,12,2,3,9,0,0,0,1,48,79756,0,0,0,0,0,0,999,999,0,0,0,0,0,0,0,0,0,0,0,0,0,0,1,2,30,1,1,8,1,0,0,1,83,1,1,1,13,0,0
48,483040,1,1,1,19,12,13,14,8,0,1,0,48,2,42,48,42048,4,2010,WDDHF7CB8AA0,W,D,D,H,F,7,C,B,8,A,A,0,0,P,MERZ,ME5,4D,10,17,4145,,0,1131,,G,,F,8,336,,,18R245,,,,,,0,0,000000000,00000000000,0,0,0,1,0,0,0,0,0,0,0,998,0,0,0,99,9,1,8,0,0,0,1,48,77581,6,1,0,0,3,3,999,999,0,0,0,0,0,0,0,0,0,0,0,0,0,0,2,2,30,1,1,8,1,3,3,10,80,1,1,1,13,0,0
48,483041,1,2,2,25,8,4,48,5,0,1,0,48,2,7,482,7482,31,2003,3D7KU28653G8,3,D,7,K,U,2,8,6,5,3,G,8,0,T,DODG,SQ2,CW,3,17,,2,1605,1405,RPC,D,,,6,359,,,,C,5837,07,E,44,0,0,000000000,00000000000,0,0,0,1,0,0,0,0,0,0,0,998,0,0,0,12,0,1,54,0,0,0,1,48,78161,6,1,0,0,3,0,999,999,0,0,0,0,0,0,0,0,0,1,0,0,0,0,2,4,65,1,2,8,1,0,0,15,80,1,1,2,98,0,0
48,483041,2,2,3,25,8,4,48,5,0,1,0,48,1,49,472,49472,30,1999,4TASN92N7XZ4,4,T,A,S,N,9,2,N,7,X,Z,4,0,T,TOYT,XPR,PC,99,17,,1,0,1219,TAC,G,,,6,206,,,,B,3280,00,U,42,0,0,000000000,00000000000,0,0,0,1,0,0,0,0,0,0,0,998,0,0,0,0,0,1,5,0,0,0,1,48,78263,6,1,0,0,3,3,999,999,1,0,0,0,0,2,2011,2,2011,0,0,0,0,0,1,2,98,8,8,8,1,21,3,3,98,1,1,1,0,1,1