STATE,ST_CASE,VEH_NO,VE_FORMS,NUMOCCS,DAY,MONTH,HOUR,MINUTE,HARM_EV,MAN_COLL,UNITTYPE,HIT_RUN,REG_STAT,OWNER,MAKE,MODEL,MAK_MOD,BODY_TYP,MOD_YEAR,VIN,VIN_1,VIN_2,VIN_3,VIN_4,VIN_5,VIN_6,VIN_7,VIN_8,VIN_9,VIN_10,VIN_11,VIN_12,TOW_VEH,VINTYPE,VINMAKE,VINA_MOD,VIN_BT,VINMODYR,VIN_LNGT,VIN_WGT,WGTCD_TR,WHLBS_LG,WHLBS_SH,SER_TR,FUELCODE,MCYCL_DS,CARBUR,CYLINDER,DISPLACE,MCYCL_CY,MCYCL_WT,TIRE_SZE,TON_RAT,TRK_WT,TRKWTVAR,VIN_REST,WHLDRWHL,J_KNIFE,MCARR_I1,MCARR_I2,MCARR_ID,GVWR,V_CONFIG,CARGO_BT,HAZ_INV,HAZ_PLAC,HAZ_ID,HAZ_CNO,HAZ_REL,BUS_USE,SPEC_USE,EMER_USE,TRAV_SP,UNDERIDE,ROLLOVER,ROLINLOC,IMPACT1,DEFORMED,TOWED,M_HARM,VEH_SC1,VEH_SC2,FIRE_EXP,DR_PRES,L_STATE,DR_ZIP,L_STATUS,L_TYPE,CDL_STAT,L_ENDORS,L_COMPL,L_RESTRI,DR_HGT,DR_WGT,PREV_ACC,PREV_SUS,PREV_DWI,PREV_SPD,PREV_OTH,FIRST_MO,FIRST_YR,LAST_MO,LAST_YR,SPEEDREL,DR_SF1,DR_SF2,DR_SF3,DR_SF4,VTRAFWAY,VNUM_LAN,VSPD_LIM,VALIGN,VPROFILE,VPAVETYP,VSURCOND,VTRAFCON,VTCONT_F,P_CRASH1,P_CRASH2,P_CRASH3,PCRASH4,PCRASH5,ACC_TYPE,DEATHS,DR_DRINK
48,483042,1,1,1,26,11,8,12,8,0,1,0,48,1,7,442,7442,20,2001,2B4GP44G21R1,2,B,4,G,P,4,4,G,2,1,R,1,0,T,DODG,GSP,ES,1,17,,1,0,1193,CAR,G,,,6,201,,,,,3989,00,E,42,0,0,000000000,00000000000,0,0,0,1,0,0,0,0,0,0,0,998,0,0,0,12,0,3,8,0,0,0,1,48,79905,6,1,0,0,3,3,999,999,0,0,0,1,0,4,2011,4,2011,0,0,0,0,0,1,4,30,1,1,8,10,3,3,11,81,99,1,1,13,0,0
48,483043,1,1,2,4,12,23,5,8,0,1,0,35,2,20,443,20443,20,1999,1GNDX03E0XD3,1,G,N,D,X,0,3,E,0,X,D,3,0,T,CHEV,VTR,ES,99,17,,1,0,1200,VTR,G,,,6,207,,,,,3792,00,,42,0,0,000000000,00000000000,0,0,0,1,0,0,0,0,0,0,0,998,0,0,0,12,2,3,8,0,0,0,1,35,88021,6,1,0,0,3,0,69,220,98,0,0,0,0,0,0,0,0,0,0,0,0,0,1,4,40,1,1,8,10,0,0,1,80,99,1,1,13,0,0
48,483044,1,4,1,16,12,7,15,12,1,1,0,37,3,82,881,82881,66,2012,1FUBGDBG6CLB,1,F,U,B,G,D,B,G,6,C,L,B,3,T,FRHT,125,TR,12,17,,7,0,0,CSC,D,,,6,915,,,,,00000,00,,42,1,57,90849,5790849,3,8,1,1,0,0,0,0,0,0,0,998,0,0,0,12,6,2,8,0,0,0,1,48,79926,6,1,6,0,3,3,999,999,0,0,0,0,0,0,0,0,0,1,0,0,0,0,3,4,60,1,2,8,1,0,0,1,50,6,1,1,20,0,0
48,483044,2,4,2,16,12,7,15,12,1,1,0,6,1,12,401,12401,14,2004,1FMZU62K44UA,1,F,M,Z,U,6,2,K,4,4,U,A,0,P,FORD,EPR,UT,4,17,4304,,0,1137,,F,,F,6,245,,,16R235,,,,,,0,0,000000000,00000000000,0,0,0,1,0,0,0,0,0,0,0,0,0,0,0,6,4,3,12,0,0,0,1,6,77493,6,1,0,0,3,3,65,155,1,0,0,0,0,8,2012,8,2012,0,0,0,0,0,3,4,60,1,2,8,1,0,0,5,53,99,1,1,21,1,0
48,483044,3,4,3,16,12,7,15,12,1,1,0,48,1,55,35,55035,4,2009,KMHDU46D19U7,K,M,H,D,U,4,6,D,1,9,U,7,0,P,HYUN,HEL,4D,9,17,2723,,0,1043,,G,,F,4,121,,,15R195,,,,,,0,0,000000000,00000000000,0,0,0,1,0,0,0,0,0,0,0,0,0,0,0,6,4,3,12,0,0,0,1,48,79934,6,1,0,0,3,0,999,999,0,0,0,0,0,0,0,0,0,0,0,0,0,0,3,4,60,1,2,8,1,0,0,5,53,99,1,1,98,0,0
48,483044,4,4,0,16,12,7,15,12,1,1,0,48,3,12,16,12016,4,2005,2FAFP71W25X1,2,F,A,F,P,7,1,W,2,5,X,1,0,P,FORD,CVP,4D,5,17,0,,0,1147,,G,,F,8,281,,,16R225,,,,,,0,0,000000000,00000000000,0,0,0,1,0,0,0,0,0,5,0,0,0,0,0,6,6,2,12,0,0,0,0,0,99997,7,6,97,7,6,7,998,997,998,998,998,998,998,98,9998,98,9998,8,0,0,0,0,3,4,60,1,2,8,1,0,0,0,61,0,0,0,98,0,0
48,483045,1,2,1,17,12,0,34,12,1,1,0,48,2,20,9,20009,2,2012,2G1FB1E35C91,2,G,1,F,B,1,E,3,5,C,9,1,0,P,CHEV,CLT,CP,12,17,3750,,0,1123,,F,,F,6,220,,,18R245,,,,,,0,0,000000000,00000000000,0,0,0,1,0,0,0,0,0,0,0,998,0,0,0,12,4,3,12,0,0,0,1,12,79916,6,1,0,0,3,3,999,999,0,0,0,1,0,8,2010,8,2010,1,91,0,0,0,3,2,55,1,1,8,1,0,0,1,70,7,1,1,79,0,1
48,483045,2,2,2,17,12,0,34,12,1,1,0,48,1,18,3,18003,4,2002,1G4CW54K9241,1,G,4,C,W,5,4,K,9,2,4,1,0,P,BUIC,PKA,4D,2,17,3788,,0,1138,,G,,F,6,231,,,16R225,,,,,,0,0,000000000,00000000000,0,0,0,1,0,0,0,0,0,0,0,998,0,0,0,6,6,2,12,0,0,0,1,48,79925,6,1,0,0,3,3,999,999,0,0,0,0,0,0,0,0,0,0,0,0,0,0,0,0,0,0,0,0,0,97,8,10,16,99,1,1,78,1,0
48,483046,1,2,1,19,12,11,46,12,6,1,0,48,2,54,35,54035,4,2003,19UUA56643A0,1,9,U,U,A,5,6,6,4,3,A,0,0,P,ACUR,32T,4D,3,17,3492,,0,1081,,G,,F,6,197,,,16R205,,,,,,0,0,000000000,00000000000,0,0,0,1,0,0,0,0,0,0,0,998,0,0,0,9,6,2,12,0,0,0,1,48,77539,6,1,0,0,3,0,999,999,1,0,0,0,0,5,2012,5,2012,0,38,0,0,0,0,0,0,0,0,0,0,98,8,11,15,99,1,1,82,0,0
48,483046,2,2,2,19,12,11,46,12,6,1,0,48,2,49,32,49032,4,1992,1NXAE91A8NZ2,1,N,X,A,E,9,1,A,8,N,Z,2,0,P,TOYT,COA,4D,92,17,2253,,0,957,,G,,F,4,097,,,13R155,,,,,,0,0,000000000,00000000000,0,0,0,1,0,0,0,0,0,0,0,998,0,0,0,12,4,3,12,0,0,0,1,48,77590,6,1,0,0,3,0,999,999,0,0,0,0,0,0,0,0,0,0,0,0,0,0,5,6,45,1,1,8,10,0,0,1,70,99,1,1,83,1,0
48,483047,1,1,1,3,12,18,37,8,0,1,0,48,1,12,481,12481,31,2012,1FTFW1ET5CFA,1,F,T,F,W,1,E,T,5,C,F,A,0,T,FORD,F1S,CW,12,17,,2,1570,1450,COF,G,,,6,214,,,,B,5586,02,7,44,0,0,000000000,00000000000,0,0,0,1,0,0,0,0,0,0,0,998,0,0,0,12,2,3,8,0,0,0,1,48,76802,6,1,7,0,3,3,999,999,0,0,0,0,0,0,0,0,0,0,0,0,0,0,5,4,35,1,2,8,1,0,0,1,81,6,1,1,13,0,0
48,483048,1,1,2,14,10,6,47,52,0,1,0,48,2,49,32,49032,4,1992,1NXAE91A9NZ3,1,N,X,A,E,9,1,A,9,N,Z,3,0,P,TOYT,COA,4D,92,17,2253,,0,957,,G,,F,4,097,,,13R155,,,,,,0,0,000000000,00000000000,0,0,0,1,0,0,0,0,0,0,0,998,0,0,0,9,6,2,52,0,0,0,1,48,75253,3,1,0,0,2,0,72,220,0,4,0,0,0,1,2010,1,2011,0,0,0,0,0,3,3,60,1,2,8,2,0,0,1,9,99,3,4,2,1,0
48,483049,1,1,1,1,12,20,7,8,0,1,1,99,9,37,399,37399,4,9999,999999999999,9,9,9,9,9,9,9,9,9,9,9,9,0,,,,,,,,,,,,,,,,,,,,,,,,,0,0,000000000,00000000000,0,0,0,1,0,0,0,0,0,0,0,998,0,0,0,12,9,1,8,0,0,0,1,99,99999,9,9,99,9,9,9,999,999,99,99,99,99,99,99,9999,99,9999,0,0,0,0,0,5,6,50,1,1,8,1,0,0,1,81,1,1,1,13,0,0
48,483050,1,1,1,21,12,18,16,8,0,1,0,48,1,12,481,12481,31,2005,1FTPX12525FB,1,F,T,P,X,1,2,5,2,5,F,B,0,T,FORD,F15,4C,5,17,,2,1450,1260,COF,G,,,8,330,,,,B,5065,04,U,42,0,0,000000000,00000000000,0,0,0,1,0,0,0,0,0,0,0,998,0,0,0,12,2,3,8,0,0,0,1,48,76624,6,1,0,0,3,3,999,999,1,0,0,0,0,10,2010,10,2010,0,0,0,0,0,5,4,45,1,1,8,1,0,0,1,80,98,9,1,13,0,0
48,483051,1,2,2,1,7,7,20,12,1,1,0,18,9,82,881,82881,66,2007,1FUJA6CK27LX,1,F,U,J,A,6,C,K,2,7,L,X,2,T,FRHT,COL,TR,7,17,,8,0,0,CON,D,,,6,855,,,,,00000,00,,64,1,57,265752,57265752,3,7,1,1,0,0,0,0,0,0,0,998,0,0,0,12,2,3,12,0,0,0,1,37,28273,6,1,6,1,3,0,63,999,0,0,0,0,0,0,0,0,0,1,0,0,0,0,3,2,75,1,2,8,1,0,0,1,51,4,1,1,24,0,0
48,483051,2,2,1,1,7,7,20,12,1,1,0,48,1,12,472,12472,30,1977,SGTBTP21569,S,G,T,B,T,P,2,1,5,6,9,,0,T,FORD,COU,PK,77,11,,1,0,1043,COU,G,,,4,140,,,,B,,,,42,0,0,000000000,00000000000,0,0,0,1,0,0,0,0,0,0,0,45,0,0,0,6,4,3,12,0,0,0,1,48,78028,6,1,0,0,3,3,999,999,0,0,0,0,0,0,0,0,0,0,45,0,0,0,3,2,75,1,2,8,1,0,0,1,53,99,1,1,25,1,0
48,483052,1,2,1,10,9,6,56,12,6,1,0,48,2,20,16,20016,4,2004,1G1JC52F4471,1,G,1,J,C,5,2,F,4,4,7,1,0,P,CHEV,CAV,4D,4,17,2676,,0,1041,,G,,F,4,134,,,14R195,,,,,,0,0,000000000,00000000000,0,0,0,1,0,0,0,0,0,0,0,998,0,0,0,12,4,3,12,0,0,0,1,48,77590,6,1,0,0,3,3,999,999,0,0,0,0,0,0,0,0,0,1,39,0,0,0,2,2,55,1,1,8,1,3,3,1,17,99,1,1,88,0,0
48,483052,2,2,1,10,9,6,56,12,6,1,0,48,1,72,706,72706,80,2006,1HD4CJM186K4,1,H,D,4,C,J,M,1,8,6,K,4,0,M,HD,L8C,RS,6,17,,,,,,,883,,2,,4,558,,,,,,,0,0,000000000,00000000000,0,0,0,1,0,0,0,0,0,0,0,998,0,0,0,9,2,3,12,0,0,0,1,48,77075,6,1,0,0,3,0,999,999,0,0,0,0,0,0,0,0,0,0,0,0,0,0,2,3,99,9,9,9,99,3,3,1,66,99,1,1,89,1,0
48,483053,1,1,1,4,12,20,0,35,0,1,0,48,1,20,401,20401,14,1997,1GNCS13W3V21,1,G,N,C,S,1,3,W,3,V,2,1,0,P,CHEV,BZR,UT,97,17,3686,,0,1070,,G,,F,6,262,,,15R205,,,,,,0,0,000000000,00000000000,0,0,0,1,0,0,0,0,0,0,0,998,0,1,5,99,6,2,2,0,0,1,1,48,77575,6,1,0,0,3,0,999,999,0,0,0,0,0,0,0,0,0,1,58,0,0,0,1,2,70,1,1,8,2,0,0,1,6,6,4,4,7,1,0
48,483054,1,2,1,20,11,19,1,12,6,1,0,93,3,87,881,87881,66,2007,1XPFD49X67D6,1,X,P,F,D,4,9,X,6,7,D,6,1,T,PTRB,378,TR,7,17,,8,0,0,CON,D,,,6,915,,,,,00000,00,,64,1,57,99905,5799905,3,6,3,1,0,0,0,0,0,0,0,998,0,0,0,9,4,1,12,0,0,0,1,48,75785,6,1,6,0,3,3,999,999,0,0,0,0,1,1,2010,1,2010,0,91,31,0,0,1,2,70,1,1,8,1,0,0,13,98,1,1,1,98,0,0
48,483054,2,2,1,20,11,19,1,12,6,1,0,48,1,12,471,12471,30,2002,1FTYR44U12PA,1,F,T,Y,R,4,4,U,1,2,P,A,0,T,FORD,RNS,4C,2,17,,1,0,1257,RNG,G,,,6,182,,,,B,3394,04,E,42,0,0,000000000,00000000000,0,0,0,1,0,0,0,0,0,0,0,998,0,0,0,12,4,3,12,0,0,0,1,48,75457,6,1,6,0,3,3,999,156,0,0,0,0,0,0,0,0,0,0,0,0,0,0,1,2,70,1,1,8,1,0,0,1,62,99,1,1,98,1,0
48,483055,1,1,1,26,11,0,18,24,0,1,0,48,2,12,481,12481,31,2002,1FTNW21F82ED,1,F,T,N,W,2,1,F,8,2,E,D,0,T,FORD,F2S,CW,2,17,,2,1724,1562,SRW,D,,,8,444,,,,C,6234,04,E,44,0,0,000000000,00000000000,0,0,0,1,0,0,0,0,0,0,0,998,0,1,5,12,6,2,24,0,0,0,1,48,79501,0,0,0,0,0,0,999,999,0,0,0,0,0,0,0,0,0,0,28,58,0,0,3,2,75,1,3,8,1,0,0,1,10,7,1,4,1,1,1
48,483056,1,2,1,7,5,8,0,12,6,1,0,48,1,41,35,41035,4,2002,JM1BJ2250206,J,M,1,B,J,2,2,5,0,2,0,6,0,P,MAZD,PDS,4D,2,17,2493,,0,1028,,G,,F,4,122,,,15R195,,,,,,0,0,000000000,00000000000,0,0,0,1,0,0,0,0,0,0,0,998,0,0,0,9,4,3,12,0,0,0,1,48,75240,6,1,0,0,3,0,61,252,0,0,0,0,0,0,0,0,0,0,38,0,0,0,1,2,99,1,1,8,1,20,3,11,15,1,1,1,82,1,0
48,483056,2,2,1,7,5,8,0,12,6,1,0,48,2,20,403,20403,14,2006,1GNDS13S6621,1,G,N,D,S,1,3,S,6,6,2,1,0,P,CHEV,TRL,UT,6,17,4417,,0,1130,,G,,F,6,256,,,16R235,,,,,,0,0,000000000,00000000000,0,0,0,1,0,0,0,0,0,0,0,998,0,0,0,12,4,3,12,0,0,0,1,48,75230,6,1,0,0,3,0,999,999,0,0,0,0,0,0,0,0,0,0,0,0,0,0,2,2,35,1,2,8,1,0,0,1,67,1,1,1,83,0,0
48,483057,1,1,1,19,3,23,5,8,0,1,0,48,2,23,471,23471,30,1992,1GTCS19Z0N85,1,G,T,C,S,1,9,Z,0,N,8,5,0,T,GMC,SON,PC,92,17,,1,0,1229,SON,G,,,6,262,,,,B,2813,01,A,42,0,0,000000000,00000000000,0,0,0,1,0,0,0,0,0,0,0,998,0,0,0,12,2,1,8,0,0,0,1,48,75215,0,0,0,0,0,0,999,999,0,8,0,2,1,1,2010,12,2011,0,0,0,0,0,1,4,30,1,1,8,2,0,0,1,80,1,1,1,13,0,0
48,483058,1,1,1,2,4,10,43,59,0,1,0,48,1,37,32,37032,4,2007,1HGCM56357A1,1,H,G,C,M,5,6,3,5,7,A,1,0,P,HOND,ASE,4D,7,17,3192,,0,1079,,G,,F,4,146,,,16R205,,,,,,0,0,000000000,00000000000,0,0,0,1,0,0,0,0,0,0,0,998,0,0,0,12,6,2,59,0,0,0,1,48,75214,6,1,0,0,3,0,61,137,0,0,0,1,0,9,2010,9,2010,0,0,0,0,0,1,4,35,1,1,8,1,0,0,1,13,1,1,4,1,1,0
48,483059,1,1,4,19,12,23,14,8,0,1,0,48,2,20,421,20421,15,2013,1GNSCAE09DR1,1,G,N,S,C,A,E,0,9,D,R,1,0,P,CHEV,CTA,UT,13,17,5448,,0,1160,,F,,F,8,323,,,18R265,,,,,,0,0,000000000,00000000000,0,0,0,1,0,0,0,0,0,0,0,998,0,0,0,10,2,1,8,36,0,0,1,48,78414,6,1,0,0,3,3,999,999,0,0,0,0,0,0,0,0,0,0,0,0,0,0,1,2,99,1,1,8,1,20,3,11,80,1,1,1,13,0,0
48,483060,1,2,2,2,7,16,13,12,6,1,0,17,2,12,481,12481,31,1999,2FTRX18WXXCB,2,F,T,R,X,1,8,W,X,X,C,B,0,T,FORD,F15,4C,99,17,,2,1574,1388,COF,G,,,8,281,,,,B,4613,00,U,44,0,0,000000000,00000000000,0,0,0,1,0,0,0,0,0,0,0,998,0,1,5,3,6,2,12,0,0,0,1,48,77511,6,1,0,0,3,0,999,999,0,0,0,0,0,0,0,0,0,0,39,0,0,0,2,4,55,1,1,8,1,4,3,11,15,1,1,1,68,1,0
48,483060,2,2,1,2,7,16,13,12,6,1,0,48,1,49,40,49040,4,2002,4T1BE30K42U5,4,T,1,B,E,3,0,K,4,2,U,5,0,P,TOYT,LXS,4D,2,17,3086,,0,1071,,G,,F,4,144,,,15R205,,,,,,0,0,000000000,00000000000,0,0,0,1,0,0,0,0,0,0,0,998,0,0,0,12,6,2,12,0,0,0,1,48,77511,6,1,0,0,3,3,999,999,1,0,0,0,0,9,2009,9,2009,0,0,0,0,0,2,4,55,1,1,8,1,4,3,1,62,1,1,1,69,0,0
48,483061,1,2,2,15,10,1,59,12,6,1,0,48,1,3,431,3431,16,2006,3GTDW1368683,3,G,T,D,W,1,3,6,8,6,8,3,0,T,AMGN,,,6,17,,,,,,,,,,,,,,,,,,,0,0,000000000,00000000000,0,0,0,1,0,0,0,0,0,0,0,998,0,1,1,12,6,2,1,0,0,0,1,48,79927,3,1,0,0,2,0,999,999,1,4,0,0,0,1,2010,10,2012,0,39,0,0,0,5,4,40,1,2,8,1,3,3,1,17,99,1,1,88,1,0
48,483061,2,2,1,15,10,1,59,12,6,1,0,48,1,37,32,37032,4,2011,1HGCP2F77BA0,1,H,G,C,P,2,F,7,7,B,A,0,0,P,HOND,UEX,4D,11,17,3375,,0,1102,,G,,F,4,146,,,17R225,,,,,,0,0,000000000,00000000000,0,0,0,1,0,0,0,0,0,0,0,998,0,0,0,11,6,2,12,0,0,0,1,48,79936,6,1,0,0,3,3,999,999,1,0,0,0,0,10,2012,10,2012,0,0,0,0,0,4,2,98,8,8,8,1,3,3,4,66,99,1,1,89,0,0
48,483062,1,2,1,28,3,22,20,12,6,1,0,48,2,37,706,37706,80,1994,JH2RC4303RM0,J,H,2,R,C,4,3,0,3,R,M,0,0,M,HOND,F7C,RS,94,17,,,,,,,750,,4,,4,504,,,,,,,0,0,000000000,00000000000,0,0,0,1,0,0,0,0,0,0,0,998,0,0,0,9,8,3,12,0,0,0,1,48,75220,6,1,0,0,3,0,68,156,1,0,0,0,0,5,2010,5,2010,1,39,0,0,0,2,6,35,1,1,8,1,3,3,1,62,7,1,2,69,1,1
48,483062,2,2,1,28,3,22,20,12,6,1,0,48,1,55,38,55038,4,2001,KMHFU45D71A0,K,M,H,F,U,4,5,D,7,1,A,0,0,P,HYUN,XG3,4D,1,17,3604,,0,1083,,G,,F,6,181,,,15R195,,,,,,0,0,000000000,00000000000,0,0,0,1,0,0,0,0,0,0,0,998,0,0,0,12,4,3,12,0,0,0,1,48,75080,6,1,0,0,3,0,999,999,2,0,0,0,0,10,2011,1,2012,0,0,0,0,0,2,6,35,1,1,8,1,3,3,11,15,99,1,1,68,0,0
48,483063,1,1,1,17,8,23,30,8,0,1,0,48,1,72,706,72706,80,2007,1HD1BW5127Y0,1,H,D,1,B,W,5,1,2,7,Y,0,0,M,HD,STC,RS,7,17,,,,,,,1584,,2,,4,725,,,,,,,0,0,000000000,00000000000,0,0,0,1,0,0,0,0,0,0,0,998,0,0,0,99,9,2,8,0,0,0,1,48,75410,6,1,0,0,3,3,999,999,1,1,0,1,0,2,2010,11,2010,0,0,0,0,0,2,2,70,1,1,8,1,0,0,1,80,1,1,1,13,1,0
48,483064,1,2,3,18,8,2,25,12,6,1,0,48,1,19,20,19020,6,2004,1GYDE6374401,1,G,Y,D,E,6,3,7,4,4,0,1,0,P,CADI,SRX,UT,4,17,4320,,0,1164,,G,,F,6,220,,,17R235,,,,,,0,0,000000000,00000000000,0,0,0,1,0,0,0,0,0,0,0,998,0,0,0,12,4,3,12,0,0,0,1,13,79936,6,1,0,0,3,0,72,168,98,1,0,3,1,8,2011,5,2012,1,0,0,0,0,3,4,60,1,1,8,2,0,0,1,50,1,1,1,90,0,1
48,483064,2,2,0,18,8,2,25,12,6,1,0,48,6,6,442,6442,20,2002,1C4GJ25B12B6,1,C,4,G,J,2,5,B,1,2,B,6,0,P,CHRY,VOV,SV,2,17,3766,,0,1133,,G,,F,4,148,,,16R215,,,,,,0,0,000000000,00000000000,0,0,0,1,0,0,0,0,0,0,0,0,0,0,0,9,6,2,8,0,0,0,0,0,99997,7,6,97,7,6,7,998,997,998,998,998,998,998,98,9998,98,9998,8,20,0,0,0,3,4,60,1,1,8,2,0,0,0,98,0,0,0,90,0,0
48,483065,1,1,1,21,10,3,5,1,0,1,0,48,2,20,421,20421,15,2001,1GNEC13T21R2,1,G,N,E,C,1,3,T,2,1,R,2,0,P,CHEV,CTA,UT,1,17,4828,,0,1160,,G,,F,8,325,,,16R245,,,,,,0,0,000000000,00000000000,0,0,0,1,0,0,0,0,0,0,0,998,0,2,3,0,4,3,1,0,0,0,1,48,78202,0,0,0,0,0,0,999,999,0,0,0,1,2,3,2012,4,2012,1,0,0,0,0,3,2,65,1,1,8,1,0,0,1,12,1,1,4,6,1,1
48,483066,1,1,1,9,12,1,56,8,0,1,1,48,2,20,481,20481,31,2007,1GCHK23D57F1,1,G,C,H,K,2,3,D,5,7,F,1,0,T,CHEV,2KH,CW,7,17,,2,1670,1530,SIL,D,,,8,403,,,,C,5883,02,,44,0,0,000000000,00000000000,0,0,0,1,0,0,0,0,0,0,0,998,0,0,0,10,4,1,8,0,0,0,1,48,79838,6,1,6,0,3,0,999,999,1,0,0,3,1,9,2010,6,2012,0,91,28,0,0,1,2,55,1,1,8,1,0,0,1,80,99,1,4,13,0,0
48,483067,1,2,1,20,9,18,55,12,6,1,0,48,2,59,401,59401,14,1999,JT6GF10U5X00,J,T,6,G,F,1,0,U,5,X,0,0,0,P,LEXS,RX3,UT,99,17,3692,,0,1031,,G,,F,6,183,,,16R225,,,,,,0,0,000000000,00000000000,0,0,0,1,0,0,0,0,0,0,0,998,0,0,0,3,4,3,12,0,0,0,1,48,77803,6,1,0,0,3,0,999,999,0,0,0,1,0,7,2011,7,2011,0,38,0,0,0,5,4,55,1,1,8,1,0,0,11,15,99,1,1,68,0,0
48,483067,2,2,1,20,9,18,55,12,6,1,0,48,1,72,706,72706,80,2012,1HD1KBM10CB6,1,H,D,1,K,B,M,1,0,C,B,6,0,M,HD,FHX,RS,12,17,,,,,,,1690,,2,,4,785,,,,,,,0,0,000000000,00000000000,0,0,0,1,0,0,0,0,0,0,0,998,0,0,0,12,4,3,12,0,0,0,1,48,77856,6,1,0,0,3,0,999,999,0,0,0,0,0,0,0,0,0,0,0,0,0,0,5,4,55,1,1,8,1,0,0,1,62,99,1,1,69,1,0
48,483068,1,1,1,1,12,12,56,8,0,1,0,48,1,59,32,59032,4,2006,JTHBN36FX650,J,T,H,B,N,3,6,F,X,6,5,0,0,P,LEXS,L43,4D,6,17,3990,,0,1152,,G,,F,8,262,,,17R225,,,,,,0,0,000000000,00000000000,0,0,0,1,0,0,0,0,0,0,0,998,0,0,0,12,0,1,8,0,0,0,1,48,79932,6,1,0,0,3,3,999,999,1,0,0,0,0,9,2012,9,2012,0,38,0,0,0,0,0,0,0,0,0,0,3,3,11,80,99,1,1,13,0,0
48,483069,1,3,1,9,12,9,0,12,8,1,0,48,2,2,404,2404,14,2005,1J4GS48K85C5,1,J,4,G,S,4,8,K,8,5,C,5,0,T,JEEP,LCF,4W,5,17,,1,0,1095,GCK,G,,,6,226,,,,,4147,00,E,42,0,0,000000000,00000000000,0,0,0,1,0,0,0,0,0,0,0,998,0,0,0,12,4,3,12,0,0,0,1,48,77469,6,1,0,0,3,3,999,999,0,0,0,0,0,0,0,0,0,0,51,0,0,0,5,4,55,1,1,8,1,0,0,1,10,99,1,2,64,0,1
48,483069,2,3,2,9,12,9,0,12,8,1,0,48,1,20,481,20481,31,1997,1GCEC19M0VE2,1,G,C,E,C,1,9,M,0,V,E,2,0,T,CHEV,GC1,PC,97,17,,2,1555,1415,GM4,G,,,8,305,,,,B,4160,00,,42,0,0,000000000,00000000000,0,0,0,1,0,0,0,0,0,0,0,998,0,0,0,11,2,1,12,0,0,0,1,48,77469,6,1,0,0,3,3,999,999,0,0,0,0,0,0,0,0,0,0,0,0,0,0,5,4,55,1,1,8,1,0,0,1,62,1,1,1,65,0,0
48,483069,3,3,1,9,12,9,0,12,8,1,0,48,3,20,22,20022,4,2009,1G1AT18H6971,1,G,1,A,T,1,8,H,6,9,7,1,0,P,CHEV,BLT,CP,9,17,2991,,0,1033,,G,,F,4,134,,,15R195,,,,,,0,0,000000000,00000000000,0,0,0,1,0,0,0,0,0,0,0,998,0,0,0,11,4,3,12,0,0,0,1,48,77479,6,1,0,0,3,0,999,999,0,0,0,0,0,0,0,0,0,0,0,0,0,0,5,4,55,1,1,8,1,0,0,1,62,1,1,1,98,1,0
48,483070,1,1,1,22,12,19,50,1,0,1,0,48,1,20,471,20471,30,2000,1GCCS1451Y83,1,G,C,C,S,1,4,5,1,Y,8,3,0,T,CHEV,S14,PK,0,17,,1,1179,1083,S,F,,,4,133,,,,B,3029,03,,42,0,0,000000000,00000000000,0,0,0,1,0,0,0,0,0,0,0,998,0,2,1,0,6,2,1,0,0,0,1,48,77469,6,1,0,0,3,0,999,999,0,0,0,2,0,10,2010,8,2011,1,58,0,0,0,1,2,60,1,1,8,1,0,0,1,12,7,3,6,98,1,1
48,483071,1,2,1,31,12,7,42,12,6,1,0,48,1,53,705,53705,80,2002,JS1GM51A7221,J,S,1,G,M,5,1,A,7,2,2,1,0,M,SUZI,G50,RS,2,17,,,,,,,487,,2,,4,381,,,,,,,0,0,000000000,00000000000,0,0,0,1,0,0,0,0,0,0,0,998,0,0,0,3,2,3,12,0,0,0,1,48,78155,0,0,0,0,0,0,999,999,0,0,0,0,0,0,0,0,0,0,38,0,0,0,1,4,45,1,1,8,2,3,3,11,15,1,1,1,68,1,0
48,483071,2,2,3,31,12,7,42,12,6,1,0,48,1,20,481,20481,31,2012,1GCPKSE74CF1,1,G,C,P,K,S,E,7,4,C,F,1,0,T,CHEV,2SK,CW,12,17,,2,0,1435,SIL,F,,,8,323,,,,B,5329,00,,44,0,0,000000000,00000000000,0,0,0,1,0,0,0,0,0,0,0,998,0,0,0,12,2,1,12,0,0,0,1,48,78160,6,1,0,0,3,3,999,999,0,0,0,0,0,0,0,0,0,0,0,0,0,0,1,4,45,1,1,8,2,3,3,1,62,1,1,1,69,0,0
48,483073,1,4,1,23,10,20,32,12,6,1,0,48,1,37,37,37037,5,2010,JHMZE2H76AS0,J,H,M,Z,E,2,H,7,6,A,S,0,0,P,HOND,IEX,4H,10,17,2727,,0,1004,,B,,F,4,079,,,15R175,,,,,,0,0,000000000,00000000000,0,0,0,1,0,0,0,0,0,0,0,998,0,0,0,11,4,3,12,36,0,0,1,48,75043,6,1,0,0,3,3,999,999,0,0,0,1,0,12,2009,12,2009,0,0,0,0,0,2,2,99,1,1,8,1,3,3,1,66,1,1,1,89,0,0