STATE,ST_CASE,VEH_NO,VE_FORMS,NUMOCCS,DAY,MONTH,HOUR,MINUTE,HARM_EV,MAN_COLL,UNITTYPE,HIT_RUN,REG_STAT,OWNER,MAKE,MODEL,MAK_MOD,BODY_TYP,MOD_YEAR,VIN,VIN_1,VIN_2,VIN_3,VIN_4,VIN_5,VIN_6,VIN_7,VIN_8,VIN_9,VIN_10,VIN_11,VIN_12,TOW_VEH,VINTYPE,VINMAKE,VINA_MOD,VIN_BT,VINMODYR,VIN_LNGT,VIN_WGT,WGTCD_TR,WHLBS_LG,WHLBS_SH,SER_TR,FUELCODE,MCYCL_DS,CARBUR,CYLINDER,DISPLACE,MCYCL_CY,MCYCL_WT,TIRE_SZE,TON_RAT,TRK_WT,TRKWTVAR,VIN_REST,WHLDRWHL,J_KNIFE,MCARR_I1,MCARR_I2,MCARR_ID,GVWR,V_CONFIG,CARGO_BT,HAZ_INV,HAZ_PLAC,HAZ_ID,HAZ_CNO,HAZ_REL,BUS_USE,SPEC_USE,EMER_USE,TRAV_SP,UNDERIDE,ROLLOVER,ROLINLOC,IMPACT1,DEFORMED,TOWED,M_HARM,VEH_SC1,VEH_SC2,FIRE_EXP,DR_PRES,L_STATE,DR_ZIP,L_STATUS,L_TYPE,CDL_STAT,L_ENDORS,L_COMPL,L_RESTRI,DR_HGT,DR_WGT,PREV_ACC,PREV_SUS,PREV_DWI,PREV_SPD,PREV_OTH,FIRST_MO,FIRST_YR,LAST_MO,LAST_YR,SPEEDREL,DR_SF1,DR_SF2,DR_SF3,DR_SF4,VTRAFWAY,VNUM_LAN,VSPD_LIM,VALIGN,VPROFILE,VPAVETYP,VSURCOND,VTRAFCON,VTCONT_F,P_CRASH1,P_CRASH2,P_CRASH3,PCRASH4,PCRASH5,ACC_TYPE,DEATHS,DR_DRINK
48,483101,1,1,1,24,12,18,11,8,0,1,0,48,1,20,481,20481,31,1999,2GCEC19T7X11,2,G,C,E,C,1,9,T,7,X,1,1,0,T,CHEV,SC1,3C,99,17,,2,1575,1435,SIL,G,,,8,325,,,,B,4235,02,,42,0,0,000000000,00000000000,0,0,0,1,0,0,0,0,0,0,0,998,0,0,0,10,2,8,8,0,0,0,1,48,78204,6,1,0,0,3,0,999,999,1,2,0,0,1,9,2010,6,2012,0,0,0,0,0,5,4,40,1,1,8,1,0,0,1,81,99,1,1,13,0,0
48,483102,1,2,1,5,10,4,58,12,1,1,0,48,1,12,481,12481,31,2008,1FTRW12W38KD,1,F,T,R,W,1,2,W,3,8,K,D,0,T,FORD,F1S,CW,8,17,,2,1500,1390,COF,G,,,8,281,,,,B,5025,02,E,42,0,0,000000000,00000000000,0,0,0,1,0,0,0,0,0,0,0,998,0,0,0,12,4,3,12,0,0,0,1,48,78043,6,1,0,0,3,3,999,999,1,0,0,0,0,2,2011,2,2011,0,0,0,0,0,2,2,45,1,1,8,1,3,3,1,50,99,1,1,20,1,0
48,483102,2,2,1,5,10,4,58,12,1,1,0,93,3,85,881,85881,66,2012,1XKAD49X5CJ3,1,X,K,A,D,4,9,X,5,C,J,3,1,T,KW,T60,TR,12,17,,8,2600,1600,CON,D,,,6,915,,,,,00000,00,,64,1,77,777777777,77777777777,3,6,1,1,0,0,0,0,0,0,0,0,0,0,0,6,2,1,12,0,0,0,1,48,78570,6,1,6,0,3,3,999,999,1,0,0,0,1,2,2010,12,2011,0,0,0,0,0,2,2,45,1,1,8,1,3,3,5,53,1,1,1,21,0,0
49,490001,1,1,1,5,1,16,58,14,0,1,0,49,1,49,32,49032,4,1996,1NXBA02E8TZ4,1,N,X,B,A,0,2,E,8,T,Z,4,0,P,TOYT,COA,4D,96,17,2315,,0,970,,G,,F,4,097,,,14R175,,,,,,0,0,000000000,00000000000,0,0,0,1,0,0,0,0,0,0,0,35,0,0,0,12,6,2,14,0,0,0,1,49,84405,4,1,0,0,2,0,60,170,98,2,1,0,1,10,2010,2,2011,0,28,0,0,0,1,2,35,1,1,2,1,0,0,1,11,1,1,4,1,1,1
49,490002,1,1,2,14,1,12,37,38,0,1,0,49,1,9,17,9017,3,1989,1P3CP48D0KN5,1,P,3,C,P,4,8,D,0,K,N,5,0,P,PLYM,SUN,4H,89,17,2602,,0,970,,G,,F,4,135,,,13R175,,,,,,0,0,000000000,00000000000,0,0,0,1,0,0,0,0,0,0,0,70,0,0,0,12,6,2,42,0,0,0,1,49,84405,1,1,0,0,2,0,69,175,98,1,0,1,0,2,2011,2,2011,1,28,0,0,0,1,2,40,3,2,2,1,0,0,14,13,1,1,4,1,1,1
49,490003,1,1,3,26,1,22,7,1,0,1,0,49,1,24,1,24001,4,1999,1G8ZF5288XZ1,1,G,8,Z,F,5,2,8,8,X,Z,1,0,P,STRN,SSL,4D,99,17,2326,,0,1024,,G,,F,4,116,,,14R175,,,,,,0,0,000000000,00000000000,0,0,0,1,0,0,0,0,0,0,0,65,0,9,6,0,6,2,1,0,0,0,1,49,84074,6,1,0,0,3,0,69,170,98,0,0,0,1,5,2011,5,2011,0,28,58,0,0,1,2,65,1,1,2,1,0,0,1,8,6,4,4,7,1,0
49,490004,1,2,1,31,1,12,12,12,6,1,0,49,2,55,35,55035,4,1997,KMHJF24M3VU3,K,M,H,J,F,2,4,M,3,V,U,3,0,P,HYUN,ELA,4D,97,17,2458,,0,1004,,G,,F,4,110,,,14R175,,,,,,0,0,000000000,00000000000,0,0,0,1,0,0,0,0,0,0,0,72,0,0,0,3,6,2,12,0,0,0,1,49,84040,6,1,0,0,3,0,71,140,98,0,0,0,0,0,0,0,0,1,26,27,0,0,5,4,55,1,1,2,1,0,0,15,52,6,1,2,64,1,0
49,490004,2,2,1,31,1,12,12,12,6,1,0,49,2,32,43,32043,6,2002,WAUVC68E02A2,W,A,U,V,C,6,8,E,0,2,A,2,0,P,AUDI,A4A,SW,2,17,3430,,0,1043,,G,,T,4,109,,,15R205,,,,,,0,0,000000000,00000000000,0,0,0,1,0,0,0,0,0,0,0,55,0,0,0,12,4,3,12,0,0,0,1,49,84102,6,1,0,0,3,0,70,150,98,0,0,1,0,12,2011,12,2011,0,0,0,0,0,5,4,55,1,1,2,1,0,0,1,62,1,1,1,65,0,0
49,490005,1,1,2,29,1,2,0,1,0,1,0,8,2,2,404,2404,14,2000,1J4GW48S9YC1,1,J,4,G,W,4,8,S,9,Y,C,1,0,T,JEEP,LRO,4W,0,17,,1,0,1059,GCK,G,,,6,244,,,,,3847,01,E,44,0,0,000000000,00000000000,0,0,0,1,0,0,0,0,0,0,0,20,0,1,6,0,6,2,1,0,0,0,1,8,81504,0,0,0,0,0,0,68,160,0,0,0,0,0,0,0,0,0,0,0,0,0,0,1,2,20,2,2,5,1,0,0,14,12,99,1,4,6,2,1
49,490006,1,3,1,11,1,13,36,12,1,1,0,27,1,37,403,37403,14,2004,5J6YH28534L0,5,J,6,Y,H,2,8,5,3,4,L,0,0,P,HOND,ELE,UT,4,17,3527,,0,1014,,G,,F,4,146,,,16R215,,,,,,0,0,000000000,00000000000,0,0,0,1,0,0,0,0,0,0,0,75,0,0,0,12,6,2,12,0,0,0,1,27,55359,6,1,0,0,3,9,999,999,0,3,0,2,2,4,2009,10,2011,1,41,0,0,0,3,2,75,1,1,1,1,98,3,1,50,1,1,1,20,0,0
49,490006,2,3,3,11,1,13,36,12,1,1,0,8,2,7,422,7422,15,2005,1D4HB48D05F5,1,D,4,H,B,4,8,D,0,5,F,5,0,P,DODG,DUR,UT,5,17,4958,,0,1192,,G,,F,8,348,,,17R265,,,,,,0,0,000000000,00000000000,0,0,0,1,0,0,0,0,0,0,0,0,0,0,0,6,4,3,72,0,0,0,1,8,99999,6,2,0,0,3,0,67,165,0,0,0,0,0,0,0,0,0,0,0,0,0,0,3,2,75,1,1,1,1,98,3,5,53,1,1,1,21,1,0
49,490006,3,3,2,11,1,13,36,12,1,1,0,8,1,49,403,49403,14,2010,5TDDK3EH5AS0,5,T,D,D,K,3,E,H,5,A,S,0,0,P,TOYT,HIG,UT,10,17,4321,,0,1220,,G,,F,6,214,,,20R275,,,,,,0,0,000000000,00000000000,0,0,0,1,0,0,0,0,0,0,0,0,0,0,0,6,2,1,12,0,0,0,1,8,81401,6,1,3,0,3,0,67,180,0,0,0,0,0,0,0,0,0,0,0,0,0,0,3,2,75,1,1,1,1,98,3,5,53,1,1,1,98,0,0
49,490007,1,1,3,10,2,17,45,1,0,1,1,16,2,7,402,7402,14,2002,1B4HS48N32F1,1,B,4,H,S,4,8,N,3,2,F,1,0,P,DODG,DUR,UT,2,17,4595,,0,1160,,G,,F,8,287,,,16R215,,,,,,0,0,000000000,00000000000,0,0,0,1,0,0,0,0,0,0,0,40,0,2,5,0,6,2,1,0,0,0,1,99,99999,9,9,99,9,9,9,999,999,99,99,99,99,99,99,9999,99,9999,1,0,0,0,0,1,2,35,1,3,4,1,0,0,1,6,99,4,4,7,1,1
49,490008,1,1,4,4,2,16,11,8,0,1,0,49,1,49,403,49403,14,2003,JTEHF21AX301,J,T,E,H,F,2,1,A,X,3,0,1,0,P,TOYT,HIG,UT,3,17,3880,,0,1069,,G,,F,6,183,,,16R225,,,,,,0,0,000000000,00000000000,0,0,0,1,0,0,0,0,0,0,0,5,0,0,0,6,0,1,8,0,0,0,1,49,84020,6,1,0,0,3,3,75,235,98,0,0,1,1,7,2011,1,2012,0,31,38,0,0,1,2,0,1,1,1,1,0,0,13,80,1,1,1,92,0,0
49,490009,1,1,4,19,2,22,10,1,0,1,0,49,2,7,25,7025,5,2008,1B3HB28B68D6,1,B,3,H,B,2,8,B,6,8,D,6,0,P,DODG,CLB,4D,8,17,2966,,0,1037,,G,,F,4,122,,,15R205,,,,,,0,0,000000000,00000000000,0,0,0,1,0,0,0,0,0,0,0,40,0,2,5,0,6,2,1,0,0,0,1,49,84074,6,1,0,0,3,0,68,307,98,0,0,0,0,0,0,0,0,1,0,0,0,0,1,2,45,1,1,2,4,0,0,1,6,99,7,4,2,1,0
49,490010,1,1,3,19,2,7,26,1,0,1,0,49,2,20,471,20471,32,2001,1GCEK19T41E1,1,G,C,E,K,1,9,T,4,1,E,1,0,T,CHEV,SK1,4C,1,17,,2,1575,1435,SIL,G,,,8,325,,,,B,4776,00,,44,0,0,000000000,00000000000,0,0,0,1,0,0,0,0,0,0,0,75,0,2,3,0,6,2,1,0,0,0,1,49,84115,1,1,0,0,2,0,58,100,98,1,1,0,1,1,2010,2,2012,0,28,58,0,0,2,2,75,3,1,1,4,0,0,14,5,7,4,4,7,1,1
49,490011,1,1,1,21,2,7,27,8,0,1,0,49,3,89,982,89982,52,2003,1M8PDMPA23P0,1,M,8,P,D,M,P,A,2,3,P,0,0,U,,,,3,17,,,,,,,,,,,,,,,,,,,0,88,888888888,88888888888,3,21,22,1,0,0,0,0,6,0,0,25,0,0,0,12,0,1,8,0,0,0,1,49,84401,6,1,6,1,3,0,68,195,98,0,0,1,1,9,2009,10,2011,0,38,0,0,0,1,6,30,1,1,2,1,2,3,1,80,1,1,1,13,0,0
49,490012,1,1,2,26,2,3,52,42,0,1,0,49,1,41,50,41050,4,2007,JM1GG12L5711,J,M,1,G,G,1,2,L,5,7,1,1,0,P,MAZD,MZA,4D,7,17,3589,,0,1053,,G,,T,4,138,,,18R215,,,,,,0,0,000000000,00000000000,0,0,0,1,0,0,0,0,0,0,0,90,0,0,0,12,6,2,42,0,0,1,1,49,84047,6,1,0,0,3,0,71,225,98,0,0,0,0,0,0,0,0,1,0,0,0,0,1,2,30,3,2,2,1,0,0,14,6,99,7,4,2,2,0
49,490013,1,1,4,28,2,17,33,33,0,1,0,49,2,49,32,49032,4,2001,1NXBR12E71Z4,1,N,X,B,R,1,2,E,7,1,Z,4,0,P,TOYT,UCS,4D,1,17,2410,,0,970,,G,,F,4,109,,,14R175,,,,,,0,0,000000000,00000000000,0,0,0,1,0,0,0,0,0,0,0,30,0,1,5,12,6,2,1,0,0,0,1,49,84020,6,2,0,0,3,3,68,150,98,0,0,0,0,0,0,0,0,0,36,0,0,0,3,3,40,1,2,2,2,0,0,15,13,7,1,4,1,1,0
49,490014,1,1,1,1,2,2,46,14,0,1,0,49,1,37,32,37032,4,1992,1HGCB7556NA0,1,H,G,C,B,7,5,5,6,N,A,0,0,P,HOND,ALX,4D,92,17,2504,,0,1071,,G,,F,4,132,,,14R185,,,,,,0,0,000000000,00000000000,0,0,0,1,0,0,0,0,0,0,0,40,0,0,0,12,6,2,14,0,0,0,1,49,84119,4,1,0,0,2,0,66,180,98,0,0,3,0,4,2011,6,2011,0,28,0,0,0,1,2,45,1,1,2,1,0,0,1,11,1,1,4,11,1,0
49,490015,1,1,5,27,2,16,6,31,0,1,0,49,1,24,5,24005,4,2000,1G8JU52F7YY6,1,G,8,J,U,5,2,F,7,Y,Y,6,0,P,STRN,LS1,4D,0,17,2998,,0,1065,,G,,F,4,134,,,15R195,,,,,,0,0,000000000,00000000000,0,0,0,1,0,0,0,0,0,0,0,65,0,1,6,12,6,2,1,0,0,0,1,49,84106,6,1,0,0,3,0,63,135,98,0,0,0,0,0,0,0,0,0,28,0,0,0,3,2,65,2,1,1,1,0,0,14,13,1,1,4,1,1,0
49,490016,1,1,1,27,2,12,6,1,0,1,0,16,3,87,884,87884,66,2002,1XP5DB9X02D5,1,X,P,5,D,B,9,X,0,2,D,5,1,T,PTRB,379,TR,2,17,,8,0,0,CON,D,,,6,893,,,,,00000,00,,64,1,58,719011,58719011,3,6,1,1,0,0,0,0,0,0,0,67,0,2,1,0,6,2,1,0,0,0,1,16,83335,6,1,6,0,3,3,77,230,0,0,0,0,0,0,0,0,0,1,28,0,0,0,6,2,65,2,1,2,1,0,0,14,6,1,7,2,98,1,0
49,490017,1,2,1,3,2,15,19,12,2,1,0,49,1,20,32,20032,4,1994,1Y1SK536XRZ0,1,Y,1,S,K,5,3,6,X,R,Z,0,0,P,GEO,GEP,4D,94,17,2348,,0,971,,G,,F,4,097,,,14R175,,,,,,0,0,000000000,00000000000,0,0,0,1,0,0,0,0,0,0,0,55,0,0,0,12,6,2,12,0,0,1,1,49,84737,6,1,0,0,3,3,73,190,98,0,0,2,0,8,2011,11,2011,0,28,0,0,0,1,2,65,3,2,2,1,0,0,14,10,1,1,2,50,1,0
49,490017,2,2,1,3,2,15,19,12,2,1,0,6,3,12,461,12461,21,2008,1FTSS34S18DA,1,F,T,S,S,3,4,S,1,8,D,A,0,T,FORD,3SD,EC,8,17,,2,0,1380,VAN,G,,,10,415,,,,D,00000,00,E,42,0,0,000000000,00000000000,0,0,0,1,0,0,0,0,0,0,0,65,0,1,2,12,6,2,12,0,0,0,1,6,84770,6,1,0,0,3,3,64,200,0,0,0,0,0,0,0,0,0,0,0,0,0,0,1,2,65,3,2,2,1,0,0,14,54,1,1,1,51,0,0
49,490018,1,2,2,19,2,16,48,12,6,1,0,8,1,24,9,24009,4,2007,1G8ZS57N77F1,1,G,8,Z,S,5,7,N,7,7,F,1,0,P,STRN,AXE,4D,7,17,3528,,0,1123,,G,,F,6,215,,,17R225,,,,,,0,0,000000000,00000000000,0,0,0,1,0,0,0,0,0,0,0,45,0,0,0,3,6,2,12,0,0,0,1,8,81648,6,1,0,0,3,3,66,160,0,0,0,2,0,12,2011,2,2012,1,87,0,0,0,1,3,45,1,2,2,10,0,0,1,6,99,4,2,66,1,0
49,490018,2,2,1,19,2,16,48,12,6,1,0,49,4,7,472,7472,30,2006,1D7HW48N96S6,1,D,7,H,W,4,8,N,9,6,S,6,0,T,DODG,DQS,CW,6,17,,2,0,1309,DAK,G,,,8,287,,,,B,4430,00,E,44,0,0,000000000,00000000000,0,0,0,1,0,0,0,0,0,0,0,45,0,0,0,12,4,3,12,0,0,0,1,49,84078,6,1,0,0,3,0,66,180,98,0,0,0,0,0,0,0,0,0,0,0,0,0,1,3,45,1,2,2,10,0,0,1,62,1,1,1,66,0,0
49,490019,1,2,1,22,2,16,5,12,6,1,0,92,0,98,998,98998,92,2011,ZABG42057,Z,A,B,G,4,2,0,5,7,,,,0,U,,,,11,9,,,,,,,,,,,,,,,,,,,0,0,000000000,00000000000,0,0,0,1,0,0,0,0,0,0,0,55,0,0,0,12,2,1,12,0,0,0,1,49,84624,0,0,0,0,0,0,999,999,99,99,99,99,99,99,9999,99,9999,0,39,0,0,0,1,2,55,1,1,2,1,20,3,1,17,1,1,1,88,0,0
49,490019,2,2,1,22,2,16,5,12,6,1,0,49,1,12,481,12481,31,1985,1FTEF14N0FPB,1,F,T,E,F,1,4,N,0,F,P,B,0,T,FORD,F15,PK,85,17,,2,1550,1170,COF,G,,,8,302,,,,B,3697,01,A,44,0,0,000000000,00000000000,0,0,0,1,0,0,0,0,0,0,0,55,0,0,0,9,6,2,12,0,0,0,1,49,84624,6,1,0,0,3,0,68,180,98,0,0,0,0,0,0,0,0,0,0,0,0,0,1,2,55,1,1,2,1,0,0,1,17,1,1,1,89,1,0
49,490020,1,1,1,4,3,18,20,58,0,1,0,49,1,7,442,7442,20,2001,2B4GP44381R2,2,B,4,G,P,4,4,3,8,1,R,2,0,T,DODG,GSP,ES,1,17,,1,0,1193,CAR,F,,,6,201,,,,,3989,00,E,42,0,0,000000000,00000000000,0,0,0,1,0,0,0,0,0,0,0,80,0,1,3,13,6,2,1,0,0,0,1,32,84014,6,1,0,0,3,3,60,140,0,0,0,0,0,0,0,0,0,0,28,0,0,0,2,2,80,1,1,2,1,0,0,1,12,99,1,4,6,1,0
49,490021,1,1,2,4,3,0,43,42,0,1,0,49,2,42,42,42042,4,2008,WDDGF56X48F0,W,D,D,G,F,5,6,X,4,8,F,0,0,P,MERZ,C3C,4D,8,17,3615,,0,1087,,G,,F,6,213,,,17R225,,,,,,0,0,000000000,00000000000,0,0,0,1,0,0,0,0,0,0,0,40,0,0,0,12,6,2,35,0,0,0,1,49,84025,6,1,0,0,3,0,74,180,98,0,0,0,2,6,2009,6,2009,0,28,0,0,0,3,3,65,1,5,1,1,0,0,1,13,1,1,4,1,1,0
49,490022,1,1,1,4,3,2,4,8,0,1,0,49,1,49,471,49471,30,1992,4TAVN01D6NZ0,4,T,A,V,N,0,1,D,6,N,Z,0,0,T,TOYT,USD,PK,92,17,,1,0,1029,UHT,G,,,6,180,,,,B,00000,00,A,44,0,0,000000000,00000000000,0,0,0,1,0,0,0,0,0,0,0,999,0,0,0,12,2,1,8,0,0,0,1,49,84119,6,1,0,0,3,0,79,200,98,0,0,0,1,4,2011,4,2011,0,0,0,0,0,5,6,40,1,1,2,1,0,0,1,80,1,1,1,13,0,0
49,490023,1,1,2,7,3,15,14,59,0,1,0,49,2,37,32,37032,4,1996,1HGCD5536TA2,1,H,G,C,D,5,5,3,6,T,A,2,0,P,HOND,ULE,4D,96,17,2798,,0,1069,,G,,F,4,132,,,15R185,,,,,,0,0,000000000,00000000000,0,0,0,1,0,0,0,0,0,0,0,70,0,0,0,12,6,2,31,0,0,0,1,49,84118,6,2,0,0,3,0,70,230,98,0,0,1,0,9,2011,9,2011,0,0,0,0,0,3,5,65,1,1,1,1,0,0,1,8,1,7,4,2,1,0
49,490024,1,1,1,9,3,15,56,25,0,1,0,16,1,62,421,62421,15,2002,SALPM16442A4,S,A,L,P,M,1,6,4,4,2,A,4,0,T,LNDR,HSE,4W,2,17,,2,0,1081,RRV,G,,,8,278,,,,,4960,00,L,44,0,0,000000000,00000000000,0,0,0,1,0,0,0,0,0,0,0,85,0,9,5,12,6,2,1,0,0,0,1,56,83263,6,1,6,0,3,0,65,220,0,0,0,0,0,0,0,0,0,1,0,0,0,0,3,2,60,3,6,2,1,0,0,14,8,7,7,4,7,1,0
49,490025,1,1,1,10,3,23,38,1,0,1,0,49,1,20,481,20481,31,2003,2GCEC19V3311,2,G,C,E,C,1,9,V,3,3,1,1,0,T,CHEV,SC1,4C,3,17,,2,1575,1435,SIL,G,,,8,293,,,,B,4534,03,,42,0,0,000000000,00000000000,0,0,0,1,0,0,0,0,0,0,0,75,0,1,3,0,6,2,1,0,0,0,1,48,77373,6,1,0,0,3,0,999,999,0,0,0,0,0,0,0,0,0,0,28,0,0,0,2,2,75,1,1,2,1,0,0,1,12,1,1,4,6,1,1
49,490026,1,1,2,14,3,17,36,30,0,1,0,49,1,21,20,21020,2,1994,1G3WH55M7RD3,1,G,3,W,H,5,5,M,7,R,D,3,0,P,OLDS,SUS,4D,94,17,3137,,0,1075,,G,,F,6,191,,,15R205,,,,,,0,0,000000000,00000000000,0,0,0,1,0,0,0,0,0,0,0,999,0,0,0,12,6,2,30,0,0,0,1,49,84067,6,1,0,0,3,0,61,102,98,0,0,0,0,0,0,0,0,0,28,0,0,0,1,2,35,1,1,2,1,0,0,1,13,1,1,4,1,1,0
49,490027,1,1,1,21,3,13,56,5,0,1,0,49,1,72,706,72706,80,1998,1HD1BLL14WY0,1,H,D,1,B,L,L,1,4,W,Y,0,0,M,HD,XST,RS,98,17,,,,,,,1340,,2,,4,625,,,,,,,0,0,000000000,00000000000,0,0,0,1,0,0,0,0,0,0,0,40,0,0,0,0,4,3,5,0,0,0,1,49,84790,6,1,0,0,2,0,70,250,98,0,0,0,0,0,0,0,0,0,26,84,0,0,5,4,35,1,2,2,1,0,0,1,8,9,2,1,0,1,0
49,490028,1,1,1,14,3,15,59,8,0,1,0,49,1,20,22,20022,2,2006,1G1AK15F2678,1,G,1,A,K,1,5,F,2,6,7,8,0,P,CHEV,BLS,CP,6,17,2991,,0,1033,,G,,F,4,134,,,15R195,,,,,,0,0,000000000,00000000000,0,0,0,1,0,0,0,0,0,0,0,45,0,0,0,12,4,3,8,0,0,0,1,49,84109,6,1,0,0,3,0,63,145,98,0,0,0,1,5,2009,5,2009,1,28,38,0,0,3,3,35,1,1,2,1,0,0,1,80,6,1,2,13,0,0
49,490029,1,1,1,3,3,23,52,14,0,1,0,49,1,49,40,49040,4,2004,4T1BE32K14U2,4,T,1,B,E,3,2,K,1,4,U,2,0,P,TOYT,UXS,4D,4,17,3086,,0,1071,,G,,F,4,144,,,15R205,,,,,,0,0,000000000,00000000000,0,0,0,1,0,0,0,0,0,0,0,70,0,0,0,12,6,2,14,0,0,0,1,49,84020,6,1,0,0,3,3,62,155,98,0,0,0,0,0,0,0,0,0,28,0,0,0,3,6,65,1,1,1,1,0,0,1,13,1,1,4,11,1,0
49,490030,1,2,2,4,3,5,51,12,2,1,0,49,1,55,401,55401,14,2004,KM8SC13D94U7,K,M,8,S,C,1,3,D,9,4,U,7,0,P,HYUN,SAN,UT,4,17,3720,,0,1031,,G,,F,6,162,,,16R225,,,,,,0,0,000000000,00000000000,0,0,0,1,0,0,0,0,0,0,0,998,0,0,0,12,6,2,12,0,0,0,1,49,84074,6,1,0,0,3,0,68,125,98,0,0,0,0,0,0,0,0,0,51,0,0,0,1,2,65,1,1,2,1,0,0,1,54,7,1,1,50,0,1
49,490030,2,2,3,4,3,5,51,12,2,1,0,49,3,49,40,49040,4,2012,4T1BF1FK4CU5,4,T,1,B,F,1,F,K,4,C,U,5,0,P,TOYT,CBA,4D,12,17,3190,,0,1093,,G,,F,4,152,,,16R205,,,,,,0,0,000000000,00000000000,0,0,0,1,0,0,0,0,0,0,0,62,0,0,0,12,6,2,12,0,0,0,1,6,84074,6,1,0,0,3,0,62,105,0,0,0,0,0,0,0,0,0,0,0,0,0,0,1,2,65,1,1,2,1,0,0,1,54,6,1,1,51,1,0
49,490031,1,2,1,5,3,16,54,12,6,1,0,49,1,12,481,12481,31,1990,2FTEF15N5LCA,2,F,T,E,F,1,5,N,5,L,C,A,0,T,FORD,F15,PK,90,17,,2,1330,1170,COF,G,,,8,302,,,,B,3535,01,A,42,0,0,000000000,00000000000,0,0,0,1,0,0,0,0,0,0,0,5,0,0,0,2,6,2,8,0,0,0,1,49,84601,6,1,6,0,3,0,70,167,98,0,0,0,0,0,0,0,0,0,38,0,0,0,3,4,35,1,1,2,1,3,3,11,15,1,1,1,68,0,0
49,490031,2,2,1,5,3,16,54,12,6,1,0,49,1,2,404,2404,14,1996,1J4FJ68SXTL1,1,J,4,F,J,6,8,S,X,T,L,1,0,T,JEEP,SPC,4W,96,17,,1,0,1014,CHK,G,,,6,242,,,,,3008,00,M,44,0,0,000000000,00000000000,0,0,0,1,0,0,0,0,0,0,0,40,0,0,0,12,6,2,12,0,0,0,1,49,84664,6,1,0,0,3,0,72,160,98,0,0,1,0,11,2011,11,2011,0,0,0,0,0,3,4,35,1,1,2,1,3,3,1,17,1,1,1,69,0,0
49,490032,1,2,2,6,3,20,13,57,0,1,0,49,2,12,37,12037,2,2000,3FAFP3132YR1,3,F,A,F,P,3,1,3,2,Y,R,1,0,P,FORD,FZX,3P,0,17,2551,,0,1030,,G,,F,4,121,,,15R195,,,,,,0,0,000000000,00000000000,0,0,0,1,0,0,0,0,0,0,0,65,0,0,0,12,6,2,12,0,0,0,1,49,84401,3,1,0,0,2,0,66,198,98,0,0,0,0,0,0,0,0,1,87,0,0,0,3,3,65,1,1,1,3,0,0,1,6,99,4,4,7,2,0
49,490032,2,2,1,6,3,20,13,57,0,1,0,95,3,51,881,51881,66,2009,4V4NC9EJ39N2,4,V,4,N,C,9,E,J,3,9,N,2,1,T,VOLV,VNL,TR,9,17,,8,0,0,VVN,D,,,6,793,,,,,00000,00,,64,1,57,363794,57363794,3,6,1,1,0,0,0,0,0,0,0,25,0,0,0,12,4,3,12,0,0,0,1,95,0,9,9,99,9,9,0,999,999,99,99,99,99,99,99,9999,99,9999,0,0,0,0,0,3,3,65,1,1,1,3,0,0,1,62,1,1,1,98,0,0
49,490033,1,1,1,25,3,14,21,33,0,1,0,49,1,53,705,53705,80,2001,JS1GN79A9121,J,S,1,G,N,7,9,A,9,1,2,1,0,M,SUZI,GX6,RC,1,17,,,,,,,600,,4,,4,458,,,,,,,0,0,000000000,00000000000,0,0,0,1,0,0,0,0,0,0,0,53,0,0,0,12,6,2,17,0,0,0,1,49,84115,6,1,0,0,3,0,70,150,98,0,0,2,3,2,2010,5,2011,1,28,0,0,0,1,2,25,3,2,1,1,0,0,14,6,1,7,4,2,1,0
49,490034,1,1,1,26,3,5,40,1,0,1,0,8,1,12,422,12422,15,2000,1FMPU16L7YLA,1,F,M,P,U,1,6,L,7,Y,L,A,0,P,FORD,EPT,UT,0,17,5275,,0,1191,,G,,F,8,330,,,16R255,,,,,,0,0,000000000,00000000000,0,0,0,1,0,0,0,0,0,0,0,65,0,1,5,0,6,2,1,0,0,0,1,8,81325,6,1,0,0,3,0,73,185,0,0,0,1,0,12,2011,12,2011,0,0,0,0,0,1,2,65,3,2,2,1,0,0,14,12,9,3,4,7,1,0
49,490035,1,1,1,27,3,18,8,8,0,1,0,49,1,12,24,12024,6,2010,2FMDK3JC2ABA,2,F,M,D,K,3,J,C,2,A,B,A,0,P,FORD,EDG,UT,10,17,4078,,0,1112,,G,,F,6,214,,,18R245,,,,,,0,0,000000000,00000000000,0,0,0,1,0,0,0,0,0,0,0,999,0,0,0,12,4,3,8,0,0,0,1,49,84075,6,1,0,0,3,0,64,115,98,0,0,1,0,4,2010,4,2010,0,38,0,0,0,1,2,35,1,2,2,1,0,0,1,80,1,1,1,13,0,0
49,490036,1,2,1,31,3,9,20,31,0,1,0,49,1,20,401,20401,14,2002,1GNDT13S1224,1,G,N,D,T,1,3,S,1,2,2,4,0,P,CHEV,TRL,UT,2,17,4628,,0,1130,,G,,F,6,256,,,16R245,,,,,,0,0,000000000,00000000000,0,0,0,1,0,0,0,0,0,0,0,75,0,1,3,2,6,2,12,0,0,0,1,49,84721,6,1,0,0,3,0,63,130,98,0,0,0,0,0,0,0,0,1,28,58,0,0,2,2,65,2,2,2,1,0,0,14,6,7,4,4,7,1,0