STATE,ST_CASE,VEH_NO,VE_FORMS,NUMOCCS,DAY,MONTH,HOUR,MINUTE,HARM_EV,MAN_COLL,UNITTYPE,HIT_RUN,REG_STAT,OWNER,MAKE,MODEL,MAK_MOD,BODY_TYP,MOD_YEAR,VIN,VIN_1,VIN_2,VIN_3,VIN_4,VIN_5,VIN_6,VIN_7,VIN_8,VIN_9,VIN_10,VIN_11,VIN_12,TOW_VEH,VINTYPE,VINMAKE,VINA_MOD,VIN_BT,VINMODYR,VIN_LNGT,VIN_WGT,WGTCD_TR,WHLBS_LG,WHLBS_SH,SER_TR,FUELCODE,MCYCL_DS,CARBUR,CYLINDER,DISPLACE,MCYCL_CY,MCYCL_WT,TIRE_SZE,TON_RAT,TRK_WT,TRKWTVAR,VIN_REST,WHLDRWHL,J_KNIFE,MCARR_I1,MCARR_I2,MCARR_ID,GVWR,V_CONFIG,CARGO_BT,HAZ_INV,HAZ_PLAC,HAZ_ID,HAZ_CNO,HAZ_REL,BUS_USE,SPEC_USE,EMER_USE,TRAV_SP,UNDERIDE,ROLLOVER,ROLINLOC,IMPACT1,DEFORMED,TOWED,M_HARM,VEH_SC1,VEH_SC2,FIRE_EXP,DR_PRES,L_STATE,DR_ZIP,L_STATUS,L_TYPE,CDL_STAT,L_ENDORS,L_COMPL,L_RESTRI,DR_HGT,DR_WGT,PREV_ACC,PREV_SUS,PREV_DWI,PREV_SPD,PREV_OTH,FIRST_MO,FIRST_YR,LAST_MO,LAST_YR,SPEEDREL,DR_SF1,DR_SF2,DR_SF3,DR_SF4,VTRAFWAY,VNUM_LAN,VSPD_LIM,VALIGN,VPROFILE,VPAVETYP,VSURCOND,VTRAFCON,VTCONT_F,P_CRASH1,P_CRASH2,P_CRASH3,PCRASH4,PCRASH5,ACC_TYPE,DEATHS,DR_DRINK
49,490036,2,2,1,31,3,9,20,31,0,1,0,38,3,82,884,82884,66,2012,1FUJGLDR1CSB,1,F,U,J,G,L,D,R,1,C,S,B,1,T,FRHT,125,TR,12,17,,8,0,0,CSC,D,,,6,903,,,,,00000,00,,64,1,58,507308,58507308,3,6,1,1,0,0,0,0,0,0,0,35,0,0,0,9,6,2,12,0,0,0,1,16,83864,6,1,6,0,3,3,70,200,0,0,0,1,0,6,2011,6,2011,0,0,0,0,0,2,2,65,2,2,2,1,0,0,14,62,9,1,1,98,0,0
49,490037,1,1,1,5,4,21,32,15,0,1,0,49,1,35,401,35401,14,2009,5N1AR18B69C6,5,N,1,A,R,1,8,B,6,9,C,6,0,P,NISS,PFI,UT,9,17,4665,,0,1122,,G,,F,6,244,,,16R245,,,,,,0,0,000000000,00000000000,0,0,0,1,0,0,0,0,0,0,0,30,0,0,0,12,6,2,15,0,0,0,1,49,84108,6,1,0,0,3,3,73,200,98,0,0,1,0,5,2011,5,2011,0,0,0,0,0,1,2,30,1,1,2,1,0,0,1,80,1,1,1,13,0,0
49,490038,1,1,1,15,4,11,5,25,0,1,0,49,1,72,706,72706,80,2011,1HD1KBM13BB6,1,H,D,1,K,B,M,1,3,B,B,6,0,M,HD,FHX,RS,11,17,,,,,,,1690,,2,,4,785,,,,,,,0,0,000000000,00000000000,0,0,0,1,0,0,0,0,0,0,0,999,0,0,0,12,4,3,25,0,0,0,1,49,84104,6,1,0,0,3,0,71,200,98,0,0,0,0,0,0,0,0,0,28,0,0,0,3,7,65,3,1,1,1,0,0,15,8,99,2,4,2,1,0
49,490039,1,1,2,19,4,18,55,11,0,1,0,49,1,37,705,37705,80,1987,1HFSC1440HA3,1,H,F,S,C,1,4,4,0,H,A,3,0,M,HOND,G12,RS,87,17,,,,,,,1200,,4,,4,699,,,,,,,0,0,000000000,00000000000,0,0,0,1,0,0,0,0,0,0,0,60,0,0,0,12,4,3,11,0,0,0,1,49,84604,6,1,0,0,2,0,69,145,98,0,0,1,0,10,2010,10,2010,0,0,0,0,0,1,2,65,1,2,2,1,0,0,1,87,1,1,1,13,1,0
49,490040,1,1,1,21,4,15,0,35,0,1,0,49,1,20,481,20481,31,1977,CCL247F52168,C,C,L,2,4,7,F,5,2,1,6,8,0,T,CHEV,C20,PK,77,13,,2,1645,1295,C20,G,,,8,350,,,,CD,3941,09,,42,0,0,000000000,00000000000,0,0,0,1,0,0,0,0,0,0,0,40,0,1,6,12,6,2,17,0,0,0,1,49,84106,2,1,0,0,2,2,74,150,98,2,1,0,1,1,2010,4,2012,1,74,0,0,0,1,2,25,2,1,4,1,0,0,14,13,1,1,4,1,1,1
49,490041,1,1,1,23,4,17,37,1,0,1,0,49,2,20,401,20401,14,1999,1GNDT13W9X21,1,G,N,D,T,1,3,W,9,X,2,1,0,P,CHEV,BZR,UT,99,17,4023,,0,1070,,G,,F,6,262,,,15R205,,,,,,0,0,000000000,00000000000,0,0,0,1,0,0,0,0,0,0,0,55,0,2,1,0,6,2,1,0,0,0,1,49,84055,6,2,0,0,3,0,65,113,98,0,0,0,0,0,0,0,0,0,28,58,0,0,1,2,55,1,1,2,1,0,0,1,8,6,4,2,98,1,0
49,490042,1,1,1,25,4,0,37,8,0,1,1,49,2,54,421,54421,15,2007,2HNYD28867H5,2,H,N,Y,D,2,8,8,6,7,H,5,0,P,ACUR,MDX,UT,7,17,4597,,0,1083,,G,,F,6,226,,,18R255,,,,,,0,0,000000000,00000000000,0,0,0,1,0,0,0,0,0,0,0,999,0,0,0,12,2,1,8,0,0,0,1,49,84074,6,1,0,0,3,3,72,150,98,0,0,0,2,5,2009,4,2012,0,0,0,0,0,4,4,35,1,1,2,1,3,3,1,80,1,1,1,13,0,1
49,490043,1,2,3,6,2,16,38,12,6,1,0,49,1,7,43,7043,4,2002,1B3EL36XX2N3,1,B,3,E,L,3,6,X,X,2,N,3,0,P,DODG,SSE,4D,2,17,3114,,0,1080,,G,,F,4,148,,,15R205,,,,,,0,0,000000000,00000000000,0,0,0,1,0,0,0,0,0,0,0,999,0,0,0,9,6,2,12,0,0,0,1,49,84096,6,1,0,0,3,3,66,130,98,0,0,0,0,0,0,0,0,0,38,0,0,0,1,2,50,1,1,2,1,20,3,11,15,1,1,1,82,1,0
49,490043,2,2,1,6,2,16,38,12,6,1,0,49,3,89,890,89890,64,2001,5DG8AU6T5100,5,D,G,8,A,U,6,T,5,1,0,0,0,U,,,,1,17,,,,,,,,,,,,,,,,,,,0,58,01343932,5801343932,2,1,5,1,0,0,0,0,0,0,0,48,0,0,0,12,4,3,12,0,0,0,1,49,84084,6,1,6,0,3,3,71,234,98,0,0,0,0,0,0,0,0,0,0,0,0,0,1,2,50,1,1,2,1,4,3,1,67,1,1,1,83,0,0
49,490044,1,2,1,13,4,16,14,12,6,1,0,49,1,12,37,12037,4,2002,1FAFP33PX2W1,1,F,A,F,P,3,3,P,X,2,W,1,0,P,FORD,FOX,4D,2,17,2604,,0,1030,,G,,F,4,122,,,14R185,,,,,,0,0,000000000,00000000000,0,0,0,1,0,0,0,0,0,0,0,10,0,0,0,4,4,3,12,0,0,0,1,49,84401,6,1,0,0,3,0,62,140,98,0,0,1,1,10,2010,10,2011,0,38,0,0,0,1,4,50,1,1,2,1,3,3,11,15,1,1,1,68,0,0
49,490044,2,2,1,13,4,16,14,12,6,1,0,49,1,53,705,53705,80,2009,JS1SP46A0921,J,S,1,S,P,4,6,A,0,9,2,1,0,M,SUZI,D6E,EN,9,17,,,,,,,644,,1,,4,366,,,,,,,0,0,000000000,00000000000,0,0,0,1,0,0,0,0,0,0,0,50,0,0,0,12,4,3,12,0,0,0,1,49,84101,6,1,6,0,2,0,68,165,98,0,0,0,2,10,2010,2,2012,0,0,0,0,0,1,4,50,1,1,2,1,3,3,1,62,4,1,1,69,1,0
49,490045,1,2,1,21,4,20,45,12,2,1,0,35,2,12,17,12017,4,2003,1FAFP55273G1,1,F,A,F,P,5,5,2,7,3,G,1,0,P,FORD,TSS,4D,3,17,3329,,0,1085,,F,,F,6,182,,,16R215,,,,,,0,0,000000000,00000000000,0,0,0,1,0,0,0,0,0,0,0,85,0,0,0,12,6,2,12,0,0,0,1,4,85029,6,1,0,0,3,0,71,250,1,0,0,0,2,5,2009,10,2009,1,28,36,37,0,1,2,65,3,3,1,1,0,0,14,10,1,1,2,50,0,1
49,490045,2,2,1,21,4,20,45,12,2,1,0,49,1,12,402,12402,14,2006,1FMYU94186KB,1,F,M,Y,U,9,4,1,8,6,K,B,0,P,FORD,SPE,UT,6,17,3492,,0,1031,,G,,F,6,183,,,16R235,,,,,,0,0,000000000,00000000000,0,0,0,1,0,0,0,0,0,0,0,65,0,0,0,12,6,2,12,0,0,0,1,48,84096,6,1,0,0,3,0,999,999,0,0,0,0,0,0,0,0,0,0,0,0,0,0,1,2,65,2,3,2,1,0,0,14,54,1,1,1,51,1,0
49,490046,1,2,1,23,4,19,1,57,0,1,0,49,1,7,20,7020,4,2000,1B3ES46C6YD5,1,B,3,E,S,4,6,C,6,Y,D,5,0,P,DODG,NSE,4D,0,17,2515,,0,1050,,G,,F,4,122,,,14R185,,,,,,0,0,000000000,00000000000,0,0,0,1,0,0,0,0,0,0,0,60,0,0,0,12,6,2,12,0,0,0,1,49,84050,6,1,0,0,3,0,62,110,98,0,1,0,0,3,2010,3,2010,0,28,58,0,0,3,3,65,1,1,1,1,0,0,1,13,6,1,4,6,1,0
49,490046,2,2,1,23,4,19,1,57,0,1,0,49,3,82,884,82884,66,2009,1FUJGLCK49LA,1,F,U,J,G,L,C,K,4,9,L,A,1,T,FRHT,125,TR,9,17,,8,0,0,CSC,D,,,6,855,,,,,00000,00,,64,1,58,00053467,5800053467,3,6,1,1,0,0,0,0,0,0,0,65,0,0,0,10,4,3,12,0,0,0,1,49,84119,6,1,6,0,3,3,68,155,98,0,0,0,1,11,2011,11,2011,0,0,0,0,0,3,3,65,1,1,1,1,0,0,1,62,1,1,1,98,0,0
49,490047,1,3,1,3,5,7,27,12,1,1,0,49,1,76,705,76705,80,2007,JYARJ12E37A0,J,Y,A,R,J,1,2,E,3,7,A,0,0,M,YAMA,R6L,RC,7,17,,,,,,,599,,4,,4,357,,,,,,,0,0,000000000,00000000000,0,0,0,1,0,0,0,0,0,0,0,65,0,0,0,12,6,2,12,0,0,0,1,49,84043,6,1,0,0,3,3,70,210,98,0,0,1,1,3,2010,9,2011,0,26,35,0,0,3,4,65,1,5,2,1,0,0,15,52,1,1,1,28,1,0
49,490047,2,3,1,3,5,7,27,12,1,1,0,49,3,23,422,23422,15,2009,1GKFK26319R2,1,G,K,F,K,2,6,3,1,9,R,2,0,T,GMC,KX3,4W,9,17,,2,0,1300,YUK,F,,,8,323,,,,B,5771,00,3,44,0,0,000000000,00000000000,0,0,0,1,0,0,0,0,0,0,0,5,0,0,0,6,6,2,12,0,0,0,1,49,84653,6,1,0,0,3,0,71,160,98,0,0,1,1,10,2010,9,2011,0,0,0,0,0,3,4,65,1,5,2,1,0,0,2,61,1,1,1,29,0,0
49,490047,3,3,1,3,5,7,27,12,1,1,0,49,1,19,3,19003,4,2004,1G6KD54Y94U2,1,G,6,K,D,5,4,Y,9,4,U,2,0,P,CADI,DFW,4D,4,17,3978,,0,1153,,G,,F,8,279,,,16R225,,,,,,0,0,000000000,00000000000,0,0,0,1,0,0,0,0,0,0,0,67,0,0,0,14,2,3,35,0,0,0,1,49,84043,6,1,0,0,3,3,63,180,98,0,0,0,0,0,0,0,0,0,58,84,0,0,3,4,65,1,5,2,1,0,0,1,13,7,1,4,98,0,0
49,490048,1,2,4,6,5,14,0,12,2,1,0,49,2,35,47,35047,4,2002,1N4AL11D72C2,1,N,4,A,L,1,1,D,7,2,C,2,0,P,NISS,ABS,4D,2,17,2873,,0,1102,,G,,F,4,153,,,16R205,,,,,,0,0,000000000,00000000000,0,0,0,1,0,0,0,0,0,0,0,55,0,0,0,12,6,2,12,0,0,0,1,49,84032,6,1,0,0,3,3,62,155,98,0,0,0,0,0,0,0,0,0,51,0,0,0,1,2,55,1,2,2,1,0,0,1,10,1,1,2,50,3,0
49,490048,2,2,3,6,5,14,0,12,2,1,0,49,2,48,38,48038,4,2010,JF1GH6B67AH8,J,F,1,G,H,6,B,6,7,A,H,8,0,P,SUBA,I2P,SW,10,17,3064,,0,1031,,G,,F,4,150,,,16R205,,,,,,0,0,000000000,00000000000,0,0,0,1,0,0,0,0,0,0,0,55,0,0,0,12,6,2,12,0,0,0,1,49,84032,6,1,0,0,3,0,71,175,98,0,0,3,0,5,2011,2,2012,0,0,0,0,0,1,2,55,1,2,2,1,0,0,1,62,1,1,1,51,0,0
49,490049,1,2,4,9,5,12,15,12,6,1,0,49,1,37,31,37031,4,1993,JHMEG8545PS0,J,H,M,E,G,8,5,4,5,P,S,0,0,P,HOND,CID,4D,93,17,2275,,0,1013,,G,,F,4,091,,,13R175,,,,,,0,0,000000000,00000000000,0,0,0,1,0,0,0,0,0,0,0,60,0,0,0,2,6,2,12,0,0,0,1,49,84120,6,2,0,0,3,2,71,240,98,0,0,0,0,0,0,0,0,1,58,85,73,0,5,4,45,1,6,2,1,3,3,1,6,9,4,2,64,2,0
49,490049,2,2,1,9,5,12,15,12,6,1,0,49,1,49,32,49032,4,2009,1NXBU40E89Z0,1,N,X,B,U,4,0,E,8,9,Z,0,0,P,TOYT,CBL,4D,9,17,2723,,0,1024,,G,,F,4,110,,,15R195,,,,,,0,0,000000000,00000000000,0,0,0,1,0,0,0,0,0,0,0,40,0,0,0,12,6,2,12,0,0,0,1,49,84118,6,1,0,0,3,3,66,220,98,0,0,0,0,0,0,0,0,0,0,0,0,0,5,4,45,1,5,2,1,0,0,1,62,1,1,1,65,0,0
49,490050,1,3,1,20,5,20,23,12,1,1,1,49,2,42,401,42401,14,2003,4JGAB54E93A3,4,J,G,A,B,5,4,E,9,3,A,3,0,P,MERZ,ML3,UT,3,17,4595,,0,1110,,G,,F,6,195,,,17R255,,,,,,0,0,000000000,00000000000,0,0,0,1,0,0,0,0,0,0,0,107,0,1,1,12,6,2,12,0,0,0,1,49,84057,0,0,0,0,0,0,999,999,99,99,99,99,99,99,9999,99,9999,1,36,51,0,0,1,5,45,3,3,2,1,3,3,14,6,99,2,2,28,0,0
49,490050,2,3,2,20,5,20,23,12,1,1,0,49,2,22,403,22403,14,2007,2CKDL73F7760,2,C,K,D,L,7,3,F,7,7,6,0,0,P,PONT,TOR,UT,7,17,3776,,0,1125,,G,,F,6,207,,,16R235,,,,,,0,0,000000000,00000000000,0,0,0,1,0,0,0,0,0,0,0,5,0,0,0,6,6,2,12,0,0,0,1,49,84664,6,1,0,0,3,0,76,190,98,0,0,1,0,11,2011,11,2011,0,0,0,0,0,1,5,45,3,3,2,1,3,3,2,53,1,1,1,29,1,0
49,490050,3,3,1,20,5,20,23,12,1,1,0,49,2,2,404,2404,14,2001,1J4GW58N91C5,1,J,4,G,W,5,8,N,9,1,C,5,0,T,JEEP,LMT,4W,1,17,,1,0,1059,GCK,G,,,8,287,,,,,3959,01,E,44,0,0,000000000,00000000000,0,0,0,1,0,0,0,0,0,0,0,5,0,0,0,11,4,1,12,0,0,0,1,49,84604,6,1,0,0,3,0,70,180,98,0,0,0,0,0,0,0,0,0,0,0,0,0,1,5,45,2,3,2,1,3,3,14,62,1,1,1,98,0,0
49,490051,1,3,1,24,5,8,13,12,1,1,0,49,1,38,402,38402,14,2001,4S2DM58W9143,4,S,2,D,M,5,8,W,9,1,4,3,0,P,ISU,ROD,UT,1,17,4124,,0,1064,,G,,F,6,195,,,16R245,,,,,,0,0,000000000,00000000000,0,0,0,1,0,0,0,0,0,0,0,999,0,0,0,12,6,2,12,0,0,0,1,49,84105,1,1,0,0,2,3,60,115,98,4,0,0,3,5,2011,11,2011,1,27,51,0,0,2,4,35,1,2,2,1,3,3,99,51,6,1,2,32,1,1
49,490051,2,3,1,24,5,8,13,12,1,1,0,49,1,7,472,7472,31,2002,1B7GG42N92S6,1,B,7,G,G,4,2,N,9,2,S,6,0,T,DODG,DSL,PC,2,17,,1,0,1309,DAK,G,,,8,287,,,,B,4047,00,E,44,0,0,000000000,00000000000,0,0,0,1,0,0,0,0,0,0,0,999,0,0,0,12,6,2,12,0,0,0,1,49,84010,6,1,0,0,3,3,65,149,98,0,0,0,0,0,0,0,0,0,0,0,0,0,2,4,35,1,2,2,1,3,3,1,62,1,1,1,98,0,0
49,490051,3,3,2,24,5,8,13,12,1,1,0,49,1,35,39,35039,4,2009,1N4AA51E99C8,1,N,4,A,A,5,1,E,9,9,C,8,0,P,NISS,MSV,4D,9,17,3556,,0,1093,,G,,F,6,214,,,18R245,,,,,,0,0,000000000,00000000000,0,0,0,1,0,0,0,0,0,0,0,999,0,0,0,6,4,3,12,0,0,0,1,49,84054,6,1,0,0,3,0,73,208,98,0,0,1,0,8,2010,8,2010,0,0,0,0,0,2,4,35,1,2,2,1,3,3,11,53,1,1,1,32,0,0
49,490052,1,2,2,30,5,16,36,12,1,1,0,4,1,49,40,49040,4,2010,4T4BF3EK9AR0,4,T,4,B,F,3,E,K,9,A,R,0,0,P,TOYT,CBA,4D,10,17,3263,,0,1093,,G,,F,4,152,,,16R215,,,,,,0,0,000000000,00000000000,0,0,0,1,0,0,0,0,0,0,0,80,0,0,0,12,6,2,12,0,0,0,1,4,85142,6,1,0,0,3,3,68,195,0,0,0,0,0,0,0,0,0,0,28,0,0,0,2,2,75,1,1,2,1,0,0,1,11,1,1,4,20,2,0
49,490052,2,2,1,30,5,16,36,12,1,1,0,6,2,82,881,82881,66,2000,1FUYSDYB2YPF,1,F,U,Y,S,D,Y,B,2,Y,P,F,1,T,FRHT,FC2,TR,0,17,,8,0,0,CON,D,,,6,855,,,,,00000,00,,64,1,57,1831695,571831695,3,6,1,1,0,0,0,0,0,0,0,0,0,0,0,6,6,2,12,0,0,0,1,6,90280,6,1,6,1,3,0,67,200,1,0,0,0,1,3,2010,3,2010,0,0,0,0,0,2,2,75,1,1,2,1,0,0,5,60,1,1,5,21,0,0
49,490053,1,2,2,23,4,13,5,12,6,1,0,48,1,49,40,49040,4,2004,4T1BE32K14U3,4,T,1,B,E,3,2,K,1,4,U,3,0,P,TOYT,UXS,4D,4,17,3086,,0,1071,,G,,F,4,144,,,15R205,,,,,,0,0,000000000,00000000000,0,0,0,1,0,0,0,0,0,0,0,25,0,1,9,3,6,2,12,0,0,0,1,48,84123,6,1,0,0,3,0,999,999,0,0,0,0,0,0,0,0,0,0,39,0,0,0,1,2,35,1,1,2,1,3,3,1,17,1,1,1,87,1,0
49,490053,2,2,2,23,4,13,5,12,6,1,0,49,2,35,402,35402,14,2006,5N1AN08W46C5,5,N,1,A,N,0,8,W,4,6,C,5,0,P,NISS,XTR,UT,6,17,4165,,0,1063,,G,,F,6,244,,,16R265,,,,,,0,0,000000000,00000000000,0,0,0,1,0,0,0,0,0,0,0,30,0,0,0,12,6,2,12,0,0,0,1,49,84118,6,1,0,0,3,3,65,160,98,0,0,1,0,11,2010,11,2010,0,0,0,0,0,3,3,40,1,1,2,1,3,3,1,17,1,1,1,86,0,0
49,490054,1,1,1,18,5,22,13,31,0,1,0,49,2,49,401,49401,14,1997,JT3HN86R4V01,J,T,3,H,N,8,6,R,4,V,0,1,0,P,TOYT,RUN,UT,97,17,3850,,0,1053,,G,,F,6,206,,,15R225,,,,,,0,0,000000000,00000000000,0,0,0,1,0,0,0,0,0,0,0,85,0,1,3,12,4,3,1,0,0,0,1,49,84001,6,1,0,0,3,0,68,155,98,0,0,1,0,12,2011,12,2011,1,58,0,0,0,2,2,80,1,2,2,1,0,0,1,13,6,3,4,1,1,1
49,490055,1,1,1,30,5,2,12,25,0,1,0,56,1,22,16,22016,2,1999,4G2JB32T7XB2,4,G,2,J,B,3,2,T,7,X,B,2,0,P,PONT,SFG,CV,99,17,2892,,0,1041,,G,,F,4,146,,,15R195,,,,,,0,0,000000000,00000000000,0,0,0,1,0,0,0,0,0,0,0,75,0,0,0,3,6,2,21,0,0,1,1,56,82901,6,1,0,0,3,3,68,160,0,1,0,0,5,11,2010,9,2011,1,28,0,0,0,3,4,65,2,1,2,1,0,0,14,12,1,1,5,6,1,0
49,490056,1,2,1,29,4,8,7,12,2,1,0,49,1,41,35,41035,4,2003,JM1BJ2276306,J,M,1,B,J,2,2,7,6,3,0,6,0,P,MAZD,PRS,4D,3,17,2843,,0,1028,,G,,T,4,122,,,17R215,,,,,,0,0,000000000,00000000000,0,0,0,1,0,0,0,0,0,0,0,70,0,1,5,12,6,2,12,0,0,0,1,49,84404,6,1,0,0,3,0,69,155,98,0,0,2,0,12,2010,12,2011,1,35,0,0,0,5,4,60,1,1,2,1,0,0,6,10,1,1,1,50,1,0
49,490056,2,2,1,29,4,8,7,12,2,1,0,49,1,20,22,20022,4,2009,1G1AP18X1971,1,G,1,A,P,1,8,X,1,9,7,1,0,P,CHEV,BSS,CP,9,17,2975,,0,1033,,G,,T,4,122,,,18R225,,,,,,0,0,000000000,00000000000,0,0,0,1,0,0,0,0,0,0,0,54,0,0,0,12,6,2,12,0,0,0,1,49,84404,6,1,0,0,3,3,71,165,98,0,0,0,0,0,0,0,0,0,0,0,0,0,5,4,60,1,1,2,1,0,0,1,62,1,1,1,51,0,0
49,490057,1,1,1,13,5,19,25,25,0,1,0,49,1,72,706,72706,80,2004,1HD1FVW104Y6,1,H,D,1,F,V,W,1,0,4,Y,6,0,M,HD,IUA,RS,4,17,,,,,,,1450,,2,,4,758,,,,,,,0,0,000000000,00000000000,0,0,0,1,0,0,0,0,0,0,0,45,0,0,0,12,6,2,25,0,0,0,1,49,84010,6,1,0,0,3,0,72,230,98,0,0,0,0,0,0,0,0,1,28,39,0,0,6,1,65,3,2,2,1,20,3,2,13,3,2,4,2,1,0
49,490058,1,1,1,12,5,22,28,8,0,1,0,49,1,37,32,37032,4,1994,JHMCD5662RC0,J,H,M,C,D,5,6,6,2,R,C,0,0,P,HOND,AEX,4D,94,17,2908,,0,1069,,G,,F,4,132,,,15R195,,,,,,0,0,000000000,00000000000,0,0,0,1,0,0,0,0,0,0,0,46,0,0,0,12,4,3,8,0,0,0,1,49,84104,6,1,0,0,3,0,71,160,98,0,0,0,1,6,2011,6,2011,0,0,0,0,0,3,3,45,1,1,2,1,3,3,1,80,1,1,1,13,0,0
49,490059,1,2,1,3,5,7,1,57,0,1,0,49,2,20,39,20039,4,2004,KL1TD52674B1,K,L,1,T,D,5,2,6,7,4,B,1,0,P,CHEV,AVO,4D,4,17,2343,,0,976,,G,,F,4,098,,,14R185,,,,,,0,0,000000000,00000000000,0,0,0,1,0,0,0,0,0,0,0,75,0,1,3,1,6,2,1,0,0,0,1,49,84651,6,1,0,0,3,0,65,200,98,0,0,1,0,7,2010,7,2010,0,28,0,0,0,3,2,75,1,3,2,1,0,0,1,12,1,1,4,98,1,0
49,490059,2,2,1,3,5,7,1,57,0,1,1,99,9,99,890,99890,66,9999,999999999999,9,9,9,9,9,9,9,9,9,9,9,9,1,,,,,,,,,,,,,,,,,,,,,,,,,1,99,999999999,99999999999,3,6,1,1,0,0,0,0,0,0,0,75,0,0,0,12,2,1,54,0,0,0,1,99,99999,9,9,99,9,9,9,999,999,99,99,99,99,99,99,9999,99,9999,0,0,0,0,0,3,2,75,1,3,2,1,0,0,1,98,1,1,1,98,0,0
49,490060,1,1,1,21,3,12,30,1,0,1,0,49,1,20,402,20402,14,1999,2CNBJ13C9X69,2,C,N,B,J,1,3,C,9,X,6,9,0,P,CHEV,TKR,UT,99,17,2891,,0,976,,G,,F,4,122,,,15R205,,,,,,0,0,000000000,00000000000,0,0,0,1,0,0,0,0,0,0,0,75,0,1,3,0,6,2,1,0,0,0,1,49,84601,6,1,0,0,3,3,70,180,98,0,0,0,0,0,0,0,0,1,28,0,0,0,2,2,80,1,2,2,1,0,0,1,12,7,7,4,6,1,0
49,490061,1,2,2,13,5,17,14,12,2,1,0,49,2,19,3,19003,4,1989,1G6CB1159K43,1,G,6,C,B,1,1,5,9,K,4,3,0,P,CADI,FFL,CP,89,17,3364,,0,1108,,G,,F,8,276,,,15R205,,,,,,0,0,000000000,00000000000,0,0,0,1,0,0,0,0,0,0,0,999,0,0,0,12,6,2,12,0,0,0,1,49,84088,6,1,0,0,3,0,68,130,98,0,0,0,0,0,0,0,0,0,51,0,0,0,5,6,35,1,1,2,1,3,3,1,10,1,1,2,50,2,0
49,490061,2,2,2,13,5,17,14,12,2,1,0,49,2,55,36,55036,4,2010,KMHCN4AC1AU4,K,M,H,C,N,4,A,C,1,A,U,4,0,P,HYUN,ALS,4D,10,17,2365,,0,984,,G,,F,4,098,,,14R175,,,,,,0,0,000000000,00000000000,0,0,0,1,0,0,0,0,0,0,0,999,0,0,0,12,6,2,12,0,0,0,1,49,84105,6,2,0,0,3,1,59,106,98,0,0,0,1,3,2012,3,2012,0,0,0,0,0,5,6,35,1,1,2,1,3,3,1,62,1,1,1,51,0,0
49,490062,1,3,2,27,4,18,20,12,6,1,0,49,1,41,51,41051,4,2009,JM1BK32F4912,J,M,1,B,K,3,2,F,4,9,1,2,0,P,MAZD,M3I,4D,9,17,2780,,0,1039,,G,,F,4,122,,,15R195,,,,,,0,0,000000000,00000000000,0,0,0,1,0,0,0,0,0,0,0,60,0,1,1,12,6,2,12,0,0,0,1,49,99999,6,1,0,0,3,0,69,200,98,0,0,0,0,0,0,0,0,0,28,58,0,0,1,2,65,2,2,2,1,0,0,14,13,8,4,6,64,1,0
49,490062,2,3,1,27,4,18,20,12,6,1,0,49,1,12,17,12017,4,2004,1FAFP55U14A1,1,F,A,F,P,5,5,U,1,4,A,1,0,P,FORD,TSS,4D,4,17,3306,,0,1085,,G,,F,6,182,,,16R215,,,,,,0,0,000000000,00000000000,0,0,0,1,0,0,0,0,0,0,0,60,0,0,0,7,2,1,12,0,0,0,1,49,84629,6,1,6,0,3,0,72,223,98,0,0,0,0,0,0,0,0,0,0,0,0,0,1,2,65,3,2,2,1,0,0,14,62,1,1,1,65,0,0
49,490062,3,3,1,27,4,18,20,12,6,1,0,49,1,20,481,20481,31,2001,2GCEK19T4111,2,G,C,E,K,1,9,T,4,1,1,1,0,T,CHEV,SK1,4C,1,17,,2,1575,1435,SIL,G,,,8,325,,,,B,4776,00,,44,0,0,000000000,00000000000,0,0,0,1,0,0,0,0,0,0,0,65,0,1,1,12,6,2,12,0,0,0,1,49,84647,6,1,0,0,3,0,65,138,98,0,0,1,0,9,2011,9,2011,0,0,0,0,0,1,2,65,3,2,2,1,0,0,14,62,3,1,1,98,0,0
49,490063,1,2,1,14,5,17,25,12,6,1,0,49,2,21,3,21003,4,1986,1G3CW69B2G43,1,G,3,C,W,6,9,B,2,G,4,3,0,P,OLDS,RBF,4D,86,17,3166,,0,1108,,G,,F,6,231,,,14R205,,,,,,0,0,000000000,00000000000,0,0,0,1,0,0,0,0,0,0,0,5,0,0,0,10,6,2,12,0,0,0,1,49,84759,6,1,0,0,3,3,67,180,98,0,0,0,0,0,0,0,0,0,38,0,0,0,1,2,99,1,1,2,1,20,3,11,15,1,1,1,82,1,0
49,490063,2,2,2,14,5,17,25,12,6,1,0,49,3,20,461,20461,21,2006,1GCGG29V3612,1,G,C,G,G,2,9,V,3,6,1,2,0,T,CHEV,E25,EC,6,17,,2,0,1550,EXP,G,,,8,293,,,,C,5547,00,,42,0,0,000000000,00000000000,0,0,0,1,0,0,0,0,0,0,0,60,0,0,0,12,6,2,12,0,0,0,1,49,84720,6,1,0,0,3,0,76,255,98,0,0,0,0,0,0,0,0,0,0,0,0,0,1,2,65,1,1,2,1,0,0,1,67,1,1,1,83,0,0