STATE,ST_CASE,VEH_NO,VE_FORMS,NUMOCCS,DAY,MONTH,HOUR,MINUTE,HARM_EV,MAN_COLL,UNITTYPE,HIT_RUN,REG_STAT,OWNER,MAKE,MODEL,MAK_MOD,BODY_TYP,MOD_YEAR,VIN,VIN_1,VIN_2,VIN_3,VIN_4,VIN_5,VIN_6,VIN_7,VIN_8,VIN_9,VIN_10,VIN_11,VIN_12,TOW_VEH,VINTYPE,VINMAKE,VINA_MOD,VIN_BT,VINMODYR,VIN_LNGT,VIN_WGT,WGTCD_TR,WHLBS_LG,WHLBS_SH,SER_TR,FUELCODE,MCYCL_DS,CARBUR,CYLINDER,DISPLACE,MCYCL_CY,MCYCL_WT,TIRE_SZE,TON_RAT,TRK_WT,TRKWTVAR,VIN_REST,WHLDRWHL,J_KNIFE,MCARR_I1,MCARR_I2,MCARR_ID,GVWR,V_CONFIG,CARGO_BT,HAZ_INV,HAZ_PLAC,HAZ_ID,HAZ_CNO,HAZ_REL,BUS_USE,SPEC_USE,EMER_USE,TRAV_SP,UNDERIDE,ROLLOVER,ROLINLOC,IMPACT1,DEFORMED,TOWED,M_HARM,VEH_SC1,VEH_SC2,FIRE_EXP,DR_PRES,L_STATE,DR_ZIP,L_STATUS,L_TYPE,CDL_STAT,L_ENDORS,L_COMPL,L_RESTRI,DR_HGT,DR_WGT,PREV_ACC,PREV_SUS,PREV_DWI,PREV_SPD,PREV_OTH,FIRST_MO,FIRST_YR,LAST_MO,LAST_YR,SPEEDREL,DR_SF1,DR_SF2,DR_SF3,DR_SF4,VTRAFWAY,VNUM_LAN,VSPD_LIM,VALIGN,VPROFILE,VPAVETYP,VSURCOND,VTRAFCON,VTCONT_F,P_CRASH1,P_CRASH2,P_CRASH3,PCRASH4,PCRASH5,ACC_TYPE,DEATHS,DR_DRINK
49,490099,1,2,1,10,7,10,56,5,0,1,0,49,2,73,705,73705,80,2005,JKAEXVD125A0,J,K,A,E,X,V,D,1,2,5,A,0,0,M,KAWK,E5D,RC,5,17,,,,,,,498,,2,,4,391,,,,,,,0,0,000000000,00000000000,0,0,0,1,0,0,0,0,0,0,0,45,0,0,0,0,2,3,5,0,0,0,1,49,84655,6,1,0,0,2,0,68,175,98,0,0,2,1,12,2011,6,2012,1,58,0,0,0,5,4,35,1,2,1,1,3,3,15,6,1,7,2,0,1,0
49,490099,2,2,1,10,7,10,56,5,0,1,0,49,1,49,40,49040,4,2009,4T1BE46K99U8,4,T,1,B,E,4,6,K,9,9,U,8,0,P,TOYT,CBA,4D,9,17,3263,,0,1090,,G,,F,4,144,,,16R215,,,,,,0,0,000000000,00000000000,0,0,0,1,0,0,0,0,0,0,0,998,0,0,0,5,4,1,12,0,0,0,1,49,84003,6,1,0,0,3,3,67,185,98,0,0,0,1,3,2010,3,2010,0,38,0,0,0,5,4,35,1,2,1,1,3,3,11,15,1,1,1,98,0,0
49,490100,1,2,2,20,7,21,55,12,6,1,0,49,1,7,442,7442,20,2000,1B4GP44GXYB7,1,B,4,G,P,4,4,G,X,Y,B,7,0,T,DODG,GSS,ES,0,17,,1,0,1193,CAR,F,,,6,201,,,,,3863,00,E,42,0,0,000000000,00000000000,0,0,0,1,0,0,0,0,0,0,0,5,0,0,0,3,6,2,12,0,0,0,1,49,84319,6,1,0,0,3,0,72,190,98,0,0,0,1,3,2010,3,2010,0,38,0,0,0,5,4,60,1,1,2,1,3,3,11,15,1,1,1,68,1,0
49,490100,2,2,1,20,7,21,55,12,6,1,0,49,1,14,15,14015,4,1992,2MEPM36U6NB6,2,M,E,P,M,3,6,U,6,N,B,6,0,P,MERC,TGS,4D,92,17,2600,,0,999,,G,,F,6,182,,,14R185,,,,,,0,0,000000000,00000000000,0,0,0,1,0,0,0,0,0,0,0,55,0,0,0,12,6,2,12,0,0,0,1,49,84321,6,1,0,0,3,0,72,235,98,0,0,0,0,0,0,0,0,0,0,0,0,0,5,4,60,1,1,2,1,3,3,1,62,1,1,1,69,0,0
49,490101,1,1,2,15,8,11,56,10,0,1,0,16,1,37,402,37402,14,2009,5J6RE48309L0,5,J,6,R,E,4,8,3,0,9,L,0,0,P,HOND,CRV,UT,9,17,3501,,0,1031,,G,,F,4,146,,,17R225,,,,,,0,0,000000000,00000000000,0,0,0,1,0,0,0,0,0,0,0,20,0,0,0,10,6,2,10,0,0,0,1,16,83338,6,1,0,0,3,3,64,180,0,0,0,0,0,0,0,0,0,0,39,40,0,0,1,2,30,1,1,1,1,65,3,11,15,1,1,1,98,1,0
49,490102,1,3,4,25,8,15,43,12,1,1,0,49,1,49,32,49032,4,1996,1NXBB02E2TZ4,1,N,X,B,B,0,2,E,2,T,Z,4,0,P,TOYT,CRD,4D,96,17,2381,,0,970,,G,,F,4,108,,,14R185,,,,,,0,0,000000000,00000000000,0,0,0,1,0,0,0,0,0,0,0,5,0,0,0,6,6,2,12,0,0,0,1,49,84010,6,1,0,0,3,0,61,140,98,0,0,0,0,0,0,0,0,0,45,0,0,0,5,4,60,1,1,2,1,0,0,1,53,1,1,1,25,1,0
49,490102,2,3,1,25,8,15,43,12,1,1,0,49,2,12,422,12422,15,1998,1FMPU18L6WLA,1,F,M,P,U,1,8,L,6,W,L,A,0,P,FORD,EPT,UT,98,17,5177,,0,1190,,G,,F,8,330,,,16R255,,,,,,0,0,000000000,00000000000,0,0,0,1,0,0,0,0,0,0,0,65,0,0,0,12,2,3,12,0,0,0,1,49,84339,6,1,0,0,3,0,68,120,98,0,0,1,0,7,2011,7,2011,0,26,0,0,0,5,4,60,1,1,2,1,0,0,1,51,2,1,1,24,0,0
49,490102,3,3,1,25,8,15,43,12,1,1,0,49,1,12,16,12016,4,2003,2FAFP73W63X2,2,F,A,F,P,7,3,W,6,3,X,2,0,P,FORD,CVI,4D,3,17,3946,,0,1147,,G,,F,8,281,,,16R225,,,,,,0,0,000000000,00000000000,0,0,0,1,0,0,0,0,0,0,0,60,0,0,0,7,2,3,12,0,0,0,1,49,84302,6,1,0,0,3,0,66,160,98,0,0,0,0,0,0,0,0,0,0,0,0,0,5,4,60,1,1,2,1,0,0,1,62,1,1,1,98,0,0
49,490103,1,3,2,27,8,13,30,12,1,1,0,16,1,12,402,12402,14,2006,1FMYU02ZX6KB,1,F,M,Y,U,0,2,Z,X,6,K,B,0,P,FORD,SPE,UT,6,17,3183,,0,1031,,G,,F,4,140,,,15R225,,,,,,0,0,000000000,00000000000,0,0,0,1,0,0,0,0,0,0,0,75,0,0,0,12,6,2,12,0,0,0,1,16,83709,6,1,0,0,3,0,71,237,0,0,0,1,0,6,2010,6,2010,1,26,0,0,0,3,2,75,1,2,1,1,0,0,1,50,7,1,1,20,1,0
49,490103,2,3,1,27,8,13,30,12,1,1,0,49,3,87,881,87881,66,2007,1XP5DB9X17D6,1,X,P,5,D,B,9,X,1,7,D,6,2,T,PTRB,379,TR,7,17,,8,0,0,CON,D,,,6,893,,,,,00000,00,,64,1,57,21474,5721474,3,7,8,1,0,0,0,0,0,0,0,0,0,0,0,6,4,3,12,0,0,0,1,49,84604,6,1,6,1,3,0,72,240,98,0,0,1,0,1,2011,1,2011,0,0,0,0,0,3,2,75,1,2,1,1,0,0,5,53,1,1,1,21,0,0
49,490103,3,3,1,27,8,13,30,12,1,1,0,49,2,22,2,22002,4,1996,1G2HX52K0T42,1,G,2,H,X,5,2,K,0,T,4,2,0,P,PONT,BVS,4D,96,17,3351,,0,1108,,G,,F,6,231,,,15R215,,,,,,0,0,000000000,00000000000,0,0,0,1,0,0,0,0,0,0,0,5,0,0,0,4,2,1,12,0,0,0,1,49,84414,6,1,0,0,3,3,73,210,98,0,0,0,0,0,0,0,0,0,0,0,0,0,3,2,75,1,2,1,1,0,0,2,61,1,1,1,98,0,0
49,490104,1,1,2,30,4,9,42,31,0,1,0,6,1,20,481,20481,31,1998,2GCEC19M3W12,2,G,C,E,C,1,9,M,3,W,1,2,0,T,CHEV,GC1,PC,98,17,,2,1555,1415,GM4,G,,,8,305,,,,B,4145,03,,42,0,0,000000000,00000000000,0,0,0,1,0,0,0,0,0,0,0,65,0,1,5,12,6,2,1,0,0,0,1,6,55443,6,1,0,0,3,0,62,135,0,0,0,0,0,0,0,0,0,0,28,58,0,0,2,2,75,1,1,2,1,0,0,1,12,7,1,4,6,1,0
49,490105,1,2,1,28,8,21,1,8,0,1,0,49,1,55,36,55036,4,2012,KMHCT5AEXCU0,K,M,H,C,T,5,A,E,X,C,U,0,0,P,HYUN,AGG,4H,12,17,2430,,0,0,,G,,F,4,098,,,000000,,,,,,0,0,000000000,00000000000,0,0,0,1,0,0,0,0,0,0,0,65,0,0,0,1,6,2,8,0,0,0,1,49,84010,6,1,0,0,3,0,65,180,98,0,0,0,0,0,0,0,0,0,28,0,0,0,3,4,65,1,1,1,1,0,0,1,13,1,1,4,13,0,0
49,490105,3,2,1,28,8,21,1,8,0,1,0,6,1,37,31,37031,2,2000,1HGEJ8141YL0,1,H,G,E,J,8,1,4,1,Y,L,0,0,P,HOND,UAX,CP,0,17,2513,,0,1032,,G,,F,4,097,,,14R185,,,,,,0,0,000000000,00000000000,0,0,0,1,0,0,0,0,0,0,0,55,0,0,0,12,6,2,12,0,0,0,1,6,84405,6,1,0,0,3,0,68,180,0,0,0,0,1,9,2011,9,2011,0,0,0,0,0,3,4,65,1,1,1,1,0,0,1,61,2,1,1,98,0,0
49,490106,1,2,1,31,8,14,55,12,6,1,0,49,1,12,3,12003,1,2000,1FAFP4444YF1,1,F,A,F,P,4,4,4,4,Y,F,1,0,P,FORD,MUS,CV,0,17,3208,,0,1013,,G,,F,6,232,,,15R205,,,,,,0,0,000000000,00000000000,0,0,0,1,0,0,0,0,0,0,0,998,0,0,0,9,6,2,12,0,0,0,1,49,84067,6,1,0,0,3,0,74,150,98,0,0,0,0,0,0,0,0,0,38,0,0,0,1,2,45,1,1,2,1,20,3,11,15,1,1,1,68,1,0
49,490106,2,2,1,31,8,14,55,12,6,1,0,49,1,7,482,7482,31,1996,3B7KF23C0TM1,3,B,7,K,F,2,3,C,0,T,M,1,0,T,DODG,250,PC,96,17,,2,1547,1387,RPC,D,,,6,359,,,,C,4951,01,M,44,0,0,000000000,00000000000,0,0,0,1,0,0,0,0,0,0,0,998,0,0,0,12,6,2,12,0,0,0,1,49,84067,6,1,0,0,3,3,72,185,98,0,0,0,0,0,0,0,0,0,0,0,0,0,5,4,45,1,1,2,1,0,0,1,63,1,1,1,69,0,0
49,490107,1,1,2,19,5,10,0,31,0,1,0,22,1,72,706,72706,80,2003,1HD1FVW103Y6,1,H,D,1,F,V,W,1,0,3,Y,6,0,M,HD,IUA,RS,3,17,,,,,,,1450,,2,,4,758,,,,,,,0,0,000000000,00000000000,0,0,0,1,0,0,0,0,0,0,0,40,0,0,0,12,6,2,5,0,0,0,1,22,71104,6,1,0,0,3,0,69,220,0,0,0,0,0,0,0,0,0,1,28,0,0,0,1,2,35,3,2,2,1,40,3,14,13,6,7,4,2,1,0
49,490108,1,1,1,9,6,18,58,32,0,1,0,49,1,52,37,52037,1,1996,4A3AX35G9TE3,4,A,3,A,X,3,5,G,9,T,E,3,0,P,MITS,SGS,CV,96,17,2833,,0,988,,G,,F,4,143,,,14R195,,,,,,0,0,000000000,00000000000,0,0,0,1,0,0,0,0,0,0,0,90,0,1,6,12,6,2,1,0,0,0,1,49,84022,6,1,0,0,3,3,63,117,98,0,0,1,1,4,2011,5,2011,1,28,0,0,0,1,2,55,1,2,2,1,0,0,1,12,7,3,4,2,1,0
49,490109,1,1,1,18,4,17,4,8,0,1,0,49,1,14,21,14021,4,2010,3MEDM0L31AR6,3,M,E,D,M,0,L,3,1,A,R,6,0,P,MERC,MLH,4D,10,17,3303,,0,1074,,B,,F,4,152,,,16R205,,,,,,0,0,000000000,00000000000,0,0,0,1,0,0,0,0,0,0,0,5,0,0,0,14,2,1,8,36,0,0,1,49,84070,6,1,0,0,3,0,70,138,98,0,0,0,2,11,2010,3,2011,0,30,0,0,0,1,2,98,1,1,2,1,0,0,1,13,1,1,4,1,0,0
49,490110,1,2,1,13,6,14,55,12,2,1,0,16,1,18,2,18002,4,1995,1G4HR52L4SH5,1,G,4,H,R,5,2,L,4,S,H,5,0,P,BUIC,LLF,4D,95,17,3442,,0,1108,,G,,F,6,231,,,15R205,,,,,,0,0,000000000,00000000000,0,0,0,1,0,0,0,0,0,0,0,45,0,0,0,12,6,2,12,0,0,0,1,16,83263,6,1,0,0,3,3,64,160,0,0,0,0,0,0,0,0,0,0,28,0,0,0,5,4,45,1,1,2,1,0,0,1,10,1,1,2,50,1,0
49,490110,2,2,2,13,6,14,55,12,2,1,0,49,2,23,481,23481,31,1998,2GTEK19M3W15,2,G,T,E,K,1,9,M,3,W,1,5,0,T,GMC,SK1,PC,98,17,,2,1555,1415,SIE,G,,,8,305,,,,B,4561,00,U,44,0,0,000000000,00000000000,0,0,0,1,0,0,0,0,0,0,0,45,0,0,0,12,6,2,12,0,0,0,1,49,84335,6,2,0,0,3,1,73,150,98,0,0,0,0,0,0,0,0,0,0,0,0,0,5,4,45,1,1,2,1,0,0,1,62,1,1,1,51,0,0
49,490111,1,2,1,17,7,6,44,12,6,1,0,49,1,23,481,23481,31,2005,1GTEC14XX5Z1,1,G,T,E,C,1,4,X,X,5,Z,1,0,T,GMC,NC1,PK,5,17,,2,1330,1190,SIE,G,,,6,262,,,,B,4225,01,4,42,0,0,000000000,00000000000,0,0,0,1,0,0,0,0,0,0,0,998,0,0,0,12,6,2,12,0,0,0,1,49,84118,6,1,0,0,3,0,71,210,98,0,0,0,0,0,0,0,0,0,39,0,0,0,5,4,35,1,1,2,1,3,3,1,17,1,1,1,86,0,0
49,490111,2,2,1,17,7,6,44,12,6,1,0,49,2,49,32,49032,4,1995,1NXAE09B6SZ3,1,N,X,A,E,0,9,B,6,S,Z,3,0,P,TOYT,LED,4D,95,17,2381,,0,970,,G,,F,4,108,,,14R185,,,,,,0,0,000000000,00000000000,0,0,0,1,0,0,0,0,0,0,0,998,0,0,0,3,6,2,12,0,0,0,1,49,84104,6,1,0,0,3,0,999,999,98,0,0,0,0,0,0,0,0,0,0,0,0,0,5,4,45,1,1,2,1,3,3,1,17,1,1,1,87,1,0
49,490112,1,1,2,14,7,17,34,1,0,1,0,49,3,23,401,23401,14,2002,1GKDT13S8222,1,G,K,D,T,1,3,S,8,2,2,2,0,T,GMC,ENV,4W,2,17,,1,0,1130,ENV,G,,,6,256,,,,B,4628,00,K,44,0,0,000000000,00000000000,0,0,0,1,0,0,0,0,0,0,0,50,0,2,1,0,6,2,1,0,0,0,1,49,84414,6,1,0,0,3,0,68,190,98,0,0,1,0,11,2010,11,2010,0,58,84,0,0,1,2,50,1,1,2,1,0,0,1,8,7,2,6,98,1,0
49,490113,1,1,2,5,8,14,42,1,0,1,0,49,1,73,705,73705,80,1977,Z1F513348,Z,1,F,5,1,3,3,4,8,,,,0,M,KAWK,KZ9,RS,77,9,,,,,,,903,,4,,4,514,,,,,,,0,0,000000000,00000000000,0,0,0,1,0,0,0,0,0,0,0,44,0,0,0,0,6,2,1,0,0,0,1,49,84118,1,1,5,0,2,0,71,175,98,1,1,0,1,7,2010,2,2011,1,0,0,0,0,1,2,10,1,2,2,1,0,0,1,6,99,2,1,98,1,0
49,490114,1,1,1,19,8,2,24,9,0,1,0,49,2,41,50,41050,4,2003,1YVFP80C535M,1,Y,V,F,P,8,0,C,5,3,5,M,0,P,MAZD,M6I,4D,3,17,3042,,0,1053,,G,,F,4,138,,,16R205,,,,,,0,0,000000000,00000000000,0,0,0,1,0,0,0,0,0,0,0,999,0,0,0,12,4,3,9,0,0,0,1,49,84119,6,1,0,0,3,0,70,150,98,0,0,0,0,0,0,0,0,0,38,0,0,0,2,2,50,2,1,2,1,0,0,14,83,1,1,1,13,0,0
49,490115,1,2,2,5,8,20,18,12,99,1,0,49,2,49,482,49482,31,2001,5TBBT44101S2,5,T,B,B,T,4,4,1,0,1,S,2,0,T,TOYT,TRS,4C,1,17,,2,0,1283,TUN,G,,,8,285,,,,B,4518,00,U,44,0,0,000000000,00000000000,0,0,0,1,0,0,0,0,0,0,0,999,0,1,5,1,6,2,1,0,0,0,1,49,84536,2,1,5,0,2,3,72,280,98,2,1,1,1,8,2010,7,2012,1,35,0,0,0,1,2,65,1,1,2,1,0,0,6,51,7,1,2,46,1,1
49,490115,2,2,1,5,8,20,18,12,99,1,0,49,1,20,471,20471,30,2001,1GCCT19W7181,1,G,C,C,T,1,9,W,7,1,8,1,0,T,CHEV,S14,PC,1,17,,1,0,1229,S,G,,,6,262,,,,B,00000,00,,44,0,0,000000000,00000000000,0,0,0,1,0,0,0,0,0,0,0,999,0,1,5,6,6,2,1,0,0,0,1,49,84531,6,1,6,0,3,0,64,216,98,0,0,0,0,0,0,0,0,0,0,0,0,0,1,2,65,1,1,2,1,0,0,1,53,1,1,1,45,0,0
49,490116,1,1,3,20,7,20,42,1,0,1,0,6,1,7,482,7482,31,2002,3D7HU18NX2G1,3,D,7,H,U,1,8,N,X,2,G,1,0,T,DODG,Q15,CW,2,17,,2,1605,1405,RPC,G,,,8,287,,,,B,5000,02,E,44,0,0,000000000,00000000000,0,0,0,1,0,0,0,0,0,0,0,70,0,9,5,0,6,2,1,0,0,0,1,32,84074,6,1,0,0,3,0,999,999,99,99,99,99,99,99,9999,99,9999,0,28,58,0,0,1,2,65,1,1,2,1,0,0,1,13,6,4,4,4,1,0
49,490117,1,1,1,24,8,19,9,1,0,1,0,6,1,35,39,35039,4,2000,JN1CA31A5YT0,J,N,1,C,A,3,1,A,5,Y,T,0,0,P,NISS,MGS,4D,0,17,3071,,0,1083,,G,,F,6,182,,,15R205,,,,,,0,0,000000000,00000000000,0,0,0,1,0,0,0,0,0,0,0,85,0,2,5,0,6,2,1,0,0,0,1,6,95815,6,1,0,0,3,0,67,150,0,1,0,0,2,3,2012,7,2012,1,28,58,0,0,2,2,80,1,1,2,1,0,0,1,12,7,1,4,9,1,1
49,490118,1,2,1,3,8,16,12,1,0,1,0,49,1,76,709,76709,80,2008,JYARJ06E98A0,J,Y,A,R,J,0,6,E,9,8,A,0,0,M,YAMA,F6S,RC,8,17,,,,,,,600,,4,,4,357,,,,,,,0,0,000000000,00000000000,0,0,0,1,0,0,0,0,0,0,0,75,0,0,0,0,6,2,12,0,0,0,1,49,84087,6,1,0,0,3,0,72,175,98,0,0,0,0,0,0,0,0,1,39,0,0,0,2,3,50,1,1,2,1,3,3,1,8,4,7,1,98,1,0
49,490118,2,2,1,3,8,16,12,1,0,1,0,49,2,14,17,14017,4,2002,1MEFM50U52A6,1,M,E,F,M,5,0,U,5,2,A,6,0,P,MERC,SGP,4D,2,17,3379,,0,1085,,G,,F,6,182,,,16R215,,,,,,0,0,000000000,00000000000,0,0,0,1,0,0,0,0,0,0,0,999,0,0,0,10,4,3,12,0,0,0,1,49,84119,0,0,0,0,0,0,999,999,98,0,0,0,0,0,0,0,0,0,0,0,0,0,3,1,98,1,1,2,1,3,3,11,15,1,1,1,98,0,0
49,490119,1,2,2,4,8,16,58,12,7,1,0,49,2,20,25,20025,4,2012,1G1PF5SC2C72,1,G,1,P,F,5,S,C,2,C,7,2,0,P,CHEV,CZT,4D,12,17,3102,,0,1057,,G,,T,4,085,,,16R215,,,,,,0,0,000000000,00000000000,0,0,0,1,0,0,0,0,0,0,0,35,0,0,0,1,2,1,12,0,0,0,1,56,82930,6,1,0,0,3,0,67,150,0,0,0,0,1,7,2012,7,2012,0,27,0,0,0,5,4,35,1,1,2,1,0,0,15,51,1,1,2,46,0,0
49,490119,2,2,2,4,8,16,58,12,7,1,0,49,1,72,706,72706,80,2003,1HD1FFW183Y6,1,H,D,1,F,F,W,1,8,3,Y,6,0,M,HD,TCI,RS,3,17,,,,,,,1450,,2,,4,776,,,,,,,0,0,000000000,00000000000,0,0,0,1,0,0,0,0,0,0,0,35,0,0,0,7,4,3,12,0,0,0,1,16,83221,6,1,0,0,3,0,77,240,0,0,0,1,0,11,2010,11,2010,0,0,0,0,0,5,4,35,1,1,2,1,0,0,1,60,1,1,1,45,1,0
49,490120,1,1,1,19,8,12,19,57,0,1,0,56,3,72,706,72706,80,2012,1HD1FFM17CB6,1,H,D,1,F,F,M,1,7,C,B,6,0,M,HD,HTF,RS,12,17,,,,,,,1690,,2,,4,827,,,,,,,0,0,000000000,00000000000,0,0,0,1,0,0,0,0,0,0,0,75,0,0,0,12,4,3,57,0,0,0,1,97,0,9,9,99,0,9,9,999,999,99,99,99,99,99,99,9999,99,9999,0,28,0,0,0,3,2,75,2,1,2,1,0,0,14,12,1,1,4,6,1,0
49,490121,1,1,1,2,9,21,9,8,0,1,0,49,1,7,482,7482,31,2012,1C6RD7KT6CS2,1,C,6,R,D,7,K,T,6,C,S,2,0,T,DODG,S1T,CW,12,17,,2,0,1400,RPC,G,,,8,348,,,,B,5257,00,K,44,0,0,000000000,00000000000,0,0,0,1,0,0,0,0,0,0,0,30,0,0,0,12,2,1,8,0,0,0,1,49,84035,6,1,0,0,3,3,70,155,98,0,0,2,1,12,2009,3,2011,0,36,0,0,0,1,2,35,1,1,2,1,0,0,1,11,1,1,4,13,0,0
49,490122,1,1,2,3,9,20,13,1,0,1,0,8,2,12,3,12003,2,1988,1FABP42E1JF1,1,F,A,B,P,4,2,E,1,J,F,1,0,P,FORD,MGT,2H,88,17,3193,,0,1004,,G,,F,8,302,,,15R225,,,,,,0,0,000000000,00000000000,0,0,0,1,0,0,0,0,0,0,0,74,0,1,5,0,6,2,1,0,0,0,1,48,77006,6,1,0,0,3,0,999,999,0,2,0,2,0,6,2010,2,2012,1,28,58,0,0,1,2,65,1,1,2,1,0,0,1,13,7,1,4,1,1,0
49,490123,1,1,1,7,9,16,39,1,0,1,0,49,2,12,481,12481,31,2006,1FTPX14V86KD,1,F,T,P,X,1,4,V,8,6,K,D,0,T,FORD,F15,4C,6,17,,2,0,1450,COF,F,,,8,329,,,,B,4297,16,E,44,0,0,000000000,00000000000,0,0,0,1,0,0,0,0,0,0,0,55,0,9,1,0,6,2,1,0,0,0,1,49,84537,6,1,0,0,3,3,70,318,98,0,0,0,1,8,2010,8,2010,0,28,58,0,0,2,2,55,1,1,2,1,0,0,1,11,6,3,6,98,1,0
49,490124,1,1,1,10,9,5,40,1,0,1,0,49,1,12,401,12401,14,1987,1FMCU14T0HUA,1,F,M,C,U,1,4,T,0,H,U,A,0,P,FORD,BII,UT,87,17,3050,,0,940,,G,,F,6,177,,,000000,,,,,,0,0,000000000,00000000000,0,0,0,1,0,0,0,0,0,0,0,50,0,1,5,0,6,2,1,0,0,0,1,49,84310,6,1,0,0,3,0,62,120,98,0,0,0,0,0,0,0,0,0,28,58,0,0,1,2,50,2,1,1,1,0,0,14,11,6,1,4,6,1,0
49,490125,1,1,1,11,9,20,23,8,0,1,0,49,1,49,401,49401,14,1992,JT3VN39W6N80,J,T,3,V,N,3,9,W,6,N,8,0,0,P,TOYT,RUN,UT,92,17,0,,0,1033,,G,,F,6,180,,,000000,,,,,,0,0,000000000,00000000000,0,0,0,1,0,0,0,0,0,0,0,55,0,0,0,12,4,3,8,0,0,0,1,49,84075,6,1,0,0,3,0,65,120,98,0,0,0,0,0,0,0,0,0,0,0,0,0,1,2,55,1,1,2,1,0,0,1,80,1,1,1,13,0,0
49,490126,1,1,1,21,9,12,49,31,0,1,0,49,1,12,401,12401,14,1996,1FMDU35P6TUC,1,F,M,D,U,3,5,P,6,T,U,C,0,P,FORD,EPR,UT,96,17,4189,,0,1115,,G,,F,8,302,,,15R225,,,,,,0,0,000000000,00000000000,0,0,0,1,0,0,0,0,0,0,0,25,0,0,0,12,6,2,31,0,0,0,1,49,84629,1,1,0,0,2,0,64,100,98,1,0,1,0,8,2012,8,2012,0,48,0,0,0,1,2,98,1,1,2,1,0,0,10,13,1,1,4,1,1,0
49,490127,1,1,1,22,9,1,5,5,0,1,0,49,1,72,706,72706,80,2006,1HD1KBW106Y6,1,H,D,1,K,B,W,1,0,6,Y,6,0,M,HD,FHI,RS,6,17,,,,,,,1450,,2,,4,745,,,,,,,0,0,000000000,00000000000,0,0,0,1,0,0,0,0,0,0,0,75,0,0,0,0,4,3,5,0,0,0,1,49,84115,6,1,0,0,3,3,69,165,98,0,0,1,1,5,2011,8,2012,1,28,0,0,0,2,2,65,1,1,2,1,0,0,1,12,7,1,4,0,1,0
49,490128,1,1,1,25,9,22,22,42,0,1,0,49,1,99,709,99709,80,2007,LD6TCK0737L8,L,D,6,T,C,K,0,7,3,7,L,8,0,U,,,,7,17,,,,,,,,,,,,,,,,,,,0,0,000000000,00000000000,0,0,0,1,0,0,0,0,0,0,0,35,0,0,0,12,6,2,42,0,0,0,1,49,84647,3,1,0,0,2,0,71,175,98,1,0,0,0,7,2012,7,2012,0,28,0,0,0,2,2,35,1,1,2,1,0,0,1,13,1,1,4,1,1,0
49,490129,1,1,1,22,9,17,20,42,0,1,0,49,1,7,442,7442,20,1998,2B4GP44G6WR7,2,B,4,G,P,4,4,G,6,W,R,7,0,T,DODG,GSS,ES,98,17,,1,0,1193,CAR,F,,,6,201,,,,,3675,00,E,42,0,0,000000000,00000000000,0,0,0,1,0,0,0,0,0,0,0,40,0,0,0,12,6,2,43,0,0,0,1,49,84405,4,1,0,0,2,0,64,370,98,0,0,0,0,0,0,0,0,1,39,0,0,0,1,2,25,1,1,2,1,0,0,1,13,1,1,4,1,1,0
49,490130,1,1,1,25,9,7,9,8,0,1,0,49,1,7,442,7442,20,2001,2B4GP44R01R2,2,B,4,G,P,4,4,R,0,1,R,2,0,T,DODG,GSP,ES,1,17,,1,0,1193,CAR,G,,,6,201,,,,,3989,00,E,42,0,0,000000000,00000000000,0,0,0,1,0,0,0,0,0,0,0,25,0,0,0,12,2,1,8,0,0,0,1,49,84116,6,1,0,0,3,0,66,175,98,0,0,1,0,9,2012,9,2012,0,0,0,0,0,2,2,35,1,1,2,2,0,0,1,80,1,1,1,13,0,0
49,490131,1,4,5,6,7,10,42,12,6,1,0,49,3,12,881,12881,61,2011,1FDRF3GT2BEA,1,F,D,R,F,3,G,T,2,B,E,A,0,T,FORD,F3D,CB,11,17,,3,1648,1408,DRW,D,,,8,409,,,,D,5967,00,Y,42,0,88,888888888,88888888888,2,1,1,1,0,0,0,0,0,6,1,998,0,0,0,12,6,2,12,0,0,0,1,49,84037,6,1,0,0,3,0,67,175,98,0,0,0,0,0,0,0,0,0,38,0,0,0,1,4,55,1,1,2,1,3,3,1,17,99,1,1,88,0,0
49,490131,2,4,2,6,7,10,42,12,6,1,0,49,2,18,2,18002,4,2004,1G4HP52K1441,1,G,4,H,P,5,2,K,1,4,4,1,0,P,BUIC,LCF,4D,4,17,3567,,0,1122,,G,,F,6,231,,,15R215,,,,,,0,0,000000000,00000000000,0,0,0,1,0,0,0,0,0,0,0,998,0,0,0,9,6,2,12,0,0,0,1,49,84404,6,1,0,0,3,3,70,180,98,0,0,0,0,0,0,0,0,0,0,0,0,0,1,4,99,1,1,2,1,3,3,1,17,99,1,1,89,1,0
49,490131,3,4,2,6,7,10,42,12,6,1,0,49,1,49,32,49032,4,2003,JTDBR32E9300,J,T,D,B,R,3,2,E,9,3,0,0,0,P,TOYT,EEL,4D,3,17,2502,,0,1024,,G,,F,4,109,,,16R205,,,,,,0,0,000000000,00000000000,0,0,0,1,0,0,0,0,0,0,0,0,0,0,0,9,6,2,12,0,0,0,1,49,84403,6,1,0,0,3,0,64,125,98,0,0,0,0,0,0,0,0,0,0,0,0,0,1,4,55,1,1,2,1,3,3,5,62,1,1,1,98,0,0