STATE,ST_CASE,VEH_NO,VE_FORMS,NUMOCCS,DAY,MONTH,HOUR,MINUTE,HARM_EV,MAN_COLL,UNITTYPE,HIT_RUN,REG_STAT,OWNER,MAKE,MODEL,MAK_MOD,BODY_TYP,MOD_YEAR,VIN,VIN_1,VIN_2,VIN_3,VIN_4,VIN_5,VIN_6,VIN_7,VIN_8,VIN_9,VIN_10,VIN_11,VIN_12,TOW_VEH,VINTYPE,VINMAKE,VINA_MOD,VIN_BT,VINMODYR,VIN_LNGT,VIN_WGT,WGTCD_TR,WHLBS_LG,WHLBS_SH,SER_TR,FUELCODE,MCYCL_DS,CARBUR,CYLINDER,DISPLACE,MCYCL_CY,MCYCL_WT,TIRE_SZE,TON_RAT,TRK_WT,TRKWTVAR,VIN_REST,WHLDRWHL,J_KNIFE,MCARR_I1,MCARR_I2,MCARR_ID,GVWR,V_CONFIG,CARGO_BT,HAZ_INV,HAZ_PLAC,HAZ_ID,HAZ_CNO,HAZ_REL,BUS_USE,SPEC_USE,EMER_USE,TRAV_SP,UNDERIDE,ROLLOVER,ROLINLOC,IMPACT1,DEFORMED,TOWED,M_HARM,VEH_SC1,VEH_SC2,FIRE_EXP,DR_PRES,L_STATE,DR_ZIP,L_STATUS,L_TYPE,CDL_STAT,L_ENDORS,L_COMPL,L_RESTRI,DR_HGT,DR_WGT,PREV_ACC,PREV_SUS,PREV_DWI,PREV_SPD,PREV_OTH,FIRST_MO,FIRST_YR,LAST_MO,LAST_YR,SPEEDREL,DR_SF1,DR_SF2,DR_SF3,DR_SF4,VTRAFWAY,VNUM_LAN,VSPD_LIM,VALIGN,VPROFILE,VPAVETYP,VSURCOND,VTRAFCON,VTCONT_F,P_CRASH1,P_CRASH2,P_CRASH3,PCRASH4,PCRASH5,ACC_TYPE,DEATHS,DR_DRINK
49,490131,4,4,2,6,7,10,42,12,6,1,0,49,2,49,40,49040,4,1999,4T1BG22K7XU5,4,T,1,B,G,2,2,K,7,X,U,5,0,P,TOYT,UEX,4D,99,17,2998,,0,1051,,G,,F,4,132,,,14R195,,,,,,0,0,000000000,00000000000,0,0,0,1,0,0,0,0,0,0,0,0,0,0,0,12,6,2,12,0,0,0,1,49,84405,6,1,0,0,3,0,62,150,98,0,0,0,1,12,2011,12,2011,0,0,0,0,0,1,4,55,1,1,2,1,3,3,5,62,1,1,1,98,0,0
49,490132,1,1,1,7,8,19,21,31,0,1,0,49,1,13,421,13421,15,2001,5LMFU28A61LJ,5,L,M,F,U,2,8,A,6,1,L,J,0,P,LINC,NAV,UT,1,17,5720,,0,1190,,G,,F,8,330,,,17R255,,,,,,0,0,000000000,00000000000,0,0,0,1,0,0,0,0,0,0,0,999,0,1,3,12,6,2,1,0,0,0,1,16,83404,6,1,0,0,3,0,65,114,0,0,0,0,0,0,0,0,0,9,28,58,0,0,2,2,75,1,1,2,1,0,0,1,13,6,1,4,1,1,0
49,490133,1,7,1,14,9,0,2,12,1,1,0,49,1,52,34,52034,4,2006,4A3AB76S26E0,4,A,3,A,B,7,6,S,2,6,E,0,0,P,MITS,MGT,4D,6,17,3649,,0,1083,,G,,F,6,233,,,17R215,,,,,,0,0,000000000,00000000000,0,0,0,1,0,0,0,0,0,0,0,60,0,0,0,12,4,3,12,0,0,0,1,49,84601,6,1,0,0,3,0,70,210,98,0,0,0,1,1,2010,1,2010,0,26,0,0,0,3,4,55,1,1,1,1,0,0,1,51,1,1,1,24,0,1
49,490133,2,7,2,14,9,0,2,12,1,1,0,49,1,73,705,73705,80,2001,JKAZX4J151A0,J,K,A,Z,X,4,J,1,5,1,A,0,0,M,KAWK,ZXJ,RC,1,17,,,,,,,600,,4,,4,377,,,,,,,0,0,000000000,00000000000,0,0,0,1,0,0,0,0,0,0,0,55,0,0,0,6,4,3,12,0,0,0,1,49,84660,1,1,0,0,2,0,70,189,98,1,0,1,3,9,2010,11,2011,0,91,0,0,0,3,4,55,1,1,1,1,0,0,1,53,1,1,1,25,1,0
49,490133,3,7,1,14,9,0,2,12,1,1,0,49,1,20,481,20481,31,2004,1GCHK23U34F1,1,G,C,H,K,2,3,U,3,4,F,1,1,T,CHEV,2KH,CW,4,17,,2,1670,1530,SIL,G,,,8,364,,,,C,6056,03,,44,1,0,000000000,00000000000,0,0,0,1,0,0,0,0,0,0,0,60,0,0,0,14,2,1,54,0,0,0,1,49,84020,6,1,0,0,3,0,72,250,98,0,0,0,0,0,0,0,0,0,0,0,0,0,3,4,55,1,1,1,1,0,0,1,90,1,1,1,98,0,0
49,490133,4,7,1,14,9,0,2,12,1,1,0,49,1,49,40,49040,4,2002,JTDBE32K1200,J,T,D,B,E,3,2,K,1,2,0,0,0,P,TOYT,LXS,4D,2,17,3086,,0,1071,,G,,F,4,144,,,15R205,,,,,,0,0,000000000,00000000000,0,0,0,1,0,0,0,0,0,0,0,60,0,0,0,14,2,1,54,0,0,0,1,49,84057,6,1,0,0,3,0,71,220,98,0,0,0,0,0,0,0,0,0,0,0,0,0,3,4,55,1,1,1,1,0,0,1,90,1,1,1,98,0,0
49,490133,5,7,1,14,9,0,2,12,1,1,0,49,2,37,31,37031,4,1995,JHMEH9693SS0,J,H,M,E,H,9,6,9,3,S,S,0,0,P,HOND,CEX,4D,95,17,2459,,0,1032,,G,,F,4,097,,,14R175,,,,,,0,0,000000000,00000000000,0,0,0,1,0,0,0,0,0,0,0,55,0,0,0,14,2,1,54,0,0,0,1,49,84604,6,1,0,0,3,3,74,165,98,0,0,0,1,8,2010,8,2010,0,0,0,0,0,3,4,55,1,1,1,1,0,0,1,90,1,1,1,98,0,0
49,490133,6,7,1,14,9,0,2,12,1,1,0,49,1,20,481,20481,31,1998,1GCEK19R4WE1,1,G,C,E,K,1,9,R,4,W,E,1,1,T,CHEV,GK1,PC,98,17,,2,1555,1415,GM4,G,,,8,350,,,,B,00000,00,,44,1,0,000000000,00000000000,0,0,0,1,0,0,0,0,0,0,0,55,0,0,0,14,2,1,54,0,0,0,1,49,84094,6,1,0,0,3,0,72,245,98,0,0,0,0,0,0,0,0,0,0,0,0,0,3,4,55,1,1,1,1,0,0,1,90,1,1,1,98,0,0
49,490133,7,7,1,14,9,0,2,12,1,1,0,49,1,7,442,7442,20,2006,1D4GP24R66B5,1,D,4,G,P,2,4,R,6,6,B,5,0,T,DODG,GCS,ES,6,17,,1,0,1193,CAR,G,,,6,201,,,,,4095,00,E,42,0,0,000000000,00000000000,0,0,0,1,0,0,0,0,0,0,0,55,0,0,0,12,2,1,54,0,0,0,1,49,84663,6,1,0,0,3,3,68,130,98,0,0,1,0,6,2011,6,2011,0,0,0,0,0,3,4,55,1,1,1,1,0,0,1,90,1,1,1,98,0,0
49,490134,1,2,2,21,9,1,57,12,6,1,0,49,3,20,481,20481,31,2010,1GC3KVBG3AF1,1,G,C,3,K,V,B,G,3,A,F,1,0,T,CHEV,2KH,PK,10,17,,2,0,1330,SIL,F,,,8,366,,,,C,5556,00,,44,0,0,000000000,00000000000,0,0,0,1,0,0,0,0,0,0,0,10,0,0,0,1,6,2,12,39,0,0,1,49,84043,6,1,0,0,3,0,66,160,98,0,0,0,0,0,0,0,0,0,30,38,0,0,3,1,55,1,1,1,1,0,0,12,53,1,1,7,98,0,0
49,490134,2,2,1,21,9,1,57,12,6,1,0,49,1,72,706,72706,80,2002,1HD1FBW152Y6,1,H,D,1,F,B,W,1,5,2,Y,6,0,M,HD,LRI,RS,2,17,,,,,,,1450,,2,,4,723,,,,,,,0,0,000000000,00000000000,0,0,0,1,0,0,0,0,0,0,0,55,0,0,0,12,6,2,12,0,0,0,1,49,84660,6,1,0,0,3,0,73,155,98,0,0,0,0,0,0,0,0,0,0,0,0,0,3,1,55,1,1,1,1,0,0,1,64,1,1,1,98,1,0
49,490135,1,2,1,6,8,17,33,12,6,1,0,49,1,98,709,98709,88,2006,LFGTCKPM4610,L,F,G,T,C,K,P,M,4,6,1,0,0,U,,,,6,17,,,,,,,,,,,,,,,,,,,0,0,000000000,00000000000,0,0,0,1,0,0,0,0,0,0,0,15,0,0,0,1,6,2,12,0,0,0,1,49,84653,6,1,0,0,2,3,72,185,98,0,0,0,0,0,0,0,0,0,38,0,0,0,5,2,35,1,1,2,1,3,3,11,15,1,1,1,68,1,0
49,490135,2,2,1,6,8,17,33,12,6,1,0,49,0,20,471,20471,30,2002,1GCCS1958282,1,G,C,C,S,1,9,5,8,2,8,2,0,T,CHEV,S14,3C,2,17,,1,0,1229,S,F,,,4,133,,,,B,3198,00,,42,0,0,000000000,00000000000,0,0,0,1,0,0,0,0,0,0,0,35,0,0,0,12,6,2,12,0,0,0,1,49,84653,6,1,0,0,3,0,64,105,98,0,0,0,0,0,0,0,0,0,0,0,0,0,5,2,35,1,1,2,1,3,3,1,17,2,1,1,69,0,0
49,490136,1,2,1,21,9,16,43,12,6,1,0,49,1,37,402,37402,14,2010,JHLRE4H7XAC0,J,H,L,R,E,4,H,7,X,A,C,0,0,P,HOND,CRV,UT,10,17,3549,,0,1031,,G,,F,4,146,,,17R225,,,,,,0,0,000000000,00000000000,0,0,0,1,0,0,0,0,0,0,0,15,0,1,1,9,6,2,12,0,0,0,1,49,84066,6,1,0,0,3,3,68,225,98,0,0,1,0,5,2011,5,2011,0,48,38,0,0,1,3,65,3,2,2,1,0,0,12,53,1,1,2,98,1,0
49,490136,2,2,2,21,9,16,43,12,6,1,0,49,1,7,43,7043,4,2004,1B3EL36T64N1,1,B,3,E,L,3,6,T,6,4,N,1,0,P,DODG,SSE,4D,4,17,3088,,0,1080,,F,,F,6,165,,,15R205,,,,,,0,0,000000000,00000000000,0,0,0,1,0,0,0,0,0,0,0,60,0,0,0,12,6,2,12,0,0,0,1,49,84063,6,1,0,0,3,0,71,180,98,0,0,2,0,10,2010,2,2012,0,0,0,0,0,1,3,65,3,2,2,1,0,0,14,61,1,1,1,98,0,0
49,490137,1,3,1,22,9,6,7,12,6,1,0,49,1,41,441,41441,20,2004,JM3LW28A8405,J,M,3,L,W,2,8,A,8,4,0,5,0,P,MAZD,MWG,SV,4,17,3794,,0,1118,,G,,F,6,181,,,16R215,,,,,,0,0,000000000,00000000000,0,0,0,1,0,0,0,0,0,0,0,998,0,0,0,12,6,2,12,0,0,0,1,49,84088,1,1,0,0,2,3,72,260,98,2,0,0,1,9,2009,4,2010,0,39,36,0,0,3,2,50,3,1,1,1,1,3,14,17,1,1,1,88,0,0
49,490137,2,3,4,22,9,6,7,12,6,1,0,49,2,37,32,37032,4,1990,JHMCB7554LC1,J,H,M,C,B,7,5,5,4,L,C,1,0,P,HOND,ALE,4D,90,17,2857,,0,1071,,G,,F,4,132,,,14R185,,,,,,0,0,000000000,00000000000,0,0,0,1,0,0,0,0,0,0,0,998,0,0,0,11,6,2,12,0,0,0,1,49,84123,6,1,0,0,3,0,68,165,98,0,0,0,1,3,2012,3,2012,0,91,0,0,0,3,2,50,2,1,1,1,1,3,14,17,1,1,1,89,1,1
49,490137,3,3,1,22,9,6,7,12,6,1,0,49,1,7,20,7020,4,2000,1B3ES46C5YD8,1,B,3,E,S,4,6,C,5,Y,D,8,0,P,DODG,NSE,4D,0,17,2515,,0,1050,,G,,F,4,122,,,14R185,,,,,,0,0,000000000,00000000000,0,0,0,1,0,0,0,0,0,0,0,998,0,0,0,11,4,3,12,0,0,0,1,49,84010,3,1,0,0,2,0,72,165,98,0,0,0,0,0,0,0,0,0,0,0,0,0,3,2,50,2,1,1,1,1,3,14,17,1,1,1,98,0,0
49,490138,1,2,2,7,8,14,43,12,8,1,0,49,1,7,482,7482,31,2007,3D7KS28A47G8,3,D,7,K,S,2,8,A,4,7,G,8,0,T,DODG,SQ2,CW,7,17,,2,1605,1405,RPC,D,,,6,408,,,,C,6424,06,E,44,0,0,000000000,00000000000,0,0,0,1,0,0,0,0,0,0,0,55,0,0,0,11,6,2,12,0,0,0,1,49,84119,6,1,0,0,3,3,67,175,98,0,0,0,0,0,0,0,0,0,28,0,0,0,1,2,55,2,1,2,1,0,0,14,10,1,1,2,64,0,0
49,490138,2,2,5,7,8,14,43,12,8,1,0,35,1,23,431,23431,16,2003,1GKEK63U83J2,1,G,K,E,K,6,3,U,8,3,J,2,0,T,GMC,NAL,4W,3,17,,2,0,1160,YUK,G,,,8,364,,,,B,5609,00,4,44,0,0,000000000,00000000000,0,0,0,1,0,0,0,0,0,0,0,30,0,0,0,9,6,2,12,0,0,0,1,35,87113,6,1,0,0,3,0,68,140,98,0,0,2,0,2,2010,11,2010,0,0,0,0,0,1,2,55,3,1,2,1,0,0,14,62,99,1,1,65,1,0
49,490139,1,2,1,2,10,17,13,12,1,1,0,49,2,7,20,7020,4,2002,1B3AS56C62D6,1,B,3,A,S,5,6,C,6,2,D,6,0,P,DODG,ESN,4D,2,17,2662,,0,1050,,G,,F,4,122,,,15R185,,,,,,0,0,000000000,00000000000,0,0,0,1,0,0,0,0,0,0,0,75,1,0,0,12,6,2,12,0,0,0,1,49,84302,6,1,0,0,3,0,72,180,98,0,0,1,0,2,2012,2,2012,1,26,0,0,0,3,2,75,1,1,1,1,0,0,1,50,1,1,1,20,1,0
49,490139,2,2,2,2,10,17,13,12,1,1,0,41,3,82,881,82881,66,2013,3AKJGLBG4DSB,3,A,K,J,G,L,B,G,4,D,S,B,1,T,FRHT,125,TR,13,17,,8,0,0,CSC,D,,,6,915,,,,,00000,00,,64,1,57,190991,57190991,3,6,1,1,0,0,0,0,0,0,0,0,0,0,0,6,4,1,12,0,0,0,1,16,83687,6,1,6,0,3,0,66,160,0,0,0,0,0,0,0,0,0,0,89,0,0,0,3,2,75,1,1,1,1,0,0,5,53,1,1,1,21,0,0
49,490140,1,3,1,4,10,6,1,12,1,1,0,49,3,84,881,84881,62,2007,1HTMMAAL17H4,1,H,T,M,M,A,A,L,1,7,H,4,0,T,INTL,430,CC,7,17,,6,0,0,40S,D,,,6,466,,,,,00000,00,,42,0,57,1347598,571347598,2,1,1,1,0,0,0,0,0,0,0,78,0,0,0,12,4,3,12,0,0,0,1,49,84116,6,1,0,0,3,3,75,250,98,0,0,0,0,0,0,0,0,1,26,38,0,0,3,4,65,1,1,2,1,0,0,1,51,1,1,1,24,0,0
49,490140,2,3,1,4,10,6,1,12,1,1,0,49,2,12,17,12017,4,2000,1FAFP5528YA2,1,F,A,F,P,5,5,2,8,Y,A,2,0,P,FORD,TSS,4D,0,17,3333,,0,1085,,F,,F,6,182,,,16R215,,,,,,0,0,000000000,00000000000,0,0,0,1,0,0,0,0,0,0,0,50,0,0,0,6,6,2,12,0,0,0,1,49,84302,6,1,0,0,3,3,69,225,98,0,0,1,2,10,2010,7,2011,0,0,0,0,0,3,4,65,1,1,2,1,0,0,1,53,1,1,1,25,1,0
49,490140,3,3,1,4,10,6,1,12,1,1,0,49,4,82,881,82881,66,2012,1FUJGEDR0CLB,1,F,U,J,G,E,D,R,0,C,L,B,2,T,FRHT,125,TR,12,17,,8,0,0,CSC,D,,,6,903,,,,,00000,00,,64,1,57,290790,57290790,3,7,4,1,0,0,0,0,0,0,0,62,0,0,0,6,4,1,12,0,0,0,1,49,84120,6,1,6,1,3,0,72,142,98,0,0,1,0,4,2011,4,2011,0,0,0,0,0,3,4,65,1,1,2,1,0,0,1,53,1,1,1,98,0,0
49,490141,1,1,1,20,8,23,50,14,0,1,0,49,1,35,472,35472,30,1998,1N6DD21Y8WC3,1,N,6,D,D,2,1,Y,8,W,C,3,0,T,NISS,F/X,PK,98,17,,1,0,1043,FRT,G,,,4,146,,,,B,3568,00,U,44,0,0,000000000,00000000000,0,0,0,1,0,0,0,0,0,0,0,999,0,0,0,12,6,2,14,0,0,0,1,49,84040,6,1,0,0,3,3,70,157,98,0,0,1,1,5,2011,8,2012,0,28,0,0,0,5,2,55,1,2,2,1,0,0,1,11,1,1,4,11,1,0
49,490142,1,1,1,23,9,0,25,8,0,1,0,49,1,41,51,41051,4,2007,JM1BK12F7716,J,M,1,B,K,1,2,F,7,7,1,6,0,P,MAZD,M3I,4D,7,17,2780,,0,1039,,G,,F,4,122,,,15R195,,,,,,0,0,000000000,00000000000,0,0,0,1,0,0,0,0,0,0,0,40,0,0,0,12,2,1,8,0,0,0,1,49,84044,6,1,0,0,3,0,68,120,98,0,0,0,0,0,0,0,0,0,0,0,0,0,1,2,40,1,1,2,1,0,0,1,80,1,1,1,13,0,0
49,490143,1,1,5,22,9,3,20,5,0,1,0,49,2,7,482,7482,31,9999,999999999999,9,9,9,9,9,9,9,9,9,9,9,9,0,,,,,,,,,,,,,,,,,,,,,,,,,0,0,000000000,00000000000,0,0,0,1,0,0,0,0,0,0,0,35,0,0,0,0,0,1,5,0,0,0,1,49,84403,9,9,99,9,9,9,999,999,99,99,99,99,99,99,9999,99,9999,0,0,0,0,0,1,2,35,1,1,2,1,0,0,1,98,1,1,1,0,1,1
49,490144,1,2,1,20,8,17,29,12,6,1,0,49,2,49,32,49032,4,2006,1NXBR32EX6Z7,1,N,X,B,R,3,2,E,X,6,Z,7,0,P,TOYT,UCS,4D,6,17,2530,,0,1024,,G,,F,4,109,,,15R185,,,,,,0,0,000000000,00000000000,0,0,0,1,0,0,0,0,0,0,0,15,0,0,0,12,4,3,12,0,0,0,1,49,84054,6,2,0,0,3,0,64,128,98,0,0,0,0,0,0,0,0,0,38,0,0,0,1,2,45,1,1,2,1,20,3,11,15,1,1,1,82,0,0
49,490144,2,2,1,20,8,17,29,12,6,1,0,49,1,37,706,37706,80,2003,JH2PC21343M4,J,H,2,P,C,2,1,3,4,3,M,4,0,M,HOND,VCD,RS,3,17,,,,,,,583,,2,,4,448,,,,,,,0,0,000000000,00000000000,0,0,0,1,0,0,0,0,0,0,0,45,0,0,0,3,6,2,12,0,0,0,1,49,84010,6,1,0,0,3,0,68,160,98,0,0,0,0,0,0,0,0,0,0,0,0,0,1,4,45,1,1,2,1,0,0,1,67,3,2,1,83,1,0
49,490145,1,2,1,24,8,19,30,12,6,1,0,49,2,30,46,30046,4,2002,WVWPD63BX2P3,W,V,W,P,D,6,3,B,X,2,P,3,0,P,VOLK,PGS,4D,2,17,3099,,0,1064,,G,,T,4,109,,,15R195,,,,,,0,0,000000000,00000000000,0,0,0,1,0,0,0,0,0,0,0,10,0,0,0,5,4,3,12,0,0,0,1,49,84025,6,2,0,0,3,3,65,115,98,0,0,0,0,0,0,0,0,0,38,0,0,0,5,4,55,1,1,2,1,3,3,11,18,1,1,1,68,0,0
49,490145,2,2,1,24,8,19,30,12,6,1,0,49,1,72,706,72706,80,1998,1HD1BLL15WY0,1,H,D,1,B,L,L,1,5,W,Y,0,0,M,HD,XST,RS,98,17,,,,,,,1340,,2,,4,625,,,,,,,0,0,000000000,00000000000,0,0,0,1,0,0,0,0,0,0,0,55,0,0,0,12,6,2,12,0,0,0,1,49,84015,6,1,0,0,3,3,70,185,98,0,0,0,0,0,0,0,0,0,0,0,0,0,5,4,55,1,1,2,1,3,3,1,17,2,1,1,69,1,0
49,490146,1,1,2,6,10,16,32,1,0,1,0,30,1,72,706,72706,80,2005,1HD1FCW105Y6,1,H,D,1,F,C,W,1,0,5,Y,6,0,M,HD,FLU,RS,5,17,,,,,,,1450,,2,,4,788,,,,,,,0,0,000000000,00000000000,0,0,0,1,0,0,0,0,0,0,0,999,0,0,0,0,4,3,1,0,0,0,1,32,89130,6,1,6,0,3,0,72,250,0,0,0,0,0,0,0,0,0,1,0,0,0,0,1,2,40,2,2,2,1,0,0,14,6,3,2,4,7,1,0
49,490147,1,1,2,6,10,16,51,38,0,1,0,49,1,98,998,98998,91,2012,4XAVE76A2CB4,4,X,A,V,E,7,6,A,2,C,B,4,0,M,POLS,R8S,AT,12,17,,,,,,,760,,2,,4,1022,,,,,,,0,0,000000000,00000000000,0,0,0,1,0,0,0,0,0,0,0,45,0,1,6,12,6,2,38,0,0,0,1,49,84017,6,1,0,0,3,0,74,200,98,0,0,0,1,6,2010,6,2010,1,0,0,0,0,1,2,99,3,1,2,1,0,0,14,13,1,1,4,5,1,1
49,490148,1,1,1,7,10,8,9,1,0,1,0,49,1,20,2,20002,4,2008,2G1WB58N2891,2,G,1,W,B,5,8,N,2,8,9,1,0,P,CHEV,IPL,4D,8,17,3555,,0,1105,,G,,F,6,214,,,16R225,,,,,,0,0,000000000,00000000000,0,0,0,1,0,0,0,0,0,0,0,30,0,9,6,0,6,2,3,0,0,0,1,49,84643,6,1,0,0,3,3,71,220,98,0,0,0,0,0,0,0,0,0,28,0,0,0,1,2,55,2,1,4,1,0,0,14,12,99,1,4,6,1,1
49,490149,1,1,1,8,10,20,18,31,0,1,0,49,1,49,45,49045,4,2001,JTDBT123X101,J,T,D,B,T,1,2,3,X,1,0,1,0,P,TOYT,ECH,4D,1,17,2030,,0,934,,G,,F,4,091,,,14R175,,,,,,0,0,000000000,00000000000,0,0,0,1,0,0,0,0,0,0,0,80,0,1,3,12,6,2,1,0,0,0,1,49,84403,6,1,0,0,3,0,70,135,98,0,0,0,0,0,0,0,0,1,28,58,0,0,2,2,75,3,2,2,1,0,0,14,12,7,1,4,6,1,0
49,490150,1,1,1,5,10,20,58,8,0,1,0,49,3,7,482,7482,31,2011,1D7RV1CT1BS6,1,D,7,R,V,1,C,T,1,B,S,6,0,T,DODG,150,CW,11,17,,2,0,1400,RPC,G,,,8,348,,,,B,5308,00,K,44,0,0,000000000,00000000000,0,0,0,1,0,0,0,0,0,0,0,30,0,0,0,12,2,3,8,0,0,0,1,49,84121,6,1,0,0,3,3,63,120,98,0,0,0,1,3,2010,3,2010,0,0,0,0,0,2,2,25,1,1,1,1,0,0,1,80,1,1,1,13,0,0
49,490151,1,1,1,6,10,13,8,8,0,1,0,49,1,49,403,49403,14,2008,JTEES41A3820,J,T,E,E,S,4,1,A,3,8,2,0,0,P,TOYT,HIG,UT,8,17,4178,,0,1098,,G,,F,6,214,,,17R245,,,,,,0,0,000000000,00000000000,0,0,0,1,0,0,0,0,0,0,0,999,0,0,0,6,0,1,8,0,0,0,1,49,84084,6,1,0,0,3,0,65,128,98,0,0,0,0,0,0,0,0,0,31,0,0,0,1,2,25,1,1,2,1,0,0,13,80,1,1,7,92,0,0
49,490152,1,1,1,10,10,16,40,1,0,1,0,49,1,13,12,13012,4,2004,1LNHM86S74Y6,1,L,N,H,M,8,6,S,7,4,Y,6,0,P,LINC,LLS,4D,4,17,3720,,0,1145,,G,,F,6,182,,,16R225,,,,,,0,0,000000000,00000000000,0,0,0,1,0,0,0,0,0,0,0,75,0,1,3,0,6,2,1,0,0,0,1,41,97439,6,1,0,0,3,0,69,185,0,0,0,0,0,0,0,0,0,0,28,58,0,0,2,2,75,1,1,2,1,0,0,1,12,7,3,4,7,1,0
49,490153,1,1,1,11,10,20,36,8,0,1,0,49,1,7,20,7020,4,2004,1B3ES26C74D5,1,B,3,E,S,2,6,C,7,4,D,5,0,P,DODG,BSE,4D,4,17,2584,,0,1040,,G,,F,4,122,,,14R175,,,,,,0,0,000000000,00000000000,0,0,0,1,0,0,0,0,0,0,0,44,0,0,0,12,4,3,8,0,0,0,1,15,84106,6,1,0,0,3,3,68,145,0,0,0,0,0,0,0,0,0,0,99,99,99,99,2,3,40,1,1,2,1,0,0,1,80,1,1,1,13,0,0
49,490154,1,1,1,15,10,14,16,24,0,1,0,49,1,20,4,20004,2,1986,1G1YY6784G59,1,G,1,Y,Y,6,7,8,4,G,5,9,0,P,CHEV,CVT,CV,86,17,3033,,0,960,,G,,F,8,350,,,16R225,,,,,,0,0,000000000,00000000000,0,0,0,1,0,0,0,0,0,0,0,75,0,1,3,12,6,2,17,0,0,0,1,49,84721,6,1,6,0,3,0,70,200,98,0,0,0,0,0,0,0,0,0,28,0,0,0,3,2,75,1,2,2,1,0,0,1,13,1,1,4,1,1,0
49,490155,1,1,1,20,10,17,45,35,0,1,0,49,1,37,734,37734,90,2004,478TE2608443,4,7,8,T,E,2,6,0,8,4,4,3,0,M,HOND,TFA,AT,4,17,,,,,,,499,,1,,4,600,,,,,,,0,0,000000000,00000000000,0,0,0,1,0,0,0,0,0,0,0,40,0,1,2,99,2,9,35,0,0,0,1,32,84781,2,1,2,0,2,3,73,160,0,3,1,0,0,10,2010,3,2011,1,0,0,0,0,1,2,25,1,2,5,1,0,0,10,6,1,1,4,1,1,1
49,490156,1,1,1,21,10,0,18,25,0,1,0,49,3,49,472,49472,30,2006,5TENX22NX6Z1,5,T,E,N,X,2,2,N,X,6,Z,1,0,T,TOYT,REG,PK,6,17,,1,0,1033,TAC,G,,,4,164,,,,B,3180,00,U,42,0,0,000000000,00000000000,0,0,0,1,0,0,0,0,0,0,0,999,0,1,3,12,6,2,25,0,0,0,1,49,84119,6,1,0,0,3,0,72,210,98,0,0,1,1,3,2011,7,2012,0,27,58,0,0,3,5,65,1,1,1,1,0,0,15,8,8,4,4,7,1,1
49,490157,1,1,3,29,10,8,25,1,0,1,0,49,2,14,17,14017,4,1991,1MECM50U1MG6,1,M,E,C,M,5,0,U,1,M,G,6,0,P,MERC,SGS,4D,91,17,3174,,0,1060,,G,,F,6,182,,,14R205,,,,,,0,0,000000000,00000000000,0,0,0,1,0,0,0,0,0,0,0,84,0,1,5,0,6,2,1,0,0,0,1,49,84118,1,1,0,0,2,0,68,185,98,1,0,1,2,11,2010,7,2011,1,28,58,0,0,3,2,75,1,1,2,1,0,0,1,13,7,3,4,2,1,0
49,490158,1,1,2,18,10,21,54,8,0,1,0,49,1,20,401,20401,14,1993,1GNDT13W1P21,1,G,N,D,T,1,3,W,1,P,2,1,0,P,CHEV,S10,UT,93,17,3764,,0,1070,,G,,F,6,262,,,000000,,,,,,0,0,000000000,00000000000,0,0,0,1,0,0,0,0,0,0,0,45,0,0,0,12,4,3,8,0,0,0,1,49,84118,6,1,0,0,3,0,72,220,98,0,0,0,1,9,2011,9,2011,0,0,0,0,0,5,6,45,1,1,2,1,0,0,1,80,1,1,1,13,0,0
49,490159,1,1,1,3,11,20,53,8,0,1,0,49,1,20,32,20032,4,1996,1Y1SK5261TZ0,1,Y,1,S,K,5,2,6,1,T,Z,0,0,P,GEO,GEP,4D,96,17,2359,,0,971,,G,,F,4,097,,,14R175,,,,,,0,0,000000000,00000000000,0,0,0,1,0,0,0,0,0,0,0,30,0,0,0,12,4,3,8,0,0,0,1,49,84115,6,1,0,0,3,3,71,165,98,1,1,2,3,1,2010,4,2012,0,0,0,0,0,1,2,30,1,1,2,1,0,0,1,80,1,1,1,13,0,0
49,490160,1,1,1,4,11,14,36,24,0,1,0,49,1,73,703,73703,80,2013,JKAEX8A16DDA,J,K,A,E,X,8,A,1,6,D,D,A,0,M,KAWK,3EX,RC,13,17,,,,,,,296,,2,,4,379,,,,,,,0,0,000000000,00000000000,0,0,0,1,0,0,0,0,0,0,0,50,0,0,0,12,4,3,24,0,0,0,1,49,84050,6,1,0,0,3,1,65,145,98,0,0,0,0,0,0,0,0,0,28,0,0,0,1,3,55,1,2,2,1,0,0,2,8,4,2,4,2,1,0
49,490161,1,1,2,6,8,0,7,10,0,1,0,49,1,37,734,37734,90,2007,1HFTE3547740,1,H,F,T,E,3,5,4,7,7,4,0,0,M,HOND,T42,AT,7,17,,,,,,,420,,1,,4,562,,,,,,,0,0,000000000,00000000000,0,0,0,1,0,0,0,0,0,0,0,0,0,0,0,99,6,2,10,0,0,0,1,49,84651,2,1,0,0,2,0,74,320,98,6,1,0,1,2,2010,5,2012,0,54,0,0,0,1,2,99,9,9,9,99,0,0,1,98,98,1,9,98,1,1
49,490162,1,2,2,1,11,14,16,12,6,1,0,49,1,20,37,20037,4,2005,1G1ZT62805F1,1,G,1,Z,T,6,2,8,0,5,F,1,0,P,CHEV,XLS,4D,5,17,3476,,0,1123,,G,,F,6,214,,,16R215,,,,,,0,0,000000000,00000000000,0,0,0,1,0,0,0,0,0,0,0,25,0,0,0,2,6,2,12,0,0,0,1,49,84341,6,1,0,0,3,0,66,145,98,0,0,1,0,6,2011,6,2011,0,39,0,0,0,2,4,25,1,1,2,1,3,3,1,17,1,1,1,87,1,0