STATE,ST_CASE,VEH_NO,VE_FORMS,NUMOCCS,DAY,MONTH,HOUR,MINUTE,HARM_EV,MAN_COLL,UNITTYPE,HIT_RUN,REG_STAT,OWNER,MAKE,MODEL,MAK_MOD,BODY_TYP,MOD_YEAR,VIN,VIN_1,VIN_2,VIN_3,VIN_4,VIN_5,VIN_6,VIN_7,VIN_8,VIN_9,VIN_10,VIN_11,VIN_12,TOW_VEH,VINTYPE,VINMAKE,VINA_MOD,VIN_BT,VINMODYR,VIN_LNGT,VIN_WGT,WGTCD_TR,WHLBS_LG,WHLBS_SH,SER_TR,FUELCODE,MCYCL_DS,CARBUR,CYLINDER,DISPLACE,MCYCL_CY,MCYCL_WT,TIRE_SZE,TON_RAT,TRK_WT,TRKWTVAR,VIN_REST,WHLDRWHL,J_KNIFE,MCARR_I1,MCARR_I2,MCARR_ID,GVWR,V_CONFIG,CARGO_BT,HAZ_INV,HAZ_PLAC,HAZ_ID,HAZ_CNO,HAZ_REL,BUS_USE,SPEC_USE,EMER_USE,TRAV_SP,UNDERIDE,ROLLOVER,ROLINLOC,IMPACT1,DEFORMED,TOWED,M_HARM,VEH_SC1,VEH_SC2,FIRE_EXP,DR_PRES,L_STATE,DR_ZIP,L_STATUS,L_TYPE,CDL_STAT,L_ENDORS,L_COMPL,L_RESTRI,DR_HGT,DR_WGT,PREV_ACC,PREV_SUS,PREV_DWI,PREV_SPD,PREV_OTH,FIRST_MO,FIRST_YR,LAST_MO,LAST_YR,SPEEDREL,DR_SF1,DR_SF2,DR_SF3,DR_SF4,VTRAFWAY,VNUM_LAN,VSPD_LIM,VALIGN,VPROFILE,VPAVETYP,VSURCOND,VTRAFCON,VTCONT_F,P_CRASH1,P_CRASH2,P_CRASH3,PCRASH4,PCRASH5,ACC_TYPE,DEATHS,DR_DRINK
50,500035,2,2,1,30,6,13,40,12,1,1,0,33,1,72,706,72706,80,2006,1HD1FHW156Y6,1,H,D,1,F,H,W,1,5,6,Y,6,0,M,HD,HPI,RS,6,17,,,,,,,1450,,2,,4,999,,,,,,,0,0,000000000,00000000000,0,0,0,1,0,0,0,0,0,0,0,50,0,0,0,6,6,2,12,0,0,0,1,33,3570,6,1,0,0,3,0,69,195,0,0,0,0,0,0,0,0,0,0,0,0,0,0,1,2,50,1,1,2,1,0,0,1,53,1,1,1,25,1,0
50,500036,1,1,1,1,7,3,30,30,0,1,0,50,1,20,421,20421,15,2007,1GNFK13057R2,1,G,N,F,K,1,3,0,5,7,R,2,0,P,CHEV,KTA,UT,7,17,5706,,0,1160,,F,,F,8,323,,,17R265,,,,,,0,0,000000000,00000000000,0,0,0,1,0,0,0,0,0,0,0,66,0,1,5,12,6,2,1,0,0,0,1,50,5647,6,1,0,0,3,0,73,240,0,0,0,0,0,0,0,0,0,1,0,0,0,0,1,2,50,2,1,2,1,0,0,14,12,1,3,4,7,1,0
50,500037,1,1,1,1,7,13,45,1,0,1,0,33,1,73,703,73703,80,2005,KM4MJ525X512,K,M,4,M,J,5,2,5,X,5,1,2,0,M,HYOS,GV2,RS,5,17,,,,,,,249,,2,,4,341,,,,,,,0,0,000000000,00000000000,0,0,0,1,0,0,0,0,0,0,0,25,0,0,0,0,6,2,1,0,0,0,1,33,3579,6,1,0,0,3,3,72,225,0,0,0,0,0,0,0,0,0,0,0,0,0,0,1,2,50,2,4,2,1,0,0,14,12,1,1,4,6,1,0
50,500038,1,1,1,14,7,16,18,42,0,1,0,50,1,48,34,48034,6,1995,4S3BK6354S63,4,S,3,B,K,6,3,5,4,S,6,3,0,P,SUBA,UOB,SW,95,17,2890,,0,1035,,G,,F,4,135,,,14R185,,,,,,0,0,000000000,00000000000,0,0,0,1,0,0,0,0,0,0,0,999,0,0,0,9,6,2,42,0,0,0,1,50,5674,6,1,0,0,3,0,71,195,0,0,0,0,0,0,0,0,0,0,0,0,0,0,1,2,35,2,6,4,1,0,0,14,8,1,3,4,7,1,1
50,500039,1,3,2,14,7,13,51,12,8,1,0,95,1,72,709,72709,80,1986,1HD1BJL19GY0,1,H,D,1,B,J,L,1,9,G,Y,0,0,M,HD,FST,RS,86,17,,,,,,,1340,,2,,4,999,,,,,,,0,0,000000000,00000000000,0,0,0,1,0,0,0,0,0,0,0,50,0,0,0,61,6,2,12,0,0,0,1,95,0,9,9,99,9,9,9,999,999,99,99,99,99,99,99,9999,99,9999,0,28,0,0,0,1,2,50,2,1,2,1,0,0,14,10,1,1,2,64,1,0
50,500039,2,3,5,14,7,13,51,12,8,1,0,42,2,47,35,47035,4,2006,YS3FD49Y3610,Y,S,3,F,D,4,9,Y,3,6,1,0,0,P,SAA,93B,4D,6,17,3175,,0,1053,,G,,T,4,121,,,16R215,,,,,,0,0,000000000,00000000000,0,0,0,1,0,0,0,0,0,0,0,40,0,0,0,8,2,1,12,0,0,0,1,42,5401,6,1,0,0,3,0,67,999,0,0,0,0,0,0,0,0,0,0,0,0,0,0,1,2,50,3,1,2,1,0,0,14,62,7,1,1,65,0,0
50,500039,3,3,2,14,7,13,51,12,8,1,0,50,1,49,32,49032,4,2003,2T1BR32EX3C1,2,T,1,B,R,3,2,E,X,3,C,1,0,P,TOYT,UCS,4D,3,17,2502,,0,1024,,G,,F,4,109,,,15R185,,,,,,0,0,000000000,00000000000,0,0,0,1,0,0,0,0,0,0,0,20,0,0,0,12,6,2,12,0,0,0,1,50,5401,6,1,0,0,3,0,66,140,0,1,0,0,0,10,2009,10,2009,0,0,0,0,0,1,2,50,3,1,2,1,0,0,14,62,1,1,1,98,0,0
50,500040,1,1,1,19,7,14,46,35,0,1,0,50,1,6,441,6441,20,2009,2A8HR44E29R5,2,A,8,H,R,4,4,E,2,9,R,5,0,P,CHRY,TWC,SV,9,17,4335,,0,1212,,F,,F,6,201,,,16R225,,,,,,0,0,000000000,00000000000,0,0,0,1,0,0,0,0,0,0,0,999,0,1,5,12,6,2,35,0,0,0,1,50,5666,6,1,0,0,3,0,68,190,0,0,0,0,0,0,0,0,0,0,0,0,0,0,1,2,50,1,1,2,1,0,0,1,12,1,1,4,6,1,0
50,500041,1,2,1,20,7,16,8,12,2,1,0,50,1,75,706,75706,80,1972,150720,1,5,0,7,2,0,,,,,,,0,M,NORT,,,72,6,,,,,,,,,,,,,,,,,,,0,0,000000000,00000000000,0,0,0,1,0,0,0,0,0,0,0,30,0,0,0,12,6,2,12,0,0,0,1,50,5602,6,1,0,0,3,0,71,175,0,0,0,1,0,9,2009,9,2009,1,28,0,0,0,1,1,50,2,5,2,1,40,3,14,10,1,1,1,50,1,0
50,500041,2,2,1,20,7,16,8,12,2,1,0,50,1,20,481,20481,31,2000,1GCGK24J6YR2,1,G,C,G,K,2,4,J,6,Y,R,2,0,T,CHEV,GK2,PK,0,17,,2,0,1315,GM4,G,,,8,454,,,,C,5165,00,,44,0,0,000000000,00000000000,0,0,0,1,0,0,0,0,0,0,0,10,0,0,0,12,6,2,12,0,0,0,1,50,5038,6,1,0,0,3,3,72,230,0,0,0,0,0,0,0,0,0,0,0,0,0,0,1,1,50,3,6,2,1,40,3,14,62,1,1,1,51,0,0
50,500042,1,1,1,21,7,19,26,42,0,1,0,50,2,12,16,12016,4,2003,2FAFP71W73X1,2,F,A,F,P,7,1,W,7,3,X,1,0,P,FORD,CVP,4D,3,17,3946,,0,1147,,G,,F,8,281,,,16R225,,,,,,0,0,000000000,00000000000,0,0,0,1,0,0,0,0,0,0,0,65,0,0,0,12,6,2,42,0,0,0,1,50,5855,6,1,0,0,3,0,63,185,0,3,0,1,3,11,2009,9,2011,0,0,0,0,0,3,2,65,1,1,2,1,0,0,1,12,1,1,4,6,1,0
50,500043,1,1,1,28,7,18,59,57,0,1,0,33,1,72,709,72709,80,2011,1HD1KEM1XBB6,1,H,D,1,K,E,M,1,X,B,B,6,0,M,HD,FTK,RS,11,17,,,,,,,1690,,2,,4,857,,,,,,,0,0,000000000,00000000000,0,0,0,1,0,0,0,0,0,0,0,999,0,0,0,81,6,2,24,0,0,0,1,33,3745,6,1,0,0,9,3,68,195,0,0,0,0,0,0,0,0,0,1,0,0,0,0,3,2,65,2,1,2,1,0,0,14,6,1,1,4,6,1,1
50,500044,1,2,1,5,8,9,5,12,6,1,0,50,2,14,401,14401,14,1997,4M2DU55P6VUJ,4,M,2,D,U,5,5,P,6,V,U,J,0,P,MERC,MOU,UT,97,17,0,,0,1120,,G,,F,8,302,,,15R235,,,,,,0,0,000000000,00000000000,0,0,0,1,0,0,0,0,0,0,0,50,0,1,1,12,6,2,12,0,0,0,1,50,5478,1,1,0,0,2,0,60,145,0,0,0,0,1,6,2011,6,2011,0,28,0,0,0,1,2,50,2,3,2,1,0,0,14,8,6,4,2,66,0,0
50,500044,2,2,2,5,8,9,5,12,6,1,0,50,1,37,31,37031,4,2007,2HGFA16837H5,2,H,G,F,A,1,6,8,3,7,H,5,0,P,HOND,UAX,4D,7,17,2807,,0,1063,,G,,F,4,110,,,16R205,,,,,,0,0,000000000,00000000000,0,0,0,1,0,0,0,0,0,0,0,999,0,0,0,9,6,2,12,0,0,0,1,50,5859,6,1,0,0,3,0,69,165,0,0,0,1,0,9,2009,9,2009,0,0,0,0,0,1,2,50,3,3,2,1,0,0,14,62,1,1,1,66,2,0
50,500045,1,2,2,19,8,15,43,12,2,1,0,50,1,37,471,37471,30,2009,5FPYK16299B1,5,F,P,Y,K,1,6,2,9,9,B,1,0,T,HOND,RRT,CW,9,17,,2,0,1220,RID,G,,,6,213,,,,,4504,00,7,44,0,0,000000000,00000000000,0,0,0,1,0,0,0,0,0,0,0,50,0,0,0,12,6,2,12,0,0,0,1,50,5343,6,1,0,0,3,3,66,175,0,0,0,0,0,0,0,0,0,0,28,0,0,0,1,2,50,2,1,2,1,0,0,14,10,1,1,2,50,1,0
50,500045,2,2,2,19,8,15,43,12,2,1,0,50,1,7,482,7482,31,2005,3D7KS28DX5G7,3,D,7,K,S,2,8,D,X,5,G,7,0,T,DODG,SQ2,CW,5,17,,2,1605,1405,RPC,G,,,8,348,,,,C,5886,12,E,44,0,0,000000000,00000000000,0,0,0,1,0,0,0,0,0,0,0,55,0,0,0,12,6,2,12,0,0,0,1,50,5343,6,1,0,0,3,0,72,180,0,0,0,0,0,0,0,0,0,0,0,0,0,0,1,2,50,3,1,2,1,0,0,14,54,1,1,1,51,0,1
50,500046,1,1,1,22,8,9,15,5,0,1,0,50,1,98,734,98734,90,2008,4UF08ATV78T2,4,U,F,0,8,A,T,V,7,8,T,2,0,U,,,,8,17,,,,,,,,,,,,,,,,,,,0,0,000000000,00000000000,0,0,0,1,0,0,0,0,0,0,0,15,0,0,0,0,9,3,5,0,0,0,1,50,5455,6,1,6,0,3,3,72,260,0,0,0,0,0,0,0,0,0,0,0,0,0,0,1,2,35,1,3,4,1,0,0,1,98,99,9,4,0,1,0
50,500047,1,1,2,23,8,1,10,42,0,1,0,37,1,42,42,42042,4,1998,WDBHA29G2WA5,W,D,B,H,A,2,9,G,2,W,A,5,0,P,MERZ,C28,4D,98,17,3165,,0,1059,,G,,F,6,171,,,15R205,,,,,,0,0,000000000,00000000000,0,0,0,1,0,0,0,0,0,0,0,47,0,1,5,98,6,2,42,0,0,0,1,37,27403,1,1,0,0,2,0,69,999,1,8,0,2,6,10,2009,5,2012,1,0,0,0,0,1,2,50,3,1,2,1,0,0,14,6,1,4,4,7,1,1
50,500048,1,1,2,23,8,12,26,5,0,1,0,50,3,86,884,86884,72,2005,1M2AG11C05M0,1,M,2,A,G,1,1,C,0,5,M,0,0,T,MACK,CV7,CC,5,17,,8,0,0,700,D,,,6,728,,,,,00000,00,,64,0,57,000565,57000565,3,19,7,1,0,0,0,0,0,0,0,5,0,0,0,0,0,1,5,0,0,0,1,50,5822,6,1,6,0,3,3,67,180,0,0,0,0,1,4,2010,4,2010,0,0,0,0,0,1,2,25,1,1,2,99,0,0,1,98,1,1,1,0,1,0
50,500049,1,3,1,27,8,19,52,12,8,1,0,50,1,2,404,2404,14,1998,1J4GZ58S5WC2,1,J,4,G,Z,5,8,S,5,W,C,2,0,T,JEEP,LRT,4W,98,17,,1,0,1059,GCK,G,,,6,242,,,,,3708,01,E,44,0,0,000000000,00000000000,0,0,0,1,0,0,0,0,0,0,0,35,0,0,0,11,6,2,12,0,0,0,1,50,5151,6,1,0,0,3,0,74,200,0,0,0,0,0,0,0,0,0,0,28,0,0,0,1,2,50,1,6,2,1,0,0,1,10,1,1,2,64,1,0
50,500049,2,3,2,27,8,19,52,12,8,1,0,25,1,12,481,12481,31,2010,1FTEX1E8XAFB,1,F,T,E,X,1,E,8,X,A,F,B,0,T,FORD,F15,4C,10,17,,2,1630,1330,COF,G,,,8,281,,,,B,5522,00,7,44,0,0,000000000,00000000000,0,0,0,1,0,0,0,0,0,0,0,0,0,0,0,8,6,2,12,0,0,0,1,25,1571,6,1,6,3,3,0,65,999,0,0,0,0,0,0,0,0,0,0,0,0,0,0,1,2,50,1,5,2,1,0,0,1,62,9,1,1,65,0,0
50,500049,3,3,3,27,8,19,52,12,8,1,0,50,1,12,23,12023,4,2006,3FAFP06Z06R1,3,F,A,F,P,0,6,Z,0,6,R,1,0,P,FORD,F/S,4D,6,17,3101,,0,1074,,G,,F,4,140,,,16R205,,,,,,0,0,000000000,00000000000,0,0,0,1,0,0,0,0,0,0,0,45,0,0,0,12,6,2,12,0,0,0,1,50,5089,6,1,0,0,3,0,64,180,0,0,0,1,0,9,2011,9,2011,0,0,0,0,0,1,2,50,1,5,2,1,0,0,1,62,2,1,1,98,0,0
50,500050,1,1,2,31,8,18,5,1,0,1,0,50,2,48,401,48401,14,1999,JF1SF6358XH7,J,F,1,S,F,6,3,5,8,X,H,7,0,P,SUBA,FOR,UT,99,17,3125,,0,994,,G,,F,4,150,,,15R205,,,,,,0,0,000000000,00000000000,0,0,0,1,0,0,0,0,0,0,0,75,0,2,1,0,6,2,1,0,0,0,1,50,5101,6,1,0,0,3,0,69,145,0,0,0,0,1,10,2010,10,2010,0,0,0,0,0,3,2,65,2,3,2,1,0,0,14,8,6,7,6,98,1,1
50,500051,1,1,1,2,9,2,23,35,0,1,0,50,2,20,471,20471,30,1995,1GCDT14W6SK1,1,G,C,D,T,1,4,W,6,S,K,1,0,T,CHEV,S14,PK,95,17,,1,1179,1083,S,G,,,6,262,,,,B,00000,00,,44,0,0,000000000,00000000000,0,0,0,1,0,0,0,0,0,0,0,40,0,0,0,12,6,2,35,0,0,0,1,50,5201,1,1,0,0,2,0,72,245,0,2,0,0,0,12,2010,1,2011,0,36,0,0,0,1,2,30,3,6,4,1,0,0,14,8,1,9,4,2,1,1
50,500052,1,2,1,7,9,5,51,12,6,1,0,50,1,12,481,12481,31,2011,1FT8W3BTXBEB,1,F,T,8,W,3,B,T,X,B,E,B,0,T,FORD,F3S,CW,11,17,,3,1724,1562,SRW,D,,,8,409,,,,D,6593,00,7,44,0,0,000000000,00000000000,0,0,0,1,0,0,0,0,0,0,0,5,0,0,0,7,2,3,12,0,0,0,1,50,5652,6,1,0,0,3,0,67,195,0,0,0,0,0,0,0,0,0,0,38,0,0,0,0,0,0,0,0,0,0,20,3,11,15,11,1,1,68,0,0
50,500052,2,2,1,7,9,5,51,12,6,1,0,50,1,53,709,53709,80,1979,GS55OE116259,G,S,5,5,O,E,1,1,6,2,5,9,0,M,SUZI,,,79,12,,,,,,,,,,,,,,,,,,,0,0,000000000,00000000000,0,0,0,1,0,0,0,0,0,0,0,999,0,0,0,12,4,3,12,0,0,0,1,50,5847,6,1,0,0,3,0,72,240,0,0,0,0,0,0,0,0,0,1,0,0,0,0,1,2,50,1,5,2,1,0,0,1,72,99,9,1,69,1,0
50,500053,1,1,1,16,9,14,42,1,0,1,0,92,0,98,998,98998,92,1972,000000000000,0,0,0,0,0,0,0,0,0,0,0,0,1,,,,,,,,,,,,,,,,,,,,,,,,,1,0,000000000,00000000000,8,0,0,1,0,0,0,0,0,0,0,10,0,2,5,0,2,3,1,0,0,0,1,50,5675,6,1,6,0,3,0,68,185,0,0,0,0,0,0,0,0,0,0,0,0,0,0,1,2,35,1,6,4,1,0,0,1,13,1,1,4,1,1,0
50,500054,1,2,1,24,9,9,10,12,2,1,0,50,1,37,31,37031,4,2005,2HGES26765H5,2,H,G,E,S,2,6,7,6,5,H,5,0,P,HOND,UAX,4D,5,17,2668,,0,1031,,G,,F,4,102,,,15R195,,,,,,0,0,000000000,00000000000,0,0,0,1,0,0,0,0,0,0,0,999,0,0,0,12,6,2,12,0,0,0,1,50,5661,1,1,0,0,2,0,61,125,0,2,2,0,0,12,2011,3,2012,0,28,0,0,0,1,2,50,1,1,2,1,0,0,1,10,1,1,2,50,1,1
50,500054,2,2,1,24,9,9,10,12,2,1,0,50,3,84,881,84881,63,2007,1HTXLAHTX7J4,1,H,T,X,L,A,H,T,X,7,J,4,1,T,INTL,55I,CC,7,17,,8,0,0,550,D,,,6,661,,,,,00000,00,,64,1,57,267560,57267560,3,4,4,1,0,0,0,0,0,0,0,45,0,0,0,12,6,2,12,0,0,0,1,50,5446,6,1,6,0,3,3,66,170,0,0,0,0,0,0,0,0,0,0,0,0,0,0,1,2,50,1,1,2,1,0,0,1,62,9,2,1,51,0,0
50,500055,1,2,3,24,9,18,8,12,6,1,0,50,1,55,37,55037,2,2000,KMHJG35F1YU1,K,M,H,J,G,3,5,F,1,Y,U,1,0,P,HYUN,TIB,CP,0,17,2633,,0,974,,G,,F,4,121,,,15R195,,,,,,0,0,000000000,00000000000,0,0,0,1,0,0,0,0,0,0,0,999,0,0,0,9,6,2,12,0,0,0,1,50,5857,6,2,0,0,3,0,71,130,0,0,0,0,0,0,0,0,0,0,37,38,39,0,1,2,50,1,1,2,1,20,3,11,15,1,1,2,82,1,0
50,500055,2,2,1,24,9,18,8,12,6,1,0,50,2,7,482,7482,31,2002,3B6MF36CX2M2,3,B,6,M,F,3,6,C,X,2,M,2,0,T,DODG,350,PK,2,17,,3,0,0,RPC,D,,,6,359,,,,D,00000,00,E,44,0,0,000000000,00000000000,0,0,0,1,0,0,0,0,0,0,0,50,0,0,0,12,6,2,12,0,0,0,1,50,5855,6,1,0,0,3,0,67,190,0,0,0,2,1,3,2010,5,2012,0,0,0,0,0,1,2,50,1,1,2,1,0,0,1,67,8,2,1,83,0,0
50,500056,1,1,3,26,9,18,4,14,0,1,0,50,2,49,40,49040,4,2004,JTDBE32K9402,J,T,D,B,E,3,2,K,9,4,0,2,0,P,TOYT,XLL,4D,4,17,3086,,0,1071,,G,,F,4,144,,,15R215,,,,,,0,0,000000000,00000000000,0,0,0,1,0,0,0,0,0,0,0,999,0,0,0,12,6,2,14,0,0,0,1,50,5701,6,1,0,0,3,0,70,165,0,0,0,0,0,0,0,0,0,1,36,0,0,0,1,2,30,1,1,2,1,0,0,1,8,1,1,4,6,0,1
50,500057,1,1,1,28,9,0,42,42,0,1,0,50,3,49,40,49040,4,2012,4T1BF1FKXCU5,4,T,1,B,F,1,F,K,X,C,U,5,0,P,TOYT,CBA,4D,12,17,3190,,0,1093,,G,,F,4,152,,,16R205,,,,,,0,0,000000000,00000000000,0,0,0,1,0,0,0,0,0,0,0,75,0,0,0,11,6,2,42,0,0,0,1,50,5672,6,1,0,0,3,0,64,120,0,2,2,0,0,9,2009,4,2010,1,0,0,0,0,1,2,35,2,5,2,1,0,0,14,12,1,1,4,6,1,1
50,500058,1,1,1,28,9,9,45,42,0,1,0,50,2,2,404,2404,14,2000,1J4FF48S8YL1,1,J,4,F,F,4,8,S,8,Y,L,1,0,T,JEEP,SPT,4W,0,17,,1,0,1014,CHK,G,,,6,244,,,,,3247,00,E,44,0,0,000000000,00000000000,0,0,0,1,0,0,0,0,0,0,0,999,0,1,5,99,6,2,42,0,0,0,1,50,5681,1,1,0,0,2,0,71,200,0,5,2,0,3,6,2010,3,2011,0,0,0,0,0,1,2,50,1,1,2,1,0,0,1,12,1,1,4,6,1,1
50,500059,1,1,1,6,10,2,24,8,0,1,1,50,1,49,403,49403,14,2002,JTEHF21A7200,J,T,E,H,F,2,1,A,7,2,0,0,0,P,TOYT,HIG,UT,2,17,3880,,0,1069,,G,,F,6,183,,,16R225,,,,,,0,0,000000000,00000000000,0,0,0,1,0,0,0,0,0,0,0,70,0,0,0,14,0,1,8,0,0,0,1,50,5001,6,1,0,0,3,0,75,290,0,8,0,3,9,8,2011,7,2012,0,0,0,0,0,3,2,65,1,4,2,2,0,0,1,80,1,1,1,13,0,0
50,500060,1,2,4,6,10,6,45,12,6,1,0,50,2,20,16,20016,2,2002,1G1JC1244271,1,G,1,J,C,1,2,4,4,2,7,1,0,P,CHEV,CAV,CP,2,17,2617,,0,1041,,G,,F,4,133,,,14R195,,,,,,0,0,000000000,00000000000,0,0,0,1,0,0,0,0,0,0,0,999,0,0,0,12,6,2,12,0,0,0,1,50,5647,6,1,0,0,3,0,62,120,0,0,0,0,0,0,0,0,0,1,28,36,0,0,1,2,50,1,1,2,1,0,0,6,10,8,2,4,64,2,0
50,500060,2,2,1,6,10,6,45,12,6,1,0,50,1,49,482,49482,31,2001,5TBBT44111S1,5,T,B,B,T,4,4,1,1,1,S,1,0,T,TOYT,TRS,4C,1,17,,2,0,1283,TUN,G,,,8,285,,,,B,4518,00,U,44,0,0,000000000,00000000000,0,0,0,1,0,0,0,0,0,0,0,45,0,0,0,11,6,2,12,0,0,0,1,50,5658,6,1,0,0,3,3,68,160,0,0,0,0,0,0,0,0,0,0,0,0,0,0,1,2,50,1,1,2,1,0,0,1,54,9,1,4,65,0,0
50,500061,1,2,1,18,10,11,21,12,6,1,0,50,1,37,31,37031,4,1999,2HGEJ6611XH5,2,H,G,E,J,6,6,1,1,X,H,5,0,P,HOND,UCE,4D,99,17,2388,,0,1032,,G,,F,4,097,,,14R185,,,,,,0,0,000000000,00000000000,0,0,0,1,0,0,0,0,0,0,0,999,0,0,0,12,6,2,12,0,0,1,1,50,5250,6,1,0,0,3,3,66,148,0,0,0,0,0,0,0,0,0,0,28,0,0,0,1,2,50,1,1,2,1,0,0,1,10,1,1,4,64,1,0
50,500061,2,2,1,18,10,11,21,12,6,1,0,50,1,20,481,20481,31,2002,2GCEK19TX211,2,G,C,E,K,1,9,T,X,2,1,1,0,T,CHEV,SK1,4C,2,17,,2,1575,1435,SIL,G,,,8,325,,,,B,4910,02,,44,0,0,000000000,00000000000,0,0,0,1,0,0,0,0,0,0,0,35,0,0,0,11,6,2,12,0,0,0,1,50,5262,6,1,0,0,3,0,67,185,0,0,0,0,0,0,0,0,0,0,0,0,0,0,1,2,50,1,1,2,1,0,0,1,62,9,2,4,65,0,0
50,500062,1,3,1,13,11,10,57,35,0,1,0,50,1,37,31,37031,3,1991,2HGED634XMH5,2,H,G,E,D,6,3,4,X,M,H,5,0,P,HOND,CIV,2H,91,17,1867,,0,984,,G,,F,4,091,,,13R165,,,,,,0,0,000000000,00000000000,0,0,0,1,0,0,0,0,0,0,0,48,0,0,0,12,6,2,12,0,0,0,1,50,5363,6,1,0,0,3,0,67,140,2,0,0,0,0,9,2010,8,2012,0,28,39,0,0,1,2,50,2,5,2,2,0,0,14,10,1,1,4,98,1,0
50,500062,2,3,1,13,11,10,57,35,0,1,0,50,3,98,809,98809,63,2001,2FZHAZAS61AJ,2,F,Z,H,A,Z,A,S,6,1,A,J,0,T,STRG,LT9,CC,1,17,,8,0,0,STE,D,,,6,732,,,,,00000,00,,64,0,57,1435142,571435142,3,2,3,1,0,0,0,0,0,0,0,48,0,0,0,82,6,2,12,0,0,0,1,50,5301,6,1,6,0,3,0,72,165,0,0,0,0,0,0,0,0,0,0,0,0,0,0,1,2,50,3,6,2,2,0,0,14,62,9,2,4,3,0,0
50,500062,3,3,3,13,11,10,57,35,0,1,0,50,1,51,43,51043,6,2002,YV1SZ58D3210,Y,V,1,S,Z,5,8,D,3,2,1,0,0,P,VOLV,VXC,SW,2,17,3807,,0,1088,,G,,T,5,149,,,16R215,,,,,,0,0,000000000,00000000000,0,0,0,1,0,0,0,0,0,0,0,45,0,0,0,12,6,2,12,0,0,0,1,50,5353,6,1,0,0,3,0,62,175,0,0,0,0,0,0,0,0,0,0,0,0,0,0,1,2,50,2,5,2,2,0,0,14,62,9,1,1,98,0,0
50,500063,1,1,1,14,11,7,30,42,0,1,0,50,2,7,442,7442,20,2005,1D4GP24R55B2,1,D,4,G,P,2,4,R,5,5,B,2,0,T,DODG,GCS,ES,5,17,,1,0,1193,CAR,G,,,6,201,,,,,3867,00,E,42,0,0,000000000,00000000000,0,0,0,1,0,0,0,0,0,0,0,999,0,0,0,12,6,2,42,0,0,0,1,50,5843,1,7,0,0,2,0,68,185,0,3,0,0,5,9,2010,7,2012,0,0,0,0,0,1,3,55,1,6,2,1,0,0,1,12,1,1,4,6,1,0
50,500064,1,1,1,24,11,17,51,8,0,1,0,50,2,51,43,51043,4,1998,YV1LS5642W14,Y,V,1,L,S,5,6,4,2,W,1,4,0,P,VOLV,SGL,4D,98,17,3300,,0,1049,,G,,T,5,149,,,15R195,,,,,,0,0,000000000,00000000000,0,0,0,1,0,0,0,0,0,0,0,35,0,0,0,12,2,3,8,0,0,0,1,50,5473,6,1,0,0,3,1,65,150,0,0,0,0,0,0,0,0,0,0,36,0,0,0,1,2,30,1,1,2,1,0,0,1,80,1,1,1,13,0,0
50,500065,1,2,1,26,11,6,48,12,6,1,0,50,1,20,402,20402,14,2002,2CNBJ13C3269,2,C,N,B,J,1,3,C,3,2,6,9,0,P,CHEV,TKR,UT,2,17,3027,,0,976,,G,,F,4,122,,,15R205,,,,,,0,0,000000000,00000000000,0,0,0,1,0,0,0,0,0,0,0,999,0,0,0,3,6,2,12,0,0,0,1,50,5701,6,1,0,0,3,0,66,130,0,0,0,0,0,0,0,0,0,1,28,0,0,0,1,2,50,2,5,2,4,0,0,14,5,1,4,2,66,1,0
50,500065,2,2,1,26,11,6,48,12,6,1,0,50,3,23,481,23481,31,2004,1GTHK24U94E2,1,G,T,H,K,2,4,U,9,4,E,2,0,T,GMC,2KH,PK,4,17,,2,0,1330,SIE,G,,,8,364,,,,C,5440,00,U,44,0,0,000000000,00000000000,0,0,0,1,0,0,0,0,0,0,0,45,0,0,0,12,6,2,12,0,0,0,1,50,5701,6,1,6,0,3,0,68,220,0,0,0,0,0,0,0,0,0,0,0,0,0,0,1,2,50,3,6,2,4,0,0,14,62,1,1,1,66,0,0
50,500066,1,1,1,30,11,7,30,8,0,1,0,50,1,37,31,37031,2,2003,1HGEM22903L0,1,H,G,E,M,2,2,9,0,3,L,0,0,P,HOND,UAX,CP,3,17,2553,,0,1031,,G,,F,4,102,,,14R185,,,,,,0,0,000000000,00000000000,0,0,0,1,0,0,0,0,0,0,0,50,0,0,0,1,6,2,8,0,0,0,1,50,5456,6,1,0,0,3,0,66,155,0,0,0,0,0,0,0,0,0,0,0,0,0,0,1,3,50,1,5,2,1,0,0,1,80,1,1,1,13,0,0
50,500067,1,2,1,1,12,17,45,12,2,1,0,50,1,20,37,20037,4,2006,1G1ZT51F96F1,1,G,1,Z,T,5,1,F,9,6,F,1,0,P,CHEV,MLT,4D,6,17,3316,,0,1063,,G,,F,4,134,,,16R215,,,,,,0,0,000000000,00000000000,0,0,0,1,0,0,0,0,0,0,0,999,0,0,0,12,6,2,12,0,0,0,1,50,5459,6,1,0,0,3,3,69,140,0,0,0,0,0,0,0,0,0,1,28,36,0,0,1,2,50,2,3,2,2,0,0,14,10,7,3,2,50,0,0
50,500067,2,2,1,1,12,17,45,12,2,1,0,50,1,41,50,41050,5,2004,1YVFP84C845N,1,Y,V,F,P,8,4,C,8,4,5,N,0,P,MAZD,M6I,4H,4,17,3166,,0,1053,,G,,F,4,138,,,17R215,,,,,,0,0,000000000,00000000000,0,0,0,1,0,0,0,0,0,0,0,999,0,0,0,12,6,2,12,0,0,0,1,50,5478,6,1,0,0,3,3,62,180,0,1,0,1,1,11,2010,5,2011,0,0,0,0,0,1,2,50,3,3,2,2,0,0,14,62,3,2,1,51,1,0