STATE,ST_CASE,VEH_NO,VE_FORMS,NUMOCCS,DAY,MONTH,HOUR,MINUTE,HARM_EV,MAN_COLL,UNITTYPE,HIT_RUN,REG_STAT,OWNER,MAKE,MODEL,MAK_MOD,BODY_TYP,MOD_YEAR,VIN,VIN_1,VIN_2,VIN_3,VIN_4,VIN_5,VIN_6,VIN_7,VIN_8,VIN_9,VIN_10,VIN_11,VIN_12,TOW_VEH,VINTYPE,VINMAKE,VINA_MOD,VIN_BT,VINMODYR,VIN_LNGT,VIN_WGT,WGTCD_TR,WHLBS_LG,WHLBS_SH,SER_TR,FUELCODE,MCYCL_DS,CARBUR,CYLINDER,DISPLACE,MCYCL_CY,MCYCL_WT,TIRE_SZE,TON_RAT,TRK_WT,TRKWTVAR,VIN_REST,WHLDRWHL,J_KNIFE,MCARR_I1,MCARR_I2,MCARR_ID,GVWR,V_CONFIG,CARGO_BT,HAZ_INV,HAZ_PLAC,HAZ_ID,HAZ_CNO,HAZ_REL,BUS_USE,SPEC_USE,EMER_USE,TRAV_SP,UNDERIDE,ROLLOVER,ROLINLOC,IMPACT1,DEFORMED,TOWED,M_HARM,VEH_SC1,VEH_SC2,FIRE_EXP,DR_PRES,L_STATE,DR_ZIP,L_STATUS,L_TYPE,CDL_STAT,L_ENDORS,L_COMPL,L_RESTRI,DR_HGT,DR_WGT,PREV_ACC,PREV_SUS,PREV_DWI,PREV_SPD,PREV_OTH,FIRST_MO,FIRST_YR,LAST_MO,LAST_YR,SPEEDREL,DR_SF1,DR_SF2,DR_SF3,DR_SF4,VTRAFWAY,VNUM_LAN,VSPD_LIM,VALIGN,VPROFILE,VPAVETYP,VSURCOND,VTRAFCON,VTCONT_F,P_CRASH1,P_CRASH2,P_CRASH3,PCRASH4,PCRASH5,ACC_TYPE,DEATHS,DR_DRINK
51,510098,1,1,1,6,2,13,36,30,0,1,0,51,1,49,40,49040,4,2001,4T1BF22K51U9,4,T,1,B,F,2,2,K,5,1,U,9,0,P,TOYT,XLL,4D,1,17,3175,,0,1051,,G,,F,6,183,,,15R205,,,,,,0,0,000000000,00000000000,0,0,0,1,0,0,0,0,0,0,0,30,0,0,0,12,6,2,30,0,0,0,1,51,24382,6,1,0,0,3,0,64,120,1,0,0,0,1,5,2009,7,2009,1,51,0,0,0,1,2,25,1,2,2,1,0,0,1,4,1,7,4,7,1,0
51,510099,1,1,3,2,3,12,7,1,0,1,0,51,1,12,481,12481,31,2000,1FTRX18L3YNA,1,F,T,R,X,1,8,L,3,Y,N,A,0,T,FORD,F15,4C,0,17,,2,1574,1388,COF,G,,,8,330,,,,B,4611,04,U,44,0,0,000000000,00000000000,0,0,0,1,0,0,0,0,0,0,0,45,0,2,2,0,6,2,1,0,0,0,1,51,22960,6,1,0,0,3,0,64,220,0,0,0,0,0,0,0,0,0,0,58,0,0,0,1,2,50,3,2,2,1,0,0,14,13,8,4,4,2,1,0
51,510100,1,1,1,5,3,16,0,16,0,1,0,51,1,12,13,12013,2,1999,3FAKP1132XR1,3,F,A,K,P,1,1,3,2,X,R,1,0,P,FORD,ZCH,CP,99,17,2478,,0,984,,G,,F,4,121,,,14R185,,,,,,0,0,000000000,00000000000,0,0,0,1,0,0,0,0,0,0,0,55,0,0,0,0,6,2,16,0,0,0,1,51,24343,6,1,6,0,3,0,70,198,0,0,0,1,0,4,2010,4,2010,0,0,0,0,0,1,2,55,1,2,2,1,0,0,1,98,3,2,1,0,1,0
51,510101,1,1,1,4,3,5,5,8,0,1,0,51,2,12,35,12035,4,1999,1FAFP66L4XK1,1,F,A,F,P,6,6,L,4,X,K,1,0,P,FORD,CSS,4D,99,17,2774,,0,1065,,G,,F,6,155,,,14R185,,,,,,0,0,000000000,00000000000,0,0,0,1,0,0,0,0,0,0,0,55,0,0,0,12,4,1,8,0,0,0,1,51,24060,6,1,0,0,3,0,68,150,0,0,0,0,0,0,0,0,0,0,0,0,0,0,3,3,55,1,1,2,1,0,0,1,80,1,1,1,13,0,0
51,510102,1,2,1,6,3,3,50,12,2,1,0,47,3,84,881,84881,66,2011,3HSCUAPR6BN3,3,H,S,C,U,A,P,R,6,B,N,3,1,T,INTL,PPR,TR,11,17,,8,0,0,PRO,D,,,6,915,,,,,00000,00,,64,1,47,00557151,4700557151,3,6,1,1,0,0,0,0,0,0,0,65,0,0,0,12,6,2,12,0,0,0,1,51,23224,6,1,6,0,3,0,76,304,0,0,0,0,0,0,0,0,0,0,0,0,0,0,2,2,70,1,1,2,1,0,0,1,63,2,1,1,51,0,0
51,510102,2,2,1,6,3,3,50,12,2,1,0,54,2,20,22,20022,2,2006,1G1AK55F2676,1,G,1,A,K,5,5,F,2,6,7,6,0,P,CHEV,BLS,4D,6,17,3216,,0,1033,,G,,F,4,134,,,15R195,,,,,,0,0,000000000,00000000000,0,0,0,1,0,0,0,0,0,0,0,20,0,0,0,12,6,2,12,0,0,0,1,54,25428,6,1,0,0,3,0,70,145,1,0,0,0,2,3,2009,1,2012,0,51,0,0,0,2,2,70,1,1,2,1,0,0,98,11,1,1,1,50,1,1
51,510103,1,2,1,7,3,11,11,12,1,1,0,47,3,49,40,49040,4,2012,4T1BK1FK5CU5,4,T,1,B,K,1,F,K,5,C,U,5,0,P,TOYT,SXE,4D,12,17,3420,,0,1093,,G,,F,6,214,,,18R225,,,,,,0,0,000000000,00000000000,0,0,0,1,0,0,0,0,0,0,0,60,0,0,0,12,6,2,12,0,0,0,1,47,37601,6,1,0,0,3,0,74,200,0,0,0,0,0,0,0,0,0,0,0,0,0,0,3,2,65,1,1,2,1,0,0,1,50,1,1,1,20,1,0
51,510103,2,2,1,7,3,11,11,12,1,1,0,51,3,82,881,82881,66,2011,1FUJGLDR4BLA,1,F,U,J,G,L,D,R,4,B,L,A,1,T,FRHT,125,TR,11,17,,8,0,0,CSC,D,,,6,903,,,,,00000,00,,64,1,57,14897400,5714897400,3,6,1,1,0,0,0,0,0,0,0,0,0,0,0,6,6,2,12,0,0,0,1,36,14120,6,1,6,0,3,3,69,999,0,0,0,0,0,0,0,0,0,0,0,0,0,0,3,2,65,1,1,2,1,0,0,5,60,1,1,1,21,0,0
51,510104,1,1,1,7,3,16,51,53,0,1,0,51,1,35,472,35472,30,2001,1N6ED27Y11C3,1,N,6,E,D,2,7,Y,1,1,C,3,0,T,NISS,XSC,CW,1,17,,1,0,1161,FRT,G,,,6,201,,,,B,3947,02,U,44,0,0,000000000,00000000000,0,0,0,1,0,0,0,0,0,0,0,25,0,0,0,11,6,2,8,0,0,0,1,51,22408,6,1,0,0,3,0,72,243,0,0,0,0,0,0,0,0,0,0,28,0,0,0,1,2,25,1,2,2,1,20,3,1,81,4,1,4,3,0,0
51,510105,1,1,1,8,3,18,15,42,0,1,0,51,2,37,31,37031,4,1997,1HGEJ6121VL0,1,H,G,E,J,6,1,2,1,V,L,0,0,P,HOND,UCD,CP,97,17,2271,,0,1032,,G,,F,4,097,,,14R185,,,,,,0,0,000000000,00000000000,0,0,0,1,0,0,0,0,0,0,0,75,0,1,2,9,6,2,1,0,0,0,1,51,24563,1,1,0,0,2,0,67,215,3,2,0,2,4,6,2009,1,2012,1,0,0,0,0,1,2,45,1,2,2,1,0,0,1,12,3,7,4,7,1,1
51,510106,1,1,1,8,3,20,50,42,0,1,0,51,1,2,404,2404,14,1996,1J4FJ68S1TL1,1,J,4,F,J,6,8,S,1,T,L,1,0,T,JEEP,SPC,4W,96,17,,1,0,1014,CHK,G,,,6,242,,,,,3008,00,M,44,0,0,000000000,00000000000,0,0,0,1,0,0,0,0,0,0,0,55,0,1,4,12,6,2,1,0,0,0,1,51,23002,6,1,6,0,3,3,69,220,0,0,0,0,0,0,0,0,0,1,0,0,0,0,1,2,40,2,2,2,1,0,0,14,13,2,1,4,1,1,1
51,510107,1,1,1,7,3,2,20,9,0,1,1,51,2,12,401,12401,14,2001,1FMZU77E51UC,1,F,M,Z,U,7,7,E,5,1,U,C,0,P,FORD,EPR,UT,1,17,4332,,0,1259,,G,,F,6,245,,,15R235,,,,,,0,0,000000000,00000000000,0,0,0,1,0,0,0,0,0,0,0,998,0,0,0,12,6,2,9,0,0,0,1,51,24501,6,1,0,0,3,0,69,163,1,0,0,0,1,9,2009,11,2011,0,28,0,0,0,1,2,25,1,2,2,1,0,0,1,83,1,1,2,13,0,0
51,510108,1,2,1,10,3,19,27,12,6,1,0,51,1,53,706,53706,80,2001,JS1GW71A7121,J,S,1,G,W,7,1,A,7,1,2,1,0,M,SUZI,GXR,RC,1,17,,,,,,,1299,,4,,4,474,,,,,,,0,0,000000000,00000000000,0,0,0,1,0,0,0,0,0,0,0,55,0,0,0,10,6,2,12,0,0,0,1,51,23061,6,1,0,0,3,0,68,175,0,0,0,1,1,3,2009,1,2012,0,0,0,0,0,2,2,55,3,1,2,1,20,3,98,98,1,2,1,89,1,0
51,510108,2,2,1,10,3,19,27,12,6,1,0,51,1,49,402,49402,14,2007,JTMZD32V3750,J,T,M,Z,D,3,2,V,3,7,5,0,0,P,TOYT,RG4,UT,7,17,3373,,0,1047,,G,,F,4,144,,,18R235,,,,,,0,0,000000000,00000000000,0,0,0,1,0,0,0,0,0,0,0,40,0,0,0,12,6,2,12,0,0,0,1,51,23072,6,1,0,0,3,3,64,118,0,0,0,0,1,8,2009,8,2009,0,0,0,0,0,2,2,55,3,1,2,1,0,0,14,54,1,1,1,88,0,0
51,510109,1,1,1,10,3,10,56,32,0,1,0,51,1,72,706,72706,80,2004,1HD1FFW1X4Y6,1,H,D,1,F,F,W,1,X,4,Y,6,0,M,HD,TCI,RS,4,17,,,,,,,1450,,2,,4,776,,,,,,,0,0,000000000,00000000000,0,0,0,1,0,0,0,0,0,0,0,70,0,0,0,12,6,2,1,0,0,0,1,51,23666,6,1,0,0,3,0,74,195,0,0,0,0,0,0,0,0,0,1,0,0,0,0,2,2,60,3,2,2,1,0,0,14,13,1,1,4,1,1,0
51,510110,1,1,1,11,3,1,20,1,0,1,0,51,1,37,31,37031,4,1989,1HGED3641KA0,1,H,G,E,D,3,6,4,1,K,A,0,0,P,HOND,CID,4D,89,17,1973,,0,984,,G,,F,4,091,,,13R175,,,,,,0,0,000000000,00000000000,0,0,0,1,0,0,0,0,0,0,0,65,0,2,5,0,6,2,1,0,0,0,1,51,24501,6,1,0,0,3,0,69,195,0,2,0,0,0,4,2010,5,2011,1,0,0,0,0,2,2,55,1,2,2,1,0,0,1,12,3,4,4,2,1,1
51,510111,1,1,1,11,3,16,34,42,0,1,0,51,1,73,704,73704,80,2010,JKAZRCD15AA0,J,K,A,Z,R,C,D,1,5,A,A,0,0,M,KAWK,BZD,RC,10,17,,,,,,,1043,,4,,4,0000,,,,,,,0,0,000000000,00000000000,0,0,0,1,0,0,0,0,0,0,0,50,0,0,0,12,6,2,42,0,0,0,1,51,20148,6,1,0,0,3,0,65,160,0,0,0,1,0,8,2010,8,2010,1,85,0,0,0,1,2,45,3,1,2,1,0,0,14,62,9,7,4,3,1,0
51,510112,1,1,1,12,3,5,18,33,0,1,0,51,2,35,47,35047,4,2009,1N4AL21E69N5,1,N,4,A,L,2,1,E,6,9,N,5,0,P,NISS,ATS,4D,9,17,3179,,0,1093,,G,,F,4,153,,,16R215,,,,,,0,0,000000000,00000000000,0,0,0,1,0,0,0,0,0,0,0,50,0,0,0,1,6,2,42,0,0,0,1,51,23504,6,1,7,0,3,0,69,185,0,0,0,0,0,0,0,0,0,1,0,0,0,0,3,3,45,1,1,2,1,0,0,1,13,1,1,4,1,1,0
51,510113,1,1,1,15,3,6,34,42,0,1,0,51,1,12,481,12481,31,2004,1FTNW21P14EC,1,F,T,N,W,2,1,P,1,4,E,C,0,T,FORD,F2S,CW,4,17,,2,1724,1562,SRW,D,,,8,366,,,,C,6234,00,E,44,0,0,000000000,00000000000,0,0,0,1,0,0,0,0,0,0,0,55,0,0,0,12,6,2,42,0,0,0,1,51,24522,6,1,6,0,3,0,70,185,0,0,0,1,0,6,2009,6,2009,0,0,0,0,0,1,2,55,1,2,2,1,0,0,1,12,1,1,4,6,1,0
51,510114,1,2,1,18,3,1,17,38,0,1,0,51,1,7,41,7041,4,1995,2B3HD46T1SH6,2,B,3,H,D,4,6,T,1,S,H,6,0,P,DODG,INT,4D,95,17,3219,,0,1130,,G,,F,6,201,,,15R205,,,,,,0,0,000000000,00000000000,0,0,0,1,0,0,0,0,0,0,0,75,0,0,0,12,6,2,42,0,0,0,1,51,24528,6,1,0,0,3,0,73,230,1,1,1,0,0,1,2010,9,2011,1,37,0,0,0,1,2,55,2,1,2,1,0,0,14,12,3,4,4,98,1,1
51,510114,2,2,1,18,3,1,17,38,0,1,0,51,3,20,2,20002,4,2008,2G1WS5834812,2,G,1,W,S,5,8,3,4,8,1,2,0,P,CHEV,I/P,4D,8,17,0,,0,1105,,F,,F,6,238,,,16R225,,,,,,0,0,000000000,00000000000,0,0,0,1,0,0,0,0,0,5,1,65,0,0,0,8,6,2,42,41,0,0,1,51,24592,6,1,0,0,3,0,74,215,0,0,0,0,0,0,0,0,0,1,0,0,0,0,1,2,55,2,1,2,1,0,0,14,8,3,4,4,98,0,0
51,510115,1,1,1,17,3,21,37,42,0,1,0,51,2,12,481,12481,31,1990,1FTEF14YXLNA,1,F,T,E,F,1,4,Y,X,L,N,A,0,T,FORD,F15,PK,90,17,,2,1330,1170,COF,G,,,6,300,,,,B,3800,01,A,44,0,0,000000000,00000000000,0,0,0,1,0,0,0,0,0,0,0,40,0,0,0,12,6,8,42,0,0,0,1,51,24526,6,1,0,0,3,0,61,130,0,0,0,0,0,0,0,0,0,0,0,0,0,0,1,2,55,1,1,2,1,0,0,1,12,1,1,4,6,1,0
51,510116,1,1,1,5,3,16,34,42,0,1,0,51,2,37,31,37031,4,2006,1HGCM56336A1,1,H,G,C,M,5,6,3,3,6,A,1,0,P,HOND,ASE,4D,6,17,3197,,0,1079,,G,,F,4,146,,,15R205,,,,,,0,0,000000000,00000000000,0,0,0,1,0,0,0,0,0,0,0,60,0,0,0,9,6,2,42,0,0,0,1,51,22546,6,1,0,0,3,0,66,140,0,8,0,0,2,7,2009,11,2010,0,0,0,0,0,1,2,55,1,3,2,1,0,0,1,13,1,1,4,1,1,1
51,510117,1,1,1,8,3,20,23,8,0,1,0,51,1,35,39,35039,4,2004,1N4BA41E44C8,1,N,4,B,A,4,1,E,4,4,C,8,0,P,NISS,MEL,4D,4,17,3310,,0,1112,,G,,F,6,214,,,17R225,,,,,,0,0,000000000,00000000000,0,0,0,1,0,0,0,0,0,0,0,45,0,0,0,12,6,2,8,0,0,0,1,51,22546,6,1,0,0,3,0,69,145,0,0,0,0,1,6,2011,6,2011,0,0,0,0,0,1,2,45,1,1,2,1,0,0,1,81,1,1,1,13,0,0
51,510118,1,2,1,29,1,13,14,12,6,1,0,51,1,12,3,12003,2,2012,1ZVBP8CF1C52,1,Z,V,B,P,8,C,F,1,C,5,2,0,P,FORD,MGT,CP,12,17,3483,,0,1071,,G,,F,8,305,,,18R235,,,,,,0,0,000000000,00000000000,0,0,0,1,0,0,0,0,0,0,0,84,0,0,0,12,6,2,12,0,0,0,1,51,22310,6,1,0,0,3,0,74,200,0,0,0,0,0,0,0,0,0,1,0,0,0,0,2,2,35,1,1,2,1,7,3,1,17,1,1,1,69,0,0
51,510118,2,2,2,29,1,13,14,12,6,1,0,51,1,49,40,49040,4,1994,JT2GK12E2R00,J,T,2,G,K,1,2,E,2,R,0,0,0,P,TOYT,CLE,4D,94,17,3086,,0,1031,,G,,F,6,183,,,15R205,,,,,,0,0,000000000,00000000000,0,0,0,1,0,0,0,0,0,0,0,23,0,0,0,3,6,2,12,0,0,0,1,51,22309,6,1,0,0,3,0,71,185,0,0,0,0,0,0,0,0,0,0,0,0,0,0,2,2,35,1,1,2,1,7,3,11,66,1,1,1,68,1,0
51,510119,1,1,1,16,3,13,0,38,0,1,0,51,1,35,43,35043,4,2005,3N1CB51DX5L5,3,N,1,C,B,5,1,D,X,5,L,5,0,P,NISS,S18,4D,5,17,2387,,0,998,,G,,F,4,108,,,15R195,,,,,,0,0,000000000,00000000000,0,0,0,1,0,0,0,0,0,0,0,55,0,1,5,8,6,2,1,0,0,0,1,51,24076,6,1,0,0,3,3,65,147,0,0,0,0,0,0,0,0,0,0,0,0,0,0,1,2,55,1,1,2,1,0,0,1,13,2,1,4,1,1,0
51,510120,1,1,3,17,3,1,30,42,0,1,0,51,1,49,32,49032,4,1992,JT2AE94A7N03,J,T,2,A,E,9,4,A,7,N,0,3,0,P,TOYT,CDF,4D,92,17,2257,,0,957,,G,,F,4,097,,,13R155,,,,,,0,0,000000000,00000000000,0,0,0,1,0,0,0,0,0,0,0,40,0,0,0,12,6,2,42,0,0,0,1,51,22827,6,1,6,0,3,3,68,203,0,0,0,1,0,7,2010,7,2010,0,0,0,0,0,1,2,45,2,2,2,1,0,0,14,12,1,1,4,6,2,0
51,510121,1,3,1,18,3,17,50,12,2,1,0,51,1,2,404,2404,14,1997,1J4FJ68S7VL6,1,J,4,F,J,6,8,S,7,V,L,6,0,T,JEEP,SPT,4W,97,17,,1,0,1014,CHK,G,,,6,242,,,,,3244,00,E,44,0,0,000000000,00000000000,0,0,0,1,0,0,0,0,0,0,0,55,0,0,0,12,6,2,12,0,0,0,1,51,24016,6,1,0,0,3,0,74,200,0,0,0,0,1,7,2011,7,2011,0,51,28,0,0,1,2,55,1,1,2,1,0,0,1,54,1,1,2,50,1,0
51,510121,2,3,1,18,3,17,50,12,2,1,0,51,1,20,421,20421,15,2007,1GNDT13S8722,1,G,N,D,T,1,3,S,8,7,2,2,0,P,CHEV,TRL,UT,7,17,4523,,0,1130,,G,,F,6,256,,,17R245,,,,,,0,0,000000000,00000000000,0,0,0,1,0,0,0,0,0,0,0,50,0,0,0,12,6,2,12,0,0,0,1,51,24153,6,1,0,0,3,0,69,240,0,0,0,0,0,0,0,0,0,0,0,0,0,0,1,2,55,1,1,2,1,0,0,1,62,1,1,1,51,0,0
51,510121,3,3,1,18,3,17,50,12,2,1,0,51,2,20,431,20431,16,2002,3GNFK16Z82G2,3,G,N,F,K,1,6,Z,8,2,G,2,0,P,CHEV,K15,UT,2,17,5123,,0,1300,,F,,F,8,325,,,16R245,,,,,,0,0,000000000,00000000000,0,0,0,1,0,0,0,0,0,0,0,50,0,0,0,12,6,2,12,0,0,0,1,51,24127,6,1,6,0,3,3,72,265,0,0,0,0,0,0,0,0,0,0,0,0,0,0,1,2,55,1,1,2,1,0,0,1,51,1,1,1,98,0,0
51,510122,1,1,1,20,3,12,56,43,0,1,0,51,1,49,40,49040,4,1999,4T1BG22K7XU5,4,T,1,B,G,2,2,K,7,X,U,5,0,P,TOYT,UEX,4D,99,17,2998,,0,1051,,G,,F,4,132,,,14R195,,,,,,0,0,000000000,00000000000,0,0,0,1,0,0,0,0,0,0,0,50,0,0,0,12,6,2,39,0,0,1,1,51,20147,6,1,0,0,3,3,69,189,0,0,0,0,0,0,0,0,0,0,0,0,0,0,3,4,50,2,1,2,1,0,0,99,13,1,1,4,1,1,0
51,510123,1,1,1,20,3,14,33,34,0,1,0,51,3,12,881,12881,66,1996,1FDYU90T6TVA,1,F,D,Y,U,9,0,T,6,T,V,A,1,T,FORD,LT9,CC,96,17,,8,2580,1500,COL,D,,,6,638,,,,,13365,08,,64,1,88,888888888,88888888888,3,6,2,1,0,0,0,0,0,0,0,55,0,1,5,1,6,2,1,0,0,0,1,51,24557,6,1,6,0,3,0,67,185,0,0,0,0,0,0,0,0,0,0,0,0,0,0,1,2,55,2,1,2,1,0,0,14,13,2,2,4,1,1,0
51,510124,1,1,1,10,3,18,50,8,0,1,0,18,1,55,35,55035,4,2002,KMHDN45D32U3,K,M,H,D,N,4,5,D,3,2,U,3,0,P,HYUN,EST,4D,2,17,2635,,0,1027,,G,,F,4,121,,,15R195,,,,,,0,0,000000000,00000000000,0,0,0,1,0,0,0,0,0,0,0,25,0,0,0,12,6,2,8,0,0,0,1,18,47408,6,1,0,0,3,0,71,155,0,0,0,0,2,7,2010,8,2011,0,27,0,0,0,1,4,45,1,2,2,1,0,0,15,80,1,1,1,13,0,0
51,510125,1,1,1,21,3,21,25,35,0,1,0,51,3,49,401,49401,14,2011,JTEBU5JR1B50,J,T,E,B,U,5,J,R,1,B,5,0,0,P,TOYT,RUN,UT,11,17,4675,,0,1098,,G,,F,6,244,,,17R265,,,,,,0,0,000000000,00000000000,0,0,0,1,0,0,0,0,0,0,0,55,0,0,0,12,6,2,35,0,0,0,1,51,24251,6,1,0,0,3,0,74,210,0,0,0,0,0,0,0,0,0,0,0,0,0,0,2,4,55,3,2,2,2,0,0,14,87,9,1,4,1,1,0
51,510126,1,1,1,23,3,14,3,42,0,1,0,51,1,6,441,6441,20,2010,2A4RR6DX3AR1,2,A,4,R,R,6,D,X,3,A,R,1,0,P,CHRY,TWC,SV,10,17,4621,,0,1212,,G,,F,6,244,,,17R225,,,,,,0,0,000000000,00000000000,0,0,0,1,0,0,0,0,0,0,0,50,0,0,0,12,6,2,42,0,0,0,1,51,24413,6,1,0,0,3,0,67,250,0,0,0,1,0,7,2011,7,2011,0,0,0,0,0,1,2,55,3,2,2,1,0,0,14,13,1,1,4,1,1,0
51,510127,1,1,1,22,3,20,40,32,0,1,0,51,1,63,35,63035,4,2004,KNALD1247450,K,N,A,L,D,1,2,4,7,4,5,0,0,P,KIA,AV6,4D,4,17,4021,,0,1102,,G,,F,6,213,,,16R225,,,,,,0,0,000000000,00000000000,0,0,0,1,0,0,0,0,0,0,0,70,0,1,2,4,6,2,1,0,0,0,1,51,23176,6,1,0,0,3,0,70,210,1,2,0,2,0,10,2010,6,2011,1,0,0,0,0,2,2,55,2,2,2,1,0,0,14,13,2,7,4,2,1,0
51,510128,1,1,1,24,3,19,50,42,0,1,0,51,1,22,32,22032,6,2005,5Y2SL63885Z4,5,Y,2,S,L,6,3,8,8,5,Z,4,0,P,PONT,VIB,4H,5,17,2700,,0,1024,,G,,F,4,110,,,16R205,,,,,,0,0,000000000,00000000000,0,0,0,1,0,0,0,0,0,0,0,50,0,0,0,12,6,2,42,0,0,0,1,51,23002,6,1,0,0,3,0,70,150,0,0,0,0,1,4,2011,4,2011,1,0,0,0,0,1,2,45,3,1,2,2,0,0,14,12,2,7,4,7,1,1
51,510129,1,2,2,24,3,9,15,12,6,1,0,51,2,7,472,7472,30,1998,1B7GL22X6WS5,1,B,7,G,L,2,2,X,6,W,S,5,0,T,DODG,DAK,PC,98,17,,1,0,1309,DAK,G,,,6,239,,,,,3434,00,U,42,0,0,000000000,00000000000,0,0,0,1,0,0,0,0,0,0,0,10,0,0,0,10,6,2,12,0,0,0,1,51,23954,6,1,0,0,3,0,71,160,1,0,0,0,0,6,2009,6,2009,0,38,0,0,0,1,2,0,1,2,2,2,0,0,11,15,1,1,7,68,1,0
51,510129,2,2,1,24,3,9,15,12,6,1,0,51,2,20,481,20481,31,2001,1GCJK39181E2,1,G,C,J,K,3,9,1,8,1,E,2,0,T,CHEV,SK3,4C,1,17,,3,0,1575,SIL,D,,,8,403,,,,D,6318,00,,44,0,0,000000000,00000000000,0,0,0,1,0,0,0,0,0,0,0,45,0,0,0,12,6,2,12,0,0,0,1,51,23964,6,1,6,0,3,0,68,180,0,0,0,0,0,0,0,0,0,0,0,0,0,0,1,2,45,1,2,2,2,0,0,1,72,1,1,1,69,0,0
51,510130,1,3,2,25,3,1,25,12,1,1,0,51,2,2,404,2404,14,1993,1J4FT78S4PL5,1,J,4,F,T,7,8,S,4,P,L,5,0,T,JEEP,CTY,4W,93,17,,1,0,1014,CHK,G,,,6,242,,,,,2985,01,A,42,0,0,000000000,00000000000,0,0,0,1,0,0,0,0,0,0,0,55,0,1,1,6,6,2,12,0,0,0,1,51,23418,6,1,0,0,3,0,69,155,0,1,0,0,0,9,2011,9,2011,0,0,0,0,0,2,2,55,1,1,2,1,0,0,1,53,1,1,1,98,1,0
51,510130,2,3,1,25,3,1,25,12,1,1,0,51,2,59,32,59032,4,2004,JTHBN36FX401,J,T,H,B,N,3,6,F,X,4,0,1,0,P,LEXS,L43,4D,4,17,3945,,0,1152,,G,,F,8,262,,,17R225,,,,,,0,0,000000000,00000000000,0,0,0,1,0,0,0,0,0,0,0,55,0,0,0,12,6,2,12,0,0,0,1,51,22473,6,1,0,0,3,0,69,139,0,0,0,0,0,0,0,0,0,0,0,0,0,0,2,2,55,1,1,2,1,0,0,1,50,1,1,1,98,0,0
51,510130,3,3,1,25,3,1,25,12,1,1,1,24,1,42,47,42047,2,2002,WDBLJ65G72T1,W,D,B,L,J,6,5,G,7,2,T,1,0,P,MERZ,CLK,CP,2,17,3165,,0,1059,,G,,F,6,195,,,16R205,,,,,,0,0,000000000,00000000000,0,0,0,1,0,0,0,0,0,0,0,90,0,0,0,12,6,2,12,0,0,0,1,51,23421,2,1,0,0,2,0,72,152,0,1,0,0,0,3,2010,3,2010,1,0,0,0,0,2,2,55,1,1,2,1,0,0,1,51,2,1,1,98,0,0
51,510131,1,1,2,24,3,23,8,33,0,1,0,51,1,6,51,6051,4,1999,2C3HE66G4XH6,2,C,3,H,E,6,6,G,4,X,H,6,0,P,CHRY,30M,4D,99,17,3474,,0,1130,,G,,F,6,215,,,17R225,,,,,,0,0,000000000,00000000000,0,0,0,1,0,0,0,0,0,0,0,999,0,0,0,3,6,2,30,0,0,0,1,51,22902,2,1,2,0,2,0,72,195,0,0,0,0,0,0,0,0,0,1,0,0,0,0,2,4,40,1,2,2,2,0,0,1,13,1,1,4,1,1,1
51,510132,1,2,1,27,3,13,0,12,6,1,0,51,1,49,43,49043,4,2007,4T1BK36B57U2,4,T,1,B,K,3,6,B,5,7,U,2,0,P,TOYT,UTS,4D,7,17,3495,,0,1071,,G,,F,6,214,,,16R215,,,,,,0,0,000000000,00000000000,0,0,0,1,0,0,0,0,0,0,0,998,0,0,0,10,6,2,12,0,0,0,1,51,22901,6,1,0,0,3,0,63,130,0,0,0,0,0,0,0,0,0,0,39,0,0,0,3,2,55,1,2,2,1,3,3,1,17,4,1,1,89,1,0
51,510132,2,2,1,27,3,13,0,12,6,1,0,0,0,99,998,99998,93,2003,000000000000,0,0,0,0,0,0,0,0,0,0,0,0,0,,,,,,,,,,,,,,,,,,,,,,,,,0,88,888888888,88888888888,3,19,4,1,0,0,0,0,0,0,0,998,0,0,0,12,2,1,12,39,0,0,1,51,22903,6,1,0,0,3,0,73,240,0,0,0,0,0,0,0,0,0,0,0,0,0,0,3,2,55,1,2,2,1,3,3,1,66,4,1,1,88,0,0
51,510133,1,1,1,29,3,12,50,24,0,1,0,51,3,84,884,84884,66,1987,1HSREX6R4HHB,1,H,S,R,E,X,6,R,4,H,H,B,1,T,INTL,C7E,TR,87,17,,8,1950,1420,C96,D,,,6,893,,,,,00000,00,,64,1,57,01367175,5701367175,3,6,4,1,0,0,0,0,0,0,0,55,0,1,1,9,6,2,1,0,0,0,1,51,24656,6,1,6,3,3,3,69,185,0,0,0,0,0,0,0,0,0,1,0,0,0,0,3,2,45,3,1,2,1,0,0,14,8,2,7,4,6,1,0
51,510134,1,1,1,25,3,0,2,42,0,1,0,51,2,41,402,41402,14,2002,4F2YU08142KM,4,F,2,Y,U,0,8,1,4,2,K,M,0,P,MAZD,TRI,UT,2,17,3455,,0,1031,,G,,F,6,181,,,16R235,,,,,,0,0,000000000,00000000000,0,0,0,1,0,0,0,0,0,0,0,55,0,0,0,3,6,2,42,0,0,0,1,51,22802,6,1,0,0,3,0,71,215,0,0,0,1,0,12,2009,12,2009,0,0,0,0,0,1,2,55,1,1,2,6,0,0,1,5,2,7,4,7,1,1