STATE,ST_CASE,VEH_NO,VE_FORMS,NUMOCCS,DAY,MONTH,HOUR,MINUTE,HARM_EV,MAN_COLL,UNITTYPE,HIT_RUN,REG_STAT,OWNER,MAKE,MODEL,MAK_MOD,BODY_TYP,MOD_YEAR,VIN,VIN_1,VIN_2,VIN_3,VIN_4,VIN_5,VIN_6,VIN_7,VIN_8,VIN_9,VIN_10,VIN_11,VIN_12,TOW_VEH,VINTYPE,VINMAKE,VINA_MOD,VIN_BT,VINMODYR,VIN_LNGT,VIN_WGT,WGTCD_TR,WHLBS_LG,WHLBS_SH,SER_TR,FUELCODE,MCYCL_DS,CARBUR,CYLINDER,DISPLACE,MCYCL_CY,MCYCL_WT,TIRE_SZE,TON_RAT,TRK_WT,TRKWTVAR,VIN_REST,WHLDRWHL,J_KNIFE,MCARR_I1,MCARR_I2,MCARR_ID,GVWR,V_CONFIG,CARGO_BT,HAZ_INV,HAZ_PLAC,HAZ_ID,HAZ_CNO,HAZ_REL,BUS_USE,SPEC_USE,EMER_USE,TRAV_SP,UNDERIDE,ROLLOVER,ROLINLOC,IMPACT1,DEFORMED,TOWED,M_HARM,VEH_SC1,VEH_SC2,FIRE_EXP,DR_PRES,L_STATE,DR_ZIP,L_STATUS,L_TYPE,CDL_STAT,L_ENDORS,L_COMPL,L_RESTRI,DR_HGT,DR_WGT,PREV_ACC,PREV_SUS,PREV_DWI,PREV_SPD,PREV_OTH,FIRST_MO,FIRST_YR,LAST_MO,LAST_YR,SPEEDREL,DR_SF1,DR_SF2,DR_SF3,DR_SF4,VTRAFWAY,VNUM_LAN,VSPD_LIM,VALIGN,VPROFILE,VPAVETYP,VSURCOND,VTRAFCON,VTCONT_F,P_CRASH1,P_CRASH2,P_CRASH3,PCRASH4,PCRASH5,ACC_TYPE,DEATHS,DR_DRINK
51,510167,1,2,1,15,4,18,59,12,2,1,0,24,1,73,709,73709,80,2010,JKAZXCF18AA0,J,K,A,Z,X,C,F,1,8,A,A,0,0,M,KAWK,Z0F,RC,10,17,,,,,,,998,,4,,4,459,,,,,,,0,0,000000000,00000000000,0,0,0,1,0,0,0,0,0,0,0,45,0,0,0,12,6,2,12,0,0,0,1,48,79928,6,1,0,0,2,0,999,999,0,4,0,2,1,8,2009,6,2011,0,51,0,0,0,1,2,45,1,3,2,1,0,0,1,10,1,1,1,50,1,0
51,510167,2,2,2,15,4,18,59,12,2,1,0,51,1,21,401,21401,14,2003,1GHDT13S9321,1,G,H,D,T,1,3,S,9,3,2,1,0,P,OLDS,BRA,UT,3,17,4628,,0,1130,,G,,F,6,256,,,17R255,,,,,,0,0,000000000,00000000000,0,0,0,1,0,0,0,0,0,0,0,47,0,1,5,12,6,2,1,0,0,0,1,51,20111,6,1,0,0,3,0,67,154,0,0,0,0,0,0,0,0,0,0,0,0,0,0,1,2,45,1,3,2,1,0,0,1,62,9,1,1,51,0,0
51,510168,1,2,1,15,4,16,44,12,6,1,0,51,1,76,706,76706,80,2003,JYARN10EX3A0,J,Y,A,R,N,1,0,E,X,3,A,0,0,M,YAMA,YFR,RC,3,17,,,,,,,998,,4,,4,382,,,,,,,0,0,000000000,00000000000,0,0,0,1,0,0,0,0,0,0,0,80,0,0,0,12,6,2,12,0,0,0,1,51,24018,6,1,0,0,3,0,72,160,0,1,0,6,0,7,2009,1,2012,1,28,0,0,0,2,4,45,1,2,2,1,0,0,1,62,1,1,1,69,1,0
51,510168,2,2,1,15,4,16,44,12,6,1,0,51,2,49,472,49472,30,2001,5TEWN72N21Z8,5,T,E,W,N,7,2,N,2,1,Z,8,0,T,TOYT,XTR,PC,1,17,,1,0,1219,TAC,G,,,6,206,,,,B,3515,00,U,44,0,0,000000000,00000000000,0,0,0,1,0,0,0,0,0,0,0,10,0,0,0,3,6,2,12,0,0,0,1,51,24016,6,1,0,0,3,0,68,145,0,0,0,0,0,0,0,0,0,0,0,0,0,0,2,4,45,1,2,2,1,0,0,11,54,1,1,1,68,0,0
51,510169,1,2,1,3,4,9,30,12,6,1,0,51,1,55,36,55036,4,2001,KMHCG45C71U1,K,M,H,C,G,4,5,C,7,1,U,1,0,P,HYUN,AGL,4D,1,17,2290,,0,961,,G,,F,4,098,,,13R175,,,,,,0,0,000000000,00000000000,0,0,0,1,0,0,0,0,0,0,0,10,0,0,0,8,6,2,12,0,0,0,1,51,24594,6,1,0,0,3,0,66,110,0,0,0,0,0,0,0,0,0,0,38,0,0,0,2,2,55,1,2,2,1,20,3,1,54,1,1,1,89,1,0
51,510169,2,2,1,3,4,9,30,12,6,1,0,51,1,7,20,7020,4,2002,1B3ES56C72D5,1,B,3,E,S,5,6,C,7,2,D,5,0,P,DODG,ESN,4D,2,17,2662,,0,1050,,G,,F,4,122,,,15R185,,,,,,0,0,000000000,00000000000,0,0,0,1,0,0,0,0,0,0,0,60,0,0,0,12,6,2,12,0,0,0,1,51,24577,6,1,0,0,3,0,68,215,0,0,0,1,0,3,2012,3,2012,1,0,0,0,0,2,2,55,1,2,2,1,0,0,1,66,2,1,1,88,0,0
51,510170,1,1,6,17,4,6,14,32,0,1,0,51,1,49,422,49422,15,2004,5TDZT34A94S2,5,T,D,Z,T,3,4,A,9,4,S,2,0,P,TOYT,SEQ,UT,4,17,5070,,0,1181,,G,,F,8,285,,,16R245,,,,,,0,0,000000000,00000000000,0,0,0,1,0,0,0,0,0,0,0,55,0,1,3,11,6,2,1,0,0,0,1,51,23456,6,1,0,0,3,0,68,170,0,0,0,0,0,0,0,0,0,0,0,0,0,0,2,2,55,1,2,2,1,0,0,1,12,4,7,4,6,1,0
51,510171,1,2,1,17,4,8,28,12,1,1,0,51,1,37,32,37032,4,1998,1HGCG565XWA2,1,H,G,C,G,5,6,5,X,W,A,2,0,P,HOND,UEX,4D,98,17,2985,,0,1069,,G,,F,4,138,,,15R195,,,,,,0,0,000000000,00000000000,0,0,0,1,0,0,0,0,0,0,0,25,0,0,0,12,6,2,12,0,0,0,1,51,24055,6,1,0,0,3,0,61,123,2,0,0,1,0,7,2011,1,2012,1,0,0,0,0,1,2,10,2,3,2,1,0,0,14,51,1,1,1,24,0,0
51,510171,2,2,1,17,4,8,28,12,1,1,0,51,3,98,998,98998,97,2002,000000000000,0,0,0,0,0,0,0,0,0,0,0,0,0,,,,,,,,,,,,,,,,,,,,,,,,,0,0,000000000,00000000000,0,0,0,1,0,0,0,0,0,0,0,8,0,0,0,6,6,2,12,42,0,0,1,51,24112,6,1,0,0,3,0,73,235,0,0,0,0,0,0,0,0,0,0,0,0,0,0,1,2,10,2,3,2,1,0,0,14,53,1,1,1,25,1,0
51,510172,1,1,1,18,4,6,14,8,0,1,0,51,1,12,401,12401,14,2004,1FMZU73K64UB,1,F,M,Z,U,7,3,K,6,4,U,B,0,P,FORD,EPR,UT,4,17,4094,,0,1137,,F,,F,6,245,,,16R235,,,,,,0,0,000000000,00000000000,0,0,0,1,0,0,0,0,0,0,0,35,0,0,0,12,2,1,8,0,0,0,1,51,24012,6,1,0,0,3,0,61,145,0,0,0,0,0,0,0,0,0,0,0,0,0,0,1,3,35,1,1,2,2,0,0,1,80,1,1,1,13,0,0
51,510173,1,2,1,18,4,23,40,12,1,1,0,93,3,82,881,82881,66,2011,1FUJGLDR4BLA,1,F,U,J,G,L,D,R,4,B,L,A,1,T,FRHT,125,TR,11,17,,8,0,0,CSC,D,,,6,903,,,,,00000,00,,64,1,48,05114200,4805114200,3,6,1,1,0,0,0,0,0,0,0,0,0,0,0,6,6,2,12,0,0,0,1,13,39819,6,1,6,0,3,0,71,175,98,2,0,0,6,5,2009,2,2012,0,54,0,0,0,3,3,70,1,1,2,1,0,0,5,60,1,1,1,21,0,0
51,510173,2,2,1,18,4,23,40,12,1,1,0,51,1,35,47,35047,4,1996,1N4BU31D0TC1,1,N,4,B,U,3,1,D,0,T,C,1,0,P,NISS,AGS,4D,96,17,2756,,0,1031,,G,,F,4,146,,,15R205,,,,,,0,0,000000000,00000000000,0,0,0,1,0,0,0,0,0,0,0,90,0,0,0,12,6,2,12,0,0,0,1,51,23005,6,1,0,0,3,0,71,250,0,2,0,0,0,10,2010,6,2011,1,28,0,0,0,3,3,70,1,1,2,1,0,0,1,50,1,1,2,20,1,1
51,510174,1,1,1,19,4,14,28,42,0,1,0,51,2,20,471,20471,30,1997,1GCCS1449VK1,1,G,C,C,S,1,4,4,9,V,K,1,0,T,CHEV,S14,PK,97,17,,1,1179,1083,S,G,,,4,133,,,,B,3062,00,,42,0,0,000000000,00000000000,0,0,0,1,0,0,0,0,0,0,0,998,0,1,5,9,6,2,1,0,0,0,1,51,23847,6,1,0,0,3,0,70,120,1,0,0,0,0,10,2009,10,2009,0,0,0,0,0,1,2,35,3,2,2,1,0,0,14,13,8,1,4,1,1,1
51,510175,1,2,1,19,4,18,40,20,0,1,0,51,1,7,461,7461,21,1997,2B7HB21Y0VK5,2,B,7,H,B,2,1,Y,0,V,K,5,0,T,DODG,25B,CG,97,17,,2,1272,1096,RMV,G,,,8,318,,,,C,3692,03,M,42,0,0,000000000,00000000000,0,0,0,1,0,0,0,0,0,0,0,55,0,0,0,12,6,2,12,0,0,0,1,51,23541,6,1,0,0,3,0,74,297,1,0,0,0,0,10,2010,10,2010,0,0,0,0,0,2,8,55,1,1,1,1,97,8,1,13,1,1,4,1,1,1
51,510175,2,2,1,19,4,18,40,20,0,1,0,39,1,12,17,12017,4,1999,1FAFP53U3XA3,1,F,A,F,P,5,3,U,3,X,A,3,0,P,FORD,TSE,4D,99,17,3353,,0,1085,,G,,F,6,182,,,15R205,,,,,,0,0,000000000,00000000000,0,0,0,1,0,0,0,0,0,0,0,55,0,0,0,12,6,2,12,0,0,0,1,39,45426,6,1,0,0,3,0,62,105,1,0,0,0,1,2,2011,3,2011,0,0,0,0,0,2,8,55,1,1,1,1,0,0,1,61,1,1,1,98,0,0
51,510176,1,2,1,21,4,2,13,12,6,1,0,51,1,12,401,12401,14,1997,1FMDU34E7VUC,1,F,M,D,U,3,4,E,7,V,U,C,0,P,FORD,EPR,UT,97,17,4166,,0,1115,,G,,F,6,245,,,15R225,,,,,,0,0,000000000,00000000000,0,0,0,1,0,0,0,0,0,0,0,998,0,0,0,12,6,2,12,0,0,0,1,51,24551,6,1,0,0,3,0,66,130,1,0,0,0,1,8,2009,8,2009,1,39,0,0,0,3,2,45,1,2,2,1,21,3,1,54,4,1,1,83,0,1
51,510176,2,2,2,21,4,2,13,12,6,1,0,51,1,37,31,37031,2,2005,2HGES15645H5,2,H,G,E,S,1,5,6,4,5,H,5,0,P,HOND,UCL,4D,5,17,2560,,0,1031,,G,,F,4,102,,,15R195,,,,,,0,0,000000000,00000000000,0,0,0,1,0,0,0,0,0,0,0,45,0,0,0,3,6,2,12,0,0,0,1,51,24502,6,1,0,0,3,0,73,165,0,0,0,0,0,0,0,0,0,0,0,0,0,0,3,2,45,1,2,2,1,0,0,11,54,4,1,1,82,2,1
51,510177,1,1,1,21,4,2,3,8,0,1,1,51,1,37,32,37032,4,2006,1HGCM56736A1,1,H,G,C,M,5,6,7,3,6,A,1,0,P,HOND,UEX,4D,6,17,3142,,0,1079,,G,,F,4,146,,,16R205,,,,,,0,0,000000000,00000000000,0,0,0,1,0,0,0,0,0,0,0,998,0,0,0,1,6,2,8,0,0,0,1,51,23225,6,1,0,0,3,0,63,120,1,0,0,0,0,5,2010,5,2010,0,91,0,0,0,1,4,25,1,1,2,1,3,3,1,80,1,1,1,13,0,0
51,510178,1,1,1,23,4,5,20,1,0,1,0,51,1,12,471,12471,30,1994,1FTCR10A3RPA,1,F,T,C,R,1,0,A,3,R,P,A,0,T,FORD,RNG,PK,94,17,,1,1140,1080,RNG,G,,,4,140,,,,B,2918,00,A,42,0,0,000000000,00000000000,0,0,0,1,0,0,0,0,0,0,0,35,0,2,5,0,6,2,17,0,0,0,1,51,22737,6,1,0,0,3,0,73,285,0,0,0,0,0,0,0,0,0,1,0,0,0,0,1,2,30,2,2,2,2,0,0,14,13,1,1,4,1,1,0
51,510179,1,2,1,10,4,13,52,12,2,1,0,51,2,12,461,12461,21,2003,1FDWE35L43HB,1,F,D,W,E,3,5,L,4,3,H,B,0,T,FORD,3DC,YY,3,17,,3,1760,1380,CTV,G,,,8,330,,,,,00000,00,E,42,0,0,000000000,00000000000,0,0,0,1,0,0,0,0,0,0,0,10,0,0,0,12,6,2,12,0,0,0,1,51,22442,6,1,0,0,3,3,68,165,0,0,0,0,1,5,2009,5,2009,0,38,0,0,0,1,2,55,1,1,2,1,20,3,11,66,1,1,1,68,0,0
51,510179,2,2,2,10,4,13,52,12,2,1,0,51,1,20,37,20037,4,2002,1G1ND52JX2M7,1,G,1,N,D,5,2,J,X,2,M,7,0,P,CHEV,MAL,4D,2,17,3053,,0,1070,,G,,F,6,191,,,15R215,,,,,,0,0,000000000,00000000000,0,0,0,1,0,0,0,0,0,0,0,45,0,0,0,12,6,2,12,0,0,0,1,51,22520,6,1,0,0,3,3,61,162,0,0,0,0,0,0,0,0,0,0,0,0,0,0,1,2,55,1,1,2,1,0,0,1,54,1,1,2,69,1,0
51,510180,1,1,2,23,4,14,33,42,0,1,0,51,1,6,52,6052,1,2008,3A8FY48B58T2,3,A,8,F,Y,4,8,B,5,8,T,2,0,P,CHRY,PTC,SV,8,17,3076,,0,1030,,G,,F,4,148,,,15R195,,,,,,0,0,000000000,00000000000,0,0,0,1,0,0,0,0,0,0,0,998,0,0,0,12,6,2,42,0,0,0,1,51,23936,6,1,0,0,3,0,71,210,0,0,0,0,0,0,0,0,0,0,0,0,0,0,1,2,45,4,3,2,2,0,0,14,13,1,1,4,1,1,0
51,510181,1,1,1,25,4,13,40,8,0,1,0,12,1,35,47,35047,4,2004,1N4AL11D14C1,1,N,4,A,L,1,1,D,1,4,C,1,0,P,NISS,ABS,4D,4,17,2913,,0,1102,,G,,F,4,153,,,16R205,,,,,,0,0,000000000,00000000000,0,0,0,1,0,0,0,0,0,0,0,60,0,0,0,12,6,2,8,0,0,0,1,12,34677,6,1,0,0,3,3,74,999,0,0,0,0,1,11,2011,11,2011,0,0,0,0,0,2,4,70,1,2,2,1,0,0,1,50,6,1,2,13,0,0
51,510183,1,1,4,26,4,16,13,1,0,1,0,51,1,23,431,23431,16,1997,1GKFK16RXVJ7,1,G,K,F,K,1,6,R,X,V,J,7,0,T,GMC,KSU,4W,97,17,,2,0,1315,K15,G,,,8,350,,,,B,00000,00,E,44,0,0,000000000,00000000000,0,0,0,1,0,0,0,0,0,0,0,60,0,2,5,0,6,2,1,0,0,0,1,51,22642,6,1,0,0,3,0,73,185,1,0,0,0,0,9,2009,9,2009,1,58,0,0,0,1,2,35,1,2,2,1,0,0,1,13,9,1,4,1,1,1
51,510184,1,1,1,27,4,11,19,24,0,1,0,51,2,7,402,7402,14,2000,1B4HS28Z0YF1,1,B,4,H,S,2,8,Z,0,Y,F,1,0,P,DODG,DUR,UT,0,17,4462,,0,1159,,G,,F,8,360,,,15R235,,,,,,0,0,000000000,00000000000,0,0,0,1,0,0,0,0,0,0,0,60,0,1,1,11,6,2,1,0,0,0,1,51,24084,6,1,0,0,3,0,66,135,0,0,0,0,1,8,2009,8,2009,1,58,0,0,0,3,2,55,1,2,2,1,0,0,1,13,8,7,4,2,1,1
51,510185,1,1,2,28,4,1,30,5,0,1,0,51,1,12,461,12461,21,1996,1FTFE24Y0THA,1,F,T,F,E,2,4,Y,0,T,H,A,0,T,FORD,25V,CG,96,17,,2,0,1380,VAN,G,,,6,300,,,,C,00000,00,M,42,0,0,000000000,00000000000,0,0,0,1,0,0,0,0,0,0,0,20,0,0,0,0,0,1,5,0,0,0,1,51,23663,6,1,0,0,3,0,74,198,0,2,0,3,0,4,2009,11,2011,0,0,0,0,0,1,2,35,1,1,1,1,0,0,1,98,1,1,1,0,1,0
51,510186,1,1,1,27,4,2,30,42,0,1,0,51,1,37,31,37031,4,1993,1HGCB7548PA0,1,H,G,C,B,7,5,4,8,P,A,0,0,P,HOND,ADX,4D,93,17,2392,,0,1071,,G,,F,4,132,,,14R185,,,,,,0,0,000000000,00000000000,0,0,0,1,0,0,0,0,0,0,0,80,0,0,0,2,6,2,42,0,0,0,1,37,27425,6,1,0,0,3,0,74,999,0,0,0,0,0,0,0,0,0,1,0,0,0,0,1,2,45,3,1,2,1,0,0,14,13,8,1,4,1,1,1
51,510187,1,3,1,27,4,18,16,24,0,1,0,40,3,82,881,82881,66,2005,1FUJBBAV65LN,1,F,U,J,B,B,A,V,6,5,L,N,1,T,FRHT,ST2,TR,5,17,,8,0,0,CON,D,,,6,893,,,,,00000,00,,64,1,57,30302400,5730302400,3,6,1,1,0,0,0,0,0,0,0,65,0,0,0,12,6,2,12,0,0,0,1,1,36344,6,1,6,0,3,0,73,235,0,0,0,1,3,10,2009,4,2011,0,28,0,0,0,2,6,70,2,2,2,1,0,0,14,10,2,1,4,6,0,0
51,510187,2,3,1,27,4,18,16,24,0,1,0,45,1,12,481,12481,31,2007,1FTRX14W37FA,1,F,T,R,X,1,4,W,3,7,F,A,0,T,FORD,F15,4C,7,17,,2,1630,1330,COF,G,,,8,281,,,,B,4297,16,E,44,0,0,000000000,00000000000,0,0,0,1,0,0,0,0,0,0,0,70,0,0,0,9,6,2,12,0,0,0,1,45,29445,6,1,0,0,3,3,69,210,0,0,0,0,0,0,0,0,0,0,0,0,0,0,2,6,70,2,2,2,1,0,0,14,62,2,1,1,98,1,0
51,510187,3,3,1,27,4,18,16,24,0,1,0,51,3,7,442,7442,20,2006,1D4GP25R46B7,1,D,4,G,P,2,5,R,4,6,B,7,0,P,DODG,CAR,SV,6,17,3821,,0,1133,,G,,F,6,201,,,15R215,,,,,,0,0,000000000,00000000000,0,0,0,1,0,0,0,0,0,0,0,70,0,0,0,12,6,2,12,0,0,0,1,51,24360,6,1,6,0,3,0,70,185,0,0,0,0,0,0,0,0,0,0,0,0,0,0,2,6,70,2,2,2,1,0,0,14,62,2,1,1,98,1,0
51,510188,1,1,2,29,4,2,11,31,0,1,0,51,2,34,39,34039,2,1998,4USCJ3326WLC,4,U,S,C,J,3,3,2,6,W,L,C,0,P,BMW,UZ8,CV,98,17,2844,,0,963,,G,,F,6,170,,,16R225,,,,,,0,0,000000000,00000000000,0,0,0,1,0,0,0,0,0,0,0,66,0,0,0,12,6,2,42,0,0,0,1,51,23703,6,2,0,0,3,0,70,140,0,0,0,0,0,0,0,0,0,1,0,0,0,0,1,2,45,3,2,2,1,0,0,14,13,2,1,4,1,1,1
51,510189,1,2,4,30,4,19,55,12,6,1,0,51,1,37,31,37031,4,1995,1HGCE6664SA0,1,H,G,C,E,6,6,6,4,S,A,0,0,P,HOND,AEX,4D,95,17,3184,,0,1069,,G,,F,6,163,,,15R205,,,,,,0,0,000000000,00000000000,0,0,0,1,0,0,0,0,0,0,0,55,0,0,0,5,6,2,12,0,0,0,1,51,22701,6,1,0,0,3,0,70,200,0,0,0,1,1,4,2011,12,2011,0,28,0,0,0,2,4,60,1,1,2,1,0,0,15,11,1,1,2,44,2,0
51,510189,2,2,1,30,4,19,55,12,6,1,0,51,1,23,422,23422,15,2005,1GKEK13T65J1,1,G,K,E,K,1,3,T,6,5,J,1,0,T,GMC,YUK,4W,5,17,,2,0,1160,YUK,G,,,8,325,,,,B,5192,00,4,44,0,0,000000000,00000000000,0,0,0,1,0,0,0,0,0,0,0,60,0,1,1,11,6,2,12,0,0,0,1,51,22735,6,1,0,0,3,3,73,220,0,0,0,1,1,6,2009,1,2010,0,0,0,0,0,2,4,60,1,1,2,1,0,0,1,60,1,1,1,45,0,0
51,510190,1,1,4,28,4,12,15,42,0,1,0,51,1,37,32,37032,4,2002,1HGCG56752A0,1,H,G,C,G,5,6,7,5,2,A,0,0,P,HOND,USE,4D,2,17,3120,,0,1069,,G,,F,4,138,,,15R195,,,,,,0,0,000000000,00000000000,0,0,0,1,0,0,0,0,0,0,0,95,0,0,0,10,6,2,42,0,0,0,1,51,24112,6,1,0,0,3,0,65,190,0,0,0,0,0,0,0,0,0,1,58,0,0,0,1,2,35,1,2,2,1,0,0,1,13,8,7,4,1,4,0
51,510191,1,1,1,30,4,14,45,9,0,1,0,51,1,7,442,7442,20,2006,2D4GP44L76R6,2,D,4,G,P,4,4,L,7,6,R,6,0,T,DODG,GSX,ES,6,17,,1,0,1193,CAR,G,,,6,230,,,,,4252,00,E,42,0,0,000000000,00000000000,0,0,0,1,0,0,0,0,0,0,0,20,0,0,0,1,2,1,9,0,0,0,1,51,23323,6,1,0,0,3,3,64,125,0,0,0,0,0,0,0,0,0,0,0,0,0,0,6,1,35,2,1,1,1,0,0,6,51,1,1,1,13,0,0
51,510192,1,1,1,6,4,10,48,26,0,1,0,51,1,12,4,12004,2,1997,1FALP62W1VH1,1,F,A,L,P,6,2,W,1,V,H,1,0,P,FORD,THL,2D,97,17,3561,,0,1130,,G,,F,8,281,,,15R205,,,,,,0,0,000000000,00000000000,0,0,0,1,0,0,0,0,0,0,0,100,0,0,0,12,6,2,24,0,0,0,1,51,22026,6,1,0,0,3,0,60,145,1,0,0,0,0,3,2011,3,2011,1,0,0,0,0,3,4,65,1,1,2,1,0,0,1,12,3,7,4,6,1,1
51,510193,1,1,2,25,4,14,19,34,0,1,0,24,1,72,706,72706,80,2008,1HD1FC4168Y6,1,H,D,1,F,C,4,1,6,8,Y,6,0,M,HD,FLU,RS,8,17,,,,,,,1584,,2,,4,851,,,,,,,0,0,000000000,00000000000,0,0,0,1,0,0,0,0,0,0,0,40,0,0,0,12,6,2,42,0,0,0,1,24,21631,6,1,0,0,3,0,71,220,0,0,0,0,0,0,0,0,0,0,0,0,0,0,1,2,45,1,1,2,1,0,0,1,13,1,1,4,1,1,0
51,510194,1,1,1,29,4,20,44,8,0,1,0,51,2,12,481,12481,31,2002,1FTNF20L92EC,1,F,T,N,F,2,0,L,9,2,E,C,0,T,FORD,F2S,PK,2,17,,2,0,1370,SRW,G,,,8,330,,,,C,5316,01,U,42,0,0,000000000,00000000000,0,0,0,1,0,0,0,0,0,0,0,45,0,0,0,12,6,2,8,0,0,0,1,51,23824,6,1,0,0,3,0,74,245,0,0,0,0,0,0,0,0,0,0,0,0,0,0,2,4,45,1,1,2,1,0,0,1,80,1,1,1,13,0,0
51,510195,1,1,1,29,1,16,11,33,0,1,0,24,1,37,402,37402,14,1997,JHLRD1841VC0,J,H,L,R,D,1,8,4,1,V,C,0,0,P,HOND,CRV,UT,97,17,3074,,0,1032,,G,,F,4,120,,,15R205,,,,,,0,0,000000000,00000000000,0,0,0,1,0,0,0,0,0,0,0,998,0,0,0,11,6,2,42,0,0,0,1,24,21722,6,1,0,0,3,0,60,115,0,0,0,0,0,0,0,0,0,0,0,0,0,0,2,2,50,1,1,2,1,0,0,1,12,1,1,4,6,1,0
51,510196,1,2,2,20,4,6,30,20,0,1,0,24,3,49,46,49046,5,2009,JTDKB20U9978,J,T,D,K,B,2,0,U,9,9,7,8,0,P,TOYT,PRI,4H,9,17,2932,,0,1063,,B,,F,4,091,,,15R185,,,,,,0,0,000000000,00000000000,0,0,0,1,0,0,0,0,0,1,0,53,0,0,0,1,6,2,20,36,0,0,1,24,20783,6,1,0,0,3,0,60,190,0,1,0,0,0,9,2011,9,2011,0,0,0,0,0,3,2,55,1,2,2,1,0,0,1,13,3,1,4,1,1,0
51,510196,2,2,1,20,4,6,30,20,0,1,0,24,1,63,402,63402,14,2006,KNDJD733X655,K,N,D,J,D,7,3,3,X,6,5,5,0,P,KIA,SOR,UT,6,17,4112,,0,1067,,G,,F,6,213,,,16R245,,,,,,0,0,000000000,00000000000,0,0,0,1,0,0,0,0,0,0,0,60,0,0,0,12,6,2,12,0,0,0,1,24,20747,6,1,0,0,3,0,70,165,0,0,0,0,1,7,2010,7,2010,1,0,0,0,0,3,2,55,1,2,2,1,0,0,1,61,3,1,1,98,0,0
51,510197,1,2,2,1,5,8,33,35,0,1,0,51,1,7,41,7041,4,2003,2B3HD56G63H5,2,B,3,H,D,5,6,G,6,3,H,5,0,P,DODG,IES,4D,3,17,3412,,0,1130,,G,,F,6,215,,,16R225,,,,,,0,0,000000000,00000000000,0,0,0,1,0,0,0,0,0,0,0,0,0,0,0,11,6,2,35,0,0,0,1,51,24588,6,1,0,0,3,0,64,130,0,0,0,0,0,0,0,0,0,0,0,0,0,0,2,2,98,2,2,2,2,20,3,14,17,1,1,4,6,1,0
51,510197,2,2,2,1,5,8,33,35,0,1,0,51,3,20,461,20461,21,2002,1GCGG25R4211,1,G,C,G,G,2,5,R,4,2,1,1,0,T,CHEV,E25,EC,2,17,,2,0,1350,EXP,G,,,8,350,,,,C,4711,00,,42,0,0,000000000,00000000000,0,0,0,1,0,0,0,0,0,0,0,60,0,0,0,12,6,2,12,0,0,0,1,51,24572,6,1,0,0,3,0,75,250,0,2,0,0,0,6,2010,12,2010,0,0,0,0,0,2,2,98,1,2,2,2,0,0,1,66,1,1,1,98,0,0
51,510198,1,1,1,2,5,13,16,11,0,1,0,51,1,50,706,50706,80,2002,SMT905JN42J1,S,M,T,9,0,5,J,N,4,2,J,1,0,M,TRUM,BNA,RS,2,17,,,,,,,800,,2,,4,550,,,,,,,0,0,000000000,00000000000,0,0,0,1,0,0,0,0,0,0,0,55,0,0,0,12,6,2,11,0,0,0,1,51,24174,6,1,0,0,3,0,72,210,0,0,0,0,1,9,2011,9,2011,0,0,0,0,0,2,2,55,1,1,2,1,0,0,1,87,1,1,1,13,1,0
51,510199,1,1,1,3,5,20,20,8,0,1,0,51,1,20,16,20016,4,1997,1G1JC5243V71,1,G,1,J,C,5,2,4,3,V,7,1,0,P,CHEV,CAV,4D,97,17,2630,,0,1041,,G,,F,4,133,,,14R195,,,,,,0,0,000000000,00000000000,0,0,0,1,0,0,0,0,0,0,0,35,0,0,0,1,6,2,8,0,0,0,1,51,24523,6,1,0,0,3,3,70,235,0,0,0,0,0,0,0,0,0,0,0,0,0,0,1,2,35,1,1,2,1,0,0,1,81,1,1,1,13,0,0
51,510200,1,1,2,3,5,17,50,1,0,1,0,51,0,20,481,20481,31,2001,1GCEK19TX1E1,1,G,C,E,K,1,9,T,X,1,E,1,0,T,CHEV,SK1,4C,1,17,,2,1575,1435,SIL,G,,,8,325,,,,B,4776,00,,44,0,0,000000000,00000000000,0,0,0,1,0,0,0,0,0,0,0,70,0,2,5,0,6,2,1,0,0,0,1,51,23060,6,1,0,0,3,0,64,145,0,0,0,0,1,3,2010,3,2010,0,80,0,0,0,2,3,70,1,1,2,1,0,0,1,1,1,7,4,7,1,0
51,510201,1,2,4,3,5,12,15,12,6,1,0,51,3,12,481,12481,40,2001,1FDWF37F51EB,1,F,D,W,F,3,7,F,5,1,E,B,0,T,FORD,F3D,CB,1,17,,3,1650,1410,DRW,D,,,8,444,,,,D,5697,06,E,44,0,0,000000000,00000000000,0,0,0,1,0,0,0,0,0,6,1,998,0,0,0,12,6,2,12,0,0,0,1,51,24588,6,1,6,0,3,0,68,140,0,0,0,0,0,0,0,0,0,0,39,0,0,0,2,2,45,1,2,2,1,3,3,1,17,1,1,1,86,0,0
51,510201,2,2,1,3,5,12,15,12,6,1,0,51,1,12,481,12481,31,1993,1FTEF14N1PNA,1,F,T,E,F,1,4,N,1,P,N,A,0,T,FORD,F15,PK,93,17,,2,1330,1170,COF,G,,,8,302,,,,B,00000,00,A,44,0,0,000000000,00000000000,0,0,0,1,0,0,0,0,0,0,0,998,0,1,1,3,6,2,12,0,0,0,1,51,24501,6,1,0,0,3,0,69,160,0,0,0,0,0,0,0,0,0,0,0,0,0,0,2,2,45,1,2,2,1,3,3,1,66,1,1,1,87,1,0
51,510202,1,3,1,2,5,16,9,12,1,1,0,51,1,38,471,38471,30,1990,JAACL16E2L72,J,A,A,C,L,1,6,E,2,L,7,2,0,T,ISU,SSC,PK,90,17,,1,0,1192,CON,G,,,4,156,,,,B,2915,01,A,42,0,0,000000000,00000000000,0,0,0,1,0,0,0,0,0,0,0,999,0,0,0,12,2,3,12,0,0,0,1,51,23692,6,1,0,0,3,0,73,170,0,0,0,0,0,0,0,0,0,0,0,0,0,0,2,6,45,1,1,2,1,0,0,1,52,1,1,1,24,1,0