STATE,ST_CASE,VEH_NO,VE_FORMS,NUMOCCS,DAY,MONTH,HOUR,MINUTE,HARM_EV,MAN_COLL,UNITTYPE,HIT_RUN,REG_STAT,OWNER,MAKE,MODEL,MAK_MOD,BODY_TYP,MOD_YEAR,VIN,VIN_1,VIN_2,VIN_3,VIN_4,VIN_5,VIN_6,VIN_7,VIN_8,VIN_9,VIN_10,VIN_11,VIN_12,TOW_VEH,VINTYPE,VINMAKE,VINA_MOD,VIN_BT,VINMODYR,VIN_LNGT,VIN_WGT,WGTCD_TR,WHLBS_LG,WHLBS_SH,SER_TR,FUELCODE,MCYCL_DS,CARBUR,CYLINDER,DISPLACE,MCYCL_CY,MCYCL_WT,TIRE_SZE,TON_RAT,TRK_WT,TRKWTVAR,VIN_REST,WHLDRWHL,J_KNIFE,MCARR_I1,MCARR_I2,MCARR_ID,GVWR,V_CONFIG,CARGO_BT,HAZ_INV,HAZ_PLAC,HAZ_ID,HAZ_CNO,HAZ_REL,BUS_USE,SPEC_USE,EMER_USE,TRAV_SP,UNDERIDE,ROLLOVER,ROLINLOC,IMPACT1,DEFORMED,TOWED,M_HARM,VEH_SC1,VEH_SC2,FIRE_EXP,DR_PRES,L_STATE,DR_ZIP,L_STATUS,L_TYPE,CDL_STAT,L_ENDORS,L_COMPL,L_RESTRI,DR_HGT,DR_WGT,PREV_ACC,PREV_SUS,PREV_DWI,PREV_SPD,PREV_OTH,FIRST_MO,FIRST_YR,LAST_MO,LAST_YR,SPEEDREL,DR_SF1,DR_SF2,DR_SF3,DR_SF4,VTRAFWAY,VNUM_LAN,VSPD_LIM,VALIGN,VPROFILE,VPAVETYP,VSURCOND,VTRAFCON,VTCONT_F,P_CRASH1,P_CRASH2,P_CRASH3,PCRASH4,PCRASH5,ACC_TYPE,DEATHS,DR_DRINK
51,510202,2,3,1,2,5,16,9,12,1,1,0,51,1,49,401,49401,14,2010,JTEBU5JR0A50,J,T,E,B,U,5,J,R,0,A,5,0,0,P,TOYT,RUN,UT,10,17,4675,,0,1098,,G,,F,6,244,,,17R265,,,,,,0,0,000000000,00000000000,0,0,0,1,0,0,0,0,0,0,0,5,0,0,0,6,6,2,12,0,0,0,1,51,23602,6,1,0,0,3,0,62,150,0,0,0,0,0,0,0,0,0,0,0,0,0,0,2,6,45,1,1,2,1,0,0,2,50,1,1,1,25,0,0
51,510202,3,3,1,2,5,16,9,12,1,1,0,51,1,20,481,20481,31,2008,2GCEC19C7811,2,G,C,E,C,1,9,C,7,8,1,1,0,T,CHEV,SC1,4C,8,17,,2,1575,1339,SIL,G,,,8,293,,,,B,4870,03,,42,0,0,000000000,00000000000,0,0,0,1,0,0,0,0,0,0,0,0,0,0,0,6,6,2,12,0,0,0,1,51,23602,6,1,0,0,3,3,68,170,1,0,0,1,1,9,2009,2,2012,0,0,0,0,0,2,6,45,1,1,2,1,0,0,5,53,1,1,1,98,0,0
51,510203,1,2,2,3,5,20,40,8,0,1,0,51,2,51,43,51043,4,1999,YV1LS55A5X26,Y,V,1,L,S,5,5,A,5,X,2,6,0,P,VOLV,S70,4D,99,17,3146,,0,1049,,G,,F,5,149,,,15R195,,,,,,0,0,000000000,00000000000,0,0,0,1,0,0,0,0,0,0,0,45,0,0,0,12,6,2,8,0,0,0,1,51,22192,6,1,0,0,3,0,71,132,1,0,0,0,0,3,2012,3,2012,0,0,0,0,0,3,2,45,3,1,2,1,0,0,14,80,6,1,1,13,0,0
51,510203,2,2,1,3,5,20,40,8,0,1,0,51,1,49,32,49032,4,2006,JTDBR32E4600,J,T,D,B,R,3,2,E,4,6,0,0,0,P,TOYT,EEL,4D,6,17,2530,,0,1024,,G,,F,4,109,,,15R185,,,,,,0,0,000000000,00000000000,0,0,0,1,0,0,0,0,0,0,0,40,0,0,0,8,4,1,8,0,0,0,1,51,22193,6,1,0,0,3,0,70,180,0,0,0,0,1,1,2012,1,2012,0,0,0,0,0,3,2,45,3,1,2,1,0,0,14,80,1,1,1,98,0,0
51,510204,1,2,2,4,5,22,28,12,6,1,0,99,9,37,705,37705,80,2002,JH2PC35042M3,J,H,2,P,C,3,5,0,4,2,M,3,0,M,HOND,CF4,RC,2,17,,,,,,,599,,4,,4,370,,,,,,,0,0,000000000,00000000000,0,0,0,1,0,0,0,0,0,0,0,80,0,0,0,12,6,2,12,0,0,0,1,54,26711,1,1,0,0,2,0,74,165,0,0,0,1,1,9,2011,12,2011,1,36,0,0,0,2,2,98,1,1,2,1,3,3,1,17,1,1,1,88,2,1
51,510204,2,2,6,4,5,22,28,12,6,1,0,54,1,22,441,22441,20,2005,1GMDV23E75D1,1,G,M,D,V,2,3,E,7,5,D,1,0,T,PONT,MON,ES,5,17,,1,0,1200,MON,G,,,6,207,,,,B,3942,00,K,42,0,0,000000000,00000000000,0,0,0,1,0,0,0,0,0,0,0,5,0,0,0,7,6,2,12,0,0,0,1,54,25405,6,1,0,0,3,0,65,200,0,0,0,0,0,0,0,0,0,0,0,0,0,0,2,2,98,1,1,2,1,0,0,1,66,1,1,1,89,0,0
51,510205,1,3,1,4,5,13,18,12,6,1,0,51,1,49,43,49043,4,2003,4T1BF28B73U2,4,T,1,B,F,2,8,B,7,3,U,2,0,P,TOYT,UVS,4D,3,17,3417,,0,1071,,G,,F,6,183,,,15R205,,,,,,0,0,000000000,00000000000,0,0,0,1,0,0,0,0,0,0,0,10,0,0,0,3,6,2,12,0,0,0,1,51,22938,6,1,0,0,3,3,62,160,0,0,0,0,0,0,0,0,0,0,38,0,0,0,4,4,45,3,2,2,1,3,3,11,15,1,1,1,68,1,0
51,510205,2,3,1,4,5,13,18,12,6,1,0,51,1,37,31,37031,4,2003,1HGCM56493A0,1,H,G,C,M,5,6,4,9,3,A,0,0,P,HOND,ULX,4D,3,17,3053,,0,1079,,G,,F,4,146,,,15R205,,,,,,0,0,000000000,00000000000,0,0,0,1,0,0,0,0,0,0,0,0,0,0,0,12,6,2,12,0,0,0,1,51,24551,6,1,0,0,3,3,68,240,0,0,0,0,0,0,0,0,0,0,38,0,0,0,4,2,99,9,9,2,1,0,0,5,66,2,1,1,69,0,0
51,510205,3,3,1,4,5,13,18,12,6,1,0,40,1,82,881,82881,66,2007,1FUJBBAV07LV,1,F,U,J,B,B,A,V,0,7,L,V,1,T,FRHT,ST2,TR,7,17,,8,0,0,CON,D,,,6,893,,,,,00000,00,,64,1,57,30302400,5730302400,3,6,1,1,0,0,0,0,0,0,0,45,0,0,0,12,6,2,12,0,0,0,1,12,33763,6,1,6,0,3,3,68,999,0,0,0,0,0,0,0,0,0,0,0,0,0,0,4,4,45,2,2,2,1,3,3,14,17,1,1,1,98,0,0
51,510206,1,1,1,5,5,16,21,42,0,1,0,51,1,73,709,73709,80,2010,JKAZRCD18AA0,J,K,A,Z,R,C,D,1,8,A,A,0,0,M,KAWK,BZD,RC,10,17,,,,,,,1043,,4,,4,0000,,,,,,,0,0,000000000,00000000000,0,0,0,1,0,0,0,0,0,0,0,65,0,0,0,12,6,2,42,0,0,0,1,51,23111,6,1,0,0,3,0,63,190,0,0,0,0,0,0,0,0,0,0,0,0,0,0,2,2,70,1,1,2,2,0,0,1,12,1,1,4,6,1,0
51,510207,1,4,1,5,5,20,52,12,2,1,0,51,1,7,472,7472,30,1992,1B7GG26X1NS5,1,B,7,G,G,2,6,X,1,N,S,5,0,T,DODG,DAK,PK,92,17,,1,1239,1119,DAK,G,,,6,239,,,,B,5630,01,A,44,0,0,000000000,00000000000,0,0,0,1,0,0,0,0,0,0,0,60,0,0,0,12,6,2,12,0,0,0,1,51,24151,6,1,0,0,3,0,67,130,0,0,0,1,0,4,2011,4,2011,1,51,0,0,0,3,2,55,1,3,2,1,0,0,1,10,1,1,1,50,1,1
51,510207,2,4,2,5,5,20,52,12,2,1,0,51,1,6,43,6043,2,2004,1C3EL56R74N2,1,C,3,E,L,5,6,R,7,4,N,2,0,P,CHRY,SLI,4D,4,17,3167,,0,1080,,G,,F,6,167,,,16R205,,,,,,0,0,000000000,00000000000,0,0,0,1,0,0,0,0,0,0,0,55,0,0,0,12,6,2,12,0,0,0,1,51,24151,6,1,0,0,3,3,79,260,1,0,0,0,0,6,2010,6,2010,0,0,0,0,0,3,2,55,1,3,2,1,0,0,1,62,1,1,1,51,2,0
51,510207,3,4,1,5,5,20,52,12,2,1,0,51,1,7,442,7442,20,2008,2D8HN54X88R1,2,D,8,H,N,5,4,X,8,8,R,1,0,T,DODG,GSX,ES,8,17,,2,0,1212,CAR,G,,,6,244,,,,,4483,00,7,42,0,0,000000000,00000000000,0,0,0,1,0,0,0,0,0,0,0,55,0,0,0,12,6,2,12,0,0,0,1,51,24151,6,1,0,0,3,3,66,160,0,0,0,0,0,0,0,0,0,0,0,0,0,0,3,2,55,1,3,2,1,0,0,1,54,1,1,1,98,0,0
51,510207,4,4,1,5,5,20,52,12,2,1,0,37,1,49,482,49482,31,2006,5TBDT44106S5,5,T,B,D,T,4,4,1,0,6,S,5,0,T,TOYT,DBS,CW,6,17,,2,0,1283,TUN,G,,,8,285,,,,B,4965,00,U,44,0,0,000000000,00000000000,0,0,0,1,0,0,0,0,0,0,0,55,0,0,0,12,6,2,12,0,0,0,1,37,27282,6,1,0,0,3,0,69,999,0,0,0,0,0,0,0,0,0,0,0,0,0,0,3,2,55,1,3,2,1,0,0,1,54,1,1,1,98,0,0
51,510208,1,1,1,4,5,11,10,8,0,1,1,51,1,20,403,20403,14,2006,1GNDT13S2623,1,G,N,D,T,1,3,S,2,6,2,3,0,P,CHEV,TRL,UT,6,17,4594,,0,1130,,G,,F,6,256,,,16R235,,,,,,0,0,000000000,00000000000,0,0,0,1,0,0,0,0,0,0,0,999,0,0,0,8,4,1,8,0,0,0,1,51,22306,6,1,0,0,3,0,65,228,1,4,0,0,4,5,2011,12,2011,0,91,0,0,0,2,2,25,1,1,2,1,0,0,4,80,1,1,1,13,0,0
51,510209,1,1,1,5,5,21,53,8,0,1,0,51,1,54,37,54037,2,2001,19UYA42641A0,1,9,U,Y,A,4,2,6,4,1,A,0,0,P,ACUR,32S,CP,1,17,3510,,0,1069,,G,,F,6,197,,,17R215,,,,,,0,0,000000000,00000000000,0,0,0,1,0,0,0,0,0,0,0,39,0,0,0,11,6,2,8,0,0,0,1,51,23831,6,1,0,0,3,0,72,155,1,0,0,1,0,4,2011,12,2011,1,0,0,0,0,2,2,35,1,2,2,2,0,0,1,80,1,1,1,13,0,0
51,510210,1,3,2,7,5,0,18,59,0,1,0,39,2,63,32,63032,4,2011,KNADH4A3XB67,K,N,A,D,H,4,A,3,X,B,6,7,0,P,KIA,RBL,4D,11,17,2365,,0,0,,G,,F,4,098,,,000000,,,,,,0,0,000000000,00000000000,0,0,0,1,0,0,0,0,0,0,0,998,0,1,3,11,6,2,1,0,0,0,1,39,44720,6,1,0,0,3,0,72,270,3,0,0,0,2,6,2009,8,2011,0,0,0,0,0,3,2,70,2,4,2,2,0,0,14,12,1,1,4,98,1,0
51,510210,2,3,1,7,5,0,18,59,0,1,0,51,2,51,43,51043,4,1999,YV1LS55A8X15,Y,V,1,L,S,5,5,A,8,X,1,5,0,P,VOLV,S70,4D,99,17,3146,,0,1049,,G,,F,5,149,,,15R195,,,,,,0,0,000000000,00000000000,0,0,0,1,0,0,0,0,0,0,0,70,0,0,0,11,2,1,54,0,0,0,1,51,24073,6,1,0,0,3,0,69,140,0,0,0,1,0,10,2011,10,2011,0,0,0,0,0,3,2,70,1,1,2,2,0,0,1,98,1,1,1,98,0,0
51,510210,3,3,1,7,5,0,18,59,0,1,0,51,1,48,34,48034,4,1997,4S3BG6858V66,4,S,3,B,G,6,8,5,8,V,6,6,0,P,SUBA,UKK,SW,97,17,3155,,0,1035,,G,,F,4,150,,,15R205,,,,,,0,0,000000000,00000000000,0,0,0,1,0,0,0,0,0,0,0,70,0,0,0,12,2,1,54,0,0,0,1,51,24016,6,1,0,0,3,0,69,183,0,1,0,0,0,4,2011,4,2011,0,0,0,0,0,3,2,70,1,1,2,2,0,0,1,98,1,1,1,98,0,0
51,510211,1,2,2,7,5,0,10,12,2,1,0,45,2,35,473,35473,31,2004,1N6AA07A84N5,1,N,6,A,A,0,7,A,8,4,N,5,0,T,NISS,TXS,CW,4,17,,2,0,1398,TTN,G,,,8,342,,,,C,4658,03,E,42,0,0,000000000,00000000000,0,0,0,1,0,0,0,0,0,0,0,70,0,0,0,12,6,2,12,0,0,0,1,51,22485,6,1,0,0,3,0,68,160,0,0,0,2,0,4,2010,2,2011,1,91,0,0,0,2,4,45,1,1,2,1,0,0,1,10,1,1,1,50,0,0
51,510211,2,2,1,7,5,0,10,12,2,1,0,51,1,58,39,58039,6,2005,JNRAS08W55X2,J,N,R,A,S,0,8,W,5,5,X,2,0,P,INFI,IFX,UT,5,17,4115,,0,1122,,G,,F,6,213,,,18R265,,,,,,0,0,000000000,00000000000,0,0,0,1,0,0,0,0,0,0,0,45,0,0,0,12,6,2,12,0,0,0,1,51,22554,6,1,0,0,3,0,71,200,0,0,0,3,1,11,2010,4,2012,0,0,0,0,0,1,4,45,1,1,2,1,0,0,1,62,1,1,1,51,1,0
51,510212,1,1,1,6,5,0,37,34,0,1,0,51,1,12,481,12481,31,2007,1FTRX14W37NA,1,F,T,R,X,1,4,W,3,7,N,A,0,T,FORD,F15,4C,7,17,,2,1630,1330,COF,G,,,8,281,,,,B,4297,16,E,44,0,0,000000000,00000000000,0,0,0,1,0,0,0,0,0,0,0,70,0,0,0,12,6,2,34,0,0,0,1,51,23111,6,1,0,0,3,0,69,180,0,0,0,0,0,0,0,0,0,0,0,0,0,0,2,2,70,1,1,2,2,0,0,1,12,1,1,4,6,1,1
51,510213,1,2,2,6,5,12,15,12,6,1,0,51,3,63,34,63034,4,2012,5XXGN4A60CG0,5,X,X,G,N,4,A,6,0,C,G,0,0,P,KIA,OEX,4D,12,17,3385,,0,1100,,G,,T,4,122,,,17R215,,,,,,0,0,000000000,00000000000,0,0,0,1,0,0,0,0,0,0,0,15,0,0,0,2,6,2,12,0,0,0,1,51,20136,6,1,0,0,3,3,64,120,0,0,0,1,0,9,2009,9,2009,0,38,39,0,0,3,3,45,1,2,2,1,3,3,11,15,2,1,1,68,1,0
51,510213,2,2,1,6,5,12,15,12,6,1,0,51,1,35,401,35401,14,1998,JN8AR05Y5WW2,J,N,8,A,R,0,5,Y,5,W,W,2,0,P,NISS,PFI,UT,98,17,3974,,0,1063,,G,,F,6,201,,,15R235,,,,,,0,0,000000000,00000000000,0,0,0,1,0,0,0,0,0,0,0,50,0,0,0,12,6,2,12,0,0,0,1,51,20136,6,1,0,0,3,3,65,150,0,0,0,0,0,0,0,0,0,1,0,0,0,0,3,3,45,1,2,2,1,3,3,2,66,2,1,1,69,0,0
51,510214,1,2,1,8,5,11,54,12,2,1,0,51,1,63,33,63033,4,2008,KNAFE1225855,K,N,A,F,E,1,2,2,5,8,5,5,0,P,KIA,SXC,4D,8,17,2919,,0,1028,,G,,F,4,122,,,15R195,,,,,,0,0,000000000,00000000000,0,0,0,1,0,0,0,0,0,0,0,45,0,0,0,12,6,2,12,0,0,0,1,51,22542,6,1,0,0,3,0,67,155,1,0,0,1,0,11,2010,7,2011,1,39,0,0,0,1,3,25,2,2,2,2,0,0,14,10,1,1,1,50,1,0
51,510214,2,2,1,8,5,11,54,12,2,1,0,51,3,84,883,84883,66,2002,1HTGLAHT22H5,1,H,T,G,L,A,H,T,2,2,H,5,1,T,INTL,267,CC,2,17,,8,2760,1480,20S,D,,,6,661,,,,,00000,00,,64,1,51,40296000,5140296000,3,6,2,1,0,0,0,0,0,0,0,25,0,0,0,12,6,2,12,0,0,0,1,51,22843,6,1,6,0,3,0,71,200,0,0,0,0,1,9,2009,9,2009,0,0,0,0,0,1,3,25,3,2,2,2,0,0,14,62,1,1,1,51,0,0
51,510215,1,3,1,7,5,15,54,12,6,1,1,51,1,49,40,49040,4,1995,4T1SK12E7SU8,4,T,1,S,K,1,2,E,7,S,U,8,0,P,TOYT,CLE,4D,95,17,3086,,0,1031,,G,,F,4,132,,,14R195,,,,,,0,0,000000000,00000000000,0,0,0,1,0,0,0,0,0,0,0,30,0,0,0,3,4,3,12,0,0,0,1,99,99999,9,9,99,9,9,9,999,999,99,99,99,99,99,99,9999,99,9999,0,0,0,0,0,3,2,45,1,1,2,1,3,3,11,15,2,1,1,68,0,0
51,510215,2,3,1,7,5,15,54,12,6,1,0,51,1,53,705,53705,80,2005,JS1GN7CA4521,J,S,1,G,N,7,C,A,4,5,2,1,0,M,SUZI,GSK,RC,5,17,,,,,,,599,,4,,4,355,,,,,,,0,0,000000000,00000000000,0,0,0,1,0,0,0,0,0,0,0,40,0,0,0,12,6,2,12,0,0,0,1,51,23234,6,1,6,0,3,0,70,230,0,0,0,0,0,0,0,0,0,0,0,0,0,0,3,2,45,1,1,2,1,3,3,1,67,2,1,1,98,1,0
51,510215,3,3,1,7,5,15,54,12,6,1,0,51,1,53,706,53706,80,2006,JS1GT76A3621,J,S,1,G,T,7,6,A,3,6,2,1,0,M,SUZI,XR1,RC,6,17,,,,,,,999,,4,,4,365,,,,,,,0,0,000000000,00000000000,0,0,0,1,0,0,0,0,0,0,0,40,0,0,0,12,6,2,12,0,0,0,1,51,23234,6,1,0,0,3,0,72,230,0,0,0,0,0,0,0,0,0,0,0,0,0,0,3,2,45,1,1,2,1,20,3,1,67,2,1,1,69,0,0
51,510216,1,1,1,8,5,20,30,32,0,1,0,51,1,49,472,49472,30,1999,4TAWN72N1XZ2,4,T,A,W,N,7,2,N,1,X,Z,2,0,T,TOYT,XTR,PC,99,17,,1,0,1219,TAC,G,,,6,206,,,,B,3412,00,U,44,0,0,000000000,00000000000,0,0,0,1,0,0,0,0,0,0,0,55,0,1,5,12,6,2,1,0,0,0,1,51,23139,6,1,6,0,3,0,72,190,0,0,0,0,0,0,0,0,0,0,0,0,0,0,1,2,55,1,2,2,1,0,0,1,13,1,1,4,1,1,1
51,510217,1,2,1,8,5,16,45,12,6,1,0,51,1,18,22,18022,4,2008,2G4WC5824811,2,G,4,W,C,5,8,2,4,8,1,1,0,P,BUIC,LCX,4D,8,17,3495,,0,1105,,G,,F,6,232,,,16R225,,,,,,0,0,000000000,00000000000,0,0,0,1,0,0,0,0,0,0,0,5,0,0,0,9,6,2,12,0,0,0,1,51,23950,6,1,0,0,3,3,60,110,0,0,0,0,0,0,0,0,0,0,38,39,0,0,2,2,55,1,1,2,1,20,3,1,66,2,1,1,89,1,0
51,510217,2,2,1,8,5,16,45,12,6,1,0,51,1,12,17,12017,4,2006,1FAFP53U66A1,1,F,A,F,P,5,3,U,6,6,A,1,0,P,FORD,TSE,4D,6,17,3307,,0,1085,,G,,F,6,183,,,16R215,,,,,,0,0,000000000,00000000000,0,0,0,1,0,0,0,0,0,0,0,55,0,0,0,12,6,2,12,0,0,0,1,51,24557,6,1,0,0,3,3,71,185,0,0,0,1,0,2,2012,2,2012,0,0,0,0,0,2,2,55,1,1,2,1,0,0,1,54,2,1,1,88,0,0
51,510218,1,1,1,9,5,2,5,30,0,1,0,51,1,12,471,12471,30,2002,1FTYR10U42TA,1,F,T,Y,R,1,0,U,4,2,T,A,0,T,FORD,RNG,PK,2,17,,1,1175,1116,RNG,G,,,6,182,,,,B,3085,03,E,42,0,0,000000000,00000000000,0,0,0,1,0,0,0,0,0,0,0,998,0,1,1,12,6,2,1,0,0,0,1,99,99999,9,1,99,9,9,9,999,999,99,99,99,99,99,99,9999,99,9999,0,48,0,0,0,1,2,25,1,1,2,1,0,0,10,12,1,1,4,6,1,1
51,510219,1,1,1,1,5,0,59,34,0,1,0,51,2,55,401,55401,14,2001,KM8SC83D51U0,K,M,8,S,C,8,3,D,5,1,U,0,0,P,HYUN,SAN,UT,1,17,3549,,0,1031,,G,,F,6,162,,,16R225,,,,,,0,0,000000000,00000000000,0,0,0,1,0,0,0,0,0,0,0,999,0,1,2,12,6,2,1,0,0,0,1,51,23061,6,1,0,0,3,0,71,220,0,1,0,1,0,12,2009,7,2010,0,0,0,0,0,1,2,45,1,1,2,1,0,0,1,12,1,1,4,6,1,1
51,510220,1,2,1,10,5,14,49,12,2,1,0,51,1,20,481,20481,31,1997,2GCEK19R1V12,2,G,C,E,K,1,9,R,1,V,1,2,0,T,CHEV,GK1,PC,97,17,,2,1555,1415,GM4,G,,,8,350,,,,B,4544,00,,44,0,0,000000000,00000000000,0,0,0,1,0,0,0,0,0,0,0,40,0,1,5,12,6,2,12,0,0,0,1,51,22959,6,1,0,0,3,0,69,190,0,0,0,0,0,0,0,0,0,0,28,0,0,0,2,2,60,1,1,2,1,0,0,1,12,7,1,4,50,1,1
51,510220,2,2,1,10,5,14,49,12,2,1,0,51,3,85,881,85881,66,2002,1XKDDU9X82J8,1,X,K,D,D,U,9,X,8,2,J,8,1,T,KW,T80,TR,2,17,,8,2600,1600,CON,D,,,6,733,,,,,00000,00,,64,1,51,11905800,5111905800,3,6,8,1,0,0,0,0,0,0,0,60,0,0,0,12,6,2,12,0,0,0,1,51,22567,6,1,6,0,3,0,68,200,0,0,0,1,0,8,2010,8,2010,0,0,0,0,0,2,2,60,1,1,2,1,0,0,1,62,2,1,1,51,0,0
51,510221,1,3,1,10,5,21,40,12,1,1,0,51,2,13,5,13005,4,1995,1LNLM83WXSY7,1,L,N,L,M,8,3,W,X,S,Y,7,0,P,LINC,CAR,4D,95,17,4095,,0,1174,,G,,F,8,281,,,16R225,,,,,,0,0,000000000,00000000000,0,0,0,1,0,0,0,0,0,0,0,80,0,0,0,12,6,2,12,0,0,0,1,51,23225,6,1,0,0,3,0,71,160,0,1,1,1,1,7,2009,7,2009,1,28,0,0,0,3,2,70,1,1,2,1,0,0,1,51,1,1,1,24,0,1
51,510221,2,3,4,10,5,21,40,12,1,1,0,51,1,48,34,48034,5,2000,4S3BH6754Y76,4,S,3,B,H,6,7,5,4,Y,7,6,0,P,SUBA,UWP,SW,0,17,3420,,0,1043,,G,,F,4,153,,,16R225,,,,,,0,0,000000000,00000000000,0,0,0,1,0,0,0,0,0,0,0,60,0,1,5,6,6,2,1,0,0,0,1,51,22920,6,1,0,0,3,0,72,175,0,0,0,0,0,0,0,0,0,0,0,0,0,0,3,2,70,1,1,2,1,0,0,1,61,1,1,1,25,1,0
51,510221,3,3,1,10,5,21,40,12,1,1,1,99,9,99,399,99399,9,9999,999999999999,9,9,9,9,9,9,9,9,9,9,9,9,0,,,,,,,,,,,,,,,,,,,,,,,,,0,0,000000000,00000000000,0,0,0,1,0,0,0,0,0,0,0,70,0,0,0,2,6,2,12,0,0,0,1,99,99999,9,9,99,9,9,9,999,999,99,99,99,99,99,99,9999,99,9999,0,0,0,0,0,3,2,70,1,1,2,1,0,0,1,61,1,1,1,98,0,0
51,510222,1,2,1,12,5,22,20,12,2,1,0,22,2,72,709,72709,80,2008,1HD1GN4428K3,1,H,D,1,G,N,4,4,2,8,K,3,0,M,HD,ADL,RS,8,17,,,,,,,1584,,2,,4,672,,,,,,,0,0,000000000,00000000000,0,0,0,1,0,0,0,0,0,0,0,57,0,0,0,12,6,2,12,0,0,0,1,28,38610,1,1,99,0,2,9,999,999,99,99,99,99,99,99,9999,99,9999,0,51,0,0,0,1,2,40,2,1,2,1,0,0,14,10,2,1,4,50,1,1
51,510222,2,2,2,12,5,22,20,12,2,1,0,21,1,12,37,12037,4,2012,1FAHP3H26CL1,1,F,A,H,P,3,H,2,6,C,L,1,0,P,FORD,FCL,4D,12,17,2922,,0,1042,,G,,F,4,122,,,16R205,,,,,,0,0,000000000,00000000000,0,0,0,1,0,0,0,0,0,0,0,40,0,0,0,12,6,2,12,0,0,0,1,51,22408,1,1,0,0,2,0,67,202,1,1,0,0,0,7,2010,4,2011,0,0,0,0,0,1,2,40,3,1,2,1,0,0,14,62,7,1,4,51,0,0
51,510223,1,1,1,15,5,19,55,35,0,1,0,51,1,37,32,37032,4,1992,1HGCB7559NA0,1,H,G,C,B,7,5,5,9,N,A,0,0,P,HOND,ALX,4D,92,17,2504,,0,1071,,G,,F,4,132,,,14R185,,,,,,0,0,000000000,00000000000,0,0,0,1,0,0,0,0,0,0,0,65,0,1,1,1,6,2,1,0,0,0,1,51,23225,6,1,0,0,3,0,71,135,0,0,0,1,0,9,2009,9,2009,1,0,0,0,0,1,2,35,2,2,2,1,0,0,14,12,1,1,4,6,1,1
51,510224,1,1,2,15,5,14,7,24,0,1,0,51,1,73,709,73709,80,2011,JKAZXCJ11BA0,J,K,A,Z,X,C,J,1,1,B,A,0,0,M,KAWK,Z1J,RC,11,17,,,,,,,998,,4,,4,437,,,,,,,0,0,000000000,00000000000,0,0,0,1,0,0,0,0,0,0,0,998,0,0,0,12,6,2,24,0,0,0,1,99,23435,9,9,99,0,9,9,999,999,99,99,99,99,99,99,9999,99,9999,0,0,0,0,0,6,1,35,3,8,1,1,28,3,14,13,1,1,4,1,1,0
51,510225,1,3,3,16,5,10,31,12,6,1,0,52,2,14,17,14017,4,2000,1MEFM55S8YA6,1,M,E,F,M,5,5,S,8,Y,A,6,0,P,MERC,SLP,4D,0,17,3375,,0,1085,,G,,F,6,182,,,16R215,,,,,,0,0,000000000,00000000000,0,0,0,1,0,0,0,0,0,0,0,5,0,0,0,1,6,2,12,0,0,0,1,51,23234,6,1,0,0,3,0,66,163,0,0,0,0,0,0,0,0,0,0,48,0,0,0,2,2,45,1,1,2,1,0,0,11,15,1,1,1,68,0,0
51,510225,2,3,2,16,5,10,31,12,6,1,0,51,1,24,3,24003,6,1993,1G8ZK8577PZ2,1,G,8,Z,K,8,5,7,7,P,Z,2,0,P,STRN,SW2,SW,93,17,0,,0,1024,,G,,F,4,116,,,15R195,,,,,,0,0,000000000,00000000000,0,0,0,1,0,0,0,0,0,0,0,998,0,0,0,12,6,2,12,0,0,0,1,51,23237,6,1,0,0,3,0,71,160,0,0,0,0,0,0,0,0,0,0,0,0,0,0,2,2,45,1,1,2,1,0,0,1,66,1,1,1,69,1,0
51,510225,3,3,2,16,5,10,31,12,6,1,0,51,1,35,47,35047,4,2004,1N4AL11D34C1,1,N,4,A,L,1,1,D,3,4,C,1,0,P,NISS,ABS,4D,4,17,2913,,0,1102,,G,,F,4,153,,,16R205,,,,,,0,0,000000000,00000000000,0,0,0,1,0,0,0,0,0,0,0,998,0,0,0,1,6,2,12,0,0,0,1,51,23234,6,1,0,0,3,0,63,230,0,0,0,0,0,0,0,0,0,0,0,0,0,0,2,2,45,1,1,2,1,0,0,1,66,1,1,1,98,0,0
51,510226,1,1,1,13,5,8,49,24,0,1,0,51,1,32,43,32043,4,1998,WAUED68D0WA0,W,A,U,E,D,6,8,D,0,W,A,0,0,P,AUDI,42Q,4D,98,17,3230,,0,1026,,G,,F,6,169,,,16R205,,,,,,0,0,000000000,00000000000,0,0,0,1,0,0,0,0,0,0,0,120,0,1,5,12,6,2,1,0,0,0,1,51,22193,6,1,0,0,3,3,70,172,0,0,0,1,1,6,2011,7,2011,1,0,0,0,0,1,2,45,3,2,2,1,0,0,14,13,1,1,4,1,1,1
51,510227,1,1,2,17,5,15,15,1,0,1,0,51,2,14,401,14401,14,1998,4M2ZU52P4WUJ,4,M,2,Z,U,5,2,P,4,W,U,J,0,P,MERC,MOU,UT,98,17,4139,,0,1120,,G,,F,8,302,,,15R235,,,,,,0,0,000000000,00000000000,0,0,0,1,0,0,0,0,0,0,0,55,0,2,1,0,6,2,1,0,0,0,1,51,24293,6,1,0,0,3,0,66,160,0,0,0,0,0,0,0,0,0,0,58,0,0,0,2,2,55,1,1,2,1,0,0,1,8,6,7,6,98,1,0