STATE,ST_CASE,VEH_NO,VE_FORMS,NUMOCCS,DAY,MONTH,HOUR,MINUTE,HARM_EV,MAN_COLL,UNITTYPE,HIT_RUN,REG_STAT,OWNER,MAKE,MODEL,MAK_MOD,BODY_TYP,MOD_YEAR,VIN,VIN_1,VIN_2,VIN_3,VIN_4,VIN_5,VIN_6,VIN_7,VIN_8,VIN_9,VIN_10,VIN_11,VIN_12,TOW_VEH,VINTYPE,VINMAKE,VINA_MOD,VIN_BT,VINMODYR,VIN_LNGT,VIN_WGT,WGTCD_TR,WHLBS_LG,WHLBS_SH,SER_TR,FUELCODE,MCYCL_DS,CARBUR,CYLINDER,DISPLACE,MCYCL_CY,MCYCL_WT,TIRE_SZE,TON_RAT,TRK_WT,TRKWTVAR,VIN_REST,WHLDRWHL,J_KNIFE,MCARR_I1,MCARR_I2,MCARR_ID,GVWR,V_CONFIG,CARGO_BT,HAZ_INV,HAZ_PLAC,HAZ_ID,HAZ_CNO,HAZ_REL,BUS_USE,SPEC_USE,EMER_USE,TRAV_SP,UNDERIDE,ROLLOVER,ROLINLOC,IMPACT1,DEFORMED,TOWED,M_HARM,VEH_SC1,VEH_SC2,FIRE_EXP,DR_PRES,L_STATE,DR_ZIP,L_STATUS,L_TYPE,CDL_STAT,L_ENDORS,L_COMPL,L_RESTRI,DR_HGT,DR_WGT,PREV_ACC,PREV_SUS,PREV_DWI,PREV_SPD,PREV_OTH,FIRST_MO,FIRST_YR,LAST_MO,LAST_YR,SPEEDREL,DR_SF1,DR_SF2,DR_SF3,DR_SF4,VTRAFWAY,VNUM_LAN,VSPD_LIM,VALIGN,VPROFILE,VPAVETYP,VSURCOND,VTRAFCON,VTCONT_F,P_CRASH1,P_CRASH2,P_CRASH3,PCRASH4,PCRASH5,ACC_TYPE,DEATHS,DR_DRINK
51,510228,1,2,1,2,5,13,4,12,6,1,0,51,1,20,37,20037,4,2006,1G1ZS51F26F2,1,G,1,Z,S,5,1,F,2,6,F,2,0,P,CHEV,M/L,4D,6,17,3296,,0,1063,,G,,F,4,134,,,15R205,,,,,,0,0,000000000,00000000000,0,0,0,1,0,0,0,0,0,0,0,67,0,1,1,12,6,2,12,0,0,0,1,51,22602,6,1,0,0,3,0,72,235,0,0,0,1,0,12,2011,12,2011,1,58,0,0,0,2,2,55,1,1,2,1,0,0,1,12,1,7,7,98,1,1
51,510228,2,2,1,2,5,13,4,12,6,1,0,54,1,20,481,20481,31,2004,1GCHK33294F2,1,G,C,H,K,3,3,2,9,4,F,2,0,T,CHEV,SK3,CW,4,17,,2,0,1670,SIL,D,,,8,403,,,,D,6459,00,,44,0,0,000000000,00000000000,0,0,0,1,0,0,0,0,0,0,0,55,0,0,0,9,6,2,12,0,0,0,1,54,25443,6,1,0,0,3,0,71,200,0,0,0,0,0,0,0,0,0,0,0,0,0,0,2,2,55,1,1,2,1,0,0,1,64,1,1,1,98,1,0
51,510229,1,1,1,13,5,21,15,59,0,1,0,51,1,34,37,34037,4,1988,WBAGB4314J32,W,B,A,G,B,4,3,1,4,J,3,2,0,P,BMW,75A,4D,88,17,3805,,0,1115,,G,,F,6,209,,,15R225,,,,,,0,0,000000000,00000000000,0,0,0,1,0,0,0,0,0,0,0,100,0,2,5,12,6,2,1,0,0,1,1,51,22503,6,1,0,0,3,0,70,141,0,0,0,0,0,0,0,0,0,1,58,0,0,0,1,2,55,2,2,2,1,0,0,14,13,9,1,4,6,1,1
51,510230,1,1,1,14,5,4,20,1,0,1,0,51,2,20,421,20421,15,1997,1GNEK13R7VJ3,1,G,N,E,K,1,3,R,7,V,J,3,0,P,CHEV,KTA,UT,97,17,5225,,0,1175,,G,,F,8,350,,,15R235,,,,,,0,0,000000000,00000000000,0,0,0,1,0,0,0,0,0,0,0,999,0,2,5,0,6,2,1,0,0,0,1,51,24588,0,0,0,0,0,0,999,999,0,0,0,0,0,0,0,0,0,0,0,0,0,0,1,2,45,3,1,2,2,0,0,14,10,8,1,4,6,1,1
51,510231,1,1,1,9,5,22,33,52,0,1,0,42,2,49,403,49403,14,2002,JTEGD21A8200,J,T,E,G,D,2,1,A,8,2,0,0,0,P,TOYT,HIG,UT,2,17,3485,,0,1069,,G,,F,4,144,,,16R225,,,,,,0,0,000000000,00000000000,0,0,0,1,0,0,0,0,0,0,0,65,0,0,0,9,6,2,52,0,0,0,1,51,23228,6,1,0,0,3,0,76,190,0,2,1,0,0,2,2011,4,2011,1,0,0,0,0,3,2,55,2,1,2,2,0,0,14,13,1,1,4,1,1,0
51,510232,1,2,1,8,5,13,8,18,0,1,0,51,1,35,47,35047,4,2004,1N4AL11D84C1,1,N,4,A,L,1,1,D,8,4,C,1,0,P,NISS,ABS,4D,4,17,2913,,0,1102,,G,,F,4,153,,,16R205,,,,,,0,0,000000000,00000000000,0,0,0,1,0,0,0,0,0,0,0,998,0,0,0,2,6,2,12,0,0,0,1,51,20147,6,1,0,0,3,0,74,195,0,0,0,0,0,0,0,0,0,0,0,0,0,0,1,2,55,1,2,2,2,29,1,1,8,1,7,4,98,1,0
51,510232,2,2,1,8,5,13,8,18,0,1,0,51,3,51,881,51881,63,2003,4V5KC9UFX3N3,4,V,5,K,C,9,U,F,X,3,N,3,9,T,VOLV,VHD,CC,3,17,,8,0,0,VHD,D,,,6,661,,,,,00000,00,,64,0,51,00621071,5100621071,3,2,4,1,0,0,0,0,0,0,0,998,0,0,0,12,6,2,12,0,0,0,1,51,22734,6,1,6,0,3,0,71,280,1,0,0,0,4,3,2011,1,2012,0,0,0,0,0,1,2,55,1,2,2,2,29,1,1,62,1,1,1,98,0,0
51,510233,1,2,1,12,5,9,32,12,2,1,0,51,2,20,32,20032,3,1990,1Y1SK5461LZ1,1,Y,1,S,K,5,4,6,1,L,Z,1,0,P,GEO,GEP,4D,90,17,2321,,0,957,,G,,F,4,097,,,13R175,,,,,,0,0,000000000,00000000000,0,0,0,1,0,0,0,0,0,0,0,55,0,0,0,12,6,2,12,0,0,0,1,51,23416,6,1,0,0,3,0,67,167,0,0,0,1,0,5,2011,5,2011,0,58,0,0,0,1,2,55,1,1,2,1,0,0,1,10,9,1,6,50,1,0
51,510233,2,2,1,12,5,9,32,12,2,1,0,24,1,49,403,49403,14,2007,JTEHW21A2700,J,T,E,H,W,2,1,A,2,7,0,0,0,P,TOYT,HIG,UT,7,17,4245,,0,1069,,B,,F,6,201,,,17R225,,,,,,0,0,000000000,00000000000,0,0,0,1,0,0,0,0,0,0,0,45,0,0,0,12,6,2,12,0,0,0,1,24,21851,6,1,0,0,3,0,66,250,0,0,0,1,0,9,2011,9,2011,0,0,0,0,0,1,2,55,1,1,2,1,0,0,1,63,1,1,1,51,0,0
51,510234,1,1,1,19,5,1,50,35,0,1,0,51,1,12,481,12481,31,2004,1FTSW31P84EA,1,F,T,S,W,3,1,P,8,4,E,A,0,T,FORD,F3S,CW,4,17,,2,1724,1562,SRW,D,,,8,366,,,,D,6267,00,E,44,0,0,000000000,00000000000,0,0,0,1,0,0,0,0,0,0,0,48,0,1,5,2,6,2,1,0,0,0,1,51,23838,6,1,0,0,3,0,70,150,0,0,0,0,0,0,0,0,0,1,58,0,0,0,1,2,45,4,1,2,1,0,0,14,13,8,7,4,1,1,1
51,510235,1,2,1,19,5,14,40,12,7,1,0,51,1,53,705,53705,80,1990,JS1GN72A8L21,J,S,1,G,N,7,2,A,8,L,2,1,0,M,SUZI,GX6,RC,90,17,,,,,,,599,,4,,4,438,,,,,,,0,0,000000000,00000000000,0,0,0,1,0,0,0,0,0,0,0,75,0,0,0,9,6,2,12,0,0,0,1,51,22801,6,1,0,0,3,0,73,190,0,2,0,1,3,12,2009,3,2011,1,27,0,0,0,3,2,60,1,1,2,1,0,0,15,11,1,1,1,44,0,0
51,510235,2,2,1,19,5,14,40,12,7,1,0,51,1,53,705,53705,80,2006,JS1GN7DA3621,J,S,1,G,N,7,D,A,3,6,2,1,0,M,SUZI,K6R,RC,6,17,,,,,,,599,,4,,4,354,,,,,,,0,0,000000000,00000000000,0,0,0,1,0,0,0,0,0,0,0,75,0,0,0,3,6,2,52,0,0,0,1,51,22801,6,1,0,0,3,0,74,170,0,1,0,5,1,10,2009,4,2012,1,0,0,0,0,3,2,60,1,1,2,1,0,0,16,60,2,1,1,45,1,0
51,510236,1,2,1,26,4,14,0,12,6,1,0,51,1,49,482,49482,31,2003,5TBBT48193S3,5,T,B,B,T,4,8,1,9,3,S,3,0,T,TOYT,TXL,4C,3,17,,2,0,1283,TUN,G,,,8,285,,,,B,4644,00,U,44,0,0,000000000,00000000000,0,0,0,1,0,0,0,0,0,0,0,45,0,0,0,12,6,2,12,0,0,0,1,51,24091,6,1,6,0,3,0,75,210,0,0,0,0,0,0,0,0,0,0,0,0,0,0,1,2,45,1,1,2,2,0,0,1,71,1,1,1,83,0,0
51,510236,2,2,2,26,4,14,0,12,6,1,0,51,1,63,38,63038,4,2012,KNAFU4A26C54,K,N,A,F,U,4,A,2,6,C,5,4,0,P,KIA,FEX,4D,12,17,2791,,0,1043,,G,,F,4,122,,,15R195,,,,,,0,0,000000000,00000000000,0,0,0,1,0,0,0,0,0,0,0,5,0,0,0,11,6,2,12,0,0,0,1,51,24185,6,1,0,0,3,0,65,165,0,0,0,0,0,0,0,0,0,0,38,0,0,0,1,2,45,1,1,2,2,0,0,11,10,1,1,1,82,1,1
51,510237,1,2,1,17,5,17,17,12,6,1,0,51,2,49,40,49040,4,2012,4T1BF1FK3CU0,4,T,1,B,F,1,F,K,3,C,U,0,0,P,TOYT,CBA,4D,12,17,3190,,0,1093,,G,,F,4,152,,,16R205,,,,,,0,0,000000000,00000000000,0,0,0,1,0,0,0,0,0,0,0,10,0,0,0,12,6,2,12,0,0,0,1,51,22737,6,1,0,0,3,0,74,165,0,0,0,0,0,0,0,0,0,0,38,0,0,0,2,2,45,1,2,2,1,0,0,11,54,1,1,1,98,0,0
51,510237,2,2,1,17,5,17,17,12,6,1,0,51,1,76,706,76706,80,2004,JYAVP11E84A0,J,Y,A,V,P,1,1,E,8,4,A,0,0,M,YAMA,XVA,RS,4,17,,,,,,,1063,,2,,4,571,,,,,,,0,0,000000000,00000000000,0,0,0,1,0,0,0,0,0,0,0,43,0,0,0,11,6,2,12,0,0,0,1,51,22701,6,1,0,0,3,0,76,140,0,0,0,0,1,9,2011,9,2011,0,0,0,0,0,2,2,45,1,2,2,1,0,0,1,66,2,1,1,98,1,0
51,510238,1,1,1,20,5,4,0,35,0,1,0,51,1,51,38,51038,4,1985,YV1DX8849F21,Y,V,1,D,X,8,8,4,9,F,2,1,0,P,VOLV,74G,4D,85,17,2952,,0,1091,,G,,F,4,141,,,14R185,,,,,,0,0,000000000,00000000000,0,0,0,1,0,0,0,0,0,0,0,55,0,0,0,12,6,2,35,0,0,0,1,51,24557,6,1,0,0,3,0,69,162,0,4,1,0,0,7,2009,1,2012,0,0,0,0,0,1,2,55,1,1,2,1,0,0,1,12,2,1,4,6,1,1
51,510239,1,2,2,16,5,14,25,34,0,1,0,51,1,19,3,19003,4,1995,1G6KF52Y5SU2,1,G,6,K,F,5,2,Y,5,S,U,2,0,P,CADI,DCS,4D,95,17,3889,,0,1138,,G,,F,8,279,,,16R225,,,,,,0,0,000000000,00000000000,0,0,0,1,0,0,0,0,0,0,0,60,0,0,0,12,6,2,12,0,0,0,1,11,20020,6,1,0,0,3,3,69,167,0,0,0,0,0,0,0,0,0,0,0,0,0,0,2,4,60,1,1,2,1,0,0,1,10,2,1,4,15,2,0
51,510239,2,2,2,16,5,14,25,34,0,1,0,51,2,12,481,12481,31,2000,1FDAF56F0YEE,1,F,D,A,F,5,6,F,0,Y,E,E,0,T,FORD,F5D,CB,0,17,,5,2010,1410,DRW,D,,,8,444,,,,,6072,08,E,42,0,0,000000000,00000000000,0,0,0,1,0,0,0,0,0,0,0,55,0,0,0,12,6,2,12,0,0,0,1,51,24017,6,1,0,0,3,0,67,210,0,2,0,0,0,4,2010,6,2010,0,0,0,0,0,1,4,60,1,1,2,1,0,0,1,62,1,1,1,98,0,0
51,510240,1,1,2,10,5,14,50,7,0,1,0,51,3,12,461,12461,21,2007,1FTNS24W97DB,1,F,T,N,S,2,4,W,9,7,D,B,0,T,FORD,25V,EC,7,17,,2,0,1380,VAN,G,,,8,281,,,,C,00000,00,E,42,0,0,000000000,00000000000,0,0,0,1,0,0,0,0,0,0,0,30,0,0,0,0,0,1,6,0,0,0,1,51,22192,6,1,0,0,3,0,69,170,1,0,0,0,1,3,2010,6,2011,1,85,0,0,0,3,3,25,1,1,2,1,0,0,1,61,6,1,2,0,1,0
51,510241,1,2,1,16,5,7,47,12,2,1,0,51,2,12,481,12481,31,2008,1FTPW14VX8FB,1,F,T,P,W,1,4,V,X,8,F,B,0,T,FORD,F1S,CW,8,17,,2,1500,1390,COF,F,,,8,329,,,,B,5361,01,E,44,0,0,000000000,00000000000,0,0,0,1,0,0,0,0,0,0,0,999,0,0,0,12,6,2,12,0,0,0,1,51,23130,6,1,0,0,3,0,66,130,0,0,0,0,0,0,0,0,0,0,0,0,0,0,1,2,55,1,3,2,1,0,0,1,10,1,1,2,50,0,0
51,510241,2,2,1,16,5,7,47,12,2,1,0,51,1,30,40,30040,4,1998,3VWRF81H4WM1,3,V,W,R,F,8,1,H,4,W,M,1,0,P,VOLK,JTD,4D,98,17,2570,,0,974,,D,,T,4,116,,,14R195,,,,,,0,0,000000000,00000000000,0,0,0,1,0,0,0,0,0,0,0,999,0,0,0,12,6,2,12,0,0,0,1,51,23050,6,1,0,0,3,3,71,200,0,0,0,0,0,0,0,0,0,0,0,0,0,0,1,2,55,1,3,2,1,0,0,1,62,1,1,1,51,1,0
51,510242,1,2,1,21,5,11,5,12,6,1,0,51,1,12,471,12471,30,2008,1FTYR10D58PA,1,F,T,Y,R,1,0,D,5,8,P,A,0,T,FORD,RNG,PK,8,17,,1,1180,1120,RNG,G,,,4,140,,,,B,3028,00,4,42,0,0,000000000,00000000000,0,0,0,1,0,0,0,0,0,0,0,15,0,1,1,9,6,2,12,0,0,0,1,51,24530,6,1,0,0,3,0,71,195,0,0,0,0,0,0,0,0,0,0,38,0,0,0,2,2,60,1,1,2,1,0,0,1,54,1,1,1,89,1,0
51,510242,2,2,2,21,5,11,5,12,6,1,0,51,3,12,16,12016,4,2007,2FAHP71W07X1,2,F,A,H,P,7,1,W,0,7,X,1,0,P,FORD,CVP,4D,7,17,4129,,0,1146,,G,,F,8,281,,,17R235,,,,,,0,0,000000000,00000000000,0,0,0,1,0,0,0,0,0,0,0,60,0,0,0,12,6,2,12,0,0,0,1,51,24530,6,1,0,0,3,0,75,225,0,0,0,0,0,0,0,0,0,0,0,0,0,0,2,2,60,1,1,2,1,0,0,1,66,2,1,1,88,0,0
51,510243,1,1,1,21,5,0,45,42,0,1,0,51,1,37,33,37033,2,1993,JHMBB1179PC0,J,H,M,B,B,1,1,7,9,P,C,0,0,P,HOND,PTS,CP,93,17,2932,,0,1004,,G,,F,4,132,,,15R205,,,,,,0,0,000000000,00000000000,0,0,0,1,0,0,0,0,0,0,0,998,0,1,5,12,6,2,42,0,0,0,1,51,23842,6,1,0,0,3,0,69,130,1,0,0,2,0,12,2009,9,2011,0,0,0,0,0,1,2,55,1,1,2,2,0,0,1,13,1,1,4,1,1,0
51,510244,1,2,2,21,5,0,45,12,6,1,0,24,1,12,481,12481,31,2004,2FTRF07304CA,2,F,T,R,F,0,7,3,0,4,C,A,0,T,FORD,1SV,PK,4,17,,2,1450,1260,COF,G,,,8,330,,,,B,4060,00,U,42,0,0,000000000,00000000000,0,0,0,1,0,0,0,0,0,0,0,80,0,0,0,1,6,2,12,0,0,0,1,51,22193,6,1,0,0,3,0,72,175,0,3,0,0,6,7,2009,9,2010,1,28,0,0,0,3,3,65,1,1,2,2,0,0,1,11,1,1,2,44,0,0
51,510244,2,2,2,21,5,0,45,12,6,1,0,51,1,30,40,30040,4,2004,WVWKG61J84D1,W,V,W,K,G,6,1,J,8,4,D,1,0,P,VOLK,R32,2H,4,17,3323,,0,987,,G,,F,6,195,,,18R225,,,,,,0,0,000000000,00000000000,0,0,0,1,0,0,0,0,0,0,0,70,0,1,5,7,6,2,12,0,0,0,1,51,22310,6,1,0,0,3,3,69,195,0,0,0,0,0,0,0,0,0,1,0,0,0,0,3,3,65,1,1,2,2,0,0,1,60,1,1,1,45,1,0
51,510245,1,1,4,21,5,13,45,1,0,1,0,51,1,2,403,2403,14,1997,1J4FY29P6VP4,1,J,4,F,Y,2,9,P,6,V,P,4,0,T,JEEP,SEW,2W,97,17,,1,0,934,W/T,G,,,4,150,,,,,3019,00,E,44,0,0,000000000,00000000000,0,0,0,1,0,0,0,0,0,0,0,25,0,2,5,0,6,2,1,0,0,0,1,51,24555,6,1,0,0,3,0,60,105,1,2,0,0,0,2,2012,4,2012,0,0,0,0,0,1,2,25,1,1,2,1,0,0,1,13,1,1,4,1,1,1
51,510246,1,1,12,22,5,4,31,24,0,1,0,24,3,12,461,12461,21,2006,1FBNE31L56HB,1,F,B,N,E,3,1,L,5,6,H,B,0,P,FORD,ECO,SV,6,17,6231,,0,1380,,G,,F,8,330,,,000000,,,,,,0,0,000000000,00000000000,0,0,0,1,0,0,0,0,0,0,0,70,0,1,5,12,6,2,1,0,0,0,1,99,99999,9,9,99,9,9,9,999,999,99,99,99,99,99,99,9999,99,9999,1,0,0,0,0,3,3,65,1,2,2,2,0,0,1,12,1,1,4,6,1,0
51,510247,1,2,1,15,5,4,56,12,1,1,0,51,1,20,34,20034,4,1991,1Y1SK5465MZ0,1,Y,1,S,K,5,4,6,5,M,Z,0,0,P,GEO,GEP,4D,91,17,2364,,0,957,,G,,F,4,097,,,13R175,,,,,,0,0,000000000,00000000000,0,0,0,1,0,0,0,0,0,0,0,25,0,1,5,6,6,2,12,0,0,0,1,51,23868,6,1,0,0,3,0,66,192,0,0,0,1,0,1,2012,1,2012,0,27,0,0,0,3,2,70,1,1,2,2,0,0,4,53,1,1,1,25,1,0
51,510247,2,2,1,15,5,4,56,12,1,1,0,37,3,85,881,85881,66,2005,1XKTDB9X35J0,1,X,K,T,D,B,9,X,3,5,J,0,1,T,KW,T20,TR,5,17,,8,2600,1900,CON,D,,,6,893,,,,,00000,00,,64,1,37,00570396,3700570396,3,6,1,1,0,0,0,0,0,0,0,65,7,0,0,12,6,2,12,0,0,0,1,37,28215,6,1,6,0,3,0,70,999,0,0,0,0,0,0,0,0,0,0,0,0,0,0,3,2,70,1,1,2,2,0,0,1,64,4,1,1,24,0,0
51,510248,1,3,1,22,5,7,40,12,1,1,0,51,2,12,461,12461,21,2010,1FTNE1EW3ADA,1,F,T,N,E,1,E,W,3,A,D,A,0,T,FORD,15V,CG,10,17,,2,0,1380,VAN,G,,,8,281,,,,B,4690,00,E,42,0,0,000000000,00000000000,0,0,0,1,0,0,0,0,0,0,0,60,0,0,0,12,6,2,12,0,0,0,1,51,22556,6,1,0,0,3,0,73,236,1,0,0,0,2,12,2010,3,2012,0,0,0,0,0,3,3,60,1,1,2,1,0,0,1,50,1,1,1,20,1,0
51,510248,2,3,1,22,5,7,40,12,1,1,0,51,1,7,482,7482,31,2003,3D7MU48C23G8,3,D,7,M,U,4,8,C,2,3,G,8,0,T,DODG,SQ3,CW,3,17,,3,0,1600,RPC,D,,,6,359,,,,D,6544,06,E,44,0,0,000000000,00000000000,0,0,0,1,0,0,0,0,0,0,0,0,0,0,0,6,6,2,12,0,0,0,1,51,22408,6,1,0,0,3,0,71,230,0,0,0,0,0,0,0,0,0,0,0,0,0,0,3,3,60,1,1,2,1,0,0,5,53,1,1,1,21,0,0
51,510248,3,3,2,22,5,7,40,12,1,1,0,11,3,63,38,63038,2,2012,KNAFU4A24C55,K,N,A,F,U,4,A,2,4,C,5,5,0,P,KIA,FEX,4D,12,17,2791,,0,1043,,G,,F,4,122,,,15R195,,,,,,0,0,000000000,00000000000,0,0,0,1,0,0,0,0,0,0,0,0,0,0,0,6,6,2,12,0,0,0,1,24,21703,6,1,0,0,3,0,62,105,0,0,0,0,0,0,0,0,0,0,0,0,0,0,3,3,60,1,1,2,1,0,0,5,53,1,1,1,98,0,0
51,510249,1,2,1,23,5,21,0,12,6,1,0,51,1,20,36,20036,2,1999,2G1WX12K3X92,2,G,1,W,X,1,2,K,3,X,9,2,0,P,CHEV,MZ3,CP,99,17,3436,,0,1075,,G,,F,6,231,,,16R225,,,,,,0,0,000000000,00000000000,0,0,0,1,0,0,0,0,0,0,0,55,0,0,0,3,6,2,12,0,0,0,1,51,22630,6,2,0,0,3,1,67,125,0,0,0,0,0,0,0,0,0,0,28,0,0,0,1,2,55,1,1,2,2,0,0,1,10,1,1,2,64,1,0
51,510249,2,2,1,23,5,21,0,12,6,1,0,51,1,48,401,48401,14,2007,JF1SG65647H7,J,F,1,S,G,6,5,6,4,7,H,7,0,P,SUBA,FOR,UT,7,17,3150,,0,994,,G,,F,4,150,,,16R215,,,,,,0,0,000000000,00000000000,0,0,0,1,0,0,0,0,0,0,0,55,0,0,0,11,6,2,12,0,0,0,1,51,22630,6,1,0,0,3,0,72,175,0,0,0,1,0,4,2012,4,2012,0,0,0,0,0,1,2,55,1,1,2,2,0,0,1,62,1,1,1,65,0,0
51,510250,1,1,2,4,5,5,41,1,0,1,0,99,9,2,404,2404,14,1996,1J4FJ68S7TL3,1,J,4,F,J,6,8,S,7,T,L,3,0,T,JEEP,SPC,4W,96,17,,1,0,1014,CHK,G,,,6,242,,,,,3008,00,M,44,0,0,000000000,00000000000,0,0,0,1,0,0,0,0,0,0,0,35,0,2,5,0,6,2,1,0,0,0,9,0,99997,7,6,97,7,6,7,998,997,998,998,998,998,998,98,9998,98,9998,8,0,0,0,0,1,2,35,1,2,2,1,0,0,0,12,0,0,0,6,1,0
51,510251,1,1,1,24,5,1,32,9,0,1,0,51,1,30,46,30046,4,1999,WVWMA63B4XE2,W,V,W,M,A,6,3,B,4,X,E,2,0,P,VOLK,PGS,4D,99,17,3036,,0,1066,,G,,T,4,109,,,15R195,,,,,,0,0,000000000,00000000000,0,0,0,1,0,0,0,0,0,0,0,55,0,0,0,12,6,2,9,0,0,0,1,51,22407,6,1,0,0,3,3,62,120,1,0,0,0,0,10,2011,10,2011,0,0,0,0,0,2,2,55,1,2,2,1,0,0,1,80,1,1,1,13,0,0
51,510252,1,2,1,24,5,20,33,12,2,1,0,51,1,72,706,72706,80,2003,1HD1BMY133Y0,1,H,D,1,B,M,Y,1,3,3,Y,0,0,M,HD,FLF,RS,3,17,,,,,,,1450,,2,,4,666,,,,,,,0,0,000000000,00000000000,0,0,0,1,0,0,0,0,0,0,0,55,0,0,0,12,6,2,12,0,0,0,1,51,23422,6,1,0,0,3,0,67,195,0,0,0,0,0,0,0,0,0,0,51,0,0,0,1,2,55,1,1,2,1,0,0,1,10,1,1,1,50,1,1
51,510252,2,2,2,24,5,20,33,12,2,1,0,51,1,41,402,41402,14,2002,4F2CU08112KM,4,F,2,C,U,0,8,1,1,2,K,M,0,P,MAZD,TRI,UT,2,17,3455,,0,1031,,G,,F,6,181,,,16R235,,,,,,0,0,000000000,00000000000,0,0,0,1,0,0,0,0,0,0,0,50,0,0,0,12,6,2,12,0,0,0,1,51,23420,6,1,0,0,3,0,64,210,0,0,0,0,0,0,0,0,0,0,0,0,0,0,1,2,55,1,1,2,1,0,0,1,62,4,1,1,51,0,0
51,510253,1,2,1,7,4,0,37,12,7,1,0,42,2,7,482,7482,31,2002,1D7HU18N02S6,1,D,7,H,U,1,8,N,0,2,S,6,0,T,DODG,Q15,CW,2,17,,2,1605,1405,RPC,G,,,8,287,,,,B,5000,02,E,44,0,0,000000000,00000000000,0,0,0,1,0,0,0,0,0,0,0,90,0,1,3,1,6,2,1,0,0,0,1,42,17109,0,0,0,0,0,0,72,999,0,0,0,0,1,6,2009,6,2009,1,0,0,0,0,3,2,70,1,1,2,1,0,0,1,11,1,1,1,44,1,1
51,510253,2,2,1,7,4,0,37,12,7,1,0,1,1,7,472,7472,30,2003,1D7HG42N93S2,1,D,7,H,G,4,2,N,9,3,S,2,0,T,DODG,DSL,PC,3,17,,2,0,1309,DAK,G,,,8,287,,,,B,4154,00,E,44,0,0,000000000,00000000000,0,0,0,1,0,0,0,0,0,0,0,70,0,0,0,10,2,1,12,0,0,0,1,1,35223,6,1,0,0,3,0,74,240,0,0,0,0,0,0,0,0,0,0,0,0,0,0,3,2,70,1,1,2,1,0,0,1,60,1,1,1,45,0,0
51,510254,1,1,3,25,5,11,50,42,0,1,0,12,1,7,402,7402,14,1999,1B4HR28Y7XF5,1,B,4,H,R,2,8,Y,7,X,F,5,0,P,DODG,DUR,UT,99,17,4144,,0,1159,,G,,F,8,318,,,15R235,,,,,,0,0,000000000,00000000000,0,0,0,1,0,0,0,0,0,0,0,70,0,0,0,2,6,2,42,0,0,0,1,12,33189,6,1,0,0,3,3,66,999,0,1,0,0,0,6,2011,6,2011,0,0,0,0,0,2,2,70,1,1,2,1,0,0,1,1,1,2,4,2,1,0
51,510255,1,2,1,24,5,15,4,12,1,1,0,51,1,20,33,20033,3,1986,JG1MR0851GK7,J,G,1,M,R,0,8,5,1,G,K,7,0,P,CHEV,SPR,2H,86,17,1455,,0,884,,G,,2,3,061,,,12R145,,,,,,0,0,000000000,00000000000,0,0,0,1,0,0,0,0,0,0,0,60,0,0,0,12,6,2,12,0,0,0,1,51,24523,6,1,0,0,3,0,59,135,0,0,0,0,0,0,0,0,0,1,26,0,0,0,2,2,45,1,1,2,1,0,0,1,51,1,1,1,24,1,0
51,510255,2,2,1,24,5,15,4,12,1,1,0,51,2,86,881,86881,63,2000,1M2P264C5YM0,1,M,2,P,2,6,4,C,5,Y,M,0,1,T,MACK,RD6,CC,0,17,,8,0,0,600,D,,,6,728,,,,,00000,00,,64,1,88,888888888,88888888888,3,4,4,1,0,0,0,0,0,0,0,45,0,0,0,6,2,1,12,0,0,0,1,51,24153,6,1,6,0,3,0,69,225,0,0,0,0,0,0,0,0,0,0,0,0,0,0,2,2,45,1,1,2,1,0,0,1,53,1,1,1,25,0,0
51,510256,1,1,1,25,5,17,0,35,0,1,0,51,1,35,471,35471,30,1995,1N6SD11S2SC4,1,N,6,S,D,1,1,S,2,S,C,4,0,T,NISS,EXE,PK,95,17,,1,0,1043,TRK,G,,,4,146,,,,B,2728,01,A,42,0,0,000000000,00000000000,0,0,0,1,0,0,0,0,0,0,0,60,0,2,1,11,6,2,1,0,0,0,1,51,24558,6,1,0,0,3,0,67,180,0,2,0,0,0,3,2010,8,2011,0,0,0,0,0,1,2,45,3,2,2,1,0,0,14,13,8,1,4,1,1,1
51,510257,1,1,2,26,5,2,10,53,0,1,0,51,1,49,40,49040,4,1995,JT2SK12E7S03,J,T,2,S,K,1,2,E,7,S,0,3,0,P,TOYT,CLE,4D,95,17,3086,,0,1031,,G,,F,4,132,,,14R195,,,,,,0,0,000000000,00000000000,0,0,0,1,0,0,0,0,0,0,0,80,0,1,5,5,6,2,1,0,0,0,1,51,24592,6,1,0,0,3,0,72,190,0,0,0,0,0,0,0,0,0,0,0,0,0,0,1,2,55,1,2,2,1,0,0,1,12,8,1,4,1,1,1
51,510258,1,1,4,27,5,12,57,31,0,1,0,51,1,19,3,19003,4,1995,1G6KD52B2SU2,1,G,6,K,D,5,2,B,2,S,U,2,0,P,CADI,DFW,4D,95,17,3664,,0,1138,,G,,F,8,300,,,15R215,,,,,,0,0,000000000,00000000000,0,0,0,1,0,0,0,0,0,0,0,40,0,0,0,1,6,2,42,0,0,0,1,51,24445,6,1,0,0,3,0,65,225,0,0,0,1,0,5,2012,5,2012,0,0,0,0,0,1,2,45,1,2,2,1,0,0,1,13,1,1,4,1,1,0