STATE,ST_CASE,VEH_NO,VE_FORMS,NUMOCCS,DAY,MONTH,HOUR,MINUTE,HARM_EV,MAN_COLL,UNITTYPE,HIT_RUN,REG_STAT,OWNER,MAKE,MODEL,MAK_MOD,BODY_TYP,MOD_YEAR,VIN,VIN_1,VIN_2,VIN_3,VIN_4,VIN_5,VIN_6,VIN_7,VIN_8,VIN_9,VIN_10,VIN_11,VIN_12,TOW_VEH,VINTYPE,VINMAKE,VINA_MOD,VIN_BT,VINMODYR,VIN_LNGT,VIN_WGT,WGTCD_TR,WHLBS_LG,WHLBS_SH,SER_TR,FUELCODE,MCYCL_DS,CARBUR,CYLINDER,DISPLACE,MCYCL_CY,MCYCL_WT,TIRE_SZE,TON_RAT,TRK_WT,TRKWTVAR,VIN_REST,WHLDRWHL,J_KNIFE,MCARR_I1,MCARR_I2,MCARR_ID,GVWR,V_CONFIG,CARGO_BT,HAZ_INV,HAZ_PLAC,HAZ_ID,HAZ_CNO,HAZ_REL,BUS_USE,SPEC_USE,EMER_USE,TRAV_SP,UNDERIDE,ROLLOVER,ROLINLOC,IMPACT1,DEFORMED,TOWED,M_HARM,VEH_SC1,VEH_SC2,FIRE_EXP,DR_PRES,L_STATE,DR_ZIP,L_STATUS,L_TYPE,CDL_STAT,L_ENDORS,L_COMPL,L_RESTRI,DR_HGT,DR_WGT,PREV_ACC,PREV_SUS,PREV_DWI,PREV_SPD,PREV_OTH,FIRST_MO,FIRST_YR,LAST_MO,LAST_YR,SPEEDREL,DR_SF1,DR_SF2,DR_SF3,DR_SF4,VTRAFWAY,VNUM_LAN,VSPD_LIM,VALIGN,VPROFILE,VPAVETYP,VSURCOND,VTRAFCON,VTCONT_F,P_CRASH1,P_CRASH2,P_CRASH3,PCRASH4,PCRASH5,ACC_TYPE,DEATHS,DR_DRINK
51,510259,1,1,1,28,5,22,1,35,0,1,0,51,3,86,881,86881,66,2001,1M1AA18Y51W1,1,M,1,A,A,1,8,Y,5,1,W,1,1,T,MACK,CH6,TR,1,17,,8,0,0,600,D,,,6,728,,,,,00000,00,,64,1,51,00304488,5100304488,3,6,2,2,2,1203,3,2,0,0,0,60,0,1,3,11,6,2,1,0,0,0,1,51,24504,6,1,6,1,3,0,70,320,0,0,0,0,0,0,0,0,0,1,0,0,0,0,3,2,45,2,2,2,1,0,0,14,12,2,1,4,6,1,0
51,510260,1,1,2,28,5,22,17,53,0,1,0,51,2,22,20,22020,2,2002,1G2WK52J42F1,1,G,2,W,K,5,2,J,4,2,F,1,0,P,PONT,GFS,4D,2,17,3384,,0,1105,,G,,F,6,191,,,15R205,,,,,,0,0,000000000,00000000000,0,0,0,1,0,0,0,0,0,0,0,55,0,1,5,12,6,2,35,0,0,0,1,51,24361,6,1,0,0,3,0,63,220,0,0,0,0,0,0,0,0,0,0,0,0,0,0,1,2,55,1,2,2,1,0,0,1,13,1,1,4,1,1,0
51,510261,1,1,1,25,5,22,35,32,0,1,0,51,2,49,33,49033,2,1994,JT2AT00N8R00,J,T,2,A,T,0,0,N,8,R,0,0,0,P,TOYT,LST,2H,94,17,2495,,0,999,,G,,F,4,108,,,14R185,,,,,,0,0,000000000,00000000000,0,0,0,1,0,0,0,0,0,0,0,75,0,1,2,12,6,2,1,0,0,0,1,51,22827,1,1,0,0,2,0,72,180,0,4,0,0,0,11,2010,11,2010,1,0,0,0,0,1,2,55,2,1,2,1,0,0,14,12,1,1,4,6,1,1
51,510262,1,1,1,30,5,18,55,24,0,1,0,51,1,73,705,73705,80,2011,JKAZX4R16BA0,J,K,A,Z,X,4,R,1,6,B,A,0,0,M,KAWK,ZXP,RC,11,17,,,,,,,599,,4,,4,421,,,,,,,0,0,000000000,00000000000,0,0,0,1,0,0,0,0,0,0,0,75,0,0,0,3,6,2,24,0,0,0,1,51,23039,6,1,0,0,3,0,68,165,0,0,0,1,1,6,2009,6,2011,1,0,0,0,0,6,1,55,2,9,2,1,0,0,14,12,2,1,4,6,1,1
51,510263,1,1,1,29,5,23,1,8,0,1,1,51,3,49,40,49040,4,2009,4T1BE46K79U2,4,T,1,B,E,4,6,K,7,9,U,2,0,P,TOYT,CBA,4D,9,17,3263,,0,1090,,G,,F,4,144,,,16R215,,,,,,0,0,000000000,00000000000,0,0,0,1,0,0,0,0,0,0,0,999,0,0,0,12,6,2,8,0,0,0,1,51,23235,1,1,0,0,3,0,71,200,0,4,0,0,0,7,2010,4,2012,0,91,0,0,0,3,2,45,1,1,2,2,0,0,1,80,1,1,1,13,0,0
51,510264,1,1,2,26,5,14,0,42,0,1,0,51,1,20,401,20401,14,2005,1GNDT13S0521,1,G,N,D,T,1,3,S,0,5,2,1,0,P,CHEV,TRL,UT,5,17,4612,,0,1130,,G,,F,6,256,,,16R245,,,,,,0,0,000000000,00000000000,0,0,0,1,0,0,0,0,0,0,0,55,0,1,6,11,6,2,1,0,0,0,1,51,24445,6,1,0,0,3,0,72,260,0,0,1,1,1,11,2009,2,2011,0,0,0,0,0,1,2,55,1,2,2,1,0,0,1,12,1,1,4,6,1,0
51,510265,1,1,3,30,5,21,10,34,0,1,0,51,2,35,39,35039,4,2009,1N4AA51E49C8,1,N,4,A,A,5,1,E,4,9,C,8,0,P,NISS,MSV,4D,9,17,3556,,0,1093,,G,,F,6,214,,,18R245,,,,,,0,0,000000000,00000000000,0,0,0,1,0,0,0,0,0,0,0,55,0,1,5,1,6,2,1,0,0,0,1,51,23840,6,1,0,0,3,0,69,200,0,0,0,0,0,0,0,0,0,0,0,0,0,0,1,2,55,2,1,2,1,0,0,14,12,1,1,4,6,1,0
51,510266,1,2,1,22,5,13,55,12,6,1,0,51,2,37,705,37705,80,2002,JH2PC35062M3,J,H,2,P,C,3,5,0,6,2,M,3,0,M,HOND,CF4,RC,2,17,,,,,,,599,,4,,4,370,,,,,,,0,0,000000000,00000000000,0,0,0,1,0,0,0,0,0,0,0,65,0,0,0,12,6,2,12,0,0,0,1,51,24504,6,1,0,0,2,0,60,120,0,1,0,0,2,10,2011,10,2011,1,0,0,0,0,3,2,45,1,2,2,1,3,3,1,54,1,1,1,69,1,0
51,510266,2,2,1,22,5,13,55,12,6,1,0,51,1,22,20,22020,4,2002,1G2WP52K82F1,1,G,2,W,P,5,2,K,8,2,F,1,0,P,PONT,GPG,4D,2,17,3496,,0,1105,,G,,F,6,231,,,16R225,,,,,,0,0,000000000,00000000000,0,0,0,1,0,0,0,0,0,0,0,10,0,0,0,3,6,2,12,0,0,0,1,51,24588,6,1,0,0,3,0,60,140,0,0,0,0,0,0,0,0,0,0,0,0,0,0,3,2,45,1,2,2,1,3,3,11,66,1,1,1,68,0,0
51,510267,1,1,1,28,5,8,22,59,0,1,0,51,2,7,482,7482,31,1998,1B7KF23W3WJ2,1,B,7,K,F,2,3,W,3,W,J,2,0,T,DODG,Q25,4C,98,17,,2,1547,1387,RPC,G,,,10,488,,,,C,5359,03,U,44,0,0,000000000,00000000000,0,0,0,1,0,0,0,0,0,0,0,999,0,0,0,12,6,2,42,0,0,0,1,51,23063,6,1,0,0,3,0,75,195,0,0,0,0,0,0,0,0,0,0,0,0,0,0,1,2,45,1,1,2,1,0,0,1,13,1,1,4,1,1,0
51,510268,1,1,1,24,5,9,47,34,0,1,0,51,3,82,881,82881,63,2006,1FVHC3DJ16HW,1,F,V,H,C,3,D,J,1,6,H,W,1,T,FRHT,16H,CC,6,17,,8,0,0,FM2,D,,,6,439,,,,,00000,00,,64,1,51,453579,51453579,3,4,7,1,0,0,0,0,0,0,0,25,0,0,0,12,6,2,34,0,0,0,1,51,23139,6,1,6,0,3,0,65,165,2,0,0,0,0,8,2009,10,2009,0,58,0,0,0,1,2,45,3,2,2,1,0,0,14,13,8,7,4,2,1,0
51,510269,1,2,1,27,5,17,7,12,6,1,0,47,1,20,37,20037,4,2010,1G1ZE5E74AF1,1,G,1,Z,E,5,E,7,4,A,F,1,0,P,CHEV,M/Z,4D,10,17,3649,,0,1123,,G,,F,6,220,,,18R225,,,,,,0,0,000000000,00000000000,0,0,0,1,0,0,0,0,0,0,0,25,0,0,0,12,6,2,12,0,0,0,1,47,37918,6,1,0,0,3,0,63,171,0,0,0,0,0,0,0,0,0,0,0,0,0,0,3,2,45,1,2,2,1,3,3,11,66,1,1,1,68,0,0
51,510269,2,2,2,27,5,17,7,12,6,1,0,51,2,49,50,49050,3,2007,JTKDE1676702,J,T,K,D,E,1,6,7,6,7,0,2,0,P,TOYT,SXC,2H,7,17,2905,,0,1063,,G,,F,4,146,,,17R215,,,,,,0,0,000000000,00000000000,0,0,0,1,0,0,0,0,0,0,0,45,0,0,0,8,6,2,12,0,0,0,1,51,20120,6,1,0,0,3,3,66,150,0,0,0,1,0,4,2011,4,2011,0,0,0,0,0,3,2,45,1,2,2,1,3,3,1,66,1,1,1,69,1,0
51,510270,1,2,1,28,5,17,30,24,0,1,0,51,1,34,34,34034,2,2003,WBAET37423NH,W,B,A,E,T,3,7,4,2,3,N,H,0,P,BMW,325,4D,3,17,3219,,0,1073,,G,,F,6,152,,,16R205,,,,,,0,0,000000000,00000000000,0,0,0,1,0,0,0,0,0,0,0,80,0,0,0,2,6,2,24,0,0,0,1,51,22902,6,1,0,0,3,0,73,170,0,1,1,1,0,5,2010,5,2012,1,0,0,0,0,3,2,65,1,2,2,1,0,0,1,13,3,7,4,1,1,1
51,510270,2,2,1,28,5,17,30,24,0,1,0,45,3,82,881,82881,66,2000,1FUYDSZB0YLB,1,F,U,Y,D,S,Z,B,0,Y,L,B,1,T,FRHT,FLD,TR,0,17,,8,0,0,CON,D,,,6,774,,,,,00000,00,,64,1,45,21948270,4521948270,3,6,1,1,0,0,0,0,0,0,0,60,0,0,0,7,4,1,12,0,0,0,1,36,14551,6,1,6,0,3,0,72,999,0,1,0,1,1,8,2009,12,2009,0,0,0,0,0,3,2,65,1,2,2,1,0,0,1,64,1,1,1,98,0,0
51,510271,1,4,1,10,5,14,15,12,1,1,0,51,1,20,28,20028,4,2012,1G1JA5SHXC41,1,G,1,J,A,5,S,H,X,C,4,1,0,P,CHEV,SNS,4D,12,17,2721,,0,994,,G,,F,4,110,,,15R195,,,,,,0,0,000000000,00000000000,0,0,0,1,0,0,0,0,0,0,0,40,0,0,0,12,6,2,12,0,0,0,1,51,22025,6,1,0,0,3,3,60,140,0,0,0,0,0,0,0,0,0,0,0,0,0,0,2,2,50,1,2,2,1,3,3,1,50,1,1,1,20,1,0
51,510271,2,4,1,10,5,14,15,12,1,1,0,41,3,14,401,14401,14,2007,4M2EU47E47UJ,4,M,2,E,U,4,7,E,4,7,U,J,0,P,MERC,MOU,UT,7,17,4725,,0,1137,,G,,F,6,244,,,17R245,,,,,,0,0,000000000,00000000000,0,0,0,1,0,0,0,0,0,0,0,0,0,0,0,6,6,2,12,0,0,0,1,53,98001,6,1,0,0,3,0,60,140,0,0,0,0,0,0,0,0,0,0,0,0,0,0,2,2,50,1,2,2,1,3,3,5,53,1,1,1,21,0,0
51,510271,3,4,1,10,5,14,15,12,1,1,0,51,1,49,403,49403,14,2008,JTEES41A0820,J,T,E,E,S,4,1,A,0,8,2,0,0,P,TOYT,HIG,UT,8,17,4178,,0,1098,,G,,F,6,214,,,17R245,,,,,,0,0,000000000,00000000000,0,0,0,1,0,0,0,0,0,0,0,0,0,0,0,6,2,1,12,0,0,0,1,51,22192,6,1,0,0,3,3,70,155,0,0,0,1,0,9,2011,9,2011,0,0,0,0,0,2,2,50,1,2,2,1,3,3,5,53,1,1,1,98,0,0
51,510271,4,4,1,10,5,14,15,12,1,1,0,51,0,19,20,19020,6,2010,3GYFNAEY1AS6,3,G,Y,F,N,A,E,Y,1,A,S,6,0,P,CADI,SRX,UT,10,17,4224,,0,1105,,G,,F,6,183,,,18R235,,,,,,0,0,000000000,00000000000,0,0,0,1,0,0,0,0,0,0,0,0,0,0,0,6,2,1,12,0,0,0,1,51,22079,6,1,0,0,3,0,63,145,0,0,0,0,0,0,0,0,0,0,0,0,0,0,2,2,50,1,2,2,1,3,3,5,53,1,1,1,98,0,0
51,510272,1,2,6,1,6,10,33,12,6,1,0,51,2,20,37,20037,4,1998,1G1ND52M1W61,1,G,1,N,D,5,2,M,1,W,6,1,0,P,CHEV,MAL,4D,98,17,3100,,0,1070,,G,,F,6,191,,,15R215,,,,,,0,0,000000000,00000000000,0,0,0,1,0,0,0,0,0,0,0,25,0,0,0,4,6,2,12,0,0,0,1,51,23225,6,1,0,0,3,0,66,133,0,0,0,0,0,0,0,0,0,0,39,38,0,0,1,2,25,1,6,2,1,20,3,1,17,1,1,1,87,1,0
51,510272,2,2,1,1,6,10,33,12,6,1,0,51,3,12,481,12481,31,2010,1FTSW2BR2AEA,1,F,T,S,W,2,B,R,2,A,E,A,0,T,FORD,F2S,CW,10,17,,2,1724,1562,SRW,D,,,8,390,,,,B,6483,00,E,44,0,0,000000000,00000000000,0,0,0,1,0,0,0,0,0,0,0,25,0,0,0,12,6,2,12,0,0,0,1,51,23229,6,1,0,0,3,0,74,185,1,0,0,1,0,12,2009,1,2010,0,0,0,0,0,1,2,25,1,5,2,1,0,0,1,66,1,1,1,86,0,0
51,510273,1,1,3,2,6,10,26,53,0,1,0,51,2,7,402,7402,14,2000,1B4HS28N2YF2,1,B,4,H,S,2,8,N,2,Y,F,2,0,P,DODG,DUR,UT,0,17,4462,,0,1159,,G,,F,8,287,,,15R235,,,,,,0,0,000000000,00000000000,0,0,0,1,0,0,0,0,0,0,0,55,0,1,5,11,6,2,35,0,0,0,1,51,22407,6,7,0,0,3,2,62,130,0,0,0,0,0,0,0,0,0,0,58,73,0,0,1,2,55,1,1,2,1,0,0,1,13,8,7,4,1,1,0
51,510274,1,3,1,3,6,15,59,12,1,1,0,51,2,2,404,2404,14,1996,1J4GZ58S0TC3,1,J,4,G,Z,5,8,S,0,T,C,3,0,T,JEEP,LRO,4W,96,17,,1,0,1059,GCK,G,,,6,242,,,,,3686,00,E,44,0,0,000000000,00000000000,0,0,0,1,0,0,0,0,0,0,0,60,0,0,0,12,6,2,12,0,0,0,1,51,23177,6,2,0,0,3,0,59,120,0,0,0,0,0,0,0,0,0,0,0,0,0,0,1,2,55,1,1,2,1,0,0,1,50,3,1,1,20,0,0
51,510274,2,3,4,3,6,15,59,12,1,1,0,51,1,22,18,22018,4,2003,1G2NW52E13M5,1,G,2,N,W,5,2,E,1,3,M,5,0,P,PONT,GAG,4D,3,17,3116,,0,1070,,G,,F,6,207,,,16R225,,,,,,0,0,000000000,00000000000,0,0,0,1,0,0,0,0,0,0,0,0,0,0,0,6,6,2,12,0,0,0,1,51,23177,6,1,0,0,3,0,64,130,0,0,0,1,0,8,2009,8,2009,0,0,0,0,0,1,2,55,1,1,2,1,0,0,5,53,1,1,1,21,1,0
51,510274,3,3,1,3,6,15,59,12,1,1,0,51,1,2,404,2404,14,1998,1J4GZ58Y1WC1,1,J,4,G,Z,5,8,Y,1,W,C,1,0,T,JEEP,LRT,4W,98,17,,1,0,1059,GCK,G,,,8,318,,,,,3708,01,E,44,0,0,000000000,00000000000,0,0,0,1,0,0,0,0,0,0,0,5,0,0,0,7,6,2,12,0,0,0,1,51,23086,6,1,0,0,3,0,70,160,0,0,0,0,0,0,0,0,0,0,0,0,0,0,1,2,55,1,1,2,1,0,0,11,53,1,1,1,98,0,0
51,510275,1,1,1,3,6,2,30,8,0,1,0,99,9,82,881,82881,66,2007,1FUJBBCG97LW,1,F,U,J,B,B,C,G,9,7,L,W,5,T,FRHT,ST2,TR,7,17,,8,0,0,CON,D,,,6,774,,,,,00000,00,,64,1,40,00603605,4000603605,3,5,12,1,0,0,0,0,0,0,0,48,0,0,0,12,6,2,8,0,0,0,1,37,28152,6,1,6,0,3,0,74,999,0,0,0,0,0,0,0,0,0,0,0,0,0,0,2,2,55,1,2,2,1,0,0,1,80,1,1,1,13,0,0
51,510276,1,1,1,3,6,0,50,42,0,1,0,51,1,18,20,18020,4,1994,2G4WB55L0R14,2,G,4,W,B,5,5,L,0,R,1,4,0,P,BUIC,RGC,4D,94,17,3240,,0,1075,,G,,F,6,231,,,15R205,,,,,,0,0,000000000,00000000000,0,0,0,1,0,0,0,0,0,0,0,75,0,0,0,12,6,2,2,0,0,1,1,51,23703,6,1,0,0,3,0,73,200,0,1,0,0,2,5,2010,5,2011,1,37,0,0,0,1,2,25,3,1,2,1,0,0,14,12,1,1,4,6,1,1
51,510277,1,2,1,4,6,8,14,54,11,1,0,51,1,12,481,12481,31,1999,1FTSF31F9XEB,1,F,T,S,F,3,1,F,9,X,E,B,0,T,FORD,F3S,PK,99,17,,2,0,1370,SRW,D,,,8,444,,,,D,5450,00,E,44,0,0,000000000,00000000000,0,0,0,1,0,0,0,0,0,0,0,65,0,0,0,18,0,1,54,0,0,0,1,51,24015,6,1,0,0,3,0,75,195,0,0,0,0,0,0,0,0,0,0,80,0,0,0,2,2,65,1,2,2,1,0,0,1,3,1,1,1,98,0,0
51,510277,2,2,1,4,6,8,14,54,11,1,0,48,3,51,881,51881,66,2007,4V4NC9TG87N4,4,V,4,N,C,9,T,G,8,7,N,4,1,T,VOLV,VNL,TR,7,17,,8,0,0,VVN,D,,,6,915,,,,,00000,00,,64,1,48,13863390,4813863390,3,6,1,1,0,0,0,0,0,0,0,65,0,0,0,10,6,2,54,0,0,0,1,48,75044,6,1,6,0,3,0,999,999,0,0,0,0,2,3,2010,12,2010,0,0,0,0,0,2,2,65,1,2,2,1,0,0,1,98,1,1,1,98,1,0
51,510278,1,2,1,3,6,20,5,12,6,1,0,51,2,20,9,20009,2,1999,2G1FP22KXX21,2,G,1,F,P,2,2,K,X,X,2,1,0,P,CHEV,CAM,CP,99,17,3306,,0,1011,,G,,F,6,231,,,16R215,,,,,,0,0,000000000,00000000000,0,0,0,1,0,0,0,0,0,0,0,70,0,0,0,3,6,2,12,0,0,0,1,51,24122,6,1,0,0,3,0,67,170,0,0,0,1,0,9,2009,9,2009,1,28,0,0,0,1,2,55,1,1,2,1,0,0,1,10,2,1,2,64,1,1
51,510278,2,2,2,3,6,20,5,12,6,1,0,51,1,12,401,12401,14,2003,1FMZU70E03UA,1,F,M,Z,U,7,0,E,0,3,U,A,0,P,FORD,EPR,UT,3,17,4027,,0,1018,,G,,F,6,245,,,16R235,,,,,,0,0,000000000,00000000000,0,0,0,1,0,0,0,0,0,0,0,30,0,0,0,12,6,2,12,0,0,0,1,51,24122,6,1,0,0,3,0,64,232,0,0,0,0,0,0,0,0,0,0,0,0,0,0,1,2,55,1,1,2,1,0,0,1,62,1,1,1,65,0,0
51,510279,1,1,1,7,6,6,0,8,0,1,0,51,1,23,401,23401,14,2004,1GKET12SX461,1,G,K,E,T,1,2,S,X,4,6,1,0,T,GMC,XUV,4W,4,17,,2,0,1290,ENV,G,,,6,256,,,,B,4915,00,U,44,0,0,000000000,00000000000,0,0,0,1,0,0,0,0,0,0,0,55,0,0,0,12,6,2,8,0,0,0,1,51,23061,6,1,0,0,3,0,68,145,0,0,0,0,1,4,2012,4,2012,0,0,0,0,0,2,2,55,1,1,2,1,0,0,1,80,2,1,1,13,0,1
51,510280,1,1,1,7,6,0,34,30,0,1,0,51,2,20,32,20032,5,1997,1Y1SK5267VZ4,1,Y,1,S,K,5,2,6,7,V,Z,4,0,P,GEO,GEP,4D,97,17,2360,,0,971,,G,,F,4,097,,,14R175,,,,,,0,0,000000000,00000000000,0,0,0,1,0,0,0,0,0,0,0,998,0,0,0,10,6,2,30,0,0,0,1,51,24017,3,1,0,0,2,0,72,160,0,7,0,3,1,3,2011,5,2012,0,0,0,0,0,1,2,35,1,1,2,1,0,0,1,13,2,1,4,1,1,1
51,510281,1,2,3,5,6,22,51,12,6,1,0,51,1,37,31,37031,4,2001,1HGES26701L0,1,H,G,E,S,2,6,7,0,1,L,0,0,P,HOND,UAX,4D,1,17,2615,,0,1031,,G,,F,4,102,,,15R185,,,,,,0,0,000000000,00000000000,0,0,0,1,0,0,0,0,0,0,0,100,0,0,0,12,6,2,12,0,0,0,1,51,22625,6,1,0,0,3,0,60,110,0,1,0,4,0,9,2010,5,2012,1,0,0,0,0,2,2,35,1,1,2,1,0,0,1,54,1,1,1,83,3,0
51,510281,2,2,1,5,6,22,51,12,6,1,0,51,1,37,441,37441,20,2002,2HKRL18672H5,2,H,K,R,L,1,8,6,7,2,H,5,0,P,HOND,UDY,SV,2,17,4354,,0,1181,,G,,F,6,212,,,16R225,,,,,,0,0,000000000,00000000000,0,0,0,1,0,0,0,0,0,0,0,5,0,0,0,9,6,2,12,0,0,0,1,51,22193,6,1,0,0,3,0,66,150,0,0,0,0,0,0,0,0,0,0,0,0,0,0,2,2,35,1,1,2,1,0,0,11,54,1,1,1,82,0,0
51,510282,1,1,1,7,6,21,1,8,0,1,0,51,2,20,481,20481,31,1995,1GCEK19K3SE2,1,G,C,E,K,1,9,K,3,S,E,2,0,T,CHEV,GK1,PC,95,17,,2,1555,1415,GM4,G,,,8,350,,,,B,4514,00,,44,0,0,000000000,00000000000,0,0,0,1,0,0,0,0,0,0,0,25,0,0,0,12,2,1,8,0,0,0,1,51,22655,1,1,0,0,2,0,999,999,0,0,0,0,0,0,0,0,0,0,99,99,99,99,2,2,35,1,1,2,1,3,3,1,80,1,1,1,13,0,0
51,510283,1,1,1,4,6,21,35,30,0,1,0,51,1,72,706,72706,80,2012,1HD1KBM19CB6,1,H,D,1,K,B,M,1,9,C,B,6,0,M,HD,FHX,RS,12,17,,,,,,,1690,,2,,4,785,,,,,,,0,0,000000000,00000000000,0,0,0,1,0,0,0,0,0,0,0,55,0,0,0,1,6,2,30,0,0,0,1,51,24084,6,1,0,0,3,0,71,250,0,0,0,0,0,0,0,0,0,0,0,0,0,0,2,2,55,3,1,2,2,0,0,14,12,1,1,4,6,1,1
51,510284,1,4,1,9,6,22,27,12,6,1,0,51,1,59,401,59401,14,1999,JT6HF10U1X00,J,T,6,H,F,1,0,U,1,X,0,0,0,P,LEXS,RX3,UT,99,17,3900,,0,1031,,G,,F,6,183,,,16R225,,,,,,0,0,000000000,00000000000,0,0,0,1,0,0,0,0,0,0,0,55,0,0,0,12,6,2,12,0,0,0,1,51,20187,6,1,0,0,3,0,62,125,0,0,0,0,1,11,2009,11,2009,0,39,0,0,0,3,4,55,1,1,2,1,3,3,1,17,1,1,1,83,0,1
51,510284,2,4,2,9,6,22,27,12,6,1,0,51,1,12,37,12037,4,2008,1FAHP33N58W2,1,F,A,H,P,3,3,N,5,8,W,2,0,P,FORD,FMS,CP,8,17,2588,,0,1029,,G,,F,4,122,,,16R205,,,,,,0,0,000000000,00000000000,0,0,0,1,0,0,0,0,0,0,0,15,0,0,0,10,6,2,12,0,0,0,1,51,23139,6,1,0,0,3,0,69,215,0,0,0,0,1,8,2010,8,2010,0,0,0,0,0,3,4,55,1,1,2,1,3,3,11,66,1,1,1,82,1,0
51,510284,3,4,1,9,6,22,27,12,6,1,0,51,1,30,40,30040,4,2012,3VWLL7AJ0CM3,3,V,W,L,L,7,A,J,0,C,M,3,0,P,VOLK,JTD,4D,12,17,3210,,0,0,,D,,T,4,120,,,000000,,,,,,0,0,000000000,00000000000,0,0,0,1,0,0,0,0,0,0,0,0,0,0,0,9,6,2,12,0,0,0,1,12,32707,6,1,0,0,3,0,65,999,0,0,0,2,0,4,2010,4,2012,0,0,0,0,0,3,4,55,1,1,2,1,3,3,5,67,1,1,1,98,0,0
51,510284,4,4,1,9,6,22,27,12,6,1,0,51,1,63,441,63441,20,2009,KNDMB2332963,K,N,D,M,B,2,3,3,2,9,6,3,0,P,KIA,SED,SV,9,17,4387,,0,1189,,G,,F,6,230,,,16R225,,,,,,0,0,000000000,00000000000,0,0,0,1,0,0,0,0,0,0,0,15,0,0,0,13,2,1,54,0,0,0,1,51,22554,6,1,0,0,3,0,69,205,0,0,0,1,1,9,2010,5,2011,0,0,0,0,0,3,4,55,1,1,2,1,3,3,11,98,1,1,1,98,0,0
51,510285,1,1,3,4,6,22,15,30,0,1,0,51,1,7,482,7482,31,1998,1B7MF3361WJ2,1,B,7,M,F,3,3,6,1,W,J,2,0,T,DODG,Q35,4C,98,17,,3,0,1547,RPC,D,,,6,359,,,,D,6068,00,U,44,0,0,000000000,00000000000,0,0,0,1,0,0,0,0,0,0,0,40,0,0,0,12,6,2,30,0,0,0,1,51,24151,6,1,0,0,3,0,66,175,1,0,0,0,0,10,2011,10,2011,0,39,0,0,0,1,2,55,1,2,2,2,20,3,1,17,1,1,4,1,1,0
51,510286,1,1,1,10,6,11,56,38,0,1,0,51,1,37,32,37032,4,1994,1HGCD7252RA0,1,H,G,C,D,7,2,5,2,R,A,0,0,P,HOND,AEX,CP,94,17,2853,,0,1069,,G,,F,4,132,,,15R195,,,,,,0,0,000000000,00000000000,0,0,0,1,0,0,0,0,0,0,0,100,0,0,0,2,6,2,42,0,0,0,1,51,22835,6,1,0,0,3,0,72,160,1,0,0,0,0,10,2011,10,2011,1,0,0,0,0,1,2,55,3,1,2,1,0,0,14,12,2,1,4,6,1,1
51,510287,1,1,1,11,6,15,40,38,0,1,0,51,1,22,9,22009,2,2000,2G2FS22K4Y21,2,G,2,F,S,2,2,K,4,Y,2,1,0,P,PONT,FBD,2H,0,17,3338,,0,1011,,G,,F,6,231,,,16R215,,,,,,0,0,000000000,00000000000,0,0,0,1,0,0,0,0,0,0,0,60,0,0,0,11,6,2,30,0,0,0,1,51,24348,6,1,0,0,3,0,67,130,1,0,0,0,0,8,2009,8,2009,1,0,0,0,0,1,2,35,1,3,2,1,0,0,1,12,2,1,4,6,1,0
51,510288,1,2,4,11,6,17,30,12,6,1,0,51,1,20,16,20016,2,2005,1G1JC52F4571,1,G,1,J,C,5,2,F,4,5,7,1,0,P,CHEV,CAV,4D,5,17,2676,,0,1041,,G,,F,4,134,,,14R195,,,,,,0,0,000000000,00000000000,0,0,0,1,0,0,0,0,0,0,0,998,0,0,0,8,6,2,12,0,0,0,1,51,23150,6,1,0,0,3,0,64,158,1,0,0,0,0,11,2009,11,2009,0,38,0,0,0,2,2,45,1,1,2,1,20,3,11,17,2,1,1,82,2,0
51,510288,2,2,1,11,6,17,30,12,6,1,0,51,2,42,37,42037,4,1993,WDBGA43E4PA0,W,D,B,G,A,4,3,E,4,P,A,0,0,P,MERZ,40L,4D,93,17,4610,,0,1236,,G,,F,8,256,,,16R235,,,,,,0,0,000000000,00000000000,0,0,0,1,0,0,0,0,0,0,0,998,0,0,0,12,6,2,12,0,0,0,1,51,23223,6,1,0,0,3,0,70,185,1,3,0,2,0,6,2010,4,2012,0,0,0,0,0,2,2,45,1,1,2,1,0,0,1,67,2,1,1,83,0,0
51,510289,1,2,1,13,6,7,27,12,6,1,0,51,1,49,40,49040,4,2000,4T1BF28K7YU1,4,T,1,B,F,2,8,K,7,Y,U,1,0,P,TOYT,XLL,4D,0,17,3175,,0,1051,,G,,F,6,183,,,15R205,,,,,,0,0,000000000,00000000000,0,0,0,1,0,0,0,0,0,0,0,45,0,0,0,12,6,2,12,0,0,0,1,47,38117,6,1,0,0,3,0,66,185,0,0,0,2,0,6,2010,10,2010,0,39,0,0,0,2,2,45,1,1,2,1,3,3,1,54,2,1,1,88,0,0
51,510289,2,2,1,13,6,7,27,12,6,1,0,51,1,37,31,37031,4,2007,1HGFA16837L0,1,H,G,F,A,1,6,8,3,7,L,0,0,P,HOND,UAX,4D,7,17,2807,,0,1063,,G,,F,4,110,,,16R205,,,,,,0,0,000000000,00000000000,0,0,0,1,0,0,0,0,0,0,0,999,0,0,0,10,6,2,12,0,0,0,1,51,20155,6,1,0,0,3,0,65,100,0,0,0,0,0,0,0,0,0,0,0,0,0,0,2,2,45,1,1,2,1,3,3,1,54,2,1,1,89,1,0
51,510290,1,2,1,12,6,18,27,12,1,1,0,51,3,20,461,20461,21,2004,1GBHG31U9411,1,G,B,H,G,3,1,U,9,4,1,1,0,T,CHEV,CT3,YY,4,17,,2,1770,1390,ETV,G,,,8,364,,,,D,4623,03,,42,0,0,000000000,00000000000,0,0,0,1,0,0,0,0,0,0,0,70,0,0,0,12,6,2,12,0,0,0,1,51,20187,6,1,0,0,3,3,68,240,1,0,0,0,1,9,2009,8,2011,1,26,0,0,0,2,2,70,1,1,2,1,0,0,1,51,2,1,1,28,1,0