STATE,ST_CASE,VEH_NO,VE_FORMS,NUMOCCS,DAY,MONTH,HOUR,MINUTE,HARM_EV,MAN_COLL,UNITTYPE,HIT_RUN,REG_STAT,OWNER,MAKE,MODEL,MAK_MOD,BODY_TYP,MOD_YEAR,VIN,VIN_1,VIN_2,VIN_3,VIN_4,VIN_5,VIN_6,VIN_7,VIN_8,VIN_9,VIN_10,VIN_11,VIN_12,TOW_VEH,VINTYPE,VINMAKE,VINA_MOD,VIN_BT,VINMODYR,VIN_LNGT,VIN_WGT,WGTCD_TR,WHLBS_LG,WHLBS_SH,SER_TR,FUELCODE,MCYCL_DS,CARBUR,CYLINDER,DISPLACE,MCYCL_CY,MCYCL_WT,TIRE_SZE,TON_RAT,TRK_WT,TRKWTVAR,VIN_REST,WHLDRWHL,J_KNIFE,MCARR_I1,MCARR_I2,MCARR_ID,GVWR,V_CONFIG,CARGO_BT,HAZ_INV,HAZ_PLAC,HAZ_ID,HAZ_CNO,HAZ_REL,BUS_USE,SPEC_USE,EMER_USE,TRAV_SP,UNDERIDE,ROLLOVER,ROLINLOC,IMPACT1,DEFORMED,TOWED,M_HARM,VEH_SC1,VEH_SC2,FIRE_EXP,DR_PRES,L_STATE,DR_ZIP,L_STATUS,L_TYPE,CDL_STAT,L_ENDORS,L_COMPL,L_RESTRI,DR_HGT,DR_WGT,PREV_ACC,PREV_SUS,PREV_DWI,PREV_SPD,PREV_OTH,FIRST_MO,FIRST_YR,LAST_MO,LAST_YR,SPEEDREL,DR_SF1,DR_SF2,DR_SF3,DR_SF4,VTRAFWAY,VNUM_LAN,VSPD_LIM,VALIGN,VPROFILE,VPAVETYP,VSURCOND,VTRAFCON,VTCONT_F,P_CRASH1,P_CRASH2,P_CRASH3,PCRASH4,PCRASH5,ACC_TYPE,DEATHS,DR_DRINK
51,510323,2,2,1,25,6,15,43,12,2,1,0,51,3,20,481,20481,31,2009,1GCEK29009Z2,1,G,C,E,K,2,9,0,0,9,Z,2,0,T,CHEV,2SK,4C,9,17,,2,1575,1339,SIL,F,,,8,323,,,,B,5263,02,,44,0,0,000000000,00000000000,0,0,0,1,0,0,0,0,0,0,0,55,0,0,0,12,6,2,12,0,0,0,1,51,23106,6,1,0,0,3,0,64,160,0,1,0,3,2,9,2009,2,2011,0,0,0,0,0,1,2,55,1,1,2,2,0,0,1,62,1,1,1,51,0,0
51,510324,1,2,1,30,6,15,15,1,0,1,0,51,1,48,34,48034,6,1997,4S3BG6855V66,4,S,3,B,G,6,8,5,5,V,6,6,0,P,SUBA,UKK,SW,97,17,3155,,0,1035,,G,,F,4,150,,,15R205,,,,,,0,0,000000000,00000000000,0,0,0,1,0,0,0,0,0,0,0,60,0,2,3,0,6,2,1,0,0,0,1,51,23114,6,1,0,0,3,0,63,150,0,0,0,0,0,0,0,0,0,0,58,0,0,0,2,2,60,1,2,2,1,0,0,1,13,8,7,4,98,1,0
51,510324,2,2,2,30,6,15,15,1,0,1,0,51,2,20,422,20422,15,2004,3GNFK16Z84G1,3,G,N,F,K,1,6,Z,8,4,G,1,0,P,CHEV,K15,UT,4,17,5219,,0,1300,,F,,F,8,325,,,16R265,,,,,,0,0,000000000,00000000000,0,0,0,1,0,0,0,0,0,0,0,10,0,0,0,12,6,2,12,0,0,0,1,51,23235,6,1,0,0,3,0,73,160,0,0,0,0,0,0,0,0,0,0,0,0,0,0,2,2,60,1,2,2,1,0,0,1,64,1,1,1,98,0,0
51,510325,1,1,4,24,6,13,10,1,0,1,0,51,2,12,401,12401,14,1994,1FMDU34X0RUC,1,F,M,D,U,3,4,X,0,R,U,C,0,P,FORD,EPR,UT,94,17,4053,,0,1120,,G,,F,6,245,,,15R225,,,,,,0,0,000000000,00000000000,0,0,0,1,0,0,0,0,0,0,0,55,0,2,3,0,6,2,1,0,0,0,1,51,24216,6,1,6,0,3,0,72,187,1,0,0,1,2,11,2010,5,2011,0,0,0,0,0,2,2,55,1,1,2,1,0,0,1,12,3,4,4,7,1,0
51,510326,1,5,1,21,6,11,51,12,6,1,0,51,3,51,881,51881,61,2003,4V4NC9GH93N3,4,V,4,N,C,9,G,H,9,3,N,3,1,T,VOLV,VNL,TR,3,17,,8,0,0,VVN,D,,,6,732,,,,,00000,00,,64,3,51,00140931,5100140931,2,4,97,1,0,0,0,0,0,0,0,998,0,0,0,11,6,2,12,0,0,0,1,51,23234,6,1,6,0,3,0,69,258,1,0,0,0,0,12,2010,12,2010,1,26,0,0,0,1,4,55,1,1,2,1,0,0,1,52,2,1,1,98,1,0
51,510326,2,5,2,21,6,11,51,12,6,1,0,51,1,38,421,38421,15,2004,4NUES16S4467,4,N,U,E,S,1,6,S,4,4,6,7,0,P,ISU,ASC,UT,4,17,4004,,0,1290,,G,,F,6,256,,,000000,,,,,,0,0,000000000,00000000000,0,0,0,1,0,0,0,0,0,0,0,5,0,0,0,5,6,2,12,0,0,0,1,51,23878,6,1,0,0,3,0,68,220,0,0,0,0,0,0,0,0,0,0,0,0,0,0,1,4,55,1,1,2,1,0,0,2,53,1,1,1,98,0,0
51,510326,3,5,1,21,6,11,51,12,6,1,0,51,3,84,881,84881,66,2003,2HSCNAPRX3C0,2,H,S,C,N,A,P,R,X,3,C,0,1,T,INTL,94I,TR,3,17,,8,0,0,940,D,,,6,915,,,,,00000,00,,64,1,88,888888888,88888888888,3,6,1,1,0,0,0,0,0,0,0,55,0,0,0,11,6,2,12,0,0,0,1,51,23836,6,1,6,0,3,0,72,200,0,0,0,0,0,0,0,0,0,0,0,0,0,0,1,4,55,1,1,2,1,0,0,1,62,1,1,1,98,0,0
51,510326,4,5,1,21,6,11,51,12,6,1,0,51,3,12,23,12023,4,2009,3FAHP07Z49R1,3,F,A,H,P,0,7,Z,4,9,R,1,0,P,FORD,F/E,4D,9,17,3181,,0,1074,,G,,F,4,140,,,16R205,,,,,,0,0,000000000,00000000000,0,0,0,1,0,0,0,0,0,0,0,58,0,0,0,13,6,2,42,0,0,0,1,51,23002,6,1,0,0,3,0,69,125,0,0,0,0,0,0,0,0,0,0,0,0,0,0,1,4,55,1,1,2,1,0,0,1,50,1,1,1,98,0,0
51,510326,5,5,1,21,6,11,51,12,6,1,0,51,3,84,881,84881,66,2003,999999999999,9,9,9,9,9,9,9,9,9,9,9,9,1,,,,,,,,,,,,,,,,,,,,,,,,,1,51,00202968,5100202968,3,6,97,1,0,0,0,0,0,0,0,998,0,0,0,11,6,2,12,0,0,0,1,51,23224,6,1,6,0,3,0,71,200,0,0,0,0,0,0,0,0,0,0,0,0,0,0,1,4,55,1,1,2,1,0,0,1,50,3,2,1,98,1,0
51,510327,1,2,1,29,6,22,22,12,7,1,0,51,1,37,706,37706,80,1994,JH2SC2805RM2,J,H,2,S,C,2,8,0,5,R,M,2,0,M,HOND,CR9,RC,94,17,,,,,,,900,,4,,4,407,,,,,,,0,0,000000000,00000000000,0,0,0,1,0,0,0,0,0,0,0,55,0,0,0,10,6,2,12,0,0,0,1,51,24060,6,1,0,0,2,0,73,210,0,4,0,0,1,1,2011,5,2012,0,34,77,81,0,1,2,55,1,2,2,1,0,0,1,50,7,1,2,45,1,0
51,510327,2,2,1,29,6,22,22,12,7,1,0,51,1,7,482,7482,31,2003,3D7KU28C13G7,3,D,7,K,U,2,8,C,1,3,G,7,0,T,DODG,SQ2,CW,3,17,,2,1605,1405,RPC,D,,,6,359,,,,C,5837,07,E,44,0,0,000000000,00000000000,0,0,0,1,0,0,0,0,0,0,0,0,0,0,0,3,6,2,12,0,0,0,1,51,24138,6,1,6,0,3,0,67,255,0,0,0,0,0,0,0,0,0,0,0,0,0,0,1,2,55,1,1,2,1,0,0,5,53,1,1,1,44,0,0
51,510328,1,1,1,16,6,16,58,35,0,1,0,51,1,49,32,49032,4,2005,1NXBR32E35Z4,1,N,X,B,R,3,2,E,3,5,Z,4,0,P,TOYT,UCS,4D,5,17,2530,,0,1024,,G,,F,4,109,,,15R185,,,,,,0,0,000000000,00000000000,0,0,0,1,0,0,0,0,0,0,0,55,0,1,3,1,6,2,1,0,0,0,1,51,20169,6,1,0,0,3,0,65,117,1,0,0,0,1,8,2010,4,2011,0,0,0,0,0,2,2,55,1,2,2,1,0,0,1,12,2,1,4,6,1,0
51,510329,1,2,1,21,6,1,40,8,0,1,0,26,3,98,809,98809,66,2003,2FWBA2CG53AL,2,F,W,B,A,2,C,G,5,3,A,L,2,T,STRG,A90,TR,3,17,,7,0,0,STE,D,,,6,774,,,,,00000,00,,42,1,26,24182900,2624182900,3,7,1,1,0,0,0,0,0,0,0,55,0,0,0,1,0,1,8,0,0,0,1,37,27801,6,1,6,0,3,0,68,999,0,0,0,0,0,0,0,0,0,0,0,0,0,0,2,2,55,1,1,2,1,0,0,1,80,8,1,2,13,0,0
51,510329,2,2,1,21,6,1,40,8,0,1,1,99,9,99,999,99999,99,9999,999999999999,9,9,9,9,9,9,9,9,9,9,9,9,0,,,,,,,,,,,,,,,,,,,,,,,,,0,0,000000000,00000000000,0,0,0,1,0,0,0,0,0,0,0,999,0,0,0,12,9,4,8,0,0,0,1,99,99999,9,9,99,9,9,9,999,999,99,99,99,99,99,99,9999,99,9999,0,99,99,99,99,2,2,55,1,1,2,1,0,0,99,99,99,9,9,98,0,0
51,510330,1,1,7,1,7,3,0,1,0,1,0,36,1,12,401,12401,14,2002,1FMDU74WX2ZB,1,F,M,D,U,7,4,W,X,2,Z,B,0,P,FORD,EPR,UT,2,17,4388,,0,1137,,G,,F,8,281,,,16R245,,,,,,0,0,000000000,00000000000,0,0,0,1,0,0,0,0,0,0,0,75,0,2,1,0,6,2,1,0,0,0,1,36,11385,6,1,0,0,3,0,70,999,0,0,0,0,1,9,2010,9,2010,0,0,0,0,0,3,2,70,1,1,2,1,0,0,1,1,3,7,2,98,3,0
51,510331,1,2,4,2,7,9,31,12,6,1,0,51,1,12,17,12017,4,1999,1FAFP53U8XA1,1,F,A,F,P,5,3,U,8,X,A,1,0,P,FORD,TSE,4D,99,17,3353,,0,1085,,G,,F,6,182,,,15R205,,,,,,0,0,000000000,00000000000,0,0,0,1,0,0,0,0,0,0,0,15,0,0,0,8,6,2,12,0,0,0,1,51,24148,6,1,0,0,3,3,68,280,0,0,0,0,1,12,2010,12,2010,0,38,0,0,0,2,2,55,1,1,2,1,0,0,10,16,1,1,1,78,2,0
51,510331,2,2,1,2,7,9,31,12,6,1,0,51,1,12,461,12461,21,2006,1FTNS24L86HB,1,F,T,N,S,2,4,L,8,6,H,B,0,T,FORD,25V,EC,6,17,,2,0,1380,VAN,G,,,8,330,,,,C,5366,00,E,42,0,0,000000000,00000000000,0,0,0,1,0,0,0,0,0,0,0,60,0,0,0,12,6,2,12,0,0,0,1,51,24521,1,1,0,0,2,0,70,200,1,2,0,1,0,11,2010,4,2012,0,0,0,0,0,1,2,55,1,1,2,1,0,0,1,71,2,1,1,79,0,0
51,510332,1,1,1,3,7,5,0,42,0,1,0,51,1,2,404,2404,14,1990,1J4FJ58L4LL2,1,J,4,F,J,5,8,L,4,L,L,2,0,T,JEEP,LAR,4W,90,17,,1,0,1014,CHK,G,,,6,242,,,,,2939,01,A,44,0,0,000000000,00000000000,0,0,0,1,0,0,0,0,0,0,0,30,0,1,5,12,6,2,42,0,0,0,1,51,22960,6,1,0,0,3,0,72,210,0,0,0,1,1,8,2011,8,2011,1,0,0,0,0,1,2,40,3,2,2,1,0,0,14,12,2,1,4,6,1,1
51,510333,1,1,1,1,7,18,30,35,0,1,0,51,1,37,734,37734,90,2003,478TE2608342,4,7,8,T,E,2,6,0,8,3,4,2,0,M,HOND,TFA,AT,3,17,,,,,,,499,,1,,4,600,,,,,,,0,0,000000000,00000000000,0,0,0,1,0,0,0,0,0,0,0,25,0,1,5,11,6,2,5,0,0,0,1,51,24228,6,1,0,0,3,0,71,170,1,1,1,0,0,5,2010,1,2012,1,0,0,0,0,1,2,25,2,1,4,1,0,0,14,12,1,1,4,6,1,1
51,510334,1,1,4,3,7,13,18,24,0,1,0,51,1,12,401,12401,14,1998,1FMYU24X4WUB,1,F,M,Y,U,2,4,X,4,W,U,B,0,P,FORD,EPR,UT,98,17,3919,,0,1017,,G,,F,6,245,,,15R225,,,,,,0,0,000000000,00000000000,0,0,0,1,0,0,0,0,0,0,0,58,0,1,1,1,6,2,1,0,0,0,1,51,23314,6,1,0,0,3,3,69,175,0,0,0,0,0,0,0,0,0,0,0,0,0,0,2,2,55,1,2,2,1,0,0,1,13,2,1,4,1,2,0
51,510335,1,3,1,3,7,16,40,32,0,1,0,51,1,22,18,22018,4,1999,1G2NW12E5XM8,1,G,2,N,W,1,2,E,5,X,M,8,0,P,PONT,GAG,CP,99,17,3091,,0,1071,,G,,F,6,207,,,16R205,,,,,,0,0,000000000,00000000000,0,0,0,1,0,0,0,0,0,0,0,70,0,0,0,12,6,2,12,0,0,0,1,51,24354,6,1,0,0,3,0,70,280,0,0,0,0,1,9,2010,9,2010,1,0,0,0,0,2,2,60,3,2,2,2,0,0,14,11,2,7,4,7,1,0
51,510335,2,3,1,3,7,16,40,32,0,1,0,18,3,82,881,82881,66,2012,1FUJGHDV3CLB,1,F,U,J,G,H,D,V,3,C,L,B,1,T,FRHT,113,TR,12,17,,8,0,0,CSC,D,,,6,781,,,,,00000,00,,64,1,18,16431100,1816431100,3,6,2,2,2,3082,9,1,0,0,0,55,0,0,0,12,6,2,12,0,0,0,1,1,35053,6,1,6,3,3,0,73,205,0,0,0,0,0,0,0,0,0,0,0,0,0,0,2,2,60,2,2,2,2,0,0,14,62,1,1,1,98,0,0
51,510335,3,3,1,3,7,16,40,32,0,1,0,51,3,51,881,51881,66,2006,4V4NC9GH16N4,4,V,4,N,C,9,G,H,1,6,N,4,1,T,VOLV,VNL,TR,6,17,,8,0,0,VVN,D,,,6,732,,,,,00000,00,,64,1,51,50839800,5150839800,3,6,1,1,0,0,0,0,0,0,0,60,0,0,0,12,2,1,54,0,0,0,1,51,22932,6,1,6,0,3,0,70,175,0,1,0,0,0,5,2010,5,2010,0,0,0,0,0,2,2,60,2,2,2,2,0,0,6,98,1,1,1,98,0,0
51,510336,1,1,1,3,7,21,7,8,0,1,0,51,3,23,471,23471,30,2003,1GKDT13S8321,1,G,K,D,T,1,3,S,8,3,2,1,0,T,GMC,ENV,4W,3,17,,1,0,1130,ENV,G,,,6,256,,,,B,4600,00,E,44,0,0,000000000,00000000000,0,0,0,1,0,0,0,0,0,0,0,45,0,0,0,12,6,2,8,0,0,0,1,51,22980,6,1,0,0,3,0,71,150,0,0,0,2,0,8,2010,6,2012,0,0,0,0,0,3,2,45,1,1,2,2,0,0,1,80,2,1,1,13,0,0
51,510337,1,3,2,3,7,19,20,12,6,1,0,12,3,82,881,82881,63,2004,1FVACYAKX4HM,1,F,V,A,C,Y,A,K,X,4,H,M,1,T,FRHT,16M,CC,4,17,,8,0,0,FM2,D,,,6,439,,,,,00000,00,,42,1,12,00224401,1200224401,3,4,97,1,0,0,0,0,0,0,0,50,0,1,1,12,6,2,12,42,0,0,1,12,32571,6,1,6,0,3,0,66,999,0,0,0,1,0,11,2010,11,2010,1,38,0,0,0,2,2,40,2,2,2,1,20,1,14,17,2,7,2,86,1,0
51,510337,2,3,1,3,7,19,20,12,6,1,0,40,3,82,881,82881,66,2008,1FUJBBCK08LZ,1,F,U,J,B,B,C,K,0,8,L,Z,1,T,FRHT,ST2,TR,8,17,,8,0,0,CON,D,,,6,855,,,,,00000,00,,64,3,40,00080806,4000080806,3,6,1,1,0,0,0,0,0,0,0,40,0,0,0,3,6,2,12,0,0,0,1,54,25437,6,1,6,0,3,0,71,240,0,0,0,0,0,0,0,0,0,0,0,0,0,0,2,2,40,2,2,2,1,0,0,14,66,3,7,2,87,0,0
51,510337,3,3,2,3,7,19,20,12,6,1,0,51,1,49,472,49472,30,2012,3TMJU4GN9CM1,3,T,M,J,U,4,G,N,9,C,M,1,0,T,TOYT,DCP,CW,12,17,,1,0,1278,TAC,G,,,6,244,,,,B,3920,00,W,42,0,0,000000000,00000000000,0,0,0,1,0,0,0,0,0,0,0,60,0,0,0,1,6,2,12,0,0,0,1,51,20175,6,1,0,0,3,0,59,140,0,0,0,1,0,9,2009,9,2009,0,0,0,0,0,2,2,40,2,2,2,1,0,0,14,61,1,1,1,98,0,0
51,510338,1,2,1,7,7,9,10,12,6,1,0,51,1,38,402,38402,14,2000,4S2CK58W8Y43,4,S,2,C,K,5,8,W,8,Y,4,3,0,P,ISU,ROD,UT,0,17,3848,,0,1064,,G,,F,6,195,,,16R245,,,,,,0,0,000000000,00000000000,0,0,0,1,0,0,0,0,0,0,0,10,0,0,0,2,6,2,12,0,0,0,1,51,24151,1,1,0,0,2,0,69,280,0,8,0,0,0,3,2012,7,2012,0,38,0,0,0,1,2,55,1,1,2,1,0,0,11,54,1,1,1,68,0,0
51,510338,2,2,1,7,7,9,10,12,6,1,0,51,1,73,706,73706,80,2008,JKAZRCB158A0,J,K,A,Z,R,C,B,1,5,8,A,0,0,M,KAWK,BZR,RC,8,17,,,,,,,953,,4,,4,451,,,,,,,0,0,000000000,00000000000,0,0,0,1,0,0,0,0,0,0,0,65,0,0,0,12,6,2,12,0,0,0,1,51,24112,6,1,0,0,3,0,70,180,0,0,0,1,0,7,2009,7,2009,1,0,0,0,0,1,2,55,1,1,2,1,0,0,1,62,2,1,1,69,1,0
51,510339,1,1,1,7,7,8,6,8,0,1,0,51,3,20,461,20461,21,2006,1GCGG25U9611,1,G,C,G,G,2,5,U,9,6,1,1,0,T,CHEV,E25,CG,6,17,,2,0,1350,EXP,G,,,8,366,,,,C,5338,00,,42,0,0,000000000,00000000000,0,0,0,1,0,0,0,0,0,0,0,28,0,0,0,1,4,1,8,0,0,0,1,51,23518,6,1,0,0,3,0,71,210,0,0,0,0,0,0,0,0,0,0,34,0,0,0,1,2,30,1,1,2,1,0,0,15,80,2,1,2,13,0,0
51,510340,1,1,1,7,7,17,58,42,0,1,0,51,2,37,32,37032,4,2006,1HGCM72346A0,1,H,G,C,M,7,2,3,4,6,A,0,0,P,HOND,ULX,CP,6,17,3122,,0,1051,,G,,F,4,146,,,16R205,,,,,,0,0,000000000,00000000000,0,0,0,1,0,0,0,0,0,0,0,60,0,0,0,11,6,2,42,0,0,0,1,51,22032,6,1,0,0,3,0,66,130,0,0,0,0,0,0,0,0,0,0,27,58,0,0,1,2,60,1,1,2,1,0,0,1,12,2,7,4,7,1,0
51,510341,1,1,1,8,7,2,0,43,0,1,0,51,1,49,40,49040,4,1996,4T1BG12K3TU7,4,T,1,B,G,1,2,K,3,T,U,7,0,P,TOYT,DLX,4D,96,17,2932,,0,1031,,G,,F,4,132,,,14R195,,,,,,0,0,000000000,00000000000,0,0,0,1,0,0,0,0,0,0,0,60,0,1,5,4,6,2,1,0,0,0,1,51,23944,6,1,0,0,3,0,70,185,0,2,0,0,0,8,2010,6,2011,1,58,0,0,0,1,2,40,2,2,2,1,0,0,14,12,4,7,4,7,1,1
51,510342,1,1,5,8,7,3,40,33,0,1,0,51,2,30,47,30047,3,2005,3VWCD31C45M4,3,V,W,C,D,3,1,C,4,5,M,4,0,P,VOLK,NGS,2H,5,17,2842,,0,989,,G,,T,4,109,,,16R205,,,,,,0,0,000000000,00000000000,0,0,0,1,0,0,0,0,0,0,0,100,0,1,5,12,6,2,1,0,0,0,1,51,24273,6,2,0,0,3,0,63,198,0,0,0,0,0,0,0,0,0,1,0,0,0,0,1,2,55,2,2,2,1,0,0,14,13,3,3,4,2,2,0
51,510343,1,1,1,7,7,5,30,42,0,1,0,51,1,12,471,12471,30,2003,1FTZR45E93TA,1,F,T,Z,R,4,5,E,9,3,T,A,0,T,FORD,RNS,4C,3,17,,1,0,1259,RNG,G,,,6,245,,,,B,3760,02,U,44,0,0,000000000,00000000000,0,0,0,1,0,0,0,0,0,0,0,50,0,0,0,12,6,2,42,0,0,0,1,51,22827,6,1,0,0,3,0,68,230,0,0,0,0,0,0,0,0,0,0,0,0,0,0,1,2,50,1,1,2,1,0,0,1,12,1,1,4,6,1,0
51,510344,1,1,1,8,7,8,4,43,0,1,0,51,1,12,481,12481,31,2006,1FTPX12V96NB,1,F,T,P,X,1,2,V,9,6,N,B,0,T,FORD,F15,4C,6,17,,2,0,1450,COF,F,,,8,329,,,,B,5065,04,E,42,0,0,000000000,00000000000,0,0,0,1,0,0,0,0,0,0,0,998,0,1,5,1,6,2,43,0,0,0,1,51,23103,6,1,0,0,3,0,68,180,2,0,0,3,0,6,2010,5,2011,0,0,0,0,0,2,2,45,1,1,2,1,0,0,1,12,2,1,4,6,1,0
51,510345,1,2,1,7,7,0,55,12,1,1,0,51,1,76,709,76709,80,2010,JKAVN2C16AA0,J,K,A,V,N,2,C,1,6,A,A,0,0,M,KAWK,V9C,RS,10,17,,,,,,,903,,2,,4,611,,,,,,,0,0,000000000,00000000000,0,0,0,1,0,0,0,0,0,0,0,20,0,0,0,6,6,2,12,0,0,0,1,51,24577,6,1,0,0,3,0,70,172,0,0,0,0,0,0,0,0,0,0,0,0,0,0,1,2,55,1,3,2,1,0,0,1,53,1,1,1,25,1,1
51,510345,2,2,1,7,7,0,55,12,1,1,0,51,1,37,31,37031,4,1997,1HGEJ8149VL1,1,H,G,E,J,8,1,4,9,V,L,1,0,P,HOND,UAX,CP,97,17,2460,,0,1032,,G,,F,4,097,,,14R185,,,,,,0,0,000000000,00000000000,0,0,0,1,0,0,0,0,0,0,0,75,0,0,0,12,6,2,12,0,0,0,1,51,24592,6,1,0,0,3,0,70,186,0,0,0,0,2,9,2011,2,2012,0,26,0,0,0,1,2,55,1,3,2,1,0,0,1,51,2,1,1,24,0,0
51,510346,1,1,1,10,7,7,59,35,0,1,0,51,1,18,7,18007,4,2003,2G4WS52J6311,2,G,4,W,S,5,2,J,6,3,1,1,0,P,BUIC,CCU,4D,3,17,3368,,0,1090,,G,,F,6,191,,,15R205,,,,,,0,0,000000000,00000000000,0,0,0,1,0,0,0,0,0,0,0,55,0,0,0,12,6,2,42,0,0,0,1,51,24017,6,1,0,0,3,0,69,160,0,0,0,2,0,5,2010,1,2011,0,0,0,0,0,1,2,55,2,2,2,2,0,0,14,12,1,1,4,6,1,1
51,510347,1,2,1,12,7,10,27,33,0,1,0,37,2,12,481,12481,31,2004,1FTNX21P24EA,1,F,T,N,X,2,1,P,2,4,E,A,0,T,FORD,F2S,4C,4,17,,2,1580,1418,SRW,D,,,8,366,,,,C,5949,00,U,44,0,0,000000000,00000000000,0,0,0,1,0,0,0,0,0,0,0,998,0,0,0,11,6,2,12,0,0,0,1,47,37918,6,1,0,0,3,0,60,105,0,0,0,0,1,11,2011,11,2011,0,36,0,0,0,2,2,35,1,1,2,1,0,0,1,12,2,7,6,98,0,0
51,510347,2,2,3,12,7,10,27,33,0,1,0,51,1,35,443,35443,20,2008,5N1BV28U38N1,5,N,1,B,V,2,8,U,3,8,N,1,0,P,NISS,QST,SV,8,17,4174,,0,1240,,G,,F,6,214,,,16R225,,,,,,0,0,000000000,00000000000,0,0,0,1,0,0,0,0,0,0,0,998,0,0,0,11,6,2,12,0,0,0,1,51,22601,6,1,0,0,3,0,56,91,0,0,0,0,0,0,0,0,0,0,0,0,0,0,2,2,35,1,1,2,1,0,0,1,64,1,1,1,98,1,0
51,510348,1,1,1,10,7,3,50,59,0,1,0,42,1,30,47,30047,3,2003,3VWCK21C73M4,3,V,W,C,K,2,1,C,7,3,M,4,0,P,VOLK,NGS,2H,3,17,2873,,0,989,,G,,F,4,121,,,16R205,,,,,,0,0,000000000,00000000000,0,0,0,1,0,0,0,0,0,0,0,70,0,0,0,6,6,2,59,0,0,0,1,99,99999,9,9,99,9,9,9,999,999,99,99,99,99,99,99,9999,99,9999,1,0,0,0,0,2,4,50,1,1,2,2,0,0,1,12,1,1,4,6,1,0
51,510349,1,1,4,9,7,3,0,42,0,1,0,51,2,12,23,12023,4,2012,3FAHP0HA0CR2,3,F,A,H,P,0,H,A,0,C,R,2,0,P,FORD,F/E,4D,12,17,3285,,0,1074,,G,,F,4,152,,,17R225,,,,,,0,0,000000000,00000000000,0,0,0,1,0,0,0,0,0,0,0,60,0,1,5,3,6,2,42,0,0,0,1,51,24378,2,1,0,0,2,0,72,200,0,5,0,0,0,9,2009,7,2010,1,0,0,0,0,1,2,35,3,1,2,1,0,0,14,13,1,1,4,1,3,1
51,510350,1,1,1,16,7,1,30,1,0,1,0,51,1,41,471,41471,30,2003,4F4ZR47E23TM,4,F,4,Z,R,4,7,E,2,3,T,M,0,T,MAZD,4CP,4C,3,17,,1,0,1259,B40,G,,,6,245,,,,,3648,00,E,44,0,0,000000000,00000000000,0,0,0,1,0,0,0,0,0,0,0,998,0,2,5,0,6,2,1,0,0,0,1,51,24168,6,1,0,0,3,0,69,291,0,0,0,0,0,0,0,0,0,0,58,0,0,0,1,2,40,3,1,2,1,0,0,14,13,6,7,4,1,1,1
51,510351,1,1,2,16,7,11,46,35,0,1,0,51,2,20,4,20004,2,2002,1G1YY32G8251,1,G,1,Y,Y,3,2,G,8,2,5,1,0,P,CHEV,CVT,CV,2,17,3210,,0,1045,,G,,F,8,350,,,17R245,,,,,,0,0,000000000,00000000000,0,0,0,1,0,0,0,0,0,0,0,57,0,1,5,11,6,2,1,0,0,0,1,36,12065,6,1,0,0,3,0,69,999,0,0,0,0,0,0,0,0,0,1,0,0,0,0,2,2,30,1,1,2,1,0,0,1,12,1,1,4,6,1,0
51,510352,1,1,1,6,5,15,8,33,0,1,0,51,1,19,3,19003,4,1993,1G6CD53B4P42,1,G,6,C,D,5,3,B,4,P,4,2,0,P,CADI,DFW,4D,93,17,3424,,0,1138,,G,,F,8,300,,,15R205,,,,,,0,0,000000000,00000000000,0,0,0,1,0,0,0,0,0,0,0,998,0,0,0,12,6,2,42,0,0,0,1,51,23513,6,1,0,0,3,0,75,180,0,0,0,0,0,0,0,0,0,0,0,0,0,0,1,2,25,2,1,2,1,0,0,14,12,1,1,4,6,1,1
51,510353,1,1,2,16,7,11,30,30,0,1,0,51,3,98,882,98882,63,1999,4P1CT02U9XA0,4,P,1,C,T,0,2,U,9,X,A,0,0,U,,,,99,17,,,,,,,,,,,,,,,,,,,0,88,888888888,88888888888,3,2,97,1,0,0,0,0,0,7,1,55,0,0,0,1,6,2,42,0,0,0,1,51,23409,6,1,0,0,3,0,72,235,0,0,0,0,0,0,0,0,0,1,0,0,0,0,1,2,45,3,1,2,1,0,0,14,13,1,1,4,1,1,0
51,510354,1,1,1,16,7,3,40,58,0,1,0,51,1,20,2,20002,4,2000,2G1WF55K4Y93,2,G,1,W,F,5,5,K,4,Y,9,3,0,P,CHEV,IMP,4D,0,17,3389,,0,1110,,G,,F,6,231,,,16R225,,,,,,0,0,000000000,00000000000,0,0,0,1,0,0,0,0,0,0,0,998,0,2,5,9,6,2,42,0,0,0,1,51,22514,6,1,0,0,3,0,74,200,0,0,0,0,0,0,0,0,0,0,58,0,0,0,1,2,45,1,1,2,2,0,0,1,12,9,7,4,7,1,1
51,510355,1,1,1,16,7,16,50,38,0,1,0,51,1,14,6,14006,4,1999,2MEFM74W4XX6,2,M,E,F,M,7,4,W,4,X,X,6,0,P,MERC,GMG,4D,99,17,3917,,0,1147,,G,,F,8,281,,,16R225,,,,,,0,0,000000000,00000000000,0,0,0,1,0,0,0,0,0,0,0,55,0,0,0,12,6,2,38,0,0,0,1,51,23005,6,1,0,0,3,0,71,194,0,0,0,0,0,0,0,0,0,0,0,0,0,0,1,2,55,1,1,2,1,0,0,1,12,1,1,4,6,1,0
51,510356,1,1,1,16,7,13,10,42,0,1,0,51,1,20,22,20022,4,2010,1G1AD5F50A71,1,G,1,A,D,5,F,5,0,A,7,1,0,P,CHEV,BLT,4D,10,17,3216,,0,1033,,G,,F,4,134,,,15R195,,,,,,0,0,000000000,00000000000,0,0,0,1,0,0,0,0,0,0,0,998,0,0,0,12,6,2,42,0,0,0,1,51,24260,6,1,0,0,3,0,65,191,1,0,0,0,0,5,2011,5,2011,0,0,0,0,0,2,2,55,1,2,2,1,0,0,1,13,1,1,4,1,1,0