STATE,ST_CASE,VEH_NO,VE_FORMS,NUMOCCS,DAY,MONTH,HOUR,MINUTE,HARM_EV,MAN_COLL,UNITTYPE,HIT_RUN,REG_STAT,OWNER,MAKE,MODEL,MAK_MOD,BODY_TYP,MOD_YEAR,VIN,VIN_1,VIN_2,VIN_3,VIN_4,VIN_5,VIN_6,VIN_7,VIN_8,VIN_9,VIN_10,VIN_11,VIN_12,TOW_VEH,VINTYPE,VINMAKE,VINA_MOD,VIN_BT,VINMODYR,VIN_LNGT,VIN_WGT,WGTCD_TR,WHLBS_LG,WHLBS_SH,SER_TR,FUELCODE,MCYCL_DS,CARBUR,CYLINDER,DISPLACE,MCYCL_CY,MCYCL_WT,TIRE_SZE,TON_RAT,TRK_WT,TRKWTVAR,VIN_REST,WHLDRWHL,J_KNIFE,MCARR_I1,MCARR_I2,MCARR_ID,GVWR,V_CONFIG,CARGO_BT,HAZ_INV,HAZ_PLAC,HAZ_ID,HAZ_CNO,HAZ_REL,BUS_USE,SPEC_USE,EMER_USE,TRAV_SP,UNDERIDE,ROLLOVER,ROLINLOC,IMPACT1,DEFORMED,TOWED,M_HARM,VEH_SC1,VEH_SC2,FIRE_EXP,DR_PRES,L_STATE,DR_ZIP,L_STATUS,L_TYPE,CDL_STAT,L_ENDORS,L_COMPL,L_RESTRI,DR_HGT,DR_WGT,PREV_ACC,PREV_SUS,PREV_DWI,PREV_SPD,PREV_OTH,FIRST_MO,FIRST_YR,LAST_MO,LAST_YR,SPEEDREL,DR_SF1,DR_SF2,DR_SF3,DR_SF4,VTRAFWAY,VNUM_LAN,VSPD_LIM,VALIGN,VPROFILE,VPAVETYP,VSURCOND,VTRAFCON,VTCONT_F,P_CRASH1,P_CRASH2,P_CRASH3,PCRASH4,PCRASH5,ACC_TYPE,DEATHS,DR_DRINK
51,510388,2,2,1,29,7,17,50,12,6,1,0,51,1,12,481,12481,31,1996,1FTEF15Y3TLB,1,F,T,E,F,1,5,Y,3,T,L,B,0,T,FORD,F15,PK,96,17,,2,1330,1170,COF,G,,,6,300,,,,B,4065,00,M,42,0,0,000000000,00000000000,0,0,0,1,0,0,0,0,0,0,0,40,0,0,0,12,6,2,12,0,0,0,1,51,23150,6,1,0,0,3,0,72,215,0,0,0,0,0,0,0,0,0,0,0,0,0,0,3,2,45,1,1,2,1,3,3,1,66,4,1,1,69,0,0
51,510389,1,1,1,1,7,21,45,8,0,1,0,51,1,37,31,37031,4,1997,2HGEJ6677VH5,2,H,G,E,J,6,6,7,7,V,H,5,0,P,HOND,UCL,4D,97,17,2426,,0,1032,,G,,F,4,097,,,14R185,,,,,,0,0,000000000,00000000000,0,0,0,1,0,0,0,0,0,0,0,30,0,0,0,12,2,1,8,0,0,0,1,51,22204,6,1,0,0,3,0,62,174,0,0,0,0,0,0,0,0,0,0,0,0,0,0,1,4,35,1,1,2,1,3,1,1,80,1,1,1,13,0,0
51,510390,1,2,1,31,7,21,45,5,0,1,0,51,1,12,441,12441,20,1992,1FMDA11U3NZA,1,F,M,D,A,1,1,U,3,N,Z,A,0,P,FORD,ARO,SV,92,17,3476,,0,1190,,G,,F,6,182,,,14R215,,,,,,0,0,000000000,00000000000,0,0,0,1,0,0,0,0,0,0,0,40,0,0,0,18,6,2,54,0,0,0,1,51,24133,6,1,0,0,3,3,71,145,0,0,0,0,0,0,0,0,0,0,0,0,0,0,2,2,45,1,2,2,1,0,0,1,98,1,1,1,98,0,0
51,510390,2,2,2,31,7,21,45,5,0,1,0,51,1,12,401,12401,14,2001,1FMZU67E41UA,1,F,M,Z,U,6,7,E,4,1,U,A,0,P,FORD,EPR,UT,1,17,4117,,0,1259,,G,,F,6,245,,,15R235,,,,,,0,0,000000000,00000000000,0,0,0,1,0,0,0,0,0,0,0,30,0,0,0,0,0,1,54,0,0,0,1,51,24133,6,1,0,0,3,0,76,170,1,2,0,0,0,5,2010,9,2011,0,0,0,0,0,2,2,45,1,2,2,1,0,0,1,98,1,1,1,0,1,0
51,510391,1,1,1,27,7,12,38,15,0,1,0,51,1,12,481,12481,40,2001,1FDXF47S81EC,1,F,D,X,F,4,7,S,8,1,E,C,0,T,FORD,F4D,CB,1,17,,4,2010,1410,DRW,G,,,10,415,,,,,6298,09,E,44,0,0,000000000,00000000000,0,0,0,1,0,0,0,0,0,0,0,20,0,0,0,11,4,1,15,0,0,0,1,51,24091,6,1,6,0,3,0,68,135,0,0,0,0,0,0,0,0,0,0,0,0,0,0,1,2,35,3,1,2,1,0,0,14,80,1,1,1,13,0,0
51,510392,1,1,2,14,7,2,15,5,0,1,0,51,2,41,51,41051,4,2009,JM1BK34L3912,J,M,1,B,K,3,4,L,3,9,1,2,0,P,MAZD,MS3,4H,9,17,3153,,0,1039,,G,,T,4,140,,,17R205,,,,,,0,0,000000000,00000000000,0,0,0,1,0,0,0,0,0,0,0,25,0,0,0,0,0,1,5,0,0,0,1,51,23601,6,1,6,0,3,0,68,200,0,0,0,2,0,10,2009,10,2010,0,0,0,0,0,1,2,25,1,1,1,1,0,0,1,98,1,1,1,0,1,0
51,510393,1,1,1,23,7,12,56,24,0,1,0,51,1,23,421,23421,15,2004,1GTGK23U94F1,1,G,T,G,K,2,3,U,9,4,F,1,0,T,GMC,2KW,CW,4,17,,2,1670,1530,SIE,G,,,8,364,,,,C,5817,03,E,44,0,0,000000000,00000000000,0,0,0,1,0,0,0,0,0,0,0,70,0,1,5,1,6,2,24,0,0,0,1,51,23840,6,1,0,0,3,0,73,255,0,0,0,1,0,11,2011,11,2011,1,58,0,0,0,1,2,55,3,2,2,1,0,0,14,13,8,7,4,2,1,0
51,510394,1,2,4,21,7,20,49,12,2,1,0,51,1,59,31,59031,4,2008,JTHBJ46G0822,J,T,H,B,J,4,6,G,0,8,2,2,0,P,LEXS,E35,4D,8,17,3580,,0,1093,,G,,F,6,211,,,17R215,,,,,,0,0,000000000,00000000000,0,0,0,1,0,0,0,0,0,0,0,998,0,0,0,12,6,2,12,0,0,0,1,51,20152,6,1,0,0,3,3,74,190,0,0,0,2,1,8,2010,12,2010,0,28,0,0,0,1,2,45,2,1,2,2,0,0,14,10,1,1,1,50,1,0
51,510394,2,2,4,21,7,20,49,12,2,1,0,51,2,37,421,37421,15,2006,5FNYF18456B0,5,F,N,Y,F,1,8,4,5,6,B,0,0,P,HOND,PIL,UT,6,17,4497,,0,1063,,G,,F,6,213,,,16R235,,,,,,0,0,000000000,00000000000,0,0,0,1,0,0,0,0,0,0,0,35,0,0,0,12,6,2,12,0,0,0,1,51,20148,6,1,0,0,3,0,69,135,0,0,0,0,0,0,0,0,0,0,0,0,0,0,1,2,45,3,1,2,2,0,0,14,62,1,1,1,51,1,0
51,510395,1,1,1,4,7,13,12,31,0,1,0,51,1,7,482,7482,31,2004,1D7HA18D94J2,1,D,7,H,A,1,8,D,9,4,J,2,0,T,DODG,SQ1,CW,4,17,,2,1605,1405,RPC,G,,,8,345,,,,B,4820,01,E,42,0,0,000000000,00000000000,0,0,0,1,0,0,0,0,0,0,0,75,0,0,0,12,6,2,2,0,0,1,1,51,23851,6,1,0,0,3,0,67,155,0,0,0,1,0,7,2009,7,2009,1,0,0,0,0,1,2,55,1,2,2,1,0,0,1,13,1,1,4,1,1,0
51,510396,1,1,1,9,7,5,40,9,0,1,0,51,1,7,442,7442,20,2005,2D4GP44L75R5,2,D,4,G,P,4,4,L,7,5,R,5,0,T,DODG,GSX,ES,5,17,,1,0,1193,CAR,G,,,6,230,,,,,4222,00,E,42,0,0,000000000,00000000000,0,0,0,1,0,0,0,0,0,0,0,35,0,0,0,12,6,2,9,0,0,0,1,51,23608,1,1,0,0,2,0,64,130,0,1,0,1,1,2,2011,4,2012,0,27,0,0,0,2,2,40,1,1,1,1,0,0,1,83,1,1,3,13,0,0
51,510397,1,1,1,24,7,16,50,8,0,1,0,51,1,20,22,20022,4,2005,1G1AK12F9576,1,G,1,A,K,1,2,F,9,5,7,6,0,P,CHEV,CBT,CP,5,17,2991,,0,1033,,G,,F,4,134,,,15R195,,,,,,0,0,000000000,00000000000,0,0,0,1,0,0,0,0,0,0,0,35,0,0,0,12,6,2,8,0,0,0,1,51,24251,6,1,0,0,3,0,69,160,0,0,0,0,0,0,0,0,0,0,0,0,0,0,2,4,40,1,1,2,2,0,0,1,80,1,1,1,13,0,0
51,510398,1,2,1,23,7,7,40,12,6,1,0,51,1,20,401,20401,14,2002,1GNDT13W42K1,1,G,N,D,T,1,3,W,4,2,K,1,0,P,CHEV,BZR,UT,2,17,4114,,0,1070,,G,,F,6,262,,,000000,,,,,,0,0,000000000,00000000000,0,0,0,1,0,0,0,0,0,0,0,5,0,0,0,10,6,2,12,0,0,0,1,51,22715,6,1,0,0,3,3,66,140,0,0,0,0,0,0,0,0,0,0,38,39,0,0,2,2,55,1,1,2,1,0,0,1,66,1,1,1,89,1,0
51,510398,2,2,1,23,7,7,40,12,6,1,0,51,1,41,51,41051,4,2009,JM1BK32FX912,J,M,1,B,K,3,2,F,X,9,1,2,0,P,MAZD,M3I,4D,9,17,2780,,0,1039,,G,,F,4,122,,,15R195,,,,,,0,0,000000000,00000000000,0,0,0,1,0,0,0,0,0,0,0,65,0,0,0,12,6,2,12,0,0,0,1,51,22968,6,1,0,0,3,3,69,160,0,0,0,0,0,0,0,0,0,0,0,0,0,0,2,2,55,1,1,2,1,20,3,1,55,1,1,1,88,0,0
51,510399,1,1,2,1,8,8,0,42,0,1,0,51,2,49,40,49040,4,2004,4T1BE32K94U3,4,T,1,B,E,3,2,K,9,4,U,3,0,P,TOYT,UXS,4D,4,17,3086,,0,1071,,G,,F,4,144,,,15R205,,,,,,0,0,000000000,00000000000,0,0,0,1,0,0,0,0,0,0,0,65,0,0,0,3,6,2,42,0,0,0,1,51,23607,6,1,0,0,3,0,71,250,0,5,0,0,0,8,2010,3,2011,0,58,0,0,0,2,2,65,1,1,1,1,0,0,1,11,8,7,4,7,1,0
51,510400,1,1,1,3,8,23,0,42,0,1,0,51,1,20,481,20481,31,2006,2GCEK19V0611,2,G,C,E,K,1,9,V,0,6,1,1,0,T,CHEV,SK1,4C,6,17,,2,1575,1340,SIL,G,,,8,293,,,,B,5050,00,,44,0,0,000000000,00000000000,0,0,0,1,0,0,0,0,0,0,0,45,0,0,0,12,6,2,42,0,0,0,1,51,24326,6,1,0,0,3,0,74,400,0,0,0,0,0,0,0,0,0,0,58,0,0,0,1,2,25,3,2,2,2,0,0,14,13,8,7,4,2,1,1
51,510401,1,1,1,4,8,0,40,32,0,1,0,51,2,2,404,2404,14,2003,1J4GX48S13C5,1,J,4,G,X,4,8,S,1,3,C,5,0,T,JEEP,LRO,4W,3,17,,1,0,1059,GCK,G,,,6,244,,,,,3704,01,E,42,0,0,000000000,00000000000,0,0,0,1,0,0,0,0,0,0,0,80,0,1,5,12,6,2,1,0,0,0,1,51,23901,6,1,0,0,3,0,67,160,0,0,0,0,0,0,0,0,0,0,0,0,0,0,1,2,55,2,2,2,1,0,0,14,13,4,1,4,1,1,1
51,510402,1,1,1,4,8,19,53,8,0,1,0,51,2,48,401,48401,14,2009,JF2SH61699H7,J,F,2,S,H,6,1,6,9,9,H,7,0,P,SUBA,FOR,UT,9,17,3250,,0,1030,,G,,F,4,150,,,16R215,,,,,,0,0,000000000,00000000000,0,0,0,1,0,0,0,0,0,0,0,40,0,0,0,12,2,1,8,0,0,0,1,51,23417,6,1,0,0,3,0,68,132,0,0,0,1,0,9,2010,9,2010,0,0,0,0,0,1,2,40,1,1,2,1,0,0,1,80,3,1,1,13,0,0
51,510403,1,1,1,5,8,0,1,42,0,1,0,51,2,20,481,20481,31,2003,2GCEK19T6311,2,G,C,E,K,1,9,T,6,3,1,1,0,T,CHEV,SK1,4C,3,17,,2,1575,1435,SIL,G,,,8,325,,,,B,4910,02,,44,0,0,000000000,00000000000,0,0,0,1,0,0,0,0,0,0,0,65,0,0,0,9,6,2,42,0,0,0,1,51,24101,6,1,7,0,3,0,68,175,0,0,0,0,0,0,0,0,0,1,58,0,0,0,1,2,55,2,1,2,1,0,0,14,12,9,7,4,7,1,1
51,510404,1,2,1,4,8,16,35,12,8,1,0,51,1,76,705,76705,80,2006,JYAVM01E56A0,J,Y,A,V,M,0,1,E,5,6,A,0,0,M,YAMA,V6A,RS,6,17,,,,,,,649,,2,,4,474,,,,,,,0,0,000000000,00000000000,0,0,0,1,0,0,0,0,0,0,0,40,0,0,0,9,6,2,12,0,0,0,1,51,24148,6,1,6,0,3,0,72,165,0,0,0,0,0,0,0,0,0,1,0,0,0,0,1,2,25,2,4,2,1,0,0,14,10,2,1,2,64,1,0
51,510404,2,2,1,4,8,16,35,12,8,1,0,37,2,2,404,2404,14,1995,1J4FJ68S8SL6,1,J,4,F,J,6,8,S,8,S,L,6,0,T,JEEP,SPT,4W,95,17,,1,0,1014,CHK,G,,,6,242,,,,,2998,00,M,44,0,0,000000000,00000000000,0,0,0,1,0,0,0,0,0,0,0,25,0,0,0,9,2,1,12,0,0,0,1,37,27046,6,1,6,0,3,0,75,999,0,0,0,0,0,0,0,0,0,0,0,0,0,0,1,2,25,3,4,2,1,0,0,14,62,1,1,1,65,0,0
51,510405,1,1,1,3,8,14,2,8,0,1,0,51,1,21,21,21021,4,2000,1G3NL12T9YC4,1,G,3,N,L,1,2,T,9,Y,C,4,0,P,OLDS,A/G,CP,0,17,2958,,0,1070,,G,,F,4,146,,,15R215,,,,,,0,0,000000000,00000000000,0,0,0,1,0,0,0,0,0,0,0,998,0,0,0,12,6,2,8,0,0,0,1,51,24502,6,1,0,0,3,0,65,154,0,0,0,0,0,0,0,0,0,0,0,0,0,0,2,2,45,1,1,2,1,0,0,1,80,1,1,1,13,0,0
51,510406,1,1,1,4,8,21,34,30,0,1,0,51,1,12,471,12471,30,2003,1FTZR45E03PB,1,F,T,Z,R,4,5,E,0,3,P,B,0,T,FORD,RNS,4C,3,17,,1,0,1259,RNG,G,,,6,245,,,,B,3760,02,U,44,0,0,000000000,00000000000,0,0,0,1,0,0,0,0,0,0,0,55,0,1,5,4,6,2,1,0,0,0,1,51,20121,6,1,0,0,3,0,70,210,0,1,0,4,0,10,2009,4,2011,1,0,0,0,0,1,2,45,1,1,2,1,0,0,1,12,2,1,4,6,1,1
51,510407,1,1,1,7,8,13,39,52,0,1,0,51,1,49,40,49040,4,2003,4T1BE30K63U1,4,T,1,B,E,3,0,K,6,3,U,1,0,P,TOYT,UXS,4D,3,17,2993,,0,1071,,G,,F,4,144,,,15R205,,,,,,0,0,000000000,00000000000,0,0,0,1,0,0,0,0,0,0,0,998,0,0,0,11,6,2,52,0,0,0,1,51,22602,6,1,0,0,3,0,64,160,0,0,0,1,0,7,2011,7,2011,0,0,0,0,0,1,2,45,1,2,2,1,0,0,1,12,2,1,4,6,1,0
51,510408,1,1,1,4,8,0,48,42,0,1,0,51,2,73,705,73705,80,2011,JKAZX4R11BA0,J,K,A,Z,X,4,R,1,1,B,A,0,0,M,KAWK,ZXP,RC,11,17,,,,,,,599,,4,,4,421,,,,,,,0,0,000000000,00000000000,0,0,0,1,0,0,0,0,0,0,0,998,0,0,0,12,6,2,42,0,0,0,1,51,23322,6,1,0,0,2,0,72,200,0,0,0,1,2,2,2011,5,2011,0,0,0,0,0,1,2,45,3,2,2,1,0,0,14,13,1,1,4,1,1,1
51,510409,1,1,1,9,8,5,25,11,0,1,0,51,1,72,706,72706,80,2008,1HD1GY4428K3,1,H,D,1,G,Y,4,4,2,8,K,3,0,M,HD,FTB,RS,8,17,,,,,,,1584,,2,,4,703,,,,,,,0,0,000000000,00000000000,0,0,0,1,0,0,0,0,0,0,0,50,0,0,0,12,6,2,11,0,0,0,1,51,22802,6,1,0,0,3,0,71,180,0,0,0,0,0,0,0,0,0,0,83,0,0,0,1,2,55,1,1,2,1,0,0,1,87,4,1,1,13,1,0
51,510410,1,3,1,7,8,5,20,1,0,1,0,37,3,82,881,82881,66,1998,1FUYDDZB1WL9,1,F,U,Y,D,D,Z,B,1,W,L,9,1,T,FRHT,FLD,TR,98,17,,8,0,0,CON,D,,,6,855,,,,,00000,00,,64,1,37,12354020,3712354020,3,6,3,1,0,0,0,0,0,0,0,999,0,2,5,0,6,2,1,0,0,0,1,37,27030,6,1,6,0,3,0,73,999,0,0,0,0,0,0,0,0,0,0,0,0,0,0,2,2,70,1,1,2,1,0,0,1,12,2,1,4,6,0,0
51,510410,2,3,1,7,8,5,20,1,0,1,0,51,3,7,442,7442,20,2005,1D4GP45R55B3,1,D,4,G,P,4,5,R,5,5,B,3,0,P,DODG,CAR,SV,5,17,3845,,0,1133,,G,,F,6,201,,,16R215,,,,,,0,0,000000000,00000000000,0,0,0,1,0,0,0,0,0,0,0,70,0,0,0,12,6,2,12,0,0,0,1,51,22821,6,1,0,0,3,0,72,180,0,0,0,0,0,0,0,0,0,0,0,0,0,0,2,2,70,1,1,2,1,0,0,1,50,1,1,1,98,1,0
51,510410,3,3,1,7,8,5,20,1,0,1,0,6,3,84,881,84881,66,2011,3HSCUAPR1BN2,3,H,S,C,U,A,P,R,1,B,N,2,1,T,INTL,PPR,TR,11,17,,8,0,0,PRO,D,,,6,915,,,,,00000,00,,64,1,6,05428300,0605428300,3,6,1,1,0,0,0,0,0,0,0,67,0,0,0,10,6,2,12,0,0,0,1,6,92301,6,1,6,3,3,0,75,200,0,0,0,1,0,6,2012,6,2012,0,0,0,0,0,2,2,70,1,1,2,1,0,0,1,60,1,1,1,98,0,0
51,510411,1,1,1,8,8,15,20,42,0,1,0,51,1,12,481,12481,31,2010,1FTSW2BR2AEA,1,F,T,S,W,2,B,R,2,A,E,A,0,T,FORD,F2S,CW,10,17,,2,1724,1562,SRW,D,,,8,390,,,,B,6483,00,E,44,0,0,000000000,00000000000,0,0,0,1,0,0,0,0,0,0,0,998,0,1,5,12,6,2,42,0,0,0,1,51,24277,6,1,0,0,3,0,69,190,0,0,0,0,0,0,0,0,0,0,0,0,0,0,1,2,55,3,2,2,1,0,0,14,12,1,1,4,6,1,0
51,510412,1,1,1,7,8,7,0,8,0,1,0,51,2,12,17,12017,4,2001,1FAFP55S61G1,1,F,A,F,P,5,5,S,6,1,G,1,0,P,FORD,TSS,4D,1,17,3343,,0,1085,,G,,F,6,182,,,16R215,,,,,,0,0,000000000,00000000000,0,0,0,1,0,0,0,0,0,0,0,55,0,0,0,12,6,2,8,0,0,0,1,51,20171,6,1,0,0,3,0,68,185,0,0,0,0,0,0,0,0,0,0,29,0,0,0,3,3,55,1,1,1,2,0,0,1,13,1,1,2,13,0,0
51,510413,1,1,4,10,8,8,10,52,0,1,0,9,3,55,401,55401,14,2011,5XYZGDAB5BG0,5,X,Y,Z,G,D,A,B,5,B,G,0,0,P,HYUN,SAN,UT,11,17,3875,,0,1063,,G,,F,4,144,,,17R235,,,,,,0,0,000000000,00000000000,0,0,0,1,0,0,0,0,0,0,0,55,0,1,5,12,6,2,1,0,0,0,1,99,99999,9,9,99,9,9,9,999,999,99,99,99,99,99,99,9999,99,9999,0,58,0,0,0,2,2,55,1,2,2,1,0,0,1,12,7,7,4,6,1,0
51,510414,1,1,3,10,8,7,30,42,0,1,0,51,3,7,880,7880,67,2001,1B7MF33711J2,1,B,7,M,F,3,3,7,1,1,J,2,1,T,DODG,Q35,4C,1,17,,3,0,1547,RPC,D,,,6,359,,,,D,6108,00,U,44,1,88,888888888,88888888888,2,4,3,1,0,0,0,0,0,0,0,45,0,0,0,1,6,2,42,0,0,0,1,51,24260,6,1,0,0,3,0,65,160,0,0,0,0,0,0,0,0,0,1,39,0,0,0,1,2,35,3,2,2,1,0,0,14,13,2,1,4,1,1,0
51,510415,1,1,1,8,8,2,14,42,0,1,0,51,1,54,31,54031,4,1997,JH4DB755XVS0,J,H,4,D,B,7,5,5,X,V,S,0,0,P,ACUR,ILS,4D,97,17,2656,,0,1031,,G,,F,4,112,,,14R195,,,,,,0,0,000000000,00000000000,0,0,0,1,0,0,0,0,0,0,0,60,0,2,5,12,6,2,1,0,0,0,1,51,22963,6,1,0,0,3,0,67,155,1,4,1,0,1,3,2010,4,2012,1,0,0,0,0,1,2,55,1,1,2,1,0,0,1,13,2,1,4,1,1,1
51,510416,1,1,2,10,8,14,40,1,0,1,0,51,1,41,51,41051,4,2007,JM1BK3238716,J,M,1,B,K,3,2,3,8,7,1,6,0,P,MAZD,M3S,4D,7,17,2906,,0,1039,,G,,F,4,138,,,16R205,,,,,,0,0,000000000,00000000000,0,0,0,1,0,0,0,0,0,0,0,65,0,2,5,0,6,2,1,0,0,1,1,51,23944,6,1,0,0,3,0,57,141,0,0,0,0,0,0,0,0,0,1,39,0,0,0,1,2,55,3,1,2,1,0,0,14,13,3,4,4,2,2,1
51,510417,1,1,1,10,8,13,8,34,0,1,0,51,2,37,706,37706,80,2004,JH2SC57034M0,J,H,2,S,C,5,7,0,3,4,M,0,0,M,HOND,CBS,RC,4,17,,,,,,,998,,4,,4,396,,,,,,,0,0,000000000,00000000000,0,0,0,1,0,0,0,0,0,0,0,65,0,0,0,12,6,2,42,0,0,0,1,51,24054,1,1,0,0,2,0,71,180,0,5,0,0,0,11,2010,9,2011,1,0,0,0,0,1,2,55,1,1,2,1,0,0,1,12,1,1,4,6,1,0
51,510418,1,1,1,5,8,20,30,42,0,1,0,51,1,21,1,21001,2,1988,2G3AM51W1J23,2,G,3,A,M,5,1,W,1,J,2,3,0,P,OLDS,CIB,4D,88,17,2697,,0,1049,,G,,F,6,173,,,14R185,,,,,,0,0,000000000,00000000000,0,0,0,1,0,0,0,0,0,0,0,50,0,1,4,12,6,2,42,0,0,0,1,51,24084,6,1,0,0,3,0,64,180,0,0,0,0,0,0,0,0,0,0,0,0,0,0,1,2,55,9,2,2,2,0,0,1,12,1,1,4,6,1,0
51,510419,1,1,2,10,8,20,57,30,0,1,0,51,2,49,40,49040,4,1996,4T1BF12K4TU1,4,T,1,B,F,1,2,K,4,T,U,1,0,P,TOYT,LXS,4D,96,17,3241,,0,1031,,G,,F,6,183,,,15R205,,,,,,0,0,000000000,00000000000,0,0,0,1,0,0,0,0,0,0,0,998,0,1,1,12,6,2,30,0,0,0,1,51,23502,1,1,0,0,2,0,76,265,0,3,0,0,0,11,2009,8,2012,0,0,0,0,0,2,2,30,1,1,2,1,20,3,1,13,1,1,4,1,1,1
51,510420,1,2,1,11,8,20,4,12,2,1,0,37,1,23,401,23401,14,2006,1GKDT13S4622,1,G,K,D,T,1,3,S,4,6,2,2,0,T,GMC,ENV,4W,6,17,,1,0,1130,ENV,G,,,6,256,,,,B,4594,00,4,44,0,0,000000000,00000000000,0,0,0,1,0,0,0,0,0,0,0,65,0,0,0,12,6,2,12,0,0,0,1,37,27979,6,1,0,0,3,0,70,999,0,1,1,3,1,8,2009,11,2011,1,28,0,0,0,3,2,35,1,1,2,2,0,0,1,10,1,1,2,50,0,1
51,510420,2,2,4,11,8,20,4,12,2,1,0,51,1,6,52,6052,6,2001,3C8FY4BB91T5,3,C,8,F,Y,4,B,B,9,1,T,5,0,P,CHRY,PTC,SV,1,17,3109,,0,1030,,G,,F,4,148,,,15R195,,,,,,0,0,000000000,00000000000,0,0,0,1,0,0,0,0,0,0,0,35,0,0,0,12,6,2,12,0,0,0,1,51,23837,6,1,0,0,3,0,74,245,1,0,0,0,2,5,2010,5,2012,0,0,0,0,0,3,2,35,1,1,2,2,0,0,1,62,1,1,1,51,1,0
51,510421,1,1,2,11,8,21,10,42,0,1,0,51,1,12,481,12481,31,1996,1FTHX26F9TEB,1,F,T,H,X,2,6,F,9,T,E,B,0,T,FORD,F25,PC,96,17,,2,1550,1390,COF,D,,,8,444,,,,C,5045,00,A,44,0,0,000000000,00000000000,0,0,0,1,0,0,0,0,0,0,0,55,0,0,0,11,6,2,42,0,0,0,1,51,24171,6,1,0,0,3,0,67,180,0,0,0,0,0,0,0,0,0,0,58,0,0,0,1,2,55,2,2,2,1,0,0,14,13,6,7,4,1,1,1
51,510422,1,1,1,12,8,21,55,35,0,1,0,21,1,24,1,24001,4,1996,1G8ZH5283TZ1,1,G,8,Z,H,5,2,8,3,T,Z,1,0,P,STRN,SL1,4D,96,17,2277,,0,1024,,G,,F,4,116,,,14R175,,,,,,0,0,000000000,00000000000,0,0,0,1,0,0,0,0,0,0,0,55,0,1,5,12,6,2,24,0,0,0,1,21,40312,6,1,0,0,3,0,68,182,1,0,0,0,0,11,2010,11,2010,0,0,0,0,0,2,2,55,3,2,2,1,0,0,14,13,1,1,4,1,1,0
51,510423,1,1,2,12,8,23,45,42,0,1,0,51,1,20,481,20481,31,2006,2GCEK13V9613,2,G,C,E,K,1,3,V,9,6,1,3,0,T,CHEV,SK1,CW,6,17,,2,0,1435,SIL,G,,,8,293,,,,B,5284,00,,44,0,0,000000000,00000000000,0,0,0,1,0,0,0,0,0,0,0,50,0,0,0,12,6,2,42,0,0,0,1,51,24153,6,1,0,0,3,0,74,220,0,0,0,0,0,0,0,0,0,1,0,0,0,0,1,2,35,2,2,2,1,0,0,14,12,3,3,4,7,1,1
51,510424,1,1,1,7,8,5,57,42,0,1,0,51,1,37,31,37031,4,1999,1HGEJ8549XL0,1,H,G,E,J,8,5,4,9,X,L,0,0,P,HOND,UAX,4D,99,17,2513,,0,1032,,G,,F,4,097,,,14R185,,,,,,0,0,000000000,00000000000,0,0,0,1,0,0,0,0,0,0,0,999,0,0,0,12,6,2,42,0,0,0,1,51,23224,6,1,0,0,3,0,66,150,0,0,0,0,0,0,0,0,0,0,58,0,0,0,3,2,55,1,2,2,1,0,0,1,13,6,7,4,1,1,0
51,510425,1,2,1,13,8,10,53,12,2,1,0,51,2,2,403,2403,14,2008,1J8GA69158L5,1,J,8,G,A,6,9,1,5,8,L,5,0,T,JEEP,WUR,4W,8,17,,1,0,1160,WUL,G,,,6,230,,,,,4442,00,R,44,0,0,000000000,00000000000,0,0,0,1,0,0,0,0,0,0,0,65,0,0,0,12,6,2,12,0,0,0,1,51,23150,6,1,0,0,3,0,76,205,0,0,0,0,0,0,0,0,0,0,99,99,99,99,2,2,65,2,1,2,1,0,0,14,10,1,1,7,50,1,0
51,510425,2,2,1,13,8,10,53,12,2,1,0,51,1,51,881,51881,66,2000,4V4ND3RJ1YN2,4,V,4,N,D,3,R,J,1,Y,N,2,1,T,VOLV,VVN,TR,0,17,,8,0,0,VVN,D,,,6,774,,,,,00000,00,,64,1,51,00856874,5100856874,3,6,3,1,0,0,0,0,0,0,0,65,0,0,0,12,6,2,2,0,0,1,1,51,23872,6,1,6,0,3,0,72,215,0,0,0,0,0,0,0,0,0,0,0,0,0,0,2,2,65,2,1,2,1,0,0,14,64,2,1,1,51,0,0
51,510426,1,1,1,14,8,17,8,24,0,1,0,51,1,20,421,20421,15,2002,1GNEK13Z52R2,1,G,N,E,K,1,3,Z,5,2,R,2,0,P,CHEV,KTA,UT,2,17,5050,,0,1160,,F,,F,8,325,,,16R265,,,,,,0,0,000000000,00000000000,0,0,0,1,0,0,0,0,0,0,0,65,0,1,5,1,6,2,1,0,0,0,1,51,24549,6,1,0,0,3,0,65,200,0,0,0,0,0,0,0,0,0,0,0,0,0,0,2,2,65,1,1,2,1,0,0,1,13,2,1,4,1,1,0
51,510427,1,1,1,17,8,19,45,32,0,1,0,51,2,37,705,37705,80,2007,JH2RC44097M1,J,H,2,R,C,4,4,0,9,7,M,1,0,M,HOND,T7D,RS,7,17,,,,,,,745,,2,,4,496,,,,,,,0,0,000000000,00000000000,0,0,0,1,0,0,0,0,0,0,0,85,0,0,0,12,6,2,30,0,0,0,1,51,24013,1,1,0,0,2,0,68,210,0,6,1,0,0,9,2009,5,2011,1,0,0,0,0,1,2,45,3,1,2,1,0,0,14,12,2,7,4,7,1,1
51,510428,1,1,4,16,8,2,35,42,0,1,0,24,3,32,44,32044,4,2006,WAUML44E16N0,W,A,U,M,L,4,4,E,1,6,N,0,0,P,AUDI,A8L,4D,6,17,4266,,0,1211,,G,,F,8,254,,,18R255,,,,,,0,0,000000000,00000000000,0,0,0,1,0,0,0,0,0,0,0,80,0,0,0,8,6,2,42,0,0,0,1,51,20109,6,1,0,0,3,0,71,140,0,0,0,0,2,1,2011,5,2011,1,91,0,0,0,6,1,55,2,1,2,1,0,0,14,12,1,1,4,6,1,1