STATE,ST_CASE,VEH_NO,VE_FORMS,NUMOCCS,DAY,MONTH,HOUR,MINUTE,HARM_EV,MAN_COLL,UNITTYPE,HIT_RUN,REG_STAT,OWNER,MAKE,MODEL,MAK_MOD,BODY_TYP,MOD_YEAR,VIN,VIN_1,VIN_2,VIN_3,VIN_4,VIN_5,VIN_6,VIN_7,VIN_8,VIN_9,VIN_10,VIN_11,VIN_12,TOW_VEH,VINTYPE,VINMAKE,VINA_MOD,VIN_BT,VINMODYR,VIN_LNGT,VIN_WGT,WGTCD_TR,WHLBS_LG,WHLBS_SH,SER_TR,FUELCODE,MCYCL_DS,CARBUR,CYLINDER,DISPLACE,MCYCL_CY,MCYCL_WT,TIRE_SZE,TON_RAT,TRK_WT,TRKWTVAR,VIN_REST,WHLDRWHL,J_KNIFE,MCARR_I1,MCARR_I2,MCARR_ID,GVWR,V_CONFIG,CARGO_BT,HAZ_INV,HAZ_PLAC,HAZ_ID,HAZ_CNO,HAZ_REL,BUS_USE,SPEC_USE,EMER_USE,TRAV_SP,UNDERIDE,ROLLOVER,ROLINLOC,IMPACT1,DEFORMED,TOWED,M_HARM,VEH_SC1,VEH_SC2,FIRE_EXP,DR_PRES,L_STATE,DR_ZIP,L_STATUS,L_TYPE,CDL_STAT,L_ENDORS,L_COMPL,L_RESTRI,DR_HGT,DR_WGT,PREV_ACC,PREV_SUS,PREV_DWI,PREV_SPD,PREV_OTH,FIRST_MO,FIRST_YR,LAST_MO,LAST_YR,SPEEDREL,DR_SF1,DR_SF2,DR_SF3,DR_SF4,VTRAFWAY,VNUM_LAN,VSPD_LIM,VALIGN,VPROFILE,VPAVETYP,VSURCOND,VTRAFCON,VTCONT_F,P_CRASH1,P_CRASH2,P_CRASH3,PCRASH4,PCRASH5,ACC_TYPE,DEATHS,DR_DRINK
51,510462,1,1,1,31,8,12,0,42,0,1,0,51,1,48,45,48045,6,2007,4S4BP61C9773,4,S,4,B,P,6,1,C,9,7,7,3,0,P,SUBA,LOI,SW,7,17,3330,,0,1051,,G,,F,4,150,,,000000,,,,,,0,0,000000000,00000000000,0,0,0,1,0,0,0,0,0,0,0,65,0,0,0,12,6,2,42,0,0,1,1,51,24531,6,1,0,0,3,0,67,162,0,0,0,0,0,0,0,0,0,0,0,0,0,0,2,2,65,1,1,2,1,0,0,1,13,1,1,4,1,1,0
51,510463,1,1,1,29,8,2,10,24,0,1,0,24,3,87,881,87881,66,2003,1XPGDU9X23D8,1,X,P,G,D,U,9,X,2,3,D,8,1,T,PTRB,385,TR,3,17,,8,0,0,CON,D,,,6,732,,,,,00000,00,,64,1,24,00110055,2400110055,3,6,2,2,2,1203,3,2,0,0,0,55,0,1,5,1,6,2,2,0,0,1,1,54,25414,6,1,6,1,3,0,69,155,0,0,0,0,0,0,0,0,0,1,58,0,0,0,6,1,55,3,2,2,1,0,0,14,12,9,7,4,7,1,0
51,510464,1,1,1,31,8,13,45,53,0,1,0,51,1,20,421,20421,15,1994,1GNDT13W0R01,1,G,N,D,T,1,3,W,0,R,0,1,0,P,CHEV,S10,UT,94,17,3811,,0,1070,,G,,F,6,262,,,000000,,,,,,0,0,000000000,00000000000,0,0,0,1,0,0,0,0,0,0,0,60,0,1,5,2,6,2,42,0,0,0,1,51,24101,6,1,0,0,3,0,70,300,0,1,0,0,1,3,2011,4,2011,1,0,0,0,0,1,2,55,1,2,2,1,0,0,1,13,1,1,4,1,1,1
51,510465,1,1,1,31,8,15,50,42,0,1,0,51,2,55,36,55036,4,2011,KMHCN4AC2BU5,K,M,H,C,N,4,A,C,2,B,U,5,0,P,HYUN,ALS,4D,11,17,2365,,0,0,,G,,F,4,098,,,000000,,,,,,0,0,000000000,00000000000,0,0,0,1,0,0,0,0,0,0,0,55,0,0,0,12,6,2,42,0,0,0,1,51,22610,6,1,0,0,3,0,77,270,1,0,0,1,0,6,2010,8,2012,0,0,0,0,0,1,2,55,1,1,2,1,0,0,1,13,1,1,4,1,1,0
51,510466,1,2,1,27,8,8,38,12,2,1,0,51,1,13,13,13013,4,2009,3LNHM26T59R6,3,L,N,H,M,2,6,T,5,9,R,6,0,P,LINC,MKZ,4D,9,17,3469,,0,1074,,G,,F,6,214,,,17R225,,,,,,0,0,000000000,00000000000,0,0,0,1,0,0,0,0,0,0,0,45,0,0,0,12,6,2,12,0,0,0,1,51,23085,6,1,0,0,3,0,73,175,0,0,0,0,0,0,0,0,0,0,28,0,0,0,1,2,45,1,2,2,1,0,0,1,10,1,1,2,50,1,0
51,510466,2,2,1,27,8,8,38,12,2,1,0,51,3,82,881,82881,63,1997,1FUYDCYB1VH6,1,F,U,Y,D,C,Y,B,1,V,H,6,1,T,FRHT,FLD,TR,97,17,,8,0,0,CON,D,,,6,855,,,,,00000,00,,64,1,51,01328809,5101328809,3,4,4,1,0,0,0,0,0,0,0,35,0,0,0,12,6,2,12,0,0,0,1,51,22560,6,1,6,0,3,0,67,170,0,0,0,1,0,10,2009,10,2009,0,0,0,0,0,1,2,45,1,2,2,1,0,0,1,62,1,1,1,51,0,0
51,510467,1,1,1,17,8,20,35,33,0,1,0,1,2,73,703,73703,80,2009,JKAZX4R169A0,J,K,A,Z,X,4,R,1,6,9,A,0,0,M,KAWK,ZXP,RC,9,17,,,,,,,599,,4,,4,421,,,,,,,0,0,000000000,00000000000,0,0,0,1,0,0,0,0,0,0,0,75,0,0,0,12,6,2,33,0,0,0,1,48,77084,6,1,0,0,3,0,999,999,0,0,0,0,1,11,2011,11,2011,1,0,0,0,0,6,1,35,2,1,2,1,0,0,14,13,2,7,4,2,1,0
51,510468,1,2,1,20,8,5,40,12,6,1,0,51,2,18,399,18399,4,2004,2G4WB52K5411,2,G,4,W,B,5,2,K,5,4,1,1,0,P,BUIC,RLS,4D,4,17,3418,,0,1090,,G,,F,6,231,,,15R215,,,,,,0,0,000000000,00000000000,0,0,0,1,0,0,0,0,0,0,0,15,0,0,0,3,6,2,12,0,0,0,1,51,24609,6,1,0,0,3,0,68,170,0,0,0,0,0,0,0,0,0,0,39,0,0,0,3,2,55,1,1,2,1,3,3,11,54,1,1,1,68,1,0
51,510468,2,2,1,20,8,5,40,12,6,1,0,37,3,12,481,12481,31,2007,1FDSW35P47EB,1,F,D,S,W,3,5,P,4,7,E,B,0,T,FORD,F3S,CH,7,17,,2,0,1760,SRW,D,,,8,366,,,,D,00000,00,E,44,0,0,000000000,00000000000,0,0,0,1,0,0,0,0,0,0,0,55,0,0,0,12,6,2,12,0,0,0,1,37,27030,4,1,3,0,2,0,71,999,1,2,0,2,3,11,2010,8,2011,0,0,0,0,0,3,2,55,1,1,2,1,3,3,1,66,1,1,1,69,0,0
51,510469,1,1,1,1,9,5,5,34,0,1,0,51,1,49,40,49040,4,2000,4T1BG22K1YU9,4,T,1,B,G,2,2,K,1,Y,U,9,0,P,TOYT,UEX,4D,0,17,2998,,0,1051,,G,,F,4,132,,,14R195,,,,,,0,0,000000000,00000000000,0,0,0,1,0,0,0,0,0,0,0,45,0,2,5,12,6,2,1,0,0,0,1,51,22403,6,1,0,0,3,0,68,160,0,3,0,2,2,9,2010,2,2011,0,0,0,0,0,1,2,45,2,1,2,1,0,0,14,12,1,1,4,6,1,1
51,510470,1,2,1,3,9,18,45,12,9,1,0,51,1,2,404,2404,14,2009,1J8HR58P39C5,1,J,8,H,R,5,8,P,3,9,C,5,0,T,JEEP,LMT,4W,9,17,,2,0,1095,GCK,G,,,8,287,,,,,4615,00,3,44,0,0,000000000,00000000000,0,0,0,1,0,0,0,0,0,0,0,60,0,0,0,6,6,2,12,0,0,0,1,51,23220,6,1,0,0,3,0,73,188,0,0,0,0,0,0,0,0,0,0,0,0,0,0,3,4,60,1,1,1,1,0,0,1,60,1,1,1,44,0,0
51,510470,2,2,1,3,9,18,45,12,9,1,0,47,2,76,706,76706,80,2004,JYARN13E94A0,J,Y,A,R,N,1,3,E,9,4,A,0,0,M,YAMA,YFR,RC,4,17,,,,,,,998,,4,,4,999,,,,,,,0,0,000000000,00000000000,0,0,0,1,0,0,0,0,0,0,0,120,0,0,0,11,6,2,24,0,0,0,1,51,23666,6,1,0,0,2,0,77,235,0,1,0,0,0,10,2011,10,2011,1,0,0,0,0,3,4,60,1,1,1,1,0,0,15,10,2,1,2,45,1,1
51,510471,1,1,1,4,9,10,20,8,0,1,0,51,3,87,881,87881,62,2006,1XP5DB0X46N8,1,X,P,5,D,B,0,X,4,6,N,8,1,T,PTRB,379,TR,6,17,,8,0,0,CON,D,,,6,893,,,,,00000,00,,64,1,51,00608213,5100608213,3,4,4,1,0,0,0,0,0,0,0,40,0,0,0,12,2,1,8,0,0,0,1,51,24230,6,1,0,0,3,0,70,200,0,0,0,0,0,0,0,0,0,1,39,0,0,0,1,2,55,2,2,2,1,50,3,14,80,1,1,1,13,0,0
51,510472,1,1,1,4,9,12,25,9,0,1,0,51,3,12,461,12461,21,2002,1FTNE24LX2HB,1,F,T,N,E,2,4,L,X,2,H,B,0,T,FORD,25V,CG,2,17,,2,0,1380,VAN,G,,,8,330,,,,C,5270,00,E,42,0,0,000000000,00000000000,0,0,0,1,0,0,0,0,0,0,0,15,0,0,0,12,2,1,9,0,0,0,1,51,23454,6,1,6,0,3,0,66,155,3,0,0,1,0,9,2009,7,2010,0,38,0,0,0,2,4,45,1,1,2,1,0,0,15,83,1,1,2,13,0,0
51,510473,1,3,2,5,9,16,3,12,1,1,0,51,1,12,17,12017,4,2008,1FAHP24WX8G1,1,F,A,H,P,2,4,W,X,8,G,1,0,P,FORD,TEL,4D,8,17,3643,,0,1129,,G,,F,6,214,,,17R215,,,,,,0,0,000000000,00000000000,0,0,0,1,0,0,0,0,0,0,0,0,0,0,0,6,6,2,12,0,0,0,1,51,24558,6,1,0,0,3,0,66,258,1,0,0,0,0,4,2012,4,2012,0,0,0,0,0,1,2,55,1,1,2,1,0,0,11,53,1,1,1,21,0,0
51,510473,2,3,1,5,9,16,3,12,1,1,0,51,2,20,481,20481,31,2008,2GCEK13M0811,2,G,C,E,K,1,3,M,0,8,1,1,0,T,CHEV,SK1,CW,8,17,,2,0,1435,SIL,G,,,8,323,,,,B,5326,00,,44,0,0,000000000,00000000000,0,0,0,1,0,0,0,0,0,0,0,60,0,1,1,12,6,2,1,0,0,0,1,51,24589,6,1,0,0,3,0,70,145,1,0,0,1,1,10,2011,12,2011,1,26,0,0,0,1,2,55,1,1,2,1,0,0,1,50,2,1,1,20,1,0
51,510473,3,3,1,5,9,16,3,12,1,1,0,51,2,55,33,55033,4,2007,5NPET46C97H2,5,N,P,E,T,4,6,C,9,7,H,2,0,P,HYUN,SGL,4D,7,17,3253,,0,1074,,G,,F,4,144,,,16R215,,,,,,0,0,000000000,00000000000,0,0,0,1,0,0,0,0,0,0,0,35,0,0,0,12,2,1,35,0,0,0,1,51,24566,6,1,0,0,3,0,60,170,0,0,0,1,0,1,2011,1,2011,0,0,0,0,0,1,2,55,1,1,2,1,0,0,1,50,7,1,4,98,0,0
51,510474,1,1,1,6,9,15,15,59,0,1,0,39,3,84,881,84881,66,2001,3HSCNAPR21N0,3,H,S,C,N,A,P,R,2,1,N,0,1,T,INTL,94I,TR,1,17,,8,0,0,940,D,,,6,915,,,,,00000,00,,64,3,39,00196764,3900196764,3,6,3,1,0,0,0,0,0,0,0,70,0,0,0,12,6,2,34,0,0,0,1,39,43464,6,1,6,0,3,0,73,225,0,0,0,0,1,11,2010,11,2010,0,0,0,0,0,3,2,70,1,2,2,2,0,0,1,13,1,1,4,1,1,0
51,510475,1,1,1,2,9,3,25,24,0,1,0,51,2,20,431,20431,16,2001,3GNFK16T61G2,3,G,N,F,K,1,6,T,6,1,G,2,0,P,CHEV,K15,UT,1,17,5123,,0,1300,,G,,F,8,325,,,16R245,,,,,,0,0,000000000,00000000000,0,0,0,1,0,0,0,0,0,0,0,55,0,0,0,5,6,2,24,0,0,0,1,51,24609,6,1,0,0,3,0,73,190,0,0,0,1,0,9,2010,9,2010,0,58,0,0,0,3,2,55,1,2,2,1,0,0,1,12,8,1,4,1,1,1
51,510476,1,2,1,6,9,17,10,12,2,1,0,51,1,51,46,51046,4,2007,YV1MS3900722,Y,V,1,M,S,3,9,0,0,7,2,2,0,P,VOLV,S42,4D,7,17,3223,,0,1039,,G,,F,5,149,,,16R205,,,,,,0,0,000000000,00000000000,0,0,0,1,0,0,0,0,0,0,0,55,0,0,0,12,6,2,12,0,0,0,1,51,22960,6,1,0,0,3,0,66,119,0,0,0,0,0,0,0,0,0,0,28,0,0,0,1,2,55,1,2,2,1,0,0,1,10,1,1,2,50,0,0
51,510476,2,2,1,6,9,17,10,12,2,1,0,51,1,55,36,55036,3,2007,KMHCM36C97U0,K,M,H,C,M,3,6,C,9,7,U,0,0,P,HYUN,AGS,2H,7,17,2467,,0,984,,G,,F,4,098,,,14R175,,,,,,0,0,000000000,00000000000,0,0,0,1,0,0,0,0,0,0,0,55,0,0,0,12,6,2,12,0,0,0,1,51,22701,6,1,0,0,3,0,68,195,0,0,0,1,0,4,2011,4,2011,0,0,0,0,0,1,2,55,1,2,2,1,0,0,1,62,2,1,2,51,1,0
51,510477,1,2,1,6,9,11,27,12,7,1,0,51,1,63,32,63032,4,2008,KNADE1235863,K,N,A,D,E,1,2,3,5,8,6,3,0,P,KIA,RBL,4D,8,17,2365,,0,984,,G,,F,4,098,,,14R175,,,,,,0,0,000000000,00000000000,0,0,0,1,0,0,0,0,0,0,0,55,0,0,0,11,6,2,12,0,0,0,1,51,22191,6,1,0,0,3,0,64,230,0,1,0,0,0,6,2012,6,2012,0,27,0,0,0,3,4,55,1,1,2,2,0,0,15,10,1,1,2,44,1,0
51,510477,2,2,1,6,9,11,27,12,7,1,0,51,3,82,881,82881,66,2007,1FUBA5CG07LY,1,F,U,B,A,5,C,G,0,7,L,Y,1,T,FRHT,COL,TR,7,17,,7,0,0,CON,D,,,6,774,,,,,00000,00,,42,3,57,00857633,5700857633,3,6,1,1,0,0,0,0,0,0,0,55,0,0,0,1,6,2,12,0,0,0,1,51,23832,6,1,6,3,3,3,67,260,0,0,0,1,0,10,2011,10,2011,0,0,0,0,0,3,4,55,1,1,2,2,0,0,1,61,1,1,1,45,0,0
51,510478,1,1,1,6,9,10,50,34,0,1,0,51,1,49,32,49032,4,2005,2T1BR32E95C5,2,T,1,B,R,3,2,E,9,5,C,5,0,P,TOYT,UCS,4D,5,17,2530,,0,1024,,G,,F,4,109,,,15R185,,,,,,0,0,000000000,00000000000,0,0,0,1,0,0,0,0,0,0,0,998,0,0,0,11,6,2,42,0,0,0,1,51,23831,6,1,0,0,3,0,68,155,1,0,0,0,0,3,2011,3,2011,0,0,0,0,0,1,2,45,3,1,2,2,0,0,14,13,2,1,4,1,1,0
51,510479,1,2,1,7,9,6,39,12,2,1,0,51,1,9,442,9442,20,1995,2P4GH45R1SR2,2,P,4,G,H,4,5,R,1,S,R,2,0,P,PLYM,VOF,SV,95,17,3333,,0,1123,,G,,F,6,201,,,14R195,,,,,,0,0,000000000,00000000000,0,0,0,1,0,0,0,0,0,0,0,45,0,0,0,12,6,2,12,0,0,0,1,51,24121,6,1,0,0,3,0,75,230,0,0,0,0,0,0,0,0,0,0,51,0,0,0,1,2,55,3,1,2,1,0,0,14,10,1,1,2,50,1,0
51,510479,2,2,2,7,9,6,39,12,2,1,0,51,1,12,481,12481,31,1997,1FTEF18L3VNC,1,F,T,E,F,1,8,L,3,V,N,C,0,T,FORD,F15,PK,97,17,,2,1390,1200,COF,G,,,8,330,,,,B,4235,02,E,44,0,0,000000000,00000000000,0,0,0,1,0,0,0,0,0,0,0,50,0,0,0,12,6,2,12,0,0,0,1,51,24523,6,1,0,0,3,0,70,220,0,0,0,0,0,0,0,0,0,0,0,0,0,0,1,2,55,2,1,2,1,0,0,14,62,2,1,1,51,0,0
51,510480,1,2,1,7,9,14,57,12,6,1,0,51,1,53,705,53705,80,2001,JS1GN7BA8121,J,S,1,G,N,7,B,A,8,1,2,1,0,M,SUZI,G60,RC,1,17,,,,,,,600,,4,,4,359,,,,,,,0,0,000000000,00000000000,0,0,0,1,0,0,0,0,0,0,0,60,0,0,0,12,6,2,12,0,0,0,1,51,24485,6,1,0,0,3,0,69,150,1,5,0,1,2,8,2010,8,2012,1,0,0,0,0,1,3,55,1,1,2,1,0,0,1,51,1,1,1,71,1,0
51,510480,2,2,1,7,9,14,57,12,6,1,0,51,1,18,3,18003,4,1984,1G4AU37Y9EH8,1,G,4,A,U,3,7,Y,9,E,H,8,0,P,BUIC,EPK,CP,84,17,3838,,0,1190,,G,,4,8,307,,,15R215,,,,,,0,0,000000000,00000000000,0,0,0,1,0,0,0,0,0,0,0,5,0,0,0,2,6,2,12,0,0,0,1,51,24440,6,1,0,0,3,0,73,190,0,0,0,0,0,0,0,0,0,0,0,0,0,0,1,3,55,1,1,2,1,0,0,10,53,1,1,1,70,0,0
51,510481,1,2,1,8,9,2,0,33,0,1,0,34,1,72,706,72706,80,2002,1HD1PEV162Y9,1,H,D,1,P,E,V,1,6,2,Y,9,0,M,HD,FX3,RS,2,17,,,,,,,1450,,2,,4,648,,,,,,,0,0,000000000,00000000000,0,0,0,1,0,0,0,0,0,0,0,0,0,0,0,1,6,2,12,0,0,0,1,34,8733,6,1,0,0,3,0,67,999,0,0,0,0,0,0,0,0,0,1,0,0,0,0,3,2,50,2,1,1,1,0,0,14,13,1,7,4,98,1,1
51,510481,2,2,1,8,9,2,0,33,0,1,1,99,9,99,999,99999,99,9999,999999999999,9,9,9,9,9,9,9,9,9,9,9,9,0,,,,,,,,,,,,,,,,,,,,,,,,,0,0,000000000,00000000000,0,0,0,1,0,0,0,0,0,0,0,50,0,0,0,12,9,1,12,0,0,0,1,99,99999,9,9,99,9,9,9,999,999,99,99,99,99,99,99,9999,99,9999,0,0,0,0,0,3,2,50,2,1,1,1,0,0,14,50,1,1,1,98,0,0
51,510482,1,2,2,6,9,18,28,12,2,1,0,51,1,2,404,2404,14,1995,1J4GZ58S2SC5,1,J,4,G,Z,5,8,S,2,S,C,5,0,T,JEEP,LRO,4W,95,17,,1,0,1059,GCK,G,,,6,242,,,,,3552,00,M,44,0,0,000000000,00000000000,0,0,0,1,0,0,0,0,0,0,0,999,0,0,0,12,6,2,12,0,0,0,1,51,22031,0,0,0,0,0,0,999,999,0,0,0,0,0,0,0,0,0,9,28,0,0,0,1,2,50,1,1,2,1,0,0,1,10,1,1,2,50,0,1
51,510482,2,2,1,6,9,18,28,12,2,1,0,51,1,12,461,12461,21,2001,2FMDA52421BB,2,F,M,D,A,5,2,4,2,1,B,B,0,T,FORD,WSE,ES,1,17,,1,0,1207,WIN,G,,,6,232,,,,B,4250,00,E,42,0,0,000000000,00000000000,0,0,0,1,0,0,0,0,0,0,0,999,0,0,0,12,6,2,12,0,0,0,1,51,22724,0,0,0,0,0,0,999,999,0,0,0,0,0,0,0,0,0,0,0,0,0,0,1,2,50,1,1,2,1,0,0,1,62,1,1,1,51,1,0
51,510483,1,1,1,8,9,22,25,42,0,1,0,51,2,12,471,12471,30,1996,1FTCR14A3TTA,1,F,T,C,R,1,4,A,3,T,T,A,0,T,FORD,RNS,PC,96,17,,1,0,1250,RNG,G,,,4,140,,,,B,00000,00,B,42,0,0,000000000,00000000000,0,0,0,1,0,0,0,0,0,0,0,998,0,1,5,8,6,2,42,0,0,0,1,51,23093,1,1,0,0,2,0,69,186,0,3,1,0,0,4,2011,6,2011,0,58,0,0,0,1,2,55,1,1,2,1,0,0,1,13,8,2,4,1,1,1
51,510484,1,2,2,6,9,21,53,12,6,1,0,51,1,9,38,9038,4,1998,1P3EJ46C7WN2,1,P,3,E,J,4,6,C,7,W,N,2,0,P,PLYM,BEE,4D,98,17,2848,,0,1080,,G,,F,4,122,,,14R195,,,,,,0,0,000000000,00000000000,0,0,0,1,0,0,0,0,0,0,0,999,0,0,0,11,6,2,12,0,0,0,1,51,23234,6,1,0,0,3,0,59,170,0,0,0,0,0,0,0,0,0,0,0,0,0,0,3,2,35,1,1,2,1,0,0,1,62,1,1,1,69,1,0
51,510484,2,2,1,6,9,21,53,12,6,1,0,51,2,21,401,21401,14,2000,1GHDT13W5Y22,1,G,H,D,T,1,3,W,5,Y,2,2,0,P,OLDS,BRA,UT,0,17,4068,,0,1070,,G,,F,6,262,,,15R235,,,,,,0,0,000000000,00000000000,0,0,0,1,0,0,0,0,0,0,0,999,0,0,0,12,6,2,12,0,0,0,1,51,23225,1,1,0,0,2,0,77,238,1,1,0,0,1,3,2010,5,2010,0,38,39,0,0,3,2,35,1,1,2,1,0,0,11,54,2,1,1,68,0,0
51,510485,1,2,1,10,9,0,39,12,8,1,0,51,3,86,881,86881,66,2006,1M1AK06Y06N0,1,M,1,A,K,0,6,Y,0,6,N,0,1,T,MACK,CXN,TR,6,17,,8,0,0,600,D,,,6,728,,,,,00000,00,,64,1,51,01300772,5101300772,3,6,1,1,0,0,0,0,0,0,0,60,0,1,1,8,6,2,1,0,0,0,1,51,22821,6,1,6,0,3,0,69,200,0,0,0,0,0,0,0,0,0,1,6,0,0,0,1,2,55,2,3,2,1,0,0,14,10,3,7,2,64,0,0
51,510485,2,2,1,10,9,0,39,12,8,1,0,54,1,12,481,12481,31,1999,1FTRX18L0XNA,1,F,T,R,X,1,8,L,0,X,N,A,0,T,FORD,F15,4C,99,17,,2,1574,1388,COF,G,,,8,330,,,,B,00000,00,U,44,0,0,000000000,00000000000,0,0,0,1,0,0,0,0,0,0,0,55,0,0,0,9,6,2,12,0,0,1,1,54,26884,6,1,0,0,3,0,999,999,0,0,0,0,0,0,0,0,0,0,0,0,0,0,1,2,55,3,3,2,1,0,0,14,62,3,1,1,65,1,0
51,510486,1,2,1,6,9,12,37,12,6,1,0,51,1,18,2,18002,4,2003,1G4HR54K93U2,1,G,4,H,R,5,4,K,9,3,U,2,0,P,BUIC,LLF,4D,3,17,3567,,0,1122,,G,,F,6,231,,,15R215,,,,,,0,0,000000000,00000000000,0,0,0,1,0,0,0,0,0,0,0,7,0,0,0,1,6,2,12,0,0,0,1,51,23860,6,1,0,0,3,0,67,180,0,0,0,0,0,0,0,0,0,0,38,0,0,0,1,2,25,1,2,2,2,20,3,1,54,1,1,1,87,1,0
51,510486,2,2,1,6,9,12,37,12,6,1,0,51,1,12,481,12481,31,1988,1FTEF15Y2JNA,1,F,T,E,F,1,5,Y,2,J,N,A,0,T,FORD,F15,PK,88,17,,2,1330,1170,COF,G,,,6,300,,,,B,00000,00,A,42,0,0,000000000,00000000000,0,0,0,1,0,0,0,0,0,0,0,35,0,0,0,11,6,2,12,0,0,0,1,51,23860,6,1,0,0,3,0,69,163,0,0,0,0,0,0,0,0,0,0,0,0,0,0,1,2,25,1,2,2,2,0,0,1,66,2,1,1,86,0,0
51,510487,1,2,1,12,9,13,51,12,6,1,0,37,1,18,22,18022,4,2010,1G4GC5EG4AF1,1,G,4,G,C,5,E,G,4,A,F,1,0,P,BUIC,LAL,4D,10,17,4019,,0,1117,,G,,F,6,183,,,18R235,,,,,,0,0,000000000,00000000000,0,0,0,1,0,0,0,0,0,0,0,10,0,0,0,11,6,2,12,0,0,0,1,37,27534,6,1,0,0,3,0,64,999,0,0,0,0,0,0,0,0,0,0,38,0,0,0,2,2,45,1,1,2,1,20,3,11,54,1,1,1,82,0,0
51,510487,2,2,1,12,9,13,51,12,6,1,0,0,0,98,701,98701,81,2008,000000000000,0,0,0,0,0,0,0,0,0,0,0,0,0,,,,,,,,,,,,,,,,,,,,,,,,,0,0,000000000,00000000000,0,0,0,1,0,0,0,0,0,0,0,35,0,0,0,12,6,2,12,0,0,0,1,51,24522,2,1,0,0,1,0,72,225,0,0,0,0,0,0,0,0,0,0,0,0,0,0,2,2,45,1,1,2,1,0,0,1,67,1,1,1,83,1,0
51,510488,1,2,2,5,9,13,11,12,7,1,0,51,2,34,34,34034,2,1997,WBACD4329VAV,W,B,A,C,D,4,3,2,9,V,A,V,0,P,BMW,8IA,4D,97,17,3197,,0,1063,,G,,F,6,170,,,15R205,,,,,,0,0,000000000,00000000000,0,0,0,1,0,0,0,0,0,0,0,70,0,0,0,3,6,2,12,0,0,0,1,51,22901,6,1,0,0,3,0,70,140,0,0,0,0,0,0,0,0,0,1,35,0,0,0,1,2,50,1,1,2,2,0,0,6,53,1,1,2,44,1,0
51,510488,2,2,1,5,9,13,11,12,7,1,1,99,9,99,999,99999,99,9999,999999999999,9,9,9,9,9,9,9,9,9,9,9,9,0,,,,,,,,,,,,,,,,,,,,,,,,,0,0,000000000,00000000000,0,0,0,1,0,0,0,0,0,0,0,70,0,0,0,10,6,2,12,0,0,0,1,51,22968,6,1,0,0,3,0,75,273,0,0,0,0,0,0,0,0,0,1,0,0,0,0,1,2,50,1,1,2,2,0,0,1,60,1,1,1,45,0,0
51,510489,1,1,3,15,9,17,50,35,0,1,0,51,1,54,31,54031,3,1995,JH4DC4358SS0,J,H,4,D,C,4,3,5,8,S,S,0,0,P,ACUR,ILS,2H,95,17,2572,,0,1012,,G,,F,4,112,,,14R195,,,,,,0,0,000000000,00000000000,0,0,0,1,0,0,0,0,0,0,0,75,0,1,3,12,6,2,1,0,0,0,1,51,24360,6,1,0,0,3,0,69,160,0,1,0,1,2,5,2010,10,2010,1,0,0,0,0,2,2,55,3,2,2,1,0,0,14,12,2,7,4,7,1,0
51,510490,1,2,1,15,9,14,7,12,8,1,0,51,1,20,4,20004,2,2005,1G1YY34U8551,1,G,1,Y,Y,3,4,U,8,5,5,1,0,P,CHEV,CVT,CV,5,17,3199,,0,1057,,G,,F,8,366,,,18R245,,,,,,0,0,000000000,00000000000,0,0,0,1,0,0,0,0,0,0,0,50,0,0,0,11,6,2,12,0,0,0,1,51,22657,6,1,0,0,3,0,72,190,0,0,0,0,0,0,0,0,0,0,51,0,0,0,1,2,55,1,1,2,1,0,0,1,10,1,1,2,64,1,0
51,510490,2,2,1,15,9,14,7,12,8,1,0,51,1,12,22,12022,6,2005,1FMDK06175GA,1,F,M,D,K,0,6,1,7,5,G,A,0,P,FORD,FSL,UT,5,17,4112,,0,1129,,G,,F,6,183,,,18R225,,,,,,0,0,000000000,00000000000,0,0,0,1,0,0,0,0,0,0,0,50,0,0,0,10,6,2,12,0,0,0,1,51,22630,6,1,0,0,3,0,64,135,0,0,0,1,0,10,2010,10,2010,0,0,0,0,0,1,2,55,1,1,2,1,0,0,1,62,1,1,1,65,0,0
51,510491,1,1,6,15,9,3,5,42,0,1,0,51,2,12,17,12017,4,2002,1FAHP55S82G2,1,F,A,H,P,5,5,S,8,2,G,2,0,P,FORD,TSS,4D,2,17,3392,,0,1085,,G,,F,6,182,,,16R215,,,,,,0,0,000000000,00000000000,0,0,0,1,0,0,0,0,0,0,0,75,0,1,5,12,6,2,42,0,0,0,1,51,22556,6,1,0,0,3,0,67,115,0,1,0,0,0,3,2011,3,2011,1,0,0,0,0,2,2,45,3,1,2,1,0,0,14,13,2,1,4,1,2,0
51,510492,1,1,1,16,9,14,43,53,0,1,0,51,1,20,481,20481,31,1998,1GCEK14M5WE1,1,G,C,E,K,1,4,M,5,W,E,1,0,T,CHEV,GK1,PK,98,17,,2,1315,1175,GM4,G,,,8,305,,,,B,4837,00,,44,0,0,000000000,00000000000,0,0,0,1,0,0,0,0,0,0,0,50,0,2,5,1,6,2,1,0,0,0,1,51,23093,6,1,0,0,3,0,69,170,0,0,0,0,0,0,0,0,0,0,58,0,0,0,1,2,55,2,1,2,1,0,0,14,13,2,7,4,2,1,1
51,510493,1,1,1,14,9,1,40,34,0,1,0,51,1,53,706,53706,80,2006,JS1VY53AX621,J,S,1,V,Y,5,3,A,X,6,2,1,0,M,SUZI,VZR,RS,6,17,,,,,,,1783,,2,,4,695,,,,,,,0,0,000000000,00000000000,0,0,0,1,0,0,0,0,0,0,0,998,0,0,0,12,6,2,34,0,0,0,1,51,23322,6,1,0,0,3,0,72,185,0,0,0,0,0,0,0,0,0,0,0,0,0,0,3,2,50,3,1,2,1,0,0,14,13,2,1,4,1,1,1