STATE,ST_CASE,VEH_NO,VE_FORMS,NUMOCCS,DAY,MONTH,HOUR,MINUTE,HARM_EV,MAN_COLL,UNITTYPE,HIT_RUN,REG_STAT,OWNER,MAKE,MODEL,MAK_MOD,BODY_TYP,MOD_YEAR,VIN,VIN_1,VIN_2,VIN_3,VIN_4,VIN_5,VIN_6,VIN_7,VIN_8,VIN_9,VIN_10,VIN_11,VIN_12,TOW_VEH,VINTYPE,VINMAKE,VINA_MOD,VIN_BT,VINMODYR,VIN_LNGT,VIN_WGT,WGTCD_TR,WHLBS_LG,WHLBS_SH,SER_TR,FUELCODE,MCYCL_DS,CARBUR,CYLINDER,DISPLACE,MCYCL_CY,MCYCL_WT,TIRE_SZE,TON_RAT,TRK_WT,TRKWTVAR,VIN_REST,WHLDRWHL,J_KNIFE,MCARR_I1,MCARR_I2,MCARR_ID,GVWR,V_CONFIG,CARGO_BT,HAZ_INV,HAZ_PLAC,HAZ_ID,HAZ_CNO,HAZ_REL,BUS_USE,SPEC_USE,EMER_USE,TRAV_SP,UNDERIDE,ROLLOVER,ROLINLOC,IMPACT1,DEFORMED,TOWED,M_HARM,VEH_SC1,VEH_SC2,FIRE_EXP,DR_PRES,L_STATE,DR_ZIP,L_STATUS,L_TYPE,CDL_STAT,L_ENDORS,L_COMPL,L_RESTRI,DR_HGT,DR_WGT,PREV_ACC,PREV_SUS,PREV_DWI,PREV_SPD,PREV_OTH,FIRST_MO,FIRST_YR,LAST_MO,LAST_YR,SPEEDREL,DR_SF1,DR_SF2,DR_SF3,DR_SF4,VTRAFWAY,VNUM_LAN,VSPD_LIM,VALIGN,VPROFILE,VPAVETYP,VSURCOND,VTRAFCON,VTCONT_F,P_CRASH1,P_CRASH2,P_CRASH3,PCRASH4,PCRASH5,ACC_TYPE,DEATHS,DR_DRINK
51,510531,2,5,1,29,9,23,5,12,2,1,0,51,1,47,35,47035,4,2000,YS3DF58K1Y20,Y,S,3,D,F,5,8,K,1,Y,2,0,0,P,SAA,93E,4H,0,17,3120,,0,1026,,G,,T,4,121,,,16R205,,,,,,0,0,000000000,00000000000,0,0,0,1,0,0,0,0,0,0,0,50,0,0,0,12,6,2,12,0,0,0,1,51,22193,6,1,0,0,3,0,61,170,0,0,0,2,1,4,2010,2,2012,0,0,0,0,0,3,3,50,1,1,2,1,0,0,1,63,2,1,1,51,0,0
51,510531,3,5,1,29,9,23,5,12,2,1,0,51,1,14,6,14006,4,2000,2MEFM75W6YX6,2,M,E,F,M,7,5,W,6,Y,X,6,0,P,MERC,MGL,4D,0,17,3973,,0,1147,,G,,F,8,281,,,16R225,,,,,,0,0,000000000,00000000000,0,0,0,1,0,0,0,0,0,1,0,50,0,0,0,12,6,2,12,0,0,0,1,51,22406,6,1,0,0,3,0,71,210,0,0,0,2,3,1,2010,10,2011,0,0,0,0,0,3,3,50,1,1,2,1,0,0,1,62,1,1,1,98,1,0
51,510531,4,5,1,29,9,23,5,12,2,1,0,51,1,7,27,7027,6,2012,3C4PDDBG4CT2,3,C,4,P,D,D,B,G,4,C,T,2,0,P,DODG,JOU,UT,12,17,4328,,0,1138,,F,,F,6,220,,,17R225,,,,,,0,0,000000000,00000000000,0,0,0,1,0,0,0,0,0,0,0,50,0,0,0,12,6,2,12,0,0,0,1,42,15101,6,1,0,0,3,0,73,999,0,0,0,0,0,0,0,0,0,0,0,0,0,0,3,3,50,1,1,2,1,0,0,1,63,2,1,1,98,0,0
51,510531,5,5,1,29,9,23,5,12,2,1,0,51,1,6,54,6054,6,2006,2A8GF68496R6,2,A,8,G,F,6,8,4,9,6,R,6,0,P,CHRY,PIF,UT,6,17,4507,,0,1160,,G,,F,6,214,,,17R235,,,,,,0,0,000000000,00000000000,0,0,0,1,0,0,0,0,0,0,0,50,0,0,0,12,6,2,12,0,0,0,1,51,22025,6,1,0,0,3,3,63,135,0,0,0,0,0,0,0,0,0,0,0,0,0,0,3,3,50,1,1,2,1,0,0,1,62,1,1,1,98,0,0
51,510532,1,2,1,1,10,8,24,12,6,1,0,51,1,14,17,14017,4,2000,1MEFM59SXYA6,1,M,E,F,M,5,9,S,X,Y,A,6,0,P,MERC,SLP,SW,0,17,3540,,0,1085,,G,,F,6,182,,,16R215,,,,,,0,0,000000000,00000000000,0,0,0,1,0,0,0,0,0,0,0,15,0,0,0,1,6,2,12,0,0,0,1,51,22802,6,1,0,0,3,0,67,145,0,0,0,0,0,0,0,0,0,0,38,0,0,0,1,2,55,1,1,2,1,0,0,11,54,1,1,1,68,1,0
51,510532,2,2,1,1,10,8,24,12,6,1,0,51,1,49,40,49040,4,2008,4T1BE46K88U7,4,T,1,B,E,4,6,K,8,8,U,7,0,P,TOYT,XSL,4D,8,17,3263,,0,1093,,G,,F,4,146,,,16R215,,,,,,0,0,000000000,00000000000,0,0,0,1,0,0,0,0,0,0,0,57,0,0,0,11,6,2,12,0,0,0,1,51,22815,6,1,0,0,3,0,62,120,0,0,0,0,0,0,0,0,0,1,39,0,0,0,1,2,55,1,1,2,1,0,0,1,67,1,1,1,69,0,0
51,510533,1,2,1,1,10,6,13,12,6,1,0,51,1,20,401,20401,14,2001,1GNDT13WX121,1,G,N,D,T,1,3,W,X,1,2,1,0,P,CHEV,BZR,UT,1,17,4133,,0,1070,,G,,F,6,262,,,15R235,,,,,,0,0,000000000,00000000000,0,0,0,1,0,0,0,0,0,0,0,4,0,0,0,9,6,2,12,0,0,0,1,51,24588,6,1,0,0,3,0,64,210,0,0,0,0,0,0,0,0,0,0,39,0,0,0,2,2,60,1,1,2,2,20,3,1,54,1,1,1,89,1,0
51,510533,2,2,1,1,10,6,13,12,6,1,0,51,3,12,481,12481,31,2003,3FTNX20S73MB,3,F,T,N,X,2,0,S,7,3,M,B,0,T,FORD,F2S,4C,3,17,,2,1580,1418,SRW,G,,,10,415,,,,C,5585,02,U,42,0,0,000000000,00000000000,0,0,0,1,0,0,0,0,0,0,0,55,0,0,0,12,6,2,12,0,0,0,1,51,24550,6,1,0,0,3,0,72,300,0,0,0,0,0,0,0,0,0,0,0,0,0,0,2,2,60,1,1,2,2,0,0,1,66,1,1,1,88,0,0
51,510534,1,1,1,2,10,5,47,18,0,1,0,24,1,19,3,19003,4,1994,1G6DW52P6RR7,1,G,6,D,W,5,2,P,6,R,R,7,0,P,CADI,FLB,4D,94,17,4478,,0,1215,,G,,F,8,350,,,15R235,,,,,,0,0,000000000,00000000000,0,0,0,1,0,0,0,0,0,0,0,55,0,1,5,12,6,2,2,0,0,1,1,24,20619,6,1,0,0,3,0,66,170,0,0,0,0,0,0,0,0,0,0,0,0,0,0,1,2,55,1,1,2,2,0,0,1,13,1,1,4,1,1,0
51,510535,1,1,1,2,10,10,27,8,0,1,0,51,3,12,881,12881,63,2011,3FRXF7FG4BV4,3,F,R,X,F,7,F,G,4,B,V,4,1,T,FORD,F77,CC,11,17,,7,2810,1460,COF,D,,,6,409,,,,,00000,00,A,42,1,57,00479455,5700479455,3,4,3,1,0,0,0,0,0,0,0,20,0,0,0,12,6,2,8,0,0,0,1,51,23323,6,1,6,0,3,0,71,175,1,0,0,0,1,7,2012,8,2012,0,38,0,0,0,2,4,45,1,1,2,2,0,0,1,80,1,1,1,13,0,0
51,510536,1,1,1,3,10,20,45,34,0,1,0,51,2,49,472,49472,30,2005,5TELU42N85Z0,5,T,E,L,U,4,2,N,8,5,Z,0,0,T,TOYT,DCL,CW,5,17,,1,0,1219,TAC,G,,,6,244,,,,B,3810,00,U,44,0,0,000000000,00000000000,0,0,0,1,0,0,0,0,0,0,0,65,0,0,0,12,6,2,34,0,0,0,1,51,22831,6,1,0,0,3,0,60,106,0,0,0,0,0,0,0,0,0,1,0,0,0,0,1,2,55,3,1,2,1,0,0,14,13,3,1,4,1,1,1
51,510537,1,1,2,5,10,7,5,24,0,1,0,51,3,12,882,12882,63,1994,1FDYH81E6RVA,1,F,D,Y,H,8,1,E,6,R,V,A,0,T,FORD,CF8,TB,94,17,,8,2250,1170,CLT,D,,,6,505,,,,,00000,00,,42,0,88,888888888,88888888888,3,1,97,1,0,0,0,0,0,0,0,65,0,1,5,1,6,2,24,0,0,0,1,51,24175,6,1,6,0,3,0,72,190,0,0,0,0,0,0,0,0,0,0,0,0,0,0,2,2,70,1,1,2,1,0,0,1,1,2,7,4,2,1,0
51,510538,1,1,3,6,10,17,10,42,0,1,0,51,1,48,34,48034,6,2000,4S3BH6866Y66,4,S,3,B,H,6,8,6,6,Y,6,6,0,P,SUBA,UBK,SW,0,17,3500,,0,1043,,G,,F,4,153,,,16R225,,,,,,0,0,000000000,00000000000,0,0,0,1,0,0,0,0,0,0,0,35,0,0,0,4,6,2,42,0,0,0,1,51,24416,6,1,0,0,3,0,69,125,0,1,1,0,0,1,2011,3,2011,0,0,0,0,0,1,2,55,3,1,2,1,0,0,14,13,2,1,4,1,1,1
51,510539,1,1,1,5,10,23,22,8,0,1,0,51,1,7,472,7472,30,1998,1B7FL26X1WS7,1,B,7,F,L,2,6,X,1,W,S,7,0,T,DODG,DAK,PK,98,17,,1,1239,1119,DAK,G,,,6,239,,,,B,3230,01,U,42,0,0,000000000,00000000000,0,0,0,1,0,0,0,0,0,0,0,60,0,0,0,12,6,2,8,0,0,0,1,51,23061,6,1,0,0,3,3,72,165,0,0,0,1,0,4,2012,4,2012,1,86,0,0,0,1,2,55,2,1,2,1,0,0,14,80,8,1,1,13,0,0
51,510540,1,1,1,5,10,21,12,31,0,1,0,51,1,37,709,37709,80,2005,1HFSC46G15A3,1,H,F,S,C,4,6,G,1,5,A,3,0,M,HOND,VC8,RS,5,17,,,,,,,1795,,2,,4,719,,,,,,,0,0,000000000,00000000000,0,0,0,1,0,0,0,0,0,0,0,30,0,0,0,12,6,2,31,0,0,0,1,51,22172,6,1,0,0,3,3,72,260,0,0,0,1,0,4,2011,4,2011,0,0,0,0,0,1,2,35,3,1,2,1,0,0,14,13,2,1,4,1,1,0
51,510541,1,1,2,6,10,1,15,42,0,1,0,51,1,7,20,7020,4,2003,1B3ES56CX3D1,1,B,3,E,S,5,6,C,X,3,D,1,0,P,DODG,NXT,4D,3,17,2639,,0,1040,,G,,F,4,122,,,15R185,,,,,,0,0,000000000,00000000000,0,0,0,1,0,0,0,0,0,0,0,70,0,1,5,12,6,2,1,0,0,0,1,51,23930,6,1,0,0,3,0,63,147,0,1,0,1,0,3,2011,4,2011,1,0,0,0,0,1,2,55,3,1,2,1,0,0,14,13,2,1,4,1,2,1
51,510542,1,1,1,7,10,5,20,8,0,1,1,51,1,20,421,20421,15,1997,1GNEK13R5VJ4,1,G,N,E,K,1,3,R,5,V,J,4,0,P,CHEV,KTA,UT,97,17,5225,,0,1175,,G,,F,8,350,,,15R235,,,,,,0,0,000000000,00000000000,0,0,0,1,0,0,0,0,0,0,0,65,0,0,0,12,2,1,8,0,0,0,1,51,23608,6,1,6,0,3,0,76,290,0,1,0,0,0,10,2010,10,2010,1,39,0,0,0,1,4,45,1,1,2,2,0,0,1,80,1,1,1,13,0,1
51,510543,1,1,1,7,10,0,15,34,0,1,0,51,1,20,481,20481,31,1986,1GCDC14N1GF3,1,G,C,D,C,1,4,N,1,G,F,3,0,T,CHEV,C10,PK,86,17,,1,1315,1175,C10,G,,,6,262,,,,B,3282,06,,42,0,0,000000000,00000000000,0,0,0,1,0,0,0,0,0,0,0,55,0,0,0,1,6,2,42,0,0,0,1,51,23920,6,1,0,0,3,0,70,218,0,0,0,0,0,0,0,0,0,0,0,0,0,0,1,2,55,2,1,2,1,0,0,14,13,2,1,4,1,1,1
51,510544,1,1,2,7,10,0,15,35,0,1,0,51,1,37,31,37031,2,1994,1HGEG8559RL0,1,H,G,E,G,8,5,5,9,R,L,0,0,P,HOND,CLX,4D,94,17,2340,,0,1032,,G,,F,4,091,,,14R175,,,,,,0,0,000000000,00000000000,0,0,0,1,0,0,0,0,0,0,0,80,0,1,5,12,6,2,1,0,0,0,1,51,24122,6,1,0,0,3,0,72,150,0,1,0,0,0,7,2011,7,2011,1,39,0,0,0,3,2,55,3,2,2,1,0,0,14,13,2,1,4,1,1,1
51,510545,1,1,1,6,10,4,30,34,0,1,0,42,1,20,421,20421,15,2004,1GNEK13T84R1,1,G,N,E,K,1,3,T,8,4,R,1,0,P,CHEV,KTA,UT,4,17,5050,,0,1160,,G,,F,8,325,,,16R265,,,,,,0,0,000000000,00000000000,0,0,0,1,0,0,0,0,0,0,0,55,0,1,5,1,6,2,1,0,0,0,1,42,17013,6,1,6,0,3,0,76,999,0,0,0,0,1,1,2011,1,2011,0,0,0,0,0,1,2,55,1,1,2,1,0,0,1,13,1,1,4,1,1,0
51,510546,1,1,1,5,10,21,53,8,0,1,0,51,2,2,404,2404,14,1992,1J4FJ58S1NL1,1,J,4,F,J,5,8,S,1,N,L,1,0,T,JEEP,LAR,4W,92,17,,1,0,1014,CHK,G,,,6,242,,,,,00000,00,A,44,0,0,000000000,00000000000,0,0,0,1,0,0,0,0,0,0,0,35,0,0,0,12,6,2,8,0,0,0,1,51,23047,6,1,0,0,3,3,68,190,0,0,0,1,1,9,2012,9,2012,0,39,0,0,0,3,3,35,1,1,2,2,50,3,1,80,1,1,1,13,0,0
51,510547,1,1,1,9,10,20,30,42,0,1,0,51,1,63,401,63401,14,2006,KNDJE7233671,K,N,D,J,E,7,2,3,3,6,7,1,0,P,KIA,KMS,UT,6,17,3521,,0,1035,,G,,F,6,165,,,16R235,,,,,,0,0,000000000,00000000000,0,0,0,1,0,0,0,0,0,0,0,55,0,1,5,12,6,2,42,0,0,0,1,51,24551,6,1,0,0,3,0,70,210,0,0,0,0,0,0,0,0,0,0,0,0,0,0,1,2,55,3,1,2,1,0,0,14,13,1,1,4,1,1,0
51,510548,1,1,1,8,10,5,49,32,0,1,0,51,2,20,481,20481,31,2000,1GCCS1943YK1,1,G,C,C,S,1,9,4,3,Y,K,1,0,T,CHEV,S14,PC,0,17,,1,0,1229,S,G,,,4,133,,,,B,3185,03,,42,0,0,000000000,00000000000,0,0,0,1,0,0,0,0,0,0,0,999,0,1,5,12,6,2,1,0,0,0,1,51,23323,6,1,0,0,3,0,66,190,0,0,0,0,0,0,0,0,0,0,58,0,0,0,1,2,45,1,1,2,1,0,0,1,8,9,1,4,6,1,1
51,510549,1,1,1,11,10,10,47,32,0,1,0,51,1,20,471,20471,30,1992,1GCCS14Z6N81,1,G,C,C,S,1,4,Z,6,N,8,1,0,T,CHEV,S14,PK,92,17,,1,1179,1083,S,G,,,6,262,,,,B,2645,01,,42,0,0,000000000,00000000000,0,0,0,1,0,0,0,0,0,0,0,55,0,0,0,9,6,2,42,0,0,0,1,51,22740,6,1,0,0,3,0,64,120,2,0,0,0,0,1,2012,7,2012,0,0,0,0,0,1,2,55,1,2,2,1,0,0,1,13,1,1,4,1,1,0
51,510550,1,3,1,5,10,19,48,12,1,1,0,93,3,87,881,87881,66,2007,1XP5DB9X07N6,1,X,P,5,D,B,9,X,0,7,N,6,1,T,PTRB,379,TR,7,17,,8,0,0,CON,D,,,6,893,,,,,00000,00,,64,1,57,01278050,5701278050,3,6,1,1,0,0,0,0,0,0,0,65,0,0,0,12,6,2,12,0,0,0,1,46,57034,6,1,6,3,3,0,72,185,0,0,0,1,3,3,2010,11,2011,0,0,0,0,0,3,2,70,1,1,2,1,0,0,1,50,2,1,1,20,0,0
51,510550,2,3,3,5,10,19,48,12,1,1,0,51,1,2,404,2404,14,1998,1J4GZ58S5WC2,1,J,4,G,Z,5,8,S,5,W,C,2,0,T,JEEP,LRT,4W,98,17,,1,0,1059,GCK,G,,,6,242,,,,,3708,01,E,44,0,0,000000000,00000000000,0,0,0,1,0,0,0,0,0,0,0,0,0,0,0,6,6,2,2,0,0,1,1,51,24401,6,1,0,0,3,0,66,180,0,0,0,0,0,0,0,0,0,0,0,0,0,0,3,2,70,1,1,2,1,0,0,5,50,1,1,1,21,2,0
51,510550,3,3,1,5,10,19,48,12,1,1,0,51,2,6,52,6052,6,2002,3C8FY58B72T2,3,C,8,F,Y,5,8,B,7,2,T,2,0,P,CHRY,PTC,SV,2,17,3061,,0,1033,,G,,F,4,148,,,16R205,,,,,,0,0,000000000,00000000000,0,0,0,1,0,0,0,0,0,0,0,0,0,0,0,6,6,2,12,0,0,0,1,51,22642,6,1,0,0,3,3,67,150,0,0,0,2,0,7,2010,6,2011,0,0,0,0,0,3,2,70,1,1,2,1,0,0,5,53,1,1,1,98,0,0
51,510551,1,3,1,13,10,13,43,5,0,1,0,51,1,37,703,37703,80,1997,JH2MC1301VK4,J,H,2,M,C,1,3,0,1,V,K,4,0,M,HOND,CMX,RS,97,17,,,,,,,234,,2,,4,306,,,,,,,0,0,000000000,00000000000,0,0,0,1,0,0,0,0,0,0,0,35,0,0,0,0,6,2,5,0,0,0,1,51,23958,6,2,0,0,3,0,74,175,0,0,0,0,0,0,0,0,0,1,0,0,0,0,1,2,55,2,2,2,1,0,0,14,98,2,7,2,0,1,0
51,510551,2,3,1,13,10,13,43,5,0,1,0,51,1,72,706,72706,80,2004,1HD1CGP1X4K4,1,H,D,1,C,G,P,1,X,4,K,4,0,M,HD,20C,RS,4,17,,,,,,,1200,,2,,4,554,,,,,,,0,0,000000000,00000000000,0,0,0,1,0,0,0,0,0,0,0,20,0,0,0,18,0,1,54,0,0,0,1,51,24502,6,1,0,0,3,0,68,180,0,0,0,0,0,0,0,0,0,0,0,0,0,0,1,2,55,2,2,2,1,0,0,14,50,1,1,1,98,0,0
51,510551,3,3,1,13,10,13,43,5,0,1,0,51,1,34,706,34706,80,2009,WB10313079ZU,W,B,1,0,3,1,3,0,7,9,Z,U,0,M,BMW,12G,EN,9,17,,,,,,,1170,,2,,4,439,,,,,,,0,0,000000000,00000000000,0,0,0,1,0,0,0,0,0,0,0,20,0,0,0,18,0,1,54,0,0,0,1,51,24574,6,1,0,0,3,0,74,180,0,0,0,0,0,0,0,0,0,0,0,0,0,0,1,2,55,2,2,2,1,0,0,14,50,1,1,1,98,0,0
51,510552,1,2,1,12,10,19,26,12,2,1,0,51,1,20,20,20020,2,1995,2G1WL52M8S92,2,G,1,W,L,5,2,M,8,S,9,2,0,P,CHEV,LUM,4D,95,17,3330,,0,1075,,G,,F,6,191,,,15R205,,,,,,0,0,000000000,00000000000,0,0,0,1,0,0,0,0,0,0,0,60,0,0,0,12,6,2,12,0,0,0,1,51,22630,6,1,0,0,3,0,71,999,0,0,0,0,1,8,2012,8,2012,1,28,0,0,0,1,2,55,2,2,2,1,0,0,14,10,2,1,2,50,0,0
51,510552,2,2,2,12,10,19,26,12,2,1,0,51,1,49,32,49032,4,2001,2T1BR12E91C5,2,T,1,B,R,1,2,E,9,1,C,5,0,P,TOYT,UCS,4D,1,17,2410,,0,970,,G,,F,4,109,,,14R175,,,,,,0,0,000000000,00000000000,0,0,0,1,0,0,0,0,0,0,0,55,0,0,0,12,6,2,12,0,0,0,1,51,22851,6,1,0,0,3,0,67,145,0,0,0,0,0,0,0,0,0,0,0,0,0,0,1,2,55,3,2,2,1,0,0,14,62,1,1,1,51,1,0
51,510553,1,1,6,14,10,4,40,1,0,1,0,51,2,19,18,19018,4,2005,1G6DP5677501,1,G,6,D,P,5,6,7,7,5,0,1,0,P,CADI,HF6,4D,5,17,3509,,0,1134,,G,,F,6,220,,,17R225,,,,,,0,0,000000000,00000000000,0,0,0,1,0,0,0,0,0,0,0,70,0,2,5,0,6,2,42,0,0,0,1,51,24017,6,1,0,0,3,0,66,135,0,6,0,0,0,7,2011,6,2012,1,58,0,0,0,1,2,55,3,2,2,1,0,0,14,13,8,1,4,1,2,0
51,510554,1,1,1,15,10,8,45,42,0,1,0,51,1,12,481,12481,31,1999,1FTRF17W0XNB,1,F,T,R,F,1,7,W,0,X,N,B,0,T,FORD,F15,PK,99,17,,2,1385,1199,COF,G,,,8,281,,,,B,00000,00,U,42,0,0,000000000,00000000000,0,0,0,1,0,0,0,0,0,0,0,40,0,0,0,9,6,2,42,0,0,0,1,51,24317,6,1,0,0,3,0,70,175,0,0,0,0,0,0,0,0,0,0,0,0,0,0,1,2,55,2,2,2,2,0,0,14,12,2,1,4,6,1,0
51,510555,1,1,1,12,10,21,50,8,0,1,0,51,2,7,26,7026,4,2009,1B3LC46B59N5,1,B,3,L,C,4,6,B,5,9,N,5,0,P,DODG,AST,4D,9,17,3355,,0,1089,,G,,F,4,146,,,16R215,,,,,,0,0,000000000,00000000000,0,0,0,1,0,0,0,0,0,0,0,60,0,0,0,12,6,2,8,0,0,0,1,51,22401,6,1,0,0,3,3,67,120,0,0,0,1,0,3,2011,3,2011,0,0,0,0,0,3,3,65,1,1,2,1,0,0,1,80,1,1,1,13,0,0
51,510556,1,1,2,13,10,14,59,30,0,1,0,51,1,21,22,21022,4,1998,1G3GR62C2W41,1,G,3,G,R,6,2,C,2,W,4,1,0,P,OLDS,AUR,4D,98,17,3967,,0,1138,,G,,F,8,244,,,16R235,,,,,,0,0,000000000,00000000000,0,0,0,1,0,0,0,0,0,0,0,60,0,1,5,3,6,2,30,0,0,0,1,51,24440,6,1,0,0,3,0,68,200,0,1,0,0,0,10,2011,10,2011,1,0,0,0,0,1,2,35,1,2,2,1,0,0,1,6,2,2,4,7,1,1
51,510557,1,2,1,17,10,16,30,12,6,1,0,51,2,48,34,48034,6,1998,4S3BG6853W76,4,S,3,B,G,6,8,5,3,W,7,6,0,P,SUBA,UK3,SW,98,17,3155,,0,1035,,G,,F,4,150,,,15R205,,,,,,0,0,000000000,00000000000,0,0,0,1,0,0,0,0,0,0,0,998,0,0,0,9,6,2,12,0,0,0,1,51,22903,6,1,0,0,3,0,63,125,0,0,0,0,0,0,0,0,0,0,38,0,0,0,1,2,35,1,1,2,1,40,3,1,54,1,1,1,89,1,0
51,510557,2,2,1,17,10,16,30,12,6,1,0,51,3,12,481,12481,31,2001,1FTSW31F31ED,1,F,T,S,W,3,1,F,3,1,E,D,0,T,FORD,F3S,CW,1,17,,2,1724,1562,SRW,D,,,8,444,,,,D,5942,07,E,44,0,0,000000000,00000000000,0,0,0,1,0,0,0,0,0,0,0,0,0,0,0,12,6,2,12,0,0,0,1,51,22923,6,1,6,0,3,0,69,218,0,0,0,0,0,0,0,0,0,0,0,0,0,0,1,2,35,1,1,2,1,40,3,1,66,4,1,1,88,0,0
51,510558,1,1,1,16,10,20,45,42,0,1,0,51,1,23,401,23401,14,2003,1GKET16P8361,1,G,K,E,T,1,6,P,8,3,6,1,0,T,GMC,EXL,4W,3,17,,2,0,1290,ENV,G,,,8,323,,,,B,5020,00,E,44,0,0,000000000,00000000000,0,0,0,1,0,0,0,0,0,0,0,76,0,0,0,11,6,2,42,0,0,0,1,51,23924,6,1,6,0,3,0,63,146,0,0,0,0,0,0,0,0,0,1,58,0,0,0,1,2,55,3,1,2,1,0,0,14,13,9,1,4,1,1,0
51,510559,1,1,2,16,10,21,39,7,0,1,0,51,2,37,31,37031,4,1991,1HGCB7150MA0,1,H,G,C,B,7,1,5,0,M,A,0,0,P,HOND,ALX,CP,91,17,2822,,0,1071,,G,,F,4,132,,,14R185,,,,,,0,0,000000000,00000000000,0,0,0,1,0,0,0,0,0,0,0,999,0,1,5,0,6,2,30,0,0,0,1,51,23505,1,1,0,0,2,0,69,190,1,11,0,1,5,3,2011,6,2012,0,58,0,0,0,1,2,35,1,1,2,1,0,0,1,98,6,3,4,0,1,1
51,510560,1,1,1,18,10,15,19,53,0,1,0,51,1,53,709,53709,80,2003,JS1VS54A8321,J,S,1,V,S,5,4,A,8,3,2,1,0,M,SUZI,VL8,RS,3,17,,,,,,,805,,2,,4,531,,,,,,,0,0,000000000,00000000000,0,0,0,1,0,0,0,0,0,0,0,45,0,0,0,12,6,2,35,0,0,0,1,51,20112,6,1,0,0,3,0,65,300,0,0,0,0,0,0,0,0,0,0,0,0,0,0,1,2,45,1,1,2,1,0,0,6,8,2,1,4,6,1,0
51,510561,1,1,1,18,10,12,45,35,0,1,0,51,1,24,5,24005,4,2002,1G8JW54R02Y5,1,G,8,J,W,5,4,R,0,2,Y,5,0,P,STRN,L30,4D,2,17,3198,,0,1065,,G,,F,6,183,,,15R205,,,,,,0,0,000000000,00000000000,0,0,0,1,0,0,0,0,0,0,0,55,0,1,2,11,6,2,1,0,0,0,1,51,23966,6,1,0,0,3,0,69,244,0,0,0,0,0,0,0,0,0,0,0,0,0,0,1,2,55,2,1,2,1,0,0,14,12,1,1,4,6,1,0
51,510562,1,1,2,17,10,6,6,53,0,1,0,51,2,20,471,20471,30,1999,1GCCT19WXXK1,1,G,C,C,T,1,9,W,X,X,K,1,0,T,CHEV,S14,PC,99,17,,1,0,1229,S,G,,,6,262,,,,B,3716,00,,44,0,0,000000000,00000000000,0,0,0,1,0,0,0,0,0,0,0,60,0,1,5,12,6,2,42,0,0,0,1,51,24540,6,2,0,0,3,0,62,100,0,0,0,0,0,0,0,0,0,1,0,0,0,0,1,2,25,3,3,2,1,0,0,14,13,3,1,4,1,1,0
51,510563,1,3,1,18,10,13,0,12,1,1,0,93,3,85,881,85881,66,2005,1XKADB8X35J0,1,X,K,A,D,B,8,X,3,5,J,0,1,T,KW,T60,TR,5,17,,8,2600,1600,CON,D,,,6,893,,,,,00000,00,,64,1,57,01731089,5701731089,3,6,1,1,0,0,0,0,0,0,0,60,0,0,0,12,6,2,12,0,0,0,1,51,20148,6,1,6,0,3,0,67,182,0,0,0,0,0,0,0,0,0,0,0,0,0,0,3,2,70,1,1,2,1,0,0,1,50,2,1,1,20,0,0
51,510563,2,3,1,18,10,13,0,12,1,1,0,51,1,12,401,12401,14,2006,1FMCU95H86KA,1,F,M,C,U,9,5,H,8,6,K,A,0,P,FORD,SPE,UT,6,17,3627,,0,1031,,B,,F,4,140,,,16R235,,,,,,0,0,000000000,00000000000,0,0,0,1,0,0,0,0,0,0,0,0,6,0,0,6,6,2,12,0,0,0,1,51,22315,6,1,0,0,3,0,63,208,0,0,0,0,0,0,0,0,0,0,0,0,0,0,3,2,70,1,1,2,1,0,0,5,60,1,1,1,21,1,0
51,510563,3,3,1,18,10,13,0,12,1,1,0,18,1,82,881,82881,66,2012,1FUJGLDR4CLB,1,F,U,J,G,L,D,R,4,C,L,B,1,T,FRHT,125,TR,12,17,,8,0,0,CSC,D,,,6,903,,,,,00000,00,,64,1,57,00054283,5700054283,3,6,3,1,0,0,0,0,0,0,0,0,0,0,0,14,6,2,54,0,0,0,1,18,46404,6,1,6,0,3,0,72,215,0,0,0,1,0,10,2009,10,2009,0,0,0,0,0,3,2,70,1,1,2,1,0,0,5,60,1,1,1,98,0,0
51,510564,1,1,1,4,10,22,40,8,0,1,0,51,2,20,9,20009,2,1994,2G1FP22S1R21,2,G,1,F,P,2,2,S,1,R,2,1,0,P,CHEV,CAM,CP,94,17,3247,,0,1011,,G,,F,6,207,,,16R215,,,,,,0,0,000000000,00000000000,0,0,0,1,0,0,0,0,0,0,0,45,0,0,0,11,6,2,8,0,0,0,1,51,23831,6,1,0,0,3,3,74,210,0,0,0,1,0,11,2010,11,2010,0,0,0,0,0,2,2,45,1,1,2,1,0,0,1,80,1,1,1,13,0,0
51,510565,1,1,1,21,10,15,37,30,0,1,0,51,1,72,706,72706,80,2005,1HD1CGP135K4,1,H,D,1,C,G,P,1,3,5,K,4,0,M,HD,20C,RS,5,17,,,,,,,1199,,2,,4,554,,,,,,,0,0,000000000,00000000000,0,0,0,1,0,0,0,0,0,0,0,50,0,0,0,2,6,2,30,0,0,0,1,51,23509,6,1,0,0,3,0,74,195,0,0,0,0,0,0,0,0,0,1,0,0,0,0,1,2,35,2,1,2,1,0,0,14,12,2,1,4,98,1,0