STATE,ST_CASE,VEH_NO,VE_FORMS,NUMOCCS,DAY,MONTH,HOUR,MINUTE,HARM_EV,MAN_COLL,UNITTYPE,HIT_RUN,REG_STAT,OWNER,MAKE,MODEL,MAK_MOD,BODY_TYP,MOD_YEAR,VIN,VIN_1,VIN_2,VIN_3,VIN_4,VIN_5,VIN_6,VIN_7,VIN_8,VIN_9,VIN_10,VIN_11,VIN_12,TOW_VEH,VINTYPE,VINMAKE,VINA_MOD,VIN_BT,VINMODYR,VIN_LNGT,VIN_WGT,WGTCD_TR,WHLBS_LG,WHLBS_SH,SER_TR,FUELCODE,MCYCL_DS,CARBUR,CYLINDER,DISPLACE,MCYCL_CY,MCYCL_WT,TIRE_SZE,TON_RAT,TRK_WT,TRKWTVAR,VIN_REST,WHLDRWHL,J_KNIFE,MCARR_I1,MCARR_I2,MCARR_ID,GVWR,V_CONFIG,CARGO_BT,HAZ_INV,HAZ_PLAC,HAZ_ID,HAZ_CNO,HAZ_REL,BUS_USE,SPEC_USE,EMER_USE,TRAV_SP,UNDERIDE,ROLLOVER,ROLINLOC,IMPACT1,DEFORMED,TOWED,M_HARM,VEH_SC1,VEH_SC2,FIRE_EXP,DR_PRES,L_STATE,DR_ZIP,L_STATUS,L_TYPE,CDL_STAT,L_ENDORS,L_COMPL,L_RESTRI,DR_HGT,DR_WGT,PREV_ACC,PREV_SUS,PREV_DWI,PREV_SPD,PREV_OTH,FIRST_MO,FIRST_YR,LAST_MO,LAST_YR,SPEEDREL,DR_SF1,DR_SF2,DR_SF3,DR_SF4,VTRAFWAY,VNUM_LAN,VSPD_LIM,VALIGN,VPROFILE,VPAVETYP,VSURCOND,VTRAFCON,VTCONT_F,P_CRASH1,P_CRASH2,P_CRASH3,PCRASH4,PCRASH5,ACC_TYPE,DEATHS,DR_DRINK
51,510602,1,1,1,3,11,3,23,34,0,1,0,51,1,20,471,20471,30,2001,1GCDT19W11K1,1,G,C,D,T,1,9,W,1,1,K,1,0,T,CHEV,S14,PC,1,17,,1,0,1229,S,G,,,6,262,,,,B,00000,00,,44,0,0,000000000,00000000000,0,0,0,1,0,0,0,0,0,0,0,55,0,1,5,1,6,2,1,0,0,0,1,51,24571,6,1,7,0,3,0,73,180,0,0,0,2,1,8,2010,1,2011,0,58,0,0,0,1,2,55,1,2,2,1,0,0,1,12,8,1,4,6,1,1
51,510603,1,1,1,9,11,21,29,8,0,1,0,51,1,13,14,13014,6,2008,2LMDU88C98BJ,2,L,M,D,U,8,8,C,9,8,B,J,0,P,LINC,MKX,UT,8,17,4419,,0,1112,,G,,F,6,214,,,18R245,,,,,,0,0,000000000,00000000000,0,0,0,1,0,0,0,0,0,0,0,35,0,0,0,1,6,2,8,0,0,0,1,51,23228,6,1,0,0,3,0,67,194,0,0,0,1,0,2,2012,2,2012,0,0,0,0,0,1,2,45,1,1,2,1,0,0,1,80,1,1,1,13,0,0
51,510604,1,1,1,6,11,9,57,1,0,1,0,51,1,12,401,12401,14,2000,1FMYU70E6YUA,1,F,M,Y,U,7,0,E,6,Y,U,A,0,P,FORD,EPR,UT,0,17,3870,,0,1017,,G,,F,6,245,,,15R235,,,,,,0,0,000000000,00000000000,0,0,0,1,0,0,0,0,0,0,0,65,0,2,1,0,6,2,1,0,0,0,1,51,22551,6,1,0,0,3,0,69,145,0,0,0,0,0,0,0,0,0,0,0,0,0,0,3,5,65,1,1,2,1,0,0,1,8,9,1,6,98,1,0
51,510605,1,1,1,3,11,20,47,42,0,1,0,51,2,14,401,14401,14,2000,4M2ZU66E7YUJ,4,M,2,Z,U,6,6,E,7,Y,U,J,0,P,MERC,MOU,UT,0,17,3845,,0,1116,,G,,F,6,245,,,15R225,,,,,,0,0,000000000,00000000000,0,0,0,1,0,0,0,0,0,0,0,998,0,0,0,12,6,2,42,0,0,0,1,51,23464,6,1,0,0,3,0,66,218,0,0,0,0,0,0,0,0,0,0,0,0,0,0,1,2,25,2,1,2,1,0,0,14,12,1,1,4,6,1,0
51,510606,1,1,1,3,11,13,0,24,0,1,0,51,2,53,705,53705,80,2001,JS1GN7BA3121,J,S,1,G,N,7,B,A,3,1,2,1,0,M,SUZI,G60,RC,1,17,,,,,,,600,,4,,4,359,,,,,,,0,0,000000000,00000000000,0,0,0,1,0,0,0,0,0,0,0,80,0,0,0,12,6,2,24,0,0,0,1,51,22211,1,1,0,0,2,0,71,175,0,4,0,1,0,5,2011,1,2012,0,0,0,0,0,2,2,40,1,1,1,1,0,0,1,13,1,1,4,1,1,0
51,510607,1,2,2,13,11,8,0,12,6,1,0,51,1,35,47,35047,4,2000,1N4DL01D2YC1,1,N,4,D,L,0,1,D,2,Y,C,1,0,P,NISS,AGS,4D,0,17,2754,,0,1031,,G,,F,4,146,,,15R195,,,,,,0,0,000000000,00000000000,0,0,0,1,0,0,0,0,0,0,0,45,0,0,0,9,6,2,12,0,0,0,1,51,24184,6,1,0,0,3,0,66,185,1,0,0,0,0,1,2010,1,2010,0,28,0,0,0,1,2,25,2,1,2,2,0,0,14,10,1,1,1,65,2,0
51,510607,2,2,1,13,11,8,0,12,6,1,0,51,3,90,981,90981,50,2009,1BAKBCPA29F2,1,B,A,K,B,C,P,A,2,9,F,2,0,T,BLUI,,,9,17,,,,,,,,,,,,,,,,,,,0,77,777777777,77777777777,3,21,22,1,0,0,0,0,1,0,0,1,0,0,0,12,4,1,12,0,0,0,1,51,24014,6,1,6,1,3,0,66,235,0,0,0,0,0,0,0,0,0,0,29,0,0,0,1,2,25,3,1,2,2,0,0,14,62,1,1,1,64,0,0
51,510608,1,2,2,15,11,7,58,12,2,1,0,51,2,38,402,38402,14,2004,4S2CK58W0443,4,S,2,C,K,5,8,W,0,4,4,3,0,P,ISU,ROD,UT,4,17,3934,,0,1064,,G,,F,6,195,,,000000,,,,,,0,0,000000000,00000000000,0,0,0,1,0,0,0,0,0,0,0,998,0,0,0,12,6,2,12,0,0,0,1,51,23322,6,1,0,0,3,0,63,93,0,0,0,0,0,0,0,0,0,0,28,0,0,0,1,2,35,2,1,2,1,0,0,14,10,1,1,2,50,0,0
51,510608,2,2,1,15,11,7,58,12,2,1,0,51,3,6,441,6441,20,2004,2C8GP64L84R5,2,C,8,G,P,6,4,L,8,4,R,5,0,T,CHRY,LMT,ES,4,17,,1,0,1193,TWC,G,,,6,230,,,,,4141,00,,42,0,0,000000000,00000000000,0,0,0,1,0,0,0,0,0,0,0,998,0,0,0,12,6,2,12,0,0,0,1,51,23323,6,1,0,0,3,0,71,250,0,0,0,1,0,4,2010,4,2010,0,0,0,0,0,1,2,35,3,1,2,1,0,0,14,62,1,1,1,51,1,1
51,510609,1,1,1,4,11,11,30,53,0,1,0,51,1,18,2,18002,4,2003,1G4HP52K63U2,1,G,4,H,P,5,2,K,6,3,U,2,0,P,BUIC,LCF,4D,3,17,3567,,0,1122,,G,,F,6,231,,,15R215,,,,,,0,0,000000000,00000000000,0,0,0,1,0,0,0,0,0,0,0,998,0,0,0,8,6,2,14,0,0,0,1,51,23234,6,1,0,0,3,0,65,215,0,1,0,1,2,6,2010,8,2010,0,0,0,0,0,2,2,35,1,2,2,1,0,0,1,12,2,1,4,6,1,0
51,510610,1,1,1,5,11,9,13,25,0,1,0,51,1,9,442,9442,20,2000,2P4FP25BXYR5,2,P,4,F,P,2,5,B,X,Y,R,5,0,P,PLYM,VOF,SV,0,17,3432,,0,1133,,G,,F,4,148,,,14R205,,,,,,0,0,000000000,00000000000,0,0,0,1,0,0,0,0,0,0,0,45,0,0,0,12,6,2,25,0,0,0,1,51,22713,6,1,0,0,3,0,71,185,0,0,0,0,0,0,0,0,0,1,0,0,0,0,3,2,45,2,2,2,1,40,3,14,12,4,1,4,6,1,0
51,510611,1,1,2,10,11,2,0,53,0,1,0,51,2,54,31,54031,4,1994,JH4DC2388RS0,J,H,4,D,C,2,3,8,8,R,S,0,0,P,ACUR,GSR,2H,94,17,2596,,0,1012,,G,,F,4,110,,,14R195,,,,,,0,0,000000000,00000000000,0,0,0,1,0,0,0,0,0,0,0,60,0,0,0,9,6,2,42,0,0,0,1,51,22742,6,1,0,0,3,0,74,191,1,1,0,1,1,12,2009,10,2011,1,0,0,0,0,1,2,45,1,1,2,1,0,0,1,12,2,1,4,6,2,0
51,510612,1,1,2,17,11,2,16,14,0,1,0,51,1,12,17,12017,4,1996,1FALP52U8TA2,1,F,A,L,P,5,2,U,8,T,A,2,0,P,FORD,TAG,4D,96,17,3347,,0,1085,,G,,F,6,182,,,15R205,,,,,,0,0,000000000,00000000000,0,0,0,1,0,0,0,0,0,0,0,998,0,0,0,12,6,2,14,0,0,0,1,51,23320,6,1,0,0,3,0,73,300,0,0,0,0,0,0,0,0,0,1,0,0,0,0,1,2,25,3,1,2,1,0,0,14,11,2,1,2,11,1,1
51,510613,1,1,2,6,11,13,25,35,0,1,0,51,1,12,17,12017,4,2007,1FAFP56U07A1,1,F,A,F,P,5,6,U,0,7,A,1,0,P,FORD,TEL,4D,7,17,3314,,0,1085,,G,,F,6,183,,,16R215,,,,,,0,0,000000000,00000000000,0,0,0,1,0,0,0,0,0,0,0,55,0,1,5,12,6,2,30,0,0,0,1,51,24639,6,1,0,0,3,0,65,161,0,0,0,0,2,9,2010,4,2012,1,0,0,0,0,3,2,55,2,2,2,1,0,0,14,13,1,1,4,1,1,0
51,510614,1,1,1,17,11,9,3,42,0,1,0,51,1,12,481,12481,31,2004,1FTPX14574NB,1,F,T,P,X,1,4,5,7,4,N,B,0,T,FORD,F15,4C,4,17,,2,1450,1260,COF,G,,,8,330,,,,B,5480,00,U,44,0,0,000000000,00000000000,0,0,0,1,0,0,0,0,0,0,0,65,0,0,0,12,6,2,42,0,0,0,1,51,23061,6,1,0,0,3,3,76,190,1,0,0,1,1,1,2010,8,2012,1,0,0,0,0,2,2,55,1,1,1,1,0,0,1,13,1,1,4,1,1,1
51,510615,1,1,1,17,11,20,56,24,0,1,0,51,2,41,35,41035,4,1999,JM1BJ222XX01,J,M,1,B,J,2,2,2,X,X,0,1,0,P,MAZD,PDL,4D,99,17,2449,,0,1028,,G,,F,4,097,,,14R185,,,,,,0,0,000000000,00000000000,0,0,0,1,0,0,0,0,0,0,0,50,0,0,0,1,6,2,21,0,0,0,1,51,22124,6,1,0,0,3,3,75,185,1,0,0,4,0,1,2010,10,2012,1,0,0,0,0,2,2,35,3,1,2,1,0,0,6,8,1,7,4,2,1,0
51,510616,1,1,1,10,11,19,38,42,0,1,0,51,2,14,17,14017,4,2003,1MEFM50U83G6,1,M,E,F,M,5,0,U,8,3,G,6,0,P,MERC,SGS,4D,3,17,3369,,0,1085,,G,,F,6,182,,,16R215,,,,,,0,0,000000000,00000000000,0,0,0,1,0,0,0,0,0,0,0,70,0,1,5,12,6,2,42,0,0,0,1,51,24557,6,1,0,0,3,0,66,140,0,0,0,0,0,0,0,0,0,1,0,0,0,0,1,2,35,1,1,2,1,0,0,1,12,3,1,4,6,1,1
51,510617,1,1,1,12,11,14,3,9,0,1,0,54,1,20,471,20471,30,1998,1GCCS1441WK2,1,G,C,C,S,1,4,4,1,W,K,2,0,T,CHEV,S14,PK,98,17,,1,1179,1083,S,G,,,4,133,,,,B,3003,00,,42,0,0,000000000,00000000000,0,0,0,1,0,0,0,0,0,0,0,40,0,0,0,12,6,2,9,0,0,0,1,51,22041,6,1,0,0,3,0,68,222,0,0,0,0,1,10,2010,10,2010,0,0,0,0,0,3,2,40,1,2,2,1,0,0,1,83,1,1,1,13,0,0
51,510618,1,1,1,18,11,19,55,32,0,1,0,51,1,12,481,12481,31,1997,1FTEF17WXVNC,1,F,T,E,F,1,7,W,X,V,N,C,0,T,FORD,F15,PK,97,17,,2,1390,1200,COF,G,,,8,281,,,,B,3850,01,E,42,0,0,000000000,00000000000,0,0,0,1,0,0,0,0,0,0,0,45,0,0,0,12,6,2,42,0,0,0,1,51,22432,6,1,0,0,3,0,69,220,0,2,0,1,0,11,2010,1,2011,0,0,0,0,0,1,2,45,3,1,2,1,0,0,14,11,1,1,4,1,1,1
51,510619,1,2,1,10,11,17,55,12,8,1,0,51,1,23,481,23481,31,1997,1GTGK29F9VE5,1,G,T,G,K,2,9,F,9,V,E,5,0,T,GMC,SK2,PC,97,17,,2,1555,1415,SIE,D,,,8,397,,,,C,00000,00,A,44,0,0,000000000,00000000000,0,0,0,1,0,0,0,0,0,0,0,50,0,0,0,11,6,2,42,0,0,0,1,51,23139,6,1,0,0,3,0,72,285,0,0,0,0,0,0,0,0,0,0,51,0,0,0,1,2,55,1,2,2,1,0,0,1,10,1,1,2,64,1,0
51,510619,2,2,1,10,11,17,55,12,8,1,0,51,1,12,481,12481,31,1990,1FTEF15H2LNA,1,F,T,E,F,1,5,H,2,L,N,A,0,T,FORD,F15,PK,90,17,,2,1330,1170,COF,G,,,8,351,,,,B,3535,01,A,42,0,0,000000000,00000000000,0,0,0,1,0,0,0,0,0,0,0,55,0,0,0,9,2,1,12,0,0,0,1,51,23038,6,1,0,0,3,0,69,150,0,0,0,0,0,0,0,0,0,0,0,0,0,0,1,2,55,1,2,2,1,0,0,1,62,1,1,1,65,0,0
51,510620,1,2,1,20,11,11,17,12,2,1,0,51,2,6,16,6016,4,1988,1C3BJ55K2JG3,1,C,3,B,J,5,5,K,2,J,G,3,0,P,CHRY,LEP,CV,88,17,2922,,0,1003,,G,,F,4,153,,,14R195,,,,,,0,0,000000000,00000000000,0,0,0,1,0,0,0,0,0,0,0,60,0,0,0,12,6,2,12,0,0,0,1,51,23439,6,1,0,0,3,0,60,100,0,2,0,0,0,9,2010,6,2011,0,51,0,0,0,1,2,55,2,1,2,1,0,0,14,10,1,1,2,50,1,0
51,510620,2,2,1,20,11,11,17,12,2,1,0,51,1,12,481,12481,31,2007,1FTRX12W67FB,1,F,T,R,X,1,2,W,6,7,F,B,0,T,FORD,F15,4C,7,17,,2,1630,1330,COF,G,,,8,281,,,,B,4979,05,E,42,0,0,000000000,00000000000,0,0,0,1,0,0,0,0,0,0,0,55,0,1,1,12,6,2,12,0,0,0,1,51,23851,6,1,0,0,3,0,62,130,0,0,0,1,0,9,2010,9,2010,0,0,0,0,0,1,2,55,3,1,2,1,0,0,14,62,1,1,1,51,0,0
51,510621,1,1,1,1,11,11,49,42,0,1,0,51,1,41,471,41471,30,1994,4F4DR17X3RTM,4,F,4,D,R,1,7,X,3,R,T,M,0,T,MAZD,4CP,PC,94,17,,1,0,1251,B40,G,,,6,245,,,,,3516,00,A,44,0,0,000000000,00000000000,0,0,0,1,0,0,0,0,0,0,0,30,0,0,0,12,6,2,42,0,0,0,1,51,22810,6,1,0,0,3,0,71,165,0,2,0,0,0,12,2009,7,2010,0,0,0,0,0,1,2,45,1,1,2,1,0,0,1,12,1,1,4,6,1,0
51,510622,1,1,1,21,11,0,23,1,0,1,0,51,1,20,36,20036,2,2002,1G1ND52J52M7,1,G,1,N,D,5,2,J,5,2,M,7,0,P,CHEV,MAL,4D,2,17,3053,,0,1070,,G,,F,6,191,,,15R215,,,,,,0,0,000000000,00000000000,0,0,0,1,0,0,0,0,0,0,0,55,0,2,1,0,6,2,1,0,0,0,1,51,23829,6,1,0,0,3,0,66,138,0,0,0,0,0,0,0,0,0,0,0,0,0,0,1,2,55,1,1,2,1,0,0,1,8,2,7,2,98,1,1
51,510623,1,1,2,14,11,21,50,35,0,1,0,51,1,20,481,20481,31,2002,1GCEK14T22Z1,1,G,C,E,K,1,4,T,2,2,Z,1,0,T,CHEV,SK1,PK,2,17,,2,1330,1190,SIL,G,,,8,325,,,,B,4376,01,,44,0,0,000000000,00000000000,0,0,0,1,0,0,0,0,0,0,0,65,0,1,5,1,6,2,1,0,0,0,1,51,23847,6,1,0,0,3,0,66,160,0,1,0,0,0,1,2011,1,2011,1,0,0,0,0,1,2,55,1,3,2,1,0,0,1,12,3,1,4,6,1,1
51,510624,1,1,1,10,11,20,42,33,0,1,0,51,1,72,706,72706,80,2002,1HD4CKM182K1,1,H,D,4,C,K,M,1,8,2,K,1,0,M,HD,XL3,RS,2,17,,,,,,,883,,2,,4,999,,,,,,,0,0,000000000,00000000000,0,0,0,1,0,0,0,0,0,0,0,45,0,0,0,12,6,2,33,0,0,0,1,51,24153,6,1,0,0,3,0,67,210,0,0,0,0,0,0,0,0,0,0,0,0,0,0,6,1,45,1,1,2,1,0,0,1,13,2,1,4,1,1,1
51,510625,1,1,1,13,11,15,14,8,0,1,0,51,1,12,461,12461,21,2004,1FTRE14W74HB,1,F,T,R,E,1,4,W,7,4,H,B,0,T,FORD,15V,CG,4,17,,2,0,1380,VAN,G,,,8,281,,,,B,00000,00,E,42,0,0,000000000,00000000000,0,0,0,1,0,0,0,0,0,0,0,5,0,0,0,12,0,1,8,0,0,0,1,51,22946,6,1,0,0,3,0,69,190,0,0,0,0,0,0,0,0,0,0,38,0,0,0,1,2,25,1,1,2,1,98,3,10,80,1,1,1,13,0,0
51,510626,1,1,1,16,11,18,35,42,0,1,0,51,1,12,401,12401,14,2004,1FMZU63K44UA,1,F,M,Z,U,6,3,K,4,4,U,A,0,P,FORD,EPR,UT,4,17,4094,,0,1137,,F,,F,6,245,,,16R235,,,,,,0,0,000000000,00000000000,0,0,0,1,0,0,0,0,0,0,0,50,0,0,0,11,6,2,42,0,0,0,1,51,23947,6,1,0,0,3,0,71,168,0,0,0,4,1,9,2010,12,2011,1,0,0,0,0,1,2,55,3,1,2,1,0,0,14,13,1,1,4,1,1,1
51,510627,1,5,2,11,11,13,22,12,2,1,0,51,1,33,34,33034,1,1967,HBJ8L38763,H,B,J,8,L,3,8,7,6,3,,,0,P,AUST,,,67,10,,,,,,,,,,,,,,,,,,,0,0,000000000,00000000000,0,0,0,1,0,0,0,0,0,0,0,45,0,0,0,12,6,2,12,0,0,0,1,51,22314,6,1,0,0,3,0,71,200,0,0,0,0,0,0,0,0,0,1,28,0,0,0,1,2,30,2,1,2,1,0,0,14,10,2,1,2,50,0,0
51,510627,2,5,2,11,11,13,22,12,2,1,0,24,1,72,706,72706,80,2012,1HD1KBM16CB0,1,H,D,1,K,B,M,1,6,C,B,0,0,M,HD,FHX,RS,12,17,,,,,,,1690,,2,,4,785,,,,,,,0,0,000000000,00000000000,0,0,0,1,0,0,0,0,0,0,0,40,0,0,0,12,6,2,12,0,0,0,1,24,21771,6,1,0,0,3,0,67,150,0,0,0,1,0,1,2012,1,2012,1,0,0,0,0,1,2,45,3,1,2,1,0,0,14,62,1,1,1,51,0,0
51,510627,3,5,1,11,11,13,22,12,2,1,0,54,1,72,706,72706,80,2003,1HD1CGP433K4,1,H,D,1,C,G,P,4,3,3,K,4,0,M,HD,20A,RS,3,17,,,,,,,1200,,2,,4,491,,,,,,,0,0,000000000,00000000000,0,0,0,1,0,0,0,0,0,0,0,40,0,0,0,12,6,2,12,0,0,0,1,54,25405,6,1,0,0,3,0,68,215,0,0,0,0,0,0,0,0,0,1,0,0,0,0,1,2,45,3,1,2,1,0,0,14,62,1,1,1,98,0,0
51,510627,4,5,2,11,11,13,22,12,2,1,0,54,1,72,706,72706,80,2007,1HD1FC4197Y6,1,H,D,1,F,C,4,1,9,7,Y,6,0,M,HD,FLU,RS,7,17,,,,,,,1584,,2,,4,808,,,,,,,0,0,000000000,00000000000,0,0,0,1,0,0,0,0,0,0,0,40,0,0,0,12,6,2,12,0,0,0,1,54,25414,6,1,0,0,3,0,73,275,0,0,0,0,0,0,0,0,0,1,0,0,0,0,1,2,45,3,1,2,1,0,0,14,62,2,1,1,98,1,0
51,510627,5,5,1,11,11,13,22,12,2,1,0,24,2,72,706,72706,80,2010,1HD1FMM18AB6,1,H,D,1,F,M,M,1,8,A,B,6,0,M,HD,TTP,RS,10,17,,,,,,,1688,,2,,4,831,,,,,,,0,0,000000000,00000000000,0,0,0,1,0,0,0,0,0,0,0,35,0,0,0,12,6,2,12,0,0,0,1,24,21793,0,0,0,0,0,0,999,999,0,0,0,0,0,0,0,0,0,1,0,0,0,0,1,2,45,3,1,2,1,0,0,14,62,3,1,1,98,0,0
51,510628,1,2,2,26,11,14,0,12,1,1,0,51,2,42,45,42045,1,1998,WDBKK47F7WF0,W,D,B,K,K,4,7,F,7,W,F,0,0,P,MERZ,SLK,CV,98,17,2965,,0,945,,G,,Z,4,140,,,16R205,,,,,,0,0,000000000,00000000000,0,0,0,1,0,0,0,0,0,0,0,45,0,0,0,12,6,2,12,0,0,0,1,51,23109,6,1,0,0,3,3,62,119,0,1,0,0,0,10,2010,10,2010,0,0,0,0,0,3,4,55,1,1,1,1,0,0,1,50,1,1,1,20,1,0
51,510628,2,2,2,26,11,14,0,12,1,1,0,51,1,20,24,20024,6,2009,1GNER23D89S1,1,G,N,E,R,2,3,D,8,9,S,1,0,P,CHEV,TRV,UT,9,17,4790,,0,1189,,G,,F,6,220,,,18R255,,,,,,0,0,000000000,00000000000,0,0,0,1,0,0,0,0,0,0,0,0,0,0,0,6,6,2,12,0,0,0,1,51,23452,6,1,0,0,3,0,72,230,0,0,0,0,0,0,0,0,0,0,0,0,0,0,3,4,55,1,1,1,1,0,0,5,53,1,1,1,21,0,0
51,510629,1,2,1,17,11,8,49,12,6,1,0,51,1,18,7,18007,4,1999,2G4WS52M9X15,2,G,4,W,S,5,2,M,9,X,1,5,0,P,BUIC,CCU,4D,99,17,3353,,0,1090,,G,,F,6,191,,,15R205,,,,,,0,0,000000000,00000000000,0,0,0,1,0,0,0,0,0,0,0,5,0,0,0,1,6,2,12,0,0,0,1,51,23701,6,1,0,0,3,0,61,130,0,0,0,0,0,0,0,0,0,0,38,0,0,0,3,2,35,1,1,2,1,20,3,11,51,1,1,1,98,0,0
51,510629,2,2,1,17,11,8,49,12,6,1,0,51,1,63,34,63034,4,2004,KNAGD1261453,K,N,A,G,D,1,2,6,1,4,5,3,0,P,KIA,OLE,4D,4,17,3281,,0,1063,,G,,F,4,144,,,15R205,,,,,,0,0,000000000,00000000000,0,0,0,1,0,0,0,0,0,0,0,998,0,1,3,9,6,2,1,0,0,0,1,51,23502,6,1,0,0,3,0,66,180,0,0,0,0,0,0,0,0,0,9,0,0,0,0,3,2,35,1,1,2,1,0,0,15,65,2,1,2,98,1,0
51,510630,1,1,1,18,11,21,10,42,0,1,0,51,2,30,47,30047,3,2000,3VWCA21C6YM4,3,V,W,C,A,2,1,C,6,Y,M,4,0,P,VOLK,NGS,2H,0,17,2742,,0,989,,G,,F,4,121,,,16R205,,,,,,0,0,000000000,00000000000,0,0,0,1,0,0,0,0,0,0,0,55,0,0,0,9,6,2,42,0,0,0,1,51,24121,6,2,0,0,3,0,63,95,0,0,0,0,0,0,0,0,0,0,83,0,0,0,1,2,55,1,1,2,1,0,0,1,87,9,1,4,3,1,0
51,510631,1,1,1,20,11,13,54,53,0,1,0,51,2,12,481,12481,31,2010,1FTEX1EW3AFB,1,F,T,E,X,1,E,W,3,A,F,B,0,T,FORD,F15,4C,10,17,,2,1630,1330,COF,G,,,8,281,,,,B,5522,00,7,44,0,0,000000000,00000000000,0,0,0,1,0,0,0,0,0,0,0,60,0,0,0,12,6,2,42,0,0,0,1,51,22572,6,1,0,0,3,0,72,240,0,0,0,0,0,0,0,0,0,1,58,0,0,0,1,2,55,3,3,2,1,0,0,14,13,2,1,4,1,1,1
51,510632,1,1,1,20,11,14,20,35,0,1,0,51,1,12,402,12402,14,2002,1FMYU01132KA,1,F,M,Y,U,0,1,1,3,2,K,A,0,P,FORD,SPE,UT,2,17,3035,,0,1031,,G,,F,6,181,,,15R225,,,,,,0,0,000000000,00000000000,0,0,0,1,0,0,0,0,0,0,0,80,0,1,1,1,6,2,1,0,0,0,1,51,24073,6,1,0,0,3,0,73,230,0,0,0,6,1,6,2010,6,2012,1,0,0,0,0,3,2,70,1,2,2,1,0,0,1,12,2,1,4,6,1,0
51,510633,1,1,1,22,11,16,20,18,0,1,0,51,1,53,705,53705,80,2009,JS1GR7LA0921,J,S,1,G,R,7,L,A,0,9,2,1,0,M,SUZI,SX7,RC,9,17,,,,,,,750,,4,,4,437,,,,,,,0,0,000000000,00000000000,0,0,0,1,0,0,0,0,0,0,0,50,0,0,0,11,6,2,18,0,0,0,1,51,20120,6,1,0,0,3,0,67,180,0,0,0,0,1,7,2012,7,2012,1,0,0,0,0,1,2,45,3,2,2,1,0,0,14,90,1,1,1,12,1,0
51,510634,1,2,1,21,11,8,27,12,6,1,0,51,2,23,421,23421,15,1995,1GKEK13K5SJ7,1,G,K,E,K,1,3,K,5,S,J,7,0,T,GMC,YUK,4W,95,17,,2,0,1175,YUK,G,,,8,350,,,,B,00000,00,M,44,0,0,000000000,00000000000,0,0,0,1,0,0,0,0,0,0,0,998,0,0,0,11,6,2,12,0,0,0,1,51,23224,6,1,0,0,3,0,70,195,0,1,0,2,0,9,2010,6,2011,0,38,0,0,0,3,2,25,1,1,2,1,20,3,11,54,1,1,2,68,0,0
51,510634,2,2,1,21,11,8,27,12,6,1,0,51,1,35,47,35047,4,2005,1N4BL11D55C3,1,N,4,B,L,1,1,D,5,5,C,3,0,P,NISS,ASR,4D,5,17,3101,,0,1102,,G,,F,6,214,,,17R215,,,,,,0,0,000000000,00000000000,0,0,0,1,0,0,0,0,0,0,0,998,0,0,0,12,6,2,12,0,0,0,1,51,23238,6,1,0,0,3,0,64,189,0,0,0,0,0,0,0,0,0,0,0,0,0,0,3,2,25,1,1,2,1,20,3,1,67,1,1,1,69,1,0
51,510635,1,1,1,22,11,14,55,42,0,1,0,51,1,12,481,12481,31,2000,1FTNX21F1YED,1,F,T,N,X,2,1,F,1,Y,E,D,0,T,FORD,F2S,4C,0,17,,2,1580,1418,SRW,D,,,8,444,,,,C,5635,07,E,44,0,0,000000000,00000000000,0,0,0,1,0,0,0,0,0,0,0,55,0,0,0,12,6,2,42,0,0,1,1,51,23838,6,1,0,0,3,0,66,153,0,0,0,0,1,8,2012,8,2012,1,58,0,0,0,1,2,55,2,2,2,1,0,0,14,8,8,7,4,2,1,1
51,510636,1,1,1,22,11,17,0,34,0,1,0,51,2,21,21,21021,4,2000,1G3NL52T0YC3,1,G,3,N,L,5,2,T,0,Y,C,3,0,P,OLDS,A/G,4D,0,17,3022,,0,1070,,G,,F,4,146,,,15R215,,,,,,0,0,000000000,00000000000,0,0,0,1,0,0,0,0,0,0,0,45,0,0,0,5,6,2,42,0,0,0,1,51,23921,6,2,0,0,3,0,66,200,0,0,0,0,0,0,0,0,0,1,0,0,0,0,1,2,35,1,1,2,1,0,0,1,13,2,1,4,1,1,0
51,510637,1,1,3,23,11,6,9,42,0,1,0,24,2,37,31,37031,4,2001,1HGEM22911L0,1,H,G,E,M,2,2,9,1,1,L,0,0,P,HOND,SIX,CP,1,17,2590,,0,1031,,G,,F,4,102,,,15R185,,,,,,0,0,000000000,00000000000,0,0,0,1,0,0,0,0,0,0,0,60,0,0,0,12,6,2,42,0,0,0,1,42,19143,0,0,0,0,0,0,999,999,99,99,99,99,99,99,9999,99,9999,0,0,0,0,0,3,6,55,1,1,1,1,0,0,1,11,1,1,4,1,2,0
51,510638,1,1,2,22,11,22,32,32,0,1,0,51,3,20,471,20471,30,2003,1GCDT13X13K1,1,G,C,D,T,1,3,X,1,3,K,1,0,T,CHEV,S14,CW,3,17,,1,0,1229,S,G,,,6,262,,,,B,4039,00,,44,0,0,000000000,00000000000,0,0,0,1,0,0,0,0,0,0,0,80,0,1,5,1,6,2,1,0,0,0,1,51,22033,6,1,0,0,3,0,70,160,0,5,0,0,0,3,2010,12,2010,1,0,0,0,0,1,2,25,1,1,2,1,0,0,1,13,1,1,4,1,1,1