STATE,ST_CASE,VEH_NO,VE_FORMS,NUMOCCS,DAY,MONTH,HOUR,MINUTE,HARM_EV,MAN_COLL,UNITTYPE,HIT_RUN,REG_STAT,OWNER,MAKE,MODEL,MAK_MOD,BODY_TYP,MOD_YEAR,VIN,VIN_1,VIN_2,VIN_3,VIN_4,VIN_5,VIN_6,VIN_7,VIN_8,VIN_9,VIN_10,VIN_11,VIN_12,TOW_VEH,VINTYPE,VINMAKE,VINA_MOD,VIN_BT,VINMODYR,VIN_LNGT,VIN_WGT,WGTCD_TR,WHLBS_LG,WHLBS_SH,SER_TR,FUELCODE,MCYCL_DS,CARBUR,CYLINDER,DISPLACE,MCYCL_CY,MCYCL_WT,TIRE_SZE,TON_RAT,TRK_WT,TRKWTVAR,VIN_REST,WHLDRWHL,J_KNIFE,MCARR_I1,MCARR_I2,MCARR_ID,GVWR,V_CONFIG,CARGO_BT,HAZ_INV,HAZ_PLAC,HAZ_ID,HAZ_CNO,HAZ_REL,BUS_USE,SPEC_USE,EMER_USE,TRAV_SP,UNDERIDE,ROLLOVER,ROLINLOC,IMPACT1,DEFORMED,TOWED,M_HARM,VEH_SC1,VEH_SC2,FIRE_EXP,DR_PRES,L_STATE,DR_ZIP,L_STATUS,L_TYPE,CDL_STAT,L_ENDORS,L_COMPL,L_RESTRI,DR_HGT,DR_WGT,PREV_ACC,PREV_SUS,PREV_DWI,PREV_SPD,PREV_OTH,FIRST_MO,FIRST_YR,LAST_MO,LAST_YR,SPEEDREL,DR_SF1,DR_SF2,DR_SF3,DR_SF4,VTRAFWAY,VNUM_LAN,VSPD_LIM,VALIGN,VPROFILE,VPAVETYP,VSURCOND,VTRAFCON,VTCONT_F,P_CRASH1,P_CRASH2,P_CRASH3,PCRASH4,PCRASH5,ACC_TYPE,DEATHS,DR_DRINK
51,510707,2,2,1,27,12,19,3,12,1,1,0,12,2,82,881,82881,66,1994,1FUY3MDB3RP4,1,F,U,Y,3,M,D,B,3,R,P,4,1,T,FRHT,FD1,TR,94,17,,8,0,0,CON,D,,,6,661,,,,,00000,00,,64,1,57,21508280,5721508280,3,6,11,1,0,0,0,0,0,0,0,5,0,0,0,6,2,1,12,0,0,0,1,99,99999,9,9,99,9,9,9,999,999,99,99,99,99,99,99,9999,99,9999,0,0,0,0,0,6,2,55,2,1,1,1,0,0,2,53,1,1,1,25,0,0
51,510708,1,2,1,31,12,1,45,12,1,1,0,51,1,20,482,20482,31,2007,3GNFK12317G3,3,G,N,F,K,1,2,3,1,7,G,3,0,T,CHEV,KAV,CW,7,17,,2,0,1300,AVL,F,,,8,323,,,,B,5664,00,,44,0,0,000000000,00000000000,0,0,0,1,0,0,0,0,0,0,0,50,0,0,0,12,6,2,12,0,0,1,1,51,20120,6,1,0,0,3,0,74,280,0,0,0,0,0,0,0,0,0,1,28,0,0,0,2,2,45,1,2,2,1,3,3,1,50,1,1,1,20,1,0
51,510708,2,2,1,31,12,1,45,12,1,1,0,18,3,51,881,51881,66,2011,4V4NC9TJ1BN2,4,V,4,N,C,9,T,J,1,B,N,2,1,T,VOLV,VNL,TR,11,17,,8,0,0,VVN,D,,,6,915,,,,,00000,00,,64,1,18,185452,18185452,3,6,1,1,0,0,0,0,0,0,0,0,0,0,0,6,2,1,12,0,0,0,1,42,17972,6,1,6,0,3,0,67,999,0,0,0,0,0,0,0,0,0,0,0,0,0,0,2,2,45,1,2,2,1,3,3,5,53,1,1,1,21,0,0
51,510709,1,2,2,31,12,14,3,12,6,1,0,51,2,7,442,7442,20,2001,2B8GP54L01R3,2,B,8,G,P,5,4,L,0,1,R,3,0,T,DODG,GES,ES,1,17,,1,0,1193,CAR,G,,,6,230,,,,,4118,00,E,42,0,0,000000000,00000000000,0,0,0,1,0,0,0,0,0,0,0,15,0,0,0,3,6,2,12,0,0,1,1,51,20155,6,1,0,0,3,3,63,114,0,0,0,0,0,0,0,0,0,0,38,0,0,0,1,3,45,1,2,2,1,3,3,11,66,1,1,1,68,0,0
51,510709,2,2,1,31,12,14,3,12,6,1,0,51,3,72,706,72706,80,2009,1HD1FMM169Y6,1,H,D,1,F,M,M,1,6,9,Y,6,0,M,HD,TPI,RS,9,17,,,,,,,1690,,2,,4,831,,,,,,,0,0,000000000,00000000000,0,0,0,1,0,0,0,0,0,0,0,72,0,0,0,12,6,2,12,0,0,1,1,51,20186,6,1,0,0,3,0,68,150,0,0,0,0,0,0,0,0,0,0,0,0,0,0,1,3,45,1,2,2,1,3,3,1,55,2,1,1,69,1,0
51,510710,1,1,1,16,12,1,1,5,0,1,0,51,0,76,731,76731,90,9999,000000000000,0,0,0,0,0,0,0,0,0,0,0,0,0,,,,,,,,,,,,,,,,,,,,,,,,,0,0,000000000,00000000000,0,0,0,1,0,0,0,0,0,0,0,0,0,0,0,0,0,1,5,0,0,0,1,51,23322,6,1,0,0,1,0,70,175,0,0,0,0,0,0,0,0,0,0,99,99,99,99,1,2,25,1,1,2,2,0,0,1,98,1,1,1,0,1,1
51,510711,1,2,1,25,12,1,0,12,1,1,0,0,0,98,701,98701,88,2012,000000000000,0,0,0,0,0,0,0,0,0,0,0,0,0,,,,,,,,,,,,,,,,,,,,,,,,,0,0,000000000,00000000000,0,0,0,1,0,0,0,0,0,0,0,25,0,0,0,6,6,2,12,0,0,0,1,54,24701,2,1,2,0,2,0,72,173,0,0,1,0,0,6,2012,6,2012,0,99,99,99,99,3,2,70,1,1,2,2,0,0,1,53,1,1,1,25,1,0
51,510711,2,2,1,25,12,1,0,12,1,1,0,51,1,20,9,20009,2,2010,2G1FA1EV5A92,2,G,1,F,A,1,E,V,5,A,9,2,0,P,CHEV,CML,CP,10,17,3769,,0,1123,,G,,F,6,220,,,18R245,,,,,,0,0,000000000,00000000000,0,0,0,1,0,0,0,0,0,0,0,70,0,0,0,12,4,1,12,0,0,0,1,51,24084,6,1,0,0,3,0,75,228,0,0,0,0,0,0,0,0,0,0,0,0,0,0,3,2,70,1,1,2,2,0,0,1,51,1,1,1,24,0,0
51,510712,1,3,1,26,12,9,31,12,6,1,0,51,1,12,471,12471,30,2001,1FTZR15E81TA,1,F,T,Z,R,1,5,E,8,1,T,A,0,T,FORD,RNS,PC,1,17,,1,0,1259,RNG,G,,,6,245,,,,B,3599,00,U,44,0,0,000000000,00000000000,0,0,0,1,0,0,0,0,0,0,0,35,0,0,0,11,6,2,12,0,0,1,1,51,22031,6,1,0,0,3,0,65,140,0,0,0,0,0,0,0,0,0,0,87,28,0,0,2,2,35,1,1,2,4,0,0,1,5,1,7,2,64,0,0
51,510712,2,3,1,26,12,9,31,12,6,1,0,51,1,12,37,12037,4,2010,1FAHP3FN2AW2,1,F,A,H,P,3,F,N,2,A,W,2,0,P,FORD,FSE,4D,10,17,2623,,0,1029,,G,,F,4,122,,,15R195,,,,,,0,0,000000000,00000000000,0,0,0,1,0,0,0,0,0,0,0,25,0,0,0,9,6,2,12,0,0,0,1,51,20190,6,1,0,0,3,3,71,165,0,0,0,0,0,0,0,0,0,0,0,0,0,0,2,2,35,1,1,2,4,0,0,1,62,1,1,1,65,1,0
51,510712,3,3,1,26,12,9,31,12,6,1,0,99,9,23,421,23421,15,2008,999999999999,9,9,9,9,9,9,9,9,9,9,9,9,0,,,,,,,,,,,,,,,,,,,,,,,,,0,0,000000000,00000000000,0,0,0,1,0,0,0,0,0,0,0,25,0,0,0,9,6,2,12,0,0,0,1,99,99999,9,1,99,9,9,9,999,999,99,99,99,99,99,99,9999,99,9999,0,0,0,0,0,2,2,35,1,1,2,4,0,0,1,60,1,1,1,98,0,0
51,510713,1,1,1,23,12,15,2,34,0,1,0,51,1,49,32,49032,4,2012,5YFBU4EEXCP0,5,Y,F,B,U,4,E,E,X,C,P,0,0,P,TOYT,CBS,4D,12,17,2734,,0,1024,,G,,F,4,110,,,15R195,,,,,,0,0,000000000,00000000000,0,0,0,1,0,0,0,0,0,0,0,35,0,0,0,11,6,2,34,0,0,0,1,51,23438,6,1,0,0,3,0,63,140,0,0,0,0,0,0,0,0,0,0,0,0,0,0,1,2,55,3,4,2,1,0,0,14,12,1,1,4,6,1,0
51,510714,1,1,2,26,12,12,36,42,0,1,0,51,1,55,33,55033,4,2003,KMHWF25S23A7,K,M,H,W,F,2,5,S,2,3,A,7,0,P,HYUN,SOL,4D,3,17,3181,,0,1063,,G,,F,4,143,,,15R205,,,,,,0,0,000000000,00000000000,0,0,0,1,0,0,0,0,0,0,0,60,0,0,0,12,6,2,42,0,0,0,1,51,23606,6,1,0,0,3,0,62,165,0,0,0,1,0,3,2010,3,2010,1,0,0,0,0,2,2,60,1,1,2,2,0,0,1,13,4,1,4,1,1,0
51,510715,1,1,1,29,12,6,40,8,0,1,0,51,3,20,481,20481,31,2008,1GCHC24K88E1,1,G,C,H,C,2,4,K,8,8,E,1,0,T,CHEV,2CH,PK,8,17,,2,0,1330,SIL,G,,,8,366,,,,C,5308,01,,42,0,0,000000000,00000000000,0,0,0,1,0,0,0,0,0,0,0,40,0,0,0,12,6,2,8,0,0,0,1,51,23453,6,1,0,0,3,0,68,145,0,0,0,0,0,0,0,0,0,0,0,0,0,0,2,4,45,1,1,2,2,0,0,1,80,1,1,1,13,0,0
51,510716,1,3,1,28,11,13,23,12,2,1,0,51,1,37,31,37031,4,1995,JHMCD5645SC0,J,H,M,C,D,5,6,4,5,S,C,0,0,P,HOND,ALX,4D,95,17,2842,,0,1069,,G,,F,4,132,,,14R185,,,,,,0,0,000000000,00000000000,0,0,0,1,0,0,0,0,0,0,0,999,0,0,0,12,6,2,12,0,0,0,1,51,22124,6,1,0,0,3,3,65,170,0,0,0,0,0,0,0,0,0,0,28,51,0,0,1,3,30,1,1,2,1,0,0,1,8,1,7,2,50,1,0
51,510716,2,3,1,28,11,13,23,12,2,1,0,51,1,12,17,12017,4,2012,3FAHP0HA3CR1,3,F,A,H,P,0,H,A,3,C,R,1,0,P,FORD,F/E,4D,12,17,3285,,0,1074,,G,,F,4,152,,,17R225,,,,,,0,0,000000000,00000000000,0,0,0,1,0,0,0,0,0,0,0,4,0,0,0,12,6,2,12,0,0,0,1,51,22030,6,1,0,0,3,3,65,140,0,0,0,0,0,0,0,0,0,0,0,0,0,0,1,2,30,1,1,2,1,0,0,1,62,1,1,1,51,0,0
51,510716,3,3,1,28,11,13,23,12,2,1,0,51,1,37,441,37441,20,2005,5FNRL38485B4,5,F,N,R,L,3,8,4,8,5,B,4,0,P,HOND,UDY,SV,5,17,4475,,0,1181,,G,,F,6,212,,,16R225,,,,,,0,0,000000000,00000000000,0,0,0,1,0,0,0,0,0,0,0,999,0,0,0,12,2,8,12,0,0,0,1,51,22032,6,1,0,0,3,3,63,135,0,0,0,0,0,0,0,0,0,0,0,0,0,0,1,2,30,1,1,2,1,0,0,1,62,1,1,1,98,0,0
51,510717,1,1,2,19,11,5,11,99,99,1,0,51,2,13,5,13005,4,1992,1LNLM81W2NY6,1,L,N,L,M,8,1,W,2,N,Y,6,0,P,LINC,EXC,4D,92,17,4024,,0,1174,,G,,F,8,281,,,15R215,,,,,,0,0,000000000,00000000000,0,0,0,1,0,0,0,0,0,0,0,75,0,0,0,99,6,2,99,0,0,0,1,51,22307,1,1,0,0,2,0,72,150,99,99,99,99,99,99,9999,99,9999,1,0,0,0,0,1,2,35,3,5,1,1,0,0,14,19,1,1,4,99,1,1
53,530001,1,2,4,1,1,2,0,12,2,1,0,53,9,49,50,49050,3,2006,JTKDE1776601,J,T,K,D,E,1,7,7,6,6,0,1,0,P,TOYT,SXC,2H,6,17,2905,,0,1063,,G,,F,4,144,,,17R215,,,,,,0,0,000000000,00000000000,0,0,0,1,0,0,0,0,0,0,0,998,0,0,0,12,6,2,12,0,0,0,1,53,99217,0,0,0,0,0,0,73,165,0,0,0,0,0,0,0,0,0,0,28,58,0,0,1,2,60,1,1,2,1,0,0,1,10,99,4,2,50,3,1
53,530001,2,2,1,1,1,2,0,12,2,1,0,53,1,48,38,48038,4,2007,JF1GD61627G5,J,F,1,G,D,6,1,6,2,7,G,5,0,P,SUBA,I25,4D,7,17,3016,,0,994,,G,,F,4,150,,,16R205,,,,,,0,0,000000000,00000000000,0,0,0,1,0,0,0,0,0,0,0,998,0,0,0,12,6,2,12,0,0,0,1,53,99113,6,1,0,0,3,3,68,165,0,0,0,0,0,0,0,0,0,0,0,0,0,0,1,2,60,1,1,2,1,0,0,1,62,1,1,1,51,1,0
53,530002,1,3,1,3,1,4,50,12,6,1,0,53,2,22,18,22018,4,2004,2G2WP5224411,2,G,2,W,P,5,2,2,4,4,1,1,0,P,PONT,GPG,4D,4,17,3477,,0,1105,,G,,F,6,231,,,16R225,,,,,,0,0,000000000,00000000000,0,0,0,1,0,0,0,0,0,0,0,998,0,0,0,3,6,2,12,0,0,0,1,53,99354,1,1,0,0,2,0,65,165,0,1,0,0,0,12,2010,12,2010,0,39,0,0,0,1,6,60,1,1,2,1,3,3,1,17,1,1,1,87,1,0
53,530002,2,3,1,3,1,4,50,12,6,1,0,53,1,7,472,7472,30,2011,1D7RE3BK7BS6,1,D,7,R,E,3,B,K,7,B,S,6,0,T,DODG,DSL,4C,11,17,,2,0,1313,DAK,G,,,6,225,,,,,4209,00,7,42,0,0,000000000,00000000000,0,0,0,1,0,0,0,0,0,0,0,998,0,0,0,12,6,2,12,0,0,0,1,53,99352,6,1,0,0,3,0,69,215,0,0,0,0,0,0,0,0,0,0,0,0,0,0,1,2,30,1,1,2,1,3,3,1,66,1,1,1,86,0,0
53,530002,3,3,1,3,1,4,50,12,6,1,0,53,1,20,24,20024,6,2010,1GNLVFED0AJ2,1,G,N,L,V,F,E,D,0,A,J,2,0,P,CHEV,TRV,UT,10,17,5066,,0,1189,,G,,F,6,220,,,18R255,,,,,,0,0,000000000,00000000000,0,0,0,1,0,0,0,0,0,0,0,0,0,0,0,12,2,1,12,0,0,0,1,53,99336,6,1,0,0,3,0,69,190,0,0,0,0,0,0,0,0,0,0,0,0,0,0,1,6,60,1,1,2,1,3,3,5,62,1,1,1,98,0,0
53,530003,1,2,2,4,1,16,45,12,6,1,0,53,1,20,36,20036,2,2004,2G1WX12K8491,2,G,1,W,X,1,2,K,8,4,9,1,0,P,CHEV,MSS,CP,4,17,3395,,0,1105,,G,,F,6,231,,,16R225,,,,,,0,0,000000000,00000000000,0,0,0,1,0,0,0,0,0,0,0,998,0,0,0,2,6,2,12,0,0,0,1,53,98264,6,1,0,0,3,0,75,185,0,1,0,2,0,5,2009,9,2009,1,28,0,0,0,1,2,45,4,2,2,2,0,0,6,6,99,4,2,66,2,0
53,530003,2,2,1,4,1,16,45,12,6,1,0,53,1,20,421,20421,15,2006,1GNEK13T26J1,1,G,N,E,K,1,3,T,2,6,J,1,0,P,CHEV,KTA,UT,6,17,5210,,0,1160,,G,,F,8,323,,,16R265,,,,,,0,0,000000000,00000000000,0,0,0,1,0,0,0,0,0,0,0,998,0,0,0,12,6,2,12,0,0,0,1,53,98264,6,1,0,0,3,0,70,150,0,0,0,0,0,0,0,0,0,0,0,0,0,0,1,2,45,4,2,2,2,0,0,14,62,1,1,1,66,0,0
53,530004,1,2,1,8,1,11,0,12,6,1,0,53,1,12,481,12481,31,1996,1FTHX26F1TEA,1,F,T,H,X,2,6,F,1,T,E,A,0,T,FORD,F25,PC,96,17,,2,1550,1390,COF,D,,,8,444,,,,C,5045,00,A,44,0,0,000000000,00000000000,0,0,0,1,0,0,0,0,0,0,0,998,0,0,0,12,6,2,12,0,0,0,1,53,98260,6,1,0,0,3,3,70,156,0,0,0,0,0,0,0,0,0,0,91,0,0,0,1,2,55,1,1,2,1,0,0,11,15,1,1,1,68,0,0
53,530004,2,2,2,8,1,11,0,12,6,1,0,53,1,34,706,34706,80,2006,WB10388096ZM,W,B,1,0,3,8,8,0,9,6,Z,M,0,M,BMW,R00,RS,6,17,,,,,,,1170,,2,,4,505,,,,,,,0,0,000000000,00000000000,0,0,0,1,0,0,0,0,0,0,0,998,0,0,0,10,6,2,12,0,0,0,1,53,98239,6,1,8,0,3,0,70,210,0,0,0,0,0,0,0,0,0,0,0,0,0,0,1,2,55,1,1,2,1,0,0,1,62,1,1,1,69,1,0
53,530005,1,2,1,9,1,15,55,12,2,1,0,53,1,63,402,63402,14,2006,KNDJD7330655,K,N,D,J,D,7,3,3,0,6,5,5,0,P,KIA,SOR,UT,6,17,4112,,0,1067,,G,,F,6,213,,,16R245,,,,,,0,0,000000000,00000000000,0,0,0,1,0,0,0,0,0,0,0,998,7,0,0,12,6,2,12,0,0,0,1,53,98391,6,1,0,0,3,0,70,185,1,10,0,3,10,3,2009,11,2010,0,28,0,0,0,5,4,50,1,1,2,2,0,0,1,10,1,1,2,50,1,0
53,530005,2,2,1,9,1,15,55,12,2,1,0,53,2,7,20,7020,4,2003,1B3ES66S93D1,1,B,3,E,S,6,6,S,9,3,D,1,0,P,DODG,NR4,4D,3,17,2869,,0,1040,,G,,T,4,146,,,15R185,,,,,,0,0,000000000,00000000000,0,0,0,1,0,0,0,0,0,0,0,998,3,0,0,12,6,2,12,0,0,0,1,53,98498,6,1,6,0,3,0,76,200,0,0,0,1,0,8,2009,8,2009,0,0,0,0,0,5,4,50,1,1,2,2,0,0,1,62,1,1,1,51,1,0
53,530006,1,1,1,14,1,19,19,53,0,1,0,53,1,20,421,20421,15,1994,1GNEK18K2RJ3,1,G,N,E,K,1,8,K,2,R,J,3,0,P,CHEV,K15,UT,94,17,4757,,0,1115,,G,,F,8,350,,,000000,,,,,,0,0,000000000,00000000000,0,0,0,1,0,0,0,0,0,0,0,998,0,2,6,12,6,2,42,0,0,0,1,53,98506,6,1,0,0,3,3,70,200,0,2,0,1,4,7,2009,12,2011,1,58,0,0,0,1,2,50,1,4,2,4,0,0,1,12,6,4,4,7,1,1
53,530007,1,1,1,15,1,6,6,25,0,1,0,53,2,99,702,99702,88,2005,5F02T89A5540,5,F,0,2,T,8,9,A,5,5,4,0,0,U,,,,5,17,,,,,,,,,,,,,,,,,,,0,0,000000000,00000000000,0,0,0,1,0,0,0,0,0,0,0,998,0,0,0,12,6,2,25,0,0,0,1,53,98105,1,1,0,0,2,0,73,150,0,0,0,0,0,0,0,0,0,1,0,0,0,0,6,1,30,2,2,1,2,0,0,14,12,99,1,4,6,1,1
53,530008,1,2,1,17,1,15,30,12,1,1,0,53,2,13,1,13001,4,1996,1LNLM83W9TY6,1,L,N,L,M,8,3,W,9,T,Y,6,0,P,LINC,CAR,4D,96,17,4103,,0,1174,,G,,F,8,281,,,16R225,,,,,,0,0,000000000,00000000000,0,0,0,1,0,0,0,0,0,0,0,998,0,0,0,6,6,2,12,0,0,0,1,53,98816,6,1,0,0,3,3,66,132,0,0,0,0,0,0,0,0,0,1,87,0,0,0,1,2,60,3,1,2,3,0,0,14,5,6,4,2,98,1,0
53,530008,2,2,1,17,1,15,30,12,1,1,0,53,3,49,482,49482,31,2007,5TFBT54127X0,5,T,F,B,T,5,4,1,2,7,X,0,0,T,TOYT,DBS,CW,7,17,,2,0,1457,TUN,G,,,8,287,,,,B,5390,00,S,44,0,0,000000000,00000000000,0,0,0,1,0,0,0,0,0,0,0,998,0,0,0,12,6,2,12,0,0,0,1,53,98801,6,1,0,0,3,0,69,200,0,0,0,0,0,0,0,0,0,0,0,0,0,0,1,2,60,2,1,2,3,0,0,14,62,1,1,1,98,0,0
53,530009,1,2,1,17,1,15,40,12,2,1,0,53,2,2,404,2404,14,1998,1J4FJ68S3WL1,1,J,4,F,J,6,8,S,3,W,L,1,0,T,JEEP,SCL,4W,98,17,,1,0,1014,CHK,G,,,6,242,,,,,3249,00,E,44,0,0,000000000,00000000000,0,0,0,1,0,0,0,0,0,0,0,998,0,0,0,12,6,2,12,0,0,0,1,53,98354,6,1,0,0,3,0,74,162,0,0,0,1,2,8,2009,8,2009,0,28,35,0,0,1,2,55,1,1,2,2,0,0,6,54,1,1,2,50,1,0
53,530009,2,2,1,17,1,15,40,12,2,1,0,53,3,12,481,12481,31,2006,1FDXF46P86EA,1,F,D,X,F,4,6,P,8,6,E,A,0,T,FORD,F4D,CB,6,17,,4,2000,1410,DRW,D,,,8,366,,,,,00000,00,U,42,0,0,000000000,00000000000,0,0,0,1,0,0,0,0,0,0,0,998,0,0,0,12,6,2,12,0,0,0,1,53,98022,6,1,8,0,3,0,74,375,1,0,0,1,0,8,2011,12,2011,0,0,0,0,0,1,2,55,1,1,2,2,0,0,1,62,1,1,1,51,0,0
53,530010,1,1,3,22,1,1,10,24,0,1,0,53,1,12,13,12013,4,1997,1FALP13P5VW3,1,F,A,L,P,1,3,P,5,V,W,3,0,P,FORD,EST,4D,97,17,2503,,0,984,,G,,F,4,122,,,14R185,,,,,,0,0,000000000,00000000000,0,0,0,1,0,0,0,0,0,0,0,998,0,0,0,12,6,2,24,0,0,0,1,53,98841,6,1,0,0,3,3,64,130,0,0,0,1,1,5,2010,9,2010,0,87,0,0,0,1,2,60,1,2,2,4,0,0,1,12,6,4,4,7,1,1
53,530011,1,1,1,23,1,4,47,8,0,1,0,53,2,12,422,12422,15,1999,1FMPU18L2XLC,1,F,M,P,U,1,8,L,2,X,L,C,0,P,FORD,EPT,UT,99,17,5177,,0,1191,,G,,F,8,330,,,17R265,,,,,,0,0,000000000,00000000000,0,0,0,1,0,0,0,0,0,0,0,998,0,0,0,12,2,1,8,0,0,0,1,53,98275,6,1,0,0,3,0,60,110,0,0,0,0,0,0,0,0,0,1,87,0,0,0,3,2,60,1,1,2,4,0,0,1,80,1,1,1,13,0,0
53,530012,1,1,2,23,1,4,58,25,0,1,0,53,3,12,16,12016,4,2004,2FAHP71W84X1,2,F,A,H,P,7,1,W,8,4,X,1,0,P,FORD,CVP,4D,4,17,0,,0,1147,,G,,F,8,281,,,000000,,,,,,0,0,000000000,00000000000,0,0,0,1,0,0,0,0,0,0,0,998,0,0,0,12,6,2,25,0,0,0,1,53,98199,6,1,0,0,3,0,70,220,0,0,0,0,3,7,2009,5,2011,1,0,0,0,0,3,3,60,1,2,2,4,0,0,1,6,1,2,4,2,1,0
53,530013,1,2,1,24,1,21,25,12,6,1,0,53,1,20,36,20036,2,1999,2G1WW12M0X92,2,G,1,W,W,1,2,M,0,X,9,2,0,P,CHEV,MLS,CP,99,17,3306,,0,1075,,G,,F,6,191,,,15R205,,,,,,0,0,000000000,00000000000,0,0,0,1,0,0,0,0,0,0,0,998,0,0,0,63,6,2,12,0,0,0,1,53,99212,6,1,0,0,3,0,75,225,0,0,0,0,0,0,0,0,0,1,28,87,0,0,1,3,60,1,1,2,3,0,0,1,6,99,3,2,98,1,0
53,530013,2,2,1,24,1,21,25,12,6,1,0,18,3,82,881,82881,66,2012,1FUNGEDR6CSB,1,F,U,N,G,E,D,R,6,C,S,B,1,T,FRHT,125,TR,12,17,,8,0,0,CSC,D,,,6,903,,,,,00000,00,,84,1,57,312661,57312661,3,6,1,1,0,0,0,0,0,0,0,998,0,0,0,12,2,1,12,0,0,0,1,53,99114,6,1,6,1,3,3,71,200,0,0,0,0,0,0,0,0,0,0,0,0,0,0,1,3,60,1,1,2,3,0,0,1,62,1,1,1,98,0,0
53,530014,1,1,1,25,1,18,20,8,0,1,1,53,1,12,481,12481,31,1998,2FTZX1860WCA,2,F,T,Z,X,1,8,6,0,W,C,A,0,T,FORD,F15,3C,98,17,,1,1570,1390,COF,G,,,8,281,,,,B,4480,01,E,44,0,0,000000000,00000000000,0,0,0,1,0,0,0,0,0,0,0,998,0,0,0,12,2,1,8,0,0,0,1,53,98284,6,1,0,0,3,0,72,100,0,0,0,0,0,0,0,0,0,0,0,0,0,0,1,2,50,1,1,2,2,0,0,1,80,1,1,1,13,0,0
53,530015,1,2,1,19,1,15,25,12,6,1,0,53,3,82,881,82881,66,2002,1FUJA6CG42LJ,1,F,U,J,A,6,C,G,4,2,L,J,1,T,FRHT,COL,TR,2,17,,8,0,0,CON,D,,,6,774,,,,,00000,00,,64,3,57,194997,57194997,3,6,2,2,2,1791,88,8,0,0,0,998,7,0,0,61,6,2,12,0,0,0,1,53,98373,6,1,6,1,3,0,72,215,0,0,0,0,1,2,2009,2,2009,0,0,0,0,0,1,2,60,2,1,2,2,0,0,14,62,1,1,1,65,0,0
53,530015,2,2,1,19,1,15,25,12,6,1,0,16,1,2,405,2405,14,2007,1J4GL48K37W5,1,J,4,G,L,4,8,K,3,7,W,5,0,T,JEEP,SPR,4W,7,17,,1,0,1043,LIB,G,,,6,226,,,,,3864,00,E,44,0,0,000000000,00000000000,0,0,0,1,0,0,0,0,0,0,0,998,3,0,0,12,6,2,12,0,0,0,1,16,83638,6,1,0,0,3,3,64,150,0,0,0,0,0,0,0,0,0,0,28,0,0,0,1,2,60,3,1,2,2,0,0,14,10,1,1,2,64,1,0
53,530016,1,1,2,25,1,22,24,24,0,1,0,53,1,7,482,7482,31,2003,3D7LU38C73G8,3,D,7,L,U,3,8,C,7,3,G,8,0,T,DODG,SQ3,CW,3,17,,2,1605,1405,RPC,D,,,6,359,,,,D,6697,02,E,44,0,0,000000000,00000000000,0,0,0,1,0,0,0,0,0,0,0,998,0,0,0,12,6,2,24,0,0,0,1,53,98282,6,1,0,0,3,0,67,150,1,0,0,0,1,4,2010,12,2010,1,39,0,0,0,1,2,35,1,4,2,2,20,3,1,14,3,1,4,14,1,1
53,530017,1,2,1,30,1,18,22,12,2,1,0,53,1,12,3,12003,2,1966,6R07A217883,6,R,0,7,A,2,1,7,8,8,3,,0,P,FORD,MUS,2T,66,11,2488,,0,1080,,G,,4,8,289,,,146.95,,,,,,0,0,000000000,00000000000,0,0,0,1,0,0,0,0,0,0,0,998,0,0,0,12,6,2,12,0,0,0,1,53,98424,6,1,0,0,3,3,71,180,0,0,0,1,0,5,2010,5,2010,1,0,0,0,0,3,3,60,1,2,1,1,0,0,1,8,99,4,2,98,1,0
53,530017,2,2,1,30,1,18,22,12,2,1,0,53,1,7,482,7482,31,2006,1D7HU18256J2,1,D,7,H,U,1,8,2,5,6,J,2,0,T,DODG,SQ1,CW,6,17,,2,1605,1405,RPC,G,,,8,348,,,,B,5233,02,E,44,0,0,000000000,00000000000,0,0,0,1,0,0,0,0,0,0,0,998,0,0,0,12,2,1,12,0,0,0,1,53,98498,6,1,0,0,3,0,66,120,0,0,0,0,0,0,0,0,0,0,0,0,0,0,3,3,60,1,2,1,1,0,0,1,60,1,1,1,98,0,0
53,530018,1,1,1,28,1,2,11,8,0,1,1,53,1,7,402,7402,14,1999,1B4HR28Y0XF7,1,B,4,H,R,2,8,Y,0,X,F,7,0,P,DODG,DUR,UT,99,17,4144,,0,1159,,G,,F,8,318,,,15R235,,,,,,0,0,000000000,00000000000,0,0,0,1,0,0,0,0,0,0,0,998,0,0,0,12,2,1,8,0,0,0,1,53,99217,1,1,0,0,2,3,61,160,0,1,0,0,2,10,2009,2,2011,0,38,0,0,0,1,4,35,1,1,2,1,0,0,1,80,1,1,1,13,0,1
53,530019,1,1,1,30,1,14,23,35,0,1,0,53,1,12,481,12481,31,2006,1FTSX21Y56EA,1,F,T,S,X,2,1,Y,5,6,E,A,0,T,FORD,F2S,4C,6,17,,2,1580,1420,SRW,G,,,10,415,,,,C,6207,01,U,44,0,0,000000000,00000000000,0,0,0,1,0,0,0,0,0,0,0,998,0,1,6,14,6,2,1,0,0,0,1,53,98394,6,1,0,0,3,3,71,272,1,0,0,1,0,9,2009,12,2009,0,0,0,0,0,1,2,40,1,2,2,1,0,0,1,13,1,1,4,1,1,0