STATE,ST_CASE,VEH_NO,VE_FORMS,NUMOCCS,DAY,MONTH,HOUR,MINUTE,HARM_EV,MAN_COLL,UNITTYPE,HIT_RUN,REG_STAT,OWNER,MAKE,MODEL,MAK_MOD,BODY_TYP,MOD_YEAR,VIN,VIN_1,VIN_2,VIN_3,VIN_4,VIN_5,VIN_6,VIN_7,VIN_8,VIN_9,VIN_10,VIN_11,VIN_12,TOW_VEH,VINTYPE,VINMAKE,VINA_MOD,VIN_BT,VINMODYR,VIN_LNGT,VIN_WGT,WGTCD_TR,WHLBS_LG,WHLBS_SH,SER_TR,FUELCODE,MCYCL_DS,CARBUR,CYLINDER,DISPLACE,MCYCL_CY,MCYCL_WT,TIRE_SZE,TON_RAT,TRK_WT,TRKWTVAR,VIN_REST,WHLDRWHL,J_KNIFE,MCARR_I1,MCARR_I2,MCARR_ID,GVWR,V_CONFIG,CARGO_BT,HAZ_INV,HAZ_PLAC,HAZ_ID,HAZ_CNO,HAZ_REL,BUS_USE,SPEC_USE,EMER_USE,TRAV_SP,UNDERIDE,ROLLOVER,ROLINLOC,IMPACT1,DEFORMED,TOWED,M_HARM,VEH_SC1,VEH_SC2,FIRE_EXP,DR_PRES,L_STATE,DR_ZIP,L_STATUS,L_TYPE,CDL_STAT,L_ENDORS,L_COMPL,L_RESTRI,DR_HGT,DR_WGT,PREV_ACC,PREV_SUS,PREV_DWI,PREV_SPD,PREV_OTH,FIRST_MO,FIRST_YR,LAST_MO,LAST_YR,SPEEDREL,DR_SF1,DR_SF2,DR_SF3,DR_SF4,VTRAFWAY,VNUM_LAN,VSPD_LIM,VALIGN,VPROFILE,VPAVETYP,VSURCOND,VTRAFCON,VTCONT_F,P_CRASH1,P_CRASH2,P_CRASH3,PCRASH4,PCRASH5,ACC_TYPE,DEATHS,DR_DRINK
53,530020,1,1,1,31,1,20,43,8,0,1,0,6,1,72,706,72706,80,2009,1HD4CP2379K4,1,H,D,4,C,P,2,3,7,9,K,4,0,M,HD,L8C,RS,9,17,,,,,,,883,,2,,4,591,,,,,,,0,0,000000000,00000000000,0,0,0,1,0,0,0,0,0,0,0,998,0,0,0,12,6,2,8,0,0,0,1,53,98198,6,1,0,0,3,0,68,160,0,0,0,0,0,0,0,0,0,0,0,0,0,0,3,3,45,1,2,2,2,0,0,1,80,1,1,1,13,0,0
53,530021,1,2,1,26,1,8,18,12,1,1,0,53,3,85,881,85881,66,2008,1XKAD49X38J2,1,X,K,A,D,4,9,X,3,8,J,2,1,T,KW,T60,TR,8,17,,8,2600,1600,CON,D,,,6,915,,,,,00000,00,,64,1,77,777777777,77777777777,3,6,3,1,0,0,0,0,0,0,0,0,7,0,0,6,2,1,12,0,0,0,1,53,99208,6,1,6,1,3,0,71,200,1,0,0,0,1,6,2011,6,2011,0,0,0,0,0,3,3,60,1,2,2,2,0,0,5,53,1,1,1,21,0,0
53,530021,2,2,2,26,1,8,18,12,1,1,0,53,1,49,481,49481,31,1998,JT4TN12D5W00,J,T,4,T,N,1,2,D,5,W,0,0,0,T,TOYT,TXC,PC,98,17,,1,0,1218,T10,G,,,6,206,,,,B,3550,00,M,42,0,0,000000000,00000000000,0,0,0,1,0,0,0,0,0,0,0,998,3,0,0,12,6,2,12,0,0,0,1,53,98682,6,1,0,0,3,0,72,200,0,1,0,3,3,1,2009,6,2010,1,0,0,0,0,3,3,70,1,2,2,2,0,0,1,50,1,1,1,20,2,0
53,530022,1,1,1,2,2,16,21,38,0,1,0,53,2,12,481,12481,31,2004,1FTRF12W94NB,1,F,T,R,F,1,2,W,9,4,N,B,0,T,FORD,F15,PK,4,17,,2,1450,1260,COF,G,,,8,281,,,,B,4810,00,U,42,0,0,000000000,00000000000,0,0,0,1,0,0,0,0,0,0,0,998,0,0,0,12,6,2,42,0,0,0,1,53,98294,6,1,0,0,3,0,69,166,0,0,0,5,0,9,2009,7,2011,0,0,0,0,0,1,2,35,3,2,2,1,0,0,14,13,1,1,4,1,1,0
53,530023,1,3,1,2,2,6,44,12,6,1,0,53,2,41,35,41035,4,1994,JM1BG2244R08,J,M,1,B,G,2,2,4,4,R,0,8,0,P,MAZD,PDX,4D,94,17,2425,,0,984,,G,,F,4,112,,,13R175,,,,,,0,0,000000000,00000000000,0,0,0,1,0,0,0,0,0,0,0,998,3,0,0,11,6,2,12,0,0,0,1,53,98056,6,1,0,0,3,3,67,135,1,0,0,0,2,12,2009,12,2009,9,28,0,0,0,1,4,35,1,1,1,1,0,0,1,10,1,1,2,64,1,0
53,530023,2,3,1,2,2,6,44,12,6,1,0,53,3,98,882,98882,63,2009,1CYCCZ4809T0,1,C,Y,C,C,Z,4,8,0,9,T,0,0,U,,,,9,17,,,,,,,,,,,,,,,,,,,0,57,1461419,571461419,3,2,98,1,0,0,0,0,0,0,0,998,0,0,0,10,2,1,12,0,0,0,1,53,98036,6,1,6,1,3,3,72,230,0,0,0,0,1,2,2010,2,2010,0,0,0,0,0,1,4,35,1,1,1,1,0,0,1,62,1,1,1,65,0,0
53,530023,3,3,1,2,2,6,44,12,6,1,0,53,3,98,882,98882,63,2009,1CYCCZ4899T0,1,C,Y,C,C,Z,4,8,9,9,T,0,0,U,,,,9,17,,,,,,,,,,,,,,,,,,,0,57,1461419,571461419,3,2,98,1,0,0,0,0,0,0,0,998,0,0,0,12,6,2,12,0,0,0,1,53,98058,6,1,6,1,3,0,75,205,0,0,0,0,0,0,0,0,0,0,0,0,0,0,1,4,35,1,1,1,1,0,0,1,62,1,1,1,98,0,0
53,530024,1,2,1,3,2,18,7,12,2,1,0,53,1,14,6,14006,4,2005,2MEFM75W85X6,2,M,E,F,M,7,5,W,8,5,X,6,0,P,MERC,MGL,4D,5,17,4094,,0,1147,,G,,F,8,281,,,16R225,,,,,,0,0,000000000,00000000000,0,0,0,1,0,0,0,0,0,0,0,998,0,0,0,12,6,2,12,0,0,0,1,53,98503,6,1,0,0,3,3,59,180,0,0,0,1,1,3,2010,9,2010,0,28,0,0,0,1,2,35,2,1,2,1,0,0,14,10,1,1,2,50,1,1
53,530024,2,2,5,3,2,18,7,12,2,1,0,53,2,20,421,20421,15,2001,1GNEK13T41R1,1,G,N,E,K,1,3,T,4,1,R,1,0,P,CHEV,KTA,UT,1,17,5050,,0,1160,,G,,F,8,325,,,16R245,,,,,,0,0,000000000,00000000000,0,0,0,1,0,0,0,0,0,0,0,998,0,0,0,12,6,2,12,0,0,0,1,53,98584,6,1,0,0,3,0,64,145,1,0,0,0,1,4,2009,5,2010,0,0,0,0,0,1,2,35,3,1,2,1,0,0,14,62,1,1,1,51,0,0
53,530025,1,1,1,4,2,10,56,9,0,1,0,53,2,12,422,12422,15,2006,1FMFU20556LA,1,F,M,F,U,2,0,5,5,6,L,A,0,P,FORD,EPT,UT,6,17,5606,,0,1190,,G,,F,8,329,,,17R265,,,,,,0,0,000000000,00000000000,0,0,0,1,0,0,0,0,0,0,0,998,0,0,0,12,6,2,9,0,0,0,1,53,98516,6,1,0,0,3,0,66,140,0,0,0,3,0,2,2009,2,2010,0,38,0,0,0,1,2,50,1,1,2,1,0,0,1,83,1,1,1,13,0,0
53,530026,1,1,1,6,2,9,23,42,0,1,0,53,1,35,43,35043,2,1990,1N4GB22B8LC7,1,N,4,G,B,2,2,B,8,L,C,7,0,P,NISS,SEN,2D,90,17,0,,0,957,,G,,F,4,097,,,000000,,,,,,0,0,000000000,00000000000,0,0,0,1,0,0,0,0,0,0,0,998,0,0,0,12,6,2,42,0,0,0,1,53,99208,6,1,0,0,3,3,70,215,0,0,0,0,0,0,0,0,0,0,0,0,0,0,2,2,55,1,2,2,1,0,0,1,13,1,1,4,1,1,1
53,530027,1,1,1,7,2,8,45,10,0,1,0,53,1,2,404,2404,14,2007,1J8GR48KX7C5,1,J,8,G,R,4,8,K,X,7,C,5,0,T,JEEP,LCF,4W,7,17,,1,0,1095,GCK,G,,,6,226,,,,,4376,00,7,44,0,0,000000000,00000000000,0,0,0,1,0,0,0,0,0,0,0,0,0,0,0,11,6,2,10,0,0,0,1,53,99115,1,1,0,0,2,3,68,160,0,1,0,0,0,3,2011,3,2011,0,39,0,0,0,1,2,35,1,1,2,1,65,3,5,98,99,1,1,98,1,0
53,530028,1,1,1,11,2,2,50,18,0,1,0,41,3,98,804,98804,63,2008,5KKMALAVX8PZ,5,K,K,M,A,L,A,V,X,8,P,Z,1,T,WSTR,49S,CC,8,17,,8,0,0,CNV,D,,,6,893,,,,,00000,00,,84,1,57,1065177,571065177,3,4,2,2,2,1203,88,8,0,0,0,998,0,9,6,14,6,2,2,0,0,1,1,41,97058,6,1,6,3,3,0,69,150,0,0,0,0,0,0,0,0,0,0,81,0,0,0,1,2,60,1,1,2,2,0,0,1,90,1,1,1,12,1,0
53,530029,1,1,2,14,2,19,5,33,0,1,0,53,2,20,4,20004,2,1989,1G1YY2186K51,1,G,1,Y,Y,2,1,8,6,K,5,1,0,P,CHEV,CVT,2H,89,17,3229,,0,960,,G,,F,8,350,,,17R275,,,,,,0,0,000000000,00000000000,0,0,0,1,0,0,0,0,0,0,0,998,0,0,0,14,6,2,99,0,0,0,1,53,99206,1,1,0,0,2,0,67,150,0,7,0,0,8,9,2009,10,2011,1,0,0,0,0,5,4,35,1,1,2,2,0,0,1,12,1,1,4,6,2,1
53,530030,1,1,1,14,2,14,43,15,0,1,0,53,2,12,481,12481,31,1996,1FTJW36F8TEA,1,F,T,J,W,3,6,F,8,T,E,A,0,T,FORD,F35,CW,96,17,,2,0,1680,COF,D,,,8,444,,,,D,5635,00,A,44,0,0,000000000,00000000000,0,0,0,1,0,0,0,0,0,0,0,998,0,0,0,12,2,1,15,0,0,0,1,53,98020,6,1,0,0,3,0,71,204,0,0,0,0,0,0,0,0,0,0,38,0,0,0,5,6,50,1,1,2,1,0,0,11,98,1,1,4,13,0,0
53,530031,1,1,1,17,1,16,45,39,0,1,0,53,9,14,401,14401,14,2001,4M2ZU86P31UJ,4,M,2,Z,U,8,6,P,3,1,U,J,0,P,MERC,MOU,UT,1,17,4250,,0,1116,,G,,F,8,302,,,15R235,,,,,,0,0,000000000,00000000000,0,0,0,1,0,0,0,0,0,0,0,998,0,0,0,6,6,2,39,0,0,0,1,41,97355,6,1,0,0,3,3,63,135,1,0,0,1,0,6,2009,5,2011,1,87,0,0,0,3,2,60,1,9,2,3,0,0,1,6,1,4,4,7,1,0
53,530032,1,1,3,14,2,22,35,53,0,1,0,16,1,21,20,21020,4,1989,2G3AJ51W0K23,2,G,3,A,J,5,1,W,0,K,2,3,0,P,OLDS,CCI,4D,89,17,2642,,0,1049,,G,,F,6,173,,,14R185,,,,,,0,0,000000000,00000000000,0,0,0,1,0,0,0,0,0,0,0,51,0,1,6,12,6,2,1,0,0,0,1,16,83856,6,1,6,0,3,0,69,215,0,0,0,0,0,0,0,0,0,0,0,0,0,0,5,2,60,2,1,2,1,0,0,14,12,1,1,4,6,2,0
53,530033,1,2,1,15,2,5,54,8,0,1,0,53,2,20,421,20421,15,2005,1GNEK13T55J2,1,G,N,E,K,1,3,T,5,5,J,2,0,P,CHEV,KTA,UT,5,17,5192,,0,1160,,G,,F,8,325,,,16R265,,,,,,0,0,000000000,00000000000,0,0,0,1,0,0,0,0,0,0,0,998,0,0,0,12,2,1,8,0,0,0,1,53,99205,6,1,0,0,3,0,69,165,0,0,0,0,0,0,0,0,0,0,0,0,0,0,5,4,45,1,1,2,4,0,0,1,80,1,1,1,13,0,0
53,530033,2,2,1,15,2,5,54,8,0,1,0,53,1,41,35,41035,4,2003,JM1BJ2255311,J,M,1,B,J,2,2,5,5,3,1,1,0,P,MAZD,PDS,4D,3,17,2634,,0,1028,,G,,F,4,122,,,000000,,,,,,0,0,000000000,00000000000,0,0,0,1,0,0,0,0,0,0,0,998,0,0,0,14,2,1,8,0,0,0,1,53,99026,6,1,0,0,3,3,70,195,0,0,0,0,0,0,0,0,0,0,0,0,0,0,5,4,45,1,1,2,4,0,0,1,80,1,1,1,98,0,0
53,530034,1,1,1,17,2,17,45,8,0,1,0,53,2,20,401,20401,14,2003,1GNDT13S3321,1,G,N,D,T,1,3,S,3,3,2,1,0,P,CHEV,TRL,UT,3,17,4600,,0,1130,,G,,F,6,256,,,16R245,,,,,,0,0,000000000,00000000000,0,0,0,1,0,0,0,0,0,0,0,998,0,0,0,12,2,1,8,0,0,0,1,53,98948,6,1,0,0,3,3,65,210,1,0,0,0,1,8,2009,8,2009,0,0,0,0,0,1,2,50,1,1,2,2,0,0,1,80,6,1,1,13,0,0
53,530035,1,1,1,17,2,20,15,8,0,1,0,16,1,49,442,49442,20,2001,4T3ZF13C71U3,4,T,3,Z,F,1,3,C,7,1,U,3,0,P,TOYT,SIE,SV,1,17,3932,,0,1142,,G,,F,6,183,,,15R205,,,,,,0,0,000000000,00000000000,0,0,0,1,0,0,0,0,0,0,0,998,0,0,0,12,6,2,8,0,0,0,1,53,99009,6,1,0,0,3,3,68,160,0,0,0,1,0,10,2010,10,2010,0,0,0,0,0,1,2,60,1,1,2,1,0,0,1,80,1,1,1,13,0,0
53,530036,1,1,1,12,2,5,57,8,0,1,0,53,3,12,16,12016,4,2008,2FAHP71V88X1,2,F,A,H,P,7,1,V,8,8,X,1,0,P,FORD,CVP,4D,8,17,0,,0,1146,,F,,F,8,281,,,17R235,,,,,,0,0,000000000,00000000000,0,0,0,1,0,0,0,0,0,0,0,998,0,0,0,14,6,2,8,0,0,0,1,53,98277,6,1,0,0,3,0,73,195,1,0,0,0,0,3,2011,3,2011,0,16,0,0,0,1,2,30,2,2,2,1,0,0,14,80,1,1,1,13,0,0
53,530037,1,2,2,18,2,16,4,12,2,1,0,41,1,20,421,20421,15,2007,1GNFK13017R1,1,G,N,F,K,1,3,0,1,7,R,1,0,P,CHEV,KTA,UT,7,17,5706,,0,1160,,F,,F,8,323,,,17R265,,,,,,0,0,000000000,00000000000,0,0,0,1,0,0,0,0,0,0,0,998,0,0,0,12,6,2,12,0,0,0,1,41,97203,6,1,0,0,3,0,70,170,0,0,0,1,0,6,2009,6,2009,0,38,0,0,0,1,2,35,2,2,2,2,0,0,11,15,1,1,2,68,0,1
53,530037,2,2,2,18,2,16,4,12,2,1,0,53,1,49,471,49471,30,1993,4TARN81A3PZ0,4,T,A,R,N,8,1,A,3,P,Z,0,0,T,TOYT,USS,PK,93,17,,1,0,1029,UHT,G,,,4,144,,,,B,2640,00,A,42,0,0,000000000,00000000000,0,0,0,1,0,0,0,0,0,0,0,998,0,0,0,12,6,2,12,0,0,0,1,53,98642,6,1,0,0,3,0,64,180,0,0,0,0,0,0,0,0,0,0,0,0,0,0,1,2,35,3,2,2,2,0,0,14,62,1,1,1,69,1,0
53,530038,1,2,1,18,2,11,9,30,0,1,0,53,1,51,47,51047,4,2006,YV1RH5929625,Y,V,1,R,H,5,9,2,9,6,2,5,0,P,VOLV,S6A,4D,6,17,3603,,0,1069,,G,,T,5,154,,,16R205,,,,,,0,0,000000000,00000000000,0,0,0,1,0,0,0,0,0,0,0,998,0,1,6,7,6,2,1,0,0,0,1,53,98547,6,1,0,0,3,0,69,210,0,0,0,0,0,0,0,0,0,0,0,0,0,0,1,2,50,1,1,2,2,0,0,1,8,7,3,4,2,1,1
53,530038,2,2,1,18,2,11,9,30,0,1,0,53,1,49,472,49472,30,1996,4TAWN74N1TZ1,4,T,A,W,N,7,4,N,1,T,Z,1,0,T,TOYT,TR5,PC,96,17,,1,0,1219,TAC,G,,,6,206,,,,B,3400,00,M,44,0,0,000000000,00000000000,0,0,0,1,0,0,0,0,0,0,0,998,0,0,0,12,6,2,59,0,0,0,1,53,98595,6,1,0,0,3,0,71,180,0,0,0,0,2,11,2009,8,2010,0,0,0,0,0,1,2,50,1,1,2,2,0,0,1,62,7,1,4,98,0,0
53,530039,1,2,2,19,2,0,25,12,6,1,0,53,1,20,481,20481,31,1999,1GCEK19T8XE1,1,G,C,E,K,1,9,T,8,X,E,1,0,T,CHEV,SK1,3C,99,17,,2,1575,1435,SIL,G,,,8,325,,,,B,4621,00,,44,0,0,000000000,00000000000,0,0,0,1,0,0,0,0,0,0,0,998,0,0,0,12,6,2,12,0,0,0,1,53,98042,6,1,0,0,3,0,73,190,2,0,0,0,0,2,2010,8,2010,1,39,0,0,0,1,2,35,1,2,2,1,20,3,1,17,1,1,1,86,0,1
53,530039,2,2,2,19,2,0,25,12,6,1,0,53,1,7,21,7021,6,2007,2D4GZ47V47H6,2,D,4,G,Z,4,7,V,4,7,H,6,0,P,DODG,MGN,UT,7,17,4048,,0,1200,,G,,F,6,214,,,18R225,,,,,,0,0,000000000,00000000000,0,0,0,1,0,0,0,0,0,0,0,998,0,0,0,3,6,2,12,0,0,0,1,53,98022,6,1,0,0,3,3,60,150,0,0,0,0,0,0,0,0,0,0,0,0,0,0,1,2,45,1,2,2,1,0,0,1,66,1,1,1,87,1,0
53,530040,1,1,1,20,2,3,52,25,0,1,0,53,1,37,705,37705,80,1998,JH2PC2505WM7,J,H,2,P,C,2,5,0,5,W,M,7,0,M,HOND,RF3,RC,98,17,,,,,,,600,,4,,4,412,,,,,,,0,0,000000000,00000000000,0,0,0,1,0,0,0,0,0,0,0,99,0,0,0,12,6,2,25,0,0,0,1,53,98040,6,1,0,0,3,0,68,172,0,0,0,1,0,11,2010,11,2010,1,0,0,0,0,6,1,60,3,2,1,1,0,0,14,13,1,1,4,1,1,1
53,530041,1,2,1,21,2,14,54,12,6,1,0,53,1,73,705,73705,80,2009,JKAEXEC149DA,J,K,A,E,X,E,C,1,4,9,D,A,0,M,KAWK,E6C,RC,9,17,,,,,,,649,,2,,4,441,,,,,,,0,0,000000000,00000000000,0,0,0,1,0,0,0,0,0,0,0,998,0,0,0,12,6,2,12,0,0,0,1,53,99216,6,1,0,0,2,3,70,135,0,0,0,3,0,6,2009,3,2010,0,39,0,0,0,3,2,30,1,1,2,1,3,3,1,17,1,1,1,69,1,0
53,530041,2,2,1,21,2,14,54,12,6,1,0,53,2,20,481,20481,31,1988,2GCEK14K1J13,2,G,C,E,K,1,4,K,1,J,1,3,0,T,CHEV,GK1,PK,88,17,,2,1315,1175,GM4,G,,,8,350,,,,B,4097,01,,44,0,0,000000000,00000000000,0,0,0,1,0,0,0,0,0,0,0,998,0,0,0,1,6,2,12,0,0,0,1,53,98802,6,1,0,0,3,0,71,200,0,0,0,1,2,9,2010,6,2011,0,0,0,0,0,3,2,30,1,1,2,1,3,3,11,15,1,1,1,68,0,0
53,530042,1,2,1,22,2,3,56,12,2,1,0,53,1,52,34,52034,4,2000,4A3AA46G3YE0,4,A,3,A,A,4,6,G,3,Y,E,0,0,P,MITS,GES,4D,0,17,3075,,0,1037,,G,,F,4,143,,,15R195,,,,,,0,0,000000000,00000000000,0,0,0,1,0,0,0,0,0,0,0,998,0,0,0,12,6,2,12,0,0,0,1,53,98077,6,1,0,0,3,0,68,168,0,0,0,0,0,0,0,0,0,0,51,0,0,0,3,3,60,1,1,2,2,0,0,1,54,1,1,1,50,1,1
53,530042,2,2,1,22,2,3,56,12,2,1,0,53,3,87,881,87881,63,1998,1NPFLB9XXWD4,1,N,P,F,L,B,9,X,X,W,D,4,0,T,PTRB,378,CC,98,17,,8,0,0,CON,D,,,6,893,,,,,00000,00,,64,0,57,532758,57532758,3,2,4,1,0,0,0,0,0,0,0,998,0,0,0,12,6,2,12,0,0,0,1,53,98251,6,1,6,1,3,0,72,330,0,0,0,2,0,4,2010,10,2011,0,0,0,0,0,3,3,60,1,1,2,2,0,0,1,62,1,1,1,51,0,0
53,530043,1,2,1,23,2,21,19,12,2,1,0,53,3,20,481,20481,31,2011,1GC2KXE8XBZ2,1,G,C,2,K,X,E,8,X,B,Z,2,0,T,CHEV,2K2,4C,11,17,,2,1582,1442,SIL,D,,,8,403,,,,C,7105,01,,44,0,0,000000000,00000000000,0,0,0,1,0,0,0,0,0,0,0,998,0,0,0,12,6,2,12,0,0,0,1,53,98563,6,1,6,0,3,3,73,280,0,0,0,2,0,5,2010,11,2011,0,28,0,0,0,1,2,35,2,1,2,2,0,0,14,10,7,9,2,50,1,1
53,530043,2,2,1,23,2,21,19,12,2,1,0,53,3,85,881,85881,66,1995,1XKDPR0X5SS6,1,X,K,D,P,R,0,X,5,S,S,6,1,T,KW,T80,TR,95,17,,8,0,1600,CON,D,,,6,774,,,,,00000,00,,,1,57,235585,57235585,3,6,1,1,0,0,0,0,0,0,0,998,0,0,0,12,6,2,12,0,0,0,1,53,98584,6,1,6,1,3,3,67,175,0,0,0,0,1,5,2009,5,2009,0,0,0,0,0,1,2,45,3,1,2,2,0,0,14,62,3,1,1,51,0,0
53,530044,1,2,2,24,2,19,57,12,2,1,0,40,1,12,4,12004,2,1995,1FALP62WXSH2,1,F,A,L,P,6,2,W,X,S,H,2,0,P,FORD,THL,2D,95,17,3536,,0,1130,,G,,F,8,281,,,15R205,,,,,,0,0,000000000,00000000000,0,0,0,1,0,0,0,0,0,0,0,998,0,0,0,12,6,2,12,0,0,0,1,53,98383,6,1,0,0,3,0,70,171,0,0,0,0,0,0,0,0,0,1,51,91,0,0,1,2,45,1,1,2,2,0,0,1,62,1,1,1,51,0,0
53,530044,2,2,1,24,2,19,57,12,2,1,0,53,1,37,33,37033,2,1986,JHMAB7228GC0,J,H,M,A,B,7,2,2,8,G,C,0,0,P,HOND,P18,CP,86,17,2293,,0,965,,G,,3,4,112,,,13R185,,,,,,0,0,000000000,00000000000,0,0,0,1,0,0,0,0,0,0,0,998,0,0,0,12,6,2,12,0,0,0,1,53,98380,6,1,0,0,3,3,68,180,0,0,0,0,0,0,0,0,0,0,51,0,0,0,1,2,45,1,1,2,2,0,0,1,10,1,1,2,50,1,0
53,530045,1,2,1,24,2,5,47,12,1,1,0,6,1,49,401,49401,14,2005,JTEZU14R3500,J,T,E,Z,U,1,4,R,3,5,0,0,0,P,TOYT,RUN,UT,5,17,4070,,0,1098,,G,,F,6,244,,,17R265,,,,,,0,0,000000000,00000000000,0,0,0,1,0,0,0,0,0,0,0,998,0,0,0,12,6,2,12,0,0,0,1,13,31055,6,1,6,0,3,0,70,185,98,1,0,1,0,6,2009,9,2009,0,0,0,0,0,6,1,40,1,1,2,1,0,0,1,51,1,1,1,24,1,0
53,530045,2,2,1,24,2,5,47,12,1,1,0,53,1,24,401,24401,14,2008,3GSDL43N98S5,3,G,S,D,L,4,3,N,9,8,S,5,0,P,STRN,VUE,UT,8,17,4325,,0,1066,,G,,F,6,214,,,16R235,,,,,,0,0,000000000,00000000000,0,0,0,1,0,0,0,0,0,0,0,998,0,0,0,6,2,1,12,0,0,0,1,53,98584,6,1,0,0,3,0,74,235,0,0,0,0,0,0,0,0,0,0,0,0,0,0,6,1,40,1,1,2,1,0,0,1,53,1,1,1,25,0,0
53,530046,1,1,1,25,2,19,20,8,0,1,0,53,1,2,404,2404,14,1997,1J4FJ68S0VL5,1,J,4,F,J,6,8,S,0,V,L,5,0,T,JEEP,SPT,4W,97,17,,1,0,1014,CHK,G,,,6,242,,,,,3244,00,E,44,0,0,000000000,00000000000,0,0,0,1,0,0,0,0,0,0,0,998,0,0,0,12,2,1,8,0,0,0,1,53,98226,6,1,0,0,3,0,71,200,0,1,0,0,1,5,2009,7,2010,0,0,0,0,0,5,4,35,1,1,2,2,0,0,1,80,6,1,2,13,0,0
53,530047,1,2,1,26,2,7,25,12,6,1,0,53,2,49,32,49032,4,1998,1NXBR12E6WZ1,1,N,X,B,R,1,2,E,6,W,Z,1,0,P,TOYT,UVL,4D,98,17,2414,,0,970,,G,,F,4,109,,,14R175,,,,,,0,0,000000000,00000000000,0,0,0,1,0,0,0,0,0,0,0,998,0,0,0,9,6,2,12,0,0,0,1,41,97062,6,1,0,0,3,0,74,220,0,0,0,2,0,4,2010,4,2010,1,28,58,0,0,1,2,55,3,3,2,2,0,0,14,10,6,3,2,64,1,1
53,530047,2,2,3,26,2,7,25,12,6,1,0,53,1,20,481,20481,31,1998,1GCHK33F6WF0,1,G,C,H,K,3,3,F,6,W,F,0,0,T,CHEV,GK3,CW,98,17,,2,0,1685,GM4,D,,,8,397,,,,D,00000,00,,44,0,0,000000000,00000000000,0,0,0,1,0,0,0,0,0,0,0,998,0,0,0,12,6,2,12,0,0,0,1,53,98604,6,1,6,0,3,3,72,190,0,0,0,0,2,12,2009,4,2011,0,0,0,0,0,1,2,55,2,3,2,2,0,0,14,62,1,1,1,65,0,0
53,530048,1,1,3,28,2,16,20,8,0,1,0,53,1,12,481,12481,31,2005,1FTWX31555EC,1,F,T,W,X,3,1,5,5,5,E,C,0,T,FORD,F3S,4C,5,17,,3,1580,1418,SRW,G,,,8,330,,,,D,6347,00,U,44,0,0,000000000,00000000000,0,0,0,1,0,0,0,0,0,0,0,998,0,0,0,6,2,4,8,0,0,0,1,53,99350,6,1,0,0,3,0,72,214,0,0,0,1,1,5,2009,7,2011,0,38,0,0,0,1,2,25,4,1,2,1,0,0,13,98,1,1,1,92,0,0
53,530049,1,1,1,29,2,9,9,9,0,1,0,53,1,55,35,55035,4,2000,KMHJF35F3YU0,K,M,H,J,F,3,5,F,3,Y,U,0,0,P,HYUN,EGS,4D,0,17,2626,,0,1004,,G,,F,4,121,,,14R195,,,,,,0,0,000000000,00000000000,0,0,0,1,0,0,0,0,0,0,0,998,0,0,0,12,6,2,9,0,0,0,1,53,98003,6,1,0,0,3,0,61,163,0,0,0,0,0,0,0,0,0,0,0,0,0,0,5,2,40,1,2,1,2,0,0,1,80,6,1,2,13,0,0
53,530050,1,2,1,1,3,16,16,12,2,1,0,6,3,82,881,82881,66,2006,1FUJBBCK16LW,1,F,U,J,B,B,C,K,1,6,L,W,1,T,FRHT,ST2,TR,6,17,,8,0,0,CON,D,,,6,855,,,,,00000,00,,64,1,57,145515,57145515,3,6,1,1,0,0,0,0,0,0,0,998,7,0,0,12,6,2,12,0,0,0,1,6,93638,6,1,6,1,3,0,72,169,2,0,0,1,2,5,2009,8,2011,0,33,38,0,0,1,2,60,2,1,2,1,0,0,6,10,1,1,2,50,0,0
53,530050,2,2,3,1,3,16,16,12,2,1,0,53,2,35,32,35032,2,1997,1N4AB42DXVC5,1,N,4,A,B,4,2,D,X,V,C,5,0,P,NISS,2SE,CP,97,17,2252,,0,998,,G,,F,4,097,,,13R175,,,,,,0,0,000000000,00000000000,0,0,0,1,0,0,0,0,0,0,0,998,0,0,0,12,6,2,12,0,0,0,1,53,98847,6,1,0,0,3,3,65,212,0,0,0,0,0,0,0,0,0,0,0,0,0,0,1,2,60,3,1,2,1,0,0,14,62,6,1,2,51,2,0
53,530051,1,3,1,2,3,14,36,12,1,1,0,53,1,49,40,49040,4,1994,4T1SK12E6RU4,4,T,1,S,K,1,2,E,6,R,U,4,0,P,TOYT,CLE,4D,94,17,3086,,0,1031,,G,,F,4,132,,,14R195,,,,,,0,0,000000000,00000000000,0,0,0,1,0,0,0,0,0,0,0,998,0,0,0,12,6,2,12,0,0,0,1,53,98032,6,1,0,0,3,0,70,150,2,0,0,0,0,4,2009,7,2009,0,26,0,0,0,3,5,60,1,2,1,2,0,0,1,51,1,1,1,24,0,0
53,530051,2,3,2,2,3,14,36,12,1,1,0,53,1,49,32,49032,4,1992,1NXAE91A3NZ3,1,N,X,A,E,9,1,A,3,N,Z,3,0,P,TOYT,COA,4D,92,17,2253,,0,957,,G,,F,4,097,,,13R155,,,,,,0,0,000000000,00000000000,0,0,0,1,0,0,0,0,0,0,0,998,0,0,0,6,6,2,12,0,0,0,1,53,98178,6,1,0,0,3,3,73,325,1,0,0,0,0,6,2010,6,2010,0,0,0,0,0,3,5,60,1,2,1,2,0,0,1,53,1,1,1,25,1,0
53,530051,3,3,1,2,3,14,36,12,1,1,0,45,2,35,47,35047,4,1997,1N4BU31D5VC2,1,N,4,B,U,3,1,D,5,V,C,2,0,P,NISS,AGS,4D,97,17,2756,,0,1031,,G,,F,4,146,,,15R205,,,,,,0,0,000000000,00000000000,0,0,0,1,0,0,0,0,0,0,0,998,0,0,0,12,2,1,12,0,0,0,1,53,98003,6,1,0,0,3,0,64,123,0,0,0,2,0,3,2010,5,2011,0,0,0,0,0,3,5,60,1,2,1,2,0,0,1,62,1,1,1,98,0,0