STATE,ST_CASE,VEH_NO,VE_FORMS,NUMOCCS,DAY,MONTH,HOUR,MINUTE,HARM_EV,MAN_COLL,UNITTYPE,HIT_RUN,REG_STAT,OWNER,MAKE,MODEL,MAK_MOD,BODY_TYP,MOD_YEAR,VIN,VIN_1,VIN_2,VIN_3,VIN_4,VIN_5,VIN_6,VIN_7,VIN_8,VIN_9,VIN_10,VIN_11,VIN_12,TOW_VEH,VINTYPE,VINMAKE,VINA_MOD,VIN_BT,VINMODYR,VIN_LNGT,VIN_WGT,WGTCD_TR,WHLBS_LG,WHLBS_SH,SER_TR,FUELCODE,MCYCL_DS,CARBUR,CYLINDER,DISPLACE,MCYCL_CY,MCYCL_WT,TIRE_SZE,TON_RAT,TRK_WT,TRKWTVAR,VIN_REST,WHLDRWHL,J_KNIFE,MCARR_I1,MCARR_I2,MCARR_ID,GVWR,V_CONFIG,CARGO_BT,HAZ_INV,HAZ_PLAC,HAZ_ID,HAZ_CNO,HAZ_REL,BUS_USE,SPEC_USE,EMER_USE,TRAV_SP,UNDERIDE,ROLLOVER,ROLINLOC,IMPACT1,DEFORMED,TOWED,M_HARM,VEH_SC1,VEH_SC2,FIRE_EXP,DR_PRES,L_STATE,DR_ZIP,L_STATUS,L_TYPE,CDL_STAT,L_ENDORS,L_COMPL,L_RESTRI,DR_HGT,DR_WGT,PREV_ACC,PREV_SUS,PREV_DWI,PREV_SPD,PREV_OTH,FIRST_MO,FIRST_YR,LAST_MO,LAST_YR,SPEEDREL,DR_SF1,DR_SF2,DR_SF3,DR_SF4,VTRAFWAY,VNUM_LAN,VSPD_LIM,VALIGN,VPROFILE,VPAVETYP,VSURCOND,VTRAFCON,VTCONT_F,P_CRASH1,P_CRASH2,P_CRASH3,PCRASH4,PCRASH5,ACC_TYPE,DEATHS,DR_DRINK
53,530119,1,2,1,6,5,16,34,12,8,1,0,53,2,99,709,99709,80,2005,5L5SY1665510,5,L,5,S,Y,1,6,6,5,5,1,0,0,U,,,,5,17,,,,,,,,,,,,,,,,,,,0,0,000000000,00000000000,0,0,0,1,0,0,0,0,0,0,0,998,0,0,0,81,6,2,12,0,0,0,1,53,98203,6,1,6,0,3,0,74,260,0,0,0,0,2,10,2009,11,2011,1,0,0,0,0,1,2,25,2,1,2,1,0,0,14,10,1,4,2,64,1,1
53,530119,2,2,1,6,5,16,34,12,8,1,0,53,2,42,50,42050,6,2006,4JGCB65EX6A0,4,J,G,C,B,6,5,E,X,6,A,0,0,P,MERZ,R35,UT,6,17,4829,,0,1124,,G,,F,6,213,,,17R235,,,,,,0,0,000000000,00000000000,0,0,0,1,0,0,0,0,0,0,0,998,0,0,0,61,6,2,12,0,0,0,1,53,98012,6,1,0,0,3,0,63,110,0,0,0,0,0,0,0,0,0,0,0,0,0,0,1,2,25,3,1,2,1,0,0,14,62,9,1,1,65,0,0
53,530120,1,1,1,6,5,14,30,17,0,1,0,53,1,34,34,34034,2,1992,WBABB2310NEC,W,B,A,B,B,2,3,1,0,N,E,C,0,P,BMW,3CA,CV,92,17,3095,,0,1012,,G,,F,6,152,,,14R195,,,,,,0,0,000000000,00000000000,0,0,0,1,0,0,0,0,0,0,0,998,0,1,5,81,6,2,1,0,0,0,1,53,98902,6,1,5,0,3,3,70,140,1,3,0,0,5,6,2009,3,2011,1,58,0,0,0,1,2,50,3,1,2,1,0,0,14,12,6,4,4,7,1,1
53,530121,1,1,1,6,5,12,53,33,0,1,0,53,1,37,706,37706,80,2009,JH2RC53439K2,J,H,2,R,C,5,3,4,3,9,K,2,0,M,HOND,VC7,RS,9,17,,,,,,,745,,2,,4,536,,,,,,,0,0,000000000,00000000000,0,0,0,1,0,0,0,0,0,0,0,998,0,0,0,14,6,2,1,0,0,0,1,53,99217,6,1,0,0,3,3,70,135,0,0,0,0,0,0,0,0,0,0,0,0,0,0,3,2,45,1,1,2,1,0,0,1,13,1,1,4,1,1,0
53,530122,1,1,1,7,5,15,23,33,0,1,0,53,1,37,32,37032,4,1994,JHMCD5631RC0,J,H,M,C,D,5,6,3,1,R,C,0,0,P,HOND,ALX,4D,94,17,2809,,0,1069,,G,,F,4,132,,,14R185,,,,,,0,0,000000000,00000000000,0,0,0,1,0,0,0,0,0,0,0,998,0,1,6,14,6,2,1,0,0,0,1,53,98052,6,1,0,0,3,3,62,130,0,0,0,0,0,0,0,0,0,0,0,0,0,0,1,2,25,2,2,2,1,0,0,14,12,1,1,4,6,1,0
53,530123,1,4,1,7,5,10,32,12,6,1,0,53,2,51,34,51034,6,1987,YV1AX8854H17,Y,V,1,A,X,8,8,5,4,H,1,7,0,P,VOLV,4DG,SW,87,17,3034,,0,1043,,G,,F,4,141,,,14R185,,,,,,0,0,000000000,00000000000,0,0,0,1,0,0,0,0,0,0,0,998,0,0,0,12,6,2,12,0,0,0,1,53,98155,6,1,0,0,3,0,74,185,0,0,0,0,0,0,0,0,0,1,51,0,0,0,2,4,45,1,1,2,1,0,0,1,10,1,1,2,64,1,0
53,530123,2,4,1,7,5,10,32,12,6,1,0,53,1,12,481,12481,31,2006,1FTPW14V96FA,1,F,T,P,W,1,4,V,9,6,F,A,0,T,FORD,F1S,CW,6,17,,2,1500,1390,COF,F,,,8,329,,,,B,5476,01,E,44,0,0,000000000,00000000000,0,0,0,1,0,0,0,0,0,0,0,998,0,1,1,99,6,2,1,0,0,0,1,53,98021,6,1,0,0,3,0,73,230,1,0,0,0,0,5,2011,5,2011,0,0,0,0,0,1,4,45,1,1,2,1,0,0,1,62,1,1,1,98,0,0
53,530123,3,4,4,7,5,10,32,12,6,1,0,53,1,12,461,12461,21,2009,1FTNE14W69DA,1,F,T,N,E,1,4,W,6,9,D,A,0,T,FORD,15V,CG,9,17,,2,0,1380,VAN,G,,,8,281,,,,B,5264,00,E,42,0,0,000000000,00000000000,0,0,0,1,0,0,0,0,0,0,0,998,0,0,0,81,2,1,12,0,0,0,1,53,98294,6,1,0,0,3,0,69,170,0,0,0,0,0,0,0,0,0,0,0,0,0,0,1,4,45,1,1,2,1,0,0,1,62,1,1,1,65,0,0
53,530123,4,4,2,7,5,10,32,12,6,1,0,53,2,49,403,49403,14,2008,JTEEW44A8820,J,T,E,E,W,4,4,A,8,8,2,0,0,P,TOYT,HIG,UT,8,17,4641,,0,1098,,B,,F,6,201,,,19R245,,,,,,0,0,000000000,00000000000,0,0,0,1,0,0,0,0,0,0,0,998,0,0,0,61,6,2,12,0,0,0,1,8,80014,6,1,0,0,3,0,63,125,0,0,0,0,0,0,0,0,0,0,0,0,0,0,1,4,45,1,1,2,1,0,0,1,62,1,1,1,98,0,0
53,530124,1,1,1,8,5,19,56,99,0,1,0,53,2,37,705,37705,80,1981,JH2RC0516BM1,J,H,2,R,C,0,5,1,6,B,M,1,0,M,HOND,C6C,RS,81,17,,,,,,,627,,4,,4,449,,,,,,,0,0,000000000,00000000000,0,0,0,1,0,0,0,0,0,0,0,998,0,0,0,99,6,2,99,0,0,0,1,53,98362,1,1,0,0,2,0,73,215,0,1,0,0,3,7,2009,10,2009,1,37,0,0,0,1,2,25,3,2,2,1,0,0,14,13,1,1,4,1,1,1
53,530125,1,2,2,8,5,19,38,12,6,1,1,53,1,20,22,20022,4,2008,1G1AL58F7872,1,G,1,A,L,5,8,F,7,8,7,2,0,P,CHEV,BLT,4D,8,17,3216,,0,1033,,G,,F,4,134,,,15R195,,,,,,0,0,000000000,00000000000,0,0,0,1,0,0,0,0,0,0,0,998,0,0,0,81,6,2,12,0,0,0,1,53,98550,6,1,0,0,3,0,65,130,0,0,0,0,0,0,0,0,0,1,28,0,0,0,1,2,25,2,1,2,1,0,0,14,54,1,4,2,64,1,1
53,530125,2,2,2,8,5,19,38,12,6,1,0,53,1,12,461,12461,21,1997,1FMEE1126VHB,1,F,M,E,E,1,1,2,6,V,H,B,0,P,FORD,CLU,SV,97,17,5121,,0,1380,,G,,F,6,256,,,15R235,,,,,,0,0,000000000,00000000000,0,0,0,1,0,0,0,0,0,0,0,998,0,0,0,12,6,2,12,0,0,0,1,53,98569,6,1,0,0,3,0,68,170,0,0,0,0,0,0,0,0,0,0,0,0,0,0,1,2,25,3,1,2,1,0,0,14,62,1,1,1,65,0,0
53,530126,1,1,1,12,5,2,30,8,0,1,0,53,1,13,421,13421,15,2006,5LMFU28536LJ,5,L,M,F,U,2,8,5,3,6,L,J,0,P,LINC,NAV,UT,6,17,5892,,0,1190,,G,,F,8,330,,,18R255,,,,,,0,0,000000000,00000000000,0,0,0,1,0,0,0,0,0,0,0,998,0,0,0,12,2,1,8,0,0,0,1,53,98570,6,1,0,0,3,0,62,150,0,0,0,0,0,0,0,0,0,0,0,0,0,0,1,2,35,2,5,2,1,0,0,14,80,1,1,1,13,0,0
53,530127,1,1,1,12,5,20,27,43,0,1,0,53,9,37,706,37706,80,2003,JH2SC36023M5,J,H,2,S,C,3,6,0,2,3,M,5,0,M,HOND,VTF,RC,3,17,,,,,,,996,,2,,4,438,,,,,,,0,0,000000000,00000000000,0,0,0,1,0,0,0,0,0,0,0,998,0,0,0,12,6,2,43,0,0,0,1,53,98272,6,1,0,0,3,3,69,200,0,0,0,1,0,6,2011,6,2011,1,0,0,0,0,1,2,35,3,1,1,1,0,0,14,13,1,1,4,1,1,1
53,530128,1,2,1,31,3,20,12,12,2,1,0,53,2,23,441,23441,20,1992,1GKDM15Z1NB5,1,G,K,D,M,1,5,Z,1,N,B,5,0,T,GMC,SAF,SV,92,17,,1,0,1110,SAF,G,,,6,262,,,,B,3503,04,A,42,0,0,000000000,00000000000,0,0,0,1,0,0,0,0,0,0,0,998,0,0,0,12,6,2,12,0,0,0,1,53,98144,1,1,0,0,2,0,69,190,0,0,0,0,2,12,2011,12,2011,1,28,33,0,0,5,4,35,2,2,2,2,0,0,6,10,1,1,2,50,1,1
53,530128,2,2,2,31,3,20,12,12,2,1,0,53,2,37,441,37441,20,2006,5FNRL38646B4,5,F,N,R,L,3,8,6,4,6,B,4,0,P,HOND,UDY,SV,6,17,4537,,0,1181,,G,,F,6,213,,,16R235,,,,,,0,0,000000000,00000000000,0,0,0,1,0,0,0,0,0,0,0,998,0,0,0,12,6,2,12,0,0,0,1,53,98059,6,1,0,0,3,0,65,155,0,0,0,1,1,11,2009,2,2010,0,0,0,0,0,5,4,35,1,2,1,2,0,0,1,62,1,1,1,51,0,0
53,530129,1,1,4,15,5,0,0,42,0,1,0,53,2,42,47,42047,2,2003,WDBTJ76H73F0,W,D,B,T,J,7,6,H,7,3,F,0,0,P,MERZ,CK5,CP,3,17,3540,,0,1068,,G,,F,8,336,,,17R225,,,,,,0,0,000000000,00000000000,0,0,0,1,0,0,0,0,0,0,0,998,0,0,0,3,6,2,42,0,0,0,1,53,98584,1,1,0,0,2,0,72,150,0,0,0,1,4,7,2010,1,2012,1,0,0,0,0,1,2,25,3,2,7,1,0,0,14,13,1,1,4,1,1,1
53,530130,1,1,1,16,5,8,33,17,0,1,0,53,2,23,471,23471,30,2003,1GTDT13XX3K1,1,G,T,D,T,1,3,X,X,3,K,1,0,T,GMC,SON,CW,3,17,,1,0,1229,SON,G,,,6,262,,,,B,4039,00,U,44,0,0,000000000,00000000000,0,0,0,1,0,0,0,0,0,0,0,998,0,0,0,12,6,2,17,0,0,0,1,53,99204,6,1,0,0,3,3,64,145,0,0,0,0,0,0,0,0,0,0,0,0,0,0,1,2,55,1,3,2,1,0,0,1,13,1,1,4,1,1,0
53,530131,1,1,2,17,5,12,32,30,0,1,0,53,1,12,17,12017,6,1988,1FABP55U4JG1,1,F,A,B,P,5,5,U,4,J,G,1,0,P,FORD,TAL,SW,88,17,3182,,0,1060,,G,,F,6,182,,,14R205,,,,,,0,0,000000000,00000000000,0,0,0,1,0,0,0,0,0,0,0,998,0,0,0,12,6,2,30,0,0,0,1,53,98103,6,1,0,0,3,3,71,160,0,0,0,0,0,0,0,0,0,0,0,0,0,0,1,2,25,1,2,2,1,0,0,8,13,1,1,4,1,2,0
53,530132,1,1,1,18,5,0,1,38,0,1,0,53,2,7,482,7482,31,1997,1B7HF13ZXVJ5,1,B,7,H,F,1,3,Z,X,V,J,5,0,T,DODG,150,PC,97,17,,2,1547,1387,RPC,G,,,8,360,,,,B,4764,01,M,44,0,0,000000000,00000000000,0,0,0,1,0,0,0,0,0,0,0,998,0,1,6,12,6,2,1,0,0,0,1,53,99208,6,1,0,0,3,0,74,175,0,0,0,0,0,0,0,0,0,0,0,0,0,0,3,4,60,1,2,1,1,0,0,1,13,1,1,4,1,1,0
53,530133,1,1,1,18,5,20,33,42,0,1,0,6,1,20,9,20009,2,1998,2G1FP22K0W21,2,G,1,F,P,2,2,K,0,W,2,1,0,P,CHEV,CAM,CP,98,17,3331,,0,1011,,G,,F,6,231,,,16R215,,,,,,0,0,000000000,00000000000,0,0,0,1,0,0,0,0,0,0,0,998,0,1,6,12,6,2,1,0,0,0,1,6,95354,6,1,0,0,3,3,73,190,0,0,0,0,0,0,0,0,0,1,0,0,0,0,1,2,35,1,1,1,1,0,0,1,12,1,1,4,6,1,1
53,530134,1,1,1,19,5,0,43,25,0,1,0,53,1,73,706,73706,80,2008,JKBZGNA198A0,J,K,B,Z,G,N,A,1,9,8,A,0,0,M,KAWK,ZGA,RC,8,17,,,,,,,1352,,4,,4,606,,,,,,,0,0,000000000,00000000000,0,0,0,1,0,0,0,0,0,0,0,998,0,0,0,12,6,2,25,0,0,0,1,53,98030,6,1,6,0,3,0,70,180,0,0,0,0,0,0,0,0,0,1,0,0,0,0,3,2,60,3,2,2,1,0,0,14,13,1,1,4,1,1,1
53,530135,1,2,1,19,5,2,36,12,2,1,0,53,2,7,34,7034,3,1988,JB3BA34KXJU0,J,B,3,B,A,3,4,K,X,J,U,0,0,P,DODG,CLD,2H,88,17,1944,,0,937,,G,,2,4,090,,,13R155,,,,,,0,0,000000000,00000000000,0,0,0,1,0,0,0,0,0,0,0,998,0,0,0,12,6,2,12,0,0,0,1,53,98908,1,1,0,0,2,3,67,165,0,1,0,0,0,9,2009,9,2009,0,51,0,0,0,3,2,70,1,1,1,1,0,0,1,54,1,1,1,50,1,1
53,530135,2,2,2,19,5,2,36,12,2,1,0,53,1,20,481,20481,31,2007,1GCHK23D57F1,1,G,C,H,K,2,3,D,5,7,F,1,0,T,CHEV,2KH,CW,7,17,,2,1670,1530,SIL,D,,,8,403,,,,C,5883,02,,44,0,0,000000000,00000000000,0,0,0,1,0,0,0,0,0,0,0,998,0,0,0,12,6,2,12,0,0,0,1,53,99336,6,1,6,0,3,0,69,180,0,0,0,2,1,6,2009,12,2011,0,0,0,0,0,3,2,70,1,1,1,1,0,0,1,62,1,1,1,51,0,1
53,530136,1,1,2,20,5,1,29,8,0,1,0,53,2,55,42,55042,3,2012,KMHTC6ADXCU0,K,M,H,T,C,6,A,D,X,C,U,0,0,P,HYUN,VEL,3P,12,17,2584,,0,1043,,G,,F,4,098,,,17R215,,,,,,0,0,000000000,00000000000,0,0,0,1,0,0,0,0,0,0,0,998,0,0,0,12,6,2,8,0,0,0,1,53,98513,6,1,6,0,3,0,70,188,0,0,0,0,0,0,0,0,0,0,0,0,0,0,1,2,50,1,1,2,1,0,0,1,80,1,1,1,13,0,1
53,530137,1,1,2,20,5,4,4,30,0,1,0,53,2,7,21,7021,6,2006,2D4GV77326H2,2,D,4,G,V,7,7,3,2,6,H,2,0,P,DODG,MGN,UT,6,17,4253,,0,1200,,G,,F,8,372,,,20R245,,,,,,0,0,000000000,00000000000,0,0,0,1,0,0,0,0,0,0,0,998,0,1,5,99,6,2,1,0,0,0,1,53,98951,1,1,0,0,2,0,66,180,0,3,0,1,4,1,2011,1,2012,0,58,0,0,0,1,2,50,1,1,2,1,0,0,1,8,6,3,4,7,2,1
53,530138,1,2,1,24,5,20,48,12,2,1,0,16,9,49,32,49032,4,1995,1NXAE04B6SZ3,1,N,X,A,E,0,4,B,6,S,Z,3,0,P,TOYT,COA,4D,95,17,2315,,0,970,,G,,F,4,097,,,14R175,,,,,,0,0,000000000,00000000000,0,0,0,1,0,0,0,0,0,0,0,998,0,0,0,12,6,2,12,0,0,1,1,6,91030,6,1,0,0,3,0,64,105,0,0,0,0,0,0,0,0,0,0,51,0,0,0,2,2,70,1,1,2,1,0,0,1,54,1,1,1,50,1,0
53,530138,2,2,2,24,5,20,48,12,2,1,0,16,2,23,401,23401,14,2004,1GKDT13S3424,1,G,K,D,T,1,3,S,3,4,2,4,0,T,GMC,ENV,4W,4,17,,1,0,1130,ENV,G,,,6,256,,,,B,4616,00,E,44,0,0,000000000,00000000000,0,0,0,1,0,0,0,0,0,0,0,998,0,0,0,12,6,2,12,0,0,0,1,16,83854,6,1,0,0,3,0,73,190,0,0,0,0,0,0,0,0,0,0,0,0,0,0,2,2,70,1,1,2,1,0,0,1,62,1,1,1,51,0,0
53,530139,1,1,1,25,5,19,35,33,0,1,0,53,1,72,706,72706,80,2006,1HD1FYW116Y6,1,H,D,1,F,Y,W,1,1,6,Y,6,0,M,HD,RSI,RS,6,17,,,,,,,1450,,2,,4,721,,,,,,,0,0,000000000,00000000000,0,0,0,1,0,0,0,0,0,0,0,998,0,0,0,12,6,2,33,0,0,0,1,53,98391,6,1,0,0,2,0,70,178,0,0,0,0,0,0,0,0,0,0,0,0,0,0,1,2,25,3,1,2,1,0,0,14,13,1,1,4,1,1,1
53,530140,1,1,2,26,5,1,57,43,0,1,0,53,2,20,421,20421,15,1994,1GNEK18K1RJ3,1,G,N,E,K,1,8,K,1,R,J,3,0,P,CHEV,K15,UT,94,17,4757,,0,1115,,G,,F,8,350,,,000000,,,,,,0,0,000000000,00000000000,0,0,0,1,0,0,0,0,0,0,0,998,0,0,0,10,6,2,43,0,0,0,1,53,99202,0,0,0,0,0,0,999,999,99,99,99,99,99,99,9999,99,9999,0,0,0,0,0,1,2,25,1,1,2,1,0,0,1,16,1,1,4,6,1,1
53,530141,1,1,1,26,5,2,30,1,0,1,0,53,1,48,34,48034,6,1996,4S3BK6653T73,4,S,3,B,K,6,6,5,3,T,7,3,0,P,SUBA,ULI,SW,96,17,3200,,0,1035,,G,,F,4,150,,,15R195,,,,,,0,0,000000000,00000000000,0,0,0,1,0,0,0,0,0,0,0,998,0,1,6,0,6,2,1,0,0,0,1,53,98374,1,1,0,0,2,0,72,240,0,9,0,0,8,9,2009,11,2011,0,0,0,0,0,1,2,35,3,1,2,1,0,0,14,13,1,1,4,1,1,1
53,530143,1,1,2,30,5,11,45,8,0,1,0,53,3,99,850,99850,73,1993,46GED1813P10,4,6,G,E,D,1,8,1,3,P,1,0,0,U,,,,93,17,,,,,,,,,,,,,,,,,,,0,0,000000000,00000000000,0,0,0,1,0,0,0,0,0,0,0,998,0,0,0,12,2,1,8,0,0,0,1,53,98823,6,1,6,0,3,0,67,180,0,0,0,0,0,0,0,0,0,0,0,0,0,0,1,2,60,1,2,2,1,0,0,1,80,1,1,1,13,0,0
53,530144,1,1,2,2,6,0,0,8,0,1,0,53,2,20,2,20002,4,2005,1G1ND52F05M2,1,G,1,N,D,5,2,F,0,5,M,2,0,P,CHEV,CLA,4D,5,17,3106,,0,1070,,G,,F,4,134,,,15R205,,,,,,0,0,000000000,00000000000,0,0,0,1,0,0,0,0,0,0,0,998,0,0,0,12,2,1,8,0,0,0,1,53,98682,6,2,0,0,3,3,72,157,0,0,0,0,0,0,0,0,0,0,0,0,0,0,1,2,50,1,1,2,1,0,0,1,80,1,1,1,13,0,0
53,530145,1,3,1,4,6,10,55,12,6,1,0,53,1,12,471,12471,30,1999,1FTYR14V3XPA,1,F,T,Y,R,1,4,V,3,X,P,A,0,T,FORD,RNS,PC,99,17,,1,0,1257,RNG,F,,,6,182,,,,B,00000,00,U,42,0,0,000000000,00000000000,0,0,0,1,0,0,0,0,0,0,0,998,0,0,0,9,6,2,12,0,0,0,1,53,98829,6,1,0,0,3,0,70,175,0,0,0,0,0,0,0,0,0,0,38,39,0,0,1,2,30,1,1,2,2,20,3,1,17,1,1,1,89,1,0
53,530145,2,3,1,4,6,10,55,12,6,1,0,53,2,82,881,82881,62,2007,1FVACWCS37HY,1,F,V,A,C,W,C,S,3,7,H,Y,0,T,FRHT,16M,CC,7,17,,6,0,0,FM2,D,,,6,391,,,,,00000,00,,42,0,77,777777777,77777777777,2,2,96,1,0,0,0,0,0,0,0,998,0,0,0,12,6,2,12,0,0,0,1,53,98837,6,1,0,0,3,0,68,180,0,0,0,0,0,0,0,0,0,0,0,0,0,0,1,2,45,1,1,2,2,0,0,1,66,1,1,1,88,0,0
53,530145,3,3,2,4,6,10,55,12,6,1,0,53,2,12,471,12471,30,2001,1FTZR15E21PA,1,F,T,Z,R,1,5,E,2,1,P,A,0,T,FORD,RNS,PC,1,17,,1,0,1259,RNG,G,,,6,245,,,,B,3599,00,U,44,0,0,000000000,00000000000,0,0,0,1,0,0,0,0,0,0,0,0,0,0,0,10,6,2,12,0,0,0,1,53,98851,6,1,0,0,3,0,68,164,0,0,0,0,0,0,0,0,0,0,0,0,0,0,1,2,45,1,1,2,2,0,0,5,62,1,1,1,98,0,0
53,530146,1,1,1,12,5,23,44,59,0,1,0,53,1,2,403,2403,14,1994,1J4FY29S6RP4,1,J,4,F,Y,2,9,S,6,R,P,4,0,T,JEEP,WSE,2W,94,17,,1,0,934,W/Y,G,,,6,242,,,,,3075,00,A,44,0,0,000000000,00000000000,0,0,0,1,0,0,0,0,0,0,0,998,0,0,0,12,6,2,42,0,0,0,1,53,98045,6,1,0,0,3,0,73,230,0,0,0,0,0,0,0,0,0,0,0,0,0,0,3,3,70,1,1,2,1,0,0,1,13,1,1,4,1,1,1
53,530147,1,1,1,6,6,23,36,43,0,1,0,53,1,53,706,53706,80,2007,JS1GW71A6721,J,S,1,G,W,7,1,A,6,7,2,1,0,M,SUZI,GRZ,RC,7,17,,,,,,,1299,,4,,4,478,,,,,,,0,0,000000000,00000000000,0,0,0,1,0,0,0,0,0,0,0,998,0,0,0,12,6,2,43,0,0,0,1,53,98686,6,1,0,0,3,0,72,200,0,0,0,1,0,8,2009,8,2009,1,0,0,0,0,6,1,98,2,2,1,1,0,0,14,12,1,1,4,6,1,1
53,530148,1,3,2,7,6,23,11,12,2,1,0,53,2,37,35,37035,1,2000,JHMAP1144YT0,J,H,M,A,P,1,1,4,4,Y,T,0,0,P,HOND,S20,CV,0,17,2809,,0,945,,G,,F,4,122,,,16R205,,,,,,0,0,000000000,00000000000,0,0,0,1,0,0,0,0,0,0,0,998,0,0,0,12,6,2,12,0,0,0,1,53,98003,1,1,0,0,2,0,62,160,0,6,0,1,3,7,2009,12,2011,0,28,91,0,0,3,2,50,1,1,2,2,0,0,1,10,1,1,2,50,0,1
53,530148,2,3,1,7,6,23,11,12,2,1,0,53,1,37,31,37031,3,1993,2HGEH2460PH5,2,H,G,E,H,2,4,6,0,P,H,5,0,P,HOND,CID,2H,93,17,2178,,0,1013,,G,,F,4,091,,,13R175,,,,,,0,0,000000000,00000000000,0,0,0,1,0,0,0,0,0,0,0,998,0,0,0,12,6,2,12,0,0,0,1,53,98466,6,1,0,0,3,3,63,180,0,0,0,0,0,0,0,0,0,0,0,0,0,0,3,2,50,1,1,2,2,0,0,1,62,1,1,1,51,1,0
53,530148,3,3,1,7,6,23,11,12,2,1,0,53,1,37,32,37032,3,1996,1HGCD5638TA0,1,H,G,C,D,5,6,3,8,T,A,0,0,P,HOND,ULE,4D,96,17,2864,,0,1069,,G,,F,4,132,,,15R185,,,,,,0,0,000000000,00000000000,0,0,0,1,0,0,0,0,0,0,0,998,0,0,0,12,2,1,12,0,0,0,1,53,98404,6,1,0,0,3,0,68,175,0,0,0,0,1,1,2011,1,2011,0,0,0,0,0,3,2,50,1,1,2,2,0,0,1,98,1,1,1,98,0,0
53,530149,1,2,1,8,6,9,16,12,6,1,0,53,1,2,404,2404,14,2004,1J8GW58N24C3,1,J,8,G,W,5,8,N,2,4,C,3,0,T,JEEP,LMT,4W,4,17,,1,0,1059,GCK,G,,,8,287,,,,,3975,00,K,44,0,0,000000000,00000000000,0,0,0,1,0,0,0,0,0,0,0,998,0,0,0,9,6,2,12,0,0,0,1,53,98042,6,1,0,0,3,0,64,120,0,0,0,0,0,0,0,0,0,0,39,0,0,0,1,2,40,1,2,2,1,3,3,1,17,1,1,1,89,1,0
53,530149,2,2,1,8,6,9,16,12,6,1,0,53,2,12,401,12401,14,1998,1FMZU34E8WUA,1,F,M,Z,U,3,4,E,8,W,U,A,0,P,FORD,EPR,UT,98,17,4146,,0,1115,,G,,F,6,245,,,15R225,,,,,,0,0,000000000,00000000000,0,0,0,1,0,0,0,0,0,0,0,998,0,0,0,12,6,2,12,0,0,0,1,53,98042,6,1,0,0,3,0,64,120,0,0,0,0,0,0,0,0,0,0,0,0,0,0,5,4,40,1,2,2,1,3,3,1,66,1,1,1,88,0,0
53,530150,1,1,2,9,6,23,27,9,0,1,1,53,2,30,42,30042,1,1990,3VWBA21G2LM0,3,V,W,B,A,2,1,G,2,L,M,0,0,P,VOLK,GGL,2H,90,17,2194,,0,973,,G,,F,4,109,,,13R175,,,,,,0,0,000000000,00000000000,0,0,0,1,0,0,0,0,0,0,0,998,0,0,0,12,2,1,8,0,0,0,1,53,98201,6,1,0,0,3,3,73,220,0,0,0,0,3,10,2010,4,2012,0,91,0,0,0,1,2,30,2,1,2,1,0,0,14,13,1,1,4,13,0,1
53,530151,1,1,1,11,6,99,99,34,0,1,0,53,1,53,706,53706,80,2008,JS1GR7LA9821,J,S,1,G,R,7,L,A,9,8,2,1,0,M,SUZI,SX7,RC,8,17,,,,,,,749,,4,,4,363,,,,,,,0,0,000000000,00000000000,0,0,0,1,0,0,0,0,0,0,0,998,0,0,0,12,6,2,34,0,0,0,1,53,98338,6,1,0,0,3,0,71,160,1,0,0,3,0,4,2010,1,2012,1,0,0,0,0,1,2,30,2,1,2,1,0,0,14,12,1,1,4,6,1,1
53,530152,1,2,1,15,6,5,52,12,6,1,0,53,1,19,20,19020,6,2006,1GYEE6373601,1,G,Y,E,E,6,3,7,3,6,0,1,0,P,CADI,SRX,UT,6,17,4164,,0,1164,,G,,F,6,220,,,17R235,,,,,,0,0,000000000,00000000000,0,0,0,1,0,0,0,0,0,0,0,998,0,0,0,61,2,1,12,0,0,0,1,53,99216,6,1,0,0,3,0,67,130,0,0,0,0,0,0,0,0,0,0,38,0,0,0,5,4,45,1,1,2,1,0,0,11,54,1,1,2,82,0,0
53,530152,2,2,1,15,6,5,52,12,6,1,0,53,1,76,706,76706,80,1980,3J3002873,3,J,3,0,0,2,8,7,3,,,,0,M,YAMA,XS8,RS,80,9,,,,,,,826,,3,,4,531,,,,,,,0,0,000000000,00000000000,0,0,0,1,0,0,0,0,0,0,0,998,0,0,0,12,6,2,12,0,0,0,1,36,14806,6,1,0,0,3,3,68,999,0,0,0,0,0,0,0,0,0,0,0,0,0,0,5,4,45,1,1,2,1,0,0,1,72,1,1,1,83,1,0
53,530153,1,1,1,28,4,13,42,9,0,1,0,53,3,92,981,92981,51,1999,15GCD181XX10,1,5,G,C,D,1,8,1,X,X,1,0,0,T,GILL,,,99,17,,,,,,,,,,,,,,,,,,,0,77,777777777,77777777777,3,21,22,1,0,0,0,0,4,0,0,998,0,0,0,9,2,3,9,0,0,0,1,53,98661,6,1,6,1,3,3,67,165,0,0,0,0,0,0,0,0,0,0,0,0,0,0,1,2,25,1,1,2,1,0,0,11,83,1,1,1,13,0,0
53,530154,1,1,2,3,5,19,18,8,0,1,1,41,2,37,31,37031,2,1996,2HGEJ6347TH1,2,H,G,E,J,6,3,4,7,T,H,1,0,P,HOND,UCD,2H,96,17,2190,,0,1032,,G,,F,4,097,,,13R175,,,,,,0,0,000000000,00000000000,0,0,0,1,0,0,0,0,0,0,0,998,0,0,0,12,2,1,8,0,0,0,1,53,98661,6,1,0,0,3,0,67,165,0,0,0,0,1,11,2009,11,2009,1,38,91,0,0,5,4,30,1,1,2,1,0,0,1,80,9,1,2,13,0,1