STATE,ST_CASE,VEH_NO,VE_FORMS,NUMOCCS,DAY,MONTH,HOUR,MINUTE,HARM_EV,MAN_COLL,UNITTYPE,HIT_RUN,REG_STAT,OWNER,MAKE,MODEL,MAK_MOD,BODY_TYP,MOD_YEAR,VIN,VIN_1,VIN_2,VIN_3,VIN_4,VIN_5,VIN_6,VIN_7,VIN_8,VIN_9,VIN_10,VIN_11,VIN_12,TOW_VEH,VINTYPE,VINMAKE,VINA_MOD,VIN_BT,VINMODYR,VIN_LNGT,VIN_WGT,WGTCD_TR,WHLBS_LG,WHLBS_SH,SER_TR,FUELCODE,MCYCL_DS,CARBUR,CYLINDER,DISPLACE,MCYCL_CY,MCYCL_WT,TIRE_SZE,TON_RAT,TRK_WT,TRKWTVAR,VIN_REST,WHLDRWHL,J_KNIFE,MCARR_I1,MCARR_I2,MCARR_ID,GVWR,V_CONFIG,CARGO_BT,HAZ_INV,HAZ_PLAC,HAZ_ID,HAZ_CNO,HAZ_REL,BUS_USE,SPEC_USE,EMER_USE,TRAV_SP,UNDERIDE,ROLLOVER,ROLINLOC,IMPACT1,DEFORMED,TOWED,M_HARM,VEH_SC1,VEH_SC2,FIRE_EXP,DR_PRES,L_STATE,DR_ZIP,L_STATUS,L_TYPE,CDL_STAT,L_ENDORS,L_COMPL,L_RESTRI,DR_HGT,DR_WGT,PREV_ACC,PREV_SUS,PREV_DWI,PREV_SPD,PREV_OTH,FIRST_MO,FIRST_YR,LAST_MO,LAST_YR,SPEEDREL,DR_SF1,DR_SF2,DR_SF3,DR_SF4,VTRAFWAY,VNUM_LAN,VSPD_LIM,VALIGN,VPROFILE,VPAVETYP,VSURCOND,VTRAFCON,VTCONT_F,P_CRASH1,P_CRASH2,P_CRASH3,PCRASH4,PCRASH5,ACC_TYPE,DEATHS,DR_DRINK
53,530190,2,2,2,8,7,12,1,12,2,1,0,53,2,35,39,35039,4,1997,JN1CA21D9VM5,J,N,1,C,A,2,1,D,9,V,M,5,0,P,NISS,MGS,4D,97,17,2886,,0,1063,,G,,F,6,182,,,15R205,,,,,,0,0,000000000,00000000000,0,0,0,1,0,0,0,0,0,0,0,998,0,0,0,12,6,2,12,0,0,0,1,53,98405,6,1,0,0,3,3,68,180,0,0,0,1,0,11,2011,11,2011,0,0,0,0,0,1,4,40,3,1,2,1,0,0,14,62,4,1,1,51,0,0
53,530191,1,2,1,10,7,11,13,12,6,1,0,53,1,37,705,37705,80,2006,JH2PC35056M7,J,H,2,P,C,3,5,0,5,6,M,7,0,M,HOND,CF4,RC,6,17,,,,,,,599,,4,,4,370,,,,,,,0,0,000000000,00000000000,0,0,0,1,0,0,0,0,0,0,0,998,0,0,0,11,6,2,12,0,0,0,1,53,98233,1,1,0,0,2,0,72,225,0,2,0,2,4,3,2011,4,2012,1,0,0,0,0,5,2,35,1,1,2,1,0,0,1,17,3,1,1,69,1,0
53,530191,2,2,1,10,7,11,13,12,6,1,0,53,3,35,481,35481,31,2012,1N6AA0EC3CN3,1,N,6,A,A,0,E,C,3,C,N,3,0,T,NISS,SLP,CW,12,17,,2,0,0,TTN,G,,,8,342,,,,B,5300,00,4,44,0,0,000000000,00000000000,0,0,0,1,0,0,0,0,0,0,0,998,0,0,0,12,6,2,12,0,0,0,1,53,98226,6,1,0,0,3,0,71,205,0,0,0,0,0,0,0,0,0,0,0,0,0,0,5,2,35,1,1,2,1,0,0,11,15,1,1,2,68,0,0
53,530192,1,1,1,12,7,17,52,11,0,1,0,53,0,99,701,99701,80,1990,VBKMRA236YN0,V,B,K,M,R,A,2,3,6,Y,N,0,0,U,,,,90,17,,,,,,,,,,,,,,,,,,,0,0,000000000,00000000000,0,0,0,1,0,0,0,0,0,0,0,998,0,0,0,12,8,8,11,0,0,0,1,53,98520,6,1,6,0,2,0,72,240,1,0,0,1,2,5,2010,11,2010,0,0,0,0,0,1,2,25,1,1,2,1,0,0,1,87,3,1,1,13,1,0
53,530193,1,8,1,17,7,6,22,12,6,1,0,53,1,2,404,2404,14,2006,1J8HR78366C2,1,J,8,H,R,7,8,3,6,6,C,2,0,T,JEEP,SR8,4W,6,17,,2,0,1095,GCK,G,,,8,372,,,,,4731,00,K,44,0,0,000000000,00000000000,0,0,0,1,0,0,0,0,0,0,0,998,0,1,1,1,6,2,12,0,0,0,1,53,98056,6,1,0,0,3,0,73,245,0,0,0,0,1,10,2010,10,2010,1,51,0,0,0,5,5,98,1,1,2,1,0,0,15,50,1,1,1,64,0,0
53,530193,2,8,1,17,7,6,22,12,6,1,0,53,1,19,3,19003,4,1998,1G6KD54Y1WU7,1,G,6,K,D,5,4,Y,1,W,U,7,0,P,CADI,DFW,4D,98,17,4012,,0,1138,,G,,F,8,279,,,16R225,,,,,,0,0,000000000,00000000000,0,0,0,1,0,0,0,0,0,0,0,0,0,0,0,2,6,2,12,0,0,0,1,53,98036,6,1,0,0,3,0,71,180,0,0,0,0,1,6,2010,6,2010,0,0,0,0,0,5,5,98,1,1,2,1,0,0,5,98,1,1,1,65,0,0
53,530193,3,8,1,17,7,6,22,12,6,1,0,53,1,48,38,48038,6,1998,JF1GF485XWG8,J,F,1,G,F,4,8,5,X,W,G,8,0,P,SUBA,IO4,SW,98,17,2835,,0,992,,G,,F,4,135,,,15R205,,,,,,0,0,000000000,00000000000,0,0,0,1,0,0,0,0,0,0,0,998,0,0,0,11,6,2,12,0,0,0,1,53,98117,6,1,0,0,3,3,66,220,0,0,0,0,0,0,0,0,0,0,0,0,0,0,5,5,98,1,1,2,1,0,0,1,62,1,1,1,98,1,0
53,530193,4,8,1,17,7,6,22,12,6,1,0,53,1,49,442,49442,20,2000,4T3ZF13C5YU2,4,T,3,Z,F,1,3,C,5,Y,U,2,0,P,TOYT,SIE,SV,0,17,3890,,0,1142,,G,,F,6,183,,,15R205,,,,,,0,0,000000000,00000000000,0,0,0,1,0,0,0,0,0,0,0,0,0,0,0,1,2,1,12,0,0,0,1,53,98107,6,1,0,0,3,3,70,165,0,0,0,0,0,0,0,0,0,0,0,0,0,0,5,5,98,1,1,2,1,0,0,5,62,99,1,1,98,0,0
53,530193,5,8,1,17,7,6,22,12,6,1,0,53,2,51,43,51043,6,2000,YV1LZ56D3Y27,Y,V,1,L,Z,5,6,D,3,Y,2,7,0,P,VOLV,VXS,SW,0,17,3699,,0,1048,,G,,T,5,149,,,000000,,,,,,0,0,000000000,00000000000,0,0,0,1,0,0,0,0,0,0,0,998,0,0,0,11,6,2,12,0,0,0,1,53,98103,6,1,0,0,3,0,77,360,0,0,0,0,0,0,0,0,0,0,0,0,0,0,5,5,98,1,1,2,1,0,0,1,62,1,1,1,98,0,0
53,530193,6,8,1,17,7,6,22,12,6,1,0,53,1,32,43,32043,4,2001,WAUKC68D81A1,W,A,U,K,C,6,8,D,8,1,A,1,0,P,AUDI,A4A,SW,1,17,3265,,0,1026,,G,,T,4,109,,,15R205,,,,,,0,0,000000000,00000000000,0,0,0,1,0,0,0,0,0,0,0,998,0,0,0,12,6,2,12,0,0,0,1,53,98117,6,1,0,0,3,0,65,130,0,0,0,0,0,0,0,0,0,0,0,0,0,0,5,5,98,1,1,2,1,0,0,1,62,1,1,1,98,0,0
53,530193,7,8,1,17,7,6,22,12,6,1,0,53,1,48,401,48401,14,2005,JF1SG63685H7,J,F,1,S,G,6,3,6,8,5,H,7,0,P,SUBA,FOR,UT,5,17,3090,,0,994,,G,,F,4,152,,,16R215,,,,,,0,0,000000000,00000000000,0,0,0,1,0,0,0,0,0,0,0,998,0,0,0,12,6,2,12,0,0,0,1,53,98117,6,1,0,0,3,0,63,120,0,0,0,0,0,0,0,0,0,0,0,0,0,0,5,5,98,1,1,2,1,0,0,1,62,1,1,1,98,0,0
53,530193,8,8,1,17,7,6,22,12,6,1,0,53,1,37,31,37031,4,1999,1HGEJ8642XL0,1,H,G,E,J,8,6,4,2,X,L,0,0,P,HOND,UAX,4D,99,17,2562,,0,1032,,G,,F,4,097,,,14R185,,,,,,0,0,000000000,00000000000,0,0,0,1,0,0,0,0,0,0,0,998,0,0,0,12,6,2,12,0,0,0,1,53,98117,6,1,0,0,3,3,64,130,0,0,0,0,0,0,0,0,0,0,0,0,0,0,5,5,98,1,1,2,1,0,0,1,62,1,1,1,98,0,0
53,530194,1,1,1,27,6,23,5,24,0,1,0,53,9,53,704,53704,80,2005,JS1SK44A5521,J,S,1,S,K,4,4,A,5,5,2,1,0,M,SUZI,SMK,T,5,17,,,,,,,398,,1,,4,295,,,,,,,0,0,000000000,00000000000,0,0,0,1,0,0,0,0,0,0,0,998,0,0,0,12,6,2,24,0,0,0,1,53,98391,6,1,0,0,3,0,73,170,0,0,0,1,3,7,2009,5,2012,1,0,0,0,0,1,2,35,3,2,2,1,0,0,14,13,1,1,4,1,1,1
53,530196,1,1,4,21,7,22,30,1,0,1,0,53,2,20,481,20481,31,2002,1GCHK23G62F1,1,G,C,H,K,2,3,G,6,2,F,1,0,T,CHEV,2KH,CW,2,17,,2,1670,1530,SIL,G,,,8,496,,,,C,5753,00,,44,0,0,000000000,00000000000,0,0,0,1,0,0,0,0,0,0,0,998,0,1,6,0,6,2,1,0,0,0,1,53,99403,6,1,0,0,3,0,68,160,0,0,0,0,0,0,0,0,0,1,91,0,0,0,1,2,98,3,3,4,1,0,0,14,13,8,4,4,2,1,1
53,530197,1,1,3,22,7,19,56,9,0,1,0,53,1,12,401,12401,14,1997,1FMFU18L5VLA,1,F,M,F,U,1,8,L,5,V,L,A,0,P,FORD,EPT,UT,97,17,4827,,0,1190,,G,,F,8,330,,,16R255,,,,,,0,0,000000000,00000000000,0,0,0,1,0,0,0,0,0,0,0,998,0,0,0,12,2,1,9,0,0,0,1,53,98003,6,1,0,0,3,0,66,150,1,0,0,1,1,9,2009,11,2010,0,0,0,0,0,1,2,25,1,1,2,1,0,0,1,83,1,1,1,13,0,0
53,530198,1,1,2,26,7,12,40,42,0,1,0,53,1,20,482,20482,31,2008,3GNFK12318G2,3,G,N,F,K,1,2,3,1,8,G,2,1,T,CHEV,KAV,SP,8,17,,2,0,1300,AVL,F,,,8,323,,,,B,5803,00,,44,1,0,000000000,00000000000,0,0,0,1,0,0,0,0,0,0,0,998,0,0,0,12,6,2,42,0,0,0,1,53,98902,6,1,0,0,3,3,70,215,0,0,0,0,0,0,0,0,0,0,0,0,0,0,1,2,60,3,1,2,1,0,0,14,13,1,1,4,1,1,0
53,530199,1,1,1,17,7,17,30,58,0,1,0,53,1,20,16,20016,4,2004,1G1JC52F9472,1,G,1,J,C,5,2,F,9,4,7,2,0,P,CHEV,CAV,4D,4,17,2676,,0,1041,,G,,F,4,134,,,14R195,,,,,,0,0,000000000,00000000000,0,0,0,1,0,0,0,0,0,0,0,32,0,0,0,14,6,2,2,0,0,1,1,53,98382,6,1,0,0,3,0,72,209,0,0,0,1,1,6,2010,6,2011,0,0,0,0,0,1,2,35,1,2,2,1,0,0,1,12,1,1,4,6,1,1
53,530200,1,1,1,28,7,10,1,58,0,1,0,41,9,72,706,72706,80,1991,1HD1DJL14MY5,1,H,D,1,D,J,L,1,4,M,Y,5,0,M,HD,FHC,RS,91,17,,,,,,,1340,,2,,4,741,,,,,,,0,0,000000000,00000000000,0,0,0,1,0,0,0,0,0,0,0,998,0,0,0,99,6,2,58,0,0,0,1,41,97038,6,1,0,0,3,0,74,280,0,0,0,0,0,0,0,0,0,1,0,0,0,0,1,2,50,3,2,2,1,0,0,14,13,98,2,4,2,1,0
53,530201,1,2,1,28,7,9,45,12,1,1,0,53,1,72,706,72706,80,2005,1HD1JBB145Y0,1,H,D,1,J,B,B,1,4,5,Y,0,0,M,HD,XDI,RS,5,17,,,,,,,1450,,2,,4,661,,,,,,,0,0,000000000,00000000000,0,0,0,1,0,0,0,0,0,0,0,998,0,0,0,12,6,2,12,0,0,0,1,53,98672,6,1,0,0,3,0,68,150,0,0,0,0,0,0,0,0,0,1,26,0,0,0,1,2,50,1,1,2,1,0,0,1,50,1,1,1,20,1,0
53,530201,2,2,1,28,7,9,45,12,1,1,0,41,1,20,471,20471,30,1999,1GCCS1448X81,1,G,C,C,S,1,4,4,8,X,8,1,1,T,CHEV,S14,PK,99,17,,1,1179,1083,S,G,,,4,133,,,,B,3015,01,,42,1,0,000000000,00000000000,0,0,0,1,0,0,0,0,0,0,0,0,0,0,0,6,2,1,12,0,0,0,1,41,97225,6,1,0,0,3,0,72,195,0,0,0,0,0,0,0,0,0,0,0,0,0,0,1,2,50,1,1,2,1,0,0,5,53,1,1,1,21,0,0
53,530202,1,1,4,28,7,19,25,8,0,1,0,53,1,20,431,20431,16,2000,3GNFK16T3YG1,3,G,N,F,K,1,6,T,3,Y,G,1,0,P,CHEV,K15,UT,0,17,5123,,0,1300,,G,,F,8,325,,,16R245,,,,,,0,0,000000000,00000000000,0,0,0,1,0,0,0,0,0,0,0,998,0,0,0,12,2,1,8,0,0,0,1,53,98935,6,1,0,0,3,0,67,145,0,0,0,3,0,10,2010,10,2011,0,0,0,0,0,1,2,25,1,1,2,1,0,0,1,80,1,1,1,13,0,0
53,530203,1,1,1,29,7,1,31,42,0,1,0,53,1,49,472,49472,30,2012,3TMLU4EN8CM0,3,T,M,L,U,4,E,N,8,C,M,0,0,T,TOYT,DCL,CW,12,17,,1,0,1278,TAC,G,,,6,244,,,,B,4130,00,W,44,0,0,000000000,00000000000,0,0,0,1,0,0,0,0,0,0,0,998,0,0,0,3,6,2,42,0,0,0,1,53,98328,6,1,6,0,3,0,68,200,0,0,0,0,0,0,0,0,0,0,0,0,0,0,1,2,50,3,9,2,1,0,0,14,12,99,4,4,7,1,1
53,530204,1,1,1,29,7,22,45,8,0,1,0,28,2,49,51,49051,4,2010,JTDBT4K36A13,J,T,D,B,T,4,K,3,6,A,1,3,0,P,TOYT,YAR,4D,10,17,2288,,0,1004,,G,,F,4,091,,,14R175,,,,,,0,0,000000000,00000000000,0,0,0,1,0,0,0,0,0,0,0,998,0,0,0,12,4,3,8,0,0,0,1,53,98628,6,1,0,0,3,0,66,155,0,0,0,1,0,7,2011,7,2011,0,0,0,0,0,1,2,45,1,1,2,1,0,0,1,80,1,1,1,13,0,0
53,530205,1,2,1,30,7,15,16,12,6,1,0,53,1,73,703,73703,80,2005,JKAEXMF105DA,J,K,A,E,X,M,F,1,0,5,D,A,0,M,KAWK,EXF,RC,5,17,,,,,,,250,,2,,4,307,,,,,,,0,0,000000000,00000000000,0,0,0,1,0,0,0,0,0,0,0,998,0,0,0,12,6,2,12,0,0,0,1,53,98166,6,1,0,0,2,0,70,190,0,0,0,1,5,12,2009,11,2011,1,0,0,0,0,5,4,35,1,1,2,1,0,0,1,62,1,1,1,69,1,0
53,530205,2,2,1,30,7,15,16,12,6,1,0,53,3,49,46,49046,4,2007,JTDKB20U0776,J,T,D,K,B,2,0,U,0,7,7,6,0,P,TOYT,PRI,4H,7,17,2932,,0,1063,,B,,F,4,091,,,15R185,,,,,,0,0,000000000,00000000000,0,0,0,1,0,0,0,0,0,0,0,998,0,0,0,3,6,2,12,0,0,0,1,53,98032,6,1,0,0,3,0,67,174,1,0,0,0,1,5,2010,11,2011,0,38,0,0,0,5,4,35,1,1,2,1,0,0,11,15,1,1,2,68,0,0
53,530206,1,1,1,1,8,1,0,1,0,1,0,53,2,35,471,35471,30,1986,JN6ND11S5GW0,J,N,6,N,D,1,1,S,5,G,W,0,0,T,NISS,D2S,PK,86,17,,1,0,1043,D21,G,,,4,146,,,,B,2629,01,A,42,0,0,000000000,00000000000,0,0,0,1,0,0,0,0,0,0,0,998,0,9,6,0,6,2,1,0,0,0,1,53,99208,1,1,0,0,2,0,61,120,0,1,0,0,0,9,2009,9,2009,0,0,0,0,0,1,2,55,3,1,2,1,0,0,14,13,1,1,4,1,1,0
53,530207,1,1,5,2,8,11,40,1,0,1,0,53,2,12,422,12422,15,2003,1FMPU16LX3LA,1,F,M,P,U,1,6,L,X,3,L,A,0,P,FORD,EPT,UT,3,17,5686,,0,1191,,G,,F,8,330,,,17R265,,,,,,0,0,000000000,00000000000,0,0,0,1,0,0,0,0,0,0,0,998,0,9,1,0,6,2,1,0,0,0,1,53,98226,6,1,0,0,3,0,68,130,0,0,0,0,0,0,0,0,0,0,58,0,0,0,1,2,60,3,9,2,1,0,0,14,13,6,4,2,98,1,0
53,530208,1,3,2,25,7,19,46,12,6,1,0,41,9,49,32,49032,4,2004,1NXBR32E04Z2,1,N,X,B,R,3,2,E,0,4,Z,2,0,P,TOYT,UCS,4D,4,17,2502,,0,1024,,G,,F,4,109,,,15R185,,,,,,0,0,000000000,00000000000,0,0,0,1,0,0,0,0,0,0,0,998,0,0,0,1,6,2,12,0,0,0,1,41,97062,6,1,0,0,3,0,75,210,0,0,0,0,0,0,0,0,0,0,0,0,0,0,3,3,70,2,3,2,1,0,0,14,9,7,9,2,46,0,0
53,530208,2,3,1,25,7,19,46,12,6,1,0,53,2,37,31,37031,2,1998,1HGEJ8140WL0,1,H,G,E,J,8,1,4,0,W,L,0,0,P,HOND,UAX,CP,98,17,2507,,0,1032,,G,,F,4,097,,,14R185,,,,,,0,0,000000000,00000000000,0,0,0,1,0,0,0,0,0,0,0,998,0,0,0,7,6,2,12,0,0,0,1,53,98682,6,1,0,0,3,0,66,175,2,0,0,0,1,9,2009,12,2011,0,0,0,0,0,3,3,70,2,3,3,1,0,0,14,61,1,1,1,45,1,0
53,530208,3,3,1,25,7,19,46,12,6,1,0,53,3,82,881,82881,66,2011,1FUJGLDR0BSB,1,F,U,J,G,L,D,R,0,B,S,B,1,T,FRHT,125,TR,11,17,,8,0,0,CSC,D,,,6,903,,,,,00000,00,,64,1,57,609981,57609981,3,6,1,1,0,0,0,0,0,0,0,998,0,0,0,12,2,1,12,0,0,0,1,53,98532,6,1,6,1,3,3,70,220,0,0,0,0,0,0,0,0,0,0,0,0,0,0,3,3,70,2,3,2,1,0,0,14,61,1,1,1,98,0,0
53,530209,1,1,1,17,5,22,0,8,0,1,0,53,1,30,42,30042,3,2006,WVWEV71K36W0,W,V,W,E,V,7,1,K,3,6,W,0,0,P,VOLK,NTI,2H,6,17,3025,,0,1015,,G,,T,4,121,,,16R205,,,,,,0,0,000000000,00000000000,0,0,0,1,0,0,0,0,0,0,0,35,0,0,0,12,2,3,8,0,0,0,1,53,98074,6,1,0,0,3,0,69,150,0,0,0,2,1,3,2010,3,2012,0,91,0,0,0,3,3,45,1,1,2,1,0,0,1,80,1,1,1,13,0,0
53,530210,1,2,1,14,6,16,4,12,6,1,0,53,2,53,705,53705,80,2006,VTTGM51A5621,V,T,T,G,M,5,1,A,5,6,2,1,0,M,SUZI,GSF,RS,6,17,,,,,,,487,,2,,4,396,,,,,,,0,0,000000000,00000000000,0,0,0,1,0,0,0,0,0,0,0,998,0,0,0,61,6,2,12,0,0,0,1,53,99337,6,1,0,0,2,3,72,180,0,0,0,0,1,6,2010,6,2010,1,38,0,0,0,1,2,35,1,1,2,1,20,3,6,50,1,1,2,47,1,0
53,530210,2,2,1,14,6,16,4,12,6,1,0,53,1,12,481,12481,31,2006,1FTPX14546FA,1,F,T,P,X,1,4,5,4,6,F,A,1,T,FORD,F15,4C,6,17,,2,0,1450,COF,G,,,8,329,,,,B,4297,16,E,44,1,0,000000000,00000000000,0,0,0,1,0,0,0,0,0,0,0,0,0,0,0,1,6,2,12,0,0,0,1,53,99337,6,1,6,0,3,0,76,195,0,0,0,1,0,12,2009,12,2009,0,0,0,0,0,1,2,35,1,1,2,1,20,3,5,98,1,1,1,45,0,0
53,530212,1,2,2,3,8,9,16,12,6,1,0,53,1,55,38,55038,4,2004,KMHFU45E14A2,K,M,H,F,U,4,5,E,1,4,A,2,0,P,HYUN,XG5,4D,4,17,3651,,0,1083,,G,,F,6,213,,,16R205,,,,,,0,0,000000000,00000000000,0,0,0,1,0,0,0,0,0,0,0,998,0,0,0,9,6,2,12,0,0,0,1,53,98146,6,1,0,0,3,0,70,240,0,0,0,1,0,7,2010,7,2010,0,38,0,0,0,1,2,25,1,3,2,1,0,0,11,15,1,1,2,82,1,0
53,530212,2,2,1,3,8,9,16,12,6,1,0,53,1,12,421,12421,15,1983,1FMDU15G5DLA,1,F,M,D,U,1,5,G,5,D,L,A,0,P,FORD,BRO,UT,83,17,4055,,0,1050,,G,,2,8,351,,,15R215,,,,,,0,0,000000000,00000000000,0,0,0,1,0,0,0,0,0,0,0,998,0,0,0,12,6,2,12,0,0,0,1,53,98146,1,1,0,0,2,3,65,180,0,6,0,1,5,3,2010,1,2012,0,0,0,0,0,1,2,25,1,2,2,1,0,0,1,72,1,1,1,83,0,0
53,530213,1,1,1,4,8,23,17,8,0,1,1,99,9,99,999,99999,99,9999,999999999999,9,9,9,9,9,9,9,9,9,9,9,9,9,,,,,,,,,,,,,,,,,,,,,,,,,0,99,999999999,99999999999,9,99,99,1,0,0,0,0,99,99,9,999,9,0,0,99,9,1,8,0,0,0,1,99,99999,9,9,99,9,9,9,999,999,99,99,99,99,99,99,9999,99,9999,9,0,0,0,0,1,2,35,1,1,2,1,0,0,1,80,99,9,9,13,0,0
53,530214,1,2,1,5,8,21,25,12,2,1,0,41,2,12,471,12471,30,1998,1FTZR15U4WPB,1,F,T,Z,R,1,5,U,4,W,P,B,0,T,FORD,RNS,PC,98,17,,1,0,1259,RNG,G,,,6,182,,,,B,3597,00,E,44,0,0,000000000,00000000000,0,0,0,1,0,0,0,0,0,0,0,998,0,0,0,12,6,2,12,0,0,0,1,41,97007,6,7,0,0,2,3,70,160,0,3,0,0,0,10,2010,2,2011,0,28,0,0,0,1,2,50,1,1,2,1,0,0,1,10,1,1,2,50,1,1
53,530214,2,2,9,5,8,21,25,12,2,1,0,41,2,12,461,12461,21,2000,1FBSS31F7YHA,1,F,B,S,S,3,1,F,7,Y,H,A,0,T,FORD,WSD,ES,0,17,,2,0,1380,ECO,D,,,8,444,,,,D,6186,00,E,42,0,0,000000000,00000000000,0,0,0,1,0,0,0,0,0,0,0,998,0,0,0,12,6,2,12,0,0,0,1,41,97266,6,1,0,0,3,0,65,130,0,0,0,1,0,12,2010,12,2010,0,0,0,0,0,1,2,50,1,1,2,1,0,0,1,62,1,1,1,51,0,0
53,530215,1,1,1,5,8,1,50,8,0,1,1,53,1,58,32,58032,4,1997,JNKBY31A6VM3,J,N,K,B,Y,3,1,A,6,V,M,3,0,P,INFI,Q4T,4D,97,17,3745,,0,1114,,G,,F,8,252,,,15R215,,,,,,0,0,000000000,00000000000,0,0,0,1,0,0,0,0,0,0,0,998,0,0,0,12,2,1,8,0,0,0,1,53,98072,6,1,0,0,3,0,79,222,2,0,0,0,2,8,2010,8,2011,1,91,0,0,0,1,2,30,1,1,2,1,0,0,1,80,1,1,1,13,0,1
53,530216,1,2,1,5,8,8,54,12,1,1,0,47,1,72,706,72706,80,2011,1HD1KEM12BB6,1,H,D,1,K,E,M,1,2,B,B,6,0,M,HD,FTK,RS,11,17,,,,,,,1690,,2,,4,857,,,,,,,0,0,000000000,00000000000,0,0,0,1,0,0,0,0,0,0,0,998,0,0,0,12,6,2,12,0,0,0,1,47,37604,6,1,0,0,3,0,72,330,0,0,0,0,0,0,0,0,0,1,91,0,0,0,1,3,60,2,2,1,1,0,0,6,51,1,1,1,24,1,0
53,530216,2,2,2,5,8,8,54,12,1,1,0,19,2,48,34,48034,6,1997,4S3BG6850V76,4,S,3,B,G,6,8,5,0,V,7,6,0,P,SUBA,UKK,SW,97,17,3155,,0,1035,,G,,F,4,150,,,15R205,,,,,,0,0,000000000,00000000000,0,0,0,1,0,0,0,0,0,0,0,998,0,0,0,6,2,1,12,0,0,0,1,29,64672,6,1,0,0,3,0,72,190,0,0,0,0,0,0,0,0,0,0,0,0,0,0,3,4,60,2,2,1,1,0,0,14,60,1,1,1,25,0,0
53,530217,1,1,1,24,5,17,30,8,0,1,0,53,2,18,2,18002,4,2000,1G4HP54K0Y41,1,G,4,H,P,5,4,K,0,Y,4,1,0,P,BUIC,LCF,4D,0,17,3567,,0,1122,,G,,F,6,231,,,15R215,,,,,,0,0,000000000,00000000000,0,0,0,1,0,0,0,0,0,0,0,998,0,0,0,12,2,1,8,0,0,0,1,53,98506,6,1,0,0,3,3,70,150,0,0,0,1,0,11,2011,11,2011,0,0,0,0,0,5,4,35,1,2,2,1,0,0,1,80,7,1,1,13,0,0
53,530218,1,2,1,5,8,15,33,12,6,1,0,53,1,73,705,73705,80,2001,JKAZX4J111A0,J,K,A,Z,X,4,J,1,1,1,A,0,0,M,KAWK,ZXJ,RC,1,17,,,,,,,600,,4,,4,377,,,,,,,0,0,000000000,00000000000,0,0,0,1,0,0,0,0,0,0,0,998,0,0,0,12,6,2,12,0,0,0,1,53,98367,1,1,0,0,2,0,67,165,2,10,0,2,6,8,2010,7,2012,1,28,0,0,0,1,2,35,2,1,2,1,0,0,14,10,1,1,2,64,1,0
53,530218,2,2,1,5,8,15,33,12,6,1,0,53,1,12,481,12481,31,2005,1FTSX21P85EA,1,F,T,S,X,2,1,P,8,5,E,A,0,T,FORD,F2S,4C,5,17,,2,1580,1418,SRW,D,,,8,366,,,,C,6299,00,U,44,0,0,000000000,00000000000,0,0,0,1,0,0,0,0,0,0,0,998,0,0,0,9,2,1,12,0,0,0,1,53,98367,6,1,6,0,3,0,70,140,0,0,0,0,0,0,0,0,0,0,0,0,0,0,1,2,35,3,2,2,1,0,0,14,62,1,1,1,65,0,0
53,530219,1,1,2,9,8,0,36,33,0,1,0,53,2,72,706,72706,80,2006,1HD1KAV186Y6,1,H,D,1,K,A,V,1,8,6,Y,6,0,M,HD,FHX,RS,6,17,,,,,,,1450,,2,,4,745,,,,,,,0,0,000000000,00000000000,0,0,0,1,0,0,0,0,0,0,0,998,0,0,0,99,6,2,33,0,0,0,1,53,98444,6,1,0,0,3,0,70,198,1,0,0,0,0,1,2010,1,2010,1,0,0,0,0,1,2,25,1,1,2,1,0,0,1,13,1,1,4,1,1,1
53,530220,1,1,2,10,8,21,15,17,0,1,0,53,1,72,706,72706,80,2007,1HD1FC4127Y6,1,H,D,1,F,C,4,1,2,7,Y,6,0,M,HD,FLU,RS,7,17,,,,,,,1584,,2,,4,808,,,,,,,0,0,000000000,00000000000,0,0,0,1,0,0,0,0,0,0,0,998,0,0,0,99,6,2,17,0,0,0,1,53,98006,6,1,0,0,3,0,74,250,0,0,0,0,0,0,0,0,0,0,0,0,0,0,1,2,60,3,1,2,1,0,0,14,13,1,1,4,1,1,0
53,530221,1,2,0,10,8,17,11,12,6,1,1,53,3,82,883,82883,66,2000,1FUYTWEB7YHF,1,F,U,Y,T,W,E,B,7,Y,H,F,0,T,FRHT,F12,TR,0,17,,8,0,0,MCV,D,,,6,733,,,,,00000,00,,64,0,77,777777777,77777777777,3,2,2,1,0,0,0,0,0,0,0,998,0,0,0,12,6,2,12,0,0,0,0,0,99997,7,6,97,7,6,7,998,997,998,998,998,998,998,98,9998,98,9998,8,20,0,0,0,1,2,25,1,6,2,1,0,0,0,17,0,0,0,90,0,0
53,530221,2,2,1,10,8,17,11,12,6,1,0,53,1,73,702,73702,80,1990,JKAZXBC13LB5,J,K,A,Z,X,B,C,1,3,L,B,5,0,M,KAWK,ZX1,RC,90,17,,,,,,,1100,,4,,4,999,,,,,,,0,0,000000000,00000000000,0,0,0,1,0,0,0,0,0,0,0,998,0,0,0,3,6,2,12,0,0,0,1,53,98374,6,1,6,0,3,3,76,280,0,0,0,0,0,0,0,0,0,0,0,0,0,0,1,2,35,1,2,2,1,0,0,1,66,1,1,1,90,1,0