STATE,ST_CASE,VEH_NO,VE_FORMS,NUMOCCS,DAY,MONTH,HOUR,MINUTE,HARM_EV,MAN_COLL,UNITTYPE,HIT_RUN,REG_STAT,OWNER,MAKE,MODEL,MAK_MOD,BODY_TYP,MOD_YEAR,VIN,VIN_1,VIN_2,VIN_3,VIN_4,VIN_5,VIN_6,VIN_7,VIN_8,VIN_9,VIN_10,VIN_11,VIN_12,TOW_VEH,VINTYPE,VINMAKE,VINA_MOD,VIN_BT,VINMODYR,VIN_LNGT,VIN_WGT,WGTCD_TR,WHLBS_LG,WHLBS_SH,SER_TR,FUELCODE,MCYCL_DS,CARBUR,CYLINDER,DISPLACE,MCYCL_CY,MCYCL_WT,TIRE_SZE,TON_RAT,TRK_WT,TRKWTVAR,VIN_REST,WHLDRWHL,J_KNIFE,MCARR_I1,MCARR_I2,MCARR_ID,GVWR,V_CONFIG,CARGO_BT,HAZ_INV,HAZ_PLAC,HAZ_ID,HAZ_CNO,HAZ_REL,BUS_USE,SPEC_USE,EMER_USE,TRAV_SP,UNDERIDE,ROLLOVER,ROLINLOC,IMPACT1,DEFORMED,TOWED,M_HARM,VEH_SC1,VEH_SC2,FIRE_EXP,DR_PRES,L_STATE,DR_ZIP,L_STATUS,L_TYPE,CDL_STAT,L_ENDORS,L_COMPL,L_RESTRI,DR_HGT,DR_WGT,PREV_ACC,PREV_SUS,PREV_DWI,PREV_SPD,PREV_OTH,FIRST_MO,FIRST_YR,LAST_MO,LAST_YR,SPEEDREL,DR_SF1,DR_SF2,DR_SF3,DR_SF4,VTRAFWAY,VNUM_LAN,VSPD_LIM,VALIGN,VPROFILE,VPAVETYP,VSURCOND,VTRAFCON,VTCONT_F,P_CRASH1,P_CRASH2,P_CRASH3,PCRASH4,PCRASH5,ACC_TYPE,DEATHS,DR_DRINK
53,530359,1,2,1,14,11,19,0,12,2,1,0,53,1,59,32,59032,4,1994,JT8UF11E2R01,J,T,8,U,F,1,1,E,2,R,0,1,0,P,LEXS,LS4,4D,94,17,3859,,0,1108,,G,,F,8,242,,,16R225,,,,,,0,0,000000000,00000000000,0,0,0,1,0,0,0,0,0,0,0,998,0,0,0,12,6,2,12,0,0,0,1,53,98346,6,1,0,0,3,0,63,180,0,0,0,1,0,2,2011,2,2011,0,28,0,0,0,1,2,50,1,1,2,1,0,0,1,10,1,1,2,50,1,0
53,530359,2,2,2,14,11,19,0,12,2,1,0,53,2,12,13,12013,4,1985,1FABP369XFW3,1,F,A,B,P,3,6,9,X,F,W,3,0,P,FORD,ESL,4H,85,17,2142,,0,942,,G,,2,4,116,,,000000,,,,,,0,0,000000000,00000000000,0,0,0,1,0,0,0,0,0,0,0,998,0,0,0,12,6,2,12,0,0,0,1,53,98346,1,1,0,0,2,0,69,180,0,1,0,0,0,1,2011,1,2011,0,0,0,0,0,1,2,50,1,1,2,1,0,0,1,62,7,1,1,51,2,0
53,530360,1,2,1,15,11,15,20,12,6,1,0,53,1,14,6,14006,4,1995,2MELM74W0SX6,2,M,E,L,M,7,4,W,0,S,X,6,0,P,MERC,GMG,4D,95,17,3761,,0,1144,,G,,F,8,281,,,15R215,,,,,,0,0,000000000,00000000000,0,0,0,1,0,0,0,0,0,0,0,998,0,0,0,9,6,2,12,0,0,0,1,53,98586,6,1,0,0,3,3,72,200,0,0,0,0,0,0,0,0,0,0,38,39,0,0,1,2,35,1,2,2,1,20,3,11,15,1,1,1,82,1,0
53,530360,2,2,2,15,11,15,20,12,6,1,0,53,2,22,18,22018,4,2004,2G2WP5424413,2,G,2,W,P,5,4,2,4,4,1,3,0,P,PONT,GPG,4D,4,17,3477,,0,1105,,G,,F,6,231,,,16R225,,,,,,0,0,000000000,00000000000,0,0,0,1,0,0,0,0,0,0,0,998,0,0,0,12,6,2,12,0,0,0,1,53,98579,6,1,0,0,3,3,73,165,0,0,0,0,0,0,0,0,0,0,0,0,0,0,1,2,55,1,2,2,1,0,0,1,67,6,1,2,83,0,0
53,530361,1,1,1,15,11,16,9,1,0,1,0,53,1,2,403,2403,14,2002,1J4FA49S72P7,1,J,4,F,A,4,9,S,7,2,P,7,0,T,JEEP,SPW,2W,2,17,,1,0,934,W/T,G,,,6,244,,,,,3299,00,E,44,0,0,000000000,00000000000,0,0,0,1,0,0,0,0,0,0,0,998,0,1,6,0,6,2,1,0,0,0,1,53,98942,6,1,0,0,3,3,69,180,1,0,0,0,1,9,2010,9,2010,0,0,0,0,0,1,2,35,8,8,2,1,0,0,1,13,6,1,4,6,1,1
53,530362,1,2,1,17,11,1,9,12,6,1,0,53,3,13,15,13015,4,2013,1LNHL9DK8DG6,1,L,N,H,L,9,D,K,8,D,G,6,0,P,LINC,MKS,4D,13,17,4151,,0,1129,,G,,F,6,226,,,19R255,,,,,,0,0,000000000,00000000000,0,0,0,1,0,0,0,0,0,0,0,998,0,0,0,12,6,2,12,0,0,0,1,6,92113,6,1,0,0,3,0,68,140,0,0,0,0,0,0,0,0,0,1,39,91,0,0,1,4,30,1,1,2,2,3,3,1,17,1,1,1,86,0,1
53,530362,2,2,2,17,11,1,9,12,6,1,0,53,2,35,50,35050,4,2009,3N1BC11E29L3,3,N,1,B,C,1,1,E,2,9,L,3,0,P,NISS,VSL,4D,9,17,2671,,0,1024,,G,,F,4,110,,,15R185,,,,,,0,0,000000000,00000000000,0,0,0,1,0,0,0,0,0,0,0,998,0,0,0,3,6,2,12,0,0,0,1,53,98560,1,1,0,0,2,0,71,200,0,1,0,1,5,4,2011,11,2012,0,0,0,0,0,1,2,30,1,1,2,2,3,3,1,66,1,1,1,87,1,1
53,530364,1,1,1,21,11,22,30,42,0,1,0,53,2,20,481,20481,31,2002,1GCEK19Z82Z3,1,G,C,E,K,1,9,Z,8,2,Z,3,0,T,CHEV,SK1,4C,2,17,,2,1575,1435,SIL,F,,,8,325,,,,B,4910,02,,44,0,0,000000000,00000000000,0,0,0,1,0,0,0,0,0,0,0,998,0,0,0,99,6,2,42,0,0,0,1,53,98537,6,1,0,0,3,0,73,304,0,0,0,0,0,0,0,0,0,1,0,0,0,0,1,2,25,2,2,2,2,0,0,14,12,1,1,4,6,1,1
53,530365,1,2,2,23,11,14,41,12,6,1,0,53,1,49,32,49032,4,1994,JT2AE09V1R00,J,T,2,A,E,0,9,V,1,R,0,0,0,P,TOYT,COX,SW,94,17,2480,,0,970,,G,,F,4,108,,,14R185,,,,,,0,0,000000000,00000000000,0,0,0,1,0,0,0,0,0,0,0,998,0,0,0,3,6,2,12,0,0,0,1,53,98604,6,1,0,0,3,0,67,130,1,0,0,2,0,6,2011,1,2012,1,39,0,0,0,1,2,40,1,1,2,2,20,3,1,17,1,1,1,87,1,0
53,530365,2,2,1,23,11,14,41,12,6,1,0,53,1,20,481,20481,31,2006,2GCEK13TX611,2,G,C,E,K,1,3,T,X,6,1,1,0,T,CHEV,SK1,CW,6,17,,2,0,1435,SIL,G,,,8,323,,,,B,5284,00,,44,0,0,000000000,00000000000,0,0,0,1,0,0,0,0,0,0,0,998,0,0,0,12,6,2,12,0,0,0,1,53,98604,6,1,0,0,3,0,70,175,1,0,0,1,0,4,2010,7,2011,0,0,0,0,0,1,2,50,1,1,2,2,0,0,1,66,1,1,1,86,0,0
53,530366,1,2,1,23,11,16,51,12,7,1,0,53,2,12,481,12481,31,2002,1FTRW08L32KC,1,F,T,R,W,0,8,L,3,2,K,C,0,T,FORD,F1S,CW,2,17,,2,0,1388,COF,G,,,8,330,,,,B,5005,02,E,44,0,0,000000000,00000000000,0,0,0,1,0,0,0,0,0,0,0,998,0,9,6,62,6,2,1,0,0,0,1,53,98223,6,1,6,0,3,0,70,220,0,4,0,0,6,6,2010,9,2012,0,91,0,0,0,3,5,60,2,1,2,2,0,0,6,10,1,1,2,47,1,1
53,530366,2,2,1,23,11,16,51,12,7,1,0,53,1,20,404,20404,14,2012,2GNFLGEK0C63,2,G,N,F,L,G,E,K,0,C,6,3,0,P,CHEV,EQU,UT,12,17,3987,,0,1125,,F,,F,4,146,,,17R225,,,,,,0,0,000000000,00000000000,0,0,0,1,0,0,0,0,0,0,0,998,0,0,0,82,2,1,12,0,0,0,1,53,98208,6,1,0,0,3,3,69,208,0,0,0,1,0,7,2010,7,2010,0,0,0,0,0,3,5,60,2,1,2,2,0,0,14,60,1,1,1,45,0,0
53,530367,1,1,1,26,11,11,59,42,0,1,0,53,1,12,481,12481,31,1999,1FTNF21L4XEC,1,F,T,N,F,2,1,L,4,X,E,C,0,T,FORD,F2S,PK,99,17,,2,0,1370,SRW,G,,,8,330,,,,C,5440,00,U,44,0,0,000000000,00000000000,0,0,0,1,0,0,0,0,0,0,0,998,0,9,6,99,6,2,42,0,0,0,1,53,98903,1,1,0,0,2,3,73,195,0,0,0,0,0,0,0,0,0,0,0,0,0,0,1,2,50,1,1,2,1,0,0,1,13,1,1,4,1,1,1
53,530368,1,1,1,27,11,14,52,33,0,1,0,41,2,41,50,41050,4,2006,1YVFP80C065M,1,Y,V,F,P,8,0,C,0,6,5,M,0,P,MAZD,M6I,4D,6,17,3091,,0,1053,,G,,F,4,138,,,16R205,,,,,,0,0,000000000,00000000000,0,0,0,1,0,0,0,0,0,0,0,998,0,0,0,14,6,2,30,0,0,0,1,53,98660,1,1,0,0,2,0,66,118,2,1,0,0,0,7,2012,11,2012,1,0,0,0,0,1,4,35,1,1,2,1,0,0,6,13,4,1,4,1,1,0
53,530369,1,2,1,30,11,22,7,12,2,1,0,53,9,23,481,23481,31,2009,1GTHK83679F1,1,G,T,H,K,8,3,6,7,9,F,1,0,T,GMC,5K3,CW,9,17,,2,0,1670,SIE,D,,,8,403,,,,D,6308,00,E,44,0,0,000000000,00000000000,0,0,0,1,0,0,0,0,0,0,0,998,0,0,0,12,6,2,12,0,0,0,1,53,99025,6,1,0,0,3,0,74,210,0,0,0,2,0,6,2010,10,2010,0,51,0,0,0,2,4,70,1,1,2,8,0,0,1,10,1,1,2,50,1,1
53,530369,2,2,1,30,11,22,7,12,2,1,0,41,1,20,2,20002,4,2008,2G1WD58C2891,2,G,1,W,D,5,8,C,2,8,9,1,0,P,CHEV,ISS,4D,8,17,3711,,0,1105,,G,,F,8,323,,,18R235,,,,,,0,0,000000000,00000000000,0,0,0,1,0,0,0,0,0,0,0,998,0,0,0,12,6,2,12,0,0,0,1,41,97875,6,1,0,0,3,3,76,185,0,0,0,0,0,0,0,0,0,0,0,0,0,0,2,4,70,1,1,2,8,0,0,1,62,1,1,1,51,1,0
53,530370,1,1,2,1,12,17,26,8,0,1,0,53,1,23,481,23481,31,2003,2GTEK19T3311,2,G,T,E,K,1,9,T,3,3,1,1,0,T,GMC,NK1,4C,3,17,,2,1575,1435,SIE,G,,,8,325,,,,B,4910,02,4,44,0,0,000000000,00000000000,0,0,0,1,0,0,0,0,0,0,0,998,0,0,0,12,2,3,8,0,0,0,1,53,98663,6,1,0,0,3,3,71,190,0,0,0,1,0,5,2011,5,2011,0,0,0,0,0,1,2,50,1,1,2,2,0,0,1,80,1,1,1,13,0,0
53,530371,1,2,1,1,12,17,10,25,0,1,0,53,1,19,3,19003,4,1996,1G6KD52Y2TU2,1,G,6,K,D,5,2,Y,2,T,U,2,0,P,CADI,DFW,4D,96,17,3758,,0,1138,,G,,F,8,279,,,15R225,,,,,,0,0,000000000,00000000000,0,0,0,1,0,0,0,0,0,0,0,998,0,0,0,1,6,2,12,0,0,0,1,53,99352,6,1,0,0,3,0,70,180,0,0,0,0,0,0,0,0,0,0,58,0,0,0,3,4,60,1,1,2,1,0,0,1,13,1,1,4,1,1,0
53,530371,2,2,2,1,12,17,10,25,0,1,0,53,1,49,40,49040,4,1995,JT2SK12E6S03,J,T,2,S,K,1,2,E,6,S,0,3,0,P,TOYT,CLE,4D,95,17,3086,,0,1031,,G,,F,4,132,,,14R195,,,,,,0,0,000000000,00000000000,0,0,0,1,0,0,0,0,0,0,0,998,0,0,0,12,6,2,12,0,0,0,1,53,99354,6,1,0,0,3,0,70,160,0,0,0,1,0,9,2011,9,2011,0,0,0,0,0,3,4,60,1,1,2,1,0,0,1,54,1,1,1,98,0,0
53,530372,1,2,1,3,12,18,42,8,0,1,0,53,2,19,14,19014,4,1985,1G6KS6982FE8,1,G,6,K,S,6,9,8,2,F,E,8,0,P,CADI,SEV,4D,85,17,3697,,0,1140,,G,,F,8,249,,,15R205,,,,,,0,0,000000000,00000000000,0,0,0,1,0,0,0,0,0,0,0,998,0,0,0,12,2,1,8,0,0,0,1,53,98118,3,1,0,0,2,0,65,122,0,0,0,0,0,0,0,0,0,0,91,0,0,0,3,3,40,1,2,2,2,0,0,1,80,1,1,1,13,0,0
53,530372,2,2,1,3,12,18,42,8,0,1,0,53,2,12,422,12422,15,2007,1FMFU16537LA,1,F,M,F,U,1,6,5,3,7,L,A,0,P,FORD,EPT,UT,7,17,5803,,0,1190,,G,,F,8,329,,,17R265,,,,,,0,0,000000000,00000000000,0,0,0,1,0,0,0,0,0,0,0,998,0,0,0,14,8,1,8,0,0,0,1,53,98166,6,1,0,0,3,3,69,175,0,0,0,0,0,0,0,0,0,0,0,0,0,0,3,3,40,1,2,2,2,0,0,1,80,1,1,1,98,0,0
53,530373,1,1,1,3,12,17,4,15,0,1,0,53,1,18,2,18002,4,1997,1G4HP52K0VH4,1,G,4,H,P,5,2,K,0,V,H,4,0,P,BUIC,LCF,4D,97,17,3446,,0,1108,,G,,F,6,231,,,15R205,,,,,,0,0,000000000,00000000000,0,0,0,1,0,0,0,0,0,0,0,998,0,0,0,12,2,1,15,0,0,0,1,53,98570,6,1,0,0,3,3,69,150,0,0,0,0,0,0,0,0,0,0,38,0,0,0,5,2,25,1,1,2,2,0,0,1,80,4,1,1,13,0,0
53,530374,1,1,1,4,12,5,30,8,0,1,1,53,1,48,34,48034,4,1998,4S3BD6751W72,4,S,3,B,D,6,7,5,1,W,7,2,0,P,SUBA,UGG,4D,98,17,3090,,0,1035,,G,,F,4,150,,,16R205,,,,,,0,0,000000000,00000000000,0,0,0,1,0,0,0,0,0,0,0,998,0,0,0,12,4,1,8,0,0,0,1,53,98258,6,1,0,0,3,0,68,155,0,0,0,0,1,10,2012,10,2012,0,0,0,0,0,1,2,98,1,1,2,2,0,0,1,13,1,1,4,13,0,1
53,530375,1,1,1,5,12,6,41,34,0,1,0,2,2,49,472,49472,30,1997,4TAWM72N5VZ3,4,T,A,W,M,7,2,N,5,V,Z,3,0,T,TOYT,XTR,PC,97,17,,1,0,1219,TAC,G,,,4,164,,,,B,3345,00,M,44,0,0,000000000,00000000000,0,0,0,1,0,0,0,0,0,0,0,998,0,1,6,6,6,2,1,0,0,0,1,53,98901,6,1,0,0,3,0,72,170,0,0,0,0,0,0,0,0,0,1,87,0,0,0,3,2,70,1,1,2,4,0,0,1,6,7,4,4,2,1,0
53,530376,1,2,1,6,12,21,41,12,2,1,0,53,1,38,401,38401,14,1994,JACDH58WXR79,J,A,C,D,H,5,8,W,X,R,7,9,0,P,ISU,TRO,UT,94,17,4210,,0,1087,,G,,F,6,195,,,16R245,,,,,,0,0,000000000,00000000000,0,0,0,1,0,0,0,0,0,0,0,998,0,0,0,12,6,2,12,0,0,0,1,53,98569,6,1,0,0,3,3,66,154,0,0,0,0,0,0,0,0,0,0,28,91,0,0,1,2,50,3,1,2,2,0,0,14,10,1,1,2,50,0,1
53,530376,2,2,1,6,12,21,41,12,2,1,0,53,1,38,403,38403,14,1994,JACCG07E7R98,J,A,C,C,G,0,7,E,7,R,9,8,0,P,ISU,AMI,UT,94,17,3390,,0,917,,G,,F,4,156,,,16R245,,,,,,0,0,000000000,00000000000,0,0,0,1,0,0,0,0,0,0,0,998,0,0,0,12,6,2,12,0,0,0,1,53,98371,6,1,0,0,3,0,64,150,0,0,0,1,0,4,2010,4,2010,0,0,0,0,0,1,2,50,2,1,2,2,0,0,14,62,1,1,1,51,1,0
53,530377,1,4,2,7,12,22,45,12,2,1,0,53,2,48,38,48038,4,2012,JF1GJAA6XCH0,J,F,1,G,J,A,A,6,X,C,H,0,0,P,SUBA,IMP,4D,12,17,2910,,0,0,,G,,F,4,122,,,000000,,,,,,0,0,000000000,00000000000,0,0,0,1,0,0,0,0,0,0,0,998,0,0,0,12,6,2,12,0,0,0,1,53,98012,6,1,0,0,3,0,69,220,0,0,0,0,1,7,2011,7,2011,1,28,0,0,0,1,4,55,1,4,2,1,0,0,6,10,1,1,2,50,1,0
53,530377,2,4,1,7,12,22,45,12,2,1,0,53,1,20,482,20482,31,2002,3GNEK13T22G2,3,G,N,E,K,1,3,T,2,2,G,2,0,T,CHEV,KAV,CW,2,17,,2,0,1300,AVL,G,,,8,325,,,,B,5652,00,,44,0,0,000000000,00000000000,0,0,0,1,0,0,0,0,0,0,0,998,0,0,0,12,6,2,12,0,0,0,1,53,98037,6,1,0,0,3,0,72,175,0,0,0,0,0,0,0,0,0,0,0,0,0,0,1,4,55,1,4,2,1,0,0,1,62,1,1,1,51,0,0
53,530377,3,4,1,7,12,22,45,12,2,1,0,53,1,12,471,12471,30,1990,1FTCR11T8LUB,1,F,T,C,R,1,1,T,8,L,U,B,0,T,FORD,RNG,PK,90,17,,1,1140,1080,RNG,G,,,6,177,,,,B,2978,01,A,44,0,0,000000000,00000000000,0,0,0,1,0,0,0,0,0,0,0,998,0,0,0,12,6,2,12,0,0,0,1,53,98565,6,1,0,0,3,0,73,205,0,2,0,1,0,5,2011,11,2011,0,0,0,0,0,1,4,55,1,4,2,1,0,0,1,98,4,1,1,98,0,0
53,530377,4,4,1,7,12,22,45,12,2,1,0,8,1,35,481,35481,31,2008,1N6AA07C08N3,1,N,6,A,A,0,7,C,0,8,N,3,0,T,NISS,TXP,CW,8,17,,2,0,1398,TTN,G,,,8,342,,,,B,5148,00,4,44,0,0,000000000,00000000000,0,0,0,1,0,0,0,0,0,0,0,998,0,0,0,61,2,1,12,0,0,0,1,53,98258,6,1,0,0,3,0,68,180,0,0,0,0,0,0,0,0,0,0,0,0,0,0,1,4,55,1,4,2,1,0,0,1,98,1,1,1,98,0,0
53,530378,1,2,2,9,12,15,55,12,6,1,0,53,1,20,37,20037,4,2001,1G1ND52JX1M5,1,G,1,N,D,5,2,J,X,1,M,5,0,P,CHEV,MAL,4D,1,17,3051,,0,1070,,G,,F,6,191,,,15R215,,,,,,0,0,000000000,00000000000,0,0,0,1,0,0,0,0,0,0,0,998,0,0,0,3,6,2,12,0,0,0,1,53,98951,6,1,0,0,3,0,65,145,0,0,0,2,1,12,2009,12,2011,0,38,39,0,0,1,2,50,1,1,2,1,20,3,1,17,1,1,1,87,1,0
53,530378,2,2,2,9,12,15,55,12,6,1,0,53,1,20,431,20431,16,1997,3GNFK16R0VG1,3,G,N,F,K,1,6,R,0,V,G,1,0,P,CHEV,K15,UT,97,17,5234,,0,1315,,G,,F,8,350,,,16R245,,,,,,0,0,000000000,00000000000,0,0,0,1,0,0,0,0,0,0,0,998,0,9,6,12,6,2,1,0,0,0,1,53,98951,6,1,0,0,3,0,72,208,0,0,0,0,1,4,2012,4,2012,0,0,0,0,0,1,2,55,1,1,2,1,0,0,1,66,1,1,1,86,0,0
53,530379,1,1,2,10,12,4,38,30,0,1,0,53,2,52,35,52035,4,2001,JA3AY26C11U0,J,A,3,A,Y,2,6,C,1,1,U,0,0,P,MITS,MES,4D,1,17,2437,,0,984,,G,,F,4,112,,,14R175,,,,,,0,0,000000000,00000000000,0,0,0,1,0,0,0,0,0,0,0,998,0,0,0,63,6,2,30,0,0,0,1,53,98392,6,1,0,0,3,0,69,280,0,0,0,0,0,0,0,0,0,0,0,0,0,0,1,2,45,3,2,2,2,0,0,14,13,99,3,4,2,1,1
53,530380,1,1,1,11,12,14,24,8,0,1,0,53,3,12,461,12461,21,2007,1FBSS31L87DB,1,F,B,S,S,3,1,L,8,7,D,B,0,T,FORD,WSD,ES,7,17,,2,0,1380,ECO,G,,,8,330,,,,D,6231,00,K,42,0,0,000000000,00000000000,0,0,0,1,0,0,0,0,0,0,0,998,0,0,0,12,2,3,8,0,0,0,1,53,98065,6,1,0,0,3,0,72,280,0,0,0,0,0,0,0,0,0,0,0,0,0,0,2,2,40,1,1,2,2,0,0,11,80,3,1,1,13,0,0
53,530381,1,3,2,11,12,11,0,12,1,1,0,53,2,23,431,23431,16,1995,1GKFK16K3SJ7,1,G,K,F,K,1,6,K,3,S,J,7,0,T,GMC,KSU,4W,95,17,,2,0,1315,K15,G,,,8,350,,,,B,00000,00,M,44,0,0,000000000,00000000000,0,0,0,1,0,0,0,0,0,0,0,998,0,0,0,12,6,2,12,0,0,0,1,53,98932,6,1,0,0,3,0,75,200,0,0,0,0,0,0,0,0,0,0,26,0,0,0,1,2,55,1,1,2,1,0,0,1,50,1,1,1,20,0,0
53,530381,2,3,1,11,12,11,0,12,1,1,0,53,1,35,47,35047,4,2010,1N4AL2AP0AN5,1,N,4,A,L,2,A,P,0,A,N,5,0,P,NISS,ATS,4D,10,17,3063,,0,1093,,G,,F,4,153,,,16R215,,,,,,0,0,000000000,00000000000,0,0,0,1,0,0,0,0,0,0,0,0,0,0,0,6,6,2,12,0,0,0,1,53,98938,6,1,0,0,3,3,62,170,0,0,0,0,0,0,0,0,0,0,0,0,0,0,1,2,55,1,1,2,1,0,0,5,53,1,1,1,21,1,0
53,530381,3,3,1,11,12,11,0,12,1,1,0,53,2,37,32,37032,4,1992,1HGCB7558NA1,1,H,G,C,B,7,5,5,8,N,A,1,0,P,HOND,ALX,4D,92,17,2504,,0,1071,,G,,F,4,132,,,14R185,,,,,,0,0,000000000,00000000000,0,0,0,1,0,0,0,0,0,0,0,0,0,0,0,6,6,2,12,0,0,0,1,53,98938,6,1,0,0,3,0,60,130,0,0,0,0,0,0,0,0,0,0,0,0,0,0,1,2,55,1,1,2,1,0,0,5,87,1,1,1,98,0,0
53,530382,1,1,1,8,9,12,17,25,0,1,0,53,1,12,471,12471,30,1997,1FTCR10A0VPB,1,F,T,C,R,1,0,A,0,V,P,B,0,T,FORD,RNG,PK,97,17,,1,1140,1080,RNG,G,,,4,140,,,,B,2970,01,E,42,0,0,000000000,00000000000,0,0,0,1,0,0,0,0,0,0,0,998,0,0,0,61,6,2,25,0,0,0,1,53,98444,6,1,0,0,3,0,74,335,1,0,0,1,0,2,2011,12,2011,0,0,0,0,0,3,2,30,1,1,2,1,0,0,1,12,1,1,4,6,1,0
53,530383,1,1,1,25,10,1,31,8,0,1,0,53,2,55,33,55033,4,2010,5NPEU4AF4AH6,5,N,P,E,U,4,A,F,4,A,H,6,0,P,HYUN,SLI,4D,10,17,3494,,0,1074,,G,,F,6,204,,,17R215,,,,,,0,0,000000000,00000000000,0,0,0,1,0,0,0,0,0,0,0,998,0,0,0,12,2,1,8,0,0,0,1,53,98001,6,1,0,0,3,0,75,240,0,0,0,0,0,0,0,0,0,0,0,0,0,0,3,5,60,1,1,2,2,0,0,1,80,1,1,1,13,0,0
53,530384,1,1,1,12,12,10,45,25,0,1,0,53,3,87,881,87881,66,2007,1XPFD49X37D6,1,X,P,F,D,4,9,X,3,7,D,6,1,T,PTRB,378,TR,7,17,,8,0,0,CON,D,,,6,915,,,,,00000,00,,64,1,57,67127,5767127,3,6,1,1,0,0,0,0,0,0,0,998,0,1,6,61,6,2,1,0,0,0,1,53,98360,6,1,6,1,3,0,70,240,0,0,0,0,1,3,2010,3,2010,0,0,0,0,0,6,1,60,2,1,2,2,0,0,14,12,1,1,4,6,1,0
53,530385,1,2,1,12,12,10,13,12,7,1,0,53,1,12,481,12481,31,2008,1FTPW14518FA,1,F,T,P,W,1,4,5,1,8,F,A,0,T,FORD,F1S,CW,8,17,,2,1500,1390,COF,G,,,8,329,,,,B,5361,01,E,44,0,0,000000000,00000000000,0,0,0,1,0,0,0,0,0,0,0,998,0,0,0,62,6,2,8,0,0,0,1,53,99301,6,1,0,0,3,0,72,232,0,0,0,1,0,4,2010,4,2010,0,38,0,0,0,5,4,35,1,1,2,1,0,0,15,53,1,1,2,47,0,0
53,530385,2,2,1,12,12,10,13,12,7,1,0,53,1,20,481,20481,31,2003,1GCEK19T83E1,1,G,C,E,K,1,9,T,8,3,E,1,0,T,CHEV,SK1,4C,3,17,,2,1575,1435,SIL,G,,,8,325,,,,B,4910,02,,44,0,0,000000000,00000000000,0,0,0,1,0,0,0,0,0,0,0,998,0,0,0,82,2,1,12,0,0,0,1,53,98902,6,1,0,0,3,0,66,150,0,0,0,2,0,8,2011,11,2012,0,0,0,0,0,5,4,35,1,1,2,1,3,3,1,60,1,1,1,45,0,0
53,530386,1,1,1,14,12,18,3,59,0,1,0,16,2,20,9,20009,2,1998,2G1FP22K9W21,2,G,1,F,P,2,2,K,9,W,2,1,0,P,CHEV,CAM,CP,98,17,3331,,0,1011,,G,,F,6,231,,,16R215,,,,,,0,0,000000000,00000000000,0,0,0,1,0,0,0,0,0,0,0,998,0,0,0,9,6,2,8,0,0,0,1,16,83835,1,1,0,0,2,0,73,158,0,1,0,2,0,5,2012,7,2012,1,87,0,0,0,3,4,60,1,3,1,4,0,0,1,5,1,3,4,2,0,1
53,530387,1,1,1,14,12,4,39,1,0,1,0,53,1,7,42,7042,2,1995,4B3AU42Y4SE1,4,B,3,A,U,4,2,Y,4,S,E,1,0,P,DODG,AVE,CP,95,17,2731,,0,1037,,G,,F,4,122,,,14R195,,,,,,0,0,000000000,00000000000,0,0,0,1,0,0,0,0,0,0,0,998,0,9,1,0,6,2,1,0,0,0,1,53,98290,6,1,0,0,3,0,68,200,0,0,0,1,2,4,2010,4,2012,1,0,0,0,0,1,2,35,3,2,2,2,0,0,14,13,6,4,6,98,1,0
53,530388,1,1,5,15,12,10,37,1,0,1,0,53,2,12,402,12402,14,2003,1FMCU93103KB,1,F,M,C,U,9,3,1,0,3,K,B,0,P,FORD,SPE,UT,3,17,3458,,0,1031,,G,,F,6,181,,,16R235,,,,,,0,0,000000000,00000000000,0,0,0,1,0,0,0,0,0,0,0,998,0,9,3,0,6,2,1,0,0,0,1,53,98031,6,1,0,0,3,0,67,135,0,0,0,0,0,0,0,0,0,1,87,0,0,0,3,2,70,3,2,2,4,0,0,14,5,99,4,4,98,1,0
53,530389,1,1,1,16,12,15,41,14,0,1,0,53,1,49,472,49472,30,2004,5TBBT44154S4,5,T,B,B,T,4,4,1,5,4,S,4,0,T,TOYT,TT5,4C,4,17,,2,0,1283,TUN,G,,,8,285,,,,B,4160,00,U,44,0,0,000000000,00000000000,0,0,0,1,0,0,0,0,0,0,0,998,0,0,0,9,6,2,8,0,0,0,1,53,98056,6,1,0,0,3,0,70,170,0,0,0,0,0,0,0,0,0,1,87,0,0,0,2,4,45,4,1,2,3,0,0,14,5,99,3,4,2,0,0
53,530390,1,1,2,16,12,21,53,42,0,1,0,53,2,12,13,12013,2,1999,3FAKP1133XR1,3,F,A,K,P,1,1,3,3,X,R,1,0,P,FORD,ZCH,CP,99,17,2478,,0,984,,G,,F,4,121,,,14R185,,,,,,0,0,000000000,00000000000,0,0,0,1,0,0,0,0,0,0,0,998,0,0,0,12,6,2,42,0,0,0,1,53,98632,6,1,0,0,3,0,71,184,3,0,0,0,1,10,2010,10,2012,1,0,0,0,0,1,2,25,1,1,2,2,0,0,1,6,99,9,4,7,1,0