STATE,ST_CASE,VEH_NO,VE_FORMS,NUMOCCS,DAY,MONTH,HOUR,MINUTE,HARM_EV,MAN_COLL,UNITTYPE,HIT_RUN,REG_STAT,OWNER,MAKE,MODEL,MAK_MOD,BODY_TYP,MOD_YEAR,VIN,VIN_1,VIN_2,VIN_3,VIN_4,VIN_5,VIN_6,VIN_7,VIN_8,VIN_9,VIN_10,VIN_11,VIN_12,TOW_VEH,VINTYPE,VINMAKE,VINA_MOD,VIN_BT,VINMODYR,VIN_LNGT,VIN_WGT,WGTCD_TR,WHLBS_LG,WHLBS_SH,SER_TR,FUELCODE,MCYCL_DS,CARBUR,CYLINDER,DISPLACE,MCYCL_CY,MCYCL_WT,TIRE_SZE,TON_RAT,TRK_WT,TRKWTVAR,VIN_REST,WHLDRWHL,J_KNIFE,MCARR_I1,MCARR_I2,MCARR_ID,GVWR,V_CONFIG,CARGO_BT,HAZ_INV,HAZ_PLAC,HAZ_ID,HAZ_CNO,HAZ_REL,BUS_USE,SPEC_USE,EMER_USE,TRAV_SP,UNDERIDE,ROLLOVER,ROLINLOC,IMPACT1,DEFORMED,TOWED,M_HARM,VEH_SC1,VEH_SC2,FIRE_EXP,DR_PRES,L_STATE,DR_ZIP,L_STATUS,L_TYPE,CDL_STAT,L_ENDORS,L_COMPL,L_RESTRI,DR_HGT,DR_WGT,PREV_ACC,PREV_SUS,PREV_DWI,PREV_SPD,PREV_OTH,FIRST_MO,FIRST_YR,LAST_MO,LAST_YR,SPEEDREL,DR_SF1,DR_SF2,DR_SF3,DR_SF4,VTRAFWAY,VNUM_LAN,VSPD_LIM,VALIGN,VPROFILE,VPAVETYP,VSURCOND,VTRAFCON,VTCONT_F,P_CRASH1,P_CRASH2,P_CRASH3,PCRASH4,PCRASH5,ACC_TYPE,DEATHS,DR_DRINK
53,530391,1,1,1,17,12,17,50,8,0,1,0,41,1,12,481,12481,31,1996,1FTHX26F1TEA,1,F,T,H,X,2,6,F,1,T,E,A,0,T,FORD,F25,PC,96,17,,2,1550,1390,COF,D,,,8,444,,,,C,5045,00,A,44,0,0,000000000,00000000000,0,0,0,1,0,0,0,0,0,0,0,998,0,0,0,12,2,3,8,0,0,0,1,41,97267,6,1,0,0,3,0,72,200,0,0,0,0,1,4,2012,4,2012,0,91,0,0,0,5,4,35,1,1,2,2,0,0,1,80,1,1,1,13,0,0
53,530392,1,1,1,17,12,17,21,8,0,1,0,53,1,35,39,35039,4,2000,JN1CA31D5YT5,J,N,1,C,A,3,1,D,5,Y,T,5,0,P,NISS,MGS,4D,0,17,3071,,0,1083,,G,,F,6,182,,,15R205,,,,,,0,0,000000000,00000000000,0,0,0,1,0,0,0,0,0,0,0,998,0,0,0,12,2,1,8,0,0,0,1,41,98023,6,1,0,0,3,3,74,175,0,0,0,1,1,2,2010,5,2012,0,0,0,0,0,3,4,35,1,1,2,1,0,0,1,80,1,1,1,13,0,0
53,530393,1,2,1,17,12,18,43,12,7,1,0,53,1,12,3,12003,2,1993,1FACP42E8PF1,1,F,A,C,P,4,2,E,8,P,F,1,0,P,FORD,MCG,2H,93,17,3144,,0,1005,,G,,F,8,302,,,16R225,,,,,,0,0,000000000,00000000000,0,0,0,1,0,0,0,0,0,0,0,998,3,0,0,10,6,2,12,0,0,0,1,53,99336,6,1,0,0,3,3,67,160,0,0,0,0,0,0,0,0,0,1,38,87,0,0,3,3,70,2,2,1,10,0,0,14,5,99,7,2,98,1,0
53,530393,2,2,1,17,12,18,43,12,7,1,0,18,3,51,881,51881,66,2008,4V4NC9TG98N4,4,V,4,N,C,9,T,G,9,8,N,4,1,T,VOLV,VNL,TR,8,17,,8,0,0,VVN,D,,,6,915,,,,,00000,00,,64,1,57,428823,57428823,3,6,2,1,0,0,0,0,0,0,0,998,7,0,0,5,6,2,12,0,0,0,1,6,92371,6,1,8,2,2,3,65,190,0,0,0,1,0,4,2011,4,2011,0,87,0,0,0,3,3,60,2,2,1,10,0,0,14,60,1,1,1,98,0,0
53,530394,1,2,4,19,12,16,49,12,6,1,0,53,2,12,481,12481,31,2000,2FTRX18L9YCA,2,F,T,R,X,1,8,L,9,Y,C,A,0,T,FORD,F15,4C,0,17,,2,1574,1388,COF,G,,,8,330,,,,B,4611,04,U,44,0,0,000000000,00000000000,0,0,0,1,0,0,0,0,0,0,0,998,0,1,1,3,6,2,12,0,0,0,1,53,98952,6,1,0,0,3,0,70,260,0,0,0,0,0,0,0,0,0,1,28,58,87,0,1,2,55,1,1,2,4,0,0,1,5,99,4,2,98,0,0
53,530394,2,2,5,19,12,16,49,12,6,1,0,53,1,13,1,13001,4,1992,1LNLM81W9NY7,1,L,N,L,M,8,1,W,9,N,Y,7,0,P,LINC,EXC,4D,92,17,4024,,0,1174,,G,,F,8,281,,,15R215,,,,,,0,0,000000000,00000000000,0,0,0,1,0,0,0,0,0,0,0,998,0,0,0,12,6,2,12,0,0,0,1,53,98952,1,1,0,0,2,3,61,170,0,1,0,0,1,7,2012,9,2012,0,0,0,0,0,1,2,55,1,1,2,4,0,0,1,62,1,1,1,98,1,0
53,530395,1,1,1,21,12,2,10,31,0,1,0,53,2,7,402,7402,14,2003,1D4HS78Z13F5,1,D,4,H,S,7,8,Z,1,3,F,5,0,P,DODG,DUR,UT,3,17,4819,,0,1160,,G,,F,8,360,,,17R275,,,,,,0,0,000000000,00000000000,0,0,0,1,0,0,0,0,0,0,0,998,0,1,1,12,6,2,1,0,0,0,1,53,98951,1,1,0,0,2,0,67,170,0,1,0,0,1,12,2009,11,2012,1,0,0,0,0,1,2,50,1,1,2,1,0,0,1,13,1,1,4,1,1,1
53,530396,1,1,1,21,12,16,5,42,0,1,0,53,1,12,471,12471,30,1997,1FTDR15X3VPA,1,F,T,D,R,1,5,X,3,V,P,A,0,T,FORD,RNS,PC,97,17,,1,0,1250,RNG,G,,,6,245,,,,B,3670,03,E,44,0,0,000000000,00000000000,0,0,0,1,0,0,0,0,0,0,0,998,0,0,0,99,6,2,42,0,0,0,1,53,98520,6,1,0,0,3,0,63,140,0,0,0,2,0,2,2012,2,2012,1,0,0,0,0,1,2,50,3,2,2,2,0,0,14,13,1,1,4,1,1,1
53,530397,1,1,6,21,12,13,20,18,0,1,0,53,2,20,431,20431,16,1999,3GNFK16R3XG1,3,G,N,F,K,1,6,R,3,X,G,1,0,P,CHEV,K15,UT,99,17,5297,,0,1315,,G,,F,8,350,,,16R245,,,,,,0,0,000000000,00000000000,0,0,0,1,0,0,0,0,0,0,0,998,0,0,0,13,6,2,18,0,0,0,1,53,98021,6,1,0,0,3,0,72,270,0,0,0,0,0,0,0,0,0,0,0,0,0,0,1,2,50,1,1,2,3,0,0,1,98,1,1,1,98,2,0
53,530398,1,3,1,25,12,19,26,12,8,1,0,53,1,35,43,35043,4,1993,1N4EB32A2PC7,1,N,4,E,B,3,2,A,2,P,C,7,0,P,NISS,UES,2D,93,17,2246,,0,956,,G,,F,4,098,,,000000,,,,,,0,0,000000000,00000000000,0,0,0,1,0,0,0,0,0,0,0,998,0,0,0,11,6,2,12,0,0,0,1,53,98826,6,1,0,0,3,0,66,180,1,0,0,0,2,3,2012,8,2012,0,51,0,0,0,3,2,70,3,2,2,2,0,0,14,54,1,1,1,66,1,0
53,530398,2,3,1,25,12,19,26,12,8,1,0,40,3,85,881,85881,66,2011,1XKAD49X7BJ2,1,X,K,A,D,4,9,X,7,B,J,2,1,T,KW,T60,TR,11,17,,8,2600,1600,CON,D,,,6,915,,,,,00000,00,,64,1,57,0202381,570202381,3,6,1,1,0,0,0,0,0,0,0,998,0,0,0,11,6,2,12,0,0,0,1,53,99207,6,1,6,1,3,0,68,215,0,0,0,1,1,3,2011,11,2011,0,0,0,0,0,3,2,60,3,2,2,2,0,0,14,54,1,1,1,66,0,0
53,530398,3,3,1,25,12,19,26,12,8,1,0,53,2,7,43,7043,2,2001,4B3AG42H91E0,4,B,3,A,G,4,2,H,9,1,E,0,0,P,DODG,SSE,CP,1,17,2921,,0,1037,,G,,F,6,181,,,15R205,,,,,,0,0,000000000,00000000000,0,0,0,1,0,0,0,0,0,0,0,998,0,0,0,12,6,2,12,0,0,0,1,53,99205,6,1,0,0,3,3,62,145,1,0,0,0,2,5,2011,7,2011,0,0,0,0,0,3,2,70,3,2,2,2,0,0,14,54,1,1,1,98,0,0
53,530399,1,3,1,26,12,19,35,9,0,1,0,53,2,20,37,20037,4,2008,1G1ZJ5776842,1,G,1,Z,J,5,7,7,6,8,4,2,0,P,CHEV,ML2,4D,8,17,3436,,0,1123,,G,,F,6,220,,,17R225,,,,,,0,0,000000000,00000000000,0,0,0,1,0,0,0,0,0,0,0,998,0,0,0,98,8,1,9,0,0,0,1,53,98294,6,1,0,0,3,0,64,140,0,0,0,0,0,0,0,0,0,0,0,0,0,0,1,4,35,1,1,8,2,3,3,1,80,1,1,1,13,0,0
53,530399,2,3,1,26,12,19,35,9,0,1,0,53,1,49,40,49040,4,1997,4T1BG22K7VU1,4,T,1,B,G,2,2,K,7,V,U,1,0,P,TOYT,UEX,4D,97,17,2976,,0,1051,,G,,F,4,132,,,14R195,,,,,,0,0,000000000,00000000000,0,0,0,1,0,0,0,0,0,0,0,998,0,0,0,98,8,1,9,0,0,0,1,53,98294,6,1,0,0,3,3,66,170,0,0,0,0,0,0,0,0,0,0,0,0,0,0,1,4,35,1,1,8,2,3,3,1,80,1,1,1,98,0,0
53,530399,3,3,1,26,12,19,35,9,0,1,1,99,9,99,999,99999,99,9999,999999999999,9,9,9,9,9,9,9,9,9,9,9,9,0,,,,,,,,,,,,,,,,,,,,,,,,,0,0,000000000,00000000000,0,0,0,1,0,0,0,0,0,0,0,998,0,0,0,99,8,1,9,0,0,0,1,99,99999,9,9,99,9,9,9,999,999,99,99,99,99,99,99,9999,99,9999,9,99,99,99,99,1,4,35,1,1,8,2,3,3,1,80,1,1,1,98,0,0
53,530400,1,2,3,24,12,17,10,12,6,1,0,53,1,49,472,49472,30,2004,5TEHN72N34Z3,5,T,E,H,N,7,2,N,3,4,Z,3,0,T,TOYT,DCL,CW,4,17,,1,0,1219,TAC,G,,,6,206,,,,B,3705,00,U,44,0,0,000000000,00000000000,0,0,0,1,0,0,0,0,0,0,0,998,0,0,0,3,6,2,12,0,0,0,1,53,98948,6,1,0,0,3,0,61,143,0,0,0,0,0,0,0,0,0,1,28,87,0,0,1,2,55,1,1,2,4,0,0,1,5,99,4,2,98,1,0
53,530400,2,2,1,24,12,17,10,12,6,1,0,53,1,7,472,7472,30,2001,1B7GG2AZ61S1,1,B,7,G,G,2,A,Z,6,1,S,1,0,T,DODG,QAD,CW,1,17,,1,0,1309,DAK,G,,,8,360,,,,B,4296,00,U,44,0,0,000000000,00000000000,0,0,0,1,0,0,0,0,0,0,0,998,0,0,0,12,6,2,12,0,0,0,1,53,98952,6,1,0,0,3,0,66,200,1,0,0,0,0,1,2010,1,2010,0,0,0,0,0,1,2,55,1,1,2,4,0,0,1,62,7,1,2,98,0,0
53,530401,1,1,1,26,12,18,55,8,0,1,0,53,1,24,7,24007,4,2005,1G8AK54F45Z1,1,G,8,A,K,5,4,F,4,5,Z,1,0,P,STRN,SI3,4D,5,17,2772,,0,1032,,G,,F,4,134,,,16R205,,,,,,0,0,000000000,00000000000,0,0,0,1,0,0,0,0,0,0,0,998,0,0,0,12,6,2,8,0,0,0,1,53,98277,6,1,0,0,3,3,76,250,0,0,0,0,0,0,0,0,0,0,0,0,0,0,5,6,30,1,1,1,2,0,0,1,80,1,1,1,13,0,0
53,530402,1,1,2,28,12,1,42,3,0,1,0,53,1,32,42,32042,4,2002,WAULT64B62N0,W,A,U,L,T,6,4,B,6,2,N,0,0,P,AUDI,30Q,4D,2,17,3646,,0,1086,,G,,F,6,182,,,16R215,,,,,,0,0,000000000,00000000000,0,0,0,1,0,0,0,0,0,0,0,998,0,0,0,0,6,2,3,0,0,0,1,53,98055,6,1,0,0,3,3,62,170,1,1,0,0,4,1,2010,4,2012,1,0,0,0,0,8,8,35,1,1,2,2,0,0,1,13,1,1,4,0,2,1
53,530404,1,3,3,31,12,18,56,12,2,1,0,53,2,35,401,35401,14,1996,JN8AR05Y0TW0,J,N,8,A,R,0,5,Y,0,T,W,0,0,P,NISS,PFI,UT,96,17,4135,,0,1063,,G,,F,6,201,,,15R235,,,,,,0,0,000000000,00000000000,0,0,0,1,0,0,0,0,0,0,0,998,0,0,0,12,6,2,12,0,0,0,1,53,98601,6,2,0,0,3,3,66,118,0,0,0,0,0,0,0,0,0,0,28,0,0,0,2,4,50,4,4,1,4,0,0,14,5,1,4,2,50,0,0
53,530404,2,3,2,31,12,18,56,12,2,1,0,53,1,20,421,20421,15,1999,1GNEK13R7XJ4,1,G,N,E,K,1,3,R,7,X,J,4,0,P,CHEV,KTA,UT,99,17,5268,,0,1175,,G,,F,8,350,,,16R245,,,,,,0,0,000000000,00000000000,0,0,0,1,0,0,0,0,0,0,0,998,0,0,0,12,6,2,12,0,0,0,1,53,98604,6,1,0,0,3,0,66,250,0,0,0,0,0,0,0,0,0,0,0,0,0,0,2,4,50,4,2,2,4,0,0,14,62,1,1,1,51,1,0
53,530404,3,3,2,31,12,18,56,12,2,1,0,53,2,54,39,54039,4,2004,JH4CL968X4C0,J,H,4,C,L,9,6,8,X,4,C,0,0,P,ACUR,TSX,4D,4,17,3318,,0,1051,,G,,F,4,146,,,17R215,,,,,,0,0,000000000,00000000000,0,0,0,1,0,0,0,0,0,0,0,998,0,0,0,12,6,2,12,0,0,0,1,53,98604,6,1,0,0,3,0,70,150,0,0,0,3,1,3,2011,3,2012,0,0,0,0,0,2,4,50,4,4,2,4,0,0,14,50,99,1,1,98,0,0
53,530405,1,1,1,14,12,20,0,8,0,1,0,53,1,2,404,2404,14,2002,1J4GW58N22C2,1,J,4,G,W,5,8,N,2,2,C,2,0,T,JEEP,LMT,4W,2,17,,1,0,1059,GCK,G,,,8,287,,,,,3980,01,E,44,0,0,000000000,00000000000,0,0,0,1,0,0,0,0,0,0,0,998,0,0,0,12,6,2,8,0,0,0,1,53,99347,6,1,0,0,3,0,71,180,0,0,0,0,0,0,0,0,0,0,0,0,0,0,1,3,60,1,2,2,2,0,0,1,80,1,1,1,13,0,0
53,530406,1,2,1,13,5,13,30,12,2,1,0,53,2,37,706,37706,80,1978,GL14012371,G,L,1,4,0,1,2,3,7,1,,,0,M,HOND,GL1,RS,78,10,,,,,,,1000,,4,,4,601,,,,,,,0,0,000000000,00000000000,0,0,0,1,0,0,0,0,0,0,0,998,0,0,0,12,6,2,12,0,0,0,1,53,98584,1,1,0,0,2,0,71,240,0,1,0,0,2,3,2010,3,2011,0,28,0,0,0,1,2,50,2,1,2,1,0,0,14,10,1,1,2,50,1,1
53,530406,2,2,6,13,5,13,30,12,2,1,0,99,9,12,423,12423,16,2005,999999999999,9,9,9,9,9,9,9,9,9,9,9,9,0,,,,,,,,,,,,,,,,,,,,,,,,,0,0,000000000,00000000000,0,0,0,1,0,0,0,0,0,0,0,998,0,0,0,12,6,2,12,0,0,0,1,53,98584,6,1,0,0,3,0,69,200,0,0,0,1,0,3,2011,3,2011,0,0,0,0,0,1,2,50,3,1,2,1,0,0,14,62,1,1,1,51,0,0
53,530407,1,1,1,29,5,6,19,9,0,1,0,53,1,12,442,12442,20,2000,2FMZA5141YBA,2,F,M,Z,A,5,1,4,1,Y,B,A,0,T,FORD,WLX,ES,0,17,,1,0,1207,WIN,G,,,6,232,,,,B,3910,00,E,42,0,0,000000000,00000000000,0,0,0,1,0,0,0,0,0,0,0,998,0,0,0,9,6,2,9,0,0,0,1,53,98133,6,1,0,0,3,0,67,160,0,0,0,0,0,0,0,0,0,0,0,0,0,0,1,4,30,1,2,1,1,0,0,1,80,1,1,1,98,0,1
53,530408,1,2,1,26,11,7,40,12,2,1,0,53,1,12,471,12471,30,2001,1FTZR15E51PB,1,F,T,Z,R,1,5,E,5,1,P,B,0,T,FORD,RNS,PC,1,17,,1,0,1259,RNG,G,,,6,245,,,,B,3599,00,U,44,0,0,000000000,00000000000,0,0,0,1,0,0,0,0,0,0,0,998,0,0,0,12,6,2,12,0,0,0,1,53,98011,6,1,0,0,3,0,70,140,0,0,0,1,1,1,2011,6,2012,0,28,0,0,0,1,2,60,2,2,2,1,0,0,14,10,1,1,2,50,0,0
53,530408,2,2,1,26,11,7,40,12,2,1,0,53,2,12,443,12443,20,2004,2FMZA51654BA,2,F,M,Z,A,5,1,6,5,4,B,A,0,P,FORD,FRE,SV,4,17,4275,,0,1208,,G,,F,6,238,,,16R225,,,,,,0,0,000000000,00000000000,0,0,0,1,0,0,0,0,0,0,0,998,0,0,0,12,6,2,12,0,0,0,1,53,98822,6,1,0,0,3,0,62,140,0,0,0,1,0,11,2012,11,2012,0,0,0,0,0,1,2,60,3,2,2,1,0,0,14,62,1,1,1,51,1,0
53,530409,1,1,1,22,12,16,5,42,0,1,0,53,2,48,34,48034,6,1992,4S3BJ6322N79,4,S,3,B,J,6,3,2,2,N,7,9,0,P,SUBA,L44,SW,92,17,2985,,0,1016,,G,,F,4,135,,,14R185,,,,,,0,0,000000000,00000000000,0,0,0,1,0,0,0,0,0,0,0,998,0,0,0,81,6,2,42,0,0,0,1,53,98368,6,1,0,0,3,3,66,140,0,0,0,0,0,0,0,0,0,1,0,0,0,0,1,2,40,2,2,7,99,0,0,14,6,99,4,4,7,1,0
53,530410,1,4,1,22,12,11,38,12,6,1,0,53,1,6,44,6044,4,1996,1C3EJ56H8TN1,1,C,3,E,J,5,6,H,8,T,N,1,0,P,CHRY,CXI,4D,96,17,3027,,0,1080,,G,,F,6,152,,,15R195,,,,,,0,0,000000000,00000000000,0,0,0,1,0,0,0,0,0,0,0,998,0,0,0,12,6,2,12,0,0,0,1,53,99009,6,1,6,0,3,0,69,160,0,0,0,0,0,0,0,0,0,0,38,48,91,0,3,3,35,1,1,2,2,0,0,99,98,99,1,7,98,1,0
53,530410,2,4,3,22,12,11,38,12,6,1,0,53,1,12,21,12021,4,2007,1FAFP24127G1,1,F,A,F,P,2,4,1,2,7,G,1,0,P,FORD,5SL,4D,7,17,3649,,0,1129,,G,,F,6,183,,,17R215,,,,,,0,0,000000000,00000000000,0,0,0,1,0,0,0,0,0,0,0,998,0,0,0,63,6,2,12,0,0,0,1,53,98837,6,1,6,0,3,0,67,135,0,0,0,0,0,0,0,0,0,0,0,0,0,0,3,3,35,1,1,2,2,0,0,1,71,1,1,1,98,0,0
53,530410,3,4,2,22,12,11,38,12,6,1,0,53,1,49,402,49402,14,2000,JT3HP10V4Y02,J,T,3,H,P,1,0,V,4,Y,0,2,0,P,TOYT,RV4,UT,0,17,2844,,0,949,,G,,F,4,122,,,16R215,,,,,,0,0,000000000,00000000000,0,0,0,1,0,0,0,0,0,0,0,998,0,0,0,62,6,2,12,0,0,0,1,53,99208,6,1,0,0,3,0,68,130,0,0,0,0,0,0,0,0,0,0,0,0,0,0,3,3,35,1,1,2,2,0,0,1,98,1,1,1,98,0,0
53,530410,4,4,1,22,12,11,38,12,6,1,0,16,1,6,54,6054,6,2006,2A4GM48416R7,2,A,4,G,M,4,8,4,1,6,R,7,0,P,CHRY,PIF,UT,6,17,4251,,0,1160,,G,,F,6,214,,,17R235,,,,,,0,0,000000000,00000000000,0,0,0,1,0,0,0,0,0,0,0,998,0,0,0,63,2,1,12,0,0,0,1,16,83843,6,1,0,0,3,0,54,180,0,0,0,0,0,0,0,0,0,0,0,0,0,0,3,3,35,1,1,2,2,0,0,1,98,1,1,1,98,0,0
53,530412,1,1,1,1,5,5,49,8,0,1,1,99,9,99,999,99999,99,9999,999999999999,9,9,9,9,9,9,9,9,9,9,9,9,9,,,,,,,,,,,,,,,,,,,,,,,,,0,99,999999999,99999999999,9,99,99,1,0,0,0,0,99,99,9,999,0,0,0,9,9,1,8,99,99,0,1,99,99999,9,9,99,9,9,9,999,999,99,99,99,99,99,99,9999,99,9999,9,99,99,99,99,1,2,35,1,9,2,1,3,3,99,99,99,9,9,99,0,0
53,530413,1,1,1,1,8,99,99,42,0,1,0,53,2,12,3,12003,2,2003,1FAFP42XX3F3,1,F,A,F,P,4,2,X,X,3,F,3,0,P,FORD,MGT,CP,3,17,3114,,0,1013,,G,,F,8,281,,,17R245,,,,,,0,0,000000000,00000000000,0,0,0,1,0,0,0,0,0,0,0,998,0,0,0,99,6,2,42,0,0,0,1,53,98444,6,1,0,0,3,0,73,200,0,0,0,0,0,0,0,0,0,9,0,0,0,0,1,2,55,1,2,2,99,0,0,1,13,1,1,4,1,1,0
54,540001,1,2,1,2,1,8,2,12,6,1,0,54,3,86,881,86881,66,1987,2M2AY10Y7HC0,2,M,2,A,Y,1,0,Y,7,H,C,0,0,T,MACK,R7W,TR,87,17,,8,0,0,700,D,,,6,672,,,,,00000,00,,64,0,57,00676930,5700676930,3,5,96,1,0,0,0,0,0,0,0,998,0,0,0,12,4,1,12,0,0,0,1,54,26181,6,1,6,1,3,1,69,220,0,0,0,0,0,0,0,0,0,0,0,0,0,0,1,2,40,3,1,2,2,3,3,14,66,2,1,1,88,0,0
54,540001,2,2,1,2,1,8,2,12,6,1,0,54,1,12,17,12017,6,2005,1FAHP58U75A1,1,F,A,H,P,5,8,U,7,5,A,1,0,P,FORD,TSE,SW,5,17,3306,,0,1085,,G,,F,6,182,,,16R215,,,,,,0,0,000000000,00000000000,0,0,0,1,0,0,0,0,0,0,0,998,0,0,0,10,6,2,12,0,0,0,1,54,26184,6,1,0,0,3,1,64,150,0,0,0,0,0,0,0,0,0,0,39,0,0,0,1,2,35,1,1,2,2,3,3,1,17,1,1,1,89,1,0
54,540002,1,1,2,2,1,7,45,39,0,1,0,54,1,20,37,20037,4,2008,1G1ZJ57B98F1,1,G,1,Z,J,5,7,B,9,8,F,1,0,P,CHEV,ML2,4D,8,17,3436,,0,1123,,G,,F,4,146,,,17R225,,,,,,0,0,000000000,00000000000,0,0,0,1,0,0,0,0,0,0,0,998,0,0,0,12,6,2,39,0,0,0,1,54,26554,6,1,0,0,3,0,71,195,1,0,0,0,0,7,2011,7,2011,0,0,0,0,0,1,2,55,1,6,2,3,20,3,1,14,1,1,4,14,1,0
54,540003,1,1,2,4,1,23,32,30,0,1,0,54,2,49,45,49045,4,2002,JTDAT123X202,J,T,D,A,T,1,2,3,X,2,0,2,0,P,TOYT,ECH,2D,2,17,2035,,0,934,,G,,F,4,091,,,14R175,,,,,,0,0,000000000,00000000000,0,0,0,1,0,0,0,0,0,0,0,998,0,0,0,11,6,2,30,0,0,0,1,54,25071,6,1,0,0,3,0,68,185,0,0,0,0,0,0,0,0,0,0,0,0,0,0,1,2,45,1,2,2,1,0,0,1,13,1,1,4,1,1,0
54,540005,1,1,1,5,1,7,21,35,0,1,0,54,1,20,421,20421,15,2010,1GNUKBE03AR2,1,G,N,U,K,B,E,0,3,A,R,2,0,P,CHEV,KTA,UT,10,17,5524,,0,1160,,F,,F,8,323,,,18R265,,,,,,0,0,000000000,00000000000,0,0,0,1,0,0,0,0,0,0,0,998,0,1,5,12,6,2,35,0,0,0,1,54,26508,6,1,0,0,3,0,72,270,0,0,0,0,0,0,0,0,0,0,0,0,0,0,3,2,35,2,6,2,1,0,0,14,12,1,1,4,6,1,0
54,540007,1,1,2,6,1,11,35,42,0,1,0,54,1,55,35,55035,4,2003,KMHDN45D43U6,K,M,H,D,N,4,5,D,4,3,U,6,0,P,HYUN,EST,4D,3,17,2635,,0,1027,,G,,F,4,121,,,15R205,,,,,,0,0,000000000,00000000000,0,0,0,1,0,0,0,0,0,0,0,998,0,0,0,12,6,2,42,0,0,0,1,54,26416,6,1,0,0,3,1,62,190,0,1,0,0,0,6,2010,6,2010,0,83,0,0,0,1,2,55,1,6,2,1,0,0,1,87,8,1,4,6,1,0
54,540008,1,3,1,7,1,13,23,12,1,1,0,54,1,12,17,12017,4,2002,1FAFP55U52A1,1,F,A,F,P,5,5,U,5,2,A,1,0,P,FORD,TSS,4D,2,17,3392,,0,1085,,G,,F,6,182,,,16R215,,,,,,0,0,000000000,00000000000,0,0,0,1,0,0,0,0,0,0,0,0,0,0,0,6,6,2,12,0,0,0,1,54,25271,6,1,6,0,3,0,74,200,0,0,0,0,0,0,0,0,0,0,28,0,0,0,1,2,55,1,6,2,1,0,0,11,53,1,1,1,22,0,0
54,540008,2,3,1,7,1,13,23,12,1,1,0,54,1,22,16,22016,2,1998,3G2JB1241WS8,3,G,2,J,B,1,2,4,1,W,S,8,0,P,PONT,SFS,CP,98,17,2637,,0,1041,,G,,F,4,133,,,14R195,,,,,,0,0,000000000,00000000000,0,0,0,1,0,0,0,0,0,0,0,998,0,0,0,12,6,2,12,0,0,0,1,54,25271,6,1,6,0,3,0,61,160,0,0,0,0,0,0,0,0,0,1,0,0,0,0,1,2,55,2,6,2,1,0,0,14,50,9,1,1,20,0,0
54,540008,3,3,2,7,1,13,23,12,1,1,0,54,1,12,471,12471,30,1993,1FTCR11U4PUC,1,F,T,C,R,1,1,U,4,P,U,C,0,T,FORD,RNG,PK,93,17,,1,1139,1079,RNG,G,,,6,182,,,,B,3278,00,A,44,0,0,000000000,00000000000,0,0,0,1,0,0,0,0,0,0,0,998,0,1,1,10,6,2,1,0,0,0,1,54,25248,6,1,0,0,3,0,67,140,0,0,0,0,0,0,0,0,0,0,0,0,0,0,1,2,55,3,5,2,1,0,0,14,62,1,1,1,98,1,0
54,540009,1,2,1,12,1,10,53,12,2,1,0,54,1,22,16,22016,2,1996,1G2JB124XT75,1,G,2,J,B,1,2,4,X,T,7,5,0,P,PONT,SFS,CP,96,17,2611,,0,1041,,G,,F,4,133,,,14R195,,,,,,0,0,000000000,00000000000,0,0,0,1,0,0,0,0,0,0,0,998,0,0,0,12,6,2,12,0,0,0,1,54,26452,6,1,0,0,3,1,63,105,0,1,0,0,2,2,2009,9,2011,0,28,0,0,0,1,2,55,1,1,2,1,0,0,1,10,1,1,2,50,0,0
54,540009,2,2,2,12,1,10,53,12,2,1,0,54,1,9,20,9020,2,1998,1P3ES42C7WD5,1,P,3,E,S,4,2,C,7,W,D,5,0,P,PLYM,NEH,CP,98,17,2469,,0,1040,,G,,F,4,122,,,14R185,,,,,,0,0,000000000,00000000000,0,0,0,1,0,0,0,0,0,0,0,998,0,0,0,12,6,2,12,0,0,0,1,54,26452,6,1,0,0,3,1,65,145,0,0,0,0,0,0,0,0,0,0,0,0,0,0,1,2,55,1,1,2,1,0,0,1,62,1,1,1,51,2,0
54,540010,1,1,1,12,1,5,30,8,0,1,0,54,3,23,881,23881,63,2009,1GDM7F1B99F4,1,G,D,M,7,F,1,B,9,9,F,4,0,T,GMC,F7B,TB,9,17,,7,2600,1400,TSR,D,,,6,476,,,,,00000,00,,42,0,77,777777777,77777777777,3,1,1,1,0,0,0,0,0,0,0,998,0,0,0,12,2,1,8,0,0,0,1,54,25601,6,1,6,0,3,0,71,260,0,0,0,0,0,0,0,0,0,0,0,0,0,0,6,1,70,1,1,2,2,0,0,1,80,1,1,1,13,0,0
54,540011,1,2,1,8,1,11,47,12,2,1,0,54,1,20,431,20431,16,1987,1GNEV16K6HF1,1,G,N,E,V,1,6,K,6,H,F,1,0,P,CHEV,V10,UT,87,17,4478,,0,1295,,G,,F,8,350,,,000000,,,,,,0,0,000000000,00000000000,0,0,0,1,0,0,0,0,0,0,0,998,0,0,0,12,6,2,12,0,0,0,1,54,24951,6,1,0,0,3,1,70,185,0,0,0,0,0,0,0,0,0,0,0,0,0,0,1,2,55,1,1,2,1,0,0,1,62,9,1,1,51,0,1
54,540011,2,2,1,8,1,11,47,12,2,1,0,51,2,20,402,20402,14,2002,2CNBJ6348269,2,C,N,B,J,6,3,4,8,2,6,9,0,P,CHEV,TKR,UT,2,17,2987,,0,976,,G,,F,6,152,,,15R215,,,,,,0,0,000000000,00000000000,0,0,0,1,0,0,0,0,0,0,0,998,0,0,0,12,6,2,12,0,0,0,1,51,24124,6,1,0,0,3,0,74,200,0,0,0,0,0,0,0,0,0,0,28,0,0,0,1,2,55,1,1,2,1,0,0,1,10,2,1,2,50,1,0