STATE,ST_CASE,VEH_NO,VE_FORMS,NUMOCCS,DAY,MONTH,HOUR,MINUTE,HARM_EV,MAN_COLL,UNITTYPE,HIT_RUN,REG_STAT,OWNER,MAKE,MODEL,MAK_MOD,BODY_TYP,MOD_YEAR,VIN,VIN_1,VIN_2,VIN_3,VIN_4,VIN_5,VIN_6,VIN_7,VIN_8,VIN_9,VIN_10,VIN_11,VIN_12,TOW_VEH,VINTYPE,VINMAKE,VINA_MOD,VIN_BT,VINMODYR,VIN_LNGT,VIN_WGT,WGTCD_TR,WHLBS_LG,WHLBS_SH,SER_TR,FUELCODE,MCYCL_DS,CARBUR,CYLINDER,DISPLACE,MCYCL_CY,MCYCL_WT,TIRE_SZE,TON_RAT,TRK_WT,TRKWTVAR,VIN_REST,WHLDRWHL,J_KNIFE,MCARR_I1,MCARR_I2,MCARR_ID,GVWR,V_CONFIG,CARGO_BT,HAZ_INV,HAZ_PLAC,HAZ_ID,HAZ_CNO,HAZ_REL,BUS_USE,SPEC_USE,EMER_USE,TRAV_SP,UNDERIDE,ROLLOVER,ROLINLOC,IMPACT1,DEFORMED,TOWED,M_HARM,VEH_SC1,VEH_SC2,FIRE_EXP,DR_PRES,L_STATE,DR_ZIP,L_STATUS,L_TYPE,CDL_STAT,L_ENDORS,L_COMPL,L_RESTRI,DR_HGT,DR_WGT,PREV_ACC,PREV_SUS,PREV_DWI,PREV_SPD,PREV_OTH,FIRST_MO,FIRST_YR,LAST_MO,LAST_YR,SPEEDREL,DR_SF1,DR_SF2,DR_SF3,DR_SF4,VTRAFWAY,VNUM_LAN,VSPD_LIM,VALIGN,VPROFILE,VPAVETYP,VSURCOND,VTRAFCON,VTCONT_F,P_CRASH1,P_CRASH2,P_CRASH3,PCRASH4,PCRASH5,ACC_TYPE,DEATHS,DR_DRINK
54,540012,1,2,1,13,1,16,15,12,6,1,0,54,1,12,471,12471,30,1994,1FTCR11A7RUE,1,F,T,C,R,1,1,A,7,R,U,E,0,T,FORD,RNG,PK,94,17,,1,1140,1080,RNG,G,,,4,140,,,,B,00000,00,A,44,0,0,000000000,00000000000,0,0,0,1,0,0,0,0,0,0,0,998,0,0,0,12,6,2,12,0,0,0,1,54,25009,6,1,0,0,3,0,71,190,0,0,0,0,0,0,0,0,0,0,0,0,0,0,1,2,40,1,1,2,2,0,0,1,62,1,1,1,65,0,0
54,540012,2,2,1,13,1,16,15,12,6,1,0,54,2,12,3,12003,2,1993,1FACP42E5PF1,1,F,A,C,P,4,2,E,5,P,F,1,0,P,FORD,MCG,2H,93,17,3144,,0,1005,,G,,F,8,302,,,16R225,,,,,,0,0,000000000,00000000000,0,0,0,1,0,0,0,0,0,0,0,998,0,1,5,2,6,2,12,0,0,0,1,54,25009,1,1,1,0,2,1,71,249,0,6,0,0,0,11,2009,7,2011,1,28,58,36,0,1,2,55,1,1,2,2,0,0,1,6,1,2,2,64,1,0
54,540013,1,1,1,17,1,5,45,43,0,1,0,92,0,7,442,7442,20,1998,2B4FP2532WR8,2,B,4,F,P,2,5,3,2,W,R,8,0,P,DODG,CAR,SV,98,17,3428,,0,1133,,G,,F,6,181,,,14R205,,,,,,0,0,000000000,00000000000,0,0,0,1,0,0,0,0,0,0,0,998,0,0,0,12,6,2,43,0,0,0,1,54,25526,2,1,1,0,2,1,70,170,1,9,0,0,0,3,2009,12,2011,0,0,0,0,0,3,2,70,1,1,2,2,0,0,1,13,1,1,4,1,1,0
54,540014,1,1,3,20,1,21,47,23,0,1,0,54,1,12,481,12481,31,2000,1FTZF1823YNB,1,F,T,Z,F,1,8,2,3,Y,N,B,0,T,FORD,F15,PK,0,17,,1,1388,1202,COF,G,,,6,256,,,,B,4299,04,U,44,0,0,000000000,00000000000,0,0,0,1,0,0,0,0,0,0,0,998,0,0,0,12,6,2,43,0,0,0,1,54,25865,6,1,0,0,3,0,70,165,1,0,0,0,0,1,2011,1,2011,1,0,0,0,0,3,2,45,2,1,2,2,0,0,14,6,1,1,4,6,1,0
54,540015,1,1,1,20,1,1,10,30,0,1,0,54,1,12,37,12037,4,2007,1FAFP34N27W2,1,F,A,F,P,3,4,N,2,7,W,2,0,P,FORD,X4S,4D,7,17,2636,,0,1029,,G,,F,4,122,,,15R195,,,,,,0,0,000000000,00000000000,0,0,0,1,0,0,0,0,0,0,0,998,0,0,0,12,6,2,30,0,0,0,1,54,26003,6,1,0,0,3,0,66,170,0,0,0,0,0,0,0,0,0,0,87,0,0,0,1,2,40,2,6,2,10,0,0,14,5,1,1,4,6,1,1
54,540016,1,1,1,20,1,21,0,52,0,1,0,54,1,55,36,55036,3,2011,KMHCN3AC1BU2,K,M,H,C,N,3,A,C,1,B,U,2,0,P,HYUN,ASE,2H,11,17,2496,,0,0,,G,,F,4,098,,,000000,,,,,,0,0,000000000,00000000000,0,0,0,1,0,0,0,0,0,0,0,998,0,0,0,8,6,2,42,0,0,0,1,24,20715,6,1,0,0,3,0,73,999,0,0,0,0,0,0,0,0,0,1,58,39,0,0,3,2,70,2,6,2,1,0,0,14,6,9,1,4,1,1,0
54,540017,1,2,1,22,1,19,14,12,2,1,0,54,2,21,21,21021,4,2004,1G3NF52E24C1,1,G,3,N,F,5,2,E,2,4,C,1,0,P,OLDS,AGS,4D,4,17,3123,,0,1070,,G,,F,6,207,,,16R225,,,,,,0,0,000000000,00000000000,0,0,0,1,0,0,0,0,0,0,0,998,0,0,0,12,6,2,12,0,0,0,1,54,25414,6,1,0,0,3,0,71,180,0,0,0,0,0,0,0,0,0,0,28,36,0,0,1,2,45,1,5,2,1,0,0,1,10,1,1,2,50,0,1
54,540017,2,2,1,22,1,19,14,12,2,1,0,54,1,12,13,12013,4,1996,3FASP13J9TR1,3,F,A,S,P,1,3,J,9,T,R,1,0,P,FORD,LXE,4D,96,17,2378,,0,984,,G,,F,4,113,,,14R175,,,,,,0,0,000000000,00000000000,0,0,0,1,0,0,0,0,0,0,0,998,0,0,0,12,6,2,12,0,0,0,1,54,25414,6,2,0,0,3,0,70,145,0,0,0,0,0,0,0,0,0,0,0,0,0,0,1,2,45,1,6,2,1,0,0,1,62,1,1,1,51,1,0
54,540018,1,1,1,22,1,19,3,53,0,1,0,54,3,20,481,20481,31,2001,1GCHK29UX1Z3,1,G,C,H,K,2,9,U,X,1,Z,3,0,T,CHEV,2KH,4C,1,17,,2,1575,1435,SIL,G,,,8,364,,,,C,5342,00,,44,0,0,000000000,00000000000,0,0,0,1,0,0,0,0,0,0,0,997,0,0,0,98,6,2,30,0,0,0,1,54,25239,6,1,0,0,3,0,72,175,0,0,0,0,0,0,0,0,0,1,36,0,0,0,1,2,45,3,5,2,1,0,0,14,6,1,1,4,1,1,1
54,540019,1,2,2,10,1,10,10,12,2,1,0,54,1,12,471,12471,30,2005,1FTYR11U75PA,1,F,T,Y,R,1,1,U,7,5,P,A,0,T,FORD,RNG,PK,5,17,,1,1176,1116,RNG,G,,,6,182,,,,B,3456,00,U,44,0,0,000000000,00000000000,0,0,0,1,0,0,0,0,0,0,0,998,0,0,0,12,6,2,12,0,0,0,1,54,24827,6,1,6,0,3,0,67,125,0,0,0,0,0,0,0,0,0,1,28,0,0,0,1,2,55,3,5,2,4,0,0,14,6,7,1,2,50,0,0
54,540019,2,2,2,10,1,10,10,12,2,1,0,54,3,41,50,41050,4,2012,1YVHZ8BHXC5M,1,Y,V,H,Z,8,B,H,X,C,5,M,0,P,MAZD,M6I,4D,12,17,3272,,0,1098,,G,,F,4,152,,,16R205,,,,,,0,0,000000000,00000000000,0,0,0,1,0,0,0,0,0,0,0,998,0,0,0,12,6,2,12,0,0,0,1,54,24870,1,1,0,0,2,0,74,200,0,2,0,0,0,9,2011,10,2011,0,0,0,0,0,1,2,55,2,6,2,4,0,0,14,62,9,1,1,51,1,0
54,540020,1,1,1,22,1,16,40,35,0,1,0,54,2,12,17,12017,4,2003,1FAFP55U43A2,1,F,A,F,P,5,5,U,4,3,A,2,0,P,FORD,TSS,4D,3,17,3329,,0,1085,,G,,F,6,182,,,16R215,,,,,,0,0,000000000,00000000000,0,0,0,1,0,0,0,0,0,0,0,998,0,0,0,1,6,2,35,0,0,0,1,54,25670,2,1,0,0,2,0,73,182,0,8,2,1,1,4,2009,4,2011,1,0,0,0,0,1,2,25,2,5,2,1,0,0,14,12,6,1,4,6,1,1
54,540021,1,2,2,23,1,11,42,25,0,1,0,54,2,18,2,18002,4,1998,1G4HP52K5WH5,1,G,4,H,P,5,2,K,5,W,H,5,0,P,BUIC,LCF,4D,98,17,3348,,0,1108,,G,,F,6,231,,,15R205,,,,,,0,0,000000000,00000000000,0,0,0,1,0,0,0,0,0,0,0,998,0,0,0,11,6,2,12,0,0,0,1,54,25691,0,0,0,0,0,0,999,999,99,99,99,99,99,99,9999,99,9999,1,28,36,0,0,3,2,65,1,1,1,1,0,0,1,12,8,1,4,6,1,0
54,540021,2,2,1,23,1,11,42,25,0,1,0,54,1,82,881,82881,66,2001,1FUJBBCG11PJ,1,F,U,J,B,B,C,G,1,1,P,J,1,T,FRHT,ST2,TR,1,17,,8,0,0,CON,D,,,6,774,,,,,00000,00,,64,1,57,1394722,571394722,3,6,1,1,0,0,0,0,0,0,0,998,0,0,0,1,6,2,12,0,0,0,1,54,25309,6,1,6,0,3,0,74,280,0,0,0,0,0,0,0,0,0,0,0,0,0,0,3,2,65,1,1,1,1,0,0,1,62,9,1,1,98,0,0
54,540022,1,1,2,27,1,3,10,33,0,1,0,54,2,22,18,22018,4,2003,1G2NF52E13M5,1,G,2,N,F,5,2,E,1,3,M,5,0,P,PONT,SE1,4D,3,17,3116,,0,1070,,G,,F,6,207,,,15R215,,,,,,0,0,000000000,00000000000,0,0,0,1,0,0,0,0,0,0,0,998,0,0,0,14,6,2,19,0,0,0,1,54,26039,6,1,0,0,3,1,71,165,1,0,0,0,3,3,2009,11,2011,1,0,0,0,0,3,2,40,1,1,2,2,0,0,1,6,1,1,4,1,2,0
54,540023,1,1,1,27,1,23,10,8,0,1,1,99,9,99,999,99999,99,9999,999999999999,9,9,9,9,9,9,9,9,9,9,9,9,9,,,,,,,,,,,,,,,,,,,,,,,,,0,99,999999999,99999999999,9,99,99,1,0,0,0,0,99,99,9,999,9,0,0,99,9,1,8,99,99,0,1,99,99999,9,9,99,9,9,9,999,999,99,99,99,99,99,99,9999,99,9999,9,99,99,99,99,1,2,45,3,1,2,1,0,0,14,80,99,9,9,13,0,0
54,540024,1,1,1,29,1,21,54,8,0,1,0,54,2,12,4,12004,2,1984,1FABP46F0EH1,1,F,A,B,P,4,6,F,0,E,H,1,0,P,FORD,THU,2D,84,17,3069,,0,1040,,G,,F,8,302,,,14R195,,,,,,0,0,000000000,00000000000,0,0,0,1,0,0,0,0,0,0,0,998,0,0,0,98,2,3,8,0,0,0,1,54,24868,6,1,0,0,3,0,65,121,0,0,0,0,0,0,0,0,0,0,0,0,0,0,1,2,40,1,6,2,1,0,0,1,80,1,1,1,13,0,0
54,540025,1,1,1,1,2,9,7,24,0,1,0,54,1,20,37,20037,4,2009,1G1ZG57B8941,1,G,1,Z,G,5,7,B,8,9,4,1,0,P,CHEV,M/L,4D,9,17,3415,,0,1123,,G,,F,4,146,,,17R215,,,,,,0,0,000000000,00000000000,0,0,0,1,0,0,0,0,0,0,0,998,0,0,0,1,6,2,42,0,0,0,1,54,25606,6,1,0,0,3,0,64,152,0,1,0,0,0,9,2010,9,2010,1,87,0,0,0,1,2,50,1,1,2,2,0,0,1,6,1,1,4,1,1,0
54,540026,1,1,1,5,2,7,30,1,0,1,0,54,2,12,471,12471,30,1996,1FTCR10A3TUB,1,F,T,C,R,1,0,A,3,T,U,B,0,T,FORD,RNG,PK,96,17,,1,1140,1080,RNG,G,,,4,140,,,,B,2961,00,B,42,0,0,000000000,00000000000,0,0,0,1,0,0,0,0,0,0,0,998,0,1,5,0,6,2,1,0,0,0,1,54,25508,0,0,0,0,2,0,62,120,0,0,0,0,0,0,0,0,0,0,0,0,0,0,1,2,55,3,1,2,2,0,0,14,13,1,1,4,1,1,0
54,540027,1,1,1,8,2,15,30,1,0,1,0,0,0,73,734,73734,90,1989,999999999999,9,9,9,9,9,9,9,9,9,9,9,9,0,,,,,,,,,,,,,,,,,,,,,,,,,0,0,000000000,00000000000,0,0,0,1,0,0,0,0,0,0,0,998,0,1,5,0,2,1,1,0,0,0,1,54,26342,6,1,0,0,1,0,71,220,0,0,0,0,0,0,0,0,0,0,0,0,0,0,1,2,55,1,1,2,2,0,0,1,11,1,1,4,1,1,0
54,540028,1,2,2,10,2,18,59,12,6,1,0,54,1,49,403,49403,14,2003,JTEHF21A3301,J,T,E,H,F,2,1,A,3,3,0,1,0,P,TOYT,HIG,UT,3,17,3880,,0,1069,,G,,F,6,183,,,16R225,,,,,,0,0,000000000,00000000000,0,0,0,1,0,0,0,0,0,0,0,998,0,0,0,11,6,2,42,0,0,0,1,51,22044,6,1,0,0,3,0,999,999,0,0,0,0,0,0,0,0,0,1,28,0,0,0,1,2,55,2,2,2,3,0,0,14,6,1,1,2,64,1,1
54,540028,2,2,2,10,2,18,59,12,6,1,0,54,2,2,405,2405,14,2004,1J4GL48K24W2,1,J,4,G,L,4,8,K,2,4,W,2,0,T,JEEP,SPR,4W,4,17,,1,0,1043,LIB,G,,,6,226,,,,,3656,01,E,44,0,0,000000000,00000000000,0,0,0,1,0,0,0,0,0,0,0,998,0,0,0,7,6,2,35,0,0,0,1,54,26260,6,1,0,0,3,0,63,245,0,0,0,0,0,0,0,0,0,0,0,0,0,0,1,2,55,3,5,2,3,0,0,14,62,1,1,1,65,0,0
54,540029,1,1,1,10,2,15,35,52,0,1,0,54,1,12,442,12442,20,1996,2FMDA5145TBA,2,F,M,D,A,5,1,4,5,T,B,A,0,T,FORD,WWG,ES,96,17,,1,0,1207,WIN,G,,,6,232,,,,B,3733,00,E,42,0,0,000000000,00000000000,0,0,0,1,0,0,0,0,0,0,0,998,0,0,0,12,6,2,52,0,0,0,1,54,26866,6,1,0,0,3,0,63,224,0,0,0,1,0,6,2009,6,2009,1,0,0,0,0,1,2,55,2,1,2,1,0,0,14,6,1,1,4,6,1,0
54,540030,1,1,1,12,2,16,53,30,0,1,0,54,1,18,2,18002,4,2001,1G4HP54K61U1,1,G,4,H,P,5,4,K,6,1,U,1,0,P,BUIC,LCF,4D,1,17,3567,,0,1122,,G,,F,6,231,,,15R215,,,,,,0,0,000000000,00000000000,0,0,0,1,0,0,0,0,0,0,0,998,0,0,0,11,6,2,30,0,0,0,1,54,26164,6,1,0,0,3,0,67,165,0,0,0,0,0,0,0,0,0,0,0,0,0,0,1,2,55,2,1,2,1,0,0,14,12,1,1,4,6,1,0
54,540031,1,2,1,12,2,14,50,35,0,1,0,54,1,64,31,64031,3,2001,KLATA22641B6,K,L,A,T,A,2,2,6,4,1,B,6,0,P,DAEW,LNS,2H,1,17,2447,,0,992,,G,,F,4,098,,,14R185,,,,,,0,0,000000000,00000000000,0,0,0,1,0,0,0,0,0,0,0,998,0,1,1,98,6,2,12,0,0,0,1,54,24970,6,1,0,0,3,0,72,180,0,0,0,0,0,0,0,0,0,0,28,0,0,0,1,2,55,2,6,2,1,0,0,14,13,8,1,4,1,1,0
54,540031,2,2,2,12,2,14,50,35,0,1,0,54,1,2,405,2405,14,2005,1J4GL48K05W6,1,J,4,G,L,4,8,K,0,5,W,6,0,T,JEEP,SPR,4W,5,17,,1,0,1043,LIB,G,,,6,226,,,,,3731,00,E,44,0,0,000000000,00000000000,0,0,0,1,0,0,0,0,0,0,0,998,0,0,0,12,6,2,12,0,0,0,1,54,24976,6,1,0,0,3,0,70,235,0,0,0,0,0,0,0,0,0,0,0,0,0,0,1,2,55,3,5,2,1,0,0,14,62,2,1,1,98,0,0
54,540032,1,1,2,13,2,14,30,42,0,1,0,54,1,9,442,9442,20,1993,1P4GH54R2PX7,1,P,4,G,H,5,4,R,2,P,X,7,0,T,PLYM,GVL,ES,93,17,,1,0,1193,VOF,G,,,6,201,,,,,3676,01,M,42,0,0,000000000,00000000000,0,0,0,1,0,0,0,0,0,0,0,998,0,1,5,9,6,2,42,0,0,0,1,54,26562,6,1,0,0,3,0,72,250,0,0,0,0,0,0,0,0,0,0,87,0,0,0,1,2,30,1,1,2,10,0,0,1,5,1,2,4,2,1,0
54,540033,1,2,3,15,2,16,23,12,2,1,0,51,2,20,16,20016,2,2003,1G1JC12F8373,1,G,1,J,C,1,2,F,8,3,7,3,0,P,CHEV,CAV,CP,3,17,2617,,0,1041,,G,,F,4,134,,,14R195,,,,,,0,0,000000000,00000000000,0,0,0,1,0,0,0,0,0,0,0,998,0,0,0,12,6,2,12,0,0,0,1,54,24740,6,1,0,0,3,0,67,120,1,0,0,0,0,11,2009,11,2009,0,28,36,0,0,1,2,45,1,1,2,1,0,0,1,10,1,1,2,50,3,0
54,540033,2,2,2,15,2,16,23,12,2,1,0,54,2,20,481,20481,31,2004,1GCEK19V04E3,1,G,C,E,K,1,9,V,0,4,E,3,0,T,CHEV,SK1,4C,4,17,,2,1575,1435,SIL,G,,,8,293,,,,B,4925,00,,44,0,0,000000000,00000000000,0,0,0,1,0,0,0,0,0,0,0,998,0,0,0,12,6,2,12,0,0,0,1,54,24740,6,1,0,0,3,0,71,195,0,0,0,0,0,0,0,0,0,0,0,0,0,0,1,2,45,1,1,2,1,0,0,1,62,99,1,1,51,0,0
54,540034,1,1,1,21,2,18,49,1,0,1,0,0,0,76,734,76734,90,2009,5Y4AJ30Y59A0,5,Y,4,A,J,3,0,Y,5,9,A,0,0,M,YAMA,R45,AT,9,17,,,,,,,421,,1,,4,1031,,,,,,,0,0,000000000,00000000000,0,0,0,1,0,0,0,0,0,0,0,998,0,1,5,0,2,3,1,0,0,0,1,54,25160,2,1,0,0,2,0,73,185,0,2,0,0,0,6,2009,9,2009,1,0,0,0,0,1,2,35,1,1,7,1,0,0,1,12,1,1,4,6,1,1
54,540035,1,2,4,21,2,3,30,12,2,1,0,51,3,20,481,20481,31,2005,1GCHK23235F8,1,G,C,H,K,2,3,2,3,5,F,8,1,T,CHEV,2KH,CW,5,17,,2,1670,1530,SIL,D,,,8,403,,,,C,6056,03,,44,1,0,000000000,00000000000,0,0,0,1,0,0,0,0,0,0,0,998,0,0,0,12,6,2,12,0,0,0,1,54,24740,6,1,0,0,3,0,70,240,0,0,0,0,1,9,2011,9,2011,1,28,0,0,0,1,2,65,1,6,2,1,0,0,1,10,1,1,2,50,1,1
54,540035,2,2,1,21,2,3,30,12,2,1,0,17,3,82,881,82881,66,2011,1FUJGBDV1BLB,1,F,U,J,G,B,D,V,1,B,L,B,1,T,FRHT,113,TR,11,17,,8,0,0,CSC,D,,,6,781,,,,,00000,00,,64,1,57,055787,57055787,3,6,1,1,0,0,0,0,0,0,0,998,0,0,0,12,6,2,12,0,0,0,1,51,24523,6,1,6,0,3,0,70,177,0,0,0,0,0,0,0,0,0,0,0,0,0,0,1,2,65,1,5,2,1,0,0,1,64,2,1,1,51,0,0
54,540036,1,1,1,26,2,18,3,1,0,1,0,54,1,2,404,2404,14,1994,1J4GZ58S9RC2,1,J,4,G,Z,5,8,S,9,R,C,2,0,T,JEEP,LRO,4W,94,17,,1,0,1059,GCK,G,,,6,242,,,,,3552,00,B,44,0,0,000000000,00000000000,0,0,0,1,0,0,0,0,0,0,0,998,0,1,1,0,6,2,1,0,0,0,1,54,25504,2,1,1,0,2,0,71,140,1,3,1,0,0,8,2009,5,2010,1,0,0,0,0,1,2,45,3,1,2,1,0,0,14,10,1,1,6,98,1,1
54,540037,1,1,1,27,2,18,45,42,0,1,0,37,2,49,41,49041,2,1991,JT2SW21N0M00,J,T,2,S,W,2,1,N,0,M,0,0,0,P,TOYT,MSR,CP,91,17,2758,,0,945,,G,,F,4,132,,,14R195,,,,,,0,0,000000000,00000000000,0,0,0,1,0,0,0,0,0,0,0,998,0,0,0,98,6,2,42,0,0,0,1,54,26818,0,0,0,0,0,0,999,999,99,99,99,99,99,99,9999,99,9999,1,36,0,0,0,1,2,40,2,1,2,1,0,0,14,6,1,3,4,7,1,0
54,540038,1,2,1,28,2,14,55,12,6,1,0,42,3,98,804,98804,66,2012,5KJJABDR4CPB,5,K,J,J,A,B,D,R,4,C,P,B,1,T,WSTR,49X,TR,12,17,,8,0,0,CNV,D,,,6,903,,,,,00000,00,,64,1,57,837582,57837582,3,6,4,1,0,0,0,0,0,0,0,998,0,0,0,11,6,2,12,0,0,0,1,42,15478,6,1,6,0,3,0,72,999,0,0,0,0,0,0,0,0,0,0,0,0,0,0,1,2,55,2,1,2,1,0,0,14,62,2,1,1,65,0,0
54,540038,2,2,1,28,2,14,55,12,6,1,0,54,3,20,481,20481,31,1996,1GCEC19M6TE1,1,G,C,E,C,1,9,M,6,T,E,1,0,T,CHEV,GC1,PC,96,17,,2,1555,1415,GM4,G,,,8,305,,,,B,4068,02,,42,0,0,000000000,00000000000,0,0,0,1,0,0,0,0,0,0,0,998,0,0,0,12,6,2,12,0,0,0,1,54,26521,6,1,0,0,3,0,70,180,1,0,0,0,0,12,2011,12,2011,1,28,0,0,0,1,2,55,3,1,2,1,0,0,14,6,1,1,2,64,1,0
54,540039,1,1,2,13,2,3,45,5,0,1,0,51,3,12,881,12881,63,1981,1FDYR80U1BVA,1,F,D,Y,R,8,0,U,1,B,V,A,0,T,FORD,N8M,CC,81,17,,8,2220,1380,CON,D,,,8,636,,,,,8425,05,,42,0,77,777777777,77777777777,3,1,96,1,0,0,0,0,0,7,1,998,0,0,0,0,2,1,5,0,0,0,1,51,22637,6,1,6,1,3,0,74,180,0,0,0,0,0,0,0,0,0,1,87,0,0,0,1,2,55,3,1,2,4,0,0,14,98,1,2,2,0,1,0
54,540040,1,2,1,5,2,11,5,12,6,1,0,54,1,12,461,12461,21,1992,1FTEE14Y0NHB,1,F,T,E,E,1,4,Y,0,N,H,B,0,T,FORD,15V,CG,92,17,,2,0,1380,VAN,G,,,6,300,,,,B,4471,01,B,42,0,0,000000000,00000000000,0,0,0,1,0,0,0,0,0,0,0,998,0,0,0,12,2,1,12,0,0,0,1,54,26812,6,1,0,0,3,0,69,155,0,0,0,0,0,0,0,0,0,0,0,0,0,0,1,2,55,1,1,2,2,0,0,6,10,3,1,2,83,0,0
54,540040,2,2,1,5,2,11,5,12,6,1,0,0,0,53,734,53734,90,2008,5SAAR41A6871,5,S,A,A,R,4,1,A,6,8,7,1,0,M,SUZI,L75,AT,8,17,,,,,,,722,,1,,4,604,,,,,,,0,0,000000000,00000000000,0,0,0,1,0,0,0,0,0,0,0,998,0,0,0,8,4,3,12,0,0,0,1,54,26812,0,0,0,0,0,0,67,140,0,0,0,0,0,0,0,0,0,0,36,48,0,0,1,2,55,1,1,2,2,0,0,11,15,4,1,2,82,1,0
54,540041,1,1,1,19,2,5,15,42,0,1,0,92,0,23,471,23471,30,2000,1GTDT14W5Y81,1,G,T,D,T,1,4,W,5,Y,8,1,0,T,GMC,SON,PK,0,17,,1,0,1083,SON,G,,,6,262,,,,B,3564,01,U,44,0,0,000000000,00000000000,0,0,0,1,0,0,0,0,0,0,0,998,0,1,5,98,6,2,1,0,0,0,1,54,25508,2,1,0,0,2,0,67,190,0,1,1,1,3,7,2010,1,2012,1,0,0,0,0,1,2,30,3,6,2,2,0,0,14,6,7,1,4,1,1,1
54,540042,1,2,1,23,2,11,40,12,6,1,0,54,3,84,881,84881,63,1999,1HTSCAAR9XH6,1,H,T,S,C,A,A,R,9,X,H,6,0,T,INTL,470,CC,99,17,,8,2540,1280,40S,D,,,6,466,,,,,00000,00,,42,0,77,777777777,77777777777,3,1,7,1,0,0,0,0,0,0,0,0,0,0,0,7,2,1,12,0,0,0,1,54,26587,6,1,6,0,3,0,72,140,0,0,0,0,0,0,0,0,0,0,0,0,0,0,1,2,35,2,1,2,1,0,0,5,52,1,1,1,45,0,0
54,540042,2,2,1,23,2,11,40,12,6,1,0,54,1,18,7,18007,4,2004,2G4WS52J6411,2,G,4,W,S,5,2,J,6,4,1,1,0,P,BUIC,CCU,4D,4,17,3342,,0,1090,,G,,F,6,189,,,15R205,,,,,,0,0,000000000,00000000000,0,0,0,1,0,0,0,0,0,0,0,998,0,0,0,12,6,2,12,0,0,0,1,54,26582,6,1,6,0,3,0,70,150,0,0,0,0,0,0,0,0,0,0,35,0,0,0,1,2,35,2,1,2,1,0,0,14,50,6,1,2,44,1,0
54,540043,1,1,2,28,2,23,48,42,0,1,0,54,2,49,32,49032,4,1991,JT2AE97A9M34,J,T,2,A,E,9,7,A,9,M,3,4,0,P,TOYT,CLF,4D,91,17,2412,,0,957,,G,,F,4,097,,,13R175,,,,,,0,0,000000000,00000000000,0,0,0,1,0,0,0,0,0,0,0,998,0,0,0,12,6,2,42,0,0,0,1,54,25427,2,1,0,0,2,0,65,135,0,0,0,0,0,0,0,0,0,1,36,37,0,0,1,2,30,3,8,2,98,0,0,14,6,2,1,4,1,1,0
54,540044,1,1,2,28,2,11,56,34,0,1,0,0,0,98,734,98734,90,2011,3JBEPHN19CJ0,3,J,B,E,P,H,N,1,9,C,J,0,0,U,,,,11,17,,,,,,,,,,,,,,,,,,,0,0,000000000,00000000000,0,0,0,1,0,0,0,0,0,0,0,998,0,0,0,1,6,2,34,0,0,0,1,54,26201,3,1,0,0,2,0,70,194,0,0,0,0,0,0,0,0,0,0,6,0,0,0,1,2,55,3,5,2,1,0,0,14,13,1,1,4,1,1,1
54,540045,1,2,1,8,2,8,40,12,1,1,0,54,3,51,881,51881,66,2007,4V4NC9TJ47N4,4,V,4,N,C,9,T,J,4,7,N,4,1,T,VOLV,VNL,TR,7,17,,8,0,0,VVN,D,,,6,915,,,,,00000,00,,64,1,57,81391,5781391,3,6,3,1,0,0,0,0,0,0,0,65,0,0,0,6,2,1,12,0,0,0,1,39,45123,6,1,6,0,3,1,69,190,0,0,0,0,0,0,0,0,0,0,0,0,0,0,2,2,65,1,6,1,2,0,0,2,18,1,1,1,29,0,0
54,540045,2,2,3,8,2,8,40,12,1,1,0,54,1,20,2,20002,4,2007,2G1WT58K9791,2,G,1,W,T,5,8,K,9,7,9,1,6,P,CHEV,IMT,4D,7,17,3674,,0,1105,,F,,F,6,214,,,16R225,,,,,,2,0,000000000,00000000000,0,0,0,1,0,0,0,0,0,0,0,65,0,0,0,12,6,2,12,0,0,0,1,54,25601,6,1,0,0,3,1,68,145,0,0,0,0,0,0,0,0,0,0,0,0,0,0,2,2,65,1,6,1,2,0,0,1,52,1,1,1,28,1,0
54,540046,1,1,2,29,2,13,20,34,0,1,0,54,2,7,18,7018,4,1992,1B3XC56R8ND8,1,B,3,X,C,5,6,R,8,N,D,8,0,P,DODG,DLE,4D,92,17,2987,,0,1045,,G,,F,6,201,,,14R195,,,,,,0,0,000000000,00000000000,0,0,0,1,0,0,0,0,0,0,0,998,0,1,5,1,6,2,1,0,0,0,1,54,25611,2,1,0,0,2,0,74,134,0,1,0,0,0,4,2009,4,2009,0,0,0,0,0,1,2,45,3,1,2,1,0,0,14,13,1,1,4,1,1,0
54,540047,1,1,1,1,3,21,2,8,0,1,0,54,2,20,481,20481,31,1991,1GCDK14K2MZ1,1,G,C,D,K,1,4,K,2,M,Z,1,0,T,CHEV,GK1,PK,91,17,,1,1315,1175,GM4,G,,,8,350,,,,B,00000,00,,44,0,0,000000000,00000000000,0,0,0,1,0,0,0,0,0,0,0,998,0,0,0,98,2,3,8,0,0,0,1,54,25320,1,1,1,0,2,0,71,190,0,8,0,0,0,3,2009,1,2011,0,0,0,0,0,1,2,55,1,1,2,1,0,0,1,80,6,1,1,13,0,0