STATE,ST_CASE,VEH_NO,VE_FORMS,NUMOCCS,DAY,MONTH,HOUR,MINUTE,HARM_EV,MAN_COLL,UNITTYPE,HIT_RUN,REG_STAT,OWNER,MAKE,MODEL,MAK_MOD,BODY_TYP,MOD_YEAR,VIN,VIN_1,VIN_2,VIN_3,VIN_4,VIN_5,VIN_6,VIN_7,VIN_8,VIN_9,VIN_10,VIN_11,VIN_12,TOW_VEH,VINTYPE,VINMAKE,VINA_MOD,VIN_BT,VINMODYR,VIN_LNGT,VIN_WGT,WGTCD_TR,WHLBS_LG,WHLBS_SH,SER_TR,FUELCODE,MCYCL_DS,CARBUR,CYLINDER,DISPLACE,MCYCL_CY,MCYCL_WT,TIRE_SZE,TON_RAT,TRK_WT,TRKWTVAR,VIN_REST,WHLDRWHL,J_KNIFE,MCARR_I1,MCARR_I2,MCARR_ID,GVWR,V_CONFIG,CARGO_BT,HAZ_INV,HAZ_PLAC,HAZ_ID,HAZ_CNO,HAZ_REL,BUS_USE,SPEC_USE,EMER_USE,TRAV_SP,UNDERIDE,ROLLOVER,ROLINLOC,IMPACT1,DEFORMED,TOWED,M_HARM,VEH_SC1,VEH_SC2,FIRE_EXP,DR_PRES,L_STATE,DR_ZIP,L_STATUS,L_TYPE,CDL_STAT,L_ENDORS,L_COMPL,L_RESTRI,DR_HGT,DR_WGT,PREV_ACC,PREV_SUS,PREV_DWI,PREV_SPD,PREV_OTH,FIRST_MO,FIRST_YR,LAST_MO,LAST_YR,SPEEDREL,DR_SF1,DR_SF2,DR_SF3,DR_SF4,VTRAFWAY,VNUM_LAN,VSPD_LIM,VALIGN,VPROFILE,VPAVETYP,VSURCOND,VTRAFCON,VTCONT_F,P_CRASH1,P_CRASH2,P_CRASH3,PCRASH4,PCRASH5,ACC_TYPE,DEATHS,DR_DRINK
54,540084,1,2,1,1,5,16,45,12,1,1,0,54,1,72,706,72706,80,2003,1HD1CGP143K4,1,H,D,1,C,G,P,1,4,3,K,4,0,M,HD,20C,RS,3,17,,,,,,,1200,,2,,4,491,,,,,,,0,0,000000000,00000000000,0,0,0,1,0,0,0,0,0,0,0,0,0,0,0,6,6,2,12,0,0,0,1,54,26847,6,1,0,0,3,1,71,155,0,0,0,0,0,0,0,0,0,0,54,0,0,0,1,2,55,1,1,2,1,50,3,5,53,1,1,1,21,1,0
54,540084,2,2,1,1,5,16,45,12,1,1,0,54,1,48,34,48034,4,2006,4S3BL6263672,4,S,3,B,L,6,2,6,3,6,7,2,0,P,SUBA,25L,4D,6,17,3200,,0,1051,,G,,F,4,152,,,16R205,,,,,,0,0,000000000,00000000000,0,0,0,1,0,0,0,0,0,0,0,998,0,0,0,12,6,2,12,0,0,0,1,54,26866,6,1,0,0,3,0,65,175,0,0,0,0,0,0,0,0,0,1,0,0,0,0,1,2,55,1,1,2,1,50,3,1,50,1,1,1,20,0,0
54,540085,1,1,2,1,5,6,40,24,0,1,0,54,1,20,481,20481,31,1990,1GCDK14K0LZ1,1,G,C,D,K,1,4,K,0,L,Z,1,0,T,CHEV,GK1,PK,90,17,,1,1415,1175,GM4,G,,,8,350,,,,B,4117,05,,44,0,0,000000000,00000000000,0,0,0,1,0,0,0,0,0,0,0,998,0,1,5,11,9,2,1,0,0,0,1,54,25621,6,2,0,0,3,0,66,135,1,0,0,0,0,12,2011,12,2011,1,0,0,0,0,1,2,55,2,1,2,2,0,0,14,6,3,1,4,6,1,0
54,540086,1,1,1,2,5,15,25,42,0,1,0,54,1,20,8,20008,2,1973,1X27D3W19348,1,X,2,7,D,3,W,1,9,3,4,8,0,P,CHEV,NOV,CP,73,13,3033,,0,1110,,G,,1,6,250,,,14E78,,,,,,0,0,000000000,00000000000,0,0,0,1,0,0,0,0,0,0,0,998,0,0,0,98,6,2,42,0,0,0,1,54,26601,6,1,0,0,3,0,75,170,0,0,0,0,0,0,0,0,0,0,0,0,0,0,1,2,55,3,1,2,1,0,0,14,13,1,1,4,1,1,0
54,540087,1,2,1,2,5,6,44,12,6,1,0,51,1,48,34,48034,6,2001,4S3BH6652166,4,S,3,B,H,6,6,5,2,1,6,6,0,P,SUBA,ULK,SW,1,17,3425,,0,1043,,G,,F,4,153,,,16R225,,,,,,0,0,000000000,00000000000,0,0,0,1,0,0,0,0,0,0,0,998,0,0,0,1,6,2,12,0,0,0,1,51,22630,6,1,0,0,3,0,72,285,2,0,0,1,1,7,2009,4,2012,0,28,0,0,0,2,2,70,1,1,2,1,0,0,1,10,1,1,2,64,1,0
54,540087,2,2,7,2,5,6,44,12,6,1,0,54,3,82,981,82981,50,2000,4UZ6CJBA6YCG,4,U,Z,6,C,J,B,A,6,Y,C,G,0,T,FRHT,FS6,BU,0,17,,7,0,0,CHA,D,,,6,439,,,,,00000,00,,42,0,88,888888888,88888888888,2,21,22,1,0,0,0,0,1,0,0,998,0,0,0,11,6,2,12,0,0,0,1,54,25405,6,1,6,1,3,1,65,220,1,0,0,0,0,1,2012,1,2012,0,0,0,0,0,2,2,70,1,1,2,1,0,0,1,62,1,1,1,65,0,0
54,540089,1,2,1,5,5,17,25,12,6,1,0,54,1,12,401,12401,14,2007,1FMEU73E07UB,1,F,M,E,U,7,3,E,0,7,U,B,0,P,FORD,EPR,UT,7,17,4615,,0,1137,,G,,F,6,244,,,16R235,,,,,,0,0,000000000,00000000000,0,0,0,1,0,0,0,0,0,0,0,998,0,0,0,1,6,4,12,0,0,0,1,54,25404,6,1,0,0,3,0,60,115,0,0,0,0,0,0,0,0,0,0,38,0,0,0,1,2,35,1,1,2,1,0,0,11,10,1,1,2,68,0,0
54,540089,2,2,2,5,5,17,25,12,6,1,0,54,1,72,706,72706,80,2006,1HD1FCW146Y6,1,H,D,1,F,C,W,1,4,6,Y,6,0,M,HD,FLU,RS,6,17,,,,,,,1450,,2,,4,788,,,,,,,0,0,000000000,00000000000,0,0,0,1,0,0,0,0,0,0,0,998,0,0,0,1,4,3,12,0,0,0,1,54,25428,6,1,0,0,3,0,75,280,0,0,0,0,0,0,0,0,0,0,0,0,0,0,1,2,35,1,1,2,1,0,0,1,62,1,1,1,69,1,0
54,540090,1,2,1,6,5,16,38,12,2,1,0,54,1,12,481,12481,31,1998,2FTRX18L3WCA,2,F,T,R,X,1,8,L,3,W,C,A,0,T,FORD,F15,3C,98,17,,2,1570,1390,COF,G,,,8,330,,,,B,4480,01,E,44,0,0,000000000,00000000000,0,0,0,1,0,0,0,0,0,0,0,998,0,0,0,12,6,2,12,0,0,0,1,54,25873,6,1,0,0,3,1,67,170,0,0,0,0,0,0,0,0,0,0,28,0,0,0,5,4,55,1,1,2,1,0,0,11,10,1,1,2,68,0,0
54,540090,2,2,2,6,5,16,38,12,2,1,0,54,2,76,706,76706,80,2008,JYAVP11E38A1,J,Y,A,V,P,1,1,E,3,8,A,1,0,M,YAMA,XVS,RS,8,17,,,,,,,1063,,2,,4,600,,,,,,,0,0,000000000,00000000000,0,0,0,1,0,0,0,0,0,0,0,998,0,0,0,12,6,2,12,0,0,0,1,17,62890,6,1,0,0,3,0,68,140,0,1,0,0,0,12,2011,12,2011,0,0,0,0,0,5,4,55,1,1,2,1,0,0,1,62,1,1,1,69,1,0
54,540091,1,2,1,18,5,1,39,12,2,1,0,54,2,49,32,49032,2,1996,2T1BB02E9TC1,2,T,1,B,B,0,2,E,9,T,C,1,0,P,TOYT,CRD,4D,96,17,2381,,0,970,,G,,F,4,108,,,14R185,,,,,,0,0,000000000,00000000000,0,0,0,1,0,0,0,0,0,0,0,998,0,0,0,12,6,2,12,0,0,0,1,54,25547,6,1,0,0,3,0,71,170,0,1,0,0,1,5,2011,3,2012,1,28,0,0,0,1,2,25,1,6,2,1,0,0,1,10,1,1,2,50,1,0
54,540091,2,2,1,18,5,1,39,12,2,1,0,47,3,84,881,84881,62,1994,1HTSCACM0RH5,1,H,T,S,C,A,C,M,0,R,H,5,1,T,INTL,470,CC,94,17,,6,2540,1280,40S,D,,,6,408,,,,,00000,00,,42,1,57,393646,57393646,3,4,1,1,0,0,0,0,0,0,0,998,0,0,0,12,6,2,12,0,0,0,1,54,25177,6,1,0,0,3,0,71,254,0,0,0,1,1,7,2009,8,2009,0,0,0,0,0,1,2,25,1,6,2,1,0,0,1,62,1,1,1,51,0,0
54,540092,1,1,1,18,5,11,45,1,0,1,0,54,1,73,705,73705,80,2009,JKALEEA129A0,J,K,A,L,E,E,A,1,2,9,A,0,0,M,KAWK,EL5,RC,9,17,,,,,,,649,,2,,4,454,,,,,,,0,0,000000000,00000000000,0,0,0,1,0,0,0,0,0,0,0,998,0,0,0,0,2,1,1,0,0,0,1,54,26105,6,1,0,0,3,0,73,190,0,0,0,0,0,0,0,0,0,1,0,0,0,0,1,2,25,2,5,2,1,0,0,14,98,6,1,2,98,1,0
54,540093,1,3,1,6,5,14,17,12,2,1,0,54,1,20,401,20401,14,2002,1GNES16S0261,1,G,N,E,S,1,6,S,0,2,6,1,0,P,CHEV,TRL,UT,2,17,4836,,0,1290,,G,,F,6,256,,,17R245,,,,,,0,0,000000000,00000000000,0,0,0,1,0,0,0,0,0,0,0,998,0,0,0,12,6,2,12,0,0,0,1,54,25213,6,1,0,0,3,0,62,150,0,3,0,0,6,10,2009,7,2011,0,28,0,0,0,1,2,55,1,1,2,1,0,0,1,10,1,1,2,50,0,0
54,540093,2,3,1,6,5,14,17,12,2,1,0,39,3,84,881,84881,63,2013,3HSDJSJR3DN1,3,H,S,D,J,S,J,R,3,D,N,1,1,T,INTL,PRO,TR,13,17,,8,0,0,PRO,D,,,6,793,,,,,00000,00,,64,1,57,120612,57120612,3,4,1,1,0,0,0,0,0,0,0,998,0,0,0,12,6,2,12,0,0,0,1,39,45822,6,1,6,0,3,1,68,205,0,0,0,0,0,0,0,0,0,0,0,0,0,0,1,2,55,1,1,2,1,0,0,1,62,7,1,1,98,0,0
54,540093,3,3,1,6,5,14,17,12,2,1,0,51,1,72,706,72706,80,2007,1HD1KB4147Y6,1,H,D,1,K,B,4,1,4,7,Y,6,0,M,HD,FHX,RS,7,17,,,,,,,1584,,2,,4,733,,,,,,,0,0,000000000,00000000000,0,0,0,1,0,0,0,0,0,0,0,998,0,0,0,12,6,2,12,0,0,0,1,51,24153,6,1,0,0,3,0,64,170,0,0,0,0,0,0,0,0,0,0,0,0,0,0,1,2,55,1,1,2,1,0,0,1,62,1,1,1,51,1,0
54,540094,1,1,1,20,5,1,26,24,0,1,0,54,1,20,16,20016,2,1988,1G1JC111XJ71,1,G,1,J,C,1,1,1,X,J,7,1,0,P,CHEV,CVL,CP,88,17,2231,,0,1012,,G,,F,4,121,,,13R185,,,,,,0,0,000000000,00000000000,0,0,0,1,0,0,0,0,0,0,0,998,0,0,0,11,6,2,32,0,0,0,1,54,25313,6,1,6,0,3,0,61,120,1,0,0,0,0,8,2011,8,2011,0,0,0,0,0,1,2,55,1,1,2,1,0,0,1,13,1,1,4,1,1,1
54,540095,1,1,1,20,5,23,14,42,0,1,0,54,1,23,481,23481,31,2004,1GTEK19T74E3,1,G,T,E,K,1,9,T,7,4,E,3,0,T,GMC,NK1,4C,4,17,,2,1575,1435,SIE,G,,,8,325,,,,B,4548,03,4,44,0,0,000000000,00000000000,0,0,0,1,0,0,0,0,0,0,0,998,0,0,0,12,6,2,42,0,0,0,1,54,26610,6,1,0,0,3,0,73,240,0,0,0,0,1,1,2012,1,2012,1,0,0,0,0,1,2,55,1,1,2,1,0,0,1,12,1,1,4,6,1,0
54,540096,1,2,1,22,5,22,21,8,0,1,0,51,2,7,43,7043,4,2003,1B3EL46X63N5,1,B,3,E,L,4,6,X,6,3,N,5,0,P,DODG,STX,4D,3,17,3099,,0,1080,,G,,F,4,148,,,16R205,,,,,,0,0,000000000,00000000000,0,0,0,1,0,0,0,0,0,0,0,998,0,0,0,12,6,2,8,0,0,0,1,51,24124,6,1,0,0,3,0,71,155,0,0,0,0,0,0,0,0,0,0,0,0,0,0,3,2,55,1,1,2,1,0,0,1,80,3,1,1,13,0,1
54,540096,2,2,1,22,5,22,21,8,0,1,0,54,1,20,461,20461,21,2000,1GCHG35R5Y11,1,G,C,H,G,3,5,R,5,Y,1,1,0,T,CHEV,E35,CG,0,17,,2,0,1350,EXP,G,,,8,350,,,,D,5387,00,,42,0,0,000000000,00000000000,0,0,0,1,0,0,0,0,0,0,0,998,0,0,0,12,4,1,8,0,0,0,1,54,24701,6,1,0,0,3,1,68,250,0,0,0,1,0,5,2010,5,2010,0,0,0,0,0,3,2,55,1,1,2,1,0,0,1,80,2,1,1,98,0,1
54,540097,1,2,1,22,5,21,12,12,6,1,0,54,3,85,881,85881,66,2001,1XKWDB0X61J8,1,X,K,W,D,B,0,X,6,1,J,8,1,T,KW,W90,TR,1,17,,8,2850,1600,CON,D,,,6,893,,,,,00000,00,,64,1,77,777777777,77777777777,3,6,4,1,0,0,0,0,0,0,0,998,0,0,0,1,2,1,12,0,0,0,1,54,25311,6,1,6,0,3,0,65,275,1,0,0,2,0,8,2009,11,2011,0,38,0,0,0,1,2,40,1,1,2,1,0,0,11,15,1,1,2,68,0,0
54,540097,2,2,1,22,5,21,12,12,6,1,0,0,0,37,733,37733,90,1986,JH3TE0607GC1,J,H,3,T,E,0,6,0,7,G,C,1,0,M,HOND,TX5,AT,86,17,,,,,,,250,,1,,4,478,,,,,,,0,0,000000000,00000000000,0,0,0,1,0,0,0,0,0,0,0,998,0,0,0,12,2,3,12,0,0,0,1,54,25061,2,1,1,0,1,0,67,135,0,0,0,0,0,0,0,0,0,0,36,0,0,0,1,2,40,1,1,2,1,0,0,1,66,1,1,1,69,1,1
54,540098,1,1,2,23,5,10,35,1,0,1,0,54,1,20,16,20016,2,2002,1G1JC1248272,1,G,1,J,C,1,2,4,8,2,7,2,0,P,CHEV,CAV,CP,2,17,2617,,0,1041,,G,,F,4,133,,,14R195,,,,,,0,0,000000000,00000000000,0,0,0,1,0,0,0,0,0,0,0,998,0,1,2,0,6,2,1,0,0,0,1,54,26456,6,1,0,0,3,0,67,151,0,0,0,0,0,0,0,0,0,1,58,0,0,0,1,2,55,1,6,2,1,0,0,1,13,1,1,4,1,1,0
54,540099,1,3,1,23,5,14,32,12,1,1,0,54,1,72,706,72706,80,2001,1HD1BVB181Y0,1,H,D,1,B,V,B,1,8,1,Y,0,0,M,HD,FTI,RS,1,17,,,,,,,1450,,2,,4,629,,,,,,,0,0,000000000,00000000000,0,0,0,1,0,0,0,0,0,0,0,998,0,0,0,12,6,2,12,0,0,1,1,54,26050,6,1,0,0,3,0,67,185,0,0,0,0,0,0,0,0,0,1,0,0,0,0,1,2,55,1,1,2,1,0,0,2,6,3,1,1,24,1,0
54,540099,2,3,2,23,5,14,32,12,1,1,0,54,2,20,16,20016,2,1997,1G1JC1248V72,1,G,1,J,C,1,2,4,8,V,7,2,0,P,CHEV,C/S,CP,97,17,2584,,0,1041,,G,,F,4,133,,,14R195,,,,,,0,0,000000000,00000000000,0,0,0,1,0,0,0,0,0,0,0,998,0,0,0,6,2,1,12,0,0,0,1,54,26056,6,2,0,0,3,0,73,225,0,0,0,0,0,0,0,0,0,0,0,0,0,0,1,2,55,1,1,2,1,0,0,2,53,1,1,1,25,0,0
54,540099,3,3,1,23,5,14,32,12,1,1,0,54,1,84,981,84981,50,2002,1HVBRAAN82A9,1,H,V,B,R,A,A,N,8,2,A,9,0,T,INTL,300,BU,2,17,,7,0,0,30S,D,,,6,466,,,,,00000,00,,42,0,88,888888888,88888888888,3,21,22,1,0,0,0,0,1,0,0,998,0,0,0,12,6,2,12,0,0,1,1,54,26034,6,1,6,1,3,0,68,180,0,0,0,0,0,0,0,0,0,0,0,0,0,0,1,2,55,1,1,2,1,0,0,1,62,3,1,1,98,0,0
54,540100,1,1,5,25,5,23,50,42,0,1,0,54,1,20,421,20421,15,1995,1GNDT13W2S21,1,G,N,D,T,1,3,W,2,S,2,1,0,P,CHEV,BZR,UT,95,17,4071,,0,1070,,G,,F,6,262,,,15R205,,,,,,0,0,000000000,00000000000,0,0,0,1,0,0,0,0,0,0,0,998,0,1,5,8,6,2,42,0,0,0,1,54,26101,6,2,0,0,3,0,71,161,0,0,0,0,0,0,0,0,0,1,36,0,0,0,1,2,55,2,1,2,1,0,0,14,6,8,1,4,6,1,1
54,540101,1,1,1,25,5,0,53,30,0,1,0,54,2,20,471,20471,30,2003,1GCDT13X03K1,1,G,C,D,T,1,3,X,0,3,K,1,0,T,CHEV,S14,CW,3,17,,1,0,1229,S,G,,,6,262,,,,B,4039,00,,44,0,0,000000000,00000000000,0,0,0,1,0,0,0,0,0,0,0,998,0,0,0,2,6,2,30,0,0,0,1,42,26062,6,1,6,0,3,0,74,220,0,4,0,0,0,2,2011,2,2011,1,0,0,0,0,1,2,30,3,6,2,1,0,0,14,13,1,1,4,1,1,1
54,540102,1,1,3,25,5,20,7,34,0,1,0,54,2,7,402,7402,14,2002,1B8HS58N42F1,1,B,8,H,S,5,8,N,4,2,F,1,0,P,DODG,DUR,UT,2,17,4678,,0,1160,,G,,F,8,287,,,16R265,,,,,,0,0,000000000,00000000000,0,0,0,1,0,0,0,0,0,0,0,998,0,1,2,1,6,2,1,0,0,0,1,54,24726,6,1,1,0,3,0,70,220,0,3,0,0,0,2,2011,4,2012,1,58,0,0,0,1,2,40,1,1,2,1,0,0,1,13,1,1,4,1,1,1
54,540103,1,1,4,25,5,18,0,42,0,1,0,54,2,20,401,20401,14,2002,1GNDS13S9221,1,G,N,D,S,1,3,S,9,2,2,1,0,P,CHEV,TRL,UT,2,17,4442,,0,1130,,G,,F,6,256,,,16R245,,,,,,0,0,000000000,00000000000,0,0,0,1,0,0,0,0,0,0,0,998,0,1,5,98,6,2,42,0,0,0,1,54,25512,6,1,0,0,3,0,72,160,0,0,0,0,0,0,0,0,0,1,58,84,0,0,1,2,55,3,1,2,1,0,0,14,12,6,1,4,6,1,0
54,540104,1,1,1,25,5,22,3,24,0,1,0,54,2,37,734,37734,90,2005,1HFTE2309545,1,H,F,T,E,2,3,0,9,5,4,5,0,M,HOND,TRE,AT,5,17,,,,,,,397,,1,,4,999,,,,,,,0,0,000000000,00000000000,0,0,0,1,0,0,0,0,0,0,0,998,0,0,0,98,4,3,24,0,0,0,1,54,26582,1,1,1,0,2,0,71,185,0,1,0,0,0,5,2010,5,2010,0,0,0,0,0,1,2,55,3,1,2,1,0,0,14,13,1,1,4,1,1,1
54,540105,1,1,1,26,5,13,32,1,0,1,0,0,0,76,734,76734,90,2008,JY4AJ35YX8C0,J,Y,4,A,J,3,5,Y,X,8,C,0,0,M,YAMA,Z45,AT,8,17,,,,,,,449,,1,,4,350,,,,,,,0,0,000000000,00000000000,0,0,0,1,0,0,0,0,0,0,0,998,0,1,5,0,6,2,1,0,0,0,1,54,26836,2,1,1,0,2,0,72,160,0,1,1,0,0,6,2010,7,2010,0,0,0,0,0,1,2,55,1,1,2,1,0,0,1,13,1,1,4,1,1,1
54,540106,1,3,1,25,5,16,20,12,6,1,0,54,1,7,482,7482,31,2008,1D7HU18298S5,1,D,7,H,U,1,8,2,9,8,S,5,0,T,DODG,SQ1,CW,8,17,,2,1605,1405,RPC,G,,,8,348,,,,B,5201,00,E,44,0,0,000000000,00000000000,0,0,0,1,0,0,0,0,0,0,0,998,0,0,0,12,6,2,12,0,0,0,1,39,43209,6,1,0,0,3,0,70,165,0,0,0,1,0,11,2009,11,2009,0,28,36,33,0,1,2,55,1,1,2,1,0,0,1,10,1,1,2,64,1,1
54,540106,2,3,1,25,5,16,20,12,6,1,0,31,3,82,881,82881,66,2012,1FUJGLDR9CSB,1,F,U,J,G,L,D,R,9,C,S,B,1,T,FRHT,125,TR,12,17,,8,0,0,CSC,D,,,6,903,,,,,00000,00,,64,1,77,777777777,77777777777,3,6,1,1,0,0,0,0,0,0,0,998,0,0,0,12,6,2,12,0,0,1,1,26,48183,6,1,6,0,3,0,999,999,99,99,99,99,99,99,9999,99,9999,0,0,0,0,0,1,2,55,1,1,2,1,0,0,1,62,1,1,1,98,0,0
54,540106,3,3,1,25,5,16,20,12,6,1,0,31,3,51,881,51881,66,2012,4V4NC9EJ9CN5,4,V,4,N,C,9,E,J,9,C,N,5,1,T,VOLV,VNL,TR,12,17,,8,0,0,VVN,D,,,6,793,,,,,00000,00,,64,1,57,1815660,571815660,3,6,1,1,0,0,0,0,0,0,0,998,0,0,0,7,4,1,12,0,0,0,1,31,68522,6,1,6,0,3,0,67,165,0,0,0,2,0,12,2010,5,2011,0,0,0,0,0,1,2,55,1,1,2,1,0,0,1,62,7,1,1,65,0,0
54,540107,1,1,1,26,5,16,20,35,0,1,0,0,0,37,734,37734,90,2006,61120HP0A000,6,1,1,2,0,H,P,0,A,0,0,0,0,M,HOND,,,6,12,,,,,,,,,,,,,,,,,,,0,0,000000000,00000000000,0,0,0,1,0,0,0,0,0,0,0,998,0,1,5,11,6,2,1,0,0,0,1,24,21009,6,1,0,0,3,0,76,170,0,0,0,0,0,0,0,0,0,1,0,0,0,0,1,2,25,1,6,5,11,0,0,1,6,1,1,4,1,1,1
54,540108,1,1,1,29,5,4,0,42,0,1,0,54,1,20,404,20404,14,2006,2CNDL73FX660,2,C,N,D,L,7,3,F,X,6,6,0,0,P,CHEV,EQU,UT,6,17,3777,,0,1125,,G,,F,6,207,,,16R235,,,,,,0,0,000000000,00000000000,0,0,0,1,0,0,0,0,0,0,0,998,0,0,0,12,6,2,42,0,0,0,1,54,24818,6,1,0,0,3,1,59,150,0,0,0,0,0,0,0,0,0,0,58,0,0,0,1,2,55,3,1,2,1,0,0,14,12,1,1,4,6,1,0
54,540109,1,1,1,31,5,16,0,1,0,1,0,54,1,37,734,37734,90,9999,000000000000,0,0,0,0,0,0,0,0,0,0,0,0,0,,,,,,,,,,,,,,,,,,,,,,,,,0,0,000000000,00000000000,0,0,0,1,0,0,0,0,0,0,0,998,0,2,1,0,6,2,1,0,0,0,1,54,25801,6,1,6,0,1,0,70,175,0,0,0,0,0,0,0,0,0,1,8,0,0,0,1,2,55,1,5,2,1,0,0,1,6,8,1,1,98,1,1
54,540110,1,2,1,31,5,15,30,12,6,1,0,54,2,35,51,35051,6,2010,JN8AS5MV9AW1,J,N,8,A,S,5,M,V,9,A,W,1,0,P,NISS,ROG,UT,10,17,3435,,0,1059,,G,,F,4,153,,,16R215,,,,,,0,0,000000000,00000000000,0,0,0,1,0,0,0,0,0,0,0,998,0,0,0,1,6,2,12,0,0,0,1,54,24873,6,1,0,0,3,0,66,145,0,0,0,0,0,0,0,0,0,0,38,0,0,0,1,2,45,1,1,2,1,0,0,11,15,1,1,2,68,0,0
54,540110,2,2,1,31,5,15,30,12,6,1,0,12,1,72,706,72706,80,2007,1HD1BX5157Y0,1,H,D,1,B,X,5,1,5,7,Y,0,0,M,HD,FLF,RS,7,17,,,,,,,1584,,2,,4,694,,,,,,,0,0,000000000,00000000000,0,0,0,1,0,0,0,0,0,0,0,998,0,0,0,12,6,2,12,0,0,0,1,12,32080,6,1,0,0,3,0,66,145,0,0,0,0,1,12,2010,12,2010,0,0,0,0,0,1,2,45,1,1,2,1,0,0,1,66,1,1,1,69,1,1
54,540111,1,2,1,31,5,12,53,12,2,1,0,54,2,6,43,6043,4,2002,1C3EL46X42N1,1,C,3,E,L,4,6,X,4,2,N,1,0,P,CHRY,SLX,4D,2,17,3118,,0,1080,,G,,F,4,148,,,15R205,,,,,,0,0,000000000,00000000000,0,0,0,1,0,0,0,0,0,0,0,998,0,0,0,12,6,2,12,0,0,0,1,54,25271,6,1,0,0,3,0,65,220,0,0,0,0,0,0,0,0,0,0,28,0,0,0,2,2,70,1,5,2,1,0,0,1,12,3,1,2,50,1,0
54,540111,2,2,1,31,5,12,53,12,2,1,0,18,3,51,881,51881,63,2012,4V4N19EH8CN5,4,V,4,N,1,9,E,H,8,C,N,5,2,T,VOLV,VNL,TR,12,17,,7,0,0,VVN,D,,,6,793,,,,,00000,00,,42,1,77,777777777,77777777777,3,4,1,1,0,0,0,0,0,0,0,998,0,0,0,12,6,2,12,0,0,0,1,39,44408,6,1,6,0,3,0,72,220,1,0,0,0,0,11,2009,11,2009,0,0,0,0,0,2,2,70,1,6,2,1,0,0,1,62,3,1,1,51,0,0
54,540112,1,1,1,1,6,16,39,1,0,1,0,54,1,53,734,53734,90,2011,5SAAK4CK8B71,5,S,A,A,K,4,C,K,8,B,7,1,0,M,SUZI,LA4,AT,11,17,,,,,,,376,,1,,4,628,,,,,,,0,0,000000000,00000000000,0,0,0,1,0,0,0,0,0,0,0,998,0,2,1,0,2,1,1,0,0,0,1,54,25607,6,1,0,0,3,0,76,165,0,0,0,0,0,0,0,0,0,0,99,99,99,99,1,2,55,1,1,2,1,0,0,1,98,1,1,1,98,1,0
54,540113,1,2,2,2,6,20,17,12,6,1,0,54,1,7,482,7482,31,2004,1D7HU18D14J1,1,D,7,H,U,1,8,D,1,4,J,1,0,T,DODG,SQ1,CW,4,17,,2,1605,1405,RPC,G,,,8,345,,,,B,5043,02,E,44,0,0,000000000,00000000000,0,0,0,1,0,0,0,0,0,0,0,998,0,0,0,12,6,2,12,0,0,0,1,54,25276,6,1,0,0,3,0,73,210,0,0,0,0,0,0,0,0,0,0,0,0,0,0,1,2,55,3,6,2,1,0,0,14,62,8,1,1,65,0,0
54,540113,2,2,1,2,6,20,17,12,6,1,0,54,1,20,473,20473,30,2004,1GCCS1461482,1,G,C,C,S,1,4,6,1,4,8,2,0,T,CHEV,RDO,PK,4,17,,1,0,1112,CAL,G,,,5,214,,,,,4858,00,,42,0,0,000000000,00000000000,0,0,0,1,0,0,0,0,0,0,0,998,0,0,0,3,6,2,12,0,0,0,1,54,26164,6,1,0,0,3,1,68,170,0,0,0,0,0,0,0,0,0,0,28,0,0,0,1,2,55,2,5,2,1,0,0,14,10,1,1,2,64,1,1
54,540114,1,1,1,8,6,3,10,35,0,1,0,54,1,2,404,2404,14,2001,1J4GW58N51C7,1,J,4,G,W,5,8,N,5,1,C,7,0,T,JEEP,LMT,4W,1,17,,1,0,1059,GCK,G,,,8,287,,,,,3959,01,E,44,0,0,000000000,00000000000,0,0,0,1,0,0,0,0,0,0,0,998,0,1,5,11,6,2,1,0,0,0,1,54,25177,6,1,0,0,3,0,76,270,0,1,0,1,0,10,2009,7,2011,1,36,0,0,0,1,2,45,1,1,2,1,0,0,1,12,3,1,4,6,1,1
54,540115,1,2,1,9,6,18,45,24,0,1,0,22,1,72,706,72706,80,1995,1HD1BKL14SY0,1,H,D,1,B,K,L,1,4,S,Y,0,0,M,HD,XTC,RS,95,17,,,,,,,1340,,2,,4,618,,,,,,,0,0,000000000,00000000000,0,0,0,1,0,0,0,0,0,0,0,998,0,0,0,11,6,2,24,0,0,0,1,48,78947,6,1,0,0,3,0,999,999,0,0,0,0,0,0,0,0,0,0,28,58,0,0,1,2,40,2,6,2,1,0,0,14,12,6,1,4,6,1,0
54,540115,2,2,1,9,6,18,45,24,0,1,0,54,2,7,482,7482,31,1997,1B7HF16Y1VJ5,1,B,7,H,F,1,6,Y,1,V,J,5,0,T,DODG,150,PK,97,17,,2,1347,1187,RPC,G,,,8,318,,,,B,4527,01,M,44,0,0,000000000,00000000000,0,0,0,1,0,0,0,0,0,0,0,998,0,0,0,11,2,1,12,0,0,0,1,54,26041,6,1,6,0,3,1,73,214,0,0,0,0,0,0,0,0,0,0,0,0,0,0,1,2,40,3,4,2,1,0,0,14,62,6,1,1,98,0,0