STATE,ST_CASE,VEH_NO,VE_FORMS,NUMOCCS,DAY,MONTH,HOUR,MINUTE,HARM_EV,MAN_COLL,UNITTYPE,HIT_RUN,REG_STAT,OWNER,MAKE,MODEL,MAK_MOD,BODY_TYP,MOD_YEAR,VIN,VIN_1,VIN_2,VIN_3,VIN_4,VIN_5,VIN_6,VIN_7,VIN_8,VIN_9,VIN_10,VIN_11,VIN_12,TOW_VEH,VINTYPE,VINMAKE,VINA_MOD,VIN_BT,VINMODYR,VIN_LNGT,VIN_WGT,WGTCD_TR,WHLBS_LG,WHLBS_SH,SER_TR,FUELCODE,MCYCL_DS,CARBUR,CYLINDER,DISPLACE,MCYCL_CY,MCYCL_WT,TIRE_SZE,TON_RAT,TRK_WT,TRKWTVAR,VIN_REST,WHLDRWHL,J_KNIFE,MCARR_I1,MCARR_I2,MCARR_ID,GVWR,V_CONFIG,CARGO_BT,HAZ_INV,HAZ_PLAC,HAZ_ID,HAZ_CNO,HAZ_REL,BUS_USE,SPEC_USE,EMER_USE,TRAV_SP,UNDERIDE,ROLLOVER,ROLINLOC,IMPACT1,DEFORMED,TOWED,M_HARM,VEH_SC1,VEH_SC2,FIRE_EXP,DR_PRES,L_STATE,DR_ZIP,L_STATUS,L_TYPE,CDL_STAT,L_ENDORS,L_COMPL,L_RESTRI,DR_HGT,DR_WGT,PREV_ACC,PREV_SUS,PREV_DWI,PREV_SPD,PREV_OTH,FIRST_MO,FIRST_YR,LAST_MO,LAST_YR,SPEEDREL,DR_SF1,DR_SF2,DR_SF3,DR_SF4,VTRAFWAY,VNUM_LAN,VSPD_LIM,VALIGN,VPROFILE,VPAVETYP,VSURCOND,VTRAFCON,VTCONT_F,P_CRASH1,P_CRASH2,P_CRASH3,PCRASH4,PCRASH5,ACC_TYPE,DEATHS,DR_DRINK
54,540116,1,1,2,9,6,18,26,35,0,1,0,54,2,18,20,18020,4,1992,2G4WB54L6N14,2,G,4,W,B,5,4,L,6,N,1,4,0,P,BUIC,RGC,4D,92,17,3236,,0,1075,,G,,F,6,231,,,14R205,,,,,,0,0,000000000,00000000000,0,0,0,1,0,0,0,0,0,0,0,998,0,0,0,12,6,2,35,0,0,0,1,54,25801,6,1,0,0,3,0,70,140,0,0,0,0,0,0,0,0,0,1,0,0,0,0,1,2,35,1,1,2,1,0,0,1,13,1,1,4,1,1,0
54,540117,1,1,1,9,6,1,40,43,0,1,0,54,1,37,421,37421,15,2011,5FNYF4H54BB0,5,F,N,Y,F,4,H,5,4,B,B,0,0,P,HOND,PIL,UT,11,17,4544,,0,1092,,G,,F,6,213,,,17R245,,,,,,0,0,000000000,00000000000,0,0,0,1,0,0,0,0,0,0,0,998,0,0,0,12,6,2,43,0,0,0,1,54,26554,6,1,0,0,3,0,69,200,0,0,0,0,0,0,0,0,0,1,0,0,0,0,1,2,55,1,1,2,1,0,0,1,12,1,1,4,6,1,1
54,540118,1,3,1,9,6,16,23,12,1,1,0,54,3,51,881,51881,63,2007,4V4NC9TJ97N4,4,V,4,N,C,9,T,J,9,7,N,4,1,T,VOLV,VNL,TR,7,17,,8,0,0,VVN,D,,,6,915,,,,,00000,00,,64,1,57,277502,57277502,3,4,3,1,0,0,0,0,0,0,0,998,0,0,0,12,6,2,12,0,0,0,1,54,26351,6,1,6,0,3,1,72,252,0,0,0,1,0,2,2010,2,2010,1,0,0,0,0,1,2,65,1,1,2,1,3,3,1,50,1,1,1,20,0,0
54,540118,2,3,2,9,6,16,23,12,1,1,0,54,2,20,2,20002,4,2007,2G1WB58K2793,2,G,1,W,B,5,8,K,2,7,9,3,0,P,CHEV,IPL,4D,7,17,3674,,0,1105,,F,,F,6,214,,,16R225,,,,,,0,0,000000000,00000000000,0,0,0,1,0,0,0,0,0,0,0,0,0,0,0,6,6,2,12,0,0,0,1,54,26651,1,1,1,0,2,1,69,185,0,2,0,0,2,9,2011,3,2012,0,0,0,0,0,1,2,65,1,1,2,1,3,3,5,50,1,1,1,21,1,0
54,540118,3,3,2,9,6,16,23,12,1,1,0,54,1,23,481,23481,31,2002,1GTGK29U32Z2,1,G,T,G,K,2,9,U,3,2,Z,2,0,T,GMC,NK2,4C,2,17,,2,0,1435,SIE,G,,,8,364,,,,C,5497,00,U,44,0,0,000000000,00000000000,0,0,0,1,0,0,0,0,0,0,0,0,0,0,0,9,2,1,12,0,0,0,1,54,26679,6,1,0,0,3,1,75,200,0,0,0,0,0,0,0,0,0,0,0,0,0,0,1,2,65,1,1,2,1,3,3,5,53,1,1,1,98,0,0
54,540119,1,2,1,10,6,19,46,12,6,1,0,24,1,42,36,42036,4,1988,WDBCA25DXJA3,W,D,B,C,A,2,5,D,X,J,A,3,0,P,MERZ,3EL,4D,88,17,3630,,0,1211,,G,,F,6,181,,,15R205,,,,,,0,0,000000000,00000000000,0,0,0,1,0,0,0,0,0,0,0,998,0,1,1,1,6,2,12,0,0,0,1,24,20769,6,1,0,0,3,0,75,240,0,0,0,0,0,0,0,0,0,0,0,0,0,0,1,2,70,2,6,2,1,0,0,14,62,1,1,1,65,1,0
54,540119,2,2,1,10,6,19,46,12,6,1,0,42,1,20,402,20402,14,1995,2CNBJ1865S69,2,C,N,B,J,1,8,6,5,S,6,9,0,P,GEO,GEO,UT,95,17,2365,,0,866,,G,,F,4,097,,,15R205,,,,,,0,0,000000000,00000000000,0,0,0,1,0,0,0,0,0,0,0,998,0,0,0,10,6,2,12,0,0,0,1,42,15317,6,1,0,0,3,0,67,999,0,0,0,0,0,0,0,0,0,1,28,36,0,0,2,2,70,3,5,2,1,0,0,14,10,1,1,2,64,0,1
54,540120,1,1,7,2,6,13,30,42,0,1,0,51,2,9,442,9442,20,1999,2P4GP2437XR2,2,P,4,G,P,2,4,3,7,X,R,2,0,T,PLYM,GVY,ES,99,17,,1,0,1193,VOF,G,,,6,181,,,,,3686,00,E,42,0,0,000000000,00000000000,0,0,0,1,0,0,0,0,0,0,0,998,0,0,0,98,6,2,42,0,0,0,1,24,26719,2,1,0,0,2,0,74,210,0,5,0,0,0,1,2010,8,2011,1,0,0,0,0,1,2,55,2,6,2,1,0,0,14,12,1,1,4,6,4,1
54,540121,1,1,2,4,6,5,30,35,0,1,0,54,1,2,404,2404,14,2004,1J4GW48N34C4,1,J,4,G,W,4,8,N,3,4,C,4,0,T,JEEP,LCF,4W,4,17,,1,0,1059,GCK,G,,,8,287,,,,,3888,02,E,44,0,0,000000000,00000000000,0,0,0,1,0,0,0,0,0,0,0,998,0,0,0,12,6,2,35,0,0,0,1,54,26250,6,1,0,0,3,0,72,250,0,0,0,0,0,0,0,0,0,0,0,0,0,0,1,2,55,1,1,2,1,0,0,1,13,1,1,4,1,2,0
54,540122,1,1,1,11,6,13,30,1,0,1,0,54,1,12,471,12471,30,2000,1FTZR15X6YTB,1,F,T,Z,R,1,5,X,6,Y,T,B,0,T,FORD,RNS,PC,0,17,,1,0,1259,RNG,G,,,6,245,,,,B,3599,01,U,44,0,0,000000000,00000000000,0,0,0,1,0,0,0,0,0,0,0,998,0,1,5,0,6,2,42,0,0,0,1,54,26884,6,2,0,0,3,0,69,155,0,0,0,0,0,0,0,0,0,1,0,0,0,0,1,2,55,3,6,2,2,0,0,14,6,1,1,4,6,1,0
54,540123,1,1,1,20,6,20,46,42,0,1,0,0,0,37,734,37734,90,2000,000000000000,0,0,0,0,0,0,0,0,0,0,0,0,0,,,,,,,,,,,,,,,,,,,,,,,,,0,0,000000000,00000000000,0,0,0,1,0,0,0,0,0,0,0,998,0,0,0,98,6,2,42,0,0,0,1,54,26346,6,1,0,0,1,0,66,195,0,0,0,0,0,0,0,0,0,1,0,0,0,0,1,2,55,1,6,4,1,0,0,1,6,1,1,4,99,1,1
54,540124,1,1,1,21,6,17,12,1,0,1,0,0,0,12,998,12998,92,1950,000000000000,0,0,0,0,0,0,0,0,0,0,0,0,0,,,,,,,,,,,,,,,,,,,,,,,,,0,0,000000000,00000000000,0,0,0,1,0,0,0,0,0,0,0,998,0,1,5,0,6,2,42,0,0,0,1,54,25976,6,1,0,0,3,1,70,210,1,0,0,0,0,5,2012,5,2012,0,0,0,0,0,1,2,30,1,5,4,1,0,0,1,12,8,1,4,6,1,0
54,540125,1,2,3,20,6,12,20,12,6,1,0,39,2,14,17,14017,4,2000,1MEFM53U1YG6,1,M,E,F,M,5,3,U,1,Y,G,6,0,P,MERC,SLS,4D,0,17,3375,,0,1085,,G,,F,6,182,,,16R215,,,,,,0,0,000000000,00000000000,0,0,0,1,0,0,0,0,0,0,0,998,0,0,0,12,6,2,12,0,0,0,1,54,26062,6,1,0,0,3,0,74,160,0,0,0,0,0,0,0,0,0,0,0,0,0,0,5,2,45,1,1,2,1,0,0,1,67,9,1,1,69,0,0
54,540125,2,2,1,20,6,12,20,12,6,1,0,54,1,20,32,20032,4,1994,1Y1SK5362RZ0,1,Y,1,S,K,5,3,6,2,R,Z,0,0,P,GEO,GEP,4D,94,17,2348,,0,971,,G,,F,4,097,,,14R175,,,,,,0,0,000000000,00000000000,0,0,0,1,0,0,0,0,0,0,0,998,0,0,0,11,6,2,12,0,0,0,1,54,26155,6,1,0,0,3,0,73,175,0,0,0,0,0,0,0,0,0,0,38,33,0,0,1,2,25,1,1,2,1,20,3,11,15,1,1,2,68,1,0
54,540126,1,1,1,21,6,7,40,8,0,1,0,54,3,51,881,51881,66,2013,4V4NC9TH4DN5,4,V,4,N,C,9,T,H,4,D,N,5,0,T,VOLV,VNL,TR,13,17,,8,0,0,VVN,D,,,6,915,,,,,00000,00,,64,0,57,16130,5716130,3,5,96,1,0,0,0,0,0,0,0,998,0,0,0,98,0,1,8,0,0,0,1,54,25526,6,1,6,0,3,0,76,235,0,0,0,2,0,10,2011,12,2011,1,0,0,0,0,1,2,25,1,1,2,1,0,0,1,80,8,1,1,13,0,0
54,540127,1,2,1,22,6,23,20,12,6,1,0,54,2,98,706,98706,80,2010,4B7H846932S0,4,B,7,H,8,4,6,9,3,2,S,0,0,U,,,,10,17,,,,,,,,,,,,,,,,,,,0,0,000000000,00000000000,0,0,0,1,0,0,0,0,0,0,0,998,0,0,0,12,6,2,12,0,0,0,1,54,25702,6,1,0,0,3,0,73,284,0,0,0,0,0,0,0,0,0,0,39,0,0,0,1,2,25,1,6,2,1,3,3,1,17,1,1,1,69,1,1
54,540127,2,2,1,22,6,23,20,12,6,1,0,54,1,63,38,63038,4,2012,KNAFU4A25C55,K,N,A,F,U,4,A,2,5,C,5,5,0,P,KIA,FEX,4D,12,17,2791,,0,1043,,G,,F,4,122,,,15R195,,,,,,0,0,000000000,00000000000,0,0,0,1,0,0,0,0,0,0,0,998,0,0,0,3,6,2,12,0,0,0,1,54,25559,6,1,0,0,3,0,63,110,0,0,0,0,0,0,0,0,0,0,0,0,0,0,1,2,25,1,6,2,1,3,3,11,66,1,1,1,68,0,0
54,540128,1,1,1,23,6,6,45,42,0,1,0,54,1,49,472,49472,30,1996,4TAPM62N9TZ2,4,T,A,P,M,6,2,N,9,T,Z,2,0,T,TOYT,REG,PK,96,17,,1,0,1033,TAC,G,,,4,164,,,,B,3185,00,M,44,0,0,000000000,00000000000,0,0,0,1,0,0,0,0,0,0,0,998,0,0,0,12,6,2,42,0,0,0,1,54,26743,6,1,0,0,3,0,66,140,2,0,0,1,2,8,2009,9,2010,1,0,0,0,0,1,2,55,1,1,2,1,0,0,1,12,1,1,4,6,1,0
54,540129,1,3,2,20,6,18,34,12,1,1,0,49,3,87,881,87881,66,2012,1XPHD49X8CD1,1,X,P,H,D,4,9,X,8,C,D,1,1,T,PTRB,386,TR,12,17,,8,0,0,CON,D,,,6,915,,,,,00000,00,,64,1,57,0021331,570021331,3,6,1,1,0,0,0,0,0,0,0,998,0,0,0,12,6,2,12,0,0,0,1,6,67357,6,1,6,0,3,0,70,300,0,0,0,0,0,0,0,0,0,1,26,0,0,0,2,3,70,1,1,2,1,98,3,2,52,1,1,1,28,0,0
54,540129,2,3,1,20,6,18,34,12,1,1,0,54,1,53,40,53040,4,2011,JS2YB5A31B63,J,S,2,Y,B,5,A,3,1,B,6,3,0,P,SUZI,SXA,4H,11,17,2902,,0,984,,G,,F,4,122,,,16R205,,,,,,0,0,000000000,00000000000,0,0,0,1,0,0,0,0,0,0,0,998,0,0,0,6,6,2,12,0,0,0,1,54,25801,6,1,0,0,3,0,70,205,0,0,0,0,0,0,0,0,0,0,0,0,0,0,2,3,70,1,1,2,1,98,3,2,50,3,1,1,29,1,0
54,540129,3,3,1,20,6,18,34,12,1,1,0,47,3,82,881,82881,66,2005,1FUJA6CV45LV,1,F,U,J,A,6,C,V,4,5,L,V,1,T,FRHT,COL,TR,5,17,,8,0,0,CON,D,,,6,782,,,,,00000,00,,64,1,57,2151328,572151328,3,6,1,1,0,0,0,0,0,0,0,0,0,0,0,6,6,2,12,0,0,0,1,18,46312,6,1,6,0,3,0,69,225,0,0,0,0,2,6,2010,3,2011,0,0,0,0,0,2,3,70,1,1,2,1,98,3,5,53,1,1,1,98,0,0
54,540130,1,2,5,23,6,21,55,12,1,1,0,39,2,37,441,37441,20,2010,5FNRL3H55AB0,5,F,N,R,L,3,H,5,5,A,B,0,0,P,HOND,UDY,SV,10,17,4475,,0,1181,,G,,F,6,214,,,16R235,,,,,,0,0,000000000,00000000000,0,0,0,1,0,0,0,0,0,0,0,998,0,0,0,6,6,2,12,0,0,0,1,39,44857,6,1,0,0,3,0,68,180,0,0,0,0,0,0,0,0,0,0,38,0,0,0,1,2,50,1,1,2,1,0,0,1,53,1,1,2,25,0,0
54,540130,2,2,1,23,6,21,55,12,1,1,0,54,1,72,706,72706,80,2000,1HD1GHV12YY3,1,H,D,1,G,H,V,1,2,Y,Y,3,0,M,HD,FDX,RS,0,17,,,,,,,1450,,2,,4,612,,,,,,,0,0,000000000,00000000000,0,0,0,1,0,0,0,0,0,0,0,998,0,0,0,12,6,2,12,0,0,0,1,54,26678,6,1,0,0,3,0,73,220,0,0,0,1,0,7,2009,7,2009,0,0,0,0,0,1,2,50,1,1,2,1,0,0,1,65,1,1,1,24,1,1
54,540131,1,1,1,23,6,0,25,30,0,1,0,54,1,20,421,20421,15,1993,1GNDT13W9P21,1,G,N,D,T,1,3,W,9,P,2,1,0,P,CHEV,S10,UT,93,17,3764,,0,1070,,G,,F,6,262,,,000000,,,,,,0,0,000000000,00000000000,0,0,0,1,0,0,0,0,0,0,0,998,0,1,5,12,6,2,30,0,0,0,1,54,25130,6,1,0,0,3,0,69,184,0,0,0,0,0,0,0,0,0,1,36,0,0,0,1,2,25,3,5,2,1,0,0,14,6,1,1,4,1,1,1
54,540132,1,1,2,24,6,0,1,35,0,1,0,54,1,20,481,20481,31,1992,1GCEK14KXNZ1,1,G,C,E,K,1,4,K,X,N,Z,1,0,T,CHEV,GK1,PK,92,17,,2,1315,1175,GM4,G,,,8,350,,,,B,4147,02,,44,0,0,000000000,00000000000,0,0,0,1,0,0,0,0,0,0,0,998,0,1,5,12,6,2,35,0,0,0,1,54,25508,6,1,0,0,3,0,73,185,0,0,0,0,0,0,0,0,0,1,0,0,0,0,2,2,35,3,1,2,1,0,0,14,6,3,1,4,6,1,1
54,540133,1,1,1,28,6,23,20,24,0,1,0,54,1,72,706,72706,80,2009,1HD1JA5149Y0,1,H,D,1,J,A,5,1,4,9,Y,0,0,M,HD,XTB,RS,9,17,,,,,,,1584,,2,,4,682,,,,,,,0,0,000000000,00000000000,0,0,0,1,0,0,0,0,0,0,0,998,0,0,0,11,4,1,24,0,0,0,1,54,25705,6,1,0,0,3,0,76,190,0,0,0,1,0,11,2010,11,2010,1,0,0,0,0,1,2,55,1,1,2,1,0,0,1,13,1,1,4,1,1,1
54,540134,1,2,1,28,6,16,13,12,6,1,0,54,3,85,881,85881,63,2004,2NKMHD7X44M0,2,N,K,M,H,D,7,X,4,4,M,0,1,T,KW,T30,CC,4,17,,7,2800,1450,CON,D,,,6,439,,,,,00000,00,,42,1,57,89243,5789243,3,4,2,2,2,1075,2,1,0,0,0,998,0,0,0,8,6,2,12,0,0,0,1,54,24701,6,1,6,1,3,1,73,198,0,0,0,0,0,0,0,0,0,0,38,0,0,0,1,2,55,1,1,2,1,3,3,1,17,1,1,2,89,1,0
54,540134,2,2,1,28,6,16,13,12,6,1,0,29,1,74,706,74706,80,1998,ZGUKDBKD2WM1,Z,G,U,K,D,B,K,D,2,W,M,1,0,M,MOGU,,,98,17,,,,,,,,,,,,,,,,,,,0,0,000000000,00000000000,0,0,0,1,0,0,0,0,0,0,0,998,0,0,0,12,6,2,12,0,0,0,1,29,64133,6,1,6,0,3,0,999,999,0,0,0,0,0,0,0,0,0,0,0,0,0,0,3,2,55,1,1,2,1,3,3,1,66,3,1,1,88,0,0
54,540135,1,1,1,29,6,9,40,40,0,1,0,54,1,13,13,13013,4,2007,3LNHM26T07R6,3,L,N,H,M,2,6,T,0,7,R,6,0,P,LINC,MKZ,4D,7,17,3469,,0,1074,,G,,F,6,214,,,17R225,,,,,,0,0,000000000,00000000000,0,0,0,1,0,0,0,0,0,0,0,998,0,1,5,12,6,2,42,0,0,0,1,54,26554,6,1,0,0,3,1,64,149,0,0,0,0,0,0,0,0,0,0,0,0,0,0,1,2,25,1,1,2,1,0,0,1,13,1,1,4,1,1,0
54,540136,1,1,1,30,6,22,16,18,0,1,0,0,0,37,734,37734,90,2000,478TE2107Y40,4,7,8,T,E,2,1,0,7,Y,4,0,0,M,HOND,TX5,AT,0,17,,,,,,,229,,1,,4,397,,,,,,,0,0,000000000,00000000000,0,0,0,1,0,0,0,0,0,0,0,998,0,0,0,12,6,2,18,0,0,0,1,54,26146,6,1,0,0,3,0,68,180,0,0,0,0,0,0,0,0,0,0,0,0,0,0,1,2,30,1,1,2,1,0,0,1,90,1,1,1,12,1,1
54,540137,1,1,2,30,6,22,46,1,0,1,0,54,6,76,739,76739,90,2009,000000000000,0,0,0,0,0,0,0,0,0,0,0,0,0,,,,,,,,,,,,,,,,,,,,,,,,,0,0,000000000,00000000000,0,0,0,1,0,0,0,0,0,0,0,998,0,1,5,0,4,1,1,0,0,0,0,0,99997,7,6,97,7,6,7,998,997,998,998,998,998,998,98,9998,98,9998,8,20,0,0,0,1,2,30,1,6,2,1,0,0,0,13,0,0,0,4,1,0
54,540138,1,1,1,11,6,13,55,42,0,1,0,54,1,37,421,37421,15,2005,5FNYF18475B0,5,F,N,Y,F,1,8,4,7,5,B,0,0,P,HOND,PIL,UT,5,17,4431,,0,1063,,G,,F,6,212,,,16R235,,,,,,0,0,000000000,00000000000,0,0,0,1,0,0,0,0,0,0,0,998,0,0,0,11,6,2,42,0,0,0,1,54,26601,6,1,0,0,3,0,70,215,0,0,0,0,0,0,0,0,0,1,0,0,0,0,2,2,70,2,6,2,1,0,0,14,6,6,1,4,6,1,0
54,540139,1,1,2,12,6,21,39,8,0,1,0,54,1,12,471,12471,30,2003,1FTZR45E23TA,1,F,T,Z,R,4,5,E,2,3,T,A,0,T,FORD,RNS,4C,3,17,,1,0,1259,RNG,G,,,6,245,,,,B,3760,02,U,44,0,0,000000000,00000000000,0,0,0,1,0,0,0,0,0,0,0,998,0,0,0,12,2,1,8,0,0,0,1,54,25159,6,1,0,0,3,0,67,165,0,0,0,0,0,0,0,0,0,0,0,0,0,0,1,2,40,1,2,2,1,0,0,1,80,2,1,1,13,0,0
54,540140,1,1,2,12,6,14,7,21,0,1,0,54,2,20,481,20481,31,2008,2GCEK13J2813,2,G,C,E,K,1,3,J,2,8,1,3,0,T,CHEV,SK1,CW,8,17,,2,0,1435,SIL,G,,,8,323,,,,B,5326,00,,44,0,0,000000000,00000000000,0,0,0,1,0,0,0,0,0,0,0,998,0,0,0,12,6,2,21,0,0,0,1,54,26376,6,1,0,0,3,0,68,170,0,4,0,2,1,6,2010,5,2012,0,0,0,0,0,1,2,55,1,1,2,1,0,0,1,12,1,1,4,6,1,0
54,540141,1,1,1,13,6,16,36,30,0,1,0,51,1,37,705,37705,80,1981,1HFSC0207BA1,1,H,F,S,C,0,2,0,7,B,A,1,0,M,HOND,G10,RS,81,17,,,,,,,1085,,4,,4,588,,,,,,,0,0,000000000,00000000000,0,0,0,1,0,0,0,0,0,0,0,998,0,0,0,12,6,2,30,0,0,0,1,54,25567,6,1,0,0,3,0,72,235,0,0,0,0,0,0,0,0,0,0,0,0,0,0,1,2,55,1,5,2,1,0,0,1,13,1,1,4,1,1,1
54,540142,1,1,1,13,6,21,45,8,0,1,0,54,3,7,461,7461,21,1995,2B7HB21Y2SK5,2,B,7,H,B,2,1,Y,2,S,K,5,0,T,DODG,25B,CG,95,17,,2,1276,1096,RMV,G,,,8,318,,,,C,3629,03,M,42,0,0,000000000,00000000000,0,0,0,1,0,0,0,0,0,0,0,998,0,0,0,12,4,1,8,0,0,0,1,54,25401,6,1,0,0,3,1,71,175,0,1,0,1,2,11,2009,5,2010,0,0,0,0,0,5,3,40,1,1,2,1,0,0,1,80,1,1,1,13,0,0
54,540143,1,1,3,13,6,23,50,35,0,1,0,51,1,22,20,22020,4,2000,1G2WR521XYF2,1,G,2,W,R,5,2,1,X,Y,F,2,0,P,PONT,GTP,4D,0,17,3523,,0,1105,,G,,Z,6,231,,,16R225,,,,,,0,0,000000000,00000000000,0,0,0,1,0,0,0,0,0,0,0,998,0,1,5,12,6,2,42,0,0,0,1,51,22601,6,1,0,0,3,0,74,160,0,0,0,4,0,12,2009,11,2010,1,0,0,0,0,2,2,70,1,1,2,1,0,0,1,12,1,2,4,7,3,1
54,540144,1,1,1,13,6,15,28,1,0,1,0,54,1,14,17,14017,4,2002,1MEFM55S42A6,1,M,E,F,M,5,5,S,4,2,A,6,0,P,MERC,SLP,4D,2,17,3387,,0,1085,,G,,F,6,182,,,16R215,,,,,,0,0,000000000,00000000000,0,0,0,1,0,0,0,0,0,0,0,998,0,1,5,0,6,2,1,0,0,0,1,54,26544,6,1,0,0,3,0,69,190,0,0,0,0,0,0,0,0,0,0,6,0,0,0,1,2,55,1,1,2,1,0,0,1,13,1,1,4,1,1,0
54,540145,1,1,1,15,6,17,40,38,0,1,0,54,3,84,881,84881,61,1997,1HTMJABK7VA0,1,H,T,M,J,A,B,K,7,V,A,0,0,T,INTL,552,IC,97,17,,5,0,0,10S,D,,,8,444,,,,,00000,00,,42,0,77,777777777,77777777777,2,1,1,1,0,0,0,0,0,0,0,998,0,0,0,12,6,2,43,0,0,0,1,54,25962,6,1,0,0,3,0,66,135,0,0,0,0,0,0,0,0,0,0,0,0,0,0,1,2,55,2,1,2,1,0,0,14,13,1,1,4,1,1,0
54,540146,1,1,1,17,6,3,0,59,0,1,0,54,1,41,50,41050,4,2003,1YVFP80CX35M,1,Y,V,F,P,8,0,C,X,3,5,M,0,P,MAZD,M6I,4D,3,17,3042,,0,1053,,G,,F,4,138,,,16R205,,,,,,0,0,000000000,00000000000,0,0,0,1,0,0,0,0,0,0,0,998,0,0,0,12,6,2,42,0,0,0,1,54,26269,6,1,0,0,3,0,76,225,0,0,0,0,1,5,2011,5,2011,1,0,0,0,0,1,2,55,3,5,2,1,0,0,14,13,1,1,4,1,1,1
54,540147,1,2,2,16,6,22,50,12,6,1,0,51,1,35,49,35049,6,2009,JN8AZ18W09W3,J,N,8,A,Z,1,8,W,0,9,W,3,0,P,DATS,MUR,UT,9,17,4009,,0,1112,,G,,F,6,214,,,18R235,,,,,,0,0,000000000,00000000000,0,0,0,1,0,0,0,0,0,0,0,998,0,0,0,12,6,2,12,0,0,0,1,51,24630,6,1,0,0,3,0,67,175,0,0,0,0,0,0,0,0,0,0,0,0,0,0,2,2,55,1,1,2,1,0,0,1,66,3,1,1,69,1,0
54,540147,2,2,2,16,6,22,50,12,6,1,0,51,3,82,881,82881,66,1996,1FUYDSEB9TH5,1,F,U,Y,D,S,E,B,9,T,H,5,1,T,FRHT,FLD,TR,96,17,,8,0,0,CON,D,,,6,774,,,,,00000,00,,64,1,77,777777777,77777777777,3,6,3,1,0,0,0,0,0,0,0,998,0,0,0,98,6,2,12,0,0,0,1,54,25818,6,1,6,0,3,1,75,275,1,0,0,0,0,1,2012,1,2012,0,0,0,0,0,1,2,55,1,1,2,1,0,0,11,15,1,1,2,68,0,0
54,540148,1,2,5,16,6,0,9,12,6,1,0,42,1,6,54,6054,6,2007,2A8GM68X47R2,2,A,8,G,M,6,8,X,4,7,R,2,0,P,CHRY,PIF,UT,7,17,4388,,0,1163,,G,,F,6,241,,,17R235,,,,,,0,0,000000000,00000000000,0,0,0,1,0,0,0,0,0,0,0,998,0,0,0,1,6,2,12,0,0,0,1,42,16504,6,1,0,0,3,0,72,999,0,0,0,0,0,0,0,0,0,0,39,0,0,0,2,2,55,1,5,2,1,3,3,1,17,8,1,1,69,0,0
54,540148,2,2,2,16,6,0,9,12,6,1,0,54,2,37,31,37031,2,2000,2HGEJ6613YH5,2,H,G,E,J,6,6,1,3,Y,H,5,0,P,HOND,UCE,4D,0,17,2388,,0,1032,,G,,F,4,097,,,14R185,,,,,,0,0,000000000,00000000000,0,0,0,1,0,0,0,0,0,0,0,998,0,0,0,3,6,2,12,0,0,0,1,54,25976,6,2,0,0,3,0,72,160,0,0,0,0,0,0,0,0,0,0,0,0,0,0,2,2,25,3,1,2,1,3,3,11,66,1,1,2,68,1,0
54,540149,1,1,1,18,6,23,1,35,0,1,0,54,2,2,404,2404,14,1997,1J4GZ78S6VC7,1,J,4,G,Z,7,8,S,6,V,C,7,0,T,JEEP,L/O,4W,97,17,,1,0,1059,GCK,G,,,6,242,,,,,3700,02,E,44,0,0,000000000,00000000000,0,0,0,1,0,0,0,0,0,0,0,998,0,0,0,98,6,2,35,0,0,0,1,47,37643,6,1,0,0,3,0,71,190,0,0,0,0,0,0,0,0,0,1,0,0,0,0,1,2,55,1,1,2,1,0,0,1,13,1,1,4,1,1,1
54,540150,1,1,1,18,6,17,55,42,0,1,0,0,0,37,739,37739,90,1990,000000000000,0,0,0,0,0,0,0,0,0,0,0,0,0,,,,,,,,,,,,,,,,,,,,,,,,,0,0,000000000,00000000000,0,0,0,1,0,0,0,0,0,0,0,998,0,0,0,12,6,4,42,0,0,0,1,54,26137,0,0,0,0,1,0,999,999,99,99,99,99,99,99,9999,99,9999,1,0,0,0,0,1,2,45,2,1,2,1,0,0,14,6,1,1,4,6,1,0
54,540151,1,2,1,17,6,19,32,12,2,1,0,54,1,47,401,47401,14,2007,5S3ET13S4728,5,S,3,E,T,1,3,S,4,7,2,8,0,P,SAA,97X,UT,7,17,4720,,0,1130,,G,,F,6,256,,,18R225,,,,,,0,0,000000000,00000000000,0,0,0,1,0,0,0,0,0,0,0,998,0,0,0,12,6,2,12,0,0,0,1,54,25419,6,1,0,0,3,0,60,112,0,0,0,0,0,0,0,0,0,0,0,0,0,0,1,2,20,1,3,2,1,0,0,1,62,2,1,1,51,0,0
54,540151,2,2,1,17,6,19,32,12,2,1,0,54,1,37,706,37706,80,2004,JH2SC57054M0,J,H,2,S,C,5,7,0,5,4,M,0,0,M,HOND,CBS,RC,4,17,,,,,,,998,,4,,4,396,,,,,,,0,0,000000000,00000000000,0,0,0,1,0,0,0,0,0,0,0,998,0,0,0,12,6,2,12,0,0,0,1,54,25405,6,1,0,0,3,0,72,220,0,0,0,0,0,0,0,0,0,0,28,36,0,0,1,2,35,1,3,2,1,0,0,1,10,2,1,1,50,1,0
54,540152,1,2,3,18,6,20,27,12,2,1,0,54,1,12,481,12481,31,2008,1FTSX21558EB,1,F,T,S,X,2,1,5,5,8,E,B,0,T,FORD,F2S,4C,8,17,,2,1580,1420,SRW,G,,,8,329,,,,C,6346,01,U,44,0,0,000000000,00000000000,0,0,0,1,0,0,0,0,0,0,0,998,0,0,0,12,2,1,12,0,0,0,1,54,25320,6,1,0,0,3,0,69,200,0,0,0,0,0,0,0,0,0,0,0,0,0,0,1,2,55,1,3,2,1,0,0,1,62,9,1,1,51,0,0