STATE,ST_CASE,VEH_NO,VE_FORMS,NUMOCCS,DAY,MONTH,HOUR,MINUTE,HARM_EV,MAN_COLL,UNITTYPE,HIT_RUN,REG_STAT,OWNER,MAKE,MODEL,MAK_MOD,BODY_TYP,MOD_YEAR,VIN,VIN_1,VIN_2,VIN_3,VIN_4,VIN_5,VIN_6,VIN_7,VIN_8,VIN_9,VIN_10,VIN_11,VIN_12,TOW_VEH,VINTYPE,VINMAKE,VINA_MOD,VIN_BT,VINMODYR,VIN_LNGT,VIN_WGT,WGTCD_TR,WHLBS_LG,WHLBS_SH,SER_TR,FUELCODE,MCYCL_DS,CARBUR,CYLINDER,DISPLACE,MCYCL_CY,MCYCL_WT,TIRE_SZE,TON_RAT,TRK_WT,TRKWTVAR,VIN_REST,WHLDRWHL,J_KNIFE,MCARR_I1,MCARR_I2,MCARR_ID,GVWR,V_CONFIG,CARGO_BT,HAZ_INV,HAZ_PLAC,HAZ_ID,HAZ_CNO,HAZ_REL,BUS_USE,SPEC_USE,EMER_USE,TRAV_SP,UNDERIDE,ROLLOVER,ROLINLOC,IMPACT1,DEFORMED,TOWED,M_HARM,VEH_SC1,VEH_SC2,FIRE_EXP,DR_PRES,L_STATE,DR_ZIP,L_STATUS,L_TYPE,CDL_STAT,L_ENDORS,L_COMPL,L_RESTRI,DR_HGT,DR_WGT,PREV_ACC,PREV_SUS,PREV_DWI,PREV_SPD,PREV_OTH,FIRST_MO,FIRST_YR,LAST_MO,LAST_YR,SPEEDREL,DR_SF1,DR_SF2,DR_SF3,DR_SF4,VTRAFWAY,VNUM_LAN,VSPD_LIM,VALIGN,VPROFILE,VPAVETYP,VSURCOND,VTRAFCON,VTCONT_F,P_CRASH1,P_CRASH2,P_CRASH3,PCRASH4,PCRASH5,ACC_TYPE,DEATHS,DR_DRINK
54,540152,2,2,2,18,6,20,27,12,2,1,0,0,0,99,709,99709,83,9999,999999999999,9,9,9,9,9,9,9,9,9,9,9,9,0,,,,,,,,,,,,,,,,,,,,,,,,,0,0,000000000,00000000000,0,0,0,1,0,0,0,0,0,0,0,998,0,0,0,12,6,2,12,0,0,0,1,54,25320,2,1,1,0,1,0,72,185,0,5,1,0,1,9,2011,4,2012,1,28,36,0,0,1,2,55,1,3,2,1,0,0,1,10,1,1,2,50,1,0
54,540153,1,1,2,8,7,18,20,1,0,1,0,54,2,73,705,73705,80,2005,JKAEXMF105DA,J,K,A,E,X,M,F,1,0,5,D,A,0,M,KAWK,EXF,RC,5,17,,,,,,,250,,2,,4,307,,,,,,,0,0,000000000,00000000000,0,0,0,1,0,0,0,0,0,0,0,998,0,0,0,0,4,4,1,0,0,0,1,54,24872,6,1,0,0,3,0,71,180,0,0,0,0,0,0,0,0,0,1,58,0,0,0,2,2,45,1,1,2,1,0,0,1,13,1,1,4,1,1,0
54,540154,1,1,1,4,7,16,32,1,0,1,0,54,3,84,881,84881,66,2000,2HSFMAXR6YC0,2,H,S,F,M,A,X,R,6,Y,C,0,1,T,INTL,920,TR,0,17,,8,2340,1600,920,D,,,6,733,,,,,00000,00,,64,1,57,0130590,570130590,3,6,2,1,0,0,0,0,0,0,0,998,0,2,3,0,6,2,1,0,0,0,1,42,16101,6,1,6,0,3,0,66,999,0,0,0,0,0,0,0,0,0,1,0,0,0,0,2,2,65,2,6,2,1,0,0,14,6,1,1,4,6,1,0
54,540155,1,1,2,10,7,14,50,58,0,1,0,54,2,41,47,41047,4,2001,JM1TA2220117,J,M,1,T,A,2,2,2,0,1,1,7,0,P,MAZD,MLS,4D,1,17,3488,,0,1083,,G,,Z,6,138,,,17R215,,,,,,0,0,000000000,00000000000,0,0,0,1,0,0,0,0,0,0,0,998,0,1,5,98,6,2,1,0,0,0,1,54,26159,6,1,0,0,3,0,72,215,0,0,0,0,0,0,0,0,0,1,36,0,0,0,1,2,55,3,1,2,1,0,0,14,6,3,1,4,6,1,0
54,540156,1,1,1,11,7,2,30,42,0,1,0,54,1,49,50,49050,3,2006,JTKDE1775601,J,T,K,D,E,1,7,7,5,6,0,1,0,P,TOYT,SXC,2H,6,17,2905,,0,1063,,G,,F,4,144,,,17R215,,,,,,0,0,000000000,00000000000,0,0,0,1,0,0,0,0,0,0,0,998,0,0,0,11,6,2,42,0,0,0,1,54,25904,1,1,3,0,2,0,62,145,0,8,0,0,4,8,2009,6,2011,0,0,0,0,0,2,2,70,1,1,2,1,0,0,1,13,7,1,4,1,1,1
54,540157,1,1,2,11,7,6,25,24,0,1,0,54,3,12,481,12481,31,2008,1FTWW31508EE,1,F,T,W,W,3,1,5,0,8,E,E,0,T,FORD,F3S,CW,8,17,,3,1720,1560,SRW,G,,,8,329,,,,D,6556,02,E,44,0,0,000000000,00000000000,0,0,0,1,0,0,0,0,0,0,0,998,0,1,3,1,6,2,1,0,0,0,1,54,26452,6,1,0,0,3,0,67,200,0,0,0,0,0,0,0,0,0,0,0,0,0,0,2,2,70,1,1,2,1,0,0,1,13,6,1,4,1,1,0
54,540158,1,2,1,12,7,11,20,12,1,1,0,54,1,20,422,20422,15,2009,1GNFK36319J1,1,G,N,F,K,3,6,3,1,9,J,1,0,P,CHEV,K15,UT,9,17,5743,,0,1300,,F,,F,8,323,,,20R265,,,,,,0,0,000000000,00000000000,0,0,0,1,0,0,0,0,0,0,0,998,0,0,0,12,6,2,12,0,0,0,1,54,25428,6,1,0,0,3,1,72,230,0,0,0,1,0,7,2012,7,2012,1,0,0,0,0,2,2,70,1,1,2,1,0,0,1,52,7,1,1,28,0,0
54,540158,2,2,2,12,7,11,20,12,1,1,0,34,1,35,50,35050,4,2008,3N1BC13E38L3,3,N,1,B,C,1,3,E,3,8,L,3,0,P,NISS,VSL,4H,8,17,2620,,0,1024,,G,,F,4,110,,,15R185,,,,,,0,0,000000000,00000000000,0,0,0,1,0,0,0,0,0,0,0,998,0,0,0,6,6,2,12,0,0,0,1,34,7011,6,1,0,0,3,0,66,999,1,0,0,0,0,12,2011,12,2011,0,0,0,0,0,2,2,70,1,1,2,1,0,0,2,53,1,1,1,29,1,0
54,540159,1,2,1,12,7,18,39,12,6,1,0,54,2,12,13,12013,2,2002,3FAFP11342R1,3,F,A,F,P,1,1,3,4,2,R,1,0,P,FORD,ZX2,CP,2,17,2478,,0,984,,G,,F,4,121,,,15R185,,,,,,0,0,000000000,00000000000,0,0,0,1,0,0,0,0,0,0,0,998,0,0,0,12,6,2,12,0,0,0,1,54,26761,6,1,0,0,3,0,66,250,0,0,0,0,0,0,0,0,0,1,58,0,0,0,1,2,55,2,1,2,1,0,0,14,10,6,1,2,64,1,0
54,540159,2,2,1,12,7,18,39,12,6,1,0,54,3,87,881,87881,63,1997,1NPALB0X0VN4,1,N,P,A,L,B,0,X,0,V,N,4,1,T,PTRB,357,CC,97,17,,8,0,0,CON,D,,,6,893,,,,,00000,00,,64,1,57,1880076,571880076,3,4,10,1,0,0,0,0,0,0,0,998,0,0,0,11,6,2,12,0,0,0,1,54,26757,6,1,6,0,3,0,68,195,0,0,0,0,0,0,0,0,0,0,0,0,0,0,1,2,55,3,1,2,1,0,0,14,62,9,1,1,65,0,0
54,540160,1,1,1,15,7,18,9,42,0,1,0,54,1,7,442,7442,20,1999,1B4GT74L5XB6,1,B,4,G,T,7,4,L,5,X,B,6,6,T,DODG,GES,ES,99,17,,1,0,1193,CAR,G,,,6,230,,,,,4237,00,E,44,2,0,000000000,00000000000,0,0,0,1,0,0,0,0,0,0,0,998,0,0,0,12,6,2,42,0,0,0,1,54,26753,6,1,0,0,3,1,67,160,1,0,0,0,0,7,2010,7,2010,0,0,0,0,0,1,2,55,1,1,2,2,0,0,1,12,1,1,4,6,1,1
54,540161,1,2,1,15,7,20,45,12,2,1,0,54,1,20,481,20481,31,2003,1GCEK14X63Z2,1,G,C,E,K,1,4,X,6,3,Z,2,0,T,CHEV,SK1,PK,3,17,,2,1330,1190,SIL,G,,,6,262,,,,B,4676,01,,44,0,0,000000000,00000000000,0,0,0,1,0,0,0,0,0,0,0,998,7,0,0,12,6,2,12,0,0,0,1,54,26833,6,1,0,0,3,0,62,200,0,0,0,0,0,0,0,0,0,0,28,36,0,0,1,2,55,1,3,2,1,0,0,1,10,1,1,2,50,1,1
54,540161,2,2,7,15,7,20,45,12,2,1,0,54,1,12,442,12442,20,2003,2FMZA50433BA,2,F,M,Z,A,5,0,4,3,3,B,A,0,T,FORD,WWG,ES,3,17,,1,0,1207,WIN,G,,,6,232,,,,B,3762,00,E,42,0,0,000000000,00000000000,0,0,0,1,0,0,0,0,0,0,0,998,0,0,0,12,6,2,12,0,0,0,1,54,26710,6,1,0,0,3,0,69,166,0,0,0,0,0,0,0,0,0,0,0,0,0,0,1,2,55,1,3,2,1,0,0,1,62,8,1,1,51,0,0
54,540162,1,1,1,17,7,17,30,1,0,1,0,54,1,24,401,24401,14,2006,5GZCZ33DX6S8,5,G,Z,C,Z,3,3,D,X,6,S,8,0,P,STRN,VUE,UT,6,17,3298,,0,1066,,G,,F,4,134,,,16R215,,,,,,0,0,000000000,00000000000,0,0,0,1,0,0,0,0,0,0,0,998,0,1,5,0,6,2,1,0,0,0,1,39,26283,6,1,0,0,3,0,62,132,0,0,0,0,0,0,0,0,0,0,0,0,0,0,1,2,55,1,1,2,1,0,0,1,12,6,1,4,6,1,0
54,540163,1,1,1,19,7,21,43,1,0,1,0,54,1,20,421,20421,15,1995,1GNDT13W7S22,1,G,N,D,T,1,3,W,7,S,2,2,6,P,CHEV,BZR,UT,95,17,4071,,0,1070,,G,,F,6,262,,,15R205,,,,,,2,0,000000000,00000000000,0,0,0,1,0,0,0,0,0,0,0,998,0,1,5,0,6,2,1,0,0,0,1,54,26155,6,1,0,0,3,0,69,190,0,0,0,0,0,0,0,0,0,0,0,0,0,0,1,2,55,3,1,2,1,0,0,14,13,1,1,4,1,1,1
54,540164,1,1,1,20,7,23,40,1,0,1,0,0,0,76,734,76734,90,2011,5Y4AJ45Y3BA0,5,Y,4,A,J,4,5,Y,3,B,A,0,0,M,YAMA,Y4D,AT,11,17,,,,,,,421,,1,,4,620,,,,,,,0,0,000000000,00000000000,0,0,0,1,0,0,0,0,0,0,0,998,0,1,5,0,2,3,1,0,0,0,1,54,25928,6,1,0,0,1,0,73,155,0,0,0,0,0,0,0,0,0,0,28,0,0,0,1,2,40,3,6,2,2,0,0,14,12,1,1,4,6,1,1
54,540165,1,1,1,21,7,1,32,1,0,1,0,54,1,20,36,20036,2,1997,2G1WW12M5V92,2,G,1,W,W,1,2,M,5,V,9,2,0,P,CHEV,MLS,CP,97,17,3320,,0,1075,,G,,F,6,191,,,15R205,,,,,,0,0,000000000,00000000000,0,0,0,1,0,0,0,0,0,0,0,998,0,2,1,0,6,2,1,0,0,0,1,42,15082,6,1,0,0,3,0,67,999,1,1,0,0,0,7,2009,2,2011,0,0,0,0,0,3,2,70,1,1,2,2,0,0,1,98,1,1,2,98,1,0
54,540166,1,1,1,21,7,4,45,1,0,1,0,54,2,22,16,22016,2,2001,1G2JB1244173,1,G,2,J,B,1,2,4,4,1,7,3,0,P,PONT,SFS,CP,1,17,2606,,0,1041,,G,,F,4,133,,,14R195,,,,,,0,0,000000000,00000000000,0,0,0,1,0,0,0,0,0,0,0,998,0,1,5,0,6,2,1,0,0,0,1,54,25962,6,1,0,0,3,1,65,250,1,2,0,2,0,8,2011,3,2012,0,0,0,0,0,1,2,45,2,6,2,2,0,0,14,12,1,1,4,6,1,0
54,540167,1,1,2,21,7,18,39,1,0,1,1,0,0,76,734,76734,90,2008,5Y4AM16Y28A0,5,Y,4,A,M,1,6,Y,2,8,A,0,0,M,YAMA,R70,AT,8,17,,,,,,,686,,1,,4,1124,,,,,,,0,0,000000000,00000000000,0,0,0,1,0,0,0,0,0,0,0,998,0,1,5,0,2,3,1,0,0,0,1,54,26041,6,1,0,0,1,0,62,114,0,0,0,0,0,0,0,0,0,0,18,0,0,0,1,2,25,2,1,2,1,0,0,14,12,7,1,4,6,1,1
54,540168,1,2,2,21,7,16,27,35,0,1,0,24,2,35,39,35039,4,2010,1N4AA5AP0AC8,1,N,4,A,A,5,A,P,0,A,C,8,0,P,NISS,MSV,4D,10,17,3556,,0,1093,,G,,F,6,214,,,18R245,,,,,,0,0,000000000,00000000000,0,0,0,1,0,0,0,0,0,0,0,998,0,0,0,12,6,2,12,0,0,0,1,24,21220,6,1,0,0,3,0,62,132,0,0,0,0,0,0,0,0,0,1,28,58,0,0,2,2,70,1,1,2,1,0,0,1,12,3,1,4,6,2,0
54,540168,2,2,2,21,7,16,27,35,0,1,0,42,1,30,40,30040,4,2005,3VWSF71KX5M6,3,V,W,S,F,7,1,K,X,5,M,6,0,P,VOLK,OP1,4D,5,17,3118,,0,1015,,G,,F,5,151,,,16R205,,,,,,0,0,000000000,00000000000,0,0,0,1,0,0,0,0,0,0,0,998,0,0,0,12,6,2,12,0,0,0,1,42,19125,6,1,0,0,3,0,72,999,0,0,0,0,0,0,0,0,0,0,0,0,0,0,2,2,70,1,1,2,1,0,0,1,62,3,1,1,98,2,0
54,540169,1,2,1,18,4,12,30,12,6,1,0,54,3,12,881,12881,63,1989,1FDZA90X3KVA,1,F,D,Z,A,9,0,X,3,K,V,A,1,T,FORD,TL9,CC,89,17,,8,2580,1740,COL,D,,,6,893,,,,P,00000,00,A,64,1,57,1539873,571539873,3,4,4,1,0,0,0,0,0,0,0,998,0,0,0,12,6,2,12,0,0,0,1,54,24862,6,1,6,0,3,0,68,150,0,1,0,0,0,1,2010,1,2010,0,28,36,0,0,1,2,45,2,1,2,2,0,0,14,10,7,1,2,64,0,0
54,540169,2,2,2,18,4,12,30,12,6,1,0,54,3,12,461,12461,21,1993,1FDJS34M9PHA,1,F,D,J,S,3,4,M,9,P,H,A,0,T,FORD,S3V,EC,93,17,,2,0,1380,CVS,D,,,8,444,,,,B,00000,00,A,42,0,0,000000000,00000000000,0,0,0,1,0,0,0,0,0,6,0,998,1,0,0,11,6,2,12,0,0,0,1,54,25882,6,1,0,0,3,0,61,160,0,0,0,0,0,0,0,0,0,0,0,0,0,0,1,2,45,3,1,2,2,0,0,14,62,7,1,1,65,1,0
54,540170,1,1,3,28,6,21,42,8,0,1,0,54,1,12,481,12481,31,2002,1FTRX18W12NA,1,F,T,R,X,1,8,W,1,2,N,A,0,T,FORD,F15,4C,2,17,,2,1574,1388,COF,G,,,8,281,,,,B,4639,05,U,44,0,0,000000000,00000000000,0,0,0,1,0,0,0,0,0,0,0,998,0,0,0,98,4,1,8,0,0,0,1,54,26416,6,1,0,0,3,0,74,225,0,0,0,0,0,0,0,0,0,0,0,0,0,0,1,2,45,2,6,2,1,0,0,14,80,1,1,1,13,0,0
54,540171,1,1,1,25,6,18,40,1,0,1,0,54,2,1,9,1009,6,1986,2CCCK3852GB7,2,C,C,C,K,3,8,5,2,G,B,7,0,P,AMER,EGL,SW,86,17,3425,,0,1090,,G,,2,6,258,,,15R195,,,,,,0,0,000000000,00000000000,0,0,0,1,0,0,0,0,0,0,0,998,0,1,5,0,6,2,1,0,0,0,1,54,25276,6,1,0,0,3,0,71,171,0,0,0,0,0,0,0,0,0,0,0,0,0,0,1,2,40,1,5,2,1,0,0,1,12,1,1,4,6,1,1
54,540172,1,1,1,22,7,2,0,8,0,1,0,54,1,41,49,41049,4,2004,JM1FE1732401,J,M,1,F,E,1,7,3,2,4,0,1,0,P,MAZD,RX8,C4,4,17,3029,,0,1064,,G,,F,R,080,,,18R225,,,,,,0,0,000000000,00000000000,0,0,0,1,0,0,0,0,0,0,0,998,0,0,0,1,6,2,8,0,0,0,1,54,25801,6,1,6,0,3,0,67,230,0,0,0,0,0,0,0,0,0,0,39,0,0,0,3,3,70,3,5,2,1,98,3,14,80,9,1,1,13,0,0
54,540173,1,1,1,25,7,18,6,35,0,1,0,54,1,23,481,23481,31,2006,1GTHK29U86E1,1,G,T,H,K,2,9,U,8,6,E,1,0,T,GMC,2KH,4C,6,17,,2,1575,1435,SIE,G,,,8,366,,,,C,5659,02,E,44,0,0,000000000,00000000000,0,0,0,1,0,0,0,0,0,0,0,998,0,1,5,11,6,2,35,0,0,0,1,54,25907,6,1,0,0,3,0,70,250,0,0,0,0,1,9,2011,9,2011,1,0,0,0,0,1,2,45,3,1,2,1,0,0,14,6,1,1,4,6,1,1
54,540174,1,1,3,24,7,2,20,8,0,1,0,54,2,12,401,12401,14,1998,1FMZU34E8WZA,1,F,M,Z,U,3,4,E,8,W,Z,A,0,P,FORD,EPR,UT,98,17,4146,,0,1115,,G,,F,6,245,,,15R225,,,,,,0,0,000000000,00000000000,0,0,0,1,0,0,0,0,0,0,0,998,0,0,0,12,2,3,8,0,0,0,1,54,25560,6,1,0,0,3,0,72,160,0,2,0,0,0,4,2010,12,2011,0,0,0,0,0,1,2,45,1,1,2,1,0,0,1,80,3,1,1,13,0,0
54,540175,1,1,1,25,7,1,25,34,0,1,0,54,2,73,706,73706,80,1993,JKAZGCA13PB5,J,K,A,Z,G,C,A,1,3,P,B,5,0,M,KAWK,ZG1,RS,93,17,,,,,,,1000,,4,,4,584,,,,,,,0,0,000000000,00000000000,0,0,0,1,0,0,0,0,0,0,0,998,0,0,0,3,2,3,34,0,0,0,1,54,25831,6,1,0,0,3,0,65,230,0,0,0,0,0,0,0,0,0,0,0,0,0,0,1,2,35,1,1,1,2,0,0,1,13,1,1,4,1,1,0
54,540176,1,2,1,25,7,6,55,12,6,1,0,54,1,7,20,7020,4,2000,1B3ES46C5YD6,1,B,3,E,S,4,6,C,5,Y,D,6,6,P,DODG,NSE,4D,0,17,2515,,0,1050,,G,,F,4,122,,,14R185,,,,,,2,0,000000000,00000000000,0,0,0,1,0,0,0,0,0,0,0,998,0,0,0,12,6,2,54,0,0,0,1,54,25922,6,2,0,0,3,0,72,121,0,0,0,0,0,0,0,0,0,0,0,0,0,0,1,2,55,1,6,2,1,0,0,1,61,6,1,2,45,0,0
54,540176,2,2,1,25,7,6,55,12,6,1,0,0,0,98,998,98998,95,9999,000000000000,0,0,0,0,0,0,0,0,0,0,0,0,0,,,,,,,,,,,,,,,,,,,,,,,,,0,0,000000000,00000000000,0,0,0,1,0,0,0,0,0,0,0,998,0,0,0,7,6,2,54,0,0,0,1,54,25969,6,1,0,0,1,0,74,220,0,0,0,0,0,0,0,0,0,0,38,0,0,0,1,2,55,1,6,2,1,0,0,6,10,1,1,2,47,1,0
54,540177,1,1,2,26,7,14,15,42,0,1,0,54,1,12,13,12013,4,1998,1FAFP13P6WW1,1,F,A,F,P,1,3,P,6,W,W,1,0,P,FORD,ESS,4D,98,17,2468,,0,984,,G,,F,4,122,,,14R185,,,,,,0,0,000000000,00000000000,0,0,0,1,0,0,0,0,0,0,0,998,0,0,0,1,2,3,42,0,0,0,1,54,26164,6,1,0,0,3,1,64,200,0,0,0,0,0,0,0,0,0,0,0,0,0,0,1,2,20,3,4,2,1,0,0,14,13,1,1,4,1,1,0
54,540178,1,1,1,27,7,0,30,11,0,1,0,54,2,76,734,76734,90,2002,JY4AJ03Y32C0,J,Y,4,A,J,0,3,Y,3,2,C,0,0,M,YAMA,YF4,AT,2,17,,,,,,,386,,1,,4,999,,,,,,,0,0,000000000,00000000000,0,0,0,1,0,0,0,0,0,0,0,998,0,1,1,11,6,2,11,0,0,0,1,54,26142,6,1,0,0,1,0,66,175,0,2,0,1,0,1,2010,1,2011,0,0,0,0,0,1,2,30,1,6,2,2,0,0,1,87,3,1,1,13,1,1
54,540179,1,1,2,28,7,11,39,1,0,1,0,0,0,98,739,98739,90,2003,4XACH59A53A7,4,X,A,C,H,5,9,A,5,3,A,7,0,M,POLS,P60,AT,3,17,,,,,,,597,,2,,4,740,,,,,,,0,0,000000000,00000000000,0,0,0,1,0,0,0,0,0,0,0,998,0,1,1,0,2,1,1,0,0,0,1,51,24502,6,1,0,0,1,0,66,200,0,0,0,0,0,0,0,0,0,1,58,0,0,0,1,2,55,2,6,4,1,0,0,14,6,6,1,1,98,1,0
54,540180,1,3,1,23,7,6,40,12,2,1,0,54,1,20,36,20036,2,2003,2G1WW12E9392,2,G,1,W,W,1,2,E,9,3,9,2,0,P,CHEV,MLS,CP,3,17,3340,,0,1105,,G,,F,6,207,,,16R225,,,,,,0,0,000000000,00000000000,0,0,0,1,0,0,0,0,0,0,0,998,0,0,0,12,6,2,12,0,0,0,1,54,26386,6,1,0,0,3,1,61,140,0,0,0,0,0,0,0,0,0,1,28,0,0,0,1,2,45,1,1,2,1,0,0,1,10,1,1,2,50,1,0
54,540180,2,3,1,23,7,6,40,12,2,1,0,54,1,12,481,12481,31,2012,1FTFW1EF2CFC,1,F,T,F,W,1,E,F,2,C,F,C,0,T,FORD,F1S,CW,12,17,,2,1570,1450,COF,F,,,8,305,,,,B,5586,02,7,44,0,0,000000000,00000000000,0,0,0,1,0,0,0,0,0,0,0,998,0,0,0,12,6,2,12,0,0,0,1,54,26323,6,1,6,0,3,0,74,230,0,0,0,0,0,0,0,0,0,0,0,0,0,0,1,2,45,1,1,2,1,0,0,1,62,1,1,1,51,0,0
54,540180,3,3,1,23,7,6,40,12,2,1,0,20,1,23,481,23481,31,2006,1GTHK23DX6F1,1,G,T,H,K,2,3,D,X,6,F,1,0,T,GMC,2KH,CW,6,17,,2,1670,1530,SIE,D,,,8,403,,,,C,5907,01,E,44,0,0,000000000,00000000000,0,0,0,1,0,0,0,0,0,0,0,998,0,0,0,98,2,1,12,0,0,0,1,20,67301,6,1,0,0,3,0,67,148,0,0,0,2,0,2,2012,2,2012,0,0,0,0,0,1,2,45,1,1,2,1,0,0,1,62,3,1,1,98,0,0
54,540181,1,1,1,28,7,21,0,42,0,1,0,0,0,76,734,76734,90,9999,000000000000,0,0,0,0,0,0,0,0,0,0,0,0,0,,,,,,,,,,,,,,,,,,,,,,,,,0,0,000000000,00000000000,0,0,0,1,0,0,0,0,0,0,0,998,0,0,0,12,6,2,42,0,0,0,1,54,25124,0,0,0,0,1,0,999,999,0,0,0,0,0,0,0,0,0,0,0,0,0,0,1,2,30,3,6,2,1,0,0,14,13,1,1,4,1,1,0
54,540182,1,2,1,30,7,7,26,24,0,1,0,54,3,12,481,12481,31,1998,1FTZF1829WNB,1,F,T,Z,F,1,8,2,9,W,N,B,0,T,FORD,F15,PK,98,17,,1,1390,1200,COF,G,,,6,256,,,,B,4260,01,E,44,0,0,000000000,00000000000,0,0,0,1,0,0,0,0,0,0,0,998,0,0,0,1,6,2,12,0,0,0,1,54,26250,6,1,0,0,3,0,74,210,0,0,0,0,0,0,0,0,0,1,28,58,0,0,1,2,55,3,1,2,1,0,0,14,13,1,1,4,1,1,0
54,540182,2,2,1,30,7,7,26,24,0,1,0,54,1,37,421,37421,15,2004,2HKYF185X4H5,2,H,K,Y,F,1,8,5,X,4,H,5,0,P,HOND,PIL,UT,4,17,4400,,0,1063,,G,,F,6,212,,,16R235,,,,,,0,0,000000000,00000000000,0,0,0,1,0,0,0,0,0,0,0,998,0,1,5,11,6,2,12,0,0,0,1,54,26241,6,1,0,0,3,1,66,115,0,0,0,0,0,0,0,0,0,0,0,0,0,0,1,2,55,2,1,2,1,0,0,14,62,2,1,1,98,0,0
54,540183,1,2,1,31,7,9,29,12,6,1,0,54,3,85,881,85881,66,2006,1XKWDB0X26J1,1,X,K,W,D,B,0,X,2,6,J,1,1,T,KW,W90,TR,6,17,,8,2850,1600,CON,D,,,6,893,,,,,00000,00,,64,1,57,1360814,571360814,3,6,8,1,0,0,0,0,0,0,0,998,0,0,0,3,2,1,12,0,0,0,1,54,25962,6,1,6,0,3,1,75,325,0,0,0,0,0,0,0,0,0,0,0,0,0,0,1,2,45,1,1,2,1,0,0,1,66,1,1,1,87,0,0
54,540183,2,2,1,31,7,9,29,12,6,1,0,54,0,73,734,73734,90,1985,JKALT5A14FB5,J,K,A,L,T,5,A,1,4,F,B,5,0,M,KAWK,L16,AT,85,17,,,,,,,160,,1,,4,273,,,,,,,0,0,000000000,00000000000,0,0,0,1,0,0,0,0,0,0,0,998,0,0,0,12,4,3,12,0,0,0,1,54,25981,6,1,0,0,3,0,74,160,0,0,0,0,0,0,0,0,0,0,38,0,0,0,1,2,45,1,1,2,1,20,3,1,17,1,1,2,86,1,0
54,540184,1,1,9,10,8,0,40,31,0,1,0,36,2,12,401,12401,14,1997,1FMCU24E2VUC,1,F,M,C,U,2,4,E,2,V,U,C,6,P,FORD,EPR,UT,97,17,3931,,0,1017,,G,,F,6,245,,,15R225,,,,,,2,0,000000000,00000000000,0,0,0,1,0,0,0,0,0,0,0,998,0,1,3,12,6,2,1,0,0,0,1,36,14301,6,1,0,0,3,0,70,999,0,1,0,0,0,7,2011,7,2011,0,0,0,0,0,2,3,70,3,3,2,2,0,0,14,13,1,1,4,1,1,0
54,540185,1,1,1,10,8,14,38,8,0,1,0,54,1,7,482,7482,31,1996,1B7HF16Y5TS6,1,B,7,H,F,1,6,Y,5,T,S,6,0,T,DODG,150,PK,96,17,,2,1347,1187,RPC,G,,,8,318,,,,B,4512,01,M,44,0,0,000000000,00000000000,0,0,0,1,0,0,0,0,0,0,0,998,0,0,0,98,0,1,8,0,0,0,1,54,25704,6,1,0,0,3,2,71,150,2,0,0,0,0,1,2011,5,2011,1,36,74,0,0,1,2,55,1,1,2,1,0,0,1,80,1,1,1,13,0,0
54,540186,1,1,2,9,8,22,0,42,0,1,0,36,1,20,481,20481,31,2002,2GCEK19TX213,2,G,C,E,K,1,9,T,X,2,1,3,0,T,CHEV,SK1,4C,2,17,,2,1575,1435,SIL,G,,,8,325,,,,B,4910,02,,44,0,0,000000000,00000000000,0,0,0,1,0,0,0,0,0,0,0,998,0,1,5,11,6,2,42,0,0,0,1,24,21502,6,1,0,0,3,0,74,260,0,0,0,1,0,5,2010,5,2010,0,0,0,0,0,1,2,45,1,1,2,1,0,0,1,12,1,1,4,6,1,0
54,540187,1,2,3,10,8,16,50,12,2,1,0,54,1,49,472,49472,30,2008,5TELU42N18Z4,5,T,E,L,U,4,2,N,1,8,Z,4,0,T,TOYT,DCL,CW,8,17,,1,0,1278,TAC,G,,,6,244,,,,B,4065,00,U,44,0,0,000000000,00000000000,0,0,0,1,0,0,0,0,0,0,0,998,0,0,0,12,6,2,12,0,0,0,1,54,25401,6,1,0,0,3,1,72,280,0,0,0,0,0,0,0,0,0,0,28,38,0,0,1,2,35,1,3,2,1,0,0,11,15,1,1,2,68,0,0
54,540187,2,2,1,10,8,16,50,12,2,1,0,54,1,37,31,37031,4,2000,1HGEJ6672YL0,1,H,G,E,J,6,6,7,2,Y,L,0,0,P,HOND,UCL,4D,0,17,2456,,0,1032,,G,,F,4,097,,,14R185,,,,,,0,0,000000000,00000000000,0,0,0,1,0,0,0,0,0,0,0,998,0,0,0,12,6,2,12,0,0,0,1,54,25404,6,1,0,0,3,0,71,174,0,0,0,0,0,0,0,0,0,0,0,0,0,0,1,2,35,1,3,2,1,0,0,1,67,1,1,1,69,1,0
54,540188,1,1,2,9,8,22,26,8,0,1,0,54,1,7,442,7442,20,1997,2B4GP453XVR1,2,B,4,G,P,4,5,3,X,V,R,1,0,P,DODG,CAR,SV,97,17,3647,,0,1133,,G,,F,6,181,,,15R215,,,,,,0,0,000000000,00000000000,0,0,0,1,0,0,0,0,0,0,0,998,0,0,0,12,6,2,8,0,0,0,1,54,26426,6,1,0,0,3,0,64,186,0,0,0,0,0,0,0,0,0,0,0,0,0,0,1,2,35,1,1,2,2,0,0,1,80,2,1,1,13,0,0
54,540189,1,2,1,7,8,12,7,12,2,1,0,54,1,12,13,12013,2,1998,3FAFP1133WR1,3,F,A,F,P,1,1,3,3,W,R,1,0,P,FORD,ZXS,CP,98,17,2478,,0,984,,G,,F,4,121,,,14R185,,,,,,0,0,000000000,00000000000,0,0,0,1,0,0,0,0,0,0,0,998,0,0,0,12,6,2,12,0,0,0,1,54,26541,6,1,0,0,3,0,69,165,1,1,0,0,1,11,2010,11,2010,1,28,0,0,0,1,2,55,2,6,2,1,0,0,14,10,3,1,2,50,1,0