STATE,ST_CASE,VEH_NO,VE_FORMS,NUMOCCS,DAY,MONTH,HOUR,MINUTE,HARM_EV,MAN_COLL,UNITTYPE,HIT_RUN,REG_STAT,OWNER,MAKE,MODEL,MAK_MOD,BODY_TYP,MOD_YEAR,VIN,VIN_1,VIN_2,VIN_3,VIN_4,VIN_5,VIN_6,VIN_7,VIN_8,VIN_9,VIN_10,VIN_11,VIN_12,TOW_VEH,VINTYPE,VINMAKE,VINA_MOD,VIN_BT,VINMODYR,VIN_LNGT,VIN_WGT,WGTCD_TR,WHLBS_LG,WHLBS_SH,SER_TR,FUELCODE,MCYCL_DS,CARBUR,CYLINDER,DISPLACE,MCYCL_CY,MCYCL_WT,TIRE_SZE,TON_RAT,TRK_WT,TRKWTVAR,VIN_REST,WHLDRWHL,J_KNIFE,MCARR_I1,MCARR_I2,MCARR_ID,GVWR,V_CONFIG,CARGO_BT,HAZ_INV,HAZ_PLAC,HAZ_ID,HAZ_CNO,HAZ_REL,BUS_USE,SPEC_USE,EMER_USE,TRAV_SP,UNDERIDE,ROLLOVER,ROLINLOC,IMPACT1,DEFORMED,TOWED,M_HARM,VEH_SC1,VEH_SC2,FIRE_EXP,DR_PRES,L_STATE,DR_ZIP,L_STATUS,L_TYPE,CDL_STAT,L_ENDORS,L_COMPL,L_RESTRI,DR_HGT,DR_WGT,PREV_ACC,PREV_SUS,PREV_DWI,PREV_SPD,PREV_OTH,FIRST_MO,FIRST_YR,LAST_MO,LAST_YR,SPEEDREL,DR_SF1,DR_SF2,DR_SF3,DR_SF4,VTRAFWAY,VNUM_LAN,VSPD_LIM,VALIGN,VPROFILE,VPAVETYP,VSURCOND,VTRAFCON,VTCONT_F,P_CRASH1,P_CRASH2,P_CRASH3,PCRASH4,PCRASH5,ACC_TYPE,DEATHS,DR_DRINK
54,540227,1,1,1,21,9,19,57,42,0,1,0,54,2,12,17,12017,4,2009,1FAHP25W09G1,1,F,A,H,P,2,5,W,0,9,G,1,0,P,FORD,TLT,4D,9,17,3643,,0,1129,,G,,F,6,214,,,18R225,,,,,,0,0,000000000,00000000000,0,0,0,1,0,0,0,0,0,0,0,998,0,0,0,11,6,2,42,0,0,0,1,54,25570,6,1,0,0,3,0,72,145,0,6,0,0,1,1,2010,5,2011,0,0,0,0,0,1,2,35,1,1,2,1,0,0,1,12,1,1,4,6,1,1
54,540228,1,1,1,21,9,12,17,42,0,1,0,54,2,22,18,22018,2,2000,1G2NW12E8YM8,1,G,2,N,W,1,2,E,8,Y,M,8,0,P,PONT,GAG,CP,0,17,3091,,0,1070,,G,,F,6,207,,,16R225,,,,,,0,0,000000000,00000000000,0,0,0,1,0,0,0,0,0,0,0,998,0,0,0,98,6,2,42,0,0,0,1,54,26525,6,1,0,0,3,0,62,155,0,0,0,0,0,0,0,0,0,1,0,0,0,0,1,2,50,1,6,2,1,0,0,1,13,9,1,4,1,1,0
54,540229,1,2,1,12,9,9,56,12,2,1,0,54,1,48,34,48034,6,1996,4S3BG6851T73,4,S,3,B,G,6,8,5,1,T,7,3,6,P,SUBA,ULK,SW,96,17,3230,,0,1035,,G,,F,4,150,,,15R205,,,,,,2,0,000000000,00000000000,0,0,0,1,0,0,0,0,0,0,0,998,0,0,0,12,6,2,12,0,0,0,1,54,26003,6,1,0,0,3,0,72,165,0,0,0,0,0,0,0,0,0,0,28,0,0,0,5,3,40,1,1,2,1,0,0,1,10,1,1,2,50,0,0
54,540229,2,2,1,12,9,9,56,12,2,1,0,54,1,22,22,22022,4,2010,1G2ZA5E07A41,1,G,2,Z,A,5,E,0,7,A,4,1,0,P,PONT,G/6,4D,10,17,3305,,0,1123,,F,,F,4,146,,,17R215,,,,,,0,0,000000000,00000000000,0,0,0,1,0,0,0,0,0,0,0,998,0,0,0,12,6,2,12,0,0,0,1,54,26070,6,1,0,0,3,1,63,180,0,0,0,0,1,2,2010,2,2010,0,0,0,0,0,5,3,40,1,1,2,1,0,0,1,62,1,1,1,51,1,0
54,540230,1,1,1,21,9,21,11,35,0,1,0,54,1,55,36,55036,4,2010,KMHCN4ACXAU4,K,M,H,C,N,4,A,C,X,A,U,4,0,P,HYUN,ALS,4D,10,17,2365,,0,984,,G,,F,4,098,,,14R175,,,,,,0,0,000000000,00000000000,0,0,0,1,0,0,0,0,0,0,0,998,0,0,0,12,6,2,35,0,0,0,1,54,24701,6,1,0,0,3,0,66,180,0,0,0,0,0,0,0,0,0,0,0,0,0,0,1,2,35,2,1,2,1,0,0,14,12,1,1,4,6,1,0
54,540231,1,1,2,23,9,11,44,24,0,1,0,54,1,20,481,20481,31,2005,1GCEC14X05Z1,1,G,C,E,C,1,4,X,0,5,Z,1,0,T,CHEV,SC1,PK,5,17,,2,1330,1190,SIL,G,,,6,262,,,,B,4225,00,,42,0,0,000000000,00000000000,0,0,0,1,0,0,0,0,0,0,0,998,0,0,0,1,6,2,42,0,0,0,1,39,43787,6,1,0,0,3,0,66,180,0,0,0,0,0,0,0,0,0,0,0,0,0,0,3,2,60,1,6,2,1,0,0,1,13,1,1,4,1,1,0
54,540232,1,1,4,24,9,21,20,8,0,1,0,54,2,20,36,20036,2,1999,2G1WW12M3X92,2,G,1,W,W,1,2,M,3,X,9,2,0,P,CHEV,MLS,CP,99,17,3306,,0,1075,,G,,F,6,191,,,15R205,,,,,,0,0,000000000,00000000000,0,0,0,1,0,0,0,0,0,0,0,998,0,0,0,12,2,1,8,0,0,0,1,54,25506,0,0,0,0,0,0,62,135,99,99,99,99,99,99,9999,99,9999,1,91,0,0,0,1,2,55,1,1,2,1,0,0,1,80,1,1,1,13,0,0
54,540233,1,2,1,24,9,7,58,12,6,1,0,54,1,20,24,20024,6,2011,1GNKVGED7BJ1,1,G,N,K,V,G,E,D,7,B,J,1,0,P,CHEV,TRV,UT,11,17,5066,,0,1189,,G,,F,6,220,,,18R255,,,,,,0,0,000000000,00000000000,0,0,0,1,0,0,0,0,0,0,0,998,0,0,0,1,6,2,12,0,0,0,1,54,26704,6,1,0,0,3,0,64,145,0,0,0,0,0,0,0,0,0,0,0,0,0,0,1,2,55,3,1,2,1,0,0,14,62,7,1,1,69,0,0
54,540233,2,2,1,24,9,7,58,12,6,1,0,40,1,37,706,37706,80,2008,1HFSC47L18A7,1,H,F,S,C,4,7,L,1,8,A,7,0,M,HOND,GL8,RS,8,17,,,,,,,1832,,6,,4,822,,,,,,,0,0,000000000,00000000000,0,0,0,1,0,0,0,0,0,0,0,998,0,0,0,12,6,2,12,0,0,0,1,40,73165,6,1,0,0,3,0,72,225,0,0,0,0,0,0,0,0,0,0,28,0,0,0,1,2,55,2,1,2,1,0,0,11,15,1,1,2,68,1,0
54,540234,1,4,1,28,9,12,2,12,6,1,0,54,1,23,471,23471,30,1999,1GTCT19X5X85,1,G,T,C,T,1,9,X,5,X,8,5,0,T,GMC,SON,PC,99,17,,1,0,1229,SON,G,,,6,262,,,,B,00000,00,U,44,0,0,000000000,00000000000,0,0,0,1,0,0,0,0,0,0,0,998,0,0,0,10,6,2,12,0,0,0,1,54,25403,6,1,0,0,3,0,69,180,0,1,0,1,0,3,2011,10,2011,0,38,0,0,0,1,2,35,1,1,2,1,20,3,11,15,1,1,2,68,1,0
54,540234,2,4,1,28,9,12,2,12,6,1,0,54,1,20,481,20481,31,2004,2GCEK19T1411,2,G,C,E,K,1,9,T,1,4,1,1,0,T,CHEV,SK1,4C,4,17,,2,1575,1435,SIL,G,,,8,325,,,,B,4925,00,,44,0,0,000000000,00000000000,0,0,0,1,0,0,0,0,0,0,0,998,0,0,0,12,6,2,12,0,0,0,1,54,25401,6,1,0,0,3,0,74,200,1,0,0,0,1,2,2010,6,2011,0,0,0,0,0,1,2,45,1,1,2,1,0,0,1,67,1,1,1,69,0,0
54,540234,3,4,1,28,9,12,2,12,6,1,0,54,1,18,2,18002,4,2000,1G4HP54K0Y41,1,G,4,H,P,5,4,K,0,Y,4,1,0,P,BUIC,LCF,4D,0,17,3567,,0,1122,,G,,F,6,231,,,15R215,,,,,,0,0,000000000,00000000000,0,0,0,1,0,0,0,0,0,0,0,998,0,0,0,12,6,2,12,0,0,0,1,54,25404,6,1,0,0,3,0,74,200,1,0,0,0,1,2,2010,6,2011,0,0,0,0,0,1,2,45,1,1,2,1,0,0,1,62,1,1,1,98,0,0
54,540234,4,4,1,28,9,12,2,12,6,1,0,24,3,84,881,84881,62,2006,1HTMMAAM56H2,1,H,T,M,M,A,A,M,5,6,H,2,0,T,INTL,430,CC,6,17,,6,0,0,40S,D,,,6,466,,,,,00000,00,,42,0,57,260885,57260885,2,1,1,1,0,0,0,0,0,0,0,998,0,0,0,4,6,2,12,0,0,0,1,24,21756,6,1,6,0,3,1,70,185,0,0,0,0,0,0,0,0,0,0,0,0,0,0,1,2,45,1,1,2,1,0,0,1,62,6,1,2,98,0,0
54,540235,1,1,1,30,9,3,45,34,0,1,0,54,1,2,405,2405,14,2002,1J4GL58K82W2,1,J,4,G,L,5,8,K,8,2,W,2,0,T,JEEP,LMD,4W,2,17,,1,0,1043,LIB,G,,,6,226,,,,,3975,00,E,44,0,0,000000000,00000000000,0,0,0,1,0,0,0,0,0,0,0,998,0,1,5,10,6,2,1,0,0,0,1,54,25550,6,1,0,0,3,1,70,145,1,1,0,0,0,6,2010,3,2012,1,58,0,0,0,1,2,55,3,1,2,1,0,0,14,12,9,1,4,1,1,1
54,540236,1,2,1,28,5,14,25,12,7,1,0,54,2,37,706,37706,80,2007,JH2PE05377M5,J,H,2,P,E,0,5,3,7,7,M,5,0,M,HOND,CRR,MX,7,17,,,,,,,449,,1,,4,218,,,,,,,0,0,000000000,00000000000,0,0,0,1,0,0,0,0,0,0,0,998,0,0,0,10,6,2,12,0,0,0,1,54,26448,6,1,0,0,3,0,69,190,0,0,0,0,1,3,2011,3,2011,0,28,0,0,0,1,2,55,1,1,2,1,0,0,6,10,1,1,2,47,1,0
54,540236,2,2,1,28,5,14,25,12,7,1,0,42,3,87,881,87881,66,2010,1XPHD49X2AD7,1,X,P,H,D,4,9,X,2,A,D,7,1,T,PTRB,386,TR,10,17,,8,0,0,CON,D,,,6,915,,,,,00000,00,,64,1,57,1339963,571339963,3,6,2,2,2,1075,88,1,0,0,0,998,0,0,0,2,2,1,12,0,0,0,1,54,26330,6,1,6,1,3,0,72,220,0,0,0,0,0,0,0,0,0,0,0,0,0,0,1,2,55,1,1,2,1,0,0,6,63,3,1,2,45,0,0
54,540237,1,1,1,12,9,20,54,8,0,1,0,54,2,22,2,22002,6,1986,1G2BL69Y9GX2,1,G,2,B,L,6,9,Y,9,G,X,2,0,P,PONT,PRS,4D,86,17,3458,,0,1160,,G,,4,8,307,,,15R225,,,,,,0,0,000000000,00000000000,0,0,0,1,0,0,0,0,0,0,0,998,0,0,0,12,6,2,8,0,0,0,1,54,25309,6,1,0,0,3,1,68,315,0,0,0,0,0,0,0,0,0,0,0,0,0,0,5,4,50,1,1,2,1,0,0,1,80,3,1,1,13,0,0
54,540238,1,1,1,15,9,21,9,30,0,1,0,54,1,20,37,20037,4,2005,1G1ZT52825F2,1,G,1,Z,T,5,2,8,2,5,F,2,0,P,CHEV,M/L,4D,5,17,3297,,0,1063,,G,,F,6,214,,,15R205,,,,,,0,0,000000000,00000000000,0,0,0,1,0,0,0,0,0,0,0,998,0,0,0,12,6,2,19,0,0,0,1,54,25526,6,1,0,0,3,1,65,125,0,0,0,0,0,0,0,0,0,1,0,0,0,0,1,2,50,1,1,1,2,0,0,1,12,1,1,4,6,1,0
54,540239,1,1,3,27,9,17,59,1,0,1,0,54,2,7,20,7020,2,1997,1B3ES22C9VD1,1,B,3,E,S,2,2,C,9,V,D,1,6,P,DODG,NEE,CP,97,17,2376,,0,1040,,G,,F,4,122,,,14R175,,,,,,2,0,000000000,00000000000,0,0,0,1,0,0,0,0,0,0,0,998,0,1,2,0,6,2,1,0,0,0,1,54,24747,6,1,0,0,3,0,75,200,0,0,0,0,0,0,0,0,0,1,58,0,0,0,1,2,30,2,3,2,1,0,0,14,6,6,1,4,1,1,0
54,540240,1,1,2,2,10,20,26,8,0,1,0,54,1,20,471,20471,30,2002,1GCCS1451281,1,G,C,C,S,1,4,5,1,2,8,1,0,T,CHEV,S14,PK,2,17,,1,0,1083,S,F,,,4,133,,,,B,3016,00,,42,0,0,000000000,00000000000,0,0,0,1,0,0,0,0,0,0,0,998,0,0,0,11,2,3,8,0,0,0,1,54,25704,6,1,0,0,2,0,75,245,1,0,0,1,3,4,2011,9,2012,0,0,0,0,0,1,2,35,1,1,2,1,0,0,1,80,1,1,1,13,0,0
54,540241,1,1,2,1,8,14,19,35,0,1,0,54,1,20,403,20403,14,2004,1GNDT13S2422,1,G,N,D,T,1,3,S,2,4,2,2,0,P,CHEV,TRL,UT,4,17,4612,,0,1130,,G,,F,6,256,,,16R245,,,,,,0,0,000000000,00000000000,0,0,0,1,0,0,0,0,0,0,0,998,0,0,0,98,6,2,35,0,0,0,1,54,26440,6,1,0,0,3,0,68,190,0,0,0,0,0,0,0,0,0,0,0,0,0,0,1,2,35,3,6,2,1,0,0,14,13,1,1,4,1,1,0
54,540242,1,1,1,7,8,10,10,14,0,1,0,54,1,7,481,7481,31,1989,1B7GE16X2KS0,1,B,7,G,E,1,6,X,2,K,S,0,0,T,DODG,D15,PK,89,17,,1,1310,1150,D15,G,,,6,238,,,,B,3549,01,A,42,0,0,000000000,00000000000,0,0,0,1,0,0,0,0,0,0,0,998,0,0,0,12,6,2,14,0,0,0,1,54,26280,6,1,0,0,3,1,66,179,0,0,0,0,0,0,0,0,0,0,0,0,0,0,1,2,55,1,4,2,1,0,0,1,12,1,1,4,6,1,0
54,540243,1,1,1,23,8,1,20,35,0,1,0,54,2,55,35,55035,4,2006,KMHDN46D86U2,K,M,H,D,N,4,6,D,8,6,U,2,0,P,HYUN,GTL,4D,6,17,2784,,0,1027,,G,,F,4,121,,,15R195,,,,,,0,0,000000000,00000000000,0,0,0,1,0,0,0,0,0,0,0,998,0,0,0,98,6,2,35,0,0,0,1,54,26554,6,1,6,0,3,0,70,180,0,0,0,1,1,10,2011,4,2012,0,0,0,0,0,1,2,30,1,6,2,1,0,0,1,12,3,1,4,1,1,1
54,540244,1,1,1,6,9,10,8,34,0,1,0,54,1,22,2,22002,4,2000,1G2HZ5417Y42,1,G,2,H,Z,5,4,1,7,Y,4,2,0,P,PONT,BSI,4D,0,17,3678,,0,1122,,G,,Z,6,231,,,17R235,,,,,,0,0,000000000,00000000000,0,0,0,1,0,0,0,0,0,0,0,998,0,0,0,11,6,2,34,0,0,0,1,54,25813,6,1,0,0,3,0,73,225,0,2,0,0,1,10,2011,6,2012,0,0,0,0,0,1,2,45,1,6,2,1,0,0,1,12,1,1,4,6,1,0
54,540245,1,1,1,4,10,22,49,35,0,1,0,0,0,53,734,53734,90,2006,5SAAK46AX671,5,S,A,A,K,4,6,A,X,6,7,1,0,M,SUZI,L40,AT,6,17,,,,,,,376,,1,,4,577,,,,,,,0,0,000000000,00000000000,0,0,0,1,0,0,0,0,0,0,0,998,0,1,5,10,6,2,35,0,0,0,1,54,26447,6,1,0,0,1,0,66,170,0,1,1,0,0,7,2012,8,2012,0,0,0,0,0,1,2,55,1,1,2,1,0,0,1,12,1,1,4,6,1,1
54,540246,1,1,1,4,10,12,45,42,0,1,0,51,1,34,706,34706,80,2007,WB10388067ZT,W,B,1,0,3,8,8,0,6,7,Z,T,0,M,BMW,R2T,RS,7,17,,,,,,,1170,,2,,4,505,,,,,,,0,0,000000000,00000000000,0,0,0,1,0,0,0,0,0,0,0,998,0,0,0,98,6,2,42,0,0,0,1,51,22030,6,1,0,0,3,0,75,205,0,0,0,0,0,0,0,0,0,0,0,0,0,0,1,2,30,2,5,1,1,0,0,14,12,1,1,4,6,1,0
54,540247,1,1,4,2,9,2,23,35,0,1,0,54,1,12,471,12471,30,1999,1FTZR15V0XTA,1,F,T,Z,R,1,5,V,0,X,T,A,0,T,FORD,RNS,PC,99,17,,1,0,1259,RNG,F,,,6,182,,,,B,00000,00,U,44,0,0,000000000,00000000000,0,0,0,1,0,0,0,0,0,0,0,998,0,1,5,8,6,2,1,0,0,0,1,54,26034,6,1,0,0,3,0,67,260,0,0,0,0,1,6,2012,6,2012,1,0,0,0,0,1,2,30,1,1,2,2,0,0,1,6,6,1,4,6,1,1
54,540248,1,1,1,7,10,1,55,35,0,1,0,54,1,2,404,2404,14,2001,1J4FF48SX1L6,1,J,4,F,F,4,8,S,X,1,L,6,0,T,JEEP,SPT,4W,1,17,,1,0,1014,CHK,G,,,6,244,,,,,3249,00,E,44,0,0,000000000,00000000000,0,0,0,1,0,0,0,0,0,0,0,998,0,0,0,12,6,2,35,0,0,0,1,54,26150,6,1,0,0,3,1,72,225,1,0,0,0,1,1,2011,9,2011,0,39,33,0,0,2,2,70,1,1,2,1,0,0,1,13,1,1,4,1,1,1
54,540249,1,2,1,8,10,20,37,12,2,1,0,54,1,7,472,7472,30,2001,1B7GG2AN01S1,1,B,7,G,G,2,A,N,0,1,S,1,0,T,DODG,QAD,CW,1,17,,1,0,1309,DAK,G,,,8,287,,,,B,4296,00,U,44,0,0,000000000,00000000000,0,0,0,1,0,0,0,0,0,0,0,998,0,0,0,12,6,2,12,0,0,0,1,51,22637,6,1,0,0,3,0,69,195,0,0,0,0,0,0,0,0,0,0,58,36,28,0,1,2,55,3,6,2,2,0,0,14,10,6,1,2,50,0,1
54,540249,2,2,1,8,10,20,37,12,2,1,0,54,1,20,471,20471,30,1985,1GCCT14B9F21,1,G,C,C,T,1,4,B,9,F,2,1,0,T,CHEV,S14,PK,85,17,,1,1229,1083,S,G,,,6,173,,,,B,2802,02,,44,0,0,000000000,00000000000,0,0,0,1,0,0,0,0,0,0,0,998,0,0,0,12,6,2,2,0,0,1,1,54,26757,6,1,0,0,3,1,70,185,1,2,0,0,1,11,2009,8,2012,0,0,0,0,0,1,2,55,1,5,2,2,0,0,1,62,7,1,1,51,1,1
54,540250,1,1,1,9,10,7,45,34,0,1,0,54,1,7,482,7482,31,1999,1B7KF2369XJ5,1,B,7,K,F,2,3,6,9,X,J,5,0,T,DODG,Q25,4C,99,17,,2,1547,1387,RPC,D,,,6,359,,,,C,5695,00,U,44,0,0,000000000,00000000000,0,0,0,1,0,0,0,0,0,0,0,998,0,1,5,1,6,2,1,0,0,0,1,12,26508,6,1,0,0,3,0,72,195,0,0,0,0,0,0,0,0,0,1,0,0,0,0,1,2,40,3,5,2,1,0,0,14,13,1,1,4,1,1,0
54,540251,1,4,1,6,10,13,56,12,2,1,0,54,1,20,421,20421,15,1996,3GNEK18R9TG1,3,G,N,E,K,1,8,R,9,T,G,1,0,P,CHEV,KTA,UT,96,17,4741,,0,1115,,G,,F,8,350,,,16R245,,,,,,0,0,000000000,00000000000,0,0,0,1,0,0,0,0,0,0,0,998,0,0,0,12,6,2,12,0,0,0,1,54,25837,6,1,0,0,3,0,68,180,1,1,0,0,1,9,2010,3,2012,0,0,0,0,0,1,2,55,1,1,2,2,0,0,1,10,1,1,1,50,0,1
54,540251,2,4,3,6,10,13,56,12,2,1,0,54,1,20,2,20002,4,2010,2G1WC5EM9A12,2,G,1,W,C,5,E,M,9,A,1,2,0,P,CHEV,ITZ,4D,10,17,3649,,0,1105,,F,,F,6,238,,,18R235,,,,,,0,0,000000000,00000000000,0,0,0,1,0,0,0,0,0,0,0,998,0,0,0,12,6,2,12,0,0,0,1,21,42420,6,1,0,0,3,1,71,220,0,0,0,0,0,0,0,0,0,0,0,0,0,0,1,2,55,1,1,2,2,0,0,1,62,2,1,1,51,1,0
54,540251,3,4,2,6,10,13,56,12,2,1,0,54,2,12,23,12023,4,2006,3FAFP07116R2,3,F,A,F,P,0,7,1,1,6,R,2,0,P,FORD,F/E,4D,6,17,3101,,0,1074,,G,,F,6,183,,,16R205,,,,,,0,0,000000000,00000000000,0,0,0,1,0,0,0,0,0,0,0,998,0,0,0,98,6,2,12,0,0,0,1,54,25275,6,1,0,0,3,0,70,180,0,0,0,0,0,0,0,0,0,0,0,0,0,0,1,2,55,1,1,2,2,0,0,1,51,2,1,1,98,0,0
54,540251,4,4,1,6,10,13,56,12,2,1,0,54,2,2,405,2405,14,2012,1C4PJMAK0CW1,1,C,4,P,J,M,A,K,0,C,W,1,0,T,JEEP,SPR,4W,12,17,,1,0,1061,LIB,G,,,6,225,,,,,4290,00,R,44,0,0,000000000,00000000000,0,0,0,1,0,0,0,0,0,0,0,998,0,0,0,98,2,1,12,0,0,0,1,39,43912,6,1,0,0,3,0,67,170,0,0,0,0,0,0,0,0,0,0,0,0,0,0,1,2,55,1,1,2,2,0,0,1,51,7,1,1,98,0,0
54,540252,1,2,1,8,10,19,4,24,0,1,0,54,1,20,37,20037,4,1999,1G1NE52J2XY1,1,G,1,N,E,5,2,J,2,X,Y,1,0,P,CHEV,M/L,4D,99,17,3077,,0,1070,,G,,F,6,191,,,15R215,,,,,,0,0,000000000,00000000000,0,0,0,1,0,0,0,0,0,0,0,998,0,0,0,98,6,2,12,0,0,0,1,54,26201,6,1,0,0,3,1,66,153,0,0,0,0,2,10,2010,4,2011,1,28,0,0,0,1,2,55,3,6,2,2,0,0,14,6,1,1,4,1,1,0
54,540252,2,2,2,8,10,19,4,24,0,1,0,54,2,49,40,49040,4,1999,4T1BG22K1XU8,4,T,1,B,G,2,2,K,1,X,U,8,0,P,TOYT,UEX,4D,99,17,2998,,0,1051,,G,,F,4,132,,,14R195,,,,,,0,0,000000000,00000000000,0,0,0,1,0,0,0,0,0,0,0,998,0,0,0,98,6,2,12,0,0,0,1,54,26201,6,1,0,0,3,0,69,185,0,0,0,1,0,4,2012,4,2012,0,0,0,0,0,1,2,55,2,5,2,2,0,0,14,62,9,1,1,98,0,0
54,540253,1,1,5,10,10,3,22,1,0,1,0,54,1,12,471,12471,30,1994,1FTCR15X9RTB,1,F,T,C,R,1,5,X,9,R,T,B,0,T,FORD,RNS,PC,94,17,,1,0,1250,RNG,G,,,6,245,,,,B,3479,00,A,44,0,0,000000000,00000000000,0,0,0,1,0,0,0,0,0,0,0,998,0,1,1,0,6,2,1,0,0,0,1,54,26205,6,1,0,0,3,0,69,143,0,0,0,0,0,0,0,0,0,0,0,0,0,0,1,2,55,3,2,1,2,0,0,14,3,1,1,1,98,1,0
54,540254,1,1,1,11,10,3,0,1,0,1,0,54,1,37,32,37032,4,1999,1HGCG1658XA0,1,H,G,C,G,1,6,5,8,X,A,0,0,P,HOND,UEX,4D,99,17,3285,,0,1069,,G,,F,6,183,,,15R205,,,,,,0,0,000000000,00000000000,0,0,0,1,0,0,0,0,0,0,0,998,0,1,5,0,6,2,1,0,0,0,1,54,25427,6,1,0,0,3,0,64,115,0,1,0,0,3,9,2011,3,2012,0,0,0,0,0,1,2,55,2,1,1,1,0,0,14,12,1,1,4,6,1,1
54,540255,1,1,3,11,10,22,20,38,0,1,0,54,2,63,33,63033,4,2009,KNAFE2217956,K,N,A,F,E,2,2,1,7,9,5,6,0,P,KIA,SXC,4D,9,17,2701,,0,1028,,G,,F,4,122,,,15R195,,,,,,0,0,000000000,00000000000,0,0,0,1,0,0,0,0,0,0,0,998,0,0,0,12,6,2,19,0,0,0,1,24,21740,1,1,0,0,2,0,69,193,0,0,0,0,0,0,0,0,0,0,91,0,0,0,1,2,55,1,3,2,1,0,0,1,12,1,1,4,6,1,1
54,540256,1,2,1,12,10,12,40,12,6,1,0,54,1,7,20,7020,4,2001,1B3ES46C31D1,1,B,3,E,S,4,6,C,3,1,D,1,0,P,DODG,NSS,4D,1,17,2585,,0,1050,,G,,F,4,122,,,14R185,,,,,,0,0,000000000,00000000000,0,0,0,1,0,0,0,0,0,0,0,998,0,0,0,3,6,2,12,0,0,0,1,54,25868,6,1,0,0,3,0,66,185,0,0,0,1,0,5,2010,5,2010,0,38,0,0,0,1,2,35,1,1,2,1,0,0,1,17,1,1,2,87,1,0
54,540256,2,2,1,12,10,12,40,12,6,1,0,54,3,23,461,23461,21,2006,1GTGG29V2612,1,G,T,G,G,2,9,V,2,6,1,2,0,T,GMC,SA2,EC,6,17,,2,0,1550,SAV,G,,,8,293,,,,C,5547,00,U,42,0,0,000000000,00000000000,0,0,0,1,0,0,0,0,0,0,0,998,0,0,0,12,6,2,12,0,0,0,1,54,25908,6,1,0,0,3,0,72,190,0,0,0,0,1,7,2012,7,2012,0,0,0,0,0,1,2,35,3,1,2,1,0,0,14,66,1,1,1,86,0,0
54,540257,1,2,1,13,10,19,52,1,0,1,0,39,1,72,706,72706,80,2007,1HD1BW5147Y0,1,H,D,1,B,W,5,1,4,7,Y,0,0,M,HD,STC,RS,7,17,,,,,,,1584,,2,,4,725,,,,,,,0,0,000000000,00000000000,0,0,0,1,0,0,0,0,0,0,0,998,0,0,0,0,6,2,12,0,0,0,1,39,45669,6,1,0,0,3,0,69,200,0,0,0,1,1,1,2012,9,2012,0,28,0,0,0,1,2,55,1,3,2,1,0,0,1,10,3,1,2,98,1,1
54,540257,2,2,4,13,10,19,52,1,0,1,0,39,1,20,36,20036,2,2003,2G1WW12E9391,2,G,1,W,W,1,2,E,9,3,9,1,0,P,CHEV,MLS,CP,3,17,3340,,0,1105,,G,,F,6,207,,,16R225,,,,,,0,0,000000000,00000000000,0,0,0,1,0,0,0,0,0,0,0,998,0,0,0,1,2,1,12,0,0,0,1,39,45619,6,1,0,0,3,0,63,130,0,1,0,0,1,11,2010,8,2011,0,0,0,0,0,1,2,55,1,3,2,1,0,0,1,62,7,1,1,98,0,0
54,540258,1,1,2,17,10,9,55,1,0,1,0,54,1,12,471,12471,30,2007,1FTYR10D47PA,1,F,T,Y,R,1,0,D,4,7,P,A,0,T,FORD,RNG,PK,7,17,,1,1180,1120,RNG,G,,,4,140,,,,B,3012,00,U,42,0,0,000000000,00000000000,0,0,0,1,0,0,0,0,0,0,0,998,0,1,2,0,6,2,1,0,0,0,1,54,25628,6,1,0,0,3,0,68,170,1,0,0,0,2,6,2011,3,2012,0,0,0,0,0,2,2,65,1,1,2,1,0,0,1,12,1,1,4,6,1,0
54,540259,1,2,1,15,10,22,45,12,6,1,0,54,1,12,471,12471,30,1996,1FTCR10A9TTA,1,F,T,C,R,1,0,A,9,T,T,A,6,T,FORD,RNG,PK,96,17,,1,1140,1080,RNG,G,,,4,140,,,,B,2961,00,B,42,2,0,000000000,00000000000,0,0,0,1,0,0,0,0,0,0,0,998,0,0,0,12,6,2,12,0,0,0,1,54,25053,6,1,2,0,2,0,69,150,0,1,1,0,0,4,2011,5,2011,0,28,0,0,0,1,2,55,2,5,2,1,0,0,14,10,1,1,2,64,1,1
54,540259,2,2,1,15,10,22,45,12,6,1,0,54,3,85,881,85881,66,2010,1XKWD40X7AJ2,1,X,K,W,D,4,0,X,7,A,J,2,1,T,KW,W90,TR,10,17,,8,2850,1600,CON,D,,,6,915,,,,,00000,00,,64,1,57,277409,57277409,3,6,2,1,0,0,0,0,0,0,0,998,0,0,0,8,2,1,12,0,0,0,1,54,25311,6,1,6,0,3,0,74,225,0,0,0,0,0,0,0,0,0,0,0,0,0,0,1,2,55,3,6,2,1,0,0,14,62,1,1,1,65,0,0
54,540260,1,2,2,18,10,17,0,12,2,1,0,54,2,7,20,7020,4,2005,1B3ES56C65D2,1,B,3,E,S,5,6,C,6,5,D,2,0,P,DODG,NXT,4D,5,17,2634,,0,1040,,G,,F,4,122,,,15R185,,,,,,0,0,000000000,00000000000,0,0,0,1,0,0,0,0,0,0,0,998,0,0,0,12,6,2,12,0,0,0,1,54,25159,6,2,0,0,3,0,64,115,0,0,0,0,0,0,0,0,0,0,28,0,0,0,1,2,35,2,3,2,1,0,0,14,10,1,1,2,50,0,0