STATE,ST_CASE,VEH_NO,VE_FORMS,NUMOCCS,DAY,MONTH,HOUR,MINUTE,HARM_EV,MAN_COLL,UNITTYPE,HIT_RUN,REG_STAT,OWNER,MAKE,MODEL,MAK_MOD,BODY_TYP,MOD_YEAR,VIN,VIN_1,VIN_2,VIN_3,VIN_4,VIN_5,VIN_6,VIN_7,VIN_8,VIN_9,VIN_10,VIN_11,VIN_12,TOW_VEH,VINTYPE,VINMAKE,VINA_MOD,VIN_BT,VINMODYR,VIN_LNGT,VIN_WGT,WGTCD_TR,WHLBS_LG,WHLBS_SH,SER_TR,FUELCODE,MCYCL_DS,CARBUR,CYLINDER,DISPLACE,MCYCL_CY,MCYCL_WT,TIRE_SZE,TON_RAT,TRK_WT,TRKWTVAR,VIN_REST,WHLDRWHL,J_KNIFE,MCARR_I1,MCARR_I2,MCARR_ID,GVWR,V_CONFIG,CARGO_BT,HAZ_INV,HAZ_PLAC,HAZ_ID,HAZ_CNO,HAZ_REL,BUS_USE,SPEC_USE,EMER_USE,TRAV_SP,UNDERIDE,ROLLOVER,ROLINLOC,IMPACT1,DEFORMED,TOWED,M_HARM,VEH_SC1,VEH_SC2,FIRE_EXP,DR_PRES,L_STATE,DR_ZIP,L_STATUS,L_TYPE,CDL_STAT,L_ENDORS,L_COMPL,L_RESTRI,DR_HGT,DR_WGT,PREV_ACC,PREV_SUS,PREV_DWI,PREV_SPD,PREV_OTH,FIRST_MO,FIRST_YR,LAST_MO,LAST_YR,SPEEDREL,DR_SF1,DR_SF2,DR_SF3,DR_SF4,VTRAFWAY,VNUM_LAN,VSPD_LIM,VALIGN,VPROFILE,VPAVETYP,VSURCOND,VTRAFCON,VTCONT_F,P_CRASH1,P_CRASH2,P_CRASH3,PCRASH4,PCRASH5,ACC_TYPE,DEATHS,DR_DRINK
54,540292,1,2,1,24,5,8,35,12,6,1,0,54,2,20,37,20037,4,2004,1G1ZT528X4F2,1,G,1,Z,T,5,2,8,X,4,F,2,0,P,CHEV,M/L,4D,4,17,3297,,0,1063,,G,,F,6,214,,,15R205,,,,,,0,0,000000000,00000000000,0,0,0,1,0,0,0,0,0,0,0,998,0,0,0,12,6,2,12,0,0,0,1,54,26354,6,1,0,0,2,0,76,250,0,0,0,0,0,0,0,0,0,0,51,0,0,0,2,2,65,2,3,2,1,0,0,14,10,1,1,6,64,1,0
54,540292,2,2,1,24,5,8,35,12,6,1,0,29,3,84,881,84881,63,2007,2HSCNAPR47C4,2,H,S,C,N,A,P,R,4,7,C,4,1,T,INTL,94I,TR,7,17,,8,0,0,940,D,,,6,915,,,,,00000,00,,64,1,57,1137660,571137660,3,4,1,1,0,0,0,0,0,0,0,998,0,0,0,8,6,2,12,0,0,0,1,42,15122,6,1,6,0,3,0,72,999,2,0,0,0,0,11,2010,5,2011,0,0,0,0,0,2,2,65,3,3,2,1,0,0,14,62,3,1,1,65,0,0
54,540293,1,1,3,3,6,13,22,42,0,1,0,54,1,20,22,20022,4,2007,1G1AL55F7771,1,G,1,A,L,5,5,F,7,7,7,1,0,P,CHEV,BLT,4D,7,17,3216,,0,1033,,G,,F,4,134,,,15R195,,,,,,0,0,000000000,00000000000,0,0,0,1,0,0,0,0,0,0,0,998,0,0,0,12,6,2,42,0,0,0,1,54,26283,6,1,0,0,3,0,70,170,1,0,0,1,0,7,2010,2,2012,0,0,0,0,0,2,2,55,2,1,2,1,0,0,14,12,1,1,4,6,1,0
54,540294,1,3,1,23,6,1,8,35,0,1,0,54,1,48,38,48038,4,2008,JF1GE74648G5,J,F,1,G,E,7,4,6,4,8,G,5,0,P,SUBA,IWX,4D,8,17,3142,,0,1031,,G,,T,4,150,,,17R205,,,,,,0,0,000000000,00000000000,0,0,0,1,0,0,0,0,0,0,0,998,0,0,0,12,6,2,12,0,0,0,1,54,25801,2,1,1,0,2,0,72,195,0,1,1,1,0,9,2011,11,2011,1,28,0,0,0,3,3,70,2,5,2,1,0,0,14,13,1,1,4,1,1,1
54,540294,2,3,1,23,6,1,8,35,0,1,0,54,1,63,33,63033,4,2001,KNAFB1618150,K,N,A,F,B,1,6,1,8,1,5,0,0,P,KIA,SSX,4H,1,17,2560,,0,1008,,G,,F,4,109,,,14R185,,,,,,0,0,000000000,00000000000,0,0,0,1,0,0,0,0,0,0,0,998,0,0,0,10,6,2,12,0,0,0,1,54,25545,6,1,6,0,3,0,64,132,0,0,0,1,0,12,2011,12,2011,0,0,0,0,0,3,3,70,2,5,2,1,0,0,14,61,1,1,1,98,0,0
54,540294,3,3,2,23,6,1,8,35,0,1,0,54,1,22,18,22018,4,2004,1G2NE52FX4C1,1,G,2,N,E,5,2,F,X,4,C,1,0,P,PONT,GAS,4D,4,17,3066,,0,1070,,G,,F,4,134,,,15R215,,,,,,0,0,000000000,00000000000,0,0,0,1,0,0,0,0,0,0,0,998,0,0,0,8,6,2,12,0,0,0,1,54,25071,6,1,0,0,3,1,66,106,0,0,0,0,0,0,0,0,0,0,0,0,0,0,3,3,70,2,5,2,1,0,0,14,50,1,1,1,98,0,0
54,540295,1,1,1,21,9,22,0,8,0,1,0,54,1,12,37,12037,4,2008,1FAHP34N98W2,1,F,A,H,P,3,4,N,9,8,W,2,0,P,FORD,FSN,4D,8,17,2623,,0,1029,,G,,F,4,122,,,15R195,,,,,,0,0,000000000,00000000000,0,0,0,1,0,0,0,0,0,0,0,998,0,0,0,1,6,2,8,0,0,0,1,54,25177,6,1,0,0,3,0,70,220,0,0,0,0,0,0,0,0,0,0,0,0,0,0,1,4,50,2,1,2,1,0,0,14,80,1,1,1,13,0,0
54,540296,1,1,1,26,9,8,30,8,0,1,0,54,1,35,50,35050,4,2010,3N1BC1CPXAL4,3,N,1,B,C,1,C,P,X,A,L,4,0,P,NISS,VSL,4H,10,17,2693,,0,1024,,G,,F,4,110,,,15R185,,,,,,0,0,000000000,00000000000,0,0,0,1,0,0,0,0,0,0,0,998,0,0,0,12,6,2,8,0,0,0,1,54,25701,6,1,0,0,3,0,63,190,0,0,0,0,0,0,0,0,0,0,0,0,0,0,2,2,55,1,5,2,2,0,0,1,81,1,1,1,13,0,0
54,540297,1,1,1,2,12,10,32,1,0,1,0,54,1,20,9,20009,2,2010,2G1FJ1EJ6A91,2,G,1,F,J,1,E,J,6,A,9,1,0,P,CHEV,SSM,CP,10,17,3913,,0,1123,,G,,F,8,378,,,20R245,,,,,,0,0,000000000,00000000000,0,0,0,1,0,0,0,0,0,0,0,998,0,1,5,0,6,2,1,0,0,0,1,54,25276,6,1,6,0,3,0,76,185,0,0,0,0,0,0,0,0,0,1,0,0,0,0,1,2,40,3,1,2,1,0,0,14,6,3,1,4,1,1,0
54,540298,1,1,1,11,9,20,54,1,0,1,0,0,0,37,734,37734,90,9999,999999999999,9,9,9,9,9,9,9,9,9,9,9,9,0,,,,,,,,,,,,,,,,,,,,,,,,,0,0,000000000,00000000000,0,0,0,1,0,0,0,0,0,0,0,998,0,1,5,0,2,1,1,0,0,0,1,54,26833,6,1,0,0,3,1,68,170,0,0,0,0,0,0,0,0,0,0,0,0,0,0,1,2,45,1,1,2,1,0,0,1,13,1,1,4,1,1,0
54,540299,1,1,1,13,5,19,15,38,0,1,0,54,1,20,9,20009,2,1999,2G1FP22K6X21,2,G,1,F,P,2,2,K,6,X,2,1,0,P,CHEV,CAM,CP,99,17,3306,,0,1011,,G,,F,6,231,,,16R215,,,,,,0,0,000000000,00000000000,0,0,0,1,0,0,0,0,0,0,0,998,0,0,0,98,6,2,14,0,0,0,1,54,24853,6,1,0,0,3,0,67,200,0,0,0,0,0,0,0,0,0,1,0,0,0,0,1,2,55,2,1,2,2,0,0,14,6,1,1,4,1,1,0
54,540300,1,2,2,1,10,19,28,12,6,1,0,54,2,3,431,3431,16,2008,5GTEN33E7881,5,G,T,E,N,3,3,E,7,8,8,1,0,T,HUMM,ADV,4W,8,17,,2,0,1119,HUM,G,,,5,226,,,,B,4700,00,7,44,0,0,000000000,00000000000,0,0,0,1,0,0,0,0,0,0,0,998,0,0,0,12,6,2,12,0,0,0,1,54,25634,6,1,0,0,3,0,66,100,0,0,0,1,0,9,2012,9,2012,0,91,0,0,0,2,2,45,1,1,1,2,0,0,1,67,8,1,1,83,0,0
54,540300,2,2,1,1,10,19,28,12,6,1,0,54,1,20,421,20421,15,2000,1GNDT13W5YK1,1,G,N,D,T,1,3,W,5,Y,K,1,0,P,CHEV,BZR,UT,0,17,4049,,0,1070,,G,,F,6,262,,,15R205,,,,,,0,0,000000000,00000000000,0,0,0,1,0,0,0,0,0,0,0,998,0,0,0,63,6,2,12,0,0,0,1,54,25607,6,1,0,0,3,0,68,135,0,0,0,0,0,0,0,0,0,0,38,39,0,0,2,2,45,1,1,1,2,20,3,11,15,1,1,2,82,1,0
54,540301,2,1,2,3,12,6,25,8,0,1,0,54,1,12,481,12481,31,2005,1FTNF21525ED,1,F,T,N,F,2,1,5,2,5,E,D,0,T,FORD,F2S,PK,5,17,,2,0,1370,SRW,G,,,8,330,,,,C,6114,00,U,44,0,0,000000000,00000000000,0,0,0,1,0,0,0,0,0,0,0,998,0,0,0,12,6,2,8,0,0,0,1,54,26201,6,1,0,0,3,0,70,147,0,0,0,0,0,0,0,0,0,0,0,0,0,0,2,2,65,1,6,2,2,0,0,1,80,6,1,1,13,0,0
54,540302,1,3,2,13,12,9,5,12,8,1,0,54,1,20,39,20039,4,2007,KL1TD666X7B7,K,L,1,T,D,6,6,6,X,7,B,7,0,P,CHEV,ABS,5D,7,17,2343,,0,976,,G,,F,4,098,,,14R185,,,,,,0,0,000000000,00000000000,0,0,0,1,0,0,0,0,0,0,0,998,0,0,0,3,6,2,12,0,0,0,1,39,25701,6,1,0,0,3,0,61,175,0,0,0,0,0,0,0,0,0,1,28,87,0,0,1,2,55,1,1,1,4,0,0,1,6,1,2,2,64,2,0
54,540302,2,3,1,13,12,9,5,12,8,1,0,54,3,63,37,63037,6,2012,KNDJT2A50C74,K,N,D,J,T,2,A,5,0,C,7,4,0,P,KIA,SOU,UT,12,17,2615,,0,1004,,G,,F,4,098,,,15R195,,,,,,0,0,000000000,00000000000,0,0,0,1,0,0,0,0,0,0,0,998,0,0,0,7,2,1,12,0,0,0,1,54,25550,6,1,0,0,3,1,68,179,0,0,0,0,0,0,0,0,0,0,0,0,0,0,1,2,55,1,1,1,4,0,0,1,62,1,1,1,65,0,0
54,540302,3,3,1,13,12,9,5,12,8,1,0,54,1,2,404,2404,14,2006,1J4GR48K96C2,1,J,4,G,R,4,8,K,9,6,C,2,0,T,JEEP,LCF,4W,6,17,,1,0,1095,GCK,G,,,6,226,,,,,4383,00,E,44,0,0,000000000,00000000000,0,0,0,1,0,0,0,0,0,0,0,998,0,0,0,12,6,2,12,0,0,0,1,54,25520,6,1,0,0,3,0,66,130,0,0,0,1,0,11,2011,11,2011,0,0,0,0,0,1,2,55,1,1,1,4,0,0,1,62,1,1,1,98,0,0
54,540303,1,1,1,15,12,16,30,35,0,1,0,42,1,62,401,62401,14,1998,SALJY1246WA7,S,A,L,J,Y,1,2,4,6,W,A,7,0,T,LNDR,DIS,4W,98,17,,2,0,1000,DIS,G,,,8,241,,,,,4465,00,E,44,0,0,000000000,00000000000,0,0,0,1,0,0,0,0,0,0,0,998,0,1,5,98,6,2,1,0,0,0,1,42,15425,6,1,0,0,3,0,73,999,0,0,0,0,0,0,0,0,0,0,0,0,0,0,1,2,40,3,1,2,1,0,0,14,13,1,1,4,1,1,0
54,540304,1,1,1,18,12,0,6,42,0,1,0,54,1,24,1,24001,4,2001,1G8ZH52881Z3,1,G,8,Z,H,5,2,8,8,1,Z,3,0,P,STRN,SL1,4D,1,17,2360,,0,1024,,G,,F,4,116,,,14R185,,,,,,0,0,000000000,00000000000,0,0,0,1,0,0,0,0,0,0,0,998,0,0,0,3,6,2,42,0,0,0,1,54,25526,6,1,0,0,3,0,62,120,0,0,0,0,0,0,0,0,0,1,0,0,0,0,1,2,55,1,1,2,2,0,0,1,6,1,1,4,6,1,0
54,540305,1,2,1,20,12,19,15,12,6,1,0,54,1,2,404,2404,14,2005,1J4GR48K25C6,1,J,4,G,R,4,8,K,2,5,C,6,0,T,JEEP,LCF,4W,5,17,,1,0,1095,GCK,G,,,6,226,,,,,4335,00,E,44,0,0,000000000,00000000000,0,0,0,1,0,0,0,0,0,0,0,998,0,0,0,12,6,2,12,0,0,0,1,54,25630,6,1,0,0,3,1,67,185,0,0,0,0,0,0,0,0,0,0,38,0,0,0,0,0,0,0,0,0,0,0,0,11,15,1,1,2,68,1,0
54,540305,2,2,1,20,12,19,15,12,6,1,0,54,3,87,881,87881,66,2005,1XP5DB0X95N8,1,X,P,5,D,B,0,X,9,5,N,8,1,T,PTRB,379,TR,5,17,,8,0,0,CON,D,,,6,893,,,,,00000,00,,64,1,57,00786581,5700786581,3,6,8,1,0,0,0,0,0,0,0,998,0,0,0,1,2,1,12,0,0,0,1,54,25524,6,1,6,0,3,1,69,218,0,0,0,0,0,0,0,0,0,0,0,0,0,0,1,2,40,1,1,2,2,0,0,1,71,8,1,1,69,0,0
54,540306,1,1,1,24,12,13,10,14,0,1,0,54,2,12,17,12017,4,1998,1FAFP52U6WA2,1,F,A,F,P,5,2,U,6,W,A,2,0,P,FORD,TLS,4D,98,17,3359,,0,1085,,G,,F,6,182,,,15R205,,,,,,0,0,000000000,00000000000,0,0,0,1,0,0,0,0,0,0,0,998,0,0,0,12,6,2,14,0,0,0,1,54,24701,6,1,0,0,3,0,71,135,0,0,0,0,0,0,0,0,0,0,99,99,99,99,1,2,40,1,5,2,2,0,0,1,13,1,1,4,1,1,0
54,540307,1,2,2,11,11,2,48,12,1,1,0,5,2,20,481,20481,31,2004,2GCEK19T7411,2,G,C,E,K,1,9,T,7,4,1,1,0,T,CHEV,SK1,4C,4,17,,2,1575,1435,SIL,G,,,8,325,,,,B,4925,00,,44,0,0,000000000,00000000000,0,0,0,1,0,0,0,0,0,0,0,998,0,0,0,12,6,2,12,0,0,0,1,5,72704,6,1,0,0,3,0,70,160,0,0,0,0,0,0,0,0,0,1,8,0,0,0,1,2,35,1,3,2,1,0,0,1,51,3,1,1,24,0,1
54,540307,2,2,2,11,11,2,48,12,1,1,0,54,1,20,25,20025,2,2012,1G1PF5SCXC73,1,G,1,P,F,5,S,C,X,C,7,3,0,P,CHEV,CZT,4D,12,17,3102,,0,1057,,G,,T,4,085,,,16R215,,,,,,0,0,000000000,00000000000,0,0,0,1,0,0,0,0,0,0,0,998,0,0,0,6,6,2,12,0,0,0,1,54,26059,6,1,0,0,3,1,62,152,0,0,0,0,0,0,0,0,0,0,0,0,0,0,1,2,35,1,1,2,1,0,0,1,53,1,1,1,25,1,0
54,540308,1,1,1,25,11,17,56,34,0,1,0,54,2,53,40,53040,4,2011,JS2YC5A2XB63,J,S,2,Y,C,5,A,2,X,B,6,3,0,P,SUZI,SLE,4D,11,17,2748,,0,984,,G,,F,4,122,,,15R195,,,,,,0,0,000000000,00000000000,0,0,0,1,0,0,0,0,0,0,0,998,0,1,2,98,6,2,1,0,0,0,1,54,25529,6,1,0,0,3,0,63,180,0,0,0,3,0,6,2010,6,2012,1,35,0,0,0,2,2,70,3,5,2,1,0,0,14,6,3,1,4,6,1,0
54,540309,1,2,1,26,12,12,30,12,6,1,0,54,1,12,473,12473,30,2009,1FMEU23839UA,1,F,M,E,U,2,3,8,3,9,U,A,0,P,FORD,EPR,UT,9,17,4840,,0,1305,,G,,F,8,281,,,18R235,,,,,,0,0,000000000,00000000000,0,0,0,1,0,0,0,0,0,0,0,998,0,0,0,12,6,2,12,0,0,0,1,54,26273,6,1,0,0,3,1,69,175,0,0,0,0,0,0,0,0,0,0,91,0,0,0,1,2,55,2,5,2,4,0,0,14,62,9,1,1,65,0,0
54,540309,2,2,1,26,12,12,30,12,6,1,0,54,1,9,442,9442,20,1997,2P4GP4532VR4,2,P,4,G,P,4,5,3,2,V,R,4,0,P,PLYM,VOF,SV,97,17,3587,,0,1133,,G,,F,6,181,,,15R215,,,,,,0,0,000000000,00000000000,0,0,0,1,0,0,0,0,0,0,0,998,0,0,0,1,6,2,12,0,0,0,1,54,26293,6,1,0,0,3,1,63,115,0,0,0,0,0,0,0,0,0,0,28,0,0,0,1,2,55,3,6,2,4,0,0,14,5,9,1,2,64,1,0
54,540310,1,2,1,20,11,1,54,12,2,1,0,12,1,12,401,12401,14,2005,1FMZU73KX5ZA,1,F,M,Z,U,7,3,K,X,5,Z,A,0,P,FORD,EPR,UT,5,17,4094,,0,1137,,F,,F,6,245,,,16R235,,,,,,0,0,000000000,00000000000,0,0,0,1,0,0,0,0,0,0,0,998,0,0,0,12,6,2,2,0,0,1,1,51,22655,6,1,0,0,3,0,68,155,0,0,0,0,0,0,0,0,0,0,51,33,0,0,2,2,70,1,1,2,1,0,0,1,54,1,1,2,52,1,1
54,540310,2,2,2,20,11,1,54,12,2,1,0,17,3,87,881,87881,66,2012,1XPHD49X5CD1,1,X,P,H,D,4,9,X,5,C,D,1,1,T,PTRB,386,TR,12,17,,8,0,0,CON,D,,,6,915,,,,,00000,00,,64,1,57,14426,5714426,3,6,3,1,0,0,0,0,0,0,0,998,0,0,0,12,6,2,2,0,0,1,1,5,72501,6,1,6,0,3,0,68,185,0,0,0,2,2,2,2011,7,2012,0,0,0,0,0,2,2,70,1,1,2,1,0,0,1,54,3,1,1,52,0,0
54,540311,1,2,1,20,11,9,9,12,6,1,0,47,2,35,43,35043,4,1994,1N4EB31PXRC8,1,N,4,E,B,3,1,P,X,R,C,8,0,P,NISS,SEL,4D,94,17,2346,,0,957,,G,,F,4,098,,,13R185,,,,,,0,0,000000000,00000000000,0,0,0,1,0,0,0,0,0,0,0,998,0,0,0,11,6,2,12,0,0,0,1,54,26456,6,1,0,0,3,0,70,150,0,0,0,0,0,0,0,0,0,0,28,0,0,0,1,2,25,2,1,2,1,0,0,14,10,1,1,2,64,1,0
54,540311,2,2,4,20,11,9,9,12,6,1,0,54,2,23,481,23481,31,2007,2GTEK19Z0711,2,G,T,E,K,1,9,Z,0,7,1,1,0,T,GMC,NK1,4C,7,17,,2,1575,1340,SIE,F,,,8,323,,,,B,5050,01,4,44,0,0,000000000,00000000000,0,0,0,1,0,0,0,0,0,0,0,998,0,0,0,11,6,2,12,0,0,0,1,54,26201,6,1,0,0,3,0,64,140,0,0,0,0,0,0,0,0,0,0,0,0,0,0,1,2,25,2,1,2,1,0,0,14,62,1,1,1,65,0,0
54,540312,1,3,1,18,12,13,55,12,6,1,0,24,1,55,35,55035,4,2007,KMHDU46D97U0,K,M,H,D,U,4,6,D,9,7,U,0,0,P,HYUN,GST,4D,7,17,2723,,0,1043,,G,,F,4,121,,,15R195,,,,,,0,0,000000000,00000000000,0,0,0,1,0,0,0,0,0,0,0,998,0,0,0,3,6,2,12,0,0,0,1,24,25430,6,1,0,0,3,0,65,185,0,1,0,1,0,6,2010,5,2011,0,0,0,0,0,2,2,70,1,1,2,1,0,0,1,12,6,1,6,64,1,0
54,540312,2,3,1,18,12,13,55,12,6,1,0,54,1,12,24,12024,6,2008,2FMDK49C78BA,2,F,M,D,K,4,9,C,7,8,B,A,0,P,FORD,EDG,UT,8,17,4282,,0,1112,,G,,F,6,214,,,17R235,,,,,,0,0,000000000,00000000000,0,0,0,1,0,0,0,0,0,0,0,998,0,0,0,12,6,2,12,0,0,0,1,54,25405,6,1,0,0,3,1,64,137,0,0,0,0,0,0,0,0,0,0,0,0,0,0,2,2,70,1,1,2,1,0,0,1,62,2,1,1,65,0,0
54,540312,3,3,1,18,12,13,55,12,6,1,0,34,1,24,401,24401,14,2005,5GZCZ33D15S8,5,G,Z,C,Z,3,3,D,1,5,S,8,0,P,STRN,VUE,UT,5,17,3299,,0,1066,,G,,F,4,134,,,16R215,,,,,,0,0,000000000,00000000000,0,0,0,1,0,0,0,0,0,0,0,998,0,0,0,10,2,1,54,0,0,0,1,34,8330,6,1,0,0,3,0,61,999,1,0,0,1,2,3,2010,8,2011,0,0,0,0,0,2,2,70,1,1,2,1,0,0,1,62,3,1,1,98,0,0
54,540313,1,1,1,13,6,18,44,42,0,1,0,92,0,53,734,53734,90,1998,000000000000,0,0,0,0,0,0,0,0,0,0,0,0,0,,,,,,,,,,,,,,,,,,,,,,,,,0,0,000000000,00000000000,0,0,0,1,0,0,0,0,0,0,0,998,0,0,0,12,4,3,42,0,0,0,1,54,25130,2,1,1,0,1,0,70,145,0,1,1,0,0,2,2010,3,2010,0,0,0,0,0,1,2,30,1,1,2,1,0,0,1,13,1,1,4,1,1,0
54,540314,1,2,2,23,7,21,22,12,7,1,0,54,1,49,32,49032,4,2002,2T1BR12E62C5,2,T,1,B,R,1,2,E,6,2,C,5,0,P,TOYT,UCS,4D,2,17,2405,,0,970,,G,,F,4,109,,,14R175,,,,,,0,0,000000000,00000000000,0,0,0,1,0,0,0,0,0,0,0,998,0,0,0,1,6,2,12,0,0,0,1,39,44709,6,1,0,0,3,0,66,135,0,0,0,0,0,0,0,0,0,0,0,0,0,0,3,2,55,1,5,1,1,28,3,1,60,1,1,1,45,0,0
54,540314,2,2,1,23,7,21,22,12,7,1,0,54,1,20,22,20022,2,2008,1G1AL18F9872,1,G,1,A,L,1,8,F,9,8,7,2,0,P,CHEV,BLT,CP,8,17,2991,,0,1033,,G,,F,4,134,,,15R195,,,,,,0,0,000000000,00000000000,0,0,0,1,0,0,0,0,0,0,0,998,0,0,0,11,6,2,23,0,0,0,1,54,24870,6,1,0,0,3,0,63,150,1,0,0,1,1,1,2011,7,2012,1,28,0,0,0,3,2,55,1,5,1,1,28,3,15,10,8,1,2,47,1,0
54,540315,1,3,3,2,8,20,0,12,7,1,0,54,2,20,481,20481,31,2004,1GCEK14V04Z2,1,G,C,E,K,1,4,V,0,4,Z,2,0,T,CHEV,SK1,PK,4,17,,2,1330,1190,SIL,G,,,8,293,,,,B,4436,00,,44,0,0,000000000,00000000000,0,0,0,1,0,0,0,0,0,0,0,998,0,0,0,1,6,2,12,0,0,0,1,54,25621,6,1,0,0,3,0,66,160,1,0,0,0,0,8,2009,8,2009,0,0,0,0,0,2,2,70,2,1,2,1,0,0,14,61,3,1,1,44,0,0
54,540315,2,3,1,2,8,20,0,12,7,1,0,12,1,49,32,49032,4,2007,2T1BR32E67C7,2,T,1,B,R,3,2,E,6,7,C,7,0,P,TOYT,UCS,4D,7,17,2530,,0,1024,,G,,F,4,109,,,15R185,,,,,,0,0,000000000,00000000000,0,0,0,1,0,0,0,0,0,0,0,998,1,0,0,61,6,2,12,0,0,0,1,12,34667,6,1,0,0,3,1,62,999,0,0,0,0,0,0,0,0,0,0,6,28,0,0,2,2,70,2,1,2,1,0,0,14,10,1,1,2,45,1,0
54,540315,3,3,1,2,8,20,0,12,7,1,0,51,1,85,881,85881,66,1993,2XKWDB9XXPM5,2,X,K,W,D,B,9,X,X,P,M,5,1,T,KW,W90,TR,93,17,,8,2600,1600,CON,D,,,6,893,,,,,00000,00,,64,1,57,443699,57443699,3,6,1,1,0,0,0,0,0,0,0,998,0,0,0,63,6,4,12,0,0,0,1,51,24538,6,1,6,0,3,0,71,230,0,0,0,0,0,0,0,0,0,0,0,0,0,0,2,2,70,3,1,2,1,0,0,14,62,3,1,1,98,0,0
54,540316,1,1,2,10,11,1,20,35,0,1,0,54,2,24,5,24005,4,2001,1G8JW54R51Y5,1,G,8,J,W,5,4,R,5,1,Y,5,0,P,STRN,L30,4D,1,17,3183,,0,1065,,G,,F,6,183,,,15R205,,,,,,0,0,000000000,00000000000,0,0,0,1,0,0,0,0,0,0,0,998,0,1,6,98,6,2,35,0,0,0,1,54,25862,6,1,1,0,2,0,74,180,0,0,0,0,0,0,0,0,0,1,0,0,0,0,1,2,55,1,1,2,1,0,0,1,13,1,1,4,1,1,1
54,540317,1,1,1,18,8,16,50,42,0,1,0,92,0,37,734,37734,90,9999,000000000000,0,0,0,0,0,0,0,0,0,0,0,0,0,,,,,,,,,,,,,,,,,,,,,,,,,0,0,000000000,00000000000,0,0,0,1,0,0,0,0,0,0,0,998,0,0,0,98,2,1,42,0,0,0,1,54,25511,6,1,0,0,1,0,69,300,0,1,0,0,0,5,2010,5,2010,1,0,0,0,0,1,2,55,1,6,2,1,0,0,1,13,99,1,4,1,1,0
54,540318,1,1,2,30,11,19,0,1,0,1,0,54,1,20,4,20004,2,1979,1Z8789S41891,1,Z,8,7,8,9,S,4,1,8,9,1,0,P,CHEV,CVT,CP,79,13,3372,,0,980,,G,,S,8,350,,,15R225,,,,,,0,0,000000000,00000000000,0,0,0,1,0,0,0,0,0,0,0,998,0,1,5,0,6,2,1,0,0,0,1,54,26763,6,1,6,0,3,1,69,220,0,0,0,0,0,0,0,0,0,0,0,0,0,0,1,2,55,1,1,2,1,0,0,1,13,1,1,4,1,1,1
54,540319,1,1,2,4,12,9,18,24,0,1,0,42,2,49,32,49032,4,2008,2T1BR30E48C9,2,T,1,B,R,3,0,E,4,8,C,9,0,P,TOYT,UCS,4D,8,17,2530,,0,1024,,G,,F,4,110,,,15R185,,,,,,0,0,000000000,00000000000,0,0,0,1,0,0,0,0,0,0,0,998,0,1,5,12,6,2,1,0,0,0,1,42,15001,6,1,0,0,3,0,74,999,0,0,0,0,0,0,0,0,0,0,0,0,0,0,6,1,70,2,1,1,1,0,0,14,12,2,1,4,6,1,0
54,540320,1,1,2,9,12,19,0,42,0,1,0,54,1,20,481,20481,31,2005,1GCHK29U25E1,1,G,C,H,K,2,9,U,2,5,E,1,0,T,CHEV,2KH,4C,5,17,,2,1575,1435,SIL,G,,,8,366,,,,C,5631,00,,44,0,0,000000000,00000000000,0,0,0,1,0,0,0,0,0,0,0,998,0,0,0,3,6,2,42,0,0,0,1,54,26726,6,1,0,0,3,0,73,150,0,0,0,0,0,0,0,0,0,0,91,0,0,0,1,2,35,1,1,2,2,0,0,1,5,8,1,4,6,1,1
54,540321,1,2,3,21,12,12,4,12,6,1,0,54,1,12,21,12021,4,2005,1FAFP26125G1,1,F,A,F,P,2,6,1,2,5,G,1,0,P,FORD,5AE,4D,5,17,3815,,0,1129,,G,,F,6,183,,,17R215,,,,,,0,0,000000000,00000000000,0,0,0,1,0,0,0,0,0,0,0,998,0,0,0,3,6,2,12,0,0,0,1,54,26444,6,1,0,0,3,0,63,155,0,0,0,1,0,2,2011,2,2011,1,28,0,0,0,1,2,55,2,5,2,3,0,0,14,6,99,1,2,64,2,0
54,540321,2,2,4,21,12,12,4,12,6,1,0,54,1,12,481,12481,31,2005,1FTSW21P75EA,1,F,T,S,W,2,1,P,7,5,E,A,0,T,FORD,F2S,CW,5,17,,2,1724,1562,SRW,D,,,8,366,,,,C,6538,00,E,44,0,0,000000000,00000000000,0,0,0,1,0,0,0,0,0,0,0,998,0,0,0,12,6,2,12,0,0,0,1,54,26444,6,1,0,0,3,0,67,185,0,0,0,0,0,0,0,0,0,0,0,0,0,0,1,2,55,3,6,2,3,0,0,14,62,2,1,1,65,0,0
54,540322,1,2,2,13,12,20,59,12,6,1,0,54,1,22,20,22020,4,1999,1G2WP52K3XF2,1,G,2,W,P,5,2,K,3,X,F,2,0,P,PONT,GPG,4D,99,17,3428,,0,1105,,G,,F,6,231,,,16R225,,,,,,0,0,000000000,00000000000,0,0,0,1,0,0,0,0,0,0,0,998,0,0,0,3,6,2,12,0,0,0,1,54,25801,6,1,0,0,3,1,61,120,0,0,0,0,0,0,0,0,0,0,38,0,0,0,2,2,55,1,1,2,1,0,0,11,15,1,1,2,68,1,0
54,540322,2,2,2,13,12,20,59,12,6,1,0,54,1,23,421,23421,15,2012,1GKS2EEF9CR2,1,G,K,S,2,E,E,F,9,C,R,2,0,T,GMC,NAL,4W,12,17,,2,0,1160,YUK,F,,,8,378,,,,B,5688,00,S,44,0,0,000000000,00000000000,0,0,0,1,0,0,0,0,0,0,0,998,0,0,0,12,6,2,12,0,0,0,1,54,26651,6,1,0,0,3,1,61,180,0,0,0,0,0,0,0,0,0,0,0,0,0,0,2,2,55,1,1,2,1,0,0,1,66,1,1,1,69,0,0