STATE,ST_CASE,VEH_NO,VE_FORMS,NUMOCCS,DAY,MONTH,HOUR,MINUTE,HARM_EV,MAN_COLL,UNITTYPE,HIT_RUN,REG_STAT,OWNER,MAKE,MODEL,MAK_MOD,BODY_TYP,MOD_YEAR,VIN,VIN_1,VIN_2,VIN_3,VIN_4,VIN_5,VIN_6,VIN_7,VIN_8,VIN_9,VIN_10,VIN_11,VIN_12,TOW_VEH,VINTYPE,VINMAKE,VINA_MOD,VIN_BT,VINMODYR,VIN_LNGT,VIN_WGT,WGTCD_TR,WHLBS_LG,WHLBS_SH,SER_TR,FUELCODE,MCYCL_DS,CARBUR,CYLINDER,DISPLACE,MCYCL_CY,MCYCL_WT,TIRE_SZE,TON_RAT,TRK_WT,TRKWTVAR,VIN_REST,WHLDRWHL,J_KNIFE,MCARR_I1,MCARR_I2,MCARR_ID,GVWR,V_CONFIG,CARGO_BT,HAZ_INV,HAZ_PLAC,HAZ_ID,HAZ_CNO,HAZ_REL,BUS_USE,SPEC_USE,EMER_USE,TRAV_SP,UNDERIDE,ROLLOVER,ROLINLOC,IMPACT1,DEFORMED,TOWED,M_HARM,VEH_SC1,VEH_SC2,FIRE_EXP,DR_PRES,L_STATE,DR_ZIP,L_STATUS,L_TYPE,CDL_STAT,L_ENDORS,L_COMPL,L_RESTRI,DR_HGT,DR_WGT,PREV_ACC,PREV_SUS,PREV_DWI,PREV_SPD,PREV_OTH,FIRST_MO,FIRST_YR,LAST_MO,LAST_YR,SPEEDREL,DR_SF1,DR_SF2,DR_SF3,DR_SF4,VTRAFWAY,VNUM_LAN,VSPD_LIM,VALIGN,VPROFILE,VPAVETYP,VSURCOND,VTRAFCON,VTCONT_F,P_CRASH1,P_CRASH2,P_CRASH3,PCRASH4,PCRASH5,ACC_TYPE,DEATHS,DR_DRINK
55,550034,1,2,1,28,1,2,36,12,6,1,0,55,1,6,52,6052,6,2003,3C8FY78G83T6,3,C,8,F,Y,7,8,G,8,3,T,6,0,P,CHRY,PTC,SV,3,17,3231,,0,1030,,G,,T,4,148,,,17R205,,,,,,0,0,000000000,00000000000,0,0,0,1,0,0,0,0,0,0,0,35,0,0,0,12,6,2,12,0,0,0,1,55,54170,6,1,0,0,3,3,64,185,0,0,0,0,0,0,0,0,0,0,87,0,0,0,1,2,55,1,1,2,3,0,0,1,62,99,1,1,65,0,0
55,550034,2,2,1,28,1,2,36,12,6,1,0,55,1,37,39,37039,5,2007,JHMGD38407S0,J,H,M,G,D,3,8,4,0,7,S,0,0,P,HOND,FIT,4H,7,17,2514,,0,965,,G,,F,4,091,,,14R175,,,,,,0,0,000000000,00000000000,0,0,0,1,0,0,0,0,0,0,0,55,0,0,0,3,6,2,12,0,0,0,1,55,54961,6,1,0,0,3,3,64,140,1,0,0,0,0,11,2011,11,2011,0,28,87,0,0,1,2,55,1,1,2,3,0,0,1,10,99,1,2,64,1,1
55,550035,1,1,1,28,1,99,99,34,0,1,0,27,1,20,481,20481,31,1997,2GCEK19R5V11,2,G,C,E,K,1,9,R,5,V,1,1,0,T,CHEV,GK1,PC,97,17,,2,1555,1415,GM4,G,,,8,350,,,,B,4544,00,,44,0,0,000000000,00000000000,0,0,0,1,0,0,0,0,0,0,0,999,0,1,5,12,6,2,1,0,0,0,1,27,55072,6,1,0,0,3,0,68,185,0,0,0,0,0,0,0,0,0,1,87,0,0,0,1,2,55,3,5,2,4,0,0,14,13,99,1,4,1,1,1
55,550036,1,1,2,29,1,1,40,34,0,1,0,55,1,7,482,7482,31,2005,3D7KS28CX5G7,3,D,7,K,S,2,8,C,X,5,G,7,0,T,DODG,SQ2,CW,5,17,,2,1605,1405,RPC,D,,,6,359,,,,C,5886,12,E,44,0,0,000000000,00000000000,0,0,0,1,0,0,0,0,0,0,0,55,0,1,5,11,6,2,1,0,0,0,1,55,54230,6,1,0,0,3,0,68,155,1,0,0,1,0,5,2009,2,2010,0,0,0,0,0,1,2,55,3,1,2,1,0,0,14,10,99,4,4,7,1,1
55,550037,1,1,1,30,1,99,99,24,0,1,0,55,1,22,20,22020,4,2004,2G2WS5223413,2,G,2,W,S,5,2,2,3,4,1,3,0,P,PONT,GP2,4D,4,17,3484,,0,1105,,G,,F,6,231,,,16R225,,,,,,0,0,000000000,00000000000,0,0,0,1,0,0,0,0,0,0,0,999,0,1,5,12,6,2,3,0,0,0,1,55,54025,6,1,0,0,3,3,68,145,0,0,0,0,0,0,0,0,0,0,89,0,0,0,1,2,45,3,5,2,1,0,0,14,13,99,1,4,1,1,1
55,550038,1,1,1,30,1,8,45,42,0,1,0,55,1,49,40,49040,4,2004,4T1BE32K74U9,4,T,1,B,E,3,2,K,7,4,U,9,0,P,TOYT,UXS,4D,4,17,3086,,0,1071,,G,,F,4,144,,,15R205,,,,,,0,0,000000000,00000000000,0,0,0,1,0,0,0,0,0,0,0,30,0,0,0,82,4,3,42,0,0,0,1,55,53020,6,1,0,0,3,3,61,200,0,0,0,0,0,0,0,0,0,0,87,0,0,0,1,2,25,2,5,2,3,0,0,14,5,3,4,4,7,1,0
55,550039,1,1,1,28,1,20,52,34,0,1,0,55,2,22,20,22020,4,1999,1G2WP52K8XF2,1,G,2,W,P,5,2,K,8,X,F,2,0,P,PONT,GPG,4D,99,17,3428,,0,1105,,G,,F,6,231,,,16R225,,,,,,0,0,000000000,00000000000,0,0,0,1,0,0,0,0,0,0,0,999,0,1,5,12,6,2,1,0,0,0,1,55,53560,2,1,0,0,2,0,64,160,1,1,1,0,0,6,2009,4,2011,0,58,0,0,0,1,2,55,3,1,2,1,0,0,14,12,6,1,4,6,1,1
55,550040,1,2,2,30,1,20,10,12,6,1,0,55,1,20,2,20002,4,2005,2G1WF52E8593,2,G,1,W,F,5,2,E,8,5,9,3,0,P,CHEV,IMP,4D,5,17,3389,,0,1105,,G,,F,6,207,,,16R225,,,,,,0,0,000000000,00000000000,0,0,0,1,0,0,0,0,0,0,0,15,0,0,0,3,6,2,12,0,0,0,1,55,53142,6,1,0,0,3,3,70,160,1,0,0,0,0,11,2011,11,2011,0,38,0,0,0,2,3,45,1,1,1,1,3,3,11,15,99,1,1,68,1,0
55,550040,2,2,2,30,1,20,10,12,6,1,0,55,1,20,403,20403,14,2006,1GNDT13S2623,1,G,N,D,T,1,3,S,2,6,2,3,0,P,CHEV,TRL,UT,6,17,4594,,0,1130,,G,,F,6,256,,,16R235,,,,,,0,0,000000000,00000000000,0,0,0,1,0,0,0,0,0,0,0,45,0,0,0,12,6,2,12,0,0,0,1,55,53142,6,1,0,0,3,0,66,165,0,0,0,0,0,0,0,0,0,0,0,0,0,0,2,2,45,1,1,1,1,3,3,1,66,99,1,1,69,0,0
55,550041,1,1,2,26,2,3,21,30,0,1,0,55,1,22,18,22018,4,2003,1G2NW52EX3C1,1,G,2,N,W,5,2,E,X,3,C,1,0,P,PONT,GAG,4D,3,17,3116,,0,1070,,G,,F,6,207,,,16R225,,,,,,0,0,000000000,00000000000,0,0,0,1,0,0,0,0,0,0,0,65,0,0,0,3,6,2,30,0,0,0,1,55,54601,6,1,0,0,3,3,72,190,1,0,0,0,3,7,2011,12,2011,1,0,0,0,0,1,2,55,1,1,2,1,0,0,1,12,3,4,4,7,1,1
55,550042,1,1,2,26,2,8,34,1,0,1,0,55,1,30,42,30042,3,2001,9BWDD61J8140,9,B,W,D,D,6,1,J,8,1,4,0,0,P,VOLK,GTS,2H,1,17,2784,,0,989,,G,,T,4,109,,,15R195,,,,,,0,0,000000000,00000000000,0,0,0,1,0,0,0,0,0,0,0,999,0,2,5,0,6,2,1,0,0,0,1,55,53121,6,1,0,0,3,0,69,150,0,0,0,0,2,6,2009,1,2010,0,0,0,0,0,1,2,55,3,5,2,1,0,0,14,13,99,1,4,1,2,1
55,550043,1,1,3,26,2,11,35,34,0,1,0,55,2,12,401,12401,14,2001,1FMYU70E81UC,1,F,M,Y,U,7,0,E,8,1,U,C,0,P,FORD,EPR,UT,1,17,3959,,0,1018,,G,,F,6,245,,,15R235,,,,,,0,0,000000000,00000000000,0,0,0,1,0,0,0,0,0,0,0,45,0,1,5,61,6,2,1,0,0,0,1,55,54970,6,1,0,0,3,2,73,170,0,0,0,0,0,0,0,0,0,0,74,87,58,0,1,2,55,1,1,2,4,0,0,1,5,9,2,4,7,1,1
55,550044,1,1,1,27,2,5,20,21,0,1,0,27,3,87,881,87881,66,2005,1XPGDU9X05D8,1,X,P,G,D,U,9,X,0,5,D,8,1,T,PTRB,385,TR,5,17,,8,0,0,CON,D,,,6,763,,,,,00000,00,,64,3,57,0016426,570016426,3,6,2,2,2,1203,3,2,0,0,0,65,0,1,5,12,6,2,2,0,0,1,1,55,54730,6,1,6,1,3,3,69,160,0,0,0,0,0,0,0,0,0,0,0,0,0,0,2,4,65,3,5,2,1,0,0,14,12,3,4,4,7,1,0
55,550045,1,1,1,27,2,0,17,33,0,1,0,55,1,20,32,20032,4,1994,1Y1SK5383RZ0,1,Y,1,S,K,5,3,8,3,R,Z,0,0,P,GEO,PRL,4D,94,17,2359,,0,971,,G,,F,4,110,,,14R175,,,,,,0,0,000000000,00000000000,0,0,0,1,0,0,0,0,0,0,0,80,0,0,0,1,6,2,19,0,0,0,1,55,53090,6,2,0,0,3,0,73,167,0,0,0,0,0,0,0,0,0,1,0,0,0,0,2,2,25,2,5,1,1,20,3,14,6,99,1,4,14,1,1
55,550046,1,1,1,28,2,0,1,42,0,1,0,55,1,12,13,12013,6,1995,1FASP15J3SW2,1,F,A,S,P,1,5,J,3,S,W,2,0,P,FORD,EST,SW,95,17,2451,,0,984,,G,,F,4,113,,,14R175,,,,,,0,0,000000000,00000000000,0,0,0,1,0,0,0,0,0,0,0,999,0,0,0,12,6,2,42,0,0,0,1,55,53572,6,1,0,0,3,2,69,195,0,0,0,0,0,0,0,0,0,0,74,0,0,0,1,2,55,3,6,2,1,0,0,14,12,3,4,4,7,1,1
55,550047,1,2,4,29,2,14,25,12,2,1,0,26,1,20,20,20020,4,1995,2G1WL52M1S11,2,G,1,W,L,5,2,M,1,S,1,1,0,P,CHEV,LUM,4D,95,17,3330,,0,1075,,G,,F,6,191,,,15R205,,,,,,0,0,000000000,00000000000,0,0,0,1,0,0,0,0,0,0,0,999,0,0,0,12,6,2,12,0,0,0,1,55,54143,6,2,0,0,3,1,73,260,0,0,0,0,0,0,0,0,0,1,28,87,0,0,1,2,55,2,1,2,10,0,0,14,6,3,4,2,62,1,0
55,550047,2,2,1,29,2,14,25,12,2,1,0,55,1,12,481,12481,31,1997,1FTDX18W0VNC,1,F,T,D,X,1,8,W,0,V,N,C,0,T,FORD,F15,3C,97,17,,1,1570,1390,COF,G,,,8,281,,,,B,4480,01,E,44,0,0,000000000,00000000000,0,0,0,1,0,0,0,0,0,0,0,55,0,0,0,12,6,2,12,0,0,0,1,55,54159,6,1,0,0,3,0,73,225,0,0,0,0,0,0,0,0,0,0,87,0,0,0,1,2,55,3,1,2,10,0,0,14,62,99,1,1,62,0,0
55,550048,1,2,1,29,2,17,58,12,2,1,0,55,2,23,441,23441,20,2000,1GKEL19W9YB5,1,G,K,E,L,1,9,W,9,Y,B,5,0,T,GMC,SXT,ES,0,17,,2,0,1112,SAF,G,,,6,262,,,,B,4432,02,E,44,0,0,000000000,00000000000,0,0,0,1,0,0,0,0,0,0,0,999,0,0,0,12,6,2,12,0,0,1,1,55,54822,6,2,0,0,3,1,74,185,0,0,0,0,0,0,0,0,0,0,24,0,0,0,1,2,55,1,1,2,10,0,0,1,99,99,1,3,53,0,0
55,550048,2,2,1,29,2,17,58,12,2,1,0,55,1,21,23,21023,4,1998,1G3WS52K7WF3,1,G,3,W,S,5,2,K,7,W,F,3,0,P,OLDS,IGL,4D,98,17,3455,,0,1090,,G,,F,6,231,,,16R225,,,,,,0,0,000000000,00000000000,0,0,0,1,0,0,0,0,0,0,0,999,0,0,0,12,6,2,12,0,0,1,1,55,54728,6,1,0,0,3,3,61,145,0,0,0,0,0,0,0,0,0,0,89,0,0,0,1,2,55,1,1,2,10,0,0,1,99,99,1,3,53,1,0
55,550049,1,2,1,19,2,11,45,12,2,1,0,55,1,20,2,20002,4,2008,2G1WT58N0891,2,G,1,W,T,5,8,N,0,8,9,1,0,P,CHEV,IMT,4D,8,17,3555,,0,1105,,G,,F,6,214,,,16R225,,,,,,0,0,000000000,00000000000,0,0,0,1,0,0,0,0,0,0,0,55,0,0,0,12,6,2,12,0,0,0,1,55,54801,6,1,0,0,3,3,67,175,0,0,0,0,0,0,0,0,0,0,0,0,0,0,1,2,55,2,1,2,1,0,0,14,62,99,1,1,51,1,0
55,550049,2,2,2,19,2,11,45,12,2,1,0,55,1,48,401,48401,14,2012,JF2SHBBC1CH4,J,F,2,S,H,B,B,C,1,C,H,4,0,P,SUBA,FOR,UT,12,17,3250,,0,0,,G,,F,4,152,,,000000,,,,,,0,0,000000000,00000000000,0,0,0,1,0,0,0,0,0,0,0,55,0,1,1,12,6,2,12,0,0,1,1,55,54843,6,1,0,0,3,0,70,200,1,0,0,0,0,11,2011,11,2011,0,28,89,0,0,1,2,55,2,1,2,1,0,0,14,10,99,1,2,50,0,0
55,550050,1,1,1,4,2,21,45,59,0,1,0,55,1,22,22,22022,4,2008,1G2ZG57B8841,1,G,2,Z,G,5,7,B,8,8,4,1,0,P,PONT,6BS,4D,8,17,3305,,0,1123,,G,,F,4,146,,,17R225,,,,,,0,0,000000000,00000000000,0,0,0,1,0,0,0,0,0,0,0,999,0,1,5,99,6,2,1,0,0,0,1,55,53048,6,1,0,0,3,0,62,160,1,0,0,0,0,7,2011,7,2011,0,58,0,0,0,1,2,55,1,3,2,1,0,0,1,13,8,4,4,1,1,1
55,550051,1,1,9,4,2,3,34,44,0,1,0,55,2,20,421,20421,15,2001,1GNEK13T41J1,1,G,N,E,K,1,3,T,4,1,J,1,0,P,CHEV,KTA,UT,1,17,5050,,0,1160,,G,,F,8,325,,,16R245,,,,,,0,0,000000000,00000000000,0,0,0,1,0,0,0,0,0,0,0,106,0,9,5,0,6,2,1,0,0,0,1,55,54937,6,2,0,0,3,3,66,120,0,0,0,0,0,0,0,0,0,1,91,0,0,0,1,2,55,1,5,2,1,0,0,1,6,99,3,4,0,3,0
55,550052,1,1,1,10,2,14,12,8,0,1,0,55,1,20,22,20022,2,2007,1G1AL15F0772,1,G,1,A,L,1,5,F,0,7,7,2,0,P,CHEV,BLT,CP,7,17,2991,,0,1033,,G,,F,4,134,,,15R195,,,,,,0,0,000000000,00000000000,0,0,0,1,0,0,0,0,0,0,0,999,0,0,0,11,6,2,8,0,0,0,1,55,53210,6,1,0,0,3,3,69,220,0,0,0,0,0,0,0,0,0,0,27,85,87,0,3,3,65,1,1,2,3,0,0,15,5,8,3,4,13,0,0
55,550053,1,2,4,10,2,20,50,12,6,1,0,55,1,7,442,7442,20,2002,2B4GP44R92R7,2,B,4,G,P,4,4,R,9,2,R,7,0,T,DODG,GSP,ES,2,17,,1,0,1193,CAR,G,,,6,201,,,,,4002,00,E,42,0,0,000000000,00000000000,0,0,0,1,0,0,0,0,0,0,0,999,0,0,0,63,6,2,12,0,0,0,1,55,53538,6,1,0,0,3,0,65,125,0,0,0,1,0,5,2009,5,2009,0,38,0,0,0,1,2,98,1,1,1,3,20,3,11,15,99,1,2,82,1,0
55,550053,2,2,2,10,2,20,50,12,6,1,0,55,1,12,401,12401,14,1997,1FMDU32X2VZA,1,F,M,D,U,3,2,X,2,V,Z,A,0,P,FORD,EPR,UT,97,17,3939,,0,1115,,G,,F,6,245,,,15R225,,,,,,0,0,000000000,00000000000,0,0,0,1,0,0,0,0,0,0,0,999,0,0,0,12,6,2,12,0,0,0,1,55,53546,6,1,6,0,3,3,69,251,1,0,0,1,2,4,2010,10,2010,0,0,0,0,0,1,3,55,1,1,1,3,0,0,1,67,99,1,1,83,0,0
55,550054,1,2,1,12,2,9,43,32,0,1,0,55,1,6,51,6051,4,2006,2C3LK63H56H3,2,C,3,L,K,6,3,H,5,6,H,3,0,P,CHRY,43C,4D,6,17,4166,,0,1200,,G,,F,8,348,,,18R225,,,,,,0,0,000000000,00000000000,0,0,0,1,0,0,0,0,0,0,0,35,0,0,0,12,6,2,12,0,0,0,1,55,53227,6,1,0,0,3,0,67,140,0,0,0,0,2,5,2010,5,2010,1,0,0,0,0,1,2,35,1,1,2,1,0,0,1,13,99,1,4,1,0,0
55,550054,2,2,4,12,2,9,43,32,0,1,0,55,1,12,37,12037,6,2004,1FAFP35Z14W1,1,F,A,F,P,3,5,Z,1,4,W,1,0,P,FORD,ZTW,SW,4,17,2683,,0,1030,,G,,F,4,140,,,15R195,,,,,,0,0,000000000,00000000000,0,0,0,1,0,0,0,0,0,0,0,0,0,0,0,8,6,2,12,0,0,0,1,55,53151,6,1,0,0,3,3,69,175,0,0,0,0,0,0,0,0,0,0,0,0,0,0,2,2,25,1,1,2,1,20,3,5,68,1,1,1,98,3,0
55,550055,1,2,1,12,2,5,7,12,6,1,0,17,3,51,881,51881,66,2005,4V4NC9GH75N3,4,V,4,N,C,9,G,H,7,5,N,3,1,T,VOLV,VNL,TR,5,17,,8,0,0,VVN,D,,,6,732,,,,,00000,00,,64,1,57,1328330,571328330,3,6,1,1,0,0,0,0,0,0,0,0,0,0,0,3,2,3,12,0,0,0,1,17,46048,6,1,3,0,3,0,67,155,0,0,0,0,0,0,0,0,0,0,38,0,0,0,2,2,50,1,1,2,1,0,0,12,98,1,1,1,98,0,0
55,550055,2,2,2,12,2,5,7,12,6,1,0,55,1,55,35,55035,4,2005,KMHDN46D05U1,K,M,H,D,N,4,6,D,0,5,U,1,0,P,HYUN,EST,4D,5,17,2635,,0,1027,,G,,F,4,121,,,15R195,,,,,,0,0,000000000,00000000000,0,0,0,1,0,0,0,0,0,0,0,999,1,0,0,12,6,2,12,0,0,0,1,55,54727,6,1,0,0,3,3,68,182,0,0,0,0,0,0,0,0,0,0,0,0,0,0,2,2,50,1,1,2,1,0,0,1,55,3,2,1,98,1,0
55,550056,1,1,2,14,2,8,37,30,0,1,0,55,2,6,441,6441,20,1999,1C4GT64L5XB7,1,C,4,G,T,6,4,L,5,X,B,7,0,T,CHRY,LMT,ES,99,17,,1,0,1193,TWC,G,,,6,230,,,,,4361,00,,44,0,0,000000000,00000000000,0,0,0,1,0,0,0,0,0,0,0,55,0,0,0,10,6,2,30,0,0,0,1,55,53074,6,1,0,0,3,0,58,125,0,0,0,0,2,5,2010,9,2010,1,87,0,0,0,1,2,55,3,1,2,2,0,0,1,6,99,3,4,2,1,0
55,550057,1,1,5,18,2,17,9,44,0,1,1,55,2,52,34,52034,4,1999,4A3AA46G2XE0,4,A,3,A,A,4,6,G,2,X,E,0,0,P,MITS,GES,4D,99,17,2935,,0,1037,,G,,F,4,143,,,16R205,,,,,,0,0,000000000,00000000000,0,0,0,1,0,0,0,0,0,0,0,999,0,1,6,0,6,2,1,0,0,0,1,55,54801,0,0,0,0,0,0,999,999,0,0,0,0,0,0,0,0,0,1,91,0,0,0,1,2,35,1,1,2,1,65,3,1,8,99,9,4,0,4,1
55,550058,1,2,2,10,2,7,37,12,1,1,0,55,2,20,403,20403,14,2003,1GNDT13X83K1,1,G,N,D,T,1,3,X,8,3,K,1,0,P,CHEV,BZR,UT,3,17,4114,,0,1070,,G,,F,6,262,,,16R235,,,,,,0,0,000000000,00000000000,0,0,0,1,0,0,0,0,0,0,0,60,0,0,0,6,6,2,12,0,0,0,1,55,54981,6,2,0,0,3,3,67,160,0,0,0,0,0,0,0,0,0,1,87,0,0,0,2,2,65,1,1,1,4,0,0,1,6,99,4,6,98,1,0
55,550058,2,2,1,10,2,7,37,12,1,1,0,39,1,84,881,84881,66,2007,2HSCNSCR77C4,2,H,S,C,N,S,C,R,7,7,C,4,1,T,INTL,94I,TR,7,17,,8,0,0,940,D,,,6,928,,,,,00000,00,,64,3,57,120699,57120699,3,6,2,1,0,0,0,0,0,0,0,60,0,0,0,12,6,2,12,0,0,0,1,17,60085,6,1,6,0,3,3,70,170,0,0,0,0,0,0,0,0,0,0,0,0,0,0,2,2,65,1,1,1,4,0,0,1,64,3,2,1,98,0,0
55,550059,1,1,2,20,2,21,49,1,0,1,0,55,1,20,481,20481,31,1986,1GCCC14N8GJ1,1,G,C,C,C,1,4,N,8,G,J,1,1,T,CHEV,C10,PK,86,17,,1,1315,1175,C10,G,,,6,262,,,,B,3282,06,,42,1,0,000000000,00000000000,0,0,0,1,0,0,0,0,0,0,0,999,0,9,3,0,6,2,1,0,0,0,1,55,53913,6,2,0,0,3,0,76,210,0,0,0,1,2,4,2011,8,2011,0,80,0,0,0,2,2,65,1,1,2,1,0,0,1,1,99,9,4,7,1,0
55,550060,1,1,1,21,2,4,0,42,0,1,0,55,2,20,471,20471,30,1998,1GCCS14W7W82,1,G,C,C,S,1,4,W,7,W,8,2,0,T,CHEV,S14,PK,98,17,,1,1179,1083,S,G,,,6,262,,,,B,3003,00,,42,0,0,000000000,00000000000,0,0,0,1,0,0,0,0,0,0,0,999,0,0,0,12,6,2,42,0,0,0,1,55,54130,6,1,0,0,3,0,67,127,1,0,0,0,0,10,2011,10,2011,9,0,0,0,0,1,2,55,1,1,2,1,0,0,1,13,1,1,4,1,1,0
55,550061,1,2,1,21,2,6,38,12,2,1,0,55,2,49,32,49032,4,2005,JTDBR32E1520,J,T,D,B,R,3,2,E,1,5,2,0,0,P,TOYT,EEL,4D,5,17,2530,,0,1024,,G,,F,4,109,,,15R185,,,,,,0,0,000000000,00000000000,0,0,0,1,0,0,0,0,0,0,0,40,0,0,0,12,6,2,12,0,0,0,1,55,54476,6,1,0,0,3,0,62,140,0,0,0,0,0,0,0,0,0,1,87,0,0,0,1,2,55,2,1,2,3,0,0,14,10,99,3,4,50,1,0
55,550061,2,2,1,21,2,6,38,12,2,1,0,55,1,49,442,49442,20,2006,5TDZA23CX6S4,5,T,D,Z,A,2,3,C,X,6,S,4,0,P,TOYT,SIE,SV,6,17,4120,,0,1193,,G,,F,6,201,,,15R205,,,,,,0,0,000000000,00000000000,0,0,0,1,0,0,0,0,0,0,0,35,0,0,0,12,6,2,12,0,0,0,1,55,54403,6,1,0,0,3,0,62,135,1,0,0,0,0,5,2009,5,2009,0,0,0,0,0,1,2,55,2,1,2,3,0,0,14,13,9,1,4,51,0,0
55,550062,1,3,1,14,2,6,47,12,6,1,0,55,1,55,35,55035,4,2010,KMHDU4AD1AU8,K,M,H,D,U,4,A,D,1,A,U,8,0,P,HYUN,BGS,4D,10,17,2723,,0,1043,,G,,F,4,121,,,15R195,,,,,,0,0,000000000,00000000000,0,0,0,1,0,0,0,0,0,0,0,35,0,0,0,8,6,2,12,0,0,0,1,55,53072,6,1,0,0,3,3,64,150,0,0,0,2,1,9,2009,1,2011,1,87,0,0,0,5,6,35,1,1,2,3,0,0,1,6,99,3,3,64,1,0
55,550062,2,3,1,14,2,6,47,12,6,1,0,55,1,51,42,51042,4,1997,YV1LS5723V13,Y,V,1,L,S,5,7,2,3,V,1,3,0,P,VOLV,8/T,4D,97,17,3272,,0,1049,,G,,T,5,142,,,16R205,,,,,,0,0,000000000,00000000000,0,0,0,1,0,0,0,0,0,0,0,35,0,0,0,12,6,2,12,0,0,0,1,55,53188,6,1,0,0,3,0,63,120,0,0,0,0,0,0,0,0,0,0,87,0,0,0,5,6,35,1,1,2,3,0,0,1,62,99,1,1,65,0,0
55,550062,3,3,1,14,2,6,47,12,6,1,0,55,1,20,37,20037,4,2011,1G1ZB5E10BF1,1,G,1,Z,B,5,E,1,0,B,F,1,0,P,CHEV,M/L,4D,11,17,3415,,0,1123,,G,,F,4,146,,,17R215,,,,,,0,0,000000000,00000000000,0,0,0,1,0,0,0,0,0,0,0,35,0,0,0,12,6,2,12,0,0,0,1,55,53105,6,1,0,0,3,0,75,190,1,0,0,0,0,11,2010,11,2010,0,87,0,0,0,5,6,35,1,1,2,3,0,0,1,52,99,1,1,98,0,0
55,550063,1,1,1,24,2,7,50,10,0,1,0,55,1,12,471,12471,30,1999,1FTYR10V7XUB,1,F,T,Y,R,1,0,V,7,X,U,B,0,T,FORD,RNG,PK,99,17,,1,1175,1116,RNG,F,,,6,182,,,,B,00000,00,U,42,0,0,000000000,00000000000,0,0,0,1,0,0,0,0,0,0,0,15,0,0,0,62,6,2,10,0,0,0,1,55,53027,6,1,0,0,3,3,74,180,0,0,0,0,1,11,2010,11,2010,0,39,0,0,0,1,2,25,1,1,2,3,65,3,1,98,1,1,1,98,1,0
55,550064,1,2,1,24,2,14,15,12,2,1,0,55,2,7,43,7043,4,2005,1B3EL46X45N6,1,B,3,E,L,4,6,X,4,5,N,6,0,P,DODG,SRX,4D,5,17,3093,,0,1080,,G,,F,4,146,,,16R205,,,,,,0,0,000000000,00000000000,0,0,0,1,0,0,0,0,0,0,0,55,0,0,0,12,6,2,12,0,0,0,1,55,54929,2,1,0,0,2,0,74,195,0,0,0,0,1,1,2012,1,2012,0,51,0,0,0,1,2,55,2,1,2,1,0,0,14,10,1,1,2,50,1,1
55,550064,2,2,1,24,2,14,15,12,2,1,0,55,1,6,441,6441,20,2006,2A4GP54L26R8,2,A,4,G,P,5,4,L,2,6,R,8,0,T,CHRY,TOU,ES,6,17,,1,0,1193,TWC,G,,,6,230,,,,,4267,00,,42,0,0,000000000,00000000000,0,0,0,1,0,0,0,0,0,0,0,55,0,0,0,12,6,2,12,0,0,0,1,55,54170,6,1,0,0,3,3,68,175,0,0,0,0,0,0,0,0,0,0,0,0,0,0,1,2,55,3,1,2,1,0,0,14,62,99,1,1,51,0,0
55,550065,1,1,1,25,2,20,50,34,0,1,0,55,1,20,481,20481,31,1995,1GCEK14Z4SZ2,1,G,C,E,K,1,4,Z,4,S,Z,2,0,T,CHEV,GK1,PK,95,17,,2,1315,1175,GM4,G,,,6,262,,,,B,4296,00,,44,0,0,000000000,00000000000,0,0,0,1,0,0,0,0,0,0,0,999,0,0,0,14,2,3,32,0,0,0,1,55,54638,6,1,0,0,3,3,73,260,0,0,0,0,1,7,2010,7,2010,0,0,0,0,0,1,2,55,3,5,2,1,0,0,14,13,99,1,4,1,1,1
55,550066,1,1,1,26,2,2,34,34,0,1,0,55,1,18,2,18002,4,2004,1G4HR54K44U2,1,G,4,H,R,5,4,K,4,4,U,2,0,P,BUIC,LLF,4D,4,17,3591,,0,1122,,G,,F,6,231,,,15R215,,,,,,0,0,000000000,00000000000,0,0,0,1,0,0,0,0,0,0,0,105,0,1,5,99,6,2,1,0,0,0,1,55,54311,6,1,0,0,3,0,75,230,1,0,0,0,0,2,2012,2,2012,1,0,0,0,0,1,2,55,1,1,2,1,0,0,1,10,99,1,4,6,1,1
55,550067,1,2,4,19,2,17,30,12,6,1,0,55,1,18,23,18023,4,2010,1G4HC5EM3AU1,1,G,4,H,C,5,E,M,3,A,U,1,0,P,BUIC,UXL,4D,10,17,3806,,0,1156,,F,,F,6,238,,,17R235,,,,,,0,0,000000000,00000000000,0,0,0,1,0,0,0,0,0,0,0,10,0,0,0,2,6,2,12,0,0,0,1,55,53090,6,1,0,0,3,3,72,190,0,0,0,0,0,0,0,0,0,0,38,0,0,0,1,2,25,1,1,2,1,20,3,1,17,1,1,1,87,2,0
55,550067,2,2,2,19,2,17,30,12,6,1,0,55,2,7,482,7482,31,2000,1B7KF2367YJ1,1,B,7,K,F,2,3,6,7,Y,J,1,0,T,DODG,Q25,4C,0,17,,2,1547,1387,RPC,D,,,6,359,,,,C,5593,01,U,44,0,0,000000000,00000000000,0,0,0,1,0,0,0,0,0,0,0,55,0,0,0,12,4,3,12,0,0,0,1,55,53036,6,1,0,0,3,0,72,160,1,0,0,1,0,3,2009,7,2010,0,0,0,0,0,1,2,55,1,1,2,1,0,0,1,66,99,1,1,86,0,0