STATE,ST_CASE,VEH_NO,VE_FORMS,NUMOCCS,DAY,MONTH,HOUR,MINUTE,HARM_EV,MAN_COLL,UNITTYPE,HIT_RUN,REG_STAT,OWNER,MAKE,MODEL,MAK_MOD,BODY_TYP,MOD_YEAR,VIN,VIN_1,VIN_2,VIN_3,VIN_4,VIN_5,VIN_6,VIN_7,VIN_8,VIN_9,VIN_10,VIN_11,VIN_12,TOW_VEH,VINTYPE,VINMAKE,VINA_MOD,VIN_BT,VINMODYR,VIN_LNGT,VIN_WGT,WGTCD_TR,WHLBS_LG,WHLBS_SH,SER_TR,FUELCODE,MCYCL_DS,CARBUR,CYLINDER,DISPLACE,MCYCL_CY,MCYCL_WT,TIRE_SZE,TON_RAT,TRK_WT,TRKWTVAR,VIN_REST,WHLDRWHL,J_KNIFE,MCARR_I1,MCARR_I2,MCARR_ID,GVWR,V_CONFIG,CARGO_BT,HAZ_INV,HAZ_PLAC,HAZ_ID,HAZ_CNO,HAZ_REL,BUS_USE,SPEC_USE,EMER_USE,TRAV_SP,UNDERIDE,ROLLOVER,ROLINLOC,IMPACT1,DEFORMED,TOWED,M_HARM,VEH_SC1,VEH_SC2,FIRE_EXP,DR_PRES,L_STATE,DR_ZIP,L_STATUS,L_TYPE,CDL_STAT,L_ENDORS,L_COMPL,L_RESTRI,DR_HGT,DR_WGT,PREV_ACC,PREV_SUS,PREV_DWI,PREV_SPD,PREV_OTH,FIRST_MO,FIRST_YR,LAST_MO,LAST_YR,SPEEDREL,DR_SF1,DR_SF2,DR_SF3,DR_SF4,VTRAFWAY,VNUM_LAN,VSPD_LIM,VALIGN,VPROFILE,VPAVETYP,VSURCOND,VTRAFCON,VTCONT_F,P_CRASH1,P_CRASH2,P_CRASH3,PCRASH4,PCRASH5,ACC_TYPE,DEATHS,DR_DRINK
55,550068,1,2,2,3,3,20,25,12,6,1,0,55,2,49,40,49040,4,1999,4T1BG28K9XU5,4,T,1,B,G,2,8,K,9,X,U,5,0,P,TOYT,UEX,4D,99,17,2998,,0,1051,,G,,F,4,132,,,14R195,,,,,,0,0,000000000,00000000000,0,0,0,1,0,0,0,0,0,0,0,40,0,0,0,83,6,2,12,0,0,0,1,55,54304,6,1,0,0,3,3,63,130,1,0,0,0,1,5,2009,7,2009,1,28,87,0,0,1,2,55,1,1,1,4,0,0,1,6,3,4,2,66,1,0
55,550068,2,2,2,3,3,20,25,12,6,1,0,55,1,18,24,18024,6,2009,5GAEV23D19J1,5,G,A,E,V,2,3,D,1,9,J,1,0,P,BUIC,ENC,UT,9,17,4980,,0,1189,,G,,F,6,220,,,19R255,,,,,,0,0,000000000,00000000000,0,0,0,1,0,0,0,0,0,0,0,40,0,0,0,12,6,2,12,0,0,0,1,55,54208,6,1,8,0,3,3,69,220,0,0,0,0,0,0,0,0,0,0,87,0,0,0,1,2,55,1,1,1,4,0,0,1,62,99,1,1,66,0,1
55,550069,1,2,1,8,3,20,23,12,6,1,0,48,2,30,42,30042,3,2003,9BWBK61J5340,9,B,W,B,K,6,1,J,5,3,4,0,0,P,VOLK,GGL,2H,3,17,2696,,0,989,,G,,F,4,121,,,15R195,,,,,,0,0,000000000,00000000000,0,0,0,1,0,0,0,0,0,0,0,70,0,0,0,82,6,2,12,0,0,0,1,55,53040,0,0,0,0,0,0,999,999,0,0,0,0,0,0,0,0,0,1,28,33,0,0,1,2,45,1,1,2,1,0,0,6,10,99,1,2,64,1,0
55,550069,2,2,4,8,3,20,23,12,6,1,0,55,2,7,442,7442,20,2010,2D4RN5DX4AR4,2,D,4,R,N,5,D,X,4,A,R,4,0,P,DODG,CAR,SV,10,17,4483,,0,1212,,G,,F,6,244,,,16R225,,,,,,0,0,000000000,00000000000,0,0,0,1,0,0,0,0,0,0,0,45,0,0,0,12,6,2,12,0,0,0,1,55,53090,6,1,0,0,3,0,68,135,1,0,0,0,0,5,2011,5,2011,0,0,0,0,0,1,2,45,1,1,2,1,0,0,1,62,2,1,1,65,0,0
55,550070,1,1,1,8,3,13,38,35,0,1,0,55,3,84,883,84883,66,1995,2HSFMATR1SC0,2,H,S,F,M,A,T,R,1,S,C,0,1,T,INTL,920,TR,95,17,,8,0,0,920,D,,,6,629,,,,,00000,00,,64,3,57,1458643,571458643,3,6,2,1,0,0,0,0,0,0,0,999,0,1,6,12,6,2,1,0,0,0,1,55,54446,6,1,6,0,3,3,72,200,1,0,0,0,1,5,2009,7,2009,0,24,39,0,0,1,2,45,1,1,2,1,20,3,1,3,99,9,4,2,1,0
55,550071,1,2,1,9,3,10,24,12,6,1,0,55,3,84,881,84881,63,2006,1HTWDAAR06J3,1,H,T,W,D,A,A,R,0,6,J,3,0,T,INTL,740,CC,6,17,,8,0,0,70S,D,,,6,466,,,,,00000,00,,42,0,88,888888888,88888888888,3,1,4,1,0,0,0,0,0,0,0,23,0,0,0,12,0,1,12,39,0,0,1,55,54534,6,1,6,0,3,0,67,212,0,0,0,0,0,0,0,0,0,0,0,0,0,0,1,2,25,1,1,2,10,0,0,1,66,3,2,1,88,0,0
55,550071,2,2,1,9,3,10,24,12,6,1,0,92,0,98,998,98998,91,2010,4UF10SNW8AT1,4,U,F,1,0,S,N,W,8,A,T,1,0,U,,,,10,17,,,,,,,,,,,,,,,,,,,0,0,000000000,00000000000,0,0,0,1,0,0,0,0,0,0,0,999,0,0,0,9,6,2,12,0,0,0,1,17,60124,6,1,0,0,3,0,67,225,0,0,0,0,0,0,0,0,0,0,38,39,0,0,1,2,55,1,1,2,10,20,3,1,17,99,1,1,89,1,0
55,550072,1,1,1,10,3,19,32,35,0,1,0,55,2,23,421,23421,15,2002,1GKEK63U52J3,1,G,K,E,K,6,3,U,5,2,J,3,0,T,GMC,DEN,4W,2,17,,2,0,1160,DEN,G,,,8,364,,,,B,5609,00,K,44,0,0,000000000,00000000000,0,0,0,1,0,0,0,0,0,0,0,999,0,1,1,81,6,2,1,0,0,0,1,55,54409,2,7,0,0,2,2,74,185,0,1,1,0,0,11,2011,11,2011,0,73,0,0,0,1,2,55,1,1,2,1,0,0,1,13,6,1,4,98,1,1
55,550073,1,1,1,11,3,19,32,23,0,1,0,55,1,37,402,37402,14,2002,JHLRD77892C0,J,H,L,R,D,7,7,8,9,2,C,0,0,P,HOND,CRV,UT,2,17,3287,,0,1031,,G,,F,4,146,,,15R205,,,,,,0,0,000000000,00000000000,0,0,0,1,0,0,0,0,0,0,0,50,0,0,0,81,6,2,23,0,0,0,1,55,53704,6,1,0,0,3,0,69,150,2,0,0,0,1,10,2010,6,2011,1,0,0,0,0,1,2,25,1,1,1,1,0,0,1,13,99,1,4,1,1,1
55,550074,1,1,2,12,3,15,41,32,0,1,0,55,2,12,17,12017,4,2002,1FAFP55U52A1,1,F,A,F,P,5,5,U,5,2,A,1,0,P,FORD,TSS,4D,2,17,3392,,0,1085,,G,,F,6,182,,,16R215,,,,,,0,0,000000000,00000000000,0,0,0,1,0,0,0,0,0,0,0,999,0,1,5,12,6,2,1,0,0,0,1,55,54229,6,2,0,0,3,1,61,110,0,0,0,0,0,0,0,0,0,1,24,0,0,0,2,2,65,1,1,2,2,0,0,10,6,3,4,4,7,2,0
55,550075,1,1,2,15,3,14,43,34,0,1,0,55,2,12,17,12017,4,1999,1FAFP53UXXG2,1,F,A,F,P,5,3,U,X,X,G,2,0,P,FORD,TSE,4D,99,17,3353,,0,1085,,G,,F,6,182,,,15R205,,,,,,0,0,000000000,00000000000,0,0,0,1,0,0,0,0,0,0,0,999,0,1,5,12,6,2,1,0,0,0,1,55,53503,6,1,0,0,3,3,68,210,1,0,0,1,0,3,2011,8,2011,0,58,0,0,0,1,2,55,3,1,2,1,0,0,14,12,6,1,4,6,1,0
55,550076,1,1,1,15,3,16,5,35,0,1,0,27,2,53,705,53705,80,2001,JS1GN7BA3121,J,S,1,G,N,7,B,A,3,1,2,1,0,M,SUZI,G60,RC,1,17,,,,,,,600,,4,,4,359,,,,,,,0,0,000000000,00000000000,0,0,0,1,0,0,0,0,0,0,0,55,0,0,0,12,6,2,1,0,0,0,1,55,54751,6,2,0,0,2,0,65,180,0,0,0,0,0,0,0,0,0,0,0,0,0,0,1,2,55,3,5,2,1,0,0,14,13,99,1,4,1,1,0
55,550077,1,1,1,19,3,99,99,34,0,1,0,27,2,73,706,73706,80,2011,JKBZXNC19BA0,J,K,B,Z,X,N,C,1,9,B,A,0,0,M,KAWK,X4C,RC,11,17,,,,,,,1352,,4,,4,567,,,,,,,0,0,000000000,00000000000,0,0,0,1,0,0,0,0,0,0,0,999,0,0,0,12,6,2,1,0,0,0,1,55,54017,0,0,0,0,0,0,68,200,0,0,0,0,0,0,0,0,0,9,0,0,0,0,1,2,55,3,1,2,99,0,0,14,13,99,1,4,1,1,1
55,550078,1,1,1,20,3,11,40,35,0,1,0,55,2,72,706,72706,80,1992,1HD1DML15NY5,1,H,D,1,D,M,L,1,5,N,Y,5,0,M,HD,ULB,RS,92,17,,,,,,,1340,,2,,4,765,,,,,,,0,0,000000000,00000000000,0,0,0,1,0,0,0,0,0,0,0,45,0,0,0,99,6,2,1,0,0,0,1,55,53215,6,1,6,0,3,3,72,214,0,0,0,0,0,0,0,0,0,1,0,0,0,0,1,2,35,3,6,2,1,40,3,14,6,3,3,4,2,1,0
55,550079,1,1,3,21,3,0,38,42,0,1,0,55,5,22,18,22018,4,2000,1G2NW52E0YM7,1,G,2,N,W,5,2,E,0,Y,M,7,0,P,PONT,GAG,4D,0,17,3168,,0,1070,,G,,F,6,207,,,16R225,,,,,,0,0,000000000,00000000000,0,0,0,1,0,0,0,0,0,0,0,95,0,0,0,6,6,2,42,0,0,0,1,55,54247,1,2,0,0,2,2,71,140,2,0,0,1,2,8,2010,3,2012,1,73,91,0,0,1,2,35,3,1,2,1,0,0,14,6,3,2,4,2,2,0
55,550080,1,1,1,23,3,16,49,35,0,1,0,55,1,18,2,18002,4,2004,1G4HP52K24U2,1,G,4,H,P,5,2,K,2,4,U,2,0,P,BUIC,LCF,4D,4,17,3567,,0,1122,,G,,F,6,231,,,15R215,,,,,,0,0,000000000,00000000000,0,0,0,1,0,0,0,0,0,0,0,999,0,0,0,12,6,2,42,0,0,0,1,55,54230,6,1,0,0,3,0,70,135,0,0,0,0,0,0,0,0,0,0,0,0,0,0,1,2,55,1,6,2,2,0,0,1,12,99,1,4,6,1,0
55,550081,1,1,1,23,3,22,51,34,0,1,0,55,1,23,401,23401,14,1996,1GKCT18W0TK5,1,G,K,C,T,1,8,W,0,T,K,5,0,T,GMC,JMY,2W,96,17,,1,0,1005,JMY,G,,,6,262,,,,B,3760,00,M,44,0,0,000000000,00000000000,0,0,0,1,0,0,0,0,0,0,0,998,0,1,5,12,6,2,1,0,0,0,1,55,54534,6,1,0,0,3,0,63,185,0,0,0,0,1,4,2010,4,2010,1,58,0,0,0,1,2,55,1,1,2,2,0,0,1,6,7,1,4,1,1,0
55,550082,1,1,1,24,3,16,30,34,0,1,0,55,2,9,442,9442,20,1999,2P4FP2533XR3,2,P,4,F,P,2,5,3,3,X,R,3,0,P,PLYM,VOF,SV,99,17,3415,,0,1133,,G,,F,6,181,,,14R205,,,,,,0,0,000000000,00000000000,0,0,0,1,0,0,0,0,0,0,0,65,0,1,5,12,6,2,1,0,0,0,1,55,54208,6,2,0,0,3,3,68,220,0,0,0,0,0,0,0,0,0,1,58,0,0,0,1,2,45,2,1,2,1,0,0,14,12,6,1,4,6,1,1
55,550083,1,1,1,18,3,9,58,34,0,1,0,55,1,7,472,7472,30,1991,1B7FL26X7MS3,1,B,7,F,L,2,6,X,7,M,S,3,0,T,DODG,DAK,PK,91,17,,1,1239,1119,DAK,G,,,6,239,,,,B,2895,01,A,42,0,0,000000000,00000000000,0,0,0,1,0,0,0,0,0,0,0,50,0,0,0,12,4,3,34,0,0,0,1,55,54491,6,1,0,0,3,3,70,214,0,0,0,0,0,0,0,0,0,0,0,0,0,0,1,2,55,1,1,2,1,0,0,1,8,99,1,4,1,1,0
55,550084,1,1,2,24,3,0,12,8,0,1,0,55,1,22,16,22016,2,1998,1G2JB1247W75,1,G,2,J,B,1,2,4,7,W,7,5,0,P,PONT,SFS,CP,98,17,2637,,0,1041,,G,,F,4,133,,,14R195,,,,,,0,0,000000000,00000000000,0,0,0,1,0,0,0,0,0,0,0,999,0,0,0,14,4,3,8,0,0,0,1,55,54560,6,1,0,0,3,3,68,140,0,1,0,1,1,5,2011,5,2011,0,0,0,0,0,1,2,55,1,1,2,2,0,0,1,80,99,1,1,13,0,0
55,550085,1,1,1,26,3,21,46,42,0,1,0,92,0,22,2,22002,4,2003,1G2HY54K8341,1,G,2,H,Y,5,4,K,8,3,4,1,0,P,PONT,BSL,4D,3,17,3678,,0,1122,,G,,F,6,231,,,17R235,,,,,,0,0,000000000,00000000000,0,0,0,1,0,0,0,0,0,0,0,999,0,1,6,12,6,2,2,0,0,1,1,55,53590,4,1,8,0,2,0,74,225,1,1,0,1,0,12,2009,3,2012,1,89,0,0,0,1,2,45,3,1,2,1,0,0,14,6,99,1,4,1,1,1
55,550086,1,2,1,27,3,5,11,12,2,1,0,55,1,12,13,12013,2,2002,3FAFP11302R1,3,F,A,F,P,1,1,3,0,2,R,1,0,P,FORD,ZX2,CP,2,17,2478,,0,984,,G,,F,4,121,,,15R185,,,,,,0,0,000000000,00000000000,0,0,0,1,0,0,0,0,0,0,0,70,0,0,0,12,6,2,12,0,0,0,1,55,53559,6,1,0,0,3,0,62,180,0,0,0,0,1,1,2010,1,2010,1,28,0,0,0,1,2,55,1,5,2,1,0,0,1,10,99,1,2,50,1,0
55,550086,2,2,1,27,3,5,11,12,2,1,0,55,1,22,22,22022,4,2005,1G2ZH5289541,1,G,2,Z,H,5,2,8,9,5,4,1,0,P,PONT,GGT,4D,5,17,3425,,0,1123,,G,,F,6,214,,,17R225,,,,,,0,0,000000000,00000000000,0,0,0,1,0,0,0,0,0,0,0,60,0,0,0,12,6,2,12,0,0,0,1,55,53960,6,1,0,0,3,0,68,180,0,0,0,0,0,0,0,0,0,0,89,0,0,0,1,2,55,1,6,2,1,0,0,1,62,99,1,1,51,0,0
55,550087,1,1,2,20,3,21,2,34,0,1,0,55,1,37,706,37706,80,2008,1HFSC47F78A7,1,H,F,S,C,4,7,F,7,8,A,7,0,M,HOND,GL8,RS,8,17,,,,,,,1832,,6,,4,822,,,,,,,0,0,000000000,00000000000,0,0,0,1,0,0,0,0,0,0,0,35,0,0,0,12,4,3,1,0,0,0,1,55,53548,6,1,0,0,3,0,70,180,0,0,0,0,0,0,0,0,0,1,58,0,0,0,1,2,45,3,1,2,1,0,0,14,13,6,1,4,1,1,0
55,550088,1,2,1,16,3,12,14,12,1,1,0,55,3,87,883,87883,63,2012,2NP2HN7X8CM1,2,N,P,2,H,N,7,X,8,C,M,1,0,T,PTRB,337,CC,12,17,,7,0,0,CON,D,,,6,506,,,,,00000,00,,42,0,57,0676094,570676094,3,1,1,1,0,0,0,0,0,0,0,55,0,0,0,12,4,3,12,0,0,0,1,55,54956,6,1,6,0,3,3,70,175,0,0,0,0,0,0,0,0,0,0,26,0,0,0,1,2,55,1,1,1,1,0,0,1,50,99,1,1,20,0,0
55,550088,2,2,1,16,3,12,14,12,1,1,0,55,1,12,13,12013,4,1995,3FASP13J5SR1,3,F,A,S,P,1,3,J,5,S,R,1,0,P,FORD,EST,4D,95,17,2404,,0,984,,G,,F,4,113,,,14R175,,,,,,0,0,000000000,00000000000,0,0,0,1,0,0,0,0,0,0,0,0,0,0,0,6,6,2,12,0,0,0,1,55,53118,6,1,6,0,3,3,74,150,0,0,0,0,0,0,0,0,0,0,0,0,0,0,1,2,55,1,1,1,1,0,0,5,53,1,1,1,21,1,0
55,550089,1,2,1,17,3,20,8,12,6,1,0,55,1,12,471,12471,30,1998,1FTYR15U6WPA,1,F,T,Y,R,1,5,U,6,W,P,A,0,T,FORD,RNS,PC,98,17,,1,0,1259,RNG,G,,,6,182,,,,B,3597,00,E,44,0,0,000000000,00000000000,0,0,0,1,0,0,0,0,0,0,0,20,0,0,0,1,6,2,12,0,0,0,1,55,54003,6,1,0,0,3,3,71,180,0,0,0,0,0,0,0,0,0,0,0,0,0,0,1,2,55,1,3,2,1,0,0,11,15,99,1,2,68,0,1
55,550089,2,2,2,17,3,20,8,12,6,1,0,55,1,37,706,37706,80,1998,JH2RC4600WM0,J,H,2,R,C,4,6,0,0,W,M,0,0,M,HOND,V8F,RC,98,17,,,,,,,782,,4,,4,459,,,,,,,0,0,000000000,00000000000,0,0,0,1,0,0,0,0,0,0,0,50,0,0,0,12,6,2,12,0,0,0,1,55,54015,6,1,0,0,3,3,72,180,0,0,0,0,0,0,0,0,0,0,0,0,0,0,1,2,55,1,3,2,1,0,0,1,62,99,1,1,69,1,1
55,550090,1,8,1,18,3,13,27,12,6,1,0,10,3,87,881,87881,66,2000,1XP5DB9X5YN5,1,X,P,5,D,B,9,X,5,Y,N,5,1,T,PTRB,379,TR,0,17,,8,0,0,CON,D,,,6,893,,,,,00000,00,,64,1,57,444295,57444295,3,6,1,1,0,0,0,0,0,0,0,65,0,0,0,11,4,3,12,0,0,0,1,24,21853,6,1,6,0,3,0,71,200,0,0,0,1,0,10,2011,10,2011,0,26,27,0,0,3,3,65,1,1,2,1,0,0,15,10,99,1,2,47,0,1
55,550090,2,8,1,18,3,13,27,12,6,1,0,55,1,6,441,6441,20,2005,2C4GP54L45R5,2,C,4,G,P,5,4,L,4,5,R,5,0,T,CHRY,TOU,ES,5,17,,1,0,1193,TWC,G,,,6,230,,,,,4256,00,,42,0,0,000000000,00000000000,0,0,0,1,0,0,0,0,0,0,0,65,0,0,0,4,2,1,12,0,0,0,1,55,53406,6,1,0,0,3,3,60,115,0,0,0,1,0,10,2010,10,2010,0,0,0,0,0,3,3,65,1,1,2,1,0,0,1,61,99,1,1,45,0,0
55,550090,3,8,5,18,3,13,27,12,6,1,0,17,1,22,22,22022,4,2006,1G2ZF55B3642,1,G,2,Z,F,5,5,B,3,6,4,2,0,P,PONT,G6E,4D,6,17,3419,,0,1123,,G,,F,4,146,,,16R215,,,,,,0,0,000000000,00000000000,0,0,0,1,0,0,0,0,0,0,0,0,0,0,0,6,6,2,12,0,0,0,1,17,60085,6,1,0,0,3,0,61,180,0,0,0,0,0,0,0,0,0,0,0,0,0,0,6,1,65,1,1,2,1,0,0,5,98,1,1,1,98,1,0
55,550090,4,8,4,18,3,13,27,12,6,1,0,17,1,63,34,63034,4,2009,KNAGE2280953,K,N,A,G,E,2,2,8,0,9,5,3,0,P,KIA,OLE,4D,9,17,3157,,0,1071,,G,,F,4,146,,,16R205,,,,,,0,0,000000000,00000000000,0,0,0,1,0,0,0,0,0,0,0,0,0,0,0,6,6,2,12,0,0,0,1,17,60085,6,1,0,0,3,3,65,190,0,0,0,0,0,0,0,0,0,0,0,0,0,0,6,1,65,1,1,2,1,0,0,5,98,1,1,1,98,0,0
55,550090,5,8,1,18,3,13,27,12,6,1,0,55,1,22,20,22020,4,2002,1G2WP52K12F1,1,G,2,W,P,5,2,K,1,2,F,1,0,P,PONT,GPG,4D,2,17,3496,,0,1105,,G,,F,6,231,,,16R225,,,,,,0,0,000000000,00000000000,0,0,0,1,0,0,0,0,0,0,0,0,0,0,0,6,6,2,12,0,0,0,1,55,53177,6,1,0,0,3,3,71,170,0,0,0,0,0,0,0,0,0,0,0,0,0,0,6,1,65,1,1,2,1,0,0,5,98,1,1,1,98,0,0
55,550090,6,8,2,18,3,13,27,12,6,1,0,27,1,12,481,12481,31,2002,2FTRF17202CA,2,F,T,R,F,1,7,2,0,2,C,A,0,T,FORD,F15,PK,2,17,,2,1385,1199,COF,G,,,6,256,,,,B,3990,03,U,42,0,0,000000000,00000000000,0,0,0,1,0,0,0,0,0,0,0,0,0,0,0,6,6,2,12,0,0,0,1,27,55109,6,1,0,0,3,0,67,189,0,0,0,2,1,3,2010,9,2011,0,0,0,0,0,1,3,65,1,1,2,1,0,0,5,98,1,1,1,98,0,0
55,550090,7,8,5,18,3,13,27,12,6,1,0,55,1,23,481,23481,31,2000,2GTEK19T1Y11,2,G,T,E,K,1,9,T,1,Y,1,1,0,T,GMC,NK1,3C,0,17,,2,1575,1435,SIE,G,,,8,325,,,,B,4621,02,U,44,0,0,000000000,00000000000,0,0,0,1,0,0,0,0,0,0,0,0,0,0,0,6,2,1,12,0,0,0,1,55,53404,6,1,0,0,3,0,68,215,0,0,0,0,0,0,0,0,0,0,0,0,0,0,6,1,65,1,1,2,1,0,0,5,98,1,1,1,98,0,0
55,550090,8,8,2,18,3,13,27,12,6,1,0,55,2,2,404,2404,14,1995,1J4GZ58S6SC5,1,J,4,G,Z,5,8,S,6,S,C,5,0,T,JEEP,LRO,4W,95,17,,1,0,1059,GCK,G,,,6,242,,,,,3552,00,M,44,0,0,000000000,00000000000,0,0,0,1,0,0,0,0,0,0,0,15,0,0,0,4,2,1,54,0,0,0,1,55,53404,2,2,0,0,2,0,72,215,0,2,1,0,0,7,2009,6,2011,0,0,0,0,0,6,1,65,1,1,2,1,0,0,1,98,99,1,1,98,0,0
55,550091,1,1,1,27,3,23,17,8,0,1,0,55,1,84,881,84881,62,1990,1HTSBZPM9LH6,1,H,T,S,B,Z,P,M,9,L,H,6,0,T,INTL,460,CC,90,17,,6,2540,1280,40S,D,,,8,444,,,,,00000,00,,42,0,77,777777777,77777777777,2,1,98,1,0,0,0,0,0,0,0,35,0,0,0,12,0,3,8,0,0,0,1,55,53704,6,1,6,0,3,0,70,160,0,0,0,0,0,0,0,0,0,0,0,0,0,0,2,3,35,1,1,1,1,0,0,1,80,3,2,1,13,0,0
55,550092,1,2,1,29,3,14,5,12,2,1,0,55,1,12,471,12471,30,2007,1FTYR44E57PA,1,F,T,Y,R,4,4,E,5,7,P,A,0,T,FORD,RNS,4C,7,17,,1,0,1260,RNG,G,,,6,244,,,,B,3171,00,U,42,0,0,000000000,00000000000,0,0,0,1,0,0,0,0,0,0,0,50,0,1,1,12,6,2,12,0,0,0,1,55,53550,6,1,0,0,3,3,70,210,0,0,0,0,0,0,0,0,0,0,51,0,0,0,1,2,55,1,1,2,1,0,0,1,10,99,9,2,50,0,0
55,550092,2,2,1,29,3,14,5,12,2,1,0,55,3,12,32,12032,4,2012,3FAHP0CG9CR2,3,F,A,H,P,0,C,G,9,C,R,2,0,P,FORD,FSA,4D,12,17,3638,,0,1074,,F,,F,6,183,,,17R225,,,,,,0,0,000000000,00000000000,0,0,0,1,0,0,0,0,0,0,0,50,0,0,0,12,6,2,12,0,0,0,1,55,53566,6,1,0,0,3,0,66,135,0,0,0,0,0,0,0,0,0,0,0,0,0,0,1,2,55,1,1,2,1,0,0,1,62,99,1,1,51,1,0
55,550093,1,1,1,29,3,1,58,8,0,1,0,55,3,20,481,20481,40,2011,1GC0CVCG3BF2,1,G,C,0,C,V,C,G,3,B,F,2,0,T,CHEV,2CH,PK,11,17,,2,0,1337,SIL,F,,,8,366,,,,C,5596,00,,42,0,0,000000000,00000000000,0,0,0,1,0,0,0,0,0,0,0,25,0,0,0,12,0,1,8,0,0,0,1,55,54452,6,1,0,0,3,3,72,210,1,0,0,0,0,4,2010,4,2010,0,0,0,0,0,1,2,35,1,1,2,1,0,0,1,80,1,1,1,13,0,0
55,550094,1,2,1,25,3,11,40,12,6,1,0,55,1,23,471,23471,30,2002,1GKDT13S2224,1,G,K,D,T,1,3,S,2,2,2,4,0,T,GMC,ENV,4W,2,17,,1,0,1130,ENV,G,,,6,256,,,,B,4628,00,K,44,0,0,000000000,00000000000,0,0,0,1,0,0,0,0,0,0,0,999,0,0,0,12,6,2,12,0,0,0,1,55,54130,6,1,0,0,3,3,73,195,0,0,0,1,0,9,2011,9,2011,0,38,0,0,0,1,2,55,1,1,2,1,20,3,1,17,99,1,1,88,0,0
55,550094,2,2,1,25,3,11,40,12,6,1,0,55,1,21,23,21023,4,1999,1G3WS52H0XF3,1,G,3,W,S,5,2,H,0,X,F,3,0,P,OLDS,IGL,4D,99,17,3467,,0,1090,,G,,F,6,211,,,16R225,,,,,,0,0,000000000,00000000000,0,0,0,1,0,0,0,0,0,0,0,50,0,0,0,11,6,2,12,0,0,0,1,55,54245,6,1,0,0,3,0,70,140,0,0,0,0,0,0,0,0,0,0,0,0,0,0,1,2,55,1,1,2,1,0,0,1,66,99,1,1,89,1,1
55,550095,1,2,2,21,3,9,35,12,2,1,0,55,1,22,22,22022,4,2006,1G2ZG5582641,1,G,2,Z,G,5,5,8,2,6,4,1,0,P,PONT,GS1,4D,6,17,3419,,0,1123,,G,,F,6,214,,,16R215,,,,,,0,0,000000000,00000000000,0,0,0,1,0,0,0,0,0,0,0,999,0,0,0,12,6,2,12,0,0,0,1,55,53223,6,1,0,0,3,0,68,190,0,0,0,0,0,0,0,0,0,0,0,0,0,0,2,2,35,1,1,1,1,0,0,1,66,99,1,1,51,0,0
55,550095,2,2,1,21,3,9,35,12,2,1,0,55,1,49,46,49046,5,2008,JTDKB20U7833,J,T,D,K,B,2,0,U,7,8,3,3,0,P,TOYT,PRI,4H,8,17,2932,,0,1063,,B,,F,4,091,,,15R185,,,,,,0,0,000000000,00000000000,0,0,0,1,0,0,0,0,0,0,0,999,0,0,0,12,6,2,12,0,0,0,1,55,53216,6,1,0,0,3,3,66,148,0,0,0,0,0,0,0,0,0,0,38,0,0,0,1,2,25,1,1,1,1,20,3,4,17,99,1,1,50,1,0
55,550096,1,2,1,20,3,14,46,12,2,1,0,55,1,22,20,22020,4,2008,2G2WP5528811,2,G,2,W,P,5,5,2,8,8,1,1,0,P,PONT,GRA,4D,8,17,3477,,0,1105,,G,,F,6,232,,,16R225,,,,,,0,0,000000000,00000000000,0,0,0,1,0,0,0,0,0,0,0,55,0,0,0,12,6,2,12,0,0,0,1,55,53105,6,1,0,0,3,3,59,140,0,0,0,0,0,0,0,0,0,0,33,41,0,0,1,2,55,2,6,2,1,40,3,17,50,1,1,2,50,1,0
55,550096,2,2,3,20,3,14,46,12,2,1,0,55,3,84,981,84981,50,2004,4DRBRAAP94B9,4,D,R,B,R,A,A,P,9,4,B,9,0,T,INTL,,,4,17,,,,,,D,,,6,466,,,,,,,,,0,57,0004879,570004879,3,21,22,1,0,0,0,0,1,2,0,0,0,0,0,12,4,3,12,0,0,0,1,55,53105,6,1,6,1,3,0,65,260,0,0,0,0,0,0,0,0,0,0,0,0,0,0,1,2,55,3,5,2,1,0,0,5,62,1,1,1,51,0,0
55,550097,1,2,4,4,4,14,12,12,2,1,0,55,1,20,461,20461,21,1996,1GBFG15R3T10,1,G,B,F,G,1,5,R,3,T,1,0,0,T,CHEV,SV1,CG,96,17,,2,0,1350,S/V,G,,,8,350,,,,B,00000,00,,42,0,0,000000000,00000000000,0,0,0,1,0,0,0,0,0,0,0,999,0,0,0,12,6,2,12,0,0,0,1,55,54660,6,1,6,0,3,3,69,230,0,0,0,0,0,0,0,0,0,0,0,0,0,0,1,2,55,1,1,2,1,0,0,2,62,9,1,4,51,2,0
55,550097,2,2,1,4,4,14,12,12,2,1,0,55,1,12,481,12481,31,1995,1FTEF14N7SLC,1,F,T,E,F,1,4,N,7,S,L,C,0,T,FORD,F15,PK,95,17,,2,1330,1170,COF,G,,,8,302,,,,B,00000,00,M,44,0,0,000000000,00000000000,0,0,0,1,0,0,0,0,0,0,0,55,0,0,0,12,6,2,12,0,0,0,1,55,54853,6,1,0,0,3,0,68,175,0,0,0,0,0,0,0,0,0,0,0,0,0,0,1,2,55,1,1,2,1,0,0,1,10,1,1,4,50,1,0