STATE,ST_CASE,VEH_NO,VE_FORMS,NUMOCCS,DAY,MONTH,HOUR,MINUTE,HARM_EV,MAN_COLL,UNITTYPE,HIT_RUN,REG_STAT,OWNER,MAKE,MODEL,MAK_MOD,BODY_TYP,MOD_YEAR,VIN,VIN_1,VIN_2,VIN_3,VIN_4,VIN_5,VIN_6,VIN_7,VIN_8,VIN_9,VIN_10,VIN_11,VIN_12,TOW_VEH,VINTYPE,VINMAKE,VINA_MOD,VIN_BT,VINMODYR,VIN_LNGT,VIN_WGT,WGTCD_TR,WHLBS_LG,WHLBS_SH,SER_TR,FUELCODE,MCYCL_DS,CARBUR,CYLINDER,DISPLACE,MCYCL_CY,MCYCL_WT,TIRE_SZE,TON_RAT,TRK_WT,TRKWTVAR,VIN_REST,WHLDRWHL,J_KNIFE,MCARR_I1,MCARR_I2,MCARR_ID,GVWR,V_CONFIG,CARGO_BT,HAZ_INV,HAZ_PLAC,HAZ_ID,HAZ_CNO,HAZ_REL,BUS_USE,SPEC_USE,EMER_USE,TRAV_SP,UNDERIDE,ROLLOVER,ROLINLOC,IMPACT1,DEFORMED,TOWED,M_HARM,VEH_SC1,VEH_SC2,FIRE_EXP,DR_PRES,L_STATE,DR_ZIP,L_STATUS,L_TYPE,CDL_STAT,L_ENDORS,L_COMPL,L_RESTRI,DR_HGT,DR_WGT,PREV_ACC,PREV_SUS,PREV_DWI,PREV_SPD,PREV_OTH,FIRST_MO,FIRST_YR,LAST_MO,LAST_YR,SPEEDREL,DR_SF1,DR_SF2,DR_SF3,DR_SF4,VTRAFWAY,VNUM_LAN,VSPD_LIM,VALIGN,VPROFILE,VPAVETYP,VSURCOND,VTRAFCON,VTCONT_F,P_CRASH1,P_CRASH2,P_CRASH3,PCRASH4,PCRASH5,ACC_TYPE,DEATHS,DR_DRINK
55,550193,1,2,1,4,6,11,38,12,2,1,0,55,3,12,401,12401,14,2005,1FMZU73K15ZA,1,F,M,Z,U,7,3,K,1,5,Z,A,0,P,FORD,EPR,UT,5,17,4094,,0,1137,,F,,F,6,245,,,16R235,,,,,,0,0,000000000,00000000000,0,0,0,1,0,0,0,0,0,0,0,55,0,0,0,12,6,2,2,0,0,1,1,55,53090,6,1,0,0,3,0,73,185,0,0,0,0,0,0,0,0,0,0,28,0,0,0,1,2,55,1,5,2,1,0,0,1,10,7,1,2,50,1,0
55,550193,2,2,1,4,6,11,38,12,2,1,0,40,3,98,809,98809,63,2008,2FZHAZDE88AA,2,F,Z,H,A,Z,D,E,8,8,A,A,0,T,STRG,LT9,CC,8,17,,8,0,0,STE,D,,,6,763,,,,,00000,00,,64,0,57,383213,57383213,3,2,2,1,0,0,0,0,0,0,0,57,0,0,0,12,6,2,2,0,0,1,1,55,53220,6,1,6,0,3,3,70,195,0,0,0,0,0,0,0,0,0,0,89,0,0,0,1,2,55,1,6,2,1,0,0,1,62,3,2,1,51,0,0
55,550194,1,1,1,4,6,14,56,8,0,1,0,55,1,55,401,55401,14,2003,KM8SC73D83U4,K,M,8,S,C,7,3,D,8,3,U,4,0,P,HYUN,SAN,UT,3,17,3720,,0,1031,,G,,F,6,162,,,16R225,,,,,,0,0,000000000,00000000000,0,0,0,1,0,0,0,0,0,0,0,22,0,0,0,12,2,1,8,0,0,0,1,55,54220,6,1,0,0,3,3,71,185,0,0,0,0,1,7,2011,7,2011,0,38,0,0,0,1,2,25,1,1,1,1,20,3,4,80,1,1,1,13,0,0
55,550195,1,1,1,28,1,22,18,42,0,1,0,0,0,98,998,98998,91,2002,4XANP8CS72B2,4,X,A,N,P,8,C,S,7,2,B,2,0,M,POLS,,,2,17,,,,,,,,,,,,,,,,,,,0,0,000000000,00000000000,0,0,0,1,0,0,0,0,0,0,0,65,0,1,5,11,9,9,1,0,0,0,1,27,55902,9,9,99,9,9,9,999,999,99,99,99,99,99,99,9999,99,9999,1,53,58,0,0,1,2,0,3,8,8,3,0,0,6,6,6,1,4,6,1,1
55,550196,1,2,2,5,6,9,36,12,2,1,0,55,3,20,443,20443,20,2000,1GNDX03E7YD2,1,G,N,D,X,0,3,E,7,Y,D,2,0,T,CHEV,VTR,ES,0,17,,1,0,1200,VTR,G,,,6,207,,,,,3838,00,,42,0,0,000000000,00000000000,0,0,0,1,0,0,0,0,0,0,0,999,0,0,0,12,6,2,12,0,0,0,1,55,53578,6,1,0,0,3,0,66,160,0,0,0,0,0,0,0,0,0,0,0,0,0,0,1,2,55,1,1,2,1,0,0,1,62,99,1,1,51,1,0
55,550196,2,2,2,5,6,9,36,12,2,1,0,92,0,35,32,35032,2,1997,JN1AS44D2VW1,J,N,1,A,S,4,4,D,2,V,W,1,0,P,NISS,2LS,CP,97,17,2698,,0,994,,G,,F,4,146,,,15R195,,,,,,0,0,000000000,00000000000,0,0,0,1,0,0,0,0,0,0,0,999,0,0,0,12,6,2,12,0,0,0,1,55,53913,1,1,0,0,2,0,67,135,0,0,0,0,0,0,0,0,0,0,28,0,0,0,1,2,55,1,1,2,1,0,0,1,10,1,1,2,50,0,0
55,550197,1,1,1,5,6,17,55,31,0,1,0,55,1,49,40,49040,4,2009,4T4BE46K29R0,4,T,4,B,E,4,6,K,2,9,R,0,0,P,TOYT,CBA,4D,9,17,3263,,0,1090,,G,,F,4,144,,,16R215,,,,,,0,0,000000000,00000000000,0,0,0,1,0,0,0,0,0,0,0,40,0,0,0,12,6,2,8,0,0,0,1,55,53705,4,1,0,0,2,0,66,170,0,0,0,0,0,0,0,0,0,0,0,0,0,0,2,3,40,1,6,2,1,0,0,1,13,99,1,4,1,0,0
55,550198,1,1,3,5,6,19,40,42,0,1,0,55,2,20,481,20481,31,1983,1GCDC14H7DJ1,1,G,C,D,C,1,4,H,7,D,J,1,0,T,CHEV,C10,PK,83,17,,1,1315,1175,C10,G,,,8,305,,,,B,3258,03,,42,0,0,000000000,00000000000,0,0,0,1,0,0,0,0,0,0,0,999,0,0,0,12,6,2,42,0,0,0,1,55,53821,1,1,0,0,2,0,66,154,0,0,0,0,0,0,0,0,0,1,6,58,0,0,1,2,45,2,5,2,1,0,0,14,6,7,3,4,7,1,0
55,550199,1,2,1,30,5,12,19,12,2,1,0,55,1,72,706,72706,80,2005,1HD1FFW1X5Y6,1,H,D,1,F,F,W,1,X,5,Y,6,0,M,HD,TCI,RS,5,17,,,,,,,1450,,2,,4,776,,,,,,,0,0,000000000,00000000000,0,0,0,1,0,0,0,0,0,0,0,999,0,0,0,12,6,2,12,0,0,0,1,55,53172,6,1,0,0,3,0,70,225,0,0,0,0,0,0,0,0,0,1,28,0,0,0,2,2,35,2,6,1,1,0,0,14,10,3,2,2,50,1,1
55,550199,2,2,2,30,5,12,19,12,2,1,0,55,1,20,421,20421,15,1997,1GNEK13R4VJ4,1,G,N,E,K,1,3,R,4,V,J,4,0,P,CHEV,KTA,UT,97,17,5225,,0,1175,,G,,F,8,350,,,15R235,,,,,,0,0,000000000,00000000000,0,0,0,1,0,0,0,0,0,0,0,35,0,0,0,12,6,2,12,0,0,0,1,55,53110,6,1,0,0,3,0,71,200,0,0,0,0,2,2,2012,5,2012,0,24,0,0,0,2,2,35,3,5,1,1,0,0,14,62,99,1,1,51,0,0
55,550200,1,1,1,5,6,22,9,11,0,1,0,55,2,72,706,72706,80,2001,1HD1CGP131K1,1,H,D,1,C,G,P,1,3,1,K,1,0,M,HD,20C,RS,1,17,,,,,,,1200,,2,,4,491,,,,,,,0,0,000000000,00000000000,0,0,0,1,0,0,0,0,0,0,0,55,0,0,0,12,4,3,11,0,0,0,1,55,54106,6,1,0,0,3,0,70,230,0,0,0,0,0,0,0,0,0,0,0,0,0,0,1,2,55,1,1,2,1,0,0,1,87,99,1,1,13,1,0
55,550201,1,2,2,8,6,8,12,12,6,1,0,55,1,49,32,49032,4,2008,1NXBR32E28Z9,1,N,X,B,R,3,2,E,2,8,Z,9,0,P,TOYT,UCS,4D,8,17,2530,,0,1024,,G,,F,4,110,,,15R185,,,,,,0,0,000000000,00000000000,0,0,0,1,0,0,0,0,0,0,0,10,0,0,0,9,6,2,12,0,0,0,1,55,54476,6,1,0,0,3,0,60,160,0,0,0,0,0,0,0,0,0,0,38,0,0,0,1,2,35,1,1,2,2,20,3,1,17,99,1,1,89,1,0
55,550201,2,2,1,8,6,8,12,12,6,1,0,55,1,23,481,23481,31,2003,2GTEK19T0313,2,G,T,E,K,1,9,T,0,3,1,3,0,T,GMC,NK1,4C,3,17,,2,1575,1435,SIE,G,,,8,325,,,,B,4910,02,4,44,0,0,000000000,00000000000,0,0,0,1,0,0,0,0,0,0,0,43,0,0,0,12,4,8,12,0,0,0,1,55,54455,6,1,0,0,3,0,73,210,0,0,0,0,0,0,0,0,0,0,0,0,0,0,1,2,45,1,1,2,2,0,0,1,66,99,1,1,88,0,0
55,550202,1,3,1,6,6,17,25,12,1,1,0,55,2,20,421,20421,15,1990,1GNEV18K1LF1,1,G,N,E,V,1,8,K,1,L,F,1,0,P,CHEV,V10,UT,90,17,4369,,0,1065,,G,,F,8,350,,,000000,,,,,,0,0,000000000,00000000000,0,0,0,1,0,0,0,0,0,0,0,55,0,0,0,12,6,2,12,0,0,0,1,55,53959,6,1,0,0,3,3,72,210,0,1,1,0,0,10,2009,10,2009,0,0,0,0,0,1,2,55,1,1,2,1,0,0,11,53,1,1,1,24,0,0
55,550202,2,3,2,6,6,17,25,12,1,1,0,55,1,14,401,14401,14,2005,4M2ZU86E65UJ,4,M,2,Z,U,8,6,E,6,5,U,J,0,P,MERC,MOU,UT,5,17,4428,,0,1138,,G,,F,6,245,,,16R235,,,,,,0,0,000000000,00000000000,0,0,0,1,0,0,0,0,0,0,0,999,0,0,0,6,6,2,12,0,0,0,1,55,53959,6,1,0,0,3,0,64,210,1,0,0,0,0,10,2009,10,2009,0,0,0,0,0,1,2,55,1,1,2,1,0,0,11,53,1,1,1,26,0,0
55,550202,3,3,1,6,6,17,25,12,1,1,0,55,2,7,43,7043,4,2002,1B3EL56R92N2,1,B,3,E,L,5,6,R,9,2,N,2,0,P,DODG,STS,4D,2,17,3189,,0,1080,,G,,F,6,167,,,16R205,,,,,,0,0,000000000,00000000000,0,0,0,1,0,0,0,0,0,0,0,55,0,0,0,12,6,2,12,0,0,0,1,55,53719,6,1,0,0,3,3,75,180,0,1,1,0,0,7,2010,7,2010,0,0,0,0,0,1,2,55,1,1,2,1,0,0,1,62,99,1,1,98,1,0
55,550203,1,1,1,6,6,18,46,9,0,1,0,55,1,18,7,18007,4,1997,2G4WS52M3V14,2,G,4,W,S,5,2,M,3,V,1,4,0,P,BUIC,CCU,4D,97,17,3348,,0,1090,,G,,F,6,191,,,15R205,,,,,,0,0,000000000,00000000000,0,0,0,1,0,0,0,0,0,0,0,44,0,0,0,12,6,2,9,0,0,0,1,55,53083,6,1,0,0,3,3,68,185,0,0,0,1,0,10,2010,10,2010,0,0,0,0,0,1,2,55,1,1,2,1,0,0,1,83,99,1,4,13,0,0
55,550204,1,1,2,9,6,12,26,1,0,1,0,17,1,72,706,72706,80,1986,1HD1DJL19GY5,1,H,D,1,D,J,L,1,9,G,Y,5,0,M,HD,FHC,RS,86,17,,,,,,,1340,,2,,4,999,,,,,,,0,0,000000000,00000000000,0,0,0,1,0,0,0,0,0,0,0,40,0,0,0,0,4,3,1,0,0,0,1,17,60067,6,1,6,0,3,0,71,200,0,0,0,0,0,0,0,0,0,0,58,0,0,0,1,2,45,3,1,2,1,0,0,14,13,6,1,6,98,1,0
55,550205,1,1,1,7,6,3,2,1,0,1,0,55,3,82,881,82881,66,2003,1FUJALCG33DL,1,F,U,J,A,L,C,G,3,3,D,L,1,T,FRHT,FLD,TR,3,17,,8,0,0,CON,D,,,6,774,,,,,00000,00,,64,1,57,1257260,571257260,3,6,2,1,0,0,0,0,0,0,0,999,0,9,1,0,6,2,1,0,0,0,1,55,53027,6,1,6,1,3,0,67,145,1,0,0,0,0,7,2010,7,2010,1,0,0,0,0,1,2,55,3,1,2,1,0,0,14,6,7,3,2,98,1,0
55,550206,1,3,1,12,6,21,29,12,6,1,0,55,1,73,704,73704,80,1982,JKAKZHD15CB5,J,K,A,K,Z,H,D,1,5,C,B,5,0,M,KAWK,Z44,RS,82,17,,,,,,,440,,2,,4,373,,,,,,,0,0,000000000,00000000000,0,0,0,1,0,0,0,0,0,0,0,55,0,0,0,12,6,2,12,0,0,1,1,55,53566,6,1,0,0,3,0,73,238,0,0,0,0,0,0,0,0,0,0,0,0,0,0,1,2,55,1,1,2,1,0,0,1,65,3,1,1,73,1,0
55,550206,2,3,1,12,6,21,29,12,6,1,0,55,1,22,2,22002,4,1995,1G2HZ52K3S42,1,G,2,H,Z,5,2,K,3,S,4,2,0,P,PONT,BSE,4D,95,17,3587,,0,1108,,G,,F,6,231,,,16R225,,,,,,0,0,000000000,00000000000,0,0,0,1,0,0,0,0,0,0,0,999,0,0,0,83,6,2,12,0,0,0,1,55,53511,0,0,0,0,0,0,999,999,99,99,99,99,99,99,9999,99,9999,0,38,0,0,0,1,2,55,1,1,2,1,0,0,11,15,99,1,1,72,0,0
55,550206,3,3,3,12,6,21,29,12,6,1,0,55,1,20,422,20422,15,2007,1GNFK16347J2,1,G,N,F,K,1,6,3,4,7,J,2,0,P,CHEV,K15,UT,7,17,5745,,0,1300,,F,,F,8,323,,,17R265,,,,,,0,0,000000000,00000000000,0,0,0,1,0,0,0,0,0,0,0,55,0,0,0,12,6,2,12,32,0,0,1,55,53563,6,1,0,0,3,3,67,200,0,0,0,0,0,0,0,0,0,0,81,0,0,0,1,2,55,1,1,2,1,0,0,1,17,99,1,1,98,0,0
55,550207,1,1,1,13,6,7,29,1,0,1,0,55,1,52,401,52401,14,2003,JA4MT21H83J0,J,A,4,M,T,2,1,H,8,3,J,0,0,P,MITS,MNS,UT,3,17,4105,,0,1073,,G,,F,6,183,,,15R235,,,,,,0,0,000000000,00000000000,0,0,0,1,0,0,0,0,0,0,0,55,0,2,1,0,6,2,1,0,0,0,1,55,53589,6,1,0,0,3,0,70,150,0,0,0,2,2,4,2010,6,2012,0,58,0,0,0,1,2,55,1,5,2,1,0,0,1,9,4,1,4,98,1,0
55,550208,1,2,3,8,6,18,40,12,6,1,0,55,2,6,441,6441,20,2006,2A4GP54L46R7,2,A,4,G,P,5,4,L,4,6,R,7,0,T,CHRY,TOU,ES,6,17,,1,0,1193,TWC,G,,,6,230,,,,,4267,00,,42,0,0,000000000,00000000000,0,0,0,1,0,0,0,0,0,0,0,999,0,0,0,7,4,3,12,0,0,0,1,55,53045,6,2,0,0,3,2,69,150,0,0,0,0,0,0,0,0,0,0,38,73,0,0,6,1,99,1,1,1,1,20,3,11,15,1,1,7,82,0,0
55,550208,2,2,1,8,6,18,40,12,6,1,0,55,1,37,706,37706,80,2003,1HFSC470X3A2,1,H,F,S,C,4,7,0,X,3,A,2,0,M,HOND,GL8,RS,3,17,,,,,,,1832,,6,,4,816,,,,,,,0,0,000000000,00000000000,0,0,0,1,0,0,0,0,0,0,0,999,0,0,0,12,6,2,12,0,0,0,1,55,53037,6,1,0,0,3,3,73,220,2,0,0,0,0,11,2009,10,2011,0,0,0,0,0,2,2,65,1,1,1,1,0,0,1,67,99,1,1,83,1,0
55,550209,1,1,1,9,6,20,57,34,0,1,0,55,1,72,706,72706,80,2004,1HD1GNW144K3,1,H,D,1,G,N,W,1,4,4,K,3,0,M,HD,DLI,RS,4,17,,,,,,,1450,,2,,4,623,,,,,,,0,0,000000000,00000000000,0,0,0,1,0,0,0,0,0,0,0,55,0,0,0,12,6,2,42,0,0,0,1,55,54888,6,1,0,0,3,3,69,180,0,0,0,0,0,0,0,0,0,0,0,0,0,0,1,2,55,2,5,2,1,0,0,14,12,99,1,4,6,1,1
55,550210,1,1,1,10,6,0,35,17,0,1,0,55,2,12,13,12013,4,1999,1FAFP10P1XW2,1,F,A,F,P,1,0,P,1,X,W,2,0,P,FORD,LXE,4D,99,17,2468,,0,984,,G,,F,4,122,,,14R185,,,,,,0,0,000000000,00000000000,0,0,0,1,0,0,0,0,0,0,0,80,0,1,5,12,6,2,1,0,0,0,1,55,54157,6,1,0,0,3,0,64,155,0,0,0,0,0,0,0,0,0,1,0,0,0,0,1,2,25,1,1,2,1,0,0,1,6,99,1,4,6,1,1
55,550211,1,1,1,10,6,3,34,34,0,1,0,55,1,72,706,72706,80,1993,1HD1CAP14PY2,1,H,D,1,C,A,P,1,4,P,Y,2,0,M,HD,XL2,RS,93,17,,,,,,,1200,,2,,4,457,,,,,,,0,0,000000000,00000000000,0,0,0,1,0,0,0,0,0,0,0,50,0,0,0,99,6,2,1,0,0,0,1,55,54665,6,1,0,0,3,0,72,210,0,0,0,0,1,1,2010,1,2010,0,0,0,0,0,1,2,55,3,6,2,1,40,3,14,13,99,1,4,1,1,1
55,550212,1,2,1,19,6,12,43,12,2,1,0,55,2,12,422,12422,15,2006,1FMFU18546LA,1,F,M,F,U,1,8,5,4,6,L,A,0,P,FORD,EPT,UT,6,17,5606,,0,1190,,G,,F,8,329,,,17R265,,,,,,0,0,000000000,00000000000,0,0,0,1,0,0,0,0,0,0,0,999,0,0,0,12,6,2,12,0,0,0,1,55,54129,6,2,0,0,3,1,67,200,0,0,0,0,0,0,0,0,0,1,28,0,0,0,1,2,55,1,1,2,1,0,0,1,10,99,1,2,50,0,0
55,550212,2,2,1,19,6,12,43,12,2,1,0,55,1,12,3,12003,2,2007,1ZVFT80N4752,1,Z,V,F,T,8,0,N,4,7,5,2,0,P,FORD,MUS,CP,7,17,3352,,0,1071,,G,,F,6,244,,,16R215,,,,,,0,0,000000000,00000000000,0,0,0,1,0,0,0,0,0,0,0,999,0,0,0,12,6,2,12,0,0,0,1,55,53073,6,1,8,0,3,3,74,275,0,0,0,1,0,4,2010,4,2010,0,0,0,0,0,1,2,55,1,1,2,1,0,0,1,62,99,1,1,51,1,0
55,550213,1,1,1,21,6,0,59,8,0,1,0,55,1,19,3,19003,4,1989,1G6DW51Y4KR7,1,G,6,D,W,5,1,Y,4,K,R,7,0,P,CADI,BRO,4D,89,17,4076,,0,1215,,G,,4,8,307,,,15R225,,,,,,0,0,000000000,00000000000,0,0,0,1,0,0,0,0,0,0,0,999,0,0,0,12,4,3,8,0,0,0,1,55,53215,6,1,0,0,3,3,74,185,1,1,0,1,5,4,2010,10,2010,0,38,0,0,0,1,2,30,1,1,1,1,4,3,1,80,1,1,1,13,0,0
55,550214,1,1,2,22,6,16,21,43,0,1,0,55,1,18,18,18018,4,1997,1G4NJ52M2VC4,1,G,4,N,J,5,2,M,2,V,C,4,0,P,BUIC,SLG,4D,97,17,2985,,0,1034,,G,,F,6,191,,,16R205,,,,,,0,0,000000000,00000000000,0,0,0,1,0,0,0,0,0,0,0,65,0,1,5,99,6,2,1,0,0,0,1,55,54965,6,1,0,0,3,0,65,135,1,0,0,3,1,9,2009,6,2011,1,58,0,0,0,1,2,55,2,5,2,1,0,0,14,6,7,4,4,2,1,1
55,550215,1,1,2,22,6,19,23,11,0,1,0,55,1,72,706,72706,80,2004,1HD1BVB124Y0,1,H,D,1,B,V,B,1,2,4,Y,0,0,M,HD,FTI,RS,4,17,,,,,,,1450,,2,,4,629,,,,,,,0,0,000000000,00000000000,0,0,0,1,0,0,0,0,0,0,0,55,0,0,0,62,4,3,11,0,0,0,1,55,53959,6,1,0,0,3,0,71,190,0,0,0,0,0,0,0,0,0,0,0,0,0,0,1,2,55,1,1,2,1,0,0,1,87,99,1,1,13,1,0
55,550216,1,1,1,24,6,2,58,42,0,1,0,55,1,48,45,48045,4,2006,4S3BL6267672,4,S,3,B,L,6,2,6,7,6,7,2,0,P,SUBA,25L,4D,6,17,3200,,0,1051,,G,,F,4,152,,,16R205,,,,,,0,0,000000000,00000000000,0,0,0,1,0,0,0,0,0,0,0,55,0,0,0,61,6,2,42,0,0,0,1,55,53121,6,1,0,0,3,0,71,155,1,0,0,0,1,8,2010,7,2011,0,0,0,0,0,1,2,45,3,5,2,1,0,0,14,9,99,4,4,7,1,1
55,550217,1,1,3,24,6,16,59,19,0,1,0,55,2,23,471,23471,30,1996,1GKDT13W0T25,1,G,K,D,T,1,3,W,0,T,2,5,0,T,GMC,JMY,4W,96,17,,1,0,1070,JMY,G,,,6,262,,,,B,4007,00,M,44,0,0,000000000,00000000000,0,0,0,1,0,0,0,0,0,0,0,55,0,0,0,12,6,2,19,0,0,0,1,55,54970,0,0,0,0,0,0,999,999,0,0,0,0,0,0,0,0,0,1,52,0,0,0,1,2,55,1,1,1,1,0,0,1,13,99,1,4,1,2,0
55,550218,1,1,2,10,6,5,49,42,0,1,0,55,1,52,46,52046,4,2002,JA3AJ86E12U0,J,A,3,A,J,8,6,E,1,2,U,0,0,P,MITS,LZR,4D,2,17,2701,,0,1024,,G,,F,4,122,,,15R195,,,,,,0,0,000000000,00000000000,0,0,0,1,0,0,0,0,0,0,0,70,0,0,0,1,6,2,42,0,0,0,1,55,53024,6,1,6,0,3,0,68,145,0,0,0,0,0,0,0,0,0,1,91,0,0,0,1,2,45,4,2,2,1,0,0,14,6,99,4,4,7,1,1
55,550219,1,1,1,9,6,2,33,1,0,1,0,17,1,34,706,34706,80,1990,WB1057309L61,W,B,1,0,5,7,3,0,9,L,6,1,0,M,BMW,K7R,RS,90,17,,,,,,,750,,3,,4,515,,,,,,,0,0,000000000,00000000000,0,0,0,1,0,0,0,0,0,0,0,55,0,0,0,0,6,2,32,0,0,0,1,17,60033,6,1,0,0,2,0,70,185,0,0,0,2,2,9,2009,10,2011,0,0,0,0,0,1,2,55,3,1,2,1,0,0,14,13,99,1,4,98,1,1
55,550220,1,2,2,22,6,12,4,12,6,1,0,55,1,22,32,22032,6,2003,5Y2SL62853Z4,5,Y,2,S,L,6,2,8,5,3,Z,4,0,P,PONT,VIB,4H,3,17,2700,,0,1024,,G,,F,4,110,,,16R205,,,,,,0,0,000000000,00000000000,0,0,0,1,0,0,0,0,0,0,0,30,0,0,0,1,6,2,12,0,0,0,1,55,54401,6,1,0,0,3,3,71,180,0,0,0,0,0,0,0,0,0,0,38,0,0,0,6,1,35,1,1,2,1,21,3,1,17,1,1,1,87,1,0
55,550220,2,2,1,22,6,12,4,12,6,1,0,55,1,42,44,42044,1,2004,WDBSK75F64F0,W,D,B,S,K,7,5,F,6,4,F,0,0,P,MERZ,SL5,RD,4,17,4065,,0,1008,,G,,F,8,303,,,18R255,,,,,,0,0,000000000,00000000000,0,0,0,1,0,0,0,0,0,0,0,35,0,0,0,12,6,2,12,0,0,0,1,55,54443,6,1,0,0,3,3,68,133,0,0,0,0,0,0,0,0,0,0,0,0,0,0,2,2,35,1,1,2,1,0,0,1,66,1,1,1,86,0,0
55,550221,1,1,1,29,6,12,39,33,0,1,1,55,1,20,402,20402,14,2003,2CNBJ13C7369,2,C,N,B,J,1,3,C,7,3,6,9,0,P,CHEV,TKR,UT,3,17,2987,,0,976,,G,,F,4,122,,,15R205,,,,,,0,0,000000000,00000000000,0,0,0,1,0,0,0,0,0,0,0,40,0,0,0,12,4,3,9,0,0,0,1,55,54703,6,1,0,0,3,2,69,145,0,0,0,0,0,0,0,0,0,0,91,74,0,0,2,2,45,1,1,2,1,2,3,1,13,1,1,4,1,0,0
55,550222,1,1,1,30,6,99,99,42,0,1,0,55,2,22,16,22016,2,2001,1G2JB1241173,1,G,2,J,B,1,2,4,1,1,7,3,0,P,PONT,SFS,CP,1,17,2606,,0,1041,,G,,F,4,133,,,14R195,,,,,,0,0,000000000,00000000000,0,0,0,1,0,0,0,0,0,0,0,55,0,1,5,99,6,2,1,0,0,0,1,55,53080,6,1,0,0,3,0,62,125,0,0,0,0,2,2,2011,9,2011,0,87,0,0,0,1,2,55,1,1,2,11,0,0,1,5,99,4,4,7,1,1
55,550223,1,1,1,30,6,19,49,25,0,1,0,27,1,63,441,63441,20,2007,KNDMB2333761,K,N,D,M,B,2,3,3,3,7,6,1,0,P,KIA,SED,SV,7,17,4387,,0,1189,,G,,F,6,232,,,16R225,,,,,,0,0,000000000,00000000000,0,0,0,1,0,0,0,0,0,0,0,70,0,0,0,11,6,2,21,0,0,0,1,27,55079,6,1,0,0,3,3,65,145,0,0,0,0,0,0,0,0,0,1,0,0,0,0,3,2,65,1,1,2,1,0,0,1,6,99,4,4,7,1,0
55,550224,1,1,2,21,6,99,99,44,0,1,0,55,1,12,471,12471,30,2008,1FTYR10UX8PA,1,F,T,Y,R,1,0,U,X,8,P,A,0,T,FORD,RNG,PK,8,17,,1,1180,1120,RNG,G,,,6,183,,,,B,3028,00,4,42,0,0,000000000,00000000000,0,0,0,1,0,0,0,0,0,0,0,55,0,0,0,0,6,2,35,0,0,0,1,55,53213,6,1,0,0,3,0,70,240,0,0,0,0,0,0,0,0,0,0,0,0,0,0,1,2,55,1,1,2,8,0,0,1,98,99,1,1,0,2,0
55,550225,1,2,1,21,6,99,99,44,0,1,0,55,2,20,431,20431,16,1992,1GNFK16K3NJ3,1,G,N,F,K,1,6,K,3,N,J,3,0,P,CHEV,K15,UT,92,17,5169,,0,1315,,G,,F,8,350,,,16R225,,,,,,0,0,000000000,00000000000,0,0,0,1,0,0,0,0,0,0,0,55,0,0,0,0,6,2,35,0,0,0,1,55,54646,6,1,0,0,3,0,66,165,0,0,0,0,0,0,0,0,0,0,0,0,0,0,1,2,55,1,1,2,8,0,0,1,98,99,1,1,0,1,0
55,550225,2,2,0,21,6,99,99,44,0,1,0,55,6,12,471,12471,30,2008,1FTYR10UX8PA,1,F,T,Y,R,1,0,U,X,8,P,A,0,T,FORD,RNG,PK,8,17,,1,1180,1120,RNG,G,,,6,183,,,,B,3028,00,4,42,0,0,000000000,00000000000,0,0,0,1,0,0,0,0,0,0,0,0,0,0,0,13,6,2,12,0,0,0,0,0,99997,7,6,97,7,6,7,998,997,998,998,998,998,998,98,9998,98,9998,8,0,0,0,0,1,2,55,1,1,2,8,0,0,0,98,0,0,0,98,0,0
55,550226,1,1,1,14,6,7,53,34,0,1,0,55,1,12,401,12401,14,2001,1FMCU70E41UB,1,F,M,C,U,7,0,E,4,1,U,B,0,P,FORD,EPR,UT,1,17,3959,,0,1018,,G,,F,6,245,,,15R235,,,,,,0,0,000000000,00000000000,0,0,0,1,0,0,0,0,0,0,0,999,0,1,5,61,6,2,1,0,0,0,1,55,54966,6,2,0,0,3,1,67,135,0,0,0,0,0,0,0,0,0,0,58,0,0,0,1,2,55,1,1,2,8,0,0,1,13,6,4,4,7,1,0
55,550227,1,1,1,12,6,18,45,1,0,1,0,55,2,37,706,37706,80,1984,1HFSC1202EA1,1,H,F,S,C,1,2,0,2,E,A,1,0,M,HOND,VF1,RS,84,17,,,,,,,1100,,4,,4,540,,,,,,,0,0,000000000,00000000000,0,0,0,1,0,0,0,0,0,0,0,999,0,0,0,0,2,3,1,0,0,0,1,55,54151,6,1,0,0,3,0,70,165,0,0,0,1,0,7,2011,7,2011,0,89,0,0,0,1,2,55,3,1,2,1,0,0,14,13,99,1,4,1,1,0
55,550228,1,1,5,15,6,0,53,34,0,1,0,55,1,49,50,49050,3,2006,JTKDE1774600,J,T,K,D,E,1,7,7,4,6,0,0,0,P,TOYT,SXC,2H,6,17,2905,,0,1063,,G,,F,4,144,,,17R215,,,,,,0,0,000000000,00000000000,0,0,0,1,0,0,0,0,0,0,0,97,0,0,0,99,6,2,42,0,0,0,1,55,54304,6,1,0,0,3,3,71,200,0,0,0,0,0,0,0,0,0,1,0,0,0,0,1,2,45,1,1,2,1,0,0,1,6,3,2,4,7,1,0
55,550229,1,1,1,15,6,4,2,42,0,1,0,55,1,49,52,49052,5,2007,JTKDE1778702,J,T,K,D,E,1,7,7,8,7,0,2,0,P,TOYT,SXC,2H,7,17,2905,,0,1063,,G,,F,4,146,,,17R215,,,,,,0,0,000000000,00000000000,0,0,0,1,0,0,0,0,0,0,0,999,0,0,0,12,6,2,2,0,0,1,1,55,53589,6,1,0,0,3,0,67,170,0,0,0,2,0,9,2010,11,2010,1,0,0,0,0,1,2,55,3,1,2,1,0,0,14,12,99,1,4,6,1,0