STATE,ST_CASE,VEH_NO,VE_FORMS,NUMOCCS,DAY,MONTH,HOUR,MINUTE,HARM_EV,MAN_COLL,UNITTYPE,HIT_RUN,REG_STAT,OWNER,MAKE,MODEL,MAK_MOD,BODY_TYP,MOD_YEAR,VIN,VIN_1,VIN_2,VIN_3,VIN_4,VIN_5,VIN_6,VIN_7,VIN_8,VIN_9,VIN_10,VIN_11,VIN_12,TOW_VEH,VINTYPE,VINMAKE,VINA_MOD,VIN_BT,VINMODYR,VIN_LNGT,VIN_WGT,WGTCD_TR,WHLBS_LG,WHLBS_SH,SER_TR,FUELCODE,MCYCL_DS,CARBUR,CYLINDER,DISPLACE,MCYCL_CY,MCYCL_WT,TIRE_SZE,TON_RAT,TRK_WT,TRKWTVAR,VIN_REST,WHLDRWHL,J_KNIFE,MCARR_I1,MCARR_I2,MCARR_ID,GVWR,V_CONFIG,CARGO_BT,HAZ_INV,HAZ_PLAC,HAZ_ID,HAZ_CNO,HAZ_REL,BUS_USE,SPEC_USE,EMER_USE,TRAV_SP,UNDERIDE,ROLLOVER,ROLINLOC,IMPACT1,DEFORMED,TOWED,M_HARM,VEH_SC1,VEH_SC2,FIRE_EXP,DR_PRES,L_STATE,DR_ZIP,L_STATUS,L_TYPE,CDL_STAT,L_ENDORS,L_COMPL,L_RESTRI,DR_HGT,DR_WGT,PREV_ACC,PREV_SUS,PREV_DWI,PREV_SPD,PREV_OTH,FIRST_MO,FIRST_YR,LAST_MO,LAST_YR,SPEEDREL,DR_SF1,DR_SF2,DR_SF3,DR_SF4,VTRAFWAY,VNUM_LAN,VSPD_LIM,VALIGN,VPROFILE,VPAVETYP,VSURCOND,VTRAFCON,VTCONT_F,P_CRASH1,P_CRASH2,P_CRASH3,PCRASH4,PCRASH5,ACC_TYPE,DEATHS,DR_DRINK
55,550230,1,1,1,16,6,16,1,30,0,1,0,17,1,72,706,72706,80,2009,1HD1KB4119Y6,1,H,D,1,K,B,4,1,1,9,Y,6,0,M,HD,FHX,RS,9,17,,,,,,,1584,,2,,4,810,,,,,,,0,0,000000000,00000000000,0,0,0,1,0,0,0,0,0,0,0,999,0,0,0,12,6,2,30,0,0,0,1,17,60031,6,1,0,0,3,0,68,200,0,0,0,0,0,0,0,0,0,0,0,0,0,0,1,2,45,3,3,1,1,0,0,14,13,99,1,4,1,1,1
55,550231,1,2,1,17,6,17,23,12,6,1,0,55,2,22,16,22016,2,2000,1G2JB1243Y71,1,G,2,J,B,1,2,4,3,Y,7,1,0,P,PONT,SFS,CP,0,17,2606,,0,1041,,G,,F,4,133,,,14R195,,,,,,0,0,000000000,00000000000,0,0,0,1,0,0,0,0,0,0,0,999,0,0,0,62,6,2,12,0,0,0,1,55,53531,1,1,0,0,2,0,76,235,0,0,0,0,0,0,0,0,0,0,38,0,0,0,1,2,55,1,1,2,1,20,3,11,17,99,1,1,82,0,0
55,550231,2,2,2,17,6,17,23,12,6,1,0,55,1,37,706,37706,80,1993,1HFSC2209PA5,1,H,F,S,C,2,2,0,9,P,A,5,0,M,HOND,G5A,RS,93,17,,,,,,,1500,,6,,4,800,,,,,,,0,0,000000000,00000000000,0,0,0,1,0,0,0,0,0,0,0,999,0,0,0,12,6,2,1,0,0,0,1,55,53559,6,1,6,0,3,0,74,220,0,0,0,0,0,0,0,0,0,0,0,0,0,0,1,2,55,1,1,2,1,0,0,1,67,99,1,1,83,1,0
55,550232,1,1,1,17,6,19,25,1,0,1,0,55,1,76,709,76709,80,1981,4M40002505,4,M,4,0,0,0,2,5,0,5,,,0,M,YAMA,,,81,10,,,,,,,,,,,,,,,,,,,0,0,000000000,00000000000,0,0,0,1,0,0,0,0,0,0,0,45,0,0,0,0,6,2,30,0,0,0,1,55,53069,6,1,0,0,3,0,65,165,0,0,0,1,2,6,2011,4,2012,0,0,0,0,0,1,2,45,1,1,2,1,0,0,1,9,99,1,1,98,1,0
55,550233,1,1,1,16,6,4,39,32,0,1,0,55,1,6,44,6044,4,2000,1C3EJ46X0YN2,1,C,3,E,J,4,6,X,0,Y,N,2,0,P,CHRY,LXC,4D,0,17,2888,,0,1080,,G,,F,4,148,,,000000,,,,,,0,0,000000000,00000000000,0,0,0,1,0,0,0,0,0,0,0,999,0,1,5,12,6,2,1,0,0,0,1,55,54732,6,2,0,0,3,0,67,120,0,0,0,0,2,7,2010,7,2010,0,0,0,0,0,1,2,55,3,5,2,1,0,0,14,13,99,1,4,1,1,0
55,550234,1,1,1,13,6,17,30,1,0,1,0,55,1,18,20,18020,4,1996,2G4WB52M3T14,2,G,4,W,B,5,2,M,3,T,1,4,0,P,BUIC,RGC,4D,96,17,3331,,0,1075,,G,,F,6,191,,,15R205,,,,,,0,0,000000000,00000000000,0,0,0,1,0,0,0,0,0,0,0,999,0,2,5,0,6,2,1,0,0,0,1,55,54810,6,1,0,0,3,3,73,185,0,0,0,0,0,0,0,0,0,1,89,0,0,0,2,2,55,3,2,2,1,0,0,14,6,99,1,4,6,1,1
55,550235,1,1,1,16,6,16,7,43,0,1,0,17,1,72,706,72706,80,2011,1HD1JD514BB0,1,H,D,1,J,D,5,1,4,B,B,0,0,M,HD,FLN,RS,11,17,,,,,,,1584,,2,,4,695,,,,,,,0,0,000000000,00000000000,0,0,0,1,0,0,0,0,0,0,0,37,0,0,0,12,2,3,59,0,0,0,1,17,60060,6,1,0,0,2,0,68,200,0,0,0,0,0,0,0,0,0,0,0,0,0,0,1,2,35,3,1,2,1,0,0,14,13,99,1,4,1,1,1
55,550236,1,1,2,3,6,13,53,34,0,1,0,17,4,72,706,72706,80,2012,1HD1FRM1XCB6,1,H,D,1,F,R,M,1,X,C,B,6,0,M,HD,RKC,RS,12,17,,,,,,,1690,,2,,4,773,,,,,,,0,0,000000000,00000000000,0,0,0,1,0,0,0,0,0,0,0,55,0,0,0,12,4,3,1,0,0,0,1,17,60010,6,1,0,0,3,0,69,165,0,0,0,0,0,0,0,0,0,0,0,0,0,0,1,2,55,1,1,2,1,0,0,1,13,99,1,4,1,1,0
55,550237,1,2,2,23,6,10,48,12,6,1,0,55,1,23,402,23402,14,2010,2CTFLGEW8A62,2,C,T,F,L,G,E,W,8,A,6,2,0,T,GMC,TET,4W,10,17,,1,0,1125,TER,G,,,4,146,,,,,3995,00,S,44,0,0,000000000,00000000000,0,0,0,1,0,0,0,0,0,0,0,25,0,0,0,12,6,2,12,0,0,0,1,55,54487,6,1,0,0,3,0,62,140,0,0,0,1,0,3,2012,3,2012,0,38,0,0,0,1,2,25,1,1,2,1,21,3,1,17,99,1,1,86,1,0
55,550237,2,2,1,23,6,10,48,12,6,1,0,55,1,20,431,20431,16,2003,1GNFK16Z73J2,1,G,N,F,K,1,6,Z,7,3,J,2,0,P,CHEV,K15,UT,3,17,5123,,0,1300,,F,,F,8,325,,,16R265,,,,,,0,0,000000000,00000000000,0,0,0,1,0,0,0,0,0,0,0,999,0,0,0,82,6,2,12,0,0,0,1,55,54166,6,1,0,0,3,3,66,200,0,0,0,0,0,0,0,0,0,0,0,0,0,0,1,2,25,1,1,2,1,0,0,1,66,99,1,1,87,0,0
55,550238,1,2,1,6,6,11,14,1,0,1,0,0,0,97,997,97997,98,9998,888888888888,8,8,8,8,8,8,8,8,8,8,8,8,0,,,,,,,,,,,,,,,,,,,,,,,,,0,0,000000000,00000000000,0,0,0,1,0,0,0,0,0,0,0,999,0,0,0,11,2,3,12,0,0,0,1,55,54730,6,1,6,0,1,0,70,145,0,0,0,0,1,4,2010,4,2010,0,38,0,0,0,1,2,55,1,5,2,1,0,0,11,15,99,1,1,98,0,0
55,550238,2,2,1,6,6,11,14,1,0,1,0,55,1,37,709,37709,80,1981,JH2RC0503BM2,J,H,2,R,C,0,5,0,3,B,M,2,0,M,HOND,C50,RS,81,17,,,,,,,627,,4,,4,636,,,,,,,0,0,000000000,00000000000,0,0,0,1,0,0,0,0,0,0,0,999,0,0,0,0,6,2,12,0,0,0,1,55,54703,6,1,0,0,3,2,75,240,0,0,0,0,1,9,2010,9,2010,0,74,0,0,0,1,2,55,1,5,2,1,0,0,1,60,99,1,1,98,1,0
55,550239,1,1,1,27,6,15,40,11,0,1,0,55,1,72,706,72706,80,2000,1HD1BMY13YY0,1,H,D,1,B,M,Y,1,3,Y,Y,0,0,M,HD,FLF,RS,0,17,,,,,,,1450,,2,,4,666,,,,,,,0,0,000000000,00000000000,0,0,0,1,0,0,0,0,0,0,0,55,0,0,0,12,2,3,11,0,0,0,1,55,54547,6,1,0,0,3,0,64,145,0,0,0,0,0,0,0,0,0,0,83,0,0,0,1,2,55,1,1,2,1,0,0,1,87,3,2,1,13,1,0
55,550240,1,2,3,8,7,0,16,12,6,1,1,55,2,23,481,23481,31,1994,2GTEK19K4R15,2,G,T,E,K,1,9,K,4,R,1,5,0,T,GMC,SK1,PC,94,17,,2,1555,1415,SIE,G,,,8,350,,,,B,00000,00,A,44,0,0,000000000,00000000000,0,0,0,1,0,0,0,0,0,0,0,55,0,0,0,12,6,2,12,0,0,0,1,55,54843,6,1,0,0,3,0,68,155,0,1,1,1,2,2,2011,4,2012,0,38,0,0,0,1,2,35,1,1,2,1,20,3,1,15,99,1,1,86,0,0
55,550240,2,2,2,8,7,0,16,12,6,1,0,55,2,76,706,76706,80,1983,JYA31M003DA0,J,Y,A,3,1,M,0,0,3,D,A,0,0,M,YAMA,X1D,RS,83,17,,,,,,,1198,,4,,4,701,,,,,,,0,0,000000000,00000000000,0,0,0,1,0,0,0,0,0,0,0,55,0,0,0,3,6,2,12,0,0,0,1,55,54562,6,1,0,0,3,3,68,170,0,0,0,0,0,0,0,0,0,0,89,0,0,0,1,2,55,1,1,2,1,0,0,1,17,99,1,1,87,1,0
55,550241,1,1,1,8,7,99,99,1,0,1,0,55,1,72,706,72706,80,2004,1HD1HBZ144K8,1,H,D,1,H,B,Z,1,4,4,K,8,0,M,HD,VRS,RS,4,17,,,,,,,1130,,2,,4,596,,,,,,,0,0,000000000,00000000000,0,0,0,1,0,0,0,0,0,0,0,999,0,0,0,0,4,3,1,0,0,0,1,55,53049,6,1,0,0,3,0,72,225,0,0,0,1,0,8,2009,8,2009,0,0,0,0,0,1,2,55,1,5,2,1,0,0,1,13,3,2,4,1,1,1
55,550242,1,1,2,8,7,19,24,8,0,1,1,55,2,22,18,22018,4,2000,1G2NF52T1YC5,1,G,2,N,F,5,2,T,1,Y,C,5,0,P,PONT,SE1,4D,0,17,3116,,0,1070,,G,,F,4,146,,,15R215,,,,,,0,0,000000000,00000000000,0,0,0,1,0,0,0,0,0,0,0,999,0,0,0,12,9,1,8,0,0,0,1,55,54311,0,0,0,0,0,0,999,999,0,0,0,0,0,0,0,0,0,9,0,0,0,0,1,2,30,1,1,1,1,0,0,1,80,99,1,1,13,0,0
55,550243,1,1,3,8,7,11,25,1,0,1,0,13,2,49,40,49040,4,2003,4T1BF32K63U5,4,T,1,B,F,3,2,K,6,3,U,5,0,P,TOYT,UXS,4D,3,17,3203,,0,1071,,G,,F,6,183,,,15R205,,,,,,0,0,000000000,00000000000,0,0,0,1,0,0,0,0,0,0,0,68,0,2,1,0,6,2,1,0,0,0,1,13,30016,6,1,0,0,3,3,71,175,98,0,0,1,0,7,2011,7,2011,0,24,80,0,0,2,2,65,1,1,1,1,0,0,1,1,99,7,2,98,1,0
55,550244,1,1,1,10,7,4,19,53,0,1,0,55,1,20,19,20019,4,1994,1G1LD55M6RY2,1,G,1,L,D,5,5,M,6,R,Y,2,0,P,CHEV,CSA,4D,94,17,2665,,0,1034,,G,,F,6,191,,,14R185,,,,,,0,0,000000000,00000000000,0,0,0,1,0,0,0,0,0,0,0,65,0,0,0,99,6,2,30,0,0,0,1,55,54157,6,1,0,0,3,3,73,240,0,0,0,1,0,12,2010,12,2010,1,89,0,0,0,1,2,45,1,1,2,1,0,0,1,6,3,4,4,7,1,0
55,550245,1,2,1,10,7,17,2,12,2,1,0,55,4,82,881,82881,66,2007,1FUBCYDC27HY,1,F,U,B,C,Y,D,C,2,7,H,Y,1,T,FRHT,16M,TR,7,17,,8,0,0,FM2,D,,,6,439,,,,,00000,00,,42,1,57,00016130,5700016130,3,6,1,1,0,0,0,0,0,0,0,999,0,0,0,12,6,2,12,0,0,0,1,55,53901,6,1,6,0,3,0,69,180,1,0,0,0,1,1,2012,2,2012,0,28,0,0,0,1,2,55,2,1,2,1,0,0,14,10,99,1,2,50,0,0
55,550245,2,2,2,10,7,17,2,12,2,1,0,55,2,76,705,76705,80,2009,JYARJ16E39A0,J,Y,A,R,J,1,6,E,3,9,A,0,0,M,YAMA,R6L,RC,9,17,,,,,,,599,,4,,4,414,,,,,,,0,0,000000000,00000000000,0,0,0,1,0,0,0,0,0,0,0,999,0,0,0,12,6,2,12,0,0,0,1,55,53716,2,2,0,0,2,0,66,115,0,1,2,0,0,5,2012,5,2012,0,0,0,0,0,1,2,55,3,1,2,1,0,0,14,62,99,1,1,51,2,0
55,550246,1,1,2,12,7,19,30,42,0,1,0,55,1,23,461,23461,21,2009,1GTGG29K9911,1,G,T,G,G,2,9,K,9,9,1,1,0,T,GMC,SA2,EC,9,17,,2,0,1550,SAV,G,,,8,366,,,,C,5547,00,U,42,0,0,000000000,00000000000,0,0,0,1,0,0,0,0,0,0,0,45,0,0,0,12,6,2,42,0,0,0,1,55,53130,6,1,0,0,3,0,72,225,0,0,0,0,0,0,0,0,0,0,28,51,0,0,1,2,35,1,1,2,1,0,0,1,12,1,1,4,6,1,0
55,550247,1,1,2,10,7,21,33,33,0,1,0,55,1,72,706,72706,80,2007,1HD1FF4137Y6,1,H,D,1,F,F,4,1,3,7,Y,6,0,M,HD,FHC,RS,7,17,,,,,,,1584,,2,,4,784,,,,,,,0,0,000000000,00000000000,0,0,0,1,0,0,0,0,0,0,0,999,0,0,0,12,4,3,1,0,0,0,1,55,53022,6,1,0,0,2,0,72,192,0,0,0,1,1,10,2010,7,2011,1,0,0,0,0,1,2,30,3,3,2,1,0,0,14,6,99,1,6,98,2,1
55,550248,1,1,1,11,7,17,45,49,0,1,0,55,3,12,481,12481,31,1999,1FTNX21F7XEA,1,F,T,N,X,2,1,F,7,X,E,A,0,T,FORD,F2S,4C,99,17,,2,1580,1418,SRW,D,,,8,444,,,,C,5635,01,E,44,0,0,000000000,00000000000,0,0,0,1,0,0,0,0,0,0,0,999,0,0,0,12,4,3,49,0,0,0,1,55,53946,6,1,0,0,3,0,71,200,0,0,0,0,0,0,0,0,0,0,0,0,0,0,1,2,55,1,6,2,1,0,0,1,83,99,1,1,13,0,0
55,550249,1,1,1,4,7,18,4,1,0,1,0,26,1,76,706,76706,80,2001,JYAVP07E01A0,J,Y,A,V,P,0,7,E,0,1,A,0,0,M,YAMA,XTL,RS,1,17,,,,,,,1602,,2,,4,710,,,,,,,0,0,000000000,00000000000,0,0,0,1,0,0,0,0,0,0,0,999,0,0,0,0,4,3,1,0,0,0,1,26,49885,9,9,99,0,9,9,999,999,99,99,99,99,99,99,9999,99,9999,1,0,0,0,0,1,2,55,3,4,2,1,0,0,14,6,3,4,6,98,1,0
55,550250,1,1,1,15,7,1,27,1,0,1,0,55,1,73,706,73706,80,2010,JKBZXNC16AA0,J,K,B,Z,X,N,C,1,6,A,A,0,0,M,KAWK,X4C,RC,10,17,,,,,,,1352,,4,,4,567,,,,,,,0,0,000000000,00000000000,0,0,0,1,0,0,0,0,0,0,0,97,0,0,0,0,6,2,1,0,0,1,1,55,54464,6,1,0,0,3,2,76,220,0,0,0,1,1,4,2011,6,2011,1,74,0,0,0,2,2,65,1,1,1,1,0,0,1,6,99,1,4,1,1,1
55,550251,1,1,1,15,7,2,48,1,0,1,0,55,1,2,404,2404,14,1999,1J4GW68N6XC5,1,J,4,G,W,6,8,N,6,X,C,5,0,T,JEEP,LMT,4W,99,17,,1,0,1059,GCK,G,,,8,287,,,,,3809,00,E,44,0,0,000000000,00000000000,0,0,0,1,0,0,0,0,0,0,0,999,0,2,5,0,6,2,1,0,0,1,1,55,54619,6,1,0,0,3,0,67,150,0,0,0,1,0,1,2010,1,2010,0,0,0,0,0,1,2,55,3,3,2,1,0,0,14,13,99,1,4,1,1,1
55,550252,1,1,1,15,7,14,35,31,0,1,0,55,2,12,17,12017,4,2002,1FAFP52282A1,1,F,A,F,P,5,2,2,8,2,A,1,0,P,FORD,TAX,4D,2,17,3355,,0,1085,,F,,F,6,182,,,16R215,,,,,,0,0,000000000,00000000000,0,0,0,1,0,0,0,0,0,0,0,46,0,1,5,1,6,2,42,0,0,0,1,55,54621,6,2,0,0,3,3,64,115,0,0,0,0,0,0,0,0,0,0,58,0,0,0,1,2,55,3,1,2,1,0,0,14,13,99,1,4,1,1,0
55,550253,1,2,1,19,7,13,29,12,2,1,0,55,2,20,431,20431,16,2001,1GNFK16T51J1,1,G,N,F,K,1,6,T,5,1,J,1,0,P,CHEV,K15,UT,1,17,5123,,0,1300,,G,,F,8,325,,,16R245,,,,,,0,0,000000000,00000000000,0,0,0,1,0,0,0,0,0,0,0,999,0,1,1,12,6,2,12,0,0,0,1,55,54950,6,1,0,0,3,0,66,135,0,0,0,0,0,0,0,0,0,0,28,0,0,0,1,2,55,1,1,2,1,0,0,1,10,99,1,2,50,0,1
55,550253,2,2,1,19,7,13,29,12,2,1,0,55,1,14,6,14006,4,1997,2MELM75W4VX6,2,M,E,L,M,7,5,W,4,V,X,6,0,P,MERC,MGL,4D,97,17,3796,,0,1144,,G,,F,8,281,,,15R215,,,,,,0,0,000000000,00000000000,0,0,0,1,0,0,0,0,0,0,0,999,0,0,0,12,6,2,12,0,0,0,1,55,54945,6,2,0,0,3,1,67,160,0,0,0,0,0,0,0,0,0,0,0,0,0,0,1,2,55,1,1,2,1,0,0,1,62,99,1,1,51,1,0
55,550254,1,1,2,21,7,18,21,34,0,1,0,55,2,12,401,12401,14,1998,1FMZU35P9WUB,1,F,M,Z,U,3,5,P,9,W,U,B,0,P,FORD,EPR,UT,98,17,4374,,0,1115,,G,,F,8,302,,,15R225,,,,,,0,0,000000000,00000000000,0,0,0,1,0,0,0,0,0,0,0,55,0,1,1,99,6,2,1,0,0,0,1,55,53221,0,0,0,0,0,0,73,197,0,0,0,0,0,0,0,0,0,1,58,0,0,0,1,2,55,1,1,2,1,0,0,1,6,6,4,6,98,1,1
55,550255,1,1,1,23,7,16,5,42,0,1,0,55,2,49,32,49032,4,2009,JTDBL40EX990,J,T,D,B,L,4,0,E,X,9,9,0,0,P,TOYT,CLB,4D,9,17,2723,,0,1024,,G,,F,4,110,,,15R195,,,,,,0,0,000000000,00000000000,0,0,0,1,0,0,0,0,0,0,0,999,9,0,0,12,6,2,42,0,0,0,1,55,53704,2,1,0,0,2,0,71,160,0,2,1,4,0,8,2009,2,2012,0,0,0,0,0,1,2,25,2,1,1,1,0,0,14,12,99,1,4,6,1,0
55,550256,1,1,3,24,7,3,13,30,0,1,0,55,2,20,22,20022,2,2005,1G1AL12F3576,1,G,1,A,L,1,2,F,3,5,7,6,0,P,CHEV,BLS,CP,5,17,2991,,0,1033,,G,,F,4,134,,,15R195,,,,,,0,0,000000000,00000000000,0,0,0,1,0,0,0,0,0,0,0,70,0,0,0,2,6,2,30,0,0,0,1,55,53029,6,7,0,0,3,2,75,155,0,0,0,0,0,0,0,0,0,1,73,0,0,0,1,2,30,3,1,2,1,0,0,14,6,3,4,4,2,3,1
55,550257,1,2,2,24,7,15,11,12,6,1,0,55,2,7,20,7020,4,1995,1B3ES67C8SD3,1,B,3,E,S,6,7,C,8,S,D,3,0,P,DODG,NES,4D,95,17,2493,,0,1040,,G,,F,4,122,,,14R185,,,,,,0,0,000000000,00000000000,0,0,0,1,0,0,0,0,0,0,0,999,0,0,0,12,4,3,12,0,0,0,1,55,54166,3,7,0,0,2,2,65,190,0,0,0,0,0,0,0,0,0,0,38,39,73,0,1,2,55,1,1,2,1,20,3,1,17,99,1,1,86,0,0
55,550257,2,2,2,24,7,15,11,12,6,1,0,55,1,12,401,12401,14,2002,1FMZU73K42ZC,1,F,M,Z,U,7,3,K,4,2,Z,C,0,P,FORD,EPR,UT,2,17,4378,,0,1137,,F,,F,6,245,,,16R235,,,,,,0,0,000000000,00000000000,0,0,0,1,0,0,0,0,0,0,0,55,0,1,5,3,6,2,12,0,0,0,1,55,54111,6,1,0,0,3,0,70,215,1,0,0,0,0,8,2010,8,2010,0,0,0,0,0,1,2,55,1,1,2,1,0,0,1,66,99,1,1,87,1,0
55,550258,1,1,1,26,7,15,8,42,0,1,0,55,1,24,401,24401,14,2003,5GZCZ63B33S8,5,G,Z,C,Z,6,3,B,3,3,S,8,0,P,STRN,VUE,UT,3,17,3470,,0,1066,,G,,F,6,181,,,16R235,,,,,,0,0,000000000,00000000000,0,0,0,1,0,0,0,0,0,0,0,45,0,0,0,12,6,2,42,0,0,0,1,55,53207,6,1,0,0,3,0,66,170,0,0,0,0,0,0,0,0,0,1,0,0,0,0,1,4,30,1,1,1,1,0,0,1,10,99,1,4,6,1,0
55,550259,1,1,1,28,7,3,32,33,0,1,0,51,2,7,442,7442,20,2003,1D4GP25393B1,1,D,4,G,P,2,5,3,9,3,B,1,0,P,DODG,CAR,SV,3,17,3758,,0,1133,,F,,F,6,201,,,16R215,,,,,,0,0,000000000,00000000000,0,0,0,1,0,0,0,0,0,0,0,72,0,1,1,61,6,2,42,0,0,0,1,55,53548,2,1,0,0,2,0,62,145,0,0,0,0,1,10,2010,10,2010,1,28,0,0,0,1,2,30,1,1,2,1,0,0,1,6,3,2,4,6,1,1
55,550260,1,1,1,28,7,6,16,32,0,1,0,55,2,20,431,20431,16,1999,3GNFK16R0XG2,3,G,N,F,K,1,6,R,0,X,G,2,0,P,CHEV,K15,UT,99,17,5297,,0,1315,,G,,F,8,350,,,16R245,,,,,,0,0,000000000,00000000000,0,0,0,1,0,0,0,0,0,0,0,999,0,1,5,12,6,2,42,0,0,0,1,55,53546,6,2,0,0,3,1,71,225,0,0,0,0,0,0,0,0,0,0,0,0,0,0,1,2,55,1,1,2,1,0,0,1,10,99,1,4,6,1,0
55,550261,1,1,5,29,7,4,46,1,0,1,0,55,1,20,403,20403,14,2004,1GNDT13S1423,1,G,N,D,T,1,3,S,1,4,2,3,0,P,CHEV,TRL,UT,4,17,4612,,0,1130,,G,,F,6,256,,,16R245,,,,,,0,0,000000000,00000000000,0,0,0,1,0,0,0,0,0,0,0,65,0,2,1,0,6,2,1,0,0,0,1,55,54501,3,1,0,0,2,3,66,231,0,0,0,0,0,0,0,0,0,0,21,58,0,0,1,2,65,1,1,1,1,0,0,1,11,8,4,6,98,2,0
55,550262,1,1,1,5,7,2,39,17,0,1,0,55,1,6,52,6052,6,2006,3A4FY58B46T2,3,A,4,F,Y,5,8,B,4,6,T,2,0,P,CHRY,PTC,SV,6,17,3035,,0,1030,,G,,F,4,148,,,17R205,,,,,,0,0,000000000,00000000000,0,0,0,1,0,0,0,0,0,0,0,999,0,1,6,12,6,2,2,0,0,1,1,55,53022,6,1,0,0,3,0,69,195,0,0,0,0,0,0,0,0,0,1,0,0,0,0,1,2,40,1,1,2,1,0,0,1,6,99,1,4,1,1,1
55,550263,1,1,1,28,7,20,5,11,0,1,0,55,1,72,706,72706,80,1987,1HD1ELL12HY1,1,H,D,1,E,L,L,1,2,H,Y,1,0,M,HD,FLR,RS,87,17,,,,,,,1340,,2,,4,575,,,,,,,0,0,000000000,00000000000,0,0,0,1,0,0,0,0,0,0,0,999,0,0,0,12,9,2,11,0,0,0,1,55,54552,6,1,8,0,3,3,72,175,0,0,0,0,0,0,0,0,0,0,83,0,0,0,1,2,55,1,1,2,1,0,0,1,87,99,1,1,13,1,1
55,550264,1,1,1,29,7,18,35,34,0,1,0,55,1,37,705,37705,80,2011,JH2NC0109BM2,J,H,2,N,C,0,1,0,9,B,M,2,0,M,HOND,CM4,RS,81,17,,,,,,,395,,2,,4,392,,,,,,,0,0,000000000,00000000000,0,0,0,1,0,0,0,0,0,0,0,45,0,0,0,12,6,2,1,0,0,0,1,55,54313,6,1,0,0,3,3,64,137,0,0,0,0,0,0,0,0,0,0,89,0,0,0,1,2,45,1,3,2,1,0,0,1,13,99,1,4,1,1,1
55,550265,1,1,1,12,7,4,41,8,0,1,0,55,1,12,35,12035,4,1998,1FAFP68G1WK2,1,F,A,F,P,6,8,G,1,W,K,2,0,P,FORD,CSV,4D,98,17,3065,,0,1065,,G,,F,6,155,,,16R205,,,,,,0,0,000000000,00000000000,0,0,0,1,0,0,0,0,0,0,0,999,0,0,0,14,4,3,8,0,0,0,1,55,53965,0,0,0,0,0,0,999,999,0,0,0,0,0,0,0,0,0,0,91,0,0,0,1,2,35,1,1,2,1,0,0,1,80,99,1,1,13,0,1
55,550266,1,1,1,23,7,8,29,1,0,1,0,55,1,22,16,22016,2,2004,1G2JB12FX473,1,G,2,J,B,1,2,F,X,4,7,3,0,P,PONT,SFR,CP,4,17,2771,,0,1041,,G,,F,4,134,,,15R195,,,,,,0,0,000000000,00000000000,0,0,0,1,0,0,0,0,0,0,0,55,0,2,5,0,6,2,1,0,0,0,1,55,54154,6,1,0,0,3,0,70,180,1,0,0,1,1,1,2010,7,2012,0,28,58,89,0,1,2,55,3,6,2,1,0,0,14,13,3,4,4,6,1,0
55,550267,1,1,4,7,6,3,0,1,0,1,0,55,1,22,20,22020,4,2005,2G2WS5223512,2,G,2,W,S,5,2,2,3,5,1,2,0,P,PONT,GPG,4D,5,17,3484,,0,1105,,G,,F,6,231,,,16R225,,,,,,0,0,000000000,00000000000,0,0,0,1,0,0,0,0,0,0,0,85,0,9,5,0,6,2,1,0,0,0,1,55,54452,6,1,0,0,3,0,66,150,0,0,0,0,0,0,0,0,0,1,0,0,0,0,1,2,25,1,1,2,1,0,0,1,6,99,7,4,2,2,1
55,550268,1,4,1,2,7,1,20,12,2,1,0,55,1,12,4,12004,2,1996,1FALP6248TH1,1,F,A,L,P,6,2,4,8,T,H,1,0,P,FORD,THL,2D,96,17,3561,,0,1130,,G,,F,6,232,,,15R205,,,,,,0,0,000000000,00000000000,0,0,0,1,0,0,0,0,0,0,0,999,0,0,0,12,6,2,12,0,0,0,1,55,53212,0,0,0,0,0,0,64,140,0,0,0,0,0,0,0,0,0,0,38,0,0,0,3,3,50,3,1,2,1,28,3,14,54,1,1,1,50,1,1
55,550268,2,4,1,2,7,1,20,12,2,1,0,55,2,37,32,37032,4,2001,1HGCG16511A0,1,H,G,C,G,1,6,5,1,1,A,0,0,P,HOND,UEX,4D,1,17,3329,,0,1069,,G,,F,6,183,,,15R205,,,,,,0,0,000000000,00000000000,0,0,0,1,0,0,0,0,0,0,0,999,0,0,0,12,6,2,12,0,0,0,1,55,53204,3,2,0,0,2,0,69,229,0,0,0,0,1,9,2009,9,2009,0,0,0,0,0,3,3,50,4,1,2,1,0,0,14,74,7,1,1,51,1,0
55,550268,3,4,1,2,7,1,20,12,2,1,0,55,1,7,442,7442,20,2005,1D4GP45RX5B3,1,D,4,G,P,4,5,R,X,5,B,3,0,P,DODG,CAR,SV,5,17,3845,,0,1133,,G,,F,6,201,,,16R215,,,,,,0,0,000000000,00000000000,0,0,0,1,0,0,0,0,0,0,0,999,0,0,0,12,6,2,12,0,0,0,1,55,53225,6,1,0,0,3,0,63,200,0,0,0,0,0,0,0,0,0,0,0,0,0,0,3,3,50,4,1,2,1,0,0,14,74,99,1,1,98,1,0
55,550268,4,4,2,2,7,1,20,12,2,1,0,55,1,58,37,58037,2,2008,JNKCV64E88M1,J,N,K,C,V,6,4,E,8,8,M,1,0,P,INFI,G3S,CP,8,17,3616,,0,1122,,G,,F,6,226,,,18R225,,,,,,0,0,000000000,00000000000,0,0,0,1,0,0,0,0,0,0,0,999,0,0,0,99,4,3,12,0,0,0,1,55,53228,6,1,0,0,3,0,72,210,0,0,0,1,2,11,2009,9,2011,0,0,0,0,0,3,3,50,4,1,2,1,0,0,14,74,99,1,1,98,0,0