STATE,ST_CASE,VEH_NO,VE_FORMS,NUMOCCS,DAY,MONTH,HOUR,MINUTE,HARM_EV,MAN_COLL,UNITTYPE,HIT_RUN,REG_STAT,OWNER,MAKE,MODEL,MAK_MOD,BODY_TYP,MOD_YEAR,VIN,VIN_1,VIN_2,VIN_3,VIN_4,VIN_5,VIN_6,VIN_7,VIN_8,VIN_9,VIN_10,VIN_11,VIN_12,TOW_VEH,VINTYPE,VINMAKE,VINA_MOD,VIN_BT,VINMODYR,VIN_LNGT,VIN_WGT,WGTCD_TR,WHLBS_LG,WHLBS_SH,SER_TR,FUELCODE,MCYCL_DS,CARBUR,CYLINDER,DISPLACE,MCYCL_CY,MCYCL_WT,TIRE_SZE,TON_RAT,TRK_WT,TRKWTVAR,VIN_REST,WHLDRWHL,J_KNIFE,MCARR_I1,MCARR_I2,MCARR_ID,GVWR,V_CONFIG,CARGO_BT,HAZ_INV,HAZ_PLAC,HAZ_ID,HAZ_CNO,HAZ_REL,BUS_USE,SPEC_USE,EMER_USE,TRAV_SP,UNDERIDE,ROLLOVER,ROLINLOC,IMPACT1,DEFORMED,TOWED,M_HARM,VEH_SC1,VEH_SC2,FIRE_EXP,DR_PRES,L_STATE,DR_ZIP,L_STATUS,L_TYPE,CDL_STAT,L_ENDORS,L_COMPL,L_RESTRI,DR_HGT,DR_WGT,PREV_ACC,PREV_SUS,PREV_DWI,PREV_SPD,PREV_OTH,FIRST_MO,FIRST_YR,LAST_MO,LAST_YR,SPEEDREL,DR_SF1,DR_SF2,DR_SF3,DR_SF4,VTRAFWAY,VNUM_LAN,VSPD_LIM,VALIGN,VPROFILE,VPAVETYP,VSURCOND,VTRAFCON,VTCONT_F,P_CRASH1,P_CRASH2,P_CRASH3,PCRASH4,PCRASH5,ACC_TYPE,DEATHS,DR_DRINK
55,550269,1,2,1,2,7,13,10,12,6,1,0,17,2,54,31,54031,4,1994,JH4DB7645RS0,J,H,4,D,B,7,6,4,5,R,S,0,0,P,ACUR,IRS,4D,94,17,2552,,0,1031,,G,,F,4,112,,,14R190,,,,,,0,0,000000000,00000000000,0,0,0,1,0,0,0,0,0,0,0,999,0,0,0,9,6,2,12,0,0,0,1,17,60062,6,1,0,0,3,3,73,205,0,0,0,0,0,0,0,0,0,0,38,0,0,0,1,2,45,2,1,2,1,20,3,4,17,99,1,1,89,1,0
55,550269,2,2,1,2,7,13,10,12,6,1,0,55,2,2,403,2403,14,2010,1J4BA5H19AL2,1,J,4,B,A,5,H,1,9,A,L,2,0,T,JEEP,WUS,4W,10,17,,1,0,1160,WUL,G,,,6,230,,,,,4269,00,E,44,0,0,000000000,00000000000,0,0,0,1,0,0,0,0,0,0,0,67,0,0,0,12,6,2,12,0,0,0,1,55,53555,6,1,0,0,3,3,73,200,0,1,1,0,0,11,2009,11,2009,0,0,0,0,0,1,2,45,1,1,2,1,0,0,4,66,1,1,1,88,0,0
55,550270,1,1,1,3,7,22,38,35,0,1,0,6,2,2,404,2404,14,1988,1JCMT7898JT1,1,J,C,M,T,7,8,9,8,J,T,1,0,T,JEEP,LIM,4W,88,17,,1,0,1010,CHK,G,,,6,242,,,,,2924,01,A,44,0,0,000000000,00000000000,0,0,0,1,0,0,0,0,0,0,0,999,0,0,0,12,6,2,42,0,0,0,1,55,53581,0,0,0,0,0,0,999,999,0,0,0,0,0,0,0,0,0,0,0,0,0,0,1,2,55,1,1,2,1,0,0,1,12,99,1,4,6,1,1
55,550271,1,2,1,3,7,21,18,12,2,1,0,55,1,35,481,35481,31,2007,1N6BA06B57N2,1,N,6,B,A,0,6,B,5,7,N,2,1,T,NISS,TXS,4C,7,17,,2,0,1398,TTN,F,,,8,342,,,,,4927,00,E,44,1,0,000000000,00000000000,0,0,0,1,0,0,0,0,0,0,0,45,0,0,0,12,6,2,12,0,0,0,1,55,53403,6,1,0,0,3,0,66,180,0,0,0,0,0,0,0,0,0,0,28,0,0,0,3,2,45,1,1,1,1,1,3,1,10,99,1,2,50,1,1
55,550271,2,2,1,3,7,21,18,12,2,1,0,55,1,23,880,23880,67,2008,1GTJK33668F1,1,G,T,J,K,3,3,6,6,8,F,1,1,T,GMC,SK3,CW,8,17,,3,0,1670,SIE,D,,,8,403,,,,D,6400,00,4,44,1,88,888888888,88888888888,2,4,1,1,0,0,0,0,0,0,0,0,0,0,0,12,6,2,12,0,0,0,1,55,53105,6,1,6,0,3,0,73,235,0,0,0,0,0,0,0,0,0,0,0,0,0,0,3,2,45,1,1,1,1,1,3,5,62,1,1,1,51,0,0
55,550272,1,2,1,5,7,13,59,12,6,1,0,55,1,12,17,12017,4,1999,1FAFP53U8XA2,1,F,A,F,P,5,3,U,8,X,A,2,0,P,FORD,TSE,4D,99,17,3353,,0,1085,,G,,F,6,182,,,15R205,,,,,,0,0,000000000,00000000000,0,0,0,1,0,0,0,0,0,0,0,22,0,0,0,3,6,2,12,0,0,0,1,55,53185,6,1,0,0,3,3,62,140,0,0,0,0,0,0,0,0,0,0,38,0,0,0,1,2,35,1,1,2,1,20,3,4,17,99,1,1,87,1,0
55,550272,2,2,1,5,7,13,59,12,6,1,0,55,1,23,402,23402,14,2011,2CTFLXE53B63,2,C,T,F,L,X,E,5,3,B,6,3,0,T,GMC,TET,4W,11,17,,1,0,1125,TER,G,,,6,183,,,,,4049,00,S,44,0,0,000000000,00000000000,0,0,0,1,0,0,0,0,0,0,0,57,0,0,0,12,6,2,12,0,0,0,1,55,53185,6,1,0,0,3,3,72,248,0,0,0,0,0,0,0,0,0,0,0,0,0,0,2,2,55,1,1,2,1,0,0,1,66,3,2,1,86,0,0
55,550273,1,3,1,6,7,14,42,12,2,1,0,55,1,20,22,20022,4,2006,1G1AL55F0677,1,G,1,A,L,5,5,F,0,6,7,7,0,P,CHEV,BLT,4D,6,17,3216,,0,1033,,G,,F,4,134,,,15R195,,,,,,0,0,000000000,00000000000,0,0,0,1,0,0,0,0,0,0,0,34,0,0,0,12,6,2,12,0,0,0,1,55,53207,1,1,0,0,2,0,63,143,1,0,0,0,1,2,2012,4,2012,0,28,0,0,0,1,4,30,1,1,2,1,0,0,1,10,99,1,2,50,1,0
55,550273,2,3,1,6,7,14,42,12,2,1,0,55,2,12,401,12401,14,2002,1FMZU74E12ZB,1,F,M,Z,U,7,4,E,1,2,Z,B,0,P,FORD,EPR,UT,2,17,4388,,0,1137,,G,,F,6,245,,,16R245,,,,,,0,0,000000000,00000000000,0,0,0,1,0,0,0,0,0,0,0,30,0,0,0,12,6,2,12,0,0,0,1,55,53221,6,1,0,0,3,0,72,183,0,0,0,0,0,0,0,0,0,0,0,0,0,0,1,4,30,1,1,2,1,0,0,1,62,99,1,1,51,0,0
55,550273,3,3,1,6,7,14,42,12,2,1,0,55,2,6,44,6044,4,2000,1C3EJ56H1YN1,1,C,3,E,J,5,6,H,1,Y,N,1,0,P,CHRY,CLI,4D,0,17,3115,,0,1080,,G,,F,6,152,,,15R195,,,,,,0,0,000000000,00000000000,0,0,0,1,0,0,0,0,0,0,0,30,0,0,0,12,4,1,12,0,0,0,1,55,53219,1,1,0,0,2,0,67,175,0,2,0,0,0,5,2010,12,2011,0,0,0,0,0,1,4,30,1,1,2,1,0,0,1,52,99,1,1,98,0,0
55,550274,1,1,2,7,7,12,57,1,0,1,0,27,1,72,706,72706,80,1992,1HD1BJL4XNY0,1,H,D,1,B,J,L,4,X,N,Y,0,0,M,HD,STC,RS,92,17,,,,,,,1340,,2,,4,710,,,,,,,0,0,000000000,00000000000,0,0,0,1,0,0,0,0,0,0,0,30,0,0,0,0,6,2,1,0,0,0,1,27,55128,6,1,0,0,3,0,70,190,1,0,0,2,0,5,2010,7,2010,0,58,0,0,0,1,2,55,1,1,2,1,0,0,1,98,99,3,6,98,1,0
55,550275,1,1,1,7,7,15,41,9,0,1,0,55,2,49,50,49050,3,2008,JTKDE1672802,J,T,K,D,E,1,6,7,2,8,0,2,0,P,TOYT,SXC,2H,8,17,2905,,0,1063,,G,,F,4,146,,,17R215,,,,,,0,0,000000000,00000000000,0,0,0,1,0,0,0,0,0,0,0,40,0,0,0,12,6,2,9,0,0,0,1,55,54474,6,1,0,0,3,0,64,115,1,1,0,1,0,3,2010,11,2011,0,28,0,0,0,1,2,35,1,1,2,1,0,0,1,83,99,1,2,13,0,0
55,550276,1,3,1,11,7,15,42,12,2,1,0,55,1,30,46,30046,4,2002,WVWPD63BX2P0,W,V,W,P,D,6,3,B,X,2,P,0,0,P,VOLK,PGS,4D,2,17,3099,,0,1064,,G,,T,4,109,,,15R195,,,,,,0,0,000000000,00000000000,0,0,0,1,0,0,0,0,0,0,0,999,0,0,0,12,6,2,12,0,0,0,1,55,53103,1,1,0,0,2,0,63,135,3,0,0,3,2,7,2009,6,2012,0,38,28,0,0,1,2,45,1,5,2,1,0,0,11,15,1,1,2,68,1,0
55,550276,2,3,1,11,7,15,42,12,2,1,0,55,3,85,881,85881,63,1998,1NKDLB0X1WR7,1,N,K,D,L,B,0,X,1,W,R,7,0,T,KW,T80,CC,98,17,,8,2600,1600,CON,D,,,6,893,,,,,00000,00,,64,0,57,1155332,571155332,3,2,4,1,0,0,0,0,0,0,0,40,0,0,0,12,6,2,12,0,0,0,1,55,53189,6,1,6,0,3,1,69,180,0,0,0,0,0,0,0,0,0,0,0,0,0,0,1,2,45,1,6,2,1,0,0,1,62,99,1,1,69,0,0
55,550276,3,3,2,11,7,15,42,12,2,1,0,55,2,49,32,49032,4,1994,1NXAE04B1RZ2,1,N,X,A,E,0,4,B,1,R,Z,2,0,P,TOYT,COA,4D,94,17,2359,,0,970,,G,,F,4,097,,,14R175,,,,,,0,0,000000000,00000000000,0,0,0,1,0,0,0,0,0,0,0,45,0,0,0,8,6,2,12,0,0,0,1,55,53168,6,1,0,0,3,3,61,115,0,0,0,0,1,1,2010,1,2010,0,0,0,0,0,1,2,45,1,5,2,1,0,0,1,62,99,1,1,98,0,0
55,550277,1,1,1,13,7,16,58,42,0,1,0,55,2,12,13,12013,2,2002,3FAFP11362R1,3,F,A,F,P,1,1,3,6,2,R,1,0,P,FORD,ZX2,CP,2,17,2478,,0,984,,G,,F,4,121,,,15R185,,,,,,0,0,000000000,00000000000,0,0,0,1,0,0,0,0,0,0,0,65,0,1,5,9,6,2,1,0,0,0,1,55,53950,6,1,0,0,3,2,68,125,1,0,0,0,0,7,2011,7,2011,1,74,0,0,0,1,2,45,3,1,2,1,0,0,6,6,99,9,4,2,1,1
55,550278,1,1,3,13,7,17,45,59,0,1,0,55,1,12,421,12421,15,1996,1FMEU15H9TLA,1,F,M,E,U,1,5,H,9,T,L,A,0,P,FORD,BRO,UT,96,17,4587,,0,1050,,G,,F,8,351,,,15R235,,,,,,0,0,000000000,00000000000,0,0,0,1,0,0,0,0,0,0,0,999,0,0,0,12,6,2,34,0,0,0,1,55,54801,6,1,0,0,3,3,72,125,0,3,1,0,4,4,2010,11,2011,0,29,0,0,0,1,2,55,1,1,2,1,0,0,1,13,7,1,4,1,1,0
55,550279,1,1,2,13,7,21,43,8,0,1,0,55,1,63,34,63034,4,2002,KNAGD1261251,K,N,A,G,D,1,2,6,1,2,5,1,0,P,KIA,OLS,4D,2,17,3157,,0,1063,,G,,F,4,144,,,15R205,,,,,,0,0,000000000,00000000000,0,0,0,1,0,0,0,0,0,0,0,999,0,0,0,12,2,3,8,0,0,0,1,55,53168,6,1,0,0,3,3,64,175,0,0,0,3,0,1,2011,6,2012,0,0,0,0,0,1,2,45,1,6,2,1,0,0,1,80,99,1,1,13,0,0
55,550280,1,2,1,14,7,13,53,12,7,1,0,55,1,19,18,19018,4,2006,1G6DP5777602,1,G,6,D,P,5,7,7,7,6,0,2,0,P,CADI,HF6,4D,6,17,3509,,0,1134,,G,,F,6,220,,,16R225,,,,,,0,0,000000000,00000000000,0,0,0,1,0,0,0,0,0,0,0,999,0,0,0,83,6,2,12,0,0,0,1,55,53202,6,1,0,0,3,0,65,130,0,0,0,0,0,0,0,0,0,0,35,0,0,0,1,2,30,2,1,2,1,0,0,6,11,99,1,2,46,0,0
55,550280,2,2,1,14,7,13,53,12,7,1,0,55,2,98,709,98709,80,2003,ZAPM198F5350,Z,A,P,M,1,9,8,F,5,3,5,0,0,U,,,,3,17,,,,,,,,,,,,,,,,,,,0,0,000000000,00000000000,0,0,0,1,0,0,0,0,0,0,0,999,0,0,0,61,2,1,12,0,0,0,1,55,53217,6,1,0,0,3,3,67,180,0,0,0,0,0,0,0,0,0,0,0,0,0,0,1,2,30,2,1,2,1,0,0,14,60,1,1,1,45,1,0
55,550281,1,2,1,16,7,13,16,12,6,1,0,17,1,72,706,72706,80,2010,1HD1FB414AB6,1,H,D,1,F,B,4,1,4,A,B,6,0,M,HD,FHR,RS,10,17,,,,,,,1584,,2,,4,812,,,,,,,0,0,000000000,00000000000,0,0,0,1,0,0,0,0,0,0,0,45,0,0,0,12,6,2,12,0,0,0,1,17,60174,6,1,0,0,3,0,70,200,0,0,0,0,0,0,0,0,0,0,0,0,0,0,1,4,40,1,1,2,1,1,3,1,67,1,1,1,69,1,0
55,550281,2,2,2,16,7,13,16,12,6,1,0,55,1,18,22,18022,4,2006,2G4WD5821611,2,G,4,W,D,5,8,2,1,6,1,1,0,P,BUIC,LAL,4D,6,17,3502,,0,1105,,G,,F,6,232,,,16R225,,,,,,0,0,000000000,00000000000,0,0,0,1,0,0,0,0,0,0,0,15,0,0,0,3,6,2,12,0,0,0,1,55,54166,6,1,0,0,3,0,71,190,0,0,0,0,0,0,0,0,0,0,38,0,0,0,1,4,40,1,1,2,1,1,3,11,15,1,1,2,68,1,0
55,550282,1,2,1,19,7,5,30,11,0,1,0,55,1,72,706,72706,80,2006,1HD1FFW126Y6,1,H,D,1,F,F,W,1,2,6,Y,6,0,M,HD,TCI,RS,6,17,,,,,,,1450,,2,,4,776,,,,,,,0,0,000000000,00000000000,0,0,0,1,0,0,0,0,0,0,0,999,0,0,0,12,6,2,11,0,0,0,1,55,53023,6,1,0,0,3,0,72,240,0,0,0,0,0,0,0,0,0,0,0,0,0,0,1,2,45,1,3,2,2,0,0,1,87,99,1,1,13,1,0
55,550282,2,2,1,19,7,5,30,11,0,1,0,55,1,7,442,7442,20,2003,2D4GP44343R2,2,D,4,G,P,4,4,3,4,3,R,2,1,T,DODG,GSP,ES,3,17,,1,0,1193,CAR,F,,,6,201,,,,,3975,01,E,42,1,0,000000000,00000000000,0,0,0,1,0,0,0,0,0,0,0,999,0,0,0,63,2,1,12,0,0,0,1,55,53073,6,1,6,0,3,0,69,255,0,0,0,0,0,0,0,0,0,0,0,0,0,0,1,2,45,1,3,2,2,0,0,2,62,9,1,4,98,0,0
55,550283,1,1,2,20,7,15,38,38,0,1,0,55,2,20,481,20481,31,1991,2GCEC19K0M11,2,G,C,E,C,1,9,K,0,M,1,1,0,T,CHEV,GC1,PC,91,17,,2,1555,1415,GM4,G,,,8,350,,,,B,00000,00,,42,0,0,000000000,00000000000,0,0,0,1,0,0,0,0,0,0,0,999,0,1,6,12,6,2,42,0,0,0,1,55,54935,6,1,0,0,3,0,71,200,0,0,0,1,1,1,2010,11,2010,0,35,51,0,0,1,2,55,1,1,2,1,28,3,6,12,8,1,4,6,1,0
55,550284,1,1,2,21,7,3,24,35,0,1,0,55,1,52,34,52034,4,2001,4A3AA46G01E2,4,A,3,A,A,4,6,G,0,1,E,2,0,P,MITS,GES,4D,1,17,3075,,0,1037,,G,,F,4,143,,,15R195,,,,,,0,0,000000000,00000000000,0,0,0,1,0,0,0,0,0,0,0,999,0,1,5,12,6,2,1,0,0,0,1,55,54656,6,1,0,0,3,0,72,230,0,0,0,0,3,5,2011,4,2012,1,58,0,0,0,1,2,55,3,1,2,1,0,0,14,12,8,1,4,6,1,1
55,550285,1,2,3,21,7,3,35,12,1,1,1,55,2,49,43,49043,4,2000,4T1BF28B0YU0,4,T,1,B,F,2,8,B,0,Y,U,0,0,P,TOYT,UVS,4D,0,17,3335,,0,1071,,G,,F,6,183,,,15R205,,,,,,0,0,000000000,00000000000,0,0,0,1,0,0,0,0,0,0,0,45,0,0,0,12,9,1,12,0,0,0,1,55,53189,6,1,0,0,3,0,66,153,0,0,0,0,2,7,2010,11,2011,0,91,0,0,0,2,3,45,1,6,1,1,0,0,1,51,1,1,1,24,0,1
55,550285,2,2,1,21,7,3,35,12,1,1,0,55,1,20,20,20020,4,1993,2G1WN54T8P91,2,G,1,W,N,5,4,T,8,P,9,1,0,P,CHEV,EUR,4D,93,17,3193,,0,1075,,G,,F,6,191,,,15R205,,,,,,0,0,000000000,00000000000,0,0,0,1,0,0,0,0,0,0,0,999,0,0,0,6,6,2,12,33,0,0,1,55,53146,1,1,0,0,2,0,68,165,1,0,0,0,0,10,2011,10,2011,0,0,0,0,0,2,3,45,1,6,1,1,0,0,98,98,1,1,1,25,1,1
55,550286,1,1,1,23,7,9,44,8,0,1,0,55,3,86,881,86881,63,2007,1M2AG11C97M0,1,M,2,A,G,1,1,C,9,7,M,0,0,T,MACK,CV7,CC,7,17,,8,0,0,700,D,,,6,728,,,,,00000,00,,64,0,77,777777777,77777777777,3,2,4,1,0,0,0,0,0,0,0,4,0,0,0,6,0,1,8,39,0,0,1,55,53128,6,1,6,0,3,3,72,170,1,0,0,0,0,5,2010,5,2010,0,0,0,0,0,1,2,55,1,1,2,1,40,3,13,80,1,1,1,92,0,0
55,550287,1,1,5,23,7,13,0,1,0,1,0,55,1,20,401,20401,14,1998,1GNDT13W2W22,1,G,N,D,T,1,3,W,2,W,2,2,0,P,CHEV,BZR,UT,98,17,4046,,0,1070,,G,,F,6,262,,,15R235,,,,,,0,0,000000000,00000000000,0,0,0,1,0,0,0,0,0,0,0,999,0,2,1,0,6,2,1,0,0,0,1,55,54814,6,2,0,0,3,0,64,165,1,1,0,3,6,9,2010,7,2012,0,58,0,0,0,1,2,55,1,1,2,1,0,0,1,8,7,4,1,98,1,0
55,550288,1,1,1,25,7,15,20,8,0,1,0,55,3,90,981,90981,50,2012,1BAKGCPA9CF2,1,B,A,K,G,C,P,A,9,C,F,2,0,U,,,,,17,,,,,,,,,,,,,,,,,,,0,57,350651,57350651,3,21,22,1,0,0,0,0,1,0,0,999,0,0,0,14,0,3,8,0,0,0,1,55,53218,6,1,6,1,3,3,69,194,0,0,0,0,0,0,0,0,0,0,0,0,0,0,2,2,25,1,1,1,1,0,0,10,80,99,1,1,98,0,0
55,550289,1,2,1,8,7,6,53,12,1,1,0,55,1,98,709,98709,82,2009,ZAPM590T1950,Z,A,P,M,5,9,0,T,1,9,5,0,0,U,,,,9,17,,,,,,,,,,,,,,,,,,,0,0,000000000,00000000000,0,0,0,1,0,0,0,0,0,0,0,999,0,0,0,6,6,2,12,0,0,0,1,55,53597,6,1,0,0,3,0,69,175,0,0,0,0,0,0,0,0,0,0,0,0,0,0,2,2,30,1,1,1,1,0,0,2,53,1,1,1,29,1,0
55,550289,2,2,1,8,7,6,53,12,1,1,0,55,2,14,17,14017,4,2000,1MEFM55S5YG6,1,M,E,F,M,5,5,S,5,Y,G,6,0,P,MERC,SLP,4D,0,17,3375,,0,1085,,G,,F,6,182,,,16R215,,,,,,0,0,000000000,00000000000,0,0,0,1,0,0,0,0,0,0,0,999,0,0,0,12,4,3,12,0,0,0,1,55,53557,6,2,0,0,3,0,71,265,1,0,0,1,0,1,2012,5,2012,0,0,0,0,0,1,2,30,1,1,1,1,0,0,1,52,99,1,1,28,0,0
55,550290,1,2,1,23,7,6,59,12,6,1,0,55,2,7,24,7024,4,2010,2B3CA3CV0AH2,2,B,3,C,A,3,C,V,0,A,H,2,0,P,DODG,CHS,4D,10,17,3820,,0,1200,,G,,F,6,214,,,17R215,,,,,,0,0,000000000,00000000000,0,0,0,1,0,0,0,0,0,0,0,999,0,0,0,12,4,3,12,0,0,0,1,55,53209,6,1,0,0,3,3,63,193,1,0,0,0,0,10,2009,10,2009,0,0,0,0,0,2,2,30,1,1,2,1,2,3,4,66,99,1,1,86,0,0
55,550290,2,2,1,23,7,6,59,12,6,1,0,55,1,30,42,30042,5,2001,9BWGS21JX140,9,B,W,G,S,2,1,J,X,1,4,0,0,P,VOLK,GLS,4H,1,17,2793,,0,989,,G,,F,4,121,,,15R195,,,,,,0,0,000000000,00000000000,0,0,0,1,0,0,0,0,0,0,0,999,0,0,0,3,6,2,12,0,0,0,1,55,53212,6,1,0,0,3,0,68,180,0,0,0,0,0,0,0,0,0,0,39,0,0,0,2,2,30,1,1,2,1,2,3,1,17,99,1,1,87,0,0
55,550291,1,1,1,26,7,13,40,9,0,1,0,55,2,7,402,7402,14,2003,1D4HS78Z23F5,1,D,4,H,S,7,8,Z,2,3,F,5,0,P,DODG,DUR,UT,3,17,4819,,0,1160,,G,,F,8,360,,,17R275,,,,,,0,0,000000000,00000000000,0,0,0,1,0,0,0,0,0,0,0,999,0,0,0,9,0,1,9,0,0,0,1,55,53208,6,2,0,0,3,3,75,220,1,0,0,0,1,1,2012,5,2012,0,38,0,0,0,1,2,25,1,1,1,1,20,3,4,83,1,1,1,98,0,0
55,550292,1,2,1,6,7,22,36,12,6,1,0,55,1,20,16,20016,4,2002,1G1JF524X273,1,G,1,J,F,5,2,4,X,2,7,3,0,P,CHEV,CAS,4D,2,17,2676,,0,1041,,G,,F,4,133,,,15R195,,,,,,0,0,000000000,00000000000,0,0,0,1,0,0,0,0,0,0,0,999,0,0,0,12,6,2,12,0,0,0,1,55,54562,6,1,0,0,3,3,61,115,0,0,0,0,0,0,0,0,0,0,28,0,0,0,1,2,55,1,5,2,2,0,0,1,10,99,1,2,64,1,0
55,550292,2,2,1,6,7,22,36,12,6,1,0,18,3,85,881,85881,66,2013,1XKAD49X4DJ3,1,X,K,A,D,4,9,X,4,D,J,3,1,T,KW,T60,TR,13,17,,8,2600,1600,CON,D,,,6,915,,,,,00000,00,,64,1,57,054283,57054283,3,6,1,1,0,0,0,0,0,0,0,35,0,0,0,11,6,2,12,0,0,0,1,55,54151,6,1,6,0,3,3,75,185,0,0,0,0,0,0,0,0,0,0,0,0,0,0,1,2,55,1,6,2,2,0,0,1,62,4,1,1,65,0,0
55,550293,1,2,1,30,7,13,20,12,1,1,0,55,3,87,881,87881,66,2005,1XP7D49X25D8,1,X,P,7,D,4,9,X,2,5,D,8,1,T,PTRB,387,TR,5,17,,8,0,0,CON,D,,,6,915,,,,,00000,00,,64,1,57,1754040,571754040,3,6,3,1,0,0,0,0,0,0,0,0,0,0,0,6,4,3,12,0,0,0,1,55,54727,6,1,6,0,3,0,74,310,0,0,0,0,1,2,2010,2,2010,0,0,0,0,0,3,2,65,1,5,2,1,0,0,5,53,1,1,1,21,0,0
55,550293,2,2,4,30,7,13,20,12,1,1,0,55,2,7,402,7402,14,2000,1B4HS28N9YF1,1,B,4,H,S,2,8,N,9,Y,F,1,0,P,DODG,DUR,UT,0,17,4462,,0,1159,,G,,F,8,287,,,15R235,,,,,,0,0,000000000,00000000000,0,0,0,1,0,0,0,0,0,0,0,65,1,0,0,12,6,2,12,0,0,0,1,55,54017,6,2,0,0,3,0,75,180,0,0,0,0,0,0,0,0,0,1,0,0,0,0,3,2,65,1,5,2,1,0,0,1,50,1,1,1,20,3,0
55,550294,1,1,1,31,7,11,3,8,0,1,0,55,1,6,441,6441,20,2002,2C8GP64L92R7,2,C,8,G,P,6,4,L,9,2,R,7,0,T,CHRY,LMT,ES,2,17,,1,0,1193,TWC,G,,,6,230,,,,,4252,00,,42,0,0,000000000,00000000000,0,0,0,1,0,0,0,0,0,0,0,35,0,0,0,12,4,3,8,0,0,0,1,55,53214,6,1,0,0,3,0,61,135,1,0,0,0,0,4,2011,4,2011,0,0,0,0,0,1,4,30,1,1,2,1,0,0,1,80,1,1,1,13,0,0
55,550295,1,2,1,31,7,12,17,12,1,1,0,55,3,20,481,20481,40,2009,1GCHK59699E1,1,G,C,H,K,5,9,6,9,9,E,1,0,T,CHEV,2K2,4C,9,17,,2,1575,1435,SIL,D,,,8,403,,,,C,5840,01,,44,0,77,777777777,77777777777,2,1,97,1,0,0,0,0,0,5,0,50,1,0,0,12,6,2,12,40,0,0,1,55,53154,6,1,0,0,3,0,68,183,2,0,0,0,0,10,2010,4,2011,1,16,0,0,0,3,3,50,1,6,2,1,0,0,1,52,9,1,1,28,1,0
55,550295,2,2,1,31,7,12,17,12,1,1,0,55,3,23,881,23881,62,2006,1GDJ5C1256F4,1,G,D,J,5,C,1,2,5,6,F,4,0,T,GMC,C5C,CB,6,17,,6,2240,1280,C55,D,,,8,403,,,,,00000,00,,42,0,77,777777777,77777777777,2,1,3,1,0,0,0,0,0,0,0,5,0,0,0,6,4,3,12,0,0,0,1,55,53154,6,1,0,0,3,3,74,230,0,0,0,1,1,1,2010,10,2010,0,0,0,0,0,3,3,50,1,6,2,1,0,0,2,53,1,1,1,29,0,0
55,550296,1,2,2,31,7,18,46,12,6,1,0,55,1,37,402,37402,14,2003,JHLRD784X3C0,J,H,L,R,D,7,8,4,X,3,C,0,0,P,HOND,CRV,UT,3,17,3258,,0,1031,,G,,F,4,146,,,15R205,,,,,,0,0,000000000,00000000000,0,0,0,1,0,0,0,0,0,0,0,999,0,1,1,9,6,2,1,0,0,0,1,55,53154,6,1,0,0,3,3,70,205,0,0,0,0,0,0,0,0,0,0,0,0,0,0,2,2,35,1,1,1,1,20,3,1,62,1,1,1,69,1,0
55,550296,2,2,1,31,7,18,46,12,6,1,0,17,3,30,52,30052,4,2012,1VWBP7A3XCC0,1,V,W,B,P,7,A,3,X,C,C,0,0,P,VOLK,PTE,4D,12,17,3208,,0,0,,G,,F,5,151,,,000000,,,,,,0,0,000000000,00000000000,0,0,0,1,0,0,0,0,0,0,0,999,0,0,0,12,6,2,12,0,0,0,1,17,60611,6,1,0,0,3,3,61,112,0,0,0,0,0,0,0,0,0,0,0,0,0,0,2,2,35,1,1,1,1,2,3,11,15,1,1,2,68,0,0
55,550297,1,2,1,31,7,23,13,12,1,1,0,93,3,82,881,82881,66,1997,1FUYSXYB3VP8,1,F,U,Y,S,X,Y,B,3,V,P,8,1,T,FRHT,FC2,TR,97,17,,8,0,0,CON,D,,,6,893,,,,,00000,00,,64,1,57,918635,57918635,3,6,3,1,0,0,0,0,0,0,0,0,0,0,0,6,4,3,12,0,0,0,1,6,96002,6,1,6,0,3,0,75,170,0,0,0,0,1,10,2010,10,2010,0,23,54,0,0,2,2,65,1,1,2,1,0,0,5,53,1,1,1,21,0,0
55,550297,2,2,1,31,7,23,13,12,1,1,0,46,3,84,881,84881,66,2010,2HSDCSJR4AC2,2,H,S,D,C,S,J,R,4,A,C,2,1,T,INTL,PPR,TR,10,17,,8,0,0,PRO,D,,,6,793,,,,,00000,00,,64,1,57,164259,57164259,3,6,1,1,0,0,0,0,0,0,0,65,0,0,0,12,6,2,2,0,0,1,1,27,56362,6,1,6,0,3,3,75,375,0,0,0,1,0,2,2012,2,2012,0,0,0,0,0,2,2,65,1,1,2,1,0,0,1,50,8,2,1,20,1,0
55,550298,1,3,1,26,7,14,58,12,1,1,0,55,2,20,20,20020,4,1995,2G1WL52M6S11,2,G,1,W,L,5,2,M,6,S,1,1,0,P,CHEV,LUM,4D,95,17,3330,,0,1075,,G,,F,6,191,,,15R205,,,,,,0,0,000000000,00000000000,0,0,0,1,0,0,0,0,0,0,0,45,0,0,0,12,6,2,12,0,0,0,1,55,53140,6,1,0,0,3,3,73,160,0,0,0,0,0,0,0,0,0,0,0,0,0,0,1,2,45,1,1,2,1,0,0,1,52,9,1,1,28,0,0
55,550298,2,3,2,26,7,14,58,12,1,1,0,55,1,55,35,55035,6,2000,KMHJW35F2YU1,K,M,H,J,W,3,5,F,2,Y,U,1,0,P,HYUN,EGS,SW,0,17,2681,,0,1004,,G,,F,4,121,,,14R195,,,,,,0,0,000000000,00000000000,0,0,0,1,0,0,0,0,0,0,0,999,0,0,0,6,6,2,12,0,0,0,1,55,53226,6,1,6,0,3,0,67,184,0,0,0,0,0,0,0,0,0,0,0,0,0,0,1,2,45,1,1,2,1,0,0,2,15,1,1,1,30,1,0