STATE,ST_CASE,VEH_NO,VE_FORMS,NUMOCCS,DAY,MONTH,HOUR,MINUTE,HARM_EV,MAN_COLL,UNITTYPE,HIT_RUN,REG_STAT,OWNER,MAKE,MODEL,MAK_MOD,BODY_TYP,MOD_YEAR,VIN,VIN_1,VIN_2,VIN_3,VIN_4,VIN_5,VIN_6,VIN_7,VIN_8,VIN_9,VIN_10,VIN_11,VIN_12,TOW_VEH,VINTYPE,VINMAKE,VINA_MOD,VIN_BT,VINMODYR,VIN_LNGT,VIN_WGT,WGTCD_TR,WHLBS_LG,WHLBS_SH,SER_TR,FUELCODE,MCYCL_DS,CARBUR,CYLINDER,DISPLACE,MCYCL_CY,MCYCL_WT,TIRE_SZE,TON_RAT,TRK_WT,TRKWTVAR,VIN_REST,WHLDRWHL,J_KNIFE,MCARR_I1,MCARR_I2,MCARR_ID,GVWR,V_CONFIG,CARGO_BT,HAZ_INV,HAZ_PLAC,HAZ_ID,HAZ_CNO,HAZ_REL,BUS_USE,SPEC_USE,EMER_USE,TRAV_SP,UNDERIDE,ROLLOVER,ROLINLOC,IMPACT1,DEFORMED,TOWED,M_HARM,VEH_SC1,VEH_SC2,FIRE_EXP,DR_PRES,L_STATE,DR_ZIP,L_STATUS,L_TYPE,CDL_STAT,L_ENDORS,L_COMPL,L_RESTRI,DR_HGT,DR_WGT,PREV_ACC,PREV_SUS,PREV_DWI,PREV_SPD,PREV_OTH,FIRST_MO,FIRST_YR,LAST_MO,LAST_YR,SPEEDREL,DR_SF1,DR_SF2,DR_SF3,DR_SF4,VTRAFWAY,VNUM_LAN,VSPD_LIM,VALIGN,VPROFILE,VPAVETYP,VSURCOND,VTRAFCON,VTCONT_F,P_CRASH1,P_CRASH2,P_CRASH3,PCRASH4,PCRASH5,ACC_TYPE,DEATHS,DR_DRINK
55,550298,3,3,1,26,7,14,58,12,1,1,0,55,2,12,471,12471,30,2003,1FTZR45E83PA,1,F,T,Z,R,4,5,E,8,3,P,A,0,T,FORD,RNS,4C,3,17,,1,0,1259,RNG,G,,,6,245,,,,B,3760,02,U,44,0,0,000000000,00000000000,0,0,0,1,0,0,0,0,0,0,0,45,0,0,0,12,6,2,12,0,0,0,1,55,53158,6,1,0,0,3,0,66,175,1,0,0,0,1,2,2012,3,2012,0,0,0,0,0,1,2,45,1,1,2,1,0,0,1,62,99,1,1,98,0,0
55,550299,1,2,1,31,7,11,15,12,1,1,0,55,2,48,401,48401,14,2006,JF1SG63676H7,J,F,1,S,G,6,3,6,7,6,H,7,0,P,SUBA,FOR,UT,6,17,3165,,0,994,,G,,F,4,152,,,16R215,,,,,,0,0,000000000,00000000000,0,0,0,1,0,0,0,0,0,0,0,65,0,0,0,6,6,2,12,0,0,0,1,55,54313,6,1,0,0,3,0,64,155,0,0,0,0,1,10,2010,10,2010,0,0,0,0,0,2,2,65,1,5,1,1,0,0,1,9,99,4,6,98,1,0
55,550299,2,2,1,31,7,11,15,12,1,1,0,47,3,85,881,85881,66,2005,1XKWD49X25R0,1,X,K,W,D,4,9,X,2,5,R,0,1,T,KW,W90,TR,5,17,,8,2850,1600,CON,D,,,6,915,,,,,00000,00,,64,1,57,0159317,570159317,3,6,3,1,0,0,0,0,0,0,0,65,0,0,0,12,6,2,12,0,0,0,1,45,29812,6,1,6,0,3,0,72,277,0,0,0,0,0,0,0,0,0,0,0,0,0,0,2,2,65,1,6,1,1,0,0,1,64,99,1,1,98,0,0
55,550300,1,1,1,28,7,2,50,35,0,1,0,55,1,22,16,22016,2,1992,1G2JB14H0N75,1,G,2,J,B,1,4,H,0,N,7,5,0,P,PONT,SSE,CP,92,17,2484,,0,1013,,G,,F,4,121,,,14R185,,,,,,0,0,000000000,00000000000,0,0,0,1,0,0,0,0,0,0,0,999,0,1,5,12,6,2,1,0,0,0,1,55,54228,6,1,0,0,3,1,70,200,0,1,1,0,1,5,2010,5,2010,0,0,0,0,0,1,2,55,1,1,2,1,0,0,1,12,1,1,4,6,1,1
55,550301,1,1,1,28,7,0,15,9,0,1,0,55,2,49,40,49040,4,1990,4T1SV21E7LU2,4,T,1,S,V,2,1,E,7,L,U,2,0,P,TOYT,CMD,4D,90,17,0,,0,1024,,G,,F,4,122,,,14R185,,,,,,0,0,000000000,00000000000,0,0,0,1,0,0,0,0,0,0,0,30,0,0,0,12,4,3,9,0,0,0,1,55,54140,6,1,0,0,3,0,60,115,0,0,0,0,0,0,0,0,0,0,91,0,0,0,1,2,25,1,1,1,1,0,0,1,83,1,1,1,13,0,0
55,550302,1,2,3,30,7,11,58,12,6,1,0,55,2,6,52,6052,6,2005,3C4FY58B45T5,3,C,4,F,Y,5,8,B,4,5,T,5,0,P,CHRY,PTC,SV,5,17,3033,,0,1030,,G,,F,4,148,,,15R195,,,,,,0,0,000000000,00000000000,0,0,0,1,0,0,0,0,0,0,0,15,0,0,0,1,6,2,12,0,0,0,1,55,54481,6,1,0,0,3,3,63,201,0,0,0,0,0,0,0,0,0,0,38,0,0,0,2,2,45,1,6,1,1,1,3,11,15,1,1,2,68,1,0
55,550302,2,2,1,30,7,11,58,12,6,1,0,55,2,20,22,20022,4,2005,1G1AL54FX575,1,G,1,A,L,5,4,F,X,5,7,5,0,P,CHEV,BLS,4D,5,17,3216,,0,1033,,G,,F,4,134,,,15R195,,,,,,0,0,000000000,00000000000,0,0,0,1,0,0,0,0,0,0,0,45,0,0,0,12,6,2,12,0,0,0,1,55,54449,6,2,0,0,3,3,64,115,0,0,0,0,0,0,0,0,0,0,0,0,0,0,2,2,45,1,5,1,1,1,3,1,62,99,1,1,69,0,0
55,550303,1,2,1,31,7,16,25,12,6,1,0,55,1,23,481,23481,31,2011,1GTR2VE37BZ1,1,G,T,R,2,V,E,3,7,B,Z,1,1,T,GMC,1NK,4C,11,17,,2,1575,1435,SIE,F,,,8,323,,,,B,5286,02,S,44,1,0,000000000,00000000000,0,0,0,1,0,0,0,0,0,0,0,999,0,0,0,3,4,1,12,0,0,0,1,55,53566,6,1,0,0,3,0,72,230,1,0,0,0,0,1,2012,1,2012,0,47,0,0,0,1,2,99,1,1,2,1,20,3,12,98,1,1,6,98,0,0
55,550303,2,2,1,31,7,16,25,12,6,1,0,55,2,53,706,53706,80,2001,JS1VS54A0121,J,S,1,V,S,5,4,A,0,1,2,1,0,M,SUZI,VL8,RS,1,17,,,,,,,805,,2,,4,526,,,,,,,0,0,000000000,00000000000,0,0,0,1,0,0,0,0,0,0,0,45,0,0,0,12,6,2,12,0,0,0,1,55,54564,6,1,0,0,3,0,71,205,0,0,0,0,0,0,0,0,0,0,0,0,0,0,1,2,99,1,6,2,1,0,0,1,64,3,2,1,98,1,0
55,550304,1,1,2,1,8,12,58,1,0,1,0,55,1,72,706,72706,80,1997,1HD1FCR10VY6,1,H,D,1,F,C,R,1,0,V,Y,6,0,M,HD,FLU,RS,97,17,,,,,,,1340,,2,,4,765,,,,,,,0,0,000000000,00000000000,0,0,0,1,0,0,0,0,0,0,0,999,0,0,0,0,6,2,1,0,0,0,1,55,53209,6,1,6,0,3,0,72,250,0,0,0,0,0,0,0,0,0,0,58,0,0,0,3,2,65,1,1,1,1,0,0,1,4,6,2,2,98,2,0
55,550305,1,2,1,3,8,0,36,12,6,1,0,55,1,52,37,52037,3,2007,4A3AK34TX7E0,4,A,3,A,K,3,4,T,X,7,E,0,0,P,MITS,ECG,2H,7,17,3472,,0,1014,,G,,F,6,234,,,17R225,,,,,,0,0,000000000,00000000000,0,0,0,1,0,0,0,0,0,0,0,55,0,0,0,9,6,2,12,0,0,0,1,55,54853,6,1,0,0,3,3,71,260,0,0,0,0,1,7,2011,7,2011,0,0,0,0,0,1,2,55,1,1,2,1,20,3,4,17,99,1,1,89,1,1
55,550305,2,2,1,3,8,0,36,12,6,1,0,55,2,14,401,14401,14,1997,4M2DU55P9VUJ,4,M,2,D,U,5,5,P,9,V,U,J,0,P,MERC,MOU,UT,97,17,0,,0,1120,,G,,F,8,302,,,15R235,,,,,,0,0,000000000,00000000000,0,0,0,1,0,0,0,0,0,0,0,55,0,0,0,12,6,2,12,0,0,0,1,55,54024,1,1,0,0,2,0,65,155,0,0,0,0,0,0,0,0,0,0,0,0,0,0,1,2,55,1,1,2,1,0,0,4,66,99,1,1,88,0,1
55,550306,1,2,3,3,8,13,42,12,1,1,0,55,2,18,3,18003,4,1993,1G4CW53L7P16,1,G,4,C,W,5,3,L,7,P,1,6,0,P,BUIC,PKA,4D,93,17,3441,,0,1108,,G,,F,6,231,,,15R205,,,,,,0,0,000000000,00000000000,0,0,0,1,0,0,0,0,0,0,0,999,0,0,0,12,4,3,12,0,0,0,1,55,54157,6,1,6,0,3,0,69,160,0,0,0,0,0,0,0,0,0,0,0,0,0,0,2,2,55,1,1,2,1,0,0,1,51,99,1,1,24,0,0
55,550306,2,2,2,3,8,13,42,12,1,1,0,26,1,20,401,20401,14,1997,1GNCT18W0VK1,1,G,N,C,T,1,8,W,0,V,K,1,0,P,CHEV,BZR,UT,97,17,3880,,0,1005,,G,,F,6,262,,,15R205,,,,,,0,0,000000000,00000000000,0,0,0,1,0,0,0,0,0,0,0,999,0,1,5,6,6,2,1,0,0,0,1,26,49862,6,1,0,0,3,0,70,190,0,0,0,0,0,0,0,0,0,0,0,0,0,0,2,2,55,1,1,2,1,0,0,1,53,1,1,1,25,1,0
55,550307,1,2,2,5,8,17,15,12,2,1,0,55,1,14,6,14006,4,1997,2MELM75WXVX6,2,M,E,L,M,7,5,W,X,V,X,6,0,P,MERC,MGL,4D,97,17,3796,,0,1144,,G,,F,8,281,,,15R215,,,,,,0,0,000000000,00000000000,0,0,0,1,0,0,0,0,0,0,0,55,0,0,0,12,6,2,12,0,0,0,1,55,54436,6,1,0,0,3,0,64,221,0,0,0,0,0,0,0,0,0,0,28,0,0,0,1,2,55,1,5,2,1,0,0,1,12,1,1,4,50,2,0
55,550307,2,2,2,5,8,17,15,12,2,1,0,55,1,49,401,49401,14,2002,JT3HN86R8203,J,T,3,H,N,8,6,R,8,2,0,3,0,P,TOYT,RUN,UT,2,17,4070,,0,1053,,G,,F,6,206,,,15R225,,,,,,0,0,000000000,00000000000,0,0,0,1,0,0,0,0,0,0,0,5,0,0,0,12,6,2,12,0,0,0,1,55,54449,6,1,0,0,3,3,64,190,0,0,0,0,0,0,0,0,0,0,0,0,0,0,1,2,55,1,6,2,1,0,0,1,62,9,9,4,51,1,0
55,550308,1,2,1,8,8,18,22,12,6,1,0,55,1,20,2,20002,4,2005,2G1WH52K3593,2,G,1,W,H,5,2,K,3,5,9,3,0,P,CHEV,IPL,4D,5,17,3466,,0,1105,,G,,F,6,231,,,16R225,,,,,,0,0,000000000,00000000000,0,0,0,1,0,0,0,0,0,0,0,50,0,0,0,12,6,2,12,0,0,0,1,55,54961,6,1,0,0,3,3,64,200,0,0,0,0,0,0,0,0,0,0,39,0,0,0,1,2,45,1,1,2,1,20,3,1,66,1,1,1,88,0,0
55,550308,2,2,3,8,8,18,22,12,6,1,0,55,1,12,23,12023,4,2010,3FAHP0GA0AR3,3,F,A,H,P,0,G,A,0,A,R,3,0,P,FORD,F/S,4D,10,17,3285,,0,1074,,G,,F,4,152,,,16R205,,,,,,0,0,000000000,00000000000,0,0,0,1,0,0,0,0,0,0,0,55,0,0,0,8,6,2,12,0,0,0,1,55,54942,6,1,0,0,3,3,62,120,0,0,0,0,0,0,0,0,0,0,0,0,0,0,1,2,55,1,1,2,1,0,0,1,66,99,1,1,89,1,0
55,550309,1,2,1,9,8,10,37,12,2,1,0,55,2,6,43,6043,4,2003,1C3EL46X13N5,1,C,3,E,L,4,6,X,1,3,N,5,0,P,CHRY,SLX,4D,3,17,3102,,0,1080,,G,,F,4,148,,,15R205,,,,,,0,0,000000000,00000000000,0,0,0,1,0,0,0,0,0,0,0,999,0,0,0,12,6,2,12,0,0,0,1,55,53092,0,0,0,0,0,0,65,150,0,0,0,0,1,11,2011,11,2011,0,35,51,0,0,1,2,35,1,1,2,2,0,0,6,10,99,1,2,50,0,0
55,550309,2,2,1,9,8,10,37,12,2,1,0,55,1,20,37,20037,4,2001,1G1ND52J1161,1,G,1,N,D,5,2,J,1,1,6,1,0,P,CHEV,MAL,4D,1,17,3051,,0,1070,,G,,F,6,191,,,15R215,,,,,,0,0,000000000,00000000000,0,0,0,1,0,0,0,0,0,0,0,999,0,0,0,12,6,2,12,0,0,0,1,55,53189,6,1,0,0,3,0,64,130,2,1,1,0,1,1,2010,12,2010,0,0,0,0,0,1,2,35,1,1,2,2,0,0,1,60,99,1,1,51,1,0
55,550310,1,1,1,9,8,16,23,35,0,1,0,27,1,72,706,72706,80,2009,1HD1FC4139Y6,1,H,D,1,F,C,4,1,3,9,Y,6,0,M,HD,FLU,RS,9,17,,,,,,,1584,,2,,4,889,,,,,,,0,0,000000000,00000000000,0,0,0,1,0,0,0,0,0,0,0,60,0,0,0,12,6,2,42,0,0,0,1,27,55976,6,1,6,0,3,2,68,200,0,0,0,0,0,0,0,0,0,0,74,0,0,0,1,2,55,3,6,2,1,0,0,14,13,99,1,4,1,1,1
55,550311,1,1,1,9,8,16,55,30,0,1,0,55,1,20,20,20020,4,1992,2G1WL54T0N92,2,G,1,W,L,5,4,T,0,N,9,2,0,P,CHEV,LUM,4D,92,17,3115,,0,1075,,G,,F,6,191,,,14R195,,,,,,0,0,000000000,00000000000,0,0,0,1,0,0,0,0,0,0,0,999,0,0,0,10,6,2,30,0,0,0,1,55,53089,6,1,0,0,3,2,71,194,0,0,0,0,0,0,0,0,0,1,87,74,0,0,1,2,55,2,5,2,2,0,0,14,6,99,3,4,2,1,1
55,550312,1,2,2,9,8,21,48,12,6,1,0,55,1,7,482,7482,31,2011,1D7RV1GTXBS5,1,D,7,R,V,1,G,T,X,B,S,5,0,T,DODG,Q15,CW,11,17,,2,0,1400,RPC,G,,,8,348,,,,B,5200,00,K,44,0,0,000000000,00000000000,0,0,0,1,0,0,0,0,0,0,0,65,0,0,0,12,6,2,12,0,0,0,1,55,53012,6,1,0,0,3,3,67,165,0,0,0,0,0,0,0,0,0,0,0,0,0,0,2,2,65,1,1,1,2,0,0,6,17,99,1,1,88,0,0
55,550312,2,2,2,9,8,21,48,12,6,1,0,55,1,20,37,20037,4,1998,1G1ND52M1WY1,1,G,1,N,D,5,2,M,1,W,Y,1,0,P,CHEV,MAL,4D,98,17,3100,,0,1070,,G,,F,6,191,,,15R215,,,,,,0,0,000000000,00000000000,0,0,0,1,0,0,0,0,0,0,0,5,0,0,0,9,6,2,12,0,0,0,1,55,54143,6,1,0,0,3,0,65,135,0,0,0,1,0,3,2011,3,2011,0,38,0,0,0,1,2,25,1,1,1,2,20,3,3,17,99,1,1,89,2,0
55,550313,1,1,1,7,7,18,25,34,0,1,0,55,1,72,706,72706,80,2005,1HD1FSW1X5Y6,1,H,D,1,F,S,W,1,X,5,Y,6,0,M,HD,TRI,RS,5,17,,,,,,,1450,,2,,4,731,,,,,,,0,0,000000000,00000000000,0,0,0,1,0,0,0,0,0,0,0,999,0,0,0,99,6,2,1,0,0,0,1,55,53555,6,1,0,0,3,0,72,200,0,0,0,0,1,1,2010,1,2010,1,89,0,0,0,1,2,55,3,1,2,1,0,0,14,13,99,1,4,1,1,1
55,550314,1,2,2,13,8,14,40,12,6,1,0,17,2,49,403,49403,14,2003,JTEHF21A0301,J,T,E,H,F,2,1,A,0,3,0,1,0,P,TOYT,HIG,UT,3,17,3880,,0,1069,,G,,F,6,183,,,16R225,,,,,,0,0,000000000,00000000000,0,0,0,1,0,0,0,0,0,0,0,13,1,0,0,3,6,2,12,0,0,0,1,17,61614,6,1,0,0,3,0,72,180,0,0,0,0,0,0,0,0,0,0,38,0,0,0,1,2,35,1,1,2,1,20,3,1,17,99,1,1,87,1,0
55,550314,2,2,1,13,8,14,40,12,6,1,0,55,3,84,881,84881,62,1989,1HTLCCFM6KH6,1,H,T,L,C,C,F,M,6,K,H,6,0,T,INTL,7V4,CC,89,17,,6,2540,1400,SS,D,,,6,360,,,,,00000,00,,42,0,57,1625635,571625635,2,1,3,1,0,0,0,0,0,0,0,38,7,1,5,12,6,2,1,0,0,0,1,55,54531,6,1,6,0,3,0,72,175,0,0,0,0,0,0,0,0,0,0,0,0,0,0,1,2,45,1,1,2,1,0,0,1,66,99,1,1,86,1,0
55,550315,1,2,2,16,8,7,20,12,2,1,0,55,1,6,41,6041,4,2004,2C3HD46R54H6,2,C,3,H,D,4,6,R,5,4,H,6,0,P,CHRY,CXL,4D,4,17,3352,,0,1130,,G,,F,6,167,,,16R225,,,,,,0,0,000000000,00000000000,0,0,0,1,0,0,0,0,0,0,0,55,0,0,0,12,6,2,12,0,0,0,1,55,54982,6,1,0,0,3,3,74,195,0,0,0,0,0,0,0,0,0,0,28,0,0,0,1,2,55,2,6,2,2,0,0,14,10,99,1,2,50,2,0
55,550315,2,2,1,16,8,7,20,12,2,1,0,55,3,82,881,82881,66,2005,1FUJBBCG95LU,1,F,U,J,B,B,C,G,9,5,L,U,1,T,FRHT,ST2,TR,5,17,,8,0,0,CON,D,,,6,774,,,,,00000,00,,64,3,57,046596,57046596,3,6,1,1,0,0,0,0,0,0,0,55,0,0,0,12,6,2,12,0,0,0,1,55,54311,6,1,6,0,3,3,70,210,0,0,0,0,0,0,0,0,0,0,0,0,0,0,1,2,55,3,5,2,2,0,0,14,62,7,1,2,51,0,0
55,550316,1,2,1,18,8,22,20,12,6,1,0,55,1,20,2,20002,4,2004,2G1WH52K9493,2,G,1,W,H,5,2,K,9,4,9,3,0,P,CHEV,IPL,4D,4,17,3466,,0,1105,,G,,F,6,231,,,16R225,,,,,,0,0,000000000,00000000000,0,0,0,1,0,0,0,0,0,0,0,55,0,0,0,12,6,2,12,0,0,1,1,55,53545,6,2,0,0,3,3,70,135,0,0,0,0,0,0,0,0,0,0,39,0,0,0,2,2,55,1,1,2,1,20,3,1,17,99,1,1,86,0,1
55,550316,2,2,4,18,8,22,20,12,6,1,0,55,2,63,34,63034,4,2009,KNAGE2281952,K,N,A,G,E,2,2,8,1,9,5,2,0,P,KIA,OLE,4D,9,17,3157,,0,1071,,G,,F,4,146,,,16R205,,,,,,0,0,000000000,00000000000,0,0,0,1,0,0,0,0,0,0,0,55,0,0,0,3,6,2,12,0,0,0,1,55,53537,6,1,0,0,3,3,71,190,0,0,0,0,0,0,0,0,0,0,89,0,0,0,1,2,55,1,1,2,1,0,0,1,66,99,1,1,87,1,0
55,550317,1,1,5,19,8,2,0,34,0,1,0,55,1,32,43,32043,4,1998,WAUED68D6WA0,W,A,U,E,D,6,8,D,6,W,A,0,0,P,AUDI,42Q,4D,98,17,3230,,0,1026,,G,,F,6,169,,,16R205,,,,,,0,0,000000000,00000000000,0,0,0,1,0,0,0,0,0,0,0,999,0,1,5,12,6,2,1,0,0,0,1,55,53534,6,1,0,0,3,0,74,180,0,0,0,0,3,8,2010,7,2011,0,27,58,0,0,1,2,55,1,1,2,1,0,0,6,51,7,1,4,6,2,1
55,550318,1,2,3,20,8,15,32,12,6,1,0,55,1,7,442,7442,20,2006,1D4GP45R96B5,1,D,4,G,P,4,5,R,9,6,B,5,0,P,DODG,CAR,SV,6,17,3851,,0,1133,,G,,F,6,201,,,16R215,,,,,,0,0,000000000,00000000000,0,0,0,1,0,0,0,0,0,0,0,45,0,0,0,11,4,8,12,0,0,0,1,55,54952,6,1,0,0,3,0,70,160,0,0,0,0,0,0,0,0,0,0,0,0,0,0,1,2,55,1,6,2,1,0,0,1,66,99,1,1,89,0,0
55,550318,2,2,1,20,8,15,32,12,6,1,0,55,1,37,701,37701,88,2009,JH2AF60099K7,J,H,2,A,F,6,0,0,9,9,K,7,0,M,HOND,HF5,MS,9,17,,,,,,,49,,1,,4,176,,,,,,,0,0,000000000,00000000000,0,0,0,1,0,0,0,0,0,0,0,10,0,0,0,12,6,2,12,0,0,0,1,55,54930,6,1,0,0,3,0,69,185,1,0,0,0,0,11,2011,11,2011,0,38,0,0,0,1,2,55,1,1,2,1,20,3,1,17,99,1,1,88,1,0
55,550319,1,1,1,20,8,18,21,11,0,1,0,55,1,72,706,72706,80,1993,1HD1BJL4XPY0,1,H,D,1,B,J,L,4,X,P,Y,0,0,M,HD,STC,RS,93,17,,,,,,,1340,,2,,4,710,,,,,,,0,0,000000000,00000000000,0,0,0,1,0,0,0,0,0,0,0,55,0,0,0,12,4,3,11,0,0,0,1,55,54965,6,1,0,0,3,0,64,160,0,0,0,0,0,0,0,0,0,0,0,0,0,0,1,2,55,1,1,2,1,0,0,1,87,3,2,1,13,1,0
55,550320,1,2,1,20,8,19,17,12,6,1,0,55,1,53,706,53706,80,2006,JS1VS55A4621,J,S,1,V,S,5,5,A,4,6,2,1,0,M,SUZI,C50,RS,6,17,,,,,,,805,,2,,4,542,,,,,,,0,0,000000000,00000000000,0,0,0,1,0,0,0,0,0,0,0,50,0,0,0,61,6,2,12,0,0,0,1,55,53959,6,1,6,0,3,0,68,225,1,0,0,0,0,9,2009,9,2009,0,38,39,0,0,1,2,55,1,6,2,1,20,3,1,17,99,1,1,89,1,0
55,550320,2,2,1,20,8,19,17,12,6,1,0,55,2,20,471,20471,30,1999,1GCDT19X8X81,1,G,C,D,T,1,9,X,8,X,8,1,0,T,CHEV,S14,PC,99,17,,1,0,1229,S,G,,,6,262,,,,B,3716,00,,44,0,0,000000000,00000000000,0,0,0,1,0,0,0,0,0,0,0,50,0,1,1,12,4,3,12,0,0,0,1,55,53951,6,2,0,0,3,0,68,116,1,0,0,0,0,8,2011,8,2011,0,0,0,0,0,1,2,55,1,5,2,1,0,0,1,66,99,1,1,88,0,0
55,550321,1,1,1,9,8,19,55,59,0,1,0,92,0,20,4,20004,2,1985,1G1YY0785F51,1,G,1,Y,Y,0,7,8,5,F,5,1,0,P,CHEV,CVT,CP,85,17,3111,,0,960,,G,,F,8,350,,,16R255,,,,,,0,0,000000000,00000000000,0,0,0,1,0,0,0,0,0,0,0,999,0,1,5,12,6,2,1,0,0,0,1,55,53550,2,1,0,0,2,0,72,210,1,2,2,1,0,11,2009,1,2012,1,28,51,89,0,1,2,55,2,5,2,2,20,3,11,12,99,1,4,6,1,1
55,550322,1,1,1,11,8,19,30,34,0,1,0,55,2,72,706,72706,80,2008,1HD1JK5188Y0,1,H,D,1,J,K,5,1,8,8,Y,0,0,M,HD,FWC,RS,8,17,,,,,,,1584,,2,,4,720,,,,,,,0,0,000000000,00000000000,0,0,0,1,0,0,0,0,0,0,0,55,0,0,0,12,6,2,1,0,0,0,1,55,54830,6,1,6,0,2,0,71,265,0,0,0,1,1,6,2011,6,2011,1,89,0,0,0,1,2,55,2,3,2,1,0,0,14,6,99,1,4,6,1,1
55,550323,1,1,1,20,8,15,25,34,0,1,0,92,0,12,881,12881,63,1995,1FDZA99WXSVA,1,F,D,Z,A,9,9,W,X,S,V,A,0,T,FORD,9LT,CC,95,17,,8,2390,1550,COL,D,,,6,893,,,,,14258,06,,64,0,57,1383824,571383824,3,2,4,1,0,0,0,0,0,0,0,55,0,1,5,12,6,2,1,0,0,0,1,55,54762,6,1,6,0,3,3,70,195,0,0,0,0,0,0,0,0,0,0,0,0,0,0,1,2,55,1,1,2,1,0,0,1,12,1,1,4,6,1,0
55,550324,1,1,1,21,8,0,30,34,0,1,0,55,1,20,9,20009,2,1996,2G1FP22P4T21,2,G,1,F,P,2,2,P,4,T,2,1,0,P,CHEV,Z28,CP,96,17,3466,,0,1011,,G,,F,8,350,,,16R235,,,,,,0,0,000000000,00000000000,0,0,0,1,0,0,0,0,0,0,0,70,0,1,5,99,6,2,1,0,0,0,1,55,54853,6,1,0,0,3,2,72,185,0,0,0,0,0,0,0,0,0,1,58,74,0,0,1,2,55,3,6,2,1,0,0,14,6,6,4,4,2,1,1
55,550325,1,1,2,3,8,18,6,1,0,1,0,55,1,72,706,72706,80,2003,1HD1BXB483Y0,1,H,D,1,B,X,B,4,8,3,Y,0,0,M,HD,ISA,RS,3,17,,,,,,,1450,,2,,4,666,,,,,,,0,0,000000000,00000000000,0,0,0,1,0,0,0,0,0,0,0,5,0,0,0,0,2,8,1,0,0,0,1,55,53027,6,1,0,0,3,3,74,205,0,0,0,0,0,0,0,0,0,0,0,0,0,0,1,2,40,2,1,2,1,0,0,6,8,9,9,1,98,1,1
55,550326,1,2,1,5,8,12,9,12,1,1,0,55,1,76,706,76706,80,2000,JYAVP11E7YA0,J,Y,A,V,P,1,1,E,7,Y,A,0,0,M,YAMA,XVS,RS,0,17,,,,,,,1063,,2,,4,999,,,,,,,0,0,000000000,00000000000,0,0,0,1,0,0,0,0,0,0,0,55,0,0,0,12,4,3,1,0,0,0,1,55,54303,6,1,0,0,3,3,72,195,0,0,0,0,0,0,0,0,0,0,0,0,0,0,1,2,55,1,1,2,1,0,0,1,52,1,1,1,28,1,0
55,550326,2,2,2,5,8,12,9,12,1,1,0,55,1,37,706,37706,80,2005,JH2RC50345M1,J,H,2,R,C,5,0,3,4,5,M,1,0,M,HOND,VCA,RS,5,17,,,,,,,745,,2,,4,519,,,,,,,0,0,000000000,00000000000,0,0,0,1,0,0,0,0,0,0,0,45,0,0,0,6,2,1,12,0,0,0,1,55,54313,6,1,6,0,3,0,66,170,0,1,1,0,0,10,2009,10,2009,0,0,0,0,0,1,2,55,1,1,2,1,0,0,2,53,1,1,1,29,0,0
55,550327,1,1,2,11,8,14,20,58,0,1,0,55,1,22,20,22020,4,2004,2G2WS5224413,2,G,2,W,S,5,2,2,4,4,1,3,0,P,PONT,GP2,4D,4,17,3484,,0,1105,,G,,F,6,231,,,16R225,,,,,,0,0,000000000,00000000000,0,0,0,1,0,0,0,0,0,0,0,999,0,0,0,14,6,2,58,0,0,0,1,55,53221,6,1,0,0,3,0,69,180,0,0,0,0,0,0,0,0,0,0,6,0,0,0,3,3,65,3,1,2,1,0,0,14,13,99,1,4,1,2,0
55,550328,1,1,1,24,8,17,57,35,0,1,0,27,2,49,421,49421,15,1995,JT3DJ81WXS01,J,T,3,D,J,8,1,W,X,S,0,1,0,P,TOYT,LCW,UT,95,17,4760,,0,1122,,G,,F,6,273,,,16R275,,,,,,0,0,000000000,00000000000,0,0,0,1,0,0,0,0,0,0,0,999,0,1,5,12,6,2,1,0,0,0,1,27,55082,6,1,0,0,3,3,76,195,0,0,0,0,0,0,0,0,0,1,0,0,0,0,1,2,55,3,5,2,1,0,0,14,13,99,1,4,1,1,0
55,550329,1,1,1,30,8,16,50,33,0,1,0,55,1,72,706,72706,80,2009,1HD1GV4109K3,1,H,D,1,G,V,4,1,0,9,K,3,0,M,HD,FDC,RS,9,17,,,,,,,1584,,2,,4,676,,,,,,,0,0,000000000,00000000000,0,0,0,1,0,0,0,0,0,0,0,55,0,0,0,12,6,2,33,0,0,0,1,55,53214,6,1,6,0,3,0,70,165,1,0,0,0,0,6,2012,6,2012,0,0,0,0,0,2,2,55,1,5,2,1,0,0,1,12,99,1,4,6,1,1
55,550330,1,7,2,20,7,18,21,12,1,1,0,55,2,12,442,12442,20,1998,2FMZA5147WBC,2,F,M,Z,A,5,1,4,7,W,B,C,0,T,FORD,WWG,ES,98,17,,1,0,1207,WIN,G,,,6,232,,,,B,3762,02,F,42,0,0,000000000,00000000000,0,0,0,1,0,0,0,0,0,0,0,60,0,1,1,12,6,2,12,0,0,0,1,55,54701,1,1,0,0,2,0,71,150,1,2,1,0,2,12,2009,9,2010,1,91,0,0,0,2,3,45,1,1,1,1,2,3,1,50,99,1,1,20,1,1