STATE,ST_CASE,VEH_NO,VE_FORMS,NUMOCCS,DAY,MONTH,HOUR,MINUTE,HARM_EV,MAN_COLL,UNITTYPE,HIT_RUN,REG_STAT,OWNER,MAKE,MODEL,MAK_MOD,BODY_TYP,MOD_YEAR,VIN,VIN_1,VIN_2,VIN_3,VIN_4,VIN_5,VIN_6,VIN_7,VIN_8,VIN_9,VIN_10,VIN_11,VIN_12,TOW_VEH,VINTYPE,VINMAKE,VINA_MOD,VIN_BT,VINMODYR,VIN_LNGT,VIN_WGT,WGTCD_TR,WHLBS_LG,WHLBS_SH,SER_TR,FUELCODE,MCYCL_DS,CARBUR,CYLINDER,DISPLACE,MCYCL_CY,MCYCL_WT,TIRE_SZE,TON_RAT,TRK_WT,TRKWTVAR,VIN_REST,WHLDRWHL,J_KNIFE,MCARR_I1,MCARR_I2,MCARR_ID,GVWR,V_CONFIG,CARGO_BT,HAZ_INV,HAZ_PLAC,HAZ_ID,HAZ_CNO,HAZ_REL,BUS_USE,SPEC_USE,EMER_USE,TRAV_SP,UNDERIDE,ROLLOVER,ROLINLOC,IMPACT1,DEFORMED,TOWED,M_HARM,VEH_SC1,VEH_SC2,FIRE_EXP,DR_PRES,L_STATE,DR_ZIP,L_STATUS,L_TYPE,CDL_STAT,L_ENDORS,L_COMPL,L_RESTRI,DR_HGT,DR_WGT,PREV_ACC,PREV_SUS,PREV_DWI,PREV_SPD,PREV_OTH,FIRST_MO,FIRST_YR,LAST_MO,LAST_YR,SPEEDREL,DR_SF1,DR_SF2,DR_SF3,DR_SF4,VTRAFWAY,VNUM_LAN,VSPD_LIM,VALIGN,VPROFILE,VPAVETYP,VSURCOND,VTRAFCON,VTCONT_F,P_CRASH1,P_CRASH2,P_CRASH3,PCRASH4,PCRASH5,ACC_TYPE,DEATHS,DR_DRINK
55,550391,2,2,1,18,9,14,50,12,6,1,0,40,3,98,809,98809,66,2007,2FWJA3CV67AW,2,F,W,J,A,3,C,V,6,7,A,W,1,T,STRG,AT9,TR,7,17,,8,0,0,STE,D,,,6,782,,,,,00000,00,,64,1,57,661173,57661173,3,6,1,1,0,0,0,0,0,0,0,999,0,0,0,7,2,1,12,0,0,0,1,55,54915,6,1,6,0,3,3,72,180,0,0,0,0,0,0,0,0,0,0,0,0,0,0,1,2,25,1,1,1,1,0,0,1,62,1,1,2,65,0,0
55,550392,1,1,1,30,9,4,25,1,0,1,0,98,9,22,22,22022,4,2006,1G2ZG5586642,1,G,2,Z,G,5,5,8,6,6,4,2,0,P,PONT,GS1,4D,6,17,3419,,0,1123,,G,,F,6,214,,,16R215,,,,,,0,0,000000000,00000000000,0,0,0,1,0,0,0,0,0,0,0,83,0,9,5,0,6,2,1,0,0,0,1,55,54135,0,0,0,0,0,0,999,999,0,0,0,0,0,0,0,0,0,1,0,0,0,0,1,2,55,2,5,2,1,0,0,14,6,99,9,4,7,1,1
55,550393,1,1,2,11,9,2,3,33,0,1,0,55,1,6,43,6043,1,2002,1C3EL55R92N1,1,C,3,E,L,5,5,R,9,2,N,1,0,P,CHRY,SLI,CV,2,17,3383,,0,1060,,G,,F,6,167,,,16R205,,,,,,0,0,000000000,00000000000,0,0,0,1,0,0,0,0,0,0,0,55,0,1,5,14,6,2,1,0,0,0,1,55,54208,6,1,0,0,3,3,72,170,0,0,0,1,1,1,2011,3,2012,1,58,91,0,0,1,2,30,3,1,1,1,0,0,14,6,3,4,4,1,1,1
55,550394,1,2,1,11,9,6,0,12,2,1,0,55,2,12,461,12461,21,2010,1FTSS3EL2ADA,1,F,T,S,S,3,E,L,2,A,D,A,0,T,FORD,3SD,EC,10,17,,2,0,1380,VAN,G,,,8,330,,,,D,5485,00,E,42,0,0,000000000,00000000000,0,0,0,1,0,0,0,0,0,0,0,999,0,0,0,12,6,2,12,0,0,0,1,55,53534,6,1,0,0,3,0,77,160,0,0,0,1,0,5,2012,5,2012,0,28,0,0,0,1,2,25,1,5,2,1,0,0,1,10,99,1,2,50,0,0
55,550394,2,2,1,11,9,6,0,12,2,1,0,55,2,23,481,23481,31,2002,1GTHK29U22Z2,1,G,T,H,K,2,9,U,2,2,Z,2,0,T,GMC,2KH,4C,2,17,,2,1575,1430,SIE,G,,,8,364,,,,C,5497,03,U,44,0,0,000000000,00000000000,0,0,0,1,0,0,0,0,0,0,0,999,0,0,0,12,6,2,12,0,0,0,1,55,53527,6,1,0,0,3,0,70,185,0,0,0,1,0,5,2012,5,2012,0,0,0,0,0,1,2,25,1,6,2,1,0,0,1,62,99,1,1,51,1,0
55,550395,1,1,1,11,9,19,28,49,0,1,0,55,1,12,471,12471,30,1994,1FTCR15X1RPA,1,F,T,C,R,1,5,X,1,R,P,A,0,T,FORD,RNS,PC,94,17,,1,0,1250,RNG,G,,,6,245,,,,B,3479,00,A,44,0,0,000000000,00000000000,0,0,0,1,0,0,0,0,0,0,0,40,0,0,0,12,4,3,49,0,0,0,1,55,54411,6,1,0,0,3,0,71,200,0,0,0,1,0,9,2011,9,2011,0,89,0,0,0,1,2,45,1,1,4,1,0,0,1,83,99,1,1,13,0,0
55,550396,1,1,2,15,9,9,21,35,0,1,0,55,1,72,706,72706,80,2006,1HD1FLW196Y6,1,H,D,1,F,L,W,1,9,6,Y,6,0,M,HD,CUS,RS,6,17,,,,,,,1450,,2,,4,788,,,,,,,0,0,000000000,00000000000,0,0,0,1,0,0,0,0,0,0,0,35,0,0,0,14,6,2,1,0,0,0,1,55,54481,6,1,6,0,3,0,66,215,0,0,0,0,0,0,0,0,0,0,83,0,0,0,6,2,50,3,3,2,1,0,0,17,87,7,1,4,1,1,0
55,550397,1,1,1,15,9,11,3,34,0,1,0,55,1,72,706,72706,80,2003,1HD1GDV183K3,1,H,D,1,G,D,V,1,8,3,K,3,0,M,HD,FDL,RS,3,17,,,,,,,1450,,2,,4,612,,,,,,,0,0,000000000,00000000000,0,0,0,1,0,0,0,0,0,0,0,55,0,0,0,14,2,3,59,0,0,0,1,55,54455,6,1,6,0,3,0,66,150,0,0,0,0,0,0,0,0,0,0,0,0,0,0,1,2,55,1,1,2,1,0,0,1,12,3,2,4,6,1,0
55,550398,1,1,1,16,9,0,55,8,0,1,0,55,2,18,7,18007,4,1994,1G4AG55M0R64,1,G,4,A,G,5,5,M,0,R,6,4,0,P,BUIC,CSP,4D,94,17,2974,,0,1049,,G,,F,6,191,,,14R185,,,,,,0,0,000000000,00000000000,0,0,0,1,0,0,0,0,0,0,0,45,0,0,0,12,4,3,8,0,0,0,1,55,54442,6,1,0,0,3,3,69,140,0,0,0,0,0,0,0,0,0,0,0,0,0,0,1,2,45,1,1,2,1,0,0,1,80,3,2,1,13,0,0
55,550399,1,1,1,17,9,6,29,34,0,1,0,55,1,2,404,2404,14,1988,1JCMT7849JT1,1,J,C,M,T,7,8,4,9,J,T,1,0,T,JEEP,LAR,4W,88,17,,1,0,1010,CHK,G,,,6,242,,,,,00000,00,A,44,0,0,000000000,00000000000,0,0,0,1,0,0,0,0,0,0,0,55,0,1,5,1,6,2,42,0,0,0,1,55,53934,6,1,0,0,3,1,68,185,0,0,0,0,0,0,0,0,0,0,0,0,0,0,1,2,55,1,1,2,1,0,0,1,13,99,1,4,1,1,0
55,550400,1,1,1,18,9,20,54,18,0,1,0,55,2,72,706,72706,80,2006,1HD1GN11X6K3,1,H,D,1,G,N,1,1,X,6,K,3,0,M,HD,DLI,RS,6,17,,,,,,,1450,,2,,4,641,,,,,,,0,0,000000000,00000000000,0,0,0,1,0,0,0,0,0,0,0,999,0,0,0,12,6,2,18,0,0,0,1,55,53545,2,1,0,0,2,0,70,160,2,1,1,0,0,6,2010,3,2012,0,0,0,0,0,1,2,25,1,1,2,1,0,0,1,90,99,1,1,12,1,1
55,550401,1,1,1,19,9,15,5,8,0,1,1,27,2,12,17,12017,4,1997,1FALP52UXVG3,1,F,A,L,P,5,2,U,X,V,G,3,0,P,FORD,TAG,4D,97,17,3329,,0,1085,,G,,F,6,182,,,15R205,,,,,,0,0,000000000,00000000000,0,0,0,1,0,0,0,0,0,0,0,55,0,0,0,12,4,1,8,0,0,0,1,55,54015,0,0,0,0,0,0,999,999,0,0,0,0,0,0,0,0,0,0,0,0,0,0,1,2,55,1,1,2,1,0,0,1,80,1,1,1,13,0,0
55,550402,1,2,1,14,9,13,36,12,6,1,0,55,1,23,481,23481,31,2002,1GTEK19T82Z1,1,G,T,E,K,1,9,T,8,2,Z,1,0,T,GMC,NK1,4C,2,17,,2,1575,1435,SIE,G,,,8,325,,,,B,4910,02,U,44,0,0,000000000,00000000000,0,0,0,1,0,0,0,0,0,0,0,18,0,0,0,1,4,3,12,0,0,0,1,17,60050,6,1,0,0,3,0,74,265,0,0,0,0,2,11,2010,11,2010,0,38,0,0,0,1,2,35,1,9,2,1,20,3,4,17,99,1,1,87,0,0
55,550402,2,2,2,14,9,13,36,12,6,1,0,55,1,37,706,37706,80,2007,JH2RC50017M3,J,H,2,R,C,5,0,0,1,7,M,3,0,M,HOND,VT7,RS,7,17,,,,,,,745,,2,,4,519,,,,,,,0,0,000000000,00000000000,0,0,0,1,0,0,0,0,0,0,0,999,0,0,0,12,6,2,12,0,0,0,1,55,53406,6,1,0,0,3,3,71,220,0,0,0,0,0,0,0,0,0,0,0,0,0,0,1,2,45,1,5,2,1,0,0,1,66,1,1,1,86,1,0
55,550403,1,1,2,23,9,18,33,35,0,1,0,55,2,18,2,18002,4,1997,1G4HR52K7VH4,1,G,4,H,R,5,2,K,7,V,H,4,0,P,BUIC,LLF,4D,97,17,3488,,0,1108,,G,,F,6,231,,,15R205,,,,,,0,0,000000000,00000000000,0,0,0,1,0,0,0,0,0,0,0,65,0,1,5,12,6,2,1,0,0,0,1,55,53520,2,2,0,0,2,0,70,175,0,0,0,0,0,0,0,0,0,1,91,0,0,0,1,2,45,3,1,2,1,0,0,14,6,99,1,4,1,1,1
55,550404,1,1,1,22,9,19,4,34,0,1,0,55,1,72,706,72706,80,2010,1HD1FC418AB6,1,H,D,1,F,C,4,1,8,A,B,6,0,M,HD,FTU,RS,10,17,,,,,,,1584,,2,,4,889,,,,,,,0,0,000000000,00000000000,0,0,0,1,0,0,0,0,0,0,0,999,0,0,0,12,6,2,1,0,0,0,1,55,54124,6,1,6,0,3,0,72,200,0,0,0,0,0,0,0,0,0,0,0,0,0,0,1,2,55,3,1,2,1,0,0,14,13,99,1,4,1,1,1
55,550405,1,1,1,20,9,19,25,11,0,1,0,99,9,37,705,37705,80,2011,JH2PC0215BM0,J,H,2,P,C,0,2,1,5,B,M,0,0,M,HOND,G5I,RS,81,17,,,,,,,500,,2,,4,507,,,,,,,0,0,000000000,00000000000,0,0,0,1,0,0,0,0,0,0,0,999,0,0,0,12,4,3,11,0,0,0,1,55,54017,6,1,0,0,2,0,68,274,1,0,0,0,0,12,2011,12,2011,0,0,0,0,0,1,2,55,1,1,2,1,0,0,1,87,1,1,1,13,1,0
55,550406,1,2,1,22,9,15,14,12,6,1,0,55,1,12,17,12017,6,2002,1FAFP58S02G1,1,F,A,F,P,5,8,S,0,2,G,1,0,P,FORD,TSE,SW,2,17,3502,,0,1085,,G,,F,6,182,,,16R215,,,,,,0,0,000000000,00000000000,0,0,0,1,0,0,0,0,0,0,0,5,0,0,0,9,6,2,12,0,0,0,1,55,54945,6,1,0,0,3,3,64,164,0,0,0,0,0,0,0,0,0,0,38,0,0,0,1,2,55,1,1,2,1,20,3,11,15,99,1,1,82,1,0
55,550406,2,2,2,22,9,15,14,12,6,1,0,55,1,49,403,49403,14,2006,JTEGP21A3601,J,T,E,G,P,2,1,A,3,6,0,1,0,P,TOYT,HIG,UT,6,17,3704,,0,1069,,G,,F,6,202,,,16R225,,,,,,0,0,000000000,00000000000,0,0,0,1,0,0,0,0,0,0,0,55,0,0,0,12,6,2,12,0,0,0,1,55,53222,6,1,0,0,3,0,66,125,0,0,0,0,0,0,0,0,0,0,89,0,0,0,1,2,55,1,1,2,1,0,0,1,67,99,1,1,83,0,0
55,550407,1,1,1,24,9,99,99,31,0,1,0,55,1,10,37,10037,2,1997,4E3AK44Y2VE1,4,E,3,A,K,4,4,Y,2,V,E,1,0,P,EGIL,TEI,2H,97,17,2635,,0,988,,G,,F,4,122,,,14R195,,,,,,0,0,000000000,00000000000,0,0,0,1,0,0,0,0,0,0,0,55,0,1,5,12,6,2,1,0,0,0,1,55,54757,6,2,0,0,3,0,66,130,0,0,0,0,1,2,2011,2,2011,0,0,0,0,0,1,2,55,1,1,2,1,0,0,1,12,99,1,4,6,1,1
55,550408,1,2,1,21,9,16,40,12,6,1,0,55,1,37,706,37706,80,2005,1HFSC52325A2,1,H,F,S,C,5,2,3,2,5,A,2,0,M,HOND,X13,RS,5,17,,,,,,,1312,,2,,4,669,,,,,,,0,0,000000000,00000000000,0,0,0,1,0,0,0,0,0,0,0,999,0,0,0,12,6,2,12,0,0,0,1,55,53209,6,1,0,0,3,0,66,190,0,0,0,0,1,7,2011,7,2011,0,0,0,0,0,2,3,40,1,1,1,1,0,0,1,62,3,2,1,69,1,1
55,550408,2,2,2,21,9,16,40,12,6,1,0,55,3,84,981,84981,50,1995,1HVBBABP9SH6,1,H,V,B,B,A,B,P,9,S,H,6,0,T,INTL,380,BU,95,17,,7,2760,1520,30S,D,,,8,444,,,,,00000,00,,42,0,57,2093148,572093148,3,21,22,1,0,0,0,0,1,2,0,999,0,0,0,5,4,3,12,0,0,0,1,55,53216,6,1,6,1,3,3,79,200,0,0,0,0,0,0,0,0,0,0,38,0,0,0,2,3,40,1,1,1,1,0,0,11,15,99,1,2,68,0,0
55,550409,1,1,1,23,9,3,7,1,0,1,0,55,1,12,473,12473,30,2001,1FMZU77E81UB,1,F,M,Z,U,7,7,E,8,1,U,B,0,P,FORD,EPR,UT,1,17,4332,,0,1259,,G,,F,6,245,,,15R235,,,,,,0,0,000000000,00000000000,0,0,0,1,0,0,0,0,0,0,0,999,0,2,2,0,6,2,1,0,0,0,1,55,53948,6,1,0,0,3,3,65,160,0,0,0,0,0,0,0,0,0,0,58,0,0,0,1,2,55,1,1,2,1,0,0,1,13,99,1,4,1,1,1
55,550410,1,1,1,24,9,17,50,33,0,1,0,55,2,76,705,76705,80,1983,JYA22R002DA0,J,Y,A,2,2,R,0,0,2,D,A,0,0,M,YAMA,X7M,RS,83,17,,,,,,,750,,4,,4,480,,,,,,,0,0,000000000,00000000000,0,0,0,1,0,0,0,0,0,0,0,999,0,0,0,12,4,3,1,0,0,0,1,55,53182,2,1,0,0,2,3,70,200,0,0,0,2,4,10,2010,11,2010,0,0,0,0,0,2,2,30,3,1,1,1,0,0,14,13,99,1,4,1,1,0
55,550411,1,1,1,25,9,99,99,42,0,1,0,55,2,20,2,20002,4,2006,2G1WT58K8692,2,G,1,W,T,5,8,K,8,6,9,2,0,P,CHEV,IMT,4D,6,17,3477,,0,1105,,F,,F,6,214,,,16R225,,,,,,0,0,000000000,00000000000,0,0,0,1,0,0,0,0,0,0,0,55,0,0,0,12,6,2,2,0,0,1,1,55,54566,6,1,0,0,3,2,70,240,1,0,0,0,1,9,2011,12,2011,0,74,0,0,0,1,2,55,3,5,2,1,0,0,14,13,99,1,4,1,1,1
55,550412,1,1,4,23,9,3,45,35,0,1,0,55,2,20,2,20002,4,2005,2G1WH55K6592,2,G,1,W,H,5,5,K,6,5,9,2,0,P,CHEV,IPL,4D,5,17,3466,,0,1105,,G,,F,6,231,,,16R225,,,,,,0,0,000000000,00000000000,0,0,0,1,0,0,0,0,0,0,0,999,0,1,5,12,6,2,1,0,0,0,1,55,53556,6,1,0,0,3,3,71,130,0,0,0,1,1,1,2011,1,2011,1,91,0,0,0,1,2,55,1,6,2,1,0,0,1,13,99,1,4,1,1,1
55,550413,1,1,1,20,9,4,44,11,0,1,0,55,1,72,706,72706,80,2002,1HD1FCW122Y6,1,H,D,1,F,C,W,1,2,2,Y,6,0,M,HD,FLU,RS,2,17,,,,,,,1450,,2,,4,788,,,,,,,0,0,000000000,00000000000,0,0,0,1,0,0,0,0,0,0,0,999,0,0,0,12,4,3,11,0,0,0,1,55,54130,6,1,0,0,3,3,71,215,0,0,0,0,0,0,0,0,0,0,83,0,0,0,2,2,55,1,1,2,1,0,0,1,87,3,2,1,13,1,0
55,550414,1,1,1,29,9,16,40,11,0,1,0,55,1,72,706,72706,80,2008,1HD1KB4128Y7,1,H,D,1,K,B,4,1,2,8,Y,7,0,M,HD,FHX,RS,8,17,,,,,,,1584,,2,,4,786,,,,,,,0,0,000000000,00000000000,0,0,0,1,0,0,0,0,0,0,0,45,0,0,0,12,4,3,11,0,0,0,1,55,54418,6,1,6,0,3,0,75,225,0,0,0,0,0,0,0,0,0,0,0,0,0,0,1,2,55,3,1,2,1,0,0,14,87,99,1,1,13,1,0
55,550415,1,2,3,26,9,19,29,12,6,1,0,27,1,18,3,18003,4,2005,1G4CW54K8541,1,G,4,C,W,5,4,K,8,5,4,1,0,P,BUIC,PKA,4D,5,17,3778,,0,1138,,G,,F,6,232,,,16R225,,,,,,0,0,000000000,00000000000,0,0,0,1,0,0,0,0,0,0,0,5,0,0,0,9,6,2,12,0,0,0,1,27,56655,6,1,0,0,3,3,68,160,0,0,0,0,0,0,0,0,0,0,38,0,0,0,1,2,45,1,1,1,1,20,3,11,15,99,1,1,82,1,0
55,550415,2,2,3,26,9,19,29,12,6,1,0,55,1,7,482,7482,31,2001,3B7KF23751G1,3,B,7,K,F,2,3,7,5,1,G,1,1,T,DODG,Q25,4C,1,17,,2,1547,1387,RPC,D,,,6,359,,,,C,5586,01,U,44,1,0,000000000,00000000000,0,0,0,1,0,0,0,0,0,0,0,50,0,0,0,12,6,2,12,0,0,0,1,55,54742,6,1,6,3,3,0,65,190,1,0,0,0,0,10,2010,10,2010,0,0,0,0,0,2,2,45,1,1,1,1,0,0,1,67,8,1,2,83,0,0
55,550416,1,1,1,23,9,7,30,42,0,1,0,55,1,63,32,63032,4,2001,KNADC1234160,K,N,A,D,C,1,2,3,4,1,6,0,0,P,KIA,RIO,4D,1,17,2242,,0,949,,G,,F,4,091,,,13R175,,,,,,0,0,000000000,00000000000,0,0,0,1,0,0,0,0,0,0,0,999,0,0,0,11,6,2,42,0,0,0,1,55,54463,6,1,0,0,3,3,71,190,0,0,0,0,1,7,2010,7,2010,1,0,0,0,0,1,2,55,1,3,2,1,0,0,1,6,99,3,4,2,1,1
55,550417,1,3,2,23,9,13,50,12,1,1,0,17,1,20,404,20404,14,2006,2CNDL63F2660,2,C,N,D,L,6,3,F,2,6,6,0,0,P,CHEV,EQU,UT,6,17,3777,,0,1125,,G,,F,6,207,,,16R235,,,,,,0,0,000000000,00000000000,0,0,0,1,0,0,0,0,0,0,0,0,0,0,0,6,6,2,12,0,0,0,1,17,61032,6,1,0,0,3,3,70,185,0,0,0,0,0,0,0,0,0,0,0,0,0,0,1,2,55,3,1,2,1,0,0,5,53,1,1,1,25,1,0
55,550417,2,3,7,23,9,13,50,12,1,1,0,55,1,18,441,18441,20,2006,5GADV23L96D1,5,G,A,D,V,2,3,L,9,6,D,1,0,P,BUIC,TER,SV,6,17,4470,,0,1211,,G,,F,6,214,,,000000,,,,,,0,0,000000000,00000000000,0,0,0,1,0,0,0,0,0,0,0,59,0,0,0,12,6,2,12,0,0,0,1,55,53550,6,1,0,0,3,0,63,115,0,0,0,0,0,0,0,0,0,0,6,0,0,0,1,2,55,3,1,2,1,0,0,14,52,99,1,1,24,0,0
55,550417,3,3,2,23,9,13,50,12,1,1,0,55,1,20,473,20473,30,2005,1GCDT1361582,1,G,C,D,T,1,3,6,1,5,8,2,0,T,CHEV,RDO,CW,5,17,,1,0,1260,CAL,G,,,5,214,,,,,3802,00,,44,0,0,000000000,00000000000,0,0,0,1,0,0,0,0,0,0,0,999,0,0,0,8,2,1,12,0,0,0,1,55,53586,6,1,0,0,3,0,71,165,0,0,0,0,0,0,0,0,0,0,0,0,0,0,1,2,55,2,1,2,1,0,0,14,62,7,1,4,98,0,0
55,550418,1,2,1,25,9,15,52,12,6,1,0,55,3,98,809,98809,63,1999,2FZHDJBB1XA9,2,F,Z,H,D,J,B,B,1,X,A,9,0,T,STRG,L11,CC,99,17,,8,2620,1660,STE,D,,,6,439,,,,,00000,00,,42,0,77,777777777,77777777777,3,2,4,1,0,0,0,0,0,0,0,5,0,0,0,1,2,3,12,0,0,0,1,55,53968,6,1,6,0,3,0,72,190,1,0,0,0,0,7,2012,7,2012,0,0,0,0,0,1,2,55,1,1,2,1,0,0,11,15,1,1,2,68,0,0
55,550418,2,2,1,25,9,15,52,12,6,1,0,55,1,34,706,34706,80,1989,WB1046901K62,W,B,1,0,4,6,9,0,1,K,6,2,0,M,BMW,RRT,RS,89,17,,,,,,,1000,,2,,4,472,,,,,,,0,0,000000000,00000000000,0,0,0,1,0,0,0,0,0,0,0,55,0,0,0,12,6,2,12,0,0,0,1,55,53550,6,1,0,0,3,3,74,165,0,0,0,0,0,0,0,0,0,0,0,0,0,0,1,2,55,1,1,2,1,0,0,1,62,99,1,1,69,1,0
55,550419,1,2,1,26,9,7,7,12,6,1,0,55,1,30,42,30042,1,1992,WVWCB5154NK0,W,V,W,C,B,5,1,5,4,N,K,0,0,P,VOLK,CAB,CV,92,17,2224,,0,945,,G,,F,4,109,,,14R185,,,,,,0,0,000000000,00000000000,0,0,0,1,0,0,0,0,0,0,0,15,0,0,0,9,4,3,12,0,0,0,1,55,53002,6,1,0,0,3,0,72,180,0,0,0,1,1,8,2010,11,2010,0,38,0,0,0,2,2,45,1,1,2,1,0,0,11,15,1,1,2,82,0,0
55,550419,2,2,1,26,9,7,7,12,6,1,0,55,1,37,705,37705,80,1994,JH2PC2507RM3,J,H,2,P,C,2,5,0,7,R,M,3,0,M,HOND,RF2,RC,94,17,,,,,,,600,,4,,4,405,,,,,,,0,0,000000000,00000000000,0,0,0,1,0,0,0,0,0,0,0,45,0,0,0,12,6,2,12,0,0,0,1,55,53227,6,1,0,0,3,0,71,165,0,0,0,0,0,0,0,0,0,0,0,0,0,0,2,2,45,1,1,2,1,0,0,1,72,99,1,2,83,1,0
55,550420,1,1,1,2,9,18,45,35,0,1,0,0,0,76,734,76734,90,2013,5Y4AJ40Y4DA1,5,Y,4,A,J,4,0,Y,4,D,A,1,0,M,YAMA,Y5D,AT,13,17,,,,,,,558,,1,,4,648,,,,,,,0,0,000000000,00000000000,0,0,0,1,0,0,0,0,0,0,0,20,0,1,5,12,6,2,1,0,0,0,1,55,53549,3,1,0,0,1,0,70,300,0,0,0,0,0,0,0,0,0,0,51,52,0,0,1,2,98,1,1,2,1,0,0,1,12,3,4,4,6,1,0
55,550421,1,2,1,1,10,16,53,12,6,1,0,55,3,2,405,2405,14,2008,1J8GN28K38W2,1,J,8,G,N,2,8,K,3,8,W,2,0,T,JEEP,SPR,4W,8,17,,1,0,1061,LIB,G,,,6,226,,,,,4278,00,R,44,0,0,000000000,00000000000,0,0,0,1,0,0,0,0,0,0,0,45,0,0,0,12,4,3,12,0,0,0,1,55,54157,6,1,0,0,3,3,69,210,0,0,0,0,0,0,0,0,0,0,28,38,0,0,1,2,45,2,1,2,1,0,0,11,15,99,1,2,68,0,0
55,550421,2,2,1,1,10,16,53,12,6,1,0,55,1,53,705,53705,80,2005,JS1CP51AX521,J,S,1,C,P,5,1,A,X,5,2,1,0,M,SUZI,A6K,MS,5,17,,,,,,,638,,2,,4,524,,,,,,,0,0,000000000,00000000000,0,0,0,1,0,0,0,0,0,0,0,45,0,0,0,9,6,2,12,0,0,0,1,55,54101,6,1,0,0,3,0,69,216,0,0,0,0,0,0,0,0,0,0,0,0,0,0,1,2,45,3,1,2,1,0,0,14,67,99,1,1,69,1,1
55,550422,1,1,1,27,9,99,99,42,0,1,0,55,1,20,36,20036,2,1995,2G1WW12M4S91,2,G,1,W,W,1,2,M,4,S,9,1,0,P,CHEV,MLS,CP,95,17,3276,,0,1075,,G,,F,6,191,,,15R205,,,,,,0,0,000000000,00000000000,0,0,0,1,0,0,0,0,0,0,0,999,0,0,0,12,6,2,42,0,0,0,1,55,53042,6,1,0,0,3,3,72,170,1,1,1,1,4,10,2009,6,2012,0,0,0,0,0,1,2,55,3,5,2,1,0,0,14,12,99,1,4,6,1,1
55,550423,1,2,1,27,9,11,36,12,6,1,0,55,1,59,34,59034,4,2008,JTHCE96S5800,J,T,H,C,E,9,6,S,5,8,0,0,0,P,LEXS,GSA,4D,8,17,3965,,0,1122,,G,,F,6,210,,,17R225,,,,,,0,0,000000000,00000000000,0,0,0,1,0,0,0,0,0,0,0,40,0,0,0,61,6,2,12,0,0,0,1,55,53209,6,1,0,0,3,3,72,200,0,0,0,0,0,0,0,0,0,0,38,0,0,0,1,2,25,1,1,2,1,20,3,4,17,99,1,1,89,1,0
55,550423,2,2,1,27,9,11,36,12,6,1,0,17,1,12,461,12461,21,2007,1FTNE14W07DA,1,F,T,N,E,1,4,W,0,7,D,A,0,T,FORD,15V,CG,7,17,,2,0,1380,VAN,G,,,8,281,,,,B,00000,00,E,42,0,0,000000000,00000000000,0,0,0,1,0,0,0,0,0,0,0,999,0,0,0,12,6,2,12,0,0,0,1,17,60706,6,1,0,0,3,3,72,200,2,0,0,1,0,6,2010,11,2011,0,0,0,0,0,1,2,40,1,1,2,1,0,0,1,66,99,1,1,88,0,0
55,550424,1,2,1,2,10,16,15,1,0,1,0,40,3,87,881,87881,66,2009,1XPHDU9X09D7,1,X,P,H,D,U,9,X,0,9,D,7,1,T,PTRB,386,TR,9,17,,8,0,0,CON,D,,,6,763,,,,,00000,00,,64,1,57,464865,57464865,3,6,1,1,0,0,0,0,0,0,0,45,0,2,1,0,6,2,1,0,0,0,1,48,78223,6,1,6,0,3,0,999,999,0,0,0,0,0,0,0,0,0,0,28,0,0,0,1,2,55,3,6,2,1,0,0,14,10,99,1,2,98,0,0
55,550424,2,2,1,2,10,16,15,1,0,1,0,55,1,72,706,72706,80,1999,1HD1GEV12XY3,1,H,D,1,G,E,V,1,2,X,Y,3,0,M,HD,FWG,RS,99,17,,,,,,,1450,,2,,4,612,,,,,,,0,0,000000000,00000000000,0,0,0,1,0,0,0,0,0,0,0,45,0,0,0,13,6,2,12,0,0,0,1,55,54449,6,1,0,0,3,3,72,230,0,0,0,0,0,0,0,0,0,0,0,0,0,0,1,2,55,2,5,2,1,0,0,14,60,99,1,1,98,1,0
55,550425,1,1,2,17,9,21,55,33,0,1,0,28,1,22,20,22020,4,2001,1G2WK52JX1F1,1,G,2,W,K,5,2,J,X,1,F,1,0,P,PONT,GFS,4D,1,17,3384,,0,1105,,G,,F,6,191,,,15R205,,,,,,0,0,000000000,00000000000,0,0,0,1,0,0,0,0,0,0,0,75,0,1,5,12,6,2,1,0,0,0,1,55,53110,0,0,0,0,0,0,71,180,0,0,0,0,0,0,0,0,0,1,39,91,0,0,1,2,25,1,1,1,1,20,3,1,14,1,1,4,14,1,1
55,550426,1,2,1,27,9,10,43,12,6,1,0,55,1,37,703,37703,88,1996,JH2MF0202TK1,J,H,2,M,F,0,2,0,2,T,K,1,0,M,HOND,CN2,MS,96,17,,,,,,,244,,1,,4,349,,,,,,,0,0,000000000,00000000000,0,0,0,1,0,0,0,0,0,0,0,35,0,0,0,12,6,2,12,0,0,0,1,55,54982,6,1,0,0,3,3,64,133,0,0,0,0,0,0,0,0,0,0,28,0,0,0,1,2,35,2,1,2,1,0,0,14,10,1,1,2,64,1,1