STATE,ST_CASE,VEH_NO,VE_FORMS,NUMOCCS,DAY,MONTH,HOUR,MINUTE,HARM_EV,MAN_COLL,UNITTYPE,HIT_RUN,REG_STAT,OWNER,MAKE,MODEL,MAK_MOD,BODY_TYP,MOD_YEAR,VIN,VIN_1,VIN_2,VIN_3,VIN_4,VIN_5,VIN_6,VIN_7,VIN_8,VIN_9,VIN_10,VIN_11,VIN_12,TOW_VEH,VINTYPE,VINMAKE,VINA_MOD,VIN_BT,VINMODYR,VIN_LNGT,VIN_WGT,WGTCD_TR,WHLBS_LG,WHLBS_SH,SER_TR,FUELCODE,MCYCL_DS,CARBUR,CYLINDER,DISPLACE,MCYCL_CY,MCYCL_WT,TIRE_SZE,TON_RAT,TRK_WT,TRKWTVAR,VIN_REST,WHLDRWHL,J_KNIFE,MCARR_I1,MCARR_I2,MCARR_ID,GVWR,V_CONFIG,CARGO_BT,HAZ_INV,HAZ_PLAC,HAZ_ID,HAZ_CNO,HAZ_REL,BUS_USE,SPEC_USE,EMER_USE,TRAV_SP,UNDERIDE,ROLLOVER,ROLINLOC,IMPACT1,DEFORMED,TOWED,M_HARM,VEH_SC1,VEH_SC2,FIRE_EXP,DR_PRES,L_STATE,DR_ZIP,L_STATUS,L_TYPE,CDL_STAT,L_ENDORS,L_COMPL,L_RESTRI,DR_HGT,DR_WGT,PREV_ACC,PREV_SUS,PREV_DWI,PREV_SPD,PREV_OTH,FIRST_MO,FIRST_YR,LAST_MO,LAST_YR,SPEEDREL,DR_SF1,DR_SF2,DR_SF3,DR_SF4,VTRAFWAY,VNUM_LAN,VSPD_LIM,VALIGN,VPROFILE,VPAVETYP,VSURCOND,VTRAFCON,VTCONT_F,P_CRASH1,P_CRASH2,P_CRASH3,PCRASH4,PCRASH5,ACC_TYPE,DEATHS,DR_DRINK
55,550426,2,2,2,27,9,10,43,12,6,1,0,55,1,12,402,12402,14,2003,1FMYU93183KE,1,F,M,Y,U,9,3,1,8,3,K,E,1,P,FORD,SPE,UT,3,17,3458,,0,1031,,G,,F,6,181,,,16R235,,,,,,1,0,000000000,00000000000,0,0,0,1,0,0,0,0,0,0,0,35,1,0,0,10,2,1,12,0,0,0,1,55,54923,6,1,0,0,3,3,66,200,0,0,0,1,1,12,2009,9,2011,0,0,0,0,0,1,2,35,3,1,2,1,0,0,14,62,99,1,1,65,0,0
55,550427,1,2,1,20,9,12,20,12,6,1,0,55,3,98,809,98809,63,2002,2FZHAZAV72AK,2,F,Z,H,A,Z,A,V,7,2,A,K,0,T,STRG,LT9,CC,2,17,,8,0,0,STE,D,,,6,893,,,,,00000,00,,64,0,57,591671,57591671,3,2,2,1,0,0,0,0,0,0,0,45,0,0,0,10,6,2,12,0,0,0,1,55,54426,6,1,6,1,3,3,73,213,0,0,0,0,0,0,0,0,0,0,39,0,0,0,1,2,55,1,1,2,1,20,3,1,17,1,1,1,89,1,0
55,550427,2,2,1,20,9,12,20,12,6,1,0,40,3,82,881,82881,66,2007,1FUJBBCV87LW,1,F,U,J,B,B,C,V,8,7,L,W,1,T,FRHT,ST2,TR,7,17,,8,0,0,CON,D,,,6,782,,,,,00000,00,,64,1,57,1712516,571712516,3,6,1,1,0,0,0,0,0,0,0,40,0,0,0,12,6,2,12,0,0,0,1,55,54952,6,1,6,0,3,0,70,240,2,0,0,1,0,12,2010,8,2012,0,0,0,0,0,1,2,55,1,1,2,1,0,0,1,66,3,2,1,88,0,0
55,550428,1,1,1,2,10,22,56,34,0,1,0,55,1,22,16,22016,2,1998,1G2JD12T8W75,1,G,2,J,D,1,2,T,8,W,7,5,0,P,PONT,SFG,CP,98,17,2822,,0,1041,,G,,F,4,146,,,16R205,,,,,,0,0,000000000,00000000000,0,0,0,1,0,0,0,0,0,0,0,999,0,0,0,14,6,2,42,0,0,0,1,55,53023,1,2,0,0,2,3,63,153,0,1,1,0,0,5,2010,5,2010,1,28,0,0,0,1,2,55,2,6,2,1,40,3,14,6,99,1,4,6,1,0
55,550429,1,2,3,25,9,13,30,12,6,1,0,17,2,35,401,35401,14,2006,5N1AR18W36C6,5,N,1,A,R,1,8,W,3,6,C,6,0,P,NISS,PFI,UT,6,17,4373,,0,1122,,G,,F,6,244,,,16R265,,,,,,0,0,000000000,00000000000,0,0,0,1,0,0,0,0,0,0,0,999,0,0,0,62,6,2,12,0,0,0,1,17,60181,6,1,0,0,3,0,68,125,0,0,0,0,0,0,0,0,0,0,0,0,0,0,1,2,35,3,1,2,1,0,0,14,62,9,1,1,65,0,0
55,550429,2,2,2,25,9,13,30,12,6,1,0,55,1,72,706,72706,80,2012,1HD1BWV19CB0,1,H,D,1,B,W,V,1,9,C,B,0,0,M,HD,STC,RS,12,17,,,,,,,1690,,2,,4,730,,,,,,,0,0,000000000,00000000000,0,0,0,1,0,0,0,0,0,0,0,999,0,0,0,12,6,2,12,0,0,0,1,55,54843,6,1,0,0,3,0,69,200,0,0,0,0,0,0,0,0,0,1,87,0,0,0,1,2,35,2,1,2,1,0,0,14,6,4,1,1,64,1,0
55,550430,1,3,1,30,9,13,46,12,6,1,0,27,1,72,706,72706,80,2003,1HD1FSW123Y6,1,H,D,1,F,S,W,1,2,3,Y,6,0,M,HD,TRI,RS,3,17,,,,,,,1450,,2,,4,731,,,,,,,0,0,000000000,00000000000,0,0,0,1,0,0,0,0,0,0,0,45,0,0,0,12,6,2,12,0,0,0,1,27,55976,6,1,0,0,3,0,68,185,0,0,0,0,0,0,0,0,0,0,39,0,0,0,2,3,45,1,1,1,1,1,3,1,67,99,1,1,83,1,0
55,550430,2,3,2,30,9,13,46,12,6,1,0,55,1,20,481,20481,31,2006,2GCEK13T2611,2,G,C,E,K,1,3,T,2,6,1,1,0,T,CHEV,SK1,CW,6,17,,2,0,1435,SIL,G,,,8,323,,,,B,5284,00,,44,0,0,000000000,00000000000,0,0,0,1,0,0,0,0,0,0,0,10,0,0,0,11,2,1,12,0,0,0,1,55,54636,6,1,0,0,3,0,70,218,0,0,0,0,0,0,0,0,0,0,0,0,0,0,6,2,45,3,1,1,1,1,3,11,15,99,1,2,82,0,0
55,550430,3,3,1,30,9,13,46,12,6,1,0,48,1,20,403,20403,14,2004,1GNDS13S4422,1,G,N,D,S,1,3,S,4,4,2,2,0,P,CHEV,TRL,UT,4,17,4425,,0,1130,,G,,F,6,256,,,16R245,,,,,,0,0,000000000,00000000000,0,0,0,1,0,0,0,0,0,0,0,10,0,0,0,7,2,3,12,0,0,0,1,55,54630,2,1,0,0,2,0,66,195,0,0,0,0,0,0,0,0,0,0,0,0,0,0,6,2,45,3,1,1,1,0,0,11,15,99,1,2,98,0,0
55,550431,1,2,1,3,10,16,25,12,2,1,0,27,2,63,402,63402,14,2004,KNDJC7338451,K,N,D,J,C,7,3,3,8,4,5,1,0,P,KIA,SOR,UT,4,17,4112,,0,1067,,G,,F,6,213,,,16R245,,,,,,0,0,000000000,00000000000,0,0,0,1,0,0,0,0,0,0,0,55,0,1,5,12,6,2,1,0,0,0,1,27,55963,6,1,6,0,3,0,999,999,0,0,0,2,0,2,2011,8,2012,0,28,0,0,0,1,2,55,1,1,2,1,0,0,1,10,99,1,1,50,0,0
55,550431,2,2,2,3,10,16,25,12,2,1,0,55,1,72,706,72706,80,2007,1HD1FB4157Y7,1,H,D,1,F,B,4,1,5,7,Y,7,0,M,HD,FHR,RS,7,17,,,,,,,1584,,2,,4,737,,,,,,,0,0,000000000,00000000000,0,0,0,1,0,0,0,0,0,0,0,45,0,0,0,12,6,2,12,0,0,0,1,27,55963,6,1,6,0,3,0,68,160,0,0,0,0,0,0,0,0,0,0,0,0,0,0,1,2,55,1,1,2,1,0,0,1,62,7,1,2,51,1,0
55,550432,1,1,1,19,12,10,55,5,0,1,0,55,3,12,461,12461,21,2008,1FTSS34L48DB,1,F,T,S,S,3,4,L,4,8,D,B,0,T,FORD,3SD,EC,8,17,,2,0,1380,VAN,G,,,8,330,,,,D,00000,00,E,42,0,0,000000000,00000000000,0,0,0,1,0,0,0,0,8,0,0,999,0,0,0,0,0,3,5,0,0,0,1,55,53590,6,1,0,0,3,3,67,250,0,0,0,0,0,0,0,0,0,0,0,0,0,0,1,2,0,3,5,2,2,0,0,98,98,1,1,1,0,1,0
55,550433,1,2,1,4,10,11,10,12,6,1,0,55,1,72,706,72706,80,2011,1HD1KEM10BB6,1,H,D,1,K,E,M,1,0,B,B,6,0,M,HD,FTK,RS,11,17,,,,,,,1690,,2,,4,857,,,,,,,0,0,000000000,00000000000,0,0,0,1,0,0,0,0,0,0,0,55,0,0,0,81,6,2,12,0,0,0,1,55,53809,6,1,6,0,3,0,70,270,0,0,0,0,0,0,0,0,0,0,0,0,0,0,1,2,55,1,1,2,1,0,0,1,66,99,1,1,87,1,0
55,550433,2,2,2,4,10,11,10,12,6,1,0,17,1,18,2,18002,4,1998,1G4HP52K3WH5,1,G,4,H,P,5,2,K,3,W,H,5,0,P,BUIC,LCF,4D,98,17,3348,,0,1108,,G,,F,6,231,,,15R205,,,,,,0,0,000000000,00000000000,0,0,0,1,0,0,0,0,0,0,0,35,0,0,0,12,6,2,12,0,0,0,1,17,60178,6,1,0,0,3,3,71,140,1,0,0,0,0,8,2011,8,2011,0,39,0,0,0,1,2,35,1,1,2,1,20,3,1,17,99,1,1,86,0,0
55,550434,1,2,1,4,10,13,35,12,6,1,0,55,1,20,401,20401,14,1993,1GNDT13W7P21,1,G,N,D,T,1,3,W,7,P,2,1,0,P,CHEV,S10,UT,93,17,3764,,0,1070,,G,,F,6,262,,,000000,,,,,,0,0,000000000,00000000000,0,0,0,1,0,0,0,0,0,0,0,50,0,1,5,12,6,2,12,0,0,0,1,55,54174,6,1,0,0,3,3,69,172,0,0,0,0,0,0,0,0,0,0,38,39,0,0,1,2,55,1,1,2,1,20,3,1,17,99,1,1,88,1,0
55,550434,2,2,3,4,10,13,35,12,6,1,0,55,1,37,441,37441,20,2004,5FNRL18504B0,5,F,N,R,L,1,8,5,0,4,B,0,0,P,HOND,UDY,SV,4,17,4310,,0,1181,,G,,F,6,212,,,16R225,,,,,,0,0,000000000,00000000000,0,0,0,1,0,0,0,0,0,0,0,50,0,1,5,9,6,2,12,0,0,0,1,55,53704,6,1,0,0,3,0,72,170,0,0,0,0,0,0,0,0,0,0,0,0,0,0,1,2,55,1,1,2,1,0,0,1,66,99,1,1,89,1,0
55,550435,1,1,1,3,10,17,10,1,0,1,0,55,1,72,706,72706,80,1995,1HD1FCR1XSY6,1,H,D,1,F,C,R,1,X,S,Y,6,0,M,HD,FLU,RS,95,17,,,,,,,1340,,2,,4,999,,,,,,,0,0,000000000,00000000000,0,0,0,1,0,0,0,0,0,0,0,60,0,0,0,0,6,2,1,0,0,0,1,55,53032,6,1,6,0,3,1,72,195,0,0,0,2,1,6,2011,9,2012,1,0,0,0,0,1,2,55,2,1,2,1,0,0,14,6,3,4,4,2,1,0
55,550436,1,2,1,5,10,12,47,12,6,1,0,55,1,73,703,73703,80,1999,JKAEXMF15XA0,J,K,A,E,X,M,F,1,5,X,A,0,0,M,KAWK,EXF,RC,99,17,,,,,,,250,,2,,4,304,,,,,,,0,0,000000000,00000000000,0,0,0,1,0,0,0,0,0,0,0,50,0,0,0,12,6,2,12,0,0,0,1,55,53024,6,1,0,0,3,3,67,195,0,0,0,0,0,0,0,0,0,0,0,0,0,0,2,2,55,1,1,2,1,0,0,1,66,3,2,1,86,1,0
55,550436,2,2,1,5,10,12,47,12,6,1,0,55,1,55,402,55402,14,2005,KM8JN72D05U2,K,M,8,J,N,7,2,D,0,5,U,2,0,P,HYUN,TUC,UT,5,17,3425,,0,1035,,G,,F,6,162,,,16R235,,,,,,0,0,000000000,00000000000,0,0,0,1,0,0,0,0,0,0,0,25,0,0,0,82,4,3,12,0,0,0,1,55,53012,6,1,0,0,3,3,72,178,0,0,0,0,0,0,0,0,0,0,38,0,0,0,1,2,45,1,1,2,1,20,3,1,17,99,1,1,87,0,0
55,550437,1,2,1,5,10,23,29,12,2,1,0,55,1,23,421,23421,15,2008,2GTEK13JX813,2,G,T,E,K,1,3,J,X,8,1,3,0,T,GMC,SK1,CW,8,17,,2,0,1435,SIE,G,,,8,323,,,,B,5326,00,4,44,0,0,000000000,00000000000,0,0,0,1,0,0,0,0,0,0,0,50,0,0,0,12,6,2,12,0,0,0,1,55,54177,6,1,5,0,3,0,71,145,0,0,0,0,0,0,0,0,0,0,28,51,91,0,1,2,50,1,6,1,1,0,0,1,8,1,1,1,50,0,1
55,550437,2,2,4,5,10,23,29,12,2,1,0,26,2,20,2,20002,4,2007,2G1WT58K9792,2,G,1,W,T,5,8,K,9,7,9,2,0,P,CHEV,IMT,4D,7,17,3674,,0,1105,,F,,F,6,214,,,16R225,,,,,,0,0,000000000,00000000000,0,0,0,1,0,0,0,0,0,0,0,999,0,0,0,12,6,2,12,0,0,0,1,26,49849,6,1,0,0,3,3,67,125,0,0,0,0,0,0,0,0,0,0,0,0,0,0,1,2,50,1,5,2,1,0,0,1,54,8,2,1,51,1,0
55,550438,1,1,1,3,10,14,58,8,0,1,0,55,1,12,481,12481,31,1996,1FTEX14N2TKA,1,F,T,E,X,1,4,N,2,T,K,A,0,T,FORD,F15,PC,96,17,,2,1550,1390,COF,G,,,8,302,,,,B,4196,00,M,44,0,0,000000000,00000000000,0,0,0,1,0,0,0,0,0,0,0,30,0,0,0,12,4,3,8,0,0,0,1,55,54968,6,1,0,0,3,3,67,135,0,0,0,0,0,0,0,0,0,0,0,0,0,0,1,2,45,1,5,2,1,0,0,1,80,99,1,1,13,0,0
55,550439,1,1,1,3,10,17,1,9,0,1,0,55,1,20,20,20020,4,1999,2G1WL52M3X92,2,G,1,W,L,5,2,M,3,X,9,2,0,P,CHEV,L/S,4D,99,17,3330,,0,1075,,G,,F,6,191,,,15R205,,,,,,0,0,000000000,00000000000,0,0,0,1,0,0,0,0,0,0,0,999,0,0,0,12,2,3,9,0,0,0,1,55,53590,6,1,0,0,3,3,70,210,1,0,0,0,1,3,2010,4,2010,0,0,0,0,0,1,2,25,1,1,1,1,20,3,10,83,2,1,1,13,0,0
55,550440,1,1,1,8,10,11,37,9,0,1,0,55,1,7,482,7482,31,1997,3B7HF13Y9VG7,3,B,7,H,F,1,3,Y,9,V,G,7,0,T,DODG,150,PC,97,17,,2,1547,1387,RPC,G,,,8,318,,,,B,4764,01,M,44,0,0,000000000,00000000000,0,0,0,1,0,0,0,0,0,0,0,55,0,0,0,12,4,3,9,0,0,0,1,55,53597,1,1,0,0,2,0,72,280,1,1,0,2,1,10,2011,6,2012,0,0,0,0,0,1,2,55,1,5,2,1,0,0,1,83,1,1,4,13,0,0
55,550441,1,2,2,10,10,10,8,12,2,1,0,55,1,12,442,12442,20,2003,2FMZA50493BB,2,F,M,Z,A,5,0,4,9,3,B,B,0,T,FORD,WWG,ES,3,17,,1,0,1207,WIN,G,,,6,232,,,,B,3762,00,E,42,0,0,000000000,00000000000,0,0,0,1,0,0,0,0,0,0,0,999,0,0,0,12,6,2,12,0,0,0,1,55,54615,6,1,0,0,3,0,62,145,0,0,0,1,3,12,2011,9,2012,0,38,0,0,0,1,2,55,1,1,2,1,0,0,11,15,1,1,2,68,0,0
55,550441,2,2,1,10,10,10,8,12,2,1,0,55,1,53,705,53705,80,2013,JS1GP71L2D21,J,S,1,G,P,7,1,L,2,D,2,1,0,M,SUZI,G6L,RS,83,17,,,,,,,674,,4,,4,467,,,,,,,0,0,000000000,00000000000,0,0,0,1,0,0,0,0,0,0,0,999,0,0,0,12,6,2,12,0,0,0,1,55,54456,6,1,6,0,3,0,67,210,1,0,0,0,0,5,2010,5,2010,1,0,0,0,0,1,2,55,1,1,2,1,0,0,1,62,1,1,1,69,1,0
55,550442,1,1,2,6,10,13,9,42,0,1,0,55,1,22,18,22018,4,1997,1G2NE52M1VC7,1,G,2,N,E,5,2,M,1,V,C,7,0,P,PONT,GAS,4D,97,17,2752,,0,1034,,G,,F,6,191,,,14R195,,,,,,0,0,000000000,00000000000,0,0,0,1,0,0,0,0,0,0,0,999,0,0,0,61,6,2,42,0,0,0,1,55,54520,6,1,0,0,3,3,68,152,0,0,0,0,0,0,0,0,0,0,58,0,0,0,1,2,55,1,1,2,1,0,0,1,8,7,1,4,6,1,0
55,550443,1,1,1,6,10,17,23,34,0,1,0,55,1,72,706,72706,80,1975,4A16525H5,4,A,1,6,5,2,5,H,5,,,,0,M,HD,XLC,RS,75,9,,,,,,,1000,,2,,4,468,,,,,,,0,0,000000000,00000000000,0,0,0,1,0,0,0,0,0,0,0,50,0,0,0,12,6,2,1,0,0,0,1,55,54874,0,0,0,0,0,0,71,196,0,0,0,0,0,0,0,0,0,0,0,0,0,0,1,2,55,1,1,2,1,0,0,1,13,99,1,4,1,1,1
55,550444,1,1,1,11,10,5,0,34,0,1,0,55,2,22,18,22018,2,1996,1G2NE12T2TM5,1,G,2,N,E,1,2,T,2,T,M,5,0,P,PONT,GAS,CP,96,17,2662,,0,1034,,G,,F,4,146,,,14R195,,,,,,0,0,000000000,00000000000,0,0,0,1,0,0,0,0,0,0,0,65,0,1,3,12,6,2,1,0,0,0,1,55,54603,6,1,0,0,3,0,69,200,0,0,0,0,0,0,0,0,0,0,0,0,0,0,2,2,65,1,1,2,1,0,0,1,12,7,1,4,6,1,1
55,550446,1,1,1,12,10,1,9,42,0,1,0,55,1,20,2,20002,4,2002,2G1WH55KX293,2,G,1,W,H,5,5,K,X,2,9,3,0,P,CHEV,IPL,4D,2,17,3466,,0,1105,,G,,F,6,231,,,16R225,,,,,,0,0,000000000,00000000000,0,0,0,1,0,0,0,0,0,0,0,45,0,0,0,12,6,2,42,0,0,0,1,55,54161,6,1,0,0,3,0,74,310,0,0,0,0,0,0,0,0,0,0,58,0,0,0,1,2,45,3,6,2,1,0,0,14,13,6,1,4,1,1,1
55,550447,1,1,1,14,10,18,55,8,0,1,0,55,2,18,22,18022,4,2008,2G4WD5821811,2,G,4,W,D,5,8,2,1,8,1,1,0,P,BUIC,LAL,4D,8,17,3502,,0,1105,,G,,F,6,232,,,16R225,,,,,,0,0,000000000,00000000000,0,0,0,1,0,0,0,0,0,0,0,42,0,0,0,12,4,3,8,0,0,0,1,55,53027,6,1,0,0,3,3,62,145,0,0,0,0,0,0,0,0,0,0,83,0,0,0,1,2,55,1,1,2,2,0,0,1,80,8,1,2,13,0,0
55,550448,1,1,3,13,10,5,27,42,0,1,0,55,2,20,2,20002,4,2007,2G1WC58R7792,2,G,1,W,C,5,8,R,7,7,9,2,0,P,CHEV,IMT,4D,7,17,3637,,0,1105,,G,,F,6,238,,,17R225,,,,,,0,0,000000000,00000000000,0,0,0,1,0,0,0,0,0,0,0,47,0,0,0,12,6,2,42,0,0,0,1,55,53719,0,0,0,0,0,0,75,180,1,2,4,1,3,12,2010,7,2012,1,0,0,0,0,1,2,30,1,1,1,2,0,0,1,6,99,1,4,1,1,1
55,550449,1,1,1,13,10,23,35,35,0,1,0,55,1,12,37,12037,4,2005,1FAFP34N15W1,1,F,A,F,P,3,4,N,1,5,W,1,0,P,FORD,ZX4,4D,5,17,2677,,0,1030,,G,,F,4,122,,,15R195,,,,,,0,0,000000000,00000000000,0,0,0,1,0,0,0,0,0,0,0,999,0,1,5,61,6,2,1,0,0,0,1,55,53949,6,1,0,0,3,3,64,125,0,0,0,0,0,0,0,0,0,0,0,0,0,0,1,2,55,1,1,2,2,0,0,1,13,3,3,4,1,1,1
55,550450,1,2,1,9,10,6,52,11,0,1,0,55,1,49,32,49032,4,1999,1NXBR12E2XZ1,1,N,X,B,R,1,2,E,2,X,Z,1,0,P,TOYT,UVL,4D,99,17,2414,,0,970,,G,,F,4,109,,,14R175,,,,,,0,0,000000000,00000000000,0,0,0,1,0,0,0,0,0,0,0,999,0,0,0,12,4,1,11,0,0,0,1,55,54448,6,1,0,0,3,0,71,165,0,0,0,0,0,0,0,0,0,0,0,0,0,0,1,2,55,1,1,2,2,0,0,1,87,1,1,1,13,0,0
55,550450,2,2,1,9,10,6,52,11,0,1,0,55,0,12,24,12024,6,2008,2FMDK48C58BA,2,F,M,D,K,4,8,C,5,8,B,A,0,P,FORD,EDG,UT,8,17,4282,,0,1112,,G,,F,6,214,,,17R235,,,,,,0,0,000000000,00000000000,0,0,0,1,0,0,0,0,0,0,0,999,0,0,0,12,6,2,54,0,0,0,1,55,54448,6,1,0,0,3,0,60,120,0,0,0,0,0,0,0,0,0,0,0,0,0,0,1,2,55,1,1,2,2,0,0,1,98,1,1,1,98,1,0
55,550451,1,1,1,2,10,19,26,11,0,1,0,55,1,72,706,72706,80,2010,1HD1KEM14AB6,1,H,D,1,K,E,M,1,4,A,B,6,0,M,HD,FTK,RS,10,17,,,,,,,1690,,2,,4,901,,,,,,,0,0,000000000,00000000000,0,0,0,1,0,0,0,0,0,0,0,999,0,0,0,12,4,8,11,0,0,0,1,55,53065,6,1,8,0,3,0,73,290,0,0,0,0,0,0,0,0,0,0,0,0,0,0,1,2,30,1,1,2,1,0,0,1,87,1,1,3,13,1,0
55,550452,1,2,1,3,10,19,10,12,6,1,0,55,1,12,481,12481,31,2009,1FTRX14V09KA,1,F,T,R,X,1,4,V,0,9,K,A,0,T,FORD,F15,4C,9,17,,2,1630,1330,COF,F,,,8,329,,,,B,5317,05,L,44,0,0,000000000,00000000000,0,0,0,1,0,0,0,0,0,0,0,999,0,0,0,4,2,3,12,0,0,0,1,55,54440,6,2,0,0,3,3,70,145,0,0,0,1,0,7,2012,7,2012,0,38,0,0,0,2,2,45,1,1,2,1,1,3,11,15,1,1,2,68,0,0
55,550452,2,2,1,3,10,19,10,12,6,1,0,55,1,53,705,53705,80,2005,JS1GR7JA9521,J,S,1,G,R,7,J,A,9,5,2,1,0,M,SUZI,SRK,RC,5,17,,,,,,,749,,4,,4,360,,,,,,,0,0,000000000,00000000000,0,0,0,1,0,0,0,0,0,0,0,999,0,0,0,12,6,2,12,0,0,0,1,55,54455,6,1,0,0,3,3,75,180,0,0,0,0,0,0,0,0,0,1,0,0,0,0,1,2,45,1,1,2,1,1,3,1,62,1,1,1,69,1,0
55,550453,1,2,1,16,10,10,53,12,2,1,0,48,1,49,402,49402,14,2001,JTEHH20V4100,J,T,E,H,H,2,0,V,4,1,0,0,0,P,TOYT,RV4,UT,1,17,2943,,0,980,,G,,F,4,122,,,16R215,,,,,,0,0,000000000,00000000000,0,0,0,1,0,0,0,0,0,0,0,55,0,0,0,12,6,2,12,0,0,0,1,48,79414,6,1,0,0,3,3,999,999,0,0,0,0,0,0,0,0,0,0,28,0,0,0,1,2,55,1,3,2,1,0,0,1,10,1,1,2,50,1,0
55,550453,2,2,1,16,10,10,53,12,2,1,0,55,3,52,882,52882,62,2009,JL6HKS1E09K0,J,L,6,H,K,S,1,E,0,9,K,0,0,T,MIFU,62F,TB,9,17,,6,0,0,FK6,D,,,6,460,,,,,00000,00,,42,0,57,0729545,570729545,2,1,1,1,0,0,0,0,0,0,0,55,0,0,0,12,6,2,12,0,0,0,1,55,53711,6,1,6,0,3,3,66,160,1,0,0,0,0,9,2011,9,2011,0,0,0,0,0,1,2,55,1,3,2,1,0,0,1,62,1,1,1,51,0,0
55,550454,1,1,1,16,10,21,15,59,0,1,0,27,1,49,40,49040,4,1994,4T1SK12E9RU4,4,T,1,S,K,1,2,E,9,R,U,4,0,P,TOYT,CLE,4D,94,17,3086,,0,1031,,G,,F,4,132,,,14R195,,,,,,0,0,000000000,00000000000,0,0,0,1,0,0,0,0,0,0,0,999,0,1,3,12,6,2,1,0,0,0,1,27,55436,6,1,0,0,3,3,67,165,0,0,0,0,0,0,0,0,0,0,0,0,0,0,2,2,55,2,1,2,1,0,0,14,12,1,1,4,6,1,0
55,550455,1,1,1,15,10,15,2,8,0,1,0,55,1,19,421,19421,15,2004,1GYEK63N44R2,1,G,Y,E,K,6,3,N,4,4,R,2,0,P,CADI,ESC,UT,4,17,5571,,0,1160,,G,,F,8,364,,,17R265,,,,,,0,0,000000000,00000000000,0,0,0,1,0,0,0,0,0,0,0,40,0,0,0,12,2,3,8,0,0,0,1,55,53129,6,1,0,0,3,0,64,160,0,0,0,0,0,0,0,0,0,0,28,0,0,0,2,2,35,1,1,1,1,0,0,1,80,7,1,2,13,0,0
55,550456,1,1,1,18,10,7,1,8,0,1,0,55,1,12,21,12021,4,2005,1FAFP27155G1,1,F,A,F,P,2,7,1,5,5,G,1,0,P,FORD,5AL,4D,5,17,3815,,0,1129,,G,,F,6,183,,,17R215,,,,,,0,0,000000000,00000000000,0,0,0,1,0,0,0,0,0,0,0,45,0,0,0,12,2,3,8,0,0,0,1,55,54433,6,1,8,0,3,0,66,230,0,0,0,0,0,0,0,0,0,1,0,0,0,0,1,2,55,1,1,2,2,0,0,1,80,1,1,1,13,0,0
55,550457,1,1,1,21,10,3,5,42,0,1,0,55,1,22,2,22002,4,2002,1G2HY54K8242,1,G,2,H,Y,5,4,K,8,2,4,2,0,P,PONT,BSL,4D,2,17,3678,,0,1122,,G,,F,6,231,,,17R235,,,,,,0,0,000000000,00000000000,0,0,0,1,0,0,0,0,0,0,0,999,0,0,0,7,6,2,42,0,0,0,1,55,53186,6,1,0,0,3,3,65,160,0,0,0,0,0,0,0,0,0,1,0,0,0,0,1,2,55,2,3,2,1,0,0,14,12,99,1,4,6,1,1
55,550458,1,2,1,21,10,15,46,12,2,1,0,55,1,72,706,72706,80,2008,1HD1FS4188Y6,1,H,D,1,F,S,4,1,8,8,Y,6,0,M,HD,LTR,RS,8,17,,,,,,,1584,,2,,4,789,,,,,,,0,0,000000000,00000000000,0,0,0,1,0,0,0,0,0,0,0,999,0,0,0,12,6,2,12,0,0,0,1,55,53186,6,1,6,0,3,0,70,190,0,0,0,0,0,0,0,0,0,0,0,0,0,0,2,4,65,2,1,2,1,0,0,14,62,99,1,1,51,1,0
55,550458,2,2,1,21,10,15,46,12,2,1,0,55,1,37,32,37032,4,1997,1HGCE6670VA0,1,H,G,C,E,6,6,7,0,V,A,0,0,P,HOND,UER,4D,97,17,3184,,0,1069,,G,,F,6,163,,,15R205,,,,,,0,0,000000000,00000000000,0,0,0,1,0,0,0,0,0,0,0,66,0,0,0,12,6,2,12,0,0,0,1,55,53151,6,2,0,0,3,0,75,205,0,0,0,0,0,0,0,0,0,0,0,0,0,0,2,4,65,3,1,2,1,0,0,14,10,99,1,1,50,0,0
55,550459,1,2,1,23,10,10,57,12,6,1,0,55,3,98,804,98804,63,1995,2WLPCCPF6SK9,2,W,L,P,C,C,P,F,6,S,K,9,0,T,WSTR,490,CC,95,17,,8,0,0,CNV,D,,,6,661,,,,,00000,00,,64,0,57,1272736,571272736,3,2,4,1,0,0,0,0,0,0,0,55,0,1,5,12,4,3,12,0,0,0,1,55,53955,6,1,6,0,3,3,72,185,1,0,0,0,0,5,2012,5,2012,0,0,0,0,0,1,2,55,1,1,2,2,0,0,1,66,99,1,1,88,0,0
55,550459,2,2,2,23,10,10,57,12,6,1,0,55,1,14,17,14017,4,2003,1MEHM50U43G6,1,M,E,H,M,5,0,U,4,3,G,6,0,P,MERC,SGS,4D,3,17,3369,,0,1085,,G,,F,6,182,,,16R215,,,,,,0,0,000000000,00000000000,0,0,0,1,0,0,0,0,0,0,0,20,0,0,0,9,6,2,12,0,0,0,1,55,53954,6,1,0,0,3,3,62,210,0,0,0,0,0,0,0,0,0,0,38,0,0,0,1,2,55,1,6,2,2,20,3,1,17,99,1,1,89,2,0
55,550460,1,2,2,23,10,14,17,12,2,1,0,55,1,12,401,12401,14,1998,1FMYU22E1WUA,1,F,M,Y,U,2,2,E,1,W,U,A,0,P,FORD,EPR,UT,98,17,3692,,0,1017,,G,,F,6,245,,,15R225,,,,,,0,0,000000000,00000000000,0,0,0,1,0,0,0,0,0,0,0,55,0,0,0,12,6,2,12,0,0,0,1,55,54840,6,1,0,0,3,3,67,238,0,0,0,0,0,0,0,0,0,0,28,0,0,0,1,2,55,2,5,2,2,0,0,14,10,99,1,2,50,1,0