STATE,ST_CASE,VEH_NO,VE_FORMS,NUMOCCS,DAY,MONTH,HOUR,MINUTE,HARM_EV,MAN_COLL,UNITTYPE,HIT_RUN,REG_STAT,OWNER,MAKE,MODEL,MAK_MOD,BODY_TYP,MOD_YEAR,VIN,VIN_1,VIN_2,VIN_3,VIN_4,VIN_5,VIN_6,VIN_7,VIN_8,VIN_9,VIN_10,VIN_11,VIN_12,TOW_VEH,VINTYPE,VINMAKE,VINA_MOD,VIN_BT,VINMODYR,VIN_LNGT,VIN_WGT,WGTCD_TR,WHLBS_LG,WHLBS_SH,SER_TR,FUELCODE,MCYCL_DS,CARBUR,CYLINDER,DISPLACE,MCYCL_CY,MCYCL_WT,TIRE_SZE,TON_RAT,TRK_WT,TRKWTVAR,VIN_REST,WHLDRWHL,J_KNIFE,MCARR_I1,MCARR_I2,MCARR_ID,GVWR,V_CONFIG,CARGO_BT,HAZ_INV,HAZ_PLAC,HAZ_ID,HAZ_CNO,HAZ_REL,BUS_USE,SPEC_USE,EMER_USE,TRAV_SP,UNDERIDE,ROLLOVER,ROLINLOC,IMPACT1,DEFORMED,TOWED,M_HARM,VEH_SC1,VEH_SC2,FIRE_EXP,DR_PRES,L_STATE,DR_ZIP,L_STATUS,L_TYPE,CDL_STAT,L_ENDORS,L_COMPL,L_RESTRI,DR_HGT,DR_WGT,PREV_ACC,PREV_SUS,PREV_DWI,PREV_SPD,PREV_OTH,FIRST_MO,FIRST_YR,LAST_MO,LAST_YR,SPEEDREL,DR_SF1,DR_SF2,DR_SF3,DR_SF4,VTRAFWAY,VNUM_LAN,VSPD_LIM,VALIGN,VPROFILE,VPAVETYP,VSURCOND,VTRAFCON,VTCONT_F,P_CRASH1,P_CRASH2,P_CRASH3,PCRASH4,PCRASH5,ACC_TYPE,DEATHS,DR_DRINK
55,550460,2,2,1,23,10,14,17,12,2,1,0,27,3,85,881,85881,62,2012,2NKHHM6X6CM3,2,N,K,H,H,M,6,X,6,C,M,3,0,T,KW,T27,CC,12,17,,6,2600,1600,CON,D,,,6,409,,,,,00000,00,,42,0,57,44625,5744625,2,1,97,1,0,0,0,0,0,0,0,55,0,0,0,12,6,2,12,0,0,0,1,27,55304,6,1,6,0,3,0,72,220,0,0,0,0,0,0,0,0,0,0,0,0,0,0,1,2,55,3,6,2,2,0,0,14,62,1,1,1,51,0,0
55,550461,1,1,1,18,10,21,20,35,0,1,0,55,1,20,403,20403,14,2004,1GNDT13S1421,1,G,N,D,T,1,3,S,1,4,2,1,0,P,CHEV,TRL,UT,4,17,4612,,0,1130,,G,,F,6,256,,,16R245,,,,,,0,0,000000000,00000000000,0,0,0,1,0,0,0,0,0,0,0,43,0,0,0,81,4,3,35,0,0,0,1,55,54634,6,1,0,0,3,3,72,185,0,0,0,0,1,9,2010,9,2010,1,0,0,0,0,1,2,55,3,5,2,2,0,0,14,6,1,4,4,2,1,1
55,550462,1,2,2,24,10,14,55,12,6,1,0,55,1,72,706,72706,80,2006,1HD1BWB176Y0,1,H,D,1,B,W,B,1,7,6,Y,0,0,M,HD,FSI,RS,6,17,,,,,,,1450,,2,,4,719,,,,,,,0,0,000000000,00000000000,0,0,0,1,0,0,0,0,0,0,0,45,0,0,0,12,6,2,12,0,0,0,1,55,53576,6,1,8,0,3,0,76,230,0,0,0,1,1,4,2010,9,2010,0,0,0,0,0,1,2,45,1,6,2,1,0,0,1,66,99,1,1,69,1,0
55,550462,2,2,1,24,10,14,55,12,6,1,0,55,1,12,481,12481,31,2008,1FTRF14W48KD,1,F,T,R,F,1,4,W,4,8,K,D,0,T,FORD,F15,PK,8,17,,2,1450,1260,COF,G,,,8,281,,,,B,4904,01,E,44,0,0,000000000,00000000000,0,0,0,1,0,0,0,0,0,0,0,15,0,0,0,82,4,3,12,0,0,0,1,55,53018,6,1,0,0,3,0,73,165,0,0,0,0,0,0,0,0,0,0,38,0,0,0,1,2,45,1,5,2,1,0,0,11,15,99,1,1,68,0,0
55,550463,1,1,3,24,10,18,15,30,0,1,0,55,2,35,43,35043,4,2003,3N1CB51D83L8,3,N,1,C,B,5,1,D,8,3,L,8,0,P,NISS,XGX,4D,3,17,2411,,0,998,,G,,F,4,108,,,15R195,,,,,,0,0,000000000,00000000000,0,0,0,1,0,0,0,0,0,0,0,65,0,0,0,12,6,2,30,0,0,0,1,55,53115,6,2,0,0,3,2,63,110,0,0,0,0,0,0,0,0,0,1,73,0,0,0,1,2,55,3,1,2,1,0,0,14,6,99,1,4,1,1,0
55,550464,1,1,1,24,10,12,51,42,0,1,0,55,1,20,481,20481,31,1992,1GCFC24H2NZ1,1,G,C,F,C,2,4,H,2,N,Z,1,0,T,CHEV,GC2,PK,92,17,,2,0,1315,GM4,G,,,8,305,,,,C,4023,01,,42,0,0,000000000,00000000000,0,0,0,1,0,0,0,0,0,0,0,999,0,0,0,12,6,2,42,0,0,0,1,55,54409,6,1,0,0,3,3,67,145,0,0,0,0,0,0,0,0,0,0,0,0,0,0,1,2,55,1,1,2,11,0,0,1,12,99,1,4,6,1,0
55,550465,1,1,2,30,10,17,10,42,0,1,0,55,1,20,481,20481,31,1988,2GCDC14Z5J13,2,G,C,D,C,1,4,Z,5,J,1,3,0,T,CHEV,GC1,PK,88,17,,1,1315,1175,GM4,G,,,6,262,,,,B,3655,01,,42,0,0,000000000,00000000000,0,0,0,1,0,0,0,0,0,0,0,35,0,0,0,12,6,2,42,0,0,0,1,55,53093,6,2,0,0,3,1,73,168,0,0,0,0,0,0,0,0,0,1,58,0,0,0,1,2,15,2,6,4,1,0,0,14,6,9,3,4,1,1,0
55,550466,1,1,1,31,10,6,36,11,0,1,0,55,1,41,35,41035,4,2000,JM1BJ2218Y02,J,M,1,B,J,2,2,1,8,Y,0,2,0,P,MAZD,PES,4D,0,17,2537,,0,1028,,G,,F,4,112,,,15R195,,,,,,0,0,000000000,00000000000,0,0,0,1,0,0,0,0,0,0,0,55,0,0,0,12,6,2,11,0,0,0,1,55,53503,6,1,0,0,3,0,63,240,0,0,0,1,0,8,2010,8,2010,0,0,0,0,0,1,2,55,1,1,2,1,0,0,1,87,99,1,1,13,1,0
55,550467,1,1,1,13,10,18,43,11,0,1,0,55,1,76,703,76703,80,2001,JYA4BEE061A0,J,Y,A,4,B,E,E,0,6,1,A,0,0,M,YAMA,T25,T,1,17,,,,,,,223,,1,,4,238,,,,,,,0,0,000000000,00000000000,0,0,0,1,0,0,0,0,0,0,0,25,0,0,0,12,4,3,11,0,0,0,1,55,54880,6,1,6,0,3,0,72,230,0,0,0,0,0,0,0,0,0,0,0,0,0,0,1,2,25,1,5,2,1,0,0,1,87,1,1,1,13,1,1
55,550468,1,1,1,19,10,10,32,32,0,1,0,55,3,37,31,37031,2,1993,1HGEJ1263PL0,1,H,G,E,J,1,2,6,3,P,L,0,0,P,HOND,CEX,CP,93,17,0,,0,1013,,G,,F,4,097,,,14R185,,,,,,0,0,000000000,00000000000,0,0,0,1,0,0,0,0,0,0,0,999,0,1,5,99,6,2,1,0,0,0,1,55,53149,6,1,0,0,3,0,72,220,1,0,0,1,0,6,2010,6,2012,0,0,0,0,0,1,2,55,1,1,2,2,0,0,1,10,99,1,4,6,1,0
55,550469,1,1,1,20,10,20,12,45,0,1,0,55,1,72,706,72706,80,2008,1HD1JL5158Y0,1,H,D,1,J,L,5,1,5,8,Y,0,0,M,HD,XTC,RS,8,17,,,,,,,1584,,2,,4,703,,,,,,,0,0,000000000,00000000000,0,0,0,1,0,0,0,0,0,0,0,50,0,0,0,12,6,2,45,0,0,0,1,55,53228,6,1,0,0,3,0,74,190,0,0,0,0,0,0,0,0,0,1,0,0,0,0,2,2,35,1,6,2,1,4,3,1,50,6,1,1,15,1,1
55,550470,1,1,2,20,10,1,49,30,0,1,0,55,1,54,31,54031,3,1994,JH4DC4354RS0,J,H,4,D,C,4,3,5,4,R,S,0,0,P,ACUR,ILS,2H,94,17,2572,,0,1012,,G,,F,4,112,,,14R195,,,,,,0,0,000000000,00000000000,0,0,0,1,0,0,0,0,0,0,0,999,0,1,5,3,6,2,1,0,0,0,1,55,53094,1,1,0,0,2,0,72,170,1,0,0,2,1,5,2010,8,2012,1,0,0,0,0,1,2,15,3,5,2,2,0,0,14,6,99,4,4,6,1,1
55,550471,1,1,1,23,10,18,50,8,0,1,0,55,1,55,402,55402,14,2008,KM8JN72D58U7,K,M,8,J,N,7,2,D,5,8,U,7,0,P,HYUN,TUC,UT,8,17,3548,,0,1035,,G,,F,6,162,,,16R235,,,,,,0,0,000000000,00000000000,0,0,0,1,0,0,0,0,0,0,0,60,0,0,0,12,6,2,8,0,0,0,1,55,53209,6,1,0,0,3,0,62,182,0,0,0,0,0,0,0,0,0,0,0,0,0,0,1,2,30,2,1,2,2,0,0,14,81,99,1,4,13,0,0
55,550472,1,2,1,19,10,14,23,12,7,1,0,55,1,6,44,6044,4,1999,1C3EJ56H5XN5,1,C,3,E,J,5,6,H,5,X,N,5,0,P,CHRY,CLI,4D,99,17,3089,,0,1080,,G,,F,6,152,,,15R195,,,,,,0,0,000000000,00000000000,0,0,0,1,0,0,0,0,0,0,0,25,0,0,0,81,6,2,12,0,0,0,1,55,53901,6,1,0,0,3,0,75,160,0,0,0,0,0,0,0,0,0,0,0,0,0,0,4,2,25,1,1,2,1,0,0,1,60,99,1,1,45,1,0
55,550472,2,2,3,19,10,14,23,12,7,1,0,55,1,22,32,22032,6,2009,5Y2SP670X9Z4,5,Y,2,S,P,6,7,0,X,9,Z,4,0,P,PONT,VIB,4H,9,17,2856,,0,1024,,G,,F,4,146,,,16R205,,,,,,0,0,000000000,00000000000,0,0,0,1,0,0,0,0,0,0,0,15,0,0,0,62,4,3,12,0,0,0,1,55,53954,6,1,8,0,3,3,60,160,0,0,0,0,0,0,0,0,0,0,28,0,0,0,4,2,25,1,1,2,1,0,0,15,10,99,1,2,47,0,0
55,550473,1,2,1,20,10,8,51,12,6,1,0,55,1,7,472,7472,30,1996,1B7GG23YXTS5,1,B,7,G,G,2,3,Y,X,T,S,5,0,T,DODG,DAK,PC,96,17,,1,0,1309,DAK,G,,,8,318,,,,B,3829,00,M,44,0,0,000000000,00000000000,0,0,0,1,0,0,0,0,0,0,0,55,0,0,0,62,6,2,12,0,0,0,1,55,54005,6,1,0,0,3,3,69,155,0,0,0,0,0,0,0,0,0,0,38,0,0,0,1,2,55,1,5,2,1,20,3,11,15,99,1,1,82,1,0
55,550473,2,2,1,20,10,8,51,12,6,1,0,55,1,20,481,20481,31,2005,1GCHK232X5F8,1,G,C,H,K,2,3,2,X,5,F,8,0,T,CHEV,2KH,CW,5,17,,2,1670,1530,SIL,D,,,8,403,,,,C,6056,03,,44,0,0,000000000,00000000000,0,0,0,1,0,0,0,0,0,0,0,999,0,0,0,12,6,2,12,0,0,0,1,55,54001,6,1,0,0,3,0,75,205,0,0,0,0,0,0,0,0,0,0,89,0,0,0,1,2,55,1,1,2,1,0,0,1,67,99,1,1,83,0,0
55,550474,1,2,2,24,10,14,18,12,6,1,0,55,1,41,441,41441,20,2006,JM3LW28J1605,J,M,3,L,W,2,8,J,1,6,0,5,0,P,MAZD,MWG,SV,6,17,3754,,0,1118,,G,,F,6,181,,,15R205,,,,,,0,0,000000000,00000000000,0,0,0,1,0,0,0,0,0,0,0,2,0,0,0,11,6,2,12,0,0,0,1,55,54937,6,1,0,0,3,0,66,180,0,0,0,0,0,0,0,0,0,0,38,0,0,0,1,2,55,1,1,2,1,20,3,4,17,99,1,1,89,1,0
55,550474,2,2,1,24,10,14,18,12,6,1,0,55,1,35,39,35039,4,1997,JN1CA21D7VT8,J,N,1,C,A,2,1,D,7,V,T,8,0,P,NISS,MGS,4D,97,17,2886,,0,1063,,G,,F,6,182,,,15R205,,,,,,0,0,000000000,00000000000,0,0,0,1,0,0,0,0,0,0,0,55,0,0,0,12,6,2,12,0,0,0,1,55,53048,6,1,0,0,3,0,68,150,0,0,0,0,1,8,2010,8,2010,0,0,0,0,0,1,2,55,1,1,2,1,0,0,1,66,99,1,1,88,0,0
55,550475,1,2,3,25,10,9,29,33,0,1,0,55,3,12,461,12461,21,2009,1FDEE35L69DA,1,F,D,E,E,3,5,L,6,9,D,A,0,T,FORD,3DC,YY,9,17,,3,1760,1380,CTV,G,,,8,330,,,,D,00000,00,M,42,0,88,888888888,88888888888,1,20,22,1,0,0,0,0,6,0,0,999,0,1,5,12,6,2,1,0,0,0,1,55,53039,6,1,0,0,3,0,69,175,0,0,0,0,0,0,0,0,0,0,0,0,0,0,6,1,55,3,1,2,1,20,3,14,19,99,9,4,2,1,0
55,550475,2,2,1,25,10,9,29,33,0,1,0,55,1,20,22,20022,2,2008,1G1AK18F6872,1,G,1,A,K,1,8,F,6,8,7,2,0,P,CHEV,BLS,CP,8,17,2991,,0,1033,,G,,F,4,134,,,15R195,,,,,,0,0,000000000,00000000000,0,0,0,1,0,0,0,0,0,0,0,35,0,0,0,13,4,3,12,0,0,0,1,55,53066,6,1,0,0,3,0,62,130,0,0,0,0,0,0,0,0,0,0,0,0,0,0,2,2,35,1,1,2,1,0,0,1,68,99,1,1,98,0,0
55,550476,1,3,1,30,10,5,56,12,1,1,0,55,2,23,401,23401,14,2004,1GKET12S5462,1,G,K,E,T,1,2,S,5,4,6,2,0,T,GMC,XUV,4W,4,17,,2,0,1290,ENV,G,,,6,256,,,,B,4915,00,U,44,0,0,000000000,00000000000,0,0,0,1,0,0,0,0,0,0,0,55,0,0,0,12,6,2,12,0,0,1,1,55,53186,2,2,0,0,2,0,64,165,0,1,1,0,1,4,2010,8,2010,0,0,0,0,0,1,2,55,3,1,2,1,0,0,14,50,99,1,1,20,0,0
55,550476,2,3,1,30,10,5,56,12,1,1,0,55,1,22,18,22018,2,1997,1G2NW12M5VC8,1,G,2,N,W,1,2,M,5,V,C,8,0,P,PONT,GAG,CP,97,17,2808,,0,1034,,G,,F,6,191,,,16R205,,,,,,0,0,000000000,00000000000,0,0,0,1,0,0,0,0,0,0,0,0,0,0,0,6,6,2,12,0,0,0,1,55,53150,6,1,6,0,3,3,70,220,0,0,0,0,0,0,0,0,0,0,0,0,0,0,1,2,55,3,1,2,1,0,0,11,15,99,1,1,21,1,0
55,550476,3,3,1,30,10,5,56,12,1,1,0,55,1,13,1,13001,4,1998,1LNFM83W7WY6,1,L,N,F,M,8,3,W,7,W,Y,6,0,P,LINC,CAR,4D,98,17,0,,0,1177,,G,,F,8,281,,,16R225,,,,,,0,0,000000000,00000000000,0,0,0,1,0,0,0,0,0,0,0,55,0,0,0,12,6,2,12,0,0,0,1,55,53149,6,1,6,0,3,0,69,265,0,0,0,0,0,0,0,0,0,0,0,0,0,0,1,2,55,2,1,2,1,0,0,14,62,99,1,1,98,0,0
55,550477,1,1,3,26,10,2,3,42,0,1,0,55,1,21,20,21020,4,1993,1G3WH54TXPD3,1,G,3,W,H,5,4,T,X,P,D,3,0,P,OLDS,SUS,4D,93,17,3004,,0,1075,,G,,F,6,191,,,15R205,,,,,,0,0,000000000,00000000000,0,0,0,1,0,0,0,0,0,0,0,999,0,0,0,12,6,2,42,0,0,0,1,55,53589,6,1,0,0,3,0,71,175,0,1,1,0,0,12,2009,12,2009,1,0,0,0,0,1,2,55,1,1,1,1,0,0,1,6,6,4,4,2,3,1
55,550478,1,1,1,30,10,18,30,8,0,1,0,55,1,7,442,7442,20,2005,1D4GP24R85B3,1,D,4,G,P,2,4,R,8,5,B,3,0,T,DODG,GCS,ES,5,17,,1,0,1193,CAR,G,,,6,201,,,,,3867,00,E,42,0,0,000000000,00000000000,0,0,0,1,0,0,0,0,0,0,0,25,0,0,0,1,2,3,8,0,0,0,1,55,53040,6,1,0,0,3,0,63,135,0,0,0,0,0,0,0,0,0,0,0,0,0,0,1,2,25,1,1,2,1,0,0,1,80,99,1,1,13,0,0
55,550479,1,2,1,26,10,11,42,12,6,1,0,55,3,84,881,84881,63,2012,1HSDJSJR4CJ6,1,H,S,D,J,S,J,R,4,C,J,6,1,T,INTL,PRO,TR,12,17,,8,0,0,PRO,D,,,6,793,,,,,00000,00,,64,1,57,563164,57563164,3,4,1,1,0,0,0,0,0,0,0,999,0,0,0,9,6,2,12,0,0,0,1,27,55071,6,1,6,0,3,0,69,180,0,0,0,0,0,0,0,0,0,0,0,0,0,0,6,1,45,1,1,1,1,1,3,11,15,99,1,1,82,0,0
55,550479,2,2,1,26,10,11,42,12,6,1,0,55,2,7,481,7481,31,1991,1B7KE26C5MS3,1,B,7,K,E,2,6,C,5,M,S,3,1,T,DODG,D20,PK,91,17,,2,1490,1310,D20,D,,,6,359,,,,C,3930,01,A,42,1,0,000000000,00000000000,0,0,0,1,0,0,0,0,0,0,0,999,0,0,0,12,6,2,12,0,0,0,1,55,54727,6,1,0,0,3,0,68,210,0,0,0,0,2,9,2011,6,2012,0,0,0,0,0,2,2,45,1,1,1,1,1,3,1,67,3,2,1,83,1,0
55,550480,1,4,1,21,10,19,24,1,0,1,0,55,1,72,706,72706,80,1994,1HD1CAP1XRY2,1,H,D,1,C,A,P,1,X,R,Y,2,0,M,HD,L12,RS,94,17,,,,,,,1200,,2,,4,470,,,,,,,0,0,000000000,00000000000,0,0,0,1,0,0,0,0,0,0,0,70,0,0,0,0,6,2,12,0,0,0,1,55,53214,6,1,6,0,3,3,71,170,0,0,0,0,0,0,0,0,0,1,28,0,0,0,1,2,30,1,6,2,1,0,0,1,6,99,1,2,98,1,1
55,550480,2,4,1,21,10,19,24,1,0,1,0,55,1,19,3,19003,4,1995,1G6KD52B3SU3,1,G,6,K,D,5,2,B,3,S,U,3,0,P,CADI,DFW,4D,95,17,3664,,0,1138,,G,,F,8,300,,,15R215,,,,,,0,0,000000000,00000000000,0,0,0,1,0,0,0,0,0,0,0,30,0,0,0,12,4,3,12,0,0,0,1,55,53214,6,1,0,0,3,0,75,170,0,0,0,0,1,10,2012,10,2012,0,0,0,0,0,1,2,30,1,5,2,1,0,0,1,62,99,1,1,98,0,0
55,550480,3,4,1,21,10,19,24,1,0,1,0,55,1,72,706,72706,80,2002,1HD1FCW182Y6,1,H,D,1,F,C,W,1,8,2,Y,6,0,M,HD,FLU,RS,2,17,,,,,,,1450,,2,,4,788,,,,,,,0,0,000000000,00000000000,0,0,0,1,0,0,0,0,0,0,0,35,0,0,0,0,4,3,12,0,0,0,1,55,53214,6,1,0,0,3,0,70,280,1,0,0,0,1,9,2010,7,2012,1,91,0,0,0,1,2,30,1,6,2,1,0,0,1,6,99,1,2,98,0,1
55,550480,5,4,1,21,10,19,24,1,0,1,0,55,2,20,2,20002,4,2008,2G1WC5836812,2,G,1,W,C,5,8,3,6,8,1,2,0,P,CHEV,IMT,4D,8,17,3649,,0,1105,,F,,F,6,238,,,17R225,,,,,,0,0,000000000,00000000000,0,0,0,1,0,0,0,0,0,0,0,30,0,0,0,12,2,1,12,0,0,0,1,55,53214,3,2,0,0,2,0,70,170,0,0,0,0,0,0,0,0,0,0,0,0,0,0,2,4,55,1,5,2,1,0,0,1,62,99,1,1,98,0,0
55,550481,1,3,1,28,10,13,25,12,6,1,0,55,1,12,37,12037,4,2011,1FAHP3FN8BW1,1,F,A,H,P,3,F,N,8,B,W,1,0,P,FORD,FSE,4D,11,17,2623,,0,1029,,G,,F,4,122,,,15R195,,,,,,0,0,000000000,00000000000,0,0,0,1,0,0,0,0,0,0,0,0,0,0,0,12,6,2,12,0,0,0,1,55,53913,6,1,0,0,3,0,64,265,0,0,0,1,0,1,2011,1,2011,0,28,0,0,0,1,2,55,3,3,2,1,40,3,14,10,1,1,2,64,1,0
55,550481,2,3,1,28,10,13,25,12,6,1,0,18,3,82,881,82881,66,2013,1FUJGLDR3DSB,1,F,U,J,G,L,D,R,3,D,S,B,1,T,FRHT,125,TR,13,17,,8,0,0,CSC,D,,,6,903,,,,,00000,00,,64,1,57,264184,57264184,3,6,1,1,0,0,0,0,0,0,0,55,0,0,0,62,4,3,12,0,0,0,1,55,54311,6,1,6,0,3,3,65,225,0,0,0,0,0,0,0,0,0,0,0,0,0,0,1,2,55,2,3,2,1,40,3,14,62,99,1,1,65,0,0
55,550481,3,3,6,28,10,13,25,12,6,1,0,55,1,12,442,12442,20,2001,2FMZA57491BA,2,F,M,Z,A,5,7,4,9,1,B,A,0,T,FORD,SES,ES,1,17,,1,0,1207,WIN,G,,,6,232,,,,B,4250,00,E,42,0,0,000000000,00000000000,0,0,0,1,0,0,0,0,0,0,0,55,0,0,0,12,6,2,12,0,0,0,1,55,54956,6,1,6,0,3,0,73,210,0,0,0,0,0,0,0,0,0,0,0,0,0,0,1,2,55,2,3,2,1,40,3,1,98,99,1,1,98,0,0
55,550482,1,1,1,4,11,2,40,42,0,1,0,55,2,6,51,6051,4,1999,2C3HE66G7XH2,2,C,3,H,E,6,6,G,7,X,H,2,0,P,CHRY,30M,4D,99,17,3474,,0,1130,,G,,F,6,215,,,17R225,,,,,,0,0,000000000,00000000000,0,0,0,1,0,0,0,0,0,0,0,999,0,0,0,1,6,2,42,0,0,0,1,55,54455,1,1,0,0,2,0,72,165,1,0,0,0,0,2,2011,2,2011,1,28,0,0,0,1,2,55,1,1,4,1,0,0,1,6,3,4,4,6,1,1
55,550483,1,1,1,5,11,19,16,42,0,1,0,55,5,63,32,63032,4,2009,KNADE2233964,K,N,A,D,E,2,2,3,3,9,6,4,0,P,KIA,RBL,4D,9,17,2365,,0,984,,G,,F,4,098,,,14R185,,,,,,0,0,000000000,00000000000,0,0,0,1,0,0,0,0,0,0,0,70,0,0,0,11,6,2,42,0,0,0,1,55,53121,0,0,0,0,0,0,73,160,1,1,1,1,0,6,2010,6,2010,1,0,0,0,0,1,2,35,3,3,2,1,0,0,14,6,99,1,4,6,1,1
55,550484,1,1,2,4,11,2,4,1,0,1,0,55,2,20,36,20036,2,1999,2G1WX12K3X91,2,G,1,W,X,1,2,K,3,X,9,1,0,P,CHEV,MZ3,CP,99,17,3436,,0,1075,,G,,F,6,231,,,16R225,,,,,,0,0,000000000,00000000000,0,0,0,1,0,0,0,0,0,0,0,999,0,2,5,0,6,2,1,0,0,0,1,55,54738,0,0,0,0,0,0,72,165,0,0,0,0,0,0,0,0,0,1,28,58,0,0,1,2,55,2,5,2,1,0,0,14,6,3,4,4,1,1,1
55,550485,1,2,1,6,11,7,10,12,6,1,0,55,1,22,16,22016,2,1994,1G2JB14T5R75,1,G,2,J,B,1,4,T,5,R,7,5,0,P,PONT,SLE,CP,94,17,2484,,0,1013,,G,,F,6,191,,,14R185,,,,,,0,0,000000000,00000000000,0,0,0,1,0,0,0,0,0,0,0,999,0,0,0,81,6,2,12,0,0,0,1,55,54738,6,1,6,0,3,3,72,200,0,0,0,0,1,11,2011,11,2011,1,0,0,0,0,1,2,55,1,1,2,10,0,0,1,5,3,4,2,48,0,0
55,550485,2,2,4,6,11,7,10,12,6,1,0,55,1,49,32,49032,4,2009,1NXBU40E29Z1,1,N,X,B,U,4,0,E,2,9,Z,1,0,P,TOYT,CBL,4D,9,17,2723,,0,1024,,G,,F,4,110,,,15R195,,,,,,0,0,000000000,00000000000,0,0,0,1,0,0,0,0,0,0,0,999,0,0,0,12,6,2,12,0,0,0,1,55,54701,6,1,0,0,3,0,68,150,0,0,0,0,0,0,0,0,0,0,0,0,0,0,1,2,55,1,1,2,10,0,0,1,60,99,1,1,48,1,0
55,550486,1,2,2,9,11,16,12,12,2,1,0,55,1,55,35,55035,4,2008,KMHDU46D88U3,K,M,H,D,U,4,6,D,8,8,U,3,0,P,HYUN,GST,4D,8,17,2723,,0,1043,,G,,F,4,121,,,15R195,,,,,,0,0,000000000,00000000000,0,0,0,1,0,0,0,0,0,0,0,55,0,0,0,12,6,2,12,0,0,0,1,55,53582,6,1,0,0,3,3,69,180,0,0,0,0,0,0,0,0,0,0,0,0,0,0,1,2,55,3,1,2,1,0,0,14,62,99,1,1,51,2,0
55,550486,2,2,1,9,11,16,12,12,2,1,0,55,1,20,481,20481,31,2011,3GCPKTE3XBG3,3,G,C,P,K,T,E,3,X,B,G,3,0,T,CHEV,3SK,CW,11,17,,2,0,1435,SIL,F,,,8,323,,,,B,5346,00,,44,0,0,000000000,00000000000,0,0,0,1,0,0,0,0,0,0,0,999,0,1,1,12,6,2,12,0,0,0,1,55,53581,6,1,4,0,3,3,72,210,0,0,0,0,0,0,0,0,0,0,28,0,0,0,1,2,55,2,1,2,1,0,0,14,10,99,1,2,50,0,0
55,550487,1,1,2,10,11,10,13,34,0,1,0,55,1,6,43,6043,2,2001,4C3AG52H81E0,4,C,3,A,G,5,2,H,8,1,E,0,0,P,CHRY,SLI,CP,1,17,3093,,0,1037,,G,,F,6,181,,,17R215,,,,,,0,0,000000000,00000000000,0,0,0,1,0,0,0,0,0,0,0,999,0,1,5,12,6,2,1,0,0,0,1,55,54646,6,1,0,0,3,0,71,175,0,0,0,0,0,0,0,0,0,1,0,0,0,0,1,2,55,1,1,4,1,0,0,1,6,3,4,4,6,1,0
55,550488,1,1,1,12,11,0,19,42,0,1,0,55,1,24,2,24002,2,2001,1G8ZP128X1Z2,1,G,8,Z,P,1,2,8,X,1,Z,2,0,P,STRN,SC1,3P,1,17,2396,,0,1024,,G,,F,4,116,,,14R185,,,,,,0,0,000000000,00000000000,0,0,0,1,0,0,0,0,0,0,0,80,0,0,0,82,6,2,42,0,0,0,1,55,53103,6,1,0,0,3,0,64,135,0,0,0,2,0,8,2011,8,2012,1,28,0,0,0,1,2,35,1,3,2,2,0,0,1,6,6,1,4,6,1,1
55,550489,1,1,2,1,11,2,44,14,0,1,0,55,2,47,34,47034,5,1991,YS3CL55M7M20,Y,S,3,C,L,5,5,M,7,M,2,0,0,P,SAA,900,4H,91,17,3173,,0,1042,,G,,T,4,140,,,16R205,,,,,,0,0,000000000,00000000000,0,0,0,1,0,0,0,0,0,0,0,74,0,0,0,12,6,2,2,0,0,1,1,55,53110,6,1,0,0,3,0,70,140,0,0,0,1,2,9,2010,6,2012,1,91,0,0,0,3,3,55,1,1,2,1,0,0,1,10,1,1,4,6,1,1
55,550490,1,2,1,13,11,7,52,12,6,1,0,55,1,30,40,30040,4,2005,3VWSE69M05M0,3,V,W,S,E,6,9,M,0,5,M,0,0,P,VOLK,ULI,4D,5,17,3032,,0,989,,G,,T,4,109,,,18R225,,,,,,0,0,000000000,00000000000,0,0,0,1,0,0,0,0,0,0,0,999,0,0,0,1,6,2,12,0,0,0,1,55,53589,6,2,0,0,3,0,75,170,0,0,0,1,1,12,2011,2,2012,0,38,0,0,0,1,2,55,1,1,1,1,40,3,11,15,99,1,2,68,1,0
55,550490,2,2,1,13,11,7,52,12,6,1,0,55,1,23,481,23481,31,2003,2GTEK19T3312,2,G,T,E,K,1,9,T,3,3,1,2,0,T,GMC,NK1,4C,3,17,,2,1575,1435,SIE,G,,,8,325,,,,B,4910,02,4,44,0,0,000000000,00000000000,0,0,0,1,0,0,0,0,0,0,0,999,0,1,5,12,6,2,12,0,0,0,1,55,53589,6,1,0,0,3,3,66,175,0,0,0,0,0,0,0,0,0,0,0,0,0,0,1,2,55,1,1,1,1,40,3,1,67,99,1,1,69,0,0
55,550491,1,1,1,4,11,2,9,8,0,1,1,55,3,59,31,59031,4,2007,JTHBJ46G8720,J,T,H,B,J,4,6,G,8,7,2,0,0,P,LEXS,E35,4D,7,17,3600,,0,1093,,G,,F,6,211,,,17R215,,,,,,0,0,000000000,00000000000,0,0,0,1,0,0,0,0,0,0,0,999,0,0,0,12,4,1,8,0,0,0,1,55,53208,6,1,0,0,3,0,64,134,0,1,0,4,2,10,2010,1,2012,1,91,0,0,0,2,3,35,1,1,2,2,0,0,1,80,1,1,1,13,0,0