STATE,ST_CASE,VEH_NO,VE_FORMS,NUMOCCS,DAY,MONTH,HOUR,MINUTE,HARM_EV,MAN_COLL,UNITTYPE,HIT_RUN,REG_STAT,OWNER,MAKE,MODEL,MAK_MOD,BODY_TYP,MOD_YEAR,VIN,VIN_1,VIN_2,VIN_3,VIN_4,VIN_5,VIN_6,VIN_7,VIN_8,VIN_9,VIN_10,VIN_11,VIN_12,TOW_VEH,VINTYPE,VINMAKE,VINA_MOD,VIN_BT,VINMODYR,VIN_LNGT,VIN_WGT,WGTCD_TR,WHLBS_LG,WHLBS_SH,SER_TR,FUELCODE,MCYCL_DS,CARBUR,CYLINDER,DISPLACE,MCYCL_CY,MCYCL_WT,TIRE_SZE,TON_RAT,TRK_WT,TRKWTVAR,VIN_REST,WHLDRWHL,J_KNIFE,MCARR_I1,MCARR_I2,MCARR_ID,GVWR,V_CONFIG,CARGO_BT,HAZ_INV,HAZ_PLAC,HAZ_ID,HAZ_CNO,HAZ_REL,BUS_USE,SPEC_USE,EMER_USE,TRAV_SP,UNDERIDE,ROLLOVER,ROLINLOC,IMPACT1,DEFORMED,TOWED,M_HARM,VEH_SC1,VEH_SC2,FIRE_EXP,DR_PRES,L_STATE,DR_ZIP,L_STATUS,L_TYPE,CDL_STAT,L_ENDORS,L_COMPL,L_RESTRI,DR_HGT,DR_WGT,PREV_ACC,PREV_SUS,PREV_DWI,PREV_SPD,PREV_OTH,FIRST_MO,FIRST_YR,LAST_MO,LAST_YR,SPEEDREL,DR_SF1,DR_SF2,DR_SF3,DR_SF4,VTRAFWAY,VNUM_LAN,VSPD_LIM,VALIGN,VPROFILE,VPAVETYP,VSURCOND,VTRAFCON,VTCONT_F,P_CRASH1,P_CRASH2,P_CRASH3,PCRASH4,PCRASH5,ACC_TYPE,DEATHS,DR_DRINK
55,550531,1,2,1,9,12,9,52,12,7,1,0,55,1,49,403,49403,14,2005,JTEGP21A0500,J,T,E,G,P,2,1,A,0,5,0,0,0,P,TOYT,HIG,UT,5,17,3520,,0,1069,,G,,F,6,202,,,16R225,,,,,,0,0,000000000,00000000000,0,0,0,1,0,0,0,0,0,0,0,999,0,0,0,11,4,3,8,0,0,0,1,55,53208,6,2,0,0,3,0,62,105,0,0,0,0,0,0,0,0,0,1,31,0,0,0,1,2,25,1,1,1,2,0,0,4,4,99,1,7,47,0,0
55,550531,2,2,1,9,12,9,52,12,7,1,0,55,1,49,35,49035,4,1986,JT2MX73E9G00,J,T,2,M,X,7,3,E,9,G,0,0,0,P,TOYT,CRL,4D,86,17,3146,,0,1045,,G,,F,6,168,,,15R205,,,,,,0,0,000000000,00000000000,0,0,0,1,0,0,0,0,0,0,0,0,0,0,0,1,2,1,12,0,0,0,1,55,53208,6,1,0,0,3,0,64,128,0,0,0,1,0,3,2010,3,2010,0,0,0,0,0,1,2,25,1,1,1,2,0,0,5,64,1,1,1,45,0,0
55,550532,1,1,1,13,12,1,52,42,0,1,0,55,1,12,471,12471,30,2007,1FTZR15E07PA,1,F,T,Z,R,1,5,E,0,7,P,A,0,T,FORD,RNS,PC,7,17,,1,0,1260,RNG,G,,,6,244,,,,B,3672,00,U,44,0,0,000000000,00000000000,0,0,0,1,0,0,0,0,0,0,0,999,0,0,0,81,6,2,2,0,0,1,1,55,53402,2,1,5,0,2,0,72,215,0,2,1,0,0,7,2010,5,2011,1,0,0,0,0,1,2,25,2,3,2,1,0,0,14,13,3,3,4,1,1,1
55,550533,1,1,2,14,12,2,8,34,0,1,0,55,1,52,37,52037,3,2000,4A3AC54L2YE0,4,A,3,A,C,5,4,L,2,Y,E,0,0,P,MITS,ECG,2H,0,17,3120,,0,1008,,G,,F,6,181,,,17R215,,,,,,0,0,000000000,00000000000,0,0,0,1,0,0,0,0,0,0,0,999,0,1,5,14,6,2,42,0,0,0,1,55,53029,6,1,0,0,3,3,72,180,1,0,0,0,0,10,2010,10,2010,1,58,0,0,0,1,2,55,1,5,2,1,0,0,1,13,8,4,4,6,2,1
55,550534,1,2,1,15,12,17,9,12,2,1,0,55,2,20,401,20401,14,2001,1GNDT13W61K2,1,G,N,D,T,1,3,W,6,1,K,2,0,P,CHEV,BZR,UT,1,17,4133,,0,1070,,G,,F,6,262,,,15R235,,,,,,0,0,000000000,00000000000,0,0,0,1,0,0,0,0,0,0,0,999,0,0,0,12,6,2,12,0,0,0,1,55,54903,2,1,5,0,2,0,68,140,0,1,1,0,1,9,2010,2,2012,0,28,0,0,0,1,2,55,1,1,2,2,0,0,1,10,99,1,2,50,0,1
55,550534,2,2,2,15,12,17,9,12,2,1,0,55,1,20,441,20441,20,1999,1GNEL19W6XB1,1,G,N,E,L,1,9,W,6,X,B,1,0,T,CHEV,AST,ES,99,17,,2,0,1112,AST,G,,,6,262,,,,B,4186,00,,44,0,0,000000000,00000000000,0,0,0,1,0,0,0,0,0,0,0,999,0,0,0,12,6,2,12,0,0,0,1,55,54901,6,1,8,0,3,3,66,170,0,0,0,0,0,0,0,0,0,0,0,0,0,0,1,2,55,1,1,2,2,0,0,1,62,99,1,1,51,1,0
55,550535,1,1,1,14,12,10,34,34,0,1,0,55,1,12,402,12402,14,2005,1FMCU93105KA,1,F,M,C,U,9,3,1,0,5,K,A,0,P,FORD,SPE,UT,5,17,3464,,0,1031,,G,,F,6,183,,,16R235,,,,,,0,0,000000000,00000000000,0,0,0,1,0,0,0,0,0,0,0,55,0,0,0,14,6,2,42,0,0,0,1,55,54624,6,1,0,0,3,3,71,270,1,0,0,0,0,7,2011,7,2011,0,28,0,0,0,1,2,55,1,1,2,1,0,0,1,12,3,2,4,6,1,0
55,550536,1,1,1,18,12,21,48,33,0,1,0,55,1,12,422,12422,15,1997,1FMFU18L3VLB,1,F,M,F,U,1,8,L,3,V,L,B,0,P,FORD,EPT,UT,97,17,4827,,0,1190,,G,,F,8,330,,,16R255,,,,,,0,0,000000000,00000000000,0,0,0,1,0,0,0,0,0,0,0,999,0,0,0,61,6,2,43,0,0,0,1,55,53212,6,1,0,0,3,0,77,215,0,1,1,0,2,6,2010,7,2012,1,0,0,0,0,1,2,25,1,2,2,2,21,3,1,12,99,1,4,6,1,1
55,550537,1,1,1,20,12,21,10,10,0,1,0,55,2,2,404,2404,14,1995,1J4GZ58Y0SC7,1,J,4,G,Z,5,8,Y,0,S,C,7,0,T,JEEP,LRO,4W,95,17,,1,0,1059,GCK,G,,,8,318,,,,,3552,00,M,44,0,0,000000000,00000000000,0,0,0,1,0,0,0,0,0,0,0,999,0,0,0,12,6,2,10,0,0,0,1,55,53140,6,1,0,0,3,0,69,120,0,1,0,4,0,5,2011,7,2012,1,0,0,0,0,1,2,55,1,1,2,10,65,3,1,6,3,4,4,7,1,0
55,550538,1,2,1,10,12,19,50,12,2,1,0,55,1,12,17,12017,4,1995,1FALP52U4SA2,1,F,A,L,P,5,2,U,4,S,A,2,0,P,FORD,TGS,4D,95,17,3118,,0,1060,,G,,F,6,182,,,15R205,,,,,,0,0,000000000,00000000000,0,0,0,1,0,0,0,0,0,0,0,55,0,0,0,12,6,2,12,0,0,0,1,55,53147,4,1,0,0,2,0,64,135,0,0,0,0,0,0,0,0,0,0,0,0,0,0,1,2,55,2,1,2,1,0,0,14,10,99,1,2,50,1,0
55,550538,2,2,2,10,12,19,50,12,2,1,0,17,2,14,17,14017,4,2003,1MEFM55S23G6,1,M,E,F,M,5,5,S,2,3,G,6,0,P,MERC,SLP,4D,3,17,3369,,0,1085,,G,,F,6,182,,,16R215,,,,,,0,0,000000000,00000000000,0,0,0,1,0,0,0,0,0,0,0,55,0,9,5,12,6,2,1,0,0,0,1,17,60002,6,1,0,0,3,0,62,160,0,0,0,0,1,4,2010,4,2010,0,0,0,0,0,1,2,55,3,1,2,1,0,0,14,62,99,1,1,51,0,0
55,550539,1,1,1,10,12,6,54,8,0,1,0,55,1,22,32,22032,6,2005,5Y2SL63895Z4,5,Y,2,S,L,6,3,8,9,5,Z,4,0,P,PONT,VIB,4H,5,17,2700,,0,1024,,G,,F,4,110,,,16R205,,,,,,0,0,000000000,00000000000,0,0,0,1,0,0,0,0,0,0,0,999,0,0,0,12,4,1,8,0,0,0,1,55,54603,6,1,0,0,3,3,72,175,0,0,0,0,0,0,0,0,0,0,38,0,0,0,1,2,25,1,1,2,10,2,3,1,80,99,1,1,13,0,0
55,550540,1,1,1,17,12,20,16,8,0,1,0,55,1,12,481,12481,31,2002,1FTRW08L82KC,1,F,T,R,W,0,8,L,8,2,K,C,0,T,FORD,F1S,CW,2,17,,2,0,1388,COF,G,,,8,330,,,,B,5005,02,E,44,0,0,000000000,00000000000,0,0,0,1,0,0,0,0,0,0,0,40,0,0,0,12,4,3,8,0,0,0,1,55,53091,6,1,0,0,3,3,75,290,0,0,0,0,0,0,0,0,0,0,0,0,0,0,1,2,35,1,1,2,1,0,0,1,80,99,1,1,13,0,0
55,550541,1,1,2,25,12,23,43,30,0,1,0,55,2,37,32,37032,2,2001,1HGCG22521A0,1,H,G,C,G,2,2,5,2,1,A,0,0,P,HOND,UEX,CP,1,17,3283,,0,1051,,G,,F,6,183,,,16R205,,,,,,0,0,000000000,00000000000,0,0,0,1,0,0,0,0,0,0,0,999,0,0,0,81,6,2,30,0,0,0,1,55,53204,0,0,0,0,0,0,57,110,0,0,0,0,1,6,2010,6,2010,1,91,0,0,0,2,2,30,3,6,2,2,3,3,14,6,3,9,4,7,1,1
55,550542,1,2,1,11,12,12,46,12,6,1,0,55,1,49,40,49040,4,2007,4T1BE46K67U6,4,T,1,B,E,4,6,K,6,7,U,6,0,P,TOYT,CMB,4D,7,17,3108,,0,1093,,G,,F,4,146,,,15R205,,,,,,0,0,000000000,00000000000,0,0,0,1,0,0,0,0,0,0,0,999,0,0,0,12,6,2,12,0,0,0,1,55,54650,6,1,0,0,3,0,66,140,0,0,0,0,0,0,0,0,0,0,39,0,0,0,1,2,25,1,1,2,1,20,3,1,66,99,1,1,86,1,0
55,550542,2,2,1,11,12,12,46,12,6,1,0,55,3,92,982,92982,52,2002,15GGB2181210,1,5,G,G,B,2,1,8,1,2,1,0,0,T,GILL,,,2,17,,,,,,,,,,,,,,,,,,,0,88,888888888,88888888888,3,21,22,1,0,0,0,0,6,0,0,10,0,0,0,1,4,1,12,0,0,0,1,55,54601,6,1,6,1,3,3,71,188,1,0,0,0,0,11,2010,11,2010,0,0,0,0,0,1,2,25,1,1,2,1,20,3,1,17,99,1,1,87,0,0
55,550543,1,2,1,11,12,15,33,12,6,1,0,19,3,12,17,12017,4,2012,1FAHP2EW9CG1,1,F,A,H,P,2,E,W,9,C,G,1,0,P,FORD,TEL,4D,12,17,4015,,0,1129,,G,,F,6,214,,,18R235,,,,,,0,0,000000000,00000000000,0,0,0,1,0,0,0,0,0,0,0,70,0,0,0,12,6,2,12,0,0,0,1,19,50309,6,1,0,0,3,0,80,145,0,0,0,0,0,0,0,0,0,0,0,0,0,0,2,2,65,1,1,1,1,0,0,1,66,6,1,1,88,0,0
55,550543,2,2,1,11,12,15,33,12,6,1,0,55,1,7,472,7472,30,1998,1B7FL26X0WS5,1,B,7,F,L,2,6,X,0,W,S,5,0,T,DODG,DAK,PK,98,17,,1,1239,1119,DAK,G,,,6,239,,,,B,3230,01,U,42,0,0,000000000,00000000000,0,0,0,1,0,0,0,0,0,0,0,999,0,1,1,9,6,2,12,0,0,1,1,55,53516,6,1,0,0,3,3,72,160,1,0,0,0,1,3,2012,4,2012,0,38,0,0,0,2,2,99,1,1,1,1,20,3,1,17,99,1,1,89,1,0
55,550544,1,1,2,29,12,6,51,38,0,1,0,55,2,13,1,13001,4,2006,1LNHM82VX6Y6,1,L,N,H,M,8,2,V,X,6,Y,6,0,P,LINC,SGL,4D,6,17,4359,,0,1177,,F,,F,8,281,,,17R225,,,,,,0,0,000000000,00000000000,0,0,0,1,0,0,0,0,0,0,0,65,0,1,6,6,6,2,1,0,0,0,1,55,53151,6,1,0,0,3,0,71,180,0,0,0,0,0,0,0,0,0,1,0,0,0,0,3,3,65,1,2,1,10,0,0,1,6,3,4,4,2,1,0
55,550545,1,1,1,17,12,17,48,8,0,1,0,55,1,20,16,20016,2,1996,1G1JC1242TM1,1,G,1,J,C,1,2,4,2,T,M,1,0,P,CHEV,CAV,CP,96,17,2617,,0,1041,,G,,F,4,133,,,14R195,,,,,,0,0,000000000,00000000000,0,0,0,1,0,0,0,0,0,0,0,35,0,0,0,12,4,3,8,0,0,0,1,55,53227,6,1,0,0,3,3,71,165,0,0,0,0,1,7,2012,7,2012,0,38,0,0,0,2,2,35,1,1,2,1,2,3,1,80,99,1,1,13,0,0
55,550546,1,1,1,18,12,17,48,59,0,1,0,55,2,23,481,23481,31,2000,1GTEK19T6YE1,1,G,T,E,K,1,9,T,6,Y,E,1,0,T,GMC,NK1,3C,0,17,,2,1575,1435,SIE,G,,,8,325,,,,B,4621,02,U,44,0,0,000000000,00000000000,0,0,0,1,0,0,0,0,0,0,0,999,0,0,0,12,6,2,42,0,0,0,1,55,54457,6,1,0,0,3,0,64,145,0,0,0,0,0,0,0,0,0,1,39,0,0,0,1,2,55,1,1,2,1,20,3,1,14,99,1,4,14,1,1
55,550547,1,2,2,19,12,21,28,12,6,1,0,55,2,30,47,30047,3,2002,3VWCB21C92M4,3,V,W,C,B,2,1,C,9,2,M,4,0,P,VOLK,NGS,2H,2,17,2783,,0,989,,G,,F,4,121,,,16R205,,,,,,0,0,000000000,00000000000,0,0,0,1,0,0,0,0,0,0,0,55,1,0,0,9,6,2,12,0,0,0,1,41,53537,0,0,4,0,2,0,68,170,0,0,0,0,0,0,0,0,0,1,87,89,0,0,1,2,55,1,5,2,10,0,0,1,6,99,4,2,66,2,0
55,550547,2,2,1,19,12,21,28,12,6,1,0,17,3,87,881,87881,66,2011,1XPHD09X0BD1,1,X,P,H,D,0,9,X,0,B,D,1,1,T,PTRB,386,TR,11,17,,8,0,0,CON,D,,,6,659,,,,,00000,00,,64,1,57,568636,57568636,3,6,1,1,0,0,0,0,0,0,0,55,7,0,0,12,6,2,12,0,0,0,1,17,61104,6,1,6,0,3,3,71,210,0,0,0,0,0,0,0,0,0,0,87,0,0,0,1,2,55,1,6,2,10,0,0,1,62,1,1,1,66,0,0
55,550548,1,3,1,24,12,21,50,12,2,1,0,55,2,22,20,22020,4,2002,1G2WP52K72F2,1,G,2,W,P,5,2,K,7,2,F,2,0,P,PONT,GPG,4D,2,17,3496,,0,1105,,G,,F,6,231,,,16R225,,,,,,0,0,000000000,00000000000,0,0,0,1,0,0,0,0,0,0,0,80,0,0,0,12,6,2,12,0,0,0,1,55,53095,6,1,0,0,3,0,69,155,0,0,0,0,0,0,0,0,0,1,28,8,36,51,1,2,30,1,1,2,1,0,0,1,10,99,1,2,50,0,1
55,550548,2,3,3,24,12,21,50,12,2,1,0,55,2,20,22,20022,4,2006,1G1AL55F8676,1,G,1,A,L,5,5,F,8,6,7,6,0,P,CHEV,BLT,4D,6,17,3216,,0,1033,,G,,F,4,134,,,15R195,,,,,,0,0,000000000,00000000000,0,0,0,1,0,0,0,0,0,0,0,30,0,0,0,12,6,2,12,0,0,0,1,55,53090,6,1,0,0,3,0,74,165,0,0,0,0,0,0,0,0,0,0,0,0,0,0,1,2,30,1,1,2,1,0,0,1,62,99,1,1,51,1,0
55,550548,3,3,3,24,12,21,50,12,2,1,0,55,1,20,481,20481,31,1992,1GCDC14Z4NE2,1,G,C,D,C,1,4,Z,4,N,E,2,0,T,CHEV,GC1,PK,92,17,,1,1315,1175,GM4,G,,,6,262,,,,B,3718,04,,42,0,0,000000000,00000000000,0,0,0,1,0,0,0,0,0,0,0,30,0,0,0,12,4,3,12,0,0,0,1,55,53024,6,2,0,0,3,0,70,145,0,0,0,0,1,12,2012,12,2012,0,0,0,0,0,1,2,30,1,1,2,1,0,0,1,98,99,1,1,98,0,0
55,550549,1,3,1,28,9,8,5,12,1,1,0,55,3,12,481,12481,31,2002,1FTNF20L02EC,1,F,T,N,F,2,0,L,0,2,E,C,0,T,FORD,F2S,PK,2,17,,2,0,1370,SRW,G,,,8,330,,,,C,5316,01,U,42,0,0,000000000,00000000000,0,0,0,1,0,0,0,0,0,0,0,999,0,0,0,12,4,3,12,0,0,0,1,55,54630,6,1,6,0,3,3,73,245,1,0,0,0,0,6,2012,6,2012,1,0,0,0,0,1,2,55,1,1,2,1,0,0,17,50,99,1,1,98,0,0
55,550549,2,3,0,28,9,8,5,12,1,1,0,55,6,21,17,21017,4,1994,1G3AG55M9R64,1,G,3,A,G,5,5,M,9,R,6,4,0,P,OLDS,CIS,4D,94,17,2818,,0,1049,,G,,F,6,191,,,14R185,,,,,,0,0,000000000,00000000000,0,0,0,1,0,0,0,0,0,0,0,0,0,0,0,6,6,2,54,0,0,0,0,0,99997,7,6,97,7,6,7,998,997,998,998,998,998,998,98,9998,98,9998,8,20,0,0,0,1,2,55,1,1,2,1,0,0,0,53,0,0,0,98,0,0
55,550549,3,3,0,28,9,8,5,12,1,1,0,55,6,20,25,20025,4,2011,1G1PF5S92B72,1,G,1,P,F,5,S,9,2,B,7,2,0,P,CHEV,CZT,4D,11,17,3102,,0,1057,,G,,T,4,085,,,16R215,,,,,,0,0,000000000,00000000000,0,0,0,1,0,0,0,0,0,0,0,0,0,0,0,6,2,3,54,0,0,0,0,0,99997,7,6,97,7,6,7,998,997,998,998,998,998,998,98,9998,98,9998,8,20,0,0,0,1,2,55,1,1,2,1,0,0,0,53,0,0,0,98,0,0
55,550550,1,1,4,25,12,15,17,14,0,1,0,55,1,9,20,9020,4,2000,1P3ES46C6YD7,1,P,3,E,S,4,6,C,6,Y,D,7,0,P,PLYM,NLX,4D,0,17,2515,,0,1050,,G,,F,4,122,,,14R185,,,,,,0,0,000000000,00000000000,0,0,0,1,0,0,0,0,0,0,0,999,0,0,0,12,6,2,14,0,0,0,1,55,53216,6,1,0,0,3,3,62,135,0,0,0,0,0,0,0,0,0,0,0,0,0,0,1,2,35,1,1,2,1,0,0,1,13,99,1,4,11,1,0
55,550551,1,2,1,14,9,18,14,12,6,1,0,55,1,20,20,20020,4,1998,2G1WL52M3W91,2,G,1,W,L,5,2,M,3,W,9,1,0,P,CHEV,L/S,4D,98,17,3330,,0,1075,,G,,F,6,191,,,15R205,,,,,,0,0,000000000,00000000000,0,0,0,1,0,0,0,0,0,0,0,45,0,0,0,12,6,2,12,0,0,0,1,55,53121,6,1,0,0,3,0,68,200,0,0,0,0,0,0,0,0,0,0,28,0,0,0,1,2,45,1,1,2,1,0,0,1,10,99,1,2,64,1,0
55,550551,2,2,5,14,9,18,14,12,6,1,0,55,1,6,54,6054,6,2004,2C8GF68474R3,2,C,8,G,F,6,8,4,7,4,R,3,0,P,CHRY,PIF,UT,4,17,4546,,0,1163,,G,,F,6,214,,,17R235,,,,,,0,0,000000000,00000000000,0,0,0,1,0,0,0,0,0,0,0,45,0,0,0,11,6,2,12,0,0,0,1,55,53147,6,1,0,0,3,0,61,180,0,0,0,0,0,0,0,0,0,0,0,0,0,0,1,2,45,1,1,2,1,0,0,1,62,9,2,1,65,0,0
56,560001,1,2,1,2,1,6,45,12,2,1,0,56,1,6,51,6051,4,2004,2C3HE66G04H6,2,C,3,H,E,6,6,G,0,4,H,6,0,P,CHRY,30M,4D,4,17,3447,,0,1130,,G,,F,6,215,,,17R225,,,,,,0,0,000000000,00000000000,0,0,0,1,0,0,0,0,0,0,0,999,1,0,0,12,6,2,12,0,0,0,1,56,82636,6,1,0,0,3,3,75,180,0,0,0,0,0,0,0,0,0,0,28,0,0,0,1,2,65,1,1,2,1,0,0,1,10,7,1,2,50,1,1
56,560001,2,2,1,2,1,6,45,12,2,1,0,48,3,85,881,85881,66,2005,1NKWXBEX25R0,1,N,K,W,X,B,E,X,2,5,R,0,2,T,KW,W90,CC,5,17,,8,2850,1600,CON,D,,,6,893,,,,,00000,00,,,1,57,236068,57236068,3,7,2,2,2,1267,3,2,0,0,0,60,0,1,5,12,6,2,12,0,0,0,1,56,82644,6,1,6,1,3,3,70,220,0,0,0,0,0,0,0,0,0,0,24,0,0,0,1,2,65,1,1,2,1,0,0,1,54,6,1,1,51,0,0
56,560002,1,1,1,9,1,7,59,24,0,1,0,56,2,6,441,6441,20,1997,1C4GP54L1VB3,1,C,4,G,P,5,4,L,1,V,B,3,0,T,CHRY,TLX,ES,97,17,,1,0,1193,TWC,G,,,6,230,,,,,3973,00,,42,0,0,000000000,00000000000,0,0,0,1,0,0,0,0,0,0,0,90,0,1,5,99,6,2,1,0,0,0,1,27,55812,6,1,0,0,3,0,65,140,0,0,0,0,0,0,0,0,0,1,0,0,0,0,1,2,65,1,6,2,1,0,0,1,13,1,3,4,2,1,0
56,560003,1,1,4,2,1,11,50,35,0,1,0,56,2,12,481,12481,31,1997,1FTDF18W1VKD,1,F,T,D,F,1,8,W,1,V,K,D,0,T,FORD,F15,PK,97,17,,1,1390,1200,COF,G,,,8,281,,,,B,4235,02,E,44,0,0,000000000,00000000000,0,0,0,1,0,0,0,0,0,0,0,998,0,1,5,99,6,2,1,0,0,0,1,56,82520,0,0,0,0,0,0,999,999,0,0,0,0,0,0,0,0,0,9,36,0,0,0,1,2,99,1,5,5,1,0,0,1,13,1,1,4,1,1,1
56,560004,1,1,1,12,1,12,0,1,0,1,0,56,2,23,481,23481,31,2003,1GTHK23133F1,1,G,T,H,K,2,3,1,3,3,F,1,0,T,GMC,2KH,CW,3,17,,2,1670,1530,SIE,D,,,8,403,,,,C,5899,01,U,44,0,0,000000000,00000000000,0,0,0,1,0,0,0,0,0,0,0,65,0,1,5,0,6,2,1,0,0,0,1,8,80537,1,1,0,0,2,3,67,155,0,3,0,0,0,9,2009,2,2011,1,58,87,0,0,1,2,55,1,5,2,4,0,0,1,5,7,3,4,2,1,0
56,560005,1,1,1,15,1,11,23,1,0,1,0,56,1,18,7,18007,4,1991,3G4AH54N0MS6,3,G,4,A,H,5,4,N,0,M,S,6,0,P,BUIC,CCU,4D,91,17,2770,,0,1049,,G,,F,6,204,,,14R185,,,,,,0,0,000000000,00000000000,0,0,0,1,0,0,0,0,0,0,0,68,0,1,5,0,6,2,1,0,0,0,1,56,82426,6,1,0,0,3,3,72,265,0,0,0,0,0,0,0,0,0,0,58,0,0,0,1,2,65,1,1,2,1,0,0,1,13,6,1,4,1,1,1
56,560006,1,2,2,22,1,7,45,12,7,1,0,48,3,85,881,85881,66,2007,1XKWDB9X97J1,1,X,K,W,D,B,9,X,9,7,J,1,1,T,KW,W90,TR,7,17,,8,2850,1600,CON,D,,,6,893,,,,,00000,00,,64,3,57,2136786,572136786,3,6,1,1,0,0,0,0,0,0,0,65,0,1,3,2,6,2,1,0,0,0,1,48,75052,6,1,6,1,3,3,999,999,0,0,0,0,0,0,0,0,0,1,0,0,0,0,2,2,75,1,5,1,4,0,0,6,10,1,1,2,46,0,0
56,560006,2,2,4,22,1,7,45,12,7,1,0,17,1,23,481,23481,31,2009,1GTHK63689F1,1,G,T,H,K,6,3,6,8,9,F,1,1,T,GMC,4NK,CW,9,17,,2,1670,1530,SIE,D,,,8,403,,,,C,5960,02,E,44,1,0,000000000,00000000000,0,0,0,1,0,0,0,0,0,0,0,45,0,0,0,7,6,2,12,0,0,0,1,17,61049,6,1,3,0,3,0,72,200,0,0,0,0,0,0,0,0,0,0,0,0,0,0,2,2,75,1,5,1,4,0,0,1,61,1,1,1,45,1,0
56,560007,1,1,1,28,1,18,44,33,0,1,0,56,1,7,482,7482,31,2006,1D7HU18246J1,1,D,7,H,U,1,8,2,4,6,J,1,0,T,DODG,SQ1,CW,6,17,,2,1605,1405,RPC,G,,,8,348,,,,B,5233,02,E,44,0,0,000000000,00000000000,0,0,0,1,0,0,0,0,0,0,0,998,0,1,5,12,6,8,1,99,99,0,1,56,82520,6,1,0,0,3,0,67,168,1,0,0,1,0,3,2010,6,2011,1,0,0,0,0,5,4,45,1,1,2,1,0,0,1,13,6,1,4,1,1,1
56,560008,1,1,1,10,2,8,40,31,0,1,0,56,1,12,401,12401,14,1997,1FMDU34E2VZA,1,F,M,D,U,3,4,E,2,V,Z,A,0,P,FORD,EPR,UT,97,17,4166,,0,1115,,G,,F,6,245,,,15R225,,,,,,0,0,000000000,00000000000,0,0,0,1,0,0,0,0,0,0,0,70,0,1,1,2,6,2,1,99,99,0,1,56,82443,6,1,0,0,3,3,77,220,0,0,0,1,0,9,2011,9,2011,0,58,0,0,0,1,2,65,1,3,2,1,0,0,1,13,6,3,4,1,1,1
56,560009,1,1,1,9,2,23,56,8,0,1,0,30,3,82,881,82881,66,2012,1FUJGEBG1CSB,1,F,U,J,G,E,B,G,1,C,S,B,2,T,FRHT,125,TR,12,17,,8,0,0,CSC,D,,,6,915,,,,,00000,00,,64,1,57,133956,57133956,3,7,1,1,0,0,0,0,0,0,0,65,0,0,0,12,4,3,8,0,0,0,1,30,59101,6,1,6,1,3,3,71,200,98,0,0,0,0,0,0,0,0,0,0,0,0,0,3,2,75,1,5,2,1,0,0,1,80,1,1,1,13,0,0
56,560010,1,3,1,21,2,14,28,12,6,1,0,56,2,12,481,12481,31,1993,1FTCF15N7PKA,1,F,T,C,F,1,5,N,7,P,K,A,0,T,FORD,F15,PK,93,17,,1,1330,1170,COF,G,,,8,302,,,,B,00000,00,A,42,0,0,000000000,00000000000,0,0,0,1,0,0,0,0,0,0,0,40,0,0,0,12,6,2,12,0,0,0,1,56,82001,6,1,0,0,3,0,73,160,0,0,0,1,2,10,2010,8,2011,0,39,0,0,0,5,4,40,2,1,2,1,2,3,14,17,1,1,1,83,0,0
56,560010,2,3,1,21,2,14,28,12,6,1,0,56,1,22,2,22002,4,2004,1G2HY54K24U2,1,G,2,H,Y,5,4,K,2,4,U,2,0,P,PONT,BSL,4D,4,17,3678,,0,1122,,G,,F,6,231,,,17R235,,,,,,0,0,000000000,00000000000,0,0,0,1,0,0,0,0,0,0,0,20,0,0,0,9,6,2,12,0,0,0,1,56,82001,6,1,0,0,3,3,69,145,0,0,0,0,0,0,0,0,0,0,0,0,0,0,1,2,30,1,1,2,1,2,3,11,67,1,1,1,82,1,0
56,560010,3,3,1,21,2,14,28,12,6,1,0,56,2,22,20,22020,4,1997,1G2WP52K5VF3,1,G,2,W,P,5,2,K,5,V,F,3,0,P,PONT,GPG,4D,97,17,3414,,0,1105,,G,,F,6,231,,,16R225,,,,,,0,0,000000000,00000000000,0,0,0,1,0,0,0,0,0,0,0,0,0,0,0,12,4,1,12,0,0,0,1,56,82001,6,1,0,0,3,3,67,145,0,0,0,0,0,0,0,0,0,0,0,0,0,0,1,4,40,3,1,2,1,2,3,5,62,1,1,1,98,0,0
56,560011,1,1,2,20,2,20,10,1,0,1,0,56,1,48,34,48034,6,1997,4S3BK4259V63,4,S,3,B,K,4,2,5,9,V,6,3,0,P,SUBA,UBR,SW,97,17,2905,,0,1035,,G,,F,4,135,,,14R185,,,,,,0,0,000000000,00000000000,0,0,0,1,0,0,0,0,0,0,0,65,0,1,5,0,6,2,1,0,0,0,1,56,82633,2,1,0,0,2,0,75,280,0,0,0,0,0,0,0,0,0,0,58,0,0,0,1,2,65,1,6,2,1,0,0,1,13,6,2,4,1,1,1
56,560012,1,3,1,3,3,9,10,12,8,1,0,4,1,2,404,2404,14,1992,1J4FJ58S7NL1,1,J,4,F,J,5,8,S,7,N,L,1,0,T,JEEP,LAR,4W,92,17,,1,0,1014,CHK,G,,,6,242,,,,,00000,00,A,44,0,0,000000000,00000000000,0,0,0,1,0,0,0,0,0,0,0,65,0,0,0,11,6,2,2,0,0,1,1,4,86337,6,1,0,0,3,0,73,160,0,0,0,0,0,0,0,0,0,0,28,0,0,0,1,2,65,2,1,2,1,0,0,14,10,1,1,2,64,1,0