STATE,ST_CASE,VEH_NO,VE_FORMS,NUMOCCS,DAY,MONTH,HOUR,MINUTE,HARM_EV,MAN_COLL,UNITTYPE,HIT_RUN,REG_STAT,OWNER,MAKE,MODEL,MAK_MOD,BODY_TYP,MOD_YEAR,VIN,VIN_1,VIN_2,VIN_3,VIN_4,VIN_5,VIN_6,VIN_7,VIN_8,VIN_9,VIN_10,VIN_11,VIN_12,TOW_VEH,VINTYPE,VINMAKE,VINA_MOD,VIN_BT,VINMODYR,VIN_LNGT,VIN_WGT,WGTCD_TR,WHLBS_LG,WHLBS_SH,SER_TR,FUELCODE,MCYCL_DS,CARBUR,CYLINDER,DISPLACE,MCYCL_CY,MCYCL_WT,TIRE_SZE,TON_RAT,TRK_WT,TRKWTVAR,VIN_REST,WHLDRWHL,J_KNIFE,MCARR_I1,MCARR_I2,MCARR_ID,GVWR,V_CONFIG,CARGO_BT,HAZ_INV,HAZ_PLAC,HAZ_ID,HAZ_CNO,HAZ_REL,BUS_USE,SPEC_USE,EMER_USE,TRAV_SP,UNDERIDE,ROLLOVER,ROLINLOC,IMPACT1,DEFORMED,TOWED,M_HARM,VEH_SC1,VEH_SC2,FIRE_EXP,DR_PRES,L_STATE,DR_ZIP,L_STATUS,L_TYPE,CDL_STAT,L_ENDORS,L_COMPL,L_RESTRI,DR_HGT,DR_WGT,PREV_ACC,PREV_SUS,PREV_DWI,PREV_SPD,PREV_OTH,FIRST_MO,FIRST_YR,LAST_MO,LAST_YR,SPEEDREL,DR_SF1,DR_SF2,DR_SF3,DR_SF4,VTRAFWAY,VNUM_LAN,VSPD_LIM,VALIGN,VPROFILE,VPAVETYP,VSURCOND,VTRAFCON,VTCONT_F,P_CRASH1,P_CRASH2,P_CRASH3,PCRASH4,PCRASH5,ACC_TYPE,DEATHS,DR_DRINK
56,560045,1,2,1,21,6,22,15,12,2,1,0,56,1,34,34,34034,2,2000,WBABM5345YJP,W,B,A,B,M,5,3,4,5,Y,J,P,0,P,BMW,38I,CP,0,17,3197,,0,1073,,G,,F,6,170,,,16R205,,,,,,0,0,000000000,00000000000,0,0,0,1,0,0,0,0,0,0,0,999,0,0,0,12,6,2,12,0,0,0,1,56,82633,6,1,0,0,3,3,66,120,1,2,1,1,0,11,2009,10,2011,0,28,36,0,0,1,2,65,2,1,2,1,0,0,14,10,1,1,2,50,1,1
56,560045,2,2,1,21,6,22,15,12,2,1,0,8,3,82,881,82881,66,2005,1FUJA6CK35LU,1,F,U,J,A,6,C,K,3,5,L,U,1,T,FRHT,COL,TR,5,17,,8,0,0,CON,D,,,6,858,,,,,00000,00,,64,1,57,010074419,57010074419,3,6,1,1,0,0,0,0,0,0,0,60,0,0,0,12,6,2,12,0,0,0,1,8,80234,6,1,6,0,3,3,73,205,1,0,0,0,1,10,2009,10,2009,0,0,0,0,0,1,2,65,3,1,2,1,0,0,14,54,1,1,1,51,0,0
56,560046,1,1,2,23,6,15,10,23,0,1,0,41,2,49,471,49471,30,1987,JT4RN67P5H50,J,T,4,R,N,6,7,P,5,H,5,0,1,T,TOYT,R6D,PK,87,17,,1,0,1122,X44,G,,,4,144,,,,B,3535,01,A,44,1,0,000000000,00000000000,0,0,0,1,0,0,0,0,0,0,0,75,0,1,3,1,6,2,1,35,0,0,1,41,97031,0,0,0,0,0,0,69,190,0,0,0,0,0,0,0,0,0,0,58,0,0,0,3,2,75,1,4,2,1,0,0,1,13,6,2,4,2,1,0
56,560047,1,2,3,28,6,10,32,31,0,1,0,56,1,35,43,35043,4,2000,3N1CB51D9YL3,3,N,1,C,B,5,1,D,9,Y,L,3,0,P,NISS,SXG,4D,0,17,2401,,0,998,,G,,F,4,108,,,14R185,,,,,,0,0,000000000,00000000000,0,0,0,1,0,0,0,0,0,0,0,67,0,0,0,99,6,2,12,0,0,0,1,56,83127,6,1,0,0,3,0,63,140,0,0,0,1,0,4,2011,4,2011,0,28,58,0,0,1,2,65,1,1,2,1,0,0,1,10,6,4,4,1,1,0
56,560047,2,2,2,28,6,10,32,31,0,1,0,56,1,23,481,23481,31,2008,1GTHK33688F1,1,G,T,H,K,3,3,6,8,8,F,1,0,T,GMC,SK3,CW,8,17,,2,0,1670,SIE,D,,,8,403,,,,D,6400,00,4,44,0,0,000000000,00000000000,0,0,0,1,0,0,0,0,0,0,0,65,0,0,0,12,6,2,12,0,0,0,1,56,83110,6,1,6,0,3,0,70,175,0,0,0,0,0,0,0,0,0,0,0,0,0,0,1,2,65,1,1,2,1,0,0,1,54,1,1,1,98,0,0
56,560048,1,2,2,28,6,15,19,12,6,1,0,56,2,12,481,12481,31,2000,1FTWW33F6YEE,1,F,T,W,W,3,3,F,6,Y,E,E,0,T,FORD,F3D,CW,0,17,,3,1720,1560,DRW,D,,,8,444,,,,D,6402,08,E,44,0,0,000000000,00000000000,0,0,0,1,0,0,0,0,0,0,0,65,0,1,5,2,6,2,1,0,0,0,1,56,82636,6,1,0,0,3,0,67,189,0,0,0,0,0,0,0,0,0,0,35,0,0,0,1,2,65,1,6,2,1,0,0,6,17,8,1,2,73,1,0
56,560048,2,2,1,28,6,15,19,12,6,1,0,48,3,84,881,84881,66,2005,2HSCNAPRX5C0,2,H,S,C,N,A,P,R,X,5,C,0,1,T,INTL,94I,TR,5,17,,8,0,0,940,D,,,6,915,,,,,00000,00,,64,1,57,1861786,571861786,3,6,3,1,0,0,0,0,0,0,0,15,0,0,0,11,6,2,12,0,0,0,1,48,78208,6,1,6,0,3,0,999,999,0,0,0,0,0,0,0,0,0,0,0,0,0,0,1,2,65,1,6,2,1,0,0,11,55,1,1,2,72,0,0
56,560049,1,1,1,29,6,21,0,31,0,1,0,56,1,72,706,72706,80,2005,1HD1FRW185Y6,1,H,D,1,F,R,W,1,8,5,Y,6,0,M,HD,FCI,RS,5,17,,,,,,,1450,,2,,4,710,,,,,,,0,0,000000000,00000000000,0,0,0,1,0,0,0,0,0,0,0,65,0,0,0,99,6,2,42,0,0,0,1,56,82718,6,1,6,0,3,0,72,225,0,0,0,0,0,0,0,0,0,0,0,0,0,0,1,2,65,3,5,2,1,0,0,14,13,1,1,4,1,1,1
56,560050,1,2,4,30,6,10,23,12,2,1,0,8,1,37,403,37403,14,2003,5J6YH28593L0,5,J,6,Y,H,2,8,5,9,3,L,0,0,P,HOND,ELE,UT,3,17,3544,,0,1014,,G,,F,4,146,,,16R215,,,,,,0,0,000000000,00000000000,0,0,0,1,0,0,0,0,0,0,0,60,0,0,0,12,6,2,12,0,0,0,1,8,80814,6,1,0,0,3,3,67,170,0,0,0,0,0,0,0,0,0,0,28,0,0,0,1,2,65,2,4,2,1,0,0,14,10,1,1,2,50,4,0
56,560050,2,2,5,30,6,10,23,12,2,1,0,12,1,12,850,12850,65,2000,1FCNF53SXY0A,1,F,C,N,F,5,3,S,X,Y,0,A,0,T,FORD,F/5,MH,0,17,,6,2280,1780,DRW,G,,,10,415,,,,,5353,02,,42,0,0,000000000,00000000000,0,0,0,1,0,0,0,0,0,0,0,65,0,0,0,12,6,2,12,0,0,0,1,12,34602,6,1,0,0,3,3,73,999,0,0,0,0,1,3,2010,3,2010,0,0,0,0,0,1,2,65,1,4,2,1,0,0,1,54,1,1,1,51,1,0
56,560051,1,1,4,23,6,11,0,31,0,1,0,8,1,37,32,37032,4,2000,1HGCG5545YA0,1,H,G,C,G,5,5,4,5,Y,A,0,0,P,HOND,ULX,4D,0,17,2987,,0,1069,,G,,F,4,138,,,15R195,,,,,,0,0,000000000,00000000000,0,0,0,1,0,0,0,0,0,0,0,65,0,1,5,99,6,2,1,0,0,0,1,8,80521,6,1,0,0,3,0,72,170,0,0,0,0,0,0,0,0,0,0,58,0,0,0,1,2,65,1,1,2,1,0,0,1,13,6,1,4,1,1,0
56,560052,1,1,1,1,7,14,10,1,0,1,0,49,2,2,402,2402,14,1979,J9F83AC04698,J,9,F,8,3,A,C,0,4,6,9,8,0,T,AMER,CJ5,UT,79,13,,1,0,835,JEE,G,,,6,258,,,,,2623,01,,44,0,0,000000000,00000000000,0,0,0,1,0,0,0,0,0,0,0,65,0,1,5,0,6,2,1,0,0,0,1,16,83340,3,1,0,0,2,3,64,142,0,0,0,0,0,0,0,0,0,0,0,0,0,0,1,2,65,1,1,2,1,0,0,1,13,1,2,4,2,1,0
56,560053,1,1,7,7,7,12,20,1,0,1,0,48,1,12,423,12423,16,2004,1FMNU41S84EC,1,F,M,N,U,4,1,S,8,4,E,C,1,P,FORD,EXC,UT,4,17,7087,,0,1371,,G,,F,10,415,,,16R265,,,,,,1,0,000000000,00000000000,0,0,0,1,0,0,0,0,0,0,0,65,0,1,3,0,6,2,1,0,0,0,1,48,75701,6,1,0,0,3,3,999,999,0,0,0,0,0,0,0,0,0,0,0,0,0,0,2,2,75,1,1,1,1,0,0,6,12,1,2,4,7,1,0
56,560054,1,1,4,7,7,1,50,1,0,1,0,56,2,12,37,12037,4,2009,1FAHP35N19W1,1,F,A,H,P,3,5,N,1,9,W,1,0,P,FORD,FSE,4D,9,17,2623,,0,1029,,G,,F,4,122,,,16R205,,,,,,0,0,000000000,00000000000,0,0,0,1,0,0,0,0,0,0,0,64,0,1,5,0,6,2,1,0,0,0,1,56,82718,1,1,0,0,1,0,72,150,1,3,1,1,0,9,2010,1,2012,1,36,0,0,0,6,1,30,2,5,2,1,0,0,14,12,1,1,4,6,1,1
56,560055,1,1,1,1,7,22,0,41,0,1,0,56,2,37,734,37734,90,2004,478TE30064A0,4,7,8,T,E,3,0,0,6,4,A,0,0,M,HOND,T50,AT,4,17,,,,,,,450,,1,,4,350,,,,,,,0,0,000000000,00000000000,0,0,0,1,0,0,0,0,0,0,0,999,0,1,5,99,6,2,38,99,99,0,1,56,82943,6,1,0,0,3,0,71,160,0,0,0,0,0,0,0,0,0,1,0,0,0,0,1,2,98,3,1,2,1,0,0,14,13,1,1,4,1,1,1
56,560056,1,1,3,6,7,16,19,1,0,1,0,56,1,7,482,7482,31,1997,1B7HF13Z6VJ5,1,B,7,H,F,1,3,Z,6,V,J,5,0,T,DODG,150,PC,97,17,,2,1547,1387,RPC,G,,,8,360,,,,B,4764,01,M,44,0,0,000000000,00000000000,0,0,0,1,0,0,0,0,0,0,0,50,0,1,5,0,6,2,1,0,0,0,1,56,82901,6,1,0,0,3,0,68,180,0,0,0,2,0,10,2009,1,2011,1,36,0,0,0,1,2,98,3,1,5,1,0,0,14,12,6,3,4,7,1,1
56,560057,1,1,2,3,7,17,11,11,0,1,0,20,1,72,706,72706,80,2008,1HD1KB41X8Y7,1,H,D,1,K,B,4,1,X,8,Y,7,0,M,HD,FHX,RS,8,17,,,,,,,1584,,2,,4,786,,,,,,,0,0,000000000,00000000000,0,0,0,1,0,0,0,0,0,0,0,65,0,0,0,12,6,2,11,0,0,0,1,20,66770,6,1,0,0,3,0,75,275,0,0,0,0,0,0,0,0,0,0,83,0,0,0,1,2,65,1,1,2,1,0,0,1,87,1,1,1,13,1,0
56,560058,1,3,2,23,7,14,45,12,6,1,0,56,2,7,20,7020,4,2004,1B3ES26C84D6,1,B,3,E,S,2,6,C,8,4,D,6,0,P,DODG,BSE,4D,4,17,2584,,0,1040,,G,,F,4,122,,,14R175,,,,,,0,0,000000000,00000000000,0,0,0,1,0,0,0,0,0,0,0,65,0,0,0,99,6,2,12,0,0,0,1,56,82070,1,1,0,0,2,0,71,167,0,1,0,1,0,4,2011,5,2012,1,28,0,0,0,1,3,65,3,6,2,2,0,0,14,10,1,4,2,64,1,0
56,560058,2,3,1,23,7,14,45,12,6,1,0,27,3,51,881,51881,66,2006,4V4NC9GH26N4,4,V,4,N,C,9,G,H,2,6,N,4,1,T,VOLV,VNL,TR,6,17,,8,0,0,VVN,D,,,6,732,,,,,00000,00,,64,1,57,1209875,571209875,3,6,1,1,0,0,0,0,0,0,0,60,0,0,0,12,6,2,12,0,0,0,1,27,55044,6,1,6,0,3,0,67,169,0,0,0,0,0,0,0,0,0,0,24,0,0,0,1,3,65,2,5,2,2,0,0,14,54,1,1,1,65,0,0
56,560058,3,3,2,23,7,14,45,12,6,1,0,56,1,23,481,23481,31,2008,3GTEK13368G2,3,G,T,E,K,1,3,3,6,8,G,2,0,T,GMC,SK1,CW,8,17,,2,0,1435,SIE,F,,,8,323,,,,B,5326,00,4,44,0,0,000000000,00000000000,0,0,0,1,0,0,0,0,0,0,0,45,0,0,0,10,6,2,12,0,0,0,1,56,82072,6,1,0,0,3,3,64,110,0,0,0,0,0,0,0,0,0,0,0,0,0,0,1,3,65,3,6,2,2,0,0,14,54,1,1,1,98,0,0
56,560059,1,2,1,7,7,22,14,12,1,1,0,56,1,6,51,6051,4,2001,2C3HE66G51H5,2,C,3,H,E,6,6,G,5,1,H,5,0,P,CHRY,30M,4D,1,17,3512,,0,1130,,G,,F,6,215,,,17R225,,,,,,0,0,000000000,00000000000,0,0,0,1,0,0,0,0,0,0,0,40,0,0,0,6,6,2,12,0,0,0,1,56,82520,6,1,0,0,3,2,68,160,0,1,1,0,1,10,2009,8,2011,0,23,45,74,0,3,2,75,1,1,2,1,0,0,1,53,1,1,1,25,1,1
56,560059,2,2,2,7,7,22,14,12,1,1,0,56,1,20,37,20037,4,2009,1G1ZF57589F1,1,G,1,Z,F,5,7,5,8,9,F,1,0,P,CHEV,MHY,4D,9,17,3537,,0,1123,,B,,F,4,146,,,17R215,,,,,,0,0,000000000,00000000000,0,0,0,1,0,0,0,0,0,0,0,75,0,0,0,12,6,2,12,0,0,0,1,56,82935,6,1,0,0,3,3,69,230,1,0,0,0,0,12,2010,12,2010,0,24,0,0,0,3,2,75,1,1,2,1,0,0,1,51,4,1,1,24,0,0
56,560060,1,1,2,24,7,18,41,35,0,1,0,56,1,20,481,20481,31,1986,1GCEK14H7GJ1,1,G,C,E,K,1,4,H,7,G,J,1,0,T,CHEV,K10,PK,86,17,,2,1315,1175,K10,G,,,8,305,,,,B,3871,07,,44,0,0,000000000,00000000000,0,0,0,1,0,0,0,0,0,0,0,60,0,0,0,12,6,2,35,0,0,0,1,56,82901,6,1,0,0,3,0,71,155,0,0,0,2,2,2,2010,7,2012,0,58,0,0,0,3,2,75,2,6,2,1,0,0,14,13,7,2,4,2,2,0
56,560061,1,2,1,25,7,21,55,12,6,1,0,56,2,23,431,23431,16,1993,1GKFK16K0PJ7,1,G,K,F,K,1,6,K,0,P,J,7,0,T,GMC,KSU,4W,93,17,,2,0,1315,K15,G,,,8,350,,,,B,00000,00,A,44,0,0,000000000,00000000000,0,0,0,1,0,0,0,0,0,0,0,998,1,0,0,12,6,2,12,0,0,0,1,56,82007,6,1,0,0,3,3,70,195,0,0,0,0,2,9,2011,6,2012,0,0,0,0,0,1,2,40,1,1,1,1,0,0,1,17,1,1,1,83,1,1
56,560061,2,2,1,25,7,21,55,12,6,1,0,17,3,51,881,51881,66,2002,4V4NC9TH12N3,4,V,4,N,C,9,T,H,1,2,N,3,1,T,VOLV,VNL,TR,2,17,,8,0,0,VVN,D,,,6,915,,,,,00000,00,,64,1,57,990077,57990077,3,6,1,1,0,0,0,0,0,0,0,5,0,0,0,7,4,3,12,0,0,0,1,17,60016,6,1,6,9,3,3,71,175,0,0,0,0,0,0,0,0,0,0,38,0,0,0,1,2,40,1,1,1,1,20,3,11,15,1,1,2,82,0,0
56,560062,1,1,4,3,8,23,25,1,0,1,0,16,1,63,31,63031,4,1999,KNAFB1219X58,K,N,A,F,B,1,2,1,9,X,5,8,0,P,KIA,SPL,4D,99,17,2478,,0,1008,,G,,F,4,109,,,14R185,,,,,,0,0,000000000,00000000000,0,0,0,1,0,0,0,0,0,0,0,75,0,1,5,0,6,2,1,0,0,0,1,16,83704,3,1,0,0,2,0,68,122,0,0,0,0,0,0,0,0,0,0,58,0,0,0,3,2,75,1,6,2,1,0,0,1,13,7,3,4,2,1,0
56,560063,1,2,2,4,8,15,20,12,6,1,0,49,1,49,40,49040,4,2002,JTDBE32K3201,J,T,D,B,E,3,2,K,3,2,0,1,0,P,TOYT,LXS,4D,2,17,3086,,0,1071,,G,,F,4,144,,,15R205,,,,,,0,0,000000000,00000000000,0,0,0,1,0,0,0,0,0,0,0,66,0,0,0,3,6,2,12,0,0,0,1,49,84404,6,1,0,0,3,3,65,172,98,0,0,0,0,0,0,0,0,1,28,58,0,0,1,2,55,1,1,2,1,0,0,1,13,6,4,2,64,1,0
56,560063,2,2,1,4,8,15,20,12,6,1,0,49,1,37,706,37706,80,1997,1HFSC2236VA9,1,H,F,S,C,2,2,3,6,V,A,9,1,M,HOND,1/2,RS,97,17,,,,,,,1520,,6,,4,815,,,,,,,1,0,000000000,00000000000,0,0,0,1,0,0,0,0,0,0,0,55,0,0,0,12,6,2,12,0,0,0,1,49,84403,6,1,0,0,3,0,68,174,98,0,0,0,0,0,0,0,0,0,0,0,0,0,1,2,55,1,1,2,1,0,0,1,54,4,1,1,65,1,0
56,560064,1,1,2,6,8,14,40,38,0,1,0,6,1,20,2,20002,4,2003,2G1WF52E4393,2,G,1,W,F,5,2,E,4,3,9,3,0,P,CHEV,IMP,4D,3,17,3389,,0,1105,,G,,F,6,207,,,16R225,,,,,,0,0,000000000,00000000000,0,0,0,1,0,0,0,0,0,0,0,60,0,1,6,99,6,2,1,0,0,0,1,6,93637,6,1,0,0,3,0,68,240,0,0,0,0,0,0,0,0,0,0,58,0,0,0,1,2,65,1,1,2,1,0,0,1,13,6,2,4,2,1,0
56,560065,1,2,1,10,8,7,0,12,1,1,0,8,1,37,706,37706,80,1970,SL3501014388,S,L,3,5,0,1,0,1,4,3,8,8,0,M,HOND,SL3,RS,70,12,,,,,,,325,,2,,4,306,,,,,,,0,0,000000000,00000000000,0,0,0,1,0,0,0,0,0,0,0,50,0,0,0,6,6,2,12,0,0,0,1,8,81008,6,1,0,0,3,3,72,200,0,0,0,0,0,0,0,0,0,0,0,0,0,0,3,2,75,1,1,2,1,0,0,1,53,1,1,1,25,1,0
56,560065,2,2,1,10,8,7,0,12,1,1,1,99,9,99,999,99999,99,9999,999999999999,9,9,9,9,9,9,9,9,9,9,9,9,0,,,,,,,,,,,,,,,,,,,,,,,,,0,99,999999999,99999999999,9,99,99,1,0,0,0,0,99,99,9,999,9,0,0,12,9,1,12,99,99,0,1,99,99999,9,9,99,9,9,9,999,999,99,99,99,99,99,99,9999,99,9999,9,99,99,99,99,3,2,75,1,1,2,1,0,0,1,51,99,1,1,24,0,0
56,560066,1,2,1,11,8,5,35,12,8,1,0,56,1,12,17,12017,4,1993,1FALP57U0PG2,1,F,A,L,P,5,7,U,0,P,G,2,0,P,FORD,TAG,SW,93,17,3264,,0,1060,,G,,F,6,182,,,14R205,,,,,,0,0,000000000,00000000000,0,0,0,1,0,0,0,0,0,0,0,65,0,0,0,11,6,2,12,0,0,0,1,56,83124,6,1,0,0,3,2,68,240,0,2,0,1,0,9,2009,6,2010,0,28,74,0,0,1,2,65,1,1,2,1,0,0,1,10,1,1,2,64,1,1
56,560066,2,2,2,11,8,5,35,12,8,1,0,16,3,84,881,84881,66,2012,3HSDJSJR0CN6,3,H,S,D,J,S,J,R,0,C,N,6,1,T,INTL,PRO,TR,12,17,,8,0,0,PRO,D,,,6,793,,,,,00000,00,,64,1,57,0273123,570273123,3,6,1,1,0,0,0,0,0,0,0,65,0,0,0,10,6,2,12,0,0,0,1,16,83642,6,1,6,0,3,0,999,999,0,0,0,0,0,0,0,0,0,0,0,0,0,0,1,2,65,1,1,2,1,0,0,1,54,1,1,1,65,0,0
56,560067,1,2,2,12,8,10,50,12,2,1,0,8,4,7,442,7442,20,2012,2C4RDGCG1CR2,2,C,4,R,D,G,C,G,1,C,R,2,0,P,DODG,CAR,SV,12,17,4483,,0,1212,,F,,F,6,220,,,16R235,,,,,,0,0,000000000,00000000000,0,0,0,1,0,0,0,0,0,0,0,70,0,0,0,12,6,2,12,0,0,0,1,13,31906,6,1,0,0,3,3,64,170,98,0,0,0,0,0,0,0,0,1,28,0,0,0,1,2,65,1,1,2,1,0,0,1,10,1,1,2,50,1,0
56,560067,2,2,5,12,8,10,50,12,2,1,0,46,1,12,850,12850,65,1999,1FDWE30S6XHB,1,F,D,W,E,3,0,S,6,X,H,B,0,T,FORD,3VC,MH,99,17,,3,1760,1380,CTV,G,,,10,415,,,,D,00000,00,E,42,0,0,000000000,00000000000,0,0,0,1,0,0,0,0,0,0,0,50,0,0,0,12,6,2,12,0,0,0,1,46,57701,6,1,0,0,3,0,63,136,0,0,0,0,0,0,0,0,0,0,0,0,0,0,1,2,65,1,1,2,1,0,0,1,62,1,1,1,51,1,0
56,560068,1,1,1,13,8,22,26,1,0,1,0,56,1,12,471,12471,30,1999,1FTZR15X3XPB,1,F,T,Z,R,1,5,X,3,X,P,B,0,T,FORD,RNS,PC,99,17,,1,0,1259,RNG,G,,,6,245,,,,B,00000,00,U,44,0,0,000000000,00000000000,0,0,0,1,0,0,0,0,0,0,0,999,0,1,5,0,6,2,1,99,99,0,1,4,85210,6,1,0,0,3,0,64,145,0,0,0,0,0,0,0,0,0,1,0,0,0,0,1,2,45,3,5,2,1,0,0,6,12,99,4,4,7,1,1
56,560069,1,1,2,14,8,23,14,1,0,1,0,56,1,20,481,20481,31,1991,2GCEK19K3M11,2,G,C,E,K,1,9,K,3,M,1,1,0,T,CHEV,GK1,PC,91,17,,2,1555,1415,GM4,G,,,8,350,,,,B,00000,00,,44,0,0,000000000,00000000000,0,0,0,1,0,0,0,0,0,0,0,45,0,1,5,0,6,2,1,0,0,0,1,4,86314,6,1,0,0,3,0,69,205,0,1,1,0,0,5,2011,9,2011,0,36,58,0,0,1,2,45,1,1,2,1,0,0,1,13,6,4,4,2,1,1
56,560070,1,2,1,10,8,16,45,12,1,1,1,56,1,49,40,49040,4,2007,4T1BE46K27U0,4,T,1,B,E,4,6,K,2,7,U,0,0,P,TOYT,CMB,4D,7,17,3108,,0,1093,,G,,F,4,146,,,15R205,,,,,,0,0,000000000,00000000000,0,0,0,1,0,0,0,0,0,0,0,48,0,0,0,12,6,2,12,0,0,0,1,56,82520,6,1,0,0,3,3,64,120,0,0,0,1,0,12,2009,12,2009,1,0,0,0,0,1,2,40,1,1,2,1,0,0,1,50,1,1,1,24,0,0
56,560070,2,2,1,10,8,16,45,12,1,1,0,56,1,37,706,37706,80,1984,JH2PC1300EM0,J,H,2,P,C,1,3,0,0,E,M,0,0,M,HOND,V5C,RC,84,17,,,,,,,500,,4,,4,399,,,,,,,0,0,000000000,00000000000,0,0,0,1,0,0,0,0,0,0,0,998,0,0,0,6,6,2,12,0,0,0,1,56,82514,6,1,0,0,3,3,67,200,0,0,0,0,0,0,0,0,0,0,0,0,0,0,1,2,40,1,1,2,1,0,0,11,53,1,2,2,25,1,0
56,560071,1,1,1,30,8,0,16,35,0,1,0,56,1,53,706,53706,80,2001,JS1GN7BA3121,J,S,1,G,N,7,B,A,3,1,2,1,0,M,SUZI,G60,RC,1,17,,,,,,,600,,4,,4,359,,,,,,,0,0,000000000,00000000000,0,0,0,1,0,0,0,0,0,0,0,998,0,0,0,12,6,2,35,0,0,0,1,56,82718,6,1,6,0,3,0,70,160,0,0,0,0,0,0,0,0,0,1,0,0,0,0,1,2,55,3,6,2,1,0,0,14,13,1,1,4,1,1,1
56,560072,1,1,1,30,8,19,25,8,0,1,0,56,2,12,481,12481,31,1988,1FTEF25H2JPB,1,F,T,E,F,2,5,H,2,J,P,B,0,T,FORD,F25,PK,88,17,,2,0,1330,COF,G,,,8,351,,,,C,00000,00,A,42,0,0,000000000,00000000000,0,0,0,1,0,0,0,0,0,0,0,35,0,0,0,12,4,1,8,0,0,0,1,56,82414,6,1,0,0,3,0,71,175,0,0,0,0,0,0,0,0,0,0,0,0,0,0,1,4,35,1,1,2,1,0,0,1,80,1,1,1,13,0,0
56,560073,1,1,2,25,8,16,15,35,0,1,0,56,1,2,405,2405,14,2002,1J4GL48K02W3,1,J,4,G,L,4,8,K,0,2,W,3,0,T,JEEP,SPR,4W,2,17,,1,0,1043,LIB,G,,,6,226,,,,,3682,02,E,44,0,0,000000000,00000000000,0,0,0,1,0,0,0,0,0,0,0,63,0,1,5,9,6,2,1,0,0,0,1,56,82935,6,1,6,0,3,3,79,276,2,0,0,1,0,6,2011,12,2011,1,58,0,0,0,1,2,55,1,3,4,1,0,0,1,12,7,3,4,7,1,1
56,560074,1,1,2,1,9,11,37,1,0,1,0,56,2,12,481,12481,31,2006,1FTWW31P86EA,1,F,T,W,W,3,1,P,8,6,E,A,0,T,FORD,F3S,CW,6,17,,3,1720,1560,SRW,D,,,8,366,,,,D,6585,01,U,44,0,0,000000000,00000000000,0,0,0,1,0,0,0,0,0,0,0,70,0,1,5,0,6,2,1,0,0,0,1,56,82501,6,1,0,0,3,3,70,175,0,0,0,0,0,0,0,0,0,0,58,0,0,0,1,2,65,2,6,2,1,0,0,14,13,7,2,4,1,1,0
56,560075,1,1,2,4,9,18,20,24,0,1,0,12,3,82,881,82881,66,1999,1FUYSSZB5XLB,1,F,U,Y,S,S,Z,B,5,X,L,B,1,T,FRHT,FC2,TR,99,17,,8,0,0,CON,D,,,6,774,,,,,00000,00,,64,1,57,02283405,5702283405,3,6,3,1,0,0,0,0,0,0,0,75,0,0,0,99,6,2,24,0,0,0,1,12,34788,6,1,6,1,3,1,71,999,0,0,0,1,0,9,2010,9,2010,1,0,0,0,0,1,2,65,3,6,2,1,0,0,14,13,4,2,4,2,2,0
56,560076,1,1,1,2,9,1,30,31,0,1,0,8,1,7,422,7422,15,2006,1D4HB48N86F1,1,D,4,H,B,4,8,N,8,6,F,1,0,P,DODG,DUR,UT,6,17,4859,,0,1192,,G,,F,8,287,,,17R245,,,,,,0,0,000000000,00000000000,0,0,0,1,0,0,0,0,0,0,0,69,0,1,5,2,6,2,1,0,0,0,1,8,80260,6,1,0,0,3,3,74,200,1,0,0,0,0,6,2010,6,2010,1,58,0,0,0,1,2,65,1,6,2,99,0,0,1,13,1,4,4,2,1,1
56,560077,1,2,1,4,9,19,10,12,8,1,0,56,3,98,804,98804,66,1995,2WKPDCCH9SK9,2,W,K,P,D,C,C,H,9,S,K,9,1,T,WSTR,490,TR,95,17,,8,0,0,CNV,D,,,6,893,,,,,00000,00,,64,1,57,701063,57701063,3,19,97,1,0,0,0,0,0,0,0,65,0,0,0,8,6,8,12,0,0,0,1,56,82336,6,1,6,1,3,0,71,250,0,0,0,1,1,4,2012,4,2012,0,0,0,0,0,1,2,65,1,1,2,1,0,0,1,10,1,1,2,64,0,0
56,560077,2,2,1,4,9,19,10,12,8,1,0,8,1,34,37,34037,4,2004,WBAGN63504DS,W,B,A,G,N,6,3,5,0,4,D,S,0,P,BMW,45L,4D,4,17,4464,,0,1232,,G,,F,8,268,,,18R245,,,,,,0,0,000000000,00000000000,0,0,0,1,0,0,0,0,0,0,0,65,0,0,0,11,6,2,12,0,0,0,1,8,81504,1,1,0,0,2,0,64,160,0,1,0,0,0,11,2010,11,2010,0,0,0,0,0,1,2,65,1,1,2,1,0,0,1,62,1,1,1,65,1,0
56,560078,1,1,1,11,9,14,56,31,0,1,0,56,3,20,481,20481,31,2007,1GCHK24U47E1,1,G,C,H,K,2,4,U,4,7,E,1,0,T,CHEV,2KH,PK,7,17,,2,0,1330,SIL,G,,,8,366,,,,C,5398,00,,44,0,0,000000000,00000000000,0,0,0,1,0,0,0,0,0,0,0,999,0,1,5,99,6,2,1,0,0,0,1,56,82901,6,1,0,0,3,0,72,300,0,0,0,0,0,0,0,0,0,0,58,0,0,0,3,2,75,1,1,2,1,0,0,1,11,6,1,4,1,1,0
56,560079,1,1,2,12,9,1,40,35,0,1,0,18,1,37,31,37031,4,2007,1HGFA16827L0,1,H,G,F,A,1,6,8,2,7,L,0,0,P,HOND,UAX,4D,7,17,2807,,0,1063,,G,,F,4,110,,,16R205,,,,,,0,0,000000000,00000000000,0,0,0,1,0,0,0,0,0,0,0,999,0,0,0,12,6,2,39,0,0,0,1,18,46366,1,1,0,0,2,0,73,197,1,4,0,3,3,5,2011,8,2012,1,0,0,0,0,1,2,40,2,5,2,1,0,0,14,12,1,1,4,6,1,1