STATE,ST_CASE,VEH_NO,VE_FORMS,NUMOCCS,DAY,MONTH,HOUR,MINUTE,HARM_EV,MAN_COLL,UNITTYPE,HIT_RUN,REG_STAT,OWNER,MAKE,MODEL,MAK_MOD,BODY_TYP,MOD_YEAR,VIN,VIN_1,VIN_2,VIN_3,VIN_4,VIN_5,VIN_6,VIN_7,VIN_8,VIN_9,VIN_10,VIN_11,VIN_12,TOW_VEH,VINTYPE,VINMAKE,VINA_MOD,VIN_BT,VINMODYR,VIN_LNGT,VIN_WGT,WGTCD_TR,WHLBS_LG,WHLBS_SH,SER_TR,FUELCODE,MCYCL_DS,CARBUR,CYLINDER,DISPLACE,MCYCL_CY,MCYCL_WT,TIRE_SZE,TON_RAT,TRK_WT,TRKWTVAR,VIN_REST,WHLDRWHL,J_KNIFE,MCARR_I1,MCARR_I2,MCARR_ID,GVWR,V_CONFIG,CARGO_BT,HAZ_INV,HAZ_PLAC,HAZ_ID,HAZ_CNO,HAZ_REL,BUS_USE,SPEC_USE,EMER_USE,TRAV_SP,UNDERIDE,ROLLOVER,ROLINLOC,IMPACT1,DEFORMED,TOWED,M_HARM,VEH_SC1,VEH_SC2,FIRE_EXP,DR_PRES,L_STATE,DR_ZIP,L_STATUS,L_TYPE,CDL_STAT,L_ENDORS,L_COMPL,L_RESTRI,DR_HGT,DR_WGT,PREV_ACC,PREV_SUS,PREV_DWI,PREV_SPD,PREV_OTH,FIRST_MO,FIRST_YR,LAST_MO,LAST_YR,SPEEDREL,DR_SF1,DR_SF2,DR_SF3,DR_SF4,VTRAFWAY,VNUM_LAN,VSPD_LIM,VALIGN,VPROFILE,VPAVETYP,VSURCOND,VTRAFCON,VTCONT_F,P_CRASH1,P_CRASH2,P_CRASH3,PCRASH4,PCRASH5,ACC_TYPE,DEATHS,DR_DRINK
56,560080,1,2,1,18,9,20,38,12,1,1,0,56,1,37,702,37702,83,2006,JH2HE03016K5,J,H,2,H,E,0,3,0,1,6,K,5,0,M,HOND,10F,T,6,17,,,,,,,99,,1,,4,165,,,,,,,0,0,000000000,00000000000,0,0,0,1,0,0,0,0,0,0,0,20,0,0,0,6,6,9,12,0,0,0,1,56,83110,6,1,0,0,3,3,68,160,0,1,1,0,1,12,2009,2,2011,0,36,45,0,0,1,2,65,1,1,2,1,0,0,1,53,1,1,1,25,1,1
56,560080,2,2,1,18,9,20,38,12,1,1,0,56,3,90,981,90981,50,2012,1BABNBXA8CF2,1,B,A,B,N,B,X,A,8,C,F,2,0,T,BLUI,,,12,17,,,,,,,,,,,,,,,,,,,0,88,888888888,88888888888,2,21,22,1,0,0,0,0,1,0,0,60,0,0,0,12,4,1,12,0,0,0,1,56,82931,6,1,6,1,3,0,64,180,0,0,0,0,0,0,0,0,0,0,0,0,0,0,1,2,65,1,1,2,1,0,0,1,51,1,1,1,24,0,0
56,560081,1,1,1,18,9,22,15,35,0,1,0,56,1,23,401,23401,14,2004,1GKDT13S0424,1,G,K,D,T,1,3,S,0,4,2,4,0,T,GMC,ENV,4W,4,17,,1,0,1130,ENV,G,,,6,256,,,,B,4616,00,E,44,0,0,000000000,00000000000,0,0,0,1,0,0,0,0,0,0,0,45,0,1,5,99,6,2,1,0,0,0,1,56,82637,6,1,0,0,3,3,68,195,0,0,0,0,0,0,0,0,0,0,58,0,0,0,1,2,99,1,5,2,1,0,0,1,12,7,4,4,7,1,1
56,560082,1,1,2,23,9,17,15,1,0,1,0,56,1,12,17,12017,4,2004,1FAFP55S44G1,1,F,A,F,P,5,5,S,4,4,G,1,0,P,FORD,TSS,4D,4,17,3306,,0,1085,,G,,F,6,182,,,16R215,,,,,,0,0,000000000,00000000000,0,0,0,1,0,0,0,0,0,0,0,100,0,1,5,0,6,2,1,99,99,0,1,56,82901,6,1,0,0,3,3,58,115,1,0,0,0,1,10,2010,6,2011,1,58,36,0,0,1,2,45,3,6,2,1,0,0,14,13,1,2,4,2,1,0
56,560083,1,1,1,30,9,17,30,24,0,1,0,41,3,87,881,87881,66,9999,52080P,5,2,0,8,0,P,,,,,,,1,U,,,,,6,,,,,,,,,,,,,,,,,,,1,57,01857425,5701857425,3,6,3,1,0,0,0,0,0,0,0,50,0,1,5,99,6,2,1,0,0,0,1,41,97738,6,1,6,1,3,0,68,210,0,0,0,0,0,0,0,0,0,1,21,39,58,0,1,2,99,3,6,2,1,0,0,14,13,6,2,4,2,1,0
56,560084,1,2,1,1,10,15,45,23,0,1,0,56,1,13,5,13005,4,1991,1LNCM81W3MY7,1,L,N,C,M,8,1,W,3,M,Y,7,0,P,LINC,EXC,4D,91,17,4035,,0,1174,,G,,F,8,281,,,15R215,,,,,,0,0,000000000,00000000000,0,0,0,1,0,0,0,0,0,0,0,999,0,0,0,2,6,2,12,99,99,0,1,56,82637,6,1,0,0,3,3,73,350,2,0,0,0,2,9,2010,3,2012,0,28,36,0,0,1,2,65,1,5,2,1,0,0,1,13,6,2,4,1,1,1
56,560084,2,2,1,1,10,15,45,23,0,1,0,56,1,12,481,12481,31,2002,3FTSW31F32MA,3,F,T,S,W,3,1,F,3,2,M,A,0,T,FORD,F3S,CW,2,17,,2,1724,1562,SRW,D,,,8,444,,,,D,6228,04,E,44,0,0,000000000,00000000000,0,0,0,1,0,0,0,0,0,0,0,55,0,0,0,12,6,2,12,0,0,0,1,56,82637,6,1,6,0,3,0,72,205,0,0,0,0,0,0,0,0,0,0,24,0,0,0,1,2,65,1,6,2,1,0,0,1,54,6,1,1,98,0,0
56,560085,1,1,3,3,10,19,10,34,0,1,0,56,2,23,481,23481,31,1989,1GTFK24KXKZ5,1,G,T,F,K,2,4,K,X,K,Z,5,0,T,GMC,SK2,PK,89,17,,2,0,1315,SIE,G,,,8,350,,,,C,4699,05,A,44,0,0,000000000,00000000000,0,0,0,1,0,0,0,0,0,0,0,40,0,1,5,99,6,2,1,99,99,0,1,56,82222,6,1,0,0,3,0,69,150,0,0,0,0,0,0,0,0,0,1,36,58,0,0,1,2,99,3,6,4,1,0,0,14,13,1,9,4,2,1,1
56,560086,1,1,5,6,10,8,15,1,0,1,0,30,1,20,481,20481,31,1999,2GCEK19T6X11,2,G,C,E,K,1,9,T,6,X,1,1,0,T,CHEV,SK1,3C,99,17,,2,1575,1435,SIL,G,,,8,325,,,,B,4621,00,,44,0,0,000000000,00000000000,0,0,0,1,0,0,0,0,0,0,0,75,0,1,5,0,6,2,1,0,0,0,1,30,59101,6,1,0,0,3,0,70,175,98,0,0,0,0,0,0,0,0,1,0,0,0,0,2,2,75,1,1,2,4,0,0,1,13,1,3,4,2,1,0
56,560087,1,3,1,6,10,2,37,12,7,1,0,19,3,82,881,82881,66,2012,1FVXFB003CDB,1,F,V,X,F,B,0,0,3,C,D,B,1,T,FRHT,COR,GL,12,17,,8,0,0,CON,,,,,,,,,,00000,00,,,1,57,265712,57265712,3,6,1,1,0,0,0,0,0,0,0,15,0,0,0,7,2,3,12,0,0,0,1,31,68528,6,1,6,3,3,0,73,252,0,0,0,0,0,0,0,0,0,0,0,0,0,0,3,2,75,1,1,2,4,40,3,2,18,1,1,1,45,0,0
56,560087,2,3,1,6,10,2,37,12,7,1,0,6,3,85,881,85881,66,2006,1XKADB9X86J1,1,X,K,A,D,B,9,X,8,6,J,1,1,T,KW,T60,TR,6,17,,8,2600,1600,CON,D,,,6,893,,,,,00000,00,,64,1,57,22053911,5722053911,3,6,1,1,0,0,0,0,0,0,0,25,0,1,1,2,6,2,2,0,0,1,1,6,95330,6,1,6,3,3,0,72,208,0,0,0,1,0,6,2010,6,2010,0,26,0,0,0,3,2,75,1,1,2,4,40,3,6,51,1,1,1,46,0,0
56,560087,3,3,1,6,10,2,37,12,7,1,0,42,3,51,881,51881,66,2000,4V4ND3RJ0YN2,4,V,4,N,D,3,R,J,0,Y,N,2,1,T,VOLV,VVN,TR,0,17,,8,0,0,VVN,D,,,6,774,,,,,00000,00,,64,1,57,1870180,571870180,3,6,6,1,0,0,0,0,0,0,0,999,0,0,0,12,6,2,2,99,99,1,1,42,19020,6,1,6,3,3,0,74,999,0,1,0,0,1,11,2011,1,2012,1,0,0,0,0,3,2,75,1,1,2,4,40,3,1,52,1,1,1,98,1,0
56,560088,1,2,2,14,10,18,10,12,6,1,0,56,1,2,404,2404,14,1995,1J4GZ78S2SC5,1,J,4,G,Z,7,8,S,2,S,C,5,0,T,JEEP,L/O,4W,95,17,,1,0,1059,GCK,G,,,6,242,,,,,3552,00,M,44,0,0,000000000,00000000000,0,0,0,1,0,0,0,0,0,0,0,998,0,0,0,1,4,3,12,0,0,0,1,56,82935,6,1,0,0,3,3,59,80,2,0,0,0,1,5,2011,5,2012,0,38,0,0,0,1,2,30,1,1,2,1,20,3,1,17,1,1,1,87,0,0
56,560088,2,2,1,14,10,18,10,12,6,1,0,56,1,53,706,53706,80,2003,JS1GR7HA0321,J,S,1,G,R,7,H,A,0,3,2,1,0,M,SUZI,SX7,RC,3,17,,,,,,,749,,4,,4,365,,,,,,,0,0,000000000,00000000000,0,0,0,1,0,0,0,0,0,0,0,20,0,0,0,12,6,2,12,0,0,0,1,56,82935,6,1,0,0,3,3,70,180,1,0,0,0,1,2,2010,3,2010,0,99,99,99,99,1,2,30,1,1,2,1,0,0,1,17,4,1,1,86,1,1
56,560089,1,1,2,17,10,12,11,1,0,1,0,56,1,23,481,23481,31,1987,1GTEV14K3HS5,1,G,T,E,V,1,4,K,3,H,S,5,0,T,GMC,V15,PK,87,17,,2,1315,1175,V15,G,,,8,350,,,,B,3901,06,A,44,0,0,000000000,00000000000,0,0,0,1,0,0,0,0,0,0,0,998,0,1,5,0,6,2,1,0,0,0,1,56,82435,6,1,0,0,3,3,69,140,0,0,0,0,0,0,0,0,0,9,36,58,0,0,1,2,55,1,6,4,1,0,0,1,12,7,4,4,7,1,0
56,560090,1,2,1,20,10,14,55,12,1,1,0,26,1,20,25,20025,4,2011,1G1PH5S96B72,1,G,1,P,H,5,S,9,6,B,7,2,0,P,CHEV,CZZ,4D,11,17,3102,,0,1057,,G,,T,4,085,,,18R225,,,,,,0,0,000000000,00000000000,0,0,0,1,0,0,0,0,0,0,0,80,0,0,0,12,6,2,12,0,0,0,1,26,49950,6,1,0,0,3,0,69,180,0,1,1,2,0,8,2012,10,2012,0,26,0,0,0,3,2,75,1,5,2,1,0,0,1,51,1,1,1,24,0,0
56,560090,2,2,4,20,10,14,55,12,1,1,0,30,1,12,481,12481,31,2003,1FTRW08L03KA,1,F,T,R,W,0,8,L,0,3,K,A,1,T,FORD,F1S,CW,3,17,,2,0,1388,COF,G,,,8,330,,,,B,5005,00,U,44,1,0,000000000,00000000000,0,0,0,1,0,0,0,0,0,0,0,50,0,1,3,6,6,2,1,0,0,0,1,30,59701,6,1,6,0,3,3,71,185,98,0,0,0,0,0,0,0,0,0,0,0,0,0,3,2,75,1,5,2,1,0,0,1,53,1,1,1,25,1,0
56,560091,1,1,3,25,10,0,3,1,0,1,0,53,1,23,481,23481,31,2001,1GTHK29U21E3,1,G,T,H,K,2,9,U,2,1,E,3,1,T,GMC,2KH,PC,1,17,,2,1575,1430,SIE,G,,,8,364,,,,C,00000,00,U,44,1,0,000000000,00000000000,0,0,0,1,0,0,0,0,0,0,0,75,0,1,3,0,6,2,1,0,0,0,1,53,98272,6,1,0,0,3,0,66,150,0,1,0,1,0,5,2012,8,2012,1,0,0,0,0,2,2,75,1,1,2,4,0,0,1,12,1,4,4,7,1,0
56,560092,1,2,3,27,10,21,4,12,2,1,0,56,2,12,422,12422,15,2004,1FMPU16L04LA,1,F,M,P,U,1,6,L,0,4,L,A,0,P,FORD,EPT,UT,4,17,5394,,0,1191,,G,,F,8,330,,,17R265,,,,,,0,0,000000000,00000000000,0,0,0,1,0,0,0,0,0,0,0,999,0,0,0,12,6,2,12,0,0,0,1,56,82401,0,0,0,0,2,0,999,999,0,0,0,0,0,0,0,0,0,0,28,36,0,0,1,4,45,1,5,2,1,0,0,1,10,1,1,2,50,1,0
56,560092,2,2,1,27,10,21,4,12,2,1,0,56,1,12,481,12481,31,2006,1FTWW33P46ED,1,F,T,W,W,3,3,P,4,6,E,D,0,T,FORD,F3D,CW,6,17,,3,1720,1560,DRW,D,,,8,366,,,,D,6989,01,E,44,0,0,000000000,00000000000,0,0,0,1,0,0,0,0,0,0,0,999,0,0,0,12,6,2,12,0,0,0,1,56,82431,6,1,0,0,3,3,67,204,0,0,0,0,0,0,0,0,0,0,0,0,0,0,1,4,45,1,6,2,1,0,0,1,54,1,1,1,51,0,0
56,560093,1,1,1,25,10,9,40,1,0,1,0,56,1,12,481,12481,31,2001,1FTRW08L11KF,1,F,T,R,W,0,8,L,1,1,K,F,0,T,FORD,F1S,CW,1,17,,2,0,1388,COF,G,,,8,330,,,,B,4914,01,E,44,0,0,000000000,00000000000,0,0,0,1,0,0,0,0,0,0,0,55,0,9,5,0,6,2,1,0,0,0,1,56,83011,6,1,0,0,3,0,63,114,0,0,0,0,0,0,0,0,0,1,58,0,0,0,1,2,55,1,1,2,4,0,0,1,10,7,4,4,7,1,0
56,560094,1,2,1,12,11,19,25,12,2,1,0,30,2,30,40,30040,4,1998,3VWPB81H7WM2,3,V,W,P,B,8,1,H,7,W,M,2,0,P,VOLK,JWE,4D,98,17,2597,,0,974,,G,,F,4,121,,,000000,,,,,,0,0,000000000,00000000000,0,0,0,1,0,0,0,0,0,0,0,65,0,0,0,12,6,2,12,0,0,0,1,30,59701,6,1,0,0,3,0,77,210,98,0,0,0,0,0,0,0,0,0,28,0,0,0,1,2,65,1,1,2,1,0,0,1,10,1,1,2,50,1,1
56,560094,2,2,1,12,11,19,25,12,2,1,0,49,3,87,881,87881,66,2007,1XP7DU9X87D6,1,X,P,7,D,U,9,X,8,7,D,6,1,T,PTRB,387,TR,7,17,,8,0,0,CON,D,,,6,763,,,,,00000,00,,64,1,57,2103935,572103935,3,6,1,1,0,0,0,0,0,0,0,65,0,0,0,12,6,2,12,0,0,0,1,29,65536,6,1,6,3,3,0,71,235,0,0,0,1,0,5,2012,5,2012,0,0,0,0,0,1,2,65,1,1,2,1,0,0,1,54,1,1,1,51,0,0
56,560095,1,1,1,1,11,18,0,35,0,1,0,56,1,12,402,12402,14,2005,1FMYU93185KA,1,F,M,Y,U,9,3,1,8,5,K,A,0,P,FORD,SPE,UT,5,17,3464,,0,1031,,G,,F,6,183,,,16R235,,,,,,0,0,000000000,00000000000,0,0,0,1,0,0,0,0,0,0,0,45,0,1,5,11,6,2,1,0,0,0,1,56,82721,6,1,0,0,3,3,65,185,0,0,0,0,0,0,0,0,0,0,58,0,0,0,1,2,99,1,6,4,1,0,0,1,10,9,4,4,2,1,0
56,560096,1,1,1,18,11,13,30,31,0,1,0,27,1,12,481,12481,31,1997,1FTDX08W8VKC,1,F,T,D,X,0,8,W,8,V,K,C,0,T,FORD,F15,3C,97,17,,1,0,1390,COF,G,,,8,281,,,,B,4635,00,E,44,0,0,000000000,00000000000,0,0,0,1,0,0,0,0,0,0,0,65,0,1,1,99,6,2,1,0,0,0,1,6,92675,6,1,0,0,3,0,77,215,0,0,0,0,0,0,0,0,0,0,58,0,0,0,1,2,65,1,5,2,1,0,0,1,13,6,4,4,1,1,0
56,560097,1,1,1,18,11,20,38,8,0,1,1,56,2,20,481,20481,31,2001,1GCEK19T11Z2,1,G,C,E,K,1,9,T,1,1,Z,2,0,T,CHEV,SK1,4C,1,17,,2,1575,1435,SIL,G,,,8,325,,,,B,4776,00,,44,0,0,000000000,00000000000,0,0,0,1,0,0,0,0,0,0,0,998,0,0,0,12,4,3,8,0,0,0,1,56,82716,6,1,0,0,3,0,70,180,0,1,3,0,1,2,2010,6,2012,0,28,36,0,0,2,2,75,1,1,2,1,0,0,1,13,1,1,4,13,0,1
56,560098,1,1,1,24,11,23,3,1,0,1,0,56,1,22,17,22017,4,1986,1G2AF19W3GT2,1,G,2,A,F,1,9,W,3,G,T,2,0,P,PONT,600,4D,86,17,2657,,0,1049,,G,,F,6,173,,,14R185,,,,,,0,0,000000000,00000000000,0,0,0,1,0,0,0,0,0,0,0,999,0,1,5,0,6,2,1,99,99,0,1,56,82325,6,1,0,0,3,3,60,148,0,0,0,0,1,11,2009,11,2009,0,0,0,0,0,1,2,55,1,1,2,1,0,0,1,13,7,3,4,2,1,0
56,560099,1,1,1,24,11,3,50,31,0,1,0,56,1,20,401,20401,14,1998,1GNDT13W5W21,1,G,N,D,T,1,3,W,5,W,2,1,0,P,CHEV,BZR,UT,98,17,4046,,0,1070,,G,,F,6,262,,,15R235,,,,,,0,0,000000000,00000000000,0,0,0,1,0,0,0,0,0,0,0,70,0,1,1,99,6,2,1,0,0,0,1,56,82501,6,1,0,0,3,3,69,135,0,0,0,0,0,0,0,0,0,0,58,0,0,0,1,2,65,1,6,2,1,0,0,1,13,6,1,4,1,1,1
56,560100,1,1,1,27,11,18,57,8,0,1,0,56,1,7,43,7043,4,2000,1B3EJ46X7YN2,1,B,3,E,J,4,6,X,7,Y,N,2,0,P,DODG,SSE,4D,0,17,2937,,0,1080,,G,,F,4,148,,,14R195,,,,,,0,0,000000000,00000000000,0,0,0,1,0,0,0,0,0,0,0,998,0,0,0,12,6,2,8,0,0,0,1,56,82001,6,1,0,0,3,0,60,98,0,0,0,0,0,0,0,0,0,0,0,0,0,0,1,4,40,1,1,2,1,0,0,1,80,99,1,1,13,0,0
56,560101,1,3,1,9,11,12,18,12,6,1,0,56,1,21,2,21002,4,1989,1G3HY54C5K18,1,G,3,H,Y,5,4,C,5,K,1,8,0,P,OLDS,FRB,4D,89,17,3134,,0,1108,,G,,F,6,231,,,14R205,,,,,,0,0,000000000,00000000000,0,0,0,1,0,0,0,0,0,0,0,20,0,0,0,2,9,3,12,99,99,0,1,56,82935,6,1,0,0,3,0,70,180,0,0,0,0,0,0,0,0,0,0,38,0,0,0,1,4,35,1,1,2,2,2,3,11,15,1,1,2,68,1,0
56,560101,2,3,1,9,11,12,18,12,6,1,0,49,2,30,42,30042,5,2006,WVWEV71K46W1,W,V,W,E,V,7,1,K,4,6,W,1,0,P,VOLK,NTI,2H,6,17,3025,,0,1015,,G,,T,4,121,,,16R205,,,,,,0,0,000000000,00000000000,0,0,0,1,0,0,0,0,0,0,0,35,0,0,0,12,6,2,12,0,0,0,1,56,82935,6,1,6,0,3,0,69,170,0,0,0,1,1,5,2011,5,2012,0,0,0,0,0,1,4,35,1,1,2,2,2,3,1,62,1,1,1,69,0,0
56,560101,3,3,1,9,11,12,18,12,6,1,0,56,1,20,421,20421,15,1999,1GNEK13R5XJ4,1,G,N,E,K,1,3,R,5,X,J,4,0,P,CHEV,KTA,UT,99,17,5268,,0,1175,,G,,F,8,350,,,16R245,,,,,,0,0,000000000,00000000000,0,0,0,1,0,0,0,0,0,0,0,0,0,0,0,12,4,1,12,0,0,0,1,56,82935,6,1,0,0,3,0,65,170,0,0,0,0,1,11,2011,11,2011,0,0,0,0,0,1,2,35,1,1,2,2,2,3,5,67,1,1,1,98,0,0
56,560102,1,1,1,18,11,15,8,38,0,1,0,48,1,7,482,7482,31,2001,1B7KC23771J6,1,B,7,K,C,2,3,7,7,1,J,6,0,T,DODG,Q25,4C,1,17,,2,1547,1387,RPC,D,,,6,359,,,,C,5168,01,U,42,0,0,000000000,00000000000,0,0,0,1,0,0,0,0,0,0,0,50,0,9,6,99,6,2,1,99,99,0,1,48,75752,6,1,0,0,3,0,999,999,0,0,0,1,0,1,2011,1,2011,0,58,0,0,0,1,2,55,1,1,2,1,0,0,1,13,6,2,4,2,1,1
56,560103,1,2,2,7,12,15,10,12,2,1,0,56,1,23,471,23471,30,1998,1GTCT19W4W85,1,G,T,C,T,1,9,W,4,W,8,5,0,T,GMC,SON,PC,98,17,,1,0,1229,SON,G,,,6,262,,,,B,00000,00,E,44,0,0,000000000,00000000000,0,0,0,1,0,0,0,0,0,0,0,60,0,0,0,12,6,2,12,0,0,0,1,56,82801,0,0,0,0,0,0,67,125,0,0,0,0,0,0,0,0,0,0,28,0,0,0,1,2,65,2,3,2,1,0,0,14,10,1,1,2,50,1,0
56,560103,2,2,1,7,12,15,10,12,2,1,0,56,3,85,881,85881,66,2007,1XKDDB0X67J9,1,X,K,D,D,B,0,X,6,7,J,9,2,T,KW,T80,TR,7,17,,8,2600,1600,CON,D,,,6,893,,,,,00000,00,,64,1,57,1339000,571339000,3,7,4,1,0,0,0,0,0,0,0,60,0,0,0,12,6,2,12,0,0,0,1,56,82834,6,1,6,1,3,3,72,230,0,0,0,0,2,5,2012,8,2012,0,0,0,0,0,1,2,65,3,3,2,1,0,0,14,54,7,1,1,51,0,0
56,560104,1,2,1,8,12,1,58,12,2,1,0,49,2,20,481,20481,31,2003,1GCEK19T03E1,1,G,C,E,K,1,9,T,0,3,E,1,0,T,CHEV,SK1,4C,3,17,,2,1575,1435,SIL,G,,,8,325,,,,B,4910,02,,44,0,0,000000000,00000000000,0,0,0,1,0,0,0,0,0,0,0,74,0,0,0,12,6,2,12,99,99,0,1,49,84026,6,1,0,0,3,0,72,228,98,0,0,0,1,7,2012,7,2012,1,28,0,0,0,1,2,65,1,6,2,1,0,0,1,10,1,1,2,50,1,0
56,560104,2,2,1,8,12,1,58,12,2,1,0,18,3,84,881,84881,66,2006,2HSCEAPR46C2,2,H,S,C,E,A,P,R,4,6,C,2,2,T,INTL,92I,TR,6,17,,8,0,0,920,D,,,6,915,,,,,00000,00,,64,1,57,63391,5763391,3,7,1,1,0,0,0,0,0,0,0,62,0,0,0,12,6,2,12,0,0,0,1,8,80234,6,1,6,3,3,3,73,200,0,0,0,0,2,10,2010,2,2011,0,0,0,0,0,1,2,65,1,5,2,1,0,0,1,54,1,1,1,51,0,0
56,560105,1,1,1,8,12,23,0,1,0,1,0,31,1,20,481,20481,31,1996,1GCEK19R0TE2,1,G,C,E,K,1,9,R,0,T,E,2,0,T,CHEV,GK1,PC,96,17,,2,1555,1415,GM4,G,,,8,350,,,,B,4495,08,,44,0,0,000000000,00000000000,0,0,0,1,0,0,0,0,0,0,0,75,0,9,5,0,6,2,1,0,0,0,1,31,69358,6,1,0,0,3,3,60,175,0,0,0,0,0,0,0,0,0,1,87,0,0,0,3,2,75,1,6,2,4,0,0,1,11,1,4,4,2,1,0
56,560106,1,1,2,10,12,7,42,1,0,1,0,18,3,82,881,82881,66,2007,1FUJBBCK57PZ,1,F,U,J,B,B,C,K,5,7,P,Z,2,T,FRHT,ST2,TR,7,17,,8,0,0,CON,D,,,6,855,,,,,00000,00,,64,1,57,265752,57265752,3,7,1,1,0,0,0,0,0,0,0,70,0,9,3,0,6,2,1,0,0,0,1,49,84405,6,1,6,3,3,0,74,185,98,0,0,0,0,0,0,0,0,0,58,0,0,0,2,2,75,2,1,1,1,0,0,14,12,7,1,4,6,1,0
56,560107,1,1,3,14,12,10,47,33,0,1,0,6,2,20,481,20481,31,2001,1GCEK19T81E1,1,G,C,E,K,1,9,T,8,1,E,1,0,T,CHEV,SK1,4C,1,17,,2,1575,1435,SIL,G,,,8,325,,,,B,4776,00,,44,0,0,000000000,00000000000,0,0,0,1,0,0,0,0,0,0,0,40,0,0,0,12,6,2,43,0,0,0,1,6,95374,3,1,0,0,2,0,66,185,0,0,0,0,0,0,0,0,0,0,36,0,0,0,1,2,99,1,1,1,1,0,0,1,14,1,1,4,14,1,1
56,560109,1,1,1,24,12,7,10,1,0,1,0,56,2,22,20,22020,4,1999,1G2WJ52M0XF2,1,G,2,W,J,5,2,M,0,X,F,2,0,P,PONT,GFS,4D,99,17,3414,,0,1105,,G,,F,6,191,,,15R205,,,,,,0,0,000000000,00000000000,0,0,0,1,0,0,0,0,0,0,0,100,0,1,5,0,6,2,1,0,0,0,1,56,82520,0,0,0,0,0,0,999,999,0,0,0,0,0,0,0,0,0,1,0,0,0,0,1,2,55,2,1,2,1,0,0,14,11,1,2,4,2,1,0
56,560110,1,1,2,21,12,1,10,1,0,1,0,8,1,23,481,23481,31,1998,2GTEK19R5W15,2,G,T,E,K,1,9,R,5,W,1,5,0,T,GMC,SK1,PC,98,17,,2,1555,1415,SIE,G,,,8,350,,,,B,4561,00,U,44,0,0,000000000,00000000000,0,0,0,1,0,0,0,0,0,0,0,70,0,1,5,0,6,2,1,0,0,0,1,8,81625,2,1,0,0,2,0,71,165,0,3,1,1,0,11,2011,3,2012,0,0,0,0,0,1,2,55,2,1,2,1,0,0,14,12,7,2,4,7,1,1
56,560111,1,2,2,4,7,16,47,12,98,1,0,6,1,59,31,59031,4,2004,JTHBA30G5450,J,T,H,B,A,3,0,G,5,4,5,0,0,P,LEXS,E33,4D,4,17,3460,,0,1071,,G,,F,6,201,,,16R215,,,,,,0,0,000000000,00000000000,0,0,0,1,0,0,0,0,0,0,0,49,0,0,0,12,6,2,12,99,99,0,1,6,90277,6,1,0,0,3,3,68,160,0,0,0,0,0,0,0,0,0,1,28,0,0,0,1,2,35,3,6,2,1,0,0,14,10,99,9,2,50,1,0
56,560111,2,2,2,4,7,16,47,12,98,1,0,8,1,48,34,48034,6,1995,4S3BK6358S63,4,S,3,B,K,6,3,5,8,S,6,3,0,P,SUBA,UOB,SW,95,17,2890,,0,1035,,G,,F,4,135,,,14R185,,,,,,0,0,000000000,00000000000,0,0,0,1,0,0,0,0,0,0,0,998,0,0,0,12,6,2,12,99,99,0,1,8,80302,6,1,0,0,3,0,70,140,0,0,0,0,0,0,0,0,0,0,0,0,0,0,1,2,35,2,5,2,1,0,0,14,62,9,1,1,51,0,0
56,560112,1,2,1,14,8,16,55,12,2,1,0,22,1,23,421,23421,15,2007,1GKFC13J67R2,1,G,K,F,C,1,3,J,6,7,R,2,0,T,GMC,YUK,4W,7,17,,2,0,1160,YUK,G,,,8,323,,,,B,5443,00,4,42,0,0,000000000,00000000000,0,0,0,1,0,0,0,0,0,0,0,998,0,0,0,12,6,2,12,0,0,0,1,22,70032,6,1,0,0,3,3,66,185,0,0,0,0,0,0,0,0,0,0,28,0,0,0,1,2,45,1,5,2,1,0,0,1,10,1,1,2,50,0,0
56,560112,2,2,1,14,8,16,55,12,2,1,0,56,1,72,706,72706,80,2006,1HD1BVB196Y0,1,H,D,1,B,V,B,1,9,6,Y,0,0,M,HD,FTI,RS,6,17,,,,,,,1450,,2,,4,651,,,,,,,0,0,000000000,00000000000,0,0,0,1,0,0,0,0,0,0,0,998,0,0,0,12,6,2,12,0,0,0,1,56,82732,6,1,0,0,3,0,64,170,0,0,0,1,0,9,2011,9,2011,0,0,0,0,0,1,2,45,1,5,2,1,0,0,1,54,1,1,1,51,1,0
56,560113,1,2,7,20,8,15,16,12,2,1,0,6,4,7,442,7442,20,2012,2C4RDGCG2CR3,2,C,4,R,D,G,C,G,2,C,R,3,0,P,DODG,CAR,SV,12,17,4483,,0,1212,,F,,F,6,220,,,16R235,,,,,,0,0,000000000,00000000000,0,0,0,1,0,0,0,0,0,0,0,998,0,0,0,12,6,2,12,0,0,0,1,95,0,6,1,0,0,9,9,999,999,99,99,99,99,99,99,9999,99,9999,0,28,0,0,0,1,2,45,4,1,2,1,0,0,14,10,1,1,2,50,1,0
56,560113,2,2,2,20,8,15,16,12,2,1,0,6,1,37,31,37031,4,2004,1HGES16354L0,1,H,G,E,S,1,6,3,5,4,L,0,0,P,HOND,UDV,4D,4,17,2544,,0,1031,,G,,F,4,102,,,14R185,,,,,,0,0,000000000,00000000000,0,0,0,1,0,0,0,0,0,0,0,998,0,0,0,12,6,2,12,0,0,0,1,6,92508,6,1,0,0,9,9,999,999,99,99,99,99,99,99,9999,99,9999,0,0,0,0,0,1,2,45,4,1,2,1,0,0,14,54,1,1,1,51,0,0