STATE,ST_CASE,VEH_NO,VE_FORMS,NUMOCCS,DAY,MONTH,HOUR,MINUTE,HARM_EV,MAN_COLL,UNITTYPE,HIT_RUN,REG_STAT,OWNER,MAKE,MODEL,MAK_MOD,BODY_TYP,MOD_YEAR,VIN,VIN_1,VIN_2,VIN_3,VIN_4,VIN_5,VIN_6,VIN_7,VIN_8,VIN_9,VIN_10,VIN_11,VIN_12,TOW_VEH,VINTYPE,VINMAKE,VINA_MOD,VIN_BT,VINMODYR,VIN_LNGT,VIN_WGT,WGTCD_TR,WHLBS_LG,WHLBS_SH,SER_TR,FUELCODE,MCYCL_DS,CARBUR,CYLINDER,DISPLACE,MCYCL_CY,MCYCL_WT,TIRE_SZE,TON_RAT,TRK_WT,TRKWTVAR,VIN_REST,WHLDRWHL,J_KNIFE,MCARR_I1,MCARR_I2,MCARR_ID,GVWR,V_CONFIG,CARGO_BT,HAZ_INV,HAZ_PLAC,HAZ_ID,HAZ_CNO,HAZ_REL,BUS_USE,SPEC_USE,EMER_USE,TRAV_SP,UNDERIDE,ROLLOVER,ROLINLOC,IMPACT1,DEFORMED,TOWED,M_HARM,VEH_SC1,VEH_SC2,FIRE_EXP,DR_PRES,L_STATE,DR_ZIP,L_STATUS,L_TYPE,CDL_STAT,L_ENDORS,L_COMPL,L_RESTRI,DR_HGT,DR_WGT,PREV_ACC,PREV_SUS,PREV_DWI,PREV_SPD,PREV_OTH,FIRST_MO,FIRST_YR,LAST_MO,LAST_YR,SPEEDREL,DR_SF1,DR_SF2,DR_SF3,DR_SF4,VTRAFWAY,VNUM_LAN,VSPD_LIM,VALIGN,VPROFILE,VPAVETYP,VSURCOND,VTRAFCON,VTCONT_F,P_CRASH1,P_CRASH2,P_CRASH3,PCRASH4,PCRASH5,ACC_TYPE,DEATHS,DR_DRINK
6,60305,1,1,2,24,2,23,50,42,0,1,0,6,2,9,20,9020,4,1995,3P3ES67C4ST5,3,P,3,E,S,6,7,C,4,S,T,5,0,P,PLYM,NES,4D,95,17,2493,,0,1040,,G,,F,4,122,,,14R185,,,,,,0,0,000000000,00000000000,0,0,0,1,0,0,0,0,0,0,0,999,0,0,0,12,6,2,42,0,0,0,1,6,95476,6,1,0,0,3,0,71,200,0,0,0,1,8,2,2011,9,2011,1,24,0,0,0,1,2,55,1,1,2,1,0,0,1,6,2,1,4,1,2,1
6,60306,1,1,2,24,2,13,25,43,0,1,0,6,1,42,42,42042,4,2010,WDDGF5EB6AR1,W,D,D,G,F,5,E,B,6,A,R,1,0,P,MERZ,C30,4D,10,17,3527,,0,1087,,G,,F,6,183,,,17R225,,,,,,0,0,000000000,00000000000,0,0,0,1,0,0,0,0,0,0,0,70,0,1,6,62,6,2,8,0,0,0,1,6,94102,6,1,0,0,3,3,59,145,0,0,0,0,0,0,0,0,0,0,48,0,0,0,1,2,35,2,1,2,1,0,0,14,12,1,1,4,6,0,0
6,60307,1,1,1,25,2,0,22,24,0,1,0,6,1,49,482,49482,31,2004,5TBRN34124S4,5,T,B,R,N,3,4,1,2,4,S,4,0,T,TOYT,TT5,4C,4,17,,1,0,1283,TUN,G,,,6,206,,,,B,4160,00,U,42,0,0,000000000,00000000000,0,0,0,1,0,0,0,0,0,0,0,70,0,1,3,12,6,2,24,0,0,0,1,6,93274,6,1,0,0,3,3,61,125,0,0,0,0,0,0,0,0,0,0,48,24,0,0,3,2,70,1,1,2,1,0,0,1,12,7,4,4,7,1,1
6,60308,1,2,2,25,2,7,40,12,6,1,0,6,1,54,38,54038,3,2003,JH4DC54883C0,J,H,4,D,C,5,4,8,8,3,C,0,0,P,ACUR,RSX,2H,3,17,2771,,0,1012,,G,,F,4,122,,,16R205,,,,,,0,0,000000000,00000000000,0,0,0,1,0,0,0,0,0,0,0,53,0,0,0,81,6,2,12,0,0,0,1,6,90026,6,1,0,0,3,0,62,110,0,0,0,0,0,0,0,0,0,0,48,0,0,0,1,2,55,3,6,2,1,0,0,14,10,6,4,6,64,1,0
6,60308,2,2,1,25,2,7,40,12,6,1,0,6,2,53,34,53034,4,2006,KL5JD56Z46K3,K,L,5,J,D,5,6,Z,4,6,K,3,0,P,SUZI,FZB,4D,6,17,2701,,0,1024,,G,,F,4,122,,,15R195,,,,,,0,0,000000000,00000000000,0,0,0,1,0,0,0,0,0,0,0,55,0,0,0,12,6,2,12,0,0,0,1,6,92591,6,1,0,0,3,0,70,230,0,0,0,0,0,0,0,0,0,0,0,0,0,0,1,2,55,2,5,2,1,0,0,14,62,7,1,1,65,0,0
6,60309,1,1,1,25,2,11,44,41,0,1,0,6,1,76,706,76706,80,2006,JYARN15E26A0,J,Y,A,R,N,1,5,E,2,6,A,0,0,M,YAMA,YFR,RC,6,17,,,,,,,998,,4,,4,381,,,,,,,0,0,000000000,00000000000,0,0,0,1,0,0,0,0,0,0,0,80,0,0,0,98,6,2,35,0,0,0,1,6,93551,6,1,0,0,3,3,78,270,1,0,0,0,0,7,2009,7,2009,1,0,0,0,0,1,2,55,3,6,2,1,0,0,14,6,2,1,4,1,1,0
6,60310,1,2,2,25,2,16,12,12,6,1,0,6,1,24,2,24002,2,1998,1G8ZG1271WZ1,1,G,8,Z,G,1,2,7,1,W,Z,1,0,P,STRN,SC2,CP,98,17,0,,0,1024,,G,,F,4,116,,,15R195,,,,,,0,0,000000000,00000000000,0,0,0,1,0,0,0,0,0,0,0,998,0,0,0,9,6,2,12,0,0,0,1,6,91402,3,1,0,0,2,0,63,135,0,0,0,0,0,0,0,0,0,0,38,0,0,0,1,2,25,1,1,2,1,20,3,1,17,1,1,1,89,1,0
6,60310,2,2,1,25,2,16,12,12,6,1,0,6,1,6,51,6051,4,1999,2C3HE66G5XH7,2,C,3,H,E,6,6,G,5,X,H,7,0,P,CHRY,30M,4D,99,17,3474,,0,1130,,G,,F,6,215,,,17R225,,,,,,0,0,000000000,00000000000,0,0,0,1,0,0,0,0,0,0,0,998,0,0,0,12,6,2,12,0,0,0,1,6,93591,6,1,0,0,3,3,62,170,0,0,0,1,0,8,2011,8,2011,0,0,0,0,0,1,4,40,1,1,2,1,0,0,1,66,2,1,1,88,0,0
6,60311,1,1,1,25,2,21,25,8,0,1,0,6,1,37,31,37031,4,2004,JHMES96614S0,J,H,M,E,S,9,6,6,1,4,S,0,0,P,HOND,CHY,4D,4,17,2732,,0,1032,,B,,F,4,082,,,14R185,,,,,,0,0,000000000,00000000000,0,0,0,1,0,0,0,0,0,0,0,30,0,0,0,12,4,3,8,36,0,0,1,6,92103,6,1,0,0,3,3,68,138,1,0,0,0,0,7,2009,7,2009,0,38,0,0,0,5,2,30,1,5,8,1,28,3,1,80,1,1,1,13,0,0
6,60312,1,1,1,21,2,22,34,8,0,1,0,6,1,55,33,55033,4,2005,KMHWF35H45A1,K,M,H,W,F,3,5,H,4,5,A,1,0,P,HYUN,SGX,4D,5,17,3254,,0,1063,,G,,F,6,162,,,16R205,,,,,,0,0,000000000,00000000000,0,0,0,1,0,0,0,0,0,0,0,998,0,0,0,12,6,4,8,0,0,0,1,6,90603,6,1,0,0,3,3,67,225,0,1,0,1,1,11,2009,7,2011,0,0,0,0,0,5,4,40,1,8,2,1,0,0,1,80,99,1,1,13,0,0
6,60313,1,1,1,25,2,23,50,59,0,1,0,6,1,20,37,20037,4,2001,1G1NE52J0162,1,G,1,N,E,5,2,J,0,1,6,2,0,P,CHEV,M/L,4D,1,17,3051,,0,1070,,G,,F,6,191,,,15R215,,,,,,0,0,000000000,00000000000,0,0,0,1,0,0,0,0,0,0,0,65,0,0,0,12,6,2,14,0,0,0,1,12,92335,6,1,0,0,3,3,68,165,0,0,0,1,0,3,2010,3,2010,1,0,0,0,0,3,4,65,1,8,8,1,40,3,1,13,1,1,4,1,1,1
6,60314,1,1,1,26,2,1,5,24,0,1,0,6,1,49,472,49472,30,2004,5TEWN72N94Z3,5,T,E,W,N,7,2,N,9,4,Z,3,0,T,TOYT,XTR,PC,4,17,,1,0,1219,TAC,G,,,6,206,,,,B,3515,00,U,44,0,0,000000000,00000000000,0,0,0,1,0,0,0,0,0,0,0,999,0,1,5,12,6,2,24,0,0,0,1,6,95472,6,1,0,0,3,0,69,175,0,0,0,0,0,0,0,0,0,0,48,0,0,0,1,2,55,2,8,2,1,0,0,14,12,3,2,4,10,1,1
6,60315,1,1,4,26,2,99,99,59,0,1,0,6,1,37,401,37401,14,2002,4S6CK58W4244,4,S,6,C,K,5,8,W,4,2,4,4,0,P,HOND,PAS,UT,2,17,3816,,0,1064,,G,,F,6,193,,,16R225,,,,,,0,0,000000000,00000000000,0,0,0,1,0,0,0,0,0,0,0,999,0,1,6,98,6,2,1,0,0,0,1,6,93905,0,0,0,0,0,0,64,180,0,0,0,0,0,0,0,0,0,0,48,0,0,0,1,2,45,2,6,1,1,0,0,14,12,1,1,4,6,1,1
6,60316,1,3,1,6,3,18,19,12,1,1,0,6,1,55,35,55035,4,2002,KMHDN45D22U4,K,M,H,D,N,4,5,D,2,2,U,4,0,P,HYUN,EST,4D,2,17,2635,,0,1027,,G,,F,4,121,,,15R195,,,,,,0,0,000000000,00000000000,0,0,0,1,0,0,0,0,0,0,0,998,0,0,0,12,6,2,12,0,0,0,1,6,92117,6,1,0,0,3,0,64,135,1,0,0,0,0,12,2010,12,2010,1,85,0,0,0,2,2,45,1,5,1,1,3,3,1,50,1,1,2,20,0,0
6,60316,2,3,1,6,3,18,19,12,1,1,0,6,1,49,43,49043,4,1999,4T1BF18B0XU3,4,T,1,B,F,1,8,B,0,X,U,3,0,P,TOYT,UVS,4D,99,17,3340,,0,1071,,G,,F,6,183,,,15R205,,,,,,0,0,000000000,00000000000,0,0,0,1,0,0,0,0,0,0,0,0,0,0,0,6,6,2,12,0,0,0,1,6,92111,6,1,0,0,3,0,67,200,0,0,0,0,0,0,0,0,0,0,0,0,0,0,2,2,45,1,5,1,1,0,0,5,53,1,1,1,21,1,0
6,60316,3,3,2,6,3,18,19,12,1,1,0,6,1,52,40,52040,4,2003,6MMAP67P63T0,6,M,M,A,P,6,7,P,6,3,T,0,0,P,MITS,DLS,4D,3,17,3439,,0,1071,,G,,F,6,213,,,16R215,,,,,,0,0,000000000,00000000000,0,0,0,1,0,0,0,0,0,0,0,0,0,0,0,6,6,2,12,0,0,0,1,6,92117,6,1,0,0,3,3,64,130,0,0,0,0,0,0,0,0,0,0,0,0,0,0,2,2,45,1,5,1,1,0,0,5,53,1,1,1,98,0,0
6,60317,1,3,1,31,1,10,45,12,2,1,0,6,1,49,32,49032,4,2007,1NXBR32EX7Z7,1,N,X,B,R,3,2,E,X,7,Z,7,0,P,TOYT,UCS,4D,7,17,2530,,0,1024,,G,,F,4,109,,,15R185,,,,,,0,0,000000000,00000000000,0,0,0,1,0,0,0,0,0,0,0,53,0,0,0,12,6,2,12,32,0,0,1,6,92392,6,1,0,0,3,0,62,125,0,0,0,0,1,9,2010,9,2010,0,51,0,0,0,3,3,70,1,1,2,1,0,0,98,98,1,1,1,52,1,0
6,60317,2,3,1,31,1,10,45,12,2,1,0,6,1,19,5,19005,2,1993,1G6EL12B0PU6,1,G,6,E,L,1,2,B,0,P,U,6,0,P,CADI,ELD,CP,93,17,3518,,0,1080,,G,,F,8,300,,,16R225,,,,,,0,0,000000000,00000000000,0,0,0,1,0,0,0,0,0,0,0,65,0,0,0,12,6,2,12,0,0,0,1,6,92342,6,1,6,0,3,3,72,265,0,0,0,0,0,0,0,0,0,0,0,0,0,0,3,3,70,1,1,2,1,0,0,1,54,2,1,1,52,1,0
6,60317,3,3,2,31,1,10,45,12,2,1,0,47,1,49,442,49442,20,2006,999999999999,9,9,9,9,9,9,9,9,9,9,9,9,0,,,,,,,,,,,,,,,,,,,,,,,,,0,0,000000000,00000000000,0,0,0,1,0,0,0,0,0,0,0,65,0,0,0,1,4,1,12,0,0,0,1,47,38014,6,1,0,0,3,0,63,135,0,0,0,0,0,0,0,0,0,0,0,0,0,0,3,3,70,1,1,2,1,0,0,1,60,1,1,1,98,0,0
6,60318,1,7,1,31,1,17,55,8,0,1,0,6,1,7,481,7481,31,1987,1B7HW04T8HS5,1,B,7,H,W,0,4,T,8,H,S,5,0,T,DODG,W10,PK,87,17,,2,1310,1150,W10,G,,,8,318,,,,B,3978,01,A,44,0,0,000000000,00000000000,0,0,0,1,0,0,0,0,0,0,0,55,0,0,0,12,4,1,8,0,0,0,1,6,95589,6,1,0,0,3,0,71,205,0,0,0,0,1,9,2011,9,2011,0,0,0,0,0,3,2,65,1,1,2,1,0,0,1,80,1,1,1,13,0,0
6,60318,2,7,1,31,1,17,55,8,0,1,0,6,1,48,34,48034,6,2011,4S4BRBGC7B33,4,S,4,B,R,B,G,C,7,B,3,3,0,P,SUBA,O2P,SW,11,17,3428,,0,1079,,G,,F,4,150,,,17R225,,,,,,0,0,000000000,00000000000,0,0,0,1,0,0,0,0,0,0,0,60,0,0,0,14,0,1,18,0,0,0,1,6,95503,6,1,0,0,3,3,65,210,1,0,0,0,0,12,2010,12,2010,0,0,0,0,0,3,2,65,1,1,2,1,0,0,1,90,1,1,1,98,0,0
6,60318,3,7,1,31,1,17,55,8,0,1,0,6,1,48,45,48045,6,2005,4S4BP61CX573,4,S,4,B,P,6,1,C,X,5,7,3,0,P,SUBA,LOI,SW,5,17,3310,,0,1051,,G,,F,4,152,,,16R225,,,,,,0,0,000000000,00000000000,0,0,0,1,0,0,0,0,0,0,0,55,0,0,0,14,0,1,18,0,0,0,1,6,95553,6,1,0,0,3,0,72,215,0,0,0,0,0,0,0,0,0,0,0,0,0,0,3,2,65,1,1,2,1,0,0,1,90,1,1,1,98,0,0
6,60318,4,7,1,31,1,17,55,8,0,1,0,6,1,42,48,42048,4,2003,WDBUF65J83A1,W,D,B,U,F,6,5,J,8,3,A,1,0,P,MERZ,E32,4D,3,17,3515,,0,1123,,G,,F,6,195,,,16R225,,,,,,0,0,000000000,00000000000,0,0,0,1,0,0,0,0,0,0,0,65,0,0,0,14,0,1,18,0,0,0,1,6,95536,6,1,8,0,3,0,64,145,0,0,0,0,0,0,0,0,0,0,0,0,0,0,3,2,65,1,1,2,1,0,0,1,90,1,1,1,98,0,0
6,60318,5,7,1,31,1,17,55,8,0,1,0,6,1,30,47,30047,1,2005,3VWCD31Y35M3,3,V,W,C,D,3,1,Y,3,5,M,3,0,P,VOLK,NGS,CV,5,17,3091,,0,989,,G,,T,4,109,,,16R205,,,,,,0,0,000000000,00000000000,0,0,0,1,0,0,0,0,0,0,0,55,0,0,0,14,0,1,18,0,0,0,1,6,95547,6,1,0,0,3,3,68,135,0,0,0,0,0,0,0,0,0,0,0,0,0,0,3,2,65,1,1,2,1,0,0,1,90,1,1,1,98,0,0
6,60318,6,7,1,31,1,17,55,8,0,1,0,6,2,37,32,37032,4,2006,1HGCM56446A1,1,H,G,C,M,5,6,4,4,6,A,1,0,P,HOND,ULX,4D,6,17,3201,,0,1079,,G,,F,4,146,,,15R205,,,,,,0,0,000000000,00000000000,0,0,0,1,0,0,0,0,0,0,0,65,0,0,0,12,2,1,18,0,0,0,1,6,95503,6,1,0,0,3,0,61,104,1,0,0,0,0,4,2010,4,2010,0,0,0,0,0,3,2,65,1,1,2,1,0,0,1,90,1,1,1,98,0,0
6,60318,7,7,1,31,1,17,55,8,0,1,0,6,1,37,31,37031,2,2000,1HGEJ8247YL0,1,H,G,E,J,8,2,4,7,Y,L,0,0,P,HOND,UAX,CP,0,17,2560,,0,1032,,G,,F,4,097,,,14R185,,,,,,0,0,000000000,00000000000,0,0,0,1,0,0,0,0,0,0,0,60,0,0,0,14,0,1,18,0,0,0,1,6,95521,6,1,0,0,3,3,71,175,0,0,0,0,1,2,2010,2,2010,0,0,0,0,0,3,2,65,1,1,2,1,0,0,1,90,1,1,1,98,0,0
6,60319,1,1,1,11,2,1,50,1,0,1,0,4,2,34,37,34037,4,2002,WBAGN634X2DR,W,B,A,G,N,6,3,4,X,2,D,R,0,P,BMW,45L,4D,2,17,4464,,0,1232,,G,,F,8,268,,,18R245,,,,,,0,0,000000000,00000000000,0,0,0,1,0,0,0,0,0,0,0,70,0,1,3,0,6,2,1,0,0,0,1,4,85037,6,1,0,0,3,0,67,175,0,3,0,0,0,10,2010,11,2010,0,48,0,0,0,2,2,70,1,8,2,1,0,0,1,13,1,4,4,7,1,1
6,60320,1,2,1,12,2,0,5,8,0,1,1,99,9,99,999,99999,99,9999,999999999999,9,9,9,9,9,9,9,9,9,9,9,9,0,,,,,,,,,,,,,,,,,,,,,,,,,0,0,000000000,00000000000,0,0,0,1,0,0,0,0,0,0,0,999,0,0,0,14,9,1,8,99,99,0,1,99,99999,9,9,99,9,9,9,999,999,99,99,99,99,99,99,9999,99,9999,0,99,99,99,99,1,4,45,1,1,2,1,0,0,1,80,1,1,1,98,0,0
6,60320,2,2,1,12,2,0,5,8,0,1,0,6,2,7,442,7442,20,2006,1D4GP25R16B7,1,D,4,G,P,2,5,R,1,6,B,7,0,P,DODG,CAR,SV,6,17,3821,,0,1133,,G,,F,6,201,,,15R215,,,,,,0,0,000000000,00000000000,0,0,0,1,0,0,0,0,0,1,0,998,0,0,0,12,4,3,8,0,0,0,1,6,91206,6,1,0,0,3,0,65,180,0,0,0,0,0,0,0,0,0,0,0,0,0,0,1,4,45,1,1,2,1,0,0,1,80,1,1,1,13,0,0
6,60321,1,1,1,18,2,2,28,8,0,1,0,6,2,34,401,34401,14,2002,5UXFB33562LH,5,U,X,F,B,3,3,5,6,2,L,H,0,P,BMW,BX5,UT,2,17,4824,,0,1110,,G,,F,8,268,,,18R255,,,,,,0,0,000000000,00000000000,0,0,0,1,0,0,0,0,0,0,0,998,0,0,0,14,0,3,8,0,0,0,1,6,95032,6,1,0,0,3,0,73,225,0,0,0,0,0,0,0,0,0,0,0,0,0,0,5,4,40,1,1,1,1,0,0,1,80,1,1,1,13,0,1
6,60322,1,3,2,4,3,12,40,12,1,1,0,6,2,37,31,37031,4,2003,2HGES25793H5,2,H,G,E,S,2,5,7,9,3,H,5,0,P,HOND,UAX,4D,3,17,2601,,0,1031,,G,,F,4,102,,,15R185,,,,,,0,0,000000000,00000000000,0,0,0,1,0,0,0,0,0,0,0,55,0,0,0,12,6,2,12,0,0,0,1,6,92065,6,1,0,0,3,0,70,135,0,0,0,0,0,0,0,0,0,1,48,0,0,0,1,2,55,1,1,2,1,0,0,1,50,8,1,1,20,0,0
6,60322,2,3,2,4,3,12,40,12,1,1,0,6,1,49,46,49046,5,2008,JTDKB20U5877,J,T,D,K,B,2,0,U,5,8,7,7,0,P,TOYT,PRI,4H,8,17,2932,,0,1063,,B,,F,4,091,,,15R185,,,,,,0,0,000000000,00000000000,0,0,0,1,0,0,0,0,0,0,0,0,0,0,0,6,4,3,12,36,0,0,1,6,92103,6,1,0,0,3,3,62,120,1,0,0,0,0,2,2011,2,2011,0,0,0,0,0,1,2,55,1,1,2,1,0,0,5,53,1,1,1,22,0,0
6,60322,3,3,1,4,3,12,40,12,1,1,0,6,1,98,706,98706,80,2003,1A9TX0229313,1,A,9,T,X,0,2,2,9,3,1,3,0,U,,,,3,17,,,,,,,,,,,,,,,,,,,0,0,000000000,00000000000,0,0,0,1,0,0,0,0,0,0,0,998,0,0,0,12,6,2,12,0,0,0,1,6,92011,6,1,0,0,3,0,70,175,0,0,0,0,0,0,0,0,0,0,0,0,0,0,1,2,55,1,1,2,1,0,0,1,62,1,1,1,98,1,0
6,60323,1,2,1,4,3,22,7,12,2,1,0,6,2,20,441,20441,20,1998,1GNDM19W8WB1,1,G,N,D,M,1,9,W,8,W,B,1,0,T,CHEV,AST,ES,98,17,,1,0,1112,AST,G,,,6,262,,,,B,4427,00,,42,0,0,000000000,00000000000,0,0,0,1,0,0,0,0,0,0,0,999,0,0,0,12,6,2,12,0,0,0,1,6,93702,0,0,0,0,0,0,65,145,0,0,0,0,0,0,0,0,0,0,28,0,0,0,1,2,55,1,1,2,1,0,0,1,10,1,1,2,50,0,1
6,60323,2,2,2,4,3,22,7,12,2,1,0,6,1,20,16,20016,4,1995,1G1JC5243S71,1,G,1,J,C,5,2,4,3,S,7,1,0,P,CHEV,CAV,4D,95,17,2676,,0,1041,,G,,F,4,133,,,14R195,,,,,,0,0,000000000,00000000000,0,0,0,1,0,0,0,0,0,0,0,999,0,0,0,12,6,2,12,0,0,0,1,6,93630,6,1,0,0,3,0,66,170,0,0,0,0,0,0,0,0,0,0,0,0,0,0,1,2,55,1,1,2,1,0,0,1,62,1,1,1,51,1,0
6,60324,1,2,1,4,3,22,12,12,1,1,0,6,3,85,881,85881,66,2009,1XKDD49X99R2,1,X,K,D,D,4,9,X,9,9,R,2,2,T,KW,T80,TR,9,17,,8,2600,1600,CON,D,,,6,915,,,,,00000,00,,64,1,57,2065318,572065318,3,7,3,1,0,0,0,0,0,0,0,25,0,0,0,6,2,1,12,0,0,0,1,6,92503,6,1,6,1,3,0,74,280,0,0,0,0,1,5,2010,5,2010,0,0,0,0,0,2,3,70,1,5,1,1,0,0,1,53,1,1,1,25,0,0
6,60324,2,2,3,4,3,22,12,12,1,1,0,6,4,35,47,35047,4,2012,1N4AL2AP1CN4,1,N,4,A,L,2,A,P,1,C,N,4,0,P,NISS,ATS,4D,12,17,3180,,0,1093,,G,,F,4,153,,,16R215,,,,,,0,0,000000000,00000000000,0,0,0,1,0,0,0,0,0,0,0,73,0,0,0,12,6,2,12,0,0,0,1,32,89121,6,1,0,0,3,3,65,140,0,0,0,0,0,0,0,0,0,1,0,0,0,0,2,3,70,1,5,1,1,0,0,1,51,1,1,1,24,2,0
6,60325,1,1,1,5,3,14,59,15,0,1,0,6,1,20,37,20037,4,2005,1G1ZT54825F1,1,G,1,Z,T,5,4,8,2,5,F,1,0,P,CHEV,M/L,4D,5,17,3297,,0,1063,,G,,F,6,214,,,15R205,,,,,,0,0,000000000,00000000000,0,0,0,1,0,0,0,0,0,0,0,998,0,0,0,12,2,3,15,0,0,0,1,6,93309,6,1,0,0,3,0,66,120,0,2,0,0,1,5,2009,12,2010,0,48,0,0,0,2,2,45,1,1,2,1,0,0,1,83,99,1,1,13,0,0
6,60326,1,1,1,5,3,18,24,8,0,1,1,6,1,35,471,35471,30,1997,1N6SD16S6VC3,1,N,6,S,D,1,6,S,6,V,C,3,0,T,NISS,KSX,PC,97,17,,1,0,1161,TRK,G,,,4,146,,,,B,2848,02,M,42,0,0,000000000,00000000000,0,0,0,1,0,0,0,0,0,0,0,998,0,0,0,12,2,3,8,0,0,0,1,6,93306,6,1,0,0,3,0,64,193,0,0,0,0,0,0,0,0,0,0,48,0,0,0,2,2,40,1,1,2,1,0,0,1,80,99,9,4,13,0,0
6,60327,1,2,2,24,2,13,13,12,2,1,0,92,0,37,709,37709,88,1966,C105-E044221,C,1,0,5,-,E,0,4,4,2,2,1,0,M,HOND,,,66,12,,,,,,,,,,,,,,,,,,,0,0,000000000,00000000000,0,0,0,1,0,0,0,0,0,0,0,17,0,0,0,12,6,2,12,0,0,0,1,6,96001,0,0,0,0,0,0,67,170,0,0,0,0,0,0,0,0,0,0,48,39,51,0,1,2,25,1,5,2,1,20,3,11,15,1,1,2,82,1,0
6,60327,2,2,2,24,2,13,13,12,2,1,0,6,1,20,481,20481,31,1995,1GCEK14H4SZ1,1,G,C,E,K,1,4,H,4,S,Z,1,0,T,CHEV,GK1,PK,95,17,,2,1315,1175,GM4,G,,,8,305,,,,B,4296,00,,44,0,0,000000000,00000000000,0,0,0,1,0,0,0,0,0,0,0,23,0,0,0,12,4,3,12,0,0,0,1,6,96001,6,1,0,0,3,0,69,155,1,0,0,0,0,9,2009,9,2009,0,0,0,0,0,1,2,25,1,5,2,1,0,0,1,67,1,1,1,83,0,0
6,60328,1,2,1,25,2,0,15,12,2,1,0,6,1,49,33,49033,2,1994,JT2AT00F2R00,J,T,2,A,T,0,0,F,2,R,0,0,0,P,TOYT,CSF,CP,94,17,2475,,0,999,,G,,F,4,108,,,14R185,,,,,,0,0,000000000,00000000000,0,0,0,1,0,0,0,0,0,0,0,998,0,0,0,12,6,2,12,0,0,0,1,6,95338,6,1,0,0,3,3,63,150,0,0,0,0,2,11,2009,3,2011,0,28,0,0,0,1,2,55,2,8,2,1,0,0,14,10,1,1,2,50,1,0
6,60328,2,2,1,25,2,0,15,12,2,1,0,6,2,49,40,49040,4,2006,4T1BE32K46U7,4,T,1,B,E,3,2,K,4,6,U,7,0,P,TOYT,UXS,4D,6,17,3108,,0,1071,,G,,F,4,144,,,15R205,,,,,,0,0,000000000,00000000000,0,0,0,1,0,0,0,0,0,0,0,60,0,0,0,12,6,2,12,0,0,0,1,6,95338,6,1,0,0,3,3,66,135,0,0,0,0,0,0,0,0,0,0,0,0,0,0,1,2,55,3,8,2,1,0,0,14,62,7,1,1,51,0,0
6,60329,1,3,1,8,3,20,16,12,6,1,0,93,1,82,881,82881,66,2007,1FUBA6CG77LY,1,F,U,B,A,6,C,G,7,7,L,Y,2,T,FRHT,COL,TR,7,17,,8,0,0,CON,D,,,6,774,,,,,00000,00,,42,1,57,1710004,571710004,3,7,2,1,0,0,0,0,0,0,0,50,0,1,6,12,6,2,12,0,0,0,1,6,93212,6,1,3,1,3,0,70,190,0,0,0,0,0,0,0,0,0,0,39,0,0,0,1,2,55,1,1,2,1,20,3,1,17,1,1,1,88,0,0
6,60329,2,3,1,8,3,20,16,12,6,1,0,6,1,52,37,52037,3,2006,4A3AK34T86E0,4,A,3,A,K,3,4,T,8,6,E,0,0,P,MITS,ECG,2H,6,17,3472,,0,1014,,G,,F,6,233,,,17R225,,,,,,0,0,000000000,00000000000,0,0,0,1,0,0,0,0,0,0,0,998,0,0,0,61,6,2,12,0,0,0,1,6,93306,6,1,0,0,3,0,68,120,0,0,0,0,0,0,0,0,0,0,0,0,0,0,1,2,55,1,1,2,1,20,3,1,66,1,1,1,89,1,0
6,60329,3,3,2,8,3,20,16,12,6,1,0,6,2,20,22,20022,4,2005,1G1AK52FX576,1,G,1,A,K,5,2,F,X,5,7,6,0,P,CHEV,CBT,4D,5,17,3216,,0,1033,,G,,F,4,134,,,15R195,,,,,,0,0,000000000,00000000000,0,0,0,1,0,0,0,0,0,0,0,998,0,0,0,12,6,2,12,0,0,0,1,6,93306,6,1,0,0,3,0,63,150,0,0,0,0,0,0,0,0,0,0,0,0,0,0,1,2,55,1,1,2,1,20,3,2,17,1,1,1,98,0,0
6,60330,1,1,1,8,3,21,40,8,0,1,0,95,1,32,42,32042,9,2003,999999999999,9,9,9,9,9,9,9,9,9,9,9,9,0,,,,,,,,,,,,,,,,,,,,,,,,,0,0,000000000,00000000000,0,0,0,1,0,0,0,0,0,0,0,998,0,0,0,12,4,8,8,0,0,0,1,6,90048,6,1,0,0,3,0,66,115,0,0,0,0,1,2,2012,2,2012,0,0,0,0,0,1,4,30,1,1,2,1,0,0,1,80,1,1,1,13,0,1
6,60331,1,5,1,9,3,7,53,12,1,1,0,53,3,82,881,82881,66,2006,1FUJA6CK16PV,1,F,U,J,A,6,C,K,1,6,P,V,1,T,FRHT,COL,TR,6,17,,8,0,0,CON,D,,,6,855,,,,,00000,00,,64,3,57,008273,57008273,3,6,1,1,0,0,0,0,0,0,0,55,0,0,0,12,6,2,12,0,0,0,1,4,85281,6,1,6,0,3,3,72,275,0,0,0,2,0,7,2010,9,2010,1,0,0,0,0,3,3,70,3,1,1,1,0,0,14,52,8,1,1,28,0,0
6,60331,2,5,1,9,3,7,53,12,1,1,0,93,3,87,881,87881,66,2005,1XP7DB9X45D8,1,X,P,7,D,B,9,X,4,5,D,8,1,T,PTRB,387,TR,5,17,,8,0,0,CON,D,,,6,893,,,,,00000,00,,64,1,57,1744116,571744116,3,6,1,1,0,0,0,0,0,0,0,37,0,0,0,6,4,1,12,0,0,0,1,36,93638,6,1,6,0,3,0,74,200,0,0,0,0,3,4,2010,12,2010,0,89,0,0,0,3,3,70,3,1,1,1,0,0,2,53,1,1,1,98,0,0