STATE,ST_CASE,VEH_NO,VE_FORMS,NUMOCCS,DAY,MONTH,HOUR,MINUTE,HARM_EV,MAN_COLL,UNITTYPE,HIT_RUN,REG_STAT,OWNER,MAKE,MODEL,MAK_MOD,BODY_TYP,MOD_YEAR,VIN,VIN_1,VIN_2,VIN_3,VIN_4,VIN_5,VIN_6,VIN_7,VIN_8,VIN_9,VIN_10,VIN_11,VIN_12,TOW_VEH,VINTYPE,VINMAKE,VINA_MOD,VIN_BT,VINMODYR,VIN_LNGT,VIN_WGT,WGTCD_TR,WHLBS_LG,WHLBS_SH,SER_TR,FUELCODE,MCYCL_DS,CARBUR,CYLINDER,DISPLACE,MCYCL_CY,MCYCL_WT,TIRE_SZE,TON_RAT,TRK_WT,TRKWTVAR,VIN_REST,WHLDRWHL,J_KNIFE,MCARR_I1,MCARR_I2,MCARR_ID,GVWR,V_CONFIG,CARGO_BT,HAZ_INV,HAZ_PLAC,HAZ_ID,HAZ_CNO,HAZ_REL,BUS_USE,SPEC_USE,EMER_USE,TRAV_SP,UNDERIDE,ROLLOVER,ROLINLOC,IMPACT1,DEFORMED,TOWED,M_HARM,VEH_SC1,VEH_SC2,FIRE_EXP,DR_PRES,L_STATE,DR_ZIP,L_STATUS,L_TYPE,CDL_STAT,L_ENDORS,L_COMPL,L_RESTRI,DR_HGT,DR_WGT,PREV_ACC,PREV_SUS,PREV_DWI,PREV_SPD,PREV_OTH,FIRST_MO,FIRST_YR,LAST_MO,LAST_YR,SPEEDREL,DR_SF1,DR_SF2,DR_SF3,DR_SF4,VTRAFWAY,VNUM_LAN,VSPD_LIM,VALIGN,VPROFILE,VPAVETYP,VSURCOND,VTRAFCON,VTCONT_F,P_CRASH1,P_CRASH2,P_CRASH3,PCRASH4,PCRASH5,ACC_TYPE,DEATHS,DR_DRINK
6,60501,1,3,1,19,3,14,4,12,1,1,0,6,3,51,882,51882,66,1999,4VG7DEPGXXN7,4,V,G,7,D,E,P,G,X,X,N,7,1,T,VOLV,VVN,TR,99,17,,8,0,0,VVN,D,,,6,661,,,,,00000,00,,64,1,57,1626511,571626511,3,6,1,1,0,0,0,0,0,0,0,998,0,1,1,12,6,2,12,0,0,0,1,6,91326,6,1,6,0,3,0,71,165,0,0,0,0,1,10,2011,10,2011,1,0,0,0,0,1,2,55,1,1,2,1,20,3,1,50,1,1,1,20,1,0
6,60501,2,3,1,19,3,14,4,12,1,1,0,6,3,82,881,82881,66,2012,1FUJGEDV6CSB,1,F,U,J,G,E,D,V,6,C,S,B,1,T,FRHT,125,TR,12,17,,8,0,0,CSC,D,,,6,781,,,,,00000,00,,64,1,6,42708,0642708,3,6,1,1,0,0,0,0,0,0,0,0,0,0,0,6,6,2,12,0,0,0,1,6,93728,6,1,6,0,3,0,78,320,0,0,0,0,1,7,2010,7,2010,0,0,0,0,0,1,2,55,1,1,2,1,20,3,5,53,1,1,1,21,0,0
6,60501,3,3,3,19,3,14,4,12,1,1,0,6,3,12,481,12481,31,2004,1FDWW36S54EC,1,F,D,W,W,3,6,S,5,4,E,C,0,T,FORD,F3D,CH,4,17,,3,0,1760,DRW,G,,,10,415,,,,D,00000,00,E,42,0,0,000000000,00000000000,0,0,0,1,0,0,0,0,0,0,0,0,0,0,0,81,2,1,54,0,0,0,1,6,93212,6,1,0,0,3,0,67,135,2,0,0,2,0,9,2010,11,2011,0,0,0,0,0,1,2,55,1,1,2,1,20,3,1,98,2,1,1,98,0,0
6,60502,1,1,2,22,3,3,25,32,0,1,0,6,2,13,421,13421,15,2001,5LMFU28R11LJ,5,L,M,F,U,2,8,R,1,1,L,J,0,P,LINC,NAV,UT,1,17,5720,,0,1190,,G,,F,8,330,,,17R255,,,,,,0,0,000000000,00000000000,0,0,0,1,0,0,0,0,0,0,0,999,0,1,4,12,6,2,1,0,0,0,1,6,95667,6,1,0,0,3,0,73,175,0,0,0,0,0,0,0,0,0,0,48,0,0,0,1,2,50,2,2,2,1,0,0,14,13,1,1,4,1,1,1
6,60503,1,1,1,1,4,22,7,33,0,1,0,12,2,98,709,98709,80,2006,FLA62122,F,L,A,6,2,1,2,2,,,,,0,U,,,,6,8,,,,,,,,,,,,,,,,,,,0,0,000000000,00000000000,0,0,0,1,0,0,0,0,0,0,0,999,0,0,0,14,4,3,1,0,0,0,1,6,92399,6,1,0,0,2,3,72,200,0,0,0,0,0,0,0,0,0,0,0,0,0,0,1,2,40,1,1,2,1,0,0,1,13,1,1,4,1,1,1
6,60504,1,2,1,2,4,17,35,12,6,1,0,6,1,35,47,35047,4,2005,1N4AL11D15C3,1,N,4,A,L,1,1,D,1,5,C,3,0,P,NISS,ASL,4D,5,17,2915,,0,1102,,G,,F,4,153,,,16R215,,,,,,0,0,000000000,00000000000,0,0,0,1,0,0,0,0,0,0,0,65,0,0,0,61,6,2,12,0,0,0,1,6,95336,6,1,0,0,3,0,62,135,0,1,0,0,2,9,2010,1,2012,0,85,0,0,0,3,4,65,1,8,1,1,0,0,1,61,8,4,2,48,1,0
6,60504,2,2,2,2,4,17,35,12,6,1,0,6,2,7,472,7472,30,2000,1B7GL22N1YS7,1,B,7,G,L,2,2,N,1,Y,S,7,0,T,DODG,DAK,PC,0,17,,1,0,1309,DAK,G,,,8,287,,,,B,3494,00,U,42,0,0,000000000,00000000000,0,0,0,1,0,0,0,0,0,0,0,65,0,0,0,12,6,2,12,0,0,0,1,6,95376,1,1,0,0,2,0,72,180,0,1,0,0,0,3,2012,3,2012,0,0,0,0,0,3,4,65,1,8,1,1,0,0,1,61,8,1,2,48,0,0
6,60505,1,3,4,15,1,19,18,12,1,1,0,6,2,49,32,49032,4,2003,1NXBR32E33Z0,1,N,X,B,R,3,2,E,3,3,Z,0,0,P,TOYT,UCS,4D,3,17,2502,,0,1024,,G,,F,4,109,,,15R185,,,,,,0,0,000000000,00000000000,0,0,0,1,0,0,0,0,0,0,0,65,0,0,0,12,6,2,12,0,0,0,1,6,90807,6,1,0,0,3,0,60,115,0,1,0,0,0,3,2010,3,2010,0,48,0,0,0,6,2,65,1,1,1,2,0,0,1,12,1,1,4,98,0,1
6,60505,2,3,2,15,1,19,18,12,1,1,0,6,1,49,40,49040,4,1989,JT2SV22E1K33,J,T,2,S,V,2,2,E,1,K,3,3,0,P,TOYT,CLE,4D,89,17,2811,,0,1024,,G,,F,4,122,,,14R185,,,,,,0,0,000000000,00000000000,0,0,0,1,0,0,0,0,0,0,0,0,0,0,0,6,6,2,12,0,0,0,1,6,92662,6,1,0,0,3,0,62,179,0,0,0,0,0,0,0,0,0,0,0,0,0,0,6,2,65,1,1,1,2,0,0,5,98,1,1,5,98,1,0
6,60505,3,3,1,15,1,19,18,12,1,1,0,6,1,2,405,2405,14,2011,1J4PP2GK5BW5,1,J,4,P,P,2,G,K,5,B,W,5,0,T,JEEP,SPR,4W,11,17,,1,0,1061,LIB,G,,,6,225,,,,,3985,00,R,42,0,0,000000000,00000000000,0,0,0,1,0,0,0,0,0,0,0,58,0,0,0,12,4,3,12,0,0,0,1,6,92683,6,1,0,0,3,3,76,210,0,0,0,1,2,7,2010,9,2011,0,0,0,0,0,6,2,65,1,1,1,2,0,0,1,50,7,1,1,98,0,0
6,60506,1,2,8,16,1,13,33,12,6,1,0,6,1,12,422,12422,15,2000,1FMFU16L9YLB,1,F,M,F,U,1,6,L,9,Y,L,B,0,P,FORD,EPT,UT,0,17,5275,,0,1191,,G,,F,8,330,,,16R255,,,,,,0,0,000000000,00000000000,0,0,0,1,0,0,0,0,0,0,0,998,0,0,0,12,6,2,12,0,0,0,1,6,91320,6,1,0,0,3,0,66,125,0,0,0,0,0,0,0,0,0,0,39,0,0,0,3,2,45,1,1,2,1,3,3,1,17,1,1,1,69,0,0
6,60506,2,2,1,16,1,13,33,12,6,1,0,6,1,35,47,35047,4,1998,1N4DL01D9WC2,1,N,4,D,L,0,1,D,9,W,C,2,0,P,NISS,AGS,4D,98,17,2766,,0,1031,,G,,F,4,146,,,15R195,,,,,,0,0,000000000,00000000000,0,0,0,1,0,0,0,0,0,0,0,998,0,0,0,61,6,2,12,0,0,0,1,6,91320,6,1,0,0,3,3,66,125,0,0,0,0,0,0,0,0,0,0,0,0,0,0,1,5,35,1,1,2,1,3,3,11,66,1,1,1,68,1,0
6,60507,1,1,1,19,1,1,10,35,0,1,0,49,3,82,881,82881,66,2005,1FUJA6CK15LN,1,F,U,J,A,6,C,K,1,5,L,N,1,T,FRHT,COL,TR,5,17,,8,0,0,CON,D,,,6,858,,,,,00000,00,,64,1,57,236361,57236361,3,6,97,1,0,0,0,0,0,0,0,61,0,0,0,98,6,2,21,0,0,0,1,6,95242,6,1,6,0,3,0,77,290,0,0,0,0,1,11,2009,11,2009,0,48,0,0,0,2,2,55,1,1,2,1,0,0,1,12,1,1,4,6,1,0
6,60508,1,2,2,5,4,0,5,12,2,1,0,6,1,49,472,49472,30,2004,5TEGM92N84Z3,5,T,E,G,M,9,2,N,8,4,Z,3,0,T,TOYT,DCP,CW,4,17,,1,0,1219,TAC,G,,,4,164,,,,B,3430,00,U,42,0,0,000000000,00000000000,0,0,0,1,0,0,0,0,0,0,0,999,0,0,0,12,6,2,12,0,0,0,1,6,92570,0,0,0,0,0,0,64,140,0,1,0,0,0,12,2011,12,2011,0,51,0,0,0,1,2,50,2,1,2,1,0,0,98,54,1,1,3,52,1,1
6,60508,2,2,3,5,4,0,5,12,2,1,0,6,2,12,401,12401,14,2003,1FMZU63K13ZA,1,F,M,Z,U,6,3,K,1,3,Z,A,0,P,FORD,EPR,UT,3,17,4094,,0,1137,,F,,F,6,245,,,16R235,,,,,,0,0,000000000,00000000000,0,0,0,1,0,0,0,0,0,0,0,998,0,0,0,12,6,2,12,0,0,0,1,6,92376,6,1,0,0,3,0,69,180,1,0,0,0,0,8,2010,8,2010,0,0,0,0,0,1,2,50,3,1,2,1,0,0,14,54,1,1,1,52,0,0
6,60509,1,1,2,5,2,6,30,42,0,1,0,6,1,59,32,59032,4,2006,JTHBN36F2650,J,T,H,B,N,3,6,F,2,6,5,0,0,P,LEXS,L43,4D,6,17,3990,,0,1152,,G,,F,8,262,,,17R225,,,,,,0,0,000000000,00000000000,0,0,0,1,0,0,0,0,0,0,0,43,0,0,0,12,6,2,42,0,0,0,1,6,95670,6,1,0,0,3,3,61,126,0,0,0,0,0,0,0,0,0,1,48,0,0,0,3,2,40,1,1,2,1,0,0,1,13,1,1,4,1,1,0
6,60510,1,3,1,12,2,15,56,12,6,1,0,6,1,12,481,12481,31,2009,1FTPW12VX9KC,1,F,T,P,W,1,2,V,X,9,K,C,0,T,FORD,F1S,CW,9,17,,2,1570,1450,COF,F,,,8,329,,,,B,5156,01,L,42,0,0,000000000,00000000000,0,0,0,1,0,0,0,0,0,0,0,998,0,0,0,81,6,2,12,0,0,0,1,6,91351,6,1,0,0,3,3,72,225,0,0,0,0,0,0,0,0,0,0,38,0,0,0,1,4,50,1,1,2,1,3,3,11,15,1,1,2,68,0,0
6,60510,2,3,1,12,2,15,56,12,6,1,0,6,1,37,705,37705,80,1973,CB5002108779,C,B,5,0,0,2,1,0,8,7,7,9,0,M,HOND,B50,RS,73,12,,,,,,,498,,4,,4,403,,,,,,,0,0,000000000,00000000000,0,0,0,1,0,0,0,0,0,0,0,50,0,0,0,12,6,2,12,0,0,0,1,6,91387,6,1,0,0,3,3,69,145,0,0,0,0,0,0,0,0,0,0,0,0,0,0,1,4,50,1,1,2,1,3,3,1,62,1,1,1,69,1,0
6,60510,3,3,1,12,2,15,56,12,6,1,0,6,1,76,705,76705,80,2003,JYARJ06Y23A0,J,Y,A,R,J,0,6,Y,2,3,A,0,0,M,YAMA,R6L,RC,3,17,,,,,,,599,,4,,4,357,,,,,,,0,0,000000000,00000000000,0,0,0,1,0,0,0,0,0,0,0,50,0,0,0,12,2,3,12,0,0,0,1,6,90021,6,1,0,0,3,3,74,180,0,0,0,0,0,0,0,0,0,0,0,0,0,0,1,4,50,1,1,2,1,3,3,1,62,1,1,1,98,0,0
6,60511,1,1,2,17,3,0,53,33,0,1,0,6,1,12,3,12003,2,2005,1ZVHT82H2551,1,Z,V,H,T,8,2,H,2,5,5,1,0,P,FORD,MGT,CP,5,17,3450,,0,1071,,G,,F,8,280,,,17R235,,,,,,0,0,000000000,00000000000,0,0,0,1,0,0,0,0,0,0,0,998,0,0,0,14,6,2,42,0,0,0,1,6,92591,0,0,0,0,0,0,71,170,0,0,0,1,0,10,2010,10,2010,1,6,0,0,0,1,4,25,1,1,1,2,2,3,1,6,1,9,4,2,1,1
6,60512,1,1,1,18,2,8,45,17,0,1,0,92,0,37,705,37705,80,1982,JH2PE0103CM3,J,H,2,P,E,0,1,0,3,C,M,3,0,M,HOND,XR5,T,82,17,,,,,,,500,,1,,4,278,,,,,,,0,0,000000000,00000000000,0,0,0,1,0,0,0,0,0,0,0,999,0,0,0,98,4,3,17,0,0,0,1,32,89502,6,1,0,0,3,0,70,200,0,0,0,0,1,5,2009,5,2009,1,48,0,0,0,1,2,40,2,8,2,1,0,0,14,6,99,9,4,7,1,1
6,60513,1,4,1,22,2,20,43,12,2,1,0,6,2,12,401,12401,14,2006,1FMEU65E76ZA,1,F,M,E,U,6,5,E,7,6,Z,A,0,P,FORD,EPR,UT,6,17,4301,,0,1137,,G,,F,6,244,,,17R245,,,,,,0,0,000000000,00000000000,0,0,0,1,0,0,0,0,0,0,0,69,7,0,0,12,6,2,12,0,0,0,1,6,93926,1,1,0,0,2,0,61,120,0,2,0,0,0,2,2012,2,2012,0,48,0,0,0,2,2,65,1,1,2,1,0,0,1,10,1,1,2,50,0,0
6,60513,2,4,4,22,2,20,43,12,2,1,0,6,2,30,47,30047,3,2000,3VWBC21C5YM4,3,V,W,B,C,2,1,C,5,Y,M,4,0,P,VOLK,NGL,2H,0,17,2689,,0,989,,G,,F,4,121,,,16R205,,,,,,0,0,000000000,00000000000,0,0,0,1,0,0,0,0,0,0,0,55,0,0,0,12,6,2,12,0,0,0,1,6,94558,0,0,0,0,0,0,68,170,0,0,0,0,0,0,0,0,0,0,0,0,0,0,2,2,65,1,1,2,1,0,0,1,62,1,1,1,51,3,0
6,60513,3,4,4,22,2,20,43,12,2,1,0,6,1,49,472,49472,30,2006,5TETX22N86Z1,5,T,E,T,X,2,2,N,8,6,Z,1,0,T,TOYT,ACC,PC,6,17,,1,0,1219,TAC,G,,,4,164,,,,B,3460,00,U,42,0,0,000000000,00000000000,0,0,0,1,0,0,0,0,0,0,0,55,0,0,0,12,6,2,12,0,0,0,1,6,94558,6,1,0,0,3,0,67,156,0,0,0,0,0,0,0,0,0,0,0,0,0,0,2,2,65,1,1,2,1,0,0,1,62,7,1,1,98,0,0
6,60513,4,4,2,22,2,20,43,12,2,1,0,6,1,47,35,47035,4,2005,YS3FD49Y0510,Y,S,3,F,D,4,9,Y,0,5,1,0,0,P,SAA,93A,4D,5,17,3032,,0,1053,,G,,T,4,121,,,16R215,,,,,,0,0,000000000,00000000000,0,0,0,1,0,0,0,0,0,0,0,65,0,0,0,12,2,1,54,0,0,0,1,6,95062,6,1,0,0,3,3,66,125,0,0,0,0,0,0,0,0,0,0,0,0,0,0,2,2,65,1,1,2,1,0,0,1,98,1,1,1,98,0,0
6,60514,1,2,1,5,4,4,55,12,6,1,0,6,1,52,37,52037,3,1996,4A3AK44Y8TE4,4,A,3,A,K,4,4,Y,8,T,E,4,0,P,MITS,EGS,2H,96,17,2855,,0,988,,G,,F,4,122,,,16R205,,,,,,0,0,000000000,00000000000,0,0,0,1,0,0,0,0,0,0,0,998,0,0,0,1,4,3,12,0,0,0,1,6,91331,6,1,0,0,3,0,65,150,0,0,0,0,1,4,2011,4,2011,0,38,0,0,0,1,4,45,1,1,2,1,2,3,11,15,1,1,1,68,0,0
6,60514,2,2,1,5,4,4,55,12,6,1,0,6,1,76,706,76706,80,2002,JYAVP14Y92A0,J,Y,A,V,P,1,4,Y,9,2,A,0,0,M,YAMA,XVP,RS,2,17,,,,,,,1670,,2,,4,606,,,,,,,0,0,000000000,00000000000,0,0,0,1,0,0,0,0,0,0,0,998,0,0,0,12,6,2,12,0,0,0,1,6,92833,6,1,0,0,3,0,71,210,0,0,0,0,0,0,0,0,0,0,0,0,0,0,1,4,45,1,1,2,1,2,3,1,62,1,1,1,69,1,0
6,60515,1,2,1,29,3,19,30,12,6,1,0,6,2,22,18,22018,4,2001,1G2WR52161F2,1,G,2,W,R,5,2,1,6,1,F,2,0,P,PONT,GTP,4D,1,17,3559,,0,1105,,G,,Z,6,231,,,16R225,,,,,,0,0,000000000,00000000000,0,0,0,1,0,0,0,0,0,0,0,998,0,0,0,11,6,2,12,0,0,0,1,6,90019,0,0,0,0,0,0,68,140,0,0,0,0,0,0,0,0,0,0,38,0,0,0,1,6,35,1,1,8,1,3,3,11,15,1,1,1,68,0,0
6,60515,2,2,1,29,3,19,30,12,6,1,0,6,1,76,706,76706,80,2004,JYARN13Y34A0,J,Y,A,R,N,1,3,Y,3,4,A,0,0,M,YAMA,FR1,RC,4,17,,,,,,,998,,4,,4,999,,,,,,,0,0,000000000,00000000000,0,0,0,1,0,0,0,0,0,0,0,998,0,0,0,12,6,2,12,0,0,0,1,6,90011,6,1,0,0,2,0,72,350,0,0,0,1,2,3,2010,9,2010,0,0,0,0,0,1,6,35,1,1,8,1,3,3,1,66,99,9,1,69,1,0
6,60516,1,2,1,5,4,18,29,12,8,1,0,6,2,6,43,6043,1,1999,4C3AU42N3XE1,4,C,3,A,U,4,2,N,3,X,E,1,0,P,CHRY,SLX,CP,99,17,2957,,0,1037,,G,,F,6,152,,,14R195,,,,,,0,0,000000000,00000000000,0,0,0,1,0,0,0,0,0,0,0,998,0,0,0,1,6,2,12,0,0,0,1,6,93706,6,1,0,0,3,0,69,215,0,0,0,0,1,5,2010,5,2010,0,51,48,0,0,1,2,40,1,1,2,1,0,0,98,54,1,1,2,64,0,0
6,60516,2,2,1,5,4,18,29,12,8,1,0,6,1,72,706,72706,80,2011,1HD1PY93XBB9,1,H,D,1,P,Y,9,3,X,B,B,9,0,M,HD,LT2,RS,11,17,,,,,,,1800,,2,,4,754,,,,,,,0,0,000000000,00000000000,0,0,0,1,0,0,0,0,0,0,0,79,0,0,0,11,6,2,12,0,0,0,1,6,93706,6,1,0,0,2,3,69,200,0,0,0,0,0,0,0,0,0,1,0,0,0,0,1,2,40,1,1,2,1,0,0,1,54,1,1,1,65,1,1
6,60517,1,1,2,21,3,11,4,8,0,1,0,6,1,38,471,38471,30,1987,JAABL14S4H07,J,A,A,B,L,1,4,S,4,H,0,7,0,T,ISU,PUP,PK,87,17,,1,0,1043,PUP,D,,,4,137,,,,B,2433,02,A,42,0,0,000000000,00000000000,0,0,0,1,0,0,0,0,0,0,0,998,0,0,0,98,0,3,8,0,0,0,1,6,93035,6,1,0,0,3,0,70,180,0,0,0,0,0,0,0,0,0,0,0,0,0,0,1,2,30,1,8,2,1,0,0,1,80,1,1,1,13,0,0
6,60518,1,1,4,14,2,2,1,42,0,1,0,5,1,7,43,7043,2,2005,4B3AG42G05E0,4,B,3,A,G,4,2,G,0,5,E,0,0,P,DODG,SRX,CP,5,17,2950,,0,1037,,G,,F,4,146,,,16R205,,,,,,0,0,000000000,00000000000,0,0,0,1,0,0,0,0,0,0,0,68,0,0,0,3,6,2,42,0,0,0,1,5,72443,6,1,0,0,3,0,70,170,0,0,0,0,0,0,0,0,0,1,0,0,0,0,3,2,40,1,1,2,2,3,3,1,6,7,9,4,7,3,1
6,60519,1,2,3,7,4,9,49,12,6,1,0,6,2,24,1,24001,4,2002,1G8ZF52892Z1,1,G,8,Z,F,5,2,8,9,2,Z,1,0,P,STRN,SSL,4D,2,17,2351,,0,1024,,G,,F,4,116,,,14R185,,,,,,0,0,000000000,00000000000,0,0,0,1,0,0,0,0,0,0,0,65,0,1,6,61,6,2,1,0,0,0,1,6,93727,0,0,0,0,0,0,66,155,0,0,0,0,0,0,0,0,0,0,38,39,0,0,1,2,55,1,1,2,1,20,3,1,17,1,1,1,89,2,1
6,60519,2,2,2,7,4,9,49,12,6,1,0,6,0,18,20,18020,4,1993,2G4WB54T1P14,2,G,4,W,B,5,4,T,1,P,1,4,0,P,BUIC,RGC,4D,93,17,3167,,0,1075,,G,,F,6,191,,,15R205,,,,,,0,0,000000000,00000000000,0,0,0,1,0,0,0,0,0,0,0,55,0,0,0,12,6,2,12,0,0,0,1,6,93637,6,1,0,0,3,0,67,180,0,0,0,1,0,1,2010,1,2010,0,0,0,0,0,1,2,55,1,1,2,1,0,0,1,66,1,1,1,88,0,0
6,60520,1,1,1,8,4,7,50,33,0,1,0,6,1,20,10,20010,2,1983,1G1AZ37H5DR2,1,G,1,A,Z,3,7,H,5,D,R,2,0,P,CHEV,MOC,CP,83,17,3220,,0,1081,,G,,4,8,305,,,14R195,,,,,,0,0,000000000,00000000000,0,0,0,1,0,0,0,0,0,0,0,65,0,0,0,14,6,2,42,0,0,0,1,6,95051,6,1,0,0,3,3,69,160,0,0,0,0,0,0,0,0,0,0,0,0,0,0,3,4,65,1,1,1,1,0,0,1,13,1,1,4,1,1,0
6,60521,1,1,2,7,4,13,55,1,0,1,0,6,2,38,402,38402,14,1991,4S2CG58Z2M43,4,S,2,C,G,5,8,Z,2,M,4,3,0,P,ISU,ROD,UT,91,17,3490,,0,1085,,G,,F,6,192,,,000000,,,,,,0,0,000000000,00000000000,0,0,0,1,0,0,0,0,0,0,0,70,0,1,1,0,6,2,1,0,0,0,1,6,95521,0,0,0,0,0,0,71,148,0,0,0,0,0,0,0,0,0,0,48,0,0,0,3,2,65,1,1,8,1,0,0,1,98,6,1,6,98,1,0
6,60522,1,1,2,7,4,14,50,42,0,1,0,6,3,98,705,98705,82,2009,2BXJAAA1X9V0,2,B,X,J,A,A,A,1,X,9,V,0,0,U,,,,9,17,,,,,,,,,,,,,,,,,,,0,0,000000000,00000000000,0,0,0,1,0,0,0,0,0,0,0,38,0,0,0,12,6,2,42,0,0,0,1,6,94085,6,1,0,0,2,0,59,145,0,0,0,0,0,0,0,0,0,0,48,0,0,0,1,2,55,2,6,2,1,0,0,14,13,2,1,4,1,1,0
6,60523,1,1,1,7,4,15,30,1,0,1,0,6,1,72,706,72706,80,2004,1HD1BHY344Y0,1,H,D,1,B,H,Y,3,4,4,Y,0,0,M,HD,FXT,RS,4,17,,,,,,,1450,,2,,4,629,,,,,,,0,0,000000000,00000000000,0,0,0,1,0,0,0,0,0,0,0,999,0,0,0,0,6,2,1,0,0,0,1,6,92545,6,1,0,0,3,0,67,223,1,0,0,0,0,5,2010,5,2010,9,48,57,0,0,1,2,40,1,1,2,1,0,0,1,9,3,2,1,98,1,0
6,60524,1,1,1,7,4,21,2,8,0,1,0,6,1,7,482,7482,31,1999,1B7KF2363XJ6,1,B,7,K,F,2,3,6,3,X,J,6,0,T,DODG,Q25,4C,99,17,,2,1547,1387,RPC,D,,,6,359,,,,C,5695,00,U,44,0,0,000000000,00000000000,0,0,0,1,0,0,0,0,0,0,0,998,0,0,0,12,2,1,8,0,0,0,1,6,95946,6,1,0,0,3,0,72,145,0,0,0,0,1,4,2010,4,2010,0,0,0,0,0,1,3,25,1,1,2,1,0,0,1,80,4,9,1,13,0,0
6,60525,1,2,4,1,3,21,30,12,6,1,1,53,2,20,9,20009,2,1994,2G1FP22P0R21,2,G,1,F,P,2,2,P,0,R,2,1,0,P,CHEV,Z28,CP,94,17,3424,,0,1011,,G,,F,8,350,,,16R235,,,,,,0,0,000000000,00000000000,0,0,0,1,0,0,0,0,0,0,0,998,0,1,6,12,6,2,1,0,0,0,1,6,93702,6,1,0,0,3,0,67,156,0,0,0,1,0,1,2012,1,2012,1,48,0,0,0,1,2,55,1,1,2,1,0,0,6,11,1,1,2,48,1,1
6,60525,2,2,1,1,3,21,30,12,6,1,0,6,2,20,9,20009,2,1995,2G1FP22P0S21,2,G,1,F,P,2,2,P,0,S,2,1,0,P,CHEV,Z28,CP,95,17,3390,,0,1011,,G,,F,8,350,,,16R235,,,,,,0,0,000000000,00000000000,0,0,0,1,0,0,0,0,0,0,0,998,0,0,0,63,6,2,12,0,0,0,1,6,93722,6,1,0,0,3,0,71,195,0,1,0,0,0,5,2009,5,2009,1,0,0,0,0,1,2,55,1,1,2,1,0,0,1,60,1,1,1,48,0,0
6,60526,1,1,1,29,3,20,14,8,0,1,0,6,2,12,471,12471,30,1993,1FTCR14X7PPB,1,F,T,C,R,1,4,X,7,P,P,B,0,T,FORD,RNS,PC,93,17,,1,0,1250,RNG,G,,,6,245,,,,B,3208,01,A,42,0,0,000000000,00000000000,0,0,0,1,0,0,0,0,0,0,0,39,0,0,0,12,4,3,8,0,0,0,1,6,92025,6,1,0,0,3,3,69,140,1,1,0,0,0,7,2011,11,2011,0,57,0,0,0,1,4,40,1,1,1,1,0,0,1,80,3,2,1,13,0,0
6,60527,1,2,1,29,3,23,35,1,0,1,0,6,1,53,706,53706,80,1999,JS1VT52A5X21,J,S,1,V,T,5,2,A,5,X,2,1,0,M,SUZI,TLR,RC,99,17,,,,,,,996,,2,,4,434,,,,,,,0,0,000000000,00000000000,0,0,0,1,0,0,0,0,0,0,0,75,0,0,0,0,6,2,1,0,0,0,1,6,92782,6,1,0,0,3,3,69,185,0,0,0,1,0,11,2011,11,2011,1,0,0,0,0,3,6,65,1,1,1,1,0,0,1,6,98,2,1,98,1,0
6,60527,2,2,0,29,3,23,35,1,0,1,0,6,6,35,43,35043,4,2006,3N1CB51D16L4,3,N,1,C,B,5,1,D,1,6,L,4,0,P,NISS,S18,4D,6,17,2509,,0,998,,G,,F,4,108,,,15R195,,,,,,0,0,000000000,00000000000,0,0,0,1,0,0,0,0,0,0,0,0,0,0,0,81,6,2,12,0,0,0,0,0,99997,7,6,97,7,6,7,998,997,998,998,998,998,998,98,9998,98,9998,8,0,0,0,0,3,6,65,1,1,1,1,0,0,0,53,0,0,0,98,0,0
6,60528,1,1,1,22,3,7,6,1,0,1,0,6,2,49,40,49040,4,1991,4T1SV21E6MU4,4,T,1,S,V,2,1,E,6,M,U,4,0,P,TOYT,CMD,4D,91,17,2734,,0,1024,,G,,F,4,122,,,14R185,,,,,,0,0,000000000,00000000000,0,0,0,1,0,0,0,0,0,0,0,45,0,2,5,0,6,2,1,0,0,0,1,6,93204,6,1,0,0,3,0,67,165,0,0,0,1,0,9,2011,9,2011,0,48,0,0,0,1,2,55,2,8,2,1,0,0,14,13,8,3,4,2,1,0
6,60529,1,2,1,4,1,8,0,12,7,1,0,6,1,42,403,42403,14,2010,WDCGG8HB9AF5,W,D,C,G,G,8,H,B,9,A,F,5,0,P,MERZ,GK3,UT,10,17,4079,,0,1085,,G,,F,6,213,,,19R235,,,,,,0,0,000000000,00000000000,0,0,0,1,0,0,0,0,0,0,0,999,0,0,0,81,6,2,12,0,0,0,1,6,95635,6,1,0,0,3,0,76,240,0,0,0,0,0,0,0,0,0,0,35,28,0,0,1,2,55,1,1,2,1,0,0,6,10,1,1,2,46,1,0
6,60529,2,2,1,4,1,8,0,12,7,1,0,16,1,49,471,49471,30,1986,JT4RN63B8G00,J,T,4,R,N,6,3,B,8,G,0,0,0,T,TOYT,R3T,PK,86,17,,1,0,1030,44P,G,,,4,144,,,,B,3551,01,A,44,0,0,000000000,00000000000,0,0,0,1,0,0,0,0,0,0,0,53,0,0,0,61,2,1,12,0,0,0,1,6,95619,6,1,0,0,3,0,72,240,0,0,0,0,2,3,2010,4,2010,0,0,0,0,0,1,2,55,1,1,2,1,0,0,1,60,1,1,1,45,0,0
6,60530,1,2,2,4,1,18,25,12,2,1,0,18,2,20,32,20032,2,1994,1Y1SK5366RZ0,1,Y,1,S,K,5,3,6,6,R,Z,0,0,P,GEO,GEP,4D,94,17,2348,,0,971,,G,,F,4,097,,,14R175,,,,,,0,0,000000000,00000000000,0,0,0,1,0,0,0,0,0,0,0,999,0,0,0,12,6,2,12,0,0,0,1,6,95678,6,1,0,0,3,0,71,220,0,0,0,0,0,0,0,0,0,0,23,28,0,0,1,2,55,2,1,2,1,0,0,14,10,1,1,2,50,1,1