STATE,ST_CASE,VEH_NO,VE_FORMS,NUMOCCS,DAY,MONTH,HOUR,MINUTE,HARM_EV,MAN_COLL,UNITTYPE,HIT_RUN,REG_STAT,OWNER,MAKE,MODEL,MAK_MOD,BODY_TYP,MOD_YEAR,VIN,VIN_1,VIN_2,VIN_3,VIN_4,VIN_5,VIN_6,VIN_7,VIN_8,VIN_9,VIN_10,VIN_11,VIN_12,TOW_VEH,VINTYPE,VINMAKE,VINA_MOD,VIN_BT,VINMODYR,VIN_LNGT,VIN_WGT,WGTCD_TR,WHLBS_LG,WHLBS_SH,SER_TR,FUELCODE,MCYCL_DS,CARBUR,CYLINDER,DISPLACE,MCYCL_CY,MCYCL_WT,TIRE_SZE,TON_RAT,TRK_WT,TRKWTVAR,VIN_REST,WHLDRWHL,J_KNIFE,MCARR_I1,MCARR_I2,MCARR_ID,GVWR,V_CONFIG,CARGO_BT,HAZ_INV,HAZ_PLAC,HAZ_ID,HAZ_CNO,HAZ_REL,BUS_USE,SPEC_USE,EMER_USE,TRAV_SP,UNDERIDE,ROLLOVER,ROLINLOC,IMPACT1,DEFORMED,TOWED,M_HARM,VEH_SC1,VEH_SC2,FIRE_EXP,DR_PRES,L_STATE,DR_ZIP,L_STATUS,L_TYPE,CDL_STAT,L_ENDORS,L_COMPL,L_RESTRI,DR_HGT,DR_WGT,PREV_ACC,PREV_SUS,PREV_DWI,PREV_SPD,PREV_OTH,FIRST_MO,FIRST_YR,LAST_MO,LAST_YR,SPEEDREL,DR_SF1,DR_SF2,DR_SF3,DR_SF4,VTRAFWAY,VNUM_LAN,VSPD_LIM,VALIGN,VPROFILE,VPAVETYP,VSURCOND,VTRAFCON,VTCONT_F,P_CRASH1,P_CRASH2,P_CRASH3,PCRASH4,PCRASH5,ACC_TYPE,DEATHS,DR_DRINK
6,60946,2,2,1,13,6,2,14,12,1,1,0,6,3,82,881,82881,62,1998,1FV3HJAC3WH9,1,F,V,3,H,J,A,C,3,W,H,9,0,T,FRHT,F70,CC,98,17,,6,0,0,MCV,D,,,6,439,,,,,00000,00,,42,0,57,397612,57397612,2,1,1,1,0,0,0,0,0,0,0,58,0,1,2,6,6,2,12,0,0,0,1,6,92335,1,1,5,0,2,0,63,135,0,2,0,0,3,5,2011,3,2012,1,0,0,0,0,3,4,65,1,1,1,1,0,0,1,53,1,1,2,25,0,0
6,60947,1,1,1,3,3,19,0,14,0,1,0,6,1,23,431,23431,16,1998,1GKGK26J1WJ7,1,G,K,G,K,2,6,J,1,W,J,7,0,T,GMC,KSB,4W,98,17,,2,0,1315,K25,G,,,8,454,,,,C,00000,00,E,44,0,0,000000000,00000000000,0,0,0,1,0,0,0,0,0,0,0,59,0,0,0,12,6,2,14,0,0,0,1,6,91342,6,1,0,0,3,3,64,145,0,0,0,0,0,0,0,0,0,0,91,48,0,0,3,7,65,1,1,1,1,0,0,1,11,1,1,4,11,0,1
6,60948,1,1,1,2,6,22,56,8,0,1,1,6,2,49,38,49038,4,1993,JT2EL43T1P03,J,T,2,E,L,4,3,T,1,P,0,3,0,P,TOYT,TTX,4D,93,17,2005,,0,937,,G,,F,4,089,,,13R155,,,,,,0,0,000000000,00000000000,0,0,0,1,0,0,0,0,0,0,0,999,0,0,0,12,4,3,8,0,0,0,1,99,99999,9,9,99,9,9,9,999,999,99,99,99,99,99,99,9999,99,9999,0,0,0,0,0,1,4,35,1,8,2,1,0,0,1,80,99,1,1,13,0,0
6,60949,1,1,1,16,3,1,13,1,0,1,0,6,2,55,36,55036,3,1999,KMHVD34N4XU4,K,M,H,V,D,3,4,N,4,X,U,4,0,P,HYUN,ASI,2H,99,17,2132,,0,945,,G,,F,4,091,,,13R175,,,,,,0,0,000000000,00000000000,0,0,0,1,0,0,0,0,0,0,0,999,0,1,6,0,6,2,1,0,0,0,1,6,94550,1,1,0,0,2,0,69,175,0,0,1,1,0,11,2009,10,2010,0,48,0,0,0,1,2,65,3,1,2,1,0,0,14,12,1,4,4,7,1,1
6,60950,1,1,4,3,6,5,30,1,0,1,0,6,2,12,421,12421,15,1987,1FMCU14T8HUC,1,F,M,C,U,1,4,T,8,H,U,C,0,P,FORD,BII,UT,87,17,3050,,0,940,,G,,F,6,177,,,000000,,,,,,0,0,000000000,00000000000,0,0,0,1,0,0,0,0,0,0,0,65,0,2,1,0,6,2,1,0,0,0,1,6,92506,6,1,0,0,3,3,68,166,0,0,0,0,0,0,0,0,0,0,91,48,0,0,3,5,65,1,1,1,1,0,0,1,1,3,2,1,98,1,0
6,60951,1,1,2,12,6,22,10,1,0,1,0,6,1,12,13,12013,6,1993,3FAPP15J9PR2,3,F,A,P,P,1,5,J,9,P,R,2,0,P,FORD,LXE,SW,93,17,2411,,0,984,,G,,F,4,113,,,13R175,,,,,,0,0,000000000,00000000000,0,0,0,1,0,0,0,0,0,0,0,999,0,1,5,0,6,2,1,0,0,0,1,6,92583,6,1,0,0,3,3,65,120,0,1,0,0,0,4,2011,4,2011,0,24,48,0,0,1,2,55,1,8,2,1,0,0,1,12,6,1,4,6,1,0
6,60952,1,1,1,19,5,4,37,30,0,1,0,6,1,24,5,24005,4,2001,1G8JW52R41Y5,1,G,8,J,W,5,2,R,4,1,Y,5,0,P,STRN,L30,4D,1,17,3183,,0,1065,,G,,F,6,183,,,15R205,,,,,,0,0,000000000,00000000000,0,0,0,1,0,0,0,0,0,0,0,40,0,0,0,12,6,2,30,0,0,0,1,6,95624,6,1,0,0,3,0,66,187,0,0,0,0,0,0,0,0,0,0,0,0,0,0,5,4,40,1,1,2,1,0,0,1,13,99,1,4,1,1,1
6,60953,1,3,2,7,6,15,20,12,2,1,0,6,1,37,31,37031,4,2009,2HGFA16399H3,2,H,G,F,A,1,6,3,9,9,H,3,0,P,HOND,CVP,4D,9,17,2648,,0,1063,,G,,F,4,110,,,15R195,,,,,,0,0,000000000,00000000000,0,0,0,1,0,0,0,0,0,0,0,63,0,0,0,12,6,2,12,0,0,0,1,6,95037,6,1,0,0,3,0,65,185,0,0,0,0,0,0,0,0,0,0,48,0,0,0,2,2,55,3,1,2,1,0,0,14,13,1,1,6,50,1,0
6,60953,2,3,1,7,6,15,20,12,2,1,0,6,3,87,883,87883,63,2000,1NP6LR0X8YD6,1,N,P,6,L,R,0,X,8,Y,D,6,0,T,PTRB,362,TB,0,17,,8,0,0,COE,D,,,6,774,,,,,00000,00,,64,0,57,171708,57171708,3,2,1,1,0,0,0,0,0,0,0,52,0,0,0,12,6,2,12,0,0,0,1,6,92333,6,1,6,0,3,0,67,147,0,0,0,0,0,0,0,0,0,0,0,0,0,0,2,2,55,2,1,2,1,0,0,14,62,9,1,1,51,0,0
6,60953,3,3,1,7,6,15,20,12,2,1,0,6,3,84,881,84881,66,2008,1HSHXAHR58J6,1,H,S,H,X,A,H,R,5,8,J,6,1,T,INTL,860,TR,8,17,,8,0,0,80S,D,,,6,661,,,,,00000,00,,64,1,57,692947,57692947,3,6,1,1,0,0,0,0,0,0,0,55,0,0,0,61,2,3,12,0,0,0,1,6,93501,6,1,6,0,3,3,70,230,0,0,0,0,0,0,0,0,0,0,0,0,0,0,2,2,55,2,1,2,1,0,0,14,62,9,1,1,98,0,0
6,60954,1,1,2,15,4,6,9,42,0,1,1,6,1,20,7,20007,10,1984,1GCCW80H7ER2,1,G,C,C,W,8,0,H,7,E,R,2,0,T,CHEV,ELC,PK,84,17,,1,0,1171,ELC,G,,,8,305,,,,B,3615,01,,42,0,0,000000000,00000000000,0,0,0,1,0,0,0,0,0,0,0,999,0,0,0,12,6,2,42,0,0,0,1,6,95422,1,1,0,0,2,0,69,162,0,0,1,0,0,11,2009,11,2009,0,48,91,0,0,1,2,55,3,1,2,1,0,0,14,13,1,1,4,1,1,1
6,60955,1,1,1,13,6,8,15,42,0,1,0,6,1,49,40,49040,4,1996,4T1BG12K8TU7,4,T,1,B,G,1,2,K,8,T,U,7,0,P,TOYT,DLX,4D,96,17,2932,,0,1031,,G,,F,4,132,,,14R195,,,,,,0,0,000000000,00000000000,0,0,0,1,0,0,0,0,0,0,0,40,0,0,0,12,6,2,42,0,0,0,1,6,90731,6,1,0,0,3,3,71,260,0,0,0,0,0,0,0,0,0,1,28,0,0,0,5,3,40,1,8,8,1,0,0,1,12,1,1,4,6,1,0
6,60956,1,1,1,19,5,5,46,31,0,1,0,6,1,12,3,12003,3,1989,1FABP42E3KF2,1,F,A,B,P,4,2,E,3,K,F,2,0,P,FORD,MCG,2H,89,17,3194,,0,1005,,G,,F,8,302,,,000000,,,,,,0,0,000000000,00000000000,0,0,0,1,0,0,0,0,0,0,0,44,0,0,0,98,6,2,31,0,0,0,1,6,93033,0,0,0,0,0,0,66,181,0,0,0,0,0,0,0,0,0,1,0,0,0,0,1,4,30,1,8,1,1,0,0,1,13,99,3,4,2,1,0
6,60957,1,2,2,16,4,1,15,12,1,1,0,6,2,20,2,20002,4,2006,2G1WC5817691,2,G,1,W,C,5,8,1,7,6,9,1,0,P,CHEV,IMT,4D,6,17,3477,,0,1105,,G,,F,6,238,,,17R225,,,,,,0,0,000000000,00000000000,0,0,0,1,0,0,0,0,0,0,0,65,0,0,0,12,6,2,12,0,0,0,1,6,90260,1,1,0,0,2,0,67,165,1,1,0,1,0,1,2010,10,2011,1,0,0,0,0,2,3,45,1,1,8,1,0,0,1,51,1,1,1,24,1,1
6,60957,2,2,1,16,4,1,15,12,1,1,0,49,3,86,881,86881,66,2010,1M1AW01Y6AN0,1,M,1,A,W,0,1,Y,6,A,N,0,2,T,MACK,CXU,TR,10,17,,8,0,0,600,D,,,6,659,,,,,00000,00,,42,1,57,4015,574015,3,7,2,1,0,0,0,0,0,0,0,998,0,0,0,6,2,1,12,0,0,0,1,6,90640,6,1,6,1,3,3,67,185,0,0,0,1,3,9,2010,5,2011,0,0,0,0,0,2,3,45,1,1,8,1,0,0,1,53,1,1,1,25,0,0
6,60958,1,2,1,12,6,11,57,12,6,1,0,6,2,6,51,6051,4,2005,2C3AA63H35H1,2,C,3,A,A,6,3,H,3,5,H,1,0,P,CHRY,30C,4D,5,17,4064,,0,1200,,G,,F,8,348,,,18R225,,,,,,0,0,000000000,00000000000,0,0,0,1,0,0,0,0,0,0,0,5,0,0,0,11,6,2,12,0,0,0,1,6,92359,6,1,0,0,3,0,69,150,0,0,0,0,0,0,0,0,0,0,38,0,0,0,0,0,0,0,0,0,0,0,0,98,98,1,1,7,68,0,0
6,60958,2,2,2,12,6,11,57,12,6,1,0,6,2,37,32,37032,4,1996,1HGCD5631TA1,1,H,G,C,D,5,6,3,1,T,A,1,0,P,HOND,ULE,4D,96,17,2864,,0,1069,,G,,F,4,132,,,15R185,,,,,,0,0,000000000,00000000000,0,0,0,1,0,0,0,0,0,0,0,45,0,0,0,12,6,2,12,0,0,0,1,6,92399,6,1,0,0,3,3,73,220,0,0,0,0,0,0,0,0,0,0,0,0,0,0,1,2,40,1,1,2,1,0,0,1,72,1,1,1,69,1,0
6,60959,1,1,1,13,6,14,37,38,0,1,0,6,1,37,31,37031,4,1997,2HGEJ6629VH5,2,H,G,E,J,6,6,2,9,V,H,5,0,P,HOND,UCD,4D,97,17,2307,,0,1032,,G,,F,4,097,,,14R185,,,,,,0,0,000000000,00000000000,0,0,0,1,0,0,0,0,0,0,0,58,0,1,5,98,6,2,1,0,0,0,1,6,92240,6,1,0,0,2,0,70,250,1,5,1,0,0,5,2010,10,2011,0,24,48,0,0,1,2,55,1,8,2,1,0,0,1,13,6,4,4,7,1,1
6,60960,1,1,1,3,6,0,40,8,0,1,1,6,1,37,31,37031,2,2012,2HGFG3B58CH5,2,H,G,F,G,3,B,5,8,C,H,5,0,P,HOND,UCL,CP,12,17,2678,,0,1032,,G,,F,4,110,,,15R195,,,,,,0,0,000000000,00000000000,0,0,0,1,0,0,0,0,0,0,0,60,0,0,0,12,6,2,8,0,0,0,1,6,91745,6,1,0,0,3,0,61,105,0,0,0,0,2,11,2010,7,2011,0,48,0,0,0,3,5,65,1,1,1,1,0,0,1,13,1,1,4,13,0,1
6,60961,1,1,1,18,4,12,12,33,0,1,0,6,2,37,703,37703,80,2006,JH2ME11176M2,J,H,2,M,E,1,1,1,7,6,M,2,0,M,HOND,CFX,MX,6,17,,,,,,,250,,1,,4,225,,,,,,,0,0,000000000,00000000000,0,0,0,1,0,0,0,0,0,0,0,998,0,0,0,14,2,3,30,0,0,0,1,6,92610,6,1,0,0,2,0,75,195,0,0,0,1,0,7,2010,7,2010,1,0,0,0,0,2,2,35,3,6,2,1,0,0,14,13,1,1,4,1,1,0
6,60962,1,2,1,12,6,15,55,12,9,1,0,6,2,18,7,18007,4,2001,2G4WS52JX111,2,G,4,W,S,5,2,J,X,1,1,1,0,P,BUIC,CCU,4D,1,17,3368,,0,1090,,G,,F,6,191,,,15R205,,,,,,0,0,000000000,00000000000,0,0,0,1,0,0,0,0,0,0,0,998,0,0,0,61,6,2,12,0,0,0,1,6,95348,6,1,0,0,3,0,63,78,0,0,0,0,1,9,2011,9,2011,0,48,0,0,0,3,4,70,1,1,2,1,0,0,1,90,6,3,4,32,1,0
6,60962,2,2,6,12,6,15,55,12,9,1,0,6,6,23,421,23421,15,2005,1GKEC13T05R1,1,G,K,E,C,1,3,T,0,5,R,1,0,T,GMC,YUK,4W,5,17,,2,0,1160,YUK,G,,,8,325,,,,B,4975,00,4,42,0,0,000000000,00000000000,0,0,0,1,0,0,0,0,0,0,0,0,0,0,0,6,6,2,12,0,0,0,0,0,99997,7,6,97,7,6,7,998,997,998,998,998,998,998,98,9998,98,9998,8,20,0,0,0,3,4,70,1,1,2,1,0,0,0,98,0,0,0,32,0,0
6,60963,1,2,1,7,6,6,36,12,2,1,0,6,1,20,32,20032,4,1995,1Y1SK5267SZ0,1,Y,1,S,K,5,2,6,7,S,Z,0,0,P,GEO,GEP,4D,95,17,2348,,0,971,,G,,F,4,097,,,14R175,,,,,,0,0,000000000,00000000000,0,0,0,1,0,0,0,0,0,0,0,999,0,0,0,12,6,2,12,0,0,0,1,6,95901,1,1,0,0,2,3,63,140,1,1,1,0,0,9,2010,1,2012,0,28,0,0,0,1,2,55,1,8,2,1,0,0,1,10,99,1,2,50,1,0
6,60963,2,2,1,7,6,6,36,12,2,1,0,6,2,12,481,12481,31,2007,1FTSW21P97EA,1,F,T,S,W,2,1,P,9,7,E,A,0,T,FORD,F2S,CW,7,17,,2,1720,1560,SRW,D,,,8,366,,,,C,6538,01,E,44,0,0,000000000,00000000000,0,0,0,1,0,0,0,0,0,0,0,55,0,0,0,12,6,2,12,0,0,0,1,6,95901,6,1,0,0,3,3,69,200,0,0,0,0,0,0,0,0,0,0,0,0,0,0,1,2,55,1,8,2,1,0,0,1,62,1,1,1,51,0,0
6,60964,1,1,1,13,6,22,30,8,0,1,1,6,1,12,401,12401,14,1994,1FMDU32X3RUB,1,F,M,D,U,3,2,X,3,R,U,B,0,P,FORD,EPR,UT,94,17,3863,,0,1120,,G,,F,6,245,,,15R225,,,,,,0,0,000000000,00000000000,0,0,0,1,0,0,0,0,0,0,0,999,0,0,0,12,2,1,8,0,0,0,1,6,92395,3,1,0,0,2,0,78,205,0,0,0,0,0,0,0,0,0,0,48,0,0,0,1,2,55,1,8,2,1,0,0,1,80,1,1,1,13,0,1
6,60965,1,1,1,20,4,17,43,14,0,1,0,6,1,49,33,49033,2,1988,JT2ST66C5J72,J,T,2,S,T,6,6,C,5,J,7,2,0,P,TOYT,CSF,CP,88,17,2436,,0,994,,G,,F,4,122,,,13R165,,,,,,0,0,000000000,00000000000,0,0,0,1,0,0,0,0,0,0,0,999,0,0,0,12,6,2,14,0,0,0,1,6,95112,6,1,0,0,3,0,64,112,0,0,0,0,0,0,0,0,0,0,0,0,0,0,2,2,35,1,1,2,1,0,0,1,11,1,1,4,11,1,0
6,60966,1,1,2,14,6,5,55,30,0,1,0,6,2,23,481,23481,31,2003,2GTEC19T7313,2,G,T,E,C,1,9,T,7,3,1,3,0,T,GMC,NC1,4C,3,17,,2,1575,1435,SIE,G,,,8,325,,,,B,4534,03,4,42,0,0,000000000,00000000000,0,0,0,1,0,0,0,0,0,0,0,999,0,1,5,98,6,2,1,0,0,0,1,6,93635,0,0,0,0,0,0,64,145,0,0,0,0,0,0,0,0,0,0,48,0,0,0,1,2,55,1,1,5,1,0,0,1,13,1,3,4,2,1,0
6,60967,1,2,1,8,6,21,5,12,1,1,0,34,1,73,705,73705,80,2011,JKAZX4R15BA0,J,K,A,Z,X,4,R,1,5,B,A,0,0,M,KAWK,ZXP,RC,11,17,,,,,,,599,,4,,4,421,,,,,,,0,0,000000000,00000000000,0,0,0,1,0,0,0,0,0,0,0,999,0,0,0,12,6,2,12,0,0,0,1,34,8022,6,1,0,0,3,0,75,161,0,0,0,1,1,2,2011,4,2011,1,0,0,0,0,1,2,55,1,1,2,1,0,0,1,51,3,2,1,24,1,0
6,60967,2,2,4,8,6,21,5,12,1,1,0,41,1,12,37,12037,4,2009,1FAHP36NX9W2,1,F,A,H,P,3,6,N,X,9,W,2,0,P,FORD,FOS,4D,9,17,2623,,0,1029,,G,,F,4,122,,,17R215,,,,,,0,0,000000000,00000000000,0,0,0,1,0,0,0,0,0,0,0,60,0,1,5,6,6,2,12,0,0,0,1,41,97478,6,1,0,0,3,0,68,192,1,0,0,1,0,5,2010,10,2010,0,0,0,0,0,1,2,55,1,1,2,1,0,0,1,53,1,1,1,25,0,0
6,60968,1,2,1,12,6,22,12,12,6,1,0,6,1,23,472,23472,30,2005,1GTCS1367582,1,G,T,C,S,1,3,6,7,5,8,2,0,T,GMC,CAN,CW,5,17,,1,0,1260,CAN,G,,,5,214,,,,B,3604,00,U,42,0,0,000000000,00000000000,0,0,0,1,0,0,0,0,0,0,0,10,0,0,0,12,2,1,12,0,0,0,1,6,93657,6,1,0,0,3,3,59,150,0,0,0,0,0,0,0,0,0,0,38,0,0,0,1,2,55,1,1,2,1,20,3,1,17,1,1,1,86,0,0
6,60968,2,2,1,12,6,22,12,12,6,1,0,6,2,72,706,72706,80,2005,1HD4CAM375K4,1,H,D,4,C,A,M,3,7,5,K,4,0,M,HD,X88,RS,5,17,,,,,,,883,,2,,4,553,,,,,,,0,0,000000000,00000000000,0,0,0,1,0,0,0,0,0,0,0,999,0,0,0,81,6,2,12,0,0,0,1,6,93657,6,1,0,0,2,0,67,165,1,0,0,0,0,3,2011,3,2011,0,0,0,0,0,1,2,55,1,1,2,1,0,0,1,66,1,1,1,87,1,0
6,60969,1,2,1,8,6,14,50,12,6,1,0,6,2,72,706,72706,80,2002,1HD1DDV312Y6,1,H,D,1,D,D,V,3,1,2,Y,6,0,M,HD,FHT,RS,2,17,,,,,,,1450,,2,,4,758,,,,,,,0,0,000000000,00000000000,0,0,0,1,0,0,0,0,0,0,0,55,0,0,0,12,6,2,12,0,0,1,1,6,93221,6,1,0,0,2,3,73,215,0,0,0,0,0,0,0,0,0,0,52,0,0,0,1,2,55,2,5,2,1,0,0,14,10,99,1,2,64,1,0
6,60969,2,2,3,8,6,14,50,12,6,1,0,6,1,7,482,7482,32,2003,3D7MU48643G8,3,D,7,M,U,4,8,6,4,3,G,8,0,T,DODG,SQ3,CW,3,17,,3,0,1600,RPC,D,,,6,359,,,,D,6544,06,E,44,0,0,000000000,00000000000,0,0,0,1,0,0,0,0,0,0,0,40,0,1,5,61,6,2,12,0,0,0,1,6,93277,6,1,0,0,3,3,67,170,0,0,0,0,0,0,0,0,0,0,0,0,0,0,1,2,55,3,5,2,1,0,0,14,62,7,1,1,65,0,0
6,60970,1,1,1,29,4,1,49,1,0,1,0,6,1,37,33,37033,2,1998,JHMBB624XWC0,J,H,M,B,B,6,2,4,X,W,C,0,0,P,HOND,PRE,CP,98,17,2916,,0,1017,,G,,F,4,132,,,16R205,,,,,,0,0,000000000,00000000000,0,0,0,1,0,0,0,0,0,0,0,80,0,1,6,0,6,2,1,0,0,0,1,6,95973,6,1,0,0,3,0,71,190,0,2,0,0,0,3,2010,7,2010,1,0,0,0,0,6,1,65,2,1,2,1,0,0,14,13,1,1,4,1,1,1
6,60971,1,2,1,13,6,9,35,12,6,1,0,6,2,20,23,20023,6,2009,3GNCA23B49S5,3,G,N,C,A,2,3,B,4,9,S,5,0,P,CHEV,HHR,UT,9,17,3208,,0,1035,,F,,F,4,134,,,16R215,,,,,,0,0,000000000,00000000000,0,0,0,1,0,0,0,0,0,0,0,998,0,0,0,81,6,2,12,0,0,0,1,6,95023,6,1,0,0,3,0,68,260,0,1,0,1,1,2,2012,5,2012,0,38,0,0,0,1,2,55,1,1,2,1,20,3,1,17,1,1,1,87,1,0
6,60971,2,2,5,13,6,9,35,12,6,1,0,6,3,12,422,12422,15,2000,1GHDX03E0YD1,1,G,H,D,X,0,3,E,0,Y,D,1,0,T,OLDS,SIL,ES,0,17,,1,0,1200,SIL,G,,,6,207,,,,B,3948,00,K,42,0,0,000000000,00000000000,0,0,0,1,0,0,0,0,0,0,0,58,0,1,2,12,6,2,12,0,0,0,1,6,95023,6,1,0,0,3,3,67,140,0,0,0,0,0,0,0,0,0,0,0,0,0,0,1,2,55,1,1,2,1,0,0,1,66,2,1,1,86,0,0
6,60972,1,1,2,3,6,19,35,38,0,1,0,99,9,2,404,2404,14,2001,1J4FF47S91L5,1,J,4,F,F,4,7,S,9,1,L,5,0,T,JEEP,SPT,2W,1,17,,1,0,1014,CHK,G,,,6,244,,,,,3191,00,E,44,0,0,000000000,00000000000,0,0,0,1,0,0,0,0,0,0,0,25,0,1,1,98,6,2,1,0,0,0,1,6,93616,0,0,0,0,0,0,68,180,0,2,0,0,0,8,2009,6,2011,0,48,24,0,0,1,2,15,1,8,5,1,0,0,1,12,1,1,4,6,1,1
6,60973,1,1,1,14,6,0,0,38,0,1,0,6,1,54,35,54035,4,1999,19UUA5654XA0,1,9,U,U,A,5,6,5,4,X,A,0,0,P,ACUR,32T,4D,99,17,3447,,0,1081,,G,,F,6,197,,,16R205,,,,,,0,0,000000000,00000000000,0,0,0,1,0,0,0,0,0,0,0,998,0,0,0,12,6,2,42,0,0,0,1,6,92020,6,1,0,0,3,0,71,155,1,0,0,0,0,2,2012,2,2012,1,0,0,0,0,1,2,35,1,8,2,1,40,3,1,13,1,1,4,1,1,1
6,60974,1,1,1,11,5,12,0,18,0,1,0,6,1,49,40,49040,4,2009,4T4BE46K49R1,4,T,4,B,E,4,6,K,4,9,R,1,0,P,TOYT,CBA,4D,9,17,3263,,0,1090,,G,,F,4,144,,,16R215,,,,,,0,0,000000000,00000000000,0,0,0,1,0,0,0,0,0,0,0,65,0,0,0,12,4,3,18,0,0,0,1,6,92604,6,1,0,0,3,0,70,220,0,0,0,0,0,0,0,0,0,0,0,0,0,0,3,6,65,1,1,8,1,0,0,1,90,1,1,1,12,1,0
6,60975,1,1,1,9,6,6,56,8,0,1,1,6,2,19,3,19003,4,1995,1G6KD52B0SU2,1,G,6,K,D,5,2,B,0,S,U,2,0,P,CADI,DFW,4D,95,17,3664,,0,1138,,G,,F,8,300,,,15R215,,,,,,0,0,000000000,00000000000,0,0,0,1,0,0,0,0,0,0,0,55,0,0,0,2,4,3,8,0,0,0,1,6,93656,6,1,0,0,3,0,65,180,0,0,0,0,0,0,0,0,0,0,0,0,0,0,1,2,50,1,1,2,1,0,0,1,80,99,1,4,13,0,0
6,60976,1,2,1,9,6,1,40,12,1,1,0,6,1,76,706,76706,80,2006,JYARN15EX6A0,J,Y,A,R,N,1,5,E,X,6,A,0,0,M,YAMA,YFR,RC,6,17,,,,,,,998,,4,,4,381,,,,,,,0,0,000000000,00000000000,0,0,0,1,0,0,0,0,0,0,0,110,0,0,0,12,6,2,12,0,0,0,1,6,95632,6,1,0,0,3,0,69,190,0,0,0,0,0,0,0,0,0,1,0,0,0,0,3,2,65,1,8,2,1,0,0,1,51,1,1,1,24,1,0
6,60976,2,2,1,9,6,1,40,12,1,1,0,6,2,7,482,7482,31,2004,3D7KU28C54G1,3,D,7,K,U,2,8,C,5,4,G,1,1,T,DODG,SQ2,CW,4,17,,2,1605,1405,RPC,D,,,6,359,,,,C,5438,13,E,44,1,88,888888888,88888888888,2,4,3,1,0,0,0,0,0,0,0,55,0,0,0,6,2,1,12,0,0,0,1,56,83113,6,1,0,0,3,0,73,180,0,0,0,0,0,0,0,0,0,0,24,0,0,0,3,2,65,1,8,2,1,0,0,1,53,1,1,1,25,0,0
6,60977,1,1,1,17,6,1,55,8,0,1,1,99,9,99,999,99999,99,9999,999999999999,9,9,9,9,9,9,9,9,9,9,9,9,0,,,,,,,,,,,,,,,,,,,,,,,,,0,0,000000000,00000000000,0,0,0,1,0,0,0,0,0,0,0,998,0,0,0,98,9,1,8,0,0,0,1,99,99999,9,9,99,9,9,9,999,999,99,99,99,99,99,99,9999,99,9999,0,0,0,0,0,1,4,35,1,8,8,1,2,3,1,80,99,1,1,13,0,0
6,60978,1,2,1,13,5,1,42,12,2,1,0,6,1,2,404,2404,14,2001,1J4FF48S11L5,1,J,4,F,F,4,8,S,1,1,L,5,0,T,JEEP,SPT,4W,1,17,,1,0,1014,CHK,G,,,6,244,,,,,3249,00,E,44,0,0,000000000,00000000000,0,0,0,1,0,0,0,0,0,0,0,999,0,1,1,12,6,2,12,0,0,0,1,6,92881,6,1,0,0,3,0,72,210,0,2,1,0,0,2,2011,2,2011,0,51,0,0,0,3,3,65,1,1,1,1,0,0,1,54,1,1,1,52,1,1
6,60978,2,2,2,13,5,1,42,12,2,1,0,6,2,37,39,37039,5,2012,JHMGE8H35CS0,J,H,M,G,E,8,H,3,5,C,S,0,0,P,HOND,FIT,4H,12,17,2496,,0,984,,G,,F,4,091,,,15R175,,,,,,0,0,000000000,00000000000,0,0,0,1,0,0,0,0,0,0,0,65,0,0,0,12,6,2,12,0,0,0,1,6,90504,0,0,0,0,0,0,64,130,0,0,0,0,0,0,0,0,0,0,0,0,0,0,3,3,65,1,1,1,1,0,0,1,54,1,1,1,52,2,0
6,60979,1,2,1,13,6,21,10,8,0,1,0,6,2,35,472,35472,30,2004,1N6DD26T34C4,1,N,6,D,D,2,6,T,3,4,C,4,0,T,NISS,FKX,PC,4,17,,1,0,1161,FRT,G,,,4,146,,,,B,3143,00,E,42,0,0,000000000,00000000000,0,0,0,1,0,0,0,0,0,0,0,998,0,0,0,12,4,1,8,0,0,0,1,6,92114,6,1,0,0,3,3,68,158,0,0,0,0,0,0,0,0,0,0,0,0,0,0,1,2,30,1,1,1,1,0,0,1,80,1,1,1,13,0,0
6,60979,2,2,1,13,6,21,10,8,0,1,0,6,1,54,35,54035,4,2006,19UUA66266A0,1,9,U,U,A,6,6,2,6,6,A,0,0,P,ACUR,32T,4D,6,17,3580,,0,1079,,G,,F,6,195,,,17R235,,,,,,0,0,000000000,00000000000,0,0,0,1,0,0,0,0,0,0,0,998,0,0,0,14,0,1,8,0,0,0,1,6,92113,6,1,0,0,3,0,65,284,0,0,0,0,0,0,0,0,0,0,0,0,0,0,1,2,30,1,1,1,1,0,0,1,80,1,1,1,98,0,0
6,60980,1,1,1,9,6,7,25,38,0,1,0,48,1,37,403,37403,14,2009,5J6YH18339L0,5,J,6,Y,H,1,8,3,3,9,L,0,0,P,HOND,ELE,UT,9,17,3515,,0,1014,,G,,F,4,146,,,16R215,,,,,,0,0,000000000,00000000000,0,0,0,1,0,0,0,0,0,0,0,70,0,1,5,98,6,2,38,0,0,0,1,48,78010,6,1,0,0,3,0,72,220,0,0,0,0,1,2,2010,2,2010,0,0,0,0,0,3,4,70,1,8,8,1,0,0,1,13,99,1,4,1,1,0