STATE,ST_CASE,VEH_NO,VE_FORMS,NUMOCCS,DAY,MONTH,HOUR,MINUTE,HARM_EV,MAN_COLL,UNITTYPE,HIT_RUN,REG_STAT,OWNER,MAKE,MODEL,MAK_MOD,BODY_TYP,MOD_YEAR,VIN,VIN_1,VIN_2,VIN_3,VIN_4,VIN_5,VIN_6,VIN_7,VIN_8,VIN_9,VIN_10,VIN_11,VIN_12,TOW_VEH,VINTYPE,VINMAKE,VINA_MOD,VIN_BT,VINMODYR,VIN_LNGT,VIN_WGT,WGTCD_TR,WHLBS_LG,WHLBS_SH,SER_TR,FUELCODE,MCYCL_DS,CARBUR,CYLINDER,DISPLACE,MCYCL_CY,MCYCL_WT,TIRE_SZE,TON_RAT,TRK_WT,TRKWTVAR,VIN_REST,WHLDRWHL,J_KNIFE,MCARR_I1,MCARR_I2,MCARR_ID,GVWR,V_CONFIG,CARGO_BT,HAZ_INV,HAZ_PLAC,HAZ_ID,HAZ_CNO,HAZ_REL,BUS_USE,SPEC_USE,EMER_USE,TRAV_SP,UNDERIDE,ROLLOVER,ROLINLOC,IMPACT1,DEFORMED,TOWED,M_HARM,VEH_SC1,VEH_SC2,FIRE_EXP,DR_PRES,L_STATE,DR_ZIP,L_STATUS,L_TYPE,CDL_STAT,L_ENDORS,L_COMPL,L_RESTRI,DR_HGT,DR_WGT,PREV_ACC,PREV_SUS,PREV_DWI,PREV_SPD,PREV_OTH,FIRST_MO,FIRST_YR,LAST_MO,LAST_YR,SPEEDREL,DR_SF1,DR_SF2,DR_SF3,DR_SF4,VTRAFWAY,VNUM_LAN,VSPD_LIM,VALIGN,VPROFILE,VPAVETYP,VSURCOND,VTRAFCON,VTCONT_F,P_CRASH1,P_CRASH2,P_CRASH3,PCRASH4,PCRASH5,ACC_TYPE,DEATHS,DR_DRINK
6,60981,1,1,3,15,6,10,23,8,0,1,0,0,6,20,481,20481,31,2010,3GCRKSE38AG2,3,G,C,R,K,S,E,3,8,A,G,2,0,T,CHEV,2SK,CW,10,17,,2,0,1435,SIL,F,,,8,323,,,,B,5346,00,,44,0,0,000000000,00000000000,0,0,0,1,0,0,0,0,0,0,0,998,0,0,0,14,0,1,8,0,0,0,0,0,99997,7,6,97,7,6,7,998,997,998,998,998,998,998,98,9998,98,9998,8,0,0,0,0,6,1,65,1,6,2,1,0,0,0,98,0,0,0,98,0,0
6,60982,1,2,1,13,5,22,47,12,6,1,0,6,2,37,706,37706,80,1995,JH2SC2818SM3,J,H,2,S,C,2,8,1,8,S,M,3,0,M,HOND,CR9,RC,95,17,,,,,,,900,,4,,4,407,,,,,,,0,0,000000000,00000000000,0,0,0,1,0,0,0,0,0,0,0,998,0,0,0,12,6,2,12,0,0,0,1,6,95340,3,1,0,0,2,0,72,158,0,1,0,0,0,2,2011,2,2011,1,0,0,0,0,1,5,35,1,1,2,1,2,3,1,17,1,1,1,69,1,1
6,60982,2,2,1,13,5,22,47,12,6,1,0,6,2,37,31,37031,4,2009,2HGFA16549H3,2,H,G,F,A,1,6,5,4,9,H,3,0,P,HOND,UCL,4D,9,17,2687,,0,1063,,G,,F,4,110,,,16R205,,,,,,0,0,000000000,00000000000,0,0,0,1,0,0,0,0,0,0,0,998,0,0,0,4,6,2,12,0,0,0,1,6,95341,6,1,0,0,3,3,69,240,1,0,0,0,0,8,2011,8,2011,0,38,0,0,0,1,5,35,1,1,2,1,2,3,11,15,1,1,1,68,0,0
6,60983,1,1,1,14,6,12,50,9,0,1,0,6,2,24,7,24007,4,2003,1G8AJ52F13Z1,1,G,8,A,J,5,2,F,1,3,Z,1,0,P,STRN,SI2,4D,3,17,2683,,0,1032,,G,,F,4,134,,,15R195,,,,,,0,0,000000000,00000000000,0,0,0,1,0,0,0,0,0,0,0,998,0,0,0,12,6,2,9,0,0,0,1,6,95991,6,1,0,0,3,0,74,190,0,1,0,0,1,9,2010,10,2010,0,0,0,0,0,2,2,50,1,1,2,1,0,0,1,83,3,1,1,13,0,0
6,60984,1,2,1,14,6,23,45,12,6,1,0,6,1,37,31,37031,3,2000,1HGEM1159YL0,1,H,G,E,M,1,1,5,9,Y,L,0,0,P,HOND,USS,CP,0,17,2612,,0,1032,,G,,F,4,097,,,15R195,,,,,,0,0,000000000,00000000000,0,0,0,1,0,0,0,0,0,0,0,75,0,0,0,82,6,2,12,0,0,0,1,6,90605,6,1,0,0,3,3,67,145,0,0,0,0,0,0,0,0,0,1,0,0,0,0,2,2,35,1,1,2,1,0,0,1,10,1,7,2,66,1,1
6,60984,2,2,5,14,6,23,45,12,6,1,0,4,2,49,49,49049,6,2006,JTLKT324X640,J,T,L,K,T,3,2,4,X,6,4,0,0,P,TOYT,SXB,UT,6,17,2395,,0,984,,G,,F,4,092,,,15R185,,,,,,0,0,000000000,00000000000,0,0,0,1,0,0,0,0,0,0,0,55,0,0,0,12,6,2,12,0,0,0,1,4,85234,6,1,0,0,3,0,69,130,0,0,0,0,0,0,0,0,0,0,0,0,0,0,2,2,35,1,1,2,1,0,0,1,62,1,1,1,66,0,0
6,60985,1,2,1,19,5,2,45,12,6,1,0,6,6,2,404,2404,14,1997,1J4FJ78S1VL6,1,J,4,F,J,7,8,S,1,V,L,6,0,T,JEEP,CTY,4W,97,17,,1,0,1014,CHK,G,,,6,242,,,,,3244,00,E,44,0,0,000000000,00000000000,0,0,0,1,0,0,0,0,0,0,0,0,0,0,0,81,6,2,12,0,0,0,0,0,99997,7,6,97,7,6,7,998,997,998,998,998,998,998,98,9998,98,9998,8,20,0,0,0,3,4,65,1,1,2,1,0,0,0,98,0,0,0,66,1,0
6,60985,2,2,1,19,5,2,45,12,6,1,0,6,1,35,421,35421,15,2004,5N1AA08B84N7,5,N,1,A,A,0,8,B,8,4,N,7,0,P,NISS,ARM,UT,4,17,5108,,0,1063,,G,,F,8,342,,,16R255,,,,,,0,0,000000000,00000000000,0,0,0,1,0,0,0,0,0,0,0,65,0,0,0,12,6,2,12,0,0,0,1,6,95829,6,1,0,0,3,3,64,165,0,0,0,0,0,0,0,0,0,1,0,0,0,0,3,4,65,1,1,2,1,0,0,1,50,1,1,1,66,0,0
6,60986,1,1,4,15,6,8,2,24,0,1,0,4,1,37,32,37032,4,2006,JHMCM56746C0,J,H,M,C,M,5,6,7,4,6,C,0,0,P,HOND,UEX,4D,6,17,3239,,0,1079,,G,,F,4,146,,,16R205,,,,,,0,0,000000000,00000000000,0,0,0,1,0,0,0,0,0,0,0,70,0,1,5,98,6,2,1,0,0,0,1,4,85209,6,1,0,0,3,3,71,194,0,0,0,0,0,0,0,0,0,0,0,0,0,0,2,2,70,1,1,2,1,0,0,1,8,1,7,4,7,1,0
6,60987,1,1,3,9,6,19,32,9,0,1,0,6,1,37,31,37031,4,1999,2HGEJ6675XH5,2,H,G,E,J,6,6,7,5,X,H,5,0,P,HOND,UCL,4D,99,17,2456,,0,1032,,G,,F,4,097,,,14R185,,,,,,0,0,000000000,00000000000,0,0,0,1,0,0,0,0,0,0,0,40,0,0,0,1,4,1,9,0,0,0,1,6,95632,6,1,0,0,3,3,66,145,0,0,0,0,0,0,0,0,0,0,0,0,0,0,5,4,50,1,8,2,1,0,0,1,83,8,1,1,13,0,0
6,60988,1,1,2,24,5,13,0,9,0,1,0,6,1,84,881,84881,62,1999,1HTSCABM7XH6,1,H,T,S,C,A,B,M,7,X,H,6,0,T,INTL,470,CC,99,17,,6,2540,1280,40S,D,,,8,444,,,,,00000,00,,42,0,6,415667,06415667,2,1,1,1,0,0,0,0,0,0,0,45,0,0,0,12,2,1,9,0,0,0,1,6,95108,6,1,0,0,3,0,68,140,0,0,0,0,0,0,0,0,0,0,48,0,0,0,1,2,55,3,1,2,1,0,0,14,80,6,1,4,13,0,0
6,60989,1,2,1,15,6,18,30,12,6,1,0,48,3,51,881,51881,66,2009,4V4NC9EJ49N2,4,V,4,N,C,9,E,J,4,9,N,2,1,T,VOLV,VNL,TR,9,17,,8,0,0,VVN,D,,,6,793,,,,,00000,00,,64,1,57,239936,57239936,3,6,1,1,0,0,0,0,0,0,0,55,0,1,5,12,6,2,12,0,0,0,1,6,93245,6,1,6,0,3,3,69,181,0,0,0,2,3,1,2010,2,2012,0,39,53,0,0,1,2,55,1,1,2,1,20,3,1,17,1,1,1,86,0,0
6,60989,2,2,4,15,6,18,30,12,6,1,0,6,2,20,32,20032,4,1993,1Y1SK536XPZ0,1,Y,1,S,K,5,3,6,X,P,Z,0,0,P,GEO,GEP,4D,93,17,2348,,0,971,,G,,F,4,097,,,14R175,,,,,,0,0,000000000,00000000000,0,0,0,1,0,0,0,0,0,0,0,55,0,0,0,82,6,2,12,0,0,0,1,6,93280,0,0,0,0,0,0,70,180,0,0,0,0,0,0,0,0,0,0,0,0,0,0,1,2,55,1,1,2,1,0,0,1,66,1,1,1,87,1,0
6,60990,1,1,1,9,6,12,30,1,0,1,0,32,1,72,706,72706,80,2003,1HD1GDV433K3,1,H,D,1,G,D,V,4,3,3,K,3,0,M,HD,ADL,RS,3,17,,,,,,,1450,,2,,4,612,,,,,,,0,0,000000000,00000000000,0,0,0,1,0,0,0,0,0,0,0,998,0,0,0,0,4,3,1,0,0,0,1,6,93555,6,1,0,0,3,0,75,220,0,0,0,0,0,0,0,0,0,0,48,0,0,0,1,2,55,1,8,2,1,0,0,1,13,1,1,4,1,1,0
6,60991,1,1,1,9,6,17,25,33,0,1,0,6,2,37,31,37031,2,2008,2HGFG215X8H7,2,H,G,F,G,2,1,5,X,8,H,7,0,P,HOND,UCS,CP,8,17,2886,,0,1043,,G,,F,4,122,,,17R245,,,,,,0,0,000000000,00000000000,0,0,0,1,0,0,0,0,0,0,0,999,4,0,0,14,6,2,14,0,0,0,1,6,91387,6,1,0,0,3,0,70,140,0,0,0,0,0,0,0,0,0,0,48,0,0,0,3,3,65,1,8,8,1,0,0,1,13,1,1,4,1,1,0
6,60992,1,1,1,6,6,9,26,9,0,1,0,6,1,20,401,20401,14,1999,1GNCS13W2X21,1,G,N,C,S,1,3,W,2,X,2,1,0,P,CHEV,BZR,UT,99,17,3692,,0,1070,,G,,F,6,262,,,15R205,,,,,,0,0,000000000,00000000000,0,0,0,1,0,0,0,0,0,0,0,998,0,0,0,12,2,1,9,0,0,0,1,6,91767,6,1,0,0,3,0,69,230,0,0,0,1,0,6,2010,6,2010,0,0,0,0,0,1,2,35,1,8,8,1,0,0,1,83,99,1,1,13,0,0
6,60993,1,1,2,14,1,3,5,35,0,1,0,6,2,76,734,76734,97,2006,5Y4AM04Y26A0,5,Y,4,A,M,0,4,Y,2,6,A,0,0,M,YAMA,R66,AT,6,17,,,,,,,660,,1,,4,1054,,,,,,,0,0,000000000,00000000000,0,0,0,1,0,0,0,0,0,0,0,38,0,1,6,98,2,3,1,0,0,0,1,53,92586,1,1,0,0,2,0,61,110,0,1,1,2,2,1,2010,7,2011,1,0,0,0,0,1,2,25,2,1,5,1,0,0,14,13,1,1,4,1,1,1
6,60994,1,1,1,10,6,5,15,35,0,1,0,32,1,2,403,2403,14,2004,1J4FA49S84P7,1,J,4,F,A,4,9,S,8,4,P,7,0,T,JEEP,SPW,2W,4,17,,1,0,934,W/T,G,,,6,244,,,,,3343,00,E,44,0,0,000000000,00000000000,0,0,0,1,0,0,0,0,0,0,0,999,0,1,5,98,6,2,35,0,0,0,1,32,89040,6,1,0,0,3,0,76,225,0,0,0,0,0,0,0,0,0,0,48,0,0,0,1,2,55,1,1,2,1,0,0,17,90,6,2,4,2,1,0
6,60995,1,3,1,15,6,23,37,14,0,1,0,6,1,72,706,72706,80,2011,1HD4LE237BC4,1,H,D,4,L,E,2,3,7,B,C,4,0,M,HD,X8N,RS,11,17,,,,,,,883,,2,,4,548,,,,,,,0,0,000000000,00000000000,0,0,0,1,0,0,0,0,0,0,0,999,0,0,0,12,6,2,12,0,0,0,1,6,92024,6,1,0,0,3,0,72,170,0,3,0,2,0,8,2009,5,2012,1,33,0,0,0,3,6,65,1,8,1,1,0,0,1,13,1,1,4,1,1,1
6,60995,3,3,5,15,6,23,37,14,0,1,0,6,2,14,36,14036,6,1997,3MELM15P6VR6,3,M,E,L,M,1,5,P,6,V,R,6,0,P,MERC,TTR,SW,97,17,2569,,0,984,,G,,F,4,122,,,14R185,,,,,,0,0,000000000,00000000000,0,0,0,1,0,0,0,0,0,0,0,998,0,0,0,81,4,3,12,0,0,0,1,6,92071,6,1,0,0,3,3,68,230,0,0,0,0,0,0,0,0,0,0,0,0,0,0,3,6,65,1,8,1,1,0,0,1,61,1,1,1,98,0,0
6,60995,4,3,2,15,6,23,37,14,0,1,0,6,1,6,55,6055,1,2005,1C3AN65L55X0,1,C,3,A,N,6,5,L,5,5,X,0,0,P,CHRY,CRL,CV,5,17,3006,,0,945,,G,,F,6,195,,,18R225,,,,,,0,0,000000000,00000000000,0,0,0,1,0,0,0,0,0,0,0,998,0,0,0,7,4,3,12,0,0,0,1,47,37801,6,1,0,0,3,0,72,158,0,0,0,0,0,0,0,0,0,0,0,0,0,0,3,6,65,1,8,1,1,0,0,1,60,1,1,1,98,0,0
6,60996,1,1,1,1,5,15,30,8,0,1,0,6,2,59,33,59033,2,1992,JT8UZ30C9N00,J,T,8,U,Z,3,0,C,9,N,0,0,0,P,LEXS,SC4,CP,92,17,3575,,0,1059,,G,,F,8,242,,,15R215,,,,,,0,0,000000000,00000000000,0,0,0,1,0,0,0,0,0,0,0,83,0,0,0,12,4,3,8,0,0,0,1,6,94549,6,1,0,0,3,0,66,115,0,0,0,0,0,0,0,0,0,0,0,0,0,0,2,2,35,3,6,2,1,28,3,14,80,1,1,1,13,0,0
6,60997,1,2,1,16,6,2,35,12,6,1,0,37,5,35,47,35047,2,2010,1N4BL2EP6AC1,1,N,4,B,L,2,E,P,6,A,C,1,0,P,NISS,ATR,CP,10,17,3216,,0,1053,,G,,F,6,214,,,18R235,,,,,,0,0,000000000,00000000000,0,0,0,1,0,0,0,0,0,0,0,998,0,1,1,12,6,2,12,0,0,0,1,37,90291,1,1,0,0,2,0,70,150,0,2,1,1,1,10,2010,2,2011,1,39,0,0,0,1,4,35,1,1,2,1,2,3,1,17,1,1,1,86,0,1
6,60997,2,2,1,16,6,2,35,12,6,1,0,6,2,37,31,37031,2,2000,1HGEJ8248YL1,1,H,G,E,J,8,2,4,8,Y,L,1,0,P,HOND,UAX,CP,0,17,2560,,0,1032,,G,,F,4,097,,,14R185,,,,,,0,0,000000000,00000000000,0,0,0,1,0,0,0,0,0,0,0,998,0,0,0,3,6,2,12,0,0,0,1,6,90043,6,1,0,0,3,3,69,250,0,1,0,0,1,5,2011,3,2012,0,0,0,0,0,2,3,35,3,1,2,1,2,3,14,66,1,1,1,87,1,1
6,60998,1,2,1,30,1,1,0,12,6,1,0,6,2,24,6,24006,6,2003,1G8JW84R13Y5,1,G,8,J,W,8,4,R,1,3,Y,5,0,P,STRN,LW3,SW,3,17,3272,,0,1065,,G,,F,6,183,,,16R215,,,,,,0,0,000000000,00000000000,0,0,0,1,0,0,0,0,0,0,0,73,0,0,0,12,6,2,12,0,0,0,1,6,92358,0,0,0,0,0,0,66,128,0,0,0,0,0,0,0,0,0,1,39,0,0,0,5,6,50,1,1,1,1,2,3,1,17,1,1,1,83,0,0
6,60998,2,2,2,30,1,1,0,12,6,1,0,6,2,18,20,18020,4,1993,2G4WB54L4P14,2,G,4,W,B,5,4,L,4,P,1,4,0,P,BUIC,RGC,4D,93,17,3167,,0,1075,,G,,F,6,231,,,15R205,,,,,,0,0,000000000,00000000000,0,0,0,1,0,0,0,0,0,0,0,11,0,0,0,63,6,2,12,0,0,0,1,6,92392,0,0,0,0,0,0,73,205,0,0,0,0,0,0,0,0,0,0,0,0,0,0,1,5,45,1,1,1,1,2,3,11,15,1,1,1,82,1,0
6,60999,1,2,1,7,6,15,54,12,2,1,0,6,1,12,401,12401,14,1994,1FMCU22X2RUE,1,F,M,C,U,2,2,X,2,R,U,E,0,P,FORD,EPR,UT,94,17,3646,,0,1020,,G,,F,6,245,,,15R225,,,,,,0,0,000000000,00000000000,0,0,0,1,0,0,0,0,0,0,0,999,0,0,0,12,6,2,12,0,0,0,1,6,95554,6,1,0,0,3,0,72,215,0,0,0,0,0,0,0,0,0,0,28,0,0,0,2,2,65,1,1,8,1,0,0,1,10,99,1,2,50,0,0
6,60999,2,2,1,7,6,15,54,12,2,1,0,6,1,76,706,76706,80,2005,JYAVP17Y05A0,J,Y,A,V,P,1,7,Y,0,5,A,0,0,M,YAMA,X17,RS,5,17,,,,,,,1670,,2,,4,999,,,,,,,0,0,000000000,00000000000,0,0,0,1,0,0,0,0,0,0,0,999,0,0,0,12,6,2,12,0,0,0,1,6,95536,6,1,0,0,3,0,70,220,0,0,0,0,0,0,0,0,0,0,0,0,0,0,2,2,65,1,1,8,1,0,0,1,62,99,1,1,51,1,0
6,61000,1,1,1,27,5,11,30,1,0,1,0,6,1,12,481,12481,31,2000,1FTZF1723YKB,1,F,T,Z,F,1,7,2,3,Y,K,B,0,T,FORD,F15,PK,0,17,,1,1385,1199,COF,G,,,6,256,,,,B,3923,04,U,42,0,0,000000000,00000000000,0,0,0,1,0,0,0,0,0,0,0,998,0,1,5,0,6,2,1,0,0,0,1,6,95838,6,1,0,0,3,0,73,320,1,1,1,0,0,11,2011,11,2011,0,48,58,0,0,1,2,55,3,6,2,1,0,0,14,13,6,3,4,2,1,0
6,61001,1,2,1,16,6,3,48,12,2,1,0,6,1,37,32,37032,4,1991,JHMCB7658MC0,J,H,M,C,B,7,6,5,8,M,C,0,0,P,HOND,ALE,4D,91,17,2857,,0,1071,,G,,F,4,132,,,14R185,,,,,,0,0,000000000,00000000000,0,0,0,1,0,0,0,0,0,0,0,999,0,0,0,12,6,2,12,0,0,0,1,6,93308,6,1,0,0,3,0,76,170,0,0,0,0,0,0,0,0,0,0,28,0,0,0,1,2,55,1,1,2,1,0,0,1,10,1,1,4,52,1,0
6,61001,2,2,1,16,6,3,48,12,2,1,0,48,3,51,881,51881,66,1998,4VG7DBJH4WN7,4,V,G,7,D,B,J,H,4,W,N,7,1,T,VOLV,VVN,TR,98,17,,8,0,0,VVN,D,,,6,855,,,,,00000,00,,64,1,57,589266,57589266,3,6,2,2,2,1075,2,1,0,0,0,998,0,0,0,12,6,2,12,0,0,0,1,6,91340,6,1,6,1,3,0,68,200,0,0,0,0,0,0,0,0,0,0,0,0,0,0,1,2,55,1,1,2,1,0,0,1,62,9,1,4,52,0,0
6,61002,1,2,1,6,2,12,42,12,1,1,0,6,1,20,34,20034,3,1996,2C1MR2292T67,2,C,1,M,R,2,2,9,2,T,6,7,0,P,GEO,GML,2H,96,17,1808,,0,931,,G,,F,4,079,,,13R155,,,,,,0,0,000000000,00000000000,0,0,0,1,0,0,0,0,0,0,0,998,0,0,0,12,4,3,12,32,0,0,1,6,93635,1,1,0,0,2,3,61,165,0,1,0,1,0,1,2011,8,2011,1,0,0,0,0,1,2,35,1,1,2,1,20,3,1,50,1,1,1,20,1,0
6,61002,2,2,4,6,2,12,42,12,1,1,0,6,2,35,47,35047,4,2001,1N4DL01D11C1,1,N,4,D,L,0,1,D,1,1,C,1,0,P,NISS,AXE,4D,1,17,2754,,0,1031,,G,,F,4,146,,,15R195,,,,,,0,0,000000000,00000000000,0,0,0,1,0,0,0,0,0,0,0,0,0,0,0,6,4,3,12,0,0,0,1,6,95127,6,1,0,0,3,3,60,140,0,1,0,0,0,3,2010,3,2010,0,0,0,0,0,1,2,35,1,1,2,1,20,3,5,53,1,1,1,21,0,0
6,61003,1,1,1,15,6,6,35,8,0,1,0,6,1,20,481,20481,31,2004,1GCGK23U04F1,1,G,C,G,K,2,3,U,0,4,F,1,0,T,CHEV,SK2,CW,4,17,,2,0,1530,SIL,G,,,8,364,,,,C,5817,00,,44,0,0,000000000,00000000000,0,0,0,1,0,0,0,0,0,0,0,998,0,0,0,98,0,1,8,0,0,0,1,6,91364,6,1,0,0,3,3,70,160,0,0,0,0,0,0,0,0,0,0,0,0,0,0,1,2,35,1,8,8,1,2,3,10,80,1,1,1,13,0,0
6,61004,1,2,1,16,6,15,15,12,2,1,0,6,1,1,7,1007,6,1976,A6A087E20264,A,6,A,0,8,7,E,2,0,2,6,4,0,P,AMER,SPO,SW,76,13,3040,,0,1080,,G,,1,6,232,,,14695,,,,,,0,0,000000000,00000000000,0,0,0,1,0,0,0,0,0,0,0,999,0,0,0,12,6,2,12,0,0,0,1,6,91905,6,1,0,0,3,3,68,180,0,0,0,0,0,0,0,0,0,0,0,0,0,0,1,2,55,2,1,2,1,40,3,1,8,1,1,2,50,1,0
6,61004,2,2,4,16,6,15,15,12,2,1,0,6,1,12,481,12481,31,2002,1FTNW20F62ED,1,F,T,N,W,2,0,F,6,2,E,D,0,T,FORD,F2S,CW,2,17,,2,1724,1562,SRW,D,,,8,444,,,,C,5846,04,E,42,0,0,000000000,00000000000,0,0,0,1,0,0,0,0,0,0,0,40,0,0,0,12,6,2,12,0,0,0,1,6,91977,6,1,0,0,3,0,68,180,0,0,0,0,0,0,0,0,0,0,0,0,0,0,1,2,55,3,1,2,1,40,3,14,62,7,1,1,51,0,0
6,61005,1,1,1,8,6,2,35,52,0,1,0,6,1,52,46,52046,4,2008,JA3AU86U88U0,J,A,3,A,U,8,6,U,8,8,U,0,0,P,MITS,LGT,4D,8,17,3031,,0,1037,,G,,F,4,122,,,18R215,,,,,,0,0,000000000,00000000000,0,0,0,1,0,0,0,0,0,0,0,100,0,0,0,98,6,2,52,0,0,0,1,6,92563,6,1,0,0,3,0,63,250,0,0,0,0,0,0,0,0,0,1,0,0,0,0,3,3,70,1,8,1,1,0,0,1,12,99,1,4,6,1,1
6,61006,1,3,4,31,1,20,25,12,1,1,0,99,9,99,999,99999,99,9999,999999999999,9,9,9,9,9,9,9,9,9,9,9,9,0,,,,,,,,,,,,,,,,,,,,,,,,,0,0,000000000,00000000000,0,0,0,1,0,0,0,0,0,0,0,45,0,0,0,12,6,2,12,0,0,0,1,6,90230,6,1,0,0,3,0,75,200,1,0,0,0,0,6,2011,6,2011,1,0,0,0,0,3,6,55,1,1,8,1,0,0,1,50,4,1,1,32,0,0
6,61006,2,3,1,31,1,20,25,12,1,1,0,6,6,49,40,49040,4,1996,1NXBB02E4TZ4,1,N,X,B,B,0,2,E,4,T,Z,4,0,P,TOYT,CRD,4D,96,17,2381,,0,970,,G,,F,4,108,,,14R185,,,,,,0,0,000000000,00000000000,0,0,0,1,0,0,0,0,0,0,0,0,0,0,0,6,6,2,12,0,0,0,0,0,99997,7,6,97,7,6,7,998,997,998,998,998,998,998,98,9998,98,9998,8,0,0,0,0,3,6,55,1,1,8,1,0,0,0,53,0,0,0,32,1,0
6,61006,3,3,1,31,1,20,25,12,1,1,0,6,6,51,46,51046,4,2007,YV1MS3823723,Y,V,1,M,S,3,8,2,3,7,2,3,0,P,VOLV,S42,4D,7,17,3223,,0,1039,,G,,F,5,149,,,16R205,,,,,,0,0,000000000,00000000000,0,0,0,1,0,0,0,0,0,0,0,0,0,0,0,6,4,3,12,0,0,0,0,0,99997,7,6,97,7,6,7,998,997,998,998,998,998,998,98,9998,98,9998,8,0,0,0,0,3,6,55,1,1,8,1,0,0,0,53,0,0,0,98,0,0
6,61007,1,1,1,8,6,8,35,9,0,1,1,6,1,7,482,7482,31,2003,1D7HU16D43J5,1,D,7,H,U,1,6,D,4,3,J,5,0,T,DODG,S15,PK,3,17,,2,1405,1205,RPC,G,,,8,345,,,,B,4697,02,E,44,0,0,000000000,00000000000,0,0,0,1,0,0,0,0,0,0,0,45,0,0,0,12,2,1,9,0,0,0,1,6,94928,6,1,0,0,3,0,68,220,0,0,0,0,0,0,0,0,0,0,0,0,0,0,1,2,45,1,1,2,1,0,0,1,83,99,1,4,13,0,0
6,61008,1,2,1,24,5,14,55,12,6,1,0,6,3,42,48,42048,4,1998,WDBJF65F0WA6,W,D,B,J,F,6,5,F,0,W,A,6,0,P,MERZ,E32,4D,98,17,3340,,0,1115,,G,,F,6,195,,,16R215,,,,,,0,0,000000000,00000000000,0,0,0,1,0,0,0,0,0,0,0,998,0,0,0,81,6,2,12,0,0,0,1,6,95821,6,1,0,0,3,3,70,195,0,0,0,0,0,0,0,0,0,0,28,51,24,0,1,6,40,1,1,2,1,0,0,11,98,1,1,2,68,1,0
6,61008,2,2,1,24,5,14,55,12,6,1,0,6,1,30,421,30421,15,2011,WVGFF9BP8BD0,W,V,G,F,F,9,B,P,8,B,D,0,0,P,VOLK,TOU,UT,11,17,4711,,0,0,,G,,F,6,219,,,000000,,,,,,0,0,000000000,00000000000,0,0,0,1,0,0,0,0,0,0,0,40,0,0,0,12,4,3,12,0,0,0,1,6,95628,6,1,0,0,3,0,70,180,0,0,0,0,1,9,2011,9,2011,0,0,0,0,0,1,6,40,1,1,2,1,0,0,1,62,1,1,1,69,0,0
6,61009,1,1,2,27,5,2,47,42,0,1,0,53,2,37,32,37032,4,1999,JHMCG5545XC0,J,H,M,C,G,5,5,4,5,X,C,0,0,P,HOND,ULX,4D,99,17,2987,,0,1069,,G,,F,4,138,,,15R195,,,,,,0,0,000000000,00000000000,0,0,0,1,0,0,0,0,0,0,0,57,0,1,1,12,6,2,42,0,0,0,1,53,99204,6,1,0,0,3,0,67,150,0,0,0,1,0,6,2011,6,2011,1,0,0,0,0,1,2,35,3,6,2,1,0,0,14,9,1,2,4,2,1,1
6,61010,1,1,2,16,5,4,0,43,0,1,0,37,4,82,881,82881,66,2007,1FUJA6CK57LW,1,F,U,J,A,6,C,K,5,7,L,W,1,T,FRHT,COL,TR,7,17,,8,0,0,CON,D,,,6,855,,,,,00000,00,,64,1,57,0024491,570024491,3,6,1,1,0,0,0,0,0,0,0,998,0,1,6,12,6,2,1,0,0,0,1,37,28645,6,1,6,0,3,0,69,215,0,0,0,0,0,0,0,0,0,0,0,0,0,0,1,2,55,3,1,2,1,28,3,14,13,1,1,4,1,1,0
6,61011,1,2,2,26,5,16,5,12,2,1,0,6,1,12,481,12481,31,2002,1FTSW31S52EB,1,F,T,S,W,3,1,S,5,2,E,B,0,T,FORD,F3S,CW,2,17,,2,1724,1562,SRW,G,,,10,415,,,,D,6228,04,E,44,0,0,000000000,00000000000,0,0,0,1,0,0,0,0,0,0,0,55,7,0,0,12,6,2,12,0,0,0,1,6,95355,6,1,0,0,3,3,72,200,0,0,0,0,0,0,0,0,0,0,28,0,0,0,1,2,55,1,1,2,1,0,0,1,1,7,1,2,50,0,0
6,61011,2,2,1,26,5,16,5,12,2,1,0,6,1,49,40,49040,4,2012,4T4BF1FK2CR1,4,T,4,B,F,1,F,K,2,C,R,1,0,P,TOYT,CBA,4D,12,17,3190,,0,1093,,G,,F,4,152,,,16R205,,,,,,0,0,000000000,00000000000,0,0,0,1,0,0,0,0,0,0,0,55,0,0,0,12,6,2,12,0,0,0,1,6,95320,6,1,0,0,3,3,66,168,0,0,0,0,0,0,0,0,0,0,0,0,0,0,1,2,55,1,1,2,1,0,0,1,62,1,1,1,51,1,0
6,61012,1,1,2,27,5,14,36,1,0,1,0,6,1,37,706,37706,80,2004,JH2SC57024M0,J,H,2,S,C,5,7,0,2,4,M,0,0,M,HOND,CBS,RC,4,17,,,,,,,998,,4,,4,396,,,,,,,0,0,000000000,00000000000,0,0,0,1,0,0,0,0,0,0,0,998,0,0,0,0,6,2,1,0,0,0,1,6,94590,6,1,0,0,3,3,75,205,0,10,1,1,2,10,2009,1,2012,1,0,0,0,0,1,2,30,3,1,8,98,0,0,14,6,3,2,4,7,2,0
6,61013,1,1,1,20,5,13,48,17,0,1,0,41,1,53,706,53706,80,2005,JS1VT53A7521,J,S,1,V,T,5,3,A,7,5,2,1,0,M,SUZI,DL1,RS,5,17,,,,,,,996,,2,,4,458,,,,,,,0,0,000000000,00000000000,0,0,0,1,0,0,0,0,0,0,0,999,0,0,0,12,6,2,17,0,0,0,1,41,97305,6,1,0,0,3,0,70,185,0,0,0,0,0,0,0,0,0,9,0,0,0,0,1,2,55,1,1,2,1,0,0,1,13,1,1,4,1,1,0