STATE,ST_CASE,VEH_NO,VE_FORMS,NUMOCCS,DAY,MONTH,HOUR,MINUTE,HARM_EV,MAN_COLL,UNITTYPE,HIT_RUN,REG_STAT,OWNER,MAKE,MODEL,MAK_MOD,BODY_TYP,MOD_YEAR,VIN,VIN_1,VIN_2,VIN_3,VIN_4,VIN_5,VIN_6,VIN_7,VIN_8,VIN_9,VIN_10,VIN_11,VIN_12,TOW_VEH,VINTYPE,VINMAKE,VINA_MOD,VIN_BT,VINMODYR,VIN_LNGT,VIN_WGT,WGTCD_TR,WHLBS_LG,WHLBS_SH,SER_TR,FUELCODE,MCYCL_DS,CARBUR,CYLINDER,DISPLACE,MCYCL_CY,MCYCL_WT,TIRE_SZE,TON_RAT,TRK_WT,TRKWTVAR,VIN_REST,WHLDRWHL,J_KNIFE,MCARR_I1,MCARR_I2,MCARR_ID,GVWR,V_CONFIG,CARGO_BT,HAZ_INV,HAZ_PLAC,HAZ_ID,HAZ_CNO,HAZ_REL,BUS_USE,SPEC_USE,EMER_USE,TRAV_SP,UNDERIDE,ROLLOVER,ROLINLOC,IMPACT1,DEFORMED,TOWED,M_HARM,VEH_SC1,VEH_SC2,FIRE_EXP,DR_PRES,L_STATE,DR_ZIP,L_STATUS,L_TYPE,CDL_STAT,L_ENDORS,L_COMPL,L_RESTRI,DR_HGT,DR_WGT,PREV_ACC,PREV_SUS,PREV_DWI,PREV_SPD,PREV_OTH,FIRST_MO,FIRST_YR,LAST_MO,LAST_YR,SPEEDREL,DR_SF1,DR_SF2,DR_SF3,DR_SF4,VTRAFWAY,VNUM_LAN,VSPD_LIM,VALIGN,VPROFILE,VPAVETYP,VSURCOND,VTRAFCON,VTCONT_F,P_CRASH1,P_CRASH2,P_CRASH3,PCRASH4,PCRASH5,ACC_TYPE,DEATHS,DR_DRINK
6,61354,1,2,1,15,8,21,40,12,1,1,0,6,3,82,881,82881,62,1999,1FV6HJACXXHA,1,F,V,6,H,J,A,C,X,X,H,A,0,T,FRHT,F70,CC,99,17,,6,0,0,MCV,D,,,6,439,,,,,00000,00,,42,0,57,913987,57913987,2,98,1,1,0,0,0,0,0,0,0,55,0,0,0,12,6,2,12,0,0,0,1,6,90037,6,1,0,0,3,3,66,138,1,0,0,0,0,11,2010,11,2010,1,0,0,0,0,3,2,55,1,1,2,1,40,3,1,50,1,1,1,20,0,0
6,61354,2,2,4,15,8,21,40,12,1,1,0,6,2,21,20,21020,2,1990,1G3WR14T8LD3,1,G,3,W,R,1,4,T,8,L,D,3,0,P,OLDS,SUI,CP,90,17,3075,,0,1075,,G,,F,6,191,,,16R215,,,,,,0,0,000000000,00000000000,0,0,0,1,0,0,0,0,0,0,0,0,0,0,0,6,6,2,12,0,0,0,1,6,93307,0,0,0,0,0,0,67,198,0,0,0,0,0,0,0,0,0,0,0,0,0,0,3,2,55,1,1,2,1,40,3,5,53,1,1,1,21,1,0
6,61355,1,2,2,26,7,22,49,12,7,1,0,6,1,23,431,23431,16,1995,1GKEK18KXSJ7,1,G,K,E,K,1,8,K,X,S,J,7,0,T,GMC,YUK,2W,95,17,,2,0,1115,YUK,G,,,8,350,,,,B,00000,00,M,44,0,0,000000000,00000000000,0,0,0,1,0,0,0,0,0,0,0,999,0,0,0,82,6,2,42,0,0,1,1,6,95210,1,1,0,0,2,0,65,205,0,1,0,0,1,4,2011,6,2012,1,27,0,0,0,3,3,55,1,1,2,1,0,0,15,11,1,1,2,46,2,1
6,61355,2,2,1,26,7,22,49,12,7,1,0,6,1,12,3,12003,2,1985,1FABP2731FF2,1,F,A,B,P,2,7,3,1,F,F,2,0,P,FORD,MLG,CV,85,17,2862,,0,1005,,G,,F,6,232,,,14R205,,,,,,0,0,000000000,00000000000,0,0,0,1,0,0,0,0,0,0,0,53,0,0,0,63,4,3,12,0,0,0,1,6,95642,6,1,0,0,3,0,72,220,0,0,0,0,0,0,0,0,0,0,0,0,0,0,3,3,55,1,1,2,1,0,0,1,60,1,1,1,45,0,0
6,61356,1,1,1,15,8,23,10,8,0,1,0,6,1,54,39,54039,4,2004,JH4CL96894C0,J,H,4,C,L,9,6,8,9,4,C,0,0,P,ACUR,TSX,4D,4,17,3318,,0,1051,,G,,F,4,146,,,17R215,,,,,,0,0,000000000,00000000000,0,0,0,1,0,0,0,0,0,0,0,40,0,0,0,12,6,2,8,0,0,0,1,6,91733,6,1,0,0,3,0,71,155,0,0,0,0,0,0,0,0,0,0,0,0,0,0,6,1,65,1,1,1,1,0,0,1,80,1,1,1,13,0,0
6,61357,1,2,3,1,3,7,56,12,2,1,0,6,1,6,441,6441,20,2004,2C8GP44R84R5,2,C,8,G,P,4,4,R,8,4,R,5,0,T,CHRY,TLX,ES,4,17,,1,0,1193,TWC,G,,,6,201,,,,,3962,00,,42,0,0,000000000,00000000000,0,0,0,1,0,0,0,0,0,0,0,998,0,0,0,12,6,2,12,0,0,0,1,6,90504,6,1,0,0,3,3,67,180,0,0,0,0,0,0,0,0,0,0,38,0,0,0,5,4,45,1,1,8,1,2,3,11,15,1,1,1,68,1,0
6,61357,2,2,2,1,3,7,56,12,2,1,0,6,1,48,38,48038,4,2009,JF1GE61679G5,J,F,1,G,E,6,1,6,7,9,G,5,0,P,SUBA,I25,4D,9,17,3064,,0,1031,,G,,F,4,150,,,16R205,,,,,,0,0,000000000,00000000000,0,0,0,1,0,0,0,0,0,0,0,998,0,0,0,12,6,2,12,0,0,0,1,6,90501,6,1,0,0,3,3,68,130,0,0,0,0,0,0,0,0,0,0,0,0,0,0,5,4,45,1,1,8,1,2,3,1,17,1,1,1,69,0,0
6,61358,1,1,2,16,8,11,10,42,0,1,0,6,1,12,471,12471,30,1997,1FTCR10A3VUB,1,F,T,C,R,1,0,A,3,V,U,B,0,T,FORD,RNG,PK,97,17,,1,1140,1080,RNG,G,,,4,140,,,,B,2970,01,E,42,0,0,000000000,00000000000,0,0,0,1,0,0,0,0,0,0,0,73,0,1,6,12,6,2,42,0,0,0,1,6,92040,6,1,0,0,3,0,67,150,0,0,0,0,0,0,0,0,0,0,48,0,0,0,2,2,70,1,6,2,1,0,0,1,13,1,1,4,1,2,0
6,61359,1,1,1,23,8,17,51,8,0,1,1,6,2,12,442,12442,20,1997,2FMDA514XVBC,2,F,M,D,A,5,1,4,X,V,B,C,0,T,FORD,WWG,ES,97,17,,1,0,1207,WIN,G,,,6,232,,,,B,3710,02,E,42,0,0,000000000,00000000000,0,0,0,1,0,0,0,0,0,0,0,998,0,0,0,12,9,1,8,0,0,0,1,6,95501,1,1,0,0,2,3,67,200,1,2,1,0,0,3,2011,4,2011,0,38,0,0,0,2,3,30,1,8,2,1,0,0,1,80,1,1,1,13,0,1
6,61360,1,1,1,16,3,1,41,8,0,1,1,99,9,99,999,99999,99,9999,999999999999,9,9,9,9,9,9,9,9,9,9,9,9,0,,,,,,,,,,,,,,,,,,,,,,,,,0,0,000000000,00000000000,0,0,0,1,0,0,0,0,0,0,0,998,0,0,0,99,9,1,8,0,0,0,1,99,99999,9,9,99,9,9,9,999,999,99,99,99,99,99,99,9999,99,9999,0,0,0,0,0,1,2,25,1,1,2,1,0,0,1,80,99,1,1,13,0,0
6,61361,1,1,2,16,8,20,53,8,0,1,0,6,1,49,40,49040,4,1992,4T1VK12E7NU0,4,T,1,V,K,1,2,E,7,N,U,0,0,P,TOYT,CLE,4D,92,17,3053,,0,1031,,G,,F,6,181,,,000000,,,,,,0,0,000000000,00000000000,0,0,0,1,0,0,0,0,0,0,0,998,0,0,0,12,4,3,8,0,0,0,1,6,90621,6,1,0,0,3,1,71,215,0,0,0,0,0,0,0,0,0,0,57,0,0,0,1,4,45,1,1,2,1,0,0,1,80,3,2,1,13,0,0
6,61362,1,1,1,4,7,21,21,33,0,1,0,6,2,37,32,37032,4,2006,1HGCM56706A0,1,H,G,C,M,5,6,7,0,6,A,0,0,P,HOND,UEX,4D,6,17,3142,,0,1079,,G,,F,4,146,,,16R205,,,,,,0,0,000000000,00000000000,0,0,0,1,0,0,0,0,0,0,0,998,0,1,3,14,6,2,1,0,0,0,1,6,91754,6,1,0,0,3,3,66,160,0,0,0,0,0,0,0,0,0,0,99,99,99,99,2,2,40,1,1,2,1,0,0,1,12,99,9,4,6,1,0
6,61363,1,1,2,2,8,3,24,1,0,1,0,6,2,37,31,37031,2,1995,2HGEJ2220SH5,2,H,G,E,J,2,2,2,0,S,H,5,0,P,HOND,CID,CP,95,17,2168,,0,1032,,G,,F,4,091,,,13R175,,,,,,0,0,000000000,00000000000,0,0,0,1,0,0,0,0,0,0,0,65,0,1,5,0,6,2,1,0,0,0,1,6,93291,6,1,0,0,3,0,71,160,0,0,0,0,0,0,0,0,0,0,48,0,0,0,2,2,65,1,1,2,1,0,0,1,12,1,3,4,2,1,1
6,61364,1,2,5,4,7,21,40,12,1,1,0,6,1,49,40,49040,4,2012,4T1BF1FK4CU0,4,T,1,B,F,1,F,K,4,C,U,0,0,P,TOYT,CBA,4D,12,17,3190,,0,1093,,G,,F,4,152,,,16R205,,,,,,0,0,000000000,00000000000,0,0,0,1,0,0,0,0,0,0,0,998,0,0,0,12,6,2,12,0,0,0,1,6,92227,6,1,0,0,3,0,66,187,0,0,0,0,0,0,0,0,0,1,26,0,0,0,2,2,65,1,8,8,1,0,0,1,52,99,1,1,28,1,0
6,61364,2,2,1,4,7,21,40,12,1,1,0,48,3,85,881,85881,66,2006,1XKADB9XX6R1,1,X,K,A,D,B,9,X,X,6,R,1,1,T,KW,T60,TR,6,17,,8,2600,1600,CON,D,,,6,893,,,,,00000,00,,64,1,57,1769034,571769034,3,6,3,1,0,0,0,0,0,0,0,998,0,0,0,6,2,1,12,0,0,0,1,48,77044,6,1,6,0,3,0,62,999,0,0,0,0,0,0,0,0,0,0,0,0,0,0,2,2,65,1,8,8,1,0,0,2,53,1,1,1,29,0,0
6,61365,1,1,1,2,8,6,33,1,0,1,0,4,2,12,401,12401,14,2001,999999999999,9,9,9,9,9,9,9,9,9,9,9,9,0,,,,,,,,,,,,,,,,,,,,,,,,,0,0,000000000,00000000000,0,0,0,1,0,0,0,0,0,0,0,65,0,2,1,0,6,2,1,0,0,0,1,6,91764,0,0,0,0,0,0,65,132,0,0,0,0,0,0,0,0,0,0,48,58,0,0,3,5,65,1,1,1,1,0,0,1,98,7,1,2,98,1,0
6,61366,1,1,2,17,3,8,36,14,0,1,0,6,2,18,3,18003,4,1990,1G4CW54C6L16,1,G,4,C,W,5,4,C,6,L,1,6,0,P,BUIC,EPF,4D,90,17,3236,,0,1108,,G,,F,6,231,,,15R205,,,,,,0,0,000000000,00000000000,0,0,0,1,0,0,0,0,0,0,0,999,6,0,0,98,6,2,14,0,0,0,1,6,92345,0,0,0,0,0,0,69,178,0,0,0,0,0,0,0,0,0,0,28,0,0,0,1,2,40,1,1,8,1,0,0,1,13,1,3,4,2,1,1
6,61367,1,1,1,20,8,7,50,8,0,1,0,6,4,12,481,12481,31,1997,3FEKF37GXVMA,3,F,E,K,F,3,7,G,X,V,M,A,0,T,FORD,F35,CB,97,17,,3,1608,1370,COF,G,,,8,460,,,,D,4590,01,A,42,0,0,000000000,00000000000,0,0,0,1,0,0,0,0,0,0,0,998,0,0,0,12,2,1,8,0,0,0,1,6,95673,6,1,0,0,3,0,69,235,0,0,0,0,0,0,0,0,0,0,0,0,0,0,1,2,25,2,8,2,1,0,0,14,80,1,1,1,13,0,0
6,61368,1,2,1,5,1,17,8,12,6,1,0,6,2,37,32,37032,2,1999,1HGCG3271XA0,1,H,G,C,G,3,2,7,1,X,A,0,0,P,HOND,UEX,CP,99,17,3042,,0,1051,,G,,F,4,138,,,15R195,,,,,,0,0,000000000,00000000000,0,0,0,1,0,0,0,0,0,0,0,13,0,0,0,1,4,3,12,0,0,0,1,6,94603,6,1,0,0,3,0,73,295,0,0,0,0,1,6,2011,6,2011,0,38,0,0,0,1,2,25,1,8,8,1,20,3,1,17,1,1,1,91,0,0
6,61368,2,2,1,5,1,17,8,12,6,1,0,6,1,53,705,53705,80,2001,JS1GR7HA4121,J,S,1,G,R,7,H,A,4,1,2,1,0,M,SUZI,SX7,RC,1,17,,,,,,,749,,4,,4,366,,,,,,,0,0,000000000,00000000000,0,0,0,1,0,0,0,0,0,0,0,39,0,0,0,12,6,2,12,0,0,0,1,6,94621,6,1,6,0,2,0,72,225,0,0,0,0,0,0,0,0,0,0,0,0,0,0,1,4,30,1,1,1,1,0,0,1,66,3,2,1,91,1,0
6,61369,1,1,1,24,6,15,10,33,0,1,0,6,1,72,706,72706,80,1992,1HD1ELL3XNY1,1,H,D,1,E,L,L,3,X,N,Y,1,0,M,HD,FLR,RS,92,17,,,,,,,1340,,2,,4,575,,,,,,,0,0,000000000,00000000000,0,0,0,1,0,0,0,0,0,0,0,998,0,0,0,14,4,3,40,0,0,0,1,6,93063,6,1,0,0,3,0,71,255,0,0,0,0,0,0,0,0,0,0,48,0,0,0,1,4,45,1,8,8,1,0,0,1,13,7,1,4,1,1,0
6,61370,1,2,1,2,8,17,54,12,6,1,0,6,2,76,706,76706,80,2002,JYARN10Y22A0,J,Y,A,R,N,1,0,Y,2,2,A,0,0,M,YAMA,YFR,RC,2,17,,,,,,,998,,4,,4,385,,,,,,,0,0,000000000,00000000000,0,0,0,1,0,0,0,0,0,0,0,998,0,0,0,12,6,2,12,0,0,0,1,6,95838,1,1,0,0,2,0,71,180,0,0,0,1,1,3,2011,2,2012,1,33,0,0,0,1,2,35,1,1,2,1,0,0,6,6,6,1,1,73,1,0
6,61370,2,2,1,2,8,17,54,12,6,1,0,6,1,55,33,55033,4,2002,KMHWF25S22A5,K,M,H,W,F,2,5,S,2,2,A,5,0,P,HYUN,SOL,4D,2,17,3181,,0,1063,,G,,F,4,143,,,15R205,,,,,,0,0,000000000,00000000000,0,0,0,1,0,0,0,0,0,0,0,998,0,0,0,8,6,2,12,0,0,0,1,6,95820,6,1,0,0,3,0,62,125,0,0,0,0,0,0,0,0,0,0,0,0,0,0,1,2,35,1,1,2,1,0,0,11,15,1,1,1,72,0,0
6,61371,1,2,1,24,3,20,32,12,6,1,0,6,1,20,482,20482,31,2008,3GNEC12078G2,3,G,N,E,C,1,2,0,7,8,G,2,0,T,CHEV,CAV,SP,8,17,,2,0,1300,AVL,F,,,8,323,,,,B,5556,00,,42,0,0,000000000,00000000000,0,0,0,1,0,0,0,0,0,0,0,998,0,0,0,1,4,3,12,0,0,0,1,6,92234,6,1,0,0,3,2,66,225,1,0,0,0,0,6,2011,6,2011,0,38,74,0,0,1,4,40,1,5,1,1,2,3,11,15,1,1,1,68,0,0
6,61371,2,2,1,24,3,20,32,12,6,1,0,6,1,72,706,72706,80,2003,1HD1FBW173Y7,1,H,D,1,F,B,W,1,7,3,Y,7,0,M,HD,LRI,RS,3,17,,,,,,,1450,,2,,4,723,,,,,,,0,0,000000000,00000000000,0,0,0,1,0,0,0,0,0,0,0,998,0,0,0,12,6,2,12,0,0,0,1,6,92260,6,1,0,0,3,0,67,150,0,0,0,0,0,0,0,0,0,0,0,0,0,0,1,4,40,1,6,1,1,2,3,1,62,3,2,2,69,1,1
6,61372,1,1,1,22,3,17,45,8,0,1,1,53,3,12,422,12422,15,1997,1FMFU18LXVLB,1,F,M,F,U,1,8,L,X,V,L,B,0,P,FORD,EPT,UT,97,17,4827,,0,1190,,G,,F,8,330,,,16R255,,,,,,0,0,000000000,00000000000,0,0,0,1,0,0,0,0,0,0,0,999,0,0,0,12,4,1,8,0,0,0,1,6,95828,1,1,0,0,2,0,67,220,1,0,0,0,1,8,2010,10,2011,0,48,0,0,0,5,2,35,2,1,2,1,0,0,14,11,1,1,2,13,0,0
6,61373,1,1,1,24,6,22,45,38,0,1,0,6,1,30,40,30040,2,2002,3VWSE69M92M1,3,V,W,S,E,6,9,M,9,2,M,1,0,P,VOLK,JGS,4D,2,17,2899,,0,989,,G,,T,4,109,,,15R195,,,,,,0,0,000000000,00000000000,0,0,0,1,0,0,0,0,0,0,0,50,0,0,0,12,6,2,31,0,0,0,1,6,91724,6,1,0,0,3,0,68,145,0,0,0,0,0,0,0,0,0,0,24,48,58,0,1,2,35,2,5,2,1,0,0,14,12,1,3,4,7,1,0
6,61374,1,1,4,2,8,19,24,8,0,1,0,6,1,49,472,49472,30,2008,5TEKU72N78Z4,5,T,E,K,U,7,2,N,7,8,Z,4,0,T,TOYT,PBD,CW,8,17,,1,0,1409,TAC,G,,,6,244,,,,B,3910,00,U,42,0,0,000000000,00000000000,0,0,0,1,0,0,0,0,0,0,0,998,0,0,0,12,2,1,8,0,0,0,1,6,90717,6,1,0,0,3,0,67,230,0,0,0,0,0,0,0,0,0,0,0,0,0,0,2,2,40,1,1,2,1,2,3,1,80,1,1,1,13,0,0
6,61375,1,1,2,10,2,18,31,8,0,1,0,6,1,2,404,2404,14,1988,1JCML7813JT0,1,J,C,M,L,7,8,1,3,J,T,0,0,T,JEEP,CHK,4W,88,17,,1,0,1010,CHK,G,,,6,242,,,,,2924,01,A,44,0,0,000000000,00000000000,0,0,0,1,0,0,0,0,0,0,0,998,0,0,0,12,2,3,8,0,0,0,1,6,92392,6,1,0,0,3,0,63,160,0,1,0,0,0,1,2011,1,2011,0,0,0,0,0,1,4,40,1,8,8,1,0,0,1,80,99,1,1,13,0,0
6,61376,1,2,1,16,8,7,34,9,0,1,0,6,1,49,403,49403,14,2008,JTEEW44A5820,J,T,E,E,W,4,4,A,5,8,2,0,0,P,TOYT,HIG,UT,8,17,4641,,0,1098,,B,,F,6,201,,,19R245,,,,,,0,0,000000000,00000000000,0,0,0,1,0,0,0,0,0,0,0,35,0,0,0,12,4,1,9,0,0,0,1,6,94520,6,1,0,0,3,3,66,145,0,0,0,0,0,0,0,0,0,0,0,0,0,0,1,2,35,1,1,1,1,0,0,1,83,1,1,1,13,0,0
6,61376,2,2,1,16,8,7,34,9,0,1,0,6,1,37,31,37031,4,2007,2HGFA55527H7,2,H,G,F,A,5,5,5,2,7,H,7,0,P,HOND,CVS,4D,7,17,2945,,0,1063,,G,,F,4,122,,,000000,,,,,,0,0,000000000,00000000000,0,0,0,1,0,0,0,0,0,0,0,998,0,0,0,12,2,1,9,0,0,0,1,6,94518,6,1,0,0,3,3,70,180,1,0,0,0,0,11,2010,11,2010,0,0,0,0,0,1,2,35,1,1,1,1,0,0,1,83,1,1,1,98,0,0
6,61377,1,1,1,9,3,19,4,8,0,1,0,6,1,35,443,35443,20,1998,4N2ZN1117WD8,4,N,2,Z,N,1,1,1,7,W,D,8,0,P,NISS,QST,SV,98,17,4007,,0,1122,,G,,F,6,181,,,15R205,,,,,,0,0,000000000,00000000000,0,0,0,1,0,0,0,0,0,0,0,998,0,0,0,12,4,3,8,0,0,0,1,6,95116,0,0,0,0,0,0,63,150,0,0,0,0,0,0,0,0,0,0,0,0,0,0,2,3,35,1,8,8,1,0,0,1,80,1,1,1,13,0,0
6,61378,1,1,1,2,8,20,55,41,0,1,0,6,1,30,46,30046,4,2001,WVWBH63B01P0,W,V,W,B,H,6,3,B,0,1,P,0,0,P,VOLK,PGX,4D,1,17,3094,,0,1064,,G,,F,6,169,,,16R205,,,,,,0,0,000000000,00000000000,0,0,0,1,0,0,0,0,0,0,0,51,0,0,0,8,6,2,42,0,0,0,1,6,92103,6,1,0,0,3,3,65,135,0,0,0,0,1,2,2012,2,2012,1,48,0,0,0,1,2,30,1,1,2,1,0,0,1,10,7,2,4,2,1,1
6,61379,1,1,1,17,8,10,47,8,0,1,0,6,1,20,36,20036,2,2005,2G1WW12E3592,2,G,1,W,W,1,2,E,3,5,9,2,0,P,CHEV,MLS,CP,5,17,3340,,0,1105,,G,,F,6,207,,,16R225,,,,,,0,0,000000000,00000000000,0,0,0,1,0,0,0,0,0,0,0,72,0,2,3,82,6,2,8,0,0,0,1,6,92227,3,1,0,0,2,0,72,205,0,0,0,0,1,5,2011,5,2011,0,48,58,0,0,2,2,70,1,1,2,1,40,3,1,11,1,1,4,1,0,1
6,61380,1,2,3,3,8,11,30,12,1,1,0,6,4,20,37,20037,4,2012,1G1ZC5E04CF1,1,G,1,Z,C,5,E,0,4,C,F,1,0,P,CHEV,ML1,4D,12,17,3436,,0,1123,,G,,F,4,146,,,17R215,,,,,,0,0,000000000,00000000000,0,0,0,1,0,0,0,0,0,0,0,18,0,0,0,12,4,1,12,0,0,0,1,6,93221,6,1,0,0,3,0,66,178,0,0,0,1,0,5,2012,5,2012,1,0,0,0,0,5,4,40,1,1,8,1,0,0,1,51,1,1,1,24,0,0
6,61380,2,2,2,3,8,11,30,12,1,1,0,6,1,20,23,20023,6,2007,3GNDA23D27S5,3,G,N,D,A,2,3,D,2,7,S,5,0,P,CHEV,HHR,UT,7,17,3155,,0,1035,,G,,F,4,134,,,16R215,,,,,,0,0,000000000,00000000000,0,0,0,1,0,0,0,0,0,0,0,998,0,0,0,6,4,1,12,0,0,0,1,6,91740,6,1,0,0,3,3,62,164,0,0,0,0,0,0,0,0,0,0,0,0,0,0,5,4,40,1,1,8,1,0,0,1,53,1,1,1,25,1,0
6,61381,1,2,1,21,8,5,25,12,6,1,0,6,2,53,706,53706,80,2002,JS1GT74A3221,J,S,1,G,T,7,4,A,3,2,2,1,0,M,SUZI,XR1,RC,2,17,,,,,,,988,,4,,4,374,,,,,,,0,0,000000000,00000000000,0,0,0,1,0,0,0,0,0,0,0,55,0,0,0,12,6,2,12,0,0,0,1,6,93241,6,1,0,0,2,3,72,215,0,0,0,0,0,0,0,0,0,1,38,0,0,0,1,2,55,1,1,2,1,0,0,1,17,2,1,1,69,1,0
6,61381,2,2,1,21,8,5,25,12,6,1,0,6,3,82,881,82881,66,2007,1FUJF0CV07LX,1,F,U,J,F,0,C,V,0,7,L,X,1,T,FRHT,112,TR,7,17,,8,0,0,COL,D,,,6,782,,,,,00000,00,,64,1,6,14467,0614467,3,6,1,1,0,0,0,0,0,0,0,998,0,0,0,5,2,1,12,0,0,0,1,6,95446,6,1,6,0,3,0,69,235,0,0,0,0,0,0,0,0,0,0,0,0,0,0,1,2,55,1,1,2,1,0,0,11,15,1,1,1,68,0,0
6,61382,1,1,4,4,7,19,48,5,0,1,0,6,1,7,482,7482,31,2004,1D7HA18D04S6,1,D,7,H,A,1,8,D,0,4,S,6,0,T,DODG,SQ1,CW,4,17,,2,1605,1405,RPC,G,,,8,345,,,,B,4820,01,E,42,0,0,000000000,00000000000,0,0,0,1,0,0,0,0,0,0,0,30,0,0,0,0,0,1,5,0,0,0,1,6,94571,0,0,0,0,0,0,74,250,0,0,0,0,0,0,0,0,0,0,32,0,0,0,1,2,98,3,1,2,1,0,0,14,98,1,1,1,0,1,0
6,61383,1,1,1,27,3,21,38,15,0,1,0,6,2,2,407,2407,14,2012,1C4NJPBB6CD5,1,C,4,N,J,P,B,B,6,C,D,5,0,T,JEEP,SPO,4W,12,17,,1,0,1037,PRT,G,,,4,146,,,,,3111,01,W,42,0,0,000000000,00000000000,0,0,0,1,0,0,0,0,0,0,0,43,0,0,0,12,4,3,15,0,0,0,1,6,92591,6,1,0,0,3,0,71,160,0,0,0,0,2,2,2011,10,2011,0,0,0,0,0,1,4,45,1,1,1,1,2,3,1,80,1,1,1,13,0,0
6,61384,1,2,1,21,8,16,30,12,6,1,0,6,1,54,39,54039,4,2010,JH4CU2F67AC0,J,H,4,C,U,2,F,6,7,A,C,0,0,P,ACUR,TSX,4D,10,17,3470,,0,1064,,G,,F,4,146,,,17R225,,,,,,0,0,000000000,00000000000,0,0,0,1,0,0,0,0,0,0,0,70,0,0,0,12,6,2,12,0,0,0,1,6,94303,6,1,0,0,3,3,74,220,0,0,0,0,0,0,0,0,0,0,0,0,0,0,3,5,65,1,8,1,1,0,0,1,61,2,1,1,48,0,0
6,61384,2,2,1,21,8,16,30,12,6,1,0,6,1,49,40,49040,4,1994,4T1GK13E5RU0,4,T,1,G,K,1,3,E,5,R,U,0,0,P,TOYT,XLE,4D,94,17,3131,,0,1031,,G,,F,6,183,,,15R205,,,,,,0,0,000000000,00000000000,0,0,0,1,0,0,0,0,0,0,0,999,0,0,0,9,6,2,12,0,0,0,1,6,94066,6,1,0,0,3,0,68,140,0,3,1,0,1,11,2009,7,2011,0,48,0,0,0,3,5,65,1,8,1,1,0,0,1,10,1,7,2,48,1,0
6,61385,1,3,1,17,8,12,10,12,6,1,0,6,2,24,2,24002,17,2001,1G8ZY12711Z2,1,G,8,Z,Y,1,2,7,1,1,Z,2,0,P,STRN,SC2,3P,1,17,2463,,0,1024,,G,,F,4,116,,,15R195,,,,,,0,0,000000000,00000000000,0,0,0,1,0,0,0,0,0,0,0,50,0,0,0,61,6,2,12,0,0,0,1,96,93618,0,0,0,0,0,0,68,190,0,0,0,1,0,3,2012,3,2012,0,38,39,0,0,1,2,55,1,1,2,1,20,3,1,17,1,1,1,89,1,0
6,61385,2,3,2,17,8,12,10,12,6,1,0,6,3,12,481,12481,31,2003,1FDSF30LX3EB,1,F,D,S,F,3,0,L,X,3,E,B,0,T,FORD,F3S,PK,3,17,,2,0,1370,SRW,G,,,8,330,,,,D,5486,00,U,42,0,0,000000000,00000000000,0,0,0,1,0,0,0,0,0,0,0,55,0,0,0,12,6,2,12,0,0,0,1,6,93654,1,1,0,0,2,0,68,175,1,3,1,1,1,8,2010,6,2012,0,0,0,0,0,1,2,55,1,1,2,1,0,0,1,66,1,1,1,88,1,0
6,61385,3,3,2,17,8,12,10,12,6,1,0,6,3,23,481,23481,31,2011,1GTR1VE00BZ1,1,G,T,R,1,V,E,0,0,B,Z,1,0,T,GMC,1NC,4C,11,17,,2,1575,1435,SIE,F,,,8,323,,,,B,4924,03,S,42,0,0,000000000,00000000000,0,0,0,1,0,0,0,0,0,0,0,55,0,0,0,12,6,2,12,0,0,0,1,6,93291,6,1,0,0,3,0,72,180,0,0,0,0,0,0,0,0,0,0,0,0,0,0,1,2,55,1,1,2,1,0,0,1,66,1,1,1,98,0,0
6,61386,1,1,1,23,4,16,10,9,0,1,0,6,1,20,482,20482,31,2004,3GNEK12T54G2,3,G,N,E,K,1,2,T,5,4,G,2,0,T,CHEV,KAV,CW,4,17,,2,0,1300,AVL,G,,,8,325,,,,B,5678,00,,44,0,0,000000000,00000000000,0,0,0,1,0,0,0,0,0,0,0,30,0,0,0,12,2,3,9,0,0,0,1,6,94607,6,1,0,0,3,0,63,130,0,0,0,0,0,0,0,0,0,0,0,0,0,0,2,2,30,1,1,1,1,0,0,1,83,1,1,1,13,0,0
6,61387,1,1,1,17,4,5,58,9,0,1,0,6,1,42,42,42042,4,2005,WDBRF40J25F7,W,D,B,R,F,4,0,J,2,5,F,7,0,P,MERZ,C2K,4D,5,17,3250,,0,1069,,G,,Z,4,108,,,17R225,,,,,,0,0,000000000,00000000000,0,0,0,1,0,0,0,0,0,0,0,45,0,0,0,12,2,3,9,0,0,0,1,6,95901,6,1,0,0,3,0,64,120,0,0,0,3,0,6,2011,1,2012,0,0,0,0,0,1,2,25,2,1,2,1,0,0,14,83,99,1,1,13,0,0
6,61388,1,2,1,9,8,19,46,1,0,1,0,6,1,76,706,76706,80,2011,JYARN23Y2BA0,J,Y,A,R,N,2,3,Y,2,B,A,0,0,M,YAMA,YFR,RC,11,17,,,,,,,998,,4,,4,454,,,,,,,0,0,000000000,00000000000,0,0,0,1,0,0,0,0,0,0,0,33,0,0,0,0,6,2,1,0,0,0,1,6,92336,6,1,0,0,2,0,73,180,0,1,0,0,0,9,2011,9,2011,1,0,0,0,0,1,2,25,1,1,1,1,0,0,1,6,99,1,1,98,1,1
6,61388,2,2,1,9,8,19,46,1,0,1,1,99,9,99,999,99999,99,9999,999999999999,9,9,9,9,9,9,9,9,9,9,9,9,0,,,,,,,,,,,,,,,,,,,,,,,,,0,0,000000000,00000000000,0,0,0,1,0,0,0,0,0,0,0,0,0,0,0,99,9,1,12,0,0,0,1,99,99999,9,9,99,9,9,9,999,999,99,99,99,99,99,99,9999,99,9999,0,0,0,0,0,1,2,25,1,1,1,1,0,0,5,53,1,1,1,98,0,0