STATE,ST_CASE,VEH_NO,VE_FORMS,NUMOCCS,DAY,MONTH,HOUR,MINUTE,HARM_EV,MAN_COLL,UNITTYPE,HIT_RUN,REG_STAT,OWNER,MAKE,MODEL,MAK_MOD,BODY_TYP,MOD_YEAR,VIN,VIN_1,VIN_2,VIN_3,VIN_4,VIN_5,VIN_6,VIN_7,VIN_8,VIN_9,VIN_10,VIN_11,VIN_12,TOW_VEH,VINTYPE,VINMAKE,VINA_MOD,VIN_BT,VINMODYR,VIN_LNGT,VIN_WGT,WGTCD_TR,WHLBS_LG,WHLBS_SH,SER_TR,FUELCODE,MCYCL_DS,CARBUR,CYLINDER,DISPLACE,MCYCL_CY,MCYCL_WT,TIRE_SZE,TON_RAT,TRK_WT,TRKWTVAR,VIN_REST,WHLDRWHL,J_KNIFE,MCARR_I1,MCARR_I2,MCARR_ID,GVWR,V_CONFIG,CARGO_BT,HAZ_INV,HAZ_PLAC,HAZ_ID,HAZ_CNO,HAZ_REL,BUS_USE,SPEC_USE,EMER_USE,TRAV_SP,UNDERIDE,ROLLOVER,ROLINLOC,IMPACT1,DEFORMED,TOWED,M_HARM,VEH_SC1,VEH_SC2,FIRE_EXP,DR_PRES,L_STATE,DR_ZIP,L_STATUS,L_TYPE,CDL_STAT,L_ENDORS,L_COMPL,L_RESTRI,DR_HGT,DR_WGT,PREV_ACC,PREV_SUS,PREV_DWI,PREV_SPD,PREV_OTH,FIRST_MO,FIRST_YR,LAST_MO,LAST_YR,SPEEDREL,DR_SF1,DR_SF2,DR_SF3,DR_SF4,VTRAFWAY,VNUM_LAN,VSPD_LIM,VALIGN,VPROFILE,VPAVETYP,VSURCOND,VTRAFCON,VTCONT_F,P_CRASH1,P_CRASH2,P_CRASH3,PCRASH4,PCRASH5,ACC_TYPE,DEATHS,DR_DRINK
6,61527,3,3,1,26,9,15,11,12,1,1,0,6,4,72,706,72706,80,2011,1HD1FRM10BB6,1,H,D,1,F,R,M,1,0,B,B,6,0,M,HD,FKC,RS,11,17,,,,,,,1690,,2,,4,773,,,,,,,0,0,000000000,00000000000,0,0,0,1,0,0,0,0,0,0,0,30,0,0,0,12,4,3,12,0,0,0,1,97,0,9,9,99,0,9,9,74,200,99,99,99,99,99,99,9999,99,9999,0,0,0,0,0,1,2,55,3,8,1,1,0,0,14,62,1,1,1,98,0,0
6,61528,1,2,2,4,9,20,55,12,7,1,0,6,1,49,40,49040,4,2012,4T4BF1FK5CR1,4,T,4,B,F,1,F,K,5,C,R,1,0,P,TOYT,CBA,4D,12,17,3190,,0,1093,,G,,F,4,152,,,16R205,,,,,,0,0,000000000,00000000000,0,0,0,1,0,0,0,0,0,0,0,65,0,0,0,83,6,2,42,32,0,0,1,6,95458,6,1,0,0,3,3,69,210,0,0,0,0,0,0,0,0,0,0,0,0,0,0,3,2,65,1,1,1,1,0,0,15,11,1,1,2,46,1,0
6,61528,2,2,1,4,9,20,55,12,7,1,0,6,2,37,32,37032,4,1992,1HGCB764XNA2,1,H,G,C,B,7,6,4,X,N,A,2,0,P,HOND,ADX,4D,92,17,2392,,0,1071,,G,,F,4,132,,,14R185,,,,,,0,0,000000000,00000000000,0,0,0,1,0,0,0,0,0,0,0,65,0,0,0,62,6,2,42,0,0,0,1,6,95482,6,2,0,0,3,0,67,160,0,0,0,0,0,0,0,0,0,0,0,0,0,0,3,2,65,1,1,1,1,0,0,1,60,1,1,1,45,0,0
6,61529,1,1,1,6,9,14,15,42,0,1,0,6,1,37,402,37402,14,2010,5J6RE3H34AL0,5,J,6,R,E,3,H,3,4,A,L,0,0,P,HOND,CRV,UT,10,17,3389,,0,1031,,G,,F,4,146,,,17R225,,,,,,0,0,000000000,00000000000,0,0,0,1,0,0,0,0,0,0,0,35,0,0,0,12,4,3,42,0,0,0,1,6,92883,6,1,0,0,3,0,69,140,0,0,0,0,0,0,0,0,0,0,48,0,0,0,1,4,45,2,6,2,1,0,0,14,9,1,9,4,2,1,0
6,61530,1,1,1,18,7,9,5,24,0,1,0,6,3,85,884,85884,63,2005,2NKMLZ9X55M0,2,N,K,M,L,Z,9,X,5,5,M,0,0,T,KW,T30,CC,5,17,,8,2800,1450,CON,D,,,6,505,,,,,00000,00,,64,0,6,37306,0637306,3,2,4,1,0,0,0,0,0,0,0,998,0,1,5,12,6,2,1,0,0,0,1,6,90039,6,1,6,0,3,3,70,200,0,0,0,0,0,0,0,0,0,0,0,0,0,0,1,2,25,2,6,2,1,0,0,14,12,99,1,4,6,1,0
6,61531,1,7,6,4,9,5,5,24,0,1,0,6,1,20,421,20421,15,2001,1GNEC13T01J1,1,G,N,E,C,1,3,T,0,1,J,1,0,P,CHEV,CTA,UT,1,17,4828,,0,1160,,G,,F,8,325,,,16R245,,,,,,0,0,000000000,00000000000,0,0,0,1,0,0,0,0,0,0,0,999,0,1,1,12,6,2,1,0,0,0,1,6,90043,6,1,0,0,3,0,69,220,0,1,0,0,0,9,2010,9,2010,1,48,58,0,0,3,4,65,1,1,1,1,0,0,1,98,6,1,4,6,2,0
6,61531,2,7,2,4,9,5,5,24,0,1,0,6,1,49,32,49032,4,2003,1NXBR32E43Z0,1,N,X,B,R,3,2,E,4,3,Z,0,0,P,TOYT,UCS,4D,3,17,2502,,0,1024,,G,,F,4,109,,,15R185,,,,,,0,0,000000000,00000000000,0,0,0,1,0,0,0,0,0,0,0,65,0,0,0,12,6,2,12,0,0,0,1,6,91310,6,1,0,0,3,0,66,129,1,0,0,0,1,3,2010,5,2010,0,0,0,0,0,3,4,65,1,1,1,1,0,0,1,50,4,9,1,98,0,0
6,61531,3,7,2,4,9,5,5,24,0,1,0,6,1,49,51,49051,5,2012,JTDKTUD34CD5,J,T,D,K,T,U,D,3,4,C,D,5,0,P,TOYT,YAR,4H,12,17,2315,,0,988,,G,,F,4,091,,,15R175,,,,,,0,0,000000000,00000000000,0,0,0,1,0,0,0,0,0,0,0,65,0,0,0,12,4,3,12,0,0,0,1,6,93313,6,1,0,0,3,0,67,200,0,0,0,0,0,0,0,0,0,0,0,0,0,0,3,4,65,1,1,1,1,0,0,1,50,1,1,1,98,0,0
6,61531,4,7,1,4,9,5,5,24,0,1,0,6,3,82,881,82881,66,1999,1FUYSSEB2XPA,1,F,U,Y,S,S,E,B,2,X,P,A,1,T,FRHT,FC2,TR,99,17,,8,0,0,CON,D,,,6,774,,,,,00000,00,,64,1,57,755157,57755157,3,6,1,1,0,0,0,0,0,0,0,55,0,0,0,98,0,1,12,0,0,0,1,6,93309,6,1,6,0,3,0,73,326,0,0,0,0,1,11,2010,11,2010,0,0,0,0,0,3,4,65,1,1,1,1,0,0,1,98,2,1,1,98,0,0
6,61531,5,7,2,4,9,5,5,24,0,1,0,6,1,37,32,37032,4,1997,1HGCE6675VA0,1,H,G,C,E,6,6,7,5,V,A,0,0,P,HOND,UER,4D,97,17,3184,,0,1069,,G,,F,6,163,,,15R205,,,,,,0,0,000000000,00000000000,0,0,0,1,0,0,0,0,0,0,0,65,0,1,1,12,6,2,12,0,0,0,1,6,91303,6,1,6,0,3,0,69,212,0,0,0,0,1,4,2012,4,2012,0,0,0,0,0,3,4,65,1,1,1,1,0,0,1,98,1,1,1,98,0,0
6,61531,6,7,1,4,9,5,5,24,0,1,0,6,3,82,881,82881,66,2004,1FUJA6CV74PM,1,F,U,J,A,6,C,V,7,4,P,M,1,T,FRHT,COL,TR,4,17,,8,0,0,CON,D,,,6,782,,,,,00000,00,,64,1,57,770606,57770606,3,6,1,1,0,0,0,0,0,0,0,55,0,0,0,12,2,1,12,0,0,0,1,6,93307,6,1,6,0,3,0,69,180,0,0,0,0,0,0,0,0,0,0,0,0,0,0,3,4,65,1,1,1,1,0,0,1,98,9,1,1,98,0,0
6,61531,7,7,2,4,9,5,5,24,0,1,0,6,3,49,32,49032,4,2012,2T1BU4EE6CC7,2,T,1,B,U,4,E,E,6,C,C,7,0,P,TOYT,CBS,4D,12,17,2734,,0,1024,,G,,F,4,110,,,15R195,,,,,,0,0,000000000,00000000000,0,0,0,1,0,0,0,0,0,0,0,65,0,0,0,12,4,3,12,0,0,0,1,97,73501,9,9,99,0,9,9,69,158,99,99,99,99,99,99,9999,99,9999,0,0,0,0,0,3,4,65,1,1,1,1,0,0,1,98,9,9,1,98,0,0
6,61532,1,1,1,6,9,17,11,8,0,1,0,6,4,12,24,12024,6,2013,2FMDK3J98DBA,2,F,M,D,K,3,J,9,8,D,B,A,0,P,FORD,EDG,UT,13,17,4056,,0,1112,,G,,T,4,122,,,18R245,,,,,,0,0,000000000,00000000000,0,0,0,1,0,0,0,0,0,0,0,35,0,0,0,12,2,3,8,0,0,0,1,6,94087,6,1,0,0,3,1,67,170,0,0,0,0,0,0,0,0,0,0,0,0,0,0,3,3,40,1,1,2,1,0,0,1,80,1,1,1,13,0,0
6,61533,1,1,1,6,9,20,9,1,0,1,0,6,2,35,43,35043,4,2003,3N1CB51D13L7,3,N,1,C,B,5,1,D,1,3,L,7,0,P,NISS,XGX,4D,3,17,2411,,0,998,,G,,F,4,108,,,15R195,,,,,,0,0,000000000,00000000000,0,0,0,1,0,0,0,0,0,0,0,999,0,2,1,0,6,2,1,0,0,0,1,6,93657,1,1,0,0,2,0,72,240,0,2,2,1,2,3,2010,12,2011,9,48,0,0,0,1,2,55,1,1,2,1,0,0,98,98,6,1,6,98,1,1
6,61534,1,2,1,17,4,13,55,12,1,1,0,6,1,49,32,49032,4,1993,JT2AE09E8P00,J,T,2,A,E,0,9,E,8,P,0,0,0,P,TOYT,LED,4D,93,17,2370,,0,957,,G,,F,4,108,,,13R155,,,,,,0,0,000000000,00000000000,0,0,0,1,0,0,0,0,0,0,0,64,1,0,0,12,6,2,12,0,0,0,1,6,91745,6,1,0,0,3,0,71,200,1,0,0,0,0,8,2011,8,2011,1,24,0,0,0,3,5,65,1,6,1,10,40,3,1,51,9,2,1,24,1,0
6,61534,2,2,1,17,4,13,55,12,1,1,0,6,3,84,998,84998,97,1995,1HTSDAAN9SH2,1,H,T,S,D,A,A,N,9,S,H,2,0,T,INTL,490,CC,95,17,,7,2540,1280,40S,D,,,6,466,,,,,00000,00,,42,0,0,000000000,00000000000,0,0,0,1,0,0,0,0,0,0,0,5,0,0,0,6,4,3,12,39,0,0,1,6,91702,6,1,6,0,3,3,66,195,0,0,0,0,0,0,0,0,0,0,0,0,0,0,3,5,55,1,6,1,10,0,0,1,53,1,1,1,25,0,0
6,61535,1,2,1,7,9,4,33,12,6,1,0,6,3,87,881,87881,66,2011,1XPWA48X4BD1,1,X,P,W,A,4,8,X,4,B,D,1,0,T,PTRB,388,TR,11,17,,8,0,0,CON,D,,,6,915,,,,,00000,00,,42,0,88,888888888,88888888888,3,5,96,1,0,0,0,0,0,0,0,999,0,0,0,12,2,3,12,0,0,0,1,6,93230,6,1,6,0,3,0,67,225,0,0,0,1,1,7,2011,7,2012,9,38,39,0,0,1,2,55,1,1,2,1,20,3,1,17,6,1,1,88,0,0
6,61535,2,2,1,7,9,4,33,12,6,1,0,6,2,49,32,49032,4,2005,1NXBR32E65Z3,1,N,X,B,R,3,2,E,6,5,Z,3,0,P,TOYT,UCS,4D,5,17,2530,,0,1024,,G,,F,4,109,,,15R185,,,,,,0,0,000000000,00000000000,0,0,0,1,0,0,0,0,0,0,0,999,0,0,0,61,6,2,12,0,0,0,1,6,93245,6,1,0,0,3,0,61,138,1,0,0,0,0,2,2010,2,2010,9,0,0,0,0,1,2,55,1,1,2,1,0,0,1,66,1,1,1,89,1,0
6,61536,1,2,1,29,8,7,20,12,6,1,0,6,1,58,421,58421,15,2004,5N3AA08C14N8,5,N,3,A,A,0,8,C,1,4,N,8,0,P,INFI,QX5,UT,4,17,5449,,0,1232,,G,,F,8,348,,,18R265,,,,,,0,0,000000000,00000000000,0,0,0,1,0,0,0,0,0,0,0,998,0,0,0,12,6,2,12,0,0,0,1,6,90260,1,1,0,0,2,0,69,203,0,0,0,0,1,6,2010,6,2010,1,28,0,0,0,3,3,35,1,1,8,1,2,3,1,17,1,1,1,88,0,0
6,61536,2,2,3,29,8,7,20,12,6,1,0,6,2,7,442,7442,20,2002,2B4GP44362R6,2,B,4,G,P,4,4,3,6,2,R,6,0,T,DODG,GSP,ES,2,17,,1,0,1193,CAR,F,,,6,201,,,,,4002,00,E,42,0,0,000000000,00000000000,0,0,0,1,0,0,0,0,0,0,0,998,0,0,0,61,6,2,12,0,0,0,1,6,90011,0,0,0,0,0,0,66,145,0,0,0,0,0,0,0,0,0,0,0,0,0,0,1,2,25,1,1,8,1,2,3,1,66,1,1,1,89,3,0
6,61537,1,1,1,12,9,15,51,1,0,1,0,6,9,38,402,38402,14,1994,4S2CG58V8R43,4,S,2,C,G,5,8,V,8,R,4,3,0,P,ISU,ROD,UT,94,17,3545,,0,1087,,G,,F,6,195,,,15R225,,,,,,0,0,000000000,00000000000,0,0,0,1,0,0,0,0,0,0,0,999,0,2,3,0,6,2,1,0,0,0,1,6,92231,0,0,0,0,0,0,66,250,0,0,0,1,0,3,2012,3,2012,9,48,0,0,0,2,2,65,2,1,1,1,0,0,14,8,7,2,4,7,1,1
6,61538,1,1,3,13,9,6,0,15,0,1,0,6,1,20,24,20024,6,2010,1GNLRFED1AS1,1,G,N,L,R,F,E,D,1,A,S,1,0,P,CHEV,TRV,UT,10,17,4790,,0,1189,,G,,F,6,220,,,18R255,,,,,,0,0,000000000,00000000000,0,0,0,1,0,0,0,0,0,0,0,38,0,0,0,12,4,3,15,0,0,0,1,6,92344,6,1,0,0,3,0,71,145,0,0,0,0,0,0,0,0,0,0,0,0,0,0,1,2,55,1,6,2,1,0,0,1,83,1,1,1,13,0,0
6,61539,1,2,1,13,9,6,55,12,1,1,0,6,1,12,461,12461,21,2010,1FBSS3BSXADA,1,F,B,S,S,3,B,S,X,A,D,A,0,T,FORD,WSD,ES,10,17,,2,0,1380,ECO,G,,,10,415,,,,D,6425,00,E,42,0,0,000000000,00000000000,0,0,0,1,0,0,0,0,0,0,0,68,0,0,0,6,4,1,12,0,0,0,1,6,91711,6,1,0,0,3,3,69,150,0,0,0,1,1,4,2011,8,2011,0,48,27,0,0,3,4,65,1,6,1,1,0,0,15,98,8,2,1,25,0,0
6,61539,2,2,1,13,9,6,55,12,1,1,0,6,1,37,705,37705,80,2002,JH2PC35142M3,J,H,2,P,C,3,5,1,4,2,M,3,0,M,HOND,CF4,RC,2,17,,,,,,,599,,4,,4,370,,,,,,,0,0,000000000,00000000000,0,0,0,1,0,0,0,0,0,0,0,75,0,0,0,12,6,2,12,0,0,0,1,6,95531,6,1,0,0,3,0,74,215,0,0,0,0,0,0,0,0,0,0,0,0,0,0,3,4,65,1,6,1,1,0,0,1,52,1,1,1,24,1,0
6,61540,1,1,2,13,9,18,15,8,0,1,0,6,2,35,39,35039,4,2012,1N4AA5AP9CC8,1,N,4,A,A,5,A,P,9,C,C,8,0,P,NISS,MSV,4D,12,17,3556,,0,0,,G,,F,6,214,,,000000,,,,,,0,0,000000000,00000000000,0,0,0,1,0,0,0,0,0,0,0,998,0,0,0,12,2,1,8,0,0,0,1,6,90280,6,1,0,0,3,3,63,130,0,1,0,0,1,8,2010,3,2011,0,0,0,0,0,2,2,35,1,1,1,1,0,0,1,80,3,2,1,13,0,0
6,61541,1,1,1,13,9,13,4,30,0,1,0,6,1,49,471,49471,30,1987,JT4RN55R0H02,J,T,4,R,N,5,5,R,0,H,0,2,0,T,TOYT,55R,PK,87,17,,1,0,1122,HTP,G,,,4,144,,,,B,2631,01,A,42,0,0,000000000,00000000000,0,0,0,1,0,0,0,0,0,0,0,998,0,0,0,12,6,2,30,0,0,0,1,6,90250,3,1,0,0,2,0,66,139,0,0,0,0,0,0,0,0,0,0,0,0,0,0,1,4,35,1,1,8,1,0,0,1,12,1,1,4,6,1,0
6,61542,1,2,1,13,9,19,10,12,1,1,0,6,2,53,705,53705,80,2005,JS1GN7CAX521,J,S,1,G,N,7,C,A,X,5,2,1,0,M,SUZI,GSK,RC,5,17,,,,,,,599,,4,,4,355,,,,,,,0,0,000000000,00000000000,0,0,0,1,0,0,0,0,0,0,0,998,0,0,0,12,6,2,12,0,0,0,1,6,95822,6,1,0,0,2,0,73,205,0,0,0,0,3,3,2011,4,2011,1,0,0,0,0,1,4,40,1,1,2,1,0,0,1,50,1,1,1,20,1,0
6,61542,2,2,1,13,9,19,10,12,1,1,1,6,1,6,52,6052,6,2005,3C3AY75S05T3,3,C,3,A,Y,7,5,S,0,5,T,3,0,P,CHRY,GTP,CV,5,17,3379,,0,1030,,G,,T,4,148,,,17R205,,,,,,0,0,000000000,00000000000,0,0,0,1,0,0,0,0,0,0,0,0,0,0,0,6,4,3,12,0,0,0,1,6,95824,3,1,0,0,2,3,65,195,0,0,0,0,0,0,0,0,0,0,0,0,0,0,1,4,40,1,1,2,1,0,0,5,53,1,1,1,21,0,0
6,61543,1,1,1,13,9,19,50,8,0,1,0,6,1,49,44,49044,2,1999,2T1CG22P0XC1,2,T,1,C,G,2,2,P,0,X,C,1,0,P,TOYT,CRE,CP,99,17,3120,,0,1051,,G,,F,4,132,,,15R205,,,,,,0,0,000000000,00000000000,0,0,0,1,0,0,0,0,0,0,0,998,0,0,0,12,4,1,8,0,0,0,1,6,90044,6,1,0,0,3,3,63,190,0,0,0,0,0,0,0,0,0,0,0,0,0,0,1,4,35,1,1,8,1,0,0,1,80,99,9,1,13,0,0
6,61544,1,2,2,7,9,5,35,12,6,1,0,6,1,37,31,37031,4,2003,2HGES16193H5,2,H,G,E,S,1,6,1,9,3,H,5,0,P,HOND,UCD,4D,3,17,2449,,0,1031,,G,,F,4,102,,,14R185,,,,,,0,0,000000000,00000000000,0,0,0,1,0,0,0,0,0,0,0,55,0,0,0,82,6,2,12,0,0,0,1,6,93654,6,1,0,0,3,0,65,150,0,0,0,0,0,0,0,0,0,0,38,39,0,0,2,2,55,1,1,2,1,3,3,1,17,1,1,1,87,1,0
6,61544,2,2,1,7,9,5,35,12,6,1,0,6,1,20,441,20441,20,2003,1GNDM19X63B1,1,G,N,D,M,1,9,X,6,3,B,1,0,T,CHEV,AST,ES,3,17,,1,0,1112,AST,G,,,6,262,,,,B,4323,00,,42,0,0,000000000,00000000000,0,0,0,1,0,0,0,0,0,0,0,55,0,1,1,12,6,2,12,0,0,0,1,6,93631,6,1,0,0,3,0,68,300,0,0,0,0,0,0,0,0,0,0,0,0,0,0,2,2,55,1,1,2,1,3,3,1,66,1,1,1,86,0,0
6,61545,1,5,1,13,8,11,13,12,6,1,0,6,1,35,47,35047,4,2005,1N4AL11DX5C1,1,N,4,A,L,1,1,D,X,5,C,1,0,P,NISS,ASL,4D,5,17,2915,,0,1102,,G,,F,4,153,,,16R215,,,,,,0,0,000000000,00000000000,0,0,0,1,0,0,0,0,0,0,0,998,0,0,0,63,6,2,12,0,0,0,1,6,91790,6,1,0,0,3,3,62,155,0,0,0,0,0,0,0,0,0,0,38,0,0,0,1,2,30,1,1,8,1,20,3,11,15,1,1,1,68,1,0
6,61545,2,5,1,13,8,11,13,12,6,1,0,6,3,53,40,53040,5,2009,JS2YB4134962,J,S,2,Y,B,4,1,3,4,9,6,2,0,P,SUZI,STC,4H,9,17,2855,,0,984,,G,,F,4,122,,,16R205,,,,,,0,0,000000000,00000000000,0,0,0,1,0,0,0,0,0,0,0,55,0,0,0,12,6,2,12,0,0,0,1,6,92612,6,1,0,0,3,3,72,200,0,0,0,0,0,0,0,0,0,0,0,0,0,0,3,2,55,1,1,2,1,0,0,1,67,1,1,1,69,0,0
6,61545,3,5,1,13,8,11,13,12,6,1,0,6,1,12,471,12471,30,1999,1FTYR14C9XPA,1,F,T,Y,R,1,4,C,9,X,P,A,0,T,FORD,RNS,PC,99,17,,1,0,1257,RNG,G,,,4,153,,,,B,00000,00,U,42,0,0,000000000,00000000000,0,0,0,1,0,0,0,0,0,0,0,55,0,0,0,12,6,2,12,0,0,0,1,6,91017,6,1,0,0,3,3,67,150,0,0,0,0,0,0,0,0,0,0,0,0,0,0,3,2,55,1,1,2,1,0,0,1,62,9,1,1,98,0,0
6,61545,4,5,1,13,8,11,13,12,6,1,0,6,1,23,441,23441,20,1997,1GKDM19W7VB5,1,G,K,D,M,1,9,W,7,V,B,5,0,T,GMC,SXT,ES,97,17,,1,0,1110,SAF,G,,,6,262,,,,B,4198,00,E,42,0,0,000000000,00000000000,0,0,0,1,0,0,0,0,0,0,0,998,0,0,0,2,4,1,54,0,0,0,1,6,92879,6,1,6,0,3,0,67,186,1,0,0,1,0,5,2012,6,2012,0,0,0,0,0,3,2,55,1,1,2,1,0,0,1,98,1,1,1,98,0,0
6,61545,5,5,1,13,8,11,13,12,6,1,0,6,1,20,37,20037,4,2006,1G1ZT51F96F1,1,G,1,Z,T,5,1,F,9,6,F,1,0,P,CHEV,MLT,4D,6,17,3316,,0,1063,,G,,F,4,134,,,16R215,,,,,,0,0,000000000,00000000000,0,0,0,1,0,0,0,0,0,0,0,998,0,0,0,12,4,1,54,0,0,0,1,6,91767,6,1,0,0,3,0,61,160,0,0,0,0,0,0,0,0,0,0,0,0,0,0,3,2,55,1,1,2,1,0,0,1,98,1,1,1,98,0,0
6,61546,1,2,1,28,7,18,5,12,2,1,0,6,1,37,705,37705,80,2005,JH2PC21435M6,J,H,2,P,C,2,1,4,3,5,M,6,0,M,HOND,VCD,RS,5,17,,,,,,,583,,2,,4,458,,,,,,,0,0,000000000,00000000000,0,0,0,1,0,0,0,0,0,0,0,55,0,0,0,12,6,2,12,0,0,0,1,6,95765,6,1,0,0,2,0,69,178,0,0,0,0,0,0,0,0,0,1,28,52,0,0,1,2,55,2,6,8,1,28,3,14,6,3,2,2,50,1,0
6,61546,2,2,4,28,7,18,5,12,2,1,0,32,2,7,482,7482,31,2009,3D7KS28L69G5,3,D,7,K,S,2,8,L,6,9,G,5,0,T,DODG,SQ2,CW,9,17,,2,1605,1405,RPC,D,,,6,408,,,,C,5984,00,E,44,0,0,000000000,00000000000,0,0,0,1,0,0,0,0,0,0,0,33,0,0,0,12,4,3,12,0,0,0,1,32,89429,6,1,0,0,3,0,62,120,0,0,0,0,0,0,0,0,0,0,0,0,0,0,1,2,55,3,5,8,1,28,3,14,62,4,9,1,51,0,0
6,61547,1,1,1,27,7,0,44,46,0,1,0,6,2,55,33,55033,4,2011,5NPEB4AC2BH1,5,N,P,E,B,4,A,C,2,B,H,1,0,P,HYUN,SGL,4D,11,17,3161,,0,1100,,G,,F,4,144,,,16R205,,,,,,0,0,000000000,00000000000,0,0,0,1,0,0,0,0,0,0,0,100,0,0,0,12,6,2,46,0,0,0,1,6,92637,6,1,0,0,3,0,69,150,0,0,0,1,1,2,2012,5,2012,1,0,0,0,0,2,3,55,1,8,8,1,2,3,1,6,99,1,4,1,1,0
6,61548,1,2,1,7,9,12,1,12,1,1,0,6,1,49,482,49482,31,2000,5TBRT341XYS1,5,T,B,R,T,3,4,1,X,Y,S,1,0,T,TOYT,TRS,4C,0,17,,2,0,1283,TUN,G,,,8,285,,,,C,4088,00,U,42,0,0,000000000,00000000000,0,0,0,1,0,0,0,0,0,0,0,68,0,0,0,12,4,3,12,0,0,0,1,6,91790,6,1,0,0,3,0,69,185,0,2,0,0,0,1,2010,2,2010,1,0,0,0,0,3,5,65,1,1,1,1,0,0,15,11,8,1,2,32,0,0
6,61548,2,2,2,7,9,12,1,12,1,1,0,6,6,49,32,49032,4,1995,JT2AE04B2S00,J,T,2,A,E,0,4,B,2,S,0,0,0,P,TOYT,COA,4D,95,17,2315,,0,970,,G,,F,4,097,,,14R175,,,,,,0,0,000000000,00000000000,0,0,0,1,0,0,0,0,0,0,0,0,0,0,0,6,6,2,12,0,0,0,0,0,99997,7,6,97,7,6,7,998,997,998,998,998,998,998,98,9998,98,9998,8,0,0,0,0,3,5,65,1,1,1,1,0,0,0,98,0,0,0,32,1,0
6,61549,1,5,1,15,8,0,14,8,0,1,0,6,1,42,42,42042,4,2003,WDBRF40J83A4,W,D,B,R,F,4,0,J,8,3,A,4,0,P,MERZ,C2K,4D,3,17,3085,,0,1068,,G,,Z,4,108,,,16R205,,,,,,0,0,000000000,00000000000,0,0,0,1,0,0,0,0,0,0,0,63,0,0,0,12,4,3,8,0,0,0,1,6,95843,6,1,0,0,3,0,72,170,0,1,0,0,3,8,2009,2,2011,0,0,0,0,0,3,5,65,1,8,2,1,0,0,1,80,1,1,1,13,0,0
6,61549,2,5,1,15,8,0,14,8,0,1,0,6,1,34,34,34034,4,2011,WBAPH7C5XBE6,W,B,A,P,H,7,C,5,X,B,E,6,0,P,BMW,28I,4D,11,17,3428,,0,1087,,G,,F,6,183,,,16R205,,,,,,0,0,000000000,00000000000,0,0,0,1,0,0,0,0,0,0,0,60,0,0,0,12,0,1,8,0,0,0,1,6,95628,6,1,0,0,3,3,70,178,0,0,0,0,0,0,0,0,0,0,0,0,0,0,3,5,65,1,8,2,1,0,0,1,80,1,1,1,98,0,0
6,61549,3,5,2,15,8,0,14,8,0,1,0,6,1,67,32,67032,3,2012,JTKJF5C74C30,J,T,K,J,F,5,C,7,4,C,3,0,0,P,TOYT,SXC,2H,12,17,3036,,0,1063,,G,,F,4,152,,,18R225,,,,,,0,0,000000000,00000000000,0,0,0,1,0,0,0,0,0,0,0,65,0,0,0,12,2,1,8,0,0,0,1,6,95821,6,1,0,0,3,0,63,125,0,0,0,0,0,0,0,0,0,0,0,0,0,0,3,5,65,1,8,2,1,0,0,1,80,1,1,1,98,0,0
6,61549,4,5,1,15,8,0,14,8,0,1,0,6,1,37,31,37031,2,1999,1HGEJ8146XL0,1,H,G,E,J,8,1,4,6,X,L,0,0,P,HOND,UAX,CP,99,17,2513,,0,1032,,G,,F,4,097,,,14R185,,,,,,0,0,000000000,00000000000,0,0,0,1,0,0,0,0,0,0,0,53,0,0,0,12,0,1,8,0,0,0,1,6,95820,6,1,0,0,3,0,69,155,0,0,0,0,0,0,0,0,0,0,0,0,0,0,3,5,65,1,8,2,1,0,0,1,80,1,1,1,98,0,0
6,61549,5,5,1,15,8,0,14,8,0,1,0,6,1,49,40,49040,4,1995,JT2SK12E5S03,J,T,2,S,K,1,2,E,5,S,0,3,0,P,TOYT,CLE,4D,95,17,3086,,0,1031,,G,,F,4,132,,,14R195,,,,,,0,0,000000000,00000000000,0,0,0,1,0,0,0,0,0,0,0,65,0,0,0,12,0,1,8,0,0,0,1,6,95838,6,1,0,0,3,0,70,195,0,0,0,2,0,12,2010,8,2012,0,0,0,0,0,3,5,65,1,8,2,1,0,0,1,80,1,1,1,98,0,0
6,61550,1,1,1,24,7,4,7,45,0,1,0,4,2,12,442,12442,20,2002,2FMZA50442BA,2,F,M,Z,A,5,0,4,4,2,B,A,0,T,FORD,WLX,ES,2,17,,1,0,1207,WIN,G,,,6,232,,,,B,4017,00,E,42,0,0,000000000,00000000000,0,0,0,1,0,0,0,0,0,0,0,75,0,0,0,12,6,2,45,0,0,0,1,6,92410,1,1,0,0,2,0,68,210,0,1,0,2,0,3,2011,12,2011,0,39,40,0,0,3,5,65,1,8,8,1,40,3,1,54,99,1,5,98,1,0
6,61551,1,1,2,10,9,5,10,33,0,1,1,99,9,6,43,6043,4,2010,1C3CC4FB4AN1,1,C,3,C,C,4,F,B,4,A,N,1,0,P,CHRY,STO,4D,10,17,3310,,0,1089,,G,,F,4,146,,,16R215,,,,,,0,0,000000000,00000000000,0,0,0,1,0,0,0,0,0,0,0,998,0,0,0,14,6,2,8,0,0,0,1,99,99999,9,9,99,9,9,9,999,999,99,99,99,99,99,99,9999,99,9999,1,28,0,0,0,1,4,35,1,8,2,1,0,0,1,12,1,1,4,6,0,0