STATE,ST_CASE,VEH_NO,VE_FORMS,NUMOCCS,DAY,MONTH,HOUR,MINUTE,HARM_EV,MAN_COLL,UNITTYPE,HIT_RUN,REG_STAT,OWNER,MAKE,MODEL,MAK_MOD,BODY_TYP,MOD_YEAR,VIN,VIN_1,VIN_2,VIN_3,VIN_4,VIN_5,VIN_6,VIN_7,VIN_8,VIN_9,VIN_10,VIN_11,VIN_12,TOW_VEH,VINTYPE,VINMAKE,VINA_MOD,VIN_BT,VINMODYR,VIN_LNGT,VIN_WGT,WGTCD_TR,WHLBS_LG,WHLBS_SH,SER_TR,FUELCODE,MCYCL_DS,CARBUR,CYLINDER,DISPLACE,MCYCL_CY,MCYCL_WT,TIRE_SZE,TON_RAT,TRK_WT,TRKWTVAR,VIN_REST,WHLDRWHL,J_KNIFE,MCARR_I1,MCARR_I2,MCARR_ID,GVWR,V_CONFIG,CARGO_BT,HAZ_INV,HAZ_PLAC,HAZ_ID,HAZ_CNO,HAZ_REL,BUS_USE,SPEC_USE,EMER_USE,TRAV_SP,UNDERIDE,ROLLOVER,ROLINLOC,IMPACT1,DEFORMED,TOWED,M_HARM,VEH_SC1,VEH_SC2,FIRE_EXP,DR_PRES,L_STATE,DR_ZIP,L_STATUS,L_TYPE,CDL_STAT,L_ENDORS,L_COMPL,L_RESTRI,DR_HGT,DR_WGT,PREV_ACC,PREV_SUS,PREV_DWI,PREV_SPD,PREV_OTH,FIRST_MO,FIRST_YR,LAST_MO,LAST_YR,SPEEDREL,DR_SF1,DR_SF2,DR_SF3,DR_SF4,VTRAFWAY,VNUM_LAN,VSPD_LIM,VALIGN,VPROFILE,VPAVETYP,VSURCOND,VTRAFCON,VTCONT_F,P_CRASH1,P_CRASH2,P_CRASH3,PCRASH4,PCRASH5,ACC_TYPE,DEATHS,DR_DRINK
6,61951,1,1,1,16,9,19,41,9,0,1,0,6,1,51,43,51043,4,1998,YV1LS5646W24,Y,V,1,L,S,5,6,4,6,W,2,4,0,P,VOLV,SGL,4D,98,17,3300,,0,1049,,G,,T,5,149,,,15R195,,,,,,0,0,000000000,00000000000,0,0,0,1,0,0,0,0,0,0,0,40,0,0,0,12,4,3,9,0,0,0,1,6,92833,6,1,0,0,3,0,68,160,0,1,0,0,0,12,2010,12,2010,0,0,0,0,0,1,4,40,1,1,1,1,0,0,1,83,1,1,1,13,0,0
6,61952,1,1,1,14,11,15,0,9,0,1,1,6,2,12,24,12024,6,2007,2FMDK48C87BB,2,F,M,D,K,4,8,C,8,7,B,B,0,P,FORD,EDG,UT,7,17,4282,,0,1112,,G,,F,6,214,,,17R235,,,,,,0,0,000000000,00000000000,0,0,0,1,0,0,0,0,0,0,0,53,0,0,0,12,2,1,9,0,0,0,1,6,95948,6,1,0,0,3,3,71,200,0,0,0,0,0,0,0,0,0,0,48,0,0,0,1,2,50,2,5,2,1,0,0,14,80,6,1,4,13,0,0
6,61953,1,1,1,14,11,23,30,8,0,1,0,6,2,48,401,48401,14,1999,JF1SF6550XH7,J,F,1,S,F,6,5,5,0,X,H,7,0,P,SUBA,FOR,UT,99,17,3130,,0,994,,G,,F,4,150,,,16R215,,,,,,0,0,000000000,00000000000,0,0,0,1,0,0,0,0,0,0,0,998,0,0,0,12,6,2,8,0,0,0,1,6,91403,6,1,0,0,3,3,64,100,1,0,0,0,0,8,2011,8,2011,0,0,0,0,0,1,4,35,1,1,2,1,0,0,1,80,1,1,1,13,0,1
6,61954,1,2,1,15,11,18,50,12,2,1,0,6,1,63,34,63034,4,2012,999999999999,9,9,9,9,9,9,9,9,9,9,9,9,0,,,,,,,,,,,,,,,,,,,,,,,,,0,0,000000000,00000000000,0,0,0,1,0,0,0,0,0,0,0,998,0,0,0,12,6,2,12,0,0,0,1,6,91311,6,1,0,0,3,0,72,200,0,0,0,0,0,0,0,0,0,0,38,0,0,0,1,5,40,1,1,2,1,0,0,11,15,1,1,1,68,0,0
6,61954,2,2,1,15,11,18,50,12,2,1,0,6,1,53,706,53706,80,1999,JS1GV75A8X21,J,S,1,G,V,7,5,A,8,X,2,1,0,M,SUZI,GSS,RS,99,17,,,,,,,1157,,4,,4,471,,,,,,,0,0,000000000,00000000000,0,0,0,1,0,0,0,0,0,0,0,998,0,0,0,12,6,2,12,0,0,0,1,6,91311,6,1,0,0,3,0,67,140,0,0,0,0,0,0,0,0,0,0,0,0,0,0,1,5,40,1,1,2,1,0,0,1,62,1,1,1,69,1,0
6,61955,1,2,1,16,11,0,51,12,2,1,0,6,1,20,39,20039,4,2010,KL1TD5DE4AB1,K,L,1,T,D,5,D,E,4,A,B,1,0,P,CHEV,LTS,4D,10,17,2568,,0,976,,G,,F,4,098,,,14R185,,,,,,0,0,000000000,00000000000,0,0,0,1,0,0,0,0,0,0,0,999,0,0,0,12,6,2,12,0,0,1,1,6,92372,6,1,0,0,3,0,64,170,0,0,0,0,0,0,0,0,0,0,51,0,0,0,1,2,55,1,1,2,2,0,0,1,10,1,1,2,50,1,1
6,61955,2,2,1,16,11,0,51,12,2,1,0,6,2,49,50,49050,3,2005,JTKDE1776500,J,T,K,D,E,1,7,7,6,5,0,0,0,P,TOYT,SXC,2H,5,17,2905,,0,1063,,G,,F,4,144,,,17R215,,,,,,0,0,000000000,00000000000,0,0,0,1,0,0,0,0,0,0,0,55,0,0,0,12,6,2,12,0,0,0,1,6,92394,1,1,0,0,2,0,71,210,0,1,0,2,0,6,2010,8,2011,0,0,0,0,0,1,2,55,1,1,2,2,0,0,1,62,1,1,1,51,0,1
6,61956,1,1,0,12,10,8,45,8,0,1,0,6,6,42,48,42048,4,2008,WDBUF56X88B3,W,D,B,U,F,5,6,X,8,8,B,3,0,P,MERZ,ESD,4D,8,17,3740,,0,1124,,G,,F,6,213,,,17R245,,,,,,0,0,000000000,00000000000,0,0,0,1,0,0,0,0,0,0,0,998,0,0,0,14,2,3,8,0,0,0,0,0,99997,7,6,97,7,6,7,998,997,998,998,998,998,998,98,9998,98,9998,8,20,0,0,0,3,2,25,1,6,1,1,0,0,0,98,0,0,0,98,0,0
6,61957,1,5,1,22,9,11,4,12,6,1,0,6,1,49,40,49040,4,1994,JT2SK12E9R02,J,T,2,S,K,1,2,E,9,R,0,2,0,P,TOYT,CLE,4D,94,17,3086,,0,1031,,G,,F,4,132,,,14R195,,,,,,0,0,000000000,00000000000,0,0,0,1,0,0,0,0,0,0,0,75,0,0,0,12,6,2,12,0,0,0,1,6,92841,6,1,0,0,3,0,62,140,0,0,0,0,0,0,0,0,0,1,39,0,0,0,1,4,40,1,1,8,1,3,3,1,17,1,1,1,86,1,0
6,61957,2,5,1,22,9,11,4,12,6,1,0,6,1,12,880,12880,67,2006,1FTWW31P26EA,1,F,T,W,W,3,1,P,2,6,E,A,0,T,FORD,F3S,CW,6,17,,3,1720,1560,SRW,D,,,8,366,,,,D,6585,01,U,44,0,6,328924,06328924,2,1,97,1,0,0,0,0,0,0,0,998,0,1,1,81,6,2,12,0,0,0,1,6,92805,6,1,0,0,3,0,66,160,0,0,0,0,0,0,0,0,0,0,0,0,0,0,1,6,40,1,1,8,1,3,3,1,66,1,1,1,87,0,0
6,61957,3,5,1,22,9,11,4,12,6,1,0,6,1,12,402,12402,14,2008,1FMCU49H78KE,1,F,M,C,U,4,9,H,7,8,K,E,0,P,FORD,SPE,UT,8,17,3638,,0,1031,,B,,F,4,140,,,16R235,,,,,,0,0,000000000,00000000000,0,0,0,1,0,0,0,0,0,0,0,998,0,0,0,61,6,2,12,0,0,0,1,6,92863,6,1,0,0,3,3,69,200,0,0,0,0,0,0,0,0,0,0,0,0,0,0,1,6,40,1,1,8,1,3,3,1,62,1,1,1,98,0,0
6,61957,4,5,2,22,9,11,4,12,6,1,0,6,1,49,43,49043,4,1997,4T1BF12B9VU1,4,T,1,B,F,1,2,B,9,V,U,1,0,P,TOYT,UVS,4D,97,17,3263,,0,1071,,G,,F,6,183,,,15R205,,,,,,0,0,000000000,00000000000,0,0,0,1,0,0,0,0,0,0,0,0,0,0,0,13,6,2,12,0,0,0,1,6,92604,6,1,0,0,3,3,65,170,0,0,0,0,0,0,0,0,0,0,0,0,0,0,1,6,40,1,1,8,1,3,3,5,62,1,1,1,98,0,0
6,61957,5,5,3,22,9,11,4,12,6,1,0,6,1,7,25,7025,5,2007,1B3HB48B07D1,1,B,3,H,B,4,8,B,0,7,D,1,0,P,DODG,CXT,4D,7,17,3038,,0,1037,,G,,F,4,122,,,17R215,,,,,,0,0,000000000,00000000000,0,0,0,1,0,0,0,0,0,0,0,998,0,0,0,8,2,1,54,0,0,0,1,6,92870,6,1,0,0,3,3,66,175,0,0,0,0,0,0,0,0,0,0,0,0,0,0,1,6,40,1,1,8,1,3,3,1,98,1,1,1,98,0,0
6,61958,1,1,2,26,10,6,30,8,0,1,0,6,2,49,32,49032,4,1999,1NXBR18E6XZ2,1,N,X,B,R,1,8,E,6,X,Z,2,0,P,TOYT,UVL,4D,99,17,2414,,0,970,,G,,F,4,109,,,14R175,,,,,,0,0,000000000,00000000000,0,0,0,1,0,0,0,0,0,0,0,998,0,0,0,12,6,2,8,0,0,0,1,6,95327,6,1,0,0,3,3,65,115,0,0,0,0,1,3,2010,3,2010,1,0,0,0,0,1,2,35,1,1,2,1,0,0,1,80,1,1,1,13,0,0
6,61959,1,1,1,28,10,10,47,42,0,1,0,6,1,73,709,73709,80,2009,JKAEXMJ199DA,J,K,A,E,X,M,J,1,9,9,D,A,0,M,KAWK,E2J,RC,9,17,,,,,,,249,,2,,4,374,,,,,,,0,0,000000000,00000000000,0,0,0,1,0,0,0,0,0,0,0,55,0,0,0,12,6,2,42,0,0,0,1,6,94087,6,1,0,0,3,3,70,135,0,0,0,1,0,2,2011,2,2011,1,0,0,0,0,1,2,40,2,5,8,1,0,0,14,10,99,9,4,7,1,0
6,61960,1,1,1,28,10,12,46,42,0,1,0,6,1,37,32,37032,4,1994,1HGCD5553RA0,1,H,G,C,D,5,5,5,3,R,A,0,0,P,HOND,UER,4D,94,17,2908,,0,1069,,G,,F,4,132,,,15R195,,,,,,0,0,000000000,00000000000,0,0,0,1,0,0,0,0,0,0,0,999,0,0,0,12,6,2,42,0,0,0,1,6,93436,6,1,0,0,3,0,67,190,0,0,0,0,0,0,0,0,0,9,0,0,0,0,1,2,55,1,2,2,1,0,0,1,13,99,1,4,1,1,1
6,61961,1,1,2,25,10,17,13,39,0,1,0,6,2,37,32,37032,4,1991,JHMCB766XMC0,J,H,M,C,B,7,6,6,X,M,C,0,0,P,HOND,AER,4D,91,17,2923,,0,1071,,G,,F,4,132,,,15R195,,,,,,0,0,000000000,00000000000,0,0,0,1,0,0,0,0,0,0,0,50,0,0,0,98,6,2,39,0,0,0,1,6,92805,0,0,0,0,0,0,63,170,0,0,0,0,0,0,0,0,0,0,58,0,0,0,3,3,65,1,1,1,1,0,0,1,98,7,9,4,2,1,0
6,61962,1,1,2,22,11,6,20,30,0,1,0,6,1,49,40,49040,4,1993,JT2VK13E0P01,J,T,2,V,K,1,3,E,0,P,0,1,0,P,TOYT,XLE,4D,93,17,3097,,0,1031,,G,,F,6,181,,,15R205,,,,,,0,0,000000000,00000000000,0,0,0,1,0,0,0,0,0,0,0,999,0,0,0,12,6,2,30,0,0,0,1,6,95828,6,1,0,0,3,0,72,220,0,0,0,0,0,0,0,0,0,1,24,0,0,0,1,2,35,1,1,8,1,0,0,1,12,1,1,4,6,1,0
6,61963,1,2,1,25,10,19,30,12,6,1,0,6,2,37,705,37705,80,1994,JH2PC2505RM3,J,H,2,P,C,2,5,0,5,R,M,3,0,M,HOND,RF2,RC,94,17,,,,,,,600,,4,,4,405,,,,,,,0,0,000000000,00000000000,0,0,0,1,0,0,0,0,0,0,0,998,0,0,0,12,6,2,12,0,0,0,1,6,93536,3,1,0,0,2,0,72,175,0,1,0,0,0,3,2011,3,2011,0,0,0,0,0,1,5,50,1,1,2,1,0,0,1,62,1,1,1,69,1,0
6,61963,2,2,1,25,10,19,30,12,6,1,0,6,1,7,403,7403,14,2011,1D4PT2GK2BW5,1,D,4,P,T,2,G,K,2,B,W,5,0,P,DODG,NIT,UT,11,17,3932,,0,1088,,G,,F,6,225,,,16R225,,,,,,0,0,000000000,00000000000,0,0,0,1,0,0,0,0,0,0,0,998,0,0,0,62,6,2,12,0,0,0,1,6,93536,6,1,0,0,3,0,63,158,0,0,0,0,0,0,0,0,0,0,0,0,0,0,1,5,50,1,1,2,1,0,0,11,15,1,1,1,68,0,0
6,61964,1,1,2,26,10,1,30,1,0,1,0,6,1,49,401,49401,14,1990,JT3VN39W3L00,J,T,3,V,N,3,9,W,3,L,0,0,0,P,TOYT,RUN,UT,90,17,4045,,0,1033,,G,,F,6,180,,,000000,,,,,,0,0,000000000,00000000000,0,0,0,1,0,0,0,0,0,0,0,999,0,2,6,0,6,2,1,0,0,0,1,6,93205,6,1,0,0,3,0,71,175,0,0,0,0,0,0,0,0,0,9,24,0,0,0,1,2,25,1,8,5,1,0,0,98,13,99,9,4,2,1,1
6,61965,1,1,1,27,10,1,4,1,0,1,0,6,2,59,33,59033,2,1992,JT8JZ31C7N00,J,T,8,J,Z,3,1,C,7,N,0,0,0,P,LEXS,SC3,CP,92,17,3516,,0,1059,,G,,F,6,183,,,15R215,,,,,,0,0,000000000,00000000000,0,0,0,1,0,0,0,0,0,0,0,999,0,2,2,0,6,2,1,0,0,0,1,6,92251,6,1,0,0,3,0,69,280,0,0,0,0,0,0,0,0,0,1,24,0,0,0,2,2,65,2,1,1,1,0,0,14,13,99,9,4,1,1,0
6,61966,1,1,1,27,10,16,35,1,0,1,0,6,2,72,706,72706,80,1998,1HD1DDL33WY6,1,H,D,1,D,D,L,3,3,W,Y,6,0,M,HD,FHT,RS,98,17,,,,,,,1340,,2,,4,742,,,,,,,0,0,000000000,00000000000,0,0,0,1,0,0,0,0,0,0,0,40,0,0,0,0,4,3,1,0,0,0,1,6,94038,6,1,6,0,3,0,71,300,0,0,0,0,0,0,0,0,0,0,57,0,0,0,1,2,55,2,1,2,1,0,0,14,98,3,2,1,98,1,1
6,61967,1,1,1,27,10,22,10,42,0,1,0,6,1,20,421,20421,15,2002,1GNEK13T42J2,1,G,N,E,K,1,3,T,4,2,J,2,0,P,CHEV,KTA,UT,2,17,5050,,0,1160,,G,,F,8,325,,,16R265,,,,,,0,0,000000000,00000000000,0,0,0,1,0,0,0,0,0,0,0,999,0,0,0,98,6,2,42,0,0,1,1,6,95132,6,1,0,0,3,0,70,185,1,0,0,0,1,10,2011,4,2012,1,0,0,0,0,1,2,55,3,6,2,1,0,0,14,12,6,4,4,7,1,1
6,61968,1,1,5,11,11,2,50,35,0,1,0,6,2,20,36,20036,2,2005,2G1WZ1210591,2,G,1,W,Z,1,2,1,0,5,9,1,0,P,CHEV,MSP,CP,5,17,3395,,0,1105,,G,,Z,6,231,,,17R235,,,,,,0,0,000000000,00000000000,0,0,0,1,0,0,0,0,0,0,0,999,0,1,2,98,6,2,42,0,0,0,1,6,95554,0,0,0,0,0,0,70,150,0,0,0,0,0,0,0,0,0,9,0,0,0,0,1,2,55,2,1,2,2,0,0,14,13,1,1,4,1,1,0
6,61969,1,1,1,12,11,17,45,24,0,1,0,6,3,20,481,20481,31,2007,2GCEK13Z5711,2,G,C,E,K,1,3,Z,5,7,1,1,0,T,CHEV,1KW,CW,7,17,,2,0,1435,SIL,F,,,8,323,,,,B,5284,00,,44,0,0,000000000,00000000000,0,0,0,1,0,0,0,0,0,0,0,999,0,1,5,12,6,2,1,0,0,0,1,6,94956,6,1,0,0,3,3,70,200,0,0,0,0,0,0,0,0,0,9,0,0,0,0,1,2,55,3,1,8,1,0,0,14,13,1,1,4,1,1,1
6,61970,1,2,1,10,11,6,10,12,6,1,0,6,1,20,4,20004,2,2007,1G1YY25U2751,1,G,1,Y,Y,2,5,U,2,7,5,1,0,P,CHEV,CVT,CP,7,17,3179,,0,1057,,G,,F,8,366,,,18R245,,,,,,0,0,000000000,00000000000,0,0,0,1,0,0,0,0,0,0,0,999,0,0,0,12,6,2,12,0,0,0,1,6,93203,6,1,0,0,3,0,64,185,0,0,0,0,5,6,2010,12,2011,9,39,0,0,0,1,2,55,1,1,2,1,20,3,1,17,1,1,1,88,0,0
6,61970,2,2,2,10,11,6,10,12,6,1,0,6,1,41,37,41037,4,1997,1YVGE22D8V56,1,Y,V,G,E,2,2,D,8,V,5,6,0,P,MAZD,U6X,4D,97,17,2899,,0,1028,,G,,F,6,152,,,15R205,,,,,,0,0,000000000,00000000000,0,0,0,1,0,0,0,0,0,0,0,999,0,0,0,61,6,2,12,0,0,0,1,6,93241,3,1,0,0,2,0,67,145,0,0,0,3,0,8,2011,8,2012,9,0,0,0,0,1,2,55,1,1,2,1,0,0,1,66,1,1,1,89,2,1
6,61971,1,1,1,12,11,11,35,1,0,1,0,6,1,12,401,12401,14,1998,1FMZU32E5WZA,1,F,M,Z,U,3,2,E,5,W,Z,A,0,P,FORD,EPR,UT,98,17,3911,,0,1115,,G,,F,6,245,,,15R225,,,,,,0,0,000000000,00000000000,0,0,0,1,0,0,0,0,0,0,0,999,0,2,3,0,6,2,1,0,0,0,1,6,90703,6,1,0,0,3,0,67,175,0,0,0,0,0,0,0,0,0,9,0,0,0,0,2,2,70,1,1,2,1,0,0,1,12,8,9,4,6,1,0
6,61972,1,1,1,12,11,12,26,42,0,1,0,6,1,37,32,37032,4,2000,JHMCG6570YC0,J,H,M,C,G,6,5,7,0,Y,C,0,0,P,HOND,UEX,4D,0,17,3020,,0,1069,,G,,F,4,138,,,15R195,,,,,,0,0,000000000,00000000000,0,0,0,1,0,0,0,0,0,0,0,70,0,1,1,12,6,2,42,0,0,0,1,6,94519,6,1,0,0,3,0,66,130,0,0,0,0,0,0,0,0,0,0,0,0,0,0,3,4,65,1,1,2,1,0,0,1,13,1,1,4,1,1,0
6,61973,1,1,1,22,11,13,10,1,0,1,0,6,1,72,706,72706,80,2003,1HD1FBW333Y7,1,H,D,1,F,B,W,3,3,3,Y,7,0,M,HD,LRI,RS,3,17,,,,,,,1450,,2,,4,723,,,,,,,0,0,000000000,00000000000,0,0,0,1,0,0,0,0,0,0,0,999,0,0,0,0,6,2,1,0,0,0,1,32,89506,6,1,0,0,3,0,70,160,0,0,0,0,0,0,0,0,0,9,0,0,0,0,1,2,65,1,1,1,1,0,0,1,12,1,1,4,6,1,0
6,61974,1,1,1,11,11,17,48,9,0,1,1,99,9,99,999,99999,99,9999,999999999999,9,9,9,9,9,9,9,9,9,9,9,9,0,,,,,,,,,,,,,,,,,,,,,,,,,0,0,000000000,00000000000,0,0,0,1,0,0,0,0,0,0,0,999,0,0,0,12,4,1,9,0,0,0,1,99,99999,9,9,99,0,9,9,999,999,99,99,99,99,99,99,9999,99,9999,9,27,0,0,0,1,4,40,1,1,2,1,0,0,1,83,3,2,1,13,0,0
6,61975,1,1,2,10,11,20,49,8,0,1,0,6,2,2,405,2405,14,2003,1J4GL48KX3W6,1,J,4,G,L,4,8,K,X,3,W,6,0,T,JEEP,LSF,4W,3,17,,1,0,1043,LIB,G,,,6,226,,,,,3655,02,E,44,0,0,000000000,00000000000,0,0,0,1,0,0,0,0,0,0,0,998,0,0,0,1,2,3,8,0,0,0,1,6,93710,6,1,0,0,3,0,68,130,0,0,0,2,0,4,2012,5,2012,0,38,0,0,0,1,4,35,1,1,2,1,0,0,1,80,1,1,1,13,0,0
6,61976,1,1,1,17,11,19,0,8,0,1,1,99,9,99,999,99999,99,9999,999999999999,9,9,9,9,9,9,9,9,9,9,9,9,0,,,,,,,,,,,,,,,,,,,,,,,,,0,0,000000000,00000000000,0,0,0,1,0,0,0,0,0,0,0,998,0,0,0,99,9,1,8,99,99,0,1,99,99999,9,9,99,0,9,9,999,999,99,99,99,99,99,99,9999,99,9999,1,99,99,99,99,3,3,35,1,1,8,2,0,0,1,80,1,1,1,13,0,0
6,61977,1,1,2,17,11,19,50,8,0,1,0,6,2,49,482,49482,31,2002,5TBJN32142S2,5,T,B,J,N,3,2,1,4,2,S,2,0,T,TOYT,TUN,PK,2,17,,1,0,1283,TUN,G,,,6,206,,,,C,3795,00,U,42,0,0,000000000,00000000000,0,0,0,1,0,0,0,0,0,0,0,998,0,0,0,12,6,2,8,0,0,0,1,6,91306,6,1,0,0,3,0,65,155,1,2,0,0,1,5,2011,5,2012,0,0,0,0,0,1,4,35,1,1,8,2,0,0,1,80,1,1,1,13,0,0
6,61978,1,2,2,7,5,5,1,12,6,1,0,6,1,12,442,12442,20,2003,2FMZA50423BA,2,F,M,Z,A,5,0,4,2,3,B,A,0,T,FORD,WWG,ES,3,17,,1,0,1207,WIN,G,,,6,232,,,,B,3762,00,E,42,0,0,000000000,00000000000,0,0,0,1,0,0,0,0,0,0,0,15,0,0,0,12,6,2,12,0,0,0,1,6,92301,6,1,0,0,3,0,67,215,0,0,0,0,0,0,0,0,0,0,38,0,0,0,5,4,40,1,1,1,1,0,0,11,15,1,1,1,68,0,0
6,61978,2,2,1,7,5,5,1,12,6,1,0,6,1,72,706,72706,80,2005,1HD1FCW325Y6,1,H,D,1,F,C,W,3,2,5,Y,6,0,M,HD,FLU,RS,5,17,,,,,,,1450,,2,,4,788,,,,,,,0,0,000000000,00000000000,0,0,0,1,0,0,0,0,0,0,0,49,0,0,0,61,6,2,12,0,0,0,1,6,92395,6,1,0,0,3,3,71,220,0,0,0,0,0,0,0,0,0,0,0,0,0,0,5,4,40,1,1,1,1,0,0,1,62,1,1,1,69,1,0
6,61979,1,1,1,23,11,22,30,8,0,1,0,6,2,20,443,20443,20,2004,1GNDX03E14D1,1,G,N,D,X,0,3,E,1,4,D,1,0,T,CHEV,VTR,ES,4,17,,1,0,1200,VTR,G,,,6,207,,,,,3838,00,,42,0,0,000000000,00000000000,0,0,0,1,0,0,0,0,0,0,0,45,0,0,0,12,4,3,8,0,0,0,1,6,95602,6,1,0,0,3,3,72,240,0,0,0,0,0,0,0,0,0,0,0,0,0,0,5,6,45,1,1,2,1,0,0,1,80,1,1,1,13,0,1
6,61980,1,1,1,21,11,18,20,8,0,1,0,6,1,63,34,63034,4,2011,KNAGM4A74B51,K,N,A,G,M,4,A,7,4,B,5,1,0,P,KIA,OLX,4D,11,17,3206,,0,1071,,G,,F,4,144,,,16R205,,,,,,0,0,000000000,00000000000,0,0,0,1,0,0,0,0,0,0,0,998,0,0,0,12,4,3,8,0,0,0,1,6,93257,6,1,0,0,3,3,62,137,0,0,0,0,1,10,2012,10,2012,0,0,0,0,0,2,2,65,1,1,2,1,28,3,1,80,1,1,1,13,0,0
6,61981,1,1,1,11,11,18,10,42,0,1,0,6,2,49,472,49472,30,2000,4TASN92N9YZ6,4,T,A,S,N,9,2,N,9,Y,Z,6,0,T,TOYT,XPR,PC,0,17,,1,0,1219,TAC,G,,,6,206,,,,B,3280,00,U,42,0,0,000000000,00000000000,0,0,0,1,0,0,0,0,0,0,0,999,0,0,0,12,6,2,42,0,0,0,1,6,96001,6,1,0,0,3,0,68,175,0,1,0,0,0,1,2010,1,2010,9,24,0,0,0,1,2,55,3,1,2,1,0,0,14,13,1,1,4,1,1,0
6,61982,1,1,1,4,6,16,10,59,0,1,0,6,1,49,401,49401,14,1999,JT3GN86R5X00,J,T,3,G,N,8,6,R,5,X,0,0,0,P,TOYT,RUN,UT,99,17,3600,,0,1053,,G,,F,6,206,,,15R225,,,,,,0,0,000000000,00000000000,0,0,0,1,0,0,0,0,0,0,0,999,0,1,6,98,6,2,1,0,0,0,1,6,95608,6,1,0,0,3,0,64,185,0,0,0,0,0,0,0,0,0,1,48,24,0,0,1,2,55,1,6,2,2,0,0,1,6,1,2,4,7,1,0
6,61983,1,1,1,22,11,18,30,8,0,1,1,99,9,99,999,99999,99,9999,999999999999,9,9,9,9,9,9,9,9,9,9,9,9,0,,,,,,,,,,,,,,,,,,,,,,,,,0,0,000000000,00000000000,0,0,0,1,0,0,0,0,0,0,0,999,0,0,0,99,9,1,8,99,99,0,1,99,99999,9,9,99,9,9,9,999,999,99,99,99,99,99,99,9999,99,9999,9,99,99,99,99,1,2,25,1,1,8,1,0,0,1,80,99,9,9,13,0,0
6,61984,1,1,1,21,6,8,54,8,0,1,0,6,1,30,40,30040,6,2001,WVWSK61J31W7,W,V,W,S,K,6,1,J,3,1,W,7,0,P,VOLK,JGW,SW,1,17,2973,,0,0,,G,,F,4,121,,,000000,,,,,,0,0,000000000,00000000000,0,0,0,1,0,0,0,0,0,0,0,998,0,0,0,12,0,3,8,0,0,0,1,6,94022,6,1,0,0,3,0,73,200,0,0,0,0,0,0,0,0,0,0,38,0,0,0,2,2,35,1,6,2,1,0,0,10,98,1,1,7,13,0,0
6,61985,1,1,1,17,11,9,50,42,0,1,0,6,1,12,442,12442,20,2001,2FMZA514X1BC,2,F,M,Z,A,5,1,4,X,1,B,C,0,T,FORD,WLX,ES,1,17,,1,0,1207,WIN,G,,,6,232,,,,B,3963,00,E,42,0,0,000000000,00000000000,0,0,0,1,0,0,0,0,0,0,0,998,0,0,0,12,6,2,42,0,0,0,1,6,93561,6,1,0,0,3,3,70,160,0,0,0,0,0,0,0,0,0,0,28,0,0,0,1,2,45,1,6,1,1,0,0,1,12,1,1,4,6,1,0
6,61986,1,1,1,22,6,20,36,24,0,1,0,48,2,12,471,12471,30,1989,1FTCR10T2KUC,1,F,T,C,R,1,0,T,2,K,U,C,0,T,FORD,RNG,PK,89,17,,1,1140,1080,RNG,G,,,6,177,,,,B,2674,01,A,42,0,0,000000000,00000000000,0,0,0,1,0,0,0,0,0,0,0,999,0,0,0,98,6,2,24,0,0,1,1,6,92111,6,1,0,0,3,0,65,159,0,0,0,0,0,0,0,0,0,9,0,0,0,0,3,6,65,1,1,8,1,0,0,1,12,1,1,4,6,1,0
6,61987,1,2,1,19,5,8,0,1,0,1,0,6,1,49,441,49441,20,1991,JT3AC11R4M00,J,T,3,A,C,1,1,R,4,M,0,0,0,P,TOYT,PRE,SV,91,17,3455,,0,1128,,G,,F,4,149,,,14R205,,,,,,0,0,000000000,00000000000,0,0,0,1,0,0,0,0,0,0,0,998,0,0,0,83,4,3,12,0,0,0,1,6,92882,3,1,0,0,2,0,67,142,0,0,0,0,0,0,0,0,0,0,38,0,0,0,2,1,45,1,8,2,1,0,0,11,15,1,1,1,98,0,0
6,61987,2,2,1,19,5,8,0,1,0,1,0,6,1,72,706,72706,80,2008,1HD1FC4378Y7,1,H,D,1,F,C,4,3,7,8,Y,7,0,M,HD,FLU,RS,8,17,,,,,,,1584,,2,,4,851,,,,,,,0,0,000000000,00000000000,0,0,0,1,0,0,0,0,0,0,0,43,0,0,0,0,6,2,1,0,0,0,1,6,92880,6,1,0,0,3,0,70,195,0,0,0,0,0,0,0,0,0,0,0,0,0,0,2,2,45,1,8,2,1,0,0,1,98,3,7,3,98,1,0
6,61988,1,1,1,21,10,2,0,33,0,1,0,6,1,12,481,12481,31,2007,1FTRW12W17KD,1,F,T,R,W,1,2,W,1,7,K,D,0,T,FORD,F1S,CW,7,17,,2,0,1390,COF,G,,,8,281,,,,B,5176,01,E,42,0,0,000000000,00000000000,0,0,0,1,0,0,0,0,0,0,0,999,0,1,3,98,6,2,1,0,0,0,1,6,92570,6,1,6,0,3,0,71,165,0,0,0,0,0,0,0,0,0,0,48,0,0,0,3,2,65,1,5,1,1,0,0,1,13,1,1,4,1,1,1
6,61989,1,1,1,23,9,19,58,1,0,1,0,48,1,12,481,12481,31,2004,2FTRF18244CA,2,F,T,R,F,1,8,2,4,4,C,A,0,T,FORD,HER,PK,4,17,,2,0,1200,COF,G,,,6,256,,,,B,4400,00,U,44,0,0,000000000,00000000000,0,0,0,1,0,0,0,0,0,0,0,999,0,1,1,0,6,2,1,0,0,0,1,48,78227,0,0,0,0,0,0,69,165,0,0,0,0,0,0,0,0,0,0,58,0,0,0,1,2,55,3,6,2,1,0,0,14,13,1,1,6,98,1,1