STATE,ST_CASE,VEH_NO,VE_FORMS,NUMOCCS,DAY,MONTH,HOUR,MINUTE,HARM_EV,MAN_COLL,UNITTYPE,HIT_RUN,REG_STAT,OWNER,MAKE,MODEL,MAK_MOD,BODY_TYP,MOD_YEAR,VIN,VIN_1,VIN_2,VIN_3,VIN_4,VIN_5,VIN_6,VIN_7,VIN_8,VIN_9,VIN_10,VIN_11,VIN_12,TOW_VEH,VINTYPE,VINMAKE,VINA_MOD,VIN_BT,VINMODYR,VIN_LNGT,VIN_WGT,WGTCD_TR,WHLBS_LG,WHLBS_SH,SER_TR,FUELCODE,MCYCL_DS,CARBUR,CYLINDER,DISPLACE,MCYCL_CY,MCYCL_WT,TIRE_SZE,TON_RAT,TRK_WT,TRKWTVAR,VIN_REST,WHLDRWHL,J_KNIFE,MCARR_I1,MCARR_I2,MCARR_ID,GVWR,V_CONFIG,CARGO_BT,HAZ_INV,HAZ_PLAC,HAZ_ID,HAZ_CNO,HAZ_REL,BUS_USE,SPEC_USE,EMER_USE,TRAV_SP,UNDERIDE,ROLLOVER,ROLINLOC,IMPACT1,DEFORMED,TOWED,M_HARM,VEH_SC1,VEH_SC2,FIRE_EXP,DR_PRES,L_STATE,DR_ZIP,L_STATUS,L_TYPE,CDL_STAT,L_ENDORS,L_COMPL,L_RESTRI,DR_HGT,DR_WGT,PREV_ACC,PREV_SUS,PREV_DWI,PREV_SPD,PREV_OTH,FIRST_MO,FIRST_YR,LAST_MO,LAST_YR,SPEEDREL,DR_SF1,DR_SF2,DR_SF3,DR_SF4,VTRAFWAY,VNUM_LAN,VSPD_LIM,VALIGN,VPROFILE,VPAVETYP,VSURCOND,VTRAFCON,VTCONT_F,P_CRASH1,P_CRASH2,P_CRASH3,PCRASH4,PCRASH5,ACC_TYPE,DEATHS,DR_DRINK
6,62428,2,2,1,26,4,4,30,1,0,1,0,6,1,82,881,82881,66,1994,1FUYDZYB5RH6,1,F,U,Y,D,Z,Y,B,5,R,H,6,1,T,FRHT,FLD,TR,94,17,,8,0,0,CON,D,,,6,774,,,,,00000,00,,64,1,57,1982221,571982221,3,6,97,1,0,0,0,0,0,0,0,50,0,0,0,14,2,3,12,0,0,0,1,6,95376,6,1,6,0,3,3,68,160,0,0,0,0,0,0,0,0,0,0,0,0,0,0,3,2,65,1,1,2,2,0,0,1,98,2,1,1,98,0,0
6,62429,1,1,2,18,12,18,39,8,0,1,0,6,1,63,441,63441,20,2005,KNDUP1324566,K,N,D,U,P,1,3,2,4,5,6,6,0,P,KIA,SED,SV,5,17,4802,,0,1145,,G,,F,6,213,,,15R215,,,,,,0,0,000000000,00000000000,0,0,0,1,0,0,0,0,0,0,0,33,0,0,0,12,4,3,8,0,0,0,1,6,96002,6,1,0,0,3,0,61,160,0,0,0,2,3,10,2011,5,2012,0,0,0,0,0,3,2,35,1,1,1,1,0,0,1,80,1,1,1,13,0,0
6,62430,1,1,1,1,9,18,0,1,0,1,0,6,1,76,706,76706,80,2011,JYARN23Y5BA0,J,Y,A,R,N,2,3,Y,5,B,A,0,0,M,YAMA,YFR,RC,11,17,,,,,,,998,,4,,4,454,,,,,,,0,0,000000000,00000000000,0,0,0,1,0,0,0,0,0,0,0,80,0,0,0,0,6,2,1,0,0,0,1,6,92026,6,1,0,0,3,0,74,195,0,0,0,1,0,7,2012,7,2012,1,0,0,0,0,6,1,65,2,8,2,1,40,3,1,98,3,2,1,98,1,1
6,62431,1,2,1,20,12,5,47,12,1,1,0,6,1,37,32,37032,4,2003,JHMCM55353C0,J,H,M,C,M,5,5,3,5,3,C,0,0,P,HOND,ULX,4D,3,17,3053,,0,1079,,G,,F,4,146,,,15R205,,,,,,0,0,000000000,00000000000,0,0,0,1,0,0,0,0,0,0,0,998,0,0,0,12,6,2,42,0,0,0,1,6,95823,6,1,0,0,3,0,63,130,0,0,0,0,0,0,0,0,0,0,26,27,0,0,3,2,65,1,1,1,1,0,0,15,51,1,1,2,24,1,0
6,62431,2,2,1,20,12,5,47,12,1,1,0,6,1,7,26,7026,4,2012,1C3CDZBG8CN1,1,C,3,C,D,Z,B,G,8,C,N,1,0,P,DODG,ART,4D,12,17,3394,,0,1089,,F,,F,6,220,,,18R225,,,,,,0,0,000000000,00000000000,0,0,0,1,0,0,0,0,0,0,0,998,0,0,0,6,4,1,12,0,0,0,1,6,95632,6,1,0,0,3,0,72,190,1,0,0,1,1,8,2010,3,2011,0,0,0,0,0,3,2,65,1,1,1,1,0,0,15,53,7,1,2,25,0,0
6,62432,1,1,1,10,9,5,44,8,0,1,0,6,1,55,401,55401,14,2003,KM8SC13D53U4,K,M,8,S,C,1,3,D,5,3,U,4,0,P,HYUN,SAN,UT,3,17,3549,,0,1031,,G,,F,6,162,,,16R225,,,,,,0,0,000000000,00000000000,0,0,0,1,0,0,0,0,0,0,0,35,0,0,0,12,2,3,8,0,0,0,1,6,92345,6,1,0,0,3,3,75,220,0,0,0,0,0,0,0,0,0,0,0,0,0,0,5,6,45,1,1,2,1,0,0,1,80,3,2,1,13,0,0
6,62433,1,1,1,23,10,18,40,8,0,1,0,6,2,54,31,54031,3,2000,JH4DC4464YS0,J,H,4,D,C,4,4,6,4,Y,S,0,0,P,ACUR,IGS,2H,0,17,2680,,0,1012,,G,,F,4,112,,,15R195,,,,,,0,0,000000000,00000000000,0,0,0,1,0,0,0,0,0,0,0,40,0,0,0,12,4,3,8,0,0,0,1,6,92374,6,1,0,0,3,0,73,172,0,0,0,0,0,0,0,0,0,0,0,0,0,0,1,2,40,1,5,1,1,0,0,1,80,4,9,1,13,0,0
6,62434,1,1,1,25,10,12,0,33,0,1,0,6,1,72,706,72706,80,2009,1HD1FC43X9Y6,1,H,D,1,F,C,4,3,X,9,Y,6,0,M,HD,FLU,RS,9,17,,,,,,,1584,,2,,4,889,,,,,,,0,0,000000000,00000000000,0,0,0,1,0,0,0,0,0,0,0,998,0,0,0,14,6,2,1,0,0,0,1,6,90808,6,1,0,0,3,0,70,185,0,0,0,0,0,0,0,0,0,1,0,0,0,0,6,1,65,2,8,1,1,0,0,14,12,1,1,4,6,1,0
6,62435,1,3,9,4,11,15,39,1,0,1,0,6,2,12,422,12422,15,2004,1FMRU15W44LA,1,F,M,R,U,1,5,W,4,4,L,A,0,P,FORD,EPT,UT,4,17,5218,,0,1191,,G,,F,8,281,,,17R265,,,,,,0,0,000000000,00000000000,0,0,0,1,0,0,0,0,0,0,0,65,0,2,1,0,6,2,1,0,0,0,1,6,94538,6,1,6,0,3,0,67,168,0,0,0,0,0,0,0,0,0,0,28,80,0,0,2,2,70,1,1,2,1,0,0,1,1,4,9,4,98,3,0
6,62435,2,3,2,4,11,15,39,1,0,1,0,6,1,37,32,37032,4,2012,1HGCP2F83CA0,1,H,G,C,P,2,F,8,3,C,A,0,0,P,HOND,AXL,4D,12,17,3421,,0,1102,,G,,F,4,146,,,17R225,,,,,,0,0,000000000,00000000000,0,0,0,1,0,0,0,0,0,0,0,70,0,0,0,13,6,2,12,0,0,0,1,6,95648,6,1,0,0,3,0,73,217,0,0,0,0,0,0,0,0,0,0,0,0,0,0,2,2,70,1,1,2,1,0,0,1,62,9,1,2,98,1,0
6,62435,3,3,2,4,11,15,39,1,0,1,0,6,1,49,402,49402,14,1997,JT3HP10V2V70,J,T,3,H,P,1,0,V,2,V,7,0,1,P,TOYT,RV4,UT,97,17,2789,,0,949,,G,,F,4,122,,,16R215,,,,,,3,0,000000000,00000000000,0,0,0,1,0,0,0,0,0,0,0,50,0,0,0,61,4,3,12,0,0,0,1,6,95824,6,1,0,0,3,3,65,140,0,0,0,0,1,11,2010,11,2010,0,0,0,0,0,2,2,55,1,1,2,1,0,0,1,62,12,1,1,98,0,0
6,62436,1,1,1,13,11,18,25,8,0,1,0,6,2,20,481,20481,31,2008,1GCHK23608F1,1,G,C,H,K,2,3,6,0,8,F,1,0,T,CHEV,2KH,CW,8,17,,2,1670,1530,SIL,D,,,8,403,,,,C,5883,02,,44,0,0,000000000,00000000000,0,0,0,1,0,0,0,0,0,0,0,998,0,0,0,12,4,3,8,0,0,0,1,6,92562,6,2,0,0,3,0,66,128,0,0,0,0,1,3,2012,3,2012,0,99,99,99,99,1,2,25,1,1,8,1,0,0,11,80,1,1,1,13,0,0
6,62437,1,2,1,22,12,0,11,12,6,1,0,6,2,23,481,23481,31,2001,1GTEK19T71E1,1,G,T,E,K,1,9,T,7,1,E,1,0,T,GMC,NK1,4C,1,17,,2,1575,1435,SIE,G,,,8,325,,,,B,4776,00,U,44,0,0,000000000,00000000000,0,0,0,1,0,0,0,0,0,0,0,70,0,0,0,12,6,2,12,0,0,0,1,6,91761,1,1,0,0,2,0,69,165,0,0,0,0,0,0,0,0,0,0,28,91,0,0,1,4,45,1,1,2,1,0,0,1,54,1,1,1,73,0,1
6,62437,2,2,1,22,12,0,11,12,6,1,0,6,1,49,442,49442,20,2006,5TDZA23C96S4,5,T,D,Z,A,2,3,C,9,6,S,4,0,P,TOYT,SIE,SV,6,17,4120,,0,1193,,G,,F,6,201,,,15R205,,,,,,0,0,000000000,00000000000,0,0,0,1,0,0,0,0,0,0,0,40,0,0,0,61,6,2,12,0,0,0,1,6,91702,6,1,0,0,3,0,66,164,0,0,0,0,0,0,0,0,0,0,0,0,0,0,1,4,45,1,1,2,1,0,0,11,15,1,1,1,72,1,0
6,62438,1,1,1,28,11,10,15,30,0,1,0,6,1,36,33,36033,4,1979,131A40454147,1,3,1,A,4,0,4,5,4,1,4,7,0,P,FIAT,131,,79,12,2375,,0,980,,G,,2,4,122,,,13R165,,,,,,0,0,000000000,00000000000,0,0,0,1,0,0,0,0,0,0,0,998,0,0,0,62,6,2,30,0,0,0,1,6,95134,6,1,0,0,3,3,68,165,1,0,0,0,0,6,2010,6,2010,0,28,0,0,0,1,4,35,2,1,2,2,0,0,14,13,1,3,4,2,1,0
6,62439,1,1,1,14,12,23,3,8,0,1,1,6,2,32,43,32043,4,2001,WAURD68D61A0,W,A,U,R,D,6,8,D,6,1,A,0,0,P,AUDI,S4Q,4D,1,17,3508,,0,1026,,G,,T,6,163,,,17R225,,,,,,0,0,000000000,00000000000,0,0,0,1,0,0,0,0,0,0,0,999,0,0,0,12,6,2,8,0,0,0,1,6,90277,6,1,0,0,3,3,70,140,0,1,0,0,2,5,2011,10,2011,0,38,0,0,0,3,3,40,1,1,2,2,0,0,1,80,1,1,1,13,0,1
6,62440,1,1,2,17,11,10,5,38,0,1,0,6,1,12,481,12481,31,2004,1FTNX21P04EB,1,F,T,N,X,2,1,P,0,4,E,B,0,T,FORD,F2S,4C,4,17,,2,1580,1418,SRW,D,,,8,366,,,,C,5949,00,U,44,0,0,000000000,00000000000,0,0,0,1,0,0,0,0,0,0,0,999,0,1,6,12,6,2,1,0,0,0,1,6,93924,6,1,0,0,3,0,70,210,0,0,0,0,0,0,0,0,0,1,24,0,0,0,1,2,55,2,1,2,2,0,0,14,6,1,9,4,6,1,1
6,62441,1,2,1,19,11,0,39,12,6,1,0,6,2,59,35,59035,4,2001,JTHBD182X100,J,T,H,B,D,1,8,2,X,1,0,0,0,P,LEXS,IS3,4D,1,17,3270,,0,1051,,G,,F,6,183,,,16R205,,,,,,0,0,000000000,00000000000,0,0,0,1,0,0,0,0,0,0,0,999,0,0,0,12,6,2,12,0,0,0,1,6,92376,6,1,0,0,3,0,64,133,0,0,0,0,1,5,2012,5,2012,1,24,0,0,0,3,4,65,1,1,8,1,0,0,1,50,1,1,1,48,1,1
6,62441,2,2,1,19,11,0,39,12,6,1,0,6,1,49,50,49050,3,2007,JTKDE1776701,J,T,K,D,E,1,7,7,6,7,0,1,0,P,TOYT,SXC,2H,7,17,2905,,0,1063,,G,,F,4,146,,,17R215,,,,,,0,0,000000000,00000000000,0,0,0,1,0,0,0,0,0,0,0,0,0,0,0,81,6,2,12,0,0,0,1,6,92377,6,1,0,0,3,3,61,116,0,0,0,0,0,0,0,0,0,0,54,0,0,0,3,4,65,1,1,8,1,0,0,5,53,1,1,1,48,1,1
6,62442,1,3,1,22,12,15,5,31,0,1,0,6,1,49,401,49401,14,1994,JT3VN39W8R01,J,T,3,V,N,3,9,W,8,R,0,1,0,P,TOYT,RUN,UT,94,17,4165,,0,1033,,G,,F,6,180,,,15R225,,,,,,0,0,000000000,00000000000,0,0,0,1,0,0,0,0,0,0,0,60,0,0,0,12,6,2,12,0,0,0,1,6,94947,6,1,0,0,3,0,74,210,1,0,0,0,0,9,2011,9,2011,0,48,0,0,0,3,4,55,1,5,1,2,0,0,1,13,6,1,4,1,1,0
6,62442,2,3,4,22,12,15,5,31,0,1,0,6,1,37,421,37421,15,2010,5FNYF4H58AB0,5,F,N,Y,F,4,H,5,8,A,B,0,0,P,HOND,PIL,UT,10,17,4544,,0,1092,,G,,F,6,213,,,17R245,,,,,,0,0,000000000,00000000000,0,0,0,1,0,0,0,0,0,0,0,60,0,0,0,12,6,2,12,0,0,0,1,6,95492,6,1,0,0,3,0,65,172,0,0,0,0,0,0,0,0,0,0,0,0,0,0,3,4,55,1,8,1,2,0,0,1,62,7,2,1,98,0,0
6,62442,3,3,1,22,12,15,5,31,0,1,0,6,1,2,403,2403,14,2004,1J4FA49S84P7,1,J,4,F,A,4,9,S,8,4,P,7,0,T,JEEP,SPW,2W,4,17,,1,0,934,W/T,G,,,6,244,,,,,3343,00,E,44,0,0,000000000,00000000000,0,0,0,1,0,0,0,0,0,0,0,55,0,0,0,12,2,1,12,0,0,0,1,6,94941,6,1,0,0,3,3,72,200,0,0,0,0,0,0,0,0,0,0,0,0,0,0,3,4,55,1,8,1,2,0,0,1,62,3,2,1,98,0,0
6,62443,1,3,1,23,12,15,22,12,2,1,0,6,2,7,482,7482,31,1997,3B7HC13Z7VG8,3,B,7,H,C,1,3,Z,7,V,G,8,0,T,DODG,150,PC,97,17,,2,1547,1387,RPC,G,,,8,360,,,,B,4379,01,M,42,0,0,000000000,00000000000,0,0,0,1,0,0,0,0,0,0,0,55,0,1,1,12,6,2,12,0,0,0,1,6,92585,1,1,0,0,2,0,66,220,1,2,0,0,0,1,2010,5,2012,0,28,48,91,0,1,2,55,2,8,1,1,0,0,14,10,1,1,2,50,0,0
6,62443,2,3,4,23,12,15,22,12,2,1,0,6,2,37,39,37039,5,2010,JHMGE8H49AC0,J,H,M,G,E,8,H,4,9,A,C,0,0,P,HOND,FIS,4H,10,17,2520,,0,984,,G,,F,4,091,,,16R205,,,,,,0,0,000000000,00000000000,0,0,0,1,0,0,0,0,0,0,0,40,0,0,0,12,6,2,12,0,0,0,1,6,92057,6,1,0,0,3,0,63,175,0,0,0,0,0,0,0,0,0,0,0,0,0,0,1,2,55,3,8,1,1,0,0,14,62,1,1,1,51,1,0
6,62443,3,3,1,23,12,15,22,12,2,1,0,6,2,34,34,34034,4,2004,WBAET37454NJ,W,B,A,E,T,3,7,4,5,4,N,J,0,P,BMW,325,4D,4,17,3219,,0,1073,,G,,F,6,152,,,16R205,,,,,,0,0,000000000,00000000000,0,0,0,1,0,0,0,0,0,0,0,40,0,1,2,98,6,2,12,0,0,0,1,6,92069,6,1,0,0,3,0,66,220,0,0,0,0,0,0,0,0,0,0,0,0,0,0,1,2,55,3,8,1,1,0,0,14,62,1,1,1,98,0,0
6,62444,1,1,1,24,11,17,11,8,0,1,1,6,2,23,431,23431,16,2003,1GKEC16T73J2,1,G,K,E,C,1,6,T,7,3,J,2,0,T,GMC,CX1,4W,3,17,,2,0,1300,YUK,G,,,8,325,,,,B,4947,00,4,42,0,0,000000000,00000000000,0,0,0,1,0,0,0,0,0,0,0,998,0,0,0,12,2,3,8,0,0,0,1,6,92236,3,1,0,0,2,3,61,135,0,0,0,0,0,0,0,0,0,9,38,0,0,0,1,2,40,1,1,1,1,0,0,1,80,1,1,1,13,0,0
6,62445,1,2,1,23,12,19,42,12,6,1,0,6,2,20,481,20481,31,2005,2GCEC19N6513,2,G,C,E,C,1,9,N,6,5,1,3,0,T,CHEV,SC1,4C,5,17,,2,1575,1435,SIL,G,,,8,366,,,,B,4555,00,,42,0,0,000000000,00000000000,0,0,0,1,0,0,0,0,0,0,0,998,0,1,1,12,6,2,12,0,0,0,1,6,94603,0,0,0,0,0,0,69,170,0,1,1,0,0,11,2011,11,2011,1,91,0,0,0,1,4,30,1,1,2,1,0,0,1,66,1,1,1,88,0,1
6,62445,2,2,3,23,12,19,42,12,6,1,0,6,2,37,32,37032,4,1990,JHMCB7660LC0,J,H,M,C,B,7,6,6,0,L,C,0,0,P,HOND,AER,4D,90,17,2923,,0,1071,,G,,F,4,132,,,15R195,,,,,,0,0,000000000,00000000000,0,0,0,1,0,0,0,0,0,0,0,10,0,0,0,63,6,2,12,0,0,0,1,6,93203,0,0,0,0,0,0,65,145,0,0,0,0,0,0,0,0,0,0,0,0,0,0,1,2,30,1,1,2,1,20,3,1,17,1,1,1,89,1,1
6,62446,1,1,2,24,11,3,57,39,0,1,0,6,2,49,52,49052,5,2007,JTKDE1672701,J,T,K,D,E,1,6,7,2,7,0,1,0,P,TOYT,SXC,2H,7,17,2905,,0,1063,,G,,F,4,146,,,17R215,,,,,,0,0,000000000,00000000000,0,0,0,1,0,0,0,0,0,0,0,999,0,0,0,81,6,2,39,0,0,0,1,6,95841,6,1,0,0,3,0,67,200,0,0,0,0,0,0,0,0,0,1,0,0,0,0,1,4,35,1,1,2,1,0,0,1,8,99,9,4,7,2,1
6,62447,1,1,1,16,12,2,22,8,0,1,0,6,1,49,499,49499,30,1991,JT4VN01D1M00,J,T,4,V,N,0,1,D,1,M,0,0,0,T,TOYT,SWD,PK,91,17,,1,0,1030,HTP,G,,,6,180,,,,B,00000,00,A,44,0,0,000000000,00000000000,0,0,0,1,0,0,0,0,0,0,0,998,0,0,0,12,4,3,8,0,0,0,1,6,93041,6,1,0,0,3,0,77,270,0,0,0,0,0,0,0,0,0,0,99,99,99,99,3,3,50,1,1,8,1,3,3,1,80,1,1,1,13,0,0
6,62448,1,2,3,23,12,16,21,12,6,1,0,6,2,49,33,49033,2,1994,JT2AT00F8R00,J,T,2,A,T,0,0,F,8,R,0,0,0,P,TOYT,CSF,CP,94,17,2475,,0,999,,G,,F,4,108,,,14R185,,,,,,0,0,000000000,00000000000,0,0,0,1,0,0,0,0,0,0,0,998,0,0,0,82,4,3,12,0,0,0,1,6,93552,0,0,0,0,0,0,69,190,0,0,0,0,0,0,0,0,0,0,38,0,0,0,1,2,50,1,1,2,1,20,3,1,17,1,1,1,87,1,0
6,62448,2,2,2,23,12,16,21,12,6,1,0,6,2,42,42,42042,4,2001,WDBRF61J61F0,W,D,B,R,F,6,1,J,6,1,F,0,0,P,MERZ,C24,4D,1,17,3360,,0,1069,,F,,F,6,158,,,16R205,,,,,,0,0,000000000,00000000000,0,0,0,1,0,0,0,0,0,0,0,998,0,0,0,12,4,3,12,0,0,0,1,6,93550,6,1,0,0,3,0,67,200,0,0,0,1,0,4,2012,4,2012,0,0,0,0,0,1,2,55,1,1,2,1,0,0,1,66,1,1,1,86,0,1
6,62449,1,1,2,23,12,17,43,8,0,1,0,6,1,14,6,14006,4,2000,2MEFM75WXYX6,2,M,E,F,M,7,5,W,X,Y,X,6,0,P,MERC,MGL,4D,0,17,3973,,0,1147,,G,,F,8,281,,,16R225,,,,,,0,0,000000000,00000000000,0,0,0,1,0,0,0,0,0,0,0,998,0,0,0,12,4,3,8,0,0,0,1,6,90650,6,1,0,0,3,0,69,185,0,0,0,0,0,0,0,0,0,0,0,0,0,0,3,2,40,1,1,2,1,3,3,1,80,1,1,1,13,0,0
6,62450,1,1,1,23,12,20,0,33,0,1,0,6,2,35,471,35471,30,1993,1N6SD11S1PC3,1,N,6,S,D,1,1,S,1,P,C,3,0,T,NISS,SWB,PK,93,17,,1,0,1043,TRK,G,,,4,146,,,,B,2750,01,A,42,0,0,000000000,00000000000,0,0,0,1,0,0,0,0,0,0,0,998,0,1,6,82,6,2,1,0,0,0,1,6,92285,3,1,0,0,2,0,75,290,0,0,0,0,0,0,0,0,0,1,58,0,0,0,1,2,55,1,1,2,1,0,0,1,8,6,2,4,7,1,0
6,62451,1,2,2,21,11,18,0,12,6,1,0,6,1,12,481,12481,31,1974,F37YRU02147,F,3,7,Y,R,U,0,2,1,4,7,,0,T,FORD,F35,CB,74,11,,2,1665,1170,COF,G,,,8,360,,,,CD,3647,02,,42,0,0,000000000,00000000000,0,0,0,1,0,0,0,0,0,0,0,998,0,0,0,82,6,2,12,0,0,0,1,6,95423,6,1,0,0,3,3,70,175,1,0,0,0,0,12,2011,12,2011,0,38,0,0,0,1,2,55,1,1,2,1,0,0,11,15,1,1,1,68,2,0
6,62451,2,2,3,21,11,18,0,12,6,1,0,6,2,49,398,49398,9,1964,FJ4042050,F,J,4,0,4,2,0,5,0,,,,0,P,TOYT,,,64,9,,,,,,,,,,,,,,,,,,,0,0,000000000,00000000000,0,0,0,1,0,0,0,0,0,0,0,998,0,0,0,12,6,2,12,0,0,0,1,6,95482,6,1,0,0,3,0,73,210,0,0,0,2,0,8,2011,8,2011,0,0,0,0,0,1,2,55,1,1,2,1,0,0,1,62,4,9,1,69,0,0
6,62452,1,2,2,25,12,20,59,12,6,1,0,6,2,52,37,52037,3,2000,4A3AC84L4YE0,4,A,3,A,C,8,4,L,4,Y,E,0,0,P,MITS,ECG,2H,0,17,3120,,0,1008,,G,,F,6,181,,,17R215,,,,,,0,0,000000000,00000000000,0,0,0,1,0,0,0,0,0,0,0,998,0,0,0,12,6,2,12,0,0,0,1,6,92376,1,1,0,0,2,0,70,260,0,0,0,0,0,0,0,0,0,1,39,57,0,0,1,4,40,1,6,2,1,20,3,1,17,3,2,1,88,0,1
6,62452,2,2,2,25,12,20,59,12,6,1,0,6,2,7,442,7442,20,1998,2B4GP44R9WR8,2,B,4,G,P,4,4,R,9,W,R,8,0,T,DODG,GSS,ES,98,17,,1,0,1193,CAR,G,,,6,201,,,,,3675,00,E,42,0,0,000000000,00000000000,0,0,0,1,0,0,0,0,0,0,0,998,0,0,0,61,6,2,12,0,0,0,1,6,91792,6,1,0,0,3,0,65,142,1,0,0,0,0,4,2010,4,2010,0,0,0,0,0,1,4,40,1,8,2,1,0,0,1,66,1,1,1,89,1,0
6,62453,1,2,1,26,12,15,30,12,6,1,0,6,1,76,706,76706,80,2007,JYARN20Y47A0,J,Y,A,R,N,2,0,Y,4,7,A,0,0,M,YAMA,YFR,RC,7,17,,,,,,,998,,4,,4,381,,,,,,,0,0,000000000,00000000000,0,0,0,1,0,0,0,0,0,0,0,998,0,0,0,12,4,3,12,0,0,0,1,6,91311,6,1,0,0,3,0,73,185,1,0,0,0,1,8,2012,12,2012,1,57,0,0,0,1,2,25,1,8,8,1,0,0,1,66,3,2,1,69,1,0
6,62453,2,2,2,26,12,15,30,12,6,1,0,6,2,49,40,49040,4,1999,4T1BG22K2XU6,4,T,1,B,G,2,2,K,2,X,U,6,0,P,TOYT,UEX,4D,99,17,2998,,0,1051,,G,,F,4,132,,,14R195,,,,,,0,0,000000000,00000000000,0,0,0,1,0,0,0,0,0,0,0,998,0,0,0,5,4,1,12,0,0,0,1,6,91335,6,1,0,0,3,0,63,122,0,0,0,0,0,0,0,0,0,0,0,0,0,0,1,2,25,1,8,8,1,0,0,11,15,1,1,1,68,0,0
6,62454,1,1,1,20,5,99,99,8,0,1,1,99,9,99,999,99999,99,9999,999999999999,9,9,9,9,9,9,9,9,9,9,9,9,0,,,,,,,,,,,,,,,,,,,,,,,,,0,0,000000000,00000000000,0,0,0,1,0,0,0,0,0,0,0,999,0,0,0,82,9,1,8,0,0,0,1,99,99999,9,9,99,9,9,9,999,999,99,99,99,99,99,99,9999,99,9999,0,48,0,0,0,1,2,55,1,1,2,1,0,0,1,80,99,2,4,13,0,0
6,62455,1,1,1,24,12,1,45,43,0,1,0,6,1,20,37,20037,4,2001,1G1NE52J0162,1,G,1,N,E,5,2,J,0,1,6,2,0,P,CHEV,M/L,4D,1,17,3051,,0,1070,,G,,F,6,191,,,15R215,,,,,,0,0,000000000,00000000000,0,0,0,1,0,0,0,0,0,0,0,998,0,1,5,98,6,2,1,0,0,0,1,6,92584,6,1,0,0,3,0,62,135,0,0,0,0,0,0,0,0,0,1,0,0,0,0,3,2,70,1,1,1,1,0,0,1,8,9,2,4,3,1,1
6,62456,1,2,3,31,12,21,10,12,2,1,0,6,1,55,35,55035,4,2002,KMHDN45D82U3,K,M,H,D,N,4,5,D,8,2,U,3,0,P,HYUN,EST,4D,2,17,2635,,0,1027,,G,,F,4,121,,,15R195,,,,,,0,0,000000000,00000000000,0,0,0,1,0,0,0,0,0,0,0,999,0,1,6,12,6,2,12,0,0,0,1,6,94533,1,1,0,0,2,0,68,160,0,3,2,0,0,7,2011,11,2012,0,28,0,0,0,1,2,55,2,1,2,1,0,0,14,10,6,1,2,50,3,0
6,62456,2,2,1,31,12,21,10,12,2,1,0,6,4,49,40,49040,4,2012,4T1BF1FK1CU5,4,T,1,B,F,1,F,K,1,C,U,5,0,P,TOYT,CBA,4D,12,17,3190,,0,1093,,G,,F,4,152,,,16R205,,,,,,0,0,000000000,00000000000,0,0,0,1,0,0,0,0,0,0,0,999,0,0,0,12,6,2,12,0,0,0,1,6,95376,6,1,0,0,3,0,70,190,0,0,0,0,1,12,2012,12,2012,0,0,0,0,0,1,2,55,1,1,2,1,0,0,1,54,99,1,1,51,1,0
6,62457,1,2,3,24,12,18,50,52,0,1,0,6,2,49,40,49040,2,1996,4T1CF12KXTU1,4,T,1,C,F,1,2,K,X,T,U,1,0,P,TOYT,ULS,CP,96,17,3219,,0,1031,,G,,F,6,183,,,15R205,,,,,,0,0,000000000,00000000000,0,0,0,1,0,0,0,0,0,0,0,65,0,1,4,12,6,2,1,0,0,0,1,6,92126,6,2,0,0,3,2,64,105,0,0,0,0,0,0,0,0,0,0,0,0,0,0,6,2,65,1,1,8,1,0,0,1,12,1,1,4,6,1,0
6,62457,2,2,1,24,12,18,50,52,0,1,0,12,1,34,34,34034,4,2007,999999999999,9,9,9,9,9,9,9,9,9,9,9,9,0,,,,,,,,,,,,,,,,,,,,,,,,,0,0,000000000,00000000000,0,0,0,1,0,0,0,0,0,0,0,65,0,0,0,12,4,1,54,0,0,0,1,6,32224,6,1,0,0,3,0,61,110,0,0,0,0,0,0,0,0,0,0,0,0,0,0,3,4,65,1,1,8,1,0,0,1,98,1,1,1,98,0,0
6,62458,1,1,1,26,12,9,35,1,0,1,0,4,1,12,23,12023,4,2008,3FAHP06Z18R1,3,F,A,H,P,0,6,Z,1,8,R,1,0,P,FORD,F/S,4D,8,17,3181,,0,1074,,G,,F,4,140,,,16R205,,,,,,0,0,000000000,00000000000,0,0,0,1,0,0,0,0,0,0,0,65,0,2,3,0,6,2,1,0,0,0,1,4,85344,6,1,0,0,3,3,69,180,0,0,0,0,0,0,0,0,0,0,58,0,0,0,3,2,65,1,6,2,1,40,3,1,8,7,2,4,7,1,0
6,62459,1,3,1,26,12,16,13,54,11,1,0,6,2,55,35,55035,4,2007,KMHDU46DX7U0,K,M,H,D,U,4,6,D,X,7,U,0,0,P,HYUN,GST,4D,7,17,2723,,0,1043,,G,,F,4,121,,,15R195,,,,,,0,0,000000000,00000000000,0,0,0,1,0,0,0,0,0,0,0,998,0,0,0,18,6,2,12,0,0,0,1,6,93306,1,1,0,0,2,3,72,170,0,0,0,0,0,0,0,0,0,0,48,0,0,0,2,2,70,1,1,2,2,0,0,1,9,1,1,4,98,1,1