STATE,ST_CASE,VEH_NO,VE_FORMS,NUMOCCS,DAY,MONTH,HOUR,MINUTE,HARM_EV,MAN_COLL,UNITTYPE,HIT_RUN,REG_STAT,OWNER,MAKE,MODEL,MAK_MOD,BODY_TYP,MOD_YEAR,VIN,VIN_1,VIN_2,VIN_3,VIN_4,VIN_5,VIN_6,VIN_7,VIN_8,VIN_9,VIN_10,VIN_11,VIN_12,TOW_VEH,VINTYPE,VINMAKE,VINA_MOD,VIN_BT,VINMODYR,VIN_LNGT,VIN_WGT,WGTCD_TR,WHLBS_LG,WHLBS_SH,SER_TR,FUELCODE,MCYCL_DS,CARBUR,CYLINDER,DISPLACE,MCYCL_CY,MCYCL_WT,TIRE_SZE,TON_RAT,TRK_WT,TRKWTVAR,VIN_REST,WHLDRWHL,J_KNIFE,MCARR_I1,MCARR_I2,MCARR_ID,GVWR,V_CONFIG,CARGO_BT,HAZ_INV,HAZ_PLAC,HAZ_ID,HAZ_CNO,HAZ_REL,BUS_USE,SPEC_USE,EMER_USE,TRAV_SP,UNDERIDE,ROLLOVER,ROLINLOC,IMPACT1,DEFORMED,TOWED,M_HARM,VEH_SC1,VEH_SC2,FIRE_EXP,DR_PRES,L_STATE,DR_ZIP,L_STATUS,L_TYPE,CDL_STAT,L_ENDORS,L_COMPL,L_RESTRI,DR_HGT,DR_WGT,PREV_ACC,PREV_SUS,PREV_DWI,PREV_SPD,PREV_OTH,FIRST_MO,FIRST_YR,LAST_MO,LAST_YR,SPEEDREL,DR_SF1,DR_SF2,DR_SF3,DR_SF4,VTRAFWAY,VNUM_LAN,VSPD_LIM,VALIGN,VPROFILE,VPAVETYP,VSURCOND,VTRAFCON,VTCONT_F,P_CRASH1,P_CRASH2,P_CRASH3,PCRASH4,PCRASH5,ACC_TYPE,DEATHS,DR_DRINK
6,62519,1,1,1,30,12,18,25,1,0,1,0,6,0,72,706,72706,80,2005,1HD1GNW115K3,1,H,D,1,G,N,W,1,1,5,K,3,0,M,HD,DLI,RS,5,17,,,,,,,1450,,2,,4,623,,,,,,,0,0,000000000,00000000000,0,0,0,1,0,0,0,0,0,0,0,999,0,0,0,0,6,2,1,0,0,0,1,6,94520,6,1,0,0,3,0,74,270,0,0,0,1,1,9,2010,2,2012,0,0,0,0,0,3,2,55,3,6,2,1,0,0,14,13,99,1,4,1,1,1
6,62520,1,2,1,29,12,20,30,33,0,1,0,6,1,55,38,55038,4,2005,KMHFU45E75A3,K,M,H,F,U,4,5,E,7,5,A,3,0,P,HYUN,XG5,4D,5,17,3651,,0,1083,,G,,F,6,213,,,16R205,,,,,,0,0,000000000,00000000000,0,0,0,1,0,0,0,0,0,0,0,998,0,0,0,14,4,3,33,0,0,0,1,6,92503,1,1,0,0,2,0,62,178,0,1,0,0,0,10,2012,10,2012,0,48,0,0,0,2,2,40,3,8,2,2,0,0,14,12,1,1,4,6,0,0
6,62520,2,2,3,29,12,20,30,33,0,1,0,6,1,49,46,49046,5,2012,JTDKN3DU2C15,J,T,D,K,N,3,D,U,2,C,1,5,0,P,TOYT,PRI,4H,12,17,3042,,0,1063,,B,,F,4,110,,,15R195,,,,,,0,0,000000000,00000000000,0,0,0,1,0,0,0,0,0,0,0,998,0,0,0,12,4,3,12,36,0,0,1,6,92508,6,1,0,0,3,3,70,190,0,0,0,0,0,0,0,0,0,0,0,0,0,0,2,2,40,2,8,2,2,0,0,14,62,1,1,1,98,1,0
6,62521,1,1,1,30,12,99,99,1,0,1,0,6,1,30,40,30040,4,2003,3VWSK69M73M1,3,V,W,S,K,6,9,M,7,3,M,1,0,P,VOLK,JGS,4D,3,17,2859,,0,989,,G,,F,4,121,,,15R195,,,,,,0,0,000000000,00000000000,0,0,0,1,0,0,0,0,0,0,0,999,0,1,5,0,6,2,1,0,0,0,1,6,95345,0,0,0,0,0,0,65,140,0,1,0,0,1,1,2010,7,2011,0,0,0,0,0,1,2,55,3,8,2,1,0,0,14,13,99,1,4,1,1,1
6,62522,1,1,1,31,12,15,34,10,0,1,0,6,1,49,38,49038,2,1996,JT2AC52LXT01,J,T,2,A,C,5,2,L,X,T,0,1,0,P,TOYT,TTD,2D,96,17,1950,,0,937,,G,,F,4,091,,,13R155,,,,,,0,0,000000000,00000000000,0,0,0,1,0,0,0,0,0,0,0,998,0,0,0,9,6,2,10,0,0,0,1,6,95605,6,1,0,0,3,3,64,145,0,0,0,0,0,0,0,0,0,0,0,0,0,0,3,2,35,1,1,2,1,0,0,11,10,1,1,2,98,1,0
6,62523,1,1,1,30,12,11,48,30,0,1,0,6,1,20,4,20004,2,1996,1G1YY22P9T51,1,G,1,Y,Y,2,2,P,9,T,5,1,0,P,CHEV,CVT,CP,96,17,3298,,0,962,,G,,F,8,350,,,17R255,,,,,,0,0,000000000,00000000000,0,0,0,1,0,0,0,0,0,0,0,90,0,0,0,12,6,2,30,0,0,0,1,6,93313,6,1,6,0,3,0,73,195,0,0,0,0,1,6,2010,6,2010,1,0,0,0,0,3,3,65,1,8,8,1,0,0,1,13,99,1,4,1,1,1
6,62524,1,4,1,28,12,12,40,12,1,1,0,6,3,85,881,85881,66,2000,1XKADU9X3YR8,1,X,K,A,D,U,9,X,3,Y,R,8,1,T,KW,T60,TR,0,17,,8,2600,1600,CON,D,,,6,733,,,,,00000,00,,64,1,57,676136,57676136,3,6,1,1,0,0,0,0,0,0,0,68,0,0,0,12,6,2,12,0,0,0,1,6,90255,6,1,6,0,3,0,68,240,0,0,0,0,1,10,2012,10,2012,1,0,0,0,0,2,2,65,1,1,2,1,0,0,1,50,9,2,1,20,0,0
6,62524,2,4,3,28,12,12,40,12,1,1,0,6,2,37,32,37032,2,1991,1HGCB7262MA0,1,H,G,C,B,7,2,6,2,M,A,0,0,P,HOND,AER,CP,91,17,2888,,0,1071,,G,,F,4,132,,,15R195,,,,,,0,0,000000000,00000000000,0,0,0,1,0,0,0,0,0,0,0,0,0,0,0,6,6,2,12,0,0,0,1,6,91766,6,1,0,0,3,0,68,150,0,0,0,0,0,0,0,0,0,0,0,0,0,0,2,2,65,1,1,2,1,0,0,5,53,1,1,1,21,1,0
6,62524,3,4,2,28,12,12,40,12,1,1,0,6,1,23,481,23481,31,2000,1GTEC14V1YZ2,1,G,T,E,C,1,4,V,1,Y,Z,2,0,T,GMC,NC1,PK,0,17,,2,1330,1190,SIE,G,,,8,293,,,,B,3923,02,U,42,0,0,000000000,00000000000,0,0,0,1,0,0,0,0,0,0,0,0,0,0,0,5,6,2,12,0,0,0,1,6,92236,6,1,0,0,3,0,65,195,0,1,0,0,1,12,2010,5,2011,0,0,0,0,0,2,2,65,1,1,2,1,0,0,5,53,1,1,1,98,0,0
6,62524,4,4,2,28,12,12,40,12,1,1,0,6,1,63,37,63037,6,2012,KNDJT2A55C74,K,N,D,J,T,2,A,5,5,C,7,4,0,P,KIA,SOU,UT,12,17,2615,,0,1004,,G,,F,4,098,,,15R195,,,,,,0,0,000000000,00000000000,0,0,0,1,0,0,0,0,0,0,0,0,0,0,0,6,4,3,12,0,0,0,1,6,92236,6,1,0,0,3,0,68,200,0,1,0,0,0,3,2010,3,2010,0,0,0,0,0,2,2,65,1,1,2,1,0,0,5,53,1,1,1,98,0,0
6,62525,1,2,1,30,12,10,45,12,6,1,0,6,2,51,47,51047,4,2006,YV1RS5921625,Y,V,1,R,S,5,9,2,1,6,2,5,0,P,VOLV,S6F,4D,6,17,3393,,0,1069,,G,,T,5,154,,,16R215,,,,,,0,0,000000000,00000000000,0,0,0,1,0,0,0,0,0,0,0,999,0,0,0,81,6,2,12,0,0,0,1,6,95003,6,1,0,0,3,0,69,116,0,0,0,0,0,0,0,0,0,0,48,0,0,0,2,2,65,3,1,2,1,0,0,14,10,1,4,4,66,0,0
6,62525,2,2,4,30,12,10,45,12,6,1,0,6,1,49,46,49046,5,2012,JTDZN3EU9C30,J,T,D,Z,N,3,E,U,9,C,3,0,0,P,TOYT,PRV,SW,12,17,3274,,0,1094,,B,,F,4,110,,,16R205,,,,,,0,0,000000000,00000000000,0,0,0,1,0,0,0,0,0,0,0,66,0,0,0,12,6,2,12,36,0,0,1,6,90043,6,1,0,0,3,0,74,220,0,0,0,1,0,10,2010,10,2010,0,0,0,0,0,2,2,65,2,1,2,1,0,0,14,64,1,1,1,66,1,0
6,62526,1,1,1,31,12,5,5,8,0,1,0,6,1,20,32,20032,4,1992,1Y1SK5462NZ0,1,Y,1,S,K,5,4,6,2,N,Z,0,0,P,GEO,GEP,4D,92,17,2435,,0,957,,G,,F,4,097,,,13R175,,,,,,0,0,000000000,00000000000,0,0,0,1,0,0,0,0,0,0,0,55,0,0,0,12,4,1,8,0,0,0,1,6,95519,6,1,0,0,3,3,70,150,0,0,0,0,0,0,0,0,0,0,0,0,0,0,3,2,65,1,1,1,1,0,0,1,80,1,1,1,13,0,0
6,62527,1,3,1,5,11,13,48,12,6,1,0,6,2,48,34,48034,6,1999,4S3BG6855X76,4,S,3,B,G,6,8,5,5,X,7,6,0,P,SUBA,UVT,SW,99,17,3175,,0,1035,,G,,F,4,150,,,15R205,,,,,,0,0,000000000,00000000000,0,0,0,1,0,0,0,0,0,0,0,55,0,0,0,12,6,2,12,0,0,1,1,6,94561,6,1,0,0,3,0,65,150,0,0,0,0,0,0,0,0,0,0,28,0,0,0,1,2,55,2,8,2,1,0,0,14,13,6,1,6,66,0,0
6,62527,2,3,2,5,11,13,48,12,6,1,0,6,1,42,48,42048,4,1998,WDBJF65F7WA6,W,D,B,J,F,6,5,F,7,W,A,6,0,P,MERZ,E32,4D,98,17,3340,,0,1115,,G,,F,6,195,,,16R215,,,,,,0,0,000000000,00000000000,0,0,0,1,0,0,0,0,0,0,0,55,0,0,0,62,6,2,12,0,0,0,1,6,94583,6,1,0,0,3,3,68,160,0,0,0,0,0,0,0,0,0,0,0,0,0,0,1,2,55,3,8,2,1,0,0,14,62,8,1,1,66,1,0
6,62527,3,3,2,5,11,13,48,12,6,1,0,6,1,22,9,22009,3,1983,1G2AW87S5DL2,1,G,2,A,W,8,7,S,5,D,L,2,0,P,PONT,FAM,2H,83,17,3100,,0,1010,,G,,F,8,307,,,14R205,,,,,,0,0,000000000,00000000000,0,0,0,1,0,0,0,0,0,0,0,55,0,0,0,61,4,3,12,0,0,0,1,6,95076,6,1,0,0,3,0,65,135,0,0,0,0,0,0,0,0,0,0,0,0,0,0,1,2,55,3,8,2,1,0,0,14,62,8,1,1,98,0,0
6,62528,1,1,1,11,6,23,5,8,0,1,0,0,0,12,16,12016,4,2010,2FABP7BV5AX1,2,F,A,B,P,7,B,V,5,A,X,1,0,P,FORD,CVP,4D,10,17,4128,,0,1147,,F,,F,8,281,,,17R225,,,,,,0,0,000000000,00000000000,0,0,0,1,0,0,0,0,0,5,1,998,0,0,0,12,6,2,8,0,0,0,1,6,93721,6,1,0,0,3,0,72,210,0,0,0,0,0,0,0,0,0,1,16,0,0,0,1,2,55,1,8,8,2,0,0,1,80,1,1,1,13,0,0
6,62529,1,1,1,28,10,2,25,1,0,1,0,6,1,37,31,37031,4,1998,2HGEJ6670WH5,2,H,G,E,J,6,6,7,0,W,H,5,0,P,HOND,UCL,4D,98,17,2426,,0,1032,,G,,F,4,097,,,14R185,,,,,,0,0,000000000,00000000000,0,0,0,1,0,0,0,0,0,0,0,80,0,1,5,0,6,2,1,0,0,0,1,6,92056,1,1,0,0,2,0,65,130,0,1,0,2,1,4,2010,3,2012,0,58,0,0,0,3,6,65,1,6,8,1,0,0,1,13,99,3,4,2,1,0
6,62530,1,1,1,2,12,5,0,14,0,1,0,6,2,37,31,37031,4,1997,2HGEJ6677VH5,2,H,G,E,J,6,6,7,7,V,H,5,0,P,HOND,UCL,4D,97,17,2426,,0,1032,,G,,F,4,097,,,14R185,,,,,,0,0,000000000,00000000000,0,0,0,1,0,0,0,0,0,0,0,999,0,0,0,12,6,2,14,0,0,0,1,6,94015,6,1,0,0,3,0,61,120,2,0,0,0,0,11,2010,7,2011,0,48,0,0,0,3,4,65,1,1,2,2,0,0,1,13,1,1,4,1,1,0
6,62531,1,2,1,19,11,2,16,12,1,1,0,6,2,12,37,12037,4,2002,1FAFP383X2W2,1,F,A,F,P,3,8,3,X,2,W,2,0,P,FORD,FZT,4D,2,17,2604,,0,1030,,G,,F,4,121,,,16R205,,,,,,0,0,000000000,00000000000,0,0,0,1,0,0,0,0,0,0,0,999,0,0,0,12,6,2,12,0,0,1,1,6,90031,6,1,0,0,3,3,71,203,0,0,0,0,0,0,0,0,0,1,0,0,0,0,6,2,65,1,1,8,1,0,0,1,50,1,1,1,20,0,1
6,62531,2,2,1,19,11,2,16,12,1,1,0,6,2,37,32,37032,4,2001,JHMCG66841C0,J,H,M,C,G,6,6,8,4,1,C,0,0,P,HOND,UEX,4D,1,17,3075,,0,1069,,G,,F,4,138,,,15R195,,,,,,0,0,000000000,00000000000,0,0,0,1,0,0,0,0,0,0,0,0,0,0,0,6,6,2,12,0,0,0,1,6,90013,6,1,0,0,3,0,65,124,0,0,0,0,0,0,0,0,0,0,54,0,0,0,6,2,65,1,1,8,1,0,0,5,53,1,1,1,21,1,1
6,62532,1,1,1,3,11,18,45,33,0,1,0,37,1,72,706,72706,80,2003,1HD1GDV163K3,1,H,D,1,G,D,V,1,6,3,K,3,0,M,HD,FDL,RS,3,17,,,,,,,1450,,2,,4,612,,,,,,,0,0,000000000,00000000000,0,0,0,1,0,0,0,0,0,0,0,33,0,0,0,14,4,3,43,0,0,0,1,28,92058,6,1,0,0,3,0,70,140,0,0,0,0,0,0,0,0,0,0,48,0,0,0,1,2,35,3,8,1,1,0,0,14,13,1,1,4,1,1,1
6,62533,1,1,1,28,8,18,40,9,0,1,1,6,3,20,481,20481,31,2003,1GBHC29123E1,1,G,B,H,C,2,9,1,2,3,E,1,0,T,CHEV,2CH,4C,3,17,,2,1575,1435,SIL,D,,,8,403,,,,C,5393,01,,42,0,0,000000000,00000000000,0,0,0,1,0,0,0,0,0,0,0,999,0,0,0,12,4,3,9,0,0,0,1,6,91730,6,1,6,0,3,0,70,215,0,0,0,0,0,0,0,0,0,0,26,27,33,48,2,2,45,1,1,2,1,0,0,6,83,99,1,2,13,0,1
6,62534,1,1,1,12,12,22,42,8,0,1,0,6,2,12,471,12471,30,1997,1FTCR14A8VPB,1,F,T,C,R,1,4,A,8,V,P,B,0,T,FORD,RNS,PC,97,17,,1,0,1250,RNG,G,,,4,140,,,,B,3300,04,E,42,0,0,000000000,00000000000,0,0,0,1,0,0,0,0,0,0,0,998,0,0,0,12,2,1,8,0,0,0,1,6,90807,6,1,0,0,3,3,67,135,0,0,0,0,0,0,0,0,0,0,0,0,0,0,2,2,35,1,1,2,2,2,3,1,80,2,2,1,13,0,0
6,62535,1,1,1,28,12,20,40,35,0,1,0,6,2,18,4,18004,9,1993,999999999999,9,9,9,9,9,9,9,9,9,9,9,9,0,,,,,,,,,,,,,,,,,,,,,,,,,0,0,000000000,00000000000,0,0,0,1,0,0,0,0,0,0,0,65,0,0,0,12,4,3,35,0,0,0,1,6,92324,1,1,0,0,2,3,68,212,0,2,1,0,0,10,2010,6,2011,0,0,0,0,0,3,4,65,1,1,1,1,0,0,1,13,99,1,4,1,1,0
6,62536,1,1,2,11,11,1,36,33,0,1,0,6,2,7,482,7482,31,2008,1D7HA18238J1,1,D,7,H,A,1,8,2,3,8,J,1,0,T,DODG,SQ1,CW,8,17,,2,1605,1405,RPC,G,,,8,348,,,,B,4889,00,E,42,0,0,000000000,00000000000,0,0,0,1,0,0,0,0,0,0,0,998,0,0,0,98,6,2,46,0,0,0,1,6,92395,3,1,0,0,2,0,72,205,0,0,0,0,0,0,0,0,0,1,48,91,0,0,1,6,50,1,8,8,1,3,3,1,13,1,1,4,1,1,1
6,62537,1,2,3,29,12,20,14,12,6,1,0,6,2,37,31,37031,4,2009,19XFA16339E0,1,9,X,F,A,1,6,3,3,9,E,0,0,P,HOND,CVP,4D,9,17,2648,,0,1063,,G,,F,4,110,,,15R195,,,,,,0,0,000000000,00000000000,0,0,0,1,0,0,0,0,0,0,0,999,0,1,1,3,6,2,12,0,0,0,1,6,92377,0,0,0,0,0,0,68,140,0,0,0,0,0,0,0,0,0,0,52,0,0,0,1,2,50,1,1,2,2,0,0,1,10,99,4,2,66,2,0
6,62537,2,2,1,29,12,20,14,12,6,1,0,6,1,12,401,12401,14,2006,1FMEU62E66UA,1,F,M,E,U,6,2,E,6,6,U,A,0,P,FORD,EPR,UT,6,17,4310,,0,1137,,G,,F,6,244,,,16R235,,,,,,0,0,000000000,00000000000,0,0,0,1,0,0,0,0,0,0,0,998,0,0,0,12,6,2,12,0,0,0,1,6,92336,6,1,0,0,3,0,64,140,0,0,0,0,0,0,0,0,0,0,0,0,0,0,1,2,50,1,1,2,2,0,0,1,62,1,1,1,66,0,0
6,62538,1,2,2,21,4,1,58,12,2,1,0,6,1,37,32,37032,2,2006,1HGCM72696A0,1,H,G,C,M,7,2,6,9,6,A,0,0,P,HOND,UEX,CP,6,17,3155,,0,1051,,G,,F,4,146,,,16R205,,,,,,0,0,000000000,00000000000,0,0,0,1,0,0,0,0,0,0,0,998,0,0,0,12,6,2,12,0,0,0,1,6,94561,6,1,0,0,3,0,61,120,1,0,0,0,0,5,2010,5,2010,0,51,0,0,0,5,4,30,1,1,2,1,0,0,98,54,1,1,3,52,0,1
6,62538,2,2,2,21,4,1,58,12,2,1,0,6,1,35,39,35039,4,1992,JN1HJ01P6NT6,J,N,1,H,J,0,1,P,6,N,T,6,0,P,NISS,MGX,4D,92,17,3129,,0,1043,,G,,F,6,181,,,15R205,,,,,,0,0,000000000,00000000000,0,0,0,1,0,0,0,0,0,0,0,998,0,0,0,12,6,2,12,0,0,0,1,6,94605,6,1,0,0,3,0,67,160,0,0,0,0,1,11,2011,11,2011,0,0,0,0,0,5,4,30,1,1,2,1,0,0,1,54,1,1,1,52,1,0
6,62539,1,2,5,24,11,18,5,12,2,1,0,6,1,49,442,49442,20,2011,5TDDK3DCXBS0,5,T,D,D,K,3,D,C,X,B,S,0,0,P,TOYT,SIE,SV,11,17,4750,,0,1193,,G,,F,6,214,,,18R235,,,,,,0,0,000000000,00000000000,0,0,0,1,0,0,0,0,0,0,0,55,0,0,0,12,6,2,12,0,0,0,1,6,95667,6,1,0,0,3,0,66,140,0,0,0,0,0,0,0,0,0,0,0,0,0,0,1,4,55,1,5,2,1,0,0,1,62,1,1,1,51,1,0
6,62539,2,2,4,24,11,18,5,12,2,1,0,6,2,49,46,49046,4,2004,JTDKB20U0400,J,T,D,K,B,2,0,U,0,4,0,0,0,P,TOYT,PRI,4H,4,17,2890,,0,1063,,B,,F,4,091,,,14R175,,,,,,0,0,000000000,00000000000,0,0,0,1,0,0,0,0,0,0,0,999,0,1,1,12,6,2,12,0,0,0,1,6,94133,6,1,0,0,3,0,63,110,0,0,0,1,2,6,2011,11,2012,0,28,0,0,0,1,4,65,1,6,2,1,0,0,1,87,6,2,2,50,3,0
6,62540,1,3,1,4,8,12,7,12,6,1,0,6,1,12,401,12401,14,2000,1FMZU73E8YZA,1,F,M,Z,U,7,3,E,8,Y,Z,A,0,P,FORD,EPR,UT,0,17,4106,,0,1116,,G,,F,6,245,,,15R235,,,,,,0,0,000000000,00000000000,0,0,0,1,0,0,0,0,0,0,0,35,0,0,0,12,6,2,12,0,0,0,1,6,94541,6,1,0,0,3,1,70,180,0,0,0,0,2,4,2011,12,2011,0,39,0,0,0,1,6,35,1,1,2,1,3,3,1,17,1,1,1,86,0,0
6,62540,2,3,2,4,8,12,7,12,6,1,0,6,2,37,31,37031,4,1999,2HGEJ6678XH5,2,H,G,E,J,6,6,7,8,X,H,5,0,P,HOND,UCL,4D,99,17,2456,,0,1032,,G,,F,4,097,,,14R185,,,,,,0,0,000000000,00000000000,0,0,0,1,0,0,0,0,0,0,0,25,0,0,0,81,6,2,12,0,0,0,1,6,94912,6,1,0,0,3,0,60,135,0,0,0,0,0,0,0,0,0,0,0,0,0,0,1,4,25,1,1,2,1,3,3,1,66,1,1,1,87,1,0
6,62540,3,3,1,4,8,12,7,12,6,1,0,6,1,63,34,63034,4,2011,KNAGM4A77B51,K,N,A,G,M,4,A,7,7,B,5,1,0,P,KIA,OLX,4D,11,17,3206,,0,1071,,G,,F,4,144,,,16R205,,,,,,0,0,000000000,00000000000,0,0,0,1,0,0,0,0,0,0,0,0,0,0,0,12,2,1,12,0,0,0,1,6,94601,6,1,0,0,3,3,70,160,0,0,0,0,0,0,0,0,0,0,0,0,0,0,1,4,25,1,1,2,1,3,3,5,62,1,1,1,98,0,0
6,62541,1,1,1,11,7,2,7,8,0,1,1,6,1,35,47,35047,4,2007,1N4AL21EX7C1,1,N,4,A,L,2,1,E,X,7,C,1,0,P,NISS,ATS,4D,7,17,3042,,0,1093,,G,,F,4,153,,,16R215,,,,,,0,0,000000000,00000000000,0,0,0,1,0,0,0,0,0,0,0,55,0,0,0,12,4,1,8,0,0,0,1,6,93722,1,1,0,0,2,0,64,150,0,2,1,0,0,11,2009,3,2010,1,0,0,0,0,3,1,65,1,1,2,1,28,3,1,12,1,1,4,6,0,1
6,62542,1,3,1,1,8,17,4,12,1,1,0,0,0,20,481,20481,31,2005,1GCEK19BX5Z2,1,G,C,E,K,1,9,B,X,5,Z,2,0,T,CHEV,SK1,4C,5,17,,2,1575,1435,SIL,G,,,8,325,,,,B,4661,00,,44,0,0,000000000,00000000000,0,0,0,1,0,0,0,0,0,5,1,998,0,0,0,12,6,2,12,0,0,0,1,6,92223,6,1,0,0,3,0,79,280,0,0,0,0,0,0,0,0,0,1,16,0,0,0,3,3,65,1,8,8,1,0,0,1,51,1,1,1,24,0,0
6,62542,2,3,1,1,8,17,4,12,1,1,0,6,1,12,37,12037,6,2001,1FAFP36351W3,1,F,A,F,P,3,6,3,5,1,W,3,0,P,FORD,FSC,SW,1,17,2723,,0,1030,,G,,F,4,121,,,15R195,,,,,,0,0,000000000,00000000000,0,0,0,1,0,0,0,0,0,0,0,998,0,0,0,6,6,2,12,0,0,0,1,6,92220,6,1,0,0,3,3,76,210,0,0,0,0,0,0,0,0,0,0,0,0,0,0,3,3,65,1,8,8,1,0,0,1,53,1,1,1,25,1,0
6,62542,3,3,1,1,8,17,4,12,1,1,0,6,1,20,2,20002,4,2003,2G1WH52K0392,2,G,1,W,H,5,2,K,0,3,9,2,0,P,CHEV,IPL,4D,3,17,3466,,0,1105,,G,,F,6,231,,,16R225,,,,,,0,0,000000000,00000000000,0,0,0,1,0,0,0,0,0,0,0,998,0,0,0,6,4,3,12,0,0,0,1,6,92399,6,1,0,0,3,3,72,175,0,0,0,0,0,0,0,0,0,0,0,0,0,0,3,3,65,1,8,8,1,0,0,1,60,1,1,1,98,0,0
6,62543,1,1,2,17,8,1,55,42,0,1,0,6,1,37,31,37031,3,1991,2HGED7362MH5,2,H,G,E,D,7,3,6,2,M,H,5,0,P,HOND,CVS,2H,91,17,2291,,0,984,,G,,F,4,097,,,14R185,,,,,,0,0,000000000,00000000000,0,0,0,1,0,0,0,0,0,0,0,60,0,0,0,12,6,2,42,0,0,0,1,6,95116,1,1,0,0,2,0,75,135,1,1,0,0,1,3,2011,8,2011,1,37,0,0,0,3,2,30,2,1,2,1,0,0,14,12,1,1,4,6,1,0
6,62544,1,3,1,29,11,4,26,12,1,1,0,6,3,52,882,52882,61,1992,JW6CEG1G4NL0,J,W,6,C,E,G,1,G,4,N,L,0,0,T,MIFU,FH1,TB,92,17,,5,1799,1146,FH1,D,,,6,302,,,,,6395,01,,42,0,6,203992,06203992,2,1,1,1,0,0,0,0,0,0,0,63,0,0,0,12,6,2,12,0,0,0,1,6,90262,6,1,0,0,3,0,67,160,0,0,0,0,0,0,0,0,0,1,0,0,0,0,3,6,65,1,1,8,2,0,0,1,50,99,1,1,98,0,0
6,62544,2,3,1,29,11,4,26,12,1,1,0,6,2,49,46,49046,4,2008,JTDBT9235840,J,T,D,B,T,9,2,3,5,8,4,0,0,P,TOYT,YAR,4D,8,17,2293,,0,969,,G,,F,4,091,,,14R175,,,,,,0,0,000000000,00000000000,0,0,0,1,0,0,0,0,0,0,0,0,0,0,0,6,6,2,12,0,0,0,1,6,91342,6,1,0,0,3,3,67,180,0,0,0,0,0,0,0,0,0,0,0,0,0,0,3,6,65,1,1,8,2,0,0,7,53,1,1,1,21,1,0
6,62544,3,3,1,29,11,4,26,12,1,1,1,99,9,99,999,99999,99,9999,999999999999,9,9,9,9,9,9,9,9,9,9,9,9,0,,,,,,,,,,,,,,,,,,,,,,,,,0,0,000000000,00000000000,0,0,0,1,0,0,0,0,0,0,0,998,0,0,0,12,9,1,12,0,0,0,1,99,99999,9,9,99,9,9,9,999,999,99,99,99,99,99,99,9999,99,9999,1,0,0,0,0,3,6,65,1,1,8,2,0,0,1,50,99,1,1,20,0,0
6,62545,1,1,1,27,12,5,20,42,0,1,0,6,1,20,481,20481,31,1989,1GCDC14Z2KE2,1,G,C,D,C,1,4,Z,2,K,E,2,0,T,CHEV,GC1,PK,89,17,,1,1315,1175,GM4,G,,,6,262,,,,B,4114,08,,42,0,0,000000000,00000000000,0,0,0,1,0,0,0,0,0,0,0,998,0,0,0,12,6,2,42,0,0,0,1,6,92562,6,1,0,0,2,0,70,395,0,1,1,0,0,5,2012,5,2012,0,0,0,0,0,1,2,45,1,1,2,1,0,0,1,12,99,1,4,6,1,0
6,62546,1,4,1,14,8,20,3,30,0,1,0,6,2,49,482,49482,31,2004,5TBRT38164S4,5,T,B,R,T,3,8,1,6,4,S,4,0,T,TOYT,TXL,4C,4,17,,2,0,1283,TUN,G,,,8,285,,,,C,4450,00,U,42,0,0,000000000,00000000000,0,0,0,1,0,0,0,0,0,0,0,998,0,0,0,98,6,2,8,0,0,0,1,6,95747,6,1,6,0,3,0,64,190,0,0,0,0,0,0,0,0,0,0,37,48,0,0,2,2,35,3,1,2,1,2,3,14,13,1,1,4,1,0,1
6,62546,2,4,1,14,8,20,3,30,0,1,0,6,2,12,402,12402,14,2005,1FMYU03155KC,1,F,M,Y,U,0,3,1,5,5,K,C,0,P,FORD,SPE,UT,5,17,3304,,0,1031,,G,,F,6,183,,,16R235,,,,,,0,0,000000000,00000000000,0,0,0,1,0,0,0,0,0,0,0,998,0,0,0,98,6,2,12,0,0,0,1,6,95747,6,1,0,0,3,0,67,150,0,0,0,0,0,0,0,0,0,0,0,0,0,0,2,2,35,1,1,2,1,2,3,11,62,1,1,1,98,0,0
6,62546,3,4,2,14,8,20,3,30,0,1,0,6,1,20,441,20441,20,1994,1GNDM19W4RB1,1,G,N,D,M,1,9,W,4,R,B,1,0,T,CHEV,AST,ES,94,17,,1,0,1110,AST,G,,,6,262,,,,B,4064,00,,42,0,0,000000000,00000000000,0,0,0,1,0,0,0,0,0,0,0,0,0,0,0,98,4,3,12,0,0,0,1,6,95648,6,1,0,0,3,0,65,230,0,0,0,0,0,0,0,0,0,0,0,0,0,0,1,2,25,1,1,2,1,2,3,5,66,1,1,1,98,0,0
6,62546,4,4,1,14,8,20,3,30,0,1,0,6,1,37,32,37032,4,2011,1HGCP2F70BA0,1,H,G,C,P,2,F,7,0,B,A,0,0,P,HOND,UEX,4D,11,17,3375,,0,1102,,G,,F,4,146,,,17R225,,,,,,0,0,000000000,00000000000,0,0,0,1,0,0,0,0,0,0,0,998,0,0,0,98,2,3,12,0,0,0,1,6,95991,6,1,0,0,3,0,64,120,0,0,0,0,0,0,0,0,0,0,0,0,0,0,1,2,25,1,1,2,1,2,3,10,66,1,1,1,98,0,0